發生年度,發生月,發生日,發生時-Hours,發生分,處理別-編號,區序,肇事地點,死亡人數,2-30日死亡人數,受傷人數,當事人序號,車種,天候,光線,道路類別,速限-速度限制,道路型態,事故位置,路面狀況1,路面狀況2,路面狀況3,道路障礙1,道路障礙2,號誌1,號誌2,車道劃分-分向,車道劃分-分道1,車道劃分-分道2,車道劃分-分道3,事故類型及型態,性別,年齡,受傷程度,主要傷處,安全帽,行動電話,車輛用途,當事者行動狀態,駕駛資格情形,駕駛執照種類,飲酒情形,車輛撞擊部位1,車輛撞擊部位2,肇因碼-個別,肇因碼-主要,個人肇逃否,職業,旅次目的,座標-X,座標-Y
111,1,2,19,56,2,09北投區,北投區承德路7段303號,0,0,1,2,C03,8,3,5,50,15,8,1,5,4,5,7,4,4,3,4,3,2,12,2,20,2,8,3,4,7,9,1,10,2,14,,44,9,1,22,9,121.5041585,25.11694507
111,1,2,20,10,2,05中正區,中正區羅斯福路3段242號,0,0,1,1,A02,6,3,5,40,14,9,1,4,4,5,7,1,1,3,4,5,2,9,1,40,3,10,1,1,7,1,1,2,1,15,,44,44,1,22,9,121.5313107,25.01767628
111,1,2,20,10,2,05中正區,中正區羅斯福路3段242號,0,0,1,2,H02,6,3,5,40,14,9,1,4,4,5,7,1,1,3,4,5,2,9,2,72,2,5,4,5,7,17,8,20,10,16,,67,44,1,22,9,121.5313107,25.01767628
111,1,2,20,40,2,08士林區,士林區延平北路6段與中正路口,0,0,2,1,C03,8,3,5,50,14,9,1,5,4,5,7,4,4,10,4,5,1,13,2,50,2,2,1,1,7,9,1,10,2,12,,42,42,1,22,9,121.5091689,25.08703113
111,1,2,20,40,2,08士林區,士林區延平北路6段與中正路口,0,0,2,2,C03,8,3,5,50,14,9,1,5,4,5,7,4,4,10,4,5,1,13,1,19,2,5,1,1,7,9,1,10,2,12,,23,42,1,22,9,121.5091689,25.08703113
111,1,2,21,22,2,10文山區,文山區新光路1段37號前,0,0,1,1,C03,6,3,5,50,14,9,1,4,4,5,7,4,4,9,4,5,2,17,1,19,2,8,1,1,7,9,1,10,2,12,,23,23,1,22,9,121.5737702,24.98950993
111,1,2,21,22,2,10文山區,文山區新光路1段37號前,0,0,1,2,C03,6,3,5,50,14,9,1,4,4,5,7,4,4,9,4,5,2,17,4,,4,11,3,4,7,15,7,19,11,15,,44,23,2,22,9,121.5737702,24.98950993
111,1,2,21,22,2,10文山區,文山區新光路1段37號前,0,0,1,3,B03,6,3,5,50,14,9,1,4,4,5,7,4,4,9,4,5,2,17,1,36,3,10,3,1,7,13,1,8,11,7,,44,23,1,22,9,121.5737702,24.98950993
111,1,2,21,25,2,10文山區,文山區辛亥路7段與忠順街1段口,0,0,1,1,B01,6,3,5,50,14,9,1,4,4,5,7,1,1,5,4,5,2,16,1,47,3,10,1,1,7,5,1,4,2,1,,6,6,1,22,9,121.5540498,24.9832794
111,1,2,21,25,2,10文山區,文山區辛亥路7段與忠順街1段口,0,0,1,2,C03,6,3,5,50,14,9,1,4,4,5,7,1,1,5,4,5,2,16,1,41,2,8,1,1,7,9,1,10,2,11,,44,6,1,22,9,121.5540498,24.9832794
111,1,2,21,36,2,03中山區,中山區民權東路3段與復興北路口,0,0,2,1,C03,7,3,5,50,4,2,1,5,4,5,7,1,1,3,4,5,2,3,1,27,2,8,1,1,7,6,1,10,1,14,,15,15,1,22,9,121.544125,25.06191827
111,1,2,21,36,2,03中山區,中山區民權東路3段與復興北路口,0,0,2,2,H01,7,3,5,50,4,2,1,5,4,5,7,1,1,3,4,5,2,3,2,55,2,8,4,5,8,16,8,20,1,16,,67,15,1,22,9,121.544125,25.06191827
111,1,2,21,47,2,07信義區,信義區松仁路與忠孝東路5段236巷2弄口,0,0,2,1,F01,7,3,5,50,3,1,1,5,4,5,7,4,4,1,4,4,2,15,1,44,2,5,1,1,7,9,8,20,1,16,,6,6,1,22,9,121.5685599,25.04050684
111,1,2,21,47,2,07信義區,信義區松仁路與忠孝東路5段236巷2弄口,0,0,2,2,C03,7,3,5,50,3,1,1,5,4,5,7,4,4,1,4,4,2,15,1,18,3,10,3,4,7,9,1,10,1,12,,44,6,1,22,9,121.5685599,25.04050684
111,1,2,21,47,2,07信義區,信義區松仁路與忠孝東路5段236巷2弄口,0,0,2,3,H02,7,3,5,50,3,1,1,5,4,5,7,4,4,1,4,4,2,15,2,20,2,8,4,5,7,20,8,20,10,16,,67,6,1,22,9,121.5685599,25.04050684
111,1,2,22,4,2,05中正區,中正區中華路1段與忠孝西路1段口,0,0,1,1,B03,7,3,5,50,5,1,1,5,4,5,7,2,1,1,4,1,2,12,1,45,3,10,1,1,7,7,1,8,2,4,,7,7,1,22,9,121.5101857,25.04813298
111,1,2,22,4,2,05中正區,中正區中華路1段與忠孝西路1段口,0,0,1,2,C03,7,3,5,50,5,1,1,5,4,5,7,2,1,1,4,1,2,12,2,45,2,9,1,1,7,8,1,10,2,12,,7,7,1,22,9,121.5101857,25.04813298
111,1,2,22,12,2,03中山區,中山區堤頂大道2段與樂群一路口,0,0,2,1,B03,8,3,5,70,4,1,1,5,4,5,7,1,1,3,4,1,2,11,1,33,2,9,1,1,7,5,1,8,1,1,8,25,25,1,22,9,121.5686472,25.07738147
111,1,2,22,12,2,03中山區,中山區堤頂大道2段與樂群一路口,0,0,2,2,C01,8,3,5,70,4,1,1,5,4,5,7,1,1,3,4,1,2,11,1,24,2,9,1,1,7,9,1,9,1,11,14,44,25,1,22,9,121.5686472,25.07738147
111,1,2,22,25,2,08士林區,士林區基河路與基河路251巷口,0,0,1,1,B12,8,3,5,50,4,2,1,5,4,5,7,2,1,5,4,5,1,16,1,33,3,10,1,1,7,11,1,8,2,4,,10,10,1,22,9,121.5215427,25.09134059
111,1,2,22,25,2,08士林區,士林區基河路與基河路251巷口,0,0,1,2,C03,8,3,5,50,4,2,1,5,4,5,7,2,1,5,4,5,1,16,1,18,2,9,1,1,7,9,1,10,2,12,,27,10,1,22,9,121.5215427,25.09134059
111,1,2,22,32,2,12內湖區,內湖區五分街與安康路口口,0,0,3,1,C03,6,3,5,30,4,1,1,4,4,5,7,4,4,5,4,5,2,15,1,56,2,8,1,1,7,9,1,10,1,12,,6,6,1,22,9,121.6152482,25.06733033
111,1,2,22,32,2,12內湖區,內湖區五分街與安康路口口,0,0,3,2,C03,6,3,5,30,4,1,1,4,4,5,7,4,4,5,4,5,2,15,1,25,2,8,1,1,7,9,1,10,1,11,,14,6,1,22,9,121.6152482,25.06733033
111,1,2,22,32,2,12內湖區,內湖區五分街與安康路口口,0,0,3,3,H02,6,3,5,30,4,1,1,4,4,5,7,4,4,5,4,5,2,15,2,23,2,8,4,5,7,21,8,20,10,16,,67,6,1,22,9,121.6152482,25.06733033
111,1,3,0,16,2,02萬華區,萬華區永福街與昆明街口,0,0,1,1,B03,8,4,5,50,4,1,1,5,4,5,7,1,1,10,4,5,2,15,1,38,3,10,1,1,7,9,1,8,2,8,,25,25,1,22,9,121.5039314,25.0384791
111,1,3,0,16,2,02萬華區,萬華區永福街與昆明街口,0,0,1,2,C03,8,4,5,50,4,1,1,5,4,5,7,1,1,10,4,5,2,15,1,39,2,9,1,1,7,9,1,10,1,11,,44,25,1,22,9,121.5039314,25.0384791
111,1,3,0,45,2,10文山區,文山區萬芳路52-2號對面,0,0,1,1,C03,6,3,5,40,11,9,1,4,4,5,7,4,4,5,4,5,2,18,1,20,2,9,1,1,7,9,1,10,2,11,,13,13,1,22,9,121.5711146,24.99773806
111,1,3,0,45,2,10文山區,文山區萬芳路52-2號對面,0,0,1,3,B03,6,3,5,40,11,9,1,4,4,5,7,4,4,5,4,5,2,18,1,57,3,10,3,4,7,13,1,8,11,8,,44,13,1,22,9,121.5711146,24.99773806
111,1,3,0,45,2,10文山區,文山區萬芳路52-2號對面,0,0,1,2,,6,3,5,40,11,9,1,4,4,5,7,4,4,5,4,5,2,18,3,,,,,,,,,,,,,67,13,1,,,121.5711146,24.99773806
111,1,3,6,30,2,08士林區,士林區延平北路7段106巷延平河濱281燈桿,0,0,2,1,C03,8,1,5,30,14,9,1,5,4,5,7,4,4,10,5,5,1,10,1,40,2,9,3,4,7,9,1,10,3,11,,5,5,1,22,9,121.4961646,25.10113106
111,1,3,6,30,2,08士林區,士林區延平北路7段106巷延平河濱281燈桿,0,0,2,2,C03,8,1,5,30,14,9,1,5,4,5,7,4,4,10,5,5,1,10,1,39,2,9,3,4,7,9,1,9,2,11,,5,5,1,22,9,121.4961646,25.10113106
111,1,3,6,30,2,08士林區,士林區延平北路7段106巷延平河濱281燈桿,0,0,2,3,,8,1,5,30,14,9,1,5,4,5,7,4,4,10,5,5,1,10,3,,,,,,,,,,,,,67,5,1,,,121.4961646,25.10113106
111,1,3,6,45,2,10文山區,文山區指南路2段197巷與指南路2段口,0,0,1,1,C03,8,1,5,30,11,9,1,5,4,5,7,1,1,5,5,5,2,18,2,27,2,8,3,4,7,9,1,10,1,12,,43,43,1,21,8,121.5783334,24.98712831
111,1,3,6,45,2,10文山區,文山區指南路2段197巷與指南路2段口,0,0,1,2,,8,1,5,30,11,9,1,5,4,5,7,1,1,5,5,5,2,18,3,,,,,,,,,,,,,67,43,1,,,121.5783334,24.98712831
111,1,3,7,38,2,05中正區,中正區中華路2段與中華路2段303巷口,0,0,2,1,C03,8,1,5,50,14,9,1,5,4,5,7,1,1,9,4,4,2,11,2,63,2,9,1,1,7,5,1,10,2,12,,6,6,1,22,9,121.5049376,25.0292954
111,1,3,7,38,2,05中正區,中正區中華路2段與中華路2段303巷口,0,0,2,2,C02,8,1,5,50,14,9,1,5,4,5,7,1,1,9,4,4,2,11,1,31,2,9,1,1,7,9,1,9,2,11,,42,6,1,22,9,121.5049376,25.0292954
111,1,3,7,49,2,03中山區,中山區大直橋往北上坡處,0,0,1,1,C03,8,1,5,50,14,11,1,5,4,5,7,4,4,1,4,5,2,13,1,19,3,10,1,4,7,9,1,10,1,11,,16,16,1,22,9,121.5444211,25.07394163
111,1,3,7,49,2,03中山區,中山區大直橋往北上坡處,0,0,1,2,C03,8,1,5,50,14,11,1,5,4,5,7,4,4,1,4,5,2,13,2,43,2,8,1,4,7,9,1,10,1,13,,44,16,1,22,9,121.5444211,25.07394163
111,1,3,7,49,2,03中山區,中山區大直橋往北上坡處,0,0,1,3,C03,8,1,5,50,14,11,1,5,4,5,7,4,4,1,4,5,2,13,1,28,3,10,1,4,7,9,1,9,1,12,,16,16,1,22,9,121.5444211,25.07394163
111,1,3,7,49,2,03中山區,中山區大直橋往北上坡處,0,0,1,4,C03,8,1,5,50,14,11,1,5,4,5,7,4,4,1,4,5,2,13,1,40,3,10,1,4,7,15,6,10,1,15,,44,16,1,22,9,121.5444211,25.07394163
111,1,3,8,5,2,06松山區,松山區南京東路5段與塔悠路口,0,0,1,1,B03,8,1,5,50,4,1,1,5,4,5,7,1,1,1,4,5,2,16,1,45,3,10,1,1,7,6,1,8,1,5,,9,9,1,22,9,121.5704581,25.0514536
111,1,3,8,5,2,06松山區,松山區南京東路5段與塔悠路口,0,0,1,2,C03,8,1,5,50,4,1,1,5,4,5,7,1,1,1,4,5,2,16,1,22,2,8,1,1,7,9,1,10,1,14,,44,9,1,22,9,121.5704581,25.0514536
111,1,3,8,5,2,11南港區,南港區研究院路4段184號,0,0,1,1,C03,7,1,5,30,14,9,1,5,4,1,7,4,4,5,4,5,2,13,2,26,2,8,1,1,7,9,1,10,1,11,,42,42,1,21,8,121.5810194,25.01294849
111,1,3,8,5,2,11南港區,南港區研究院路4段184號,0,0,1,2,C03,7,1,5,30,14,9,1,5,4,1,7,4,4,5,4,5,2,13,1,37,3,10,1,1,7,9,1,10,2,13,,44,42,1,21,8,121.5810194,25.01294849
111,1,3,8,8,2,02萬華區,萬華區環河南路1段與漢口街2段口,0,0,2,1,B03,8,1,5,50,3,1,1,5,4,5,7,3,1,9,4,5,2,17,1,54,3,10,1,1,7,5,1,8,2,2,,6,6,1,22,9,121.503709,25.04646851
111,1,3,8,8,2,02萬華區,萬華區環河南路1段與漢口街2段口,0,0,2,2,C03,8,1,5,50,3,1,1,5,4,5,7,3,1,9,4,5,2,17,1,34,2,9,1,1,7,9,1,10,2,11,,14,6,1,22,9,121.503709,25.04646851
111,1,3,8,8,2,02萬華區,萬華區環河南路1段與漢口街2段口,0,0,2,3,H02,8,1,5,50,3,1,1,5,4,5,7,3,1,9,4,5,2,17,2,27,2,9,4,5,7,20,8,20,10,15,,67,6,1,22,9,121.503709,25.04646851
111,1,3,8,9,2,07信義區,信義區和平東路3段與和平東路3段531巷口,0,0,1,1,G03,7,1,5,30,4,1,1,5,4,5,7,4,4,10,5,5,1,16,1,66,3,10,1,1,7,21,7,19,1,15,,6,6,1,22,9,121.5605273,25.01638669
111,1,3,8,9,2,07信義區,信義區和平東路3段與和平東路3段531巷口,0,0,1,2,C03,7,1,5,30,4,1,1,5,4,5,7,4,4,10,5,5,1,16,1,28,2,9,1,1,7,9,1,10,1,11,,13,6,1,22,9,121.5605273,25.01638669
111,1,3,8,9,2,07信義區,信義區和平東路3段與和平東路3段531巷口,0,0,1,3,B03,7,1,5,30,4,1,1,5,4,5,7,4,4,10,5,5,1,16,1,42,3,10,3,4,7,13,1,8,9,1,,44,6,1,22,9,121.5605273,25.01638669
111,1,3,8,29,2,03中山區,中山區敬業三路與樂群一路口,0,0,1,1,C03,8,1,5,50,4,1,1,5,4,5,7,2,1,1,1,5,2,12,2,46,2,9,3,4,7,14,4,11,1,14,,26,26,1,22,9,121.5562853,25.07730623
111,1,3,8,29,2,03中山區,中山區敬業三路與樂群一路口,0,0,1,2,B03,8,1,5,50,4,1,1,5,4,5,7,2,1,1,1,5,2,12,2,31,3,10,3,4,7,9,1,8,1,5,,44,26,1,22,9,121.5562853,25.07730623
111,1,3,8,43,2,03中山區,中山區北安路與大直橋口,0,0,1,2,C03,8,1,5,0,10,9,1,3,4,5,7,4,4,1,5,5,2,17,1,43,2,9,1,1,7,9,1,10,1,14,,44,34,1,22,9,121.5443567,25.07937492
111,1,3,8,43,2,03中山區,中山區北安路與大直橋口,0,0,1,1,A41,8,1,5,0,10,9,1,3,4,5,7,4,4,1,5,5,2,17,1,59,3,10,1,1,7,6,1,1,11,15,,34,34,1,22,9,121.5443567,25.07937492
111,1,3,8,44,2,09北投區,北投區承德路6段與福國路口,0,0,2,1,C03,8,1,5,60,4,1,1,5,4,5,7,2,1,1,4,4,1,12,1,18,2,9,1,1,7,9,1,10,1,11,,23,23,1,22,9,121.5122444,25.1015968
111,1,3,8,44,2,09北投區,北投區承德路6段與福國路口,0,0,2,2,C03,8,1,5,60,4,1,1,5,4,5,7,2,1,1,4,4,1,12,1,28,2,7,1,1,7,9,1,10,1,14,,44,23,1,22,9,121.5122444,25.1015968
111,1,3,8,44,2,09北投區,北投區承德路6段與福國路口,0,0,2,3,B03,8,1,5,60,4,1,1,5,4,5,7,2,1,1,4,4,1,12,1,41,3,10,1,1,7,6,1,8,1,3,,9,23,1,22,9,121.5122444,25.1015968
111,1,3,8,45,2,12內湖區,內湖區港墘路與港墘路221巷口,0,0,2,1,C03,8,1,5,50,3,1,1,5,4,5,7,4,4,10,4,5,2,12,2,45,2,9,1,1,7,6,1,10,1,12,,9,9,1,22,9,121.5736416,25.07503034
111,1,3,8,45,2,12內湖區,內湖區港墘路與港墘路221巷口,0,0,2,2,C03,8,1,5,50,3,1,1,5,4,5,7,4,4,10,4,5,2,12,2,28,2,9,1,1,7,9,1,10,1,11,,44,9,1,22,9,121.5736416,25.07503034
111,1,3,8,46,2,02萬華區,萬華區西園路2段228號,0,0,1,1,C03,8,1,5,50,14,9,1,5,4,5,7,4,4,1,4,5,2,17,1,28,2,8,1,1,7,9,1,10,1,12,,13,13,1,22,9,121.4954965,25.02856992
111,1,3,8,46,2,02萬華區,萬華區西園路2段228號,0,0,1,2,B01,8,1,5,50,14,9,1,5,4,5,7,4,4,1,4,5,2,17,1,57,3,10,1,1,7,9,1,2,11,15,,44,13,1,22,9,121.4954965,25.02856992
111,1,3,8,50,2,01大同區,大同區承德路2段與民權西路口,0,0,1,1,C03,8,1,5,50,4,1,1,5,4,5,7,2,1,1,5,5,2,13,2,22,2,7,1,1,7,9,1,10,2,11,,16,16,1,22,9,121.5180913,25.06280919
111,1,3,8,50,2,01大同區,大同區承德路2段與民權西路口,0,0,1,2,B03,8,1,5,50,4,1,1,5,4,5,7,2,1,1,5,5,2,13,1,33,3,10,1,1,7,14,1,8,2,3,,44,16,1,22,9,121.5180913,25.06280919
111,1,3,8,55,2,07信義區,信義區基隆路2段131-11號,0,0,1,1,C03,7,1,5,50,14,9,1,5,4,5,7,4,4,1,4,5,1,13,2,28,2,9,1,1,7,9,1,10,1,11,,16,16,1,22,9,121.5564731,25.02775409
111,1,3,8,55,2,07信義區,信義區基隆路2段131-11號,0,0,1,2,B03,7,1,5,50,14,9,1,5,4,5,7,4,4,1,4,5,1,13,1,39,3,10,1,1,7,9,1,8,1,3,,44,16,1,22,9,121.5564731,25.02775409
111,1,3,8,55,2,07信義區,信義區基隆路2段131-11號,0,0,1,3,,7,1,5,50,14,9,1,5,4,5,7,4,4,1,4,5,1,13,3,,,,,,,,,,,,,67,16,1,,,121.5564731,25.02775409
111,1,3,9,0,2,06松山區,松山區民權東路4段與敦化北路口以南,0,0,2,1,C03,8,1,5,50,14,9,1,5,4,5,7,1,1,4,5,1,2,17,1,35,2,9,1,1,7,9,1,10,1,11,,16,16,1,22,9,121.5509062,25.06116857
111,1,3,9,0,2,06松山區,松山區民權東路4段與敦化北路口以南,0,0,2,2,C03,8,1,5,50,14,9,1,5,4,5,7,1,1,4,5,1,2,17,1,39,2,8,1,1,7,12,1,10,1,13,,44,16,1,22,9,121.5509062,25.06116857
111,1,3,9,11,2,04大安區,大安區羅斯福路3段(捷運公館3號出口),0,0,2,1,C03,8,1,5,50,14,9,1,5,4,5,7,2,1,8,3,5,1,16,1,52,3,10,1,1,7,8,1,10,1,12,,7,7,1,22,9,121.5331611,25.01597871
111,1,3,9,11,2,04大安區,大安區羅斯福路3段(捷運公館3號出口),0,0,2,2,C03,8,1,5,50,14,9,1,5,4,5,7,2,1,8,3,5,1,16,1,26,2,9,1,1,7,9,1,10,1,14,,44,7,1,22,9,121.5331611,25.01597871
111,1,3,9,11,2,04大安區,大安區羅斯福路3段(捷運公館3號出口),0,0,2,3,H02,8,1,5,50,14,9,1,5,4,5,7,2,1,8,3,5,1,16,2,54,2,8,4,5,7,21,8,20,10,16,,67,7,1,22,9,121.5331611,25.01597871
111,1,3,9,15,2,10文山區,文山區興隆路1段13號前,0,0,1,2,C03,8,1,5,50,14,9,1,5,4,5,5,4,4,5,4,5,2,16,1,31,2,9,1,1,7,9,1,10,2,11,,44,19,1,22,9,121.5392056,25.0043117
111,1,3,9,15,2,10文山區,文山區興隆路1段13號前,0,0,1,1,B03,8,1,5,50,14,9,1,5,4,5,5,4,4,5,4,5,2,16,1,33,3,10,1,1,7,1,1,8,2,4,,19,19,1,22,9,121.5392056,25.0043117
111,1,3,9,20,2,08士林區,士林區格致路與建業路口,0,0,1,1,A12,8,1,5,40,3,1,1,5,4,5,7,2,1,4,5,5,2,17,1,27,3,10,1,1,7,6,1,2,1,2,,9,9,1,22,9,121.546098,25.1356849
111,1,3,9,20,2,08士林區,士林區格致路與建業路口,0,0,1,2,C02,8,1,5,40,3,1,1,5,4,5,7,2,1,4,5,5,2,17,1,22,2,9,1,1,7,9,4,10,1,11,,44,9,1,22,9,121.546098,25.1356849
111,1,3,9,20,2,11南港區,南港區松河街與向陽路258巷口,0,0,2,1,C03,8,1,5,40,5,1,1,5,4,5,7,2,1,4,3,5,1,17,1,34,2,7,3,4,7,7,1,10,1,12,,7,7,1,22,9,121.5971201,25.05849991
111,1,3,9,20,2,11南港區,南港區松河街與向陽路258巷口,0,0,2,2,C03,8,1,5,40,5,1,1,5,4,5,7,2,1,4,3,5,1,17,2,36,2,7,3,4,7,9,1,10,1,12,,44,7,1,22,9,121.5971201,25.05849991
111,1,3,9,38,2,04大安區,大安區忠孝東路3段217巷2弄與忠孝東路3段237巷口,0,0,1,1,B03,8,1,5,30,4,1,1,5,4,5,7,4,4,10,5,5,2,15,2,44,3,10,1,1,7,9,1,8,1,5,,6,6,1,22,9,121.5406997,25.04231977
111,1,3,9,38,2,04大安區,大安區忠孝東路3段217巷2弄與忠孝東路3段237巷口,0,0,1,2,C03,8,1,5,30,4,1,1,5,4,5,7,4,4,10,5,5,2,15,1,30,2,7,1,1,7,9,1,10,1,14,,14,6,1,22,9,121.5406997,25.04231977
111,1,3,9,50,2,12內湖區,內湖區康樂街與康樂街191巷口,0,0,1,1,C03,8,1,5,50,3,2,1,5,4,5,7,4,4,5,5,5,2,16,1,60,2,1,1,1,7,11,1,10,1,14,,10,10,1,22,9,121.6202078,25.07550496
111,1,3,9,50,2,12內湖區,內湖區康樂街與康樂街191巷口,0,0,1,2,B01,8,1,5,50,3,2,1,5,4,5,7,4,4,5,5,5,2,16,2,27,3,10,1,1,7,9,1,4,1,5,,44,10,1,22,9,121.6202078,25.07550496
111,1,3,9,59,2,03中山區,中山區南京東路2段與南京東路2段115巷口,0,0,2,1,B03,8,1,5,50,14,7,1,5,4,5,7,4,4,1,4,4,2,17,1,41,3,10,3,4,7,7,1,8,1,15,,7,7,1,22,9,121.53379,25.05209856
111,1,3,9,59,2,03中山區,中山區南京東路2段與南京東路2段115巷口,0,0,2,2,C03,8,1,5,50,14,7,1,5,4,5,7,4,4,1,4,4,2,17,1,56,2,9,1,4,7,9,1,10,1,15,,44,7,1,22,9,121.53379,25.05209856
111,1,3,9,59,2,03中山區,中山區南京東路2段與南京東路2段115巷口,0,0,2,3,H02,8,1,5,50,14,7,1,5,4,5,7,4,4,1,4,4,2,17,2,51,2,9,1,5,7,20,8,20,10,16,,67,7,1,22,9,121.53379,25.05209856
111,1,3,10,6,2,10文山區,文山區景文街與景中街口口,0,0,1,1,B01,8,1,5,50,4,1,1,5,4,5,7,2,1,5,5,5,2,3,1,69,3,10,1,1,7,5,1,4,2,4,,43,43,1,22,9,121.5413932,24.99291379
111,1,3,10,6,2,10文山區,文山區景文街與景中街口口,0,0,1,2,H01,8,1,5,50,4,1,1,5,4,5,7,2,1,5,5,5,2,3,1,64,2,9,4,5,8,16,8,20,10,16,,67,43,1,22,9,121.5413932,24.99291379
111,1,3,10,15,2,08士林區,士林區延平北路5段與葫蘆街口,0,0,1,1,C03,8,1,5,50,4,2,1,5,4,5,7,1,1,1,4,5,2,16,2,38,3,10,1,1,7,1,1,10,2,14,,19,19,1,22,9,121.5098918,25.08424887
111,1,3,10,15,2,08士林區,士林區延平北路5段與葫蘆街口,0,0,1,2,C03,8,1,5,50,4,2,1,5,4,5,7,1,1,1,4,5,2,16,1,44,2,9,1,1,7,9,1,10,2,11,,44,19,1,22,9,121.5098918,25.08424887
111,1,3,10,40,2,08士林區,士林區中正路與承德路4段口(往承德路4段引道口),0,0,1,1,B03,8,1,5,50,3,2,1,5,4,5,7,4,4,3,4,5,2,16,2,38,3,10,1,1,7,8,1,8,1,6,,7,7,1,22,9,121.5156964,25.090438
111,1,3,10,40,2,08士林區,士林區中正路與承德路4段口(往承德路4段引道口),0,0,1,2,C03,8,1,5,50,3,2,1,5,4,5,7,4,4,3,4,5,2,16,1,67,2,9,1,1,7,9,1,10,1,14,,44,7,1,22,9,121.5156964,25.090438
111,1,3,10,41,2,01大同區,大同區民生西路338號,0,0,1,1,C03,8,1,5,50,14,9,1,5,4,5,7,4,4,10,5,5,2,12,2,20,2,9,1,1,7,7,1,10,2,13,,7,7,1,22,9,121.511062,25.05694186
111,1,3,10,41,2,01大同區,大同區民生西路338號,0,0,1,2,B02,8,1,5,50,14,9,1,5,4,5,7,4,4,10,5,5,2,12,1,39,3,10,1,1,7,9,1,8,2,5,,25,7,1,22,9,121.511062,25.05694186
111,1,3,10,47,2,09北投區,北投區新興路123號與崗山路8巷口,0,0,1,1,B01,8,1,5,30,3,1,1,5,4,5,7,4,4,10,5,5,2,11,1,69,3,10,1,1,7,6,1,4,2,8,,26,26,1,22,9,121.4871292,25.14022695
111,1,3,10,47,2,09北投區,北投區新興路123號與崗山路8巷口,0,0,1,2,C04,8,1,5,30,3,1,1,5,4,5,7,4,4,10,5,5,2,11,2,69,2,9,1,1,7,6,1,10,2,11,,23,26,1,22,9,121.4871292,25.14022695
111,1,3,11,15,2,08士林區,士林區德行東路193號前,0,0,1,1,C03,8,1,5,50,14,9,1,5,4,5,7,4,4,5,5,5,1,16,1,48,3,10,1,1,7,5,1,10,1,11,,8,8,1,21,8,121.5318456,25.10893246
111,1,3,11,15,2,08士林區,士林區德行東路193號前,0,0,1,2,C03,8,1,5,50,14,9,1,5,4,5,7,4,4,5,5,5,1,16,1,23,2,9,1,1,7,9,1,10,1,14,,44,8,1,21,8,121.5318456,25.10893246
111,1,3,12,20,2,09北投區,北投區大度路1段155號,0,0,2,1,C03,8,1,5,50,14,12,1,5,4,5,7,4,4,1,4,3,1,13,1,29,2,9,1,1,7,9,1,10,1,11,,16,16,1,22,9,121.4939201,25.12128107
111,1,3,12,20,2,09北投區,北投區大度路1段155號,0,0,2,2,C03,8,1,5,50,14,12,1,5,4,5,7,4,4,1,4,3,1,13,1,28,2,9,1,1,7,9,1,10,1,13,,44,16,1,22,9,121.4939201,25.12128107
111,1,3,12,24,2,10文山區,文山區指南路3段26號旁,0,0,1,1,B03,8,1,5,30,14,9,1,5,4,5,7,4,4,10,5,5,2,17,1,33,3,10,1,1,7,9,1,8,1,2,,23,23,1,22,9,121.579943,24.98329985
111,1,3,12,24,2,10文山區,文山區指南路3段26號旁,0,0,1,2,C03,8,1,5,30,14,9,1,5,4,5,7,4,4,10,5,5,2,17,1,66,2,8,1,1,7,9,1,10,1,14,,44,23,1,22,9,121.579943,24.98329985
111,1,3,12,28,2,07信義區,信義區忠孝東路5段739號與忠孝東路5段口前,0,0,1,1,C03,8,1,5,50,5,1,1,5,4,5,7,1,1,3,4,5,2,16,2,48,2,9,2,1,7,7,1,10,1,14,,42,42,1,22,9,121.5810693,25.04308815
111,1,3,12,28,2,07信義區,信義區忠孝東路5段739號與忠孝東路5段口前,0,0,1,2,C03,8,1,5,50,5,1,1,5,4,5,7,1,1,3,4,5,2,16,1,24,3,10,1,1,7,9,1,10,1,12,,44,42,1,22,9,121.5810693,25.04308815
111,1,3,12,54,2,01大同區,大同區重慶北路1段與鄭州路口,0,0,2,1,C03,7,1,5,0,4,2,1,5,4,5,7,2,1,1,4,5,1,12,4,,4,11,3,4,7,15,7,19,11,15,,43,43,2,22,9,121.5132066,25.04957995
111,1,3,12,54,2,01大同區,大同區重慶北路1段與鄭州路口,0,0,2,2,C03,7,1,5,0,4,2,1,5,4,5,7,2,1,1,4,5,1,12,1,66,2,9,3,4,7,9,3,18,9,14,,43,43,1,22,9,121.5132066,25.04957995
111,1,3,12,54,2,01大同區,大同區重慶北路1段與鄭州路口,0,0,2,3,H02,7,1,5,0,4,2,1,5,4,5,7,2,1,1,4,5,1,12,2,64,2,9,3,5,7,20,8,20,10,16,,67,43,1,22,9,121.5132066,25.04957995
111,1,3,13,20,2,03中山區,中山區民權東路2段與建國北路3段口,0,0,1,1,C03,8,1,5,50,4,1,1,5,4,5,7,2,1,1,1,5,2,17,1,72,2,9,1,4,7,9,1,10,1,11,,42,42,1,22,9,121.5369153,25.06249512
111,1,3,13,20,2,03中山區,中山區民權東路2段與建國北路3段口,0,0,1,2,C03,8,1,5,50,4,1,1,5,4,5,7,2,1,1,1,5,2,17,1,72,3,10,1,4,7,14,1,10,1,13,,44,42,1,22,9,121.5369153,25.06249512