發生年度,發生月,發生日,發生時-Hours,發生分,處理別-編號,區序,肇事地點,死亡人數,2-30日死亡人數,受傷人數,當事人序號,車種,天候,光線,道路類別,速限-速度限制,道路型態,事故位置,路面狀況1,路面狀況2,路面狀況3,道路障礙1,道路障礙2,號誌1,號誌2,車道劃分-分向,車道劃分-分道1,車道劃分-分道2,車道劃分-分道3,事故類型及型態,性別,年齡,受傷程度,主要傷處,安全帽,行動電話,車輛用途,當事者行動狀態,駕駛資格情形,駕駛執照種類,飲酒情形,車輛撞擊部位1,車輛撞擊部位2,肇因碼-個別,肇因碼-主要,個人肇逃否,職業,旅次目的,座標-X,座標-Y
111,1,3,13,30,2,04大安區,大安區忠孝東路4段49巷4弄與忠孝東路4段49巷口,0,0,1,1,B03,8,1,5,30,4,1,1,5,4,5,7,4,4,10,5,5,2,15,2,50,3,10,1,1,7,9,1,8,2,1,,6,6,1,22,9,121.5452846,25.04239158
111,1,3,13,30,2,04大安區,大安區忠孝東路4段49巷4弄與忠孝東路4段49巷口,0,0,1,2,C03,8,1,5,30,4,1,1,5,4,5,7,4,4,10,5,5,2,15,2,20,2,9,2,1,7,9,1,10,2,12,,44,6,1,22,9,121.5452846,25.04239158
111,1,3,13,30,2,04大安區,大安區忠孝東路4段49巷4弄與忠孝東路4段49巷口,0,0,1,3,B02,8,1,5,30,4,1,1,5,4,5,7,4,4,10,5,5,2,15,1,44,3,10,1,1,7,14,1,8,2,6,,38,6,1,22,9,121.5452846,25.04239158
111,1,3,13,30,2,12內湖區,內湖區堤外便道與堤外便道口與五分疏散門便道,0,0,2,1,C03,8,1,5,50,3,2,1,5,4,5,7,2,1,5,4,5,2,13,1,51,2,9,1,1,7,9,1,10,1,11,,23,23,1,22,9,121.6138201,25.06537049
111,1,3,13,30,2,12內湖區,內湖區堤外便道與堤外便道口與五分疏散門便道,0,0,2,2,C03,8,1,5,50,3,2,1,5,4,5,7,2,1,5,4,5,2,13,2,61,2,8,1,1,7,14,1,10,1,13,,43,23,1,22,9,121.6138201,25.06537049
111,1,3,13,37,2,01大同區,大同區大稻埕堤外便道往南(3號水門停車場旁),0,0,1,1,B03,8,1,5,40,14,9,1,5,4,5,7,4,4,10,3,5,1,13,1,59,3,10,1,1,7,9,1,8,2,5,,17,17,1,22,9,121.5069756,25.05248908
111,1,3,13,37,2,01大同區,大同區大稻埕堤外便道往南(3號水門停車場旁),0,0,1,2,C03,8,1,5,40,14,9,1,5,4,5,7,4,4,10,3,5,1,13,1,29,2,9,1,1,7,9,1,10,2,13,,17,17,1,22,9,121.5069756,25.05248908
111,1,3,13,49,2,01大同區,大同區承德路2段與承德路2段37巷口,0,0,1,1,C03,8,1,5,50,4,2,1,5,4,5,7,2,1,1,3,5,2,17,2,49,2,9,1,1,7,9,1,10,2,11,,16,16,1,22,9,121.518264,25.05495574
111,1,3,13,49,2,01大同區,大同區承德路2段與承德路2段37巷口,0,0,1,2,C03,8,1,5,50,4,2,1,5,4,5,7,2,1,1,3,5,2,17,1,57,3,10,1,1,7,9,1,10,2,13,,44,16,1,22,9,121.518264,25.05495574
111,1,3,14,35,2,08士林區,士林區建業路與建業路19巷口,0,0,2,1,C03,8,1,5,30,3,2,1,5,4,5,7,4,4,10,5,5,1,16,2,21,2,8,1,1,7,5,1,10,1,14,,6,6,1,22,9,121.5482881,25.13580268
111,1,3,14,35,2,08士林區,士林區建業路與建業路19巷口,0,0,2,2,C03,8,1,5,30,3,2,1,5,4,5,7,4,4,10,5,5,1,16,1,20,2,8,1,1,7,9,1,10,1,14,,13,6,1,22,9,121.5482881,25.13580268
111,1,3,14,41,2,03中山區,中山區錦州街與林森北路口,0,0,2,1,C03,8,1,5,50,4,1,1,5,4,5,7,1,1,5,4,5,2,12,1,30,2,9,1,1,7,5,1,10,1,14,,8,8,1,22,9,121.5255607,25.0603052
111,1,3,14,41,2,03中山區,中山區錦州街與林森北路口,0,0,2,2,C03,8,1,5,50,4,1,1,5,4,5,7,1,1,5,4,5,2,12,2,44,2,9,1,3,7,11,1,10,1,12,,43,8,1,22,9,121.5255607,25.0603052
111,1,3,14,41,2,12內湖區,內湖區金龍路與內湖路3段59巷口,0,0,3,1,C03,8,1,5,50,3,2,1,5,4,5,7,1,1,5,4,4,2,11,1,69,2,9,1,1,7,5,1,10,1,11,,6,6,1,22,9,121.5916319,25.08528749
111,1,3,14,41,2,12內湖區,內湖區金龍路與內湖路3段59巷口,0,0,3,2,C03,8,1,5,50,3,2,1,5,4,5,7,1,1,5,4,4,2,11,1,18,2,9,1,1,7,9,1,10,1,14,,13,6,1,22,9,121.5916319,25.08528749
111,1,3,14,41,2,12內湖區,內湖區金龍路與內湖路3段59巷口,0,0,3,3,H02,8,1,5,50,3,2,1,5,4,5,7,1,1,5,4,4,2,11,2,41,2,9,4,5,7,21,8,20,10,15,,67,6,1,22,9,121.5916319,25.08528749
111,1,3,15,12,2,11南港區,南港區福德街339巷5弄與福德街339巷9弄口,0,0,2,1,C03,8,1,5,30,4,1,1,5,4,5,7,4,4,10,5,5,2,15,1,22,2,1,1,1,7,9,1,10,2,11,,14,14,1,21,8,121.5896086,25.03853126
111,1,3,15,12,2,11南港區,南港區福德街339巷5弄與福德街339巷9弄口,0,0,2,2,C03,8,1,5,30,4,1,1,5,4,5,7,4,4,10,5,5,2,15,2,37,2,7,1,1,7,9,1,10,2,12,,6,14,1,21,8,121.5896086,25.03853126
111,1,3,15,12,2,11南港區,南港區福德街339巷5弄與福德街339巷9弄口,0,0,2,3,B12,8,1,5,30,4,1,1,5,4,5,7,4,4,10,5,5,2,15,1,71,3,10,1,1,7,13,1,8,1,6,,44,14,1,21,8,121.5896086,25.03853126
111,1,3,15,23,2,10文山區,文山區和興路15號前,0,0,1,1,C03,8,1,5,30,14,9,1,5,4,5,7,4,4,10,5,5,2,16,1,21,3,10,1,1,7,11,1,10,1,12,,10,10,1,22,9,121.5463241,24.98582491
111,1,3,15,23,2,10文山區,文山區和興路15號前,0,0,1,2,C03,8,1,5,30,14,9,1,5,4,5,7,4,4,10,5,5,2,16,1,34,2,9,1,1,7,9,1,10,1,14,,13,10,1,22,9,121.5463241,24.98582491
111,1,3,15,42,2,02萬華區,萬華區康定路72號,0,0,1,1,C03,8,1,5,50,14,9,1,5,4,5,7,4,4,10,5,5,1,17,1,60,4,11,1,4,7,10,3,18,1,13,,26,26,1,22,9,121.5023589,25.04222883
111,1,3,15,42,2,02萬華區,萬華區康定路72號,0,0,1,2,C03,8,1,5,50,14,9,1,5,4,5,7,4,4,10,5,5,1,17,1,32,2,8,1,4,7,9,1,10,1,11,,44,26,1,22,9,121.5023589,25.04222883
111,1,3,16,0,2,12內湖區,內湖區新湖三路198號,0,0,1,1,C03,8,1,5,50,14,9,1,5,4,5,7,4,4,9,5,5,1,12,1,58,2,9,3,4,7,1,1,10,1,12,,19,19,1,22,9,121.5789062,25.0648427
111,1,3,16,0,2,12內湖區,內湖區新湖三路198號,0,0,1,2,B03,8,1,5,50,14,9,1,5,4,5,7,4,4,9,5,5,1,12,1,44,3,10,3,4,7,9,1,8,1,4,,44,19,1,22,9,121.5789062,25.0648427
111,1,3,16,5,2,12內湖區,內湖區五分街與安康路口,0,0,1,1,B03,8,1,5,40,4,1,1,5,4,5,7,4,4,10,5,5,2,15,1,44,3,10,1,1,7,9,1,8,1,4,,6,6,1,22,9,121.6152452,25.06734919
111,1,3,16,5,2,12內湖區,內湖區五分街與安康路口,0,0,1,2,C03,8,1,5,40,4,1,1,5,4,5,7,4,4,10,5,5,2,15,2,63,2,9,1,1,7,9,1,10,1,11,,6,6,1,22,9,121.6152452,25.06734919
111,1,3,16,6,2,01大同區,大同區大稻埕堤外便道大稻埕碼頭5號水門停車場前,0,0,2,1,B03,8,1,5,40,14,9,1,5,4,5,7,4,4,10,5,5,2,16,1,26,3,10,1,1,7,6,1,8,1,2,,9,9,1,22,9,121.5079647,25.05649118
111,1,3,16,6,2,01大同區,大同區大稻埕堤外便道大稻埕碼頭5號水門停車場前,0,0,2,2,C03,8,1,5,40,14,9,1,5,4,5,7,4,4,10,5,5,2,16,1,27,2,3,1,1,7,9,1,10,1,14,,44,9,1,22,9,121.5079647,25.05649118
111,1,3,16,6,2,01大同區,大同區大稻埕堤外便道大稻埕碼頭5號水門停車場前,0,0,2,3,H02,8,1,5,40,14,9,1,5,4,5,7,4,4,10,5,5,2,16,2,29,2,8,4,5,7,21,8,20,10,16,,67,9,1,22,9,121.5079647,25.05649118
111,1,3,16,8,2,06松山區,松山區南京東路4段133巷3號,0,0,2,1,C03,7,2,5,30,14,9,1,5,4,5,7,4,4,4,3,5,2,17,1,24,2,9,3,4,7,5,1,10,1,14,,43,43,1,22,9,121.5551164,25.052225
111,1,3,16,8,2,06松山區,松山區南京東路4段133巷3號,0,0,2,2,C03,7,2,5,30,14,9,1,5,4,5,7,4,4,4,3,5,2,17,1,20,2,9,3,4,7,9,1,10,1,11,,43,43,1,22,9,121.5551164,25.052225
111,1,3,16,13,2,05中正區,中正區南昌路2段與福州街口,0,0,1,1,B01,8,2,5,50,14,9,1,5,4,5,7,1,1,5,2,5,2,11,1,66,3,10,1,1,7,5,1,4,1,5,,43,43,1,22,9,121.5188741,25.028972
111,1,3,16,13,2,05中正區,中正區南昌路2段與福州街口,0,0,1,2,C03,8,2,5,50,14,9,1,5,4,5,7,1,1,5,2,5,2,11,1,47,2,8,1,1,7,9,1,10,1,11,,43,43,1,22,9,121.5188741,25.028972
111,1,3,16,15,2,05中正區,中正區貴陽街1段與重慶南路1段口,0,0,1,1,C03,8,1,5,50,4,1,1,5,4,5,7,2,1,5,2,5,2,12,1,62,3,10,1,1,7,8,1,10,2,15,,7,7,1,22,9,121.5129091,25.03861999
111,1,3,16,15,2,05中正區,中正區貴陽街1段與重慶南路1段口,0,0,1,2,C03,8,1,5,50,4,1,1,5,4,5,7,2,1,5,2,5,2,12,1,51,2,7,1,1,7,9,1,10,2,12,,44,7,1,22,9,121.5129091,25.03861999
111,1,3,17,7,2,03中山區,中山區吉林路與新生北路2段149巷口,0,0,2,1,C02,7,3,5,50,4,1,1,5,4,5,7,4,4,9,4,5,2,12,1,45,2,9,1,1,7,11,3,18,1,14,,10,10,1,22,9,121.530284,25.06201148
111,1,3,17,7,2,03中山區,中山區吉林路與新生北路2段149巷口,0,0,2,2,C03,7,3,5,50,4,1,1,5,4,5,7,4,4,9,4,5,2,12,1,22,2,9,1,1,7,9,1,10,1,12,,44,10,1,22,9,121.530284,25.06201148
111,1,3,17,10,2,07信義區,信義區松仁路與忠孝東路5段236巷2弄口,0,0,2,1,C03,8,1,5,50,3,1,1,5,4,5,7,4,4,1,4,5,2,16,1,30,2,8,1,1,7,9,1,10,1,14,,6,6,1,22,9,121.5685354,25.0404782
111,1,3,17,10,2,07信義區,信義區松仁路與忠孝東路5段236巷2弄口,0,0,2,2,C03,8,1,5,50,3,1,1,5,4,5,7,4,4,1,4,5,2,16,1,23,2,9,1,1,7,9,1,10,1,11,,23,6,1,22,9,121.5685354,25.0404782
111,1,3,17,39,2,12內湖區,內湖區成功路5段與康湖路口,0,0,1,1,C03,8,3,5,50,3,1,1,5,4,5,7,1,1,1,4,5,2,12,2,62,2,9,1,1,7,5,1,10,2,15,,8,8,1,22,9,121.6065713,25.08197424
111,1,3,17,39,2,12內湖區,內湖區成功路5段與康湖路口,0,0,1,2,B03,8,3,5,50,3,1,1,5,4,5,7,1,1,1,4,5,2,12,2,68,3,10,1,1,7,5,1,8,2,2,,44,8,1,22,9,121.6065713,25.08197424
111,1,3,17,40,2,12內湖區,內湖區舊宗路2段與舊宗路2段口五汐高架南下,0,0,1,1,B01,8,3,5,50,4,2,1,5,4,5,7,1,1,3,3,5,1,12,1,69,3,10,3,4,7,6,1,4,1,4,,6,6,1,22,9,121.5747218,25.0703533
111,1,3,17,40,2,12內湖區,內湖區舊宗路2段與舊宗路2段口五汐高架南下,0,0,1,2,C03,8,3,5,50,4,2,1,5,4,5,7,1,1,3,3,5,1,12,2,42,2,9,3,4,7,9,1,10,1,12,,44,6,1,22,9,121.5747218,25.0703533
111,1,3,17,48,2,01大同區,大同區承德橋往大同下橋斜坡,0,0,5,1,C03,8,3,5,50,8,11,1,5,4,5,7,4,4,2,5,4,2,13,1,54,2,9,1,1,7,9,1,10,2,11,,23,23,1,22,9,121.5204975,25.07659519
111,1,3,17,48,2,01大同區,大同區承德橋往大同下橋斜坡,0,0,5,2,C03,8,3,5,50,8,11,1,5,4,5,7,4,4,2,5,4,2,13,1,19,2,9,1,1,7,9,1,10,2,13,,44,23,1,22,9,121.5204975,25.07659519
111,1,3,17,48,2,01大同區,大同區承德橋往大同下橋斜坡,0,0,5,3,C03,8,3,5,50,8,11,1,5,4,5,7,4,4,2,5,4,2,13,1,51,2,3,1,1,7,14,1,10,2,13,,44,23,1,22,9,121.5204975,25.07659519
111,1,3,17,48,2,01大同區,大同區承德橋往大同下橋斜坡,0,0,5,4,C03,8,3,5,50,8,11,1,5,4,5,7,4,4,2,5,4,2,13,1,19,3,10,1,1,7,14,1,10,2,13,,44,23,1,22,9,121.5204975,25.07659519
111,1,3,17,48,2,01大同區,大同區承德橋往大同下橋斜坡,0,0,5,5,H02,8,3,5,50,8,11,1,5,4,5,7,4,4,2,5,4,2,13,2,17,2,7,4,5,7,21,8,20,10,16,,67,23,1,22,9,121.5204975,25.07659519
111,1,3,17,48,2,01大同區,大同區承德橋往大同下橋斜坡,0,0,5,6,H02,8,3,5,50,8,11,1,5,4,5,7,4,4,2,5,4,2,13,2,39,2,9,4,5,7,21,8,20,10,16,,67,23,1,22,9,121.5204975,25.07659519
111,1,3,17,53,2,12內湖區,內湖區環山路1段75號,0,0,2,1,C03,7,3,5,50,14,7,1,5,4,5,7,4,4,5,4,4,2,3,1,39,2,8,1,1,7,9,1,10,1,11,,23,23,1,22,9,121.5688112,25.08642769
111,1,3,17,53,2,12內湖區,內湖區環山路1段75號,0,0,2,2,H01,7,3,5,50,14,7,1,5,4,5,7,4,4,5,4,4,2,3,2,89,2,9,4,5,8,16,8,20,10,16,,51,23,1,22,9,121.5688112,25.08642769
111,1,3,17,54,2,12內湖區,內湖區康樂街204-3號,0,0,3,1,C03,8,3,5,50,14,5,1,5,4,5,7,4,4,5,4,5,1,16,2,43,2,9,1,1,7,1,1,10,1,14,,19,19,1,22,9,121.6215196,25.07632216
111,1,3,17,54,2,12內湖區,內湖區康樂街204-3號,0,0,3,2,C03,8,3,5,50,14,5,1,5,4,5,7,4,4,5,4,5,1,16,1,27,2,9,1,1,7,9,1,10,1,11,,4,19,1,22,9,121.6215196,25.07632216
111,1,3,17,54,2,12內湖區,內湖區康樂街204-3號,0,0,3,3,H02,8,3,5,50,14,5,1,5,4,5,7,4,4,5,4,5,1,16,2,27,2,9,1,5,7,21,8,20,10,16,,67,19,1,22,9,121.6215196,25.07632216
111,1,3,17,55,2,03中山區,中山區林森北路與中山北路2段59巷口,0,0,2,1,C03,7,3,5,50,3,2,1,5,4,5,7,4,4,9,4,5,1,17,2,26,2,9,1,1,7,9,3,18,1,12,,6,6,1,22,9,121.5254601,25.05583462
111,1,3,17,55,2,03中山區,中山區林森北路與中山北路2段59巷口,0,0,2,2,C03,7,3,5,50,3,2,1,5,4,5,7,4,4,9,4,5,1,17,1,34,2,9,1,1,7,9,1,10,1,11,,44,6,1,22,9,121.5254601,25.05583462
111,1,3,18,10,2,08士林區,士林區中山北路7段與中山北路7段80巷口,0,0,1,1,B03,8,3,5,50,4,1,1,5,4,5,7,1,1,1,4,5,1,15,2,71,3,10,3,4,7,11,1,8,2,2,,10,10,1,22,9,121.5315434,25.1215026
111,1,3,18,10,2,08士林區,士林區中山北路7段與中山北路7段80巷口,0,0,1,2,C03,8,3,5,50,4,1,1,5,4,5,7,1,1,1,4,5,1,15,2,26,2,7,3,4,7,9,1,10,2,11,,44,10,1,22,9,121.5315434,25.1215026
111,1,3,18,13,2,06松山區,松山區松河街3號與松河街口旁無名巷,0,0,2,1,C03,8,3,5,40,3,2,1,5,4,5,7,4,4,8,3,5,1,16,2,25,2,9,3,1,7,9,1,10,1,11,,43,43,1,22,9,121.5720124,25.05089693
111,1,3,18,13,2,06松山區,松山區松河街3號與松河街口旁無名巷,0,0,2,2,F01,8,3,5,40,3,2,1,5,4,5,7,4,4,8,3,5,1,16,1,16,2,9,1,1,7,15,8,20,1,16,,43,43,1,22,9,121.5720124,25.05089693
111,1,3,18,20,2,05中正區,中正區汀州路1段與西藏路口,0,0,2,1,C03,8,3,5,50,4,1,1,5,4,5,7,1,1,3,4,5,2,16,1,39,2,9,1,1,7,5,1,10,1,11,,8,8,1,22,9,121.5072858,25.0305784
111,1,3,18,20,2,05中正區,中正區汀州路1段與西藏路口,0,0,2,2,C03,8,3,5,50,4,1,1,5,4,5,7,1,1,3,4,5,2,16,1,53,2,9,1,1,7,9,1,10,1,11,,44,8,1,22,9,121.5072858,25.0305784
111,1,3,18,30,2,03中山區,中山區民族東路528號,0,0,1,1,B12,8,3,5,50,14,9,1,5,4,5,7,4,4,4,4,5,2,16,1,50,3,10,1,1,7,1,1,8,1,8,,19,19,1,22,9,121.542812,25.0672639
111,1,3,18,30,2,03中山區,中山區民族東路528號,0,0,1,2,F01,8,3,5,50,14,9,1,5,4,5,7,4,4,4,4,5,2,16,1,45,2,9,1,1,7,9,8,20,1,16,,44,19,1,22,9,121.542812,25.0672639
111,1,3,18,30,2,08士林區,士林區中山北路6段與德行西路口,0,0,1,1,B03,7,3,5,50,4,2,1,5,4,5,7,2,1,1,4,4,1,16,2,54,3,10,1,1,7,6,1,8,1,7,,9,9,1,21,8,121.5248569,25.10641416
111,1,3,18,30,2,08士林區,士林區中山北路6段與德行西路口,0,0,1,2,C03,7,3,5,50,4,2,1,5,4,5,7,2,1,1,4,4,1,16,1,71,2,8,1,1,7,5,1,10,1,12,,8,9,1,21,8,121.5248569,25.10641416
111,1,3,18,50,2,06松山區,松山區東興路與東興路15巷口,0,0,2,1,C03,8,3,5,50,4,1,1,5,4,5,7,2,1,9,4,5,2,16,1,36,2,3,1,1,7,5,1,10,1,12,,44,44,1,22,9,121.565372,25.05004849
111,1,3,18,50,2,06松山區,松山區東興路與東興路15巷口,0,0,2,2,C03,8,3,5,50,4,1,1,5,4,5,7,2,1,9,4,5,2,16,1,49,2,9,1,1,7,9,1,9,1,11,,44,44,1,22,9,121.565372,25.05004849
111,1,3,18,53,2,10文山區,文山區羅斯福路5段與羅斯福路5段211巷口,0,0,2,1,C03,8,3,5,50,4,1,1,5,4,5,7,2,1,1,4,5,2,15,1,65,2,9,1,1,7,9,1,10,2,12,,25,25,1,22,9,121.5389339,25.0022346
111,1,3,18,53,2,10文山區,文山區羅斯福路5段與羅斯福路5段211巷口,0,0,2,2,C03,8,3,5,50,4,1,1,5,4,5,7,2,1,1,4,5,2,15,1,19,2,9,1,1,7,9,1,10,2,11,,44,25,1,22,9,121.5389339,25.0022346
111,1,3,19,0,2,12內湖區,內湖區康寧路3段與成功路5段450巷23弄口,0,0,1,1,B03,8,3,5,50,3,1,1,5,4,5,7,2,1,1,4,4,1,12,1,43,3,10,1,1,7,9,1,8,1,5,,44,44,1,22,9,121.6081745,25.07236006
111,1,3,19,0,2,12內湖區,內湖區康寧路3段與成功路5段450巷23弄口,0,0,1,2,C03,8,3,5,50,3,1,1,5,4,5,7,2,1,1,4,4,1,12,2,22,2,8,1,1,7,7,1,10,1,13,,7,44,1,22,9,121.6081745,25.07236006
111,1,3,19,14,2,03中山區,中山區長春路137巷6號,0,0,1,1,B03,7,3,5,30,14,9,1,5,4,5,7,4,4,8,5,5,1,12,2,47,2,9,3,4,7,1,1,8,1,8,,19,19,1,22,9,121.5315452,25.05539225
111,1,3,19,14,2,03中山區,中山區長春路137巷6號,0,0,1,2,B12,7,3,5,30,14,9,1,5,4,5,7,4,4,8,5,5,1,12,1,42,3,10,3,4,7,9,1,8,1,5,,44,19,1,22,9,121.5315452,25.05539225
111,1,3,19,20,2,12內湖區,內湖區環山路1段與環山路1段9巷口,0,0,1,1,B03,8,3,5,50,3,1,1,5,4,5,7,4,4,4,3,4,1,3,1,21,3,10,3,4,7,9,1,8,2,2,,15,15,1,22,9,121.5655427,25.08299836
111,1,3,19,20,2,12內湖區,內湖區環山路1段與環山路1段9巷口,0,0,1,2,H01,8,3,5,50,3,1,1,5,4,5,7,4,4,4,3,4,1,3,2,64,2,9,4,5,8,16,8,20,10,16,,67,15,1,22,9,121.5655427,25.08299836
111,1,3,19,30,2,05中正區,中正區重慶南路1段與凱達格蘭大道口,0,0,2,1,B03,7,3,5,50,3,2,1,5,4,5,7,1,1,5,2,5,2,12,1,71,3,10,1,1,7,8,1,8,2,15,,26,26,1,22,9,121.5129454,25.0405014
111,1,3,19,30,2,05中正區,中正區重慶南路1段與凱達格蘭大道口,0,0,2,2,B12,7,3,5,50,3,2,1,5,4,5,7,1,1,5,2,5,2,12,1,41,3,10,1,1,7,8,1,8,2,15,,43,26,1,22,9,121.5129454,25.0405014
111,1,3,19,30,2,05中正區,中正區重慶南路1段與凱達格蘭大道口,0,0,2,3,C03,7,3,5,50,3,2,1,5,4,5,7,1,1,5,2,5,2,12,1,35,3,10,1,1,7,9,1,10,2,12,,43,26,1,22,9,121.5129454,25.0405014
111,1,3,19,30,2,05中正區,中正區重慶南路1段與凱達格蘭大道口,0,0,2,4,C03,7,3,5,50,3,2,1,5,4,5,7,1,1,5,2,5,2,12,2,21,2,8,1,1,7,9,1,10,2,14,,44,26,1,22,9,121.5129454,25.0405014
111,1,3,19,30,2,05中正區,中正區重慶南路1段與凱達格蘭大道口,0,0,2,5,H02,7,3,5,50,3,2,1,5,4,5,7,1,1,5,2,5,2,12,2,25,2,9,4,5,7,20,8,20,10,16,,67,26,1,22,9,121.5129454,25.0405014
111,1,3,19,34,2,04大安區,大安區羅斯福路3段275號,0,0,1,1,C03,8,3,5,50,14,9,1,5,4,5,7,4,4,8,3,5,1,12,1,35,3,10,1,1,7,9,1,10,1,12,,16,16,1,22,9,121.5309935,25.01826268
111,1,3,19,34,2,04大安區,大安區羅斯福路3段275號,0,0,1,2,C03,8,3,5,50,14,9,1,5,4,5,7,4,4,8,3,5,1,12,1,43,2,9,1,1,7,14,1,10,1,13,,44,16,1,22,9,121.5309935,25.01826268
111,1,3,19,34,2,04大安區,大安區羅斯福路3段275號,0,0,1,3,B03,8,3,5,50,14,9,1,5,4,5,7,4,4,8,3,5,1,12,1,34,3,10,1,1,7,7,1,8,1,15,,44,16,1,22,9,121.5309935,25.01826268
111,1,3,19,45,2,09北投區,北投區石牌路1段39巷與石牌路1段39巷131弄口,0,0,2,1,C03,8,3,5,30,14,9,1,5,4,5,7,4,4,9,4,5,2,16,1,18,2,8,1,1,7,9,1,10,1,11,,6,6,1,22,9,121.5086197,25.11808548
111,1,3,19,45,2,09北投區,北投區石牌路1段39巷與石牌路1段39巷131弄口,0,0,2,2,C03,8,3,5,30,14,9,1,5,4,5,7,4,4,9,4,5,2,16,1,25,2,8,1,1,7,9,1,10,1,12,,13,6,1,22,9,121.5086197,25.11808548
111,1,3,20,10,2,04大安區,大安區延吉街70巷2弄2號,0,0,1,1,B03,8,4,5,0,14,9,1,5,4,3,5,4,4,10,5,5,2,8,1,52,3,10,1,1,7,2,1,8,1,7,,12,12,1,22,9,121.553817,25.042651
111,1,3,20,10,2,04大安區,大安區延吉街70巷2弄2號,0,0,1,2,H03,8,4,5,0,14,9,1,5,4,3,5,4,4,10,5,5,2,8,2,41,2,8,4,5,8,17,8,20,10,16,,42,12,1,22,9,121.553817,25.042651
111,1,3,20,15,2,10文山區,文山區萬芳路18號,0,0,1,1,B03,8,3,5,50,14,9,1,5,4,5,7,4,4,5,4,5,2,16,2,47,3,10,1,1,7,5,1,8,1,2,,8,8,1,22,9,121.5705904,24.99597592
111,1,3,20,15,2,10文山區,文山區萬芳路18號,0,0,1,2,C03,8,3,5,50,14,9,1,5,4,5,7,4,4,5,4,5,2,16,1,40,2,8,1,1,7,9,1,10,1,11,,44,8,1,22,9,121.5705904,24.99597592
111,1,3,20,17,1,12內湖區,內湖區金湖路371號,1,0,0,1,B03,8,3,5,40,14,8,1,5,4,5,7,4,4,1,4,4,2,17,1,44,3,10,3,4,7,13,1,8,2,4,,40,40,1,22,9,121.6032838,25.07336
111,1,3,20,17,1,12內湖區,內湖區金湖路371號,1,0,0,2,C03,8,3,5,40,14,8,1,5,4,5,7,4,4,1,4,4,2,17,1,76,1,9,1,1,7,9,1,10,2,11,,23,40,1,22,9,121.6032838,25.07336
111,1,3,20,17,1,12內湖區,內湖區金湖路371號,1,0,0,3,B03,8,3,5,40,14,8,1,5,4,5,7,4,4,1,4,4,2,17,1,40,3,10,1,1,7,9,1,8,2,3,,44,40,1,22,9,121.6032838,25.07336
111,1,3,20,40,2,03中山區,中山區北安路與北安路630巷口,0,0,2,1,B03,7,3,5,50,4,2,1,5,4,5,7,1,1,3,4,5,1,17,2,52,3,10,1,1,7,11,1,8,2,5,,10,10,1,22,9,121.5490479,25.0829019
111,1,3,20,40,2,03中山區,中山區北安路與北安路630巷口,0,0,2,2,C03,7,3,5,50,4,2,1,5,4,5,7,1,1,3,4,5,1,17,1,19,2,7,1,1,7,9,6,18,2,14,,13,10,1,22,9,121.5490479,25.0829019
111,1,3,20,40,2,03中山區,中山區北安路與北安路630巷口,0,0,2,3,H02,7,3,5,50,4,2,1,5,4,5,7,1,1,3,4,5,1,17,2,18,2,9,4,5,7,21,8,20,10,15,,67,10,1,22,9,121.5490479,25.0829019
111,1,3,20,44,2,10文山區,文山區木新路2段與永安街22巷口,0,0,2,1,B03,8,3,5,50,3,1,1,5,4,5,7,2,1,5,4,5,2,16,1,49,2,7,1,1,7,5,1,8,2,6,,6,6,1,22,9,121.5706345,24.98657416
111,1,3,20,44,2,10文山區,文山區木新路2段與永安街22巷口,0,0,2,2,C03,8,3,5,50,3,1,1,5,4,5,7,2,1,5,4,5,2,16,1,23,2,9,1,1,7,9,1,10,2,11,,13,6,1,22,9,121.5706345,24.98657416
111,1,3,20,45,2,08士林區,士林區中正路601號前,0,0,2,1,C03,7,3,5,50,15,9,1,5,4,5,7,4,4,1,4,5,1,16,1,26,2,7,1,1,7,5,1,10,1,12,,6,6,1,21,8,121.5096064,25.08666644
111,1,3,20,45,2,08士林區,士林區中正路601號前,0,0,2,2,B03,7,3,5,50,15,9,1,5,4,5,7,4,4,1,4,5,1,16,1,25,3,10,1,1,7,9,1,8,1,8,,44,6,1,21,8,121.5096064,25.08666644
111,1,3,20,45,2,08士林區,士林區中正路601號前,0,0,2,3,H02,7,3,5,50,15,9,1,5,4,5,7,4,4,1,4,5,1,16,2,23,2,9,1,1,7,17,8,20,10,16,,67,6,1,21,8,121.5096064,25.08666644
111,1,3,21,14,2,09北投區,北投區中央北路4段與學園路口,0,0,1,2,C03,8,3,5,30,14,9,1,5,4,5,7,1,1,9,4,5,2,12,2,20,2,8,1,1,7,6,1,10,1,14,,17,17,1,22,9,121.4659402,25.12667888
111,1,3,21,14,2,09北投區,北投區中央北路4段與學園路口,0,0,1,1,B03,8,3,5,30,14,9,1,5,4,5,7,1,1,9,4,5,2,12,1,23,3,10,1,1,7,6,1,8,1,5,,17,17,1,22,9,121.4659402,25.12667888
111,1,3,21,39,2,03中山區,中山區南京東路3段210號,0,0,2,1,H01,7,3,5,0,14,8,1,5,4,5,7,2,1,1,1,1,1,3,2,59,2,9,4,5,8,16,8,20,10,16,,52,52,1,22,9,121.5432676,25.05187677
111,1,3,21,39,2,03中山區,中山區南京東路3段210號,0,0,2,2,C03,7,3,5,0,14,8,1,5,4,5,7,2,1,1,1,1,1,3,1,20,2,9,3,4,7,9,1,10,2,11,,15,52,1,22,9,121.5432676,25.05187677
111,1,3,21,40,2,03中山區,中山區錦州街16號,0,0,1,1,B03,7,3,5,30,15,9,1,5,4,5,7,4,4,9,4,5,1,17,1,40,3,10,1,1,7,5,1,8,9,5,,23,23,1,22,9,121.5239856,25.0602424