發生年度,發生月,發生日,發生時-Hours,發生分,處理別-編號,區序,肇事地點,死亡人數,2-30日死亡人數,受傷人數,當事人序號,車種,天候,光線,道路類別,速限-速度限制,道路型態,事故位置,路面狀況1,路面狀況2,路面狀況3,道路障礙1,道路障礙2,號誌1,號誌2,車道劃分-分向,車道劃分-分道1,車道劃分-分道2,車道劃分-分道3,事故類型及型態,性別,年齡,受傷程度,主要傷處,安全帽,行動電話,車輛用途,當事者行動狀態,駕駛資格情形,駕駛執照種類,飲酒情形,車輛撞擊部位1,車輛撞擊部位2,肇因碼-個別,肇因碼-主要,個人肇逃否,職業,旅次目的,座標-X,座標-Y
111,1,3,21,40,2,03中山區,中山區錦州街16號,0,0,1,2,C03,7,3,5,30,15,9,1,5,4,5,7,4,4,9,4,5,1,17,2,47,2,9,1,1,7,9,1,10,9,13,,44,23,1,22,9,121.5239856,25.0602424
111,1,3,21,41,2,05中正區,中正區和平西路2段131號,0,0,2,1,A06,8,3,5,50,14,12,1,5,4,5,7,4,4,1,4,4,2,17,1,66,3,10,1,1,7,14,1,2,2,15,,38,38,1,22,9,121.5056649,25.0332323
111,1,3,21,41,2,05中正區,中正區和平西路2段131號,0,0,2,2,C03,8,3,5,50,14,12,1,5,4,5,7,4,4,1,4,4,2,17,2,29,2,9,1,1,7,9,1,10,2,11,,23,38,1,22,9,121.5056649,25.0332323
111,1,3,21,41,2,05中正區,中正區和平西路2段131號,0,0,2,3,H02,8,3,5,50,14,12,1,5,4,5,7,4,4,1,4,4,2,17,1,17,2,9,4,5,7,19,8,20,10,16,,56,38,1,22,9,121.5056649,25.0332323
111,1,3,22,10,2,05中正區,中正區中山南路與信義路1段口,0,0,2,1,C03,8,3,5,50,5,1,1,5,4,5,7,1,1,9,5,5,1,12,2,21,2,9,1,1,7,5,1,10,2,14,,8,8,1,22,9,121.5177639,25.03861826
111,1,3,22,10,2,05中正區,中正區中山南路與信義路1段口,0,0,2,2,B01,8,3,5,50,5,1,1,5,4,5,7,1,1,9,5,5,1,12,1,64,3,10,1,1,7,9,1,4,2,2,,44,8,1,22,9,121.5177639,25.03861826
111,1,3,22,10,2,05中正區,中正區中山南路與信義路1段口,0,0,2,3,H02,8,3,5,50,5,1,1,5,4,5,7,1,1,9,5,5,1,12,2,20,2,9,1,5,7,17,8,20,10,16,,67,8,1,22,9,121.5177639,25.03861826
111,1,3,22,10,2,12內湖區,內湖區內湖路1段與港墘路口,0,0,1,1,B03,8,3,5,50,4,2,1,5,4,5,7,1,1,1,4,5,2,16,1,68,3,10,1,1,7,6,1,8,2,5,,9,9,1,22,9,121.5767453,25.07934082
111,1,3,22,10,2,12內湖區,內湖區內湖路1段與港墘路口,0,0,1,2,C03,8,3,5,50,4,2,1,5,4,5,7,1,1,1,4,5,2,16,1,18,2,9,1,1,7,9,1,10,2,14,,44,9,1,22,9,121.5767453,25.07934082
111,1,3,22,25,2,08士林區,士林區前港街69號停車格對面,0,0,2,1,H01,7,3,5,0,14,9,1,5,4,3,7,4,4,10,5,5,1,3,2,16,2,9,4,5,8,16,8,20,10,16,,51,51,1,21,8,121.5232241,25.08485505
111,1,3,22,25,2,08士林區,士林區前港街69號停車格對面,0,0,2,2,C03,7,3,5,0,14,9,1,5,4,3,7,4,4,10,5,5,1,3,1,24,2,9,1,1,7,9,1,10,1,11,,23,51,1,21,8,121.5232241,25.08485505
111,1,3,23,2,2,02萬華區,萬華區水源路與青年路口,0,0,1,1,C03,8,3,5,40,4,1,1,5,4,5,7,2,1,1,3,1,1,16,1,52,2,9,1,1,7,5,1,10,2,11,,26,26,1,22,9,121.5043489,25.01979808
111,1,3,23,2,2,02萬華區,萬華區水源路與青年路口,0,0,1,2,B03,8,3,5,40,4,1,1,5,4,5,7,2,1,1,3,1,1,16,1,22,3,10,1,1,7,9,1,8,2,5,,44,26,1,22,9,121.5043489,25.01979808
111,1,3,23,16,2,09北投區,北投區承德路7段與實踐街口,0,0,1,1,B03,8,3,5,60,3,1,1,5,4,5,7,1,1,1,4,5,2,12,4,,4,11,3,4,7,15,7,19,11,15,,43,43,2,22,9,121.5072141,25.1144147
111,1,3,23,16,2,09北投區,北投區承德路7段與實踐街口,0,0,1,2,C03,8,3,5,60,3,1,1,5,4,5,7,1,1,1,4,5,2,12,1,19,2,9,1,1,7,9,1,10,2,14,,43,43,1,22,9,121.5072141,25.1144147
111,1,3,23,16,2,09北投區,北投區承德路7段與實踐街口,0,0,1,3,B03,8,3,5,60,3,1,1,5,4,5,7,1,1,1,4,5,2,12,1,55,3,10,1,1,7,9,1,2,2,7,,43,43,1,22,9,121.5072141,25.1144147
111,1,3,23,53,2,04大安區,大安區大安路1段與敦化南路1段190巷口,0,0,1,1,C03,8,3,5,40,4,2,1,5,4,5,7,4,4,8,3,5,1,16,1,18,2,9,1,1,7,9,1,10,1,14,,6,6,1,21,5,121.5461889,25.04265508
111,1,3,23,53,2,04大安區,大安區大安路1段與敦化南路1段190巷口,0,0,1,2,B01,8,3,5,40,4,2,1,5,4,5,7,4,4,8,3,5,1,16,1,60,3,10,1,1,7,9,1,4,1,1,,44,6,1,10,4,121.5461889,25.04265508
111,1,4,0,3,2,12內湖區,內湖區潭美街127號,0,0,2,1,C03,8,3,5,40,14,9,1,5,4,5,7,4,4,5,5,5,1,16,2,20,2,8,1,1,7,11,1,10,1,14,,10,10,1,22,9,121.5801435,25.05377854
111,1,4,0,3,2,12內湖區,內湖區潭美街127號,0,0,2,2,C03,8,3,5,40,14,9,1,5,4,5,7,4,4,5,5,5,1,16,1,24,2,8,1,1,7,9,1,10,1,14,,13,10,1,22,9,121.5801435,25.05377854
111,1,4,2,51,1,07信義區,信義區忠孝東路4段與光復南路口,1,0,0,1,H01,8,3,5,50,4,2,1,5,4,5,7,1,1,1,4,5,1,3,1,54,1,1,4,5,8,16,8,20,10,16,,52,52,1,22,9,121.5577438,25.04114546
111,1,4,2,51,1,07信義區,信義區忠孝東路4段與光復南路口,1,0,0,2,B01,8,3,5,50,4,2,1,5,4,5,7,1,1,1,4,5,1,3,1,53,3,10,3,4,7,9,1,4,2,5,,15,52,1,22,9,121.5577438,25.04114546
111,1,4,4,30,2,03中山區,中山區吉林路231號,0,0,1,1,C03,7,3,5,50,14,9,1,5,4,5,7,4,4,5,4,5,2,17,1,50,2,8,1,1,7,9,6,10,1,11,,23,23,1,22,9,121.5302646,25.06093632
111,1,4,4,30,2,03中山區,中山區吉林路231號,0,0,1,2,A12,7,3,5,50,14,9,1,5,4,5,7,4,4,5,4,5,2,17,1,36,3,10,1,1,7,14,1,7,1,7,,38,23,1,22,9,121.5302646,25.06093632
111,1,4,7,5,2,12內湖區,內湖區康寧路3段與五分街口,0,0,1,1,C03,6,1,5,50,3,2,1,4,4,5,7,1,1,1,4,5,2,12,2,62,2,9,1,1,7,5,1,10,1,14,,8,8,1,22,9,121.6118528,25.0677327
111,1,4,7,5,2,12內湖區,內湖區康寧路3段與五分街口,0,0,1,2,B03,6,1,5,50,3,2,1,4,4,5,7,1,1,1,4,5,2,12,1,52,3,10,1,1,7,7,1,8,1,5,,44,8,1,22,9,121.6118528,25.0677327
111,1,4,7,23,2,03中山區,中山區敬業二路2號,0,0,1,1,C03,8,1,5,50,14,9,1,5,4,5,7,4,4,8,5,5,1,12,2,20,3,10,1,1,7,9,1,10,1,12,,13,13,1,22,9,121.5543734,25.08069859
111,1,4,7,23,2,03中山區,中山區敬業二路2號,0,0,1,2,F01,8,1,5,50,14,9,1,5,4,5,7,4,4,8,5,5,1,12,1,73,2,1,1,1,7,7,8,20,1,16,,7,13,1,22,9,121.5543734,25.08069859
111,1,4,7,37,2,07信義區,信義區市民大道6段312號,0,0,2,1,B12,6,1,5,40,14,9,1,4,4,5,7,2,1,8,3,5,1,16,1,54,3,10,1,1,7,14,6,8,1,2,,44,44,1,22,9,121.57941,25.04888585
111,1,4,7,37,2,07信義區,信義區市民大道6段312號,0,0,2,3,C03,6,1,5,40,14,9,1,4,4,5,7,2,1,8,3,5,1,16,2,33,2,8,1,1,7,9,1,10,1,11,,44,44,1,22,9,121.57941,25.04888585
111,1,4,7,37,2,07信義區,信義區市民大道6段312號,0,0,2,2,F01,6,1,5,40,14,9,1,4,4,5,7,2,1,8,3,5,1,16,2,41,2,9,1,1,7,6,8,20,1,16,,25,44,1,22,9,121.57941,25.04888585
111,1,4,8,3,2,04大安區,大安區忠孝東路3段與忠孝東路3段217巷口,0,0,1,1,B01,8,1,5,50,3,2,1,5,4,5,7,2,1,3,2,5,2,2,1,64,3,10,1,1,7,11,1,4,1,1,,10,10,1,22,9,121.5397078,25.04173932
111,1,4,8,3,2,04大安區,大安區忠孝東路3段與忠孝東路3段217巷口,0,0,1,2,H01,8,1,5,50,3,2,1,5,4,5,7,2,1,3,2,5,2,2,2,37,2,9,4,5,8,16,8,20,10,16,,67,10,1,22,9,121.5397078,25.04173932
111,1,4,8,5,2,03中山區,中山區市民大道2段與中山北路1段口,0,0,2,1,C03,7,1,5,40,4,2,1,5,4,5,7,1,1,1,4,5,2,13,1,24,2,9,1,1,7,9,1,10,2,11,,16,16,1,22,9,121.5209361,25.04817404
111,1,4,8,5,2,03中山區,中山區市民大道2段與中山北路1段口,0,0,2,2,C03,7,1,5,40,4,2,1,5,4,5,7,1,1,1,4,5,2,13,1,49,2,9,1,1,7,12,1,9,2,14,,44,16,1,22,9,121.5209361,25.04817404
111,1,4,8,5,2,12內湖區,內湖區內湖路1段362號前,0,0,1,1,B03,6,1,5,50,14,7,1,4,4,5,7,4,4,1,4,4,2,12,1,47,3,10,3,4,7,1,1,8,2,4,,19,19,1,22,9,121.5710718,25.08140146
111,1,4,8,5,2,12內湖區,內湖區內湖路1段362號前,0,0,1,2,C03,6,1,5,50,14,7,1,4,4,5,7,4,4,1,4,4,2,12,1,34,2,9,1,1,7,9,1,10,2,12,,16,19,1,22,9,121.5710718,25.08140146
111,1,4,8,10,2,07信義區,信義區忠孝東路5段703巷1弄7號,0,0,2,1,C03,6,1,5,30,14,9,1,4,4,5,7,4,4,10,5,5,2,18,1,45,2,7,1,1,7,12,1,10,1,14,,13,13,1,22,9,121.5797356,25.04245766
111,1,4,8,10,2,07信義區,信義區忠孝東路5段703巷1弄7號,0,0,2,2,,6,1,5,30,14,9,1,4,4,5,7,4,4,10,5,5,2,18,3,,,,,,,,,,,,,67,13,1,,,121.5797356,25.04245766
111,1,4,8,10,2,07信義區,信義區忠孝東路5段703巷1弄7號,0,0,2,3,H02,6,1,5,30,14,9,1,4,4,5,7,4,4,10,5,5,2,18,2,3,2,7,1,1,7,20,8,20,10,16,,67,13,1,22,9,121.5797356,25.04245766
111,1,4,8,26,2,04大安區,大安區信義路4段與復興南路1段口,0,0,1,1,C03,6,1,5,50,4,1,1,4,4,5,7,1,1,10,4,5,1,12,2,22,3,10,1,1,7,8,1,10,1,15,,7,7,1,22,9,121.5436876,25.0332999
111,1,4,8,26,2,04大安區,大安區信義路4段與復興南路1段口,0,0,1,2,C03,6,1,5,50,4,1,1,4,4,5,7,1,1,10,4,5,1,12,1,63,2,4,1,1,7,9,1,10,1,14,,44,7,1,22,9,121.5436876,25.0332999
111,1,4,8,30,2,03中山區,中山區建國北路3段與松江路469巷口,0,0,2,1,C03,8,1,5,50,4,1,1,5,4,5,7,1,1,10,4,5,2,12,2,69,2,9,1,4,7,5,1,10,2,13,12,26,26,1,22,9,121.5342087,25.06707895
111,1,4,8,30,2,03中山區,中山區建國北路3段與松江路469巷口,0,0,2,2,C03,8,1,5,50,4,1,1,5,4,5,7,1,1,10,4,5,2,12,1,41,2,9,1,4,7,9,1,10,2,11,12,26,26,1,22,9,121.5342087,25.06707895
111,1,4,8,38,2,08士林區,士林區通河東街2段與通河東街2段20巷口,0,0,2,1,C03,8,1,5,30,3,2,1,5,4,5,7,4,4,10,5,5,2,17,2,29,2,9,1,1,7,5,1,10,2,12,,6,6,1,22,9,121.5145606,25.09237206
111,1,4,8,38,2,08士林區,士林區通河東街2段與通河東街2段20巷口,0,0,2,2,C03,8,1,5,30,3,2,1,5,4,5,7,4,4,10,5,5,2,17,1,18,2,6,1,1,7,9,1,10,9,14,,13,6,1,22,9,121.5145606,25.09237206
111,1,4,8,38,2,08士林區,士林區通河東街2段與通河東街2段20巷口,0,0,2,3,B03,8,1,5,30,3,2,1,5,4,5,7,4,4,10,5,5,2,17,1,54,3,10,1,1,7,15,1,8,9,7,,44,6,1,22,9,121.5145606,25.09237206
111,1,4,8,38,2,08士林區,士林區通河東街2段與通河東街2段20巷口,0,0,2,4,B01,8,1,5,30,3,2,1,5,4,5,7,4,4,10,5,5,2,17,1,67,3,10,1,1,7,15,1,4,9,5,,38,6,1,22,9,121.5145606,25.09237206
111,1,4,8,38,2,08士林區,士林區通河東街2段與通河東街2段20巷口,0,0,2,5,B01,8,1,5,30,3,2,1,5,4,5,7,4,4,10,5,5,2,17,1,51,3,10,1,1,7,9,1,4,9,7,,44,6,1,22,9,121.5145606,25.09237206
111,1,4,8,38,2,08士林區,士林區通河東街2段與通河東街2段20巷口,0,0,2,6,B03,8,1,5,30,3,2,1,5,4,5,7,4,4,10,5,5,2,17,1,45,3,10,1,1,7,15,1,8,9,2,,44,6,1,22,9,121.5145606,25.09237206
111,1,4,8,50,2,06松山區,松山區市民大道4段123號,0,0,2,1,C03,8,1,5,40,14,6,1,5,4,5,7,4,4,1,4,1,2,12,1,66,2,9,3,4,7,9,1,10,1,11,,23,23,1,22,9,121.5499369,25.04493527
111,1,4,8,50,2,06松山區,松山區市民大道4段123號,0,0,2,2,C03,8,1,5,40,14,6,1,5,4,5,7,4,4,1,4,1,2,12,2,47,2,8,3,4,7,9,1,10,1,12,,13,23,1,22,9,121.5499369,25.04493527
111,1,4,8,50,2,06松山區,松山區市民大道4段123號,0,0,2,3,B01,8,1,5,40,14,6,1,5,4,5,7,4,4,1,4,1,2,12,1,51,3,10,3,4,7,11,1,4,1,6,,44,23,1,22,9,121.5499369,25.04493527
111,1,4,8,51,2,07信義區,信義區吳興街527號,0,0,1,1,B03,6,1,5,50,14,9,1,4,4,5,7,3,1,4,5,5,1,16,1,36,3,10,1,1,7,5,1,8,1,8,,8,8,1,22,9,121.5697995,25.02336519
111,1,4,8,51,2,07信義區,信義區吳興街527號,0,0,1,2,C03,6,1,5,50,14,9,1,4,4,5,7,3,1,4,5,5,1,16,2,28,2,7,1,1,7,9,1,10,1,12,,44,8,1,22,9,121.5697995,25.02336519
111,1,4,8,57,2,11南港區,南港區八德路4段與玉成街口,0,0,2,1,C03,6,1,5,50,4,1,1,4,4,5,7,2,1,5,4,5,2,16,1,38,2,9,1,1,7,5,1,10,1,14,,8,8,1,22,9,121.5815803,25.051179
111,1,4,8,57,2,11南港區,南港區八德路4段與玉成街口,0,0,2,2,C03,6,1,5,50,4,1,1,4,4,5,7,2,1,5,4,5,2,16,1,20,2,9,1,1,7,9,1,10,1,11,,23,8,1,22,9,121.5815803,25.051179
111,1,4,8,57,2,11南港區,南港區八德路4段與玉成街口,0,0,2,3,C03,6,1,5,50,4,1,1,4,4,5,7,2,1,5,4,5,2,16,2,29,3,10,1,1,7,5,1,10,1,14,,8,8,1,22,9,121.5815803,25.051179
111,1,4,8,59,2,08士林區,士林區東山路與東山路25巷口,0,0,1,1,C04,8,1,5,50,4,1,1,5,4,5,7,3,1,1,4,5,2,16,2,59,2,9,1,1,7,5,3,18,2,14,,23,23,1,22,9,121.5390203,25.11642936
111,1,4,8,59,2,08士林區,士林區東山路與東山路25巷口,0,0,1,2,B03,8,1,5,50,4,1,1,5,4,5,7,3,1,1,4,5,2,16,1,38,3,10,3,4,7,9,1,8,2,1,,23,23,1,22,9,121.5390203,25.11642936
111,1,4,9,4,2,07信義區,信義區基隆路汽機車混合地下道往北,0,0,2,1,C03,6,3,5,30,14,11,1,4,4,5,7,4,4,10,5,5,2,13,1,28,2,9,3,4,7,9,1,10,1,11,,23,23,1,22,9,121.5640199,25.04048693
111,1,4,9,4,2,07信義區,信義區基隆路汽機車混合地下道往北,0,0,2,2,C03,6,3,5,30,14,11,1,4,4,5,7,4,4,10,5,5,2,13,1,32,2,9,3,4,7,9,1,10,1,13,,44,23,1,22,9,121.5640199,25.04048693
111,1,4,9,5,2,12內湖區,內湖區成功路2段與成功路2段486巷口,0,0,1,1,B03,7,1,5,50,3,1,1,5,4,5,7,1,1,1,4,5,2,11,1,28,3,10,1,1,7,5,1,8,1,6,,8,8,1,22,9,121.5897855,25.07312773
111,1,4,9,5,2,12內湖區,內湖區成功路2段與成功路2段486巷口,0,0,1,2,C03,7,1,5,50,3,1,1,5,4,5,7,1,1,1,4,5,2,11,1,30,2,9,1,1,7,9,1,10,1,11,,44,8,1,22,9,121.5897855,25.07312773
111,1,4,9,15,2,03中山區,中山區民權東路3段12號,0,0,1,1,C03,7,1,5,50,14,9,1,5,4,5,7,4,4,1,4,5,2,17,2,70,2,1,3,4,7,9,3,18,1,15,,17,17,1,22,9,121.5398289,25.06229458
111,1,4,9,15,2,03中山區,中山區民權東路3段12號,0,0,1,2,C03,7,1,5,50,14,9,1,5,4,5,7,4,4,1,4,5,2,17,1,40,3,10,3,4,7,9,1,9,1,12,,17,17,1,22,9,121.5398289,25.06229458
111,1,4,9,30,2,01大同區,大同區哈密街23巷1-8號,0,0,1,1,B03,8,1,5,30,14,9,1,5,4,5,7,4,4,9,5,5,2,2,1,29,3,10,1,1,7,9,1,8,2,5,,23,23,1,22,9,121.5185684,25.07430436
111,1,4,9,30,2,01大同區,大同區哈密街23巷1-8號,0,0,1,2,H01,8,1,5,30,14,9,1,5,4,5,7,4,4,9,5,5,2,2,2,86,2,9,4,5,8,16,8,20,10,16,,67,23,1,22,9,121.5185684,25.07430436
111,1,4,9,40,2,01大同區,大同區環河北路2段與昌吉街口,0,0,1,1,B03,8,1,5,50,3,2,1,5,4,5,7,4,4,8,3,5,1,17,1,58,3,10,1,1,7,6,1,8,1,2,,9,9,1,22,9,121.5089446,25.06582435
111,1,4,9,40,2,01大同區,大同區環河北路2段與昌吉街口,0,0,1,2,C03,8,1,5,50,3,2,1,5,4,5,7,4,4,8,3,5,1,17,1,27,2,9,1,1,7,9,1,10,1,11,,44,9,1,22,9,121.5089446,25.06582435
111,1,4,9,44,2,09北投區,北投區承德路6段與文林北路口,0,0,1,1,C03,8,1,5,50,11,9,1,5,4,5,7,4,4,1,4,5,1,12,2,75,2,1,1,1,7,7,3,18,1,14,,7,7,1,22,9,121.511673,25.10950668
111,1,4,9,44,2,09北投區,北投區承德路6段與文林北路口,0,0,1,2,B03,8,1,5,50,11,9,1,5,4,5,7,4,4,1,4,5,1,12,1,75,3,10,1,1,7,9,1,8,1,2,,44,7,1,22,9,121.511673,25.10950668
111,1,4,9,48,2,02萬華區,萬華區中華路1段與漢口街2段口,0,0,1,1,C03,8,1,5,50,14,9,1,5,4,5,7,1,1,3,3,5,1,16,1,27,3,10,3,4,7,8,1,10,1,13,,7,7,1,22,9,121.5088921,25.04514687
111,1,4,9,48,2,02萬華區,萬華區中華路1段與漢口街2段口,0,0,1,2,C03,8,1,5,50,14,9,1,5,4,5,7,1,1,3,3,5,1,16,2,22,2,9,3,4,7,9,1,10,1,11,,44,7,1,22,9,121.5088921,25.04514687
111,1,4,9,55,2,12內湖區,內湖區成功路2段(成功交流道西南角),0,0,1,1,B03,8,1,5,50,16,9,1,5,4,5,7,2,1,10,4,5,2,13,1,56,3,10,3,4,7,9,1,8,1,1,,16,16,1,22,9,121.5902325,25.06449925
111,1,4,9,55,2,12內湖區,內湖區成功路2段(成功交流道西南角),0,0,1,2,C03,8,1,5,50,16,9,1,5,4,5,7,2,1,10,4,5,2,13,2,33,2,6,1,1,7,14,1,10,1,13,,44,16,1,22,9,121.5902325,25.06449925
111,1,4,10,0,2,08士林區,士林區仰德大道4段75號格致國中前,0,0,1,1,C03,8,1,5,40,14,9,1,5,4,5,7,4,4,4,5,5,2,13,1,20,2,1,1,1,7,9,1,10,1,11,,23,23,1,22,9,121.546787,25.13142274
111,1,4,10,0,2,08士林區,士林區仰德大道4段75號格致國中前,0,0,1,2,B03,8,1,5,40,14,9,1,5,4,5,7,4,4,4,5,5,2,13,1,48,3,10,1,1,7,15,1,8,1,3,,44,23,1,22,9,121.546787,25.13142274
111,1,4,10,20,2,07信義區,信義區忠孝東路5段423巷與虎林街82巷口,0,0,2,1,C03,6,1,5,30,4,1,1,4,4,5,7,4,4,4,5,5,1,16,1,79,2,9,1,1,7,9,1,10,1,12,,6,6,1,22,9,121.5754358,25.0433265
111,1,4,10,20,2,07信義區,信義區忠孝東路5段423巷與虎林街82巷口,0,0,2,2,C03,6,1,5,30,4,1,1,4,4,5,7,4,4,4,5,5,1,16,1,24,2,9,1,1,7,9,1,10,1,11,,13,6,1,22,9,121.5754358,25.0433265
111,1,4,10,28,2,05中正區,中正區中華路2段與愛國西路口,0,0,1,1,B03,8,1,5,50,14,8,1,5,4,5,7,1,1,1,4,4,2,12,1,70,3,10,1,1,7,6,1,8,2,5,,9,9,1,22,9,121.5068399,25.0374847
111,1,4,10,28,2,05中正區,中正區中華路2段與愛國西路口,0,0,1,2,C03,8,1,5,50,14,8,1,5,4,5,7,1,1,1,4,4,2,12,1,20,2,9,1,1,7,9,1,10,2,14,,26,9,1,22,9,121.5068399,25.0374847
111,1,4,11,40,2,01大同區,大同區重慶北路1段與重慶北路1段83巷口,0,0,1,1,B03,8,1,5,30,3,1,1,5,4,5,7,4,4,1,5,5,2,16,1,43,3,10,1,1,7,6,1,8,2,8,,6,6,1,22,9,121.5141759,25.0526757
111,1,4,11,40,2,01大同區,大同區重慶北路1段與重慶北路1段83巷口,0,0,1,2,C03,8,1,5,30,3,1,1,5,4,5,7,4,4,1,5,5,2,16,2,51,2,9,1,1,7,9,1,10,2,11,,23,6,1,22,9,121.5141759,25.0526757
111,1,4,11,45,2,04大安區,大安區復興南路2段45號,0,0,2,1,C03,8,1,5,50,14,8,1,5,4,5,7,4,4,1,4,4,2,16,1,61,2,9,1,1,7,8,1,10,1,12,,43,43,1,22,9,121.5436421,25.03119253
111,1,4,11,45,2,04大安區,大安區復興南路2段45號,0,0,2,2,C03,8,1,5,50,14,8,1,5,4,5,7,4,4,1,4,4,2,16,2,34,2,7,1,1,7,9,1,10,1,11,,43,43,1,22,9,121.5436421,25.03119253
111,1,4,11,53,2,03中山區,中山區長安東路2段與吉林路口,0,0,1,2,C03,7,1,5,50,4,1,1,5,4,5,7,2,1,4,5,5,1,12,1,38,2,9,3,4,7,9,1,10,1,14,,44,23,1,22,9,121.5299571,25.04856377
111,1,4,11,53,2,03中山區,中山區長安東路2段與吉林路口,0,0,1,1,B12,7,1,5,50,4,1,1,5,4,5,7,2,1,4,5,5,1,12,1,64,4,11,3,4,7,15,7,19,11,15,,23,23,2,22,9,121.5299571,25.04856377
111,1,4,12,5,2,09北投區,北投區永興路1段32巷與大同街204巷口,0,0,1,1,C03,8,1,5,30,4,1,1,5,4,5,7,4,4,10,5,5,2,15,1,75,2,9,1,1,7,9,1,10,1,12,,6,6,1,22,9,121.5001247,25.1380509
111,1,4,12,5,2,09北投區,北投區永興路1段32巷與大同街204巷口,0,0,1,2,C03,8,1,5,30,4,1,1,5,4,5,7,4,4,10,5,5,2,15,1,60,3,10,1,1,7,9,1,10,1,11,,14,6,1,22,9,121.5001247,25.1380509
111,1,4,12,25,2,11南港區,南港區東新街170巷7弄與東新街170巷7弄口,0,0,1,1,C03,6,1,5,30,3,2,1,4,4,5,7,4,4,10,5,5,2,11,2,27,2,9,1,1,7,6,1,10,2,11,,9,9,1,22,9,121.5930004,25.04526401
111,1,4,12,25,2,11南港區,南港區東新街170巷7弄與東新街170巷7弄口,0,0,1,2,B03,6,1,5,30,3,2,1,4,4,5,7,4,4,10,5,5,2,11,1,62,3,10,1,1,7,9,6,8,2,8,,5,9,1,22,9,121.5930004,25.04526401
111,1,4,12,32,2,10文山區,文山區木新路3段與木新路3段243巷口,0,0,1,1,B03,8,1,5,50,3,1,1,5,4,5,7,4,4,5,4,5,2,11,2,34,3,10,3,4,7,5,1,8,2,1,,6,6,1,21,8,121.5586941,24.98120924
111,1,4,12,32,2,10文山區,文山區木新路3段與木新路3段243巷口,0,0,1,2,C03,8,1,5,50,3,1,1,5,4,5,7,4,4,5,4,5,2,11,1,25,2,8,3,4,7,9,1,9,2,11,,13,6,1,21,8,121.5586941,24.98120924
111,1,4,12,52,2,05中正區,中正區羅斯福路1段63號人行道,0,0,1,1,B03,8,1,5,50,15,20,1,5,4,5,7,1,1,1,4,5,2,3,2,33,3,10,1,1,7,2,1,8,2,3,,12,12,1,22,9,121.5194905,25.0316051
111,1,4,12,52,2,05中正區,中正區羅斯福路1段63號人行道,0,0,1,2,H01,8,1,5,50,15,20,1,5,4,5,7,1,1,1,4,5,2,3,2,27,2,8,4,5,8,16,8,20,2,16,,67,12,1,22,9,121.5194905,25.0316051
111,1,4,12,53,2,12內湖區,內湖區東湖路113巷與東湖路119巷49弄口,0,0,1,1,C03,8,1,5,30,3,2,1,5,4,5,7,1,1,9,4,5,1,17,2,22,3,10,1,1,7,5,1,10,1,15,,8,8,1,22,9,121.6160203,25.07015697
111,1,4,12,53,2,12內湖區,內湖區東湖路113巷與東湖路119巷49弄口,0,0,1,2,C03,8,1,5,30,3,2,1,5,4,5,7,1,1,9,4,5,1,17,2,30,2,8,1,1,7,9,1,10,1,15,,43,8,1,22,9,121.6160203,25.07015697
111,1,4,12,55,2,11南港區,南港區南港路2段138號,0,0,1,1,B01,6,3,5,50,14,8,1,4,4,5,7,4,4,4,3,4,2,13,1,58,3,10,1,1,7,8,1,4,9,15,,7,7,2,22,9,121.6011036,25.05340246
111,1,4,12,55,2,11南港區,南港區南港路2段138號,0,0,1,2,C03,6,3,5,50,14,8,1,4,4,5,7,4,4,4,3,4,2,13,1,19,2,9,1,1,7,9,3,18,2,12,,13,7,1,22,9,121.6011036,25.05340246
111,1,4,12,55,2,11南港區,南港區南港路2段138號,0,0,1,3,B02,6,3,5,50,14,8,1,4,4,5,7,4,4,4,3,4,2,13,1,48,3,10,3,1,7,13,1,8,1,3,,44,7,1,22,9,121.6011036,25.05340246
111,1,4,13,2,2,03中山區,中山區四平街與伊通街口,0,0,1,1,B03,8,1,5,50,4,1,1,5,4,5,7,4,4,4,3,5,1,13,2,35,3,10,1,1,7,9,1,8,11,1,,16,16,1,22,9,121.5348193,25.05360652
111,1,4,13,2,2,03中山區,中山區四平街與伊通街口,0,0,1,2,C03,8,1,5,50,4,1,1,5,4,5,7,4,4,4,3,5,1,13,1,79,2,9,1,1,7,14,6,18,11,13,,44,16,1,22,9,121.5348193,25.05360652
111,1,4,13,10,2,03中山區,中山區植福路與樂群三路口,0,0,2,1,C03,8,1,5,40,4,1,1,5,4,5,7,2,1,5,5,5,2,3,1,18,2,9,1,4,7,9,1,10,1,11,,15,15,1,22,9,121.560614,25.08266653
111,1,4,13,10,2,03中山區,中山區植福路與樂群三路口,0,0,2,2,H01,8,1,5,40,4,1,1,5,4,5,7,2,1,5,5,5,2,3,1,38,2,9,4,5,8,16,8,20,10,16,,52,15,1,22,9,121.560614,25.08266653
111,1,4,13,40,2,06松山區,松山區麥帥一橋機車道往松山方向,0,0,1,1,C03,7,1,5,50,14,11,1,5,4,5,7,4,4,10,5,5,2,18,2,60,2,9,3,4,7,9,1,10,2,12,,42,42,1,22,9,121.5718646,25.05232223
111,1,4,13,40,2,06松山區,松山區麥帥一橋機車道往松山方向,0,0,1,2,,7,1,5,50,14,11,1,5,4,5,7,4,4,10,5,5,2,18,3,,,,,,,,,,,,,67,42,1,,,121.5718646,25.05232223
111,1,4,13,50,2,12內湖區,內湖區瑞光路356號,0,0,1,1,C03,8,1,5,50,14,9,1,5,4,5,7,4,4,5,4,5,2,12,1,24,2,8,1,1,7,9,1,10,1,12,,23,23,1,22,9,121.5730456,25.07723896