發生年度,發生月,發生日,發生時-Hours,發生分,處理別-編號,區序,肇事地點,死亡人數,2-30日死亡人數,受傷人數,當事人序號,車種,天候,光線,道路類別,速限-速度限制,道路型態,事故位置,路面狀況1,路面狀況2,路面狀況3,道路障礙1,道路障礙2,號誌1,號誌2,車道劃分-分向,車道劃分-分道1,車道劃分-分道2,車道劃分-分道3,事故類型及型態,性別,年齡,受傷程度,主要傷處,安全帽,行動電話,車輛用途,當事者行動狀態,駕駛資格情形,駕駛執照種類,飲酒情形,車輛撞擊部位1,車輛撞擊部位2,肇因碼-個別,肇因碼-主要,個人肇逃否,職業,旅次目的,座標-X,座標-Y
111,1,4,13,50,2,12內湖區,內湖區瑞光路356號,0,0,1,2,B01,8,1,5,50,14,9,1,5,4,5,7,4,4,5,4,5,2,12,1,35,3,10,1,1,7,11,1,4,1,8,,10,23,1,22,9,121.5730456,25.07723896
111,1,4,14,0,2,09北投區,北投區石牌路2段與石牌路2段99巷口,0,0,1,1,H01,8,1,5,50,3,1,1,5,4,5,7,3,1,5,4,5,2,3,2,57,2,8,4,5,8,18,8,20,10,16,,51,51,1,22,9,121.5169348,25.11777625
111,1,4,14,0,2,09北投區,北投區石牌路2段與石牌路2段99巷口,0,0,1,2,B03,8,1,5,50,3,1,1,5,4,5,7,3,1,5,4,5,2,3,1,67,3,10,3,4,7,5,1,8,1,1,,23,51,1,22,9,121.5169348,25.11777625
111,1,4,14,13,2,08士林區,士林區通河西街2段84號,0,0,1,1,C03,7,1,5,50,14,9,1,5,4,5,7,4,4,9,5,5,2,17,2,62,2,8,1,1,7,14,1,10,1,12,,43,43,1,22,9,121.5095466,25.0923236
111,1,4,14,13,2,08士林區,士林區通河西街2段84號,0,0,1,2,C03,7,1,5,50,14,9,1,5,4,5,7,4,4,9,5,5,2,17,1,53,3,10,3,1,7,13,1,10,1,12,,43,43,1,22,9,121.5095466,25.0923236
111,1,4,14,13,2,08士林區,士林區通河西街2段84號,0,0,1,3,C03,7,1,5,50,14,9,1,5,4,5,7,4,4,9,5,5,2,17,1,21,3,10,3,1,7,13,1,10,1,12,,43,43,1,22,9,121.5095466,25.0923236
111,1,4,14,55,2,10文山區,文山區興隆路4段與忠順街2段口,0,0,1,1,B03,8,1,5,50,4,1,1,5,4,5,7,1,1,5,4,5,2,11,2,46,3,10,3,4,7,5,1,8,2,1,,6,6,1,21,8,121.5616881,24.98448554
111,1,4,14,55,2,10文山區,文山區興隆路4段與忠順街2段口,0,0,1,2,C03,8,1,5,50,4,1,1,5,4,5,7,1,1,5,4,5,2,11,2,54,2,9,3,4,7,9,1,10,2,14,,44,6,1,21,8,121.5616881,24.98448554
111,1,4,16,32,2,03中山區,中山區長春路116號,0,0,3,1,C03,7,1,5,50,14,9,1,5,4,3,5,3,1,5,4,4,2,17,2,35,2,9,1,1,7,9,4,11,2,11,,44,44,1,22,9,121.5294416,25.05487224
111,1,4,16,32,2,03中山區,中山區長春路116號,0,0,3,2,C03,7,1,5,50,14,9,1,5,4,3,5,3,1,5,4,4,2,17,2,30,2,9,1,1,7,9,1,10,2,12,,4,44,1,22,9,121.5294416,25.05487224
111,1,4,16,32,2,03中山區,中山區長春路116號,0,0,3,3,H02,7,1,5,50,14,9,1,5,4,3,5,3,1,5,4,4,2,17,1,5,2,9,1,5,7,20,8,20,10,16,,67,44,1,22,9,121.5294416,25.05487224
111,1,4,16,43,2,03中山區,中山區通北街與通北街65巷口口,0,0,1,1,C03,8,1,5,30,3,1,1,5,4,5,7,4,4,5,5,5,2,16,2,22,2,9,1,1,7,5,1,10,2,12,,6,6,1,22,9,121.5399894,25.08241571
111,1,4,16,43,2,03中山區,中山區通北街與通北街65巷口口,0,0,1,2,B03,8,1,5,30,3,1,1,5,4,5,7,4,4,5,5,5,2,16,1,25,3,10,1,1,7,9,1,8,2,4,,13,6,1,22,9,121.5399894,25.08241571
111,1,4,17,0,2,10文山區,文山區指南路1段98號,0,0,1,1,C03,8,1,5,50,14,9,1,5,4,5,7,4,4,5,4,4,2,18,1,52,2,8,1,1,7,9,1,8,1,12,,42,42,1,22,9,121.5713277,24.98765351
111,1,4,17,0,2,10文山區,文山區指南路1段98號,0,0,1,2,,8,1,5,50,14,9,1,5,4,5,7,4,4,5,4,4,2,18,3,,,,,,,,,,,,,61,42,1,,,121.5713277,24.98765351
111,1,4,17,28,2,04大安區,大安區仁愛路3段與復興南路1段口,0,0,2,1,C03,6,1,5,50,4,1,1,4,4,5,7,1,1,9,4,5,1,17,1,39,2,7,1,1,7,6,1,10,1,11,,8,8,1,22,9,121.5432436,25.0385072
111,1,4,17,28,2,04大安區,大安區仁愛路3段與復興南路1段口,0,0,2,2,F01,6,1,5,50,4,1,1,4,4,5,7,1,1,9,4,5,1,17,1,38,2,8,1,1,7,9,8,20,1,16,,44,8,1,22,9,121.5432436,25.0385072
111,1,4,17,34,2,05中正區,中正區福和橋往永和上橋處,0,0,1,1,,8,1,5,40,14,12,1,5,4,5,7,4,4,10,4,4,2,13,4,,4,11,3,4,7,15,7,19,11,15,,43,43,2,22,9,121.535329,25.01071427
111,1,4,17,34,2,05中正區,中正區福和橋往永和上橋處,0,0,1,2,C03,8,1,5,40,14,12,1,5,4,5,7,4,4,10,4,4,2,13,2,52,2,8,1,1,7,14,1,10,1,13,,44,43,1,22,9,121.535329,25.01071427
111,1,4,17,36,2,04大安區,大安區羅斯福路2段109號,0,0,1,1,C03,7,1,5,50,14,9,1,5,4,5,7,4,4,1,4,5,2,17,1,34,2,8,1,4,7,9,1,10,1,11,,16,16,1,22,9,121.524524,25.02447192
111,1,4,17,36,2,04大安區,大安區羅斯福路2段109號,0,0,1,2,C03,7,1,5,50,14,9,1,5,4,5,7,4,4,1,4,5,2,17,1,38,3,10,1,4,7,12,1,10,1,13,,44,16,1,22,9,121.524524,25.02447192
111,1,4,17,36,2,04大安區,大安區羅斯福路2段109號,0,0,1,3,B02,7,1,5,50,14,9,1,5,4,5,7,4,4,1,4,5,2,17,1,78,3,10,3,4,7,1,1,8,1,15,,19,16,1,22,9,121.524524,25.02447192
111,1,4,17,40,2,07信義區,信義區大道路與大道路74巷口,0,0,2,1,C03,6,3,5,50,4,1,1,4,4,5,7,2,1,9,4,5,2,16,2,37,2,7,1,1,7,5,1,10,1,12,,8,8,1,22,9,121.5824675,25.04080624
111,1,4,17,40,2,07信義區,信義區大道路與大道路74巷口,0,0,2,2,C03,6,3,5,50,4,1,1,4,4,5,7,2,1,9,4,5,2,16,1,22,2,8,1,1,7,9,1,10,1,11,,44,8,1,22,9,121.5824675,25.04080624
111,1,4,17,46,2,11南港區,南港區忠孝東路6段與忠孝東路6段269巷口,0,0,1,1,B03,6,3,5,50,14,8,1,4,4,5,7,4,4,9,4,4,2,12,1,46,3,10,1,1,7,6,1,8,1,2,,9,9,1,22,9,121.5895723,25.0500723
111,1,4,17,46,2,11南港區,南港區忠孝東路6段與忠孝東路6段269巷口,0,0,1,2,C03,6,3,5,50,14,8,1,4,4,5,7,4,4,9,4,4,2,12,2,28,2,8,1,1,7,9,1,10,1,11,,14,9,1,22,9,121.5895723,25.0500723
111,1,4,17,50,2,11南港區,南港區忠孝東路7段與向陽路口,0,0,3,1,C03,6,3,5,50,5,1,1,4,4,5,7,2,1,1,4,5,2,16,1,20,2,7,1,1,7,9,1,10,1,11,,25,25,1,21,8,121.5958098,25.05085255
111,1,4,17,50,2,11南港區,南港區忠孝東路7段與向陽路口,0,0,3,2,C03,6,3,5,50,5,1,1,4,4,5,7,2,1,1,4,5,2,16,1,34,2,7,1,1,7,5,1,10,1,14,,26,25,1,21,8,121.5958098,25.05085255
111,1,4,17,50,2,11南港區,南港區忠孝東路7段與向陽路口,0,0,3,3,H02,6,3,5,50,5,1,1,4,4,5,7,2,1,1,4,5,2,16,2,25,2,8,1,5,7,20,8,20,10,16,,67,25,1,21,8,121.5958098,25.05085255
111,1,4,18,0,2,11南港區,南港區興東街與新民街口,0,0,1,1,B03,6,3,5,30,4,1,1,4,4,5,7,2,1,5,5,5,2,3,1,27,3,10,3,4,7,5,1,8,2,4,,15,15,1,22,9,121.6119752,25.0560035
111,1,4,18,0,2,11南港區,南港區興東街與新民街口,0,0,1,2,H01,6,3,5,30,4,1,1,4,4,5,7,2,1,5,5,5,2,3,2,57,2,9,4,5,8,16,8,20,10,16,,67,15,1,22,9,121.6119752,25.0560035
111,1,4,18,11,2,06松山區,松山區民權大橋東向西下橋處,0,0,1,1,C03,6,3,5,50,14,9,1,4,4,5,7,4,4,2,3,5,2,13,1,60,2,8,1,1,7,9,1,10,2,13,,43,43,1,22,1,121.5672477,25.06351086
111,1,4,18,11,2,06松山區,松山區民權大橋東向西下橋處,0,0,1,2,C03,6,3,5,50,14,9,1,4,4,5,7,4,4,2,3,5,2,13,1,53,3,10,1,1,7,9,1,10,2,11,,17,43,1,22,1,121.5672477,25.06351086
111,1,4,18,11,2,06松山區,松山區民權大橋東向西下橋處,0,0,1,3,B01,6,3,5,50,14,9,1,4,4,5,7,4,4,2,3,5,2,13,4,,4,11,3,4,7,10,7,19,11,15,,7,43,2,22,9,121.5672477,25.06351086
111,1,4,18,30,2,12內湖區,內湖區民權東路6段123巷與民權東路6段口,0,0,1,1,B12,6,3,5,50,4,1,1,4,4,5,7,2,1,1,4,4,2,3,1,45,3,10,1,1,7,5,1,8,2,8,,15,15,1,22,9,121.5927857,25.06895178
111,1,4,18,30,2,12內湖區,內湖區民權東路6段123巷與民權東路6段口,0,0,1,2,H01,6,3,5,50,4,1,1,4,4,5,7,2,1,1,4,4,2,3,2,43,2,9,4,5,8,16,8,20,10,16,,51,15,1,22,9,121.5927857,25.06895178
111,1,4,18,40,2,04大安區,大安區信義路3段與新生南路1段口,0,0,1,1,B01,7,3,5,0,4,1,1,5,4,5,7,2,1,1,4,5,2,17,1,63,3,10,1,1,7,8,1,4,1,5,,7,7,1,22,9,121.5328764,25.03365828
111,1,4,18,40,2,04大安區,大安區信義路3段與新生南路1段口,0,0,1,2,C03,7,3,5,0,4,1,1,5,4,5,7,2,1,1,4,5,2,17,1,54,2,8,1,1,7,9,1,10,1,11,,44,7,1,22,9,121.5328764,25.03365828
111,1,4,18,40,2,12內湖區,內湖區瑞光路與基湖路口,0,0,1,1,B03,6,3,5,50,3,1,1,4,4,5,7,1,1,5,3,5,1,3,2,51,3,10,3,4,7,5,1,8,1,1,,15,15,1,22,9,121.5650299,25.0808439
111,1,4,18,40,2,12內湖區,內湖區瑞光路與基湖路口,0,0,1,2,H01,6,3,5,50,3,1,1,4,4,5,7,1,1,5,3,5,1,3,1,42,2,9,4,5,8,18,8,20,10,16,,51,15,1,22,9,121.5650299,25.0808439
111,1,4,18,45,2,06松山區,松山區塔悠路與延壽街口,0,0,1,1,B01,6,3,5,50,3,1,1,4,4,5,7,2,1,1,4,4,2,3,1,33,3,10,1,1,7,5,1,4,2,1,,15,15,1,22,9,121.5694013,25.05735963
111,1,4,18,45,2,06松山區,松山區塔悠路與延壽街口,0,0,1,2,H01,6,3,5,50,3,1,1,4,4,5,7,2,1,1,4,4,2,3,2,48,2,9,4,5,8,16,8,20,10,16,,67,15,1,22,9,121.5694013,25.05735963
111,1,4,18,56,2,11南港區,南港區南港路1段與經貿二路口,0,0,1,2,C03,6,3,5,50,4,1,1,4,4,5,7,2,1,1,3,5,2,16,2,58,2,9,1,1,7,6,1,10,2,14,,44,17,1,22,9,121.6166887,25.05507364
111,1,4,18,56,2,11南港區,南港區南港路1段與經貿二路口,0,0,1,1,B03,6,3,5,50,4,1,1,4,4,5,7,2,1,1,3,5,2,16,1,70,3,10,1,1,7,6,1,8,9,6,,17,17,2,22,9,121.6166887,25.05507364
111,1,4,18,58,2,03中山區,中山區長安東路2段與伊通街口,0,0,1,1,B02,6,3,5,50,4,1,1,4,4,5,7,1,1,5,4,5,2,16,1,46,3,10,3,4,7,5,1,8,1,15,,6,6,1,22,9,121.5347366,25.04842417
111,1,4,18,58,2,03中山區,中山區長安東路2段與伊通街口,0,0,1,2,C03,6,3,5,50,4,1,1,4,4,5,7,1,1,5,4,5,2,16,1,37,2,9,3,4,7,9,1,10,1,14,,44,6,1,22,9,121.5347366,25.04842417
111,1,4,19,0,2,10文山區,文山區興隆路3段300號,0,0,2,1,C03,6,1,5,50,14,9,1,4,4,5,7,4,4,3,4,5,2,13,1,27,2,5,1,1,7,9,1,10,2,11,,23,23,1,22,9,121.5588906,24.99303961
111,1,4,19,0,2,10文山區,文山區興隆路3段300號,0,0,2,2,C03,6,1,5,50,14,9,1,4,4,5,7,4,4,3,4,5,2,13,1,65,2,5,1,1,7,9,1,10,2,13,,42,23,1,22,9,121.5588906,24.99303961
111,1,4,19,4,2,09北投區,北投區大業路527巷與大業路口,0,0,2,1,C03,8,3,5,40,4,1,1,5,4,5,7,1,1,5,2,5,2,16,1,24,2,9,1,1,7,5,1,9,1,14,,8,8,1,22,9,121.4963136,25.13440705
111,1,4,19,4,2,09北投區,北投區大業路527巷與大業路口,0,0,2,2,C03,8,3,5,40,4,1,1,5,4,5,7,1,1,5,2,5,2,16,1,24,2,9,1,1,7,9,1,10,1,12,,44,8,1,22,9,121.4963136,25.13440705
111,1,4,19,5,2,03中山區,中山區新生北路1段與林森北路119巷口,0,0,2,1,C03,6,3,5,50,4,2,1,4,4,5,7,1,1,10,3,5,2,12,2,24,3,10,1,1,7,6,1,10,1,12,,9,9,1,21,9,121.5280125,25.05051143
111,1,4,19,5,2,03中山區,中山區新生北路1段與林森北路119巷口,0,0,2,2,C03,6,3,5,50,4,2,1,4,4,5,7,1,1,10,3,5,2,12,1,68,2,9,1,1,7,9,1,10,1,14,,44,9,1,21,9,121.5280125,25.05051143
111,1,4,19,5,2,03中山區,中山區新生北路1段與林森北路119巷口,0,0,2,3,H02,6,3,5,50,4,2,1,4,4,5,7,1,1,10,3,5,2,12,2,66,2,9,4,5,7,20,8,20,10,16,,67,9,1,22,9,121.5280125,25.05051143
111,1,4,19,10,2,10文山區,文山區木柵路1段59巷80號,0,0,2,1,C03,6,3,5,50,14,9,1,4,4,5,7,4,4,5,4,5,2,1,1,30,2,9,1,1,7,9,1,10,2,11,,23,23,1,22,9,121.5482554,24.9881907
111,1,4,19,10,2,10文山區,文山區木柵路1段59巷80號,0,0,2,2,H01,6,3,5,50,14,9,1,4,4,5,7,4,4,5,4,5,2,1,1,20,2,9,4,5,8,16,8,20,10,16,,67,23,1,22,9,121.5482554,24.9881907
111,1,4,19,10,2,07信義區,信義區莊敬路469號,0,0,1,2,F01,6,3,5,0,14,9,1,4,4,5,7,4,4,9,4,5,1,17,2,32,2,2,1,1,7,9,8,20,11,16,,44,43,1,22,9,121.5679436,25.02679475
111,1,4,19,10,2,07信義區,信義區莊敬路469號,0,0,1,1,,6,3,5,0,14,9,1,4,4,5,7,4,4,9,4,5,1,17,4,,4,11,3,4,7,15,7,19,11,15,,43,43,2,22,9,121.5679436,25.02679475
111,1,4,19,40,2,06松山區,松山區塔悠路與健康路口,0,0,1,1,B01,6,3,5,50,3,1,1,4,4,5,7,1,1,1,4,5,2,2,1,45,3,10,3,4,7,5,1,2,2,1,,15,15,1,22,9,121.5698704,25.05462764
111,1,4,19,40,2,06松山區,松山區塔悠路與健康路口,0,0,1,2,H01,6,3,5,50,3,1,1,4,4,5,7,1,1,1,4,5,2,2,2,49,2,9,4,1,8,16,8,20,10,16,,67,15,1,22,9,121.5698704,25.05462764
111,1,4,19,42,2,05中正區,中正區忠孝東路2段與新生南路1段口口,0,0,1,1,F02,7,3,5,0,4,2,1,5,4,5,7,2,1,9,4,4,1,16,1,68,2,8,2,1,7,7,8,20,1,16,,25,25,1,20,5,121.5326274,25.04242336
111,1,4,19,42,2,05中正區,中正區忠孝東路2段與新生南路1段口口,0,0,1,2,B02,7,3,5,0,4,2,1,5,4,5,7,2,1,9,4,4,1,16,1,40,3,10,1,1,7,9,1,4,1,1,,23,25,1,21,1,121.5326274,25.04242336
111,1,4,19,47,2,04大安區,大安區建國南路2段與和平東路2段口,0,0,2,1,C03,6,3,5,50,4,2,1,4,4,5,7,1,1,1,3,5,2,17,2,37,3,10,1,1,7,6,1,10,1,15,,25,25,1,22,9,121.5372908,25.02580298
111,1,4,19,47,2,04大安區,大安區建國南路2段與和平東路2段口,0,0,2,2,C03,6,3,5,50,4,2,1,4,4,5,7,1,1,1,3,5,2,17,1,52,2,9,1,1,7,9,1,10,1,15,,44,25,1,22,9,121.5372908,25.02580298
111,1,4,19,47,2,04大安區,大安區建國南路2段與和平東路2段口,0,0,2,3,C03,6,3,5,50,4,2,1,4,4,5,7,1,1,1,3,5,2,17,1,29,2,9,1,1,7,9,1,10,1,15,,44,25,1,22,9,121.5372908,25.02580298
111,1,4,20,0,2,05中正區,中正區南昌路1段77號,0,0,1,1,,6,3,5,50,14,9,1,4,4,5,7,4,4,5,4,5,2,16,4,,4,11,3,4,7,15,7,19,11,15,,43,43,2,22,9,121.5177238,25.03071356
111,1,4,20,0,2,05中正區,中正區南昌路1段77號,0,0,1,2,C03,6,3,5,50,14,9,1,4,4,5,7,4,4,5,4,5,2,16,2,27,2,8,1,1,7,9,1,10,1,12,,43,43,1,22,9,121.5177238,25.03071356
111,1,4,20,10,2,07信義區,信義區林口街66巷8號,0,0,1,1,B01,6,3,5,30,14,9,1,4,4,5,7,4,4,10,5,5,1,9,1,65,3,10,1,1,7,15,1,4,11,15,,43,43,1,22,9,121.5796513,25.038786
111,1,4,20,10,2,07信義區,信義區林口街66巷8號,0,0,1,2,H02,6,3,5,30,14,9,1,4,4,5,7,4,4,10,5,5,1,9,2,30,2,7,4,5,7,19,8,20,10,16,,67,43,1,22,9,121.5796513,25.038786
111,1,4,20,26,2,08士林區,士林區文林路437號,0,0,2,1,C03,7,3,5,0,14,9,1,5,4,5,7,1,1,5,4,5,2,16,2,44,2,8,1,1,7,5,1,10,2,15,,8,8,1,22,9,121.5246603,25.09480693
111,1,4,20,26,2,08士林區,士林區文林路437號,0,0,2,2,C03,7,3,5,0,14,9,1,5,4,5,7,1,1,5,4,5,2,16,2,24,2,7,1,1,7,9,1,10,2,14,,44,8,1,22,9,121.5246603,25.09480693
111,1,4,20,47,2,10文山區,文山區木柵路1段與木柵路1段335巷口,0,0,1,1,F02,6,3,5,50,4,1,1,4,4,5,7,1,1,8,3,5,2,15,2,49,2,9,1,1,7,9,8,20,2,16,,25,25,1,22,9,121.5577263,24.9887123
111,1,4,20,47,2,10文山區,文山區木柵路1段與木柵路1段335巷口,0,0,1,2,B03,6,3,5,50,4,1,1,4,4,5,7,1,1,8,3,5,2,15,2,55,3,10,1,1,7,9,1,8,2,8,,44,25,1,22,9,121.5577263,24.9887123
111,1,4,20,54,2,03中山區,中山區長安東路2段153巷(第四號停車格),0,0,1,1,B02,6,3,5,30,14,9,1,4,4,5,7,4,4,10,5,5,2,17,1,52,3,10,3,4,7,1,1,8,1,15,,19,19,1,22,9,121.5391309,25.04979692
111,1,4,20,54,2,03中山區,中山區長安東路2段153巷(第四號停車格),0,0,1,2,C03,6,3,5,30,14,9,1,4,4,5,7,4,4,10,5,5,2,17,2,53,2,9,3,4,7,9,1,10,1,14,,44,19,1,22,9,121.5391309,25.04979692
111,1,4,20,55,2,09北投區,北投區大度路3段與大度路3段270巷口,0,0,1,1,C03,8,3,5,50,4,1,1,5,4,5,7,2,1,8,3,5,2,17,2,39,2,8,1,1,7,5,1,10,1,14,,6,6,1,22,9,121.4669599,25.12338458
111,1,4,20,55,2,09北投區,北投區大度路3段與大度路3段270巷口,0,0,1,2,B03,8,3,5,50,4,1,1,5,4,5,7,2,1,8,3,5,2,17,1,39,3,10,1,1,7,9,1,8,1,5,,44,6,1,22,9,121.4669599,25.12338458
111,1,4,21,30,2,08士林區,士林區中正路606號,0,0,1,1,C03,7,3,5,50,14,9,1,5,4,5,7,4,4,9,4,5,1,17,1,31,3,10,1,1,7,5,1,10,1,15,,8,8,1,22,9,121.5095788,25.08696596
111,1,4,21,30,2,08士林區,士林區中正路606號,0,0,1,2,C03,7,3,5,50,14,9,1,5,4,5,7,4,4,9,4,5,1,17,1,41,2,9,1,1,7,9,1,10,1,14,,14,8,1,22,9,121.5095788,25.08696596
111,1,4,21,45,2,05中正區,中正區水源路49號,0,0,1,1,B03,6,3,5,50,14,9,1,4,4,5,7,4,4,5,4,5,2,16,2,51,3,10,1,1,7,1,1,8,1,5,,19,19,1,22,9,121.523605,25.01905843
111,1,4,21,45,2,05中正區,中正區水源路49號,0,0,1,2,C03,6,3,5,50,14,9,1,4,4,5,7,4,4,5,4,5,2,16,2,44,2,9,1,1,7,5,1,10,1,11,,23,19,1,22,9,121.523605,25.01905843
111,1,4,22,0,2,03中山區,中山區中山北路3段與酒泉街口,0,0,2,1,C03,7,3,5,50,14,9,1,4,4,5,7,1,1,1,4,5,2,16,1,23,2,9,1,1,7,9,1,10,1,11,,26,26,1,22,9,121.5233877,25.07073964
111,1,4,22,0,2,03中山區,中山區中山北路3段與酒泉街口,0,0,2,2,C03,7,3,5,50,14,9,1,4,4,5,7,1,1,1,4,5,2,16,1,23,2,9,1,1,7,8,1,10,1,12,,26,26,1,22,9,121.5233877,25.07073964
111,1,4,22,10,2,04大安區,大安區市民大道3段298號,0,0,2,1,C03,8,3,5,40,14,9,1,5,4,5,7,4,4,1,4,5,2,12,1,33,2,8,3,4,7,5,1,10,1,13,,8,8,1,22,9,121.5429174,25.04464456
111,1,4,22,10,2,04大安區,大安區市民大道3段298號,0,0,2,2,C03,8,3,5,40,14,9,1,5,4,5,7,4,4,1,4,5,2,12,1,45,2,9,3,4,7,9,1,10,1,11,,23,8,1,22,9,121.5429174,25.04464456
111,1,4,22,10,2,05中正區,中正區中山北路1段與市民大道1段口,0,0,1,1,B01,7,3,5,50,4,1,1,5,4,5,7,2,1,9,4,5,1,3,1,60,3,10,1,1,7,6,1,4,2,8,,15,15,1,21,1,121.5208564,25.04798088
111,1,4,22,10,2,05中正區,中正區中山北路1段與市民大道1段口,0,0,1,2,H01,7,3,5,50,4,1,1,5,4,5,7,2,1,9,4,5,1,3,2,47,2,9,4,5,8,16,8,20,10,16,,51,15,1,21,5,121.5208564,25.04798088
111,1,4,22,13,2,07信義區,信義區基隆路1段與基隆路1段147巷口口,0,0,1,1,C04,6,3,5,50,3,2,1,4,4,5,7,4,4,1,4,5,2,18,1,30,2,9,1,1,7,6,1,10,2,14,,43,43,1,22,9,121.5654465,25.04276431
111,1,4,22,13,2,07信義區,信義區基隆路1段與基隆路1段147巷口口,0,0,1,2,,6,3,5,50,3,2,1,4,4,5,7,4,4,1,4,5,2,18,3,,,,,,,,,,,,,67,43,,,,121.5654465,25.04276431
111,1,4,22,31,2,03中山區,中山區中山北路2段與長春路口,0,0,2,1,C03,8,1,5,50,4,1,1,5,4,5,7,1,1,9,4,5,2,16,1,27,2,9,1,1,7,5,1,10,1,11,,8,8,1,22,9,121.5228538,25.0549917
111,1,4,22,31,2,03中山區,中山區中山北路2段與長春路口,0,0,2,2,C03,8,1,5,50,4,1,1,5,4,5,7,1,1,9,4,5,2,16,1,25,2,9,1,1,7,9,1,10,1,11,,44,8,1,22,9,121.5228538,25.0549917
111,1,4,22,48,2,09北投區,北投區東華街2段366號與立農街1段187巷口,0,0,2,1,C03,8,1,5,50,3,2,1,5,4,5,7,1,1,9,4,5,1,12,1,46,2,8,1,1,7,5,1,10,2,14,,8,8,1,22,9,121.5049018,25.12126226
111,1,4,22,48,2,09北投區,北投區東華街2段366號與立農街1段187巷口,0,0,2,2,C03,8,1,5,50,3,2,1,5,4,5,7,1,1,9,4,5,1,12,2,34,2,9,1,1,7,9,1,10,2,12,,44,8,1,22,9,121.5049018,25.12126226
111,1,5,1,17,2,12內湖區,內湖區民權東路6段296巷與民權東路6段口,0,0,2,1,C03,6,3,5,30,4,1,1,4,4,5,7,2,1,9,4,4,2,15,1,22,2,7,1,1,7,21,1,10,2,14,,6,6,1,22,9,121.6052657,25.07251165
111,1,5,1,17,2,12內湖區,內湖區民權東路6段296巷與民權東路6段口,0,0,2,2,C03,6,3,5,30,4,1,1,4,4,5,7,2,1,9,4,4,2,15,1,44,2,9,1,1,7,21,1,10,2,11,,44,6,1,22,9,121.6052657,25.07251165
111,1,5,6,1,2,01大同區,大同區延平北路2段與歸綏街口,0,0,1,1,B03,8,3,5,50,3,1,1,5,4,5,7,1,1,5,4,5,2,11,1,76,3,10,1,1,7,5,1,8,2,1,,6,6,1,22,9,121.5114979,25.05829733
111,1,5,6,1,2,01大同區,大同區延平北路2段與歸綏街口,0,0,1,2,C03,8,3,5,50,3,1,1,5,4,5,7,1,1,5,4,5,2,11,2,54,2,9,1,1,7,9,1,10,2,14,,44,6,1,22,9,121.5114979,25.05829733
111,1,5,7,10,2,12內湖區,內湖區康寧路3段與康寧路3段245巷口,0,0,1,1,A02,8,1,5,50,3,1,1,5,4,5,7,4,4,1,4,5,2,9,1,43,3,10,1,1,7,12,1,2,2,15,,43,43,1,22,9,121.6114425,25.06699236
111,1,5,7,10,2,12內湖區,內湖區康寧路3段與康寧路3段245巷口,0,0,1,2,H02,8,1,5,50,3,1,1,5,4,5,7,4,4,1,4,5,2,9,2,69,2,5,4,5,7,17,8,20,10,16,,67,43,1,22,9,121.6114425,25.06699236
111,1,5,7,20,2,11南港區,南港區市民大道8段與南港路1段277巷口,0,0,1,1,B12,7,1,5,50,4,1,1,4,4,5,6,2,1,5,4,5,2,17,1,60,3,10,1,4,7,5,1,8,2,15,,6,6,1,22,9,121.6087692,25.0545107
111,1,5,7,20,2,11南港區,南港區市民大道8段與南港路1段277巷口,0,0,1,2,C03,7,1,5,50,4,1,1,4,4,5,6,2,1,5,4,5,2,17,1,28,2,9,1,4,7,9,1,10,2,15,,13,6,1,22,9,121.6087692,25.0545107
111,1,5,8,5,2,04大安區,大安區溫州街26號,0,0,1,1,B02,7,1,5,30,14,9,1,5,4,5,7,4,4,10,5,5,1,17,1,36,3,10,1,1,7,9,1,8,1,5,,44,44,1,22,9,121.533175,25.02305
111,1,5,8,5,2,04大安區,大安區溫州街26號,0,0,1,2,C03,7,1,5,30,14,9,1,5,4,5,7,4,4,10,5,5,1,17,1,33,2,8,1,1,7,2,1,10,1,13,,12,44,1,22,9,121.533175,25.02305
111,1,5,8,9,2,04大安區,大安區四維路與四維路154巷口,0,0,1,1,C03,8,1,5,30,5,1,1,5,4,5,7,3,1,9,5,5,2,15,1,35,2,8,1,4,7,9,1,10,1,12,,6,6,1,22,9,121.5479139,25.0311361
111,1,5,8,9,2,04大安區,大安區四維路與四維路154巷口,0,0,1,2,B03,8,1,5,30,5,1,1,5,4,5,7,3,1,9,5,5,2,15,1,44,3,10,1,4,7,9,1,8,1,1,,14,6,1,22,9,121.5479139,25.0311361
111,1,5,8,14,2,07信義區,信義區和平東路3段與和平東路3段575巷口,0,0,2,1,C03,7,1,5,40,3,1,1,5,4,5,7,4,4,5,5,5,2,16,1,73,2,9,1,1,7,5,1,10,1,12,,6,6,1,22,9,121.5605038,25.01638171
111,1,5,8,14,2,07信義區,信義區和平東路3段與和平東路3段575巷口,0,0,2,2,C03,7,1,5,40,3,1,1,5,4,5,7,4,4,5,5,5,2,16,1,25,2,7,1,1,7,9,1,10,1,11,,23,6,1,22,9,121.5605038,25.01638171
111,1,5,8,17,2,03中山區,中山區新生北路1段與長安東路1段口,0,0,3,1,C03,8,1,5,50,4,2,1,5,4,5,7,1,1,1,4,5,2,13,2,18,2,9,1,1,7,9,1,10,1,11,,23,23,1,22,9,121.529474,25.04818209
111,1,5,8,17,2,03中山區,中山區新生北路1段與長安東路1段口,0,0,3,2,C03,8,1,5,50,4,2,1,5,4,5,7,1,1,1,4,5,2,13,2,38,2,9,1,1,7,8,1,10,1,13,,7,23,1,22,9,121.529474,25.04818209