發生年度,發生月,發生日,發生時-Hours,發生分,處理別-編號,區序,肇事地點,死亡人數,2-30日死亡人數,受傷人數,當事人序號,車種,天候,光線,道路類別,速限-速度限制,道路型態,事故位置,路面狀況1,路面狀況2,路面狀況3,道路障礙1,道路障礙2,號誌1,號誌2,車道劃分-分向,車道劃分-分道1,車道劃分-分道2,車道劃分-分道3,事故類型及型態,性別,年齡,受傷程度,主要傷處,安全帽,行動電話,車輛用途,當事者行動狀態,駕駛資格情形,駕駛執照種類,飲酒情形,車輛撞擊部位1,車輛撞擊部位2,肇因碼-個別,肇因碼-主要,個人肇逃否,職業,旅次目的,座標-X,座標-Y
111,1,5,8,17,2,03中山區,中山區新生北路1段與長安東路1段口,0,0,3,3,H02,8,1,5,50,4,2,1,5,4,5,7,1,1,1,4,5,2,13,2,21,2,9,1,5,7,20,8,20,10,16,,67,23,1,22,9,121.529474,25.04818209
111,1,5,8,20,2,12內湖區,內湖區民權東路6段190巷117弄與民權東路6段206巷143弄口,0,0,1,1,C03,7,1,5,30,4,1,1,4,4,5,7,4,4,10,5,5,2,16,1,48,2,9,1,1,7,5,1,10,1,14,,6,6,1,22,9,121.5956453,25.06430349
111,1,5,8,20,2,12內湖區,內湖區民權東路6段190巷117弄與民權東路6段206巷143弄口,0,0,1,2,B03,7,1,5,30,4,1,1,4,4,5,7,4,4,10,5,5,2,16,1,64,3,10,1,1,7,9,1,8,1,8,,42,6,1,22,9,121.5956453,25.06430349
111,1,5,8,21,2,02萬華區,萬華區桂林路76號,0,0,1,1,H01,8,1,5,50,14,9,1,5,4,5,7,4,4,8,3,5,1,7,2,65,2,9,4,5,8,16,8,20,10,16,,67,67,1,22,9,121.5012137,25.03844009
111,1,5,8,21,2,02萬華區,萬華區桂林路76號,0,0,1,2,C03,8,1,5,50,14,9,1,5,4,5,7,4,4,8,3,5,1,7,1,30,3,10,3,4,7,9,1,10,1,11,,44,67,1,22,9,121.5012137,25.03844009
111,1,5,8,25,2,08士林區,士林區中社路2段與中社路2段91巷口,0,0,1,1,B03,8,1,5,30,4,2,1,5,4,5,7,4,4,10,5,5,2,17,2,60,3,10,1,1,7,6,1,8,1,4,,6,6,1,22,9,121.5666202,25.10746978
111,1,5,8,25,2,08士林區,士林區中社路2段與中社路2段91巷口,0,0,1,2,F01,8,1,5,30,4,2,1,5,4,5,7,4,4,10,5,5,2,17,1,39,2,9,1,1,7,9,8,20,1,16,,23,6,1,22,9,121.5666202,25.10746978
111,1,5,8,34,2,09北投區,北投區石牌路2段319號,0,0,1,1,,8,1,5,50,14,9,1,5,4,5,7,4,4,7,4,5,1,17,4,,4,11,3,4,7,15,7,19,11,15,,43,43,2,22,9,121.523692,25.12190345
111,1,5,8,34,2,09北投區,北投區石牌路2段319號,0,0,1,2,C04,8,1,5,50,14,9,1,5,4,5,7,4,4,7,4,5,1,17,2,27,2,9,1,1,7,9,1,11,1,14,,43,43,1,22,9,121.523692,25.12190345
111,1,5,8,45,2,03中山區,中山區明水路581巷12弄與明水路581巷口,0,0,1,1,B03,8,1,5,50,4,2,1,5,4,5,7,1,1,5,4,5,1,17,1,46,3,10,1,1,7,5,1,8,11,5,,6,6,1,22,9,121.5511881,25.0799959
111,1,5,8,45,2,03中山區,中山區明水路581巷12弄與明水路581巷口,0,0,1,2,C04,8,1,5,50,4,2,1,5,4,5,7,1,1,5,4,5,1,17,2,25,2,8,1,1,7,9,1,10,11,11,,44,6,1,22,9,121.5511881,25.0799959
111,1,5,8,48,2,08士林區,士林區中山北路6段768號對面往南,0,0,1,1,B02,8,1,5,50,14,9,1,4,4,5,7,4,4,1,4,5,2,17,2,36,3,10,1,1,7,10,1,8,1,15,,7,7,1,22,9,121.5282778,25.1161105
111,1,5,8,48,2,08士林區,士林區中山北路6段768號對面往南,0,0,1,2,C03,8,1,5,50,14,9,1,4,4,5,7,4,4,1,4,5,2,17,1,29,2,9,1,1,7,9,1,10,1,14,,42,7,1,22,9,121.5282778,25.1161105
111,1,5,8,51,2,09北投區,北投區承德路6段337號,0,0,1,1,B03,7,1,5,60,14,12,1,5,4,5,7,4,4,1,4,4,2,16,2,36,3,10,3,4,7,8,1,8,2,5,,7,7,1,22,9,121.5119427,25.10372753
111,1,5,8,51,2,09北投區,北投區承德路6段337號,0,0,1,2,C03,7,1,5,60,14,12,1,5,4,5,7,4,4,1,4,4,2,16,1,43,2,9,3,4,7,9,1,10,2,14,,44,7,1,22,9,121.5119427,25.10372753
111,1,5,8,53,2,07信義區,信義區基隆路1段與松壽路口,0,0,1,1,C03,8,1,5,50,3,1,1,5,4,5,7,2,1,9,4,5,2,17,2,24,2,9,1,1,7,5,1,10,2,14,,8,8,1,22,9,121.5615205,25.03591732
111,1,5,8,53,2,07信義區,信義區基隆路1段與松壽路口,0,0,1,2,B01,8,1,5,50,3,1,1,5,4,5,7,2,1,9,4,5,2,17,1,67,3,10,1,1,7,9,1,4,2,2,,44,8,1,22,9,121.5615205,25.03591732
111,1,5,9,4,2,06松山區,松山區民生東路5段與光復北路口,0,0,1,1,C03,8,1,5,50,4,2,1,5,4,5,7,1,1,1,4,5,2,17,1,48,2,9,1,4,7,7,1,10,2,14,,7,7,1,22,9,121.5553092,25.05826547
111,1,5,9,4,2,06松山區,松山區民生東路5段與光復北路口,0,0,1,2,B03,8,1,5,50,4,2,1,5,4,5,7,1,1,1,4,5,2,17,2,35,3,10,1,4,7,9,1,8,2,1,,44,7,1,22,9,121.5553092,25.05826547
111,1,5,9,10,2,08士林區,士林區中山北路6段與德行西路口,0,0,1,1,B03,7,1,5,50,4,2,1,5,4,5,7,2,1,1,4,5,2,16,1,48,3,10,1,1,7,6,1,8,2,4,,9,9,1,22,9,121.5247843,25.106405
111,1,5,9,10,2,08士林區,士林區中山北路6段與德行西路口,0,0,1,2,F01,7,1,5,50,4,2,1,5,4,5,7,2,1,1,4,5,2,16,1,54,2,8,1,1,7,11,8,20,2,16,,11,9,1,22,9,121.5247843,25.106405
111,1,5,9,35,2,04大安區,大安區建國南路2段79巷12號,0,0,1,1,B03,8,1,5,30,13,9,1,5,4,5,7,4,4,10,4,5,2,16,1,31,3,10,1,1,7,1,1,8,1,5,,19,19,1,22,9,121.5386024,25.03085383
111,1,5,9,35,2,04大安區,大安區建國南路2段79巷12號,0,0,1,2,C03,8,1,5,30,13,9,1,5,4,5,7,4,4,10,4,5,2,16,2,27,2,9,1,1,7,9,1,10,1,12,,13,19,1,22,9,121.5386024,25.03085383
111,1,5,9,43,2,07信義區,信義區松信路與永吉路180巷29弄口,0,0,1,1,B12,8,1,5,50,4,1,1,5,4,5,7,2,1,9,4,4,2,15,1,45,3,10,1,1,7,9,6,4,2,1,,25,25,1,22,9,121.5720857,25.044662
111,1,5,9,43,2,07信義區,信義區松信路與永吉路180巷29弄口,0,0,1,2,C03,8,1,5,50,4,1,1,5,4,5,7,2,1,9,4,4,2,15,2,28,2,8,1,1,7,9,1,10,2,11,,44,25,1,22,9,121.5720857,25.044662
111,1,5,9,52,2,07信義區,信義區福德街與大道路口口,0,0,1,1,B01,8,1,5,30,4,1,1,4,4,5,7,2,1,8,3,5,1,16,1,58,3,10,1,1,7,6,1,4,1,5,,6,6,1,21,8,121.5838454,25.03812751
111,1,5,9,52,2,07信義區,信義區福德街與大道路口口,0,0,1,2,C03,8,1,5,30,4,1,1,4,4,5,7,2,1,8,3,5,1,16,2,19,2,9,1,1,7,9,1,10,1,11,,13,6,1,22,9,121.5838454,25.03812751
111,1,5,9,56,2,10文山區,文山區木柵路4段與萬芳路口口,0,0,1,1,C03,8,1,5,50,14,9,1,5,4,5,7,4,4,5,4,5,2,18,2,59,2,9,1,1,7,9,1,10,1,12,,43,43,1,22,9,121.5717321,24.9946602
111,1,5,9,56,2,10文山區,文山區木柵路4段與萬芳路口口,0,0,1,2,,8,1,5,50,14,9,1,5,4,5,7,4,4,5,4,5,2,18,3,,,,,,,,,,,,,67,43,1,,,121.5717321,24.9946602
111,1,5,10,0,2,05中正區,中正區懷寧街與貴陽街1段口,0,0,2,1,C03,8,1,5,50,14,9,1,5,4,5,7,4,4,9,5,5,1,12,1,43,2,8,1,1,7,8,1,10,2,12,,7,7,1,22,9,121.5137505,25.03866298
111,1,5,10,0,2,05中正區,中正區懷寧街與貴陽街1段口,0,0,2,2,C03,8,1,5,50,14,9,1,5,4,5,7,4,4,9,5,5,1,12,2,55,2,9,1,1,7,9,1,10,2,14,,44,7,1,22,9,121.5137505,25.03866298
111,1,5,10,0,2,08士林區,士林區延平北路7段40-20號與無名巷口,0,0,2,1,C03,8,1,5,30,3,1,1,5,4,5,7,4,4,10,5,5,1,10,1,80,2,9,1,4,7,9,1,10,2,11,,17,17,1,22,9,121.4996538,25.09556376
111,1,5,10,0,2,08士林區,士林區延平北路7段40-20號與無名巷口,0,0,2,2,C03,8,1,5,30,3,1,1,5,4,5,7,4,4,10,5,5,1,10,2,21,2,9,1,4,7,9,1,10,2,14,,17,17,1,22,9,121.4996538,25.09556376
111,1,5,10,0,2,08士林區,士林區中山北路5段626號,0,0,1,1,C03,7,1,5,50,14,9,1,5,4,5,7,4,4,10,5,5,2,13,1,20,2,8,1,1,7,9,1,10,11,11,,43,43,1,22,9,121.5278393,25.09676676
111,1,5,10,0,2,08士林區,士林區中山北路5段626號,0,0,1,2,A02,7,1,5,50,14,9,1,5,4,5,7,4,4,10,5,5,2,13,1,44,3,10,1,1,7,15,1,2,11,3,,43,43,1,22,9,121.5278393,25.09676676
111,1,5,10,25,2,12內湖區,內湖區民權東路6段190巷與民權東路6段190巷65弄口,0,0,2,1,C03,8,1,5,30,4,1,1,5,4,5,7,4,4,10,5,5,2,16,1,21,2,9,1,1,7,9,1,10,1,11,,6,6,1,22,9,121.5943174,25.06572969
111,1,5,10,25,2,12內湖區,內湖區民權東路6段190巷與民權東路6段190巷65弄口,0,0,2,2,B03,8,1,5,30,4,1,1,5,4,5,7,4,4,10,5,5,2,16,1,42,3,10,1,1,7,9,1,15,1,2,,13,6,1,22,9,121.5943174,25.06572969
111,1,5,10,25,2,12內湖區,內湖區民權東路6段190巷與民權東路6段190巷65弄口,0,0,2,3,H02,8,1,5,30,4,1,1,5,4,5,7,4,4,10,5,5,2,16,2,21,2,9,1,5,7,20,8,20,10,16,,67,6,1,22,9,121.5943174,25.06572969
111,1,5,10,32,2,08士林區,士林區通河西街2段與延平北路7段口,0,0,2,1,C03,7,1,5,50,3,2,1,5,4,5,7,4,4,5,5,5,2,15,1,21,2,9,1,1,7,9,1,10,1,11,,23,23,1,22,9,121.4978017,25.0938508
111,1,5,10,32,2,08士林區,士林區通河西街2段與延平北路7段口,0,0,2,2,F01,7,1,5,50,3,2,1,5,4,5,7,4,4,5,5,5,2,15,1,18,2,7,1,1,7,1,8,20,1,16,,19,23,1,22,9,121.4978017,25.0938508
111,1,5,11,21,2,11南港區,南港區興東街與東南街口,0,0,1,1,B03,7,1,5,30,3,1,1,5,4,5,7,4,4,4,5,5,2,16,1,49,3,10,1,1,7,14,1,8,2,4,,40,40,1,22,9,121.6125378,25.0557507
111,1,5,11,21,2,11南港區,南港區興東街與東南街口,0,0,1,2,C03,7,1,5,30,3,1,1,5,4,5,7,4,4,4,5,5,2,16,1,53,2,8,1,1,7,5,1,10,2,12,,44,40,1,22,9,121.6125378,25.0557507
111,1,5,11,38,2,03中山區,中山區建國北路1段68號,0,0,1,1,C03,7,1,5,50,14,9,1,5,4,5,7,4,4,1,4,5,2,12,1,25,2,9,1,1,7,7,1,10,1,14,,7,7,1,22,9,121.5365197,25.04892061
111,1,5,11,38,2,03中山區,中山區建國北路1段68號,0,0,1,2,C03,7,1,5,50,14,9,1,5,4,5,7,4,4,1,4,5,2,12,2,32,4,11,3,4,7,15,7,19,11,15,,44,7,2,22,9,121.5365197,25.04892061
111,1,5,12,1,2,06松山區,松山區光復北路與富錦街口,0,0,2,1,C02,8,1,5,40,3,1,1,5,4,5,7,1,1,8,3,5,1,17,1,27,3,10,3,1,7,4,1,9,1,14,,1,1,1,22,9,121.5548683,25.06016183
111,1,5,12,1,2,06松山區,松山區光復北路與富錦街口,0,0,2,2,C03,8,1,5,40,3,1,1,5,4,5,7,1,1,8,3,5,1,17,2,36,2,8,3,1,7,9,1,9,1,12,,44,1,1,22,9,121.5548683,25.06016183
111,1,5,12,1,2,06松山區,松山區光復北路與富錦街口,0,0,2,3,H02,8,1,5,40,3,1,1,5,4,5,7,1,1,8,3,5,1,17,2,22,2,8,3,5,7,21,8,20,10,16,,67,1,1,22,9,121.5548683,25.06016183
111,1,5,12,12,2,03中山區,中山區錦州街與合江街口,0,0,1,1,B03,7,1,5,50,4,1,1,5,4,5,7,2,1,4,5,5,2,2,1,59,3,10,3,4,7,9,1,8,1,2,,23,23,1,22,9,121.53926,25.06024132
111,1,5,12,12,2,03中山區,中山區錦州街與合江街口,0,0,1,2,H01,7,1,5,50,4,1,1,5,4,5,7,2,1,4,5,5,2,2,2,70,2,9,4,5,8,16,8,20,10,16,,60,23,1,22,9,121.53926,25.06024132
111,1,5,12,12,2,03中山區,中山區錦州街與合江街口,0,0,1,3,B11,7,1,5,50,4,1,1,5,4,5,7,2,1,4,5,5,2,2,1,37,3,10,3,4,7,14,1,8,1,15,,38,23,1,22,9,121.53926,25.06024132
111,1,5,12,38,2,08士林區,士林區至誠路2段60巷與至誠路2段92巷口,0,0,1,1,B11,7,1,5,30,4,1,1,5,4,5,7,4,4,10,5,5,2,15,1,47,3,10,1,1,7,9,1,3,1,5,,6,6,1,22,9,121.5282835,25.10240715
111,1,5,12,38,2,08士林區,士林區至誠路2段60巷與至誠路2段92巷口,0,0,1,2,C03,7,1,5,30,4,1,1,5,4,5,7,4,4,10,5,5,2,15,1,36,2,9,1,1,7,9,1,10,1,11,,14,6,1,22,9,121.5282835,25.10240715
111,1,5,12,47,2,09北投區,北投區中和街與中和街474巷口,0,0,1,1,B03,7,1,5,50,3,1,1,5,4,5,7,4,4,10,5,5,1,12,2,63,3,10,1,1,7,1,1,8,1,1,,43,43,1,22,9,121.4952474,25.1451707
111,1,5,12,47,2,09北投區,北投區中和街與中和街474巷口,0,0,1,2,C03,7,1,5,50,3,1,1,5,4,5,7,4,4,10,5,5,1,12,2,50,2,8,1,1,7,6,1,10,1,12,,43,43,1,22,9,121.4952474,25.1451707
111,1,5,12,48,2,09北投區,北投區明德路與明德路188巷口,0,0,1,1,B03,7,1,5,50,4,2,1,5,4,5,7,4,4,10,5,5,2,17,1,60,3,10,1,1,7,1,1,8,1,5,,19,19,1,22,9,121.5215412,25.1119467
111,1,5,12,48,2,09北投區,北投區明德路與明德路188巷口,0,0,1,2,C03,7,1,5,50,4,2,1,5,4,5,7,4,4,10,5,5,2,17,1,23,2,9,1,1,7,9,1,10,1,12,,44,19,1,22,9,121.5215412,25.1119467
111,1,5,12,52,2,09北投區,北投區中央北路3段與中央北路3段168巷口,0,0,1,1,C03,7,1,5,50,3,1,1,4,4,5,7,2,1,5,4,4,2,17,1,54,3,10,1,1,7,11,1,10,2,15,,11,11,1,22,9,121.4820968,25.13695095
111,1,5,12,52,2,09北投區,北投區中央北路3段與中央北路3段168巷口,0,0,1,2,C03,7,1,5,50,3,1,1,4,4,5,7,2,1,5,4,4,2,17,2,31,2,9,1,1,7,9,1,10,2,14,,42,11,1,22,9,121.4820968,25.13695095
111,1,5,12,58,2,12內湖區,內湖區環山路2段與環山路2段109巷口,0,0,1,1,B03,8,3,5,40,3,1,1,5,4,5,7,2,1,10,5,5,2,16,1,50,3,10,1,1,7,1,1,8,1,7,,19,19,1,22,9,121.5760325,25.08446537
111,1,5,12,58,2,12內湖區,內湖區環山路2段與環山路2段109巷口,0,0,1,2,C03,8,3,5,40,3,1,1,5,4,5,7,2,1,10,5,5,2,16,1,21,2,9,1,1,7,9,1,10,1,11,,44,19,1,22,9,121.5760325,25.08446537
111,1,5,13,22,2,04大安區,大安區仁愛路3段與建國南路1段口,0,0,1,1,B03,8,1,5,50,4,1,1,5,4,5,7,1,1,1,3,5,1,12,1,56,3,10,1,1,7,6,1,8,1,2,,25,25,1,22,9,121.5375828,25.03796489
111,1,5,13,22,2,04大安區,大安區仁愛路3段與建國南路1段口,0,0,1,2,C03,8,1,5,50,4,1,1,5,4,5,7,1,1,1,3,5,1,12,1,57,2,9,1,1,7,9,1,10,1,14,,44,25,1,22,9,121.5375828,25.03796489
111,1,5,13,50,2,10文山區,文山區羅斯福路6段與羅斯福路6段166巷口,0,0,2,1,B12,8,1,5,50,4,1,1,5,4,5,7,1,1,1,4,5,2,16,1,57,3,10,1,1,7,5,1,8,2,2,,6,6,1,22,9,121.5411271,24.994929
111,1,5,13,50,2,10文山區,文山區羅斯福路6段與羅斯福路6段166巷口,0,0,2,2,C03,8,1,5,50,4,1,1,5,4,5,7,1,1,1,4,5,2,16,2,20,2,9,1,1,7,9,1,10,2,11,,44,6,1,22,9,121.5411271,24.994929
111,1,5,13,50,2,10文山區,文山區羅斯福路6段與羅斯福路6段166巷口,0,0,2,3,H02,8,1,5,50,4,1,1,5,4,5,7,1,1,1,4,5,2,16,1,19,2,9,1,5,7,21,8,20,10,16,,67,6,1,22,9,121.5411271,24.994929
111,1,5,14,32,2,08士林區,士林區忠義街78巷與忠誠路1段171巷12弄口,0,0,1,1,B03,8,1,5,30,4,1,1,5,4,5,7,4,4,10,5,5,2,16,1,73,3,10,3,4,7,6,1,8,1,1,,27,27,1,22,9,121.5312922,25.1065111
111,1,5,14,32,2,08士林區,士林區忠義街78巷與忠誠路1段171巷12弄口,0,0,1,2,C03,8,1,5,30,4,1,1,5,4,5,7,4,4,10,5,5,2,16,1,20,2,8,3,4,7,9,1,10,1,11,,5,27,1,22,9,121.5312922,25.1065111
111,1,5,14,55,2,03中山區,中山區民族東路與新生北路3段口,0,0,1,1,C03,8,1,5,50,4,2,1,5,4,5,7,1,1,1,3,5,1,29,1,21,2,8,1,1,7,9,1,10,1,14,,44,44,1,22,9,121.5275094,25.0684308
111,1,5,14,55,2,03中山區,中山區民族東路與新生北路3段口,0,0,1,2,,8,1,5,50,4,2,1,5,4,5,7,1,1,1,3,5,1,29,3,,,,,,,,,,,,,67,44,1,,,121.5275094,25.0684308
111,1,5,14,55,2,03中山區,中山區民族東路與新生北路3段口,0,0,1,3,B03,8,1,5,50,4,2,1,5,4,5,7,1,1,1,3,5,1,29,1,62,3,10,1,1,7,5,1,8,1,15,,8,44,1,22,9,121.5275094,25.0684308
111,1,5,14,56,2,10文山區,文山區羅斯福路6段159巷與景興路42巷口,0,0,1,1,B03,8,1,5,50,4,1,1,5,4,5,7,4,4,5,5,5,2,15,2,49,3,10,1,1,7,9,1,8,2,1,,23,23,1,22,9,121.5427951,24.99698591
111,1,5,14,56,2,10文山區,文山區羅斯福路6段159巷與景興路42巷口,0,0,1,2,C03,8,1,5,50,4,1,1,5,4,5,7,4,4,5,5,5,2,15,1,59,2,9,1,1,7,9,1,10,2,11,,6,23,1,22,9,121.5427951,24.99698591
111,1,5,15,22,2,01大同區,大同區民權西路與延平北路3段口,0,0,1,1,C03,7,1,5,50,4,1,1,5,4,5,7,2,1,9,4,5,1,15,1,69,2,9,3,4,7,1,1,10,1,14,,19,19,1,22,9,121.5110607,25.06316805
111,1,5,15,22,2,01大同區,大同區民權西路與延平北路3段口,0,0,1,2,B12,7,1,5,50,4,1,1,5,4,5,7,2,1,9,4,5,1,15,1,40,3,10,3,4,7,9,1,8,1,8,,44,19,1,22,9,121.5110607,25.06316805
111,1,5,15,32,2,09北投區,北投區承德路7段與承德路7段401巷口,0,0,1,1,C01,7,1,5,50,3,1,1,5,4,5,7,4,4,1,4,5,1,12,1,63,3,10,1,1,7,8,1,9,1,13,,7,7,1,22,9,121.5004684,25.12028914
111,1,5,15,32,2,09北投區,北投區承德路7段與承德路7段401巷口,0,0,1,2,C03,7,1,5,50,3,1,1,5,4,5,7,4,4,1,4,5,1,12,1,22,2,9,1,1,7,9,1,10,1,11,,44,7,1,22,9,121.5004684,25.12028914
111,1,5,16,15,2,09北投區,北投區大度路3段與立德路口,0,0,1,1,C03,7,1,5,50,3,1,1,5,4,5,7,2,1,1,4,5,2,18,2,24,2,9,1,1,7,12,1,10,1,12,,13,13,1,22,9,121.4716064,25.12298785
111,1,5,16,15,2,09北投區,北投區大度路3段與立德路口,0,0,1,2,,7,1,5,50,3,1,1,5,4,5,7,2,1,1,4,5,2,18,3,,,,,,,,,,,,,67,13,1,,,121.4716064,25.12298785
111,1,5,16,22,2,08士林區,士林區百齡橋東往西,0,0,1,1,C03,8,1,5,50,14,9,1,5,4,5,7,4,4,1,4,5,2,13,1,38,2,7,3,4,7,7,1,10,1,11,,7,7,1,22,9,121.5119351,25.08808242
111,1,5,16,22,2,08士林區,士林區百齡橋東往西,0,0,1,2,C03,8,1,5,50,14,9,1,5,4,5,7,4,4,1,4,5,2,13,2,61,3,10,3,4,7,7,1,10,1,13,,7,7,1,22,9,121.5119351,25.08808242
111,1,5,16,36,2,02萬華區,萬華區昆明街與桂林路口,0,0,1,1,C03,8,1,5,50,4,1,1,5,4,5,7,1,1,9,4,4,2,16,1,65,3,10,1,1,7,9,1,10,1,11,,42,42,1,22,9,121.5038912,25.03806571
111,1,5,16,36,2,02萬華區,萬華區昆明街與桂林路口,0,0,1,2,C03,8,1,5,50,4,1,1,5,4,5,7,1,1,9,4,4,2,16,2,22,2,8,1,1,7,6,1,10,1,13,,44,42,1,22,9,121.5038912,25.03806571
111,1,5,17,20,2,12內湖區,內湖區內湖路1段369號前,0,0,2,1,C03,8,1,5,50,14,7,1,5,4,5,7,4,4,1,4,4,2,13,2,20,2,8,1,1,7,9,1,10,2,11,,16,16,1,22,9,121.5696767,25.0821163
111,1,5,17,20,2,12內湖區,內湖區內湖路1段369號前,0,0,2,2,C03,8,1,5,50,14,7,1,5,4,5,7,4,4,1,4,4,2,13,1,33,2,8,1,3,7,12,1,10,2,13,,44,16,1,22,9,121.5696767,25.0821163
111,1,5,17,26,2,03中山區,中山區敬業三路11號,0,0,1,1,B03,8,3,5,50,14,9,1,5,4,5,7,4,4,5,5,5,2,3,1,26,3,10,3,4,7,9,1,8,2,1,,23,23,1,22,9,121.5555069,25.08395259
111,1,5,17,26,2,03中山區,中山區敬業三路11號,0,0,1,2,H01,8,3,5,50,14,9,1,5,4,5,7,4,4,5,5,5,2,3,2,20,2,9,4,5,8,18,8,20,10,16,,67,23,1,22,9,121.5555069,25.08395259
111,1,5,17,35,2,03中山區,中山區中山北路2段與民權東路1段口,0,0,1,1,C03,8,1,5,50,14,8,1,5,4,5,7,4,4,10,4,5,2,12,1,41,3,10,1,4,7,9,1,10,9,14,,44,44,1,22,9,121.5227006,25.0628986
111,1,5,17,35,2,03中山區,中山區中山北路2段與民權東路1段口,0,0,1,2,C03,8,1,5,50,14,8,1,5,4,5,7,4,4,10,4,5,2,12,1,43,2,7,1,4,7,9,1,10,1,12,,23,44,1,22,9,121.5227006,25.0628986
111,1,5,17,39,2,03中山區,中山區中山北路3段36巷大同公司前,0,0,1,1,B02,7,3,5,30,15,9,1,5,4,5,7,4,4,10,5,5,2,12,1,60,3,10,3,4,7,1,1,8,1,8,,19,19,1,22,9,121.5217521,25.06483443
111,1,5,17,39,2,03中山區,中山區中山北路3段36巷大同公司前,0,0,1,2,C03,7,3,5,30,15,9,1,5,4,5,7,4,4,10,5,5,2,12,1,35,2,9,3,4,7,6,1,10,1,12,,44,19,1,22,9,121.5217521,25.06483443
111,1,5,17,55,2,04大安區,大安區光復南路420巷與光復南路口,0,0,1,1,B03,7,3,5,50,3,1,1,5,4,5,7,2,1,10,5,5,2,12,1,63,3,10,3,4,7,9,1,8,1,5,,17,17,1,22,9,121.5574865,25.0364529
111,1,5,17,55,2,04大安區,大安區光復南路420巷與光復南路口,0,0,1,2,C03,7,3,5,50,3,1,1,5,4,5,7,2,1,10,5,5,2,12,2,40,2,9,3,4,7,9,1,10,1,14,,43,17,1,22,9,121.5574865,25.0364529
111,1,5,18,5,2,10文山區,文山區羅斯福路6段與羅斯福路6段166巷口,0,0,2,1,B03,8,3,5,30,4,1,1,5,4,5,7,2,1,5,5,5,2,3,1,45,3,10,1,1,7,5,1,8,2,1,,15,15,1,22,9,121.5412658,24.99502634
111,1,5,18,5,2,10文山區,文山區羅斯福路6段與羅斯福路6段166巷口,0,0,2,2,H01,8,3,5,30,4,1,1,5,4,5,7,2,1,5,5,5,2,3,1,30,2,9,4,1,8,16,8,20,10,16,,67,15,1,22,9,121.5412658,24.99502634
111,1,5,18,5,2,10文山區,文山區羅斯福路6段與羅斯福路6段166巷口,0,0,2,3,H01,8,3,5,30,4,1,1,5,4,5,7,2,1,5,5,5,2,3,2,33,2,9,4,1,8,16,8,20,10,16,,67,15,1,22,9,121.5412658,24.99502634
111,1,5,18,15,2,04大安區,大安區基隆路2段283號,0,0,2,1,C03,8,3,5,50,14,9,1,5,4,5,7,4,4,10,4,5,1,12,1,18,2,9,1,4,7,4,3,18,1,12,,1,1,1,22,9,121.5496536,25.02159834
111,1,5,18,15,2,04大安區,大安區基隆路2段283號,0,0,2,2,C03,8,3,5,50,14,9,1,5,4,5,7,4,4,10,4,5,1,12,1,33,2,9,1,4,7,9,1,10,1,14,,23,1,1,22,9,121.5496536,25.02159834
111,1,5,18,15,2,04大安區,大安區基隆路2段283號,0,0,2,3,B03,8,3,5,50,14,9,1,5,4,5,7,4,4,10,4,5,1,12,1,40,3,10,1,4,7,14,1,8,1,7,,44,1,1,22,9,121.5496536,25.02159834
111,1,5,18,23,2,09北投區,北投區公館路與西安街2段口,0,0,2,1,C03,8,3,5,50,4,1,1,5,4,5,7,2,1,5,4,4,2,16,2,25,2,9,1,1,7,5,1,10,1,12,,6,6,1,22,9,121.5027343,25.12142468
111,1,5,18,23,2,09北投區,北投區公館路與西安街2段口,0,0,2,2,C03,8,3,5,50,4,1,1,5,4,5,7,2,1,5,4,4,2,16,1,42,2,9,1,1,7,9,1,10,1,11,,44,6,1,22,9,121.5027343,25.12142468
111,1,5,18,25,2,03中山區,(長春路201號前),0,0,1,1,C03,7,3,5,40,3,2,1,5,4,5,7,4,4,9,4,4,2,15,1,58,3,10,3,4,7,9,1,10,1,13,,6,6,1,22,9,121.5382596,25.05473372
111,1,5,18,25,2,03中山區,(長春路201號前),0,0,1,2,C03,7,3,5,40,3,2,1,5,4,5,7,4,4,9,4,4,2,15,1,23,2,7,3,4,7,9,1,10,1,11,,44,6,1,22,9,121.5382596,25.05473372
111,1,5,18,25,2,12內湖區,內湖區安康路22巷,0,0,1,1,C03,7,3,5,50,4,1,1,5,4,5,7,1,1,5,4,5,2,13,2,40,2,9,1,1,7,5,1,10,1,13,,6,6,1,22,9,121.5935704,25.06255173
111,1,5,18,25,2,12內湖區,內湖區安康路22巷,0,0,1,2,B03,7,3,5,50,4,1,1,5,4,5,7,1,1,5,4,5,2,13,1,65,3,10,1,1,7,9,1,8,1,5,,23,6,1,22,9,121.5935704,25.06255173
111,1,5,18,35,2,12內湖區,內湖區瑞光路與瑞湖街口口,0,0,1,1,B01,8,3,5,50,4,1,1,5,4,5,7,1,1,5,5,5,2,14,1,49,3,10,1,1,7,2,1,4,2,3,,12,12,1,22,9,121.5769395,25.0751418
111,1,5,18,35,2,12內湖區,內湖區瑞光路與瑞湖街口口,0,0,1,2,C03,8,3,5,50,4,1,1,5,4,5,7,1,1,5,5,5,2,14,1,35,2,8,1,1,7,9,1,10,2,15,,44,12,1,22,9,121.5769395,25.0751418
111,1,5,18,57,2,03中山區,中山區中山北路3段與民族東路口,0,0,1,1,C03,7,3,5,50,4,1,1,5,4,5,7,2,1,4,3,5,2,17,1,35,2,9,3,4,7,9,1,10,1,14,,43,43,1,22,9,121.5230081,25.06849207
111,1,5,18,57,2,03中山區,中山區中山北路3段與民族東路口,0,0,1,2,C03,7,3,5,50,4,1,1,5,4,5,7,2,1,4,3,5,2,17,1,29,3,10,3,4,7,14,1,10,1,11,,44,43,1,22,9,121.5230081,25.06849207