發生年度,發生月,發生日,發生時-Hours,發生分,處理別-編號,區序,肇事地點,死亡人數,2-30日死亡人數,受傷人數,當事人序號,車種,天候,光線,道路類別,速限-速度限制,道路型態,事故位置,路面狀況1,路面狀況2,路面狀況3,道路障礙1,道路障礙2,號誌1,號誌2,車道劃分-分向,車道劃分-分道1,車道劃分-分道2,車道劃分-分道3,事故類型及型態,性別,年齡,受傷程度,主要傷處,安全帽,行動電話,車輛用途,當事者行動狀態,駕駛資格情形,駕駛執照種類,飲酒情形,車輛撞擊部位1,車輛撞擊部位2,肇因碼-個別,肇因碼-主要,個人肇逃否,職業,旅次目的,座標-X,座標-Y
111,1,5,19,7,2,02萬華區,萬華區和平西路3段與南寧路口,0,0,3,3,H02,7,3,5,50,5,1,1,5,4,5,7,1,1,1,2,5,2,17,2,26,2,9,1,4,7,20,8,20,10,16,,67,44,1,22,9,121.5031927,25.0351291
111,1,5,19,7,2,02萬華區,萬華區和平西路3段與南寧路口,0,0,3,1,C03,7,3,5,50,5,1,1,5,4,5,7,1,1,1,2,5,2,17,1,63,2,9,1,4,7,5,1,10,2,13,,44,44,1,22,9,121.5031927,25.0351291
111,1,5,19,7,2,02萬華區,萬華區和平西路3段與南寧路口,0,0,3,2,C03,7,3,5,50,5,1,1,5,4,5,7,1,1,1,2,5,2,17,1,28,2,9,1,4,7,6,1,10,2,12,,26,44,1,22,9,121.5031927,25.0351291
111,1,5,19,11,2,07信義區,信義區吳興街156巷69號,0,0,1,1,B02,8,3,5,30,14,9,1,5,4,5,7,2,1,5,5,5,2,17,1,56,3,10,1,1,7,9,1,8,1,15,,2,2,1,22,9,121.5589469,25.02835809
111,1,5,19,11,2,07信義區,信義區吳興街156巷69號,0,0,1,2,C03,8,3,5,30,14,9,1,5,4,5,7,2,1,5,5,5,2,17,1,27,2,9,1,1,7,9,1,10,1,12,,44,2,1,22,9,121.5589469,25.02835809
111,1,5,19,11,2,07信義區,信義區吳興街156巷69號,0,0,1,3,B03,8,3,5,30,14,9,1,5,4,5,7,2,1,5,5,5,2,17,1,34,3,10,1,1,7,14,1,8,1,15,,38,2,1,22,9,121.5589469,25.02835809
111,1,5,19,30,2,12內湖區,內湖區新明路214號前,0,0,1,1,B03,8,3,5,50,3,2,1,5,4,5,7,1,1,5,4,4,2,16,1,39,3,10,1,1,7,11,1,8,2,8,,10,10,1,22,9,121.5845013,25.0570972
111,1,5,19,30,2,12內湖區,內湖區新明路214號前,0,0,1,2,C03,8,3,5,50,3,2,1,5,4,5,7,1,1,5,4,4,2,16,1,26,2,9,1,1,7,9,1,10,2,11,,13,10,1,22,9,121.5845013,25.0570972
111,1,5,19,43,2,08士林區,士林區士商路與基河路188巷口,0,0,1,1,B03,8,3,5,50,3,1,1,5,4,5,7,4,4,4,3,5,1,16,2,56,3,10,1,1,7,5,1,8,1,6,,8,8,1,22,9,121.5210646,25.08954054
111,1,5,19,43,2,08士林區,士林區士商路與基河路188巷口,0,0,1,2,C03,8,3,5,50,3,1,1,5,4,5,7,4,4,4,3,5,1,16,1,21,2,8,1,1,7,9,1,10,1,11,,23,8,1,22,9,121.5210646,25.08954054
111,1,5,19,57,2,01大同區,大同區寧夏路與萬全街口,0,0,1,1,B01,8,3,5,50,3,1,1,5,4,5,7,4,4,5,5,5,2,12,1,43,3,10,3,4,7,9,1,4,1,8,,16,16,1,22,9,121.5154278,25.05752649
111,1,5,19,57,2,01大同區,大同區寧夏路與萬全街口,0,0,1,2,C03,8,3,5,50,3,1,1,5,4,5,7,4,4,5,5,5,2,12,1,43,2,8,1,1,7,15,1,10,1,12,,44,16,1,22,9,121.5154278,25.05752649
111,1,5,20,9,2,03中山區,中山區長春路與龍江路口,0,0,1,1,B01,8,3,5,50,14,7,1,5,4,5,7,1,1,5,5,4,2,17,1,52,3,10,1,1,7,11,1,1,1,4,,26,26,1,22,9,121.5407135,25.05465708
111,1,5,20,9,2,03中山區,中山區長春路與龍江路口,0,0,1,2,C03,8,3,5,50,14,7,1,5,4,5,7,1,1,5,5,4,2,17,2,41,2,8,1,1,7,9,1,10,1,11,,44,26,1,22,9,121.5407135,25.05465708
111,1,5,20,34,2,11南港區,南港區南港路1段與惠民街口,0,0,2,1,B12,8,3,5,50,3,1,1,5,4,5,7,1,1,5,4,5,2,13,1,25,3,10,1,3,7,9,1,8,2,1,,23,23,1,22,9,121.6103039,25.05502247
111,1,5,20,34,2,11南港區,南港區南港路1段與惠民街口,0,0,2,2,C03,8,3,5,50,3,1,1,5,4,5,7,1,1,5,4,5,2,13,1,63,2,9,1,1,7,14,1,10,2,13,,44,23,1,22,9,121.6103039,25.05502247
111,1,5,20,34,2,11南港區,南港區南港路1段與惠民街口,0,0,2,3,H02,8,3,5,50,3,1,1,5,4,5,7,1,1,5,4,5,2,13,2,56,2,9,4,1,7,20,8,20,10,15,,67,23,1,22,9,121.6103039,25.05502247
111,1,5,20,55,2,08士林區,士林區延平北路5段與延平北路5段136巷口,0,0,2,1,B01,7,3,5,50,3,2,1,5,4,5,7,1,1,10,4,5,2,17,1,48,3,10,1,1,7,8,1,4,1,6,,7,7,1,22,9,121.5105711,25.08118464
111,1,5,20,55,2,08士林區,士林區延平北路5段與延平北路5段136巷口,0,0,2,2,C03,7,3,5,50,3,2,1,5,4,5,7,1,1,10,4,5,2,17,1,47,2,9,1,1,7,9,1,10,1,11,,44,7,1,22,9,121.5105711,25.08118464
111,1,5,20,55,2,08士林區,士林區延平北路5段與延平北路5段136巷口,0,0,2,3,H02,7,3,5,50,3,2,1,5,4,5,7,1,1,10,4,5,2,17,2,44,2,9,1,1,7,20,8,20,10,16,,67,7,1,22,9,121.5105711,25.08118464
111,1,5,21,10,2,10文山區,文山區景後街145號前,0,0,1,1,C03,6,3,5,50,14,9,1,4,4,5,7,4,4,9,4,5,2,11,1,31,3,10,1,1,7,15,1,10,1,11,,43,43,1,22,9,121.5420844,24.99034681
111,1,5,21,10,2,10文山區,文山區景後街145號前,0,0,1,2,C03,6,3,5,50,14,9,1,4,4,5,7,4,4,9,4,5,2,11,1,44,3,10,1,1,7,9,1,10,1,11,,43,43,1,22,9,121.5420844,24.99034681
111,1,5,21,10,2,10文山區,文山區景後街145號前,0,0,1,3,H02,6,3,5,50,14,9,1,4,4,5,7,4,4,9,4,5,2,11,2,68,2,8,1,5,7,20,8,20,10,15,,67,43,1,22,9,121.5420844,24.99034681
111,1,5,21,10,2,10文山區,文山區景後街145號前,0,0,1,4,,6,3,5,50,14,9,1,4,4,5,7,4,4,9,4,5,2,11,3,,,,,,,,,,,,,67,43,1,,,121.5420844,24.99034681
111,1,5,21,10,2,12內湖區,內湖區金龍路146號前,0,0,1,1,C03,8,3,5,40,14,7,1,5,4,5,7,4,4,5,4,4,2,17,1,80,3,10,1,1,7,1,1,10,2,15,,19,19,1,22,9,121.5895873,25.0859389
111,1,5,21,10,2,12內湖區,內湖區金龍路146號前,0,0,1,2,C03,8,3,5,40,14,7,1,5,4,5,7,4,4,5,4,4,2,17,1,21,3,10,1,1,7,9,1,10,2,12,,13,19,1,22,9,121.5895873,25.0859389
111,1,5,21,10,2,12內湖區,內湖區金龍路146號前,0,0,1,3,C03,8,3,5,40,14,7,1,5,4,5,7,4,4,5,4,4,2,17,1,25,2,8,1,1,7,9,1,9,2,14,,13,19,1,22,9,121.5895873,25.0859389
111,1,5,21,43,2,03中山區,中山區長春路172號,0,0,1,1,C03,6,3,5,40,14,7,1,4,4,3,7,4,4,9,4,4,2,13,1,19,2,8,3,4,7,9,1,10,1,14,,23,23,1,22,9,121.5342356,25.05475409
111,1,5,21,43,2,03中山區,中山區長春路172號,0,0,1,2,B03,6,3,5,40,14,7,1,4,4,3,7,4,4,9,4,4,2,13,1,47,3,10,3,4,7,10,1,8,1,6,,7,23,1,22,9,121.5342356,25.05475409
111,1,5,21,43,2,03中山區,中山區長春路172號,0,0,1,3,B03,6,3,5,40,14,7,1,4,4,3,7,4,4,9,4,4,2,13,1,64,3,10,3,4,7,2,1,8,9,15,,44,23,1,22,9,121.5342356,25.05475409
111,1,5,22,0,2,10文山區,(羅斯福路6段164號前),0,0,1,1,B01,6,3,5,50,4,2,1,4,4,5,7,1,1,1,4,1,2,17,1,50,3,10,1,1,7,5,1,4,1,2,2,6,6,1,22,9,121.5411093,24.99506662
111,1,5,22,0,2,10文山區,(羅斯福路6段164號前),0,0,1,2,C03,6,3,5,50,4,2,1,4,4,5,7,1,1,1,4,1,2,17,1,26,2,9,1,1,7,9,1,10,1,11,14,44,6,1,22,9,121.5411093,24.99506662
111,1,5,22,2,2,09北投區,北投區承德路7段116號,0,0,1,1,B03,7,3,5,60,14,9,1,5,4,5,7,4,4,1,4,4,2,13,1,27,3,10,1,1,7,9,1,8,1,1,,43,43,1,22,9,121.5096628,25.11236317
111,1,5,22,2,2,09北投區,北投區承德路7段116號,0,0,1,2,B03,7,3,5,60,14,9,1,5,4,5,7,4,4,1,4,4,2,13,2,42,2,2,1,1,7,14,1,8,1,3,,43,43,1,22,9,121.5096628,25.11236317
111,1,5,22,15,2,04大安區,大安區金山南路2段200號,0,0,1,1,C03,6,3,5,50,14,9,1,4,4,5,7,1,1,1,3,4,1,12,1,19,2,8,1,1,7,9,1,10,1,11,,23,23,1,22,9,121.5261079,25.02800139
111,1,5,22,15,2,04大安區,大安區金山南路2段200號,0,0,1,2,B03,6,3,5,50,14,9,1,4,4,5,7,1,1,1,3,4,1,12,1,25,3,10,1,1,7,14,1,8,1,4,,44,23,1,22,9,121.5261079,25.02800139
111,1,5,22,25,2,07信義區,信義區信義路4段460號,0,0,1,1,B03,6,3,5,50,14,9,1,4,4,5,7,4,4,1,4,5,1,13,1,61,3,10,3,4,7,9,1,8,1,1,,23,23,1,22,9,121.5579318,25.03302123
111,1,5,22,25,2,07信義區,信義區信義路4段460號,0,0,1,2,B03,6,3,5,50,14,9,1,4,4,5,7,4,4,1,4,5,1,13,1,40,3,10,3,4,7,9,1,8,1,3,,44,23,1,22,9,121.5579318,25.03302123
111,1,5,22,25,2,07信義區,信義區信義路4段460號,0,0,1,3,B03,6,3,5,50,14,9,1,4,4,5,7,4,4,1,4,5,1,13,1,36,3,10,3,4,7,14,1,8,1,3,,44,23,1,22,9,121.5579318,25.03302123
111,1,5,22,25,2,07信義區,信義區信義路4段460號,0,0,1,4,H02,6,3,5,50,14,9,1,4,4,5,7,4,4,1,4,5,1,13,2,41,2,6,3,5,7,21,8,20,10,16,,67,23,1,22,9,121.5579318,25.03302123
111,1,5,23,0,2,04大安區,大安區忠孝東路4段8號,0,0,1,1,C03,6,3,5,50,14,9,1,4,4,3,7,4,4,9,4,5,1,13,1,27,2,7,1,1,7,9,1,10,2,11,,23,23,1,22,9,121.5441295,25.04151385
111,1,5,23,0,2,04大安區,大安區忠孝東路4段8號,0,0,1,2,B03,6,3,5,50,14,9,1,4,4,3,7,4,4,9,4,5,1,13,1,34,3,10,1,1,7,14,1,8,2,3,,38,23,1,22,9,121.5441295,25.04151385
111,1,6,0,19,2,01大同區,大同區民權西路與蘭州街口,0,0,4,1,C03,6,3,5,50,4,1,1,4,4,5,7,1,1,1,4,1,2,13,1,23,2,9,1,1,7,5,1,10,1,13,,8,8,1,22,9,121.5148033,25.06308882
111,1,6,0,19,2,01大同區,大同區民權西路與蘭州街口,0,0,4,2,C03,6,3,5,50,4,1,1,4,4,5,7,1,1,1,4,1,2,13,1,43,2,9,1,1,7,9,1,10,1,11,,23,8,1,22,9,121.5148033,25.06308882
111,1,6,0,19,2,01大同區,大同區民權西路與蘭州街口,0,0,4,3,C03,6,3,5,50,4,1,1,4,4,5,7,1,1,1,4,1,2,13,1,22,2,9,1,1,7,9,1,10,1,11,,23,8,1,22,9,121.5148033,25.06308882
111,1,6,0,19,2,01大同區,大同區民權西路與蘭州街口,0,0,4,4,H02,6,3,5,50,4,1,1,4,4,5,7,1,1,1,4,1,2,13,2,38,2,9,1,5,7,20,8,20,10,16,,67,8,1,22,9,121.5148033,25.06308882
111,1,6,2,10,2,03中山區,中山區中山北路2段與民權西路口,0,0,1,1,B01,6,3,5,50,4,1,1,4,4,5,7,1,1,1,4,5,2,16,1,70,3,10,3,4,7,5,1,4,1,1,,6,6,1,22,9,121.5224888,25.06289051
111,1,6,2,10,2,03中山區,中山區中山北路2段與民權西路口,0,0,1,2,C03,6,3,5,50,4,1,1,4,4,5,7,1,1,1,4,5,2,16,1,21,2,9,3,4,7,9,1,10,1,14,,13,6,1,22,9,121.5224888,25.06289051
111,1,6,3,50,2,03中山區,中山區林森北路與林森北路259巷口,0,0,2,1,C03,6,3,5,30,4,1,1,4,4,5,7,2,1,9,4,5,2,16,1,27,2,8,3,4,7,9,1,10,1,12,,25,25,1,22,9,121.5254891,25.05434592
111,1,6,3,50,2,03中山區,中山區林森北路與林森北路259巷口,0,0,2,2,C03,6,3,5,30,4,1,1,4,4,5,7,2,1,9,4,5,2,16,1,24,2,8,3,4,7,9,1,10,1,14,,44,25,1,22,9,121.5254891,25.05434592
111,1,6,4,56,2,08士林區,士林區中正路與承德路4段口,0,0,1,1,C03,8,3,5,0,4,1,1,5,4,5,7,2,1,3,4,5,1,17,1,43,4,11,3,4,7,8,7,19,11,15,,7,7,2,22,9,121.5164665,25.09085172
111,1,6,4,56,2,08士林區,士林區中正路與承德路4段口,0,0,1,2,C04,8,3,5,0,4,1,1,5,4,5,7,2,1,3,4,5,1,17,1,31,2,8,1,1,7,9,1,11,1,15,,44,7,1,22,9,121.5164665,25.09085172
111,1,6,5,35,2,05中正區,中正區忠孝東路2段與新生南路1段口,0,0,2,1,C03,7,3,5,50,4,1,1,4,4,5,7,1,1,10,5,5,2,17,2,33,2,9,1,1,7,9,1,10,2,11,,25,25,1,22,9,121.5328181,25.04242031
111,1,6,5,35,2,05中正區,中正區忠孝東路2段與新生南路1段口,0,0,2,2,C03,7,3,5,50,4,1,1,4,4,5,7,1,1,10,5,5,2,17,2,57,2,9,1,1,7,9,1,10,2,11,,44,25,1,22,9,121.5328181,25.04242031
111,1,6,7,19,2,06松山區,松山區松河街78號,0,0,1,1,B12,8,1,5,40,14,9,1,5,4,5,7,4,4,9,4,5,2,16,1,61,3,10,1,1,7,11,1,8,1,4,,10,10,1,22,9,121.5742825,25.05087033
111,1,6,7,19,2,06松山區,松山區松河街78號,0,0,1,2,C03,8,1,5,40,14,9,1,5,4,5,7,4,4,9,4,5,2,16,1,24,2,9,1,1,7,9,1,10,1,11,,44,10,1,22,9,121.5742825,25.05087033
111,1,6,7,25,2,04大安區,大安區羅斯福路2段與和平東路1段口,0,0,2,1,B03,8,1,5,50,4,2,1,5,4,5,7,2,1,1,4,5,2,12,2,49,3,10,1,1,7,9,1,8,1,4,,26,26,1,22,9,121.5227464,25.026821
111,1,6,7,25,2,04大安區,大安區羅斯福路2段與和平東路1段口,0,0,2,2,C03,8,1,5,50,4,2,1,5,4,5,7,2,1,1,4,5,2,12,1,54,2,9,1,1,7,8,1,10,1,12,,7,26,1,22,9,121.5227464,25.026821
111,1,6,7,25,2,04大安區,大安區羅斯福路2段與和平東路1段口,0,0,2,3,H02,8,1,5,50,4,2,1,5,4,5,7,2,1,1,4,5,2,12,2,48,2,7,1,5,7,20,8,20,10,16,,67,26,1,22,9,121.5227464,25.026821
111,1,6,7,26,2,11南港區,南港區富康街1巷24號,0,0,1,1,B03,7,1,6,50,14,9,1,5,4,5,7,4,4,9,5,5,2,12,2,44,3,10,1,1,7,8,1,15,1,2,,7,7,1,22,9,121.6187879,25.0544269
111,1,6,7,26,2,11南港區,南港區富康街1巷24號,0,0,1,2,F01,7,1,6,50,14,9,1,5,4,5,7,4,4,9,5,5,2,12,1,60,2,1,1,1,7,9,8,20,1,16,,44,7,1,22,9,121.6187879,25.0544269
111,1,6,7,30,2,08士林區,士林區中正路與承德路5段口,0,0,1,1,B03,8,1,5,0,3,2,1,5,4,5,7,4,4,3,4,5,1,16,2,41,3,10,3,4,7,6,1,8,9,2,,9,9,1,22,9,121.5156101,25.09039531
111,1,6,7,30,2,08士林區,士林區中正路與承德路5段口,0,0,1,2,C03,8,1,5,0,3,2,1,5,4,5,7,4,4,3,4,5,1,16,2,28,2,9,3,4,7,9,1,10,9,14,,44,9,1,22,9,121.5156101,25.09039531
111,1,6,8,4,2,12內湖區,內湖區成功路4段與成功路4段30巷口口,0,0,1,1,B03,8,1,5,50,3,1,1,5,4,5,7,4,4,1,4,5,2,17,1,48,3,10,1,1,7,6,1,8,1,2,,9,9,1,22,9,121.5916373,25.08154735
111,1,6,8,4,2,12內湖區,內湖區成功路4段與成功路4段30巷口口,0,0,1,2,C03,8,1,5,50,3,1,1,5,4,5,7,4,4,1,4,5,2,17,2,23,2,9,1,1,7,9,1,9,1,14,,23,9,1,22,9,121.5916373,25.08154735
111,1,6,8,10,2,07信義區,信義區基隆路2段131號,0,0,1,1,C03,8,1,5,50,11,9,1,5,4,5,7,4,4,1,4,5,2,17,2,22,2,8,3,4,7,14,1,10,1,15,,17,17,1,22,9,121.5564413,25.0277945
111,1,6,8,10,2,07信義區,信義區基隆路2段131號,0,0,1,2,A02,8,1,5,50,11,9,1,5,4,5,7,4,4,1,4,5,2,17,1,50,3,10,3,4,7,9,1,10,1,7,,44,17,1,22,9,121.5564413,25.0277945
111,1,6,8,25,2,10文山區,文山區木柵路4段與和平東路4段口,0,0,1,1,C03,8,1,5,50,3,1,1,5,4,5,7,2,1,5,2,5,2,17,1,22,3,10,1,4,7,9,3,18,2,11,,25,25,1,22,9,121.5745903,24.99818559
111,1,6,8,25,2,10文山區,文山區木柵路4段與和平東路4段口,0,0,1,2,C03,8,1,5,50,3,1,1,5,4,5,7,2,1,5,2,5,2,17,1,52,2,8,3,4,7,15,1,10,2,15,,44,25,1,22,9,121.5745903,24.99818559
111,1,6,8,34,2,07信義區,信義區基隆路2段39巷與吳興街50巷口,0,0,1,1,C03,8,1,5,30,4,1,1,5,4,5,7,4,4,9,4,5,2,15,1,27,2,9,1,1,7,9,1,10,1,11,,26,26,1,22,9,121.5595364,25.0305752
111,1,6,8,34,2,07信義區,信義區基隆路2段39巷與吳興街50巷口,0,0,1,2,B03,8,1,5,30,4,1,1,5,4,5,7,4,4,9,4,5,2,15,1,46,3,10,1,1,7,9,1,8,1,4,,13,26,1,22,9,121.5595364,25.0305752
111,1,6,9,20,2,03中山區,中山區建國高架道南往北.民族上方,0,0,1,1,B02,8,1,5,70,14,7,1,5,4,5,7,4,4,2,3,5,2,13,1,63,3,10,1,1,7,9,1,3,1,1,,16,16,1,22,9,121.5345438,25.0671413
111,1,6,9,20,2,03中山區,中山區建國高架道南往北.民族上方,0,0,1,2,B12,8,1,5,70,14,7,1,5,4,5,7,4,4,2,3,5,2,13,1,48,2,2,1,1,7,12,1,8,1,3,,44,16,1,22,9,121.5345438,25.0671413
111,1,6,9,20,2,03中山區,中山區建國高架道南往北.民族上方,0,0,1,3,B03,8,1,5,70,14,7,1,5,4,5,7,4,4,2,3,5,2,13,1,51,3,10,1,1,7,14,1,8,1,3,,44,16,1,22,9,121.5345438,25.0671413
111,1,6,9,25,2,08士林區,士林區中山北路5段與中山北路5段260巷口(銘傳大學前),0,0,1,2,C03,7,1,5,50,3,1,1,5,4,5,7,2,1,4,3,1,1,17,1,19,2,9,1,4,7,9,1,10,1,14,,44,9,1,22,9,121.5268553,25.08728658
111,1,6,9,25,2,08士林區,士林區中山北路5段與中山北路5段260巷口(銘傳大學前),0,0,1,1,B03,7,1,5,50,3,1,1,5,4,5,7,2,1,4,3,1,1,17,2,53,3,10,3,4,7,6,1,8,1,2,,9,9,1,22,9,121.5268553,25.08728658
111,1,6,9,25,2,08士林區,士林區中山北路5段與中山北路5段260巷口(銘傳大學前),0,0,1,3,B03,7,1,5,50,3,1,1,5,4,5,7,2,1,4,3,1,1,17,2,21,3,10,3,4,7,14,1,8,1,8,,44,9,1,22,9,121.5268553,25.08728658
111,1,6,9,30,2,12內湖區,內湖區內湖路1段91巷與內湖路1段91巷24弄口,0,0,1,1,C03,7,1,5,30,4,1,1,5,4,5,7,4,4,10,5,5,2,13,1,20,2,8,1,1,7,4,1,10,1,11,,16,16,1,22,9,121.5622133,25.08578306
111,1,6,9,30,2,12內湖區,內湖區內湖路1段91巷與內湖路1段91巷24弄口,0,0,1,2,C03,7,1,5,30,4,1,1,5,4,5,7,4,4,10,5,5,2,13,1,19,3,10,1,1,7,14,1,10,1,13,,44,16,1,22,9,121.5622133,25.08578306
111,1,6,9,40,2,02萬華區,萬華區萬大路與民和街口,0,0,2,1,F01,7,1,5,30,4,2,1,5,4,5,7,1,1,10,3,5,1,16,1,85,2,8,1,1,7,6,8,20,1,16,,25,25,1,22,9,121.5004055,25.02628056
111,1,6,9,40,2,02萬華區,萬華區萬大路與民和街口,0,0,2,2,C03,7,1,5,30,4,2,1,5,4,5,7,1,1,10,3,5,1,16,1,23,2,9,3,4,7,9,1,10,1,15,,42,25,1,22,9,121.5004055,25.02628056
111,1,6,9,43,2,02萬華區,萬華區西藏路與中華路2段300巷13弄口,0,0,1,1,B03,7,1,5,50,3,1,1,5,4,5,7,4,4,2,4,5,1,17,1,61,3,10,1,1,7,9,1,8,2,5,,44,44,1,22,9,121.5035862,25.0298723
111,1,6,9,43,2,02萬華區,萬華區西藏路與中華路2段300巷13弄口,0,0,1,2,C03,7,1,5,50,3,1,1,5,4,5,7,4,4,2,4,5,1,17,2,39,2,9,1,1,7,8,1,10,2,11,,7,44,1,22,9,121.5035862,25.0298723
111,1,6,9,43,2,02萬華區,萬華區西藏路與中華路2段300巷13弄口,0,0,1,3,B01,7,1,5,50,3,1,1,5,4,5,7,4,4,2,4,5,1,17,1,58,3,10,1,1,7,6,1,4,2,15,,44,44,1,22,9,121.5035862,25.0298723
111,1,6,10,40,2,01大同區,大同區延平北路4段231號,0,0,1,1,B03,8,1,5,50,14,9,1,5,4,5,7,4,4,9,4,5,2,16,1,52,3,10,1,1,7,11,1,8,2,4,,10,10,1,22,9,121.5118955,25.07584716
111,1,6,10,40,2,01大同區,大同區延平北路4段231號,0,0,1,2,C03,8,1,5,50,14,9,1,5,4,5,7,4,4,9,4,5,2,16,1,26,2,9,1,1,7,9,1,10,2,11,,44,10,1,22,9,121.5118955,25.07584716
111,1,6,11,5,2,07信義區,信義區松德路168巷與松德路口,0,0,1,1,F01,6,1,5,50,3,1,1,4,4,5,7,1,1,1,4,4,2,16,1,77,2,9,1,1,7,9,8,20,1,16,,42,42,1,22,9,121.5745696,25.03645665
111,1,6,11,5,2,07信義區,信義區松德路168巷與松德路口,0,0,1,2,C03,6,1,5,50,3,1,1,4,4,5,7,1,1,1,4,4,2,16,1,23,3,10,1,1,7,9,1,10,1,11,,23,42,1,22,9,121.5745696,25.03645665
111,1,6,11,15,2,09北投區,北投區中央北路2段1號,0,0,1,1,B03,7,1,5,50,14,9,1,5,4,5,7,4,4,5,4,5,1,11,1,60,3,10,1,1,7,4,1,8,1,2,,23,23,1,22,9,121.4964917,25.13637588
111,1,6,11,15,2,09北投區,北投區中央北路2段1號,0,0,1,2,C03,7,1,5,50,14,9,1,5,4,5,7,4,4,5,4,5,1,11,2,52,2,9,1,1,7,9,1,10,1,13,,44,23,1,22,9,121.4964917,25.13637588
111,1,6,11,23,2,03中山區,中山區民權西路66號,0,0,3,4,C03,8,1,5,50,14,9,1,5,4,5,7,4,4,1,4,4,2,16,2,21,2,9,1,4,7,9,1,10,1,12,,42,16,1,22,9,121.5200609,25.0627691
111,1,6,11,23,2,03中山區,中山區民權西路66號,0,0,3,1,C03,8,1,5,50,14,9,1,5,4,5,7,4,4,1,4,4,2,16,1,25,2,9,1,4,7,9,1,10,1,11,,16,16,1,22,9,121.5200609,25.0627691
111,1,6,11,23,2,03中山區,中山區民權西路66號,0,0,3,3,C03,8,1,5,50,14,9,1,5,4,5,7,4,4,1,4,4,2,16,1,28,2,9,1,4,7,9,1,10,1,14,,44,16,1,22,9,121.5200609,25.0627691
111,1,6,11,23,2,03中山區,中山區民權西路66號,0,0,3,2,C03,8,1,5,50,14,9,1,5,4,5,7,4,4,1,4,4,2,16,1,41,3,10,1,4,7,9,1,10,1,13,,44,16,1,22,9,121.5200609,25.0627691
111,1,6,11,26,2,12內湖區,內湖區行忠路66巷與新湖三路口,0,0,1,2,B03,6,1,5,50,3,2,1,4,4,5,7,4,4,9,4,5,1,15,2,64,3,10,1,3,7,9,1,8,1,2,,23,6,1,22,9,121.5807879,25.06551985
111,1,6,11,26,2,12內湖區,內湖區行忠路66巷與新湖三路口,0,0,1,1,C03,6,1,5,50,3,2,1,4,4,5,7,4,4,9,4,5,1,15,1,49,2,9,1,1,7,9,1,10,1,11,,6,6,1,22,9,121.5807879,25.06551985
111,1,6,11,30,2,05中正區,中正區同安街與同安街97巷口,0,0,1,1,C03,7,1,5,30,4,2,1,5,4,5,7,4,4,10,5,5,1,16,2,57,2,9,1,1,7,5,1,10,2,12,,6,6,1,22,9,121.5204337,25.0221929
111,1,6,11,30,2,05中正區,中正區同安街與同安街97巷口,0,0,1,2,B01,7,1,5,30,4,2,1,5,4,5,7,4,4,10,5,5,1,16,1,64,3,10,1,1,7,9,1,4,2,4,,14,6,1,22,9,121.5204337,25.0221929
111,1,6,11,35,2,12內湖區,內湖區新明路298巷13號前,0,0,1,1,B03,6,1,5,50,14,9,1,4,4,5,7,4,4,5,4,5,2,17,1,37,3,10,1,1,7,8,1,8,1,2,,7,7,1,22,9,121.5818306,25.0564272
111,1,6,11,35,2,12內湖區,內湖區新明路298巷13號前,0,0,1,2,C03,6,1,5,50,14,9,1,4,4,5,7,4,4,5,4,5,2,17,1,43,2,9,1,1,7,15,1,10,1,14,,44,7,1,22,9,121.5818306,25.0564272
111,1,6,11,44,2,11南港區,南港區南港路1段與興華路口,0,0,1,1,C03,6,1,5,50,4,1,1,4,4,5,6,2,1,5,2,5,2,17,1,47,3,10,1,4,7,7,1,10,2,15,,7,7,1,22,9,121.6062081,25.0542667
111,1,6,11,44,2,11南港區,南港區南港路1段與興華路口,0,0,1,2,C03,6,1,5,50,4,1,1,4,4,5,6,2,1,5,2,5,2,17,2,33,2,9,1,4,7,9,1,10,2,15,,44,7,1,22,9,121.6062081,25.0542667
111,1,6,11,50,2,10文山區,文山區和平東路4段029號燈桿,0,0,1,1,C03,6,1,5,50,14,9,1,4,4,5,7,4,4,5,2,5,1,18,1,20,2,9,1,4,7,9,1,9,2,12,,43,43,1,22,9,121.571893,25.0019313
111,1,6,11,50,2,10文山區,文山區和平東路4段029號燈桿,0,0,1,2,,6,1,5,50,14,9,1,4,4,5,7,4,4,5,2,5,1,18,3,,,,,,,,,,,,,67,43,1,,,121.571893,25.0019313
111,1,6,12,5,2,12內湖區,內湖區文德路208巷,0,0,1,1,C03,7,1,5,50,14,9,1,5,4,5,7,4,4,1,4,4,2,12,1,82,3,10,1,1,7,9,1,10,2,13,,43,43,1,22,9,121.5836746,25.07844088
111,1,6,12,5,2,12內湖區,內湖區文德路208巷,0,0,1,2,C03,7,1,5,50,14,9,1,5,4,5,7,4,4,1,4,4,2,12,1,39,2,7,1,1,7,9,1,10,2,14,,43,43,1,22,9,121.5836746,25.07844088
111,1,6,12,42,2,04大安區,大安區建國南路2段與瑞安街276巷口,0,0,1,1,C03,7,1,5,50,3,2,1,5,4,5,7,4,4,1,4,5,2,13,1,31,2,7,1,1,7,9,1,10,1,11,,16,16,1,22,9,121.53795,25.02652651
111,1,6,12,42,2,04大安區,大安區建國南路2段與瑞安街276巷口,0,0,1,2,C03,7,1,5,50,3,2,1,5,4,5,7,4,4,1,4,5,2,13,1,49,3,10,1,1,7,9,1,10,1,13,,42,16,1,22,9,121.53795,25.02652651