發生年度,發生月,發生日,發生時-Hours,發生分,處理別-編號,區序,肇事地點,死亡人數,2-30日死亡人數,受傷人數,當事人序號,車種,天候,光線,道路類別,速限-速度限制,道路型態,事故位置,路面狀況1,路面狀況2,路面狀況3,道路障礙1,道路障礙2,號誌1,號誌2,車道劃分-分向,車道劃分-分道1,車道劃分-分道2,車道劃分-分道3,事故類型及型態,性別,年齡,受傷程度,主要傷處,安全帽,行動電話,車輛用途,當事者行動狀態,駕駛資格情形,駕駛執照種類,飲酒情形,車輛撞擊部位1,車輛撞擊部位2,肇因碼-個別,肇因碼-主要,個人肇逃否,職業,旅次目的,座標-X,座標-Y
111,1,6,12,42,2,04大安區,大安區建國南路2段與瑞安街276巷口,0,0,1,3,B03,7,1,5,50,3,2,1,5,4,5,7,4,4,1,4,5,2,13,1,74,3,10,1,1,7,14,1,8,1,7,,38,16,1,22,9,121.53795,25.02652651
111,1,6,12,47,2,02萬華區,萬華區西藏路125巷與西藏路125巷口中華電信旁,0,0,2,1,F01,6,1,5,50,14,9,1,4,4,5,7,4,4,9,5,5,2,12,2,72,2,9,1,1,7,5,8,20,2,16,,8,8,1,22,9,121.502913,25.02734474
111,1,6,12,47,2,02萬華區,萬華區西藏路125巷與西藏路125巷口中華電信旁,0,0,2,2,C03,6,1,5,50,14,9,1,4,4,5,7,4,4,9,5,5,2,12,2,23,2,9,1,1,7,9,1,10,2,11,,23,8,1,22,9,121.502913,25.02734474
111,1,6,13,14,2,04大安區,大安區信義路2段198巷與永康街13巷口,0,0,2,1,C03,7,1,5,30,4,1,1,5,4,5,7,4,4,10,5,5,2,15,1,50,2,9,1,1,7,9,1,10,1,14,,44,44,1,22,9,121.5305555,25.0327299
111,1,6,13,14,2,04大安區,大安區信義路2段198巷與永康街13巷口,0,0,2,2,C03,7,1,5,30,4,1,1,5,4,5,7,4,4,10,5,5,2,15,2,37,2,9,1,1,7,9,1,10,1,11,,6,44,1,22,9,121.5305555,25.0327299
111,1,6,14,10,2,04大安區,大安區市民大道3段與建國南路1段口口,0,0,1,1,C03,6,1,5,40,4,1,1,4,4,5,7,2,1,1,4,4,2,15,1,37,2,9,3,4,7,9,1,10,1,11,,44,44,1,22,9,121.5363451,25.04467402
111,1,6,14,10,2,04大安區,大安區市民大道3段與建國南路1段口口,0,0,1,2,B02,6,1,5,40,4,1,1,4,4,5,7,2,1,1,4,4,2,15,1,51,3,10,3,4,7,9,1,8,1,6,,43,44,1,22,9,121.5363451,25.04467402
111,1,6,14,51,2,01大同區,大同區民權西路與民權西路口側附近144巷口口,0,0,2,1,C03,8,1,5,50,4,1,1,5,4,5,7,1,1,1,4,5,2,17,2,22,2,8,1,1,7,6,1,10,11,12,,9,9,1,22,9,121.5159573,25.06288382
111,1,6,14,51,2,01大同區,大同區民權西路與民權西路口側附近144巷口口,0,0,2,2,C03,8,1,5,50,4,1,1,5,4,5,7,1,1,1,4,5,2,17,2,31,2,9,1,1,7,9,1,10,11,14,,44,9,1,22,9,121.5159573,25.06288382
111,1,6,15,8,2,04大安區,大安區復興南路2段與復興南路2段78巷口,0,0,1,1,B01,8,1,5,50,4,2,1,5,4,5,7,2,1,1,4,4,1,16,1,62,3,10,1,4,7,5,1,4,2,2,,25,25,1,22,9,121.5434419,25.03108338
111,1,6,15,8,2,04大安區,大安區復興南路2段與復興南路2段78巷口,0,0,1,2,C03,8,1,5,50,4,2,1,5,4,5,7,2,1,1,4,4,1,16,2,26,2,9,1,4,7,9,1,10,2,11,,44,25,1,22,9,121.5434419,25.03108338
111,1,6,15,12,2,09北投區,北投區行義路300巷1號前,0,0,1,1,B03,8,1,5,15,11,9,1,5,4,5,1,4,4,10,5,5,2,17,2,46,3,10,1,1,7,1,1,8,1,15,,19,19,1,22,9,121.5284776,25.13856763
111,1,6,15,12,2,09北投區,北投區行義路300巷1號前,0,0,1,2,C03,8,1,5,15,11,9,1,5,4,5,1,4,4,10,5,5,2,17,1,51,2,9,1,1,7,9,1,10,1,12,,44,19,1,22,9,121.5284776,25.13856763
111,1,6,15,30,2,03中山區,中山區復興北路與民權東路3段口,0,0,1,1,B03,7,1,5,50,3,1,1,5,4,5,7,1,1,1,4,5,2,16,1,56,3,10,3,4,7,6,1,8,1,2,,9,9,1,6,9,121.5441165,25.06267752
111,1,6,15,30,2,03中山區,中山區復興北路與民權東路3段口,0,0,1,2,C03,7,1,5,50,3,1,1,5,4,5,7,1,1,1,4,5,2,16,2,19,2,9,3,4,7,9,1,10,1,11,,44,9,1,18,9,121.5441165,25.06267752
111,1,6,15,37,2,07信義區,信義區松山路142號,0,0,1,1,B01,6,1,5,50,14,9,1,4,4,5,7,4,4,1,4,5,2,16,1,68,3,10,1,1,7,8,1,4,1,6,,7,7,1,21,8,121.5777027,25.04715617
111,1,6,15,37,2,07信義區,信義區松山路142號,0,0,1,2,C03,6,1,5,50,14,9,1,4,4,5,7,4,4,1,4,5,2,16,1,24,2,9,1,1,7,4,1,10,1,11,,16,7,1,21,8,121.5777027,25.04715617
111,1,6,15,55,2,05中正區,中正區寧波西街106-2號前,0,0,1,2,C03,7,1,5,50,14,9,1,5,4,5,7,4,4,10,4,5,2,16,2,25,3,10,1,1,7,9,1,9,1,12,,44,7,1,22,9,121.5139938,25.02951352
111,1,6,15,55,2,05中正區,中正區寧波西街106-2號前,0,0,1,1,C03,7,1,5,50,14,9,1,5,4,5,7,4,4,10,4,5,2,16,1,26,2,8,1,1,7,7,1,10,1,14,,7,7,1,22,9,121.5139938,25.02951352
111,1,6,16,26,2,08士林區,士林區至善路2段與至善路2段393巷口,0,0,1,1,B03,6,1,8,50,15,22,1,4,4,5,7,4,4,3,5,5,2,16,1,41,3,10,1,1,7,8,1,8,2,5,,7,7,1,22,9,121.5572934,25.10566848
111,1,6,16,26,2,08士林區,士林區至善路2段與至善路2段393巷口,0,0,1,2,C03,6,1,8,50,15,22,1,4,4,5,7,4,4,3,5,5,2,16,1,77,2,9,1,1,7,21,1,10,2,14,,44,7,1,22,9,121.5572934,25.10566848
111,1,6,16,28,2,08士林區,士林區中正路與基河路口,0,0,1,1,B03,7,1,5,50,14,9,1,5,4,5,7,4,4,3,3,4,1,13,2,41,2,7,1,1,7,9,1,8,2,1,,23,23,1,22,9,121.5199165,25.09337051
111,1,6,16,28,2,08士林區,士林區中正路與基河路口,0,0,1,2,B03,7,1,5,50,14,9,1,5,4,5,7,4,4,3,3,4,1,13,1,60,3,10,1,1,7,14,1,8,2,3,,44,23,1,22,9,121.5199165,25.09337051
111,1,6,16,28,2,08士林區,士林區中正路與基河路口,0,0,1,3,B03,7,1,5,50,14,9,1,5,4,5,7,4,4,3,3,4,1,13,1,27,3,10,1,1,7,14,1,8,2,3,,44,23,1,22,9,121.5199165,25.09337051
111,1,6,16,54,2,02萬華區,萬華區萬大路與莒光路口,0,0,2,1,C03,8,1,5,50,4,1,1,5,4,5,7,1,1,10,5,5,2,17,1,44,2,9,3,4,7,7,1,10,1,14,,7,7,1,22,9,121.5006205,25.03118317
111,1,6,16,54,2,02萬華區,萬華區萬大路與莒光路口,0,0,2,2,C03,8,1,5,50,4,1,1,5,4,5,7,1,1,10,5,5,2,17,1,49,2,9,3,4,7,9,1,10,1,11,,42,7,1,22,9,121.5006205,25.03118317
111,1,6,16,57,2,04大安區,大安區忠孝東路4段與仁愛路4段71巷口,0,0,1,1,C03,6,3,5,50,4,2,1,4,4,5,7,4,4,1,4,5,2,13,1,28,2,9,1,1,7,9,1,10,2,11,,23,23,1,22,9,121.5474069,25.04144924
111,1,6,16,57,2,04大安區,大安區忠孝東路4段與仁愛路4段71巷口,0,0,1,2,B03,6,3,5,50,4,2,1,4,4,5,7,4,4,1,4,5,2,13,1,50,3,10,1,1,7,15,1,8,2,6,,44,23,1,22,9,121.5474069,25.04144924
111,1,6,17,7,2,02萬華區,萬華區環河南路1段23號,0,0,1,1,C03,7,1,5,50,14,9,1,5,4,5,7,4,4,10,5,5,1,13,1,28,2,9,1,4,7,10,1,10,2,11,,7,7,1,22,9,121.5041596,25.04697401
111,1,6,17,7,2,02萬華區,萬華區環河南路1段23號,0,0,1,2,B03,7,1,5,50,14,9,1,5,4,5,7,4,4,10,5,5,1,13,1,40,3,10,1,4,7,9,1,8,2,3,,44,7,1,22,9,121.5041596,25.04697401
111,1,6,17,20,2,02萬華區,萬華區環河南路1段與武昌街2段口,0,0,1,1,B03,8,3,5,50,4,1,1,5,4,5,7,1,1,8,5,5,2,15,1,59,3,10,1,1,7,14,1,8,2,5,,25,25,1,22,9,121.5026987,25.04569322
111,1,6,17,20,2,02萬華區,萬華區環河南路1段與武昌街2段口,0,0,1,2,C03,8,3,5,50,4,1,1,5,4,5,7,1,1,8,5,5,2,15,2,43,2,9,1,1,7,1,1,10,2,11,,44,25,1,22,9,121.5026987,25.04569322
111,1,6,17,30,2,03中山區,中山區建國北路3段與農安街口迴轉道,0,0,1,1,B12,8,2,5,50,3,1,1,5,4,5,7,2,1,1,5,5,2,16,1,46,3,10,1,1,7,5,1,8,1,1,,8,8,1,22,9,121.5370464,25.06509214
111,1,6,17,30,2,03中山區,中山區建國北路3段與農安街口迴轉道,0,0,1,2,F01,8,2,5,50,3,1,1,5,4,5,7,2,1,1,5,5,2,16,2,51,2,9,1,1,7,11,8,20,1,16,,11,8,1,22,9,121.5370464,25.06509214
111,1,6,17,45,2,12內湖區,內湖區行善路70號,0,0,1,1,C03,6,3,5,50,14,9,1,4,4,5,7,4,4,9,5,5,2,17,2,40,2,8,1,1,7,1,1,10,2,15,,19,19,1,22,9,121.5768038,25.05791299
111,1,6,17,45,2,12內湖區,內湖區行善路70號,0,0,1,2,B12,6,3,5,50,14,9,1,4,4,5,7,4,4,9,5,5,2,17,1,44,3,10,1,1,7,9,1,8,2,8,,44,19,1,22,9,121.5768038,25.05791299
111,1,6,17,50,2,01大同區,大同區台北橋機車道(路燈282526),0,0,2,1,C03,6,3,5,50,14,11,1,4,4,5,7,4,4,10,4,5,2,12,2,25,2,9,1,1,7,7,3,18,1,13,,7,7,1,22,9,121.5084662,25.06353574
111,1,6,17,50,2,01大同區,大同區台北橋機車道(路燈282526),0,0,2,2,C03,6,3,5,50,14,11,1,4,4,5,7,4,4,10,4,5,2,12,2,53,2,9,1,1,7,9,4,11,1,11,,44,7,1,22,9,121.5084662,25.06353574
111,1,6,17,54,2,12內湖區,內湖區成功路2段與成功路2段426巷口,0,0,2,1,C03,8,3,5,50,4,2,1,4,4,5,7,2,1,1,4,5,2,17,2,37,2,8,1,1,7,9,1,10,1,11,,23,23,1,22,9,121.5898416,25.07152466
111,1,6,17,54,2,12內湖區,內湖區成功路2段與成功路2段426巷口,0,0,2,2,C03,8,3,5,50,4,2,1,4,4,5,7,2,1,1,4,5,2,17,1,35,2,8,1,1,7,9,1,10,1,13,,44,23,1,22,9,121.5898416,25.07152466
111,1,6,18,6,2,04大安區,大安區基隆路3段155巷台科大停車場,0,0,2,1,C03,6,1,5,50,14,9,1,4,4,5,7,4,4,10,5,5,2,16,1,18,2,9,1,1,7,5,1,10,11,14,,8,8,1,22,9,121.543036,25.01515693
111,1,6,18,6,2,04大安區,大安區基隆路3段155巷台科大停車場,0,0,2,2,C03,6,1,5,50,14,9,1,4,4,5,7,4,4,10,5,5,2,16,2,26,2,9,1,1,7,9,1,10,11,11,,44,8,1,22,9,121.543036,25.01515693
111,1,6,18,8,2,02萬華區,萬華區青年路56號,0,0,1,1,H01,6,3,5,30,14,9,1,4,4,5,7,4,4,9,5,5,1,3,1,71,2,8,4,5,8,16,8,20,10,16,,51,51,1,22,9,121.5032401,25.02475666
111,1,6,18,8,2,02萬華區,萬華區青年路56號,0,0,1,2,C03,6,3,5,30,14,9,1,4,4,5,7,4,4,9,5,5,1,3,1,36,3,10,1,1,7,9,1,10,1,11,,13,51,1,22,9,121.5032401,25.02475666
111,1,6,18,8,2,02萬華區,萬華區萬大路與萬大路344巷口,0,0,1,1,B03,6,3,5,30,3,1,1,4,4,5,7,4,4,1,4,5,2,17,1,39,3,10,1,4,7,6,1,8,1,5,,9,9,1,22,9,121.4999402,25.02374086
111,1,6,18,8,2,02萬華區,萬華區萬大路與萬大路344巷口,0,0,1,2,C03,6,3,5,30,3,1,1,4,4,5,7,4,4,1,4,5,2,17,2,23,2,8,1,4,7,9,1,10,1,11,,13,9,1,22,9,121.4999402,25.02374086
111,1,6,18,10,2,03中山區,中山區大直街65號,0,0,1,1,C03,6,3,5,50,14,18,1,4,4,5,6,4,4,5,5,5,2,3,2,57,3,10,1,1,7,9,1,10,11,11,,43,43,1,22,9,121.5463551,25.0836597
111,1,6,18,10,2,03中山區,中山區大直街65號,0,0,1,2,H01,6,3,5,50,14,18,1,4,4,5,6,4,4,5,5,5,2,3,2,18,2,9,4,5,8,16,8,20,11,16,,67,43,1,22,9,121.5463551,25.0836597
111,1,6,18,10,2,05中正區,中正區重慶南路3段23號,0,0,1,1,C03,6,3,5,50,14,9,1,4,4,5,7,4,4,1,4,5,2,17,1,33,3,10,1,1,7,1,1,10,1,14,,19,19,1,22,9,121.5156885,25.02863899
111,1,6,18,10,2,05中正區,中正區重慶南路3段23號,0,0,1,2,C03,6,3,5,50,14,9,1,4,4,5,7,4,4,1,4,5,2,17,2,28,2,8,1,1,7,9,1,10,1,14,,44,19,1,22,9,121.5156885,25.02863899
111,1,6,18,10,2,12內湖區,內湖區康寧路3段與五分街口,0,0,2,1,C03,6,1,5,50,14,9,1,4,4,5,7,1,1,1,4,5,2,16,2,37,2,9,1,1,7,5,3,18,1,14,,8,8,1,22,9,121.6117613,25.06779418
111,1,6,18,10,2,12內湖區,內湖區康寧路3段與五分街口,0,0,2,2,C03,6,1,5,50,14,9,1,4,4,5,7,1,1,1,4,5,2,16,1,24,3,10,1,1,7,9,1,10,1,11,,44,8,1,22,9,121.6117613,25.06779418
111,1,6,18,10,2,12內湖區,內湖區康寧路3段與五分街口,0,0,2,3,H02,6,1,5,50,14,9,1,4,4,5,7,1,1,1,4,5,2,16,1,4,2,8,1,5,7,20,8,20,10,16,,67,8,1,22,9,121.6117613,25.06779418
111,1,6,18,20,2,07信義區,信義區松隆路與忠孝東路5段71巷口,0,0,1,1,B12,6,3,5,50,3,2,1,4,4,5,7,2,1,3,4,5,2,17,1,44,3,10,1,1,7,6,1,8,2,5,,43,43,1,22,9,121.5674857,25.04353419
111,1,6,18,20,2,07信義區,信義區松隆路與忠孝東路5段71巷口,0,0,1,2,C03,6,3,5,50,3,2,1,4,4,5,7,2,1,3,4,5,2,17,2,56,2,8,1,1,7,14,1,10,2,13,,43,43,1,22,9,121.5674857,25.04353419
111,1,6,18,26,2,04大安區,大安區大安路2段132巷與大安路2段口,0,0,1,1,B03,6,3,5,30,3,2,1,4,4,5,7,4,4,10,5,5,2,9,1,48,3,10,3,4,7,5,1,8,2,2,,15,15,1,22,9,121.5460392,25.02990807
111,1,6,18,26,2,04大安區,大安區大安路2段132巷與大安路2段口,0,0,1,2,H01,6,3,5,30,3,2,1,4,4,5,7,4,4,10,5,5,2,9,2,42,2,9,4,5,8,16,8,20,2,16,,67,15,1,22,9,121.5460392,25.02990807
111,1,6,18,28,2,07信義區,信義區松仁路7號,0,0,1,1,B01,6,3,5,50,14,9,1,4,4,5,7,4,4,3,4,5,2,12,1,65,3,10,1,1,7,9,1,4,1,5,,44,44,1,22,9,121.5685174,25.03828546
111,1,6,18,28,2,07信義區,信義區松仁路7號,0,0,1,2,C03,6,3,5,50,14,9,1,4,4,5,7,4,4,3,4,5,2,12,2,31,2,8,1,1,7,7,1,10,1,14,,7,44,1,22,9,121.5685174,25.03828546
111,1,6,18,28,2,07信義區,信義區松仁路7號,0,0,1,3,B03,6,3,5,50,14,9,1,4,4,5,7,4,4,3,4,5,2,12,2,45,3,10,1,1,7,14,1,8,1,4,,38,44,1,22,9,121.5685174,25.03828546
111,1,6,18,30,2,07信義區,信義區松仁路226號,0,0,1,1,C03,6,3,5,50,14,18,1,4,4,5,7,1,1,10,2,5,2,3,1,35,2,9,1,1,7,9,1,10,1,14,,15,15,1,22,9,121.568854,25.0258072
111,1,6,18,30,2,07信義區,信義區松仁路226號,0,0,1,2,H01,6,3,5,50,14,18,1,4,4,5,7,1,1,10,2,5,2,3,1,20,3,10,4,5,8,16,8,20,10,16,,67,15,1,22,9,121.568854,25.0258072
111,1,6,18,35,2,11南港區,南港區東新街185號,0,0,2,1,H01,6,3,5,50,14,9,1,4,4,5,2,4,4,5,4,5,2,3,1,27,2,9,4,5,8,16,8,20,1,16,,67,67,1,22,9,121.5935367,25.0465301
111,1,6,18,35,2,11南港區,南港區東新街185號,0,0,2,2,C03,6,3,5,50,14,9,1,4,4,5,2,4,4,5,4,5,2,3,2,37,2,8,1,1,7,9,1,10,1,11,,23,67,1,22,9,121.5935367,25.0465301
111,1,6,18,35,2,11南港區,南港區東新街185號,0,0,2,3,B03,6,3,5,50,14,9,1,4,4,5,2,4,4,5,4,5,2,3,2,49,3,10,1,1,7,9,1,8,1,8,,23,67,1,22,9,121.5935367,25.0465301
111,1,6,18,40,2,12內湖區,內湖區金湖路與康寧路1段口口,0,0,1,1,B03,6,3,5,40,3,1,1,4,4,5,7,4,4,1,5,5,2,12,2,48,3,10,1,1,7,6,1,8,1,2,,9,9,1,22,9,121.6002404,25.07753598
111,1,6,18,40,2,12內湖區,內湖區金湖路與康寧路1段口口,0,0,1,2,C03,6,3,5,40,3,1,1,4,4,5,7,4,4,1,5,5,2,12,1,24,2,9,1,1,7,14,1,10,1,14,,44,9,1,22,9,121.6002404,25.07753598
111,1,6,18,40,2,12內湖區,內湖區內湖路1段285巷59弄2號,0,0,1,1,C03,6,3,5,30,14,9,1,4,4,5,7,4,4,10,5,5,2,2,2,62,3,10,1,1,7,9,4,8,2,11,,23,23,1,22,9,121.5669982,25.0839561
111,1,6,18,40,2,12內湖區,內湖區內湖路1段285巷59弄2號,0,0,1,2,H01,6,3,5,30,14,9,1,4,4,5,7,4,4,10,5,5,2,2,2,67,2,8,4,5,8,16,8,20,10,16,,60,23,1,22,9,121.5669982,25.0839561
111,1,6,18,45,2,11南港區,南港區忠孝東路6段39號與忠孝東路6段口,0,0,1,1,C03,6,3,5,50,3,2,1,4,4,5,7,4,4,1,4,4,2,13,1,55,2,8,1,1,7,9,3,18,1,11,,16,16,1,22,9,121.5836729,25.04667445
111,1,6,18,45,2,11南港區,南港區忠孝東路6段39號與忠孝東路6段口,0,0,1,2,B03,6,3,5,50,3,2,1,4,4,5,7,4,4,1,4,4,2,13,2,35,3,10,1,1,7,9,1,8,1,6,,44,16,1,22,9,121.5836729,25.04667445
111,1,6,18,57,2,11南港區,南港區合順街與大坑街口,0,0,3,1,C03,6,3,5,50,3,2,1,4,4,5,7,4,4,4,5,5,2,13,1,20,2,7,1,1,7,9,1,10,1,11,,23,23,1,22,9,121.6194182,25.04297631
111,1,6,18,57,2,11南港區,南港區合順街與大坑街口,0,0,3,2,C03,6,3,5,50,3,2,1,4,4,5,7,4,4,4,5,5,2,13,2,36,2,9,1,1,7,5,1,10,1,13,,44,23,1,22,9,121.6194182,25.04297631
111,1,6,18,57,2,11南港區,南港區合順街與大坑街口,0,0,3,3,H02,6,3,5,50,3,2,1,4,4,5,7,4,4,4,5,5,2,13,2,4,2,9,1,1,7,21,8,20,10,16,,67,23,1,22,9,121.6194182,25.04297631
111,1,6,19,0,2,04大安區,大安區忠孝東路3段與忠孝東路3段251巷口,0,0,1,1,C03,6,3,5,30,14,9,1,4,4,5,7,2,1,1,4,5,2,17,2,31,2,9,3,4,7,5,1,10,1,15,,44,44,1,22,9,121.5416566,25.04174356
111,1,6,19,0,2,04大安區,大安區忠孝東路3段與忠孝東路3段251巷口,0,0,1,2,F01,6,3,5,30,14,9,1,4,4,5,7,2,1,1,4,5,2,17,1,26,3,10,3,4,7,9,8,20,1,16,,26,44,1,22,9,121.5416566,25.04174356
111,1,6,19,20,2,05中正區,中正區仁愛路2段與金山南路1段口,0,0,1,1,B03,6,3,5,50,4,1,1,4,4,5,7,1,1,1,4,1,2,12,1,30,3,10,1,1,7,5,1,8,2,8,,8,8,1,22,9,121.528233,25.03807423
111,1,6,19,20,2,05中正區,中正區仁愛路2段與金山南路1段口,0,0,1,2,F01,6,3,5,50,4,1,1,4,4,5,7,1,1,1,4,1,2,12,2,55,2,9,1,1,7,9,8,20,2,16,,44,8,1,22,9,121.528233,25.03807423
111,1,6,19,30,2,05中正區,(紹興南街5-3號前),0,0,2,2,C03,7,3,5,40,14,9,1,4,4,5,7,4,4,9,4,5,2,17,1,24,2,8,1,1,7,9,1,10,1,11,,44,6,1,22,9,121.5248702,25.0434535
111,1,6,19,30,2,05中正區,(紹興南街5-3號前),0,0,2,1,C03,7,3,5,40,14,9,1,4,4,5,7,4,4,9,4,5,2,17,1,33,2,9,1,1,7,15,1,10,1,14,,6,6,1,22,9,121.5248702,25.0434535
111,1,6,19,39,2,03中山區,中山區龍江路與民族東路口,0,0,1,1,B03,6,3,5,50,3,2,1,4,4,5,6,1,1,5,5,5,2,12,2,30,3,10,1,1,7,6,1,8,1,5,,9,9,1,22,9,121.5410387,25.06795964
111,1,6,19,39,2,03中山區,中山區龍江路與民族東路口,0,0,1,2,C03,6,3,5,50,3,2,1,4,4,5,6,1,1,5,5,5,2,12,2,25,2,9,1,1,7,5,1,10,1,14,,43,9,1,22,9,121.5410387,25.06795964
111,1,6,19,42,2,07信義區,信義區信義路5段與市府路口,0,0,1,1,B03,6,3,5,50,3,1,1,4,4,5,7,2,1,3,4,5,2,17,1,38,3,10,1,1,7,6,1,8,1,1,,9,9,1,22,9,121.5635343,25.0329839
111,1,6,19,42,2,07信義區,信義區信義路5段與市府路口,0,0,1,2,F01,6,3,5,50,3,1,1,4,4,5,7,2,1,3,4,5,2,17,1,24,2,6,1,1,7,9,8,20,1,16,,27,9,1,22,9,121.5635343,25.0329839
111,1,6,19,43,2,02萬華區,萬華區西園路2段與艋舺大道口,0,0,2,1,B12,6,3,5,50,4,1,1,4,4,5,7,2,1,2,5,5,1,12,2,24,3,10,1,4,7,6,1,8,1,2,,9,9,1,22,9,121.4980036,25.03309302
111,1,6,19,43,2,02萬華區,萬華區西園路2段與艋舺大道口,0,0,2,2,C03,6,3,5,50,4,1,1,4,4,5,7,2,1,2,5,5,1,12,1,67,2,9,1,4,7,9,1,10,1,11,,26,9,1,22,9,121.4980036,25.03309302
111,1,6,19,43,2,02萬華區,萬華區西園路2段與艋舺大道口,0,0,2,3,H02,6,3,5,50,4,1,1,4,4,5,7,2,1,2,5,5,1,12,2,62,2,8,1,4,7,20,8,20,10,16,,67,9,1,22,9,121.4980036,25.03309302
111,1,6,19,52,2,03中山區,中山區建國北路2段與建國北路2段186巷口前迴轉道,0,0,1,1,B01,6,3,5,50,4,1,1,4,4,5,7,2,1,1,4,5,2,3,1,42,3,10,3,4,7,5,1,4,1,5,,15,15,1,22,9,121.5367002,25.05957388
111,1,6,19,52,2,03中山區,中山區建國北路2段與建國北路2段186巷口前迴轉道,0,0,1,2,H01,6,3,5,50,4,1,1,4,4,5,7,2,1,1,4,5,2,3,1,22,2,9,4,5,8,16,8,20,10,16,,67,15,1,22,9,121.5367002,25.05957388
111,1,6,19,59,2,03中山區,中山區長安東路2段與龍江路口,0,0,2,1,B03,6,3,5,50,4,1,1,4,4,5,7,2,1,4,3,5,2,11,1,39,3,10,3,4,7,5,1,8,2,6,,8,8,1,22,9,121.5404189,25.04837445
111,1,6,19,59,2,03中山區,中山區長安東路2段與龍江路口,0,0,2,2,C03,6,3,5,50,4,1,1,4,4,5,7,2,1,4,3,5,2,11,1,27,2,9,3,4,7,9,1,10,2,11,,44,8,1,22,9,121.5404189,25.04837445
111,1,6,19,59,2,03中山區,中山區長安東路2段與龍江路口,0,0,2,3,H02,6,3,5,50,4,1,1,4,4,5,7,2,1,4,3,5,2,11,2,26,2,9,3,5,7,20,8,20,10,16,,67,8,1,22,9,121.5404189,25.04837445
111,1,6,20,30,2,03中山區,中山區新生北路1段66號,0,0,1,1,B03,6,3,5,50,14,9,1,4,4,5,7,2,1,1,4,5,2,16,1,39,3,10,3,4,7,7,1,8,1,8,,7,7,1,22,9,121.5304669,25.04721251
111,1,6,20,30,2,03中山區,中山區新生北路1段66號,0,0,1,2,C03,6,3,5,50,14,9,1,4,4,5,7,2,1,1,4,5,2,16,1,34,2,7,3,4,7,1,1,10,1,12,,44,7,1,22,9,121.5304669,25.04721251
111,1,6,20,37,2,05中正區,中正區信義路2段1號,0,0,1,4,C04,6,3,5,50,14,9,1,4,4,5,7,4,4,1,4,5,2,17,3,,,,,,,,,,,,,67,23,1,,,121.5245602,25.03550285
111,1,6,20,37,2,05中正區,中正區信義路2段1號,0,0,1,1,C03,6,3,5,50,14,9,1,4,4,5,7,4,4,1,4,5,2,17,1,34,2,7,1,4,7,9,1,10,2,11,,23,23,1,22,1,121.5245602,25.03550285
111,1,6,20,37,2,05中正區,中正區信義路2段1號,0,0,1,2,C03,6,3,5,50,14,9,1,4,4,5,7,4,4,1,4,5,2,17,1,42,3,10,3,1,7,13,1,10,9,12,,44,23,1,22,9,121.5245602,25.03550285
111,1,6,20,37,2,05中正區,中正區信義路2段1號,0,0,1,3,C03,6,3,5,50,14,9,1,4,4,5,7,4,4,1,4,5,2,17,2,23,3,10,3,4,7,13,1,10,9,14,,44,23,1,22,9,121.5245602,25.03550285
111,1,6,20,48,2,08士林區,士林區至誠路2段與至誠路2段92巷口,0,0,1,1,C03,6,3,5,50,3,2,1,4,4,5,7,4,4,9,4,5,1,9,1,20,3,10,1,1,7,9,1,10,2,11,,15,15,1,22,9,121.5277257,25.10142534
111,1,6,20,48,2,08士林區,士林區至誠路2段與至誠路2段92巷口,0,0,1,2,H01,6,3,5,50,3,2,1,4,4,5,7,4,4,9,4,5,1,9,1,57,2,8,4,5,8,20,8,20,10,16,,67,15,1,22,9,121.5277257,25.10142534
111,1,6,20,51,2,02萬華區,萬華區艋舺大道與艋舺大道120巷口,0,0,1,1,B02,6,3,5,50,3,1,1,4,4,5,7,1,1,1,4,1,1,17,1,25,3,10,1,1,7,9,1,8,1,5,,43,43,1,22,9,121.5024215,25.03329255
111,1,6,20,51,2,02萬華區,萬華區艋舺大道與艋舺大道120巷口,0,0,1,2,C03,6,3,5,50,3,1,1,4,4,5,7,1,1,1,4,1,1,17,2,45,2,7,1,1,7,5,1,10,1,13,,43,43,1,22,9,121.5024215,25.03329255
111,1,6,20,51,2,02萬華區,萬華區艋舺大道與艋舺大道120巷口,0,0,1,3,C03,6,3,5,50,3,1,1,4,4,5,7,1,1,1,4,1,1,17,4,,,,,,,15,,,,,,43,43,2,,,121.5024215,25.03329255
111,1,6,20,54,2,03中山區,中山區復興南路1段30巷與八德路2段312巷口,0,0,2,1,H01,6,3,5,30,3,1,1,4,4,5,7,4,4,9,4,5,2,3,1,34,2,9,4,5,8,16,8,20,10,16,,51,51,1,22,9,121.542993,25.04641134
111,1,6,20,54,2,03中山區,中山區復興南路1段30巷與八德路2段312巷口,0,0,2,2,C03,6,3,5,30,3,1,1,4,4,5,7,4,4,9,4,5,2,3,1,33,2,9,3,4,7,9,1,10,1,11,,13,51,1,22,9,121.542993,25.04641134
111,1,6,21,40,2,01大同區,大同區鄭州路與西寧北路口,0,0,1,2,B03,6,3,5,40,4,1,1,4,4,5,7,2,1,1,4,5,1,12,2,63,3,10,3,4,7,9,1,8,1,2,,13,8,1,22,9,121.5082021,25.0506052
111,1,6,21,40,2,01大同區,大同區鄭州路與西寧北路口,0,0,1,1,C03,6,3,5,40,4,1,1,4,4,5,7,2,1,1,4,5,1,12,1,21,2,9,1,4,7,5,1,10,1,14,,8,8,1,22,9,121.5082021,25.0506052
111,1,6,21,45,2,03中山區,中山區民權西路22號,0,0,2,1,C03,6,3,5,50,14,9,1,4,4,5,7,4,4,1,3,5,2,13,1,24,2,9,3,4,7,9,1,10,1,11,,16,16,1,22,9,121.5218002,25.06271892