發生年度,發生月,發生日,發生時-Hours,發生分,處理別-編號,區序,肇事地點,死亡人數,2-30日死亡人數,受傷人數,當事人序號,車種,天候,光線,道路類別,速限-速度限制,道路型態,事故位置,路面狀況1,路面狀況2,路面狀況3,道路障礙1,道路障礙2,號誌1,號誌2,車道劃分-分向,車道劃分-分道1,車道劃分-分道2,車道劃分-分道3,事故類型及型態,性別,年齡,受傷程度,主要傷處,安全帽,行動電話,車輛用途,當事者行動狀態,駕駛資格情形,駕駛執照種類,飲酒情形,車輛撞擊部位1,車輛撞擊部位2,肇因碼-個別,肇因碼-主要,個人肇逃否,職業,旅次目的,座標-X,座標-Y
111,1,6,21,45,2,03中山區,中山區民權西路22號,0,0,2,2,C03,6,3,5,50,14,9,1,4,4,5,7,4,4,1,3,5,2,13,1,53,2,9,3,4,7,9,1,10,1,13,,44,16,1,22,9,121.5218002,25.06271892
111,1,6,21,45,2,03中山區,中山區民權西路22號,0,0,2,3,B01,6,3,5,50,14,9,1,4,4,5,7,4,4,1,3,5,2,13,1,68,3,10,3,4,7,7,1,4,1,4,,7,16,1,22,9,121.5218002,25.06271892
111,1,6,21,45,2,03中山區,中山區民權西路22號,0,0,2,4,B01,6,3,5,50,14,9,1,4,4,5,7,4,4,1,3,5,2,13,1,59,3,10,3,4,7,14,1,4,1,15,,38,16,1,22,9,121.5218002,25.06271892
111,1,6,21,45,2,09北投區,北投區自強街101號,0,0,2,2,C03,6,1,5,50,14,9,1,4,4,5,7,4,4,9,4,5,1,16,1,29,2,8,1,1,7,9,1,10,1,11,,43,43,1,22,9,121.5152141,25.11075429
111,1,6,21,45,2,09北投區,北投區自強街101號,0,0,2,1,C03,6,1,5,50,14,9,1,4,4,5,7,4,4,9,4,5,1,16,2,43,2,8,1,1,7,1,1,10,1,14,,43,43,1,22,9,121.5152141,25.11075429
111,1,6,22,0,2,04大安區,大安區忠孝東路4段77巷與大安路1段75巷口,0,0,1,1,C02,6,3,5,30,4,2,1,4,4,5,7,4,4,10,5,5,2,15,1,47,2,8,3,4,7,9,1,9,3,11,,6,6,1,22,9,121.5472087,25.0421715
111,1,6,22,0,2,04大安區,大安區忠孝東路4段77巷與大安路1段75巷口,0,0,1,2,B03,6,3,5,30,4,2,1,4,4,5,7,4,4,10,5,5,2,15,1,22,3,10,3,4,7,9,1,8,2,8,,14,6,1,22,9,121.5472087,25.0421715
111,1,6,22,10,2,05中正區,中正區杭州南路1段與濟南路1段口,0,0,2,1,C03,6,3,5,50,4,1,1,4,4,5,7,2,1,10,4,5,2,17,1,26,2,9,1,1,7,5,1,10,2,14,,8,8,1,22,9,121.5261152,25.04158328
111,1,6,22,10,2,05中正區,中正區杭州南路1段與濟南路1段口,0,0,2,2,C03,6,3,5,50,4,1,1,4,4,5,7,2,1,10,4,5,2,17,1,18,2,9,1,1,7,9,1,10,2,11,,44,8,1,22,9,121.5261152,25.04158328
111,1,6,22,15,2,07信義區,信義區忠孝東路5段236巷10弄與忠孝東路口側附近5段236巷口,0,0,1,1,C03,6,3,5,50,3,2,1,4,4,5,7,2,1,10,5,5,2,3,2,45,3,10,1,1,7,9,1,10,1,11,,15,15,1,22,9,121.5719627,25.04008
111,1,6,22,15,2,07信義區,信義區忠孝東路5段236巷10弄與忠孝東路口側附近5段236巷口,0,0,1,2,H01,6,3,5,50,3,2,1,4,4,5,7,2,1,10,5,5,2,3,2,23,2,8,4,5,8,18,8,20,10,16,,67,15,1,22,9,121.5719627,25.04008
111,1,6,22,16,2,11南港區,南港區忠孝東路6段與向陽路口口,0,0,1,1,B03,6,3,5,50,5,1,1,4,4,5,7,2,1,1,4,5,2,12,1,41,3,10,1,1,7,8,1,8,2,6,,7,7,1,22,9,121.5955487,25.0507431
111,1,6,22,16,2,11南港區,南港區忠孝東路6段與向陽路口口,0,0,1,2,C03,6,3,5,50,5,1,1,4,4,5,7,2,1,1,4,5,2,12,2,23,2,9,1,1,7,9,1,10,2,14,,25,7,1,22,9,121.5955487,25.0507431
111,1,6,22,50,2,05中正區,中正區中華路2段39巷與中華路2段口,0,0,1,1,B01,6,3,5,50,14,9,1,4,4,5,7,4,4,3,4,5,2,12,1,29,3,10,1,1,7,7,1,4,2,4,,7,7,1,22,9,121.5063339,25.03523922
111,1,6,22,50,2,05中正區,中正區中華路2段39巷與中華路2段口,0,0,1,2,C03,6,3,5,50,14,9,1,4,4,5,7,4,4,3,4,5,2,12,2,39,2,9,1,1,7,9,1,10,2,12,,14,7,1,22,9,121.5063339,25.03523922
111,1,6,23,59,2,12內湖區,內湖區洲子街與內湖路1段360巷口,0,0,3,1,B03,6,3,5,50,4,1,1,4,4,5,7,3,1,5,5,5,2,15,1,33,2,1,1,1,7,9,1,8,2,8,,6,6,1,22,9,121.5702814,25.0803668
111,1,6,23,59,2,12內湖區,內湖區洲子街與內湖路1段360巷口,0,0,3,2,B03,6,3,5,50,4,1,1,4,4,5,7,3,1,5,5,5,2,15,1,26,2,9,1,1,7,9,1,8,2,1,,23,6,1,22,9,121.5702814,25.0803668
111,1,6,23,59,2,12內湖區,內湖區洲子街與內湖路1段360巷口,0,0,3,3,,6,3,5,50,4,1,1,4,4,5,7,3,1,5,5,5,2,15,3,,,,,,,,,,,,,67,6,1,,,121.5702814,25.0803668
111,1,6,23,59,2,12內湖區,內湖區洲子街與內湖路1段360巷口,0,0,3,4,H02,6,3,5,50,4,1,1,4,4,5,7,3,1,5,5,5,2,15,1,26,2,1,1,5,7,20,8,20,10,16,,67,6,1,22,9,121.5702814,25.0803668
111,1,7,0,11,2,03中山區,中山區錦州街31號,0,0,1,1,B03,6,3,5,50,14,9,1,4,4,5,6,4,4,5,2,5,2,16,1,22,3,10,1,1,7,1,1,8,1,4,,19,19,1,22,9,121.526583,25.06030764
111,1,7,0,11,2,03中山區,中山區錦州街31號,0,0,1,2,C03,6,3,5,50,14,9,1,4,4,5,6,4,4,5,2,5,2,16,1,23,2,9,1,1,7,9,1,10,1,11,,23,19,1,22,9,121.526583,25.06030764
111,1,7,0,13,2,07信義區,信義區永吉路與松山路口,0,0,1,1,B01,6,3,5,50,4,1,1,4,4,5,7,1,1,1,4,5,2,3,1,59,3,10,1,1,7,5,1,3,1,1,,15,15,1,22,9,121.5778772,25.04539555
111,1,7,0,13,2,07信義區,信義區永吉路與松山路口,0,0,1,2,H01,6,3,5,50,4,1,1,4,4,5,7,1,1,1,4,5,2,3,1,26,2,9,4,5,8,16,8,20,1,16,,67,15,1,22,9,121.5778772,25.04539555
111,1,7,1,18,2,10文山區,文山區羅斯福路6段72號,0,0,1,1,C03,6,3,5,50,14,9,1,4,4,5,7,4,4,1,4,5,2,13,2,23,2,9,1,1,7,9,1,10,2,11,,23,23,1,22,9,121.5402397,24.99860384
111,1,7,1,18,2,10文山區,文山區羅斯福路6段72號,0,0,1,2,B12,6,3,5,50,14,9,1,4,4,5,7,4,4,1,4,5,2,13,1,36,3,10,3,1,7,21,1,8,1,15,,44,23,1,22,9,121.5402397,24.99860384
111,1,7,2,48,2,01大同區,大同區市民大道1段209號與市民大道1段口轉運站前迴轉道,0,0,1,1,B01,6,3,5,40,4,1,1,4,4,5,7,4,4,1,4,5,2,17,1,59,3,10,1,1,7,11,1,4,1,5,,6,6,1,22,9,121.5186651,25.04854399
111,1,7,2,48,2,01大同區,大同區市民大道1段209號與市民大道1段口轉運站前迴轉道,0,0,1,2,C03,6,3,5,40,4,1,1,4,4,5,7,4,4,1,4,5,2,17,2,21,2,9,1,1,7,9,1,10,1,14,,14,6,1,22,9,121.5186651,25.04854399
111,1,7,3,36,2,03中山區,中山區建國北路3段與農安街口,0,0,1,1,B03,6,3,5,50,3,1,1,4,4,5,7,2,1,1,5,5,2,3,1,38,3,10,3,4,7,5,1,8,1,1,,15,15,1,22,9,121.5369871,25.0650671
111,1,7,3,36,2,03中山區,中山區建國北路3段與農安街口,0,0,1,2,H01,6,3,5,50,3,1,1,4,4,5,7,2,1,1,5,5,2,3,2,24,2,9,4,5,8,16,8,20,10,16,,67,15,1,22,9,121.5369871,25.0650671
111,1,7,5,20,2,06松山區,松山區民權東路3段181號,0,0,1,1,C03,6,3,5,50,14,9,1,4,4,5,7,4,4,1,4,5,2,13,1,51,2,9,1,1,7,9,1,10,2,11,,23,23,1,22,9,121.5479491,25.06212621
111,1,7,5,20,2,06松山區,松山區民權東路3段181號,0,0,1,2,B12,6,3,5,50,14,9,1,4,4,5,7,4,4,1,4,5,2,13,1,58,3,10,3,1,7,13,1,8,2,7,,38,23,1,22,9,121.5479491,25.06212621
111,1,7,5,58,2,03中山區,中山區復興北路與復興北路430巷口,0,0,2,1,C03,6,2,5,50,4,1,1,4,4,5,7,2,1,1,4,5,2,3,1,68,2,1,1,4,7,9,1,10,1,11,,15,15,1,22,9,121.5441705,25.06331094
111,1,7,5,58,2,03中山區,中山區復興北路與復興北路430巷口,0,0,2,2,H01,6,2,5,50,4,1,1,4,4,5,7,2,1,1,4,5,2,3,1,81,2,9,4,5,8,16,8,20,10,16,,52,15,1,22,9,121.5441705,25.06331094
111,1,7,6,4,2,07信義區,信義區興雅路東往西北側第三根燈桿(031),0,0,1,1,C03,6,4,8,0,15,22,1,4,4,5,7,4,4,10,5,5,2,17,2,34,2,8,1,1,7,1,1,10,1,14,,42,42,1,22,9,121.5656255,25.04010821
111,1,7,6,4,2,07信義區,信義區興雅路東往西北側第三根燈桿(031),0,0,1,2,C03,6,4,8,0,15,22,1,4,4,5,7,4,4,10,5,5,2,17,1,44,3,10,1,1,7,9,1,10,1,12,,42,42,1,22,9,121.5656255,25.04010821
111,1,7,6,30,2,07信義區,大安區基隆路2段與通化街171巷口,0,0,1,1,B03,7,1,5,50,14,18,1,5,4,5,7,1,1,3,4,5,2,2,1,73,3,10,3,4,7,5,1,8,1,8,,43,43,1,22,9,121.5561075,25.02750359
111,1,7,6,30,2,07信義區,大安區基隆路2段與通化街171巷口,0,0,1,2,H01,7,1,5,50,14,18,1,5,4,5,7,1,1,3,4,5,2,2,1,21,2,9,4,5,8,16,8,20,10,16,,67,43,1,22,9,121.5561075,25.02750359
111,1,7,6,36,2,05中正區,中正區林森南路2-2號,0,0,2,1,C03,6,2,5,50,14,9,1,4,4,5,7,4,4,5,4,5,2,3,1,18,2,9,1,1,7,9,1,10,2,11,,23,23,1,22,9,121.5231793,25.04430581
111,1,7,6,36,2,05中正區,中正區林森南路2-2號,0,0,2,2,H01,6,2,5,50,14,9,1,4,4,5,7,4,4,5,4,5,2,3,2,64,2,9,4,5,8,16,8,20,10,16,,51,23,1,22,9,121.5231793,25.04430581
111,1,7,6,40,2,01大同區,大同區鄭州路與西寧北路口,0,0,2,1,C03,6,1,5,40,4,1,1,4,4,5,7,2,1,10,5,5,2,15,1,19,2,9,1,1,7,9,1,10,1,11,,25,25,1,22,9,121.5082021,25.0506052
111,1,7,6,40,2,01大同區,大同區鄭州路與西寧北路口,0,0,2,2,C03,6,1,5,40,4,1,1,4,4,5,7,2,1,10,5,5,2,15,1,48,2,9,1,1,7,9,1,10,1,12,,44,25,1,22,9,121.5082021,25.0506052
111,1,7,6,55,2,08士林區,士林區大南路與華齡街口,0,0,1,1,B12,6,1,5,50,3,2,1,4,4,5,7,4,4,9,4,5,1,17,1,73,3,10,1,1,7,5,1,8,1,1,,23,23,1,22,9,121.5199034,25.08860273
111,1,7,6,55,2,08士林區,士林區大南路與華齡街口,0,0,1,2,C03,6,1,5,50,3,2,1,4,4,5,7,4,4,9,4,5,1,17,1,24,2,9,2,1,7,14,1,10,1,11,,44,23,1,22,9,121.5199034,25.08860273
111,1,7,7,0,2,12內湖區,內湖區康寧路3段245巷與安康路口,0,0,1,1,C02,6,1,5,50,4,2,1,4,4,5,7,2,1,5,5,5,2,12,1,24,3,10,1,1,7,9,1,9,1,11,,26,26,1,22,9,121.613729,25.06618388
111,1,7,7,0,2,12內湖區,內湖區康寧路3段245巷與安康路口,0,0,1,2,C03,6,1,5,50,4,2,1,4,4,5,7,2,1,5,5,5,2,12,1,35,2,9,1,1,7,7,1,10,1,14,,44,26,1,22,9,121.613729,25.06618388
111,1,7,7,40,2,10文山區,文山區福和橋機車道西向東,0,0,3,1,C03,6,1,5,40,14,11,1,4,4,5,7,4,4,10,4,5,2,13,1,64,2,3,1,1,7,9,1,10,1,11,,23,23,1,22,9,121.5355122,25.01049719
111,1,7,7,40,2,10文山區,文山區福和橋機車道西向東,0,0,3,2,C03,6,1,5,40,14,11,1,4,4,5,7,4,4,10,4,5,2,13,1,23,3,10,1,1,7,14,1,10,1,14,,44,23,1,22,9,121.5355122,25.01049719
111,1,7,7,40,2,10文山區,文山區福和橋機車道西向東,0,0,3,3,C03,6,1,5,40,14,11,1,4,4,5,7,4,4,10,4,5,2,13,1,26,2,8,1,1,7,14,1,10,1,12,,44,23,1,22,9,121.5355122,25.01049719
111,1,7,7,40,2,10文山區,文山區福和橋機車道西向東,0,0,3,4,C03,6,1,5,40,14,11,1,4,4,5,7,4,4,10,4,5,2,13,1,46,2,8,1,1,7,14,1,10,1,12,,44,23,1,22,9,121.5355122,25.01049719
111,1,7,7,50,2,08士林區,士林區華齡街與華齡街40巷口,0,0,1,1,F01,7,1,5,50,4,2,1,5,4,5,7,4,4,9,4,5,1,17,1,70,2,9,1,1,7,5,8,20,2,16,,6,6,1,22,9,121.5194146,25.08370991
111,1,7,7,50,2,08士林區,士林區華齡街與華齡街40巷口,0,0,1,2,B01,7,1,5,50,4,2,1,5,4,5,7,4,4,9,4,5,1,17,1,63,3,10,1,1,7,9,1,4,2,4,,26,6,1,22,9,121.5194146,25.08370991
111,1,7,7,55,2,02萬華區,萬華區西園路2段與西藏路口,0,0,1,1,B01,7,1,5,50,4,1,1,4,4,5,7,2,1,3,2,5,2,17,1,66,3,10,1,1,7,5,1,4,1,15,,25,25,1,22,9,121.4955701,25.0286224
111,1,7,7,55,2,02萬華區,萬華區西園路2段與西藏路口,0,0,1,2,C03,7,1,5,50,4,1,1,4,4,5,7,2,1,3,2,5,2,17,1,25,2,9,1,1,7,1,1,9,1,15,,42,25,1,22,9,121.4955701,25.0286224
111,1,7,8,5,2,04大安區,大安區忠孝東路4段218號,0,0,1,1,C03,6,1,5,50,14,9,1,4,4,5,7,4,4,10,5,5,2,13,1,21,2,8,1,1,7,9,1,10,1,11,,43,43,1,22,9,121.5533712,25.04138605
111,1,7,8,5,2,04大安區,大安區忠孝東路4段218號,0,0,1,2,C03,6,1,5,50,14,9,1,4,4,5,7,4,4,10,5,5,2,13,1,36,3,10,1,1,7,12,1,10,1,13,,43,43,1,22,9,121.5533712,25.04138605
111,1,7,8,13,2,04大安區,大安區信義路3段與信義路3段166巷口,0,0,1,1,C03,6,1,5,50,4,4,1,4,4,5,7,2,1,1,4,5,2,13,1,38,3,10,1,1,7,9,1,10,1,11,,16,16,1,22,9,121.5417084,25.03334174
111,1,7,8,13,2,04大安區,大安區信義路3段與信義路3段166巷口,0,0,1,2,C03,6,1,5,50,4,4,1,4,4,5,7,2,1,1,4,5,2,13,1,29,3,10,1,1,7,14,1,10,1,13,,44,16,1,22,9,121.5417084,25.03334174
111,1,7,8,13,2,04大安區,大安區信義路3段與信義路3段166巷口,0,0,1,3,C03,6,1,5,50,4,4,1,4,4,5,7,2,1,1,4,5,2,13,2,31,2,8,1,1,7,9,1,10,1,11,,16,16,1,22,9,121.5417084,25.03334174
111,1,7,8,29,2,03中山區,中山區松江路與新生北路1段口,0,0,1,1,B03,7,1,5,50,4,1,5,4,4,5,7,2,1,1,5,5,2,16,1,64,3,10,1,1,7,7,1,4,1,1,,6,6,1,22,9,121.5328573,25.045989
111,1,7,8,29,2,03中山區,中山區松江路與新生北路1段口,0,0,1,2,C03,7,1,5,50,4,1,5,4,4,5,7,2,1,1,5,5,2,16,1,30,2,9,1,1,7,9,1,10,1,11,,44,6,1,22,9,121.5328573,25.045989
111,1,7,8,31,2,02萬華區,萬華區環河南路2段175巷與環河南路2段口,0,0,1,1,B03,6,1,5,50,4,2,1,4,4,5,7,2,1,1,4,5,1,17,1,63,3,10,3,4,7,5,3,18,2,2,,6,6,1,22,9,121.4921249,25.03290312
111,1,7,8,31,2,02萬華區,萬華區環河南路2段175巷與環河南路2段口,0,0,1,2,C03,6,1,5,50,4,2,1,4,4,5,7,2,1,1,4,5,1,17,1,66,2,9,3,4,7,9,3,18,2,11,,44,6,1,22,9,121.4921249,25.03290312
111,1,7,8,34,2,02萬華區,萬華區內江街126號,0,0,1,1,C03,7,1,5,50,14,9,1,5,4,5,7,4,4,10,3,5,1,13,2,28,2,9,3,4,7,9,1,10,2,11,,23,23,1,22,9,121.5030427,25.0415495
111,1,7,8,34,2,02萬華區,萬華區內江街126號,0,0,1,2,B03,7,1,5,50,14,9,1,5,4,5,7,4,4,10,3,5,1,13,1,32,3,10,3,4,7,14,1,8,2,6,,44,23,1,22,9,121.5030427,25.0415495
111,1,7,8,34,2,02萬華區,萬華區內江街126號,0,0,1,3,A02,7,1,5,50,14,9,1,5,4,5,7,4,4,10,3,5,1,13,1,48,3,10,3,4,7,9,1,2,2,4,,44,23,1,22,9,121.5030427,25.0415495
111,1,7,8,35,2,01大同區,大同區長安西路與西寧北路口,0,0,2,1,C03,7,1,5,50,14,9,1,5,4,5,7,1,1,9,4,5,1,16,1,26,2,7,3,4,7,5,1,10,1,14,,44,44,1,22,9,121.5085398,25.0520057
111,1,7,8,35,2,01大同區,大同區長安西路與西寧北路口,0,0,2,2,C03,7,1,5,50,14,9,1,5,4,5,7,1,1,9,4,5,1,16,1,31,2,9,3,4,7,9,1,10,1,12,,26,44,1,22,9,121.5085398,25.0520057
111,1,7,8,35,2,12內湖區,內湖區內湖路1段與內湖路1段591巷口,0,0,1,1,B01,6,1,5,50,3,1,1,4,4,5,7,2,1,10,5,5,2,17,1,67,3,10,1,1,7,8,1,8,1,15,,43,43,1,22,9,121.5731093,25.08071258
111,1,7,8,35,2,12內湖區,內湖區內湖路1段與內湖路1段591巷口,0,0,1,2,C03,6,1,5,50,3,1,1,4,4,5,7,2,1,10,5,5,2,17,1,25,2,9,1,1,7,9,1,10,1,12,,43,43,1,22,9,121.5731093,25.08071258
111,1,7,8,35,2,12內湖區,內湖區內湖路1段與內湖路1段591巷口,0,0,1,3,,6,1,5,50,3,1,1,4,4,5,7,2,1,10,5,5,2,17,4,,4,11,3,4,7,15,7,19,11,15,,43,43,2,22,9,121.5731093,25.08071258
111,1,7,8,40,2,03中山區,中山區北安路139號,0,0,1,1,C03,8,1,5,30,16,9,1,5,4,5,7,4,4,1,4,5,2,17,1,20,2,9,1,1,7,15,1,9,1,11,,13,13,1,22,9,121.5333613,25.07793573
111,1,7,8,40,2,03中山區,中山區北安路139號,0,0,1,2,B03,8,1,5,30,16,9,1,5,4,5,7,4,4,1,4,5,2,17,1,35,3,10,1,1,7,14,1,8,1,3,,44,13,1,22,9,121.5333613,25.07793573
111,1,7,8,52,2,12內湖區,內湖區康寧路1段與康寧路1段47巷口,0,0,2,1,F01,8,1,5,50,3,2,1,5,4,5,7,4,4,5,5,5,2,17,1,65,2,9,1,1,7,5,8,20,1,16,,8,8,1,22,9,121.5918372,25.08032312
111,1,7,8,52,2,12內湖區,內湖區康寧路1段與康寧路1段47巷口,0,0,2,2,C04,8,1,5,50,3,2,1,5,4,5,7,4,4,5,5,5,2,17,2,29,2,9,1,1,7,9,1,10,1,11,,44,8,1,22,9,121.5918372,25.08032312
111,1,7,8,55,2,06松山區,松山區八德路3段103號,0,0,2,1,C03,7,1,5,50,14,9,1,4,4,5,7,4,4,9,4,5,2,17,2,72,2,8,1,1,7,7,4,8,1,14,,6,6,1,22,9,121.5536418,25.0481875
111,1,7,8,55,2,06松山區,松山區八德路3段103號,0,0,2,2,C03,7,1,5,50,14,9,1,4,4,5,7,4,4,9,4,5,2,17,1,28,2,9,1,1,7,9,1,10,1,12,,23,6,1,22,9,121.5536418,25.0481875
111,1,7,9,0,2,08士林區,士林區德行東路109巷與德行東路109巷83弄口,0,0,1,1,F01,8,1,5,30,14,9,1,5,4,5,7,4,4,5,5,5,2,12,2,26,2,9,1,1,7,15,8,20,2,16,,44,44,1,22,9,121.5286605,25.1102946
111,1,7,9,0,2,08士林區,士林區德行東路109巷與德行東路109巷83弄口,0,0,1,2,B03,8,1,5,30,14,9,1,5,4,5,7,4,4,5,5,5,2,12,1,62,3,10,3,4,7,9,1,8,2,2,,23,44,1,22,9,121.5286605,25.1102946
111,1,7,9,5,2,07信義區,信義區市民大道6段與松隆路123巷口,0,0,1,1,C03,7,3,5,40,14,9,1,5,4,5,7,4,4,1,4,5,1,18,1,30,2,9,3,4,7,6,1,10,1,12,,43,43,1,22,9,121.5716497,25.0491648
111,1,7,9,5,2,07信義區,信義區市民大道6段與松隆路123巷口,0,0,1,2,,7,3,5,40,14,9,1,5,4,5,7,4,4,1,4,5,1,18,3,,,,,,,,,,,,,67,43,1,,,121.5716497,25.0491648
111,1,7,9,6,2,11南港區,南港區南港路2段與興南街口,0,0,1,1,,6,1,5,0,5,2,1,4,4,5,6,2,1,5,4,5,2,17,4,,4,11,3,4,7,15,7,19,11,15,,43,43,2,22,9,121.5975973,25.0540588
111,1,7,9,6,2,11南港區,南港區南港路2段與興南街口,0,0,1,2,C03,6,1,5,0,5,2,1,4,4,5,6,2,1,5,4,5,2,17,2,40,2,9,1,4,7,9,1,10,11,14,,43,43,1,22,9,121.5975973,25.0540588
111,1,7,9,10,2,01大同區,大同區重慶北路3段236巷45弄與迪化街2段243巷口,0,0,1,1,B01,7,1,5,30,4,1,1,4,4,5,7,4,4,10,5,5,2,15,1,58,3,10,1,1,7,9,1,4,2,2,,6,6,1,22,9,121.5122974,25.0713326
111,1,7,9,10,2,01大同區,大同區重慶北路3段236巷45弄與迪化街2段243巷口,0,0,1,2,C03,7,1,5,30,4,1,1,4,4,5,7,4,4,10,5,5,2,15,1,37,2,9,1,1,7,9,1,10,2,11,,44,6,1,22,9,121.5122974,25.0713326
111,1,7,9,25,2,10文山區,文山區辛亥路7段與辛亥路7段65巷口,0,0,1,1,B01,6,1,5,50,3,2,1,4,4,5,7,4,4,5,2,4,2,12,1,57,3,10,3,4,7,8,1,4,2,2,,6,6,1,22,9,121.5541616,24.9837411
111,1,7,9,25,2,10文山區,文山區辛亥路7段與辛亥路7段65巷口,0,0,1,2,C03,6,1,5,50,3,2,1,4,4,5,7,4,4,5,2,4,2,12,1,18,2,9,1,4,7,9,1,10,2,14,,44,6,1,22,9,121.5541616,24.9837411
111,1,7,9,30,2,03中山區,中山區新生北路3段與農安街南口迴轉道,0,0,1,1,B12,7,1,5,50,3,1,1,5,4,5,7,4,4,10,4,5,2,16,1,41,3,10,1,1,7,5,1,8,1,5,,6,6,1,22,9,121.5276189,25.06425772
111,1,7,9,30,2,03中山區,中山區新生北路3段與農安街南口迴轉道,0,0,1,2,C03,7,1,5,50,3,1,1,5,4,5,7,4,4,10,4,5,2,16,2,31,2,7,1,1,7,9,1,10,1,14,,14,6,1,22,9,121.5276189,25.06425772
111,1,7,9,55,2,10文山區,文山區羅斯福路6段39巷與羅斯福路6段159巷1弄口,0,0,1,1,C03,7,1,5,30,4,1,1,5,4,5,7,4,4,10,5,5,2,16,1,26,2,8,1,1,7,9,1,10,1,12,,6,6,1,22,9,121.540569,24.99900469
111,1,7,9,55,2,10文山區,文山區羅斯福路6段39巷與羅斯福路6段159巷1弄口,0,0,1,2,C03,7,1,5,30,4,1,1,5,4,5,7,4,4,10,5,5,2,16,1,54,3,10,1,1,7,5,1,10,1,12,,44,6,1,22,9,121.540569,24.99900469
111,1,7,9,56,2,03中山區,中山區民權西路與天祥路口,0,0,1,1,C03,8,1,5,50,4,2,1,5,4,5,7,1,1,3,4,5,2,12,2,20,3,10,1,1,7,6,1,10,1,12,,9,9,1,22,9,121.5207872,25.06274648
111,1,7,9,56,2,03中山區,中山區民權西路與天祥路口,0,0,1,2,C03,8,1,5,50,4,2,1,5,4,5,7,1,1,3,4,5,2,12,2,54,2,9,1,1,7,9,1,10,1,14,,44,9,1,22,9,121.5207872,25.06274648
111,1,7,10,3,1,01大同區,大同區重慶北路3段88號,1,0,0,1,B11,7,1,5,50,14,9,1,5,4,5,7,4,4,9,4,5,1,9,1,46,3,10,3,4,7,2,1,8,2,3,,12,12,1,22,9,121.5135971,25.06641543
111,1,7,10,3,1,01大同區,大同區重慶北路3段88號,1,0,0,2,H01,7,1,5,50,14,9,1,5,4,5,7,4,4,9,4,5,1,9,2,70,1,3,3,4,8,16,8,20,10,16,,67,12,1,22,9,121.5135971,25.06641543
111,1,7,11,5,2,04大安區,大安區市民大道3段150巷18弄與八德路2段34巷口,0,0,1,1,C03,8,1,5,30,4,1,1,5,4,5,7,4,4,10,4,5,2,15,1,20,2,9,1,1,7,15,1,10,1,11,,6,6,1,22,9,121.5353243,25.044198
111,1,7,11,5,2,04大安區,大安區市民大道3段150巷18弄與八德路2段34巷口,0,0,1,2,C04,8,1,5,30,4,1,1,5,4,5,7,4,4,10,4,5,2,15,2,23,3,10,1,1,7,15,1,10,1,14,,14,6,1,22,9,121.5353243,25.044198
111,1,7,11,29,2,08士林區,士林區仰德大道4段168號,0,0,1,1,B02,7,1,5,40,14,9,1,5,4,5,7,4,4,4,5,5,1,17,1,49,3,10,1,1,7,1,1,8,1,4,,19,19,1,22,9,121.5458835,25.1347019
111,1,7,11,29,2,08士林區,士林區仰德大道4段168號,0,0,1,2,C03,7,1,5,40,14,9,1,5,4,5,7,4,4,4,5,5,1,17,1,21,2,9,1,1,7,9,1,10,1,11,,13,19,1,22,9,121.5458835,25.1347019
111,1,7,12,18,2,03中山區,中山區建國北路1段與南京東路3段口,0,0,1,1,B03,7,1,5,50,4,1,1,5,4,5,7,1,1,1,4,5,2,12,1,52,3,10,1,1,7,6,6,18,1,2,,9,9,1,22,9,121.5370256,25.05191977
111,1,7,12,18,2,03中山區,中山區建國北路1段與南京東路3段口,0,0,1,2,C03,7,1,5,50,4,1,1,5,4,5,7,1,1,1,4,5,2,12,1,64,2,9,1,1,7,9,1,10,1,14,,44,9,1,22,9,121.5370256,25.05191977
111,1,7,12,18,2,09北投區,北投區文林北路與文林北路244巷口,0,0,1,1,B12,7,1,5,50,3,1,1,5,4,5,7,1,1,3,2,3,2,16,1,45,3,10,3,4,7,5,1,8,1,2,,43,43,1,22,9,121.5131549,25.10887258
111,1,7,12,18,2,09北投區,北投區文林北路與文林北路244巷口,0,0,1,2,C03,7,1,5,50,3,1,1,5,4,5,7,1,1,3,2,3,2,16,1,19,2,9,3,4,7,9,1,10,1,11,,43,43,1,22,9,121.5131549,25.10887258
111,1,7,12,25,2,04大安區,大安區基隆路2段251號,0,0,2,1,C03,6,3,5,50,14,9,1,4,4,5,7,4,4,10,4,5,2,12,2,22,2,9,1,1,7,9,1,10,1,11,,23,23,1,22,9,121.5504747,25.02254009
111,1,7,12,25,2,04大安區,大安區基隆路2段251號,0,0,2,2,C03,6,3,5,50,14,9,1,4,4,5,7,4,4,10,4,5,2,12,1,30,2,9,1,1,7,9,1,10,1,13,,44,23,1,22,9,121.5504747,25.02254009
111,1,7,12,40,2,06松山區,松山區健康路與延壽街330巷口,0,0,2,1,C03,7,1,5,50,3,1,1,5,4,5,7,2,1,9,4,4,2,17,2,63,2,9,1,1,7,5,6,10,1,13,,8,8,1,22,9,121.5604803,25.05398783
111,1,7,12,40,2,06松山區,松山區健康路與延壽街330巷口,0,0,2,2,C03,7,1,5,50,3,1,1,5,4,5,7,2,1,9,4,4,2,17,1,33,2,9,1,1,7,9,1,10,1,11,,44,8,1,22,9,121.5604803,25.05398783
111,1,7,13,1,2,01大同區,大同區民生西路與民生西路178巷口,0,0,1,1,B03,7,1,5,50,3,2,1,5,4,5,7,4,4,5,4,5,1,17,1,64,3,10,3,4,7,1,1,8,2,15,,19,19,1,22,9,121.5175119,25.05724784