發生年度,發生月,發生日,發生時-Hours,發生分,處理別-編號,區序,肇事地點,死亡人數,2-30日死亡人數,受傷人數,當事人序號,車種,天候,光線,道路類別,速限-速度限制,道路型態,事故位置,路面狀況1,路面狀況2,路面狀況3,道路障礙1,道路障礙2,號誌1,號誌2,車道劃分-分向,車道劃分-分道1,車道劃分-分道2,車道劃分-分道3,事故類型及型態,性別,年齡,受傷程度,主要傷處,安全帽,行動電話,車輛用途,當事者行動狀態,駕駛資格情形,駕駛執照種類,飲酒情形,車輛撞擊部位1,車輛撞擊部位2,肇因碼-個別,肇因碼-主要,個人肇逃否,職業,旅次目的,座標-X,座標-Y
111,1,7,13,1,2,01大同區,大同區民生西路與民生西路178巷口,0,0,1,2,C04,7,1,5,50,3,2,1,5,4,5,7,4,4,5,4,5,1,17,2,24,2,9,1,4,7,9,1,10,2,14,,13,19,1,22,9,121.5175119,25.05724784
111,1,7,13,5,2,07信義區,信義區永吉路與永吉路180巷口,0,0,1,1,B03,8,1,5,30,3,1,1,5,4,5,7,4,4,1,4,5,1,17,1,41,3,10,3,4,7,6,1,8,2,8,,6,6,1,22,9,121.5715367,25.04558939
111,1,7,13,5,2,07信義區,信義區永吉路與永吉路180巷口,0,0,1,2,C03,8,1,5,30,3,1,1,5,4,5,7,4,4,1,4,5,1,17,1,26,2,8,3,4,7,9,3,18,2,11,,13,6,1,22,9,121.5715367,25.04558939
111,1,7,13,7,2,02萬華區,萬華區中華路2段400號,0,0,1,1,A02,8,1,5,50,14,9,1,5,4,5,7,4,4,10,3,4,2,9,1,55,3,10,1,1,7,12,1,1,9,15,,43,43,1,22,9,121.5054852,25.0284587
111,1,7,13,7,2,02萬華區,萬華區中華路2段400號,0,0,1,2,H02,8,1,5,50,14,9,1,5,4,5,7,4,4,10,3,4,2,9,2,79,2,7,4,5,7,17,8,20,10,15,,67,43,1,22,9,121.5054852,25.0284587
111,1,7,13,20,2,06松山區,松山區三民路95巷與三民路口,0,0,1,1,B12,7,1,5,30,3,1,1,5,4,5,7,4,4,10,5,5,2,16,1,53,3,10,1,1,7,6,1,8,2,1,,6,6,1,22,1,121.5634677,25.057147
111,1,7,13,20,2,06松山區,松山區三民路95巷與三民路口,0,0,1,2,F01,7,1,5,30,3,1,1,5,4,5,7,4,4,10,5,5,2,16,2,68,2,9,1,1,7,9,8,20,2,16,,23,6,1,22,7,121.5634677,25.057147
111,1,7,13,20,2,09北投區,北投區光明路1號,0,0,1,1,B01,8,1,5,40,14,9,1,5,4,5,7,2,1,5,4,4,1,17,1,60,3,10,1,1,7,11,1,4,1,2,,10,10,1,22,9,121.4980646,25.13209013
111,1,7,13,20,2,09北投區,北投區光明路1號,0,0,1,2,C03,8,1,5,40,14,9,1,5,4,5,7,2,1,5,4,4,1,17,2,27,2,9,1,1,7,9,1,10,1,11,,23,10,1,22,9,121.4980646,25.13209013
111,1,7,13,30,2,08士林區,士林區士東路266巷8號,0,0,1,1,B03,7,1,5,30,14,9,1,5,4,5,7,4,4,10,5,5,1,17,1,36,3,10,1,1,7,15,1,8,11,6,,40,40,1,22,9,121.5363512,25.1123843
111,1,7,13,30,2,08士林區,士林區士東路266巷8號,0,0,1,2,C03,7,1,5,30,14,9,1,5,4,5,7,4,4,10,5,5,1,17,1,42,2,7,1,1,7,9,1,10,2,11,,44,40,1,22,9,121.5363512,25.1123843
111,1,7,13,34,2,10文山區,文山區景興路與景興路282巷口,0,0,1,1,B11,8,1,5,50,3,2,1,5,4,5,7,2,1,5,5,5,2,17,1,49,3,10,1,1,7,13,1,8,1,4,,43,43,1,22,9,121.5424372,24.989594
111,1,7,13,34,2,10文山區,文山區景興路與景興路282巷口,0,0,1,2,C03,8,1,5,50,3,2,1,5,4,5,7,2,1,5,5,5,2,17,1,18,2,7,1,1,7,9,1,10,1,12,,43,43,1,22,9,121.5424372,24.989594
111,1,7,13,36,2,04大安區,大安區市民大道3段與安東街口,0,0,1,1,B03,7,1,5,40,3,2,1,5,4,5,7,1,1,1,5,5,1,12,1,39,3,10,1,1,7,1,1,8,2,5,,19,19,1,22,9,121.542026,25.04454819
111,1,7,13,36,2,04大安區,大安區市民大道3段與安東街口,0,0,1,2,C03,7,1,5,40,3,2,1,5,4,5,7,1,1,1,5,5,1,12,2,24,2,7,1,1,7,1,1,10,2,13,,19,19,1,22,9,121.542026,25.04454819
111,1,7,13,40,2,07信義區,信義區基隆路2段與嘉興街127巷口,0,0,1,1,C03,7,3,5,50,3,1,1,5,4,5,7,1,1,1,4,5,2,12,2,39,3,10,1,1,7,9,1,10,2,12,,17,17,1,22,9,121.5572468,25.02926198
111,1,7,13,40,2,07信義區,信義區基隆路2段與嘉興街127巷口,0,0,1,2,C03,7,3,5,50,3,1,1,5,4,5,7,1,1,1,4,5,2,12,2,32,2,9,1,1,7,9,1,10,2,14,,17,17,1,22,9,121.5572468,25.02926198
111,1,7,13,51,2,12內湖區,內湖區內湖路1段737巷與內湖路1段737巷8弄口,0,0,1,1,B03,7,1,5,30,4,1,1,5,4,3,5,4,4,10,5,5,2,17,1,60,3,10,1,1,7,15,1,8,1,4,,6,6,1,22,9,121.5784807,25.07937269
111,1,7,13,51,2,12內湖區,內湖區內湖路1段737巷與內湖路1段737巷8弄口,0,0,1,2,C03,7,1,5,30,4,1,1,5,4,3,5,4,4,10,5,5,2,17,1,34,2,9,1,1,7,15,1,10,1,11,,23,6,1,22,9,121.5784807,25.07937269
111,1,7,13,51,2,12內湖區,內湖區內湖路1段737巷與內湖路1段737巷8弄口,0,0,1,3,B12,7,1,5,30,4,1,1,5,4,3,5,4,4,10,5,5,2,17,3,,,,,,,,,,,,,67,6,1,,,121.5784807,25.07937269
111,1,7,13,55,2,10文山區,文山區福興路24號,0,0,1,1,B12,8,1,5,50,14,9,1,5,4,5,7,4,4,5,5,5,2,12,1,45,4,11,3,4,7,15,7,19,11,15,,26,26,2,22,9,121.5512587,25.00287137
111,1,7,13,55,2,10文山區,文山區福興路24號,0,0,1,2,C03,8,1,5,50,14,9,1,5,4,5,7,4,4,5,5,5,2,12,2,49,2,8,1,1,7,9,1,10,1,14,,44,26,1,22,9,121.5512587,25.00287137
111,1,7,14,18,2,01大同區,大同區迪化街2段與迪化街2段296巷口,0,0,1,1,C03,7,1,5,30,4,1,1,5,4,5,7,4,4,10,5,5,1,15,1,20,3,10,1,4,7,9,1,10,2,12,,6,6,1,22,9,121.5118654,25.07134295
111,1,7,14,18,2,01大同區,大同區迪化街2段與迪化街2段296巷口,0,0,1,2,C03,7,1,5,30,4,1,1,5,4,5,7,4,4,10,5,5,1,15,2,60,2,9,1,4,7,9,1,10,2,11,,14,6,1,22,9,121.5118654,25.07134295
111,1,7,14,20,2,08士林區,士林區天母東路50巷10弄與天母東路50巷口,0,0,1,1,C03,8,1,5,30,4,1,1,5,4,3,7,4,4,10,5,5,2,17,1,57,3,10,1,1,7,5,1,10,1,11,,6,6,1,22,9,121.533468,25.11750762
111,1,7,14,20,2,08士林區,士林區天母東路50巷10弄與天母東路50巷口,0,0,1,2,C03,8,1,5,30,4,1,1,5,4,3,7,4,4,10,5,5,2,17,1,39,2,8,1,1,7,9,1,10,1,14,,44,6,1,22,9,121.533468,25.11750762
111,1,7,14,20,2,08士林區,士林區天母東路50巷10弄與天母東路50巷口,0,0,1,3,B03,8,1,5,30,4,1,1,5,4,3,7,4,4,10,5,5,2,17,2,32,3,10,3,4,7,13,7,19,11,15,,38,6,1,22,9,121.533468,25.11750762
111,1,7,14,43,2,09北投區,北投區大度路3段與立功街口,0,0,1,1,A02,8,1,5,30,3,1,1,5,4,5,7,3,1,3,4,5,1,12,1,28,3,10,1,1,7,6,1,2,1,2,,17,17,1,22,9,121.4688424,25.12331467
111,1,7,14,43,2,09北投區,北投區大度路3段與立功街口,0,0,1,2,F03,8,1,5,30,3,1,1,5,4,5,7,3,1,3,4,5,1,12,2,66,2,9,1,1,7,6,8,20,1,16,,23,17,1,22,9,121.4688424,25.12331467
111,1,7,14,50,2,08士林區,士林區社正路與通河西街2段口,0,0,1,1,B03,7,1,5,40,3,1,1,5,4,5,7,1,1,5,5,5,1,16,1,51,3,10,1,1,7,5,1,8,1,1,,6,6,1,22,9,121.5116656,25.08910711
111,1,7,14,50,2,08士林區,士林區社正路與通河西街2段口,0,0,1,2,C03,7,1,5,40,3,1,1,5,4,5,7,1,1,5,5,5,1,16,2,22,2,9,1,1,7,9,1,10,1,11,,44,6,1,22,9,121.5116656,25.08910711
111,1,7,14,50,2,10文山區,文山區試院路102號前,0,0,1,1,C03,8,1,5,30,14,9,1,5,4,5,7,4,4,8,3,5,2,17,1,42,3,10,1,1,7,11,1,10,1,14,,10,10,1,22,9,121.5477953,24.98993156
111,1,7,14,50,2,10文山區,文山區試院路102號前,0,0,1,2,C03,8,1,5,30,14,9,1,5,4,5,7,4,4,8,3,5,2,17,1,18,2,7,1,1,7,9,1,10,1,11,,44,10,1,22,9,121.5477953,24.98993156
111,1,7,14,53,2,08士林區,士林區中山北路5段與福國路口,0,0,1,1,C03,8,1,5,50,3,1,1,5,4,5,7,2,1,1,4,5,1,16,1,28,2,9,1,1,7,5,1,10,1,14,,25,25,1,21,8,121.5256297,25.1024657
111,1,7,14,53,2,08士林區,士林區中山北路5段與福國路口,0,0,1,2,B01,8,1,5,50,3,1,1,5,4,5,7,2,1,1,4,5,1,16,1,49,3,10,1,1,7,9,1,4,1,5,,13,25,1,21,8,121.5256297,25.1024657
111,1,7,15,17,2,07信義區,信義區永吉路30巷168弄2號,0,0,1,3,H02,8,1,5,30,14,9,1,5,4,5,7,4,4,5,5,5,2,17,1,23,3,10,4,5,7,19,8,20,10,16,,56,40,1,21,8,121.568674,25.04186242
111,1,7,15,17,2,07信義區,信義區永吉路30巷168弄2號,0,0,1,2,C03,8,1,5,30,14,9,1,5,4,5,7,4,4,5,5,5,2,17,1,45,2,9,1,1,7,9,1,10,1,14,,44,40,1,21,8,121.568674,25.04186242
111,1,7,15,17,2,07信義區,信義區永吉路30巷168弄2號,0,0,1,1,B03,8,1,5,30,14,9,1,5,4,5,7,4,4,5,5,5,2,17,1,60,3,10,1,1,7,14,1,8,1,6,,40,40,1,21,8,121.568674,25.04186242
111,1,7,15,25,2,01大同區,大同區延平北路2段195-2號,0,0,2,1,C03,7,1,5,50,14,9,1,5,4,5,7,2,1,10,5,5,2,17,2,23,2,9,1,1,7,7,1,10,1,11,,7,7,1,22,9,121.5114528,25.05923743
111,1,7,15,25,2,01大同區,大同區延平北路2段195-2號,0,0,2,2,C03,7,1,5,50,14,9,1,5,4,5,7,2,1,10,5,5,2,17,2,43,3,10,1,1,7,14,1,10,1,12,,44,7,1,22,9,121.5114528,25.05923743
111,1,7,15,25,2,01大同區,大同區延平北路2段195-2號,0,0,2,3,B01,7,1,5,50,14,9,1,5,4,5,7,2,1,10,5,5,2,17,1,59,3,10,1,1,7,14,1,4,1,8,,44,7,1,22,9,121.5114528,25.05923743
111,1,7,15,25,2,01大同區,大同區延平北路2段195-2號,0,0,2,4,H02,7,1,5,50,14,9,1,5,4,5,7,2,1,10,5,5,2,17,1,26,2,9,1,1,7,21,8,20,10,15,,67,7,1,22,9,121.5114528,25.05923743
111,1,7,15,31,2,09北投區,北投區石牌路1段與石牌路1段71巷口,0,0,1,1,C03,8,1,5,50,3,1,1,5,4,5,7,4,4,5,4,5,2,16,2,21,2,8,1,1,7,5,1,10,1,12,,6,6,1,22,9,121.5112559,25.11356776
111,1,7,15,31,2,09北投區,北投區石牌路1段與石牌路1段71巷口,0,0,1,2,B03,8,1,5,50,3,1,1,5,4,5,7,4,4,5,4,5,2,16,1,54,3,10,1,1,7,9,1,8,1,1,,44,6,1,22,9,121.5112559,25.11356776
111,1,7,15,32,2,05中正區,中正區金山南路1段155-1號,0,0,1,2,B01,7,1,5,50,14,9,1,5,4,5,7,4,4,1,4,1,2,12,2,46,3,10,1,1,7,14,1,4,2,2,,43,43,1,22,9,121.5274266,25.03461337
111,1,7,15,32,2,05中正區,中正區金山南路1段155-1號,0,0,1,1,C03,7,1,5,50,14,9,1,5,4,5,7,4,4,1,4,1,2,12,1,58,2,9,1,1,7,9,1,10,11,14,,43,43,1,22,9,121.5274266,25.03461337
111,1,7,15,32,2,05中正區,中正區金山南路1段155-1號,0,0,1,3,C03,7,1,5,50,14,9,1,5,4,5,7,4,4,1,4,1,2,12,3,,,,,,,,,,,,,67,43,1,,,121.5274266,25.03461337
111,1,7,15,32,2,05中正區,中正區金山南路1段155-1號,0,0,1,4,C03,7,1,5,50,14,9,1,5,4,5,7,4,4,1,4,1,2,12,3,,,,,,,,,,,,,67,43,1,,,121.5274266,25.03461337
111,1,7,15,32,2,05中正區,中正區金山南路1段155-1號,0,0,1,5,C03,7,1,5,50,14,9,1,5,4,5,7,4,4,1,4,1,2,12,2,59,4,11,3,4,7,13,7,19,11,12,,44,43,1,22,9,121.5274266,25.03461337
111,1,7,15,32,2,05中正區,中正區金山南路1段155-1號,0,0,1,6,C03,7,1,5,50,14,9,1,5,4,5,7,4,4,1,4,1,2,12,3,,,,,,,,,,,,,67,43,1,,,121.5274266,25.03461337
111,1,7,16,12,2,04大安區,大安區仁愛路3段74號,0,0,1,1,C03,7,1,5,0,14,9,1,5,4,5,7,4,4,10,5,5,2,12,2,74,2,9,1,1,7,8,4,11,2,12,,7,7,1,22,9,121.5386265,25.03768579
111,1,7,16,12,2,04大安區,大安區仁愛路3段74號,0,0,1,2,B03,7,1,5,0,14,9,1,5,4,5,7,4,4,10,5,5,2,12,1,54,3,10,1,1,7,9,1,8,2,4,,44,7,1,22,9,121.5386265,25.03768579
111,1,7,16,15,2,04大安區,大安區市民大道3段86號,0,0,2,1,B03,8,1,5,40,14,9,1,5,4,5,7,4,4,1,4,5,2,16,2,49,3,10,1,1,7,8,1,8,1,2,,23,23,1,22,9,121.5330365,25.043597
111,1,7,16,15,2,04大安區,大安區市民大道3段86號,0,0,2,2,B01,8,1,5,40,14,9,1,5,4,5,7,4,4,1,4,5,2,16,1,62,2,9,1,1,7,9,1,4,1,4,,44,23,1,22,9,121.5330365,25.043597
111,1,7,16,15,2,04大安區,大安區市民大道3段86號,0,0,2,3,H02,8,1,5,40,14,9,1,5,4,5,7,4,4,1,4,5,2,16,2,44,2,1,4,5,7,20,8,20,10,16,,67,23,1,22,9,121.5330365,25.043597
111,1,7,16,24,2,12內湖區,內湖區安泰街20號,0,0,1,1,B03,8,1,5,30,14,9,1,5,4,5,7,4,4,10,5,5,2,29,1,55,2,9,1,1,7,2,1,8,1,3,,42,42,1,22,9,121.6187835,25.07343257
111,1,7,16,24,2,12內湖區,內湖區安泰街20號,0,0,1,2,,8,1,5,30,14,9,1,5,4,5,7,4,4,10,5,5,2,29,3,,,,,,,,,,,,,67,42,1,,,121.6187835,25.07343257
111,1,7,16,40,2,09北投區,北投區石牌路2段33號,0,0,1,1,B03,8,1,5,50,14,9,1,5,4,5,7,4,4,1,4,5,1,13,1,40,3,10,1,1,7,9,1,8,1,1,,16,16,1,22,9,121.5156451,25.11597138
111,1,7,16,40,2,09北投區,北投區石牌路2段33號,0,0,1,2,C03,8,1,5,50,14,9,1,5,4,5,7,4,4,1,4,5,1,13,2,35,2,9,1,1,7,9,1,10,1,13,,44,16,1,22,9,121.5156451,25.11597138
111,1,7,17,10,2,04大安區,大安區通化街39巷50弄47號,0,0,2,2,C03,8,1,5,30,14,9,1,5,4,5,7,4,4,10,5,5,1,17,2,53,2,9,3,4,7,9,1,10,1,12,,43,43,1,22,9,121.5551428,25.02966444
111,1,7,17,10,2,04大安區,大安區通化街39巷50弄47號,0,0,2,3,H02,8,1,5,30,14,9,1,5,4,5,7,4,4,10,5,5,1,17,2,21,2,9,3,4,7,20,8,20,10,16,,67,43,1,22,9,121.5551428,25.02966444
111,1,7,17,10,2,04大安區,大安區通化街39巷50弄47號,0,0,2,1,G06,8,1,5,30,14,9,1,5,4,5,7,4,4,10,5,5,1,17,4,,4,11,3,4,7,15,7,19,11,15,,43,43,2,22,9,121.5551428,25.02966444
111,1,7,17,10,2,04大安區,大安區通化街39巷50弄47號,0,0,2,4,H01,8,1,5,30,14,9,1,5,4,5,7,4,4,10,5,5,1,17,4,,4,11,3,4,8,20,8,20,10,16,,67,43,1,22,9,121.5551428,25.02966444
111,1,7,17,31,2,09北投區,北投區天母西路與磺港路口,0,0,1,1,B03,7,3,5,50,4,2,1,5,4,5,7,4,4,5,4,5,2,16,1,57,3,10,1,1,7,6,1,8,1,2,,9,9,1,22,9,121.5237938,25.11869371
111,1,7,17,31,2,09北投區,北投區天母西路與磺港路口,0,0,1,2,C03,7,3,5,50,4,2,1,5,4,5,7,4,4,5,4,5,2,16,1,18,2,7,1,1,7,9,1,10,1,14,,44,9,1,22,9,121.5237938,25.11869371
111,1,7,17,40,2,12內湖區,內湖區潭美街與安康路228巷口,0,0,1,1,B03,8,3,5,40,3,1,1,5,4,5,7,2,1,5,5,5,2,16,1,26,3,10,1,1,7,5,1,8,1,2,,8,8,1,22,9,121.6035644,25.06119231
111,1,7,17,40,2,12內湖區,內湖區潭美街與安康路228巷口,0,0,1,2,C03,8,3,5,40,3,1,1,5,4,5,7,2,1,5,5,5,2,16,2,36,2,9,1,1,7,9,1,10,1,11,,23,8,1,22,9,121.6035644,25.06119231
111,1,7,17,40,2,11南港區,南港區昆陽街與昆陽街140巷口,0,0,1,1,B12,7,3,6,30,3,1,1,5,4,5,7,4,4,9,5,5,2,16,1,31,3,10,1,1,7,5,1,8,1,5,,6,6,1,22,9,121.5942352,25.0498663
111,1,7,17,40,2,11南港區,南港區昆陽街與昆陽街140巷口,0,0,1,2,C03,7,3,6,30,3,1,1,5,4,5,7,4,4,9,5,5,2,16,2,61,2,8,1,1,7,9,1,10,1,14,,44,6,1,22,9,121.5942352,25.0498663
111,1,7,17,52,2,10文山區,文山區木柵路3段66巷與忠順街2段85巷口,0,0,1,1,B03,7,3,5,50,3,2,1,5,4,5,7,1,1,5,5,5,2,16,2,37,3,10,1,1,7,5,1,8,2,2,,6,6,1,22,9,121.5657251,24.98696353
111,1,7,17,52,2,10文山區,文山區木柵路3段66巷與忠順街2段85巷口,0,0,1,2,C03,7,3,5,50,3,2,1,5,4,5,7,1,1,5,5,5,2,16,1,21,2,9,1,1,7,9,1,10,2,11,,44,6,1,22,9,121.5657251,24.98696353
111,1,7,17,52,2,10文山區,文山區久康街12號,0,0,1,1,B02,8,3,8,30,15,22,1,5,4,5,7,4,4,10,5,5,1,3,1,54,3,10,1,1,7,11,1,8,2,1,,23,23,1,22,9,121.5647407,24.98891444
111,1,7,17,52,2,10文山區,文山區久康街12號,0,0,1,2,H01,8,3,8,30,15,22,1,5,4,5,7,4,4,10,5,5,1,3,2,59,2,9,4,5,8,16,8,20,10,15,,53,23,1,22,9,121.5647407,24.98891444
111,1,7,17,58,2,10文山區,文山區辛亥路6段與辛亥路6段21巷口,0,0,1,1,C03,8,3,5,50,11,9,1,5,4,5,7,4,4,3,4,5,2,13,1,20,2,8,1,1,7,9,1,10,1,11,,23,23,1,22,9,121.552249,24.99041615
111,1,7,17,58,2,10文山區,文山區辛亥路6段與辛亥路6段21巷口,0,0,1,2,B03,8,3,5,50,11,9,1,5,4,5,7,4,4,3,4,5,2,13,1,42,3,10,1,1,7,9,1,8,1,3,,44,23,1,22,9,121.552249,24.99041615
111,1,7,18,0,2,09北投區,北投區承德路7段與承德路7段342巷口,0,0,1,1,C03,8,3,5,60,3,1,1,5,4,5,7,4,4,1,4,5,2,13,1,23,2,9,1,1,7,9,1,10,1,11,,23,23,1,22,9,121.504229,25.11715014
111,1,7,18,0,2,09北投區,北投區承德路7段與承德路7段342巷口,0,0,1,2,B03,8,3,5,60,3,1,1,5,4,5,7,4,4,1,4,5,2,13,2,46,3,10,1,1,7,6,1,8,1,7,,44,23,1,22,9,121.504229,25.11715014
111,1,7,18,5,2,10文山區,文山區興隆路4段55號前,0,0,1,1,C03,7,3,5,50,14,19,1,5,4,5,7,3,1,1,4,5,2,3,1,52,3,10,1,1,7,9,1,10,2,11,,23,23,1,8,1,121.5598332,24.98958032
111,1,7,18,5,2,10文山區,文山區興隆路4段55號前,0,0,1,2,H01,7,3,5,50,14,19,1,5,4,5,7,3,1,1,4,5,2,3,2,63,2,9,4,5,8,16,8,20,10,16,,51,23,1,22,9,121.5598332,24.98958032
111,1,7,18,10,2,02萬華區,萬華區貴陽街2段與柳州街口,0,0,1,1,B03,8,3,5,50,4,1,1,5,4,5,7,2,1,10,4,5,2,3,1,56,3,10,1,1,7,9,1,8,1,1,,23,23,1,22,9,121.5055244,25.03956122
111,1,7,18,10,2,02萬華區,萬華區貴陽街2段與柳州街口,0,0,1,2,H01,8,3,5,50,4,1,1,5,4,5,7,2,1,10,4,5,2,3,2,50,2,9,4,5,8,16,8,20,10,16,,67,23,1,22,9,121.5055244,25.03956122
111,1,7,18,11,2,09北投區,北投區大同街與大同街280巷口,0,0,1,1,C03,8,3,5,50,14,9,1,5,4,5,7,4,4,9,4,5,2,16,1,34,3,10,1,1,7,7,1,10,1,14,,7,7,1,22,9,121.4993645,25.14054966
111,1,7,18,11,2,09北投區,北投區大同街與大同街280巷口,0,0,1,2,C03,8,3,5,50,14,9,1,5,4,5,7,4,4,9,4,5,2,16,2,55,2,7,1,1,7,9,1,10,1,11,,44,7,1,22,9,121.4993645,25.14054966
111,1,7,18,25,2,03中山區,中山區北安路與崇實路口,0,0,1,1,C03,8,3,5,50,4,1,1,5,4,5,7,2,1,1,4,5,2,11,1,61,3,10,1,4,7,5,1,10,2,12,,25,25,1,22,9,121.5444835,25.07966516
111,1,7,18,25,2,03中山區,中山區北安路與崇實路口,0,0,1,2,C03,8,3,5,50,4,1,1,5,4,5,7,2,1,1,4,5,2,11,2,19,2,9,1,4,7,9,1,10,2,14,,44,25,1,22,9,121.5444835,25.07966516
111,1,7,18,25,2,12內湖區,內湖區潭美街與新明路321巷口口,0,0,1,1,C03,8,3,5,40,3,1,1,5,4,5,7,2,1,5,2,5,2,11,1,43,3,10,1,1,7,5,1,10,11,13,,6,6,1,22,9,121.584816,25.0559089
111,1,7,18,25,2,12內湖區,內湖區潭美街與新明路321巷口口,0,0,1,2,C03,8,3,5,40,3,1,1,5,4,5,7,2,1,5,2,5,2,11,1,51,2,8,1,1,7,9,1,9,2,11,,23,6,1,22,9,121.584816,25.0559089
111,1,7,18,28,2,06松山區,松山區寶清街101巷與寶清街口,0,0,1,1,B03,7,3,5,50,4,1,1,5,4,5,7,4,4,4,1,5,2,16,1,46,3,10,1,1,7,5,1,8,2,1,,6,6,1,22,9,121.5678382,25.05289968
111,1,7,18,28,2,06松山區,松山區寶清街101巷與寶清街口,0,0,1,2,C03,7,3,5,50,4,1,1,5,4,5,7,4,4,4,1,5,2,16,1,56,2,9,1,1,7,9,1,8,2,14,,44,6,1,22,1,121.5678382,25.05289968
111,1,7,18,30,2,12內湖區,內湖區江南街115號,0,0,1,1,C03,8,3,5,50,14,9,1,5,4,5,7,4,4,9,5,5,2,3,1,49,2,8,1,1,7,9,1,10,1,15,,23,23,1,22,9,121.5763028,25.07656232
111,1,7,18,30,2,12內湖區,內湖區江南街115號,0,0,1,2,H01,8,3,5,50,14,9,1,5,4,5,7,4,4,9,5,5,2,3,1,24,3,10,4,5,8,16,8,20,10,16,,51,23,1,22,9,121.5763028,25.07656232
111,1,7,18,31,2,08士林區,士林區基河路16-6號對面,0,0,1,1,F01,8,3,5,50,14,9,1,5,4,5,7,4,4,10,4,5,1,17,2,71,2,1,1,1,7,1,8,20,2,16,,42,42,1,22,9,121.5244226,25.08274252
111,1,7,18,31,2,08士林區,士林區基河路16-6號對面,0,0,1,2,B03,8,3,5,50,14,9,1,5,4,5,7,4,4,10,4,5,1,17,1,48,3,10,1,1,7,14,1,8,2,3,,38,42,1,22,9,121.5244226,25.08274252
111,1,7,18,41,2,07信義區,信義區吳興街452號,0,0,1,1,C03,7,3,5,30,14,9,1,5,4,5,7,4,4,10,5,5,2,13,2,40,2,9,1,1,7,9,1,10,1,11,,16,16,1,22,9,121.5686527,25.02394965
111,1,7,18,41,2,07信義區,信義區吳興街452號,0,0,1,2,B01,7,3,5,30,14,9,1,5,4,5,7,4,4,10,5,5,2,13,1,45,3,10,1,1,7,14,1,4,1,3,,42,16,1,22,9,121.5686527,25.02394965
111,1,7,18,42,2,07信義區,信義區松仁路281巷42號,0,0,1,1,C03,7,3,5,0,14,9,1,5,4,5,7,4,4,10,4,5,2,29,2,57,2,9,1,1,7,9,4,10,1,12,,43,43,1,22,9,121.5711789,25.02318998
111,1,7,18,42,2,07信義區,信義區松仁路281巷42號,0,0,1,2,,7,3,5,0,14,9,1,5,4,5,7,4,4,10,4,5,2,29,3,,,,,,,,,,,,,67,43,,,,121.5711789,25.02318998
111,1,7,18,45,2,03中山區,中山區建國北路2段188號,0,0,1,1,B03,8,3,5,50,14,9,1,5,4,5,7,1,1,4,3,5,1,1,1,24,3,10,1,1,7,5,1,8,2,8,,15,15,1,22,9,121.5367006,25.05965498
111,1,7,18,45,2,03中山區,中山區建國北路2段188號,0,0,1,2,H01,8,3,5,50,14,9,1,5,4,5,7,1,1,4,3,5,1,1,1,39,2,9,4,5,8,16,8,20,10,16,,67,15,1,22,9,121.5367006,25.05965498
111,1,7,18,45,2,10文山區,文山區忠順街1段與木新路3段310巷口口,0,0,1,1,C03,8,3,5,30,3,1,1,5,4,5,7,3,1,4,3,5,2,18,1,22,2,8,1,1,7,5,1,10,2,14,,43,43,1,22,9,121.5563096,24.98328025
111,1,7,18,45,2,10文山區,文山區忠順街1段與木新路3段310巷口口,0,0,1,2,,8,3,5,30,3,1,1,5,4,5,7,3,1,4,3,5,2,18,3,,,,,,,,,,,,,67,43,1,,,121.5563096,24.98328025
111,1,7,18,50,2,03中山區,中山區建國北路2段與建國北路2段116巷口,0,0,1,1,B03,7,3,5,50,3,2,1,5,4,5,7,4,4,1,3,5,2,12,2,31,3,10,3,4,7,9,1,10,2,2,,44,44,1,22,9,121.5367086,25.05883754
111,1,7,18,50,2,03中山區,中山區建國北路2段與建國北路2段116巷口,0,0,1,2,C03,7,3,5,50,3,2,1,5,4,5,7,4,4,1,3,5,2,12,2,60,2,9,3,4,7,7,1,10,2,14,,7,44,1,22,9,121.5367086,25.05883754
111,1,7,19,0,2,02萬華區,萬華區西藏路201號,0,0,1,1,C03,8,3,5,50,14,9,1,5,4,5,7,1,1,8,3,5,1,17,1,40,2,9,1,1,7,12,1,10,1,15,,42,42,1,22,9,121.4988863,25.02931825
111,1,7,19,0,2,02萬華區,萬華區西藏路201號,0,0,1,2,B03,8,3,5,50,14,9,1,5,4,5,7,1,1,8,3,5,1,17,1,44,3,10,1,1,7,7,1,8,1,15,,7,42,1,22,9,121.4988863,25.02931825
111,1,7,19,48,2,12內湖區,內湖區五分街與堤外便道口口,0,0,2,1,C03,8,3,5,50,3,1,1,5,4,5,7,3,1,5,2,5,2,11,1,40,2,7,1,1,7,5,1,10,2,11,,6,6,1,22,9,121.6178701,25.065815
111,1,7,19,48,2,12內湖區,內湖區五分街與堤外便道口口,0,0,2,2,C03,8,3,5,50,3,1,1,5,4,5,7,3,1,5,2,5,2,11,2,23,2,9,1,1,7,9,1,10,2,11,,44,6,1,22,9,121.6178701,25.065815
111,1,7,19,55,2,05中正區,中正區羅斯福路4段82號,0,0,1,1,B01,8,3,5,50,14,9,1,5,4,5,7,2,1,1,4,5,2,12,1,57,3,10,1,1,7,8,1,4,2,5,,7,7,1,22,9,121.5347695,25.01418176
111,1,7,19,55,2,05中正區,中正區羅斯福路4段82號,0,0,1,2,C03,8,3,5,50,14,9,1,5,4,5,7,2,1,1,4,5,2,12,1,35,2,9,1,1,7,9,1,10,2,11,,44,7,1,22,9,121.5347695,25.01418176