發生年度,發生月,發生日,發生時-Hours,發生分,處理別-編號,區序,肇事地點,死亡人數,2-30日死亡人數,受傷人數,當事人序號,車種,天候,光線,道路類別,速限-速度限制,道路型態,事故位置,路面狀況1,路面狀況2,路面狀況3,道路障礙1,道路障礙2,號誌1,號誌2,車道劃分-分向,車道劃分-分道1,車道劃分-分道2,車道劃分-分道3,事故類型及型態,性別,年齡,受傷程度,主要傷處,安全帽,行動電話,車輛用途,當事者行動狀態,駕駛資格情形,駕駛執照種類,飲酒情形,車輛撞擊部位1,車輛撞擊部位2,肇因碼-個別,肇因碼-主要,個人肇逃否,職業,旅次目的,座標-X,座標-Y
111,1,7,20,1,2,03中山區,中山區市民大道3段與建國北路1段口,0,0,1,1,C03,8,3,5,40,14,7,1,5,4,5,7,1,1,1,3,4,1,17,2,34,2,9,1,1,7,9,1,10,1,14,,43,43,1,22,9,121.5363463,25.04495444
111,1,7,20,1,2,03中山區,中山區市民大道3段與建國北路1段口,0,0,1,2,B01,8,3,5,40,14,7,1,5,4,5,7,1,1,1,3,4,1,17,1,68,3,10,1,1,7,9,1,4,1,6,,43,43,1,22,9,121.5363463,25.04495444
111,1,7,20,2,2,08士林區,士林區天母北路與天母北路4巷口,0,0,2,1,C03,8,3,5,30,3,2,1,5,4,5,7,4,4,9,4,5,1,17,1,51,2,9,1,1,7,5,1,10,2,14,,6,6,1,22,9,121.5262445,25.11900957
111,1,7,20,2,2,08士林區,士林區天母北路與天母北路4巷口,0,0,2,2,C03,8,3,5,30,3,2,1,5,4,5,7,4,4,9,4,5,1,17,2,18,2,9,1,1,7,9,1,10,2,11,,13,6,1,22,9,121.5262445,25.11900957
111,1,7,21,20,2,09北投區,北投區大業路與大度路1段口,0,0,1,1,C03,8,3,5,50,5,1,1,5,4,5,7,1,1,9,5,5,2,12,1,36,2,9,1,1,7,5,1,4,1,14,,26,26,1,22,9,121.4998269,25.1209364
111,1,7,21,20,2,09北投區,北投區大業路與大度路1段口,0,0,1,2,B01,8,3,5,50,5,1,1,5,4,5,7,1,1,9,5,5,2,12,1,55,3,10,1,1,7,9,1,4,1,5,,44,26,1,22,9,121.4998269,25.1209364
111,1,7,21,40,2,08士林區,士林區至善路2段264號,0,0,1,1,B01,8,3,5,50,14,9,1,5,4,5,7,1,1,3,4,5,1,12,1,58,3,10,1,1,7,5,1,4,1,8,,8,8,1,22,9,121.5509311,25.1004029
111,1,7,21,40,2,08士林區,士林區至善路2段264號,0,0,1,2,C03,8,3,5,50,14,9,1,5,4,5,7,1,1,3,4,5,1,12,1,18,3,10,1,1,7,9,1,10,1,11,,13,8,1,22,9,121.5509311,25.1004029
111,1,7,21,40,2,08士林區,士林區至善路2段264號,0,0,1,3,C03,8,3,5,50,14,9,1,5,4,5,7,1,1,3,4,5,1,12,1,18,2,8,1,1,7,9,1,10,1,11,,25,8,1,22,9,121.5509311,25.1004029
111,1,7,21,45,2,11南港區,南港區研究院路3段161巷8號附近側附近,0,0,1,1,C03,7,3,5,30,11,9,1,4,4,5,7,4,4,10,5,5,2,18,1,30,2,9,3,4,7,9,1,10,1,15,,43,43,1,22,9,121.6167749,25.02741938
111,1,7,21,45,2,11南港區,南港區研究院路3段161巷8號附近側附近,0,0,1,2,,7,3,5,30,11,9,1,4,4,5,7,4,4,10,5,5,2,18,3,,,,,,,,,,,,,67,43,1,,,121.6167749,25.02741938
111,1,7,21,49,2,10文山區,文山區木新路3段353號前,0,0,1,1,A02,7,3,5,50,14,9,1,5,4,5,7,4,4,5,4,5,2,9,1,56,3,10,1,1,7,15,1,2,1,15,,43,43,1,22,8,121.5556795,24.98040276
111,1,7,21,49,2,10文山區,文山區木新路3段353號前,0,0,1,2,H02,7,3,5,50,14,9,1,5,4,5,7,4,4,5,4,5,2,9,1,68,2,9,4,5,7,19,8,20,10,16,,67,43,1,22,8,121.5556795,24.98040276
111,1,7,21,54,2,03中山區,中山區長春路與建國北路2段口,0,0,1,1,B01,7,3,5,50,4,1,1,5,4,5,7,1,1,10,4,4,2,3,1,58,3,10,1,4,7,5,1,4,2,5,,15,15,1,10,9,121.5371192,25.05486286
111,1,7,21,54,2,03中山區,中山區長春路與建國北路2段口,0,0,1,2,H01,7,3,5,50,4,1,1,5,4,5,7,1,1,10,4,4,2,3,2,52,2,9,4,5,8,16,8,20,10,16,,67,15,1,22,9,121.5371192,25.05486286
111,1,7,21,58,2,04大安區,大安區基隆路3段與基隆路3段30巷口,0,0,2,1,C03,8,3,5,50,4,1,1,5,4,5,7,2,1,1,4,5,2,17,1,24,2,9,1,1,7,6,1,8,1,12,,9,9,1,22,9,121.5442149,25.01728823
111,1,7,21,58,2,04大安區,大安區基隆路3段與基隆路3段30巷口,0,0,2,2,C03,8,3,5,50,4,1,1,5,4,5,7,2,1,1,4,5,2,17,1,20,2,9,1,1,7,9,1,10,1,14,,13,9,1,22,9,121.5442149,25.01728823
111,1,7,22,5,2,06松山區,松山區民權東路3段與復興北路口369號,0,0,2,1,C03,7,3,5,50,3,2,1,5,4,5,7,4,4,1,4,5,2,12,2,50,2,9,1,1,7,6,1,10,1,12,,9,9,1,22,9,121.5446505,25.06222262
111,1,7,22,5,2,06松山區,松山區民權東路3段與復興北路口369號,0,0,2,2,C03,7,3,5,50,3,2,1,5,4,5,7,4,4,1,4,5,2,12,2,19,2,9,1,1,7,9,1,10,1,11,,23,9,1,22,9,121.5446505,25.06222262
111,1,7,22,18,2,02萬華區,萬華區萬大路277巷與萬青街口,0,0,2,1,C03,8,1,5,30,4,1,1,5,4,5,7,3,1,10,5,5,1,16,2,45,2,9,3,4,7,9,1,10,2,12,,6,6,1,22,9,121.5017454,25.0254234
111,1,7,22,18,2,02萬華區,萬華區萬大路277巷與萬青街口,0,0,2,2,C03,8,1,5,30,4,1,1,5,4,5,7,3,1,10,5,5,1,16,2,40,2,9,3,4,7,9,1,10,6,11,,14,6,1,22,9,121.5017454,25.0254234
111,1,7,22,40,2,08士林區,士林區凱旋路61巷4弄9號,0,0,2,1,C03,7,3,5,30,14,9,1,5,4,5,7,4,4,9,5,5,1,17,2,47,2,9,1,1,7,5,1,10,2,12,,8,8,1,22,9,121.5411906,25.13521794
111,1,7,22,40,2,08士林區,士林區凱旋路61巷4弄9號,0,0,2,2,C03,7,3,5,30,14,9,1,5,4,5,7,4,4,9,5,5,1,17,1,18,2,9,1,1,7,9,1,10,2,11,,13,8,1,22,9,121.5411906,25.13521794
111,1,7,22,45,2,03中山區,中山區市民高架道往西，新生北路匝道上坡,0,0,1,1,B03,8,3,5,50,14,9,1,5,4,5,7,4,4,5,4,5,2,13,2,45,3,10,3,4,7,9,1,8,2,1,,16,16,1,22,9,121.5300095,25.04629577
111,1,7,22,45,2,03中山區,中山區市民高架道往西，新生北路匝道上坡,0,0,1,2,B03,8,3,5,50,14,9,1,5,4,5,7,4,4,5,4,5,2,13,2,39,2,9,3,4,7,14,1,8,2,3,,44,16,1,22,9,121.5300095,25.04629577
111,1,7,22,45,2,03中山區,中山區市民高架道往西，新生北路匝道上坡,0,0,1,3,B03,8,3,5,50,14,9,1,5,4,5,7,4,4,5,4,5,2,13,1,67,3,10,3,4,7,14,1,8,2,3,,44,16,1,22,9,121.5300095,25.04629577
111,1,7,23,0,2,02萬華區,萬華區西園路2段與西園路2段11巷口,0,0,2,1,C03,8,3,5,50,4,1,1,5,4,1,7,1,1,1,5,5,2,17,1,37,2,9,1,1,7,12,1,10,1,11,,44,44,1,22,9,121.4974005,25.0319737
111,1,7,23,0,2,02萬華區,萬華區西園路2段與西園路2段11巷口,0,0,2,2,C03,8,3,5,50,4,1,1,5,4,1,7,1,1,1,5,5,2,17,2,24,2,9,1,1,7,6,1,10,1,12,,9,44,1,22,9,121.4974005,25.0319737
111,1,8,1,10,1,05中正區,中正區新生南路1段與仁愛路2段口,1,0,2,1,B03,8,3,5,50,5,1,1,5,4,5,7,2,1,1,4,5,2,16,1,55,3,10,3,1,7,5,1,8,2,2,,25,25,1,2,8,121.532598,25.03813529
111,1,8,1,10,1,05中正區,中正區新生南路1段與仁愛路2段口,1,0,2,2,C03,8,3,5,50,5,1,1,5,4,5,7,2,1,1,4,5,2,16,1,26,1,9,1,1,7,9,1,10,2,11,,13,25,1,5,1,121.532598,25.03813529
111,1,8,1,10,1,05中正區,中正區新生南路1段與仁愛路2段口,1,0,2,3,C03,8,3,5,50,5,1,1,5,4,5,7,2,1,1,4,5,2,16,1,27,2,9,1,1,7,9,1,10,2,11,,13,25,1,5,5,121.532598,25.03813529
111,1,8,1,10,1,05中正區,中正區新生南路1段與仁愛路2段口,1,0,2,4,H02,8,3,5,50,5,1,1,5,4,5,7,2,1,1,4,5,2,16,2,23,2,9,1,5,7,20,8,20,10,16,,67,25,1,5,5,121.532598,25.03813529
111,1,8,1,27,2,09北投區,北投區文林北路與文林北路94巷口,0,0,3,1,C03,8,3,5,50,3,1,1,5,4,5,7,2,1,1,4,4,2,13,2,25,2,9,1,1,7,9,1,10,2,11,,23,23,1,22,9,121.5178214,25.10536724
111,1,8,1,27,2,09北投區,北投區文林北路與文林北路94巷口,0,0,3,2,C03,8,3,5,50,3,1,1,5,4,5,7,2,1,1,4,4,2,13,1,20,2,9,1,1,7,9,1,10,2,13,,44,23,1,22,9,121.5178214,25.10536724
111,1,8,1,27,2,09北投區,北投區文林北路與文林北路94巷口,0,0,3,3,H02,8,3,5,50,3,1,1,5,4,5,7,2,1,1,4,4,2,13,1,21,2,8,1,5,7,20,8,20,10,16,,67,23,1,22,9,121.5178214,25.10536724
111,1,8,2,21,2,09北投區,北投區自強街與致遠一路1段口口,0,0,1,1,C03,8,3,5,50,4,1,1,5,4,5,7,3,1,5,5,5,2,15,1,27,2,9,1,1,7,9,1,10,2,14,,6,6,1,22,9,121.5147074,25.11065068
111,1,8,2,21,2,09北投區,北投區自強街與致遠一路1段口口,0,0,1,2,B11,8,3,5,50,4,1,1,5,4,5,7,3,1,5,5,5,2,15,1,34,3,10,1,1,7,9,1,4,2,1,,44,6,1,22,9,121.5147074,25.11065068
111,1,8,3,29,2,03中山區,中山區市民大道3段33號,0,0,1,2,B03,8,3,5,40,14,9,1,5,4,5,7,1,1,1,3,5,1,17,1,26,3,10,1,1,7,9,1,8,1,2,,43,43,1,22,9,121.5347033,25.0450014
111,1,8,3,29,2,03中山區,中山區市民大道3段33號,0,0,1,1,,8,3,5,40,14,9,1,5,4,5,7,1,1,1,3,5,1,17,4,,2,9,3,4,7,15,7,19,11,15,,43,43,2,22,9,121.5347033,25.0450014
111,1,8,6,38,2,01大同區,大同區承德路3段與民權西路口,0,0,1,1,C03,8,1,5,50,4,2,1,5,4,5,7,2,1,1,3,5,2,17,1,56,3,10,1,1,7,9,1,10,1,12,,25,25,1,22,9,121.5182309,25.06298359
111,1,8,6,38,2,01大同區,大同區承德路3段與民權西路口,0,0,1,2,C03,8,1,5,50,4,2,1,5,4,5,7,2,1,1,3,5,2,17,2,25,2,8,1,1,7,1,1,10,1,11,,44,25,1,22,9,121.5182309,25.06298359
111,1,8,7,45,2,10文山區,文山區辛亥路6段86巷對面003燈桿,0,0,1,1,B01,7,1,5,50,14,9,1,5,4,5,7,4,4,1,3,5,2,17,1,52,3,10,1,4,7,8,1,4,2,15,,7,7,1,22,9,121.5523584,24.98852431
111,1,8,7,45,2,10文山區,文山區辛亥路6段86巷對面003燈桿,0,0,1,2,C03,7,1,5,50,14,9,1,5,4,5,7,4,4,1,3,5,2,17,1,38,2,8,1,4,7,9,1,10,2,12,,44,7,1,22,9,121.5523584,24.98852431
111,1,8,7,45,2,10文山區,文山區辛亥路6段86巷對面003燈桿,0,0,1,3,C03,7,1,5,50,14,9,1,5,4,5,7,4,4,1,3,5,2,17,1,22,3,10,3,4,7,13,1,10,11,14,,44,7,1,22,9,121.5523584,24.98852431
111,1,8,7,45,2,10文山區,文山區辛亥路6段86巷對面003燈桿,0,0,1,4,C03,7,1,5,50,14,9,1,5,4,5,7,4,4,1,3,5,2,17,1,24,3,10,3,4,7,13,1,10,11,14,,44,7,1,22,9,121.5523584,24.98852431
111,1,8,7,55,2,04大安區,大安區仁愛路4段與敦化南路1段口,0,0,1,1,C03,7,1,5,50,4,1,1,5,4,5,7,2,1,1,4,5,2,17,1,73,2,9,1,1,7,6,4,11,11,14,,6,6,1,22,9,121.5497308,25.03764992
111,1,8,7,55,2,04大安區,大安區仁愛路4段與敦化南路1段口,0,0,1,2,B03,7,1,5,50,4,1,1,5,4,5,7,2,1,1,4,5,2,17,1,42,3,10,1,1,7,9,1,8,2,2,,44,6,1,22,9,121.5497308,25.03764992
111,1,8,8,50,2,11南港區,南港區南港路3段47巷與昆陽街60巷口,0,0,1,1,C03,7,1,5,50,4,2,1,5,4,5,7,3,1,9,4,4,2,16,1,27,2,1,1,1,7,5,1,10,1,12,,44,44,1,22,9,121.5903613,25.0523464
111,1,8,8,50,2,11南港區,南港區南港路3段47巷與昆陽街60巷口,0,0,1,2,B03,7,1,5,50,4,2,1,5,4,5,7,3,1,9,4,4,2,16,1,36,3,10,1,1,7,9,1,8,1,4,,6,44,1,22,9,121.5903613,25.0523464
111,1,8,9,21,2,09北投區,北投區東華街2段與東華街2段300巷口,0,0,1,1,C03,8,1,5,50,3,1,1,5,4,5,7,1,1,9,4,5,2,3,1,26,3,10,3,4,7,9,1,10,2,11,,23,23,1,22,9,121.5042215,25.1214188
111,1,8,9,21,2,09北投區,北投區東華街2段與東華街2段300巷口,0,0,1,2,H01,8,1,5,50,3,1,1,5,4,5,7,1,1,9,4,5,2,3,2,65,2,8,4,5,8,16,8,20,10,16,,52,23,1,22,9,121.5042215,25.1214188
111,1,8,9,23,2,02萬華區,萬華區環河南路1段184號對面,0,0,1,1,C03,8,1,5,50,14,9,1,5,4,5,7,4,4,5,4,5,1,13,1,27,2,9,1,1,7,9,1,10,1,11,,16,16,1,22,9,121.5036679,25.04653337
111,1,8,9,23,2,02萬華區,萬華區環河南路1段184號對面,0,0,1,2,B03,8,1,5,50,14,9,1,5,4,5,7,4,4,5,4,5,1,13,2,25,3,10,1,1,7,12,1,8,1,7,,44,16,1,22,9,121.5036679,25.04653337
111,1,8,9,35,2,12內湖區,內湖區潭美街551號,0,0,3,1,C03,8,1,5,50,14,9,1,5,4,5,7,4,4,9,5,5,2,12,1,65,2,8,1,1,7,6,1,10,2,12,,9,9,1,22,9,121.6006643,25.06083934
111,1,8,9,35,2,12內湖區,內湖區潭美街551號,0,0,3,2,C03,8,1,5,50,14,9,1,5,4,5,7,4,4,9,5,5,2,12,1,59,2,7,1,1,7,9,1,10,2,11,,44,9,1,22,9,121.6006643,25.06083934
111,1,8,9,35,2,12內湖區,內湖區潭美街551號,0,0,3,3,H02,8,1,5,50,14,9,1,5,4,5,7,4,4,9,5,5,2,12,2,50,2,8,1,5,7,21,8,20,10,16,,67,9,1,22,9,121.6006643,25.06083934
111,1,8,10,20,2,08士林區,士林區延平北路9段社子島堤防上自行車步道(延平河濱216燈桿),0,0,4,1,F01,8,1,5,0,14,9,4,5,4,5,7,4,4,10,5,5,1,17,2,16,2,9,1,1,7,15,8,20,9,16,,42,42,1,22,9,121.4675925,25.10975334
111,1,8,10,20,2,08士林區,士林區延平北路9段社子島堤防上自行車步道(延平河濱216燈桿),0,0,4,2,F01,8,1,5,0,14,9,4,5,4,5,7,4,4,10,5,5,1,17,1,61,2,9,1,1,7,9,8,20,1,16,,44,42,1,22,9,121.4675925,25.10975334
111,1,8,10,20,2,08士林區,士林區延平北路9段社子島堤防上自行車步道(延平河濱216燈桿),0,0,4,3,F01,8,1,5,0,14,9,4,5,4,5,7,4,4,10,5,5,1,17,2,15,2,9,1,1,7,15,8,20,9,16,,16,42,1,22,9,121.4675925,25.10975334
111,1,8,10,20,2,08士林區,士林區延平北路9段社子島堤防上自行車步道(延平河濱216燈桿),0,0,4,4,F01,8,1,5,0,14,9,4,5,4,5,7,4,4,10,5,5,1,17,2,15,2,9,1,1,7,15,8,20,9,16,,16,42,1,22,9,121.4675925,25.10975334
111,1,8,10,44,2,09北投區,北投區關渡路55號,0,0,1,1,C03,8,1,5,50,14,9,1,5,4,5,7,4,4,4,1,5,2,17,1,44,3,10,1,1,7,11,1,10,1,15,,6,6,1,22,9,121.4691549,25.11943701
111,1,8,10,44,2,09北投區,北投區關渡路55號,0,0,1,2,C03,8,1,5,50,14,9,1,5,4,5,7,4,4,4,1,5,2,17,1,22,2,9,1,1,7,9,1,10,1,14,,42,6,1,22,9,121.4691549,25.11943701
111,1,8,10,52,2,06松山區,松山區八德路3段74巷37號,0,0,2,1,C03,8,1,5,30,14,9,1,5,4,5,7,4,4,10,5,5,2,9,1,49,2,9,3,4,7,6,1,10,1,12,,43,43,1,22,9,121.5525381,25.04665947
111,1,8,10,52,2,06松山區,松山區八德路3段74巷37號,0,0,2,2,H01,8,1,5,30,14,9,1,5,4,5,7,4,4,10,5,5,2,9,2,75,2,9,4,5,8,17,8,20,10,16,,60,43,1,22,9,121.5525381,25.04665947
111,1,8,10,59,2,08士林區,士林區承德路5段與士商路口,0,0,2,1,B03,8,1,5,50,4,2,1,5,4,5,7,2,1,1,4,5,1,17,2,44,2,2,1,1,7,6,1,8,2,2,,9,9,1,22,9,121.5142394,25.09609331
111,1,8,10,59,2,08士林區,士林區承德路5段與士商路口,0,0,2,2,C02,8,1,5,50,4,2,1,5,4,5,7,2,1,1,4,5,1,17,1,38,2,9,1,1,7,9,1,9,2,11,,13,9,1,22,9,121.5142394,25.09609331
111,1,8,10,59,2,08士林區,士林區承德路5段與士商路口,0,0,2,3,,8,1,5,50,4,2,1,5,4,5,7,2,1,1,4,5,1,17,3,,,,,,,,,,,,,67,9,1,,,121.5142394,25.09609331
111,1,8,11,37,2,10文山區,文山區寶橋與樟新街附近口(西往東)下橋處,0,0,1,1,B03,8,1,5,50,14,9,1,5,4,5,7,1,1,1,5,5,2,12,1,75,4,11,3,4,7,15,7,19,11,15,,23,23,2,22,9,121.5546563,24.98013161
111,1,8,11,37,2,10文山區,文山區寶橋與樟新街附近口(西往東)下橋處,0,0,1,2,C03,8,1,5,50,14,9,1,5,4,5,7,1,1,1,5,5,2,12,1,65,2,8,1,4,7,9,1,10,9,14,,44,23,1,22,9,121.5546563,24.98013161
111,1,8,12,0,2,07信義區,信義區忠孝東路5段480號,0,0,1,1,B03,8,1,5,50,14,9,1,5,4,5,7,1,1,1,4,5,2,13,2,32,3,10,1,1,7,9,1,8,1,1,,43,43,1,22,9,121.5776486,25.04071477
111,1,8,12,0,2,07信義區,信義區忠孝東路5段480號,0,0,1,2,C03,8,1,5,50,14,9,1,5,4,5,7,1,1,1,4,5,2,13,2,53,2,9,1,1,7,14,4,8,1,13,,43,43,1,22,9,121.5776486,25.04071477
111,1,8,12,1,2,07信義區,信義區莊敬路與吳興街156巷口,0,0,2,1,F01,7,1,5,30,4,1,1,5,4,5,7,2,1,9,4,5,1,11,1,22,2,7,1,1,7,5,8,20,9,16,,8,8,1,22,9,121.562264,25.0295769
111,1,8,12,1,2,07信義區,信義區莊敬路與吳興街156巷口,0,0,2,2,C03,7,1,5,30,4,1,1,5,4,5,7,2,1,9,4,5,1,11,1,18,2,8,3,4,7,9,1,10,9,11,,13,8,1,22,9,121.562264,25.0295769
111,1,8,12,16,2,04大安區,大安區辛亥路2段171巷與辛亥路2段口,0,0,2,1,C03,8,1,5,50,3,2,1,5,4,5,7,2,1,8,3,4,1,13,2,28,2,9,1,1,7,12,1,10,1,11,,23,23,1,5,1,121.5413061,25.02152459
111,1,8,12,16,2,04大安區,大安區辛亥路2段171巷與辛亥路2段口,0,0,2,2,B03,8,1,5,50,3,2,1,5,4,5,7,2,1,8,3,4,1,13,1,28,3,10,1,1,7,12,1,8,1,3,,44,23,1,21,5,121.5413061,25.02152459
111,1,8,12,16,2,04大安區,大安區辛亥路2段171巷與辛亥路2段口,0,0,2,3,H02,8,1,5,50,3,2,1,5,4,5,7,2,1,8,3,4,1,13,2,22,2,7,1,1,7,20,8,20,10,16,,67,23,1,5,1,121.5413061,25.02152459
111,1,8,12,30,2,01大同區,大同區承德路3段122巷與民族西路76巷口口,0,0,1,1,C03,8,1,5,30,4,1,1,5,4,5,7,4,4,5,4,5,2,17,1,61,2,8,1,1,7,9,1,10,2,11,,23,23,1,22,9,121.5174885,25.0672913
111,1,8,12,30,2,01大同區,大同區承德路3段122巷與民族西路76巷口口,0,0,1,2,C03,8,1,5,30,4,1,1,5,4,5,7,4,4,5,4,5,2,17,1,25,3,10,1,1,7,5,1,10,2,14,,8,23,1,22,9,121.5174885,25.0672913
111,1,8,12,34,2,06松山區,松山區光復北路與光復北路11巷口口,0,0,1,1,B03,7,1,5,50,4,2,1,5,4,5,7,1,1,1,4,5,2,16,1,44,3,10,3,4,7,6,1,8,2,5,,9,9,1,22,9,121.5579742,25.04915631
111,1,8,12,34,2,06松山區,松山區光復北路與光復北路11巷口口,0,0,1,2,C03,7,1,5,50,4,2,1,5,4,5,7,1,1,1,4,5,2,16,1,27,2,9,3,4,7,9,1,9,2,14,,44,9,1,22,9,121.5579742,25.04915631
111,1,8,12,49,2,03中山區,中山區長春路302號,0,0,1,1,B03,8,1,5,50,14,9,1,5,4,5,7,4,4,9,4,4,2,16,1,46,3,10,3,4,7,11,1,8,1,6,,10,10,1,22,9,121.5396217,25.05468078
111,1,8,12,49,2,03中山區,中山區長春路302號,0,0,1,2,C03,8,1,5,50,14,9,1,5,4,5,7,4,4,9,4,4,2,16,1,30,2,9,1,1,7,9,1,10,1,11,,44,10,1,22,9,121.5396217,25.05468078
111,1,8,12,52,2,04大安區,大安區基隆路2段與和平東路3段口,0,0,1,1,C03,8,1,5,50,4,1,1,5,4,5,7,1,1,3,5,5,1,13,1,18,2,9,1,1,7,7,1,10,2,11,12,7,7,1,22,9,121.5526902,25.02456967
111,1,8,12,52,2,04大安區,大安區基隆路2段與和平東路3段口,0,0,1,2,B02,8,1,5,50,4,1,1,5,4,5,7,1,1,3,5,5,1,13,1,66,3,10,1,1,7,12,1,8,2,6,,44,7,1,22,9,121.5526902,25.02456967
111,1,8,12,52,2,04大安區,大安區基隆路2段與和平東路3段口,0,0,1,3,B03,8,1,5,50,4,1,1,5,4,5,7,1,1,3,5,5,1,13,2,42,3,10,1,1,7,9,1,8,2,4,,44,7,1,22,9,121.5526902,25.02456967
111,1,8,12,55,2,09北投區,北投區承德路7段400號,0,0,1,1,C03,7,1,5,50,14,8,1,5,4,5,7,4,4,1,2,4,2,16,1,38,3,10,1,1,7,7,1,10,1,14,,43,43,1,22,9,121.5009332,25.11993198
111,1,8,12,55,2,09北投區,北投區承德路7段400號,0,0,1,2,C02,7,1,5,50,14,8,1,5,4,5,7,4,4,1,2,4,2,16,1,43,3,10,1,1,7,8,1,9,1,12,,43,43,1,22,9,121.5009332,25.11993198
111,1,8,12,55,2,09北投區,北投區承德路7段400號,0,0,1,3,H02,7,1,5,50,14,8,1,5,4,5,7,4,4,1,2,4,2,16,2,36,2,9,1,1,7,20,8,20,10,16,,67,43,1,22,9,121.5009332,25.11993198
111,1,8,13,4,2,09北投區,北投區中央北路2段257巷與稻香路口,0,0,1,1,C03,7,1,5,50,5,1,1,5,4,5,7,1,1,5,4,5,1,16,1,19,2,9,1,1,7,9,1,10,1,14,,26,26,1,22,9,121.4913417,25.13851322
111,1,8,13,4,2,09北投區,北投區中央北路2段257巷與稻香路口,0,0,1,2,B03,7,1,5,50,5,1,1,5,4,5,7,1,1,5,4,5,1,16,1,38,3,10,1,1,7,9,1,8,1,1,,44,26,1,22,9,121.4913417,25.13851322
111,1,8,13,10,2,11南港區,南港區研究院路2段與研究院路2段150巷口,0,0,3,1,C03,8,1,5,50,3,2,1,5,4,5,7,4,4,10,5,5,2,16,1,45,2,9,3,4,7,11,1,10,1,14,,10,10,1,22,9,121.6169788,25.03846203
111,1,8,13,10,2,11南港區,南港區研究院路2段與研究院路2段150巷口,0,0,3,2,C03,8,1,5,50,3,2,1,5,4,5,7,4,4,10,5,5,2,16,1,33,2,9,3,4,7,9,1,10,1,11,,14,10,1,22,9,121.6169788,25.03846203
111,1,8,13,10,2,11南港區,南港區研究院路2段與研究院路2段150巷口,0,0,3,3,H02,8,1,5,50,3,2,1,5,4,5,7,4,4,10,5,5,2,16,2,30,2,9,4,5,7,20,8,20,10,16,,67,10,1,22,9,121.6169788,25.03846203
111,1,8,13,16,2,04大安區,大安區愛國東路與杭州南路2段口,0,0,2,2,C03,8,1,5,50,4,1,1,5,4,5,7,1,1,10,4,5,2,16,1,20,2,9,1,1,7,9,1,10,1,12,,44,6,1,22,9,121.5226066,25.0323908
111,1,8,13,16,2,04大安區,大安區愛國東路與杭州南路2段口,0,0,2,1,C03,8,1,5,50,4,1,1,5,4,5,7,1,1,10,4,5,2,16,1,28,2,9,1,1,7,5,1,10,1,14,,6,6,1,22,9,121.5226066,25.0323908
111,1,8,13,20,2,03中山區,中山區民生西路14號,0,0,3,1,H01,8,1,5,50,14,9,1,5,4,5,7,4,4,5,4,5,2,3,2,61,2,9,4,5,8,16,8,20,10,16,,52,52,1,22,9,121.5220444,25.05785872
111,1,8,13,20,2,03中山區,中山區民生西路14號,0,0,3,2,C03,8,1,5,50,14,9,1,5,4,5,7,4,4,5,4,5,2,3,1,25,2,8,1,4,7,9,1,10,1,11,,23,52,1,22,9,121.5220444,25.05785872
111,1,8,13,20,2,03中山區,中山區民生西路14號,0,0,3,3,H02,8,1,5,50,14,9,1,5,4,5,7,4,4,5,4,5,2,3,2,31,2,9,4,5,7,20,8,20,10,16,,67,52,1,22,9,121.5220444,25.05785872
111,1,8,13,25,2,05中正區,中正區懷寧街與襄陽路口,0,0,2,1,B01,8,1,5,50,4,1,1,5,4,5,6,2,1,5,4,5,2,16,1,47,3,10,1,1,7,5,1,4,2,5,,6,6,1,22,9,121.514052,25.04340747
111,1,8,13,25,2,05中正區,中正區懷寧街與襄陽路口,0,0,2,2,C03,8,1,5,50,4,1,1,5,4,5,6,2,1,5,4,5,2,16,1,24,2,8,1,1,7,9,1,10,2,14,,44,6,1,22,9,121.514052,25.04340747
111,1,8,13,25,2,05中正區,中正區懷寧街與襄陽路口,0,0,2,3,H02,8,1,5,50,4,1,1,5,4,5,6,2,1,5,4,5,2,16,2,22,2,8,4,5,7,20,8,20,10,16,,67,6,1,22,9,121.514052,25.04340747
111,1,8,13,40,2,06松山區,松山區健康路15巷與敦化北路199巷口,0,0,1,1,B03,7,1,5,30,4,2,1,5,4,5,7,1,1,4,3,5,2,17,1,44,3,10,3,4,7,6,1,8,1,4,,43,43,1,22,9,121.5529718,25.0560361
111,1,8,13,40,2,06松山區,松山區健康路15巷與敦化北路199巷口,0,0,1,2,C03,7,1,5,30,4,2,1,5,4,5,7,1,1,4,3,5,2,17,1,61,2,9,3,4,7,5,1,10,1,12,,43,43,1,22,9,121.5529718,25.0560361
111,1,8,14,5,2,10文山區,文山區辛亥隧道北往南出隧道口,0,0,1,1,C03,7,1,6,50,6,9,1,5,4,5,7,4,4,1,2,5,2,18,2,23,2,9,1,1,7,9,1,10,2,14,,43,43,1,22,9,121.5571852,25.00978359
111,1,8,14,5,2,10文山區,文山區辛亥隧道北往南出隧道口,0,0,1,2,,7,1,6,50,6,9,1,5,4,5,7,4,4,1,2,5,2,18,3,,,,,,,,,,,,,67,43,1,,,121.5571852,25.00978359
111,1,8,14,10,2,07信義區,信義區信安街與信安街115巷口,0,0,1,1,C03,7,1,5,50,3,1,1,5,4,5,7,4,4,5,5,5,1,12,1,54,3,10,1,1,7,11,1,10,1,14,,26,26,1,22,9,121.5560806,25.02477392
111,1,8,14,10,2,07信義區,信義區信安街與信安街115巷口,0,0,1,2,C03,7,1,5,50,3,1,1,5,4,5,7,4,4,5,5,5,1,12,2,52,2,8,1,1,7,9,1,10,1,12,,14,26,1,22,9,121.5560806,25.02477392