發生年度,發生月,發生日,發生時-Hours,發生分,處理別-編號,區序,肇事地點,死亡人數,2-30日死亡人數,受傷人數,當事人序號,車種,天候,光線,道路類別,速限-速度限制,道路型態,事故位置,路面狀況1,路面狀況2,路面狀況3,道路障礙1,道路障礙2,號誌1,號誌2,車道劃分-分向,車道劃分-分道1,車道劃分-分道2,車道劃分-分道3,事故類型及型態,性別,年齡,受傷程度,主要傷處,安全帽,行動電話,車輛用途,當事者行動狀態,駕駛資格情形,駕駛執照種類,飲酒情形,車輛撞擊部位1,車輛撞擊部位2,肇因碼-個別,肇因碼-主要,個人肇逃否,職業,旅次目的,座標-X,座標-Y
111,1,8,14,15,2,08士林區,士林區中山北路5段與雙溪街口,0,0,1,1,B03,8,1,5,50,3,1,1,5,4,5,7,3,1,10,1,5,2,17,2,41,3,10,3,4,7,5,1,8,1,15,,6,6,1,22,9,121.5262594,25.10087578
111,1,8,14,15,2,08士林區,士林區中山北路5段與雙溪街口,0,0,1,2,C03,8,1,5,50,3,1,1,5,4,5,7,3,1,10,1,5,2,17,1,20,2,8,1,1,7,5,1,10,1,15,,23,6,1,22,9,121.5262594,25.10087578
111,1,8,14,19,2,08士林區,士林區士東路與德行東路331巷口,0,0,1,1,C03,8,1,5,50,3,2,1,5,4,5,7,4,4,1,4,5,1,17,2,49,2,9,1,1,7,5,1,10,2,12,,6,6,1,22,9,121.538045,25.11358553
111,1,8,14,19,2,08士林區,士林區士東路與德行東路331巷口,0,0,1,2,B01,8,1,5,50,3,2,1,5,4,5,7,4,4,1,4,5,1,17,1,35,3,10,1,1,7,9,1,4,2,8,,23,6,1,22,9,121.538045,25.11358553
111,1,8,14,20,2,04大安區,大安區基隆路2段144巷與基隆路2段口,0,0,2,1,B01,7,1,5,50,3,2,1,5,4,5,7,4,4,8,3,5,2,17,1,60,3,10,1,1,7,8,1,8,1,15,,6,6,1,22,9,121.556541,25.02806293
111,1,8,14,20,2,04大安區,大安區基隆路2段144巷與基隆路2段口,0,0,2,2,C03,7,1,5,50,3,2,1,5,4,5,7,4,4,8,3,5,2,17,1,30,2,9,1,1,7,9,1,10,1,11,,14,6,1,22,9,121.556541,25.02806293
111,1,8,14,20,2,04大安區,大安區基隆路2段144巷與基隆路2段口,0,0,2,3,H02,7,1,5,50,3,2,1,5,4,5,7,4,4,8,3,5,2,17,2,32,2,9,1,5,7,20,8,20,10,16,,67,6,1,22,9,121.556541,25.02806293
111,1,8,14,40,2,08士林區,士林區德行東路149號前,0,0,3,1,C03,7,1,5,50,14,9,1,5,4,5,7,4,4,5,5,5,1,16,1,54,2,8,1,1,7,11,1,10,1,14,,10,10,1,21,8,121.5296744,25.10816403
111,1,8,14,40,2,08士林區,士林區德行東路149號前,0,0,3,2,C03,7,1,5,50,14,9,1,5,4,5,7,4,4,5,5,5,1,16,1,21,2,8,1,1,7,9,1,10,1,11,,44,10,1,21,8,121.5296744,25.10816403
111,1,8,14,40,2,08士林區,士林區德行東路149號前,0,0,3,3,H02,7,1,5,50,14,9,1,5,4,5,7,4,4,5,5,5,1,16,1,22,2,9,1,1,7,17,8,20,10,16,,67,10,1,21,8,121.5296744,25.10816403
111,1,8,14,47,2,07信義區,信義區松仁路與松平路口,0,0,2,1,B01,7,1,5,50,4,1,1,5,4,5,7,2,1,9,4,5,1,16,1,57,2,7,3,4,7,5,1,4,1,4,,8,8,1,22,9,121.5682945,25.03043367
111,1,8,14,47,2,07信義區,信義區松仁路與松平路口,0,0,2,2,C03,7,1,5,50,4,1,1,5,4,5,7,2,1,9,4,5,1,16,1,21,2,9,3,4,7,9,1,10,1,11,,13,8,1,22,9,121.5682945,25.03043367
111,1,8,14,53,2,08士林區,士林區菁山路101巷15弄,0,0,1,1,C03,8,1,8,50,15,22,1,5,4,5,7,4,4,5,5,5,2,17,1,21,2,9,1,1,7,5,1,10,9,14,,8,8,1,22,9,121.5574762,25.14446689
111,1,8,14,53,2,08士林區,士林區菁山路101巷15弄,0,0,1,2,C03,8,1,8,50,15,22,1,5,4,5,7,4,4,5,5,5,2,17,1,16,4,11,3,4,7,9,2,18,11,11,,44,8,1,22,9,121.5574762,25.14446689
111,1,8,15,7,2,07信義區,信義區信義路5段與基隆路2段口,0,0,1,1,B01,8,1,5,50,4,1,1,5,4,5,7,1,1,1,4,5,2,12,1,53,3,10,3,4,7,6,1,4,1,1,,6,6,1,22,9,121.5597037,25.03294822
111,1,8,15,7,2,07信義區,信義區信義路5段與基隆路2段口,0,0,1,2,F01,8,1,5,50,4,1,1,5,4,5,7,1,1,1,4,5,2,12,2,28,2,9,1,1,7,9,8,20,1,16,,44,6,1,22,9,121.5597037,25.03294822
111,1,8,15,30,2,01大同區,大同區忠孝西路2段與塔城街口,0,0,2,1,C03,8,1,5,50,4,1,1,5,4,5,7,2,1,1,4,5,2,12,1,21,3,10,1,1,7,9,1,10,1,14,,44,44,1,22,9,121.5099307,25.0480898
111,1,8,15,30,2,01大同區,大同區忠孝西路2段與塔城街口,0,0,2,2,C03,8,1,5,50,4,1,1,5,4,5,7,2,1,1,4,5,2,12,1,47,2,7,1,1,7,8,1,10,1,12,,7,44,1,22,9,121.5099307,25.0480898
111,1,8,15,30,2,01大同區,大同區忠孝西路2段與塔城街口,0,0,2,3,H02,8,1,5,50,4,1,1,5,4,5,7,2,1,1,4,5,2,12,2,27,2,7,1,5,7,20,8,20,10,15,,67,44,1,22,9,121.5099307,25.0480898
111,1,8,15,40,2,06松山區,松山區南京東路5段370號,0,0,2,1,C03,8,1,5,50,14,9,1,5,4,5,7,2,1,1,4,5,2,13,2,28,2,8,1,1,7,9,1,10,2,11,,23,23,1,22,9,121.5701561,25.05112919
111,1,8,15,40,2,06松山區,松山區南京東路5段370號,0,0,2,2,C03,8,1,5,50,14,9,1,5,4,5,7,2,1,1,4,5,2,13,2,62,2,6,1,1,7,14,1,10,2,13,,44,23,1,22,9,121.5701561,25.05112919
111,1,8,15,59,2,09北投區,北投區尊賢街243巷21號與承德路7段280巷口,0,0,1,1,C03,8,1,5,30,3,2,1,5,4,5,7,4,4,10,5,5,2,16,1,24,3,10,3,4,7,5,1,10,1,11,,6,6,1,22,9,121.5062605,25.1167717
111,1,8,15,59,2,09北投區,北投區尊賢街243巷21號與承德路7段280巷口,0,0,1,2,C03,8,1,5,30,3,2,1,5,4,5,7,4,4,10,5,5,2,16,2,48,2,9,3,4,7,9,1,10,1,12,,14,6,1,22,9,121.5062605,25.1167717
111,1,8,16,0,2,01大同區,大同區承德路2段與承德路2段53巷口,0,0,1,1,C03,8,1,5,0,14,19,1,5,4,5,7,4,4,10,5,5,2,9,1,47,4,11,3,4,7,15,7,19,11,15,,15,15,2,22,9,121.5183087,25.05531134
111,1,8,16,0,2,01大同區,大同區承德路2段與承德路2段53巷口,0,0,1,2,H01,8,1,5,0,14,19,1,5,4,5,7,4,4,10,5,5,2,9,2,3,2,1,4,5,8,16,8,20,10,16,,51,15,1,22,9,121.5183087,25.05531134
111,1,8,16,0,2,03中山區,中山區民權東路2段41號,0,0,1,1,B01,8,1,5,50,14,9,1,5,4,5,7,4,4,1,4,5,2,16,1,67,3,10,3,4,7,8,1,4,1,6,,44,44,1,22,9,121.530597,25.06265904
111,1,8,16,0,2,03中山區,中山區民權東路2段41號,0,0,1,2,C03,8,1,5,50,14,9,1,5,4,5,7,4,4,1,4,5,2,16,2,31,2,9,1,1,7,9,1,10,1,11,,16,44,1,22,9,121.530597,25.06265904
111,1,8,16,20,2,08士林區,士林區忠誠路2段21巷45弄與忠誠路口側附近2段41巷口,0,0,1,1,C03,7,1,5,30,4,1,1,5,4,5,7,4,4,10,5,5,1,15,2,42,2,8,1,1,7,9,1,10,1,11,,6,6,1,21,8,121.5328862,25.11045672
111,1,8,16,20,2,08士林區,士林區忠誠路2段21巷45弄與忠誠路口側附近2段41巷口,0,0,1,2,B12,7,1,5,30,4,1,1,5,4,5,7,4,4,10,5,5,1,15,1,42,3,10,1,1,7,9,1,8,1,5,,14,6,1,21,8,121.5328862,25.11045672
111,1,8,16,55,2,01大同區,大同區西寧北路與迪化街1段32巷口,0,0,1,1,B12,7,1,5,50,3,2,1,5,4,5,7,4,4,4,1,5,2,17,1,29,3,10,1,1,7,11,1,8,2,8,,10,10,1,22,9,121.5088457,25.05448213
111,1,8,16,55,2,01大同區,大同區西寧北路與迪化街1段32巷口,0,0,1,2,C03,7,1,5,50,3,2,1,5,4,5,7,4,4,4,1,5,2,17,1,22,2,9,1,1,7,9,1,10,2,11,,14,10,1,22,9,121.5088457,25.05448213
111,1,8,17,20,2,12內湖區,內湖區康寧路3段75巷24弄與康寧路3段75巷口,0,0,2,1,B11,8,1,5,30,3,1,1,5,4,5,7,4,4,5,4,5,2,3,1,32,3,10,1,1,7,1,1,4,2,8,,15,15,1,22,9,121.6092026,25.07288152
111,1,8,17,20,2,12內湖區,內湖區康寧路3段75巷24弄與康寧路3段75巷口,0,0,2,2,H01,8,1,5,30,3,1,1,5,4,5,7,4,4,5,4,5,2,3,2,67,2,9,4,5,8,16,8,20,10,16,,67,15,1,22,9,121.6092026,25.07288152
111,1,8,17,20,2,12內湖區,內湖區康寧路3段75巷24弄與康寧路3段75巷口,0,0,2,3,H01,8,1,5,30,3,1,1,5,4,5,7,4,4,5,4,5,2,3,1,4,2,7,4,5,8,16,8,20,10,16,,67,15,1,22,9,121.6092026,25.07288152
111,1,8,17,37,2,01大同區,大同區鄭州路與西寧北路口,0,0,1,1,C03,8,3,5,40,4,1,1,5,4,5,7,2,1,6,3,5,2,12,2,25,2,8,1,1,7,5,1,10,1,13,,8,8,1,22,9,121.5082072,25.05061028
111,1,8,17,37,2,01大同區,大同區鄭州路與西寧北路口,0,0,1,2,B03,8,3,5,40,4,1,1,5,4,5,7,2,1,6,3,5,2,12,1,29,3,10,3,4,7,9,1,8,1,5,,26,8,1,22,9,121.5082072,25.05061028
111,1,8,18,10,2,05中正區,中正區重慶南路3段56號前,0,0,1,1,B03,8,3,5,50,4,2,1,5,4,5,7,1,1,1,4,5,2,12,1,51,3,10,1,1,7,6,1,8,1,8,,44,44,1,22,9,121.5158369,25.02747019
111,1,8,18,10,2,05中正區,中正區重慶南路3段56號前,0,0,1,2,C03,8,3,5,50,4,2,1,5,4,5,7,1,1,1,4,5,2,12,1,71,2,9,1,1,7,8,1,10,1,12,,7,44,1,22,9,121.5158369,25.02747019
111,1,8,18,10,2,05中正區,中正區重慶南路3段56號前,0,0,1,3,B03,8,3,5,50,4,2,1,5,4,5,7,1,1,1,4,5,2,12,1,34,3,10,1,1,7,9,1,8,1,2,,44,44,1,22,9,121.5158369,25.02747019
111,1,8,18,27,2,08士林區,士林區通河西街2段與百齡堤外停車場口前,0,0,2,1,C03,8,3,5,30,15,18,1,5,4,5,7,4,4,10,5,5,1,3,1,24,2,9,1,1,7,9,1,10,1,14,,15,15,1,22,9,121.5115688,25.09053733
111,1,8,18,27,2,08士林區,士林區通河西街2段與百齡堤外停車場口前,0,0,2,2,H01,8,3,5,30,15,18,1,5,4,5,7,4,4,10,5,5,1,3,1,60,2,3,4,5,8,16,8,20,10,16,,67,15,1,22,9,121.5115688,25.09053733
111,1,8,18,27,2,10文山區,文山區政大一街與政大二街口,0,0,2,1,B03,7,3,5,30,3,1,1,5,4,5,7,4,4,5,5,5,2,11,1,40,3,10,3,4,7,5,1,8,2,8,,8,8,1,21,8,121.5845008,24.98596317
111,1,8,18,27,2,10文山區,文山區政大一街與政大二街口,0,0,2,2,B03,7,3,5,30,3,1,1,5,4,5,7,4,4,5,5,5,2,11,1,31,2,3,3,4,7,6,1,8,2,8,,44,8,1,21,8,121.5845008,24.98596317
111,1,8,18,27,2,10文山區,文山區政大一街與政大二街口,0,0,2,3,H02,7,3,5,30,3,1,1,5,4,5,7,4,4,5,5,5,2,11,2,31,2,1,4,5,7,20,8,20,10,16,,67,8,1,21,8,121.5845008,24.98596317
111,1,8,18,40,2,12內湖區,內湖區金龍路與內湖路3段59巷口,0,0,2,1,B03,8,3,5,50,3,2,1,5,4,5,7,1,1,5,4,4,2,16,1,25,3,10,1,1,7,11,1,8,2,4,,10,10,1,22,9,121.5911128,25.0851686
111,1,8,18,40,2,12內湖區,內湖區金龍路與內湖路3段59巷口,0,0,2,2,C03,8,3,5,50,3,2,1,5,4,5,7,1,1,5,4,4,2,16,1,33,2,9,1,1,7,9,1,10,2,11,,44,10,1,22,9,121.5911128,25.0851686
111,1,8,18,40,2,12內湖區,內湖區金龍路與內湖路3段59巷口,0,0,2,3,H02,8,3,5,50,3,2,1,5,4,5,7,1,1,5,4,4,2,16,2,32,2,9,4,5,7,21,8,20,10,16,,67,10,1,22,9,121.5911128,25.0851686
111,1,8,18,50,2,06松山區,松山區八德路3段20號,0,0,1,1,C03,8,3,5,50,14,9,1,5,4,5,7,4,4,9,4,5,2,13,1,29,2,9,1,1,7,9,1,10,1,11,,42,42,1,22,9,121.5510353,25.04819378
111,1,8,18,50,2,06松山區,松山區八德路3段20號,0,0,1,2,B01,8,3,5,50,14,9,1,5,4,5,7,4,4,9,4,5,2,13,1,50,3,10,1,1,7,14,1,8,1,7,,38,42,1,22,9,121.5510353,25.04819378
111,1,8,18,50,2,06松山區,松山區八德路3段20號,0,0,1,3,B01,8,3,5,50,14,9,1,5,4,5,7,4,4,9,4,5,2,13,1,49,3,10,1,1,7,8,1,8,1,15,,7,42,1,22,9,121.5510353,25.04819378
111,1,8,18,56,2,05中正區,中正區汀州路3段301號,0,0,2,4,H02,8,3,5,50,14,9,1,5,4,5,7,4,4,5,2,5,2,13,2,37,4,11,1,1,7,20,8,20,10,16,,67,23,1,22,9,121.5358871,25.011816
111,1,8,18,56,2,05中正區,中正區汀州路3段301號,0,0,2,2,C03,8,3,5,50,14,9,1,5,4,5,7,4,4,5,2,5,2,13,1,45,2,9,1,1,7,9,1,10,2,13,,42,23,1,22,9,121.5358871,25.011816
111,1,8,18,56,2,05中正區,中正區汀州路3段301號,0,0,2,3,B03,8,3,5,50,14,9,1,5,4,5,7,4,4,5,2,5,2,13,1,30,3,10,1,1,7,9,1,8,2,3,,44,23,1,22,9,121.5358871,25.011816
111,1,8,18,56,2,05中正區,中正區汀州路3段301號,0,0,2,1,C03,8,3,5,50,14,9,1,5,4,5,7,4,4,5,2,5,2,13,1,33,2,8,1,1,7,9,1,10,2,11,,23,23,1,22,9,121.5358871,25.011816
111,1,8,18,56,2,05中正區,中正區汀州路3段301號,0,0,2,5,H02,8,3,5,50,14,9,1,5,4,5,7,4,4,5,2,5,2,13,2,4,4,11,1,5,7,20,8,20,10,16,,67,23,1,22,9,121.5358871,25.011816
111,1,8,19,10,2,04大安區,大安區和平東路1段與和平東路1段41巷口,0,0,1,1,B01,8,3,5,50,4,2,1,5,4,5,7,1,1,10,4,5,2,17,1,57,3,10,1,1,7,11,1,4,1,6,,25,25,1,22,9,121.5239121,25.02703606
111,1,8,19,10,2,04大安區,大安區和平東路1段與和平東路1段41巷口,0,0,1,2,C03,8,3,5,50,4,2,1,5,4,5,7,1,1,10,4,5,2,17,1,25,2,9,1,1,7,9,1,10,1,11,,44,25,1,22,9,121.5239121,25.02703606
111,1,8,19,15,2,07信義區,信義區信義路5段150巷與信義路5段150巷口,0,0,1,1,B01,8,3,5,30,3,1,1,5,4,5,7,4,4,8,3,5,2,11,1,48,3,10,1,1,7,5,1,8,1,8,,8,8,1,22,9,121.5712777,25.0231059
111,1,8,19,15,2,07信義區,信義區信義路5段150巷與信義路5段150巷口,0,0,1,2,C03,8,3,5,30,3,1,1,5,4,5,7,4,4,8,3,5,2,11,1,24,2,9,1,1,7,9,1,10,1,11,,14,8,1,22,9,121.5712777,25.0231059
111,1,8,19,18,2,07信義區,信義區基隆路2段131-22號,0,0,2,1,C03,7,3,5,50,14,9,1,5,4,5,7,1,1,10,5,5,2,17,2,21,2,9,1,1,7,9,1,10,1,11,,23,23,1,22,9,121.55614,25.02750621
111,1,8,19,18,2,07信義區,信義區基隆路2段131-22號,0,0,2,2,F01,7,3,5,50,14,9,1,5,4,5,7,1,1,10,5,5,2,17,1,52,2,9,1,1,7,9,8,20,1,16,,25,23,1,22,9,121.55614,25.02750621
111,1,8,19,19,2,10文山區,文山區羅斯福路6段與景華街口,0,0,1,1,B03,8,3,5,50,4,1,1,5,4,5,7,2,1,1,4,5,2,16,2,52,3,10,1,1,7,5,1,8,2,2,,6,6,1,22,9,121.5413249,24.99490699
111,1,8,19,19,2,10文山區,文山區羅斯福路6段與景華街口,0,0,1,2,C03,8,3,5,50,4,1,1,5,4,5,7,2,1,1,4,5,2,16,1,23,2,9,1,1,7,9,1,10,2,11,,44,6,1,22,9,121.5413249,24.99490699
111,1,8,19,20,2,09北投區,北投區石牌路1段與致遠二路口,0,0,2,1,C04,8,3,5,50,4,1,1,5,4,5,7,2,1,5,4,5,1,16,1,54,2,8,1,1,7,5,1,10,1,12,,8,8,1,22,9,121.512209,25.11409756
111,1,8,19,20,2,09北投區,北投區石牌路1段與致遠二路口,0,0,2,2,C03,8,3,5,50,4,1,1,5,4,5,7,2,1,5,4,5,1,16,1,20,2,9,1,1,7,9,1,10,1,11,,44,8,1,22,9,121.512209,25.11409756
111,1,8,19,33,2,03中山區,中山區建國北路1段80號,0,0,1,1,B02,8,3,5,50,14,9,1,5,4,5,7,1,1,1,4,5,1,3,1,57,3,10,1,1,7,5,1,8,1,8,,15,15,1,22,9,121.5365744,25.04945295
111,1,8,19,33,2,03中山區,中山區建國北路1段80號,0,0,1,2,H01,8,3,5,50,14,9,1,5,4,5,7,1,1,1,4,5,1,3,2,29,2,9,4,5,8,16,8,20,10,16,,67,15,1,22,9,121.5365744,25.04945295
111,1,8,19,37,2,06松山區,松山區敦化北路與富錦街口,0,0,1,1,B03,8,3,5,50,3,2,1,5,4,5,7,4,4,1,4,4,1,12,1,47,3,10,1,1,7,8,1,4,1,6,,7,7,1,22,9,121.5505205,25.0604818
111,1,8,19,37,2,06松山區,松山區敦化北路與富錦街口,0,0,1,2,C03,8,3,5,50,3,2,1,5,4,5,7,4,4,1,4,4,1,12,2,23,2,9,1,1,7,9,1,10,1,11,,13,7,1,22,9,121.5505205,25.0604818
111,1,8,20,30,2,12內湖區,內湖區金龍路167號旁,0,0,1,1,B03,7,3,5,50,14,9,1,5,4,5,7,2,1,9,4,5,2,13,2,29,3,10,1,1,7,9,1,8,1,1,,23,23,1,22,9,121.5886948,25.08652745
111,1,8,20,30,2,12內湖區,內湖區金龍路167號旁,0,0,1,2,C03,7,3,5,50,14,9,1,5,4,5,7,2,1,9,4,5,2,13,1,31,2,9,1,1,7,14,1,10,1,13,,44,23,1,22,9,121.5886948,25.08652745
111,1,8,20,45,2,06松山區,松山區光復南路46巷與八德路3段158巷口,0,0,1,1,B03,8,3,5,30,4,1,1,5,4,5,7,4,4,10,5,5,2,15,1,59,3,10,1,1,7,9,1,8,1,8,,6,6,1,22,9,121.5553656,25.04588374
111,1,8,20,45,2,06松山區,松山區光復南路46巷與八德路3段158巷口,0,0,1,2,C03,8,3,5,30,4,1,1,5,4,5,7,4,4,10,5,5,2,15,2,31,2,9,1,1,7,9,1,10,1,11,,14,6,1,22,9,121.5553656,25.04588374
111,1,8,20,45,2,06松山區,松山區光復南路46巷與八德路3段158巷口,0,0,1,3,B03,8,3,5,30,4,1,1,5,4,5,7,4,4,10,5,5,2,15,1,42,3,10,1,1,7,13,1,8,1,15,,38,6,1,22,9,121.5553656,25.04588374
111,1,8,20,47,2,04大安區,大安區羅斯福路4段與基隆路4段口,0,0,1,1,C03,7,3,5,50,16,9,1,5,4,5,7,1,1,10,4,5,2,17,1,19,4,11,3,4,7,5,7,19,11,15,,8,8,2,22,9,121.5372893,25.01103571
111,1,8,20,47,2,04大安區,大安區羅斯福路4段與基隆路4段口,0,0,1,2,C03,7,3,5,50,16,9,1,5,4,5,7,1,1,10,4,5,2,17,1,28,2,9,1,1,7,9,1,10,1,14,,26,8,1,22,9,121.5372893,25.01103571
111,1,8,20,47,2,11南港區,南港區合順街8巷3弄與大坑街口口,0,0,1,1,B03,8,3,5,50,3,1,1,5,4,5,7,4,4,8,1,5,2,11,1,44,3,10,1,1,7,5,1,8,2,5,,6,6,1,22,9,121.6196814,25.04273991
111,1,8,20,47,2,11南港區,南港區合順街8巷3弄與大坑街口口,0,0,1,2,C03,8,3,5,50,3,1,1,5,4,5,7,4,4,8,1,5,2,11,1,63,2,8,1,1,7,9,1,10,2,11,,44,6,1,22,9,121.6196814,25.04273991
111,1,8,20,54,2,12內湖區,內湖區江南街65巷與江南街口,0,0,1,1,B03,7,3,5,50,4,1,1,5,4,5,7,2,1,9,5,5,2,15,1,67,3,10,1,1,7,9,1,8,2,8,,25,25,1,22,9,121.5775945,25.07742493
111,1,8,20,54,2,12內湖區,內湖區江南街65巷與江南街口,0,0,1,2,C03,7,3,5,50,4,1,1,5,4,5,7,2,1,9,5,5,2,15,1,41,2,9,1,1,7,9,1,10,2,12,,44,25,1,22,9,121.5775945,25.07742493
111,1,8,20,54,2,11南港區,南港區舊莊街1段91巷與大坑街口,0,0,1,1,F01,7,3,5,50,4,2,1,5,4,5,7,4,4,5,4,5,2,16,1,37,2,9,1,1,7,15,8,20,2,16,,44,44,1,22,9,121.620259,25.04186508
111,1,8,20,54,2,11南港區,南港區舊莊街1段91巷與大坑街口,0,0,1,2,B03,7,3,5,50,4,2,1,5,4,5,7,4,4,5,4,5,2,16,1,65,3,10,1,1,7,5,1,8,2,8,,23,44,1,22,9,121.620259,25.04186508
111,1,8,21,29,2,04大安區,大安區和平東路2段301號,0,0,1,2,C03,8,3,5,50,14,9,1,5,4,5,7,1,1,1,4,5,2,13,1,33,3,10,1,1,7,9,1,10,1,13,,44,16,1,22,9,121.5448052,25.02485587
111,1,8,21,29,2,04大安區,大安區和平東路2段301號,0,0,1,3,C03,8,3,5,50,14,9,1,5,4,5,7,1,1,1,4,5,2,13,1,20,3,10,1,1,7,9,1,10,1,15,,44,16,1,22,9,121.5448052,25.02485587
111,1,8,21,29,2,04大安區,大安區和平東路2段301號,0,0,1,1,C03,8,3,5,50,14,9,1,5,4,5,7,1,1,1,4,5,2,13,1,23,2,9,1,1,7,9,1,10,1,11,,16,16,1,22,9,121.5448052,25.02485587
111,1,8,22,6,2,10文山區,文山區木柵路2段122號,0,0,1,1,C03,7,3,5,50,14,9,1,5,4,5,7,2,1,4,3,5,1,3,1,30,4,11,1,4,7,9,1,10,11,11,,4,4,1,22,9,121.5615192,24.98882514
111,1,8,22,6,2,10文山區,文山區木柵路2段122號,0,0,1,2,H01,7,3,5,50,14,9,1,5,4,5,7,2,1,4,3,5,1,3,1,49,2,8,4,5,8,16,8,20,10,16,,52,4,1,22,9,121.5615192,24.98882514
111,1,8,22,16,2,07信義區,信義區福德街309巷與福德街口,0,0,1,1,B01,7,3,5,50,4,2,1,5,4,5,7,2,1,10,5,5,2,9,1,35,3,10,1,1,7,5,1,4,1,8,,15,15,1,22,9,121.587578,25.03932822
111,1,8,22,16,2,07信義區,信義區福德街309巷與福德街口,0,0,1,2,H01,7,3,5,50,4,2,1,5,4,5,7,2,1,10,5,5,2,9,1,53,2,9,4,5,8,16,8,20,10,16,,67,15,1,22,9,121.587578,25.03932822
111,1,8,22,40,2,11南港區,南港區南深路005號燈桿對面,0,0,1,1,C03,7,3,5,50,11,9,1,5,4,5,7,4,4,3,3,4,2,18,1,27,2,9,3,4,7,9,1,10,1,15,,43,43,1,22,9,121.6221836,25.03413471
111,1,8,22,40,2,11南港區,南港區南深路005號燈桿對面,0,0,1,2,,7,3,5,50,11,9,1,5,4,5,7,4,4,3,3,4,2,18,3,,,,,,,,,,,,,67,43,1,,,121.6221836,25.03413471
111,1,8,22,40,2,11南港區,南港區南深路005號燈桿對面,0,0,1,3,,7,3,5,50,11,9,1,5,4,5,7,4,4,3,3,4,2,18,3,,,,,,,,,,,,,67,43,1,,,121.6221836,25.03413471
111,1,8,22,45,2,12內湖區,內湖區東湖路113巷與東湖路113巷49弄口,0,0,1,1,B02,8,3,5,30,4,1,1,5,4,5,7,2,1,9,5,5,2,12,2,26,3,10,1,1,7,5,1,8,1,8,,44,44,1,22,9,121.616015,25.07015844
111,1,8,22,45,2,12內湖區,內湖區東湖路113巷與東湖路113巷49弄口,0,0,1,2,C03,8,3,5,30,4,1,1,5,4,5,7,2,1,9,5,5,2,12,1,31,2,9,1,1,7,9,1,10,1,12,,43,44,1,22,9,121.616015,25.07015844
111,1,8,22,50,2,08士林區,士林區文林路75號,0,0,2,1,C03,7,3,5,50,14,9,1,5,4,5,7,4,4,9,4,5,1,17,1,19,2,9,1,1,7,11,1,10,1,14,,10,10,1,22,9,121.5259355,25.08744092
111,1,8,22,50,2,08士林區,士林區文林路75號,0,0,2,2,C03,7,3,5,50,14,9,1,5,4,5,7,4,4,9,4,5,1,17,1,48,2,9,1,1,7,9,1,10,1,11,,44,10,1,22,9,121.5259355,25.08744092
111,1,8,23,8,2,05中正區,中正區市民大道1段168號,0,0,1,1,B01,8,3,5,40,14,9,1,5,4,5,7,4,4,1,4,5,1,12,1,64,3,10,3,1,7,7,1,4,1,7,,7,7,1,5,4,121.5185615,25.04837989
111,1,8,23,8,2,05中正區,中正區市民大道1段168號,0,0,1,2,C03,8,3,5,40,14,9,1,5,4,5,7,4,4,1,4,5,1,12,1,29,2,9,1,1,7,9,1,9,1,14,,13,7,1,22,5,121.5185615,25.04837989
111,1,8,23,12,2,08士林區,士林區福國路文林橋,0,0,1,1,B02,7,3,5,50,5,1,1,5,4,5,7,1,1,10,5,5,2,17,1,62,3,10,1,1,7,5,1,8,2,2,,25,25,1,22,9,121.521305,25.1018987
111,1,8,23,12,2,08士林區,士林區福國路文林橋,0,0,1,2,C04,7,3,5,50,5,1,1,5,4,5,7,1,1,10,5,5,2,17,2,32,2,9,1,1,7,9,1,10,2,11,,44,25,1,22,9,121.521305,25.1018987
111,1,8,23,12,2,08士林區,士林區福國路文林橋,0,0,1,3,B03,7,3,5,50,5,1,1,5,4,5,7,1,1,10,5,5,2,17,1,67,3,10,1,1,7,5,1,8,9,7,,23,25,1,22,9,121.521305,25.1018987
111,1,8,23,18,2,09北投區,北投區中央北路1段122號,0,0,1,1,B03,8,1,5,50,14,9,1,5,4,5,7,4,4,9,5,5,2,16,1,55,3,10,3,4,7,10,1,8,1,6,,7,7,1,22,9,121.4992291,25.13500455
111,1,8,23,18,2,09北投區,北投區中央北路1段122號,0,0,1,2,C03,8,1,5,50,14,9,1,5,4,5,7,4,4,9,5,5,2,16,1,26,2,9,3,4,7,9,1,10,1,11,,13,7,1,22,9,121.4992291,25.13500455
111,1,8,23,24,2,09北投區,北投區崇仁路1段與崇仁路1段17巷口口,0,0,1,1,B03,8,3,5,30,4,1,1,5,4,5,7,4,4,5,5,5,2,15,1,22,3,10,1,1,7,9,1,8,2,5,,6,6,1,22,9,121.5012328,25.12790172
111,1,8,23,24,2,09北投區,北投區崇仁路1段與崇仁路1段17巷口口,0,0,1,2,C03,8,3,5,30,4,1,1,5,4,5,7,4,4,5,5,5,2,15,2,57,2,9,1,1,7,9,1,10,2,12,,13,6,1,22,9,121.5012328,25.12790172
111,1,9,1,15,2,07信義區,信義區忠孝東路5段297號,0,0,2,1,B01,8,3,5,50,14,9,1,5,4,5,7,4,4,1,4,5,2,17,1,67,3,10,1,1,7,9,1,4,1,1,,23,23,1,21,8,121.5728446,25.04101207
111,1,9,1,15,2,07信義區,信義區忠孝東路5段297號,0,0,2,2,C03,8,3,5,50,14,9,1,5,4,5,7,4,4,1,4,5,2,17,1,21,2,9,1,1,7,9,1,10,1,13,,44,23,1,21,8,121.5728446,25.04101207