發生年度,發生月,發生日,發生時-Hours,發生分,處理別-編號,區序,肇事地點,死亡人數,2-30日死亡人數,受傷人數,當事人序號,車種,天候,光線,道路類別,速限-速度限制,道路型態,事故位置,路面狀況1,路面狀況2,路面狀況3,道路障礙1,道路障礙2,號誌1,號誌2,車道劃分-分向,車道劃分-分道1,車道劃分-分道2,車道劃分-分道3,事故類型及型態,性別,年齡,受傷程度,主要傷處,安全帽,行動電話,車輛用途,當事者行動狀態,駕駛資格情形,駕駛執照種類,飲酒情形,車輛撞擊部位1,車輛撞擊部位2,肇因碼-個別,肇因碼-主要,個人肇逃否,職業,旅次目的,座標-X,座標-Y
111,1,9,1,15,2,07信義區,信義區忠孝東路5段297號,0,0,2,3,C03,8,3,5,50,14,9,1,5,4,5,7,4,4,1,4,5,2,17,1,25,2,8,1,1,7,9,1,10,1,11,,16,23,1,21,8,121.5728446,25.04101207
111,1,9,1,15,2,07信義區,信義區忠孝東路5段297號,0,0,2,4,,8,3,5,50,14,9,1,5,4,5,7,4,4,1,4,5,2,17,3,,,,,,,,,,,,,61,23,1,,,121.5728446,25.04101207
111,1,9,2,5,2,07信義區,信義區基隆路2段165號,0,0,2,1,C03,8,3,5,50,14,9,1,5,4,5,7,4,4,1,4,5,2,17,1,19,2,8,1,1,7,9,1,10,1,11,,13,13,1,21,8,121.5540226,25.02555067
111,1,9,2,5,2,07信義區,信義區基隆路2段165號,0,0,2,2,B01,8,3,5,50,14,9,1,5,4,5,7,4,4,1,4,5,2,17,1,39,3,10,1,1,7,8,1,4,1,3,,7,13,1,21,8,121.5540226,25.02555067
111,1,9,2,5,2,07信義區,信義區基隆路2段165號,0,0,2,3,H02,8,3,5,50,14,9,1,5,4,5,7,4,4,1,4,5,2,17,2,19,2,8,1,5,7,20,8,20,10,16,,67,13,1,21,8,121.5540226,25.02555067
111,1,9,2,40,2,03中山區,中山區中山北路4段圓山涵洞,0,0,1,1,B03,7,3,5,50,4,2,1,5,4,5,7,1,1,1,4,5,2,17,1,21,2,9,1,1,7,9,1,8,2,4,,25,25,1,22,9,121.5252013,25.07685441
111,1,9,2,40,2,03中山區,中山區中山北路4段圓山涵洞,0,0,1,2,B01,7,3,5,50,4,2,1,5,4,5,7,1,1,1,4,5,2,17,1,52,3,10,1,1,7,9,1,4,2,5,,44,25,1,22,9,121.5252013,25.07685441
111,1,9,5,22,2,07信義區,信義區松隆路與永吉路30巷口,0,0,1,1,B01,8,1,5,30,4,2,1,5,4,5,7,2,1,8,5,5,2,12,1,38,3,10,1,1,7,4,1,8,2,5,,4,4,1,22,9,121.57023,25.0455697
111,1,9,5,22,2,07信義區,信義區松隆路與永吉路30巷口,0,0,1,2,C03,8,1,5,30,4,2,1,5,4,5,7,2,1,8,5,5,2,12,1,26,2,8,1,1,7,5,1,10,2,14,,8,4,1,22,9,121.57023,25.0455697
111,1,9,6,5,2,02萬華區,萬華區堤外便道大理華中,0,0,1,1,G06,7,2,5,40,14,9,1,5,4,5,7,4,4,10,5,5,2,14,1,60,3,10,4,4,7,2,7,19,2,15,,12,12,1,22,9,121.4943426,25.0165185
111,1,9,6,5,2,02萬華區,萬華區堤外便道大理華中,0,0,1,2,C03,7,2,5,40,14,9,1,5,4,5,7,4,4,10,5,5,2,14,2,56,2,9,1,1,7,9,1,10,2,12,,44,12,1,22,9,121.4943426,25.0165185
111,1,9,6,14,2,09北投區,北投區承德路7段與石牌路1段口,0,0,4,2,F01,6,2,5,60,4,1,1,4,4,5,7,2,1,1,1,1,2,13,1,63,2,9,1,1,7,9,8,20,2,16,,27,16,1,22,9,121.5094729,25.11241651
111,1,9,6,14,2,09北投區,北投區承德路7段與石牌路1段口,0,0,4,3,C03,6,2,5,60,4,1,1,4,4,5,7,2,1,1,1,1,2,13,1,25,2,9,1,1,7,9,1,10,2,12,,23,16,1,22,9,121.5094729,25.11241651
111,1,9,6,14,2,09北投區,北投區承德路7段與石牌路1段口,0,0,4,4,C03,6,2,5,60,4,1,1,4,4,5,7,2,1,1,1,1,2,13,1,29,2,7,1,1,7,7,1,10,2,11,,7,16,1,22,9,121.5094729,25.11241651
111,1,9,6,14,2,09北投區,北投區承德路7段與石牌路1段口,0,0,4,1,C03,6,2,5,60,4,1,1,4,4,5,7,2,1,1,1,1,2,13,1,18,2,9,1,1,7,9,1,10,2,11,,16,16,1,22,9,121.5094729,25.11241651
111,1,9,6,55,2,12內湖區,內湖區陽光街與瑞湖街口,0,0,2,1,B03,8,1,5,50,3,2,1,5,4,5,7,1,1,9,4,5,1,15,1,24,2,8,1,1,7,9,1,8,1,4,,6,6,1,22,9,121.5761379,25.0728317
111,1,9,6,55,2,12內湖區,內湖區陽光街與瑞湖街口,0,0,2,2,C03,8,1,5,50,3,2,1,5,4,5,7,1,1,9,4,5,1,15,1,79,2,6,1,1,7,9,1,10,1,11,,14,6,1,22,9,121.5761379,25.0728317
111,1,9,7,25,2,03中山區,中山區敬業一路與敬業一路128巷口,0,0,1,1,B01,7,1,5,50,3,1,1,5,4,5,7,4,4,5,5,5,2,16,1,46,3,10,1,1,7,5,1,4,1,5,,6,6,1,22,9,121.5522787,25.0834583
111,1,9,7,25,2,03中山區,中山區敬業一路與敬業一路128巷口,0,0,1,2,C03,7,1,5,50,3,1,1,5,4,5,7,4,4,5,5,5,2,16,1,33,2,9,1,1,7,9,1,10,1,11,,14,6,1,22,9,121.5522787,25.0834583
111,1,9,7,55,2,07信義區,信義區福德街221巷15號,0,0,1,1,C03,8,1,5,50,14,9,1,5,4,5,7,4,4,9,4,5,2,3,1,56,3,10,3,4,7,9,1,10,1,11,,23,23,1,22,9,121.5852473,25.03706573
111,1,9,7,55,2,07信義區,信義區福德街221巷15號,0,0,1,2,H01,8,1,5,50,14,9,1,5,4,5,7,4,4,9,4,5,2,3,2,85,2,9,4,5,8,16,8,20,10,16,,53,23,1,22,9,121.5852473,25.03706573
111,1,9,8,8,2,07信義區,信義區虎林街92號,0,0,1,1,B03,8,1,5,30,14,9,1,5,4,5,7,4,4,10,5,5,2,9,2,45,3,10,1,1,7,2,1,8,2,3,,12,12,1,22,9,121.5771733,25.04314519
111,1,9,8,8,2,07信義區,信義區虎林街92號,0,0,1,2,H01,8,1,5,30,14,9,1,5,4,5,7,4,4,10,5,5,2,9,2,75,2,9,4,5,8,17,8,20,10,16,,54,12,1,22,9,121.5771733,25.04314519
111,1,9,9,23,2,11南港區,南港區松河街438號,0,0,1,1,C03,8,1,5,30,14,9,1,5,4,5,7,4,4,9,5,5,2,13,1,19,2,9,1,1,7,9,1,10,1,11,,23,23,1,22,9,121.5919995,25.0581009
111,1,9,9,23,2,11南港區,南港區松河街438號,0,0,1,2,B12,8,1,5,30,14,9,1,5,4,5,7,4,4,9,5,5,2,13,1,62,3,10,1,1,7,13,1,4,1,3,,44,23,1,22,9,121.5919995,25.0581009
111,1,9,9,40,2,08士林區,士林區百齡堤外停車場(一)前,0,0,2,1,C03,8,1,8,30,14,9,1,5,4,5,7,4,4,10,5,5,2,12,1,20,2,9,3,4,7,5,1,10,2,14,,8,8,1,22,9,121.5103304,25.09205106
111,1,9,9,40,2,08士林區,士林區百齡堤外停車場(一)前,0,0,2,2,C03,8,1,8,30,14,9,1,5,4,5,7,4,4,10,5,5,2,12,2,58,2,9,3,4,7,9,1,10,2,15,,44,8,1,22,9,121.5103304,25.09205106
111,1,9,9,40,2,08士林區,士林區社正路與社正路45巷口,0,0,1,1,C03,8,1,5,50,5,2,1,5,4,5,7,4,4,5,5,5,2,3,2,30,3,10,1,1,7,9,1,10,1,11,,15,15,1,22,9,121.5096996,25.08884
111,1,9,9,40,2,08士林區,士林區社正路與社正路45巷口,0,0,1,2,H01,8,1,5,50,5,2,1,5,4,5,7,4,4,5,5,5,2,3,2,83,2,8,4,5,8,16,8,20,10,16,,67,15,1,22,9,121.5096996,25.08884
111,1,9,9,55,2,03中山區,中山區濱江街138號對面,0,0,1,2,C03,8,1,5,50,15,9,1,3,4,5,7,1,1,1,5,5,1,17,2,44,2,9,3,4,7,9,1,10,1,12,,43,43,1,22,9,121.5361173,25.07258903
111,1,9,9,55,2,03中山區,中山區濱江街138號對面,0,0,1,1,,8,1,5,50,15,9,1,3,4,5,7,1,1,1,5,5,1,17,4,,4,11,3,4,7,15,7,19,11,15,,43,43,2,22,9,121.5361173,25.07258903
111,1,9,10,27,2,04大安區,大安區建國南路1段與濟南路3段口,0,0,1,1,B03,8,1,5,50,4,1,1,5,4,5,7,2,1,1,4,4,2,16,1,42,3,10,1,4,7,1,1,8,1,4,,19,19,1,22,9,121.5379686,25.0401745
111,1,9,10,27,2,04大安區,大安區建國南路1段與濟南路3段口,0,0,1,2,C03,8,1,5,50,4,1,1,5,4,5,7,2,1,1,4,4,2,16,1,23,2,9,1,4,7,9,1,10,1,11,,26,19,1,22,9,121.5379686,25.0401745
111,1,9,10,36,2,01大同區,大同區南京西路與迪化街1段口,0,0,1,1,B03,8,1,5,50,4,1,1,5,4,5,7,4,4,10,5,5,2,16,1,53,3,10,1,1,7,6,1,8,2,6,,9,9,1,22,9,121.5102459,25.05377788
111,1,9,10,36,2,01大同區,大同區南京西路與迪化街1段口,0,0,1,2,F02,8,1,5,50,4,1,1,5,4,5,7,4,4,10,5,5,2,16,1,73,2,8,1,1,7,9,8,20,2,16,,44,9,1,22,9,121.5102459,25.05377788
111,1,9,10,40,2,04大安區,大安區和平東路3段與基隆路2段口,0,0,2,1,H01,7,1,5,0,4,1,1,5,4,5,7,1,1,1,5,5,1,3,1,80,2,1,4,5,8,20,8,20,10,16,,52,52,1,22,9,121.5521062,25.02447772
111,1,9,10,40,2,04大安區,大安區和平東路3段與基隆路2段口,0,0,2,2,C03,7,1,5,0,4,1,1,5,4,5,7,1,1,1,5,5,1,3,1,31,2,9,1,1,7,9,1,10,2,11,,15,52,1,22,9,121.5521062,25.02447772
111,1,9,10,45,2,05中正區,中正區中正橋往台北市,0,0,1,1,C03,8,1,5,50,14,9,1,5,4,5,7,4,4,1,4,5,2,12,1,37,2,9,1,1,7,7,1,10,2,14,,7,7,1,22,9,121.5167527,25.02204147
111,1,9,10,45,2,05中正區,中正區中正橋往台北市,0,0,1,2,C03,8,1,5,50,14,9,1,5,4,5,7,4,4,1,4,5,2,12,1,36,3,10,1,1,7,9,1,10,2,12,,44,7,1,22,9,121.5167527,25.02204147
111,1,9,11,10,2,04大安區,大安區復興南路1段340巷與復興南路1段口,0,0,1,1,B03,8,1,5,50,4,2,1,5,4,5,7,2,1,8,3,5,1,15,1,70,3,10,1,1,7,1,1,8,1,2,,19,19,1,21,5,121.5435589,25.0360996
111,1,9,11,10,2,04大安區,大安區復興南路1段340巷與復興南路1段口,0,0,1,2,C03,8,1,5,50,4,2,1,5,4,5,7,2,1,8,3,5,1,15,1,31,2,9,1,1,7,9,1,10,1,11,,44,19,1,21,5,121.5435589,25.0360996
111,1,9,11,15,2,08士林區,士林區雨聲街與雙溪街口,0,0,1,1,B01,8,1,5,30,3,1,1,5,4,5,7,4,4,5,5,5,2,16,1,66,3,10,1,1,7,5,1,4,1,1,,6,6,1,22,9,121.5295903,25.1005557
111,1,9,11,15,2,08士林區,士林區雨聲街與雙溪街口,0,0,1,2,C04,8,1,5,30,3,1,1,5,4,5,7,4,4,5,5,5,2,16,1,27,2,8,1,1,7,9,1,9,1,11,,23,6,1,22,9,121.5295903,25.1005557
111,1,9,11,50,2,07信義區,信義區仁愛路4段512巷與光復南路417巷口,0,0,1,1,C03,7,1,5,30,3,1,1,5,4,3,5,4,4,10,5,5,1,17,1,38,3,10,1,1,7,5,1,10,1,14,,6,6,1,22,9,121.5610662,25.03677076
111,1,9,11,50,2,07信義區,信義區仁愛路4段512巷與光復南路417巷口,0,0,1,2,C03,7,1,5,30,3,1,1,5,4,3,5,4,4,10,5,5,1,17,1,31,2,9,1,1,7,9,1,10,1,11,,13,6,1,22,9,121.5610662,25.03677076
111,1,9,11,52,2,07信義區,信義區莊敬路391巷1弄與莊敬路391巷2弄口,0,0,2,1,B01,8,1,5,30,4,1,1,5,4,5,7,4,4,10,5,5,1,16,1,62,3,10,1,1,7,9,1,4,1,1,,23,23,1,21,8,121.565662,25.02790895
111,1,9,11,52,2,07信義區,信義區莊敬路391巷1弄與莊敬路391巷2弄口,0,0,2,2,C03,8,1,5,30,4,1,1,5,4,5,7,4,4,10,5,5,1,16,1,69,2,9,1,1,7,9,1,10,1,12,,6,23,1,22,9,121.565662,25.02790895
111,1,9,11,52,2,07信義區,信義區莊敬路391巷1弄與莊敬路391巷2弄口,0,0,2,3,H02,8,1,5,30,4,1,1,5,4,5,7,4,4,10,5,5,1,16,2,50,2,9,3,4,7,20,8,20,10,15,,67,23,1,22,9,121.565662,25.02790895
111,1,9,12,18,2,04大安區,大安區仁愛路4段345巷4弄45號,0,0,1,1,B03,8,1,5,30,14,9,1,5,4,5,7,4,4,1,5,5,2,16,1,59,3,10,1,4,7,1,1,8,1,8,,19,19,1,22,9,121.5511697,25.03902617
111,1,9,12,18,2,04大安區,大安區仁愛路4段345巷4弄45號,0,0,1,2,C03,8,1,5,30,14,9,1,5,4,5,7,4,4,1,5,5,2,16,1,33,2,9,1,4,7,9,1,10,1,11,,44,19,1,22,9,121.5511697,25.03902617
111,1,9,12,20,2,12內湖區,內湖區成功路4段61巷3號,0,0,2,1,C03,8,1,5,50,14,9,1,5,4,5,7,4,4,9,5,5,2,12,1,29,2,8,1,1,7,5,1,10,2,14,,8,8,1,22,9,121.5926229,25.08171427
111,1,9,12,20,2,12內湖區,內湖區成功路4段61巷3號,0,0,2,2,C03,8,1,5,50,14,9,1,5,4,5,7,4,4,9,5,5,2,12,2,57,2,9,1,1,7,9,1,10,2,11,,44,8,1,22,9,121.5926229,25.08171427
111,1,9,12,32,2,10文山區,文山區景興路與景興路42巷口,0,0,1,1,B03,8,1,5,50,4,1,1,5,4,5,7,1,1,3,4,5,2,17,1,77,3,10,1,1,7,5,1,8,2,15,,6,6,1,22,9,121.5446696,24.99696175
111,1,9,12,32,2,10文山區,文山區景興路與景興路42巷口,0,0,1,2,C03,8,1,5,50,4,1,1,5,4,5,7,1,1,3,4,5,2,17,2,66,2,9,1,1,7,9,1,10,2,15,,42,6,1,22,9,121.5446696,24.99696175
111,1,9,12,35,2,05中正區,中正區永福橋往新北市122號燈桿,0,0,1,1,C03,8,1,5,50,14,9,1,5,4,5,7,4,4,9,2,5,2,13,2,31,2,9,1,1,7,9,1,10,1,11,,42,42,1,22,9,121.5279663,25.01138092
111,1,9,12,35,2,05中正區,中正區永福橋往新北市122號燈桿,0,0,1,2,B01,8,1,5,50,14,9,1,5,4,5,7,4,4,9,2,5,2,13,1,37,3,10,1,1,7,9,1,4,1,3,,42,42,1,22,9,121.5279663,25.01138092
111,1,9,13,8,2,11南港區,南港區舊莊街1段與舊莊街1段91巷口口,0,0,3,1,C03,8,1,5,50,3,2,1,5,4,5,7,3,1,4,1,5,2,13,1,18,2,8,1,1,7,9,1,10,2,11,,16,16,1,22,9,121.6191905,25.04072868
111,1,9,13,8,2,11南港區,南港區舊莊街1段與舊莊街1段91巷口口,0,0,3,2,C03,8,1,5,50,3,2,1,5,4,5,7,3,1,4,1,5,2,13,1,46,2,8,1,1,7,6,1,10,2,13,,44,16,1,22,9,121.6191905,25.04072868
111,1,9,13,8,2,11南港區,南港區舊莊街1段與舊莊街1段91巷口口,0,0,3,3,H02,8,1,5,50,3,2,1,5,4,5,7,3,1,4,1,5,2,13,1,19,2,8,1,1,7,21,8,20,10,15,,67,16,1,22,9,121.6191905,25.04072868
111,1,9,13,33,2,12內湖區,內湖區洲子街12號附近側附近,0,0,1,1,B03,8,1,5,30,14,9,1,5,4,5,7,4,4,9,4,5,2,12,2,55,3,10,1,1,7,6,1,8,1,5,,9,9,1,22,9,121.5753009,25.07836272
111,1,9,13,33,2,12內湖區,內湖區洲子街12號附近側附近,0,0,1,2,C03,8,1,5,30,14,9,1,5,4,5,7,4,4,9,4,5,2,12,1,18,2,8,1,1,7,9,1,10,1,14,,13,9,1,22,9,121.5753009,25.07836272
111,1,9,14,0,2,02萬華區,萬華區中華路1段200號,0,0,1,1,A02,8,1,5,50,14,8,1,5,4,5,7,4,4,1,4,5,2,9,2,22,3,10,1,1,7,15,1,2,9,6,,44,44,1,22,9,121.5069006,25.03809624
111,1,9,14,0,2,02萬華區,萬華區中華路1段200號,0,0,1,2,H02,8,1,5,50,14,8,1,5,4,5,7,4,4,1,4,5,2,9,2,67,2,9,4,5,7,20,8,20,10,16,,67,44,1,22,9,121.5069006,25.03809624
111,1,9,14,47,2,07信義區,信義區吳興街與基隆路2段口,0,0,1,1,C03,7,1,5,30,4,1,1,5,4,5,7,1,1,10,5,5,1,12,1,19,3,10,3,4,7,9,1,10,1,12,,23,23,1,22,9,121.5589919,25.03198066
111,1,9,14,47,2,07信義區,信義區吳興街與基隆路2段口,0,0,1,2,C03,7,1,5,30,4,1,1,5,4,5,7,1,1,10,5,5,1,12,1,32,2,9,3,4,7,5,1,10,1,14,,44,23,1,22,9,121.5589919,25.03198066
111,1,9,14,50,2,08士林區,士林區社中街384巷與社中街384巷2弄口,0,0,1,1,C04,7,1,5,30,3,2,1,5,4,5,7,4,4,10,5,5,2,11,2,70,3,10,1,1,7,9,1,11,1,11,,43,43,1,22,9,121.5033448,25.09268319
111,1,9,14,50,2,08士林區,士林區社中街384巷與社中街384巷2弄口,0,0,1,2,C03,7,1,5,30,3,2,1,5,4,5,7,4,4,10,5,5,2,11,1,35,3,10,1,1,7,9,1,10,1,15,,44,43,1,22,9,121.5033448,25.09268319
111,1,9,14,50,2,08士林區,士林區社中街384巷與社中街384巷2弄口,0,0,1,3,H02,7,1,5,30,3,2,1,5,4,5,7,4,4,10,5,5,2,11,2,35,2,8,1,5,7,21,8,20,10,16,,67,43,1,22,9,121.5033448,25.09268319
111,1,9,14,54,2,09北投區,北投區承德路7段166巷15號與承德路7段168巷口,0,0,2,1,C03,8,1,5,30,3,1,1,5,4,5,7,4,4,10,5,5,2,11,1,32,2,9,1,1,7,6,1,10,2,11,,6,6,1,22,9,121.5089064,25.11404594
111,1,9,14,54,2,09北投區,北投區承德路7段166巷15號與承德路7段168巷口,0,0,2,2,C03,8,1,5,30,3,1,1,5,4,5,7,4,4,10,5,5,2,11,1,44,2,9,1,1,7,9,1,10,2,11,,23,6,1,22,9,121.5089064,25.11404594
111,1,9,15,10,2,07信義區,信義區崇德街42號與崇德街口,0,0,1,1,C03,8,1,5,50,4,2,1,5,4,5,7,4,4,5,1,5,1,16,1,49,3,10,1,1,7,5,1,10,1,12,,8,8,1,22,9,121.5540003,25.02423908
111,1,9,15,10,2,07信義區,信義區崇德街42號與崇德街口,0,0,1,2,C02,8,1,5,50,4,2,1,5,4,5,7,4,4,5,1,5,1,16,1,20,2,9,1,1,7,9,1,9,1,12,,23,8,1,22,9,121.5540003,25.02423908
111,1,9,16,16,2,11南港區,南港區市民大道8段與中南街口,0,0,2,1,C03,7,1,5,50,4,2,1,5,4,5,7,1,1,9,5,5,2,11,1,26,2,9,1,1,7,11,1,10,2,12,,10,10,1,22,9,121.6152405,25.0543537
111,1,9,16,16,2,11南港區,南港區市民大道8段與中南街口,0,0,2,2,C03,7,1,5,50,4,2,1,5,4,5,7,1,1,9,5,5,2,11,1,19,2,8,1,1,7,9,1,10,2,14,,44,10,1,22,9,121.6152405,25.0543537
111,1,9,17,0,2,03中山區,中山區中山北路2段63號,0,0,1,2,C03,7,3,5,50,14,8,1,5,4,5,7,4,4,3,4,5,2,17,2,18,2,9,1,1,7,9,1,10,1,11,12,16,44,1,22,9,121.5229013,25.05648548
111,1,9,17,0,2,03中山區,中山區中山北路2段63號,0,0,1,1,B03,7,3,5,50,14,8,1,5,4,5,7,4,4,3,4,5,2,17,1,61,3,10,1,1,7,12,1,8,9,15,,44,44,1,22,9,121.5229013,25.05648548
111,1,9,17,0,2,09北投區,北投區知行路75-15號與知行路口,0,0,2,1,C03,8,1,5,50,3,1,1,5,4,5,7,4,4,9,4,5,2,17,2,46,2,8,3,4,7,15,1,10,2,14,,42,42,1,22,9,121.466087,25.118768
111,1,9,17,0,2,09北投區,北投區知行路75-15號與知行路口,0,0,2,2,B03,8,1,5,50,3,1,1,5,4,5,7,4,4,9,4,5,2,17,1,54,3,10,3,4,7,1,1,8,2,15,,19,42,1,22,9,121.466087,25.118768
111,1,9,17,0,2,09北投區,北投區知行路75-15號與知行路口,0,0,2,3,H02,8,1,5,50,3,1,1,5,4,5,7,4,4,9,4,5,2,17,1,12,2,9,1,4,7,20,8,20,10,16,,67,42,1,22,9,121.466087,25.118768
111,1,9,17,10,2,04大安區,大安區仁愛路3段與新生南路1段口,0,0,1,1,F01,7,1,5,50,5,2,1,5,4,5,7,2,1,8,3,5,2,11,1,54,2,9,1,1,7,9,8,20,1,16,,43,43,1,22,9,121.5329453,25.0381963
111,1,9,17,10,2,04大安區,大安區仁愛路3段與新生南路1段口,0,0,1,2,,7,1,5,50,5,2,1,5,4,5,7,2,1,8,3,5,2,11,4,,4,11,3,4,7,15,7,19,11,15,,43,43,2,22,9,121.5329453,25.0381963
111,1,9,17,21,2,08士林區,士林區中山北路5段與福林路口,0,0,3,1,B03,7,3,5,50,4,2,1,5,4,5,7,2,1,1,4,1,2,16,2,67,3,10,1,1,7,6,1,8,2,5,,44,44,1,22,9,121.528179,25.0938117
111,1,9,17,21,2,08士林區,士林區中山北路5段與福林路口,0,0,3,2,C03,7,3,5,50,4,2,1,5,4,5,7,2,1,1,4,1,2,16,1,67,2,9,1,1,7,9,1,10,2,14,,44,44,1,22,9,121.528179,25.0938117
111,1,9,17,21,2,08士林區,士林區中山北路5段與福林路口,0,0,3,3,C03,7,3,5,50,4,2,1,5,4,5,7,2,1,1,4,1,2,16,2,33,2,9,1,1,7,9,1,10,2,14,,44,44,1,22,9,121.528179,25.0938117
111,1,9,17,21,2,08士林區,士林區中山北路5段與福林路口,0,0,3,4,H02,7,3,5,50,4,2,1,5,4,5,7,2,1,1,4,1,2,16,2,26,2,9,4,5,7,21,8,20,10,15,,67,44,1,22,9,121.528179,25.0938117
111,1,9,17,37,2,02萬華區,萬華區長順街與堤外便道口水門口,0,0,2,1,C03,7,3,5,40,4,1,1,5,4,5,7,2,1,9,4,5,2,17,1,41,2,9,1,1,7,5,1,10,2,12,,6,6,1,22,9,121.4885028,25.03261019
111,1,9,17,37,2,02萬華區,萬華區長順街與堤外便道口水門口,0,0,2,2,C03,7,3,5,40,4,1,1,5,4,5,7,2,1,9,4,5,2,17,1,52,2,9,1,1,7,9,1,10,2,11,,44,6,1,22,9,121.4885028,25.03261019
111,1,9,17,55,2,10文山區,文山區木柵路5段風動聖石旁,0,0,1,1,B03,6,3,5,50,14,9,1,4,4,4,6,3,1,1,2,5,2,11,1,75,3,10,1,1,7,11,1,8,2,2,,10,10,1,22,9,121.5809831,25.00202821
111,1,9,17,55,2,10文山區,文山區木柵路5段風動聖石旁,0,0,1,2,C03,6,3,5,50,14,9,1,4,4,4,6,3,1,1,2,5,2,11,1,18,2,9,1,1,7,9,1,10,2,11,,14,10,1,22,9,121.5809831,25.00202821
111,1,9,17,59,2,10文山區,文山區興隆路3段與興隆路3段229巷口,0,0,1,1,B12,8,3,5,50,3,1,1,5,4,5,7,2,1,1,4,5,2,16,1,63,3,10,1,1,7,5,1,8,1,4,,6,6,1,22,9,121.5591904,24.99349304
111,1,9,17,59,2,10文山區,文山區興隆路3段與興隆路3段229巷口,0,0,1,2,C03,8,3,5,50,3,1,1,5,4,5,7,2,1,1,4,5,2,16,1,36,2,9,1,1,7,9,1,10,1,11,,13,6,1,22,9,121.5591904,24.99349304
111,1,9,18,10,2,08士林區,士林區至善路1段與福林路口口,0,0,1,1,B03,8,3,5,50,3,1,1,5,4,5,7,1,1,5,4,5,1,13,1,49,3,10,1,1,7,6,1,8,2,7,,9,9,1,22,9,121.5363894,25.09927838
111,1,9,18,10,2,08士林區,士林區至善路1段與福林路口口,0,0,1,2,C03,8,3,5,50,3,1,1,5,4,5,7,1,1,5,4,5,1,13,2,20,2,3,1,1,7,9,1,10,2,11,,16,9,1,22,9,121.5363894,25.09927838
111,1,9,18,20,2,11南港區,南港區南港路3段與南港路3段47巷口,0,0,1,1,B03,7,3,5,50,4,2,1,5,4,5,7,1,1,9,5,5,2,17,1,46,3,10,1,1,7,8,1,8,1,15,,7,7,1,22,9,121.5900194,25.053309
111,1,9,18,20,2,11南港區,南港區南港路3段與南港路3段47巷口,0,0,1,2,C03,7,3,5,50,4,2,1,5,4,5,7,1,1,9,5,5,2,17,1,24,2,9,1,1,7,9,1,10,1,14,,13,7,1,22,9,121.5900194,25.053309
111,1,9,18,28,2,03中山區,中山區敬業四路166-1號前,0,0,2,1,B02,7,3,5,40,14,7,1,5,4,5,7,4,4,9,4,4,2,16,1,48,3,10,3,4,7,11,7,19,1,4,,10,10,1,22,9,121.55855,25.08341806
111,1,9,18,28,2,03中山區,中山區敬業四路166-1號前,0,0,2,2,C03,7,3,5,40,14,7,1,5,4,5,7,4,4,9,4,4,2,16,1,19,2,9,3,4,7,9,1,10,1,12,,44,10,1,18,9,121.55855,25.08341806
111,1,9,18,28,2,03中山區,中山區敬業四路166-1號前,0,0,2,3,H02,7,3,5,40,14,7,1,5,4,5,7,4,4,9,4,4,2,16,1,18,2,8,4,5,7,20,8,20,10,16,,67,10,1,18,9,121.55855,25.08341806
111,1,9,18,30,2,03中山區,中山區南京西路23巷1-3號,0,0,1,1,C03,8,3,5,30,14,9,1,5,4,5,7,4,4,10,5,5,2,3,1,45,3,10,1,1,7,9,1,10,2,11,,23,23,1,22,9,121.5205842,25.05334715
111,1,9,18,30,2,03中山區,中山區南京西路23巷1-3號,0,0,1,2,H01,8,3,5,30,14,9,1,5,4,5,7,4,4,10,5,5,2,3,2,33,2,8,4,5,8,16,8,20,10,16,,67,23,1,22,9,121.5205842,25.05334715
111,1,9,18,33,2,07信義區,信義區忠孝東路5段372巷與忠孝東路5段236巷3弄口,0,0,1,1,B03,7,3,5,30,4,1,1,5,4,5,7,4,4,9,4,5,1,15,1,51,3,10,3,4,7,9,1,8,1,5,,6,6,1,22,9,121.574025,25.04036309
111,1,9,18,33,2,07信義區,信義區忠孝東路5段372巷與忠孝東路5段236巷3弄口,0,0,1,2,C03,7,3,5,30,4,1,1,5,4,5,7,4,4,9,4,5,1,15,2,34,2,8,3,4,7,9,1,10,1,14,,23,6,1,22,9,121.574025,25.04036309
111,1,9,18,43,2,02萬華區,萬華區西園路1段與西園路1段72巷口,0,0,2,1,C03,7,3,5,50,4,1,1,5,4,5,7,3,1,8,3,5,1,9,1,24,2,9,3,4,7,9,1,10,2,11,,15,15,1,22,9,121.4998584,25.03935433
111,1,9,18,43,2,02萬華區,萬華區西園路1段與西園路1段72巷口,0,0,2,2,H01,7,3,5,50,4,1,1,5,4,5,7,3,1,8,3,5,1,9,2,72,2,9,4,5,8,16,8,20,10,16,,67,15,1,22,9,121.4998584,25.03935433
111,1,9,19,5,2,03中山區,中山區市民大道2段與市民大道2段口往西迴轉道未過長安東路一段30巷,0,0,2,1,C03,7,3,5,40,15,9,1,5,4,5,7,4,4,1,4,5,2,17,1,18,2,9,1,1,7,5,3,18,1,12,,6,6,1,22,9,121.526599,25.04750542
111,1,9,19,5,2,03中山區,中山區市民大道2段與市民大道2段口往西迴轉道未過長安東路一段30巷,0,0,2,2,B02,7,3,5,40,15,9,1,5,4,5,7,4,4,1,4,5,2,17,2,50,3,10,3,4,7,9,1,8,1,4,,44,6,1,22,9,121.526599,25.04750542
111,1,9,19,5,2,03中山區,中山區市民大道2段與市民大道2段口往西迴轉道未過長安東路一段30巷,0,0,2,3,H02,7,3,5,40,15,9,1,5,4,5,7,4,4,1,4,5,2,17,2,18,2,9,1,5,7,20,8,20,10,16,,67,6,1,22,9,121.526599,25.04750542
111,1,9,19,12,2,10文山區,文山區辛亥路4段206號對面,0,0,1,1,B03,8,3,5,50,14,9,1,5,4,5,7,4,4,1,4,5,2,12,2,55,3,10,1,1,7,8,1,8,1,2,,43,43,1,22,9,121.555669,25.00248447