發生年度,發生月,發生日,發生時-Hours,發生分,處理別-編號,區序,肇事地點,死亡人數,2-30日死亡人數,受傷人數,當事人序號,車種,天候,光線,道路類別,速限-速度限制,道路型態,事故位置,路面狀況1,路面狀況2,路面狀況3,道路障礙1,道路障礙2,號誌1,號誌2,車道劃分-分向,車道劃分-分道1,車道劃分-分道2,車道劃分-分道3,事故類型及型態,性別,年齡,受傷程度,主要傷處,安全帽,行動電話,車輛用途,當事者行動狀態,駕駛資格情形,駕駛執照種類,飲酒情形,車輛撞擊部位1,車輛撞擊部位2,肇因碼-個別,肇因碼-主要,個人肇逃否,職業,旅次目的,座標-X,座標-Y
111,1,9,19,12,2,10文山區,文山區辛亥路4段206號對面,0,0,1,2,C03,8,3,5,50,14,9,1,5,4,5,7,4,4,1,4,5,2,12,1,23,3,10,1,1,7,9,1,10,1,14,,43,43,1,22,9,121.555669,25.00248447
111,1,9,19,12,2,10文山區,文山區辛亥路4段206號對面,0,0,1,3,H02,8,3,5,50,14,9,1,5,4,5,7,4,4,1,4,5,2,12,2,24,2,7,1,5,7,21,8,20,10,16,,67,43,1,22,9,121.555669,25.00248447
111,1,9,19,18,2,04大安區,大安區和平東路3段228巷45號,0,0,1,1,,7,3,5,50,14,9,1,5,4,5,7,4,4,10,4,5,2,17,4,,4,11,3,4,7,15,7,19,11,15,,43,43,2,22,9,121.5531252,25.02060841
111,1,9,19,18,2,04大安區,大安區和平東路3段228巷45號,0,0,1,2,C03,7,3,5,50,14,9,1,5,4,5,7,4,4,10,4,5,2,17,2,38,2,8,1,1,7,9,1,10,1,12,,43,43,1,22,9,121.5531252,25.02060841
111,1,9,21,27,2,01大同區,大同區延平北路2段與南京西路口,0,0,2,1,C03,8,3,5,50,4,1,1,5,4,5,7,2,1,5,5,5,2,16,1,25,2,9,1,1,7,5,1,10,2,11,,6,6,1,22,9,121.5117714,25.05389598
111,1,9,21,27,2,01大同區,大同區延平北路2段與南京西路口,0,0,2,2,C03,8,3,5,50,4,1,1,5,4,5,7,2,1,5,5,5,2,16,1,19,2,7,1,1,7,9,1,10,2,11,,44,6,1,22,9,121.5117714,25.05389598
111,1,9,23,9,2,08士林區,士林區延平北路8段延平河濱235燈桿,0,0,1,1,A12,7,3,5,30,14,9,1,5,4,5,7,4,4,10,5,5,2,17,1,40,3,10,1,1,7,5,1,7,1,15,,8,8,1,22,9,121.4840207,25.11206448
111,1,9,23,9,2,08士林區,士林區延平北路8段延平河濱235燈桿,0,0,1,2,C03,7,3,5,30,14,9,1,5,4,5,7,4,4,10,5,5,2,17,1,21,2,9,1,1,7,9,1,10,1,12,,13,8,1,22,9,121.4840207,25.11206448
111,1,9,23,25,2,12內湖區,內湖區五分街7號,0,0,1,1,B01,7,1,5,40,14,9,1,4,4,5,7,4,4,5,5,5,2,3,1,45,3,10,1,1,7,9,1,4,1,1,,23,23,1,22,9,121.6123027,25.06766892
111,1,9,23,25,2,12內湖區,內湖區五分街7號,0,0,1,2,H01,7,1,5,40,14,9,1,4,4,5,7,4,4,5,5,5,2,3,2,23,2,9,1,1,8,18,8,20,1,16,,51,23,1,22,9,121.6123027,25.06766892
111,1,9,23,45,2,12內湖區,內湖區內湖路3段與內湖路3段18巷口口,0,0,1,1,B01,7,3,5,30,4,1,1,5,4,5,7,4,4,7,5,5,2,16,1,39,3,10,1,1,7,9,1,4,1,1,,6,6,1,22,9,121.5927502,25.08459724
111,1,9,23,45,2,12內湖區,內湖區內湖路3段與內湖路3段18巷口口,0,0,1,2,C03,7,3,5,30,4,1,1,5,4,5,7,4,4,7,5,5,2,16,1,28,2,9,1,1,7,9,1,10,1,12,,44,6,1,22,9,121.5927502,25.08459724
111,1,9,23,45,2,12內湖區,內湖區內湖路3段與內湖路3段18巷口口,0,0,1,3,B03,7,3,5,30,4,1,1,5,4,5,7,4,4,7,5,5,2,16,1,33,3,10,1,1,7,15,1,8,1,1,,38,6,1,22,9,121.5927502,25.08459724
111,1,9,23,49,2,07信義區,信義區基隆路1段190巷與基隆路1段口,0,0,1,1,B12,8,3,5,40,3,1,1,5,4,5,7,4,4,1,4,5,1,16,1,64,3,10,1,1,7,6,1,7,1,7,,43,43,1,22,9,121.5647773,25.04185225
111,1,9,23,49,2,07信義區,信義區基隆路1段190巷與基隆路1段口,0,0,1,2,C03,8,3,5,40,3,1,1,5,4,5,7,4,4,1,4,5,1,16,1,17,2,9,1,1,7,9,2,18,1,11,,43,43,1,22,9,121.5647773,25.04185225
111,1,10,0,24,2,11南港區,南港區忠孝東路6段與昆陽街157巷口,0,0,2,1,C03,6,3,5,50,5,4,1,4,4,5,7,2,1,1,3,5,2,13,1,26,2,9,3,4,7,9,1,10,2,11,,23,23,1,22,9,121.5956419,25.05064028
111,1,10,0,24,2,11南港區,南港區忠孝東路6段與昆陽街157巷口,0,0,2,2,C03,6,3,5,50,5,4,1,4,4,5,7,2,1,1,3,5,2,13,1,21,2,9,3,4,7,14,1,10,2,13,,44,23,1,22,9,121.5956419,25.05064028
111,1,10,0,45,2,04大安區,大安區瑞安街208巷11弄2號,0,0,1,1,C04,7,3,5,30,15,9,1,5,4,5,7,4,4,6,3,5,2,12,1,22,2,9,1,1,7,9,1,8,1,12,,42,42,1,22,9,121.540787,25.0287426
111,1,10,0,45,2,04大安區,大安區瑞安街208巷11弄2號,0,0,1,2,C03,7,3,5,30,15,9,1,5,4,5,7,4,4,6,3,5,2,12,1,28,3,10,1,1,7,14,1,10,1,12,,44,42,1,22,9,121.540787,25.0287426
111,1,10,0,45,2,04大安區,大安區瑞安街208巷11弄2號,0,0,1,3,C03,7,3,5,30,15,9,1,5,4,5,7,4,4,6,3,5,2,12,1,25,3,10,1,1,7,14,1,10,1,12,,44,42,1,22,9,121.540787,25.0287426
111,1,10,3,5,2,03中山區,中山區林森北路與德惠街口,0,0,1,1,B01,7,3,5,50,4,1,1,5,4,5,7,2,1,10,5,5,2,17,1,40,3,10,3,4,7,5,1,4,1,15,,8,8,1,22,9,121.5257193,25.0667108
111,1,10,3,5,2,03中山區,中山區林森北路與德惠街口,0,0,1,2,C03,7,3,5,50,4,1,1,5,4,5,7,2,1,10,5,5,2,17,1,22,2,8,1,1,7,9,1,10,1,12,,43,8,1,22,9,121.5257193,25.0667108
111,1,10,7,14,2,04大安區,大安區通化街171巷與基隆路2段口,0,0,1,1,B03,7,1,5,50,4,2,1,4,4,5,7,1,1,4,3,5,1,17,2,57,3,10,1,1,7,14,1,8,1,15,,6,6,1,22,9,121.5558868,25.02750014
111,1,10,7,14,2,04大安區,大安區通化街171巷與基隆路2段口,0,0,1,2,C03,7,1,5,50,4,2,1,4,4,5,7,1,1,4,3,5,1,17,1,27,2,9,1,1,7,9,1,10,1,15,,44,6,1,22,9,121.5558868,25.02750014
111,1,10,7,55,2,02萬華區,萬華區和平西路3段與桂林路246巷口,0,0,1,1,B01,8,1,5,40,3,2,1,5,4,5,7,3,1,1,5,5,2,17,1,60,3,10,3,4,7,9,1,4,11,15,,26,26,2,22,9,121.4909908,25.03575075
111,1,10,7,55,2,02萬華區,萬華區和平西路3段與桂林路246巷口,0,0,1,2,C03,8,1,5,40,3,2,1,5,4,5,7,3,1,1,5,5,2,17,1,37,2,9,1,1,7,9,1,10,1,12,,13,26,1,22,9,121.4909908,25.03575075
111,1,10,8,1,2,03中山區,中山區自強隧道與自強隧道口圓環往大直,0,0,1,1,B12,7,1,5,50,16,9,1,5,4,5,7,1,2,10,4,5,2,16,1,62,3,10,1,1,7,8,1,8,1,5,,23,23,1,22,9,121.5494938,25.08553575
111,1,10,8,1,2,03中山區,中山區自強隧道與自強隧道口圓環往大直,0,0,1,2,C03,7,1,5,50,16,9,1,5,4,5,7,1,2,10,4,5,2,16,2,26,2,9,1,1,7,7,1,10,1,14,,7,23,1,22,9,121.5494938,25.08553575
111,1,10,8,6,2,03中山區,中山區民族東路與松江路口,0,0,2,1,C03,7,1,5,50,4,1,1,5,4,5,7,1,1,3,4,5,2,17,1,19,2,9,1,1,7,5,1,10,1,11,,8,8,1,22,9,121.5334188,25.06761946
111,1,10,8,6,2,03中山區,中山區民族東路與松江路口,0,0,2,2,C03,7,1,5,50,4,1,1,5,4,5,7,1,1,3,4,5,2,17,1,56,2,9,1,1,7,9,1,10,1,14,,44,8,1,22,9,121.5334188,25.06761946
111,1,10,8,7,2,01大同區,大同區民權西路179號,0,0,2,1,C03,7,1,8,0,15,20,4,5,4,5,7,4,4,10,5,5,2,17,2,28,2,9,1,1,7,9,1,10,2,11,,42,42,1,22,9,121.5157783,25.06306259
111,1,10,8,7,2,01大同區,大同區民權西路179號,0,0,2,2,F01,7,1,8,0,15,20,4,5,4,5,7,4,4,10,5,5,2,17,2,43,2,9,1,1,7,9,8,20,2,16,,44,42,1,22,9,121.5157783,25.06306259
111,1,10,8,10,2,06松山區,松山區八德路2段與復興北路口,0,0,1,1,C03,7,1,5,50,4,1,1,5,4,5,7,1,1,1,5,5,2,17,1,25,2,9,3,4,7,9,1,10,2,14,,25,25,1,22,9,121.544063,25.04762609
111,1,10,8,10,2,06松山區,松山區八德路2段與復興北路口,0,0,1,2,B03,7,1,5,50,4,1,1,5,4,5,7,1,1,1,5,5,2,17,1,37,3,10,3,4,7,5,1,8,2,1,,44,25,1,22,9,121.544063,25.04762609
111,1,10,8,10,2,06松山區,松山區八德路2段與復興北路口,0,0,1,3,C03,7,1,5,50,4,1,1,5,4,5,7,1,1,1,5,5,2,17,2,47,3,10,3,4,7,13,1,10,9,12,,44,25,1,22,9,121.544063,25.04762609
111,1,10,8,10,2,06松山區,松山區八德路2段與復興北路口,0,0,1,5,C03,7,1,5,50,4,1,1,5,4,5,7,1,1,1,5,5,2,17,1,33,3,10,3,4,7,13,1,10,9,12,,44,25,1,22,9,121.544063,25.04762609
111,1,10,8,10,2,06松山區,松山區八德路2段與復興北路口,0,0,1,4,F01,7,1,5,50,4,1,1,5,4,5,7,1,1,1,5,5,2,17,3,,,,,,,,,,,,,67,25,1,,,121.544063,25.04762609
111,1,10,8,10,2,06松山區,松山區八德路2段與復興北路口,0,0,1,6,C03,7,1,5,50,4,1,1,5,4,5,7,1,1,1,5,5,2,17,3,,,,,,,,,,,,,67,25,1,,,121.544063,25.04762609
111,1,10,8,10,2,06松山區,松山區八德路2段與復興北路口,0,0,1,7,C03,7,1,5,50,4,1,1,5,4,5,7,1,1,1,5,5,2,17,1,51,3,10,3,4,7,13,1,10,9,12,,44,25,1,22,9,121.544063,25.04762609
111,1,10,8,10,2,06松山區,松山區八德路2段與復興北路口,0,0,1,8,C03,7,1,5,50,4,1,1,5,4,5,7,1,1,1,5,5,2,17,1,28,3,10,3,4,7,13,1,10,9,12,,44,25,1,22,9,121.544063,25.04762609
111,1,10,8,10,2,06松山區,松山區八德路2段與復興北路口,0,0,1,9,C03,7,1,5,50,4,1,1,5,4,5,7,1,1,1,5,5,2,17,1,41,3,10,3,4,7,13,1,10,9,12,,44,25,1,22,9,121.544063,25.04762609
111,1,10,8,10,2,06松山區,松山區八德路2段與復興北路口,0,0,1,10,C03,7,1,5,50,4,1,1,5,4,5,7,1,1,1,5,5,2,17,3,,,,,,,,,,,,,67,25,1,,,121.544063,25.04762609
111,1,10,8,15,2,08士林區,士林區德行西路33號,0,0,2,1,C03,7,1,5,50,14,9,1,5,4,5,7,4,4,4,3,5,1,13,2,25,2,9,1,1,7,9,1,10,1,11,,23,23,1,22,9,121.5236746,25.10588963
111,1,10,8,15,2,08士林區,士林區德行西路33號,0,0,2,2,C03,7,1,5,50,14,9,1,5,4,5,7,4,4,4,3,5,1,13,1,32,2,8,1,1,7,12,1,10,1,13,,44,23,1,22,9,121.5236746,25.10588963
111,1,10,8,15,2,08士林區,士林區德行西路33號,0,0,2,3,C03,7,1,5,50,14,9,1,5,4,5,7,4,4,4,3,5,1,13,1,54,3,10,1,1,7,11,1,10,1,15,,10,23,1,22,9,121.5236746,25.10588963
111,1,10,8,33,2,07信義區,信義區市民大道5段與東興路口51號旁,0,0,1,1,B03,7,1,5,0,3,1,1,5,4,5,7,4,4,1,4,5,2,16,1,36,3,10,1,1,7,9,1,8,1,5,,23,23,1,22,9,121.5667116,25.04843712
111,1,10,8,33,2,07信義區,信義區市民大道5段與東興路口51號旁,0,0,1,2,C03,7,1,5,0,3,1,1,5,4,5,7,4,4,1,4,5,2,16,2,26,2,8,1,1,7,9,1,10,1,14,,42,23,1,22,9,121.5667116,25.04843712
111,1,10,9,20,2,04大安區,大安區信義路4段與敦化南路1段口,0,0,1,1,B03,8,1,5,50,5,2,1,5,4,5,7,4,4,1,5,5,2,3,1,63,3,10,1,1,7,5,1,4,9,4,,15,15,1,22,9,121.5490266,25.03335931
111,1,10,9,20,2,04大安區,大安區信義路4段與敦化南路1段口,0,0,1,2,H01,8,1,5,50,5,2,1,5,4,5,7,4,4,1,5,5,2,3,2,41,2,9,4,5,8,16,8,20,10,16,,67,15,1,22,9,121.5490266,25.03335931
111,1,10,9,20,2,12內湖區,內湖區堤頂大道1段與民權東路6段口,0,0,2,1,B03,8,1,5,70,4,2,1,5,4,5,7,1,1,1,4,5,2,13,1,45,3,10,1,1,7,9,1,8,1,1,,23,23,1,22,9,121.5723533,25.06543239
111,1,10,9,20,2,12內湖區,內湖區堤頂大道1段與民權東路6段口,0,0,2,2,B03,8,1,5,70,4,2,1,5,4,5,7,1,1,1,4,5,2,13,1,45,2,2,1,1,7,14,1,8,1,3,,44,23,1,22,9,121.5723533,25.06543239
111,1,10,9,20,2,12內湖區,內湖區堤頂大道1段與民權東路6段口,0,0,2,3,B03,8,1,5,70,4,2,1,5,4,5,7,1,1,1,4,5,2,13,1,29,3,10,1,1,7,14,4,10,1,3,,44,23,1,22,9,121.5723533,25.06543239
111,1,10,9,20,2,12內湖區,內湖區堤頂大道1段與民權東路6段口,0,0,2,4,H02,8,1,5,70,4,2,1,5,4,5,7,1,1,1,4,5,2,13,2,45,2,5,1,5,7,20,8,20,10,16,,67,23,1,22,9,121.5723533,25.06543239
111,1,10,9,33,2,05中正區,中正區和平西路1段64號,0,0,1,1,C03,8,1,5,40,14,8,1,5,4,5,7,1,1,1,4,4,2,12,1,23,2,9,1,1,7,9,1,10,1,14,,43,43,1,22,9,121.5192965,25.0263021
111,1,10,9,33,2,05中正區,中正區和平西路1段64號,0,0,1,2,C03,8,1,5,40,14,8,1,5,4,5,7,1,1,1,4,4,2,12,1,33,3,10,1,1,7,13,1,10,1,14,,43,43,1,22,9,121.5192965,25.0263021
111,1,10,9,37,2,09北投區,北投區承德路6段333號,0,0,1,1,B01,8,1,5,60,14,12,1,5,4,5,7,4,4,1,4,5,2,17,1,33,3,10,1,1,7,8,1,4,11,15,,7,7,2,10,9,121.5121464,25.10245571
111,1,10,9,37,2,09北投區,北投區承德路6段333號,0,0,1,2,C03,8,1,5,60,14,12,1,5,4,5,7,4,4,1,4,5,2,17,1,24,2,9,1,1,7,9,1,10,2,14,,44,7,1,22,9,121.5121464,25.10245571
111,1,10,9,38,2,03中山區,中山區北安路與北安路670巷口,0,0,1,1,B03,8,1,5,50,14,18,1,5,4,5,7,2,1,5,5,5,2,3,1,49,3,10,1,1,7,6,6,18,9,1,,15,15,1,22,9,121.5493802,25.08417694
111,1,10,9,38,2,03中山區,中山區北安路與北安路670巷口,0,0,1,2,H01,8,1,5,50,14,18,1,5,4,5,7,2,1,5,5,5,2,3,2,21,2,8,4,5,8,16,8,20,10,16,,67,15,1,22,9,121.5493802,25.08417694
111,1,10,10,15,2,12內湖區,內湖區成功路2段323巷與成功路2段口,0,0,2,1,C03,7,1,5,50,3,1,1,5,4,5,7,1,1,3,4,5,2,16,1,37,2,8,1,1,7,9,1,10,1,11,,25,25,1,22,9,121.5901637,25.07041746
111,1,10,10,15,2,12內湖區,內湖區成功路2段323巷與成功路2段口,0,0,2,2,C03,7,1,5,50,3,1,1,5,4,5,7,1,1,3,4,5,2,16,1,26,2,9,1,1,7,15,1,10,1,14,,44,25,1,22,9,121.5901637,25.07041746
111,1,10,10,18,2,02萬華區,萬華區西寧南路46號,0,0,2,1,B01,7,1,5,50,14,9,1,5,4,5,7,4,4,10,4,5,2,12,1,65,3,10,1,1,7,8,1,4,2,6,,7,7,1,22,9,121.506433,25.04456168
111,1,10,10,18,2,02萬華區,萬華區西寧南路46號,0,0,2,2,C03,7,1,5,50,14,9,1,5,4,5,7,4,4,10,4,5,2,12,1,71,2,7,1,1,7,9,1,10,2,14,,44,7,1,22,9,121.506433,25.04456168
111,1,10,10,18,2,02萬華區,萬華區西寧南路46號,0,0,2,3,H02,7,1,5,50,14,9,1,5,4,5,7,4,4,10,4,5,2,12,2,66,2,9,4,1,7,20,8,20,10,16,,67,7,1,22,9,121.506433,25.04456168
111,1,10,10,21,2,06松山區,松山區健康路335號,0,0,1,1,B03,7,1,5,50,14,9,1,5,4,5,7,4,4,1,5,5,2,12,1,57,3,10,3,4,7,13,1,8,2,4,,40,40,1,22,9,121.5678632,25.05445088
111,1,10,10,21,2,06松山區,松山區健康路335號,0,0,1,2,C03,7,1,5,50,14,9,1,5,4,5,7,4,4,1,5,5,2,12,1,21,2,9,3,4,7,9,1,10,2,11,,44,40,1,22,9,121.5678632,25.05445088
111,1,10,10,21,2,06松山區,松山區健康路335號,0,0,1,3,B02,7,1,5,50,14,9,1,5,4,5,7,4,4,1,5,5,2,12,1,29,3,10,3,4,7,14,1,8,2,6,,44,40,1,22,9,121.5678632,25.05445088
111,1,10,10,45,2,01大同區,大同區鄭州路與環河北路1段口,0,0,1,1,B03,8,1,5,40,4,1,1,5,4,5,7,1,1,5,4,5,2,17,2,57,3,10,3,4,7,6,1,8,2,5,,25,25,1,22,9,121.5069925,25.05094894
111,1,10,10,45,2,01大同區,大同區鄭州路與環河北路1段口,0,0,1,2,C03,8,1,5,40,4,1,1,5,4,5,7,1,1,5,4,5,2,17,1,29,2,9,3,4,7,9,1,10,2,11,,13,25,1,22,9,121.5069925,25.05094894
111,1,10,10,47,2,08士林區,士林區德行東路與德行東路379巷口,0,0,3,1,C03,8,1,5,30,3,1,1,5,4,5,7,4,4,10,5,5,2,16,1,26,2,7,1,1,7,11,1,10,1,14,,43,43,1,22,9,121.5393288,25.11055337
111,1,10,10,47,2,08士林區,士林區德行東路與德行東路379巷口,0,0,3,2,C03,8,1,5,30,3,1,1,5,4,5,7,4,4,10,5,5,2,16,1,22,2,7,1,1,7,9,1,10,1,11,,44,43,1,22,9,121.5393288,25.11055337
111,1,10,10,47,2,08士林區,士林區德行東路與德行東路379巷口,0,0,3,3,H02,8,1,5,30,3,1,1,5,4,5,7,4,4,10,5,5,2,16,2,22,2,9,1,5,7,21,8,20,10,16,,67,43,1,22,9,121.5393288,25.11055337
111,1,10,11,10,2,04大安區,大安區金華街與杭州南路2段口,0,0,1,1,B02,8,1,5,50,4,2,1,5,4,5,7,2,1,8,3,5,1,12,1,35,3,10,1,1,7,1,1,8,1,5,,23,23,1,5,3,121.5222896,25.0308849
111,1,10,11,10,2,04大安區,大安區金華街與杭州南路2段口,0,0,1,2,C03,8,1,5,50,4,2,1,5,4,5,7,2,1,8,3,5,1,12,1,59,2,7,1,1,7,1,1,10,1,13,,19,23,1,5,3,121.5222896,25.0308849
111,1,10,11,22,2,04大安區,大安區基隆路4段與羅斯福路4段113巷口,0,0,2,1,B03,8,1,5,50,5,1,1,5,4,5,7,2,1,10,5,5,2,12,2,28,3,10,3,4,7,5,1,8,1,8,,8,8,1,22,9,121.5375027,25.0112799
111,1,10,11,22,2,04大安區,大安區基隆路4段與羅斯福路4段113巷口,0,0,2,2,C03,8,1,5,50,5,1,1,5,4,5,7,2,1,10,5,5,2,12,1,31,2,9,1,4,7,9,1,10,1,12,,13,8,1,22,9,121.5375027,25.0112799
111,1,10,11,22,2,04大安區,大安區基隆路4段與羅斯福路4段113巷口,0,0,2,3,H02,8,1,5,50,5,1,1,5,4,5,7,2,1,10,5,5,2,12,2,28,2,9,1,5,7,20,8,20,10,16,,67,8,1,22,9,121.5375027,25.0112799
111,1,10,11,26,2,10文山區,文山區木新路2段與木新路2段211巷口口,0,0,1,1,B03,8,1,5,50,3,1,1,5,4,5,7,4,4,4,3,5,1,12,1,25,3,10,3,4,7,5,1,8,1,4,,8,8,1,22,9,121.5678427,24.98363107
111,1,10,11,26,2,10文山區,文山區木新路2段與木新路2段211巷口口,0,0,1,2,C03,8,1,5,50,3,1,1,5,4,5,7,4,4,4,3,5,1,12,2,50,2,8,1,4,7,9,1,10,1,12,,23,8,1,22,9,121.5678427,24.98363107
111,1,10,11,30,2,03中山區,中山區中山北路2段11巷與南京東路1段1巷口,0,0,2,1,C01,7,1,5,30,4,1,1,5,4,5,7,4,4,10,5,5,2,16,1,65,2,9,3,4,7,9,1,9,1,12,,6,6,1,22,9,121.5230713,25.05277023
111,1,10,11,30,2,03中山區,中山區中山北路2段11巷與南京東路1段1巷口,0,0,2,2,C03,7,1,5,30,4,1,1,5,4,5,7,4,4,10,5,5,2,16,1,50,2,5,3,4,7,9,1,10,1,11,,14,6,1,22,9,121.5230713,25.05277023
111,1,10,11,53,2,09北投區,北投區中和街244號對面,0,0,1,1,C03,8,1,5,50,14,9,1,5,2,5,7,4,4,5,5,5,2,18,1,21,2,9,1,1,7,9,1,10,1,12,,42,42,1,22,9,121.5011837,25.13958134
111,1,10,11,53,2,09北投區,北投區中和街244號對面,0,0,1,2,,8,1,5,50,14,9,1,5,2,5,7,4,4,5,5,5,2,18,3,,,,,,,,,,,,,61,42,1,,,121.5011837,25.13958134
111,1,10,11,53,2,09北投區,北投區中和街244號對面,0,0,1,3,,8,1,5,50,14,9,1,5,2,5,7,4,4,5,5,5,2,18,3,,,,,,,,,,,,,67,42,1,,,121.5011837,25.13958134
111,1,10,12,0,2,07信義區,信義區莊敬路與吳興街345巷口,0,0,1,1,B01,8,1,5,40,3,1,1,5,4,5,7,2,1,8,3,4,1,16,1,60,3,10,1,1,7,1,1,3,1,7,,19,19,1,22,9,121.566314,25.02727863
111,1,10,12,0,2,07信義區,信義區莊敬路與吳興街345巷口,0,0,1,2,C03,8,1,5,40,3,1,1,5,4,5,7,2,1,8,3,4,1,16,2,23,2,9,1,1,7,9,1,10,1,11,,44,19,1,22,9,121.566314,25.02727863
111,1,10,12,25,2,12內湖區,內湖區安康路32巷與安康路32巷24弄口,0,0,1,1,C03,7,1,5,50,4,1,1,5,4,5,7,4,4,9,5,5,2,15,2,39,2,9,1,1,7,9,1,10,1,12,,6,6,1,22,9,121.5949617,25.06192847
111,1,10,12,25,2,12內湖區,內湖區安康路32巷與安康路32巷24弄口,0,0,1,2,B12,7,1,5,50,4,1,1,5,4,5,7,4,4,9,5,5,2,15,1,55,3,10,1,1,7,9,1,6,1,8,,6,6,1,22,9,121.5949617,25.06192847
111,1,10,12,46,2,04大安區,(金山南路2段33號前),0,0,1,1,C03,8,1,5,50,14,9,1,5,4,5,7,2,1,8,3,5,1,12,1,41,3,10,1,1,7,15,1,10,1,13,,27,27,1,5,3,121.5271659,25.03288165
111,1,10,12,46,2,04大安區,(金山南路2段33號前),0,0,1,2,C03,8,1,5,50,14,9,1,5,4,5,7,2,1,8,3,5,1,12,2,32,2,9,1,1,7,9,1,10,1,11,,16,27,1,5,1,121.5271659,25.03288165
111,1,10,12,50,2,08士林區,士林區中山北路7段140巷與中山北路7段口,0,0,1,1,C03,8,1,5,50,4,2,1,5,4,5,7,1,1,10,4,3,1,16,1,43,2,9,3,4,7,9,1,10,2,12,,25,25,1,22,9,121.5321733,25.1230362
111,1,10,12,50,2,08士林區,士林區中山北路7段140巷與中山北路7段口,0,0,1,2,B03,8,1,5,50,4,2,1,5,4,5,7,1,1,10,4,3,1,16,1,45,3,10,3,4,7,9,1,8,2,1,,44,25,1,22,9,121.5321733,25.1230362
111,1,10,12,59,2,08士林區,士林區福林路與福林路254巷口,0,0,1,1,B03,8,1,5,50,4,1,1,5,4,5,7,1,1,5,4,5,2,16,2,55,3,10,1,1,7,5,1,8,1,6,,6,6,1,22,9,121.534521,25.0979162
111,1,10,12,59,2,08士林區,士林區福林路與福林路254巷口,0,0,1,2,C03,8,1,5,50,4,1,1,5,4,5,7,1,1,5,4,5,2,16,1,18,2,9,1,1,7,9,1,10,1,11,,23,6,1,22,9,121.534521,25.0979162
111,1,10,13,28,2,07信義區,信義區林口街與松山路515巷口,0,0,1,1,B02,8,1,5,40,4,2,1,5,4,5,7,4,4,4,3,5,1,16,1,47,3,10,1,1,7,9,1,7,2,8,,14,14,1,22,9,121.5792783,25.0388046
111,1,10,13,28,2,07信義區,信義區林口街與松山路515巷口,0,0,1,2,C03,8,1,5,40,4,2,1,5,4,5,7,4,4,4,3,5,1,16,1,70,2,9,1,1,7,5,1,10,2,12,,6,14,1,22,9,121.5792783,25.0388046
111,1,10,14,28,2,05中正區,中正區金門街12號,0,0,1,1,B12,8,1,5,30,14,9,1,5,4,5,7,4,4,10,5,5,2,9,4,,4,11,3,4,7,15,7,19,11,15,,43,43,2,22,9,121.5237081,25.02213282
111,1,10,14,28,2,05中正區,中正區金門街12號,0,0,1,2,H01,8,1,5,30,14,9,1,5,4,5,7,4,4,10,5,5,2,9,1,38,2,3,4,5,8,17,8,20,10,16,,67,43,1,22,9,121.5237081,25.02213282
111,1,10,14,51,2,08士林區,士林區延平北路7段176巷190號,0,0,1,1,B12,8,1,5,30,14,9,1,5,4,5,7,4,4,10,5,5,1,17,1,40,3,10,1,1,7,1,1,8,1,8,,19,19,1,22,9,121.4929475,25.10400669
111,1,10,14,51,2,08士林區,士林區延平北路7段176巷190號,0,0,1,2,C03,8,1,5,30,14,9,1,5,4,5,7,4,4,10,5,5,1,17,1,55,2,9,1,1,7,9,3,18,1,11,,44,19,1,22,9,121.4929475,25.10400669
111,1,10,14,55,2,04大安區,大安區忠孝東路4段300號,0,0,1,1,C03,8,1,5,0,14,9,1,5,4,5,7,4,4,1,4,5,2,13,1,57,2,9,1,1,7,15,1,10,1,11,,23,23,1,22,9,121.5559821,25.04136407
111,1,10,14,55,2,04大安區,大安區忠孝東路4段300號,0,0,1,2,B02,8,1,5,0,14,9,1,5,4,5,7,4,4,1,4,5,2,13,1,45,3,10,1,1,7,14,1,8,1,7,,44,23,1,22,9,121.5559821,25.04136407
111,1,10,15,0,2,06松山區,松山區光復南路46巷與光復南路32巷16弄口,0,0,1,1,C02,7,1,5,30,4,1,1,5,4,5,7,4,4,10,5,5,2,15,1,21,2,9,1,1,7,9,1,9,1,11,,6,6,1,22,9,121.5565264,25.04602142
111,1,10,15,0,2,06松山區,松山區光復南路46巷與光復南路32巷16弄口,0,0,1,2,B03,7,1,5,30,4,1,1,5,4,5,7,4,4,10,5,5,2,15,1,52,3,10,1,1,7,9,1,8,1,2,,14,6,1,22,9,121.5565264,25.04602142
111,1,10,15,0,2,12內湖區,內湖區成功路2段與安康路口,0,0,1,1,B01,7,1,5,50,4,1,1,5,4,5,7,1,1,3,4,5,2,16,1,54,3,10,1,1,7,5,1,4,2,2,,6,6,1,22,9,121.591273,25.0606113
111,1,10,15,0,2,12內湖區,內湖區成功路2段與安康路口,0,0,1,2,C01,7,1,5,50,4,1,1,5,4,5,7,1,1,3,4,5,2,16,1,31,2,9,1,1,7,9,1,9,2,11,,44,6,1,22,9,121.591273,25.0606113
111,1,10,15,3,2,11南港區,南港區福德街309巷20弄23號與福德街309巷口,0,0,2,1,B01,7,1,5,30,3,1,1,5,4,5,7,4,4,10,5,5,2,16,1,53,3,10,1,1,7,1,1,4,1,1,,44,44,1,22,9,121.5886118,25.03833468