發生年度,發生月,發生日,發生時-Hours,發生分,處理別-編號,區序,肇事地點,死亡人數,2-30日死亡人數,受傷人數,當事人序號,車種,天候,光線,道路類別,速限-速度限制,道路型態,事故位置,路面狀況1,路面狀況2,路面狀況3,道路障礙1,道路障礙2,號誌1,號誌2,車道劃分-分向,車道劃分-分道1,車道劃分-分道2,車道劃分-分道3,事故類型及型態,性別,年齡,受傷程度,主要傷處,安全帽,行動電話,車輛用途,當事者行動狀態,駕駛資格情形,駕駛執照種類,飲酒情形,車輛撞擊部位1,車輛撞擊部位2,肇因碼-個別,肇因碼-主要,個人肇逃否,職業,旅次目的,座標-X,座標-Y
111,1,10,15,3,2,11南港區,南港區福德街309巷20弄23號與福德街309巷口,0,0,2,2,C03,7,1,5,30,3,1,1,5,4,5,7,4,4,10,5,5,2,16,1,58,2,8,1,1,7,5,1,10,1,12,,44,44,1,22,9,121.5886118,25.03833468
111,1,10,15,3,2,11南港區,南港區福德街309巷20弄23號與福德街309巷口,0,0,2,3,H02,7,1,5,30,3,1,1,5,4,5,7,4,4,10,5,5,2,16,2,51,2,9,1,1,7,21,8,20,10,16,,67,44,1,22,9,121.5886118,25.03833468
111,1,10,15,30,2,12內湖區,內湖區金龍路100號,0,0,2,1,C03,8,1,5,50,14,9,1,5,4,5,7,3,1,1,4,5,2,16,1,77,2,7,1,1,7,11,1,10,1,11,,6,6,1,22,9,121.5911697,25.08544748
111,1,10,15,30,2,12內湖區,內湖區金龍路100號,0,0,2,2,C03,8,1,5,50,14,9,1,5,4,5,7,3,1,1,4,5,2,16,1,25,2,8,1,1,7,9,1,10,1,12,,44,6,1,22,9,121.5911697,25.08544748
111,1,10,15,55,2,08士林區,士林區華岡路21號,0,0,1,1,C03,7,1,5,30,14,9,1,5,4,5,7,4,4,10,5,5,1,12,1,19,3,10,1,1,7,1,1,10,1,11,,19,19,1,22,9,121.5430032,25.13813247
111,1,10,15,55,2,08士林區,士林區華岡路21號,0,0,1,2,C03,7,1,5,30,14,9,1,5,4,5,7,4,4,10,5,5,1,12,1,22,2,9,1,1,7,9,1,10,1,13,,13,19,1,22,9,121.5430032,25.13813247
111,1,10,15,55,2,08士林區,士林區華岡路21號,0,0,1,3,C03,7,1,5,30,14,9,1,5,4,5,7,4,4,10,5,5,1,12,1,20,3,10,1,1,7,14,1,10,1,13,,5,19,1,22,9,121.5430032,25.13813247
111,1,10,16,0,2,12內湖區,內湖區民善街與新湖三路口口,0,0,2,1,B03,8,1,5,50,4,1,1,5,4,5,7,2,1,5,5,5,2,16,1,45,3,10,1,1,7,6,1,8,1,2,,9,9,1,22,9,121.5748592,25.0626118
111,1,10,16,0,2,12內湖區,內湖區民善街與新湖三路口口,0,0,2,2,C03,8,1,5,50,4,1,1,5,4,5,7,2,1,5,5,5,2,16,2,44,2,8,1,1,7,9,1,10,1,14,,2,9,1,22,9,121.5748592,25.0626118
111,1,10,16,0,2,12內湖區,內湖區民善街與新湖三路口口,0,0,2,3,H02,8,1,5,50,4,1,1,5,4,5,7,2,1,5,5,5,2,16,1,6,2,8,1,5,7,20,8,20,10,16,,67,9,1,22,9,121.5748592,25.0626118
111,1,10,16,11,2,02萬華區,萬華區艋舺大道279號對面車道,0,0,1,2,B03,8,1,5,50,14,9,1,5,4,5,7,4,4,1,3,5,1,12,1,54,3,10,1,1,7,10,1,8,2,7,,7,21,1,22,9,121.4974751,25.03310744
111,1,10,16,11,2,02萬華區,萬華區艋舺大道279號對面車道,0,0,1,1,B01,8,1,5,50,14,9,1,5,4,5,7,4,4,1,3,5,1,12,1,59,2,9,1,1,7,9,1,4,7,5,,21,21,1,22,9,121.4974751,25.03310744
111,1,10,16,19,2,12內湖區,內湖區麗山街360號,0,0,1,2,H01,7,1,5,30,14,9,1,5,4,5,7,4,4,10,5,5,1,3,2,63,2,8,4,1,8,16,8,20,1,16,,67,23,1,22,9,121.5727856,25.0819935
111,1,10,16,19,2,12內湖區,內湖區麗山街360號,0,0,1,1,B03,7,1,5,30,14,9,1,5,4,5,7,4,4,10,5,5,1,3,1,53,3,10,1,1,7,9,1,8,1,2,,23,23,1,22,9,121.5727856,25.0819935
111,1,10,16,21,2,09北投區,北投區石牌路2段201號,0,0,1,1,B03,7,1,5,50,14,9,1,5,4,5,7,2,1,10,5,5,1,11,1,18,3,10,1,1,7,5,1,8,1,5,,6,6,1,22,9,121.5200464,25.11867693
111,1,10,16,21,2,09北投區,北投區石牌路2段201號,0,0,1,2,C02,7,1,5,50,14,9,1,5,4,5,7,2,1,10,5,5,1,11,1,38,2,8,1,1,7,9,1,9,1,14,,44,6,1,22,9,121.5200464,25.11867693
111,1,10,17,15,2,08士林區,士林區中山北路5段300號對面,0,0,2,1,B03,8,1,5,50,14,8,1,5,4,5,7,4,4,4,4,1,2,17,1,60,3,10,1,1,7,8,1,8,2,2,,7,7,1,21,8,121.5273899,25.08895467
111,1,10,17,15,2,08士林區,士林區中山北路5段300號對面,0,0,2,2,C03,8,1,5,50,14,8,1,5,4,5,7,4,4,4,4,1,2,17,1,19,2,9,1,1,7,9,1,10,2,11,,44,7,1,21,8,121.5273899,25.08895467
111,1,10,17,15,2,08士林區,士林區中山北路5段300號對面,0,0,2,3,H02,8,1,5,50,14,8,1,5,4,5,7,4,4,4,4,1,2,17,2,18,2,9,1,1,7,20,8,20,10,16,,67,7,1,21,8,121.5273899,25.08895467
111,1,10,17,21,2,09北投區,北投區中和街457號,0,0,1,1,C03,8,1,5,50,14,9,1,5,4,5,7,4,4,4,1,5,2,18,2,24,2,9,1,1,7,9,1,10,1,12,,42,42,1,22,9,121.4966785,25.14471716
111,1,10,17,21,2,09北投區,北投區中和街457號,0,0,1,2,,8,1,5,50,14,9,1,5,4,5,7,4,4,4,1,5,2,18,3,,,,,,,,,,,,,67,42,1,,,121.4966785,25.14471716
111,1,10,17,25,2,05中正區,中正區羅斯福路1段與愛國東路口,0,0,1,1,C03,8,1,5,40,5,1,1,5,4,5,7,1,1,3,4,4,2,16,1,49,3,10,1,1,7,8,1,10,1,12,,7,7,1,22,9,121.5170573,25.03464352
111,1,10,17,25,2,05中正區,中正區羅斯福路1段與愛國東路口,0,0,1,2,C03,8,1,5,40,5,1,1,5,4,5,7,1,1,3,4,4,2,16,2,22,2,9,1,1,7,9,1,10,1,14,,44,7,1,22,9,121.5170573,25.03464352
111,1,10,17,35,2,01大同區,大同區重慶北路2段223號,0,0,1,2,C03,8,1,5,0,14,9,1,5,4,5,7,4,4,1,4,5,2,17,2,21,2,9,1,1,7,9,1,9,1,14,,13,7,1,22,9,121.5136947,25.06143093
111,1,10,17,35,2,01大同區,大同區重慶北路2段223號,0,0,1,1,A02,8,1,5,0,14,9,1,5,4,5,7,4,4,1,4,5,2,17,1,61,4,11,3,4,7,10,7,19,11,15,,7,7,2,22,9,121.5136947,25.06143093
111,1,10,17,37,2,03中山區,中山區中山北路3段與酒泉街口,0,0,2,1,C03,8,3,5,50,14,9,1,5,4,5,7,4,4,10,5,5,2,12,1,25,2,8,1,4,7,10,1,10,1,14,,7,7,1,22,9,121.5146115,25.0718747
111,1,10,17,37,2,03中山區,中山區中山北路3段與酒泉街口,0,0,2,2,C03,8,3,5,50,14,9,1,5,4,5,7,4,4,10,5,5,2,12,1,41,2,8,1,4,7,9,1,10,1,12,,23,7,1,22,9,121.5146115,25.0718747
111,1,10,17,50,2,02萬華區,萬華區武昌街2段與康定路口,0,0,2,1,C03,8,3,5,50,4,1,1,5,4,5,7,1,1,9,5,4,2,16,1,66,2,8,1,1,7,5,1,10,2,12,,6,6,1,22,9,121.5031104,25.04558915
111,1,10,17,50,2,02萬華區,萬華區武昌街2段與康定路口,0,0,2,2,C03,8,3,5,50,4,1,1,5,4,5,7,1,1,9,5,4,2,16,2,28,2,9,1,1,7,9,1,10,2,11,,44,6,1,22,9,121.5031104,25.04558915
111,1,10,18,14,2,01大同區,大同區延平北路3段與昌吉街口,0,0,1,1,C03,7,3,5,50,4,1,1,5,4,5,7,2,1,9,4,5,1,17,2,25,2,8,1,1,7,5,1,10,1,12,,6,6,1,22,9,121.5110262,25.0659334
111,1,10,18,14,2,01大同區,大同區延平北路3段與昌吉街口,0,0,1,2,C03,7,3,5,50,4,1,1,5,4,5,7,2,1,9,4,5,1,17,1,49,3,10,1,1,7,9,1,10,1,12,,44,6,1,22,9,121.5110262,25.0659334
111,1,10,18,20,2,01大同區,大同區民族西路103號,0,0,1,1,C03,7,2,5,50,14,9,1,5,4,5,7,4,4,5,4,5,2,16,1,58,4,11,3,4,7,8,7,19,11,15,,7,7,2,22,9,121.5174565,25.06852209
111,1,10,18,20,2,01大同區,大同區民族西路103號,0,0,1,2,C03,7,2,5,50,14,9,1,5,4,5,7,4,4,5,4,5,2,16,2,47,2,9,1,1,7,9,1,10,1,14,,44,7,1,22,9,121.5174565,25.06852209
111,1,10,18,30,2,04大安區,大安區龍泉街與泰順街50巷口,0,0,1,1,F01,7,3,5,30,4,1,1,5,4,5,7,4,4,10,5,5,2,15,1,43,3,10,3,4,7,9,8,20,11,16,,27,27,1,22,9,121.529327,25.0232047
111,1,10,18,30,2,04大安區,大安區龍泉街與泰順街50巷口,0,0,1,2,F01,7,3,5,30,4,1,1,5,4,5,7,4,4,10,5,5,2,15,2,68,2,9,3,4,7,9,8,20,11,16,,6,27,1,22,9,121.529327,25.0232047
111,1,10,18,40,2,05中正區,中正區重慶南路2段與南海路口,0,0,1,1,C03,8,3,5,30,4,1,1,5,4,5,7,1,1,10,4,5,2,17,2,48,3,10,1,1,7,8,1,10,1,13,,7,7,2,22,9,121.4946027,25.04151749
111,1,10,18,40,2,05中正區,中正區重慶南路2段與南海路口,0,0,1,2,C03,8,3,5,30,4,1,1,5,4,5,7,1,1,10,4,5,2,17,2,25,2,9,1,1,7,9,1,10,1,12,,14,7,1,22,9,121.4946027,25.04151749
111,1,10,19,11,2,09北投區,北投區石牌路2段與石牌路2段口322號,0,0,1,1,B03,8,3,5,50,4,1,1,5,4,5,7,3,1,5,4,5,2,16,2,36,3,10,1,1,7,5,1,8,2,5,,8,8,1,22,9,121.5226889,25.12001598
111,1,10,19,11,2,09北投區,北投區石牌路2段與石牌路2段口322號,0,0,1,2,C03,8,3,5,50,4,1,1,5,4,5,7,3,1,5,4,5,2,16,1,27,2,9,1,1,7,9,1,10,2,11,,14,8,1,22,9,121.5226889,25.12001598
111,1,10,20,30,2,12內湖區,內湖區安康路16號前,0,0,1,1,A02,7,3,5,50,14,9,1,5,4,5,7,4,4,10,4,5,2,16,1,45,3,10,1,1,7,6,1,2,1,2,,43,43,1,22,9,121.5919646,25.06100623
111,1,10,20,30,2,12內湖區,內湖區安康路16號前,0,0,1,2,C03,7,3,5,50,14,9,1,5,4,5,7,4,4,10,4,5,2,16,2,29,2,8,1,1,7,9,1,10,1,14,,43,43,1,22,9,121.5919646,25.06100623
111,1,10,20,41,2,03中山區,中山區明水路325號,0,0,1,1,B02,6,3,5,50,14,9,1,4,4,5,7,4,4,10,4,5,2,12,1,55,3,10,1,4,7,9,1,8,2,5,,43,43,1,22,9,121.5416754,25.0777814
111,1,10,20,41,2,03中山區,中山區明水路325號,0,0,1,2,C03,6,3,5,50,14,9,1,4,4,5,7,4,4,10,4,5,2,12,2,60,2,8,1,4,7,9,1,10,2,14,,43,43,1,22,9,121.5416754,25.0777814
111,1,10,20,44,2,03中山區,中山區中山北路2段81號,0,0,2,1,C03,7,3,5,50,14,9,1,5,4,5,7,4,4,8,4,1,2,12,1,18,2,8,1,1,7,9,1,10,1,12,,13,13,1,22,9,121.5230075,25.05822941
111,1,10,20,44,2,03中山區,中山區中山北路2段81號,0,0,2,2,C03,7,3,5,50,14,9,1,5,4,5,7,4,4,8,4,1,2,12,2,42,2,8,1,1,7,1,1,10,1,14,,19,13,1,22,9,121.5230075,25.05822941
111,1,10,21,0,2,11南港區,南港區忠孝東路6段與永吉路口,0,0,1,1,B03,8,1,5,50,5,1,1,5,4,5,7,2,1,1,3,5,2,16,1,57,3,10,3,4,7,5,1,8,1,6,,6,6,1,22,9,121.582639,25.045334
111,1,10,21,0,2,11南港區,南港區忠孝東路6段與永吉路口,0,0,1,2,C03,8,1,5,50,5,1,1,5,4,5,7,2,1,1,3,5,2,16,1,25,2,8,3,4,7,9,1,10,1,11,,44,6,1,22,9,121.582639,25.045334
111,1,10,21,18,2,05中正區,中正區重慶南路3段54巷與重慶南路3段口,0,0,1,1,B03,6,3,5,30,3,1,1,4,4,5,7,1,1,1,4,5,2,13,1,21,3,10,1,1,7,9,1,8,1,5,,23,23,1,22,9,121.5157822,25.02776401
111,1,10,21,18,2,05中正區,中正區重慶南路3段54巷與重慶南路3段口,0,0,1,2,C03,6,3,5,30,3,1,1,4,4,5,7,1,1,1,4,5,2,13,1,27,2,9,1,1,7,9,1,10,1,13,,44,23,1,22,9,121.5157822,25.02776401
111,1,10,21,23,2,05中正區,中正區中山北路1段與北平東路1段口,0,0,1,1,C03,6,3,5,50,5,1,1,4,4,5,7,1,1,9,4,1,2,17,1,37,2,8,1,1,7,9,1,10,1,12,,42,42,1,22,9,121.5201559,25.0472166
111,1,10,21,23,2,05中正區,中正區中山北路1段與北平東路1段口,0,0,1,2,C03,6,3,5,50,5,1,1,4,4,5,7,1,1,9,4,1,2,17,1,39,3,10,1,1,7,7,1,10,1,15,,7,42,1,22,9,121.5201559,25.0472166
111,1,10,21,36,2,12內湖區,內湖區民權東路6段與民權東路6段56巷口,0,0,3,1,C03,6,3,5,40,14,8,1,4,4,5,7,4,4,5,5,5,2,17,1,59,2,9,1,1,7,9,1,10,1,11,,23,23,1,22,9,121.584402,25.06868841
111,1,10,21,36,2,12內湖區,內湖區民權東路6段與民權東路6段56巷口,0,0,3,2,F01,6,3,5,40,14,8,1,4,4,5,7,4,4,5,5,5,2,17,1,36,3,10,1,1,7,9,8,20,1,16,,44,23,1,22,9,121.584402,25.06868841
111,1,10,21,36,2,12內湖區,內湖區民權東路6段與民權東路6段56巷口,0,0,3,3,C03,6,3,5,40,14,8,1,4,4,5,7,4,4,5,5,5,2,17,1,37,2,9,1,1,7,9,1,10,1,12,,44,23,1,22,9,121.584402,25.06868841
111,1,10,21,36,2,12內湖區,內湖區民權東路6段與民權東路6段56巷口,0,0,3,4,B03,6,3,5,40,14,8,1,4,4,5,7,4,4,5,5,5,2,17,1,34,3,10,1,1,7,14,1,8,1,7,,44,23,1,22,9,121.584402,25.06868841
111,1,10,21,36,2,12內湖區,內湖區民權東路6段與民權東路6段56巷口,0,0,3,5,H02,6,3,5,40,14,8,1,4,4,5,7,4,4,5,5,5,2,17,2,36,2,9,1,5,7,20,8,20,10,16,,67,23,1,22,9,121.584402,25.06868841
111,1,10,21,42,2,02萬華區,萬華區康定路與長沙街2段口,0,0,1,1,B01,6,3,5,50,4,1,1,4,4,5,7,1,1,8,3,5,1,2,1,54,3,10,3,4,7,5,1,8,2,8,,15,15,1,22,9,121.5020682,25.040505
111,1,10,21,42,2,02萬華區,萬華區康定路與長沙街2段口,0,0,1,2,H01,6,3,5,50,4,1,1,4,4,5,7,1,1,8,3,5,1,2,2,37,2,9,4,5,8,16,8,20,10,16,,67,15,1,22,9,121.5020682,25.040505
111,1,10,21,45,2,05中正區,中正區愛國西路30號前,0,0,1,1,C03,6,3,5,50,14,9,1,4,4,5,7,4,4,1,4,5,1,12,2,21,3,10,1,1,7,9,3,18,2,11,,23,23,1,22,9,121.5099802,25.03578797
111,1,10,21,45,2,05中正區,中正區愛國西路30號前,0,0,1,2,C03,6,3,5,50,14,9,1,4,4,5,7,4,4,1,4,5,1,12,2,37,2,8,1,1,7,9,1,10,2,12,,44,23,1,22,9,121.5099802,25.03578797
111,1,10,21,47,2,04大安區,大安區和平東路2段與建國南路2段口,0,0,1,1,B03,6,1,5,50,4,1,1,4,4,5,7,1,1,1,4,5,2,3,1,33,3,10,1,1,7,6,1,8,1,1,,15,15,1,22,9,121.5374032,25.0258083
111,1,10,21,47,2,04大安區,大安區和平東路2段與建國南路2段口,0,0,1,2,H01,6,1,5,50,4,1,1,4,4,5,7,1,1,1,4,5,2,3,2,40,2,9,4,5,8,16,8,20,10,16,,67,15,1,22,9,121.5374032,25.0258083
111,1,10,21,59,2,03中山區,中山區濱江街277號,0,0,1,1,B01,6,3,5,50,14,8,1,4,4,5,7,4,4,5,4,1,2,17,1,58,3,10,3,4,7,8,1,4,1,15,,7,7,1,22,9,121.5435039,25.07250646
111,1,10,21,59,2,03中山區,中山區濱江街277號,0,0,1,2,C03,6,3,5,50,14,8,1,4,4,5,7,4,4,5,4,1,2,17,1,27,2,9,3,4,7,9,1,9,1,12,,44,7,1,22,9,121.5435039,25.07250646
111,1,10,22,2,2,08士林區,士林區中正路594號,0,0,3,1,C03,6,3,5,50,14,9,1,4,4,5,7,4,4,10,4,5,1,17,1,35,2,9,1,1,7,9,1,10,2,14,,42,42,1,22,9,121.5100058,25.08707601
111,1,10,22,2,2,08士林區,士林區中正路594號,0,0,3,2,C03,6,3,5,50,14,9,1,4,4,5,7,4,4,10,4,5,1,17,2,27,2,9,1,1,7,9,1,10,2,11,,23,42,1,22,9,121.5100058,25.08707601
111,1,10,22,2,2,08士林區,士林區中正路594號,0,0,3,3,H01,6,3,5,50,14,9,1,4,4,5,7,4,4,10,4,5,1,17,1,40,2,8,1,1,8,16,8,20,10,16,,51,42,1,22,9,121.5100058,25.08707601
111,1,10,22,5,2,05中正區,中正區羅斯福路4段與基隆路4段口,0,0,1,1,C03,6,3,5,50,5,1,1,4,4,5,7,1,1,1,4,5,2,16,1,27,3,10,1,1,7,5,1,10,2,14,,26,26,1,22,9,121.5368759,25.01136559
111,1,10,22,5,2,05中正區,中正區羅斯福路4段與基隆路4段口,0,0,1,2,C03,6,3,5,50,5,1,1,4,4,5,7,1,1,1,4,5,2,16,2,35,2,9,1,1,7,9,1,10,2,11,,44,26,1,22,9,121.5368759,25.01136559
111,1,10,22,30,2,01大同區,大同區重慶北路1段40號,0,0,1,1,B01,6,3,5,50,14,9,1,4,4,5,7,4,4,3,3,5,1,17,1,60,3,10,3,4,7,8,1,4,2,15,,7,7,1,22,9,121.5137284,25.05114321
111,1,10,22,30,2,01大同區,大同區重慶北路1段40號,0,0,1,2,C03,6,3,5,50,14,9,1,4,4,5,7,4,4,3,3,5,1,17,1,21,2,8,1,4,7,9,1,10,2,12,,44,7,1,22,9,121.5137284,25.05114321
111,1,10,22,30,2,03中山區,中山區大直橋,0,0,2,1,C03,6,3,5,50,14,9,1,4,4,5,7,4,4,1,3,5,1,12,1,24,2,8,1,1,7,9,1,10,1,12,,25,25,1,22,9,121.5442776,25.07400905
111,1,10,22,30,2,03中山區,中山區大直橋,0,0,2,2,C03,6,3,5,50,14,9,1,4,4,5,7,4,4,1,3,5,1,12,1,71,2,5,1,1,7,9,1,10,1,14,,43,25,1,22,9,121.5442776,25.07400905
111,1,10,22,54,2,04大安區,大安區基隆路2段200號,0,0,2,1,C03,6,3,5,50,14,9,1,4,4,5,7,4,4,1,5,5,2,17,1,25,2,9,1,1,7,9,1,10,2,15,,44,44,1,22,9,121.5517721,25.02374785
111,1,10,22,54,2,04大安區,大安區基隆路2段200號,0,0,2,2,C03,6,3,5,50,14,9,1,4,4,5,7,4,4,1,5,5,2,17,1,37,2,9,1,1,7,9,1,10,2,15,,13,44,1,22,9,121.5517721,25.02374785
111,1,10,23,26,2,03中山區,中山區市民大道1段與中山北路1段口,0,0,1,1,C03,7,3,5,40,14,9,1,5,4,5,7,2,1,1,4,5,2,16,1,34,2,9,1,1,7,9,1,9,1,12,,44,44,1,22,9,121.5205684,25.04830015
111,1,10,23,26,2,03中山區,中山區市民大道1段與中山北路1段口,0,0,1,2,B03,7,3,5,40,14,9,1,5,4,5,7,2,1,1,4,5,2,16,2,49,3,10,3,4,7,9,1,8,1,4,,23,44,1,22,9,121.5205684,25.04830015
111,1,10,23,58,2,09北投區,北投區磺港路116號對面,0,0,1,1,C03,7,3,5,50,11,9,1,4,4,5,1,4,4,10,5,5,2,18,1,21,2,9,1,1,7,9,1,10,1,12,,13,13,1,22,9,121.5033851,25.12964822
111,1,10,23,58,2,09北投區,北投區磺港路116號對面,0,0,1,2,,7,3,5,50,11,9,1,4,4,5,1,4,4,10,5,5,2,18,3,,,,,,,,,,,,,67,13,1,,,121.5033851,25.12964822
111,1,11,0,1,2,10文山區,文山區秀明路1段與久康街口,0,0,1,1,C03,6,3,5,50,4,1,1,4,4,5,7,1,1,1,5,4,2,18,1,34,2,9,1,1,7,9,1,10,1,12,,43,43,1,22,9,121.5649648,24.98979458
111,1,11,0,1,2,10文山區,文山區秀明路1段與久康街口,0,0,1,2,,6,3,5,50,4,1,1,4,4,5,7,1,1,1,5,4,2,18,3,,,,,,,,,,,,,67,43,,,,121.5649648,24.98979458
111,1,11,0,47,2,12內湖區,內湖區堤頂大道1段與舊宗路2段口,0,0,3,1,B12,8,3,5,70,4,2,1,5,4,5,7,1,1,1,4,5,2,11,1,33,2,5,1,1,7,5,1,8,2,2,,25,25,1,22,9,121.5732025,25.07276048
111,1,11,0,47,2,12內湖區,內湖區堤頂大道1段與舊宗路2段口,0,0,3,2,B03,8,3,5,70,4,2,1,5,4,5,7,1,1,1,4,5,2,11,1,26,2,9,1,1,7,9,1,8,2,1,,13,25,1,22,9,121.5732025,25.07276048
111,1,11,0,47,2,12內湖區,內湖區堤頂大道1段與舊宗路2段口,0,0,3,3,H02,8,3,5,70,4,2,1,5,4,5,7,1,1,1,4,5,2,11,2,24,2,1,4,5,7,21,8,20,10,15,,67,25,1,22,9,121.5732025,25.07276048
111,1,11,1,1,2,03中山區,中山區中山北路2段與錦州街口,0,0,1,1,B03,6,3,5,50,4,1,1,4,4,5,7,2,1,5,5,5,2,17,1,67,3,10,3,4,7,5,1,8,1,2,,6,6,1,22,9,121.5229611,25.06042061
111,1,11,1,1,2,03中山區,中山區中山北路2段與錦州街口,0,0,1,2,C03,6,3,5,50,4,1,1,4,4,5,7,2,1,5,5,5,2,17,1,20,2,9,1,1,7,9,1,10,1,14,,44,6,1,22,9,121.5229611,25.06042061
111,1,11,2,15,2,03中山區,中山區林森北路與民權東路1段口,0,0,2,1,B03,6,3,5,50,4,2,1,4,4,5,7,1,1,3,4,5,2,13,1,30,2,9,1,1,7,9,6,18,2,1,,16,16,1,22,9,121.5254252,25.06265966
111,1,11,2,15,2,03中山區,中山區林森北路與民權東路1段口,0,0,2,2,B01,6,3,5,50,4,2,1,4,4,5,7,1,1,3,4,5,2,13,1,66,2,2,1,1,7,9,1,4,2,3,,44,16,1,22,9,121.5254252,25.06265966
111,1,11,6,10,2,09北投區,北投區明德路301號,0,0,2,1,C03,8,3,5,50,14,9,1,5,4,5,7,4,4,10,4,5,2,3,1,46,2,7,1,1,7,9,1,10,2,11,,23,23,1,22,9,121.5210074,25.11529528
111,1,11,6,10,2,09北投區,北投區明德路301號,0,0,2,2,H01,8,3,5,50,14,9,1,5,4,5,7,4,4,10,4,5,2,3,2,72,2,9,4,5,8,16,8,20,10,16,,51,23,1,22,9,121.5210074,25.11529528
111,1,11,6,21,2,05中正區,中正區中華路1段與漢口街1段口,0,0,2,1,C03,6,3,5,50,4,2,1,4,4,5,7,1,1,1,4,1,1,17,1,66,2,9,1,1,7,9,1,10,2,11,,23,23,1,22,9,121.5093895,25.04533262
111,1,11,6,21,2,05中正區,中正區中華路1段與漢口街1段口,0,0,2,2,C03,6,3,5,50,4,2,1,4,4,5,7,1,1,1,4,1,1,17,1,63,2,3,1,1,7,10,1,10,2,11,,13,23,1,22,9,121.5093895,25.04533262
111,1,11,6,26,2,07信義區,信義區信義路5段180號,0,0,1,1,B02,6,2,5,50,14,9,1,4,4,5,7,4,4,1,4,5,2,13,1,60,3,10,3,4,7,9,1,4,1,1,,16,16,1,22,9,121.5743897,25.03332323
111,1,11,6,26,2,07信義區,信義區信義路5段180號,0,0,1,2,C03,6,2,5,50,14,9,1,4,4,5,7,4,4,1,4,5,2,13,1,63,2,5,3,4,7,14,1,10,1,13,,44,16,1,22,9,121.5743897,25.03332323
111,1,11,6,42,2,03中山區,中山區民權東路1段67號,0,0,1,2,B03,6,2,5,50,14,8,1,4,4,5,7,4,4,1,3,4,2,13,1,42,3,10,3,4,7,13,1,8,1,7,,38,23,1,22,9,121.5253925,25.0628632
111,1,11,6,42,2,03中山區,中山區民權東路1段67號,0,0,1,1,C03,6,2,5,50,14,8,1,4,4,5,7,4,4,1,3,4,2,13,1,38,2,9,3,4,7,9,6,18,11,11,,23,23,1,22,9,121.5253925,25.0628632
111,1,11,6,53,2,02萬華區,萬華區環河南路1段64號,0,0,1,2,C03,6,2,5,50,14,9,1,4,4,5,7,4,4,5,4,5,2,17,2,63,2,9,1,4,7,9,1,10,1,13,,43,43,1,22,9,121.5050534,25.04782277
111,1,11,6,53,2,02萬華區,萬華區環河南路1段64號,0,0,1,1,,6,2,5,50,14,9,1,4,4,5,7,4,4,5,4,5,2,17,4,,4,11,3,4,7,15,7,19,11,15,,43,43,2,22,9,121.5050534,25.04782277
111,1,11,7,16,2,05中正區,中正區汀州路3段與思源街口,0,0,1,1,C03,6,1,5,50,4,1,1,4,4,5,7,1,1,5,4,5,2,17,1,42,2,5,1,1,7,9,1,10,1,14,,44,44,2,22,9,121.5319853,25.01525721
111,1,11,7,16,2,05中正區,中正區汀州路3段與思源街口,0,0,1,2,B03,6,1,5,50,4,1,1,4,4,5,7,1,1,5,4,5,2,17,1,42,3,10,1,1,7,6,1,8,1,2,,9,44,1,22,9,121.5319853,25.01525721
111,1,11,7,20,2,03中山區,中山區建國北路2段與長春路口,0,0,1,1,B01,6,1,5,50,4,1,1,4,4,5,7,2,1,9,4,5,2,12,1,43,3,10,3,4,7,6,1,4,1,6,,9,9,1,22,9,121.5371339,25.05479537
111,1,11,7,20,2,03中山區,中山區建國北路2段與長春路口,0,0,1,2,C03,6,1,5,50,4,1,1,4,4,5,7,2,1,9,4,5,2,12,1,24,2,9,3,4,7,9,1,10,1,11,,23,9,1,22,9,121.5371339,25.05479537
111,1,11,7,24,1,02萬華區,萬華區西寧南路13號,1,0,0,2,C03,6,1,5,50,14,9,1,4,4,5,7,4,4,8,5,5,2,17,1,70,1,9,1,1,7,9,3,18,2,11,,13,26,1,22,9,121.5075123,25.04831686
111,1,11,7,24,1,02萬華區,萬華區西寧南路13號,1,0,0,1,F01,6,1,5,50,14,9,1,4,4,5,7,4,4,8,5,5,2,17,2,68,3,10,4,5,7,15,8,20,2,16,,26,26,1,22,9,121.5075123,25.04831686
111,1,11,7,30,2,10文山區,文山區木新路2段與木新路2段69巷口,0,0,1,1,B12,6,1,5,30,14,9,2,4,4,5,7,4,4,5,4,5,2,17,1,39,3,10,3,4,7,1,1,8,9,4,,19,19,2,22,9,121.5704089,24.98505842
111,1,11,7,30,2,10文山區,文山區木新路2段與木新路2段69巷口,0,0,1,2,C03,6,1,5,30,14,9,2,4,4,5,7,4,4,5,4,5,2,17,1,67,2,8,1,4,7,9,1,9,2,12,,44,19,1,22,9,121.5704089,24.98505842
111,1,11,7,35,2,04大安區,大安區新生南路3段22巷與溫州街口,0,0,1,1,B03,6,1,5,50,4,2,1,4,4,5,7,4,4,10,4,5,2,17,1,45,3,10,1,1,7,13,1,8,1,4,,43,43,1,22,9,121.5334335,25.02422551
111,1,11,7,35,2,04大安區,大安區新生南路3段22巷與溫州街口,0,0,1,2,C03,6,1,5,50,4,2,1,4,4,5,7,4,4,10,4,5,2,17,1,49,2,9,1,1,7,9,1,10,1,12,,43,43,1,22,9,121.5334335,25.02422551