發生年度,發生月,發生日,發生時-Hours,發生分,處理別-編號,區序,肇事地點,死亡人數,2-30日死亡人數,受傷人數,當事人序號,車種,天候,光線,道路類別,速限-速度限制,道路型態,事故位置,路面狀況1,路面狀況2,路面狀況3,道路障礙1,道路障礙2,號誌1,號誌2,車道劃分-分向,車道劃分-分道1,車道劃分-分道2,車道劃分-分道3,事故類型及型態,性別,年齡,受傷程度,主要傷處,安全帽,行動電話,車輛用途,當事者行動狀態,駕駛資格情形,駕駛執照種類,飲酒情形,車輛撞擊部位1,車輛撞擊部位2,肇因碼-個別,肇因碼-主要,個人肇逃否,職業,旅次目的,座標-X,座標-Y
111,1,11,7,43,2,08士林區,士林區凱旋路與光華路口,0,0,1,1,B03,6,1,5,30,3,2,1,4,4,5,7,4,4,10,5,5,2,11,2,41,3,10,1,1,7,9,1,8,1,4,,43,43,1,22,9,121.5420562,25.13653579
111,1,11,7,43,2,08士林區,士林區凱旋路與光華路口,0,0,1,2,C03,6,1,5,30,3,2,1,4,4,5,7,4,4,10,5,5,2,11,1,18,2,8,1,1,7,9,1,10,1,14,,43,43,1,22,9,121.5420562,25.13653579
111,1,11,8,0,2,03中山區,中山區民權東路2段與民權東路2段92巷口,0,0,1,1,B03,6,1,5,50,4,1,1,4,4,5,7,2,1,1,4,5,2,17,1,67,3,10,3,4,7,8,1,8,1,6,,7,7,1,22,9,121.531568,25.06248756
111,1,11,8,0,2,03中山區,中山區民權東路2段與民權東路2段92巷口,0,0,1,2,C03,6,1,5,50,4,1,1,4,4,5,7,2,1,1,4,5,2,17,1,24,2,9,1,4,7,9,1,10,1,11,,13,7,1,22,9,121.531568,25.06248756
111,1,11,8,0,2,08士林區,士林區文昌路與美崙街口,0,0,1,1,B03,8,1,5,0,4,1,1,5,4,5,7,1,1,5,4,5,2,17,2,40,3,10,1,1,7,6,1,8,2,5,,6,6,1,22,9,121.5207956,25.09682715
111,1,11,8,0,2,08士林區,士林區文昌路與美崙街口,0,0,1,2,C03,8,1,5,0,4,1,1,5,4,5,7,1,1,5,4,5,2,17,1,26,2,8,1,1,7,9,1,10,2,14,,44,6,1,22,9,121.5207956,25.09682715
111,1,11,8,0,2,12內湖區,內湖區舊宗路2段往堤頂大道,0,0,1,1,B03,7,1,5,50,14,9,1,5,4,5,7,4,4,1,4,5,2,12,2,35,3,10,1,1,7,7,1,8,1,7,,7,7,1,22,9,121.5737857,25.07271253
111,1,11,8,0,2,12內湖區,內湖區舊宗路2段往堤頂大道,0,0,1,2,C03,7,1,5,50,14,9,1,5,4,5,7,4,4,1,4,5,2,12,1,44,2,8,1,1,7,9,1,10,1,12,,44,7,1,22,9,121.5737857,25.07271253
111,1,11,8,7,2,10文山區,文山區木新路1段與指南路1段51巷口,0,0,1,1,B03,6,1,5,30,3,1,1,4,4,5,7,2,1,9,4,5,2,16,1,34,3,10,1,1,7,6,1,4,2,8,,25,25,1,22,9,121.5707079,24.9888487
111,1,11,8,7,2,10文山區,文山區木新路1段與指南路1段51巷口,0,0,1,2,C03,6,1,5,30,3,1,1,4,4,5,7,2,1,9,4,5,2,16,2,32,2,9,1,1,7,9,1,10,2,11,,44,25,1,22,9,121.5707079,24.9888487
111,1,11,8,27,2,07信義區,信義區信安街與信安街115巷口,0,0,1,1,B01,6,1,5,30,3,1,1,4,4,5,7,4,4,5,2,5,1,16,1,47,3,10,3,4,7,6,1,4,1,8,,6,6,1,22,9,121.5561334,25.02479609
111,1,11,8,27,2,07信義區,信義區信安街與信安街115巷口,0,0,1,2,C03,6,1,5,30,3,1,1,4,4,5,7,4,4,5,2,5,1,16,1,30,2,8,3,4,7,9,1,10,1,12,,44,6,1,22,9,121.5561334,25.02479609
111,1,11,8,30,2,03中山區,中山區長春路與南京東路3段223巷口,0,0,2,1,F03,7,1,5,30,4,2,1,5,4,5,7,4,4,9,4,4,1,17,2,77,2,9,1,1,7,9,8,20,1,16,,6,6,1,22,9,121.5435233,25.05452096
111,1,11,8,30,2,03中山區,中山區長春路與南京東路3段223巷口,0,0,2,2,C03,7,1,5,30,4,2,1,5,4,5,7,4,4,9,4,4,1,17,2,41,2,9,1,1,7,9,1,10,1,11,,14,6,1,22,9,121.5435233,25.05452096
111,1,11,8,39,2,05中正區,中正區南昌路1段與寧波西街口,0,0,1,1,C03,6,1,5,50,4,1,1,4,4,5,7,1,1,5,4,5,2,17,2,28,3,10,1,1,7,6,1,10,1,12,,9,9,1,22,9,121.5175565,25.0306909
111,1,11,8,39,2,05中正區,中正區南昌路1段與寧波西街口,0,0,1,2,C03,6,1,5,50,4,1,1,4,4,5,7,1,1,5,4,5,2,17,2,39,2,9,1,1,7,9,1,10,1,11,,23,9,1,22,9,121.5175565,25.0306909
111,1,11,8,40,2,12內湖區,內湖區內湖路1段120巷66號與基湖路10巷口,0,0,1,1,B03,8,1,5,50,3,1,1,5,4,5,7,4,4,5,5,5,2,11,2,59,3,10,1,1,7,5,1,8,2,4,,23,23,1,22,9,121.5629486,25.08270223
111,1,11,8,40,2,12內湖區,內湖區內湖路1段120巷66號與基湖路10巷口,0,0,1,2,C03,8,1,5,50,3,1,1,5,4,5,7,4,4,5,5,5,2,11,1,40,2,8,1,1,7,14,1,10,2,14,,6,23,1,22,9,121.5629486,25.08270223
111,1,11,8,50,2,01大同區,大同區哈密街與哈密街83巷口,0,0,1,2,C03,6,1,5,0,4,1,1,4,4,5,7,4,4,4,5,5,2,17,1,64,2,8,1,4,7,9,1,10,2,14,,44,6,1,22,9,121.5149142,25.07295451
111,1,11,8,50,2,01大同區,大同區哈密街與哈密街83巷口,0,0,1,1,C03,6,1,5,0,4,1,1,4,4,5,7,4,4,4,5,5,2,17,2,41,4,11,3,4,7,15,7,19,11,15,,6,6,2,22,9,121.5149142,25.07295451
111,1,11,8,52,2,03中山區,中山區濱江街337號,0,0,1,1,B03,8,1,5,50,14,7,1,5,4,5,7,4,4,1,4,4,2,13,1,30,3,10,3,4,7,6,1,8,1,2,,9,9,1,22,9,121.5482372,25.07236175
111,1,11,8,52,2,03中山區,中山區濱江街337號,0,0,1,2,C03,8,1,5,50,14,7,1,5,4,5,7,4,4,1,4,4,2,13,1,35,2,9,3,4,7,9,1,10,1,11,,13,9,1,22,9,121.5482372,25.07236175
111,1,11,8,52,2,03中山區,中山區濱江街337號,0,0,1,3,C03,8,1,5,50,14,7,1,5,4,5,7,4,4,1,4,4,2,13,2,59,3,10,3,4,7,13,1,10,11,12,,44,9,1,22,9,121.5482372,25.07236175
111,1,11,9,0,2,04大安區,大安區基隆路3段155巷臺大醫院附設癌症醫院中心前,0,0,2,1,C03,6,1,5,50,14,9,1,4,4,5,7,4,4,5,5,5,2,16,2,51,2,9,1,1,7,7,3,18,1,14,,26,26,1,22,9,121.5436967,25.0144051
111,1,11,9,0,2,04大安區,大安區基隆路3段155巷臺大醫院附設癌症醫院中心前,0,0,2,2,C03,6,1,5,50,14,9,1,4,4,5,7,4,4,5,5,5,2,16,1,24,2,9,1,1,7,9,1,10,1,12,,44,26,1,22,9,121.5436967,25.0144051
111,1,11,9,0,2,09北投區,北投區承德路7段與公館路口,0,0,1,1,C02,8,1,5,0,4,2,1,5,4,5,7,1,1,9,4,4,1,12,1,26,3,10,1,1,7,6,1,9,2,13,,43,43,1,22,9,121.5016127,25.11956438
111,1,11,9,0,2,09北投區,北投區承德路7段與公館路口,0,0,1,2,C03,8,1,5,0,4,2,1,5,4,5,7,1,1,9,4,4,1,12,2,37,2,8,1,1,7,9,1,10,2,12,,43,43,1,22,9,121.5016127,25.11956438
111,1,11,9,3,2,08士林區,士林區中山北路5段與中正路口,0,0,1,1,B03,7,1,5,50,4,1,1,5,4,5,7,1,1,5,4,5,2,15,2,51,3,10,1,1,7,9,1,8,1,5,,43,43,1,22,9,121.5279334,25.0957307
111,1,11,9,3,2,08士林區,士林區中山北路5段與中正路口,0,0,1,2,C03,7,1,5,50,4,1,1,5,4,5,7,1,1,5,4,5,2,15,1,21,2,9,1,1,7,9,1,10,1,11,,44,43,1,22,9,121.5279334,25.0957307
111,1,11,9,13,2,06松山區,松山區復興北路313巷與復興北路口,0,0,2,1,A04,8,1,5,50,3,2,1,5,4,3,5,4,4,7,3,4,1,17,1,46,3,10,3,1,7,14,1,2,1,7,,44,44,1,22,9,121.5443143,25.05904316
111,1,11,9,13,2,06松山區,松山區復興北路313巷與復興北路口,0,0,2,2,C03,8,1,5,50,3,2,1,5,4,3,5,4,4,7,3,4,1,17,1,40,3,10,3,1,7,9,1,10,1,11,,44,44,1,22,9,121.5443143,25.05904316
111,1,11,9,13,2,06松山區,松山區復興北路313巷與復興北路口,0,0,2,3,C03,8,1,5,50,3,2,1,5,4,3,5,4,4,7,3,4,1,17,2,22,2,9,3,1,7,9,1,9,1,13,,16,44,1,22,9,121.5443143,25.05904316
111,1,11,9,13,2,06松山區,松山區復興北路313巷與復興北路口,0,0,2,4,C03,8,1,5,50,3,2,1,5,4,3,5,4,4,7,3,4,1,17,2,53,2,8,3,1,7,9,1,10,1,11,,16,44,1,22,9,121.5443143,25.05904316
111,1,11,9,18,2,06松山區,松山區民權東路4段與新中街口,0,0,1,1,B03,7,1,5,40,3,1,1,5,4,5,7,1,1,1,3,4,2,17,2,43,3,10,3,4,7,6,1,8,1,6,,43,43,1,22,9,121.560156,25.06233246
111,1,11,9,18,2,06松山區,松山區民權東路4段與新中街口,0,0,1,2,C03,7,1,5,40,3,1,1,5,4,5,7,1,1,1,3,4,2,17,1,37,2,9,3,4,7,9,1,10,1,11,,43,43,1,22,9,121.560156,25.06233246
111,1,11,9,20,2,10文山區,文山區木柵路5段18號,0,0,1,1,A02,7,1,5,50,14,9,1,5,4,5,7,4,4,5,3,5,2,16,1,54,3,10,1,1,7,5,1,2,2,6,,8,8,1,22,9,121.5818006,25.0022591
111,1,11,9,20,2,10文山區,文山區木柵路5段18號,0,0,1,2,C03,7,1,5,50,14,9,1,5,4,5,7,4,4,5,3,5,2,16,1,23,2,9,1,1,7,9,1,10,2,11,,23,8,1,22,9,121.5818006,25.0022591
111,1,11,9,22,2,09北投區,北投區中山路6號與中山路口,0,0,2,1,C03,8,1,5,40,3,1,1,5,4,5,7,4,4,5,4,5,2,11,1,58,2,9,1,1,7,5,1,10,1,12,,43,43,1,22,9,121.5081382,25.13701236
111,1,11,9,22,2,09北投區,北投區中山路6號與中山路口,0,0,2,2,C03,8,1,5,40,3,1,1,5,4,5,7,4,4,5,4,5,2,11,1,60,2,9,1,1,7,9,1,10,1,11,,43,43,1,22,9,121.5081382,25.13701236
111,1,11,9,24,2,06松山區,松山區八德路4段245巷32弄與八德路4段181巷口,0,0,1,1,B02,8,1,5,30,3,1,1,5,4,5,7,4,4,3,4,5,2,12,1,36,3,10,1,1,7,5,1,8,1,8,,44,44,1,22,9,121.5631173,25.04984912
111,1,11,9,24,2,06松山區,松山區八德路4段245巷32弄與八德路4段181巷口,0,0,1,2,C03,8,1,5,30,3,1,1,5,4,5,7,4,4,3,4,5,2,12,1,34,2,9,1,1,7,9,1,10,1,11,,4,44,1,22,9,121.5631173,25.04984912
111,1,11,9,35,2,05中正區,中正區中山南路1號前,0,0,1,1,B03,8,1,5,50,14,8,1,5,4,5,7,2,1,9,4,5,1,17,4,,4,11,3,4,7,15,7,19,11,15,,43,43,2,22,9,121.5195259,25.04386127
111,1,11,9,35,2,05中正區,中正區中山南路1號前,0,0,1,2,C03,8,1,5,50,14,8,1,5,4,5,7,2,1,9,4,5,1,17,2,23,2,8,1,1,7,9,1,10,2,14,,43,43,1,21,1,121.5195259,25.04386127
111,1,11,9,50,2,10文山區,文山區木柵路4段21巷18號對面,0,0,1,1,C03,7,1,5,50,14,9,1,5,4,5,7,1,1,9,4,5,2,13,2,34,2,7,1,1,7,9,1,10,1,11,,43,43,1,22,9,121.5714298,24.99303
111,1,11,9,50,2,10文山區,文山區木柵路4段21巷18號對面,0,0,1,2,B12,7,1,5,50,14,9,1,5,4,5,7,1,1,9,4,5,2,13,1,61,3,10,1,1,7,14,1,8,1,6,,43,43,1,22,9,121.5714298,24.99303
111,1,11,10,2,2,08士林區,士林區福林路與福林路100巷口,0,0,1,1,B12,7,1,5,0,3,2,1,5,4,5,7,3,1,5,5,5,2,12,1,42,3,10,1,1,7,6,1,8,1,2,,9,9,1,22,9,121.5312756,25.0957694
111,1,11,10,2,2,08士林區,士林區福林路與福林路100巷口,0,0,1,2,C03,7,1,5,0,3,2,1,5,4,5,7,3,1,5,5,5,2,12,2,20,2,8,1,1,7,9,1,10,1,14,,14,9,1,22,9,121.5312756,25.0957694
111,1,11,10,11,2,11南港區,南港區松河街與重陽路203巷口,0,0,1,1,B12,7,1,5,50,3,1,1,5,4,5,7,4,4,4,5,5,2,16,2,25,3,10,1,1,7,5,1,8,1,4,,6,6,1,22,9,121.6002791,25.05826099
111,1,11,10,11,2,11南港區,南港區松河街與重陽路203巷口,0,0,1,2,C03,7,1,5,50,3,1,1,5,4,5,7,4,4,4,5,5,2,16,2,21,2,9,1,1,7,9,1,9,1,14,,14,6,1,22,9,121.6002791,25.05826099
111,1,11,10,17,2,01大同區,大同區民權西路237號,0,0,2,1,C03,7,1,5,50,14,9,1,5,4,5,7,4,4,1,4,5,1,16,1,75,2,9,3,4,7,1,1,10,2,12,,19,19,1,22,9,121.5117247,25.06304372
111,1,11,10,17,2,01大同區,大同區民權西路237號,0,0,2,2,C03,7,1,5,50,14,9,1,5,4,5,7,4,4,1,4,5,1,16,2,37,2,9,3,4,7,9,1,10,2,11,,44,19,1,22,9,121.5117247,25.06304372
111,1,11,10,20,2,07信義區,信義區基隆路2段127號,0,0,1,1,C03,7,1,5,50,14,9,1,5,4,5,7,4,4,2,4,5,2,13,2,35,2,8,1,1,7,9,1,10,1,11,,16,16,1,22,9,121.5564564,25.02771868
111,1,11,10,20,2,07信義區,信義區基隆路2段127號,0,0,1,2,B03,7,1,5,50,14,9,1,5,4,5,7,4,4,2,4,5,2,13,1,49,3,10,1,1,7,14,1,8,1,3,,44,16,1,22,9,121.5564564,25.02771868
111,1,11,11,6,2,03中山區,中山區長春路與長春路21巷口,0,0,2,1,C03,7,1,5,50,3,1,1,5,4,3,7,4,4,9,5,4,2,17,2,25,2,8,3,4,7,5,1,10,1,12,,6,6,1,22,9,121.5242175,25.05495299
111,1,11,11,6,2,03中山區,中山區長春路與長春路21巷口,0,0,2,2,C03,7,1,5,50,3,1,1,5,4,3,7,4,4,9,5,4,2,17,1,61,2,9,1,1,7,9,1,10,1,14,,13,6,1,22,9,121.5242175,25.05495299
111,1,11,11,6,2,03中山區,中山區長春路與長春路21巷口,0,0,2,3,B02,7,1,5,50,3,1,1,5,4,3,7,4,4,9,5,4,2,17,1,44,3,10,3,4,7,13,1,3,1,7,,38,6,1,22,9,121.5242175,25.05495299
111,1,11,11,15,2,11南港區,南港區南港路1段137巷與市民大道8段口口,0,0,1,1,C03,7,1,5,0,3,1,1,4,4,5,7,4,4,10,5,5,2,16,2,58,2,8,1,1,7,1,1,10,1,11,,19,19,1,22,9,121.6138459,25.0542743
111,1,11,11,15,2,11南港區,南港區南港路1段137巷與市民大道8段口口,0,0,1,2,C03,7,1,5,0,3,1,1,4,4,5,7,4,4,10,5,5,2,16,1,53,3,10,1,1,7,9,1,10,1,12,,14,19,1,22,9,121.6138459,25.0542743
111,1,11,11,16,2,08士林區,士林區重慶北路4段與重慶北路4段口(全國加油站前,0,0,1,1,B03,7,1,5,50,3,2,1,5,4,5,7,4,4,1,5,4,1,16,1,35,3,10,1,1,7,6,1,8,1,5,,9,9,1,22,9,121.5120492,25.08307153
111,1,11,11,16,2,08士林區,士林區重慶北路4段與重慶北路4段口(全國加油站前,0,0,1,2,C03,7,1,5,50,3,2,1,5,4,5,7,4,4,1,5,4,1,16,1,40,2,9,1,1,7,9,1,8,1,11,,13,9,1,22,9,121.5120492,25.08307153
111,1,11,11,41,2,10文山區,文山區指南路2段與萬壽路口,0,0,1,1,,6,1,5,50,14,9,2,4,4,5,7,2,1,5,4,5,2,9,4,,4,11,3,4,7,15,7,19,11,15,,43,43,2,22,9,121.5761784,24.98757631
111,1,11,11,41,2,10文山區,文山區指南路2段與萬壽路口,0,0,1,2,H01,6,1,5,50,14,9,2,4,4,5,7,2,1,5,4,5,2,9,2,22,2,8,4,5,8,16,8,20,10,16,,67,43,1,22,9,121.5761784,24.98757631
111,1,11,11,43,2,03中山區,中山區北安路47號,0,0,2,1,C03,8,1,5,50,14,9,1,5,4,5,7,4,4,1,4,5,2,13,1,40,2,9,1,1,7,9,1,10,1,11,,16,16,1,22,9,121.5285873,25.07756223
111,1,11,11,43,2,03中山區,中山區北安路47號,0,0,2,2,C04,8,1,5,50,14,9,1,5,4,5,7,4,4,1,4,5,2,13,2,28,2,9,1,1,7,14,1,10,1,13,,23,16,1,22,9,121.5285873,25.07756223
111,1,11,11,47,2,05中正區,中正區和平西路1段65號,0,0,3,1,A42,8,1,5,50,4,1,1,3,4,5,7,1,1,1,4,5,2,17,1,62,3,10,1,1,1,9,1,1,1,9,,35,35,2,22,9,121.5191029,25.02651435
111,1,11,11,47,2,05中正區,中正區和平西路1段65號,0,0,3,2,C03,8,1,5,50,4,1,1,3,4,5,7,1,1,1,4,5,2,17,1,23,2,9,1,1,7,9,1,10,1,12,,44,35,1,22,9,121.5191029,25.02651435
111,1,11,11,47,2,05中正區,中正區和平西路1段65號,0,0,3,3,C03,8,1,5,50,4,1,1,3,4,5,7,1,1,1,4,5,2,17,1,55,2,9,1,1,7,9,1,10,1,12,,44,35,1,22,9,121.5191029,25.02651435
111,1,11,11,47,2,05中正區,中正區和平西路1段65號,0,0,3,4,C03,8,1,5,50,4,1,1,3,4,5,7,1,1,1,4,5,2,17,1,60,2,9,1,1,7,9,1,10,1,12,,44,35,1,22,9,121.5191029,25.02651435
111,1,11,12,30,2,05中正區,中正區重慶北路1段與鄭州路口,0,0,1,1,B03,7,1,5,40,4,1,1,5,4,5,7,1,1,1,4,5,2,17,1,43,3,10,1,1,7,6,1,7,11,6,,9,9,1,22,9,121.5132985,25.04931185
111,1,11,12,30,2,05中正區,中正區重慶北路1段與鄭州路口,0,0,1,2,C03,7,1,5,40,4,1,1,5,4,5,7,1,1,1,4,5,2,17,1,21,2,7,1,1,7,9,1,10,11,11,,44,9,1,22,9,121.5132985,25.04931185
111,1,11,12,56,2,06松山區,松山區三民路43巷6號,0,0,1,1,F01,7,1,5,30,13,20,2,5,4,5,7,4,4,10,5,5,2,18,2,45,2,8,2,1,7,9,8,20,1,16,,42,42,1,22,1,121.5617123,25.05601273
111,1,11,12,56,2,06松山區,松山區三民路43巷6號,0,0,1,2,,7,1,5,30,13,20,2,5,4,5,7,4,4,10,5,5,2,18,3,,,,,,,,,,,,,67,42,1,,,121.5617123,25.05601273
111,1,11,13,3,2,03中山區,中山區天津街與中山北路1段83巷口,0,0,1,1,F01,7,1,5,0,4,1,1,5,4,5,7,4,4,10,5,5,2,17,2,60,2,9,1,1,7,6,8,20,1,16,,26,26,1,22,9,121.5230576,25.05028703
111,1,11,13,3,2,03中山區,中山區天津街與中山北路1段83巷口,0,0,1,2,B01,7,1,5,0,4,1,1,5,4,5,7,4,4,10,5,5,2,17,1,65,3,10,1,1,7,9,1,4,1,8,,44,26,1,22,9,121.5230576,25.05028703
111,1,11,13,3,2,03中山區,中山區天津街與中山北路1段83巷口,0,0,1,3,B03,7,1,5,0,4,1,1,5,4,5,7,4,4,10,5,5,2,17,3,,,,,,,,,,,,,67,26,1,,,121.5230576,25.05028703
111,1,11,13,3,2,08士林區,士林區中山北路5段與福國路口,0,0,2,1,B03,7,1,5,50,3,1,1,5,4,5,7,2,1,3,3,5,1,13,2,64,3,10,3,4,7,7,6,18,11,15,,25,25,2,22,9,121.5256594,25.1024524
111,1,11,13,3,2,08士林區,士林區中山北路5段與福國路口,0,0,2,2,B12,7,1,5,50,3,1,1,5,4,5,7,2,1,3,3,5,1,13,1,21,3,10,1,1,7,9,1,8,2,1,,23,25,1,22,9,121.5256594,25.1024524
111,1,11,13,3,2,08士林區,士林區中山北路5段與福國路口,0,0,2,3,C03,7,1,5,50,3,1,1,5,4,5,7,2,1,3,3,5,1,13,1,61,2,8,1,1,7,14,1,10,2,13,,44,25,1,22,9,121.5256594,25.1024524
111,1,11,13,3,2,08士林區,士林區中山北路5段與福國路口,0,0,2,4,C03,7,1,5,50,3,1,1,5,4,5,7,2,1,3,3,5,1,13,2,63,2,8,1,1,7,14,1,8,2,13,,44,25,1,22,9,121.5256594,25.1024524
111,1,11,13,10,2,01大同區,大同區承德路3段60號,0,0,1,1,C03,7,1,5,50,14,8,1,5,4,5,7,4,4,9,4,4,1,17,1,28,2,9,1,1,4,8,1,10,2,12,,23,23,1,22,9,121.5182315,25.06524867
111,1,11,13,10,2,01大同區,大同區承德路3段60號,0,0,1,2,B03,7,1,5,50,14,8,1,5,4,5,7,4,4,9,4,4,1,17,2,47,3,10,3,4,7,14,1,8,2,7,,16,23,1,22,9,121.5182315,25.06524867
111,1,11,13,35,2,07信義區,信義區松德路128號,0,0,1,1,C03,8,1,5,50,11,9,1,5,4,5,7,4,4,9,4,5,2,17,1,21,2,9,1,1,7,9,1,10,2,15,,23,23,1,22,9,121.5746112,25.03732976
111,1,11,13,35,2,07信義區,信義區松德路128號,0,0,1,2,B03,8,1,5,50,11,9,1,5,4,5,7,4,4,9,4,5,2,17,1,58,3,10,1,1,7,9,1,8,2,15,,44,23,1,22,9,121.5746112,25.03732976
111,1,11,13,42,2,03中山區,中山區新生北路2段與錦州街口,0,0,1,1,C03,7,1,5,50,4,1,1,5,4,5,7,2,1,10,4,5,2,17,2,23,2,8,1,1,7,5,1,10,2,14,,25,25,1,22,9,121.527515,25.06028826
111,1,11,13,42,2,03中山區,中山區新生北路2段與錦州街口,0,0,1,2,B02,7,1,5,50,4,1,1,5,4,5,7,2,1,10,4,5,2,17,1,49,3,10,3,4,7,9,1,4,2,5,,44,25,1,22,9,121.527515,25.06028826
111,1,11,14,10,2,10文山區,文山區景文街102號,0,0,1,1,B02,7,1,5,40,14,8,1,5,4,5,7,2,1,5,5,4,2,9,1,40,3,10,1,1,7,1,1,8,2,3,,19,19,1,22,9,121.5409819,24.99013291
111,1,11,14,10,2,10文山區,文山區景文街102號,0,0,1,2,H01,7,1,5,40,14,8,1,5,4,5,7,2,1,5,5,4,2,9,2,67,2,8,4,1,8,16,8,20,10,15,,67,19,1,22,9,121.5409819,24.99013291
111,1,11,14,25,2,12內湖區,內湖區洲子街55號前,0,0,1,1,C03,7,1,5,30,14,9,1,5,4,5,7,4,4,9,5,5,2,17,1,47,3,10,1,1,7,5,1,10,1,15,,8,8,1,22,9,121.5737187,25.07954159
111,1,11,14,25,2,12內湖區,內湖區洲子街55號前,0,0,1,2,C03,7,1,5,30,14,9,1,5,4,5,7,4,4,9,5,5,2,17,1,22,2,9,1,1,7,9,1,10,1,12,,42,8,1,22,9,121.5737187,25.07954159
111,1,11,14,35,2,06松山區,松山區光復北路與延壽街口,0,0,2,1,C03,7,1,5,50,4,1,1,5,4,5,7,2,1,1,5,5,2,15,1,32,2,9,1,1,7,15,1,10,1,11,,6,6,1,22,9,121.5556037,25.0562387
111,1,11,14,35,2,06松山區,松山區光復北路與延壽街口,0,0,2,2,C03,7,1,5,50,4,1,1,5,4,5,7,2,1,1,5,5,2,15,1,31,2,9,1,1,7,9,1,10,1,11,,13,6,1,22,9,121.5556037,25.0562387
111,1,11,14,45,2,02萬華區,萬華區華中橋機車道(華中058),0,0,2,1,C03,7,1,5,40,14,11,1,5,4,5,7,4,4,1,4,5,2,13,1,18,2,9,1,4,7,9,3,18,2,11,,16,16,1,22,9,121.4955256,25.01025478
111,1,11,14,45,2,02萬華區,萬華區華中橋機車道(華中058),0,0,2,2,C03,7,1,5,40,14,11,1,5,4,5,7,4,4,1,4,5,2,13,1,65,2,9,1,4,7,9,1,10,2,13,,44,16,1,22,9,121.4955256,25.01025478
111,1,11,14,45,2,05中正區,中正區永福橋往永和方向,0,0,1,1,B01,7,1,5,50,14,9,1,5,4,5,7,4,4,4,4,5,1,12,2,29,3,10,1,1,7,4,1,3,1,5,,23,23,1,22,9,121.5284575,25.01192809
111,1,11,14,45,2,05中正區,中正區永福橋往永和方向,0,0,1,2,C04,7,1,5,50,14,9,1,5,4,5,7,4,4,4,4,5,1,12,2,73,2,9,1,1,7,9,1,10,1,14,,44,23,1,22,9,121.5284575,25.01192809
111,1,11,15,10,2,10文山區,文山區辛亥路7段與光輝路50巷口,0,0,1,1,B03,8,1,5,50,3,1,1,5,4,5,7,2,1,5,2,4,2,17,1,61,3,10,3,4,7,5,1,8,2,2,,6,6,1,22,9,121.5542184,24.98485283
111,1,11,15,10,2,10文山區,文山區辛亥路7段與光輝路50巷口,0,0,1,2,C03,8,1,5,50,3,1,1,5,4,5,7,2,1,5,2,4,2,17,2,20,2,9,1,4,7,9,1,10,2,11,,44,6,1,22,9,121.5542184,24.98485283
111,1,11,15,30,2,08士林區,士林區大南路87號,0,0,1,1,B12,8,1,5,30,4,1,1,5,4,5,7,4,4,10,5,5,2,17,1,58,3,10,1,1,7,6,1,8,11,2,,23,23,1,22,9,121.5244447,25.08945341
111,1,11,15,30,2,08士林區,士林區大南路87號,0,0,1,2,C03,8,1,5,30,4,1,1,5,4,5,7,4,4,10,5,5,2,17,2,45,2,8,1,1,7,13,1,10,11,12,,38,23,1,22,9,121.5244447,25.08945341
111,1,11,15,40,2,11南港區,南港區中南街123巷與研究院路1段口,0,0,1,1,B03,7,1,5,50,4,1,1,5,4,5,7,2,1,1,4,5,1,16,1,19,3,10,1,4,7,5,1,8,2,5,,8,8,1,22,9,121.6159766,25.05198225
111,1,11,15,40,2,11南港區,南港區中南街123巷與研究院路1段口,0,0,1,2,C03,7,1,5,50,4,1,1,5,4,5,7,2,1,1,4,5,1,16,1,23,2,9,1,4,7,9,1,10,1,11,,44,8,1,22,9,121.6159766,25.05198225
111,1,11,15,45,2,05中正區,中正區中華路1段9巷與中華路1段口,0,0,2,1,B01,7,1,5,50,14,8,1,5,4,5,7,1,1,9,4,4,2,17,1,56,3,10,1,4,7,8,1,4,1,2,,7,7,1,22,9,121.5098941,25.04689603
111,1,11,15,45,2,05中正區,中正區中華路1段9巷與中華路1段口,0,0,2,2,C03,7,1,5,50,14,8,1,5,4,5,7,1,1,9,4,4,2,17,1,77,2,7,1,4,7,9,1,10,1,14,,44,7,1,22,9,121.5098941,25.04689603
111,1,11,15,45,2,05中正區,中正區中華路1段9巷與中華路1段口,0,0,2,3,H02,7,1,5,50,14,8,1,5,4,5,7,1,1,9,4,4,2,17,2,76,2,9,1,5,7,21,8,20,10,15,,67,7,1,22,9,121.5098941,25.04689603
111,1,11,16,10,2,08士林區,士林區雨農路與雨農路7巷口,0,0,1,1,B01,8,1,5,50,3,1,1,5,4,5,7,4,4,10,5,5,1,16,1,69,3,10,1,1,7,5,1,4,1,2,,6,6,1,22,9,121.5322093,25.09720089
111,1,11,16,10,2,08士林區,士林區雨農路與雨農路7巷口,0,0,1,2,C03,8,1,5,50,3,1,1,5,4,5,7,4,4,10,5,5,1,16,1,26,2,8,1,1,7,9,1,10,1,11,,23,6,1,22,9,121.5322093,25.09720089
111,1,11,16,13,2,02萬華區,萬華區西藏路與環河南路2段口,0,1,0,1,C03,8,1,5,50,4,2,1,5,4,5,7,4,4,1,4,5,2,12,1,70,5,1,1,1,7,8,1,10,2,12,,7,7,1,22,9,121.4901378,25.0305729
111,1,11,16,13,2,02萬華區,萬華區西藏路與環河南路2段口,0,1,0,2,B12,8,1,5,50,4,2,1,5,4,5,7,4,4,1,4,5,2,12,1,36,3,10,1,1,7,9,1,8,2,7,,23,7,1,22,9,121.4901378,25.0305729