發生年度,發生月,發生日,發生時-Hours,發生分,處理別-編號,區序,肇事地點,死亡人數,2-30日死亡人數,受傷人數,當事人序號,車種,天候,光線,道路類別,速限-速度限制,道路型態,事故位置,路面狀況1,路面狀況2,路面狀況3,道路障礙1,道路障礙2,號誌1,號誌2,車道劃分-分向,車道劃分-分道1,車道劃分-分道2,車道劃分-分道3,事故類型及型態,性別,年齡,受傷程度,主要傷處,安全帽,行動電話,車輛用途,當事者行動狀態,駕駛資格情形,駕駛執照種類,飲酒情形,車輛撞擊部位1,車輛撞擊部位2,肇因碼-個別,肇因碼-主要,個人肇逃否,職業,旅次目的,座標-X,座標-Y
111,1,11,16,30,2,09北投區,北投區文林北路22號,0,0,2,1,C04,7,1,5,40,14,8,1,5,4,5,7,4,4,8,3,4,2,3,2,51,2,1,1,1,7,9,1,10,1,11,,43,43,1,22,9,121.5189958,25.10436604
111,1,11,16,30,2,09北投區,北投區文林北路22號,0,0,2,2,H01,7,1,5,40,14,8,1,5,4,5,7,4,4,8,3,4,2,3,2,57,2,5,4,5,8,16,8,20,1,16,,60,43,1,22,9,121.5189958,25.10436604
111,1,11,16,51,2,06松山區,松山區市民大道6段與虎林街口,0,0,2,1,C03,8,2,5,40,4,1,1,5,4,5,7,1,1,1,4,5,2,13,2,50,2,9,1,1,7,9,1,10,1,11,,23,23,1,22,9,121.5760536,25.0494138
111,1,11,16,51,2,06松山區,松山區市民大道6段與虎林街口,0,0,2,2,B03,8,2,5,40,4,1,1,5,4,5,7,1,1,1,4,5,2,13,1,52,3,10,3,4,7,12,1,8,1,3,,44,23,1,22,9,121.5760536,25.0494138
111,1,11,16,51,2,06松山區,松山區市民大道6段與虎林街口,0,0,2,3,C03,8,2,5,40,4,1,1,5,4,5,7,1,1,1,4,5,2,13,1,27,2,9,1,1,7,9,1,10,1,11,,44,23,1,22,9,121.5760536,25.0494138
111,1,11,17,22,2,12內湖區,內湖區康寧路3段與安康路口口,0,0,1,1,A12,7,3,5,40,3,1,1,5,4,5,7,2,1,5,4,5,2,16,1,50,3,10,1,1,7,6,1,1,1,6,,9,9,1,22,9,121.6108632,25.0649165
111,1,11,17,22,2,12內湖區,內湖區康寧路3段與安康路口口,0,0,1,2,C03,7,3,5,40,3,1,1,5,4,5,7,2,1,5,4,5,2,16,1,68,2,7,1,1,7,9,1,10,1,11,,44,9,1,22,9,121.6108632,25.0649165
111,1,11,17,30,2,03中山區,中山區松江路133巷與南京東路口側附近2段115巷口,0,0,1,2,C03,7,3,5,30,4,1,1,5,4,5,7,4,4,10,5,5,2,16,1,26,2,8,3,4,7,9,1,10,1,12,,13,6,1,22,9,121.5336429,25.05435753
111,1,11,17,30,2,03中山區,中山區松江路133巷與南京東路口側附近2段115巷口,0,0,1,1,C03,7,3,5,30,4,1,1,5,4,5,7,4,4,10,5,5,2,16,1,48,4,11,3,4,7,15,4,11,11,15,,6,6,2,22,9,121.5336429,25.05435753
111,1,11,17,30,2,10文山區,文山區木柵路2段109巷25弄100號,0,0,2,1,C03,8,3,5,40,14,9,1,5,4,5,7,4,4,10,5,5,2,11,1,18,2,7,3,4,7,9,1,10,1,12,,5,5,1,22,9,121.5617768,24.99014996
111,1,11,17,30,2,10文山區,文山區木柵路2段109巷25弄100號,0,0,2,2,C03,8,3,5,40,14,9,1,5,4,5,7,4,4,10,5,5,2,11,2,35,2,8,3,4,7,9,1,10,1,12,,44,5,1,22,9,121.5617768,24.99014996
111,1,11,17,55,2,09北投區,北投區承德路7段400號,0,0,1,1,C03,7,3,5,60,14,11,1,5,4,5,7,4,4,1,4,5,2,13,1,29,3,10,1,1,7,9,1,10,1,11,,16,16,1,22,9,121.5006446,25.12034587
111,1,11,17,55,2,09北投區,北投區承德路7段400號,0,0,1,2,C03,7,3,5,60,14,11,1,5,4,5,7,4,4,1,4,5,2,13,1,34,2,7,1,1,7,14,1,10,1,13,,44,16,1,22,9,121.5006446,25.12034587
111,1,11,18,0,2,02萬華區,萬華區環河南路2段與環河南路2段175巷口,0,0,1,1,B03,7,1,5,30,4,1,1,5,4,5,7,1,1,1,4,5,2,3,1,61,3,10,1,4,7,5,1,8,1,1,,43,43,1,22,9,121.4920835,25.03285849
111,1,11,18,0,2,02萬華區,萬華區環河南路2段與環河南路2段175巷口,0,0,1,2,H01,7,1,5,30,4,1,1,5,4,5,7,1,1,1,4,5,2,3,1,68,2,9,4,4,8,16,8,20,10,16,,67,43,1,22,9,121.4920835,25.03285849
111,1,11,18,12,2,04大安區,大安區信義路4段378巷與信義路4段口,0,0,2,1,C03,7,3,5,50,3,1,1,5,4,5,7,4,4,1,4,5,2,16,1,19,2,9,3,4,7,6,1,10,1,12,,9,9,1,22,9,121.5557979,25.0330493
111,1,11,18,12,2,04大安區,大安區信義路4段378巷與信義路4段口,0,0,2,2,C03,7,3,5,50,3,1,1,5,4,5,7,4,4,1,4,5,2,16,1,21,2,8,3,4,7,9,1,10,1,11,,23,9,1,22,9,121.5557979,25.0330493
111,1,11,18,25,2,03中山區,中山區民族東路與林森北路口,0,0,1,1,C03,8,3,5,50,4,1,1,5,4,5,7,2,1,5,2,5,2,12,1,37,3,10,1,1,7,8,1,10,1,12,,7,7,1,5,1,121.5257927,25.06847329
111,1,11,18,25,2,03中山區,中山區民族東路與林森北路口,0,0,1,2,C03,8,3,5,50,4,1,1,5,4,5,7,2,1,5,2,5,2,12,2,42,2,9,1,1,7,9,1,10,1,14,,44,7,1,5,1,121.5257927,25.06847329
111,1,11,18,30,2,05中正區,中正區水源路3-3號前,0,0,1,1,C03,7,3,5,30,4,1,1,5,4,5,7,4,4,10,5,5,2,16,1,58,3,10,1,1,7,5,1,10,2,11,,6,6,1,22,9,121.5273149,25.01342974
111,1,11,18,30,2,05中正區,中正區水源路3-3號前,0,0,1,2,C03,7,3,5,30,4,1,1,5,4,5,7,4,4,10,5,5,2,16,1,28,2,9,1,1,7,9,1,10,2,12,,44,6,1,22,9,121.5273149,25.01342974
111,1,11,18,35,2,11南港區,南港區南港路2段與興南街口口,0,0,1,1,C03,7,3,5,50,3,2,1,5,4,5,7,2,1,5,5,4,2,13,1,63,3,10,1,1,7,9,1,10,1,11,,23,23,1,22,9,121.5974869,25.05413267
111,1,11,18,35,2,11南港區,南港區南港路2段與興南街口口,0,0,1,2,C03,7,3,5,50,3,2,1,5,4,5,7,2,1,5,5,4,2,13,1,48,3,10,1,1,7,14,1,10,1,13,,44,23,1,22,9,121.5974869,25.05413267
111,1,11,18,35,2,11南港區,南港區南港路2段與興南街口口,0,0,1,3,H02,7,3,5,50,3,2,1,5,4,5,7,2,1,5,5,4,2,13,2,46,2,8,4,5,7,20,8,20,10,16,,67,23,1,22,9,121.5974869,25.05413267
111,1,11,18,58,2,10文山區,文山區景文街與景興路282巷口口,0,0,1,1,C03,8,3,5,50,5,2,1,5,4,5,7,2,1,5,4,5,2,12,2,63,2,8,1,1,7,9,1,10,1,12,,23,23,1,22,9,121.5409549,24.98979722
111,1,11,18,58,2,10文山區,文山區景文街與景興路282巷口口,0,0,1,2,C03,8,3,5,50,5,2,1,5,4,5,7,2,1,5,4,5,2,12,2,39,3,10,1,1,7,14,1,10,1,14,,44,23,1,22,9,121.5409549,24.98979722
111,1,11,19,2,2,08士林區,士林區社正路與通河西街2段口,0,0,1,1,B03,7,3,5,40,3,2,1,5,4,5,7,1,1,9,4,5,1,17,1,40,3,10,1,1,7,5,1,8,2,5,,6,6,1,22,9,121.5116885,25.08904842
111,1,11,19,2,2,08士林區,士林區社正路與通河西街2段口,0,0,1,2,C03,7,3,5,40,3,2,1,5,4,5,7,1,1,9,4,5,1,17,1,37,2,9,1,1,7,9,1,10,2,11,,44,6,1,22,9,121.5116885,25.08904842
111,1,11,19,10,2,03中山區,中山區龍江路與合江街73巷口,0,0,2,1,C03,7,3,5,30,4,1,1,5,4,5,7,4,4,4,5,5,1,15,1,32,2,8,3,4,7,9,1,10,1,14,,44,44,1,22,9,121.5407377,25.05875159
111,1,11,19,10,2,03中山區,中山區龍江路與合江街73巷口,0,0,2,2,C03,7,3,5,30,4,1,1,5,4,5,7,4,4,4,5,5,1,15,1,55,2,9,3,4,7,4,1,10,1,12,,1,44,1,22,9,121.5407377,25.05875159
111,1,11,19,10,2,07信義區,信義區忠孝東路5段510號,0,0,1,1,B03,8,3,5,50,14,9,1,5,4,5,7,4,4,1,4,5,2,12,1,31,3,10,1,1,7,8,1,8,1,5,,6,6,1,22,8,121.578984,25.04131651
111,1,11,19,10,2,07信義區,信義區忠孝東路5段510號,0,0,1,2,C03,8,3,5,50,14,9,1,5,4,5,7,4,4,1,4,5,2,12,1,36,2,8,1,1,7,9,1,10,1,13,,44,6,1,22,8,121.578984,25.04131651
111,1,11,19,12,2,07信義區,信義區松勇路與松高路口,0,0,1,1,B03,8,3,5,50,4,2,1,5,4,5,7,1,1,5,4,5,2,17,1,32,3,10,3,4,7,5,1,8,1,8,,8,8,1,22,9,121.5698325,25.03904787
111,1,11,19,12,2,07信義區,信義區松勇路與松高路口,0,0,1,2,C03,8,3,5,50,4,2,1,5,4,5,7,1,1,5,4,5,2,17,1,28,2,9,3,4,7,9,1,10,1,11,,44,8,1,22,9,121.5698325,25.03904787
111,1,11,19,17,2,09北投區,北投區中央北路3段與中央北路3段252巷口,0,0,3,1,C03,7,3,5,50,3,1,1,5,4,5,7,1,1,10,5,5,2,16,1,25,2,8,1,1,7,9,1,10,2,11,,25,25,1,22,9,121.479874,25.1358222
111,1,11,19,17,2,09北投區,北投區中央北路3段與中央北路3段252巷口,0,0,3,2,C03,7,3,5,50,3,1,1,5,4,5,7,1,1,10,5,5,2,16,2,40,2,8,1,1,7,9,1,10,2,14,,44,25,1,22,9,121.479874,25.1358222
111,1,11,19,17,2,09北投區,北投區中央北路3段與中央北路3段252巷口,0,0,3,3,H02,7,3,5,50,3,1,1,5,4,5,7,1,1,10,5,5,2,16,2,21,2,8,1,5,7,20,8,20,10,16,,67,25,1,22,9,121.479874,25.1358222
111,1,11,19,30,2,10文山區,文山區木柵路1段與試院路口雙號巷口,0,0,1,1,B03,7,3,5,50,3,1,1,5,4,5,7,2,1,9,4,5,1,17,1,44,3,10,1,1,7,5,1,8,1,5,,6,6,1,22,9,121.549879,24.98742631
111,1,11,19,30,2,10文山區,文山區木柵路1段與試院路口雙號巷口,0,0,1,2,C03,7,3,5,50,3,1,1,5,4,5,7,2,1,9,4,5,1,17,1,42,2,7,1,1,7,9,1,10,1,12,,44,6,1,22,9,121.549879,24.98742631
111,1,11,19,39,2,11南港區,南港區研究院路1段與忠孝東路7段口,0,0,1,1,B03,8,3,5,50,3,1,1,5,4,5,7,2,1,1,4,5,2,16,2,37,3,10,3,4,7,11,1,8,2,5,,10,10,1,22,9,121.6163386,25.05314341
111,1,11,19,39,2,11南港區,南港區研究院路1段與忠孝東路7段口,0,0,1,2,C03,8,3,5,50,3,1,1,5,4,5,7,2,1,1,4,5,2,16,1,20,2,9,1,4,7,9,1,10,2,15,,42,10,1,22,9,121.6163386,25.05314341
111,1,11,20,16,2,02萬華區,萬華區成都路135號,0,0,1,1,C03,8,1,5,30,14,9,1,5,4,5,7,3,1,9,4,5,2,17,2,40,3,10,1,1,7,7,1,10,11,15,,7,7,1,22,9,121.5034845,25.04333924
111,1,11,20,16,2,02萬華區,萬華區成都路135號,0,0,1,2,C03,8,1,5,30,14,9,1,5,4,5,7,3,1,9,4,5,2,17,1,19,2,9,1,1,7,9,1,10,1,12,,13,7,1,22,9,121.5034845,25.04333924
111,1,11,20,30,2,07信義區,信義區松仁路105號,0,0,4,1,C03,8,3,5,50,14,9,1,5,4,5,7,4,4,1,4,5,2,13,1,17,2,7,1,1,7,9,2,18,2,15,,43,43,1,22,8,121.5684623,25.03596256
111,1,11,20,30,2,07信義區,信義區松仁路105號,0,0,4,2,C02,8,3,5,50,14,9,1,5,4,5,7,4,4,1,4,5,2,13,1,52,2,8,1,1,7,9,1,9,2,15,,43,43,1,22,8,121.5684623,25.03596256
111,1,11,20,30,2,07信義區,信義區松仁路105號,0,0,4,3,H02,8,3,5,50,14,9,1,5,4,5,7,4,4,1,4,5,2,13,1,19,2,7,1,5,7,20,8,20,10,16,,67,43,1,22,8,121.5684623,25.03596256
111,1,11,20,30,2,07信義區,信義區松仁路105號,0,0,4,4,H02,8,3,5,50,14,9,1,5,4,5,7,4,4,1,4,5,2,13,1,15,2,8,1,5,7,20,8,20,10,16,,67,43,1,22,8,121.5684623,25.03596256
111,1,11,20,31,2,02萬華區,萬華區華江橋機車道與和平西路3段口,0,0,1,1,C03,7,3,7,30,3,1,1,5,4,5,7,1,1,10,5,5,1,17,1,23,2,8,1,1,7,12,1,10,1,12,,23,23,1,22,9,121.4909961,25.03575562
111,1,11,20,31,2,02萬華區,萬華區華江橋機車道與和平西路3段口,0,0,1,2,C03,7,3,7,30,3,1,1,5,4,5,7,1,1,10,5,5,1,17,1,22,3,10,1,1,7,14,1,10,1,14,,44,23,1,22,9,121.4909961,25.03575562
111,1,11,20,34,2,12內湖區,內湖區康寧路1段69號,0,0,2,1,C03,8,3,5,30,3,1,1,5,4,5,7,4,4,9,5,5,2,17,1,38,2,8,1,1,7,5,1,10,1,11,,8,8,1,22,9,121.5925574,25.07997687
111,1,11,20,34,2,12內湖區,內湖區康寧路1段69號,0,0,2,2,C03,8,3,5,30,3,1,1,5,4,5,7,4,4,9,5,5,2,17,1,42,2,8,1,1,7,9,1,10,1,11,,14,8,1,22,9,121.5925574,25.07997687
111,1,11,20,35,2,10文山區,文山區木柵路1段與景興路口口,0,0,2,1,C03,8,3,5,50,3,1,1,5,4,5,7,2,1,5,4,5,2,16,1,59,2,8,1,1,7,6,1,10,1,12,,9,9,1,22,9,121.5421847,24.988299
111,1,11,20,35,2,10文山區,文山區木柵路1段與景興路口口,0,0,2,2,C03,8,3,5,50,3,1,1,5,4,5,7,2,1,5,4,5,2,16,1,24,2,9,1,1,7,9,1,10,1,11,,44,9,1,22,9,121.5421847,24.988299
111,1,11,20,38,2,07信義區,信義區忠孝東路5段143號對面,0,0,1,1,B03,8,1,5,50,14,9,1,5,4,5,7,4,4,1,4,5,2,17,1,53,3,10,1,1,7,8,1,8,1,5,,7,7,1,22,9,121.5680799,25.0409841
111,1,11,20,38,2,07信義區,信義區忠孝東路5段143號對面,0,0,1,2,C03,8,1,5,50,14,9,1,5,4,5,7,4,4,1,4,5,2,17,1,52,2,3,1,1,7,9,1,10,1,14,,44,7,1,22,9,121.5680799,25.0409841
111,1,11,21,5,2,06松山區,松山區三民路68巷與三民路口,0,0,1,1,B03,8,3,5,50,14,18,1,5,4,5,7,4,4,9,3,5,2,3,1,58,3,10,1,4,7,9,1,8,2,8,,15,15,1,22,9,121.5637714,25.0551441
111,1,11,21,5,2,06松山區,松山區三民路68巷與三民路口,0,0,1,2,H01,8,3,5,50,14,18,1,5,4,5,7,4,4,9,3,5,2,3,1,80,2,1,4,1,8,17,8,20,10,16,,67,15,1,22,9,121.5637714,25.0551441
111,1,11,21,44,2,09北投區,北投區承德路6段427號前,0,0,1,1,B03,7,3,5,60,14,12,1,5,4,5,7,4,4,1,4,5,2,16,1,51,3,10,1,1,7,6,1,8,2,6,,9,9,1,22,9,121.5114765,25.10801996
111,1,11,21,44,2,09北投區,北投區承德路6段427號前,0,0,1,2,C03,7,3,5,60,14,12,1,5,4,5,7,4,4,1,4,5,2,16,1,22,2,8,1,1,7,9,1,10,2,11,,44,9,1,22,9,121.5114765,25.10801996
111,1,11,22,22,2,04大安區,大安區復興南路2段340巷與和平東路2段118巷口,0,0,1,1,B03,7,3,5,30,4,1,1,5,4,5,7,4,4,10,5,5,2,15,1,38,3,10,1,1,7,9,1,8,1,1,,6,6,1,22,9,121.5428516,25.02267032
111,1,11,22,22,2,04大安區,大安區復興南路2段340巷與和平東路2段118巷口,0,0,1,2,C03,7,3,5,30,4,1,1,5,4,5,7,4,4,10,5,5,2,15,1,18,2,9,1,1,7,9,1,10,1,11,,13,6,1,22,9,121.5428516,25.02267032
111,1,11,22,30,2,08士林區,士林區天母北路66號,0,0,1,1,C03,8,3,5,50,14,9,1,5,4,5,7,4,4,5,5,5,2,17,1,25,2,9,1,1,7,12,1,10,2,14,,42,42,1,22,9,121.5267898,25.12168574
111,1,11,22,30,2,08士林區,士林區天母北路66號,0,0,1,2,B12,8,3,5,50,14,9,1,5,4,5,7,4,4,5,5,5,2,17,1,50,3,10,1,1,7,12,1,8,2,15,,44,42,1,22,9,121.5267898,25.12168574
111,1,11,22,30,2,08士林區,士林區天母北路66號,0,0,1,3,H01,8,3,5,50,14,9,1,5,4,5,7,4,4,5,5,5,2,17,1,42,3,10,4,5,8,20,8,20,10,16,,51,42,1,22,9,121.5267898,25.12168574
111,1,11,22,35,2,10文山區,文山區興隆路3段與興隆路3段192巷口,0,0,1,1,B03,7,3,5,50,4,2,1,5,4,5,7,1,1,1,4,5,2,16,2,59,3,10,1,1,7,11,1,8,2,1,,10,10,1,22,9,121.5588871,24.99813592
111,1,11,22,35,2,10文山區,文山區興隆路3段與興隆路3段192巷口,0,0,1,2,C03,7,3,5,50,4,2,1,5,4,5,7,1,1,1,4,5,2,16,1,19,2,9,1,1,7,9,1,10,2,14,,13,10,1,22,9,121.5588871,24.99813592
111,1,11,22,35,2,10文山區,文山區興隆路3段與興隆路3段192巷口,0,0,1,3,,7,3,5,50,4,2,1,5,4,5,7,1,1,1,4,5,2,16,3,,,,,,,,,,,,,67,10,1,,,121.5588871,24.99813592
111,1,11,22,40,2,09北投區,北投區大度路1段2號,0,0,2,1,B03,8,3,5,60,14,9,1,5,4,5,7,4,4,9,4,4,2,16,2,21,3,10,1,1,7,6,1,8,2,2,,6,6,1,22,9,121.4987973,25.1213805
111,1,11,22,40,2,09北投區,北投區大度路1段2號,0,0,2,2,C03,8,3,5,60,14,9,1,5,4,5,7,4,4,9,4,4,2,16,2,21,2,8,1,1,7,9,1,10,2,14,,44,6,1,22,9,121.4987973,25.1213805
111,1,11,22,40,2,09北投區,北投區大度路1段2號,0,0,2,3,H02,8,3,5,60,14,9,1,5,4,5,7,4,4,9,4,4,2,16,2,18,2,9,1,1,7,20,8,20,10,16,,67,6,1,22,9,121.4987973,25.1213805
111,1,11,23,3,2,08士林區,士林區忠誠路2段與德行東路口,0,0,1,1,C03,8,3,5,50,4,2,1,5,4,5,7,2,1,9,4,5,1,17,1,21,3,10,1,1,7,1,1,9,2,14,,19,19,1,22,9,121.5300201,25.10830004
111,1,11,23,3,2,08士林區,士林區忠誠路2段與德行東路口,0,0,1,2,C03,8,3,5,50,4,2,1,5,4,5,7,2,1,9,4,5,1,17,2,55,2,1,1,1,7,9,4,11,2,12,,23,19,1,22,9,121.5300201,25.10830004
111,1,11,23,32,2,04大安區,大安區和平東路1段39號,0,0,1,1,B01,7,3,5,50,14,9,1,5,4,5,7,4,4,1,4,5,2,12,1,44,3,10,1,1,7,8,1,4,1,5,,23,23,1,22,9,121.5236632,25.0270567
111,1,11,23,32,2,04大安區,大安區和平東路1段39號,0,0,1,2,C03,7,3,5,50,14,9,1,5,4,5,7,4,4,1,4,5,2,12,1,51,2,6,1,1,7,9,1,10,1,13,,44,23,1,22,9,121.5236632,25.0270567
111,1,12,0,30,2,04大安區,大安區復興南路1段與仁愛路3段123巷9弄口,0,0,1,1,B01,7,3,5,30,3,1,1,5,4,5,7,4,4,1,5,5,2,16,1,39,3,10,1,1,7,6,1,3,1,8,,6,6,1,22,9,121.5436395,25.03903266
111,1,12,0,30,2,04大安區,大安區復興南路1段與仁愛路3段123巷9弄口,0,0,1,2,F01,7,3,5,30,3,1,1,5,4,5,7,4,4,1,5,5,2,16,1,29,2,8,1,1,7,9,8,20,1,16,,27,6,1,22,9,121.5436395,25.03903266
111,1,12,0,40,2,08士林區,士林區雨農路7巷,0,0,1,1,C03,8,3,8,50,15,22,1,5,4,5,7,4,4,10,5,5,2,17,1,17,2,9,1,1,7,6,2,18,1,11,,42,42,1,22,9,121.5321523,25.09718231
111,1,12,0,40,2,08士林區,士林區雨農路7巷,0,0,1,2,B03,8,3,8,50,15,22,1,5,4,5,7,4,4,10,5,5,2,17,1,51,3,10,1,1,7,14,1,8,1,1,,44,42,1,22,9,121.5321523,25.09718231
111,1,12,0,46,2,11南港區,南港區重陽路與重陽路39巷口,0,0,1,1,B01,8,3,5,50,4,1,1,5,4,5,7,2,1,5,5,4,2,16,1,44,3,10,3,4,7,5,1,4,1,2,,6,6,1,22,9,121.5959237,25.05525398
111,1,12,0,46,2,11南港區,南港區重陽路與重陽路39巷口,0,0,1,2,C03,8,3,5,50,4,1,1,5,4,5,7,2,1,5,5,4,2,16,2,26,2,9,1,1,7,9,1,10,1,11,,44,6,1,22,9,121.5959237,25.05525398
111,1,12,4,59,2,09北投區,北投區文林北路與文林北路75巷口,0,0,1,1,C03,7,1,5,40,3,1,1,5,4,2,7,1,1,10,5,5,2,27,2,41,2,9,1,1,7,9,1,10,1,11,,13,13,1,22,9,121.5153717,25.10694088
111,1,12,4,59,2,09北投區,北投區文林北路與文林北路75巷口,0,0,1,2,,7,1,5,40,3,1,1,5,4,2,7,1,1,10,5,5,2,27,3,,,,,,,,,,,,,66,13,1,,,121.5153717,25.10694088
111,1,12,5,8,2,01大同區,大同區西寧北路與長安西路口,0,0,1,1,B02,6,3,5,50,14,9,1,4,4,5,7,1,1,9,4,5,1,16,1,24,3,10,3,4,7,5,1,8,2,1,,6,6,1,22,9,121.5085536,25.052032
111,1,12,5,8,2,01大同區,大同區西寧北路與長安西路口,0,0,1,2,C03,6,3,5,50,14,9,1,4,4,5,7,1,1,9,4,5,1,16,1,22,2,9,3,4,7,9,1,10,2,11,,44,6,1,22,9,121.5085536,25.052032
111,1,12,6,28,2,09北投區,北投區大度路3段與立德路口,0,0,1,1,C03,7,3,5,50,14,8,1,5,4,5,7,4,4,3,5,3,2,18,1,38,2,9,3,4,7,9,1,10,9,14,,43,43,1,22,9,121.4714313,25.1229361
111,1,12,6,28,2,09北投區,北投區大度路3段與立德路口,0,0,1,2,,7,3,5,50,14,8,1,5,4,5,7,4,4,3,5,3,2,18,3,,,,,,,,,,,,,67,43,1,,,121.4714313,25.1229361
111,1,12,6,45,2,01大同區,大同區民權西路與重慶北路2段口,0,0,2,1,C03,7,1,5,50,4,1,1,5,4,5,7,2,1,1,4,5,2,12,1,23,2,8,1,1,7,9,1,10,2,11,,16,16,1,22,9,121.5136746,25.0628944
111,1,12,6,45,2,01大同區,大同區民權西路與重慶北路2段口,0,0,2,3,C03,7,1,5,50,4,1,1,5,4,5,7,2,1,1,4,5,2,12,2,61,2,9,3,4,7,14,1,10,2,13,,44,16,1,22,9,121.5136746,25.0628944
111,1,12,6,45,2,01大同區,大同區民權西路與重慶北路2段口,0,0,2,2,C03,7,1,5,50,4,1,1,5,4,5,7,2,1,1,4,5,2,12,1,25,3,10,1,1,7,9,1,10,2,11,,16,16,1,22,9,121.5136746,25.0628944
111,1,12,6,45,2,03中山區,中山區建國北路2段與長春路口,0,0,1,1,B03,7,1,5,50,14,9,1,4,4,5,7,1,1,4,3,5,1,13,1,44,3,10,1,1,7,9,1,8,1,1,,23,23,1,22,9,121.5366567,25.05457537
111,1,12,6,45,2,03中山區,中山區建國北路2段與長春路口,0,0,1,2,C03,7,1,5,50,14,9,1,4,4,5,7,1,1,4,3,5,1,13,1,24,2,8,1,1,7,9,1,10,1,13,,44,23,1,22,9,121.5366567,25.05457537
111,1,12,7,2,2,12內湖區,內湖區江南街71巷16弄與江南街71巷16弄口,0,0,1,1,B12,7,1,5,30,3,1,1,4,4,5,7,4,4,5,5,5,2,11,1,48,3,10,1,1,7,5,1,8,2,2,,6,6,1,22,9,121.5775054,25.07540615
111,1,12,7,2,2,12內湖區,內湖區江南街71巷16弄與江南街71巷16弄口,0,0,1,2,C03,7,1,5,30,3,1,1,4,4,5,7,4,4,5,5,5,2,11,1,19,2,9,1,1,7,9,1,10,2,11,,14,6,1,22,9,121.5775054,25.07540615
111,1,12,7,27,2,01大同區,大同區西寧北路32號,0,0,1,1,C03,7,1,5,50,14,9,1,4,4,5,7,4,4,5,4,5,1,17,1,36,2,9,3,4,7,5,1,10,1,14,,8,8,1,22,9,121.5083688,25.05120575
111,1,12,7,27,2,01大同區,大同區西寧北路32號,0,0,1,2,C03,7,1,5,50,14,9,1,4,4,5,7,4,4,5,4,5,1,17,1,44,3,10,3,4,7,5,1,10,1,15,,8,8,1,22,9,121.5083688,25.05120575
111,1,12,7,27,2,04大安區,大安區信義路4段199巷與安和路1段112巷口,0,0,1,1,C03,7,1,5,30,4,1,1,5,4,5,7,4,4,10,4,5,2,15,1,27,2,9,1,1,7,9,1,10,1,11,,43,43,1,22,9,121.5511157,25.0338561
111,1,12,7,27,2,04大安區,大安區信義路4段199巷與安和路1段112巷口,0,0,1,2,B03,7,1,5,30,4,1,1,5,4,5,7,4,4,10,4,5,2,15,1,67,3,10,1,1,7,9,1,8,1,1,,43,43,1,22,9,121.5511157,25.0338561
111,1,12,7,55,2,03中山區,中山區民族東路與新生北路3段口,0,0,2,1,C03,8,1,5,50,4,1,1,5,4,5,7,1,1,5,4,5,2,17,1,41,2,8,1,4,7,9,1,10,2,11,13,43,43,1,22,9,121.5277725,25.06836122
111,1,12,7,55,2,03中山區,中山區民族東路與新生北路3段口,0,0,2,2,C03,8,1,5,50,4,1,1,5,4,5,7,1,1,5,4,5,2,17,1,24,3,10,1,4,7,12,1,10,1,13,,43,43,1,22,9,121.5277725,25.06836122
111,1,12,7,55,2,03中山區,中山區民族東路與新生北路3段口,0,0,2,3,C03,8,1,5,50,4,1,1,5,4,5,7,1,1,5,4,5,2,17,1,52,2,9,1,4,7,9,6,10,1,13,11,43,43,1,22,9,121.5277725,25.06836122
111,1,12,7,55,2,03中山區,中山區民族東路與新生北路3段口,0,0,2,4,C03,8,1,5,50,4,1,1,5,4,5,7,1,1,5,4,5,2,17,4,,4,11,3,4,7,15,7,19,11,15,,43,43,2,22,9,121.5277725,25.06836122
111,1,12,8,0,2,05中正區,中正區和平西路2段與寧波西街口,0,0,1,1,C03,8,1,5,50,14,9,1,5,4,5,7,1,1,9,4,5,2,12,2,65,2,9,1,1,7,5,1,10,2,14,,43,43,1,22,9,121.5120648,25.0290321
111,1,12,8,0,2,05中正區,中正區和平西路2段與寧波西街口,0,0,1,2,B03,8,1,5,50,14,9,1,5,4,5,7,1,1,9,4,5,2,12,1,36,3,10,1,1,7,9,1,8,2,2,,43,43,1,22,9,121.5120648,25.0290321
111,1,12,8,0,2,12內湖區,內湖區基湖路與基湖路3巷口,0,0,1,1,B03,7,1,5,50,4,1,1,5,4,5,7,1,1,5,5,5,2,16,2,55,3,10,1,1,7,5,1,8,1,5,,6,6,1,22,9,121.5652083,25.08138173
111,1,12,8,0,2,12內湖區,內湖區基湖路與基湖路3巷口,0,0,1,2,C03,7,1,5,50,4,1,1,5,4,5,7,1,1,5,5,5,2,16,1,26,2,9,1,1,7,9,1,10,1,11,,44,6,1,22,9,121.5652083,25.08138173
111,1,12,8,20,2,07信義區,信義區忠孝東路5段1號,0,0,3,1,B03,8,1,5,50,14,9,1,5,4,5,7,1,1,1,4,5,2,13,1,73,3,10,1,1,7,9,1,8,1,1,,23,23,1,22,9,121.5648825,25.04117513
111,1,12,8,20,2,07信義區,信義區忠孝東路5段1號,0,0,3,2,C03,8,1,5,50,14,9,1,5,4,5,7,1,1,1,4,5,2,13,1,37,2,8,1,1,7,14,1,10,1,13,,43,23,1,22,9,121.5648825,25.04117513