發生年度,發生月,發生日,發生時-Hours,發生分,處理別-編號,區序,肇事地點,死亡人數,2-30日死亡人數,受傷人數,當事人序號,車種,天候,光線,道路類別,速限-速度限制,道路型態,事故位置,路面狀況1,路面狀況2,路面狀況3,道路障礙1,道路障礙2,號誌1,號誌2,車道劃分-分向,車道劃分-分道1,車道劃分-分道2,車道劃分-分道3,事故類型及型態,性別,年齡,受傷程度,主要傷處,安全帽,行動電話,車輛用途,當事者行動狀態,駕駛資格情形,駕駛執照種類,飲酒情形,車輛撞擊部位1,車輛撞擊部位2,肇因碼-個別,肇因碼-主要,個人肇逃否,職業,旅次目的,座標-X,座標-Y
111,1,12,8,20,2,07信義區,信義區忠孝東路5段1號,0,0,3,3,C03,8,1,5,50,14,9,1,5,4,5,7,1,1,1,4,5,2,13,2,47,2,3,1,1,7,14,1,10,1,14,,43,23,1,22,9,121.5648825,25.04117513
111,1,12,8,20,2,07信義區,信義區忠孝東路5段1號,0,0,3,4,H02,8,1,5,50,14,9,1,5,4,5,7,1,1,1,4,5,2,13,2,22,2,9,1,5,7,21,8,20,10,16,,67,23,1,22,9,121.5648825,25.04117513
111,1,12,8,20,2,07信義區,信義區忠孝東路5段1號,0,0,3,5,C04,8,1,5,50,14,9,1,5,4,5,7,1,1,1,4,5,2,13,1,24,3,10,1,1,7,14,1,10,1,12,,43,23,1,22,9,121.5648825,25.04117513
111,1,12,8,25,2,10文山區,文山區木柵路4段20-2號,0,0,1,1,C03,7,1,5,50,14,9,1,5,4,5,7,4,4,5,4,5,2,13,1,19,2,8,1,1,7,9,1,10,1,11,,16,16,1,22,9,121.572903,24.99665442
111,1,12,8,25,2,10文山區,文山區木柵路4段20-2號,0,0,1,2,B03,7,1,5,50,14,9,1,5,4,5,7,4,4,5,4,5,2,13,2,76,3,10,1,1,7,15,1,8,1,6,,44,16,1,22,9,121.572903,24.99665442
111,1,12,8,26,2,08士林區,士林區德行東路331巷與德行東路365巷11弄口,0,0,1,1,B03,7,1,5,50,3,1,1,5,4,5,7,4,4,4,3,5,1,16,1,23,3,10,1,1,7,5,1,8,1,8,,8,8,1,22,9,121.5375607,25.1109841
111,1,12,8,26,2,08士林區,士林區德行東路331巷與德行東路365巷11弄口,0,0,1,2,C03,7,1,5,50,3,1,1,5,4,5,7,4,4,4,3,5,1,16,1,22,2,8,1,1,7,9,1,10,1,14,,13,8,1,22,9,121.5375607,25.1109841
111,1,12,8,48,2,06松山區,松山區光復北路與健康路口,0,0,2,1,C03,6,1,5,50,4,1,1,4,4,5,7,1,1,8,3,5,1,16,2,42,2,8,3,1,7,6,1,10,1,12,,9,9,1,22,9,121.5565399,25.05363834
111,1,12,8,48,2,06松山區,松山區光復北路與健康路口,0,0,2,2,C03,6,1,5,50,4,1,1,4,4,5,7,1,1,8,3,5,1,16,2,36,2,9,3,1,7,9,1,10,1,12,,44,9,1,22,9,121.5565399,25.05363834
111,1,12,8,50,2,12內湖區,內湖區瑞光路與基湖路口口,0,0,1,1,B03,6,1,5,50,14,9,1,4,4,5,7,4,4,5,2,4,2,12,2,48,3,10,1,1,7,9,1,8,1,5,,16,16,1,22,9,121.5650299,25.0808439
111,1,12,8,50,2,12內湖區,內湖區瑞光路與基湖路口口,0,0,1,2,C03,6,1,5,50,14,9,1,4,4,5,7,4,4,5,2,4,2,12,2,24,2,5,1,1,7,9,1,10,1,13,,44,16,1,22,9,121.5650299,25.0808439
111,1,12,8,51,2,12內湖區,內湖區金龍路與內湖路2段口,0,0,1,1,B03,7,1,5,50,4,2,1,5,4,5,7,4,4,5,4,4,2,12,1,37,3,10,1,1,7,6,1,8,2,6,,9,9,1,22,9,121.5937515,25.08474238
111,1,12,8,51,2,12內湖區,內湖區金龍路與內湖路2段口,0,0,1,2,C03,7,1,5,50,4,2,1,5,4,5,7,4,4,5,4,4,2,12,1,30,2,9,1,1,7,9,1,10,2,14,,23,9,1,22,9,121.5937515,25.08474238
111,1,12,8,53,2,03中山區,中山區復興北路與朱崙街口,0,0,1,1,C03,8,1,5,50,14,9,1,5,4,5,7,4,4,1,4,5,2,16,2,62,2,9,1,1,7,7,1,10,1,14,,7,7,1,22,9,121.5439216,25.04990509
111,1,12,8,53,2,03中山區,中山區復興北路與朱崙街口,0,0,1,2,B03,8,1,5,50,14,9,1,5,4,5,7,4,4,1,4,5,2,16,1,49,3,10,1,1,7,9,1,8,1,2,,44,7,1,22,9,121.5439216,25.04990509
111,1,12,9,0,2,03中山區,中山區建國北路2段88號前迴轉道口,0,0,1,1,B12,8,1,5,50,3,1,1,5,4,5,7,2,1,10,4,5,2,3,1,33,3,10,3,4,7,5,1,8,1,8,,15,15,1,22,9,121.5366784,25.05618299
111,1,12,9,0,2,03中山區,中山區建國北路2段88號前迴轉道口,0,0,1,2,H01,8,1,5,50,3,1,1,5,4,5,7,2,1,10,4,5,2,3,2,38,2,1,4,5,8,18,8,20,10,16,,67,15,1,22,9,121.5366784,25.05618299
111,1,12,9,0,2,10文山區,文山區興隆路1段70巷與興隆路1段70巷11弄口,0,0,1,1,C03,7,1,5,30,4,1,1,5,4,5,7,4,4,10,5,5,2,17,1,29,2,9,1,1,7,6,1,10,2,14,,44,44,1,22,9,121.5403,25.00255768
111,1,12,9,0,2,10文山區,文山區興隆路1段70巷與興隆路1段70巷11弄口,0,0,1,2,B02,7,1,5,30,4,1,1,5,4,5,7,4,4,10,5,5,2,17,1,44,3,10,1,1,7,11,1,8,2,15,,10,44,1,22,9,121.5403,25.00255768
111,1,12,9,5,2,07信義區,信義區基隆路2段與嘉興街175巷口,0,0,1,1,C03,8,1,5,50,3,1,1,5,4,5,7,4,4,1,4,5,2,9,2,26,3,10,3,4,7,6,1,10,9,11,,43,43,1,22,9,121.5566352,25.02798105
111,1,12,9,5,2,07信義區,信義區基隆路2段與嘉興街175巷口,0,0,1,2,H01,8,1,5,50,3,1,1,5,4,5,7,4,4,1,4,5,2,9,2,57,2,9,4,5,8,16,8,20,10,16,,67,43,1,22,9,121.5566352,25.02798105
111,1,12,9,15,2,09北投區,北投區永興路1段32巷與永興路1段32巷15弄口,0,0,2,1,C03,6,1,5,30,4,1,1,4,4,5,7,4,4,10,5,5,2,15,1,48,3,10,1,1,7,9,1,10,1,14,,6,6,1,22,9,121.5001235,25.13805073
111,1,12,9,15,2,09北投區,北投區永興路1段32巷與永興路1段32巷15弄口,0,0,2,2,C03,6,1,5,30,4,1,1,4,4,5,7,4,4,10,5,5,2,15,1,77,2,9,1,1,7,9,1,10,1,11,,23,6,1,22,9,121.5001235,25.13805073
111,1,12,9,15,2,09北投區,北投區永興路1段32巷與永興路1段32巷15弄口,0,0,2,3,H02,6,1,5,30,4,1,1,4,4,5,7,4,4,10,5,5,2,15,2,75,2,9,1,5,7,20,8,20,10,16,,67,6,1,22,9,121.5001235,25.13805073
111,1,12,9,17,2,05中正區,中正區濟南路2段與臨沂街口,0,0,1,2,C03,7,1,5,50,4,1,1,5,4,5,7,4,4,9,4,5,2,17,1,27,2,9,1,1,7,9,1,10,9,12,,43,43,1,22,9,121.5300998,25.0406295
111,1,12,9,17,2,05中正區,中正區濟南路2段與臨沂街口,0,0,1,1,B03,7,1,5,50,4,1,1,5,4,5,7,4,4,9,4,5,2,17,4,,4,11,3,4,7,15,7,19,11,15,,43,43,2,22,9,121.5300998,25.0406295
111,1,12,9,20,2,03中山區,中山區敬業四路與樂群三路口,0,0,1,1,B03,7,1,5,50,14,9,1,5,4,5,7,4,4,4,3,5,1,16,1,29,3,10,1,1,7,1,1,8,1,4,,19,19,1,22,9,121.5591557,25.08260005
111,1,12,9,20,2,03中山區,中山區敬業四路與樂群三路口,0,0,1,2,C03,7,1,5,50,14,9,1,5,4,5,7,4,4,4,3,5,1,16,1,24,2,9,1,1,7,9,1,10,1,11,,44,19,1,22,9,121.5591557,25.08260005
111,1,12,9,25,2,11南港區,南港區南港路2段312號與向陽路口,0,0,1,2,C03,7,1,5,50,3,1,1,5,4,5,7,4,4,1,3,5,2,13,1,31,2,9,1,1,7,9,1,10,1,11,,44,44,1,22,9,121.5940736,25.05552083
111,1,12,9,25,2,11南港區,南港區南港路2段312號與向陽路口,0,0,1,1,B02,7,1,5,50,3,1,1,5,4,5,7,4,4,1,3,5,2,13,1,61,3,10,1,1,7,6,6,18,1,7,,44,44,1,22,9,121.5940736,25.05552083
111,1,12,9,25,2,11南港區,南港區南港路2段312號與向陽路口,0,0,1,3,B03,7,1,5,50,3,1,1,5,4,5,7,4,4,1,3,5,2,13,1,51,3,10,1,1,7,9,1,7,1,2,,44,44,1,22,9,121.5940736,25.05552083
111,1,12,9,25,2,11南港區,南港區南港路2段312號與向陽路口,0,0,1,4,C03,7,1,5,50,3,1,1,5,4,5,7,4,4,1,3,5,2,13,1,37,3,10,1,1,7,9,1,10,1,15,,42,44,1,22,9,121.5940736,25.05552083
111,1,12,9,30,2,05中正區,中正區中山南路與徐州路口,0,0,1,1,C03,7,1,5,50,3,1,1,5,4,5,7,1,1,1,4,5,2,17,1,19,3,10,1,1,7,9,1,10,1,12,,23,23,1,22,9,121.5186263,25.04188138
111,1,12,9,30,2,05中正區,中正區中山南路與徐州路口,0,0,1,2,B03,7,1,5,50,3,1,1,5,4,5,7,1,1,1,4,5,2,17,1,56,3,10,1,1,7,6,1,8,1,7,,9,23,1,22,9,121.5186263,25.04188138
111,1,12,9,30,2,05中正區,中正區中山南路與徐州路口,0,0,1,3,C03,7,1,5,50,3,1,1,5,4,5,7,1,1,1,4,5,2,17,1,29,2,8,1,1,7,9,1,10,1,15,,44,23,1,22,9,121.5186263,25.04188138
111,1,12,9,35,2,02萬華區,萬華區堤外便道往北中興橋下,0,0,2,1,C03,7,1,5,40,14,11,1,5,4,5,7,4,4,5,5,5,2,13,1,41,2,8,1,1,7,9,1,10,2,11,,23,23,1,22,9,121.5004876,25.04402496
111,1,12,9,35,2,02萬華區,萬華區堤外便道往北中興橋下,0,0,2,2,C03,7,1,5,40,14,11,1,5,4,5,7,4,4,5,5,5,2,13,2,41,2,9,1,1,7,12,1,10,2,12,,44,23,1,22,9,121.5004876,25.04402496
111,1,12,9,35,2,02萬華區,萬華區堤外便道往北中興橋下,0,0,2,3,C03,7,1,5,40,14,11,1,5,4,5,7,4,4,5,5,5,2,13,1,61,3,10,1,1,7,12,1,10,2,14,,43,23,1,22,9,121.5004876,25.04402496
111,1,12,9,37,2,07信義區,信義區忠孝東路4段569號基隆路一段上,0,0,1,1,B03,8,1,5,50,14,9,1,5,4,5,7,4,4,1,4,5,2,16,1,52,3,10,1,1,7,7,1,8,1,8,,43,43,1,22,9,121.5646716,25.04173308
111,1,12,9,37,2,07信義區,信義區忠孝東路4段569號基隆路一段上,0,0,1,2,C03,8,1,5,50,14,9,1,5,4,5,7,4,4,1,4,5,2,16,1,46,2,9,1,1,7,9,1,10,1,12,,43,43,1,22,9,121.5646716,25.04173308
111,1,12,9,48,2,07信義區,信義區崇德街與信安街口,0,0,1,1,B03,7,1,5,50,4,2,1,5,4,5,7,2,1,4,5,5,1,16,1,55,3,10,1,1,7,9,6,18,1,8,,44,44,1,22,9,121.5558448,25.02402325
111,1,12,9,48,2,07信義區,信義區崇德街與信安街口,0,0,1,2,C03,7,1,5,50,4,2,1,5,4,5,7,2,1,4,5,5,1,16,2,57,2,9,1,1,7,1,1,10,1,12,,19,44,1,22,9,121.5558448,25.02402325
111,1,12,10,0,2,01大同區,大同區台北橋往三重機車道,0,0,3,1,C03,8,1,5,50,8,11,1,5,4,5,7,4,4,10,4,5,2,12,1,32,2,9,1,1,7,9,1,10,2,11,12,23,23,1,22,9,121.5088597,25.06344431
111,1,12,10,0,2,01大同區,大同區台北橋往三重機車道,0,0,3,2,C03,8,1,5,50,8,11,1,5,4,5,7,4,4,10,4,5,2,12,1,31,3,10,1,1,7,9,1,10,2,11,,23,23,1,22,9,121.5088597,25.06344431
111,1,12,10,0,2,01大同區,大同區台北橋往三重機車道,0,0,3,3,C03,8,1,5,50,8,11,1,5,4,5,7,4,4,10,4,5,2,12,2,63,2,9,1,1,7,9,1,10,2,13,,44,23,1,22,9,121.5088597,25.06344431
111,1,12,10,0,2,01大同區,大同區台北橋往三重機車道,0,0,3,4,H02,8,1,5,50,8,11,1,5,4,5,7,4,4,10,4,5,2,12,2,53,2,9,4,5,7,20,8,20,10,16,,67,23,1,22,9,121.5088597,25.06344431
111,1,12,10,9,2,03中山區,中山區民族東路238號,0,0,1,1,B03,7,1,5,50,14,9,1,5,4,5,7,4,4,1,3,5,2,13,1,28,3,10,3,4,7,14,1,8,1,7,,44,44,1,22,9,121.5322552,25.06821994
111,1,12,10,9,2,03中山區,中山區民族東路238號,0,0,1,2,C03,7,1,5,50,14,9,1,5,4,5,7,4,4,1,3,5,2,13,1,28,2,9,3,4,7,9,1,10,1,14,,42,44,1,22,9,121.5322552,25.06821994
111,1,12,10,20,2,01大同區,大同區興城街與萬全街口,0,0,1,1,C03,7,1,5,30,4,1,1,5,4,5,7,4,4,9,5,5,1,15,2,41,2,9,1,1,7,9,1,10,1,12,,6,6,1,22,9,121.5176628,25.0583644
111,1,12,10,20,2,01大同區,大同區興城街與萬全街口,0,0,1,2,B03,7,1,5,30,4,1,1,5,4,5,7,4,4,9,5,5,1,15,1,30,3,10,3,4,7,9,1,8,1,8,,13,6,1,22,9,121.5176628,25.0583644
111,1,12,10,20,2,01大同區,大同區興城街與萬全街口,0,0,1,3,B03,7,1,5,30,4,1,1,5,4,5,7,4,4,9,5,5,1,15,1,34,4,11,3,4,7,15,7,19,11,15,,38,6,2,22,9,121.5176628,25.0583644
111,1,12,10,35,2,12內湖區,內湖區五分街與康寧路3段口,0,0,2,1,C03,7,1,5,50,4,1,1,5,4,5,7,1,1,1,4,5,2,16,1,61,2,9,1,1,7,6,1,10,1,11,,44,44,1,22,9,121.6119139,25.06763755
111,1,12,10,35,2,12內湖區,內湖區五分街與康寧路3段口,0,0,2,2,C03,7,1,5,50,4,1,1,5,4,5,7,1,1,1,4,5,2,16,2,61,2,8,1,1,7,5,1,10,1,14,,25,44,1,22,9,121.6119139,25.06763755
111,1,12,11,2,2,03中山區,中山區新生北路2段與民生東路1段口,0,0,2,1,C03,6,1,5,50,4,1,1,4,4,5,7,2,1,5,4,5,2,12,2,37,2,9,3,4,7,5,1,10,2,11,,8,8,1,22,9,121.5274465,25.05803471
111,1,12,11,2,2,03中山區,中山區新生北路2段與民生東路1段口,0,0,2,2,C03,6,1,5,50,4,1,1,4,4,5,7,2,1,5,4,5,2,12,1,27,2,9,3,4,7,7,1,10,2,14,,13,8,1,22,9,121.5274465,25.05803471
111,1,12,11,14,2,11南港區,南港區研究院路2段12巷與研究院路2段口,0,0,2,1,C03,6,1,5,50,3,2,1,4,4,5,7,1,1,1,4,5,2,16,2,20,2,9,1,1,7,5,1,10,2,12,,8,8,1,22,9,121.6156349,25.04770872
111,1,12,11,14,2,11南港區,南港區研究院路2段12巷與研究院路2段口,0,0,2,2,C03,6,1,5,50,3,2,1,4,4,5,7,1,1,1,4,5,2,16,1,23,2,9,1,1,7,9,1,10,2,11,,23,8,1,22,9,121.6156349,25.04770872
111,1,12,11,59,2,02萬華區,萬華區寶興街與東園街28巷口口,0,0,1,1,C03,8,1,5,50,4,2,1,5,4,5,7,1,1,10,5,5,2,17,1,75,3,10,3,4,7,5,1,10,1,11,,26,26,1,22,9,121.4942873,25.02615095
111,1,12,11,59,2,02萬華區,萬華區寶興街與東園街28巷口口,0,0,1,2,C03,8,1,5,50,4,2,1,5,4,5,7,1,1,10,5,5,2,17,1,58,2,9,3,4,7,9,1,10,1,11,,44,26,1,22,9,121.4942873,25.02615095
111,1,12,12,0,2,10文山區,文山區辛亥路4段與辛亥路4段101巷口,0,0,1,1,B01,7,1,5,50,4,1,1,5,4,5,7,1,1,1,4,5,2,17,1,63,3,10,1,1,7,5,1,8,2,15,,25,25,1,22,9,121.558585,25.00672605
111,1,12,12,0,2,10文山區,文山區辛亥路4段與辛亥路4段101巷口,0,0,1,2,C03,7,1,5,50,4,1,1,5,4,5,7,1,1,1,4,5,2,17,1,20,2,9,1,1,7,9,1,10,2,12,,13,25,1,22,9,121.558585,25.00672605
111,1,12,12,0,2,10文山區,文山區辛亥路4段與辛亥路4段101巷口,0,0,1,3,B03,7,1,5,50,4,1,1,5,4,5,7,1,1,1,4,5,2,17,1,30,3,10,1,1,7,14,1,8,2,3,,38,25,1,22,9,121.558585,25.00672605
111,1,12,12,0,2,10文山區,文山區辛亥路4段與辛亥路4段101巷口,0,0,1,4,,7,1,5,50,4,1,1,5,4,5,7,1,1,1,4,5,2,17,3,,,,,,,,,,,,,67,25,1,,,121.558585,25.00672605
111,1,12,12,10,2,06松山區,松山區市民大道5段與光復南路57巷口,0,0,1,1,C03,7,1,5,40,5,1,1,5,4,5,7,3,1,1,3,5,2,12,1,34,3,10,1,1,7,6,1,10,1,13,,6,6,1,22,9,121.559468,25.0458679
111,1,12,12,10,2,06松山區,松山區市民大道5段與光復南路57巷口,0,0,1,2,C03,7,1,5,40,5,1,1,5,4,5,7,3,1,1,3,5,2,12,1,44,2,9,1,1,7,9,1,10,1,11,,44,6,1,22,9,121.559468,25.0458679
111,1,12,12,11,2,03中山區,中山區吉林路41號,0,0,1,1,B01,7,1,5,40,14,8,1,5,4,5,7,4,4,9,4,4,2,17,1,63,3,10,1,1,7,13,1,4,2,8,,40,40,1,22,9,121.5301359,25.0512361
111,1,12,12,11,2,03中山區,中山區吉林路41號,0,0,1,2,C03,7,1,5,40,14,8,1,5,4,5,7,4,4,9,4,4,2,17,1,54,2,9,1,1,7,12,1,10,2,14,,44,40,1,22,9,121.5301359,25.0512361
111,1,12,12,11,2,09北投區,北投區承德路7段與承德路7段401巷口口,0,0,1,1,B02,8,1,5,60,3,2,1,5,4,4,6,4,4,1,4,4,2,16,1,24,3,10,1,1,7,6,1,6,1,2,,9,9,1,22,9,121.5005463,25.12017309
111,1,12,12,11,2,09北投區,北投區承德路7段與承德路7段401巷口口,0,0,1,2,C03,8,1,5,60,3,2,1,5,4,4,6,4,4,1,4,4,2,16,1,29,2,9,1,1,7,9,1,10,1,14,,14,9,1,22,9,121.5005463,25.12017309
111,1,12,12,11,2,09北投區,北投區承德路7段與承德路7段401巷口口,0,0,1,3,A11,8,1,5,60,3,2,1,5,4,4,6,4,4,1,4,4,2,16,1,27,3,10,1,1,7,14,1,3,1,15,,38,9,1,22,9,121.5005463,25.12017309
111,1,12,12,50,2,02萬華區,萬華區桂林路與華西街口,0,0,2,1,C03,7,1,5,50,4,1,1,5,4,5,7,1,1,8,3,4,1,17,1,67,2,9,1,1,7,5,1,10,1,11,,6,6,1,22,9,121.4984227,25.0384734
111,1,12,12,50,2,02萬華區,萬華區桂林路與華西街口,0,0,2,2,C03,7,1,5,50,4,1,1,5,4,5,7,1,1,8,3,4,1,17,1,29,2,9,1,1,7,9,1,9,1,11,,23,6,1,22,9,121.4984227,25.0384734
111,1,12,12,54,2,10文山區,文山區興隆路4段與興隆路4段122巷口,0,0,1,1,B03,6,1,5,30,4,1,1,4,4,5,7,2,1,10,5,5,2,12,1,38,3,10,1,1,7,9,1,8,2,2,,17,17,1,22,9,121.5623081,24.98261932
111,1,12,12,54,2,10文山區,文山區興隆路4段與興隆路4段122巷口,0,0,1,2,F01,6,1,5,30,4,1,1,4,4,5,7,2,1,10,5,5,2,12,2,73,2,1,2,1,7,9,8,20,2,15,,17,17,1,22,9,121.5623081,24.98261932
111,1,12,13,7,2,08士林區,士林區格致路與凱旋路口,0,0,1,1,B03,7,1,5,40,3,1,1,4,4,5,7,4,4,4,5,5,1,17,2,54,3,10,1,1,7,6,1,8,1,2,,9,9,1,22,9,121.5464153,25.13700711
111,1,12,13,7,2,08士林區,士林區格致路與凱旋路口,0,0,1,2,C03,7,1,5,40,3,1,1,4,4,5,7,4,4,4,5,5,1,17,2,22,2,8,1,1,7,9,1,10,1,14,,44,9,1,22,9,121.5464153,25.13700711
111,1,12,13,8,2,10文山區,文山區木新路2段與木新路2段299巷口,0,0,1,1,B01,6,1,5,50,4,2,1,4,4,5,7,2,1,5,4,5,2,17,2,45,4,11,3,4,7,11,1,4,11,15,,10,10,2,22,9,121.5652324,24.98275654
111,1,12,13,8,2,10文山區,文山區木新路2段與木新路2段299巷口,0,0,1,2,C03,6,1,5,50,4,2,1,4,4,5,7,2,1,5,4,5,2,17,1,22,2,7,1,1,7,9,1,10,9,14,,13,10,1,22,9,121.5652324,24.98275654
111,1,12,13,42,2,09北投區,北投區大度路3段與立功街口,0,0,1,1,B03,7,1,5,50,3,1,1,5,4,5,7,3,1,1,4,5,2,17,1,35,3,10,1,1,7,6,1,8,1,6,,9,9,1,22,9,121.468937,25.123128
111,1,12,13,42,2,09北投區,北投區大度路3段與立功街口,0,0,1,2,C03,7,1,5,50,3,1,1,5,4,5,7,3,1,1,4,5,2,17,1,20,2,9,1,1,7,15,1,10,1,11,,23,9,1,22,9,121.468937,25.123128
111,1,12,13,55,2,12內湖區,內湖區新湖二路與行愛路口,0,0,1,1,B03,7,1,5,50,4,1,1,5,4,5,7,1,1,5,5,5,2,13,2,51,2,7,1,1,7,5,1,8,1,1,,23,23,1,22,9,121.5806791,25.0633481
111,1,12,13,55,2,12內湖區,內湖區新湖二路與行愛路口,0,0,1,2,B12,7,1,5,50,4,1,1,5,4,5,7,1,1,5,5,5,2,13,1,61,3,10,1,1,7,5,1,8,1,3,,8,23,1,22,9,121.5806791,25.0633481
111,1,12,14,7,2,03中山區,中山區民權東路1段69號,0,0,1,2,C03,7,1,5,50,14,9,1,5,4,5,7,4,4,1,4,5,2,17,1,22,2,9,1,1,7,9,1,10,1,12,,44,7,1,22,9,121.5265647,25.06275902
111,1,12,14,7,2,03中山區,中山區民權東路1段69號,0,0,1,1,B01,7,1,5,50,14,9,1,5,4,5,7,4,4,1,4,5,2,17,1,64,4,11,3,4,7,10,7,19,11,15,,7,7,2,22,9,121.5265647,25.06275902
111,1,12,14,17,2,06松山區,松山區八德路4段691號,0,0,1,1,A04,7,1,5,50,14,9,1,5,4,5,7,4,4,3,3,4,2,9,1,45,3,10,1,1,7,1,1,2,1,10,,43,43,1,10,4,121.5765925,25.05013079
111,1,12,14,17,2,06松山區,松山區八德路4段691號,0,0,1,2,H02,7,1,5,50,14,9,1,5,4,5,7,4,4,3,3,4,2,9,2,83,2,9,4,5,7,20,8,20,1,16,,67,43,1,22,8,121.5765925,25.05013079
111,1,12,14,17,2,06松山區,松山區八德路4段691號,0,0,1,3,H02,7,1,5,50,14,9,1,5,4,5,7,4,4,3,3,4,2,9,2,55,3,10,4,5,7,17,8,20,1,16,,67,43,1,22,9,121.5765925,25.05013079
111,1,12,14,48,2,01大同區,大同區延平北路3段與延平北路3段83巷口口,0,0,1,1,B02,8,1,5,0,4,2,1,5,4,5,7,1,1,5,4,5,2,17,1,39,4,11,3,4,7,5,7,19,11,15,,8,8,2,22,9,121.5109452,25.06722646
111,1,12,14,48,2,01大同區,大同區延平北路3段與延平北路3段83巷口口,0,0,1,2,A02,8,1,5,0,4,2,1,5,4,5,7,1,1,5,4,5,2,17,1,63,3,10,3,4,7,9,1,2,2,15,,44,8,1,22,9,121.5109452,25.06722646
111,1,12,14,48,2,01大同區,大同區延平北路3段與延平北路3段83巷口口,0,0,1,3,H02,8,1,5,0,4,2,1,5,4,5,7,1,1,5,4,5,2,17,2,62,2,8,4,5,7,20,8,20,10,16,,67,8,1,22,9,121.5109452,25.06722646
111,1,12,14,49,2,03中山區,中山區長春路112-1號,0,0,1,1,B01,8,1,5,30,14,9,1,5,4,5,7,4,4,10,3,5,1,3,2,47,3,10,1,1,7,9,1,4,2,1,,23,23,1,22,9,121.5285495,25.05470683
111,1,12,14,49,2,03中山區,中山區長春路112-1號,0,0,1,2,H01,8,1,5,30,14,9,1,5,4,5,7,4,4,10,3,5,1,3,2,68,2,9,4,5,8,16,8,20,10,16,,51,23,1,22,9,121.5285495,25.05470683
111,1,12,14,55,2,04大安區,大安區和平東路2段337號,0,0,1,1,C03,7,1,5,50,14,9,1,5,4,5,7,4,4,1,4,5,2,13,1,21,2,9,1,1,7,7,1,10,1,11,,6,6,1,22,9,121.545707,25.02479488
111,1,12,14,55,2,04大安區,大安區和平東路2段337號,0,0,1,2,B03,7,1,5,50,14,9,1,5,4,5,7,4,4,1,4,5,2,13,2,47,3,10,1,1,7,8,1,10,1,3,,7,6,1,22,9,121.545707,25.02479488
111,1,12,15,15,2,03中山區,中山區民族東路東往西中山北路引道,0,0,2,1,C03,7,1,5,50,14,9,1,5,4,5,7,4,4,10,5,5,2,10,1,48,2,9,3,4,7,15,1,10,1,11,,43,43,1,22,9,121.5238883,25.06857766
111,1,12,15,15,2,03中山區,中山區民族東路東往西中山北路引道,0,0,2,2,C03,7,1,5,50,14,9,1,5,4,5,7,4,4,10,5,5,2,10,1,22,2,9,3,4,7,9,1,10,1,11,,23,43,1,22,9,121.5238883,25.06857766
111,1,12,16,20,2,06松山區,松山區市民大道6段與基隆路1段口,0,0,3,1,C03,7,1,5,40,4,4,1,5,4,5,7,1,1,3,5,5,2,13,2,19,2,9,1,1,7,9,1,10,1,11,,16,16,1,22,9,121.5693969,25.04915716
111,1,12,16,20,2,06松山區,松山區市民大道6段與基隆路1段口,0,0,3,2,C03,7,1,5,40,4,4,1,5,4,5,7,1,1,3,5,5,2,13,2,49,2,9,1,1,7,14,1,10,1,13,,44,16,1,22,9,121.5693969,25.04915716
111,1,12,16,20,2,06松山區,松山區市民大道6段與基隆路1段口,0,0,3,3,C03,7,1,5,40,4,4,1,5,4,5,7,1,1,3,5,5,2,13,2,18,3,10,1,1,7,9,1,10,1,11,,16,16,1,22,9,121.5693969,25.04915716
111,1,12,16,20,2,06松山區,松山區市民大道6段與基隆路1段口,0,0,3,4,H02,7,1,5,40,4,4,1,5,4,5,7,1,1,3,5,5,2,13,2,18,2,9,1,5,7,21,8,20,10,16,,67,16,1,22,9,121.5693969,25.04915716
111,1,12,16,53,2,01大同區,大同區台北橋機車道(往新北環河支道),0,0,1,1,C03,7,1,5,50,14,9,1,5,4,5,7,4,4,10,5,5,2,12,1,51,3,10,3,4,7,4,1,10,2,15,,1,17,1,22,9,121.5085281,25.0635136
111,1,12,16,53,2,01大同區,大同區台北橋機車道(往新北環河支道),0,0,1,2,C03,7,1,5,50,14,9,1,5,4,5,7,4,4,10,5,5,2,12,1,40,2,9,3,4,7,9,1,10,2,15,,44,17,1,22,9,121.5085281,25.0635136
111,1,12,16,55,2,04大安區,大安區安東街40巷9號,0,0,1,2,H01,7,1,5,30,11,18,1,5,4,5,7,4,4,10,5,5,2,3,2,54,2,7,4,1,8,16,8,20,10,16,,67,15,1,22,9,121.5416177,25.0441006
111,1,12,16,55,2,04大安區,大安區安東街40巷9號,0,0,1,1,B03,7,1,5,30,11,18,1,5,4,5,7,4,4,10,5,5,2,3,1,70,3,10,1,1,7,9,1,8,2,8,,15,15,1,22,9,121.5416177,25.0441006
111,1,12,16,58,2,03中山區,中山區八德路2段與市民大道3段口,0,0,1,1,B03,7,2,5,40,4,1,1,5,4,5,7,1,1,5,4,4,2,16,1,43,3,10,3,4,7,6,1,8,1,2,,9,9,1,10,1,121.534915,25.04505451
111,1,12,16,58,2,03中山區,中山區八德路2段與市民大道3段口,0,0,1,2,C03,7,2,5,40,4,1,1,5,4,5,7,1,1,5,4,4,2,16,1,39,2,8,3,4,7,9,1,10,1,14,,44,9,1,12,9,121.534915,25.04505451
111,1,12,17,4,2,05中正區,中正區重慶南路1段與愛國西路口,0,0,3,1,C03,7,1,5,50,5,1,1,5,4,5,7,2,1,1,4,1,2,15,1,68,2,8,1,1,7,9,1,10,2,12,,43,43,1,22,9,121.5125769,25.03556426