發生年度,發生月,發生日,發生時-Hours,發生分,處理別-編號,區序,肇事地點,死亡人數,2-30日死亡人數,受傷人數,當事人序號,車種,天候,光線,道路類別,速限-速度限制,道路型態,事故位置,路面狀況1,路面狀況2,路面狀況3,道路障礙1,道路障礙2,號誌1,號誌2,車道劃分-分向,車道劃分-分道1,車道劃分-分道2,車道劃分-分道3,事故類型及型態,性別,年齡,受傷程度,主要傷處,安全帽,行動電話,車輛用途,當事者行動狀態,駕駛資格情形,駕駛執照種類,飲酒情形,車輛撞擊部位1,車輛撞擊部位2,肇因碼-個別,肇因碼-主要,個人肇逃否,職業,旅次目的,座標-X,座標-Y
111,1,12,17,4,2,05中正區,中正區重慶南路1段與愛國西路口,0,0,3,2,C03,7,1,5,50,5,1,1,5,4,5,7,2,1,1,4,1,2,15,1,35,2,8,1,1,7,9,1,10,2,11,,44,43,1,22,9,121.5125769,25.03556426
111,1,12,17,4,2,05中正區,中正區重慶南路1段與愛國西路口,0,0,3,3,H02,7,1,5,50,5,1,1,5,4,5,7,2,1,1,4,1,2,15,2,68,2,8,4,5,7,20,8,20,10,16,,67,43,1,22,9,121.5125769,25.03556426
111,1,12,17,30,2,05中正區,中正區市民大道2段,0,0,2,1,B01,8,3,5,40,14,9,1,5,4,5,7,4,4,9,4,5,2,13,1,45,3,10,1,1,7,9,1,4,2,1,,16,16,1,22,9,121.5217514,25.04784845
111,1,12,17,30,2,05中正區,中正區市民大道2段,0,0,2,2,B03,8,3,5,40,14,9,1,5,4,5,7,4,4,9,4,5,2,13,1,61,2,1,1,1,7,9,1,8,2,3,,44,16,1,22,9,121.5217514,25.04784845
111,1,12,17,30,2,05中正區,中正區市民大道2段,0,0,2,3,H02,8,3,5,40,14,9,1,5,4,5,7,4,4,9,4,5,2,13,1,56,2,1,4,5,7,17,8,20,10,16,,67,16,1,22,9,121.5217514,25.04784845
111,1,12,17,30,2,09北投區,北投區大度路2段045號燈桿,0,0,1,1,B03,8,3,5,70,14,12,1,5,4,5,7,4,4,1,4,1,1,13,1,39,3,10,1,1,7,8,1,8,2,3,,26,26,1,22,9,121.4841488,25.12223886
111,1,12,17,30,2,09北投區,北投區大度路2段045號燈桿,0,0,1,2,C03,8,3,5,70,14,12,1,5,4,5,7,4,4,1,4,1,1,13,1,21,2,9,1,1,7,9,1,10,2,11,,44,26,1,22,9,121.4841488,25.12223886
111,1,12,17,40,2,05中正區,中正區中正橋往永和方向,0,0,1,1,B03,7,1,5,30,14,9,1,5,4,5,7,4,4,2,4,5,1,16,2,36,3,10,1,1,7,8,1,8,2,5,,7,7,1,22,9,121.5164621,25.02162263
111,1,12,17,40,2,05中正區,中正區中正橋往永和方向,0,0,1,2,C03,7,1,5,30,14,9,1,5,4,5,7,4,4,2,4,5,1,16,2,45,2,9,1,1,7,9,1,10,2,14,,44,7,1,22,9,121.5164621,25.02162263
111,1,12,17,42,2,09北投區,北投區中央北路3段122號對面南往北,0,0,2,1,C03,8,1,6,50,14,9,1,5,4,5,7,4,4,9,4,5,1,18,1,20,2,8,1,1,7,9,1,10,2,12,,43,43,1,22,9,121.4834679,25.13734808
111,1,12,17,42,2,09北投區,北投區中央北路3段122號對面南往北,0,0,2,3,H02,8,1,6,50,14,9,1,5,4,5,7,4,4,9,4,5,1,18,2,18,2,7,4,5,7,20,8,20,10,16,,67,43,1,22,9,121.4834679,25.13734808
111,1,12,17,42,2,09北投區,北投區中央北路3段122號對面南往北,0,0,2,2,,8,1,6,50,14,9,1,5,4,5,7,4,4,9,4,5,1,18,3,,,,,,,,,,,,,67,43,1,,,121.4834679,25.13734808
111,1,12,17,43,2,05中正區,中正區中山南路2巷,0,0,3,2,C03,8,3,5,0,14,8,1,5,4,5,7,4,4,1,4,1,2,17,1,18,2,9,1,4,7,9,1,10,1,11,,23,9,1,22,9,121.5192415,25.04500019
111,1,12,17,43,2,05中正區,中正區中山南路2巷,0,0,3,1,C03,8,3,5,0,14,8,1,5,4,5,7,4,4,1,4,1,2,17,2,26,4,11,3,4,7,6,7,19,11,15,,9,9,2,22,9,121.5192415,25.04500019
111,1,12,17,43,2,05中正區,中正區中山南路2巷,0,0,3,3,C03,8,3,5,0,14,8,1,5,4,5,7,4,4,1,4,1,2,17,2,31,2,8,1,4,7,9,1,10,2,11,,44,9,1,22,9,121.5192415,25.04500019
111,1,12,17,43,2,05中正區,中正區中山南路2巷,0,0,3,4,H02,8,3,5,0,14,8,1,5,4,5,7,4,4,1,4,1,2,17,2,18,2,7,4,5,7,20,8,20,1,16,,67,9,1,22,9,121.5192415,25.04500019
111,1,12,17,50,2,11南港區,南港區興華路77號對面,0,0,1,1,C04,7,3,5,50,14,9,1,5,4,5,7,4,4,5,5,5,2,17,2,42,2,9,1,1,7,9,1,11,1,12,,44,44,1,22,9,121.6059625,25.05525413
111,1,12,17,50,2,11南港區,南港區興華路77號對面,0,0,1,2,C03,7,3,5,50,14,9,1,5,4,5,7,4,4,5,5,5,2,17,2,21,3,10,1,1,7,15,1,10,1,13,,42,44,1,22,9,121.6059625,25.05525413
111,1,12,17,50,2,11南港區,南港區興華路77號對面,0,0,1,3,C03,7,3,5,50,14,9,1,5,4,5,7,4,4,5,5,5,2,17,2,22,3,10,2,1,7,15,1,10,1,13,,44,44,1,22,9,121.6059625,25.05525413
111,1,12,18,0,2,06松山區,松山區南京東路3段與復興北路口,0,0,1,1,B03,7,3,5,40,4,2,1,5,4,5,7,1,1,1,4,4,2,3,1,25,3,10,1,1,7,6,3,18,2,1,,15,15,1,22,9,121.5441634,25.05195097
111,1,12,18,0,2,06松山區,松山區南京東路3段與復興北路口,0,0,1,2,H01,7,3,5,40,4,2,1,5,4,5,7,1,1,1,4,4,2,3,1,52,2,9,4,5,8,18,8,20,10,16,,52,15,1,22,9,121.5441634,25.05195097
111,1,12,18,0,2,07信義區,信義區松山路與松德路口,0,0,1,1,B03,8,3,5,50,4,1,1,5,4,5,7,2,1,10,4,5,2,17,1,25,3,10,1,1,7,5,1,8,1,1,,25,25,1,22,9,121.5778134,25.0395268
111,1,12,18,0,2,07信義區,信義區松山路與松德路口,0,0,1,2,C03,8,3,5,50,4,1,1,5,4,5,7,2,1,10,4,5,2,17,1,23,2,8,1,1,7,9,1,10,1,12,,44,25,1,22,9,121.5778134,25.0395268
111,1,12,18,10,2,06松山區,松山區民權東路3段與敦化北路口口,0,0,1,2,C03,8,2,5,50,4,1,1,5,4,5,7,1,1,1,4,5,2,11,2,31,2,9,1,1,7,9,1,10,1,11,,44,43,1,22,9,121.5507684,25.0614612
111,1,12,18,10,2,06松山區,松山區民權東路3段與敦化北路口口,0,0,1,1,,8,2,5,50,4,1,1,5,4,5,7,1,1,1,4,5,2,11,4,,4,11,3,4,7,15,7,19,11,15,,43,43,2,22,9,121.5507684,25.0614612
111,1,12,18,22,2,03中山區,中山區南京東路2段與松江路口,0,0,1,1,B03,7,3,5,50,4,2,1,5,4,5,7,1,1,3,4,4,2,13,1,34,3,10,1,1,7,9,1,8,1,5,,23,23,1,22,9,121.5331908,25.05210975
111,1,12,18,22,2,03中山區,中山區南京東路2段與松江路口,0,0,1,2,C03,7,3,5,50,4,2,1,5,4,5,7,1,1,3,4,4,2,13,2,65,2,9,1,1,7,9,4,8,1,13,14,44,23,1,22,9,121.5331908,25.05210975
111,1,12,18,30,2,03中山區,中山區中原街與長春路口,0,0,1,1,C03,8,3,5,50,3,1,1,5,4,5,7,2,1,9,4,5,2,17,1,27,2,9,1,4,7,9,1,10,1,12,,13,13,1,22,9,121.5288284,25.0548889
111,1,12,18,30,2,03中山區,中山區中原街與長春路口,0,0,1,2,B02,8,3,5,50,3,1,1,5,4,5,7,2,1,9,4,5,2,17,1,47,3,10,1,4,7,5,1,8,1,15,,6,13,1,22,9,121.5288284,25.0548889
111,1,12,18,32,2,04大安區,大安區羅斯福路3段與師大路口,0,0,1,1,C03,7,3,5,50,4,1,1,5,4,5,7,2,1,1,4,5,2,17,2,42,2,9,1,4,7,9,1,10,1,15,,44,44,1,22,9,121.5277184,25.02129328
111,1,12,18,32,2,04大安區,大安區羅斯福路3段與師大路口,0,0,1,2,C03,7,3,5,50,4,1,1,5,4,5,7,2,1,1,4,5,2,17,1,25,3,10,1,4,7,8,1,10,1,13,,7,44,1,22,9,121.5277184,25.02129328
111,1,12,18,50,2,08士林區,士林區中山北路5段470巷,0,0,1,1,C03,7,3,5,50,14,9,1,5,4,5,7,4,4,9,4,5,2,18,2,35,2,9,1,1,7,9,1,10,1,14,,13,13,1,22,9,121.5294472,25.09303364
111,1,12,18,50,2,08士林區,士林區中山北路5段470巷,0,0,1,2,,7,3,5,50,14,9,1,5,4,5,7,4,4,9,4,5,2,18,3,,,,,,,,,,,,,67,13,,,,121.5294472,25.09303364
111,1,12,18,50,2,08士林區,士林區中山北路5段470巷,0,0,1,3,H02,7,3,5,50,14,9,1,5,4,5,7,4,4,9,4,5,2,18,1,6,3,10,1,1,7,17,8,20,10,16,,67,13,1,22,9,121.5294472,25.09303364
111,1,12,18,50,2,08士林區,士林區中山北路5段470巷,0,0,1,4,H02,7,3,5,50,14,9,1,5,4,5,7,4,4,9,4,5,2,18,2,1,3,10,2,1,7,20,8,20,10,16,,67,13,1,22,9,121.5294472,25.09303364
111,1,12,19,26,2,12內湖區,內湖區民權東路6段與瑞光路口,0,0,1,1,C03,8,3,5,50,4,2,1,5,4,5,7,2,1,5,4,5,2,12,1,58,3,10,1,1,7,9,1,10,2,15,,23,23,1,22,9,121.5842061,25.06886145
111,1,12,19,26,2,12內湖區,內湖區民權東路6段與瑞光路口,0,0,1,2,C03,8,3,5,50,4,2,1,5,4,5,7,2,1,5,4,5,2,12,2,38,2,9,1,1,7,9,1,10,2,11,,26,23,1,22,9,121.5842061,25.06886145
111,1,12,19,30,2,11南港區,南港區舊莊街1段與舊莊街1段199巷口,0,0,1,1,B03,8,3,5,50,3,1,1,5,4,3,5,4,4,5,5,5,2,16,1,51,3,10,3,4,7,5,1,8,2,8,,8,8,1,22,9,121.622124,25.03870932
111,1,12,19,30,2,11南港區,南港區舊莊街1段與舊莊街1段199巷口,0,0,1,2,C03,8,3,5,50,3,1,1,5,4,3,5,4,4,5,5,5,2,16,2,46,2,9,1,1,7,14,1,10,2,11,,44,8,1,22,9,121.622124,25.03870932
111,1,12,19,30,2,11南港區,南港區舊莊街1段與舊莊街1段199巷口,0,0,1,3,B03,8,3,5,50,3,1,1,5,4,3,5,4,4,5,5,5,2,16,2,32,3,10,3,4,7,13,1,8,11,15,,38,8,1,22,9,121.622124,25.03870932
111,1,12,19,39,2,09北投區,北投區中央北路4段與中央北路4段541巷口,0,0,1,1,B03,8,3,5,50,14,9,1,5,4,5,7,1,1,9,4,5,2,16,1,34,3,10,1,1,7,5,1,8,1,4,,6,6,1,22,9,121.4677706,25.12786912
111,1,12,19,39,2,09北投區,北投區中央北路4段與中央北路4段541巷口,0,0,1,2,C03,8,3,5,50,14,9,1,5,4,5,7,1,1,9,4,5,2,16,1,21,2,9,1,1,7,9,1,10,1,11,,44,6,1,22,9,121.4677706,25.12786912
111,1,12,19,40,2,10文山區,文山區木柵路4段與木柵路4段159巷口,0,0,1,1,C03,8,3,5,50,3,2,1,5,4,5,7,1,1,5,4,5,2,17,1,41,3,10,1,1,7,10,1,9,2,15,,7,7,1,22,9,121.5756717,24.99962147
111,1,12,19,40,2,10文山區,文山區木柵路4段與木柵路4段159巷口,0,0,1,2,C03,8,3,5,50,3,2,1,5,4,5,7,1,1,5,4,5,2,17,2,19,2,9,1,1,7,9,1,10,2,14,,42,7,1,22,9,121.5756717,24.99962147
111,1,12,19,55,2,07信義區,信義區永吉路30巷與永吉路30巷157弄口,0,0,1,1,B03,7,3,5,30,4,2,1,5,4,5,7,4,4,5,5,5,1,17,1,40,3,10,3,4,7,5,1,8,1,8,,43,43,1,22,9,121.5687437,25.04241006
111,1,12,19,55,2,07信義區,信義區永吉路30巷與永吉路30巷157弄口,0,0,1,2,C03,7,3,5,30,4,2,1,5,4,5,7,4,4,5,5,5,1,17,2,28,2,9,3,4,7,5,1,10,1,11,,43,43,1,22,9,121.5687437,25.04241006
111,1,12,20,5,2,07信義區,信義區基隆路2段73號,0,0,2,1,C03,8,3,5,50,14,9,1,5,4,5,7,4,4,1,4,5,2,13,1,19,2,8,1,1,7,10,1,10,1,11,,7,7,1,22,8,121.5582017,25.03057931
111,1,12,20,5,2,07信義區,信義區基隆路2段73號,0,0,2,2,C03,8,3,5,50,14,9,1,5,4,5,7,4,4,1,4,5,2,13,1,56,2,8,1,1,7,10,6,10,1,13,,7,7,1,22,8,121.5582017,25.03057931
111,1,12,20,50,2,09北投區,北投區大度路3段301巷關渡醫院急診旁,0,0,2,1,C04,7,3,5,30,14,9,1,5,4,5,7,4,4,10,5,5,2,2,1,62,2,9,1,1,7,9,1,10,8,11,,21,21,1,22,9,121.4658837,25.1206395
111,1,12,20,50,2,09北投區,北投區大度路3段301巷關渡醫院急診旁,0,0,2,2,H01,7,3,5,30,14,9,1,5,4,5,7,4,4,10,5,5,2,2,1,63,2,9,1,1,8,16,8,20,10,16,,60,21,1,22,9,121.4658837,25.1206395
111,1,12,21,4,2,09北投區,(中和街14號前),0,0,2,1,C03,8,3,5,50,14,9,1,5,4,5,7,4,4,9,4,5,2,9,2,27,2,9,1,1,7,9,1,10,2,11,,15,15,1,22,9,121.5032484,25.13754081
111,1,12,21,4,2,09北投區,(中和街14號前),0,0,2,2,H01,8,3,5,50,14,9,1,5,4,5,7,4,4,9,4,5,2,9,1,74,2,9,4,1,8,16,8,20,10,16,,67,15,1,22,9,121.5032484,25.13754081
111,1,12,21,28,2,06松山區,松山區八德路3段158巷與光復南路46巷口,0,0,1,1,C04,7,3,5,30,5,1,1,5,4,5,7,4,4,10,5,5,2,15,1,44,3,10,3,4,7,9,1,8,1,14,,13,13,1,22,9,121.5553535,25.04589274
111,1,12,21,28,2,06松山區,松山區八德路3段158巷與光復南路46巷口,0,0,1,2,C04,7,3,5,30,5,1,1,5,4,5,7,4,4,10,5,5,2,15,2,26,2,9,3,4,7,9,1,8,1,11,,6,13,1,22,9,121.5553535,25.04589274
111,1,12,21,30,2,07信義區,信義區信安街117號,0,0,2,1,C03,8,3,5,50,14,9,1,5,4,5,7,4,4,5,4,5,2,3,1,20,2,7,1,1,7,9,1,10,1,11,,15,15,1,22,8,121.5561032,25.02480078
111,1,12,21,30,2,07信義區,信義區信安街117號,0,0,2,2,H01,8,3,5,50,14,9,1,5,4,5,7,4,4,5,4,5,2,3,1,64,2,8,4,5,8,16,8,20,10,16,,67,15,1,22,8,121.5561032,25.02480078
111,1,12,21,50,2,12內湖區,內湖區內湖路1段91巷38弄與內湖路1段203巷口,0,0,1,1,B03,7,3,5,30,4,1,1,5,4,5,7,4,4,10,5,5,2,17,1,43,2,9,1,1,7,9,1,8,1,2,,6,6,1,22,9,121.5637881,25.085495
111,1,12,21,50,2,12內湖區,內湖區內湖路1段91巷38弄與內湖路1段203巷口,0,0,1,2,B03,7,3,5,30,4,1,1,5,4,5,7,4,4,10,5,5,2,17,1,61,3,10,1,1,7,9,1,8,1,5,,14,6,1,22,9,121.5637881,25.085495
111,1,12,21,57,2,02萬華區,萬華區環河南路2段與環河南路2段149巷口,0,0,2,1,C03,8,3,5,30,4,2,1,5,4,5,7,1,1,3,4,5,2,16,1,35,2,9,1,1,7,5,1,10,1,13,,6,6,1,22,9,121.4931079,25.03405234
111,1,12,21,57,2,02萬華區,萬華區環河南路2段與環河南路2段149巷口,0,0,2,2,C03,8,3,5,30,4,2,1,5,4,5,7,1,1,3,4,5,2,16,1,28,2,9,1,1,7,9,1,10,1,11,,44,6,1,22,9,121.4931079,25.03405234
111,1,12,22,32,2,02萬華區,萬華區中華路1段與南寧路口,0,0,1,1,B02,8,3,5,50,5,1,1,5,4,5,7,1,1,1,4,5,2,12,2,32,3,10,1,1,7,6,1,8,1,2,,9,9,1,22,9,121.5066731,25.03735703
111,1,12,22,32,2,02萬華區,萬華區中華路1段與南寧路口,0,0,1,2,C03,8,3,5,50,5,1,1,5,4,5,7,1,1,1,4,5,2,12,2,34,2,8,1,1,7,9,1,10,1,14,,44,9,1,22,9,121.5066731,25.03735703
111,1,12,22,37,2,01大同區,大同區民權西路與民權西路225巷口,0,0,2,2,C04,8,3,5,50,3,2,1,5,4,5,7,2,1,1,4,5,2,13,2,27,2,8,1,1,7,9,1,10,1,11,,44,13,1,22,9,121.5121765,25.0630554
111,1,12,22,37,2,01大同區,大同區民權西路與民權西路225巷口,0,0,2,1,C03,8,3,5,50,3,2,1,5,4,5,7,2,1,1,4,5,2,13,1,30,2,8,1,1,7,9,1,10,1,11,,13,13,1,22,9,121.5121765,25.0630554
111,1,12,23,0,2,04大安區,大安區市民大道4段126號,0,0,1,1,B01,8,3,5,40,14,9,1,5,4,5,7,4,4,1,4,5,2,12,1,59,3,10,1,1,7,1,1,4,1,4,,19,19,1,22,9,121.5512276,25.0443347
111,1,12,23,0,2,04大安區,大安區市民大道4段126號,0,0,1,2,C03,8,3,5,40,14,9,1,5,4,5,7,4,4,1,4,5,2,12,2,33,2,9,1,1,7,9,1,10,1,12,,13,19,1,22,9,121.5512276,25.0443347
111,1,12,23,13,2,07信義區,信義區信義路5段與松仁路口,0,0,1,2,C03,8,3,5,50,4,1,1,5,4,5,7,1,1,1,4,5,2,12,1,29,2,5,1,1,7,6,1,10,1,14,,44,43,1,22,9,121.568453,25.03294686
111,1,12,23,13,2,07信義區,信義區信義路5段與松仁路口,0,0,1,1,,8,3,5,50,4,1,1,5,4,5,7,1,1,1,4,5,2,12,4,,4,11,3,4,7,15,7,19,11,15,,43,43,2,22,9,121.568453,25.03294686
111,1,13,0,33,2,03中山區,中山區新生北路2段76-2號,0,0,1,1,B03,8,1,5,50,14,9,1,5,4,5,7,4,4,10,5,5,2,12,1,43,3,10,1,4,7,5,1,8,5,8,,8,8,1,22,9,121.5272254,25.057336
111,1,13,0,33,2,03中山區,中山區新生北路2段76-2號,0,0,1,2,C03,8,1,5,50,14,9,1,5,4,5,7,4,4,10,5,5,2,12,1,27,2,9,1,4,7,9,1,10,2,12,,44,8,1,22,9,121.5272254,25.057336
111,1,13,0,33,2,03中山區,中山區新生北路2段76-2號,0,0,1,3,B03,8,1,5,50,14,9,1,5,4,5,7,4,4,10,5,5,2,12,3,,,,,,,,,,,,,67,8,1,,,121.5272254,25.057336
111,1,13,0,54,2,08士林區,士林區延平北路5段與延平北路5段136巷口,0,0,1,1,C04,8,1,5,50,3,2,1,5,4,5,7,2,1,1,5,5,1,17,2,61,2,9,1,1,7,9,1,11,1,15,,25,25,1,22,9,121.5104048,25.082074
111,1,13,0,54,2,08士林區,士林區延平北路5段與延平北路5段136巷口,0,0,1,2,C03,8,1,5,50,3,2,1,5,4,5,7,2,1,1,5,5,1,17,1,23,3,10,1,1,7,5,1,10,1,14,,44,25,1,22,9,121.5104048,25.082074
111,1,13,5,53,2,02萬華區,萬華區中華路1段與貴陽街2段口,0,0,1,2,,6,3,5,50,4,2,1,4,4,5,7,1,1,1,1,1,1,23,3,,,,,,,,,,,,,67,23,1,,,121.5073723,25.03917663
111,1,13,5,53,2,02萬華區,萬華區中華路1段與貴陽街2段口,0,0,1,1,B03,6,3,5,50,4,2,1,4,4,5,7,1,1,1,1,1,1,23,1,47,2,9,1,1,7,9,1,8,2,1,,23,23,1,22,9,121.5073723,25.03917663
111,1,13,6,20,2,05中正區,中正區中華路1段與愛國西路口,0,0,1,1,B12,6,3,5,50,5,1,1,4,4,5,7,1,1,10,5,5,2,12,1,80,4,11,3,4,7,15,7,19,11,15,,17,17,2,22,9,121.5070706,25.03726643
111,1,13,6,20,2,05中正區,中正區中華路1段與愛國西路口,0,0,1,2,C03,6,3,5,50,5,1,1,4,4,5,7,1,1,10,5,5,2,12,1,40,2,9,1,1,7,9,1,10,2,14,,17,17,2,22,9,121.5070706,25.03726643
111,1,13,6,21,2,06松山區,松山區撫遠街389巷與塔悠路口,0,0,1,2,F01,6,3,5,50,14,9,1,4,4,5,7,4,4,1,3,5,2,13,2,85,2,9,1,1,7,9,8,20,1,16,,44,42,1,22,9,121.5678888,25.06496115
111,1,13,6,21,2,06松山區,松山區撫遠街389巷與塔悠路口,0,0,1,1,B03,6,3,5,50,14,9,1,4,4,5,7,4,4,1,3,5,2,13,1,22,4,11,3,4,7,15,7,19,11,15,,42,42,2,22,9,121.5678888,25.06496115
111,1,13,6,59,2,10文山區,文山區木新路3段310巷與木新路3段口,0,0,1,1,B03,6,1,5,50,3,1,1,4,4,5,7,1,1,8,3,5,2,11,1,47,3,10,1,1,7,5,1,8,2,6,,6,6,1,22,9,121.5571268,24.9808753
111,1,13,6,59,2,10文山區,文山區木新路3段310巷與木新路3段口,0,0,1,2,C03,6,1,5,50,3,1,1,4,4,5,7,1,1,8,3,5,2,11,1,27,2,9,1,1,7,9,1,10,2,11,,44,6,1,22,9,121.5571268,24.9808753
111,1,13,7,27,2,01大同區,大同區安西街與涼州街口,0,0,1,1,C03,7,1,5,30,4,1,1,4,4,5,7,4,4,5,5,5,1,15,1,34,2,8,1,4,7,9,1,10,1,11,,6,6,1,22,9,121.5099179,25.0605779
111,1,13,7,27,2,01大同區,大同區安西街與涼州街口,0,0,1,2,B03,7,1,5,30,4,1,1,4,4,5,7,4,4,5,5,5,1,15,1,42,3,10,3,4,7,9,1,8,1,8,,44,6,1,22,9,121.5099179,25.0605779
111,1,13,7,27,2,02萬華區,萬華區西園路1段306巷與大理街口,0,0,1,1,C03,7,1,5,50,4,1,4,4,4,5,7,4,4,9,5,5,2,15,1,27,2,9,1,1,7,9,1,10,1,11,,6,6,1,22,9,121.4993626,25.03446844
111,1,13,7,27,2,02萬華區,萬華區西園路1段306巷與大理街口,0,0,1,2,B03,7,1,5,50,4,1,4,4,4,5,7,4,4,9,5,5,2,15,1,35,3,10,1,1,7,9,1,8,1,8,,44,6,1,22,9,121.4993626,25.03446844
111,1,13,7,39,2,05中正區,中正區汀州路2段與同安街口,0,0,1,1,B03,7,1,5,50,4,1,1,5,4,5,7,1,1,5,5,5,2,17,1,50,3,10,1,1,7,6,1,8,9,15,,9,9,1,22,9,121.5216067,25.02413642
111,1,13,7,39,2,05中正區,中正區汀州路2段與同安街口,0,0,1,2,C03,7,1,5,50,4,1,1,5,4,5,7,1,1,5,5,5,2,17,1,42,2,9,1,1,7,9,1,10,9,12,,44,9,1,22,9,121.5216067,25.02413642
111,1,13,7,41,2,04大安區,大安區信義路3段67號,0,0,1,1,C03,7,1,5,50,14,9,1,5,4,5,7,4,4,10,4,5,2,17,2,56,2,9,1,1,7,9,1,10,1,14,,6,6,1,22,9,121.5367032,25.03363956
111,1,13,7,41,2,04大安區,大安區信義路3段67號,0,0,1,2,B03,7,1,5,50,14,9,1,5,4,5,7,4,4,10,4,5,2,17,2,51,3,10,1,1,7,9,1,8,1,2,,44,6,1,22,9,121.5367032,25.03363956
111,1,13,7,59,2,12內湖區,內湖區民權東路6段與民權東路6段245巷口,0,0,2,1,C03,7,1,5,50,4,1,1,4,4,5,7,1,1,1,4,5,2,12,2,24,2,8,1,1,7,9,1,10,1,11,,43,43,1,22,9,121.6005244,25.0670205
111,1,13,7,59,2,12內湖區,內湖區民權東路6段與民權東路6段245巷口,0,0,2,2,C03,7,1,5,50,4,1,1,4,4,5,7,1,1,1,4,5,2,12,2,40,2,8,1,1,7,9,1,10,1,11,,43,43,1,22,9,121.6005244,25.0670205
111,1,13,7,59,2,12內湖區,內湖區民權東路6段與民權東路6段245巷口,0,0,2,3,,7,1,5,50,4,1,1,4,4,5,7,1,1,1,4,5,2,12,4,,4,11,3,4,7,15,7,19,11,15,,43,43,2,22,9,121.6005244,25.0670205
111,1,13,8,0,2,09北投區,北投區大業路與永興路1段口口,0,0,1,1,C03,7,1,5,50,14,9,1,4,4,5,7,4,4,5,5,5,2,18,2,41,2,9,1,1,7,9,1,10,1,12,,43,43,1,22,9,121.4983538,25.13726494
111,1,13,8,0,2,09北投區,北投區大業路與永興路1段口口,0,0,1,2,,7,1,5,50,14,9,1,4,4,5,7,4,4,5,5,5,2,18,3,,,,,,,,,,,,,67,43,1,,,121.4983538,25.13726494
111,1,13,8,4,2,05中正區,中正區林森北路與北平東路口,0,0,1,2,C03,7,1,5,50,4,1,1,4,4,5,7,1,1,9,4,5,2,13,2,26,2,9,1,1,7,9,1,10,2,13,,44,16,1,22,9,121.5236921,25.04627337
111,1,13,8,4,2,05中正區,中正區林森北路與北平東路口,0,0,1,1,B03,7,1,5,50,4,1,1,4,4,5,7,1,1,9,4,5,2,13,1,25,4,11,3,4,7,9,7,19,11,1,,16,16,2,22,9,121.5236921,25.04627337
111,1,13,8,5,2,09北投區,北投區中央北路4段18巷與中央北路4段口,0,0,1,1,C03,6,1,5,50,3,1,1,4,4,5,7,1,1,4,4,5,2,18,1,40,2,8,1,1,7,9,1,10,1,14,,42,42,1,22,9,121.4786106,25.1352883
111,1,13,8,5,2,09北投區,北投區中央北路4段18巷與中央北路4段口,0,0,1,2,,6,1,5,50,3,1,1,4,4,5,7,1,1,4,4,5,2,18,3,,,,,,,,,,,,,67,42,1,,,121.4786106,25.1352883
111,1,13,8,15,2,09北投區,北投區承德路6段與承德路7段口,0,0,1,1,C03,6,1,5,60,3,1,1,4,4,5,7,1,1,1,4,4,2,12,2,34,2,9,3,4,7,7,1,10,2,14,,7,7,1,22,9,121.5113559,25.11065605
111,1,13,8,15,2,09北投區,北投區承德路6段與承德路7段口,0,0,1,2,B03,6,1,5,60,3,1,1,4,4,5,7,1,1,1,4,4,2,12,1,34,3,10,3,4,7,9,1,8,2,5,,23,7,1,22,9,121.5113559,25.11065605
111,1,13,8,15,2,10文山區,文山區木柵路1段155號,0,0,1,1,B03,6,1,5,50,14,9,1,4,4,5,7,1,1,5,4,5,2,17,1,64,3,10,1,1,7,9,1,8,2,2,,23,23,1,22,9,121.5504227,24.9876832
111,1,13,8,15,2,10文山區,文山區木柵路1段155號,0,0,1,2,C03,6,1,5,50,14,9,1,4,4,5,7,1,1,5,4,5,2,17,1,69,2,8,1,1,7,14,1,10,2,14,,44,23,1,22,9,121.5504227,24.9876832
111,1,13,8,18,2,03中山區,中山區中山北路3段與民族西路口,0,0,1,1,C03,7,1,5,50,4,1,1,5,4,5,7,1,1,5,4,5,2,17,1,40,3,10,1,1,7,5,1,10,9,15,,25,25,1,22,9,121.522806,25.0684751
111,1,13,8,18,2,03中山區,中山區中山北路3段與民族西路口,0,0,1,2,C03,7,1,5,50,4,1,1,5,4,5,7,1,1,5,4,5,2,17,1,35,2,7,1,1,7,9,1,10,1,12,,44,25,1,22,9,121.522806,25.0684751
111,1,13,8,18,2,06松山區,松山區民生東路3段126號,0,0,1,1,B03,7,1,5,50,14,9,1,5,4,5,7,4,4,1,4,5,2,17,1,52,4,11,3,4,7,1,7,19,11,15,,19,19,2,22,9,121.5456461,25.05766215
111,1,13,8,18,2,06松山區,松山區民生東路3段126號,0,0,1,2,C03,7,1,5,50,14,9,1,5,4,5,7,4,4,1,4,5,2,17,1,39,2,9,1,1,7,9,1,10,1,14,,44,19,1,22,9,121.5456461,25.05766215
111,1,13,8,20,2,12內湖區,內湖區民權東路6段19巷27號旁,0,0,2,1,C03,6,1,5,50,14,9,1,4,4,5,7,4,4,9,4,5,2,16,1,49,2,7,1,1,7,5,1,10,1,12,,8,8,1,22,9,121.5785598,25.06912465
111,1,13,8,20,2,12內湖區,內湖區民權東路6段19巷27號旁,0,0,2,2,C03,6,1,5,50,14,9,1,4,4,5,7,4,4,9,4,5,2,16,1,41,2,3,1,1,7,9,1,10,1,11,,44,8,1,22,9,121.5785598,25.06912465