發生年度,發生月,發生日,發生時-Hours,發生分,處理別-編號,區序,肇事地點,死亡人數,2-30日死亡人數,受傷人數,當事人序號,車種,天候,光線,道路類別,速限-速度限制,道路型態,事故位置,路面狀況1,路面狀況2,路面狀況3,道路障礙1,道路障礙2,號誌1,號誌2,車道劃分-分向,車道劃分-分道1,車道劃分-分道2,車道劃分-分道3,事故類型及型態,性別,年齡,受傷程度,主要傷處,安全帽,行動電話,車輛用途,當事者行動狀態,駕駛資格情形,駕駛執照種類,飲酒情形,車輛撞擊部位1,車輛撞擊部位2,肇因碼-個別,肇因碼-主要,個人肇逃否,職業,旅次目的,座標-X,座標-Y
111,1,13,8,20,2,12內湖區,內湖區成功路5段與康湖路口,0,0,3,1,B03,7,1,5,50,3,1,1,5,4,5,7,1,1,1,4,5,2,13,2,69,3,10,1,1,7,5,1,8,2,1,,42,42,1,22,9,121.6064788,25.0818817
111,1,13,8,20,2,12內湖區,內湖區成功路5段與康湖路口,0,0,3,2,C03,7,1,5,50,3,1,1,5,4,5,7,1,1,1,4,5,2,13,1,19,2,9,1,1,7,14,1,10,2,13,,44,42,1,22,9,121.6064788,25.0818817
111,1,13,8,20,2,12內湖區,內湖區成功路5段與康湖路口,0,0,3,3,C03,7,1,5,50,3,1,1,5,4,5,7,1,1,1,4,5,2,13,1,38,2,9,1,1,7,14,1,10,2,13,,44,42,1,22,9,121.6064788,25.0818817
111,1,13,8,20,2,12內湖區,內湖區成功路5段與康湖路口,0,0,3,4,C03,7,1,5,50,3,1,1,5,4,5,7,1,1,1,4,5,2,13,1,28,3,10,1,1,7,14,1,10,2,13,,44,42,1,22,9,121.6064788,25.0818817
111,1,13,8,20,2,12內湖區,內湖區成功路5段與康湖路口,0,0,3,5,C03,7,1,5,50,3,1,1,5,4,5,7,1,1,1,4,5,2,13,2,32,2,8,1,1,7,14,1,10,2,13,,44,42,1,22,9,121.6064788,25.0818817
111,1,13,8,20,2,12內湖區,內湖區成功路5段與康湖路口,0,0,3,6,B03,7,1,5,50,3,1,1,5,4,5,7,1,1,1,4,5,2,13,2,34,3,10,1,1,7,9,1,8,2,7,,13,42,1,22,9,121.6064788,25.0818817
111,1,13,8,34,2,04大安區,大安區市民大道3段與安東街口,0,0,1,1,C03,8,1,5,40,14,9,1,5,4,5,7,2,1,8,3,5,1,12,2,42,2,5,1,1,7,9,1,10,1,11,,23,23,1,5,1,121.5425576,25.04457424
111,1,13,8,34,2,04大安區,大安區市民大道3段與安東街口,0,0,1,2,C03,8,1,5,40,14,9,1,5,4,5,7,2,1,8,3,5,1,12,1,68,3,10,1,1,7,1,1,10,1,11,,19,23,1,5,1,121.5425576,25.04457424
111,1,13,8,38,2,08士林區,士林區中正路與文林路口,0,0,1,1,C03,7,1,5,50,4,1,1,5,4,5,7,1,1,5,5,5,1,12,2,22,2,9,1,1,7,8,1,10,1,11,,7,7,1,22,9,121.5245963,25.09509034
111,1,13,8,38,2,08士林區,士林區中正路與文林路口,0,0,1,2,C03,7,1,5,50,4,1,1,5,4,5,7,1,1,5,5,5,1,12,2,28,3,10,1,1,7,9,1,10,1,11,,17,7,1,22,9,121.5245963,25.09509034
111,1,13,8,38,2,08士林區,士林區中正路與文林路口,0,0,1,3,C03,7,1,5,50,4,1,1,5,4,5,7,1,1,5,5,5,1,12,1,28,3,10,1,1,7,14,1,10,1,13,,44,7,1,22,9,121.5245963,25.09509034
111,1,13,8,39,2,04大安區,大安區基隆路3段與辛亥路3段口,0,0,1,1,C03,7,1,5,0,4,1,1,5,4,5,7,1,1,1,5,5,1,12,1,62,4,11,3,4,7,8,7,19,11,15,,7,7,2,22,9,121.5467055,25.01941436
111,1,13,8,39,2,04大安區,大安區基隆路3段與辛亥路3段口,0,0,1,2,C03,7,1,5,0,4,1,1,5,4,5,7,1,1,1,5,5,1,12,1,30,2,9,1,1,7,9,1,10,1,11,14,44,7,1,22,9,121.5467055,25.01941436
111,1,13,8,42,2,09北投區,北投區大業路與中央南路2段口,0,0,1,1,B03,6,1,5,50,5,1,1,4,4,5,7,2,1,1,2,4,2,11,1,26,3,10,1,1,7,9,1,8,1,4,,4,4,1,22,9,121.500165,25.12106522
111,1,13,8,42,2,09北投區,北投區大業路與中央南路2段口,0,0,1,2,C03,6,1,5,50,5,1,1,4,4,5,7,2,1,1,2,4,2,11,1,24,2,8,1,1,7,9,1,10,1,11,,44,4,1,22,9,121.500165,25.12106522
111,1,13,8,51,2,06松山區,松山區市民大道4段與八德路3段8巷口,0,0,1,1,B03,8,1,5,40,3,1,1,5,4,5,7,4,4,1,4,5,2,15,2,42,3,10,1,1,7,6,1,8,1,2,,9,9,1,22,9,121.549672,25.0448708
111,1,13,8,51,2,06松山區,松山區市民大道4段與八德路3段8巷口,0,0,1,2,C03,8,1,5,40,3,1,1,5,4,5,7,4,4,1,4,5,2,15,2,23,2,9,1,1,7,9,1,10,1,14,,13,9,1,22,9,121.549672,25.0448708
111,1,13,8,53,2,12內湖區,內湖區新湖三路23號,0,0,1,1,B03,7,1,5,50,3,1,1,5,4,2,7,4,4,9,4,5,2,16,1,44,3,10,1,1,7,1,1,8,1,8,,19,19,1,22,9,121.5741256,25.06148022
111,1,13,8,53,2,12內湖區,內湖區新湖三路23號,0,0,1,2,C03,7,1,5,50,3,1,1,5,4,2,7,4,4,9,4,5,2,16,1,27,2,9,1,1,7,9,1,10,1,11,,44,19,1,22,9,121.5741256,25.06148022
111,1,13,8,53,2,12內湖區,內湖區新湖三路23號,0,0,1,3,A11,7,1,5,50,3,1,1,5,4,2,7,4,4,9,4,5,2,16,1,33,3,10,1,1,7,14,1,7,1,15,,38,19,1,22,9,121.5741256,25.06148022
111,1,13,8,55,2,06松山區,(光復北路7號前),0,0,1,1,B03,7,1,5,50,4,1,1,5,4,5,7,1,1,1,4,5,2,16,1,36,3,10,1,1,7,5,1,8,1,5,,6,6,1,22,9,121.5579322,25.04916287
111,1,13,8,55,2,06松山區,(光復北路7號前),0,0,1,2,C03,7,1,5,50,4,1,1,5,4,5,7,1,1,1,4,5,2,16,2,50,2,2,1,1,7,9,1,10,1,11,,44,6,1,22,9,121.5579322,25.04916287
111,1,13,9,6,2,05中正區,中正區中華路1段與長沙街1段口,0,0,1,1,A02,7,1,5,50,14,8,1,5,4,5,7,4,4,7,4,4,2,17,1,50,3,10,1,4,7,1,1,2,1,15,,19,19,1,22,9,121.5081137,25.0408445
111,1,13,9,6,2,05中正區,中正區中華路1段與長沙街1段口,0,0,1,2,C03,7,1,5,50,14,8,1,5,4,5,7,4,4,7,4,4,2,17,1,46,2,9,1,4,7,9,1,10,1,15,,42,19,1,22,9,121.5081137,25.0408445
111,1,13,9,9,2,03中山區,中山區民權東路2段142號,0,0,2,1,C03,7,1,5,50,14,9,1,5,4,5,7,4,4,1,4,5,2,12,1,35,3,10,1,1,7,8,1,10,1,12,,7,7,1,22,9,121.5334968,25.06245165
111,1,13,9,9,2,03中山區,中山區民權東路2段142號,0,0,2,2,C03,7,1,5,50,14,9,1,5,4,5,7,4,4,1,4,5,2,12,1,39,2,9,1,1,7,9,1,10,1,14,,42,7,1,22,9,121.5334968,25.06245165
111,1,13,9,9,2,03中山區,中山區民權東路2段142號,0,0,2,3,C03,7,1,5,50,14,9,1,5,4,5,7,4,4,1,4,5,2,12,1,29,2,9,1,1,7,9,1,10,1,14,,44,7,1,22,9,121.5334968,25.06245165
111,1,13,9,10,2,12內湖區,內湖區成功路2段514號,0,0,1,1,C03,7,1,5,50,14,9,1,5,4,5,7,4,4,1,4,5,2,12,1,42,3,10,1,1,7,8,1,10,1,12,,7,7,1,22,9,121.5899026,25.07435438
111,1,13,9,10,2,12內湖區,內湖區成功路2段514號,0,0,1,2,A02,7,1,5,50,14,9,1,5,4,5,7,4,4,1,4,5,2,12,1,61,3,10,1,1,7,9,1,2,1,8,,44,7,1,22,9,121.5899026,25.07435438
111,1,13,9,10,2,12內湖區,內湖區成功路2段514號,0,0,1,3,B03,7,1,5,50,14,9,1,5,4,5,7,4,4,1,4,5,2,12,1,61,3,10,1,1,7,14,1,8,1,2,,44,7,1,22,9,121.5899026,25.07435438
111,1,13,9,10,2,12內湖區,內湖區成功路2段514號,0,0,1,4,H02,7,1,5,50,14,9,1,5,4,5,7,4,4,1,4,5,2,12,2,65,2,9,4,5,7,17,8,20,10,16,,67,7,1,22,9,121.5899026,25.07435438
111,1,13,9,19,2,03中山區,中山區崇實路與大直街20巷口,0,0,1,1,B03,7,1,5,40,4,1,1,4,4,5,7,2,1,1,4,5,2,16,1,77,3,10,3,4,7,11,1,8,1,8,,10,10,1,22,9,121.5444779,25.08108332
111,1,13,9,19,2,03中山區,中山區崇實路與大直街20巷口,0,0,1,2,C03,7,1,5,40,4,1,1,4,4,5,7,2,1,1,4,5,2,16,1,21,2,9,1,4,7,9,1,10,1,12,,13,10,1,22,9,121.5444779,25.08108332
111,1,13,9,21,2,03中山區,中山區中山北路3段53-1號,0,0,1,1,C03,7,1,5,50,14,8,1,5,4,5,7,4,4,1,4,1,2,13,1,24,2,9,1,1,7,8,1,10,2,11,,23,23,1,22,9,121.5228599,25.06789465
111,1,13,9,21,2,03中山區,中山區中山北路3段53-1號,0,0,1,2,B03,7,1,5,50,14,8,1,5,4,5,7,4,4,1,4,1,2,13,1,43,3,10,1,1,7,13,1,8,2,7,,38,23,1,22,9,121.5228599,25.06789465
111,1,13,9,40,2,03中山區,中山區民生東路3段10號,0,0,1,1,B01,7,1,5,50,14,9,1,5,4,5,7,4,4,1,3,5,1,17,1,71,4,11,3,4,7,8,7,19,9,15,,7,7,2,22,9,121.5385618,25.05776897
111,1,13,9,40,2,03中山區,中山區民生東路3段10號,0,0,1,2,C03,7,1,5,50,14,9,1,5,4,5,7,4,4,1,3,5,1,17,1,51,2,9,1,1,7,9,1,10,1,12,,44,7,1,22,9,121.5385618,25.05776897
111,1,13,10,5,2,03中山區,中山區吉林路與民權東路2段口,0,0,1,1,B03,7,1,5,50,4,1,1,5,4,5,7,2,1,4,3,5,2,11,1,25,3,10,3,4,7,5,1,8,1,8,,44,44,1,22,9,121.5302798,25.06263743
111,1,13,10,5,2,03中山區,中山區吉林路與民權東路2段口,0,0,1,2,C03,7,1,5,50,4,1,1,5,4,5,7,2,1,4,3,5,2,11,2,61,2,9,3,4,7,9,1,10,1,14,,25,44,1,22,9,121.5302798,25.06263743
111,1,13,10,10,2,05中正區,中正區重慶南路1段136巷,0,0,1,1,B03,7,1,5,50,14,9,1,4,4,5,7,4,4,9,4,5,2,16,2,68,3,10,1,1,7,5,1,8,2,5,,6,6,1,22,9,121.51254,25.0362516
111,1,13,10,10,2,05中正區,中正區重慶南路1段136巷,0,0,1,2,C03,7,1,5,50,14,9,1,4,4,5,7,4,4,9,4,5,2,16,2,71,2,7,1,1,7,9,1,10,2,14,,44,6,1,22,9,121.51254,25.0362516
111,1,13,10,30,2,03中山區,中山區建國北路1段與建國北路1段88巷口,0,0,1,1,B02,8,1,5,50,4,1,1,5,4,5,7,2,1,1,4,5,2,16,1,46,3,10,3,4,7,5,1,8,1,4,,8,8,1,22,9,121.5365528,25.04966121
111,1,13,10,30,2,03中山區,中山區建國北路1段與建國北路1段88巷口,0,0,1,2,C03,8,1,5,50,4,1,1,5,4,5,7,2,1,1,4,5,2,16,2,27,2,9,1,4,7,9,1,10,1,12,,23,8,1,22,9,121.5365528,25.04966121
111,1,13,10,30,2,07信義區,信義區市民大道6段與虎林街口,0,0,2,1,C03,8,1,5,50,4,1,1,5,4,5,7,1,1,5,4,5,2,12,1,37,2,9,3,4,7,5,1,10,1,13,,8,8,1,22,9,121.5760079,25.0491756
111,1,13,10,30,2,07信義區,信義區市民大道6段與虎林街口,0,0,2,2,C03,8,1,5,50,4,1,1,5,4,5,7,1,1,5,4,5,2,12,2,26,2,9,3,4,7,9,1,10,1,11,,23,8,1,22,9,121.5760079,25.0491756
111,1,13,10,48,2,09北投區,北投區大度路1段2號,0,0,1,1,C03,7,1,5,50,5,1,1,5,4,5,7,1,1,1,4,5,2,18,1,28,2,8,1,1,7,9,1,10,1,15,,23,23,1,22,9,121.4995228,25.12121891
111,1,13,10,48,2,09北投區,北投區大度路1段2號,0,0,1,2,,7,1,5,50,5,1,1,5,4,5,7,1,1,1,4,5,2,18,3,,,,,,,,,,,,,67,23,1,,,121.4995228,25.12121891
111,1,13,11,19,2,11南港區,南港區忠孝東路6段360號與忠孝東路口,0,0,1,1,B12,7,1,5,50,5,2,1,5,4,5,7,2,1,3,3,4,2,16,1,58,3,10,3,4,7,5,1,8,1,8,,23,23,1,22,9,121.5913358,25.04974598
111,1,13,11,19,2,11南港區,南港區忠孝東路6段360號與忠孝東路口,0,0,1,2,C04,7,1,5,50,5,2,1,5,4,5,7,2,1,3,3,4,2,16,1,66,2,9,3,4,7,5,1,10,1,11,,27,23,1,22,9,121.5913358,25.04974598
111,1,13,11,20,2,04大安區,大安區信義路4段與安和路2段口,0,0,1,1,C03,8,1,5,50,5,2,1,5,4,5,7,1,1,8,3,5,2,13,1,40,2,8,1,1,7,9,1,10,11,11,,23,23,1,22,9,121.5523944,25.03312405
111,1,13,11,20,2,04大安區,大安區信義路4段與安和路2段口,0,0,1,2,B01,8,1,5,50,5,2,1,5,4,5,7,1,1,8,3,5,2,13,1,55,3,10,1,1,7,9,1,4,11,6,,44,23,1,22,9,121.5523944,25.03312405
111,1,13,11,21,2,07信義區,信義區松仁路與松壽路口,0,0,1,1,C03,7,1,5,50,3,2,1,5,4,5,7,1,1,4,4,5,2,12,2,45,2,9,1,1,7,5,1,10,1,12,,23,23,1,22,9,121.5682525,25.0358274
111,1,13,11,21,2,07信義區,信義區松仁路與松壽路口,0,0,1,2,B01,7,1,5,50,3,2,1,5,4,5,7,1,1,4,4,5,2,12,1,44,3,10,1,1,7,11,1,4,1,8,,10,23,1,22,9,121.5682525,25.0358274
111,1,13,11,30,2,11南港區,南港區昆陽街157巷(忠孝東路6段488號前),0,0,2,1,C03,7,1,5,50,14,9,1,5,4,5,7,4,4,5,4,5,2,16,1,47,2,8,1,1,7,5,1,10,2,11,,8,8,1,22,9,121.5951405,25.0503153
111,1,13,11,30,2,11南港區,南港區昆陽街157巷(忠孝東路6段488號前),0,0,2,2,C03,7,1,5,50,14,9,1,5,4,5,7,4,4,5,4,5,2,16,2,58,2,9,1,1,7,9,1,10,2,11,,44,8,1,22,9,121.5951405,25.0503153
111,1,13,11,37,2,09北投區,北投區承德路6段331巷290號,0,0,1,1,B03,7,1,5,30,11,9,1,4,4,5,7,4,4,10,5,5,1,17,1,29,3,10,1,1,7,9,1,8,1,8,,23,23,1,22,9,121.5098973,25.10512531
111,1,13,11,37,2,09北投區,北投區承德路6段331巷290號,0,0,1,2,C03,7,1,5,30,11,9,1,4,4,5,7,4,4,10,5,5,1,17,1,45,2,8,1,1,7,9,1,10,1,11,,23,23,1,22,9,121.5098973,25.10512531
111,1,13,12,2,2,04大安區,大安區愛國東路與杭州南路2段口,0,0,2,1,C03,7,1,5,50,4,1,1,5,4,5,7,2,1,9,4,5,1,16,1,37,2,7,1,1,7,5,1,10,2,11,,8,8,1,22,9,121.5225315,25.03243375
111,1,13,12,2,2,04大安區,大安區愛國東路與杭州南路2段口,0,0,2,2,C03,7,1,5,50,4,1,1,5,4,5,7,2,1,9,4,5,1,16,1,26,2,7,1,1,7,9,1,9,2,12,,44,8,1,22,9,121.5225315,25.03243375
111,1,13,12,6,2,04大安區,大安區仁愛路4段與安和路1段口,0,0,1,1,B01,8,1,5,50,5,1,1,5,4,5,7,1,1,8,3,5,2,11,1,52,3,10,1,1,7,15,1,8,1,1,,6,6,1,22,9,121.5511371,25.03776384
111,1,13,12,6,2,04大安區,大安區仁愛路4段與安和路1段口,0,0,1,2,F02,8,1,5,50,5,1,1,5,4,5,7,1,1,8,3,5,2,11,2,43,2,9,1,1,7,9,8,20,1,16,,23,6,1,22,9,121.5511371,25.03776384
111,1,13,12,16,2,09北投區,北投區承德路7段與立賢路口口,0,0,2,1,C03,8,1,5,60,4,2,1,5,4,5,7,2,1,1,4,5,2,13,1,19,2,9,1,1,7,9,1,10,1,11,,16,16,1,22,9,121.5051809,25.11636413
111,1,13,12,16,2,09北投區,北投區承德路7段與立賢路口口,0,0,2,2,C03,8,1,5,60,4,2,1,5,4,5,7,2,1,1,4,5,2,13,2,66,2,9,1,1,7,9,1,10,1,13,,44,16,1,22,9,121.5051809,25.11636413
111,1,13,12,47,2,10文山區,文山區興隆路4段183號與興隆路4段96巷口,0,0,2,1,C03,7,1,5,30,3,1,1,5,4,5,7,4,4,9,4,5,2,15,2,69,2,8,1,1,7,9,1,10,1,14,,6,6,1,22,9,121.5620462,24.98340474
111,1,13,12,47,2,10文山區,文山區興隆路4段183號與興隆路4段96巷口,0,0,2,2,C03,7,1,5,30,3,1,1,5,4,5,7,4,4,9,4,5,2,15,1,34,2,9,1,1,7,9,1,10,1,11,,14,6,1,22,9,121.5620462,24.98340474
111,1,13,13,35,2,08士林區,士林區文林路與福德路口,0,0,1,1,C03,8,1,5,50,4,2,1,5,4,5,7,2,1,10,2,5,1,16,1,26,2,8,1,1,7,11,1,10,2,12,,10,10,1,22,9,121.5259634,25.09233984
111,1,13,13,35,2,08士林區,士林區文林路與福德路口,0,0,1,2,C03,8,1,5,50,4,2,1,5,4,5,7,2,1,10,2,5,1,16,2,30,3,10,1,1,7,9,1,10,2,11,,23,10,1,22,9,121.5259634,25.09233984
111,1,13,13,37,2,08士林區,士林區福林路254巷12號,0,0,1,1,B12,8,1,5,50,14,9,1,5,4,5,7,4,4,10,5,5,2,2,1,42,3,10,1,1,7,9,1,8,1,1,,23,23,1,22,9,121.5351137,25.09793914
111,1,13,13,37,2,08士林區,士林區福林路254巷12號,0,0,1,2,H01,8,1,5,50,14,9,1,5,4,5,7,4,4,10,5,5,2,2,2,19,2,9,4,5,8,16,8,20,10,16,,67,23,1,22,9,121.5351137,25.09793914
111,1,13,14,3,2,01大同區,大同區萬全街3巷與錦西街38巷口,0,0,1,1,G06,8,1,5,30,4,1,1,5,4,5,7,4,4,10,5,5,2,15,2,61,2,8,3,4,7,9,7,19,1,15,,26,26,1,22,9,121.5204365,25.05956415
111,1,13,14,3,2,01大同區,大同區萬全街3巷與錦西街38巷口,0,0,1,2,B12,8,1,5,30,4,1,1,5,4,5,7,4,4,10,5,5,2,15,1,35,3,10,1,1,7,9,1,8,1,1,,6,26,1,22,9,121.5204365,25.05956415
111,1,13,14,21,2,01大同區,大同區長安西路與塔城街口,0,0,1,1,B01,7,1,5,50,4,1,1,5,4,5,7,2,1,5,4,5,2,11,1,66,3,10,3,4,7,5,1,8,2,2,,6,6,1,22,9,121.5104408,25.0520204
111,1,13,14,21,2,01大同區,大同區長安西路與塔城街口,0,0,1,2,C03,7,1,5,50,4,1,1,5,4,5,7,2,1,5,4,5,2,11,1,48,2,9,1,1,7,9,1,10,2,11,,44,6,1,22,9,121.5104408,25.0520204
111,1,13,14,27,2,05中正區,中正區三元街111號,0,0,1,1,B03,7,1,5,40,14,8,1,4,4,5,7,4,4,1,4,4,1,17,2,36,3,10,1,1,7,15,1,8,2,8,,42,42,1,22,9,121.5105817,25.0283702
111,1,13,14,27,2,05中正區,中正區三元街111號,0,0,1,2,C03,7,1,5,40,14,8,1,4,4,5,7,4,4,1,4,4,1,17,1,29,2,7,1,1,7,15,1,10,2,12,,44,42,1,22,9,121.5105817,25.0283702
111,1,13,14,28,2,08士林區,士林區延平北路7段106巷與社子大橋口,0,0,2,1,C03,8,1,5,40,3,1,1,5,4,5,7,1,1,7,5,5,2,10,1,51,2,9,1,1,7,9,4,8,2,11,,25,25,1,22,9,121.4952876,25.10947324
111,1,13,14,28,2,08士林區,士林區延平北路7段106巷與社子大橋口,0,0,2,2,C03,8,1,5,40,3,1,1,5,4,5,7,1,1,7,5,5,2,10,1,20,2,9,3,1,7,9,1,10,2,11,,25,25,1,22,9,121.4952876,25.10947324
111,1,13,14,37,2,01大同區,大同區長安西路84號,0,0,1,1,C03,8,1,5,50,14,9,1,5,4,5,7,4,4,5,4,5,2,12,2,24,2,9,1,4,7,7,1,10,2,14,,7,7,1,22,9,121.5191519,25.05041305
111,1,13,14,37,2,01大同區,大同區長安西路84號,0,0,1,2,B01,8,1,5,50,14,9,1,5,4,5,7,4,4,5,4,5,2,12,1,61,3,10,1,4,7,9,1,4,2,2,,44,7,1,22,9,121.5191519,25.05041305
111,1,13,14,50,2,03中山區,中山區中山北路3段往南圓山涵洞,0,0,2,1,C03,8,1,5,30,14,11,1,5,4,5,7,1,1,1,5,5,2,16,2,19,2,9,1,1,7,9,1,10,1,11,,25,25,1,22,9,121.5251079,25.07680946
111,1,13,14,50,2,03中山區,中山區中山北路3段往南圓山涵洞,0,0,2,2,B03,8,1,5,30,14,11,1,5,4,5,7,1,1,1,5,5,2,16,1,69,3,10,1,1,7,9,1,8,1,1,,44,25,1,22,9,121.5251079,25.07680946
111,1,13,14,50,2,03中山區,中山區中山北路3段往南圓山涵洞,0,0,2,3,H02,8,1,5,30,14,11,1,5,4,5,7,1,1,1,5,5,2,16,2,19,2,9,4,5,7,21,8,20,10,16,,67,25,1,22,9,121.5251079,25.07680946
111,1,13,15,32,2,06松山區,松山區塔悠路與基隆路1段口,0,0,2,1,F01,7,1,5,10,5,2,1,5,4,5,7,1,1,1,4,5,2,15,1,71,2,9,1,1,7,11,8,20,1,16,,25,25,1,22,9,121.57046,25.0514521
111,1,13,15,32,2,06松山區,松山區塔悠路與基隆路1段口,0,0,2,2,C03,7,1,5,10,5,2,1,5,4,5,7,1,1,1,4,5,2,15,1,20,2,9,1,1,7,9,1,10,1,11,,23,25,1,22,9,121.57046,25.0514521
111,1,13,15,37,2,07信義區,信義區忠孝東路5段與中坡南路口,0,0,1,1,B03,7,1,5,50,4,1,1,5,4,5,7,2,1,10,5,5,2,17,1,53,3,10,1,1,7,6,1,8,1,5,,42,42,1,22,9,121.5819034,25.0442501
111,1,13,15,37,2,07信義區,信義區忠孝東路5段與中坡南路口,0,0,1,2,C03,7,1,5,50,4,1,1,5,4,5,7,2,1,10,5,5,2,17,1,28,2,9,1,1,7,9,1,10,1,14,,13,42,1,22,9,121.5819034,25.0442501
111,1,13,15,40,2,04大安區,大安區光復南路與光復南路口無名巷,0,0,1,1,B03,7,1,5,30,4,2,1,5,4,5,7,4,4,10,4,5,2,17,2,39,3,10,1,1,7,5,1,8,1,15,,43,43,1,22,9,121.5574137,25.04024663
111,1,13,15,40,2,04大安區,大安區光復南路與光復南路口無名巷,0,0,1,2,C03,7,1,5,30,4,2,1,5,4,5,7,4,4,10,4,5,2,17,1,28,2,9,1,1,7,9,1,10,1,15,,43,43,1,22,9,121.5574137,25.04024663
111,1,13,16,3,2,09北投區,北投區西安街2段與公館路口,0,0,1,2,C03,8,1,5,0,4,2,1,5,4,5,7,1,1,7,4,5,1,16,1,20,3,10,1,1,7,9,1,10,2,14,,44,6,1,22,9,121.5027305,25.12145531
111,1,13,16,3,2,09北投區,北投區西安街2段與公館路口,0,0,1,1,C03,8,1,5,0,4,2,1,5,4,5,7,1,1,7,4,5,1,16,1,90,2,7,1,1,7,5,1,10,2,11,,6,6,1,22,9,121.5027305,25.12145531
111,1,13,16,5,2,04大安區,大安區通化街160號,0,0,1,1,C03,8,1,5,50,14,9,1,5,4,5,7,4,4,5,2,5,2,12,1,25,2,9,1,1,7,9,1,10,1,11,,42,42,1,22,9,121.5537602,25.02840154
111,1,13,16,5,2,04大安區,大安區通化街160號,0,0,1,2,B03,8,1,5,50,14,9,1,5,4,5,7,4,4,5,2,5,2,12,1,32,3,10,1,1,7,8,1,8,1,3,,42,42,1,22,9,121.5537602,25.02840154
111,1,13,16,23,2,08士林區,士林區格致路與菁山路口,0,0,2,1,C03,7,1,5,40,3,1,1,5,4,5,7,1,1,4,5,5,1,17,2,19,2,9,1,1,7,15,1,10,1,14,,44,44,2,22,9,121.5465526,25.1378993
111,1,13,16,23,2,08士林區,士林區格致路與菁山路口,0,0,2,2,C03,7,1,5,40,3,1,1,5,4,5,7,1,1,4,5,5,1,17,1,21,2,9,1,1,7,15,1,10,1,12,,4,44,2,22,9,121.5465526,25.1378993
111,1,13,16,30,2,12內湖區,內湖區民權東路6段56巷1弄與民權東路6段56巷口,0,0,1,1,B03,7,3,5,50,3,1,1,5,4,5,7,4,4,5,4,4,2,17,1,50,3,10,1,1,7,5,1,8,2,15,,6,6,1,22,9,121.5847289,25.06837
111,1,13,16,30,2,12內湖區,內湖區民權東路6段56巷1弄與民權東路6段56巷口,0,0,1,2,C03,7,3,5,50,3,1,1,5,4,5,7,4,4,5,4,4,2,17,1,34,2,9,1,1,7,9,1,10,2,12,,23,6,1,22,9,121.5847289,25.06837
111,1,13,16,50,2,03中山區,中山區民生東路1段與民生東路1段70巷口,0,0,1,1,B02,7,1,5,50,4,1,1,5,4,5,7,4,4,10,4,5,2,17,1,45,3,10,1,4,7,5,1,8,2,8,,6,6,1,22,9,121.5264382,25.05799355
111,1,13,16,50,2,03中山區,中山區民生東路1段與民生東路1段70巷口,0,0,1,2,C03,7,1,5,50,4,1,1,5,4,5,7,4,4,10,4,5,2,17,1,36,2,9,1,4,7,9,1,10,2,14,11,14,6,1,22,9,121.5264382,25.05799355
111,1,13,16,50,2,03中山區,中山區民生東路1段與民生東路1段70巷口,0,0,1,3,B03,7,1,5,50,4,1,1,5,4,5,7,4,4,10,4,5,2,17,1,23,3,10,3,4,7,13,1,8,2,8,,38,6,1,22,9,121.5264382,25.05799355
111,1,13,17,15,2,03中山區,中山區民生西路7號,0,0,3,1,C03,8,3,5,50,14,9,1,5,4,5,7,4,4,4,3,5,1,16,1,68,2,9,1,1,7,11,1,10,1,12,,10,10,1,22,9,121.521625,25.05782289
111,1,13,17,15,2,03中山區,中山區民生西路7號,0,0,3,2,C03,8,3,5,50,14,9,1,5,4,5,7,4,4,4,3,5,1,16,1,57,2,9,1,1,7,9,1,10,1,14,,44,10,1,22,9,121.521625,25.05782289
111,1,13,17,15,2,03中山區,中山區民生西路7號,0,0,3,3,H02,8,3,5,50,14,9,1,5,4,5,7,4,4,4,3,5,1,16,2,64,2,9,1,5,7,20,8,20,10,16,,67,10,1,22,9,121.521625,25.05782289
111,1,13,17,25,2,01大同區,大同區承德路3段與庫倫街口,0,0,1,2,C03,8,3,5,0,5,1,1,5,4,5,7,1,1,1,4,5,2,15,1,56,2,9,3,4,7,9,1,10,1,12,,44,25,1,22,9,121.5146513,25.06287552
111,1,13,17,25,2,01大同區,大同區承德路3段與庫倫街口,0,0,1,1,B11,8,3,5,0,5,1,1,5,4,5,7,1,1,1,4,5,2,15,1,48,4,11,3,4,7,15,7,19,11,15,,25,25,2,22,9,121.5146513,25.06287552
111,1,13,17,32,2,02萬華區,萬華區萬大路85巷與莒光路197巷口,0,0,1,1,C03,8,3,5,30,4,1,1,5,4,5,7,4,4,10,5,5,2,15,2,35,2,9,1,1,7,9,1,10,1,12,,6,6,1,22,9,121.5018508,25.0303229
111,1,13,17,32,2,02萬華區,萬華區萬大路85巷與莒光路197巷口,0,0,1,2,C03,8,3,5,30,4,1,1,5,4,5,7,4,4,10,5,5,2,15,1,50,3,10,1,1,7,9,1,10,1,11,,44,6,1,22,9,121.5018508,25.0303229
111,1,13,17,33,2,05中正區,中正區濟南路2段與忠孝東路2段134巷口,0,0,1,1,B03,7,3,5,50,4,2,1,5,4,5,7,4,4,5,1,5,2,17,2,59,3,10,1,1,7,9,1,8,2,8,,44,44,1,22,9,121.531633,25.04026749