發生年度,發生月,發生日,發生時-Hours,發生分,處理別-編號,區序,肇事地點,死亡人數,2-30日死亡人數,受傷人數,當事人序號,車種,天候,光線,道路類別,速限-速度限制,道路型態,事故位置,路面狀況1,路面狀況2,路面狀況3,道路障礙1,道路障礙2,號誌1,號誌2,車道劃分-分向,車道劃分-分道1,車道劃分-分道2,車道劃分-分道3,事故類型及型態,性別,年齡,受傷程度,主要傷處,安全帽,行動電話,車輛用途,當事者行動狀態,駕駛資格情形,駕駛執照種類,飲酒情形,車輛撞擊部位1,車輛撞擊部位2,肇因碼-個別,肇因碼-主要,個人肇逃否,職業,旅次目的,座標-X,座標-Y
111,1,13,17,33,2,05中正區,中正區濟南路2段與忠孝東路2段134巷口,0,0,1,2,C03,7,3,5,50,4,2,1,5,4,5,7,4,4,5,1,5,2,17,2,38,2,9,1,1,7,5,1,10,2,12,,6,44,1,22,9,121.531633,25.04026749
111,1,13,17,35,2,10文山區,文山區興隆路1段與興隆路2段口,0,0,1,1,B03,8,3,5,50,5,2,1,5,4,5,7,2,1,1,4,5,2,17,1,49,3,10,1,1,7,8,1,8,11,15,,7,7,1,22,9,121.5443122,24.99889628
111,1,13,17,35,2,10文山區,文山區興隆路1段與興隆路2段口,0,0,1,2,C03,8,3,5,50,5,2,1,5,4,5,7,2,1,1,4,5,2,17,2,21,2,9,1,1,7,9,1,10,1,12,,42,7,1,22,9,121.5443122,24.99889628
111,1,13,17,43,2,04大安區,大安區新生南路2段往北公車站旁,0,0,2,1,C03,7,1,5,40,14,9,1,5,4,5,7,4,4,10,4,5,2,13,2,42,2,9,1,1,7,9,1,10,1,11,,43,43,1,22,9,121.53296,25.03317876
111,1,13,17,43,2,04大安區,大安區新生南路2段往北公車站旁,0,0,2,2,C03,7,1,5,40,14,9,1,5,4,5,7,4,4,10,4,5,2,13,2,36,2,9,1,1,7,9,1,10,1,13,,43,43,1,22,9,121.53296,25.03317876
111,1,13,17,43,2,04大安區,大安區新生南路2段往北公車站旁,0,0,2,3,,7,1,5,40,14,9,1,5,4,5,7,4,4,10,4,5,2,13,4,,4,11,3,4,7,15,7,19,11,15,,43,43,2,22,9,121.53296,25.03317876
111,1,13,17,50,2,05中正區,中正區忠孝東路1段與紹興北街口,0,0,2,1,C03,8,3,5,50,4,2,1,5,4,5,7,2,1,1,4,5,2,13,1,39,2,9,1,4,7,9,1,10,2,11,,16,16,1,22,1,121.5251634,25.0444816
111,1,13,17,50,2,05中正區,中正區忠孝東路1段與紹興北街口,0,0,2,2,C02,8,3,5,50,4,2,1,5,4,5,7,2,1,1,4,5,2,13,1,53,2,9,1,1,7,8,4,10,2,13,,7,16,1,5,4,121.5251634,25.0444816
111,1,13,18,4,2,09北投區,北投區承德路7段與承德路7段393巷口,0,0,1,1,B03,7,3,5,60,4,1,1,5,4,5,7,1,1,1,4,4,1,16,1,47,3,10,1,1,7,9,1,8,1,6,,25,25,1,22,9,121.5015702,25.11958078
111,1,13,18,4,2,09北投區,北投區承德路7段與承德路7段393巷口,0,0,1,2,C03,7,3,5,60,4,1,1,5,4,5,7,1,1,1,4,4,1,16,1,34,2,9,1,1,7,1,1,10,1,11,,23,25,1,22,9,121.5015702,25.11958078
111,1,13,18,5,2,04大安區,大安區羅斯福路3段197號,0,0,2,1,,7,3,5,0,14,9,1,5,4,5,7,4,4,1,4,5,2,12,4,,4,11,3,4,7,15,7,19,11,15,,43,43,2,22,9,121.5282276,25.02080587
111,1,13,18,5,2,04大安區,大安區羅斯福路3段197號,0,0,2,2,C03,7,3,5,0,14,9,1,5,4,5,7,4,4,1,4,5,2,12,2,29,2,9,3,4,7,7,1,10,1,14,,43,43,1,22,9,121.5282276,25.02080587
111,1,13,18,5,2,04大安區,大安區羅斯福路3段197號,0,0,2,3,C03,7,3,5,0,14,9,1,5,4,5,7,4,4,1,4,5,2,12,2,65,2,9,3,4,7,9,1,10,1,11,,44,43,1,22,9,121.5282276,25.02080587
111,1,13,18,19,2,09北投區,北投區石牌路2段201號,0,0,1,1,B03,7,3,5,50,14,9,1,5,4,5,7,4,4,5,4,5,2,12,1,39,3,10,1,1,7,9,1,8,2,2,,17,17,1,22,9,121.5189248,25.11877825
111,1,13,18,19,2,09北投區,北投區石牌路2段201號,0,0,1,2,C03,7,3,5,50,14,9,1,5,4,5,7,4,4,5,4,5,2,12,1,67,2,9,1,1,7,9,1,10,2,14,,17,17,1,22,9,121.5189248,25.11877825
111,1,13,18,38,2,09北投區,北投區中央北路2段147號前,0,0,3,1,C03,7,4,5,50,14,9,1,5,4,5,7,4,4,5,4,5,2,12,1,59,2,9,1,1,7,8,1,10,2,12,,7,7,1,22,9,121.493778,25.1374339
111,1,13,18,38,2,09北投區,北投區中央北路2段147號前,0,0,3,2,C03,7,4,5,50,14,9,1,5,4,5,7,4,4,5,4,5,2,12,1,21,2,9,1,1,7,9,1,10,2,14,,44,7,1,22,9,121.493778,25.1374339
111,1,13,18,38,2,09北投區,北投區中央北路2段147號前,0,0,3,3,C03,7,4,5,50,14,9,1,5,4,5,7,4,4,5,4,5,2,12,2,54,3,10,1,1,4,13,1,10,9,13,,44,7,1,22,9,121.493778,25.1374339
111,1,13,18,38,2,09北投區,北投區中央北路2段147號前,0,0,3,4,C03,7,4,5,50,14,9,1,5,4,5,7,4,4,5,4,5,2,12,2,35,4,11,3,4,7,21,7,19,11,15,,44,7,1,22,9,121.493778,25.1374339
111,1,13,18,38,2,09北投區,北投區中央北路2段147號前,0,0,3,5,C03,7,4,5,50,14,9,1,5,4,5,7,4,4,5,4,5,2,12,1,41,3,10,1,1,7,13,1,10,9,13,,44,7,1,22,9,121.493778,25.1374339
111,1,13,18,38,2,09北投區,北投區中央北路2段147號前,0,0,3,6,C03,7,4,5,50,14,9,1,5,4,5,7,4,4,5,4,5,2,12,1,58,3,10,1,1,7,13,1,10,9,13,,44,7,1,22,9,121.493778,25.1374339
111,1,13,18,38,2,09北投區,北投區中央北路2段147號前,0,0,3,7,C03,7,4,5,50,14,9,1,5,4,5,7,4,4,5,4,5,2,12,1,23,3,10,1,1,7,13,1,10,9,12,,44,7,1,22,9,121.493778,25.1374339
111,1,13,18,38,2,09北投區,北投區中央北路2段147號前,0,0,3,8,H02,7,4,5,50,14,9,1,5,4,5,7,4,4,5,4,5,2,12,1,22,2,8,4,5,7,20,8,20,10,16,,67,7,1,22,9,121.493778,25.1374339
111,1,13,18,40,2,10文山區,文山區辛亥路7段與忠順街1段口,0,0,1,1,B03,8,3,5,50,3,2,1,5,4,5,7,2,1,5,2,4,2,12,2,38,3,10,3,4,7,8,1,8,1,2,,7,7,1,22,9,121.5540424,24.98326111
111,1,13,18,40,2,10文山區,文山區辛亥路7段與忠順街1段口,0,0,1,2,C03,8,3,5,50,3,2,1,5,4,5,7,2,1,5,2,4,2,12,2,22,2,8,3,4,7,9,1,10,1,14,,44,7,1,22,9,121.5540424,24.98326111
111,1,13,19,1,2,02萬華區,萬華區康定路與康定路25巷口,0,0,1,1,C03,8,3,5,50,4,2,1,5,4,5,7,4,4,5,4,4,1,15,1,28,3,10,1,1,7,9,1,10,2,11,,4,4,1,22,9,121.5027437,25.04407769
111,1,13,19,1,2,02萬華區,萬華區康定路與康定路25巷口,0,0,1,2,F01,8,3,5,50,4,2,1,5,4,5,7,4,4,5,4,4,1,15,1,69,2,9,1,1,7,9,8,20,2,16,,27,4,1,22,9,121.5027437,25.04407769
111,1,13,19,11,2,03中山區,中山區北安路與大直街口,0,0,1,1,C03,7,3,5,50,4,1,1,5,4,5,7,2,1,1,5,5,1,12,1,30,2,8,3,4,7,7,1,10,2,14,,7,7,1,22,9,121.5493108,25.0842654
111,1,13,19,11,2,03中山區,中山區北安路與大直街口,0,0,1,2,B03,7,3,5,50,4,1,1,5,4,5,7,2,1,1,5,5,1,12,1,56,3,10,3,4,7,9,1,8,2,2,,44,7,1,22,9,121.5493108,25.0842654
111,1,13,19,14,2,03中山區,中山區民生東路3段與復興北路口,0,0,1,1,C03,7,3,5,50,15,18,1,5,4,5,7,2,1,1,4,5,1,9,1,29,2,9,1,1,7,6,1,10,1,12,,43,43,1,22,9,121.543883,25.058184
111,1,13,19,14,2,03中山區,中山區民生東路3段與復興北路口,0,0,1,2,H01,7,3,5,50,15,18,1,5,4,5,7,2,1,1,4,5,1,9,2,42,3,10,4,5,8,16,8,20,10,16,,67,43,1,22,9,121.543883,25.058184
111,1,13,19,27,2,03中山區,中山區樂群二路與敬業四路口,0,0,1,1,C03,8,3,5,50,3,2,1,5,4,5,7,4,4,1,4,5,2,17,2,34,3,10,3,4,7,9,1,10,1,15,,30,30,1,22,9,121.558435,25.07996934
111,1,13,19,27,2,03中山區,中山區樂群二路與敬業四路口,0,0,1,2,C03,8,3,5,50,3,2,1,5,4,5,7,4,4,1,4,5,2,17,2,45,2,9,3,4,7,9,1,10,1,11,,44,30,1,22,9,121.558435,25.07996934
111,1,13,20,32,2,10文山區,文山區興隆路1段70巷與羅斯福路5段269巷口,0,0,1,1,C03,7,3,5,30,4,1,1,5,4,5,7,4,4,10,5,5,2,15,1,38,2,9,1,1,7,9,1,10,2,12,,6,6,1,22,9,121.5397888,25.00113555
111,1,13,20,32,2,10文山區,文山區興隆路1段70巷與羅斯福路5段269巷口,0,0,1,2,B03,7,3,5,30,4,1,1,5,4,5,7,4,4,10,5,5,2,15,1,45,3,10,1,1,7,9,1,8,2,1,,14,6,1,22,9,121.5397888,25.00113555
111,1,13,21,5,2,03中山區,中山區長春路與吉林路口,0,0,1,1,B03,8,3,5,50,4,1,1,5,4,5,7,2,1,5,2,5,2,11,1,33,3,10,1,1,7,5,1,8,1,5,,6,6,1,5,5,121.5300839,25.05480424
111,1,13,21,5,2,03中山區,中山區長春路與吉林路口,0,0,1,2,C03,8,3,5,50,4,1,1,5,4,5,7,2,1,5,2,5,2,11,2,19,2,9,1,1,7,9,1,10,1,11,,13,6,1,18,5,121.5300839,25.05480424
111,1,13,21,15,2,05中正區,中正區思源街1號前,0,0,2,1,C03,7,3,5,50,15,9,1,5,4,5,7,1,1,4,4,5,2,17,2,38,2,8,1,1,7,11,1,10,1,13,,10,10,1,22,9,121.5302026,25.01345378
111,1,13,21,15,2,05中正區,中正區思源街1號前,0,0,2,2,C03,7,3,5,50,15,9,1,5,4,5,7,1,1,4,4,5,2,17,1,35,2,9,1,1,7,9,1,10,1,11,,13,10,1,22,9,121.5302026,25.01345378
111,1,13,21,26,2,01大同區,大同區延平北路3段與景化街口,0,0,1,1,B03,8,3,5,50,3,1,1,5,4,5,7,4,4,10,5,5,2,16,1,65,3,10,1,1,7,11,1,8,1,5,,10,10,1,22,9,121.5110876,25.0650572
111,1,13,21,26,2,01大同區,大同區延平北路3段與景化街口,0,0,1,2,C03,8,3,5,50,3,1,1,5,4,5,7,4,4,10,5,5,2,16,2,25,2,8,1,1,7,9,1,10,1,11,,44,10,1,22,9,121.5110876,25.0650572
111,1,13,21,45,2,02萬華區,萬華區西園路2段艋舺公園前,0,0,1,1,C03,8,3,5,50,14,9,1,5,4,5,7,4,4,1,1,5,1,12,1,44,3,10,1,1,7,9,1,10,1,14,,23,23,1,22,9,121.497806,25.03295016
111,1,13,21,45,2,02萬華區,萬華區西園路2段艋舺公園前,0,0,1,2,C03,8,3,5,50,14,9,1,5,4,5,7,4,4,1,1,5,1,12,2,20,2,9,1,1,7,9,1,10,1,14,,44,23,1,22,9,121.497806,25.03295016
111,1,13,21,54,2,01大同區,大同區承德路3段與民族西路口,0,0,2,1,C03,8,3,5,50,4,1,1,5,4,5,7,2,1,1,4,5,2,12,1,18,2,8,1,1,7,8,1,10,1,11,,7,7,1,22,9,121.5183795,25.06866887
111,1,13,21,54,2,01大同區,大同區承德路3段與民族西路口,0,0,2,2,C03,8,3,5,50,4,1,1,5,4,5,7,2,1,1,4,5,2,12,1,21,2,9,1,1,7,9,1,10,1,13,,44,7,1,22,9,121.5183795,25.06866887
111,1,13,21,59,2,09北投區,北投區文林北路176號,0,0,1,1,B03,8,3,5,50,14,9,1,5,4,5,7,4,4,1,4,5,1,13,2,61,2,9,1,1,7,15,1,8,7,1,,21,21,1,21,8,121.5156993,25.10691883
111,1,13,21,59,2,09北投區,北投區文林北路176號,0,0,1,2,B02,8,3,5,50,14,9,1,5,4,5,7,4,4,1,4,5,1,13,1,37,3,10,3,1,7,13,1,8,1,3,,38,21,1,21,8,121.5156993,25.10691883
111,1,13,21,59,2,09北投區,北投區文林北路176號,0,0,1,3,B02,8,3,5,50,14,9,1,5,4,5,7,4,4,1,4,5,1,13,1,37,3,10,3,1,7,13,1,8,1,3,,38,21,1,21,8,121.5156993,25.10691883
111,1,13,22,7,2,06松山區,松山區南京東路5段與東興路口,0,0,1,1,B03,7,3,5,50,3,1,1,5,4,5,7,4,4,9,4,4,2,15,2,41,3,10,3,4,7,15,1,8,1,8,,44,44,1,22,9,121.5654367,25.05127832
111,1,13,22,7,2,06松山區,松山區南京東路5段與東興路口,0,0,1,2,C03,7,3,5,50,3,1,1,5,4,5,7,4,4,9,4,4,2,15,2,32,2,9,3,4,7,9,1,10,1,11,,25,44,1,22,9,121.5654367,25.05127832
111,1,13,22,10,2,11南港區,南港區南港路2段與南港路2段38巷口,0,0,1,1,B02,7,3,5,30,4,2,1,5,4,5,7,2,1,8,3,4,2,2,2,38,3,10,3,4,7,5,1,8,1,8,,15,15,1,22,9,121.6050929,25.05405596
111,1,13,22,10,2,11南港區,南港區南港路2段與南港路2段38巷口,0,0,1,2,H01,7,3,5,30,4,2,1,5,4,5,7,2,1,8,3,4,2,2,2,31,2,9,4,5,8,16,8,20,10,16,,67,15,1,22,9,121.6050929,25.05405596
111,1,13,22,16,2,03中山區,中山區復興北路292號,0,0,1,1,C03,7,3,5,50,14,8,1,5,4,5,7,4,4,1,3,5,1,13,1,24,2,9,3,4,7,9,1,10,2,11,,16,16,1,22,9,121.5440777,25.05933022
111,1,13,22,16,2,03中山區,中山區復興北路292號,0,0,1,2,B01,7,3,5,50,14,8,1,5,4,5,7,4,4,1,3,5,1,13,1,69,3,10,3,4,7,15,1,4,2,6,,44,16,1,22,9,121.5440777,25.05933022
111,1,13,22,25,2,12內湖區,內湖區基湖路與基湖路10巷口,0,0,1,1,B03,8,3,5,50,4,2,1,5,4,5,7,2,1,5,4,5,2,3,1,38,3,10,1,1,7,5,1,8,2,1,,15,15,1,22,9,121.5651717,25.08147561
111,1,13,22,25,2,12內湖區,內湖區基湖路與基湖路10巷口,0,0,1,2,H01,8,3,5,50,4,2,1,5,4,5,7,2,1,5,4,5,2,3,1,56,2,9,4,5,8,16,8,20,10,16,,67,15,1,22,9,121.5651717,25.08147561
111,1,13,22,27,2,04大安區,大安區羅斯福路4段與基隆路4段口,0,0,1,1,C03,7,3,5,30,5,1,1,5,4,5,7,2,1,1,4,5,2,17,1,43,2,8,3,4,7,7,1,10,1,11,,7,7,1,22,9,121.5374571,25.01122663
111,1,13,22,27,2,04大安區,大安區羅斯福路4段與基隆路4段口,0,0,1,2,B03,7,3,5,30,5,1,1,5,4,5,7,2,1,1,4,5,2,17,1,39,3,10,3,4,7,9,6,8,1,2,,44,7,1,22,9,121.5374571,25.01122663
111,1,13,22,31,2,06松山區,松山區市民大道4段119號,0,0,1,1,B01,8,3,5,40,14,9,1,5,4,5,7,4,4,1,4,5,2,17,1,53,3,10,1,1,7,7,1,4,1,15,,7,7,1,22,9,121.5498651,25.04487083
111,1,13,22,31,2,06松山區,松山區市民大道4段119號,0,0,1,2,C03,8,3,5,40,14,9,1,5,4,5,7,4,4,1,4,5,2,17,2,28,2,8,1,1,7,9,1,10,1,12,,13,7,1,22,9,121.5498651,25.04487083
111,1,13,22,41,2,08士林區,士林區德行東路與德行東路331巷口,0,0,1,1,B01,8,3,5,50,4,1,1,5,4,5,7,3,1,5,4,5,2,17,1,55,3,10,3,4,7,5,1,4,1,4,,6,6,1,22,9,121.5375927,25.11034402
111,1,13,22,41,2,08士林區,士林區德行東路與德行東路331巷口,0,0,1,2,C03,8,3,5,50,4,1,1,5,4,5,7,3,1,5,4,5,2,17,1,30,2,9,1,4,7,6,1,10,1,11,,44,6,1,22,9,121.5375927,25.11034402
111,1,13,23,6,2,07信義區,信義區忠孝東路5段790巷與忠孝東路5段口,0,0,1,1,B01,8,3,5,50,14,9,1,5,4,5,7,4,4,2,4,5,2,17,1,93,3,10,1,1,7,8,1,4,1,6,,7,7,1,22,9,121.5817336,25.04380232
111,1,13,23,6,2,07信義區,信義區忠孝東路5段790巷與忠孝東路5段口,0,0,1,2,C03,8,3,5,50,14,9,1,5,4,5,7,4,4,2,4,5,2,17,2,31,2,9,1,1,7,9,1,10,1,14,,44,7,1,22,9,121.5817336,25.04380232
111,1,13,23,15,2,02萬華區,萬華區大理街14號,0,0,2,1,C03,7,3,5,30,14,9,1,5,4,5,7,4,4,10,5,5,1,9,1,31,2,9,1,1,7,9,1,9,2,11,,23,23,1,22,9,121.5026444,25.0345022
111,1,13,23,15,2,02萬華區,萬華區大理街14號,0,0,2,2,H01,7,3,5,30,14,9,1,5,4,5,7,4,4,10,5,5,1,9,1,68,2,9,4,5,8,20,8,20,2,16,,53,23,1,22,9,121.5026444,25.0345022
111,1,14,0,28,2,12內湖區,內湖區瑞光路451號,0,0,2,1,C03,8,3,5,50,14,9,1,5,4,5,7,4,4,5,4,5,2,17,1,50,2,9,1,1,7,1,1,9,1,14,,19,19,1,22,9,121.5699815,25.07864649
111,1,14,0,28,2,12內湖區,內湖區瑞光路451號,0,0,2,2,C03,8,3,5,50,14,9,1,5,4,5,7,4,4,5,4,5,2,17,1,47,2,9,1,1,7,9,1,10,1,11,,13,19,1,22,9,121.5699815,25.07864649
111,1,14,0,48,2,03中山區,中山區林森北路與中山北路2段93巷口,0,0,1,1,B01,8,3,5,30,3,1,1,5,4,5,7,4,4,5,2,5,2,16,1,40,3,10,1,1,7,5,1,4,1,1,,26,26,1,10,4,121.5255668,25.05932135
111,1,14,0,48,2,03中山區,中山區林森北路與中山北路2段93巷口,0,0,1,2,C03,8,3,5,30,3,1,1,5,4,5,7,4,4,5,2,5,2,16,2,57,2,9,1,1,7,9,1,10,1,14,,44,26,1,5,1,121.5255668,25.05932135
111,1,14,5,1,2,03中山區,中山區錦州街與民權東路2段92巷口,0,0,1,1,C03,7,3,5,30,4,1,1,5,4,5,7,4,4,10,5,5,2,15,2,39,2,9,1,1,7,9,1,10,1,11,,6,6,1,22,9,121.5316972,25.0603458
111,1,14,5,1,2,03中山區,中山區錦州街與民權東路2段92巷口,0,0,1,2,B03,7,3,5,30,4,1,1,5,4,5,7,4,4,10,5,5,2,15,1,59,3,10,1,1,7,9,1,8,1,2,,13,6,1,22,9,121.5316972,25.0603458
111,1,14,6,8,2,02萬華區,萬華區武昌街2段與漢中街口,0,0,1,1,C03,8,1,5,30,4,1,4,5,4,5,7,4,4,10,5,5,2,16,2,58,2,9,1,1,7,9,1,10,1,11,,6,6,1,22,9,121.507527,25.04461602
111,1,14,6,8,2,02萬華區,萬華區武昌街2段與漢中街口,0,0,1,2,B01,8,1,5,30,4,1,4,5,4,5,7,4,4,10,5,5,2,16,1,43,3,10,1,1,7,9,1,8,1,4,,14,6,1,22,9,121.507527,25.04461602
111,1,14,6,55,2,09北投區,北投區珠海路與珠海路60巷口,0,0,1,1,B03,8,1,5,50,3,1,1,5,4,5,7,4,4,5,4,5,2,16,1,54,3,10,1,1,7,1,1,8,1,8,,19,19,1,22,9,121.5044698,25.14017214
111,1,14,6,55,2,09北投區,北投區珠海路與珠海路60巷口,0,0,1,2,C03,8,1,5,50,3,1,1,5,4,5,7,4,4,5,4,5,2,16,2,32,2,9,1,1,7,6,1,10,1,12,,44,19,1,22,9,121.5044698,25.14017214
111,1,14,7,11,2,08士林區,士林區前港街與前港街110巷口,0,0,1,1,B03,7,1,5,30,3,1,1,5,4,5,7,4,4,10,5,5,1,3,2,41,3,10,1,1,7,3,1,8,1,5,,23,23,1,21,8,121.5184518,25.08517551
111,1,14,7,11,2,08士林區,士林區前港街與前港街110巷口,0,0,1,2,H01,7,1,5,30,3,1,1,5,4,5,7,4,4,10,5,5,1,3,2,78,2,9,4,5,8,16,8,20,10,16,,51,23,1,21,8,121.5184518,25.08517551
111,1,14,7,13,2,10文山區,文山區木柵路1段與光輝路口,0,0,1,1,B03,7,1,5,50,14,9,1,5,4,5,7,1,1,5,2,5,2,16,1,27,3,10,1,1,7,5,1,8,2,2,,6,6,1,22,9,121.5550913,24.9881628
111,1,14,7,13,2,10文山區,文山區木柵路1段與光輝路口,0,0,1,2,C02,7,1,5,50,14,9,1,5,4,5,7,1,1,5,2,5,2,16,1,25,2,7,1,1,7,9,4,10,2,11,,44,6,1,22,9,121.5550913,24.9881628
111,1,14,7,14,2,02萬華區,萬華區西寧南路與漢口街2段口,0,0,1,1,,8,1,5,50,4,1,1,5,4,5,7,1,1,9,4,5,1,17,4,,4,11,3,4,7,15,7,19,11,15,,43,43,2,22,9,121.5068387,25.04565905
111,1,14,7,14,2,02萬華區,萬華區西寧南路與漢口街2段口,0,0,1,2,C03,8,1,5,50,4,1,1,5,4,5,7,1,1,9,4,5,1,17,1,64,2,7,1,1,7,9,1,10,1,14,,43,43,1,22,9,121.5068387,25.04565905
111,1,14,7,44,2,10文山區,文山區興隆路3段94號(對面),0,0,2,1,C03,7,1,5,50,14,9,1,5,4,5,7,4,4,1,4,5,2,13,1,21,2,1,1,1,7,9,1,10,1,11,,23,23,1,22,9,121.5571826,24.99957384
111,1,14,7,44,2,10文山區,文山區興隆路3段94號(對面),0,0,2,2,B03,7,1,5,50,14,9,1,5,4,5,7,4,4,1,4,5,2,13,2,59,2,9,1,1,7,14,1,8,1,6,,44,23,1,22,9,121.5571826,24.99957384
111,1,14,7,50,2,11南港區,南港區三重路與南港路1段口口,0,0,2,1,C03,8,1,5,50,4,2,1,5,4,5,7,1,1,1,3,3,2,11,1,24,2,8,1,1,7,21,1,10,1,15,,13,13,1,22,9,121.614249,25.05530441
111,1,14,7,50,2,11南港區,南港區三重路與南港路1段口口,0,0,2,2,C03,8,1,5,50,4,2,1,5,4,5,7,1,1,1,3,3,2,11,1,50,3,10,1,1,7,9,1,10,1,15,,26,13,1,22,9,121.614249,25.05530441
111,1,14,7,50,2,11南港區,南港區三重路與南港路1段口口,0,0,2,3,H02,8,1,5,50,4,2,1,5,4,5,7,1,1,1,3,3,2,11,2,25,2,8,1,1,7,21,8,20,10,15,,67,13,1,22,9,121.614249,25.05530441
111,1,14,7,57,2,06松山區,松山區民權東路5段與三民路口,0,0,1,1,C03,7,1,5,50,3,2,1,5,4,1,7,1,1,1,3,4,2,24,1,31,2,7,1,1,7,9,1,10,1,11,,23,23,1,22,9,121.5629645,25.06270843
111,1,14,7,57,2,06松山區,松山區民權東路5段與三民路口,0,0,1,3,,7,1,5,50,3,2,1,5,4,1,7,1,1,1,3,4,2,24,3,,,,,,,,,,,,,67,23,1,,,121.5629645,25.06270843
111,1,14,7,57,2,06松山區,松山區民權東路5段與三民路口,0,0,1,2,,7,1,5,50,3,2,1,5,4,1,7,1,1,1,3,4,2,24,3,,,,,,,,,,,,,67,23,1,,,121.5629645,25.06270843
111,1,14,8,0,2,06松山區,松山區八德路4段與虎林街口,0,0,1,1,B03,8,1,5,40,3,1,1,5,4,5,7,2,1,1,4,4,2,17,1,44,3,10,1,1,7,11,1,8,1,7,,10,10,1,22,9,121.5760021,25.0499847
111,1,14,8,0,2,06松山區,松山區八德路4段與虎林街口,0,0,1,2,C03,8,1,5,40,3,1,1,5,4,5,7,2,1,1,4,4,2,17,1,23,2,9,1,1,7,9,1,10,1,11,,13,10,1,22,9,121.5760021,25.0499847
111,1,14,8,4,2,04大安區,大安區師大路與雲和街口,0,0,1,1,C03,8,1,5,50,4,1,1,5,4,5,7,4,4,5,5,5,2,17,1,56,3,10,1,4,7,6,6,10,1,15,,4,4,1,22,9,121.5284997,25.0236161
111,1,14,8,4,2,04大安區,大安區師大路與雲和街口,0,0,1,2,C03,8,1,5,50,4,1,1,5,4,5,7,4,4,5,5,5,2,17,1,50,2,9,1,4,7,9,1,10,1,12,,44,4,1,22,9,121.5284997,25.0236161
111,1,14,8,11,2,09北投區,北投區磺港路磺港溪一號橋,0,0,1,1,A21,8,1,5,30,14,9,1,5,4,5,7,4,4,9,5,5,2,13,1,55,3,10,1,1,7,13,1,1,2,3,,43,43,1,22,9,121.5033125,25.12910046
111,1,14,8,11,2,09北投區,北投區磺港路磺港溪一號橋,0,0,1,2,C03,8,1,5,30,14,9,1,5,4,5,7,4,4,9,5,5,2,13,1,33,2,9,1,1,7,9,1,10,2,11,,43,43,1,22,9,121.5033125,25.12910046
111,1,14,8,12,2,09北投區,北投區承德路6段339號對面,0,0,1,1,C03,8,1,5,60,14,7,1,5,4,5,7,4,4,1,4,4,2,17,1,61,2,9,1,1,7,9,1,10,2,14,,26,26,1,22,9,121.5118996,25.10653289
111,1,14,8,12,2,09北投區,北投區承德路6段339號對面,0,0,1,2,B03,8,1,5,60,14,7,1,5,4,5,7,4,4,1,4,4,2,17,2,42,3,10,3,4,7,9,1,8,2,3,,44,26,1,22,9,121.5118996,25.10653289
111,1,14,8,22,2,03中山區,中山區民族東路與新生北路3段口,0,0,2,1,C03,8,1,5,50,4,2,1,5,4,5,7,1,1,1,3,5,1,12,1,44,2,1,1,1,7,5,1,10,1,14,,26,26,1,22,9,121.527656,25.0683735
111,1,14,8,22,2,03中山區,中山區民族東路與新生北路3段口,0,0,2,2,C03,8,1,5,50,4,2,1,5,4,5,7,1,1,1,3,5,1,12,1,27,2,7,1,1,7,5,1,10,1,11,,26,26,1,22,9,121.527656,25.0683735
111,1,14,8,43,2,04大安區,大安區通化街200巷與樂利路27巷口,0,0,1,1,C03,8,1,5,30,4,2,1,5,4,5,7,4,4,10,5,5,1,15,1,39,2,7,1,1,7,15,1,10,1,12,,6,6,1,21,8,121.5518997,25.02759118
111,1,14,8,43,2,04大安區,大安區通化街200巷與樂利路27巷口,0,0,1,2,B12,8,1,5,30,4,2,1,5,4,5,7,4,4,10,5,5,1,15,2,36,3,10,1,1,7,15,1,8,1,1,,13,6,1,5,1,121.5518997,25.02759118
111,1,14,8,49,2,04大安區,大安區愛國東路與麗水街口,0,0,1,1,C03,8,1,5,30,5,2,1,5,4,5,7,2,1,8,3,5,1,16,2,27,2,9,1,1,7,5,1,10,1,12,,8,8,1,22,9,121.5287876,25.0313909
111,1,14,8,49,2,04大安區,大安區愛國東路與麗水街口,0,0,1,2,B03,8,1,5,30,5,2,1,5,4,5,7,2,1,8,3,5,1,16,1,47,3,10,1,1,7,9,1,8,1,1,,44,8,1,22,9,121.5287876,25.0313909
111,1,14,9,2,2,07信義區,信義區基隆路1段200號,0,0,1,1,C03,8,1,5,50,14,9,1,5,4,5,7,4,4,1,4,5,1,17,2,37,2,9,1,1,7,9,1,10,1,11,,23,23,1,22,9,121.5636323,25.03996561
111,1,14,9,2,2,07信義區,信義區基隆路1段200號,0,0,1,2,B03,8,1,5,50,14,9,1,5,4,5,7,4,4,1,4,5,1,17,1,49,3,10,1,1,7,9,1,8,1,5,,44,23,1,22,9,121.5636323,25.03996561
111,1,14,9,2,2,07信義區,信義區基隆路1段200號,0,0,1,3,,8,1,5,50,14,9,1,5,4,5,7,4,4,1,4,5,1,17,3,,,,,,,,,,,,,67,23,1,,,121.5636323,25.03996561
111,1,14,9,3,2,09北投區,北投區大度路3段與立德路口,0,0,1,1,B03,8,1,5,50,3,2,1,5,4,5,7,1,1,9,4,5,1,12,1,36,3,10,1,1,7,5,1,8,1,2,,9,9,1,22,9,121.4714313,25.1229361
111,1,14,9,3,2,09北投區,北投區大度路3段與立德路口,0,0,1,2,C03,8,1,5,50,3,2,1,5,4,5,7,1,1,9,4,5,1,12,1,69,2,8,1,1,7,9,1,10,1,14,,26,9,1,22,9,121.4714313,25.1229361