發生年度,發生月,發生日,發生時-Hours,發生分,處理別-編號,區序,肇事地點,死亡人數,2-30日死亡人數,受傷人數,當事人序號,車種,天候,光線,道路類別,速限-速度限制,道路型態,事故位置,路面狀況1,路面狀況2,路面狀況3,道路障礙1,道路障礙2,號誌1,號誌2,車道劃分-分向,車道劃分-分道1,車道劃分-分道2,車道劃分-分道3,事故類型及型態,性別,年齡,受傷程度,主要傷處,安全帽,行動電話,車輛用途,當事者行動狀態,駕駛資格情形,駕駛執照種類,飲酒情形,車輛撞擊部位1,車輛撞擊部位2,肇因碼-個別,肇因碼-主要,個人肇逃否,職業,旅次目的,座標-X,座標-Y
111,1,14,9,4,2,09北投區,北投區天母西路與天母西路101巷口,0,0,2,1,C03,8,1,5,50,4,1,1,5,4,5,7,4,4,5,4,5,2,16,1,36,2,9,1,1,7,5,1,10,1,13,,6,6,1,22,9,121.5238273,25.11870891
111,1,14,9,4,2,09北投區,北投區天母西路與天母西路101巷口,0,0,2,2,C03,8,1,5,50,4,1,1,5,4,5,7,4,4,5,4,5,2,16,1,25,2,9,1,1,7,9,1,10,1,11,,13,6,1,22,9,121.5238273,25.11870891
111,1,14,9,19,2,03中山區,中山區建國南路1段與八德路2段174巷24弄口,0,0,1,1,C03,8,1,5,50,14,9,1,5,4,5,7,4,4,1,4,5,2,13,2,40,3,10,1,1,7,6,1,10,1,13,,23,23,1,22,9,121.5369754,25.04537146
111,1,14,9,19,2,03中山區,中山區建國南路1段與八德路2段174巷24弄口,0,0,1,2,C04,8,1,5,50,14,9,1,5,4,5,7,4,4,1,4,5,2,13,1,38,2,9,1,1,7,9,1,10,1,11,,23,23,1,22,9,121.5369754,25.04537146
111,1,14,9,25,2,08士林區,士林區自強隧道往士林820m處,0,0,2,1,C03,8,3,5,50,6,11,1,5,4,5,7,4,4,7,2,5,1,13,1,21,2,8,1,1,7,9,1,9,1,11,,16,16,1,21,8,121.5488801,25.09447252
111,1,14,9,25,2,08士林區,士林區自強隧道往士林820m處,0,0,2,2,F01,8,3,5,50,6,11,1,5,4,5,7,4,4,7,2,5,1,13,1,60,2,9,1,1,7,9,8,20,1,16,,44,16,1,21,8,121.5488801,25.09447252
111,1,14,9,30,2,03中山區,中山區松江路330巷與錦州街231巷口,0,0,1,1,C03,8,1,5,30,4,1,1,5,4,5,7,4,4,10,5,5,2,15,1,49,2,3,3,4,7,9,3,18,1,11,,6,6,1,22,9,121.5325595,25.06113963
111,1,14,9,30,2,03中山區,中山區松江路330巷與錦州街231巷口,0,0,1,2,C03,8,1,5,30,4,1,1,5,4,5,7,4,4,10,5,5,2,15,1,32,3,10,1,1,7,9,1,10,1,12,,13,6,1,22,9,121.5325595,25.06113963
111,1,14,9,32,2,03中山區,中山區松江路362巷與民權東路2段92巷口,0,0,1,1,B01,8,1,5,30,4,1,1,5,4,5,7,4,4,10,5,5,2,15,1,47,3,10,1,1,7,9,1,4,1,2,,6,6,1,22,9,121.5317285,25.0619696
111,1,14,9,32,2,03中山區,中山區松江路362巷與民權東路2段92巷口,0,0,1,2,C03,8,1,5,30,4,1,1,5,4,5,7,4,4,10,5,5,2,15,1,35,2,9,1,1,7,9,1,10,1,11,,13,6,1,22,9,121.5317285,25.0619696
111,1,14,9,39,2,02萬華區,萬華區梧州街51號,0,0,1,1,B03,8,1,5,30,14,9,1,5,4,3,5,4,4,10,5,5,1,17,1,40,3,10,1,1,7,1,1,8,2,1,,19,19,1,22,9,121.4975969,25.0360667
111,1,14,9,39,2,02萬華區,萬華區梧州街51號,0,0,1,2,C03,8,1,5,30,14,9,1,5,4,3,5,4,4,10,5,5,1,17,2,22,2,8,1,1,7,9,1,9,2,14,,44,19,1,22,9,121.4975969,25.0360667
111,1,14,9,39,2,02萬華區,萬華區梧州街51號,0,0,1,3,B12,8,1,5,30,14,9,1,5,4,3,5,4,4,10,5,5,1,17,1,65,3,10,1,1,7,13,1,8,11,15,,42,19,1,22,9,121.4975969,25.0360667
111,1,14,9,40,2,01大同區,大同區承德路3段與承德路3段129巷口,0,0,1,1,B03,8,1,5,50,4,1,1,5,4,5,7,1,1,1,4,5,2,15,1,68,3,10,1,1,7,9,1,8,2,1,,25,25,1,22,9,121.5184263,25.06729053
111,1,14,9,40,2,01大同區,大同區承德路3段與承德路3段129巷口,0,0,1,2,C03,8,1,5,50,4,1,1,5,4,5,7,1,1,1,4,5,2,15,1,30,2,9,1,1,7,9,1,10,2,14,,13,25,1,22,9,121.5184263,25.06729053
111,1,14,9,45,2,05中正區,中正區仁愛路2段38巷與杭州南路1段101巷口,0,0,1,1,B12,8,1,5,30,4,1,1,5,4,3,5,4,4,10,5,5,2,15,1,53,3,10,1,1,7,9,1,8,2,5,,6,6,1,22,9,121.5272248,25.03737556
111,1,14,9,45,2,05中正區,中正區仁愛路2段38巷與杭州南路1段101巷口,0,0,1,2,C03,8,1,5,30,4,1,1,5,4,3,5,4,4,10,5,5,2,15,1,33,2,9,1,1,7,9,1,10,2,11,,14,6,1,22,9,121.5272248,25.03737556
111,1,14,9,45,2,05中正區,中正區仁愛路2段38巷與杭州南路1段101巷口,0,0,1,3,B12,8,1,5,30,4,1,1,5,4,3,5,4,4,10,5,5,2,15,1,57,3,10,3,1,7,13,1,8,2,15,,38,6,1,22,9,121.5272248,25.03737556
111,1,14,9,47,2,04大安區,大安區敦化南路1段與仁愛路4段112巷13弄口,0,0,1,1,B03,8,1,5,50,3,1,1,5,4,5,7,4,4,1,5,5,1,12,1,81,3,10,1,1,7,6,1,8,2,2,,9,9,1,22,9,121.5490789,25.03635045
111,1,14,9,47,2,04大安區,大安區敦化南路1段與仁愛路4段112巷13弄口,0,0,1,2,C03,8,1,5,50,3,1,1,5,4,5,7,4,4,1,5,5,1,12,1,21,2,9,1,1,7,9,1,10,2,14,,14,9,1,22,9,121.5490789,25.03635045
111,1,14,9,54,2,03中山區,中山區南京東路2段208號,0,0,1,1,B01,8,1,5,50,14,7,1,5,4,5,7,1,1,3,4,4,2,13,1,54,3,10,1,1,7,1,1,4,1,1,,16,16,1,22,9,121.535989,25.05192028
111,1,14,9,54,2,03中山區,中山區南京東路2段208號,0,0,1,2,C03,8,1,5,50,14,7,1,5,4,5,7,1,1,3,4,4,2,13,2,37,2,9,1,4,7,9,1,10,1,13,,44,16,1,22,9,121.535989,25.05192028
111,1,14,10,0,2,08士林區,士林區復興橋南往北,0,0,1,1,B01,8,1,5,50,8,9,1,5,4,5,7,4,4,5,4,5,2,12,1,33,3,10,1,1,7,6,1,4,1,2,,17,17,1,22,9,121.5366885,25.09956858
111,1,14,10,0,2,08士林區,士林區復興橋南往北,0,0,1,2,C03,8,1,5,50,8,9,1,5,4,5,7,4,4,5,4,5,2,12,2,18,2,8,1,1,7,6,1,10,1,14,,17,17,1,22,9,121.5366885,25.09956858
111,1,14,10,0,2,08士林區,士林區復興橋南往北,0,0,1,3,B03,8,1,5,50,8,9,1,5,4,5,7,4,4,5,4,5,2,12,1,51,3,10,1,1,7,9,1,8,1,7,,44,17,1,22,9,121.5366885,25.09956858
111,1,14,10,15,2,10文山區,文山區辛亥路4段191號與辛亥路4段口,0,0,1,1,B03,8,1,5,50,3,1,1,5,4,5,7,2,1,1,4,5,2,16,1,32,3,10,1,1,7,11,1,8,1,5,,10,10,1,22,9,121.5574874,25.00541548
111,1,14,10,15,2,10文山區,文山區辛亥路4段191號與辛亥路4段口,0,0,1,2,C03,8,1,5,50,3,1,1,5,4,5,7,2,1,1,4,5,2,16,2,58,2,5,1,1,7,9,1,10,1,14,,44,10,1,22,9,121.5574874,25.00541548
111,1,14,10,50,2,02萬華區,萬華區華中橋機車道(華中045),0,0,2,1,C03,8,1,5,40,14,9,1,5,4,5,7,4,4,1,4,5,2,13,1,28,2,9,1,4,7,9,1,10,1,11,,23,23,1,22,9,121.4953644,25.01135056
111,1,14,10,50,2,02萬華區,萬華區華中橋機車道(華中045),0,0,2,2,C03,8,1,5,40,14,9,1,5,4,5,7,4,4,1,4,5,2,13,2,19,2,8,1,4,7,14,1,10,1,13,,38,23,1,22,9,121.4953644,25.01135056
111,1,14,11,19,2,02萬華區,萬華區西園路2段與西園路2段11巷口,0,0,1,1,B03,8,1,5,50,4,1,1,5,4,5,7,2,1,1,3,5,1,16,1,28,3,10,1,1,7,5,1,8,2,2,,6,6,1,22,9,121.4974179,25.03196838
111,1,14,11,19,2,02萬華區,萬華區西園路2段與西園路2段11巷口,0,0,1,2,C03,8,1,5,50,4,1,1,5,4,5,7,2,1,1,3,5,1,16,1,30,2,9,1,1,7,9,1,10,2,11,,44,6,1,22,9,121.4974179,25.03196838
111,1,14,11,30,2,02萬華區,萬華區桂林路與柳州街口,0,0,1,1,,8,1,5,50,4,2,1,5,4,5,7,2,1,9,5,5,2,17,4,,4,11,3,4,7,15,7,19,11,15,,43,43,2,22,9,121.50499,25.03798719
111,1,14,11,30,2,02萬華區,萬華區桂林路與柳州街口,0,0,1,2,F01,8,1,5,50,4,2,1,5,4,5,7,2,1,9,5,5,2,17,2,16,2,9,1,1,7,9,8,20,9,16,,44,43,1,22,9,121.50499,25.03798719
111,1,14,11,30,2,03中山區,中山區中山北路3段與民族東路口,0,0,2,1,C04,8,1,5,50,4,2,1,5,4,5,7,1,1,1,4,4,2,16,1,33,2,7,1,4,7,9,1,10,1,14,,23,23,1,22,9,121.522994,25.06840943
111,1,14,11,30,2,03中山區,中山區中山北路3段與民族東路口,0,0,2,2,B03,8,1,5,50,4,2,1,5,4,5,7,1,1,1,4,4,2,16,1,64,3,10,3,4,7,9,1,8,1,6,,44,23,1,22,9,121.522994,25.06840943
111,1,14,11,30,2,03中山區,中山區中山北路3段與民族東路口,0,0,2,3,C03,8,1,5,50,4,2,1,5,4,5,7,1,1,1,4,4,2,16,1,58,2,5,1,4,7,9,1,10,1,14,,16,23,1,22,9,121.522994,25.06840943
111,1,14,11,58,2,05中正區,中正區鄭州路與延平北路1段口,0,0,1,2,,8,1,5,50,4,2,1,5,4,5,7,1,1,1,4,5,2,17,4,,4,11,3,4,7,15,7,19,11,15,,43,43,2,22,9,121.5121881,25.04972262
111,1,14,11,58,2,05中正區,中正區鄭州路與延平北路1段口,0,0,1,1,C03,8,1,5,50,4,2,1,5,4,5,7,1,1,1,4,5,2,17,2,20,2,9,1,1,7,8,1,10,2,11,,43,43,1,22,9,121.5121881,25.04972262
111,1,14,12,1,2,10文山區,文山區木柵路1段76巷底(電燈桿378),0,0,1,1,C03,8,1,5,30,12,9,5,5,4,5,2,4,4,10,5,5,2,10,2,19,2,7,1,1,7,15,1,10,2,11,14,5,5,1,22,9,121.5505188,24.98645805
111,1,14,12,1,2,10文山區,文山區木柵路1段76巷底(電燈桿378),0,0,1,2,B03,8,1,5,30,12,9,5,5,4,5,2,4,4,10,5,5,2,10,1,71,3,10,1,1,7,9,1,8,2,1,,44,5,1,22,9,121.5505188,24.98645805
111,1,14,12,30,2,09北投區,北投區大業路624號,0,0,1,1,C03,8,1,5,50,14,9,1,5,4,4,7,4,4,9,4,5,2,17,1,63,2,7,3,4,7,9,1,10,1,11,,42,42,1,22,9,121.4979686,25.13674979
111,1,14,12,30,2,09北投區,北投區大業路624號,0,0,1,2,C03,8,1,5,50,14,9,1,5,4,4,7,4,4,9,4,5,2,17,2,22,3,10,3,4,7,9,1,10,1,15,,44,42,1,22,9,121.4979686,25.13674979
111,1,14,12,48,2,08士林區,士林區文昌路48號,0,0,1,1,C03,8,1,5,50,14,9,1,5,4,5,7,4,4,5,3,5,2,12,2,51,2,8,1,1,7,7,1,10,1,13,,7,7,1,22,9,121.5213642,25.09568007
111,1,14,12,48,2,08士林區,士林區文昌路48號,0,0,1,2,B03,8,1,5,50,14,9,1,5,4,5,7,4,4,5,3,5,2,12,2,34,3,10,3,4,7,9,1,8,1,5,,44,7,1,22,9,121.5213642,25.09568007
111,1,14,12,48,2,08士林區,士林區文昌路48號,0,0,1,3,B03,8,1,5,50,14,9,1,5,4,5,7,4,4,5,3,5,2,12,1,56,3,10,3,4,7,14,1,8,1,15,,44,7,1,22,9,121.5213642,25.09568007
111,1,14,12,50,2,06松山區,松山區光復北路11巷與光復北路口側附近口,0,0,1,1,B03,8,1,5,50,4,1,1,5,4,5,7,1,1,1,4,5,2,17,2,29,3,10,1,1,7,11,1,8,1,15,,10,10,1,22,9,121.5578801,25.04915461
111,1,14,12,50,2,06松山區,松山區光復北路11巷與光復北路口側附近口,0,0,1,2,C03,8,1,5,50,4,1,1,5,4,5,7,1,1,1,4,5,2,17,1,44,2,9,1,1,7,9,1,10,1,15,,23,10,1,22,9,121.5578801,25.04915461
111,1,14,13,15,2,03中山區,中山區錦州街245號,0,0,1,1,C03,8,1,5,50,14,9,1,5,4,5,7,4,4,5,5,5,2,16,2,50,2,9,1,1,7,1,1,10,1,14,,27,27,1,22,9,121.5328457,25.06087643
111,1,14,13,15,2,03中山區,中山區錦州街245號,0,0,1,2,B01,8,1,5,50,14,9,1,5,4,5,7,4,4,5,5,5,2,16,1,61,3,10,3,4,7,8,1,4,1,2,,7,27,1,22,9,121.5328457,25.06087643
111,1,14,13,15,2,12內湖區,內湖區環東大道往西,0,0,2,1,B12,8,1,5,70,10,9,1,5,4,5,7,4,4,1,4,5,1,13,1,34,2,9,1,1,7,9,1,8,2,1,,23,23,1,22,9,121.59421,25.05915268
111,1,14,13,15,2,12內湖區,內湖區環東大道往西,0,0,2,2,B03,8,1,5,70,10,9,1,5,4,5,7,4,4,1,4,5,1,13,1,40,3,10,1,1,7,14,1,8,2,3,,44,23,1,22,9,121.59421,25.05915268
111,1,14,13,15,2,12內湖區,內湖區環東大道往西,0,0,2,3,H02,8,1,5,70,10,9,1,5,4,5,7,4,4,1,4,5,1,13,1,25,2,7,4,5,7,21,8,20,10,16,,67,23,1,22,9,121.59421,25.05915268
111,1,14,13,20,2,03中山區,中山區林森北路380號,0,0,1,1,H01,8,1,5,0,14,9,1,5,4,5,7,4,4,5,2,5,2,3,2,51,2,9,4,5,8,16,8,20,1,16,,67,67,1,5,5,121.5255157,25.05846852
111,1,14,13,20,2,03中山區,中山區林森北路380號,0,0,1,2,C03,8,1,5,0,14,9,1,5,4,5,7,4,4,5,2,5,2,3,1,39,3,10,1,1,7,9,1,10,1,11,,23,67,1,5,5,121.5255157,25.05846852
111,1,14,13,24,2,07信義區,信義區松智路與松智路9巷口,0,0,2,1,C03,8,1,5,50,3,1,1,5,4,5,7,4,4,5,4,5,1,17,1,33,2,8,1,1,7,5,1,10,1,14,,6,6,1,22,9,121.5655174,25.03789022
111,1,14,13,24,2,07信義區,信義區松智路與松智路9巷口,0,0,2,2,C03,8,1,5,50,3,1,1,5,4,5,7,4,4,5,4,5,1,17,2,45,2,9,1,1,7,9,1,10,1,11,,44,6,1,22,9,121.5655174,25.03789022
111,1,14,13,30,2,04大安區,大安區延吉街159-8號,0,0,2,1,B12,8,1,5,0,14,9,1,5,4,5,7,4,4,10,5,5,2,17,1,41,3,10,1,4,7,14,1,8,1,7,,42,42,1,22,9,121.5550085,25.0394115
111,1,14,13,30,2,04大安區,大安區延吉街159-8號,0,0,2,2,C03,8,1,5,0,14,9,1,5,4,5,7,4,4,10,5,5,2,17,1,34,2,8,1,1,7,9,1,10,1,11,,44,42,1,22,9,121.5550085,25.0394115
111,1,14,13,30,2,04大安區,大安區延吉街159-8號,0,0,2,3,H02,8,1,5,0,14,9,1,5,4,5,7,4,4,10,5,5,2,17,2,37,2,8,1,5,7,20,8,20,10,16,,67,42,1,22,9,121.5550085,25.0394115
111,1,14,13,30,2,09北投區,北投區石牌路1段166巷69弄與西安街1段313巷16弄口,0,0,2,1,C04,8,1,5,30,4,1,1,5,4,5,7,4,4,10,5,5,1,15,1,27,2,9,1,1,7,9,1,10,1,12,,6,6,1,22,9,121.5151738,25.11314664
111,1,14,13,30,2,09北投區,北投區石牌路1段166巷69弄與西安街1段313巷16弄口,0,0,2,2,C03,8,1,5,30,4,1,1,5,4,5,7,4,4,10,5,5,1,15,2,27,2,9,1,1,7,9,1,10,1,11,,14,6,1,22,9,121.5151738,25.11314664
111,1,14,13,47,2,08士林區,士林區環河北路3段旁迪化抽水站河濱自行車道,0,0,1,1,,8,1,7,0,14,9,1,5,4,5,7,4,4,9,5,5,1,29,3,,,,,,,,,,,,,66,66,1,,,121.5076149,25.07886142
111,1,14,13,47,2,08士林區,士林區環河北路3段旁迪化抽水站河濱自行車道,0,0,1,2,F01,8,1,7,0,14,9,1,5,4,5,7,4,4,9,5,5,1,29,1,22,2,9,1,1,7,9,8,20,1,16,,44,66,1,22,9,121.5076149,25.07886142
111,1,14,13,47,2,08士林區,士林區社正路與社正路45巷口,0,0,1,1,C03,8,1,5,30,4,2,1,5,4,5,7,4,4,5,5,5,2,17,2,67,2,8,1,1,7,6,4,8,1,14,,6,6,1,22,9,121.5096996,25.08884
111,1,14,13,47,2,08士林區,士林區社正路與社正路45巷口,0,0,1,2,A02,8,1,5,30,4,2,1,5,4,5,7,4,4,5,5,5,2,17,1,38,3,10,1,1,7,9,1,6,1,5,,44,6,1,22,9,121.5096996,25.08884
111,1,14,13,57,2,04大安區,大安區新生南路3段台灣大學停車場出入口,0,0,2,1,C03,8,1,5,40,14,8,1,5,4,5,7,4,4,1,4,4,2,12,1,19,2,8,1,1,7,6,1,10,1,12,,9,9,1,22,9,121.5339267,25.01912738
111,1,14,13,57,2,04大安區,大安區新生南路3段台灣大學停車場出入口,0,0,2,2,C03,8,1,5,40,14,8,1,5,4,5,7,4,4,1,4,4,2,12,2,58,2,7,1,1,7,9,1,10,1,11,,44,9,1,22,9,121.5339267,25.01912738
111,1,14,13,58,2,10文山區,文山區辛亥路4段245號,0,0,3,1,C03,8,1,5,50,14,9,1,5,4,5,7,4,4,1,4,5,2,13,2,18,2,9,1,1,7,9,1,10,2,11,,16,16,1,22,9,121.5548443,25.00117376
111,1,14,13,58,2,10文山區,文山區辛亥路4段245號,0,0,3,2,C03,8,1,5,50,14,9,1,5,4,5,7,4,4,1,4,5,2,13,1,31,3,10,1,1,7,9,1,10,2,13,,44,16,1,22,9,121.5548443,25.00117376
111,1,14,13,58,2,10文山區,文山區辛亥路4段245號,0,0,3,3,C03,8,1,5,50,14,9,1,5,4,5,7,4,4,1,4,5,2,13,1,68,2,9,1,1,7,9,1,10,2,11,,44,16,1,22,9,121.5548443,25.00117376
111,1,14,13,58,2,10文山區,文山區辛亥路4段245號,0,0,3,4,H02,8,1,5,50,14,9,1,5,4,5,7,4,4,1,4,5,2,13,2,18,2,9,1,1,7,20,8,20,10,16,,67,16,1,22,9,121.5548443,25.00117376
111,1,14,14,4,2,03中山區,中山區民權東路2段與建國北路2段口,0,0,1,1,A12,8,1,5,50,4,1,1,5,4,5,7,1,1,1,4,5,2,14,1,31,3,10,1,1,7,2,1,7,1,3,,12,12,1,22,9,121.5371831,25.06223307
111,1,14,14,4,2,03中山區,中山區民權東路2段與建國北路2段口,0,0,1,2,F01,8,1,5,50,4,1,1,5,4,5,7,1,1,1,4,5,2,14,1,40,2,9,1,1,7,9,8,20,1,16,,44,12,1,22,9,121.5371831,25.06223307
111,1,14,14,41,2,04大安區,大安區市民大道4段與敦化南路1段口,0,0,1,1,B03,8,1,5,40,4,1,1,5,4,5,7,2,1,1,4,5,2,16,2,42,3,10,1,4,7,6,1,8,1,5,,9,9,1,22,9,121.5489127,25.04460202
111,1,14,14,41,2,04大安區,大安區市民大道4段與敦化南路1段口,0,0,1,2,C03,8,1,5,40,4,1,1,5,4,5,7,2,1,1,4,5,2,16,1,44,2,9,1,4,7,9,1,10,1,11,,44,9,1,22,9,121.5489127,25.04460202
111,1,14,14,47,2,02萬華區,萬華區西藏路與西藏路125巷口,0,0,1,1,F01,8,1,5,50,3,2,1,5,4,5,7,1,1,1,4,5,2,12,2,71,2,6,1,1,7,5,8,20,2,16,,8,8,1,22,9,121.5023291,25.0297412
111,1,14,14,47,2,02萬華區,萬華區西藏路與西藏路125巷口,0,0,1,2,B03,8,1,5,50,3,2,1,5,4,5,7,1,1,1,4,5,2,12,1,25,3,10,1,1,7,9,3,18,2,2,,44,8,1,22,9,121.5023291,25.0297412
111,1,14,14,58,2,07信義區,信義區忠孝東路5段423巷64號,0,0,1,1,C03,8,1,5,30,14,9,1,5,4,5,7,4,4,10,5,5,2,12,2,48,2,8,1,1,7,6,1,10,1,12,,9,9,1,22,9,121.5754273,25.04335816
111,1,14,14,58,2,07信義區,信義區忠孝東路5段423巷64號,0,0,1,2,B03,8,1,5,30,14,9,1,5,4,5,7,4,4,10,5,5,2,12,1,27,3,10,1,1,7,9,1,8,1,7,,23,9,1,22,9,121.5754273,25.04335816
111,1,14,15,35,2,12內湖區,內湖區內湖路2段與成功路4段30巷口,0,0,1,1,F03,8,1,5,30,3,1,1,5,4,5,7,4,4,5,5,5,1,12,2,74,2,9,3,4,7,5,8,20,1,16,,6,6,1,22,9,121.5907842,25.08238063
111,1,14,15,35,2,12內湖區,內湖區內湖路2段與成功路4段30巷口,0,0,1,2,B03,8,1,5,30,3,1,1,5,4,5,7,4,4,5,5,5,1,12,1,45,3,10,3,4,7,9,1,8,1,4,,23,6,1,22,9,121.5907842,25.08238063
111,1,14,15,56,2,02萬華區,萬華區華中橋往新北市匝道口,0,0,1,1,C03,8,1,8,40,15,22,1,5,4,5,7,1,1,10,5,5,2,17,1,65,2,9,3,4,7,9,1,10,1,11,,25,25,1,22,9,121.495513,25.01654486
111,1,14,15,56,2,02萬華區,萬華區華中橋往新北市匝道口,0,0,1,2,B03,8,1,8,40,15,22,1,5,4,5,7,1,1,10,5,5,2,17,2,33,3,10,3,4,7,6,1,8,1,8,,44,25,1,22,9,121.495513,25.01654486
111,1,14,15,56,2,11南港區,南港區松河街390號,0,0,1,1,B03,8,1,5,50,14,9,1,5,4,5,7,4,4,10,5,5,2,17,2,27,3,10,3,4,7,1,1,8,2,4,,19,19,1,22,9,121.5884651,25.054907
111,1,14,15,56,2,11南港區,南港區松河街390號,0,0,1,2,C03,8,1,5,50,14,9,1,5,4,5,7,4,4,10,5,5,2,17,1,27,2,7,3,4,7,9,1,10,2,11,,44,19,1,22,9,121.5884651,25.054907
111,1,14,15,59,2,03中山區,中山區民權東路2段71巷與吉林路299巷口,0,0,3,1,C03,8,1,5,30,14,9,1,5,4,5,7,4,4,9,5,5,2,16,2,41,2,8,1,1,7,9,1,10,1,14,,6,6,1,22,9,121.5316755,25.06309783
111,1,14,15,59,2,03中山區,中山區民權東路2段71巷與吉林路299巷口,0,0,3,2,C03,8,1,5,30,14,9,1,5,4,5,7,4,4,9,5,5,2,16,1,44,2,8,1,1,7,9,1,10,1,11,,44,6,1,22,9,121.5316755,25.06309783
111,1,14,15,59,2,03中山區,中山區民權東路2段71巷與吉林路299巷口,0,0,3,3,H02,8,1,5,30,14,9,1,5,4,5,7,4,4,9,5,5,2,16,1,6,2,8,4,5,7,21,8,20,10,16,,67,6,1,22,9,121.5316755,25.06309783
111,1,14,16,5,2,04大安區,大安區市民大道3段與八德路2段口,0,0,1,1,B03,8,1,5,40,4,2,1,5,4,5,7,2,1,1,4,5,2,16,2,40,3,10,1,4,7,6,1,8,1,5,,9,9,1,22,9,121.5343299,25.04484718
111,1,14,16,5,2,04大安區,大安區市民大道3段與八德路2段口,0,0,1,2,C03,8,1,5,40,4,2,1,5,4,5,7,2,1,1,4,5,2,16,2,22,2,9,1,4,7,9,1,10,1,15,,44,9,1,22,9,121.5343299,25.04484718
111,1,14,16,20,2,12內湖區,內湖區民權東路6段50號前,0,0,1,1,B12,8,1,5,50,14,9,1,5,4,5,7,4,4,1,4,5,2,16,1,65,3,10,1,1,7,6,1,8,1,5,,9,9,1,22,9,121.5839633,25.06857531
111,1,14,16,20,2,12內湖區,內湖區民權東路6段50號前,0,0,1,2,C03,8,1,5,50,14,9,1,5,4,5,7,4,4,1,4,5,2,16,1,55,2,8,1,1,7,9,1,10,1,14,,44,9,1,22,9,121.5839633,25.06857531
111,1,14,16,23,2,04大安區,大安區信義路3段與信義路3段147巷口,0,0,2,1,B01,8,1,5,30,4,2,1,5,4,5,7,2,1,3,2,5,2,17,1,63,3,10,1,1,7,5,1,4,1,8,,6,6,1,22,9,121.5419037,25.03361471
111,1,14,16,23,2,04大安區,大安區信義路3段與信義路3段147巷口,0,0,2,2,C03,8,1,5,30,4,2,1,5,4,5,7,2,1,3,2,5,2,17,1,18,2,8,1,1,7,9,1,10,1,11,,44,6,1,22,9,121.5419037,25.03361471
111,1,14,16,23,2,04大安區,大安區信義路3段與信義路3段147巷口,0,0,2,3,H02,8,1,5,30,4,2,1,5,4,5,7,2,1,3,2,5,2,17,1,17,2,9,1,5,7,20,8,20,10,16,,67,6,1,22,9,121.5419037,25.03361471
111,1,14,16,30,2,04大安區,大安區信義路3段134巷與建國南路2段151巷口,0,0,1,1,B01,8,1,5,30,5,2,1,5,4,5,7,2,1,8,3,5,1,3,4,,4,11,3,4,7,15,7,19,11,15,,43,43,2,22,9,121.5393775,25.0287526
111,1,14,16,30,2,04大安區,大安區信義路3段134巷與建國南路2段151巷口,0,0,1,2,H01,8,1,5,30,5,2,1,5,4,5,7,2,1,8,3,5,1,3,2,69,2,9,4,5,8,16,8,20,9,16,,67,43,1,22,9,121.5393775,25.0287526
111,1,14,16,34,2,02萬華區,萬華區西寧南路與長沙街2段口,0,0,1,1,B03,8,1,5,50,4,1,1,5,4,5,7,2,1,9,4,5,2,17,1,55,3,10,1,1,7,5,1,8,1,2,,6,6,1,22,9,121.5060733,25.04068667
111,1,14,16,34,2,02萬華區,萬華區西寧南路與長沙街2段口,0,0,1,2,C03,8,1,5,50,4,1,1,5,4,5,7,2,1,9,4,5,2,17,2,34,2,9,1,1,7,9,1,10,1,11,,44,6,1,22,9,121.5060733,25.04068667
111,1,14,16,39,2,09北投區,北投區建民路與建民路110巷口,0,0,2,1,C03,8,1,5,30,4,1,1,5,4,5,7,4,4,10,5,5,2,15,2,41,2,9,1,1,7,9,1,10,1,14,,6,6,1,22,9,121.5173458,25.1088963
111,1,14,16,39,2,09北投區,北投區建民路與建民路110巷口,0,0,2,2,C03,8,1,5,30,4,1,1,5,4,5,7,4,4,10,5,5,2,15,1,66,2,9,1,1,7,9,1,10,1,11,,44,6,1,22,9,121.5173458,25.1088963
111,1,14,16,39,2,09北投區,北投區建民路與建民路110巷口,0,0,2,3,B03,8,1,5,30,4,1,1,5,4,5,7,4,4,10,5,5,2,15,2,37,3,10,3,4,7,13,1,8,11,8,,38,6,1,22,9,121.5173458,25.1088963
111,1,14,16,49,2,03中山區,中山區明水路北安國中,0,0,2,1,C03,8,1,5,50,14,9,1,5,4,5,7,4,4,1,4,5,2,13,1,24,2,9,1,1,7,9,1,10,1,11,,23,23,1,22,9,121.5419668,25.07765589
111,1,14,16,49,2,03中山區,中山區明水路北安國中,0,0,2,2,B03,8,1,5,50,14,9,1,5,4,5,7,4,4,1,4,5,2,13,2,42,3,10,1,1,7,13,1,8,1,3,,44,23,1,22,9,121.5419668,25.07765589
111,1,14,16,49,2,03中山區,中山區明水路北安國中,0,0,2,3,C03,8,1,5,50,14,9,1,5,4,5,7,4,4,1,4,5,2,13,2,52,2,9,1,1,7,9,1,10,1,14,,42,23,1,22,9,121.5419668,25.07765589
111,1,14,16,50,2,06松山區,松山區八德路4段與基隆路1段口口,0,0,1,1,B03,8,3,5,50,5,1,1,5,4,5,7,2,1,10,3,5,2,17,1,45,3,10,1,1,7,6,1,14,2,6,,9,9,1,22,9,121.5693272,25.04966006