發生年度,發生月,發生日,發生時-Hours,發生分,處理別-編號,區序,肇事地點,死亡人數,2-30日死亡人數,受傷人數,當事人序號,車種,天候,光線,道路類別,速限-速度限制,道路型態,事故位置,路面狀況1,路面狀況2,路面狀況3,道路障礙1,道路障礙2,號誌1,號誌2,車道劃分-分向,車道劃分-分道1,車道劃分-分道2,車道劃分-分道3,事故類型及型態,性別,年齡,受傷程度,主要傷處,安全帽,行動電話,車輛用途,當事者行動狀態,駕駛資格情形,駕駛執照種類,飲酒情形,車輛撞擊部位1,車輛撞擊部位2,肇因碼-個別,肇因碼-主要,個人肇逃否,職業,旅次目的,座標-X,座標-Y
111,1,14,16,50,2,06松山區,松山區八德路4段與基隆路1段口口,0,0,1,2,C03,8,3,5,50,5,1,1,5,4,5,7,2,1,10,3,5,2,17,1,55,2,9,1,1,7,12,1,10,2,11,,16,9,1,22,9,121.5693272,25.04966006
111,1,14,17,5,2,05中正區,(鎮江街上),0,0,1,1,C03,7,1,5,50,14,9,1,5,4,5,7,4,4,4,3,5,2,13,1,85,2,8,1,1,7,9,1,10,2,11,,23,23,1,22,9,121.5215556,25.04499251
111,1,14,17,5,2,05中正區,(鎮江街上),0,0,1,2,D03,7,1,5,50,14,9,1,5,4,5,7,4,4,4,3,5,2,13,1,25,3,10,3,4,7,13,1,8,2,3,,26,23,1,22,9,121.5215556,25.04499251
111,1,14,17,5,2,09北投區,北投區承德路7段與吉利街口,0,0,1,1,F01,7,1,5,30,14,9,1,5,4,5,7,4,4,10,5,5,1,16,1,34,3,10,1,1,7,11,8,20,1,16,,11,11,1,22,9,121.5035345,25.11789765
111,1,14,17,5,2,09北投區,北投區承德路7段與吉利街口,0,0,1,2,C03,7,1,5,30,14,9,1,5,4,5,7,4,4,10,5,5,1,16,2,50,2,9,1,1,7,6,1,10,1,12,,9,11,1,22,9,121.5035345,25.11789765
111,1,14,17,45,2,04大安區,大安區金華街48巷與金華街口,0,0,2,1,B03,8,3,5,30,4,2,1,5,4,5,7,4,4,8,3,5,1,15,1,49,3,10,1,1,7,11,1,8,1,5,,6,6,1,21,5,121.5232413,25.0307005
111,1,14,17,45,2,04大安區,大安區金華街48巷與金華街口,0,0,2,2,C03,8,3,5,30,4,2,1,5,4,5,7,4,4,8,3,5,1,15,1,62,2,9,1,1,7,9,1,10,1,14,,44,6,1,21,5,121.5232413,25.0307005
111,1,14,17,45,2,04大安區,大安區金華街48巷與金華街口,0,0,2,3,H02,8,3,5,30,4,2,1,5,4,5,7,4,4,8,3,5,1,15,2,58,2,9,1,1,7,20,8,20,10,16,,67,6,1,21,5,121.5232413,25.0307005
111,1,14,17,50,2,03中山區,中山區林森北路與林森北路159巷口,0,0,1,1,B03,8,3,5,50,14,9,1,5,4,5,7,4,4,1,4,5,2,17,1,28,3,10,3,4,7,9,1,8,1,5,,44,44,1,22,9,121.5253786,25.05193973
111,1,14,17,50,2,03中山區,中山區林森北路與林森北路159巷口,0,0,1,2,C03,8,3,5,50,14,9,1,5,4,5,7,4,4,1,4,5,2,17,1,40,3,10,1,1,7,7,1,10,1,14,,7,44,1,22,9,121.5253786,25.05193973
111,1,14,17,50,2,03中山區,中山區林森北路與林森北路159巷口,0,0,1,3,H02,8,3,5,50,14,9,1,5,4,5,7,4,4,1,4,5,2,17,2,40,2,8,4,5,7,17,8,20,10,16,,67,44,1,22,9,121.5253786,25.05193973
111,1,14,17,50,2,03中山區,中山區林森北路與林森北路159巷口,0,0,1,4,B01,8,3,5,50,14,9,1,5,4,5,7,4,4,1,4,5,2,17,1,42,3,10,3,4,7,14,1,4,9,7,,42,44,1,22,9,121.5253786,25.05193973
111,1,14,17,55,2,09北投區,北投區大業路與永興路1段口,0,0,1,1,B03,8,3,5,50,3,1,1,5,4,5,7,4,4,9,4,5,2,12,1,64,3,10,3,4,7,6,1,8,1,2,,44,44,1,22,9,121.4983673,25.1369471
111,1,14,17,55,2,09北投區,北投區大業路與永興路1段口,0,0,1,2,C03,8,3,5,50,3,1,1,5,4,5,7,4,4,9,4,5,2,12,1,72,2,9,3,4,7,9,1,10,1,14,,44,44,1,22,9,121.4983673,25.1369471
111,1,14,18,2,2,09北投區,北投區大興街與光明路2巷口,0,0,2,3,H02,8,3,5,30,3,2,1,5,4,5,7,4,4,9,4,5,1,17,1,9,2,8,4,5,7,20,8,20,10,16,,67,6,1,21,8,121.5002545,25.13042172
111,1,14,18,2,2,09北投區,北投區大興街與光明路2巷口,0,0,2,1,C03,8,3,5,30,3,2,1,5,4,5,7,4,4,9,4,5,1,17,1,41,2,7,1,1,7,5,1,10,1,12,,6,6,1,21,8,121.5002545,25.13042172
111,1,14,18,2,2,09北投區,北投區大興街與光明路2巷口,0,0,2,2,B03,8,3,5,30,3,2,1,5,4,5,7,4,4,9,4,5,1,17,1,47,3,10,1,1,7,9,1,14,1,4,,44,6,1,21,8,121.5002545,25.13042172
111,1,14,18,8,2,11南港區,南港區同德路與東新街口,0,0,1,1,B12,8,3,5,50,4,1,1,5,4,5,7,2,1,4,1,5,2,2,1,32,3,10,1,1,7,5,1,8,2,4,,15,15,1,22,9,121.5870133,25.04642929
111,1,14,18,8,2,11南港區,南港區同德路與東新街口,0,0,1,2,H01,8,3,5,50,4,1,1,5,4,5,7,2,1,4,1,5,2,2,1,70,2,7,4,1,8,16,8,20,10,15,,67,15,1,22,9,121.5870133,25.04642929
111,1,14,18,10,2,12內湖區,內湖區瑞光路431號前,0,0,1,1,C03,8,3,5,50,15,9,1,5,4,5,7,4,4,10,5,5,2,16,1,45,3,10,1,1,7,11,1,10,1,11,,10,10,1,22,9,121.5704628,25.07844021
111,1,14,18,10,2,12內湖區,內湖區瑞光路431號前,0,0,1,2,C03,8,3,5,50,15,9,1,5,4,5,7,4,4,10,5,5,2,16,1,32,2,8,1,1,7,9,1,10,1,12,,44,10,1,22,9,121.5704628,25.07844021
111,1,14,18,14,2,07信義區,信義區基隆路1段52號門牌往南第二根燈桿,0,0,3,1,B12,8,3,5,50,14,9,1,5,4,5,7,4,4,10,4,5,2,17,1,50,2,7,1,1,7,14,1,7,1,4,,42,42,1,22,9,121.5678411,25.04720388
111,1,14,18,14,2,07信義區,信義區基隆路1段52號門牌往南第二根燈桿,0,0,3,2,C03,8,3,5,50,14,9,1,5,4,5,7,4,4,10,4,5,2,17,2,22,2,9,1,1,7,9,1,10,1,12,,23,42,1,22,9,121.5678411,25.04720388
111,1,14,18,14,2,07信義區,信義區基隆路1段52號門牌往南第二根燈桿,0,0,3,3,H02,8,3,5,50,14,9,1,5,4,5,7,4,4,10,4,5,2,17,2,22,2,9,4,5,7,20,8,20,10,16,,67,42,1,22,9,121.5678411,25.04720388
111,1,14,18,15,2,09北投區,北投區福美路與承平路口,0,0,1,1,B03,8,3,5,50,4,2,1,5,4,5,7,1,1,1,4,5,2,3,2,50,3,10,1,1,7,5,1,8,1,1,,15,15,1,22,9,121.5082013,25.10080395
111,1,14,18,15,2,09北投區,北投區福美路與承平路口,0,0,1,2,H01,8,3,5,50,4,2,1,5,4,5,7,1,1,1,4,5,2,3,1,53,2,9,4,1,8,16,8,20,10,16,,67,15,1,22,9,121.5082013,25.10080395
111,1,14,18,44,2,06松山區,松山區民生東路5段與新中街口,0,0,1,1,B03,7,3,5,50,5,1,1,5,4,5,6,2,1,1,5,5,2,17,1,51,3,10,3,4,7,5,1,8,2,5,,6,6,1,22,9,121.560511,25.05856957
111,1,14,18,44,2,06松山區,松山區民生東路5段與新中街口,0,0,1,2,C03,7,3,5,50,5,1,1,5,4,5,6,2,1,1,5,5,2,17,1,22,2,9,3,4,7,9,1,10,2,11,,42,6,1,22,9,121.560511,25.05856957
111,1,14,18,48,2,08士林區,士林區重慶北路4段與重慶北路4段1巷口上高架,0,0,2,1,B03,8,1,5,40,4,1,1,5,4,5,7,4,4,1,4,4,2,16,1,38,3,10,3,4,7,6,1,8,1,5,,23,23,1,22,9,121.5133232,25.07999723
111,1,14,18,48,2,08士林區,士林區重慶北路4段與重慶北路4段1巷口上高架,0,0,2,2,C03,8,1,5,40,4,1,1,5,4,5,7,4,4,1,4,4,2,16,1,20,2,9,1,1,7,6,1,10,1,11,,23,23,1,22,9,121.5133232,25.07999723
111,1,14,18,48,2,08士林區,士林區重慶北路4段與重慶北路4段1巷口上高架,0,0,2,3,H02,8,1,5,40,4,1,1,5,4,5,7,4,4,1,4,4,2,16,2,18,2,9,1,5,7,20,8,20,10,16,,67,23,1,22,9,121.5133232,25.07999723
111,1,14,18,49,2,10文山區,文山區羅斯福路6段與羅斯福路6段159巷口,0,0,2,1,B12,7,3,5,50,4,1,1,5,4,5,7,1,1,1,4,5,2,16,1,29,3,10,1,1,7,11,1,8,2,6,,10,10,1,22,9,121.5409511,24.99719386
111,1,14,18,49,2,10文山區,文山區羅斯福路6段與羅斯福路6段159巷口,0,0,2,2,C03,7,3,5,50,4,1,1,5,4,5,7,1,1,1,4,5,2,16,2,25,2,8,1,1,7,9,1,10,2,11,,44,10,1,22,9,121.5409511,24.99719386
111,1,14,18,49,2,10文山區,文山區羅斯福路6段與羅斯福路6段159巷口,0,0,2,3,H02,7,3,5,50,4,1,1,5,4,5,7,1,1,1,4,5,2,16,2,31,2,9,1,1,7,20,8,20,10,16,,67,10,1,22,9,121.5409511,24.99719386
111,1,14,18,49,2,07信義區,信義區信安街104號,0,0,1,1,C03,8,3,5,50,14,9,1,5,4,5,7,4,4,5,5,5,2,17,1,27,2,4,1,1,7,9,1,10,1,12,,42,42,1,22,9,121.5567226,25.02553037
111,1,14,18,49,2,07信義區,信義區信安街104號,0,0,1,2,B03,8,3,5,50,14,9,1,5,4,5,7,4,4,5,5,5,2,17,1,42,3,10,1,1,7,6,1,8,1,15,,9,42,1,22,9,121.5567226,25.02553037
111,1,14,18,49,2,07信義區,信義區信安街104號,0,0,1,3,C03,8,3,5,50,14,9,1,5,4,5,7,4,4,5,5,5,2,17,3,,,,,,,,,,,,,67,42,1,,,121.5567226,25.02553037
111,1,14,18,49,2,07信義區,信義區信安街104號,0,0,1,4,C03,8,3,5,50,14,9,1,5,4,5,7,4,4,5,5,5,2,17,3,,,,,,,,,,,,,67,42,1,,,121.5567226,25.02553037
111,1,14,18,52,2,03中山區,中山區明水路與樂群二路口,0,0,1,1,C03,8,3,5,50,4,1,1,5,4,5,7,1,1,1,4,5,2,16,1,26,2,8,1,1,7,9,1,10,1,12,,44,44,1,22,9,121.559144,25.0825264
111,1,14,18,52,2,03中山區,中山區明水路與樂群二路口,0,0,1,2,B03,8,3,5,50,4,1,1,5,4,5,7,1,1,1,4,5,2,16,2,23,3,10,1,1,7,8,1,8,1,2,,7,44,1,22,9,121.559144,25.0825264
111,1,14,18,55,2,05中正區,中正區漢口街1段與重慶南路1段口,0,0,1,1,F01,8,3,5,50,4,1,1,5,4,5,7,2,1,10,4,5,2,15,2,69,2,9,1,1,7,9,8,20,1,16,,25,25,1,22,9,121.5132356,25.04518861
111,1,14,18,55,2,05中正區,中正區漢口街1段與重慶南路1段口,0,0,1,2,C03,8,3,5,50,4,1,1,5,4,5,7,2,1,10,4,5,2,15,1,22,3,10,1,1,7,9,1,10,1,11,,44,25,1,22,9,121.5132356,25.04518861
111,1,14,19,22,2,12內湖區,內湖區成功路4段61巷與星雲街口,0,0,1,1,B03,7,3,5,40,3,2,1,5,4,5,7,4,4,9,4,5,1,3,1,52,3,10,1,1,7,5,1,8,1,1,,43,43,1,22,9,121.5942311,25.07961091
111,1,14,19,22,2,12內湖區,內湖區成功路4段61巷與星雲街口,0,0,1,2,H01,7,3,5,40,3,2,1,5,4,5,7,4,4,9,4,5,1,3,1,55,2,9,4,1,8,16,8,20,10,16,,67,43,1,22,9,121.5942311,25.07961091
111,1,14,19,30,2,08士林區,士林區基河路與大南路口,0,0,1,1,C03,8,3,5,50,4,1,1,5,4,5,7,2,1,4,5,5,2,17,1,18,3,10,1,1,7,5,1,10,1,13,,8,8,1,22,9,121.5227954,25.0897112
111,1,14,19,30,2,08士林區,士林區基河路與大南路口,0,0,1,2,C03,8,3,5,50,4,1,1,5,4,5,7,2,1,4,5,5,2,17,1,30,2,9,1,1,7,9,1,10,1,11,,23,8,1,22,9,121.5227954,25.0897112
111,1,14,19,35,2,12內湖區,內湖區瑞湖街與舊宗路2段135巷口口,0,0,1,1,B03,8,3,5,30,3,1,1,5,4,5,7,4,4,5,5,5,2,16,1,45,3,10,1,1,7,6,1,8,1,5,,9,9,1,22,9,121.5763961,25.06969437
111,1,14,19,35,2,12內湖區,內湖區瑞湖街與舊宗路2段135巷口口,0,0,1,2,C03,8,3,5,30,3,1,1,5,4,5,7,4,4,5,5,5,2,16,1,24,2,8,1,1,7,9,1,10,1,14,,2,9,1,22,9,121.5763961,25.06969437
111,1,14,19,45,2,07信義區,信義區松隆路與松信路口,0,0,2,1,B03,8,3,5,50,4,1,1,5,4,5,7,1,1,9,4,5,2,11,1,46,3,10,1,1,7,5,1,8,1,6,,43,43,1,22,9,121.5721989,25.04688742
111,1,14,19,45,2,07信義區,信義區松隆路與松信路口,0,0,2,2,C03,8,3,5,50,4,1,1,5,4,5,7,1,1,9,4,5,2,11,2,26,2,9,1,1,7,9,1,10,1,14,,43,43,1,22,9,121.5721989,25.04688742
111,1,14,19,45,2,07信義區,信義區松隆路與松信路口,0,0,2,3,H02,8,3,5,50,4,1,1,5,4,5,7,1,1,9,4,5,2,11,2,30,2,8,4,5,7,20,8,20,10,16,,67,43,1,22,9,121.5721989,25.04688742
111,1,14,20,18,2,03中山區,中山區建國北路1段與南京東路3段口,0,0,1,1,B03,8,3,5,50,4,1,1,5,4,5,7,1,1,1,4,5,2,16,1,41,3,10,3,4,7,6,1,8,1,2,,9,9,1,22,9,121.5370508,25.05190195
111,1,14,20,18,2,03中山區,中山區建國北路1段與南京東路3段口,0,0,1,2,C03,8,3,5,50,4,1,1,5,4,5,7,1,1,1,4,5,2,16,1,18,2,9,3,4,7,9,1,10,1,14,,23,9,1,22,9,121.5370508,25.05190195
111,1,14,20,28,2,05中正區,中正區杭州南路1段71巷與杭州南路1段口口,0,0,1,1,C04,8,3,5,40,3,1,1,5,4,5,7,4,4,9,5,5,1,16,2,42,2,8,1,1,7,6,1,8,1,11,,9,9,1,21,5,121.5256945,25.0397403
111,1,14,20,28,2,05中正區,中正區杭州南路1段71巷與杭州南路1段口口,0,0,1,2,C03,8,3,5,40,3,1,1,5,4,5,7,4,4,9,5,5,1,16,1,44,3,10,1,1,7,6,1,10,1,13,,17,9,1,21,1,121.5256945,25.0397403
111,1,14,20,48,2,11南港區,南港區向陽路139號,0,0,2,1,C02,8,3,5,50,14,9,1,5,4,5,7,4,4,9,4,5,2,12,1,30,2,8,1,1,7,8,1,9,2,12,,7,7,1,22,9,121.5941089,25.05546623
111,1,14,20,48,2,11南港區,南港區向陽路139號,0,0,2,2,C03,8,3,5,50,14,9,1,5,4,5,7,4,4,9,4,5,2,12,1,27,2,8,1,1,7,9,1,10,2,14,,44,7,1,22,9,121.5941089,25.05546623
111,1,14,20,55,2,11南港區,南港區向陽路21號,0,0,1,1,C03,7,3,5,50,14,9,1,5,4,5,7,4,4,1,4,5,2,12,2,52,2,7,1,1,7,9,1,10,1,14,,6,6,1,22,9,121.5952616,25.05216627
111,1,14,20,55,2,11南港區,南港區向陽路21號,0,0,1,2,B03,7,3,5,50,14,9,1,5,4,5,7,4,4,1,4,5,2,12,1,53,3,10,1,1,7,9,1,8,1,5,,44,6,1,22,9,121.5952616,25.05216627
111,1,14,21,14,2,11南港區,南港區松河街246號停車格,0,0,1,1,B02,7,3,5,50,14,9,1,5,4,5,7,4,4,8,5,5,2,16,1,56,3,10,3,4,7,11,1,8,1,4,,26,26,1,22,9,121.6047802,25.05875028
111,1,14,21,14,2,11南港區,南港區松河街246號停車格,0,0,1,2,C03,7,3,5,50,14,9,1,5,4,5,7,4,4,8,5,5,2,16,1,21,2,9,3,4,7,9,1,10,1,11,,23,26,1,22,9,121.6047802,25.05875028
111,1,14,21,32,2,01大同區,大同區延平北路2段與延平北路2段135巷口,0,0,1,1,C02,7,3,5,30,3,2,1,5,4,5,7,4,4,4,1,5,2,17,1,62,3,10,1,1,7,9,1,9,1,14,,6,6,1,22,9,121.5115384,25.0576786
111,1,14,21,32,2,01大同區,大同區延平北路2段與延平北路2段135巷口,0,0,1,2,C03,7,3,5,30,3,2,1,5,4,5,7,4,4,4,1,5,2,17,1,23,2,9,1,1,7,9,1,10,1,14,,44,6,1,22,9,121.5115384,25.0576786
111,1,14,21,39,2,08士林區,士林區仰德大道2段與仰德大道2段2巷口,0,0,1,2,C03,8,1,5,40,3,1,1,5,4,5,7,1,1,4,5,5,2,16,1,51,2,9,1,1,7,9,1,10,2,14,,23,9,1,22,9,121.5396868,25.10191174
111,1,14,21,39,2,08士林區,士林區仰德大道2段與仰德大道2段2巷口,0,0,1,1,B03,8,1,5,40,3,1,1,5,4,5,7,1,1,4,5,5,2,16,1,26,3,10,3,4,7,6,1,8,2,6,,9,9,1,22,9,121.5396868,25.10191174
111,1,14,22,10,2,03中山區,中山區林森北路與民生東路2段口,0,0,1,1,B03,7,3,5,50,4,2,1,5,4,5,7,1,1,5,4,5,2,12,1,56,3,10,1,1,7,8,1,8,9,5,,7,7,1,22,9,121.5255247,25.05805647
111,1,14,22,10,2,03中山區,中山區林森北路與民生東路2段口,0,0,1,2,C03,7,3,5,50,4,2,1,5,4,5,7,1,1,5,4,5,2,12,2,20,2,8,1,1,7,9,1,10,1,14,,44,7,1,22,9,121.5255247,25.05805647
111,1,14,22,16,2,04大安區,大安區忠孝東路4段與忠孝東路4段223巷口,0,0,1,1,C03,7,3,5,30,5,1,1,5,4,5,7,1,1,8,3,5,2,15,2,20,2,9,1,1,7,9,1,8,1,11,,25,25,1,22,9,121.5529441,25.0414792
111,1,14,22,16,2,04大安區,大安區忠孝東路4段與忠孝東路4段223巷口,0,0,1,2,B03,7,3,5,30,5,1,1,5,4,5,7,1,1,8,3,5,2,15,1,19,3,10,1,1,7,9,1,8,1,4,,44,25,1,22,9,121.5529441,25.0414792
111,1,14,22,21,2,08士林區,士林區中正路與福港街口,0,0,1,1,C03,8,1,5,50,3,1,1,5,4,5,7,2,1,1,4,5,2,12,2,23,2,9,3,4,7,8,1,10,1,12,,44,44,1,22,9,121.5177172,25.09192875
111,1,14,22,21,2,08士林區,士林區中正路與福港街口,0,0,1,2,C03,8,1,5,50,3,1,1,5,4,5,7,2,1,1,4,5,2,12,1,45,3,10,3,4,7,8,1,10,1,15,,17,44,1,22,9,121.5177172,25.09192875
111,1,14,22,37,2,09北投區,北投區石牌路1段39巷36弄與石牌路1段39巷口,0,0,1,1,B03,7,3,5,30,3,1,1,5,4,5,7,4,4,10,5,5,2,17,1,46,3,10,1,1,7,6,1,8,2,4,,6,6,1,22,9,121.5100751,25.1143495
111,1,14,22,37,2,09北投區,北投區石牌路1段39巷36弄與石牌路1段39巷口,0,0,1,2,C03,7,3,5,30,3,1,1,5,4,5,7,4,4,10,5,5,2,17,1,33,2,9,1,1,7,9,1,10,2,12,,23,6,1,22,9,121.5100751,25.1143495
111,1,14,22,42,2,07信義區,信義區莊敬路與吳興街225巷口,0,0,1,1,C03,8,3,5,40,4,1,4,5,4,5,7,1,1,10,4,4,2,12,2,24,2,9,1,1,7,5,1,10,1,13,,8,8,1,22,9,121.5635036,25.02804266
111,1,14,22,42,2,07信義區,信義區莊敬路與吳興街225巷口,0,0,1,2,B03,8,3,5,40,4,1,4,5,4,5,7,1,1,10,4,4,2,12,1,31,3,10,1,1,7,9,1,8,1,5,,44,8,1,22,9,121.5635036,25.02804266
111,1,14,22,44,2,06松山區,松山區八德路4段與塔悠路口,0,0,1,1,B01,8,3,5,50,5,1,1,5,4,5,7,1,1,1,4,4,1,17,1,69,3,10,1,1,7,6,1,4,2,2,,9,9,1,22,9,121.5722717,25.05002091
111,1,14,22,44,2,06松山區,松山區八德路4段與塔悠路口,0,0,1,2,C03,8,3,5,50,5,1,1,5,4,5,7,1,1,1,4,4,1,17,1,57,2,9,1,1,7,9,1,10,2,14,,44,9,1,22,9,121.5722717,25.05002091
111,1,14,23,17,2,05中正區,中正區水源路與師大路口,0,0,1,1,B01,8,3,5,50,5,1,1,5,4,5,7,1,1,3,2,5,2,17,1,67,3,10,1,1,7,6,1,4,1,5,,23,23,1,22,9,121.522758,25.02033156
111,1,14,23,17,2,05中正區,中正區水源路與師大路口,0,0,1,2,C03,8,3,5,50,5,1,1,5,4,5,7,1,1,3,2,5,2,17,1,20,2,9,1,1,7,5,1,10,1,12,,23,23,1,22,9,121.522758,25.02033156
111,1,14,23,34,2,11南港區,南港區重陽路39巷與向陽路162巷口,0,0,1,1,B12,8,3,5,50,4,1,1,5,4,5,7,4,4,5,5,5,2,15,1,46,3,10,2,1,7,9,1,8,2,5,,6,6,1,22,9,121.5953548,25.0560315
111,1,14,23,34,2,11南港區,南港區重陽路39巷與向陽路162巷口,0,0,1,2,C03,8,3,5,50,4,1,1,5,4,5,7,4,4,5,5,5,2,15,1,20,2,8,1,1,7,9,1,10,2,11,,6,6,1,22,9,121.5953548,25.0560315
111,1,14,23,54,2,03中山區,中山區復興北路420號與民權東路口引道,0,0,1,1,C03,8,3,5,50,4,2,1,5,4,5,7,4,4,1,4,5,2,16,2,20,3,10,3,4,7,6,1,10,1,12,,9,9,1,22,9,121.544112,25.06267219
111,1,14,23,54,2,03中山區,中山區復興北路420號與民權東路口引道,0,0,1,2,C03,8,3,5,50,4,2,1,5,4,5,7,4,4,1,4,5,2,16,1,68,2,9,3,4,7,9,1,10,1,14,,44,9,1,22,9,121.544112,25.06267219
111,1,15,0,38,2,02萬華區,萬華區西寧南路與漢口街2段口,0,0,1,1,B03,7,3,5,50,4,1,1,5,4,5,7,2,1,7,4,5,2,17,1,34,3,10,1,1,7,5,1,8,2,1,,8,8,1,22,9,121.506869,25.0454919
111,1,15,0,38,2,02萬華區,萬華區西寧南路與漢口街2段口,0,0,1,2,C03,7,3,5,50,4,1,1,5,4,5,7,2,1,7,4,5,2,17,1,18,2,9,1,1,7,9,3,18,2,11,,13,8,1,22,9,121.506869,25.0454919
111,1,15,0,38,2,02萬華區,萬華區西寧南路與漢口街2段口,0,0,1,3,C03,7,3,5,50,4,1,1,5,4,5,7,2,1,7,4,5,2,17,4,,3,10,3,4,7,13,7,19,11,14,,44,8,2,22,9,121.506869,25.0454919
111,1,15,0,38,2,02萬華區,萬華區西寧南路與漢口街2段口,0,0,1,4,C03,7,3,5,50,4,1,1,5,4,5,7,2,1,7,4,5,2,17,4,,3,10,3,4,7,13,7,19,11,14,,44,8,2,22,9,121.506869,25.0454919
111,1,15,0,38,2,02萬華區,萬華區西寧南路與漢口街2段口,0,0,1,5,C03,7,3,5,50,4,1,1,5,4,5,7,2,1,7,4,5,2,17,4,,3,10,3,4,7,13,7,19,11,14,,44,8,2,22,9,121.506869,25.0454919
111,1,15,0,38,2,02萬華區,萬華區西寧南路與漢口街2段口,0,0,1,6,C03,7,3,5,50,4,1,1,5,4,5,7,2,1,7,4,5,2,17,4,,3,10,3,4,7,13,7,19,11,14,,44,8,2,22,9,121.506869,25.0454919
111,1,15,0,38,2,02萬華區,萬華區西寧南路與漢口街2段口,0,0,1,7,C03,7,3,5,50,4,1,1,5,4,5,7,2,1,7,4,5,2,17,4,,4,11,3,4,7,13,7,19,11,14,,44,8,2,22,9,121.506869,25.0454919
111,1,15,1,20,2,03中山區,中山區中山北路3段與民權西路口,0,0,1,1,B01,8,3,5,50,4,1,1,5,4,5,7,1,1,1,4,5,2,16,1,43,3,10,3,4,7,5,1,4,2,2,,8,8,1,22,9,121.5224403,25.06291857
111,1,15,1,20,2,03中山區,中山區中山北路3段與民權西路口,0,0,1,2,C03,8,3,5,50,4,1,1,5,4,5,7,1,1,1,4,5,2,16,1,27,2,9,1,4,7,9,1,10,2,11,,13,8,1,22,9,121.5224403,25.06291857
111,1,15,2,17,2,02萬華區,萬華區長沙街2段與康定路口,0,0,1,1,B03,7,3,5,50,4,1,1,5,4,5,7,2,1,5,4,5,2,3,2,31,3,10,1,1,7,5,1,8,2,1,,15,15,1,22,9,121.5020682,25.040505
111,1,15,2,17,2,02萬華區,萬華區長沙街2段與康定路口,0,0,1,2,H01,7,3,5,50,4,1,1,5,4,5,7,2,1,5,4,5,2,3,1,65,2,7,4,5,8,16,8,20,2,16,,52,15,1,22,9,121.5020682,25.040505
111,1,15,4,53,2,03中山區,中山區南京東路3段與建國北路1段口,0,0,1,1,C03,8,3,5,40,4,2,1,5,4,5,7,1,1,5,4,4,2,18,1,37,2,7,1,1,7,9,1,10,1,12,,42,42,1,22,9,121.5366114,25.05189588
111,1,15,4,53,2,03中山區,中山區南京東路3段與建國北路1段口,0,0,1,2,,8,3,5,40,4,2,1,5,4,5,7,1,1,5,4,4,2,18,3,,,,,,,,,,,,,67,42,1,,,121.5366114,25.05189588
111,1,15,5,10,2,01大同區,中山區民族東路20號,0,0,1,1,B03,7,2,5,50,14,9,1,4,4,5,7,4,4,1,3,5,2,17,1,44,3,10,1,1,7,15,1,8,2,5,,42,42,1,22,9,121.5241375,25.06835623
111,1,15,5,10,2,01大同區,中山區民族東路20號,0,0,1,2,B03,7,2,5,50,14,9,1,4,4,5,7,4,4,1,3,5,2,17,1,23,3,10,1,1,7,13,3,18,1,7,,44,42,1,22,9,121.5241375,25.06835623
111,1,15,5,10,2,01大同區,中山區民族東路20號,0,0,1,3,B03,7,2,5,50,14,9,1,4,4,5,7,4,4,1,3,5,2,17,2,48,3,10,1,1,7,13,6,8,11,7,,43,42,1,22,9,121.5241375,25.06835623
111,1,15,5,10,2,01大同區,中山區民族東路20號,0,0,1,4,B03,7,2,5,50,14,9,1,4,4,5,7,4,4,1,3,5,2,17,1,48,3,10,1,1,7,13,1,8,1,7,,43,42,1,22,9,121.5241375,25.06835623
111,1,15,5,10,2,01大同區,中山區民族東路20號,0,0,1,5,H02,7,2,5,50,14,9,1,4,4,5,7,4,4,1,3,5,2,17,2,40,2,9,4,5,7,21,8,20,11,16,,67,42,1,22,9,121.5241375,25.06835623
111,1,15,5,10,2,01大同區,中山區民族東路20號,0,0,1,6,B12,7,2,5,50,14,9,1,4,4,5,7,4,4,1,3,5,2,17,1,46,3,10,1,1,7,13,1,8,9,8,,43,42,1,22,9,121.5241375,25.06835623
111,1,15,5,10,2,01大同區,中山區民族東路20號,0,0,1,7,H02,7,2,5,50,14,9,1,4,4,5,7,4,4,1,3,5,2,17,1,39,4,11,3,5,7,21,8,20,10,15,,60,42,1,22,9,121.5241375,25.06835623
111,1,15,6,33,2,03中山區,中山區龍江路與龍江路356巷口,0,0,2,1,C03,8,1,5,50,4,1,1,5,4,5,7,1,1,9,5,5,2,16,1,63,2,7,1,1,7,5,1,10,1,11,,8,8,1,22,9,121.5409587,25.06597854
111,1,15,6,33,2,03中山區,中山區龍江路與龍江路356巷口,0,0,2,2,C03,8,1,5,50,4,1,1,5,4,5,7,1,1,9,5,5,2,16,2,49,2,8,1,1,7,9,4,11,1,14,,44,8,1,22,9,121.5409587,25.06597854
111,1,15,7,50,2,04大安區,大安區信義路3段89號,0,0,1,1,B12,7,1,5,50,14,9,1,5,4,5,7,4,4,1,4,5,2,17,1,66,3,10,3,4,7,9,1,8,1,5,,23,23,1,22,9,121.5383198,25.03360429
111,1,15,7,50,2,04大安區,大安區信義路3段89號,0,0,1,2,C03,7,1,5,50,14,9,1,5,4,5,7,4,4,1,4,5,2,17,1,70,2,9,3,4,7,7,1,10,1,13,,7,23,1,22,9,121.5383198,25.03360429
111,1,15,7,59,2,11南港區,南港區南港路3段與南港路3段106巷口,0,0,1,1,B03,8,1,5,50,4,1,1,5,4,5,7,2,1,5,4,5,1,16,1,52,3,10,2,4,7,5,1,8,1,6,,6,6,1,22,9,121.5897845,25.05335823