發生年度,發生月,發生日,發生時-Hours,發生分,處理別-編號,區序,肇事地點,死亡人數,2-30日死亡人數,受傷人數,當事人序號,車種,天候,光線,道路類別,速限-速度限制,道路型態,事故位置,路面狀況1,路面狀況2,路面狀況3,道路障礙1,道路障礙2,號誌1,號誌2,車道劃分-分向,車道劃分-分道1,車道劃分-分道2,車道劃分-分道3,事故類型及型態,性別,年齡,受傷程度,主要傷處,安全帽,行動電話,車輛用途,當事者行動狀態,駕駛資格情形,駕駛執照種類,飲酒情形,車輛撞擊部位1,車輛撞擊部位2,肇因碼-個別,肇因碼-主要,個人肇逃否,職業,旅次目的,座標-X,座標-Y
111,1,15,7,59,2,11南港區,南港區南港路3段與南港路3段106巷口,0,0,1,2,C03,8,1,5,50,4,1,1,5,4,5,7,2,1,5,4,5,1,16,1,23,2,9,1,4,7,9,1,10,1,11,,13,6,1,22,9,121.5897845,25.05335823
111,1,15,8,38,2,10文山區,文山區景隆街與興隆路1段202巷口口,0,0,2,1,C03,7,1,5,50,3,2,1,4,4,5,7,4,4,9,4,5,2,16,1,24,2,9,1,1,7,5,1,10,1,14,,8,8,1,22,9,121.5427829,24.99920046
111,1,15,8,38,2,10文山區,文山區景隆街與興隆路1段202巷口口,0,0,2,2,C02,7,1,5,50,3,2,1,4,4,5,7,4,4,9,4,5,2,16,1,41,2,9,1,1,7,9,1,9,1,12,,23,8,1,22,9,121.5427829,24.99920046
111,1,15,9,12,2,02萬華區,(西園路2段320巷57號前),0,0,1,1,B03,8,1,5,30,15,9,1,5,4,5,7,4,4,10,5,5,2,3,2,38,3,10,1,1,7,9,1,8,1,8,,23,23,1,22,9,121.4911728,25.02759317
111,1,15,9,12,2,02萬華區,(西園路2段320巷57號前),0,0,1,2,H01,8,1,5,30,15,9,1,5,4,5,7,4,4,10,5,5,2,3,1,41,2,7,4,5,8,16,8,20,10,16,,67,23,1,22,9,121.4911728,25.02759317
111,1,15,10,10,2,07信義區,信義區光復南路與光復南路290巷口,0,0,1,1,B03,8,1,5,50,4,1,1,5,4,5,7,2,1,9,4,5,1,16,1,33,3,10,3,4,7,5,1,8,1,2,,6,6,1,22,9,121.5576766,25.03938404
111,1,15,10,10,2,07信義區,信義區光復南路與光復南路290巷口,0,0,1,2,C03,8,1,5,50,4,1,1,5,4,5,7,2,1,9,4,5,1,16,1,19,2,9,3,4,7,9,1,10,1,11,,13,6,1,22,9,121.5576766,25.03938404
111,1,15,10,14,2,08士林區,士林區延平北路7段46巷與延平北路7段口,0,0,1,1,B03,8,1,8,40,15,22,1,5,4,5,7,4,4,9,5,5,2,16,2,23,3,10,1,1,7,5,1,8,2,5,,6,6,1,22,9,121.4961934,25.09569049
111,1,15,10,14,2,08士林區,士林區延平北路7段46巷與延平北路7段口,0,0,1,2,C03,8,1,8,40,15,22,1,5,4,5,7,4,4,9,5,5,2,16,1,73,2,9,1,1,7,9,1,8,2,12,,44,6,1,22,9,121.4961934,25.09569049
111,1,15,10,15,2,10文山區,文山區下崙路與下崙路11巷口,0,0,1,1,B03,7,1,5,30,3,1,1,5,4,5,7,4,4,9,5,5,2,16,1,58,3,10,1,1,7,11,1,8,2,8,,10,10,1,22,9,121.5600984,24.98654515
111,1,15,10,15,2,10文山區,文山區下崙路與下崙路11巷口,0,0,1,2,C03,7,1,5,30,3,1,1,5,4,5,7,4,4,9,5,5,2,16,2,31,2,9,1,1,7,9,1,10,2,12,,44,10,1,22,9,121.5600984,24.98654515
111,1,15,10,30,2,05中正區,中正區青島西路(台大兒醫停車場出入口),0,0,1,1,C03,8,1,5,50,15,9,1,5,4,5,7,1,1,8,3,5,2,12,1,62,2,9,1,1,7,9,1,10,2,12,,23,23,1,22,9,121.5179858,25.04483287
111,1,15,10,30,2,05中正區,中正區青島西路(台大兒醫停車場出入口),0,0,1,2,B03,8,1,5,50,15,9,1,5,4,5,7,1,1,8,3,5,2,12,1,45,3,10,1,1,7,5,1,10,2,8,,8,23,1,22,9,121.5179858,25.04483287
111,1,15,11,13,2,07信義區,信義區永吉路30巷157弄與永吉路口側附近口,0,0,1,1,C04,8,1,5,30,4,1,1,5,4,5,7,4,4,10,5,5,2,16,2,50,2,9,1,1,7,9,1,8,2,11,,6,6,1,22,9,121.5687725,25.04239023
111,1,15,11,13,2,07信義區,信義區永吉路30巷157弄與永吉路口側附近口,0,0,1,2,C03,8,1,5,30,4,1,1,5,4,5,7,4,4,10,5,5,2,16,1,69,3,10,1,1,7,9,1,10,2,12,,14,6,1,22,9,121.5687725,25.04239023
111,1,15,11,20,2,03中山區,中山區新生北路2段76巷與民生東路1段70巷口,0,0,1,1,B03,8,1,5,30,4,1,1,5,4,5,7,4,4,10,5,5,2,15,1,36,3,10,3,4,7,9,1,8,1,5,,6,6,1,22,9,121.5264306,25.0574809
111,1,15,11,20,2,03中山區,中山區新生北路2段76巷與民生東路1段70巷口,0,0,1,2,C03,8,1,5,30,4,1,1,5,4,5,7,4,4,10,5,5,2,15,1,47,2,9,1,4,7,9,1,10,1,11,,23,6,1,22,9,121.5264306,25.0574809
111,1,15,11,30,2,01大同區,大同區涼州街與涼州街72巷口,0,0,2,1,B02,8,1,5,50,3,1,1,5,4,5,7,4,4,5,5,5,2,12,2,54,3,10,3,4,7,7,1,8,1,4,,7,7,1,22,9,121.5108171,25.06065048
111,1,15,11,30,2,01大同區,大同區涼州街與涼州街72巷口,0,0,2,2,C03,8,1,5,50,3,1,1,5,4,5,7,4,4,5,5,5,2,12,1,39,2,9,3,4,7,9,1,10,1,12,,44,7,1,22,9,121.5108171,25.06065048
111,1,15,11,30,2,01大同區,大同區涼州街與涼州街72巷口,0,0,2,3,H02,8,1,5,50,3,1,1,5,4,5,7,4,4,5,5,5,2,12,2,39,2,9,3,5,7,21,8,20,10,16,,67,7,1,22,9,121.5108171,25.06065048
111,1,15,11,30,2,04大安區,大安區和平東路2段88號,0,0,2,1,C03,8,1,5,50,14,9,1,5,4,5,7,4,4,8,3,5,2,13,1,28,2,9,1,1,7,9,1,10,1,11,,23,23,1,22,9,121.5396793,25.02530384
111,1,15,11,30,2,04大安區,大安區和平東路2段88號,0,0,2,2,B03,8,1,5,50,14,9,1,5,4,5,7,4,4,8,3,5,2,13,1,67,3,10,1,1,7,9,1,8,1,6,,44,23,1,22,9,121.5396793,25.02530384
111,1,15,11,30,2,04大安區,大安區和平東路2段88號,0,0,2,3,H02,8,1,5,50,14,9,1,5,4,5,7,4,4,8,3,5,2,13,2,65,2,6,4,5,7,20,8,20,10,16,,67,23,1,22,9,121.5396793,25.02530384
111,1,15,11,34,2,07信義區,信義區信義路5段東向西(燈桿0521),0,0,3,1,C03,8,1,5,50,14,9,1,5,4,5,7,4,4,1,4,5,1,18,2,38,2,9,1,1,7,9,1,10,1,12,,42,42,1,22,9,121.5647731,25.03300188
111,1,15,11,34,2,07信義區,信義區信義路5段東向西(燈桿0521),0,0,3,3,H02,8,1,5,50,14,9,1,5,4,5,7,4,4,1,4,5,1,18,1,10,2,9,4,5,7,20,8,20,10,16,,67,42,1,22,9,121.5647731,25.03300188
111,1,15,11,34,2,07信義區,信義區信義路5段東向西(燈桿0521),0,0,3,4,H02,8,1,5,50,14,9,1,5,4,5,7,4,4,1,4,5,1,18,2,8,2,9,4,5,7,20,8,20,10,16,,67,42,1,22,9,121.5647731,25.03300188
111,1,15,11,34,2,07信義區,信義區信義路5段東向西(燈桿0521),0,0,3,2,,8,1,5,50,14,9,1,5,4,5,7,4,4,1,4,5,1,18,3,,,,,,,,,,,,,67,42,1,,,121.5647731,25.03300188
111,1,15,11,57,2,04大安區,大安區基隆路2段與和平東路3段口,0,0,1,1,B03,8,1,5,50,5,1,1,5,4,5,7,4,4,1,5,5,2,16,1,62,3,10,1,1,7,6,1,8,2,5,,9,9,1,22,9,121.5525086,25.02439916
111,1,15,11,57,2,04大安區,大安區基隆路2段與和平東路3段口,0,0,1,2,C03,8,1,5,50,5,1,1,5,4,5,7,4,4,1,5,5,2,16,1,72,2,9,1,1,7,9,1,10,2,14,,44,9,1,22,9,121.5525086,25.02439916
111,1,15,11,58,2,01大同區,大同區延平北路2段與民生西路口,0,0,1,1,C03,8,1,5,50,4,2,1,5,4,5,7,2,1,7,4,5,2,13,2,33,2,8,1,1,7,9,1,10,1,11,,23,23,1,22,9,121.5115808,25.0569516
111,1,15,11,58,2,01大同區,大同區延平北路2段與民生西路口,0,0,1,2,B01,8,1,5,50,4,2,1,5,4,5,7,2,1,7,4,5,2,13,1,56,3,10,3,4,7,9,1,4,1,3,,44,23,1,22,9,121.5115808,25.0569516
111,1,15,12,20,2,09北投區,北投區石牌路1段與西安街1段口,0,0,1,1,C03,8,1,5,50,14,9,1,5,4,5,7,1,1,9,4,5,2,12,1,81,2,9,1,1,7,7,1,10,1,14,,7,7,1,22,9,121.5135117,25.1158756
111,1,15,12,20,2,09北投區,北投區石牌路1段與西安街1段口,0,0,1,2,A04,8,1,5,50,14,9,1,5,4,5,7,1,1,9,4,5,2,12,1,46,3,10,1,1,7,9,1,2,1,2,,44,7,1,22,9,121.5135117,25.1158756
111,1,15,12,24,2,03中山區,中山區中山北路3段與酒泉街口,0,0,1,1,B01,8,1,5,50,3,1,1,5,4,5,7,1,1,3,4,5,2,12,1,69,3,10,1,1,7,9,1,4,9,15,,17,17,1,22,9,121.5234209,25.07084071
111,1,15,12,24,2,03中山區,中山區中山北路3段與酒泉街口,0,0,1,2,C03,8,1,5,50,3,1,1,5,4,5,7,1,1,3,4,5,2,12,1,29,2,9,1,1,7,9,1,10,1,12,,17,17,1,22,9,121.5234209,25.07084071
111,1,15,12,30,2,08士林區,士林區文林路與小北街口,0,0,1,1,C03,8,1,5,50,4,2,1,5,4,5,7,2,1,4,3,5,1,12,1,32,3,10,1,1,7,9,1,10,11,14,,43,43,1,22,9,121.5269671,25.09027652
111,1,15,12,30,2,08士林區,士林區文林路與小北街口,0,0,1,2,C03,8,1,5,50,4,2,1,5,4,5,7,2,1,4,3,5,1,12,2,20,2,7,1,1,7,14,1,10,11,12,,44,43,1,22,9,121.5269671,25.09027652
111,1,15,12,35,2,07信義區,信義區松山路650巷與松山路650巷口大都會客運站出入口,0,0,1,1,A02,8,1,5,30,3,2,1,5,4,5,7,4,4,10,5,5,2,17,1,56,3,10,1,1,7,1,1,2,2,1,,19,19,1,22,9,121.5788745,25.03317791
111,1,15,12,35,2,07信義區,信義區松山路650巷與松山路650巷口大都會客運站出入口,0,0,1,2,C04,8,1,5,30,3,2,1,5,4,5,7,4,4,10,5,5,2,17,1,57,2,9,1,1,7,9,1,10,2,11,,44,19,1,22,9,121.5788745,25.03317791
111,1,15,13,17,2,12內湖區,內湖區行善路與石潭路口,0,0,1,1,B03,8,1,5,50,14,8,1,5,4,5,7,2,1,10,4,4,2,11,2,46,3,10,1,1,7,6,1,8,2,5,,9,9,1,22,9,121.5849035,25.0631171
111,1,15,13,17,2,12內湖區,內湖區行善路與石潭路口,0,0,1,2,C03,8,1,5,50,14,8,1,5,4,5,7,2,1,10,4,4,2,11,2,29,2,6,1,1,7,9,1,10,2,14,,26,9,1,22,9,121.5849035,25.0631171
111,1,15,13,41,2,04大安區,大安區辛亥路1段與新生南路3段口台大體育館停車場出入口,0,0,1,1,C03,8,1,5,50,14,9,1,5,4,5,7,4,4,1,4,5,2,13,1,37,2,9,1,1,7,9,1,10,1,11,,23,23,1,22,9,121.5345827,25.02264128
111,1,15,13,41,2,04大安區,大安區辛亥路1段與新生南路3段口台大體育館停車場出入口,0,0,1,2,B03,8,1,5,50,14,9,1,5,4,5,7,4,4,1,4,5,2,13,1,31,3,10,1,1,7,14,1,8,1,7,,42,23,1,22,9,121.5345827,25.02264128
111,1,15,13,55,2,12內湖區,內湖區潭美街339號,0,0,1,1,C03,8,1,5,40,14,9,1,5,4,5,7,4,4,9,4,5,2,13,1,21,2,8,1,1,7,4,1,9,1,11,,23,23,1,22,9,121.5906368,25.05927255
111,1,15,13,55,2,12內湖區,內湖區潭美街339號,0,0,1,2,B03,8,1,5,40,14,9,1,5,4,5,7,4,4,9,4,5,2,13,1,46,3,10,1,1,7,9,1,8,1,7,6,44,23,1,22,9,121.5906368,25.05927255
111,1,15,14,5,2,02萬華區,萬華區中華路2段與中華路2段606巷口,0,0,1,1,C03,8,1,5,40,4,1,1,5,4,5,7,1,1,5,4,4,2,17,1,51,2,7,1,4,7,5,1,10,1,11,,8,8,1,22,9,121.5100678,25.02465265
111,1,15,14,5,2,02萬華區,萬華區中華路2段與中華路2段606巷口,0,0,1,2,B03,8,1,5,40,4,1,1,5,4,5,7,1,1,5,4,4,2,17,1,46,3,10,1,4,7,9,1,8,1,2,,44,8,1,22,9,121.5100678,25.02465265
111,1,15,14,19,2,06松山區,松山區三民路與富錦街口路口,0,0,2,1,C03,8,1,5,50,4,1,1,5,4,5,7,2,1,1,4,5,2,15,2,43,2,9,1,1,7,9,4,11,1,12,,25,25,1,22,9,121.5632978,25.06094602
111,1,15,14,19,2,06松山區,松山區三民路與富錦街口路口,0,0,2,2,C03,8,1,5,50,4,1,1,5,4,5,7,2,1,1,4,5,2,15,1,50,2,9,1,1,7,9,1,10,1,11,,44,25,1,22,9,121.5632978,25.06094602
111,1,15,14,23,2,04大安區,大安區建國南路2段與和平東路2段附近口北往南約100公尺,0,0,1,1,C03,8,1,5,50,14,9,1,5,4,5,7,4,4,1,4,5,2,13,2,23,2,9,1,4,7,9,1,10,1,11,,16,16,1,22,9,121.5373997,25.02700569
111,1,15,14,23,2,04大安區,大安區建國南路2段與和平東路2段附近口北往南約100公尺,0,0,1,2,B02,8,1,5,50,14,9,1,5,4,5,7,4,4,1,4,5,2,13,1,32,3,10,1,4,7,12,1,8,1,3,,44,16,1,22,9,121.5373997,25.02700569
111,1,15,14,31,2,10文山區,文山區辛亥路5段7號,0,0,1,1,B03,7,1,5,50,14,9,1,5,4,5,7,4,4,1,4,5,2,17,2,66,3,10,1,1,7,14,1,8,2,2,,42,42,1,22,9,121.5544359,25.00046481
111,1,15,14,31,2,10文山區,文山區辛亥路5段7號,0,0,1,2,C03,7,1,5,50,14,9,1,5,4,5,7,4,4,1,4,5,2,17,1,23,2,9,1,1,7,9,1,10,2,11,,44,42,1,22,9,121.5544359,25.00046481
111,1,15,14,31,2,10文山區,文山區辛亥路5段7號,0,0,1,3,C03,7,1,5,50,14,9,1,5,4,5,7,4,4,1,4,5,2,17,1,23,3,10,3,1,7,13,1,10,11,11,,38,42,1,22,9,121.5544359,25.00046481
111,1,15,14,31,2,10文山區,文山區辛亥路5段7號,0,0,1,4,H02,7,1,5,50,14,9,1,5,4,5,7,4,4,1,4,5,2,17,1,7,3,10,4,1,7,19,8,20,10,15,,56,42,1,22,9,121.5544359,25.00046481
111,1,15,14,43,2,04大安區,大安區基隆路4段73巷與羅斯福路4段113巷口,0,0,1,1,C03,8,1,5,30,4,2,1,5,4,5,7,2,1,8,3,5,1,15,1,23,2,9,1,1,7,9,1,10,1,12,,26,26,1,5,1,121.5407877,25.01136863
111,1,15,14,43,2,04大安區,大安區基隆路4段73巷與羅斯福路4段113巷口,0,0,1,2,B03,8,1,5,30,4,2,1,5,4,5,7,2,1,8,3,5,1,15,1,45,3,10,1,1,7,1,1,8,1,8,,44,26,1,21,5,121.5407877,25.01136863
111,1,15,14,58,2,01大同區,大同區鄭州路與塔城街口東北角,0,0,2,1,C03,8,1,5,40,14,9,1,5,4,5,7,1,1,8,3,5,1,16,2,63,2,9,1,1,7,8,1,10,2,12,,7,7,1,22,9,121.5105565,25.05042393
111,1,15,14,58,2,01大同區,大同區鄭州路與塔城街口東北角,0,0,2,2,C03,8,1,5,40,14,9,1,5,4,5,7,1,1,8,3,5,1,16,1,22,3,10,1,1,7,9,1,10,2,15,,13,7,1,22,9,121.5105565,25.05042393
111,1,15,14,58,2,01大同區,大同區鄭州路與塔城街口東北角,0,0,2,3,H02,8,1,5,40,14,9,1,5,4,5,7,1,1,8,3,5,1,16,2,64,2,9,1,5,7,20,8,20,10,16,,67,7,1,22,9,121.5105565,25.05042393
111,1,15,15,34,2,03中山區,中山區民權東路1段36號,0,0,2,3,H02,7,1,5,50,14,9,1,5,4,5,7,4,4,1,3,5,2,13,2,33,2,9,3,5,7,20,8,20,10,16,,67,23,1,22,9,121.5239489,25.06263191
111,1,15,15,34,2,03中山區,中山區民權東路1段36號,0,0,2,1,B03,7,1,5,50,14,9,1,5,4,5,7,4,4,1,3,5,2,13,1,56,3,10,3,4,7,9,1,8,1,1,,23,23,1,22,9,121.5239489,25.06263191
111,1,15,15,34,2,03中山區,中山區民權東路1段36號,0,0,2,2,B03,7,1,5,50,14,9,1,5,4,5,7,4,4,1,3,5,2,13,1,38,2,9,3,4,7,14,3,18,1,3,,44,23,1,22,9,121.5239489,25.06263191
111,1,15,15,50,2,12內湖區,內湖區舊宗路2段135巷與瑞湖街口,0,0,3,1,C03,8,1,5,50,3,1,1,5,4,5,7,4,4,5,5,5,2,16,1,49,2,9,1,1,7,5,1,10,1,14,,8,8,1,22,9,121.5764348,25.06968773
111,1,15,15,50,2,12內湖區,內湖區舊宗路2段135巷與瑞湖街口,0,0,3,2,C03,8,1,5,50,3,1,1,5,4,5,7,4,4,5,5,5,2,16,1,22,2,8,1,1,7,9,1,10,1,11,,14,8,1,22,9,121.5764348,25.06968773
111,1,15,15,50,2,12內湖區,內湖區舊宗路2段135巷與瑞湖街口,0,0,3,3,H02,8,1,5,50,3,1,1,5,4,5,7,4,4,5,5,5,2,16,2,20,2,9,1,5,7,21,8,20,10,16,,67,8,1,22,9,121.5764348,25.06968773
111,1,15,16,0,2,04大安區,大安區敦化南路1段233巷與忠孝東路4段146巷口,0,0,1,1,B03,8,1,5,30,4,1,1,5,4,5,7,4,4,10,5,5,2,15,2,49,3,10,3,4,7,9,1,8,1,4,,6,6,1,22,9,121.5496497,25.04038344
111,1,15,16,0,2,04大安區,大安區敦化南路1段233巷與忠孝東路4段146巷口,0,0,1,2,C03,8,1,5,30,4,1,1,5,4,5,7,4,4,10,5,5,2,15,2,47,2,8,3,4,7,9,1,10,1,11,,23,6,1,22,9,121.5496497,25.04038344
111,1,15,16,12,2,07信義區,信義區市民大道5段與東興路口,0,0,1,1,B03,8,1,5,50,4,2,1,5,4,5,7,2,1,1,4,5,2,17,2,34,3,10,1,1,7,5,1,8,2,2,,6,6,1,22,9,121.5657816,25.04818575
111,1,15,16,12,2,07信義區,信義區市民大道5段與東興路口,0,0,1,2,C03,8,1,5,50,4,2,1,5,4,5,7,2,1,1,4,5,2,17,1,27,2,9,1,1,7,9,1,10,2,11,,13,6,1,22,9,121.5657816,25.04818575
111,1,15,16,20,2,03中山區,中山區錦州街與民生東路2段159巷口,0,0,1,1,B03,8,1,5,50,4,1,1,5,4,5,7,4,4,5,4,5,2,12,1,41,3,10,3,4,7,5,1,8,2,8,,8,8,1,22,9,121.5360545,25.06029868
111,1,15,16,20,2,03中山區,中山區錦州街與民生東路2段159巷口,0,0,1,2,C03,8,1,5,50,4,1,1,5,4,5,7,4,4,5,4,5,2,12,2,67,2,9,1,4,7,4,1,10,2,12,,26,8,1,22,9,121.5360545,25.06029868
111,1,15,16,34,2,07信義區,信義區福德街82巷與福德街口,0,0,1,1,B03,8,1,5,30,4,1,1,5,4,5,7,2,1,8,3,5,2,11,1,63,3,10,1,1,7,5,1,8,1,5,,8,8,1,22,9,121.5813903,25.0372799
111,1,15,16,34,2,07信義區,信義區福德街82巷與福德街口,0,0,1,2,C02,8,1,5,30,4,1,1,5,4,5,7,2,1,8,3,5,2,11,1,27,2,9,1,1,7,9,1,9,1,11,,13,8,1,22,9,121.5813903,25.0372799
111,1,15,16,35,2,05中正區,中正區汀州路1段131巷與汀州路1段口,0,0,2,1,C03,8,1,5,50,3,1,1,5,4,5,7,4,4,10,5,5,2,17,1,66,2,9,1,1,7,1,1,10,2,11,,19,19,1,22,9,121.5095397,25.02795867
111,1,15,16,35,2,05中正區,中正區汀州路1段131巷與汀州路1段口,0,0,2,2,C03,8,1,5,50,3,1,1,5,4,5,7,4,4,10,5,5,2,17,1,37,2,9,1,1,7,9,1,10,2,11,,14,19,1,22,9,121.5095397,25.02795867
111,1,15,16,35,2,05中正區,中正區汀州路1段131巷與汀州路1段口,0,0,2,3,H02,8,1,5,50,3,1,1,5,4,5,7,4,4,10,5,5,2,17,2,63,4,11,4,5,7,20,8,20,10,16,,67,19,1,22,9,121.5095397,25.02795867
111,1,15,16,35,2,07信義區,信義區松仁路與松勤街口,0,0,1,1,B03,8,1,5,50,4,2,1,5,4,5,7,2,1,10,5,5,2,17,1,42,3,10,1,1,7,6,1,8,1,2,,15,15,1,22,9,121.568357,25.0319123
111,1,15,16,35,2,07信義區,信義區松仁路與松勤街口,0,0,1,2,H01,8,1,5,50,4,2,1,5,4,5,7,2,1,10,5,5,2,17,1,22,2,9,4,5,8,20,8,20,1,16,,67,15,1,22,9,121.568357,25.0319123
111,1,15,16,49,2,02萬華區,萬華區萬青街174號,0,0,1,1,H02,8,1,5,30,14,9,1,5,4,5,7,4,4,9,4,5,2,17,4,,4,11,3,4,7,15,7,19,11,15,,43,43,2,22,9,121.5015195,25.02328638
111,1,15,16,49,2,02萬華區,萬華區萬青街174號,0,0,1,2,B01,8,1,5,30,14,9,1,5,4,5,7,4,4,9,4,5,2,17,1,67,3,10,1,1,7,14,1,4,1,4,,43,43,1,22,9,121.5015195,25.02328638
111,1,15,16,49,2,02萬華區,萬華區萬青街174號,0,0,1,3,C03,8,1,5,30,14,9,1,5,4,5,7,4,4,9,4,5,2,17,1,55,2,9,1,1,7,9,1,10,1,12,,43,43,1,22,9,121.5015195,25.02328638
111,1,15,16,57,2,02萬華區,萬華區馬場町河濱公園堤外自行車道,0,0,1,1,F01,8,1,8,0,15,22,1,5,4,5,7,4,4,10,5,5,2,17,1,9,3,10,1,1,7,5,8,20,1,16,,8,8,1,22,9,121.5056457,25.01963103
111,1,15,16,57,2,02萬華區,萬華區馬場町河濱公園堤外自行車道,0,0,1,2,F01,8,1,8,0,15,22,1,5,4,5,7,4,4,10,5,5,2,17,1,58,2,9,1,1,7,9,8,20,1,16,,44,8,1,22,9,121.5056457,25.01963103
111,1,15,17,0,2,05中正區,中正區市民大道1段168號,0,0,1,1,B02,8,1,5,40,14,9,1,5,4,5,7,4,4,10,3,5,2,16,1,53,3,10,1,1,7,11,1,8,2,4,,10,10,1,22,9,121.5189539,25.04823743
111,1,15,17,0,2,05中正區,中正區市民大道1段168號,0,0,1,2,C03,8,1,5,40,14,9,1,5,4,5,7,4,4,10,3,5,2,16,1,22,2,7,1,1,7,9,1,10,2,12,,14,10,1,22,9,121.5189539,25.04823743
111,1,15,17,0,2,09北投區,北投區承德路7段303號,0,0,2,1,B03,8,1,5,40,14,7,1,5,4,5,7,4,4,8,3,4,2,17,1,64,3,10,1,1,7,1,1,8,1,8,,19,19,1,22,9,121.5042951,25.11682843
111,1,15,17,0,2,09北投區,北投區承德路7段303號,0,0,2,2,C03,8,1,5,40,14,7,1,5,4,5,7,4,4,8,3,4,2,17,2,39,2,9,1,1,7,9,1,10,1,11,,44,19,1,22,9,121.5042951,25.11682843
111,1,15,17,0,2,09北投區,北投區承德路7段303號,0,0,2,3,H02,8,1,5,40,14,7,1,5,4,5,7,4,4,8,3,4,2,17,2,41,2,7,1,5,7,20,8,20,10,16,,67,19,1,22,9,121.5042951,25.11682843
111,1,15,17,12,2,12內湖區,內湖區民權東路6段與瑞光路口,0,0,1,1,C03,8,1,5,50,4,2,1,5,4,5,7,1,1,5,4,5,2,12,1,43,4,11,3,4,7,5,7,19,11,15,,26,26,2,22,9,121.5843593,25.068744
111,1,15,17,12,2,12內湖區,內湖區民權東路6段與瑞光路口,0,0,1,2,C03,8,1,5,50,4,2,1,5,4,5,7,1,1,5,4,5,2,12,1,30,2,9,1,1,7,9,1,10,1,11,,44,26,1,22,9,121.5843593,25.068744
111,1,15,17,20,2,08士林區,士林區仰德大道1段第021號燈桿,0,0,1,1,C03,8,1,5,40,14,9,1,5,4,5,7,4,4,4,4,5,1,17,1,23,2,9,1,1,7,9,1,10,2,15,,23,23,1,22,9,121.5381185,25.10446287
111,1,15,17,20,2,08士林區,士林區仰德大道1段第021號燈桿,0,0,1,2,B01,8,1,5,40,14,9,1,5,4,5,7,4,4,4,4,5,1,17,1,50,3,10,3,4,7,9,1,4,2,15,,44,23,1,22,9,121.5381185,25.10446287
111,1,15,17,23,2,04大安區,大安區羅斯福路3段43號前,0,0,1,1,B01,6,3,5,50,14,9,1,4,4,5,7,4,4,8,3,5,1,17,1,63,3,10,1,1,7,8,1,4,1,3,,7,7,1,10,4,121.5254142,25.02331021
111,1,15,17,23,2,04大安區,大安區羅斯福路3段43號前,0,0,1,2,C03,6,3,5,50,14,9,1,4,4,5,7,4,4,8,3,5,1,17,1,19,2,9,1,1,7,9,1,10,1,12,,23,7,1,18,5,121.5254142,25.02331021
111,1,15,17,30,2,08士林區,士林區通河西街1段與堤外便道口堤外坡道,0,0,1,1,C03,7,2,5,50,3,1,1,5,4,5,7,4,4,5,5,5,1,17,1,22,3,10,1,1,7,5,1,10,1,14,,8,8,1,22,9,121.5126602,25.08589529
111,1,15,17,30,2,08士林區,士林區通河西街1段與堤外便道口堤外坡道,0,0,1,2,C03,7,2,5,50,3,1,1,5,4,5,7,4,4,5,5,5,1,17,1,20,2,8,1,1,7,9,1,10,1,12,,23,8,1,22,9,121.5126602,25.08589529
111,1,15,17,52,2,04大安區,大安區金山南路2段與金華街口,0,0,1,1,B01,8,1,5,50,4,2,1,5,4,5,7,2,1,3,4,4,2,17,1,64,3,10,1,4,7,11,1,4,1,2,,10,10,1,22,9,121.5265259,25.03015425
111,1,15,17,52,2,04大安區,大安區金山南路2段與金華街口,0,0,1,2,C03,8,1,5,50,4,2,1,5,4,5,7,2,1,3,4,4,2,17,1,32,2,9,1,4,7,9,1,10,1,11,,13,10,1,22,9,121.5265259,25.03015425
111,1,15,18,0,2,05中正區,中正區中山南路與信義路1段口,0,0,1,1,C03,8,3,5,50,5,2,1,5,4,5,7,2,1,1,3,1,2,12,1,20,3,10,1,1,7,6,1,10,1,11,,23,23,1,22,9,121.5179953,25.03873061
111,1,15,18,0,2,05中正區,中正區中山南路與信義路1段口,0,0,1,2,F01,8,3,5,50,5,2,1,5,4,5,7,2,1,1,3,1,2,12,1,40,2,9,1,1,7,11,8,20,1,16,,11,23,1,22,9,121.5179953,25.03873061
111,1,15,18,1,2,08士林區,士林區至誠路2段與雨聲街口,0,0,1,1,B03,8,3,5,50,4,2,1,5,4,5,7,1,1,4,5,5,1,17,1,22,3,10,1,1,7,5,1,8,1,8,,6,6,1,22,9,121.5290635,25.10187196
111,1,15,18,1,2,08士林區,士林區至誠路2段與雨聲街口,0,0,1,2,C03,8,3,5,50,4,2,1,5,4,5,7,1,1,4,5,5,1,17,1,20,2,9,1,1,7,9,1,10,1,11,,13,6,1,22,9,121.5290635,25.10187196
111,1,15,18,10,2,07信義區,信義區基隆路2段與嘉興街216巷口,0,0,2,1,C03,8,1,5,50,4,2,1,5,4,5,7,2,1,1,4,5,2,17,2,24,2,8,1,1,7,6,1,10,1,12,,9,9,1,22,9,121.5559729,25.02739874
111,1,15,18,10,2,07信義區,信義區基隆路2段與嘉興街216巷口,0,0,2,2,B03,8,1,5,50,4,2,1,5,4,5,7,2,1,1,4,5,2,17,1,41,3,10,1,1,7,9,1,8,1,8,,44,9,1,22,9,121.5559729,25.02739874
111,1,15,18,10,2,07信義區,信義區基隆路2段與嘉興街216巷口,0,0,2,3,H02,8,1,5,50,4,2,1,5,4,5,7,2,1,1,4,5,2,17,1,20,2,8,4,5,7,20,8,20,10,16,,67,9,1,22,9,121.5559729,25.02739874