發生年度,發生月,發生日,發生時-Hours,發生分,處理別-編號,區序,肇事地點,死亡人數,2-30日死亡人數,受傷人數,當事人序號,車種,天候,光線,道路類別,速限-速度限制,道路型態,事故位置,路面狀況1,路面狀況2,路面狀況3,道路障礙1,道路障礙2,號誌1,號誌2,車道劃分-分向,車道劃分-分道1,車道劃分-分道2,車道劃分-分道3,事故類型及型態,性別,年齡,受傷程度,主要傷處,安全帽,行動電話,車輛用途,當事者行動狀態,駕駛資格情形,駕駛執照種類,飲酒情形,車輛撞擊部位1,車輛撞擊部位2,肇因碼-個別,肇因碼-主要,個人肇逃否,職業,旅次目的,座標-X,座標-Y
111,1,15,18,16,2,07信義區,信義區永吉路278巷21號,0,0,1,1,B02,7,1,5,30,14,9,1,5,4,5,7,4,4,10,5,5,2,2,1,44,3,10,1,1,7,9,1,8,2,10,,23,23,1,22,9,121.5741645,25.04473278
111,1,15,18,16,2,07信義區,信義區永吉路278巷21號,0,0,1,2,H01,7,1,5,30,14,9,1,5,4,5,7,4,4,10,5,5,2,2,2,72,2,8,4,5,8,16,8,20,10,16,,53,23,1,22,9,121.5741645,25.04473278
111,1,15,18,20,2,08士林區,士林區通河西街2段堤外越堤道與堤外便道交叉口,0,0,1,1,C03,8,3,5,30,3,2,1,5,4,5,7,4,4,10,4,5,1,16,1,33,2,9,3,4,7,8,1,10,1,12,,14,14,1,22,9,121.5115457,25.09048906
111,1,15,18,20,2,08士林區,士林區通河西街2段堤外越堤道與堤外便道交叉口,0,0,1,2,B03,8,3,5,30,3,2,1,5,4,5,7,4,4,10,4,5,1,16,1,22,3,10,3,4,7,9,1,8,1,8,,6,14,1,22,9,121.5115457,25.09048906
111,1,15,18,31,2,03中山區,中山區市民大道3段與新生北路1段62巷口,0,0,1,1,C03,7,3,5,50,4,1,1,5,4,5,7,2,1,4,3,5,2,15,1,30,2,9,3,4,7,9,1,10,1,12,,25,25,1,22,9,121.5309099,25.04612587
111,1,15,18,31,2,03中山區,中山區市民大道3段與新生北路1段62巷口,0,0,1,2,B03,7,3,5,50,4,1,1,5,4,5,7,2,1,4,3,5,2,15,1,41,3,10,3,4,7,9,1,4,1,1,,44,25,1,22,9,121.5309099,25.04612587
111,1,15,19,35,2,01大同區,大同區重慶北路3段與哈密街口,0,0,2,1,B03,8,3,5,50,14,9,1,5,4,5,7,1,1,9,4,5,2,12,2,22,2,9,3,4,7,8,1,8,2,5,,26,26,1,22,9,121.5137434,25.0729016
111,1,15,19,35,2,01大同區,大同區重慶北路3段與哈密街口,0,0,2,2,B02,8,3,5,50,14,9,1,5,4,5,7,1,1,9,4,5,2,12,2,41,2,1,3,4,7,9,3,18,2,8,,44,26,1,22,9,121.5137434,25.0729016
111,1,15,19,35,2,01大同區,大同區重慶北路3段與哈密街口,0,0,2,3,B03,8,3,5,50,14,9,1,5,4,5,7,1,1,9,4,5,2,12,1,27,3,10,3,4,7,14,1,8,2,6,,44,26,1,22,9,121.5137434,25.0729016
111,1,15,19,35,2,12內湖區,內湖區潭美街183號,0,0,3,1,C03,8,3,5,40,14,9,1,5,4,5,7,4,4,9,5,5,2,11,1,62,3,10,1,1,7,5,1,10,1,12,,8,8,1,22,9,121.5835527,25.05522142
111,1,15,19,35,2,12內湖區,內湖區潭美街183號,0,0,3,2,C03,8,3,5,40,14,9,1,5,4,5,7,4,4,9,5,5,2,11,1,55,2,9,1,1,7,9,1,10,1,11,,44,8,1,22,9,121.5835527,25.05522142
111,1,15,19,35,2,12內湖區,內湖區潭美街183號,0,0,3,3,H02,8,3,5,40,14,9,1,5,4,5,7,4,4,9,5,5,2,11,2,53,2,8,1,5,7,21,8,20,10,16,,67,8,1,22,9,121.5835527,25.05522142
111,1,15,19,35,2,12內湖區,內湖區潭美街183號,0,0,3,4,H02,8,3,5,40,14,9,1,5,4,5,7,4,4,9,5,5,2,11,2,44,2,9,1,5,7,21,8,20,10,16,,67,8,1,22,9,121.5835527,25.05522142
111,1,15,19,52,2,03中山區,中山區大佳河濱公園(大客車108車位旁),0,0,2,1,C03,7,3,5,50,3,2,1,5,4,5,7,4,4,9,5,5,2,13,1,42,2,9,3,4,7,9,1,10,1,11,,23,23,1,22,9,121.5458141,25.07357876
111,1,15,19,52,2,03中山區,中山區大佳河濱公園(大客車108車位旁),0,0,2,2,F01,7,3,5,50,3,2,1,5,4,5,7,4,4,9,5,5,2,13,1,59,2,9,1,1,7,9,8,20,1,16,,27,23,1,22,9,121.5458141,25.07357876
111,1,15,20,1,2,02萬華區,萬華區艋舺大道與康定路口,0,0,2,1,C03,8,1,5,50,4,2,1,5,4,5,7,2,1,1,4,5,2,12,2,36,2,9,1,1,7,8,1,10,2,12,,7,7,1,22,9,121.5003826,25.03303968
111,1,15,20,1,2,02萬華區,萬華區艋舺大道與康定路口,0,0,2,2,C03,8,1,5,50,4,2,1,5,4,5,7,2,1,1,4,5,2,12,1,32,2,5,1,1,7,9,1,10,2,11,,44,7,1,22,9,121.5003826,25.03303968
111,1,15,20,23,2,09北投區,北投區行義路115號,0,0,1,2,A03,8,3,5,40,14,9,1,5,4,5,7,4,4,9,4,5,1,17,1,60,3,10,1,1,7,9,1,2,1,8,,44,26,1,21,8,121.528742,25.134855
111,1,15,20,23,2,09北投區,北投區行義路115號,0,0,1,1,B03,8,3,5,40,14,9,1,5,4,5,7,4,4,9,4,5,1,17,2,69,2,9,1,1,7,6,1,8,1,8,,26,26,1,21,8,121.528742,25.134855
111,1,15,20,40,2,08士林區,士林區中山北路5段與中山北路5段260巷口,0,0,1,1,B03,7,3,5,50,3,2,1,5,4,5,7,2,1,1,4,1,2,16,1,31,3,10,1,1,7,11,1,8,1,5,,10,10,1,22,9,121.5268567,25.08733332
111,1,15,20,40,2,08士林區,士林區中山北路5段與中山北路5段260巷口,0,0,1,2,C03,7,3,5,50,3,2,1,5,4,5,7,2,1,1,4,1,2,16,1,19,2,9,1,1,7,9,1,10,1,11,,13,10,1,22,9,121.5268567,25.08733332
111,1,15,20,40,2,08士林區,士林區中山北路5段與中山北路5段260巷口,0,0,1,3,C03,7,3,5,50,3,2,1,5,4,5,7,2,1,1,4,1,2,16,3,,,,,,,,,,,,,67,10,1,,,121.5268567,25.08733332
111,1,15,20,40,2,08士林區,士林區中山北路5段與中山北路5段260巷口,0,0,1,4,C04,7,3,5,50,3,2,1,5,4,5,7,2,1,1,4,1,2,16,3,,,,,,,,,,,,,67,10,1,,,121.5268567,25.08733332
111,1,15,21,23,2,05中正區,中正區忠孝東路1段與杭州南路1段口,0,0,1,1,C03,8,3,5,50,4,1,1,5,4,5,7,1,1,9,4,5,2,17,1,22,3,10,1,4,7,5,1,10,1,14,,8,8,1,22,9,121.5268498,25.0439016
111,1,15,21,23,2,05中正區,中正區忠孝東路1段與杭州南路1段口,0,0,1,2,C03,8,3,5,50,4,1,1,5,4,5,7,1,1,9,4,5,2,17,2,37,2,9,1,4,7,9,1,10,1,12,,44,8,1,22,9,121.5268498,25.0439016
111,1,15,21,26,2,10文山區,文山區木柵路4段與木柵路4段33巷口口,0,0,2,1,C03,8,3,5,50,3,1,1,5,4,5,7,4,4,4,3,5,1,13,2,21,2,8,1,4,7,9,1,10,1,13,,6,6,1,22,9,121.5715589,24.99412813
111,1,15,21,26,2,10文山區,文山區木柵路4段與木柵路4段33巷口口,0,0,2,2,C03,8,3,5,50,3,1,1,5,4,5,7,4,4,4,3,5,1,13,1,51,2,7,1,4,7,9,1,10,1,11,,23,6,1,22,9,121.5715589,24.99412813
111,1,15,21,30,2,12內湖區,內湖區康寧路3段與東湖路口,0,0,1,1,C03,8,3,5,50,3,1,1,5,4,5,7,2,1,1,4,4,2,17,2,21,2,9,1,1,7,5,1,10,2,14,,26,26,1,22,9,121.6120398,25.0688609
111,1,15,21,30,2,12內湖區,內湖區康寧路3段與東湖路口,0,0,1,2,B03,8,3,5,50,3,1,1,5,4,5,7,2,1,1,4,4,2,17,1,61,3,10,1,1,7,9,1,8,2,5,,26,26,1,22,9,121.6120398,25.0688609
111,1,15,21,32,2,08士林區,士林區中山北路6段405巷與中山北路6段441巷口,0,0,2,1,B03,7,3,5,50,4,2,1,5,4,5,7,3,1,5,2,5,2,16,1,38,3,10,1,1,7,5,1,8,1,5,,2,2,1,22,9,121.5261545,25.11697651
111,1,15,21,32,2,08士林區,士林區中山北路6段405巷與中山北路6段441巷口,0,0,2,2,C03,7,3,5,50,4,2,1,5,4,5,7,3,1,5,2,5,2,16,1,13,2,9,1,1,7,9,2,18,1,11,,44,2,1,22,9,121.5261545,25.11697651
111,1,15,21,32,2,08士林區,士林區中山北路6段405巷與中山北路6段441巷口,0,0,2,3,H02,7,3,5,50,4,2,1,5,4,5,7,3,1,5,2,5,2,16,1,13,2,9,4,5,7,20,8,20,10,15,,67,2,1,22,9,121.5261545,25.11697651
111,1,15,21,47,2,02萬華區,萬華區康定路與艋舺大道口,0,0,4,1,C03,8,3,5,50,4,2,1,5,4,5,7,1,1,1,4,5,2,16,2,23,2,8,1,4,7,8,1,10,1,12,,7,7,1,22,9,121.5008336,25.03308254
111,1,15,21,47,2,02萬華區,萬華區康定路與艋舺大道口,0,0,4,2,C03,8,3,5,50,4,2,1,5,4,5,7,1,1,1,4,5,2,16,1,31,2,9,1,4,7,9,1,10,1,14,,23,7,1,22,9,121.5008336,25.03308254
111,1,15,21,47,2,02萬華區,萬華區康定路與艋舺大道口,0,0,4,3,H02,8,3,5,50,4,2,1,5,4,5,7,1,1,1,4,5,2,16,1,24,2,9,4,4,7,20,8,20,10,16,,67,7,1,22,9,121.5008336,25.03308254
111,1,15,21,47,2,02萬華區,萬華區康定路與艋舺大道口,0,0,4,4,H02,8,3,5,50,4,2,1,5,4,5,7,1,1,1,4,5,2,16,2,33,2,9,4,4,7,20,8,20,10,16,,67,7,1,22,9,121.5008336,25.03308254
111,1,15,22,15,2,09北投區,北投區溫泉路與光明路口,0,0,1,1,B03,8,3,5,30,3,1,1,5,4,5,7,4,4,9,5,5,2,17,2,56,3,10,1,1,7,5,1,8,11,15,,5,5,1,22,9,121.511085,25.13642318
111,1,15,22,15,2,09北投區,北投區溫泉路與光明路口,0,0,1,2,C03,8,3,5,30,3,1,1,5,4,5,7,4,4,9,5,5,2,17,2,33,2,9,1,4,7,6,1,10,1,11,,44,5,1,22,9,121.511085,25.13642318
111,1,15,23,28,2,01大同區,大同區延平北路3段與昌吉街口,0,0,1,1,B03,7,3,5,50,4,2,1,5,4,5,7,2,1,4,1,5,2,17,1,51,3,10,1,1,7,5,1,8,1,5,,6,6,1,22,9,121.5110291,25.06594831
111,1,15,23,28,2,01大同區,大同區延平北路3段與昌吉街口,0,0,1,2,C03,7,3,5,50,4,2,1,5,4,5,7,2,1,4,1,5,2,17,1,19,2,8,1,1,7,9,1,10,1,11,,44,6,1,22,9,121.5110291,25.06594831
111,1,15,23,41,2,06松山區,松山區八德路4段與吉祥路口,0,0,1,1,B02,8,3,5,50,4,1,1,5,4,5,7,2,1,8,4,5,2,17,2,35,3,10,1,4,7,5,1,8,1,15,,8,8,1,22,9,121.5626921,25.0486981
111,1,15,23,41,2,06松山區,松山區八德路4段與吉祥路口,0,0,1,2,C03,8,3,5,50,4,1,1,5,4,5,7,2,1,8,4,5,2,17,1,27,2,9,1,4,7,9,1,10,1,14,,44,8,1,22,9,121.5626921,25.0486981
111,1,15,23,49,2,07信義區,信義區信義路4段與基隆路1段口,0,0,1,1,C03,7,3,5,50,4,2,1,5,4,5,7,2,1,10,1,5,2,17,2,18,2,9,1,1,7,9,1,10,1,11,,26,26,1,22,9,121.5593752,25.0333249
111,1,15,23,49,2,07信義區,信義區信義路4段與基隆路1段口,0,0,1,2,B01,7,3,5,50,4,2,1,5,4,5,7,2,1,10,1,5,2,17,1,53,3,10,1,1,7,14,1,4,1,1,,44,26,1,22,9,121.5593752,25.0333249
111,1,16,0,5,2,03中山區,中山區錦州街(錦州橋往西),0,0,1,1,C03,7,3,5,50,14,9,1,5,4,3,7,4,4,5,4,5,1,13,1,41,2,9,1,1,7,9,1,10,2,11,,23,23,1,22,9,121.5272647,25.06029443
111,1,16,0,5,2,03中山區,中山區錦州街(錦州橋往西),0,0,1,2,B12,7,3,5,50,14,9,1,5,4,3,7,4,4,5,4,5,1,13,1,48,3,10,3,4,7,13,7,19,11,15,,38,23,1,22,9,121.5272647,25.06029443
111,1,16,0,50,2,03中山區,中山區北安路與大直街口,0,0,1,2,C03,8,3,5,50,4,1,1,5,4,5,7,1,1,1,4,5,2,12,2,26,2,9,1,1,7,7,1,10,1,14,,7,23,1,22,9,121.5493715,25.0841138
111,1,16,0,50,2,03中山區,中山區北安路與大直街口,0,0,1,1,B03,8,3,5,50,4,1,1,5,4,5,7,1,1,1,4,5,2,12,1,34,3,10,1,1,7,9,1,8,1,2,,23,23,1,22,9,121.5493715,25.0841138
111,1,16,0,57,2,07信義區,信義區虎林街121巷與虎林街口,0,0,1,1,C04,7,3,5,40,4,1,1,5,4,5,7,4,4,10,5,5,2,17,1,26,3,10,1,1,7,9,1,10,1,12,,6,6,1,22,9,121.5769039,25.0403
111,1,16,0,57,2,07信義區,信義區虎林街121巷與虎林街口,0,0,1,2,B03,7,3,5,40,4,1,1,5,4,5,7,4,4,10,5,5,2,17,1,22,3,10,1,1,7,9,1,8,1,8,,14,6,1,22,9,121.5769039,25.0403
111,1,16,0,57,2,07信義區,信義區虎林街121巷與虎林街口,0,0,1,3,H02,7,3,5,40,4,1,1,5,4,5,7,4,4,10,5,5,2,17,2,30,2,9,1,5,7,21,8,20,10,16,,67,6,1,22,9,121.5769039,25.0403
111,1,16,0,57,2,07信義區,信義區虎林街121巷與虎林街口,0,0,1,4,B03,7,3,5,40,4,1,1,5,4,5,7,4,4,10,5,5,2,17,3,,,,,,,,,,,,,67,6,1,,,121.5769039,25.0403
111,1,16,1,41,2,05中正區,中正區忠孝東路2段與金山南路1段口口,0,0,2,1,C03,8,3,5,50,4,2,1,5,4,5,7,2,1,9,4,5,1,16,1,23,2,8,1,1,7,7,1,10,2,14,,7,7,1,21,5,121.5297667,25.04320087
111,1,16,1,41,2,05中正區,中正區忠孝東路2段與金山南路1段口口,0,0,2,2,C03,8,3,5,50,4,2,1,5,4,5,7,2,1,9,4,5,1,16,2,29,2,9,1,1,7,9,1,10,2,11,,44,7,1,21,1,121.5297667,25.04320087
111,1,16,2,15,2,07信義區,信義區松仁路與松高路口,0,0,2,1,B01,7,3,5,50,4,2,1,5,4,5,7,1,1,3,4,5,2,3,1,43,3,10,1,1,7,5,1,4,2,1,,15,15,1,22,9,121.5685182,25.0390693
111,1,16,2,15,2,07信義區,信義區松仁路與松高路口,0,0,2,2,H01,7,3,5,50,4,2,1,5,4,5,7,1,1,3,4,5,2,3,2,19,2,9,4,5,8,16,8,20,10,16,,67,15,1,22,9,121.5685182,25.0390693
111,1,16,2,15,2,07信義區,信義區松仁路與松高路口,0,0,2,3,H01,7,3,5,50,4,2,1,5,4,5,7,1,1,3,4,5,2,3,2,19,2,9,4,5,8,16,8,20,10,16,,67,15,1,22,9,121.5685182,25.0390693
111,1,16,5,4,2,10文山區,文山區信義快速道路(文山隧道出入口),0,0,1,1,B03,8,2,5,70,6,9,1,5,4,5,7,4,4,5,2,5,2,17,1,30,3,10,3,4,7,9,1,8,2,5,,23,23,1,22,9,121.5813516,25.0095594
111,1,16,5,4,2,10文山區,文山區信義快速道路(文山隧道出入口),0,0,1,2,C01,8,2,5,70,6,9,1,5,4,5,7,4,4,5,2,5,2,17,1,32,2,9,3,4,7,9,1,9,2,13,,44,23,1,22,9,121.5813516,25.0095594
111,1,16,5,13,2,08士林區,士林區中正路與百齡橋口引道,0,0,1,1,B03,8,3,5,30,3,2,1,5,4,5,7,4,4,1,5,5,2,17,1,42,3,10,1,1,7,15,1,8,4,8,,6,6,1,22,9,121.5152578,25.09045268
111,1,16,5,13,2,08士林區,士林區中正路與百齡橋口引道,0,0,1,2,C03,8,3,5,30,3,2,1,5,4,5,7,4,4,1,5,5,2,17,1,53,2,9,1,1,7,9,1,10,2,12,,44,6,1,22,9,121.5152578,25.09045268
111,1,16,5,49,2,09北投區,北投區中央北路4段與一德街口,0,0,1,1,B03,7,2,5,50,3,1,1,5,4,5,7,1,1,5,4,5,2,17,1,51,3,10,1,1,7,11,1,8,1,4,,10,10,1,22,9,121.4689151,25.12838532
111,1,16,5,49,2,09北投區,北投區中央北路4段與一德街口,0,0,1,2,C03,7,2,5,50,3,1,1,5,4,5,7,1,1,5,4,5,2,17,2,24,2,9,1,1,7,9,1,10,1,11,,13,10,1,22,9,121.4689151,25.12838532
111,1,16,7,15,2,12內湖區,內湖區成功路4段182巷6弄與成功路4段182巷口,0,0,1,1,B03,7,1,5,50,3,1,1,5,4,5,7,4,4,10,5,5,2,17,1,36,4,11,3,4,7,5,7,19,11,15,,8,8,2,22,9,121.5938168,25.08399606
111,1,16,7,15,2,12內湖區,內湖區成功路4段182巷6弄與成功路4段182巷口,0,0,1,2,F01,7,1,5,50,3,1,1,5,4,5,7,4,4,10,5,5,2,17,2,69,2,8,1,1,7,9,8,20,11,16,,44,8,1,22,9,121.5938168,25.08399606
111,1,16,7,55,2,10文山區,文山區辛亥路7段與辛亥路7段5巷口,0,0,1,1,C03,8,1,5,40,14,7,1,5,4,5,7,4,4,5,5,4,2,12,1,64,2,9,1,1,7,10,1,10,2,13,,7,7,1,22,9,121.5525021,24.98719648
111,1,16,7,55,2,10文山區,文山區辛亥路7段與辛亥路7段5巷口,0,0,1,2,B03,8,1,5,40,14,7,1,5,4,5,7,4,4,5,5,4,2,12,2,55,3,10,1,1,7,9,1,8,2,6,,44,7,1,22,9,121.5525021,24.98719648
111,1,16,8,58,2,10文山區,文山區景中街與景後街口口,0,0,3,1,C03,8,1,5,50,4,1,1,5,4,5,7,2,1,1,4,5,2,16,1,71,2,9,1,1,7,5,1,10,1,12,,6,6,1,22,9,121.5433192,24.99271489
111,1,16,8,58,2,10文山區,文山區景中街與景後街口口,0,0,3,2,C03,8,1,5,50,4,1,1,5,4,5,7,2,1,1,4,5,2,16,1,49,2,9,1,1,7,9,1,10,1,11,,44,6,1,22,9,121.5433192,24.99271489
111,1,16,8,58,2,10文山區,文山區景中街與景後街口口,0,0,3,3,H02,8,1,5,50,4,1,1,5,4,5,7,2,1,1,4,5,2,16,2,70,2,8,1,1,7,20,8,20,10,15,,67,6,1,22,9,121.5433192,24.99271489
111,1,16,9,0,2,09北投區,北投區磺港路6號,0,0,1,1,B03,8,1,5,50,14,9,1,5,4,5,7,4,4,5,4,5,2,17,1,44,3,10,1,1,7,7,1,8,1,8,,7,7,1,22,9,121.5020293,25.13337217
111,1,16,9,0,2,09北投區,北投區磺港路6號,0,0,1,2,C03,8,1,5,50,14,9,1,5,4,5,7,4,4,5,4,5,2,17,2,19,2,9,1,1,7,9,1,10,1,12,,44,7,1,22,9,121.5020293,25.13337217
111,1,16,9,20,2,04大安區,大安區杭州南路2段3號,0,0,1,1,C03,8,1,5,50,14,9,1,5,4,5,7,4,4,1,4,5,2,17,1,30,2,9,1,4,7,9,1,10,1,15,,23,23,1,22,9,121.5238715,25.03456645
111,1,16,9,20,2,04大安區,大安區杭州南路2段3號,0,0,1,2,C03,8,1,5,50,14,9,1,5,4,5,7,4,4,1,4,5,2,17,2,44,3,10,1,4,7,14,1,10,1,15,,38,23,1,22,9,121.5238715,25.03456645
111,1,16,9,40,2,09北投區,北投區翠嶺路與翠雲街口,0,0,1,1,C03,8,1,5,30,4,1,1,5,4,5,7,4,4,10,5,5,2,16,1,19,3,10,1,1,7,5,1,10,2,11,,6,6,1,22,9,121.507122,25.14278307
111,1,16,9,40,2,09北投區,北投區翠嶺路與翠雲街口,0,0,1,2,C03,8,1,5,30,4,1,1,5,4,5,7,4,4,10,5,5,2,16,1,46,2,9,1,1,7,9,1,10,2,11,,23,6,1,22,9,121.507122,25.14278307
111,1,16,9,42,2,03中山區,中山區長春路126號,0,0,2,1,C03,8,1,5,50,14,9,1,5,4,5,7,4,4,9,4,5,2,3,1,30,2,9,1,4,7,9,1,10,2,11,,23,23,1,22,9,121.5301403,25.0548664
111,1,16,9,42,2,03中山區,中山區長春路126號,0,0,2,2,H01,8,1,5,50,14,9,1,5,4,5,7,4,4,9,4,5,2,3,2,79,2,9,4,5,8,16,8,20,10,16,,51,23,1,22,9,121.5301403,25.0548664
111,1,16,9,42,2,03中山區,中山區長春路126號,0,0,2,3,A05,8,1,5,50,14,9,1,5,4,5,7,4,4,9,4,5,2,3,1,59,3,10,1,4,7,14,1,2,2,15,,38,23,1,22,9,121.5301403,25.0548664
111,1,16,9,55,2,03中山區,中山區建國北路3段與民權東路3段口北側迴轉道,0,0,1,1,B03,8,1,5,50,3,2,1,5,4,5,7,1,1,10,4,5,2,1,2,26,3,10,1,1,7,5,1,8,1,8,,15,15,1,22,9,121.5372491,25.06380238
111,1,16,9,55,2,03中山區,中山區建國北路3段與民權東路3段口北側迴轉道,0,0,1,2,H01,8,1,5,50,3,2,1,5,4,5,7,1,1,10,4,5,2,1,2,78,2,5,4,5,8,16,8,20,10,16,,51,15,1,22,9,121.5372491,25.06380238
111,1,16,10,41,2,04大安區,大安區樂業街與嘉興街口,0,0,1,1,C03,8,1,5,30,4,2,1,5,4,5,7,4,4,8,3,5,1,16,2,49,2,8,1,1,7,9,3,18,1,12,,6,6,1,19,7,121.551424,25.02145859
111,1,16,10,41,2,04大安區,大安區樂業街與嘉興街口,0,0,1,2,B03,8,1,5,30,4,2,1,5,4,5,7,4,4,8,3,5,1,16,1,40,3,10,1,1,7,9,1,8,1,1,,44,6,1,21,5,121.551424,25.02145859
111,1,16,10,45,2,04大安區,大安區仁愛路4段與安和路1段口,0,0,1,1,B01,8,1,5,50,5,1,1,5,4,2,7,4,4,1,5,5,2,3,1,58,3,10,1,1,7,5,1,4,1,5,,15,15,1,22,9,121.5511652,25.03775819
111,1,16,10,45,2,04大安區,大安區仁愛路4段與安和路1段口,0,0,1,2,H01,8,1,5,50,5,1,1,5,4,2,7,4,4,1,5,5,2,3,2,55,2,9,4,5,8,16,8,20,10,16,,67,15,1,22,9,121.5511652,25.03775819
111,1,16,11,32,2,07信義區,信義區松信路230號,0,0,1,1,C03,7,1,5,50,14,9,1,5,4,5,7,4,4,9,4,5,2,16,1,49,2,8,1,1,7,9,1,10,2,11,,23,23,1,22,9,121.5740329,25.04105199
111,1,16,11,32,2,07信義區,信義區松信路230號,0,0,1,2,B03,7,1,5,50,14,9,1,5,4,5,7,4,4,9,4,5,2,16,1,54,3,10,1,1,7,6,1,8,2,2,,9,23,1,22,9,121.5740329,25.04105199
111,1,16,11,43,2,11南港區,南港區大坑街(六福公園旁),0,0,1,1,B03,8,1,5,40,14,9,1,5,4,5,7,4,4,5,4,5,2,16,1,47,3,10,1,1,7,2,1,8,1,4,,12,12,1,21,8,121.6166296,25.04786073
111,1,16,11,43,2,11南港區,南港區大坑街(六福公園旁),0,0,1,2,C03,8,1,5,40,14,9,1,5,4,5,7,4,4,5,4,5,2,16,1,37,2,7,1,1,7,9,1,10,1,11,,23,12,1,21,8,121.6166296,25.04786073
111,1,16,11,55,2,04大安區,大安區羅斯福路4段119巷20號,0,0,1,1,B03,8,1,5,30,14,9,1,5,4,5,7,4,4,4,2,5,2,14,1,72,3,10,1,1,7,2,1,8,1,8,,12,12,1,22,9,121.5379559,25.01046
111,1,16,11,55,2,04大安區,大安區羅斯福路4段119巷20號,0,0,1,2,C03,8,1,5,30,14,9,1,5,4,5,7,4,4,4,2,5,2,14,1,38,2,9,1,1,7,9,1,10,1,11,,13,12,1,22,9,121.5379559,25.01046
111,1,16,12,17,2,08士林區,士林區至善路3段71巷37弄11號,0,0,2,1,B01,8,1,5,50,11,9,1,5,4,5,7,4,4,9,4,5,1,17,1,32,3,10,1,1,7,15,1,4,2,8,,26,26,1,22,9,121.5705882,25.11855831
111,1,16,12,17,2,08士林區,士林區至善路3段71巷37弄11號,0,0,2,2,F01,8,1,5,50,11,9,1,5,4,5,7,4,4,9,4,5,1,17,2,62,2,9,1,1,7,9,8,20,2,16,,44,26,1,22,9,121.5705882,25.11855831
111,1,16,12,17,2,08士林區,士林區至善路3段71巷37弄11號,0,0,2,3,F01,8,1,5,50,11,9,1,5,4,5,7,4,4,9,4,5,1,17,2,50,2,7,1,1,7,9,8,20,2,16,,44,26,1,22,9,121.5705882,25.11855831
111,1,16,12,20,2,09北投區,北投區承德路7段與承德路7段401巷口,0,0,1,1,B12,8,1,5,30,3,1,1,5,4,5,7,4,4,1,4,4,2,17,1,63,3,10,1,1,7,7,1,8,2,4,,6,6,1,22,9,121.5006325,25.12023617
111,1,16,12,20,2,09北投區,北投區承德路7段與承德路7段401巷口,0,0,1,2,C03,8,1,5,30,3,1,1,5,4,5,7,4,4,1,4,4,2,17,2,19,2,9,1,1,7,9,1,10,2,11,,14,6,1,22,9,121.5006325,25.12023617
111,1,16,12,42,2,08士林區,士林區中正路與中正路212巷口,0,0,1,1,B03,8,1,5,0,3,1,1,5,4,5,7,1,1,1,4,5,2,17,1,37,3,10,1,1,7,5,1,8,2,2,,6,6,1,22,9,121.5263243,25.09548881
111,1,16,12,42,2,08士林區,士林區中正路與中正路212巷口,0,0,1,2,C02,8,1,5,0,3,1,1,5,4,5,7,1,1,1,4,5,2,17,1,42,2,7,1,1,7,9,1,9,2,11,,44,6,1,22,9,121.5263243,25.09548881
111,1,16,12,47,2,02萬華區,萬華區堤外便道長順水門口,0,0,1,1,B03,8,1,8,40,15,22,1,5,4,5,7,1,1,5,4,5,1,17,1,32,3,10,1,1,7,5,1,8,1,5,,8,8,1,22,9,121.4884935,25.03248174
111,1,16,12,47,2,02萬華區,萬華區堤外便道長順水門口,0,0,1,2,C03,8,1,8,40,15,22,1,5,4,5,7,1,1,5,4,5,1,17,1,83,2,9,1,1,7,5,1,10,1,14,,17,8,1,22,9,121.4884935,25.03248174
111,1,16,12,55,2,05中正區,中正區愛國東路與羅斯福路1段9巷口,0,0,1,1,C03,8,1,5,50,4,1,1,5,4,5,7,1,1,1,4,4,2,13,2,27,2,9,1,1,7,9,1,10,2,11,,23,23,1,22,9,121.5184761,25.03415383
111,1,16,12,55,2,05中正區,中正區愛國東路與羅斯福路1段9巷口,0,0,1,2,B03,8,1,5,50,4,1,1,5,4,5,7,1,1,1,4,4,2,13,2,56,3,10,1,1,7,15,1,8,2,3,,44,23,1,22,9,121.5184761,25.03415383
111,1,16,13,0,2,05中正區,中正區濟南路1段321號台北商業大學前,0,0,1,2,F01,7,1,5,0,14,8,1,5,4,5,7,4,4,10,4,5,2,16,1,31,2,9,1,1,7,9,8,20,11,16,,44,51,1,22,9,121.5255621,25.04176922
111,1,16,13,0,2,05中正區,中正區濟南路1段321號台北商業大學前,0,0,1,1,H01,7,1,5,0,14,8,1,5,4,5,7,4,4,10,4,5,2,16,1,58,4,11,3,4,7,15,7,19,11,15,,51,51,2,22,9,121.5255621,25.04176922
111,1,16,13,45,2,01大同區,大同區延平北路3段與民權西路口,0,0,3,1,C03,8,1,5,50,4,1,1,5,4,5,7,1,1,10,4,5,2,16,2,53,2,9,1,1,7,5,1,10,1,13,,8,8,1,22,9,121.5112205,25.0627882
111,1,16,13,45,2,01大同區,大同區延平北路3段與民權西路口,0,0,3,2,C04,8,1,5,50,4,1,1,5,4,5,7,1,1,10,4,5,2,16,2,19,2,9,1,1,7,9,1,10,1,11,,44,8,1,22,9,121.5112205,25.0627882
111,1,16,13,45,2,01大同區,大同區延平北路3段與民權西路口,0,0,3,3,H02,8,1,5,50,4,1,1,5,4,5,7,1,1,10,4,5,2,16,2,26,2,9,4,5,7,21,8,20,10,16,,67,8,1,22,9,121.5112205,25.0627882