發生年度,發生月,發生日,發生時-Hours,發生分,處理別-編號,區序,肇事地點,死亡人數,2-30日死亡人數,受傷人數,當事人序號,車種,天候,光線,道路類別,速限-速度限制,道路型態,事故位置,路面狀況1,路面狀況2,路面狀況3,道路障礙1,道路障礙2,號誌1,號誌2,車道劃分-分向,車道劃分-分道1,車道劃分-分道2,車道劃分-分道3,事故類型及型態,性別,年齡,受傷程度,主要傷處,安全帽,行動電話,車輛用途,當事者行動狀態,駕駛資格情形,駕駛執照種類,飲酒情形,車輛撞擊部位1,車輛撞擊部位2,肇因碼-個別,肇因碼-主要,個人肇逃否,職業,旅次目的,座標-X,座標-Y
111,1,16,13,52,2,12內湖區,內湖區康寧路1段106巷口前,0,0,3,1,C03,8,1,5,30,14,9,1,5,4,5,7,4,4,10,4,5,2,12,1,20,2,7,1,1,7,5,1,10,1,14,,8,8,2,22,9,121.6119499,25.0691104
111,1,16,13,52,2,12內湖區,內湖區康寧路1段106巷口前,0,0,3,2,C03,8,1,5,30,14,9,1,5,4,5,7,4,4,10,4,5,2,12,1,20,2,9,1,1,7,15,1,10,1,11,,13,8,2,22,9,121.6119499,25.0691104
111,1,16,13,52,2,12內湖區,內湖區康寧路1段106巷口前,0,0,3,3,H02,8,1,5,30,14,9,1,5,4,5,7,4,4,10,4,5,2,12,2,20,2,6,4,5,7,20,8,20,10,16,,67,8,2,22,9,121.6119499,25.0691104
111,1,16,13,52,2,12內湖區,內湖區康寧路1段106巷口前,0,0,3,4,B12,8,1,5,30,14,9,1,5,4,5,7,4,4,10,4,5,2,12,1,59,3,10,3,1,7,15,1,8,1,1,,44,8,2,22,9,121.6119499,25.0691104
111,1,16,14,3,2,02萬華區,萬華區青年路與國興路口,0,0,2,1,B12,8,1,5,50,4,1,1,5,4,5,7,1,1,9,5,5,2,17,2,45,3,10,1,4,7,9,1,8,2,1,,23,23,1,22,9,121.5064331,25.02607772
111,1,16,14,3,2,02萬華區,萬華區青年路與國興路口,0,0,2,2,C04,8,1,5,50,4,1,1,5,4,5,7,1,1,9,5,5,2,17,2,43,2,9,1,4,7,14,1,11,2,11,,44,23,1,22,9,121.5064331,25.02607772
111,1,16,14,3,2,02萬華區,萬華區青年路與國興路口,0,0,2,3,H02,8,1,5,50,4,1,1,5,4,5,7,1,1,9,5,5,2,17,1,10,2,1,4,4,7,20,8,20,10,16,,67,23,1,22,9,121.5064331,25.02607772
111,1,16,14,5,2,10文山區,文山區光輝路與光輝路30巷口,0,0,2,1,F02,8,1,5,30,3,2,1,5,4,5,7,4,4,10,5,5,2,16,2,68,2,9,1,1,7,5,8,20,2,16,,6,6,1,22,9,121.5549016,24.98630286
111,1,16,14,5,2,10文山區,文山區光輝路與光輝路30巷口,0,0,2,2,C03,8,1,5,30,3,2,1,5,4,5,7,4,4,10,5,5,2,16,1,16,2,9,1,1,7,9,2,18,2,11,,23,6,1,16,9,121.5549016,24.98630286
111,1,16,14,5,2,10文山區,文山區光輝路與光輝路30巷口,0,0,2,3,B03,8,1,5,30,3,2,1,5,4,5,7,4,4,10,5,5,2,16,1,67,3,10,1,1,7,13,1,8,1,7,,44,6,1,22,9,121.5549016,24.98630286
111,1,16,14,27,2,01大同區,大同區台北橋往三重方向,0,0,3,1,C03,7,1,5,0,14,11,1,5,4,5,7,4,4,9,4,5,2,17,1,68,4,11,3,4,7,15,7,19,11,15,,27,27,2,22,9,121.5086074,25.0636121
111,1,16,14,27,2,01大同區,大同區台北橋往三重方向,0,0,3,3,C03,7,1,5,0,14,11,1,5,4,5,7,4,4,9,4,5,2,17,1,32,2,9,1,1,7,9,1,10,1,11,,16,27,1,22,9,121.5086074,25.0636121
111,1,16,14,27,2,01大同區,大同區台北橋往三重方向,0,0,3,2,C03,7,1,5,0,14,11,1,5,4,5,7,4,4,9,4,5,2,17,2,21,2,9,1,1,7,9,1,10,1,14,,43,27,1,22,9,121.5086074,25.0636121
111,1,16,14,27,2,01大同區,大同區台北橋往三重方向,0,0,3,4,H02,7,1,5,0,14,11,1,5,4,5,7,4,4,9,4,5,2,17,2,20,2,9,1,1,7,20,8,20,1,16,,67,27,1,22,9,121.5086074,25.0636121
111,1,16,15,41,2,12內湖區,內湖區康樂街61巷與康樂街85巷口,0,0,1,1,C03,7,1,5,30,4,1,1,5,4,5,7,4,4,10,5,5,2,15,2,36,2,9,1,1,7,9,1,10,1,11,,6,6,1,22,9,121.6194864,25.06956305
111,1,16,15,41,2,12內湖區,內湖區康樂街61巷與康樂街85巷口,0,0,1,2,B12,7,1,5,30,4,1,1,5,4,5,7,4,4,10,5,5,2,15,1,48,3,10,1,1,7,9,1,8,1,8,,6,6,1,22,9,121.6194864,25.06956305
111,1,16,15,50,2,03中山區,中山區林森北路與市民大道2段口,0,0,2,1,C03,7,1,5,40,4,1,1,5,4,5,7,1,1,1,4,5,2,16,2,27,2,8,3,4,7,8,1,10,1,12,,7,7,1,22,9,121.5242966,25.04793382
111,1,16,15,50,2,03中山區,中山區林森北路與市民大道2段口,0,0,2,2,C03,7,1,5,40,4,1,1,5,4,5,7,1,1,1,4,5,2,16,2,64,2,9,3,4,7,9,1,10,1,14,,44,7,1,22,9,121.5242966,25.04793382
111,1,16,16,13,2,09北投區,北投區明德路與東華街1段口,0,0,3,1,C03,8,1,5,50,4,1,1,5,4,5,7,2,1,1,5,5,2,13,1,19,2,9,1,1,7,9,1,10,2,12,,44,44,1,22,9,121.519477,25.10921645
111,1,16,16,13,2,09北投區,北投區明德路與東華街1段口,0,0,3,2,C03,8,1,5,50,4,1,1,5,4,5,7,2,1,1,5,5,2,13,1,65,2,8,1,1,7,5,1,10,2,15,,8,44,1,22,9,121.519477,25.10921645
111,1,16,16,13,2,09北投區,北投區明德路與東華街1段口,0,0,3,3,C03,8,1,5,50,4,1,1,5,4,5,7,2,1,1,5,5,2,13,1,35,2,7,1,1,7,5,1,10,2,14,,8,44,1,22,9,121.519477,25.10921645
111,1,16,16,15,2,05中正區,中正區中華路2段與汀州路1段口,0,0,2,1,C03,8,1,5,50,4,1,1,5,4,5,7,1,1,5,4,5,2,17,1,29,2,9,1,1,7,5,3,18,2,13,,6,6,1,22,9,121.5051588,25.03301582
111,1,16,16,15,2,05中正區,中正區中華路2段與汀州路1段口,0,0,2,2,C03,8,1,5,50,4,1,1,5,4,5,7,1,1,5,4,5,2,17,1,31,2,9,1,1,7,9,1,10,2,11,,23,6,1,22,9,121.5051588,25.03301582
111,1,16,16,35,2,10文山區,文山區羅斯福路6段113號,0,0,1,1,A02,7,1,5,50,14,9,1,5,4,5,7,4,4,1,4,5,2,17,1,50,3,10,1,1,7,7,1,2,2,15,,7,7,1,22,9,121.5406725,24.99789008
111,1,16,16,35,2,10文山區,文山區羅斯福路6段113號,0,0,1,2,C03,7,1,5,50,14,9,1,5,4,5,7,4,4,1,4,5,2,17,1,29,2,9,1,1,7,9,1,10,2,12,,44,7,1,22,9,121.5406725,24.99789008
111,1,16,16,54,2,09北投區,北投區大度路3段與中央北路4段口,0,0,2,1,B03,7,1,5,50,4,1,1,5,4,5,7,1,1,1,4,5,2,16,1,51,3,10,1,1,7,6,1,8,2,2,,9,9,1,22,9,121.4644145,25.12386798
111,1,16,16,54,2,09北投區,北投區大度路3段與中央北路4段口,0,0,2,2,C03,7,1,5,50,4,1,1,5,4,5,7,1,1,1,4,5,2,16,1,25,2,7,1,1,7,9,3,18,2,14,,23,9,1,22,9,121.4644145,25.12386798
111,1,16,16,54,2,09北投區,北投區大度路3段與中央北路4段口,0,0,2,3,H02,7,1,5,50,4,1,1,5,4,5,7,1,1,1,4,5,2,16,1,30,2,8,1,5,7,21,8,20,10,16,,67,9,1,22,9,121.4644145,25.12386798
111,1,16,17,15,2,12內湖區,內湖區成功路4段與成功路4段167巷口口,0,0,1,1,B03,8,3,5,40,3,1,1,5,4,5,7,4,4,9,4,4,2,12,1,28,3,10,1,1,7,6,1,8,1,2,,9,9,1,22,9,121.5936034,25.0828789
111,1,16,17,15,2,12內湖區,內湖區成功路4段與成功路4段167巷口口,0,0,1,2,C03,8,3,5,40,3,1,1,5,4,5,7,4,4,9,4,4,2,12,1,22,3,10,1,1,7,9,1,10,1,11,,44,9,1,22,9,121.5936034,25.0828789
111,1,16,17,15,2,12內湖區,內湖區成功路4段與成功路4段167巷口口,0,0,1,3,H02,8,3,5,40,3,1,1,5,4,5,7,4,4,9,4,4,2,12,2,21,2,8,1,5,7,21,8,20,10,15,,67,9,1,22,9,121.5936034,25.0828789
111,1,16,17,25,2,01大同區,大同區民生西路與迪化街1段口口,0,0,1,1,B03,7,3,5,50,4,2,1,5,4,5,7,2,1,9,4,5,1,12,2,54,3,10,3,4,7,8,1,8,1,5,,7,7,1,22,9,121.5098435,25.056911
111,1,16,17,25,2,01大同區,大同區民生西路與迪化街1段口口,0,0,1,3,H02,7,3,5,50,4,2,1,5,4,5,7,2,1,9,4,5,1,12,2,36,2,8,1,5,7,21,8,20,10,16,,67,7,1,22,9,121.5098435,25.056911
111,1,16,17,25,2,01大同區,大同區民生西路與迪化街1段口口,0,0,1,2,C03,7,3,5,50,4,2,1,5,4,5,7,2,1,9,4,5,1,12,1,39,3,10,1,1,7,9,1,10,1,15,,44,7,1,22,9,121.5098435,25.056911
111,1,16,18,25,2,12內湖區,內湖區內湖路3段143巷與內湖路3段191巷口,0,0,1,1,C03,8,3,5,30,4,1,1,5,4,5,7,4,4,10,5,5,1,15,1,30,2,8,1,1,7,9,1,10,1,11,,6,6,1,22,9,121.5884597,25.08780353
111,1,16,18,25,2,12內湖區,內湖區內湖路3段143巷與內湖路3段191巷口,0,0,1,2,B03,8,3,5,30,4,1,1,5,4,5,7,4,4,10,5,5,1,15,2,32,3,10,1,1,7,9,1,8,1,5,,14,6,1,22,9,121.5884597,25.08780353
111,1,16,19,6,2,05中正區,中正區汀州路2段40號,0,0,2,1,C03,7,3,5,50,14,9,1,5,4,5,7,4,4,5,4,5,2,2,2,24,2,8,1,1,7,9,1,10,2,12,,23,23,1,22,9,121.5175446,25.02540202
111,1,16,19,6,2,05中正區,中正區汀州路2段40號,0,0,2,2,H01,7,3,5,50,14,9,1,5,4,5,7,4,4,5,4,5,2,2,2,69,2,9,4,5,8,16,8,20,10,16,,67,23,1,22,9,121.5175446,25.02540202
111,1,16,19,26,2,02萬華區,萬華區和平西路3段與昆明街口,0,0,2,1,B03,8,3,5,50,5,2,1,5,4,5,7,2,1,1,4,5,2,12,1,46,3,10,1,1,7,9,3,18,2,5,,23,23,1,22,9,121.5031637,25.03524518
111,1,16,19,26,2,02萬華區,萬華區和平西路3段與昆明街口,0,0,2,2,C03,8,3,5,50,5,2,1,5,4,5,7,2,1,1,4,5,2,12,2,48,2,9,1,1,7,9,1,10,2,14,,44,23,1,22,9,121.5031637,25.03524518
111,1,16,19,26,2,02萬華區,萬華區和平西路3段與昆明街口,0,0,2,3,H02,8,3,5,50,5,2,1,5,4,5,7,2,1,1,4,5,2,12,1,20,2,9,1,1,7,20,8,20,10,16,,67,23,1,22,9,121.5031637,25.03524518
111,1,16,19,36,2,08士林區,士林區愛富二街與華岡路口,0,0,1,1,B03,7,3,5,30,3,1,1,5,4,5,7,4,4,10,5,5,2,17,1,53,3,10,1,1,7,5,1,8,1,1,,8,8,1,22,9,121.5441723,25.13863617
111,1,16,19,36,2,08士林區,士林區愛富二街與華岡路口,0,0,1,2,C03,7,3,5,30,3,1,1,5,4,5,7,4,4,10,5,5,2,17,1,19,2,9,1,1,7,9,1,10,1,12,,13,8,1,22,9,121.5441723,25.13863617
111,1,16,19,45,2,07信義區,信義區松隆路36號,0,0,1,1,B03,6,3,5,50,14,9,1,4,4,5,7,1,1,3,4,5,2,13,1,41,3,10,1,1,7,9,1,8,1,1,,43,43,1,22,9,121.5673725,25.04348282
111,1,16,19,45,2,07信義區,信義區松隆路36號,0,0,1,2,B03,6,3,5,50,14,9,1,4,4,5,7,1,1,3,4,5,2,13,1,32,3,10,1,1,7,14,1,8,1,3,,43,43,1,22,9,121.5673725,25.04348282
111,1,16,19,45,2,07信義區,信義區松隆路36號,0,0,1,3,H02,6,3,5,50,14,9,1,4,4,5,7,1,1,3,4,5,2,13,2,26,2,2,1,5,7,21,8,20,10,16,,67,43,1,22,9,121.5673725,25.04348282
111,1,16,20,29,2,04大安區,大安區復興南路2段與辛亥路3段口,0,0,1,1,A04,6,3,5,50,3,2,1,4,4,5,7,2,1,1,4,4,2,17,1,55,3,10,3,4,7,6,1,1,1,2,,9,9,1,22,9,121.5434344,25.02162465
111,1,16,20,29,2,04大安區,大安區復興南路2段與辛亥路3段口,0,0,1,2,F01,6,3,5,50,3,2,1,4,4,5,7,2,1,1,4,4,2,17,2,38,2,9,3,4,7,9,8,20,1,16,,44,9,1,22,9,121.5434344,25.02162465
111,1,16,20,40,2,04大安區,大安區基隆路3段與基隆路3段155巷口,0,0,1,1,B03,7,3,5,50,4,1,1,5,4,5,7,2,1,1,4,4,2,17,1,52,3,10,1,1,7,9,1,8,1,15,,25,25,1,22,9,121.5426271,25.01561998
111,1,16,20,40,2,04大安區,大安區基隆路3段與基隆路3段155巷口,0,0,1,2,C03,7,3,5,50,4,1,1,5,4,5,7,2,1,1,4,4,2,17,1,53,2,8,1,1,7,9,1,9,1,15,,44,25,1,22,9,121.5426271,25.01561998
111,1,16,21,1,2,07信義區,信義區松智路與松平路口,0,0,1,1,B03,8,2,5,30,4,1,1,5,4,5,7,2,1,8,4,5,2,3,1,50,3,10,1,1,7,5,1,8,11,1,,15,15,1,22,9,121.5653666,25.0304952
111,1,16,21,1,2,07信義區,信義區松智路與松平路口,0,0,1,2,H01,8,2,5,30,4,1,1,5,4,5,7,2,1,8,4,5,2,3,2,30,2,9,4,1,8,16,8,20,10,16,,67,15,1,22,9,121.5653666,25.0304952
111,1,16,21,17,2,04大安區,大安區大安路1段與復興南路1段135巷口,0,0,2,1,F01,7,3,5,30,4,2,1,5,4,5,7,4,4,10,5,5,2,17,2,63,2,7,1,1,7,5,8,20,1,16,,8,8,1,22,9,121.546119,25.04265144
111,1,16,21,17,2,04大安區,大安區大安路1段與復興南路1段135巷口,0,0,2,2,C03,7,3,5,30,4,2,1,5,4,5,7,4,4,10,5,5,2,17,1,19,2,9,1,1,7,9,1,10,1,11,,13,8,1,22,9,121.546119,25.04265144
111,1,16,21,17,2,04大安區,大安區大安路1段與復興南路1段135巷口,0,0,2,3,B03,7,3,5,30,4,2,1,5,4,5,7,4,4,10,5,5,2,17,1,41,3,10,1,1,7,13,1,8,1,8,,44,8,1,22,9,121.546119,25.04265144
111,1,16,21,21,2,02萬華區,萬華區寶興街80巷與寶興街口,0,0,2,1,B03,8,3,5,50,4,1,1,5,4,5,7,2,1,5,4,5,2,12,1,55,3,10,1,1,7,5,1,8,2,4,,27,27,1,22,9,121.4943221,25.02605121
111,1,16,21,21,2,02萬華區,萬華區寶興街80巷與寶興街口,0,0,2,2,C03,8,3,5,50,4,1,1,5,4,5,7,2,1,5,4,5,2,12,2,37,2,9,1,1,7,9,1,10,2,12,,23,27,1,22,9,121.4943221,25.02605121
111,1,16,21,21,2,02萬華區,萬華區寶興街80巷與寶興街口,0,0,2,3,H02,8,3,5,50,4,1,1,5,4,5,7,2,1,5,4,5,2,12,2,38,2,9,4,5,7,20,8,20,10,16,,67,27,1,22,9,121.4943221,25.02605121
111,1,16,22,20,2,12內湖區,內湖區成功路2段北往南石潭公園公車站牌,0,0,3,1,C02,8,3,5,50,14,9,1,5,4,5,7,4,4,3,4,5,2,12,1,25,2,9,1,1,7,7,1,9,2,12,,26,26,1,22,9,121.5910611,25.06108705
111,1,16,22,20,2,12內湖區,內湖區成功路2段北往南石潭公園公車站牌,0,0,3,2,C03,8,3,5,50,14,9,1,5,4,5,7,4,4,3,4,5,2,12,1,19,2,9,1,1,7,9,1,10,2,11,,13,26,1,22,9,121.5910611,25.06108705
111,1,16,22,20,2,12內湖區,內湖區成功路2段北往南石潭公園公車站牌,0,0,3,3,H02,8,3,5,50,14,9,1,5,4,5,7,4,4,3,4,5,2,12,2,23,2,9,4,5,7,21,8,20,10,16,,67,26,1,22,9,121.5910611,25.06108705
111,1,16,22,30,2,02萬華區,萬華區環河南路1段與西園路1段34巷口,0,0,1,1,B03,8,3,5,30,3,1,1,5,4,5,7,4,4,5,4,5,2,16,1,73,3,10,1,4,7,11,1,8,2,4,,6,6,1,22,9,121.4984656,25.04066914
111,1,16,22,30,2,02萬華區,萬華區環河南路1段與西園路1段34巷口,0,0,1,2,C03,8,3,5,30,3,1,1,5,4,5,7,4,4,5,4,5,2,16,1,28,2,8,1,4,7,9,1,10,2,11,,14,6,1,22,9,121.4984656,25.04066914
111,1,16,22,39,2,10文山區,文山區羅斯福路6段與景福街口,0,0,3,1,C03,6,3,5,50,4,1,1,4,4,5,7,1,1,1,4,5,2,13,1,28,2,9,1,1,7,9,1,10,1,11,,23,23,1,22,9,121.539773,24.99980185
111,1,16,22,39,2,10文山區,文山區羅斯福路6段與景福街口,0,0,3,2,C03,6,3,5,50,4,1,1,4,4,5,7,1,1,1,4,5,2,13,1,37,2,9,1,1,7,14,1,10,1,13,,44,23,1,22,9,121.539773,24.99980185
111,1,16,22,39,2,10文山區,文山區羅斯福路6段與景福街口,0,0,3,3,H02,6,3,5,50,4,1,1,4,4,5,7,1,1,1,4,5,2,13,2,28,2,9,1,1,7,20,8,20,10,16,,67,23,1,22,9,121.539773,24.99980185
111,1,16,22,40,2,04大安區,大安區延吉街與忠孝東路4段口,0,0,1,1,C03,8,3,5,50,14,9,1,5,4,5,7,2,1,9,4,5,2,18,1,18,2,9,3,4,7,9,1,10,1,15,,42,42,1,22,9,121.5545412,25.0411313
111,1,16,22,40,2,04大安區,大安區延吉街與忠孝東路4段口,0,0,1,2,,8,3,5,50,14,9,1,5,4,5,7,2,1,9,4,5,2,18,3,,,,,,,,,,,,,67,42,1,,,121.5545412,25.0411313
111,1,16,23,38,2,03中山區,中山區林森北路450號,0,0,1,1,C04,7,3,8,50,15,22,4,5,4,5,7,4,4,10,5,5,2,16,2,31,2,8,3,4,7,9,1,10,1,12,,42,42,1,22,9,121.5255259,25.06072073
111,1,16,23,38,2,03中山區,中山區林森北路450號,0,0,1,2,B03,7,3,8,50,15,22,4,5,4,5,7,4,4,10,5,5,2,16,1,30,3,10,3,4,7,9,1,8,1,1,,44,42,1,22,9,121.5255259,25.06072073
111,1,17,0,30,2,11南港區,南港區南港路2段與向陽路口,0,0,1,2,C03,7,3,5,50,14,9,1,5,4,5,7,1,1,1,4,1,1,13,1,65,3,10,1,1,7,9,1,10,1,11,,23,7,1,22,9,121.594441,25.05449254
111,1,17,0,30,2,11南港區,南港區南港路2段與向陽路口,0,0,1,3,C03,7,3,5,50,14,9,1,5,4,5,7,1,1,1,4,1,1,13,1,39,2,5,1,1,7,12,1,10,1,13,,44,7,1,22,9,121.594441,25.05449254
111,1,17,0,30,2,11南港區,南港區南港路2段與向陽路口,0,0,1,1,B12,7,3,5,50,14,9,1,5,4,5,7,1,1,1,4,1,1,13,1,24,3,10,3,4,7,8,1,8,9,15,,7,7,1,22,9,121.594441,25.05449254
111,1,17,6,24,2,09北投區,北投區中央北路4段597號與大度路3段口,0,0,1,1,C03,7,2,5,50,4,1,1,5,4,5,7,2,1,9,4,5,2,11,1,54,2,9,1,1,7,5,1,10,1,11,,6,6,1,22,9,121.4648942,25.12433821
111,1,17,6,24,2,09北投區,北投區中央北路4段597號與大度路3段口,0,0,1,2,B03,7,2,5,50,4,1,1,5,4,5,7,2,1,9,4,5,2,11,1,29,3,10,3,4,7,9,3,18,1,1,,44,6,1,22,9,121.4648942,25.12433821
111,1,17,7,19,2,12內湖區,內湖區民權東路6段180巷與民權東路6段180巷41弄口口,0,0,1,1,B03,8,1,5,30,4,1,1,5,4,5,7,1,1,5,2,5,2,12,2,46,3,10,1,1,7,6,1,8,1,2,,44,44,1,22,9,121.5927154,25.06739612
111,1,17,7,19,2,12內湖區,內湖區民權東路6段180巷與民權東路6段180巷41弄口口,0,0,1,2,C03,8,1,5,30,4,1,1,5,4,5,7,1,1,5,2,5,2,12,1,37,2,8,1,1,7,9,1,10,1,14,,44,44,1,22,9,121.5927154,25.06739612
111,1,17,7,40,2,09北投區,北投區大業路157號,0,0,1,2,C03,7,1,5,50,14,9,1,5,4,5,7,4,4,9,4,5,2,16,2,27,2,8,1,1,7,9,1,10,1,11,,44,9,1,22,9,121.4986868,25.12485304
111,1,17,7,40,2,09北投區,北投區大業路157號,0,0,1,1,B03,7,1,5,50,14,9,1,5,4,5,7,4,4,9,4,5,2,16,1,52,3,10,1,1,7,6,1,8,1,2,,9,9,1,22,9,121.4986868,25.12485304
111,1,17,7,46,2,01大同區,大同區涼州街與安西街口,0,0,1,1,B12,8,1,5,30,4,1,1,5,4,5,7,4,4,5,4,5,2,15,1,56,3,10,1,4,7,9,1,8,2,6,,6,6,1,22,9,121.5099179,25.0605779
111,1,17,7,46,2,01大同區,大同區涼州街與安西街口,0,0,1,2,C03,8,1,5,30,4,1,1,5,4,5,7,4,4,5,4,5,2,15,2,47,2,9,1,4,7,9,1,10,2,11,,44,6,1,22,9,121.5099179,25.0605779
111,1,17,7,50,2,11南港區,南港區南港路2段與興華路口口旁,0,0,1,1,C03,6,1,5,50,4,2,1,4,4,5,7,2,1,5,4,5,2,17,1,61,3,10,1,1,7,11,6,10,1,15,,26,26,1,22,9,121.6060698,25.05421899
111,1,17,7,50,2,11南港區,南港區南港路2段與興華路口口旁,0,0,1,2,C03,6,1,5,50,4,2,1,4,4,5,7,2,1,5,4,5,2,17,1,25,2,9,1,1,7,9,1,10,1,14,,42,26,1,22,9,121.6060698,25.05421899
111,1,17,7,57,2,02萬華區,萬華區西園路2段39號,0,0,1,1,C03,8,1,5,50,14,9,1,5,4,5,7,1,1,3,4,5,2,13,2,44,2,9,1,1,7,9,1,10,1,11,,16,16,1,22,9,121.4973957,25.03195793
111,1,17,7,57,2,02萬華區,萬華區西園路2段39號,0,0,1,2,C03,8,1,5,50,14,9,1,5,4,5,7,1,1,3,4,5,2,13,1,21,3,10,1,1,7,14,1,10,1,13,,44,16,1,22,9,121.4973957,25.03195793
111,1,17,8,7,2,02萬華區,萬華區桂林路與柳州街口,0,0,1,1,B03,8,1,5,50,4,1,1,5,4,5,7,1,1,8,5,5,2,12,2,26,3,10,1,1,7,6,1,8,1,6,,9,9,1,22,9,121.5051118,25.03768839
111,1,17,8,7,2,02萬華區,萬華區桂林路與柳州街口,0,0,1,2,C03,8,1,5,50,4,1,1,5,4,5,7,1,1,8,5,5,2,12,1,23,2,9,1,1,7,9,6,10,1,11,,13,9,1,22,9,121.5051118,25.03768839
111,1,17,8,9,2,11南港區,南港區南港路1段南港展覽館站6號出口,0,0,1,1,B01,6,1,5,50,14,8,1,4,4,5,7,1,1,1,4,4,2,17,1,56,4,11,3,4,7,1,7,19,11,15,,19,19,2,22,9,121.6178441,25.05491299
111,1,17,8,9,2,11南港區,南港區南港路1段南港展覽館站6號出口,0,0,1,2,C03,6,1,5,50,14,8,1,4,4,5,7,1,1,1,4,4,2,17,2,52,2,8,1,1,7,15,1,10,2,12,,44,19,1,22,9,121.6178441,25.05491299
111,1,17,8,19,2,08士林區,士林區中正路與文林路口,0,0,1,1,B03,7,1,5,50,4,1,1,5,4,5,7,2,1,3,3,5,1,16,1,64,3,10,1,1,7,5,1,8,2,1,,25,25,1,22,9,121.524656,25.09506431
111,1,17,8,19,2,08士林區,士林區中正路與文林路口,0,0,1,2,C03,7,1,5,50,4,1,1,5,4,5,7,2,1,3,3,5,1,16,2,57,2,8,1,1,7,5,1,10,2,14,,44,25,1,22,9,121.524656,25.09506431
111,1,17,8,25,2,12內湖區,內湖區瑞光路66巷46號,0,0,1,1,B03,8,1,5,50,14,9,1,5,4,5,7,4,4,5,5,5,2,17,1,36,3,10,1,1,7,11,1,8,1,3,,10,10,1,22,9,121.5804494,25.07025653
111,1,17,8,25,2,12內湖區,內湖區瑞光路66巷46號,0,0,1,2,C03,8,1,5,50,14,9,1,5,4,5,7,4,4,5,5,5,2,17,1,27,2,8,1,1,7,9,1,10,1,12,,44,10,1,22,9,121.5804494,25.07025653
111,1,17,8,30,2,12內湖區,內湖區行善路與舊宗路1段口,0,0,1,1,C03,6,1,5,50,4,2,1,4,4,5,7,1,1,5,4,5,2,18,1,41,2,9,3,4,7,9,1,10,11,14,,43,43,1,22,9,121.5801541,25.05880977
111,1,17,8,30,2,12內湖區,內湖區行善路與舊宗路1段口,0,0,1,2,,6,1,5,50,4,2,1,4,4,5,7,1,1,5,4,5,2,18,3,,,,,,,,,,,,,67,43,1,,,121.5801541,25.05880977
111,1,17,8,41,2,07信義區,信義區基隆路2段41號,0,0,1,1,A02,6,1,5,50,14,9,1,4,4,5,7,4,4,1,4,5,1,9,1,46,3,10,3,4,7,9,1,2,2,15,,42,42,1,22,9,121.558373,25.0309317
111,1,17,8,41,2,07信義區,信義區基隆路2段41號,0,0,1,2,H02,6,1,5,50,14,9,1,4,4,5,7,4,4,1,4,5,1,9,2,24,2,1,4,5,7,17,8,20,10,16,,67,42,1,22,9,121.558373,25.0309317
111,1,17,8,47,2,10文山區,文山區興隆路2段301巷與辛亥路4段252巷口,0,0,1,1,C03,6,1,5,30,3,1,1,4,4,5,7,4,4,10,5,5,2,16,2,46,2,9,1,1,7,5,1,10,2,12,,6,6,1,22,9,121.5534513,25.00188934
111,1,17,8,47,2,10文山區,文山區興隆路2段301巷與辛亥路4段252巷口,0,0,1,2,B01,6,1,5,30,3,1,1,4,4,5,7,4,4,10,5,5,2,16,1,62,3,10,1,1,7,9,1,8,2,8,,23,6,1,22,9,121.5534513,25.00188934
111,1,17,9,14,2,06松山區,松山區復興北路179號,0,0,1,1,B01,6,1,5,50,14,9,1,4,4,5,7,1,1,9,4,5,2,17,1,55,3,10,1,1,7,1,1,8,1,15,,19,19,1,22,9,121.544193,25.05440506
111,1,17,9,14,2,06松山區,松山區復興北路179號,0,0,1,2,C03,6,1,5,50,14,9,1,4,4,5,7,1,1,9,4,5,2,17,2,24,2,9,1,1,7,9,1,10,1,14,,44,19,1,22,9,121.544193,25.05440506
111,1,17,9,22,2,07信義區,信義區松隆路45號,0,0,1,2,B03,6,1,5,50,14,9,1,4,4,5,7,4,4,3,4,5,2,3,1,29,3,10,1,1,7,9,1,8,1,1,,43,67,1,22,9,121.5683428,25.0442658
111,1,17,9,22,2,07信義區,信義區松隆路45號,0,0,1,1,H01,6,1,5,50,14,9,1,4,4,5,7,4,4,3,4,5,2,3,2,87,2,9,4,5,8,16,8,20,10,16,,67,67,1,22,9,121.5683428,25.0442658
111,1,17,9,49,2,07信義區,信義區信安街104號,0,0,1,1,C03,6,1,5,50,14,9,1,4,4,5,7,4,4,9,4,5,1,17,2,35,3,10,3,4,7,5,1,10,1,15,,8,8,1,22,9,121.5561687,25.02492326
111,1,17,9,49,2,07信義區,信義區信安街104號,0,0,1,2,C03,6,1,5,50,14,9,1,4,4,5,7,4,4,9,4,5,1,17,2,47,2,8,3,4,7,9,1,10,1,14,,42,8,1,22,9,121.5561687,25.02492326
111,1,17,9,55,2,05中正區,中正區愛國西路2號與南昌路1段口,0,0,1,1,B03,6,1,5,50,4,2,1,4,4,5,7,1,1,1,4,1,2,12,1,47,3,10,1,1,7,7,1,8,1,15,,7,7,1,22,9,121.515412,25.03470386
111,1,17,9,55,2,05中正區,中正區愛國西路2號與南昌路1段口,0,0,1,2,C03,6,1,5,50,4,2,1,4,4,5,7,1,1,1,4,1,2,12,1,21,2,9,1,1,7,9,1,10,1,15,,13,7,1,22,9,121.515412,25.03470386
111,1,17,9,58,2,04大安區,大安區金山南路2段31巷與金山南路2段口口,0,0,1,1,F01,6,1,5,0,4,1,1,4,4,5,7,2,1,1,4,5,2,15,1,66,3,10,1,1,7,11,8,20,1,16,,25,25,1,22,9,121.5271784,25.03289944