發生年度,發生月,發生日,發生時-Hours,發生分,處理別-編號,區序,肇事地點,死亡人數,2-30日死亡人數,受傷人數,當事人序號,車種,天候,光線,道路類別,速限-速度限制,道路型態,事故位置,路面狀況1,路面狀況2,路面狀況3,道路障礙1,道路障礙2,號誌1,號誌2,車道劃分-分向,車道劃分-分道1,車道劃分-分道2,車道劃分-分道3,事故類型及型態,性別,年齡,受傷程度,主要傷處,安全帽,行動電話,車輛用途,當事者行動狀態,駕駛資格情形,駕駛執照種類,飲酒情形,車輛撞擊部位1,車輛撞擊部位2,肇因碼-個別,肇因碼-主要,個人肇逃否,職業,旅次目的,座標-X,座標-Y
111,1,17,9,58,2,04大安區,大安區金山南路2段31巷與金山南路2段口口,0,0,1,2,C03,6,1,5,0,4,1,1,4,4,5,7,2,1,1,4,5,2,15,2,28,2,9,3,4,7,9,1,10,1,11,,44,25,1,22,9,121.5271784,25.03289944
111,1,17,10,14,2,10文山區,文山區興隆路4段64號前,0,0,1,1,C03,6,1,5,50,14,9,1,4,4,5,7,4,4,1,4,5,1,17,1,24,2,9,1,1,7,9,1,10,2,14,,44,44,1,22,9,121.5614745,24.98494288
111,1,17,10,14,2,10文山區,文山區興隆路4段64號前,0,0,1,2,A02,6,1,5,50,14,9,1,4,4,5,7,4,4,1,4,5,1,17,1,48,3,10,1,1,7,7,1,2,2,15,,7,44,1,22,9,121.5614745,24.98494288
111,1,17,10,48,2,05中正區,中正區羅斯福路2段與南昌路2段口,0,0,1,1,C03,6,1,5,50,14,9,1,4,4,5,7,1,1,1,4,5,2,12,2,29,2,9,1,1,7,9,1,10,2,12,,23,23,1,22,9,121.524335,25.0243327
111,1,17,10,48,2,05中正區,中正區羅斯福路2段與南昌路2段口,0,0,1,2,B03,6,1,5,50,14,9,1,4,4,5,7,1,1,1,4,5,2,12,1,44,3,10,1,1,7,9,1,8,2,7,,42,23,1,22,9,121.524335,25.0243327
111,1,17,10,53,2,06松山區,松山區市民大道6段288號,0,0,1,1,B02,6,1,5,40,14,9,1,4,4,5,7,2,1,1,4,5,2,16,1,43,3,10,1,1,7,1,1,8,1,5,,19,19,1,22,9,121.5788346,25.04952415
111,1,17,10,53,2,06松山區,松山區市民大道6段288號,0,0,1,2,C03,6,1,5,40,14,9,1,4,4,5,7,2,1,1,4,5,2,16,1,21,2,9,1,1,7,12,1,10,1,14,,13,19,1,22,9,121.5788346,25.04952415
111,1,17,11,0,2,12內湖區,內湖區民權東路6段與民權東路6段136巷口,0,0,1,1,C03,8,1,5,50,4,4,1,5,4,5,7,2,1,1,4,4,1,13,1,36,3,10,1,1,7,9,1,10,1,12,,16,16,1,22,9,121.5877102,25.06900451
111,1,17,11,0,2,12內湖區,內湖區民權東路6段與民權東路6段136巷口,0,0,1,2,C03,8,1,5,50,4,4,1,5,4,5,7,2,1,1,4,4,1,13,2,20,2,8,1,1,7,14,1,10,1,14,,44,16,1,22,9,121.5877102,25.06900451
111,1,17,11,4,2,03中山區,中山區中山北路3段與民族東路口,0,0,2,1,C03,6,1,5,50,4,1,1,4,4,5,7,1,1,1,4,5,2,13,2,20,2,9,1,1,7,9,1,10,1,11,,16,16,1,22,9,121.523144,25.06838672
111,1,17,11,4,2,03中山區,中山區中山北路3段與民族東路口,0,0,2,2,C03,6,1,5,50,4,1,1,4,4,5,7,1,1,1,4,5,2,13,2,55,2,9,1,1,7,15,1,10,1,14,,44,16,1,22,9,121.523144,25.06838672
111,1,17,11,4,2,03中山區,中山區中山北路3段與民族東路口,0,0,2,3,B01,6,1,5,50,4,1,1,4,4,5,7,1,1,1,4,5,2,13,1,58,3,10,1,1,7,10,1,4,1,15,,7,16,1,22,9,121.523144,25.06838672
111,1,17,11,6,2,07信義區,信義區永吉路278巷57弄與忠孝東路5段423巷口,0,0,1,1,C03,6,1,5,30,4,1,1,4,4,5,7,4,4,9,5,5,2,15,1,74,2,9,1,1,7,9,1,10,1,11,,6,6,1,22,9,121.5754143,25.04337855
111,1,17,11,6,2,07信義區,信義區永吉路278巷57弄與忠孝東路5段423巷口,0,0,1,2,B03,6,1,5,30,4,1,1,4,4,5,7,4,4,9,5,5,2,15,1,42,3,10,1,1,7,9,1,8,1,4,,14,6,1,22,9,121.5754143,25.04337855
111,1,17,11,10,2,09北投區,北投區公館路228巷與公館路228巷15弄口,0,0,1,1,B03,7,1,5,30,3,2,1,5,4,5,7,4,4,10,5,5,2,16,1,35,3,10,1,1,7,5,1,8,2,1,,6,6,1,22,9,121.5073882,25.12611331
111,1,17,11,10,2,09北投區,北投區公館路228巷與公館路228巷15弄口,0,0,1,2,C03,7,1,5,30,3,2,1,5,4,5,7,4,4,10,5,5,2,16,2,25,2,9,1,1,7,9,1,10,2,12,,23,6,1,22,9,121.5073882,25.12611331
111,1,17,11,20,2,06松山區,松山區南京東路5段84號,0,0,2,1,C03,6,1,5,40,14,9,1,4,4,5,7,4,4,1,4,4,2,12,2,69,2,9,1,1,7,1,4,8,2,14,,19,19,1,22,9,121.5612395,25.05146291
111,1,17,11,20,2,06松山區,松山區南京東路5段84號,0,0,2,2,C03,6,1,5,40,14,9,1,4,4,5,7,4,4,1,4,4,2,12,1,56,2,9,1,1,7,9,1,10,2,12,,44,19,1,22,9,121.5612395,25.05146291
111,1,17,11,22,2,09北投區,北投區新興路123號,0,0,1,1,B12,6,1,5,30,14,9,1,4,4,5,7,4,4,9,5,5,2,14,1,27,3,10,1,1,7,2,1,8,1,3,,12,12,1,22,9,121.4872085,25.14024822
111,1,17,11,22,2,09北投區,北投區新興路123號,0,0,1,2,C03,6,1,5,30,14,9,1,4,4,5,7,4,4,9,5,5,2,14,2,39,2,6,1,1,7,14,1,10,1,11,,44,12,1,22,9,121.4872085,25.14024822
111,1,17,11,28,2,06松山區,松山區敦化北路122號,0,0,1,1,B03,6,1,5,50,14,9,1,4,4,5,7,4,4,1,5,5,2,12,4,,4,11,3,4,7,15,7,19,11,15,,43,43,2,22,9,121.5487098,25.05419015
111,1,17,11,28,2,06松山區,松山區敦化北路122號,0,0,1,2,C03,6,1,5,50,14,9,1,4,4,5,7,4,4,1,5,5,2,12,2,20,2,9,1,1,7,15,1,10,9,15,,43,43,2,22,9,121.5487098,25.05419015
111,1,17,11,29,2,09北投區,北投區立農街1段253號前,0,0,1,1,C03,8,1,5,30,14,9,1,5,4,5,7,4,4,10,5,5,2,18,1,33,2,9,1,1,7,9,1,10,1,14,,13,13,1,22,9,121.5047042,25.11974842
111,1,17,11,29,2,09北投區,北投區立農街1段253號前,0,0,1,2,,8,1,5,30,14,9,1,5,4,5,7,4,4,10,5,5,2,18,3,,,,,,,,,,,,,67,13,1,,,121.5047042,25.11974842
111,1,17,11,44,2,08士林區,士林區德行東路與德行東路190巷口,0,0,1,1,C03,6,1,5,50,14,9,1,4,4,5,7,4,4,8,3,5,1,11,1,21,3,10,1,1,7,11,1,10,2,11,,10,10,1,22,9,121.5311462,25.10867403
111,1,17,11,44,2,08士林區,士林區德行東路與德行東路190巷口,0,0,1,2,C03,6,1,5,50,14,9,1,4,4,5,7,4,4,8,3,5,1,11,2,68,2,9,1,1,7,9,1,10,2,15,,44,10,1,22,9,121.5311462,25.10867403
111,1,17,11,55,2,10文山區,文山區木柵路3段75號,0,0,1,1,C03,6,1,5,50,14,9,1,4,4,5,7,4,4,7,2,5,2,12,2,27,2,8,1,1,7,9,1,10,1,11,,23,23,1,22,9,121.5669842,24.98863489
111,1,17,11,55,2,10文山區,文山區木柵路3段75號,0,0,1,2,B03,6,1,5,50,14,9,1,4,4,5,7,4,4,7,2,5,2,12,2,33,3,10,1,1,7,11,1,8,1,7,,10,23,1,22,9,121.5669842,24.98863489
111,1,17,12,2,2,08士林區,士林區中山北路6段與中山北路6段405巷口,0,0,1,1,B03,6,1,5,50,4,2,1,4,4,5,7,2,1,9,4,5,1,13,1,56,3,10,1,1,7,9,1,8,2,1,,23,23,1,22,9,121.5275554,25.11528759
111,1,17,12,2,2,08士林區,士林區中山北路6段與中山北路6段405巷口,0,0,1,2,C03,6,1,5,50,4,2,1,4,4,5,7,2,1,9,4,5,1,13,2,55,2,7,1,1,7,14,1,10,2,13,,44,23,1,22,9,121.5275554,25.11528759
111,1,17,12,41,2,03中山區,中山區長春路與吉林路口,0,0,2,1,C03,6,1,5,50,4,1,1,4,4,5,7,1,1,5,4,4,2,17,2,55,2,9,1,1,7,5,1,10,1,12,,6,6,1,22,9,121.5301403,25.0548664
111,1,17,12,41,2,03中山區,中山區長春路與吉林路口,0,0,2,2,C03,6,1,5,50,4,1,1,4,4,5,7,1,1,5,4,4,2,17,1,24,2,9,1,1,7,9,1,10,1,11,,13,6,1,22,9,121.5301403,25.0548664
111,1,17,13,3,2,06松山區,松山區光復北路60巷與八德路3段155巷口,0,0,2,1,C03,6,1,5,30,4,1,1,4,4,5,7,3,1,9,5,5,2,15,2,26,2,9,1,4,7,9,1,10,1,11,,6,6,1,22,9,121.5551053,25.04980913
111,1,17,13,3,2,06松山區,松山區光復北路60巷與八德路3段155巷口,0,0,2,2,C03,6,1,5,30,4,1,1,4,4,5,7,3,1,9,5,5,2,15,2,20,2,9,1,4,7,9,1,10,1,11,,13,6,1,22,9,121.5551053,25.04980913
111,1,17,13,7,2,05中正區,中正區仁愛路2段與金山南路1段口,0,0,1,1,A02,6,1,5,50,4,2,1,4,4,5,7,4,4,1,4,5,2,13,1,54,3,10,1,1,7,15,1,2,2,5,,43,43,1,22,9,121.5281248,25.03790023
111,1,17,13,7,2,05中正區,中正區仁愛路2段與金山南路1段口,0,0,1,2,B01,6,1,5,50,4,2,1,4,4,5,7,4,4,1,4,5,2,13,1,64,3,10,1,1,7,15,1,4,2,7,,43,43,1,22,9,121.5281248,25.03790023
111,1,17,13,7,2,05中正區,中正區仁愛路2段與金山南路1段口,0,0,1,3,H02,6,1,5,50,4,2,1,4,4,5,7,4,4,1,4,5,2,13,2,72,2,1,4,5,7,20,8,20,10,16,,67,43,1,22,9,121.5281248,25.03790023
111,1,17,13,8,2,10文山區,文山區興隆路4段與興隆路4段74巷口,0,0,1,1,B03,6,1,5,30,3,2,1,4,4,5,7,4,4,1,4,5,1,16,2,46,3,10,1,1,7,6,1,8,1,8,,6,6,1,22,9,121.5617909,24.98409234
111,1,17,13,8,2,10文山區,文山區興隆路4段與興隆路4段74巷口,0,0,1,2,C03,6,1,5,30,3,2,1,4,4,5,7,4,4,1,4,5,1,16,1,60,2,9,1,1,7,9,1,10,1,12,,14,6,1,22,9,121.5617909,24.98409234
111,1,17,13,20,2,07信義區,信義區松智路40號,0,0,1,1,C04,6,1,5,50,14,9,1,4,4,5,7,4,4,5,4,5,1,13,2,25,2,8,3,4,7,9,1,10,1,11,,23,23,1,22,9,121.5652628,25.02959657
111,1,17,13,20,2,07信義區,信義區松智路40號,0,0,1,2,B03,6,1,5,50,14,9,1,4,4,5,7,4,4,5,4,5,1,13,1,34,3,10,3,4,7,14,1,8,1,6,,44,23,1,22,9,121.5652628,25.02959657
111,1,17,13,24,2,04大安區,大安區基隆路4段與基隆路4段口往南，近羅斯福路,0,0,2,1,C03,6,1,5,50,14,9,1,4,4,5,7,4,4,1,4,4,2,13,1,29,2,9,1,1,7,9,1,10,1,11,,16,16,1,22,9,121.5381507,25.01212193
111,1,17,13,24,2,04大安區,大安區基隆路4段與基隆路4段口往南，近羅斯福路,0,0,2,2,C03,6,1,5,50,14,9,1,4,4,5,7,4,4,1,4,4,2,13,1,42,2,9,1,1,7,9,1,10,1,13,,44,16,1,22,9,121.5381507,25.01212193
111,1,17,13,27,2,06松山區,松山區健康路15巷36號B1停車場出入口旁,0,0,1,1,C03,6,1,5,30,14,9,1,4,4,5,7,4,4,10,5,5,2,13,1,28,2,1,1,1,7,9,1,10,1,11,,16,16,1,22,9,121.5534089,25.05519222
111,1,17,13,27,2,06松山區,松山區健康路15巷36號B1停車場出入口旁,0,0,1,2,B01,6,1,5,30,14,9,1,4,4,5,7,4,4,10,5,5,2,13,1,51,3,10,1,1,7,14,1,4,1,3,,44,16,1,22,9,121.5534089,25.05519222
111,1,17,13,27,2,08士林區,士林區仰德大道3段與仰德大道3段125巷口,0,0,1,1,B03,6,1,5,40,3,1,1,4,4,5,7,2,1,4,3,5,1,12,2,59,3,10,1,1,7,6,1,8,2,2,,9,9,1,22,9,121.5516639,25.12272963
111,1,17,13,27,2,08士林區,士林區仰德大道3段與仰德大道3段125巷口,0,0,1,2,C03,6,1,5,40,3,1,1,4,4,5,7,2,1,4,3,5,1,12,1,19,2,8,1,1,7,9,1,10,2,14,,13,9,1,22,9,121.5516639,25.12272963
111,1,17,13,29,2,03中山區,中山區松江路123巷6號與南京東路2段115巷口,0,0,1,1,C03,6,1,5,30,4,1,1,4,4,5,7,4,4,10,5,5,2,15,1,47,2,9,1,1,7,9,1,10,1,12,,6,6,1,22,9,121.5336246,25.05290189
111,1,17,13,29,2,03中山區,中山區松江路123巷6號與南京東路2段115巷口,0,0,1,2,B03,6,1,5,30,4,1,1,4,4,5,7,4,4,10,5,5,2,15,2,41,3,10,1,1,7,9,1,8,1,1,,44,6,1,22,9,121.5336246,25.05290189
111,1,17,13,42,2,08士林區,士林區延平北路5段23號,0,0,1,2,C03,6,1,5,50,14,9,1,4,4,5,7,4,4,1,4,5,1,17,2,65,2,9,1,1,7,9,1,10,1,14,,42,9,1,22,9,121.5110328,25.07956135
111,1,17,13,42,2,08士林區,士林區延平北路5段23號,0,0,1,1,B03,6,1,5,50,14,9,1,4,4,5,7,4,4,1,4,5,1,17,1,48,3,10,1,1,7,6,1,8,1,15,,9,9,1,22,9,121.5110328,25.07956135
111,1,17,13,57,2,03中山區,中山區民權東路2段與吉林路口,0,0,2,1,C03,6,1,5,50,4,2,1,4,4,5,7,1,1,1,4,5,2,17,1,18,2,9,1,1,7,12,1,10,1,14,,13,13,1,22,9,121.5302886,25.06247912
111,1,17,13,57,2,03中山區,中山區民權東路2段與吉林路口,0,0,2,2,C03,6,1,5,50,4,2,1,4,4,5,7,1,1,1,4,5,2,17,1,67,2,9,1,1,7,9,1,10,1,13,,44,13,1,22,9,121.5302886,25.06247912
111,1,17,13,57,2,03中山區,中山區民權東路3段75巷與民權東路3段口,0,0,1,1,B03,6,1,5,30,3,1,1,4,4,5,7,4,4,1,4,5,2,16,1,57,3,10,3,4,7,6,1,8,1,2,,6,6,1,22,9,121.5436354,25.06244889
111,1,17,13,57,2,03中山區,中山區民權東路3段75巷與民權東路3段口,0,0,1,2,F01,6,1,5,30,3,1,1,4,4,5,7,4,4,1,4,5,2,16,1,28,2,9,3,4,7,9,8,20,1,16,,23,6,1,22,9,121.5436354,25.06244889
111,1,17,14,1,2,07信義區,信義區松仁路與松平路口,0,0,2,1,B01,6,1,5,50,4,1,1,4,4,5,7,1,1,5,4,5,2,16,1,72,3,10,1,1,7,5,6,4,2,2,,6,6,1,22,9,121.5683264,25.03041981
111,1,17,14,1,2,07信義區,信義區松仁路與松平路口,0,0,2,2,C03,6,1,5,50,4,1,1,4,4,5,7,1,1,5,4,5,2,16,1,31,2,9,1,1,7,9,1,10,2,11,,44,6,1,22,9,121.5683264,25.03041981
111,1,17,14,1,2,07信義區,信義區松仁路與松平路口,0,0,2,3,H02,6,1,5,50,4,1,1,4,4,5,7,1,1,5,4,5,2,16,2,25,2,9,1,5,7,20,8,20,10,16,,67,6,1,22,9,121.5683264,25.03041981
111,1,17,14,6,2,07信義區,信義區忠孝東路5段與忠孝東路5段22巷口,0,0,2,1,C03,6,1,5,50,4,2,1,4,4,5,7,1,1,1,4,5,2,16,1,18,2,8,1,1,7,7,1,10,1,14,,7,7,1,22,8,121.566126,25.04105773
111,1,17,14,6,2,07信義區,信義區忠孝東路5段與忠孝東路5段22巷口,0,0,2,2,C03,6,1,5,50,4,2,1,4,4,5,7,1,1,1,4,5,2,16,1,34,3,10,1,1,7,9,1,10,1,13,,44,7,1,22,8,121.566126,25.04105773
111,1,17,14,6,2,07信義區,信義區忠孝東路5段與忠孝東路5段22巷口,0,0,2,3,H02,6,1,5,50,4,2,1,4,4,5,7,1,1,1,4,5,2,16,2,19,2,8,1,5,7,20,8,20,10,16,,67,7,1,22,8,121.566126,25.04105773
111,1,17,14,12,2,05中正區,中正區市民大道2段與天津街1段口,0,0,1,1,B03,6,1,5,40,4,1,1,4,4,5,7,1,1,1,4,1,2,16,1,43,3,10,1,1,7,6,1,8,2,5,,9,9,1,22,9,121.5223601,25.04778426
111,1,17,14,12,2,05中正區,中正區市民大道2段與天津街1段口,0,0,1,2,C03,6,1,5,40,4,1,1,4,4,5,7,1,1,1,4,1,2,16,1,25,2,8,1,1,7,9,1,10,2,14,,44,9,1,22,9,121.5223601,25.04778426
111,1,17,14,14,2,08士林區,士林區格致路與愛富一街口,0,0,1,1,B12,6,1,5,30,3,1,1,4,4,5,7,4,4,10,5,5,2,17,1,44,3,10,1,1,7,6,1,8,1,15,,6,6,1,22,9,121.5465544,25.1382321
111,1,17,14,14,2,08士林區,士林區格致路與愛富一街口,0,0,1,2,C03,6,1,5,30,3,1,1,4,4,5,7,4,4,10,5,5,2,17,2,22,2,9,1,1,7,9,1,10,1,14,,44,6,1,22,9,121.5465544,25.1382321
111,1,17,14,23,2,05中正區,中正區汀州路3段72號,0,0,1,1,C03,6,1,5,50,14,9,1,4,4,5,7,1,1,2,4,5,2,13,2,24,2,9,1,1,7,9,1,10,1,11,,43,43,1,22,9,121.5319061,25.0151352
111,1,17,14,23,2,05中正區,中正區汀州路3段72號,0,0,1,2,B03,6,1,5,50,14,9,1,4,4,5,7,1,1,2,4,5,2,13,1,59,3,10,1,1,7,9,1,8,1,3,,43,43,1,22,9,121.5319061,25.0151352
111,1,17,15,42,2,01大同區,大同區重慶北路1段與長安西路口,0,0,1,1,C03,6,1,5,50,15,18,1,4,4,5,7,2,1,5,4,5,2,3,1,34,3,10,1,4,7,9,1,10,2,14,,15,15,1,22,9,121.5138802,25.05162152
111,1,17,15,42,2,01大同區,大同區重慶北路1段與長安西路口,0,0,1,2,H01,6,1,5,50,15,18,1,4,4,5,7,2,1,5,4,5,2,3,2,70,2,5,4,4,8,16,8,20,10,16,,52,15,1,22,9,121.5138802,25.05162152
111,1,17,15,44,2,04大安區,大安區仁愛路4段27巷與復興南路1段219巷口,0,0,1,1,C03,6,1,5,30,4,1,1,4,4,5,7,4,4,10,5,5,2,15,2,23,2,9,1,1,7,9,1,10,1,14,,6,6,1,22,9,121.5452002,25.03901099
111,1,17,15,44,2,04大安區,大安區仁愛路4段27巷與復興南路1段219巷口,0,0,1,2,B01,6,1,5,30,4,1,1,4,4,5,7,4,4,10,5,5,2,15,1,47,3,10,1,1,7,9,1,4,1,5,,23,6,1,22,9,121.5452002,25.03901099
111,1,17,16,5,2,09北投區,北投區光明路與磺港路口,0,0,1,1,C03,6,1,5,50,5,2,1,4,4,5,7,3,1,5,5,5,2,16,1,79,3,10,1,1,7,6,1,10,2,14,,6,6,1,22,9,121.5019863,25.13339235
111,1,17,16,5,2,09北投區,北投區光明路與磺港路口,0,0,1,2,C03,6,1,5,50,5,2,1,4,4,5,7,3,1,5,5,5,2,16,2,50,2,9,1,1,7,5,4,11,2,12,,42,6,1,22,9,121.5019863,25.13339235
111,1,17,16,7,2,04大安區,大安區永康街13巷與信義路2段198巷口口,0,0,1,1,C03,6,1,5,30,4,1,1,4,4,5,7,4,4,10,5,5,2,15,1,26,2,8,3,4,7,9,1,10,1,12,,6,6,1,22,9,121.5306544,25.03262997
111,1,17,16,7,2,04大安區,大安區永康街13巷與信義路2段198巷口口,0,0,1,2,B01,6,1,5,30,4,1,1,4,4,5,7,4,4,10,5,5,2,15,1,62,3,10,3,4,7,9,1,4,1,5,,14,6,1,22,9,121.5306544,25.03262997
111,1,17,16,26,2,08士林區,士林區仰德大道3段151號電燈桿,0,0,1,1,B03,6,1,5,40,14,9,1,4,4,5,7,4,4,4,5,5,1,17,2,59,3,10,1,1,7,4,1,8,1,2,,26,26,1,22,9,121.5512729,25.1169109
111,1,17,16,26,2,08士林區,士林區仰德大道3段151號電燈桿,0,0,1,2,C03,6,1,5,40,14,9,1,4,4,5,7,4,4,4,5,5,1,17,1,21,2,9,1,1,7,9,1,10,1,14,,44,26,1,22,9,121.5512729,25.1169109
111,1,17,16,41,2,12內湖區,內湖區五分街與安康路口,0,0,1,1,C03,6,1,5,30,4,1,1,4,4,4,3,4,4,5,4,5,1,17,1,41,3,10,1,1,7,9,1,10,1,11,,6,6,1,22,9,121.6152411,25.0673306
111,1,17,16,41,2,12內湖區,內湖區五分街與安康路口,0,0,1,2,C03,6,1,5,30,4,1,1,4,4,4,3,4,4,5,4,5,1,17,2,58,2,8,1,1,7,9,1,10,1,14,,14,6,1,22,9,121.6152411,25.0673306
111,1,17,17,5,2,11南港區,南港區研究院路1段與研究院路1段151巷口,0,0,1,1,B03,6,2,5,50,4,1,1,4,4,5,7,1,1,1,4,5,2,16,2,60,3,10,1,1,7,5,1,8,2,2,,6,6,1,22,9,121.6158838,25.04921083
111,1,17,17,5,2,11南港區,南港區研究院路1段與研究院路1段151巷口,0,0,1,2,C03,6,2,5,50,4,1,1,4,4,5,7,1,1,1,4,5,2,16,1,19,2,1,1,1,7,9,3,18,2,11,,13,6,1,22,9,121.6158838,25.04921083
111,1,17,17,6,2,07信義區,信義區林口街與福德街口,0,0,1,1,B12,6,1,5,50,4,2,1,4,4,5,7,2,1,1,4,5,2,17,1,53,3,10,1,1,7,5,1,8,1,8,,23,23,1,22,9,121.5791849,25.03642643
111,1,17,17,6,2,07信義區,信義區林口街與福德街口,0,0,1,2,C03,6,1,5,50,4,2,1,4,4,5,7,2,1,1,4,5,2,17,2,48,2,9,1,1,7,5,1,10,1,12,,17,23,1,22,9,121.5791849,25.03642643
111,1,17,17,12,2,03中山區,中山區新生北路3段61號,0,0,1,1,C03,6,2,5,50,14,9,1,4,4,5,7,4,4,9,4,5,2,7,1,70,3,10,1,1,7,9,1,10,1,11,,23,23,1,5,3,121.527972,25.06556115
111,1,17,17,12,2,03中山區,中山區新生北路3段61號,0,0,1,2,H01,6,2,5,50,14,9,1,4,4,5,7,4,4,9,4,5,2,7,1,27,2,9,4,5,8,16,8,20,1,16,,67,23,1,5,1,121.527972,25.06556115
111,1,17,17,13,2,09北投區,北投區尊賢街251巷,0,0,1,2,C03,6,1,5,30,14,9,1,4,4,5,7,4,4,10,5,5,2,16,1,23,2,7,1,1,7,9,1,10,1,11,,14,44,1,22,9,121.506301,25.11828226
111,1,17,17,13,2,09北投區,北投區尊賢街251巷,0,0,1,1,C03,6,1,5,30,14,9,1,4,4,5,7,4,4,10,5,5,2,16,2,45,4,11,3,4,7,15,7,19,11,15,,44,44,2,22,9,121.506301,25.11828226
111,1,17,17,20,2,06松山區,松山區八德路4段與基隆路1段口,0,0,2,1,C03,6,3,5,50,5,1,1,4,4,5,7,2,1,1,5,1,2,15,2,42,2,9,1,1,7,9,1,10,1,14,,25,25,1,22,9,121.5691975,25.04937652
111,1,17,17,20,2,06松山區,松山區八德路4段與基隆路1段口,0,0,2,2,C03,6,3,5,50,5,1,1,4,4,5,7,2,1,1,5,1,2,15,1,39,2,7,1,1,7,9,1,10,1,11,,13,25,1,22,9,121.5691975,25.04937652
111,1,17,17,25,2,04大安區,大安區復興南路1段318號旁,0,0,1,1,C03,6,3,5,50,14,9,1,4,4,5,7,4,4,1,4,5,2,13,1,22,2,9,3,4,7,9,1,10,1,11,,16,16,1,22,9,121.5434386,25.0367924
111,1,17,17,25,2,04大安區,大安區復興南路1段318號旁,0,0,1,2,B03,6,3,5,50,14,9,1,4,4,5,7,4,4,1,4,5,2,13,1,34,3,10,3,4,7,9,1,8,1,6,,44,16,1,22,9,121.5434386,25.0367924
111,1,17,17,30,2,05中正區,中正區銅山街11巷與銅山街6巷口口,0,0,1,1,B01,6,3,5,30,4,1,1,4,4,5,7,4,4,10,5,5,1,15,1,57,3,10,1,1,7,9,1,2,2,8,,26,26,1,21,1,121.5267404,25.03996669
111,1,17,17,30,2,05中正區,中正區銅山街11巷與銅山街6巷口口,0,0,1,2,C03,6,3,5,30,4,1,1,4,4,5,7,4,4,10,5,5,1,15,1,28,2,9,1,1,7,9,1,10,2,11,,14,26,1,21,5,121.5267404,25.03996669
111,1,17,17,33,2,06松山區,松山區延壽街72巷與健康路325巷5弄口,0,0,1,1,B03,6,3,5,30,4,1,1,4,4,5,7,4,4,10,5,5,2,17,1,66,3,10,1,4,7,5,1,8,2,4,,23,23,1,22,9,121.5655898,25.05473285
111,1,17,17,33,2,06松山區,松山區延壽街72巷與健康路325巷5弄口,0,0,1,2,G06,6,3,5,30,4,1,1,4,4,5,7,4,4,10,5,5,2,17,1,82,2,8,3,4,7,3,7,19,2,15,,44,23,1,22,9,121.5655898,25.05473285
111,1,17,17,43,2,03中山區,中山區南京東路2段62號,0,0,1,1,B03,6,3,5,40,14,7,1,4,4,5,7,4,4,1,4,4,2,17,1,73,3,10,1,1,7,1,1,8,1,15,,19,19,1,22,9,121.5302921,25.05198308
111,1,17,17,43,2,03中山區,中山區南京東路2段62號,0,0,1,2,C03,6,3,5,40,14,7,1,4,4,5,7,4,4,1,4,4,2,17,1,35,2,9,1,1,7,12,1,10,1,14,,44,19,1,22,9,121.5302921,25.05198308
111,1,17,17,46,2,05中正區,中正區南昌路1段與重慶南路2段7巷口,0,0,1,1,B03,6,3,5,50,4,1,1,4,4,5,7,4,4,5,4,5,2,17,1,47,3,10,1,1,7,9,1,8,2,5,,6,6,1,22,9,121.5150273,25.03442951
111,1,17,17,46,2,05中正區,中正區南昌路1段與重慶南路2段7巷口,0,0,1,2,C03,6,3,5,50,4,1,1,4,4,5,7,4,4,5,4,5,2,17,1,57,2,9,1,1,7,7,1,10,2,14,,7,6,1,22,9,121.5150273,25.03442951
111,1,17,18,7,2,03中山區,中山區民生東路3段與龍江路口,0,0,1,1,B03,6,3,5,50,4,1,1,4,4,5,7,2,1,4,5,5,2,12,1,73,3,10,3,4,7,6,1,8,1,5,,9,9,1,22,9,121.5406626,25.05796888
111,1,17,18,7,2,03中山區,中山區民生東路3段與龍江路口,0,0,1,2,C03,6,3,5,50,4,1,1,4,4,5,7,2,1,4,5,5,2,12,1,39,2,9,3,4,7,9,1,10,1,14,,23,9,1,22,9,121.5406626,25.05796888
111,1,17,18,12,2,12內湖區,內湖區瑞光路235巷,0,0,1,1,C03,6,3,5,50,14,9,1,4,4,5,7,1,1,5,4,5,2,12,2,25,2,9,1,1,7,7,1,10,1,14,,43,43,1,22,9,121.5778702,25.07461081
111,1,17,18,12,2,12內湖區,內湖區瑞光路235巷,0,0,1,2,B03,6,3,5,50,14,9,1,4,4,5,7,1,1,5,4,5,2,12,1,57,3,10,1,1,7,14,1,2,1,15,,43,43,1,22,9,121.5778702,25.07461081
111,1,17,18,12,2,12內湖區,內湖區瑞光路235巷,0,0,1,3,B03,6,3,5,50,14,9,1,4,4,5,7,1,1,5,4,5,2,12,1,58,3,10,1,1,7,9,1,8,1,2,,43,43,1,22,9,121.5778702,25.07461081
111,1,17,18,27,2,03中山區,中山區長春路與龍江路口,0,0,2,1,C03,6,3,5,50,4,1,1,4,4,5,7,1,1,5,4,4,2,3,2,57,2,8,3,4,7,5,1,10,1,11,,15,15,1,22,9,121.5405085,25.0546666
111,1,17,18,27,2,03中山區,中山區長春路與龍江路口,0,0,2,2,H01,6,3,5,50,4,1,1,4,4,5,7,1,1,5,4,4,2,3,2,48,2,9,4,5,8,16,8,20,10,16,,67,15,1,22,9,121.5405085,25.0546666