發生年度,發生月,發生日,發生時-Hours,發生分,處理別-編號,區序,肇事地點,死亡人數,2-30日死亡人數,受傷人數,當事人序號,車種,天候,光線,道路類別,速限-速度限制,道路型態,事故位置,路面狀況1,路面狀況2,路面狀況3,道路障礙1,道路障礙2,號誌1,號誌2,車道劃分-分向,車道劃分-分道1,車道劃分-分道2,車道劃分-分道3,事故類型及型態,性別,年齡,受傷程度,主要傷處,安全帽,行動電話,車輛用途,當事者行動狀態,駕駛資格情形,駕駛執照種類,飲酒情形,車輛撞擊部位1,車輛撞擊部位2,肇因碼-個別,肇因碼-主要,個人肇逃否,職業,旅次目的,座標-X,座標-Y
111,1,17,18,40,2,01大同區,大同區承德路3段與民族西路口,0,0,1,1,B03,6,3,5,50,4,2,1,4,4,5,7,2,1,1,4,5,1,12,1,45,3,10,3,4,7,15,1,8,2,2,,17,17,1,22,9,121.5184885,25.06889985
111,1,17,18,40,2,01大同區,大同區承德路3段與民族西路口,0,0,1,2,C03,6,3,5,50,4,2,1,4,4,5,7,2,1,1,4,5,1,12,1,32,2,2,1,4,7,15,1,10,2,14,,17,17,1,22,9,121.5184885,25.06889985
111,1,17,18,47,2,12內湖區,內湖區五分街與汐湖二橋口下,0,0,3,1,B01,6,3,5,50,3,1,1,4,4,5,7,4,4,10,5,5,2,11,1,25,2,9,1,1,7,9,1,4,2,8,,23,23,1,22,9,121.6178737,25.06630175
111,1,17,18,47,2,12內湖區,內湖區五分街與汐湖二橋口下,0,0,3,2,B03,6,3,5,50,3,1,1,4,4,5,7,4,4,10,5,5,2,11,1,65,2,9,1,1,7,14,1,5,2,1,,6,23,1,22,9,121.6178737,25.06630175
111,1,17,18,47,2,12內湖區,內湖區五分街與汐湖二橋口下,0,0,3,3,H02,6,3,5,50,3,1,1,4,4,5,7,4,4,10,5,5,2,11,2,21,2,8,3,5,7,21,8,20,10,16,,67,23,1,22,9,121.6178737,25.06630175
111,1,17,18,48,2,01大同區,大同區延平北路3段70號,0,0,1,1,B03,6,3,5,50,14,9,1,4,4,5,7,4,4,8,3,5,1,17,1,42,3,10,1,1,7,5,1,8,1,15,,26,26,1,22,9,121.5110397,25.06556967
111,1,17,18,48,2,01大同區,大同區延平北路3段70號,0,0,1,2,C03,6,3,5,50,14,9,1,4,4,5,7,4,4,8,3,5,1,17,1,39,2,9,1,1,7,9,1,10,1,15,,14,26,1,22,9,121.5110397,25.06556967
111,1,17,18,48,2,06松山區,松山區南京東路3段287號對面,0,0,1,1,B03,6,3,5,50,14,7,1,4,4,5,7,4,4,1,4,4,2,17,1,54,3,10,1,1,7,8,1,8,2,15,,7,7,1,22,9,121.5462415,25.05172666
111,1,17,18,48,2,06松山區,松山區南京東路3段287號對面,0,0,1,2,C03,6,3,5,50,14,7,1,4,4,5,7,4,4,1,4,4,2,17,1,37,2,8,1,1,7,9,1,10,2,12,,13,7,1,22,9,121.5462415,25.05172666
111,1,17,18,50,2,12內湖區,內湖區文德路90巷與文德路口,0,0,1,1,B03,6,3,5,30,3,1,1,4,4,3,5,4,4,1,4,4,1,17,1,38,3,10,1,1,7,6,1,8,1,15,,6,6,1,22,9,121.5824815,25.07839916
111,1,17,18,50,2,12內湖區,內湖區文德路90巷與文德路口,0,0,1,2,C03,6,3,5,30,3,1,1,4,4,3,5,4,4,1,4,4,1,17,2,23,2,9,1,1,7,9,1,10,1,14,,42,6,1,22,9,121.5824815,25.07839916
111,1,17,18,50,2,07信義區,信義區基隆路1段與忠孝東路4段口,0,0,1,1,C03,6,3,5,50,4,1,1,4,4,5,7,1,1,3,4,5,1,13,2,35,2,9,1,1,7,9,1,10,1,11,,43,43,1,22,9,121.5640677,25.04122481
111,1,17,18,50,2,07信義區,信義區基隆路1段與忠孝東路4段口,0,0,1,2,C03,6,3,5,50,4,1,1,4,4,5,7,1,1,3,4,5,1,13,2,30,3,10,1,1,7,12,1,10,1,13,,43,43,1,22,9,121.5640677,25.04122481
111,1,17,19,0,2,05中正區,中正區羅斯福路3段2號,0,0,1,1,B12,6,3,5,50,14,20,1,4,4,5,7,2,1,1,4,5,1,29,1,68,2,1,1,1,7,9,1,8,2,1,,23,23,1,22,9,121.5248099,25.02340496
111,1,17,19,0,2,05中正區,中正區羅斯福路3段2號,0,0,1,2,,6,3,5,50,14,20,1,4,4,5,7,2,1,1,4,5,1,29,3,,,,,,,,,,,,,67,23,1,,,121.5248099,25.02340496
111,1,17,19,14,2,07信義區,信義區和平東路3段與富陽街口,0,0,2,1,C03,6,3,5,50,5,1,1,4,4,5,7,1,1,1,4,5,2,3,2,53,2,1,1,1,7,6,1,10,1,11,,15,15,1,22,9,121.5565859,25.02069063
111,1,17,19,14,2,07信義區,信義區和平東路3段與富陽街口,0,0,2,2,H01,6,3,5,50,5,1,1,4,4,5,7,1,1,1,4,5,2,3,1,13,2,1,4,5,8,20,8,20,10,16,,67,15,1,22,9,121.5565859,25.02069063
111,1,17,19,15,2,06松山區,松山區八德路4段277號,0,0,3,1,C03,6,3,5,50,14,9,1,4,4,5,7,1,1,9,4,5,2,17,1,45,2,9,1,1,7,8,1,10,1,12,,6,6,1,22,9,121.5657551,25.0489811
111,1,17,19,15,2,06松山區,松山區八德路4段277號,0,0,3,2,C03,6,3,5,50,14,9,1,4,4,5,7,1,1,9,4,5,2,17,1,44,2,9,1,1,7,9,1,10,1,14,,44,6,1,22,9,121.5657551,25.0489811
111,1,17,19,15,2,06松山區,松山區八德路4段277號,0,0,3,3,H02,6,3,5,50,14,9,1,4,4,5,7,1,1,9,4,5,2,17,2,36,2,9,1,5,7,21,8,20,1,15,,67,6,1,22,9,121.5657551,25.0489811
111,1,17,19,28,2,10文山區,文山區木柵路4段21巷與木柵路4段口,0,0,2,1,C03,6,3,5,50,14,9,1,4,4,5,7,4,4,5,4,5,2,13,1,15,2,8,1,1,7,9,2,18,2,11,,23,23,1,22,9,121.571315,24.9929709
111,1,17,19,28,2,10文山區,文山區木柵路4段21巷與木柵路4段口,0,0,2,2,B03,6,3,5,50,14,9,1,4,4,5,7,4,4,5,4,5,2,13,1,62,3,10,1,1,7,14,1,8,2,3,,44,23,1,22,9,121.571315,24.9929709
111,1,17,19,28,2,10文山區,文山區木柵路4段21巷與木柵路4段口,0,0,2,3,C03,6,3,5,50,14,9,1,4,4,5,7,4,4,5,4,5,2,13,1,32,2,8,1,1,7,9,1,10,2,11,,44,23,1,22,9,121.571315,24.9929709
111,1,17,19,41,2,02萬華區,萬華區寶興街126巷與寶興街口,0,0,2,1,C03,6,3,5,50,3,1,1,4,4,5,7,4,4,9,5,5,2,16,1,36,2,7,1,1,7,5,1,10,1,11,,6,6,1,22,9,121.4947232,25.0251905
111,1,17,19,41,2,02萬華區,萬華區寶興街126巷與寶興街口,0,0,2,2,C03,6,3,5,50,3,1,1,4,4,5,7,4,4,9,5,5,2,16,1,26,2,6,1,1,7,9,1,10,1,14,,14,6,1,22,9,121.4947232,25.0251905
111,1,17,20,4,2,10文山區,文山區久康街與久康街24巷口口,0,0,2,1,C03,6,3,5,30,3,2,5,4,4,5,7,4,4,10,5,5,2,3,1,19,2,9,3,4,7,9,1,10,2,11,,23,23,1,22,9,121.5651714,24.98916412
111,1,17,20,4,2,10文山區,文山區久康街與久康街24巷口口,0,0,2,2,H01,6,3,5,30,3,2,5,4,4,5,7,4,4,10,5,5,2,3,2,70,2,9,3,4,8,16,8,20,10,16,,67,23,1,22,9,121.5651714,24.98916412
111,1,17,20,20,2,11南港區,南港區市民大道8段與中南街口,0,0,2,1,C03,6,3,5,50,4,1,1,4,4,5,7,2,1,1,4,5,2,16,1,34,2,7,1,1,7,5,1,10,1,12,,6,6,1,22,9,121.6152405,25.0543537
111,1,17,20,20,2,11南港區,南港區市民大道8段與中南街口,0,0,2,2,C03,6,3,5,50,4,1,1,4,4,5,7,2,1,1,4,5,2,16,1,25,2,9,1,1,7,9,1,10,1,11,,44,6,1,22,9,121.6152405,25.0543537
111,1,17,21,16,2,04大安區,大安區復興南路2段52號,0,0,1,1,C03,6,3,5,50,14,9,1,4,4,5,7,4,4,1,4,5,2,17,2,25,2,9,1,1,7,9,1,10,2,11,,23,23,1,22,9,121.5434796,25.03236342
111,1,17,21,16,2,04大安區,大安區復興南路2段52號,0,0,1,2,B12,6,3,5,50,14,9,1,4,4,5,7,4,4,1,4,5,2,17,2,50,3,10,1,1,7,14,1,8,2,7,,38,23,1,22,9,121.5434796,25.03236342
111,1,17,21,55,2,06松山區,松山區市民大道5段與東寧路口,0,0,2,1,B03,6,3,5,40,3,2,1,4,4,5,7,1,1,1,4,5,2,16,1,40,3,10,1,1,7,11,1,8,1,6,,25,25,1,22,9,121.5629692,25.04735158
111,1,17,21,55,2,06松山區,松山區市民大道5段與東寧路口,0,0,2,2,C03,6,3,5,40,3,2,1,4,4,5,7,1,1,1,4,5,2,16,1,35,4,11,1,1,7,8,1,10,1,12,,7,25,1,22,9,121.5629692,25.04735158
111,1,17,21,55,2,06松山區,松山區市民大道5段與東寧路口,0,0,2,3,C03,6,3,5,40,3,2,1,4,4,5,7,1,1,1,4,5,2,16,1,18,2,9,1,1,7,9,1,10,1,14,,23,25,1,22,9,121.5629692,25.04735158
111,1,17,21,55,2,06松山區,松山區市民大道5段與東寧路口,0,0,2,4,C03,6,3,5,40,3,2,1,4,4,5,7,1,1,1,4,5,2,16,1,28,2,8,1,1,7,9,1,10,1,11,,23,25,1,22,9,121.5629692,25.04735158
111,1,17,21,55,2,06松山區,松山區市民大道5段與東寧路口,0,0,2,5,H02,6,3,5,40,3,2,1,4,4,5,7,1,1,1,4,5,2,16,2,35,4,11,1,1,7,21,8,20,10,16,,67,25,1,22,9,121.5629692,25.04735158
111,1,17,22,11,2,04大安區,大安區信義路4段400巷與文昌街口,0,0,2,2,C03,6,3,5,30,4,2,1,4,4,5,7,4,4,10,5,5,2,17,1,31,2,9,1,1,7,6,1,9,2,12,,44,4,1,22,9,121.5565912,25.03219409
111,1,17,22,11,2,04大安區,大安區信義路4段400巷與文昌街口,0,0,2,3,H02,6,3,5,30,4,2,1,4,4,5,7,4,4,10,5,5,2,17,2,26,2,8,1,5,7,20,8,20,10,16,,67,4,1,22,9,121.5565912,25.03219409
111,1,17,22,11,2,04大安區,大安區信義路4段400巷與文昌街口,0,0,2,1,B03,6,3,5,30,4,2,1,4,4,5,7,4,4,10,5,5,2,17,1,45,3,10,1,1,7,9,1,8,2,15,,4,4,1,22,9,121.5565912,25.03219409
111,1,17,22,30,2,12內湖區,內湖區成美橋與新明路口,0,0,1,1,C03,6,3,5,50,4,1,1,4,4,4,6,1,1,5,4,4,1,17,1,74,3,10,1,1,7,6,1,10,1,14,,9,9,2,22,9,121.5823027,25.05562705
111,1,17,22,30,2,12內湖區,內湖區成美橋與新明路口,0,0,1,2,C03,6,3,5,50,4,1,1,4,4,4,6,1,1,5,4,4,1,17,2,50,2,7,1,1,7,15,1,8,1,12,,6,9,2,22,9,121.5823027,25.05562705
111,1,17,22,38,2,01大同區,大同區民權西路91號,0,0,2,1,C03,6,3,5,50,14,9,1,4,4,5,7,4,4,1,4,5,1,17,1,28,2,8,1,4,7,8,1,10,1,12,,7,7,1,22,9,121.5188652,25.0629733
111,1,17,22,38,2,01大同區,大同區民權西路91號,0,0,2,2,C03,6,3,5,50,14,9,1,4,4,5,7,4,4,1,4,5,1,17,2,19,2,9,1,4,7,9,1,10,1,14,,44,7,1,22,9,121.5188652,25.0629733
111,1,17,22,38,2,01大同區,大同區民權西路91號,0,0,2,3,B01,6,3,5,50,14,9,1,4,4,5,7,4,4,1,4,5,1,17,1,65,3,10,3,4,7,14,1,4,1,7,,44,7,1,22,9,121.5188652,25.0629733
111,1,17,23,2,2,05中正區,中正區思源街16號對面,0,0,1,1,C03,6,3,5,50,14,9,1,4,4,5,7,4,4,3,4,5,2,17,1,43,2,9,1,1,7,9,1,10,2,11,,23,23,1,22,9,121.5306329,25.01372726
111,1,17,23,2,2,05中正區,中正區思源街16號對面,0,0,1,2,B03,6,3,5,50,14,9,1,4,4,5,7,4,4,3,4,5,2,17,1,53,3,10,1,1,7,13,1,8,1,3,,44,23,1,22,9,121.5306329,25.01372726
111,1,17,23,6,2,05中正區,中正區襄陽路19號,0,0,2,1,H01,6,3,5,0,14,9,1,4,4,5,7,4,4,5,4,5,2,9,1,46,2,9,4,5,8,20,8,20,10,16,,67,67,1,22,9,121.5152876,25.04345694
111,1,17,23,6,2,05中正區,中正區襄陽路19號,0,0,2,2,C03,6,3,5,0,14,9,1,4,4,5,7,4,4,5,4,5,2,9,1,35,2,7,1,1,7,9,1,10,2,15,,23,67,1,22,9,121.5152876,25.04345694
111,1,18,1,43,2,03中山區,中山區林森北路與中山北路2段45巷口,0,0,1,1,B03,6,3,5,50,4,2,1,4,4,5,7,2,1,4,3,5,2,13,1,58,3,10,3,4,7,1,1,4,1,5,,23,23,1,22,9,121.5254337,25.05445868
111,1,18,1,43,2,03中山區,中山區林森北路與中山北路2段45巷口,0,0,1,2,C03,6,3,5,50,4,2,1,4,4,5,7,2,1,4,3,5,2,13,1,42,2,9,3,4,7,14,1,9,1,13,,44,23,1,22,9,121.5254337,25.05445868
111,1,18,1,50,2,03中山區,中山區林森北路與民權東路1段口,0,0,4,1,B03,6,3,5,50,4,1,1,4,4,5,7,2,1,9,4,5,2,16,1,22,2,7,3,4,7,5,1,8,2,8,,25,25,1,22,9,121.5256156,25.06269365
111,1,18,1,50,2,03中山區,中山區林森北路與民權東路1段口,0,0,4,2,B01,6,3,5,50,4,1,1,4,4,5,7,2,1,9,4,5,2,16,1,56,2,6,3,4,7,9,1,4,2,8,,44,25,1,22,9,121.5256156,25.06269365
111,1,18,1,50,2,03中山區,中山區林森北路與民權東路1段口,0,0,4,3,H02,6,3,5,50,4,1,1,4,4,5,7,2,1,9,4,5,2,16,2,20,2,9,4,5,7,20,8,20,10,16,,67,25,1,22,9,121.5256156,25.06269365
111,1,18,1,50,2,03中山區,中山區林森北路與民權東路1段口,0,0,4,4,H02,6,3,5,50,4,1,1,4,4,5,7,2,1,9,4,5,2,16,1,27,2,8,3,5,7,21,8,20,10,16,,67,25,1,22,9,121.5256156,25.06269365
111,1,18,2,1,2,04大安區,大安區市民大道4段迴轉道,0,0,1,1,B12,6,3,5,40,14,9,1,4,4,5,7,4,4,1,4,5,2,13,1,40,3,10,3,4,7,8,1,8,2,6,,6,6,1,22,9,121.5471204,25.04494023
111,1,18,2,1,2,04大安區,大安區市民大道4段迴轉道,0,0,1,2,B03,6,3,5,40,14,9,1,4,4,5,7,4,4,1,4,5,2,13,1,43,2,8,3,4,7,9,1,8,2,1,,13,6,1,22,9,121.5471204,25.04494023
111,1,18,3,8,2,04大安區,大安區忠孝東路4段與敦化南路1段口,0,0,1,1,B03,6,3,5,50,4,1,1,4,4,5,7,2,1,1,4,5,2,17,1,41,3,10,3,4,7,7,1,8,1,4,,7,7,1,22,9,121.5486618,25.04167113
111,1,18,3,8,2,04大安區,大安區忠孝東路4段與敦化南路1段口,0,0,1,2,C03,6,3,5,50,4,1,1,4,4,5,7,2,1,1,4,5,2,17,1,33,2,7,3,4,7,9,1,10,1,12,,44,7,1,22,9,121.5486618,25.04167113
111,1,18,3,15,2,02萬華區,萬華區寶興街204號,0,0,1,1,C03,6,3,5,50,14,9,1,4,4,4,7,4,4,5,5,5,2,29,2,59,2,9,1,1,7,9,1,10,1,11,,23,23,1,22,9,121.495576,25.02307708
111,1,18,3,15,2,02萬華區,萬華區寶興街204號,0,0,1,2,,6,3,5,50,14,9,1,4,4,4,7,4,4,5,5,5,2,29,3,,,,,,,,,,,,,67,23,1,,,121.495576,25.02307708
111,1,18,3,15,2,02萬華區,萬華區寶興街204號,0,0,1,3,B03,6,3,5,50,14,9,1,4,4,4,7,4,4,5,5,5,2,29,2,41,3,10,1,1,7,13,1,8,9,6,,44,23,1,22,9,121.495576,25.02307708
111,1,18,5,59,2,07信義區,信義區富陽街7號,0,0,2,1,C03,6,2,5,50,14,9,1,4,4,5,7,4,4,9,4,5,2,3,2,28,2,6,1,1,7,9,1,10,1,11,,23,23,1,22,9,121.556261,25.02359694
111,1,18,5,59,2,07信義區,信義區富陽街7號,0,0,2,2,H01,6,2,5,50,14,9,1,4,4,5,7,4,4,9,4,5,2,3,2,80,2,1,4,5,8,16,8,20,10,16,,67,23,1,22,9,121.556261,25.02359694
111,1,18,6,0,2,10文山區,文山區汀州路4段與汀州路4段140巷口,0,0,2,1,C03,6,3,5,50,3,1,1,4,4,5,7,4,4,5,5,5,2,17,1,27,2,9,1,1,7,9,1,10,2,12,,23,23,1,22,9,121.5358293,25.00512288
111,1,18,6,0,2,10文山區,文山區汀州路4段與汀州路4段140巷口,0,0,2,2,F01,6,3,5,50,3,1,1,4,4,5,7,4,4,5,5,5,2,17,2,86,2,9,1,1,7,5,8,20,2,16,,8,23,1,22,9,121.5358293,25.00512288
111,1,18,6,7,2,03中山區,中山區一江街與長春路口,0,0,2,1,B03,6,3,5,50,4,1,1,4,4,5,7,1,1,4,1,5,1,16,1,44,2,7,1,1,7,5,1,8,1,4,,8,8,1,22,9,121.5315148,25.05482307
111,1,18,6,7,2,03中山區,中山區一江街與長春路口,0,0,2,2,C03,6,3,5,50,4,1,1,4,4,5,7,1,1,4,1,5,1,16,1,50,2,9,1,1,7,9,1,10,1,12,,23,8,1,22,9,121.5315148,25.05482307
111,1,18,6,30,2,06松山區,松山區八德路3段8巷與市民大道4段口,0,0,1,1,C03,6,2,7,30,3,2,1,4,4,5,7,4,4,10,5,5,2,3,1,48,3,10,1,1,7,6,1,10,1,11,,15,15,1,22,9,121.5496745,25.04490364
111,1,18,6,30,2,06松山區,松山區八德路3段8巷與市民大道4段口,0,0,1,2,H01,6,2,7,30,3,2,1,4,4,5,7,4,4,10,5,5,2,3,1,80,2,8,4,5,8,16,8,20,10,16,,67,15,1,22,9,121.5496745,25.04490364
111,1,18,6,38,2,04大安區,大安區信義路4段與安和路2段口,0,0,2,1,C03,6,1,5,50,4,1,1,4,4,5,7,1,1,1,4,5,2,3,2,70,2,9,1,1,7,9,1,10,1,11,,15,15,1,22,9,121.5524229,25.0331404
111,1,18,6,38,2,04大安區,大安區信義路4段與安和路2段口,0,0,2,2,H01,6,1,5,50,4,1,1,4,4,5,7,1,1,1,4,5,2,3,2,34,2,9,4,5,8,18,8,20,10,16,,52,15,1,22,9,121.5524229,25.0331404
111,1,18,6,38,2,04大安區,大安區信義路4段與安和路2段口,0,0,2,3,H03,6,1,5,50,4,1,1,4,4,5,7,1,1,1,4,5,2,3,3,,,,,,,,,,,,,67,15,1,,,121.5524229,25.0331404
111,1,18,6,38,2,05中正區,中正區重慶南路1段與凱達格蘭大道口,0,0,1,1,C01,6,2,5,50,3,1,1,4,4,5,7,1,1,9,4,5,2,20,1,32,2,9,1,1,7,9,1,9,2,11,,13,13,1,3,1,121.5130528,25.04012411
111,1,18,6,38,2,05中正區,中正區重慶南路1段與凱達格蘭大道口,0,0,1,2,,6,2,5,50,3,1,1,4,4,5,7,1,1,9,4,5,2,20,3,,,,,,,,,,,,,67,13,1,,,121.5130528,25.04012411
111,1,18,7,42,2,07信義區,信義區忠孝東路5段423巷80號,0,0,1,1,B03,6,1,5,30,14,9,1,4,4,5,7,4,4,9,5,5,2,17,1,45,3,10,1,1,7,5,1,8,1,8,,8,8,1,22,9,121.5754493,25.04389506
111,1,18,7,42,2,07信義區,信義區忠孝東路5段423巷80號,0,0,1,2,C03,6,1,5,30,14,9,1,4,4,5,7,4,4,9,5,5,2,17,1,52,2,8,1,1,7,9,1,10,1,11,,23,8,1,22,9,121.5754493,25.04389506
111,1,18,7,48,2,10文山區,文山區羅斯福路5段與興隆路1段口,0,0,2,1,C03,6,1,5,50,4,1,1,4,4,5,7,2,1,1,4,5,2,13,2,63,2,9,1,1,7,15,3,18,2,11,,23,23,2,22,9,121.5388961,25.00435551
111,1,18,7,48,2,10文山區,文山區羅斯福路5段與興隆路1段口,0,0,2,2,B03,6,1,5,50,4,1,1,4,4,5,7,2,1,1,4,5,2,13,2,37,3,10,1,1,7,15,1,8,2,6,,44,23,2,22,9,121.5388961,25.00435551
111,1,18,7,48,2,10文山區,文山區羅斯福路5段與興隆路1段口,0,0,2,3,C03,6,1,5,50,4,1,1,4,4,5,7,2,1,1,4,5,2,13,1,30,2,9,1,1,7,15,1,10,2,14,,42,23,2,22,9,121.5388961,25.00435551
111,1,18,8,0,2,12內湖區,內湖區民權東路6段13號,0,0,1,1,B03,6,1,5,50,14,7,1,4,4,5,7,4,4,1,4,4,2,12,1,44,3,10,1,1,7,9,1,8,2,6,,43,43,1,22,9,121.5794249,25.06704386
111,1,18,8,0,2,12內湖區,內湖區民權東路6段13號,0,0,1,2,C03,6,1,5,50,14,7,1,4,4,5,7,4,4,1,4,4,2,12,2,72,2,3,1,1,7,21,1,10,2,14,,43,43,1,22,9,121.5794249,25.06704386
111,1,18,8,12,2,11南港區,南港區市民大道8段與興中路口口,0,0,1,1,B01,6,1,5,50,4,1,1,4,4,5,7,2,1,3,2,5,2,12,1,51,3,10,1,1,7,5,5,4,1,7,,8,8,1,22,9,121.6077191,25.0534209
111,1,18,8,12,2,11南港區,南港區市民大道8段與興中路口口,0,0,1,2,C03,6,1,5,50,4,1,1,4,4,5,7,2,1,3,2,5,2,12,1,40,2,9,1,1,7,9,1,10,1,12,,44,8,1,22,9,121.6077191,25.0534209
111,1,18,8,15,2,07信義區,信義區基隆路1段63號,0,0,1,1,C03,6,1,5,50,14,9,1,4,4,5,7,4,4,10,4,5,2,11,1,34,3,10,1,1,7,15,1,10,1,12,,6,6,1,22,9,121.5683655,25.04738267
111,1,18,8,15,2,07信義區,信義區基隆路1段63號,0,0,1,2,C03,6,1,5,50,14,9,1,4,4,5,7,4,4,10,4,5,2,11,1,44,2,5,1,1,7,9,1,10,1,14,,13,6,1,22,9,121.5683655,25.04738267
111,1,18,8,25,2,08士林區,士林區劍南路022號燈桿,0,0,1,1,B03,6,1,5,50,11,9,1,4,4,5,1,4,4,8,3,5,1,11,1,48,3,10,1,1,7,9,1,8,2,8,,44,44,1,22,9,121.5591521,25.10230304
111,1,18,8,25,2,08士林區,士林區劍南路022號燈桿,0,0,1,2,C03,6,1,5,50,11,9,1,4,4,5,1,4,4,8,3,5,1,11,1,69,2,8,1,1,7,9,1,10,2,12,,42,44,1,22,9,121.5591521,25.10230304
111,1,18,8,29,2,07信義區,信義區松德路200巷與松德路180巷口,0,0,2,1,C03,6,1,5,50,4,1,1,4,4,5,7,3,1,9,5,4,2,17,1,34,2,8,1,1,7,9,1,10,1,11,,44,44,1,22,9,121.5735064,25.03470113
111,1,18,8,29,2,07信義區,信義區松德路200巷與松德路180巷口,0,0,2,2,C03,6,1,5,50,4,1,1,4,4,5,7,3,1,9,5,4,2,17,1,40,2,8,1,1,7,5,1,10,1,15,,8,44,1,22,9,121.5735064,25.03470113
111,1,18,8,31,2,02萬華區,萬華區華江橋往台北市機車道,0,0,1,1,C03,7,1,7,40,8,11,1,5,4,5,7,4,4,9,5,5,1,13,1,58,3,10,1,1,7,12,1,10,2,13,,43,43,1,22,9,121.488156,25.0354613
111,1,18,8,31,2,02萬華區,萬華區華江橋往台北市機車道,0,0,1,2,,7,1,7,40,8,11,1,5,4,5,7,4,4,9,5,5,1,13,4,,4,11,3,4,7,15,7,19,11,15,,43,43,2,22,9,121.488156,25.0354613
111,1,18,8,31,2,02萬華區,萬華區華江橋往台北市機車道,0,0,1,3,,7,1,7,40,8,11,1,5,4,5,7,4,4,9,5,5,1,13,4,,4,11,3,4,7,15,7,19,11,15,,43,43,2,22,9,121.488156,25.0354613
111,1,18,8,31,2,02萬華區,萬華區華江橋往台北市機車道,0,0,1,4,C03,7,1,7,40,8,11,1,5,4,5,7,4,4,9,5,5,1,13,1,39,3,10,1,1,7,9,1,10,2,13,,43,43,1,22,9,121.488156,25.0354613
111,1,18,8,31,2,02萬華區,萬華區華江橋往台北市機車道,0,0,1,5,C03,7,1,7,40,8,11,1,5,4,5,7,4,4,9,5,5,1,13,2,23,2,9,1,1,7,9,1,10,2,11,,43,43,1,22,9,121.488156,25.0354613
111,1,18,8,32,2,09北投區,北投區文林北路與文承路口口,0,0,1,1,C03,8,1,5,50,4,2,1,5,4,5,7,2,1,1,4,4,2,13,2,28,2,9,1,1,7,15,1,10,2,11,,16,16,2,22,9,121.5164325,25.10611381
111,1,18,8,32,2,09北投區,北投區文林北路與文承路口口,0,0,1,2,C03,8,1,5,50,4,2,1,5,4,5,7,2,1,1,4,4,2,13,1,49,3,10,1,1,7,15,1,10,2,12,,44,16,2,22,9,121.5164325,25.10611381
111,1,18,8,50,2,08士林區,士林區中山北路6段與中山北路6段157巷口,0,0,1,1,C03,8,1,5,50,3,2,1,5,4,5,7,4,4,1,5,5,1,17,1,30,3,10,1,1,7,6,1,10,1,13,,44,44,1,22,9,121.5249011,25.1068549
111,1,18,8,50,2,08士林區,士林區中山北路6段與中山北路6段157巷口,0,0,1,2,C03,8,1,5,50,3,2,1,5,4,5,7,4,4,1,5,5,1,17,1,24,2,9,1,1,7,12,1,10,1,14,,42,44,1,22,9,121.5249011,25.1068549
111,1,18,8,54,2,10文山區,文山區木新路3段與木新路3段172巷口口,0,0,2,1,C03,6,1,5,50,3,1,1,4,4,5,7,4,4,4,3,5,2,17,2,34,2,9,1,1,7,5,1,10,1,12,,6,6,1,22,9,121.5607532,24.98169445
111,1,18,8,54,2,10文山區,文山區木新路3段與木新路3段172巷口口,0,0,2,2,C03,6,1,5,50,3,1,1,4,4,5,7,4,4,4,3,5,2,17,1,43,2,9,1,1,7,9,1,10,1,11,,44,6,1,22,9,121.5607532,24.98169445
111,1,18,8,55,2,07信義區,信義區忠孝東路4段國館對面,0,0,1,1,C03,6,3,5,50,14,9,1,4,4,5,7,4,4,3,4,5,2,17,1,31,2,1,1,1,7,9,1,10,1,11,,16,16,1,22,9,121.560024,25.04138693
111,1,18,8,55,2,07信義區,信義區忠孝東路4段國館對面,0,0,1,2,B12,6,3,5,50,14,9,1,4,4,5,7,4,4,3,4,5,2,17,1,30,3,10,1,1,7,12,1,8,1,3,,44,16,1,22,9,121.560024,25.04138693
111,1,18,8,55,2,07信義區,信義區忠孝東路4段國館對面,0,0,1,3,B03,6,3,5,50,14,9,1,4,4,5,7,4,4,3,4,5,2,17,1,24,3,10,1,1,7,12,1,8,1,15,,44,16,1,22,9,121.560024,25.04138693
111,1,18,8,55,2,07信義區,信義區忠孝東路4段國館對面,0,0,1,4,F03,6,3,5,50,14,9,1,4,4,5,7,4,4,3,4,5,2,17,1,29,3,10,1,1,7,14,8,20,1,16,,38,16,1,22,9,121.560024,25.04138693
111,1,18,9,19,2,05中正區,中正區汀州路3段與羅斯福路4段24巷口,0,0,1,1,C03,6,1,5,50,14,9,1,4,4,5,7,1,1,9,4,5,2,11,1,32,3,10,1,1,7,5,1,10,1,11,,42,42,1,22,9,121.5326997,25.014905
111,1,18,9,19,2,05中正區,中正區汀州路3段與羅斯福路4段24巷口,0,0,1,2,C03,6,1,5,50,14,9,1,4,4,5,7,1,1,9,4,5,2,11,2,27,2,9,1,1,7,9,1,10,1,11,,42,42,1,22,9,121.5326997,25.014905
111,1,18,9,22,2,07信義區,信義區市民大道6段與松山路口,0,0,3,1,C04,6,1,5,40,4,1,1,4,4,5,7,2,1,3,4,5,2,17,1,30,2,8,1,1,7,5,1,10,1,14,,8,8,1,22,9,121.5778036,25.04895554
111,1,18,9,22,2,07信義區,信義區市民大道6段與松山路口,0,0,3,2,C03,6,1,5,40,4,1,1,4,4,5,7,2,1,3,4,5,2,17,1,45,2,9,1,1,7,9,1,10,1,11,,23,8,1,22,9,121.5778036,25.04895554