發生年度,發生月,發生日,發生時-Hours,發生分,處理別-編號,區序,肇事地點,死亡人數,2-30日死亡人數,受傷人數,當事人序號,車種,天候,光線,道路類別,速限-速度限制,道路型態,事故位置,路面狀況1,路面狀況2,路面狀況3,道路障礙1,道路障礙2,號誌1,號誌2,車道劃分-分向,車道劃分-分道1,車道劃分-分道2,車道劃分-分道3,事故類型及型態,性別,年齡,受傷程度,主要傷處,安全帽,行動電話,車輛用途,當事者行動狀態,駕駛資格情形,駕駛執照種類,飲酒情形,車輛撞擊部位1,車輛撞擊部位2,肇因碼-個別,肇因碼-主要,個人肇逃否,職業,旅次目的,座標-X,座標-Y
111,1,18,9,22,2,07信義區,信義區市民大道6段與松山路口,0,0,3,3,C03,6,1,5,40,4,1,1,4,4,5,7,2,1,3,4,5,2,17,1,34,2,8,1,1,7,9,1,10,1,15,,13,8,1,22,9,121.5778036,25.04895554
111,1,18,9,34,2,01大同區,大同區延平北路2段與民權西路口,0,0,2,1,C03,7,1,5,50,4,1,1,5,4,5,7,2,1,9,4,5,1,16,2,54,2,9,1,1,7,9,1,10,2,11,,25,25,1,22,9,121.5112751,25.06285106
111,1,18,9,34,2,01大同區,大同區延平北路2段與民權西路口,0,0,2,2,C03,7,1,5,50,4,1,1,5,4,5,7,2,1,9,4,5,1,16,1,33,2,9,1,1,7,9,1,10,2,11,,44,25,1,22,9,121.5112751,25.06285106
111,1,18,10,0,2,03中山區,中山區北安路與明水路口,0,0,1,1,C03,7,1,5,50,3,1,1,5,4,5,7,1,1,3,4,5,2,12,2,26,2,9,1,1,7,9,1,10,1,12,14,44,44,1,22,9,121.5390027,25.07767643
111,1,18,10,0,2,03中山區,中山區北安路與明水路口,0,0,1,2,B03,7,1,5,50,3,1,1,5,4,5,7,1,1,3,4,5,2,12,1,56,3,10,1,1,7,7,1,8,1,4,,7,44,1,22,9,121.5390027,25.07767643
111,1,18,10,0,2,07信義區,信義區松仁路7號,0,0,2,3,H02,6,1,5,50,14,9,1,4,4,5,7,4,4,1,4,5,1,18,2,30,2,8,3,5,7,21,8,20,10,16,,67,43,1,22,9,121.5685025,25.03833477
111,1,18,10,0,2,07信義區,信義區松仁路7號,0,0,2,1,C03,6,1,5,50,14,9,1,4,4,5,7,4,4,1,4,5,1,18,1,25,2,8,3,4,7,12,1,10,1,14,,43,43,1,22,9,121.5685025,25.03833477
111,1,18,10,0,2,07信義區,信義區松仁路7號,0,0,2,2,,6,1,5,50,14,9,1,4,4,5,7,4,4,1,4,5,1,18,3,,,,,,,,,,,,,67,43,1,,,121.5685025,25.03833477
111,1,18,10,0,2,07信義區,信義區基隆路2段131-4號,0,0,1,1,B01,6,1,5,30,14,9,1,4,4,5,7,4,4,9,4,5,1,16,1,65,3,10,1,1,7,6,1,4,9,2,,17,17,1,22,9,121.5566922,25.0280477
111,1,18,10,0,2,07信義區,信義區基隆路2段131-4號,0,0,1,2,C03,6,1,5,30,14,9,1,4,4,5,7,4,4,9,4,5,1,16,2,39,2,8,1,1,7,6,1,10,9,14,,17,17,1,22,9,121.5566922,25.0280477
111,1,18,10,5,2,04大安區,大安區市民大道4段與光復南路口,0,0,1,1,B03,6,1,5,40,5,2,1,4,4,5,7,4,4,1,5,5,2,13,1,65,3,10,1,1,7,9,1,8,1,1,,23,23,1,22,9,121.5576886,25.04495598
111,1,18,10,5,2,04大安區,大安區市民大道4段與光復南路口,0,0,1,2,C03,6,1,5,40,5,2,1,4,4,5,7,4,4,1,5,5,2,13,2,20,2,8,1,1,7,14,1,10,1,13,,44,23,1,22,9,121.5576886,25.04495598
111,1,18,10,23,2,06松山區,松山區八德路2段451巷與八德路2段口口,0,0,2,1,B03,6,1,5,30,14,9,1,4,4,5,7,1,1,10,5,5,2,13,1,80,3,10,3,4,7,9,1,8,1,1,,23,23,1,22,9,121.5474266,25.04826575
111,1,18,10,23,2,06松山區,松山區八德路2段451巷與八德路2段口口,0,0,2,2,B03,6,1,5,30,14,9,1,4,4,5,7,1,1,10,5,5,2,13,1,45,2,9,3,4,7,14,1,8,1,3,,44,23,1,22,9,121.5474266,25.04826575
111,1,18,10,23,2,06松山區,松山區八德路2段451巷與八德路2段口口,0,0,2,3,B02,6,1,5,30,14,9,1,4,4,5,7,1,1,10,5,5,2,13,1,38,3,10,3,4,7,14,1,8,1,3,,44,23,1,22,9,121.5474266,25.04826575
111,1,18,10,23,2,06松山區,松山區八德路2段451巷與八德路2段口口,0,0,2,4,H02,6,1,5,30,14,9,1,4,4,5,7,1,1,10,5,5,2,13,2,43,2,9,3,4,7,21,8,20,10,15,,67,23,1,22,9,121.5474266,25.04826575
111,1,18,10,25,2,07信義區,信義區松仁路與松壽路口,0,0,1,1,A02,6,1,5,50,14,18,1,4,4,5,7,2,1,1,4,5,1,3,1,62,3,10,1,1,7,6,1,1,1,2,,15,15,1,22,9,121.5682206,25.03586826
111,1,18,10,25,2,07信義區,信義區松仁路與松壽路口,0,0,1,2,H01,6,1,5,50,14,18,1,4,4,5,7,2,1,1,4,5,1,3,1,35,2,9,4,5,8,16,8,20,10,16,,51,15,1,22,9,121.5682206,25.03586826
111,1,18,10,31,2,09北投區,北投區中央北路1段183號與中央北路1段179巷附近口,0,0,2,1,C03,6,1,5,50,4,2,1,4,4,5,7,4,4,5,5,5,2,13,1,22,2,9,1,1,7,15,1,10,2,11,,16,16,2,22,9,121.4978702,25.13573645
111,1,18,10,31,2,09北投區,北投區中央北路1段183號與中央北路1段179巷附近口,0,0,2,2,C03,6,1,5,50,4,2,1,4,4,5,7,4,4,5,5,5,2,13,1,31,2,9,1,1,7,15,1,10,2,13,,44,16,2,22,9,121.4978702,25.13573645
111,1,18,10,31,2,09北投區,北投區中央北路1段183號與中央北路1段179巷附近口,0,0,2,3,B01,6,1,5,50,4,2,1,4,4,5,7,4,4,5,5,5,2,13,1,66,3,10,1,1,7,11,1,8,9,15,,10,16,2,22,9,121.4978702,25.13573645
111,1,18,10,45,2,09北投區,北投區石牌路2段與振興街口,0,0,1,1,B01,8,1,5,50,4,1,1,5,4,3,7,1,1,9,4,5,1,17,1,56,3,10,1,1,7,5,6,4,2,5,,42,42,1,21,8,121.5213269,25.11897398
111,1,18,10,45,2,09北投區,北投區石牌路2段與振興街口,0,0,1,2,C03,8,1,5,50,4,1,1,5,4,3,7,1,1,9,4,5,1,17,2,52,2,9,1,1,7,9,1,10,2,14,,44,42,1,21,8,121.5213269,25.11897398
111,1,18,11,56,2,02萬華區,萬華區艋舺大道與西園路2段口,0,0,2,1,C03,6,1,5,50,4,2,1,4,4,5,7,1,1,3,3,5,1,13,1,47,2,9,3,4,7,9,6,10,1,11,,44,44,1,22,9,121.4978664,25.0330882
111,1,18,11,56,2,02萬華區,萬華區艋舺大道與西園路2段口,0,0,2,2,C03,6,1,5,50,4,2,1,4,4,5,7,1,1,3,3,5,1,13,1,85,2,9,3,4,7,14,1,10,1,13,,44,44,1,22,9,121.4978664,25.0330882
111,1,18,12,23,2,05中正區,中正區汀州路1段與寧波西街口,0,0,2,1,C03,6,1,5,50,14,9,1,4,4,5,7,1,1,9,4,5,2,12,1,51,2,9,1,1,7,5,1,10,2,14,,42,42,1,22,9,121.5109271,25.0270594
111,1,18,12,23,2,05中正區,中正區汀州路1段與寧波西街口,0,0,2,2,C03,6,1,5,50,14,9,1,4,4,5,7,1,1,9,4,5,2,12,1,47,2,3,1,1,7,9,1,10,2,14,,42,42,1,22,9,121.5109271,25.0270594
111,1,18,12,25,2,03中山區,中山區民生東路1段與民生東路1段70巷口,0,0,2,1,B12,6,1,5,50,4,1,1,4,4,5,7,4,4,5,4,5,2,13,1,33,3,10,3,4,7,9,1,3,2,1,,16,16,1,22,9,121.5264907,25.05804726
111,1,18,12,25,2,03中山區,中山區民生東路1段與民生東路1段70巷口,0,0,2,2,B01,6,1,5,50,4,1,1,4,4,5,7,4,4,5,4,5,2,13,1,64,2,7,3,4,7,9,1,4,2,3,,44,16,1,22,9,121.5264907,25.05804726
111,1,18,12,25,2,03中山區,中山區民生東路1段與民生東路1段70巷口,0,0,2,3,B03,6,1,5,50,4,1,1,4,4,5,7,4,4,5,4,5,2,13,1,31,3,10,3,4,7,14,1,8,2,3,,44,16,1,22,9,121.5264907,25.05804726
111,1,18,12,25,2,03中山區,中山區民生東路1段與民生東路1段70巷口,0,0,2,4,H02,6,1,5,50,4,1,1,4,4,5,7,4,4,5,4,5,2,13,1,37,2,1,4,5,7,20,8,20,10,16,,67,16,1,22,9,121.5264907,25.05804726
111,1,18,12,38,2,09北投區,北投區大業路138號前,0,0,1,1,B03,8,1,5,60,14,9,1,5,4,5,7,4,4,1,4,5,2,13,1,71,2,9,1,1,7,9,1,8,1,1,,23,23,1,22,9,121.499257,25.12386829
111,1,18,12,38,2,09北投區,北投區大業路138號前,0,0,1,2,A11,8,1,5,60,14,9,1,5,4,5,7,4,4,1,4,5,2,13,1,40,3,10,1,1,7,14,1,2,1,6,,44,23,1,22,9,121.499257,25.12386829
111,1,18,12,38,2,09北投區,北投區大業路138號前,0,0,1,3,B12,8,1,5,60,14,9,1,5,4,5,7,4,4,1,4,5,2,13,3,,,,,,,,,,,,,67,23,1,,,121.499257,25.12386829
111,1,18,12,45,2,07信義區,信義區信義路5段150巷與松勤街口,0,0,1,1,B02,6,1,5,30,3,2,1,4,4,5,7,4,4,10,4,5,2,17,1,21,3,10,1,1,7,5,1,8,1,8,,8,8,1,22,9,121.5696563,25.03187145
111,1,18,12,45,2,07信義區,信義區信義路5段150巷與松勤街口,0,0,1,2,F01,6,1,5,30,3,2,1,4,4,5,7,4,4,10,4,5,2,17,2,32,2,9,1,1,7,6,8,20,1,16,,44,8,1,22,9,121.5696563,25.03187145
111,1,18,12,50,2,12內湖區,內湖區瑞光路196號,0,0,1,1,B01,6,1,5,50,14,9,1,4,4,5,7,4,4,5,4,5,2,12,1,66,3,10,1,1,7,10,1,4,11,15,,7,7,1,22,9,121.5770661,25.07502448
111,1,18,12,50,2,12內湖區,內湖區瑞光路196號,0,0,1,2,C04,6,1,5,50,14,9,1,4,4,5,7,4,4,5,4,5,2,12,2,27,2,9,1,1,7,9,1,10,1,11,,42,7,1,22,9,121.5770661,25.07502448
111,1,18,13,8,2,06松山區,松山區市民大道4段145號,0,0,1,1,C03,7,1,5,40,14,9,1,5,4,5,7,1,1,1,3,5,2,17,1,35,2,9,1,1,7,9,1,10,1,11,,13,13,2,22,1,121.5508042,25.0448852
111,1,18,13,8,2,06松山區,松山區市民大道4段145號,0,0,1,2,B03,7,1,5,40,14,9,1,5,4,5,7,1,1,1,3,5,2,17,2,27,3,10,3,4,7,5,1,8,9,15,,8,13,1,22,9,121.5508042,25.0448852
111,1,18,13,25,2,07信義區,信義區市民大道5段與菸廠路口,0,0,1,1,B03,6,1,5,40,5,1,1,4,4,5,7,1,1,1,4,5,2,16,1,28,3,10,1,1,7,9,1,8,1,2,,26,26,1,22,9,121.5578495,25.04497558
111,1,18,13,25,2,07信義區,信義區市民大道5段與菸廠路口,0,0,1,2,C03,6,1,5,40,5,1,1,4,4,5,7,1,1,1,4,5,2,16,2,47,2,9,1,1,7,9,1,10,1,14,,26,26,1,22,9,121.5578495,25.04497558
111,1,18,13,26,2,03中山區,中山區松江路27號,0,0,2,1,C04,6,1,5,50,14,9,1,4,4,5,7,4,4,1,4,5,2,16,2,27,2,9,3,4,7,9,1,11,1,11,,23,23,1,22,9,121.5330545,25.04731356
111,1,18,13,26,2,03中山區,中山區松江路27號,0,0,2,2,C03,6,1,5,50,14,9,1,4,4,5,7,4,4,1,4,5,2,16,1,26,2,9,3,4,7,8,1,10,1,12,,7,23,1,22,9,121.5330545,25.04731356
111,1,18,13,33,2,05中正區,中正區南昌路2段與同安街口,0,0,2,1,C03,6,1,5,30,14,9,1,4,4,5,7,3,1,9,4,5,2,12,1,64,2,9,1,1,7,5,1,10,2,12,,6,6,1,22,9,121.5228448,25.02549491
111,1,18,13,33,2,05中正區,中正區南昌路2段與同安街口,0,0,2,2,B12,6,1,5,30,14,9,1,4,4,5,7,3,1,9,4,5,2,12,1,62,2,9,1,1,7,9,1,10,2,4,,23,6,1,22,9,121.5228448,25.02549491
111,1,18,13,34,2,10文山區,文山區忠順街1段26巷3弄1號旁,0,0,1,1,C03,6,1,5,30,14,9,1,4,4,5,7,4,4,7,4,5,2,16,2,59,2,9,1,1,7,5,1,10,1,11,,6,6,1,22,9,121.5591938,24.98359957
111,1,18,13,34,2,10文山區,文山區忠順街1段26巷3弄1號旁,0,0,1,2,B03,6,1,5,30,14,9,1,4,4,5,7,4,4,7,4,5,2,16,2,50,3,10,1,1,7,9,1,8,1,8,,42,6,1,22,9,121.5591938,24.98359957
111,1,18,13,38,2,07信義區,信義區市民大道5段西向東(燈桿317),0,0,2,1,C03,6,1,5,40,14,9,1,4,4,5,7,2,1,1,4,5,1,13,1,25,2,7,1,1,7,9,1,10,1,11,,23,23,1,22,9,121.5581756,25.045135
111,1,18,13,38,2,07信義區,信義區市民大道5段西向東(燈桿317),0,0,2,2,C03,6,1,5,40,14,9,1,4,4,5,7,2,1,1,4,5,1,13,1,20,2,7,1,1,7,9,1,10,1,13,,44,23,1,22,9,121.5581756,25.045135
111,1,18,13,50,2,03中山區,中山區新生北路1段與新生北路1段76巷口,0,0,1,1,B03,7,1,5,50,3,2,1,5,4,5,7,4,4,9,4,5,2,12,1,42,3,10,1,1,7,6,1,8,1,2,,9,9,1,22,9,121.5302845,25.0473429
111,1,18,13,50,2,03中山區,中山區新生北路1段與新生北路1段76巷口,0,0,1,2,C03,7,1,5,50,3,2,1,5,4,5,7,4,4,9,4,5,2,12,2,36,2,9,1,1,7,9,1,10,1,11,,44,9,1,22,9,121.5302845,25.0473429
111,1,18,14,30,2,12內湖區,內湖區金湖路與金龍路口,0,0,1,1,B03,6,1,5,50,4,1,1,4,4,5,7,1,1,1,4,5,2,17,2,53,4,11,3,4,7,15,7,19,11,15,,6,6,2,22,9,121.5951342,25.0842222
111,1,18,14,30,2,12內湖區,內湖區金湖路與金龍路口,0,0,1,2,C03,6,1,5,50,4,1,1,4,4,5,7,1,1,1,4,5,2,17,1,27,2,9,1,1,7,9,1,10,2,13,,43,6,1,22,9,121.5951342,25.0842222
111,1,18,14,30,2,12內湖區,內湖區金湖路與金龍路口,0,0,1,3,C03,6,1,5,50,4,1,1,4,4,5,7,1,1,1,4,5,2,17,1,65,3,10,1,1,7,9,1,10,2,11,,43,6,1,22,9,121.5951342,25.0842222
111,1,18,14,30,2,07信義區,信義區基隆路2段155號,0,0,1,1,C03,7,1,5,50,14,9,1,5,4,5,7,2,1,1,4,5,2,13,1,32,2,9,1,1,7,9,1,9,2,11,,23,23,1,22,9,121.5545101,25.0259016
111,1,18,14,30,2,07信義區,信義區基隆路2段155號,0,0,1,2,B02,7,1,5,50,14,9,1,5,4,5,7,2,1,1,4,5,2,13,1,37,3,10,1,1,7,14,1,8,2,3,,44,23,1,22,9,121.5545101,25.0259016
111,1,18,14,45,2,12內湖區,內湖區內湖路1段與內湖路1段203巷口口,0,0,1,1,B02,7,1,5,50,4,1,1,4,4,5,7,2,1,1,4,5,2,3,1,33,3,10,1,1,7,5,1,8,2,8,,15,15,1,22,9,121.5635962,25.08317248
111,1,18,14,45,2,12內湖區,內湖區內湖路1段與內湖路1段203巷口口,0,0,1,2,H01,7,1,5,50,4,1,1,4,4,5,7,2,1,1,4,5,2,3,2,58,2,9,4,5,8,16,8,20,10,16,,67,15,1,22,9,121.5635962,25.08317248
111,1,18,15,10,2,06松山區,松山區敦化北路158號,0,0,1,1,B03,7,1,5,40,14,8,1,5,4,5,7,4,4,1,4,4,2,12,1,59,3,10,3,4,7,14,1,8,2,4,,38,38,1,22,9,121.5487284,25.05584299
111,1,18,15,10,2,06松山區,松山區敦化北路158號,0,0,1,2,F03,7,1,5,40,14,8,1,5,4,5,7,4,4,1,4,4,2,12,2,22,2,9,3,4,7,9,8,20,2,16,,13,38,1,22,9,121.5487284,25.05584299
111,1,18,15,10,2,07信義區,信義區松智路與松壽路口,0,0,1,1,C03,6,1,5,50,4,2,1,4,4,5,7,1,1,5,4,5,2,17,1,29,2,8,3,4,7,7,1,10,1,14,,7,7,1,22,9,121.5654622,25.0358761
111,1,18,15,10,2,07信義區,信義區松智路與松壽路口,0,0,1,2,B01,6,1,5,50,4,2,1,4,4,5,7,1,1,5,4,5,2,17,1,58,3,10,3,4,7,9,1,4,1,5,,44,7,1,22,9,121.5654622,25.0358761
111,1,18,15,26,2,01大同區,大同區民權西路230號,0,0,1,1,C03,7,1,5,50,14,9,1,5,4,5,7,4,4,10,4,5,2,12,1,49,2,9,3,4,7,21,1,10,7,15,,42,42,1,22,9,121.5131248,25.06285903
111,1,18,15,26,2,01大同區,大同區民權西路230號,0,0,1,2,C03,7,1,5,50,14,9,1,5,4,5,7,4,4,10,4,5,2,12,1,31,3,10,3,4,7,7,1,10,2,13,,43,42,1,22,9,121.5131248,25.06285903
111,1,18,15,35,2,03中山區,中山區長安東路1段與長安東路1段52巷口,0,0,1,1,B03,7,1,5,50,4,1,1,5,4,5,7,1,1,5,4,5,2,1,2,28,3,10,1,1,7,5,1,8,1,5,,15,15,1,22,9,121.5281392,25.0483271
111,1,18,15,35,2,03中山區,中山區長安東路1段與長安東路1段52巷口,0,0,1,2,H01,7,1,5,50,4,1,1,5,4,5,7,1,1,5,4,5,2,1,2,66,2,7,4,5,8,16,8,20,1,16,,67,15,1,22,9,121.5281392,25.0483271
111,1,18,16,28,2,09北投區,北投區光明路與中山路口,0,0,1,1,B03,8,1,5,50,4,1,1,5,4,5,7,1,1,5,4,5,2,16,2,66,3,10,3,4,7,5,1,8,1,4,,8,,1,22,9,121.5042152,25.1369249
111,1,18,16,28,2,09北投區,北投區光明路與中山路口,0,0,1,2,C03,8,1,5,50,4,1,1,5,4,5,7,1,1,5,4,5,2,16,1,17,2,8,3,4,7,5,1,10,1,14,,8,,1,22,9,121.5042152,25.1369249
111,1,18,16,31,2,05中正區,中正區惠安街與汀州路1段92巷口,0,0,2,1,C04,8,1,5,30,4,1,1,5,4,5,7,4,4,10,5,5,2,15,2,41,2,9,1,1,7,9,1,11,2,11,,6,6,1,22,9,121.5065366,25.02980299
111,1,18,16,31,2,05中正區,中正區惠安街與汀州路1段92巷口,0,0,2,2,C03,8,1,5,30,4,1,1,5,4,5,7,4,4,10,5,5,2,15,1,51,2,9,1,1,7,9,1,10,2,12,,14,6,1,22,9,121.5065366,25.02980299
111,1,18,17,0,2,01大同區,大同區西寧北路62-3號,0,0,1,1,F01,7,1,5,50,14,9,1,5,4,5,7,4,4,4,4,5,2,16,1,21,3,10,3,4,7,9,8,20,2,16,,26,26,1,22,9,121.5086279,25.05276628
111,1,18,17,0,2,01大同區,大同區西寧北路62-3號,0,0,1,2,C03,7,1,5,50,14,9,1,5,4,5,7,4,4,4,4,5,2,16,2,51,2,7,3,4,7,9,1,10,2,11,,44,26,1,22,9,121.5086279,25.05276628
111,1,18,17,0,2,09北投區,北投區大度路3段與立德路口156號燈桿,0,0,2,1,A42,6,3,5,50,14,9,1,4,4,2,7,4,4,1,4,5,2,17,1,27,3,10,1,1,7,9,1,1,2,15,,30,30,1,22,9,121.4719989,25.12293692
111,1,18,17,0,2,09北投區,北投區大度路3段與立德路口156號燈桿,0,0,2,2,C03,6,3,5,50,14,9,1,4,4,2,7,4,4,1,4,5,2,17,1,19,2,9,1,1,7,9,1,10,2,14,,44,30,1,22,9,121.4719989,25.12293692
111,1,18,17,0,2,09北投區,北投區大度路3段與立德路口156號燈桿,0,0,2,3,C03,6,3,5,50,14,9,1,4,4,2,7,4,4,1,4,5,2,17,1,21,2,9,1,1,7,9,1,10,2,14,,44,30,1,22,9,121.4719989,25.12293692
111,1,18,17,13,2,09北投區,北投區西安街2段與立農街1段279巷口,0,0,1,1,C03,7,1,5,50,3,1,1,5,4,5,7,1,1,10,5,5,2,13,1,80,2,8,1,1,7,9,1,10,1,11,,23,23,1,22,9,121.5062967,25.12060523
111,1,18,17,13,2,09北投區,北投區西安街2段與立農街1段279巷口,0,0,1,2,B02,7,1,5,50,3,1,1,5,4,5,7,1,1,10,5,5,2,13,1,52,3,10,1,1,7,12,1,8,1,6,,44,23,1,22,9,121.5062967,25.12060523
111,1,18,17,40,2,04大安區,大安區信義路2段30號,0,0,1,1,C03,6,3,5,50,14,9,1,4,4,5,7,4,4,1,4,5,1,12,1,53,3,10,1,1,7,8,4,7,1,13,,7,7,1,22,9,121.5253849,25.03481559
111,1,18,17,40,2,04大安區,大安區信義路2段30號,0,0,1,2,C03,6,3,5,50,14,9,1,4,4,5,7,4,4,1,4,5,1,12,2,41,2,8,1,1,7,9,1,10,1,11,,44,7,1,22,9,121.5253849,25.03481559
111,1,18,17,45,2,01大同區,大同區台北橋機車道(東向西),0,0,3,1,C03,8,3,5,50,14,11,1,5,4,5,7,4,4,10,5,5,2,12,1,52,3,10,3,4,7,7,1,10,1,14,,7,7,1,22,9,121.5086042,25.06351368
111,1,18,17,45,2,01大同區,大同區台北橋機車道(東向西),0,0,3,2,C03,8,3,5,50,14,11,1,5,4,5,7,4,4,10,5,5,2,12,2,41,2,9,1,1,7,9,1,10,1,12,,44,7,1,22,9,121.5086042,25.06351368
111,1,18,17,45,2,01大同區,大同區台北橋機車道(東向西),0,0,3,3,C03,8,3,5,50,14,11,1,5,4,5,7,4,4,10,5,5,2,12,1,60,2,9,1,1,7,9,1,10,1,12,,44,7,1,22,9,121.5086042,25.06351368
111,1,18,17,45,2,01大同區,大同區台北橋機車道(東向西),0,0,3,4,H02,8,3,5,50,14,11,1,5,4,5,7,4,4,10,5,5,2,12,2,55,2,9,1,5,7,21,8,20,10,15,,67,7,1,22,9,121.5086042,25.06351368
111,1,18,17,48,2,04大安區,大安區和平東路2段311巷43弄58號,0,0,2,1,F01,6,3,5,30,14,9,1,4,4,5,3,4,4,10,5,5,2,17,2,10,2,9,1,1,7,1,8,20,2,16,,19,19,1,22,9,121.546396,25.02558517
111,1,18,17,48,2,04大安區,大安區和平東路2段311巷43弄58號,0,0,2,2,C03,6,3,5,30,14,9,1,4,4,5,3,4,4,10,5,5,2,17,1,34,2,9,1,1,7,9,1,9,2,11,,44,19,1,22,9,121.546396,25.02558517
111,1,18,18,10,2,03中山區,中山區民族東路與建國北路3段113巷口,0,0,1,1,B03,8,3,5,50,4,1,1,5,4,5,7,2,1,1,4,5,2,17,1,50,3,10,3,4,7,5,1,4,1,15,,8,8,1,22,9,121.5363117,25.06809065
111,1,18,18,10,2,03中山區,中山區民族東路與建國北路3段113巷口,0,0,1,2,C03,8,3,5,50,4,1,1,5,4,5,7,2,1,1,4,5,2,17,1,26,2,9,1,4,7,9,1,10,1,14,,44,8,1,22,9,121.5363117,25.06809065
111,1,18,18,10,2,04大安區,大安區四維路與四維路76巷口,0,0,1,1,B03,6,3,5,30,4,1,1,4,4,5,7,4,4,10,5,5,2,17,2,58,3,10,1,1,7,1,1,8,1,8,,19,19,1,22,9,121.5480808,25.0342483
111,1,18,18,10,2,04大安區,大安區四維路與四維路76巷口,0,0,1,2,C03,6,3,5,30,4,1,1,4,4,5,7,4,4,10,5,5,2,17,2,48,2,9,1,1,7,9,1,10,1,12,,44,19,1,22,9,121.5480808,25.0342483
111,1,18,18,20,2,08士林區,士林區延平北路5段與葫東街口,0,0,1,1,C03,8,3,5,50,4,2,1,5,4,5,7,2,1,1,2,5,1,16,2,35,3,10,1,1,7,5,1,10,2,12,,6,6,1,22,9,121.5101647,25.08338908
111,1,18,18,20,2,08士林區,士林區延平北路5段與葫東街口,0,0,1,2,C03,8,3,5,50,4,2,1,5,4,5,7,2,1,1,2,5,1,16,1,38,2,8,1,1,7,9,1,10,2,11,,44,6,1,22,9,121.5101647,25.08338908
111,1,18,18,20,2,12內湖區,內湖區內湖路3段18巷與金龍路口,0,0,1,1,C03,6,3,5,30,4,2,1,4,4,5,7,4,4,10,5,5,2,17,1,62,3,10,1,1,7,5,1,10,1,15,,6,6,1,22,9,121.5930026,25.08492375
111,1,18,18,20,2,12內湖區,內湖區內湖路3段18巷與金龍路口,0,0,1,2,C03,6,3,5,30,4,2,1,4,4,5,7,4,4,10,5,5,2,17,1,57,2,8,1,1,7,9,1,10,1,12,,44,6,1,22,9,121.5930026,25.08492375
111,1,18,18,35,2,04大安區,大安區忠孝東路4段216巷19弄與忠孝東路4段248巷口,0,0,1,1,C03,6,3,5,30,4,1,1,4,4,5,7,4,4,10,5,5,2,16,1,31,2,5,1,1,7,9,1,10,1,11,,6,6,1,22,9,121.5540887,25.0402923
111,1,18,18,35,2,04大安區,大安區忠孝東路4段216巷19弄與忠孝東路4段248巷口,0,0,1,2,B01,6,3,5,30,4,1,1,4,4,5,7,4,4,10,5,5,2,16,1,57,3,10,1,1,7,9,1,4,1,2,,44,6,1,22,9,121.5540887,25.0402923
111,1,18,18,37,2,05中正區,中正區新生南路1段6號,0,0,1,1,B03,8,3,5,50,14,9,1,5,4,5,7,4,4,3,4,5,2,12,1,52,3,10,1,1,7,8,1,8,1,5,,7,7,1,22,9,121.5328115,25.04381128
111,1,18,18,37,2,05中正區,中正區新生南路1段6號,0,0,1,2,C03,8,3,5,50,14,9,1,5,4,5,7,4,4,3,4,5,2,12,2,20,2,9,1,1,7,9,1,10,1,14,,44,7,1,22,9,121.5328115,25.04381128
111,1,18,18,42,2,10文山區,文山區羅斯福路6段89號前,0,0,1,1,C02,7,3,5,50,14,9,1,4,2,5,7,4,4,1,4,5,2,29,1,22,2,9,1,1,7,9,1,9,1,12,,43,43,1,22,9,121.5404436,24.99848019
111,1,18,18,42,2,10文山區,文山區羅斯福路6段89號前,0,0,1,2,,7,3,5,50,14,9,1,4,2,5,7,4,4,1,4,5,2,29,3,,,,,,,,,,,,,67,43,1,,,121.5404436,24.99848019
111,1,18,18,50,2,05中正區,中正區汀州路1段135號,0,0,2,1,C03,7,3,5,50,14,9,1,5,4,5,7,4,4,4,4,5,1,3,2,55,2,9,1,1,7,9,1,10,2,11,,23,23,1,22,9,121.509709,25.0278852
111,1,18,18,50,2,05中正區,中正區汀州路1段135號,0,0,2,2,H01,7,3,5,50,14,9,1,5,4,5,7,4,4,4,4,5,1,3,2,58,2,9,4,5,8,16,8,20,10,16,,53,23,1,22,9,121.509709,25.0278852
111,1,18,18,58,2,12內湖區,內湖區內湖路2段179巷與金龍隧道口,0,0,1,1,B03,7,3,5,50,3,1,1,4,4,5,7,1,1,5,4,5,2,13,1,41,3,10,1,1,7,9,1,8,2,5,,23,23,1,22,9,121.5850418,25.08433255
111,1,18,18,58,2,12內湖區,內湖區內湖路2段179巷與金龍隧道口,0,0,1,2,C03,7,3,5,50,3,1,1,4,4,5,7,1,1,5,4,5,2,13,2,41,2,9,1,1,7,7,1,10,2,13,,7,23,1,22,9,121.5850418,25.08433255
111,1,18,19,0,2,09北投區,北投區大業路512號,0,0,1,1,C03,7,3,5,60,14,8,1,5,4,5,7,4,4,1,4,4,2,13,1,53,2,9,3,4,7,9,1,10,2,11,,16,16,1,22,9,121.4959239,25.13363743
111,1,18,19,0,2,09北投區,北投區大業路512號,0,0,1,2,B03,7,3,5,60,14,8,1,5,4,5,7,4,4,1,4,4,2,13,2,62,3,10,3,4,7,12,1,8,2,6,,44,16,1,22,9,121.4959239,25.13363743
111,1,18,19,0,2,09北投區,北投區大業路512號,0,0,1,3,H01,7,3,5,60,14,8,1,5,4,5,7,4,4,1,4,4,2,13,1,36,3,10,4,5,8,18,8,20,10,16,,51,16,1,22,9,121.4959239,25.13363743