發生年度,發生月,發生日,發生時-Hours,發生分,處理別-編號,區序,肇事地點,死亡人數,2-30日死亡人數,受傷人數,當事人序號,車種,天候,光線,道路類別,速限-速度限制,道路型態,事故位置,路面狀況1,路面狀況2,路面狀況3,道路障礙1,道路障礙2,號誌1,號誌2,車道劃分-分向,車道劃分-分道1,車道劃分-分道2,車道劃分-分道3,事故類型及型態,性別,年齡,受傷程度,主要傷處,安全帽,行動電話,車輛用途,當事者行動狀態,駕駛資格情形,駕駛執照種類,飲酒情形,車輛撞擊部位1,車輛撞擊部位2,肇因碼-個別,肇因碼-主要,個人肇逃否,職業,旅次目的,座標-X,座標-Y
111,1,18,19,0,2,09北投區,北投區大業路512號,0,0,1,4,H01,7,3,5,60,14,8,1,5,4,5,7,4,4,1,4,4,2,13,2,34,3,10,4,5,8,18,8,20,10,16,,51,16,1,22,9,121.4959239,25.13363743
111,1,18,19,3,2,06松山區,松山區民權東路5段17號,0,0,1,2,C03,7,3,5,50,14,9,1,5,4,5,7,4,4,1,3,5,2,17,1,68,2,9,1,1,7,15,1,10,1,14,,17,17,2,22,9,121.5656377,25.06325906
111,1,18,19,3,2,06松山區,松山區民權東路5段17號,0,0,1,1,B11,7,3,5,50,14,9,1,5,4,5,7,4,4,1,3,5,2,17,1,45,4,11,3,4,7,15,7,19,11,15,,17,17,2,22,9,121.5656377,25.06325906
111,1,18,19,12,2,04大安區,大安區市民大道3段與八德路2段口,0,0,2,1,C03,8,3,5,40,4,1,1,4,4,5,7,2,1,1,4,5,2,12,2,42,2,9,1,1,7,9,1,10,1,11,,16,16,1,22,9,121.534346,25.04487665
111,1,18,19,12,2,04大安區,大安區市民大道3段與八德路2段口,0,0,2,2,C03,8,3,5,40,4,1,1,4,4,5,7,2,1,1,4,5,2,12,1,34,3,10,1,1,7,9,1,10,1,13,,44,16,1,22,9,121.534346,25.04487665
111,1,18,19,12,2,04大安區,大安區市民大道3段與八德路2段口,0,0,2,3,C03,8,3,5,40,4,1,1,4,4,5,7,2,1,1,4,5,2,12,2,23,2,9,1,1,7,9,1,10,1,12,,44,16,1,22,9,121.534346,25.04487665
111,1,18,19,20,2,04大安區,大安區敦化南路2段與和平東路3段口,0,0,1,1,B03,6,3,5,50,5,1,1,4,4,5,7,2,1,1,4,5,2,17,1,31,3,10,1,1,7,6,1,8,1,2,,25,25,1,21,8,121.5490023,25.02449718
111,1,18,19,20,2,04大安區,大安區敦化南路2段與和平東路3段口,0,0,1,2,C03,6,3,5,50,5,1,1,4,4,5,7,2,1,1,4,5,2,17,1,24,2,9,1,1,7,9,1,10,1,11,,44,25,1,21,8,121.5490023,25.02449718
111,1,18,19,20,2,04大安區,大安區敦化南路2段與和平東路3段口,0,0,1,3,C03,6,3,5,50,5,1,1,4,4,5,7,2,1,1,4,5,2,17,1,44,3,10,1,1,7,9,1,10,1,11,,44,25,1,21,8,121.5490023,25.02449718
111,1,18,19,23,2,07信義區,信義區松仁路7號,0,0,1,1,B01,6,3,5,50,14,9,1,4,4,5,7,4,4,1,4,5,2,17,1,68,3,10,1,1,7,1,1,4,2,15,,19,19,1,22,9,121.5685171,25.03811603
111,1,18,19,23,2,07信義區,信義區松仁路7號,0,0,1,2,C04,6,3,5,50,14,9,1,4,4,5,7,4,4,1,4,5,2,17,1,34,2,9,1,1,7,9,1,11,2,12,,44,19,1,22,9,121.5685171,25.03811603
111,1,18,19,25,2,08士林區,士林區承德路4段40巷76號,0,0,1,1,C03,7,3,5,50,14,9,1,5,4,5,7,4,4,5,4,5,2,12,1,26,2,9,1,1,7,9,1,10,1,11,,44,44,1,22,9,121.5209639,25.0814011
111,1,18,19,25,2,08士林區,士林區承德路4段40巷76號,0,0,1,2,C03,7,3,5,50,14,9,1,5,4,5,7,4,4,5,4,5,2,12,1,48,3,10,1,1,7,1,1,10,1,11,,19,44,1,22,9,121.5209639,25.0814011
111,1,18,19,55,2,04大安區,大安區仁愛路4段與仁愛路4段266巷口,0,0,1,1,H01,8,3,5,0,4,1,1,5,4,5,7,2,1,1,4,5,2,9,1,50,2,9,4,5,8,20,8,20,10,16,,52,52,1,22,9,121.5528637,25.03775638
111,1,18,19,55,2,04大安區,大安區仁愛路4段與仁愛路4段266巷口,0,0,1,2,B03,8,3,5,0,4,1,1,5,4,5,7,2,1,1,4,5,2,9,1,29,3,10,3,4,7,9,1,8,2,1,,15,52,1,22,9,121.5528637,25.03775638
111,1,18,20,12,1,10文山區,文山區興隆路3段192巷8弄7號前,1,0,1,1,C03,6,3,5,30,14,9,1,4,4,5,7,4,4,9,4,5,2,3,1,19,2,9,1,1,7,9,1,10,2,11,,13,13,1,22,9,121.5577096,24.99774319
111,1,18,20,12,1,10文山區,文山區興隆路3段192巷8弄7號前,1,0,1,2,H01,6,3,5,30,14,9,1,4,4,5,7,4,4,9,4,5,2,3,2,67,1,9,4,5,8,16,8,20,10,16,,51,13,1,22,9,121.5577096,24.99774319
111,1,18,20,12,1,10文山區,文山區興隆路3段192巷8弄7號前,1,0,1,3,B03,6,3,5,30,14,9,1,4,4,5,7,4,4,9,4,5,2,3,2,54,3,10,3,4,7,13,1,8,11,15,,67,13,1,22,9,121.5577096,24.99774319
111,1,18,20,42,2,04大安區,大安區仁愛路4段300巷與無名巷口,0,0,1,1,B12,7,3,5,30,4,1,1,5,4,5,7,4,4,10,5,5,2,16,1,31,3,10,1,1,7,9,1,8,1,1,,6,6,1,22,9,121.5544458,25.03701885
111,1,18,20,42,2,04大安區,大安區仁愛路4段300巷與無名巷口,0,0,1,2,C03,7,3,5,30,4,1,1,5,4,5,7,4,4,10,5,5,2,16,2,43,2,9,1,1,7,9,1,10,1,12,,14,6,1,22,9,121.5544458,25.03701885
111,1,18,20,43,2,05中正區,中正區中華路1段與開封街1段口,0,0,1,1,B01,7,3,5,50,4,2,1,5,4,5,7,1,1,10,3,5,2,12,1,45,3,10,1,1,7,6,1,4,2,2,,9,9,1,22,9,121.5096104,25.04598028
111,1,18,20,43,2,05中正區,中正區中華路1段與開封街1段口,0,0,1,2,C03,7,3,5,50,4,2,1,5,4,5,7,1,1,10,3,5,2,12,1,56,2,7,1,1,7,9,1,10,2,11,,23,9,1,22,9,121.5096104,25.04598028
111,1,18,20,54,2,08士林區,士林區格致路36巷與格致路口,0,0,2,1,C03,6,3,5,30,3,1,1,4,4,5,7,4,4,4,5,5,2,17,2,42,2,9,1,1,7,5,1,10,1,14,,6,6,1,22,9,121.546453,25.13720272
111,1,18,20,54,2,08士林區,士林區格致路36巷與格致路口,0,0,2,2,C03,6,3,5,30,3,1,1,4,4,5,7,4,4,4,5,5,2,17,1,21,2,1,1,1,7,9,1,10,1,11,,13,6,1,22,9,121.546453,25.13720272
111,1,18,21,2,2,02萬華區,萬華區環河南路1段與武昌街2段口,0,0,1,1,C03,7,3,5,50,4,1,1,5,4,5,7,2,1,5,4,5,2,17,1,40,2,9,1,4,7,9,1,10,2,12,,42,42,1,22,9,121.5026503,25.04563034
111,1,18,21,2,2,02萬華區,萬華區環河南路1段與武昌街2段口,0,0,1,2,C03,7,3,5,50,4,1,1,5,4,5,7,2,1,5,4,5,2,17,1,23,3,10,1,4,7,9,1,10,2,15,,44,42,1,22,9,121.5026503,25.04563034
111,1,18,21,10,2,04大安區,大安區辛亥路2段與復興南路2段口,0,0,1,1,B03,7,3,5,50,15,18,1,5,4,5,7,1,1,10,5,5,2,3,1,56,3,10,1,1,7,5,1,8,1,8,,43,43,1,22,9,121.5432216,25.02148671
111,1,18,21,10,2,04大安區,大安區辛亥路2段與復興南路2段口,0,0,1,2,H01,7,3,5,50,15,18,1,5,4,5,7,1,1,10,5,5,2,3,1,23,2,9,4,5,8,16,8,20,10,16,,67,43,1,22,9,121.5432216,25.02148671
111,1,18,22,19,2,05中正區,中正區中山北路1段與北平東路口,0,0,2,1,C03,7,3,5,50,4,1,1,5,4,5,7,1,1,1,3,4,2,13,2,51,2,9,1,1,7,9,1,10,1,11,,16,16,1,22,9,121.5204529,25.04720421
111,1,18,22,19,2,05中正區,中正區中山北路1段與北平東路口,0,0,2,2,C03,7,3,5,50,4,1,1,5,4,5,7,1,1,1,3,4,2,13,2,32,2,9,1,1,7,9,1,10,1,13,,44,16,1,22,9,121.5204529,25.04720421
111,1,18,22,40,2,07信義區,信義區忠孝東路5段與基隆路1段口,0,0,1,1,C03,7,3,5,50,4,2,1,4,4,5,7,1,1,1,4,5,2,17,2,31,2,8,3,4,7,8,1,10,1,12,,7,7,1,22,9,121.5647318,25.04122392
111,1,18,22,40,2,07信義區,信義區忠孝東路5段與基隆路1段口,0,0,1,2,B01,7,3,5,50,4,2,1,4,4,5,7,1,1,1,4,5,2,17,1,44,3,10,3,4,7,1,1,4,1,8,,23,7,1,22,9,121.5647318,25.04122392
111,1,18,23,33,2,10文山區,文山區木柵路1段與辛亥路7段口,0,0,2,1,C03,7,3,5,50,4,1,1,5,4,5,7,1,1,8,3,5,2,13,2,53,2,9,1,1,7,9,1,10,2,12,,43,43,1,22,9,121.5523857,24.98776259
111,1,18,23,33,2,10文山區,文山區木柵路1段與辛亥路7段口,0,0,2,2,C03,7,3,5,50,4,1,1,5,4,5,7,1,1,8,3,5,2,13,1,33,2,9,1,1,7,9,1,10,2,14,,43,43,1,22,9,121.5523857,24.98776259
111,1,19,1,27,2,01大同區,大同區民權西路與蘭州街口,0,0,2,1,C03,7,3,5,50,4,2,1,5,4,5,7,2,1,1,4,5,1,16,1,25,2,9,1,4,7,5,1,10,2,14,,8,8,1,22,9,121.5147171,25.06291216
111,1,19,1,27,2,01大同區,大同區民權西路與蘭州街口,0,0,2,2,C03,7,3,5,50,4,2,1,5,4,5,7,2,1,1,4,5,1,16,1,20,2,9,1,4,7,9,1,10,2,11,,44,8,1,22,9,121.5147171,25.06291216
111,1,19,3,11,2,04大安區,大安區羅斯福路4段與新生南路3段口,0,0,1,1,B01,7,3,5,50,5,1,1,4,4,5,7,2,1,1,4,5,2,17,1,48,3,10,1,1,7,6,1,4,1,5,,9,9,1,22,9,121.5327819,25.0163368
111,1,19,3,11,2,04大安區,大安區羅斯福路4段與新生南路3段口,0,0,1,2,C03,7,3,5,50,5,1,1,4,4,5,7,2,1,1,4,5,2,17,1,26,2,9,1,1,7,9,1,10,1,14,,26,9,1,22,9,121.5327819,25.0163368
111,1,19,5,13,2,02萬華區,萬華區堤外便道(往北華中露營場車道口附近),0,0,1,1,B12,6,3,5,50,14,9,1,4,4,5,7,4,4,5,5,5,2,16,1,64,3,10,1,4,7,9,1,8,2,2,,17,17,1,22,9,121.4961678,25.01604882
111,1,19,5,13,2,02萬華區,萬華區堤外便道(往北華中露營場車道口附近),0,0,1,2,C03,6,3,5,50,14,9,1,4,4,5,7,4,4,5,5,5,2,16,2,67,2,9,1,1,7,9,1,10,2,14,,44,17,1,22,9,121.4961678,25.01604882
111,1,19,6,29,2,04大安區,大安區和平東路2段221號,0,0,1,1,C03,6,3,5,50,14,9,1,4,4,5,7,4,4,8,3,5,2,13,2,25,2,9,1,1,7,9,1,10,1,11,,16,16,1,22,9,121.5427819,25.02500863
111,1,19,6,29,2,04大安區,大安區和平東路2段221號,0,0,1,2,B03,6,3,5,50,14,9,1,4,4,5,7,4,4,8,3,5,2,13,1,62,3,10,1,1,7,9,1,8,1,7,,44,16,1,22,9,121.5427819,25.02500863
111,1,19,7,4,2,12內湖區,內湖區新明路460巷與新明路460巷18弄口,0,0,1,1,B03,6,1,5,30,4,2,1,4,4,5,7,2,1,10,5,5,2,12,1,35,3,10,1,1,7,9,1,8,11,8,,23,23,1,22,9,121.5785428,25.05428565
111,1,19,7,4,2,12內湖區,內湖區新明路460巷與新明路460巷18弄口,0,0,1,2,C03,6,1,5,30,4,2,1,4,4,5,7,2,1,10,5,5,2,12,1,18,2,8,1,1,7,8,1,10,11,12,,7,23,1,22,9,121.5785428,25.05428565
111,1,19,7,10,2,10文山區,文山區興隆路4段與下崙路口,0,0,1,1,C03,6,1,5,50,4,1,1,4,4,5,7,1,1,5,5,5,2,16,1,46,2,7,3,4,7,5,1,10,1,11,,6,6,1,21,8,121.5608666,24.98662517
111,1,19,7,10,2,10文山區,文山區興隆路4段與下崙路口,0,0,1,2,B01,6,1,5,50,4,1,1,4,4,5,7,1,1,5,5,5,2,16,1,52,3,10,3,4,7,9,1,4,2,7,,44,6,1,21,8,121.5608666,24.98662517
111,1,19,7,35,2,03中山區,中山區市民大道3段83號,0,0,1,1,C03,8,1,5,40,14,9,1,5,4,5,7,2,1,9,4,5,2,13,1,25,3,10,1,1,7,9,1,10,1,11,,16,16,1,5,1,121.5370593,25.04484673
111,1,19,7,35,2,03中山區,中山區市民大道3段83號,0,0,1,2,C03,8,1,5,40,14,9,1,5,4,5,7,2,1,9,4,5,2,13,2,40,2,9,1,1,7,9,1,10,1,13,,44,16,1,5,1,121.5370593,25.04484673
111,1,19,7,45,2,12內湖區,內湖區文湖街8號前,0,0,1,1,B03,8,1,5,30,14,9,1,5,4,5,7,4,4,5,2,5,2,11,1,37,3,10,1,1,7,5,1,8,1,8,,8,8,1,22,9,121.5605263,25.0857943
111,1,19,7,45,2,12內湖區,內湖區文湖街8號前,0,0,1,2,C03,8,1,5,30,14,9,1,5,4,5,7,4,4,5,2,5,2,11,1,27,2,7,1,1,7,5,1,10,1,12,,4,8,1,22,9,121.5605263,25.0857943
111,1,19,7,45,2,12內湖區,內湖區文湖街8號前,0,0,1,3,B03,8,1,5,30,14,9,1,5,4,5,7,4,4,5,2,5,2,11,1,40,3,10,1,1,7,14,1,8,1,15,,38,8,1,22,9,121.5605263,25.0857943
111,1,19,7,48,2,01大同區,大同區承德橋機車道往北,0,0,2,1,C03,8,1,5,40,8,11,1,5,4,5,7,4,4,4,2,5,2,17,1,36,2,8,1,1,7,9,1,9,2,11,,16,16,1,22,9,121.5208521,25.07703919
111,1,19,7,48,2,01大同區,大同區承德橋機車道往北,0,0,2,2,C03,8,1,5,40,8,11,1,5,4,5,7,4,4,4,2,5,2,17,1,60,3,10,1,1,7,9,1,10,2,13,,44,16,1,22,9,121.5208521,25.07703919
111,1,19,7,48,2,01大同區,大同區承德橋機車道往北,0,0,2,3,C03,8,1,5,40,8,11,1,5,4,5,7,4,4,4,2,5,2,17,2,26,2,9,1,1,7,9,1,10,2,11,,23,16,1,22,9,121.5208521,25.07703919
111,1,19,8,46,2,08士林區,士林區中山北路5段102號,0,0,1,1,C04,8,1,5,50,14,9,1,5,4,5,7,4,4,4,5,5,1,12,2,21,2,8,1,1,7,1,1,10,1,14,,19,19,1,22,9,121.5256934,25.08475841
111,1,19,8,46,2,08士林區,士林區中山北路5段102號,0,0,1,2,B03,8,1,5,50,14,9,1,5,4,5,7,4,4,4,5,5,1,12,1,43,3,10,1,1,7,9,1,8,1,5,,44,19,1,22,9,121.5256934,25.08475841
111,1,19,8,50,2,10文山區,文山區羅斯福路6段與羅斯福路6段142巷口,0,0,1,1,C03,6,1,5,50,4,1,1,4,4,5,7,2,1,1,4,5,2,13,1,42,2,9,1,1,7,9,1,10,2,11,,23,23,1,22,9,121.5410875,24.99607009
111,1,19,8,50,2,10文山區,文山區羅斯福路6段與羅斯福路6段142巷口,0,0,1,2,B01,6,1,5,50,4,1,1,4,4,5,7,2,1,1,4,5,2,13,1,68,3,10,1,1,7,14,1,4,2,7,,44,23,1,22,9,121.5410875,24.99607009
111,1,19,9,5,2,06松山區,松山區撫遠街與撫遠街195巷口,0,0,2,1,C03,7,1,5,30,3,1,1,5,4,5,7,4,4,1,3,5,2,17,1,43,2,7,1,1,7,6,1,10,1,11,,4,4,1,22,9,121.5680911,25.0596857
111,1,19,9,5,2,06松山區,松山區撫遠街與撫遠街195巷口,0,0,2,2,F01,7,1,5,30,3,1,1,5,4,5,7,4,4,1,3,5,2,17,2,25,2,8,1,1,7,9,8,20,1,16,,44,4,1,22,9,121.5680911,25.0596857
111,1,19,9,9,2,01大同區,大同區延平北路4段與迪化街2段口,0,0,1,1,B12,8,1,5,50,3,1,1,5,4,5,7,2,1,5,4,5,2,17,1,63,3,10,1,4,7,5,1,8,2,5,,8,8,1,22,9,121.5112477,25.07414294
111,1,19,9,9,2,01大同區,大同區延平北路4段與迪化街2段口,0,0,1,2,C03,8,1,5,50,3,1,1,5,4,5,7,2,1,5,4,5,2,17,1,45,2,9,1,4,7,9,1,10,2,11,,44,8,1,22,9,121.5112477,25.07414294
111,1,19,9,10,2,12內湖區,內湖區瑞光路與瑞湖街口,0,0,1,1,B03,6,1,5,50,4,1,1,4,4,5,7,2,1,9,4,5,2,16,2,42,3,10,1,1,7,5,1,8,1,5,,6,6,1,22,9,121.5769395,25.0751418
111,1,19,9,10,2,12內湖區,內湖區瑞光路與瑞湖街口,0,0,1,2,C03,6,1,5,50,4,1,1,4,4,5,7,2,1,9,4,5,2,16,2,25,2,8,1,1,7,9,1,10,1,11,,23,6,1,22,9,121.5769395,25.0751418
111,1,19,9,16,2,09北投區,北投區公館路209巷38弄與公館路209巷口口,0,0,2,1,C03,8,1,5,30,11,9,1,5,4,5,7,4,4,10,5,5,2,17,1,61,2,9,1,1,7,9,1,10,2,15,,43,43,1,22,9,121.5092583,25.12801308
111,1,19,9,16,2,09北投區,北投區公館路209巷38弄與公館路209巷口口,0,0,2,2,B01,8,1,5,30,11,9,1,5,4,5,7,4,4,10,5,5,2,17,1,35,3,10,1,1,7,9,1,4,2,15,,43,43,1,22,9,121.5092583,25.12801308
111,1,19,9,16,2,09北投區,北投區公館路209巷38弄與公館路209巷口口,0,0,2,3,H02,8,1,5,30,11,9,1,5,4,5,7,4,4,10,5,5,2,17,2,27,2,9,1,1,7,20,8,20,10,15,,67,43,1,22,9,121.5092583,25.12801308
111,1,19,9,19,2,04大安區,大安區忠孝東路4段248巷與延吉街138巷口,0,0,1,1,C03,6,1,5,30,4,1,1,4,4,5,7,4,4,10,5,5,2,15,2,66,2,7,1,1,7,9,1,10,1,12,,6,6,1,22,9,121.5531899,25.0397288
111,1,19,9,19,2,04大安區,大安區忠孝東路4段248巷與延吉街138巷口,0,0,1,2,B03,6,1,5,30,4,1,1,4,4,5,7,4,4,10,5,5,2,15,1,75,3,10,1,1,7,9,1,8,1,1,,23,6,1,22,9,121.5531899,25.0397288
111,1,19,9,20,2,11南港區,南港區成美橋003接縫處,0,0,1,1,C03,7,1,5,50,14,9,1,4,4,5,7,4,4,5,4,5,2,13,1,31,3,10,1,1,7,9,1,10,1,11,,16,16,1,22,9,121.5831092,25.05293812
111,1,19,9,20,2,11南港區,南港區成美橋003接縫處,0,0,1,2,C03,7,1,5,50,14,9,1,4,4,5,7,4,4,5,4,5,2,13,1,29,2,2,1,1,7,9,1,10,1,13,,44,16,1,22,9,121.5831092,25.05293812
111,1,19,9,42,2,05中正區,中正區羅斯福路3段與羅斯福路3段284巷口,0,0,2,1,C03,8,1,5,30,5,2,1,5,4,5,7,1,1,10,4,5,2,16,1,20,2,8,1,1,7,6,3,18,2,12,,25,25,1,22,9,121.532216,25.01650191
111,1,19,9,42,2,05中正區,中正區羅斯福路3段與羅斯福路3段284巷口,0,0,2,2,B03,8,1,5,30,5,2,1,5,4,5,7,1,1,10,4,5,2,16,1,50,3,10,1,1,7,9,1,8,2,1,,44,25,1,22,9,121.532216,25.01650191
111,1,19,9,42,2,05中正區,中正區羅斯福路3段與羅斯福路3段284巷口,0,0,2,3,H02,8,1,5,30,5,2,1,5,4,5,7,1,1,10,4,5,2,16,2,18,2,8,1,5,7,20,8,20,10,16,,67,25,1,22,9,121.532216,25.01650191
111,1,19,9,43,2,04大安區,大安區和平東路2段與和平東路3段1巷口,0,0,2,1,F01,6,1,5,50,5,2,1,4,4,5,7,1,1,8,3,5,2,15,2,67,2,9,1,1,7,9,8,20,1,16,,42,42,1,22,9,121.5466799,25.02465754
111,1,19,9,43,2,04大安區,大安區和平東路2段與和平東路3段1巷口,0,0,2,2,C03,6,1,5,50,5,2,1,4,4,5,7,1,1,8,3,5,2,15,1,29,2,7,1,1,7,15,1,10,1,12,,42,42,1,22,9,121.5466799,25.02465754
111,1,19,9,46,2,09北投區,北投區中央北路1段與大業路口,0,0,1,1,A41,8,1,5,50,4,1,1,5,4,5,7,1,1,3,4,5,1,3,1,59,3,10,1,1,7,5,1,1,2,1,,15,15,1,21,8,121.4972274,25.1360308
111,1,19,9,46,2,09北投區,北投區中央北路1段與大業路口,0,0,1,2,H01,8,1,5,50,4,1,1,5,4,5,7,1,1,3,4,5,1,3,2,78,2,9,4,5,8,16,8,20,10,16,,67,15,1,21,8,121.4972274,25.1360308
111,1,19,10,11,2,04大安區,大安區市民大道4段102號,0,0,1,1,C03,6,1,5,0,15,20,4,4,4,5,7,4,4,10,5,5,2,1,2,51,4,11,3,4,7,15,7,19,11,15,,26,26,2,22,9,121.5500225,25.04450698
111,1,19,10,11,2,04大安區,大安區市民大道4段102號,0,0,1,2,H01,6,1,5,0,15,20,4,4,4,5,7,4,4,10,5,5,2,1,2,49,2,1,4,4,8,18,8,20,11,16,,60,26,1,22,9,121.5500225,25.04450698
111,1,19,10,25,2,05中正區,中正區鄭州路往東(近重慶匝道),0,0,2,1,C03,7,1,5,40,14,9,1,5,4,5,7,4,4,1,4,5,2,13,1,20,2,7,1,4,7,9,1,10,1,11,,16,16,1,3,1,121.5138108,25.04915368
111,1,19,10,25,2,05中正區,中正區鄭州路往東(近重慶匝道),0,0,2,2,C03,7,1,5,40,14,9,1,5,4,5,7,4,4,1,4,5,2,13,2,23,2,9,1,1,7,9,1,10,1,13,,44,16,1,18,2,121.5138108,25.04915368
111,1,19,10,40,2,03中山區,中山區長春路與建國北路2段口南側迴轉道,0,0,2,1,C03,7,1,5,50,3,1,1,5,4,5,7,4,4,10,4,5,2,12,1,28,2,9,1,4,7,15,1,10,2,13,12,26,26,1,22,9,121.5370462,25.05388094
111,1,19,10,40,2,03中山區,中山區長春路與建國北路2段口南側迴轉道,0,0,2,2,C03,7,1,5,50,3,1,1,5,4,5,7,4,4,10,4,5,2,12,1,29,2,9,1,4,7,15,1,10,2,11,12,26,26,1,22,9,121.5370462,25.05388094
111,1,19,11,10,2,10文山區,文山區保儀路119巷與保儀路附近側附近口對面之無名巷,0,0,2,1,C03,6,1,5,30,11,9,1,4,4,5,7,4,4,10,5,5,2,17,1,49,2,9,3,4,7,9,1,10,2,11,,23,23,1,21,8,121.5667167,24.98593686
111,1,19,11,10,2,10文山區,文山區保儀路119巷與保儀路附近側附近口對面之無名巷,0,0,2,2,C03,6,1,5,30,11,9,1,4,4,5,7,4,4,10,5,5,2,17,2,58,2,9,3,4,7,9,1,10,2,12,,44,23,1,21,8,121.5667167,24.98593686
111,1,19,11,12,2,08士林區,士林區德行東路235號,0,0,1,1,B02,7,1,5,50,14,9,1,5,4,5,7,4,4,5,5,5,1,16,1,40,3,10,1,1,7,1,1,8,1,8,,19,19,1,22,9,121.5337988,25.10963312
111,1,19,11,12,2,08士林區,士林區德行東路235號,0,0,1,2,C03,7,1,5,50,14,9,1,5,4,5,7,4,4,5,5,5,1,16,1,33,2,9,1,1,7,9,1,10,1,11,,44,19,1,22,9,121.5337988,25.10963312
111,1,19,11,12,2,08士林區,士林區德行東路235號,0,0,1,3,B03,7,1,5,50,14,9,1,5,4,5,7,4,4,5,5,5,1,16,1,34,3,10,1,1,7,9,1,8,1,8,,44,19,1,22,9,121.5337988,25.10963312
111,1,19,11,17,2,07信義區,信義區虎林街120巷與永吉路180巷口,0,0,1,1,B01,8,1,5,50,4,1,1,5,4,5,7,4,4,10,5,5,2,15,1,37,3,10,1,1,7,9,1,4,2,5,,6,6,1,21,8,121.5714064,25.0422515
111,1,19,11,17,2,07信義區,信義區虎林街120巷與永吉路180巷口,0,0,1,2,C03,8,1,5,50,4,1,1,5,4,5,7,4,4,10,5,5,2,15,1,42,2,9,1,1,7,9,1,10,2,13,,14,6,1,21,8,121.5714064,25.0422515
111,1,19,11,17,2,07信義區,信義區虎林街120巷與永吉路180巷口,0,0,1,3,C03,8,1,5,50,4,1,1,5,4,5,7,4,4,10,5,5,2,15,2,35,3,10,3,4,7,21,7,19,9,15,,44,6,1,21,8,121.5714064,25.0422515
111,1,19,11,17,2,07信義區,信義區虎林街120巷與永吉路180巷口,0,0,1,4,C03,8,1,5,50,4,1,1,5,4,5,7,4,4,10,5,5,2,15,2,33,3,10,3,4,7,15,7,19,11,12,,44,6,2,22,9,121.5714064,25.0422515
111,1,19,11,17,2,07信義區,信義區虎林街120巷與永吉路180巷口,0,0,1,5,C03,8,1,5,50,4,1,1,5,4,5,7,4,4,10,5,5,2,15,1,49,3,10,3,4,7,15,7,19,11,12,,44,6,2,22,9,121.5714064,25.0422515
111,1,19,11,17,2,07信義區,信義區虎林街120巷與永吉路180巷口,0,0,1,6,C03,8,1,5,50,4,1,1,5,4,5,7,4,4,10,5,5,2,15,1,37,3,10,3,4,7,15,7,19,11,12,,44,6,2,22,9,121.5714064,25.0422515
111,1,19,11,17,2,07信義區,信義區虎林街120巷與永吉路180巷口,0,0,1,7,C03,8,1,5,50,4,1,1,5,4,5,7,4,4,10,5,5,2,15,2,46,3,10,3,4,7,15,7,19,11,14,,44,6,2,22,9,121.5714064,25.0422515
111,1,19,11,35,2,08士林區,士林區中山北路4段往北近通河街,0,0,1,1,C03,8,1,5,50,14,9,1,5,4,5,7,4,4,1,4,5,1,13,1,31,2,9,1,1,7,7,1,10,1,11,,23,23,1,22,9,121.5247517,25.07904692
111,1,19,11,35,2,08士林區,士林區中山北路4段往北近通河街,0,0,1,2,B03,8,1,5,50,14,9,1,5,4,5,7,4,4,1,4,5,1,13,2,56,3,10,1,1,7,9,1,8,1,3,,44,23,1,22,9,121.5247517,25.07904692
111,1,19,11,35,2,12內湖區,內湖區成功路4段與無名巷口口,0,0,1,1,C03,6,1,5,50,3,2,1,4,4,5,7,4,4,1,4,5,1,12,1,59,3,10,1,1,7,9,1,10,1,12,,44,44,1,22,9,121.5926914,25.08242692
111,1,19,11,35,2,12內湖區,內湖區成功路4段與無名巷口口,0,0,1,2,F01,6,1,5,50,3,2,1,4,4,5,7,4,4,1,4,5,1,12,2,70,2,9,1,1,7,1,8,20,1,16,,19,44,1,22,9,121.5926914,25.08242692
111,1,19,11,50,2,07信義區,信義區仁愛路4段512巷與光復南路419巷口,0,0,1,1,C03,8,1,5,30,13,9,1,5,4,3,7,4,4,10,5,5,1,16,1,46,3,10,1,1,7,5,1,10,1,14,,6,6,1,22,9,121.5608585,25.03644554
111,1,19,11,50,2,07信義區,信義區仁愛路4段512巷與光復南路419巷口,0,0,1,2,C03,8,1,5,30,13,9,1,5,4,3,7,4,4,10,5,5,1,16,2,28,2,8,1,1,7,9,1,10,1,11,,44,6,1,22,9,121.5608585,25.03644554
111,1,19,11,50,2,07信義區,信義區仁愛路4段512巷與光復南路419巷口,0,0,1,3,B03,8,1,5,30,13,9,1,5,4,3,7,4,4,10,5,5,1,16,2,32,3,10,1,1,7,13,1,8,9,15,,38,6,1,22,9,121.5608585,25.03644554
111,1,19,11,58,2,07信義區,信義區松仁路95巷一蘭拉麵對面,0,0,1,1,C03,8,1,5,30,14,9,1,5,4,5,7,4,4,9,4,5,2,17,1,37,2,9,1,1,7,4,1,10,1,12,,1,1,1,22,9,121.5690164,25.03660254
111,1,19,11,58,2,07信義區,信義區松仁路95巷一蘭拉麵對面,0,0,1,2,B01,8,1,5,30,14,9,1,5,4,5,7,4,4,9,4,5,2,17,1,55,3,10,1,1,7,5,1,4,1,8,,8,1,1,22,9,121.5690164,25.03660254
111,1,19,12,28,2,01大同區,大同區長安西路與長安西路220巷口,0,0,1,1,C03,7,1,5,50,4,1,1,5,4,5,7,2,1,5,5,5,2,16,2,55,3,10,1,1,7,5,1,10,2,11,,6,6,1,22,9,121.514756,25.05138131