發生年度,發生月,發生日,發生時-Hours,發生分,處理別-編號,區序,肇事地點,死亡人數,2-30日死亡人數,受傷人數,當事人序號,車種,天候,光線,道路類別,速限-速度限制,道路型態,事故位置,路面狀況1,路面狀況2,路面狀況3,道路障礙1,道路障礙2,號誌1,號誌2,車道劃分-分向,車道劃分-分道1,車道劃分-分道2,車道劃分-分道3,事故類型及型態,性別,年齡,受傷程度,主要傷處,安全帽,行動電話,車輛用途,當事者行動狀態,駕駛資格情形,駕駛執照種類,飲酒情形,車輛撞擊部位1,車輛撞擊部位2,肇因碼-個別,肇因碼-主要,個人肇逃否,職業,旅次目的,座標-X,座標-Y
111,1,19,12,28,2,01大同區,大同區長安西路與長安西路220巷口,0,0,1,2,C03,7,1,5,50,4,1,1,5,4,5,7,2,1,5,5,5,2,16,2,59,2,7,1,1,7,9,1,10,2,11,,44,6,1,22,9,121.514756,25.05138131
111,1,19,12,32,2,07信義區,信義區忠孝東路5段與虎林街口,0,0,1,1,B01,8,1,5,50,4,1,1,5,4,5,7,2,1,1,4,5,2,17,1,58,3,10,1,1,7,6,1,4,1,5,,9,9,1,21,8,121.5769258,25.04067888
111,1,19,12,32,2,07信義區,信義區忠孝東路5段與虎林街口,0,0,1,2,C03,8,1,5,50,4,1,1,5,4,5,7,2,1,1,4,5,2,17,1,20,2,9,1,1,7,9,1,10,1,14,,23,9,1,21,8,121.5769258,25.04067888
111,1,19,12,34,2,10文山區,文山區辛亥路7段與忠順街1段口口,0,0,1,1,B01,8,1,5,50,3,1,1,5,4,5,7,1,1,4,3,4,2,17,1,62,3,10,1,1,7,5,1,8,1,2,,6,6,1,22,9,121.5540157,24.98318548
111,1,19,12,34,2,10文山區,文山區辛亥路7段與忠順街1段口口,0,0,1,2,C03,8,1,5,50,3,1,1,5,4,5,7,1,1,4,3,4,2,17,1,19,2,9,1,1,7,9,1,10,1,11,,23,6,1,22,9,121.5540157,24.98318548
111,1,19,12,51,2,12內湖區,內湖區星雲街與星雲街33巷口,0,0,1,1,C03,7,1,5,40,3,2,1,5,4,5,7,3,1,10,5,5,2,17,1,23,3,10,1,1,7,8,1,10,1,15,,7,7,2,22,9,121.5914684,25.07855843
111,1,19,12,51,2,12內湖區,內湖區星雲街與星雲街33巷口,0,0,1,2,C03,7,1,5,40,3,2,1,5,4,5,7,3,1,10,5,5,2,17,1,29,2,8,1,1,7,15,1,9,1,12,,44,7,2,22,9,121.5914684,25.07855843
111,1,19,13,1,2,04大安區,大安區敦化南路1段190巷與忠孝東路4段77巷口,0,0,2,1,C03,7,1,5,30,4,1,1,5,4,5,7,4,4,10,4,5,2,15,1,29,2,9,1,1,7,9,1,10,1,11,,6,6,1,22,9,121.5472084,25.0426197
111,1,19,13,1,2,04大安區,大安區敦化南路1段190巷與忠孝東路4段77巷口,0,0,2,2,C03,7,1,5,30,4,1,1,5,4,5,7,4,4,10,4,5,2,15,2,45,2,9,1,1,7,9,1,10,1,14,,13,6,1,22,9,121.5472084,25.0426197
111,1,19,13,29,2,03中山區,中山區民生西路21號,0,0,1,1,H01,7,1,5,50,14,9,1,5,4,5,7,4,4,4,5,5,1,3,1,65,2,9,4,5,8,16,8,20,10,16,,52,52,1,22,9,121.5214718,25.05776614
111,1,19,13,29,2,03中山區,中山區民生西路21號,0,0,1,2,C03,7,1,5,50,14,9,1,5,4,5,7,4,4,4,5,5,1,3,1,30,3,10,3,4,7,9,1,10,2,12,,26,52,1,22,9,121.5214718,25.05776614
111,1,19,13,35,2,04大安區,大安區基隆路4段43號前迴轉道,0,0,1,1,C02,8,1,5,50,3,1,1,5,4,5,7,2,1,1,4,4,2,16,1,61,2,9,1,1,7,9,1,9,1,14,,25,25,1,22,9,121.5403675,25.01390955
111,1,19,13,35,2,04大安區,大安區基隆路4段43號前迴轉道,0,0,1,2,B01,8,1,5,50,3,1,1,5,4,5,7,2,1,1,4,4,2,16,1,49,3,10,1,1,7,5,1,4,1,1,,44,25,1,22,9,121.5403675,25.01390955
111,1,19,13,40,2,08士林區,士林區承德路5段與基河路口,0,0,1,1,B03,8,1,5,50,4,2,1,5,4,5,7,2,1,3,4,4,2,16,2,40,3,10,1,1,7,6,1,8,1,5,,6,6,1,22,9,121.5132164,25.09776575
111,1,19,13,40,2,08士林區,士林區承德路5段與基河路口,0,0,1,2,C03,8,1,5,50,4,2,1,5,4,5,7,2,1,3,4,4,2,16,1,19,2,9,1,1,7,9,1,10,1,11,,13,6,1,22,9,121.5132164,25.09776575
111,1,19,13,48,2,04大安區,大安區仁愛路3段與建國南路1段口,0,0,1,1,C04,7,1,5,50,4,1,1,5,4,5,7,1,1,1,5,5,1,13,2,29,2,9,1,1,7,9,1,10,2,11,12,23,23,1,22,9,121.537704,25.03790344
111,1,19,13,48,2,04大安區,大安區仁愛路3段與建國南路1段口,0,0,1,2,B03,7,1,5,50,4,1,1,5,4,5,7,1,1,1,5,5,1,13,2,43,3,10,1,1,7,5,1,8,2,3,,44,23,1,22,9,121.537704,25.03790344
111,1,19,14,20,2,12內湖區,內湖區新湖三路36號,0,0,1,1,B03,7,1,5,50,14,9,1,5,4,5,7,4,4,9,4,5,2,16,1,58,3,10,1,1,7,11,1,8,2,5,,26,26,1,22,9,121.5756289,25.06303109
111,1,19,14,20,2,12內湖區,內湖區新湖三路36號,0,0,1,2,C03,7,1,5,50,14,9,1,5,4,5,7,4,4,9,4,5,2,16,1,58,2,9,1,1,7,9,1,10,2,11,,44,26,1,22,9,121.5756289,25.06303109
111,1,19,15,0,2,07信義區,信義區光復南路與光復南路290巷口,0,0,1,1,B03,7,1,5,50,3,2,1,4,4,5,7,2,1,1,4,5,2,16,1,45,3,10,1,1,7,11,1,8,4,2,,10,10,1,22,8,121.5576575,25.03932509
111,1,19,15,0,2,07信義區,信義區光復南路與光復南路290巷口,0,0,1,2,C03,7,1,5,50,3,2,1,4,4,5,7,2,1,1,4,5,2,16,1,23,2,8,1,1,7,9,1,10,2,14,,44,10,1,22,8,121.5576575,25.03932509
111,1,19,15,25,2,09北投區,北投區新民路與泉源路口(逸仙國小前),0,0,2,1,B03,8,1,5,30,14,9,1,5,4,5,7,3,1,9,4,5,2,16,2,43,3,10,1,1,7,5,1,8,2,5,,6,6,1,22,9,121.5050321,25.13846712
111,1,19,15,25,2,09北投區,北投區新民路與泉源路口(逸仙國小前),0,0,2,2,C03,8,1,5,30,14,9,1,5,4,5,7,3,1,9,4,5,2,16,2,20,2,8,1,1,7,9,1,10,2,12,,14,6,1,22,9,121.5050321,25.13846712
111,1,19,15,25,2,09北投區,北投區新民路與泉源路口(逸仙國小前),0,0,2,3,H02,8,1,5,30,14,9,1,5,4,5,7,3,1,9,4,5,2,16,2,55,2,8,4,1,7,20,8,20,10,16,,67,6,1,22,9,121.5050321,25.13846712
111,1,19,15,34,2,02萬華區,萬華區昆明街與漢口街2段口,0,0,1,1,C04,7,1,5,50,4,1,1,5,4,5,7,1,1,9,4,5,2,16,2,25,2,9,1,1,7,5,1,10,1,14,,44,44,1,22,9,121.5056878,25.0459312
111,1,19,15,34,2,02萬華區,萬華區昆明街與漢口街2段口,0,0,1,2,B03,7,1,5,50,4,1,1,5,4,5,7,1,1,9,4,5,2,16,1,36,3,10,1,1,7,9,1,8,1,1,,44,44,1,22,9,121.5056878,25.0459312
111,1,19,15,41,2,01大同區,大同區延平北路3段與民權西路口,0,0,2,1,H01,7,1,5,0,14,9,1,5,4,5,7,4,4,10,4,5,2,3,1,58,2,9,4,5,8,18,8,20,10,16,,67,67,1,22,9,121.5113297,25.06306159
111,1,19,15,41,2,01大同區,大同區延平北路3段與民權西路口,0,0,2,2,C03,7,1,5,0,14,9,1,5,4,5,7,4,4,10,4,5,2,3,1,20,2,8,1,1,7,9,1,10,2,11,,23,67,1,22,9,121.5113297,25.06306159
111,1,19,15,50,2,08士林區,士林區社中街210巷與社中街250巷21弄口,0,0,2,1,C03,8,1,5,30,4,1,1,5,4,5,7,4,4,10,5,5,2,15,1,27,2,9,1,1,7,9,1,10,2,11,,6,6,1,22,9,121.5077188,25.09224906
111,1,19,15,50,2,08士林區,士林區社中街210巷與社中街250巷21弄口,0,0,2,2,C03,8,1,5,30,4,1,1,5,4,5,7,4,4,10,5,5,2,15,1,30,2,9,1,1,7,9,1,10,2,11,,14,6,1,22,9,121.5077188,25.09224906
111,1,19,15,50,2,08士林區,士林區社中街210巷與社中街250巷21弄口,0,0,2,3,C03,8,1,5,30,4,1,1,5,4,5,7,4,4,10,5,5,2,15,1,46,3,10,3,4,7,13,7,19,11,15,,38,6,1,22,9,121.5077188,25.09224906
111,1,19,16,30,2,09北投區,北投區北投路1段53號附近側附近,0,0,1,1,A12,8,1,5,40,3,2,1,5,4,5,7,4,4,4,4,4,2,13,1,71,3,10,1,1,7,11,1,7,1,7,,10,10,1,22,9,121.5008911,25.12531279
111,1,19,16,30,2,09北投區,北投區北投路1段53號附近側附近,0,0,1,2,C03,8,1,5,40,3,2,1,5,4,5,7,4,4,4,4,4,2,13,1,33,2,8,1,1,7,9,1,10,1,11,,13,10,1,22,9,121.5008911,25.12531279
111,1,19,16,35,2,04大安區,車行地下道往西(辛亥路3段21巷附近),0,0,1,1,B12,8,1,5,50,14,9,1,5,4,5,7,4,4,1,4,5,2,13,1,42,2,8,1,1,7,9,1,8,2,1,,23,23,1,22,9,121.5495891,25.0164328
111,1,19,16,35,2,04大安區,車行地下道往西(辛亥路3段21巷附近),0,0,1,2,B12,8,1,5,50,14,9,1,5,4,5,7,4,4,1,4,5,2,13,1,56,3,10,1,1,7,14,1,8,2,3,,44,23,1,22,9,121.5495891,25.0164328
111,1,19,16,35,2,04大安區,車行地下道往西(辛亥路3段21巷附近),0,0,1,3,B03,8,1,5,50,14,9,1,5,4,5,7,4,4,1,4,5,2,13,1,35,3,10,1,1,7,14,1,8,2,3,,44,23,1,22,9,121.5495891,25.0164328
111,1,19,16,35,2,04大安區,車行地下道往西(辛亥路3段21巷附近),0,0,1,4,B01,8,1,5,50,14,9,1,5,4,5,7,4,4,1,4,5,2,13,1,59,3,10,2,1,7,14,1,4,2,3,,44,23,1,22,9,121.5495891,25.0164328
111,1,19,16,35,2,04大安區,車行地下道往西(辛亥路3段21巷附近),0,0,1,5,B12,8,1,5,50,14,9,1,5,4,5,7,4,4,1,4,5,2,13,1,40,3,10,1,1,7,14,1,8,2,3,,44,23,1,22,9,121.5495891,25.0164328
111,1,19,16,40,2,11南港區,南港區研究院路1段19號,0,0,1,1,C03,6,1,5,50,14,9,1,4,4,5,7,2,1,3,1,5,2,16,2,68,2,8,3,4,7,7,1,10,1,13,,7,7,1,22,9,121.6164884,25.05399792
111,1,19,16,40,2,11南港區,南港區研究院路1段19號,0,0,1,2,B03,6,1,5,50,14,9,1,4,4,5,7,2,1,3,1,5,2,16,2,53,3,10,3,4,7,9,1,8,1,5,,44,7,1,22,9,121.6164884,25.05399792
111,1,19,16,45,2,03中山區,中山區濱江街353號,0,0,1,1,B03,7,1,5,40,14,8,1,5,4,5,7,4,4,1,4,4,2,13,1,39,3,10,1,1,7,14,1,8,2,7,,38,38,1,22,9,121.5496621,25.07235335
111,1,19,16,45,2,03中山區,中山區濱江街353號,0,0,1,2,C03,7,1,5,40,14,8,1,5,4,5,7,4,4,1,4,4,2,13,1,24,2,9,1,1,7,9,3,18,2,11,,23,38,1,22,9,121.5496621,25.07235335
111,1,19,17,20,2,08士林區,士林區前港街31號,0,0,1,1,C03,7,2,5,30,14,9,1,5,4,5,7,4,4,10,5,5,2,12,2,36,2,8,1,1,7,5,1,10,1,14,,44,44,1,22,9,121.5218307,25.08470947
111,1,19,17,20,2,08士林區,士林區前港街31號,0,0,1,2,C03,7,2,5,30,14,9,1,5,4,5,7,4,4,10,5,5,2,12,1,30,3,10,1,1,7,4,1,10,1,11,,5,44,1,22,9,121.5218307,25.08470947
111,1,19,17,21,2,04大安區,大安區市民大道3段270號,0,0,2,1,C03,7,1,5,40,14,9,1,5,4,5,7,1,1,1,4,5,2,13,2,31,2,9,1,1,7,9,1,10,2,11,,23,23,1,22,9,121.542071,25.04452084
111,1,19,17,21,2,04大安區,大安區市民大道3段270號,0,0,2,2,C03,7,1,5,40,14,9,1,5,4,5,7,1,1,1,4,5,2,13,1,21,2,9,1,1,7,14,1,10,2,13,,44,23,1,22,9,121.542071,25.04452084
111,1,19,17,55,2,05中正區,中正區中華路1段與忠孝西路1段口,0,0,1,1,C03,8,3,5,50,5,2,1,5,4,5,7,2,1,1,4,5,2,17,2,49,3,10,1,4,7,6,1,10,2,11,,42,42,1,5,1,121.5101879,25.04778783
111,1,19,17,55,2,05中正區,中正區中華路1段與忠孝西路1段口,0,0,1,2,C03,8,3,5,50,5,2,1,5,4,5,7,2,1,1,4,5,2,17,2,37,2,9,1,1,7,9,1,10,2,11,,16,42,1,22,1,121.5101879,25.04778783
111,1,19,17,55,2,05中正區,中正區中華路1段與忠孝西路1段口,0,0,1,3,,8,3,5,50,5,2,1,5,4,5,7,2,1,1,4,5,2,17,3,,,,,,,,,,,,,67,42,1,,,121.5101879,25.04778783
111,1,19,17,56,2,09北投區,北投區福國路與無名巷口,0,0,1,1,B12,7,3,5,50,14,9,1,5,4,5,7,3,1,10,5,5,2,12,1,59,3,10,1,1,7,7,1,6,2,4,,23,23,1,22,9,121.5171669,25.10194204
111,1,19,17,56,2,09北投區,北投區福國路與無名巷口,0,0,1,2,C03,7,3,5,50,14,9,1,5,4,5,7,3,1,10,5,5,2,12,2,35,2,9,1,1,7,8,1,10,2,12,,7,23,1,22,9,121.5171669,25.10194204
111,1,19,18,0,2,11南港區,南港區市民大道7段與向陽路口,0,0,1,1,B03,6,3,5,50,4,2,1,4,4,5,7,1,1,1,4,5,2,16,2,58,3,10,1,1,7,9,1,8,1,5,,44,44,1,22,9,121.5955285,25.05145696
111,1,19,18,0,2,11南港區,南港區市民大道7段與向陽路口,0,0,1,2,C03,6,3,5,50,4,2,1,4,4,5,7,1,1,1,4,5,2,16,1,67,2,9,1,1,7,5,1,10,1,13,,8,44,1,22,9,121.5955285,25.05145696
111,1,19,18,0,2,07信義區,信義區信安街與信安街103巷口,0,0,2,1,C03,6,1,5,30,4,1,1,4,4,5,7,4,4,9,5,5,2,15,2,40,2,8,1,1,7,9,1,10,1,12,,6,6,1,22,9,121.5567581,25.02562907
111,1,19,18,0,2,07信義區,信義區信安街與信安街103巷口,0,0,2,2,C03,6,1,5,30,4,1,1,4,4,5,7,4,4,9,5,5,2,15,1,34,2,9,1,1,7,9,1,10,1,11,,44,6,1,22,9,121.5567581,25.02562907
111,1,19,18,2,2,09北投區,北投區東華街2段與立農街2段202巷口,0,0,2,1,C03,8,3,5,50,14,9,1,5,4,5,7,1,1,9,4,5,2,16,2,41,3,10,1,1,7,5,1,10,1,13,,8,8,1,22,9,121.5135208,25.11775162
111,1,19,18,2,2,09北投區,北投區東華街2段與立農街2段202巷口,0,0,2,2,C03,8,3,5,50,14,9,1,5,4,5,7,1,1,9,4,5,2,16,1,20,2,8,1,1,7,9,1,10,1,11,,44,8,1,22,9,121.5135208,25.11775162
111,1,19,18,2,2,09北投區,北投區東華街2段與立農街2段202巷口,0,0,2,3,H02,8,3,5,50,14,9,1,5,4,5,7,1,1,9,4,5,2,16,2,21,2,8,4,1,7,20,8,20,10,16,,67,8,1,22,9,121.5135208,25.11775162
111,1,19,18,3,2,12內湖區,內湖區行善路與行善路181巷口口,0,0,1,1,B02,6,3,5,50,3,1,1,4,4,3,7,4,4,1,4,4,2,16,1,54,3,10,1,1,7,6,1,8,2,2,6,9,9,1,22,9,121.5814876,25.05960436
111,1,19,18,3,2,12內湖區,內湖區行善路與行善路181巷口口,0,0,1,2,C03,6,3,5,50,3,1,1,4,4,3,7,4,4,1,4,4,2,16,1,25,2,9,1,1,7,9,1,10,2,14,,14,9,1,22,9,121.5814876,25.05960436
111,1,19,18,3,2,12內湖區,內湖區行善路與行善路181巷口口,0,0,1,3,,6,3,5,50,3,1,1,4,4,3,7,4,4,1,4,4,2,16,4,,4,11,3,4,7,15,7,19,11,15,,38,9,2,22,9,121.5814876,25.05960436
111,1,19,18,3,2,12內湖區,內湖區行善路與行善路181巷口口,0,0,1,4,,6,3,5,50,3,1,1,4,4,3,7,4,4,1,4,4,2,16,4,,,,,,,,,,,,,38,9,,,,121.5814876,25.05960436
111,1,19,18,10,2,03中山區,中山區南京東路3段與遼寧街口,0,0,1,1,B01,7,3,5,50,4,2,1,5,4,5,7,1,1,1,4,4,1,17,1,60,3,10,1,1,7,6,1,4,1,15,,9,9,1,22,9,121.5420108,25.05178372
111,1,19,18,10,2,03中山區,中山區南京東路3段與遼寧街口,0,0,1,2,C03,7,3,5,50,4,2,1,5,4,5,7,1,1,1,4,4,1,17,1,30,2,9,1,1,7,9,1,10,1,14,,44,9,1,22,9,121.5420108,25.05178372
111,1,19,18,12,2,11南港區,南港區松河街東往西,0,0,2,1,B03,6,3,5,50,14,9,1,4,4,5,7,4,4,8,5,5,2,13,1,32,3,10,3,4,7,9,1,8,1,1,,16,16,1,22,9,121.5807199,25.05228951
111,1,19,18,12,2,11南港區,南港區松河街東往西,0,0,2,2,C03,6,3,5,50,14,9,1,4,4,5,7,4,4,8,5,5,2,13,2,45,2,9,3,4,7,14,1,10,1,13,,44,16,1,22,9,121.5807199,25.05228951
111,1,19,18,12,2,11南港區,南港區松河街東往西,0,0,2,3,B02,6,3,5,50,14,9,1,4,4,5,7,4,4,8,5,5,2,13,1,59,3,10,3,4,7,9,1,8,1,7,,44,16,1,22,9,121.5807199,25.05228951
111,1,19,18,12,2,11南港區,南港區松河街東往西,0,0,2,4,H02,6,3,5,50,14,9,1,4,4,5,7,4,4,8,5,5,2,13,2,45,2,5,4,5,7,20,8,20,10,16,,67,16,1,22,9,121.5807199,25.05228951
111,1,19,18,13,2,03中山區,中山區民權東路2段69號,0,0,1,1,C03,7,3,5,50,14,9,1,5,4,5,7,4,4,1,4,5,2,13,1,25,2,9,1,1,7,9,1,10,1,11,,23,23,1,22,9,121.5316388,25.06263144
111,1,19,18,13,2,03中山區,中山區民權東路2段69號,0,0,1,2,C03,7,3,5,50,14,9,1,5,4,5,7,4,4,1,4,5,2,13,1,20,3,10,1,1,7,9,1,9,1,13,,44,23,1,22,9,121.5316388,25.06263144
111,1,19,18,13,2,03中山區,中山區民權東路2段69號,0,0,1,3,C03,7,3,5,50,14,9,1,5,4,5,7,4,4,1,4,5,2,13,1,18,3,10,1,1,7,14,1,10,1,13,,44,23,1,22,9,121.5316388,25.06263144
111,1,19,18,27,2,03中山區,中山區林森北路與長春路口,0,0,6,1,C03,8,3,5,50,14,9,1,5,4,5,7,2,1,5,4,4,2,16,1,24,2,9,1,1,7,5,1,10,1,12,,8,8,1,22,9,121.5254706,25.05488173
111,1,19,18,27,2,03中山區,中山區林森北路與長春路口,0,0,6,2,C03,8,3,5,50,14,9,1,5,4,5,7,2,1,5,4,4,2,16,1,45,2,9,1,1,7,9,1,10,1,11,,32,8,1,22,9,121.5254706,25.05488173
111,1,19,18,27,2,03中山區,中山區林森北路與長春路口,0,0,6,3,H02,8,3,5,50,14,9,1,5,4,5,7,2,1,5,4,4,2,16,2,33,2,9,4,5,7,21,8,20,10,15,,67,8,1,22,9,121.5254706,25.05488173
111,1,19,18,27,2,03中山區,中山區林森北路與長春路口,0,0,6,4,H02,8,3,5,50,14,9,1,5,4,5,7,2,1,5,4,4,2,16,2,44,2,9,4,5,7,21,8,20,10,15,,67,8,1,22,9,121.5254706,25.05488173
111,1,19,18,27,2,03中山區,中山區林森北路與長春路口,0,0,6,5,H02,8,3,5,50,14,9,1,5,4,5,7,2,1,5,4,4,2,16,1,10,2,9,4,5,7,21,8,20,10,15,,67,8,1,22,9,121.5254706,25.05488173
111,1,19,18,27,2,03中山區,中山區林森北路與長春路口,0,0,6,6,H02,8,3,5,50,14,9,1,5,4,5,7,2,1,5,4,4,2,16,1,3,2,9,4,5,7,21,8,20,10,15,,67,8,1,22,9,121.5254706,25.05488173
111,1,19,18,30,2,04大安區,大安區建國南路1段與濟南路3段口,0,0,1,1,C03,7,3,5,50,4,1,1,5,4,5,7,2,1,9,4,5,2,17,2,42,3,10,1,1,7,6,1,10,1,15,,9,9,1,21,8,121.5373718,25.04018335
111,1,19,18,30,2,04大安區,大安區建國南路1段與濟南路3段口,0,0,1,2,C03,7,3,5,50,4,1,1,5,4,5,7,2,1,9,4,5,2,17,2,33,2,9,1,1,7,9,1,10,1,15,,44,9,1,21,8,121.5373718,25.04018335
111,1,19,18,47,2,02萬華區,萬華區東園街與東園街35巷口,0,0,2,1,C03,8,3,5,50,3,1,1,5,4,5,7,3,1,5,5,5,2,16,1,47,2,7,1,1,7,5,1,10,1,11,,6,6,1,22,9,121.4957582,25.02750663
111,1,19,18,47,2,02萬華區,萬華區東園街與東園街35巷口,0,0,2,2,C03,8,3,5,50,3,1,1,5,4,5,7,3,1,5,5,5,2,16,1,21,2,9,1,1,7,9,1,10,1,11,,44,6,1,22,9,121.4957582,25.02750663
111,1,19,18,49,2,07信義區,信義區基隆路1段102巷與基隆路1段口,0,0,1,1,B03,7,3,5,50,3,1,1,5,4,5,7,4,4,1,4,5,1,16,1,38,3,10,3,4,7,6,1,8,1,6,,9,9,1,22,9,121.5668271,25.045352
111,1,19,18,49,2,07信義區,信義區基隆路1段102巷與基隆路1段口,0,0,1,2,C03,7,3,5,50,3,1,1,5,4,5,7,4,4,1,4,5,1,16,1,55,2,5,3,4,7,9,1,9,1,11,,44,9,1,22,9,121.5668271,25.045352
111,1,19,18,55,2,05中正區,中正區和平西路2段142號,0,0,1,1,C03,7,3,5,50,14,7,1,5,4,5,7,4,4,1,3,4,1,16,1,63,3,10,1,1,7,9,1,10,1,14,,16,16,1,22,9,121.5062607,25.0323839
111,1,19,18,55,2,05中正區,中正區和平西路2段142號,0,0,1,2,C03,7,3,5,50,14,7,1,5,4,5,7,4,4,1,3,4,1,16,1,68,3,10,1,1,7,9,1,10,1,12,,44,16,1,22,9,121.5062607,25.0323839
111,1,19,18,55,2,05中正區,中正區和平西路2段142號,0,0,1,3,H02,7,3,5,50,14,7,1,5,4,5,7,4,4,1,3,4,1,16,2,54,2,7,1,5,7,17,8,20,10,16,,67,16,1,22,9,121.5062607,25.0323839
111,1,19,18,56,2,03中山區,中山區民權東路2段135巷29弄6號,0,0,1,1,B12,7,3,5,30,14,9,1,5,4,5,7,4,4,10,5,5,2,17,1,28,3,10,1,1,7,1,1,8,2,8,,19,19,1,22,9,121.5355415,25.06419672
111,1,19,18,56,2,03中山區,中山區民權東路2段135巷29弄6號,0,0,1,2,C03,7,3,5,30,14,9,1,5,4,5,7,4,4,10,5,5,2,17,1,29,2,9,1,1,7,9,1,10,2,11,,27,19,1,22,9,121.5355415,25.06419672
111,1,19,19,5,2,07信義區,信義區基隆路汽機車混合地下道往南,0,0,2,1,C03,7,3,8,30,6,9,1,5,4,5,7,1,1,1,3,5,2,13,1,27,2,9,3,4,7,9,1,10,2,11,,23,23,1,22,9,121.5616166,25.03654551
111,1,19,19,5,2,07信義區,信義區基隆路汽機車混合地下道往南,0,0,2,2,B03,7,3,8,30,6,9,1,5,4,5,7,1,1,1,3,5,2,13,1,52,3,10,3,4,7,14,1,8,2,6,,44,23,1,22,9,121.5616166,25.03654551
111,1,19,19,5,2,07信義區,信義區基隆路汽機車混合地下道往南,0,0,2,3,C03,7,3,8,30,6,9,1,5,4,5,7,1,1,1,3,5,2,13,1,52,2,8,3,4,7,9,1,10,2,14,,44,23,1,22,9,121.5616166,25.03654551
111,1,19,19,18,2,03中山區,中山區民權東路2段與建國北路2段口,0,0,3,1,C03,7,3,5,50,4,1,1,5,4,5,7,2,1,1,4,5,2,13,1,31,2,9,3,4,7,9,1,10,1,11,,23,23,1,22,9,121.5367043,25.06238792
111,1,19,19,18,2,03中山區,中山區民權東路2段與建國北路2段口,0,0,3,2,C03,7,3,5,50,4,1,1,5,4,5,7,2,1,1,4,5,2,13,1,50,2,8,3,4,7,9,1,9,1,13,,44,23,1,22,9,121.5367043,25.06238792
111,1,19,19,18,2,03中山區,中山區民權東路2段與建國北路2段口,0,0,3,3,H02,7,3,5,50,4,1,1,5,4,5,7,2,1,1,4,5,2,13,2,31,2,9,4,5,7,20,8,20,10,16,,67,23,1,22,9,121.5367043,25.06238792
111,1,19,19,30,2,04大安區,"大安區建國高架道路(北往南,市民上方)",0,0,1,1,B03,8,3,5,70,10,9,1,5,4,5,7,4,4,1,1,5,1,13,1,27,3,10,1,1,7,9,1,8,1,1,,23,23,1,22,9,121.5365559,25.04439257
111,1,19,19,30,2,04大安區,"大安區建國高架道路(北往南,市民上方)",0,0,1,2,B03,8,3,5,70,10,9,1,5,4,5,7,4,4,1,1,5,1,13,2,30,2,5,1,1,7,9,1,8,1,3,,44,23,1,22,9,121.5365559,25.04439257
111,1,19,19,46,2,09北投區,北投區懷德街與東陽街口,0,0,1,1,C03,8,3,5,50,4,1,1,5,4,5,7,1,1,10,5,5,2,16,1,23,2,8,1,1,7,9,3,18,9,11,,25,25,1,22,9,121.5194765,25.1123085
111,1,19,19,46,2,09北投區,北投區懷德街與東陽街口,0,0,1,2,B03,8,3,5,50,4,1,1,5,4,5,7,1,1,10,5,5,2,16,2,28,3,10,1,1,7,9,1,8,9,1,,44,25,1,22,9,121.5194765,25.1123085
111,1,19,19,57,2,03中山區,中山區撫順街與天祥路口,0,0,1,2,B03,7,4,5,50,4,2,1,5,4,5,7,4,4,5,5,5,2,17,1,24,3,10,1,1,7,9,1,8,1,4,,26,6,1,22,9,121.5207645,25.06362035
111,1,19,19,57,2,03中山區,中山區撫順街與天祥路口,0,0,1,1,C03,7,4,5,50,4,2,1,5,4,5,7,4,4,5,5,5,2,17,1,25,2,9,1,1,7,5,1,9,1,12,,6,6,1,22,9,121.5207645,25.06362035
111,1,19,20,15,2,06松山區,松山區長安東路2段與南京東路3段256巷口,0,0,1,1,B11,7,3,5,30,3,1,1,5,4,5,7,4,4,9,4,5,2,15,1,27,3,10,1,1,7,9,1,8,2,4,,6,6,1,22,9,121.544654,25.04827205
111,1,19,20,15,2,06松山區,松山區長安東路2段與南京東路3段256巷口,0,0,1,2,C03,7,3,5,30,3,1,1,5,4,5,7,4,4,9,4,5,2,15,1,24,2,9,1,1,7,9,1,10,2,11,,44,6,1,22,9,121.544654,25.04827205
111,1,19,20,27,2,02萬華區,萬華區西園路2段308號,0,0,1,1,B01,8,3,5,50,14,9,1,5,4,5,7,4,4,1,5,5,2,17,1,57,3,10,1,1,7,8,1,4,1,5,,44,44,1,22,9,121.4927479,25.02619804
111,1,19,20,27,2,02萬華區,萬華區西園路2段308號,0,0,1,2,C03,8,3,5,50,14,9,1,5,4,5,7,4,4,1,5,5,2,17,2,48,2,9,1,1,7,1,1,10,1,13,,19,44,1,22,9,121.4927479,25.02619804
111,1,19,20,30,2,12內湖區,內湖區內湖路2段與文德路口,0,0,1,1,B03,7,3,5,50,3,1,1,5,4,5,7,4,4,1,4,5,2,16,1,36,3,10,1,1,7,9,1,8,1,4,,6,6,1,22,9,121.5792289,25.07864611
111,1,19,20,30,2,12內湖區,內湖區內湖路2段與文德路口,0,0,1,2,C04,7,3,5,50,3,1,1,5,4,5,7,4,4,1,4,5,2,16,2,54,2,9,1,1,7,9,1,8,1,12,,44,6,1,22,9,121.5792289,25.07864611
111,1,19,21,5,2,07信義區,信義區光復南路467號,0,0,1,1,B03,7,3,5,50,14,9,1,5,4,5,7,4,4,1,3,5,2,12,1,34,3,10,3,4,7,9,6,8,11,2,,23,23,1,22,9,121.5575774,25.03407945