發生年度,發生月,發生日,發生時-Hours,發生分,處理別-編號,區序,肇事地點,死亡人數,2-30日死亡人數,受傷人數,當事人序號,車種,天候,光線,道路類別,速限-速度限制,道路型態,事故位置,路面狀況1,路面狀況2,路面狀況3,道路障礙1,道路障礙2,號誌1,號誌2,車道劃分-分向,車道劃分-分道1,車道劃分-分道2,車道劃分-分道3,事故類型及型態,性別,年齡,受傷程度,主要傷處,安全帽,行動電話,車輛用途,當事者行動狀態,駕駛資格情形,駕駛執照種類,飲酒情形,車輛撞擊部位1,車輛撞擊部位2,肇因碼-個別,肇因碼-主要,個人肇逃否,職業,旅次目的,座標-X,座標-Y
111,1,19,21,5,2,07信義區,信義區光復南路467號,0,0,1,2,C03,7,3,5,50,14,9,1,5,4,5,7,4,4,1,3,5,2,12,2,53,2,7,3,4,7,9,1,10,11,14,,44,23,1,22,9,121.5575774,25.03407945
111,1,19,21,14,2,03中山區,中山區中山北路3段與民族東路口,0,0,1,1,C03,7,3,5,50,4,2,1,5,4,5,7,1,1,5,4,5,2,13,1,19,3,10,1,1,7,9,1,10,1,11,,23,23,1,22,9,121.5229443,25.06836882
111,1,19,21,14,2,03中山區,中山區中山北路3段與民族東路口,0,0,1,2,C03,7,3,5,50,4,2,1,5,4,5,7,1,1,5,4,5,2,13,2,47,3,10,1,1,7,14,1,10,1,13,,44,23,1,22,9,121.5229443,25.06836882
111,1,19,21,14,2,03中山區,中山區中山北路3段與民族東路口,0,0,1,3,H02,7,3,5,50,4,2,1,5,4,5,7,1,1,5,4,5,2,13,2,18,2,9,1,5,7,20,8,20,10,16,,67,23,1,22,9,121.5229443,25.06836882
111,1,19,21,20,2,12內湖區,內湖區舊宗路1段與新湖二路口,0,0,1,1,B03,8,3,5,50,4,1,1,5,4,5,7,1,1,5,4,5,2,3,1,22,3,10,1,1,7,5,1,8,2,1,,15,15,1,22,9,121.5780626,25.06188692
111,1,19,21,20,2,12內湖區,內湖區舊宗路1段與新湖二路口,0,0,1,2,H01,8,3,5,50,4,1,1,5,4,5,7,1,1,5,4,5,2,3,2,23,2,9,4,5,8,16,8,20,10,16,,67,15,1,22,9,121.5780626,25.06188692
111,1,19,22,23,2,08士林區,士林區福林路與福林路100巷口,0,0,1,1,B03,8,3,5,50,3,1,1,5,4,5,7,3,1,5,5,5,2,16,2,52,3,10,3,4,7,6,1,8,1,6,,9,9,1,22,9,121.5312467,25.09583972
111,1,19,22,23,2,08士林區,士林區福林路與福林路100巷口,0,0,1,2,C03,8,3,5,50,3,1,1,5,4,5,7,3,1,5,5,5,2,16,1,20,2,9,3,4,7,9,1,9,1,11,,23,9,1,22,9,121.5312467,25.09583972
111,1,19,22,42,2,09北投區,北投區承德路7段與立賢路口,0,0,2,1,C03,7,3,5,50,4,1,1,5,4,5,7,2,1,1,4,5,1,11,2,32,2,9,1,1,7,9,1,10,1,11,,6,6,1,22,9,121.5050636,25.1161724
111,1,19,22,42,2,09北投區,北投區承德路7段與立賢路口,0,0,2,2,C03,7,3,5,50,4,1,1,5,4,5,7,2,1,1,4,5,1,11,1,42,2,9,1,1,7,5,1,10,1,12,,8,6,1,22,9,121.5050636,25.1161724
111,1,19,23,29,2,03中山區,中山區林森北路與南京東路1段口,0,0,1,1,B01,8,3,5,50,4,1,1,5,4,5,7,2,1,2,4,4,2,16,1,50,3,10,1,1,7,6,1,3,1,3,,9,9,1,22,9,121.525425,25.05223031
111,1,19,23,29,2,03中山區,中山區林森北路與南京東路1段口,0,0,1,2,C03,8,3,5,50,4,1,1,5,4,5,7,2,1,2,4,4,2,16,1,19,2,9,1,1,7,9,1,10,1,11,,13,9,1,22,9,121.525425,25.05223031
111,1,20,1,55,2,12內湖區,內湖區內湖路1段與港墘路口口,0,0,2,2,C03,7,3,5,50,4,1,1,5,4,5,7,1,1,1,4,5,2,11,1,19,2,9,1,1,7,9,1,10,2,11,,44,25,1,22,9,121.5768297,25.07937864
111,1,20,1,55,2,12內湖區,內湖區內湖路1段與港墘路口口,0,0,2,1,E03,7,3,5,50,4,1,1,5,4,5,7,1,1,1,4,5,2,11,2,27,2,8,1,1,7,5,1,8,2,1,,25,25,1,22,9,121.5768297,25.07937864
111,1,20,5,9,2,03中山區,中山區復興北路與朱崙街口,0,0,2,1,C03,8,3,5,50,4,2,1,5,4,5,7,4,4,1,3,5,1,12,1,16,2,7,1,1,7,6,2,18,1,12,,9,9,1,22,9,121.5439011,25.0499094
111,1,20,5,9,2,03中山區,中山區復興北路與朱崙街口,0,0,2,2,C04,8,3,5,50,4,2,1,5,4,5,7,4,4,1,3,5,1,12,1,19,2,7,1,1,7,9,1,10,1,11,,44,9,1,22,9,121.5439011,25.0499094
111,1,20,5,55,2,06松山區,松山區復興北路3號與長安東路2段口,0,0,1,1,B01,8,3,5,50,14,9,1,5,4,5,7,4,4,5,4,5,2,16,2,43,3,10,1,1,7,1,1,4,1,8,,19,19,1,10,8,121.5443234,25.04823655
111,1,20,5,55,2,06松山區,松山區復興北路3號與長安東路2段口,0,0,1,2,C03,8,3,5,50,14,9,1,5,4,5,7,4,4,5,4,5,2,16,2,48,2,9,1,1,7,9,1,10,1,12,,44,19,1,10,8,121.5443234,25.04823655
111,1,20,6,5,2,12內湖區,內湖區成功路2段115巷49弄與安康路25巷口,0,0,1,1,C03,6,3,5,30,4,2,1,4,4,5,7,4,4,5,5,5,2,17,1,62,2,9,1,1,7,15,1,10,1,11,,23,23,1,22,9,121.5934518,25.0644425
111,1,20,6,5,2,12內湖區,內湖區成功路2段115巷49弄與安康路25巷口,0,0,1,2,B12,6,3,5,30,4,2,1,4,4,5,7,4,4,5,5,5,2,17,1,56,3,10,1,1,7,9,1,2,1,8,,44,23,1,22,9,121.5934518,25.0644425
111,1,20,7,21,2,08士林區,士林區中正路與延平北路6段口,0,0,1,1,A06,8,1,5,50,4,1,1,5,4,5,7,2,1,1,5,5,1,17,1,63,4,11,3,4,7,15,7,19,11,15,,23,23,2,22,9,121.5091918,25.08686043
111,1,20,7,21,2,08士林區,士林區中正路與延平北路6段口,0,0,1,2,C03,8,1,5,50,4,1,1,5,4,5,7,2,1,1,5,5,1,17,2,61,2,9,1,1,7,9,1,10,1,14,,44,23,1,22,9,121.5091918,25.08686043
111,1,20,7,43,2,09北投區,北投區紗帽路008號燈桿,0,0,1,1,C03,6,1,5,30,14,9,1,4,4,5,7,4,4,10,5,5,1,10,1,32,2,1,1,1,7,9,1,10,1,11,,13,13,1,22,9,121.5329285,25.14171911
111,1,20,7,43,2,09北投區,北投區紗帽路008號燈桿,0,0,1,2,B03,6,1,5,30,14,9,1,4,4,5,7,4,4,10,5,5,1,10,1,70,3,10,1,1,7,9,1,8,1,1,,44,13,1,22,9,121.5329285,25.14171911
111,1,20,8,30,2,12內湖區,內湖區內湖路2段103巷與麗山街105巷口,0,0,1,1,C03,6,1,5,30,3,1,1,4,4,5,7,4,4,5,5,5,2,17,1,70,2,8,1,1,7,12,1,10,2,12,,13,13,1,22,9,121.5810335,25.08324365
111,1,20,8,30,2,12內湖區,內湖區內湖路2段103巷與麗山街105巷口,0,0,1,2,B01,6,1,5,30,3,1,1,4,4,5,7,4,4,5,5,5,2,17,1,62,3,10,1,1,7,5,1,4,2,15,,6,13,1,22,9,121.5810335,25.08324365
111,1,20,8,54,2,06松山區,松山區民生東路5段260巷與新東街26巷口,0,0,2,1,C03,7,1,5,30,4,1,1,5,4,5,7,4,4,10,5,5,2,15,1,29,2,9,1,1,7,9,1,9,1,12,,6,6,1,22,9,121.5672133,25.05876185
111,1,20,8,54,2,06松山區,松山區民生東路5段260巷與新東街26巷口,0,0,2,2,C03,7,1,5,30,4,1,1,5,4,5,7,4,4,10,5,5,2,15,2,26,2,9,1,1,7,9,1,10,1,14,,14,6,1,22,9,121.5672133,25.05876185
111,1,20,9,0,2,06松山區,松山區民生東路3段與敦化北路口,0,0,1,1,B01,8,1,5,50,5,1,1,5,4,5,7,2,1,3,5,5,2,12,1,40,3,10,1,1,7,6,1,4,1,5,,9,9,1,22,9,121.5487819,25.05761367
111,1,20,9,0,2,06松山區,松山區民生東路3段與敦化北路口,0,0,1,2,C03,8,1,5,50,5,1,1,5,4,5,7,2,1,3,5,5,2,12,1,33,2,9,1,1,7,6,1,10,1,14,,23,9,1,22,9,121.5487819,25.05761367
111,1,20,9,14,2,06松山區,松山區松河街130號,0,0,2,1,B03,7,1,5,50,14,9,1,4,4,5,7,4,4,8,3,5,2,17,1,66,3,10,3,4,7,9,1,8,1,2,,43,43,1,22,9,121.5754764,25.05113922
111,1,20,9,14,2,06松山區,松山區松河街130號,0,0,2,2,F03,7,1,5,50,14,9,1,4,4,5,7,4,4,8,3,5,2,17,1,69,2,9,1,1,7,9,8,20,1,16,,43,43,1,22,9,121.5754764,25.05113922
111,1,20,9,14,2,06松山區,松山區松河街130號,0,0,2,3,H02,7,1,5,50,14,9,1,4,4,5,7,4,4,8,3,5,2,17,2,65,2,9,4,5,7,20,8,20,10,16,,60,43,1,22,9,121.5754764,25.05113922
111,1,20,9,20,2,12內湖區,內湖區南京東路6段與新明路426巷口,0,0,2,1,C03,7,1,5,50,4,2,1,5,4,5,7,1,1,5,5,5,2,12,2,24,2,9,1,1,7,15,1,10,1,14,,27,27,2,22,9,121.5792056,25.05551346
111,1,20,9,20,2,12內湖區,內湖區南京東路6段與新明路426巷口,0,0,2,2,C03,7,1,5,50,4,2,1,5,4,5,7,1,1,5,5,5,2,12,2,25,2,8,1,1,7,15,1,10,1,11,,44,27,2,22,9,121.5792056,25.05551346
111,1,20,9,20,2,07信義區,信義區信安街155號,0,0,2,1,C03,7,1,5,50,14,9,1,5,4,5,7,4,4,10,4,5,2,13,2,33,2,9,1,1,7,9,1,10,1,11,,16,16,1,22,9,121.5551522,25.0228937
111,1,20,9,20,2,07信義區,信義區信安街155號,0,0,2,2,C03,7,1,5,50,14,9,1,5,4,5,7,4,4,10,4,5,2,13,1,23,2,8,1,1,7,9,1,10,1,13,,44,16,1,22,9,121.5551522,25.0228937
111,1,20,9,20,2,07信義區,信義區信安街155號,0,0,2,3,B03,7,1,5,50,14,9,1,5,4,5,7,4,4,10,4,5,2,13,1,40,3,10,1,1,7,9,1,8,1,3,,44,16,1,22,9,121.5551522,25.0228937
111,1,20,9,20,2,07信義區,信義區信安街155號,0,0,2,4,B03,7,1,5,50,14,9,1,5,4,5,7,4,4,10,4,5,2,13,1,31,3,10,1,1,7,14,1,8,1,4,,38,16,1,22,9,121.5551522,25.0228937
111,1,20,9,30,2,12內湖區,內湖區潭美街558號前,0,0,1,1,C03,6,1,5,40,14,9,1,4,4,5,7,1,1,5,4,5,2,13,2,25,2,9,1,1,7,9,1,10,2,11,,23,23,1,22,9,121.5992353,25.0606511
111,1,20,9,30,2,12內湖區,內湖區潭美街558號前,0,0,1,2,B02,6,1,5,40,14,9,1,4,4,5,7,1,1,5,4,5,2,13,1,45,3,10,1,1,7,14,1,8,2,3,,44,23,1,22,9,121.5992353,25.0606511
111,1,20,9,46,2,03中山區,中山區天祥路60巷與天祥路口,0,0,1,1,B03,8,1,5,50,4,1,1,5,4,5,7,4,4,5,5,5,2,16,2,31,3,10,1,1,7,1,1,8,1,5,,19,19,1,22,9,121.5209912,25.06216877
111,1,20,9,46,2,03中山區,中山區天祥路60巷與天祥路口,0,0,1,2,C03,8,1,5,50,4,1,1,5,4,5,7,4,4,5,5,5,2,16,1,38,2,9,1,1,7,5,1,10,1,12,,44,19,1,22,9,121.5209912,25.06216877
111,1,20,9,58,2,06松山區,松山區健康路15巷與敦化北路155巷口,0,0,1,1,B01,8,1,5,30,3,1,1,5,4,5,7,2,1,8,3,5,1,1,1,51,3,10,3,1,7,5,1,1,2,8,,15,15,1,22,9,121.5529232,25.05426332
111,1,20,9,58,2,06松山區,松山區健康路15巷與敦化北路155巷口,0,0,1,2,H01,8,1,5,30,3,1,1,5,4,5,7,2,1,8,3,5,1,1,1,77,2,8,3,5,8,16,8,20,10,16,,67,15,1,22,9,121.5529232,25.05426332
111,1,20,10,3,2,05中正區,中正區市民大道2段197號燈桿,0,0,2,1,C03,8,1,5,40,14,9,1,5,4,5,7,4,4,1,4,5,2,17,2,28,2,8,1,1,7,9,1,10,2,14,,43,43,1,22,9,121.5215339,25.04785923
111,1,20,10,3,2,05中正區,中正區市民大道2段197號燈桿,0,0,2,2,C03,8,1,5,40,14,9,1,5,4,5,7,4,4,1,4,5,2,17,2,21,2,9,1,1,7,15,1,10,2,15,,43,43,1,22,9,121.5215339,25.04785923
111,1,20,10,15,2,06松山區,松山區健康路325巷與健康路325巷6弄口,0,0,1,1,B01,7,1,5,30,4,1,1,5,4,5,7,3,1,5,4,5,2,15,1,52,3,10,1,1,7,11,1,4,1,4,,10,10,1,22,9,121.5672407,25.0549083
111,1,20,10,15,2,06松山區,松山區健康路325巷與健康路325巷6弄口,0,0,1,2,C03,7,1,5,30,4,1,1,5,4,5,7,3,1,5,4,5,2,15,1,33,2,9,1,1,7,9,1,10,1,11,,23,10,1,22,9,121.5672407,25.0549083
111,1,20,10,18,2,03中山區,中山區民族東路84號,0,0,1,1,,8,1,5,0,14,9,1,5,4,4,7,4,4,5,4,5,2,29,3,,,,,,,,,,,,,67,67,1,,,121.5268684,25.06844265
111,1,20,10,18,2,03中山區,中山區民族東路84號,0,0,1,2,C03,8,1,5,0,14,9,1,5,4,4,7,4,4,5,4,5,2,29,1,68,2,9,1,4,7,9,1,10,1,11,,43,67,1,22,9,121.5268684,25.06844265
111,1,20,10,18,2,06松山區,松山區民權東路3段103巷與復興北路427巷口,0,0,1,1,C03,8,1,5,30,4,1,1,5,4,5,7,4,4,10,4,5,2,15,1,61,2,8,1,1,7,9,1,10,1,11,,6,6,1,22,9,121.54499,25.06336214
111,1,20,10,18,2,06松山區,松山區民權東路3段103巷與復興北路427巷口,0,0,1,2,B03,8,1,5,30,4,1,1,5,4,5,7,4,4,10,4,5,2,15,2,29,3,10,1,1,7,9,1,8,1,2,,44,6,1,22,9,121.54499,25.06336214
111,1,20,10,18,2,06松山區,松山區民權東路3段103巷與復興北路427巷口,0,0,1,3,B12,8,1,5,30,4,1,1,5,4,5,7,4,4,10,4,5,2,15,1,34,3,10,1,1,7,13,1,8,1,15,,38,6,1,22,9,121.54499,25.06336214
111,1,20,10,30,2,03中山區,中山區錦西街與民生西路3巷口,0,0,1,1,C03,8,1,5,30,4,1,1,5,4,5,7,4,4,10,5,5,2,16,1,22,2,7,1,1,7,15,1,10,1,12,,6,6,2,22,9,121.5218618,25.060319
111,1,20,10,30,2,03中山區,中山區錦西街與民生西路3巷口,0,0,1,2,B03,8,1,5,30,4,1,1,5,4,5,7,4,4,10,5,5,2,16,1,43,3,10,1,1,7,15,1,8,1,1,,23,6,2,22,9,121.5218618,25.060319
111,1,20,11,7,2,01大同區,大同區西寧北路與迪化街1段46巷口,0,0,1,1,B12,8,1,5,30,3,1,1,5,4,5,7,4,4,5,5,5,2,17,1,55,3,10,1,1,7,6,1,7,2,8,,6,6,1,22,9,121.5088746,25.05491591
111,1,20,11,7,2,01大同區,大同區西寧北路與迪化街1段46巷口,0,0,1,2,C03,8,1,5,30,3,1,1,5,4,5,7,4,4,5,5,5,2,17,1,27,2,9,1,1,7,9,1,10,2,12,,44,6,1,22,9,121.5088746,25.05491591
111,1,20,11,11,2,02萬華區,萬華區萬大路423巷與萬大路423巷28弄口,0,0,1,1,C03,8,1,5,50,4,1,1,5,4,5,7,1,1,9,5,5,2,12,1,60,2,8,1,1,7,9,1,10,1,12,,25,25,1,22,9,121.4998935,25.02119752
111,1,20,11,11,2,02萬華區,萬華區萬大路423巷與萬大路423巷28弄口,0,0,1,2,B03,8,1,5,50,4,1,1,5,4,5,7,1,1,9,5,5,2,12,1,30,3,10,1,1,7,11,1,8,1,4,,10,25,1,22,9,121.4998935,25.02119752
111,1,20,11,16,2,01大同區,大同區延平北路2段與延平北路2段36巷口,0,0,1,1,B03,8,1,5,50,3,1,1,5,4,5,7,4,4,5,2,5,2,17,1,56,3,10,1,1,7,11,1,8,1,3,,10,10,1,22,9,121.5116974,25.05492606
111,1,20,11,16,2,01大同區,大同區延平北路2段與延平北路2段36巷口,0,0,1,2,C03,8,1,5,50,3,1,1,5,4,5,7,4,4,5,2,5,2,17,1,56,2,9,1,1,7,9,1,10,1,14,,44,10,1,22,9,121.5116974,25.05492606
111,1,20,11,21,2,12內湖區,內湖區環山路2段與環山路2段10巷口,0,0,1,1,B12,8,1,5,50,3,2,1,5,4,5,7,1,1,5,4,5,2,12,1,68,3,10,1,1,7,5,1,8,1,7,,8,8,2,22,9,121.5711951,25.08639239
111,1,20,11,21,2,12內湖區,內湖區環山路2段與環山路2段10巷口,0,0,1,2,C03,8,1,5,50,3,2,1,5,4,5,7,1,1,5,4,5,2,12,2,20,2,9,1,1,7,15,1,10,1,11,,13,8,2,22,9,121.5711951,25.08639239
111,1,20,11,35,2,05中正區,中正區重慶南路1段與武昌街1段口,0,0,1,1,B03,8,1,5,50,4,1,1,5,4,5,7,1,1,10,4,5,2,2,1,34,3,10,1,4,7,6,1,6,1,5,,43,43,1,22,9,121.5131732,25.04407239
111,1,20,11,35,2,05中正區,中正區重慶南路1段與武昌街1段口,0,0,1,2,H01,8,1,5,50,4,1,1,5,4,5,7,1,1,10,4,5,2,2,2,33,2,8,4,5,8,16,8,20,10,16,,51,43,1,22,9,121.5131732,25.04407239
111,1,20,11,40,2,10文山區,文山區木柵路2段138巷與興隆路口側附近4段101巷口,0,0,1,1,H01,7,1,5,50,4,1,1,5,4,5,7,3,1,5,5,5,2,3,2,55,2,9,4,5,8,20,8,20,10,16,,51,51,1,21,8,121.5619826,24.9883121
111,1,20,11,40,2,10文山區,文山區木柵路2段138巷與興隆路口側附近4段101巷口,0,0,1,2,C03,7,1,5,50,4,1,1,5,4,5,7,3,1,5,5,5,2,3,1,66,4,11,3,4,7,9,4,8,9,15,,23,51,1,21,8,121.5619826,24.9883121
111,1,20,11,43,2,04大安區,大安區大安路1段118號前,0,0,1,1,C03,8,1,5,50,14,9,1,5,4,5,7,4,4,8,3,5,1,16,2,21,2,7,1,1,7,10,1,10,1,14,,7,7,1,5,1,121.5460584,25.03962174
111,1,20,11,43,2,04大安區,大安區大安路1段118號前,0,0,1,2,B03,8,1,5,50,14,9,1,5,4,5,7,4,4,8,3,5,1,16,1,57,3,10,1,1,7,1,1,8,1,1,,44,7,1,21,5,121.5460584,25.03962174
111,1,20,11,50,2,12內湖區,內湖區港華街97號與無名巷口前,0,0,1,1,F01,7,1,5,30,3,2,1,5,4,5,7,4,4,9,5,5,2,12,2,67,2,9,1,1,7,15,8,20,1,16,,43,43,1,22,9,121.5736463,25.08347465
111,1,20,11,50,2,12內湖區,內湖區港華街97號與無名巷口前,0,0,1,2,B02,7,1,5,30,3,2,1,5,4,5,7,4,4,9,5,5,2,12,1,41,3,10,1,1,7,9,1,8,1,2,,44,43,1,22,9,121.5736463,25.08347465
111,1,20,12,4,2,04大安區,大安區新生南路1段與信義路3段口,0,0,1,1,B01,8,1,5,50,4,1,1,5,4,5,7,1,1,3,5,5,1,16,1,56,3,10,1,1,7,6,1,4,2,1,,6,6,1,22,9,121.533002,25.03367574
111,1,20,12,4,2,04大安區,大安區新生南路1段與信義路3段口,0,0,1,2,F01,8,1,5,50,4,1,1,5,4,5,7,1,1,3,5,5,1,16,2,34,2,9,1,1,7,9,8,20,2,16,,23,6,1,22,9,121.533002,25.03367574
111,1,20,12,11,2,08士林區,士林區承德路4段40巷84號,0,0,1,1,B03,8,1,5,50,14,9,1,5,4,5,7,4,4,8,5,5,1,16,2,41,3,10,1,1,7,1,1,8,2,4,,19,19,1,22,9,121.5206438,25.08153539
111,1,20,12,11,2,08士林區,士林區承德路4段40巷84號,0,0,1,2,C03,8,1,5,50,14,9,1,5,4,5,7,4,4,8,5,5,1,16,2,27,2,9,1,1,7,9,1,10,2,11,,44,19,1,22,9,121.5206438,25.08153539
111,1,20,12,14,2,09北投區,北投區承德路7段與承德路7段143巷口,0,0,1,1,B03,8,1,5,60,3,1,1,5,4,5,7,4,4,1,4,4,2,16,1,49,3,10,1,1,7,6,1,8,1,6,,6,6,1,22,9,121.5083629,25.11307124
111,1,20,12,14,2,09北投區,北投區承德路7段與承德路7段143巷口,0,0,1,2,C03,8,1,5,60,3,1,1,5,4,5,7,4,4,1,4,4,2,16,1,53,2,8,1,1,7,9,1,10,1,14,,14,6,1,22,9,121.5083629,25.11307124
111,1,20,12,16,2,01大同區,大同區重慶北路3段136巷與重慶北路3段120巷口,0,0,1,1,B03,7,1,5,30,3,1,1,5,4,5,7,4,4,9,4,5,1,16,1,37,3,10,3,4,7,5,1,8,1,1,,6,6,1,22,9,121.5122364,25.06725221
111,1,20,12,16,2,01大同區,大同區重慶北路3段136巷與重慶北路3段120巷口,0,0,1,2,C03,7,1,5,30,3,1,1,5,4,5,7,4,4,9,4,5,1,16,1,32,2,9,3,4,7,9,1,10,1,11,,23,6,1,22,9,121.5122364,25.06725221
111,1,20,12,31,2,06松山區,松山區南京東路5段227號,0,0,1,1,A02,8,1,5,50,14,9,1,5,4,5,7,4,4,1,4,4,2,17,1,67,3,10,1,1,7,15,1,2,1,8,,44,44,2,22,9,121.5642444,25.05148021
111,1,20,12,31,2,06松山區,松山區南京東路5段227號,0,0,1,2,C03,8,1,5,50,14,9,1,5,4,5,7,4,4,1,4,4,2,17,1,47,2,9,1,1,7,15,1,10,1,12,,26,44,2,22,9,121.5642444,25.05148021
111,1,20,12,31,2,06松山區,松山區南京東路5段227號,0,0,1,3,B03,8,1,5,50,14,9,1,5,4,5,7,4,4,1,4,4,2,17,1,44,3,10,1,1,7,14,1,8,1,6,,44,44,1,22,9,121.5642444,25.05148021
111,1,20,12,31,2,06松山區,松山區南京東路5段227號,0,0,1,4,B03,8,1,5,50,14,9,1,5,4,5,7,4,4,1,4,4,2,17,4,,,,,,,15,,,,,,38,44,2,,,121.5642444,25.05148021
111,1,20,12,50,2,11南港區,南港區忠孝東路6段與忠孝東路6段185巷口,0,0,1,1,B11,7,1,5,40,3,1,1,5,4,5,7,4,4,1,4,4,2,17,1,39,3,10,1,1,7,6,1,3,2,2,,6,6,1,22,9,121.5873087,25.048922
111,1,20,12,50,2,11南港區,南港區忠孝東路6段與忠孝東路6段185巷口,0,0,1,2,C04,7,1,5,40,3,1,1,5,4,5,7,4,4,1,4,4,2,17,2,24,2,8,1,1,7,9,3,18,2,11,,23,6,1,22,9,121.5873087,25.048922
111,1,20,13,0,2,01大同區,大同區延平北路4段(往南方向第47號停車格),0,0,1,1,B02,8,1,5,50,14,9,1,5,4,5,7,4,4,3,4,5,2,12,1,60,3,10,3,4,7,1,1,4,2,4,,19,19,1,22,9,121.511997,25.07744821
111,1,20,13,0,2,01大同區,大同區延平北路4段(往南方向第47號停車格),0,0,1,2,C03,8,1,5,50,14,9,1,5,4,5,7,4,4,3,4,5,2,12,2,39,2,9,1,1,7,9,1,10,2,11,,42,19,1,22,9,121.511997,25.07744821
111,1,20,13,0,2,05中正區,中正區羅斯福路1段與愛國西路口,0,0,1,1,B03,8,1,5,50,4,1,1,5,4,5,7,1,1,1,4,4,2,12,1,18,3,10,1,1,7,6,1,8,1,5,,9,9,1,22,9,121.5167558,25.03468056
111,1,20,13,0,2,05中正區,中正區羅斯福路1段與愛國西路口,0,0,1,2,C03,8,1,5,50,4,1,1,5,4,5,7,1,1,1,4,4,2,12,1,22,2,9,1,1,7,9,1,10,1,14,,44,9,1,22,9,121.5167558,25.03468056
111,1,20,13,5,2,03中山區,中山區民族西路2-3號,0,0,1,1,B03,8,1,5,50,14,9,1,5,4,5,7,4,4,5,4,4,2,17,1,56,3,10,3,4,7,9,1,8,1,4,,23,23,1,22,9,121.5222493,25.06839606
111,1,20,13,5,2,03中山區,中山區民族西路2-3號,0,0,1,2,C03,8,1,5,50,14,9,1,5,4,5,7,4,4,5,4,4,2,17,2,54,2,8,1,1,7,14,3,18,1,15,,44,23,1,22,9,121.5222493,25.06839606
111,1,20,13,18,2,12內湖區,內湖區新湖一路185號,0,0,1,1,A04,8,1,5,50,14,9,1,5,4,5,7,4,4,5,5,5,2,17,1,53,3,10,1,1,7,7,1,2,1,4,,23,23,1,22,9,121.5784006,25.05980796
111,1,20,13,18,2,12內湖區,內湖區新湖一路185號,0,0,1,2,B01,8,1,5,50,14,9,1,5,4,5,7,4,4,5,5,5,2,17,1,54,2,9,1,1,7,14,1,4,1,7,,44,23,1,22,9,121.5784006,25.05980796
111,1,20,13,18,2,12內湖區,內湖區新湖一路185號,0,0,1,3,B03,8,1,5,50,14,9,1,5,4,5,7,4,4,5,5,5,2,17,1,32,3,10,1,1,7,7,1,8,11,8,,7,23,1,22,9,121.5784006,25.05980796
111,1,20,13,50,2,09北投區,北投區石牌路2段91號,0,0,1,2,C03,8,1,5,50,14,9,1,5,4,5,7,4,4,5,4,5,2,13,2,17,2,9,1,1,7,9,2,18,2,13,,44,16,1,22,9,121.5164666,25.11733104
111,1,20,13,50,2,09北投區,北投區石牌路2段91號,0,0,1,1,C03,8,1,5,50,14,9,1,5,4,5,7,4,4,5,4,5,2,13,1,38,3,10,1,1,7,9,1,10,11,11,,16,16,1,22,9,121.5164666,25.11733104
111,1,20,14,10,2,08士林區,士林區通河西街1段130號,0,0,1,1,B03,8,1,5,40,14,9,1,5,4,5,7,4,4,9,4,5,2,17,1,31,3,10,1,1,7,5,1,8,1,8,,6,6,1,22,9,121.5120756,25.08699699
111,1,20,14,10,2,08士林區,士林區通河西街1段130號,0,0,1,2,C03,8,1,5,40,14,9,1,5,4,5,7,4,4,9,4,5,2,17,1,63,2,9,1,1,7,9,1,10,1,11,,14,6,1,22,9,121.5120756,25.08699699
111,1,20,14,15,2,04大安區,大安區羅斯福路2段77巷與羅斯福路2段口,0,0,1,1,B01,8,1,5,50,14,9,1,5,4,5,7,4,4,8,3,5,1,12,1,59,3,10,1,1,7,8,1,4,1,6,,7,7,1,10,4,121.5231762,25.02626169
111,1,20,14,15,2,04大安區,大安區羅斯福路2段77巷與羅斯福路2段口,0,0,1,2,C03,8,1,5,50,14,9,1,5,4,5,7,4,4,8,3,5,1,12,1,21,2,8,1,1,7,9,1,10,1,11,,44,7,1,5,1,121.5231762,25.02626169
111,1,20,14,40,2,10文山區,文山區辛亥路7段5巷與辛亥路7段口,0,0,1,1,B03,7,1,5,50,3,2,1,5,4,5,1,4,4,5,4,5,2,12,2,41,3,10,1,1,7,8,1,8,2,5,,7,7,1,22,9,121.5524575,24.98736271
111,1,20,14,40,2,10文山區,文山區辛亥路7段5巷與辛亥路7段口,0,0,1,2,C04,7,1,5,50,3,2,1,5,4,5,1,4,4,5,4,5,2,12,2,22,2,8,1,1,7,9,3,18,2,11,,44,7,1,22,9,121.5524575,24.98736271
111,1,20,14,50,2,06松山區,松山區復興南路1段63號,0,0,2,1,B01,8,1,5,40,4,2,1,5,4,5,7,1,1,1,4,5,2,3,1,64,3,10,1,1,7,6,1,4,1,1,,15,15,1,10,9,121.5439448,25.04512796
111,1,20,14,50,2,06松山區,松山區復興南路1段63號,0,0,2,2,H01,8,1,5,40,4,2,1,5,4,5,7,1,1,1,4,5,2,3,1,38,2,7,4,5,8,16,8,20,10,16,,51,15,1,22,9,121.5439448,25.04512796
111,1,20,14,50,2,06松山區,松山區復興南路1段63號,0,0,2,3,H01,8,1,5,40,4,2,1,5,4,5,7,1,1,1,4,5,2,3,2,38,2,9,1,1,8,16,8,20,10,16,,51,15,1,22,9,121.5439448,25.04512796
111,1,20,14,55,2,07信義區,信義區松高路與松智路口,0,0,1,1,B01,8,1,5,50,3,2,1,5,4,5,7,2,1,5,4,5,2,16,1,58,3,10,1,1,7,6,1,8,1,8,,6,6,1,22,9,121.5654973,25.0390915