發生年度,發生月,發生日,發生時-Hours,發生分,處理別-編號,區序,肇事地點,死亡人數,2-30日死亡人數,受傷人數,當事人序號,車種,天候,光線,道路類別,速限-速度限制,道路型態,事故位置,路面狀況1,路面狀況2,路面狀況3,道路障礙1,道路障礙2,號誌1,號誌2,車道劃分-分向,車道劃分-分道1,車道劃分-分道2,車道劃分-分道3,事故類型及型態,性別,年齡,受傷程度,主要傷處,安全帽,行動電話,車輛用途,當事者行動狀態,駕駛資格情形,駕駛執照種類,飲酒情形,車輛撞擊部位1,車輛撞擊部位2,肇因碼-個別,肇因碼-主要,個人肇逃否,職業,旅次目的,座標-X,座標-Y
111,1,20,14,55,2,07信義區,信義區松高路與松智路口,0,0,1,2,C03,8,1,5,50,3,2,1,5,4,5,7,2,1,5,4,5,2,16,2,29,2,7,1,1,7,9,1,10,1,12,,44,6,1,22,9,121.5654973,25.0390915
111,1,20,15,0,2,09北投區,北投區公館路209巷與公館路209巷16弄口,0,0,2,1,C03,8,1,5,30,14,9,1,5,4,5,7,4,4,9,5,5,2,11,1,52,2,7,1,1,7,9,1,10,1,14,,26,26,1,22,9,121.5085306,25.1274309
111,1,20,15,0,2,09北投區,北投區公館路209巷與公館路209巷16弄口,0,0,2,2,C03,8,1,5,30,14,9,1,5,4,5,7,4,4,9,5,5,2,11,1,48,2,7,1,1,7,9,1,10,1,14,,43,26,1,22,9,121.5085306,25.1274309
111,1,20,15,10,2,08士林區,士林區德行東路與德行東路61巷口,0,0,1,1,B01,8,1,5,50,3,2,1,5,4,5,7,4,4,9,5,5,2,11,1,48,3,10,3,4,7,11,1,4,1,5,,10,10,1,22,9,121.5269187,25.10718243
111,1,20,15,10,2,08士林區,士林區德行東路與德行東路61巷口,0,0,1,2,C03,8,1,5,50,3,2,1,5,4,5,7,4,4,9,5,5,2,11,1,22,2,8,1,1,7,9,1,10,1,14,,23,10,1,22,9,121.5269187,25.10718243
111,1,20,15,30,2,03中山區,中山區北安路自強隧道公車站牌前,0,0,1,1,B03,8,1,5,50,11,9,1,5,4,5,7,4,4,3,4,5,1,12,1,59,3,10,1,1,7,9,1,8,1,2,,17,17,1,22,9,121.5521309,25.08593552
111,1,20,15,30,2,03中山區,中山區北安路自強隧道公車站牌前,0,0,1,2,C03,8,1,5,50,11,9,1,5,4,5,7,4,4,3,4,5,1,12,1,81,2,9,1,1,7,9,1,10,1,14,,44,17,1,22,9,121.5521309,25.08593552
111,1,20,15,40,2,10文山區,文山區辛亥路5段7號,0,0,1,1,C03,7,1,5,50,14,9,1,5,4,5,7,4,4,1,4,5,2,12,2,22,2,9,1,1,7,7,1,10,2,11,,7,7,1,22,9,121.5544672,25.00054365
111,1,20,15,40,2,10文山區,文山區辛亥路5段7號,0,0,1,2,B03,7,1,5,50,14,9,1,5,4,5,7,4,4,1,4,5,2,12,1,24,3,10,1,1,7,9,1,8,2,5,,44,7,1,22,9,121.5544672,25.00054365
111,1,20,15,41,2,08士林區,士林區德行西路與磺溪街口口,0,0,3,1,C03,8,1,5,50,3,1,1,5,4,5,7,2,1,5,4,5,2,11,1,51,2,8,1,1,7,5,1,10,1,11,,8,8,1,22,9,121.5230289,25.10550108
111,1,20,15,41,2,08士林區,士林區德行西路與磺溪街口口,0,0,3,2,C03,8,1,5,50,3,1,1,5,4,5,7,2,1,5,4,5,2,11,1,22,2,9,1,1,7,9,1,10,1,14,,44,8,1,22,9,121.5230289,25.10550108
111,1,20,15,41,2,08士林區,士林區德行西路與磺溪街口口,0,0,3,3,H02,8,1,5,50,3,1,1,5,4,5,7,2,1,5,4,5,2,11,2,26,2,8,4,5,7,20,8,20,10,16,,67,8,1,22,9,121.5230289,25.10550108
111,1,20,15,50,2,01大同區,大同區華陰街79號,0,0,2,1,B03,8,1,5,50,14,9,1,5,4,5,7,4,4,10,4,5,2,12,1,40,3,10,3,4,7,1,1,8,1,8,,19,19,1,22,9,121.5179469,25.0497705
111,1,20,15,50,2,01大同區,大同區華陰街79號,0,0,2,2,C03,8,1,5,50,14,9,1,5,4,5,7,4,4,10,4,5,2,12,1,23,2,8,3,4,7,9,1,10,1,12,,44,19,1,22,9,121.5179469,25.0497705
111,1,20,15,50,2,01大同區,大同區華陰街79號,0,0,2,3,H02,8,1,5,50,14,9,1,5,4,5,7,4,4,10,4,5,2,12,2,25,2,8,3,5,7,20,8,20,10,15,,67,19,1,22,9,121.5179469,25.0497705
111,1,20,15,50,2,04大安區,大安區羅斯福路4段公館捷運站2號出口,0,0,1,1,C03,8,1,5,50,14,9,1,5,4,5,7,4,4,1,4,5,2,13,1,19,2,9,1,1,7,7,1,10,1,11,,7,7,1,22,9,121.5349863,25.0142308
111,1,20,15,50,2,04大安區,大安區羅斯福路4段公館捷運站2號出口,0,0,1,2,B01,8,1,5,50,14,9,1,5,4,5,7,4,4,1,4,5,2,13,1,50,3,10,1,1,7,14,1,4,1,6,,44,7,1,22,9,121.5349863,25.0142308
111,1,20,15,50,2,04大安區,大安區羅斯福路4段公館捷運站2號出口,0,0,1,3,B01,8,1,5,50,14,9,1,5,4,5,7,4,4,1,4,5,2,13,1,59,3,10,1,1,7,14,1,4,1,4,,44,7,1,22,9,121.5349863,25.0142308
111,1,20,16,0,2,05中正區,中正區臨沂街6巷與金山南路1段口,0,0,1,1,C03,8,1,5,50,4,1,1,5,4,5,7,4,4,10,5,5,2,16,1,43,2,2,1,1,7,9,1,10,2,11,,6,6,2,22,9,121.5298359,25.04261647
111,1,20,16,0,2,05中正區,中正區臨沂街6巷與金山南路1段口,0,0,1,2,B03,8,1,5,50,4,1,1,5,4,5,7,4,4,10,5,5,2,16,1,44,3,10,1,1,7,9,1,8,2,1,,23,6,2,22,9,121.5298359,25.04261647
111,1,20,16,30,2,07信義區,信義區忠孝東路5段236巷與忠孝東路5段236巷37弄口,0,0,1,2,H01,8,1,5,0,3,2,1,5,4,5,7,4,4,9,5,5,2,3,2,29,2,9,4,5,8,16,8,20,10,16,,67,43,1,22,9,121.5718795,25.03808046
111,1,20,16,30,2,07信義區,信義區忠孝東路5段236巷與忠孝東路5段236巷37弄口,0,0,1,1,B03,8,1,5,0,3,2,1,5,4,5,7,4,4,9,5,5,2,3,4,,4,11,3,4,7,15,7,19,11,15,,43,43,2,22,9,121.5718795,25.03808046
111,1,20,16,35,2,05中正區,中正區博愛路與貴陽街1段口,0,0,1,1,B03,8,1,5,50,4,1,1,5,4,5,7,1,1,9,4,5,1,11,2,42,3,10,1,1,7,5,1,8,2,8,,8,8,1,22,9,121.5111165,25.03895713
111,1,20,16,35,2,05中正區,中正區博愛路與貴陽街1段口,0,0,1,2,C03,8,1,5,50,4,1,1,5,4,5,7,1,1,9,4,5,1,11,1,19,2,9,1,1,7,9,1,10,2,12,,44,8,1,22,9,121.5111165,25.03895713
111,1,20,16,43,2,11南港區,南港區福山街56巷與大坑街口,0,0,1,1,F01,7,1,5,40,4,2,1,5,4,5,7,4,4,8,5,5,2,17,2,26,3,10,1,1,7,5,8,20,2,15,,8,8,1,22,9,121.617572,25.04592534
111,1,20,16,43,2,11南港區,南港區福山街56巷與大坑街口,0,0,1,2,C03,7,1,5,40,4,2,1,5,4,5,7,4,4,8,5,5,2,17,1,32,2,9,3,4,7,9,1,10,2,15,,14,8,1,22,9,121.617572,25.04592534
111,1,20,16,50,2,09北投區,北投區尊賢街302巷與石牌路1段39巷口口,0,0,2,1,C03,8,1,5,30,4,1,1,5,4,5,7,4,4,10,5,5,2,15,1,46,2,9,1,1,7,9,1,10,1,14,,6,6,1,22,9,121.5086408,25.11807241
111,1,20,16,50,2,09北投區,北投區尊賢街302巷與石牌路1段39巷口口,0,0,2,2,C03,8,1,5,30,4,1,1,5,4,5,7,4,4,10,5,5,2,15,1,19,2,9,1,1,7,9,1,10,1,11,,13,6,1,22,9,121.5086408,25.11807241
111,1,20,17,2,2,10文山區,文山區木柵路4段與和平東路4段口,0,0,1,1,B03,7,1,5,50,3,1,1,5,4,5,7,1,1,5,5,5,2,3,2,34,3,10,1,1,7,5,1,8,2,1,,15,15,1,22,9,121.5747076,24.99827369
111,1,20,17,2,2,10文山區,文山區木柵路4段與和平東路4段口,0,0,1,2,H01,7,1,5,50,3,1,1,5,4,5,7,1,1,5,5,5,2,3,2,59,2,9,4,5,8,16,8,20,10,16,,51,15,1,22,9,121.5747076,24.99827369
111,1,20,17,9,2,07信義區,信義區松平路78號,0,0,1,1,B01,8,1,5,50,14,9,1,5,4,5,7,4,4,5,5,5,2,3,1,54,3,10,1,1,7,11,1,4,2,1,,10,10,1,22,9,121.5663542,25.03045967
111,1,20,17,9,2,07信義區,信義區松平路78號,0,0,1,2,H01,8,1,5,50,14,9,1,5,4,5,7,4,4,5,5,5,2,3,1,91,2,8,4,5,8,16,8,20,10,16,,51,10,1,22,9,121.5663542,25.03045967
111,1,20,17,20,2,06松山區,松山區市民大道5段201號,0,0,2,1,C03,7,3,5,40,14,9,1,5,4,5,7,4,4,1,4,5,2,12,1,45,2,9,1,1,7,7,1,10,2,14,,7,7,1,22,9,121.5669086,25.04863548
111,1,20,17,20,2,06松山區,松山區市民大道5段201號,0,0,2,2,B03,7,3,5,40,14,9,1,5,4,5,7,4,4,1,4,5,2,12,1,44,3,10,1,1,7,9,1,8,2,2,,44,7,1,22,9,121.5669086,25.04863548
111,1,20,17,20,2,06松山區,松山區市民大道5段201號,0,0,2,3,H02,7,3,5,40,14,9,1,5,4,5,7,4,4,1,4,5,2,12,2,52,2,9,4,5,7,20,8,20,10,16,,67,7,1,22,9,121.5669086,25.04863548
111,1,20,17,23,2,04大安區,大安區四維路52巷與四維路52巷19弄口,0,0,1,1,B01,7,3,5,30,4,1,1,5,4,5,7,4,4,10,5,5,2,15,1,56,3,10,1,1,7,9,1,8,1,1,,23,23,1,22,9,121.5470629,25.03508003
111,1,20,17,23,2,04大安區,大安區四維路52巷與四維路52巷19弄口,0,0,1,2,C03,7,3,5,30,4,1,1,5,4,5,7,4,4,10,5,5,2,15,1,42,2,9,1,1,7,9,1,10,1,12,,6,23,1,22,9,121.5470629,25.03508003
111,1,20,17,29,2,06松山區,松山區八德路4段549號,0,0,1,1,C03,7,3,5,50,14,7,1,5,4,5,7,2,1,1,5,4,2,13,1,32,2,8,3,4,7,9,1,10,1,11,,16,16,1,22,9,121.5728937,25.05002237
111,1,20,17,29,2,06松山區,松山區八德路4段549號,0,0,1,2,B12,7,3,5,50,14,7,1,5,4,5,7,2,1,1,5,4,2,13,1,51,3,10,3,4,7,9,1,8,1,6,,44,16,1,22,9,121.5728937,25.05002237
111,1,20,17,36,2,04大安區,大安區和平東路1段與和平東路1段141巷口,0,0,1,1,B01,8,3,5,50,4,1,1,5,4,5,7,1,1,10,4,4,2,17,1,60,3,10,1,1,7,5,1,4,1,5,,6,6,1,22,9,121.5304155,25.02648436
111,1,20,17,36,2,04大安區,大安區和平東路1段與和平東路1段141巷口,0,0,1,2,C03,8,3,5,50,4,1,1,5,4,5,7,1,1,10,4,4,2,17,1,19,2,9,1,1,7,9,1,10,1,11,,44,6,1,22,9,121.5304155,25.02648436
111,1,20,17,40,2,09北投區,北投區磺港路與清江路25巷口,0,0,2,1,F01,8,3,5,50,3,1,1,5,4,5,7,2,1,5,2,5,2,16,1,13,2,9,1,1,7,5,8,20,1,16,,8,8,1,22,9,121.5034162,25.13174329
111,1,20,17,40,2,09北投區,北投區磺港路與清江路25巷口,0,0,2,2,C03,8,3,5,50,3,1,1,5,4,5,7,2,1,5,2,5,2,16,2,61,2,9,1,1,7,9,1,10,1,11,,23,8,1,22,9,121.5034162,25.13174329
111,1,20,17,45,2,03中山區,中山區長安東路2段與建國北路1段口,0,0,1,1,B03,7,3,5,40,4,1,1,5,4,5,7,1,1,1,4,5,2,16,1,30,3,10,1,1,7,8,1,8,1,5,,7,7,1,22,9,121.5369325,25.04835167
111,1,20,17,45,2,03中山區,中山區長安東路2段與建國北路1段口,0,0,1,2,C03,7,3,5,40,4,1,1,5,4,5,7,1,1,1,4,5,2,16,1,24,2,9,1,1,7,9,1,10,1,14,,44,7,1,22,9,121.5369325,25.04835167
111,1,20,18,3,2,02萬華區,萬華區堤外便道往南龍山91號燈桿,0,0,3,1,C03,8,3,5,40,14,11,5,5,4,5,7,4,4,3,5,5,2,13,1,33,3,10,1,4,7,15,1,10,2,13,,44,44,1,22,9,121.5034989,25.04694991
111,1,20,18,3,2,02萬華區,萬華區堤外便道往南龍山91號燈桿,0,0,3,2,C03,8,3,5,40,14,11,5,5,4,5,7,4,4,3,5,5,2,13,2,34,2,9,1,4,7,15,1,10,2,13,,44,44,1,22,9,121.5034989,25.04694991
111,1,20,18,3,2,02萬華區,萬華區堤外便道往南龍山91號燈桿,0,0,3,3,C03,8,3,5,40,14,11,5,5,4,5,7,4,4,3,5,5,2,13,1,29,2,9,1,4,7,9,1,10,2,11,,16,44,1,22,9,121.5034989,25.04694991
111,1,20,18,3,2,02萬華區,萬華區堤外便道往南龍山91號燈桿,0,0,3,4,C03,8,3,5,40,14,11,5,5,4,5,7,4,4,3,5,5,2,13,1,24,2,8,1,4,7,9,1,10,2,11,,16,44,1,22,9,121.5034989,25.04694991
111,1,20,18,46,1,02萬華區,萬華區堤外便道往北(貴陽疏散門)口,1,0,1,1,F01,8,3,5,40,4,1,1,5,4,5,7,3,1,1,4,5,2,15,1,59,2,9,4,5,7,11,8,20,2,16,,11,11,1,22,9,121.499179,25.04159036
111,1,20,18,46,1,02萬華區,萬華區堤外便道往北(貴陽疏散門)口,1,0,1,2,C03,8,3,5,40,4,1,1,5,4,5,7,3,1,1,4,5,2,15,1,43,1,9,1,1,7,9,1,10,2,11,,13,11,1,22,9,121.499179,25.04159036
111,1,20,18,52,2,02萬華區,萬華區環河南路1段與漢口街2段口,0,0,2,1,C03,8,3,5,50,3,2,1,5,4,5,7,1,1,8,5,5,2,13,1,58,2,8,1,1,7,12,1,10,1,11,,16,16,1,22,9,121.5037166,25.04651016
111,1,20,18,52,2,02萬華區,萬華區環河南路1段與漢口街2段口,0,0,2,2,C03,8,3,5,50,3,2,1,5,4,5,7,1,1,8,5,5,2,13,2,37,2,8,1,1,7,12,4,11,1,13,,44,16,1,22,9,121.5037166,25.04651016
111,1,20,18,52,2,12內湖區,內湖區成功路2段與民權東路6段口,0,0,1,1,B03,8,3,5,50,3,1,1,5,4,5,7,4,4,3,4,5,2,17,1,36,3,10,1,1,7,6,1,8,1,2,,9,9,1,22,9,121.5905912,25.06938577
111,1,20,18,52,2,12內湖區,內湖區成功路2段與民權東路6段口,0,0,1,2,C03,8,3,5,50,3,1,1,5,4,5,7,4,4,3,4,5,2,17,1,25,2,7,1,1,7,9,1,9,1,11,,44,9,1,22,9,121.5905912,25.06938577
111,1,20,18,55,2,08士林區,士林區至善路1段249號燈桿,0,0,1,1,B12,8,3,5,50,14,8,1,5,4,5,7,4,4,1,4,4,2,17,1,44,3,10,3,4,7,9,1,8,2,15,,30,30,1,22,9,121.5421632,25.09736145
111,1,20,18,55,2,08士林區,士林區至善路1段249號燈桿,0,0,1,2,C03,8,3,5,50,14,8,1,5,4,5,7,4,4,1,4,4,2,17,1,27,2,9,1,4,7,9,1,10,2,14,,13,30,1,22,9,121.5421632,25.09736145
111,1,20,19,0,2,01大同區,大同區民權西路與蘭州街口,0,0,1,1,C03,7,3,5,50,4,1,1,5,4,5,7,2,1,1,4,5,2,17,1,36,3,10,3,4,7,9,1,10,2,15,,17,17,2,22,9,121.5148482,25.06312827
111,1,20,19,0,2,01大同區,大同區民權西路與蘭州街口,0,0,1,2,C03,7,3,5,50,4,1,1,5,4,5,7,2,1,1,4,5,2,17,2,33,2,9,3,4,7,15,1,10,2,15,,17,17,2,22,9,121.5148482,25.06312827
111,1,20,19,8,2,03中山區,中山區南京東路3段130號,0,0,1,1,F01,7,3,5,0,15,20,1,5,4,5,7,4,4,10,5,5,2,2,4,,4,11,3,4,7,15,7,19,11,15,,43,43,2,22,9,121.5409204,25.05178514
111,1,20,19,8,2,03中山區,中山區南京東路3段130號,0,0,1,2,H01,7,3,5,0,15,20,1,5,4,5,7,4,4,10,5,5,2,2,2,43,2,7,4,5,8,16,8,20,10,16,,67,43,1,22,9,121.5409204,25.05178514
111,1,20,19,13,2,09北投區,北投區文林北路218號,0,0,1,1,B03,7,3,5,50,14,7,1,5,4,5,7,4,4,3,4,4,2,12,2,62,3,10,1,1,7,9,1,8,2,5,,44,44,1,22,9,121.5144516,25.1079298
111,1,20,19,13,2,09北投區,北投區文林北路218號,0,0,1,2,C03,7,3,5,50,14,7,1,5,4,5,7,4,4,3,4,4,2,12,1,69,2,9,1,1,7,9,1,10,2,14,,17,44,1,22,9,121.5144516,25.1079298
111,1,20,19,16,2,04大安區,大安區市民大道4段136號前,0,0,1,1,C03,6,3,5,40,14,9,1,4,4,5,7,4,4,8,3,5,1,17,1,36,2,8,1,1,7,9,1,10,1,11,,23,23,1,21,5,121.5517257,25.04452798
111,1,20,19,16,2,04大安區,大安區市民大道4段136號前,0,0,1,2,B03,6,3,5,40,14,9,1,4,4,5,7,4,4,8,3,5,1,17,1,31,3,10,1,1,7,15,1,8,1,3,,44,23,1,21,1,121.5517257,25.04452798
111,1,20,19,23,2,04大安區,大安區忠孝東路4段與仁愛路4段71巷口,0,0,1,1,C03,6,3,5,30,4,1,1,4,4,5,7,2,1,1,4,5,2,17,1,55,2,8,1,1,7,9,1,10,1,11,,44,44,1,21,8,121.5472019,25.04133348
111,1,20,19,23,2,04大安區,大安區忠孝東路4段與仁愛路4段71巷口,0,0,1,2,C03,6,3,5,30,4,1,1,4,4,5,7,2,1,1,4,5,2,17,1,29,3,10,1,1,7,7,1,10,1,13,,7,44,1,21,8,121.5472019,25.04133348
111,1,20,19,23,2,04大安區,大安區忠孝東路4段與仁愛路4段71巷口,0,0,1,3,C03,6,3,5,30,4,1,1,4,4,5,7,2,1,1,4,5,2,17,4,,4,11,3,4,7,15,7,19,11,15,,44,44,2,22,9,121.5472019,25.04133348
111,1,20,19,23,2,04大安區,大安區忠孝東路4段與仁愛路4段71巷口,0,0,1,4,C03,6,3,5,30,4,1,1,4,4,5,7,2,1,1,4,5,2,17,4,,4,11,3,4,7,15,7,19,11,15,,44,44,2,22,9,121.5472019,25.04133348
111,1,20,19,30,2,10文山區,文山區木柵路1段與光輝路口永建國小公車站前,0,0,1,1,C03,8,3,5,50,3,2,1,5,4,5,7,2,1,5,4,5,2,9,2,26,3,10,1,1,7,9,1,10,1,11,,43,43,1,22,9,121.5554839,24.98825366
111,1,20,19,30,2,10文山區,文山區木柵路1段與光輝路口永建國小公車站前,0,0,1,2,H02,8,3,5,50,3,2,1,5,4,5,7,2,1,5,4,5,2,9,2,21,2,1,4,5,7,19,8,20,10,16,,67,43,1,22,9,121.5554839,24.98825366
111,1,20,19,30,2,10文山區,文山區木柵路1段與光輝路口永建國小公車站前,0,0,1,3,A02,8,3,5,50,3,2,1,5,4,5,7,2,1,5,4,5,2,9,1,49,3,10,1,1,7,14,1,2,1,15,,43,43,1,22,4,121.5554839,24.98825366
111,1,20,19,31,2,08士林區,士林區文昌路文昌橋022燈桿,0,0,1,2,C03,8,3,5,50,8,9,1,5,4,5,7,4,4,4,4,5,2,17,2,35,2,9,1,1,7,15,1,10,1,14,,44,23,2,22,9,121.5201391,25.0995765
111,1,20,19,31,2,08士林區,士林區文昌路文昌橋022燈桿,0,0,1,1,B12,8,3,5,50,8,9,1,5,4,5,7,4,4,4,4,5,2,17,1,31,4,11,3,4,7,15,7,19,11,15,,23,23,2,22,9,121.5201391,25.0995765
111,1,20,19,36,2,04大安區,大安區大安路1段與四維路52巷口,0,0,1,1,C03,7,3,5,30,4,1,1,5,4,5,7,4,4,10,5,5,2,15,1,26,2,9,1,1,7,9,1,10,1,12,,6,6,1,22,9,121.5460063,25.03512565
111,1,20,19,36,2,04大安區,大安區大安路1段與四維路52巷口,0,0,1,2,B01,7,3,5,30,4,1,1,5,4,5,7,4,4,10,5,5,2,15,1,61,3,10,1,1,7,9,1,1,1,1,,44,6,1,22,9,121.5460063,25.03512565
111,1,20,20,0,2,10文山區,文山區興隆路2段95巷與景豐街48巷口,0,0,1,1,B03,6,3,5,30,4,1,1,4,4,5,7,4,4,10,5,5,2,15,2,55,3,10,1,1,7,9,1,8,2,8,,6,6,1,22,9,121.546586,25.00031964
111,1,20,20,0,2,10文山區,文山區興隆路2段95巷與景豐街48巷口,0,0,1,2,C03,6,3,5,30,4,1,1,4,4,5,7,4,4,10,5,5,2,15,1,29,2,8,1,1,7,9,1,10,2,12,,14,6,1,22,9,121.546586,25.00031964
111,1,20,20,9,2,08士林區,士林區通河西街1段堤外機車練習場旁,0,0,1,1,C03,6,3,5,50,14,9,1,4,4,5,7,4,4,9,4,5,1,16,2,18,3,10,3,4,7,11,1,10,1,14,,10,10,1,22,9,121.5134714,25.08262248
111,1,20,20,9,2,08士林區,士林區通河西街1段堤外機車練習場旁,0,0,1,2,C03,6,3,5,50,14,9,1,4,4,5,7,4,4,9,4,5,1,16,1,19,2,8,3,4,7,9,1,10,1,11,,13,10,1,22,9,121.5134714,25.08262248
111,1,20,20,20,2,05中正區,中正區青島東路7-1號,0,0,1,1,B03,7,3,5,50,14,8,1,5,4,5,7,4,4,9,4,4,2,17,1,63,3,10,1,1,7,11,1,8,2,5,,10,10,1,22,9,121.5223339,25.04377746
111,1,20,20,20,2,05中正區,中正區青島東路7-1號,0,0,1,2,C03,7,3,5,50,14,8,1,5,4,5,7,4,4,9,4,4,2,17,1,23,2,9,1,1,7,9,1,10,2,11,,23,10,1,22,9,121.5223339,25.04377746
111,1,20,21,6,2,04大安區,大安區信義路4段與復興南路1段口,0,0,1,1,C03,7,3,5,50,4,1,1,5,4,5,7,1,1,10,5,5,2,12,1,43,2,7,1,1,7,5,1,10,1,14,,8,8,1,22,9,121.5437318,25.03349554
111,1,20,21,6,2,04大安區,大安區信義路4段與復興南路1段口,0,0,1,2,B03,7,3,5,50,4,1,1,5,4,5,7,1,1,10,5,5,2,12,1,73,3,10,1,1,7,6,1,8,1,5,,44,8,1,22,9,121.5437318,25.03349554
111,1,20,21,20,2,07信義區,信義區永吉路176號,0,0,1,1,C03,6,3,5,50,14,9,1,4,4,5,7,4,4,1,4,5,1,13,2,50,2,8,3,4,7,9,4,8,1,11,,16,16,1,22,9,121.5712586,25.04554447
111,1,20,21,20,2,07信義區,信義區永吉路176號,0,0,1,2,B03,6,3,5,50,14,9,1,4,4,5,7,4,4,1,4,5,1,13,1,26,3,10,3,4,7,12,1,8,1,3,,44,16,1,22,9,121.5712586,25.04554447
111,1,20,21,33,2,04大安區,大安區延吉街與延吉街126巷口,0,0,1,1,C03,6,3,5,50,4,1,1,4,4,5,7,4,4,9,4,5,2,17,1,57,2,9,1,1,7,9,1,10,1,15,,44,44,1,21,8,121.554716,25.04029213
111,1,20,21,33,2,04大安區,大安區延吉街與延吉街126巷口,0,0,1,2,C03,6,3,5,50,4,1,1,4,4,5,7,4,4,9,4,5,2,17,1,37,3,10,1,1,7,9,1,10,1,15,,6,44,1,21,8,121.554716,25.04029213
111,1,20,21,35,2,05中正區,中正區中山南路與信義路1段口,0,0,2,1,C03,6,3,5,50,5,1,1,4,4,5,7,1,1,10,5,5,2,17,2,21,2,7,1,1,7,5,1,10,1,11,,26,26,1,22,9,121.5179778,25.03875165
111,1,20,21,35,2,05中正區,中正區中山南路與信義路1段口,0,0,2,2,B03,6,3,5,50,5,1,1,4,4,5,7,1,1,10,5,5,2,17,1,59,3,10,1,1,7,9,1,8,1,2,,44,26,1,22,9,121.5179778,25.03875165
111,1,20,21,35,2,05中正區,中正區中山南路與信義路1段口,0,0,2,3,H02,6,3,5,50,5,1,1,4,4,5,7,1,1,10,5,5,2,17,2,21,2,8,4,5,7,20,8,20,10,16,,67,26,1,22,9,121.5179778,25.03875165
111,1,20,21,47,2,03中山區,中山區市民大道2段與中山北路1段口,0,0,1,1,C03,6,3,5,40,4,2,1,4,4,5,7,1,1,10,4,5,2,12,2,23,2,7,1,1,7,15,1,10,1,11,,17,17,1,22,9,121.5209453,25.04817237
111,1,20,21,47,2,03中山區,中山區市民大道2段與中山北路1段口,0,0,1,2,C03,6,3,5,40,4,2,1,4,4,5,7,1,1,10,4,5,2,12,1,20,3,10,1,1,7,6,1,10,1,12,,17,17,1,22,9,121.5209453,25.04817237
111,1,20,21,55,2,07信義區,信義區永吉路與基隆路1段口,0,0,2,1,C03,6,3,5,50,14,9,1,4,4,5,7,1,1,10,3,5,1,12,1,28,2,9,1,1,7,7,1,10,1,14,,43,43,1,22,9,121.5676431,25.04581267
111,1,20,21,55,2,07信義區,信義區永吉路與基隆路1段口,0,0,2,2,C03,6,3,5,50,14,9,1,4,4,5,7,1,1,10,3,5,1,12,1,27,2,9,1,1,7,9,1,10,1,14,,43,43,1,22,9,121.5676431,25.04581267
111,1,20,22,6,2,06松山區,松山區塔悠路與民權東路5段口,0,0,1,1,C03,7,3,5,50,4,1,1,5,4,5,7,1,1,1,3,5,2,12,1,22,2,7,1,1,7,7,1,10,1,14,,7,7,1,22,9,121.568359,25.06347804
111,1,20,22,6,2,06松山區,松山區塔悠路與民權東路5段口,0,0,1,2,B12,7,3,5,50,4,1,1,5,4,5,7,1,1,1,3,5,2,12,1,55,3,10,1,1,7,9,1,4,1,2,,44,7,1,22,9,121.568359,25.06347804
111,1,20,22,30,2,07信義區,信義區松德路往市療步道口(068燈桿),0,0,1,1,C03,6,1,5,50,14,9,1,4,4,5,7,4,4,10,5,5,2,18,1,18,2,7,1,1,7,9,1,10,1,12,,14,14,1,22,8,121.5753256,25.0282102
111,1,20,22,30,2,07信義區,信義區松德路往市療步道口(068燈桿),0,0,1,2,,6,1,5,50,14,9,1,4,4,5,7,4,4,10,5,5,2,18,3,,,,,,,,,,,,,67,14,1,,,121.5753256,25.0282102
111,1,20,22,45,2,11南港區,南港區三重路與經貿二路口口,0,0,1,1,B03,6,3,5,50,5,1,1,4,4,5,7,2,1,2,4,5,2,17,1,45,3,10,1,1,7,5,1,8,2,15,,44,44,1,22,9,121.614529,25.06058072
111,1,20,22,45,2,11南港區,南港區三重路與經貿二路口口,0,0,1,2,C03,6,3,5,50,5,1,1,4,4,5,7,2,1,2,4,5,2,17,1,25,2,9,1,1,7,9,1,10,2,15,,44,44,1,22,9,121.614529,25.06058072
111,1,20,22,51,2,02萬華區,萬華區昆明街與洛陽街口,0,0,1,1,C03,6,3,5,50,3,1,1,4,4,5,7,4,4,10,4,5,2,13,1,22,2,9,1,1,7,9,1,10,1,11,,42,42,1,22,9,121.5062362,25.04790721
111,1,20,22,51,2,02萬華區,萬華區昆明街與洛陽街口,0,0,1,2,B01,6,3,5,50,3,1,1,4,4,5,7,4,4,10,4,5,2,13,1,64,3,10,1,4,7,15,1,4,1,7,,38,42,1,22,9,121.5062362,25.04790721
111,1,20,23,15,2,08士林區,士林區文林路與大北路口,0,0,1,1,C03,6,3,5,50,3,1,1,4,4,5,7,4,4,5,5,5,2,17,1,19,3,10,1,1,7,11,1,10,1,15,,10,10,1,22,9,121.5269378,25.08962521
111,1,20,23,15,2,08士林區,士林區文林路與大北路口,0,0,1,2,C03,6,3,5,50,3,1,1,4,4,5,7,4,4,5,5,5,2,17,1,20,2,7,1,1,7,9,1,10,1,12,,44,10,1,22,9,121.5269378,25.08962521
111,1,20,23,52,2,02萬華區,萬華區西園路2段296號,0,0,1,1,B01,6,3,5,50,14,9,1,4,4,5,7,4,4,1,4,5,2,12,1,67,3,10,1,1,7,7,1,4,1,7,,7,7,1,22,9,121.4930945,25.02649032