發生年度,發生月,發生日,發生時-Hours,發生分,處理別-編號,區序,肇事地點,死亡人數,2-30日死亡人數,受傷人數,當事人序號,車種,天候,光線,道路類別,速限-速度限制,道路型態,事故位置,路面狀況1,路面狀況2,路面狀況3,道路障礙1,道路障礙2,號誌1,號誌2,車道劃分-分向,車道劃分-分道1,車道劃分-分道2,車道劃分-分道3,事故類型及型態,性別,年齡,受傷程度,主要傷處,安全帽,行動電話,車輛用途,當事者行動狀態,駕駛資格情形,駕駛執照種類,飲酒情形,車輛撞擊部位1,車輛撞擊部位2,肇因碼-個別,肇因碼-主要,個人肇逃否,職業,旅次目的,座標-X,座標-Y
111,1,20,23,52,2,02萬華區,萬華區西園路2段296號,0,0,1,2,C03,6,3,5,50,14,9,1,4,4,5,7,4,4,1,4,5,2,12,1,30,2,9,1,1,7,9,1,10,1,14,,13,7,1,22,9,121.4930945,25.02649032
111,1,20,23,56,2,03中山區,中山區中山北路3段與農安街口,0,0,1,1,B01,6,3,5,50,4,1,1,4,4,5,7,2,1,1,4,1,2,17,4,,4,11,3,4,7,15,7,19,11,15,,43,43,2,22,9,121.5223862,25.06489032
111,1,20,23,56,2,03中山區,中山區中山北路3段與農安街口,0,0,1,2,C03,6,3,5,50,4,1,1,4,4,5,7,2,1,1,4,1,2,17,2,25,2,8,3,4,7,9,1,10,1,12,,43,43,1,22,9,121.5223862,25.06489032
111,1,21,0,39,2,05中正區,中正區重慶南路1段與貴陽街1段口,0,0,1,2,C03,6,3,5,50,4,1,1,4,4,5,7,1,1,9,4,5,2,17,1,30,2,9,1,1,7,9,1,10,2,14,,43,43,1,22,9,121.512764,25.03878455
111,1,21,0,39,2,05中正區,中正區重慶南路1段與貴陽街1段口,0,0,1,1,C03,6,3,5,50,4,1,1,4,4,5,7,1,1,9,4,5,2,17,4,,4,11,3,4,7,15,7,19,11,15,,43,43,2,22,9,121.512764,25.03878455
111,1,21,3,5,2,03中山區,中山區林森北路與長春路口,0,0,1,1,B03,6,3,5,50,4,1,1,4,4,5,7,2,1,10,5,5,2,2,1,24,3,10,1,1,7,5,1,8,1,1,,15,15,1,22,9,121.5254534,25.0549376
111,1,21,3,5,2,03中山區,中山區林森北路與長春路口,0,0,1,2,H01,6,3,5,50,4,1,1,4,4,5,7,2,1,10,5,5,2,2,2,22,2,9,4,5,8,16,8,20,10,16,,67,15,1,22,9,121.5254534,25.0549376
111,1,21,3,39,2,02萬華區,萬華區環河南路2段與雙園街口口,0,0,1,1,B12,6,3,8,50,15,22,1,4,4,3,7,1,1,10,5,5,2,17,1,20,3,10,3,4,7,6,1,8,1,2,,23,23,1,22,9,121.4914777,25.03203919
111,1,21,3,39,2,02萬華區,萬華區環河南路2段與雙園街口口,0,0,1,3,B12,6,3,8,50,15,22,1,4,4,3,7,1,1,10,5,5,2,17,1,42,3,10,3,4,7,15,1,8,11,15,,38,23,1,22,9,121.4914777,25.03203919
111,1,21,3,39,2,02萬華區,萬華區環河南路2段與雙園街口口,0,0,1,2,G06,6,3,8,50,15,22,1,4,4,3,7,1,1,10,5,5,2,17,1,54,2,9,4,4,7,15,7,19,1,15,,42,23,1,22,9,121.4914777,25.03203919
111,1,21,3,39,2,02萬華區,萬華區環河南路2段與雙園街口口,0,0,1,4,C03,6,3,8,50,15,22,1,4,4,3,7,1,1,10,5,5,2,17,4,,4,11,3,4,7,15,7,19,11,15,,44,23,2,22,9,121.4914777,25.03203919
111,1,21,3,39,2,02萬華區,萬華區環河南路2段與雙園街口口,0,0,1,5,C03,6,3,8,50,15,22,1,4,4,3,7,1,1,10,5,5,2,17,4,,4,11,3,4,7,15,7,19,11,15,,44,23,2,22,9,121.4914777,25.03203919
111,1,21,3,39,2,02萬華區,萬華區環河南路2段與雙園街口口,0,0,1,6,C03,6,3,8,50,15,22,1,4,4,3,7,1,1,10,5,5,2,17,4,,4,11,3,4,7,15,7,19,11,15,,44,23,2,22,9,121.4914777,25.03203919
111,1,21,3,39,2,02萬華區,萬華區環河南路2段與雙園街口口,0,0,1,7,C03,6,3,8,50,15,22,1,4,4,3,7,1,1,10,5,5,2,17,4,,4,11,3,4,7,15,7,19,11,15,,44,23,2,22,9,121.4914777,25.03203919
111,1,21,3,39,2,02萬華區,萬華區環河南路2段與雙園街口口,0,0,1,8,C03,6,3,8,50,15,22,1,4,4,3,7,1,1,10,5,5,2,17,4,,4,11,3,4,7,15,7,19,11,15,,44,23,2,22,9,121.4914777,25.03203919
111,1,21,6,35,2,04大安區,大安區忠孝東路3段217巷與忠孝東路3段口,0,0,1,1,B01,6,2,5,0,3,2,1,4,4,5,7,2,1,8,3,5,1,15,1,68,4,11,3,4,7,5,7,19,11,15,,8,8,2,22,9,121.539745,25.04175839
111,1,21,6,35,2,04大安區,大安區忠孝東路3段217巷與忠孝東路3段口,0,0,1,2,F01,6,2,5,0,3,2,1,4,4,5,7,2,1,8,3,5,1,15,2,56,2,5,1,1,7,11,8,20,1,15,,11,8,1,21,7,121.539745,25.04175839
111,1,21,6,43,2,04大安區,大安區基隆路4段往北，台電公司旁,0,0,2,1,C03,6,1,5,50,14,9,1,4,4,5,7,4,4,1,5,4,2,13,1,25,2,7,1,1,7,9,1,10,1,11,,23,23,1,22,9,121.5385619,25.01217654
111,1,21,6,43,2,04大安區,大安區基隆路4段往北，台電公司旁,0,0,2,2,C03,6,1,5,50,14,9,1,4,4,5,7,4,4,1,5,4,2,13,2,34,2,9,1,1,7,9,1,10,1,13,,13,23,1,22,9,121.5385619,25.01217654
111,1,21,6,45,2,05中正區,中正區羅斯福路1段與南海路口,0,0,1,1,B01,6,2,5,30,5,1,1,4,4,5,7,2,1,2,4,5,2,3,1,42,3,10,1,1,7,5,1,4,2,8,,15,15,1,22,9,121.5182424,25.03281698
111,1,21,6,45,2,05中正區,中正區羅斯福路1段與南海路口,0,0,1,2,H01,6,2,5,30,5,1,1,4,4,5,7,2,1,2,4,5,2,3,1,24,2,9,4,5,8,16,8,20,10,16,,67,15,1,22,9,121.5182424,25.03281698
111,1,21,6,48,2,07信義區,信義區信義路5段與松仁路口,0,0,1,1,C03,6,1,5,50,14,9,1,4,4,5,7,1,1,10,4,5,2,12,1,62,3,10,1,1,7,9,1,10,1,12,,17,17,1,22,9,121.5687164,25.03274987
111,1,21,6,48,2,07信義區,信義區信義路5段與松仁路口,0,0,1,2,C03,6,1,5,50,14,9,1,4,4,5,7,1,1,10,4,5,2,12,2,70,2,9,1,1,7,9,1,10,1,14,,17,17,1,22,9,121.5687164,25.03274987
111,1,21,6,50,2,09北投區,北投區承德路7段384號,0,0,1,1,C03,6,1,5,50,14,8,1,4,4,5,7,4,4,1,4,5,2,12,1,39,3,10,1,1,7,8,1,10,1,14,,43,43,1,22,9,121.5022683,25.11896754
111,1,21,6,50,2,09北投區,北投區承德路7段384號,0,0,1,2,C03,6,1,5,50,14,8,1,4,4,5,7,4,4,1,4,5,2,12,2,29,2,9,1,1,7,9,1,10,1,14,,43,43,1,22,9,121.5022683,25.11896754
111,1,21,6,50,2,07信義區,信義區和平東路3段580號對面,0,0,2,1,C03,6,1,5,50,14,9,1,4,4,5,7,4,4,8,3,5,2,13,1,26,2,9,1,1,7,9,1,10,1,11,,23,23,1,22,9,121.5620925,25.0144448
111,1,21,6,50,2,07信義區,信義區和平東路3段580號對面,0,0,2,2,G01,6,1,5,50,14,9,1,4,4,5,7,4,4,8,3,5,2,13,2,77,2,1,4,1,7,9,3,18,1,3,,44,23,1,22,9,121.5620925,25.0144448
111,1,21,7,28,2,10文山區,文山區木新路2段與木新路2段口128號前,0,0,1,1,B12,6,1,5,30,3,1,1,4,4,5,7,4,4,10,5,5,2,17,1,68,3,10,1,1,7,6,1,8,1,15,,6,6,1,22,9,121.5692587,24.98415776
111,1,21,7,28,2,10文山區,文山區木新路2段與木新路2段口128號前,0,0,1,2,C03,6,1,5,30,3,1,1,4,4,5,7,4,4,10,5,5,2,17,1,36,2,9,1,1,7,9,1,10,1,14,,14,6,1,22,9,121.5692587,24.98415776
111,1,21,7,48,2,02萬華區,萬華區水源路與青年路口,0,0,1,1,B12,6,1,5,40,4,1,1,4,4,5,7,1,1,1,5,5,2,17,1,50,3,10,1,4,7,5,1,8,1,1,,23,23,1,22,9,121.5041214,25.0199377
111,1,21,7,48,2,02萬華區,萬華區水源路與青年路口,0,0,1,2,C03,6,1,5,40,4,1,1,4,4,5,7,1,1,1,5,5,2,17,1,22,2,6,1,4,7,14,1,10,1,11,,44,23,1,22,9,121.5041214,25.0199377
111,1,21,8,32,2,07信義區,信義區市民大道5段與東興路口往東第六根燈桿,0,0,1,1,C03,6,1,5,40,14,9,1,4,4,5,7,3,1,10,4,5,2,13,2,39,4,11,3,4,7,15,7,19,11,15,,42,42,2,22,9,121.5672731,25.04859282
111,1,21,8,32,2,07信義區,信義區市民大道5段與東興路口往東第六根燈桿,0,0,1,2,C03,6,1,5,40,14,9,1,4,4,5,7,3,1,10,4,5,2,13,2,30,2,9,1,1,7,9,1,10,1,11,,16,42,1,22,9,121.5672731,25.04859282
111,1,21,8,40,2,05中正區,中正區漢口街1段90號,0,0,1,1,C03,6,1,5,50,14,9,1,4,4,5,7,4,4,9,4,5,2,29,2,24,2,9,1,1,7,7,1,10,9,14,,43,43,1,22,9,121.5118086,25.04515052
111,1,21,8,40,2,05中正區,中正區漢口街1段90號,0,0,1,2,,6,1,5,50,14,9,1,4,4,5,7,4,4,9,4,5,2,29,3,,,,,,,,,,,,,67,43,1,,,121.5118086,25.04515052
111,1,21,8,54,2,12內湖區,內湖區江南街71巷75弄與文德路22巷59弄口,0,0,1,1,C03,6,1,5,30,4,1,1,4,4,5,7,4,4,10,5,5,2,15,1,50,2,9,1,1,7,9,1,10,1,12,,6,6,1,22,9,121.5793155,25.0753106
111,1,21,8,54,2,12內湖區,內湖區江南街71巷75弄與文德路22巷59弄口,0,0,1,2,B03,6,1,5,30,4,1,1,4,4,5,7,4,4,10,5,5,2,15,1,45,3,10,1,1,7,9,1,8,1,1,,6,6,1,22,9,121.5793155,25.0753106
111,1,21,9,0,2,09北投區,北投區大業路263號與大業路口,0,0,1,1,B03,6,1,5,50,3,1,1,4,4,5,7,1,1,1,4,5,2,12,2,50,3,10,1,4,7,6,1,8,1,2,,9,9,1,22,9,121.4980557,25.1259019
111,1,21,9,0,2,09北投區,北投區大業路263號與大業路口,0,0,1,2,C03,6,1,5,50,3,1,1,4,4,5,7,1,1,1,4,5,2,12,1,29,2,9,1,4,7,9,1,9,1,11,,13,9,1,22,9,121.4980557,25.1259019
111,1,21,9,0,2,12內湖區,內湖區文德路6號與文德路210巷30弄口6號前,0,0,1,1,C03,6,1,5,0,3,2,1,4,4,5,7,4,4,7,5,5,2,17,1,25,2,9,1,1,7,9,1,10,11,11,,23,23,1,22,9,121.5843516,25.07717936
111,1,21,9,0,2,12內湖區,內湖區文德路6號與文德路210巷30弄口6號前,0,0,1,2,B03,6,1,5,0,3,2,1,4,4,5,7,4,4,7,5,5,2,17,1,40,3,10,1,1,7,13,1,8,1,6,,42,23,1,22,9,121.5843516,25.07717936
111,1,21,9,13,2,12內湖區,內湖區麥帥二橋東向西,0,0,2,1,B01,6,1,5,70,14,9,1,4,4,5,7,4,4,10,4,5,2,13,1,48,3,10,1,1,7,12,1,4,1,1,,16,16,1,22,9,121.571583,25.0560365
111,1,21,9,13,2,12內湖區,內湖區麥帥二橋東向西,0,0,2,2,B03,6,1,5,70,14,9,1,4,4,5,7,4,4,10,4,5,2,13,2,35,2,1,1,1,7,14,1,8,1,3,,44,16,1,22,9,121.571583,25.0560365
111,1,21,9,13,2,12內湖區,內湖區麥帥二橋東向西,0,0,2,3,H02,6,1,5,70,14,9,1,4,4,5,7,4,4,10,4,5,2,13,2,58,2,3,1,5,7,20,8,20,10,16,,67,16,1,22,9,121.571583,25.0560365
111,1,21,9,30,2,03中山區,中山區市民大道1段往西2號樓梯出入口前,0,0,1,2,C03,6,1,5,40,14,9,1,4,4,4,7,4,4,1,4,1,1,29,1,38,2,9,1,1,7,9,1,10,2,12,,43,61,1,22,9,121.5203983,25.04833446
111,1,21,9,30,2,03中山區,中山區市民大道1段往西2號樓梯出入口前,0,0,1,1,,6,1,5,40,14,9,1,4,4,4,7,4,4,1,4,1,1,29,3,,,,,,,,,,,,,61,61,1,,,121.5203983,25.04833446
111,1,21,9,34,2,06松山區,松山區民權東路5段與撫遠街口,0,0,1,1,B12,6,1,5,50,4,1,1,4,4,5,7,2,1,1,4,5,2,12,1,53,3,10,1,1,7,7,1,8,1,4,,7,7,1,22,9,121.5659881,25.0633116
111,1,21,9,34,2,06松山區,松山區民權東路5段與撫遠街口,0,0,1,2,C03,6,1,5,50,4,1,1,4,4,5,7,2,1,1,4,5,2,12,2,63,2,9,1,1,7,9,1,10,1,15,,44,7,1,22,9,121.5659881,25.0633116
111,1,21,9,48,2,01大同區,大同區環河北路2段與昌吉街口,0,0,1,1,B02,6,1,5,50,3,1,1,4,4,5,7,4,4,8,3,5,1,17,1,23,3,10,1,1,7,6,1,8,1,4,,6,6,1,22,9,121.5089446,25.065891
111,1,21,9,48,2,01大同區,大同區環河北路2段與昌吉街口,0,0,1,2,C03,6,1,5,50,3,1,1,4,4,5,7,4,4,8,3,5,1,17,1,19,2,9,1,1,7,9,1,10,1,12,,44,6,1,22,9,121.5089446,25.065891
111,1,21,10,5,2,05中正區,中正區金山南路1段與臨沂街6巷口,0,0,1,1,B03,6,1,5,50,4,1,1,4,4,5,7,1,1,4,4,5,2,15,2,48,3,10,1,4,7,9,1,8,1,6,,6,6,1,22,9,121.5298528,25.04259313
111,1,21,10,5,2,05中正區,中正區金山南路1段與臨沂街6巷口,0,0,1,2,C03,6,1,5,50,4,1,1,4,4,5,7,1,1,4,4,5,2,15,2,30,2,9,1,1,7,9,1,10,1,14,,44,6,1,22,9,121.5298528,25.04259313
111,1,21,10,20,2,06松山區,松山區三民路與三民路29巷口,0,0,1,1,C03,6,1,5,30,4,1,1,4,4,5,7,4,4,4,3,5,2,17,1,72,2,9,3,4,7,5,1,10,1,12,,43,43,1,22,9,121.5637841,25.055001
111,1,21,10,20,2,06松山區,松山區三民路與三民路29巷口,0,0,1,2,B03,6,1,5,30,4,1,1,4,4,5,7,4,4,4,3,5,2,17,1,63,3,10,3,4,7,9,1,8,1,4,,43,43,1,22,9,121.5637841,25.055001
111,1,21,10,30,2,12內湖區,內湖區瑞湖街與瑞湖街178巷口口,0,0,1,1,B01,6,1,5,50,3,1,1,4,4,5,7,4,4,5,5,5,2,16,2,45,3,10,1,1,7,5,1,4,1,5,,8,8,1,22,9,121.5764084,25.07059464
111,1,21,10,30,2,12內湖區,內湖區瑞湖街與瑞湖街178巷口口,0,0,1,2,C04,6,1,5,50,3,1,1,4,4,5,7,4,4,5,5,5,2,16,2,24,2,9,1,1,7,9,1,10,1,11,,44,8,1,22,9,121.5764084,25.07059464
111,1,21,10,35,2,04大安區,大安區信義路4段與信義路4段400巷口,0,0,1,1,C03,6,1,5,50,3,2,1,4,4,5,7,4,4,1,5,5,2,13,1,19,2,7,1,1,7,9,1,10,1,11,,23,23,1,22,9,121.5566137,25.03300716
111,1,21,10,35,2,04大安區,大安區信義路4段與信義路4段400巷口,0,0,1,2,B01,6,1,5,50,3,2,1,4,4,5,7,4,4,1,5,5,2,13,1,63,3,10,1,1,7,14,1,4,1,7,,38,23,1,22,9,121.5566137,25.03300716
111,1,21,10,45,2,07信義區,信義區松仁路與信義路5段150巷14弄口,0,0,1,1,B01,6,1,5,50,4,1,1,4,4,5,7,1,1,5,4,5,2,16,1,35,3,10,1,1,7,5,1,4,1,2,,6,6,1,22,9,121.5683344,25.0285107
111,1,21,10,45,2,07信義區,信義區松仁路與信義路5段150巷14弄口,0,0,1,2,C03,6,1,5,50,4,1,1,4,4,5,7,1,1,5,4,5,2,16,1,28,2,9,1,1,7,9,1,10,1,11,,23,6,1,22,9,121.5683344,25.0285107
111,1,21,10,51,2,05中正區,中正區福州街10號前,0,0,1,2,C03,6,1,5,50,14,9,1,4,4,5,7,4,4,9,5,5,1,17,2,70,2,9,2,1,7,9,1,10,2,12,,44,40,1,22,9,121.5183426,25.02864351
111,1,21,10,51,2,05中正區,中正區福州街10號前,0,0,1,1,B12,6,1,5,50,14,9,1,4,4,5,7,4,4,9,5,5,1,17,1,47,3,10,1,1,7,15,1,8,2,4,,40,40,1,22,9,121.5183426,25.02864351
111,1,21,10,53,2,04大安區,大安區和平東路1段14號,0,0,1,1,B03,6,1,5,50,14,9,1,4,4,5,7,2,1,1,4,5,2,12,1,69,3,10,3,4,7,1,1,8,2,7,,19,19,1,22,9,121.523609,25.02694371
111,1,21,10,53,2,04大安區,大安區和平東路1段14號,0,0,1,2,C03,6,1,5,50,14,9,1,4,4,5,7,2,1,1,4,5,2,12,2,25,2,3,3,4,7,9,1,10,1,14,,44,19,1,22,9,121.523609,25.02694371
111,1,21,11,10,2,04大安區,大安區敦化南路1段187巷39號,0,0,1,1,H01,6,1,5,30,14,9,1,4,4,3,7,4,4,10,5,5,2,3,1,31,3,10,4,5,8,16,8,20,10,16,,53,53,1,22,9,121.5522951,25.0425504
111,1,21,11,10,2,04大安區,大安區敦化南路1段187巷39號,0,0,1,2,C04,6,1,5,30,14,9,1,4,4,3,7,4,4,10,5,5,2,3,2,57,2,7,1,4,7,9,1,8,1,11,,44,53,1,22,9,121.5522951,25.0425504
111,1,21,11,14,2,05中正區,中正區中山北路1段與市民大道1段口,0,0,3,1,C03,6,1,5,40,4,1,1,4,4,5,7,1,1,1,4,5,1,17,2,30,2,9,1,1,7,9,1,10,1,14,,23,23,1,22,9,121.5205644,25.04802098
111,1,21,11,14,2,05中正區,中正區中山北路1段與市民大道1段口,0,0,3,2,C03,6,1,5,40,4,1,1,4,4,5,7,1,1,1,4,5,1,17,2,20,2,9,1,1,7,14,3,18,1,13,,42,23,1,22,9,121.5205644,25.04802098
111,1,21,11,14,2,05中正區,中正區中山北路1段與市民大道1段口,0,0,3,3,C03,6,1,5,40,4,1,1,4,4,5,7,1,1,1,4,5,1,17,1,28,3,10,1,1,7,12,1,10,1,13,,44,23,1,22,9,121.5205644,25.04802098
111,1,21,11,14,2,05中正區,中正區中山北路1段與市民大道1段口,0,0,3,4,C03,6,1,5,40,4,1,1,4,4,5,7,1,1,1,4,5,1,17,1,30,2,9,1,1,7,12,1,10,1,11,,13,23,2,22,9,121.5205644,25.04802098
111,1,21,12,17,2,03中山區,中山區建國高架道往南長安閘道,0,0,1,1,B03,6,1,8,40,15,22,1,4,4,5,7,4,4,10,4,5,1,13,1,36,3,10,1,1,7,9,1,8,1,1,,16,16,1,22,9,121.5366944,25.04820128
111,1,21,12,17,2,03中山區,中山區建國高架道往南長安閘道,0,0,1,2,B02,6,1,8,40,15,22,1,4,4,5,7,4,4,10,4,5,1,13,1,47,3,10,1,1,7,12,1,8,1,3,,44,16,1,22,9,121.5366944,25.04820128
111,1,21,12,17,2,03中山區,中山區建國高架道往南長安閘道,0,0,1,3,H02,6,1,8,40,15,22,1,4,4,5,7,4,4,10,4,5,1,13,2,40,2,1,4,5,7,21,8,20,10,15,,67,16,1,22,9,121.5366944,25.04820128
111,1,21,12,30,2,11南港區,南港區中坡南路與玉成街166巷口,0,0,1,1,B12,6,1,5,40,4,2,1,4,4,5,7,4,4,5,5,4,2,13,1,41,3,10,3,4,7,6,1,8,1,1,,16,16,1,22,9,121.5829611,25.04357324
111,1,21,12,30,2,11南港區,南港區中坡南路與玉成街166巷口,0,0,1,2,C03,6,1,5,40,4,2,1,4,4,5,7,4,4,5,5,4,2,13,1,49,2,8,3,4,7,6,1,10,1,13,,44,16,1,22,9,121.5829611,25.04357324
111,1,21,12,42,2,03中山區,中山區中山北路1段與長安東路1段口,0,0,1,1,C03,6,1,5,50,4,1,1,4,4,5,7,2,1,4,4,1,2,17,2,52,2,9,1,4,7,9,1,10,1,12,,42,42,1,22,9,121.5217535,25.0498402
111,1,21,12,42,2,03中山區,中山區中山北路1段與長安東路1段口,0,0,1,2,B01,6,1,5,50,4,1,1,4,4,5,7,2,1,4,4,1,2,17,1,69,3,10,3,4,7,9,1,4,1,3,,44,42,1,22,9,121.5217535,25.0498402
111,1,21,13,5,2,02萬華區,萬華區環河快速道路往南近華江橋,0,0,1,1,B03,6,1,5,60,10,9,1,4,4,5,7,4,4,3,3,5,1,17,1,47,4,11,3,4,7,10,7,19,11,15,,7,7,2,22,9,121.4907899,25.03579493
111,1,21,13,5,2,02萬華區,萬華區環河快速道路往南近華江橋,0,0,1,2,C02,6,1,5,60,10,9,1,4,4,5,7,4,4,3,3,5,1,17,1,34,2,9,3,4,7,9,1,9,9,14,,13,7,1,22,9,121.4907899,25.03579493
111,1,21,13,20,2,07信義區,信義區忠孝東路5段420號,0,0,2,1,C03,6,1,5,50,14,9,1,4,4,5,7,2,1,1,4,5,1,13,1,26,2,8,3,4,7,9,1,10,1,11,,16,16,1,22,9,121.5753621,25.04081663
111,1,21,13,20,2,07信義區,信義區忠孝東路5段420號,0,0,2,2,C03,6,1,5,50,14,9,1,4,4,5,7,2,1,1,4,5,1,13,1,32,2,5,3,4,7,9,1,10,1,13,,44,16,1,22,9,121.5753621,25.04081663
111,1,21,13,37,2,05中正區,中正區市民大道1段100號前,0,0,1,1,C03,6,1,5,40,14,9,1,4,4,5,7,4,4,9,4,5,1,13,2,38,2,9,1,1,7,9,1,10,1,11,,16,16,1,21,1,121.5184332,25.04845853
111,1,21,13,37,2,05中正區,中正區市民大道1段100號前,0,0,1,2,A12,6,1,5,40,14,9,1,4,4,5,7,4,4,9,4,5,1,13,1,61,3,10,1,1,7,9,1,2,1,3,,44,16,1,21,1,121.5184332,25.04845853
111,1,21,14,15,2,10文山區,文山區萬芳路11號,0,0,1,2,C03,6,1,5,50,14,9,1,4,4,5,7,4,4,5,4,5,2,17,2,19,2,7,1,1,7,9,1,10,2,12,,23,8,1,22,9,121.5685495,24.99883407
111,1,21,14,15,2,10文山區,文山區萬芳路11號,0,0,1,1,B12,6,1,5,50,14,9,1,4,4,5,7,4,4,5,4,5,2,17,1,60,3,10,1,1,7,5,1,8,2,8,,8,8,1,22,9,121.5685495,24.99883407
111,1,21,14,19,2,12內湖區,內湖區行善路291號對面,0,0,1,1,B03,6,1,5,50,14,9,1,4,4,5,7,4,4,1,4,4,2,12,1,46,3,10,1,1,7,9,1,8,1,2,,43,43,1,22,9,121.5842583,25.06211152
111,1,21,14,19,2,12內湖區,內湖區行善路291號對面,0,0,1,2,C03,6,1,5,50,14,9,1,4,4,5,7,4,4,1,4,4,2,12,1,65,2,9,1,1,7,9,1,10,1,14,,43,43,1,22,9,121.5842583,25.06211152
111,1,21,14,40,2,08士林區,士林區仰德大道2段與仰德大道2段41巷口,0,0,2,1,C03,6,1,5,40,3,2,1,4,4,5,7,2,1,4,5,5,2,17,2,20,2,9,1,1,7,9,1,10,1,14,,23,23,1,21,8,121.5434848,25.1048545
111,1,21,14,40,2,08士林區,士林區仰德大道2段與仰德大道2段41巷口,0,0,2,2,B03,6,1,5,40,3,2,1,4,4,5,7,2,1,4,5,5,2,17,1,58,3,10,1,1,7,8,1,8,1,2,,7,23,1,21,8,121.5434848,25.1048545
111,1,21,14,40,2,08士林區,士林區仰德大道2段與仰德大道2段41巷口,0,0,2,3,H02,6,1,5,40,3,2,1,4,4,5,7,2,1,4,5,5,2,17,2,20,2,8,4,5,7,20,8,20,10,16,,67,23,1,21,8,121.5434848,25.1048545
111,1,21,14,41,2,03中山區,中山區中山北路3段與民族東路口,0,0,1,1,B03,6,1,5,50,4,1,1,4,4,5,7,1,1,1,4,1,1,15,1,63,3,10,1,1,7,9,1,8,1,1,,6,6,1,22,9,121.5231305,25.0679433
111,1,21,14,41,2,03中山區,中山區中山北路3段與民族東路口,0,0,1,2,F03,6,1,5,50,4,1,1,4,4,5,7,1,1,1,4,1,1,15,1,57,2,8,1,1,7,9,8,20,1,16,,44,6,1,22,9,121.5231305,25.0679433
111,1,21,15,18,2,07信義區,信義區莊敬路350號,0,0,1,2,C03,6,1,5,50,14,7,1,4,4,5,7,4,4,9,5,4,2,17,2,30,2,8,1,1,7,12,1,10,1,12,,43,43,1,22,9,121.5642801,25.02782656
111,1,21,15,18,2,07信義區,信義區莊敬路350號,0,0,1,1,C03,6,1,5,50,14,7,1,4,4,5,7,4,4,9,5,4,2,17,4,,4,11,3,4,7,15,7,19,11,15,,43,43,2,22,9,121.5642801,25.02782656
111,1,21,15,35,2,08士林區,士林區百齡橋與承德路4段口,0,0,1,1,B12,6,1,5,50,3,2,1,4,4,5,7,4,4,3,4,5,1,12,1,64,3,10,1,1,7,6,1,7,2,2,,6,6,1,22,9,121.5156817,25.0904433
111,1,21,15,35,2,08士林區,士林區百齡橋與承德路4段口,0,0,1,2,C03,6,1,5,50,3,2,1,4,4,5,7,4,4,3,4,5,1,12,2,21,2,9,1,1,7,9,1,10,2,14,,23,6,1,22,9,121.5156817,25.0904433
111,1,21,16,1,2,03中山區,中山區長春路306號對面,0,0,1,1,B03,6,1,5,50,14,9,1,4,4,5,7,4,4,8,3,5,2,17,2,60,3,10,3,4,7,5,1,8,11,15,,8,8,2,22,9,121.5399776,25.05472829
111,1,21,16,1,2,03中山區,中山區長春路306號對面,0,0,1,2,C03,6,1,5,50,14,9,1,4,4,5,7,4,4,8,3,5,2,17,1,29,2,9,3,4,7,9,1,10,1,12,,44,8,1,22,9,121.5399776,25.05472829
111,1,21,16,1,2,03中山區,中山區長春路306號對面,0,0,1,3,B03,6,1,5,50,14,9,1,4,4,5,7,4,4,8,3,5,2,17,2,69,3,10,3,4,7,13,1,8,1,7,,44,8,1,22,9,121.5399776,25.05472829
111,1,21,16,56,2,07信義區,信義區忠孝東路5段49號,0,0,2,1,B03,6,1,5,50,14,9,1,4,4,5,7,2,1,3,4,5,2,13,1,46,3,10,1,1,7,9,1,8,1,1,,23,23,1,22,9,121.566289,25.04120153
111,1,21,16,56,2,07信義區,信義區忠孝東路5段49號,0,0,2,2,C03,6,1,5,50,14,9,1,4,4,5,7,2,1,3,4,5,2,13,2,41,2,8,1,1,7,14,1,10,1,13,,44,23,1,22,9,121.566289,25.04120153
111,1,21,16,56,2,07信義區,信義區忠孝東路5段49號,0,0,2,3,H02,6,1,5,50,14,9,1,4,4,5,7,2,1,3,4,5,2,13,2,20,2,9,1,1,7,17,8,20,10,16,,67,23,1,22,9,121.566289,25.04120153
111,1,21,16,57,2,03中山區,中山區松江路362巷與民權東路2段92巷口,0,0,1,1,B01,6,1,5,30,4,1,1,4,4,5,7,4,4,10,5,5,2,15,1,55,3,10,3,4,7,9,1,4,1,5,,6,6,1,22,9,121.5317269,25.06196988
111,1,21,16,57,2,03中山區,中山區松江路362巷與民權東路2段92巷口,0,0,1,2,C03,6,1,5,30,4,1,1,4,4,5,7,4,4,10,5,5,2,15,1,26,2,9,3,4,7,9,1,10,1,11,,44,6,1,22,9,121.5317269,25.06196988
111,1,21,17,0,2,11南港區,南港區忠孝東路7段與忠孝東路7段124巷口,0,0,1,1,B01,6,1,5,50,3,1,1,4,4,5,7,2,1,1,3,5,1,17,1,61,3,10,3,4,7,1,1,8,2,6,,19,19,1,22,9,121.6039738,25.05179696
111,1,21,17,0,2,11南港區,南港區忠孝東路7段與忠孝東路7段124巷口,0,0,1,2,C03,6,1,5,50,3,1,1,4,4,5,7,2,1,1,3,5,1,17,1,42,2,9,3,4,7,9,1,10,2,11,,44,19,1,22,9,121.6039738,25.05179696
111,1,21,17,30,2,09北投區,北投區大度路1段與怡和巷口口,0,0,1,1,B03,7,1,5,70,3,1,1,4,4,5,7,4,4,1,4,1,1,16,2,44,3,10,1,1,7,8,1,6,1,5,,44,44,1,22,9,121.4957912,25.1214826