發生年度,發生月,發生日,發生時-Hours,發生分,處理別-編號,區序,肇事地點,死亡人數,2-30日死亡人數,受傷人數,當事人序號,車種,天候,光線,道路類別,速限-速度限制,道路型態,事故位置,路面狀況1,路面狀況2,路面狀況3,道路障礙1,道路障礙2,號誌1,號誌2,車道劃分-分向,車道劃分-分道1,車道劃分-分道2,車道劃分-分道3,事故類型及型態,性別,年齡,受傷程度,主要傷處,安全帽,行動電話,車輛用途,當事者行動狀態,駕駛資格情形,駕駛執照種類,飲酒情形,車輛撞擊部位1,車輛撞擊部位2,肇因碼-個別,肇因碼-主要,個人肇逃否,職業,旅次目的,座標-X,座標-Y
111,1,21,17,30,2,09北投區,北投區大度路1段與怡和巷口口,0,0,1,2,C03,7,1,5,70,3,1,1,4,4,5,7,4,4,1,4,1,1,16,1,45,2,9,1,1,7,9,1,10,1,11,,14,44,1,22,9,121.4957912,25.1214826
111,1,21,17,40,2,10文山區,文山區木柵路5段43巷底富德公墓(電燈桿075號),0,0,1,1,C03,6,3,5,30,11,9,1,4,4,5,7,4,4,10,5,5,2,29,1,23,2,8,1,1,7,9,1,10,9,11,14,23,23,1,22,9,121.5730749,25.01257363
111,1,21,17,40,2,10文山區,文山區木柵路5段43巷底富德公墓(電燈桿075號),0,0,1,2,,6,3,5,30,11,9,1,4,4,5,7,4,4,10,5,5,2,29,3,,,,,,,,,,,,,67,23,1,,,121.5730749,25.01257363
111,1,21,17,47,2,03中山區,中山區市民大道2段與林森北路口,0,0,1,2,H01,6,3,5,40,4,1,1,4,4,5,7,2,1,9,4,5,2,1,2,35,2,9,4,5,8,16,8,20,1,16,,67,15,1,5,1,121.5242569,25.04791353
111,1,21,17,47,2,03中山區,中山區市民大道2段與林森北路口,0,0,1,1,C03,6,3,5,40,4,1,1,4,4,5,7,2,1,9,4,5,2,1,1,19,3,10,1,1,7,6,1,10,1,11,,15,15,1,5,5,121.5242569,25.04791353
111,1,21,17,58,2,09北投區,北投區承德路6段與福國路口,0,0,2,1,C03,6,3,5,60,4,2,1,4,4,5,7,1,1,1,4,5,2,13,1,41,2,9,3,4,7,9,3,18,1,11,,16,16,1,22,9,121.5121534,25.10183016
111,1,21,17,58,2,09北投區,北投區承德路6段與福國路口,0,0,2,2,C03,6,3,5,60,4,2,1,4,4,5,7,1,1,1,4,5,2,13,1,34,2,9,3,4,7,9,1,10,1,13,,44,16,1,22,9,121.5121534,25.10183016
111,1,21,18,2,2,12內湖區,內湖區新湖二路50號前,0,0,1,1,C03,7,3,5,50,14,9,1,4,4,5,7,4,4,5,4,5,2,12,1,20,2,8,1,1,7,1,1,10,1,14,,19,19,1,22,9,121.5759333,25.06093237
111,1,21,18,2,2,12內湖區,內湖區新湖二路50號前,0,0,1,2,B03,7,3,5,50,14,9,1,4,4,5,7,4,4,5,4,5,2,12,1,50,3,10,1,1,7,9,1,8,1,2,,44,19,1,22,9,121.5759333,25.06093237
111,1,21,18,5,2,05中正區,中正區中華路1段21巷口,0,0,1,2,C03,6,3,5,50,14,9,1,4,4,5,7,4,4,1,4,5,1,17,2,40,2,9,1,1,7,15,1,10,1,15,,44,7,1,22,9,121.5097261,25.04653852
111,1,21,18,5,2,05中正區,中正區中華路1段21巷口,0,0,1,1,B03,6,3,5,50,14,9,1,4,4,5,7,4,4,1,4,5,1,17,1,56,4,11,3,4,7,10,7,19,11,15,,7,7,2,22,9,121.5097261,25.04653852
111,1,21,18,10,2,03中山區,中山區八德路2段210巷,0,0,1,1,B03,7,3,5,0,4,2,1,4,4,5,7,1,1,10,4,5,2,3,2,26,3,10,1,1,7,5,1,8,2,8,,15,15,1,22,9,121.5391074,25.04644834
111,1,21,18,10,2,03中山區,中山區八德路2段210巷,0,0,1,2,H01,7,3,5,0,4,2,1,4,4,5,7,1,1,10,4,5,2,3,2,53,2,6,4,5,8,16,8,20,10,16,,67,15,1,22,9,121.5391074,25.04644834
111,1,21,18,15,2,04大安區,大安區復興南路2段306號,0,0,2,1,C03,6,3,5,50,14,7,1,4,4,5,7,4,4,1,5,1,2,16,1,58,4,11,3,4,7,7,7,19,11,15,,7,7,2,22,9,121.5432266,25.0237308
111,1,21,18,15,2,04大安區,大安區復興南路2段306號,0,0,2,2,C03,6,3,5,50,14,7,1,4,4,5,7,4,4,1,5,1,2,16,1,38,2,9,1,3,7,9,1,10,1,11,,44,7,1,22,9,121.5432266,25.0237308
111,1,21,18,15,2,04大安區,大安區復興南路2段306號,0,0,2,3,C03,6,3,5,50,14,7,1,4,4,5,7,4,4,1,5,1,2,16,2,26,2,9,1,1,7,9,1,10,1,11,,44,7,1,22,9,121.5432266,25.0237308
111,1,21,18,23,2,02萬華區,萬華區長順街與長順街14巷口,0,0,1,1,C03,6,3,5,30,4,1,1,4,4,5,7,4,4,5,4,5,2,15,1,22,2,8,1,1,7,9,1,10,1,11,,6,6,1,22,9,121.4902775,25.0316057
111,1,21,18,23,2,02萬華區,萬華區長順街與長順街14巷口,0,0,1,2,B01,6,3,5,30,4,1,1,4,4,5,7,4,4,5,4,5,2,15,1,57,3,10,1,1,7,9,1,4,1,4,,44,6,1,22,9,121.4902775,25.0316057
111,1,21,18,40,2,05中正區,中正區重慶南路1段與衡陽路口,0,0,1,1,B03,6,3,5,50,4,1,1,4,4,5,7,1,1,9,4,5,2,12,1,59,3,10,1,1,7,6,1,8,2,5,,9,9,1,22,9,121.5131636,25.04235817
111,1,21,18,40,2,05中正區,中正區重慶南路1段與衡陽路口,0,0,1,2,C03,6,3,5,50,4,1,1,4,4,5,7,1,1,9,4,5,2,12,2,44,2,8,1,1,7,9,1,10,2,14,,44,9,1,22,9,121.5131636,25.04235817
111,1,21,18,43,2,07信義區,信義區忠孝東路5段297號,0,0,1,1,B03,6,3,5,50,14,9,1,4,4,5,7,4,4,1,4,5,1,13,2,63,3,10,1,1,7,9,1,8,1,1,,23,23,1,22,9,121.5732268,25.04096869
111,1,21,18,43,2,07信義區,信義區忠孝東路5段297號,0,0,1,2,B03,6,3,5,50,14,9,1,4,4,5,7,4,4,1,4,5,1,13,1,31,3,10,1,1,7,14,1,8,1,3,,44,23,1,22,9,121.5732268,25.04096869
111,1,21,18,43,2,07信義區,信義區忠孝東路5段297號,0,0,1,3,H02,6,3,5,50,14,9,1,4,4,5,7,4,4,1,4,5,1,13,2,29,2,2,1,5,7,21,8,20,10,15,,67,23,1,22,9,121.5732268,25.04096869
111,1,21,18,53,2,12內湖區,內湖區舊宗路2段207號,0,0,1,1,C03,6,3,5,50,11,9,1,4,4,5,7,4,4,10,4,5,2,12,1,46,2,9,1,1,7,8,1,10,2,11,,7,7,1,22,9,121.5737843,25.07269957
111,1,21,18,53,2,12內湖區,內湖區舊宗路2段207號,0,0,1,2,B03,6,3,5,50,11,9,1,4,4,5,7,4,4,10,4,5,2,12,1,24,3,10,1,1,7,7,1,8,2,8,,44,7,1,22,9,121.5737843,25.07269957
111,1,21,19,55,2,06松山區,松山區民生東路5段與新中街口口,0,0,2,1,C04,6,3,5,50,4,1,1,4,4,5,7,1,1,1,4,5,2,16,1,29,2,9,1,1,7,5,1,8,1,12,,8,8,1,22,9,121.5605111,25.05862352
111,1,21,19,55,2,06松山區,松山區民生東路5段與新中街口口,0,0,2,2,B03,6,3,5,50,4,1,1,4,4,5,7,1,1,1,4,5,2,16,1,35,3,10,1,1,7,9,1,8,1,1,,44,8,1,22,9,121.5605111,25.05862352
111,1,21,19,55,2,06松山區,松山區民生東路5段與新中街口口,0,0,2,3,H02,6,3,5,50,4,1,1,4,4,5,7,1,1,1,4,5,2,16,2,29,2,9,4,5,7,17,8,20,10,16,,67,8,1,22,9,121.5605111,25.05862352
111,1,21,20,16,2,09北投區,北投區大度路3段168號與立功街口,0,0,1,1,B03,6,3,5,30,14,9,1,4,4,5,7,4,4,10,5,5,2,16,1,35,3,10,1,1,7,6,1,8,11,2,,9,9,2,22,9,121.4689707,25.12400004
111,1,21,20,16,2,09北投區,北投區大度路3段168號與立功街口,0,0,1,2,C03,6,3,5,30,14,9,1,4,4,5,7,4,4,10,5,5,2,16,2,28,2,8,1,1,7,9,1,10,1,11,,44,9,1,22,9,121.4689707,25.12400004
111,1,21,20,40,2,08士林區,士林區文林路與福國路口,0,0,1,1,B03,6,3,5,50,5,1,1,4,4,5,7,1,1,1,4,5,2,17,1,64,3,10,1,1,7,5,1,8,2,1,,25,25,1,22,9,121.5214741,25.10178727
111,1,21,20,40,2,08士林區,士林區文林路與福國路口,0,0,1,2,C03,6,3,5,50,5,1,1,4,4,5,7,1,1,1,4,5,2,17,2,58,2,8,1,1,7,9,4,10,2,11,,44,25,1,22,9,121.5214741,25.10178727
111,1,21,21,12,2,09北投區,北投區中央北路3段220號與中央北路3段220巷口,0,0,1,1,B01,7,3,5,50,3,2,1,5,4,5,7,1,1,9,4,5,1,12,1,44,3,10,1,1,7,14,1,8,1,6,,38,38,1,22,9,121.480713,25.13637328
111,1,21,21,12,2,09北投區,北投區中央北路3段220號與中央北路3段220巷口,0,0,1,2,C03,7,3,5,50,3,2,1,5,4,5,7,1,1,9,4,5,1,12,1,38,2,9,1,1,7,9,1,10,1,14,,44,38,1,22,9,121.480713,25.13637328
111,1,21,21,12,2,09北投區,北投區中央北路3段220號與中央北路3段220巷口,0,0,1,3,H02,7,3,5,50,3,2,1,5,4,5,7,1,1,9,4,5,1,12,1,40,3,10,4,5,7,19,8,20,10,16,,56,38,1,22,9,121.480713,25.13637328
111,1,21,21,25,2,05中正區,中正區中華路2段與愛國西路口,0,0,1,1,,6,3,5,50,5,1,1,4,4,5,7,1,1,1,4,5,2,12,4,,4,11,3,4,7,15,7,19,11,15,,43,43,2,22,9,121.5069011,25.03707547
111,1,21,21,25,2,05中正區,中正區中華路2段與愛國西路口,0,0,1,2,A12,6,3,5,50,5,1,1,4,4,5,7,1,1,1,4,5,2,12,1,49,3,10,1,1,7,9,1,7,1,6,,44,43,1,22,9,121.5069011,25.03707547
111,1,21,21,25,2,05中正區,中正區中華路2段與愛國西路口,0,0,1,3,C03,6,3,5,50,5,1,1,4,4,5,7,1,1,1,4,5,2,12,1,20,2,9,1,1,7,9,1,10,1,11,,23,43,1,22,9,121.5069011,25.03707547
111,1,21,22,10,2,08士林區,士林區福華路與福華路128巷口,0,0,1,1,F01,6,3,5,50,3,2,1,4,4,5,7,4,4,10,4,5,2,17,2,65,3,10,1,1,7,11,8,20,2,15,,11,11,1,22,9,121.5227778,25.10284819
111,1,21,22,10,2,08士林區,士林區福華路與福華路128巷口,0,0,1,2,C03,6,3,5,50,3,2,1,4,4,5,7,4,4,10,4,5,2,17,2,23,2,9,3,4,7,9,1,10,2,12,,14,11,1,22,9,121.5227778,25.10284819
111,1,21,22,15,2,07信義區,信義區永吉路與永吉路321巷口,0,0,2,1,H01,6,3,5,30,4,2,1,4,4,5,7,1,1,5,5,5,2,3,2,33,2,9,4,5,8,16,8,20,10,16,,52,52,1,22,9,121.5754824,25.04559264
111,1,21,22,15,2,07信義區,信義區永吉路與永吉路321巷口,0,0,2,2,C03,6,3,5,30,4,2,1,4,4,5,7,1,1,5,5,5,2,3,1,25,2,8,1,1,7,9,1,10,9,11,,15,52,1,22,9,121.5754824,25.04559264
111,1,21,22,30,2,05中正區,中正區汀州路2段與重慶南路3段口,0,0,2,1,C03,6,1,5,30,4,1,1,4,4,5,7,2,1,3,4,5,2,12,1,24,2,9,1,1,7,8,1,10,2,12,,7,7,1,22,9,121.5165337,25.02549557
111,1,21,22,30,2,05中正區,中正區汀州路2段與重慶南路3段口,0,0,2,2,C03,6,1,5,30,4,1,1,4,4,5,7,2,1,3,4,5,2,12,1,20,2,9,1,1,7,9,1,10,2,14,,23,7,1,22,9,121.5165337,25.02549557
111,1,21,22,30,2,05中正區,中正區汀州路2段與重慶南路3段口,0,0,2,3,H02,6,1,5,30,4,1,1,4,4,5,7,2,1,3,4,5,2,12,1,26,4,11,1,5,7,20,8,20,10,16,,67,7,1,22,9,121.5165337,25.02549557
111,1,21,22,35,2,04大安區,大安區仁愛路3段與新生南路1段口,0,0,2,1,C03,6,3,5,50,4,1,1,4,4,5,7,1,1,10,5,5,2,17,1,24,2,9,1,1,7,8,1,10,1,13,,7,7,1,22,9,121.5329354,25.03798288
111,1,21,22,35,2,04大安區,大安區仁愛路3段與新生南路1段口,0,0,2,2,C03,6,3,5,50,4,1,1,4,4,5,7,1,1,10,5,5,2,17,1,25,2,9,1,1,7,15,1,10,1,11,,44,7,1,22,9,121.5329354,25.03798288
111,1,21,22,44,2,07信義區,信義區基隆路2段與嘉興街口口,0,0,1,1,B01,6,3,5,50,3,2,1,4,4,5,7,4,4,1,5,5,2,16,1,34,3,10,1,1,7,9,1,4,2,8,,6,6,1,22,9,121.5573051,25.0291401
111,1,21,22,44,2,07信義區,信義區基隆路2段與嘉興街口口,0,0,1,2,C03,6,3,5,50,3,2,1,4,4,5,7,4,4,1,5,5,2,16,2,45,2,9,1,1,7,6,1,10,2,12,,9,6,1,22,9,121.5573051,25.0291401
111,1,21,23,0,2,07信義區,信義區忠孝東路5段6號,0,0,1,1,C03,6,3,5,50,14,9,1,4,4,5,7,4,4,9,4,5,2,17,1,26,2,9,1,1,7,9,1,10,1,11,,43,43,1,22,9,121.5653027,25.0410142
111,1,21,23,0,2,07信義區,信義區忠孝東路5段6號,0,0,1,2,A02,6,3,5,50,14,9,1,4,4,5,7,4,4,9,4,5,2,17,1,51,3,10,1,1,7,1,1,6,1,4,,43,43,1,22,9,121.5653027,25.0410142
111,1,22,0,0,1,08士林區,士林區福國路與福華路口,1,0,0,1,F01,6,3,5,50,4,1,1,4,4,5,7,1,1,1,5,5,2,15,1,76,1,9,4,5,7,9,8,20,7,16,,21,21,1,22,9,121.522468,25.1018003
111,1,22,0,0,1,08士林區,士林區福國路與福華路口,1,0,0,2,B03,6,3,5,50,4,1,1,4,4,5,7,1,1,1,5,5,2,15,1,63,3,10,1,1,7,9,1,8,2,4,,44,21,1,22,9,121.522468,25.1018003
111,1,22,0,8,2,02萬華區,萬華區西園路2段與西藏路口,0,0,1,1,C03,6,3,5,50,4,1,1,4,4,5,7,2,1,3,2,5,2,16,1,25,3,10,1,1,7,5,1,10,2,13,,26,26,1,22,9,121.4956838,25.02894674
111,1,22,0,8,2,02萬華區,萬華區西園路2段與西藏路口,0,0,1,2,C03,6,3,5,50,4,1,1,4,4,5,7,2,1,3,2,5,2,16,2,20,2,9,1,1,7,9,1,10,2,11,,44,26,1,22,9,121.4956838,25.02894674
111,1,22,0,30,2,04大安區,大安區敦化南路1段187巷與敦化南路1段161巷69弄口,0,0,1,1,B03,6,3,5,30,3,1,1,4,4,5,7,4,4,10,5,5,2,17,1,22,3,10,3,4,7,6,1,8,11,2,,43,43,1,22,9,121.5524117,25.04254653
111,1,22,0,30,2,04大安區,大安區敦化南路1段187巷與敦化南路1段161巷69弄口,0,0,1,2,C03,6,3,5,30,3,1,1,4,4,5,7,4,4,10,5,5,2,17,1,32,2,8,3,4,7,15,1,10,11,15,,43,43,1,22,9,121.5524117,25.04254653
111,1,22,0,33,2,01大同區,大同區延平北路3段與民權西路口,0,0,1,1,C03,6,3,5,50,4,1,1,4,4,5,7,2,1,1,4,5,2,13,1,44,3,10,3,4,7,9,1,10,6,11,,23,23,1,22,9,121.5112484,25.06314986
111,1,22,0,33,2,01大同區,大同區延平北路3段與民權西路口,0,0,1,2,C03,6,3,5,50,4,1,1,4,4,5,7,2,1,1,4,5,2,13,2,29,2,9,3,4,7,14,1,10,2,13,,44,23,1,22,9,121.5112484,25.06314986
111,1,22,4,0,2,04大安區,大安區忠孝東路4段181巷,0,0,1,1,B03,6,3,5,50,13,9,1,4,4,5,7,4,4,9,5,5,1,12,1,38,3,10,3,1,7,6,1,8,1,2,,9,9,1,22,9,121.5509783,25.04148527
111,1,22,4,0,2,04大安區,大安區忠孝東路4段181巷,0,0,1,2,C04,6,3,5,50,13,9,1,4,4,5,7,4,4,9,5,5,1,12,1,26,2,9,1,1,7,9,1,10,1,11,,44,9,1,22,9,121.5509783,25.04148527
111,1,22,4,30,2,10文山區,文山區木柵路3段137號,0,0,2,1,C03,6,3,5,30,14,9,1,4,4,5,7,4,4,9,5,5,2,12,1,17,2,9,1,1,7,9,2,18,8,11,,21,21,1,22,9,121.5688786,24.989083
111,1,22,4,30,2,10文山區,文山區木柵路3段137號,0,0,2,2,B12,6,3,5,30,14,9,1,4,4,5,7,4,4,9,5,5,2,12,1,53,3,10,3,4,7,13,1,8,9,15,,38,21,1,22,9,121.5688786,24.989083
111,1,22,4,30,2,10文山區,文山區木柵路3段137號,0,0,2,3,H02,6,3,5,30,14,9,1,4,4,5,7,4,4,9,5,5,2,12,2,18,2,9,1,1,7,21,8,20,10,16,,67,21,1,22,9,121.5688786,24.989083
111,1,22,6,22,2,10文山區,文山區景豐街與景豐街31巷口口,0,0,1,1,C03,6,3,5,30,4,1,1,4,4,5,6,3,1,9,4,5,2,3,1,68,3,10,1,1,7,9,1,10,2,11,,15,15,1,22,9,121.5460037,25.00012291
111,1,22,6,22,2,10文山區,文山區景豐街與景豐街31巷口口,0,0,1,2,H01,6,3,5,30,4,1,1,4,4,5,6,3,1,9,4,5,2,3,1,82,2,9,4,5,8,16,8,20,10,16,,67,15,1,22,9,121.5460037,25.00012291
111,1,22,6,26,2,02萬華區,萬華區西藏路與艋舺大道口,0,0,1,1,B03,6,2,5,50,4,1,1,4,4,5,7,1,1,8,3,4,1,17,1,59,3,10,1,1,7,5,1,6,1,2,,6,6,1,22,9,121.491858,25.02889946
111,1,22,6,26,2,02萬華區,萬華區西藏路與艋舺大道口,0,0,1,2,C03,6,2,5,50,4,1,1,4,4,5,7,1,1,8,3,4,1,17,1,44,2,1,1,1,7,9,1,10,1,11,,44,6,1,22,9,121.491858,25.02889946
111,1,22,6,35,2,08士林區,士林區中正路與中正路口側附近399巷口,0,1,2,1,C03,6,2,5,0,14,9,1,4,4,5,7,4,4,3,4,2,1,3,2,21,2,9,1,1,7,9,1,10,2,11,,43,43,1,22,9,121.5213653,25.0937915
111,1,22,6,35,2,08士林區,士林區中正路與中正路口側附近399巷口,0,1,2,2,H01,6,2,5,0,14,9,1,4,4,5,7,4,4,3,4,2,1,3,1,85,5,1,4,1,8,16,8,20,10,16,,53,43,1,22,9,121.5213653,25.0937915
111,1,22,6,35,2,08士林區,士林區中正路與中正路口側附近399巷口,0,1,2,3,C03,6,2,5,0,14,9,1,4,4,5,7,4,4,3,4,2,1,3,1,59,2,9,1,1,7,9,6,18,2,11,,44,43,1,22,9,121.5213653,25.0937915
111,1,22,7,5,2,12內湖區,內湖區成美橋與成美橋口南往北 下新明路,0,0,2,1,C03,6,1,5,50,8,9,1,4,4,5,7,4,4,5,5,5,2,9,1,53,2,8,1,1,7,9,1,10,2,12,,23,23,1,22,9,121.582633,25.05452183
111,1,22,7,5,2,12內湖區,內湖區成美橋與成美橋口南往北 下新明路,0,0,2,2,H01,6,1,5,50,8,9,1,4,4,5,7,4,4,5,5,5,2,9,2,83,2,1,4,5,8,16,8,20,10,16,,67,23,1,22,9,121.582633,25.05452183
111,1,22,7,49,2,02萬華區,萬華區堤外便道與華中橋堤外停車場口(華中橋下),0,0,1,1,C03,6,1,5,50,4,1,1,4,4,5,7,2,1,1,4,5,2,17,1,53,4,11,3,4,7,15,7,19,11,15,,44,44,2,22,9,121.4954684,25.01623827
111,1,22,7,49,2,02萬華區,萬華區堤外便道與華中橋堤外停車場口(華中橋下),0,0,1,2,C03,6,1,5,50,4,1,1,4,4,5,7,2,1,1,4,5,2,17,1,24,2,9,1,1,7,1,1,9,1,14,,19,44,1,22,9,121.4954684,25.01623827
111,1,22,8,15,2,07信義區,信義區吳興街118巷26弄與基隆路2段79巷33弄口,0,0,2,1,B03,6,1,5,30,3,1,1,4,4,5,7,4,4,8,3,5,2,15,1,38,2,3,1,1,7,15,1,8,1,5,,6,6,1,22,9,121.560195,25.0300304
111,1,22,8,15,2,07信義區,信義區吳興街118巷26弄與基隆路2段79巷33弄口,0,0,2,2,C03,6,1,5,30,3,1,1,4,4,5,7,4,4,8,3,5,2,15,1,30,2,9,1,1,7,9,1,10,1,11,,44,6,1,22,9,121.560195,25.0300304
111,1,22,8,25,2,04大安區,大安區信義路4段與安和路2段口,0,0,3,1,C03,6,1,5,50,5,2,1,4,4,5,7,1,1,8,3,5,2,12,1,25,2,9,1,1,7,9,1,10,1,12,,42,42,1,22,9,121.5523293,25.03313976
111,1,22,8,25,2,04大安區,大安區信義路4段與安和路2段口,0,0,3,2,C03,6,1,5,50,5,2,1,4,4,5,7,1,1,8,3,5,2,12,1,41,2,9,1,1,7,9,1,10,1,11,,44,42,1,22,9,121.5523293,25.03313976
111,1,22,8,25,2,04大安區,大安區信義路4段與安和路2段口,0,0,3,3,H02,6,1,5,50,5,2,1,4,4,5,7,1,1,8,3,5,2,12,2,38,2,9,1,5,7,20,8,20,10,16,,67,42,1,22,9,121.5523293,25.03313976
111,1,22,8,25,2,11南港區,南港區東新街77巷與忠孝東路6段278巷22弄口,0,0,1,1,C03,6,1,5,30,4,1,1,4,4,5,7,4,4,4,5,5,2,11,2,67,2,9,1,1,7,5,3,18,1,11,,6,6,1,22,9,121.58817,25.04789238
111,1,22,8,25,2,11南港區,南港區東新街77巷與忠孝東路6段278巷22弄口,0,0,1,2,B12,6,1,5,30,4,1,1,4,4,5,7,4,4,4,5,5,2,11,1,42,3,10,1,1,7,5,3,18,1,1,,14,6,1,22,9,121.58817,25.04789238
111,1,22,8,26,2,03中山區,中山區北安路與北安路588巷口,0,0,1,2,C03,6,1,5,50,4,2,1,4,4,5,7,1,1,1,4,5,2,17,2,21,2,9,1,1,7,9,1,10,1,14,,43,7,1,22,9,121.5486107,25.08107356
111,1,22,8,26,2,03中山區,中山區北安路與北安路588巷口,0,0,1,1,B03,6,1,5,50,4,2,1,4,4,5,7,1,1,1,4,5,2,17,1,40,4,11,3,4,7,8,7,19,11,15,,7,7,2,22,9,121.5486107,25.08107356
111,1,22,9,5,2,02萬華區,萬華區內江街與康定路口,0,0,2,1,C03,6,1,5,50,4,1,1,4,4,5,7,2,1,9,4,5,2,17,2,18,2,7,1,1,7,1,1,10,2,14,,19,19,1,22,9,121.502281,25.0416993
111,1,22,9,5,2,02萬華區,萬華區內江街與康定路口,0,0,2,2,C03,6,1,5,50,4,1,1,4,4,5,7,2,1,9,4,5,2,17,2,37,2,9,1,1,7,9,1,10,2,11,,44,19,1,22,9,121.502281,25.0416993
111,1,22,9,40,2,11南港區,南港區研究院路1段與研究院路1段151巷口,0,0,1,1,B03,6,1,5,50,4,1,1,4,4,5,7,2,1,1,3,5,1,16,1,64,3,10,3,4,7,11,1,8,2,2,,10,10,1,22,9,121.6158667,25.04920322
111,1,22,9,40,2,11南港區,南港區研究院路1段與研究院路1段151巷口,0,0,1,2,C03,6,1,5,50,4,1,1,4,4,5,7,2,1,1,3,5,1,16,2,23,2,9,3,4,7,9,1,10,2,11,,44,10,1,22,9,121.6158667,25.04920322
111,1,22,9,45,2,07信義區,信義區吳興街269巷11號,0,0,1,1,B01,6,1,5,30,14,9,1,4,4,5,7,4,4,10,5,5,2,2,1,64,3,10,1,1,7,9,1,4,1,2,,43,43,1,22,9,121.5648394,25.02740569
111,1,22,9,45,2,07信義區,信義區吳興街269巷11號,0,0,1,2,H01,6,1,5,30,14,9,1,4,4,5,7,4,4,10,5,5,2,2,2,77,2,7,4,5,8,16,8,20,10,16,,67,43,1,22,9,121.5648394,25.02740569
111,1,22,10,0,2,05中正區,中正區貴陽街1段西往東司法院停車場出入口,0,0,1,1,B11,6,1,5,50,14,9,1,4,4,5,7,4,4,9,4,5,1,16,1,41,3,10,1,1,7,6,1,2,1,5,,9,9,1,21,1,121.511774,25.03880386
111,1,22,10,0,2,05中正區,中正區貴陽街1段西往東司法院停車場出入口,0,0,1,2,C03,6,1,5,50,14,9,1,4,4,5,7,4,4,9,4,5,1,16,1,32,2,8,1,1,7,9,1,10,1,11,,23,9,1,21,1,121.511774,25.03880386
111,1,22,10,3,2,07信義區,信義區和平東路3段與信安街口,0,0,1,1,B01,6,1,5,50,4,1,1,4,4,5,7,2,1,10,5,5,2,17,1,61,3,10,1,1,7,9,1,4,1,5,,42,42,1,22,9,121.5546438,25.0223258
111,1,22,10,3,2,07信義區,信義區和平東路3段與信安街口,0,0,1,2,C03,6,1,5,50,4,1,1,4,4,5,7,2,1,10,5,5,2,17,2,54,2,9,1,1,7,5,1,10,1,14,,42,42,1,22,9,121.5546438,25.0223258
111,1,22,10,10,2,10文山區,文山區辛亥路4段與辛亥路4段77巷口,0,0,1,1,F01,6,1,5,50,3,1,1,4,4,5,7,1,1,1,4,5,2,17,1,78,2,9,1,1,7,9,8,20,2,16,,42,42,1,22,9,121.5587382,25.00735202
111,1,22,10,10,2,10文山區,文山區辛亥路4段與辛亥路4段77巷口,0,0,1,2,C03,6,1,5,50,3,1,1,4,4,5,7,1,1,1,4,5,2,17,1,66,3,10,1,1,7,9,1,10,2,15,,44,42,1,22,9,121.5587382,25.00735202
111,1,22,10,10,2,10文山區,文山區辛亥路4段與辛亥路4段77巷口,0,0,1,3,,6,1,5,50,3,1,1,4,4,5,7,1,1,1,4,5,2,17,3,,,,,,,,,,,,,67,42,1,,,121.5587382,25.00735202
111,1,22,10,50,2,05中正區,中正區中正橋往永和,0,0,1,1,C03,6,1,5,30,14,9,1,4,3,5,1,4,4,3,4,5,2,29,1,64,2,1,1,1,7,9,1,10,1,14,,23,23,1,22,9,121.5165585,25.02195936
111,1,22,10,50,2,05中正區,中正區中正橋往永和,0,0,1,2,,6,1,5,30,14,9,1,4,3,5,1,4,4,3,4,5,2,29,3,,,,,,,,,,,,,61,23,,,,121.5165585,25.02195936
111,1,22,11,5,2,07信義區,信義區松仁路與吳興街365巷口,0,0,1,1,B12,6,1,5,30,3,2,1,4,4,5,7,4,4,9,4,5,1,16,2,56,3,10,3,4,7,5,6,8,1,5,,6,6,1,22,9,121.5685858,25.02637869
111,1,22,11,5,2,07信義區,信義區松仁路與吳興街365巷口,0,0,1,2,C03,6,1,5,30,3,2,1,4,4,5,7,4,4,9,4,5,1,16,2,30,2,8,3,4,7,9,1,10,1,14,,44,6,1,22,9,121.5685858,25.02637869
111,1,22,11,26,2,03中山區,中山區民權東路1段12巷與民權東路1段口,0,0,1,1,C03,6,1,5,50,3,1,1,4,4,5,7,4,4,1,4,4,2,16,1,40,3,10,1,1,7,6,1,10,1,12,,9,9,1,22,9,121.5236001,25.06276438
111,1,22,11,26,2,03中山區,中山區民權東路1段12巷與民權東路1段口,0,0,1,2,C03,6,1,5,50,3,1,1,4,4,5,7,4,4,1,4,4,2,16,1,21,2,9,1,1,7,9,1,10,1,14,,14,9,1,22,9,121.5236001,25.06276438
111,1,22,11,37,2,02萬華區,萬華區東園街與東園街28巷口,0,0,1,1,C03,7,1,5,30,3,2,1,5,4,5,7,4,4,5,4,5,2,17,1,55,2,9,1,1,7,5,1,10,2,12,,6,6,1,22,9,121.4958004,25.02729053
111,1,22,11,37,2,02萬華區,萬華區東園街與東園街28巷口,0,0,1,2,B03,7,1,5,30,3,2,1,5,4,5,7,4,4,5,4,5,2,17,2,44,3,10,1,1,7,9,1,8,2,8,,44,6,1,22,9,121.4958004,25.02729053
111,1,22,12,0,2,12內湖區,內湖區潭美街與安美街口,0,0,1,1,B03,6,1,5,50,3,1,1,4,4,5,7,3,1,5,5,5,2,17,1,47,3,10,1,1,7,15,1,8,1,8,,6,6,1,22,9,121.602739,25.06105636
111,1,22,12,0,2,12內湖區,內湖區潭美街與安美街口,0,0,1,2,C03,6,1,5,50,3,1,1,4,4,5,7,3,1,5,5,5,2,17,1,27,2,9,1,1,7,9,1,10,1,11,,14,6,1,22,9,121.602739,25.06105636