發生年度,發生月,發生日,發生時-Hours,發生分,處理別-編號,區序,肇事地點,死亡人數,2-30日死亡人數,受傷人數,當事人序號,車種,天候,光線,道路類別,速限-速度限制,道路型態,事故位置,路面狀況1,路面狀況2,路面狀況3,道路障礙1,道路障礙2,號誌1,號誌2,車道劃分-分向,車道劃分-分道1,車道劃分-分道2,車道劃分-分道3,事故類型及型態,性別,年齡,受傷程度,主要傷處,安全帽,行動電話,車輛用途,當事者行動狀態,駕駛資格情形,駕駛執照種類,飲酒情形,車輛撞擊部位1,車輛撞擊部位2,肇因碼-個別,肇因碼-主要,個人肇逃否,職業,旅次目的,座標-X,座標-Y
111,1,22,12,4,2,06松山區,松山區三民路與富錦街口,0,0,1,1,B03,6,1,5,50,4,1,1,4,4,5,7,1,1,1,3,5,2,2,2,36,3,10,1,1,7,5,1,8,1,1,,43,43,1,22,9,121.5632864,25.06098918
111,1,22,12,4,2,06松山區,松山區三民路與富錦街口,0,0,1,2,H01,6,1,5,50,4,1,1,4,4,5,7,1,1,1,3,5,2,2,1,81,2,8,4,5,8,16,8,20,10,16,,67,43,1,22,9,121.5632864,25.06098918
111,1,22,12,40,2,02萬華區,萬華區西藏路華翠橋下方,0,0,1,1,B03,6,1,5,50,14,8,1,4,4,5,7,2,3,5,4,4,2,16,1,39,3,10,1,4,7,10,1,8,9,4,,7,7,1,22,9,121.4914776,25.0290007
111,1,22,12,40,2,02萬華區,萬華區西藏路華翠橋下方,0,0,1,2,C03,6,1,5,50,14,8,1,4,4,5,7,2,3,5,4,4,2,16,1,19,2,9,1,4,7,8,1,10,9,12,,7,7,1,22,9,121.4914776,25.0290007
111,1,22,13,15,2,06松山區,松山區民權東路3段164號,0,0,1,1,B02,7,1,5,50,14,9,1,4,4,5,7,4,4,1,4,5,2,12,1,49,3,10,1,1,7,8,1,1,1,2,,7,7,1,10,9,121.5484685,25.06184798
111,1,22,13,15,2,06松山區,松山區民權東路3段164號,0,0,1,2,C03,7,1,5,50,14,9,1,4,4,5,7,4,4,1,4,5,2,12,1,47,2,9,1,1,7,9,1,10,1,11,14,44,7,1,22,9,121.5484685,25.06184798
111,1,22,13,15,2,06松山區,松山區民權東路3段164號,0,0,1,3,,7,1,5,50,14,9,1,4,4,5,7,4,4,1,4,5,2,12,3,,,,,,,,,,,,,67,7,1,,,121.5484685,25.06184798
111,1,22,13,18,2,01大同區,大同區南京西路與延平北路1段口,0,0,1,2,C03,8,1,5,0,4,1,1,5,4,5,7,2,1,5,4,5,2,16,1,36,2,9,3,4,7,9,1,10,1,15,,44,6,1,22,9,121.5116417,25.0537281
111,1,22,13,18,2,01大同區,大同區南京西路與延平北路1段口,0,0,1,1,B12,8,1,5,0,4,1,1,5,4,5,7,2,1,5,4,5,2,16,1,43,3,10,3,4,7,5,1,8,1,15,,6,6,1,22,9,121.5116417,25.0537281
111,1,22,13,30,2,04大安區,大安區市民大道4段與敦化南路1段口,0,0,1,1,B01,6,1,5,40,4,2,1,4,4,5,7,1,1,1,4,5,2,17,1,52,4,11,3,4,7,10,7,19,11,15,,7,7,2,22,9,121.5485394,25.04498025
111,1,22,13,30,2,04大安區,大安區市民大道4段與敦化南路1段口,0,0,1,2,C03,6,1,5,40,4,2,1,4,4,5,7,1,1,1,4,5,2,17,1,25,2,9,3,4,7,9,1,10,1,15,,13,7,1,22,9,121.5485394,25.04498025
111,1,22,13,55,2,10文山區,文山區興隆路4段23號,0,0,2,1,C03,7,1,5,50,14,9,1,4,4,5,7,1,1,1,4,5,2,13,1,29,2,9,1,1,7,9,1,10,1,11,,43,43,1,22,9,121.5594265,24.99043668
111,1,22,13,55,2,10文山區,文山區興隆路4段23號,0,0,2,2,C03,7,1,5,50,14,9,1,4,4,5,7,1,1,1,4,5,2,13,1,48,2,9,1,1,7,9,1,10,1,13,,43,43,1,22,9,121.5594265,24.99043668
111,1,22,13,57,2,03中山區,中山區林森北路與民生東路1段口,0,0,1,1,B01,7,1,5,50,4,1,1,5,4,5,7,2,1,4,3,5,2,17,1,65,3,10,3,4,7,6,1,4,2,5,,9,9,1,22,9,121.5256346,25.05797094
111,1,22,13,57,2,03中山區,中山區林森北路與民生東路1段口,0,0,1,2,F03,7,1,5,50,4,1,1,5,4,5,7,2,1,4,3,5,2,17,1,33,2,9,1,1,7,11,8,20,2,16,,11,9,1,22,9,121.5256346,25.05797094
111,1,22,13,58,2,04大安區,大安區和平東路2段96巷與和平東路2段76巷23弄口,0,0,1,1,C04,7,1,5,30,4,1,1,4,4,5,7,4,4,9,5,5,2,15,2,21,2,9,1,4,7,9,1,10,1,11,,6,6,1,22,9,121.5404296,25.02229453
111,1,22,13,58,2,04大安區,大安區和平東路2段96巷與和平東路2段76巷23弄口,0,0,1,2,B03,7,1,5,30,4,1,1,4,4,5,7,4,4,9,5,5,2,15,1,66,3,10,1,4,7,9,1,8,1,5,,44,6,1,22,9,121.5404296,25.02229453
111,1,22,14,35,2,03中山區,中山區建國北路1段與南京東路2段口,0,0,1,1,B03,6,1,5,50,4,1,1,4,4,5,7,1,1,1,4,5,2,12,1,27,3,10,3,4,7,6,1,8,1,5,,9,9,1,22,9,121.5370882,25.05191685
111,1,22,14,35,2,03中山區,中山區建國北路1段與南京東路2段口,0,0,1,2,C03,6,1,5,50,4,1,1,4,4,5,7,1,1,1,4,5,2,12,1,38,2,9,1,4,7,9,1,10,1,14,,44,9,1,22,9,121.5370882,25.05191685
111,1,22,14,45,2,12內湖區,內湖區內湖路1段285巷65弄6號,0,0,2,1,H01,6,1,5,50,14,9,1,4,4,3,5,4,4,9,4,5,1,3,1,67,2,8,4,5,8,17,8,20,10,16,,51,51,1,22,9,121.5673152,25.08455476
111,1,22,14,45,2,12內湖區,內湖區內湖路1段285巷65弄6號,0,0,2,2,C03,6,1,5,50,14,9,1,4,4,3,5,4,4,9,4,5,1,3,1,41,2,9,1,1,7,9,1,10,1,11,,44,51,1,22,9,121.5673152,25.08455476
111,1,22,15,0,2,07信義區,信義區基隆路2段79巷3號,0,0,1,2,F01,7,1,5,0,14,9,1,5,4,5,7,4,4,10,5,5,2,12,2,14,2,9,1,1,7,9,8,20,1,16,,44,43,1,22,9,121.5585566,25.02997402
111,1,22,15,0,2,07信義區,信義區基隆路2段79巷3號,0,0,1,1,B12,7,1,5,0,14,9,1,5,4,5,7,4,4,10,5,5,2,12,4,,4,11,3,4,7,15,7,19,11,15,,43,43,2,22,9,121.5585566,25.02997402
111,1,22,15,20,2,02萬華區,萬華區德昌街與寶興街口,0,0,2,1,C03,7,1,5,50,4,2,1,4,4,5,7,1,1,8,3,5,1,16,1,62,2,9,3,4,7,5,1,10,1,11,,6,6,1,22,9,121.4954287,25.0236558
111,1,22,15,20,2,02萬華區,萬華區德昌街與寶興街口,0,0,2,2,C03,7,1,5,50,4,2,1,4,4,5,7,1,1,8,3,5,1,16,2,33,2,8,3,4,7,9,1,10,1,11,,44,6,1,22,9,121.4954287,25.0236558
111,1,22,15,26,2,04大安區,大安區敦化南路1段323號前,0,0,1,1,C03,6,1,5,50,14,9,1,4,4,5,7,4,4,8,3,5,1,13,1,24,2,8,1,1,7,15,1,10,1,11,,23,23,1,5,1,121.5490954,25.03465802
111,1,22,15,26,2,04大安區,大安區敦化南路1段323號前,0,0,1,2,B03,6,1,5,50,14,9,1,4,4,5,7,4,4,8,3,5,1,13,1,56,3,10,1,1,7,12,1,8,1,3,,44,23,1,5,3,121.5490954,25.03465802
111,1,22,15,26,2,04大安區,大安區敦化南路1段323號前,0,0,1,3,B01,6,1,5,50,14,9,1,4,4,5,7,4,4,8,3,5,1,13,1,54,3,10,1,1,7,1,1,4,1,3,,19,23,1,10,4,121.5490954,25.03465802
111,1,22,15,29,2,08士林區,士林區中山北路5段470巷與中山北路5段口,0,0,1,1,C03,8,1,5,50,3,1,1,5,4,5,7,4,4,10,5,5,1,16,2,22,3,10,1,1,7,6,1,10,2,12,,6,6,1,22,9,121.5278665,25.09221488
111,1,22,15,29,2,08士林區,士林區中山北路5段470巷與中山北路5段口,0,0,1,2,C03,8,1,5,50,3,1,1,5,4,5,7,4,4,10,5,5,1,16,1,54,2,9,1,1,7,9,1,10,2,14,,44,6,1,22,9,121.5278665,25.09221488
111,1,22,15,30,2,12內湖區,(新明路116號前),0,0,1,1,C03,6,1,5,40,3,2,1,4,4,3,5,4,4,5,4,4,2,17,1,48,3,10,1,1,7,1,1,10,1,15,,19,19,1,22,9,121.5892264,25.0593598
111,1,22,15,30,2,12內湖區,(新明路116號前),0,0,1,2,C03,6,1,5,40,3,2,1,4,4,3,5,4,4,5,4,4,2,17,2,31,2,9,1,1,7,9,1,10,1,12,,44,19,1,22,9,121.5892264,25.0593598
111,1,22,15,30,2,12內湖區,(新明路116號前),0,0,1,3,,6,1,5,40,3,2,1,4,4,3,5,4,4,5,4,4,2,17,4,,4,11,3,4,7,15,7,19,11,15,,43,19,2,22,9,121.5892264,25.0593598
111,1,22,15,30,2,07信義區,信義區基隆路1段與松壽路口,0,0,1,1,B03,6,1,5,50,4,1,1,4,4,5,7,1,1,9,4,5,2,12,1,39,3,10,1,1,7,6,1,8,1,2,,9,9,1,22,9,121.5614894,25.0359413
111,1,22,15,30,2,07信義區,信義區基隆路1段與松壽路口,0,0,1,2,C03,6,1,5,50,4,1,1,4,4,5,7,1,1,9,4,5,2,12,1,21,2,9,1,1,7,9,1,10,1,11,,23,9,1,22,9,121.5614894,25.0359413
111,1,22,15,50,2,12內湖區,內湖區民權東路6段11巷59號停車場出入口,0,0,2,1,C03,6,2,5,50,14,9,1,4,4,5,7,4,4,9,5,5,2,16,1,27,2,9,1,1,7,5,1,10,1,12,,8,8,1,22,9,121.5764758,25.06823634
111,1,22,15,50,2,12內湖區,內湖區民權東路6段11巷59號停車場出入口,0,0,2,2,C03,6,2,5,50,14,9,1,4,4,5,7,4,4,9,5,5,2,16,1,39,2,9,1,1,7,9,1,10,1,11,,44,8,1,22,9,121.5764758,25.06823634
111,1,22,16,15,2,11南港區,南港區松河街550號,0,0,1,1,B01,6,1,5,50,14,9,1,4,4,5,7,4,4,9,5,5,2,17,1,60,2,1,1,1,7,15,1,4,2,1,,23,23,1,22,9,121.5988072,25.05824034
111,1,22,16,15,2,11南港區,南港區松河街550號,0,0,1,2,C03,6,1,5,50,14,9,1,4,4,5,7,4,4,9,5,5,2,17,2,58,3,10,3,4,7,13,1,8,11,15,,44,23,1,22,9,121.5988072,25.05824034
111,1,22,16,15,2,11南港區,南港區松河街550號,0,0,1,3,B03,6,1,5,50,14,9,1,4,4,5,7,4,4,9,5,5,2,17,1,52,3,10,3,4,7,13,1,8,11,4,,44,23,1,22,9,121.5988072,25.05824034
111,1,22,16,15,2,11南港區,南港區松河街550號,0,0,1,4,B03,6,1,5,50,14,9,1,4,4,5,7,4,4,9,5,5,2,17,1,57,3,10,3,4,7,13,1,8,11,1,,44,23,1,22,9,121.5988072,25.05824034
111,1,22,16,15,2,11南港區,南港區松河街550號,0,0,1,5,C03,6,1,5,50,14,9,1,4,4,5,7,4,4,9,5,5,2,17,1,34,3,10,3,4,7,13,1,10,11,14,,44,23,1,22,9,121.5988072,25.05824034
111,1,22,16,15,2,11南港區,南港區松河街550號,0,0,1,6,C03,6,1,5,50,14,9,1,4,4,5,7,4,4,9,5,5,2,17,2,62,3,10,3,4,7,13,1,10,11,14,,44,23,1,22,9,121.5988072,25.05824034
111,1,22,16,15,2,11南港區,南港區松河街550號,0,0,1,7,C03,6,1,5,50,14,9,1,4,4,5,7,4,4,9,5,5,2,17,2,28,3,10,3,4,7,13,1,10,11,14,,44,23,1,22,9,121.5988072,25.05824034
111,1,22,16,40,2,07信義區,信義區松德路180巷與松德路200巷口,0,0,1,1,C03,6,1,5,30,4,1,1,4,4,5,7,3,1,9,5,5,2,15,1,15,2,9,1,1,7,9,2,18,2,11,,6,6,1,22,9,121.5734992,25.03471662
111,1,22,16,40,2,07信義區,信義區松德路180巷與松德路200巷口,0,0,1,2,B02,6,1,5,30,4,1,1,4,4,5,7,3,1,9,5,5,2,15,2,56,3,10,1,1,7,9,1,8,2,2,,44,6,1,22,9,121.5734992,25.03471662
111,1,22,16,56,2,04大安區,大安區通化街與通化街39巷口,0,0,1,1,C04,6,3,5,50,4,2,1,4,4,5,7,4,4,5,5,5,2,13,2,25,2,7,1,1,7,9,1,10,1,11,,23,23,1,22,9,121.5542458,25.03087588
111,1,22,16,56,2,04大安區,大安區通化街與通化街39巷口,0,0,1,2,C03,6,3,5,50,4,2,1,4,4,5,7,4,4,5,5,5,2,13,1,28,3,10,1,1,7,14,1,10,1,13,,44,23,1,22,9,121.5542458,25.03087588
111,1,22,17,14,2,02萬華區,萬華區德昌街13號,0,0,1,1,B03,6,2,5,30,14,9,1,4,4,5,7,4,4,10,5,5,2,11,1,21,3,10,1,1,7,5,1,8,1,8,,8,8,1,22,9,121.499626,25.02532709
111,1,22,17,14,2,02萬華區,萬華區德昌街13號,0,0,1,2,C03,6,2,5,30,14,9,1,4,4,5,7,4,4,10,5,5,2,11,1,62,2,8,1,1,7,9,1,10,1,11,,44,8,1,22,9,121.499626,25.02532709
111,1,22,17,19,2,03中山區,中山區天祥路與天祥路47巷口,0,0,1,1,B01,6,3,5,50,14,9,1,4,4,5,7,4,4,4,5,5,2,17,1,72,3,10,3,4,7,14,4,8,1,2,,44,44,1,22,9,121.5210108,25.06227461
111,1,22,17,19,2,03中山區,中山區天祥路與天祥路47巷口,0,0,1,2,C03,6,3,5,50,14,9,1,4,4,5,7,4,4,4,5,5,2,17,2,27,2,9,3,4,7,9,1,10,1,14,,44,44,1,22,9,121.5210108,25.06227461
111,1,22,17,19,2,03中山區,中山區天祥路與天祥路47巷口,0,0,1,3,H02,6,3,5,50,14,9,1,4,4,5,7,4,4,4,5,5,2,17,1,55,3,10,4,5,7,19,8,20,10,16,,56,44,1,22,9,121.5210108,25.06227461
111,1,22,17,31,2,06松山區,松山區民權大橋東往西(機車道),0,0,2,1,C03,6,3,5,40,14,11,1,4,4,5,7,4,4,9,4,5,2,13,1,53,3,10,1,4,7,15,1,10,1,13,,38,38,1,22,9,121.5693143,25.06408492
111,1,22,17,31,2,06松山區,松山區民權大橋東往西(機車道),0,0,2,2,C03,6,3,5,40,14,11,1,4,4,5,7,4,4,9,4,5,2,13,2,27,2,9,1,4,7,9,1,10,1,11,,23,38,1,22,9,121.5693143,25.06408492
111,1,22,17,31,2,06松山區,松山區民權大橋東往西(機車道),0,0,2,3,H02,6,3,5,40,14,11,1,4,4,5,7,4,4,9,4,5,2,13,2,28,2,9,4,5,7,21,8,20,10,15,,67,38,1,22,9,121.5693143,25.06408492
111,1,22,17,33,2,08士林區,士林區基河路與基河路251巷口,0,0,1,1,C04,6,3,5,50,4,1,1,4,4,5,7,1,3,5,4,5,2,15,2,69,2,7,1,1,7,9,1,11,2,11,,25,25,1,22,9,121.5215308,25.09134648
111,1,22,17,33,2,08士林區,士林區基河路與基河路251巷口,0,0,1,2,B03,6,3,5,50,4,1,1,4,4,5,7,1,3,5,4,5,2,15,1,25,3,10,1,1,7,9,1,8,2,8,,44,25,1,22,9,121.5215308,25.09134648
111,1,22,17,38,2,06松山區,松山區南京東路5段233號,0,0,1,1,C03,6,3,5,50,14,9,1,4,4,5,7,4,4,1,4,5,2,12,2,39,2,9,1,1,7,8,6,11,1,12,,7,7,1,22,9,121.565027,25.05144918
111,1,22,17,38,2,06松山區,松山區南京東路5段233號,0,0,1,2,B12,6,3,5,50,14,9,1,4,4,5,7,4,4,1,4,5,2,12,1,52,3,10,1,1,7,9,1,3,1,4,,42,7,1,22,9,121.565027,25.05144918
111,1,22,17,41,2,06松山區,松山區民權東路4段與新中街口,0,0,2,1,C03,6,3,5,50,3,1,1,4,4,5,7,2,1,1,4,4,2,10,1,20,2,8,1,4,7,9,3,18,1,11,,25,25,1,22,9,121.5601272,25.06251458
111,1,22,17,41,2,06松山區,松山區民權東路4段與新中街口,0,0,2,2,C03,6,3,5,50,3,1,1,4,4,5,7,2,1,1,4,4,2,10,1,37,2,9,1,4,7,1,1,10,1,11,,44,25,1,22,9,121.5601272,25.06251458
111,1,22,17,45,2,05中正區,中正區中華路2段與廣州街口口,0,0,1,1,B03,6,3,5,50,4,1,1,4,4,5,7,1,1,5,4,5,2,3,1,63,3,10,1,1,7,5,1,8,1,8,,15,15,1,22,9,121.5066053,25.03601862
111,1,22,17,45,2,05中正區,中正區中華路2段與廣州街口口,0,0,1,2,H01,6,3,5,50,4,1,1,4,4,5,7,1,1,5,4,5,2,3,2,21,2,9,4,5,8,16,8,20,1,16,,67,15,1,22,9,121.5066053,25.03601862
111,1,22,17,50,2,07信義區,信義區福德街251巷6弄與福德街251巷口,0,0,1,1,B03,6,3,5,30,4,1,1,4,4,5,7,4,4,9,4,5,2,3,1,51,3,10,1,1,7,9,1,8,2,1,,23,23,1,22,9,121.5862923,25.03807512
111,1,22,17,50,2,07信義區,信義區福德街251巷6弄與福德街251巷口,0,0,1,2,H01,6,3,5,30,4,1,1,4,4,5,7,4,4,9,4,5,2,3,2,77,2,9,4,5,8,16,8,20,10,16,,53,23,1,22,9,121.5862923,25.03807512
111,1,22,18,6,2,03中山區,中山區遼寧街與遼寧街45巷口,0,0,1,1,B02,6,3,5,30,4,1,1,4,4,5,7,4,4,8,3,5,1,17,1,34,2,8,1,1,7,5,1,8,1,4,,43,43,1,22,9,121.5421905,25.04877552
111,1,22,18,6,2,03中山區,中山區遼寧街與遼寧街45巷口,0,0,1,2,,6,3,5,30,4,1,1,4,4,5,7,4,4,8,3,5,1,17,4,,4,11,3,4,7,15,7,19,11,15,,43,43,2,22,9,121.5421905,25.04877552
111,1,22,18,15,2,02萬華區,萬華區環河南路1段與內江街口,0,0,1,1,C03,6,3,5,50,5,2,1,4,4,5,7,1,1,4,4,5,1,17,1,37,3,10,1,1,7,11,1,10,2,14,,17,17,1,22,9,121.5000824,25.04188197
111,1,22,18,15,2,02萬華區,萬華區環河南路1段與內江街口,0,0,1,2,C03,6,3,5,50,5,2,1,4,4,5,7,1,1,4,4,5,1,17,2,34,2,8,1,1,7,11,1,10,2,12,,17,17,1,22,9,121.5000824,25.04188197
111,1,22,18,16,2,09北投區,北投區石牌路1段與承德路7段口,0,0,1,1,B03,6,3,5,40,14,9,1,4,4,5,7,4,4,1,4,5,2,17,1,22,3,10,1,1,7,1,1,8,1,4,,19,19,1,22,9,121.5092019,25.1123971
111,1,22,18,16,2,09北投區,北投區石牌路1段與承德路7段口,0,0,1,2,C03,6,3,5,40,14,9,1,4,4,5,7,4,4,1,4,5,2,17,2,46,2,9,1,1,7,9,1,10,1,12,,44,19,1,22,9,121.5092019,25.1123971
111,1,22,18,33,2,08士林區,士林區中正路與福林路口,0,0,2,1,B12,6,3,5,50,4,1,1,4,4,5,7,2,1,3,3,5,1,3,2,29,3,10,1,1,7,5,1,8,2,1,,15,15,1,22,9,121.5321575,25.09659467
111,1,22,18,33,2,08士林區,士林區中正路與福林路口,0,0,2,2,H01,6,3,5,50,4,1,1,4,4,5,7,2,1,3,3,5,1,3,1,54,2,3,4,5,8,16,8,20,10,16,,67,15,1,22,9,121.5321575,25.09659467
111,1,22,18,33,2,08士林區,士林區中正路與福林路口,0,0,2,3,H01,6,3,5,50,4,1,1,4,4,5,7,2,1,3,3,5,1,3,2,54,2,7,4,5,8,16,8,20,10,16,,67,15,1,22,9,121.5321575,25.09659467
111,1,22,18,36,2,05中正區,中正區衡陽路99號,0,0,1,1,B02,6,3,5,50,14,9,1,4,4,5,7,4,4,10,4,5,1,12,1,36,3,10,1,1,7,1,1,8,1,5,,19,19,1,22,9,121.5091603,25.04216808
111,1,22,18,36,2,05中正區,中正區衡陽路99號,0,0,1,2,C03,6,3,5,50,14,9,1,4,4,5,7,4,4,10,4,5,1,12,2,51,2,9,1,1,7,15,3,18,1,14,,42,19,1,22,9,121.5091603,25.04216808
111,1,22,18,36,2,05中正區,中正區衡陽路99號,0,0,1,3,B03,6,3,5,50,14,9,1,4,4,5,7,4,4,10,4,5,1,12,2,66,3,10,1,1,7,9,1,8,1,2,,44,19,1,22,9,121.5091603,25.04216808
111,1,22,18,38,2,12內湖區,內湖區民權東路6段56巷與金豐街口,0,0,1,1,B03,6,3,5,50,4,1,1,4,4,5,7,1,1,5,5,5,2,16,1,25,3,10,1,1,7,6,1,10,2,8,,9,9,1,22,9,121.5857737,25.0662991
111,1,22,18,38,2,12內湖區,內湖區民權東路6段56巷與金豐街口,0,0,1,2,C03,6,3,5,50,4,1,1,4,4,5,7,1,1,5,5,5,2,16,1,34,2,8,1,1,7,5,1,10,2,12,,44,9,1,22,9,121.5857737,25.0662991
111,1,22,18,44,2,12內湖區,內湖區文德路22巷9弄與文德路22巷27弄口,0,0,1,1,C03,6,3,5,30,14,9,1,4,4,5,7,4,4,10,5,5,2,3,2,43,2,8,1,1,7,9,1,10,1,11,,23,23,1,22,9,121.5795877,25.07651881
111,1,22,18,44,2,12內湖區,內湖區文德路22巷9弄與文德路22巷27弄口,0,0,1,2,H01,6,3,5,30,14,9,1,4,4,5,7,4,4,10,5,5,2,3,2,31,3,10,4,5,8,16,8,20,10,16,,51,23,1,22,9,121.5795877,25.07651881
111,1,22,18,50,2,09北投區,北投區三合街1段79巷與公館路228巷口,0,0,1,1,C03,6,3,5,30,4,2,1,4,4,5,7,4,4,10,5,5,2,16,2,44,2,7,1,1,7,9,1,10,1,11,,6,6,1,22,9,121.5057222,25.12527168
111,1,22,18,50,2,09北投區,北投區三合街1段79巷與公館路228巷口,0,0,1,2,B12,6,3,5,30,4,2,1,4,4,5,7,4,4,10,5,5,2,16,2,44,3,10,3,4,7,5,1,8,1,1,,23,6,1,22,9,121.5057222,25.12527168
111,1,22,18,59,2,08士林區,士林區華齡街與前港街口,0,0,1,1,B03,6,3,5,30,4,2,1,4,4,5,7,2,1,5,5,5,2,3,1,42,3,10,1,1,7,5,1,8,1,4,,15,15,1,22,9,121.5193788,25.0850901
111,1,22,18,59,2,08士林區,士林區華齡街與前港街口,0,0,1,2,H01,6,3,5,30,4,2,1,4,4,5,7,2,1,5,5,5,2,3,1,85,2,9,4,5,8,16,8,20,10,16,,67,15,1,22,9,121.5193788,25.0850901
111,1,22,19,0,2,06松山區,松山區長安東路2段與復興北路口,0,0,1,1,B01,6,3,5,50,14,9,1,4,4,5,7,2,1,9,4,5,2,17,1,62,3,10,1,1,7,7,1,4,1,15,,7,7,1,22,9,121.544054,25.04824787
111,1,22,19,0,2,06松山區,松山區長安東路2段與復興北路口,0,0,1,2,C03,6,3,5,50,14,9,1,4,4,5,7,2,1,9,4,5,2,17,1,32,2,9,1,1,7,9,1,10,1,14,,26,7,1,22,9,121.544054,25.04824787
111,1,22,19,0,2,12內湖區,內湖區瑞光路與瑞光路258巷口,0,0,2,1,C03,6,1,5,50,4,2,1,4,4,5,7,1,1,4,5,5,1,9,1,27,2,7,3,4,7,9,1,10,1,12,,43,43,1,22,9,121.5760549,25.07581867
111,1,22,19,0,2,12內湖區,內湖區瑞光路與瑞光路258巷口,0,0,2,2,H01,6,1,5,50,4,2,1,4,4,5,7,1,1,4,5,5,1,9,1,51,2,7,4,5,8,16,8,20,10,16,,67,43,1,22,9,121.5760549,25.07581867
111,1,22,19,20,2,05中正區,中正區重慶南路3段與廈門街114巷口,0,0,1,1,B03,6,3,5,30,4,1,1,4,4,5,7,1,1,3,4,5,2,11,2,23,3,10,1,1,7,5,1,8,1,6,,8,8,1,22,9,121.5169017,25.02310143
111,1,22,19,20,2,05中正區,中正區重慶南路3段與廈門街114巷口,0,0,1,2,C03,6,3,5,30,4,1,1,4,4,5,7,1,1,3,4,5,2,11,1,48,2,9,1,1,7,9,1,10,1,11,,44,8,1,22,9,121.5169017,25.02310143
111,1,22,19,34,2,10文山區,文山區木柵路1段與景美溪橋口,0,0,1,1,B01,6,3,5,50,3,1,1,4,4,5,7,2,1,5,2,5,2,16,1,49,3,10,1,1,7,9,1,4,2,8,,25,25,1,22,9,121.5453686,24.9867486
111,1,22,19,34,2,10文山區,文山區木柵路1段與景美溪橋口,0,0,1,2,C03,6,3,5,50,3,1,1,4,4,5,7,2,1,5,2,5,2,16,1,27,2,9,1,1,7,5,1,10,1,14,,44,25,1,22,9,121.5453686,24.9867486
111,1,22,20,4,2,03中山區,中山區長春路與中原街口,0,0,1,1,B03,6,3,5,50,3,2,1,4,4,5,7,3,1,5,4,4,2,3,1,52,3,10,1,1,7,5,1,8,2,1,,15,15,1,22,9,121.5288805,25.05489415
111,1,22,20,4,2,03中山區,中山區長春路與中原街口,0,0,1,2,H01,6,3,5,50,3,2,1,4,4,5,7,3,1,5,4,4,2,3,1,35,2,9,4,5,8,16,8,20,10,16,,67,15,1,22,9,121.5288805,25.05489415
111,1,22,20,20,2,01大同區,大同區重慶北路1段與鄭州路口,0,0,1,1,C03,6,3,5,50,4,1,1,4,4,5,7,2,1,1,4,5,2,2,2,57,3,10,3,4,7,6,4,11,1,11,,15,15,1,22,9,121.5133167,25.04959482
111,1,22,20,20,2,01大同區,大同區重慶北路1段與鄭州路口,0,0,1,2,H01,6,3,5,50,4,1,1,4,4,5,7,2,1,1,4,5,2,2,2,38,2,8,4,5,8,16,8,20,10,16,,67,15,1,22,9,121.5133167,25.04959482
111,1,22,21,0,2,06松山區,松山區南京東路5段42號前,0,0,2,1,C03,1,3,5,50,14,9,1,4,4,5,7,4,4,9,5,5,1,12,1,34,2,9,1,1,7,7,1,10,1,11,,7,7,1,22,9,121.5595885,25.0513979
111,1,22,21,0,2,06松山區,松山區南京東路5段42號前,0,0,2,2,C03,1,3,5,50,14,9,1,4,4,5,7,4,4,9,5,5,1,12,2,41,2,8,1,1,7,9,1,10,1,12,,44,7,1,22,9,121.5595885,25.0513979
111,1,22,21,0,2,06松山區,松山區南京東路5段42號前,0,0,2,3,B02,1,3,5,50,14,9,1,4,4,5,7,4,4,9,5,5,1,12,2,49,3,10,1,1,7,13,1,8,1,7,,42,7,1,22,9,121.5595885,25.0513979
111,1,22,21,37,2,10文山區,文山區辛亥路4段與辛亥路4段21巷口,0,0,2,1,C03,6,3,5,50,3,1,1,4,4,5,7,4,4,1,4,5,2,16,1,39,2,9,1,1,7,6,1,10,1,12,,9,9,1,22,9,121.5585951,25.0083585
111,1,22,21,37,2,10文山區,文山區辛亥路4段與辛亥路4段21巷口,0,0,2,2,C03,6,3,5,50,3,1,1,4,4,5,7,4,4,1,4,5,2,16,1,21,2,8,1,1,7,9,1,10,1,14,,14,9,1,22,9,121.5585951,25.0083585
111,1,22,21,51,2,08士林區,士林區天母東路8巷93號,0,0,1,1,B12,6,3,5,30,14,9,1,4,4,5,7,4,4,10,5,5,2,2,1,72,3,10,1,1,7,9,1,8,2,2,,23,23,1,22,9,121.5303222,25.1144795
111,1,22,21,51,2,08士林區,士林區天母東路8巷93號,0,0,1,2,H01,6,3,5,30,14,9,1,4,4,5,7,4,4,10,5,5,2,2,2,59,2,9,4,5,8,16,8,20,10,16,,60,23,1,22,9,121.5303222,25.1144795
111,1,22,22,16,2,07信義區,信義區忠孝東路5段與松仁路口,0,0,1,1,B03,6,3,5,50,14,9,1,4,4,5,7,1,1,3,4,5,2,13,1,64,3,10,3,4,7,6,1,8,1,5,,23,23,1,22,9,121.5687921,25.04099192
111,1,22,22,16,2,07信義區,信義區忠孝東路5段與松仁路口,0,0,1,2,C03,6,3,5,50,14,9,1,4,4,5,7,1,1,3,4,5,2,13,1,24,2,9,3,4,7,6,3,18,1,13,,44,23,1,22,9,121.5687921,25.04099192