發生年度,發生月,發生日,發生時-Hours,發生分,處理別-編號,區序,肇事地點,死亡人數,2-30日死亡人數,受傷人數,當事人序號,車種,天候,光線,道路類別,速限-速度限制,道路型態,事故位置,路面狀況1,路面狀況2,路面狀況3,道路障礙1,道路障礙2,號誌1,號誌2,車道劃分-分向,車道劃分-分道1,車道劃分-分道2,車道劃分-分道3,事故類型及型態,性別,年齡,受傷程度,主要傷處,安全帽,行動電話,車輛用途,當事者行動狀態,駕駛資格情形,駕駛執照種類,飲酒情形,車輛撞擊部位1,車輛撞擊部位2,肇因碼-個別,肇因碼-主要,個人肇逃否,職業,旅次目的,座標-X,座標-Y
111,1,22,22,23,2,03中山區,中山區復興北路地下道往北,0,0,3,1,C03,6,3,5,50,14,8,1,4,4,1,7,4,4,8,1,4,1,13,2,23,2,8,3,4,7,9,1,10,1,11,,23,23,1,22,9,121.5443803,25.06681509
111,1,22,22,23,2,03中山區,中山區復興北路地下道往北,0,0,3,2,C03,6,3,5,50,14,8,1,4,4,1,7,4,4,8,1,4,1,13,2,28,2,9,3,4,7,9,1,10,1,13,,44,23,1,22,9,121.5443803,25.06681509
111,1,22,22,23,2,03中山區,中山區復興北路地下道往北,0,0,3,3,H02,6,3,5,50,14,8,1,4,4,1,7,4,4,8,1,4,1,13,2,31,2,9,4,5,7,20,8,20,10,16,,67,23,1,22,9,121.5443803,25.06681509
111,1,22,22,51,2,02萬華區,萬華區康定路21號,0,0,2,1,B03,6,3,5,50,14,9,1,4,4,5,7,4,4,5,5,5,2,12,1,39,3,10,1,1,7,9,1,8,1,5,,23,23,1,22,9,121.5028904,25.04463933
111,1,22,22,51,2,02萬華區,萬華區康定路21號,0,0,2,2,C03,6,3,5,50,14,9,1,4,4,5,7,4,4,5,5,5,2,12,2,27,2,9,1,1,7,7,1,10,1,14,,7,23,1,22,9,121.5028904,25.04463933
111,1,22,22,51,2,02萬華區,萬華區康定路21號,0,0,2,3,H02,6,3,5,50,14,9,1,4,4,5,7,4,4,5,5,5,2,12,2,28,2,8,4,5,7,20,8,20,1,16,,67,23,1,22,9,121.5028904,25.04463933
111,1,23,5,39,2,04大安區,大安區基隆路3段153號,0,0,1,1,B01,7,2,5,50,14,9,1,4,4,5,7,2,1,8,3,5,1,12,1,36,3,10,1,1,7,8,1,8,1,3,,7,7,1,22,9,121.5429642,25.01581543
111,1,23,5,39,2,04大安區,大安區基隆路3段153號,0,0,1,2,C03,7,2,5,50,14,9,1,4,4,5,7,2,1,8,3,5,1,12,1,21,2,1,1,1,7,9,1,10,1,11,,13,7,1,22,9,121.5429642,25.01581543
111,1,23,6,0,2,07信義區,信義區松山路338號,0,0,1,1,C03,6,3,5,50,14,9,1,4,4,5,7,4,4,1,4,5,2,18,1,37,2,9,1,1,7,9,1,10,9,12,,43,43,1,22,9,121.5777835,25.04163639
111,1,23,6,0,2,07信義區,信義區松山路338號,0,0,1,2,,6,3,5,50,14,9,1,4,4,5,7,4,4,1,4,5,2,18,3,,,,,,,,,,,,,67,43,1,,,121.5777835,25.04163639
111,1,23,6,15,2,06松山區,松山區塔悠路81號前,0,0,1,1,C03,6,1,5,50,14,9,1,4,4,5,7,4,4,10,5,5,2,12,2,26,2,9,1,1,7,9,1,10,1,14,,17,17,1,22,9,121.5704645,25.05176958
111,1,23,6,15,2,06松山區,松山區塔悠路81號前,0,0,1,2,B02,6,1,5,50,14,9,1,4,4,5,7,4,4,10,5,5,2,12,1,25,3,10,1,1,7,9,1,8,1,5,,17,17,1,22,9,121.5704645,25.05176958
111,1,23,6,28,2,01大同區,大同區承德路3段與承德路3段285巷口口,0,0,2,1,C03,7,2,5,50,3,2,1,4,4,5,7,2,1,8,3,5,1,3,1,39,2,9,1,1,7,9,1,10,2,12,,15,15,1,22,9,121.5197471,25.07398947
111,1,23,6,28,2,01大同區,大同區承德路3段與承德路3段285巷口口,0,0,2,2,H01,7,2,5,50,3,2,1,4,4,5,7,2,1,8,3,5,1,3,2,80,2,2,4,5,8,16,8,20,10,16,,67,15,1,22,9,121.5197471,25.07398947
111,1,23,6,45,2,09北投區,北投區中央北路3段40巷19弄與中央北路3段40巷43弄口,0,0,1,1,B12,6,1,5,30,3,2,1,4,4,5,7,1,1,7,5,5,2,16,2,58,3,10,3,4,7,5,1,8,2,8,,8,8,1,22,9,121.4846729,25.13865704
111,1,23,6,45,2,09北投區,北投區中央北路3段40巷19弄與中央北路3段40巷43弄口,0,0,1,2,C03,6,1,5,30,3,2,1,4,4,5,7,1,1,7,5,5,2,16,1,27,2,9,3,4,7,9,1,8,2,14,,44,8,1,22,9,121.4846729,25.13865704
111,1,23,6,47,2,12內湖區,內湖區民權東路6段與瑞光路口,0,0,1,1,A02,6,1,5,50,4,2,1,4,4,5,7,1,1,5,4,5,2,17,1,40,3,10,1,1,7,6,1,2,1,15,,44,44,1,22,9,121.5843593,25.068744
111,1,23,6,47,2,12內湖區,內湖區民權東路6段與瑞光路口,0,0,1,2,C03,6,1,5,50,4,2,1,4,4,5,7,1,1,5,4,5,2,17,1,37,2,9,1,1,7,9,1,10,1,12,,42,44,1,22,9,121.5843593,25.068744
111,1,23,8,21,2,03中山區,中山區民權東路3段與建國北路3段口,0,0,1,1,C03,7,1,5,50,4,2,1,4,4,5,7,1,1,1,4,5,2,17,1,25,3,10,1,1,7,9,1,10,1,15,,25,25,1,22,9,121.5372563,25.06247343
111,1,23,8,21,2,03中山區,中山區民權東路3段與建國北路3段口,0,0,1,2,C03,7,1,5,50,4,2,1,4,4,5,7,1,1,1,4,5,2,17,1,30,2,9,1,1,7,12,1,10,1,14,,13,25,1,22,9,121.5372563,25.06247343
111,1,23,8,45,2,03中山區,中山區長春路與建國北路2段口,0,0,2,1,C03,7,1,5,50,4,1,1,5,4,5,7,1,1,10,4,5,2,12,1,64,2,9,1,4,7,8,1,10,2,12,,7,7,1,22,9,121.5365724,25.05482791
111,1,23,8,45,2,03中山區,中山區長春路與建國北路2段口,0,0,2,2,C03,7,1,5,50,4,1,1,5,4,5,7,1,1,10,4,5,2,12,2,20,2,8,1,4,7,9,1,10,2,14,11,44,7,1,22,9,121.5365724,25.05482791
111,1,23,8,46,2,08士林區,士林區至善路2段與力行街口,0,0,1,1,C03,7,1,5,50,3,1,1,4,4,5,7,3,1,10,5,5,1,16,2,24,2,9,1,1,7,5,1,10,2,12,,6,6,1,22,9,121.547521,25.0987555
111,1,23,8,46,2,08士林區,士林區至善路2段與力行街口,0,0,1,2,B03,7,1,5,50,3,1,1,4,4,5,7,3,1,10,5,5,1,16,2,67,3,10,1,1,7,9,1,8,2,1,,23,6,1,22,9,121.547521,25.0987555
111,1,23,9,26,2,10文山區,文山區指南路2段與指南路2段147巷口,0,0,1,1,C03,8,1,5,50,4,2,1,5,4,5,7,3,1,5,5,5,2,3,1,47,3,10,1,1,7,9,1,10,2,11,,23,23,1,22,9,121.5772777,24.98736463
111,1,23,9,26,2,10文山區,文山區指南路2段與指南路2段147巷口,0,0,1,2,H01,8,1,5,50,4,2,1,5,4,5,7,3,1,5,5,5,2,3,2,22,2,9,4,5,8,16,8,20,10,16,,51,23,1,22,9,121.5772777,24.98736463
111,1,23,10,5,2,11南港區,南港區忠孝東路7段510號,0,0,1,1,C03,7,1,5,40,14,8,1,4,4,5,7,4,4,1,4,4,2,16,2,31,2,9,1,1,7,7,1,10,1,12,,7,7,1,22,9,121.6104349,25.05243328
111,1,23,10,5,2,11南港區,南港區忠孝東路7段510號,0,0,1,2,B03,7,1,5,40,14,8,1,4,4,5,7,4,4,1,4,4,2,16,2,49,3,10,3,4,7,7,1,8,1,7,,7,7,1,22,9,121.6104349,25.05243328
111,1,23,10,5,2,11南港區,南港區忠孝東路7段510號,0,0,1,3,C03,7,1,5,40,14,8,1,4,4,5,7,4,4,1,4,4,2,16,1,25,3,10,1,1,7,9,1,10,1,15,,44,7,1,22,9,121.6104349,25.05243328
111,1,23,10,12,2,04大安區,大安區基隆路2段與和平東路3段口,0,0,1,1,B01,7,1,5,50,5,2,1,5,4,5,7,4,4,1,5,5,2,17,1,63,3,10,1,1,7,14,1,2,2,2,,40,40,1,22,9,121.5522206,25.02399752
111,1,23,10,12,2,04大安區,大安區基隆路2段與和平東路3段口,0,0,1,2,F01,7,1,5,50,5,2,1,5,4,5,7,4,4,1,5,5,2,17,1,37,2,9,1,1,7,9,8,20,2,16,,44,40,1,22,9,121.5522206,25.02399752
111,1,23,10,12,2,04大安區,大安區基隆路2段與和平東路3段口,0,0,1,3,H02,7,1,5,50,5,2,1,5,4,5,7,4,4,1,5,5,2,17,2,43,3,10,4,5,7,19,8,20,10,16,,67,40,1,22,9,121.5522206,25.02399752
111,1,23,10,21,2,02萬華區,萬華區萬大路與萬大路237巷口,0,0,4,1,A41,8,1,5,30,4,1,1,3,4,5,7,2,1,1,4,5,2,17,1,56,3,10,1,1,7,9,1,1,9,15,,30,30,1,22,9,121.500499,25.0263265
111,1,23,10,21,2,02萬華區,萬華區萬大路與萬大路237巷口,0,0,4,2,C03,8,1,5,30,4,1,1,3,4,5,7,2,1,1,4,5,2,17,1,74,2,9,1,1,7,9,1,10,1,15,,44,30,1,22,9,121.500499,25.0263265
111,1,23,10,21,2,02萬華區,萬華區萬大路與萬大路237巷口,0,0,4,3,C03,8,1,5,30,4,1,1,3,4,5,7,2,1,1,4,5,2,17,1,33,2,9,1,1,7,9,1,10,1,15,,13,30,1,22,9,121.500499,25.0263265
111,1,23,10,21,2,02萬華區,萬華區萬大路與萬大路237巷口,0,0,4,4,C03,8,1,5,30,4,1,1,3,4,5,7,2,1,1,4,5,2,17,1,30,2,9,1,1,7,9,1,10,2,15,,13,30,1,22,9,121.500499,25.0263265
111,1,23,10,21,2,02萬華區,萬華區萬大路與萬大路237巷口,0,0,4,5,H02,8,1,5,30,4,1,1,3,4,5,7,2,1,1,4,5,2,17,2,68,2,9,4,5,7,20,8,20,10,16,,67,30,1,22,9,121.500499,25.0263265
111,1,23,10,29,2,12內湖區,內湖區康寧路3段與五分街口,0,0,2,1,C03,7,1,5,50,3,1,1,4,4,5,7,4,4,1,4,5,2,12,2,63,2,9,1,1,7,6,3,18,1,13,,44,44,1,22,9,121.6119285,25.0677114
111,1,23,10,29,2,12內湖區,內湖區康寧路3段與五分街口,0,0,2,2,C03,7,1,5,50,3,1,1,4,4,5,7,4,4,1,4,5,2,12,2,65,2,9,1,1,7,9,4,8,1,14,,16,44,1,22,9,121.6119285,25.0677114
111,1,23,10,30,2,09北投區,北投區行義路與行義路10巷口,0,0,1,1,B03,7,1,5,40,3,1,1,5,4,5,7,3,1,10,5,5,2,16,1,43,3,10,1,1,7,6,1,8,1,2,,9,9,1,22,9,121.5262572,25.12462193
111,1,23,10,30,2,09北投區,北投區行義路與行義路10巷口,0,0,1,2,C03,7,1,5,40,3,1,1,5,4,5,7,3,1,10,5,5,2,16,1,19,2,8,1,1,7,9,3,18,1,11,,23,9,1,22,9,121.5262572,25.12462193
111,1,23,11,0,2,07信義區,信義區崇德街與富陽街口,0,0,1,1,B03,8,1,5,50,4,1,1,5,4,5,7,4,4,9,4,5,2,17,2,23,3,10,1,1,7,5,1,8,1,1,,8,8,1,22,9,121.5562129,25.0238435
111,1,23,11,0,2,07信義區,信義區崇德街與富陽街口,0,0,1,2,C03,8,1,5,50,4,1,1,5,4,5,7,4,4,9,4,5,2,17,1,25,2,9,1,1,7,9,1,10,1,12,,44,8,1,22,9,121.5562129,25.0238435
111,1,23,11,29,2,07信義區,信義區信義路6段與松山路口,0,0,3,1,C03,7,1,5,50,4,1,1,5,4,5,7,2,1,1,4,5,1,16,1,63,2,8,3,4,7,5,1,10,1,11,,8,8,1,22,9,121.5784734,25.03620898
111,1,23,11,29,2,07信義區,信義區信義路6段與松山路口,0,0,3,2,C03,7,1,5,50,4,1,1,5,4,5,7,2,1,1,4,5,1,16,1,30,2,8,3,4,7,9,1,10,1,14,,25,8,1,22,9,121.5784734,25.03620898
111,1,23,11,29,2,07信義區,信義區信義路6段與松山路口,0,0,3,3,H02,7,1,5,50,4,1,1,5,4,5,7,2,1,1,4,5,1,16,2,41,2,8,3,5,7,20,8,20,10,16,,67,8,1,22,9,121.5784734,25.03620898
111,1,23,11,36,2,12內湖區,內湖區康寧路1段與星雲街口,0,0,2,1,C03,8,1,5,50,4,2,1,5,4,5,7,2,1,10,5,5,2,3,1,24,2,5,1,1,7,9,1,10,2,11,,23,23,1,22,9,121.5936426,25.07939763
111,1,23,11,36,2,12內湖區,內湖區康寧路1段與星雲街口,0,0,2,2,H01,8,1,5,50,4,2,1,5,4,5,7,2,1,10,5,5,2,3,1,11,2,9,4,5,8,20,8,20,10,16,,51,23,1,22,9,121.5936426,25.07939763
111,1,23,11,56,2,08士林區,士林區中山北路6段77號,0,0,1,1,B03,8,1,5,50,14,9,1,5,4,5,7,4,4,1,4,5,1,16,4,,4,11,3,4,7,15,7,19,11,15,,43,43,2,22,9,121.5248261,25.10520654
111,1,23,11,56,2,08士林區,士林區中山北路6段77號,0,0,1,2,C03,8,1,5,50,14,9,1,5,4,5,7,4,4,1,4,5,1,16,1,45,2,5,1,1,7,9,1,10,2,14,,43,43,1,22,9,121.5248261,25.10520654
111,1,23,11,58,2,05中正區,中正區連雲街與臨沂街61巷口,0,0,1,1,B01,8,1,5,30,4,1,1,5,4,5,7,4,4,9,5,5,2,15,1,38,3,10,1,1,7,9,1,4,2,5,,6,6,1,22,9,121.5312722,25.03559107
111,1,23,11,58,2,05中正區,中正區連雲街與臨沂街61巷口,0,0,1,2,C03,8,1,5,30,4,1,1,5,4,5,7,4,4,9,5,5,2,15,2,29,2,9,1,1,7,9,1,10,2,11,,23,6,1,22,9,121.5312722,25.03559107
111,1,23,12,0,2,03中山區,中山區民生東路1段70號,0,0,1,1,B03,8,1,5,50,14,9,1,5,4,5,7,4,4,4,3,5,1,16,2,56,3,10,1,1,7,11,1,8,1,4,,26,26,1,22,9,121.5263071,25.05802449
111,1,23,12,0,2,03中山區,中山區民生東路1段70號,0,0,1,2,C03,8,1,5,50,14,9,1,5,4,5,7,4,4,4,3,5,1,16,1,58,2,8,1,1,7,9,6,18,1,12,,13,26,1,22,9,121.5263071,25.05802449
111,1,23,12,4,2,03中山區,中山區南京東路3段188號,0,0,1,1,C03,7,1,5,50,14,7,1,5,4,5,7,4,4,1,3,4,2,13,1,29,2,9,3,4,7,9,1,10,1,11,,16,16,1,22,9,121.5425116,25.05181715
111,1,23,12,4,2,03中山區,中山區南京東路3段188號,0,0,1,2,B03,7,1,5,50,14,7,1,5,4,5,7,4,4,1,3,4,2,13,1,30,3,10,3,4,7,12,1,8,1,6,,44,16,1,22,9,121.5425116,25.05181715
111,1,23,12,12,2,01大同區,大同區重慶北路3段與伊寧街口,0,0,1,1,C03,8,1,5,30,4,1,1,5,4,5,7,2,1,5,4,5,2,16,1,48,3,10,3,4,7,15,6,18,2,12,,25,25,1,22,9,121.5137642,25.06479101
111,1,23,12,12,2,01大同區,大同區重慶北路3段與伊寧街口,0,0,1,2,B01,8,1,5,30,4,1,1,5,4,5,7,2,1,5,4,5,2,16,1,63,3,10,3,4,7,9,1,4,2,4,,44,25,1,22,9,121.5137642,25.06479101
111,1,23,12,12,2,01大同區,大同區重慶北路3段與伊寧街口,0,0,1,3,H02,8,1,5,30,4,1,1,5,4,5,7,2,1,5,4,5,2,16,2,47,2,9,3,4,7,21,8,20,10,15,,67,25,2,22,9,121.5137642,25.06479101
111,1,23,12,20,2,03中山區,中山區長春路113號,0,0,1,1,B03,7,1,5,40,14,8,1,5,4,5,7,3,1,5,5,4,2,16,1,68,3,10,1,1,7,11,1,8,1,6,,10,10,1,22,9,121.5296241,25.05489578
111,1,23,12,20,2,03中山區,中山區長春路113號,0,0,1,2,C03,7,1,5,40,14,8,1,5,4,5,7,3,1,5,5,4,2,16,1,41,2,9,1,1,7,9,1,10,1,11,,14,10,1,22,9,121.5296241,25.05489578
111,1,23,12,33,2,03中山區,中山區大直街21巷與北安路595巷20弄口,0,0,1,1,B03,8,1,5,30,3,1,1,5,4,3,5,4,4,10,5,5,2,25,1,81,2,3,3,4,7,15,1,8,2,1,,42,42,1,22,9,121.5477508,25.0817384
111,1,23,12,33,2,03中山區,中山區大直街21巷與北安路595巷20弄口,0,0,1,2,,8,1,5,30,3,1,1,5,4,3,5,4,4,10,5,5,2,25,3,,,,,,,,,,,,,67,42,1,,,121.5477508,25.0817384
111,1,23,12,33,2,03中山區,中山區大直街21巷與北安路595巷20弄口,0,0,1,3,,8,1,5,30,3,1,1,5,4,3,5,4,4,10,5,5,2,25,3,,,,,,,,,,,,,67,42,1,,,121.5477508,25.0817384
111,1,23,12,33,2,03中山區,中山區大直街21巷與北安路595巷20弄口,0,0,1,4,C03,8,1,5,30,3,1,1,5,4,3,5,4,4,10,5,5,2,25,1,53,3,10,3,4,7,13,1,10,11,14,,44,42,1,22,9,121.5477508,25.0817384
111,1,23,12,33,2,03中山區,中山區大直街21巷與北安路595巷20弄口,0,0,1,5,C03,8,1,5,30,3,1,1,5,4,3,5,4,4,10,5,5,2,25,1,63,3,10,3,4,7,13,1,10,11,14,,44,42,1,22,9,121.5477508,25.0817384
111,1,23,12,33,2,03中山區,中山區大直街21巷與北安路595巷20弄口,0,0,1,6,C03,8,1,5,30,3,1,1,5,4,3,5,4,4,10,5,5,2,25,1,37,3,10,3,4,7,13,1,10,11,14,,44,42,1,22,9,121.5477508,25.0817384
111,1,23,12,33,2,03中山區,中山區大直街21巷與北安路595巷20弄口,0,0,1,7,B12,8,1,5,30,3,1,1,5,4,3,5,4,4,10,5,5,2,25,1,47,3,10,3,4,7,14,1,8,11,15,,42,42,1,22,9,121.5477508,25.0817384
111,1,23,12,43,2,08士林區,士林區天母北路56號,0,0,1,1,B03,8,1,5,50,14,9,1,5,4,5,7,4,4,9,5,5,2,17,2,51,3,10,1,1,7,11,1,8,1,4,,10,10,1,22,9,121.5267178,25.12137462
111,1,23,12,43,2,08士林區,士林區天母北路56號,0,0,1,2,C03,8,1,5,50,14,9,1,5,4,5,7,4,4,9,5,5,2,17,2,20,2,8,1,1,7,9,1,10,1,11,,44,10,1,22,9,121.5267178,25.12137462
111,1,23,13,13,2,06松山區,松山區八德路4段與中坡北路口,0,0,1,1,B01,8,1,5,50,4,1,1,5,4,5,7,1,1,9,4,5,2,15,1,61,3,10,1,4,7,9,1,4,1,2,,25,25,1,22,9,121.5799516,25.05149649
111,1,23,13,13,2,06松山區,松山區八德路4段與中坡北路口,0,0,1,2,C03,8,1,5,50,4,1,1,5,4,5,7,1,1,9,4,5,2,15,2,36,2,9,1,4,7,9,1,10,1,11,,44,25,1,22,9,121.5799516,25.05149649
111,1,23,13,16,2,02萬華區,萬華區萬大路217號,0,0,4,2,C03,7,1,5,30,14,9,2,5,4,5,7,4,4,1,4,5,2,13,1,25,2,9,1,1,7,9,1,10,2,11,,13,23,1,22,9,121.5005598,25.02704902
111,1,23,13,16,2,02萬華區,萬華區萬大路217號,0,0,4,3,C03,7,1,5,30,14,9,2,5,4,5,7,4,4,1,4,5,2,13,1,57,2,9,1,1,7,9,1,10,2,11,,44,23,1,22,9,121.5005598,25.02704902
111,1,23,13,16,2,02萬華區,萬華區萬大路217號,0,0,4,4,H02,7,1,5,30,14,9,2,5,4,5,7,4,4,1,4,5,2,13,2,26,2,8,4,5,7,20,8,20,10,16,,67,23,1,22,9,121.5005598,25.02704902
111,1,23,13,16,2,02萬華區,萬華區萬大路217號,0,0,4,5,C03,7,1,5,30,14,9,2,5,4,5,7,4,4,1,4,5,2,13,1,59,3,10,1,1,7,15,1,10,11,15,,44,23,1,22,9,121.5005598,25.02704902
111,1,23,13,16,2,02萬華區,萬華區萬大路217號,0,0,4,1,C03,7,1,5,30,14,9,2,5,4,5,7,4,4,1,4,5,2,13,2,49,2,9,1,1,7,4,1,10,2,11,,23,23,1,22,9,121.5005598,25.02704902
111,1,23,13,22,2,10文山區,文山區光輝路與光輝路50巷口,0,0,3,1,C03,8,1,5,30,3,1,1,5,4,5,7,4,4,9,5,5,2,16,2,59,2,9,1,1,7,5,1,10,1,11,,6,6,1,22,9,121.5553406,24.98516052
111,1,23,13,22,2,10文山區,文山區光輝路與光輝路50巷口,0,0,3,2,C03,8,1,5,30,3,1,1,5,4,5,7,4,4,9,5,5,2,16,1,24,2,9,1,1,7,9,1,10,1,12,,23,6,1,22,9,121.5553406,24.98516052
111,1,23,13,22,2,10文山區,文山區光輝路與光輝路50巷口,0,0,3,3,H02,8,1,5,30,3,1,1,5,4,5,7,4,4,9,5,5,2,16,2,25,2,9,1,1,7,21,8,20,10,16,,67,6,1,22,9,121.5553406,24.98516052
111,1,23,13,35,2,04大安區,大安區師大路102巷與師大路口,0,0,2,1,B01,8,1,5,50,4,1,1,5,4,5,7,4,4,4,3,4,1,16,1,33,3,10,1,1,7,6,1,4,1,2,,9,9,1,22,9,121.5283238,25.02217739
111,1,23,13,35,2,04大安區,大安區師大路102巷與師大路口,0,0,2,2,C03,8,1,5,50,4,1,1,5,4,5,7,4,4,4,3,4,1,16,1,44,2,9,1,1,7,9,1,10,1,11,,44,9,1,22,9,121.5283238,25.02217739
111,1,23,13,35,2,04大安區,大安區師大路102巷與師大路口,0,0,2,4,H02,8,1,5,50,4,1,1,5,4,5,7,4,4,4,3,4,1,16,2,40,2,8,1,1,7,20,8,20,10,16,,67,9,1,22,9,121.5283238,25.02217739
111,1,23,13,35,2,04大安區,大安區師大路102巷與師大路口,0,0,2,3,B03,8,1,5,50,4,1,1,5,4,5,7,4,4,4,3,4,1,16,1,37,3,10,1,1,7,14,1,8,1,15,,38,9,1,22,9,121.5283238,25.02217739
111,1,23,14,30,2,04大安區,大安區基隆路4段與羅斯福路4段口,0,0,2,1,C03,8,1,5,50,11,9,1,5,4,5,7,2,1,1,4,5,2,12,2,43,2,8,3,4,7,5,1,10,1,14,,26,26,1,22,9,121.5373537,25.01120237
111,1,23,14,30,2,04大安區,大安區基隆路4段與羅斯福路4段口,0,0,2,2,C03,8,1,5,50,11,9,1,5,4,5,7,2,1,1,4,5,2,12,1,38,2,9,3,4,7,9,1,10,1,12,,44,26,1,22,9,121.5373537,25.01120237
111,1,23,14,53,2,05中正區,中正區中山南路與凱達格蘭大道口,0,0,1,1,C03,8,1,5,50,16,9,1,5,4,5,7,2,2,5,4,5,2,13,2,28,2,9,1,1,7,9,1,10,2,11,,23,23,1,22,9,121.5172863,25.03918832
111,1,23,14,53,2,05中正區,中正區中山南路與凱達格蘭大道口,0,0,1,2,C03,8,1,5,50,16,9,1,5,4,5,7,2,2,5,4,5,2,13,1,38,3,10,1,1,7,12,1,10,2,13,,44,23,1,22,9,121.5172863,25.03918832
111,1,23,15,15,2,10文山區,文山區木柵路1段378巷與木柵路1段口,0,0,2,1,C03,8,1,5,50,3,2,1,4,4,5,7,4,4,9,4,5,1,11,2,25,2,1,1,1,7,8,1,10,1,11,,30,30,1,22,9,121.5566389,24.98848796
111,1,23,15,15,2,10文山區,文山區木柵路1段378巷與木柵路1段口,0,0,2,2,F01,8,1,5,50,3,2,1,4,4,5,7,4,4,9,4,5,1,11,2,77,2,1,1,1,7,9,8,20,1,16,,44,30,1,22,9,121.5566389,24.98848796
111,1,23,15,21,2,09北投區,北投區承德路7段280巷與無名巷口,0,0,1,1,B03,8,1,5,30,4,1,1,5,4,5,7,4,4,10,5,5,2,16,1,55,3,10,1,1,7,9,1,8,1,4,,6,6,1,22,9,121.5064925,25.11649985
111,1,23,15,21,2,09北投區,北投區承德路7段280巷與無名巷口,0,0,1,2,C03,8,1,5,30,4,1,1,5,4,5,7,4,4,10,5,5,2,16,1,51,2,7,1,1,7,9,1,10,1,11,,44,6,1,22,9,121.5064925,25.11649985
111,1,23,15,28,2,03中山區,中山區松江路25巷與松江路口,0,0,2,1,C03,7,1,5,50,4,1,1,5,4,5,7,1,1,1,3,5,1,17,2,65,2,9,1,1,7,9,1,10,1,12,,23,23,1,22,9,121.5330431,25.04703001
111,1,23,15,28,2,03中山區,中山區松江路25巷與松江路口,0,0,2,2,B03,7,1,5,50,4,1,1,5,4,5,7,1,1,1,3,5,1,17,2,54,2,3,1,1,7,14,1,8,1,7,,38,23,1,22,9,121.5330431,25.04703001
111,1,23,15,28,2,05中正區,中正區重慶南路3段與寧波西街口,0,0,1,1,C03,8,1,5,50,4,1,1,5,4,5,7,1,1,1,4,5,2,17,1,18,3,10,1,1,7,6,1,10,2,13,,9,9,1,22,9,121.5153772,25.02975684
111,1,23,15,28,2,05中正區,中正區重慶南路3段與寧波西街口,0,0,1,2,C03,8,1,5,50,4,1,1,5,4,5,7,1,1,1,4,5,2,17,2,69,2,9,1,1,7,9,1,10,2,11,,44,9,1,22,9,121.5153772,25.02975684
111,1,23,15,28,2,05中正區,中正區重慶南路3段與寧波西街口,0,0,1,3,H02,8,1,5,50,4,1,1,5,4,5,7,1,1,1,4,5,2,17,1,10,4,11,1,5,7,20,8,20,10,16,,67,9,1,22,9,121.5153772,25.02975684
111,1,23,15,45,2,07信義區,信義區忠孝東路5段236巷2弄與忠孝東路5段236巷口,0,0,1,1,B02,6,1,5,50,4,2,1,4,4,5,7,4,4,5,4,5,1,13,1,63,3,10,1,1,7,9,1,8,1,1,,23,23,1,22,9,121.5718839,25.04059236
111,1,23,15,45,2,07信義區,信義區忠孝東路5段236巷2弄與忠孝東路5段236巷口,0,0,1,2,F01,6,1,5,50,4,2,1,4,4,5,7,4,4,5,4,5,1,13,1,45,2,9,1,1,7,9,8,20,1,16,,44,23,1,22,9,121.5718839,25.04059236
111,1,23,15,50,2,03中山區,中山區長春路與建國北路2段口,0,0,1,1,C03,7,1,5,50,4,1,1,5,4,5,7,1,1,5,4,4,2,12,2,41,2,9,1,1,7,7,1,10,1,13,,7,7,1,22,9,121.5370927,25.0547495
111,1,23,15,50,2,03中山區,中山區長春路與建國北路2段口,0,0,1,2,B12,7,1,5,50,4,1,1,5,4,5,7,1,1,5,4,4,2,12,1,34,3,10,1,1,7,9,1,8,1,5,,23,7,1,22,9,121.5370927,25.0547495
111,1,23,16,9,2,03中山區,中山區新生北路2段62巷與新生北路2段68巷13弄口,0,0,2,1,C03,7,1,5,30,4,1,1,5,4,5,7,4,4,10,5,5,2,15,1,33,2,9,1,1,7,9,1,9,1,12,,6,6,1,22,9,121.526402,25.05620063
111,1,23,16,9,2,03中山區,中山區新生北路2段62巷與新生北路2段68巷13弄口,0,0,2,2,C03,7,1,5,30,4,1,1,5,4,5,7,4,4,10,5,5,2,15,1,47,2,9,1,1,7,9,1,10,1,11,,44,6,1,22,9,121.526402,25.05620063
111,1,23,16,20,2,10文山區,文山區汀州路4段與溪洲街107巷口,0,0,1,1,B03,6,2,5,50,3,1,1,4,4,5,7,4,4,5,5,5,2,16,1,41,3,10,1,1,7,11,1,8,1,5,,10,10,1,22,9,121.5355064,25.00345378
111,1,23,16,20,2,10文山區,文山區汀州路4段與溪洲街107巷口,0,0,1,2,C03,6,2,5,50,3,1,1,4,4,5,7,4,4,5,5,5,2,16,1,26,2,9,1,1,7,9,1,10,1,14,,14,10,1,22,9,121.5355064,25.00345378
111,1,23,16,24,2,09北投區,北投區泉源路42-46號,0,0,2,1,B03,7,1,5,50,3,2,1,5,4,5,7,4,4,10,4,5,2,17,1,62,3,10,1,1,7,11,1,8,1,1,,10,10,1,22,9,121.5090783,25.1409308
111,1,23,16,24,2,09北投區,北投區泉源路42-46號,0,0,2,2,C03,7,1,5,50,3,2,1,5,4,5,7,4,4,10,4,5,2,17,1,28,2,9,1,1,7,9,1,10,1,12,,44,10,1,22,9,121.5090783,25.1409308