發生年度,發生月,發生日,發生時-Hours,發生分,處理別-編號,區序,肇事地點,死亡人數,2-30日死亡人數,受傷人數,當事人序號,車種,天候,光線,道路類別,速限-速度限制,道路型態,事故位置,路面狀況1,路面狀況2,路面狀況3,道路障礙1,道路障礙2,號誌1,號誌2,車道劃分-分向,車道劃分-分道1,車道劃分-分道2,車道劃分-分道3,事故類型及型態,性別,年齡,受傷程度,主要傷處,安全帽,行動電話,車輛用途,當事者行動狀態,駕駛資格情形,駕駛執照種類,飲酒情形,車輛撞擊部位1,車輛撞擊部位2,肇因碼-個別,肇因碼-主要,個人肇逃否,職業,旅次目的,座標-X,座標-Y
111,1,23,16,24,2,09北投區,北投區泉源路42-46號,0,0,2,3,H02,7,1,5,50,3,2,1,5,4,5,7,4,4,10,4,5,2,17,2,28,2,9,4,5,7,21,8,20,10,15,,67,10,1,22,9,121.5090783,25.1409308
111,1,23,16,40,2,03中山區,中山區市民大道2段往西過林森北路,0,0,1,1,C03,7,1,5,40,4,1,1,5,4,5,7,4,4,1,3,5,1,13,1,26,2,9,1,1,7,9,1,10,1,11,,23,23,1,22,9,121.524005,25.04793394
111,1,23,16,40,2,03中山區,中山區市民大道2段往西過林森北路,0,0,1,2,B02,7,1,5,40,4,1,1,5,4,5,7,4,4,1,3,5,1,13,1,39,3,10,1,1,7,9,3,18,1,6,,44,23,1,22,9,121.524005,25.04793394
111,1,23,17,20,2,12內湖區,內湖區民權東路6段50號,0,0,1,1,B03,8,1,5,40,14,9,1,5,4,5,7,4,4,1,4,4,2,12,1,45,3,10,1,1,7,6,6,4,1,5,,9,9,1,22,9,121.5833324,25.06838515
111,1,23,17,20,2,12內湖區,內湖區民權東路6段50號,0,0,1,2,C03,8,1,5,40,14,9,1,5,4,5,7,4,4,1,4,4,2,12,1,34,2,9,1,1,7,9,1,10,1,11,,13,9,1,22,9,121.5833324,25.06838515
111,1,23,18,21,2,02萬華區,萬華區西園路2段與寶興街口,0,0,1,1,B03,8,3,5,50,4,1,1,5,4,5,7,2,1,5,4,5,2,16,1,29,3,10,1,4,7,6,1,8,1,7,,9,9,1,22,9,121.4936654,25.02697863
111,1,23,18,21,2,02萬華區,萬華區西園路2段與寶興街口,0,0,1,2,C03,8,3,5,50,4,1,1,5,4,5,7,2,1,5,4,5,2,16,1,28,2,8,1,4,7,9,1,10,1,11,,23,9,1,22,9,121.4936654,25.02697863
111,1,23,18,38,2,05中正區,中正區館前路與襄陽路口,0,0,1,1,C03,7,3,5,50,4,2,1,5,4,5,7,2,1,5,1,5,2,13,1,31,2,9,1,1,7,9,1,10,2,11,,16,16,1,22,9,121.5146934,25.04341269
111,1,23,18,38,2,05中正區,中正區館前路與襄陽路口,0,0,1,2,B03,7,3,5,50,4,2,1,5,4,5,7,2,1,5,1,5,2,13,1,42,3,10,1,1,7,14,1,8,2,3,,44,16,1,22,9,121.5146934,25.04341269
111,1,23,18,40,2,05中正區,中正區和平西路1段與廈門街口,0,0,1,1,B03,8,3,5,50,4,1,1,5,4,5,7,1,1,5,4,5,2,16,1,62,3,10,1,1,7,9,1,8,1,2,,42,42,1,22,9,121.5179828,25.02671501
111,1,23,18,40,2,05中正區,中正區和平西路1段與廈門街口,0,0,1,2,C03,8,3,5,50,4,1,1,5,4,5,7,1,1,5,4,5,2,16,1,56,2,9,1,1,7,1,1,10,1,11,,23,42,1,22,9,121.5179828,25.02671501
111,1,23,18,57,2,03中山區,中山區北安路608巷與北安路口,0,0,3,1,B03,8,3,5,50,4,1,1,5,4,5,7,1,1,1,4,5,2,16,1,77,3,10,3,4,7,11,1,8,1,8,,10,10,1,22,9,121.5488818,25.08207927
111,1,23,18,57,2,03中山區,中山區北安路608巷與北安路口,0,0,3,2,C03,8,3,5,50,4,1,1,5,4,5,7,1,1,1,4,5,2,16,1,59,2,9,1,4,7,9,1,10,1,14,,32,10,1,22,9,121.5488818,25.08207927
111,1,23,18,57,2,03中山區,中山區北安路608巷與北安路口,0,0,3,3,H02,8,3,5,50,4,1,1,5,4,5,7,1,1,1,4,5,2,16,2,42,2,9,4,5,7,20,8,20,10,16,,67,10,1,22,9,121.5488818,25.08207927
111,1,23,18,57,2,03中山區,中山區北安路608巷與北安路口,0,0,3,4,H02,8,3,5,50,4,1,1,5,4,5,7,1,1,1,4,5,2,16,2,7,2,8,3,5,7,20,8,20,10,16,,67,10,1,22,9,121.5488818,25.08207927
111,1,23,19,10,2,08士林區,士林區忠誠路2段與士東路口,0,0,2,2,C03,7,1,5,50,4,2,1,5,4,5,7,1,1,1,5,1,1,16,1,37,2,9,1,1,7,7,1,10,1,12,,7,17,1,22,9,121.5308933,25.11214334
111,1,23,19,10,2,08士林區,士林區忠誠路2段與士東路口,0,0,2,3,H02,7,1,5,50,4,2,1,5,4,5,7,1,1,1,5,1,1,16,2,35,2,9,1,5,7,20,8,20,10,16,,67,17,1,22,9,121.5308933,25.11214334
111,1,23,19,10,2,08士林區,士林區忠誠路2段與士東路口,0,0,2,1,B03,7,1,5,50,4,2,1,5,4,5,7,1,1,1,5,1,1,16,1,56,3,10,1,1,7,5,1,8,1,8,,17,17,1,22,9,121.5308933,25.11214334
111,1,23,19,37,2,05中正區,中正區羅斯福路2段與福州街口,0,0,1,1,B03,8,3,5,50,5,1,1,5,4,5,7,1,1,5,4,5,2,17,1,73,3,10,1,1,7,9,1,8,2,5,,26,26,1,22,9,121.5202996,25.02978405
111,1,23,19,37,2,05中正區,中正區羅斯福路2段與福州街口,0,0,1,2,C03,8,3,5,50,5,1,1,5,4,5,7,1,1,5,4,5,2,17,1,26,3,10,1,1,7,5,1,10,2,14,,44,26,1,22,9,121.5202996,25.02978405
111,1,23,19,37,2,05中正區,中正區羅斯福路2段與福州街口,0,0,1,3,H02,8,3,5,50,5,1,1,5,4,5,7,1,1,5,4,5,2,17,2,28,2,8,1,5,7,20,8,20,10,16,,67,26,1,22,9,121.5202996,25.02978405
111,1,23,21,26,2,12內湖區,內湖區成功路2段與安康路口,0,0,1,1,B02,8,1,5,50,3,1,1,5,4,5,7,4,4,1,4,5,2,12,1,23,3,10,1,1,7,6,1,8,1,5,,9,9,1,22,9,121.5910337,25.06197285
111,1,23,21,26,2,12內湖區,內湖區成功路2段與安康路口,0,0,1,2,C03,8,1,5,50,3,1,1,5,4,5,7,4,4,1,4,5,2,12,1,19,2,9,1,1,7,9,1,10,1,11,,14,9,1,22,9,121.5910337,25.06197285
111,1,23,22,38,2,05中正區,中正區信義路1段1號,0,0,3,1,C03,8,3,5,50,14,9,1,5,4,5,7,4,4,1,4,5,2,10,1,37,2,8,1,1,7,9,1,10,1,11,,26,26,1,22,5,121.5193387,25.03807946
111,1,23,22,38,2,05中正區,中正區信義路1段1號,0,0,3,2,C03,8,3,5,50,14,9,1,5,4,5,7,4,4,1,4,5,2,10,1,26,2,8,1,1,7,9,1,10,1,11,,44,26,1,22,5,121.5193387,25.03807946
111,1,23,22,38,2,05中正區,中正區信義路1段1號,0,0,3,3,H02,8,3,5,50,14,9,1,5,4,5,7,4,4,1,4,5,2,10,1,25,2,8,1,1,7,20,8,20,10,16,,67,26,1,22,5,121.5193387,25.03807946
111,1,23,22,48,2,08士林區,士林區基河路與福德路口,0,0,2,1,C02,8,3,5,50,3,1,1,5,4,5,7,1,1,5,4,4,2,16,1,23,2,9,1,1,7,9,1,9,1,11,,25,25,1,22,9,121.5209161,25.09217702
111,1,23,22,48,2,08士林區,士林區基河路與福德路口,0,0,2,2,C03,8,3,5,50,3,1,1,5,4,5,7,1,1,5,4,4,2,16,1,21,2,9,3,4,7,5,1,10,1,14,,13,25,1,22,9,121.5209161,25.09217702
111,1,23,23,5,2,06松山區,松山區南京東路5段與塔悠路口,0,0,2,1,B03,8,3,5,50,4,1,1,4,4,5,7,1,1,1,4,5,2,16,1,25,3,10,1,1,7,6,1,8,1,5,,42,42,1,22,9,121.5704562,25.05145132
111,1,23,23,5,2,06松山區,松山區南京東路5段與塔悠路口,0,0,2,2,C03,8,3,5,50,4,1,1,4,4,5,7,1,1,1,4,5,2,16,1,18,2,9,1,1,7,9,1,10,1,14,,42,42,1,22,9,121.5704562,25.05145132
111,1,23,23,5,2,06松山區,松山區南京東路5段與塔悠路口,0,0,2,3,C03,8,3,5,50,4,1,1,4,4,5,7,1,1,1,4,5,2,16,2,26,2,8,1,1,7,9,1,10,1,11,,42,42,1,22,9,121.5704562,25.05145132
111,1,24,2,43,2,06松山區,松山區民生東路3段105號,0,0,1,1,B02,7,3,5,50,14,9,1,5,4,5,7,4,4,9,4,5,2,17,1,51,3,10,1,1,7,6,1,8,2,5,,6,6,1,22,9,121.5448635,25.05782944
111,1,24,2,43,2,06松山區,松山區民生東路3段105號,0,0,1,2,C03,7,3,5,50,14,9,1,5,4,5,7,4,4,9,4,5,2,17,2,46,2,9,1,1,7,9,1,10,2,12,,44,6,1,22,9,121.5448635,25.05782944
111,1,24,3,8,2,06松山區,松山區北寧路與八德路3段口口,0,0,1,1,B01,6,3,5,50,4,1,1,4,4,5,7,2,1,5,5,4,2,3,1,62,3,10,3,4,7,5,1,4,2,8,,15,15,1,22,9,121.5526189,25.04820576
111,1,24,3,8,2,06松山區,松山區北寧路與八德路3段口口,0,0,1,2,H01,6,3,5,50,4,1,1,4,4,5,7,2,1,5,5,4,2,3,1,39,2,9,3,4,8,16,8,20,10,16,,60,15,1,22,9,121.5526189,25.04820576
111,1,24,6,27,2,08士林區,士林區中正路與福港街口,0,0,2,1,C03,8,2,5,50,14,9,1,4,4,5,7,2,1,1,4,5,1,13,2,38,2,9,1,1,7,9,1,10,1,11,,23,23,1,22,9,121.5176238,25.09165889
111,1,24,6,27,2,08士林區,士林區中正路與福港街口,0,0,2,2,F01,8,2,5,50,14,9,1,4,4,5,7,2,1,1,4,5,1,13,1,66,2,9,1,1,7,9,8,20,1,16,,43,23,1,22,9,121.5176238,25.09165889
111,1,24,6,28,2,03中山區,中山區民族東路410巷與民族東路口,0,0,1,1,C03,8,1,5,50,4,2,1,4,4,5,7,1,1,1,3,4,1,11,2,50,2,3,1,1,7,5,3,18,1,12,,26,26,1,22,9,121.5383941,25.068139
111,1,24,6,28,2,03中山區,中山區民族東路410巷與民族東路口,0,0,1,2,B03,8,1,5,50,4,2,1,4,4,5,7,1,1,1,3,4,1,11,2,35,3,10,1,1,7,9,1,8,1,1,,44,26,1,22,9,121.5383941,25.068139
111,1,24,7,12,2,03中山區,中山區林森北路與錦州街口,0,0,1,1,B03,6,1,5,50,4,1,1,4,4,5,7,1,1,5,4,5,2,17,1,40,3,10,1,1,7,5,1,8,5,2,,2,2,1,22,9,121.5255607,25.0603052
111,1,24,7,12,2,03中山區,中山區林森北路與錦州街口,0,0,1,2,C03,6,1,5,50,4,1,1,4,4,5,7,1,1,5,4,5,2,17,1,24,2,9,1,1,7,9,1,10,2,12,,44,2,1,22,9,121.5255607,25.0603052
111,1,24,8,5,2,09北投區,北投區大業路527巷88號與大業路527巷口捷運北投機場門口,0,0,1,1,B03,6,1,5,40,3,2,1,4,4,5,7,4,4,9,4,5,2,16,1,38,3,10,3,4,7,11,1,8,2,4,,10,10,1,22,9,121.486424,25.13553981
111,1,24,8,5,2,09北投區,北投區大業路527巷88號與大業路527巷口捷運北投機場門口,0,0,1,2,C03,6,1,5,40,3,2,1,4,4,5,7,4,4,9,4,5,2,16,1,33,2,9,3,4,7,9,1,10,2,11,,44,10,1,22,9,121.486424,25.13553981
111,1,24,8,15,2,03中山區,中山區中山北路3段與民族東路口,0,0,2,1,C03,6,1,5,50,4,1,1,4,4,5,7,1,1,1,3,5,1,16,2,32,2,9,1,1,7,9,1,10,2,12,,25,25,1,22,9,121.5229038,25.06843843
111,1,24,8,15,2,03中山區,中山區中山北路3段與民族東路口,0,0,2,2,C03,6,1,5,50,4,1,1,4,4,5,7,1,1,1,3,5,1,16,2,35,2,9,1,1,7,9,1,10,2,11,,44,25,1,22,9,121.5229038,25.06843843
111,1,24,8,20,2,04大安區,大安區杭州南路2段61-28號,0,0,1,1,A02,6,1,5,50,14,9,1,4,4,5,7,4,4,5,5,5,2,17,1,38,3,10,1,1,7,7,1,2,1,15,,7,7,1,22,9,121.52215,25.03015058
111,1,24,8,20,2,04大安區,大安區杭州南路2段61-28號,0,0,1,2,C03,6,1,5,50,14,9,1,4,4,5,7,4,4,5,5,5,2,17,1,56,2,9,1,1,7,8,1,10,1,14,,13,7,1,22,9,121.52215,25.03015058
111,1,24,8,41,2,04大安區,大安區復興南路2段與復興南路2段193巷口,0,0,1,1,B03,6,1,5,30,4,1,1,4,4,5,7,4,4,1,4,5,2,3,1,41,3,10,1,1,7,5,1,8,1,4,,15,15,1,22,9,121.5433892,25.02648773
111,1,24,8,41,2,04大安區,大安區復興南路2段與復興南路2段193巷口,0,0,1,2,H01,6,1,5,30,4,1,1,4,4,5,7,4,4,1,4,5,2,3,2,41,2,9,4,5,8,16,8,20,10,16,,67,15,1,22,9,121.5433892,25.02648773
111,1,24,8,45,2,08士林區,士林區中正路與中正路399巷口,0,0,1,1,C03,6,1,5,50,3,2,1,4,4,5,7,4,4,3,4,5,1,17,1,26,2,9,1,1,7,9,1,10,1,14,,23,23,1,22,9,121.5210997,25.09404701
111,1,24,8,45,2,08士林區,士林區中正路與中正路399巷口,0,0,1,2,B03,6,1,5,50,3,2,1,4,4,5,7,4,4,3,4,5,1,17,1,22,3,10,1,1,7,11,1,8,1,15,,10,23,1,22,9,121.5210997,25.09404701
111,1,24,8,45,2,10文山區,文山區木柵路4段26號,0,0,1,1,B03,6,1,5,50,14,9,1,4,4,5,7,4,4,4,3,5,1,12,1,45,3,10,3,4,7,8,1,8,2,2,,43,43,1,22,9,121.5733799,24.99704221
111,1,24,8,45,2,10文山區,文山區木柵路4段26號,0,0,1,2,C03,6,1,5,50,14,9,1,4,4,5,7,4,4,4,3,5,1,12,2,27,2,7,1,4,7,9,1,10,2,14,,43,43,1,22,9,121.5733799,24.99704221
111,1,24,8,49,2,03中山區,中山區中山北路2段48巷與中山北路2段口,0,0,1,1,C03,6,1,5,50,3,2,1,4,4,5,7,4,4,1,4,1,2,13,1,23,3,10,1,1,7,12,3,18,1,11,,16,16,1,22,9,121.5226682,25.05571627
111,1,24,8,49,2,03中山區,中山區中山北路2段48巷與中山北路2段口,0,0,1,2,C03,6,1,5,50,3,2,1,4,4,5,7,4,4,1,4,1,2,13,2,35,2,7,1,1,7,12,1,10,1,13,,44,16,1,22,9,121.5226682,25.05571627
111,1,24,8,58,2,03中山區,中山區長安東路1段與天津街口,0,0,2,1,C03,6,1,5,50,4,2,1,4,4,5,7,1,1,5,4,5,2,12,1,29,2,9,1,1,7,5,1,10,1,14,,44,44,1,22,9,121.5228303,25.04955138
111,1,24,8,58,2,03中山區,中山區長安東路1段與天津街口,0,0,2,2,C03,6,1,5,50,4,2,1,4,4,5,7,1,1,5,4,5,2,12,1,59,2,9,1,1,7,9,1,10,1,12,,26,44,1,22,9,121.5228303,25.04955138
111,1,24,9,0,2,03中山區,中山區樂群一路與基湖路口,0,0,1,1,C03,6,1,5,50,3,1,1,4,4,5,7,2,1,1,2,5,2,12,2,33,2,9,3,4,7,5,1,10,1,14,,8,8,1,22,9,121.5631876,25.07608653
111,1,24,9,0,2,03中山區,中山區樂群一路與基湖路口,0,0,1,2,B03,6,1,5,50,3,1,1,4,4,5,7,2,1,1,2,5,2,12,2,47,3,10,3,4,7,5,1,8,1,2,,44,8,1,22,9,121.5631876,25.07608653
111,1,24,9,8,2,06松山區,松山區麥帥一橋西往東下橋處機車道,0,0,2,1,C03,6,1,7,50,10,11,1,4,4,5,7,4,4,3,4,5,2,12,1,48,2,9,1,1,7,9,1,10,2,11,,16,16,1,22,9,121.5676967,25.05140614
111,1,24,9,8,2,06松山區,松山區麥帥一橋西往東下橋處機車道,0,0,2,2,C03,6,1,7,50,10,11,1,4,4,5,7,4,4,3,4,5,2,12,1,51,2,4,1,1,7,9,1,10,2,13,,44,16,1,22,9,121.5676967,25.05140614
111,1,24,9,26,2,04大安區,大安區仁愛路4段345巷15弄與仁愛路4段345巷口,0,0,2,1,F01,6,1,5,0,4,1,1,4,4,5,7,4,4,10,5,5,2,15,2,34,2,4,1,1,7,9,8,20,10,16,,4,4,1,22,9,121.554042,25.03889739
111,1,24,9,26,2,04大安區,大安區仁愛路4段345巷15弄與仁愛路4段345巷口,0,0,2,2,C03,6,1,5,0,4,1,1,4,4,5,7,4,4,10,5,5,2,15,2,51,2,6,1,1,7,9,1,10,9,12,,23,4,1,22,9,121.554042,25.03889739
111,1,24,9,30,2,03中山區,中山區松江路109號,0,0,1,1,C03,6,1,5,50,14,9,1,4,4,5,7,2,1,3,4,4,2,17,2,29,2,9,1,1,7,9,1,10,1,12,,43,43,1,22,9,121.5331141,25.05144601
111,1,24,9,30,2,03中山區,中山區松江路109號,0,0,1,2,C03,6,1,5,50,14,9,1,4,4,5,7,2,1,3,4,4,2,17,1,61,4,11,3,4,7,8,7,19,11,15,,7,43,2,22,9,121.5331141,25.05144601
111,1,24,9,31,2,04大安區,大安區四維路50號,0,0,2,1,C03,6,1,5,30,14,9,1,4,4,5,7,4,4,10,5,5,2,13,1,67,2,8,1,1,7,9,1,10,11,11,,23,23,1,22,9,121.54811,25.03522266
111,1,24,9,31,2,04大安區,大安區四維路50號,0,0,2,2,C03,6,1,5,30,14,9,1,4,4,5,7,4,4,10,5,5,2,13,2,39,2,9,1,1,7,14,1,10,11,13,,42,23,1,22,9,121.54811,25.03522266
111,1,24,9,40,2,04大安區,大安區基隆路4段北向南30號燈桿處,0,0,1,1,C03,6,1,5,50,14,9,1,4,4,5,7,4,4,1,4,4,2,12,1,28,3,10,1,1,7,9,1,10,1,12,,44,44,1,22,9,121.5385114,25.01247948
111,1,24,9,40,2,04大安區,大安區基隆路4段北向南30號燈桿處,0,0,1,2,C03,6,1,5,50,14,9,1,4,4,5,7,4,4,1,4,4,2,12,2,48,2,9,1,1,7,7,1,10,1,14,,7,44,1,22,9,121.5385114,25.01247948
111,1,24,9,42,2,04大安區,大安區文昌街278巷與文昌街口,0,0,1,1,B01,6,1,5,30,4,2,1,4,4,5,7,4,4,10,5,5,1,17,1,60,3,10,1,1,7,9,1,4,1,15,,6,6,1,10,4,121.5565933,25.0321896
111,1,24,9,42,2,04大安區,大安區文昌街278巷與文昌街口,0,0,1,2,C03,6,1,5,30,4,2,1,4,4,5,7,4,4,10,5,5,1,17,1,43,2,9,1,1,7,12,1,10,1,12,,14,6,1,5,1,121.5565933,25.0321896
111,1,24,9,56,2,11南港區,南港區大坑街與研究院路2段35巷23弄口,0,0,2,1,C03,6,1,5,40,3,1,1,4,4,5,7,4,4,4,5,5,2,13,1,26,2,9,3,1,7,9,1,10,9,11,,23,23,2,22,9,121.6171069,25.046765
111,1,24,9,56,2,11南港區,南港區大坑街與研究院路2段35巷23弄口,0,0,2,2,C03,6,1,5,40,3,1,1,4,4,5,7,4,4,4,5,5,2,13,1,28,2,7,1,1,7,5,3,18,9,13,,44,23,1,22,9,121.6171069,25.046765
111,1,24,9,56,2,11南港區,南港區大坑街與研究院路2段35巷23弄口,0,0,2,3,C03,6,1,5,40,3,1,1,4,4,5,7,4,4,4,5,5,2,13,1,20,3,10,3,1,7,13,1,10,9,12,,38,23,1,22,9,121.6171069,25.046765
111,1,24,10,0,2,08士林區,士林區中庸一路081燈桿處,0,0,1,1,C03,6,1,5,30,11,9,1,4,4,5,7,4,4,10,5,5,2,11,1,21,2,9,1,1,7,9,1,10,2,11,,5,5,1,22,9,121.5519713,25.1304197
111,1,24,10,0,2,08士林區,士林區中庸一路081燈桿處,0,0,1,2,B12,6,1,5,30,11,9,1,4,4,5,7,4,4,10,5,5,2,11,1,23,3,10,1,1,7,9,1,8,2,1,,5,5,1,22,9,121.5519713,25.1304197
111,1,24,10,0,2,07信義區,信義區福德街與福德街89巷口,0,0,1,1,C03,6,1,5,50,4,2,1,4,4,5,7,2,1,1,4,5,2,16,1,46,3,10,1,1,7,9,1,10,1,11,,25,25,1,22,8,121.5815682,25.03709192
111,1,24,10,0,2,07信義區,信義區福德街與福德街89巷口,0,0,1,2,F01,6,1,5,50,4,2,1,4,4,5,7,2,1,1,4,5,2,16,2,65,2,8,1,1,7,11,8,20,1,16,,11,25,1,22,9,121.5815682,25.03709192
111,1,24,10,6,2,07信義區,信義區基隆路2段7號對面,0,0,1,1,C03,7,1,5,50,14,9,1,4,4,5,7,4,4,1,4,5,2,17,1,71,2,9,3,4,7,8,1,10,1,12,,7,7,1,22,9,121.5592936,25.03272295
111,1,24,10,6,2,07信義區,信義區基隆路2段7號對面,0,0,1,2,B01,7,1,5,50,14,9,1,4,4,5,7,4,4,1,4,5,2,17,1,56,3,10,3,4,7,9,1,4,1,8,,23,7,1,22,9,121.5592936,25.03272295
111,1,24,10,10,2,07信義區,信義區松廉路信義廣場旁,0,0,1,1,C03,6,1,5,50,14,9,1,4,4,5,7,4,4,10,4,5,2,17,1,21,3,10,1,1,7,11,1,10,1,13,,10,10,1,22,9,121.5664044,25.03396852
111,1,24,10,10,2,07信義區,信義區松廉路信義廣場旁,0,0,1,2,C03,6,1,5,50,14,9,1,4,4,5,7,4,4,10,4,5,2,17,1,27,2,8,1,1,7,9,1,10,1,11,,44,10,1,22,9,121.5664044,25.03396852
111,1,24,10,12,2,12內湖區,內湖區安康路與五分街口,0,0,1,1,C03,6,1,5,30,4,2,1,4,4,5,7,4,4,10,5,5,2,17,1,20,3,10,1,1,7,9,1,10,1,15,,44,44,1,22,9,121.615231,25.0672955
111,1,24,10,12,2,12內湖區,內湖區安康路與五分街口,0,0,1,2,C04,6,1,5,30,4,2,1,4,4,5,7,4,4,10,5,5,2,17,2,61,2,8,1,1,7,9,3,18,1,15,,42,44,1,22,9,121.615231,25.0672955
111,1,24,10,15,2,08士林區,士林區至善路3段336巷與至善路3段336巷32弄口,0,0,2,1,C03,6,1,5,30,3,2,1,4,4,5,7,4,4,10,5,5,1,17,1,57,2,9,1,1,7,9,6,10,3,12,,42,42,1,22,9,121.5896515,25.12769244
111,1,24,10,15,2,08士林區,士林區至善路3段336巷與至善路3段336巷32弄口,0,0,2,2,C03,6,1,5,30,3,2,1,4,4,5,7,4,4,10,5,5,1,17,1,58,2,9,1,1,7,9,1,10,2,11,,13,42,1,22,9,121.5896515,25.12769244
111,1,24,10,16,2,07信義區,信義區基隆路1段176號,0,0,1,1,C03,7,1,5,30,14,9,1,4,4,5,7,4,4,10,5,5,2,17,1,35,2,8,1,1,7,9,1,10,1,14,,23,23,1,22,9,121.565161,25.04309363
111,1,24,10,16,2,07信義區,信義區基隆路1段176號,0,0,1,2,B03,7,1,5,30,14,9,1,4,4,5,7,4,4,10,5,5,2,17,1,31,3,10,1,1,7,9,1,8,1,4,,44,23,1,22,9,121.565161,25.04309363
111,1,24,10,20,2,12內湖區,內湖區成功路2段376號旁,0,0,1,1,B12,7,1,5,50,15,9,1,5,4,5,7,4,4,1,4,5,2,12,1,38,3,10,1,1,7,6,1,8,2,2,,6,6,1,22,9,121.5905812,25.06935431
111,1,24,10,20,2,12內湖區,內湖區成功路2段376號旁,0,0,1,2,C03,7,1,5,50,15,9,1,5,4,5,7,4,4,1,4,5,2,12,2,26,2,9,1,1,7,9,1,10,2,14,,14,6,1,22,9,121.5905812,25.06935431
111,1,24,10,49,2,03中山區,中山區林森北路399巷與林森北路口,0,0,1,1,B02,6,1,5,50,4,1,1,4,4,5,7,2,1,4,5,5,1,12,1,31,3,10,3,4,7,6,1,8,1,2,,9,9,1,22,9,121.5255807,25.05907983
111,1,24,10,49,2,03中山區,中山區林森北路399巷與林森北路口,0,0,1,2,C03,6,1,5,50,4,1,1,4,4,5,7,2,1,4,5,5,1,12,1,36,2,9,3,4,7,9,1,10,1,14,,44,9,1,22,9,121.5255807,25.05907983
111,1,24,10,54,2,05中正區,中正區博愛路與重慶南路1段136巷口,0,0,1,1,B03,6,1,5,50,3,2,1,4,4,5,7,4,4,7,4,5,2,16,1,31,3,10,1,1,7,11,1,8,2,4,,10,10,1,22,9,121.5108837,25.03639972
111,1,24,10,54,2,05中正區,中正區博愛路與重慶南路1段136巷口,0,0,1,2,C03,6,1,5,50,3,2,1,4,4,5,7,4,4,7,4,5,2,16,1,27,2,9,1,1,7,9,1,10,2,12,,44,10,1,22,9,121.5108837,25.03639972
111,1,24,10,54,2,08士林區,士林區社中街250巷1弄與社中街250巷口,0,0,1,1,C03,6,1,5,30,4,1,1,4,4,5,7,4,4,10,5,5,1,17,1,79,2,8,1,1,7,9,1,10,1,11,,6,6,1,21,8,121.5077096,25.09227525
111,1,24,10,54,2,08士林區,士林區社中街250巷1弄與社中街250巷口,0,0,1,2,C03,6,1,5,30,4,1,1,4,4,5,7,4,4,10,5,5,1,17,2,52,3,10,1,1,7,9,1,10,1,11,,14,6,1,21,8,121.5077096,25.09227525
111,1,24,10,55,2,07信義區,信義區忠孝東路4段563號,0,0,1,1,C03,8,1,5,50,14,9,1,5,4,5,7,2,1,1,4,5,2,17,1,62,2,8,1,1,7,10,1,10,9,12,,42,42,2,22,9,121.5645445,25.04139926
111,1,24,10,55,2,07信義區,信義區忠孝東路4段563號,0,0,1,2,B03,8,1,5,50,14,9,1,5,4,5,7,2,1,1,4,5,2,17,1,30,3,10,1,1,7,9,1,8,9,8,,44,42,1,22,9,121.5645445,25.04139926
111,1,24,11,8,2,07信義區,信義區忠孝東路5段與林口街口,0,0,1,1,C03,7,1,5,50,5,2,1,4,4,5,7,2,1,3,4,5,2,17,2,58,2,9,1,1,7,9,1,10,1,11,,16,16,1,22,9,121.5808563,25.04244117
111,1,24,11,8,2,07信義區,信義區忠孝東路5段與林口街口,0,0,1,2,C03,7,1,5,50,5,2,1,4,4,5,7,2,1,3,4,5,2,17,1,56,3,10,1,1,7,9,1,10,1,13,,44,16,1,22,9,121.5808563,25.04244117
111,1,24,11,25,2,12內湖區,內湖區內湖路3段51號前,0,0,2,1,C03,7,1,5,30,14,9,1,5,4,5,7,4,4,10,5,5,2,3,2,49,3,10,1,1,7,9,1,10,2,11,,23,23,1,22,9,121.592259,25.0859766
111,1,24,11,25,2,12內湖區,內湖區內湖路3段51號前,0,0,2,2,H01,7,1,5,30,14,9,1,5,4,5,7,4,4,10,5,5,2,3,2,28,2,8,4,5,8,16,8,20,10,16,,51,23,1,22,9,121.592259,25.0859766
111,1,24,11,25,2,12內湖區,內湖區內湖路3段51號前,0,0,2,3,H02,7,1,5,30,14,9,1,5,4,5,7,4,4,10,5,5,2,3,2,81,2,7,2,5,7,20,8,20,10,16,,67,23,1,22,9,121.592259,25.0859766
111,1,24,12,0,2,11南港區,南港區福德街337號前,0,0,1,1,C03,6,1,5,50,14,9,1,4,4,5,7,4,4,4,5,5,2,13,1,21,3,10,1,1,7,9,1,10,1,11,,43,43,1,22,9,121.5883906,25.03949894
111,1,24,12,0,2,11南港區,南港區福德街337號前,0,0,1,2,C03,6,1,5,50,14,9,1,4,4,5,7,4,4,4,5,5,2,13,1,54,2,9,1,1,7,9,1,10,1,13,,43,43,1,22,9,121.5883906,25.03949894
111,1,24,12,0,2,11南港區,南港區福德街337號前,0,0,1,3,C03,6,1,5,50,14,9,1,4,4,5,7,4,4,4,5,5,2,13,2,65,3,10,1,1,7,9,1,10,1,11,,43,43,1,22,9,121.5883906,25.03949894
111,1,24,12,30,2,09北投區,北投區行義路10巷7號,0,0,1,1,B03,6,1,5,30,14,9,1,4,4,5,7,4,4,10,5,5,1,2,1,45,3,10,1,1,7,9,1,8,1,5,,23,23,1,22,9,121.5265718,25.12436198