發生年度,發生月,發生日,發生時-Hours,發生分,處理別-編號,區序,肇事地點,死亡人數,2-30日死亡人數,受傷人數,當事人序號,車種,天候,光線,道路類別,速限-速度限制,道路型態,事故位置,路面狀況1,路面狀況2,路面狀況3,道路障礙1,道路障礙2,號誌1,號誌2,車道劃分-分向,車道劃分-分道1,車道劃分-分道2,車道劃分-分道3,事故類型及型態,性別,年齡,受傷程度,主要傷處,安全帽,行動電話,車輛用途,當事者行動狀態,駕駛資格情形,駕駛執照種類,飲酒情形,車輛撞擊部位1,車輛撞擊部位2,肇因碼-個別,肇因碼-主要,個人肇逃否,職業,旅次目的,座標-X,座標-Y
111,1,24,12,30,2,09北投區,北投區行義路10巷7號,0,0,1,2,H01,6,1,5,30,14,9,1,4,4,5,7,4,4,10,5,5,1,2,2,65,2,9,4,5,8,16,8,20,1,16,,53,23,1,22,9,121.5265718,25.12436198
111,1,24,13,32,2,10文山區,文山區興隆路1段225號,0,0,2,1,C03,7,1,5,50,14,9,1,5,4,5,7,4,4,1,4,5,2,12,1,21,2,7,1,1,7,9,1,10,2,12,,13,13,1,22,9,121.5436693,25.00012273
111,1,24,13,32,2,10文山區,文山區興隆路1段225號,0,0,2,2,C03,7,1,5,50,14,9,1,5,4,5,7,4,4,1,4,5,2,12,2,52,2,8,1,1,7,7,1,10,2,14,,7,13,1,22,9,121.5436693,25.00012273
111,1,24,13,45,2,03中山區,中山區民族東路與建國北路3段113巷口,0,0,2,2,C03,7,1,5,0,3,2,1,5,4,5,7,1,1,10,4,4,2,17,1,19,2,9,2,4,7,9,1,10,1,14,,43,43,1,22,9,121.5366357,25.06825654
111,1,24,13,45,2,03中山區,中山區民族東路與建國北路3段113巷口,0,0,2,3,H02,7,1,5,0,3,2,1,5,4,5,7,1,1,10,4,4,2,17,1,18,2,9,1,5,7,20,8,20,10,16,,67,43,1,22,9,121.5366357,25.06825654
111,1,24,13,45,2,03中山區,中山區民族東路與建國北路3段113巷口,0,0,2,1,B03,7,1,5,0,3,2,1,5,4,5,7,1,1,10,4,4,2,17,4,,4,11,3,4,7,15,7,19,11,15,,43,43,2,22,9,121.5366357,25.06825654
111,1,24,13,45,2,04大安區,大安區市民大道3段與八德路2段口,0,0,2,1,C03,7,1,5,40,4,1,1,5,4,5,7,1,1,1,4,5,2,16,2,36,2,9,1,1,7,8,1,10,1,12,,7,7,1,22,9,121.5344472,25.04488793
111,1,24,13,45,2,04大安區,大安區市民大道3段與八德路2段口,0,0,2,2,C03,7,1,5,40,4,1,1,5,4,5,7,1,1,1,4,5,2,16,2,30,2,9,2,1,7,9,1,10,1,14,,44,7,1,22,9,121.5344472,25.04488793
111,1,24,13,45,2,09北投區,北投區實踐街54號,0,0,1,1,B03,8,1,5,50,14,9,1,5,4,5,7,4,4,9,4,5,2,9,2,20,3,10,3,4,7,9,1,8,9,5,,43,43,1,22,9,121.5095888,25.1151651
111,1,24,13,45,2,09北投區,北投區實踐街54號,0,0,1,2,H01,8,1,5,50,14,9,1,5,4,5,7,4,4,9,4,5,2,9,2,14,2,7,4,5,8,16,8,20,10,16,,67,43,1,22,9,121.5095888,25.1151651
111,1,24,14,50,2,12內湖區,內湖區堤頂大道2段293號,0,0,1,1,B11,7,1,5,50,14,9,1,5,4,5,7,4,4,1,5,5,2,16,1,27,3,10,1,1,7,8,1,2,1,5,,7,7,1,22,9,121.5651737,25.07857241
111,1,24,14,50,2,12內湖區,內湖區堤頂大道2段293號,0,0,1,2,C03,7,1,5,50,14,9,1,5,4,5,7,4,4,1,5,5,2,16,1,21,2,9,1,1,7,9,1,10,1,14,,23,7,1,22,9,121.5651737,25.07857241
111,1,24,15,55,2,12內湖區,內湖區星雲街161巷與金湖路65巷口,0,0,1,1,B01,8,1,5,30,4,1,1,5,4,3,5,4,4,10,5,5,2,15,1,59,3,10,1,1,7,9,1,4,2,1,,13,13,1,22,9,121.5961945,25.0813803
111,1,24,15,55,2,12內湖區,內湖區星雲街161巷與金湖路65巷口,0,0,1,2,C03,8,1,5,30,4,1,1,5,4,3,5,4,4,10,5,5,2,15,1,21,2,9,1,1,7,9,1,10,2,12,,6,13,1,22,9,121.5961945,25.0813803
111,1,24,15,55,2,12內湖區,內湖區星雲街161巷與金湖路65巷口,0,0,1,3,B12,8,1,5,30,4,1,1,5,4,3,5,4,4,10,5,5,2,15,1,46,3,10,1,1,7,14,1,8,9,15,,38,13,1,22,9,121.5961945,25.0813803
111,1,24,15,56,2,11南港區,南港區南港路1段與惠民街口,0,0,1,1,B12,6,1,5,30,3,2,1,4,4,5,6,2,1,5,4,5,2,9,1,21,3,10,1,4,7,5,1,8,2,8,,15,15,1,22,9,121.610576,25.0548289
111,1,24,15,56,2,11南港區,南港區南港路1段與惠民街口,0,0,1,2,H01,6,1,5,30,3,2,1,4,4,5,6,2,1,5,4,5,2,9,1,88,2,9,4,5,8,16,8,20,10,16,,67,15,1,22,9,121.610576,25.0548289
111,1,24,16,20,2,12內湖區,內湖區瑞光路與陽光街口,0,0,1,1,C03,7,1,5,50,4,1,1,5,4,5,7,1,1,5,5,5,2,16,1,25,2,9,1,1,7,5,1,10,1,14,,8,8,1,22,9,121.5791768,25.0737525
111,1,24,16,20,2,12內湖區,內湖區瑞光路與陽光街口,0,0,1,2,B02,7,1,5,50,4,1,1,5,4,5,7,1,1,5,5,5,2,16,1,45,3,10,1,1,7,5,1,8,1,5,,44,8,1,22,9,121.5791768,25.0737525
111,1,24,16,26,2,02萬華區,萬華區西園路2段217號,0,0,1,1,C03,7,1,5,50,14,9,1,5,4,5,7,4,4,1,5,5,2,17,1,62,2,9,1,1,7,12,1,10,2,12,,43,43,1,22,9,121.4941939,25.0271976
111,1,24,16,26,2,02萬華區,萬華區西園路2段217號,0,0,1,2,B01,7,1,5,50,14,9,1,5,4,5,7,4,4,1,5,5,2,17,1,62,3,10,1,1,7,8,1,4,2,15,,42,43,1,22,9,121.4941939,25.0271976
111,1,24,16,26,2,02萬華區,萬華區西園路2段217號,0,0,1,3,,7,1,5,50,14,9,1,5,4,5,7,4,4,1,5,5,2,17,3,,,,,,,,,,,,,67,43,1,,,121.4941939,25.0271976
111,1,24,16,45,2,04大安區,大安區復興南路2段193巷與復興南路2段口,0,0,1,1,B03,7,3,5,30,4,1,1,5,4,5,7,2,1,1,3,5,2,1,1,78,3,10,3,4,7,5,1,8,1,8,,15,15,1,22,9,121.5434161,25.02647657
111,1,24,16,45,2,04大安區,大安區復興南路2段193巷與復興南路2段口,0,0,1,2,H01,7,3,5,30,4,1,1,5,4,5,7,2,1,1,3,5,2,1,2,42,2,9,4,5,8,16,8,20,1,16,,67,15,1,22,9,121.5434161,25.02647657
111,1,24,17,13,2,03中山區,中山區德惠街與德惠街3巷口,0,0,2,1,C03,6,1,5,30,4,1,1,4,4,5,7,4,4,5,5,5,2,15,2,35,2,9,1,1,7,9,1,10,1,11,,6,6,1,22,9,121.5229732,25.0667296
111,1,24,17,13,2,03中山區,中山區德惠街與德惠街3巷口,0,0,2,2,C03,6,1,5,30,4,1,1,4,4,5,7,4,4,5,5,5,2,15,1,25,2,9,1,1,7,9,1,10,1,14,,30,6,1,22,9,121.5229732,25.0667296
111,1,24,17,14,2,03中山區,中山區民生東路2段146號,0,0,2,1,C03,6,3,5,50,14,9,1,4,4,5,7,4,4,5,4,5,2,17,1,29,2,9,1,1,7,8,1,10,1,11,,7,7,1,22,9,121.5322973,25.05796035
111,1,24,17,14,2,03中山區,中山區民生東路2段146號,0,0,2,2,C03,6,3,5,50,14,9,1,4,4,5,7,4,4,5,4,5,2,17,1,34,2,9,1,1,7,9,1,10,1,11,,44,7,1,22,9,121.5322973,25.05796035
111,1,24,17,26,2,10文山區,文山區辛亥路4段與萬美街2段口口,0,0,2,1,B03,6,1,5,50,3,1,1,4,4,5,7,1,1,1,4,5,2,12,1,53,3,10,1,1,7,8,1,8,2,4,,7,7,1,22,9,121.5580837,25.0061361
111,1,24,17,26,2,10文山區,文山區辛亥路4段與萬美街2段口口,0,0,2,2,C03,6,1,5,50,3,1,1,4,4,5,7,1,1,1,4,5,2,12,1,56,2,9,1,1,7,9,1,10,2,14,,44,7,1,22,9,121.5580837,25.0061361
111,1,24,17,26,2,10文山區,文山區辛亥路4段與萬美街2段口口,0,0,2,3,H02,6,1,5,50,3,1,1,4,4,5,7,1,1,1,4,5,2,12,2,53,2,9,1,5,7,21,8,20,10,16,,67,7,1,22,9,121.5580837,25.0061361
111,1,24,17,40,2,08士林區,士林區故宮路近自強隧道,0,0,2,1,B12,6,2,5,50,14,9,1,4,4,5,7,4,4,3,4,5,1,12,1,51,3,10,1,1,7,9,1,7,2,5,,23,23,1,22,9,121.5484925,25.1023554
111,1,24,17,40,2,08士林區,士林區故宮路近自強隧道,0,0,2,2,C03,6,2,5,50,14,9,1,4,4,5,7,4,4,3,4,5,1,12,2,59,2,7,1,1,7,9,1,10,2,14,,44,23,1,22,9,121.5484925,25.1023554
111,1,24,17,40,2,08士林區,士林區故宮路近自強隧道,0,0,2,3,H02,6,2,5,50,14,9,1,4,4,5,7,4,4,3,4,5,1,12,1,22,2,7,1,5,7,20,8,20,10,16,,67,23,1,22,9,121.5484925,25.1023554
111,1,24,17,55,2,11南港區,南港區八德路4段與成美橋口,0,0,1,1,C03,8,3,5,50,5,1,1,5,4,5,7,2,1,5,4,5,2,16,2,64,2,9,3,4,7,9,1,10,1,14,,2,2,1,22,9,121.5826371,25.05168777
111,1,24,17,55,2,11南港區,南港區八德路4段與成美橋口,0,0,1,2,B03,8,3,5,50,5,1,1,5,4,5,7,2,1,5,4,5,2,16,1,29,3,10,3,4,7,9,1,8,2,2,,44,2,1,22,9,121.5826371,25.05168777
111,1,24,18,0,2,03中山區,中山區龍江路與龍江路295巷口,0,0,1,1,C03,6,3,5,30,4,1,1,4,4,5,7,4,4,9,5,5,2,16,1,32,2,9,1,1,7,5,1,10,1,12,,6,6,1,22,9,121.5407852,25.06066242
111,1,24,18,0,2,03中山區,中山區龍江路與龍江路295巷口,0,0,1,2,B03,6,3,5,30,4,1,1,4,4,5,7,4,4,9,5,5,2,16,1,39,3,10,3,4,7,9,1,8,1,4,,14,6,1,22,9,121.5407852,25.06066242
111,1,24,18,2,2,02萬華區,萬華區西園路1段306巷298號,0,0,1,1,B03,6,3,5,30,14,9,1,4,4,5,7,4,4,10,5,5,2,11,2,54,3,10,3,4,7,9,1,8,1,8,,5,5,1,22,9,121.4988538,25.03344508
111,1,24,18,2,2,02萬華區,萬華區西園路1段306巷298號,0,0,1,2,F01,6,3,5,30,14,9,1,4,4,5,7,4,4,10,5,5,2,11,1,28,2,9,1,1,7,9,8,20,1,16,,5,5,1,22,9,121.4988538,25.03344508
111,1,24,18,15,2,05中正區,中正區忠孝東路2段與金山南路1段口,0,0,1,1,B03,6,3,5,50,4,1,1,4,4,5,7,1,1,10,5,5,2,12,2,45,3,10,1,1,7,6,1,8,2,2,,9,9,1,22,9,121.5299814,25.04319935
111,1,24,18,15,2,05中正區,中正區忠孝東路2段與金山南路1段口,0,0,1,2,C03,6,3,5,50,4,1,1,4,4,5,7,1,1,10,5,5,2,12,1,24,2,8,1,1,7,9,1,10,2,14,,44,9,1,22,9,121.5299814,25.04319935
111,1,24,18,19,2,02萬華區,萬華區康定路與艋舺大道口,0,0,1,1,B03,6,3,5,50,4,2,1,4,4,5,7,2,1,10,5,5,1,12,1,35,3,10,1,4,7,9,1,8,2,2,,44,44,1,22,9,121.5005496,25.03311615
111,1,24,18,19,2,02萬華區,萬華區康定路與艋舺大道口,0,0,1,2,C03,6,3,5,50,4,2,1,4,4,5,7,2,1,10,5,5,1,12,2,46,2,9,1,4,7,7,1,10,2,14,,7,44,1,22,9,121.5005496,25.03311615
111,1,24,18,35,2,01大同區,大同區忠孝西路2段與塔城街口,0,0,2,1,C03,6,3,5,50,4,2,1,4,4,5,7,2,1,5,4,5,1,12,2,52,2,8,1,4,7,6,1,10,1,12,,9,9,1,22,9,121.5099584,25.04829354
111,1,24,18,35,2,01大同區,大同區忠孝西路2段與塔城街口,0,0,2,2,C03,6,3,5,50,4,2,1,4,4,5,7,2,1,5,4,5,1,12,2,28,2,8,1,4,7,9,1,10,1,14,,27,9,1,22,9,121.5099584,25.04829354
111,1,24,18,36,2,08士林區,士林區延平北路6段與社正路口,0,0,1,1,B01,6,3,5,50,3,2,1,4,4,3,5,4,4,5,4,5,2,9,1,64,3,10,3,4,7,6,1,3,1,1,,15,15,1,22,9,121.5089264,25.08806645
111,1,24,18,36,2,08士林區,士林區延平北路6段與社正路口,0,0,1,2,H01,6,3,5,50,3,2,1,4,4,3,5,4,4,5,4,5,2,9,2,48,2,9,4,5,8,16,8,20,10,16,,67,15,1,22,9,121.5089264,25.08806645
111,1,24,18,41,2,01大同區,大同區延平北路2段135巷與延平北路2段口,0,0,1,1,H01,6,3,5,0,4,2,1,4,4,5,7,4,4,10,5,5,2,9,1,62,3,10,4,5,8,18,8,20,10,16,,67,67,1,22,9,121.5115388,25.05767636
111,1,24,18,41,2,01大同區,大同區延平北路2段135巷與延平北路2段口,0,0,1,2,F01,6,3,5,0,4,2,1,4,4,5,7,4,4,10,5,5,2,9,2,68,2,9,1,1,7,1,8,20,1,16,,19,67,1,22,9,121.5115388,25.05767636
111,1,24,18,45,2,07信義區,(吳興街279號前),0,0,1,1,B03,6,3,5,30,14,9,1,4,4,5,7,4,4,4,5,5,1,16,1,39,3,10,1,4,7,1,1,8,1,15,,19,19,1,22,9,121.5641724,25.02653389
111,1,24,18,45,2,07信義區,(吳興街279號前),0,0,1,2,C03,6,3,5,30,14,9,1,4,4,5,7,4,4,4,5,5,1,16,2,54,2,9,1,1,7,6,1,10,1,14,,44,19,1,22,9,121.5641724,25.02653389
111,1,24,18,52,2,03中山區,中山區復興北路與長安東路2段口,0,0,2,1,B01,6,3,5,50,4,2,1,4,4,5,7,1,1,1,4,5,2,13,1,43,3,10,3,4,7,9,1,4,1,1,,23,23,1,22,9,121.5438842,25.04833144
111,1,24,18,52,2,03中山區,中山區復興北路與長安東路2段口,0,0,2,2,B03,6,3,5,50,4,2,1,4,4,5,7,1,1,1,4,5,2,13,1,53,2,9,3,4,7,14,1,8,1,3,,44,23,1,22,9,121.5438842,25.04833144
111,1,24,18,52,2,03中山區,中山區復興北路與長安東路2段口,0,0,2,3,H02,6,3,5,50,4,2,1,4,4,5,7,1,1,1,4,5,2,13,2,26,2,2,4,5,7,17,8,20,10,16,,67,23,1,22,9,121.5438842,25.04833144
111,1,24,19,3,2,12內湖區,內湖區文德路66巷與文德路口口,0,0,1,1,C03,6,3,5,50,4,1,1,4,4,5,7,2,1,1,4,5,2,16,1,19,2,9,1,1,7,9,6,10,11,11,,13,13,1,22,9,121.581351,25.07841925
111,1,24,19,3,2,12內湖區,內湖區文德路66巷與文德路口口,0,0,1,2,B03,6,3,5,50,4,1,1,4,4,5,7,2,1,1,4,5,2,16,1,43,3,10,1,1,7,7,1,8,1,7,,7,13,1,22,9,121.581351,25.07841925
111,1,24,19,5,2,03中山區,中山區北安路與大直街口,0,0,1,1,B03,6,3,5,50,4,1,1,4,4,5,7,1,1,1,4,5,2,16,1,30,3,10,1,1,7,5,1,8,1,1,,6,6,1,22,9,121.5493715,25.0841138
111,1,24,19,5,2,03中山區,中山區北安路與大直街口,0,0,1,2,C03,6,3,5,50,4,1,1,4,4,5,7,1,1,1,4,5,2,16,1,25,2,9,1,1,7,9,1,10,1,14,,44,6,1,22,9,121.5493715,25.0841138
111,1,24,19,22,2,01大同區,大同區重慶北路3段113巷與重慶北路3段口口,0,0,1,1,B11,8,3,5,50,4,2,1,5,4,5,7,1,1,5,5,5,2,12,1,42,3,10,1,1,7,1,1,8,1,5,,23,23,1,22,9,121.5138092,25.06725929
111,1,24,19,22,2,01大同區,大同區重慶北路3段113巷與重慶北路3段口口,0,0,1,2,C03,8,3,5,50,4,2,1,5,4,5,7,1,1,5,5,5,2,12,2,49,2,1,1,1,7,1,1,10,1,15,,44,23,1,22,9,121.5138092,25.06725929
111,1,24,19,23,2,05中正區,中正區林森南路地下道,0,0,2,1,C03,6,3,5,50,14,12,1,4,4,5,7,4,4,10,2,5,2,13,2,38,3,10,1,1,7,9,1,10,1,11,,23,23,1,22,1,121.5190313,25.03371891
111,1,24,19,23,2,05中正區,中正區林森南路地下道,0,0,2,2,C03,6,3,5,50,14,12,1,4,4,5,7,4,4,10,2,5,2,13,2,30,2,9,1,1,7,9,1,10,1,13,,44,23,1,22,4,121.5190313,25.03371891
111,1,24,19,23,2,05中正區,中正區林森南路地下道,0,0,2,3,H02,6,3,5,50,14,12,1,4,4,5,7,4,4,10,2,5,2,13,2,60,2,9,1,5,7,20,8,20,10,16,,67,23,1,20,9,121.5190313,25.03371891
111,1,24,19,26,2,09北投區,北投區明德路293號,0,0,1,1,C03,7,3,5,50,15,9,1,4,4,5,7,3,1,9,4,5,2,17,1,21,2,9,3,4,7,9,1,10,1,14,,16,16,1,22,9,121.521511,25.1151427
111,1,24,19,26,2,09北投區,北投區明德路293號,0,0,1,2,C04,7,3,5,50,15,9,1,4,4,5,7,3,1,9,4,5,2,17,2,70,3,10,3,4,7,11,1,11,1,15,,16,16,1,22,9,121.521511,25.1151427
111,1,24,19,31,2,01大同區,大同區雙連街與雙連街53巷口口,0,0,2,1,C03,7,3,5,30,4,1,1,4,4,5,7,4,4,10,5,5,1,16,2,63,2,8,1,1,7,9,1,10,1,13,,6,6,1,22,9,121.5189683,25.05923594
111,1,24,19,31,2,01大同區,大同區雙連街與雙連街53巷口口,0,0,2,2,C03,7,3,5,30,4,1,1,4,4,5,7,4,4,10,5,5,1,16,2,38,2,9,1,1,7,9,1,10,1,11,,13,6,1,22,9,121.5189683,25.05923594
111,1,24,20,0,2,09北投區,北投區大度路1段182燈桿,0,0,1,1,B03,7,3,5,70,14,7,1,5,4,5,7,1,1,1,4,1,1,13,1,36,2,1,1,1,7,9,1,8,1,1,,16,16,1,22,9,121.4929916,25.1216573
111,1,24,20,0,2,09北投區,北投區大度路1段182燈桿,0,0,1,2,B03,7,3,5,70,14,7,1,5,4,5,7,1,1,1,4,1,1,13,1,37,3,10,1,1,7,9,5,8,1,3,,44,16,1,22,9,121.4929916,25.1216573
111,1,24,20,15,2,09北投區,北投區實踐街與實踐街49巷口,0,0,1,1,A12,7,3,5,30,14,9,1,4,4,5,7,4,4,9,5,5,2,12,1,47,3,10,1,1,7,4,1,2,2,2,,1,1,1,22,9,121.509484,25.11524331
111,1,24,20,15,2,09北投區,北投區實踐街與實踐街49巷口,0,0,1,2,C03,7,3,5,30,14,9,1,4,4,5,7,4,4,9,5,5,2,12,2,51,2,9,1,1,7,9,1,10,2,14,,44,1,1,22,9,121.509484,25.11524331
111,1,24,20,39,2,09北投區,北投區中央北路3段40巷34弄21號,0,0,3,1,B03,7,3,5,30,14,9,1,5,4,5,7,4,4,10,5,5,2,17,1,61,3,10,3,4,7,9,1,8,7,2,,21,21,1,22,9,121.4925327,25.13804
111,1,24,20,39,2,09北投區,北投區中央北路3段40巷34弄21號,0,0,3,2,C03,7,3,5,30,14,9,1,5,4,5,7,4,4,10,5,5,2,17,2,37,2,9,3,4,7,14,1,10,2,14,,44,21,1,22,9,121.4925327,25.13804
111,1,24,20,39,2,09北投區,北投區中央北路3段40巷34弄21號,0,0,3,3,C03,7,3,5,30,14,9,1,5,4,5,7,4,4,10,5,5,2,17,2,47,2,9,3,4,7,9,1,10,2,14,,44,21,1,22,9,121.4925327,25.13804
111,1,24,20,39,2,09北投區,北投區中央北路3段40巷34弄21號,0,0,3,4,H02,7,3,5,30,14,9,1,5,4,5,7,4,4,10,5,5,2,17,2,4,2,1,4,5,7,21,8,20,10,16,,67,21,1,22,9,121.4925327,25.13804
111,1,24,20,47,2,06松山區,松山區東興路8號,0,0,1,1,B02,6,3,5,50,14,9,1,4,4,5,7,2,1,9,4,5,2,17,1,25,3,10,1,1,7,6,1,8,1,2,,9,9,1,22,9,121.5653784,25.05004877
111,1,24,20,47,2,06松山區,松山區東興路8號,0,0,1,2,C03,6,3,5,50,14,9,1,4,4,5,7,2,1,9,4,5,2,17,1,41,2,7,1,1,7,9,1,10,1,14,,44,9,1,22,9,121.5653784,25.05004877
111,1,24,21,33,2,10文山區,文山區木新路1段與指南路1段口口,0,0,1,1,B03,6,3,5,50,4,2,1,4,4,5,7,2,1,5,3,5,2,3,1,32,3,10,1,1,7,5,1,8,2,8,,15,15,1,21,1,121.5706609,24.98773584
111,1,24,21,33,2,10文山區,文山區木新路1段與指南路1段口口,0,0,1,2,H01,6,3,5,50,4,2,1,4,4,5,7,2,1,5,3,5,2,3,1,65,2,9,4,5,8,16,8,20,10,16,,67,15,1,22,9,121.5706609,24.98773584
111,1,24,22,14,2,05中正區,中正區中山南路與仁愛路1段口,0,0,1,1,B03,7,3,5,50,14,9,1,5,4,5,7,1,1,4,4,1,2,12,1,26,3,10,1,1,7,9,1,8,1,2,,44,44,1,22,9,121.5180588,25.03939657
111,1,24,22,14,2,05中正區,中正區中山南路與仁愛路1段口,0,0,1,2,C03,7,3,5,50,14,9,1,5,4,5,7,1,1,4,4,1,2,12,1,20,2,7,1,1,7,9,1,10,1,14,,44,44,1,22,9,121.5180588,25.03939657
111,1,24,22,44,2,04大安區,大安區仁愛路4段與仁愛路4段266巷口,0,0,1,1,B03,6,3,5,50,4,1,1,4,4,5,7,2,1,1,4,5,2,17,1,25,3,10,3,4,7,5,1,4,1,8,,6,6,1,22,9,121.5529244,25.03780554
111,1,24,22,44,2,04大安區,大安區仁愛路4段與仁愛路4段266巷口,0,0,1,2,C03,6,3,5,50,4,1,1,4,4,5,7,2,1,1,4,5,2,17,1,26,2,8,3,4,7,9,1,10,1,11,,26,6,1,22,9,121.5529244,25.03780554
111,1,24,23,25,2,11南港區,南港區市民大道8段與忠孝東路7段415巷口口,0,0,2,1,C03,6,3,5,50,4,1,1,4,4,5,7,2,1,5,2,5,2,13,1,24,2,9,1,1,7,9,1,10,2,11,,16,16,1,22,9,121.6088104,25.05352153
111,1,24,23,25,2,11南港區,南港區市民大道8段與忠孝東路7段415巷口口,0,0,2,2,C03,6,3,5,50,4,1,1,4,4,5,7,2,1,5,2,5,2,13,2,60,2,6,1,1,7,21,1,10,2,13,,44,16,1,22,9,121.6088104,25.05352153
111,1,25,0,12,2,05中正區,中正區開封街1段與延平南路口,0,0,2,1,C03,7,3,5,30,4,1,1,5,4,5,7,1,1,10,5,5,2,15,2,29,2,9,1,1,7,9,1,10,2,14,,25,25,1,22,9,121.5107093,25.0459748
111,1,25,0,12,2,05中正區,中正區開封街1段與延平南路口,0,0,2,2,C03,7,3,5,30,4,1,1,5,4,5,7,1,1,10,5,5,2,15,2,20,2,9,1,1,7,9,1,10,2,11,,44,25,1,22,9,121.5107093,25.0459748
111,1,25,0,50,2,12內湖區,內湖區康樂街白馬山莊旁,0,0,1,1,B03,7,3,5,50,3,1,1,4,4,5,7,4,4,9,5,5,2,17,1,67,4,11,3,4,7,15,7,19,11,15,,4,4,2,22,9,121.6228514,25.07714004
111,1,25,0,50,2,12內湖區,內湖區康樂街白馬山莊旁,0,0,1,2,C03,7,3,5,50,3,1,1,4,4,5,7,4,4,9,5,5,2,17,1,18,2,9,1,1,7,6,1,10,2,15,,42,4,1,22,9,121.6228514,25.07714004
111,1,25,5,0,2,12內湖區,內湖區舊宗路1段與行善路口口,0,0,3,1,C03,8,3,5,50,14,9,1,5,4,5,7,2,1,9,4,4,2,12,1,34,2,8,1,1,7,9,1,10,2,11,,23,23,1,22,9,121.5801901,25.0589177
111,1,25,5,0,2,12內湖區,內湖區舊宗路1段與行善路口口,0,0,3,2,C03,8,3,5,50,14,9,1,5,4,5,7,2,1,9,4,4,2,12,2,40,2,8,1,1,7,3,1,10,2,13,,44,23,1,22,9,121.5801901,25.0589177
111,1,25,5,0,2,12內湖區,內湖區舊宗路1段與行善路口口,0,0,3,3,C03,8,3,5,50,14,9,1,5,4,5,7,2,1,9,4,4,2,12,2,49,2,8,1,1,7,9,1,10,2,11,,23,23,1,22,9,121.5801901,25.0589177
111,1,25,5,0,2,12內湖區,內湖區舊宗路1段與行善路口口,0,0,3,4,E03,8,3,5,50,14,9,1,5,4,5,7,2,1,9,4,4,2,12,1,50,3,10,1,1,7,9,1,8,1,15,,44,23,1,22,9,121.5801901,25.0589177
111,1,25,5,0,2,12內湖區,內湖區舊宗路1段與行善路口口,0,0,3,5,B03,8,3,5,50,14,9,1,5,4,5,7,2,1,9,4,4,2,12,2,50,3,10,1,1,7,9,1,8,1,15,,44,23,1,22,9,121.5801901,25.0589177
111,1,25,5,54,2,12內湖區,內湖區內湖路1段390號,0,0,1,1,B01,8,3,5,50,14,9,1,5,4,5,7,1,1,1,4,4,2,5,2,70,3,10,1,1,7,7,1,4,2,1,,23,23,1,22,9,121.5726283,25.08086024
111,1,25,5,54,2,12內湖區,內湖區內湖路1段390號,0,0,1,2,H01,8,3,5,50,14,9,1,5,4,5,7,1,1,1,4,4,2,5,1,35,2,3,4,5,8,17,8,20,10,16,,54,23,1,22,9,121.5726283,25.08086024
111,1,25,6,4,2,01大同區,大同區民權西路與蘭州街口(加油站前),0,0,2,1,H01,8,3,5,0,14,9,1,5,4,5,7,4,4,10,4,5,2,3,2,83,2,9,4,5,8,16,8,20,10,16,,51,51,1,22,9,121.5142264,25.06290152
111,1,25,6,4,2,01大同區,大同區民權西路與蘭州街口(加油站前),0,0,2,2,C03,8,3,5,0,14,9,1,5,4,5,7,4,4,10,4,5,2,3,1,39,2,9,1,1,7,9,1,10,2,11,,23,51,1,22,9,121.5142264,25.06290152
111,1,25,6,30,2,03中山區,中山區長安東路1段52巷與長安東路1段口,0,0,2,1,C03,8,1,5,50,4,1,1,5,4,5,7,2,1,10,5,5,2,16,1,56,2,7,1,1,7,5,1,10,1,11,,6,6,1,22,9,121.5279738,25.04784232
111,1,25,6,30,2,03中山區,中山區長安東路1段52巷與長安東路1段口,0,0,2,2,C03,8,1,5,50,4,1,1,5,4,5,7,2,1,10,5,5,2,16,1,36,2,8,1,1,7,9,1,10,1,11,,44,6,1,22,9,121.5279738,25.04784232
111,1,25,6,40,2,01大同區,大同區台北橋往三重機車道,0,0,2,1,C03,7,1,7,50,14,11,1,5,4,5,7,4,4,9,4,5,2,17,2,29,2,9,1,1,7,7,1,10,1,14,,17,17,1,22,9,121.5085897,25.06351484
111,1,25,6,40,2,01大同區,大同區台北橋往三重機車道,0,0,2,2,C03,7,1,7,50,14,11,1,5,4,5,7,4,4,9,4,5,2,17,2,28,2,9,1,1,7,9,1,10,1,11,,17,17,1,22,9,121.5085897,25.06351484
111,1,25,7,24,2,05中正區,中正區和平西路1段134號,0,0,1,1,B03,8,1,5,50,14,9,1,5,4,5,7,4,4,3,4,5,2,12,1,41,3,10,1,1,7,9,1,8,2,5,,17,17,1,22,9,121.5165447,25.02705995
111,1,25,7,24,2,05中正區,中正區和平西路1段134號,0,0,1,3,C03,8,1,5,50,14,9,1,5,4,5,7,4,4,3,4,5,2,12,2,67,2,9,1,1,7,9,1,10,2,14,,44,17,1,22,9,121.5165447,25.02705995
111,1,25,7,24,2,05中正區,中正區和平西路1段134號,0,0,1,2,C03,8,1,5,50,14,9,1,5,4,5,7,4,4,3,4,5,2,12,2,51,3,10,1,1,7,7,1,10,2,13,,7,17,1,22,9,121.5165447,25.02705995
111,1,25,7,24,2,05中正區,中正區和平西路1段134號,0,0,1,4,H02,8,1,5,50,14,9,1,5,4,5,7,4,4,3,4,5,2,12,2,19,4,11,1,5,7,20,8,20,10,16,,67,17,1,22,9,121.5165447,25.02705995
111,1,25,7,25,2,10文山區,文山區木柵路5段67號旁,0,0,1,1,C03,7,1,5,40,14,9,1,4,4,5,7,4,4,10,5,5,2,10,1,29,3,10,3,4,7,9,1,10,2,11,,5,5,1,22,9,121.5897074,25.00193429