發生年度,發生月,發生日,發生時-Hours,發生分,處理別-編號,區序,肇事地點,死亡人數,2-30日死亡人數,受傷人數,當事人序號,車種,天候,光線,道路類別,速限-速度限制,道路型態,事故位置,路面狀況1,路面狀況2,路面狀況3,道路障礙1,道路障礙2,號誌1,號誌2,車道劃分-分向,車道劃分-分道1,車道劃分-分道2,車道劃分-分道3,事故類型及型態,性別,年齡,受傷程度,主要傷處,安全帽,行動電話,車輛用途,當事者行動狀態,駕駛資格情形,駕駛執照種類,飲酒情形,車輛撞擊部位1,車輛撞擊部位2,肇因碼-個別,肇因碼-主要,個人肇逃否,職業,旅次目的,座標-X,座標-Y
111,1,25,7,25,2,10文山區,文山區木柵路5段67號旁,0,0,1,2,C03,7,1,5,40,14,9,1,4,4,5,7,4,4,10,5,5,2,10,2,43,2,9,3,4,7,9,1,10,2,11,,13,5,1,22,9,121.5897074,25.00193429
111,1,25,7,35,2,12內湖區,內湖區成功路3段方濟中學公車亭,0,0,3,1,C03,8,1,5,40,14,9,1,5,4,5,7,4,4,1,4,5,2,12,2,46,2,9,1,1,7,9,1,10,1,11,,16,16,1,22,9,121.5899813,25.07715208
111,1,25,7,35,2,12內湖區,內湖區成功路3段方濟中學公車亭,0,0,3,2,C03,8,1,5,40,14,9,1,5,4,5,7,4,4,1,4,5,2,12,2,41,2,9,1,1,7,14,1,10,1,13,,44,16,1,22,9,121.5899813,25.07715208
111,1,25,7,35,2,12內湖區,內湖區成功路3段方濟中學公車亭,0,0,3,3,C03,8,1,5,40,14,9,1,5,4,5,7,4,4,1,4,5,2,12,2,56,3,10,1,1,7,14,1,10,1,13,,44,16,1,22,9,121.5899813,25.07715208
111,1,25,7,35,2,12內湖區,內湖區成功路3段方濟中學公車亭,0,0,3,4,B12,8,1,5,40,14,9,1,5,4,5,7,4,4,1,4,5,2,12,1,63,3,10,1,1,7,14,1,8,1,3,,44,16,1,22,9,121.5899813,25.07715208
111,1,25,7,35,2,12內湖區,內湖區成功路3段方濟中學公車亭,0,0,3,5,H02,8,1,5,40,14,9,1,5,4,5,7,4,4,1,4,5,2,12,2,5,2,7,1,5,7,21,8,20,10,16,,67,16,1,22,9,121.5899813,25.07715208
111,1,25,8,20,2,03中山區,中山區新生北路2段與錦州街口,0,0,3,1,C03,7,1,5,50,4,1,1,5,4,5,7,1,1,10,4,5,2,16,2,24,2,9,1,1,7,5,1,10,1,14,,8,8,1,22,9,121.5275108,25.06031291
111,1,25,8,20,2,03中山區,中山區新生北路2段與錦州街口,0,0,3,2,C03,7,1,5,50,4,1,1,5,4,5,7,1,1,10,4,5,2,16,1,44,2,9,1,1,7,9,1,10,1,11,,44,8,1,22,9,121.5275108,25.06031291
111,1,25,8,20,2,03中山區,中山區新生北路2段與錦州街口,0,0,3,3,H02,7,1,5,50,4,1,1,5,4,5,7,1,1,10,4,5,2,16,1,17,2,9,1,1,7,20,8,20,10,16,,67,8,1,22,9,121.5275108,25.06031291
111,1,25,8,31,2,09北投區,北投區大度路2段160號燈桿,0,0,2,1,C03,8,1,5,50,14,12,1,5,4,5,7,4,4,1,4,1,2,13,1,47,2,9,1,1,7,9,1,10,1,11,,16,16,1,22,9,121.4854646,25.12182585
111,1,25,8,31,2,09北投區,北投區大度路2段160號燈桿,0,0,2,2,C03,8,1,5,50,14,12,1,5,4,5,7,4,4,1,4,1,2,13,2,32,2,9,1,1,7,9,1,10,1,13,,44,16,1,22,9,121.4854646,25.12182585
111,1,25,8,36,2,11南港區,南港區舊莊街2段300-2號,0,0,1,1,C03,6,1,5,30,14,9,1,4,4,5,6,4,4,10,4,5,2,17,1,18,2,9,1,4,7,9,3,18,2,11,,13,42,1,22,9,121.6616827,25.0246817
111,1,25,8,36,2,11南港區,南港區舊莊街2段300-2號,0,0,1,2,B03,6,1,5,30,14,9,1,4,4,5,6,4,4,10,4,5,2,17,2,47,3,10,1,4,7,9,1,8,2,8,,44,42,1,22,9,121.6616827,25.0246817
111,1,25,8,38,2,03中山區,中山區中山北路4段與北安路口,0,0,2,1,F01,8,1,5,50,3,1,1,5,4,5,7,2,1,1,4,5,2,12,1,65,2,7,3,4,7,8,8,20,1,16,,7,7,1,22,9,121.5269927,25.07661482
111,1,25,8,38,2,03中山區,中山區中山北路4段與北安路口,0,0,2,2,C03,8,1,5,50,3,1,1,5,4,5,7,2,1,1,4,5,2,12,2,39,2,8,3,4,7,9,1,10,1,15,,44,7,1,22,9,121.5269927,25.07661482
111,1,25,8,41,2,06松山區,松山區民權東路3段106巷與民權東路3段口口,0,0,1,1,C01,8,1,5,50,3,2,1,5,4,5,7,4,4,1,4,1,2,12,1,25,3,10,1,4,7,6,1,9,1,11,,44,44,1,22,9,121.5449123,25.06199726
111,1,25,8,41,2,06松山區,松山區民權東路3段106巷與民權東路3段口口,0,0,1,2,C03,8,1,5,50,3,2,1,5,4,5,7,4,4,1,4,1,2,12,2,32,2,9,1,4,7,9,1,10,1,14,,44,44,1,22,9,121.5449123,25.06199726
111,1,25,8,50,2,07信義區,信義區永吉路與中坡北路口,0,0,1,1,B01,8,1,5,50,4,2,1,5,4,5,7,1,1,1,4,4,2,17,1,52,3,10,3,4,7,6,1,4,1,6,,9,9,1,22,9,121.5806406,25.04528052
111,1,25,8,50,2,07信義區,信義區永吉路與中坡北路口,0,0,1,2,C03,8,1,5,50,4,2,1,5,4,5,7,1,1,1,4,4,2,17,1,82,2,9,3,4,7,9,1,10,1,11,,44,9,1,22,9,121.5806406,25.04528052
111,1,25,8,55,2,08士林區,士林區承德路5段南向北 士林監理站公車站,0,0,1,1,C03,8,1,5,40,14,8,1,5,4,5,7,4,4,1,4,4,1,13,2,39,2,9,1,1,7,9,1,10,2,11,,16,16,1,22,9,121.5146709,25.09501588
111,1,25,8,55,2,08士林區,士林區承德路5段南向北 士林監理站公車站,0,0,1,2,C03,8,1,5,40,14,8,1,5,4,5,7,4,4,1,4,4,1,13,1,25,3,10,1,1,7,9,1,10,2,13,,44,16,1,22,9,121.5146709,25.09501588
111,1,25,9,12,2,05中正區,中正區中山北路1段與市民大道1段口,0,0,1,1,C03,8,1,5,40,4,1,1,5,4,5,7,2,1,1,4,1,2,12,1,25,2,9,1,1,7,9,1,10,2,12,,13,13,1,22,9,121.5204928,25.04797514
111,1,25,9,12,2,05中正區,中正區中山北路1段與市民大道1段口,0,0,1,2,C03,8,1,5,40,4,1,1,5,4,5,7,2,1,1,4,1,2,12,1,71,3,10,1,1,7,9,1,10,2,15,,44,13,1,22,9,121.5204928,25.04797514
111,1,25,9,22,2,01大同區,大同區台北橋機車道往東方向,0,0,3,1,C03,8,1,5,40,14,11,1,5,4,5,7,4,4,9,4,1,2,12,1,33,4,11,3,4,7,15,7,19,11,15,,17,17,2,22,9,121.5085154,25.063242
111,1,25,9,22,2,01大同區,大同區台北橋機車道往東方向,0,0,3,2,C03,8,1,5,40,14,11,1,5,4,5,7,4,4,9,4,1,2,12,1,68,2,9,1,1,7,9,1,10,1,14,,17,17,1,22,9,121.5085154,25.063242
111,1,25,9,22,2,01大同區,大同區台北橋機車道往東方向,0,0,3,3,C03,8,1,5,40,14,11,1,5,4,5,7,4,4,9,4,1,2,12,2,26,2,8,1,1,7,9,1,10,1,11,,44,17,1,22,9,121.5085154,25.063242
111,1,25,9,22,2,01大同區,大同區台北橋機車道往東方向,0,0,3,4,C03,8,1,5,40,14,11,1,5,4,5,7,4,4,9,4,1,2,12,1,38,2,7,1,4,7,9,1,10,1,11,,44,17,1,22,9,121.5085154,25.063242
111,1,25,9,25,2,08士林區,士林區中正路與中正路399巷口,0,0,1,1,B03,8,1,5,50,14,9,1,5,4,5,7,4,4,1,4,5,1,16,2,36,3,10,1,1,7,5,1,8,1,5,,8,8,1,22,9,121.5210998,25.09410486
111,1,25,9,25,2,08士林區,士林區中正路與中正路399巷口,0,0,1,2,C03,8,1,5,50,14,9,1,5,4,5,7,4,4,1,4,5,1,16,2,60,2,9,1,1,7,9,1,10,1,14,,44,8,1,22,9,121.5210998,25.09410486
111,1,25,9,27,2,03中山區,中山區龍江路與龍江路298巷口,0,0,1,1,B03,7,1,5,50,3,2,1,5,4,5,7,4,4,5,5,5,2,12,2,32,3,10,1,1,7,6,1,8,1,2,,9,9,1,22,9,121.5407786,25.06186786
111,1,25,9,27,2,03中山區,中山區龍江路與龍江路298巷口,0,0,1,2,C03,7,1,5,50,3,2,1,5,4,5,7,4,4,5,5,5,2,12,1,55,2,9,1,1,7,9,1,10,1,14,,44,9,1,22,9,121.5407786,25.06186786
111,1,25,9,30,2,09北投區,北投區大業路與大業路280巷口,0,0,2,1,B03,8,1,5,50,3,1,1,5,4,5,7,2,1,1,4,4,2,11,1,77,3,10,1,1,7,5,1,8,1,2,,6,6,1,22,9,121.4981192,25.12721391
111,1,25,9,30,2,09北投區,北投區大業路與大業路280巷口,0,0,2,3,H02,8,1,5,50,3,1,1,5,4,5,7,2,1,1,4,4,2,11,2,25,2,9,2,5,7,21,8,20,10,16,,67,6,1,22,9,121.4981192,25.12721391
111,1,25,9,30,2,09北投區,北投區大業路與大業路280巷口,0,0,2,2,C03,8,1,5,50,3,1,1,5,4,5,7,2,1,1,4,4,2,11,1,24,2,9,1,1,7,9,1,10,1,11,,44,6,1,22,9,121.4981192,25.12721391
111,1,25,9,48,2,01大同區,大同區環河北路2段與酒泉街口,0,0,1,1,A31,8,1,5,60,3,1,1,5,4,5,7,2,1,3,5,5,2,16,1,33,3,10,1,1,1,5,1,1,2,8,,25,25,1,22,9,121.5091813,25.072163
111,1,25,9,48,2,01大同區,大同區環河北路2段與酒泉街口,0,0,1,2,B03,8,1,5,60,3,1,1,5,4,5,7,2,1,3,5,5,2,16,1,20,2,7,1,1,7,9,1,8,2,8,,44,25,1,22,9,121.5091813,25.072163
111,1,25,9,48,2,01大同區,大同區環河北路2段與酒泉街口,0,0,1,3,H02,8,1,5,60,3,1,1,5,4,5,7,2,1,3,5,5,2,16,2,25,3,10,1,5,7,20,8,20,10,16,,67,25,1,22,9,121.5091813,25.072163
111,1,25,9,52,2,04大安區,大安區新生南路2段與青田街1巷口,0,0,1,1,B12,8,1,5,30,14,9,1,5,4,5,7,4,4,10,5,5,2,16,1,66,3,10,1,1,7,9,1,8,1,5,,6,6,1,22,9,121.5339368,25.02929921
111,1,25,9,52,2,04大安區,大安區新生南路2段與青田街1巷口,0,0,1,2,F01,8,1,5,30,14,9,1,5,4,5,7,4,4,10,5,5,2,16,2,47,2,8,1,1,7,9,8,20,1,16,,44,6,1,22,9,121.5339368,25.02929921
111,1,25,10,3,2,12內湖區,內湖區民權東路6段與民權東路6段19巷口,0,0,1,1,B03,8,1,5,50,4,2,1,5,4,5,7,1,1,1,4,4,2,12,2,53,3,10,1,1,7,6,1,8,1,2,,6,6,1,22,9,121.5814343,25.06806385
111,1,25,10,3,2,12內湖區,內湖區民權東路6段與民權東路6段19巷口,0,0,1,2,C03,8,1,5,50,4,2,1,5,4,5,7,1,1,1,4,4,2,12,1,44,2,9,1,1,7,9,1,10,1,14,,23,6,1,22,9,121.5814343,25.06806385
111,1,25,10,25,2,03中山區,中山區興安街與遼寧街口,0,0,2,1,C03,8,1,5,50,4,1,1,5,4,5,7,2,1,10,5,5,2,16,2,29,2,9,1,1,7,5,1,10,1,11,,6,6,1,22,9,121.542141,25.0560819
111,1,25,10,25,2,03中山區,中山區興安街與遼寧街口,0,0,2,2,C03,8,1,5,50,4,1,1,5,4,5,7,2,1,10,5,5,2,16,1,61,2,9,1,1,7,9,1,10,1,11,,44,6,1,22,9,121.542141,25.0560819
111,1,25,10,40,2,04大安區,大安區辛亥路3段與復興南路2段口,0,0,1,1,C03,8,1,5,50,4,2,1,3,4,5,7,1,1,10,4,5,2,17,2,35,2,9,1,1,7,6,1,10,1,12,,43,43,1,22,9,121.543475,25.02147004
111,1,25,10,40,2,04大安區,大安區辛亥路3段與復興南路2段口,0,0,1,2,A41,8,1,5,50,4,2,1,3,4,5,7,1,1,10,4,5,2,17,4,,4,11,3,4,7,15,7,19,11,15,,43,43,2,22,9,121.543475,25.02147004
111,1,25,11,5,2,12內湖區,內湖區行善路與新湖二路口,0,0,1,1,B03,8,1,5,50,4,1,1,5,4,5,7,2,1,3,2,5,2,12,2,40,3,10,1,1,7,6,1,8,2,5,,9,9,1,22,9,121.5855962,25.06493908
111,1,25,11,5,2,12內湖區,內湖區行善路與新湖二路口,0,0,1,2,C03,8,1,5,50,4,1,1,5,4,5,7,2,1,3,2,5,2,12,2,33,2,9,1,1,7,9,1,10,2,11,,26,9,1,22,9,121.5855962,25.06493908
111,1,25,11,35,2,01大同區,大同區延平北路3段與延平北路3段113巷口,0,0,1,1,B02,8,1,5,50,4,1,1,5,4,5,7,2,1,9,4,5,2,16,1,64,3,10,1,1,7,5,1,8,1,5,,6,6,1,22,9,121.510878,25.06827453
111,1,25,11,35,2,01大同區,大同區延平北路3段與延平北路3段113巷口,0,0,1,2,C03,8,1,5,50,4,1,1,5,4,5,7,2,1,9,4,5,2,16,1,32,2,9,1,1,7,9,1,10,1,11,,44,6,1,22,9,121.510878,25.06827453
111,1,25,11,35,2,03中山區,中山區長安東路1段131-4號,0,0,1,1,C03,8,1,5,50,14,9,1,5,4,5,7,4,4,5,4,5,2,16,2,32,2,9,1,1,7,9,1,10,1,14,,17,17,1,22,9,121.5363052,25.04842238
111,1,25,11,35,2,03中山區,中山區長安東路1段131-4號,0,0,1,2,B11,8,1,5,50,14,9,1,5,4,5,7,4,4,5,4,5,2,16,1,25,3,10,3,4,7,9,1,4,1,2,,17,17,1,22,9,121.5363052,25.04842238
111,1,25,11,35,2,03中山區,中山區長安東路1段131-4號,0,0,1,3,B03,8,1,5,50,14,9,1,5,4,5,7,4,4,5,4,5,2,16,1,44,3,10,3,4,7,14,1,8,1,4,,44,17,1,22,9,121.5363052,25.04842238
111,1,25,11,47,2,08士林區,士林區天母西路與天母西路50巷口,0,0,1,1,B01,8,1,5,50,4,1,1,5,4,5,7,4,4,5,5,5,2,16,1,35,3,10,1,1,7,5,1,4,1,1,,6,6,1,22,9,121.5248554,25.1184831
111,1,25,11,47,2,08士林區,士林區天母西路與天母西路50巷口,0,0,1,2,C03,8,1,5,50,4,1,1,5,4,5,7,4,4,5,5,5,2,16,1,27,2,9,1,1,7,9,1,10,1,14,,44,6,1,22,9,121.5248554,25.1184831
111,1,25,12,0,2,02萬華區,萬華區萬大路423巷與萬大路423巷10弄口,0,0,1,1,C03,8,1,5,50,3,1,1,5,4,5,7,4,4,9,5,5,2,16,1,27,3,10,1,1,7,9,1,10,1,12,,44,44,1,22,9,121.4991896,25.02135535
111,1,25,12,0,2,02萬華區,萬華區萬大路423巷與萬大路423巷10弄口,0,0,1,2,C03,8,1,5,50,3,1,1,5,4,5,7,4,4,9,5,5,2,16,2,64,2,9,1,1,7,5,1,10,1,11,,44,44,1,22,9,121.4991896,25.02135535
111,1,25,12,10,2,04大安區,大安區安和路2段與無名巷口(遠東飯店旁),0,0,1,1,B03,8,1,5,50,3,1,1,5,4,5,7,3,1,1,5,5,2,16,1,78,3,10,1,1,7,6,1,8,1,2,,9,9,1,22,9,121.5497728,25.02689373
111,1,25,12,10,2,04大安區,大安區安和路2段與無名巷口(遠東飯店旁),0,0,1,2,C03,8,1,5,50,3,1,1,5,4,5,7,3,1,1,5,5,2,16,2,21,2,8,1,1,7,9,1,10,1,14,,23,9,1,22,9,121.5497728,25.02689373
111,1,25,12,30,2,09北投區,北投區中和街458巷與中和街口,0,0,1,1,B12,8,1,5,50,3,1,1,5,4,5,7,4,4,5,4,5,2,13,1,25,3,10,3,4,7,9,1,10,2,1,,16,16,1,22,9,121.4961494,25.14491459
111,1,25,12,30,2,09北投區,北投區中和街458巷與中和街口,0,0,1,2,C03,8,1,5,50,3,1,1,5,4,5,7,4,4,5,4,5,2,13,1,80,2,9,3,4,7,12,1,10,2,13,,44,16,1,22,9,121.4961494,25.14491459
111,1,25,12,37,2,03中山區,中山區民權東路2段與吉林路口,0,0,1,1,C03,8,1,5,50,4,1,1,5,4,5,7,2,1,10,5,5,2,15,1,66,2,3,1,1,7,9,1,10,2,11,,25,25,1,22,9,121.5303711,25.06247683
111,1,25,12,37,2,03中山區,中山區民權東路2段與吉林路口,0,0,1,2,C03,8,1,5,50,4,1,1,5,4,5,7,2,1,10,5,5,2,15,1,18,3,10,3,4,7,1,1,10,2,14,,44,25,1,22,9,121.5303711,25.06247683
111,1,25,13,6,2,03中山區,中山區民權東路3段35號,0,0,2,1,C03,8,1,5,50,14,9,1,5,4,5,7,4,4,1,4,5,2,16,1,18,2,9,1,4,7,9,1,10,1,11,,16,16,1,22,9,121.5420315,25.06246672
111,1,25,13,6,2,03中山區,中山區民權東路3段35號,0,0,2,2,C03,8,1,5,50,14,9,1,5,4,5,7,4,4,1,4,5,2,16,2,43,2,9,1,4,7,8,4,10,1,13,,7,16,1,22,9,121.5420315,25.06246672
111,1,25,13,30,2,09北投區,北投區紗帽路No.112燈桿前,0,0,1,1,C03,8,1,5,50,11,9,1,5,4,5,7,4,4,5,5,5,1,17,1,20,2,9,1,1,7,9,1,10,2,11,,4,4,1,22,9,121.5443255,25.1422524
111,1,25,13,30,2,09北投區,北投區紗帽路No.112燈桿前,0,0,1,2,B03,8,1,5,50,11,9,1,5,4,5,7,4,4,5,5,5,1,17,1,57,3,10,1,1,7,9,1,8,2,5,,44,4,1,22,9,121.5443255,25.1422524
111,1,25,13,40,2,08士林區,士林區德行東路132巷與德行東路132巷3弄口,0,0,2,1,C03,8,1,5,30,4,1,1,5,4,5,7,4,4,10,5,5,2,15,1,34,2,9,1,1,7,9,1,10,1,11,,6,6,1,22,9,121.5292406,25.107469
111,1,25,13,40,2,08士林區,士林區德行東路132巷與德行東路132巷3弄口,0,0,2,2,C03,8,1,5,30,4,1,1,5,4,5,7,4,4,10,5,5,2,15,1,24,2,9,1,1,7,9,1,10,1,11,,13,6,1,22,9,121.5292406,25.107469
111,1,25,13,45,2,07信義區,信義區松高路與松仁路口,0,0,1,1,C03,8,1,5,50,4,1,1,5,4,5,7,2,1,10,5,5,2,17,1,18,3,10,1,1,7,5,3,18,1,14,,8,8,1,22,9,121.5685761,25.03908771
111,1,25,13,45,2,07信義區,信義區松高路與松仁路口,0,0,1,2,C03,8,1,5,50,4,1,1,5,4,5,7,2,1,10,5,5,2,17,1,25,2,9,1,1,7,9,1,10,1,11,,44,8,1,22,9,121.5685761,25.03908771
111,1,25,14,0,2,12內湖區,內湖區洲子街70號,0,0,2,1,C03,8,1,5,50,14,9,1,5,4,5,7,4,4,9,5,5,2,16,1,49,2,8,1,1,7,11,1,10,2,12,,10,10,1,22,9,121.5720302,25.07966127
111,1,25,14,0,2,12內湖區,內湖區洲子街70號,0,0,2,2,C03,8,1,5,50,14,9,1,5,4,5,7,4,4,9,5,5,2,16,2,33,2,8,1,1,7,9,1,10,2,11,,44,10,1,22,9,121.5720302,25.07966127
111,1,25,14,0,2,11南港區,南港區重陽路125巷與重陽路口,0,0,1,1,B03,7,1,5,50,3,1,1,5,4,5,6,2,1,9,2,4,2,17,1,44,3,10,1,4,7,5,1,8,1,8,,6,6,1,22,9,121.5979666,25.0569353
111,1,25,14,0,2,11南港區,南港區重陽路125巷與重陽路口,0,0,1,2,C03,7,1,5,50,3,1,1,5,4,5,6,2,1,9,2,4,2,17,1,24,2,9,1,4,7,9,1,10,9,11,,44,6,1,22,9,121.5979666,25.0569353
111,1,25,14,0,2,11南港區,南港區重陽路125巷與重陽路口,0,0,1,3,B03,7,1,5,50,3,1,1,5,4,5,6,2,1,9,2,4,2,17,2,34,3,10,3,4,7,13,7,19,11,3,,65,6,1,22,9,121.5979666,25.0569353
111,1,25,14,10,2,05中正區,中正區徐州路1號,0,0,1,1,C03,8,1,5,50,15,7,1,5,4,5,7,4,4,10,5,5,2,16,2,60,2,5,1,1,7,1,1,10,2,12,,19,19,1,22,9,121.5187728,25.04185185
111,1,25,14,10,2,05中正區,中正區徐州路1號,0,0,1,2,B01,8,1,5,50,15,7,1,5,4,5,7,4,4,10,5,5,2,16,1,65,3,10,1,1,7,9,1,8,2,8,,23,19,1,22,9,121.5187728,25.04185185
111,1,25,14,20,2,06松山區,松山區市民大道6段與松山路口,0,0,1,1,C03,8,1,5,40,4,1,1,5,4,5,7,1,1,1,4,5,2,16,2,24,2,9,1,1,7,5,1,10,1,14,,8,8,1,22,9,121.5778239,25.04953151
111,1,25,14,20,2,06松山區,松山區市民大道6段與松山路口,0,0,1,2,C03,8,1,5,40,4,1,1,5,4,5,7,1,1,1,4,5,2,16,1,30,3,10,1,1,7,9,1,10,1,12,,44,8,1,22,9,121.5778239,25.04953151
111,1,25,14,30,2,03中山區,中山區南京東路2段與建國北路2段口,0,0,3,1,C03,7,1,5,50,4,1,1,5,4,5,7,2,1,4,3,5,2,13,1,43,2,9,3,4,7,9,1,10,1,11,,16,16,1,22,9,121.5367127,25.05211649
111,1,25,14,30,2,03中山區,中山區南京東路2段與建國北路2段口,0,0,3,2,C03,7,1,5,50,4,1,1,5,4,5,7,2,1,4,3,5,2,13,1,27,2,9,3,4,7,14,1,10,1,13,,44,16,1,22,9,121.5367127,25.05211649
111,1,25,14,30,2,03中山區,中山區南京東路2段與建國北路2段口,0,0,3,3,H02,7,1,5,50,4,1,1,5,4,5,7,2,1,4,3,5,2,13,2,46,2,9,3,5,7,20,8,20,10,16,,67,16,1,22,9,121.5367127,25.05211649
111,1,25,14,42,2,03中山區,中山區市民大道2段與林森北路口,0,0,3,1,C03,8,1,5,40,4,2,1,5,4,5,7,1,1,1,4,5,2,16,1,18,2,9,1,1,7,8,1,10,1,12,,7,7,1,22,9,121.5241924,25.04791086
111,1,25,14,42,2,03中山區,中山區市民大道2段與林森北路口,0,0,3,2,C03,8,1,5,40,4,2,1,5,4,5,7,1,1,1,4,5,2,16,1,20,2,9,1,1,7,9,1,10,1,14,,13,7,1,22,9,121.5241924,25.04791086
111,1,25,14,42,2,03中山區,中山區市民大道2段與林森北路口,0,0,3,3,H02,8,1,5,40,4,2,1,5,4,5,7,1,1,1,4,5,2,16,2,19,2,9,1,1,7,20,8,20,1,16,,67,7,1,22,9,121.5241924,25.04791086
111,1,25,14,48,2,07信義區,信義區吳興街487號,0,0,1,1,B03,8,1,5,50,14,9,1,5,4,5,7,4,4,8,3,5,2,17,1,49,3,10,3,4,7,9,1,8,9,15,,43,43,2,22,9,121.569841,25.02348761
111,1,25,14,48,2,07信義區,信義區吳興街487號,0,0,1,2,F01,8,1,5,50,14,9,1,5,4,5,7,4,4,8,3,5,2,17,2,65,2,9,1,1,7,9,8,20,1,16,,43,43,1,22,9,121.569841,25.02348761
111,1,25,14,50,2,08士林區,士林區環河北路3段堤外自行車道,0,0,1,1,F01,8,1,5,30,14,9,1,5,4,5,7,4,4,10,5,5,1,16,1,15,3,10,3,4,7,15,8,20,1,16,,43,43,1,22,9,121.5009575,25.09009026
111,1,25,14,50,2,08士林區,士林區環河北路3段堤外自行車道,0,0,1,2,F01,8,1,5,30,14,9,1,5,4,5,7,4,4,10,5,5,1,16,1,44,2,9,3,4,7,9,8,20,1,16,,43,43,1,22,9,121.5009575,25.09009026
111,1,25,14,51,2,09北投區,北投區大業路與北投路2段口,0,0,1,1,B03,8,1,5,60,4,2,1,5,4,5,7,2,1,1,4,5,2,13,1,75,2,9,1,1,7,9,3,18,1,5,,42,42,1,22,9,121.4961756,25.13423269
111,1,25,14,51,2,09北投區,北投區大業路與北投路2段口,0,0,1,2,B03,8,1,5,60,4,2,1,5,4,5,7,2,1,1,4,5,2,13,2,65,3,10,1,1,7,9,1,8,1,7,,44,42,1,22,9,121.4961756,25.13423269
111,1,25,15,0,2,02萬華區,萬華區西園路2段與西園路2段11巷口口,0,0,2,1,B03,8,1,5,50,3,1,1,5,4,1,7,1,1,10,5,5,2,17,1,76,3,10,3,4,7,6,1,8,1,6,,9,9,1,22,9,121.4974385,25.03195563
111,1,25,15,0,2,02萬華區,萬華區西園路2段與西園路2段11巷口口,0,0,2,2,C03,8,1,5,50,3,1,1,5,4,1,7,1,1,10,5,5,2,17,1,18,2,9,1,4,7,9,1,10,1,11,,44,9,1,22,9,121.4974385,25.03195563
111,1,25,15,0,2,02萬華區,萬華區西園路2段與西園路2段11巷口口,0,0,2,3,H02,8,1,5,50,3,1,1,5,4,1,7,1,1,10,5,5,2,17,2,19,2,9,4,5,7,20,8,20,10,16,,67,9,1,22,9,121.4974385,25.03195563
111,1,25,15,1,2,09北投區,北投區尊賢街302巷與吉利街142巷口,0,0,2,1,C03,8,1,5,30,4,1,1,5,4,5,7,4,4,10,4,5,2,15,2,52,2,9,3,4,7,9,1,10,2,12,,6,6,1,22,9,121.5078042,25.11811055
111,1,25,15,1,2,09北投區,北投區尊賢街302巷與吉利街142巷口,0,0,2,2,B03,8,1,5,30,4,1,1,5,4,5,7,4,4,10,4,5,2,15,1,75,3,10,3,4,7,9,1,8,2,1,,14,6,1,22,9,121.5078042,25.11811055
111,1,25,15,1,2,09北投區,北投區尊賢街302巷與吉利街142巷口,0,0,2,3,H02,8,1,5,30,4,1,1,5,4,5,7,4,4,10,4,5,2,15,2,22,2,9,4,5,7,21,8,20,10,16,,67,6,1,22,9,121.5078042,25.11811055
111,1,25,15,25,2,12內湖區,內湖區潭美街與安康路228巷口,0,0,1,1,B03,8,1,5,40,3,1,1,5,4,5,7,1,1,4,5,5,1,12,1,51,3,10,3,4,7,6,1,8,1,2,,9,9,1,22,9,121.6035695,25.06117926
111,1,25,15,25,2,12內湖區,內湖區潭美街與安康路228巷口,0,0,1,2,C03,8,1,5,40,3,1,1,5,4,5,7,1,1,4,5,5,1,12,1,32,2,8,3,4,7,9,1,10,1,14,,13,9,1,22,9,121.6035695,25.06117926
111,1,25,15,31,2,07信義區,信義區忠孝東路5段423巷與虎林街104巷口,0,0,2,1,F01,8,1,5,30,3,1,1,5,4,5,7,4,4,9,5,5,1,17,2,75,2,9,3,4,7,5,8,20,2,16,,8,8,1,22,9,121.5753905,25.04276406
111,1,25,15,31,2,07信義區,信義區忠孝東路5段423巷與虎林街104巷口,0,0,2,2,C03,8,1,5,30,3,1,1,5,4,5,7,4,4,9,5,5,1,17,1,18,2,8,3,4,7,9,1,10,2,12,,14,8,1,22,9,121.5753905,25.04276406
111,1,25,15,31,2,07信義區,信義區忠孝東路5段423巷與虎林街104巷口,0,0,2,3,,8,1,5,30,3,1,1,5,4,5,7,4,4,9,5,5,1,17,3,,,,,,,,,,,,,67,8,1,,,121.5753905,25.04276406
111,1,25,15,31,2,07信義區,信義區忠孝東路5段423巷與虎林街104巷口,0,0,2,4,,8,1,5,30,3,1,1,5,4,5,7,4,4,9,5,5,1,17,3,,,,,,,,,,,,,67,8,1,,,121.5753905,25.04276406
111,1,25,16,0,2,12內湖區,內湖區內湖路2段與成功路3段174巷口口,0,0,1,1,B03,8,1,5,50,4,1,1,5,4,5,7,2,1,9,5,5,2,3,1,84,3,10,1,1,7,5,1,10,2,8,,15,15,1,22,9,121.5903411,25.08193048
111,1,25,16,0,2,12內湖區,內湖區內湖路2段與成功路3段174巷口口,0,0,1,2,H01,8,1,5,50,4,1,1,5,4,5,7,2,1,9,5,5,2,3,1,55,2,9,4,5,8,16,8,20,10,16,,67,15,1,22,9,121.5903411,25.08193048
111,1,25,16,16,2,07信義區,信義區信義路5段與松仁路口口,0,0,1,1,C03,8,1,5,50,14,9,1,5,4,5,7,2,1,1,2,5,2,16,1,59,2,8,3,4,7,10,1,10,1,14,,7,7,1,22,9,121.5684443,25.03295689