發生年度,發生月,發生日,發生時-Hours,發生分,處理別-編號,區序,肇事地點,死亡人數,2-30日死亡人數,受傷人數,當事人序號,車種,天候,光線,道路類別,速限-速度限制,道路型態,事故位置,路面狀況1,路面狀況2,路面狀況3,道路障礙1,道路障礙2,號誌1,號誌2,車道劃分-分向,車道劃分-分道1,車道劃分-分道2,車道劃分-分道3,事故類型及型態,性別,年齡,受傷程度,主要傷處,安全帽,行動電話,車輛用途,當事者行動狀態,駕駛資格情形,駕駛執照種類,飲酒情形,車輛撞擊部位1,車輛撞擊部位2,肇因碼-個別,肇因碼-主要,個人肇逃否,職業,旅次目的,座標-X,座標-Y
111,1,25,16,16,2,07信義區,信義區信義路5段與松仁路口口,0,0,1,2,B03,8,1,5,50,14,9,1,5,4,5,7,2,1,1,2,5,2,16,2,45,3,10,3,4,7,9,1,8,1,5,,16,7,1,22,9,121.5684443,25.03295689
111,1,25,16,19,2,12內湖區,內湖區行善路與行善路59巷口,0,0,1,2,C03,8,1,5,50,3,2,1,5,4,5,7,3,1,5,5,5,2,15,1,69,3,10,1,1,7,9,3,18,1,12,,14,6,1,22,9,121.5731317,25.06058848
111,1,25,16,19,2,12內湖區,內湖區行善路與行善路59巷口,0,0,1,1,C03,8,1,5,50,3,2,1,5,4,5,7,3,1,5,5,5,2,15,2,25,2,6,1,1,7,9,1,10,1,11,,6,6,1,22,9,121.5731317,25.06058848
111,1,25,16,33,2,02萬華區,萬華區堤外便道市民桂林機車道往北(龍山099燈桿),0,0,1,1,C03,8,1,7,40,14,11,1,5,4,5,7,4,4,10,5,5,2,12,1,59,3,10,3,4,7,4,1,10,1,12,,1,1,1,22,9,121.5046462,25.04789199
111,1,25,16,33,2,02萬華區,萬華區堤外便道市民桂林機車道往北(龍山099燈桿),0,0,1,2,C03,8,1,7,40,14,11,1,5,4,5,7,4,4,10,5,5,2,12,2,44,2,9,3,4,7,9,1,10,1,14,,44,1,1,22,9,121.5046462,25.04789199
111,1,25,16,48,2,08士林區,士林區延平北路7段與延平北路7段106巷口,0,0,2,1,F01,8,1,5,30,3,2,1,5,4,5,7,4,4,5,5,5,2,15,1,41,2,9,1,1,7,9,8,20,1,16,,43,43,1,22,9,121.4971575,25.09693068
111,1,25,16,48,2,08士林區,士林區延平北路7段與延平北路7段106巷口,0,0,2,2,C04,8,1,5,30,3,2,1,5,4,5,7,4,4,5,5,5,2,15,1,20,2,9,1,1,7,9,1,10,1,11,,23,43,1,22,9,121.4971575,25.09693068
111,1,25,16,50,2,12內湖區,內湖區成功路4段與成功路3段174巷口,0,0,1,1,B03,8,1,5,50,4,2,1,5,4,5,7,1,1,1,1,4,1,17,1,35,3,10,3,4,7,15,1,8,1,15,,4,4,1,22,9,121.5907242,25.08086156
111,1,25,16,50,2,12內湖區,內湖區成功路4段與成功路3段174巷口,0,0,1,2,C03,8,1,5,50,4,2,1,5,4,5,7,1,1,1,1,4,1,17,2,24,2,8,3,4,7,9,1,10,1,15,,44,4,1,22,9,121.5907242,25.08086156
111,1,25,16,51,2,05中正區,中正區惠安街7號,0,0,1,1,B03,8,1,5,30,14,9,1,5,4,5,7,4,4,10,5,5,2,16,1,42,3,10,1,1,7,11,1,8,2,5,,10,10,1,22,9,121.5076058,25.02852751
111,1,25,16,51,2,05中正區,中正區惠安街7號,0,0,1,2,C03,8,1,5,30,14,9,1,5,4,5,7,4,4,10,5,5,2,16,2,45,2,9,1,1,7,9,1,10,2,14,,44,10,1,22,9,121.5076058,25.02852751
111,1,25,17,20,2,04大安區,大安區光復南路302號,0,0,1,1,B03,7,3,5,50,14,9,1,5,4,5,7,4,4,1,4,5,2,12,2,62,3,10,3,4,7,9,1,8,1,5,,17,17,1,22,9,121.5575501,25.03921419
111,1,25,17,20,2,04大安區,大安區光復南路302號,0,0,1,2,C03,7,3,5,50,14,9,1,5,4,5,7,4,4,1,4,5,2,12,1,44,2,8,3,4,7,9,1,10,1,14,,17,17,1,22,9,121.5575501,25.03921419
111,1,25,17,34,2,01大同區,大同區台北橋機車道往西方向,0,0,2,1,C03,8,1,5,50,14,11,1,5,4,5,7,4,4,9,4,3,2,12,1,22,2,8,1,4,7,7,1,10,1,14,,7,7,1,22,9,121.5084854,25.06353576
111,1,25,17,34,2,01大同區,大同區台北橋機車道往西方向,0,0,2,2,C03,8,1,5,50,14,11,1,5,4,5,7,4,4,9,4,3,2,12,1,39,3,10,1,4,7,9,1,10,1,12,,44,7,1,22,9,121.5084854,25.06353576
111,1,25,17,34,2,01大同區,大同區台北橋機車道往西方向,0,0,2,3,C03,8,1,5,50,14,11,1,5,4,5,7,4,4,9,4,3,2,12,1,62,2,9,1,4,7,9,1,10,1,11,,16,7,1,22,9,121.5084854,25.06353576
111,1,25,17,34,2,01大同區,大同區台北橋機車道往西方向,0,0,2,4,C03,8,1,5,50,14,11,1,5,4,5,7,4,4,9,4,3,2,12,1,34,3,10,1,4,7,9,1,9,1,13,,44,7,1,22,9,121.5084854,25.06353576
111,1,25,17,40,2,12內湖區,內湖區民權東路6段11巷與舊宗路2段口,0,0,1,1,B03,8,3,5,50,3,2,1,5,4,5,7,2,1,1,4,5,2,3,1,64,3,10,1,1,7,5,1,8,2,1,,15,15,2,22,9,121.5746325,25.06739875
111,1,25,17,40,2,12內湖區,內湖區民權東路6段11巷與舊宗路2段口,0,0,1,2,H01,8,3,5,50,3,2,1,5,4,5,7,2,1,1,4,5,2,3,2,24,2,9,1,1,8,16,8,20,10,16,,67,15,1,22,9,121.5746325,25.06739875
111,1,25,17,52,2,09北投區,北投區承德路6段與福國路口,0,0,1,1,B02,8,1,5,60,4,1,1,5,4,5,7,2,1,1,4,4,2,16,1,21,3,10,1,1,7,6,1,8,1,2,,6,6,1,22,9,121.5125185,25.10157979
111,1,25,17,52,2,09北投區,北投區承德路6段與福國路口,0,0,1,2,C03,8,1,5,60,4,1,1,5,4,5,7,2,1,1,4,4,2,16,1,18,2,9,1,1,7,9,1,10,1,11,,44,6,1,22,9,121.5125185,25.10157979
111,1,25,18,4,2,07信義區,信義區市民大道6段與虎林街口,0,0,1,1,B12,7,3,5,50,4,1,1,5,4,5,7,1,1,5,5,5,1,3,1,48,3,10,3,4,7,5,1,4,2,5,,15,15,1,22,9,121.5760446,25.04917925
111,1,25,18,4,2,07信義區,信義區市民大道6段與虎林街口,0,0,1,2,H01,7,3,5,50,4,1,1,5,4,5,7,1,1,5,5,5,1,3,2,71,2,9,4,5,8,16,8,20,10,16,,67,15,1,22,9,121.5760446,25.04917925
111,1,25,18,13,2,05中正區,中正區館前路77號,0,0,1,1,B01,8,3,5,50,14,9,1,5,4,5,7,4,4,10,4,5,2,13,1,63,3,10,3,1,7,7,1,4,2,1,,23,23,1,5,4,121.5150409,25.04369564
111,1,25,18,13,2,05中正區,中正區館前路77號,0,0,1,2,C03,8,3,5,50,14,9,1,5,4,5,7,4,4,10,4,5,2,13,2,31,2,8,1,1,7,8,1,10,2,13,,44,23,1,22,1,121.5150409,25.04369564
111,1,25,18,20,2,03中山區,中山區林森北路與新生北路2段76巷口,0,0,1,2,H01,7,3,5,50,4,2,1,5,4,5,7,4,4,9,4,5,2,3,2,89,2,9,4,5,8,16,8,20,10,16,,51,15,1,22,9,121.5254918,25.05741326
111,1,25,18,20,2,03中山區,中山區林森北路與新生北路2段76巷口,0,0,1,1,C03,7,3,5,50,4,2,1,5,4,5,7,4,4,9,4,5,2,3,1,59,4,11,3,4,7,15,7,19,11,15,,15,15,2,22,9,121.5254918,25.05741326
111,1,25,18,33,2,02萬華區,萬華區西寧南路50巷13號,0,0,2,1,C03,7,3,5,50,14,9,1,5,4,5,7,4,4,9,5,5,1,11,1,18,2,9,1,1,7,15,1,10,1,12,,42,42,1,22,9,121.5056294,25.04448381
111,1,25,18,33,2,02萬華區,萬華區西寧南路50巷13號,0,0,2,2,C03,7,3,5,50,14,9,1,5,4,5,7,4,4,9,5,5,1,11,1,54,2,9,1,1,7,9,1,10,1,12,,44,42,1,22,9,121.5056294,25.04448381
111,1,25,18,43,2,06松山區,松山區民生東路5段37號,0,0,1,1,B03,8,3,5,50,14,9,1,5,4,5,7,1,1,1,3,5,2,17,2,37,3,10,3,4,7,9,1,8,1,5,,23,23,1,22,9,121.5571663,25.05844729
111,1,25,18,43,2,06松山區,松山區民生東路5段37號,0,0,1,2,C03,8,3,5,50,14,9,1,5,4,5,7,1,1,1,3,5,2,17,1,68,2,9,3,4,7,5,1,10,1,14,,8,23,1,22,9,121.5571663,25.05844729
111,1,25,18,46,2,10文山區,文山區三福街4巷與景興路46巷口,0,0,1,1,B03,8,3,5,30,4,2,1,5,4,5,7,3,1,10,5,5,2,17,2,50,3,10,1,1,7,5,1,8,1,8,,23,23,1,22,9,121.5428174,24.9960938
111,1,25,18,46,2,10文山區,文山區三福街4巷與景興路46巷口,0,0,1,2,C03,8,3,5,30,4,2,1,5,4,5,7,3,1,10,5,5,2,17,2,64,2,9,1,1,7,14,1,10,1,11,,44,23,1,22,9,121.5428174,24.9960938
111,1,25,18,49,2,04大安區,大安區辛亥路2段台大社會科學院停車場出入口,0,0,2,1,C03,7,3,8,0,15,22,1,5,4,5,7,4,4,10,5,5,2,17,2,22,2,9,1,1,7,1,1,10,1,11,,19,19,1,22,9,121.5423846,25.02115318
111,1,25,18,49,2,04大安區,大安區辛亥路2段台大社會科學院停車場出入口,0,0,2,2,F01,7,3,8,0,15,22,1,5,4,5,7,4,4,10,5,5,2,17,1,17,2,9,1,1,7,9,8,20,1,16,,44,19,1,22,9,121.5423846,25.02115318
111,1,25,19,0,2,01大同區,大同區長安西路162號前,0,0,2,1,H01,8,3,5,0,14,7,1,5,4,5,7,4,4,5,4,5,2,3,1,18,2,9,4,5,8,16,8,20,1,16,,53,53,1,22,9,121.5164411,25.0510312
111,1,25,19,0,2,01大同區,大同區長安西路162號前,0,0,2,2,C03,8,3,5,0,14,7,1,5,4,5,7,4,4,5,4,5,2,3,2,35,2,9,1,1,7,9,1,10,1,12,,26,53,1,22,9,121.5164411,25.0510312
111,1,25,19,13,2,05中正區,中正區新生北路1段與市民大道3段口,0,0,1,1,B03,8,3,5,40,4,1,1,5,4,5,7,1,1,1,4,5,2,13,1,30,3,10,1,1,7,9,1,10,2,5,,23,23,1,22,9,121.5326306,25.04535156
111,1,25,19,13,2,05中正區,中正區新生北路1段與市民大道3段口,0,0,1,2,C03,8,3,5,40,4,1,1,5,4,5,7,1,1,1,4,5,2,13,2,26,2,8,1,1,7,9,1,10,2,13,,44,23,1,22,9,121.5326306,25.04535156
111,1,25,19,45,2,01大同區,大同區承德路3段與民族西路口,0,0,1,2,C03,8,3,5,0,4,1,1,5,4,5,7,1,1,1,4,5,2,17,2,46,2,9,1,1,7,9,1,10,1,14,,17,17,1,22,9,121.5183479,25.06854263
111,1,25,19,45,2,01大同區,大同區承德路3段與民族西路口,0,0,1,3,A02,8,3,5,0,4,1,1,5,4,5,7,1,1,1,4,5,2,17,1,56,3,10,1,1,7,9,1,2,1,7,,44,17,1,22,9,121.5183479,25.06854263
111,1,25,19,45,2,01大同區,大同區承德路3段與民族西路口,0,0,1,1,A11,8,3,5,0,4,1,1,5,4,5,7,1,1,1,4,5,2,17,1,46,4,11,3,4,7,15,7,19,11,15,,17,17,2,22,9,121.5183479,25.06854263
111,1,25,19,55,2,12內湖區,內湖區新明路475巷與潭美街口,0,0,1,1,C03,7,3,5,40,3,1,1,5,4,5,7,4,4,9,5,5,2,13,1,39,3,10,1,1,7,9,1,10,1,11,,16,16,1,22,9,121.5801267,25.0537767
111,1,25,19,55,2,12內湖區,內湖區新明路475巷與潭美街口,0,0,1,2,C03,7,3,5,40,3,1,1,5,4,5,7,4,4,9,5,5,2,13,1,30,2,7,1,1,7,9,1,10,1,13,,44,16,1,22,9,121.5801267,25.0537767
111,1,25,20,30,2,03中山區,中山區中山北路2段與中山北路2段27巷口,0,0,1,1,B01,8,3,5,50,3,1,1,5,4,5,7,4,4,1,4,5,2,13,1,69,3,10,3,4,7,15,1,4,1,3,,42,42,1,22,9,121.52279,25.05321083
111,1,25,20,30,2,03中山區,中山區中山北路2段與中山北路2段27巷口,0,0,1,2,C03,8,3,5,50,3,1,1,5,4,5,7,4,4,1,4,5,2,13,2,28,2,9,3,4,7,9,1,10,1,11,,16,42,1,22,9,121.52279,25.05321083
111,1,25,20,35,2,12內湖區,內湖區堤頂大道1段與舊宗路2段口,0,0,1,1,B03,8,3,5,50,3,1,1,5,4,5,7,1,1,1,4,5,1,16,1,33,3,10,1,1,7,9,1,8,1,5,,25,25,1,22,9,121.573206,25.07266621
111,1,25,20,35,2,12內湖區,內湖區堤頂大道1段與舊宗路2段口,0,0,1,2,C02,8,3,5,50,3,1,1,5,4,5,7,1,1,1,4,5,1,16,1,29,2,9,1,1,7,5,7,19,1,12,,25,25,1,22,9,121.573206,25.07266621
111,1,25,20,46,2,04大安區,大安區復興南路2段與復興南路2段308巷口,0,0,2,1,C03,8,3,5,50,14,9,1,5,4,5,7,3,1,1,4,4,2,12,1,29,2,9,1,1,7,6,1,10,1,13,,9,9,1,22,9,121.5433226,25.02368544
111,1,25,20,46,2,04大安區,大安區復興南路2段與復興南路2段308巷口,0,0,2,2,C03,8,3,5,50,14,9,1,5,4,5,7,3,1,1,4,4,2,12,1,41,2,9,1,1,7,9,1,10,1,11,,44,9,1,22,9,121.5433226,25.02368544
111,1,25,20,50,2,12內湖區,內湖區麗山街348巷與麗山街348巷10弄口,0,0,1,1,C03,8,3,5,30,4,1,1,5,4,5,7,4,4,5,2,5,2,12,1,38,3,10,1,1,7,5,1,10,2,14,,8,8,1,22,9,121.5735693,25.08203092
111,1,25,20,50,2,12內湖區,內湖區麗山街348巷與麗山街348巷10弄口,0,0,1,2,C03,8,3,5,30,4,1,1,5,4,5,7,4,4,5,2,5,2,12,2,20,2,8,1,1,7,9,1,10,2,12,,23,8,1,22,9,121.5735693,25.08203092
111,1,25,21,0,2,08士林區,士林區延平北路8段2巷200弄與社子大橋口025燈桿,0,0,2,1,C03,8,3,5,30,3,1,1,5,4,5,7,1,1,9,4,5,1,12,1,42,2,9,1,1,7,11,1,10,2,14,,10,10,1,22,9,121.4939657,25.11103947
111,1,25,21,0,2,08士林區,士林區延平北路8段2巷200弄與社子大橋口025燈桿,0,0,2,2,C03,8,3,5,30,3,1,1,5,4,5,7,1,1,9,4,5,1,12,1,24,2,9,1,1,7,4,1,10,2,11,,13,10,1,22,9,121.4939657,25.11103947
111,1,25,21,6,2,09北投區,北投區自強街與自強街120巷口,0,0,2,1,,8,3,5,50,3,1,1,5,4,3,7,4,4,9,4,5,2,17,4,,4,11,3,4,7,15,7,19,11,15,,43,43,2,22,9,121.5158466,25.110323
111,1,25,21,6,2,09北投區,北投區自強街與自強街120巷口,0,0,2,2,C03,8,3,5,50,3,1,1,5,4,3,7,4,4,9,4,5,2,17,1,21,2,7,3,4,7,9,1,10,1,14,,43,43,1,22,9,121.5158466,25.110323
111,1,25,21,6,2,09北投區,北投區自強街與自強街120巷口,0,0,2,3,B11,8,3,5,50,3,1,1,5,4,3,7,4,4,9,4,5,2,17,1,56,3,10,3,4,7,14,1,8,1,15,,38,43,1,22,9,121.5158466,25.110323
111,1,25,21,6,2,09北投區,北投區自強街與自強街120巷口,0,0,2,4,H03,8,3,5,50,3,1,1,5,4,3,7,4,4,9,4,5,2,17,2,22,2,9,4,5,8,20,8,20,10,16,,67,43,1,22,9,121.5158466,25.110323
111,1,25,21,21,2,02萬華區,萬華區環河南路2段與和平西路3段口,0,0,2,3,C03,7,3,5,50,4,1,1,5,4,5,7,1,1,3,4,5,1,17,2,68,2,8,1,1,7,9,1,10,2,12,,44,6,1,22,9,121.4942839,25.03537656
111,1,25,21,21,2,02萬華區,萬華區環河南路2段與和平西路3段口,0,0,2,1,B03,7,3,5,50,4,1,1,5,4,5,7,1,1,3,4,5,1,17,2,37,3,10,1,1,7,5,1,8,2,5,,6,6,1,22,9,121.4942839,25.03537656
111,1,25,21,21,2,02萬華區,萬華區環河南路2段與和平西路3段口,0,0,2,2,C03,7,3,5,50,4,1,1,5,4,5,7,1,1,3,4,5,1,17,1,18,2,9,1,1,7,9,3,18,2,11,,43,6,1,22,9,121.4942839,25.03537656
111,1,25,21,25,2,05中正區,中正區重慶南路3段與福州街口,0,0,1,1,C03,7,3,5,50,5,1,1,5,4,5,7,1,1,2,4,5,2,16,1,42,2,9,1,1,7,6,1,10,2,12,,23,23,1,22,9,121.5161706,25.02737846
111,1,25,21,25,2,05中正區,中正區重慶南路3段與福州街口,0,0,1,2,C03,7,3,5,50,5,1,1,5,4,5,7,1,1,2,4,5,2,16,1,27,3,10,1,1,7,7,1,10,2,14,,7,23,1,22,9,121.5161706,25.02737846
111,1,25,22,52,1,12內湖區,內湖區環東大道東向西(No.427號燈桿),1,0,0,1,B03,7,3,5,60,10,9,1,5,4,5,1,4,4,2,4,5,2,10,2,41,3,10,1,1,7,9,1,8,2,1,,4,4,1,22,9,121.5910379,25.06114366
111,1,25,22,52,1,12內湖區,內湖區環東大道東向西(No.427號燈桿),1,0,0,2,C02,7,3,5,60,10,9,1,5,4,5,1,4,4,2,4,5,2,10,1,22,1,9,1,4,7,9,1,9,9,11,,13,4,1,22,9,121.5910379,25.06114366
111,1,25,22,52,1,12內湖區,內湖區環東大道東向西(No.427號燈桿),1,0,0,3,B03,7,3,5,60,10,9,1,5,4,5,1,4,4,2,4,5,2,10,1,49,3,10,1,1,7,9,1,8,2,2,,44,4,1,22,9,121.5910379,25.06114366
111,1,25,23,0,2,09北投區,北投區中央北路3段250號,0,0,2,1,C03,8,3,5,50,14,9,1,5,4,5,7,1,1,4,4,5,2,18,2,63,2,9,1,1,7,9,1,10,1,12,,13,13,1,22,9,121.4798885,25.13582928
111,1,25,23,0,2,09北投區,北投區中央北路3段250號,0,0,2,2,,8,3,5,50,14,9,1,5,4,5,7,1,1,4,4,5,2,18,3,,,,,,,,,,,,,67,13,1,,,121.4798885,25.13582928
111,1,25,23,0,2,09北投區,北投區中央北路3段250號,0,0,2,3,H02,8,3,5,50,14,9,1,5,4,5,7,1,1,4,4,5,2,18,2,39,2,9,1,5,7,21,8,20,10,16,,67,13,1,22,9,121.4798885,25.13582928
111,1,25,23,12,2,04大安區,大安區延吉街與仁愛路4段345巷5弄口,0,0,2,1,C03,7,3,5,30,4,1,1,5,4,3,7,4,4,10,4,5,2,15,2,48,2,8,3,4,7,9,1,10,1,14,,6,6,1,22,9,121.5552766,25.03841762
111,1,25,23,12,2,04大安區,大安區延吉街與仁愛路4段345巷5弄口,0,0,2,2,C03,7,3,5,30,4,1,1,5,4,3,7,4,4,10,4,5,2,15,1,24,2,7,3,4,7,9,1,10,1,11,,13,6,1,22,9,121.5552766,25.03841762
111,1,26,0,26,2,05中正區,中正區公園路與貴陽街1段口,0,0,1,1,C03,8,3,5,50,4,1,1,5,4,5,7,1,1,5,4,5,2,29,2,28,2,9,1,1,7,9,1,10,2,12,,43,43,1,22,9,121.5153643,25.03851042
111,1,26,0,26,2,05中正區,中正區公園路與貴陽街1段口,0,0,1,2,,8,3,5,50,4,1,1,5,4,5,7,1,1,5,4,5,2,29,3,,,,,,,,,,,,,67,43,1,,,121.5153643,25.03851042
111,1,26,0,55,2,08士林區,士林區延平北路5段285巷與延平北路5段口,0,0,2,1,C03,8,3,5,50,4,1,1,5,4,5,7,1,1,1,4,1,1,16,2,19,2,7,3,4,7,7,1,10,1,15,,7,7,1,22,9,121.5095766,25.0857487
111,1,26,0,55,2,08士林區,士林區延平北路5段285巷與延平北路5段口,0,0,2,2,C03,8,3,5,50,4,1,1,5,4,5,7,1,1,1,4,1,1,16,2,39,2,8,3,4,7,9,1,10,1,12,,44,7,1,22,9,121.5095766,25.0857487
111,1,26,2,31,2,03中山區,中山區中山北路2段與民權西路口,0,0,3,1,B03,8,3,5,50,4,1,1,5,4,5,7,1,3,1,4,1,2,16,1,26,2,9,1,1,7,5,1,8,2,1,,6,6,1,22,9,121.5225911,25.06259585
111,1,26,2,31,2,03中山區,中山區中山北路2段與民權西路口,0,0,3,2,B03,8,3,5,50,4,1,1,5,4,5,7,1,3,1,4,1,2,16,1,24,2,9,1,1,7,9,1,8,2,1,,23,6,1,22,9,121.5225911,25.06259585
111,1,26,2,31,2,03中山區,中山區中山北路2段與民權西路口,0,0,3,3,H02,8,3,5,50,4,1,1,5,4,5,7,1,3,1,4,1,2,16,1,21,2,9,4,5,7,20,8,20,10,16,,67,6,1,22,9,121.5225911,25.06259585
111,1,26,5,54,2,01大同區,大同區哈密街59巷與哈密街59巷21弄口,0,0,2,1,C03,8,3,5,30,4,1,1,5,4,5,7,4,4,10,5,5,2,17,2,58,2,9,1,1,7,5,4,11,2,14,,8,8,1,22,9,121.5157379,25.0745406
111,1,26,5,54,2,01大同區,大同區哈密街59巷與哈密街59巷21弄口,0,0,2,2,C03,8,3,5,30,4,1,1,5,4,5,7,4,4,10,5,5,2,17,2,22,2,8,1,1,7,9,1,10,2,12,,44,8,1,22,9,121.5157379,25.0745406
111,1,26,6,0,2,02萬華區,萬華區大理街與和平西路3段88巷口,0,0,2,1,C03,8,3,5,30,4,1,1,5,4,5,7,4,4,10,4,5,2,16,1,55,2,5,1,1,7,9,3,18,1,14,,6,6,1,22,9,121.5022587,25.034611
111,1,26,6,0,2,02萬華區,萬華區大理街與和平西路3段88巷口,0,0,2,2,C03,8,3,5,30,4,1,1,5,4,5,7,4,4,10,4,5,2,16,2,47,2,9,1,1,7,9,1,10,1,12,,44,6,1,22,9,121.5022587,25.034611
111,1,26,6,48,2,11南港區,南港區八德路4段798號,0,0,2,1,C03,8,1,5,50,14,9,1,5,4,5,7,4,4,7,4,5,2,12,1,24,2,1,1,1,7,9,1,10,1,11,,23,23,1,22,9,121.5809801,25.0509133
111,1,26,6,48,2,11南港區,南港區八德路4段798號,0,0,2,2,C03,8,1,5,50,14,9,1,5,4,5,7,4,4,7,4,5,2,12,2,24,2,7,1,1,7,11,1,10,1,14,,10,23,1,22,9,121.5809801,25.0509133
111,1,26,7,26,2,01大同區,大同區西寧北路與長安西路口,0,0,2,1,C03,8,1,5,50,4,2,1,5,4,5,7,2,1,5,4,5,2,17,1,23,2,7,3,4,7,5,1,10,2,13,,44,44,1,22,9,121.5085536,25.052032
111,1,26,7,26,2,01大同區,大同區西寧北路與長安西路口,0,0,2,2,C03,8,1,5,50,4,2,1,5,4,5,7,2,1,5,4,5,2,17,1,37,2,9,3,4,7,9,1,10,2,11,,26,44,1,22,9,121.5085536,25.052032
111,1,26,7,35,2,05中正區,中正區和平西路1段與南昌路2段口,0,0,1,1,B03,8,1,5,50,5,1,1,5,4,5,7,1,1,3,4,5,2,16,1,49,3,10,1,1,7,5,1,8,2,1,,8,8,1,22,9,121.5211281,25.02691378
111,1,26,7,35,2,05中正區,中正區和平西路1段與南昌路2段口,0,0,1,2,C03,8,1,5,50,5,1,1,5,4,5,7,1,1,3,4,5,2,16,1,47,2,9,1,1,7,9,1,10,2,14,,13,8,1,22,9,121.5211281,25.02691378
111,1,26,7,35,2,12內湖區,內湖區潭美街與新明路143巷口,0,0,1,1,C03,8,1,5,40,3,1,1,5,4,5,7,1,1,5,5,5,2,12,1,41,3,10,1,1,7,6,1,10,1,13,,9,9,1,22,9,121.5897676,25.0586195
111,1,26,7,35,2,12內湖區,內湖區潭美街與新明路143巷口,0,0,1,2,C03,8,1,5,40,3,1,1,5,4,5,7,1,1,5,5,5,2,12,2,21,2,9,1,1,7,9,1,10,1,14,,44,9,1,22,9,121.5897676,25.0586195
111,1,26,7,36,2,08士林區,士林區仰德大道3段106巷148燈桿,0,0,2,1,C03,8,1,5,30,11,9,1,5,4,5,1,4,4,10,5,5,2,12,1,20,2,7,1,1,7,5,1,10,1,11,,26,26,1,22,9,121.5531584,25.12198899
111,1,26,7,36,2,08士林區,士林區仰德大道3段106巷148燈桿,0,0,2,2,C03,8,1,5,30,11,9,1,5,4,5,1,4,4,10,5,5,2,12,2,64,2,3,1,1,7,6,1,10,1,11,,44,26,1,22,9,121.5531584,25.12198899
111,1,26,7,38,2,06松山區,松山區民權東路5段與撫遠街口,0,0,1,2,C03,7,1,5,50,5,1,1,5,4,5,7,1,1,3,4,5,2,17,1,33,2,9,1,1,7,9,1,10,2,12,,42,17,1,22,9,121.5662549,25.06320665
111,1,26,7,38,2,06松山區,松山區民權東路5段與撫遠街口,0,0,1,1,C03,7,1,5,50,5,1,1,5,4,5,7,1,1,3,4,5,2,17,1,30,3,10,1,1,7,9,1,10,11,15,,17,17,1,22,9,121.5662549,25.06320665
111,1,26,7,45,2,10文山區,文山區興隆路2段95巷與興隆路2段口,0,0,1,1,B03,8,1,5,50,5,2,1,5,4,5,7,1,1,1,4,5,2,16,1,36,3,10,1,1,7,6,1,8,1,2,2,9,9,1,22,9,121.5473112,24.99942947
111,1,26,7,45,2,10文山區,文山區興隆路2段95巷與興隆路2段口,0,0,1,2,C03,8,1,5,50,5,2,1,5,4,5,7,1,1,1,4,5,2,16,2,35,2,9,1,1,7,9,1,10,1,11,14,44,9,1,22,9,121.5473112,24.99942947
111,1,26,7,55,2,08士林區,士林區重陽橋第270656號燈桿前(機車道),0,0,1,1,C03,8,1,5,50,14,11,1,5,4,5,7,4,4,1,4,5,1,17,2,28,3,10,1,1,7,7,1,10,1,13,,7,7,1,21,8,121.5029102,25.08507025
111,1,26,7,55,2,08士林區,士林區重陽橋第270656號燈桿前(機車道),0,0,1,2,C03,8,1,5,50,14,11,1,5,4,5,7,4,4,1,4,5,1,17,1,35,2,7,1,1,7,9,6,18,1,11,,23,7,1,21,8,121.5029102,25.08507025
111,1,26,7,56,2,12內湖區,內湖區民權東路6段83號,0,0,1,1,C03,8,1,5,50,14,9,1,5,4,5,7,1,1,1,4,5,2,13,1,41,2,9,1,1,7,9,1,10,1,11,,16,16,1,22,9,121.5880887,25.06912249
111,1,26,7,56,2,12內湖區,內湖區民權東路6段83號,0,0,1,2,C03,8,1,5,50,14,9,1,5,4,5,7,1,1,1,4,5,2,13,1,23,3,10,1,1,7,9,1,10,1,13,,44,16,1,22,9,121.5880887,25.06912249
111,1,26,8,33,2,12內湖區,內湖區瑞光路513巷22弄3號與瑞光路口,0,0,2,1,C03,8,1,5,50,3,1,1,5,4,5,7,4,4,9,5,5,2,12,1,47,2,9,1,1,7,5,1,10,1,14,,8,8,1,22,9,121.5694206,25.07968776
111,1,26,8,33,2,12內湖區,內湖區瑞光路513巷22弄3號與瑞光路口,0,0,2,2,C03,8,1,5,50,3,1,1,5,4,5,7,4,4,9,5,5,2,12,2,23,2,9,1,1,7,9,1,10,1,12,,44,8,1,22,9,121.5694206,25.07968776
111,1,26,8,33,2,12內湖區,內湖區瑞光路513巷22弄3號與瑞光路口,0,0,2,3,C03,8,1,5,50,3,1,1,5,4,5,7,4,4,9,5,5,2,12,1,38,3,10,1,1,7,13,1,10,11,13,,44,8,1,22,9,121.5694206,25.07968776
111,1,26,8,33,2,12內湖區,內湖區瑞光路513巷22弄3號與瑞光路口,0,0,2,4,C03,8,1,5,50,3,1,1,5,4,5,7,4,4,9,5,5,2,12,2,36,3,10,1,1,7,13,1,10,11,13,,44,8,1,22,9,121.5694206,25.07968776
111,1,26,8,45,2,03中山區,中山區長春路129號,0,0,2,1,C03,8,1,5,50,14,9,1,5,4,5,7,4,4,9,4,5,2,16,2,19,2,8,1,4,7,5,1,10,1,12,,8,8,1,22,9,121.5301403,25.0548664
111,1,26,8,45,2,03中山區,中山區長春路129號,0,0,2,2,C03,8,1,5,50,14,9,1,5,4,5,7,4,4,9,4,5,2,16,1,26,2,9,1,4,7,9,1,10,1,11,,44,8,1,22,9,121.5301403,25.0548664
111,1,26,8,45,2,03中山區,中山區長春路129號,0,0,2,3,C03,8,1,5,50,14,9,1,5,4,5,7,4,4,9,4,5,2,16,3,,,,,,,,,,,,,67,8,1,,,121.5301403,25.0548664