發生年度,發生月,發生日,發生時-Hours,發生分,處理別-編號,區序,肇事地點,死亡人數,2-30日死亡人數,受傷人數,當事人序號,車種,天候,光線,道路類別,速限-速度限制,道路型態,事故位置,路面狀況1,路面狀況2,路面狀況3,道路障礙1,道路障礙2,號誌1,號誌2,車道劃分-分向,車道劃分-分道1,車道劃分-分道2,車道劃分-分道3,事故類型及型態,性別,年齡,受傷程度,主要傷處,安全帽,行動電話,車輛用途,當事者行動狀態,駕駛資格情形,駕駛執照種類,飲酒情形,車輛撞擊部位1,車輛撞擊部位2,肇因碼-個別,肇因碼-主要,個人肇逃否,職業,旅次目的,座標-X,座標-Y
111,1,26,8,45,2,07信義區,信義區富陽街55巷與富陽街87巷口,0,0,1,1,B03,8,1,5,30,4,2,1,5,4,5,7,4,4,10,5,5,2,17,1,25,3,10,1,1,7,5,1,8,2,4,,5,5,1,22,9,121.5585571,25.022226
111,1,26,8,45,2,07信義區,信義區富陽街55巷與富陽街87巷口,0,0,1,2,C03,8,1,5,30,4,2,1,5,4,5,7,4,4,10,5,5,2,17,1,29,2,7,1,1,7,5,1,10,2,14,,14,5,1,22,9,121.5585571,25.022226
111,1,26,8,48,2,08士林區,士林區基河路240巷6號,0,0,1,1,B03,8,1,5,50,14,9,1,5,4,5,7,4,4,9,5,5,2,16,2,45,3,10,1,1,7,11,1,8,1,2,,10,10,1,22,9,121.5208637,25.09094149
111,1,26,8,48,2,08士林區,士林區基河路240巷6號,0,0,1,2,C03,8,1,5,50,14,9,1,5,4,5,7,4,4,9,5,5,2,16,1,42,2,8,1,3,7,9,1,10,1,11,,23,10,1,22,9,121.5208637,25.09094149
111,1,26,8,50,2,12內湖區,內湖區陽光街381號,0,0,1,1,C03,8,1,5,40,14,9,1,5,4,5,7,4,4,10,5,5,2,13,1,30,3,10,1,1,7,9,1,10,1,11,,43,43,1,22,9,121.575679,25.0725931
111,1,26,8,50,2,12內湖區,內湖區陽光街381號,0,0,1,2,B03,8,1,5,40,14,9,1,5,4,5,7,4,4,10,5,5,2,13,1,32,3,10,1,1,7,9,1,8,1,3,,42,43,1,22,9,121.575679,25.0725931
111,1,26,8,50,2,12內湖區,內湖區陽光街381號,0,0,1,3,H02,8,1,5,40,14,9,1,5,4,5,7,4,4,10,5,5,2,13,2,28,2,9,1,1,7,20,8,20,1,16,,67,43,1,22,9,121.575679,25.0725931
111,1,26,8,53,2,04大安區,大安區杭州南路2段61巷與潮州街55巷口,0,0,2,2,C03,8,1,5,30,4,2,1,5,4,5,7,4,4,10,5,5,2,15,1,34,2,9,1,1,7,9,1,10,1,11,,23,6,1,22,9,121.5241833,25.0300052
111,1,26,8,53,2,04大安區,大安區杭州南路2段61巷與潮州街55巷口,0,0,2,1,C03,8,1,5,30,4,2,1,5,4,5,7,4,4,10,5,5,2,15,1,40,2,9,1,1,7,9,1,10,1,12,,6,6,1,22,9,121.5241833,25.0300052
111,1,26,8,55,2,08士林區,士林區華齡街51號前交岔路口,0,0,2,1,C03,8,3,5,50,14,9,1,5,4,5,7,4,4,9,4,5,1,3,2,24,2,8,1,1,7,9,1,10,1,14,,15,15,1,22,9,121.5193797,25.0843162
111,1,26,8,55,2,08士林區,士林區華齡街51號前交岔路口,0,0,2,2,H01,8,3,5,50,14,9,1,5,4,5,7,4,4,9,4,5,1,3,2,83,2,8,4,5,8,16,8,20,1,16,,51,15,1,22,9,121.5193797,25.0843162
111,1,26,9,0,2,12內湖區,內湖區新明路355號前,0,0,2,1,C03,8,1,5,50,14,7,1,5,4,5,7,4,4,4,3,4,2,16,1,67,2,9,1,1,7,1,1,10,1,14,,19,19,1,22,9,121.5828536,25.0559849
111,1,26,9,0,2,12內湖區,內湖區新明路355號前,0,0,2,2,C03,8,1,5,50,14,7,1,5,4,5,7,4,4,4,3,4,2,16,1,26,2,9,1,1,7,9,1,10,1,11,,44,19,1,22,9,121.5828536,25.0559849
111,1,26,9,28,2,07信義區,信義區福德街5號前,0,0,1,1,A02,8,1,5,50,14,9,1,5,4,5,7,2,1,1,4,5,2,12,1,29,3,10,1,1,7,9,1,2,2,5,,43,43,1,22,9,121.5788086,25.0362441
111,1,26,9,28,2,07信義區,信義區福德街5號前,0,0,1,2,C03,8,1,5,50,14,9,1,5,4,5,7,2,1,1,4,5,2,12,1,80,2,9,1,1,7,9,1,10,2,14,,43,43,1,22,9,121.5788086,25.0362441
111,1,26,9,50,2,12內湖區,內湖區民權東路6段與民權東路6段21巷口,0,0,2,1,C03,8,1,5,40,3,1,1,5,4,5,7,4,4,1,4,4,2,12,2,22,2,9,1,1,7,6,1,10,1,12,,9,9,1,22,9,121.5826047,25.06841455
111,1,26,9,50,2,12內湖區,內湖區民權東路6段與民權東路6段21巷口,0,0,2,2,C03,8,1,5,40,3,1,1,5,4,5,7,4,4,1,4,4,2,12,1,46,2,9,1,1,7,9,1,10,1,14,,14,9,1,22,9,121.5826047,25.06841455
111,1,26,10,10,2,06松山區,松山區市民大道4段241號,0,0,1,2,B01,8,1,5,40,14,9,1,5,4,5,7,2,1,1,3,5,2,13,1,54,3,10,1,1,7,9,1,4,1,6,,44,23,1,22,9,121.553847,25.04453467
111,1,26,10,10,2,06松山區,松山區市民大道4段241號,0,0,1,1,C03,8,1,5,40,14,9,1,5,4,5,7,2,1,1,3,5,2,13,1,32,2,8,1,1,7,9,1,10,1,11,,23,23,1,22,9,121.553847,25.04453467
111,1,26,10,15,2,12內湖區,內湖區民權東路6段與民權東路6段136巷口口,0,0,1,1,B03,8,1,5,50,4,1,1,5,4,5,7,2,1,1,4,5,2,16,1,72,3,10,1,1,7,5,1,8,2,2,,6,6,1,22,9,121.5877712,25.0676735
111,1,26,10,15,2,12內湖區,內湖區民權東路6段與民權東路6段136巷口口,0,0,1,2,C03,8,1,5,50,4,1,1,5,4,5,7,2,1,1,4,5,2,16,1,22,2,9,1,1,7,9,1,10,2,11,,44,6,1,22,9,121.5877712,25.0676735
111,1,26,10,16,2,10文山區,文山區指南路3段與指南路3段2巷口,0,0,1,1,B12,8,1,5,30,3,2,5,5,4,5,7,4,4,10,5,5,2,17,1,32,3,10,3,4,7,11,1,8,2,8,,10,10,1,22,9,121.5798984,24.98541044
111,1,26,10,16,2,10文山區,文山區指南路3段與指南路3段2巷口,0,0,1,2,C03,8,1,5,30,3,2,5,5,4,5,7,4,4,10,5,5,2,17,1,28,2,9,3,4,7,9,1,10,2,12,,14,10,1,22,9,121.5798984,24.98541044
111,1,26,10,30,2,07信義區,信義區基隆路2段189號,0,0,1,1,B03,8,1,5,50,14,9,1,5,4,5,7,4,4,9,4,5,2,13,2,23,2,1,1,1,7,9,1,8,1,1,,43,43,1,22,9,121.5533662,25.0248532
111,1,26,10,30,2,07信義區,信義區基隆路2段189號,0,0,1,2,B03,8,1,5,50,14,9,1,5,4,5,7,4,4,9,4,5,2,13,1,41,3,10,1,1,7,9,1,8,1,3,,43,43,1,22,9,121.5533662,25.0248532
111,1,26,10,40,2,04大安區,大安區和平東路3段212巷38號與和平東路3段212巷口停車場出入口,0,0,1,1,B03,8,1,5,30,3,1,1,5,4,5,7,4,4,10,5,5,2,15,1,59,3,10,1,1,7,1,1,8,1,4,,19,19,1,22,9,121.5531778,25.02138802
111,1,26,10,40,2,04大安區,大安區和平東路3段212巷38號與和平東路3段212巷口停車場出入口,0,0,1,2,C03,8,1,5,30,3,1,1,5,4,5,7,4,4,10,5,5,2,15,2,34,2,8,1,1,7,9,1,10,1,11,,44,19,1,22,9,121.5531778,25.02138802
111,1,26,10,47,2,01大同區,大同區民族西路與民族西路221巷口,0,0,1,1,B12,8,1,5,50,3,2,1,5,4,5,7,4,4,5,4,5,1,17,1,46,3,10,3,4,7,6,1,8,1,3,,9,9,1,22,9,121.5131789,25.06866382
111,1,26,10,47,2,01大同區,大同區民族西路與民族西路221巷口,0,0,1,2,C02,8,1,5,50,3,2,1,5,4,5,7,4,4,5,4,5,1,17,1,43,2,9,1,4,7,9,1,9,1,11,,13,9,1,22,9,121.5131789,25.06866382
111,1,26,11,0,2,03中山區,中山區建國高架道往北243燈桿,0,0,1,1,B03,8,1,5,70,10,7,1,5,4,5,7,4,4,8,4,5,1,13,1,59,2,3,1,1,7,9,1,8,1,1,,23,23,1,22,9,121.5336493,25.06749542
111,1,26,11,0,2,03中山區,中山區建國高架道往北243燈桿,0,0,1,2,B03,8,1,5,70,10,7,1,5,4,5,7,4,4,8,4,5,1,13,1,61,3,10,1,1,7,14,1,8,1,3,,44,23,1,22,9,121.5336493,25.06749542
111,1,26,11,0,2,03中山區,中山區建國高架道往北243燈桿,0,0,1,3,H02,8,1,5,70,10,7,1,5,4,5,7,4,4,8,4,5,1,13,2,58,3,10,1,5,7,21,8,20,10,15,,67,23,1,22,9,121.5336493,25.06749542
111,1,26,11,5,2,03中山區,中山區錦西街5號與錦西街口,0,0,1,1,C03,8,1,5,30,4,2,1,5,4,5,7,4,4,4,5,5,1,17,1,44,2,7,1,1,7,5,1,10,1,12,,6,6,1,22,9,121.5218527,25.060336
111,1,26,11,5,2,03中山區,中山區錦西街5號與錦西街口,0,0,1,2,B03,8,1,5,30,4,2,1,5,4,5,7,4,4,4,5,5,1,17,1,45,3,10,1,1,7,9,1,8,1,4,,44,6,1,22,9,121.5218527,25.060336
111,1,26,11,13,2,10文山區,文山區辛亥路4段與辛亥路4段21巷口,0,0,2,1,C03,8,1,5,50,3,2,1,5,4,5,7,4,4,1,4,5,2,17,1,66,2,9,1,1,7,7,1,10,1,13,,7,7,1,22,9,121.5584475,25.00854802
111,1,26,11,13,2,10文山區,文山區辛亥路4段與辛亥路4段21巷口,0,0,2,2,C03,8,1,5,50,3,2,1,5,4,5,7,4,4,1,4,5,2,17,1,25,2,9,1,1,7,9,1,10,1,13,,13,7,1,22,9,121.5584475,25.00854802
111,1,26,11,20,2,03中山區,中山區市民大道3段與松江路口,0,0,1,1,B03,8,1,5,40,4,1,1,5,4,5,7,1,1,1,4,1,2,17,1,42,3,10,1,1,7,6,7,19,2,6,,9,9,1,22,9,121.5330729,25.04567208
111,1,26,11,20,2,03中山區,中山區市民大道3段與松江路口,0,0,1,2,C03,8,1,5,40,4,1,1,5,4,5,7,1,1,1,4,1,2,17,1,21,2,9,1,1,7,9,1,10,2,12,,23,9,1,22,9,121.5330729,25.04567208
111,1,26,11,22,2,06松山區,松山區南京東路5段99號,0,0,1,1,C03,8,1,5,50,14,7,1,5,4,5,7,4,4,3,4,4,2,13,1,50,2,9,1,1,7,9,1,9,1,11,,16,16,1,22,9,121.5605306,25.0515619
111,1,26,11,22,2,06松山區,松山區南京東路5段99號,0,0,1,2,B03,8,1,5,50,14,7,1,5,4,5,7,4,4,3,4,4,2,13,1,36,3,10,1,1,7,9,1,8,1,6,,44,16,1,22,9,121.5605306,25.0515619
111,1,26,11,33,2,02萬華區,萬華區青年路68巷與青年路口,0,0,2,1,H01,8,1,5,0,3,1,1,5,4,5,7,2,1,10,5,5,1,3,2,78,2,1,4,5,8,16,8,20,10,16,,67,67,1,22,9,121.5027283,25.02355029
111,1,26,11,33,2,02萬華區,萬華區青年路68巷與青年路口,0,0,2,2,C03,8,1,5,0,3,1,1,5,4,5,7,2,1,10,5,5,1,3,2,47,2,9,1,4,7,9,1,10,2,11,,25,67,1,22,9,121.5027283,25.02355029
111,1,26,11,47,2,05中正區,中正區金山北路與八德路1段口,0,0,1,1,B03,8,1,5,50,5,1,1,5,4,5,7,1,1,10,5,5,2,16,1,39,3,10,1,1,7,9,6,8,2,1,,23,23,1,22,9,121.5298589,25.04358842
111,1,26,11,47,2,05中正區,中正區金山北路與八德路1段口,0,0,1,2,C03,8,1,5,50,5,1,1,5,4,5,7,1,1,10,5,5,2,16,1,36,2,9,1,1,7,5,1,9,2,12,,6,23,1,22,9,121.5298589,25.04358842
111,1,26,12,10,2,03中山區,中山區一江街與松江路90巷口,0,0,2,1,C03,8,1,5,50,3,1,1,5,4,5,7,3,1,5,5,5,2,16,2,54,2,7,1,1,7,9,1,10,1,12,,6,6,1,22,9,121.5314678,25.0505078
111,1,26,12,10,2,03中山區,中山區一江街與松江路90巷口,0,0,2,2,C03,8,1,5,50,3,1,1,5,4,5,7,3,1,5,5,5,2,16,1,45,2,7,1,1,7,5,1,10,1,12,,44,6,1,22,9,121.5314678,25.0505078
111,1,26,12,41,2,09北投區,北投區承德路6段427號,0,0,1,1,B03,8,1,5,60,14,8,1,5,4,5,7,4,4,3,4,4,2,12,1,67,3,10,1,1,7,6,1,8,2,2,,9,9,1,22,9,121.5115259,25.1080809
111,1,26,12,41,2,09北投區,北投區承德路6段427號,0,0,1,2,C03,8,1,5,60,14,8,1,5,4,5,7,4,4,3,4,4,2,12,2,24,2,9,1,1,7,9,1,10,2,14,,44,9,1,22,9,121.5115259,25.1080809
111,1,26,13,4,2,06松山區,松山區南京東路5段335號,0,0,1,1,B12,8,1,5,50,14,9,1,5,4,5,7,4,4,9,5,5,2,12,1,49,3,10,3,4,7,7,1,8,2,8,,7,7,1,22,9,121.567467,25.05139897
111,1,26,13,4,2,06松山區,松山區南京東路5段335號,0,0,1,2,C03,8,1,5,50,14,9,1,5,4,5,7,4,4,9,5,5,2,12,2,45,2,9,3,4,7,10,1,10,2,12,,7,7,1,22,9,121.567467,25.05139897
111,1,26,13,35,2,08士林區,士林區承德路5段78號對面,0,0,1,1,C03,8,1,5,0,14,7,1,5,4,5,7,4,4,9,4,4,1,29,1,66,3,10,1,1,7,9,1,10,9,15,,42,42,2,22,9,121.5151108,25.0938614
111,1,26,13,35,2,08士林區,士林區承德路5段78號對面,0,0,1,2,C03,8,1,5,0,14,7,1,5,4,5,7,4,4,9,4,4,1,29,1,68,2,1,1,1,7,9,1,10,1,15,,43,42,1,22,9,121.5151108,25.0938614
111,1,26,13,50,2,08士林區,士林區基河路240巷與基河路口,0,0,1,1,B03,8,1,5,50,4,2,1,5,4,5,7,1,1,5,5,5,2,3,2,35,3,10,1,1,7,2,1,8,2,7,,43,43,1,22,9,121.5212961,25.09125438
111,1,26,13,50,2,08士林區,士林區基河路240巷與基河路口,0,0,1,2,H01,8,1,5,50,4,2,1,5,4,5,7,1,1,5,5,5,2,3,1,64,2,9,4,5,8,16,8,20,10,16,,67,43,1,22,9,121.5212961,25.09125438
111,1,26,14,2,2,02萬華區,萬華區環河南路2段與西藏路口,0,0,1,1,C03,8,1,5,50,14,9,1,5,4,5,7,2,1,5,4,5,2,16,2,46,2,9,1,4,7,7,1,10,2,14,,7,7,1,22,9,121.4899319,25.03037119
111,1,26,14,2,2,02萬華區,萬華區環河南路2段與西藏路口,0,0,1,2,B02,8,1,5,50,14,9,1,5,4,5,7,2,1,5,4,5,2,16,1,45,3,10,1,4,7,9,1,8,2,2,,44,7,1,22,9,121.4899319,25.03037119
111,1,26,14,13,2,04大安區,大安區和平東路3段與敦化南路2段口,0,0,2,1,C03,8,1,5,50,4,1,1,5,4,5,7,1,1,10,5,5,2,17,1,43,2,3,1,1,7,12,1,10,11,11,,23,23,1,22,9,121.5485363,25.02449078
111,1,26,14,13,2,04大安區,大安區和平東路3段與敦化南路2段口,0,0,2,2,B03,8,1,5,50,4,1,1,5,4,5,7,1,1,10,5,5,2,17,1,45,3,10,1,1,7,6,1,8,11,3,,9,23,1,22,9,121.5485363,25.02449078
111,1,26,14,13,2,04大安區,大安區和平東路3段與敦化南路2段口,0,0,2,3,H02,8,1,5,50,4,1,1,5,4,5,7,1,1,10,5,5,2,17,2,10,2,8,4,5,7,20,8,20,10,16,,67,23,1,22,9,121.5485363,25.02449078
111,1,26,14,15,2,08士林區,士林區承德路5段士林監理站公車站牌,0,0,1,1,C04,8,1,5,50,14,9,1,5,4,5,7,4,4,1,4,5,1,12,2,68,2,9,1,1,7,9,1,10,2,14,,44,44,1,22,9,121.5141619,25.09513564
111,1,26,14,15,2,08士林區,士林區承德路5段士林監理站公車站牌,0,0,1,2,C03,8,1,5,50,14,9,1,5,4,5,7,4,4,1,4,5,1,12,2,18,3,10,1,1,7,9,1,10,2,12,,44,44,1,22,9,121.5141619,25.09513564
111,1,26,15,2,2,11南港區,南港區園區街22號,0,0,1,1,C03,8,1,6,50,14,9,1,5,4,5,7,4,4,9,5,5,2,17,1,45,2,7,1,1,7,4,1,10,1,12,,23,23,1,22,9,121.613078,25.05906278
111,1,26,15,2,2,11南港區,南港區園區街22號,0,0,1,2,B03,8,1,6,50,14,9,1,5,4,5,7,4,4,9,5,5,2,17,1,28,3,10,1,1,7,11,1,8,1,8,,10,23,1,22,9,121.613078,25.05906278
111,1,26,15,19,2,06松山區,松山區南京東路4段75巷與南京東路4段75巷14弄口,0,0,1,1,B03,8,1,5,30,4,1,1,5,4,5,7,4,4,10,5,5,2,15,1,23,3,10,1,1,7,9,1,8,2,1,,6,6,1,22,9,121.5537011,25.05224681
111,1,26,15,19,2,06松山區,松山區南京東路4段75巷與南京東路4段75巷14弄口,0,0,1,2,C03,8,1,5,30,4,1,1,5,4,5,7,4,4,10,5,5,2,15,2,27,2,9,1,1,7,9,1,10,2,12,,14,6,1,22,9,121.5537011,25.05224681
111,1,26,16,10,2,08士林區,士林區仰德大道1段第021號燈桿,0,0,1,1,F01,8,1,5,40,14,9,1,5,4,5,7,4,4,4,5,5,1,12,1,16,2,9,1,1,7,9,8,20,2,16,,23,23,1,22,9,121.5381213,25.10444451
111,1,26,16,10,2,08士林區,士林區仰德大道1段第021號燈桿,0,0,1,2,B03,8,1,5,40,14,9,1,5,4,5,7,4,4,4,5,5,1,12,1,47,3,10,3,4,7,14,1,8,2,2,,44,23,1,22,9,121.5381213,25.10444451
111,1,26,16,20,2,09北投區,北投區承德路7段393巷與承德路7段口379號後方,0,0,1,1,B03,8,1,5,0,14,9,1,5,4,5,7,4,4,5,4,5,2,16,1,37,3,10,3,4,7,1,1,8,2,1,,19,19,1,22,9,121.5008407,25.11869184
111,1,26,16,20,2,09北投區,北投區承德路7段393巷與承德路7段口379號後方,0,0,1,2,C03,8,1,5,0,14,9,1,5,4,5,7,4,4,5,4,5,2,16,1,66,2,9,3,4,7,9,1,10,2,12,,44,19,1,22,9,121.5008407,25.11869184
111,1,26,16,20,2,09北投區,北投區承德路7段與承德路7段344巷口,0,0,1,1,,8,1,5,60,3,2,1,5,4,5,7,4,4,1,4,4,2,17,4,,4,11,3,4,7,15,7,19,11,15,,43,43,2,22,9,121.5037198,25.11736242
111,1,26,16,20,2,09北投區,北投區承德路7段與承德路7段344巷口,0,0,1,2,C03,8,1,5,60,3,2,1,5,4,5,7,4,4,1,4,4,2,17,2,18,2,9,1,1,7,9,1,10,2,14,,44,43,1,22,9,121.5037198,25.11736242
111,1,26,16,30,2,08士林區,士林區自強隧道南往北,0,0,3,1,C03,8,1,5,50,14,9,1,5,4,5,7,4,4,10,4,5,1,13,1,43,2,9,1,1,7,9,1,10,2,11,,16,16,1,22,9,121.5489542,25.09368887
111,1,26,16,30,2,08士林區,士林區自強隧道南往北,0,0,3,2,C03,8,1,5,50,14,9,1,5,4,5,7,4,4,10,4,5,1,13,1,25,2,9,1,1,7,9,1,10,2,13,,44,16,1,22,9,121.5489542,25.09368887
111,1,26,16,30,2,08士林區,士林區自強隧道南往北,0,0,3,3,C03,8,1,5,50,14,9,1,5,4,5,7,4,4,10,4,5,1,13,2,69,2,9,1,1,7,9,1,10,2,13,,44,16,1,22,9,121.5489542,25.09368887
111,1,26,16,40,2,05中正區,中正區中華路2段與泉州街34巷口,0,0,1,1,B03,8,1,5,50,3,1,1,5,4,5,7,4,4,9,5,4,2,16,1,71,3,10,1,1,7,11,1,8,1,6,,10,10,1,22,9,121.5114637,25.02429083
111,1,26,16,40,2,05中正區,中正區中華路2段與泉州街34巷口,0,0,1,2,C03,8,1,5,50,3,1,1,5,4,5,7,4,4,9,5,4,2,16,1,30,2,8,1,1,7,9,1,10,1,11,,44,10,1,22,9,121.5114637,25.02429083
111,1,26,16,50,2,01大同區,大同區大龍街91巷與大龍街159巷18弄口,0,0,2,1,B12,8,1,5,30,4,1,1,5,4,5,7,4,4,5,4,5,2,14,1,24,3,10,3,4,7,2,1,8,1,3,,12,12,1,22,9,121.5165933,25.0673045
111,1,26,16,50,2,01大同區,大同區大龍街91巷與大龍街159巷18弄口,0,0,2,2,C03,8,1,5,30,4,1,1,5,4,5,7,4,4,5,4,5,2,14,1,37,2,8,1,4,7,13,1,10,1,12,,38,12,1,22,9,121.5165933,25.0673045
111,1,26,16,50,2,01大同區,大同區大龍街91巷與大龍街159巷18弄口,0,0,2,3,H02,8,1,5,30,4,1,1,5,4,5,7,4,4,5,4,5,2,14,2,38,2,8,1,5,7,20,8,20,10,16,,67,12,1,22,9,121.5165933,25.0673045
111,1,26,17,0,2,03中山區,中山區中山北路2段與中山北路2段46巷口,0,0,1,1,C03,8,1,5,30,3,2,1,5,4,5,7,4,4,10,5,5,1,3,1,46,3,10,1,1,7,6,1,10,1,11,,23,23,1,22,9,121.5225438,25.05538145
111,1,26,17,0,2,03中山區,中山區中山北路2段與中山北路2段46巷口,0,0,1,2,H01,8,1,5,30,3,2,1,5,4,5,7,4,4,10,5,5,1,3,2,38,2,4,4,5,8,16,8,20,10,16,,51,23,1,22,9,121.5225438,25.05538145
111,1,26,17,4,2,08士林區,士林區承德路5段與士商路口口,0,0,1,1,C03,8,1,5,40,4,1,1,5,4,5,7,2,1,1,4,4,1,13,1,22,2,9,1,1,7,9,1,10,1,11,,23,23,1,22,9,121.5141387,25.09610281
111,1,26,17,4,2,08士林區,士林區承德路5段與士商路口口,0,0,1,2,B03,8,1,5,40,4,1,1,5,4,5,7,2,1,1,4,4,1,13,1,46,3,10,1,1,7,6,1,8,1,3,,44,23,1,22,9,121.5141387,25.09610281
111,1,26,17,26,2,09北投區,北投區大業路與育仁路口,0,0,2,1,C03,8,1,5,50,4,1,1,5,4,5,7,2,1,9,4,5,2,13,1,43,2,8,1,1,7,9,1,10,1,11,,16,16,1,22,9,121.5010595,25.13700892
111,1,26,17,26,2,09北投區,北投區大業路與育仁路口,0,0,2,2,C03,8,1,5,50,4,1,1,5,4,5,7,2,1,9,4,5,2,13,1,43,2,8,1,1,7,9,1,10,1,13,,44,16,1,22,9,121.5010595,25.13700892
111,1,26,17,56,2,07信義區,信義區基隆路1段52號與基隆路1段35巷口,0,0,2,1,C02,8,3,5,50,3,2,1,5,4,5,7,1,1,1,4,5,2,13,1,25,2,9,1,1,7,9,4,10,1,11,,23,23,1,22,9,121.5685821,25.04824898
111,1,26,17,56,2,07信義區,信義區基隆路1段52號與基隆路1段35巷口,0,0,2,2,C03,8,3,5,50,3,2,1,5,4,5,7,1,1,1,4,5,2,13,1,32,2,9,1,1,7,10,1,10,1,13,,7,23,1,22,9,121.5685821,25.04824898
111,1,26,18,3,2,12內湖區,內湖區民權東路6段與民權東路6段46巷口,0,0,1,1,B12,8,3,5,50,4,1,1,5,4,5,7,1,1,5,4,5,2,15,1,45,3,10,1,1,7,9,1,8,1,3,,25,25,1,22,9,121.5815928,25.06794447
111,1,26,18,3,2,12內湖區,內湖區民權東路6段與民權東路6段46巷口,0,0,1,2,C03,8,3,5,50,4,1,1,5,4,5,7,1,1,5,4,5,2,15,1,20,2,8,1,1,7,9,1,10,1,11,,23,25,1,22,9,121.5815928,25.06794447
111,1,26,18,14,2,03中山區,中山區南京東路2段與建國北路1段口,0,0,1,1,B01,7,3,5,50,4,1,1,5,4,5,7,1,1,10,4,5,2,12,1,52,3,10,1,4,7,5,1,4,2,8,,8,8,1,10,9,121.5366125,25.05193349
111,1,26,18,14,2,03中山區,中山區南京東路2段與建國北路1段口,0,0,1,2,C03,7,3,5,50,4,1,1,5,4,5,7,1,1,10,4,5,2,12,1,33,2,9,1,4,7,15,1,9,2,12,,26,8,1,10,9,121.5366125,25.05193349
111,1,26,18,18,2,08士林區,士林區中正路與承德路4段口,0,0,1,1,C03,8,3,5,50,4,1,1,5,4,5,7,1,1,1,4,5,2,12,1,71,2,9,1,1,7,9,1,10,9,12,,25,25,2,22,9,121.5164443,25.09111321
111,1,26,18,18,2,08士林區,士林區中正路與承德路4段口,0,0,1,2,B03,8,3,5,50,4,1,1,5,4,5,7,1,1,1,4,5,2,12,1,63,3,10,3,4,7,9,1,8,2,4,,44,25,1,22,9,121.5164443,25.09111321
111,1,26,18,26,2,03中山區,中山區民族東路17號,0,0,3,1,C03,8,3,5,50,15,9,1,5,4,5,7,2,1,4,3,5,2,12,1,49,2,9,3,4,7,8,1,10,1,12,,7,7,1,22,9,121.5257873,25.06845879
111,1,26,18,26,2,03中山區,中山區民族東路17號,0,0,3,2,C03,8,3,5,50,15,9,1,5,4,5,7,2,1,4,3,5,2,12,2,32,2,9,3,4,7,9,1,10,1,14,,44,7,1,22,9,121.5257873,25.06845879
111,1,26,18,26,2,03中山區,中山區民族東路17號,0,0,3,3,H02,8,3,5,50,15,9,1,5,4,5,7,2,1,4,3,5,2,12,2,47,2,9,3,5,7,20,8,20,10,16,,67,7,1,22,9,121.5257873,25.06845879
111,1,26,18,27,2,01大同區,大同區承德路3段與敦煌路口口,0,0,1,1,B03,8,3,5,50,4,1,1,5,4,5,7,3,1,1,4,1,2,15,1,72,3,10,1,1,7,9,1,8,2,1,,25,25,1,22,9,121.5201851,25.07513444
111,1,26,18,27,2,01大同區,大同區承德路3段與敦煌路口口,0,0,1,2,C03,8,3,5,50,4,1,1,5,4,5,7,3,1,1,4,1,2,15,1,20,2,9,1,1,7,9,1,10,2,12,,44,25,1,22,9,121.5201851,25.07513444
111,1,26,18,40,2,11南港區,南港區大坑街與弘道橋口,0,0,1,1,C03,8,3,5,50,4,2,1,5,4,5,7,4,4,5,4,5,2,16,1,24,2,8,1,1,7,5,1,10,1,14,,8,8,1,22,9,121.6163547,25.0488251
111,1,26,18,40,2,11南港區,南港區大坑街與弘道橋口,0,0,1,2,B02,8,3,5,50,4,2,1,5,4,5,7,4,4,5,4,5,2,16,1,35,3,10,1,1,7,9,1,8,1,5,,44,8,1,22,9,121.6163547,25.0488251
111,1,26,18,44,2,07信義區,信義區基隆路1段380號,0,0,1,1,C03,8,3,5,0,14,9,1,5,4,5,7,4,4,7,4,5,2,13,4,,4,11,3,4,7,15,7,19,11,15,,43,43,2,22,9,121.560315,25.034525
111,1,26,18,44,2,07信義區,信義區基隆路1段380號,0,0,1,2,C03,8,3,5,0,14,9,1,5,4,5,7,4,4,7,4,5,2,13,2,19,2,8,1,1,7,9,1,10,1,11,,16,43,1,22,9,121.560315,25.034525
111,1,26,18,50,2,03中山區,中山區建國北路3段79號,0,0,2,1,C03,7,3,5,50,14,9,1,5,4,5,7,4,4,10,4,5,2,12,1,46,2,9,3,4,7,7,1,10,1,14,,7,7,1,22,9,121.5369099,25.06522199
111,1,26,18,50,2,03中山區,中山區建國北路3段79號,0,0,2,2,B03,7,3,5,50,14,9,1,5,4,5,7,4,4,10,4,5,2,12,1,40,3,10,3,4,7,8,3,18,1,2,,7,7,1,22,9,121.5369099,25.06522199
111,1,26,18,50,2,03中山區,中山區建國北路3段79號,0,0,2,3,H02,7,3,5,50,14,9,1,5,4,5,7,4,4,10,4,5,2,12,2,43,2,9,4,5,7,17,8,20,10,16,,67,7,1,22,9,121.5369099,25.06522199
111,1,26,18,59,2,10文山區,文山區木新路2段與恆光街口,0,0,2,1,F01,8,3,5,50,4,1,1,5,4,5,7,1,1,5,4,5,2,11,1,16,2,9,3,4,7,5,8,20,2,16,,6,6,1,16,5,121.5667294,24.98325392