發生年度,發生月,發生日,發生時-Hours,發生分,處理別-編號,區序,肇事地點,死亡人數,2-30日死亡人數,受傷人數,當事人序號,車種,天候,光線,道路類別,速限-速度限制,道路型態,事故位置,路面狀況1,路面狀況2,路面狀況3,道路障礙1,道路障礙2,號誌1,號誌2,車道劃分-分向,車道劃分-分道1,車道劃分-分道2,車道劃分-分道3,事故類型及型態,性別,年齡,受傷程度,主要傷處,安全帽,行動電話,車輛用途,當事者行動狀態,駕駛資格情形,駕駛執照種類,飲酒情形,車輛撞擊部位1,車輛撞擊部位2,肇因碼-個別,肇因碼-主要,個人肇逃否,職業,旅次目的,座標-X,座標-Y
111,1,26,18,59,2,10文山區,文山區木新路2段與恆光街口,0,0,2,2,C05,8,3,5,50,4,1,1,5,4,5,7,1,1,5,4,5,2,11,2,37,2,9,3,4,7,9,1,10,2,11,,23,6,1,21,8,121.5667294,24.98325392
111,1,26,18,59,2,10文山區,文山區木新路2段與恆光街口,0,0,2,3,C03,8,3,5,50,4,1,1,5,4,5,7,1,1,5,4,5,2,11,2,25,3,10,3,4,7,9,1,10,2,11,,23,6,1,21,8,121.5667294,24.98325392
111,1,26,19,10,2,12內湖區,內湖區民權東路6段90巷16弄口前,0,0,1,1,C03,8,3,5,50,14,9,1,5,4,5,7,4,4,9,4,5,2,11,1,24,2,9,1,1,7,4,1,10,1,12,,4,4,1,22,9,121.5851362,25.0680339
111,1,26,19,10,2,12內湖區,內湖區民權東路6段90巷16弄口前,0,0,1,2,B01,8,3,5,50,14,9,1,5,4,5,7,4,4,9,4,5,2,11,1,50,3,10,1,1,7,7,1,4,1,4,,44,4,1,22,9,121.5851362,25.0680339
111,1,26,19,10,2,12內湖區,內湖區舊宗路2段121巷與瑞湖街口,0,0,3,1,C03,8,3,5,50,4,1,1,5,4,5,7,1,1,5,4,5,2,16,1,44,2,9,1,1,7,5,1,10,2,14,,8,8,1,22,9,121.5764451,25.0689879
111,1,26,19,10,2,12內湖區,內湖區舊宗路2段121巷與瑞湖街口,0,0,3,2,C03,8,3,5,50,4,1,1,5,4,5,7,1,1,5,4,5,2,16,1,29,2,9,1,1,7,9,1,9,2,11,,23,8,1,22,9,121.5764451,25.0689879
111,1,26,19,10,2,12內湖區,內湖區舊宗路2段121巷與瑞湖街口,0,0,3,3,H02,8,3,5,50,4,1,1,5,4,5,7,1,1,5,4,5,2,16,2,29,2,9,1,5,7,21,8,20,10,16,,67,8,1,22,9,121.5764451,25.0689879
111,1,26,19,38,2,03中山區,中山區新生北路1段與林森北路119巷口,0,0,1,1,B01,8,3,5,50,4,1,1,5,4,5,7,2,1,1,4,5,2,12,1,59,3,10,3,4,7,8,1,4,1,5,,7,7,1,22,9,121.5280421,25.05047321
111,1,26,19,38,2,03中山區,中山區新生北路1段與林森北路119巷口,0,0,1,2,C04,8,3,5,50,4,1,1,5,4,5,7,2,1,1,4,5,2,12,2,61,2,8,1,4,7,21,1,11,1,14,,44,7,1,22,9,121.5280421,25.05047321
111,1,26,19,40,2,08士林區,士林區中正路612號,0,0,1,1,C03,8,1,5,50,14,9,1,5,4,5,7,4,4,1,4,5,2,16,2,18,2,7,3,4,7,5,1,10,1,14,,8,8,1,22,9,121.5094603,25.08692018
111,1,26,19,40,2,08士林區,士林區中正路612號,0,0,1,2,B03,8,1,5,50,14,9,1,5,4,5,7,4,4,1,4,5,2,16,1,36,3,10,3,4,7,9,1,8,1,1,,44,8,1,22,9,121.5094603,25.08692018
111,1,26,19,40,2,08士林區,士林區中正路612號,0,0,1,3,H02,8,1,5,50,14,9,1,5,4,5,7,4,4,1,4,5,2,16,1,26,3,10,4,5,7,20,8,20,10,16,,67,8,1,22,9,121.5094603,25.08692018
111,1,26,19,49,2,04大安區,大安區和平東路2段與復興南路2段口,0,0,2,1,C03,8,3,5,50,4,1,1,5,4,5,7,2,1,4,4,5,1,15,2,74,2,1,1,4,7,9,4,11,1,11,,44,44,1,22,9,121.5435275,25.02472675
111,1,26,19,49,2,04大安區,大安區和平東路2段與復興南路2段口,0,0,2,2,C03,8,3,5,50,4,1,1,5,4,5,7,2,1,4,4,5,1,15,2,61,2,9,1,4,7,9,1,10,1,11,,44,44,1,22,9,121.5435275,25.02472675
111,1,26,20,10,2,05中正區,中正區重慶南路3段32號,0,0,1,1,B11,7,3,5,50,14,9,1,5,4,5,7,4,4,1,4,5,1,17,1,37,3,10,1,1,7,14,1,2,1,4,,40,40,1,22,9,121.5154583,25.02876137
111,1,26,20,10,2,05中正區,中正區重慶南路3段32號,0,0,1,2,C03,7,3,5,50,14,9,1,5,4,5,7,4,4,1,4,5,1,17,2,64,2,9,1,1,7,9,4,11,1,11,,23,40,1,22,9,121.5154583,25.02876137
111,1,26,20,13,2,04大安區,大安區和平東路1段與金山南路2段口,0,0,2,1,B03,8,3,5,50,3,1,1,5,4,5,7,1,2,1,4,5,2,17,1,52,3,10,1,1,7,9,1,8,1,5,,25,25,1,22,9,121.5259556,25.02673412
111,1,26,20,13,2,04大安區,大安區和平東路1段與金山南路2段口,0,0,2,2,C03,8,3,5,50,3,1,1,5,4,5,7,1,2,1,4,5,2,17,1,72,2,9,1,1,7,9,1,10,1,14,,44,25,1,22,9,121.5259556,25.02673412
111,1,26,20,13,2,04大安區,大安區和平東路1段與金山南路2段口,0,0,2,3,C03,8,3,5,50,3,1,1,5,4,5,7,1,2,1,4,5,2,17,1,44,2,8,1,1,7,9,1,10,1,14,,44,25,1,22,9,121.5259556,25.02673412
111,1,26,20,35,2,01大同區,大同區民權西路144巷與民權西路144巷19弄口,0,0,1,1,C03,8,3,5,30,4,1,1,5,4,5,7,3,1,10,5,5,2,15,1,42,2,9,1,1,7,9,1,10,1,12,,6,6,1,22,9,121.5159328,25.06161838
111,1,26,20,35,2,01大同區,大同區民權西路144巷與民權西路144巷19弄口,0,0,1,2,B02,8,3,5,30,4,1,1,5,4,5,7,3,1,10,5,5,2,15,1,23,3,10,3,4,7,9,1,8,1,1,,23,6,1,22,9,121.5159328,25.06161838
111,1,26,22,0,2,09北投區,北投區紗帽路3號,0,0,1,2,A12,8,3,5,50,11,9,1,5,4,5,1,4,4,4,5,5,1,10,1,40,3,10,1,1,7,15,1,2,1,8,,44,4,1,22,9,121.533022,25.1520056
111,1,26,22,0,2,09北投區,北投區紗帽路3號,0,0,1,1,B03,8,3,5,50,11,9,1,5,4,5,1,4,4,4,5,5,1,10,1,29,2,7,1,1,7,15,1,8,1,1,,4,4,1,22,9,121.533022,25.1520056
111,1,26,22,22,2,05中正區,中正區三元街與南海路口,0,0,1,1,C03,8,3,5,50,4,1,1,5,4,5,7,2,1,5,4,5,2,12,1,21,3,10,1,1,7,6,1,10,2,13,,6,6,1,22,9,121.5089227,25.0295965
111,1,26,22,22,2,05中正區,中正區三元街與南海路口,0,0,1,2,C03,8,3,5,50,4,1,1,5,4,5,7,2,1,5,4,5,2,12,2,54,2,9,1,1,7,9,1,8,2,11,,44,6,1,22,9,121.5089227,25.0295965
111,1,26,22,38,2,07信義區,信義區永吉路278巷與永吉路278巷57弄口,0,0,1,1,B03,8,3,5,30,4,1,1,5,4,5,7,4,4,8,5,5,1,15,2,57,3,10,1,1,7,9,1,8,2,2,,6,6,1,22,9,121.5741058,25.0434139
111,1,26,22,38,2,07信義區,信義區永吉路278巷與永吉路278巷57弄口,0,0,1,2,C03,8,3,5,30,4,1,1,5,4,5,7,4,4,8,5,5,1,15,1,24,2,9,1,1,7,9,1,10,2,11,,13,6,1,22,9,121.5741058,25.0434139
111,1,26,23,25,2,10文山區,文山區木柵路4段與秀明路1段口,0,0,1,1,C03,8,3,5,50,4,1,1,5,4,5,7,1,1,5,4,5,2,12,1,20,2,9,1,1,7,7,1,10,2,14,,7,7,1,22,9,121.5711504,24.99177852
111,1,26,23,25,2,10文山區,文山區木柵路4段與秀明路1段口,0,0,1,2,B03,8,3,5,50,4,1,1,5,4,5,7,1,1,5,4,5,2,12,1,55,3,10,1,1,7,5,1,8,2,5,,44,7,1,22,9,121.5711504,24.99177852
111,1,26,23,34,2,07信義區,信義區市民大道6段320號,0,0,1,1,C03,8,3,5,40,14,9,1,5,4,5,7,1,1,10,3,5,1,12,1,29,3,10,1,1,7,8,1,10,1,12,,7,7,1,22,9,121.579982,25.0488898
111,1,26,23,34,2,07信義區,信義區市民大道6段320號,0,0,1,2,C03,8,3,5,40,14,9,1,5,4,5,7,1,1,10,3,5,1,12,2,27,2,9,1,1,7,9,1,10,1,14,,44,7,1,22,9,121.579982,25.0488898
111,1,26,23,55,2,06松山區,松山區復興北路與復興北路313巷口,0,0,2,1,C03,7,3,5,50,3,1,1,5,4,5,7,4,4,1,4,5,2,16,1,20,2,9,1,1,7,6,1,10,2,12,,9,9,1,22,9,121.5442807,25.0589958
111,1,26,23,55,2,06松山區,松山區復興北路與復興北路313巷口,0,0,2,2,C03,7,3,5,50,3,1,1,5,4,5,7,4,4,1,4,5,2,16,1,19,2,9,1,1,7,9,1,10,2,14,,23,9,1,22,9,121.5442807,25.0589958
111,1,27,0,54,2,02萬華區,萬華區艋舺大道與大理街160巷26弄口,0,0,1,1,B03,8,3,5,50,4,1,1,5,4,5,7,2,1,1,4,4,2,3,2,40,3,10,1,1,7,6,1,8,1,2,,15,15,1,22,9,121.4945965,25.03171487
111,1,27,0,54,2,02萬華區,萬華區艋舺大道與大理街160巷26弄口,0,0,1,2,H01,8,3,5,50,4,1,1,5,4,5,7,2,1,1,4,4,2,3,2,17,2,9,4,5,8,16,8,20,10,16,,67,15,1,22,9,121.4945965,25.03171487
111,1,27,3,22,2,07信義區,信義區吳興街220巷25號,0,0,1,1,C03,8,3,5,50,14,9,1,5,4,5,7,4,4,9,4,5,2,18,1,42,2,1,1,1,7,9,1,10,1,12,,22,22,1,22,9,121.5625743,25.02727341
111,1,27,3,22,2,07信義區,信義區吳興街220巷25號,0,0,1,2,,8,3,5,50,14,9,1,5,4,5,7,4,4,9,4,5,2,18,3,,,,,,,,,,,,,67,22,1,,,121.5625743,25.02727341
111,1,27,5,14,2,02萬華區,萬華區環河南路1段與內江街口,0,0,2,1,C03,8,3,5,50,3,1,1,5,4,4,7,1,1,4,1,5,2,11,1,59,2,9,1,1,7,5,1,10,1,12,,25,25,1,22,9,121.5002049,25.04191852
111,1,27,5,14,2,02萬華區,萬華區環河南路1段與內江街口,0,0,2,2,C03,8,3,5,50,3,1,1,5,4,4,7,1,1,4,1,5,2,11,1,20,2,9,1,1,7,9,1,10,1,12,,25,25,1,22,9,121.5002049,25.04191852
111,1,27,5,14,2,02萬華區,萬華區環河南路1段與內江街口,0,0,2,3,,8,3,5,50,3,1,1,5,4,4,7,1,1,4,1,5,2,11,3,,,,,,,,,,,,,67,25,1,,,121.5002049,25.04191852
111,1,27,6,15,2,08士林區,士林區雨農路雨農橋往北,0,0,3,1,C03,8,2,5,50,8,9,1,5,4,5,7,4,4,4,5,5,2,9,1,54,2,9,1,1,7,9,1,10,1,11,,43,43,1,22,9,121.5328057,25.10062248
111,1,27,6,15,2,08士林區,士林區雨農路雨農橋往北,0,0,3,2,H01,8,2,5,50,8,9,1,5,4,5,7,4,4,4,5,5,2,9,2,76,2,9,4,5,8,16,8,20,10,16,,67,43,1,22,9,121.5328057,25.10062248
111,1,27,6,15,2,08士林區,士林區雨農路雨農橋往北,0,0,3,3,F01,8,2,5,50,8,9,1,5,4,5,7,4,4,4,5,5,2,9,1,77,2,9,1,1,7,9,8,20,1,16,,43,43,1,22,9,121.5328057,25.10062248
111,1,27,6,46,2,01大同區,大同區延平北路2段與民生西路口,0,0,1,1,B01,8,1,5,50,4,1,1,5,4,5,7,2,1,5,4,5,2,16,1,53,3,10,3,4,7,6,1,4,1,2,,8,8,1,22,9,121.5115808,25.0569516
111,1,27,6,46,2,01大同區,大同區延平北路2段與民生西路口,0,0,1,2,C03,8,1,5,50,4,1,1,5,4,5,7,2,1,5,4,5,2,16,1,25,2,8,1,4,7,9,1,10,1,11,,13,8,1,22,9,121.5115808,25.0569516
111,1,27,6,52,2,08士林區,士林區德行西路與福華路口,0,0,1,1,B12,7,1,5,50,4,2,1,2,4,5,7,2,1,1,4,5,1,17,4,,4,11,3,4,7,15,7,19,11,15,,43,43,2,22,9,121.5219749,25.1046271
111,1,27,6,52,2,08士林區,士林區德行西路與福華路口,0,0,1,2,C03,7,1,5,50,4,2,1,2,4,5,7,2,1,1,4,5,1,17,1,28,2,8,1,1,7,5,1,10,1,11,,44,43,1,21,8,121.5219749,25.1046271
111,1,27,7,20,2,05中正區,中正區博愛路與貴陽街1段口,0,0,1,1,B03,8,1,5,50,4,1,1,5,4,5,7,1,1,9,4,5,2,17,2,81,3,10,1,4,7,5,1,8,1,1,,6,6,1,22,9,121.5111728,25.0389233
111,1,27,7,20,2,05中正區,中正區博愛路與貴陽街1段口,0,0,1,2,C03,8,1,5,50,4,1,1,5,4,5,7,1,1,9,4,5,2,17,2,26,2,9,1,4,7,9,1,10,1,14,,23,6,1,22,9,121.5111728,25.0389233
111,1,27,7,52,2,04大安區,大安區溫州街18巷與溫州街口,0,0,1,1,C03,8,1,5,30,3,2,1,5,4,5,7,4,4,10,5,5,2,16,2,84,2,7,3,4,7,5,1,10,1,12,,6,6,1,22,9,121.5334435,25.02462539
111,1,27,7,52,2,04大安區,大安區溫州街18巷與溫州街口,0,0,1,2,B03,8,1,5,30,3,2,1,5,4,5,7,4,4,10,5,5,2,16,2,56,3,10,3,4,7,9,1,8,1,4,,13,6,1,22,9,121.5334435,25.02462539
111,1,27,8,16,2,12內湖區,內湖區成功路4段與成功路4段324巷口,0,0,1,1,B03,8,1,5,30,4,2,1,5,4,5,7,1,1,5,4,4,2,3,2,40,3,10,1,1,7,5,1,8,1,1,,15,15,1,22,9,121.5987602,25.08473623
111,1,27,8,16,2,12內湖區,內湖區成功路4段與成功路4段324巷口,0,0,1,2,H01,8,1,5,30,4,2,1,5,4,5,7,1,1,5,4,4,2,3,2,47,2,8,4,5,8,16,8,20,10,16,,67,15,1,22,9,121.5987602,25.08473623
111,1,27,8,31,2,02萬華區,萬華區西園路2段與東園街口,0,0,1,1,B12,8,1,5,50,3,2,1,5,4,5,7,2,1,1,4,5,1,17,1,45,4,11,3,4,7,11,7,19,9,15,,10,10,1,22,9,121.4952995,25.028127
111,1,27,8,31,2,02萬華區,萬華區西園路2段與東園街口,0,0,1,2,C03,8,1,5,50,3,2,1,5,4,5,7,2,1,1,4,5,1,17,1,29,2,9,3,4,7,9,1,10,2,11,,44,10,1,22,9,121.4952995,25.028127
111,1,27,8,42,2,02萬華區,萬華區環河南路2段與桂林路口,0,0,1,1,B02,8,1,5,50,4,1,1,5,4,5,7,1,1,10,4,5,2,16,1,43,3,10,1,1,7,6,1,8,1,6,,9,9,1,22,9,121.4971555,25.03845415
111,1,27,8,42,2,02萬華區,萬華區環河南路2段與桂林路口,0,0,1,2,C03,8,1,5,50,4,1,1,5,4,5,7,1,1,10,4,5,2,16,1,24,2,8,1,1,7,9,1,10,1,11,,44,9,1,22,9,121.4971555,25.03845415
111,1,27,8,59,2,01大同區,大同區環河堤外便道(近路燈3011742),0,0,2,1,C03,8,1,5,40,14,9,1,5,4,5,7,4,4,10,4,5,2,12,1,65,3,10,1,4,7,4,1,10,1,12,,43,43,1,22,9,121.5060414,25.04979846
111,1,27,8,59,2,01大同區,大同區環河堤外便道(近路燈3011742),0,0,2,2,C04,8,1,5,40,14,9,1,5,4,5,7,4,4,10,4,5,2,12,2,69,2,9,1,4,7,9,1,11,1,14,,43,43,1,22,9,121.5060414,25.04979846
111,1,27,8,59,2,01大同區,大同區環河堤外便道(近路燈3011742),0,0,2,3,H02,8,1,5,40,14,9,1,5,4,5,7,4,4,10,4,5,2,12,2,64,2,8,1,5,7,20,8,20,10,16,,67,43,1,22,9,121.5060414,25.04979846
111,1,27,9,11,2,12內湖區,內湖區東湖路與安康路口,0,0,1,1,B03,8,1,5,50,4,2,1,5,4,5,7,1,1,5,4,5,2,12,1,70,3,10,1,1,7,5,1,8,1,8,,8,8,1,22,9,121.6160173,25.06831868
111,1,27,9,11,2,12內湖區,內湖區東湖路與安康路口,0,0,1,2,C03,8,1,5,50,4,2,1,5,4,5,7,1,1,5,4,5,2,12,2,36,2,9,1,1,7,9,1,10,1,12,,44,8,1,22,9,121.6160173,25.06831868
111,1,27,9,59,2,02萬華區,萬華區堤外便道與水快匝道口,0,0,1,1,B12,8,1,5,50,15,9,1,5,4,5,7,4,4,10,5,5,1,17,1,54,3,10,3,4,7,11,1,8,2,5,,10,10,1,22,9,121.4981949,25.01603225
111,1,27,9,59,2,02萬華區,萬華區堤外便道與水快匝道口,0,0,1,2,C03,8,1,5,50,15,9,1,5,4,5,7,4,4,10,5,5,1,17,1,73,2,8,3,4,7,9,1,10,2,14,,44,10,1,22,9,121.4981949,25.01603225
111,1,27,10,0,2,10文山區,文山區木柵路5段深坑幹123-B7332-BD33電線桿對面(東往西往木柵方向）,0,0,2,1,C03,8,1,5,50,14,9,2,5,4,5,7,4,4,5,4,5,2,29,1,59,2,9,1,4,7,15,1,10,2,11,,43,43,1,22,9,121.5902108,25.0001852
111,1,27,10,0,2,10文山區,文山區木柵路5段深坑幹123-B7332-BD33電線桿對面(東往西往木柵方向）,0,0,2,2,,8,1,5,50,14,9,2,5,4,5,7,4,4,5,4,5,2,29,3,,,,,,,,,,,,,67,43,1,,,121.5902108,25.0001852
111,1,27,10,0,2,10文山區,文山區木柵路5段深坑幹123-B7332-BD33電線桿對面(東往西往木柵方向）,0,0,2,3,H02,8,1,5,50,14,9,2,5,4,5,7,4,4,5,4,5,2,29,2,53,2,9,1,5,7,17,8,20,10,16,,67,43,1,22,9,121.5902108,25.0001852
111,1,27,10,17,2,04大安區,大安區忠孝東路3段與忠孝東路3段237巷口口,0,0,1,1,B01,8,1,5,50,3,1,1,5,4,5,7,4,4,1,3,4,1,12,1,60,3,10,1,1,7,6,1,4,1,5,,9,9,1,22,9,121.5407218,25.0417296
111,1,27,10,17,2,04大安區,大安區忠孝東路3段與忠孝東路3段237巷口口,0,0,1,2,C03,8,1,5,50,3,1,1,5,4,5,7,4,4,1,3,4,1,12,1,27,2,8,1,1,7,9,1,10,1,15,,14,9,1,22,9,121.5407218,25.0417296
111,1,27,10,32,2,07信義區,信義區信安街103巷40-11號,0,0,2,1,C03,8,1,5,30,14,9,5,5,4,5,7,4,4,10,5,5,2,10,1,46,2,9,1,1,7,9,3,18,1,11,,5,5,1,22,9,121.5586469,25.0250255
111,1,27,10,32,2,07信義區,信義區信安街103巷40-11號,0,0,2,2,F03,8,1,5,30,14,9,5,5,4,5,7,4,4,10,5,5,2,10,1,75,2,9,1,1,7,9,8,20,1,16,,44,5,1,22,9,121.5586469,25.0250255
111,1,27,10,56,2,06松山區,松山區八德路4段88號,0,0,2,1,C03,8,1,5,50,14,9,1,5,4,5,7,4,4,9,4,5,2,16,2,24,2,9,1,1,7,7,1,10,1,14,,7,7,1,22,9,121.5604403,25.04845722
111,1,27,10,56,2,06松山區,松山區八德路4段88號,0,0,2,2,C03,8,1,5,50,14,9,1,5,4,5,7,4,4,9,4,5,2,16,2,27,2,9,1,1,7,9,1,10,1,12,,44,7,1,22,9,121.5604403,25.04845722
111,1,27,10,56,2,06松山區,松山區八德路4段88號,0,0,2,3,B03,8,1,5,50,14,9,1,5,4,5,7,4,4,9,4,5,2,16,1,32,3,10,3,4,7,1,1,8,9,15,,19,7,1,22,9,121.5604403,25.04845722
111,1,27,11,5,2,08士林區,士林區中正路596號,0,0,1,1,C03,8,1,5,50,14,9,1,5,4,5,7,4,4,1,4,5,2,12,2,70,2,8,1,1,7,7,3,18,1,14,,7,7,1,22,9,121.509861,25.08702858
111,1,27,11,5,2,08士林區,士林區中正路596號,0,0,1,2,B02,8,1,5,50,14,9,1,5,4,5,7,4,4,1,4,5,2,12,1,45,3,10,1,1,7,9,1,8,1,2,,23,7,1,22,9,121.509861,25.08702858
111,1,27,11,20,2,01大同區,大同區承德路1段1號,0,0,1,1,A04,8,1,5,50,14,8,1,5,4,5,7,2,1,1,4,4,2,12,1,55,3,10,3,4,7,6,1,2,1,2,,9,9,1,22,9,121.5168127,25.04967939
111,1,27,11,20,2,01大同區,大同區承德路1段1號,0,0,1,2,C03,8,1,5,50,14,8,1,5,4,5,7,2,1,1,4,4,2,12,1,19,2,9,1,1,7,9,1,10,1,14,,13,9,1,22,9,121.5168127,25.04967939
111,1,27,11,20,2,11南港區,南港區南港路1段與興華路口,0,0,1,1,C03,8,1,5,50,4,1,1,5,4,5,7,1,1,4,1,5,2,13,1,24,2,8,1,1,7,9,1,10,1,11,,23,23,1,22,9,121.6062269,25.0542492
111,1,27,11,20,2,11南港區,南港區南港路1段與興華路口,0,0,1,2,B12,8,1,5,50,4,1,1,5,4,5,7,1,1,4,1,5,2,13,1,51,3,10,1,1,7,5,1,8,1,6,,44,23,1,22,9,121.6062269,25.0542492
111,1,27,11,29,2,12內湖區,內湖區東湖路與安康路口,0,0,1,1,B01,8,1,5,50,4,2,1,5,4,5,7,1,1,5,4,5,2,11,1,69,3,10,1,1,7,5,1,4,2,5,,8,8,1,22,9,121.6160311,25.06833816
111,1,27,11,29,2,12內湖區,內湖區東湖路與安康路口,0,0,1,2,C03,8,1,5,50,4,2,1,5,4,5,7,1,1,5,4,5,2,11,2,18,2,9,1,1,7,9,1,10,2,11,,23,8,1,22,9,121.6160311,25.06833816
111,1,27,11,45,2,05中正區,中正區林森南路與青島東路口,0,0,2,1,C03,8,1,5,50,4,1,1,5,4,5,7,1,1,5,4,5,2,17,1,22,3,10,1,1,7,8,1,10,2,13,,7,7,1,22,9,121.5230036,25.04361436
111,1,27,11,45,2,05中正區,中正區林森南路與青島東路口,0,0,2,2,C03,8,1,5,50,4,1,1,5,4,5,7,1,1,5,4,5,2,17,1,62,2,7,1,1,7,9,1,10,2,11,,44,7,1,22,9,121.5230036,25.04361436
111,1,27,11,45,2,05中正區,中正區林森南路與青島東路口,0,0,2,3,H02,8,1,5,50,4,1,1,5,4,5,7,1,1,5,4,5,2,17,2,20,2,8,1,1,7,20,8,20,10,16,,67,7,1,22,9,121.5230036,25.04361436
111,1,27,12,0,2,06松山區,松山區八德路4段91巷1-2號前,0,0,1,1,C04,8,1,5,30,14,9,1,5,4,5,7,4,4,10,5,5,2,13,2,66,2,7,1,1,7,1,1,11,1,11,,19,19,1,22,9,121.5608311,25.04902479
111,1,27,12,0,2,06松山區,松山區八德路4段91巷1-2號前,0,0,1,2,C04,8,1,5,30,14,9,1,5,4,5,7,4,4,10,5,5,2,13,2,47,3,10,1,1,7,9,1,11,1,13,,44,19,1,22,9,121.5608311,25.04902479
111,1,27,12,3,2,02萬華區,萬華區艋舺大道與萬大路口,0,0,2,1,C03,8,1,5,50,4,1,1,5,4,5,7,2,1,1,4,5,2,12,1,81,2,8,1,1,7,9,1,10,1,11,,16,16,1,22,9,121.5005699,25.03279844
111,1,27,12,3,2,02萬華區,萬華區艋舺大道與萬大路口,0,0,2,2,C04,8,1,5,50,4,1,1,5,4,5,7,2,1,1,4,5,2,12,2,62,2,8,1,1,7,9,1,10,1,13,,44,16,1,22,9,121.5005699,25.03279844
111,1,27,12,5,2,03中山區,中山區中山北路1段與市民大道2段口,0,0,3,1,C03,8,1,5,40,4,2,1,5,4,5,7,1,1,1,4,5,2,13,1,21,3,10,1,1,7,9,1,10,1,11,,23,23,1,22,9,121.521059,25.04824436
111,1,27,12,5,2,03中山區,中山區中山北路1段與市民大道2段口,0,0,3,2,C03,8,1,5,40,4,2,1,5,4,5,7,1,1,1,4,5,2,13,1,56,2,9,1,1,7,14,1,10,1,13,,44,23,1,22,9,121.521059,25.04824436
111,1,27,12,5,2,03中山區,中山區中山北路1段與市民大道2段口,0,0,3,3,C03,8,1,5,40,4,2,1,5,4,5,7,1,1,1,4,5,2,13,1,41,2,9,1,1,7,14,1,10,1,14,,44,23,1,22,9,121.521059,25.04824436
111,1,27,12,5,2,03中山區,中山區中山北路1段與市民大道2段口,0,0,3,4,H02,8,1,5,40,4,2,1,5,4,5,7,1,1,1,4,5,2,13,2,17,2,9,4,5,7,20,8,20,10,16,,67,23,1,22,9,121.521059,25.04824436
111,1,27,12,24,2,07信義區,信義區松仁路235號,0,0,2,1,H01,8,1,5,0,14,9,1,5,4,5,7,4,4,9,5,5,2,3,1,68,2,9,4,5,8,16,8,20,10,16,,51,51,1,22,9,121.5687341,25.02606988
111,1,27,12,24,2,07信義區,信義區松仁路235號,0,0,2,2,C03,8,1,5,0,14,9,1,5,4,5,7,4,4,9,5,5,2,3,1,21,2,9,1,1,7,9,1,10,2,11,,23,51,1,22,9,121.5687341,25.02606988
111,1,27,12,30,2,04大安區,大安區通化街171巷34號,0,0,2,1,C03,8,1,5,50,14,9,1,5,4,5,7,4,4,9,5,5,2,16,1,36,2,9,1,1,7,9,1,10,1,11,,23,23,1,22,9,121.5554167,25.0276851
111,1,27,12,30,2,04大安區,大安區通化街171巷34號,0,0,2,2,F01,8,1,5,50,14,9,1,5,4,5,7,4,4,9,5,5,2,16,1,60,2,1,1,1,7,6,8,20,1,16,,4,23,1,22,9,121.5554167,25.0276851
111,1,27,12,35,2,11南港區,南港區玉成街與玉成街235巷口,0,0,2,1,F01,8,1,5,30,3,2,1,5,4,5,7,4,4,10,5,5,2,15,2,74,2,9,1,1,7,21,8,20,2,16,,6,6,1,22,9,121.5853559,25.0431636
111,1,27,12,35,2,11南港區,南港區玉成街與玉成街235巷口,0,0,2,2,C03,8,1,5,30,3,2,1,5,4,5,7,4,4,10,5,5,2,15,2,58,2,9,3,4,7,9,1,10,2,11,,23,6,1,22,9,121.5853559,25.0431636
111,1,27,12,40,2,04大安區,大安區和平東路2段與復興南路2段口,0,0,1,1,C03,8,1,5,50,14,9,1,5,4,5,7,2,1,1,4,5,2,12,1,71,3,10,3,4,7,9,1,10,1,13,,43,43,1,22,9,121.5431627,25.02483948
111,1,27,12,40,2,04大安區,大安區和平東路2段與復興南路2段口,0,0,1,2,C03,8,1,5,50,14,9,1,5,4,5,7,2,1,1,4,5,2,12,1,25,2,9,3,4,7,1,1,10,1,14,,43,43,1,22,9,121.5431627,25.02483948
111,1,27,12,59,2,06松山區,松山區八德路4段與中坡北路口,0,0,2,1,C03,8,1,5,50,4,1,1,5,4,5,7,1,1,9,5,5,2,15,1,19,2,9,1,4,7,9,3,18,11,12,,25,25,1,22,9,121.5795023,25.0503452
111,1,27,12,59,2,06松山區,松山區八德路4段與中坡北路口,0,0,2,2,C03,8,1,5,50,4,1,1,5,4,5,7,1,1,9,5,5,2,15,1,70,2,9,1,4,7,9,4,8,2,11,,44,25,1,22,9,121.5795023,25.0503452
111,1,27,13,1,2,02萬華區,萬華區艋舺大道與萬大路口,0,0,1,1,C03,8,1,5,50,4,1,1,5,4,5,7,2,1,3,2,5,2,16,1,18,3,10,1,4,7,6,1,10,2,12,,9,9,1,22,9,121.5004611,25.03282055
111,1,27,13,1,2,02萬華區,萬華區艋舺大道與萬大路口,0,0,1,2,C03,8,1,5,50,4,1,1,5,4,5,7,2,1,3,2,5,2,16,2,78,2,9,1,4,7,9,3,18,2,11,,44,9,1,22,9,121.5004611,25.03282055
111,1,27,13,36,2,04大安區,大安區敦化南路2段與安和路2段171巷口,0,0,2,1,B03,8,1,5,50,4,1,1,5,4,5,7,1,1,1,4,5,2,17,1,21,3,10,1,1,7,5,1,8,1,2,,6,6,1,22,9,121.5489764,25.02809133
111,1,27,13,36,2,04大安區,大安區敦化南路2段與安和路2段171巷口,0,0,2,2,B03,8,1,5,50,4,1,1,5,4,5,7,1,1,1,4,5,2,17,1,74,3,10,1,1,7,9,1,8,1,8,,44,6,1,22,9,121.5489764,25.02809133
111,1,27,13,36,2,04大安區,大安區敦化南路2段與安和路2段171巷口,0,0,2,3,H02,8,1,5,50,4,1,1,5,4,5,7,1,1,1,4,5,2,17,2,21,2,9,3,5,7,20,8,20,10,16,,67,6,1,22,9,121.5489764,25.02809133