發生年度,發生月,發生日,發生時-Hours,發生分,處理別-編號,區序,肇事地點,死亡人數,2-30日死亡人數,受傷人數,當事人序號,車種,天候,光線,道路類別,速限-速度限制,道路型態,事故位置,路面狀況1,路面狀況2,路面狀況3,道路障礙1,道路障礙2,號誌1,號誌2,車道劃分-分向,車道劃分-分道1,車道劃分-分道2,車道劃分-分道3,事故類型及型態,性別,年齡,受傷程度,主要傷處,安全帽,行動電話,車輛用途,當事者行動狀態,駕駛資格情形,駕駛執照種類,飲酒情形,車輛撞擊部位1,車輛撞擊部位2,肇因碼-個別,肇因碼-主要,個人肇逃否,職業,旅次目的,座標-X,座標-Y
111,1,27,13,36,2,04大安區,大安區敦化南路2段與安和路2段171巷口,0,0,2,4,H02,8,1,5,50,4,1,1,5,4,5,7,1,1,1,4,5,2,17,2,75,2,9,1,1,7,17,8,20,10,16,,67,6,1,22,9,121.5489764,25.02809133
111,1,27,13,40,2,12內湖區,內湖區成功路2段與潭美街口,0,0,1,1,C03,8,1,5,40,3,2,1,5,4,5,7,2,1,5,4,5,2,13,1,52,2,8,1,1,7,9,1,10,1,11,,16,16,1,22,9,121.5917502,25.06009608
111,1,27,13,40,2,12內湖區,內湖區成功路2段與潭美街口,0,0,1,2,C03,8,1,5,40,3,2,1,5,4,5,7,2,1,5,4,5,2,13,1,36,3,10,1,1,7,12,1,10,1,13,,44,16,1,22,9,121.5917502,25.06009608
111,1,27,13,45,2,03中山區,中山區濱江街180巷6號,0,0,2,1,C03,8,1,5,50,14,9,1,5,4,5,7,4,4,9,5,5,2,12,1,21,2,7,3,4,7,11,1,10,1,14,,10,10,1,22,9,121.5385049,25.07220077
111,1,27,13,45,2,03中山區,中山區濱江街180巷6號,0,0,2,2,C02,8,1,5,50,14,9,1,5,4,5,7,4,4,9,5,5,2,12,1,81,2,7,3,4,7,9,1,9,1,12,,44,10,1,22,9,121.5385049,25.07220077
111,1,27,13,50,2,12內湖區,內湖區潭美街與成功路2段口,0,0,1,1,C02,8,1,5,40,3,1,1,5,4,5,7,1,1,4,5,5,1,12,1,21,2,9,3,4,7,4,1,9,1,14,,1,1,1,22,9,121.5826091,25.05482776
111,1,27,13,50,2,12內湖區,內湖區潭美街與成功路2段口,0,0,1,2,B03,8,1,5,40,3,1,1,5,4,5,7,1,1,4,5,5,1,12,2,46,3,10,3,4,7,6,1,8,1,2,,44,1,1,22,9,121.5826091,25.05482776
111,1,27,14,0,2,03中山區,中山區建國高架道北往南民族上方,0,0,1,1,B03,8,1,5,70,10,7,1,5,4,5,7,4,4,3,3,5,2,13,1,54,3,10,1,1,7,9,1,8,1,1,,23,23,1,22,9,121.5332307,25.06831163
111,1,27,14,0,2,03中山區,中山區建國高架道北往南民族上方,0,0,1,2,B03,8,1,5,70,10,7,1,5,4,5,7,4,4,3,3,5,2,13,1,60,2,2,1,1,7,14,1,8,1,3,,44,23,1,22,9,121.5332307,25.06831163
111,1,27,14,0,2,03中山區,中山區建國高架道北往南民族上方,0,0,1,3,B12,8,1,5,70,10,7,1,5,4,5,7,4,4,3,3,5,2,13,1,54,3,10,1,1,7,14,1,8,1,3,,44,23,1,22,9,121.5332307,25.06831163
111,1,27,14,21,2,10文山區,文山區木柵路2段與木柵路2段204巷口,0,0,2,1,C03,8,1,5,30,14,9,2,5,4,5,7,4,4,5,4,5,2,17,1,32,3,10,1,4,7,5,1,10,2,15,,6,6,1,22,9,121.5638898,24.9887494
111,1,27,14,21,2,10文山區,文山區木柵路2段與木柵路2段204巷口,0,0,2,2,C03,8,1,5,30,14,9,2,5,4,5,7,4,4,5,4,5,2,17,1,31,2,9,1,4,7,9,1,10,2,14,,44,6,1,22,9,121.5638898,24.9887494
111,1,27,14,21,2,10文山區,文山區木柵路2段與木柵路2段204巷口,0,0,2,3,H02,8,1,5,30,14,9,2,5,4,5,7,4,4,5,4,5,2,17,2,55,2,8,1,5,7,17,8,20,10,16,,67,6,1,22,9,121.5638898,24.9887494
111,1,27,14,55,2,06松山區,松山區八德路4段與八德路4段333巷口,0,0,1,1,B03,8,1,5,50,4,1,1,5,4,5,7,2,1,9,4,5,2,11,1,47,3,10,1,1,7,5,1,8,1,6,,8,8,1,22,9,121.5673066,25.04916198
111,1,27,14,55,2,06松山區,松山區八德路4段與八德路4段333巷口,0,0,1,2,C03,8,1,5,50,4,1,1,5,4,5,7,2,1,9,4,5,2,11,2,23,2,9,1,1,7,9,1,10,1,11,,44,8,1,22,9,121.5673066,25.04916198
111,1,27,15,8,2,04大安區,大安區臥龍街與辛亥路3段157巷口,0,0,1,1,C03,8,1,5,50,5,1,1,5,4,5,7,2,1,9,4,5,2,13,2,26,2,9,1,1,7,9,1,10,9,11,,43,43,1,21,8,121.5509049,25.01830389
111,1,27,15,8,2,04大安區,大安區臥龍街與辛亥路3段157巷口,0,0,1,2,C03,8,1,5,50,5,1,1,5,4,5,7,2,1,9,4,5,2,13,2,40,3,10,1,1,7,5,1,10,9,13,,43,43,1,21,8,121.5509049,25.01830389
111,1,27,15,10,2,12內湖區,內湖區康樂街119號前,0,0,1,1,B01,8,1,5,50,14,9,1,5,4,5,7,1,1,9,4,5,2,10,1,66,3,10,1,1,7,9,1,4,2,1,,44,44,1,22,9,121.6192788,25.070989
111,1,27,15,10,2,12內湖區,內湖區康樂街119號前,0,0,1,2,C03,8,1,5,50,14,9,1,5,4,5,7,1,1,9,4,5,2,10,1,44,2,9,1,1,7,9,1,10,2,11,,23,44,1,22,9,121.6192788,25.070989
111,1,27,15,10,2,12內湖區,內湖區康樂街119號前,0,0,1,3,B03,8,1,5,50,14,9,1,5,4,5,7,1,1,9,4,5,2,10,4,,4,11,3,4,7,15,7,19,11,15,,38,44,2,22,9,121.6192788,25.070989
111,1,27,15,10,2,12內湖區,內湖區康樂街119號前,0,0,1,4,B03,8,1,5,50,14,9,1,5,4,5,7,1,1,9,4,5,2,10,4,,,,,,,,,,,,,38,44,,,,121.6192788,25.070989
111,1,27,15,18,2,02萬華區,萬華區西園路1段與廣州街口,0,0,1,1,G03,8,1,5,40,15,18,1,5,4,5,7,1,1,10,5,5,2,3,1,46,3,10,3,4,7,5,1,3,2,10,,15,15,1,22,9,121.4993221,25.03660533
111,1,27,15,18,2,02萬華區,萬華區西園路1段與廣州街口,0,0,1,2,H01,8,1,5,40,15,18,1,5,4,5,7,1,1,10,5,5,2,3,2,79,2,9,4,5,8,16,8,20,10,16,,67,15,1,22,9,121.4993221,25.03660533
111,1,27,15,20,2,12內湖區,內湖區東湖路與康樂街口,0,0,1,1,B03,8,1,5,50,5,1,1,5,4,5,7,1,1,5,5,5,2,16,1,41,3,10,1,1,7,6,1,8,1,5,,9,9,1,22,9,121.6175828,25.0678821
111,1,27,15,20,2,12內湖區,內湖區東湖路與康樂街口,0,0,1,2,C03,8,1,5,50,5,1,1,5,4,5,7,1,1,5,5,5,2,16,2,26,2,4,1,1,7,9,1,10,1,14,,44,9,1,22,9,121.6175828,25.0678821
111,1,27,15,25,2,05中正區,中正區汀州路2段與汀州路2段178巷口,0,0,1,1,C03,8,1,5,50,4,1,1,5,4,5,7,4,4,9,5,5,2,12,1,58,3,10,1,1,7,8,1,10,1,12,,7,7,1,22,9,121.5222277,25.02369751
111,1,27,15,25,2,05中正區,中正區汀州路2段與汀州路2段178巷口,0,0,1,2,C03,8,1,5,50,4,1,1,5,4,5,7,4,4,9,5,5,2,12,1,24,2,8,1,1,7,4,1,10,1,14,,23,7,1,22,9,121.5222277,25.02369751
111,1,27,15,30,2,08士林區,士林區葫蘆街108號與葫蘆街口,0,0,2,1,B12,8,1,5,30,4,1,1,5,4,5,7,4,4,10,5,5,2,16,1,39,3,10,1,1,7,5,1,8,1,1,,6,6,1,22,9,121.5079637,25.08259675
111,1,27,15,30,2,08士林區,士林區葫蘆街108號與葫蘆街口,0,0,2,2,C03,8,1,5,30,4,1,1,5,4,5,7,4,4,10,5,5,2,16,2,35,2,9,1,1,7,9,3,18,1,12,,44,6,1,22,9,121.5079637,25.08259675
111,1,27,15,30,2,08士林區,士林區葫蘆街108號與葫蘆街口,0,0,2,3,H02,8,1,5,30,4,1,1,5,4,5,7,4,4,10,5,5,2,16,2,1,2,9,2,5,7,21,8,20,10,16,,67,6,1,22,9,121.5079637,25.08259675
111,1,27,15,33,2,04大安區,大安區羅斯福路4段與新生南路3段口,0,0,1,1,C03,8,1,5,50,14,9,1,5,4,5,7,2,1,1,4,5,2,12,2,20,2,9,3,4,7,1,1,10,1,11,,17,17,1,22,9,121.5330943,25.0161167
111,1,27,15,33,2,04大安區,大安區羅斯福路4段與新生南路3段口,0,0,1,2,B03,8,1,5,50,14,9,1,5,4,5,7,2,1,1,4,5,2,12,1,60,3,10,3,4,7,1,1,8,1,8,,17,17,1,22,9,121.5330943,25.0161167
111,1,27,15,33,2,04大安區,大安區羅斯福路4段與新生南路3段口,0,0,1,3,C03,8,1,5,50,14,9,1,5,4,5,7,2,1,1,4,5,2,12,1,27,3,10,3,4,7,14,1,10,1,12,,44,17,1,22,9,121.5330943,25.0161167
111,1,27,15,46,2,12內湖區,內湖區民權東路6段80號,0,0,2,1,C03,6,1,5,50,14,9,1,4,4,5,7,4,4,1,4,4,2,13,1,23,2,9,1,1,7,8,1,10,2,11,,7,7,1,22,9,121.585655,25.06885256
111,1,27,15,46,2,12內湖區,內湖區民權東路6段80號,0,0,2,2,C03,6,1,5,50,14,9,1,4,4,5,7,4,4,1,4,4,2,13,1,51,2,9,1,1,7,14,1,10,2,13,,44,7,1,22,9,121.585655,25.06885256
111,1,27,15,46,2,12內湖區,內湖區民權東路6段80號,0,0,2,3,,6,1,5,50,14,9,1,4,4,5,7,4,4,1,4,4,2,13,4,,4,11,3,4,7,15,7,19,11,15,,43,7,2,22,9,121.585655,25.06885256
111,1,27,15,58,2,02萬華區,萬華區柳州街與昆明街257巷口,0,0,2,1,C03,7,1,5,50,3,2,1,5,4,5,7,4,4,10,4,5,1,17,2,41,3,10,3,4,7,5,1,10,1,12,,6,6,1,22,9,121.5050437,25.0371838
111,1,27,15,58,2,02萬華區,萬華區柳州街與昆明街257巷口,0,0,2,2,C03,7,1,5,50,3,2,1,5,4,5,7,4,4,10,4,5,1,17,2,39,2,8,3,4,7,9,1,10,1,11,,14,6,1,22,9,121.5050437,25.0371838
111,1,27,15,58,2,02萬華區,萬華區柳州街與昆明街257巷口,0,0,2,3,H02,7,1,5,50,3,2,1,5,4,5,7,4,4,10,4,5,1,17,2,11,2,8,3,5,7,20,8,20,10,16,,67,6,1,22,9,121.5050437,25.0371838
111,1,27,16,27,2,07信義區,信義區永吉路與永吉路321巷口,0,0,2,1,C03,7,1,5,50,4,1,1,5,4,5,7,1,1,1,4,4,1,12,1,31,2,9,1,1,7,8,1,10,1,11,,7,7,1,22,9,121.5754723,25.04553525
111,1,27,16,27,2,07信義區,信義區永吉路與永吉路321巷口,0,0,2,2,C03,7,1,5,50,4,1,1,5,4,5,7,1,1,1,4,4,1,12,1,21,2,9,1,1,7,1,1,10,1,13,,19,7,1,22,9,121.5754723,25.04553525
111,1,27,16,40,2,06松山區,松山區南京東路3段260號,0,0,3,1,C03,8,1,5,50,14,9,1,5,4,5,7,4,4,1,4,5,2,13,1,20,2,9,1,1,7,9,1,10,1,11,,16,16,1,22,9,121.5441932,25.05178627
111,1,27,16,40,2,06松山區,松山區南京東路3段260號,0,0,3,2,C03,8,1,5,50,14,9,1,5,4,5,7,4,4,1,4,5,2,13,1,21,2,9,1,1,7,9,1,10,1,13,,44,16,1,22,9,121.5441932,25.05178627
111,1,27,16,40,2,06松山區,松山區南京東路3段260號,0,0,3,3,C03,8,1,5,50,14,9,1,5,4,5,7,4,4,1,4,5,2,13,1,49,2,9,1,1,7,9,1,10,1,13,,44,16,1,22,9,121.5441932,25.05178627
111,1,27,16,45,2,04大安區,大安區和平東路3段與敦化南路2段口,0,0,1,1,B03,8,1,5,50,5,1,1,5,4,5,7,1,1,8,3,1,2,15,1,75,3,10,1,1,7,15,1,8,1,5,,43,43,1,22,9,121.5489827,25.02444753
111,1,27,16,45,2,04大安區,大安區和平東路3段與敦化南路2段口,0,0,1,2,C03,8,1,5,50,5,1,1,5,4,5,7,1,1,8,3,1,2,15,2,32,2,9,1,1,7,9,1,10,1,11,,43,43,1,22,9,121.5489827,25.02444753
111,1,27,17,7,2,05中正區,中正區中山南路7號,0,0,1,1,C03,8,1,5,50,14,9,1,5,4,5,7,4,4,5,4,5,2,17,1,28,2,8,1,1,7,12,1,10,1,14,,16,16,1,22,9,121.5182265,25.04053927
111,1,27,17,7,2,05中正區,中正區中山南路7號,0,0,1,2,B01,8,1,5,50,14,9,1,5,4,5,7,4,4,5,4,5,2,17,1,50,3,10,1,1,7,9,1,8,1,6,,44,16,1,22,9,121.5182265,25.04053927
111,1,27,17,7,2,05中正區,中正區中山南路7號,0,0,1,3,C03,8,1,5,50,14,9,1,5,4,5,7,4,4,5,4,5,2,17,2,43,4,11,3,4,7,15,7,19,11,15,,43,16,2,22,9,121.5182265,25.04053927
111,1,27,17,7,2,05中正區,中正區中山南路7號,0,0,1,4,C03,8,1,5,50,14,9,1,5,4,5,7,4,4,5,4,5,2,17,1,25,4,11,3,4,7,7,7,19,11,15,,7,16,2,22,9,121.5182265,25.04053927
111,1,27,17,8,2,05中正區,中正區杭州南路1段與青島東路口,0,0,1,1,B01,8,1,5,50,3,1,1,5,4,5,7,1,1,10,4,5,2,16,1,59,3,10,1,1,7,1,1,4,2,5,,44,44,1,22,9,121.5265008,25.04272912
111,1,27,17,8,2,05中正區,中正區杭州南路1段與青島東路口,0,0,1,2,C03,8,1,5,50,3,1,1,5,4,5,7,1,1,10,4,5,2,16,2,31,2,8,1,1,7,5,1,10,2,12,,8,44,1,22,9,121.5265008,25.04272912
111,1,27,17,15,2,07信義區,信義區忠孝東路5段295巷與虎林街120巷口,0,0,2,1,C03,8,1,5,30,4,1,1,5,4,3,5,4,4,10,5,5,1,15,1,27,2,7,3,4,7,9,1,10,1,11,,6,6,1,22,9,121.5725626,25.04223119
111,1,27,17,15,2,07信義區,信義區忠孝東路5段295巷與虎林街120巷口,0,0,2,2,C03,8,1,5,30,4,1,1,5,4,3,5,4,4,10,5,5,1,15,1,38,2,7,3,4,7,9,5,10,1,14,,14,6,1,22,9,121.5725626,25.04223119
111,1,27,17,15,2,07信義區,信義區忠孝東路5段295巷與虎林街120巷口,0,0,2,3,B12,8,1,5,30,4,1,1,5,4,3,5,4,4,10,5,5,1,15,1,38,3,10,3,4,7,14,1,8,1,15,,38,6,1,22,9,121.5725626,25.04223119
111,1,27,17,16,2,03中山區,中山區建國北路3段62號旁,0,0,1,1,B03,8,3,5,50,14,9,1,5,4,5,7,4,4,10,4,5,2,12,1,31,3,10,1,1,7,8,1,8,1,2,,7,7,1,22,9,121.5363952,25.06518078
111,1,27,17,16,2,03中山區,中山區建國北路3段62號旁,0,0,1,2,C03,8,3,5,50,14,9,1,5,4,5,7,4,4,10,4,5,2,12,1,55,2,9,1,1,7,9,1,10,1,14,,44,7,1,22,9,121.5363952,25.06518078
111,1,27,17,20,2,05中正區,中正區汀州路3段206號,0,0,1,1,B03,8,2,5,50,14,9,1,5,4,5,7,4,4,9,4,5,2,13,1,56,3,10,1,1,7,12,1,8,1,6,,42,42,1,22,9,121.5354191,25.0122075
111,1,27,17,20,2,05中正區,中正區汀州路3段206號,0,0,1,2,C03,8,2,5,50,14,9,1,5,4,5,7,4,4,9,4,5,2,13,2,30,2,9,1,1,7,9,1,10,1,11,,16,42,1,22,9,121.5354191,25.0122075
111,1,27,17,30,2,05中正區,中正區重慶南路3段與和平西路1段口,0,0,3,3,H02,8,1,5,30,5,1,1,5,4,5,7,1,1,3,4,5,2,12,2,18,2,9,4,5,7,20,8,20,10,16,,67,43,1,22,9,121.5158501,25.02742538
111,1,27,17,30,2,05中正區,中正區重慶南路3段與和平西路1段口,0,0,3,1,C03,8,1,5,30,5,1,1,5,4,5,7,1,1,3,4,5,2,12,1,20,2,9,1,1,7,9,1,10,1,12,,43,43,1,22,9,121.5158501,25.02742538
111,1,27,17,30,2,05中正區,中正區重慶南路3段與和平西路1段口,0,0,3,2,C03,8,1,5,30,5,1,1,5,4,5,7,1,1,3,4,5,2,12,2,38,2,8,1,1,7,9,1,10,1,15,,43,43,1,22,9,121.5158501,25.02742538
111,1,27,18,22,2,12內湖區,內湖區舊宗路2段171巷第39車格,0,0,1,2,B03,8,3,5,50,14,9,1,5,4,5,7,4,4,5,4,5,2,17,1,37,2,2,3,4,7,13,1,8,1,8,,43,43,1,22,9,121.5760302,25.07121991
111,1,27,18,22,2,12內湖區,內湖區舊宗路2段171巷第39車格,0,0,1,1,B03,8,3,5,50,14,9,1,5,4,5,7,4,4,5,4,5,2,17,1,32,4,11,3,4,7,15,7,19,11,15,,43,43,2,22,9,121.5760302,25.07121991
111,1,27,18,50,2,02萬華區,萬華區華中橋往新北市機車道(華中019),0,0,1,1,C03,8,3,5,40,8,11,1,5,4,5,7,4,4,3,4,5,1,16,1,24,3,10,1,1,7,7,1,10,2,15,,42,42,1,22,9,121.495427,25.01462664
111,1,27,18,50,2,02萬華區,萬華區華中橋往新北市機車道(華中019),0,0,1,2,C03,8,3,5,40,8,11,1,5,4,5,7,4,4,3,4,5,1,16,1,35,2,9,1,1,7,9,1,10,2,12,,13,42,1,22,9,121.495427,25.01462664
111,1,27,18,50,2,07信義區,信義區基隆路1段與基隆路1段102巷口,0,0,1,1,B03,8,3,5,50,3,1,1,5,4,5,7,4,4,1,4,5,2,12,1,67,3,10,3,4,7,6,1,8,1,2,,43,43,1,22,9,121.5667765,25.04534812
111,1,27,18,50,2,07信義區,信義區基隆路1段與基隆路1段102巷口,0,0,1,2,C03,8,3,5,50,3,1,1,5,4,5,7,4,4,1,4,5,2,12,1,34,2,9,3,4,7,9,1,10,1,14,,43,43,1,22,9,121.5667765,25.04534812
111,1,27,18,55,2,08士林區,士林區福林路254巷與至善路1段口,0,0,1,1,B03,8,3,5,50,3,2,1,5,4,5,1,3,1,1,3,5,1,12,1,60,3,10,1,1,7,7,1,8,1,8,,26,26,1,22,9,121.5375641,25.09803987
111,1,27,18,55,2,08士林區,士林區福林路254巷與至善路1段口,0,0,1,2,C04,8,3,5,50,3,2,1,5,4,5,1,3,1,1,3,5,1,12,2,56,2,7,1,1,7,9,1,11,1,12,,44,26,1,22,9,121.5375641,25.09803987
111,1,27,19,6,2,09北投區,北投區大度路3段與立德路口東往西,0,0,1,1,B03,8,1,5,50,3,2,1,5,4,5,7,1,1,9,4,5,1,12,1,63,3,10,1,1,7,7,1,8,2,8,,7,7,1,22,9,121.4714392,25.12296917
111,1,27,19,6,2,09北投區,北投區大度路3段與立德路口東往西,0,0,1,2,C03,8,1,5,50,3,2,1,5,4,5,7,1,1,9,4,5,1,12,1,55,2,8,1,1,7,8,1,10,2,12,,7,7,1,22,9,121.4714392,25.12296917
111,1,27,19,15,2,05中正區,中正區羅斯福路4段與羅斯福路4段90巷口,0,0,1,1,C03,7,3,5,50,3,2,1,5,4,5,7,2,1,2,4,5,2,12,1,18,3,10,1,1,7,9,1,10,1,12,,23,23,1,22,9,121.5349747,25.0139743
111,1,27,19,15,2,05中正區,中正區羅斯福路4段與羅斯福路4段90巷口,0,0,1,2,C03,7,3,5,50,3,2,1,5,4,5,7,2,1,2,4,5,2,12,1,50,2,8,1,1,7,10,1,10,1,14,,7,23,1,22,9,121.5349747,25.0139743
111,1,27,19,15,2,11南港區,南港區市民大道8段與向陽路口,0,0,1,1,B03,8,3,5,50,4,1,1,5,4,5,7,1,1,1,3,5,2,11,1,42,3,10,1,1,7,5,1,8,2,8,,6,6,1,22,9,121.5955432,25.05143671
111,1,27,19,15,2,11南港區,南港區市民大道8段與向陽路口,0,0,1,2,C03,8,3,5,50,4,1,1,5,4,5,7,1,1,1,3,5,2,11,1,21,2,7,1,1,7,9,1,10,2,11,,23,6,1,22,9,121.5955432,25.05143671
111,1,27,19,15,2,11南港區,南港區市民大道8段與向陽路口,0,0,1,3,C03,8,3,5,50,4,1,1,5,4,5,7,1,1,1,3,5,2,11,1,27,3,10,1,1,7,14,1,10,2,14,,44,6,1,22,9,121.5955432,25.05143671
111,1,27,19,16,2,07信義區,信義區林口街80巷22號,0,0,1,1,H02,8,3,5,30,14,9,1,5,4,5,7,4,4,10,5,5,2,2,2,76,3,10,1,1,7,19,8,20,1,15,,56,56,1,22,9,121.5799882,25.03941301
111,1,27,19,16,2,07信義區,信義區林口街80巷22號,0,0,1,2,B01,8,3,5,30,14,9,1,5,4,5,7,4,4,10,5,5,2,2,1,65,3,10,1,1,7,14,1,8,1,6,,38,56,1,22,9,121.5799882,25.03941301
111,1,27,19,16,2,07信義區,信義區林口街80巷22號,0,0,1,3,F01,8,3,5,30,14,9,1,5,4,5,7,4,4,10,5,5,2,2,2,73,2,1,1,1,7,15,8,20,1,16,,44,56,1,22,9,121.5799882,25.03941301
111,1,27,19,16,2,07信義區,信義區林口街80巷22號,0,0,1,4,C03,8,3,5,30,14,9,1,5,4,5,7,4,4,10,5,5,2,2,1,39,3,10,1,1,7,13,1,10,11,15,,44,56,1,22,9,121.5799882,25.03941301
111,1,27,19,42,2,03中山區,中山區長春路194號,0,0,2,1,C03,8,1,5,40,14,8,1,5,4,5,7,4,4,9,4,4,2,13,2,27,2,9,1,1,7,9,1,10,1,11,,23,23,1,22,9,121.5353686,25.05474594
111,1,27,19,42,2,03中山區,中山區長春路194號,0,0,2,2,C03,8,1,5,40,14,8,1,5,4,5,7,4,4,9,4,4,2,13,2,38,3,10,1,1,7,12,1,10,1,13,,44,23,1,22,9,121.5353686,25.05474594
111,1,27,19,42,2,03中山區,中山區長春路194號,0,0,2,4,B03,8,1,5,40,14,8,1,5,4,5,7,4,4,9,4,4,2,13,1,48,3,10,1,1,7,14,1,8,9,15,,43,23,1,22,9,121.5353686,25.05474594
111,1,27,19,42,2,03中山區,中山區長春路194號,0,0,2,3,H02,8,1,5,40,14,8,1,5,4,5,7,4,4,9,4,4,2,13,1,30,2,9,4,5,7,21,8,20,10,16,,67,23,1,22,9,121.5353686,25.05474594
111,1,27,19,55,2,04大安區,大安區延吉街與光復南路240巷口,0,0,1,1,B03,8,3,5,30,3,1,1,5,4,5,7,4,4,9,5,5,2,16,2,50,3,10,1,4,7,5,1,8,1,1,,6,6,1,22,9,121.554852,25.0405356
111,1,27,19,55,2,04大安區,大安區延吉街與光復南路240巷口,0,0,1,2,C03,8,3,5,30,3,1,1,5,4,5,7,4,4,9,5,5,2,16,1,25,2,7,1,4,7,9,6,10,1,12,,44,6,1,22,9,121.554852,25.0405356
111,1,27,20,15,2,08士林區,士林區文林路404巷與文林路口,0,0,2,1,C03,7,3,5,30,3,1,1,5,4,5,7,4,4,5,5,5,1,17,1,18,2,8,1,1,7,14,1,10,1,11,,44,44,1,21,8,121.5249455,25.0938982
111,1,27,20,15,2,08士林區,士林區文林路404巷與文林路口,0,0,2,2,C03,7,3,5,30,3,1,1,5,4,5,7,4,4,5,5,5,1,17,1,29,2,8,1,1,7,4,1,10,1,11,,4,44,1,21,8,121.5249455,25.0938982
111,1,27,20,39,2,02萬華區,萬華區和平西路3段與康定路口,0,0,1,1,C03,8,3,5,50,4,2,1,5,4,5,7,1,1,1,4,5,1,17,1,62,3,10,1,1,7,9,1,10,2,15,,30,30,1,22,9,121.5012778,25.03527665
111,1,27,20,39,2,02萬華區,萬華區和平西路3段與康定路口,0,0,1,2,C03,8,3,5,50,4,2,1,5,4,5,7,1,1,1,4,5,1,17,1,24,2,9,1,1,7,9,1,10,2,11,,44,30,1,22,9,121.5012778,25.03527665
111,1,27,21,13,2,04大安區,大安區敦化南路1段187巷與忠孝東路4段223巷口,0,0,1,1,B03,6,1,5,50,4,1,1,4,4,5,7,4,4,5,5,5,2,16,1,39,3,10,1,1,7,5,1,8,1,1,,6,6,1,22,9,121.5491073,25.0425949
111,1,27,21,13,2,04大安區,大安區敦化南路1段187巷與忠孝東路4段223巷口,0,0,1,2,C03,6,1,5,50,4,1,1,4,4,5,7,4,4,5,5,5,2,16,2,27,2,9,1,1,7,9,1,10,1,11,,44,6,1,22,9,121.5491073,25.0425949
111,1,27,21,21,2,03中山區,中山區吉林路與民生東路2段口,0,0,1,1,B01,8,3,5,50,4,2,1,5,4,5,7,1,1,5,4,4,2,13,1,68,3,10,1,3,7,9,1,4,1,5,,23,23,1,22,9,121.5302053,25.05796693
111,1,27,21,21,2,03中山區,中山區吉林路與民生東路2段口,0,0,1,2,C03,8,3,5,50,4,2,1,5,4,5,7,1,1,5,4,4,2,13,1,34,3,10,1,1,7,14,1,9,1,13,,44,23,1,22,9,121.5302053,25.05796693
111,1,27,21,21,2,03中山區,中山區吉林路與民生東路2段口,0,0,1,3,H02,8,3,5,50,4,2,1,5,4,5,7,1,1,5,4,4,2,13,2,34,2,9,1,5,7,20,8,20,10,16,,67,23,1,22,9,121.5302053,25.05796693
111,1,27,21,30,2,08士林區,士林區德行東路132巷與德行東路132巷3弄口,0,0,2,1,B01,7,3,5,30,4,1,1,5,4,5,3,4,4,10,5,5,2,17,1,68,3,10,3,4,7,5,1,4,1,1,,44,44,1,22,9,121.529261,25.10745599
111,1,27,21,30,2,08士林區,士林區德行東路132巷與德行東路132巷3弄口,0,0,2,2,C03,7,3,5,30,4,1,1,5,4,5,3,4,4,10,5,5,2,17,2,50,2,9,1,4,7,9,1,10,1,11,,6,44,1,22,9,121.529261,25.10745599
111,1,27,21,30,2,08士林區,士林區德行東路132巷與德行東路132巷3弄口,0,0,2,3,H02,7,3,5,30,4,1,1,5,4,5,3,4,4,10,5,5,2,17,2,20,2,7,1,5,7,20,8,20,10,16,,67,44,1,22,9,121.529261,25.10745599
111,1,27,21,37,2,01大同區,大同區長安西路與重慶北路1段口,0,0,3,1,C03,8,3,5,50,4,1,1,5,4,5,7,1,1,4,3,5,1,17,1,18,2,9,1,1,7,5,1,10,2,14,,8,8,1,22,9,121.5138449,25.05160163
111,1,27,21,37,2,01大同區,大同區長安西路與重慶北路1段口,0,0,3,2,C03,8,3,5,50,4,1,1,5,4,5,7,1,1,4,3,5,1,17,2,26,2,9,1,1,7,9,1,10,2,11,,44,8,1,22,9,121.5138449,25.05160163
111,1,27,21,37,2,01大同區,大同區長安西路與重慶北路1段口,0,0,3,3,H02,8,3,5,50,4,1,1,5,4,5,7,1,1,4,3,5,1,17,1,18,2,9,1,5,7,21,8,20,10,15,,67,8,1,22,9,121.5138449,25.05160163
111,1,27,21,43,2,03中山區,中山區大直橋北往南上坡處,0,0,1,1,B03,8,3,5,50,8,9,1,5,4,5,7,4,4,1,4,5,2,17,1,46,4,11,3,4,7,8,1,8,11,15,,7,7,1,22,9,121.5443063,25.07843214
111,1,27,21,43,2,03中山區,中山區大直橋北往南上坡處,0,0,1,2,C03,8,3,5,50,8,9,1,5,4,5,7,4,4,1,4,5,2,17,1,49,2,7,1,4,7,9,1,10,11,15,,13,7,1,22,9,121.5443063,25.07843214
111,1,27,21,43,2,03中山區,中山區大直橋北往南上坡處,0,0,1,3,,8,3,5,50,8,9,1,5,4,5,7,4,4,1,4,5,2,17,3,,,,,,,,,,,,,67,7,1,,,121.5443063,25.07843214
111,1,27,21,44,2,11南港區,南港區南港路3段與南港路3段106巷口口,0,0,1,1,A12,8,3,5,50,4,1,1,5,4,5,7,1,1,4,3,5,2,13,1,67,3,10,1,1,7,5,1,7,2,3,,26,26,1,22,9,121.5898711,25.05342603