發生年度,發生月,發生日,發生時-Hours,發生分,處理別-編號,區序,肇事地點,死亡人數,2-30日死亡人數,受傷人數,當事人序號,車種,天候,光線,道路類別,速限-速度限制,道路型態,事故位置,路面狀況1,路面狀況2,路面狀況3,道路障礙1,道路障礙2,號誌1,號誌2,車道劃分-分向,車道劃分-分道1,車道劃分-分道2,車道劃分-分道3,事故類型及型態,性別,年齡,受傷程度,主要傷處,安全帽,行動電話,車輛用途,當事者行動狀態,駕駛資格情形,駕駛執照種類,飲酒情形,車輛撞擊部位1,車輛撞擊部位2,肇因碼-個別,肇因碼-主要,個人肇逃否,職業,旅次目的,座標-X,座標-Y
111,1,27,21,44,2,11南港區,南港區南港路3段與南港路3段106巷口口,0,0,1,2,C03,8,3,5,50,4,1,1,5,4,5,7,1,1,4,3,5,2,13,1,54,2,1,1,1,7,9,1,10,2,11,,23,26,1,22,9,121.5898711,25.05342603
111,1,27,21,44,2,11南港區,南港區南港路3段與南港路3段106巷口口,0,0,1,3,B02,8,3,5,50,4,1,1,5,4,5,7,1,1,4,3,5,2,13,2,50,3,10,1,1,7,13,7,19,1,3,,44,26,1,22,9,121.5898711,25.05342603
111,1,27,22,10,2,05中正區,中正區北平東路與中山北路1段口,0,0,1,1,B03,8,3,5,50,4,1,1,5,4,5,7,1,1,1,4,5,2,12,1,64,3,10,1,1,7,6,1,8,11,15,,9,9,1,22,9,121.5202774,25.04734914
111,1,27,22,10,2,05中正區,中正區北平東路與中山北路1段口,0,0,1,2,C03,8,3,5,50,4,1,1,5,4,5,7,1,1,1,4,5,2,12,1,28,2,9,1,1,7,9,1,10,2,15,,44,9,1,22,9,121.5202774,25.04734914
111,1,27,22,10,2,05中正區,中正區北平東路與中山北路1段口,0,0,1,3,B02,8,3,5,50,4,1,1,5,4,5,7,1,1,1,4,5,2,12,1,48,3,10,1,1,7,9,1,4,2,2,,44,9,1,22,9,121.5202774,25.04734914
111,1,27,22,35,2,10文山區,文山區興隆路4段與忠順街1段口,0,0,2,1,C03,7,3,5,50,4,2,1,5,4,5,7,2,1,1,4,5,2,17,2,35,2,5,1,1,7,5,1,10,2,14,,8,8,1,22,9,121.5617628,24.98445814
111,1,27,22,35,2,10文山區,文山區興隆路4段與忠順街1段口,0,0,2,2,C03,7,3,5,50,4,2,1,5,4,5,7,2,1,1,4,5,2,17,1,18,2,7,1,1,7,9,1,10,2,11,,23,8,1,22,9,121.5617628,24.98445814
111,1,28,1,57,2,03中山區,中山區建國北路3段與建國北路3段113巷口,0,0,2,2,C03,7,3,5,50,3,1,1,5,4,5,7,3,1,1,3,5,2,12,1,23,2,9,3,4,7,9,1,10,1,14,,44,9,1,22,9,121.5359386,25.06635667
111,1,28,1,57,2,03中山區,中山區建國北路3段與建國北路3段113巷口,0,0,2,1,B12,7,3,5,50,3,1,1,5,4,5,7,3,1,1,3,5,2,12,1,49,4,11,3,4,7,6,7,19,11,15,,9,9,2,22,9,121.5359386,25.06635667
111,1,28,1,57,2,03中山區,中山區建國北路3段與建國北路3段113巷口,0,0,2,3,H02,7,3,5,50,3,1,1,5,4,5,7,3,1,1,3,5,2,12,2,22,2,9,3,5,7,20,8,20,10,16,,67,9,1,22,9,121.5359386,25.06635667
111,1,28,5,14,2,03中山區,中山區建國北路1段23巷與八德路2段167巷口,0,0,1,1,C03,8,3,5,30,4,1,1,5,4,5,7,4,4,10,3,5,1,16,1,30,2,9,1,1,7,9,1,10,2,11,,6,6,1,22,9,121.5379839,25.04731571
111,1,28,5,14,2,03中山區,中山區建國北路1段23巷與八德路2段167巷口,0,0,1,2,B01,8,3,5,30,4,1,1,5,4,5,7,4,4,10,3,5,1,16,1,54,3,10,1,1,7,9,1,8,2,8,,14,6,1,22,9,121.5379839,25.04731571
111,1,28,6,0,2,09北投區,北投區承德路7段與承德路7段393巷口,0,0,1,1,B03,8,1,5,60,4,2,1,5,4,5,7,1,1,9,4,5,1,16,1,70,3,10,1,1,7,5,1,8,2,2,,6,6,1,22,9,121.5014286,25.1194442
111,1,28,6,0,2,09北投區,北投區承德路7段與承德路7段393巷口,0,0,1,2,C03,8,1,5,60,4,2,1,5,4,5,7,1,1,9,4,5,1,16,1,28,2,7,1,1,7,9,6,10,2,11,,44,6,1,22,9,121.5014286,25.1194442
111,1,28,6,53,2,04大安區,大安區溫州街與溫州街52巷口,0,0,1,1,F01,6,1,5,30,4,2,1,4,4,5,7,4,4,10,5,5,1,15,1,79,3,10,1,1,7,9,8,20,1,15,,6,6,1,22,9,121.5330364,25.0209358
111,1,28,6,53,2,04大安區,大安區溫州街與溫州街52巷口,0,0,1,2,C03,6,1,5,30,4,2,1,4,4,5,7,4,4,10,5,5,1,15,1,29,2,7,1,1,7,9,1,10,1,15,,42,6,1,22,9,121.5330364,25.0209358
111,1,28,7,18,2,05中正區,中正區重慶南路2段與寧波西街口,0,0,2,1,C03,8,1,5,50,4,1,1,5,4,5,7,1,1,10,4,5,2,17,1,62,2,9,1,1,7,5,1,10,2,13,,8,8,1,22,9,121.5153289,25.0298179
111,1,28,7,18,2,05中正區,中正區重慶南路2段與寧波西街口,0,0,2,2,C03,8,1,5,50,4,1,1,5,4,5,7,1,1,10,4,5,2,17,2,24,2,9,1,1,7,9,1,10,2,11,,44,8,1,22,9,121.5153289,25.0298179
111,1,28,7,25,2,07信義區,信義區松仁路與吳興街365巷口,0,0,1,1,B01,6,1,5,30,3,1,1,4,4,5,7,4,4,9,4,5,1,16,1,56,3,10,3,4,7,6,1,4,1,1,,6,6,1,22,9,121.568511,25.02635299
111,1,28,7,25,2,07信義區,信義區松仁路與吳興街365巷口,0,0,1,2,C03,6,1,5,30,3,1,1,4,4,5,7,4,4,9,4,5,1,16,1,18,2,8,3,4,7,9,1,10,1,12,,44,6,1,22,9,121.568511,25.02635299
111,1,28,7,55,2,12內湖區,內湖區文德路22巷44弄與文德路22巷口,0,0,2,1,C03,8,1,5,30,4,1,1,5,4,5,7,4,4,10,5,5,2,17,1,30,2,8,1,1,7,5,1,10,1,14,,43,43,1,22,9,121.5800948,25.07677017
111,1,28,7,55,2,12內湖區,內湖區文德路22巷44弄與文德路22巷口,0,0,2,2,C03,8,1,5,30,4,1,1,5,4,5,7,4,4,10,5,5,2,17,1,24,2,8,1,1,7,9,1,10,1,12,,43,43,1,22,9,121.5800948,25.07677017
111,1,28,8,30,2,07信義區,信義區信義路6段76巷3弄與松山路口,0,0,2,1,C03,6,1,5,50,3,1,1,4,4,5,1,4,4,10,5,5,2,17,1,47,2,8,1,1,7,6,1,10,1,15,,42,42,1,22,9,121.5785004,25.0361035
111,1,28,8,30,2,07信義區,信義區信義路6段76巷3弄與松山路口,0,0,2,2,C03,6,1,5,50,3,1,1,4,4,5,1,4,4,10,5,5,2,17,2,47,2,8,1,1,7,7,1,10,1,15,,7,42,1,22,9,121.5785004,25.0361035
111,1,28,8,46,2,04大安區,大安區信義路4段與復興南路2段口,0,0,1,1,C03,6,1,5,50,4,1,1,4,4,5,7,1,1,10,5,5,2,17,1,73,4,11,3,4,7,15,7,19,11,15,,42,42,2,22,9,121.543729,25.03326279
111,1,28,8,46,2,04大安區,大安區信義路4段與復興南路2段口,0,0,1,2,C03,6,1,5,50,4,1,1,4,4,5,7,1,1,10,5,5,2,17,1,24,3,10,1,1,7,12,1,10,1,11,13,16,42,1,22,9,121.543729,25.03326279
111,1,28,8,46,2,04大安區,大安區信義路4段與復興南路2段口,0,0,1,3,C03,6,1,5,50,4,1,1,4,4,5,7,1,1,10,5,5,2,17,2,43,2,9,1,1,7,12,1,10,1,11,,16,42,1,22,9,121.543729,25.03326279
111,1,28,9,5,2,12內湖區,內湖區潭美街與安康路106巷口口,0,0,1,1,B03,6,1,5,40,4,1,1,4,4,5,7,2,1,5,4,5,2,12,1,45,3,10,1,1,7,6,1,8,1,6,,9,9,1,22,9,121.5992426,25.06065534
111,1,28,9,5,2,12內湖區,內湖區潭美街與安康路106巷口口,0,0,1,2,C03,6,1,5,40,4,1,1,4,4,5,7,2,1,5,4,5,2,12,2,23,2,8,1,1,7,9,1,10,1,11,,44,9,1,22,9,121.5992426,25.06065534
111,1,28,10,11,2,07信義區,信義區和平東路3段391巷20弄與無名巷口,0,0,1,1,B03,6,1,5,30,3,1,1,4,4,5,7,4,4,10,5,5,2,17,1,45,3,10,1,1,7,6,3,18,1,8,,6,6,1,22,9,121.5593632,25.02119
111,1,28,10,11,2,07信義區,信義區和平東路3段391巷20弄與無名巷口,0,0,1,2,C03,6,1,5,30,3,1,1,4,4,5,7,4,4,10,5,5,2,17,1,24,2,9,1,1,7,9,1,10,1,14,,42,6,1,22,9,121.5593632,25.02119
111,1,28,10,20,2,07信義區,信義區忠孝東路5段423巷與永吉路278巷57弄口,0,0,2,1,B03,6,1,5,30,4,1,1,4,4,5,7,4,4,9,4,5,1,15,1,43,3,10,3,4,7,9,1,8,1,5,,6,6,1,22,9,121.5754154,25.0433697
111,1,28,10,20,2,07信義區,信義區忠孝東路5段423巷與永吉路278巷57弄口,0,0,2,2,C03,6,1,5,30,4,1,1,4,4,5,7,4,4,9,4,5,1,15,2,36,2,8,3,4,7,9,1,10,1,11,,14,6,1,22,9,121.5754154,25.0433697
111,1,28,10,20,2,07信義區,信義區忠孝東路5段423巷與永吉路278巷57弄口,0,0,2,3,H02,6,1,5,30,4,1,1,4,4,5,7,4,4,9,4,5,1,15,1,35,2,7,3,5,7,20,8,20,10,16,,67,6,1,22,9,121.5754154,25.0433697
111,1,28,10,23,2,09北投區,北投區石牌路1段166巷43弄與西安街1段313巷16弄口,0,0,1,1,C03,8,1,5,30,4,1,1,5,4,5,7,4,4,10,5,5,2,15,2,52,2,9,1,1,7,9,1,10,2,11,,6,6,1,22,9,121.5147462,25.11367969
111,1,28,10,23,2,09北投區,北投區石牌路1段166巷43弄與西安街1段313巷16弄口,0,0,1,2,B03,8,1,5,30,4,1,1,5,4,5,7,4,4,10,5,5,2,15,1,53,3,10,1,1,7,9,1,8,2,4,,23,6,1,22,9,121.5147462,25.11367969
111,1,28,10,30,2,05中正區,中正區重慶南路3段與寧波西街口,0,0,1,1,C03,8,1,5,50,4,1,1,5,4,5,7,1,1,1,4,5,2,17,1,20,3,10,1,1,7,6,1,10,1,13,,9,9,1,22,9,121.5153772,25.02976139
111,1,28,10,30,2,05中正區,中正區重慶南路3段與寧波西街口,0,0,1,2,C03,8,1,5,50,4,1,1,5,4,5,7,1,1,1,4,5,2,17,1,70,2,9,1,1,7,9,1,10,1,11,,23,9,1,22,9,121.5153772,25.02976139
111,1,28,10,35,2,08士林區,士林區德行東路283巷與德行東路口,0,0,1,1,C03,8,1,5,50,4,2,1,5,4,5,7,3,1,5,5,5,2,17,1,44,2,9,1,1,7,9,1,10,1,11,,43,43,1,22,9,121.5358983,25.1101252
111,1,28,10,35,2,08士林區,士林區德行東路283巷與德行東路口,0,0,1,2,B03,8,1,5,50,4,2,1,5,4,5,7,3,1,5,5,5,2,17,2,46,3,10,1,1,7,15,1,8,1,7,,44,43,1,22,9,121.5358983,25.1101252
111,1,28,10,44,2,07信義區,信義區忠孝東路5段495號,0,0,1,1,C03,6,1,5,50,14,9,1,4,4,5,7,4,4,10,4,5,2,17,2,23,2,9,1,1,7,9,1,10,1,11,,16,16,1,22,9,121.5783738,25.04120142
111,1,28,10,44,2,07信義區,信義區忠孝東路5段495號,0,0,1,2,B03,6,1,5,50,14,9,1,4,4,5,7,4,4,10,4,5,2,17,2,38,3,10,1,1,7,9,1,8,1,6,,44,16,1,22,9,121.5783738,25.04120142
111,1,28,10,53,2,05中正區,中正區市民大道2段與天津街口,0,0,1,2,C03,7,1,5,40,4,2,1,5,4,5,7,1,1,1,4,5,2,16,2,24,2,9,1,1,7,9,1,10,11,14,,43,43,1,22,9,121.5223307,25.04776272
111,1,28,10,53,2,05中正區,中正區市民大道2段與天津街口,0,0,1,1,B03,7,1,5,40,4,2,1,5,4,5,7,1,1,1,4,5,2,16,4,,4,11,3,4,7,6,7,19,11,15,,43,43,2,22,9,121.5223307,25.04776272
111,1,28,11,2,2,09北投區,北投區大度路1段024燈桿,0,0,3,1,C03,8,1,5,50,14,12,1,5,4,5,7,4,4,1,4,1,1,16,1,48,2,9,1,1,7,7,1,10,2,13,,7,7,1,22,9,121.4912722,25.12172577
111,1,28,11,2,2,09北投區,北投區大度路1段024燈桿,0,0,3,2,C03,8,1,5,50,14,12,1,5,4,5,7,4,4,1,4,1,1,16,2,21,2,9,1,1,7,9,1,10,2,11,,16,7,1,22,9,121.4912722,25.12172577
111,1,28,11,2,2,09北投區,北投區大度路1段024燈桿,0,0,3,3,H02,8,1,5,50,14,12,1,5,4,5,7,4,4,1,4,1,1,16,2,77,2,9,1,5,7,20,8,20,10,16,,67,7,1,22,9,121.4912722,25.12172577
111,1,28,11,2,2,09北投區,北投區大度路1段024燈桿,0,0,1,1,C03,8,1,5,50,14,12,1,5,4,5,7,4,4,1,4,2,2,13,1,30,2,9,1,1,7,9,1,10,2,11,,16,16,1,22,9,121.4928357,25.12169815
111,1,28,11,2,2,09北投區,北投區大度路1段024燈桿,0,0,1,2,C03,8,1,5,50,14,12,1,5,4,5,7,4,4,1,4,2,2,13,1,37,3,10,1,1,7,9,1,10,2,13,,44,16,1,22,9,121.4928357,25.12169815
111,1,28,11,10,2,12內湖區,內湖區瑞光路277號,0,0,1,1,B12,8,1,5,50,14,9,1,5,4,5,7,4,4,5,4,5,2,17,1,55,3,10,1,1,7,7,1,2,1,15,,7,7,1,22,9,121.5767213,25.07528835
111,1,28,11,10,2,12內湖區,內湖區瑞光路277號,0,0,1,2,C03,8,1,5,50,14,9,1,5,4,5,7,4,4,5,4,5,2,17,1,26,2,9,1,1,7,9,1,10,1,14,,13,7,1,22,9,121.5767213,25.07528835
111,1,28,11,42,2,08士林區,士林區中山北路6段441巷與中山北路6段736巷7弄口,0,0,2,1,C03,7,1,5,30,3,2,1,5,4,5,7,4,4,10,5,5,2,17,2,34,2,9,1,1,7,5,1,10,1,11,,6,6,1,22,9,121.526919,25.11656011
111,1,28,11,42,2,08士林區,士林區中山北路6段441巷與中山北路6段736巷7弄口,0,0,2,2,C03,7,1,5,30,3,2,1,5,4,5,7,4,4,10,5,5,2,17,2,37,2,9,1,1,7,9,1,10,1,11,,44,6,1,22,9,121.526919,25.11656011
111,1,28,11,47,2,05中正區,中正區和平西路1段與廈門街口,0,0,1,1,B03,8,1,5,50,4,1,1,5,4,5,7,1,1,1,4,5,2,17,2,47,3,10,1,1,7,5,1,8,2,6,,6,6,1,22,9,121.5179466,25.0266681
111,1,28,11,47,2,05中正區,中正區和平西路1段與廈門街口,0,0,1,2,C03,8,1,5,50,4,1,1,5,4,5,7,1,1,1,4,5,2,17,1,18,2,9,1,1,7,9,1,10,2,11,,44,6,1,22,9,121.5179466,25.0266681
111,1,28,12,0,2,12內湖區,內湖區瑞光路362號,0,0,1,1,B12,7,1,5,50,14,9,1,5,4,5,7,4,4,5,4,5,2,17,1,59,3,10,1,1,7,9,1,8,1,15,,35,35,1,22,9,121.5723618,25.07753097
111,1,28,12,0,2,12內湖區,內湖區瑞光路362號,0,0,1,2,C03,7,1,5,50,14,9,1,5,4,5,7,4,4,5,4,5,2,17,1,21,2,9,1,1,7,4,1,10,1,14,,44,35,1,22,9,121.5723618,25.07753097
111,1,28,12,6,2,06松山區,松山區三民路與延壽街口,0,0,1,1,B12,8,1,5,50,4,1,1,5,4,5,7,1,1,4,3,5,2,17,1,41,3,10,1,1,7,6,1,8,1,6,,27,27,1,22,9,121.5636612,25.05682104
111,1,28,12,6,2,06松山區,松山區三民路與延壽街口,0,0,1,2,C03,8,1,5,50,4,1,1,5,4,5,7,1,1,4,3,5,2,17,1,34,2,9,1,1,7,9,1,10,1,11,,23,27,1,22,9,121.5636612,25.05682104
111,1,28,12,10,2,12內湖區,內湖區陽光街與文德路22巷44弄口口,0,0,1,1,B12,8,1,5,50,3,1,1,5,4,5,7,4,4,7,5,5,2,12,1,22,3,10,1,1,7,6,1,8,1,2,,9,9,1,22,9,121.5815669,25.0747835
111,1,28,12,10,2,12內湖區,內湖區陽光街與文德路22巷44弄口口,0,0,1,2,C03,8,1,5,50,3,1,1,5,4,5,7,4,4,7,5,5,2,12,1,20,2,9,1,1,7,9,1,10,1,11,,13,9,1,22,9,121.5815669,25.0747835
111,1,28,12,21,2,02萬華區,萬華區華江橋機車道與華江橋往台北市口,0,0,3,1,C03,7,1,7,40,8,11,1,5,4,5,7,4,4,1,4,5,2,13,1,58,3,10,1,1,7,9,1,10,1,13,,42,42,1,22,9,121.4886284,25.0355344
111,1,28,12,21,2,02萬華區,萬華區華江橋機車道與華江橋往台北市口,0,0,3,2,C03,7,1,7,40,8,11,1,5,4,5,7,4,4,1,4,5,2,13,1,56,2,8,1,1,7,9,1,10,1,11,,16,42,1,22,9,121.4886284,25.0355344
111,1,28,12,21,2,02萬華區,萬華區華江橋機車道與華江橋往台北市口,0,0,3,3,C03,7,1,7,40,8,11,1,5,4,5,7,4,4,1,4,5,2,13,1,24,2,8,1,1,7,9,1,10,1,11,,13,42,1,22,9,121.4886284,25.0355344
111,1,28,12,21,2,02萬華區,萬華區華江橋機車道與華江橋往台北市口,0,0,3,4,C03,7,1,7,40,8,11,1,5,4,5,7,4,4,1,4,5,2,13,1,58,2,9,1,1,7,9,1,10,1,11,,13,42,1,22,9,121.4886284,25.0355344
111,1,28,12,24,2,10文山區,文山區景仁街與景仁街82巷口,0,0,3,1,C03,7,1,5,30,4,1,1,4,4,5,7,4,4,10,5,5,2,16,1,45,2,8,1,1,7,9,1,10,2,12,,6,6,1,22,9,121.5379101,24.99837335
111,1,28,12,24,2,10文山區,文山區景仁街與景仁街82巷口,0,0,3,2,C03,7,1,5,30,4,1,1,4,4,5,7,4,4,10,5,5,2,16,1,27,2,8,1,1,7,5,1,10,2,11,,13,6,1,22,9,121.5379101,24.99837335
111,1,28,12,24,2,10文山區,文山區景仁街與景仁街82巷口,0,0,3,3,H02,7,1,5,30,4,1,1,4,4,5,7,4,4,10,5,5,2,16,2,45,2,6,1,5,7,21,8,20,10,16,,67,6,1,22,9,121.5379101,24.99837335
111,1,28,13,0,2,07信義區,信義區福德街221巷211號燈桿,0,0,1,1,B03,6,1,5,30,14,9,1,4,4,5,7,4,4,10,5,5,1,11,1,22,3,10,1,1,7,7,1,8,1,8,,23,23,1,22,9,121.5854678,25.03555051
111,1,28,13,0,2,07信義區,信義區福德街221巷211號燈桿,0,0,1,2,C03,6,1,5,30,14,9,1,4,4,5,7,4,4,10,5,5,1,11,1,72,2,8,1,1,7,9,1,10,1,11,,44,23,1,22,9,121.5854678,25.03555051
111,1,28,13,0,2,07信義區,信義區福德街221巷211號燈桿,0,0,1,3,B12,6,1,5,30,14,9,1,4,4,5,7,4,4,10,5,5,1,11,1,66,3,10,3,1,7,13,1,8,9,15,,38,23,1,22,9,121.5854678,25.03555051
111,1,28,13,25,2,07信義區,信義區和平東路3段297號與無名巷口,0,0,1,1,C03,6,1,5,30,3,2,1,4,4,5,7,4,4,10,4,5,2,17,1,36,3,10,1,1,7,6,1,10,1,15,,6,6,1,22,9,121.555516,25.02173666
111,1,28,13,25,2,07信義區,信義區和平東路3段297號與無名巷口,0,0,1,2,C03,6,1,5,30,3,2,1,4,4,5,7,4,4,10,4,5,2,17,2,26,2,9,1,1,7,9,1,10,1,14,,44,6,1,22,9,121.555516,25.02173666
111,1,28,13,35,2,07信義區,信義區基隆路2段107號,0,0,1,1,B12,6,1,5,50,14,9,1,4,4,5,7,4,4,1,4,5,2,17,1,56,3,10,3,4,7,1,1,8,1,4,,19,19,1,22,9,121.5574434,25.0294053
111,1,28,13,35,2,07信義區,信義區基隆路2段107號,0,0,1,2,C03,6,1,5,50,14,9,1,4,4,5,7,4,4,1,4,5,2,17,1,37,2,9,3,4,7,9,1,10,1,14,,23,19,1,22,9,121.5574434,25.0294053
111,1,28,13,50,2,03中山區,中山區民生東路1段25號,0,0,1,1,B01,7,1,5,50,14,9,1,5,4,5,7,4,4,4,3,5,2,17,1,67,3,10,3,4,7,14,1,4,2,2,,38,38,1,22,9,121.5244202,25.05807888
111,1,28,13,50,2,03中山區,中山區民生東路1段25號,0,0,1,2,C03,7,1,5,50,14,9,1,5,4,5,7,4,4,4,3,5,2,17,1,54,2,9,3,4,7,9,1,10,2,14,,44,38,1,22,9,121.5244202,25.05807888
111,1,28,13,50,2,03中山區,中山區民生東路1段25號,0,0,1,3,H02,7,1,5,50,14,9,1,5,4,5,7,4,4,4,3,5,2,17,2,35,3,10,4,5,7,19,8,20,10,16,,56,38,1,22,9,121.5244202,25.05807888
111,1,28,14,5,2,07信義區,信義區信義路5段與松仁路口,0,0,1,1,C04,6,1,5,50,14,9,1,4,4,5,7,2,1,1,4,5,1,18,1,32,2,8,1,1,7,6,1,10,1,14,,43,43,1,22,9,121.5684409,25.03296427
111,1,28,14,5,2,07信義區,信義區信義路5段與松仁路口,0,0,1,2,,6,1,5,50,14,9,1,4,4,5,7,2,1,1,4,5,1,18,3,,,,,,,,,,,,,67,43,1,,,121.5684409,25.03296427
111,1,28,14,10,2,01大同區,大同區民族西路與民族西路187巷口,0,0,1,1,C04,7,1,5,50,4,2,1,5,4,5,7,2,1,4,4,5,2,17,1,73,2,9,3,4,7,6,1,10,1,14,,25,25,1,22,9,121.5149074,25.0686135
111,1,28,14,10,2,01大同區,大同區民族西路與民族西路187巷口,0,0,1,2,B03,7,1,5,50,4,2,1,5,4,5,7,2,1,4,4,5,2,17,1,49,3,10,3,4,7,8,1,8,1,2,,44,25,1,22,9,121.5149074,25.0686135
111,1,28,14,25,2,12內湖區,內湖區內湖路1段與港墘路口,0,0,1,1,B01,8,1,5,50,4,1,1,5,4,5,7,1,1,1,4,5,2,17,1,52,2,1,1,1,7,5,1,4,1,1,,26,26,1,22,9,121.5768802,25.07943116
111,1,28,14,25,2,12內湖區,內湖區內湖路1段與港墘路口,0,0,1,2,B03,8,1,5,50,4,1,1,5,4,5,7,1,1,1,4,5,2,17,1,41,3,10,1,1,7,9,1,8,1,4,,25,26,1,22,9,121.5768802,25.07943116
111,1,28,14,27,2,01大同區,大同區民權西路194號前,0,0,1,1,C03,8,1,5,50,14,9,1,5,4,5,7,4,4,1,4,5,2,12,1,24,3,10,1,1,7,9,1,10,2,15,,23,23,1,22,9,121.514018,25.06290443
111,1,28,14,27,2,01大同區,大同區民權西路194號前,0,0,1,2,C03,8,1,5,50,14,9,1,5,4,5,7,4,4,1,4,5,2,12,2,51,2,9,1,1,7,9,1,10,2,14,,44,23,1,22,9,121.514018,25.06290443
111,1,28,14,27,2,01大同區,大同區民權西路194號前,0,0,1,3,H02,8,1,5,50,14,9,1,5,4,5,7,4,4,1,4,5,2,12,2,29,3,10,4,5,7,21,8,20,10,16,,67,23,1,22,9,121.514018,25.06290443
111,1,28,14,28,2,03中山區,中山區吉林路108巷與無名巷,0,0,1,1,B12,8,1,5,30,13,9,1,5,4,5,7,4,4,10,5,5,1,16,1,51,3,10,3,4,7,6,1,8,1,8,,6,6,1,22,9,121.5297062,25.05335938
111,1,28,14,28,2,03中山區,中山區吉林路108巷與無名巷,0,0,1,2,C03,8,1,5,30,13,9,1,5,4,5,7,4,4,10,5,5,1,16,2,50,2,9,3,4,7,9,1,10,1,11,,44,6,1,22,9,121.5297062,25.05335938
111,1,28,14,30,2,03中山區,中山區民權東路2段145號,0,0,1,1,C03,8,1,5,0,14,9,1,5,4,5,7,4,4,7,2,5,2,13,1,49,4,11,3,4,7,15,7,19,11,15,,16,16,2,22,9,121.5353945,25.06252289
111,1,28,14,30,2,03中山區,中山區民權東路2段145號,0,0,1,2,C03,8,1,5,0,14,9,1,5,4,5,7,4,4,7,2,5,2,13,2,26,2,9,1,1,7,9,1,10,1,11,,23,16,1,5,3,121.5353945,25.06252289
111,1,28,14,30,2,03中山區,中山區民權東路2段145號,0,0,1,3,C03,8,1,5,0,14,9,1,5,4,5,7,4,4,7,2,5,2,13,1,38,3,10,1,1,7,9,1,10,1,13,,44,16,1,5,5,121.5353945,25.06252289
111,1,28,14,36,2,03中山區,中山區民生西路與民生西路66巷口,0,0,1,1,C03,7,1,5,50,4,1,1,5,4,5,7,2,1,5,4,5,2,3,2,55,3,10,1,1,7,9,1,10,2,14,,15,15,1,22,9,121.5208736,25.05764146
111,1,28,14,36,2,03中山區,中山區民生西路與民生西路66巷口,0,0,1,2,H01,7,1,5,50,4,1,1,5,4,5,7,2,1,5,4,5,2,3,2,77,2,7,4,5,8,16,8,20,10,16,,67,15,1,22,9,121.5208736,25.05764146
111,1,28,14,50,2,03中山區,中山區市民大道3段與松江路口,0,0,2,1,C03,8,1,5,50,4,1,1,5,4,5,7,2,1,1,4,5,2,12,1,37,3,10,1,4,7,8,1,10,1,14,,7,7,1,22,9,121.5327142,25.04551332
111,1,28,14,50,2,03中山區,中山區市民大道3段與松江路口,0,0,2,2,C03,8,1,5,50,4,1,1,5,4,5,7,2,1,1,4,5,2,12,1,50,2,9,3,4,7,9,1,9,1,14,,44,7,1,22,9,121.5327142,25.04551332
111,1,28,14,50,2,03中山區,中山區市民大道3段與松江路口,0,0,2,3,H02,8,1,5,50,4,1,1,5,4,5,7,2,1,1,4,5,2,12,2,12,2,8,4,5,7,20,8,20,10,16,,67,7,1,22,9,121.5327142,25.04551332
111,1,28,15,17,2,09北投區,北投區致遠一路1段125巷與致遠一路1段124巷口,0,0,1,1,B03,8,1,5,50,4,2,1,5,4,5,7,4,4,7,5,5,2,12,1,63,3,10,3,4,7,9,1,8,1,2,,44,44,1,22,9,121.5149825,25.11016643
111,1,28,15,17,2,09北投區,北投區致遠一路1段125巷與致遠一路1段124巷口,0,0,1,2,F01,8,1,5,50,4,2,1,5,4,5,7,4,4,7,5,5,2,12,2,58,2,9,1,1,7,7,8,20,1,16,,7,44,1,22,9,121.5149825,25.11016643
111,1,28,15,17,2,09北投區,北投區致遠一路1段125巷與致遠一路1段124巷口,0,0,1,3,B03,8,1,5,50,4,2,1,5,4,5,7,4,4,7,5,5,2,12,1,45,3,10,3,4,7,15,1,8,1,15,,38,44,1,22,9,121.5149825,25.11016643
111,1,28,15,20,1,10文山區,文山區興隆路4段與興隆路4段96巷口口,1,0,1,1,A02,6,1,5,50,4,2,1,4,4,5,7,4,4,1,5,1,2,9,1,37,3,10,3,4,7,9,1,2,2,15,,43,43,1,22,9,121.5619549,24.98363568
111,1,28,15,20,1,10文山區,文山區興隆路4段與興隆路4段96巷口口,1,0,1,2,H02,6,1,5,50,4,2,1,4,4,5,7,4,4,1,5,1,2,9,1,90,1,9,4,5,7,17,8,20,10,16,,43,43,1,22,9,121.5619549,24.98363568
111,1,28,15,20,1,10文山區,文山區興隆路4段與興隆路4段96巷口口,1,0,1,3,C03,6,1,5,50,4,2,1,4,4,5,7,4,4,1,5,1,2,9,2,34,3,10,3,4,7,6,1,10,11,15,,43,43,1,22,9,121.5619549,24.98363568
111,1,28,15,20,1,10文山區,文山區興隆路4段與興隆路4段96巷口口,1,0,1,4,B03,6,1,5,50,4,2,1,4,4,5,7,4,4,1,5,1,2,9,1,57,3,10,3,4,7,15,1,8,11,15,,43,43,1,22,9,121.5619549,24.98363568
111,1,28,15,20,1,10文山區,文山區興隆路4段與興隆路4段96巷口口,1,0,1,5,H02,6,1,5,50,4,2,1,4,4,5,7,4,4,1,5,1,2,9,1,65,2,7,4,5,7,20,8,20,10,16,,67,43,1,22,9,121.5619549,24.98363568
111,1,28,15,25,2,04大安區,大安區基隆路2段與通化街171巷口,0,0,1,1,C03,6,1,5,50,4,2,1,4,4,5,7,1,1,10,5,5,2,17,1,33,3,10,1,1,7,8,1,10,1,15,,7,7,1,22,9,121.5559456,25.02739576