發生年度,發生月,發生日,發生時-Hours,發生分,處理別-編號,區序,肇事地點,死亡人數,2-30日死亡人數,受傷人數,當事人序號,車種,天候,光線,道路類別,速限-速度限制,道路型態,事故位置,路面狀況1,路面狀況2,路面狀況3,道路障礙1,道路障礙2,號誌1,號誌2,車道劃分-分向,車道劃分-分道1,車道劃分-分道2,車道劃分-分道3,事故類型及型態,性別,年齡,受傷程度,主要傷處,安全帽,行動電話,車輛用途,當事者行動狀態,駕駛資格情形,駕駛執照種類,飲酒情形,車輛撞擊部位1,車輛撞擊部位2,肇因碼-個別,肇因碼-主要,個人肇逃否,職業,旅次目的,座標-X,座標-Y
111,1,28,15,25,2,04大安區,大安區基隆路2段與通化街171巷口,0,0,1,2,C03,6,1,5,50,4,2,1,4,4,5,7,1,1,10,5,5,2,17,1,37,2,7,1,1,7,12,1,10,1,12,,44,7,1,22,9,121.5559456,25.02739576
111,1,28,15,40,2,05中正區,中正區重慶南路3段與汀州路2段口,0,0,1,1,C03,8,1,5,30,4,1,1,5,4,5,7,1,1,3,4,5,2,12,2,18,3,10,1,1,7,6,1,10,1,13,,9,9,1,22,9,121.5165032,25.02557351
111,1,28,15,40,2,05中正區,中正區重慶南路3段與汀州路2段口,0,0,1,2,C03,8,1,5,30,4,1,1,5,4,5,7,1,1,3,4,5,2,12,1,21,2,9,1,1,7,9,1,10,1,11,,13,9,1,22,9,121.5165032,25.02557351
111,1,28,16,0,2,03中山區,中山區南京東路1段86號,0,0,1,1,C03,8,1,8,0,15,22,1,5,4,5,7,4,4,10,5,5,2,16,1,23,4,11,3,4,7,15,7,19,11,15,,42,42,2,22,9,121.5255399,25.05198135
111,1,28,16,0,2,03中山區,中山區南京東路1段86號,0,0,1,2,F01,8,1,8,0,15,22,1,5,4,5,7,4,4,10,5,5,2,16,2,62,2,7,1,1,7,9,8,20,9,16,,44,42,1,22,9,121.5255399,25.05198135
111,1,28,16,10,2,11南港區,南港區興華路與東明街口,0,0,1,1,C03,6,1,5,50,3,2,1,4,4,5,7,4,4,9,4,5,2,17,1,52,3,10,1,1,7,5,1,10,2,15,,8,8,1,22,9,121.5851508,25.0480872
111,1,28,16,10,2,11南港區,南港區興華路與東明街口,0,0,1,2,C03,6,1,5,50,3,2,1,4,4,5,7,4,4,9,4,5,2,17,1,52,2,9,1,1,7,9,1,10,2,12,,23,8,1,22,9,121.5851508,25.0480872
111,1,28,16,20,2,12內湖區,內湖區金龍路與內湖路3段141巷口,0,0,2,1,C03,6,1,5,50,4,1,1,4,4,5,7,2,1,1,4,4,2,16,2,35,2,9,1,1,7,5,1,10,1,12,,8,8,1,22,9,121.5892238,25.08626584
111,1,28,16,20,2,12內湖區,內湖區金龍路與內湖路3段141巷口,0,0,2,2,C03,6,1,5,50,4,1,1,4,4,5,7,2,1,1,4,4,2,16,1,28,2,9,1,1,7,9,1,10,1,11,,13,8,1,22,9,121.5892238,25.08626584
111,1,28,16,22,2,07信義區,信義區信安街與嘉興街181巷口,0,0,1,1,B03,6,1,5,50,4,1,1,4,4,5,7,1,1,5,5,5,2,12,1,71,3,10,1,1,7,5,1,8,1,4,,8,8,1,22,9,121.557451,25.0260994
111,1,28,16,22,2,07信義區,信義區信安街與嘉興街181巷口,0,0,1,2,C03,6,1,5,50,4,1,1,4,4,5,7,1,1,5,5,5,2,12,2,26,2,8,1,1,7,4,1,9,1,12,,1,8,1,22,9,121.557451,25.0260994
111,1,28,16,30,2,06松山區,松山區塔悠路187號旁堤外便道,0,0,1,1,B12,7,1,5,30,3,1,1,5,4,5,7,4,4,10,5,5,2,16,1,50,3,10,1,1,7,6,1,8,1,2,,42,42,1,22,9,121.5699018,25.0564267
111,1,28,16,30,2,06松山區,松山區塔悠路187號旁堤外便道,0,0,1,2,C03,7,1,5,30,3,1,1,5,4,5,7,4,4,10,5,5,2,16,1,51,2,9,1,1,7,9,1,9,1,14,,42,42,1,22,9,121.5699018,25.0564267
111,1,28,16,30,2,08士林區,士林區中山北路6段175號,0,0,2,1,C03,7,1,5,50,14,9,1,5,4,5,7,4,4,1,4,5,1,17,2,50,2,9,1,1,7,10,1,10,2,12,,7,7,1,22,9,121.5249909,25.10743449
111,1,28,16,30,2,08士林區,士林區中山北路6段175號,0,0,2,2,C03,7,1,5,50,14,9,1,5,4,5,7,4,4,1,4,5,1,17,1,34,2,9,1,1,7,9,1,10,2,11,,44,7,1,22,9,121.5249909,25.10743449
111,1,28,17,8,2,02萬華區,萬華區萬大路305號,0,0,1,1,A02,8,1,5,30,14,9,1,5,4,1,7,4,4,1,4,5,2,9,1,44,3,10,1,1,7,3,1,2,9,15,,43,43,2,22,9,121.5004421,25.02476172
111,1,28,17,8,2,02萬華區,萬華區萬大路305號,0,0,1,2,H02,8,1,5,30,14,9,1,5,4,1,7,4,4,1,4,5,2,9,2,39,2,5,4,1,7,19,8,20,10,15,,67,43,1,22,9,121.5004421,25.02476172
111,1,28,17,8,2,02萬華區,萬華區萬大路305號,0,0,1,3,C03,8,1,5,30,14,9,1,5,4,1,7,4,4,1,4,5,2,9,1,48,3,10,1,1,7,9,1,10,1,11,,43,43,1,22,9,121.5004421,25.02476172
111,1,28,17,10,2,10文山區,文山區木柵路1段325號,0,0,1,1,C03,7,1,5,50,15,9,1,4,4,5,7,2,1,9,4,5,1,13,2,72,2,9,1,1,7,9,1,10,2,11,,16,16,1,22,9,121.5563383,24.98844065
111,1,28,17,10,2,10文山區,文山區木柵路1段325號,0,0,1,2,B03,7,1,5,50,15,9,1,4,4,5,7,2,1,9,4,5,1,13,2,38,3,10,1,1,7,9,1,8,2,6,,44,16,1,22,9,121.5563383,24.98844065
111,1,28,17,14,2,04大安區,大安區敦化南路1段190巷與忠孝東路4段101巷口,0,0,2,1,B03,6,3,5,30,4,2,1,4,4,5,7,4,4,4,4,5,1,15,1,27,3,10,1,1,7,9,1,8,1,1,,6,6,1,22,9,121.5481045,25.04263125
111,1,28,17,14,2,04大安區,大安區敦化南路1段190巷與忠孝東路4段101巷口,0,0,2,2,C03,6,3,5,30,4,2,1,4,4,5,7,4,4,4,4,5,1,15,2,33,2,9,1,1,7,9,1,10,1,14,,44,6,1,22,9,121.5481045,25.04263125
111,1,28,17,14,2,04大安區,大安區敦化南路1段190巷與忠孝東路4段101巷口,0,0,2,3,H02,6,3,5,30,4,2,1,4,4,5,7,4,4,4,4,5,1,15,1,28,2,9,1,1,7,21,8,20,10,15,,67,6,1,22,9,121.5481045,25.04263125
111,1,28,17,45,2,04大安區,大安區忠孝東路3段與建國南路1段口,0,0,1,1,C03,6,1,5,50,4,3,1,4,4,5,7,1,1,10,5,5,2,13,1,19,2,2,1,1,7,12,1,10,1,11,,16,16,1,22,9,121.5367598,25.04167894
111,1,28,17,45,2,04大安區,大安區忠孝東路3段與建國南路1段口,0,0,1,2,C03,6,1,5,50,4,3,1,4,4,5,7,1,1,10,5,5,2,13,1,22,3,10,1,1,7,12,1,10,1,13,,44,16,1,22,9,121.5367598,25.04167894
111,1,28,17,49,2,03中山區,中山區新生北路2段62巷42號,0,0,2,1,C02,7,3,5,30,14,9,1,5,4,5,7,4,4,10,5,5,2,16,1,49,2,9,2,4,7,1,1,9,1,14,,19,19,1,22,9,121.5256692,25.05623998
111,1,28,17,49,2,03中山區,中山區新生北路2段62巷42號,0,0,2,2,C04,7,3,5,30,14,9,1,5,4,5,7,4,4,10,5,5,2,16,1,25,2,9,1,4,7,9,1,8,1,11,,44,19,1,22,9,121.5256692,25.05623998
111,1,28,17,58,2,06松山區,松山區三民路110巷2號,0,0,1,1,C03,8,3,5,30,3,2,1,5,4,5,7,4,4,10,5,5,2,15,1,52,3,10,1,1,7,9,1,10,1,11,,23,23,1,22,9,121.5641927,25.05801877
111,1,28,17,58,2,06松山區,松山區三民路110巷2號,0,0,1,2,F01,8,3,5,30,3,2,1,5,4,5,7,4,4,10,5,5,2,15,2,64,2,9,1,1,7,9,8,20,1,16,,26,23,1,22,9,121.5641927,25.05801877
111,1,28,18,0,2,05中正區,中正區信義路2段243巷與新生南路1段160巷口,0,0,1,1,B03,8,3,5,30,4,1,1,5,4,5,7,4,4,10,5,5,2,15,1,41,3,10,1,4,7,9,1,8,2,6,,6,6,1,22,9,121.5311743,25.03460695
111,1,28,18,0,2,05中正區,中正區信義路2段243巷與新生南路1段160巷口,0,0,1,2,C03,8,3,5,30,4,1,1,5,4,5,7,4,4,10,5,5,2,15,1,30,2,8,1,4,7,9,1,10,2,11,,14,6,1,22,9,121.5311743,25.03460695
111,1,28,18,0,2,10文山區,文山區羅斯福路5段與興隆路1段口,0,0,1,1,C03,6,3,5,50,4,1,1,4,4,5,7,2,1,1,4,5,2,13,1,25,2,9,1,1,7,9,1,9,1,11,,23,23,1,22,9,121.5385671,25.0025727
111,1,28,18,0,2,10文山區,文山區羅斯福路5段與興隆路1段口,0,0,1,2,B03,6,3,5,50,4,1,1,4,4,5,7,2,1,1,4,5,2,13,1,55,3,10,1,1,7,9,1,8,1,3,,44,23,1,22,9,121.5385671,25.0025727
111,1,28,18,10,2,04大安區,大安區延吉街259號,0,0,2,1,C03,6,3,5,50,14,9,1,4,4,5,7,1,1,8,3,4,1,13,1,29,2,8,1,1,7,9,1,10,1,11,,23,23,1,22,9,121.5566041,25.03435125
111,1,28,18,10,2,04大安區,大安區延吉街259號,0,0,2,2,H01,6,3,5,50,14,9,1,4,4,5,7,1,1,8,3,4,1,13,2,88,2,9,4,5,8,16,8,20,1,16,,67,23,1,22,9,121.5566041,25.03435125
111,1,28,18,12,2,11南港區,南港區忠孝東路6段與東新街口,0,0,1,1,B03,6,1,5,50,4,2,1,4,4,5,7,1,1,9,4,5,2,12,1,43,3,10,1,1,7,9,1,8,2,1,,44,44,1,22,9,121.6057771,25.0560537
111,1,28,18,12,2,11南港區,南港區忠孝東路6段與東新街口,0,0,1,2,C03,6,1,5,50,4,2,1,4,4,5,7,1,1,9,4,5,2,12,2,58,2,1,1,1,7,8,1,10,11,13,,7,44,1,22,9,121.6057771,25.0560537
111,1,28,18,12,2,11南港區,南港區忠孝東路6段與東新街口,0,0,1,3,B03,6,1,5,50,4,2,1,4,4,5,7,1,1,9,4,5,2,12,1,37,3,10,1,1,7,14,1,8,2,4,,44,44,1,22,9,121.6057771,25.0560537
111,1,28,18,22,2,03中山區,中山區大直橋往南,0,0,2,1,C03,8,3,5,50,8,9,1,5,4,5,7,4,4,1,3,5,1,17,1,26,2,8,1,1,7,9,1,10,1,11,,23,23,1,22,9,121.5443156,25.0773692
111,1,28,18,22,2,03中山區,中山區大直橋往南,0,0,2,2,C04,8,3,5,50,8,9,1,5,4,5,7,4,4,1,3,5,1,17,2,51,2,8,1,1,7,15,1,10,1,13,,43,23,1,22,9,121.5443156,25.0773692
111,1,28,18,22,2,07信義區,信義區忠孝東路5段236巷21號,0,0,1,1,B03,6,3,5,30,14,9,1,4,4,5,7,2,1,5,4,5,2,13,1,47,3,10,1,1,7,9,1,8,1,1,,23,23,1,22,9,121.5718875,25.03876609
111,1,28,18,22,2,07信義區,信義區忠孝東路5段236巷21號,0,0,1,2,C03,6,3,5,30,14,9,1,4,4,5,7,2,1,5,4,5,2,13,1,46,2,5,1,1,7,14,1,10,1,13,,44,23,1,22,9,121.5718875,25.03876609
111,1,28,18,22,2,07信義區,信義區忠孝東路5段236巷21號,0,0,1,3,B02,6,3,5,30,14,9,1,4,4,5,7,2,1,5,4,5,2,13,1,48,3,10,1,1,7,14,1,8,1,7,,44,23,1,22,9,121.5718875,25.03876609
111,1,28,18,34,2,08士林區,士林區士東路200巷與士東路200巷49弄口,0,0,1,2,C03,7,3,5,50,3,1,1,5,4,5,7,4,4,9,5,5,2,17,2,28,2,9,1,4,7,9,1,10,1,12,,44,19,1,22,9,121.5339183,25.11091768
111,1,28,18,34,2,08士林區,士林區士東路200巷與士東路200巷49弄口,0,0,1,1,B03,7,3,5,50,3,1,1,5,4,5,7,4,4,9,5,5,2,17,2,67,3,10,3,4,7,1,1,8,1,8,,19,19,1,22,9,121.5339183,25.11091768
111,1,28,18,35,2,12內湖區,內湖區民權東路6段161號與民權東路6段203巷口,0,0,2,1,B03,6,1,5,50,3,1,1,4,4,5,7,1,1,1,4,5,2,16,1,69,3,10,1,1,7,6,1,8,2,5,,9,9,1,22,9,121.5956493,25.0713277
111,1,28,18,35,2,12內湖區,內湖區民權東路6段161號與民權東路6段203巷口,0,0,2,2,C03,6,1,5,50,3,1,1,4,4,5,7,1,1,1,4,5,2,16,1,29,2,9,1,1,7,9,1,10,2,14,,44,9,1,22,9,121.5956493,25.0713277
111,1,28,18,35,2,12內湖區,內湖區民權東路6段161號與民權東路6段203巷口,0,0,2,3,H02,6,1,5,50,3,1,1,4,4,5,7,1,1,1,4,5,2,16,2,23,2,9,1,1,7,21,8,20,10,16,,67,9,1,22,9,121.5956493,25.0713277
111,1,28,18,53,2,05中正區,中正區金山北路與八德路1段口口,0,0,1,1,B01,8,3,5,50,4,2,1,5,4,5,7,2,1,9,4,5,1,13,1,59,3,10,1,1,7,9,1,4,1,1,,43,43,1,21,1,121.5303399,25.04379778
111,1,28,18,53,2,05中正區,中正區金山北路與八德路1段口口,0,0,1,2,C03,8,3,5,50,4,2,1,5,4,5,7,2,1,9,4,5,1,13,1,30,2,8,1,1,7,14,1,10,1,13,,43,43,1,21,1,121.5303399,25.04379778
111,1,28,18,55,2,12內湖區,內湖區舊宗路1段與新湖三路口,0,0,1,1,B01,6,3,5,50,4,2,1,4,4,5,7,1,1,1,5,5,2,9,1,58,3,10,1,1,7,6,1,8,1,5,,15,15,1,22,9,121.5766182,25.06356442
111,1,28,18,55,2,12內湖區,內湖區舊宗路1段與新湖三路口,0,0,1,2,H01,6,3,5,50,4,2,1,4,4,5,7,1,1,1,5,5,2,9,2,33,2,8,4,5,8,16,8,20,10,16,,67,15,1,22,9,121.5766182,25.06356442
111,1,28,19,1,2,02萬華區,萬華區中華路2段與中華路2段606巷口,0,0,1,1,B03,8,3,5,50,4,1,1,5,4,5,7,1,1,5,4,4,1,15,1,61,3,10,1,1,7,9,1,8,1,2,,25,25,1,22,9,121.5101231,25.02461869
111,1,28,19,1,2,02萬華區,萬華區中華路2段與中華路2段606巷口,0,0,1,2,C03,8,3,5,50,4,1,1,5,4,5,7,1,1,5,4,4,1,15,2,60,2,9,1,1,7,1,4,11,1,11,,44,25,1,22,9,121.5101231,25.02461869
111,1,28,19,10,2,11南港區,南港區大坑街與舊莊橋口口,0,0,1,1,B03,6,3,5,50,4,2,1,4,4,5,7,2,1,5,5,5,2,16,1,24,3,10,3,4,7,5,1,8,1,8,,23,23,1,22,9,121.622819,25.03971046
111,1,28,19,10,2,11南港區,南港區大坑街與舊莊橋口口,0,0,1,2,C03,6,3,5,50,4,2,1,4,4,5,7,2,1,5,5,5,2,16,2,22,2,9,1,4,7,9,1,10,1,12,,44,23,1,22,9,121.622819,25.03971046
111,1,28,19,11,2,06松山區,松山區南京東路3段337號,0,0,1,1,C03,6,3,5,50,14,9,1,4,4,5,7,4,4,1,3,4,2,17,1,22,2,9,3,4,7,9,1,10,1,11,,43,43,1,22,9,121.5477178,25.05184107
111,1,28,19,11,2,06松山區,松山區南京東路3段337號,0,0,1,2,C03,6,3,5,50,14,9,1,4,4,5,7,4,4,1,3,4,2,17,1,21,3,10,3,4,7,12,1,10,1,13,,43,43,1,22,9,121.5477178,25.05184107
111,1,28,19,28,2,06松山區,松山區八德路4段665號,0,0,1,1,B01,6,3,5,50,14,7,1,4,4,5,7,1,1,1,4,4,2,12,1,64,3,10,3,4,7,8,1,4,2,6,,7,7,1,22,9,121.5757949,25.0500688
111,1,28,19,28,2,06松山區,松山區八德路4段665號,0,0,1,2,C03,6,3,5,50,14,7,1,4,4,5,7,1,1,1,4,4,2,12,1,25,2,9,3,4,7,9,1,10,2,11,,44,7,1,22,9,121.5757949,25.0500688
111,1,28,20,4,2,10文山區,文山區忠順街1段26巷與忠順街1段26巷3弄口,0,0,1,1,B03,6,3,5,30,4,1,1,4,4,5,7,4,4,5,4,5,2,9,1,18,3,10,3,4,7,5,3,18,2,8,,15,15,1,21,8,121.5593429,24.98348473
111,1,28,20,4,2,10文山區,文山區忠順街1段26巷與忠順街1段26巷3弄口,0,0,1,2,H01,6,3,5,30,4,1,1,4,4,5,7,4,4,5,4,5,2,9,1,36,2,8,4,5,8,20,8,20,10,16,,67,15,1,21,8,121.5593429,24.98348473
111,1,28,20,5,2,02萬華區,萬華區西園路2段11巷與西園路2段13巷口,0,0,1,1,C03,7,3,5,30,4,1,1,5,4,5,7,4,4,10,5,5,2,17,1,31,2,9,1,1,7,9,1,10,1,11,,6,6,1,22,9,121.4981106,25.03217218
111,1,28,20,5,2,02萬華區,萬華區西園路2段11巷與西園路2段13巷口,0,0,1,2,B01,7,3,5,30,4,1,1,5,4,5,7,4,4,10,5,5,2,17,1,55,3,10,1,1,7,6,1,4,1,5,,14,6,1,22,9,121.4981106,25.03217218
111,1,28,20,8,2,04大安區,大安區基隆路3段8號,0,0,1,1,B03,6,3,5,50,14,9,1,4,4,5,7,4,4,9,4,5,1,17,1,40,3,10,1,1,7,9,1,8,1,7,,44,44,1,22,9,121.5484513,25.0208714
111,1,28,20,8,2,04大安區,大安區基隆路3段8號,0,0,1,2,C03,6,3,5,50,14,9,1,4,4,5,7,4,4,9,4,5,1,17,1,34,2,9,1,1,7,9,1,10,1,11,,42,44,1,22,9,121.5484513,25.0208714
111,1,28,20,8,2,04大安區,大安區基隆路3段8號,0,0,1,3,B03,6,3,5,50,14,9,1,4,4,5,7,4,4,9,4,5,1,17,1,46,3,10,1,1,7,9,1,8,1,3,,44,44,1,22,9,121.5484513,25.0208714
111,1,28,20,29,2,07信義區,信義區莊敬路與莊敬路197巷口,0,0,1,1,C03,6,3,5,50,15,18,1,4,4,5,7,2,1,5,4,4,1,3,1,43,3,10,3,4,7,5,1,10,1,11,,15,15,1,22,9,121.5614075,25.03078815
111,1,28,20,29,2,07信義區,信義區莊敬路與莊敬路197巷口,0,0,1,2,H01,6,3,5,50,15,18,1,4,4,5,7,2,1,5,4,4,1,3,2,59,2,8,4,5,8,16,8,20,10,16,,67,15,1,22,9,121.5614075,25.03078815
111,1,28,20,30,2,02萬華區,萬華區萬大路90巷10號,0,0,1,1,C03,7,3,5,30,14,9,1,5,4,5,7,4,4,10,5,5,2,17,2,59,2,9,1,1,7,1,1,10,2,11,,19,19,1,22,9,121.4998039,25.0303983
111,1,28,20,30,2,02萬華區,萬華區萬大路90巷10號,0,0,1,2,B03,7,3,5,30,14,9,1,5,4,5,7,4,4,10,5,5,2,17,1,41,3,10,1,1,7,9,1,8,1,8,,44,19,1,22,9,121.4998039,25.0303983
111,1,28,21,12,2,03中山區,中山區八德路2段與八德路2段174巷口,0,0,1,1,B01,7,3,5,50,4,1,1,5,4,5,7,2,1,5,4,5,2,17,1,44,3,10,3,4,7,11,1,4,1,3,,10,10,1,22,9,121.5381817,25.04633275
111,1,28,21,12,2,03中山區,中山區八德路2段與八德路2段174巷口,0,0,1,2,C01,7,3,5,50,4,1,1,5,4,5,7,2,1,5,4,5,2,17,1,31,2,9,3,4,7,9,1,9,1,11,,44,10,1,22,9,121.5381817,25.04633275
111,1,28,21,15,2,02萬華區,萬華區昆明街與武昌街2段口,0,0,1,1,B03,8,3,5,50,4,2,1,5,4,5,7,1,1,10,5,5,1,3,2,30,3,10,1,1,7,9,3,18,2,4,,26,26,1,22,9,121.5053818,25.04507403
111,1,28,21,15,2,02萬華區,萬華區昆明街與武昌街2段口,0,0,1,2,H01,8,3,5,50,4,2,1,5,4,5,7,1,1,10,5,5,1,3,1,3,2,9,4,5,8,21,8,20,10,16,,67,26,1,22,9,121.5053818,25.04507403
111,1,28,21,30,2,07信義區,信義區基隆路2段143號,0,0,2,1,C03,6,3,5,50,14,9,1,4,4,5,7,4,4,9,4,5,2,17,1,43,2,9,1,1,7,9,1,10,1,15,,42,42,1,22,9,121.5558457,25.0270357
111,1,28,21,30,2,07信義區,信義區基隆路2段143號,0,0,2,2,C03,6,3,5,50,14,9,1,4,4,5,7,4,4,9,4,5,2,17,1,18,2,9,1,1,7,9,1,10,1,15,,42,42,1,22,9,121.5558457,25.0270357
111,1,28,21,40,2,03中山區,中山區林森北路與長安東路1段口,0,0,1,1,B03,8,3,5,50,4,1,1,5,4,5,7,1,1,5,4,5,2,12,1,39,3,10,1,1,7,6,1,8,1,5,,9,9,1,22,9,121.524621,25.04913494
111,1,28,21,40,2,03中山區,中山區林森北路與長安東路1段口,0,0,1,2,F01,8,3,5,50,4,1,1,5,4,5,7,1,1,5,4,5,2,12,1,26,2,9,1,1,7,1,8,20,1,16,,19,9,1,22,9,121.524621,25.04913494
111,1,28,22,25,2,03中山區,中山區長春路與建國北路2段口,0,0,1,1,B03,7,3,5,50,3,1,1,5,4,5,7,1,1,10,4,5,2,16,1,29,3,10,1,4,7,5,1,8,2,1,,8,8,1,22,9,121.5371324,25.05481893
111,1,28,22,25,2,03中山區,中山區長春路與建國北路2段口,0,0,1,2,C03,7,3,5,50,3,1,1,5,4,5,7,1,1,10,4,5,2,16,1,30,2,9,1,4,7,9,1,10,2,14,12,44,8,1,22,9,121.5371324,25.05481893
111,1,28,22,50,2,08士林區,士林區中山北路5段與文林路口,0,0,2,1,C03,7,1,5,50,4,1,1,4,4,5,7,1,1,1,4,5,2,16,2,20,2,9,1,1,7,6,1,10,1,12,,9,9,1,22,9,121.5257297,25.08572324
111,1,28,22,50,2,08士林區,士林區中山北路5段與文林路口,0,0,2,2,C03,7,1,5,50,4,1,1,4,4,5,7,1,1,1,4,5,2,16,2,24,2,9,1,1,7,9,1,10,1,11,,13,9,1,22,9,121.5257297,25.08572324
111,1,29,0,5,2,01大同區,大同區保安街1-4號,0,0,1,1,B03,6,3,5,50,14,9,1,4,4,5,7,4,4,5,4,5,1,16,2,25,3,10,1,1,7,5,1,8,2,8,,26,26,1,22,9,121.5148136,25.0593833
111,1,29,0,5,2,01大同區,大同區保安街1-4號,0,0,1,2,C03,6,3,5,50,14,9,1,4,4,5,7,4,4,5,4,5,1,16,1,30,2,9,1,1,7,9,1,10,2,12,,44,26,1,22,9,121.5148136,25.0593833
111,1,29,0,16,2,06松山區,松山區敦化北路155巷與敦化北路155巷100弄口,0,0,1,1,C03,6,3,5,30,4,1,1,4,4,5,7,3,1,10,4,5,2,15,1,25,3,10,1,1,7,9,1,10,1,11,,6,6,1,22,9,121.5521801,25.05423397
111,1,29,0,16,2,06松山區,松山區敦化北路155巷與敦化北路155巷100弄口,0,0,1,2,B03,6,3,5,30,4,1,1,4,4,5,7,3,1,10,4,5,2,15,1,31,3,10,1,1,7,9,1,8,1,2,,13,6,1,22,9,121.5521801,25.05423397
111,1,29,0,16,2,06松山區,松山區敦化北路155巷與敦化北路155巷100弄口,0,0,1,3,H02,6,3,5,30,4,1,1,4,4,5,7,3,1,10,4,5,2,15,2,23,2,8,1,5,7,21,8,20,10,16,,67,6,1,22,9,121.5521801,25.05423397
111,1,29,1,27,2,05中正區,中正區貴陽街1段與延平南路口,0,0,1,1,B12,6,3,5,50,14,9,1,4,4,5,7,2,1,5,4,5,2,12,1,73,3,10,1,1,7,8,1,8,2,5,,7,7,1,22,9,121.5086885,25.03910146
111,1,29,1,27,2,05中正區,中正區貴陽街1段與延平南路口,0,0,1,2,B01,6,3,5,50,14,9,1,4,4,5,7,2,1,5,4,5,2,12,1,27,2,2,1,1,7,9,1,8,2,4,,44,7,1,22,9,121.5086885,25.03910146
111,1,29,1,30,2,02萬華區,萬華區環河南路1段23號,0,0,1,1,C03,6,3,5,50,14,9,1,4,4,5,7,4,4,5,4,5,2,17,1,23,2,9,1,1,7,9,1,10,1,11,,42,42,1,22,9,121.5041683,25.0467811
111,1,29,1,30,2,02萬華區,萬華區環河南路1段23號,0,0,1,2,G03,6,3,5,50,14,9,1,4,4,5,7,4,4,5,4,5,2,17,1,58,3,10,1,2,7,14,1,8,1,15,,42,42,1,22,9,121.5041683,25.0467811
111,1,29,3,6,2,03中山區,中山區吉林路250號,0,0,2,1,C03,6,3,5,50,14,7,1,4,4,5,7,4,4,9,4,4,2,16,1,49,2,9,1,1,7,5,1,10,1,12,,6,6,1,22,9,121.530193,25.05976146
111,1,29,3,6,2,03中山區,中山區吉林路250號,0,0,2,2,C03,6,3,5,50,14,7,1,4,4,5,7,4,4,9,4,4,2,16,1,27,2,9,1,1,7,9,1,10,1,11,,27,6,1,22,9,121.530193,25.05976146
111,1,29,5,45,2,02萬華區,萬華區國興路24號,0,0,2,1,H01,6,3,5,0,14,9,1,4,4,5,7,4,4,10,5,5,1,3,1,90,2,7,4,5,8,16,8,20,10,16,,67,67,1,22,9,121.5071183,25.02541242
111,1,29,5,45,2,02萬華區,萬華區國興路24號,0,0,2,2,C03,6,3,5,0,14,9,1,4,4,5,7,4,4,10,5,5,1,3,1,28,2,9,1,4,7,9,1,10,1,11,,23,67,1,22,9,121.5071183,25.02541242
111,1,29,6,10,2,10文山區,文山區恆光街恆光橋上往老泉街方向,0,0,2,1,C03,6,2,5,50,8,9,1,4,4,5,7,4,4,5,5,5,2,2,2,41,2,9,1,1,7,9,1,10,2,11,,23,23,1,22,9,121.5673477,24.98126844
111,1,29,6,10,2,10文山區,文山區恆光街恆光橋上往老泉街方向,0,0,2,2,H01,6,2,5,50,8,9,1,4,4,5,7,4,4,5,5,5,2,2,2,84,2,9,4,5,8,16,8,20,10,16,,67,23,1,22,9,121.5673477,24.98126844
111,1,29,7,55,2,01大同區,大同區延平北路3段41號,0,0,1,1,C03,6,1,5,50,14,9,1,4,4,5,7,4,4,5,4,5,2,12,2,48,2,9,1,1,7,7,1,10,2,14,,7,7,1,22,9,121.5111176,25.06489615
111,1,29,7,55,2,01大同區,大同區延平北路3段41號,0,0,1,2,C03,6,1,5,50,14,9,1,4,4,5,7,4,4,5,4,5,2,12,2,62,3,10,1,1,7,9,1,10,2,12,,44,7,1,22,9,121.5111176,25.06489615
111,1,29,7,55,2,01大同區,大同區延平北路3段41號,0,0,1,3,C03,6,1,5,50,14,9,1,4,4,5,7,4,4,5,4,5,2,12,1,49,3,10,1,1,7,15,1,10,11,14,,44,7,1,22,9,121.5111176,25.06489615
111,1,29,8,4,2,04大安區,大安區安和路2段32巷與信義路4段186巷口,0,0,1,1,C03,6,1,5,30,4,1,1,4,4,5,7,4,4,8,3,5,1,15,1,68,2,1,1,1,7,9,1,10,1,14,,6,6,1,22,9,121.5515419,25.03174149
111,1,29,8,4,2,04大安區,大安區安和路2段32巷與信義路4段186巷口,0,0,1,2,C03,6,1,5,30,4,1,1,4,4,5,7,4,4,8,3,5,1,15,1,37,3,10,1,1,7,9,1,10,1,11,,13,6,1,22,9,121.5515419,25.03174149
111,1,29,8,28,2,12內湖區,內湖區瑞光路與瑞光路583巷口口,0,0,1,1,B03,6,1,5,50,4,1,1,4,4,5,7,2,1,5,4,5,2,17,1,54,3,10,1,1,7,6,1,8,1,6,,9,9,1,22,9,121.5675111,25.0797436
111,1,29,8,28,2,12內湖區,內湖區瑞光路與瑞光路583巷口口,0,0,1,2,C03,6,1,5,50,4,1,1,4,4,5,7,2,1,5,4,5,2,17,2,22,2,9,1,1,7,9,1,10,1,11,,44,9,1,22,9,121.5675111,25.0797436
111,1,29,9,14,2,07信義區,信義區林口街38巷與林口街口,0,0,1,1,H01,6,1,5,0,4,1,1,4,4,5,7,4,4,8,3,4,2,3,2,63,2,9,4,5,8,16,8,20,10,16,,51,51,1,22,9,121.5793836,25.03788961
111,1,29,9,14,2,07信義區,信義區林口街38巷與林口街口,0,0,1,2,C03,6,1,5,0,4,1,1,4,4,5,7,4,4,8,3,4,2,3,2,65,3,10,3,4,7,9,1,10,2,11,,23,51,1,22,9,121.5793836,25.03788961