發生年度,發生月,發生日,發生時-Hours,發生分,處理別-編號,區序,肇事地點,死亡人數,2-30日死亡人數,受傷人數,當事人序號,車種,天候,光線,道路類別,速限-速度限制,道路型態,事故位置,路面狀況1,路面狀況2,路面狀況3,道路障礙1,道路障礙2,號誌1,號誌2,車道劃分-分向,車道劃分-分道1,車道劃分-分道2,車道劃分-分道3,事故類型及型態,性別,年齡,受傷程度,主要傷處,安全帽,行動電話,車輛用途,當事者行動狀態,駕駛資格情形,駕駛執照種類,飲酒情形,車輛撞擊部位1,車輛撞擊部位2,肇因碼-個別,肇因碼-主要,個人肇逃否,職業,旅次目的,座標-X,座標-Y
111,1,29,9,30,2,03中山區,中山區民族東路410巷2弄上引水產前,0,0,1,1,C03,8,1,5,50,14,9,1,5,4,5,7,4,4,9,4,5,1,17,2,22,2,7,1,1,7,7,1,10,1,14,,7,7,1,22,9,121.5367542,25.0667147
111,1,29,9,30,2,03中山區,中山區民族東路410巷2弄上引水產前,0,0,1,2,B12,8,1,5,50,14,9,1,5,4,5,7,4,4,9,4,5,1,17,1,44,3,10,1,1,7,9,1,8,1,5,,44,7,1,22,9,121.5367542,25.0667147
111,1,29,9,36,2,02萬華區,萬華區西園路1段與西園路1段72巷口,0,0,1,1,C03,8,1,5,30,4,1,1,5,4,5,7,3,1,5,5,5,2,9,1,56,3,10,1,1,7,9,1,10,1,13,,30,30,1,22,9,121.4998178,25.03939654
111,1,29,9,36,2,02萬華區,萬華區西園路1段與西園路1段72巷口,0,0,1,2,H01,8,1,5,30,4,1,1,5,4,5,7,3,1,5,5,5,2,9,2,62,2,8,4,5,8,17,8,20,10,16,,67,30,1,22,9,121.4998178,25.03939654
111,1,29,9,40,2,02萬華區,(環河南路1段181號前),0,0,2,1,C03,7,1,5,50,3,1,1,5,4,5,7,4,4,10,4,5,2,16,1,44,2,8,1,4,7,6,1,10,1,15,,9,9,1,22,9,121.498701,25.04080637
111,1,29,9,40,2,02萬華區,(環河南路1段181號前),0,0,2,2,C03,7,1,5,50,3,1,1,5,4,5,7,4,4,10,4,5,2,16,1,40,2,7,1,4,7,9,1,10,1,15,,14,9,1,22,9,121.498701,25.04080637
111,1,29,9,50,2,10文山區,文山區興隆路2段與福興路口,0,0,2,3,H02,6,1,5,50,3,2,1,4,4,5,7,2,1,1,4,5,2,12,2,5,2,7,1,5,7,21,8,20,10,16,,67,7,1,22,9,121.5515996,25.00183917
111,1,29,9,50,2,10文山區,文山區興隆路2段與福興路口,0,0,2,1,B12,6,1,5,50,3,2,1,4,4,5,7,2,1,1,4,5,2,12,1,29,3,10,1,1,7,10,1,8,2,2,,7,7,1,22,9,121.5515996,25.00183917
111,1,29,9,50,2,10文山區,文山區興隆路2段與福興路口,0,0,2,2,C03,6,1,5,50,3,2,1,4,4,5,7,2,1,1,4,5,2,12,2,36,2,8,1,1,7,9,1,10,2,14,,44,7,1,22,9,121.5515996,25.00183917
111,1,29,10,15,2,10文山區,文山區羅斯福路6段228號,0,0,1,1,C03,6,1,5,50,14,9,1,4,4,5,7,4,4,1,4,5,2,12,2,21,2,9,1,1,7,7,1,10,1,12,,23,23,1,22,9,121.540411,24.992649
111,1,29,10,15,2,10文山區,文山區羅斯福路6段228號,0,0,1,2,C04,6,1,5,50,14,9,1,4,4,5,7,4,4,1,4,5,2,12,1,58,3,10,1,1,7,9,1,10,1,14,,17,23,1,22,9,121.540411,24.992649
111,1,29,10,18,2,04大安區,大安區復興南路2段12巷27號前,0,0,1,1,C03,6,1,5,30,13,9,1,4,4,5,7,4,4,10,5,5,1,18,1,32,2,8,1,1,7,3,1,10,1,12,,42,42,1,22,9,121.5422234,25.03275563
111,1,29,10,18,2,04大安區,大安區復興南路2段12巷27號前,0,0,1,2,,6,1,5,30,13,9,1,4,4,5,7,4,4,10,5,5,1,18,3,,,,,,,,,,,,,67,42,1,,,121.5422234,25.03275563
111,1,29,10,28,2,06松山區,松山區南京東路4段162號前,0,0,1,1,A12,6,1,5,50,14,9,1,4,4,5,7,4,4,10,5,5,2,13,1,64,3,10,1,1,7,1,1,7,1,1,,42,42,1,22,9,121.5576734,25.05164697
111,1,29,10,28,2,06松山區,松山區南京東路4段162號前,0,0,1,2,B01,6,1,5,50,14,9,1,4,4,5,7,4,4,10,5,5,2,13,1,55,3,10,1,1,7,14,1,4,1,3,,44,42,1,22,9,121.5576734,25.05164697
111,1,29,10,28,2,06松山區,松山區南京東路4段162號前,0,0,1,3,H02,6,1,5,50,14,9,1,4,4,5,7,4,4,10,5,5,2,13,2,75,2,1,4,5,7,21,8,20,10,16,,67,42,1,22,9,121.5576734,25.05164697
111,1,29,10,44,2,02萬華區,萬華區萬大路與萬大路186巷口,0,0,2,1,C04,7,1,5,30,3,1,2,5,4,5,7,1,1,10,5,5,2,17,2,63,2,9,1,1,7,5,1,8,2,14,,8,8,1,22,9,121.5005895,25.02781531
111,1,29,10,44,2,02萬華區,萬華區萬大路與萬大路186巷口,0,0,2,2,C03,7,1,5,30,3,1,2,5,4,5,7,1,1,10,5,5,2,17,2,48,2,9,1,1,7,9,1,10,11,11,,44,8,1,22,9,121.5005895,25.02781531
111,1,29,10,51,2,05中正區,中正區市民大道1段168號與市民大道1段口,0,0,1,1,H01,8,1,5,0,4,2,1,5,4,5,7,4,4,1,4,5,2,3,1,78,3,10,4,5,8,16,8,20,10,16,,52,52,1,22,9,121.5189576,25.04825275
111,1,29,10,51,2,05中正區,中正區市民大道1段168號與市民大道1段口,0,0,1,2,C03,8,1,5,0,4,2,1,5,4,5,7,4,4,1,4,5,2,3,1,24,2,8,1,1,7,9,1,10,2,11,,23,52,1,22,9,121.5189576,25.04825275
111,1,29,10,52,2,02萬華區,萬華區萬大路與萬大路493巷口,0,0,1,2,A02,8,1,5,30,3,2,1,5,4,5,7,2,1,2,4,5,2,17,1,51,3,10,1,1,7,9,1,2,1,15,,44,43,1,22,9,121.497763,25.02012166
111,1,29,10,52,2,02萬華區,萬華區萬大路與萬大路493巷口,0,0,1,3,H02,8,1,5,30,3,2,1,5,4,5,7,2,1,2,4,5,2,17,2,82,2,9,4,5,7,20,8,20,10,16,,67,43,1,22,9,121.497763,25.02012166
111,1,29,10,52,2,02萬華區,萬華區萬大路與萬大路493巷口,0,0,1,1,,8,1,5,30,3,2,1,5,4,5,7,2,1,2,4,5,2,17,4,,4,11,3,4,7,15,7,19,11,15,,43,43,2,22,9,121.497763,25.02012166
111,1,29,10,53,2,07信義區,信義區永吉路200巷與永吉路200巷21弄口,0,0,1,1,C04,6,1,5,30,4,1,1,4,4,5,7,4,4,10,5,5,1,15,1,71,2,8,1,1,7,9,3,18,1,11,,6,6,1,22,9,121.5726629,25.044623
111,1,29,10,53,2,07信義區,信義區永吉路200巷與永吉路200巷21弄口,0,0,1,2,B03,6,1,5,30,4,1,1,4,4,5,7,4,4,10,5,5,1,15,2,48,3,10,1,1,7,9,1,8,1,4,,14,6,1,22,9,121.5726629,25.044623
111,1,29,11,8,2,01大同區,大同區台北橋機車道往三重方向,0,0,1,1,C04,8,1,5,50,14,11,1,5,4,5,7,4,4,9,5,5,2,13,2,51,2,9,1,1,7,9,1,10,1,11,,44,44,1,22,9,121.5085494,25.0636148
111,1,29,11,8,2,01大同區,大同區台北橋機車道往三重方向,0,0,1,2,C03,8,1,5,50,14,11,1,5,4,5,7,4,4,9,5,5,2,13,1,66,3,10,1,1,7,10,1,10,1,13,,7,44,1,22,9,121.5085494,25.0636148
111,1,29,11,47,2,03中山區,中山區建國高架道往南，長安東路閘道旁,0,0,1,1,B03,8,1,5,70,14,7,1,5,4,5,7,4,4,8,3,5,1,13,1,28,3,10,1,1,7,9,1,8,1,5,,16,16,1,22,9,121.5366608,25.04810842
111,1,29,11,47,2,03中山區,中山區建國高架道往南，長安東路閘道旁,0,0,1,2,B01,8,1,5,70,14,7,1,5,4,5,7,4,4,8,3,5,1,13,1,59,3,10,1,1,7,9,1,4,1,7,,44,16,1,22,9,121.5366608,25.04810842
111,1,29,11,47,2,03中山區,中山區建國高架道往南，長安東路閘道旁,0,0,1,3,H02,8,1,5,70,14,7,1,5,4,5,7,4,4,8,3,5,1,13,2,30,2,3,2,5,7,20,8,20,10,15,,67,16,1,22,9,121.5366608,25.04810842
111,1,29,11,59,2,03中山區,中山區農安街與德惠街170巷口,0,0,2,1,C03,8,1,5,50,4,1,1,5,4,5,7,2,1,5,2,5,2,16,2,73,2,9,1,1,7,9,1,10,1,14,,25,25,1,19,3,121.5317391,25.06474529
111,1,29,11,59,2,03中山區,中山區農安街與德惠街170巷口,0,0,2,2,C03,8,1,5,50,4,1,1,5,4,5,7,2,1,5,2,5,2,16,1,35,2,9,1,1,7,9,1,10,1,11,,44,25,1,5,5,121.5317391,25.06474529
111,1,29,12,0,2,03中山區,中山區建國北路3段與民權東路3段口北側迴轉道,0,0,1,1,C03,8,1,5,50,4,1,1,5,4,5,7,2,1,5,4,5,2,3,1,64,3,10,1,4,7,9,6,18,2,11,,15,15,1,22,9,121.5372955,25.06372327
111,1,29,12,0,2,03中山區,中山區建國北路3段與民權東路3段口北側迴轉道,0,0,1,2,H01,8,1,5,50,4,1,1,5,4,5,7,2,1,5,4,5,2,3,2,66,2,7,4,5,8,16,8,20,10,16,,67,15,1,22,9,121.5372955,25.06372327
111,1,29,12,0,2,10文山區,文山區信義快速道路文山隧道北往南,0,0,2,1,B12,6,1,8,70,15,22,1,4,4,5,7,4,4,8,3,5,1,13,1,36,3,10,1,1,7,9,1,8,1,1,,43,43,1,22,9,121.5777715,25.02081406
111,1,29,12,0,2,10文山區,文山區信義快速道路文山隧道北往南,0,0,2,2,B03,6,1,8,70,15,22,1,4,4,5,7,4,4,8,3,5,1,13,1,45,3,10,1,1,7,9,1,8,1,3,,43,43,1,22,9,121.5777715,25.02081406
111,1,29,12,0,2,10文山區,文山區信義快速道路文山隧道北往南,0,0,2,3,H02,6,1,8,70,15,22,1,4,4,5,7,4,4,8,3,5,1,13,2,4,2,8,1,5,7,21,8,20,10,16,,67,43,1,22,9,121.5777715,25.02081406
111,1,29,12,0,2,10文山區,文山區信義快速道路文山隧道北往南,0,0,2,4,H02,6,1,8,70,15,22,1,4,4,5,7,4,4,8,3,5,1,13,2,9,2,8,1,5,7,21,8,20,10,16,,67,43,1,22,9,121.5777715,25.02081406
111,1,29,12,2,2,10文山區,文山區木新路3段與木新路3段127巷口,0,0,1,2,C03,6,1,5,50,3,1,1,4,4,5,7,4,4,9,4,5,2,16,1,43,2,7,1,1,7,9,1,10,1,11,,43,43,1,22,9,121.5619835,24.9819413
111,1,29,12,2,2,10文山區,文山區木新路3段與木新路3段127巷口,0,0,1,1,B03,6,1,5,50,3,1,1,4,4,5,7,4,4,9,4,5,2,16,2,33,3,10,1,1,7,5,1,8,1,8,,43,43,1,22,9,121.5619835,24.9819413
111,1,29,12,30,2,07信義區,信義區仁愛路4段505號,0,0,1,1,A02,8,1,5,50,14,7,1,5,4,5,7,4,4,1,4,1,2,9,1,49,3,10,3,4,7,1,1,1,1,15,,43,43,1,22,9,121.5579339,25.03779757
111,1,29,12,30,2,07信義區,信義區仁愛路4段505號,0,0,1,2,H02,8,1,5,50,14,7,1,5,4,5,7,4,4,1,4,1,2,9,2,79,2,9,4,5,7,17,8,20,10,16,,67,43,1,22,9,121.5579339,25.03779757
111,1,29,12,42,2,02萬華區,萬華區西園路2段與光復橋口下迴轉道,0,0,1,1,C03,8,1,5,50,4,1,1,5,4,5,7,3,1,5,5,5,2,15,2,62,2,9,1,1,7,9,1,10,1,12,,6,6,1,22,9,121.4916211,25.02498464
111,1,29,12,42,2,02萬華區,萬華區西園路2段與光復橋口下迴轉道,0,0,1,2,B01,8,1,5,50,4,1,1,5,4,5,7,3,1,5,5,5,2,15,1,68,3,10,1,1,7,9,6,4,1,1,,23,6,1,22,9,121.4916211,25.02498464
111,1,29,13,5,2,07信義區,信義區忠孝東路5段790巷62弄與忠孝東路5段790巷口,0,0,2,1,C03,8,1,5,30,4,1,1,5,4,5,7,4,4,10,5,5,2,15,1,19,2,9,1,1,7,9,1,10,1,14,,6,6,1,22,9,121.5833229,25.04113113
111,1,29,13,5,2,07信義區,信義區忠孝東路5段790巷62弄與忠孝東路5段790巷口,0,0,2,2,B12,8,1,5,30,4,1,1,5,4,5,7,4,4,10,5,5,2,15,2,46,3,10,1,1,7,9,1,8,1,1,,44,6,1,22,9,121.5833229,25.04113113
111,1,29,13,5,2,07信義區,信義區忠孝東路5段790巷62弄與忠孝東路5段790巷口,0,0,2,3,C03,8,1,5,30,4,1,1,5,4,5,7,4,4,10,5,5,2,15,1,52,3,10,3,1,7,13,1,10,1,12,,38,6,1,22,9,121.5833229,25.04113113
111,1,29,13,5,2,07信義區,信義區忠孝東路5段790巷62弄與忠孝東路5段790巷口,0,0,2,4,H01,8,1,5,30,4,1,1,5,4,5,7,4,4,10,5,5,2,15,2,15,2,8,4,5,8,16,8,20,10,16,,67,6,1,22,9,121.5833229,25.04113113
111,1,29,13,14,2,06松山區,松山區民生東路4段80巷1弄與民生東路4段112巷1弄口,0,0,2,1,C03,8,1,5,30,4,1,1,5,4,5,7,4,4,10,5,5,2,15,1,48,3,10,1,1,7,9,1,10,1,11,,23,23,1,22,9,121.5544026,25.0577453
111,1,29,13,14,2,06松山區,松山區民生東路4段80巷1弄與民生東路4段112巷1弄口,0,0,2,2,C03,8,1,5,30,4,1,1,5,4,5,7,4,4,10,5,5,2,15,2,41,2,9,1,1,7,9,1,10,1,14,,6,23,1,22,9,121.5544026,25.0577453
111,1,29,13,14,2,06松山區,松山區民生東路4段80巷1弄與民生東路4段112巷1弄口,0,0,2,3,H02,8,1,5,30,4,1,1,5,4,5,7,4,4,10,5,5,2,15,1,11,2,9,1,5,7,21,8,20,10,16,,67,23,1,22,9,121.5544026,25.0577453
111,1,29,13,58,2,01大同區,大同區承德路2段與錦西街口,0,0,3,1,C02,7,2,5,50,4,1,1,5,4,5,7,2,1,9,5,4,1,15,1,62,2,8,1,1,7,9,1,9,1,12,,25,25,1,22,9,121.5181789,25.06021585
111,1,29,13,58,2,01大同區,大同區承德路2段與錦西街口,0,0,3,2,C03,7,2,5,50,4,1,1,5,4,5,7,2,1,9,5,4,1,15,1,19,2,9,1,1,7,9,1,10,1,11,,44,25,1,22,9,121.5181789,25.06021585
111,1,29,13,58,2,01大同區,大同區承德路2段與錦西街口,0,0,3,3,H02,7,2,5,50,4,1,1,5,4,5,7,2,1,9,5,4,1,15,2,56,2,9,4,5,7,20,8,20,10,15,,67,25,1,22,9,121.5181789,25.06021585
111,1,29,14,2,2,04大安區,大安區信義路4段400巷口側附近,0,0,1,1,B02,7,1,5,50,14,9,1,5,4,5,7,4,4,1,4,5,2,12,1,29,3,10,3,4,7,8,1,8,1,2,,7,7,1,22,9,121.5566127,25.03300977
111,1,29,14,2,2,04大安區,大安區信義路4段400巷口側附近,0,0,1,2,C03,7,1,5,50,14,9,1,5,4,5,7,4,4,1,4,5,2,12,2,61,2,9,1,1,7,9,1,10,1,14,,44,7,1,22,9,121.5566127,25.03300977
111,1,29,14,5,2,12內湖區,內湖區瑞光路277號,0,0,1,1,B03,8,1,5,50,14,9,1,5,4,5,7,4,4,5,4,5,2,12,2,24,4,11,3,4,7,15,7,19,11,15,,44,44,2,22,9,121.5766823,25.07532022
111,1,29,14,5,2,12內湖區,內湖區瑞光路277號,0,0,1,2,F03,8,1,5,50,14,9,1,5,4,5,7,4,4,5,4,5,2,12,2,61,2,9,1,1,7,15,8,20,1,16,,17,44,1,22,9,121.5766823,25.07532022
111,1,29,14,5,2,12內湖區,內湖區瑞光路277號,0,0,1,3,C03,8,1,5,50,14,9,1,5,4,5,7,4,4,5,4,5,2,12,1,26,3,10,1,1,7,9,1,10,1,11,,23,44,1,22,9,121.5766823,25.07532022
111,1,29,14,9,2,04大安區,大安區愛國東路與杭州南路2段口,0,0,1,1,C03,7,1,5,50,4,2,1,5,4,5,7,2,1,9,4,5,2,12,2,26,2,8,1,1,7,9,1,10,1,11,,23,23,1,21,8,121.5226756,25.03224138
111,1,29,14,9,2,04大安區,大安區愛國東路與杭州南路2段口,0,0,1,2,B03,7,1,5,50,4,2,1,5,4,5,7,2,1,9,4,5,2,12,2,75,3,10,1,1,7,6,1,8,1,5,,9,23,1,21,8,121.5226756,25.03224138
111,1,29,14,20,2,11南港區,南港區研究院路2段12巷14弄13號,0,0,1,1,B03,6,1,5,30,14,9,1,4,4,5,7,4,4,10,5,5,2,2,1,60,3,10,1,1,7,9,1,8,11,2,,23,23,1,22,9,121.6147972,25.04717695
111,1,29,14,20,2,11南港區,南港區研究院路2段12巷14弄13號,0,0,1,2,H01,6,1,5,30,14,9,1,4,4,5,7,4,4,10,5,5,2,2,2,62,2,6,4,5,8,16,8,20,10,16,,67,23,1,22,9,121.6147972,25.04717695
111,1,29,14,21,2,09北投區,北投區文林北路與文承路口,0,0,1,1,B02,8,1,5,50,4,1,1,5,4,5,7,2,1,8,3,4,2,17,1,30,3,10,1,1,7,6,1,8,1,2,,9,9,1,22,9,121.5164168,25.10602022
111,1,29,14,21,2,09北投區,北投區文林北路與文承路口,0,0,1,2,C03,8,1,5,50,4,1,1,5,4,5,7,2,1,8,3,4,2,17,1,53,2,8,1,1,7,9,1,10,1,11,,44,9,1,22,9,121.5164168,25.10602022
111,1,29,15,15,2,08士林區,士林區中山北路6段與中山北路6段236巷口,0,0,1,1,C03,8,1,5,50,14,9,1,5,4,5,7,4,4,1,4,5,1,13,2,65,2,9,1,1,7,9,1,10,1,11,,16,16,1,22,9,121.5253507,25.10891966
111,1,29,15,15,2,08士林區,士林區中山北路6段與中山北路6段236巷口,0,0,1,2,B02,8,1,5,50,14,9,1,5,4,5,7,4,4,1,4,5,1,13,1,39,3,10,1,1,7,14,1,8,1,3,,44,16,1,22,9,121.5253507,25.10891966
111,1,29,15,28,2,04大安區,大安區建國南路1段65巷3號,0,0,1,1,B03,7,1,5,30,14,9,1,5,4,5,7,4,4,10,5,5,1,16,1,46,3,10,1,1,7,1,1,8,1,2,,19,19,1,22,9,121.5374758,25.04377615
111,1,29,15,28,2,04大安區,大安區建國南路1段65巷3號,0,0,1,2,C03,7,1,5,30,14,9,1,5,4,5,7,4,4,10,5,5,1,16,1,20,2,4,1,1,7,9,1,10,1,14,,13,19,1,22,9,121.5374758,25.04377615
111,1,29,15,30,2,10文山區,文山區木柵路4段與萬芳路口,0,0,1,1,B03,6,1,5,50,3,1,1,4,4,5,7,2,1,9,4,5,2,16,1,21,3,10,1,1,7,6,1,8,11,5,,9,9,1,22,9,121.5717201,24.99489861
111,1,29,15,30,2,10文山區,文山區木柵路4段與萬芳路口,0,0,1,2,C03,6,1,5,50,3,1,1,4,4,5,7,2,1,9,4,5,2,16,1,63,2,8,1,1,7,9,1,10,11,14,,44,9,1,22,9,121.5717201,24.99489861
111,1,29,15,32,2,08士林區,士林區中正路與雨農路口,0,0,1,1,B03,7,1,5,50,3,2,1,5,4,5,7,4,4,3,4,5,1,13,1,48,2,9,1,1,7,9,1,8,1,1,,23,23,1,22,9,121.5321796,25.0966036
111,1,29,15,32,2,08士林區,士林區中正路與雨農路口,0,0,1,2,B03,7,1,5,50,3,2,1,5,4,5,7,4,4,3,4,5,1,13,1,46,3,10,1,1,7,15,1,8,1,3,,44,23,1,22,9,121.5321796,25.0966036
111,1,29,15,38,2,09北投區,北投區清江路31號,0,0,1,1,C03,8,1,5,30,14,9,1,5,4,5,7,4,4,10,5,5,2,2,2,52,3,10,1,1,7,9,1,10,11,11,,23,23,2,22,9,121.5019815,25.13114225
111,1,29,15,38,2,09北投區,北投區清江路31號,0,0,1,2,H01,8,1,5,30,14,9,1,5,4,5,7,4,4,10,5,5,2,2,2,31,2,8,4,5,8,16,8,20,10,16,,67,23,1,22,9,121.5019815,25.13114225
111,1,29,15,59,2,08士林區,士林區延平北路7段271號,0,0,1,1,C03,8,1,5,40,14,9,1,5,4,5,7,4,4,10,5,5,1,16,1,31,3,10,2,1,7,5,1,10,2,14,,6,6,1,22,9,121.4896308,25.10126251
111,1,29,15,59,2,08士林區,士林區延平北路7段271號,0,0,1,2,B03,8,1,5,40,14,9,1,5,4,5,7,4,4,10,5,5,1,16,1,26,3,10,1,1,7,9,1,8,2,1,,13,6,1,22,9,121.4896308,25.10126251
111,1,29,15,59,2,08士林區,士林區延平北路7段271號,0,0,1,3,H02,8,1,5,40,14,9,1,5,4,5,7,4,4,10,5,5,1,16,1,17,2,8,4,5,7,20,8,20,10,16,,67,6,1,22,9,121.4896308,25.10126251
111,1,29,16,0,2,05中正區,中正區館前路計程車排班區,0,0,1,2,B01,7,1,5,50,14,9,1,5,4,5,7,4,4,5,4,5,2,13,1,43,2,8,1,1,7,13,1,4,2,3,,44,23,1,22,9,121.5152313,25.04772165
111,1,29,16,0,2,05中正區,中正區館前路計程車排班區,0,0,1,1,B01,7,1,5,50,14,9,1,5,4,5,7,4,4,5,4,5,2,13,1,59,3,10,1,1,7,9,1,4,2,1,,23,23,1,22,9,121.5152313,25.04772165
111,1,29,16,0,2,12內湖區,內湖區東湖路與康樂街口口,0,0,1,1,C03,8,1,5,50,4,1,1,5,4,5,7,2,1,5,4,5,2,17,1,57,3,10,1,1,7,5,1,10,1,12,,8,8,1,22,9,121.6175828,25.0678821
111,1,29,16,0,2,12內湖區,內湖區東湖路與康樂街口口,0,0,1,2,C03,8,1,5,50,4,1,1,5,4,5,7,2,1,5,4,5,2,17,1,22,2,9,1,1,7,9,1,10,1,15,,26,8,1,22,9,121.6175828,25.0678821
111,1,29,16,50,2,03中山區,中山區中山北路2段93巷與林森北路口,0,0,1,1,B03,7,1,5,30,3,1,1,5,4,5,7,4,4,10,5,5,2,16,1,22,3,10,1,1,7,6,1,8,1,1,,6,6,1,22,9,121.5255466,25.0593226
111,1,29,16,50,2,03中山區,中山區中山北路2段93巷與林森北路口,0,0,1,2,C03,7,1,5,30,3,1,1,5,4,5,7,4,4,10,5,5,2,16,2,31,2,9,1,1,7,9,1,10,1,12,,14,6,1,22,9,121.5255466,25.0593226
111,1,29,17,59,2,01大同區,中正區北平東路1號前,0,0,1,2,C03,8,3,5,50,14,9,1,5,4,5,7,4,4,5,4,5,2,12,1,50,2,9,1,1,7,5,1,9,2,13,,44,23,1,22,9,121.5208615,25.04707603
111,1,29,17,59,2,01大同區,中正區北平東路1號前,0,0,1,1,B01,8,3,5,50,14,9,1,5,4,5,7,4,4,5,4,5,2,12,1,61,3,10,1,1,7,9,1,4,2,8,,23,23,1,22,9,121.5208615,25.04707603
111,1,29,18,5,2,08士林區,士林區社中街51號,0,0,1,1,B03,8,1,5,50,14,9,1,5,4,5,7,2,1,10,4,5,1,17,1,64,3,10,1,1,7,14,1,8,1,4,,40,40,1,22,9,121.5105912,25.08887641
111,1,29,18,5,2,08士林區,士林區社中街51號,0,0,1,2,C03,8,1,5,50,14,9,1,5,4,5,7,2,1,10,4,5,1,17,1,70,2,9,1,1,7,9,1,10,1,12,,44,40,1,22,9,121.5105912,25.08887641
111,1,29,18,43,2,08士林區,士林區承德路4段40巷10號,0,0,1,1,C03,7,3,5,50,14,9,1,5,4,5,7,4,4,9,5,5,2,16,2,55,3,10,1,1,7,11,1,10,1,14,,10,10,1,22,9,121.5221344,25.08092181
111,1,29,18,43,2,08士林區,士林區承德路4段40巷10號,0,0,1,2,C03,7,3,5,50,14,9,1,5,4,5,7,4,4,9,5,5,2,16,1,55,2,9,1,1,7,9,1,10,1,11,,44,10,1,22,9,121.5221344,25.08092181
111,1,29,19,15,2,11南港區,南港區研究院路2段與研究院路2段84巷口口,0,0,1,1,B01,6,3,5,50,4,1,1,4,4,5,7,2,1,1,4,5,2,16,1,53,3,10,3,4,7,5,1,4,1,5,,6,6,1,22,9,121.6154554,25.0451981
111,1,29,19,15,2,11南港區,南港區研究院路2段與研究院路2段84巷口口,0,0,1,2,C03,6,3,5,50,4,1,1,4,4,5,7,2,1,1,4,5,2,16,1,36,2,9,1,4,7,9,1,10,1,11,,44,6,1,22,9,121.6154554,25.0451981
111,1,29,19,37,2,10文山區,文山區景隆街與景隆街36巷口,0,1,0,1,C03,8,3,5,50,3,2,1,4,4,5,7,3,1,5,5,5,2,9,1,53,3,10,1,1,7,5,1,10,2,11,,23,23,1,22,9,121.5432883,24.99897567
111,1,29,19,37,2,10文山區,文山區景隆街與景隆街36巷口,0,1,0,2,H01,8,3,5,50,3,2,1,4,4,5,7,3,1,5,5,5,2,9,2,78,5,9,4,5,8,16,8,20,10,16,,67,23,1,22,9,121.5432883,24.99897567
111,1,29,20,7,2,05中正區,中正區台北車站西側門西三門,0,0,1,1,B01,8,3,5,50,14,9,1,5,4,5,7,4,4,9,4,5,1,3,1,55,3,10,1,1,7,5,1,4,2,5,,15,15,1,21,1,121.5161374,25.04744327
111,1,29,20,7,2,05中正區,中正區台北車站西側門西三門,0,0,1,2,H01,8,3,5,50,14,9,1,5,4,5,7,4,4,9,4,5,1,3,2,24,2,8,4,5,8,16,8,20,10,16,,67,15,1,21,5,121.5161374,25.04744327
111,1,29,20,9,2,05中正區,中正區汀州路3段241號,0,0,1,1,B03,7,3,5,50,14,9,1,5,4,5,7,4,4,9,5,5,2,17,2,53,3,10,1,1,7,1,1,8,1,15,,19,19,1,22,9,121.5342513,25.01376942
111,1,29,20,9,2,05中正區,中正區汀州路3段241號,0,0,1,2,C03,7,3,5,50,14,9,1,5,4,5,7,4,4,9,5,5,2,17,2,23,2,9,1,1,7,9,1,10,1,14,,44,19,1,22,9,121.5342513,25.01376942
111,1,29,20,12,2,11南港區,南港區南港路1段209號,0,0,1,1,B03,6,3,5,50,14,9,1,4,4,5,7,4,4,5,4,5,2,16,1,28,3,10,1,1,7,11,1,8,2,2,,26,26,1,22,9,121.6114066,25.0551694
111,1,29,20,12,2,11南港區,南港區南港路1段209號,0,0,1,2,C03,6,3,5,50,14,9,1,4,4,5,7,4,4,5,4,5,2,16,1,23,2,9,1,1,7,9,1,10,2,11,,23,26,1,22,9,121.6114066,25.0551694
111,1,29,20,50,2,04大安區,大安區和平東路3段119巷與樂利路42巷口,0,0,1,1,B03,6,3,5,30,4,1,1,4,4,5,7,4,4,10,5,5,2,15,1,36,3,10,1,1,7,9,1,8,1,2,,6,6,1,22,9,121.5511649,25.02645309
111,1,29,20,50,2,04大安區,大安區和平東路3段119巷與樂利路42巷口,0,0,1,2,C03,6,3,5,30,4,1,1,4,4,5,7,4,4,10,5,5,2,15,1,57,2,9,1,1,7,9,6,18,1,11,,23,6,1,22,9,121.5511649,25.02645309
111,1,29,21,15,2,07信義區,信義區市府路與松壽路口,0,0,1,1,B03,6,3,5,50,4,1,1,4,4,5,7,1,1,9,4,5,2,12,1,44,3,10,1,1,7,6,1,8,1,2,,6,6,1,22,9,121.5636165,25.0359038
111,1,29,21,15,2,07信義區,信義區市府路與松壽路口,0,0,1,2,C03,6,3,5,50,4,1,1,4,4,5,7,1,1,9,4,5,2,12,2,24,2,9,1,1,7,9,1,10,1,14,,44,6,1,22,9,121.5636165,25.0359038
111,1,29,21,18,2,03中山區,中山區民權東路1段與雙城街口,0,0,1,1,C03,7,3,5,50,3,1,1,5,4,5,7,2,1,1,3,5,2,12,1,56,3,10,3,4,7,1,1,10,1,14,,17,17,1,22,9,121.5243792,25.062871
111,1,29,21,18,2,03中山區,中山區民權東路1段與雙城街口,0,0,1,2,C03,7,3,5,50,3,1,1,5,4,5,7,2,1,1,3,5,2,12,1,31,2,9,3,4,7,1,1,10,1,12,,17,17,1,22,9,121.5243792,25.062871