發生年度,發生月,發生日,發生時-Hours,發生分,處理別-編號,區序,肇事地點,死亡人數,2-30日死亡人數,受傷人數,當事人序號,車種,天候,光線,道路類別,速限-速度限制,道路型態,事故位置,路面狀況1,路面狀況2,路面狀況3,道路障礙1,道路障礙2,號誌1,號誌2,車道劃分-分向,車道劃分-分道1,車道劃分-分道2,車道劃分-分道3,事故類型及型態,性別,年齡,受傷程度,主要傷處,安全帽,行動電話,車輛用途,當事者行動狀態,駕駛資格情形,駕駛執照種類,飲酒情形,車輛撞擊部位1,車輛撞擊部位2,肇因碼-個別,肇因碼-主要,個人肇逃否,職業,旅次目的,座標-X,座標-Y
111,1,29,22,50,2,07信義區,信義區吳興街與吳興街361巷口,0,0,2,1,C03,6,3,5,30,4,1,1,4,4,5,7,4,4,9,5,5,2,16,2,26,2,9,1,1,7,5,1,10,1,14,,6,6,1,22,9,121.5664638,25.0257674
111,1,29,22,50,2,07信義區,信義區吳興街與吳興街361巷口,0,0,2,2,C03,6,3,5,30,4,1,1,4,4,5,7,4,4,9,5,5,2,16,1,33,2,9,1,1,7,9,1,10,1,11,,44,6,1,22,9,121.5664638,25.0257674
111,1,29,23,12,2,04大安區,大安區師大路與師大路135巷口,0,0,1,1,B03,7,3,5,50,4,1,1,5,4,5,7,4,4,5,4,5,2,12,1,33,3,10,1,1,7,11,1,8,1,4,,10,10,1,21,8,121.5280252,25.0215643
111,1,29,23,12,2,04大安區,大安區師大路與師大路135巷口,0,0,1,2,C03,7,3,5,50,4,1,1,5,4,5,7,4,4,5,4,5,2,12,1,43,2,7,1,1,7,9,1,10,1,11,,44,10,1,21,8,121.5280252,25.0215643
111,1,29,23,21,2,07信義區,信義區松信路與虎林街120巷口,0,0,1,1,B03,6,3,5,30,4,1,1,4,4,5,7,3,1,5,4,4,2,16,1,22,3,10,1,1,7,9,1,8,1,5,,6,6,1,22,9,121.5719809,25.0422439
111,1,29,23,21,2,07信義區,信義區松信路與虎林街120巷口,0,0,1,2,C03,6,3,5,30,4,1,1,4,4,5,7,3,1,5,4,4,2,16,2,36,2,9,1,1,7,9,1,10,1,14,,14,6,1,22,9,121.5719809,25.0422439
111,1,30,1,37,2,07信義區,信義區松仁路88號,0,0,1,1,B01,6,3,5,50,14,9,1,4,4,5,7,4,4,1,4,5,2,12,1,44,3,10,1,1,7,1,1,4,1,4,,19,19,1,22,9,121.5683044,25.03534785
111,1,30,1,37,2,07信義區,信義區松仁路88號,0,0,1,2,C03,6,3,5,50,14,9,1,4,4,5,7,4,4,1,4,5,2,12,1,20,2,9,1,1,7,9,1,10,1,11,,44,19,1,22,9,121.5683044,25.03534785
111,1,30,3,31,2,03中山區,中山區林森北路與民生東路1段口,0,0,1,1,B03,7,3,5,50,4,1,1,5,4,5,7,2,1,4,3,5,2,15,1,56,3,10,3,4,7,9,1,8,2,1,,25,25,1,22,9,121.5255232,25.05804287
111,1,30,3,31,2,03中山區,中山區林森北路與民生東路1段口,0,0,1,2,B03,7,3,5,50,4,1,1,5,4,5,7,2,1,4,3,5,2,15,1,42,2,9,3,4,7,9,1,8,2,7,,44,25,1,22,9,121.5255232,25.05804287
111,1,30,3,31,2,03中山區,中山區林森北路與民生東路1段口,0,0,1,3,B03,7,3,5,50,4,1,1,5,4,5,7,2,1,4,3,5,2,15,1,58,3,10,3,4,7,14,1,8,2,4,,44,25,1,22,9,121.5255232,25.05804287
111,1,30,3,35,2,03中山區,中山區民權東路2段與民權東路2段152巷口,0,0,2,1,F01,7,3,5,30,4,1,1,5,4,5,7,2,1,5,5,5,2,15,1,21,2,1,1,1,7,11,8,20,2,16,,25,25,1,22,9,121.5349191,25.06227768
111,1,30,3,35,2,03中山區,中山區民權東路2段與民權東路2段152巷口,0,0,2,2,C03,7,3,5,30,4,1,1,5,4,5,7,2,1,5,5,5,2,15,1,19,2,9,1,1,7,9,1,10,2,11,,13,25,1,22,9,121.5349191,25.06227768
111,1,30,3,39,2,10文山區,文山區羅斯福路6段與景福街口口,0,0,1,1,C03,8,3,5,50,4,1,1,5,4,5,7,2,1,1,4,5,2,15,1,26,2,7,1,1,7,9,1,10,8,11,,21,21,1,22,9,121.5408484,24.99320139
111,1,30,3,39,2,10文山區,文山區羅斯福路6段與景福街口口,0,0,1,2,B03,8,3,5,50,4,1,1,5,4,5,7,2,1,1,4,5,2,15,1,46,3,10,1,1,7,9,1,8,2,7,,44,21,1,22,9,121.5408484,24.99320139
111,1,30,3,43,2,03中山區,中山區北安路771號,0,0,1,1,C03,8,3,5,40,14,9,1,5,4,3,7,4,4,1,4,5,2,17,2,18,2,9,1,1,7,9,1,10,1,11,,23,23,1,22,9,121.5533149,25.0857572
111,1,30,3,43,2,03中山區,中山區北安路771號,0,0,1,2,B03,8,3,5,40,14,9,1,5,4,3,7,4,4,1,4,5,2,17,1,21,3,10,1,1,7,13,1,8,1,7,,38,23,1,22,9,121.5533149,25.0857572
111,1,30,6,10,2,12內湖區,內湖區五分街72巷與東湖路160巷口,0,0,2,1,C03,8,3,5,30,3,1,1,5,4,5,7,4,4,10,5,5,2,11,1,43,2,9,1,1,7,9,1,10,2,11,,44,44,1,22,9,121.6163877,25.06627582
111,1,30,6,10,2,12內湖區,內湖區五分街72巷與東湖路160巷口,0,0,2,2,C03,8,3,5,30,3,1,1,5,4,5,7,4,4,10,5,5,2,11,1,18,2,9,1,1,7,5,1,10,2,15,,4,44,1,22,9,121.6163877,25.06627582
111,1,30,7,0,2,09北投區,北投區石牌路2段與天母西路口,0,0,1,1,B01,6,1,5,50,4,1,1,4,4,5,7,3,1,5,4,5,2,13,1,69,3,10,3,4,7,9,1,8,2,1,,23,23,1,22,9,121.52212,25.11920872
111,1,30,7,0,2,09北投區,北投區石牌路2段與天母西路口,0,0,1,2,C03,6,1,5,50,4,1,1,4,4,5,7,3,1,5,4,5,2,13,1,34,2,9,3,4,7,14,1,10,2,13,,44,23,1,22,9,121.52212,25.11920872
111,1,30,8,30,2,07信義區,信義區莊敬路341巷27號,0,0,1,1,F01,6,1,5,30,14,9,1,4,4,5,7,4,4,9,5,5,1,18,2,62,2,9,3,4,7,9,8,20,1,16,,42,42,1,22,9,121.5647468,25.0287579
111,1,30,8,30,2,07信義區,信義區莊敬路341巷27號,0,0,1,2,,6,1,5,30,14,9,1,4,4,5,7,4,4,9,5,5,1,18,3,,,,,,,,,,,,,67,42,1,,,121.5647468,25.0287579
111,1,30,8,32,2,09北投區,北投區崇仁路1段與崇仁路1段155巷口,0,0,1,1,C03,8,1,5,50,4,2,1,5,4,5,7,3,1,9,4,5,1,16,4,,4,11,3,4,7,15,7,19,11,15,,43,43,2,22,9,121.5022151,25.12359327
111,1,30,8,32,2,09北投區,北投區崇仁路1段與崇仁路1段155巷口,0,0,1,2,C03,8,1,5,50,4,2,1,5,4,5,7,3,1,9,4,5,1,16,2,42,2,7,1,1,7,9,1,10,11,11,,43,43,1,22,9,121.5022151,25.12359327
111,1,30,8,36,2,12內湖區,內湖區潭美街535號前,0,0,2,1,B03,6,1,5,40,14,9,1,4,4,5,7,4,4,4,4,5,2,16,1,39,2,3,1,1,7,9,1,5,2,6,,43,43,1,22,9,121.5992353,25.0606511
111,1,30,8,36,2,12內湖區,內湖區潭美街535號前,0,0,2,2,C03,6,1,5,40,14,9,1,4,4,5,7,4,4,4,4,5,2,16,1,29,2,9,1,1,7,9,1,10,2,11,,43,43,1,22,9,121.5992353,25.0606511
111,1,30,8,50,2,07信義區,信義區忠孝東路5段291號,0,0,1,1,C03,6,1,5,50,14,9,1,4,4,5,7,2,1,1,4,5,1,18,1,27,2,9,3,4,7,9,1,10,1,12,,44,44,1,22,9,121.5718409,25.04102924
111,1,30,8,50,2,07信義區,信義區忠孝東路5段291號,0,0,1,2,,6,1,5,50,14,9,1,4,4,5,7,2,1,1,4,5,1,18,3,,,,,,,,,,,,,67,44,,,,121.5718409,25.04102924
111,1,30,8,58,2,07信義區,信義區松隆路與松信路口,0,0,2,2,C03,6,1,5,50,4,1,1,4,4,5,7,1,1,10,4,4,2,15,1,21,2,9,1,1,7,9,1,10,1,11,,44,25,1,22,9,121.5721533,25.0469681
111,1,30,8,58,2,07信義區,信義區松隆路與松信路口,0,0,2,1,C03,6,1,5,50,4,1,1,4,4,5,7,1,1,10,4,4,2,15,1,49,2,9,1,1,7,9,4,10,1,13,,25,25,1,22,9,121.5721533,25.0469681
111,1,30,9,8,2,01大同區,大同區重慶北路3段335巷2號,0,0,1,1,B03,6,1,5,30,14,9,1,4,4,5,7,4,4,9,5,5,1,2,1,73,3,10,3,4,7,9,1,8,2,5,,23,23,1,22,9,121.5141206,25.07461766
111,1,30,9,8,2,01大同區,大同區重慶北路3段335巷2號,0,0,1,2,H01,6,1,5,30,14,9,1,4,4,5,7,4,4,9,5,5,1,2,2,39,2,8,4,5,8,16,8,20,10,15,,67,23,1,22,9,121.5141206,25.07461766
111,1,30,9,22,2,02萬華區,萬華區西藏路275號,0,0,1,1,B01,6,1,5,50,14,9,1,4,4,5,7,4,4,1,4,5,2,17,1,67,3,10,1,1,7,2,1,4,11,6,,12,12,1,21,8,121.4930811,25.02845373
111,1,30,9,22,2,02萬華區,萬華區西藏路275號,0,0,1,2,C03,6,1,5,50,14,9,1,4,4,5,7,4,4,1,4,5,2,17,1,71,2,8,1,1,7,9,1,10,11,11,,44,12,1,22,9,121.4930811,25.02845373
111,1,30,10,7,2,04大安區,大安區市民大道3段288號,0,0,1,1,C03,6,1,5,40,14,9,1,4,4,5,7,4,4,8,3,5,1,17,1,34,3,10,1,1,7,7,1,10,1,15,,6,6,1,22,9,121.5431117,25.04461616
111,1,30,10,7,2,04大安區,大安區市民大道3段288號,0,0,1,2,C03,6,1,5,40,14,9,1,4,4,5,7,4,4,8,3,5,1,17,2,26,2,9,1,1,7,9,1,10,1,15,,42,6,1,22,9,121.5431117,25.04461616
111,1,30,10,21,2,10文山區,文山區木柵路4段與和平東路4段口,0,0,1,1,B12,6,1,5,50,3,1,1,4,4,5,7,2,1,9,4,5,2,17,1,61,4,11,3,4,7,11,7,19,11,15,,10,10,2,22,9,121.5745141,24.99813589
111,1,30,10,21,2,10文山區,文山區木柵路4段與和平東路4段口,0,0,1,2,C03,6,1,5,50,3,1,1,4,4,5,7,2,1,9,4,5,2,17,1,53,2,1,1,1,7,14,1,10,9,12,,38,10,1,22,9,121.5745141,24.99813589
111,1,30,10,50,2,11南港區,南港區市民大道8段602號,0,0,1,1,C03,6,1,5,50,14,9,1,4,4,5,7,4,4,1,5,5,1,17,1,68,3,10,3,4,7,1,1,10,2,12,,19,19,1,22,9,121.6155784,25.05424326
111,1,30,10,50,2,11南港區,南港區市民大道8段602號,0,0,1,2,B12,6,1,5,50,14,9,1,4,4,5,7,4,4,1,5,5,1,17,1,52,3,10,3,4,7,14,1,8,2,15,,38,19,1,22,9,121.6155784,25.05424326
111,1,30,10,50,2,11南港區,南港區市民大道8段602號,0,0,1,3,C03,6,1,5,50,14,9,1,4,4,5,7,4,4,1,5,5,1,17,1,66,2,9,3,4,7,9,1,10,2,14,,44,19,1,22,9,121.6155784,25.05424326
111,1,30,11,20,2,09北投區,北投區中和街與復興一路口,0,0,1,1,C03,6,1,5,30,3,2,1,4,4,5,7,4,4,9,4,5,2,17,1,70,2,9,1,1,7,5,1,10,9,13,,6,6,1,22,9,121.5018397,25.1389329
111,1,30,11,20,2,09北投區,北投區中和街與復興一路口,0,0,1,2,B03,6,1,5,30,3,2,1,4,4,5,7,4,4,9,4,5,2,17,1,51,3,10,1,1,7,9,1,8,9,1,,23,6,1,22,9,121.5018397,25.1389329
111,1,30,11,50,2,09北投區,北投區天母西路130巷與振興街口,0,0,1,1,C03,6,1,5,50,3,2,1,4,4,5,7,4,4,10,5,5,2,18,2,28,2,9,3,4,7,12,1,10,1,12,,42,42,1,22,9,121.5220329,25.11831899
111,1,30,11,50,2,09北投區,北投區天母西路130巷與振興街口,0,0,1,2,,6,1,5,50,3,2,1,4,4,5,7,4,4,10,5,5,2,18,3,,,,,,,,,,,,,67,42,1,,,121.5220329,25.11831899
111,1,30,11,50,2,09北投區,北投區天母西路130巷與振興街口,0,0,1,3,B01,6,1,5,50,3,2,1,4,4,5,7,4,4,10,5,5,2,18,4,,,,,,,,,,,,,38,42,,,,121.5220329,25.11831899
111,1,30,11,53,2,11南港區,南港區經貿二路與經貿二路105巷口,0,0,1,1,B03,6,1,5,50,5,1,1,4,4,5,7,1,1,1,3,5,1,16,1,58,3,10,3,4,7,5,1,8,2,5,,25,25,1,22,9,121.6169962,25.05810894
111,1,30,11,53,2,11南港區,南港區經貿二路與經貿二路105巷口,0,0,1,2,C03,6,1,5,50,5,1,1,4,4,5,7,1,1,1,3,5,1,16,1,40,2,9,3,4,7,9,1,10,2,11,,25,25,1,22,9,121.6169962,25.05810894
111,1,30,11,56,2,02萬華區,萬華區堤外便道與水源快速道路口引道,0,0,1,1,B12,6,1,5,50,5,1,1,4,4,5,7,4,4,5,5,5,2,16,1,63,3,10,1,1,7,6,1,8,1,2,,9,9,1,22,9,121.4981225,25.01616709
111,1,30,11,56,2,02萬華區,萬華區堤外便道與水源快速道路口引道,0,0,1,2,C03,6,1,5,50,5,1,1,4,4,5,7,4,4,5,5,5,2,16,1,24,2,9,1,1,7,9,1,10,1,11,,44,9,1,22,9,121.4981225,25.01616709
111,1,30,13,5,2,12內湖區,內湖區新湖二路與舊宗路1段口128號,0,0,1,1,B03,7,1,5,50,14,9,1,5,4,5,7,4,4,5,5,5,2,16,1,50,3,10,1,1,7,11,1,8,2,4,,10,10,1,22,9,121.5773075,25.0614684
111,1,30,13,5,2,12內湖區,內湖區新湖二路與舊宗路1段口128號,0,0,1,2,C03,7,1,5,50,14,9,1,5,4,5,7,4,4,5,5,5,2,16,1,38,2,9,1,1,7,9,1,10,2,11,,44,10,1,22,9,121.5773075,25.0614684
111,1,30,13,9,2,04大安區,大安區仁愛路4段151巷與仁愛路4段口,0,0,1,1,B03,7,1,5,30,3,2,1,5,4,5,7,4,4,8,3,5,1,15,2,43,3,10,1,1,7,15,1,8,1,8,,6,6,1,21,7,121.5517418,25.03800326
111,1,30,13,9,2,04大安區,大安區仁愛路4段151巷與仁愛路4段口,0,0,1,2,C03,7,1,5,30,3,2,1,5,4,5,7,4,4,8,3,5,1,15,1,55,2,8,1,1,7,12,1,10,1,11,,14,6,1,5,3,121.5517418,25.03800326
111,1,30,13,22,2,07信義區,信義區永吉路444號,0,0,1,1,B03,7,1,5,40,14,7,1,5,4,5,7,4,4,1,4,4,2,16,1,41,3,10,3,4,7,1,1,8,1,8,,19,19,1,22,9,121.5782733,25.04539828
111,1,30,13,22,2,07信義區,信義區永吉路444號,0,0,1,2,C03,7,1,5,40,14,7,1,5,4,5,7,4,4,1,4,4,2,16,1,31,2,8,3,4,7,9,1,10,1,12,,23,19,1,22,9,121.5782733,25.04539828
111,1,30,14,30,2,10文山區,文山區木柵路1段與光輝路口,0,0,1,1,B03,7,1,5,50,3,1,1,4,4,5,7,2,1,9,4,5,2,16,1,65,3,10,1,1,7,11,1,8,2,6,,10,10,1,22,9,121.5550913,24.9881628
111,1,30,14,30,2,10文山區,文山區木柵路1段與光輝路口,0,0,1,2,C03,7,1,5,50,3,1,1,4,4,5,7,2,1,9,4,5,2,16,1,19,2,8,1,1,7,9,1,10,2,11,,13,10,1,22,9,121.5550913,24.9881628
111,1,30,14,55,2,06松山區,松山區市民大道6段東往西八德路4段650號旁,0,0,1,1,C03,7,1,5,40,3,1,1,5,4,5,7,4,4,10,4,5,2,15,1,20,3,10,1,1,7,9,1,10,1,12,,23,23,1,22,9,121.5751386,25.04945169
111,1,30,14,55,2,06松山區,松山區市民大道6段東往西八德路4段650號旁,0,0,1,2,F01,7,1,5,40,3,1,1,5,4,5,7,4,4,10,4,5,2,15,2,69,2,9,1,1,7,1,8,20,1,16,,19,23,1,22,9,121.5751386,25.04945169
111,1,30,15,0,2,09北投區,北投區中和街與中和街502巷口,0,0,1,1,B03,6,1,5,30,3,1,1,4,4,5,7,4,4,9,4,5,2,17,1,69,3,10,1,1,7,5,1,8,1,15,,6,6,1,22,9,121.4934757,25.14543217
111,1,30,15,0,2,09北投區,北投區中和街與中和街502巷口,0,0,1,2,C03,6,1,5,30,3,1,1,4,4,5,7,4,4,9,4,5,2,17,2,45,2,9,1,1,7,9,1,10,1,12,,14,6,1,22,9,121.4934757,25.14543217
111,1,30,15,0,2,09北投區,北投區中和街與中和街502巷口,0,0,1,3,C03,6,1,5,30,3,1,1,4,4,5,7,4,4,9,4,5,2,17,1,64,3,10,1,1,7,9,1,10,1,14,,44,6,1,22,9,121.4934757,25.14543217
111,1,30,15,25,2,09北投區,北投區大業路與三合街2段口,0,0,2,1,B03,7,1,5,60,4,2,1,5,4,5,7,2,1,8,3,5,2,17,2,44,2,1,1,1,7,6,1,8,1,2,,9,9,1,22,9,121.4985931,25.1256459
111,1,30,15,25,2,09北投區,北投區大業路與三合街2段口,0,0,2,2,B03,7,1,5,60,4,2,1,5,4,5,7,2,1,8,3,5,2,17,1,60,3,10,1,1,7,9,1,8,1,1,,13,9,1,22,9,121.4985931,25.1256459
111,1,30,15,25,2,09北投區,北投區大業路與三合街2段口,0,0,2,3,H02,7,1,5,60,4,2,1,5,4,5,7,2,1,8,3,5,2,17,2,5,2,1,1,5,7,20,8,20,10,16,,67,9,1,22,9,121.4985931,25.1256459
111,1,30,16,13,2,09北投區,北投區尊賢街243巷與承德路7段口,0,0,1,1,C03,8,1,5,30,4,1,1,5,4,5,7,1,1,10,5,5,2,18,1,45,2,9,1,1,7,5,1,10,1,14,,13,13,1,22,9,121.5051803,25.11603345
111,1,30,16,13,2,09北投區,北投區尊賢街243巷與承德路7段口,0,0,1,2,,8,1,5,30,4,1,1,5,4,5,7,1,1,10,5,5,2,18,3,,,,,,,,,,,,,67,13,1,,,121.5051803,25.11603345
111,1,30,16,37,2,04大安區,大安區復興南路2段151巷與大安路2段口,0,0,1,1,B03,7,1,5,40,3,2,1,5,4,5,7,1,1,4,3,5,1,12,1,48,3,10,1,1,7,1,1,8,1,8,,19,19,1,22,9,121.5458204,25.02838003
111,1,30,16,37,2,04大安區,大安區復興南路2段151巷與大安路2段口,0,0,1,2,F01,7,1,5,40,3,2,1,5,4,5,7,1,1,4,3,5,1,12,1,70,2,5,1,1,7,9,8,20,1,16,,23,19,1,22,9,121.5458204,25.02838003
111,1,30,17,28,2,12內湖區,內湖區大湖山莊街151巷5號前,0,0,2,1,C03,7,1,5,30,14,9,1,5,4,5,7,4,4,6,4,5,2,16,2,21,2,9,1,1,7,9,1,10,2,11,,5,5,1,22,9,121.6018936,25.08695429
111,1,30,17,28,2,12內湖區,內湖區大湖山莊街151巷5號前,0,0,2,2,F01,7,1,5,30,14,9,1,5,4,5,7,4,4,6,4,5,2,16,2,17,2,9,1,1,7,1,8,20,2,16,,19,5,1,22,9,121.6018936,25.08695429
111,1,30,18,13,2,10文山區,文山區景興路153巷15號,0,0,2,1,C03,7,3,5,30,14,9,1,5,4,5,7,4,4,10,5,5,2,12,2,18,2,9,1,1,7,9,1,10,2,11,,23,23,1,22,9,121.5457645,24.99373639
111,1,30,18,13,2,10文山區,文山區景興路153巷15號,0,0,2,2,F01,7,3,5,30,14,9,1,5,4,5,7,4,4,10,5,5,2,12,2,58,2,9,1,1,7,7,8,20,2,16,,7,23,1,22,9,121.5457645,24.99373639
111,1,30,18,21,2,07信義區,信義區松山路350號,0,0,3,1,C03,8,3,5,50,14,9,1,5,4,5,7,4,4,1,4,5,2,12,2,51,2,9,1,1,7,7,4,11,1,14,,7,7,1,22,9,121.5777664,25.04103073
111,1,30,18,21,2,07信義區,信義區松山路350號,0,0,3,2,C03,8,3,5,50,14,9,1,5,4,5,7,4,4,1,4,5,2,12,2,34,2,8,1,1,7,9,1,10,1,12,,44,7,1,22,9,121.5777664,25.04103073
111,1,30,18,21,2,07信義區,信義區松山路350號,0,0,3,3,H02,8,3,5,50,14,9,1,5,4,5,7,4,4,1,4,5,2,12,1,37,2,7,4,5,7,17,8,20,10,16,,67,7,1,22,9,121.5777664,25.04103073
111,1,30,18,30,2,09北投區,北投區中和街230號,0,0,2,1,H01,7,3,5,50,14,9,1,5,4,5,7,2,1,4,1,5,2,6,1,51,2,9,4,5,8,18,8,20,1,16,,51,51,1,22,9,121.5015854,25.13920319
111,1,30,18,30,2,09北投區,北投區中和街230號,0,0,2,2,C03,7,3,5,50,14,9,1,5,4,5,7,2,1,4,1,5,2,6,1,39,2,9,1,1,7,9,1,10,1,12,,44,51,1,22,9,121.5015854,25.13920319
111,1,30,18,55,2,01大同區,大同區重慶北路2段17號,0,0,1,1,B03,7,3,5,50,14,9,1,5,4,5,7,4,4,1,4,5,2,16,1,49,3,10,1,1,7,1,1,8,2,8,,19,19,1,22,9,121.5142904,25.05470447
111,1,30,18,55,2,01大同區,大同區重慶北路2段17號,0,0,1,2,C03,7,3,5,50,14,9,1,5,4,5,7,4,4,1,4,5,2,16,1,32,3,10,1,1,7,13,1,10,2,12,,16,19,1,22,9,121.5142904,25.05470447
111,1,30,18,55,2,01大同區,大同區重慶北路2段17號,0,0,1,3,C03,7,3,5,50,14,9,1,5,4,5,7,4,4,1,4,5,2,16,2,28,2,9,1,1,7,9,1,8,2,11,,23,19,1,22,9,121.5142904,25.05470447
111,1,30,18,57,2,06松山區,松山區八德路4段與松山路口,0,0,1,1,B03,8,3,5,50,4,1,1,5,4,5,7,1,1,1,1,4,2,11,2,53,3,10,1,1,7,6,1,8,2,2,,9,9,1,22,5,121.5777369,25.04989541
111,1,30,18,57,2,06松山區,松山區八德路4段與松山路口,0,0,1,2,C03,8,3,5,50,4,1,1,5,4,5,7,1,1,1,1,4,2,11,1,21,2,9,1,1,7,11,1,10,2,11,,44,9,1,22,5,121.5777369,25.04989541
111,1,30,19,23,2,02萬華區,萬華區中華路2段與西藏路口,0,0,1,1,C03,8,3,5,50,4,1,1,5,4,5,7,1,1,8,3,5,1,9,2,29,2,9,1,1,7,9,1,10,1,14,,23,23,1,22,9,121.5040258,25.03001951
111,1,30,19,23,2,02萬華區,萬華區中華路2段與西藏路口,0,0,1,2,H01,8,3,5,50,4,1,1,5,4,5,7,1,1,8,3,5,1,9,1,59,3,10,4,5,8,16,8,20,10,16,,52,23,1,22,9,121.5040258,25.03001951
111,1,30,19,30,2,05中正區,中正區林森南路地下道與仁愛路1段口口,0,0,2,1,C04,8,3,5,30,4,2,1,5,4,5,7,2,1,9,4,5,1,16,2,24,2,8,1,1,7,11,1,10,2,11,,26,26,1,21,5,121.521464,25.03842193
111,1,30,19,30,2,05中正區,中正區林森南路地下道與仁愛路1段口口,0,0,2,2,C03,8,3,5,30,4,2,1,5,4,5,7,2,1,9,4,5,1,16,1,37,3,10,1,1,7,9,1,10,2,14,,23,26,1,21,5,121.521464,25.03842193
111,1,30,19,30,2,05中正區,中正區林森南路地下道與仁愛路1段口口,0,0,2,3,H02,8,3,5,30,4,2,1,5,4,5,7,2,1,9,4,5,1,16,2,39,2,8,1,5,7,20,8,20,10,16,,67,26,1,21,5,121.521464,25.03842193
111,1,30,19,30,2,12內湖區,內湖區星雲街與成功路3段187巷口,0,0,1,1,C03,8,3,5,40,4,1,1,5,4,5,7,4,4,5,5,5,2,17,1,72,3,10,1,1,7,5,3,18,1,15,,6,6,1,22,9,121.592285,25.07886198
111,1,30,19,30,2,12內湖區,內湖區星雲街與成功路3段187巷口,0,0,1,2,C03,8,3,5,40,4,1,1,5,4,5,7,4,4,5,5,5,2,17,1,21,2,9,1,1,7,9,1,9,1,14,,13,6,1,22,9,121.592285,25.07886198
111,1,30,19,50,2,03中山區,中山區松江路與德惠街口,0,0,1,1,B03,7,3,5,50,4,1,1,5,4,5,7,2,1,10,5,5,2,17,1,56,3,10,3,4,7,5,1,4,2,5,,6,6,1,22,9,121.5332785,25.06656132
111,1,30,19,50,2,03中山區,中山區松江路與德惠街口,0,0,1,2,F01,7,3,5,50,4,1,1,5,4,5,7,2,1,10,5,5,2,17,2,60,2,9,1,1,7,9,8,20,2,16,,29,6,1,22,9,121.5332785,25.06656132
111,1,30,21,28,2,08士林區,士林區中山北路5段與福林路口,0,0,1,1,C03,7,3,5,50,4,2,1,5,4,5,7,1,1,5,4,5,2,16,1,22,3,10,1,1,7,6,1,10,1,12,,43,43,1,22,9,121.5282164,25.09389004
111,1,30,21,28,2,08士林區,士林區中山北路5段與福林路口,0,0,1,2,C03,7,3,5,50,4,2,1,5,4,5,7,1,1,5,4,5,2,16,1,18,2,9,1,1,7,9,1,10,1,11,,43,43,1,22,9,121.5282164,25.09389004
111,1,30,21,58,2,08士林區,士林區格致路與凱旋路口,0,0,1,1,B03,7,3,5,40,3,1,1,5,4,5,7,4,4,5,5,5,1,12,1,27,3,10,1,1,7,4,1,8,1,6,,1,1,1,22,9,121.5464064,25.13697273
111,1,30,21,58,2,08士林區,士林區格致路與凱旋路口,0,0,1,2,C03,7,3,5,40,3,1,1,5,4,5,7,4,4,5,5,5,1,12,1,17,2,8,1,1,7,5,2,18,1,11,,8,1,1,22,9,121.5464064,25.13697273
111,1,30,22,25,2,02萬華區,萬華區桂林路74號,0,0,2,1,H01,7,3,5,0,14,9,1,5,4,5,7,4,4,10,5,5,1,3,2,86,2,9,4,5,8,16,8,20,10,16,,67,67,1,22,9,121.5012153,25.03841178
111,1,30,22,25,2,02萬華區,萬華區桂林路74號,0,0,2,2,C03,7,3,5,0,14,9,1,5,4,5,7,4,4,10,5,5,1,3,2,30,2,9,1,4,7,9,1,10,2,11,,23,67,1,22,9,121.5012153,25.03841178
111,1,30,23,30,2,03中山區,中山區復興北路與長安東路2段口,0,0,1,1,B01,7,3,5,50,14,9,1,5,4,5,7,4,4,1,4,5,2,17,1,57,3,10,3,4,7,8,1,4,1,15,,7,7,1,22,9,121.5438542,25.04839579
111,1,30,23,30,2,03中山區,中山區復興北路與長安東路2段口,0,0,1,2,C03,7,3,5,50,14,9,1,5,4,5,7,4,4,1,4,5,2,17,2,34,2,9,3,4,7,9,1,10,1,12,,13,7,1,22,9,121.5438542,25.04839579
111,1,30,23,50,2,05中正區,中正區師大路與水源路口,0,0,1,1,B03,8,3,5,50,5,1,1,5,4,5,7,1,1,1,4,5,2,17,1,29,3,10,1,1,7,6,1,8,2,4,,9,9,1,22,9,121.5228263,25.02027704
111,1,30,23,50,2,05中正區,中正區師大路與水源路口,0,0,1,2,C03,8,3,5,50,5,1,1,5,4,5,7,1,1,1,4,5,2,17,1,20,2,9,1,1,7,5,1,10,2,11,,8,9,1,22,9,121.5228263,25.02027704
111,1,31,0,2,2,09北投區,北投區復興四路8號,0,0,1,1,C03,8,1,5,30,14,9,1,5,4,3,7,4,4,7,5,5,2,16,1,59,2,6,1,1,7,1,1,10,2,12,,19,19,1,22,9,121.4996647,25.14161199
111,1,31,0,2,2,09北投區,北投區復興四路8號,0,0,1,2,B03,8,1,5,30,14,9,1,5,4,3,7,4,4,7,5,5,2,16,1,24,3,10,1,1,7,9,1,8,2,4,,13,19,1,22,9,121.4996647,25.14161199
111,1,31,1,46,2,05中正區,中正區忠孝東路2段與八德路1段口,0,0,2,1,B03,8,3,5,50,3,1,1,5,4,5,7,2,1,1,2,4,2,11,2,29,3,10,1,1,7,5,1,8,2,2,,25,25,1,22,9,121.5291163,25.04343135
111,1,31,1,46,2,05中正區,中正區忠孝東路2段與八德路1段口,0,0,2,2,C03,8,3,5,50,3,1,1,5,4,5,7,2,1,1,2,4,2,11,1,19,2,9,1,1,7,9,1,10,2,11,,14,25,1,22,9,121.5291163,25.04343135