發生年度,發生月,發生日,發生時-Hours,發生分,處理別-編號,區序,肇事地點,死亡人數,2-30日死亡人數,受傷人數,當事人序號,車種,天候,光線,道路類別,速限-速度限制,道路型態,事故位置,路面狀況1,路面狀況2,路面狀況3,道路障礙1,道路障礙2,號誌1,號誌2,車道劃分-分向,車道劃分-分道1,車道劃分-分道2,車道劃分-分道3,事故類型及型態,性別,年齡,受傷程度,主要傷處,安全帽,行動電話,車輛用途,當事者行動狀態,駕駛資格情形,駕駛執照種類,飲酒情形,車輛撞擊部位1,車輛撞擊部位2,肇因碼-個別,肇因碼-主要,個人肇逃否,職業,旅次目的,座標-X,座標-Y
111,1,31,1,46,2,05中正區,中正區忠孝東路2段與八德路1段口,0,0,2,3,H02,8,3,5,50,3,1,1,5,4,5,7,2,1,1,2,4,2,11,1,22,2,9,4,5,7,20,8,20,10,16,,67,25,1,22,9,121.5291163,25.04343135
111,1,31,2,11,2,03中山區,中山區林森北路與林森北路399巷口,0,0,1,1,B01,7,3,5,50,4,1,1,5,4,5,7,2,1,5,5,5,2,17,1,40,3,10,3,4,7,11,1,4,1,8,,10,10,1,22,9,121.5255389,25.05899393
111,1,31,2,11,2,03中山區,中山區林森北路與林森北路399巷口,0,0,1,2,C03,7,3,5,50,4,1,1,5,4,5,7,2,1,5,5,5,2,17,2,31,2,8,1,1,7,9,1,10,1,11,,44,10,1,22,9,121.5255389,25.05899393
111,1,31,7,48,2,02萬華區,萬華區萬大路329巷與萬大路口,0,0,2,1,C03,8,1,5,30,4,2,1,5,4,5,7,2,1,2,4,5,1,17,1,74,2,9,3,4,7,5,1,10,2,13,,6,6,1,22,9,121.5002699,25.02416523
111,1,31,7,48,2,02萬華區,萬華區萬大路329巷與萬大路口,0,0,2,2,C03,8,1,5,30,4,2,1,5,4,5,7,2,1,2,4,5,1,17,1,46,2,9,3,4,7,9,1,10,2,11,,13,6,1,22,9,121.5002699,25.02416523
111,1,31,8,0,2,12內湖區,內湖區新湖一路與新湖一路36巷口,0,0,1,1,B03,8,1,5,50,4,1,1,5,4,5,7,4,4,5,5,5,1,15,2,22,3,10,2,1,7,9,1,8,1,7,,6,6,1,22,9,121.5749624,25.05318171
111,1,31,8,0,2,12內湖區,內湖區新湖一路與新湖一路36巷口,0,0,1,2,C03,8,1,5,50,4,1,1,5,4,5,7,4,4,5,5,5,1,15,2,29,2,9,1,1,7,9,1,10,1,11,,23,6,1,22,9,121.5749624,25.05318171
111,1,31,8,30,2,09北投區,北投區大業路與大同街口,0,0,1,1,C03,8,1,5,50,4,1,1,5,4,5,7,2,1,1,4,5,2,15,2,67,2,9,3,4,7,9,3,18,2,14,,25,25,1,22,9,121.4990994,25.1369436
111,1,31,8,30,2,09北投區,北投區大業路與大同街口,0,0,1,2,B03,8,1,5,50,4,1,1,5,4,5,7,2,1,1,4,5,2,15,1,39,3,10,3,4,7,9,1,10,1,1,,25,25,1,22,9,121.4990994,25.1369436
111,1,31,8,32,2,08士林區,士林區文林路483號,0,0,2,1,B03,8,1,5,50,14,9,1,5,4,5,7,4,4,10,2,5,1,16,2,70,3,10,1,1,7,5,1,8,2,4,,8,8,1,22,9,121.5242816,25.0962634
111,1,31,8,32,2,08士林區,士林區文林路483號,0,0,2,2,C03,8,1,5,50,14,9,1,5,4,5,7,4,4,10,2,5,1,16,2,30,2,9,1,1,7,9,1,10,2,12,,23,8,1,22,9,121.5242816,25.0962634
111,1,31,8,32,2,08士林區,士林區文林路483號,0,0,2,3,H02,8,1,5,50,14,9,1,5,4,5,7,4,4,10,2,5,1,16,1,63,2,9,4,5,7,20,8,20,10,16,,67,8,1,22,9,121.5242816,25.0962634
111,1,31,9,17,2,02萬華區,(和平西路3段302巷3弄5號前),0,0,2,1,C03,8,1,5,30,3,2,1,5,4,5,6,4,4,9,5,5,2,10,1,19,2,9,1,1,7,1,1,10,2,11,,19,19,1,22,9,121.492987,25.03487917
111,1,31,9,17,2,02萬華區,(和平西路3段302巷3弄5號前),0,0,2,2,C03,8,1,5,30,3,2,1,5,4,5,6,4,4,9,5,5,2,10,1,39,2,9,1,1,7,9,1,10,2,11,,44,19,1,22,9,121.492987,25.03487917
111,1,31,9,50,2,08士林區,士林區至誠路1段62巷10弄與芝玉路1段口,0,0,2,1,C03,8,1,5,30,3,2,1,5,4,5,7,4,4,10,5,5,1,16,1,19,2,8,1,1,7,5,1,10,2,14,,6,6,1,22,9,121.5368619,25.10207944
111,1,31,9,50,2,08士林區,士林區至誠路1段62巷10弄與芝玉路1段口,0,0,2,2,C03,8,1,5,30,3,2,1,5,4,5,7,4,4,10,5,5,1,16,1,38,2,5,1,1,7,9,1,10,2,12,,23,6,1,22,9,121.5368619,25.10207944
111,1,31,11,26,2,06松山區,松山區民生東路5段36巷與光復北路177巷口,0,0,1,1,B03,7,1,5,50,14,9,1,5,4,5,7,4,4,5,4,5,2,9,2,47,3,10,1,1,7,5,1,8,1,8,,15,15,1,22,9,121.5570339,25.05803064
111,1,31,11,26,2,06松山區,松山區民生東路5段36巷與光復北路177巷口,0,0,1,2,H01,7,1,5,50,14,9,1,5,4,5,7,4,4,5,4,5,2,9,1,80,2,9,4,5,8,16,8,20,10,16,,67,15,1,22,9,121.5570339,25.05803064
111,1,31,11,49,2,07信義區,信義區和平東路3段327號,0,0,1,1,C03,7,1,5,50,14,9,1,5,4,5,7,4,4,1,4,5,1,12,2,37,3,10,1,1,7,7,1,10,1,14,,7,7,1,22,9,121.5561959,25.02103328
111,1,31,11,49,2,07信義區,信義區和平東路3段327號,0,0,1,2,B03,7,1,5,50,14,9,1,5,4,5,7,4,4,1,4,5,1,12,1,38,3,10,1,1,7,9,1,8,1,2,,44,7,1,22,9,121.5561959,25.02103328
111,1,31,11,49,2,07信義區,信義區和平東路3段327號,0,0,1,3,H02,7,1,5,50,14,9,1,5,4,5,7,4,4,1,4,5,1,12,2,11,2,8,1,5,7,21,8,20,10,15,,67,7,1,22,9,121.5561959,25.02103328
111,1,31,11,58,2,08士林區,士林區基河路與福德路口,0,0,1,1,B03,8,1,5,50,3,2,1,5,4,5,7,2,1,9,4,5,1,17,1,54,3,10,1,1,7,11,1,8,2,2,,10,10,1,22,9,121.5209548,25.09203279
111,1,31,11,58,2,08士林區,士林區基河路與福德路口,0,0,1,2,C03,8,1,5,50,3,2,1,5,4,5,7,2,1,9,4,5,1,17,1,41,2,9,1,1,7,9,1,10,2,11,,13,10,1,22,9,121.5209548,25.09203279
111,1,31,12,40,2,07信義區,信義區吳興街250號與吳興街220巷口,0,0,1,2,B01,8,1,5,50,3,2,1,5,4,5,7,2,1,9,4,5,2,17,1,54,3,10,1,1,7,14,1,4,1,6,,44,23,1,22,9,121.5623575,25.02703769
111,1,31,12,40,2,07信義區,信義區吳興街250號與吳興街220巷口,0,0,1,1,C03,8,1,5,50,3,2,1,5,4,5,7,2,1,9,4,5,2,17,1,40,2,7,1,1,7,9,1,10,1,14,,23,23,1,22,9,121.5623575,25.02703769
111,1,31,12,50,2,10文山區,文山區木新路2段與保儀路口,0,0,1,1,B03,8,1,5,50,4,2,1,5,4,5,7,2,1,9,4,5,1,17,1,45,3,10,1,1,7,5,1,8,1,15,,8,8,1,22,9,121.5652849,24.98276079
111,1,31,12,50,2,10文山區,文山區木新路2段與保儀路口,0,0,1,2,C03,8,1,5,50,4,2,1,5,4,5,7,2,1,9,4,5,1,17,1,49,2,9,1,1,7,9,1,10,1,14,,42,8,1,22,9,121.5652849,24.98276079
111,1,31,13,0,2,10文山區,文山區辛亥路4段162號,0,0,1,1,C03,8,1,5,50,14,9,1,5,4,5,7,4,4,1,4,5,2,29,2,56,2,8,1,1,7,9,1,10,2,11,,43,43,1,22,9,121.556601,25.00412509
111,1,31,13,0,2,10文山區,文山區辛亥路4段162號,0,0,1,2,C03,8,1,5,50,14,9,1,5,4,5,7,4,4,1,4,5,2,29,3,,,,,,,,,,,,,67,43,1,,,121.556601,25.00412509
111,1,31,13,57,2,10文山區,文山區萬芳路與萬芳路無名巷口口,0,0,1,1,B03,8,1,5,50,3,1,1,5,4,5,7,4,4,4,3,5,1,16,1,47,3,10,3,4,7,7,3,18,11,4,,7,7,1,22,9,121.57099,24.99521919
111,1,31,13,57,2,10文山區,文山區萬芳路與萬芳路無名巷口口,0,0,1,2,C04,8,1,5,50,3,1,1,5,4,5,7,4,4,4,3,5,1,16,2,69,2,7,1,4,7,9,1,10,11,12,,30,7,1,22,9,121.57099,24.99521919
111,1,31,14,12,2,01大同區,大同區民權西路與蘭州街口,0,0,2,1,C03,8,1,5,50,3,2,1,5,4,5,7,1,1,9,4,5,1,12,1,61,3,10,1,1,7,5,1,10,1,13,,43,43,1,22,9,121.5146513,25.06287552
111,1,31,14,12,2,01大同區,大同區民權西路與蘭州街口,0,0,2,2,C03,8,1,5,50,3,2,1,5,4,5,7,1,1,9,4,5,1,12,1,34,2,9,1,1,7,9,1,10,1,11,,43,43,1,22,9,121.5146513,25.06287552
111,1,31,14,12,2,01大同區,大同區民權西路與蘭州街口,0,0,2,3,H02,8,1,5,50,3,2,1,5,4,5,7,1,1,9,4,5,1,12,2,28,2,8,1,5,7,20,8,20,10,16,,67,43,1,22,9,121.5146513,25.06287552
111,1,31,14,52,2,04大安區,大安區辛亥路2段與建國南路2段口,0,0,1,1,B03,8,1,5,40,5,1,1,5,4,5,7,1,1,1,3,1,1,17,1,47,3,10,1,1,7,6,1,8,1,15,,26,26,1,22,9,121.537542,25.02284694
111,1,31,14,52,2,04大安區,大安區辛亥路2段與建國南路2段口,0,0,1,2,C03,8,1,5,40,5,1,1,5,4,5,7,1,1,1,3,1,1,17,1,32,2,9,1,1,7,9,1,10,1,15,,44,26,1,22,9,121.537542,25.02284694
111,1,31,15,38,2,05中正區,中正區羅斯福路3段與辛亥路1段口,0,0,2,1,C03,8,1,5,50,4,1,1,5,4,5,7,1,1,3,4,5,2,17,2,44,2,9,1,1,7,6,1,10,2,12,,9,9,1,22,9,121.5290211,25.01978253
111,1,31,15,38,2,05中正區,中正區羅斯福路3段與辛亥路1段口,0,0,2,2,C03,8,1,5,50,4,1,1,5,4,5,7,1,1,3,4,5,2,17,1,41,2,9,1,1,7,9,1,10,2,11,,44,9,1,22,9,121.5290211,25.01978253
111,1,31,16,39,2,04大安區,大安區和平東路1段181號,0,0,1,1,B03,8,1,5,50,14,8,1,5,4,5,7,4,4,1,3,4,1,12,2,56,4,11,3,4,7,8,7,19,1,15,,7,7,2,22,9,121.5327865,25.02630554
111,1,31,16,39,2,04大安區,大安區和平東路1段181號,0,0,1,2,C03,8,1,5,50,14,8,1,5,4,5,7,4,4,1,3,4,1,12,2,29,2,9,1,1,7,9,1,10,1,15,,13,7,1,22,9,121.5327865,25.02630554
111,1,31,17,0,2,09北投區,北投區承德路7段1號,0,0,1,1,C04,7,1,5,60,14,9,1,5,4,5,7,1,1,1,4,4,2,17,2,18,2,9,1,1,7,7,1,11,1,14,,44,44,1,22,9,121.5107361,25.11085866
111,1,31,17,0,2,09北投區,北投區承德路7段1號,0,0,1,2,B03,7,1,5,60,14,9,1,5,4,5,7,1,1,1,4,4,2,17,2,44,3,10,1,1,7,8,1,8,1,2,,7,44,1,22,9,121.5107361,25.11085866
111,1,31,17,5,2,03中山區,中山區民生東路1段與民生東路1段30巷口,0,0,1,1,C03,7,1,5,50,4,1,1,5,4,5,7,2,1,4,4,5,2,17,1,31,3,10,1,1,7,9,1,10,1,15,,42,42,1,22,9,121.5239742,25.05802819
111,1,31,17,5,2,03中山區,中山區民生東路1段與民生東路1段30巷口,0,0,1,2,C03,7,1,5,50,4,1,1,5,4,5,7,2,1,4,4,5,2,17,1,54,2,3,1,1,7,9,3,18,1,12,,44,42,1,22,9,121.5239742,25.05802819
111,1,31,17,24,2,04大安區,大安區辛亥路3段往西E081號誌燈桿前,0,0,1,1,B03,8,3,5,50,14,9,1,5,4,5,7,2,1,1,4,5,2,26,1,30,3,10,3,4,7,15,1,8,1,5,,23,23,1,22,9,121.5525484,25.01477566
111,1,31,17,24,2,04大安區,大安區辛亥路3段往西E081號誌燈桿前,0,0,1,2,,8,3,5,50,14,9,1,5,4,5,7,2,1,1,4,5,2,26,3,,,,,,,,,,,,,67,23,1,,,121.5525484,25.01477566
111,1,31,17,24,2,04大安區,大安區辛亥路3段往西E081號誌燈桿前,0,0,1,3,H02,8,3,5,50,14,9,1,5,4,5,7,2,1,1,4,5,2,26,2,57,2,1,3,5,7,20,8,20,10,16,,67,23,1,22,9,121.5525484,25.01477566
111,1,31,17,28,2,03中山區,中山區建國北路1段與長安東路2段口,0,0,4,1,H01,7,1,5,0,4,1,1,5,4,5,7,2,1,1,3,5,2,3,1,16,2,9,4,5,8,18,8,20,10,16,,52,52,1,22,9,121.5369848,25.04847535
111,1,31,17,28,2,03中山區,中山區建國北路1段與長安東路2段口,0,0,4,2,C03,7,1,5,0,4,1,1,5,4,5,7,2,1,1,3,5,2,3,1,39,2,9,3,4,7,9,1,10,1,11,,32,52,1,22,9,121.5369848,25.04847535
111,1,31,17,28,2,03中山區,中山區建國北路1段與長安東路2段口,0,0,4,3,H02,7,1,5,0,4,1,1,5,4,5,7,2,1,1,3,5,2,3,2,37,2,9,3,5,7,20,8,20,10,16,,67,52,1,22,9,121.5369848,25.04847535
111,1,31,17,28,2,03中山區,中山區建國北路1段與長安東路2段口,0,0,4,4,H02,7,1,5,0,4,1,1,5,4,5,7,2,1,1,3,5,2,3,1,9,2,9,3,5,7,20,8,20,10,16,,67,52,1,22,9,121.5369848,25.04847535
111,1,31,17,30,2,08士林區,士林區延平北路5段316號,0,0,1,1,B03,7,3,5,50,14,9,1,5,4,5,7,4,4,1,4,5,1,17,1,67,3,10,1,1,7,14,1,8,1,4,,40,40,1,22,9,121.5094986,25.08629165
111,1,31,17,30,2,08士林區,士林區延平北路5段316號,0,0,1,2,C03,7,3,5,50,14,9,1,5,4,5,7,4,4,1,4,5,1,17,1,19,2,9,1,1,7,9,1,10,1,12,,44,40,1,22,9,121.5094986,25.08629165
111,1,31,17,58,2,07信義區,信義區莊敬路與吳興街225巷口,0,0,1,1,C03,7,3,5,40,14,9,1,5,4,5,7,2,1,9,4,4,1,16,2,53,2,8,1,1,7,6,1,10,1,13,,9,9,1,22,9,121.5634748,25.02802127
111,1,31,17,58,2,07信義區,信義區莊敬路與吳興街225巷口,0,0,1,2,C03,7,3,5,40,14,9,1,5,4,5,7,2,1,9,4,4,1,16,1,23,3,10,1,1,7,9,1,10,1,11,,44,9,1,22,9,121.5634748,25.02802127
111,1,31,18,30,2,06松山區,松山區富錦街與敦化北路口,0,0,1,1,B03,8,3,5,30,3,1,1,5,4,5,7,4,4,5,5,5,2,16,1,34,3,10,1,1,7,6,1,8,1,1,,6,6,1,22,9,121.5505205,25.0604818
111,1,31,18,30,2,06松山區,松山區富錦街與敦化北路口,0,0,1,2,F01,8,3,5,30,3,1,1,5,4,5,7,4,4,5,5,5,2,16,1,36,2,9,1,1,7,11,8,20,1,16,,11,6,1,22,9,121.5505205,25.0604818
111,1,31,18,36,2,02萬華區,萬華區桂林路31號,0,0,1,1,,8,3,5,50,14,9,1,5,4,5,7,4,4,10,5,5,1,12,4,,4,11,3,4,7,15,7,19,11,15,,43,43,2,22,9,121.5046026,25.03787742
111,1,31,18,36,2,02萬華區,萬華區桂林路31號,0,0,1,2,C03,8,3,5,50,14,9,1,5,4,5,7,4,4,10,5,5,1,12,2,23,2,9,1,4,7,9,1,10,2,11,,43,43,1,22,9,121.5046026,25.03787742
111,1,31,22,40,2,12內湖區,內湖區康寧路3段與安康路口,0,0,2,1,C03,8,3,5,50,4,1,1,5,4,5,7,2,1,1,2,5,2,18,1,26,2,9,1,1,7,11,1,10,1,15,,44,44,1,22,9,121.6110605,25.06490012
111,1,31,22,40,2,12內湖區,內湖區康寧路3段與安康路口,0,0,2,2,,8,3,5,50,4,1,1,5,4,5,7,2,1,1,2,5,2,18,3,,,,,,,,,,,,,67,44,1,,,121.6110605,25.06490012
111,1,31,22,40,2,12內湖區,內湖區康寧路3段與安康路口,0,0,2,3,H02,8,3,5,50,4,1,1,5,4,5,7,2,1,1,2,5,2,18,2,22,2,9,1,1,7,20,8,20,10,16,,67,44,1,22,9,121.6110605,25.06490012
111,1,31,22,45,2,12內湖區,內湖區康寧路3段165巷與康寧路3段口,0,0,1,1,B03,7,3,5,50,4,1,1,5,4,5,7,2,1,1,4,4,2,17,1,45,3,10,1,1,7,5,1,8,1,6,,8,8,1,22,9,121.6113329,25.07049736
111,1,31,22,45,2,12內湖區,內湖區康寧路3段165巷與康寧路3段口,0,0,1,2,C03,7,3,5,50,4,1,1,5,4,5,7,2,1,1,4,4,2,17,1,26,2,9,1,1,7,9,3,18,1,11,,44,8,1,22,9,121.6113329,25.07049736
111,1,31,22,56,2,04大安區,大安區復興南路2段與復興南路2段210巷口,0,0,1,1,C03,6,3,5,50,4,1,1,4,4,5,7,2,1,1,4,4,2,17,1,32,2,9,1,1,7,9,1,10,1,15,,42,42,1,21,8,121.5433755,25.02646148
111,1,31,22,56,2,04大安區,大安區復興南路2段與復興南路2段210巷口,0,0,1,2,B03,6,3,5,50,4,1,1,4,4,5,7,2,1,1,4,4,2,17,2,31,3,10,1,1,7,11,1,8,1,15,,10,42,1,21,8,121.5433755,25.02646148
111,1,31,23,13,2,01大同區,大同區重慶北路2段與延平北路2段247巷口,0,0,1,1,B11,6,3,5,50,3,1,1,4,4,5,7,4,4,1,4,5,2,16,1,30,3,10,1,1,7,6,1,8,1,5,,9,9,1,22,9,121.5135194,25.06236284
111,1,31,23,13,2,01大同區,大同區重慶北路2段與延平北路2段247巷口,0,0,1,2,C03,6,3,5,50,3,1,1,4,4,5,7,4,4,1,4,5,2,16,1,26,2,9,1,1,7,9,1,10,1,11,,13,9,1,22,9,121.5135194,25.06236284
111,1,31,23,13,2,01大同區,大同區重慶北路2段與延平北路2段247巷口,0,0,1,3,B03,6,3,5,50,3,1,1,4,4,5,7,4,4,1,4,5,2,16,1,72,3,10,3,1,7,13,1,8,1,6,,44,9,1,22,9,121.5135194,25.06236284
111,2,1,0,45,2,10文山區,文山區羅斯福路5段225-1號,0,0,1,1,B03,6,3,5,50,14,9,1,4,4,5,7,4,4,1,4,5,2,12,2,30,3,10,1,1,7,9,1,8,2,2,,23,23,1,22,9,121.539199,25.00166751
111,2,1,0,45,2,10文山區,文山區羅斯福路5段225-1號,0,0,1,2,C03,6,3,5,50,14,9,1,4,4,5,7,4,4,1,4,5,2,12,1,26,2,9,1,1,7,9,1,10,2,14,,44,23,1,22,9,121.539199,25.00166751
111,2,1,3,47,2,10文山區,文山區辛亥路7段與辛亥路7段20巷口,0,0,2,1,C03,6,3,5,40,3,2,1,4,4,5,7,3,1,5,5,4,2,17,1,18,2,9,1,1,7,9,3,18,2,14,,13,13,1,16,9,121.5531489,24.98658862
111,2,1,3,47,2,10文山區,文山區辛亥路7段與辛亥路7段20巷口,0,0,2,2,B12,6,3,5,40,3,2,1,4,4,5,7,3,1,5,5,4,2,17,1,50,3,10,1,1,7,13,1,8,1,7,,44,13,1,22,9,121.5531489,24.98658862
111,2,1,3,47,2,10文山區,文山區辛亥路7段與辛亥路7段20巷口,0,0,2,3,H02,6,3,5,40,3,2,1,4,4,5,7,3,1,5,5,4,2,17,1,17,2,9,1,1,7,20,8,20,10,16,,67,13,1,22,9,121.5531489,24.98658862
111,2,1,5,47,2,06松山區,松山區南京東路3段與復興北路口,0,0,1,1,B03,6,3,5,50,14,9,1,4,4,5,7,1,1,1,4,5,2,16,1,54,3,10,1,4,7,6,1,8,2,2,,6,6,1,22,9,121.5441974,25.05169619
111,2,1,5,47,2,06松山區,松山區南京東路3段與復興北路口,0,0,1,2,C03,6,3,5,50,14,9,1,4,4,5,7,1,1,1,4,5,2,16,1,34,2,9,1,1,7,9,1,10,2,11,,44,6,1,22,9,121.5441974,25.05169619
111,2,1,5,54,2,09北投區,北投區秀山路13號,0,0,1,1,H01,7,3,5,0,14,9,1,5,4,5,7,3,1,4,5,5,2,3,2,62,2,9,4,5,8,16,8,20,10,16,,51,51,1,22,9,121.4908345,25.14299808
111,2,1,5,54,2,09北投區,北投區秀山路13號,0,0,1,2,B01,7,3,5,0,14,9,1,5,4,5,7,3,1,4,5,5,2,3,1,49,3,10,1,1,7,9,1,4,2,1,,23,51,1,22,9,121.4908345,25.14299808
111,2,1,7,30,2,12內湖區,內湖區康樂街72巷與康樂街72巷17弄口,0,0,2,1,B03,6,1,5,30,3,1,1,4,4,5,7,4,4,10,5,5,2,16,2,65,3,10,3,4,7,5,1,8,2,5,,6,6,1,22,9,121.6177016,25.07031045
111,2,1,7,30,2,12內湖區,內湖區康樂街72巷與康樂街72巷17弄口,0,0,2,2,C03,6,1,5,30,3,1,1,4,4,5,7,4,4,10,5,5,2,16,1,66,2,8,1,1,7,9,1,10,2,12,,44,6,1,22,9,121.6177016,25.07031045
111,2,1,7,30,2,12內湖區,內湖區康樂街72巷與康樂街72巷17弄口,0,0,2,3,H02,6,1,5,30,3,1,1,4,4,5,7,4,4,10,5,5,2,16,2,65,2,8,1,5,7,21,8,20,10,16,,67,6,1,22,9,121.6177016,25.07031045
111,2,1,8,5,2,07信義區,信義區福德街268巷與福德街268巷7弄口,0,0,2,1,C03,6,1,5,30,4,1,1,4,4,5,7,4,4,9,4,5,1,15,2,79,2,8,3,4,7,9,3,18,1,11,,6,6,1,22,9,121.5857182,25.03973505
111,2,1,8,5,2,07信義區,信義區福德街268巷與福德街268巷7弄口,0,0,2,2,B02,6,1,5,30,4,1,1,4,4,5,7,4,4,9,4,5,1,15,1,55,3,10,3,4,7,9,1,6,1,2,,13,6,1,22,9,121.5857182,25.03973505
111,2,1,8,5,2,07信義區,信義區福德街268巷與福德街268巷7弄口,0,0,2,3,H02,6,1,5,30,4,1,1,4,4,5,7,4,4,9,4,5,1,15,2,65,2,8,3,4,7,20,8,20,10,16,,67,6,1,22,9,121.5857182,25.03973505
111,2,1,9,25,2,05中正區,中正區市民大道2段與林森北路口迴轉道,0,0,2,1,C03,7,1,5,40,14,6,1,5,4,5,7,4,4,1,4,1,2,16,2,19,2,9,1,1,7,11,1,10,2,14,,44,44,1,22,9,121.5238574,25.04779699
111,2,1,9,25,2,05中正區,中正區市民大道2段與林森北路口迴轉道,0,0,2,2,C03,7,1,5,40,14,6,1,5,4,5,7,4,4,1,4,1,2,16,1,26,2,9,1,1,7,9,1,10,2,11,,44,44,1,22,9,121.5238574,25.04779699
111,2,1,10,0,2,09北投區,北投區承德路6段與福國路口,0,0,1,1,C03,7,1,5,60,4,1,1,4,4,5,7,2,1,1,4,5,2,17,1,25,2,9,1,1,7,9,1,10,1,11,,25,25,1,22,9,121.512221,25.10163865
111,2,1,10,0,2,09北投區,北投區承德路6段與福國路口,0,0,1,2,B03,7,1,5,60,4,1,1,4,4,5,7,2,1,1,4,5,2,17,1,52,3,10,1,1,7,9,1,8,1,4,,44,25,1,22,9,121.512221,25.10163865
111,2,1,10,3,2,02萬華區,萬華區堤外便道往南忠孝橋下龍山97號燈桿,0,0,1,1,C03,7,1,5,30,15,11,1,5,4,5,7,4,4,4,5,5,2,17,1,68,2,1,1,4,7,21,1,10,1,15,,43,43,1,22,9,121.5041258,25.04751758
111,2,1,10,3,2,02萬華區,萬華區堤外便道往南忠孝橋下龍山97號燈桿,0,0,1,2,,7,1,5,30,15,11,1,5,4,5,7,4,4,4,5,5,2,17,4,,4,11,3,4,7,15,7,19,11,15,,43,43,2,22,9,121.5041258,25.04751758
111,2,1,10,10,2,05中正區,中正區杭州南路1段與濟南路1段口,0,0,1,1,B01,7,1,5,50,4,2,1,5,4,5,7,1,1,10,5,5,2,3,1,68,3,10,1,1,7,5,1,4,2,1,,15,15,1,22,9,121.5260311,25.04161068
111,2,1,10,10,2,05中正區,中正區杭州南路1段與濟南路1段口,0,0,1,2,H01,7,1,5,50,4,2,1,5,4,5,7,1,1,10,5,5,2,3,2,67,2,1,4,5,8,16,8,20,10,16,,67,15,1,22,9,121.5260311,25.04161068
111,2,1,10,30,2,10文山區,文山區興隆路3段與興隆路3段185巷口,0,0,2,1,B03,7,1,5,50,3,1,1,4,4,5,7,3,1,5,5,5,2,16,1,71,3,10,1,1,7,5,1,8,2,4,,6,6,1,22,9,121.56002,24.99592543
111,2,1,10,30,2,10文山區,文山區興隆路3段與興隆路3段185巷口,0,0,2,2,C03,7,1,5,50,3,1,1,4,4,5,7,3,1,5,5,5,2,16,1,28,2,9,1,1,7,9,1,10,2,11,,13,6,1,22,9,121.56002,24.99592543
111,2,1,10,30,2,10文山區,文山區興隆路3段與興隆路3段185巷口,0,0,2,3,H02,7,1,5,50,3,1,1,4,4,5,7,3,1,5,5,5,2,16,2,26,2,9,1,5,7,21,8,20,10,16,,67,6,1,22,9,121.56002,24.99592543
111,2,1,11,55,2,07信義區,信義區基隆路1段與永吉路口,0,0,1,1,B03,6,1,5,50,4,1,1,4,4,5,7,2,1,10,4,5,2,17,1,49,3,10,1,1,7,6,1,8,1,2,,9,9,1,22,9,121.5672908,25.0456566
111,2,1,11,55,2,07信義區,信義區基隆路1段與永吉路口,0,0,1,2,C03,6,1,5,50,4,1,1,4,4,5,7,2,1,10,4,5,2,17,1,18,2,7,1,1,7,9,1,10,1,14,,23,9,1,22,9,121.5672908,25.0456566
111,2,1,15,47,2,03中山區,中山區民權東路3段與民權東路3段60巷口,0,0,1,1,C03,6,1,5,50,4,1,1,4,4,5,7,1,1,9,4,5,2,15,1,31,2,7,1,4,7,9,1,10,1,11,,25,25,1,22,9,121.5424061,25.0614188
111,2,1,15,47,2,03中山區,中山區民權東路3段與民權東路3段60巷口,0,0,1,2,B03,6,1,5,50,4,1,1,4,4,5,7,1,1,9,4,5,2,15,1,52,3,10,1,4,7,9,1,8,1,4,,44,25,1,22,9,121.5424061,25.0614188
111,2,1,17,14,2,03中山區,中山區堤頂大道2段與內湖路1段口,0,0,2,1,B03,6,1,5,50,3,1,1,4,4,5,1,1,1,1,4,5,2,12,1,32,3,10,3,4,7,6,1,4,1,2,,9,9,1,22,9,121.5606379,25.08445426
111,2,1,17,14,2,03中山區,中山區堤頂大道2段與內湖路1段口,0,0,2,2,C03,6,1,5,50,3,1,1,4,4,5,1,1,1,1,4,5,2,12,1,31,2,9,3,4,7,9,1,10,1,14,,44,9,1,22,9,121.5606379,25.08445426
111,2,1,17,14,2,03中山區,中山區堤頂大道2段與內湖路1段口,0,0,2,3,H02,6,1,5,50,3,1,1,4,4,5,1,1,1,1,4,5,2,12,2,28,2,9,4,5,7,17,8,20,10,16,,67,9,1,22,9,121.5606379,25.08445426
111,2,1,18,20,2,12內湖區,內湖區環山路2段21號對面,0,0,1,1,C03,6,3,5,40,14,8,1,4,4,5,7,4,4,5,5,4,2,17,2,70,2,9,1,1,7,9,1,10,1,11,,23,23,1,22,9,121.5714467,25.08629716
111,2,1,18,20,2,12內湖區,內湖區環山路2段21號對面,0,0,1,2,C03,6,3,5,40,14,8,1,4,4,5,7,4,4,5,5,4,2,17,1,29,3,10,3,4,7,13,1,10,11,12,,44,23,1,22,9,121.5714467,25.08629716
111,2,1,18,20,2,12內湖區,內湖區環山路2段21號對面,0,0,1,3,C03,6,3,5,40,14,8,1,4,4,5,7,4,4,5,5,4,2,17,1,62,3,10,3,4,7,13,1,10,11,12,,44,23,1,22,9,121.5714467,25.08629716
111,2,1,18,30,2,08士林區,士林區基河路396巷2號,0,0,1,1,B03,6,3,5,50,11,9,1,4,4,5,7,4,4,10,5,5,2,9,1,24,3,10,1,1,7,9,1,8,2,1,,23,23,1,22,9,121.5177501,25.09550302
111,2,1,18,30,2,08士林區,士林區基河路396巷2號,0,0,1,2,H01,6,3,5,50,11,9,1,4,4,5,7,4,4,10,5,5,2,9,2,29,2,9,4,1,8,16,8,20,10,16,,67,23,1,22,9,121.5177501,25.09550302