發生年度,發生月,發生日,發生時-Hours,發生分,處理別-編號,區序,肇事地點,死亡人數,2-30日死亡人數,受傷人數,當事人序號,車種,天候,光線,道路類別,速限-速度限制,道路型態,事故位置,路面狀況1,路面狀況2,路面狀況3,道路障礙1,道路障礙2,號誌1,號誌2,車道劃分-分向,車道劃分-分道1,車道劃分-分道2,車道劃分-分道3,事故類型及型態,性別,年齡,受傷程度,主要傷處,安全帽,行動電話,車輛用途,當事者行動狀態,駕駛資格情形,駕駛執照種類,飲酒情形,車輛撞擊部位1,車輛撞擊部位2,肇因碼-個別,肇因碼-主要,個人肇逃否,職業,旅次目的,座標-X,座標-Y
111,2,1,18,45,2,04大安區,大安區和平東路1段與新生南路3段口,0,0,1,1,B01,6,3,5,50,4,1,1,4,4,5,7,1,1,9,4,5,1,3,1,57,3,10,1,1,7,5,1,4,2,1,,15,15,1,22,9,121.5346423,25.02609106
111,2,1,18,45,2,04大安區,大安區和平東路1段與新生南路3段口,0,0,1,2,H01,6,3,5,50,4,1,1,4,4,5,7,1,1,9,4,5,1,3,1,27,2,1,4,5,8,18,8,20,10,16,,67,15,1,22,9,121.5346423,25.02609106
111,2,1,19,23,2,10文山區,文山區木柵路5段43巷富德公墓14區,0,0,1,1,,6,3,5,30,11,9,1,4,4,4,7,4,4,5,2,5,1,29,3,,,,,,,,,,,,,61,61,1,,,121.5860474,25.01254586
111,2,1,19,23,2,10文山區,文山區木柵路5段43巷富德公墓14區,0,0,1,2,C03,6,3,5,30,11,9,1,4,4,4,7,4,4,5,2,5,1,29,1,21,2,9,1,1,7,9,1,10,2,14,,23,61,1,22,9,121.5860474,25.01254586
111,2,1,19,30,2,04大安區,大安區通化街200巷與通化街口,0,0,1,2,C04,6,3,5,30,3,2,1,4,4,5,7,4,4,10,5,5,2,16,2,60,2,9,1,1,7,9,1,10,1,14,,27,19,1,22,9,121.5527619,25.02600442
111,2,1,19,30,2,04大安區,大安區通化街200巷與通化街口,0,0,1,1,B03,6,3,5,30,3,2,1,4,4,5,7,4,4,10,5,5,2,16,1,66,3,10,2,1,7,1,1,8,1,1,,19,19,1,22,9,121.5527619,25.02600442
111,2,1,19,51,2,05中正區,中正區重慶南路2段與愛國西路口,0,0,2,1,C03,6,3,5,50,4,1,1,4,4,5,7,2,1,1,4,5,1,16,1,23,2,9,1,1,7,6,1,10,2,11,,9,9,1,22,9,121.512561,25.034894
111,2,1,19,51,2,05中正區,中正區重慶南路2段與愛國西路口,0,0,2,2,F01,6,3,5,50,4,1,1,4,4,5,7,2,1,1,4,5,1,16,2,52,2,9,1,1,7,15,8,20,2,16,,27,9,1,22,9,121.512561,25.034894
111,2,1,20,14,2,10文山區,文山區羅斯福路5段與興隆路1段口,0,0,1,1,C03,6,3,5,50,4,1,1,4,4,5,7,1,1,1,4,5,2,29,2,46,2,9,1,1,7,9,6,18,2,11,,23,23,1,22,9,121.5386681,25.00437288
111,2,1,20,14,2,10文山區,文山區羅斯福路5段與興隆路1段口,0,0,1,2,,6,3,5,50,4,1,1,4,4,5,7,1,1,1,4,5,2,29,3,,,,,,,,,,,,,67,23,1,,,121.5386681,25.00437288
111,2,1,20,31,2,04大安區,大安區和平東路3段與和平東路3段1巷口,0,0,1,1,B03,6,3,5,50,4,2,1,4,4,5,7,2,1,1,4,5,2,9,1,29,3,10,3,4,7,5,1,8,2,5,,15,15,1,22,9,121.5467433,25.02463113
111,2,1,20,31,2,04大安區,大安區和平東路3段與和平東路3段1巷口,0,0,1,2,H01,6,3,5,50,4,2,1,4,4,5,7,2,1,1,4,5,2,9,1,50,2,9,4,5,8,16,8,20,10,15,,67,15,1,22,9,121.5467433,25.02463113
111,2,1,20,35,2,07信義區,信義區永吉路與永吉路30巷口口,0,0,1,1,B03,6,3,5,50,4,1,1,4,4,5,7,2,1,1,4,5,1,16,1,67,3,10,3,4,7,5,1,8,1,7,,43,43,1,22,9,121.5688553,25.04565907
111,2,1,20,35,2,07信義區,信義區永吉路與永吉路30巷口口,0,0,1,2,C03,6,3,5,50,4,1,1,4,4,5,7,2,1,1,4,5,1,16,1,33,2,8,3,4,7,9,1,10,1,11,,43,43,1,22,9,121.5688553,25.04565907
111,2,1,22,0,2,02萬華區,萬華區環河南路2段5巷與環河南路2段口,0,0,1,1,C03,6,3,5,50,3,2,1,4,4,3,5,4,4,8,3,5,1,17,2,23,2,8,1,1,7,9,1,10,2,11,,23,23,1,22,9,121.497812,25.03965279
111,2,1,22,0,2,02萬華區,萬華區環河南路2段5巷與環河南路2段口,0,0,1,2,B03,6,3,5,50,3,2,1,4,4,3,5,4,4,8,3,5,1,17,1,40,3,10,1,1,7,13,1,8,1,3,,44,23,1,22,9,121.497812,25.03965279
111,2,1,22,16,2,03中山區,中山區長安東路2段與龍江路口,0,0,2,1,B01,6,3,5,50,14,9,1,4,4,5,7,2,1,5,4,5,2,16,2,65,3,10,1,1,7,5,1,4,2,2,,6,6,1,22,9,121.5404301,25.04837592
111,2,1,22,16,2,03中山區,中山區長安東路2段與龍江路口,0,0,2,2,C03,6,3,5,50,14,9,1,4,4,5,7,2,1,5,4,5,2,16,1,22,2,9,1,1,7,9,1,10,2,11,,13,6,1,22,9,121.5404301,25.04837592
111,2,1,22,16,2,03中山區,中山區長安東路2段與龍江路口,0,0,2,3,H02,6,3,5,50,14,9,1,4,4,5,7,2,1,5,4,5,2,16,1,20,2,9,4,5,7,21,8,20,10,16,,67,6,1,22,9,121.5404301,25.04837592
111,2,2,1,0,2,03中山區,中山區新生北路2段與民權東路1段口,0,0,1,1,C03,6,3,5,50,14,9,1,4,4,5,7,4,4,7,2,5,2,13,2,23,2,9,1,1,7,9,1,10,1,11,,23,23,1,5,5,121.5272463,25.06271431
111,2,2,1,0,2,03中山區,中山區新生北路2段與民權東路1段口,0,0,1,2,C03,6,3,5,50,14,9,1,4,4,5,7,4,4,7,2,5,2,13,1,25,3,10,1,1,7,9,1,10,1,13,,42,23,1,5,5,121.5272463,25.06271431
111,2,2,1,0,2,03中山區,中山區新生北路2段與民權東路1段口,0,0,1,3,B01,6,3,5,50,14,9,1,4,4,5,7,4,4,7,2,5,2,13,1,60,3,10,1,1,7,7,1,4,1,15,,7,23,1,12,4,121.5272463,25.06271431
111,2,2,4,38,2,07信義區,信義區忠孝東路5段與忠孝東路5段524巷口,0,0,1,1,B03,6,3,5,30,4,1,1,4,4,5,7,1,1,9,2,5,1,2,1,48,3,10,1,1,7,5,1,8,2,1,,15,15,1,22,9,121.5792836,25.04144867
111,2,2,4,38,2,07信義區,信義區忠孝東路5段與忠孝東路5段524巷口,0,0,1,2,H01,6,3,5,30,4,1,1,4,4,5,7,1,1,9,2,5,1,2,1,26,2,8,4,5,8,16,8,20,10,16,,67,15,1,22,9,121.5792836,25.04144867
111,2,2,4,55,2,01大同區,大同區重慶北路3段與民權西路口,0,0,1,2,C03,6,3,5,0,4,1,1,4,4,5,7,1,1,1,4,5,2,17,1,31,2,9,1,1,7,9,1,10,1,12,,44,8,1,22,9,121.5135672,25.0631413
111,2,2,4,55,2,01大同區,大同區重慶北路3段與民權西路口,0,0,1,1,B03,6,3,5,0,4,1,1,4,4,5,7,1,1,1,4,5,2,17,1,32,4,11,3,4,7,5,7,19,11,15,,8,8,2,22,9,121.5135672,25.0631413
111,2,2,9,16,2,03中山區,中山區建國北路2段與南京東路2段口,0,0,2,1,C04,6,1,5,50,4,2,1,4,4,5,7,1,1,1,4,4,2,16,2,68,2,9,1,1,7,8,1,11,1,14,,7,7,1,22,9,121.5364681,25.0520896
111,2,2,9,16,2,03中山區,中山區建國北路2段與南京東路2段口,0,0,2,2,C03,6,1,5,50,4,2,1,4,4,5,7,1,1,1,4,4,2,16,1,22,2,9,1,1,7,9,1,10,1,11,,13,7,1,22,9,121.5364681,25.0520896
111,2,2,9,43,2,05中正區,中正區重慶南路3段與和平西路1段口,0,0,1,1,C03,6,1,5,50,5,1,1,4,4,5,7,1,1,3,4,5,2,16,1,30,2,9,1,1,7,5,1,10,2,14,,8,8,1,22,9,121.516015,25.0273422
111,2,2,9,43,2,05中正區,中正區重慶南路3段與和平西路1段口,0,0,1,2,C03,6,1,5,50,5,1,1,4,4,5,7,1,1,3,4,5,2,16,1,22,3,10,1,1,7,9,1,10,2,12,,44,8,1,22,9,121.516015,25.0273422
111,2,2,9,43,2,05中正區,中正區重慶南路3段與和平西路1段口,0,0,1,3,H02,6,1,5,50,5,1,1,4,4,5,7,1,1,3,4,5,2,16,2,22,4,11,1,5,7,20,8,20,10,16,,67,8,1,22,9,121.516015,25.0273422
111,2,2,10,19,2,02萬華區,萬華區西園路2段與寶興街口,0,0,2,1,H01,6,1,5,50,4,2,1,4,4,5,7,1,1,9,4,4,1,3,2,45,2,9,4,5,8,16,8,20,1,16,,52,52,1,22,9,121.4936261,25.02689069
111,2,2,10,19,2,02萬華區,萬華區西園路2段與寶興街口,0,0,2,2,C03,6,1,5,50,4,2,1,4,4,5,7,1,1,9,4,4,1,3,1,18,2,9,1,1,7,9,1,10,1,11,,15,52,1,22,9,121.4936261,25.02689069
111,2,2,11,18,2,03中山區,中山區長春路364號,0,0,1,1,B03,7,1,5,40,14,7,1,5,4,5,7,4,4,9,4,4,2,12,1,45,3,10,1,1,7,1,1,8,1,4,,19,19,1,22,9,121.5424529,25.05460039
111,2,2,11,18,2,03中山區,中山區長春路364號,0,0,1,2,C03,7,1,5,40,14,7,1,5,4,5,7,4,4,9,4,4,2,12,1,23,2,9,1,1,7,9,1,10,2,12,,44,19,1,22,9,121.5424529,25.05460039
111,2,2,11,25,2,12內湖區,內湖區內湖路1段285巷65弄40號,0,0,2,1,B03,8,1,5,50,14,9,1,5,4,5,7,4,4,9,5,5,2,14,1,40,3,10,1,1,7,2,1,8,1,7,,12,12,1,22,9,121.5691269,25.08446159
111,2,2,11,25,2,12內湖區,內湖區內湖路1段285巷65弄40號,0,0,2,2,C03,8,1,5,50,14,9,1,5,4,5,7,4,4,9,5,5,2,14,1,36,2,9,1,1,7,9,1,10,1,12,,44,12,1,22,9,121.5691269,25.08446159
111,2,2,11,25,2,12內湖區,內湖區內湖路1段285巷65弄40號,0,0,2,3,C03,8,1,5,50,14,9,1,5,4,5,7,4,4,9,5,5,2,14,1,48,2,9,1,1,7,9,1,10,1,11,,23,12,1,22,9,121.5691269,25.08446159
111,2,2,12,19,2,01大同區,大同區延平北路2段88-1號,0,0,1,1,B03,8,1,5,50,14,9,1,5,4,5,7,4,4,5,2,5,2,17,1,27,3,10,1,4,7,5,1,8,2,4,,8,8,1,22,9,121.5116251,25.05621372
111,2,2,12,19,2,01大同區,大同區延平北路2段88-1號,0,0,1,2,C03,8,1,5,50,14,9,1,5,4,5,7,4,4,5,2,5,2,17,1,52,2,5,1,4,7,4,1,9,2,12,,23,8,1,22,9,121.5116251,25.05621372
111,2,2,12,51,2,07信義區,信義區吳興街213號,0,0,1,1,C03,8,1,5,50,14,9,1,5,4,5,7,4,4,9,4,5,2,17,2,21,2,8,1,1,7,1,3,18,1,14,,19,19,1,22,9,121.5628639,25.02803509
111,2,2,12,51,2,07信義區,信義區吳興街213號,0,0,1,2,C03,8,1,5,50,14,9,1,5,4,5,7,4,4,9,4,5,2,17,1,33,3,10,1,3,7,9,1,10,1,11,,23,19,1,22,9,121.5628639,25.02803509
111,2,2,12,55,2,03中山區,中山區北安路與北安路821巷口,0,0,1,1,H01,7,1,5,0,4,1,1,5,4,5,7,1,1,10,5,5,2,4,1,29,3,10,4,5,8,17,8,20,10,16,,60,60,1,22,9,121.5562387,25.0847908
111,2,2,12,55,2,03中山區,中山區北安路與北安路821巷口,0,0,1,2,C03,7,1,5,0,4,1,1,5,4,5,7,1,1,10,5,5,2,4,2,50,2,9,1,1,7,9,1,10,1,11,,44,60,1,22,9,121.5562387,25.0847908
111,2,2,13,6,2,08士林區,士林區通河西街1段越堤道,0,0,1,1,C03,7,1,5,40,3,1,1,4,4,5,7,4,4,8,3,5,1,12,4,,4,11,3,4,7,15,7,19,11,15,,43,43,2,22,9,121.5121294,25.08695218
111,2,2,13,6,2,08士林區,士林區通河西街1段越堤道,0,0,1,2,C03,7,1,5,40,3,1,1,4,4,5,7,4,4,8,3,5,1,12,1,18,3,10,1,1,7,9,1,10,1,12,,43,43,1,22,9,121.5121294,25.08695218
111,2,2,13,6,2,08士林區,士林區通河西街1段越堤道,0,0,1,3,H02,7,1,5,40,3,1,1,4,4,5,7,4,4,8,3,5,1,12,1,18,2,8,1,5,7,17,8,20,10,16,,67,43,1,22,9,121.5121294,25.08695218
111,2,2,13,31,2,09北投區,北投區大業路與大興街口,0,0,1,1,B03,7,1,5,60,4,1,1,5,4,5,7,2,1,1,4,4,1,17,1,57,3,10,1,1,7,5,1,8,11,15,,6,6,2,22,9,121.4970412,25.1295783
111,2,2,13,31,2,09北投區,北投區大業路與大興街口,0,0,1,2,B03,7,1,5,60,4,1,1,5,4,5,7,2,1,1,4,4,1,17,1,49,2,9,1,1,7,9,1,8,2,1,,13,6,1,22,9,121.4970412,25.1295783
111,2,2,13,40,2,10文山區,文山區新光路1段與指南路2段口,0,0,1,1,B02,6,1,5,50,3,1,1,4,4,5,7,1,1,5,5,5,2,16,1,30,3,10,1,1,7,11,1,8,1,7,,10,10,1,22,9,121.5737421,24.98806321
111,2,2,13,40,2,10文山區,文山區新光路1段與指南路2段口,0,0,1,2,C03,6,1,5,50,3,1,1,4,4,5,7,1,1,5,5,5,2,16,1,48,2,9,1,1,7,9,1,10,1,11,,13,10,1,22,9,121.5737421,24.98806321
111,2,2,13,42,2,01大同區,大同區長安西路94號,0,0,1,1,B01,7,1,5,50,14,9,1,5,4,5,7,4,4,5,4,5,1,17,1,54,3,10,3,4,7,11,1,4,2,8,,26,26,1,22,9,121.5186284,25.05052364
111,2,2,13,42,2,01大同區,大同區長安西路94號,0,0,1,2,C03,7,1,5,50,14,9,1,5,4,5,7,4,4,5,4,5,1,17,2,19,2,8,1,4,7,9,1,10,2,12,,44,26,1,22,9,121.5186284,25.05052364
111,2,2,14,44,2,12內湖區,內湖區康寧路1段195巷與康寧路1段口,0,0,2,1,C03,7,1,5,40,3,1,1,5,4,5,7,4,4,5,2,5,2,12,1,28,2,9,1,1,7,11,1,10,1,13,,10,10,1,22,9,121.5967872,25.0784868
111,2,2,14,44,2,12內湖區,內湖區康寧路1段195巷與康寧路1段口,0,0,2,2,C03,7,1,5,40,3,1,1,5,4,5,7,4,4,5,2,5,2,12,1,23,2,9,1,1,7,9,1,10,1,11,,13,10,1,22,9,121.5967872,25.0784868
111,2,2,14,46,2,09北投區,北投區中央北路1段48號,0,0,1,1,B03,6,1,5,50,14,9,1,4,4,5,7,3,1,5,4,5,2,16,1,47,3,10,1,1,7,9,1,8,1,5,,23,23,1,22,9,121.5006337,25.13405528
111,2,2,14,46,2,09北投區,北投區中央北路1段48號,0,0,1,2,F01,6,1,5,50,14,9,1,4,4,5,7,3,1,5,4,5,2,16,1,80,2,9,1,1,7,7,8,20,1,16,,7,23,1,22,9,121.5006337,25.13405528
111,2,2,15,21,2,02萬華區,萬華區康定路與桂林路口,0,0,1,1,C03,8,1,5,50,4,1,1,5,4,5,7,1,1,5,4,5,1,17,2,28,4,11,3,4,7,15,7,19,11,15,,6,6,2,22,9,121.5017775,25.0383898
111,2,2,15,21,2,02萬華區,萬華區康定路與桂林路口,0,0,1,2,C03,8,1,5,50,4,1,1,5,4,5,7,1,1,5,4,5,1,17,1,34,3,10,1,1,7,9,6,10,9,14,,44,6,1,22,9,121.5017775,25.0383898
111,2,2,15,21,2,02萬華區,萬華區康定路與桂林路口,0,0,1,3,H02,8,1,5,50,4,1,1,5,4,5,7,1,1,5,4,5,1,17,2,30,2,9,4,5,7,20,8,20,10,16,,67,6,1,22,9,121.5017775,25.0383898
111,2,2,15,27,2,09北投區,北投區明德路289巷與明德路口,0,0,1,1,B03,7,1,5,50,3,1,1,5,4,5,7,3,1,5,5,5,2,16,2,57,3,10,1,1,7,6,1,8,1,2,,43,43,1,22,9,121.5217373,25.11517032
111,2,2,15,27,2,09北投區,北投區明德路289巷與明德路口,0,0,1,2,C03,7,1,5,50,3,1,1,5,4,5,7,3,1,5,5,5,2,16,1,24,2,7,1,1,7,9,1,9,1,14,,43,43,1,22,9,121.5217373,25.11517032
111,2,2,15,55,2,09北投區,北投區裕民一路22號,0,0,1,1,H01,7,1,5,50,14,9,1,4,4,5,7,4,4,9,4,5,2,2,2,47,2,9,4,5,8,16,8,20,10,16,,67,67,1,22,9,121.516694,25.11666747
111,2,2,15,55,2,09北投區,北投區裕民一路22號,0,0,1,2,B03,7,1,5,50,14,9,1,4,4,5,7,4,4,9,4,5,2,2,1,41,3,10,1,1,7,9,1,8,2,5,,23,67,1,22,9,121.516694,25.11666747
111,2,2,16,0,2,04大安區,大安區建國南路1段與建國南路1段175巷口,0,0,1,1,B03,7,1,5,50,4,2,1,5,4,5,7,2,1,1,4,4,2,17,1,42,3,10,3,4,7,9,1,8,1,2,,17,17,1,22,9,121.5378288,25.04063865
111,2,2,16,0,2,04大安區,大安區建國南路1段與建國南路1段175巷口,0,0,1,2,C03,7,1,5,50,4,2,1,5,4,5,7,2,1,1,4,4,2,17,1,44,2,9,3,4,7,9,1,9,1,14,,17,17,1,22,9,121.5378288,25.04063865
111,2,2,16,4,2,02萬華區,萬華區中華路2段322號,0,0,2,1,B12,7,1,5,40,14,9,1,5,4,5,7,4,4,5,4,4,1,16,1,55,3,10,1,4,7,9,1,8,2,7,,23,23,1,22,9,121.5042436,25.02970851
111,2,2,16,4,2,02萬華區,萬華區中華路2段322號,0,0,2,2,C03,7,1,5,40,14,9,1,5,4,5,7,4,4,5,4,4,1,16,1,36,2,9,1,4,7,9,1,10,2,12,,44,23,1,22,9,121.5042436,25.02970851
111,2,2,16,4,2,02萬華區,萬華區中華路2段322號,0,0,2,3,B03,7,1,5,40,14,9,1,5,4,5,7,4,4,5,4,4,1,16,1,31,3,10,1,4,7,9,1,8,2,15,,44,23,1,22,9,121.5042436,25.02970851
111,2,2,16,4,2,02萬華區,萬華區中華路2段322號,0,0,2,4,H02,7,1,5,40,14,9,1,5,4,5,7,4,4,5,4,4,1,16,2,62,2,9,4,4,7,20,8,20,10,16,,67,23,1,22,9,121.5042436,25.02970851
111,2,2,16,6,2,09北投區,北投區北投路1段91巷與北投路1段口,0,0,1,1,B03,7,1,5,50,3,1,1,5,4,5,7,4,4,4,5,4,2,12,1,51,3,10,1,1,7,8,1,8,1,2,,7,7,1,22,9,121.500067,25.12943774
111,2,2,16,6,2,09北投區,北投區北投路1段91巷與北投路1段口,0,0,1,2,C03,7,1,5,50,3,1,1,5,4,5,7,4,4,4,5,4,2,12,1,31,2,8,1,1,7,9,1,10,1,14,,13,7,1,22,9,121.500067,25.12943774
111,2,2,16,34,2,05中正區,中正區金山北路與金山北路口迴轉道,0,0,1,1,C03,7,1,5,50,3,1,1,5,4,5,7,4,4,10,4,5,2,16,1,38,3,10,1,1,7,5,1,10,2,14,,8,8,1,22,9,121.5304357,25.04562413
111,2,2,16,34,2,05中正區,中正區金山北路與金山北路口迴轉道,0,0,1,2,C03,7,1,5,50,3,1,1,5,4,5,7,4,4,10,4,5,2,16,1,18,2,9,1,1,7,9,1,10,2,12,,44,8,1,22,9,121.5304357,25.04562413
111,2,2,17,10,2,07信義區,信義區松智路101號,0,0,2,1,C03,7,1,5,50,14,9,1,5,4,5,7,4,4,5,4,5,2,18,2,19,2,8,1,1,7,9,1,10,1,12,,16,16,1,22,8,121.56545,25.03512032
111,2,2,17,10,2,07信義區,信義區松智路101號,0,0,2,3,H02,7,1,5,50,14,9,1,5,4,5,7,4,4,5,4,5,2,18,1,21,2,8,1,5,7,20,8,20,10,16,,67,16,1,22,8,121.56545,25.03512032
111,2,2,17,10,2,07信義區,信義區松智路101號,0,0,2,2,,7,1,5,50,14,9,1,5,4,5,7,4,4,5,4,5,2,18,3,,,,,,,,,,,,,67,16,1,,,121.56545,25.03512032
111,2,2,17,34,2,02萬華區,萬華區開封街2段與漢口街2段83巷口口,0,0,1,1,B03,8,1,5,30,3,1,1,5,4,5,7,4,4,10,5,5,2,17,2,27,3,10,3,4,7,5,1,8,1,15,,6,6,1,22,9,121.5051552,25.04698987
111,2,2,17,34,2,02萬華區,萬華區開封街2段與漢口街2段83巷口口,0,0,1,2,C03,8,1,5,30,3,1,1,5,4,5,7,4,4,10,5,5,2,17,1,70,2,9,3,4,7,9,1,10,1,15,,13,6,1,22,9,121.5051552,25.04698987
111,2,2,18,6,2,08士林區,士林區中正路與福港街口,0,0,1,1,C03,7,3,5,50,3,1,1,5,4,5,7,2,1,1,4,4,2,17,1,66,2,9,1,4,7,5,1,10,1,14,,25,25,1,22,9,121.517702,25.09191375
111,2,2,18,6,2,08士林區,士林區中正路與福港街口,0,0,1,2,B01,7,3,5,50,3,1,1,5,4,5,7,2,1,1,4,4,2,17,1,27,3,10,3,4,7,5,1,4,1,8,,44,25,1,22,9,121.517702,25.09191375
111,2,2,18,21,2,04大安區,大安區師大路128號,0,0,1,1,C03,7,3,5,30,14,9,1,5,4,5,7,4,4,9,3,5,2,16,1,67,2,5,1,1,7,5,1,10,2,12,,6,6,1,22,9,121.5278621,25.02143352
111,2,2,18,21,2,04大安區,大安區師大路128號,0,0,1,2,B03,7,3,5,30,14,9,1,5,4,5,7,4,4,9,3,5,2,16,2,61,3,10,1,1,7,9,1,8,2,4,,44,6,1,22,9,121.5278621,25.02143352
111,2,2,19,0,2,12內湖區,內湖區東湖路113巷與東湖路119巷49弄口,0,0,1,1,B01,8,3,5,50,4,2,1,5,4,5,7,1,1,5,5,5,2,3,1,54,3,10,1,1,7,5,1,4,2,8,,15,15,1,22,9,121.615986,25.07014762
111,2,2,19,0,2,12內湖區,內湖區東湖路113巷與東湖路119巷49弄口,0,0,1,2,H01,8,3,5,50,4,2,1,5,4,5,7,1,1,5,5,5,2,3,2,61,2,9,4,5,8,16,8,20,10,16,,67,15,1,22,9,121.615986,25.07014762
111,2,2,19,10,2,11南港區,南港區經貿二路與三重路口,0,0,2,1,C03,7,1,5,50,3,1,1,5,4,5,7,4,4,1,4,4,2,16,1,32,2,7,1,1,7,6,1,10,2,14,,9,9,1,21,8,121.6147361,25.0602361
111,2,2,19,10,2,11南港區,南港區經貿二路與三重路口,0,0,2,2,B03,7,1,5,50,3,1,1,5,4,5,7,4,4,1,4,4,2,16,2,38,3,10,1,1,7,9,1,8,2,5,,44,9,1,21,8,121.6147361,25.0602361
111,2,2,19,10,2,11南港區,南港區經貿二路與三重路口,0,0,2,3,C03,7,1,5,50,3,1,1,5,4,5,7,4,4,1,4,4,2,16,1,24,2,8,1,1,7,9,1,10,2,11,,23,9,1,21,8,121.6147361,25.0602361
111,2,2,19,11,2,08士林區,士林區中山北路5段與劍潭路口,0,0,1,1,B03,7,3,5,50,3,2,1,5,4,5,7,2,1,1,4,1,2,16,1,48,3,10,1,1,7,6,1,8,1,6,,26,26,1,22,9,121.5253516,25.08416311
111,2,2,19,11,2,08士林區,士林區中山北路5段與劍潭路口,0,0,1,2,C03,7,3,5,50,3,2,1,5,4,5,7,2,1,1,4,1,2,16,1,19,2,9,1,1,7,9,1,10,1,11,,44,26,1,22,9,121.5253516,25.08416311
111,2,2,19,48,2,07信義區,信義區福德街與福德街310巷口,0,0,2,1,C03,6,3,5,50,4,1,1,4,4,5,7,1,1,5,5,5,2,11,2,58,2,9,3,4,7,5,3,18,1,12,,6,6,1,22,9,121.5875588,25.03935834
111,2,2,19,48,2,07信義區,信義區福德街與福德街310巷口,0,0,2,2,C03,6,3,5,50,4,1,1,4,4,5,7,1,1,5,5,5,2,11,1,66,2,9,3,4,7,9,1,10,1,11,,44,6,1,22,9,121.5875588,25.03935834
111,2,2,20,4,2,08士林區,士林區承德路5段與中正路口,0,0,2,1,B12,7,3,5,50,8,9,1,5,4,5,7,4,4,9,4,5,2,17,1,36,3,10,1,1,7,7,1,8,2,4,,7,7,1,22,9,121.5152978,25.09034254
111,2,2,20,4,2,08士林區,士林區承德路5段與中正路口,0,0,2,2,C03,7,3,5,50,8,9,1,5,4,5,7,4,4,9,4,5,2,17,1,73,2,9,1,1,7,9,1,10,2,12,,44,7,1,22,9,121.5152978,25.09034254
111,2,2,20,4,2,08士林區,士林區承德路5段與中正路口,0,0,2,3,H02,7,3,5,50,8,9,1,5,4,5,7,4,4,9,4,5,2,17,1,23,2,9,4,5,7,20,8,20,10,15,,67,7,1,22,9,121.5152978,25.09034254
111,2,2,20,22,2,04大安區,大安區建國南路2段151巷與建國南路2段口,0,0,2,1,C03,8,3,5,50,3,2,1,5,4,5,7,1,1,1,4,4,2,13,2,27,2,8,1,4,7,9,1,10,1,11,,23,23,1,22,9,121.5375477,25.02891941
111,2,2,20,22,2,04大安區,大安區建國南路2段151巷與建國南路2段口,0,0,2,2,C03,8,3,5,50,3,2,1,5,4,5,7,1,1,1,4,4,2,13,1,39,2,7,1,4,7,14,1,10,1,13,,44,23,1,22,9,121.5375477,25.02891941
111,2,2,21,12,2,02萬華區,萬華區萬大路493巷與萬大路449巷10弄口口,0,0,1,1,C03,8,1,5,30,4,1,1,5,4,5,7,4,4,10,5,5,2,15,1,67,2,9,3,4,7,9,1,10,2,11,,6,6,1,22,9,121.4983137,25.0198983
111,2,2,21,12,2,02萬華區,萬華區萬大路493巷與萬大路449巷10弄口口,0,0,1,2,B01,8,1,5,30,4,1,1,5,4,5,7,4,4,10,5,5,2,15,1,63,3,10,3,4,7,9,1,4,2,1,,42,6,1,22,9,121.4983137,25.0198983
111,2,2,21,24,2,10文山區,文山區景中街30巷與景後街口,0,0,2,1,B03,6,3,5,30,4,1,1,4,4,5,7,3,1,10,5,5,2,15,1,30,3,10,1,1,7,9,1,8,2,1,,6,6,1,22,9,121.5428502,24.99208924
111,2,2,21,24,2,10文山區,文山區景中街30巷與景後街口,0,0,2,2,C03,6,3,5,30,4,1,1,4,4,5,7,3,1,10,5,5,2,15,2,41,2,9,1,1,7,9,1,10,2,12,,14,6,1,22,9,121.5428502,24.99208924
111,2,2,21,24,2,10文山區,文山區景中街30巷與景後街口,0,0,2,3,H02,6,3,5,30,4,1,1,4,4,5,7,3,1,10,5,5,2,15,2,23,2,9,1,5,7,20,8,20,10,16,,67,6,1,22,9,121.5428502,24.99208924
111,2,2,21,49,2,03中山區,中山區林森北路與民生東路1段口,0,0,2,1,C03,8,3,5,50,4,2,1,5,4,5,7,1,1,4,3,5,1,1,1,52,2,8,1,1,7,9,1,10,1,11,,15,15,1,22,9,121.5255237,25.0580554
111,2,2,21,49,2,03中山區,中山區林森北路與民生東路1段口,0,0,2,2,H01,8,3,5,50,4,2,1,5,4,5,7,1,1,4,3,5,1,1,1,58,2,8,4,5,8,16,8,20,10,16,,52,15,1,22,9,121.5255237,25.0580554
111,2,2,22,50,2,03中山區,中山區中山北路3段與民族東路口,0,0,1,1,B03,7,3,5,50,4,1,1,5,4,5,7,2,1,1,4,5,2,12,1,33,3,10,3,4,7,6,1,8,2,5,,9,9,1,22,9,121.522956,25.06831355
111,2,2,22,50,2,03中山區,中山區中山北路3段與民族東路口,0,0,1,2,C03,7,3,5,50,4,1,1,5,4,5,7,2,1,1,4,5,2,12,1,20,2,9,1,4,7,9,1,10,2,14,,13,9,1,22,9,121.522956,25.06831355
111,2,2,23,0,2,03中山區,中山區長春路258巷與長春路258巷10弄口,0,0,1,1,B01,7,3,5,40,4,1,1,5,4,5,7,4,4,10,5,5,2,15,1,61,3,10,1,1,7,9,1,4,1,1,,6,6,1,22,9,121.5390566,25.0538759
111,2,2,23,0,2,03中山區,中山區長春路258巷與長春路258巷10弄口,0,0,1,2,C03,7,3,5,40,4,1,1,5,4,5,7,4,4,10,5,5,2,15,1,25,2,9,1,1,7,9,1,10,1,12,14,13,6,1,22,9,121.5390566,25.0538759