發生年度,發生月,發生日,發生時-Hours,發生分,處理別-編號,區序,肇事地點,死亡人數,2-30日死亡人數,受傷人數,當事人序號,車種,天候,光線,道路類別,速限-速度限制,道路型態,事故位置,路面狀況1,路面狀況2,路面狀況3,道路障礙1,道路障礙2,號誌1,號誌2,車道劃分-分向,車道劃分-分道1,車道劃分-分道2,車道劃分-分道3,事故類型及型態,性別,年齡,受傷程度,主要傷處,安全帽,行動電話,車輛用途,當事者行動狀態,駕駛資格情形,駕駛執照種類,飲酒情形,車輛撞擊部位1,車輛撞擊部位2,肇因碼-個別,肇因碼-主要,個人肇逃否,職業,旅次目的,座標-X,座標-Y
111,2,3,1,59,2,09北投區,北投區自強街與致遠一路1段口,0,0,1,1,C03,6,3,5,50,4,1,1,4,4,5,7,3,1,5,4,5,1,16,1,40,2,9,2,1,7,9,1,10,1,11,,25,25,1,22,9,121.5146867,25.1106413
111,2,3,1,59,2,09北投區,北投區自強街與致遠一路1段口,0,0,1,2,B03,6,3,5,50,4,1,1,4,4,5,7,3,1,5,4,5,1,16,1,20,3,10,1,1,7,9,1,8,1,5,,23,25,1,22,9,121.5146867,25.1106413
111,2,3,3,49,2,10文山區,文山區興隆路4段與忠順街1段口,0,0,2,3,H02,6,3,5,50,4,1,1,4,4,5,7,1,1,1,4,5,2,16,1,17,2,9,1,1,7,20,8,20,10,16,,67,8,1,22,9,121.5616895,24.98449917
111,2,3,3,49,2,10文山區,文山區興隆路4段與忠順街1段口,0,0,2,1,B03,6,3,5,50,4,1,1,4,4,5,7,1,1,1,4,5,2,16,1,23,3,10,1,1,7,5,3,18,1,3,,8,8,1,22,9,121.5616895,24.98449917
111,2,3,3,49,2,10文山區,文山區興隆路4段與忠順街1段口,0,0,2,2,C03,6,3,5,50,4,1,1,4,4,5,7,1,1,1,4,5,2,16,1,18,2,9,1,1,7,9,1,10,1,11,,44,8,1,22,9,121.5616895,24.98449917
111,2,3,6,53,2,03中山區,中山區北安路554巷與北安路588巷30弄口,0,0,1,1,C03,7,1,5,50,4,2,1,4,4,5,7,2,1,5,5,5,2,3,1,26,2,9,1,1,7,12,1,10,2,12,,42,42,1,22,9,121.5503001,25.0800071
111,2,3,6,53,2,03中山區,中山區北安路554巷與北安路588巷30弄口,0,0,1,2,H01,7,1,5,50,4,2,1,4,4,5,7,2,1,5,5,5,2,3,2,80,3,10,4,5,8,16,8,20,10,16,,52,42,1,22,9,121.5503001,25.0800071
111,2,3,7,45,2,03中山區,中山區建國北路1段130號,0,0,1,2,H01,6,1,5,0,14,9,1,4,4,5,7,4,4,1,3,5,1,9,1,30,2,8,4,5,8,16,8,20,10,16,,67,25,1,22,9,121.5365099,25.05080694
111,2,3,7,45,2,03中山區,中山區建國北路1段130號,0,0,1,1,B12,6,1,5,0,14,9,1,4,4,5,7,4,4,1,3,5,1,9,1,48,4,11,3,4,7,15,7,19,11,15,,25,25,2,22,9,121.5365099,25.05080694
111,2,3,9,21,2,09北投區,北投區吉利街280巷27弄與吉利街280巷33弄口,0,0,1,1,B03,6,1,5,30,4,1,1,4,4,5,7,4,4,10,5,5,1,15,1,26,3,10,1,1,7,9,1,8,2,4,,14,14,1,22,9,121.5104036,25.11765723
111,2,3,9,21,2,09北投區,北投區吉利街280巷27弄與吉利街280巷33弄口,0,0,1,2,C03,6,1,5,30,4,1,1,4,4,5,7,4,4,10,5,5,1,15,2,30,2,8,1,1,7,9,1,10,2,12,,6,14,1,22,9,121.5104036,25.11765723
111,2,3,9,30,2,09北投區,北投區大度路1段155號,0,0,1,1,C03,6,1,5,50,3,1,1,4,4,5,7,1,1,1,3,5,1,18,1,22,2,9,1,1,7,21,1,10,2,14,,43,43,1,22,1,121.4932588,25.1213177
111,2,3,9,30,2,09北投區,北投區大度路1段155號,0,0,1,2,,6,1,5,50,3,1,1,4,4,5,7,1,1,1,3,5,1,18,3,,,,,,,,,,,,,67,43,1,,,121.4932588,25.1213177
111,2,3,10,10,2,12內湖區,內湖區內湖路1段518巷與洲子街口,0,0,1,1,C03,6,1,5,30,4,1,1,4,4,5,7,3,1,5,4,5,2,16,2,47,2,7,1,1,7,9,1,10,1,11,,6,6,1,22,9,121.5735474,25.0790665
111,2,3,10,10,2,12內湖區,內湖區內湖路1段518巷與洲子街口,0,0,1,2,B03,6,1,5,30,4,1,1,4,4,5,7,3,1,5,4,5,2,16,1,45,3,10,1,1,7,9,1,8,1,4,,44,6,1,22,9,121.5735474,25.0790665
111,2,3,10,10,2,07信義區,信義區信義路5段與松仁路口,0,0,1,1,B03,6,1,5,50,4,2,1,4,4,5,7,2,1,3,4,5,2,13,1,24,3,10,1,1,7,9,1,4,1,1,,16,16,1,22,9,121.5682793,25.03318838
111,2,3,10,10,2,07信義區,信義區信義路5段與松仁路口,0,0,1,2,B03,6,1,5,50,4,2,1,4,4,5,7,2,1,3,4,5,2,13,1,62,3,10,1,1,7,14,1,8,1,3,,44,16,1,22,9,121.5682793,25.03318838
111,2,3,10,10,2,07信義區,信義區信義路5段與松仁路口,0,0,1,3,H02,6,1,5,50,4,2,1,4,4,5,7,2,1,3,4,5,2,13,1,20,2,2,1,1,7,21,8,20,10,16,,67,16,1,22,9,121.5682793,25.03318838
111,2,3,11,48,2,07信義區,信義區永吉路30巷與松隆路口,0,0,1,1,B03,6,1,8,30,4,2,1,4,4,5,7,1,1,5,5,5,1,3,2,51,3,10,3,4,7,5,1,8,2,5,,15,15,1,22,9,121.5687258,25.04448518
111,2,3,11,48,2,07信義區,信義區永吉路30巷與松隆路口,0,0,1,2,H01,6,1,8,30,4,2,1,4,4,5,7,1,1,5,5,5,1,3,1,53,2,9,3,4,8,16,8,20,10,16,,67,15,1,22,9,121.5687258,25.04448518
111,2,3,12,55,2,01大同區,大同區環河北路1段與長安西路口,0,0,1,1,B03,6,1,5,50,3,2,1,4,4,5,7,1,1,10,4,5,2,17,1,67,3,10,3,4,7,9,1,8,2,15,,6,6,1,22,9,121.5072979,25.05224829
111,2,3,12,55,2,01大同區,大同區環河北路1段與長安西路口,0,0,1,2,C02,6,1,5,50,3,2,1,4,4,5,7,1,1,10,4,5,2,17,1,30,2,9,3,4,7,9,1,9,2,15,,44,6,1,22,9,121.5072979,25.05224829
111,2,3,14,5,2,08士林區,士林區德行東路179號,0,0,1,1,B12,6,1,5,50,14,9,1,4,4,3,5,4,4,9,5,5,2,17,1,26,3,10,3,4,7,1,1,8,1,4,,19,19,1,22,9,121.531089,25.10868886
111,2,3,14,5,2,08士林區,士林區德行東路179號,0,0,1,2,C03,6,1,5,50,14,9,1,4,4,3,5,4,4,9,5,5,2,17,1,27,2,8,1,4,7,9,1,10,1,12,,44,19,1,22,9,121.531089,25.10868886
111,2,3,15,0,2,09北投區,北投區大度路2段151號燈桿,0,0,2,1,C03,6,1,5,50,14,12,1,4,4,5,7,4,4,1,4,1,1,18,1,25,2,8,1,1,7,9,1,10,2,14,,44,44,1,22,9,121.4782987,25.12224884
111,2,3,15,0,2,09北投區,北投區大度路2段151號燈桿,0,0,2,2,,6,1,5,50,14,12,1,4,4,5,7,4,4,1,4,1,1,18,3,,,,,,,,,,,,,67,44,1,,,121.4782987,25.12224884
111,2,3,15,0,2,09北投區,北投區大度路2段151號燈桿,0,0,2,3,H02,6,1,5,50,14,12,1,4,4,5,7,4,4,1,4,1,1,18,2,25,2,9,4,5,7,20,8,20,10,16,,67,44,1,22,9,121.4782987,25.12224884
111,2,3,15,58,2,02萬華區,萬華區西藏路295號,0,0,1,1,C03,6,1,5,50,14,9,1,4,4,5,7,4,4,1,4,5,2,12,1,73,2,1,1,4,7,9,6,10,1,12,,17,17,1,22,9,121.4918546,25.0286239
111,2,3,15,58,2,02萬華區,萬華區西藏路295號,0,0,1,2,B03,6,1,5,50,14,9,1,4,4,5,7,4,4,1,4,5,2,12,1,66,3,10,1,4,7,9,1,8,1,4,,17,17,1,22,9,121.4918546,25.0286239
111,2,3,16,15,2,05中正區,中正區重慶南路1段與愛國西路口,0,0,1,1,B12,6,1,5,50,4,4,1,4,4,5,7,2,1,9,4,5,2,13,1,55,3,10,1,1,7,9,1,8,1,1,,43,43,1,22,5,121.5124602,25.03554114
111,2,3,16,15,2,05中正區,中正區重慶南路1段與愛國西路口,0,0,1,2,C03,6,1,5,50,4,4,1,4,4,5,7,2,1,9,4,5,2,13,1,63,2,7,1,1,7,14,1,10,1,13,,43,43,1,22,5,121.5124602,25.03554114
111,2,3,16,25,2,02萬華區,萬華區西園路1段與桂林路口,0,0,1,1,B03,6,2,5,50,4,2,1,4,4,5,7,1,1,5,4,4,2,17,1,60,3,10,1,1,7,5,1,8,2,15,,6,6,1,22,9,121.4997105,25.03848835
111,2,3,16,25,2,02萬華區,萬華區西園路1段與桂林路口,0,0,1,2,C03,6,2,5,50,4,2,1,4,4,5,7,1,1,5,4,4,2,17,1,26,2,9,1,1,7,9,1,10,2,12,,13,6,1,22,9,121.4997105,25.03848835
111,2,3,16,27,2,09北投區,北投區實踐街與實踐街82巷口,0,0,1,1,B01,6,1,5,30,14,9,1,4,4,5,7,4,4,9,4,5,2,16,1,70,3,10,1,1,7,9,1,4,1,8,,6,6,1,22,9,121.5107739,25.11526191
111,2,3,16,27,2,09北投區,北投區實踐街與實踐街82巷口,0,0,1,2,C03,6,1,5,30,14,9,1,4,4,5,7,4,4,9,4,5,2,16,2,49,2,5,1,1,7,9,1,10,1,11,,44,6,1,22,9,121.5107739,25.11526191
111,2,3,17,41,2,03中山區,中山區林森北路與錦州街口,0,0,1,1,C03,6,3,5,50,4,1,1,4,4,5,7,1,1,4,3,5,1,17,1,64,3,10,1,1,7,1,1,10,1,13,,19,19,1,22,9,121.5255659,25.06027117
111,2,3,17,41,2,03中山區,中山區林森北路與錦州街口,0,0,1,2,C03,6,3,5,50,4,1,1,4,4,5,7,1,1,4,3,5,1,17,1,20,2,9,1,1,7,9,1,10,1,14,,44,19,1,22,9,121.5255659,25.06027117
111,2,3,17,45,2,08士林區,士林區延平北路5段285巷與延平北路5段口,0,0,1,1,B03,6,3,5,50,3,2,1,4,4,5,7,2,1,3,4,5,1,17,1,44,3,10,3,4,7,5,1,8,2,15,,8,8,1,22,9,121.5096105,25.08573186
111,2,3,17,45,2,08士林區,士林區延平北路5段285巷與延平北路5段口,0,0,1,2,C03,6,3,5,50,3,2,1,4,4,5,7,2,1,3,4,5,1,17,2,41,2,9,3,4,7,9,1,10,2,15,,44,8,1,22,9,121.5096105,25.08573186
111,2,3,18,8,2,12內湖區,內湖區南京東路6段東向西快車道,0,0,1,1,B12,6,3,5,50,14,9,1,4,4,5,7,2,1,1,4,5,2,13,1,74,3,10,1,1,7,9,1,8,2,1,,23,23,1,22,9,121.5864747,25.05989614
111,2,3,18,8,2,12內湖區,內湖區南京東路6段東向西快車道,0,0,1,2,B12,6,3,5,50,14,9,1,4,4,5,7,2,1,1,4,5,2,13,1,36,3,10,1,1,7,14,1,8,2,3,,44,23,1,22,9,121.5864747,25.05989614
111,2,3,18,8,2,12內湖區,內湖區南京東路6段東向西快車道,0,0,1,3,B03,6,3,5,50,14,9,1,4,4,5,7,2,1,1,4,5,2,13,2,59,2,3,1,1,7,14,1,8,2,3,,44,23,1,22,9,121.5864747,25.05989614
111,2,3,18,8,2,12內湖區,內湖區南京東路6段東向西快車道,0,0,1,4,B03,6,3,5,50,14,9,1,4,4,5,7,2,1,1,4,5,2,13,1,40,3,10,1,1,7,14,1,8,2,3,,44,23,1,22,9,121.5864747,25.05989614
111,2,3,18,12,2,08士林區,士林區中正路601號,0,0,1,1,B03,6,3,5,50,15,9,1,4,4,5,7,4,4,1,4,5,2,17,1,56,3,10,1,1,7,6,1,8,2,2,,9,9,1,22,9,121.5099911,25.08669868
111,2,3,18,12,2,08士林區,士林區中正路601號,0,0,1,2,C03,6,3,5,50,15,9,1,4,4,5,7,4,4,1,4,5,2,17,1,66,2,3,1,1,7,9,1,10,2,14,,26,9,1,22,9,121.5099911,25.08669868
111,2,3,18,28,2,04大安區,大安區敦化南路2段與敦化南路2段63巷口,0,0,1,1,B03,6,3,5,50,4,2,1,4,4,5,7,2,1,1,4,5,1,16,1,42,3,10,1,1,7,11,1,8,2,6,,10,10,1,22,9,121.5490072,25.03099166
111,2,3,18,28,2,04大安區,大安區敦化南路2段與敦化南路2段63巷口,0,0,1,2,C03,6,3,5,50,4,2,1,4,4,5,7,2,1,1,4,5,1,16,1,58,2,9,1,1,7,9,1,10,2,11,,13,10,1,22,9,121.5490072,25.03099166
111,2,3,18,30,2,09北投區,北投區大興街與北投路1段口,0,0,1,1,B02,6,3,5,50,14,9,1,4,4,5,7,1,1,9,4,5,2,9,1,35,3,10,1,1,7,5,4,8,2,8,,15,15,1,22,9,121.4996237,25.130285
111,2,3,18,30,2,09北投區,北投區大興街與北投路1段口,0,0,1,2,H01,6,3,5,50,14,9,1,4,4,5,7,1,1,9,4,5,2,9,2,58,2,9,4,1,8,16,8,20,10,16,,67,15,1,22,9,121.4996237,25.130285
111,2,3,19,4,2,08士林區,士林區雨聲街105號,0,0,1,1,B03,6,3,5,50,14,9,1,4,4,5,7,1,1,9,4,5,2,17,1,30,3,10,1,1,7,5,1,8,2,1,,4,4,1,22,9,121.5312023,25.1046174
111,2,3,19,4,2,08士林區,士林區雨聲街105號,0,0,1,2,C03,6,3,5,50,14,9,1,4,4,5,7,1,1,9,4,5,2,17,1,54,2,9,1,1,7,14,1,10,2,11,,44,4,1,22,9,121.5312023,25.1046174
111,2,3,19,12,2,03中山區,中山區錦西街與天祥路口,0,0,1,1,B01,6,3,5,50,3,2,1,4,4,5,7,4,4,9,5,5,2,17,1,55,3,10,1,1,7,5,1,4,1,15,,6,6,1,22,9,121.5210979,25.06034214
111,2,3,19,12,2,03中山區,中山區錦西街與天祥路口,0,0,1,2,C03,6,3,5,50,3,2,1,4,4,5,7,4,4,9,5,5,2,17,1,23,2,8,1,1,7,9,1,10,1,12,,13,6,1,22,9,121.5210979,25.06034214
111,2,3,19,57,2,03中山區,中山區天祥路與天祥路48巷口,0,0,1,1,B01,6,3,5,30,4,1,1,4,4,5,7,4,4,10,5,5,2,16,1,34,3,10,3,4,7,5,1,10,1,8,,6,6,1,22,9,121.5210266,25.06181246
111,2,3,19,57,2,03中山區,中山區天祥路與天祥路48巷口,0,0,1,2,C03,6,3,5,30,4,1,1,4,4,5,7,4,4,10,5,5,2,16,1,20,2,9,1,1,7,9,1,10,1,11,,13,6,1,22,9,121.5210266,25.06181246
111,2,3,21,10,2,03中山區,中山區基湖路與基湖路112巷口,0,0,2,1,B03,7,3,5,30,4,1,1,4,4,5,7,4,4,1,4,5,2,15,1,60,3,10,3,4,7,9,1,8,1,2,,6,6,1,22,9,121.5638324,25.0783474
111,2,3,21,10,2,03中山區,中山區基湖路與基湖路112巷口,0,0,2,2,B03,7,3,5,30,4,1,1,4,4,5,7,4,4,1,4,5,2,15,1,33,3,10,3,4,7,9,1,8,1,1,,44,6,1,22,9,121.5638324,25.0783474
111,2,3,21,10,2,03中山區,中山區基湖路與基湖路112巷口,0,0,2,3,H02,7,3,5,30,4,1,1,4,4,5,7,4,4,1,4,5,2,15,2,31,2,9,4,5,7,20,8,20,10,16,,67,6,1,22,9,121.5638324,25.0783474
111,2,3,21,10,2,03中山區,中山區基湖路與基湖路112巷口,0,0,2,4,H02,7,3,5,30,4,1,1,4,4,5,7,4,4,1,4,5,2,15,1,1,2,1,4,5,7,20,8,20,10,16,,67,6,1,22,9,121.5638324,25.0783474
111,2,3,21,16,1,06松山區,松山區民生東路3段與民生東路3段127巷口,1,0,0,1,B03,6,3,5,50,3,1,1,4,4,5,7,4,4,1,4,5,2,3,1,72,3,10,2,1,7,9,1,8,2,1,,23,23,1,22,9,121.5474653,25.05775063
111,2,3,21,16,1,06松山區,松山區民生東路3段與民生東路3段127巷口,1,0,0,2,H01,6,3,5,50,3,1,1,4,4,5,7,4,4,1,4,5,2,3,2,89,1,9,4,5,8,16,8,20,10,16,,52,23,1,22,9,121.5474653,25.05775063
111,2,3,21,55,2,10文山區,文山區忠順街1段26巷與忠順街1段26巷27弄口,0,0,2,1,B01,6,3,5,30,4,1,1,4,4,5,3,4,4,10,5,5,2,15,1,63,3,10,1,1,7,9,1,4,1,1,,6,6,1,22,9,121.5597863,24.98205577
111,2,3,21,55,2,10文山區,文山區忠順街1段26巷與忠順街1段26巷27弄口,0,0,2,2,C03,6,3,5,30,4,1,1,4,4,5,3,4,4,10,5,5,2,15,1,21,2,9,1,1,7,9,6,10,1,14,,14,6,1,22,9,121.5597863,24.98205577
111,2,3,21,55,2,10文山區,文山區忠順街1段26巷與忠順街1段26巷27弄口,0,0,2,3,H02,6,3,5,30,4,1,1,4,4,5,3,4,4,10,5,5,2,15,1,20,2,8,1,5,7,21,8,20,10,15,,67,6,1,22,9,121.5597863,24.98205577
111,2,3,22,20,2,02萬華區,萬華區康定路與康定路188巷口,0,0,2,1,B01,6,3,5,50,4,1,1,4,4,5,7,1,1,9,4,5,1,16,1,52,3,10,1,1,7,11,1,4,2,8,,10,10,1,22,9,121.5018616,25.03900614
111,2,3,22,20,2,02萬華區,萬華區康定路與康定路188巷口,0,0,2,2,C03,6,3,5,50,4,1,1,4,4,5,7,1,1,9,4,5,1,16,1,18,2,9,1,1,7,9,1,10,2,11,,44,10,1,22,9,121.5018616,25.03900614
111,2,3,22,20,2,02萬華區,萬華區康定路與康定路188巷口,0,0,2,3,H02,6,3,5,50,4,1,1,4,4,5,7,1,1,9,4,5,1,16,2,14,2,9,1,5,7,20,8,20,10,16,,67,10,1,22,9,121.5018616,25.03900614
111,2,3,22,20,2,12內湖區,內湖區瑞光路與港墘路口,0,0,1,1,B03,6,3,5,50,4,1,1,4,4,5,7,2,1,5,4,5,2,16,1,30,3,10,1,1,7,5,1,8,1,2,,25,25,1,22,9,121.5749701,25.076374
111,2,3,22,20,2,12內湖區,內湖區瑞光路與港墘路口,0,0,1,2,C03,6,3,5,50,4,1,1,4,4,5,7,2,1,5,4,5,2,16,2,24,2,7,1,1,7,9,1,10,1,12,,13,25,1,22,9,121.5749701,25.076374
111,2,3,22,50,2,11南港區,南港區大坑街與合順街8巷5弄口,0,0,1,1,C03,6,3,5,50,3,1,1,4,4,5,7,4,4,9,4,5,2,16,2,24,2,2,1,1,7,5,1,10,2,11,,6,6,1,21,8,121.6199595,25.04240711
111,2,3,22,50,2,11南港區,南港區大坑街與合順街8巷5弄口,0,0,1,2,B03,6,3,5,50,3,1,1,4,4,5,7,4,4,9,4,5,2,16,1,52,3,10,1,1,7,9,1,8,2,1,,27,6,1,21,8,121.6199595,25.04240711
111,2,3,23,26,2,02萬華區,萬華區西藏路198號,0,0,1,1,C03,6,3,5,50,14,9,1,4,4,5,7,4,4,1,4,5,2,13,2,19,2,9,1,4,7,9,1,10,1,11,,23,23,1,22,9,121.502802,25.02989222
111,2,3,23,26,2,02萬華區,萬華區西藏路198號,0,0,1,2,B03,6,3,5,50,14,9,1,4,4,5,7,4,4,1,4,5,2,13,1,28,3,10,1,4,7,13,1,8,1,6,,38,23,1,22,9,121.502802,25.02989222
111,2,4,0,19,2,01大同區,大同區忠孝橋往台北下環河北路南京西路匝道,0,0,1,1,B03,6,3,5,40,10,17,1,4,4,5,7,4,4,10,4,5,2,20,1,52,2,9,3,4,7,21,1,8,2,5,,23,23,1,22,9,121.5074515,25.05357671
111,2,4,0,19,2,01大同區,大同區忠孝橋往台北下環河北路南京西路匝道,0,0,1,2,,6,3,5,40,10,17,1,4,4,5,7,4,4,10,4,5,2,20,3,,,,,,,,,,,,,67,23,1,,,121.5074515,25.05357671
111,2,4,0,19,2,01大同區,大同區忠孝橋往台北下環河北路南京西路匝道,0,0,1,3,,6,3,5,40,10,17,1,4,4,5,7,4,4,10,4,5,2,20,3,,,,,,,,,,,,,67,23,1,,,121.5074515,25.05357671
111,2,4,6,40,2,12內湖區,內湖區陽光街與瑞湖街口,0,0,1,1,C03,6,1,5,50,4,1,1,4,4,5,7,3,1,5,5,5,2,16,1,31,2,9,1,1,7,9,1,10,1,12,,6,6,1,22,9,121.5761379,25.0728317
111,2,4,6,40,2,12內湖區,內湖區陽光街與瑞湖街口,0,0,1,2,B12,6,1,5,50,4,1,1,4,4,5,7,3,1,5,5,5,2,16,1,55,3,10,1,1,7,9,1,8,1,8,,42,6,1,22,9,121.5761379,25.0728317
111,2,4,9,30,2,10文山區,文山區恆光街與恆光街14巷口口,0,0,1,1,B03,6,1,5,30,4,1,1,4,4,5,7,4,4,8,5,5,1,15,1,30,3,10,3,4,7,9,1,8,1,8,,14,14,1,22,9,121.5669323,24.98280987
111,2,4,9,30,2,10文山區,文山區恆光街與恆光街14巷口口,0,0,1,2,C03,6,1,5,30,4,1,1,4,4,5,7,4,4,8,5,5,1,15,2,53,2,8,1,4,7,9,1,10,1,12,,6,14,1,22,9,121.5669323,24.98280987
111,2,4,10,4,2,02萬華區,萬華區柳州街與南寧路口,0,0,1,1,B01,6,1,5,50,5,1,1,4,4,5,7,1,1,3,3,5,1,16,1,60,3,10,3,4,7,5,1,8,1,4,,23,23,1,22,9,121.5049535,25.03681274
111,2,4,10,4,2,02萬華區,萬華區柳州街與南寧路口,0,0,1,2,F02,6,1,5,50,5,1,1,4,4,5,7,1,1,3,3,5,1,16,1,39,2,9,1,1,7,1,8,20,1,16,,19,23,1,22,9,121.5049535,25.03681274
111,2,4,10,40,2,05中正區,中正區中山南路與青島東路口,0,0,1,1,B03,6,1,5,50,4,1,1,4,4,5,7,1,1,9,4,4,2,11,1,42,3,10,1,1,7,11,1,8,2,2,,10,10,1,22,9,121.5194232,25.04446291
111,2,4,10,40,2,05中正區,中正區中山南路與青島東路口,0,0,1,2,C03,6,1,5,50,4,1,1,4,4,5,7,1,1,9,4,4,2,11,2,34,2,8,1,1,7,9,1,10,2,11,,44,10,1,22,9,121.5194232,25.04446291
111,2,4,10,50,2,12內湖區,內湖區金龍路73號前,0,0,1,1,A02,6,1,5,50,14,9,1,4,4,5,7,4,4,5,4,5,2,17,1,39,3,10,2,1,7,8,1,2,1,15,,43,43,1,22,9,121.5922728,25.08510886
111,2,4,10,50,2,12內湖區,內湖區金龍路73號前,0,0,1,2,C03,6,1,5,50,14,9,1,4,4,5,7,4,4,5,4,5,2,17,1,20,2,9,1,1,7,9,1,10,1,14,,43,43,1,22,9,121.5922728,25.08510886
111,2,4,11,0,2,08士林區,士林區德行東路104巷與德行東路104巷9弄口,0,0,2,1,C03,6,1,5,30,4,1,1,4,4,5,3,4,4,10,5,5,2,15,1,19,2,9,1,4,7,9,1,10,1,14,,13,13,1,22,9,121.5286891,25.10673983
111,2,4,11,0,2,08士林區,士林區德行東路104巷與德行東路104巷9弄口,0,0,2,2,C03,6,1,5,30,4,1,1,4,4,5,3,4,4,10,5,5,2,15,2,32,2,9,1,4,7,9,1,10,1,12,,13,13,1,22,9,121.5286891,25.10673983
111,2,4,11,11,2,02萬華區,萬華區康定路與和平西路3段口,0,0,2,1,C03,6,1,5,50,4,1,1,4,4,5,7,1,1,1,4,5,1,17,1,59,2,8,1,1,7,9,1,10,2,12,,25,25,1,22,9,121.5010965,25.03543028
111,2,4,11,11,2,02萬華區,萬華區康定路與和平西路3段口,0,0,2,2,B01,6,1,5,50,4,1,1,4,4,5,7,1,1,1,4,5,1,17,1,59,3,10,1,1,7,5,1,4,2,1,,44,25,1,22,9,121.5010965,25.03543028
111,2,4,11,11,2,02萬華區,萬華區康定路與和平西路3段口,0,0,2,3,H02,6,1,5,50,4,1,1,4,4,5,7,1,1,1,4,5,1,17,2,60,2,8,4,5,7,20,8,20,10,16,,67,25,1,22,9,121.5010965,25.03543028
111,2,4,11,31,2,03中山區,中山區民權東路3段22號,0,0,2,1,B03,6,1,5,50,14,8,1,4,4,5,7,2,1,1,1,1,1,12,1,64,3,10,3,4,7,8,1,8,2,5,,7,7,1,22,9,121.5405849,25.06229565
111,2,4,11,31,2,03中山區,中山區民權東路3段22號,0,0,2,2,C03,6,1,5,50,14,8,1,4,4,5,7,2,1,1,1,1,1,12,1,21,2,9,3,4,7,9,1,10,2,14,,13,7,1,22,9,121.5405849,25.06229565
111,2,4,11,31,2,03中山區,中山區民權東路3段22號,0,0,2,3,H02,6,1,5,50,14,8,1,4,4,5,7,2,1,1,1,1,1,12,2,20,2,9,4,5,7,20,8,20,10,16,,67,7,1,22,9,121.5405849,25.06229565
111,2,4,13,4,2,02萬華區,萬華區西園路2段與西園路2段372巷口,0,0,1,1,B03,7,1,8,50,4,1,1,4,4,5,7,3,1,9,5,5,1,15,1,61,3,10,1,1,7,9,1,8,1,2,,6,6,1,22,9,121.4915044,25.02500939
111,2,4,13,4,2,02萬華區,萬華區西園路2段與西園路2段372巷口,0,0,1,2,C03,7,1,8,50,4,1,1,4,4,5,7,3,1,9,5,5,1,15,1,24,2,9,1,1,7,9,1,10,1,11,,44,6,1,22,9,121.4915044,25.02500939
111,2,4,13,18,2,01大同區,大同區民生西路與南京西路25巷口,0,0,1,2,C03,7,1,5,50,4,1,1,4,4,5,7,2,1,5,4,5,2,17,1,27,2,8,3,4,7,9,1,10,1,15,,44,6,1,22,9,121.520537,25.05764669
111,2,4,13,18,2,01大同區,大同區民生西路與南京西路25巷口,0,0,1,1,B03,7,1,5,50,4,1,1,4,4,5,7,2,1,5,4,5,2,17,1,48,4,11,3,4,7,15,7,19,11,15,,6,6,2,22,9,121.520537,25.05764669
111,2,4,13,25,2,05中正區,中正區汀州路2段與重慶南路3段口口,0,0,1,1,B03,7,1,5,50,4,1,1,4,4,5,7,1,1,5,5,4,1,17,1,31,3,10,1,1,7,5,1,8,2,15,,8,8,1,22,9,121.5165534,25.02561595
111,2,4,13,25,2,05中正區,中正區汀州路2段與重慶南路3段口口,0,0,1,2,C03,7,1,5,50,4,1,1,4,4,5,7,1,1,5,5,4,1,17,1,26,2,9,1,1,7,9,1,10,2,12,,42,8,1,22,9,121.5165534,25.02561595
111,2,4,13,37,2,05中正區,中正區金山南路1段63巷與金山南路1段口,0,0,1,1,B12,7,1,5,30,3,2,1,4,4,5,7,4,4,1,4,5,2,17,1,64,3,10,3,1,7,6,1,8,2,8,,6,6,1,2,5,121.5286089,25.0386909
111,2,4,13,37,2,05中正區,中正區金山南路1段63巷與金山南路1段口,0,0,1,2,F01,7,1,5,30,3,2,1,4,4,5,7,4,4,1,4,5,2,17,2,47,2,8,1,1,7,9,8,20,2,16,,44,6,1,19,5,121.5286089,25.0386909
111,2,4,13,45,2,03中山區,中山區建國北路2段與民生東路2段口,0,0,2,1,B03,7,1,5,50,4,1,1,4,4,5,7,2,1,1,4,5,2,12,2,48,3,10,3,4,7,6,1,8,1,2,,9,9,1,22,9,121.5366167,25.05775703
111,2,4,13,45,2,03中山區,中山區建國北路2段與民生東路2段口,0,0,2,2,C03,7,1,5,50,4,1,1,4,4,5,7,2,1,1,4,5,2,12,1,19,2,8,1,4,7,9,1,10,1,14,,44,9,1,22,9,121.5366167,25.05775703
111,2,4,13,45,2,03中山區,中山區建國北路2段與民生東路2段口,0,0,2,3,H02,7,1,5,50,4,1,1,4,4,5,7,2,1,1,4,5,2,12,2,21,2,9,4,5,7,20,8,20,10,16,,67,9,1,22,9,121.5366167,25.05775703
111,2,4,15,6,2,04大安區,大安區金山南路2段與和平東路1段口,0,0,1,1,C03,7,1,5,50,14,9,1,5,4,5,7,4,4,10,4,5,2,13,2,40,2,7,1,1,7,9,1,10,1,11,,43,43,1,22,9,121.5259144,25.02709981
111,2,4,15,6,2,04大安區,大安區金山南路2段與和平東路1段口,0,0,1,2,B03,7,1,5,50,14,9,1,5,4,5,7,4,4,10,4,5,2,13,2,65,3,10,1,1,7,14,1,8,1,3,,43,43,1,22,9,121.5259144,25.02709981
111,2,4,15,15,2,12內湖區,內湖區民權東路6段56巷與民權東路6段56巷1弄口,0,0,2,1,B12,7,1,5,30,3,1,1,5,4,5,7,4,4,9,4,4,2,16,1,40,3,10,1,1,7,5,1,8,1,6,,6,6,1,22,9,121.5846642,25.06841761