發生年度,發生月,發生日,發生時-Hours,發生分,處理別-編號,區序,肇事地點,死亡人數,2-30日死亡人數,受傷人數,當事人序號,車種,天候,光線,道路類別,速限-速度限制,道路型態,事故位置,路面狀況1,路面狀況2,路面狀況3,道路障礙1,道路障礙2,號誌1,號誌2,車道劃分-分向,車道劃分-分道1,車道劃分-分道2,車道劃分-分道3,事故類型及型態,性別,年齡,受傷程度,主要傷處,安全帽,行動電話,車輛用途,當事者行動狀態,駕駛資格情形,駕駛執照種類,飲酒情形,車輛撞擊部位1,車輛撞擊部位2,肇因碼-個別,肇因碼-主要,個人肇逃否,職業,旅次目的,座標-X,座標-Y
111,2,4,15,15,2,12內湖區,內湖區民權東路6段56巷與民權東路6段56巷1弄口,0,0,2,2,C03,7,1,5,30,3,1,1,5,4,5,7,4,4,9,4,4,2,16,1,20,2,7,1,1,7,9,1,10,1,14,,14,6,1,22,9,121.5846642,25.06841761
111,2,4,15,15,2,12內湖區,內湖區民權東路6段56巷與民權東路6段56巷1弄口,0,0,2,3,C03,7,1,5,30,3,1,1,5,4,5,7,4,4,9,4,4,2,16,2,24,2,9,1,1,7,9,3,18,1,15,,23,6,1,22,9,121.5846642,25.06841761
111,2,4,15,42,2,09北投區,北投區承德路7段與承德路7段344巷口,0,0,1,1,B03,7,1,5,60,14,9,1,5,4,5,7,1,1,1,4,5,2,16,1,74,3,10,3,4,7,7,1,8,1,8,,7,7,1,22,9,121.5042144,25.1171772
111,2,4,15,42,2,09北投區,北投區承德路7段與承德路7段344巷口,0,0,1,2,C03,7,1,5,60,14,9,1,5,4,5,7,1,1,1,4,5,2,16,1,21,2,8,1,1,7,9,1,10,1,15,,44,7,1,22,9,121.5042144,25.1171772
111,2,4,15,50,2,12內湖區,內湖區康樂街61巷與康樂街口,0,0,1,1,,6,1,5,50,4,2,1,4,4,5,7,1,1,5,5,5,2,12,4,,4,11,3,4,7,15,7,19,11,15,,43,43,2,22,9,121.6183312,25.06842374
111,2,4,15,50,2,12內湖區,內湖區康樂街61巷與康樂街口,0,0,1,2,C03,6,1,5,50,4,2,1,4,4,5,7,1,1,5,5,5,2,12,1,60,2,9,1,1,7,5,1,10,2,12,,43,43,1,22,9,121.6183312,25.06842374
111,2,4,15,59,2,01大同區,大同區承德路3段與敦煌路口,0,0,7,1,B03,7,1,5,50,4,1,1,5,4,5,7,2,1,1,4,5,1,17,2,36,2,3,3,4,7,5,1,8,2,2,,8,8,1,22,9,121.5202201,25.0752031
111,2,4,15,59,2,01大同區,大同區承德路3段與敦煌路口,0,0,7,2,B03,7,1,5,50,4,1,1,5,4,5,7,2,1,1,4,5,1,17,1,62,2,3,3,4,7,9,1,8,2,5,,44,8,1,22,9,121.5202201,25.0752031
111,2,4,15,59,2,01大同區,大同區承德路3段與敦煌路口,0,0,7,3,H02,7,1,5,50,4,1,1,5,4,5,7,2,1,1,4,5,1,17,2,60,2,3,3,5,7,20,8,20,10,16,,67,8,1,22,9,121.5202201,25.0752031
111,2,4,15,59,2,01大同區,大同區承德路3段與敦煌路口,0,0,7,4,H02,7,1,5,50,4,1,1,5,4,5,7,2,1,1,4,5,1,17,2,14,2,1,3,5,7,20,8,20,10,16,,67,8,1,22,9,121.5202201,25.0752031
111,2,4,15,59,2,01大同區,大同區承德路3段與敦煌路口,0,0,7,5,H02,7,1,5,50,4,1,1,5,4,5,7,2,1,1,4,5,1,17,2,59,2,3,3,5,7,20,8,20,10,15,,67,8,1,22,9,121.5202201,25.0752031
111,2,4,15,59,2,01大同區,大同區承德路3段與敦煌路口,0,0,7,6,H02,7,1,5,50,4,1,1,5,4,5,7,2,1,1,4,5,1,17,2,31,2,7,3,5,7,20,8,20,10,16,,67,8,1,22,9,121.5202201,25.0752031
111,2,4,15,59,2,01大同區,大同區承德路3段與敦煌路口,0,0,7,7,H02,7,1,5,50,4,1,1,5,4,5,7,2,1,1,4,5,1,17,2,33,2,3,3,5,7,20,8,20,10,16,,67,8,1,22,9,121.5202201,25.0752031
111,2,4,16,16,2,02萬華區,萬華區中華路1段與漢口街2段口,0,0,3,1,C03,6,1,5,50,4,1,1,4,4,5,7,2,1,1,4,1,2,15,1,42,2,7,1,1,7,9,1,10,1,12,,23,23,1,22,9,121.5089577,25.04518177
111,2,4,16,16,2,02萬華區,萬華區中華路1段與漢口街2段口,0,0,3,2,C03,6,1,5,50,4,1,1,4,4,5,7,2,1,1,4,1,2,15,2,19,2,9,1,1,7,9,1,10,1,14,,44,23,1,22,9,121.5089577,25.04518177
111,2,4,16,16,2,02萬華區,萬華區中華路1段與漢口街2段口,0,0,3,3,H02,6,1,5,50,4,1,1,4,4,5,7,2,1,1,4,1,2,15,2,52,2,9,1,1,7,20,8,20,10,16,,67,23,1,22,9,121.5089577,25.04518177
111,2,4,16,53,2,12內湖區,內湖區舊宗路2段213巷與舊宗路2段口,0,0,3,1,C03,6,2,5,50,3,2,1,4,4,5,7,4,4,1,4,5,2,12,1,52,2,9,1,1,7,6,1,10,1,13,,9,9,1,22,9,121.5735467,25.07307275
111,2,4,16,53,2,12內湖區,內湖區舊宗路2段213巷與舊宗路2段口,0,0,3,2,C03,6,2,5,50,3,2,1,4,4,5,7,4,4,1,4,5,2,12,1,20,2,9,1,1,7,9,1,10,1,11,,44,9,1,22,9,121.5735467,25.07307275
111,2,4,16,53,2,12內湖區,內湖區舊宗路2段213巷與舊宗路2段口,0,0,3,3,H02,6,2,5,50,3,2,1,4,4,5,7,4,4,1,4,5,2,12,2,19,2,9,1,5,7,20,8,20,10,16,,67,9,1,22,9,121.5735467,25.07307275
111,2,4,16,59,2,04大安區,大安區安居街與安居街118巷口,0,0,1,1,B01,6,1,5,30,3,1,1,4,4,5,7,4,4,10,5,5,2,17,1,44,3,10,3,4,7,5,1,4,1,5,,6,6,1,22,9,121.552106,25.01856027
111,2,4,16,59,2,04大安區,大安區安居街與安居街118巷口,0,0,1,2,F01,6,1,5,30,3,1,1,4,4,5,7,4,4,10,5,5,2,17,1,91,2,9,1,1,7,9,8,20,1,16,,44,6,1,22,9,121.552106,25.01856027
111,2,4,16,59,2,04大安區,大安區安居街與安居街118巷口,0,0,1,3,C03,6,1,5,30,3,1,1,4,4,5,7,4,4,10,5,5,2,17,1,20,3,10,3,4,7,9,1,10,1,12,,23,6,1,22,9,121.552106,25.01856027
111,2,4,17,0,2,09北投區,(承德路6段120號前),0,0,1,1,B03,7,3,5,40,14,9,1,5,4,5,7,4,4,9,4,4,2,16,1,52,3,10,1,1,7,6,1,8,1,2,,9,9,1,22,9,121.5123334,25.10341496
111,2,4,17,0,2,09北投區,(承德路6段120號前),0,0,1,2,C03,7,3,5,40,14,9,1,5,4,5,7,4,4,9,4,4,2,16,2,36,2,9,1,1,7,9,1,10,1,14,,13,9,1,22,9,121.5123334,25.10341496
111,2,4,17,56,2,02萬華區,萬華區萬大路與東園街口,0,0,1,1,C03,6,3,5,30,4,1,1,4,4,5,7,1,1,1,5,5,2,17,2,69,2,8,1,4,7,9,4,11,2,14,,26,26,1,22,9,121.498644,25.02156881
111,2,4,17,56,2,02萬華區,萬華區萬大路與東園街口,0,0,1,2,A02,6,3,5,30,4,1,1,4,4,5,7,1,1,1,5,5,2,17,1,47,3,10,1,4,7,5,1,1,2,1,,44,26,1,22,9,121.498644,25.02156881
111,2,4,18,24,2,03中山區,中山區復興北路514巷33號,0,0,1,1,C03,7,3,5,50,14,9,1,5,4,5,7,4,4,4,5,5,1,12,1,35,2,9,3,4,7,9,1,10,1,11,,23,23,1,22,9,121.5426477,25.06598344
111,2,4,18,24,2,03中山區,中山區復興北路514巷33號,0,0,1,2,C03,7,3,5,50,14,9,1,5,4,5,7,4,4,4,5,5,1,12,1,27,3,10,3,4,7,5,1,10,1,13,,8,23,1,22,9,121.5426477,25.06598344
111,2,4,18,26,2,09北投區,北投區中央北路2段與新興路口,0,0,1,1,B03,6,3,5,30,4,2,1,4,4,5,7,2,1,5,4,5,1,3,2,41,3,10,1,1,7,5,1,8,1,8,,15,15,1,22,9,121.4869034,25.13830945
111,2,4,18,26,2,09北投區,北投區中央北路2段與新興路口,0,0,1,2,H01,6,3,5,30,4,2,1,4,4,5,7,2,1,5,4,5,1,3,2,59,2,9,4,5,8,16,8,20,1,16,,67,15,1,22,9,121.4869034,25.13830945
111,2,4,18,37,2,06松山區,松山區長春路與慶城街口,0,0,1,1,B02,8,3,5,40,4,2,1,5,4,5,7,2,1,9,4,4,2,12,1,32,3,10,1,1,7,11,1,8,2,4,,10,10,1,22,9,121.5461114,25.05451591
111,2,4,18,37,2,06松山區,松山區長春路與慶城街口,0,0,1,2,C03,8,3,5,40,4,2,1,5,4,5,7,2,1,9,4,4,2,12,1,21,2,8,1,1,7,9,1,10,2,11,,44,10,1,22,9,121.5461114,25.05451591
111,2,4,19,5,2,03中山區,中山區長春路187號,0,0,1,1,C03,8,3,5,50,14,7,1,5,4,5,7,4,4,8,3,4,1,17,2,29,2,9,1,1,7,9,1,10,1,11,,23,23,1,22,9,121.5381736,25.05474874
111,2,4,19,5,2,03中山區,中山區長春路187號,0,0,1,2,F01,8,3,5,50,14,7,1,5,4,5,7,4,4,8,3,4,1,17,1,73,3,10,1,1,7,10,8,20,1,16,,7,23,1,22,9,121.5381736,25.05474874
111,2,4,19,50,2,03中山區,中山區興安街與遼寧街口,0,0,1,1,C03,7,3,5,50,4,1,1,5,4,5,7,1,1,9,5,4,2,17,1,20,2,9,1,1,7,9,1,10,1,14,,13,13,1,22,9,121.5422706,25.05609819
111,2,4,19,50,2,03中山區,中山區興安街與遼寧街口,0,0,1,2,B03,7,3,5,50,4,1,1,5,4,5,7,1,1,9,5,4,2,17,1,41,3,10,1,1,7,14,1,8,1,7,,38,13,1,22,9,121.5422706,25.05609819
111,2,4,19,50,2,03中山區,中山區興安街與遼寧街口,0,0,1,3,B03,7,3,5,50,4,1,1,5,4,5,7,1,1,9,5,4,2,17,1,57,3,10,1,1,7,5,1,8,11,15,,6,13,1,22,9,121.5422706,25.05609819
111,2,4,22,7,2,02萬華區,萬華區洛陽街與忠孝西路2段16巷口,0,0,1,1,C03,6,3,5,50,3,1,1,4,4,5,7,3,1,5,2,5,1,17,1,26,2,9,1,1,7,5,1,10,1,13,,6,6,1,22,9,121.5083341,25.0473584
111,2,4,22,7,2,02萬華區,萬華區洛陽街與忠孝西路2段16巷口,0,0,1,2,B03,6,3,5,50,3,1,1,4,4,5,7,3,1,5,2,5,1,17,1,48,3,10,1,1,7,9,1,8,1,8,,14,6,1,22,9,121.5083341,25.0473584
111,2,4,22,15,2,07信義區,信義區忠孝東路5段372巷與忠孝東路5段236巷3弄口,0,0,2,1,C03,6,3,5,30,4,1,1,4,4,5,3,4,4,10,5,5,2,9,1,28,3,10,1,1,7,9,1,10,1,14,,6,6,1,22,9,121.5740223,25.04036317
111,2,4,22,15,2,07信義區,信義區忠孝東路5段372巷與忠孝東路5段236巷3弄口,0,0,2,2,H02,6,3,5,30,4,1,1,4,4,5,3,4,4,10,5,5,2,9,2,29,2,8,4,5,7,20,8,20,10,16,,67,6,1,22,9,121.5740223,25.04036317
111,2,4,22,15,2,07信義區,信義區忠孝東路5段372巷與忠孝東路5段236巷3弄口,0,0,2,3,C03,6,3,5,30,4,1,1,4,4,5,3,4,4,10,5,5,2,9,2,21,2,8,1,1,7,9,1,10,1,11,,14,6,1,22,9,121.5740223,25.04036317
111,2,4,22,55,2,07信義區,信義區吳興街583巷與吳興街583巷3弄口口,0,0,1,1,C03,6,3,5,30,4,1,1,4,4,3,7,4,4,10,5,5,2,15,1,29,3,10,1,1,7,9,6,10,2,12,,6,6,1,21,8,121.5696264,25.02218231
111,2,4,22,55,2,07信義區,信義區吳興街583巷與吳興街583巷3弄口口,0,0,1,2,C03,6,3,5,30,4,1,1,4,4,3,7,4,4,10,5,5,2,15,1,32,2,7,1,1,7,9,1,10,2,11,,6,6,1,21,8,121.5696264,25.02218231
111,2,5,6,14,2,05中正區,中正區市民大道3段與新生北路1段口,0,0,2,1,C03,7,1,5,50,4,2,1,5,4,5,7,1,1,1,4,1,2,16,1,44,2,9,1,1,7,9,1,10,2,12,,13,13,1,22,9,121.5328119,25.0452427
111,2,5,6,14,2,05中正區,中正區市民大道3段與新生北路1段口,0,0,2,2,F01,7,1,5,50,4,2,1,5,4,5,7,1,1,1,4,1,2,16,2,75,2,8,1,1,7,9,8,20,2,16,,25,13,1,22,9,121.5328119,25.0452427
111,2,5,7,47,2,04大安區,大安區忠孝東路4段216巷8弄12號,0,0,1,1,C03,7,1,5,30,14,9,1,4,4,5,7,4,4,10,5,5,2,17,1,49,3,10,3,4,7,7,1,10,1,15,,7,7,1,22,9,121.5522007,25.04084491
111,2,5,7,47,2,04大安區,大安區忠孝東路4段216巷8弄12號,0,0,1,2,C03,7,1,5,30,14,9,1,4,4,5,7,4,4,10,5,5,2,17,1,23,2,8,3,4,7,9,1,10,1,14,,44,7,1,22,9,121.5522007,25.04084491
111,2,5,8,12,2,12內湖區,內湖區潭美街西往東編號097路燈桿,0,0,2,1,B03,6,1,5,40,11,9,1,4,4,5,7,4,4,9,4,5,2,17,4,,4,11,3,4,7,10,7,19,11,15,,43,43,2,22,9,121.6101438,25.06252505
111,2,5,8,12,2,12內湖區,內湖區潭美街西往東編號097路燈桿,0,0,2,2,B12,6,1,5,40,11,9,1,4,4,5,7,4,4,9,4,5,2,17,1,19,2,8,1,1,7,5,1,8,1,1,,43,43,1,22,9,121.6101438,25.06252505
111,2,5,8,12,2,12內湖區,內湖區潭美街西往東編號097路燈桿,0,0,2,3,H02,6,1,5,40,11,9,1,4,4,5,7,4,4,9,4,5,2,17,2,37,2,9,1,5,7,20,8,20,10,15,,67,43,1,22,9,121.6101438,25.06252505
111,2,5,8,12,2,12內湖區,內湖區潭美街西往東編號097路燈桿,0,0,2,4,,6,1,5,40,11,9,1,4,4,5,7,4,4,9,4,5,2,17,3,,,,,,,,,,,,,67,43,1,,,121.6101438,25.06252505
111,2,5,8,34,2,03中山區,中山區林森北路與農安街口,0,0,1,1,B01,7,1,5,50,4,1,1,5,4,5,7,1,1,5,5,5,2,17,1,61,3,10,1,1,7,5,1,4,1,1,,8,8,1,22,9,121.5256868,25.06490756
111,2,5,8,34,2,03中山區,中山區林森北路與農安街口,0,0,1,2,C03,7,1,5,50,4,1,1,5,4,5,7,1,1,5,5,5,2,17,2,22,2,9,1,1,7,9,1,10,1,14,,44,8,1,22,9,121.5256868,25.06490756
111,2,5,10,20,2,09北投區,北投區石牌路1段39巷與石牌路1段39巷131弄口,0,0,2,1,C03,8,1,5,30,4,1,1,5,4,5,7,4,4,10,5,5,2,15,1,51,2,9,1,1,7,9,1,10,1,14,,6,6,1,22,9,121.5086022,25.11808087
111,2,5,10,20,2,09北投區,北投區石牌路1段39巷與石牌路1段39巷131弄口,0,0,2,2,C03,8,1,5,30,4,1,1,5,4,5,7,4,4,10,5,5,2,15,2,72,2,9,1,1,7,9,1,10,1,11,,44,6,1,22,9,121.5086022,25.11808087
111,2,5,10,25,2,08士林區,士林區忠誠路2段166巷與忠誠路2段166巷29弄口,0,0,1,1,B02,7,1,5,30,4,1,1,5,4,5,7,4,4,10,5,5,2,17,1,32,3,10,1,1,7,9,1,8,2,1,,6,6,1,22,9,121.5323514,25.11594293
111,2,5,10,25,2,08士林區,士林區忠誠路2段166巷與忠誠路2段166巷29弄口,0,0,1,2,C03,7,1,5,30,4,1,1,5,4,5,7,4,4,10,5,5,2,17,1,70,2,7,1,1,7,9,1,10,2,11,,14,6,1,22,9,121.5323514,25.11594293
111,2,5,10,29,2,04大安區,大安區市民大道4段28號,0,0,3,1,C03,7,1,5,40,14,9,1,5,4,5,7,4,4,1,4,5,2,13,2,26,2,9,1,1,7,5,1,10,1,13,,6,6,1,22,9,121.5451998,25.0448886
111,2,5,10,29,2,04大安區,大安區市民大道4段28號,0,0,3,2,C03,7,1,5,40,14,9,1,5,4,5,7,4,4,1,4,5,2,13,2,21,2,9,1,1,7,9,1,10,1,11,,44,6,1,22,9,121.5451998,25.0448886
111,2,5,10,29,2,04大安區,大安區市民大道4段28號,0,0,3,3,H02,7,1,5,40,14,9,1,5,4,5,7,4,4,1,4,5,2,13,1,21,2,9,4,1,7,20,8,20,10,16,,67,6,1,22,9,121.5451998,25.0448886
111,2,5,10,30,2,09北投區,北投區尊賢街239號與尊賢街口,0,0,1,1,C03,7,1,5,30,14,9,1,5,4,5,7,4,4,9,4,5,2,12,2,52,3,10,1,1,7,11,1,10,1,14,,10,10,1,22,9,121.5076296,25.11618823
111,2,5,10,30,2,09北投區,北投區尊賢街239號與尊賢街口,0,0,1,2,C03,7,1,5,30,14,9,1,5,4,5,7,4,4,9,4,5,2,12,2,32,2,9,1,1,7,9,1,10,1,12,,44,10,1,22,9,121.5076296,25.11618823
111,2,5,10,30,2,09北投區,北投區榮華三路與榮華三路24巷口,0,0,1,1,B01,8,1,5,30,3,1,1,5,4,5,7,4,4,9,4,5,2,16,1,56,3,10,1,1,7,5,1,4,1,8,,6,6,1,22,9,121.5215388,25.11394909
111,2,5,10,30,2,09北投區,北投區榮華三路與榮華三路24巷口,0,0,1,2,C03,8,1,5,30,3,1,1,5,4,5,7,4,4,9,4,5,2,16,1,46,2,7,1,1,7,9,1,10,1,11,,23,6,1,22,9,121.5215388,25.11394909
111,2,5,10,45,2,05中正區,中正區市民大道3段8號,0,0,1,1,C03,8,1,5,40,14,9,1,5,4,5,7,4,4,9,4,1,2,13,2,21,2,8,1,1,7,9,1,10,2,11,,16,16,1,22,9,121.5319139,25.04560391
111,2,5,10,45,2,05中正區,中正區市民大道3段8號,0,0,1,2,B03,8,1,5,40,14,9,1,5,4,5,7,4,4,9,4,1,2,13,1,56,3,10,1,1,7,9,1,8,2,15,,42,16,1,22,9,121.5319139,25.04560391
111,2,5,10,50,2,03中山區,中山區建國北路2段與長春路口,0,0,1,1,B03,7,1,5,50,4,1,1,5,4,5,7,1,1,9,5,4,2,13,2,56,3,10,1,1,7,6,1,8,1,6,,9,9,1,22,9,121.5370823,25.05479245
111,2,5,10,50,2,03中山區,中山區建國北路2段與長春路口,0,0,1,2,C03,7,1,5,50,4,1,1,5,4,5,7,1,1,9,5,4,2,13,1,50,2,8,1,1,7,9,1,10,1,11,,44,9,1,22,9,121.5370823,25.05479245
111,2,5,11,0,2,05中正區,中正區羅斯福路1段與愛國西路附近口,0,0,2,1,C03,7,1,5,50,4,2,1,4,4,5,7,1,1,1,4,5,1,17,2,33,2,9,1,1,7,9,1,10,2,11,,23,23,1,22,9,121.5159611,25.03462955
111,2,5,11,0,2,05中正區,中正區羅斯福路1段與愛國西路附近口,0,0,2,2,C03,7,1,5,50,4,2,1,4,4,5,7,1,1,1,4,5,1,17,1,26,3,10,1,1,7,9,1,10,2,11,,16,23,1,22,9,121.5159611,25.03462955
111,2,5,11,0,2,05中正區,中正區羅斯福路1段與愛國西路附近口,0,0,2,3,C03,7,1,5,50,4,2,1,4,4,5,7,1,1,1,4,5,1,17,1,32,3,10,1,1,7,15,1,9,2,13,,44,23,1,22,9,121.5159611,25.03462955
111,2,5,11,0,2,05中正區,中正區羅斯福路1段與愛國西路附近口,0,0,2,4,H02,7,1,5,50,4,2,1,4,4,5,7,1,1,1,4,5,1,17,2,24,2,9,1,5,7,20,8,20,10,16,,67,23,1,22,9,121.5159611,25.03462955
111,2,5,11,26,2,05中正區,中正區中華路2段與西藏路口,0,0,1,1,C03,7,1,5,50,4,2,1,5,4,5,7,1,1,1,4,5,2,11,1,25,4,11,3,4,7,15,7,19,11,15,,42,42,2,22,9,121.5042794,25.03000468
111,2,5,11,26,2,05中正區,中正區中華路2段與西藏路口,0,0,1,2,F01,7,1,5,50,4,2,1,5,4,5,7,1,1,1,4,5,2,11,2,74,2,8,1,1,7,5,8,20,1,16,,26,42,1,22,9,121.5042794,25.03000468
111,2,5,11,38,2,05中正區,中正區愛國西路與公園路口,0,0,1,1,C03,7,1,5,50,14,9,1,5,4,5,7,1,1,1,4,1,2,15,2,42,3,10,1,1,7,9,1,10,2,15,,42,42,1,22,9,121.5152622,25.03480652
111,2,5,11,38,2,05中正區,中正區愛國西路與公園路口,0,0,1,2,C03,7,1,5,50,14,9,1,5,4,5,7,1,1,1,4,1,2,15,1,19,2,9,1,1,7,9,1,10,2,12,,42,42,1,22,9,121.5152622,25.03480652
111,2,5,11,45,2,11南港區,南港區市民大道7段與東新街口,0,0,1,1,B03,6,1,5,50,4,1,1,4,4,5,7,1,1,4,3,5,2,11,2,46,3,10,1,1,7,5,1,8,1,6,,6,6,1,22,9,121.5838488,25.04960476
111,2,5,11,45,2,11南港區,南港區市民大道7段與東新街口,0,0,1,2,C03,6,1,5,50,4,1,1,4,4,5,7,1,1,4,3,5,2,11,1,59,2,7,1,1,7,9,1,10,1,11,,44,6,1,22,9,121.5838488,25.04960476
111,2,5,12,22,2,08士林區,士林區福林路與忠勇街口,0,0,1,1,C03,7,1,5,50,4,1,1,5,4,5,7,2,1,4,3,5,1,15,1,33,3,10,1,1,7,9,1,10,2,11,,25,25,1,22,9,121.5344447,25.09795559
111,2,5,12,22,2,08士林區,士林區福林路與忠勇街口,0,0,1,2,C03,7,1,5,50,4,1,1,5,4,5,7,2,1,4,3,5,1,15,2,60,2,8,1,1,7,9,3,18,2,14,,44,25,1,22,9,121.5344447,25.09795559
111,2,5,12,30,2,03中山區,中山區民權東路2段92巷與松江路362巷口,0,0,1,1,B12,7,1,5,30,4,1,1,5,4,5,7,4,4,10,5,5,2,15,1,72,3,10,1,1,7,9,1,7,1,1,,6,6,1,22,9,121.5317312,25.06196853
111,2,5,12,30,2,03中山區,中山區民權東路2段92巷與松江路362巷口,0,0,1,2,C04,7,1,5,30,4,1,1,5,4,5,7,4,4,10,5,5,2,15,1,70,2,9,1,1,7,9,3,18,1,14,,14,6,1,22,9,121.5317312,25.06196853
111,2,5,13,2,2,12內湖區,內湖區康樂街111巷與康樂街61巷口,0,0,1,1,B03,8,1,5,30,4,1,1,5,4,5,7,4,4,10,5,5,2,15,1,53,3,10,1,1,7,9,1,8,1,1,,6,6,1,22,9,121.6197905,25.07070173
111,2,5,13,2,2,12內湖區,內湖區康樂街111巷與康樂街61巷口,0,0,1,2,C03,8,1,5,30,4,1,1,5,4,5,7,4,4,10,5,5,2,15,1,53,2,9,1,1,7,9,1,10,1,12,,44,6,1,22,9,121.6197905,25.07070173
111,2,5,13,7,2,12內湖區,內湖區內湖路2段與內湖路3段口,0,0,1,1,C03,7,1,5,50,3,1,1,5,4,5,7,4,4,10,5,5,2,18,2,70,2,7,1,1,7,5,1,10,1,12,,42,42,1,22,9,121.5929686,25.08411542
111,2,5,13,7,2,12內湖區,內湖區內湖路2段與內湖路3段口,0,0,1,2,,7,1,5,50,3,1,1,5,4,5,7,4,4,10,5,5,2,18,3,,,,,,,,,,,,,67,42,1,,,121.5929686,25.08411542
111,2,5,13,7,2,07信義區,信義區永吉路278巷與永吉路278巷57弄口口,0,0,2,1,C03,7,1,5,30,4,1,1,5,4,5,7,4,4,10,5,5,2,15,1,34,2,9,1,1,7,9,1,10,2,14,,6,6,1,22,9,121.5741474,25.04339815
111,2,5,13,7,2,07信義區,信義區永吉路278巷與永吉路278巷57弄口口,0,0,2,2,C03,7,1,5,30,4,1,1,5,4,5,7,4,4,10,5,5,2,15,1,18,2,9,1,1,7,9,1,10,2,11,,13,6,1,22,9,121.5741474,25.04339815
111,2,5,13,7,2,07信義區,信義區永吉路278巷與永吉路278巷57弄口口,0,0,2,3,C03,7,1,5,30,4,1,1,5,4,5,7,4,4,10,5,5,2,15,1,52,4,11,3,4,7,21,7,19,11,15,,44,6,1,22,9,121.5741474,25.04339815
111,2,5,13,7,2,07信義區,信義區永吉路278巷與永吉路278巷57弄口口,0,0,2,4,C03,7,1,5,30,4,1,1,5,4,5,7,4,4,10,5,5,2,15,1,52,4,11,3,4,7,21,7,19,11,15,,44,6,1,22,9,121.5741474,25.04339815
111,2,5,13,7,2,07信義區,信義區永吉路278巷與永吉路278巷57弄口口,0,0,2,5,C03,7,1,5,30,4,1,1,5,4,5,7,4,4,10,5,5,2,15,2,34,4,11,3,4,7,21,7,19,11,15,,44,6,1,22,9,121.5741474,25.04339815
111,2,5,13,7,2,07信義區,信義區永吉路278巷與永吉路278巷57弄口口,0,0,2,6,C03,7,1,5,30,4,1,1,5,4,5,7,4,4,10,5,5,2,15,1,32,4,11,3,4,7,21,7,19,11,15,,44,6,1,22,9,121.5741474,25.04339815
111,2,5,13,7,2,07信義區,信義區永吉路278巷與永吉路278巷57弄口口,0,0,2,7,C03,7,1,5,30,4,1,1,5,4,5,7,4,4,10,5,5,2,15,1,45,4,11,3,4,7,21,7,19,11,15,,44,6,1,22,9,121.5741474,25.04339815
111,2,5,13,7,2,07信義區,信義區永吉路278巷與永吉路278巷57弄口口,0,0,2,8,C03,7,1,5,30,4,1,1,5,4,5,7,4,4,10,5,5,2,15,1,71,4,11,3,4,7,21,7,19,11,15,,44,6,1,22,9,121.5741474,25.04339815
111,2,5,13,53,2,07信義區,信義區光復南路348號對面,0,0,2,1,C03,8,1,5,50,14,9,1,5,4,5,7,4,4,1,4,4,1,13,2,30,2,9,3,4,7,9,1,10,1,11,,16,16,1,22,9,121.5576225,25.03835124
111,2,5,13,53,2,07信義區,信義區光復南路348號對面,0,0,2,2,C03,8,1,5,50,14,9,1,5,4,5,7,4,4,1,4,4,1,13,1,58,2,9,3,4,7,9,1,10,1,13,,44,16,1,22,9,121.5576225,25.03835124
111,2,5,13,53,2,07信義區,信義區光復南路348號對面,0,0,2,3,C03,8,1,5,50,14,9,1,5,4,5,7,4,4,1,4,4,1,13,1,26,3,10,3,4,7,5,1,10,1,15,,8,16,1,22,9,121.5576225,25.03835124
111,2,5,15,8,2,03中山區,中山區林森北路380號,0,0,3,1,C03,7,1,5,50,14,9,1,5,4,5,7,4,4,9,4,5,2,16,2,24,2,9,1,4,7,11,1,10,1,14,,10,10,1,22,9,121.5255235,25.05857139
111,2,5,15,8,2,03中山區,中山區林森北路380號,0,0,3,2,C03,7,1,5,50,14,9,1,5,4,5,7,4,4,9,4,5,2,16,2,36,2,9,1,4,7,9,6,10,1,12,,13,10,1,22,9,121.5255235,25.05857139
111,2,5,15,8,2,03中山區,中山區林森北路380號,0,0,3,3,H02,7,1,5,50,14,9,1,5,4,5,7,4,4,9,4,5,2,16,2,23,2,9,4,5,7,20,8,20,10,16,,67,10,1,22,9,121.5255235,25.05857139
111,2,5,15,45,2,03中山區,中山區民權東路2段180號,0,0,1,1,B03,7,1,5,50,14,9,1,5,4,5,7,4,4,3,4,5,2,13,1,59,3,10,1,1,7,10,1,8,1,3,,7,7,1,22,9,121.535746,25.06236006
111,2,5,15,45,2,03中山區,中山區民權東路2段180號,0,0,1,2,C03,7,1,5,50,14,9,1,5,4,5,7,4,4,3,4,5,2,13,1,18,2,9,1,1,7,9,1,10,1,11,,23,7,1,22,9,121.535746,25.06236006
111,2,5,15,45,2,11南港區,南港區三重路與經貿二路口,0,0,2,1,B03,7,1,5,50,4,1,1,5,4,5,7,4,4,4,3,5,2,16,1,30,3,10,1,1,7,6,1,8,1,6,,6,6,1,22,9,121.6143042,25.06002929
111,2,5,15,45,2,11南港區,南港區三重路與經貿二路口,0,0,2,2,C03,7,1,5,50,4,1,1,5,4,5,7,4,4,4,3,5,2,16,1,54,2,9,1,1,7,9,1,10,1,14,,44,6,1,22,9,121.6143042,25.06002929
111,2,5,15,45,2,11南港區,南港區三重路與經貿二路口,0,0,2,3,H02,7,1,5,50,4,1,1,5,4,5,7,4,4,4,3,5,2,16,2,53,2,9,1,1,7,21,8,20,10,16,,67,6,1,22,9,121.6143042,25.06002929
111,2,5,16,30,2,12內湖區,內湖區新湖一路與新湖一路339巷口,0,0,1,1,B03,7,1,5,40,4,1,1,5,4,5,7,1,1,10,5,5,2,16,1,29,3,10,1,1,7,11,3,18,1,4,,10,10,1,22,9,121.5839474,25.06339787