發生年度,發生月,發生日,發生時-Hours,發生分,處理別-編號,區序,肇事地點,死亡人數,2-30日死亡人數,受傷人數,當事人序號,車種,天候,光線,道路類別,速限-速度限制,道路型態,事故位置,路面狀況1,路面狀況2,路面狀況3,道路障礙1,道路障礙2,號誌1,號誌2,車道劃分-分向,車道劃分-分道1,車道劃分-分道2,車道劃分-分道3,事故類型及型態,性別,年齡,受傷程度,主要傷處,安全帽,行動電話,車輛用途,當事者行動狀態,駕駛資格情形,駕駛執照種類,飲酒情形,車輛撞擊部位1,車輛撞擊部位2,肇因碼-個別,肇因碼-主要,個人肇逃否,職業,旅次目的,座標-X,座標-Y
111,2,5,16,30,2,12內湖區,內湖區新湖一路與新湖一路339巷口,0,0,1,2,C03,7,1,5,40,4,1,1,5,4,5,7,1,1,10,5,5,2,16,1,34,3,10,1,1,7,15,1,10,1,12,,44,10,1,22,9,121.5839474,25.06339787
111,2,5,16,30,2,12內湖區,內湖區新湖一路與新湖一路339巷口,0,0,1,3,H02,7,1,5,40,4,1,1,5,4,5,7,1,1,10,5,5,2,16,2,39,2,8,1,1,7,20,8,20,10,16,,67,10,1,22,9,121.5839474,25.06339787
111,2,5,16,34,2,03中山區,中山區新生北路2段與林森北路口,0,0,1,1,B01,8,1,5,30,4,1,1,5,4,5,7,4,4,9,5,5,2,16,1,51,3,10,3,4,7,5,1,4,1,15,,23,23,1,22,9,121.5255197,25.0574826
111,2,5,16,34,2,03中山區,中山區新生北路2段與林森北路口,0,0,1,2,C03,8,1,5,30,4,1,1,5,4,5,7,4,4,9,5,5,2,16,1,49,2,8,1,1,7,14,1,10,1,15,,44,23,1,22,9,121.5255197,25.0574826
111,2,5,17,0,2,03中山區,中山區市民大道3段與八德路2段口,0,0,1,1,C03,8,1,5,40,4,1,1,5,4,5,7,2,1,1,4,4,2,13,2,33,2,8,1,4,7,9,1,10,1,11,,16,16,1,22,9,121.5349525,25.04511881
111,2,5,17,0,2,03中山區,中山區市民大道3段與八德路2段口,0,0,1,2,B03,8,1,5,40,4,1,1,5,4,5,7,2,1,1,4,4,2,13,1,45,3,10,3,4,7,6,1,8,1,7,,9,16,1,22,9,121.5349525,25.04511881
111,2,5,17,10,2,04大安區,大安區復興南路1段與復興南路1段135巷口,0,0,1,1,B03,7,1,5,30,3,2,1,5,4,5,7,4,4,1,4,5,2,9,1,57,3,10,3,4,7,5,1,8,2,8,,15,15,1,22,9,121.5439688,25.04252257
111,2,5,17,10,2,04大安區,大安區復興南路1段與復興南路1段135巷口,0,0,1,2,H01,7,1,5,30,3,2,1,5,4,5,7,4,4,1,4,5,2,9,2,58,2,9,4,5,8,20,8,20,10,16,,67,15,1,22,9,121.5439688,25.04252257
111,2,5,18,6,2,04大安區,大安區大安路1段與敦化南路1段190巷口,0,0,1,1,B01,7,3,5,50,4,1,1,5,4,5,7,4,4,9,4,5,2,15,1,58,3,10,1,1,7,9,1,2,1,1,,6,6,1,22,9,121.5462104,25.04264542
111,2,5,18,6,2,04大安區,大安區大安路1段與敦化南路1段190巷口,0,0,1,2,C03,7,3,5,50,4,1,1,5,4,5,7,4,4,9,4,5,2,15,1,34,2,8,1,1,7,9,1,9,1,12,,44,6,1,22,9,121.5462104,25.04264542
111,2,5,18,10,2,08士林區,士林區文林路519號,0,0,3,1,C03,8,1,5,50,14,9,1,5,4,5,7,4,4,5,5,5,2,3,1,21,2,7,1,1,7,9,1,10,1,11,,23,23,1,22,9,121.5240581,25.09713175
111,2,5,18,10,2,08士林區,士林區文林路519號,0,0,3,2,H01,8,1,5,50,14,9,1,5,4,5,7,4,4,5,5,5,2,3,1,69,2,8,4,5,8,16,8,20,10,16,,51,23,1,22,9,121.5240581,25.09713175
111,2,5,18,10,2,08士林區,士林區文林路519號,0,0,3,3,H01,8,1,5,50,14,9,1,5,4,5,7,4,4,5,5,5,2,3,2,64,2,8,4,5,8,16,8,20,10,16,,51,23,1,22,9,121.5240581,25.09713175
111,2,5,18,25,2,12內湖區,內湖區港墘路33號前,0,0,1,1,B03,8,3,5,40,14,9,1,5,4,5,7,4,4,1,4,5,2,17,1,50,3,10,1,1,7,9,1,8,1,2,,23,23,1,22,9,121.5783112,25.08233074
111,2,5,18,25,2,12內湖區,內湖區港墘路33號前,0,0,1,2,B03,8,3,5,40,14,9,1,5,4,5,7,4,4,1,4,5,2,17,1,64,2,9,3,1,7,13,1,8,1,4,,38,23,1,22,9,121.5783112,25.08233074
111,2,5,18,37,2,07信義區,信義區莊敬路447號,0,0,1,1,F01,8,1,5,0,14,9,1,5,4,5,7,4,4,9,4,4,2,12,1,85,2,9,1,1,7,1,8,20,2,16,,19,19,1,22,9,121.5673011,25.02700797
111,2,5,18,37,2,07信義區,信義區莊敬路447號,0,0,1,2,B01,8,1,5,0,14,9,1,5,4,5,7,4,4,9,4,4,2,12,1,62,3,10,1,1,7,9,1,4,2,1,,14,19,1,22,9,121.5673011,25.02700797
111,2,5,18,48,2,04大安區,大安區信義路4段294巷與文昌街口,0,0,1,1,B03,7,3,5,50,4,2,1,5,4,5,7,2,1,5,2,5,1,13,1,43,3,10,3,4,7,9,1,8,1,1,,23,23,1,22,9,121.5542454,25.03253075
111,2,5,18,48,2,04大安區,大安區信義路4段294巷與文昌街口,0,0,1,2,C03,7,3,5,50,4,2,1,5,4,5,7,2,1,5,2,5,1,13,2,40,2,9,1,1,7,14,1,10,1,13,,44,23,1,22,9,121.5542454,25.03253075
111,2,5,19,42,2,05中正區,中正區館前路與北平西路口,0,0,1,1,C03,7,3,5,50,3,1,1,5,4,5,1,4,4,10,4,5,1,12,1,21,3,10,1,1,7,6,1,10,2,12,,9,9,1,22,9,121.5150939,25.04746823
111,2,5,19,42,2,05中正區,中正區館前路與北平西路口,0,0,1,2,C03,7,3,5,50,3,1,1,5,4,5,1,4,4,10,4,5,1,12,1,36,2,9,1,1,7,9,1,10,2,11,,44,9,1,22,9,121.5150939,25.04746823
111,2,5,20,2,2,12內湖區,內湖區大湖山莊街120巷與大湖山莊街口,0,0,1,1,B12,6,3,5,30,4,1,1,4,4,5,7,4,4,5,5,5,2,16,1,58,3,10,1,1,7,9,1,8,1,8,,6,6,1,22,9,121.6020092,25.08442352
111,2,5,20,2,2,12內湖區,內湖區大湖山莊街120巷與大湖山莊街口,0,0,1,2,C03,6,3,5,30,4,1,1,4,4,5,7,4,4,5,5,5,2,16,1,19,2,7,1,1,7,9,1,10,1,11,,23,6,1,22,9,121.6020092,25.08442352
111,2,5,20,55,2,03中山區,中山區建國北路2段96巷與建國北路2段口,0,0,1,1,C03,8,3,5,50,3,1,1,5,4,5,7,4,4,1,3,5,1,17,1,28,3,10,1,1,7,6,1,10,2,13,,44,44,1,22,9,121.5366577,25.05744245
111,2,5,20,55,2,03中山區,中山區建國北路2段96巷與建國北路2段口,0,0,1,2,C04,8,3,5,50,3,1,1,5,4,5,7,4,4,1,3,5,1,17,2,52,2,9,1,1,7,9,1,10,2,11,,16,44,1,22,9,121.5366577,25.05744245
111,2,5,21,36,2,01大同區,大同區承德路1段與南京西路口,0,0,2,1,C03,7,3,5,50,4,1,1,5,4,5,7,2,1,1,4,5,2,16,1,33,2,8,1,1,7,6,1,10,2,12,,9,9,1,22,9,121.5177872,25.05323241
111,2,5,21,36,2,01大同區,大同區承德路1段與南京西路口,0,0,2,2,C03,7,3,5,50,4,1,1,5,4,5,7,2,1,1,4,5,2,16,1,26,2,8,1,1,7,9,1,10,2,14,,44,9,1,22,9,121.5177872,25.05323241
111,2,5,22,5,2,03中山區,中山區民族東路512巷與民族東路512巷13弄口,0,0,1,1,C04,7,3,5,30,4,1,1,5,4,5,5,4,4,10,5,5,2,16,2,63,2,9,1,4,7,9,1,8,2,12,14,6,6,1,22,9,121.5420202,25.0674341
111,2,5,22,5,2,03中山區,中山區民族東路512巷與民族東路512巷13弄口,0,0,1,2,B03,7,3,5,30,4,1,1,5,4,5,5,4,4,10,5,5,2,16,1,61,3,10,1,4,7,15,1,8,2,8,,14,6,1,22,9,121.5420202,25.0674341
111,2,5,22,10,2,09北投區,北投區東華街1段與東陽街口,0,0,1,1,B03,8,3,5,30,4,2,1,5,4,5,7,2,1,1,5,5,1,3,1,25,3,10,1,1,7,5,1,8,1,8,,15,15,1,22,9,121.5174935,25.1122898
111,2,5,22,10,2,09北投區,北投區東華街1段與東陽街口,0,0,1,2,H01,8,3,5,30,4,2,1,5,4,5,7,2,1,1,5,5,1,3,2,57,2,9,4,5,8,16,8,20,10,16,,67,15,1,22,9,121.5174935,25.1122898
111,2,5,23,22,2,04大安區,大安區大安路1段與四維路52巷口,0,0,1,1,C03,7,3,5,30,4,1,1,5,4,5,7,4,4,10,5,5,2,15,1,61,2,9,1,1,7,9,1,10,1,12,,6,6,1,22,9,121.5460084,25.0351225
111,2,5,23,22,2,04大安區,大安區大安路1段與四維路52巷口,0,0,1,2,B01,7,3,5,30,4,1,1,5,4,5,7,4,4,10,5,5,2,15,1,56,3,10,1,1,7,9,1,4,1,1,,44,6,1,22,9,121.5460084,25.0351225
111,2,6,0,7,2,03中山區,中山區大直街與北安路口,0,0,2,1,C03,8,3,5,50,4,1,1,5,4,5,7,1,1,1,3,5,1,16,1,28,2,9,1,1,7,5,1,10,2,12,,8,8,1,22,9,121.5492507,25.08404623
111,2,6,0,7,2,03中山區,中山區大直街與北安路口,0,0,2,2,C03,8,3,5,50,4,1,1,5,4,5,7,1,1,1,3,5,1,16,2,20,2,9,1,1,7,9,1,10,2,11,,44,8,1,22,9,121.5492507,25.08404623
111,2,6,0,8,2,07信義區,信義區松仁路與松壽路口,0,0,1,1,C03,8,3,5,50,4,1,1,5,4,5,7,2,1,5,4,5,2,16,1,20,2,8,1,1,7,5,1,10,2,12,,44,44,1,21,8,121.5681746,25.03582585
111,2,6,0,8,2,07信義區,信義區松仁路與松壽路口,0,0,1,2,B01,8,3,5,50,4,1,1,5,4,5,7,2,1,5,4,5,2,16,1,61,3,10,1,1,7,5,1,4,2,4,,8,44,1,21,8,121.5681746,25.03582585
111,2,6,1,21,2,10文山區,文山區興隆路3段211號,0,0,1,1,C03,7,3,5,50,14,9,1,5,4,5,7,4,4,1,4,5,2,17,1,19,2,9,1,2,7,9,1,10,2,11,,42,42,1,22,9,121.5596911,24.99471328
111,2,6,1,21,2,10文山區,文山區興隆路3段211號,0,0,1,2,C04,7,3,5,50,14,9,1,5,4,5,7,4,4,1,4,5,2,17,2,26,3,10,3,1,7,15,7,19,11,12,,44,42,1,22,9,121.5596911,24.99471328
111,2,6,1,21,2,10文山區,文山區興隆路3段211號,0,0,1,3,C03,7,3,5,50,14,9,1,5,4,5,7,4,4,1,4,5,2,17,1,34,3,10,3,1,7,13,7,19,11,12,,44,42,1,22,9,121.5596911,24.99471328
111,2,6,1,21,2,10文山區,文山區興隆路3段211號,0,0,1,4,C03,7,3,5,50,14,9,1,5,4,5,7,4,4,1,4,5,2,17,1,36,4,11,3,4,7,21,7,19,11,15,,44,42,1,22,9,121.5596911,24.99471328
111,2,6,1,21,2,10文山區,文山區興隆路3段211號,0,0,1,5,C03,7,3,5,50,14,9,1,5,4,5,7,4,4,1,4,5,2,17,1,39,3,10,3,1,7,13,7,19,11,12,,44,42,1,22,9,121.5596911,24.99471328
111,2,6,1,21,2,10文山區,文山區興隆路3段211號,0,0,1,6,C02,7,3,5,50,14,9,1,5,4,5,7,4,4,1,4,5,2,17,1,41,4,11,3,1,7,21,7,19,11,15,,44,42,1,22,9,121.5596911,24.99471328
111,2,6,1,29,2,02萬華區,萬華區環河南路2段與長順街口,0,0,2,1,C03,7,3,5,30,4,1,1,5,4,5,7,1,1,9,5,5,2,17,1,14,2,7,1,4,7,5,2,18,1,13,,6,6,1,22,9,121.4907547,25.03134834
111,2,6,1,29,2,02萬華區,萬華區環河南路2段與長順街口,0,0,2,2,C03,7,3,5,30,4,1,1,5,4,5,7,1,1,9,5,5,2,17,1,18,2,9,1,4,7,9,1,10,1,11,,13,6,1,22,9,121.4907547,25.03134834
111,2,6,2,23,2,02萬華區,萬華區中華路1段與漢口街2段口,0,0,2,2,C03,8,3,5,0,4,2,1,5,4,5,7,2,1,1,4,1,2,3,1,27,2,9,1,1,7,9,1,10,1,11,,44,67,1,22,9,121.508862,25.0457408
111,2,6,2,23,2,02萬華區,萬華區中華路1段與漢口街2段口,0,0,2,1,H01,8,3,5,0,4,2,1,5,4,5,7,2,1,1,4,1,2,3,2,57,2,9,4,5,8,16,8,20,10,16,,67,67,1,22,9,121.508862,25.0457408
111,2,6,5,55,2,11南港區,南港區忠孝東路5段與中坡北路口,0,0,3,1,H01,7,3,5,50,4,2,1,5,4,5,7,2,1,1,3,5,1,9,1,68,2,9,3,4,8,16,8,20,10,16,,60,60,1,22,9,121.5819034,25.0442501
111,2,6,5,55,2,11南港區,南港區忠孝東路5段與中坡北路口,0,0,3,2,C03,7,3,5,50,4,2,1,5,4,5,7,2,1,1,3,5,1,9,1,74,2,9,3,4,7,9,1,10,2,11,,42,60,1,22,9,121.5819034,25.0442501
111,2,6,5,55,2,11南港區,南港區忠孝東路5段與中坡北路口,0,0,3,3,C03,7,3,5,50,4,2,1,5,4,5,7,2,1,1,3,5,1,9,1,46,2,9,3,4,7,9,1,10,2,11,,42,60,1,22,9,121.5819034,25.0442501
111,2,6,6,20,2,03中山區,中山區民族東路與民族東路410巷口,0,0,1,1,B03,8,2,5,50,3,1,1,5,4,5,7,1,1,3,4,4,2,17,1,72,3,10,1,1,7,6,1,8,1,2,,6,6,1,22,9,121.5383507,25.06810338
111,2,6,6,20,2,03中山區,中山區民族東路與民族東路410巷口,0,0,1,2,C03,8,2,5,50,3,1,1,5,4,5,7,1,1,3,4,4,2,17,2,29,2,8,1,1,7,9,1,10,1,14,,44,6,1,22,9,121.5383507,25.06810338
111,2,6,7,0,2,03中山區,中山區中山北路2段39巷與中山北路2段口,0,0,1,1,B11,8,1,5,50,3,1,1,5,4,5,7,4,4,9,4,5,2,12,1,47,3,10,1,1,7,6,1,4,1,2,,9,9,1,10,4,121.5228063,25.0540046
111,2,6,7,0,2,03中山區,中山區中山北路2段39巷與中山北路2段口,0,0,1,2,C03,8,1,5,50,3,1,1,5,4,5,7,4,4,9,4,5,2,12,1,49,2,9,1,1,7,9,1,10,1,11,,14,9,1,5,1,121.5228063,25.0540046
111,2,6,8,2,2,03中山區,中山區新生北路3段與德惠街口,0,1,1,1,C03,8,1,5,30,4,2,1,5,4,5,7,1,1,1,4,5,2,16,1,71,2,5,1,1,7,6,1,10,2,12,,9,9,1,22,9,121.5279848,25.06660459
111,2,6,8,2,2,03中山區,中山區新生北路3段與德惠街口,0,1,1,2,C03,8,1,5,30,4,2,1,5,4,5,7,1,1,1,4,5,2,16,1,85,5,1,1,1,7,9,1,10,2,11,,44,9,1,22,9,121.5279848,25.06660459
111,2,6,8,43,2,07信義區,信義區林口街38巷與福德街84巷口,0,0,2,1,C03,6,1,5,30,4,1,1,4,4,5,7,4,4,9,5,5,2,17,1,21,3,10,1,1,7,5,1,10,1,14,,6,6,1,22,9,121.5808917,25.038449
111,2,6,8,43,2,07信義區,信義區林口街38巷與福德街84巷口,0,0,2,2,C03,6,1,5,30,4,1,1,4,4,5,7,4,4,9,5,5,2,17,1,28,2,7,1,1,7,9,1,10,1,11,,14,6,1,22,9,121.5808917,25.038449
111,2,6,8,43,2,07信義區,信義區林口街38巷與福德街84巷口,0,0,2,3,H02,6,1,5,30,4,1,1,4,4,5,7,4,4,9,5,5,2,17,2,26,2,8,1,1,7,21,8,20,10,16,,67,6,1,22,9,121.5808917,25.038449
111,2,6,10,17,2,05中正區,中正區永福橋往新北,0,0,1,1,B12,8,1,5,50,8,9,1,5,4,5,7,4,4,9,4,5,2,12,1,61,3,10,1,1,7,8,1,8,1,5,,7,7,1,22,9,121.5273924,25.01083112
111,2,6,10,17,2,05中正區,中正區永福橋往新北,0,0,1,2,C03,8,1,5,50,8,9,1,5,4,5,7,4,4,9,4,5,2,12,1,24,2,9,1,1,7,9,1,10,1,14,,13,7,1,22,9,121.5273924,25.01083112
111,2,6,10,28,2,04大安區,大安區金華街199巷與金華街199巷3弄口,0,0,1,1,B03,8,1,5,30,4,1,1,5,4,5,7,4,4,10,5,5,2,15,1,44,3,10,3,4,7,9,1,8,1,8,,6,6,1,22,9,121.5281641,25.0306761
111,2,6,10,28,2,04大安區,大安區金華街199巷與金華街199巷3弄口,0,0,1,2,C03,8,1,5,30,4,1,1,5,4,5,7,4,4,10,5,5,2,15,1,31,2,8,3,4,7,9,1,10,1,12,,44,6,1,22,9,121.5281641,25.0306761
111,2,6,10,40,2,05中正區,中正區和平西路2段與莒光路口,0,0,2,1,C03,7,1,5,50,3,1,1,5,4,5,7,1,1,1,4,5,2,17,1,59,2,7,1,1,7,1,1,10,1,14,,19,19,1,22,9,121.5078599,25.03137376
111,2,6,10,40,2,05中正區,中正區和平西路2段與莒光路口,0,0,2,2,C03,7,1,5,50,3,1,1,5,4,5,7,1,1,1,4,5,2,17,2,28,2,9,1,1,7,9,1,10,1,11,,44,19,1,22,9,121.5078599,25.03137376
111,2,6,10,48,2,01大同區,大同區延平北路1段132號,0,0,3,1,C03,8,1,5,50,3,2,1,5,4,5,7,4,4,5,4,5,2,12,1,20,2,9,3,4,7,7,3,18,2,14,,7,7,1,22,9,121.511735,25.05304822
111,2,6,10,48,2,01大同區,大同區延平北路1段132號,0,0,3,2,C03,8,1,5,50,3,2,1,5,4,5,7,4,4,5,4,5,2,12,2,29,2,9,3,4,7,9,1,10,2,12,,44,7,1,22,9,121.511735,25.05304822
111,2,6,10,48,2,01大同區,大同區延平北路1段132號,0,0,3,3,H02,8,1,5,50,3,2,1,5,4,5,7,4,4,5,4,5,2,12,1,28,2,9,3,4,7,21,8,20,10,16,,67,7,1,22,9,121.511735,25.05304822
111,2,6,10,49,2,07信義區,信義區和平東路3段391巷與和平東路3段341巷口,0,0,1,1,C03,8,1,5,30,4,1,1,5,4,5,7,4,4,10,5,5,2,15,2,28,2,9,1,1,7,9,1,10,2,11,,6,6,1,22,9,121.5570224,25.02099114
111,2,6,10,49,2,07信義區,信義區和平東路3段391巷與和平東路3段341巷口,0,0,1,2,C03,8,1,5,30,4,1,1,5,4,5,7,4,4,10,5,5,2,15,1,67,3,10,1,1,7,9,1,10,2,11,,14,6,1,22,9,121.5570224,25.02099114
111,2,6,11,54,2,05中正區,中正區新生高架道往南下八德匝道,0,0,2,1,B03,8,1,5,40,10,7,1,5,4,5,7,4,4,10,5,5,2,13,1,57,3,10,1,1,7,9,1,8,2,1,,16,16,1,22,9,121.5302596,25.0448871
111,2,6,11,54,2,05中正區,中正區新生高架道往南下八德匝道,0,0,2,2,B03,8,1,5,40,10,7,1,5,4,5,7,4,4,10,5,5,2,13,1,46,3,10,1,1,7,14,1,8,2,3,1,44,16,1,22,9,121.5302596,25.0448871
111,2,6,11,54,2,05中正區,中正區新生高架道往南下八德匝道,0,0,2,3,B03,8,1,5,40,10,7,1,5,4,5,7,4,4,10,5,5,2,13,1,53,3,10,1,1,7,14,1,8,2,3,,44,16,1,22,9,121.5302596,25.0448871
111,2,6,11,54,2,05中正區,中正區新生高架道往南下八德匝道,0,0,2,4,H02,8,1,5,40,10,7,1,5,4,5,7,4,4,10,5,5,2,13,2,73,2,3,4,5,7,20,8,20,10,16,,67,16,1,22,9,121.5302596,25.0448871
111,2,6,11,54,2,05中正區,中正區新生高架道往南下八德匝道,0,0,2,5,H02,8,1,5,40,10,7,1,5,4,5,7,4,4,10,5,5,2,13,2,50,2,1,4,5,7,20,8,20,10,16,,67,16,1,22,9,121.5302596,25.0448871
111,2,6,12,4,2,06松山區,松山區延吉街43號,0,0,2,1,C03,8,1,5,50,14,9,1,5,4,5,7,4,4,9,5,5,2,12,2,40,2,5,1,1,7,7,1,10,1,14,,7,7,1,22,9,121.5536627,25.04555054
111,2,6,12,4,2,06松山區,松山區延吉街43號,0,0,2,2,C03,8,1,5,50,14,9,1,5,4,5,7,4,4,9,5,5,2,12,1,28,2,7,1,1,7,9,1,10,1,11,,23,7,1,22,9,121.5536627,25.04555054
111,2,6,12,56,2,04大安區,大安區新生南路1段與新生南路1段137巷口口,0,0,1,1,B03,8,1,5,30,3,2,1,5,4,5,7,4,4,4,3,4,1,17,1,39,3,10,3,4,7,15,1,8,2,2,,6,6,1,22,9,121.5328381,25.03705022
111,2,6,12,56,2,04大安區,大安區新生南路1段與新生南路1段137巷口口,0,0,1,2,C03,8,1,5,30,3,2,1,5,4,5,7,4,4,4,3,4,1,17,1,48,2,9,3,4,7,15,1,10,2,11,,14,6,1,22,9,121.5328381,25.03705022
111,2,6,13,3,2,03中山區,中山區長春路62號,0,0,1,1,B03,8,1,5,50,14,7,1,5,4,5,7,4,4,9,4,4,2,12,1,49,3,10,1,4,7,5,1,8,2,7,,8,8,1,22,9,121.5261075,25.05492908
111,2,6,13,3,2,03中山區,中山區長春路62號,0,0,1,2,C03,8,1,5,50,14,7,1,5,4,5,7,4,4,9,4,4,2,12,2,29,2,9,1,4,7,9,1,10,2,12,14,44,8,1,22,9,121.5261075,25.05492908
111,2,6,13,11,2,02萬華區,萬華區萬大路277巷14弄4號與無名巷口旁,0,0,1,1,B03,8,1,5,30,3,2,1,5,4,5,7,4,4,10,5,5,2,17,1,52,3,10,1,1,7,1,1,8,1,8,,19,19,1,22,9,121.5010369,25.02505585
111,2,6,13,11,2,02萬華區,萬華區萬大路277巷14弄4號與無名巷口旁,0,0,1,2,C03,8,1,5,30,3,2,1,5,4,5,7,4,4,10,5,5,2,17,1,67,2,9,1,1,7,9,1,10,1,12,,44,19,1,22,9,121.5010369,25.02505585
111,2,6,13,21,2,05中正區,中正區羅斯福路2段14號,0,0,1,1,C03,7,1,5,50,14,9,1,5,4,5,7,4,4,1,4,5,2,17,1,57,2,9,1,1,7,1,1,9,1,14,,19,19,1,22,9,121.5209844,25.02882275
111,2,6,13,21,2,05中正區,中正區羅斯福路2段14號,0,0,1,2,C03,7,1,5,50,14,9,1,5,4,5,7,4,4,1,4,5,2,17,2,38,3,10,1,1,7,9,1,10,1,12,,13,19,1,22,9,121.5209844,25.02882275
111,2,6,13,45,2,03中山區,中山區農安街與中原街口,0,0,2,1,C03,8,1,5,50,3,1,1,5,4,5,7,3,1,5,5,5,2,16,1,20,2,9,1,1,7,5,1,10,1,14,,8,8,1,22,9,121.5290435,25.0648445
111,2,6,13,45,2,03中山區,中山區農安街與中原街口,0,0,2,2,C03,8,1,5,50,3,1,1,5,4,5,7,3,1,5,5,5,2,16,1,49,2,9,1,1,7,9,1,10,1,12,,13,8,1,22,9,121.5290435,25.0648445
111,2,6,14,25,2,11南港區,南港區研究院路1段120號,0,0,1,1,B03,8,1,5,50,14,9,1,5,4,5,1,1,1,1,4,5,2,16,1,62,3,10,1,1,7,9,1,8,1,2,,44,44,1,22,9,121.6155363,25.05085772
111,2,6,14,25,2,11南港區,南港區研究院路1段120號,0,0,1,2,F01,8,1,5,50,14,9,1,5,4,5,1,1,1,1,4,5,2,16,1,65,2,9,1,1,7,7,8,20,1,16,,7,44,1,22,9,121.6155363,25.05085772
111,2,6,14,29,2,05中正區,中正區青島東路23號,0,0,2,1,B12,8,1,5,50,14,9,1,5,4,5,7,4,4,9,4,4,2,16,1,70,3,10,1,1,7,11,1,8,2,7,,10,10,1,22,9,121.5240694,25.0433765
111,2,6,14,29,2,05中正區,中正區青島東路23號,0,0,2,2,C03,8,1,5,50,14,9,1,5,4,5,7,4,4,9,4,4,2,16,1,37,2,9,1,1,7,9,1,10,2,11,,44,10,1,22,9,121.5240694,25.0433765
111,2,6,14,29,2,05中正區,中正區青島東路23號,0,0,2,3,H02,8,1,5,50,14,9,1,5,4,5,7,4,4,9,4,4,2,16,2,37,2,8,1,5,7,20,8,20,10,16,,67,10,1,22,9,121.5240694,25.0433765
111,2,6,14,30,2,12內湖區,內湖區文德路22巷53弄與江南街71巷75弄口口,0,0,1,1,B01,8,1,5,30,4,1,1,5,4,5,7,4,4,10,5,5,2,16,1,67,3,10,1,1,7,9,1,4,1,5,,6,6,1,22,9,121.5797635,25.07552372
111,2,6,14,30,2,12內湖區,內湖區文德路22巷53弄與江南街71巷75弄口口,0,0,1,2,C03,8,1,5,30,4,1,1,5,4,5,7,4,4,10,5,5,2,16,1,32,2,9,1,1,7,9,1,10,1,11,,26,6,1,22,9,121.5797635,25.07552372
111,2,6,14,45,2,11南港區,南港區南港路1段277巷與市民大道8段口,0,0,1,2,C03,7,1,5,50,4,1,1,5,4,5,7,2,1,4,1,5,2,16,1,17,2,9,1,1,7,9,2,18,1,11,,23,6,1,22,9,121.6088765,25.05353483
111,2,6,14,45,2,11南港區,南港區南港路1段277巷與市民大道8段口,0,0,1,1,C03,7,1,5,50,4,1,1,5,4,5,7,2,1,4,1,5,2,16,2,45,3,10,1,1,7,5,1,10,1,12,,6,6,1,22,9,121.6088765,25.05353483
111,2,6,14,48,2,01大同區,大同區環河北路2段與酒泉街口,0,0,1,1,B03,7,1,5,50,3,1,1,5,4,5,7,1,1,1,4,5,1,17,1,66,3,10,3,4,7,5,1,8,2,6,,25,25,1,22,9,121.5091813,25.072163
111,2,6,14,48,2,01大同區,大同區環河北路2段與酒泉街口,0,0,1,2,C01,7,1,5,50,3,1,1,5,4,5,7,1,1,1,4,5,1,17,1,35,2,7,1,4,7,9,1,9,2,11,,13,25,1,22,9,121.5091813,25.072163
111,2,6,14,56,2,01大同區,大同區承德路3段與承德路3段208巷口,0,0,2,1,B01,8,1,5,50,4,2,1,5,4,5,7,4,4,1,4,5,2,17,1,63,3,10,3,4,7,8,1,4,1,15,,7,7,1,22,9,121.5183332,25.07033475
111,2,6,14,56,2,01大同區,大同區承德路3段與承德路3段208巷口,0,0,2,2,C03,8,1,5,50,4,2,1,5,4,5,7,4,4,1,4,5,2,17,1,65,2,9,3,4,7,9,1,10,1,11,,16,7,1,22,9,121.5183332,25.07033475
111,2,6,14,56,2,01大同區,大同區承德路3段與承德路3段208巷口,0,0,2,3,C03,8,1,5,50,4,2,1,5,4,5,7,4,4,1,4,5,2,17,1,33,3,10,3,4,7,9,1,10,1,13,,44,7,1,22,9,121.5183332,25.07033475
111,2,6,14,56,2,01大同區,大同區承德路3段與承德路3段208巷口,0,0,2,4,H02,8,1,5,50,4,2,1,5,4,5,7,4,4,1,4,5,2,17,2,59,2,9,4,5,7,21,8,20,10,16,,67,7,1,22,9,121.5183332,25.07033475
111,2,6,15,46,2,02萬華區,萬華區昆明街與桂林路口,0,0,3,1,F01,8,1,5,50,4,1,1,5,4,5,7,1,1,10,4,5,2,16,1,25,2,9,1,1,7,5,8,20,2,16,,8,8,1,22,9,121.5038386,25.03802209
111,2,6,15,46,2,02萬華區,萬華區昆明街與桂林路口,0,0,3,2,C03,8,1,5,50,4,1,1,5,4,5,7,1,1,10,4,5,2,16,1,42,2,9,1,1,7,9,1,10,2,12,,44,8,1,22,9,121.5038386,25.03802209
111,2,6,15,46,2,02萬華區,萬華區昆明街與桂林路口,0,0,3,3,H02,8,1,5,50,4,1,1,5,4,5,7,1,1,10,4,5,2,16,2,41,2,9,4,5,7,20,8,20,10,16,,67,8,1,22,9,121.5038386,25.03802209
111,2,6,16,13,2,01大同區,大同區錦西街與歸綏街79巷口,0,0,2,1,H01,7,1,5,0,3,2,1,5,4,5,7,4,4,5,5,5,2,3,2,60,2,9,4,5,8,16,8,20,10,16,,51,51,1,22,9,121.5161856,25.05986945
111,2,6,16,13,2,01大同區,大同區錦西街與歸綏街79巷口,0,0,2,2,F01,7,1,5,0,3,2,1,5,4,5,7,4,4,5,5,5,2,3,2,48,2,9,1,1,7,9,8,20,1,16,,23,51,1,22,9,121.5161856,25.05986945