發生年度,發生月,發生日,發生時-Hours,發生分,處理別-編號,區序,肇事地點,死亡人數,2-30日死亡人數,受傷人數,當事人序號,車種,天候,光線,道路類別,速限-速度限制,道路型態,事故位置,路面狀況1,路面狀況2,路面狀況3,道路障礙1,道路障礙2,號誌1,號誌2,車道劃分-分向,車道劃分-分道1,車道劃分-分道2,車道劃分-分道3,事故類型及型態,性別,年齡,受傷程度,主要傷處,安全帽,行動電話,車輛用途,當事者行動狀態,駕駛資格情形,駕駛執照種類,飲酒情形,車輛撞擊部位1,車輛撞擊部位2,肇因碼-個別,肇因碼-主要,個人肇逃否,職業,旅次目的,座標-X,座標-Y
111,2,6,16,24,2,01大同區,大同區忠孝西路2段與西寧北路口,0,0,1,1,B03,8,1,5,50,4,1,1,5,4,5,7,2,1,1,4,5,2,12,1,37,3,10,3,4,7,8,1,8,1,2,,7,7,1,22,9,121.5076138,25.0487121
111,2,6,16,24,2,01大同區,大同區忠孝西路2段與西寧北路口,0,0,1,2,C03,8,1,5,50,4,1,1,5,4,5,7,2,1,1,4,5,2,12,2,20,2,9,1,1,7,9,1,10,1,14,,13,7,1,22,9,121.5076138,25.0487121
111,2,6,16,35,2,06松山區,松山區光復北路156號,0,0,1,1,C03,7,1,5,50,4,2,1,5,4,5,7,3,1,9,4,5,2,13,2,53,2,9,1,1,7,9,1,10,1,11,,23,23,1,22,9,121.5569202,25.05271725
111,2,6,16,35,2,06松山區,松山區光復北路156號,0,0,1,2,B02,7,1,5,50,4,2,1,5,4,5,7,3,1,9,4,5,2,13,1,25,3,10,1,1,7,6,1,8,1,3,,44,23,1,22,9,121.5569202,25.05271725
111,2,6,16,38,2,03中山區,中山區市民大道3段63號,0,0,3,1,B03,7,1,5,40,14,8,1,5,4,5,7,4,4,5,4,4,2,17,1,37,3,10,1,4,7,6,1,8,2,5,,9,9,1,22,9,121.535463,25.0451079
111,2,6,16,38,2,03中山區,中山區市民大道3段63號,0,0,3,2,C03,7,1,5,40,14,8,1,5,4,5,7,4,4,5,4,4,2,17,1,56,2,9,1,4,7,9,3,18,2,14,,13,9,1,22,9,121.535463,25.0451079
111,2,6,16,38,2,03中山區,中山區市民大道3段63號,0,0,3,3,H01,7,1,5,40,14,8,1,5,4,5,7,4,4,5,4,4,2,17,2,73,2,6,4,5,8,16,8,20,10,16,,67,9,1,22,9,121.535463,25.0451079
111,2,6,16,38,2,03中山區,中山區市民大道3段63號,0,0,3,4,H02,7,1,5,40,14,8,1,5,4,5,7,4,4,5,4,4,2,17,2,54,2,9,1,4,7,20,8,20,10,16,,67,9,1,22,9,121.535463,25.0451079
111,2,6,17,25,2,10文山區,文山區辛亥路7段與辛亥路7段5巷口口,0,0,1,1,C04,8,1,5,50,3,1,1,5,4,5,7,4,4,4,3,5,1,16,2,53,2,8,1,4,7,5,1,10,1,12,,6,6,1,22,9,121.5525462,24.98720988
111,2,6,17,25,2,10文山區,文山區辛亥路7段與辛亥路7段5巷口口,0,0,1,2,C03,8,1,5,50,3,1,1,5,4,5,7,4,4,4,3,5,1,16,1,23,3,10,1,4,7,9,1,10,1,11,,13,6,1,22,9,121.5525462,24.98720988
111,2,6,18,5,2,04大安區,大安區忠孝東路4段與復興南路1段口,0,0,1,1,C03,8,3,5,50,14,9,1,5,4,5,7,2,1,1,4,5,2,12,2,40,2,8,3,4,7,6,1,10,1,14,,9,9,1,22,9,121.5440699,25.04171616
111,2,6,18,5,2,04大安區,大安區忠孝東路4段與復興南路1段口,0,0,1,2,B03,8,3,5,50,14,9,1,5,4,5,7,2,1,1,4,5,2,12,1,36,3,10,3,4,7,6,1,8,1,5,,17,9,1,22,9,121.5440699,25.04171616
111,2,6,18,12,2,05中正區,中正區忠孝東路2段與新生南路1段口,0,0,1,1,B01,8,3,5,50,4,2,1,5,4,5,7,2,1,3,2,4,1,3,1,64,3,10,1,1,7,1,1,4,2,1,,15,15,1,22,9,121.5328047,25.04209483
111,2,6,18,12,2,05中正區,中正區忠孝東路2段與新生南路1段口,0,0,1,2,H01,8,3,5,50,4,2,1,5,4,5,7,2,1,3,2,4,1,3,1,69,2,9,4,5,8,16,8,20,10,16,,67,15,1,22,9,121.5328047,25.04209483
111,2,6,18,27,2,04大安區,大安區和平東路2段257號,0,0,1,1,F01,8,4,8,0,15,20,4,5,4,5,7,4,4,10,5,5,2,9,1,22,3,10,3,1,7,9,8,20,2,15,,15,15,1,22,9,121.543831,25.0250097
111,2,6,18,27,2,04大安區,大安區和平東路2段257號,0,0,1,2,H01,8,4,8,0,15,20,4,5,4,5,7,4,4,10,5,5,2,9,1,52,2,7,4,5,8,16,8,20,10,16,,67,15,1,22,9,121.543831,25.0250097
111,2,6,18,30,2,09北投區,北投區中央北路3段67號與中央北路3段90巷口,0,0,2,1,H01,8,3,5,50,3,2,1,5,4,5,7,4,4,5,4,5,2,6,1,3,2,9,4,5,8,18,8,20,1,16,,51,51,1,22,9,121.4844596,25.1378291
111,2,6,18,30,2,09北投區,北投區中央北路3段67號與中央北路3段90巷口,0,0,2,2,C03,8,3,5,50,3,2,1,5,4,5,7,4,4,5,4,5,2,6,1,33,2,9,1,1,7,9,1,10,1,11,,23,51,1,22,9,121.4844596,25.1378291
111,2,6,18,40,2,07信義區,信義區松信路96號,0,0,2,1,C03,7,3,5,50,4,1,1,5,4,5,7,1,1,9,5,4,2,11,2,24,2,9,1,1,7,5,1,10,1,12,,6,6,1,22,9,121.5720578,25.0446219
111,2,6,18,40,2,07信義區,信義區松信路96號,0,0,2,2,C03,7,3,5,50,4,1,1,5,4,5,7,1,1,9,5,4,2,11,1,48,2,9,1,1,7,9,1,10,1,11,,44,6,1,22,9,121.5720578,25.0446219
111,2,6,19,10,2,06松山區,松山區南京東路5段與寶清街口,0,0,2,1,C03,8,3,5,50,4,1,1,5,4,5,7,1,1,9,4,5,2,12,1,28,3,10,1,1,7,6,1,10,1,13,,9,9,1,22,9,121.5682677,25.05141026
111,2,6,19,10,2,06松山區,松山區南京東路5段與寶清街口,0,0,2,2,C03,8,3,5,50,4,1,1,5,4,5,7,1,1,9,4,5,2,12,2,24,2,9,1,1,7,9,1,10,1,11,,23,9,1,22,9,121.5682677,25.05141026
111,2,6,19,10,2,06松山區,松山區南京東路5段與寶清街口,0,0,2,3,H02,8,3,5,50,4,1,1,5,4,5,7,1,1,9,4,5,2,12,2,25,2,9,1,5,7,20,8,20,10,16,,67,9,1,22,9,121.5682677,25.05141026
111,2,6,19,11,2,07信義區,信義區吳興街50巷與基隆路2段39巷口,0,0,1,1,C03,8,3,5,30,4,1,1,5,4,5,7,4,4,5,5,5,2,15,2,50,2,9,3,4,7,9,1,10,1,11,,6,6,1,22,9,121.5595542,25.03058165
111,2,6,19,11,2,07信義區,信義區吳興街50巷與基隆路2段39巷口,0,0,1,2,B01,8,3,5,30,4,1,1,5,4,5,7,4,4,5,5,5,2,15,1,57,3,10,3,4,7,9,1,4,1,4,,14,6,1,22,9,121.5595542,25.03058165
111,2,6,19,31,2,05中正區,中正區重慶南路2段與南海路口,0,0,3,1,A02,8,3,5,50,4,1,1,5,4,5,7,1,1,1,4,5,2,12,1,28,3,10,1,1,7,9,1,2,2,2,,23,23,1,22,9,121.5143411,25.03189398
111,2,6,19,31,2,05中正區,中正區重慶南路2段與南海路口,0,0,3,2,C03,8,3,5,50,4,1,1,5,4,5,7,1,1,1,4,5,2,12,1,71,2,9,1,1,7,7,1,10,2,14,,7,23,1,22,9,121.5143411,25.03189398
111,2,6,19,31,2,05中正區,中正區重慶南路2段與南海路口,0,0,3,3,H02,8,3,5,50,4,1,1,5,4,5,7,1,1,1,4,5,2,12,2,68,2,9,1,5,7,20,8,20,10,16,,67,23,1,22,9,121.5143411,25.03189398
111,2,6,19,31,2,05中正區,中正區重慶南路2段與南海路口,0,0,3,4,H02,8,3,5,50,4,1,1,5,4,5,7,1,1,1,4,5,2,12,2,51,2,3,4,5,7,20,8,20,10,16,,67,23,1,22,9,121.5143411,25.03189398
111,2,6,19,49,2,05中正區,中正區金山南路1段94號,0,0,1,1,B03,8,3,5,50,14,9,1,5,4,5,7,4,4,3,5,5,1,12,1,68,3,10,1,1,7,6,1,8,2,5,,9,9,1,22,9,121.5276213,25.03622458
111,2,6,19,49,2,05中正區,中正區金山南路1段94號,0,0,1,2,C03,8,3,5,50,14,9,1,5,4,5,7,4,4,3,5,5,1,12,2,30,2,8,1,1,7,9,1,10,2,14,,14,9,1,22,9,121.5276213,25.03622458
111,2,6,20,14,2,04大安區,大安區基隆路3段2號,0,0,1,1,C03,8,3,5,50,14,9,1,5,3,5,7,4,4,9,4,5,1,18,2,22,2,9,1,4,7,9,1,10,2,14,,44,44,1,22,9,121.5475027,25.02012176
111,2,6,20,14,2,04大安區,大安區基隆路3段2號,0,0,1,2,,8,3,5,50,14,9,1,5,3,5,7,4,4,9,4,5,1,18,3,,,,,,,,,,,,,67,44,1,,,121.5475027,25.02012176
111,2,6,20,25,2,12內湖區,內湖區康樂街56號,0,0,1,1,C03,6,3,5,50,14,9,1,4,4,5,7,4,4,5,5,5,2,17,2,43,2,9,1,1,7,9,1,10,1,14,,42,42,1,22,9,121.6186146,25.06928886
111,2,6,20,25,2,12內湖區,內湖區康樂街56號,0,0,1,2,B03,6,3,5,50,14,9,1,4,4,5,7,4,4,5,5,5,2,17,1,67,3,10,1,1,7,9,1,8,1,15,,44,42,1,22,9,121.6186146,25.06928886
111,2,6,20,51,2,08士林區,士林區通河西街2段堤外便道237燈桿,0,0,3,1,C03,8,3,5,30,14,9,1,5,4,5,7,4,4,10,5,5,1,12,1,24,2,7,1,1,7,9,1,10,2,15,,13,13,1,22,9,121.5114466,25.09072986
111,2,6,20,51,2,08士林區,士林區通河西街2段堤外便道237燈桿,0,0,3,2,C03,8,3,5,30,14,9,1,5,4,5,7,4,4,10,5,5,1,12,1,59,2,8,1,1,7,9,1,10,2,14,,13,13,1,22,9,121.5114466,25.09072986
111,2,6,20,51,2,08士林區,士林區通河西街2段堤外便道237燈桿,0,0,3,3,H02,8,3,5,30,14,9,1,5,4,5,7,4,4,10,5,5,1,12,2,16,2,7,1,5,7,17,8,20,10,16,,67,13,1,22,9,121.5114466,25.09072986
111,2,6,21,30,2,07信義區,信義區基隆路1段與一之六號道路口,0,0,2,1,B02,7,3,5,50,3,1,1,5,4,5,7,4,4,1,4,5,2,16,1,26,3,10,1,1,7,6,1,8,2,4,,9,9,1,22,9,121.5605862,25.03436267
111,2,6,21,30,2,07信義區,信義區基隆路1段與一之六號道路口,0,0,2,3,C03,7,3,5,50,3,1,1,5,4,5,7,4,4,1,4,5,2,16,1,18,2,9,1,1,7,9,1,10,2,11,,23,9,1,22,9,121.5605862,25.03436267
111,2,6,21,30,2,07信義區,信義區基隆路1段與一之六號道路口,0,0,2,2,C03,7,3,5,50,3,1,1,5,4,5,7,4,4,1,4,5,2,16,1,18,2,9,1,1,7,9,1,10,2,11,,13,9,1,22,9,121.5605862,25.03436267
111,2,6,22,21,2,01大同區,大同區環河北路1段與民生西路口,0,0,1,1,C03,7,3,5,50,14,9,1,5,4,5,7,4,4,1,4,5,2,13,1,27,2,9,3,4,7,9,1,10,1,11,,16,16,1,22,9,121.5083751,25.05705866
111,2,6,22,21,2,01大同區,大同區環河北路1段與民生西路口,0,0,1,2,C03,7,3,5,50,14,9,1,5,4,5,7,4,4,1,4,5,2,13,1,27,3,10,3,4,7,12,1,10,1,13,,44,16,1,22,9,121.5083751,25.05705866
111,2,6,22,34,2,10文山區,文山區萬芳路111號對面,0,0,1,1,C03,8,3,5,50,14,9,1,5,4,5,7,4,4,5,4,5,2,11,1,35,2,9,1,1,7,9,1,10,2,11,,23,23,1,22,9,121.5613859,24.99719004
111,2,6,22,34,2,10文山區,文山區萬芳路111號對面,0,0,1,2,B03,8,3,5,50,14,9,1,5,4,5,7,4,4,5,4,5,2,11,1,39,3,10,1,1,7,14,1,8,2,8,,44,23,1,22,9,121.5613859,24.99719004
111,2,6,22,53,2,06松山區,松山區市民大道4段37號,0,0,2,1,C03,7,3,5,40,14,9,1,5,4,5,7,4,4,1,4,5,2,12,1,18,3,10,2,1,7,8,2,18,2,12,,7,7,1,22,9,121.5452671,25.0451347
111,2,6,22,53,2,06松山區,松山區市民大道4段37號,0,0,2,2,C03,7,3,5,40,14,9,1,5,4,5,7,4,4,1,4,5,2,12,1,24,2,9,1,1,7,9,1,10,2,11,,13,7,1,22,9,121.5452671,25.0451347
111,2,6,22,53,2,06松山區,松山區市民大道4段37號,0,0,2,3,H02,7,3,5,40,14,9,1,5,4,5,7,4,4,1,4,5,2,12,2,25,2,9,1,5,7,21,8,20,10,16,,67,7,1,22,9,121.5452671,25.0451347
111,2,6,22,58,2,07信義區,信義區虎林街100巷47號,0,0,2,1,C03,7,3,5,30,14,9,1,5,4,5,7,4,4,10,5,5,2,18,2,20,2,8,3,4,7,14,1,10,9,12,,43,43,1,22,9,121.5758195,25.04289019
111,2,6,22,58,2,07信義區,信義區虎林街100巷47號,0,0,2,2,,7,3,5,30,14,9,1,5,4,5,7,4,4,10,5,5,2,18,3,,,,,,,,,,,,,67,43,1,,,121.5758195,25.04289019
111,2,6,22,58,2,07信義區,信義區虎林街100巷47號,0,0,2,3,H02,7,3,5,30,14,9,1,5,4,5,7,4,4,10,5,5,2,18,2,18,2,9,3,4,7,19,8,20,10,16,,67,43,1,22,9,121.5758195,25.04289019
111,2,6,23,13,2,01大同區,大同區鄭州路與塔城街口,0,0,1,2,C02,7,3,5,40,4,1,1,5,4,5,7,2,1,1,5,5,2,13,1,50,2,9,1,1,7,5,1,9,2,13,,44,16,1,22,9,121.510562,25.05029304
111,2,6,23,13,2,01大同區,大同區鄭州路與塔城街口,0,0,1,1,B03,7,3,5,40,4,1,1,5,4,5,7,2,1,1,5,5,2,13,1,32,3,10,1,1,7,9,6,18,2,1,,16,16,1,22,9,121.510562,25.05029304
111,2,6,23,50,2,12內湖區,內湖區康湖路康樂隧道出口,0,0,1,1,B03,7,3,5,50,14,11,1,4,4,5,7,4,4,5,4,5,2,17,1,55,3,10,1,1,7,15,1,8,1,4,,50,50,1,22,9,121.6167046,25.07855054
111,2,6,23,50,2,12內湖區,內湖區康湖路康樂隧道出口,0,0,1,2,C03,7,3,5,50,14,11,1,4,4,5,7,4,4,5,4,5,2,17,1,18,2,9,1,1,7,9,1,10,1,11,,23,50,1,22,9,121.6167046,25.07855054
111,2,7,3,50,2,07信義區,信義區永吉路30巷157弄1號與永吉路30巷口,0,0,1,1,C03,8,3,5,30,4,2,1,5,4,5,7,4,4,3,5,5,2,15,1,31,2,9,1,1,7,9,1,10,1,12,,6,6,1,22,9,121.5687684,25.04233753
111,2,7,3,50,2,07信義區,信義區永吉路30巷157弄1號與永吉路30巷口,0,0,1,2,B01,8,3,5,30,4,2,1,5,4,5,7,4,4,3,5,5,2,15,1,65,3,10,1,1,7,9,1,4,1,1,,13,6,1,22,9,121.5687684,25.04233753
111,2,7,4,38,2,04大安區,大安區大安路1段與敦化南路1段190巷口,0,0,1,1,C03,8,3,5,30,4,1,1,5,4,5,7,4,4,9,4,5,1,15,1,21,2,9,1,4,7,9,1,10,2,11,,6,6,1,22,9,121.5461912,25.04268575
111,2,7,4,38,2,04大安區,大安區大安路1段與敦化南路1段190巷口,0,0,1,2,B01,8,3,5,30,4,1,1,5,4,5,7,4,4,9,4,5,1,15,1,65,3,10,1,4,7,9,1,4,2,2,,44,6,1,22,9,121.5461912,25.04268575
111,2,7,6,10,2,05中正區,中正區中華路2段與西藏路口,0,0,2,1,C03,8,1,5,30,4,1,1,5,4,5,7,1,1,5,4,4,2,15,1,19,2,9,1,1,7,9,1,10,2,11,,25,25,1,22,9,121.5042151,25.02992494
111,2,7,6,10,2,05中正區,中正區中華路2段與西藏路口,0,0,2,2,C03,8,1,5,30,4,1,1,5,4,5,7,1,1,5,4,4,2,15,1,24,2,9,1,1,7,1,1,10,2,14,,19,25,1,22,9,121.5042151,25.02992494
111,2,7,7,6,2,06松山區,松山區濱江街862號,0,0,1,1,C03,7,1,5,40,14,8,1,5,4,5,7,4,4,10,4,4,2,2,1,72,2,9,3,4,7,9,1,10,2,11,,23,23,1,22,9,121.5595768,25.07127656
111,2,7,7,6,2,06松山區,松山區濱江街862號,0,0,1,2,H01,7,1,5,40,14,8,1,5,4,5,7,4,4,10,4,4,2,2,1,64,3,10,4,5,8,16,8,20,10,16,,67,23,1,22,9,121.5595768,25.07127656
111,2,7,7,15,2,06松山區,松山區光復北路與民生東路5段27巷9弄口,0,0,1,1,B03,8,1,5,40,3,2,1,5,4,5,7,4,4,5,5,4,2,12,1,43,3,10,1,4,7,1,1,8,1,8,,19,19,1,22,9,121.5549445,25.0598885
111,2,7,7,15,2,06松山區,松山區光復北路與民生東路5段27巷9弄口,0,0,1,2,C03,8,1,5,40,3,2,1,5,4,5,7,4,4,5,5,4,2,12,1,31,2,9,1,4,7,9,1,10,1,11,,13,19,1,22,9,121.5549445,25.0598885
111,2,7,7,26,2,02萬華區,萬華區昆明街與內江街口,0,0,1,1,B03,8,1,5,50,4,1,1,5,4,5,7,3,1,8,3,5,2,3,1,32,3,10,1,1,7,5,1,8,1,8,,15,15,1,22,9,121.5044554,25.04182787
111,2,7,7,26,2,02萬華區,萬華區昆明街與內江街口,0,0,1,2,H01,8,1,5,50,4,1,1,5,4,5,7,3,1,8,3,5,2,3,2,56,2,7,4,5,8,16,8,20,10,16,,67,15,1,22,9,121.5044554,25.04182787
111,2,7,7,55,2,07信義區,信義區松山路578號,0,0,2,1,C03,8,1,5,50,14,9,1,5,4,5,7,4,4,9,4,5,1,12,2,32,2,8,3,4,7,9,1,10,1,11,,43,43,1,22,9,121.5783029,25.03697629
111,2,7,7,55,2,07信義區,信義區松山路578號,0,0,2,2,A04,8,1,5,50,14,9,1,5,4,5,7,4,4,9,4,5,1,12,1,53,3,10,3,4,7,14,1,2,1,15,,43,43,1,22,9,121.5783029,25.03697629
111,2,7,7,55,2,07信義區,信義區松山路578號,0,0,2,3,H02,8,1,5,50,14,9,1,5,4,5,7,4,4,9,4,5,1,12,1,13,2,8,4,5,7,19,8,20,10,15,,67,43,1,22,9,121.5783029,25.03697629
111,2,7,8,10,2,03中山區,中山區南京東路2段與建國北路2段口,0,0,1,2,B01,8,3,5,50,4,1,1,5,4,5,7,2,1,9,4,4,2,13,1,33,3,10,3,4,7,9,1,10,1,3,,44,16,1,22,9,121.5366179,25.05210423
111,2,7,8,10,2,03中山區,中山區南京東路2段與建國北路2段口,0,0,1,1,C03,8,3,5,50,4,1,1,5,4,5,7,2,1,9,4,4,2,13,2,62,2,9,3,4,7,9,1,10,1,11,,16,16,1,22,9,121.5366179,25.05210423
111,2,7,8,32,2,08士林區,士林區重慶北路4段117號與延平北路5段136巷口,0,0,2,1,C03,7,1,5,40,3,2,1,5,4,5,7,4,4,1,4,4,2,16,1,39,3,10,1,1,7,6,1,10,1,12,,9,9,1,22,9,121.5123848,25.08243491
111,2,7,8,32,2,08士林區,士林區重慶北路4段117號與延平北路5段136巷口,0,0,2,2,C03,7,1,5,40,3,2,1,5,4,5,7,4,4,1,4,4,2,16,1,28,2,9,1,1,7,9,1,10,1,11,,14,9,1,22,9,121.5123848,25.08243491
111,2,7,8,32,2,08士林區,士林區重慶北路4段117號與延平北路5段136巷口,0,0,2,3,H02,7,1,5,40,3,2,1,5,4,5,7,4,4,1,4,4,2,16,1,10,2,8,4,5,7,21,8,20,10,15,,67,9,1,22,9,121.5123848,25.08243491
111,2,7,8,35,2,11南港區,南港區成美橋與南港路3段口,0,0,1,1,C03,7,1,5,50,5,1,1,5,4,5,7,2,1,4,3,5,2,16,2,25,2,5,1,1,7,8,1,10,1,11,,7,7,1,22,9,121.5829094,25.05185137
111,2,7,8,35,2,11南港區,南港區成美橋與南港路3段口,0,0,1,2,C03,7,1,5,50,5,1,1,5,4,5,7,2,1,4,3,5,2,16,2,29,3,10,1,1,7,9,1,10,1,14,,44,7,1,22,9,121.5829094,25.05185137
111,2,7,8,44,2,07信義區,信義區忠孝東路5段295巷與忠孝東路5段口,0,0,1,1,C03,8,1,5,50,3,2,1,5,4,5,7,4,4,3,4,5,2,12,1,34,2,7,1,1,7,7,1,10,1,14,,7,7,1,22,9,121.572536,25.0409885
111,2,7,8,44,2,07信義區,信義區忠孝東路5段295巷與忠孝東路5段口,0,0,1,2,B03,8,1,5,50,3,2,1,5,4,5,7,4,4,3,4,5,2,12,2,46,3,10,1,1,7,9,1,8,1,2,,44,7,1,22,9,121.572536,25.0409885
111,2,7,8,51,2,06松山區,松山區敦化北路與南京東路3段口,0,0,2,1,C03,8,1,5,50,4,2,1,5,4,5,7,1,1,1,4,4,2,13,1,30,2,8,1,4,7,9,1,10,1,14,,44,44,1,22,9,121.5487454,25.05211296
111,2,7,8,51,2,06松山區,松山區敦化北路與南京東路3段口,0,0,2,2,C03,8,1,5,50,4,2,1,5,4,5,7,1,1,1,4,4,2,13,1,26,2,8,1,4,7,9,1,10,1,13,,42,44,1,22,9,121.5487454,25.05211296
111,2,7,8,51,2,06松山區,松山區民權東路4段與敦化北路口,0,0,1,1,C03,8,1,5,50,4,1,1,5,4,5,7,1,1,1,1,4,1,17,2,36,2,9,1,1,7,6,1,10,1,12,,23,23,1,22,9,121.551167,25.06142287
111,2,7,8,51,2,06松山區,松山區民權東路4段與敦化北路口,0,0,1,2,C03,8,1,5,50,4,1,1,5,4,5,7,1,1,1,1,4,1,17,1,28,3,10,1,1,7,6,1,10,1,13,,44,23,1,22,9,121.551167,25.06142287
111,2,7,8,55,2,06松山區,松山區市民大道6段與基隆路1段口,0,0,3,1,C03,8,1,5,40,4,1,1,5,4,5,7,1,1,1,4,5,2,12,1,66,2,9,1,1,7,9,1,10,1,11,,16,16,1,22,9,121.5694565,25.04912903
111,2,7,8,55,2,06松山區,松山區市民大道6段與基隆路1段口,0,0,3,2,C03,8,1,5,40,4,1,1,5,4,5,7,1,1,1,4,5,2,12,2,26,2,9,1,1,7,12,1,10,1,14,,44,16,1,22,9,121.5694565,25.04912903
111,2,7,8,55,2,06松山區,松山區市民大道6段與基隆路1段口,0,0,3,3,H02,8,1,5,40,4,1,1,5,4,5,7,1,1,1,4,5,2,12,2,31,2,9,4,5,7,20,8,20,10,16,,67,16,1,22,9,121.5694565,25.04912903
111,2,7,9,20,2,07信義區,信義區基隆路1段與東興路口,0,0,2,1,C03,8,1,5,50,4,1,1,5,4,5,7,1,1,9,4,5,2,13,1,35,2,9,1,1,7,9,1,10,1,11,,16,16,1,22,9,121.5671111,25.0458478
111,2,7,9,20,2,07信義區,信義區基隆路1段與東興路口,0,0,2,2,C03,8,1,5,50,4,1,1,5,4,5,7,1,1,9,4,5,2,13,1,28,3,10,1,1,7,9,1,10,1,13,,43,16,1,22,9,121.5671111,25.0458478
111,2,7,9,20,2,07信義區,信義區基隆路1段與東興路口,0,0,2,3,H02,8,1,5,50,4,1,1,5,4,5,7,1,1,9,4,5,2,13,2,64,2,9,4,5,7,20,8,20,10,16,,67,16,1,22,9,121.5671111,25.0458478
111,2,7,9,28,2,01大同區,大同區重慶北路1段18號,0,0,1,1,C03,8,1,5,50,14,9,1,5,4,5,7,4,4,1,4,5,2,17,1,70,2,9,1,1,7,9,1,10,1,11,,16,16,1,22,9,121.5134827,25.05022626
111,2,7,9,28,2,01大同區,大同區重慶北路1段18號,0,0,1,2,B03,8,1,5,50,14,9,1,5,4,5,7,4,4,1,4,5,2,17,1,38,3,10,1,1,7,15,1,8,1,6,,44,16,1,22,9,121.5134827,25.05022626
111,2,7,9,50,2,03中山區,中山區民生東路2段與松江路口,0,0,2,1,C03,8,1,5,50,4,2,1,5,4,5,7,1,1,5,4,5,2,13,2,51,2,9,1,1,7,9,1,10,1,11,,16,16,1,22,9,121.5329562,25.05793977
111,2,7,9,50,2,03中山區,中山區民生東路2段與松江路口,0,0,2,2,C03,8,1,5,50,4,2,1,5,4,5,7,1,1,5,4,5,2,13,1,29,3,10,1,1,7,9,1,10,1,13,,44,16,1,22,9,121.5329562,25.05793977
111,2,7,9,50,2,03中山區,中山區民生東路2段與松江路口,0,0,2,3,C03,8,1,5,50,4,2,1,5,4,5,7,1,1,5,4,5,2,13,2,55,3,10,1,1,7,14,1,10,1,15,,44,16,1,22,9,121.5329562,25.05793977
111,2,7,9,50,2,03中山區,中山區民生東路2段與松江路口,0,0,2,4,H02,8,1,5,50,4,2,1,5,4,5,7,1,1,5,4,5,2,13,2,49,2,9,4,5,7,20,8,20,10,16,,67,16,1,22,9,121.5329562,25.05793977
111,2,7,9,52,2,10文山區,文山區永安街22巷與保儀路口,0,0,1,1,B03,8,1,5,50,4,1,1,5,4,5,7,2,1,9,4,5,2,3,1,71,3,10,1,1,7,9,1,8,2,5,,23,23,1,22,9,121.5684005,24.98683005
111,2,7,9,52,2,10文山區,文山區永安街22巷與保儀路口,0,0,1,2,H01,8,1,5,50,4,1,1,5,4,5,7,2,1,9,4,5,2,3,2,82,2,9,4,1,8,16,8,20,10,15,,52,23,1,22,9,121.5684005,24.98683005
111,2,7,10,50,2,12內湖區,內湖區成功路2段與石潭路口,0,0,1,1,B03,8,1,5,50,4,1,1,5,4,5,7,1,1,1,4,5,2,15,2,43,3,10,1,1,7,9,1,8,2,8,,25,25,1,22,9,121.5906395,25.06361467
111,2,7,10,50,2,12內湖區,內湖區成功路2段與石潭路口,0,0,1,2,C03,8,1,5,50,4,1,1,5,4,5,7,1,1,1,4,5,2,15,2,49,2,9,1,1,7,9,1,10,2,11,,44,25,1,22,9,121.5906395,25.06361467
111,2,7,11,42,2,04大安區,大安區市民大道4段66號前,0,0,1,1,B03,8,1,5,40,14,9,1,5,4,5,7,4,4,10,4,5,2,17,1,38,3,10,1,1,7,15,1,8,1,2,,13,13,1,22,9,121.5470172,25.04496441
111,2,7,11,42,2,04大安區,大安區市民大道4段66號前,0,0,1,2,C03,8,1,5,40,14,9,1,5,4,5,7,4,4,10,4,5,2,17,2,28,2,9,1,1,7,10,1,10,1,14,,7,13,1,22,9,121.5470172,25.04496441
111,2,7,12,10,2,08士林區,士林區德行東路190巷與德行東路190巷31弄口,0,0,2,1,C03,8,1,5,30,4,1,1,5,4,5,7,4,4,10,5,5,1,15,1,45,2,7,1,1,7,9,1,10,2,12,,6,6,1,22,9,121.531818,25.1073442
111,2,7,12,10,2,08士林區,士林區德行東路190巷與德行東路190巷31弄口,0,0,2,2,C03,8,1,5,30,4,1,1,5,4,5,7,4,4,10,5,5,1,15,1,52,2,7,1,1,7,9,1,10,2,11,,44,6,1,22,9,121.531818,25.1073442
111,2,7,12,11,2,01大同區,大同區南京西路25巷與赤峰街71巷口,0,0,2,1,C03,7,1,5,30,3,2,1,5,4,5,7,4,4,9,5,5,2,9,1,59,2,9,1,1,7,9,1,10,2,11,,23,23,1,22,9,121.5204868,25.05671841
111,2,7,12,11,2,01大同區,大同區南京西路25巷與赤峰街71巷口,0,0,2,2,H01,7,1,5,30,3,2,1,5,4,5,7,4,4,9,5,5,2,9,2,17,2,9,4,5,8,16,8,20,10,16,,67,23,1,22,9,121.5204868,25.05671841
111,2,7,12,33,2,08士林區,士林區德行東路與中山北路6段口,0,0,1,1,B01,8,1,5,50,4,1,1,5,4,5,7,1,1,1,4,5,2,11,1,27,3,10,3,4,7,5,1,4,1,2,,6,6,1,22,9,121.5249436,25.10648404
111,2,7,12,33,2,08士林區,士林區德行東路與中山北路6段口,0,0,1,2,C03,8,1,5,50,4,1,1,5,4,5,7,1,1,1,4,5,2,11,1,29,2,9,1,1,7,9,1,10,1,11,,44,6,1,22,9,121.5249436,25.10648404
111,2,7,13,5,2,12內湖區,內湖區港墘路與洲子街口,0,0,1,1,B03,8,1,5,50,4,1,1,5,4,5,7,1,1,1,4,5,2,3,1,58,3,10,1,1,7,6,1,8,1,1,,15,15,1,22,9,121.5759456,25.078101