發生年度,發生月,發生日,發生時-Hours,發生分,處理別-編號,區序,肇事地點,死亡人數,2-30日死亡人數,受傷人數,當事人序號,車種,天候,光線,道路類別,速限-速度限制,道路型態,事故位置,路面狀況1,路面狀況2,路面狀況3,道路障礙1,道路障礙2,號誌1,號誌2,車道劃分-分向,車道劃分-分道1,車道劃分-分道2,車道劃分-分道3,事故類型及型態,性別,年齡,受傷程度,主要傷處,安全帽,行動電話,車輛用途,當事者行動狀態,駕駛資格情形,駕駛執照種類,飲酒情形,車輛撞擊部位1,車輛撞擊部位2,肇因碼-個別,肇因碼-主要,個人肇逃否,職業,旅次目的,座標-X,座標-Y
111,2,7,13,5,2,12內湖區,內湖區港墘路與洲子街口,0,0,1,2,H01,8,1,5,50,4,1,1,5,4,5,7,1,1,1,4,5,2,3,1,44,2,9,4,5,8,16,8,20,10,16,,67,15,1,22,9,121.5759456,25.078101
111,2,7,13,10,2,11南港區,南港區南港路1段與中南街口,0,0,1,1,B01,8,1,5,50,4,1,1,5,4,5,7,1,1,10,4,5,2,15,1,60,3,10,1,1,7,11,1,8,1,2,,10,10,1,22,9,121.6152741,25.05521209
111,2,7,13,10,2,11南港區,南港區南港路1段與中南街口,0,0,1,2,C03,8,1,5,50,4,1,1,5,4,5,7,1,1,10,4,5,2,15,2,20,2,8,1,1,7,9,1,10,1,11,,23,10,1,22,9,121.6152741,25.05521209
111,2,7,14,14,2,02萬華區,萬華區西園路2段與西園路2段225巷口,0,0,1,1,C03,7,1,5,50,3,2,1,5,4,5,7,1,1,1,4,5,1,12,1,92,2,9,1,1,7,7,1,10,1,15,,7,7,1,22,9,121.4945723,25.02750234
111,2,7,14,14,2,02萬華區,萬華區西園路2段與西園路2段225巷口,0,0,1,2,C03,7,1,5,50,3,2,1,5,4,5,7,1,1,1,4,5,1,12,1,32,3,10,1,1,7,9,1,10,1,15,,23,7,1,22,9,121.4945723,25.02750234
111,2,7,14,24,2,09北投區,北投區北投路2段與大業路452巷口,0,0,1,1,B03,8,1,5,30,3,1,1,5,4,3,7,4,4,10,5,5,2,17,2,43,3,10,3,4,7,5,1,4,2,8,,6,6,1,22,9,121.4975362,25.13180528
111,2,7,14,24,2,09北投區,北投區北投路2段與大業路452巷口,0,0,1,2,C03,8,1,5,30,3,1,1,5,4,3,7,4,4,10,5,5,2,17,2,66,2,1,3,4,7,9,1,10,2,11,,13,6,1,22,9,121.4975362,25.13180528
111,2,7,14,59,2,05中正區,中正區仁愛路2段98號,0,0,1,1,B03,8,1,5,50,14,9,1,5,4,5,5,4,4,1,1,1,2,17,1,50,3,10,1,1,7,1,1,8,2,5,,19,19,1,22,9,121.5317234,25.03808459
111,2,7,14,59,2,05中正區,中正區仁愛路2段98號,0,0,1,2,C03,8,1,5,50,14,9,1,5,4,5,5,4,4,1,1,1,2,17,1,38,2,9,1,1,7,9,1,10,2,11,,44,19,1,22,9,121.5317234,25.03808459
111,2,7,15,7,2,08士林區,士林區百齡橋百齡011處,0,0,2,1,C03,7,1,5,50,8,11,1,5,4,5,7,4,4,5,4,4,1,13,1,45,3,10,1,1,7,9,1,10,2,12,,23,23,1,22,9,121.5120608,25.08798996
111,2,7,15,7,2,08士林區,士林區百齡橋百齡011處,0,0,2,2,F01,7,1,5,50,8,11,1,5,4,5,7,4,4,5,4,4,1,13,1,74,2,9,1,1,7,9,8,20,2,16,,44,23,1,22,9,121.5120608,25.08798996
111,2,7,15,7,2,08士林區,士林區百齡橋百齡011處,0,0,2,3,C03,7,1,5,50,8,11,1,5,4,5,7,4,4,5,4,4,1,13,1,47,2,9,1,1,7,9,1,10,2,11,,16,23,1,22,9,121.5120608,25.08798996
111,2,7,15,20,2,08士林區,士林區延平北路5段257巷15弄與延平北路5段231巷口,0,0,1,1,B12,8,1,5,30,3,2,1,5,4,5,5,4,4,10,5,5,2,6,1,39,3,10,3,1,7,9,1,8,2,1,,23,23,1,22,9,121.5091687,25.08415356
111,2,7,15,20,2,08士林區,士林區延平北路5段257巷15弄與延平北路5段231巷口,0,0,1,2,H01,8,1,5,30,3,2,1,5,4,5,5,4,4,10,5,5,2,6,1,12,2,9,4,5,8,18,8,20,10,16,,67,23,1,22,9,121.5091687,25.08415356
111,2,7,15,20,2,08士林區,士林區延平北路5段257巷15弄與延平北路5段231巷口,0,0,1,3,B03,8,1,5,30,3,2,1,5,4,5,5,4,4,10,5,5,2,6,1,31,3,10,3,4,7,13,1,8,11,15,,38,23,1,22,9,121.5091687,25.08415356
111,2,7,15,25,2,07信義區,信義區基隆路1段156號,0,0,1,1,B03,7,1,5,50,14,9,1,5,4,5,7,4,4,1,4,5,1,12,2,57,3,10,1,1,7,7,1,8,2,2,,23,23,1,22,9,121.566358,25.04448355
111,2,7,15,25,2,07信義區,信義區基隆路1段156號,0,0,1,2,C03,7,1,5,50,14,9,1,5,4,5,7,4,4,1,4,5,1,12,2,60,2,9,1,1,7,7,1,10,2,14,,7,23,1,22,9,121.566358,25.04448355
111,2,7,15,30,2,02萬華區,萬華區三水街與南寧路口,0,0,1,1,B03,7,1,5,50,4,1,1,5,4,5,7,1,2,1,3,5,1,17,1,68,3,10,3,4,7,5,1,8,1,6,,6,6,1,22,9,121.5039009,25.035536
111,2,7,15,30,2,02萬華區,萬華區三水街與南寧路口,0,0,1,2,C03,7,1,5,50,4,1,1,5,4,5,7,1,2,1,3,5,1,17,1,22,2,9,3,4,7,9,1,10,1,11,,23,6,1,22,9,121.5039009,25.035536
111,2,7,15,50,2,07信義區,信義區崇德街與信安街口,0,0,2,1,C03,7,1,5,50,4,1,1,5,4,5,7,1,1,9,5,5,2,11,2,32,2,9,3,4,7,5,1,10,2,12,,6,6,1,22,9,121.5558042,25.02405697
111,2,7,15,50,2,07信義區,信義區崇德街與信安街口,0,0,2,2,C03,7,1,5,50,4,1,1,5,4,5,7,1,1,9,5,5,2,11,1,21,2,7,3,4,7,9,1,10,2,11,,44,6,1,22,9,121.5558042,25.02405697
111,2,7,15,53,2,09北投區,北投區珠海路與雙全街口口,0,0,1,1,C03,6,1,5,30,4,1,1,4,4,5,7,4,4,5,5,5,2,16,1,58,2,9,1,1,7,5,1,10,2,13,,6,6,1,22,9,121.5010253,25.13757469
111,2,7,15,53,2,09北投區,北投區珠海路與雙全街口口,0,0,1,2,B03,6,1,5,30,4,1,1,4,4,5,7,4,4,5,5,5,2,16,1,35,3,10,1,1,7,9,1,8,2,5,,23,6,1,22,9,121.5010253,25.13757469
111,2,7,15,54,2,05中正區,中正區仁愛路2段與金山南路1段口口,0,0,2,1,C03,7,1,5,50,4,1,1,5,4,5,7,2,1,9,4,4,1,15,1,77,2,9,1,1,7,9,6,18,2,12,,43,43,1,20,5,121.5282376,25.03835965
111,2,7,15,54,2,05中正區,中正區仁愛路2段與金山南路1段口口,0,0,2,2,C03,7,1,5,50,4,1,1,5,4,5,7,2,1,9,4,4,1,15,1,69,2,9,1,1,7,9,1,10,2,11,,43,43,1,21,5,121.5282376,25.03835965
111,2,7,16,10,2,09北投區,北投區榮華三路55號,0,0,2,1,C03,7,1,5,50,14,9,1,5,4,5,7,4,4,5,4,5,2,13,2,26,2,9,3,4,7,9,1,10,1,11,,16,16,1,22,9,121.5200846,25.1141544
111,2,7,16,10,2,09北投區,北投區榮華三路55號,0,0,2,2,C03,7,1,5,50,14,9,1,5,4,5,7,4,4,5,4,5,2,13,1,28,2,9,3,4,7,15,1,10,1,13,,44,16,1,22,9,121.5200846,25.1141544
111,2,7,16,10,2,09北投區,北投區榮華三路55號,0,0,2,3,B03,7,1,5,50,14,9,1,5,4,5,7,4,4,5,4,5,2,13,1,36,3,10,3,4,7,14,1,8,1,3,,44,16,1,22,9,121.5200846,25.1141544
111,2,7,16,26,2,07信義區,信義區忠孝東路5段783號,0,0,1,1,C03,7,1,5,50,14,9,1,5,4,5,7,4,4,1,4,5,1,13,2,30,2,9,1,1,7,9,1,10,1,11,,43,43,1,22,9,121.5815729,25.04378734
111,2,7,16,26,2,07信義區,信義區忠孝東路5段783號,0,0,1,2,B12,7,1,5,50,14,9,1,5,4,5,7,4,4,1,4,5,1,13,1,56,3,10,1,1,7,14,1,8,1,3,,43,43,1,22,9,121.5815729,25.04378734
111,2,7,16,31,2,07信義區,信義區信安街與信安街67巷口,0,0,2,1,C03,7,1,5,50,4,1,1,5,4,5,7,3,1,5,4,5,2,13,2,21,2,9,1,1,7,9,1,10,2,11,,23,23,1,22,9,121.5574689,25.0261067
111,2,7,16,31,2,07信義區,信義區信安街與信安街67巷口,0,0,2,2,C03,7,1,5,50,4,1,1,5,4,5,7,3,1,5,4,5,2,13,1,55,2,9,1,1,7,5,1,10,2,13,,44,23,1,22,9,121.5574689,25.0261067
111,2,7,16,46,2,04大安區,大安區羅斯福路4段與基隆路4段口口圓環東南角,0,0,2,1,C03,6,1,5,50,16,9,1,4,4,5,7,2,1,8,3,5,1,16,2,36,2,8,3,4,7,10,1,10,1,14,,26,26,1,22,9,121.537465,25.01114098
111,2,7,16,46,2,04大安區,大安區羅斯福路4段與基隆路4段口口圓環東南角,0,0,2,2,C03,6,1,5,50,16,9,1,4,4,5,7,2,1,8,3,5,1,16,1,21,2,6,3,4,7,15,1,10,1,12,,44,26,1,22,9,121.537465,25.01114098
111,2,7,16,46,2,09北投區,北投區磺港路與光明路口,0,0,1,1,B01,6,1,5,50,3,2,1,4,4,5,6,3,1,9,4,5,2,3,1,59,3,10,3,4,7,5,1,8,2,8,,15,15,1,22,9,121.501994,25.1333279
111,2,7,16,46,2,09北投區,北投區磺港路與光明路口,0,0,1,2,H01,6,1,5,50,3,2,1,4,4,5,6,3,1,9,4,5,2,3,2,53,2,9,4,5,8,16,8,20,10,16,,51,15,1,22,9,121.501994,25.1333279
111,2,7,17,15,2,09北投區,北投區明德路與懷德街口,0,0,1,1,B03,6,1,5,50,4,2,1,4,4,5,7,1,1,5,4,5,2,16,1,43,3,10,3,4,7,5,1,8,1,8,,8,8,1,22,9,121.5202086,25.1101288
111,2,7,17,15,2,09北投區,北投區明德路與懷德街口,0,0,1,2,C03,6,1,5,50,4,2,1,4,4,5,7,1,1,5,4,5,2,16,2,62,2,9,3,4,7,9,1,10,1,14,,44,8,1,22,9,121.5202086,25.1101288
111,2,7,17,25,2,12內湖區,內湖區內湖路1段360巷6號,0,0,1,1,B01,6,1,5,50,14,9,1,4,4,5,7,4,4,5,5,5,2,16,1,52,3,10,1,1,7,5,1,2,1,1,,8,8,1,22,9,121.5705269,25.08091847
111,2,7,17,25,2,12內湖區,內湖區內湖路1段360巷6號,0,0,1,2,C03,6,1,5,50,14,9,1,4,4,5,7,4,4,5,5,5,2,16,1,51,2,8,1,1,7,9,1,10,1,14,,44,8,1,22,9,121.5705269,25.08091847
111,2,7,17,28,2,12內湖區,內湖區民權大橋東向西,0,0,2,1,C03,6,3,5,50,14,11,1,4,4,5,7,4,4,3,4,5,2,13,2,27,2,9,1,1,7,9,1,10,1,11,,16,16,1,22,9,121.5771639,25.06646232
111,2,7,17,28,2,12內湖區,內湖區民權大橋東向西,0,0,2,2,C03,6,3,5,50,14,11,1,4,4,5,7,4,4,3,4,5,2,13,1,65,2,9,1,1,7,9,1,10,1,13,,44,16,1,22,9,121.5771639,25.06646232
111,2,7,17,46,2,08士林區,士林區文林路與福國路口,0,0,1,1,A02,6,1,8,50,15,22,1,4,4,5,7,1,1,5,3,5,2,9,1,30,3,10,1,1,7,12,1,2,2,15,,44,44,1,22,9,121.5218492,25.10140054
111,2,7,17,46,2,08士林區,士林區文林路與福國路口,0,0,1,2,H02,6,1,8,50,15,22,1,4,4,5,7,1,1,5,3,5,2,9,2,58,2,9,4,5,7,20,8,20,10,16,,67,44,1,22,9,121.5218492,25.10140054
111,2,7,17,51,2,05中正區,中正區汀州路3段與師大路口,0,0,1,1,B03,6,3,5,50,5,1,1,4,4,5,7,1,1,1,4,5,2,17,1,61,3,10,1,1,7,9,1,8,1,8,,23,23,1,22,9,121.5256704,25.02076357
111,2,7,17,51,2,05中正區,中正區汀州路3段與師大路口,0,0,1,2,C03,6,3,5,50,5,1,1,4,4,5,7,1,1,1,4,5,2,17,1,51,3,10,1,1,7,8,1,10,1,13,,7,23,1,22,9,121.5256704,25.02076357
111,2,7,17,51,2,05中正區,中正區汀州路3段與師大路口,0,0,1,3,C02,6,3,5,50,5,1,1,4,4,5,7,1,1,1,4,5,2,17,1,36,2,7,1,1,7,14,4,10,1,13,,44,23,1,22,9,121.5256704,25.02076357
111,2,7,17,55,2,12內湖區,內湖區內湖路1段與內湖路1段120巷口,0,0,2,1,C03,6,3,5,50,4,4,1,4,4,5,7,2,1,1,4,5,2,13,1,37,2,9,1,1,7,9,1,10,1,11,,42,42,1,22,9,121.5633226,25.08326035
111,2,7,17,55,2,12內湖區,內湖區內湖路1段與內湖路1段120巷口,0,0,2,2,C03,6,3,5,50,4,4,1,4,4,5,7,2,1,1,4,5,2,13,1,35,2,9,1,1,7,14,1,10,1,13,,44,42,1,22,9,121.5633226,25.08326035
111,2,7,18,0,2,05中正區,中正區基隆路4段與汀州路3段口,0,0,1,1,C03,6,3,5,50,4,1,1,4,4,5,7,1,1,1,4,5,2,12,1,53,3,10,1,1,7,9,1,10,1,14,,23,23,1,22,9,121.5362391,25.0110207
111,2,7,18,0,2,05中正區,中正區基隆路4段與汀州路3段口,0,0,1,2,C03,6,3,5,50,4,1,1,4,4,5,7,1,1,1,4,5,2,12,2,52,2,9,1,1,7,9,4,11,1,12,,44,23,1,22,9,121.5362391,25.0110207
111,2,7,18,11,2,09北投區,北投區磺港路與三合街1段口,0,0,1,1,B02,6,3,5,40,4,1,1,4,4,5,7,2,1,5,4,5,2,17,1,39,4,11,3,4,7,15,7,19,11,15,,26,26,2,22,9,121.503634,25.12670894
111,2,7,18,11,2,09北投區,北投區磺港路與三合街1段口,0,0,1,2,C03,6,3,5,40,4,1,1,4,4,5,7,2,1,5,4,5,2,17,2,37,2,9,1,1,7,9,1,10,9,15,,44,26,1,22,9,121.503634,25.12670894
111,2,7,18,23,2,03中山區,中山區北安路630巷15號,0,0,1,1,C03,6,3,5,30,14,9,1,4,4,5,7,4,4,5,5,5,2,14,2,37,2,8,1,1,7,2,1,10,9,13,,12,12,1,22,9,121.5500201,25.08273766
111,2,7,18,23,2,03中山區,中山區北安路630巷15號,0,0,1,2,B03,6,3,5,30,14,9,1,4,4,5,7,4,4,5,5,5,2,14,1,37,3,10,3,4,7,9,1,8,9,5,,23,12,1,22,9,121.5500201,25.08273766
111,2,7,18,30,2,03中山區,中山區自強隧道圓環,0,0,1,1,B03,6,3,5,50,16,9,1,4,4,5,7,1,1,10,4,5,2,17,1,71,3,10,1,1,7,15,1,8,2,8,,44,44,1,22,9,121.5505941,25.08554468
111,2,7,18,30,2,03中山區,中山區自強隧道圓環,0,0,1,2,C03,6,3,5,50,16,9,1,4,4,5,7,1,1,10,4,5,2,17,2,38,2,7,1,1,7,8,1,10,2,12,,7,44,1,22,9,121.5505941,25.08554468
111,2,7,18,31,2,10文山區,文山區景隆街36巷與景興路10巷口口,0,0,1,1,B03,6,3,5,30,4,1,1,4,4,5,7,4,4,10,5,5,2,9,1,54,3,10,1,1,7,5,1,8,2,1,,15,15,1,22,9,121.5429066,24.9980165
111,2,7,18,31,2,10文山區,文山區景隆街36巷與景興路10巷口口,0,0,1,2,H01,6,3,5,30,4,1,1,4,4,5,7,4,4,10,5,5,2,9,2,61,2,9,1,5,8,17,8,20,10,16,,67,15,1,22,9,121.5429066,24.9980165
111,2,7,18,33,2,08士林區,士林區忠誠路2段21巷45弄,0,0,2,1,C03,6,3,5,30,4,1,1,4,4,5,7,4,4,10,5,5,2,15,1,42,2,9,1,1,7,9,1,10,1,11,,43,43,1,22,9,121.5329012,25.11044969
111,2,7,18,33,2,08士林區,士林區忠誠路2段21巷45弄,0,0,2,2,C03,6,3,5,30,4,1,1,4,4,5,7,4,4,10,5,5,2,15,2,52,2,9,1,1,7,9,1,10,1,11,,44,43,1,22,9,121.5329012,25.11044969
111,2,7,18,35,2,09北投區,北投區大業路與豐年路2段口,0,0,2,1,B03,6,3,5,50,4,2,1,4,4,5,7,2,1,1,4,5,2,9,1,24,3,10,1,1,7,2,1,8,2,3,,12,12,1,22,9,121.4963957,25.13493997
111,2,7,18,35,2,09北投區,北投區大業路與豐年路2段口,0,0,2,2,H01,6,3,5,50,4,2,1,4,4,5,7,2,1,1,4,5,2,9,2,60,2,9,4,5,8,17,8,20,10,16,,67,12,1,22,9,121.4963957,25.13493997
111,2,7,18,35,2,09北投區,北投區大業路與豐年路2段口,0,0,2,3,H01,6,3,5,50,4,2,1,4,4,5,7,2,1,1,4,5,2,9,2,76,2,9,4,5,8,17,8,20,10,16,,67,12,1,22,9,121.4963957,25.13493997
111,2,7,18,46,2,04大安區,大安區基隆路2段與基隆路2段291巷口,0,0,2,1,H01,6,3,5,0,3,1,1,4,4,5,7,4,4,1,4,5,2,9,1,40,2,9,4,1,8,16,8,20,10,16,,52,52,1,22,9,121.5494274,25.02144548
111,2,7,18,46,2,04大安區,大安區基隆路2段與基隆路2段291巷口,0,0,2,2,C03,6,3,5,0,3,1,1,4,4,5,7,4,4,1,4,5,2,9,1,33,2,9,1,1,7,9,1,10,1,11,,44,52,1,22,9,121.5494274,25.02144548
111,2,7,18,47,2,04大安區,大安區大安路1段194-1號,0,0,1,1,B03,6,3,5,40,14,7,1,4,4,5,7,4,4,10,5,4,1,12,1,64,3,10,3,4,7,1,1,8,2,8,,19,19,1,22,9,121.545977,25.03548949
111,2,7,18,47,2,04大安區,大安區大安路1段194-1號,0,0,1,2,C03,6,3,5,40,14,7,1,4,4,5,7,4,4,10,5,4,1,12,1,49,2,9,3,4,7,9,3,18,2,11,,44,19,1,22,9,121.545977,25.03548949
111,2,7,18,54,2,03中山區,中山區松江路與民族東路口,0,0,1,1,B03,6,3,5,50,5,1,1,4,4,5,7,4,4,10,4,4,2,17,2,42,3,10,3,4,7,6,1,8,1,5,,9,9,1,22,9,121.5333961,25.06837374
111,2,7,18,54,2,03中山區,中山區松江路與民族東路口,0,0,1,2,C03,6,3,5,50,5,1,1,4,4,5,7,4,4,10,4,4,2,17,1,21,2,9,3,4,7,9,1,10,1,14,,23,9,1,22,9,121.5333961,25.06837374
111,2,7,19,0,2,09北投區,北投區石牌路1段與致遠二路口,0,0,2,1,C03,7,3,5,50,4,2,1,4,4,5,7,1,1,9,4,5,2,11,2,26,2,9,1,1,7,5,1,10,2,12,,8,8,1,22,9,121.5119159,25.1140528
111,2,7,19,0,2,09北投區,北投區石牌路1段與致遠二路口,0,0,2,2,C03,7,3,5,50,4,2,1,4,4,5,7,1,1,9,4,5,2,11,1,23,2,9,1,1,7,9,1,10,2,11,,44,8,1,22,9,121.5119159,25.1140528
111,2,7,19,8,2,03中山區,中山區北安路789號,0,0,1,1,F01,6,3,8,0,15,22,1,4,4,5,7,4,4,10,5,5,2,17,1,27,2,9,1,1,7,9,8,20,11,16,,23,23,1,22,9,121.5535648,25.08560108
111,2,7,19,8,2,03中山區,中山區北安路789號,0,0,1,2,B03,6,3,8,0,15,22,1,4,4,5,7,4,4,10,5,5,2,17,1,53,3,10,1,1,7,14,1,8,11,2,,38,23,1,22,9,121.5535648,25.08560108
111,2,7,19,21,2,03中山區,中山區樂群三路美麗華停車場出口處,0,0,1,2,C03,6,3,5,50,3,1,1,4,4,5,7,4,4,9,4,4,2,17,2,33,2,9,1,1,7,9,1,10,1,14,,42,19,1,22,9,121.5569677,25.08266589
111,2,7,19,21,2,03中山區,中山區樂群三路美麗華停車場出口處,0,0,1,1,B03,6,3,5,50,3,1,1,4,4,5,7,4,4,9,4,4,2,17,1,43,4,11,3,4,7,1,7,19,11,15,,19,19,2,22,9,121.5569677,25.08266589
111,2,7,19,30,2,06松山區,松山區健康路262號,0,0,1,1,C03,6,3,5,50,14,7,1,4,4,5,7,4,4,1,4,4,2,17,2,45,2,9,1,1,7,9,1,10,1,12,,23,23,1,22,9,121.5631575,25.05406279
111,2,7,19,30,2,06松山區,松山區健康路262號,0,0,1,2,,6,3,5,50,14,7,1,4,4,5,7,4,4,1,4,4,2,17,4,,4,11,3,4,7,15,7,19,11,15,,43,23,2,22,9,121.5631575,25.05406279
111,2,7,19,30,2,10文山區,文山區辛亥路5段25巷與興隆路2段244巷口,0,0,1,1,B03,6,3,5,50,4,2,1,4,4,5,7,2,1,1,4,5,2,3,1,54,3,10,1,1,7,5,1,8,1,1,,15,15,1,22,9,121.5540593,24.9998883
111,2,7,19,30,2,10文山區,文山區辛亥路5段25巷與興隆路2段244巷口,0,0,1,2,H01,6,3,5,50,4,2,1,4,4,5,7,2,1,1,4,5,2,3,1,49,2,9,4,5,8,16,8,20,10,15,,67,15,1,22,9,121.5540593,24.9998883
111,2,7,19,39,2,05中正區,中正區重慶南路3段與汀州路2段口,0,0,2,1,C03,6,3,5,30,4,1,1,4,4,5,7,1,1,1,4,5,2,13,1,72,2,9,1,1,7,9,1,10,2,11,,23,23,1,22,9,121.5162581,25.02578204
111,2,7,19,39,2,05中正區,中正區重慶南路3段與汀州路2段口,0,0,2,2,C03,6,3,5,30,4,1,1,4,4,5,7,1,1,1,4,5,2,13,2,24,2,9,1,1,7,9,1,10,2,13,,44,23,1,22,9,121.5162581,25.02578204
111,2,7,19,39,2,10文山區,文山區和平東路4段355號,0,0,1,1,C03,6,3,5,50,14,9,1,4,4,5,7,4,4,5,5,5,2,17,1,36,2,9,1,1,7,9,1,10,1,11,,23,23,1,22,9,121.5735799,25.0001096
111,2,7,19,39,2,10文山區,文山區和平東路4段355號,0,0,1,2,C03,6,3,5,50,14,9,1,4,4,5,7,4,4,5,5,5,2,17,1,65,3,10,3,4,7,13,1,10,11,14,,38,23,1,22,9,121.5735799,25.0001096
111,2,7,19,39,2,10文山區,文山區和平東路4段355號,0,0,1,3,F01,6,3,5,50,14,9,1,4,4,5,7,4,4,5,5,5,2,17,1,67,3,10,3,4,7,13,8,20,11,16,,44,23,1,22,9,121.5735799,25.0001096
111,2,7,19,39,2,10文山區,文山區和平東路4段355號,0,0,1,4,C03,6,3,5,50,14,9,1,4,4,5,7,4,4,5,5,5,2,17,1,67,3,10,3,4,7,13,1,10,11,12,,44,23,1,22,9,121.5735799,25.0001096
111,2,7,19,39,2,10文山區,文山區和平東路4段355號,0,0,1,5,C03,6,3,5,50,14,9,1,4,4,5,7,4,4,5,5,5,2,17,1,36,3,10,3,4,7,13,1,10,11,12,,44,23,1,22,9,121.5735799,25.0001096
111,2,7,19,39,2,10文山區,文山區和平東路4段355號,0,0,1,6,C03,6,3,5,50,14,9,1,4,4,5,7,4,4,5,5,5,2,17,1,40,3,10,3,4,7,13,1,10,11,12,,44,23,1,22,9,121.5735799,25.0001096
111,2,7,19,39,2,10文山區,文山區和平東路4段355號,0,0,1,7,C03,6,3,5,50,14,9,1,4,4,5,7,4,4,5,5,5,2,17,1,33,3,10,3,4,7,13,1,10,11,12,,44,23,1,22,9,121.5735799,25.0001096
111,2,7,19,39,2,10文山區,文山區和平東路4段355號,0,0,1,8,C03,6,3,5,50,14,9,1,4,4,5,7,4,4,5,5,5,2,17,1,39,3,10,3,4,7,13,1,10,11,12,,44,23,1,22,9,121.5735799,25.0001096
111,2,7,19,44,2,09北投區,北投區立德路150號,0,0,1,1,C04,6,3,5,50,14,9,1,4,4,5,7,4,4,5,4,5,2,12,2,40,2,7,1,1,7,8,1,11,1,12,,4,4,1,22,9,121.4722782,25.12782019
111,2,7,19,44,2,09北投區,北投區立德路150號,0,0,1,2,B03,6,3,5,50,14,9,1,4,4,5,7,4,4,5,4,5,2,12,1,45,3,10,1,1,7,9,1,8,1,6,,44,4,1,22,9,121.4722782,25.12782019
111,2,7,19,55,2,10文山區,文山區木新路3段172巷與忠順街1段26巷27弄口,0,0,3,1,C03,6,3,5,30,4,1,1,4,4,5,7,4,4,10,5,5,2,15,1,44,2,9,1,4,7,9,1,10,1,11,,6,6,1,22,9,121.5606431,24.98206816
111,2,7,19,55,2,10文山區,文山區木新路3段172巷與忠順街1段26巷27弄口,0,0,3,2,C03,6,3,5,30,4,1,1,4,4,5,7,4,4,10,5,5,2,15,1,19,2,9,1,4,7,9,1,10,1,12,,13,6,1,22,9,121.5606431,24.98206816
111,2,7,19,55,2,10文山區,文山區木新路3段172巷與忠順街1段26巷27弄口,0,0,3,3,H02,6,3,5,30,4,1,1,4,4,5,7,4,4,10,5,5,2,15,1,22,2,9,1,5,7,20,8,20,10,16,,67,6,1,22,9,121.5606431,24.98206816
111,2,7,20,12,2,04大安區,大安區基隆路4段與羅斯福路4段口,0,0,1,1,A04,6,3,5,50,5,2,1,4,4,5,7,2,1,1,4,5,2,12,1,49,3,10,1,1,7,6,1,2,2,5,,9,9,1,22,9,121.5370956,25.01154639
111,2,7,20,12,2,04大安區,大安區基隆路4段與羅斯福路4段口,0,0,1,2,F01,6,3,5,50,5,2,1,4,4,5,7,2,1,1,4,5,2,12,2,25,2,8,1,1,7,11,8,20,2,16,,11,9,1,22,9,121.5370956,25.01154639
111,2,7,20,19,2,06松山區,松山區慶城街與復興北路141巷口,0,0,2,1,C03,6,3,5,30,4,1,1,4,4,5,7,2,1,1,5,5,2,15,2,40,2,9,1,1,7,15,1,10,1,14,,6,6,1,22,9,121.5451848,25.0532739
111,2,7,20,19,2,06松山區,松山區慶城街與復興北路141巷口,0,0,2,2,C03,6,3,5,30,4,1,1,4,4,5,7,2,1,1,5,5,2,15,1,45,2,7,1,1,7,15,1,10,1,12,,44,6,1,22,9,121.5451848,25.0532739
111,2,7,20,45,2,03中山區,中山區林森北路與農安街口,0,0,1,1,B03,6,3,5,50,4,2,1,4,4,5,7,1,1,9,5,5,2,17,1,36,3,10,1,1,7,8,7,19,1,15,,7,7,1,22,9,121.5257123,25.06482655
111,2,7,20,45,2,03中山區,中山區林森北路與農安街口,0,0,1,2,C03,6,3,5,50,4,2,1,4,4,5,7,1,1,9,5,5,2,17,1,27,2,7,1,1,7,9,1,10,1,12,,42,7,1,22,9,121.5257123,25.06482655
111,2,7,21,7,2,10文山區,文山區興隆路2段171號,0,0,2,1,C03,6,3,5,50,14,9,1,4,4,5,7,4,4,1,4,5,2,12,1,68,2,1,1,1,7,1,1,10,1,14,,19,19,1,22,9,121.5489874,25.00060875
111,2,7,21,7,2,10文山區,文山區興隆路2段171號,0,0,2,2,C03,6,3,5,50,14,9,1,4,4,5,7,4,4,1,4,5,2,12,1,20,2,9,1,1,7,9,1,10,1,11,,44,19,1,22,9,121.5489874,25.00060875
111,2,7,21,16,2,02萬華區,萬華區康定路22號,0,0,1,1,B03,6,3,5,50,14,9,1,4,4,5,7,4,4,5,5,5,2,17,1,53,3,10,1,1,7,1,1,8,2,5,,19,19,1,22,9,121.5030398,25.04504527
111,2,7,21,16,2,02萬華區,萬華區康定路22號,0,0,1,2,C03,6,3,5,50,14,9,1,4,4,5,7,4,4,5,5,5,2,17,2,58,2,9,1,1,7,9,6,10,2,11,,44,19,1,22,9,121.5030398,25.04504527
111,2,7,21,16,2,02萬華區,萬華區康定路22號,0,0,1,3,A02,6,3,5,50,14,9,1,4,4,5,7,4,4,5,5,5,2,17,1,54,3,10,1,1,7,14,1,2,2,4,,44,19,1,22,9,121.5030398,25.04504527
111,2,7,22,1,2,04大安區,大安區市民大道4段64號,0,0,1,1,C03,6,3,5,40,14,9,1,4,4,5,7,4,4,1,3,5,1,17,1,23,2,9,3,4,7,9,1,10,1,11,,42,42,1,22,9,121.5468817,25.04507076
111,2,7,22,1,2,04大安區,大安區市民大道4段64號,0,0,1,2,B12,6,3,5,40,14,9,1,4,4,5,7,4,4,1,3,5,1,17,1,45,3,10,3,4,7,5,1,8,1,3,,44,42,1,22,9,121.5468817,25.04507076