發生年度,發生月,發生日,發生時-Hours,發生分,處理別-編號,區序,肇事地點,死亡人數,2-30日死亡人數,受傷人數,當事人序號,車種,天候,光線,道路類別,速限-速度限制,道路型態,事故位置,路面狀況1,路面狀況2,路面狀況3,道路障礙1,道路障礙2,號誌1,號誌2,車道劃分-分向,車道劃分-分道1,車道劃分-分道2,車道劃分-分道3,事故類型及型態,性別,年齡,受傷程度,主要傷處,安全帽,行動電話,車輛用途,當事者行動狀態,駕駛資格情形,駕駛執照種類,飲酒情形,車輛撞擊部位1,車輛撞擊部位2,肇因碼-個別,肇因碼-主要,個人肇逃否,職業,旅次目的,座標-X,座標-Y
111,2,7,22,5,2,04大安區,大安區仁愛路4段與敦化南路1段口,0,0,1,1,B03,6,3,5,50,16,9,1,4,4,5,7,2,1,1,4,5,2,17,1,33,3,10,1,1,7,9,1,8,2,2,,25,25,1,22,9,121.5490781,25.03866649
111,2,7,22,5,2,04大安區,大安區仁愛路4段與敦化南路1段口,0,0,1,2,C03,6,3,5,50,16,9,1,4,4,5,7,2,1,1,4,5,2,17,2,36,2,9,1,1,7,9,1,10,2,15,,44,25,1,22,9,121.5490781,25.03866649
111,2,7,23,2,2,03中山區,中山區市民大道3段與新生北路1段口,0,0,1,1,C03,6,3,5,40,4,2,1,4,4,5,7,1,1,1,3,5,1,12,1,27,3,10,1,1,7,6,1,10,1,12,,9,9,1,22,9,121.5309319,25.04621217
111,2,7,23,2,2,03中山區,中山區市民大道3段與新生北路1段口,0,0,1,2,C03,6,3,5,40,4,2,1,4,4,5,7,1,1,1,3,5,1,12,2,40,2,8,1,1,7,9,1,10,1,11,,44,9,1,22,9,121.5309319,25.04621217
111,2,7,23,37,2,06松山區,松山區麥帥一橋機車道西往東(第30號燈桿),0,0,2,1,C04,6,3,5,40,14,11,1,4,4,5,7,4,4,9,4,5,2,17,1,26,2,9,1,1,7,15,1,10,1,14,,42,42,1,22,9,121.5684166,25.05122437
111,2,7,23,37,2,06松山區,松山區麥帥一橋機車道西往東(第30號燈桿),0,0,2,2,C03,6,3,5,40,14,11,1,4,4,5,7,4,4,9,4,5,2,17,1,31,2,8,1,1,7,9,1,10,1,11,,44,42,1,22,9,121.5684166,25.05122437
111,2,8,6,12,2,05中正區,中正區中華路1段與開封街1段口,0,0,2,1,H01,6,2,5,0,4,1,1,4,4,5,7,2,1,1,4,1,1,2,1,55,2,9,4,5,8,16,8,20,10,16,,67,67,1,22,9,121.5095456,25.04587866
111,2,8,6,12,2,05中正區,中正區中華路1段與開封街1段口,0,0,2,2,C03,6,2,5,0,4,1,1,4,4,5,7,2,1,1,4,1,1,2,2,59,2,9,1,1,7,9,3,18,2,11,,44,67,1,22,9,121.5095456,25.04587866
111,2,8,6,51,2,09北投區,北投區大同街與光明路口,0,0,1,1,C03,7,1,5,30,4,1,1,5,4,5,7,4,4,5,5,5,2,15,1,21,2,7,1,1,7,9,1,10,1,11,,6,6,1,22,9,121.4994626,25.1326353
111,2,8,6,51,2,09北投區,北投區大同街與光明路口,0,0,1,2,C03,7,1,5,30,4,1,1,5,4,5,7,4,4,5,5,5,2,15,1,61,3,10,1,1,7,9,1,10,1,12,,44,6,1,22,9,121.4994626,25.1326353
111,2,8,7,5,2,08士林區,士林區至誠路2段與至誠路2段口芝山加油站出口,0,0,1,1,B03,6,2,5,50,3,1,1,4,4,5,7,4,4,8,5,5,2,17,1,88,3,10,3,4,7,1,1,8,1,8,,19,19,1,22,9,121.5287563,25.10175856
111,2,8,7,5,2,08士林區,士林區至誠路2段與至誠路2段口芝山加油站出口,0,0,1,2,C03,6,2,5,50,3,1,1,4,4,5,7,4,4,8,5,5,2,17,2,69,2,9,1,4,7,9,1,10,1,12,,44,19,1,22,9,121.5287563,25.10175856
111,2,8,7,48,2,10文山區,文山區忠順街2段與忠順街2段90巷口口,0,0,1,1,B03,7,1,5,50,3,1,1,5,4,5,7,4,4,9,4,5,2,17,1,41,3,10,1,1,7,5,1,8,2,4,,6,6,1,22,9,121.5658299,24.98502476
111,2,8,7,48,2,10文山區,文山區忠順街2段與忠順街2段90巷口口,0,0,1,2,C03,7,1,5,50,3,1,1,5,4,5,7,4,4,9,4,5,2,17,1,70,2,9,1,1,7,9,1,10,2,11,,14,6,1,22,9,121.5658299,24.98502476
111,2,8,8,2,2,08士林區,士林區承德路4段與前港街口,0,0,2,1,B03,8,1,5,50,3,2,1,5,4,5,7,4,4,1,4,4,1,16,1,53,3,10,1,1,7,6,1,8,2,1,,6,6,1,22,9,121.5233409,25.08484534
111,2,8,8,2,2,08士林區,士林區承德路4段與前港街口,0,0,2,2,C03,8,1,5,50,3,2,1,5,4,5,7,4,4,1,4,4,1,16,1,41,2,8,1,1,7,9,1,10,9,12,,14,6,1,22,9,121.5233409,25.08484534
111,2,8,8,2,2,08士林區,士林區承德路4段與前港街口,0,0,2,3,H02,8,1,5,50,3,2,1,5,4,5,7,4,4,1,4,4,1,16,2,44,2,9,1,5,7,20,8,20,10,16,,67,6,1,22,9,121.5233409,25.08484534
111,2,8,8,30,2,12內湖區,內湖區舊宗路1段36號對面,0,0,1,1,C03,7,1,5,50,14,9,1,5,4,5,7,4,4,1,4,5,2,13,1,27,2,9,1,1,7,9,1,10,1,11,,44,44,1,22,9,121.5807852,25.05835642
111,2,8,8,30,2,12內湖區,內湖區舊宗路1段36號對面,0,0,1,2,B03,7,1,5,50,14,9,1,5,4,5,7,4,4,1,4,5,2,13,1,29,3,10,1,1,7,10,1,8,1,3,,7,44,1,22,9,121.5807852,25.05835642
111,2,8,8,42,2,09北投區,北投區磺港路與光明路口,0,0,1,1,B12,7,1,5,50,5,1,1,5,4,5,7,4,4,5,5,5,2,3,1,67,3,10,1,1,7,5,1,8,2,8,,15,15,1,22,9,121.5019006,25.13344338
111,2,8,8,42,2,09北投區,北投區磺港路與光明路口,0,0,1,2,H01,7,1,5,50,5,1,1,5,4,5,7,4,4,5,5,5,2,3,1,53,2,8,4,5,8,16,8,20,10,16,,51,15,1,22,9,121.5019006,25.13344338
111,2,8,8,45,2,05中正區,中正區中山南路往北(中正紀念堂5號出口),0,0,1,1,C03,7,1,5,50,14,9,1,5,4,5,7,4,4,9,4,5,2,17,1,27,3,10,1,1,7,15,1,10,1,11,,16,16,1,22,9,121.5167726,25.03555539
111,2,8,8,45,2,05中正區,中正區中山南路往北(中正紀念堂5號出口),0,0,1,2,C03,7,1,5,50,14,9,1,5,4,5,7,4,4,9,4,5,2,17,2,39,2,9,1,1,7,15,1,10,1,13,,44,16,1,22,9,121.5167726,25.03555539
111,2,8,8,45,2,05中正區,中正區中山南路往北(中正紀念堂5號出口),0,0,1,3,B03,7,1,5,50,14,9,1,5,4,5,7,4,4,9,4,5,2,17,2,41,3,10,1,1,7,15,1,8,1,6,,44,16,1,22,9,121.5167726,25.03555539
111,2,8,8,50,2,08士林區,士林區通河西街2段126號,0,0,1,1,C03,8,1,5,40,14,9,1,5,4,5,7,4,4,7,5,5,1,13,2,28,2,9,1,1,7,9,1,10,1,11,,23,23,1,22,9,121.5062367,25.09308445
111,2,8,8,50,2,08士林區,士林區通河西街2段126號,0,0,1,2,B03,8,1,5,40,14,9,1,5,4,5,7,4,4,7,5,5,1,13,2,47,3,10,1,1,7,6,1,8,1,7,,44,23,1,22,9,121.5062367,25.09308445
111,2,8,8,54,2,07信義區,信義區福德街84巷與林口街80巷口口,0,0,1,1,C03,8,1,5,50,4,2,1,5,4,5,7,4,4,10,4,5,1,17,1,61,3,10,3,4,7,6,1,10,9,15,,27,27,1,22,9,121.580417,25.03953819
111,2,8,8,54,2,07信義區,信義區福德街84巷與林口街80巷口口,0,0,1,2,C03,8,1,5,50,4,2,1,5,4,5,7,4,4,10,4,5,1,17,2,24,2,9,3,4,7,9,1,10,9,14,,14,27,1,22,9,121.580417,25.03953819
111,2,8,8,55,2,09北投區,北投區立德路2號,0,0,2,1,C03,7,1,5,50,14,9,1,5,4,5,7,4,4,5,4,5,2,16,1,69,2,9,1,1,7,5,1,10,1,12,,8,8,1,22,9,121.471575,25.12358645
111,2,8,8,55,2,09北投區,北投區立德路2號,0,0,2,2,C03,7,1,5,50,14,9,1,5,4,5,7,4,4,5,4,5,2,16,2,22,2,9,1,1,7,9,1,10,1,11,,13,8,1,22,9,121.471575,25.12358645
111,2,8,9,0,2,11南港區,南港區研究院路1段與富康街口,0,0,1,1,C03,7,1,5,50,4,1,1,5,4,5,7,2,1,3,2,4,2,12,2,48,2,9,1,1,7,9,1,10,1,15,,17,17,1,22,9,121.6165638,25.05432022
111,2,8,9,0,2,11南港區,南港區研究院路1段與富康街口,0,0,1,2,C03,7,1,5,50,4,1,1,5,4,5,7,2,1,3,2,4,2,12,1,44,3,10,1,1,7,9,1,10,1,15,,17,17,1,22,9,121.6165638,25.05432022
111,2,8,9,6,2,05中正區,中正區忠孝東路2段與忠孝東路2段134巷口,0,0,2,1,C03,7,1,5,50,14,9,1,4,4,5,7,4,4,10,3,5,2,12,1,53,2,9,1,1,7,9,1,10,2,12,,17,17,1,22,9,121.5320994,25.04246279
111,2,8,9,6,2,05中正區,中正區忠孝東路2段與忠孝東路2段134巷口,0,0,2,2,C03,7,1,5,50,14,9,1,4,4,5,7,4,4,10,3,5,2,12,1,43,2,9,1,1,7,9,1,10,2,14,,17,17,1,22,9,121.5320994,25.04246279
111,2,8,9,6,2,05中正區,中正區忠孝東路2段與忠孝東路2段134巷口,0,0,2,3,C03,7,1,5,50,14,9,1,4,4,5,7,4,4,10,3,5,2,12,1,38,3,10,1,1,7,9,1,10,2,11,,13,17,1,22,9,121.5320994,25.04246279
111,2,8,9,20,2,11南港區,南港區南港路3段130巷與松河街口,0,0,1,1,B12,8,1,5,30,14,9,1,5,4,5,7,4,4,10,5,5,2,14,1,41,3,10,1,1,7,2,1,8,2,3,,12,12,1,22,9,121.5878864,25.0546012
111,2,8,9,20,2,11南港區,南港區南港路3段130巷與松河街口,0,0,1,2,B11,8,1,5,30,14,9,1,5,4,5,7,4,4,10,5,5,2,14,1,26,2,8,3,1,7,13,1,8,2,3,,38,12,1,22,9,121.5878864,25.0546012
111,2,8,9,36,2,01大同區,大同區台北橋機車道號往台北,0,0,1,1,,7,1,5,40,14,12,1,5,4,5,7,4,4,9,4,5,1,17,4,,4,11,3,4,7,15,7,19,11,15,,43,43,2,22,9,121.5107804,25.0628897
111,2,8,9,36,2,01大同區,大同區台北橋機車道號往台北,0,0,1,2,C03,7,1,5,40,14,12,1,5,4,5,7,4,4,9,4,5,1,17,2,34,2,9,3,4,7,9,1,10,2,12,,44,43,1,22,9,121.5107804,25.0628897
111,2,8,9,53,2,04大安區,大安區文昌街與信義路4段378巷口,0,0,1,1,C03,8,1,5,30,4,1,1,5,4,5,7,4,4,10,5,5,2,15,1,65,3,10,3,4,7,4,1,10,1,11,,6,6,1,22,9,121.5557392,25.03227529
111,2,8,9,53,2,04大安區,大安區文昌街與信義路4段378巷口,0,0,1,2,B03,8,1,5,30,4,1,1,5,4,5,7,4,4,10,5,5,2,15,1,55,3,10,3,4,7,9,1,8,1,8,,44,6,1,22,9,121.5557392,25.03227529
111,2,8,9,53,2,04大安區,大安區文昌街與信義路4段378巷口,0,0,1,3,H02,8,1,5,30,4,1,1,5,4,5,7,4,4,10,5,5,2,15,2,58,2,5,3,4,7,21,8,20,10,16,,67,6,1,22,9,121.5557392,25.03227529
111,2,8,10,19,2,09北投區,北投區天母西路與磺溪便道口,0,0,1,1,B03,7,1,5,50,4,1,1,5,4,5,7,4,4,5,5,5,2,16,2,38,3,10,1,1,7,6,1,8,2,2,,9,9,1,22,9,121.5237959,25.1186978
111,2,8,10,19,2,09北投區,北投區天母西路與磺溪便道口,0,0,1,2,C03,7,1,5,50,4,1,1,5,4,5,7,4,4,5,5,5,2,16,2,39,2,9,1,1,7,9,1,10,2,14,,44,9,1,22,9,121.5237959,25.1186978
111,2,8,10,21,2,06松山區,松山區南京東路5段251巷與南京東路5段291巷20弄口,0,0,3,1,C03,7,1,5,30,4,1,1,5,4,5,7,4,4,10,5,5,2,15,2,43,2,9,1,4,7,9,1,10,2,12,,6,6,1,22,9,121.5651081,25.0524379
111,2,8,10,21,2,06松山區,松山區南京東路5段251巷與南京東路5段291巷20弄口,0,0,3,2,C03,7,1,5,30,4,1,1,5,4,5,7,4,4,10,5,5,2,15,2,50,2,9,1,4,7,9,1,10,2,11,,14,6,1,22,9,121.5651081,25.0524379
111,2,8,10,21,2,06松山區,松山區南京東路5段251巷與南京東路5段291巷20弄口,0,0,3,3,H02,7,1,5,30,4,1,1,5,4,5,7,4,4,10,5,5,2,15,2,15,2,7,4,5,7,21,8,20,10,15,,67,6,1,22,9,121.5651081,25.0524379
111,2,8,10,40,2,08士林區,士林區中山北路6段與忠誠路1段口,0,0,1,1,B03,8,1,5,50,5,2,1,5,4,5,7,2,1,1,4,5,1,16,2,39,3,10,1,1,7,7,1,8,2,2,,7,7,1,22,9,121.5247975,25.10411118
111,2,8,10,40,2,08士林區,士林區中山北路6段與忠誠路1段口,0,0,1,2,C04,8,1,5,50,5,2,1,5,4,5,7,2,1,1,4,5,1,16,2,31,2,9,1,1,7,8,1,8,2,14,,7,7,1,22,9,121.5247975,25.10411118
111,2,8,10,52,2,01大同區,大同區承德路3段與承德路3段8巷口,0,0,1,1,B03,7,1,5,30,3,1,1,5,4,5,7,4,4,1,4,5,2,17,1,42,3,10,3,4,7,11,1,8,1,8,,6,6,1,22,9,121.5182672,25.06360275
111,2,8,10,52,2,01大同區,大同區承德路3段與承德路3段8巷口,0,0,1,2,C03,7,1,5,30,3,1,1,5,4,5,7,4,4,1,4,5,2,17,2,21,2,8,3,4,7,9,1,10,1,11,,13,6,1,22,9,121.5182672,25.06360275
111,2,8,11,2,2,08士林區,士林區中山北路6段405巷62號與中山北路6段405巷口,0,0,1,1,B12,7,1,5,30,3,2,1,5,4,5,7,4,4,5,5,5,2,16,1,43,3,10,1,3,7,5,1,8,1,1,,8,8,1,22,9,121.5266336,25.11600954
111,2,8,11,2,2,08士林區,士林區中山北路6段405巷62號與中山北路6段405巷口,0,0,1,2,C03,7,1,5,30,3,2,1,5,4,5,7,4,4,5,5,5,2,16,2,41,2,9,1,1,7,9,1,10,1,11,,23,8,1,22,9,121.5266336,25.11600954
111,2,8,11,10,2,04大安區,大安區復興南路1段219-1號,0,0,1,1,A02,7,1,5,50,14,9,1,5,4,5,7,4,4,1,4,5,2,9,1,44,3,10,1,1,7,9,1,2,9,15,,43,43,1,22,9,121.5438009,25.03887547
111,2,8,11,10,2,04大安區,大安區復興南路1段219-1號,0,0,1,2,H02,7,1,5,50,14,9,1,5,4,5,7,4,4,1,4,5,2,9,2,74,2,1,4,5,7,20,8,20,10,16,,67,43,1,22,9,121.5438009,25.03887547
111,2,8,11,14,2,02萬華區,萬華區萬大路235號,0,0,2,1,C03,8,1,5,30,14,9,4,5,4,5,7,4,4,1,4,5,2,12,1,69,2,7,1,1,7,7,1,10,1,14,,7,7,1,22,9,121.5005017,25.02643986
111,2,8,11,14,2,02萬華區,萬華區萬大路235號,0,0,2,2,B03,8,1,5,30,14,9,4,5,4,5,7,4,4,1,4,5,2,12,2,51,3,10,1,1,7,9,1,8,1,6,,44,7,1,22,9,121.5005017,25.02643986
111,2,8,11,14,2,02萬華區,萬華區萬大路235號,0,0,2,3,H02,8,1,5,30,14,9,4,5,4,5,7,4,4,1,4,5,2,12,2,64,2,9,4,5,7,21,8,20,10,16,,67,7,1,22,9,121.5005017,25.02643986
111,2,8,11,30,2,08士林區,士林區堤外便道(通河西街1段),0,0,1,1,B03,7,1,5,40,14,9,1,5,4,3,7,4,4,9,5,5,1,11,1,59,3,10,1,1,7,9,1,8,2,4,,23,23,1,22,9,121.5122845,25.08780085
111,2,8,11,30,2,08士林區,士林區堤外便道(通河西街1段),0,0,1,2,C03,7,1,5,40,14,9,1,5,4,3,7,4,4,9,5,5,1,11,1,30,2,7,1,1,7,9,1,10,2,14,,44,23,1,22,9,121.5122845,25.08780085
111,2,8,11,30,2,12內湖區,內湖區康樂街16號對面,0,0,1,1,A02,7,1,5,50,14,9,1,5,4,5,7,2,1,9,4,5,2,9,1,54,3,10,1,1,7,9,1,2,1,15,,43,43,1,22,9,121.6182437,25.06828297
111,2,8,11,30,2,12內湖區,內湖區康樂街16號對面,0,0,1,2,H02,7,1,5,50,14,9,1,5,4,5,7,2,1,9,4,5,2,9,2,81,2,7,4,5,7,20,8,20,10,16,,67,43,1,22,9,121.6182437,25.06828297
111,2,8,11,45,2,07信義區,信義區基隆路2段79巷與基隆路2段79巷1弄口,0,0,1,1,B01,7,1,5,30,4,2,1,5,4,5,7,4,4,5,2,5,2,17,1,63,3,10,1,1,7,9,1,4,1,1,,6,6,1,22,9,121.5584221,25.03006746
111,2,8,11,45,2,07信義區,信義區基隆路2段79巷與基隆路2段79巷1弄口,0,0,1,2,F02,7,1,5,30,4,2,1,5,4,5,7,4,4,5,2,5,2,17,2,54,2,9,1,1,7,9,8,20,1,16,,44,6,1,22,9,121.5584221,25.03006746
111,2,8,12,13,2,03中山區,中山區新生北路2段與林森北路485巷口,0,0,1,1,B03,7,1,5,50,3,1,1,5,4,5,7,4,4,10,5,5,2,17,1,40,3,10,3,4,7,11,1,8,1,4,,10,10,1,22,9,121.5273471,25.06119131
111,2,8,12,13,2,03中山區,中山區新生北路2段與林森北路485巷口,0,0,1,2,C03,7,1,5,50,3,1,1,5,4,5,7,4,4,10,5,5,2,17,1,26,2,9,1,2,7,9,1,10,1,12,,41,10,1,22,9,121.5273471,25.06119131
111,2,8,12,25,2,10文山區,文山區木新路3段95巷4弄與木新路3段95巷口,0,0,1,1,C03,8,1,5,30,4,2,1,5,4,5,7,4,4,9,4,5,1,15,1,48,2,5,1,1,7,9,1,10,2,11,,6,6,1,22,9,121.5629804,24.98135602
111,2,8,12,25,2,10文山區,文山區木新路3段95巷4弄與木新路3段95巷口,0,0,1,2,B03,8,1,5,30,4,2,1,5,4,5,7,4,4,9,4,5,1,15,1,45,3,10,1,1,7,9,1,8,2,8,,14,6,1,22,9,121.5629804,24.98135602
111,2,8,12,31,2,09北投區,北投區致遠二路93號與致遠二路95巷口,0,0,2,1,C03,7,1,5,50,3,2,1,5,4,5,7,4,4,5,4,5,2,13,2,43,3,10,3,4,7,9,1,10,1,11,,23,23,1,22,9,121.5117881,25.11623449
111,2,8,12,31,2,09北投區,北投區致遠二路93號與致遠二路95巷口,0,0,2,2,F01,7,1,5,50,3,2,1,5,4,5,7,4,4,5,4,5,2,13,2,48,2,1,1,1,7,9,8,20,1,16,,44,23,1,22,9,121.5117881,25.11623449
111,2,8,12,31,2,09北投區,北投區致遠二路93號與致遠二路95巷口,0,0,2,3,H02,7,1,5,50,3,2,1,5,4,5,7,4,4,5,4,5,2,13,1,8,2,9,4,5,7,20,8,20,10,16,,67,23,1,22,9,121.5117881,25.11623449
111,2,8,12,46,2,02萬華區,萬華區雙園街60巷49號,0,0,1,1,C03,8,1,5,30,14,9,1,5,4,5,7,4,4,10,5,5,2,17,2,54,2,9,1,1,7,1,1,10,1,13,,19,19,1,22,9,121.49309,25.0293538
111,2,8,12,46,2,02萬華區,萬華區雙園街60巷49號,0,0,1,2,B03,8,1,5,30,14,9,1,5,4,5,7,4,4,10,5,5,2,17,1,47,3,10,1,1,7,9,1,8,1,1,,44,19,1,22,9,121.49309,25.0293538
111,2,8,13,17,2,10文山區,文山區政大二街與政大二街口不知名巷弄,0,0,2,1,B03,7,1,5,30,3,1,1,5,4,5,7,4,4,9,4,5,2,17,2,38,3,10,1,1,7,9,1,8,2,4,,44,44,1,22,9,121.5843931,24.98930273
111,2,8,13,17,2,10文山區,文山區政大二街與政大二街口不知名巷弄,0,0,2,2,C03,7,1,5,30,3,1,1,5,4,5,7,4,4,9,4,5,2,17,1,80,2,9,1,1,7,5,1,10,2,12,,6,44,1,22,9,121.5843931,24.98930273
111,2,8,13,17,2,10文山區,文山區政大二街與政大二街口不知名巷弄,0,0,2,3,H02,7,1,5,30,3,1,1,5,4,5,7,4,4,9,4,5,2,17,2,63,2,9,4,5,7,21,8,20,10,15,,67,44,1,22,9,121.5843931,24.98930273
111,2,8,13,30,2,06松山區,松山區光復北路85巷7號,0,0,1,1,B03,8,1,5,30,14,9,5,5,4,5,7,4,4,10,5,5,2,14,1,56,3,10,1,1,7,9,6,18,2,8,,44,44,1,22,9,121.5584562,25.05050842
111,2,8,13,30,2,06松山區,松山區光復北路85巷7號,0,0,1,2,C04,8,1,5,30,14,9,5,5,4,5,7,4,4,10,5,5,2,14,2,27,2,9,1,1,7,2,1,10,2,12,,42,44,1,22,9,121.5584562,25.05050842
111,2,8,14,14,2,03中山區,中山區建國北路1段與南京東路3段口,0,0,1,1,B03,8,1,5,50,4,2,1,5,4,5,7,1,1,1,4,5,1,16,2,25,3,10,1,1,7,6,1,15,2,2,,9,9,1,22,9,121.5370507,25.0517801
111,2,8,14,14,2,03中山區,中山區建國北路1段與南京東路3段口,0,0,1,2,C03,8,1,5,50,4,2,1,5,4,5,7,1,1,1,4,5,1,16,1,39,2,8,1,1,7,9,1,10,2,11,,44,9,1,22,9,121.5370507,25.0517801
111,2,8,14,38,2,03中山區,中山區松江路63巷與松江路口前,0,0,1,1,B03,8,1,5,50,3,1,1,5,4,5,7,4,4,1,4,5,2,16,1,32,3,10,3,4,7,6,1,8,1,5,,9,9,1,22,9,121.533101,25.04894758
111,2,8,14,38,2,03中山區,中山區松江路63巷與松江路口前,0,0,1,2,C03,8,1,5,50,3,1,1,5,4,5,7,4,4,1,4,5,2,16,2,21,2,9,1,4,7,9,1,10,1,14,,23,9,1,22,9,121.533101,25.04894758
111,2,8,14,38,2,03中山區,中山區松江路63巷與松江路口前,0,0,1,3,B03,8,1,5,50,3,1,1,5,4,5,7,4,4,1,4,5,2,16,1,25,3,10,3,4,7,13,1,8,1,15,,38,9,1,22,9,121.533101,25.04894758
111,2,8,14,50,2,11南港區,南港區向陽路與忠孝東路6段口,0,0,1,1,B03,7,1,5,50,5,2,1,5,4,5,7,1,1,1,4,5,2,16,1,39,3,10,1,1,7,6,1,8,2,2,,9,9,1,22,9,121.5954818,25.05084198
111,2,8,14,50,2,11南港區,南港區向陽路與忠孝東路6段口,0,0,1,2,C03,7,1,5,50,5,2,1,5,4,5,7,1,1,1,4,5,2,16,1,28,2,9,1,1,7,9,1,10,2,14,,44,9,1,22,9,121.5954818,25.05084198
111,2,8,15,13,2,06松山區,松山區八德路4段與松山路口,0,0,1,1,B03,7,1,5,50,14,9,1,5,4,5,7,2,1,9,4,4,2,17,1,56,3,10,1,1,7,11,1,8,1,5,,25,25,1,22,9,121.5777476,25.05001217
111,2,8,15,13,2,06松山區,松山區八德路4段與松山路口,0,0,1,2,C03,7,1,5,50,14,9,1,5,4,5,7,2,1,9,4,4,2,17,1,31,2,9,1,1,7,9,1,10,1,14,,23,25,1,22,9,121.5777476,25.05001217
111,2,8,15,30,2,03中山區,中山區長安東路2段153巷與長安東路2段口,0,0,1,1,B01,8,1,5,50,4,1,1,5,4,5,7,2,1,5,4,5,2,16,1,61,3,10,1,1,7,11,1,4,1,2,,10,10,1,10,4,121.539097,25.04837565
111,2,8,15,30,2,03中山區,中山區長安東路2段153巷與長安東路2段口,0,0,1,2,C03,8,1,5,50,4,1,1,5,4,5,7,2,1,5,4,5,2,16,1,35,2,9,1,1,7,9,1,10,1,11,,44,10,1,5,3,121.539097,25.04837565
111,2,8,16,0,2,05中正區,中正區金山南路1段與齊東街口,0,0,1,1,B12,8,1,5,50,5,1,1,5,4,5,6,4,4,8,4,5,2,15,1,40,3,10,1,4,7,9,1,8,2,5,,6,6,1,22,9,121.5295759,25.04266724
111,2,8,16,0,2,05中正區,中正區金山南路1段與齊東街口,0,0,1,2,C03,8,1,5,50,5,1,1,5,4,5,6,4,4,8,4,5,2,15,1,54,2,1,1,1,7,9,1,10,2,11,,44,6,1,22,9,121.5295759,25.04266724
111,2,8,16,24,2,06松山區,松山區市民大道4段129號與市民大道4段口迴轉道,0,0,1,1,C03,7,1,5,40,3,2,1,5,4,5,7,4,4,1,4,5,2,16,2,23,2,9,3,4,7,5,1,10,2,13,,8,8,1,22,9,121.5502849,25.0448236
111,2,8,16,24,2,06松山區,松山區市民大道4段129號與市民大道4段口迴轉道,0,0,1,2,B03,7,1,5,40,3,2,1,5,4,5,7,4,4,1,4,5,2,16,1,46,3,10,3,4,7,9,1,8,2,5,,44,8,1,22,9,121.5502849,25.0448236
111,2,8,16,25,2,04大安區,大安區基隆路3段與長興街口,0,0,1,2,C03,8,1,5,50,14,9,1,5,4,5,7,2,1,1,4,5,2,17,1,24,2,9,3,4,7,9,1,10,1,14,,44,26,1,22,9,121.544439,25.01711823
111,2,8,16,25,2,04大安區,大安區基隆路3段與長興街口,0,0,1,1,B03,8,1,5,50,14,9,1,5,4,5,7,2,1,1,4,5,2,17,1,48,4,11,3,4,7,15,7,19,11,15,,26,26,2,22,9,121.544439,25.01711823
111,2,8,16,40,2,04大安區,大安區基隆路4段與基隆路3段155巷口,0,0,1,2,C03,6,1,5,50,3,1,1,4,4,5,7,1,1,8,3,4,1,16,1,19,2,8,1,1,7,9,1,10,1,14,,13,6,1,22,9,121.5426714,25.01563382
111,2,8,16,40,2,04大安區,大安區基隆路4段與基隆路3段155巷口,0,0,1,1,B03,6,1,5,50,3,1,1,4,4,5,7,1,1,8,3,4,1,16,1,41,3,10,1,1,7,6,1,8,1,2,,6,6,1,22,9,121.5426714,25.01563382
111,2,8,16,50,2,12內湖區,內湖區內湖路1段91巷38弄與文湖街60巷口,0,0,1,1,B03,7,2,5,30,4,1,1,5,4,5,7,4,4,10,5,5,2,16,1,64,3,10,1,1,7,9,1,8,1,5,,6,6,1,22,9,121.563788,25.0854852
111,2,8,16,50,2,12內湖區,內湖區內湖路1段91巷38弄與文湖街60巷口,0,0,1,2,B03,7,2,5,30,4,1,1,5,4,5,7,4,4,10,5,5,2,16,1,39,2,2,1,1,7,9,1,8,1,4,,44,6,1,22,9,121.563788,25.0854852
111,2,8,17,0,2,06松山區,松山區撫遠街403巷36號,0,0,1,1,B03,7,1,5,50,3,1,1,5,4,5,7,1,1,1,4,5,2,17,1,23,3,10,1,1,7,5,1,8,1,6,,6,6,1,22,9,121.5678506,25.06641931
111,2,8,17,0,2,06松山區,松山區撫遠街403巷36號,0,0,1,2,C03,7,1,5,50,3,1,1,5,4,5,7,1,1,1,4,5,2,17,1,25,2,9,1,1,7,9,1,10,1,11,,44,6,1,22,9,121.5678506,25.06641931
111,2,8,17,18,2,09北投區,北投區建民路129巷與致遠一路1段46巷口,0,0,2,1,C03,8,1,5,30,4,1,1,5,4,5,7,4,4,10,5,5,2,15,1,21,2,9,1,1,7,9,1,10,1,12,,26,26,1,22,9,121.5175924,25.110126
111,2,8,17,18,2,09北投區,北投區建民路129巷與致遠一路1段46巷口,0,0,2,2,C03,8,1,5,30,4,1,1,5,4,5,7,4,4,10,5,5,2,15,2,68,2,9,1,1,7,9,1,10,1,11,,14,26,1,22,9,121.5175924,25.110126
111,2,8,17,18,2,09北投區,北投區建民路129巷與致遠一路1段46巷口,0,0,2,3,B03,8,1,5,30,4,1,1,5,4,5,7,4,4,10,5,5,2,15,2,43,3,10,1,1,7,13,1,8,11,8,,38,26,1,22,9,121.5175924,25.110126
111,2,8,17,18,2,09北投區,北投區建民路129巷與致遠一路1段46巷口,0,0,2,4,B03,8,1,5,30,4,1,1,5,4,5,7,4,4,10,5,5,2,15,1,45,3,10,1,1,7,13,1,8,11,4,,38,26,1,22,9,121.5175924,25.110126
111,2,8,17,20,2,12內湖區,內湖區康寧路3段245巷底,0,0,2,1,B12,6,1,5,50,3,1,1,4,4,5,7,4,4,1,4,5,2,13,1,62,3,10,1,1,7,12,1,8,1,6,,44,44,1,22,9,121.6140827,25.06593445