發生年度,發生月,發生日,發生時-Hours,發生分,處理別-編號,區序,肇事地點,死亡人數,2-30日死亡人數,受傷人數,當事人序號,車種,天候,光線,道路類別,速限-速度限制,道路型態,事故位置,路面狀況1,路面狀況2,路面狀況3,道路障礙1,道路障礙2,號誌1,號誌2,車道劃分-分向,車道劃分-分道1,車道劃分-分道2,車道劃分-分道3,事故類型及型態,性別,年齡,受傷程度,主要傷處,安全帽,行動電話,車輛用途,當事者行動狀態,駕駛資格情形,駕駛執照種類,飲酒情形,車輛撞擊部位1,車輛撞擊部位2,肇因碼-個別,肇因碼-主要,個人肇逃否,職業,旅次目的,座標-X,座標-Y
111,2,8,17,20,2,12內湖區,內湖區康寧路3段245巷底,0,0,2,2,C03,6,1,5,50,3,1,1,4,4,5,7,4,4,1,4,5,2,13,1,30,2,7,1,1,7,9,1,10,1,11,,23,44,1,22,9,121.6140827,25.06593445
111,2,8,17,20,2,12內湖區,內湖區康寧路3段245巷底,0,0,2,3,H02,6,1,5,50,3,1,1,4,4,5,7,4,4,1,4,5,2,13,2,29,2,8,4,5,7,20,8,20,10,16,,67,44,1,22,9,121.6140827,25.06593445
111,2,8,17,30,2,03中山區,中山區長安東路1段與長安東路1段52巷口口,0,0,1,1,C03,7,2,5,50,4,1,1,5,4,5,7,1,1,5,4,5,2,16,1,32,2,9,3,4,7,5,1,10,1,14,,8,8,1,5,9,121.5281392,25.0483271
111,2,8,17,30,2,03中山區,中山區長安東路1段與長安東路1段52巷口口,0,0,1,2,B12,7,2,5,50,4,1,1,5,4,5,7,1,1,5,4,5,2,16,1,45,3,10,3,4,7,5,1,8,1,5,,44,8,1,22,9,121.5281392,25.0483271
111,2,8,17,40,2,09北投區,北投區石牌路2段75巷1號,0,0,1,1,C03,8,2,5,30,14,9,1,5,4,5,7,4,4,10,5,5,2,10,2,23,2,9,3,4,7,9,1,10,1,11,,43,43,1,22,9,121.515825,25.11680695
111,2,8,17,40,2,09北投區,北投區石牌路2段75巷1號,0,0,1,2,C03,8,2,5,30,14,9,1,5,4,5,7,4,4,10,5,5,2,10,1,21,3,10,3,4,7,9,1,10,1,11,,43,43,1,22,9,121.515825,25.11680695
111,2,8,17,50,2,02萬華區,萬華區萬大路10號,0,0,1,1,H01,7,2,5,50,14,9,1,5,4,5,7,4,4,8,3,5,1,6,2,69,2,9,4,5,8,18,8,20,10,16,,51,51,1,22,9,121.5005416,25.03247295
111,2,8,17,50,2,02萬華區,萬華區萬大路10號,0,0,1,2,C03,7,2,5,50,14,9,1,5,4,5,7,4,4,8,3,5,1,6,1,20,3,10,3,4,7,9,1,10,2,11,,44,51,1,22,9,121.5005416,25.03247295
111,2,8,17,56,2,02萬華區,萬華區西寧南路與漢口街2段口,0,0,2,1,C03,8,3,5,50,4,1,1,4,4,5,7,1,1,8,3,5,1,16,1,55,2,9,3,4,7,5,1,10,1,11,,44,44,1,22,9,121.5068154,25.04571522
111,2,8,17,56,2,02萬華區,萬華區西寧南路與漢口街2段口,0,0,2,2,C03,8,3,5,50,4,1,1,4,4,5,7,1,1,8,3,5,1,16,1,30,2,9,3,4,7,9,1,10,1,11,,23,44,1,22,9,121.5068154,25.04571522
111,2,8,18,18,2,06松山區,松山區南京東路4段與北寧路口,0,0,1,1,C03,7,3,5,50,4,1,1,5,4,5,7,1,1,1,4,4,2,13,2,43,2,9,3,4,7,9,1,9,2,11,,16,16,1,22,9,121.552767,25.0515832
111,2,8,18,18,2,06松山區,松山區南京東路4段與北寧路口,0,0,1,2,B01,7,3,5,50,4,1,1,5,4,5,7,1,1,1,4,4,2,13,1,52,3,10,3,4,7,9,1,4,2,3,,44,16,1,22,9,121.552767,25.0515832
111,2,8,18,20,2,08士林區,士林區雨農路與忠勇街口,0,0,2,1,B03,7,3,5,50,4,1,1,5,4,5,7,2,1,5,4,5,2,16,1,74,3,10,1,1,7,5,1,8,2,1,,6,6,1,22,9,121.5323718,25.0983561
111,2,8,18,20,2,08士林區,士林區雨農路與忠勇街口,0,0,2,2,C03,7,3,5,50,4,1,1,5,4,5,7,2,1,5,4,5,2,16,1,21,2,9,1,1,7,9,1,10,2,11,,27,6,1,22,9,121.5323718,25.0983561
111,2,8,18,20,2,08士林區,士林區雨農路與忠勇街口,0,0,2,3,H02,7,3,5,50,4,1,1,5,4,5,7,2,1,5,4,5,2,16,2,21,2,7,1,5,7,20,8,20,10,16,,67,6,1,22,9,121.5323718,25.0983561
111,2,8,18,25,2,07信義區,信義區大道路與忠孝東路5段790巷70弄口,0,0,1,1,B03,7,3,5,50,3,1,1,5,4,5,7,4,4,5,5,5,1,9,1,48,3,10,1,1,7,5,1,4,1,8,,23,23,1,22,9,121.5828638,25.04012943
111,2,8,18,25,2,07信義區,信義區大道路與忠孝東路5段790巷70弄口,0,0,1,2,H01,7,3,5,50,3,1,1,5,4,5,7,4,4,5,5,5,1,9,2,69,2,9,4,5,8,17,8,20,1,16,,67,23,1,22,9,121.5828638,25.04012943
111,2,8,18,42,2,07信義區,信義區永吉路222號,0,0,1,1,B03,8,3,5,40,14,8,1,5,4,5,7,4,4,1,4,4,1,16,1,62,3,10,3,4,7,6,1,8,1,2,,9,9,1,22,9,121.5732373,25.04549326
111,2,8,18,42,2,07信義區,信義區永吉路222號,0,0,1,2,C03,8,3,5,40,14,8,1,5,4,5,7,4,4,1,4,4,1,16,1,21,2,7,3,4,7,9,1,10,1,14,,13,9,1,22,9,121.5732373,25.04549326
111,2,8,18,52,2,07信義區,信義區基隆路汽機車混合地下道往北,0,0,4,1,C03,8,3,5,30,14,11,1,5,4,5,7,4,4,10,2,5,2,13,1,52,3,10,2,1,7,9,1,10,9,15,,42,42,1,22,9,121.5618732,25.03648929
111,2,8,18,52,2,07信義區,信義區基隆路汽機車混合地下道往北,0,0,4,2,C03,8,3,5,30,14,11,1,5,4,5,7,4,4,10,2,5,2,13,1,24,2,8,1,1,7,9,1,10,1,11,,16,42,1,22,9,121.5618732,25.03648929
111,2,8,18,52,2,07信義區,信義區基隆路汽機車混合地下道往北,0,0,4,3,C03,8,3,5,30,14,11,1,5,4,5,7,4,4,10,2,5,2,13,1,41,2,1,1,1,7,9,1,10,1,11,,16,42,1,22,9,121.5618732,25.03648929
111,2,8,18,52,2,07信義區,信義區基隆路汽機車混合地下道往北,0,0,4,4,C03,8,3,5,30,14,11,1,5,4,5,7,4,4,10,2,5,2,13,1,18,3,10,1,1,7,9,1,10,1,13,,13,42,1,22,9,121.5618732,25.03648929
111,2,8,18,52,2,07信義區,信義區基隆路汽機車混合地下道往北,0,0,4,5,H02,8,3,5,30,14,11,1,5,4,5,7,4,4,10,2,5,2,13,1,18,2,8,4,5,7,17,8,20,10,16,,67,42,1,22,9,121.5618732,25.03648929
111,2,8,18,52,2,07信義區,信義區基隆路汽機車混合地下道往北,0,0,4,6,C03,8,3,5,30,14,11,1,5,4,5,7,4,4,10,2,5,2,13,1,30,2,8,1,1,7,9,1,10,1,11,,16,42,1,22,9,121.5618732,25.03648929
111,2,8,19,0,2,12內湖區,內湖區環山路2段81號,0,0,1,3,B03,7,3,5,40,14,8,1,5,4,5,7,4,4,5,5,4,2,13,1,59,3,10,1,1,7,9,6,18,1,15,,44,16,1,22,9,121.5749351,25.08487067
111,2,8,19,0,2,12內湖區,內湖區環山路2段81號,0,0,1,1,C03,7,3,5,40,14,8,1,5,4,5,7,4,4,5,5,4,2,13,2,31,2,9,1,1,7,12,1,10,1,11,,16,16,1,22,9,121.5749351,25.08487067
111,2,8,19,0,2,12內湖區,內湖區環山路2段81號,0,0,1,2,C03,7,3,5,40,14,8,1,5,4,5,7,4,4,5,5,4,2,13,1,41,3,10,1,1,7,9,1,10,1,13,,44,16,1,22,9,121.5749351,25.08487067
111,2,8,19,45,2,12內湖區,內湖區潭美街與安美街口,0,0,1,1,C03,7,3,5,40,3,2,1,5,4,5,7,1,1,7,5,5,2,17,1,27,2,9,1,1,7,9,6,10,1,11,,16,16,1,22,9,121.6027131,25.06105071
111,2,8,19,45,2,12內湖區,內湖區潭美街與安美街口,0,0,1,2,B03,7,3,5,40,3,2,1,5,4,5,7,1,1,7,5,5,2,17,1,36,3,10,1,1,7,14,1,8,1,6,,44,16,1,22,9,121.6027131,25.06105071
111,2,8,21,0,2,09北投區,北投區石牌路2段與石牌路2段113巷口,0,0,1,1,B03,8,3,5,50,4,1,1,5,4,5,7,2,1,5,4,5,2,16,1,50,3,10,1,1,7,5,1,8,1,1,,43,43,1,22,9,121.5174857,25.11809825
111,2,8,21,0,2,09北投區,北投區石牌路2段與石牌路2段113巷口,0,0,1,2,C03,8,3,5,50,4,1,1,5,4,5,7,2,1,5,4,5,2,16,2,23,2,9,1,1,7,9,1,10,1,11,,43,43,1,22,9,121.5174857,25.11809825
111,2,8,21,15,2,08士林區,士林區雙溪街河堤小型停車場,0,0,1,1,B03,7,3,5,30,14,9,1,5,4,5,7,4,4,10,5,5,1,9,1,28,3,10,1,1,7,2,1,8,1,3,,12,12,1,21,8,121.5333684,25.10117324
111,2,8,21,15,2,08士林區,士林區雙溪街河堤小型停車場,0,0,1,2,H01,7,3,5,30,14,9,1,5,4,5,7,4,4,10,5,5,1,9,1,46,2,6,4,5,8,16,8,20,10,16,,67,12,1,21,8,121.5333684,25.10117324
111,2,8,21,45,2,08士林區,士林區福林路60號與福林路口,0,0,1,1,B03,8,3,5,50,3,2,1,5,4,5,7,4,4,9,4,5,1,16,2,28,3,10,3,4,7,11,1,8,2,3,,26,26,1,22,9,121.5302557,25.09521415
111,2,8,21,45,2,08士林區,士林區福林路60號與福林路口,0,0,1,2,C01,8,3,5,50,3,2,1,5,4,5,7,4,4,9,4,5,1,16,1,20,2,9,3,4,7,9,4,10,2,11,,44,26,1,22,9,121.5302557,25.09521415
111,2,8,22,1,2,06松山區,松山區松河街146號,0,0,2,1,C03,8,3,5,50,14,9,1,5,4,5,7,4,4,1,5,5,2,13,1,28,2,9,1,1,7,9,1,10,1,11,,44,44,1,22,9,121.5758459,25.05121388
111,2,8,22,1,2,06松山區,松山區松河街146號,0,0,2,2,C03,8,3,5,50,14,9,1,5,4,5,7,4,4,1,5,5,2,13,1,58,2,9,1,1,7,11,1,10,1,11,,10,44,1,22,9,121.5758459,25.05121388
111,2,8,22,9,2,05中正區,中正區汀州路3段230巷與汀州路3段口,0,0,3,1,C03,8,3,5,50,4,1,1,5,4,5,7,4,4,5,4,5,2,17,2,18,2,9,1,1,7,5,1,10,2,11,,8,8,1,22,9,121.5359161,25.01154589
111,2,8,22,9,2,05中正區,中正區汀州路3段230巷與汀州路3段口,0,0,3,2,C03,8,3,5,50,4,1,1,5,4,5,7,4,4,5,4,5,2,17,1,53,2,9,1,1,7,9,1,10,2,14,,44,8,1,22,9,121.5359161,25.01154589
111,2,8,22,9,2,05中正區,中正區汀州路3段230巷與汀州路3段口,0,0,3,3,H02,8,3,5,50,4,1,1,5,4,5,7,4,4,5,4,5,2,17,2,19,2,9,1,5,7,20,8,20,10,16,,67,8,1,22,9,121.5359161,25.01154589
111,2,8,22,50,2,04大安區,大安區羅斯福路3段21號,0,0,2,1,C03,8,3,5,50,14,9,1,5,4,5,7,4,4,1,4,5,2,17,1,22,2,9,3,4,7,9,1,10,1,12,,16,16,1,22,9,121.5250993,25.02367381
111,2,8,22,50,2,04大安區,大安區羅斯福路3段21號,0,0,2,2,C03,8,3,5,50,14,9,1,5,4,5,7,4,4,1,4,5,2,17,2,41,2,9,3,4,7,9,1,10,1,13,,44,16,1,22,9,121.5250993,25.02367381
111,2,8,22,57,2,01大同區,大同區民權西路與重慶北路3段口,0,0,2,1,C03,7,3,5,50,4,1,1,5,4,5,7,2,1,1,5,5,2,16,1,19,2,9,1,1,7,6,1,10,2,12,,9,9,1,22,9,121.513855,25.06315372
111,2,8,22,57,2,01大同區,大同區民權西路與重慶北路3段口,0,0,2,2,C03,7,3,5,50,4,1,1,5,4,5,7,2,1,1,5,5,2,16,1,30,2,9,1,1,7,9,1,10,2,11,,23,9,1,22,9,121.513855,25.06315372
111,2,8,23,13,2,03中山區,中山區林森北路與南京東路1段口,0,0,2,1,C03,8,3,5,40,4,1,1,5,4,5,7,1,1,3,4,4,2,17,1,21,2,7,1,1,7,6,1,10,2,13,,9,9,1,22,9,121.5254661,25.05222845
111,2,8,23,13,2,03中山區,中山區林森北路與南京東路1段口,0,0,2,2,C03,8,3,5,40,4,1,1,5,4,5,7,1,1,3,4,4,2,17,2,32,2,8,1,1,7,9,1,10,2,11,,44,9,1,22,9,121.5254661,25.05222845
111,2,9,7,6,2,03中山區,中山區中山北路3段與酒泉街口,0,0,1,1,C03,7,1,5,50,14,9,1,4,4,5,7,1,1,1,3,5,1,13,1,49,2,9,1,1,7,9,1,10,2,11,,16,16,1,22,9,121.5235197,25.07074571
111,2,9,7,6,2,03中山區,中山區中山北路3段與酒泉街口,0,0,1,2,A02,7,1,5,50,14,9,1,4,4,5,7,1,1,1,3,5,1,13,1,47,3,10,1,1,7,14,1,2,2,6,,44,16,1,22,9,121.5235197,25.07074571
111,2,9,7,12,2,07信義區,信義區吳興街392號,0,0,2,1,B12,6,1,5,30,14,9,1,4,4,5,7,1,1,5,5,5,2,12,2,50,3,10,1,1,7,4,1,8,1,2,,23,23,1,22,9,121.5674419,25.0248072
111,2,9,7,12,2,07信義區,信義區吳興街392號,0,0,2,2,C03,6,1,5,30,14,9,1,4,4,5,7,1,1,5,5,5,2,12,2,73,2,8,1,1,7,9,1,10,1,14,,44,23,1,22,9,121.5674419,25.0248072
111,2,9,7,12,2,07信義區,信義區吳興街392號,0,0,2,3,H02,6,1,5,30,14,9,1,4,4,5,7,1,1,5,5,5,2,12,2,76,2,1,1,5,7,20,8,20,10,16,,67,23,1,22,9,121.5674419,25.0248072
111,2,9,7,50,2,10文山區,文山區羅斯福路4段與基隆路4段口,0,0,1,1,C04,6,1,5,50,4,1,1,4,4,5,7,1,1,1,4,5,2,16,2,21,2,9,1,1,7,5,1,10,1,14,,26,26,1,22,9,121.5371264,25.01080808
111,2,9,7,50,2,10文山區,文山區羅斯福路4段與基隆路4段口,0,0,1,2,B03,6,1,5,50,4,1,1,4,4,5,7,1,1,1,4,5,2,16,1,76,3,10,1,1,7,9,1,8,1,5,,44,26,1,22,9,121.5371264,25.01080808
111,2,9,8,3,2,08士林區,士林區延平北路5段與中正路口,0,0,1,1,A02,7,1,5,50,4,2,1,5,4,5,7,1,1,10,4,5,2,17,1,45,3,10,1,1,7,9,1,2,1,5,,16,16,1,22,9,121.5092388,25.08674225
111,2,9,8,3,2,08士林區,士林區延平北路5段與中正路口,0,0,1,2,C03,7,1,5,50,4,2,1,5,4,5,7,1,1,10,4,5,2,17,2,33,2,8,1,1,7,7,1,10,1,13,,7,16,1,22,9,121.5092388,25.08674225
111,2,9,8,7,2,09北投區,北投區文林北路5巷與承德路6段口工地前(南往北方向),0,0,1,1,B11,8,1,5,50,14,9,1,5,4,5,7,4,4,9,4,4,1,12,1,45,3,10,1,1,7,8,1,4,2,2,,7,7,1,22,9,121.5129529,25.0990145
111,2,9,8,7,2,09北投區,北投區文林北路5巷與承德路6段口工地前(南往北方向),0,0,1,2,C03,8,1,5,50,14,9,1,5,4,5,7,4,4,9,4,4,1,12,1,25,2,9,1,1,7,9,1,10,2,14,,44,7,1,22,9,121.5129529,25.0990145
111,2,9,8,25,2,04大安區,大安區信義路2段與金山南路1段口,0,0,1,1,C03,6,1,5,50,4,1,1,4,4,5,7,2,1,8,3,4,1,12,1,40,2,9,1,1,7,9,1,10,1,11,,42,42,1,22,9,121.5273303,25.03396224
111,2,9,8,25,2,04大安區,大安區信義路2段與金山南路1段口,0,0,1,3,B02,6,1,5,50,4,1,1,4,4,5,7,2,1,8,3,4,1,12,1,35,3,10,1,1,7,9,1,8,1,4,,44,42,1,22,9,121.5273303,25.03396224
111,2,9,8,25,2,04大安區,大安區信義路2段與金山南路1段口,0,0,1,2,B03,6,1,5,50,4,1,1,4,4,5,7,2,1,8,3,4,1,12,1,39,3,10,1,1,7,9,1,8,1,2,,44,42,1,22,9,121.5273303,25.03396224
111,2,9,8,29,2,08士林區,士林區延平北路7段106巷與延平北路7段106巷口延平河濱280燈桿,0,0,1,1,C03,6,1,5,30,3,1,1,4,4,5,7,4,4,10,5,5,1,17,1,53,3,10,1,1,7,5,1,10,2,14,,6,6,1,22,9,121.4961407,25.10160737
111,2,9,8,29,2,08士林區,士林區延平北路7段106巷與延平北路7段106巷口延平河濱280燈桿,0,0,1,2,C03,6,1,5,30,3,1,1,4,4,5,7,4,4,10,5,5,1,17,1,70,2,9,1,1,7,9,1,10,2,14,,13,6,1,22,9,121.4961407,25.10160737
111,2,9,8,37,2,12內湖區,內湖區東湖路43巷26弄1號,0,0,1,1,B01,6,1,5,30,4,1,1,4,4,5,7,4,4,10,5,5,2,15,1,58,3,10,1,1,7,9,1,4,1,1,,6,6,1,22,9,121.61364,25.06981838
111,2,9,8,37,2,12內湖區,內湖區東湖路43巷26弄1號,0,0,1,2,C03,6,1,5,30,4,1,1,4,4,5,7,4,4,10,5,5,2,15,2,44,2,8,1,1,7,9,1,10,1,12,,23,6,1,22,9,121.61364,25.06981838
111,2,9,8,40,2,07信義區,信義區信義路6段15巷與信義路6段15巷12弄口,0,0,1,1,B03,6,1,5,30,4,1,1,4,4,5,7,4,4,10,5,5,2,15,2,59,3,10,1,1,7,9,1,8,1,1,,6,6,1,22,9,121.5752708,25.03490074
111,2,9,8,40,2,07信義區,信義區信義路6段15巷與信義路6段15巷12弄口,0,0,1,2,C03,6,1,5,30,4,1,1,4,4,5,7,4,4,10,5,5,2,15,2,33,2,9,1,1,7,9,1,10,1,12,,14,6,1,22,9,121.5752708,25.03490074
111,2,9,8,50,2,12內湖區,內湖區內湖路1段360巷8號旁,0,0,1,1,B03,6,1,5,50,14,9,1,4,4,5,7,4,4,10,5,5,2,16,1,48,3,10,3,4,7,8,1,8,2,5,,7,7,1,22,9,121.5704584,25.08076568
111,2,9,8,50,2,12內湖區,內湖區內湖路1段360巷8號旁,0,0,1,2,C03,6,1,5,50,14,9,1,4,4,5,7,4,4,10,5,5,2,16,1,26,2,8,1,1,7,9,1,10,2,11,,44,7,1,22,9,121.5704584,25.08076568
111,2,9,8,55,2,10文山區,文山區木柵路3段與木柵路2段204巷口,0,0,1,1,B03,7,3,5,50,3,2,1,5,4,5,7,4,4,5,5,5,2,16,1,64,3,10,3,4,7,5,1,8,2,5,,6,6,1,22,9,121.5638795,24.98873837
111,2,9,8,55,2,10文山區,文山區木柵路3段與木柵路2段204巷口,0,0,1,2,C03,7,3,5,50,3,2,1,5,4,5,7,4,4,5,5,5,2,16,1,36,2,9,3,4,7,9,1,10,2,11,,44,6,1,22,9,121.5638795,24.98873837
111,2,9,9,4,2,02萬華區,萬華區堤外便道往南,0,0,2,1,C03,6,1,7,30,14,11,1,4,4,5,7,4,4,4,3,5,1,13,1,69,3,10,1,1,7,4,1,10,2,12,,23,23,1,22,9,121.5055875,25.04899331
111,2,9,9,4,2,02萬華區,萬華區堤外便道往南,0,0,2,2,C03,6,1,7,30,14,11,1,4,4,5,7,4,4,4,3,5,1,13,1,61,2,9,1,1,7,9,1,10,2,14,,13,23,1,22,9,121.5055875,25.04899331
111,2,9,9,4,2,02萬華區,萬華區堤外便道往南,0,0,2,3,C03,6,1,7,30,14,11,1,4,4,5,7,4,4,4,3,5,1,13,1,39,3,10,1,1,7,9,1,10,5,13,,13,23,1,22,9,121.5055875,25.04899331
111,2,9,9,4,2,02萬華區,萬華區堤外便道往南,0,0,2,4,C03,6,1,7,30,14,11,1,4,4,5,7,4,4,4,3,5,1,13,1,26,2,9,1,1,7,9,1,10,2,11,,23,23,1,22,9,121.5055875,25.04899331
111,2,9,9,5,2,07信義區,信義區信義路5段與松仁路口,0,0,2,1,C03,6,1,5,50,14,9,1,4,4,5,7,1,1,3,4,5,2,13,1,18,2,8,1,1,7,9,3,18,1,11,,23,23,1,22,9,121.5685699,25.03288669
111,2,9,9,5,2,07信義區,信義區信義路5段與松仁路口,0,0,2,2,C03,6,1,5,50,14,9,1,4,4,5,7,1,1,3,4,5,2,13,1,26,2,5,1,1,7,14,1,10,1,13,,44,23,1,22,9,121.5685699,25.03288669
111,2,9,9,54,2,04大安區,大安區復興南路1段與仁愛路4段口,0,0,2,1,C03,6,1,5,50,4,2,1,4,4,5,7,2,1,1,4,4,2,17,2,27,2,9,1,4,7,1,1,10,1,13,,19,19,1,22,9,121.543821,25.03761287
111,2,9,9,54,2,04大安區,大安區復興南路1段與仁愛路4段口,0,0,2,2,C03,6,1,5,50,4,2,1,4,4,5,7,2,1,1,4,4,2,17,1,28,2,9,1,4,7,12,1,10,1,15,,44,19,1,22,9,121.543821,25.03761287
111,2,9,10,9,2,04大安區,大安區市民大道3段與八德路2段口,0,0,2,1,C03,6,1,5,40,4,2,1,4,4,5,7,2,1,1,4,5,2,11,1,27,2,8,3,4,7,8,1,10,1,12,,7,7,1,22,9,121.5344154,25.04490741
111,2,9,10,9,2,04大安區,大安區市民大道3段與八德路2段口,0,0,2,2,C03,6,1,5,40,4,2,1,4,4,5,7,2,1,1,4,5,2,11,2,24,2,7,3,4,7,9,1,10,1,14,,44,7,1,22,9,121.5344154,25.04490741
111,2,9,10,55,2,01大同區,大同區寧夏路與保安街口,0,0,1,1,B03,6,1,5,50,4,2,1,4,4,5,7,1,1,9,4,5,2,3,1,30,3,10,1,1,7,5,1,8,2,1,,15,15,1,22,9,121.5147179,25.05950379
111,2,9,10,55,2,01大同區,大同區寧夏路與保安街口,0,0,1,2,H01,6,1,5,50,4,2,1,4,4,5,7,1,1,9,4,5,2,3,1,88,2,9,4,5,8,16,8,20,10,16,,67,15,1,22,9,121.5147179,25.05950379
111,2,9,11,0,2,07信義區,信義區虎林街120巷與忠孝東路5段423巷口口,0,0,2,1,C04,6,1,5,30,4,1,1,4,4,5,7,4,4,10,5,5,2,15,1,83,2,9,1,1,7,9,1,8,1,13,,6,6,1,22,9,121.5753696,25.0421542
111,2,9,11,0,2,07信義區,信義區虎林街120巷與忠孝東路5段423巷口口,0,0,2,2,C03,6,1,5,30,4,1,1,4,4,5,7,4,4,10,5,5,2,15,1,50,2,9,1,1,7,9,1,10,1,11,,44,6,1,22,9,121.5753696,25.0421542
111,2,9,11,15,2,12內湖區,內湖區港墘路與瑞光路口,0,0,1,1,C03,6,1,5,50,4,1,1,4,4,5,7,1,1,5,4,5,2,12,1,53,2,8,1,1,7,6,1,10,1,12,,9,9,1,22,9,121.5749701,25.076374
111,2,9,11,15,2,12內湖區,內湖區港墘路與瑞光路口,0,0,1,2,B02,6,1,5,50,4,1,1,4,4,5,7,1,1,5,4,5,2,12,2,27,3,10,1,1,7,9,1,8,1,8,,44,9,1,22,9,121.5749701,25.076374
111,2,9,11,30,2,08士林區,士林區承德路4段195巷與承德路4段口,0,0,1,1,B03,6,1,5,50,3,1,1,4,4,5,7,4,4,1,4,5,2,12,1,58,3,10,3,4,7,6,1,8,1,5,,9,9,1,22,9,121.522078,25.08820972
111,2,9,11,30,2,08士林區,士林區承德路4段195巷與承德路4段口,0,0,1,2,C03,6,1,5,50,3,1,1,4,4,5,7,4,4,1,4,5,2,12,1,30,2,8,3,4,7,9,1,10,1,14,,14,9,1,22,9,121.522078,25.08820972
111,2,9,11,50,2,06松山區,松山區市民大道6段107號,0,0,1,1,C03,6,1,5,40,14,9,1,4,4,5,7,4,4,10,4,5,2,12,2,76,3,10,1,1,7,8,1,10,1,13,,7,7,1,22,9,121.5766793,25.04947486
111,2,9,11,50,2,06松山區,松山區市民大道6段107號,0,0,1,2,C03,6,1,5,40,14,9,1,4,4,5,7,4,4,10,4,5,2,12,2,25,2,9,1,1,7,9,1,10,1,11,,44,7,1,22,9,121.5766793,25.04947486
111,2,9,11,50,2,07信義區,信義區忠孝東路5段790巷25弄11號,0,0,1,1,C03,6,1,5,30,14,9,1,4,4,5,7,4,4,10,5,5,2,17,1,39,2,8,1,1,7,1,1,10,1,14,,19,19,1,22,9,121.5830064,25.04252728
111,2,9,11,50,2,07信義區,信義區忠孝東路5段790巷25弄11號,0,0,1,2,B03,6,1,5,30,14,9,1,4,4,5,7,4,4,10,5,5,2,17,1,34,3,10,1,1,7,9,1,8,1,1,,43,19,1,22,9,121.5830064,25.04252728
111,2,9,12,0,2,08士林區,士林區承德路5段與士商路口,0,0,2,1,B03,6,1,5,0,4,1,1,4,4,5,7,1,1,1,4,4,2,17,1,40,3,10,1,1,7,6,1,8,1,2,,9,9,1,22,9,121.5142296,25.09597177
111,2,9,12,0,2,08士林區,士林區承德路5段與士商路口,0,0,2,2,C03,6,1,5,0,4,1,1,4,4,5,7,1,1,1,4,4,2,17,2,32,2,7,1,1,7,9,1,10,1,11,,16,9,1,22,9,121.5142296,25.09597177
111,2,9,12,0,2,08士林區,士林區承德路5段與士商路口,0,0,2,3,C03,6,1,5,0,4,1,1,4,4,5,7,1,1,1,4,4,2,17,1,49,2,7,1,1,7,9,1,10,1,11,,16,9,1,22,9,121.5142296,25.09597177
111,2,9,12,10,2,02萬華區,萬華區艋舺大道360號,0,0,1,1,C03,6,1,5,50,14,9,1,4,4,5,7,4,4,1,4,5,2,12,2,57,2,9,1,1,7,9,1,10,1,14,,17,17,1,22,9,121.4955517,25.0321802
111,2,9,12,10,2,02萬華區,萬華區艋舺大道360號,0,0,1,2,C03,6,1,5,50,14,9,1,4,4,5,7,4,4,1,4,5,2,12,2,41,3,10,1,1,7,9,1,10,1,12,,17,17,1,22,9,121.4955517,25.0321802
111,2,9,12,27,2,05中正區,中正區忠孝東路1段54號,0,0,1,1,A03,6,1,5,50,14,9,1,4,4,5,7,4,4,1,4,1,2,9,1,45,3,10,1,1,7,9,1,2,2,1,,43,43,1,22,9,121.5229806,25.04480364
111,2,9,12,27,2,05中正區,中正區忠孝東路1段54號,0,0,1,2,H02,6,1,5,50,14,9,1,4,4,5,7,4,4,1,4,1,2,9,2,71,2,1,4,5,7,20,8,20,10,16,,67,43,1,22,9,121.5229806,25.04480364
111,2,9,12,30,2,10文山區,文山區興隆路1段184巷萬有2號公園,0,0,1,1,C03,6,1,5,30,11,9,1,4,4,5,7,4,4,10,5,5,2,11,1,36,2,9,1,1,7,6,1,10,1,11,,44,44,1,22,9,121.5422615,25.00023856
111,2,9,12,30,2,10文山區,文山區興隆路1段184巷萬有2號公園,0,0,1,2,B01,6,1,5,30,11,9,1,4,4,5,7,4,4,10,5,5,2,11,1,59,3,10,1,1,7,5,1,4,1,4,,5,44,1,22,9,121.5422615,25.00023856
111,2,9,12,47,2,07信義區,信義區永吉路與永吉路326巷口,0,0,1,1,B03,6,1,5,50,4,2,1,4,4,5,7,2,1,1,4,5,2,1,2,47,3,10,1,1,7,5,1,8,1,1,,15,15,1,22,8,121.5754627,25.04553854
111,2,9,12,47,2,07信義區,信義區永吉路與永吉路326巷口,0,0,1,2,H01,6,1,5,50,4,2,1,4,4,5,7,2,1,1,4,5,2,1,2,25,2,8,4,5,8,16,8,20,10,16,,67,15,1,22,8,121.5754627,25.04553854
111,2,9,13,35,2,02萬華區,萬華區忠孝西路2段與環河南路1段口,0,0,1,1,B03,7,1,5,50,3,1,1,4,4,5,7,2,1,9,4,5,2,17,1,24,3,10,1,1,7,6,1,8,1,2,,9,9,1,22,9,121.5061108,25.04879259
111,2,9,13,35,2,02萬華區,萬華區忠孝西路2段與環河南路1段口,0,0,1,2,C03,7,1,5,50,3,1,1,4,4,5,7,2,1,9,4,5,2,17,1,29,2,9,1,1,7,9,1,9,1,14,,44,9,1,22,9,121.5061108,25.04879259
111,2,9,13,45,2,04大安區,大安區敦化南路1段325號,0,0,1,1,B03,6,1,5,50,14,9,1,4,4,5,7,4,4,9,4,5,2,12,1,50,3,10,3,4,7,1,1,4,1,8,,19,19,1,22,9,121.549042,25.03433513
111,2,9,13,45,2,04大安區,大安區敦化南路1段325號,0,0,1,2,C03,6,1,5,50,14,9,1,4,4,5,7,4,4,9,4,5,2,12,2,21,2,1,3,4,7,9,1,10,1,12,,44,19,1,22,9,121.549042,25.03433513