發生年度,發生月,發生日,發生時-Hours,發生分,處理別-編號,區序,肇事地點,死亡人數,2-30日死亡人數,受傷人數,當事人序號,車種,天候,光線,道路類別,速限-速度限制,道路型態,事故位置,路面狀況1,路面狀況2,路面狀況3,道路障礙1,道路障礙2,號誌1,號誌2,車道劃分-分向,車道劃分-分道1,車道劃分-分道2,車道劃分-分道3,事故類型及型態,性別,年齡,受傷程度,主要傷處,安全帽,行動電話,車輛用途,當事者行動狀態,駕駛資格情形,駕駛執照種類,飲酒情形,車輛撞擊部位1,車輛撞擊部位2,肇因碼-個別,肇因碼-主要,個人肇逃否,職業,旅次目的,座標-X,座標-Y
111,2,9,13,52,2,02萬華區,萬華區萬大路217號,0,0,2,1,C03,7,1,5,30,14,9,1,5,4,5,7,4,4,1,4,5,2,17,2,68,2,9,1,1,7,1,1,10,1,13,,19,19,1,22,9,121.5006798,25.0273282
111,2,9,13,52,2,02萬華區,萬華區萬大路217號,0,0,2,2,C03,7,1,5,30,14,9,1,5,4,5,7,4,4,1,4,5,2,17,1,49,2,9,1,1,7,9,1,10,1,11,,23,19,1,22,9,121.5006798,25.0273282
111,2,9,14,25,2,04大安區,大安區基隆路3段與臥龍街口,0,0,1,2,C03,7,1,5,50,3,1,1,5,4,5,7,4,4,1,4,5,2,16,2,22,2,9,1,4,7,9,1,10,1,14,,23,9,1,22,9,121.5483058,25.02082873
111,2,9,14,25,2,04大安區,大安區基隆路3段與臥龍街口,0,0,1,3,,7,1,5,50,3,1,1,5,4,5,7,4,4,1,4,5,2,16,3,,,,,,,,,,,,,67,9,1,,,121.5483058,25.02082873
111,2,9,14,25,2,04大安區,大安區基隆路3段與臥龍街口,0,0,1,1,B12,7,1,5,50,3,1,1,5,4,5,7,4,4,1,4,5,2,16,1,64,3,10,3,4,7,6,1,8,1,5,,9,9,1,22,9,121.5483058,25.02082873
111,2,9,14,58,2,11南港區,南港區同德路87號,0,0,1,1,C03,7,1,5,50,14,9,1,4,4,5,7,4,4,5,4,5,2,18,2,53,2,9,1,1,7,9,1,10,1,12,,43,43,1,22,9,121.5867728,25.0463024
111,2,9,14,58,2,11南港區,南港區同德路87號,0,0,1,2,,7,1,5,50,14,9,1,4,4,5,7,4,4,5,4,5,2,18,3,,,,,,,,,,,,,67,43,1,,,121.5867728,25.0463024
111,2,9,15,0,2,06松山區,松山區南京東路5段163-12號,0,0,1,1,B03,7,1,5,30,14,9,1,4,4,5,7,4,4,10,5,5,2,17,2,28,3,10,3,4,7,1,1,10,1,8,,19,19,1,22,9,121.5629625,25.05200825
111,2,9,15,0,2,06松山區,松山區南京東路5段163-12號,0,0,1,2,C03,7,1,5,30,14,9,1,4,4,5,7,4,4,10,5,5,2,17,1,47,2,9,3,4,7,9,1,10,1,12,,44,19,1,22,9,121.5629625,25.05200825
111,2,9,15,30,2,11南港區,南港區興華路118號,0,0,1,1,B12,8,1,5,50,14,9,1,5,4,5,7,4,4,5,4,5,2,16,1,52,3,10,3,1,7,13,1,8,1,4,,40,40,1,22,9,121.6055703,25.05687755
111,2,9,15,30,2,11南港區,南港區興華路118號,0,0,1,2,C03,8,1,5,50,14,9,1,5,4,5,7,4,4,5,4,5,2,16,1,43,2,9,1,1,7,9,1,10,1,11,,44,40,1,22,9,121.6055703,25.05687755
111,2,9,15,40,2,03中山區,中山區中山北路2段183巷2-4號與民權東路1段7巷口,0,0,1,1,B03,8,1,5,30,4,1,1,5,4,5,7,4,4,10,5,5,2,9,1,38,3,10,3,4,7,6,1,8,1,2,,23,23,1,22,9,121.5230883,25.06377218
111,2,9,15,40,2,03中山區,中山區中山北路2段183巷2-4號與民權東路1段7巷口,0,0,1,2,H01,8,1,5,30,4,1,1,5,4,5,7,4,4,10,5,5,2,9,2,75,2,3,4,5,8,16,8,20,10,16,,67,23,1,22,9,121.5230883,25.06377218
111,2,9,16,30,2,08士林區,士林區忠誠路1段與忠誠路口側附近1段16巷口,0,0,1,1,B03,7,2,5,50,3,1,1,5,4,5,7,4,4,1,4,4,2,12,1,51,3,10,1,1,2,6,1,8,1,5,,9,9,1,10,4,121.5256175,25.10420984
111,2,9,16,30,2,08士林區,士林區忠誠路1段與忠誠路口側附近1段16巷口,0,0,1,2,C03,7,2,5,50,3,1,1,5,4,5,7,4,4,1,4,4,2,12,1,48,2,9,1,1,7,9,1,10,1,14,,44,9,1,22,9,121.5256175,25.10420984
111,2,9,16,39,2,03中山區,中山區民生西路與林森北路口,0,0,1,1,C03,8,1,5,50,4,1,1,5,4,5,7,1,1,4,3,5,1,13,1,30,2,9,1,1,7,9,1,10,2,11,,23,23,1,22,9,121.5254926,25.05808734
111,2,9,16,39,2,03中山區,中山區民生西路與林森北路口,0,0,1,2,B01,8,1,5,50,4,1,1,5,4,5,7,1,1,4,3,5,1,13,1,68,3,10,1,1,7,14,1,4,2,7,,38,23,1,22,9,121.5254926,25.05808734
111,2,9,16,39,2,03中山區,中山區民生西路與林森北路口,0,0,1,3,B03,8,1,5,50,4,1,1,5,4,5,7,1,1,4,3,5,1,13,1,55,3,10,1,1,7,14,1,8,2,1,,44,23,1,22,9,121.5254926,25.05808734
111,2,9,17,5,2,08士林區,士林區中山北路5段與中山北路5段704巷口,0,0,1,1,C03,7,1,5,50,5,2,1,5,4,5,7,2,1,4,3,5,1,17,1,21,2,8,1,1,7,5,1,10,2,14,,13,13,1,22,9,121.5274801,25.09786961
111,2,9,17,5,2,08士林區,士林區中山北路5段與中山北路5段704巷口,0,0,1,2,B03,7,1,5,50,5,2,1,5,4,5,7,2,1,4,3,5,1,17,2,50,3,10,3,4,7,13,1,8,11,7,,44,13,1,22,9,121.5274801,25.09786961
111,2,9,17,5,2,08士林區,士林區中山北路5段與中山北路5段704巷口,0,0,1,3,A42,7,1,5,50,5,2,1,5,4,5,7,2,1,4,3,5,1,17,1,36,3,10,3,4,1,9,1,1,11,15,,30,13,1,22,9,121.5274801,25.09786961
111,2,9,17,5,2,10文山區,文山區辛亥路5段與辛亥路5段25巷口,0,0,2,1,C03,7,1,5,50,4,1,1,5,4,5,7,1,1,1,4,5,2,16,1,70,2,9,1,1,7,5,1,10,2,12,,6,6,1,22,9,121.5540623,24.9998829
111,2,9,17,5,2,10文山區,文山區辛亥路5段與辛亥路5段25巷口,0,0,2,2,C03,7,1,5,50,4,1,1,5,4,5,7,1,1,1,4,5,2,16,1,30,2,9,1,1,7,9,3,18,2,11,,44,6,1,22,9,121.5540623,24.9998829
111,2,9,17,10,2,09北投區,北投區知行路201巷1號對面,0,0,1,1,C03,7,3,5,30,14,9,1,5,4,5,7,4,4,10,5,5,1,9,1,31,3,10,1,1,7,14,1,10,1,11,,32,32,1,22,9,121.4663991,25.11931771
111,2,9,17,10,2,09北投區,北投區知行路201巷1號對面,0,0,1,2,H01,7,3,5,30,14,9,1,5,4,5,7,4,4,10,5,5,1,9,2,21,2,7,4,1,8,17,8,20,10,16,,67,32,1,22,9,121.4663991,25.11931771
111,2,9,17,10,2,09北投區,北投區知行路201巷1號對面,0,0,1,3,H02,7,3,5,30,14,9,1,5,4,5,7,4,4,10,5,5,1,9,1,4,3,10,4,5,7,21,8,20,10,16,,60,32,1,22,9,121.4663991,25.11931771
111,2,9,17,26,2,03中山區,中山區新生北路2段與長春路口,0,0,2,1,B01,8,1,5,50,4,1,1,5,4,5,7,1,1,5,4,4,2,16,1,56,2,1,3,4,7,15,1,4,3,1,,26,26,1,22,9,121.5278088,25.05489864
111,2,9,17,26,2,03中山區,中山區新生北路2段與長春路口,0,0,2,2,B03,8,1,5,50,4,1,1,5,4,5,7,1,1,5,4,4,2,16,1,38,3,10,3,4,7,14,1,8,2,1,,44,26,1,22,9,121.5278088,25.05489864
111,2,9,17,26,2,03中山區,中山區新生北路2段與長春路口,0,0,2,3,H02,8,1,5,50,4,1,1,5,4,5,7,1,1,5,4,4,2,16,2,27,2,2,4,5,7,17,8,20,10,16,,67,26,1,22,9,121.5278088,25.05489864
111,2,9,17,32,2,01大同區,大同區承德路3段286號,0,0,1,1,B03,7,3,5,50,14,9,1,5,4,5,7,4,4,1,4,5,1,13,1,41,3,10,3,4,7,13,1,8,1,15,,40,40,1,22,9,121.5195456,25.0738563
111,2,9,17,32,2,01大同區,大同區承德路3段286號,0,0,1,2,C03,7,3,5,50,14,9,1,5,4,5,7,4,4,1,4,5,1,13,1,18,2,7,1,4,7,9,1,10,1,11,,16,40,1,22,9,121.5195456,25.0738563
111,2,9,17,32,2,01大同區,大同區承德路3段286號,0,0,1,3,C03,7,3,5,50,14,9,1,5,4,5,7,4,4,1,4,5,1,13,1,28,3,10,1,4,7,9,1,10,1,13,,44,40,1,22,9,121.5195456,25.0738563
111,2,9,17,45,2,03中山區,中山區樂群三路301號,0,0,1,1,B03,7,1,5,50,14,9,1,5,4,5,7,4,4,9,5,5,2,17,2,41,3,10,1,4,7,11,1,8,2,7,,10,10,1,22,9,121.5594154,25.08263222
111,2,9,17,45,2,03中山區,中山區樂群三路301號,0,0,1,2,C03,7,1,5,50,14,9,1,5,4,5,7,4,4,9,5,5,2,17,2,20,2,9,1,4,7,9,1,10,2,11,14,44,10,1,22,9,121.5594154,25.08263222
111,2,9,17,53,2,01大同區,大同區延平北路4段與酒泉街口口,0,0,2,1,C03,8,2,5,50,4,1,1,5,4,5,7,1,1,5,4,5,2,15,2,27,2,9,1,1,7,1,1,10,2,11,,19,19,1,22,9,121.5110654,25.07213305
111,2,9,17,53,2,01大同區,大同區延平北路4段與酒泉街口口,0,0,2,2,C03,8,2,5,50,4,1,1,5,4,5,7,1,1,5,4,5,2,15,1,25,2,9,1,1,7,9,1,10,2,12,,44,19,1,22,9,121.5110654,25.07213305
111,2,9,18,7,2,08士林區,士林區中山北路5段與福志路口,0,0,1,1,C03,7,2,5,50,3,2,1,5,4,4,7,4,4,10,5,5,1,17,1,34,2,7,1,1,7,9,1,10,2,12,,23,23,1,22,9,121.5273909,25.09824807
111,2,9,18,7,2,08士林區,士林區中山北路5段與福志路口,0,0,1,2,A42,7,2,5,50,3,2,1,5,4,4,7,4,4,10,5,5,1,17,1,36,3,10,3,4,1,9,1,1,11,15,,30,23,1,22,9,121.5273909,25.09824807
111,2,9,18,10,2,12內湖區,內湖區東湖路43巷與東湖路口,0,0,1,1,B03,8,3,5,50,3,2,1,5,4,5,7,2,1,5,5,5,2,9,2,58,3,10,1,1,7,5,1,8,2,8,,15,15,1,22,9,121.6140401,25.06877078
111,2,9,18,10,2,12內湖區,內湖區東湖路43巷與東湖路口,0,0,1,2,H01,8,3,5,50,3,2,1,5,4,5,7,2,1,5,5,5,2,9,2,55,2,8,4,5,8,16,8,20,10,16,,67,15,1,22,9,121.6140401,25.06877078
111,2,9,18,12,2,09北投區,北投區承德路7段342-1號,0,0,1,1,C03,7,3,5,60,14,9,1,5,4,5,7,4,4,1,4,5,2,13,2,24,2,8,1,1,7,9,1,10,1,11,,23,23,1,22,9,121.5041936,25.11715854
111,2,9,18,12,2,09北投區,北投區承德路7段342-1號,0,0,1,2,B03,7,3,5,60,14,9,1,5,4,5,7,4,4,1,4,5,2,13,1,39,3,10,1,1,7,15,1,8,1,7,,44,23,1,22,9,121.5041936,25.11715854
111,2,9,18,20,2,11南港區,南港區八德路4段901號,0,0,1,1,B03,7,3,5,50,14,9,1,5,4,5,7,4,4,8,3,5,2,16,1,23,3,10,3,4,7,11,1,8,2,4,,10,10,1,22,9,121.5810066,25.05093708
111,2,9,18,20,2,11南港區,南港區八德路4段901號,0,0,1,2,C03,7,3,5,50,14,9,1,5,4,5,7,4,4,8,3,5,2,16,1,32,2,9,3,4,7,9,1,10,2,11,,26,10,1,22,9,121.5810066,25.05093708
111,2,9,18,21,2,02萬華區,萬華區堤外便道大理華中(近華中194號燈桿),0,0,1,1,C03,8,3,5,40,14,9,1,5,4,5,7,4,4,10,5,5,1,16,1,59,3,10,3,4,7,1,3,18,2,13,,19,19,1,22,9,121.4926688,25.01904132
111,2,9,18,21,2,02萬華區,萬華區堤外便道大理華中(近華中194號燈桿),0,0,1,2,C03,8,3,5,40,14,9,1,5,4,5,7,4,4,10,5,5,1,16,1,68,2,9,3,4,7,9,1,10,2,11,,23,19,1,22,9,121.4926688,25.01904132
111,2,9,18,25,2,03中山區,中山區民權西路與民權西路9巷口,0,0,1,1,C03,8,3,5,50,3,1,1,5,4,5,7,1,1,1,3,5,1,13,2,30,2,9,1,1,7,9,1,10,1,11,,16,16,1,22,9,121.5220036,25.06285499
111,2,9,18,25,2,03中山區,中山區民權西路與民權西路9巷口,0,0,1,2,B03,8,3,5,50,3,1,1,5,4,5,7,1,1,1,3,5,1,13,2,24,3,10,1,1,7,9,1,8,1,6,,44,16,1,22,9,121.5220036,25.06285499
111,2,9,18,25,2,10文山區,文山區羅斯福路5段與羅斯福路5段150巷口,0,0,1,1,B03,8,3,5,30,3,2,1,5,4,5,7,4,4,10,5,5,2,16,1,25,3,10,1,1,7,6,1,8,2,8,,6,6,1,22,9,121.5388017,25.00518966
111,2,9,18,25,2,10文山區,文山區羅斯福路5段與羅斯福路5段150巷口,0,0,1,2,C03,8,3,5,30,3,2,1,5,4,5,7,4,4,10,5,5,2,16,2,71,2,9,1,1,7,9,1,10,2,12,,23,6,1,22,9,121.5388017,25.00518966
111,2,9,18,30,2,05中正區,中正區廣州街與廣州街8巷口,0,0,1,1,B03,7,3,5,30,3,1,1,5,4,5,7,3,1,5,5,5,2,3,2,63,3,10,1,1,7,5,1,8,2,4,,15,15,1,22,9,121.5083048,25.03551792
111,2,9,18,30,2,05中正區,中正區廣州街與廣州街8巷口,0,0,1,2,H01,7,3,5,30,3,1,1,5,4,5,7,3,1,5,5,5,2,3,2,62,2,7,4,5,8,16,8,20,10,16,,67,15,1,22,9,121.5083048,25.03551792
111,2,9,18,45,2,06松山區,松山區民權東路4段與富錦街107巷口,0,0,2,1,A02,8,3,5,40,3,2,1,5,4,5,7,4,4,9,4,4,1,13,1,42,3,10,1,4,7,1,1,2,1,15,,19,19,1,22,9,121.5521905,25.0615783
111,2,9,18,45,2,06松山區,松山區民權東路4段與富錦街107巷口,0,0,2,2,C03,8,3,5,40,3,2,1,5,4,5,7,4,4,9,4,4,1,13,1,38,2,9,1,1,7,9,1,10,1,13,,44,19,1,22,9,121.5521905,25.0615783
111,2,9,18,45,2,06松山區,松山區民權東路4段與富錦街107巷口,0,0,2,3,C03,8,3,5,40,3,2,1,5,4,5,7,4,4,9,4,4,1,13,1,32,2,7,1,1,7,9,1,10,1,11,,16,19,1,22,9,121.5521905,25.0615783
111,2,9,18,45,2,06松山區,松山區民權東路4段與富錦街107巷口,0,0,2,4,B03,8,3,5,40,3,2,1,5,4,5,7,4,4,9,4,4,1,13,2,54,3,10,1,1,7,9,1,8,1,1,,44,19,1,22,9,121.5521905,25.0615783
111,2,9,18,50,2,12內湖區,內湖區瑞湖街161號對面,0,0,1,1,C03,7,3,5,50,14,9,1,5,4,5,7,4,4,5,5,5,2,13,1,61,2,9,1,1,7,9,1,10,8,11,,21,21,1,22,9,121.576448,25.06877666
111,2,9,18,50,2,12內湖區,內湖區瑞湖街161號對面,0,0,1,2,B03,7,3,5,50,14,9,1,5,4,5,7,4,4,5,5,5,2,13,1,45,3,10,1,1,7,14,1,8,2,7,,44,21,1,22,9,121.576448,25.06877666
111,2,9,19,1,2,03中山區,中山區林森北路與中山北路2段59巷口,0,0,1,1,B01,7,3,5,50,14,9,1,5,4,5,7,4,4,8,5,5,1,13,1,61,3,10,3,4,7,9,1,4,1,5,,44,44,1,22,9,121.5254874,25.05579911
111,2,9,19,1,2,03中山區,中山區林森北路與中山北路2段59巷口,0,0,1,2,C04,7,3,5,50,14,9,1,5,4,5,7,4,4,8,5,5,1,13,1,34,2,9,3,4,7,5,1,10,1,13,,8,44,1,22,9,121.5254874,25.05579911
111,2,9,19,41,2,04大安區,大安區復興南路2段52號,0,0,1,1,B03,7,3,5,50,14,9,1,5,4,5,7,4,4,1,3,5,2,12,1,52,3,10,1,1,7,8,1,8,1,5,,7,7,1,22,9,121.543508,25.03185779
111,2,9,19,41,2,04大安區,大安區復興南路2段52號,0,0,1,2,C03,7,3,5,50,14,9,1,5,4,5,7,4,4,1,3,5,2,12,1,28,2,5,1,1,7,9,1,10,1,14,,13,7,1,22,9,121.543508,25.03185779
111,2,9,20,58,2,02萬華區,萬華區忠孝西路2段與西寧南路口,0,0,1,1,C03,8,3,5,50,4,1,1,5,4,5,7,1,1,8,3,5,1,17,1,34,2,6,1,1,7,6,1,10,1,11,,25,25,1,22,9,121.5075505,25.0484909
111,2,9,20,58,2,02萬華區,萬華區忠孝西路2段與西寧南路口,0,0,1,2,B01,8,3,5,50,4,1,1,5,4,5,7,1,1,8,3,5,1,17,1,40,3,10,1,1,7,9,1,4,1,8,,44,25,1,22,9,121.5075505,25.0484909
111,2,9,21,32,2,01大同區,大同區西寧北路32號對面,0,0,1,1,B03,8,3,5,50,14,9,1,5,4,5,7,4,4,5,4,5,2,16,1,43,4,11,3,4,7,15,7,19,11,15,,26,26,2,22,9,121.5082965,25.05085549
111,2,9,21,32,2,01大同區,大同區西寧北路32號對面,0,0,1,2,C03,8,3,5,50,14,9,1,5,4,5,7,4,4,5,4,5,2,16,1,38,2,9,1,1,7,9,1,10,2,14,,44,26,1,22,9,121.5082965,25.05085549
111,2,9,22,5,2,05中正區,中正區重慶南路2段與南海路口,0,0,2,1,C03,6,3,5,50,4,1,1,4,4,5,7,1,1,1,4,5,2,16,1,25,2,8,1,1,7,5,1,10,1,14,,6,6,1,22,9,121.5143629,25.0318952
111,2,9,22,5,2,05中正區,中正區重慶南路2段與南海路口,0,0,2,2,C03,6,3,5,50,4,1,1,4,4,5,7,1,1,1,4,5,2,16,1,21,2,7,1,1,7,9,1,10,1,12,,42,6,1,22,9,121.5143629,25.0318952
111,2,9,22,7,2,03中山區,中山區大直街與北安路口,0,0,2,1,C03,8,3,5,50,4,1,1,5,4,5,7,1,1,1,4,5,2,16,1,26,2,9,1,1,7,6,1,8,1,12,,17,17,1,22,9,121.5473879,25.07995227
111,2,9,22,7,2,03中山區,中山區大直街與北安路口,0,0,2,2,C03,8,3,5,50,4,1,1,5,4,5,7,1,1,1,4,5,2,16,1,21,2,9,1,1,7,6,1,10,1,14,,17,17,1,22,9,121.5473879,25.07995227
111,2,9,22,43,2,08士林區,士林區忠誠路1段173巷與忠義街口,0,0,1,1,C03,6,3,5,30,4,2,1,4,4,5,7,3,1,9,5,5,1,15,2,51,2,9,1,1,7,9,1,10,2,12,,6,6,1,22,9,121.5327783,25.10856174
111,2,9,22,43,2,08士林區,士林區忠誠路1段173巷與忠義街口,0,0,1,2,B01,6,3,5,30,4,2,1,4,4,5,7,3,1,9,5,5,1,15,1,61,3,10,1,1,7,9,1,4,2,1,,23,6,1,22,9,121.5327783,25.10856174
111,2,9,23,15,2,12內湖區,內湖區內湖路1段411巷與內湖路1段411巷19弄口口,0,0,2,1,C03,6,3,5,50,3,1,1,4,4,5,7,4,4,5,4,5,2,16,1,60,2,8,1,1,7,5,1,10,2,11,,6,6,1,22,9,121.5712851,25.08264019
111,2,9,23,15,2,12內湖區,內湖區內湖路1段411巷與內湖路1段411巷19弄口口,0,0,2,2,C03,6,3,5,50,3,1,1,4,4,5,7,4,4,5,4,5,2,16,1,43,2,7,1,1,7,9,1,10,2,11,,14,6,1,22,9,121.5712851,25.08264019
111,2,10,1,4,2,10文山區,文山區木柵路5段100-1號旁,0,0,1,1,C03,6,3,5,50,14,9,1,4,4,5,7,4,4,5,4,5,2,18,1,31,2,9,3,4,7,9,1,10,11,12,,43,43,1,22,9,121.5909242,24.9995581
111,2,10,1,4,2,10文山區,文山區木柵路5段100-1號旁,0,0,1,2,,6,3,5,50,14,9,1,4,4,5,7,4,4,5,4,5,2,18,3,,,,,,,,,,,,,67,43,1,,,121.5909242,24.9995581
111,2,10,1,10,2,08士林區,士林區承德路5段與通河東街2段口,0,0,1,1,C03,6,3,5,50,4,1,1,4,4,5,7,1,1,1,5,5,2,17,1,34,2,8,1,1,7,8,6,18,1,12,,7,7,1,22,9,121.5139267,25.0960592
111,2,10,1,10,2,08士林區,士林區承德路5段與通河東街2段口,0,0,1,2,C03,6,3,5,50,4,1,1,4,4,5,7,1,1,1,5,5,2,17,2,39,3,10,1,1,7,9,1,10,1,14,,44,7,1,22,9,121.5139267,25.0960592
111,2,10,5,40,2,04大安區,大安區羅斯福路3段與辛亥路1段口,0,0,1,1,B03,6,3,5,50,14,9,1,4,4,5,7,2,1,10,5,5,2,12,1,66,3,10,1,1,7,6,1,8,1,2,,9,9,1,22,9,121.5295664,25.01961289
111,2,10,5,40,2,04大安區,大安區羅斯福路3段與辛亥路1段口,0,0,1,2,C03,6,3,5,50,14,9,1,4,4,5,7,2,1,10,5,5,2,12,2,60,2,9,1,1,7,9,1,10,1,14,,44,9,1,22,9,121.5295664,25.01961289
111,2,10,5,54,2,02萬華區,萬華區西園路1段137號,0,0,2,1,C03,6,3,5,50,14,9,1,4,4,5,7,4,4,4,5,5,2,13,1,23,2,9,1,1,7,9,1,10,1,11,,23,23,1,22,9,121.4996695,25.03771083
111,2,10,5,54,2,02萬華區,萬華區西園路1段137號,0,0,2,2,F03,6,3,5,50,14,9,1,4,4,5,7,4,4,4,5,5,2,13,2,58,2,9,1,1,7,9,8,20,1,16,,44,23,1,22,9,121.4996695,25.03771083
111,2,10,6,15,2,02萬華區,萬華區西藏路127號,0,0,2,1,H01,6,2,5,50,14,9,1,4,4,5,7,4,4,1,5,5,2,3,2,70,2,9,4,5,8,16,8,20,1,16,,51,51,1,22,9,121.502121,25.02965091
111,2,10,6,15,2,02萬華區,萬華區西藏路127號,0,0,2,2,C03,6,2,5,50,14,9,1,4,4,5,7,4,4,1,5,5,2,3,1,20,2,9,1,1,7,9,1,10,1,11,,23,51,1,22,9,121.502121,25.02965091
111,2,10,6,15,2,02萬華區,萬華區西藏路127號,0,0,2,3,B01,6,2,5,50,14,9,1,4,4,5,7,4,4,1,5,5,2,3,1,56,3,10,1,1,7,9,1,4,1,15,,43,51,1,22,9,121.502121,25.02965091
111,2,10,6,28,2,02萬華區,萬華區中華路2段4-1號,0,0,1,1,C03,6,1,5,50,14,9,1,4,4,5,7,4,4,1,4,5,2,17,1,63,2,9,1,4,7,7,1,10,1,14,,7,7,1,22,9,121.5055823,25.03397011
111,2,10,6,28,2,02萬華區,萬華區中華路2段4-1號,0,0,1,2,A02,6,1,5,50,14,9,1,4,4,5,7,4,4,1,4,5,2,17,1,62,3,10,1,4,7,9,1,2,1,5,,44,7,1,22,9,121.5055823,25.03397011
111,2,10,8,14,2,06松山區,松山區光復南路與光復南路33巷口,0,0,3,2,C03,7,1,5,50,3,2,1,4,4,5,7,1,1,1,4,5,2,12,1,55,2,7,1,1,7,7,1,10,1,14,,23,44,1,22,9,121.5578604,25.04659172
111,2,10,8,14,2,06松山區,松山區光復南路與光復南路33巷口,0,0,3,4,H02,7,1,5,50,3,2,1,4,4,5,7,1,1,1,4,5,2,12,2,55,2,7,4,5,7,20,8,20,10,16,,67,44,1,22,9,121.5578604,25.04659172
111,2,10,8,14,2,06松山區,松山區光復南路與光復南路33巷口,0,0,3,1,C03,7,1,5,50,3,2,1,4,4,5,7,1,1,1,4,5,2,12,1,69,4,11,3,4,7,15,7,19,11,15,,44,44,2,22,9,121.5578604,25.04659172
111,2,10,8,14,2,06松山區,松山區光復南路與光復南路33巷口,0,0,3,3,C03,7,1,5,50,3,2,1,4,4,5,7,1,1,1,4,5,2,12,2,46,2,9,1,1,7,9,1,10,1,12,,23,44,1,22,9,121.5578604,25.04659172
111,2,10,8,15,2,07信義區,信義區莊敬路168號,0,0,1,1,A02,8,1,5,50,14,9,1,5,4,5,7,4,4,5,4,5,1,9,2,37,3,10,1,1,7,9,1,2,9,15,,44,44,1,22,9,121.5612713,25.03156824
111,2,10,8,15,2,07信義區,信義區莊敬路168號,0,0,1,2,H02,8,1,5,50,14,9,1,5,4,5,7,4,4,5,4,5,1,9,2,80,2,8,3,5,7,16,8,20,10,16,,67,44,1,22,9,121.5612713,25.03156824
111,2,10,8,19,2,08士林區,士林區中山北路6段450巷與中山北路6段口,0,0,2,1,C03,8,1,8,50,15,22,1,4,4,5,7,1,1,3,5,5,1,16,1,30,2,9,1,1,7,9,1,10,2,14,,13,13,1,22,9,121.5273498,25.1144371
111,2,10,8,19,2,08士林區,士林區中山北路6段450巷與中山北路6段口,0,0,2,2,C03,8,1,8,50,15,22,1,4,4,5,7,1,1,3,5,5,1,16,1,68,2,9,1,1,7,11,1,10,2,12,,10,13,1,22,9,121.5273498,25.1144371
111,2,10,8,20,2,04大安區,大安區和平東路2段90巷與和平東路2段口,0,0,1,1,B03,8,1,5,30,3,1,1,5,4,5,7,4,4,6,5,5,2,15,2,65,3,10,1,1,7,1,1,8,11,5,,19,19,1,22,9,121.539673,25.024742
111,2,10,8,20,2,04大安區,大安區和平東路2段90巷與和平東路2段口,0,0,1,2,F01,8,1,5,30,3,1,1,5,4,5,7,4,4,6,5,5,2,15,2,44,2,9,1,1,7,9,8,20,11,16,,44,19,1,22,9,121.539673,25.024742
111,2,10,8,20,2,12內湖區,(民權東路6段56巷7號前),0,0,2,1,C03,7,1,5,50,3,1,1,4,4,5,7,4,4,9,4,5,2,16,1,45,2,9,1,1,7,5,1,10,2,11,,8,8,1,22,9,121.5850346,25.0681405
111,2,10,8,20,2,12內湖區,(民權東路6段56巷7號前),0,0,2,2,C03,7,1,5,50,3,1,1,4,4,5,7,4,4,9,4,5,2,16,1,25,2,9,1,1,7,9,1,10,2,11,,44,8,1,22,9,121.5850346,25.0681405
111,2,10,8,22,2,04大安區,大安區新生南路1段141-8號,0,0,3,1,F01,6,1,5,50,14,9,1,4,4,5,7,1,1,8,3,4,1,12,2,50,3,10,1,1,7,9,8,20,1,16,,44,44,1,22,9,121.5329066,25.0366052
111,2,10,8,22,2,04大安區,大安區新生南路1段141-8號,0,0,3,2,C03,6,1,5,50,14,9,1,4,4,5,7,1,1,8,3,4,1,12,1,31,2,9,1,1,7,9,1,10,1,11,,16,44,1,22,9,121.5329066,25.0366052
111,2,10,8,22,2,04大安區,大安區新生南路1段141-8號,0,0,3,3,C03,6,1,5,50,14,9,1,4,4,5,7,1,1,8,3,4,1,12,1,40,2,9,1,1,7,9,1,10,1,11,,16,44,1,22,9,121.5329066,25.0366052
111,2,10,8,22,2,04大安區,大安區新生南路1段141-8號,0,0,3,4,C03,6,1,5,50,14,9,1,4,4,5,7,1,1,8,3,4,1,12,2,44,2,9,1,1,7,9,1,10,1,11,,16,44,1,22,9,121.5329066,25.0366052
111,2,10,8,23,2,03中山區,中山區松江路與民生東路2段口,0,0,1,1,C03,6,1,5,50,14,9,1,4,4,5,7,2,1,3,4,5,2,16,2,30,3,10,1,1,7,8,1,10,1,12,,7,7,1,22,9,121.5332332,25.0578465
111,2,10,8,23,2,03中山區,中山區松江路與民生東路2段口,0,0,1,2,C03,6,1,5,50,14,9,1,4,4,5,7,2,1,3,4,5,2,16,1,35,2,8,1,1,7,9,1,10,1,11,,44,7,1,22,9,121.5332332,25.0578465
111,2,10,8,26,2,04大安區,大安區敦南街與辛亥路3段21巷口,0,0,1,1,C03,7,1,5,30,4,1,1,4,4,5,3,4,4,10,5,5,2,15,2,49,2,9,1,1,7,9,1,10,1,11,,6,6,1,22,9,121.5466599,25.0223728
111,2,10,8,26,2,04大安區,大安區敦南街與辛亥路3段21巷口,0,0,1,2,B03,7,1,5,30,4,1,1,4,4,5,3,4,4,10,5,5,2,15,1,44,3,10,3,4,7,9,1,8,1,8,,13,6,1,22,9,121.5466599,25.0223728