發生年度,發生月,發生日,發生時-Hours,發生分,處理別-編號,區序,肇事地點,死亡人數,2-30日死亡人數,受傷人數,當事人序號,車種,天候,光線,道路類別,速限-速度限制,道路型態,事故位置,路面狀況1,路面狀況2,路面狀況3,道路障礙1,道路障礙2,號誌1,號誌2,車道劃分-分向,車道劃分-分道1,車道劃分-分道2,車道劃分-分道3,事故類型及型態,性別,年齡,受傷程度,主要傷處,安全帽,行動電話,車輛用途,當事者行動狀態,駕駛資格情形,駕駛執照種類,飲酒情形,車輛撞擊部位1,車輛撞擊部位2,肇因碼-個別,肇因碼-主要,個人肇逃否,職業,旅次目的,座標-X,座標-Y
111,2,10,8,27,2,02萬華區,萬華區三水街與和平西路3段13巷口,0,0,2,1,C02,7,1,5,30,4,1,1,4,4,5,7,4,4,10,5,5,2,15,1,44,2,9,1,1,7,9,1,10,1,11,,6,6,1,22,9,121.5040868,25.03533278
111,2,10,8,27,2,02萬華區,萬華區三水街與和平西路3段13巷口,0,0,2,2,C03,7,1,5,30,4,1,1,4,4,5,7,4,4,10,5,5,2,15,2,29,2,8,1,1,7,9,1,10,1,11,,23,6,1,22,9,121.5040868,25.03533278
111,2,10,8,27,2,02萬華區,萬華區三水街與和平西路3段13巷口,0,0,2,3,H02,7,1,5,30,4,1,1,4,4,5,7,4,4,10,5,5,2,15,2,4,3,10,4,5,7,20,8,20,10,16,,67,6,1,22,9,121.5040868,25.03533278
111,2,10,8,27,2,02萬華區,萬華區三水街與和平西路3段13巷口,0,0,2,4,H02,7,1,5,30,4,1,1,4,4,5,7,4,4,10,5,5,2,15,2,10,3,10,4,5,7,21,8,20,10,16,,67,6,1,22,9,121.5040868,25.03533278
111,2,10,8,32,2,02萬華區,萬華區桂林路與西寧南路口,0,0,2,1,C03,6,1,5,50,3,1,1,4,4,5,7,2,1,1,4,1,2,9,2,48,2,9,1,1,7,7,1,10,1,14,,7,7,1,22,9,121.5063557,25.03752042
111,2,10,8,32,2,02萬華區,萬華區桂林路與西寧南路口,0,0,2,2,H02,6,1,5,50,3,1,1,4,4,5,7,2,1,1,4,1,2,9,2,19,2,8,1,1,7,20,8,20,10,16,,67,7,1,22,9,121.5063557,25.03752042
111,2,10,8,32,2,02萬華區,萬華區桂林路與西寧南路口,0,0,2,3,B12,6,1,5,50,3,1,1,4,4,5,7,2,1,1,4,1,2,9,2,52,3,10,1,1,7,6,1,8,1,5,,9,7,1,22,9,121.5063557,25.03752042
111,2,10,8,40,2,11南港區,南港區三重路與新民街口口,0,0,1,1,B03,6,1,5,50,4,1,1,4,4,5,7,1,1,4,3,5,2,13,1,48,3,10,1,1,7,9,1,8,3,1,,23,23,1,22,9,121.6140432,25.0561765
111,2,10,8,40,2,11南港區,南港區三重路與新民街口口,0,0,1,2,C03,6,1,5,50,4,1,1,4,4,5,7,1,1,4,3,5,2,13,2,42,2,3,1,1,7,14,1,10,2,13,,44,23,1,22,9,121.6140432,25.0561765
111,2,10,8,43,2,03中山區,中山區北安路301號前,0,0,1,1,C03,7,1,5,50,14,9,1,4,4,5,7,4,4,1,4,5,2,17,1,35,2,9,1,4,7,7,1,10,2,11,14,23,23,1,22,9,121.5357683,25.07783318
111,2,10,8,43,2,03中山區,中山區北安路301號前,0,0,1,2,B01,7,1,5,50,14,9,1,4,4,5,7,4,4,1,4,5,2,17,1,51,3,10,1,4,7,14,1,4,2,7,,44,23,1,10,9,121.5357683,25.07783318
111,2,10,8,55,2,03中山區,中山區中山北路2段11巷與中山北路2段口,0,0,1,1,B03,8,1,5,50,3,1,1,4,4,5,7,4,4,1,3,5,1,17,1,52,3,10,1,1,7,6,1,8,9,15,,9,9,2,22,9,121.5226421,25.05274628
111,2,10,8,55,2,03中山區,中山區中山北路2段11巷與中山北路2段口,0,0,1,2,C03,8,1,5,50,3,1,1,4,4,5,7,4,4,1,3,5,1,17,2,25,2,9,1,1,7,9,1,10,9,14,,14,9,1,22,9,121.5226421,25.05274628
111,2,10,8,57,2,06松山區,松山區虎林街與市民大道6段口,0,0,2,1,C03,6,1,5,40,4,1,1,4,4,5,7,1,1,10,4,5,2,16,1,25,2,9,1,1,7,5,1,10,1,14,,8,8,1,22,9,121.5760551,25.04941753
111,2,10,8,57,2,06松山區,松山區虎林街與市民大道6段口,0,0,2,2,C03,6,1,5,40,4,1,1,4,4,5,7,1,1,10,4,5,2,16,1,42,2,8,1,1,7,9,1,10,1,11,,44,8,1,22,9,121.5760551,25.04941753
111,2,10,9,0,2,05中正區,中正區重慶南路1段與武昌街1段口,0,0,1,1,B12,8,1,5,50,4,1,1,4,4,5,7,1,1,9,4,5,2,12,1,43,3,10,1,1,7,6,1,8,11,15,,9,9,1,22,9,121.5131815,25.04411129
111,2,10,9,0,2,05中正區,中正區重慶南路1段與武昌街1段口,0,0,1,2,C03,8,1,5,50,4,1,1,4,4,5,7,1,1,9,4,5,2,12,2,39,2,9,1,1,7,9,1,10,11,14,,44,9,1,22,9,121.5131815,25.04411129
111,2,10,9,6,2,11南港區,南港區中坡北路與忠孝東路5段口,0,0,2,1,B03,6,1,5,50,4,1,1,4,4,5,7,2,1,1,4,5,1,16,1,54,3,10,3,4,7,6,1,8,1,5,,9,9,1,22,9,121.5819232,25.04423567
111,2,10,9,6,2,11南港區,南港區中坡北路與忠孝東路5段口,0,0,2,2,C03,6,1,5,50,4,1,1,4,4,5,7,2,1,1,4,5,1,16,2,46,2,9,1,4,7,9,1,10,1,14,,44,9,1,22,9,121.5819232,25.04423567
111,2,10,9,6,2,11南港區,南港區中坡北路與忠孝東路5段口,0,0,2,3,C03,6,1,5,50,4,1,1,4,4,5,7,2,1,1,4,5,1,16,1,34,2,9,1,4,7,14,1,10,1,14,,44,9,1,22,9,121.5819232,25.04423567
111,2,10,9,6,2,11南港區,南港區中坡北路與忠孝東路5段口,0,0,2,4,C03,6,1,5,50,4,1,1,4,4,5,7,2,1,1,4,5,1,16,1,58,3,10,1,4,7,14,1,10,1,14,,44,9,1,22,9,121.5819232,25.04423567
111,2,10,9,7,2,11南港區,南港區忠孝東路5段與中坡北路口,0,0,2,1,C03,7,1,5,50,14,9,1,5,4,5,7,2,1,3,3,5,2,13,2,53,2,9,1,1,7,12,1,10,1,14,,42,42,1,22,9,121.581947,25.04429931
111,2,10,9,7,2,11南港區,南港區忠孝東路5段與中坡北路口,0,0,2,2,C03,7,1,5,50,14,9,1,5,4,5,7,2,1,3,3,5,2,13,2,56,2,9,1,1,7,9,1,10,1,11,,42,42,1,22,9,121.581947,25.04429931
111,2,10,9,20,2,03中山區,中山區新生高架道往北，北安路匝道處,0,0,1,3,H02,7,1,8,40,10,9,1,5,4,5,7,4,4,10,5,5,2,13,1,36,2,2,4,5,7,20,8,20,10,16,,67,23,1,22,9,121.5259431,25.07440395
111,2,10,9,20,2,03中山區,中山區新生高架道往北，北安路匝道處,0,0,1,1,B03,7,1,8,40,10,9,1,5,4,5,7,4,4,10,5,5,2,13,1,40,3,10,3,4,7,9,1,8,1,1,,23,23,1,22,9,121.5259431,25.07440395
111,2,10,9,20,2,03中山區,中山區新生高架道往北，北安路匝道處,0,0,1,2,B03,7,1,8,40,10,9,1,5,4,5,7,4,4,10,5,5,2,13,2,39,3,10,3,4,7,14,1,8,1,3,,44,23,1,22,9,121.5259431,25.07440395
111,2,10,9,37,2,05中正區,中正區中山南路與徐州路口,0,0,1,1,B03,7,1,5,50,3,1,1,5,4,5,7,1,1,5,4,1,1,12,1,58,3,10,1,1,7,9,1,8,2,2,,23,23,1,22,9,121.5184319,25.04204019
111,2,10,9,37,2,05中正區,中正區中山南路與徐州路口,0,0,1,2,C03,7,1,5,50,3,1,1,5,4,5,7,1,1,5,4,1,1,12,1,73,2,9,1,1,7,7,1,10,6,14,,7,23,1,22,9,121.5184319,25.04204019
111,2,10,9,45,2,01大同區,大同區民權西路與民權西路160巷口,0,0,2,1,C03,7,1,5,50,3,2,1,5,4,5,7,4,4,1,4,5,1,13,2,21,2,8,1,4,7,9,1,10,1,11,,42,42,1,22,9,121.5156305,25.06285419
111,2,10,9,45,2,01大同區,大同區民權西路與民權西路160巷口,0,0,2,2,C03,7,1,5,50,3,2,1,5,4,5,7,4,4,1,4,5,1,13,2,24,2,9,1,4,7,12,1,10,1,15,,44,42,1,22,9,121.5156305,25.06285419
111,2,10,9,58,2,01大同區,大同區重慶北路2段與蘭州街口,0,0,2,1,C03,7,1,5,50,3,1,1,5,4,2,7,4,4,1,4,5,2,13,1,19,2,8,1,1,7,9,1,10,1,11,,16,16,1,22,9,121.5136678,25.0618163
111,2,10,9,58,2,01大同區,大同區重慶北路2段與蘭州街口,0,0,2,2,C03,7,1,5,50,3,1,1,5,4,2,7,4,4,1,4,5,2,13,1,22,2,8,1,1,7,6,1,10,1,13,,44,16,1,22,9,121.5136678,25.0618163
111,2,10,10,7,2,06松山區,松山區南京東路5段與南京東路5段291巷口,0,0,1,1,C03,8,1,5,50,4,1,1,5,4,5,7,1,1,1,1,4,2,12,2,72,3,10,1,1,7,6,1,10,1,13,,9,9,1,22,9,121.5662629,25.05146151
111,2,10,10,7,2,06松山區,松山區南京東路5段與南京東路5段291巷口,0,0,1,2,C03,8,1,5,50,4,1,1,5,4,5,7,1,1,1,1,4,2,12,2,33,2,9,1,1,7,9,1,10,1,11,,44,9,1,22,9,121.5662629,25.05146151
111,2,10,10,11,2,06松山區,松山區富錦街359巷與富錦街口,0,0,1,1,B01,8,1,5,50,4,1,1,5,4,5,7,1,1,5,5,5,2,16,1,60,3,10,1,1,7,11,1,2,1,5,,26,26,1,22,9,121.5581036,25.06055154
111,2,10,10,11,2,06松山區,松山區富錦街359巷與富錦街口,0,0,1,2,C03,8,1,5,50,4,1,1,5,4,5,7,1,1,5,5,5,2,16,1,63,2,7,1,1,7,9,1,10,1,11,,25,26,1,22,9,121.5581036,25.06055154
111,2,10,10,45,2,05中正區,中正區羅斯福路3段與羅斯福路3段316巷口口,0,0,1,1,C03,7,1,5,50,4,1,1,4,4,5,7,1,1,1,4,5,1,17,1,28,3,10,1,1,7,5,1,10,2,11,,42,42,1,22,9,121.5327617,25.0161169
111,2,10,10,45,2,05中正區,中正區羅斯福路3段與羅斯福路3段316巷口口,0,0,1,2,C03,7,1,5,50,4,1,1,4,4,5,7,1,1,1,4,5,1,17,1,30,2,9,1,1,7,9,1,10,2,12,,44,42,1,22,9,121.5327617,25.0161169
111,2,10,10,50,2,12內湖區,內湖區內湖路1段與港墘路口,0,0,1,2,C03,7,1,5,50,4,1,1,5,4,5,7,1,1,1,4,5,2,16,2,31,2,9,1,1,7,9,1,10,2,11,,23,8,1,22,9,121.576752,25.0793807
111,2,10,10,50,2,12內湖區,內湖區內湖路1段與港墘路口,0,0,1,1,B01,7,1,5,50,4,1,1,5,4,5,7,1,1,1,4,5,2,16,1,65,3,10,1,1,7,5,1,4,2,2,,8,8,1,22,9,121.576752,25.0793807
111,2,10,11,10,2,07信義區,信義區基隆路2段與嘉興街216巷口,0,0,1,1,C03,7,1,5,50,4,1,1,5,4,5,7,1,1,1,4,5,2,12,1,41,3,10,1,1,7,9,1,10,2,14,,23,23,1,22,9,121.5573051,25.0291401
111,2,10,11,10,2,07信義區,信義區基隆路2段與嘉興街216巷口,0,0,1,2,C03,7,1,5,50,4,1,1,5,4,5,7,1,1,1,4,5,2,12,1,74,3,10,1,1,7,9,1,10,2,12,,44,23,1,22,9,121.5573051,25.0291401
111,2,10,11,10,2,07信義區,信義區基隆路2段與嘉興街216巷口,0,0,1,3,H02,7,1,5,50,4,1,1,5,4,5,7,1,1,1,4,5,2,12,2,71,2,7,4,5,7,20,8,20,10,16,,67,23,1,22,9,121.5573051,25.0291401
111,2,10,11,15,2,02萬華區,萬華區萬大路423巷與萬大路口,0,0,1,1,F01,7,1,5,30,4,2,1,5,4,5,7,2,1,1,4,5,1,17,2,73,2,1,1,1,7,9,8,20,2,16,,43,43,1,22,9,121.4987037,25.02149203
111,2,10,11,15,2,02萬華區,萬華區萬大路423巷與萬大路口,0,0,1,2,B12,7,1,5,30,4,2,1,5,4,5,7,2,1,1,4,5,1,17,1,37,3,10,3,4,7,6,1,8,2,6,,44,43,1,22,9,121.4987037,25.02149203
111,2,10,12,0,2,08士林區,士林區承德路4段2巷8號,0,0,1,1,B03,7,1,5,30,14,9,1,4,4,5,7,4,4,10,5,5,2,12,1,42,3,10,1,1,7,11,1,8,1,8,,10,10,1,22,9,121.5204306,25.07915003
111,2,10,12,0,2,08士林區,士林區承德路4段2巷8號,0,0,1,2,C03,7,1,5,30,14,9,1,4,4,5,7,4,4,10,5,5,2,12,2,29,2,9,1,1,7,9,1,10,1,12,,44,10,1,22,9,121.5204306,25.07915003
111,2,10,12,0,2,08士林區,士林區承德路4段2巷8號,0,0,1,3,B03,7,1,5,30,14,9,1,4,4,5,7,4,4,10,5,5,2,12,2,28,3,10,3,1,7,13,7,19,11,6,,44,10,1,22,9,121.5204306,25.07915003
111,2,10,12,6,2,12內湖區,內湖區康寧路3段189巷與康寧路3段165巷口口,0,0,1,1,C03,8,1,5,30,3,1,1,5,4,5,7,4,4,10,5,5,2,16,2,40,2,9,1,1,7,5,1,10,1,11,,8,8,1,22,9,121.6126987,25.07176859
111,2,10,12,6,2,12內湖區,內湖區康寧路3段189巷與康寧路3段165巷口口,0,0,1,2,B01,8,1,5,30,3,1,1,5,4,5,7,4,4,10,5,5,2,16,1,57,3,10,1,1,7,6,1,4,1,5,,6,8,1,22,9,121.6126987,25.07176859
111,2,10,12,11,2,12內湖區,內湖區康樂街85巷與康樂街61巷口,0,0,1,1,C03,7,1,5,30,4,1,1,5,4,5,7,4,4,10,5,5,2,15,1,41,2,8,1,1,7,9,1,10,1,11,,6,6,1,22,9,121.618679,25.0694614
111,2,10,12,11,2,12內湖區,內湖區康樂街85巷與康樂街61巷口,0,0,1,2,B03,7,1,5,30,4,1,1,5,4,5,7,4,4,10,5,5,2,15,1,48,3,10,1,1,7,9,1,8,1,5,,6,6,1,22,9,121.618679,25.0694614
111,2,10,12,25,2,12內湖區,內湖區潭美街與安美街口,0,0,1,1,C03,8,1,5,40,3,1,1,5,4,5,7,3,1,5,5,5,2,12,1,19,2,9,1,1,7,5,1,10,1,11,,8,8,1,22,9,121.6027617,25.0610652
111,2,10,12,25,2,12內湖區,內湖區潭美街與安美街口,0,0,1,2,C03,8,1,5,40,3,1,1,5,4,5,7,3,1,5,5,5,2,12,1,34,3,10,1,1,7,9,1,10,1,12,,23,8,1,22,9,121.6027617,25.0610652
111,2,10,12,28,2,04大安區,大安區和平東路2段101號對面,0,0,1,1,C03,8,1,5,50,14,9,1,5,4,5,7,2,1,3,1,5,2,12,1,23,2,9,1,1,7,7,1,10,1,11,,23,23,1,22,9,121.5401297,25.0252965
111,2,10,12,28,2,04大安區,大安區和平東路2段101號對面,0,0,1,2,B03,8,1,5,50,14,9,1,5,4,5,7,2,1,3,1,5,2,12,1,66,3,10,1,1,7,14,1,8,1,6,,44,23,1,22,9,121.5401297,25.0252965
111,2,10,12,28,2,04大安區,大安區和平東路2段101號對面,0,0,1,3,B03,8,1,5,50,14,9,1,5,4,5,7,2,1,3,1,5,2,12,2,18,3,10,1,1,7,14,1,8,1,2,,44,23,1,22,9,121.5401297,25.0252965
111,2,10,12,28,2,04大安區,大安區和平東路2段101號對面,0,0,1,4,B03,8,1,5,50,14,9,1,5,4,5,7,2,1,3,1,5,2,12,1,62,3,10,1,1,7,9,1,8,1,4,,44,23,1,22,9,121.5401297,25.0252965
111,2,10,12,29,2,08士林區,士林區中正路重陽橋公車站牌,0,0,1,1,A02,8,1,5,50,14,9,1,5,4,5,7,4,4,1,5,5,1,9,1,40,3,10,1,1,7,1,1,2,1,15,,43,43,1,22,9,121.5086818,25.08675082
111,2,10,12,29,2,08士林區,士林區中正路重陽橋公車站牌,0,0,1,2,H02,8,1,5,50,14,9,1,5,4,5,7,4,4,1,5,5,1,9,2,54,2,9,4,5,7,20,8,20,10,15,,67,43,1,22,9,121.5086818,25.08675082
111,2,10,12,53,2,02萬華區,萬華區艋舺大道74號,0,0,1,1,B03,7,1,5,50,15,9,1,5,4,5,7,4,4,1,4,5,1,17,1,51,3,10,3,4,7,8,1,8,1,6,,7,7,1,22,9,121.5033487,25.03341483
111,2,10,12,53,2,02萬華區,萬華區艋舺大道74號,0,0,1,2,C03,7,1,5,50,15,9,1,5,4,5,7,4,4,1,4,5,1,17,1,29,2,8,3,4,7,9,1,10,1,14,,17,7,1,22,9,121.5033487,25.03341483
111,2,10,13,12,2,09北投區,北投區立農街1段與吉利街口,0,0,2,1,C03,7,1,5,30,5,1,1,5,4,5,7,4,4,10,5,5,2,15,2,29,2,7,1,1,7,9,1,10,1,11,,6,6,1,22,9,121.5097892,25.11940611
111,2,10,13,12,2,09北投區,北投區立農街1段與吉利街口,0,0,2,2,C03,7,1,5,30,5,1,1,5,4,5,7,4,4,10,5,5,2,15,2,21,2,9,1,1,7,9,1,9,1,11,,44,6,1,22,9,121.5097892,25.11940611
111,2,10,13,20,2,09北投區,北投區行義路與行義路10巷口,0,0,1,1,B03,8,1,5,40,3,1,1,5,4,5,7,3,1,4,1,5,2,13,1,70,3,10,1,1,7,9,1,8,1,1,,44,44,1,22,9,121.5262283,25.124682
111,2,10,13,20,2,09北投區,北投區行義路與行義路10巷口,0,0,1,2,C03,8,1,5,40,3,1,1,5,4,5,7,3,1,4,1,5,2,13,2,45,2,8,1,1,7,9,1,10,1,13,,44,44,1,22,9,121.5262283,25.124682
111,2,10,13,27,2,04大安區,大安區和平東路1段與和平東路1段104巷口旁停車場出入口前,0,0,1,1,B03,7,1,5,50,14,9,1,5,4,5,7,4,4,1,4,5,2,16,2,41,3,10,1,1,7,6,1,8,1,5,,9,9,1,22,9,121.525418,25.02674722
111,2,10,13,27,2,04大安區,大安區和平東路1段與和平東路1段104巷口旁停車場出入口前,0,0,1,2,C03,7,1,5,50,14,9,1,5,4,5,7,4,4,1,4,5,2,16,1,26,2,9,1,1,7,9,1,10,1,14,,44,9,1,22,9,121.525418,25.02674722
111,2,10,14,24,2,01大同區,大同區延平北路3段與民權西路口,0,0,2,1,C03,7,1,5,50,4,1,1,5,4,5,7,2,1,1,4,5,1,12,2,29,2,9,1,4,7,6,1,10,2,14,,9,9,1,22,9,121.5111845,25.06306202
111,2,10,14,24,2,01大同區,大同區延平北路3段與民權西路口,0,0,2,2,C03,7,1,5,50,4,1,1,5,4,5,7,2,1,1,4,5,1,12,2,57,2,9,1,4,7,9,1,10,2,12,,44,9,1,22,9,121.5111845,25.06306202
111,2,10,14,33,2,06松山區,松山區南京東路5段202號前,0,0,1,1,B01,7,1,5,50,14,9,1,5,4,5,7,4,4,10,5,5,2,11,1,57,3,10,1,1,7,8,1,4,2,2,,7,7,1,22,9,121.5650966,25.05130359
111,2,10,14,33,2,06松山區,松山區南京東路5段202號前,0,0,1,2,C03,7,1,5,50,14,9,1,5,4,5,7,4,4,10,5,5,2,11,2,24,2,9,1,1,7,9,1,10,2,14,,44,7,1,22,9,121.5650966,25.05130359
111,2,10,14,47,2,02萬華區,萬華區西園路1段與廣州街口,0,0,2,1,C03,7,1,5,50,4,1,1,5,4,5,7,2,1,10,5,5,1,16,1,23,2,9,1,4,7,9,1,10,2,11,,42,42,1,22,9,121.4993823,25.0366995
111,2,10,14,47,2,02萬華區,萬華區西園路1段與廣州街口,0,0,2,2,C03,7,1,5,50,4,1,1,5,4,5,7,2,1,10,5,5,1,16,2,44,2,9,1,4,7,5,1,10,2,12,,6,42,1,22,9,121.4993823,25.0366995
111,2,10,14,53,2,03中山區,中山區民族東路412號對面,0,0,1,3,H02,8,1,5,50,14,9,1,5,4,5,7,2,1,3,4,5,2,13,2,31,2,1,4,5,7,21,8,20,10,16,,67,23,1,22,9,121.5384871,25.0681749
111,2,10,14,53,2,03中山區,中山區民族東路412號對面,0,0,1,1,B03,8,1,5,50,14,9,1,5,4,5,7,2,1,3,4,5,2,13,1,30,3,10,1,1,7,1,1,8,1,1,,23,23,1,22,9,121.5384871,25.0681749
111,2,10,14,53,2,03中山區,中山區民族東路412號對面,0,0,1,2,B03,8,1,5,50,14,9,1,5,4,5,7,2,1,3,4,5,2,13,2,60,3,10,1,1,7,9,1,8,1,3,,44,23,1,22,9,121.5384871,25.0681749
111,2,10,14,55,2,01大同區,大同區重慶北路1段與重慶北路1段44巷口口,0,0,2,1,C03,8,1,5,30,3,1,1,5,4,5,7,4,4,10,4,5,2,15,1,69,2,8,1,1,7,9,1,10,1,11,,23,23,1,22,9,121.5137226,25.05125785
111,2,10,14,55,2,01大同區,大同區重慶北路1段與重慶北路1段44巷口口,0,0,2,2,F01,8,1,5,30,3,1,1,5,4,5,7,4,4,10,4,5,2,15,1,49,2,8,1,1,7,9,8,20,1,16,,42,23,1,22,9,121.5137226,25.05125785
111,2,10,14,59,2,11南港區,南港區研究院路1段與市民大道8段口,0,0,1,1,C03,8,1,5,50,4,1,1,5,4,5,7,2,1,1,4,5,2,16,1,18,3,10,3,4,7,6,1,10,2,12,,9,9,1,22,9,121.6164526,25.05453208
111,2,10,14,59,2,11南港區,南港區研究院路1段與市民大道8段口,0,0,1,2,C03,8,1,5,50,4,1,1,5,4,5,7,2,1,1,4,5,2,16,1,52,2,9,3,4,7,9,1,10,1,11,,44,9,1,22,9,121.6164526,25.05453208
111,2,10,15,10,2,02萬華區,萬華區長順街與長順街14巷口,0,0,2,1,C03,7,1,5,30,4,1,1,5,4,5,7,4,4,9,5,5,2,15,1,37,2,9,1,1,7,9,1,10,2,14,,6,6,1,22,9,121.4902775,25.0316057
111,2,10,15,10,2,02萬華區,萬華區長順街與長順街14巷口,0,0,2,2,C03,7,1,5,30,4,1,1,5,4,5,7,4,4,9,5,5,2,15,1,52,2,9,1,1,7,9,1,10,2,11,,13,6,1,22,9,121.4902775,25.0316057
111,2,10,15,10,2,12內湖區,內湖區行愛路與新湖三路口,0,0,2,1,B03,8,1,5,50,4,1,1,5,4,5,7,1,1,5,5,4,1,16,2,25,2,2,1,1,7,5,1,8,1,5,,8,8,1,22,9,121.5795502,25.0649156
111,2,10,15,10,2,12內湖區,內湖區行愛路與新湖三路口,0,0,2,2,C03,8,1,5,50,4,1,1,5,4,5,7,1,1,5,5,4,1,16,1,24,2,9,1,1,7,9,1,10,1,11,,44,8,1,22,9,121.5795502,25.0649156
111,2,10,15,20,2,12內湖區,內湖區新明路與成美橋口前,0,0,1,1,C03,8,1,5,50,4,2,1,5,4,5,7,1,1,5,4,5,2,13,1,20,2,8,1,1,7,9,1,10,1,11,,16,16,1,22,9,121.5822051,25.05538487
111,2,10,15,20,2,12內湖區,內湖區新明路與成美橋口前,0,0,1,2,C03,8,1,5,50,4,2,1,5,4,5,7,1,1,5,4,5,2,13,2,60,3,10,1,1,7,9,1,10,1,13,,44,16,1,22,9,121.5822051,25.05538487
111,2,10,15,30,2,03中山區,中山區復興北路與南京東路3段口,0,0,2,1,C03,7,1,5,50,4,1,1,5,4,5,7,1,1,1,4,5,2,17,1,40,2,8,3,4,7,13,1,10,2,15,,43,43,1,22,9,121.5439482,25.05162466
111,2,10,15,30,2,03中山區,中山區復興北路與南京東路3段口,0,0,2,2,C03,7,1,5,50,4,1,1,5,4,5,7,1,1,1,4,5,2,17,2,25,2,9,1,4,7,9,1,10,2,11,12,23,43,1,22,9,121.5439482,25.05162466
111,2,10,16,33,2,01大同區,中正區重慶南路1段118巷與重慶南路1段口口,0,0,2,1,F01,8,1,5,0,3,1,1,5,4,4,7,4,4,10,4,5,2,16,2,63,2,4,1,1,7,9,8,20,2,16,,43,43,1,22,9,121.5131274,25.04185005
111,2,10,16,33,2,01大同區,中正區重慶南路1段118巷與重慶南路1段口口,0,0,2,2,C03,8,1,5,0,3,1,1,5,4,4,7,4,4,10,4,5,2,16,1,48,2,7,1,1,7,6,1,10,2,12,,6,43,1,22,9,121.5131274,25.04185005
111,2,10,16,37,2,08士林區,士林區承德路4段與中正路口,0,0,2,1,B03,8,1,5,50,4,2,1,5,4,5,7,1,1,9,4,4,1,17,1,28,3,10,1,1,7,6,1,8,2,2,,44,44,1,22,9,121.5166054,25.09099875
111,2,10,16,37,2,08士林區,士林區承德路4段與中正路口,0,0,2,2,C03,8,1,5,50,4,2,1,5,4,5,7,1,1,9,4,4,1,17,1,18,2,9,1,1,7,9,1,10,2,14,,13,44,1,22,9,121.5166054,25.09099875
111,2,10,16,37,2,08士林區,士林區承德路4段與中正路口,0,0,2,3,H02,8,1,5,50,4,2,1,5,4,5,7,1,1,9,4,4,1,17,2,23,2,9,1,5,7,20,8,20,10,16,,67,44,1,22,9,121.5166054,25.09099875
111,2,10,16,40,2,03中山區,中山區五常街與民族東路410巷口,0,0,2,1,F01,7,1,5,50,3,1,1,5,4,5,7,4,4,5,5,5,2,12,1,15,2,8,1,1,7,5,8,20,1,16,,8,8,1,22,9,121.5382988,25.0643568
111,2,10,16,40,2,03中山區,中山區五常街與民族東路410巷口,0,0,2,2,C03,7,1,5,50,3,1,1,5,4,5,7,4,4,5,5,5,2,12,2,50,2,9,1,1,7,9,1,10,1,11,,14,8,1,22,9,121.5382988,25.0643568
111,2,10,17,1,2,03中山區,中山區林森北路與中山北路1段53巷口,0,0,1,1,B01,8,1,5,30,4,1,1,5,4,5,7,4,4,4,3,5,1,16,1,61,3,10,1,1,7,9,1,4,1,6,,6,6,1,22,9,121.5244189,25.04866197
111,2,10,17,1,2,03中山區,中山區林森北路與中山北路1段53巷口,0,0,1,2,C03,8,1,5,30,4,1,1,5,4,5,7,4,4,4,3,5,1,16,1,27,2,9,1,1,7,9,1,10,1,11,,13,6,1,22,9,121.5244189,25.04866197
111,2,10,17,2,2,02萬華區,萬華區環河南路1段與內江街口,0,0,2,1,C03,7,1,5,50,3,1,1,5,4,5,7,2,1,10,5,5,1,11,1,63,2,9,1,4,7,9,1,10,1,11,,25,25,1,22,9,121.5001314,25.04190435
111,2,10,17,2,2,02萬華區,萬華區環河南路1段與內江街口,0,0,2,2,C03,7,1,5,50,3,1,1,5,4,5,7,2,1,10,5,5,1,11,1,22,2,8,1,4,7,11,1,10,1,12,,44,25,1,22,9,121.5001314,25.04190435
111,2,10,17,18,2,03中山區,中山區中山北路2段102號,0,0,1,1,B01,7,3,8,50,15,22,1,5,4,5,7,4,4,5,4,5,2,29,1,65,3,10,1,1,7,8,1,4,2,5,,43,43,1,22,9,121.5228184,25.06010258
111,2,10,17,18,2,03中山區,中山區中山北路2段102號,0,0,1,2,,7,3,8,50,15,22,1,5,4,5,7,4,4,5,4,5,2,29,3,,,,,,,,,,,,,67,43,1,,,121.5228184,25.06010258
111,2,10,17,18,2,03中山區,中山區中山北路2段102號,0,0,1,3,H01,7,3,8,50,15,22,1,5,4,5,7,4,4,5,4,5,2,29,2,74,2,9,4,5,8,16,8,20,10,16,,67,43,1,22,9,121.5228184,25.06010258
111,2,10,17,40,2,04大安區,大安區和平東路2段與建國南路2段口,0,0,1,1,B01,8,1,5,50,15,18,1,5,4,5,7,1,1,10,5,5,2,3,1,40,3,10,1,1,7,6,1,4,11,15,,15,15,1,22,9,121.5379585,25.02551199
111,2,10,17,40,2,04大安區,大安區和平東路2段與建國南路2段口,0,0,1,2,H01,8,1,5,50,15,18,1,5,4,5,7,1,1,10,5,5,2,3,1,51,2,8,4,5,8,16,8,20,10,16,,67,15,1,22,9,121.5379585,25.02551199
111,2,10,18,0,2,03中山區,中山區市民大道3段懷生國小前迴轉道,0,0,2,1,C03,7,3,5,40,15,6,1,5,4,5,7,4,4,1,4,5,1,17,2,26,2,9,1,1,7,5,1,10,1,13,,6,6,1,22,9,121.5409607,25.04480774
111,2,10,18,0,2,03中山區,中山區市民大道3段懷生國小前迴轉道,0,0,2,2,C03,7,3,5,40,15,6,1,5,4,5,7,4,4,1,4,5,1,17,2,27,2,9,1,1,7,9,1,10,1,14,,13,6,1,22,9,121.5409607,25.04480774