發生年度,發生月,發生日,發生時-Hours,發生分,處理別-編號,區序,肇事地點,死亡人數,2-30日死亡人數,受傷人數,當事人序號,車種,天候,光線,道路類別,速限-速度限制,道路型態,事故位置,路面狀況1,路面狀況2,路面狀況3,道路障礙1,道路障礙2,號誌1,號誌2,車道劃分-分向,車道劃分-分道1,車道劃分-分道2,車道劃分-分道3,事故類型及型態,性別,年齡,受傷程度,主要傷處,安全帽,行動電話,車輛用途,當事者行動狀態,駕駛資格情形,駕駛執照種類,飲酒情形,車輛撞擊部位1,車輛撞擊部位2,肇因碼-個別,肇因碼-主要,個人肇逃否,職業,旅次目的,座標-X,座標-Y
111,2,10,18,0,2,05中正區,中正區重慶南路3段92號,0,0,1,1,C03,7,3,5,30,14,9,1,5,4,3,5,4,4,2,4,5,1,16,2,37,2,9,1,1,7,21,1,10,1,14,,32,32,1,22,9,121.5161958,25.025634
111,2,10,18,0,2,05中正區,中正區重慶南路3段92號,0,0,1,2,B03,7,3,5,30,14,9,1,5,4,3,5,4,4,2,4,5,1,16,1,40,3,10,1,1,7,21,1,8,1,2,,23,32,1,22,9,121.5161958,25.025634
111,2,10,18,0,2,05中正區,中正區重慶南路3段92號,0,0,1,3,H02,7,3,5,30,14,9,1,5,4,3,5,4,4,2,4,5,1,16,1,6,4,11,1,5,7,17,8,20,10,16,,67,32,1,22,9,121.5161958,25.025634
111,2,10,18,0,2,05中正區,中正區重慶南路3段92號,0,0,1,4,H02,7,3,5,30,14,9,1,5,4,3,5,4,4,2,4,5,1,16,2,4,4,11,1,1,7,17,8,20,10,16,,67,32,1,22,9,121.5161958,25.025634
111,2,10,18,5,2,09北投區,北投區中和街與復興一路口,0,0,1,1,B03,8,3,5,50,3,1,1,5,4,5,7,4,4,4,3,5,2,17,1,58,3,10,1,1,7,11,1,8,1,8,,43,43,1,22,9,121.5018397,25.1389329
111,2,10,18,5,2,09北投區,北投區中和街與復興一路口,0,0,1,2,C03,8,3,5,50,3,1,1,5,4,5,7,4,4,4,3,5,2,17,1,26,2,8,1,1,7,9,1,10,1,14,,43,43,1,22,9,121.5018397,25.1389329
111,2,10,18,12,2,06松山區,松山區敦化北路與民生東路4段口口,0,0,1,1,C03,7,3,5,50,4,1,1,5,4,5,7,1,1,1,4,1,2,13,1,26,3,10,3,4,7,8,1,10,2,13,,7,7,1,22,9,121.5492993,25.05767271
111,2,10,18,12,2,06松山區,松山區敦化北路與民生東路4段口口,0,0,1,2,C03,7,3,5,50,4,1,1,5,4,5,7,1,1,1,4,1,2,13,2,36,2,9,3,4,7,9,1,10,2,11,,44,7,1,22,9,121.5492993,25.05767271
111,2,10,18,25,2,03中山區,中山區濱江街180巷與松江路581巷口,0,0,2,1,C03,7,4,5,50,3,1,2,4,4,5,7,4,4,9,5,5,2,16,2,74,2,9,1,1,7,9,3,18,1,12,,6,6,1,22,9,121.538482,25.0701432
111,2,10,18,25,2,03中山區,中山區濱江街180巷與松江路581巷口,0,0,2,2,C03,7,4,5,50,3,1,2,4,4,5,7,4,4,9,5,5,2,16,1,38,2,9,1,1,7,9,1,10,1,11,,30,6,1,22,9,121.538482,25.0701432
111,2,10,18,25,2,04大安區,大安區信義路4段165號,0,0,1,1,C04,7,1,5,50,14,9,1,5,4,5,7,4,4,1,4,5,2,18,1,45,2,9,1,1,7,12,1,10,11,12,14,42,42,1,22,9,121.5503721,25.03332462
111,2,10,18,25,2,04大安區,大安區信義路4段165號,0,0,1,2,,7,1,5,50,14,9,1,5,4,5,7,4,4,1,4,5,2,18,3,,,,,,,,,,,,,67,42,1,,,121.5503721,25.03332462
111,2,10,18,26,2,10文山區,文山區興隆路3段112巷與興隆路3段口,0,0,1,1,C03,8,1,5,50,4,1,1,5,4,5,7,1,1,1,4,5,2,16,1,59,2,8,1,1,7,5,1,10,1,12,12,6,6,1,22,9,121.5574675,24.999292
111,2,10,18,26,2,10文山區,文山區興隆路3段112巷與興隆路3段口,0,0,1,2,C03,8,1,5,50,4,1,1,5,4,5,7,1,1,1,4,5,2,16,2,21,3,10,1,1,7,9,1,10,1,11,14,23,6,1,22,9,121.5574675,24.999292
111,2,10,18,33,2,12內湖區,內湖區新明路460巷與新明路428巷口,0,0,1,1,C03,8,3,5,30,4,1,1,5,4,5,7,2,1,10,5,5,2,17,1,23,3,10,1,1,7,5,1,10,1,13,,8,8,1,22,9,121.5785368,25.0542241
111,2,10,18,33,2,12內湖區,內湖區新明路460巷與新明路428巷口,0,0,1,2,C03,8,3,5,30,4,1,1,5,4,5,7,2,1,10,5,5,2,17,2,19,2,9,1,1,7,9,1,10,1,11,,44,8,1,22,9,121.5785368,25.0542241
111,2,10,19,0,2,07信義區,信義區基隆路汽機車混合地下道往北,0,0,1,1,C03,7,3,5,30,7,9,1,5,4,5,7,4,4,10,5,5,2,18,1,27,2,9,1,1,7,9,1,10,1,14,,13,13,1,22,9,121.564382,25.04093502
111,2,10,19,0,2,07信義區,信義區基隆路汽機車混合地下道往北,0,0,1,2,,7,3,5,30,7,9,1,5,4,5,7,4,4,10,5,5,2,18,3,,,,,,,,,,,,,67,13,1,,,121.564382,25.04093502
111,2,10,19,24,2,08士林區,士林區承德路4段2巷與通河街179巷口,0,0,1,1,B03,8,3,5,50,4,1,1,5,4,5,7,4,4,5,5,5,2,17,1,53,3,10,1,1,7,6,1,8,1,4,,6,6,1,22,9,121.5182088,25.08069844
111,2,10,19,24,2,08士林區,士林區承德路4段2巷與通河街179巷口,0,0,1,2,C03,8,3,5,50,4,1,1,5,4,5,7,4,4,5,5,5,2,17,1,23,2,9,1,1,7,9,1,10,1,11,,42,6,1,22,9,121.5182088,25.08069844
111,2,10,19,37,2,02萬華區,萬華區東園街與東園街35巷口,0,0,1,1,C03,8,3,5,50,3,1,1,5,4,5,7,3,1,4,5,5,2,9,1,38,3,10,1,1,7,15,3,18,1,11,,25,25,1,22,9,121.4957326,25.0274519
111,2,10,19,37,2,02萬華區,萬華區東園街與東園街35巷口,0,0,1,2,H01,8,3,5,50,3,1,1,5,4,5,7,3,1,4,5,5,2,9,1,38,2,9,4,5,8,16,8,20,10,15,,52,25,1,22,9,121.4957326,25.0274519
111,2,10,19,48,2,01大同區,大同區長安西路105號,0,0,2,1,C03,8,3,5,50,14,9,1,5,4,5,7,4,4,9,4,5,2,13,1,32,2,9,1,1,7,9,1,10,1,11,,16,16,1,22,9,121.5160603,25.05111869
111,2,10,19,48,2,01大同區,大同區長安西路105號,0,0,2,2,C03,8,3,5,50,14,9,1,5,4,5,7,4,4,9,4,5,2,13,2,28,2,7,1,1,7,9,1,10,1,13,,44,16,1,22,9,121.5160603,25.05111869
111,2,10,19,48,2,01大同區,大同區長安西路105號,0,0,2,3,C03,8,3,5,50,14,9,1,5,4,5,7,4,4,9,4,5,2,13,1,29,3,10,1,1,7,5,1,9,1,15,,26,16,1,22,9,121.5160603,25.05111869
111,2,10,21,17,2,09北投區,北投區石牌路2段201號前,0,0,1,1,B01,7,3,5,50,15,18,1,5,4,5,7,1,1,10,5,5,2,2,1,69,3,10,1,1,7,5,1,4,2,8,,15,15,1,22,9,121.5221438,25.1218376
111,2,10,21,17,2,09北投區,北投區石牌路2段201號前,0,0,1,2,H01,7,3,5,50,15,18,1,5,4,5,7,1,1,10,5,5,2,2,1,43,2,8,4,5,8,16,8,20,10,16,,67,15,1,22,9,121.5221438,25.1218376
111,2,10,21,30,2,06松山區,松山區市民大道4段251號,0,0,1,1,B03,8,3,5,50,4,2,1,5,4,5,7,2,1,9,4,5,2,11,1,23,3,10,1,1,7,4,6,8,2,8,,23,23,1,22,9,121.5537981,25.0444235
111,2,10,21,30,2,06松山區,松山區市民大道4段251號,0,0,1,2,C03,8,3,5,50,4,2,1,5,4,5,7,2,1,9,4,5,2,11,2,45,2,8,1,1,7,9,1,10,2,14,,44,23,1,22,9,121.5537981,25.0444235
111,2,10,21,34,2,03中山區,中山區民生東路3段與龍江路口,0,0,2,1,B03,7,3,5,50,4,1,1,5,4,5,7,1,1,3,4,5,1,15,2,39,2,2,1,1,7,9,1,8,2,6,,25,25,1,22,9,121.5406991,25.0578877
111,2,10,21,34,2,03中山區,中山區民生東路3段與龍江路口,0,0,2,2,C03,7,3,5,50,4,1,1,5,4,5,7,1,1,3,4,5,1,15,1,20,2,9,1,1,7,9,1,10,2,11,,13,25,1,22,9,121.5406991,25.0578877
111,2,10,21,51,2,08士林區,士林區德行東路與忠義街口,0,0,2,1,C03,8,1,5,50,3,1,1,5,4,5,7,1,1,5,5,5,2,17,2,54,2,8,1,1,7,5,1,10,1,12,,8,8,1,22,9,121.5327146,25.1092383
111,2,10,21,51,2,08士林區,士林區德行東路與忠義街口,0,0,2,2,C03,8,1,5,50,3,1,1,5,4,5,7,1,1,5,5,5,2,17,1,57,2,9,1,1,7,9,1,10,1,11,,44,8,1,22,9,121.5327146,25.1092383
111,2,10,22,52,2,05中正區,中正區博愛路與衡陽路口,0,0,1,1,B01,7,3,5,50,4,2,1,5,4,5,7,2,1,10,4,5,2,17,1,63,3,10,1,1,7,12,1,4,2,7,,42,42,1,22,9,121.5114318,25.04227955
111,2,10,22,52,2,05中正區,中正區博愛路與衡陽路口,0,0,1,2,C03,7,3,5,50,4,2,1,5,4,5,7,2,1,10,4,5,2,17,1,33,2,9,1,1,7,9,1,10,2,11,,16,42,1,22,9,121.5114318,25.04227955
111,2,10,22,52,2,08士林區,士林區環河北路3段與中正路口,0,0,1,1,B03,8,3,5,50,5,1,1,5,4,5,7,1,1,1,4,4,2,17,4,,4,11,3,4,7,15,7,19,11,15,,43,43,2,22,9,121.5056081,25.08586055
111,2,10,22,52,2,08士林區,士林區環河北路3段與中正路口,0,0,1,2,C03,8,3,5,50,5,1,1,5,4,5,7,1,1,1,4,4,2,17,1,18,2,8,1,1,7,9,1,10,1,14,,42,43,1,22,9,121.5056081,25.08586055
111,2,11,0,2,2,10文山區,(辛亥路7段38號前),0,0,1,1,B01,8,3,5,50,14,7,2,5,4,5,7,3,1,5,4,4,2,17,1,21,3,10,3,4,7,8,1,3,1,2,,7,7,1,22,9,121.5538077,24.98551308
111,2,11,0,2,2,10文山區,(辛亥路7段38號前),0,0,1,2,C03,8,3,5,50,14,7,2,5,4,5,7,3,1,5,4,4,2,17,1,21,2,9,1,4,7,15,1,10,1,14,,13,7,1,22,9,121.5538077,24.98551308
111,2,11,0,6,2,03中山區,中山區市民大道1段與中山北路1段口,0,0,1,1,B02,7,3,5,50,4,1,1,5,4,5,7,2,1,1,3,1,1,12,1,17,3,10,3,4,7,6,2,18,1,6,,9,9,1,22,9,121.5206802,25.04828402
111,2,11,0,6,2,03中山區,中山區市民大道1段與中山北路1段口,0,0,1,2,C03,7,3,5,50,4,1,1,5,4,5,7,2,1,1,3,1,1,12,2,28,2,9,3,4,7,9,1,10,1,11,,44,9,1,22,9,121.5206802,25.04828402
111,2,11,0,8,2,02萬華區,萬華區環河南路3段與興義街口,0,0,1,1,B12,8,3,5,50,3,2,1,4,4,5,7,4,4,10,5,5,2,17,4,,4,11,3,4,7,15,7,19,11,15,,43,43,2,22,9,121.490378,25.02565779
111,2,11,0,8,2,02萬華區,萬華區環河南路3段與興義街口,0,0,1,2,C03,8,3,5,50,3,2,1,4,4,5,7,4,4,10,5,5,2,17,1,27,2,9,1,4,7,9,1,10,1,12,,23,43,1,22,9,121.490378,25.02565779
111,2,11,0,58,2,03中山區,中山區中山北路3段與民族東路口,0,0,1,1,B03,7,3,5,50,4,1,1,5,4,5,7,2,1,1,1,1,1,12,1,44,3,10,3,4,7,6,1,8,1,5,,9,9,1,22,9,121.5230528,25.06841152
111,2,11,0,58,2,03中山區,中山區中山北路3段與民族東路口,0,0,1,2,C03,7,3,5,50,4,1,1,5,4,5,7,2,1,1,1,1,1,12,2,50,2,8,3,4,7,9,1,10,1,14,,44,9,1,22,9,121.5230528,25.06841152
111,2,11,2,0,2,04大安區,大安區安和路1段60號,0,0,1,1,C04,7,3,5,50,14,9,1,5,4,5,7,4,4,1,4,5,2,23,1,49,2,9,1,1,7,9,1,8,7,14,,23,23,1,22,9,121.5525055,25.03587985
111,2,11,2,0,2,04大安區,大安區安和路1段60號,0,0,1,2,,7,3,5,50,14,9,1,5,4,5,7,4,4,1,4,5,2,23,3,,,,,,,,,,,,,67,23,,,,121.5525055,25.03587985
111,2,11,3,44,2,02萬華區,萬華區康定路與廣州街口,0,0,2,1,B01,8,3,5,50,4,1,1,5,4,5,7,2,1,5,5,5,2,16,1,63,3,10,1,1,7,5,1,4,1,2,,6,6,1,22,9,121.5014399,25.03660527
111,2,11,3,44,2,02萬華區,萬華區康定路與廣州街口,0,0,2,2,C03,8,3,5,50,4,1,1,5,4,5,7,2,1,5,5,5,2,16,1,24,2,9,1,1,7,9,1,10,1,11,,23,6,1,22,9,121.5014399,25.03660527
111,2,11,3,44,2,02萬華區,萬華區康定路與廣州街口,0,0,2,3,H02,8,3,5,50,4,1,1,5,4,5,7,2,1,5,5,5,2,16,1,19,2,9,1,5,7,20,8,20,10,16,,67,6,1,22,9,121.5014399,25.03660527
111,2,11,6,39,2,01大同區,大同區延平北路4段15號與迪化街2段191巷口,0,0,1,2,C03,8,1,5,50,4,1,1,5,4,5,7,4,4,4,4,5,2,17,1,62,2,9,3,4,7,9,1,10,2,12,,44,19,1,22,9,121.5108883,25.06923822
111,2,11,6,39,2,01大同區,大同區延平北路4段15號與迪化街2段191巷口,0,0,1,1,C03,8,1,5,50,4,1,1,5,4,5,7,4,4,4,4,5,2,17,1,45,4,11,3,4,7,1,7,19,11,15,,19,19,2,22,9,121.5108883,25.06923822
111,2,11,7,0,2,04大安區,大安區長興街131號與芳蘭路口,0,0,1,1,B12,8,1,5,50,3,2,1,5,4,5,7,4,4,9,5,5,2,16,1,60,3,10,1,1,7,8,1,8,1,5,,7,7,1,22,9,121.5474519,25.0149774
111,2,11,7,0,2,04大安區,大安區長興街131號與芳蘭路口,0,0,1,2,C03,8,1,5,50,3,2,1,5,4,5,7,4,4,9,5,5,2,16,1,69,2,9,1,1,7,9,1,10,1,14,,44,7,1,22,9,121.5474519,25.0149774
111,2,11,7,9,2,11南港區,南港區成福路12號,0,0,1,1,C03,8,1,5,30,14,9,1,5,4,5,7,4,4,5,5,5,1,16,1,34,2,9,1,4,7,4,1,10,1,12,,26,26,1,22,9,121.5860479,25.04570035
111,2,11,7,9,2,11南港區,南港區成福路12號,0,0,1,2,B03,8,1,5,30,14,9,1,5,4,5,7,4,4,5,5,5,1,16,2,48,3,10,3,4,7,5,1,8,1,8,,44,26,1,22,9,121.5860479,25.04570035
111,2,11,7,25,2,04大安區,大安區和平東路3段228巷48號前,0,0,1,1,C03,8,1,5,50,14,9,1,5,4,5,7,4,4,5,5,5,2,17,1,53,2,9,1,1,7,7,1,10,1,15,,7,7,1,22,9,121.553847,25.02117046
111,2,11,7,25,2,04大安區,大安區和平東路3段228巷48號前,0,0,1,2,C03,8,1,5,50,14,9,1,5,4,5,7,4,4,5,5,5,2,17,1,42,3,10,1,1,7,9,1,10,1,12,,44,7,1,22,9,121.553847,25.02117046
111,2,11,7,46,2,07信義區,信義區松山路156號,0,0,1,1,B01,8,1,5,50,14,9,1,5,4,5,7,2,1,1,3,5,2,13,1,60,3,10,3,4,7,9,1,4,1,8,,44,44,1,22,9,121.5777447,25.04659222
111,2,11,7,46,2,07信義區,信義區松山路156號,0,0,1,2,C03,8,1,5,50,14,9,1,5,4,5,7,2,1,1,3,5,2,13,1,26,2,8,1,4,7,8,1,10,1,13,,7,44,1,22,9,121.5777447,25.04659222
111,2,11,7,50,2,12內湖區,內湖區民權東路6段232巷與民權東路6段口,0,0,2,1,B03,8,1,5,50,3,1,1,5,4,5,7,1,1,1,4,4,2,16,1,23,3,10,1,1,7,6,1,8,1,2,,9,9,1,22,9,121.600304,25.0667063
111,2,11,7,50,2,12內湖區,內湖區民權東路6段232巷與民權東路6段口,0,0,2,2,C03,8,1,5,50,3,1,1,5,4,5,7,1,1,1,4,4,2,16,2,41,2,9,1,1,7,9,1,10,1,14,,44,9,1,22,9,121.600304,25.0667063
111,2,11,7,50,2,12內湖區,內湖區民權東路6段232巷與民權東路6段口,0,0,2,3,H02,8,1,5,50,3,1,1,5,4,5,7,1,1,1,4,4,2,16,1,8,2,8,1,1,7,21,8,20,10,16,,67,9,1,22,9,121.600304,25.0667063
111,2,11,7,56,2,02萬華區,萬華區萬大路與艋舺大道口,0,0,1,1,B03,8,1,5,50,4,1,1,5,4,5,7,2,1,1,4,5,2,17,1,52,3,10,1,1,7,6,1,8,9,6,,9,9,1,22,9,121.5006067,25.03291724
111,2,11,7,56,2,02萬華區,萬華區萬大路與艋舺大道口,0,0,1,2,C03,8,1,5,50,4,1,1,5,4,5,7,2,1,1,4,5,2,17,2,40,2,5,1,1,7,9,1,10,9,11,,23,9,1,22,9,121.5006067,25.03291724
111,2,11,7,56,2,06松山區,松山區塔悠路80號,0,0,2,1,C03,8,1,5,50,14,9,1,5,4,5,7,1,1,1,3,5,2,13,1,29,2,9,1,1,7,9,1,10,1,11,,16,16,1,22,9,121.5700101,25.05279507
111,2,11,7,56,2,06松山區,松山區塔悠路80號,0,0,2,2,C03,8,1,5,50,14,9,1,5,4,5,7,1,1,1,3,5,2,13,2,39,2,9,1,1,7,14,1,10,1,13,,44,16,1,22,9,121.5700101,25.05279507
111,2,11,8,0,2,03中山區,中山區堤頂大道2段458號174號汽車停車格,0,0,1,1,C03,8,1,5,50,14,8,1,5,4,5,7,4,4,1,3,1,1,17,2,56,2,9,1,1,7,9,1,10,11,11,,42,42,1,22,9,121.5621135,25.08122055
111,2,11,8,0,2,03中山區,中山區堤頂大道2段458號174號汽車停車格,0,0,1,2,B03,8,1,5,50,14,8,1,5,4,5,7,4,4,1,3,1,1,17,1,51,3,10,3,4,7,13,1,8,11,7,,44,42,1,22,9,121.5621135,25.08122055
111,2,11,8,5,2,03中山區,中山區中山北路2段與民權東路1段口,0,0,2,1,C03,8,1,5,50,4,2,1,5,4,5,7,1,1,1,3,5,1,13,2,44,2,7,1,1,7,9,1,10,1,12,,44,44,1,22,9,121.5224833,25.06284106
111,2,11,8,5,2,03中山區,中山區中山北路2段與民權東路1段口,0,0,2,2,C03,8,1,5,50,4,2,1,5,4,5,7,1,1,1,3,5,1,13,2,30,2,7,1,1,7,9,1,10,1,11,,23,44,1,22,9,121.5224833,25.06284106
111,2,11,8,15,2,09北投區,北投區稻香路75號,0,0,1,1,C03,8,1,5,50,14,9,1,5,4,5,7,4,4,8,3,5,2,18,2,25,2,9,1,1,7,9,1,10,1,12,,44,44,1,22,9,121.4895681,25.14062722
111,2,11,8,15,2,09北投區,北投區稻香路75號,0,0,1,2,,8,1,5,50,14,9,1,5,4,5,7,4,4,8,3,5,2,18,3,,,,,,,,,,,,,67,44,1,,,121.4895681,25.14062722
111,2,11,8,24,2,12內湖區,內湖區成功路2段440號,0,0,1,1,B02,8,1,5,50,14,9,1,5,4,5,7,4,4,1,4,5,2,13,1,32,3,10,1,1,7,14,1,8,1,7,,44,44,1,22,9,121.5896941,25.07194916
111,2,11,8,24,2,12內湖區,內湖區成功路2段440號,0,0,1,2,C03,8,1,5,50,14,9,1,5,4,5,7,4,4,1,4,5,2,13,2,26,2,4,1,1,7,9,1,10,1,11,,23,44,1,22,9,121.5896941,25.07194916
111,2,11,8,25,2,05中正區,中正區羅斯福路1段與愛國東路口口,0,0,2,1,C03,8,1,5,40,4,1,1,5,4,5,7,1,1,1,4,4,1,17,2,20,3,10,1,1,7,6,1,10,1,13,,13,13,1,22,9,121.5171529,25.03447364
111,2,11,8,25,2,05中正區,中正區羅斯福路1段與愛國東路口口,0,0,2,2,C03,8,1,5,40,4,1,1,5,4,5,7,1,1,1,4,4,1,17,2,33,2,9,1,1,7,9,1,10,1,11,,42,13,1,22,9,121.5171529,25.03447364
111,2,11,8,25,2,05中正區,中正區羅斯福路1段與愛國東路口口,0,0,2,3,C03,8,1,5,40,4,1,1,5,4,5,7,1,1,1,4,4,1,17,1,39,2,9,1,1,7,9,1,10,1,11,,16,13,1,22,9,121.5171529,25.03447364
111,2,11,8,32,2,03中山區,中山區市民大道2段與長安東路1段52巷口,0,0,1,1,B01,8,1,5,40,14,9,1,5,4,5,7,2,1,1,4,5,2,16,1,31,3,10,1,1,7,6,1,4,1,2,,9,9,1,22,9,121.527778,25.04706568
111,2,11,8,32,2,03中山區,中山區市民大道2段與長安東路1段52巷口,0,0,1,2,C03,8,1,5,40,14,9,1,5,4,5,7,2,1,1,4,5,2,16,1,32,2,8,1,1,7,9,1,10,1,11,,44,9,1,22,9,121.527778,25.04706568
111,2,11,8,35,2,12內湖區,內湖區內湖路2段103巷50號,0,0,3,1,B03,8,1,5,30,14,9,1,5,4,5,7,4,4,9,5,5,2,17,1,57,3,10,1,1,7,1,1,8,2,8,,19,19,1,22,9,121.5811196,25.0822805
111,2,11,8,35,2,12內湖區,內湖區內湖路2段103巷50號,0,0,3,2,C03,8,1,5,30,14,9,1,5,4,5,7,4,4,9,5,5,2,17,1,48,2,9,1,1,7,9,1,10,2,12,,13,19,1,22,9,121.5811196,25.0822805
111,2,11,8,35,2,12內湖區,內湖區內湖路2段103巷50號,0,0,3,3,H02,8,1,5,30,14,9,1,5,4,5,7,4,4,9,5,5,2,17,2,48,2,9,1,5,7,20,8,20,10,16,,67,19,1,22,9,121.5811196,25.0822805
111,2,11,8,35,2,12內湖區,內湖區內湖路2段103巷50號,0,0,3,4,H02,8,1,5,30,14,9,1,5,4,5,7,4,4,9,5,5,2,17,2,4,2,9,1,5,7,20,8,20,10,16,,67,19,1,22,9,121.5811196,25.0822805
111,2,11,8,37,2,03中山區,中山區中山北路1段與南京西路口,0,0,2,1,C03,8,1,5,50,4,2,1,5,4,5,7,1,1,5,4,5,2,17,1,23,2,8,1,1,7,9,1,9,1,14,,43,43,1,22,9,121.5224097,25.05214507
111,2,11,8,37,2,03中山區,中山區中山北路1段與南京西路口,0,0,2,2,C03,8,1,5,50,4,2,1,5,4,5,7,1,1,5,4,5,2,17,1,47,3,10,1,1,7,9,1,10,1,12,,43,43,1,22,9,121.5224097,25.05214507
111,2,11,8,37,2,03中山區,中山區中山北路1段與南京西路口,0,0,2,3,C03,8,1,5,50,4,2,1,5,4,5,7,1,1,5,4,5,2,17,2,21,2,9,1,1,7,9,1,10,11,14,,23,43,1,22,9,121.5224097,25.05214507
111,2,11,8,37,2,03中山區,中山區中山北路1段與南京西路口,0,0,2,4,,8,1,5,50,4,2,1,5,4,5,7,1,1,5,4,5,2,17,3,,,,,,,,,,,,,67,43,1,,,121.5224097,25.05214507
111,2,11,8,39,2,05中正區,中正區延平南路與愛國西路口,0,0,1,1,C03,8,1,5,50,4,1,1,5,4,5,7,2,1,1,4,5,2,13,1,29,2,9,1,1,7,9,1,10,2,11,,13,13,1,3,1,121.5080147,25.03705285
111,2,11,8,39,2,05中正區,中正區延平南路與愛國西路口,0,0,1,2,C03,8,1,5,50,4,1,1,5,4,5,7,2,1,1,4,5,2,13,1,41,3,10,1,1,7,5,1,10,2,13,,8,13,1,5,4,121.5080147,25.03705285
111,2,11,8,40,2,10文山區,文山區寶橋與寶橋口上路燈137350旁,0,0,2,1,C03,8,1,5,50,14,9,1,5,4,5,7,4,4,5,4,5,1,16,1,46,2,9,1,1,7,8,1,10,2,11,,7,7,1,22,1,121.5536106,24.98001541
111,2,11,8,40,2,10文山區,文山區寶橋與寶橋口上路燈137350旁,0,0,2,2,F01,8,1,5,50,14,9,1,5,4,5,7,4,4,5,4,5,1,16,1,87,2,9,1,1,7,9,8,20,2,16,,44,7,1,22,9,121.5536106,24.98001541
111,2,11,8,51,2,04大安區,大安區杭州南路2段與潮州街口,0,0,3,1,C03,8,3,5,50,4,2,1,5,4,5,7,1,1,5,4,5,2,16,1,36,2,9,1,1,7,9,1,9,1,14,,44,44,1,22,9,121.5220169,25.0295435
111,2,11,8,51,2,04大安區,大安區杭州南路2段與潮州街口,0,0,3,2,C03,8,3,5,50,4,2,1,5,4,5,7,1,1,5,4,5,2,16,1,33,2,8,1,1,7,5,1,9,1,14,,23,44,1,22,9,121.5220169,25.0295435
111,2,11,8,51,2,04大安區,大安區杭州南路2段與潮州街口,0,0,3,3,H02,8,3,5,50,4,2,1,5,4,5,7,1,1,5,4,5,2,16,2,36,2,9,4,5,7,20,8,20,10,16,,67,44,1,22,9,121.5220169,25.0295435
111,2,11,8,52,2,06松山區,松山區八德路3段74巷2號,0,0,1,1,B12,8,1,5,30,13,9,1,5,4,5,7,4,4,10,5,5,2,12,1,37,3,10,1,1,7,9,1,8,1,6,,23,23,1,22,9,121.5525256,25.04795556
111,2,11,8,52,2,06松山區,松山區八德路3段74巷2號,0,0,1,2,F01,8,1,5,30,13,9,1,5,4,5,7,4,4,10,5,5,2,12,2,23,2,9,1,1,7,9,8,20,1,16,,44,23,1,22,9,121.5525256,25.04795556
111,2,11,9,0,2,01大同區,大同區鄭州路與塔城街口紅磚人行道,0,0,1,1,F01,8,1,8,0,15,20,2,5,4,5,7,4,4,10,5,5,2,9,1,47,3,10,1,1,7,9,8,20,9,15,,15,15,1,22,9,121.5105152,25.05029313
111,2,11,9,0,2,01大同區,大同區鄭州路與塔城街口紅磚人行道,0,0,1,2,H01,8,1,8,0,15,20,2,5,4,5,7,4,4,10,5,5,2,9,2,69,2,7,4,5,8,16,8,20,10,16,,67,15,1,22,9,121.5105152,25.05029313
111,2,11,9,0,2,12內湖區,內湖區瑞光路與瑞光路316巷口,0,0,1,1,C03,8,1,5,50,3,1,1,5,4,5,7,2,1,5,4,5,1,16,1,35,3,10,1,1,7,5,1,10,1,14,,8,8,1,22,9,121.5740046,25.07681644
111,2,11,9,0,2,12內湖區,內湖區瑞光路與瑞光路316巷口,0,0,1,2,C03,8,1,5,50,3,1,1,5,4,5,7,2,1,5,4,5,1,16,1,26,2,7,1,1,7,9,1,10,1,12,,44,8,1,22,9,121.5740046,25.07681644
111,2,11,9,9,2,12內湖區,內湖區新明路321巷與新明路口,0,0,1,1,B12,8,1,5,50,3,1,1,5,4,5,7,1,1,5,4,5,2,16,1,45,3,10,1,1,7,5,1,4,1,7,,8,8,1,22,9,121.5844413,25.0569569
111,2,11,9,9,2,12內湖區,內湖區新明路321巷與新明路口,0,0,1,2,C03,8,1,5,50,3,1,1,5,4,5,7,1,1,5,4,5,2,16,1,35,2,7,1,1,7,9,1,10,1,11,,42,8,1,22,9,121.5844413,25.0569569
111,2,11,9,13,2,04大安區,大安區復興南路2段125巷20弄3號0巷0弄前,0,0,2,1,C03,8,1,5,30,4,1,1,5,4,5,7,4,4,10,5,5,2,11,1,24,2,9,1,1,7,9,1,10,1,11,,6,6,1,22,9,121.5445801,25.02883712
111,2,11,9,13,2,04大安區,大安區復興南路2段125巷20弄3號0巷0弄前,0,0,2,2,C03,8,1,5,30,4,1,1,5,4,5,7,4,4,10,5,5,2,11,1,55,2,9,1,1,7,7,1,10,1,14,,23,6,1,22,9,121.5445801,25.02883712
111,2,11,9,37,2,08士林區,士林區中正路249-2號,0,0,1,1,C03,8,1,5,50,3,1,1,5,4,5,7,4,4,1,4,5,2,12,1,21,2,9,1,1,7,7,1,10,1,14,,7,7,1,22,9,121.5251763,25.09509932
111,2,11,9,37,2,08士林區,士林區中正路249-2號,0,0,1,2,B03,8,1,5,50,3,1,1,5,4,5,7,4,4,1,4,5,2,12,1,33,3,10,1,1,7,9,1,8,1,2,,44,7,1,22,9,121.5251763,25.09509932
111,2,11,9,38,2,07信義區,信義區信義路5段8號,0,0,1,2,H02,8,1,5,50,14,9,1,5,4,5,7,4,4,8,3,5,2,9,1,36,3,10,4,5,7,19,8,20,10,15,,56,38,1,22,9,121.5613293,25.03276633