發生年度,發生月,發生日,發生時-Hours,發生分,處理別-編號,區序,肇事地點,死亡人數,2-30日死亡人數,受傷人數,當事人序號,車種,天候,光線,道路類別,速限-速度限制,道路型態,事故位置,路面狀況1,路面狀況2,路面狀況3,道路障礙1,道路障礙2,號誌1,號誌2,車道劃分-分向,車道劃分-分道1,車道劃分-分道2,車道劃分-分道3,事故類型及型態,性別,年齡,受傷程度,主要傷處,安全帽,行動電話,車輛用途,當事者行動狀態,駕駛資格情形,駕駛執照種類,飲酒情形,車輛撞擊部位1,車輛撞擊部位2,肇因碼-個別,肇因碼-主要,個人肇逃否,職業,旅次目的,座標-X,座標-Y
111,2,11,9,38,2,07信義區,信義區信義路5段8號,0,0,1,1,B01,8,1,5,50,14,9,1,5,4,5,7,4,4,8,3,5,2,9,1,43,3,10,3,4,7,14,1,4,1,6,,38,38,1,22,9,121.5613293,25.03276633
111,2,11,9,38,2,07信義區,信義區信義路5段8號,0,0,1,3,C03,8,1,5,50,14,9,1,5,4,5,7,4,4,8,3,5,2,9,1,30,2,8,3,4,7,9,1,10,1,11,,44,38,1,22,9,121.5613293,25.03276633
111,2,11,9,46,2,09北投區,北投區明德路57號,0,0,1,1,B03,8,1,5,50,14,9,1,5,4,5,7,3,1,4,1,5,2,11,1,28,3,10,1,1,7,11,1,8,2,5,,10,10,1,22,9,121.518436,25.10817651
111,2,11,9,46,2,09北投區,北投區明德路57號,0,0,1,2,C03,8,1,5,50,14,9,1,5,4,5,7,3,1,4,1,5,2,11,1,32,2,8,1,1,7,9,1,10,2,11,,14,10,1,22,9,121.518436,25.10817651
111,2,11,10,20,2,05中正區,中正區羅斯福路2段11號前,0,0,1,1,B03,8,1,5,50,14,9,1,5,4,5,7,4,4,1,4,1,2,12,2,41,3,10,1,1,7,9,1,8,1,7,,44,44,1,22,9,121.5214578,25.02850213
111,2,11,10,20,2,05中正區,中正區羅斯福路2段11號前,0,0,1,2,C03,8,1,5,50,14,9,1,5,4,5,7,4,4,1,4,1,2,12,1,26,2,9,1,1,7,9,1,10,1,11,,23,44,1,22,9,121.5214578,25.02850213
111,2,11,10,40,2,04大安區,大安區新生南路3段台大停車場出入口,0,0,1,1,B03,8,1,5,50,14,8,1,5,4,5,7,4,4,3,4,4,1,16,1,43,3,10,1,1,7,6,1,8,1,5,,9,9,1,22,9,121.5338825,25.01914688
111,2,11,10,40,2,04大安區,大安區新生南路3段台大停車場出入口,0,0,1,2,C04,8,1,5,50,14,8,1,5,4,5,7,4,4,3,4,4,1,16,1,85,2,9,1,1,7,9,1,8,1,14,,44,9,1,22,9,121.5338825,25.01914688
111,2,11,10,40,2,06松山區,松山區八德路4段389巷與南京東路5段250巷36弄口,0,0,3,1,C03,8,1,5,30,4,1,1,5,4,5,7,4,4,10,5,5,2,15,2,50,2,9,1,1,7,9,1,10,1,12,,6,6,1,22,9,121.5684708,25.0498186
111,2,11,10,40,2,06松山區,松山區八德路4段389巷與南京東路5段250巷36弄口,0,0,3,2,C03,8,1,5,30,4,1,1,5,4,5,7,4,4,10,5,5,2,15,2,36,2,9,1,1,7,9,1,10,1,11,,23,6,1,22,9,121.5684708,25.0498186
111,2,11,10,40,2,06松山區,松山區八德路4段389巷與南京東路5段250巷36弄口,0,0,3,3,H02,8,1,5,30,4,1,1,5,4,5,7,4,4,10,5,5,2,15,2,20,2,9,1,5,7,21,8,20,10,16,,67,6,1,22,9,121.5684708,25.0498186
111,2,11,11,32,2,01大同區,大同區承德路3段8巷與民權西路133巷口口,0,0,1,1,B03,8,1,5,30,4,1,1,5,4,5,7,4,4,10,5,5,2,16,2,47,3,10,3,4,7,9,1,8,2,1,,6,6,1,22,9,121.5170692,25.06367135
111,2,11,11,32,2,01大同區,大同區承德路3段8巷與民權西路133巷口口,0,0,1,2,C03,8,1,5,30,4,1,1,5,4,5,7,4,4,10,5,5,2,16,2,29,2,7,1,1,7,9,1,10,2,12,,44,6,1,22,9,121.5170692,25.06367135
111,2,11,11,32,2,01大同區,大同區承德路3段8巷與民權西路133巷口口,0,0,1,3,B11,8,1,5,30,4,1,1,5,4,5,7,4,4,10,5,5,2,16,1,58,3,10,3,4,7,15,1,8,11,15,,38,6,1,22,9,121.5170692,25.06367135
111,2,11,11,45,2,10文山區,文山區興隆路2段與景華街口,0,0,1,1,B03,8,1,5,50,5,1,1,5,4,5,7,2,1,1,4,5,2,16,2,47,3,10,1,1,7,1,1,8,2,1,,19,19,1,22,9,121.5471685,24.9993769
111,2,11,11,45,2,10文山區,文山區興隆路2段與景華街口,0,0,1,2,C03,8,1,5,50,5,1,1,5,4,5,7,2,1,1,4,5,2,16,2,62,2,9,1,1,7,9,3,18,2,12,,44,19,1,22,9,121.5471685,24.9993769
111,2,11,11,48,2,08士林區,士林區德行東路90巷21弄與德行東路104巷口,0,0,1,1,C03,8,1,5,30,4,1,1,5,4,5,7,4,4,10,5,5,1,15,2,24,2,9,1,1,7,9,1,10,2,11,,6,6,1,22,9,121.5286689,25.1067477
111,2,11,11,48,2,08士林區,士林區德行東路90巷21弄與德行東路104巷口,0,0,1,2,B03,8,1,5,30,4,1,1,5,4,5,7,4,4,10,5,5,1,15,1,34,3,10,1,1,7,9,1,8,2,8,,13,6,1,22,9,121.5286689,25.1067477
111,2,11,11,50,2,05中正區,中正區市民大道2段與林森北路口西側迴轉道,0,0,3,1,C03,8,1,5,40,3,2,1,5,4,5,7,4,4,1,4,5,2,13,1,20,2,9,1,1,7,12,1,10,2,15,,16,16,1,22,9,121.5240787,25.04771431
111,2,11,11,50,2,05中正區,中正區市民大道2段與林森北路口西側迴轉道,0,0,3,2,C04,8,1,5,40,3,2,1,5,4,5,7,4,4,1,4,5,2,13,1,31,2,9,1,1,7,8,3,18,2,11,,23,16,1,22,9,121.5240787,25.04771431
111,2,11,11,50,2,05中正區,中正區市民大道2段與林森北路口西側迴轉道,0,0,3,3,H02,8,1,5,40,3,2,1,5,4,5,7,4,4,1,4,5,2,13,1,18,2,9,4,5,7,20,8,20,10,16,,67,16,1,22,9,121.5240787,25.04771431
111,2,11,11,50,2,05中正區,中正區市民大道2段與林森北路口西側迴轉道,0,0,3,4,B03,8,1,5,40,3,2,1,5,4,5,7,4,4,1,4,5,2,13,1,44,3,10,1,1,7,9,1,8,11,15,,44,16,1,22,9,121.5240787,25.04771431
111,2,11,11,50,2,07信義區,信義區忠孝東路4段與光復南路口,0,0,2,1,C03,8,1,5,50,4,2,1,5,4,5,7,1,1,9,4,5,2,17,2,28,2,9,1,1,7,9,1,10,1,11,,23,23,1,22,9,121.5577576,25.04111865
111,2,11,11,50,2,07信義區,信義區忠孝東路4段與光復南路口,0,0,2,2,C03,8,1,5,50,4,2,1,5,4,5,7,1,1,9,4,5,2,17,2,19,3,10,1,1,7,9,1,10,1,12,,23,23,1,22,9,121.5577576,25.04111865
111,2,11,11,50,2,07信義區,信義區忠孝東路4段與光復南路口,0,0,2,3,C03,8,1,5,50,4,2,1,5,4,5,7,1,1,9,4,5,2,17,1,20,2,8,1,1,7,9,1,10,1,14,,44,23,1,22,9,121.5577576,25.04111865
111,2,11,12,11,2,06松山區,松山區富錦街489號,0,0,2,1,C03,8,1,5,50,14,9,1,5,4,5,7,4,4,9,5,5,2,16,2,46,2,9,3,4,7,1,4,11,2,11,,19,19,1,22,9,121.5635172,25.06095274
111,2,11,12,11,2,06松山區,松山區富錦街489號,0,0,2,2,C03,8,1,5,50,14,9,1,5,4,5,7,4,4,9,5,5,2,16,2,62,2,9,3,4,7,9,1,10,2,12,,44,19,1,22,9,121.5635172,25.06095274
111,2,11,12,18,2,02萬華區,萬華區康定路與大理街口,0,0,1,1,B12,8,1,5,30,4,2,1,5,4,5,7,1,1,10,5,5,1,14,1,47,3,10,1,1,7,2,1,8,2,3,,12,12,1,22,9,121.5011623,25.03460858
111,2,11,12,18,2,02萬華區,萬華區康定路與大理街口,0,0,1,2,C03,8,1,5,30,4,2,1,5,4,5,7,1,1,10,5,5,1,14,1,82,2,9,1,1,7,14,1,10,2,13,,44,12,1,22,9,121.5011623,25.03460858
111,2,11,12,37,2,06松山區,松山區復興北路248號,0,0,2,1,B03,8,1,5,50,14,9,1,5,4,5,7,2,1,9,4,5,2,12,1,73,3,10,1,1,7,14,1,8,2,2,,16,39,1,22,9,121.5442452,25.0576352
111,2,11,12,37,2,06松山區,松山區復興北路248號,0,0,2,2,C03,8,1,5,50,14,9,1,5,4,5,7,2,1,9,4,5,2,12,2,42,2,9,1,1,7,7,1,10,2,14,,7,39,1,22,9,121.5442452,25.0576352
111,2,11,12,37,2,06松山區,松山區復興北路248號,0,0,2,3,C03,8,1,5,50,14,9,1,5,4,5,7,2,1,9,4,5,2,12,2,42,2,9,1,1,7,9,1,10,2,11,,23,39,1,22,9,121.5442452,25.0576352
111,2,11,12,40,2,12內湖區,內湖區環山路2段109巷與環山路2段109巷6弄口,0,0,2,2,C03,8,1,5,30,4,1,1,5,4,5,7,4,4,10,4,5,2,15,1,18,2,9,1,1,7,9,1,10,2,11,,23,6,1,22,9,121.5758361,25.0839135
111,2,11,12,40,2,12內湖區,內湖區環山路2段109巷與環山路2段109巷6弄口,0,0,2,1,C03,8,1,5,30,4,1,1,5,4,5,7,4,4,10,4,5,2,15,2,70,2,9,1,1,7,9,1,10,2,12,,6,6,1,22,9,121.5758361,25.0839135
111,2,11,12,45,2,11南港區,南港區興中路與興中路80巷口口,0,0,1,1,C03,8,1,5,50,3,1,1,5,4,5,7,4,4,4,3,5,2,12,1,34,2,7,1,1,7,9,1,10,1,12,,23,23,1,22,9,121.6068113,25.05753961
111,2,11,12,45,2,11南港區,南港區興中路與興中路80巷口口,0,0,1,2,B03,8,1,5,50,3,1,1,5,4,5,7,4,4,4,3,5,2,12,1,32,3,10,1,1,7,5,1,8,1,4,,44,23,1,22,9,121.6068113,25.05753961
111,2,11,12,51,2,03中山區,中山區樂群二路與敬業四路口,0,0,2,1,C03,7,1,5,50,3,1,1,5,4,5,7,2,1,1,5,5,1,12,1,36,2,9,3,4,7,5,1,10,1,14,,8,8,1,22,9,121.5584602,25.07990085
111,2,11,12,51,2,03中山區,中山區樂群二路與敬業四路口,0,0,2,2,C03,7,1,5,50,3,1,1,5,4,5,7,2,1,1,5,5,1,12,1,26,2,9,3,4,7,9,1,10,1,12,,44,8,1,22,9,121.5584602,25.07990085
111,2,11,13,0,2,01大同區,大同區民族西路182巷與民族西路口口,0,0,2,1,C03,8,1,5,50,4,1,1,5,4,5,7,2,1,5,4,5,2,16,1,52,2,9,1,1,7,5,1,10,2,12,,8,8,1,22,9,121.5148811,25.06860803
111,2,11,13,0,2,01大同區,大同區民族西路182巷與民族西路口口,0,0,2,2,C02,8,1,5,50,4,1,1,5,4,5,7,2,1,5,4,5,2,16,1,35,2,9,1,1,7,9,1,9,2,11,,44,8,1,22,9,121.5148811,25.06860803
111,2,11,13,1,2,08士林區,士林區基河路與小西街口,0,0,1,1,B03,8,1,5,50,3,2,1,5,4,5,7,4,4,5,4,5,2,16,1,50,3,10,1,1,7,5,1,8,2,4,,26,26,1,22,9,121.5231352,25.08927084
111,2,11,13,1,2,08士林區,士林區基河路與小西街口,0,0,1,2,C03,8,1,5,50,3,2,1,5,4,5,7,4,4,5,4,5,2,16,1,38,2,9,1,1,7,9,1,10,2,11,,13,26,1,22,9,121.5231352,25.08927084
111,2,11,13,35,2,10文山區,文山區景美堤便道與羅斯福路6段口,0,0,1,1,F01,8,1,5,30,3,2,1,5,4,5,7,3,1,10,5,5,2,17,2,55,2,9,1,1,7,1,8,20,2,15,,19,19,1,22,9,121.5398061,24.98845635
111,2,11,13,35,2,10文山區,文山區景美堤便道與羅斯福路6段口,0,0,1,2,B12,8,1,5,30,3,2,1,5,4,5,7,3,1,10,5,5,2,17,1,42,3,10,1,4,7,5,1,8,2,15,,44,19,1,22,9,121.5398061,24.98845635
111,2,11,14,11,2,03中山區,中山區錦州街與錦州街1巷口,0,0,1,1,C03,8,1,5,50,3,2,1,5,4,5,7,4,4,5,5,5,2,17,2,33,2,8,1,1,7,9,1,10,1,12,,26,26,1,22,9,121.5237533,25.06034991
111,2,11,14,11,2,03中山區,中山區錦州街與錦州街1巷口,0,0,1,2,B01,8,1,5,50,3,2,1,5,4,5,7,4,4,5,5,5,2,17,1,58,3,10,1,1,7,14,1,4,1,4,,44,26,1,22,9,121.5237533,25.06034991
111,2,11,14,18,2,06松山區,八德路四段520號旁,0,0,1,1,B12,7,1,5,50,3,1,1,5,4,5,7,1,1,5,4,5,2,17,1,49,3,10,3,4,7,9,1,4,2,5,,25,25,1,22,9,121.5711902,25.04985709
111,2,11,14,18,2,06松山區,八德路四段520號旁,0,0,1,2,C03,7,1,5,50,3,1,1,5,4,5,7,1,1,5,4,5,2,17,1,19,2,9,3,4,7,5,1,10,2,11,,44,25,1,22,9,121.5711902,25.04985709
111,2,11,14,20,2,08士林區,士林區承德路5段與通河東街2段口,0,0,1,1,C03,8,1,5,50,4,2,1,5,4,5,7,2,1,3,4,4,2,16,2,65,2,9,1,1,7,9,1,10,1,14,,44,44,1,22,9,121.513918,25.09606497
111,2,11,14,20,2,08士林區,士林區承德路5段與通河東街2段口,0,0,1,2,B03,8,1,5,50,4,2,1,5,4,5,7,2,1,3,4,4,2,16,1,71,3,10,1,1,7,9,1,8,1,5,,44,44,1,22,9,121.513918,25.09606497
111,2,11,14,43,2,03中山區,中山區中山北路3段往南未過情人橋,0,0,2,1,B12,8,1,5,50,14,9,1,5,4,5,7,4,4,1,4,4,2,13,1,47,2,9,3,4,7,9,1,8,1,1,,23,23,1,22,9,121.5236533,25.07155288
111,2,11,14,43,2,03中山區,中山區中山北路3段往南未過情人橋,0,0,2,2,B03,8,1,5,50,14,9,1,5,4,5,7,4,4,1,4,4,2,13,1,68,2,1,3,4,7,14,1,8,1,3,,44,23,1,22,9,121.5236533,25.07155288
111,2,11,14,43,2,03中山區,中山區中山北路3段往南未過情人橋,0,0,2,3,B03,8,1,5,50,14,9,1,5,4,5,7,4,4,1,4,4,2,13,1,52,3,10,3,4,7,14,1,8,1,3,,44,23,1,22,9,121.5236533,25.07155288
111,2,11,14,50,2,12內湖區,內湖區舊宗路1段與新湖三路口,0,0,3,1,C03,8,1,5,50,4,1,1,5,4,5,7,1,1,1,4,5,2,16,1,58,2,8,1,1,7,5,1,10,2,15,,8,8,1,22,9,121.5789859,25.0598147
111,2,11,14,50,2,12內湖區,內湖區舊宗路1段與新湖三路口,0,0,3,2,C04,8,1,5,50,4,1,1,5,4,5,7,1,1,1,4,5,2,16,2,36,2,9,1,1,7,9,1,10,2,11,,42,8,1,22,9,121.5789859,25.0598147
111,2,11,14,50,2,12內湖區,內湖區舊宗路1段與新湖三路口,0,0,3,3,H02,8,1,5,50,4,1,1,5,4,5,7,1,1,1,4,5,2,16,2,22,2,8,4,5,7,21,8,20,10,16,,67,8,1,22,9,121.5789859,25.0598147
111,2,11,15,23,2,08士林區,士林區仰德大道2段與仰德大道2段131巷口,0,0,2,1,B03,8,1,5,40,3,1,1,5,4,5,7,4,4,5,4,5,1,11,1,77,3,10,3,4,7,5,1,8,2,8,,6,6,1,22,9,121.546626,25.10886684
111,2,11,15,23,2,08士林區,士林區仰德大道2段與仰德大道2段131巷口,0,0,2,2,C02,8,1,5,40,3,1,1,5,4,5,7,4,4,5,4,5,1,11,1,43,2,9,1,1,7,9,1,9,2,14,,13,6,1,22,9,121.546626,25.10886684
111,2,11,15,23,2,08士林區,士林區仰德大道2段與仰德大道2段131巷口,0,0,2,3,B11,8,1,5,40,3,1,1,5,4,5,7,4,4,5,4,5,1,11,2,18,3,10,3,4,7,9,1,8,2,2,,44,6,1,22,9,121.546626,25.10886684
111,2,11,15,23,2,08士林區,士林區仰德大道2段與仰德大道2段131巷口,0,0,2,4,H02,8,1,5,40,3,1,1,5,4,5,7,4,4,5,4,5,1,11,2,43,2,8,1,5,7,21,8,20,10,16,,67,6,1,22,9,121.546626,25.10886684
111,2,11,15,35,2,10文山區,文山區木新路3段172巷與木新路3段172巷2弄口,0,0,1,1,C03,8,1,5,30,4,2,1,5,4,5,7,4,4,10,5,5,1,15,2,29,2,5,1,1,7,9,1,10,2,12,,6,6,1,22,9,121.5605626,24.9821969
111,2,11,15,35,2,10文山區,文山區木新路3段172巷與木新路3段172巷2弄口,0,0,1,2,B03,8,1,5,30,4,2,1,5,4,5,7,4,4,10,5,5,1,15,1,72,3,10,1,1,7,9,1,8,2,1,,14,6,1,22,9,121.5605626,24.9821969
111,2,11,15,40,2,01大同區,大同區民生西路與西寧北路口,0,0,2,1,C03,8,2,5,50,4,1,1,5,4,5,7,2,1,5,4,5,2,16,1,73,2,7,1,1,7,5,1,10,2,11,,8,8,1,22,9,121.5090089,25.0568884
111,2,11,15,40,2,01大同區,大同區民生西路與西寧北路口,0,0,2,2,B03,8,2,5,50,4,1,1,5,4,5,7,2,1,5,4,5,2,16,1,36,3,10,3,4,7,9,1,3,2,8,,44,8,1,22,9,121.5090089,25.0568884
111,2,11,15,40,2,01大同區,大同區民生西路與西寧北路口,0,0,2,3,H02,8,2,5,50,4,1,1,5,4,5,7,2,1,5,4,5,2,16,2,68,2,8,1,5,7,20,8,20,10,15,,67,8,1,22,9,121.5090089,25.0568884
111,2,11,15,45,2,01大同區,大同區環河堤外便道(三號水門堤外腳踏車道),0,0,1,1,F01,8,1,8,0,15,22,1,5,4,5,7,4,4,5,5,5,2,17,4,,4,11,3,4,7,15,7,19,11,15,,43,43,2,22,9,121.5059884,25.05255218
111,2,11,15,45,2,01大同區,大同區環河堤外便道(三號水門堤外腳踏車道),0,0,1,2,F01,8,1,8,0,15,22,1,5,4,5,7,4,4,5,5,5,2,17,2,50,2,9,1,1,7,11,8,20,1,16,,43,43,1,22,9,121.5059884,25.05255218
111,2,11,16,0,2,09北投區,北投區承德路6段與福國路口,0,0,2,1,C03,8,1,5,60,4,1,1,5,4,5,7,1,1,1,4,5,2,13,1,19,2,8,1,1,7,9,1,10,1,11,,43,43,1,18,9,121.512244,25.10150166
111,2,11,16,0,2,09北投區,北投區承德路6段與福國路口,0,0,2,2,F01,8,1,5,60,4,1,1,5,4,5,7,1,1,1,4,5,2,13,1,69,2,9,1,1,7,9,8,20,1,16,,43,43,1,20,9,121.512244,25.10150166
111,2,11,16,5,2,04大安區,大安區大安路1段116巷19號對面,0,0,2,1,C03,8,1,5,50,14,9,1,5,4,5,7,4,4,9,5,5,2,16,1,41,2,7,1,1,7,9,1,10,1,14,,23,23,1,22,9,121.5446729,25.0397658
111,2,11,16,5,2,04大安區,大安區大安路1段116巷19號對面,0,0,2,2,C03,8,1,5,50,14,9,1,5,4,5,7,4,4,9,5,5,2,16,1,51,2,7,1,1,7,6,1,9,1,15,,9,23,1,22,9,121.5446729,25.0397658
111,2,11,16,11,2,05中正區,中正區鎮江街監察院後門,0,0,1,1,B03,8,1,5,50,15,9,1,5,4,5,7,4,4,9,4,5,2,17,2,66,3,10,1,4,7,6,1,8,2,8,,6,6,1,22,9,121.5214551,25.04471487
111,2,11,16,11,2,05中正區,中正區鎮江街監察院後門,0,0,1,2,C03,8,1,5,50,15,9,1,5,4,5,7,4,4,9,4,5,2,17,1,52,2,9,1,4,7,9,1,10,2,14,,44,6,1,22,9,121.5214551,25.04471487
111,2,11,16,12,2,04大安區,大安區師大路與雲和街口,0,0,1,1,B03,8,1,5,30,3,1,1,5,4,5,7,4,4,10,4,5,2,17,1,75,4,11,3,4,7,15,7,19,11,15,,6,6,2,22,9,121.5284925,25.02361515
111,2,11,16,12,2,04大安區,大安區師大路與雲和街口,0,0,1,2,C03,8,1,5,30,3,1,1,5,4,5,7,4,4,10,4,5,2,17,1,27,2,9,1,1,7,9,1,10,1,14,,13,6,2,22,9,121.5284925,25.02361515
111,2,11,16,14,2,09北投區,北投區竹子湖路069燈桿,0,0,1,1,C03,7,1,5,50,14,9,1,5,4,5,7,4,4,4,5,5,1,12,1,21,2,8,1,1,7,4,1,9,2,11,,23,23,1,22,9,121.5402351,25.16844088
111,2,11,16,14,2,09北投區,北投區竹子湖路069燈桿,0,0,1,2,B03,7,1,5,50,14,9,1,5,4,5,7,4,4,4,5,5,1,12,1,48,3,10,1,1,7,9,1,8,2,2,,44,23,1,22,9,121.5402351,25.16844088
111,2,11,16,20,2,03中山區,中山區中山北路2段與民生西路口,0,0,1,1,C03,7,1,5,50,4,1,1,5,4,5,7,1,1,5,4,1,2,15,1,35,3,10,1,1,7,1,1,10,1,14,,23,23,1,22,9,121.5227515,25.05783472
111,2,11,16,20,2,03中山區,中山區中山北路2段與民生西路口,0,0,1,2,C03,7,1,5,50,4,1,1,5,4,5,7,1,1,5,4,1,2,15,2,20,2,9,1,1,7,9,1,10,1,11,,25,23,1,22,9,121.5227515,25.05783472
111,2,11,16,24,2,05中正區,中正區懷寧街與漢口街1段口,0,0,1,1,B03,7,1,5,50,4,1,1,5,4,5,7,3,1,10,3,5,2,15,1,56,3,10,1,1,7,9,1,8,2,1,,14,14,1,22,9,121.5141766,25.04516143
111,2,11,16,24,2,05中正區,中正區懷寧街與漢口街1段口,0,0,1,2,C03,7,1,5,50,4,1,1,5,4,5,7,3,1,10,3,5,2,15,1,66,2,9,1,1,7,9,1,10,2,12,,6,14,1,22,9,121.5141766,25.04516143
111,2,11,16,44,2,02萬華區,萬華區桂林路246巷與環河南路2段130巷口,0,0,2,1,C03,7,1,5,30,3,2,1,5,4,5,7,4,4,10,5,5,1,3,1,27,2,9,1,1,7,9,1,10,2,11,,15,15,1,22,9,121.4935116,25.03741941
111,2,11,16,44,2,02萬華區,萬華區桂林路246巷與環河南路2段130巷口,0,0,2,2,H01,7,1,5,30,3,2,1,5,4,5,7,4,4,10,5,5,1,3,2,79,2,9,4,1,8,16,8,20,10,16,,67,15,1,22,9,121.4935116,25.03741941
111,2,11,16,50,2,10文山區,文山區萬隆街47號,0,0,1,1,B02,7,1,5,50,14,9,1,5,4,5,7,4,4,9,5,5,2,16,1,49,3,10,1,1,7,1,1,8,2,4,,19,19,1,22,9,121.5367086,25.0006169
111,2,11,16,50,2,10文山區,文山區萬隆街47號,0,0,1,2,C03,7,1,5,50,14,9,1,5,4,5,7,4,4,9,5,5,2,16,2,20,2,9,1,1,7,9,1,10,2,12,,44,19,1,22,9,121.5367086,25.0006169
111,2,11,16,55,2,11南港區,南港區忠孝東路6段225巷與忠孝東路6段口,0,0,1,1,C03,8,1,5,30,4,1,1,5,4,5,7,4,4,10,5,5,1,15,1,42,2,8,1,4,7,9,1,10,1,11,,6,6,1,22,9,121.5884047,25.04937224
111,2,11,16,55,2,11南港區,南港區忠孝東路6段225巷與忠孝東路6段口,0,0,1,2,B03,8,1,5,30,4,1,1,5,4,5,7,4,4,10,5,5,1,15,2,42,3,10,3,4,7,9,1,8,1,4,,44,6,1,22,9,121.5884047,25.04937224
111,2,11,17,5,2,01大同區,大同區鄭州路與環河北路1段口,0,0,1,1,B03,8,1,5,40,4,2,1,5,4,5,7,2,1,1,4,5,2,17,1,62,3,10,3,4,7,9,1,8,1,10,,17,17,1,22,9,121.5070993,25.05079841
111,2,11,17,5,2,01大同區,大同區鄭州路與環河北路1段口,0,0,1,2,C03,8,1,5,40,4,2,1,5,4,5,7,2,1,1,4,5,2,17,1,47,2,8,3,4,7,9,1,9,1,15,,17,17,1,22,9,121.5070993,25.05079841
111,2,11,17,30,2,07信義區,信義區基隆路2段與嘉興街216巷口,0,0,1,1,B03,8,3,5,50,4,2,1,5,4,5,7,2,1,3,4,5,2,13,1,30,3,10,1,1,7,9,1,8,1,1,,44,44,1,22,9,121.5560296,25.02728395
111,2,11,17,30,2,07信義區,信義區基隆路2段與嘉興街216巷口,0,0,1,2,C03,8,3,5,50,4,2,1,5,4,5,7,2,1,3,4,5,2,13,1,55,2,5,1,1,7,10,1,10,1,13,,7,44,1,22,9,121.5560296,25.02728395
111,2,11,17,54,2,01大同區,大同區民權西路與重慶北路3段口,0,0,1,1,C03,8,3,5,50,4,2,1,5,4,5,7,1,1,1,4,5,2,12,1,19,3,10,1,1,7,9,3,18,2,12,,17,17,1,22,9,121.5135484,25.06314328
111,2,11,17,54,2,01大同區,大同區民權西路與重慶北路3段口,0,0,1,2,C03,8,3,5,50,4,2,1,5,4,5,7,1,1,1,4,5,2,12,2,45,2,9,1,1,7,9,1,10,2,14,,17,17,1,22,9,121.5135484,25.06314328
111,2,11,17,55,2,04大安區,大安區辛亥路2段與新生南路3段口,0,0,1,1,B03,8,3,5,50,4,2,1,5,4,5,7,1,1,10,4,5,2,17,1,46,3,10,1,1,7,6,1,8,1,15,,9,9,1,22,9,121.5345075,25.02224332
111,2,11,17,55,2,04大安區,大安區辛亥路2段與新生南路3段口,0,0,1,2,F01,8,3,5,50,4,2,1,5,4,5,7,1,1,10,4,5,2,17,2,72,2,9,1,1,7,9,8,20,1,16,,42,9,1,22,9,121.5345075,25.02224332
111,2,11,18,0,2,05中正區,中正區忠孝西路1段與重慶南路1段口,0,0,1,1,B01,8,3,5,50,4,1,1,5,4,5,7,1,1,3,4,5,2,12,1,57,3,10,1,1,7,6,1,4,2,8,,8,8,1,22,9,121.5133476,25.0471811
111,2,11,18,0,2,05中正區,中正區忠孝西路1段與重慶南路1段口,0,0,1,2,C03,8,3,5,50,4,1,1,5,4,5,7,1,1,3,4,5,2,12,2,18,2,9,1,1,7,10,1,10,2,12,,44,8,1,22,9,121.5133476,25.0471811
111,2,11,18,6,2,07信義區,信義區永吉路與松隆路口,0,0,1,1,B01,8,3,5,50,5,1,1,5,4,5,7,1,1,1,3,4,2,16,1,47,3,10,1,1,7,6,1,4,1,6,,9,9,2,22,9,121.5702509,25.04554154
111,2,11,18,6,2,07信義區,信義區永吉路與松隆路口,0,0,1,2,C03,8,3,5,50,5,1,1,5,4,5,7,1,1,1,3,4,2,16,1,40,2,9,1,1,7,9,1,10,1,14,,44,9,1,22,9,121.5702509,25.04554154
111,2,11,18,8,2,01大同區,大同區西寧北路74號,0,0,2,1,B12,7,3,5,50,14,9,1,5,4,5,7,4,4,5,2,5,2,17,1,32,3,10,1,4,7,1,1,8,2,8,,19,19,1,22,9,121.5088242,25.05420763
111,2,11,18,8,2,01大同區,大同區西寧北路74號,0,0,2,2,C03,7,3,5,50,14,9,1,5,4,5,7,4,4,5,2,5,2,17,1,79,2,8,1,4,7,9,6,18,2,11,,44,19,1,22,9,121.5088242,25.05420763
111,2,11,18,8,2,01大同區,大同區西寧北路74號,0,0,2,3,H02,7,3,5,50,14,9,1,5,4,5,7,4,4,5,2,5,2,17,2,70,2,9,1,5,7,21,8,20,10,16,,67,19,1,22,9,121.5088242,25.05420763
111,2,11,18,16,2,04大安區,大安區新生南路1段與新生南路1段161巷口,0,0,1,1,B01,8,3,5,30,3,1,1,5,4,5,7,4,4,10,5,5,1,15,1,49,3,10,1,1,7,9,1,4,1,1,,23,23,1,22,9,121.5329428,25.03463287
111,2,11,18,16,2,04大安區,大安區新生南路1段與新生南路1段161巷口,0,0,1,2,F01,8,3,5,30,3,1,1,5,4,5,7,4,4,10,5,5,1,15,1,29,2,8,1,1,7,9,8,20,1,16,,44,23,1,22,9,121.5329428,25.03463287
111,2,11,18,29,2,04大安區,大安區和平東路3段與基隆路2段口,0,0,1,1,A05,6,3,5,50,5,1,1,4,4,5,7,1,1,1,5,5,2,12,4,,4,11,3,4,7,15,7,19,11,15,,43,43,2,22,9,121.5522931,25.0240201
111,2,11,18,29,2,04大安區,大安區和平東路3段與基隆路2段口,0,0,1,2,C03,6,3,5,50,5,1,1,4,4,5,7,1,1,1,5,5,2,12,1,19,2,9,1,1,7,9,1,10,9,14,,43,43,1,22,9,121.5522931,25.0240201