發生年度,發生月,發生日,發生時-Hours,發生分,處理別-編號,區序,肇事地點,死亡人數,2-30日死亡人數,受傷人數,當事人序號,車種,天候,光線,道路類別,速限-速度限制,道路型態,事故位置,路面狀況1,路面狀況2,路面狀況3,道路障礙1,道路障礙2,號誌1,號誌2,車道劃分-分向,車道劃分-分道1,車道劃分-分道2,車道劃分-分道3,事故類型及型態,性別,年齡,受傷程度,主要傷處,安全帽,行動電話,車輛用途,當事者行動狀態,駕駛資格情形,駕駛執照種類,飲酒情形,車輛撞擊部位1,車輛撞擊部位2,肇因碼-個別,肇因碼-主要,個人肇逃否,職業,旅次目的,座標-X,座標-Y
111,2,11,18,37,2,02萬華區,萬華區成都路與康定路口,0,0,1,1,C03,8,3,5,50,4,1,1,5,4,5,7,1,1,4,5,5,2,16,1,40,2,9,1,1,7,5,1,9,1,14,,8,8,1,22,9,121.5026998,25.04351894
111,2,11,18,37,2,02萬華區,萬華區成都路與康定路口,0,0,1,2,B03,8,3,5,50,4,1,1,5,4,5,7,1,1,4,5,5,2,16,1,61,3,10,1,1,7,9,1,8,1,5,,44,8,1,22,9,121.5026998,25.04351894
111,2,11,18,40,2,10文山區,文山區永安街22巷9弄與無名巷口,0,0,2,1,C03,8,3,5,30,3,2,1,5,4,5,7,4,4,10,5,5,1,17,1,34,2,8,1,1,7,1,1,10,1,11,,19,19,1,22,9,121.5694321,24.98598608
111,2,11,18,40,2,10文山區,文山區永安街22巷9弄與無名巷口,0,0,2,2,C03,8,3,5,30,3,2,1,5,4,5,7,4,4,10,5,5,1,17,2,35,2,9,1,1,7,9,1,10,1,11,,44,19,1,22,9,121.5694321,24.98598608
111,2,11,18,44,2,10文山區,文山區秀明路1段與秀明路1段22巷口,0,0,1,1,B03,8,1,5,50,3,2,1,5,4,5,7,4,4,5,2,5,2,11,2,42,3,10,3,4,7,1,1,8,2,4,,19,19,1,22,9,121.5642166,24.98941466
111,2,11,18,44,2,10文山區,文山區秀明路1段與秀明路1段22巷口,0,0,1,2,C03,8,1,5,50,3,2,1,5,4,5,7,4,4,5,2,5,2,11,1,24,2,9,3,4,7,9,1,10,2,11,,14,19,1,22,9,121.5642166,24.98941466
111,2,11,18,48,2,07信義區,信義區忠孝東路5段215巷與忠孝東路5段255巷口,0,0,1,1,C03,7,3,5,30,4,1,1,5,4,5,7,4,4,9,5,5,1,15,1,53,3,10,1,1,7,9,1,10,1,14,,6,6,1,22,9,121.5701898,25.04159539
111,2,11,18,48,2,07信義區,信義區忠孝東路5段215巷與忠孝東路5段255巷口,0,0,1,2,C03,7,3,5,30,4,1,1,5,4,5,7,4,4,9,5,5,1,15,1,24,3,10,1,1,7,9,1,10,1,11,,14,6,1,22,9,121.5701898,25.04159539
111,2,11,18,48,2,07信義區,信義區忠孝東路5段215巷與忠孝東路5段255巷口,0,0,1,3,H02,7,3,5,30,4,1,1,5,4,5,7,4,4,9,5,5,1,15,2,52,2,8,4,5,7,21,8,20,10,16,,67,6,1,22,9,121.5701898,25.04159539
111,2,11,19,0,2,12內湖區,內湖區成功路3段與文德路口,0,0,1,1,C01,7,3,5,50,3,1,1,5,4,5,7,1,1,1,4,4,2,17,1,36,2,9,1,1,7,6,4,8,2,12,,43,43,1,22,9,121.5891816,25.07882243
111,2,11,19,0,2,12內湖區,內湖區成功路3段與文德路口,0,0,1,2,C03,7,3,5,50,3,1,1,5,4,5,7,1,1,1,4,4,2,17,2,30,3,10,1,1,7,9,1,10,2,15,,43,43,1,22,9,121.5891816,25.07882243
111,2,11,19,20,2,04大安區,大安區忠孝東路4段172號,0,0,1,1,B03,8,3,5,0,14,9,1,5,4,5,7,4,4,3,4,5,1,16,1,27,4,11,3,4,7,15,7,19,11,15,,17,17,2,22,9,121.5509026,25.04141667
111,2,11,19,20,2,04大安區,大安區忠孝東路4段172號,0,0,1,2,C03,8,3,5,0,14,9,1,5,4,5,7,4,4,3,4,5,1,16,2,45,2,7,1,1,7,9,1,10,1,11,,44,17,1,22,9,121.5509026,25.04141667
111,2,11,20,10,2,01大同區,大同區延平北路4段與敦煌路口,0,0,1,1,B03,7,3,5,50,14,9,1,5,4,5,7,4,4,10,4,5,1,12,2,38,3,10,1,1,7,1,1,8,1,8,,43,43,1,22,9,121.512045,25.0765615
111,2,11,20,10,2,01大同區,大同區延平北路4段與敦煌路口,0,0,1,2,C03,7,3,5,50,14,9,1,5,4,5,7,4,4,10,4,5,1,12,2,44,2,8,1,1,7,9,1,10,1,12,,43,43,1,22,9,121.512045,25.0765615
111,2,11,21,0,2,11南港區,南港區南港路3段與南港路3段314巷口,0,0,1,1,C03,7,3,5,50,4,2,1,5,4,5,7,1,1,9,4,5,2,16,1,22,2,9,1,1,7,9,1,10,2,12,,44,44,1,22,9,121.5812339,25.0514905
111,2,11,21,0,2,11南港區,南港區南港路3段與南港路3段314巷口,0,0,1,2,B03,7,3,5,50,4,2,1,5,4,5,7,1,1,9,4,5,2,16,1,31,3,10,1,1,7,9,1,8,2,8,,25,44,1,22,9,121.5812339,25.0514905
111,2,11,21,0,2,11南港區,南港區南港路3段與南港路3段314巷口,0,0,1,3,B03,7,3,5,50,4,2,1,5,4,5,7,1,1,9,4,5,2,16,1,53,3,10,1,1,7,13,1,8,1,4,,44,44,1,22,9,121.5812339,25.0514905
111,2,11,21,3,2,10文山區,文山區景興路46巷景華公園停車場出入口,0,0,1,1,B12,8,3,5,30,14,9,1,5,4,5,7,4,4,10,5,5,2,16,1,39,3,10,1,1,7,11,1,8,2,1,,10,10,1,22,9,121.5437611,24.99604113
111,2,11,21,3,2,10文山區,文山區景興路46巷景華公園停車場出入口,0,0,1,2,C03,8,3,5,30,14,9,1,5,4,5,7,4,4,10,5,5,2,16,2,48,2,8,1,1,7,9,1,10,2,14,,44,10,1,22,9,121.5437611,24.99604113
111,2,11,21,10,2,08士林區,士林區中正路與志成街口,0,0,1,1,B03,8,3,5,50,3,2,1,5,4,5,7,3,1,1,4,5,2,3,1,21,3,10,1,1,7,9,1,8,2,1,,15,15,1,21,8,121.530318,25.09616874
111,2,11,21,10,2,08士林區,士林區中正路與志成街口,0,0,1,2,H01,8,3,5,50,3,2,1,5,4,5,7,3,1,1,4,5,2,3,2,72,2,9,4,5,8,16,8,20,10,16,,67,15,1,21,8,121.530318,25.09616874
111,2,11,21,35,2,05中正區,中正區公園路與貴陽街1段口,0,0,2,3,,8,3,5,50,4,2,1,5,4,5,7,3,1,8,3,5,2,9,3,,,,,,,,,,,,,67,23,1,,,121.5152863,25.03850957
111,2,11,21,35,2,05中正區,中正區公園路與貴陽街1段口,0,0,2,1,C03,8,3,5,50,4,2,1,5,4,5,7,3,1,8,3,5,2,9,1,20,2,9,1,1,7,9,1,10,2,11,,23,23,1,22,9,121.5152863,25.03850957
111,2,11,21,35,2,05中正區,中正區公園路與貴陽街1段口,0,0,2,2,H02,8,3,5,50,4,2,1,5,4,5,7,3,1,8,3,5,2,9,2,20,2,1,1,5,7,21,8,20,10,16,,67,23,1,22,9,121.5152863,25.03850957
111,2,11,21,51,2,12內湖區,內湖區文德路與文德路208巷口口,0,0,1,1,B12,7,3,5,50,4,1,1,5,4,5,7,2,1,5,4,5,2,3,1,49,3,10,1,1,7,5,1,8,2,8,,15,15,1,22,9,121.583593,25.07856056
111,2,11,21,51,2,12內湖區,內湖區文德路與文德路208巷口口,0,0,1,2,H01,7,3,5,50,4,1,1,5,4,5,7,2,1,5,4,5,2,3,2,46,2,1,4,5,8,16,8,20,10,16,,67,15,1,22,9,121.583593,25.07856056
111,2,11,22,34,2,04大安區,大安區基隆路2段112號,0,0,1,1,B03,7,3,5,50,14,9,1,5,4,5,7,4,4,1,4,5,2,16,2,57,3,10,1,1,7,7,1,8,1,4,,7,7,1,22,9,121.5571641,25.02906813
111,2,11,22,34,2,04大安區,大安區基隆路2段112號,0,0,1,2,C01,7,3,5,50,14,9,1,5,4,5,7,4,4,1,4,5,2,16,1,23,2,9,1,1,7,9,1,9,1,12,,44,7,1,22,9,121.5571641,25.02906813
111,2,11,23,14,2,07信義區,信義區松山路238巷與虎林街口,0,0,1,1,C03,8,3,5,50,4,1,1,5,4,5,7,4,4,9,5,5,2,17,1,25,2,8,1,1,7,12,1,10,2,14,,13,13,1,22,9,121.5771225,25.04434074
111,2,11,23,14,2,07信義區,信義區松山路238巷與虎林街口,0,0,1,2,B01,8,3,5,50,4,1,1,5,4,5,7,4,4,9,5,5,2,17,1,43,3,10,1,1,7,9,1,4,2,15,,44,13,1,22,9,121.5771225,25.04434074
111,2,11,23,37,2,01大同區,大同區重慶北路2段與南京西路口,0,0,1,1,B01,8,3,5,50,5,1,1,5,4,5,7,2,1,3,4,5,2,17,1,65,4,11,3,4,7,15,7,19,11,15,,25,25,2,22,9,121.5143538,25.05411452
111,2,11,23,37,2,01大同區,大同區重慶北路2段與南京西路口,0,0,1,2,C03,8,3,5,50,5,1,1,5,4,5,7,2,1,3,4,5,2,17,1,35,2,9,1,1,7,9,1,10,1,15,,44,25,1,22,9,121.5143538,25.05411452
111,2,12,1,14,2,04大安區,大安區杭州南路2段5號,0,0,1,1,C03,7,3,5,50,14,9,1,5,4,5,7,4,4,10,4,5,1,13,1,20,2,9,1,1,7,9,1,10,1,11,,23,23,1,22,9,121.5241305,25.0345054
111,2,12,1,14,2,04大安區,大安區杭州南路2段5號,0,0,1,2,A11,7,3,5,50,14,9,1,5,4,5,7,4,4,10,4,5,1,13,1,49,3,10,3,1,7,14,1,6,1,3,,38,23,1,22,9,121.5241305,25.0345054
111,2,12,2,20,2,07信義區,信義區基隆路1段350-43號,0,0,1,1,C04,7,3,5,50,14,9,1,5,4,5,7,2,1,1,4,5,1,21,2,29,2,8,1,1,7,5,1,10,1,11,,43,43,1,22,9,121.5611513,25.03597765
111,2,12,2,20,2,07信義區,信義區基隆路1段350-43號,0,0,1,2,,7,3,5,50,14,9,1,5,4,5,7,2,1,1,4,5,1,21,3,,,,,,,,,,,,,67,43,1,,,121.5611513,25.03597765
111,2,12,2,35,2,04大安區,大安區光復南路96巷與光復南路72巷23弄口,0,0,1,1,B01,7,3,5,0,3,2,1,4,4,5,7,4,4,10,5,5,2,17,1,27,2,9,1,1,7,6,1,4,1,8,,6,6,1,22,9,121.5566933,25.04401127
111,2,12,2,35,2,04大安區,大安區光復南路96巷與光復南路72巷23弄口,0,0,1,2,B03,7,3,5,0,3,2,1,4,4,5,7,4,4,10,5,5,2,17,1,28,3,10,1,1,7,9,1,8,1,5,,14,6,1,22,9,121.5566933,25.04401127
111,2,12,3,0,2,12內湖區,內湖區民權東路6段296巷68號與無名巷口,0,0,1,1,B03,8,3,5,30,4,1,1,5,4,5,7,4,4,9,5,5,2,15,1,22,3,10,1,1,7,9,1,8,2,1,,6,6,1,22,9,121.6087734,25.07027505
111,2,12,3,0,2,12內湖區,內湖區民權東路6段296巷68號與無名巷口,0,0,1,2,C03,8,3,5,30,4,1,1,5,4,5,7,4,4,9,5,5,2,15,1,47,2,9,1,1,7,9,1,10,2,12,,23,6,1,22,9,121.6087734,25.07027505
111,2,12,3,5,2,03中山區,中山區建國北路2段與南京東路3段口,0,0,1,1,B01,7,3,5,50,4,2,1,5,4,5,7,1,1,1,4,5,1,17,1,54,3,10,1,1,7,8,1,4,1,6,,7,7,1,22,9,121.5372233,25.0521905
111,2,12,3,5,2,03中山區,中山區建國北路2段與南京東路3段口,0,0,1,2,C03,7,3,5,50,4,2,1,5,4,5,7,1,1,1,4,5,1,17,1,21,2,9,1,1,7,9,1,10,1,14,,13,7,1,22,9,121.5372233,25.0521905
111,2,12,3,10,2,12內湖區,內湖區安康路414巷與五分街72巷口,0,0,2,1,B03,7,3,5,50,3,1,1,5,4,5,7,4,4,9,5,5,2,16,2,29,2,1,1,1,7,9,1,8,2,1,,23,23,1,22,9,121.6164576,25.06626037
111,2,12,3,10,2,12內湖區,內湖區安康路414巷與五分街72巷口,0,0,2,2,B03,7,3,5,50,3,1,1,5,4,5,7,4,4,9,5,5,2,16,2,27,2,9,1,1,7,14,1,8,2,4,,38,23,1,22,9,121.6164576,25.06626037
111,2,12,3,10,2,12內湖區,內湖區安康路414巷與五分街72巷口,0,0,2,3,C03,7,3,5,50,3,1,1,5,4,5,7,4,4,9,5,5,2,16,1,43,3,10,3,4,7,13,1,10,11,12,,38,23,1,22,9,121.6164576,25.06626037
111,2,12,6,1,2,02萬華區,萬華區環河南路2段與桂林路口,0,0,1,1,B12,6,1,5,50,14,9,1,4,4,5,7,4,4,10,5,5,2,17,1,73,3,10,3,4,7,1,1,8,2,4,,19,19,1,22,9,121.4968717,25.03829873
111,2,12,6,1,2,02萬華區,萬華區環河南路2段與桂林路口,0,0,1,2,C03,6,1,5,50,14,9,1,4,4,5,7,4,4,10,5,5,2,17,1,43,2,9,3,4,7,9,4,11,3,11,,42,19,1,22,9,121.4968717,25.03829873
111,2,12,7,23,2,02萬華區,萬華區西園路1段與和平西路3段口,0,0,1,1,B03,8,3,5,50,4,1,1,5,4,5,7,2,1,1,3,5,1,16,1,42,3,10,1,1,7,5,1,8,2,6,,8,8,1,22,9,121.4992251,25.03525985
111,2,12,7,23,2,02萬華區,萬華區西園路1段與和平西路3段口,0,0,1,2,C03,8,3,5,50,4,1,1,5,4,5,7,2,1,1,3,5,1,16,2,20,2,9,1,1,7,9,1,10,2,11,,44,8,1,22,9,121.4992251,25.03525985
111,2,12,8,9,2,04大安區,大安區新生南路2段大安森林9號出口,0,0,1,1,F01,6,1,8,30,15,22,4,4,4,5,7,4,4,10,5,5,2,12,2,78,2,9,1,1,7,5,8,20,1,16,,8,8,1,22,9,121.5339328,25.0301143
111,2,12,8,9,2,04大安區,大安區新生南路2段大安森林9號出口,0,0,1,2,F01,6,1,8,30,15,22,4,4,4,5,7,4,4,10,5,5,2,12,2,34,3,10,1,1,7,9,8,20,1,16,,23,8,1,22,9,121.5339328,25.0301143
111,2,12,8,35,2,03中山區,中山區明水路557巷,0,0,1,1,B03,6,1,5,30,14,9,1,4,4,5,7,4,4,10,4,5,1,17,1,46,3,10,1,1,7,1,1,8,11,15,,19,19,1,22,9,121.5519915,25.07922359
111,2,12,8,35,2,03中山區,中山區明水路557巷,0,0,1,2,C03,6,1,5,30,14,9,1,4,4,5,7,4,4,10,4,5,1,17,2,21,2,8,1,1,7,9,1,10,11,14,,44,19,1,22,9,121.5519915,25.07922359
111,2,12,8,46,2,12內湖區,內湖區成功路2段456巷與陽光街口,0,0,1,1,C03,6,1,5,30,3,1,1,4,4,5,7,4,4,5,5,5,2,17,1,74,2,9,1,1,7,5,1,10,11,11,,8,8,1,22,9,121.5855975,25.07509828
111,2,12,8,46,2,12內湖區,內湖區成功路2段456巷與陽光街口,0,0,1,2,B03,6,1,5,30,3,1,1,4,4,5,7,4,4,5,5,5,2,17,1,67,3,10,1,1,7,9,1,8,2,5,,23,8,1,22,9,121.5855975,25.07509828
111,2,12,9,42,2,08士林區,士林區忠誠路1段173巷與德行東路190巷口,0,0,1,1,B02,7,1,5,30,4,1,1,4,4,5,7,4,4,10,5,5,2,16,1,50,3,10,1,1,7,9,1,8,1,5,,6,6,1,22,9,121.531317,25.10807336
111,2,12,9,42,2,08士林區,士林區忠誠路1段173巷與德行東路190巷口,0,0,1,2,C03,7,1,5,30,4,1,1,4,4,5,7,4,4,10,5,5,2,16,2,21,2,8,1,1,7,9,1,10,1,12,,14,6,1,22,9,121.531317,25.10807336
111,2,12,10,23,2,02萬華區,萬華區中華路2段寧波西街口,0,0,2,1,C03,6,1,5,50,4,1,1,4,4,5,7,1,1,3,3,5,1,16,1,72,2,9,3,4,7,7,1,10,2,14,,7,7,1,22,9,121.510067,25.02463787
111,2,12,10,23,2,02萬華區,萬華區中華路2段寧波西街口,0,0,2,2,A41,6,1,5,50,4,1,1,4,4,5,7,1,1,3,3,5,1,16,1,56,3,10,3,4,7,9,1,1,2,5,,44,7,1,22,9,121.510067,25.02463787
111,2,12,10,23,2,02萬華區,萬華區中華路2段寧波西街口,0,0,2,3,H02,6,1,5,50,4,1,1,4,4,5,7,1,1,3,3,5,1,16,2,66,2,9,4,5,7,20,8,20,10,16,,67,7,1,22,9,121.510067,25.02463787
111,2,12,10,40,2,07信義區,信義區基隆路1段與基隆路1段102巷口口,0,0,1,1,B03,7,1,5,50,3,2,1,5,4,5,7,4,4,1,2,5,2,13,1,72,3,10,1,1,7,8,1,8,2,2,,23,23,1,22,9,121.5668271,25.045352
111,2,12,10,40,2,07信義區,信義區基隆路1段與基隆路1段102巷口口,0,0,1,2,C03,7,1,5,50,3,2,1,5,4,5,7,4,4,1,2,5,2,13,1,65,2,9,1,1,7,6,1,10,2,13,,44,23,1,22,9,121.5668271,25.045352
111,2,12,11,0,2,05中正區,中正區重慶南路3段與和平西路1段口口,0,0,1,1,C03,6,1,5,30,5,1,1,4,4,1,7,1,1,1,4,5,1,17,1,54,2,8,1,1,7,15,1,10,1,11,,42,42,1,22,9,121.5161347,25.02686797
111,2,12,11,0,2,05中正區,中正區重慶南路3段與和平西路1段口口,0,0,1,2,B03,6,1,5,30,5,1,1,4,4,1,7,1,1,1,4,5,1,17,1,65,3,10,1,1,7,14,1,8,1,7,,44,42,1,22,9,121.5161347,25.02686797
111,2,12,11,41,2,04大安區,大安區文昌街280巷與文昌街278巷11弄口,0,0,1,1,B12,7,1,5,30,4,1,1,4,4,5,7,4,4,10,5,5,2,17,1,26,3,10,1,1,7,9,1,8,1,4,,6,6,1,22,9,121.5569263,25.03163774
111,2,12,11,41,2,04大安區,大安區文昌街280巷與文昌街278巷11弄口,0,0,1,2,C03,7,1,5,30,4,1,1,4,4,5,7,4,4,10,5,5,2,17,2,61,2,9,1,1,7,9,1,10,1,11,,6,6,1,22,9,121.5569263,25.03163774
111,2,12,11,45,2,04大安區,大安區復興南路2段151巷16號與復興南路2段125巷20弄口,0,0,1,1,B03,8,1,5,30,3,1,1,5,4,5,1,4,4,10,3,5,2,16,1,33,3,10,1,1,7,5,1,8,1,2,,6,6,1,22,9,121.544619,25.028228
111,2,12,11,45,2,04大安區,大安區復興南路2段151巷16號與復興南路2段125巷20弄口,0,0,1,2,C03,8,1,5,30,3,1,1,5,4,5,1,4,4,10,3,5,2,16,2,44,2,9,1,1,7,9,1,10,1,11,,14,6,1,22,9,121.544619,25.028228
111,2,12,11,45,2,10文山區,文山區木柵路4段31-2號對面,0,0,1,1,B03,7,1,5,50,14,9,1,5,4,5,7,3,1,5,4,5,2,17,2,65,3,10,1,1,7,9,1,8,2,5,,44,44,1,22,9,121.5717065,24.99461639
111,2,12,11,45,2,10文山區,文山區木柵路4段31-2號對面,0,0,1,2,C03,7,1,5,50,14,9,1,5,4,5,7,3,1,5,4,5,2,17,2,51,2,9,1,1,7,7,1,10,2,11,,16,44,1,22,9,121.5717065,24.99461639
111,2,12,11,45,2,10文山區,文山區木柵路4段31-2號對面,0,0,1,3,B03,7,1,5,50,14,9,1,5,4,5,7,3,1,5,4,5,2,17,1,58,3,10,1,1,7,14,1,8,9,3,,42,44,1,22,9,121.5717065,24.99461639
111,2,12,12,13,2,09北投區,北投區大業路與中央北路2段95巷1弄口,0,0,1,1,B03,7,1,5,50,3,1,1,5,4,5,7,4,4,1,4,5,2,16,1,34,3,10,1,1,7,6,1,8,2,5,,9,9,1,22,9,121.4967862,25.13547813
111,2,12,12,13,2,09北投區,北投區大業路與中央北路2段95巷1弄口,0,0,1,2,C03,7,1,5,50,3,1,1,5,4,5,7,4,4,1,4,5,2,16,2,25,2,9,1,1,7,9,1,10,2,14,,44,9,1,22,9,121.4967862,25.13547813
111,2,12,12,34,2,05中正區,中正區凱達格蘭大道與公園路口,0,0,1,1,B03,6,1,5,50,4,1,1,4,4,5,7,1,1,9,4,5,1,12,2,65,3,10,1,1,7,6,1,8,2,2,,9,9,1,22,9,121.5157351,25.03972126
111,2,12,12,34,2,05中正區,中正區凱達格蘭大道與公園路口,0,0,1,2,C03,6,1,5,50,4,1,1,4,4,5,7,1,1,9,4,5,1,12,2,25,2,9,1,1,7,9,1,10,2,12,,44,9,1,22,9,121.5157351,25.03972126
111,2,12,13,4,2,03中山區,中山區民生東路3段9巷23號,0,0,1,1,C04,7,1,5,30,13,9,1,5,4,5,7,4,4,10,5,5,2,17,1,49,3,10,1,1,7,5,1,10,2,15,,8,8,1,22,9,121.5378421,25.05997611
111,2,12,13,4,2,03中山區,中山區民生東路3段9巷23號,0,0,1,2,C03,7,1,5,30,13,9,1,5,4,5,7,4,4,10,5,5,2,17,1,36,2,8,1,1,7,12,1,10,2,12,,13,8,1,22,9,121.5378421,25.05997611
111,2,12,13,28,2,07信義區,信義區中坡北路57號出入口處,0,0,2,1,C03,7,1,5,50,14,9,1,5,4,5,7,4,4,1,4,5,2,13,2,77,2,8,1,1,7,9,1,10,1,11,,23,23,1,22,9,121.5806116,25.04715694
111,2,12,13,28,2,07信義區,信義區中坡北路57號出入口處,0,0,2,2,C03,7,1,5,50,14,9,1,5,4,5,7,4,4,1,4,5,2,13,1,28,3,10,1,1,7,14,1,10,1,13,,44,23,1,22,9,121.5806116,25.04715694
111,2,12,13,28,2,07信義區,信義區中坡北路57號出入口處,0,0,2,3,H02,7,1,5,50,14,9,1,5,4,5,7,4,4,1,4,5,2,13,2,28,2,8,1,5,7,21,8,20,10,16,,67,23,1,22,9,121.5806116,25.04715694
111,2,12,13,38,2,01大同區,大同區延平北路3段與民權西路口,0,0,3,1,C03,7,1,5,40,4,1,1,5,4,5,7,2,1,1,2,5,2,12,2,45,2,9,1,1,7,5,1,10,1,13,,8,8,1,22,9,121.5110384,25.06281409
111,2,12,13,38,2,01大同區,大同區延平北路3段與民權西路口,0,0,3,2,C03,7,1,5,40,4,1,1,5,4,5,7,2,1,1,2,5,2,12,2,45,2,9,1,1,7,9,1,10,1,15,,26,8,1,22,9,121.5110384,25.06281409
111,2,12,13,38,2,01大同區,大同區延平北路3段與民權西路口,0,0,3,3,H02,7,1,5,40,4,1,1,5,4,5,7,2,1,1,2,5,2,12,1,11,2,7,1,5,7,20,8,20,10,16,,67,8,1,22,9,121.5110384,25.06281409
111,2,12,13,40,2,05中正區,中正區仁愛路2段99號,0,0,2,1,C03,7,1,5,50,14,9,1,5,4,5,7,4,4,1,4,5,2,13,2,22,2,9,1,1,7,6,1,10,2,11,,9,9,1,22,9,121.5322994,25.03830433
111,2,12,13,40,2,05中正區,中正區仁愛路2段99號,0,0,2,2,C03,7,1,5,50,14,9,1,5,4,5,7,4,4,1,4,5,2,13,1,38,2,9,1,1,7,6,1,10,2,13,,9,9,1,22,9,121.5322994,25.03830433
111,2,12,13,56,2,05中正區,中正區臨沂街64-2號,0,0,1,1,F01,7,1,5,30,14,9,1,5,4,5,7,4,4,10,5,5,2,1,1,34,3,10,1,1,7,9,8,20,2,16,,23,23,1,22,9,121.5279148,25.03472671
111,2,12,13,56,2,05中正區,中正區臨沂街64-2號,0,0,1,2,H01,7,1,5,30,14,9,1,5,4,5,7,4,4,10,5,5,2,1,2,24,2,7,4,5,8,16,8,20,10,16,,67,23,1,22,9,121.5279148,25.03472671
111,2,12,14,26,2,03中山區,中山區北安路458巷47弄與明水路397巷18弄口,0,0,1,1,B03,7,1,5,50,4,1,1,5,4,5,7,4,4,5,4,5,2,17,1,58,3,10,1,1,7,11,1,8,1,6,,10,10,1,22,9,121.5467009,25.07869398
111,2,12,14,26,2,03中山區,中山區北安路458巷47弄與明水路397巷18弄口,0,0,1,2,C03,7,1,5,50,4,1,1,5,4,5,7,4,4,5,4,5,2,17,2,67,2,8,1,1,7,1,1,10,1,14,,44,10,1,22,9,121.5467009,25.07869398
111,2,12,14,27,2,01大同區,大同區承德路3段與敦煌路口,0,0,3,1,B03,8,1,5,50,4,1,1,5,4,5,7,1,1,1,4,5,2,17,2,30,2,2,1,1,7,8,1,8,2,5,,7,7,1,22,9,121.5201952,25.07519396
111,2,12,14,27,2,01大同區,大同區承德路3段與敦煌路口,0,0,3,2,C03,8,1,5,50,4,1,1,5,4,5,7,1,1,1,4,5,2,17,1,68,2,9,1,1,7,9,1,10,2,14,,44,7,1,22,9,121.5201952,25.07519396
111,2,12,14,27,2,01大同區,大同區承德路3段與敦煌路口,0,0,3,3,H02,8,1,5,50,4,1,1,5,4,5,7,1,1,1,4,5,2,17,2,66,2,9,4,5,7,21,8,20,10,16,,67,7,1,22,9,121.5201952,25.07519396
111,2,12,16,5,2,04大安區,大安區建國南路1段與市民大道3段口,0,0,1,1,B03,8,1,5,50,4,1,1,5,4,5,7,1,1,10,4,5,2,17,1,30,4,11,3,4,7,5,7,19,11,15,,8,8,2,22,9,121.536918,25.0446272
111,2,12,16,5,2,04大安區,大安區建國南路1段與市民大道3段口,0,0,1,2,C03,8,1,5,50,4,1,1,5,4,5,7,1,1,10,4,5,2,17,1,24,2,8,1,1,7,9,1,10,1,14,,13,8,1,22,9,121.536918,25.0446272
111,2,12,16,28,2,04大安區,大安區通化街19巷與通化街39巷61弄口口,0,0,2,1,C03,7,1,5,30,4,1,1,5,4,5,5,4,4,10,5,5,2,15,1,33,2,9,1,1,7,9,1,10,1,15,,6,6,1,22,9,121.5565726,25.03162885
111,2,12,16,28,2,04大安區,大安區通化街19巷與通化街39巷61弄口口,0,0,2,2,C03,7,1,5,30,4,1,1,5,4,5,5,4,4,10,5,5,2,15,2,44,2,8,1,1,7,9,1,10,1,12,,44,6,1,22,9,121.5565726,25.03162885
111,2,12,16,28,2,04大安區,大安區通化街19巷與通化街39巷61弄口口,0,0,2,3,,7,1,5,30,4,1,1,5,4,5,5,4,4,10,5,5,2,15,4,,4,11,3,4,7,15,7,19,11,15,,38,6,2,22,9,121.5565726,25.03162885
111,2,12,16,38,2,02萬華區,萬華區三水街與和平西路3段13巷口,0,0,1,1,C03,7,1,8,30,4,1,1,4,4,5,7,4,4,10,5,5,1,11,2,48,3,10,1,4,7,9,1,10,1,12,,6,6,1,22,9,121.5044802,25.0348051
111,2,12,16,38,2,02萬華區,萬華區三水街與和平西路3段13巷口,0,0,1,2,C03,7,1,8,30,4,1,1,4,4,5,7,4,4,10,5,5,1,11,1,24,2,7,1,4,7,9,1,10,1,11,,13,6,1,22,9,121.5044802,25.0348051
111,2,12,16,55,2,07信義區,信義區永吉路30巷101弄與永吉路30巷口,0,0,1,1,B03,8,1,5,30,4,1,1,5,4,5,7,4,4,9,4,5,2,17,1,46,3,10,1,1,7,5,1,8,1,5,,6,6,1,22,9,121.568775,25.04355983
111,2,12,16,55,2,07信義區,信義區永吉路30巷101弄與永吉路30巷口,0,0,1,2,F01,8,1,5,30,4,1,1,5,4,5,7,4,4,9,4,5,2,17,1,28,2,9,1,1,7,9,8,20,1,16,,44,6,1,22,9,121.568775,25.04355983
111,2,12,16,56,2,10文山區,文山區景文街142巷2號,0,0,1,1,C03,8,1,5,30,14,9,1,5,4,5,7,4,4,5,5,5,2,16,1,19,2,9,1,1,7,9,1,10,2,11,,4,4,1,22,9,121.5402279,24.988449
111,2,12,16,56,2,10文山區,文山區景文街142巷2號,0,0,1,2,B03,8,1,5,30,14,9,1,5,4,5,7,4,4,5,5,5,2,16,1,30,3,10,1,1,7,5,1,8,2,8,,44,4,1,22,9,121.5402279,24.988449
111,2,12,16,59,2,08士林區,士林區延平北路6段與延平北路6段116巷口,0,0,2,1,C03,8,1,5,50,4,1,1,5,4,5,7,4,4,5,5,5,2,12,1,48,2,8,1,1,7,11,1,10,2,14,,10,10,1,22,9,121.5079074,25.08902869
111,2,12,16,59,2,08士林區,士林區延平北路6段與延平北路6段116巷口,0,0,2,2,C03,8,1,5,50,4,1,1,5,4,5,7,4,4,5,5,5,2,12,1,32,2,7,1,1,7,9,6,10,2,11,,42,10,1,22,9,121.5079074,25.08902869
111,2,12,17,1,2,07信義區,信義區松智路33巷與松智路口,0,0,1,1,C03,8,1,5,30,4,1,1,5,4,5,7,4,4,5,5,5,2,18,1,29,2,9,3,4,7,6,1,10,1,12,,43,43,1,22,9,121.5653607,25.03003579