發生年度,發生月,發生日,發生時-Hours,發生分,處理別-編號,區序,肇事地點,死亡人數,2-30日死亡人數,受傷人數,當事人序號,車種,天候,光線,道路類別,速限-速度限制,道路型態,事故位置,路面狀況1,路面狀況2,路面狀況3,道路障礙1,道路障礙2,號誌1,號誌2,車道劃分-分向,車道劃分-分道1,車道劃分-分道2,車道劃分-分道3,事故類型及型態,性別,年齡,受傷程度,主要傷處,安全帽,行動電話,車輛用途,當事者行動狀態,駕駛資格情形,駕駛執照種類,飲酒情形,車輛撞擊部位1,車輛撞擊部位2,肇因碼-個別,肇因碼-主要,個人肇逃否,職業,旅次目的,座標-X,座標-Y
111,2,12,17,1,2,07信義區,信義區松智路33巷與松智路口,0,0,1,2,,8,1,5,30,4,1,1,5,4,5,7,4,4,5,5,5,2,18,3,,,,,,,,,,,,,67,43,1,,,121.5653607,25.03003579
111,2,12,17,32,2,08士林區,士林區中正路與重慶北路4段口引道往士林方向,0,0,1,1,C03,8,1,5,50,3,2,1,5,4,5,7,4,4,3,4,5,1,12,1,45,2,9,1,1,7,9,1,10,1,12,,17,17,1,22,9,121.5115815,25.0876434
111,2,12,17,32,2,08士林區,士林區中正路與重慶北路4段口引道往士林方向,0,0,1,2,C03,8,1,5,50,3,2,1,5,4,5,7,4,4,3,4,5,1,12,1,55,3,10,1,1,7,9,1,10,1,14,,23,17,1,22,9,121.5115815,25.0876434
111,2,12,17,45,2,12內湖區,內湖區星雲街與成功路3段口,0,0,1,1,B03,7,1,5,50,4,2,1,5,4,5,7,2,1,10,5,5,2,3,4,,4,11,3,4,7,15,7,19,11,15,,43,43,2,22,9,121.5899185,25.07742123
111,2,12,17,45,2,12內湖區,內湖區星雲街與成功路3段口,0,0,1,2,H01,7,1,5,50,4,2,1,5,4,5,7,2,1,10,5,5,2,3,1,71,2,8,4,5,8,16,8,20,9,16,,67,43,1,22,9,121.5899185,25.07742123
111,2,12,17,50,2,03中山區,中山區德惠街與德惠街3巷口,0,0,2,1,C03,8,3,5,30,4,1,1,5,4,5,7,4,4,9,4,5,2,15,1,42,2,9,1,4,7,9,1,10,2,14,,6,6,1,22,9,121.522974,25.06673304
111,2,12,17,50,2,03中山區,中山區德惠街與德惠街3巷口,0,0,2,2,B03,8,3,5,30,4,1,1,5,4,5,7,4,4,9,4,5,2,15,2,28,2,2,3,4,7,9,1,8,2,5,,44,6,1,22,9,121.522974,25.06673304
111,2,12,17,50,2,03中山區,中山區德惠街與德惠街3巷口,0,0,2,3,B03,8,3,5,30,4,1,1,5,4,5,7,4,4,9,4,5,2,15,1,53,3,10,3,4,7,14,1,8,2,7,,38,6,1,22,9,121.522974,25.06673304
111,2,12,17,53,2,10文山區,文山區木柵路2段與木柵路2段109巷口,0,0,1,1,C03,8,3,5,50,4,1,1,5,4,5,7,2,1,5,2,5,2,18,2,48,2,9,1,1,7,5,1,10,1,14,,42,42,1,22,9,121.5617512,24.9888245
111,2,12,17,53,2,10文山區,文山區木柵路2段與木柵路2段109巷口,0,0,1,2,,8,3,5,50,4,1,1,5,4,5,7,2,1,5,2,5,2,18,3,,,,,,,,,,,,,67,42,,,,121.5617512,24.9888245
111,2,12,17,55,2,10文山區,文山區木柵路1段210號前,0,0,1,1,B02,7,3,5,50,14,9,1,4,4,3,7,4,4,5,2,5,2,12,1,49,3,10,3,4,7,9,1,8,2,5,,44,44,1,22,9,121.5531559,24.98794209
111,2,12,17,55,2,10文山區,文山區木柵路1段210號前,0,0,1,2,C03,7,3,5,50,14,9,1,4,4,3,7,4,4,5,2,5,2,12,2,60,2,9,3,4,4,10,1,10,2,14,,7,44,1,22,9,121.5531559,24.98794209
111,2,12,17,55,2,10文山區,文山區木柵路1段210號前,0,0,1,3,B03,7,3,5,50,14,9,1,4,4,3,7,4,4,5,2,5,2,12,1,44,3,10,3,4,7,14,1,8,11,15,,44,44,1,22,9,121.5531559,24.98794209
111,2,12,17,57,2,04大安區,大安區仁愛路3段與新生南路1段口,0,0,1,1,B03,8,3,5,50,4,1,1,5,4,5,7,1,1,1,4,5,2,17,1,63,3,10,1,1,7,6,1,8,1,6,,9,9,1,22,9,121.5328639,25.03831103
111,2,12,17,57,2,04大安區,大安區仁愛路3段與新生南路1段口,0,0,1,2,C03,8,3,5,50,4,1,1,5,4,5,7,1,1,1,4,5,2,17,1,27,2,9,1,1,7,9,1,10,1,11,,44,9,1,22,9,121.5328639,25.03831103
111,2,12,18,18,2,09北投區,北投區中央北路3段53巷與中央北路口側附近3段口,0,0,3,1,C03,8,3,5,50,3,1,1,5,4,5,7,2,1,4,4,5,2,16,1,30,2,9,1,1,7,5,1,10,2,12,,8,8,1,22,9,121.4850988,25.13807154
111,2,12,18,18,2,09北投區,北投區中央北路3段53巷與中央北路口側附近3段口,0,0,3,2,C03,8,3,5,50,3,1,1,5,4,5,7,2,1,4,4,5,2,16,1,24,2,9,1,1,7,9,1,10,2,11,,13,8,1,22,9,121.4850988,25.13807154
111,2,12,18,18,2,09北投區,北投區中央北路3段53巷與中央北路口側附近3段口,0,0,3,3,H02,8,3,5,50,3,1,1,5,4,5,7,2,1,4,4,5,2,16,2,32,2,9,4,5,7,21,8,20,10,15,,67,8,1,22,9,121.4850988,25.13807154
111,2,12,18,40,2,05中正區,中正區羅斯福路3段與辛亥路1段口口,0,0,2,1,B01,8,3,5,50,4,1,1,5,4,5,7,1,1,1,4,5,2,12,1,42,3,10,1,1,7,6,1,2,1,2,,9,9,1,22,9,121.5290214,25.0197788
111,2,12,18,40,2,05中正區,中正區羅斯福路3段與辛亥路1段口口,0,0,2,2,C03,8,3,5,50,4,1,1,5,4,5,7,1,1,1,4,5,2,12,1,23,2,9,1,1,7,9,1,10,1,11,,44,9,1,22,9,121.5290214,25.0197788
111,2,12,18,40,2,05中正區,中正區羅斯福路3段與辛亥路1段口口,0,0,2,3,H02,8,3,5,50,4,1,1,5,4,5,7,1,1,1,4,5,2,12,2,19,2,9,4,5,7,20,8,20,10,16,,67,9,1,22,9,121.5290214,25.0197788
111,2,12,18,45,2,03中山區,中山區民權東路3段與復興北路口,0,0,1,1,B01,7,3,5,50,4,1,1,5,4,5,7,2,1,1,4,5,2,12,1,48,3,10,3,4,7,9,1,4,1,4,,17,17,1,22,9,121.5441108,25.06218663
111,2,12,18,45,2,03中山區,中山區民權東路3段與復興北路口,0,0,1,2,C03,7,3,5,50,4,1,1,5,4,5,7,2,1,1,4,5,2,12,1,27,2,9,3,4,7,9,1,10,1,12,,17,17,1,22,9,121.5441108,25.06218663
111,2,12,18,45,2,11南港區,南港區忠孝東路7段與忠孝東路7段口路邊停車格101號前,0,0,1,1,B03,7,3,5,50,3,2,1,5,4,5,7,4,4,9,4,4,2,11,2,66,3,10,1,1,7,11,1,8,2,2,,10,10,1,22,9,121.6046638,25.05174513
111,2,12,18,45,2,11南港區,南港區忠孝東路7段與忠孝東路7段口路邊停車格101號前,0,0,1,2,C03,7,3,5,50,3,2,1,5,4,5,7,4,4,9,4,4,2,11,1,18,2,9,1,1,7,9,1,10,2,14,,13,10,1,22,9,121.6046638,25.05174513
111,2,12,18,51,2,03中山區,中山區南京東路2段與建國北路2段口,0,0,3,1,C03,8,3,5,40,4,1,1,5,4,5,7,1,1,5,4,4,2,16,1,30,2,9,1,1,7,9,1,10,1,14,,25,25,1,22,9,121.5365255,25.05211952
111,2,12,18,51,2,03中山區,中山區南京東路2段與建國北路2段口,0,0,3,2,C03,8,3,5,40,4,1,1,5,4,5,7,1,1,5,4,4,2,16,1,42,2,9,1,1,7,9,1,10,1,11,,25,25,1,22,9,121.5365255,25.05211952
111,2,12,18,51,2,03中山區,中山區南京東路2段與建國北路2段口,0,0,3,3,H02,8,3,5,40,4,1,1,5,4,5,7,1,1,5,4,4,2,16,2,31,2,9,4,5,7,20,8,20,10,16,,67,25,1,22,9,121.5365255,25.05211952
111,2,12,19,30,2,12內湖區,內湖區內湖路1段與港墘路口,0,0,1,1,B03,7,3,5,50,3,1,1,5,4,5,7,4,4,1,4,5,2,13,1,35,3,10,1,1,7,6,1,8,1,6,,9,9,1,22,9,121.5763505,25.07948576
111,2,12,19,30,2,12內湖區,內湖區內湖路1段與港墘路口,0,0,1,2,C03,7,3,5,50,3,1,1,5,4,5,7,4,4,1,4,5,2,13,1,41,2,8,1,1,7,9,1,10,1,11,,14,9,1,22,9,121.5763505,25.07948576
111,2,12,19,43,2,07信義區,信義區莊敬路與吳興街225巷口,0,0,1,1,B03,8,3,5,50,4,1,1,5,4,5,7,2,1,5,4,4,2,17,1,58,3,10,1,1,7,5,1,8,1,15,,6,6,1,21,8,121.563512,25.02802755
111,2,12,19,43,2,07信義區,信義區莊敬路與吳興街225巷口,0,0,1,2,C03,8,3,5,50,4,1,1,5,4,5,7,2,1,5,4,4,2,17,1,19,2,9,1,1,7,9,1,10,1,14,,13,6,1,21,8,121.563512,25.02802755
111,2,12,19,56,2,03中山區,中山區民族東路與龍江路口,0,0,2,1,C03,7,3,5,50,3,1,1,5,4,5,7,1,1,1,4,5,2,16,2,33,2,9,1,1,7,9,1,10,1,11,,25,25,1,22,9,121.5409841,25.06818028
111,2,12,19,56,2,03中山區,中山區民族東路與龍江路口,0,0,2,2,C03,7,3,5,50,3,1,1,5,4,5,7,1,1,1,4,5,2,16,1,31,2,9,1,1,7,9,1,10,1,14,,44,25,1,22,9,121.5409841,25.06818028
111,2,12,19,56,2,03中山區,中山區民族東路與龍江路口,0,0,2,3,B03,7,3,5,50,3,1,1,5,4,5,7,1,1,1,4,5,2,16,1,50,4,11,3,4,7,14,7,19,11,15,,38,25,1,22,9,121.5409841,25.06818028
111,2,12,20,3,2,07信義區,信義區忠孝東路5段與基隆路1段口,0,0,3,1,B01,8,3,5,50,14,9,1,5,4,5,7,2,1,1,4,5,1,16,1,52,3,10,1,1,7,6,1,4,1,8,,6,6,1,22,9,121.5646849,25.04106302
111,2,12,20,3,2,07信義區,信義區忠孝東路5段與基隆路1段口,0,0,3,2,C03,8,3,5,50,14,9,1,5,4,5,7,2,1,1,4,5,1,16,2,44,2,8,1,1,7,9,1,10,1,12,,32,6,1,22,9,121.5646849,25.04106302
111,2,12,20,3,2,07信義區,信義區忠孝東路5段與基隆路1段口,0,0,3,3,H02,8,3,5,50,14,9,1,5,4,5,7,2,1,1,4,5,1,16,2,10,2,9,1,5,7,20,8,20,10,16,,67,6,1,22,9,121.5646849,25.04106302
111,2,12,20,3,2,07信義區,信義區忠孝東路5段與基隆路1段口,0,0,3,4,H02,8,3,5,50,14,9,1,5,4,5,7,2,1,1,4,5,1,16,2,8,2,9,1,5,7,20,8,20,10,16,,67,6,1,22,9,121.5646849,25.04106302
111,2,12,20,7,2,01大同區,大同區延平北路4段與迪化街2段191巷口,0,0,2,1,C03,7,3,5,50,3,2,1,5,4,5,7,4,4,4,3,4,2,17,1,41,2,9,1,1,7,7,1,10,1,14,,7,7,1,22,9,121.5108732,25.0692925
111,2,12,20,7,2,01大同區,大同區延平北路4段與迪化街2段191巷口,0,0,2,2,C03,7,3,5,50,3,2,1,5,4,5,7,4,4,4,3,4,2,17,1,21,2,9,1,1,7,9,1,10,1,11,,44,7,1,22,9,121.5108732,25.0692925
111,2,12,20,10,2,06松山區,松山區敦化北路與富錦街口,0,0,1,1,C03,8,1,5,40,3,1,1,5,4,5,7,4,4,9,4,4,2,12,1,31,2,9,1,1,7,9,1,10,1,11,,23,23,1,22,9,121.5505229,25.06048849
111,2,12,20,10,2,06松山區,松山區敦化北路與富錦街口,0,0,1,2,B03,8,1,5,40,3,1,1,5,4,5,7,4,4,9,4,4,2,12,1,23,3,10,1,1,7,6,1,8,1,6,,44,23,1,22,9,121.5505229,25.06048849
111,2,12,20,21,2,01大同區,大同區延平北路3段與民權西路口,0,0,1,1,C03,7,3,5,50,3,2,1,5,4,5,7,1,1,9,4,5,1,12,1,44,3,10,1,1,7,5,1,10,1,14,,43,43,1,22,9,121.5112205,25.0627882
111,2,12,20,21,2,01大同區,大同區延平北路3段與民權西路口,0,0,1,2,C03,7,3,5,50,3,2,1,5,4,5,7,1,1,9,4,5,1,12,2,21,2,9,1,1,7,9,1,10,1,11,,16,43,1,22,9,121.5112205,25.0627882
111,2,12,20,22,2,06松山區,松山區光復北路與健康路口,0,0,1,1,C04,8,3,5,50,4,1,1,5,4,5,7,2,1,9,4,5,2,16,1,21,3,10,1,1,7,5,1,8,2,12,,26,26,1,22,9,121.5565865,25.053654
111,2,12,20,22,2,06松山區,松山區光復北路與健康路口,0,0,1,2,C03,8,3,5,50,4,1,1,5,4,5,7,2,1,9,4,5,2,16,2,50,2,9,1,1,7,9,1,10,2,11,,44,26,1,22,9,121.5565865,25.053654
111,2,12,20,28,2,06松山區,松山區撫遠街與撫遠街379巷口,0,0,1,1,B03,7,3,5,30,4,2,1,5,4,5,7,2,1,1,3,5,2,1,1,33,3,10,1,1,7,5,1,8,2,1,,15,15,1,22,9,121.5657218,25.0643304
111,2,12,20,28,2,06松山區,松山區撫遠街與撫遠街379巷口,0,0,1,2,H01,7,3,5,30,4,2,1,5,4,5,7,2,1,1,3,5,2,1,1,73,2,9,4,5,8,16,8,20,10,16,,67,15,1,22,9,121.5657218,25.0643304
111,2,12,20,42,2,09北投區,北投區天母西路與天母西路101巷口,0,0,2,1,C03,8,3,5,50,14,9,1,5,4,5,7,4,4,9,4,5,2,16,1,29,2,8,1,1,7,5,1,10,1,12,,8,8,1,22,9,121.5238509,25.11867773
111,2,12,20,42,2,09北投區,北投區天母西路與天母西路101巷口,0,0,2,2,C03,8,3,5,50,14,9,1,5,4,5,7,4,4,9,4,5,2,16,1,22,2,7,1,1,7,9,1,10,1,11,,44,8,1,22,9,121.5238509,25.11867773
111,2,12,21,31,2,01大同區,大同區台北橋機車道往西方向上橋處,0,0,2,1,B03,8,3,5,50,14,11,1,5,4,5,7,4,4,1,4,5,2,13,1,37,3,10,3,4,7,8,1,8,1,6,,7,7,1,22,9,121.5108404,25.06309282
111,2,12,21,31,2,01大同區,大同區台北橋機車道往西方向上橋處,0,0,2,2,C03,8,3,5,50,14,11,1,5,4,5,7,4,4,1,4,5,2,13,1,34,2,9,1,1,7,9,1,10,1,11,,44,7,1,22,9,121.5108404,25.06309282
111,2,12,21,31,2,01大同區,大同區台北橋機車道往西方向上橋處,0,0,2,3,H02,8,3,5,50,14,11,1,5,4,5,7,4,4,1,4,5,2,13,2,21,2,8,4,5,7,20,8,20,10,16,,67,7,1,22,9,121.5108404,25.06309282
111,2,12,21,50,2,06松山區,松山區市民大道4段71號,0,0,1,1,B03,8,3,5,40,11,9,1,5,4,5,7,4,4,9,5,5,2,12,1,22,3,10,1,1,7,5,1,8,1,15,,6,6,1,22,9,121.5468372,25.04520288
111,2,12,21,50,2,06松山區,松山區市民大道4段71號,0,0,1,2,B01,8,3,5,40,11,9,1,5,4,5,7,4,4,9,5,5,2,12,1,51,3,10,1,1,7,9,1,8,1,2,,42,6,1,22,9,121.5468372,25.04520288
111,2,12,21,50,2,06松山區,松山區市民大道4段71號,0,0,1,3,C03,8,3,5,40,11,9,1,5,4,5,7,4,4,9,5,5,2,12,1,29,2,9,1,1,7,9,1,10,1,14,,13,6,1,22,9,121.5468372,25.04520288
111,2,12,21,52,2,08士林區,士林區延平北路7段與延平北路6段511巷口,0,0,1,1,C02,8,3,5,50,5,2,1,5,4,5,7,2,1,3,4,5,1,17,1,30,2,9,1,1,7,9,1,9,2,11,,23,23,1,22,9,121.497515,25.09410149
111,2,12,21,52,2,08士林區,士林區延平北路7段與延平北路6段511巷口,0,0,1,2,B03,8,3,5,50,5,2,1,5,4,5,7,2,1,3,4,5,1,17,1,45,3,10,1,1,7,9,1,8,2,7,,44,23,1,22,9,121.497515,25.09410149
111,2,12,21,52,2,08士林區,士林區延平北路7段與延平北路6段511巷口,0,0,1,3,B03,8,3,5,50,5,2,1,5,4,5,7,2,1,3,4,5,1,17,1,38,3,10,1,1,7,7,6,18,9,15,,7,23,1,22,9,121.497515,25.09410149
111,2,12,22,15,2,03中山區,中山區市民大道2段與新生北路1段62巷口,0,0,1,1,B03,7,3,5,50,5,2,1,5,4,5,7,2,1,1,4,1,1,17,2,46,3,10,1,1,7,6,1,8,1,8,,9,9,1,22,9,121.5306917,25.04631445
111,2,12,22,15,2,03中山區,中山區市民大道2段與新生北路1段62巷口,0,0,1,2,G06,7,3,5,50,5,2,1,5,4,5,7,2,1,1,4,1,1,17,2,31,2,8,4,4,7,9,7,19,1,15,,44,9,1,22,9,121.5306917,25.04631445
111,2,12,22,27,2,01大同區,大同區民權西路與重慶北路3段口,0,0,1,1,C03,7,3,5,50,14,9,1,5,4,5,7,1,1,9,4,5,1,17,1,20,2,9,1,1,7,9,1,10,1,15,,42,42,1,22,9,121.5136746,25.0628944
111,2,12,22,27,2,01大同區,大同區民權西路與重慶北路3段口,0,0,1,2,C03,7,3,5,50,14,9,1,5,4,5,7,1,1,9,4,5,1,17,1,22,3,10,1,1,7,14,1,10,1,13,,44,42,1,22,9,121.5136746,25.0628944
111,2,12,22,31,2,06松山區,松山區敦化北路129號,0,0,1,1,A02,8,3,5,40,14,8,1,5,4,5,7,4,4,1,4,4,2,9,1,53,3,10,1,1,7,15,1,2,2,15,,43,43,1,22,9,121.5492008,25.05249131
111,2,12,22,31,2,06松山區,松山區敦化北路129號,0,0,1,2,H02,8,3,5,40,14,8,1,5,4,5,7,4,4,1,4,4,2,9,1,46,2,8,4,5,7,19,8,20,10,16,,67,43,1,22,9,121.5492008,25.05249131
111,2,12,22,40,2,07信義區,信義區虎林街164巷60弄與虎林街164巷口,0,0,1,1,B03,8,3,5,30,4,1,1,5,4,5,7,4,4,9,4,5,2,17,2,29,3,10,1,1,7,5,1,8,2,1,,8,8,1,22,9,121.5744691,25.037837
111,2,12,22,40,2,07信義區,信義區虎林街164巷60弄與虎林街164巷口,0,0,1,2,C03,8,3,5,30,4,1,1,5,4,5,7,4,4,9,4,5,2,17,1,24,2,9,1,1,7,9,1,10,2,11,,44,8,1,22,9,121.5744691,25.037837
111,2,12,23,5,2,03中山區,中山區民權東路2段與吉林路口,0,0,1,2,C03,7,3,5,50,4,1,1,5,4,5,7,1,1,1,4,5,2,27,1,24,2,9,1,1,7,9,1,10,1,11,,44,66,1,22,9,121.5302977,25.0626586
111,2,12,23,5,2,03中山區,中山區民權東路2段與吉林路口,0,0,1,1,,7,3,5,50,4,1,1,5,4,5,7,1,1,1,4,5,2,27,3,,,,,,,,,,,,,66,66,1,,,121.5302977,25.0626586
111,2,12,23,37,2,01大同區,大同區環河北路1段與貴德街46巷口,0,0,1,1,B03,7,3,5,50,3,2,1,5,4,5,7,4,4,8,3,5,2,17,1,36,3,10,1,1,7,9,1,8,1,6,,44,44,1,22,9,121.5078868,25.05517863
111,2,12,23,37,2,01大同區,大同區環河北路1段與貴德街46巷口,0,0,1,2,C03,7,3,5,50,3,2,1,5,4,5,7,4,4,8,3,5,2,17,1,20,2,9,1,1,7,9,1,10,1,12,,23,44,1,22,9,121.5078868,25.05517863
111,2,12,23,37,2,01大同區,大同區環河北路1段與貴德街46巷口,0,0,1,3,B03,7,3,5,50,3,2,1,5,4,5,7,4,4,8,3,5,2,17,1,43,3,10,1,1,7,13,1,8,1,4,,44,44,1,22,9,121.5078868,25.05517863
111,2,12,23,37,2,01大同區,大同區環河北路1段與貴德街46巷口,0,0,1,4,B03,7,3,5,50,3,2,1,5,4,5,7,4,4,8,3,5,2,17,1,40,3,10,1,1,7,9,1,8,1,5,,44,44,1,22,9,121.5078868,25.05517863
111,2,12,23,37,2,01大同區,大同區環河北路1段與貴德街46巷口,0,0,1,5,C03,7,3,5,50,3,2,1,5,4,5,7,4,4,8,3,5,2,17,1,18,3,10,1,1,7,9,1,10,1,11,,16,44,1,22,9,121.5078868,25.05517863
111,2,13,0,22,2,07信義區,信義區忠孝東路4段與光復南路口,0,0,1,1,C03,8,3,5,50,4,2,1,5,4,1,7,2,1,9,4,5,2,17,1,22,2,9,1,1,7,1,1,10,2,11,,19,19,1,22,9,121.5577938,25.04127933
111,2,13,0,22,2,07信義區,信義區忠孝東路4段與光復南路口,0,0,1,2,B01,8,3,5,50,4,2,1,5,4,1,7,2,1,9,4,5,2,17,1,48,3,10,1,1,7,5,1,4,2,4,,44,19,1,22,9,121.5577938,25.04127933
111,2,13,3,45,2,03中山區,中山區中山北路2段與民生西路口,0,0,1,1,B02,7,3,5,50,4,1,1,5,4,5,7,2,1,1,4,5,2,16,1,74,3,10,3,4,7,5,1,8,2,6,,6,6,1,22,9,121.5227352,25.05789692
111,2,13,3,45,2,03中山區,中山區中山北路2段與民生西路口,0,0,1,2,C03,7,3,5,50,4,1,1,5,4,5,7,2,1,1,4,5,2,16,1,29,2,9,3,4,7,9,1,10,2,11,,44,6,1,22,9,121.5227352,25.05789692
111,2,13,5,15,2,05中正區,中正區泉州街與汀州路1段口,0,0,1,1,B12,8,1,5,50,4,1,1,5,4,5,7,1,1,5,4,5,2,17,1,49,3,10,1,1,7,5,1,8,2,15,,8,8,1,22,9,121.5139434,25.0262452
111,2,13,5,15,2,05中正區,中正區泉州街與汀州路1段口,0,0,1,2,C03,8,1,5,50,4,1,1,5,4,5,7,1,1,5,4,5,2,17,1,42,2,9,1,1,7,9,1,10,2,15,,13,8,1,22,9,121.5139434,25.0262452
111,2,13,6,17,2,08士林區,士林區復興橋與至誠路1段口便道,0,0,1,1,B03,8,2,5,50,3,1,1,5,4,5,7,1,1,4,4,5,2,16,1,46,4,11,3,4,7,15,7,19,11,15,,25,25,2,22,9,121.5373283,25.10055187
111,2,13,6,17,2,08士林區,士林區復興橋與至誠路1段口便道,0,0,1,2,C03,8,2,5,50,3,1,1,5,4,5,7,1,1,4,4,5,2,16,1,63,2,9,1,1,7,6,1,10,11,14,,9,25,1,22,9,121.5373283,25.10055187
111,2,13,6,57,2,09北投區,北投區大度路3段與聖景路口,0,0,1,1,B03,7,1,5,50,4,2,1,5,4,5,7,1,1,1,4,5,2,16,1,27,3,10,3,4,7,8,1,8,1,2,,7,7,1,22,9,121.4640728,25.12384008
111,2,13,6,57,2,09北投區,北投區大度路3段與聖景路口,0,0,1,2,C03,7,1,5,50,4,2,1,5,4,5,7,1,1,1,4,5,2,16,1,45,2,9,1,4,7,9,1,9,1,14,,13,7,1,22,9,121.4640728,25.12384008
111,2,13,7,9,2,10文山區,文山區興德路與興德路62巷口,0,0,1,1,C03,7,1,5,30,4,2,1,5,4,5,7,4,4,10,5,5,2,11,1,72,2,8,1,1,7,12,1,10,1,12,,42,42,1,22,9,121.5568689,25.00205049
111,2,13,7,9,2,10文山區,文山區興德路與興德路62巷口,0,0,1,2,B12,7,1,5,30,4,2,1,5,4,5,7,4,4,10,5,5,2,11,2,30,3,10,1,1,7,14,1,8,1,5,,44,42,1,22,9,121.5568689,25.00205049
111,2,13,8,0,2,02萬華區,萬華區青年路與青年路68巷口,0,0,1,1,C03,8,1,5,50,3,1,1,5,4,5,7,2,1,9,4,5,2,17,1,52,2,8,1,1,7,15,1,9,2,11,,25,25,1,22,9,121.5026615,25.02357051
111,2,13,8,0,2,02萬華區,萬華區青年路與青年路68巷口,0,0,1,2,B03,8,1,5,50,3,1,1,5,4,5,7,2,1,9,4,5,2,17,1,42,3,10,1,1,7,5,1,8,2,4,,44,25,1,22,9,121.5026615,25.02357051
111,2,13,9,40,2,01大同區,大同區南京西路與民樂街口,0,0,1,1,C03,8,1,5,50,3,1,1,5,4,5,7,3,1,4,4,5,2,16,2,55,2,9,3,4,7,5,1,10,1,12,,6,6,1,22,9,121.5110839,25.05383842
111,2,13,9,40,2,01大同區,大同區南京西路與民樂街口,0,0,1,2,B03,8,1,5,50,3,1,1,5,4,5,7,3,1,4,4,5,2,16,2,63,3,10,3,4,7,9,1,8,1,8,,14,6,1,22,9,121.5110839,25.05383842
111,2,13,9,50,2,10文山區,文山區景華街176巷與景華街176巷25弄口口,0,0,2,1,C03,7,1,5,30,4,1,1,5,4,5,7,4,4,10,5,5,2,17,1,52,3,10,1,1,7,9,1,10,1,15,,4,4,1,22,9,121.5494601,24.99692757
111,2,13,9,50,2,10文山區,文山區景華街176巷與景華街176巷25弄口口,0,0,2,2,C03,7,1,5,30,4,1,1,5,4,5,7,4,4,10,5,5,2,17,1,47,2,8,1,1,7,9,1,10,1,14,,44,4,1,22,9,121.5494601,24.99692757
111,2,13,9,50,2,10文山區,文山區景華街176巷與景華街176巷25弄口口,0,0,2,3,H02,7,1,5,30,4,1,1,5,4,5,7,4,4,10,5,5,2,17,2,81,2,9,1,5,7,21,8,20,10,16,,67,4,1,22,9,121.5494601,24.99692757
111,2,13,10,10,2,04大安區,大安區和平東路3段與四維路口,0,0,1,1,B03,7,1,5,50,3,2,1,5,4,5,7,4,4,1,5,5,2,16,1,45,3,10,1,1,7,6,1,8,1,2,,9,9,1,22,9,121.5478328,25.0246989
111,2,13,10,10,2,04大安區,大安區和平東路3段與四維路口,0,0,1,2,C03,7,1,5,50,3,2,1,5,4,5,7,4,4,1,5,5,2,16,2,63,2,9,1,1,7,9,1,10,1,11,,44,9,1,22,9,121.5478328,25.0246989
111,2,13,10,10,2,04大安區,大安區和平東路3段與四維路口,0,0,1,3,B03,7,1,5,50,3,2,1,5,4,5,7,4,4,1,5,5,2,16,1,51,4,11,3,4,7,15,7,19,11,15,,38,9,2,22,9,121.5478328,25.0246989
111,2,13,10,11,2,09北投區,北投區大度路3段250號環保局旁邊,0,0,1,1,C03,8,1,5,50,14,9,1,5,4,5,7,4,4,9,4,5,1,12,1,83,2,7,1,1,7,10,3,18,1,14,,7,7,1,22,9,121.46711,25.12338292
111,2,13,10,11,2,09北投區,北投區大度路3段250號環保局旁邊,0,0,1,2,B03,8,1,5,50,14,9,1,5,4,5,7,4,4,9,4,5,1,12,2,69,3,10,1,1,7,9,3,18,1,2,,44,7,1,22,9,121.46711,25.12338292
111,2,13,11,17,2,03中山區,中山區中山北路2段45巷,0,0,1,1,B01,8,1,5,30,14,9,1,5,4,5,7,4,4,10,4,5,1,17,1,63,3,10,1,1,7,5,1,4,1,8,,8,8,1,22,9,121.5231603,25.0545596
111,2,13,11,17,2,03中山區,中山區中山北路2段45巷,0,0,1,2,C03,8,1,5,30,14,9,1,5,4,5,7,4,4,10,4,5,1,17,1,26,2,9,1,1,7,9,1,10,1,12,,13,8,1,22,9,121.5231603,25.0545596
111,2,13,12,8,2,05中正區,中正區中山南路與青島西路口,0,0,2,1,F01,8,1,5,0,4,2,1,5,4,5,7,2,1,9,4,4,1,15,2,39,2,8,1,1,7,9,8,20,1,16,,25,25,1,21,5,121.519416,25.04457538
111,2,13,12,8,2,05中正區,中正區中山南路與青島西路口,0,0,2,2,C03,8,1,5,0,4,2,1,5,4,5,7,2,1,9,4,4,1,15,1,19,2,9,1,1,7,9,1,10,1,11,,13,25,1,21,1,121.519416,25.04457538
111,2,13,12,36,2,12內湖區,內湖區東湖路160巷與汐湖二橋口,0,0,1,1,C03,7,1,5,40,3,2,1,5,4,5,7,1,1,5,4,5,1,12,2,64,2,8,1,1,7,7,1,10,2,14,,7,7,1,22,9,121.6172354,25.06652364
111,2,13,12,36,2,12內湖區,內湖區東湖路160巷與汐湖二橋口,0,0,1,2,B03,7,1,5,40,3,2,1,5,4,5,7,1,1,5,4,5,1,12,1,40,3,10,1,1,7,5,1,8,2,5,,44,7,1,22,9,121.6172354,25.06652364
111,2,13,12,50,2,10文山區,文山區興隆路2段203巷與興隆路2段203巷口,0,0,1,1,B12,7,1,5,30,4,1,1,5,4,5,7,1,1,5,5,5,2,16,1,50,3,10,1,1,7,5,1,8,2,8,,6,6,1,22,9,121.5478762,25.00316054