發生年度,發生月,發生日,發生時-Hours,發生分,處理別-編號,區序,肇事地點,死亡人數,2-30日死亡人數,受傷人數,當事人序號,車種,天候,光線,道路類別,速限-速度限制,道路型態,事故位置,路面狀況1,路面狀況2,路面狀況3,道路障礙1,道路障礙2,號誌1,號誌2,車道劃分-分向,車道劃分-分道1,車道劃分-分道2,車道劃分-分道3,事故類型及型態,性別,年齡,受傷程度,主要傷處,安全帽,行動電話,車輛用途,當事者行動狀態,駕駛資格情形,駕駛執照種類,飲酒情形,車輛撞擊部位1,車輛撞擊部位2,肇因碼-個別,肇因碼-主要,個人肇逃否,職業,旅次目的,座標-X,座標-Y
111,2,13,12,50,2,10文山區,文山區興隆路2段203巷與興隆路2段203巷口,0,0,1,2,C03,7,1,5,30,4,1,1,5,4,5,7,1,1,5,5,5,2,16,2,24,2,8,1,1,7,9,1,10,2,11,,23,6,1,22,9,121.5478762,25.00316054
111,2,13,13,12,2,12內湖區,內湖區康寧路3段與東湖路口,0,0,1,1,C01,7,1,5,50,3,4,1,5,4,5,7,1,1,1,4,4,2,13,1,25,3,10,1,1,7,9,1,9,1,11,,16,16,1,22,9,121.6120398,25.0688609
111,2,13,13,12,2,12內湖區,內湖區康寧路3段與東湖路口,0,0,1,2,C03,7,1,5,50,3,4,1,5,4,5,7,1,1,1,4,4,2,13,1,34,2,8,1,1,7,14,1,10,1,13,,44,16,1,22,9,121.6120398,25.0688609
111,2,13,13,23,2,01大同區,大同區重慶北路3段179號,0,0,1,1,C03,6,1,8,0,15,20,1,4,4,5,7,4,4,10,5,5,2,9,1,26,4,11,3,4,7,15,7,19,11,15,,42,42,2,22,9,121.513993,25.0691459
111,2,13,13,23,2,01大同區,大同區重慶北路3段179號,0,0,1,2,H01,6,1,8,0,15,20,1,4,4,5,7,4,4,10,5,5,2,9,1,6,2,8,4,5,8,16,8,20,10,16,,67,42,1,22,9,121.513993,25.0691459
111,2,13,13,25,2,03中山區,中山區民族東路與德惠街167巷口,0,0,1,1,C03,8,1,5,50,3,1,1,5,4,3,5,4,4,3,4,5,2,16,1,21,3,10,1,1,7,6,1,10,1,12,,9,9,1,22,9,121.5318146,25.06821618
111,2,13,13,25,2,03中山區,中山區民族東路與德惠街167巷口,0,0,1,2,G06,8,1,5,50,3,1,1,5,4,3,5,4,4,3,4,5,2,16,2,60,2,9,1,1,7,9,7,19,1,15,,44,9,1,22,9,121.5318146,25.06821618
111,2,13,13,30,2,03中山區,中山區林森北路與農安街口,0,0,1,1,C03,8,1,5,50,4,1,1,5,4,5,7,1,1,5,4,5,1,15,2,30,2,8,1,1,7,9,1,10,1,12,,25,25,1,22,9,121.525858,25.0650542
111,2,13,13,30,2,03中山區,中山區林森北路與農安街口,0,0,1,2,C03,8,1,5,50,4,1,1,5,4,5,7,1,1,5,4,5,1,15,1,21,3,10,1,1,7,9,1,10,1,11,,44,25,1,22,9,121.525858,25.0650542
111,2,13,13,49,2,04大安區,大安區濟南路3段17號,0,0,1,1,B01,8,1,5,50,14,9,1,5,4,5,7,4,4,5,5,5,2,17,1,61,3,10,3,4,7,11,1,4,1,8,,10,10,1,22,9,121.5344646,25.04018607
111,2,13,13,49,2,04大安區,大安區濟南路3段17號,0,0,1,2,C03,8,1,5,50,14,9,1,5,4,5,7,4,4,5,5,5,2,17,1,26,2,8,3,4,7,9,1,10,1,11,,44,10,1,22,9,121.5344646,25.04018607
111,2,13,14,25,2,07信義區,信義區市民大道5段與東興路口,0,0,3,1,C03,7,1,5,50,4,1,1,4,4,5,7,2,1,10,5,5,2,17,1,20,3,10,1,1,7,5,1,10,1,14,,26,26,1,22,9,121.5658036,25.0483737
111,2,13,14,25,2,07信義區,信義區市民大道5段與東興路口,0,0,3,2,C02,7,1,5,50,4,1,1,4,4,5,7,2,1,10,5,5,2,17,1,53,2,9,1,1,7,9,1,9,1,11,,42,26,1,22,9,121.5658036,25.0483737
111,2,13,14,25,2,07信義區,信義區市民大道5段與東興路口,0,0,3,3,H02,7,1,5,50,4,1,1,4,4,5,7,2,1,10,5,5,2,17,2,21,2,9,4,5,7,21,8,20,10,16,,67,26,1,22,9,121.5658036,25.0483737
111,2,13,14,25,2,07信義區,信義區市民大道5段與東興路口,0,0,3,4,H02,7,1,5,50,4,1,1,4,4,5,7,2,1,10,5,5,2,17,2,53,2,9,4,5,7,21,8,20,10,16,,67,26,1,22,9,121.5658036,25.0483737
111,2,13,14,51,2,02萬華區,萬華區西園路2段257號,0,0,1,1,C03,8,1,5,50,14,9,1,5,4,5,7,4,4,1,4,5,2,12,2,48,2,8,1,1,7,8,1,10,2,13,,7,7,1,22,9,121.4926631,25.02590906
111,2,13,14,51,2,02萬華區,萬華區西園路2段257號,0,0,1,2,B03,8,1,5,50,14,9,1,5,4,5,7,4,4,1,4,5,2,12,1,31,3,10,1,1,7,7,1,8,2,1,,7,7,1,22,9,121.4926631,25.02590906
111,2,13,14,54,2,08士林區,士林區通河西街1段與無名巷口,0,0,1,1,B12,7,1,5,40,3,1,1,5,4,5,7,1,1,9,5,5,1,16,1,68,3,10,1,1,7,5,1,8,1,5,,8,8,1,21,8,121.5132708,25.08213505
111,2,13,14,54,2,08士林區,士林區通河西街1段與無名巷口,0,0,1,2,C03,7,1,5,40,3,1,1,5,4,5,7,1,1,9,5,5,1,16,1,45,2,9,1,1,7,9,1,10,1,11,,44,8,1,21,8,121.5132708,25.08213505
111,2,13,14,57,2,05中正區,中正區中山南路與貴陽街1段口,0,0,1,1,C03,7,1,5,50,3,2,1,5,4,5,7,1,1,5,4,5,2,18,1,72,2,9,1,1,7,9,1,10,2,12,,43,43,1,22,9,121.5170936,25.03811602
111,2,13,14,57,2,05中正區,中正區中山南路與貴陽街1段口,0,0,1,2,,7,1,5,50,3,2,1,5,4,5,7,1,1,5,4,5,2,18,3,,,,,,,,,,,,,67,43,1,,,121.5170936,25.03811602
111,2,13,15,12,2,07信義區,信義區市民大道6段與虎林街口,0,0,2,1,B03,7,1,5,50,4,1,1,5,4,5,7,1,1,1,4,5,2,16,1,29,2,8,1,1,7,9,1,8,2,5,,25,25,1,22,9,121.5760079,25.0491756
111,2,13,15,12,2,07信義區,信義區市民大道6段與虎林街口,0,0,2,2,B03,7,1,5,50,4,1,1,5,4,5,7,1,1,1,4,5,2,16,1,43,2,1,1,1,7,9,1,8,2,8,,13,25,1,22,9,121.5760079,25.0491756
111,2,13,15,36,2,03中山區,中山區錦州街與民生東路3段9巷口,0,0,2,1,C03,8,1,5,50,4,1,1,5,4,5,7,4,4,9,4,5,2,12,1,47,2,7,1,4,7,9,1,10,1,11,,16,16,1,22,9,121.5377308,25.0601549
111,2,13,15,36,2,03中山區,中山區錦州街與民生東路3段9巷口,0,0,2,2,C03,8,1,5,50,4,1,1,5,4,5,7,4,4,9,4,5,2,12,1,33,2,7,1,4,7,9,1,10,1,13,,44,16,1,22,9,121.5377308,25.0601549
111,2,13,15,36,2,03中山區,中山區錦州街與民生東路3段9巷口,0,0,2,3,B03,8,1,5,50,4,1,1,5,4,5,7,4,4,9,4,5,2,12,2,42,3,10,1,4,7,5,1,8,1,4,,44,16,1,22,9,121.5377308,25.0601549
111,2,13,15,44,2,04大安區,大安區復興南路1段與大安路1段116巷口,0,0,1,1,B03,7,1,5,50,4,1,1,5,4,5,7,2,1,1,4,5,2,17,2,63,3,10,3,4,7,5,1,8,1,1,,6,6,1,22,9,121.5438497,25.03979789
111,2,13,15,44,2,04大安區,大安區復興南路1段與大安路1段116巷口,0,0,1,2,C03,7,1,5,50,4,1,1,5,4,5,7,2,1,1,4,5,2,17,1,52,2,8,3,4,7,9,1,10,1,11,,13,6,1,22,9,121.5438497,25.03979789
111,2,13,15,52,2,05中正區,中正區中山南路與信義路1段口,0,0,2,1,C03,7,1,5,50,15,9,1,5,4,5,7,1,1,1,1,1,2,3,1,18,2,9,1,1,7,9,1,10,2,11,,43,43,1,22,9,121.5178205,25.03849552
111,2,13,15,52,2,05中正區,中正區中山南路與信義路1段口,0,0,2,2,H01,7,1,5,50,15,9,1,5,4,5,7,1,1,1,1,1,2,3,1,18,2,9,4,5,8,18,8,20,10,16,,67,43,1,22,9,121.5178205,25.03849552
111,2,13,16,11,2,02萬華區,萬華區萬大路與萬大路329巷口,0,0,1,1,B12,7,1,5,30,4,1,1,4,4,5,7,1,1,1,5,5,2,17,1,46,3,10,1,1,7,5,1,8,2,6,,6,6,1,22,9,121.5002811,25.02417805
111,2,13,16,11,2,02萬華區,萬華區萬大路與萬大路329巷口,0,0,1,2,C03,7,1,5,30,4,1,1,4,4,5,7,1,1,1,5,5,2,17,2,23,2,9,1,1,7,9,1,10,2,11,,44,6,1,22,9,121.5002811,25.02417805
111,2,13,16,15,2,09北投區,(大業路65巷18號),0,0,1,1,B03,8,1,5,50,4,1,1,5,4,5,7,1,1,9,4,5,2,16,1,36,3,10,1,1,7,6,1,8,2,2,,9,9,1,22,9,121.498955,25.1232112
111,2,13,16,15,2,09北投區,(大業路65巷18號),0,0,1,2,C03,8,1,5,50,4,1,1,5,4,5,7,1,1,9,4,5,2,16,1,46,2,9,1,1,7,9,1,10,2,14,,44,9,1,22,9,121.498955,25.1232112
111,2,13,16,40,2,10文山區,文山區木新路3段與木新路3段183巷口,0,0,2,1,C03,6,1,5,50,3,1,1,4,4,5,7,4,4,4,4,5,2,16,1,66,2,9,1,1,7,5,1,10,2,12,,6,6,1,22,9,121.560304,24.98153425
111,2,13,16,40,2,10文山區,文山區木新路3段與木新路3段183巷口,0,0,2,2,C03,6,1,5,50,3,1,1,4,4,5,7,4,4,4,4,5,2,16,1,55,2,9,1,1,7,9,4,10,2,11,,14,6,1,22,9,121.560304,24.98153425
111,2,13,17,20,2,09北投區,北投區中央北路4段30巷與學園路口,0,0,1,1,C04,6,2,5,30,3,1,1,4,4,5,7,4,4,10,5,5,2,18,2,43,2,9,3,4,7,4,1,10,1,12,,44,44,1,22,9,121.465976,25.1266012
111,2,13,17,20,2,09北投區,北投區中央北路4段30巷與學園路口,0,0,1,2,,6,2,5,30,3,1,1,4,4,5,7,4,4,10,5,5,2,18,3,,,,,,,,,,,,,67,44,1,,,121.465976,25.1266012
111,2,13,17,30,2,08士林區,士林區中山北路6段195巷與克強路15巷口,0,0,2,1,C03,6,3,5,30,4,1,1,4,4,5,7,4,4,10,5,5,1,16,1,47,2,8,1,1,7,9,3,18,2,11,,4,4,1,22,9,121.5243362,25.107794
111,2,13,17,30,2,08士林區,士林區中山北路6段195巷與克強路15巷口,0,0,2,2,C03,6,3,5,30,4,1,1,4,4,5,7,4,4,10,5,5,1,16,1,25,2,9,1,1,7,9,1,10,2,12,,44,4,1,22,9,121.5243362,25.107794
111,2,13,18,34,2,04大安區,大安區大安路1段61號,0,0,1,1,C03,6,3,5,40,14,9,1,4,4,5,7,4,4,10,5,5,1,12,1,21,3,10,1,1,7,1,1,10,2,11,,23,23,1,22,9,121.5462037,25.04277968
111,2,13,18,34,2,04大安區,大安區大安路1段61號,0,0,1,2,C03,6,3,5,40,14,9,1,4,4,5,7,4,4,10,5,5,1,12,1,35,3,10,1,1,7,13,1,10,2,14,,44,23,1,22,9,121.5462037,25.04277968
111,2,13,18,34,2,04大安區,大安區大安路1段61號,0,0,1,3,H02,6,3,5,40,14,9,1,4,4,5,7,4,4,10,5,5,1,12,2,24,2,8,1,5,7,17,8,20,10,16,,67,23,1,22,9,121.5462037,25.04277968
111,2,13,18,53,2,10文山區,文山區興隆路3段54號,0,0,2,1,C03,6,3,5,50,14,9,1,4,4,5,7,2,1,1,4,5,2,17,1,24,2,9,1,1,7,9,1,10,2,11,,23,23,1,22,9,121.5560031,25.00018102
111,2,13,18,53,2,10文山區,文山區興隆路3段54號,0,0,2,2,C03,6,3,5,50,14,9,1,4,4,5,7,2,1,1,4,5,2,17,2,29,2,9,1,1,7,15,1,10,2,15,,42,23,1,22,9,121.5560031,25.00018102
111,2,13,19,20,2,05中正區,中正區和平西路1段與南昌路2段口,0,0,1,1,B03,6,3,5,50,5,1,1,4,4,5,7,1,1,3,1,5,2,11,1,32,3,10,1,1,7,5,1,8,2,15,,8,8,1,22,9,121.5211563,25.02689489
111,2,13,19,20,2,05中正區,中正區和平西路1段與南昌路2段口,0,0,1,2,C03,6,3,5,50,5,1,1,4,4,5,7,1,1,3,1,5,2,11,1,27,2,9,1,1,7,9,1,10,2,12,,42,8,1,22,9,121.5211563,25.02689489
111,2,13,19,50,2,09北投區,北投區致遠二路與西安街2段口,0,0,1,1,B03,6,3,5,50,5,2,1,4,4,5,7,1,1,5,4,5,2,2,1,43,3,10,1,1,7,5,1,8,1,8,,43,43,1,22,9,121.513194,25.11743193
111,2,13,19,50,2,09北投區,北投區致遠二路與西安街2段口,0,0,1,2,H01,6,3,5,50,5,2,1,4,4,5,7,1,1,5,4,5,2,2,2,57,2,8,4,5,8,16,8,20,10,16,,67,43,1,22,9,121.513194,25.11743193
111,2,13,20,22,2,10文山區,文山區萬慶街與景福街口口,0,0,2,1,C03,6,3,5,50,5,1,1,4,4,5,7,4,4,10,5,5,2,16,1,69,2,9,1,1,7,6,1,10,1,14,,26,26,1,22,9,121.5357737,24.99609789
111,2,13,20,22,2,10文山區,文山區萬慶街與景福街口口,0,0,2,2,C03,6,3,5,50,5,1,1,4,4,5,7,4,4,10,5,5,2,16,1,37,2,9,1,1,7,9,1,10,1,11,,13,26,1,22,9,121.5357737,24.99609789
111,2,13,20,28,2,09北投區,北投區中央北路2段與大業路口口,0,0,1,1,C03,7,3,5,50,4,1,1,5,4,5,7,2,1,4,2,5,2,15,1,68,2,9,1,1,7,9,1,10,2,11,,25,25,1,22,9,121.4972274,25.13603186
111,2,13,20,28,2,09北投區,北投區中央北路2段與大業路口口,0,0,1,2,B03,7,3,5,50,4,1,1,5,4,5,7,2,1,4,2,5,2,15,1,29,3,10,1,1,7,9,1,8,2,4,,44,25,1,22,9,121.4972274,25.13603186
111,2,13,20,40,2,06松山區,松山區南京東路5段307號,0,0,1,1,C03,6,3,5,50,14,20,1,4,4,5,7,4,4,10,5,5,2,9,2,33,3,10,1,1,7,9,1,10,1,14,,23,23,1,22,9,121.5666345,25.05141561
111,2,13,20,40,2,06松山區,松山區南京東路5段307號,0,0,1,2,H01,6,3,5,50,14,20,1,4,4,5,7,4,4,10,5,5,2,9,2,52,2,9,4,5,8,16,8,20,10,16,,67,23,1,22,9,121.5666345,25.05141561
111,2,13,20,48,2,02萬華區,萬華區西園路2段與西園路2段372巷口,0,0,1,1,B12,6,3,5,50,4,1,1,4,4,5,7,3,1,10,5,5,2,17,1,44,3,10,1,4,7,9,1,8,1,15,,6,6,1,22,9,121.4914248,25.0250822
111,2,13,20,48,2,02萬華區,萬華區西園路2段與西園路2段372巷口,0,0,1,2,C03,6,3,5,50,4,1,1,4,4,5,7,3,1,10,5,5,2,17,2,51,2,9,1,4,7,9,4,8,1,15,,44,6,1,22,9,121.4914248,25.0250822
111,2,13,21,15,2,03中山區,中山區民權東路2段150號,0,0,1,1,C03,6,3,5,50,14,9,1,4,4,5,7,4,4,8,3,5,2,13,2,20,2,9,3,4,7,9,1,10,1,11,,16,16,1,22,9,121.5346795,25.06236923
111,2,13,21,15,2,03中山區,中山區民權東路2段150號,0,0,1,2,C03,6,3,5,50,14,9,1,4,4,5,7,4,4,8,3,5,2,13,1,25,3,10,3,4,7,12,1,10,1,13,,44,16,1,22,9,121.5346795,25.06236923
111,2,13,21,22,2,03中山區,中山區民權東路2段67號,0,0,1,1,C03,6,3,5,50,14,9,1,4,4,5,7,4,4,1,4,5,2,17,2,37,2,9,1,1,7,9,1,10,1,14,,44,44,1,22,9,121.5312164,25.06260342
111,2,13,21,22,2,03中山區,中山區民權東路2段67號,0,0,1,2,C03,6,3,5,50,14,9,1,4,4,5,7,4,4,1,4,5,2,17,1,24,3,10,1,1,7,10,1,10,1,15,,7,44,1,22,9,121.5312164,25.06260342
111,2,13,21,22,2,03中山區,中山區民權東路2段67號,0,0,1,3,B03,6,3,5,50,14,9,1,4,4,5,7,4,4,1,4,5,2,17,1,30,3,10,1,1,7,15,1,8,1,15,,44,44,1,22,9,121.5312164,25.06260342
111,2,13,21,30,2,08士林區,士林區中正路612號,0,0,1,1,C03,6,3,5,50,14,9,1,4,4,5,7,4,4,9,4,5,2,16,1,45,3,10,1,1,7,5,1,10,1,13,,8,8,1,22,9,121.5095095,25.08694171
111,2,13,21,30,2,08士林區,士林區中正路612號,0,0,1,2,C03,6,3,5,50,14,9,1,4,4,5,7,4,4,9,4,5,2,16,1,23,2,9,1,1,7,9,1,10,1,11,,13,8,1,22,9,121.5095095,25.08694171
111,2,13,21,34,2,08士林區,士林區忠誠路2段與天母東路口,0,0,1,1,B01,6,3,5,50,4,2,1,4,4,5,7,2,1,1,4,4,1,17,1,26,3,10,1,1,7,5,1,4,1,5,,8,8,1,21,8,121.5345556,25.11799511
111,2,13,21,34,2,08士林區,士林區忠誠路2段與天母東路口,0,0,1,2,C03,6,3,5,50,4,2,1,4,4,5,7,2,1,1,4,4,1,17,2,58,2,9,1,1,7,6,1,10,1,14,,44,8,1,21,8,121.5345556,25.11799511
111,2,13,21,49,2,02萬華區,萬華區中華路2段416巷與西藏路125巷口,0,0,3,1,C03,6,3,5,0,4,1,1,4,4,5,7,1,3,8,1,5,2,3,1,63,2,8,1,1,7,5,1,10,1,14,,15,15,1,22,9,121.5031631,25.02675994
111,2,13,21,49,2,02萬華區,萬華區中華路2段416巷與西藏路125巷口,0,0,3,2,H01,6,3,5,0,4,1,1,4,4,5,7,1,3,8,1,5,2,3,1,72,2,8,4,5,8,16,8,20,10,16,,67,15,1,22,9,121.5031631,25.02675994
111,2,13,21,49,2,02萬華區,萬華區中華路2段416巷與西藏路125巷口,0,0,3,3,H01,6,3,5,0,4,1,1,4,4,5,7,1,3,8,1,5,2,3,2,69,2,8,4,5,8,16,8,20,10,16,,67,15,1,22,9,121.5031631,25.02675994
111,2,13,22,0,2,03中山區,中山區北安路與北安路458巷41弄口,0,0,1,1,B03,6,3,5,50,4,1,1,4,4,5,1,2,1,1,4,5,2,16,1,28,3,10,3,4,7,5,1,8,1,5,,25,25,1,22,9,121.5471123,25.07984541
111,2,13,22,0,2,03中山區,中山區北安路與北安路458巷41弄口,0,0,1,2,C03,6,3,5,50,4,1,1,4,4,5,1,2,1,1,4,5,2,16,1,22,2,9,3,4,7,9,1,10,1,11,,44,25,1,22,9,121.5471123,25.07984541
111,2,13,22,0,2,06松山區,松山區民生東路5段69巷5號,0,0,2,1,F01,6,3,5,50,14,9,1,4,4,5,7,4,4,9,5,5,2,10,2,67,2,9,1,1,7,9,8,20,1,16,,26,26,1,22,9,121.5582301,25.05914332
111,2,13,22,0,2,06松山區,松山區民生東路5段69巷5號,0,0,2,2,C03,6,3,5,50,14,9,1,4,4,5,7,4,4,9,5,5,2,10,1,31,2,9,1,1,7,1,1,10,1,11,,44,26,1,22,9,121.5582301,25.05914332
111,2,13,22,0,2,06松山區,松山區民生東路5段69巷5號,0,0,2,3,C03,6,3,5,50,14,9,1,4,4,5,7,4,4,9,5,5,2,10,1,69,3,10,3,1,7,13,1,10,11,12,,44,26,1,22,9,121.5582301,25.05914332
111,2,13,22,0,2,06松山區,松山區民生東路5段69巷5號,0,0,2,4,C03,6,3,5,50,14,9,1,4,4,5,7,4,4,9,5,5,2,10,1,20,3,10,3,4,7,15,1,10,11,12,,44,26,1,22,9,121.5582301,25.05914332
111,2,13,22,15,2,06松山區,松山區市民大道4段與八德路3段12巷57弄口,0,0,1,1,B02,6,3,5,30,3,2,1,4,4,5,5,4,4,1,4,5,2,17,1,38,3,10,1,1,7,6,1,8,2,15,,6,6,1,22,9,121.5520067,25.04463841
111,2,13,22,15,2,06松山區,松山區市民大道4段與八德路3段12巷57弄口,0,0,1,2,C03,6,3,5,30,3,2,1,4,4,5,5,4,4,1,4,5,2,17,2,33,2,9,1,1,7,9,1,10,2,14,,42,6,1,22,9,121.5520067,25.04463841
111,2,13,22,15,2,06松山區,松山區市民大道4段與八德路3段12巷57弄口,0,0,1,3,B01,6,3,5,30,3,2,1,4,4,5,5,4,4,1,4,5,2,17,1,49,3,10,1,1,7,14,1,4,11,15,,38,6,1,22,9,121.5520067,25.04463841
111,2,13,22,20,2,03中山區,中山區北安路與大直橋口,0,0,1,2,C03,6,3,5,50,4,1,1,4,4,5,7,1,1,10,2,5,2,12,1,55,2,9,1,4,7,5,1,9,2,14,,8,44,1,22,9,121.5445964,25.07974789
111,2,13,22,20,2,03中山區,中山區北安路與大直橋口,0,0,1,1,B03,6,3,5,50,4,1,1,4,4,5,7,1,1,10,2,5,2,12,1,52,3,10,1,4,7,5,1,8,2,8,,44,44,1,22,9,121.5445964,25.07974789
111,2,13,23,38,2,07信義區,信義區富陽街與富陽街71巷口,0,0,2,1,C03,6,3,5,50,4,2,1,4,4,5,7,4,4,9,3,5,2,2,1,31,2,9,1,1,7,9,1,10,1,11,,23,23,1,22,9,121.5564822,25.02166619
111,2,13,23,38,2,07信義區,信義區富陽街與富陽街71巷口,0,0,2,2,H01,6,3,5,50,4,2,1,4,4,5,7,4,4,9,3,5,2,2,1,35,2,1,4,5,8,16,8,20,10,16,,67,23,1,22,9,121.5564822,25.02166619
111,2,13,23,55,2,12內湖區,內湖區民權東路6段與民權東路6段180巷口,0,0,3,1,B01,6,3,5,50,4,1,1,4,4,5,7,1,1,1,4,5,2,16,1,57,2,3,1,1,7,5,1,4,2,1,,25,25,1,22,9,121.5928106,25.0688291
111,2,13,23,55,2,12內湖區,內湖區民權東路6段與民權東路6段180巷口,0,0,3,2,B03,6,3,5,50,4,1,1,4,4,5,7,1,1,1,4,5,2,16,1,63,2,2,1,1,7,9,1,8,2,8,,44,25,1,22,9,121.5928106,25.0688291
111,2,13,23,55,2,12內湖區,內湖區民權東路6段與民權東路6段180巷口,0,0,3,3,H02,6,3,5,50,4,1,1,4,4,5,7,1,1,1,4,5,2,16,2,61,2,3,1,1,7,21,8,20,10,16,,67,25,1,22,9,121.5928106,25.0688291
111,2,14,0,17,2,11南港區,南港區興中路與市民大道8段口,0,0,2,1,B01,6,3,5,50,4,1,1,4,4,5,7,2,1,1,3,5,2,16,1,60,3,10,1,1,7,5,1,4,2,6,,43,43,1,22,9,121.607762,25.05335481
111,2,14,0,17,2,11南港區,南港區興中路與市民大道8段口,0,0,2,2,C03,6,3,5,50,4,1,1,4,4,5,7,2,1,1,3,5,2,16,2,29,2,9,1,1,7,9,1,9,2,12,,13,43,1,22,9,121.607762,25.05335481
111,2,14,0,17,2,11南港區,南港區興中路與市民大道8段口,0,0,2,3,C03,6,3,5,50,4,1,1,4,4,5,7,2,1,1,3,5,2,16,1,25,2,9,1,1,7,9,1,10,2,12,,13,43,1,22,9,121.607762,25.05335481
111,2,14,1,47,2,06松山區,松山區市民大道6段與松山路口,0,0,1,1,C04,6,3,5,40,4,1,1,4,4,5,7,2,1,1,4,5,2,15,1,20,2,9,1,1,7,9,1,10,1,11,,4,4,1,22,9,121.5776662,25.04949154
111,2,14,1,47,2,06松山區,松山區市民大道6段與松山路口,0,0,1,2,B01,6,3,5,40,4,1,1,4,4,5,7,2,1,1,4,5,2,15,1,44,3,10,1,1,7,9,1,6,1,4,,44,4,1,22,9,121.5776662,25.04949154
111,2,14,5,45,2,09北投區,北投區公館路423巷12號,0,0,1,2,C03,6,3,5,30,14,9,1,4,4,5,7,4,4,10,5,5,2,16,2,52,2,9,1,1,7,9,1,10,1,11,,23,40,1,22,9,121.5036809,25.12018711
111,2,14,5,45,2,09北投區,北投區公館路423巷12號,0,0,1,1,B03,6,3,5,30,14,9,1,4,4,5,7,4,4,10,5,5,2,16,1,44,3,10,3,1,7,13,1,8,1,7,,40,40,1,22,9,121.5036809,25.12018711
111,2,14,5,45,2,07信義區,信義區基隆路2段與吳興街口,0,0,1,1,C03,6,2,5,30,4,2,1,4,4,5,7,1,1,10,5,5,2,13,1,21,3,10,1,1,7,9,1,10,9,11,,23,23,1,22,9,121.5588191,25.0320316
111,2,14,5,45,2,07信義區,信義區基隆路2段與吳興街口,0,0,1,2,F01,6,2,5,30,4,2,1,4,4,5,7,1,1,10,5,5,2,13,1,64,2,8,1,1,7,9,8,20,9,16,,44,23,1,22,9,121.5588191,25.0320316
111,2,14,7,55,2,12內湖區,內湖區金龍路與內湖路2段口,0,0,1,1,B03,6,1,5,50,4,1,1,4,4,5,7,1,1,5,5,4,2,12,1,72,3,10,1,1,7,6,1,8,1,2,,9,9,1,22,9,121.5936948,25.0847818
111,2,14,7,55,2,12內湖區,內湖區金龍路與內湖路2段口,0,0,1,2,C03,6,1,5,50,4,1,1,4,4,5,7,1,1,5,5,4,2,12,1,42,2,9,1,1,7,9,1,10,1,14,,44,9,1,22,9,121.5936948,25.0847818
111,2,14,8,10,2,12內湖區,內湖區內湖路1段360巷與洲子街口,0,0,2,1,C04,6,1,5,50,4,1,1,4,4,5,7,2,1,5,5,5,2,17,2,43,2,9,1,1,7,5,1,11,1,14,,8,8,1,22,9,121.5702883,25.08037661
111,2,14,8,10,2,12內湖區,內湖區內湖路1段360巷與洲子街口,0,0,2,2,C03,6,1,5,50,4,1,1,4,4,5,7,2,1,5,5,5,2,17,2,22,2,9,1,1,7,9,1,10,1,12,,23,8,1,22,9,121.5702883,25.08037661
111,2,14,8,35,2,10文山區,文山區羅斯福路5段125號,0,0,1,1,C03,6,1,5,50,14,9,1,4,4,5,7,4,4,1,4,5,2,13,1,31,2,8,1,1,7,9,1,10,2,11,,16,16,1,22,9,121.5389979,25.00495015
111,2,14,8,35,2,10文山區,文山區羅斯福路5段125號,0,0,1,2,B03,6,1,5,50,14,9,1,4,4,5,7,4,4,1,4,5,2,13,2,35,3,10,1,1,7,9,1,8,2,3,,44,16,1,22,9,121.5389979,25.00495015
111,2,14,8,40,2,04大安區,大安區樂利路88號,0,0,2,1,C03,6,1,5,50,14,9,1,4,4,5,7,4,4,5,3,5,2,12,2,71,2,8,1,1,7,7,1,10,1,14,,7,7,1,22,9,121.5520146,25.0253999
111,2,14,8,40,2,04大安區,大安區樂利路88號,0,0,2,2,B03,6,1,5,50,14,9,1,4,4,5,7,4,4,5,3,5,2,12,2,60,3,10,1,1,7,9,1,8,1,2,,44,7,1,22,9,121.5520146,25.0253999
111,2,14,8,40,2,04大安區,大安區樂利路88號,0,0,2,3,H02,6,1,5,50,14,9,1,4,4,5,7,4,4,5,3,5,2,12,1,6,2,9,4,5,7,20,8,20,10,16,,67,7,1,22,9,121.5520146,25.0253999
111,2,14,8,40,2,08士林區,士林區中山北路4段與中山北路4段口新生高引道,0,0,1,1,C03,6,1,5,50,3,1,1,4,4,5,7,2,1,1,5,2,2,13,1,23,2,9,1,4,7,9,1,10,1,11,,13,13,1,22,9,121.5249654,25.07737467
111,2,14,8,40,2,08士林區,士林區中山北路4段與中山北路4段口新生高引道,0,0,1,2,C03,6,1,5,50,3,1,1,4,4,5,7,2,1,1,5,2,2,13,1,37,3,10,1,4,7,9,1,10,1,13,,44,13,1,22,9,121.5249654,25.07737467
111,2,14,8,46,2,11南港區,南港區松河街496號,0,0,1,1,B01,6,1,5,40,14,9,1,4,4,5,7,4,4,5,4,5,2,13,1,32,3,10,1,1,7,5,1,4,2,3,,44,44,1,22,9,121.5951404,25.05902789
111,2,14,8,46,2,11南港區,南港區松河街496號,0,0,1,2,C03,6,1,5,40,14,9,1,4,4,5,7,4,4,5,4,5,2,13,2,27,2,9,1,1,7,9,1,10,2,11,,16,44,1,22,9,121.5951404,25.05902789
111,2,14,8,49,2,10文山區,文山區木柵路1段與木柵路1段191巷口,0,0,1,1,B12,6,1,5,50,3,1,1,4,4,5,7,1,1,4,3,5,2,16,1,68,3,10,1,1,7,5,1,8,2,2,,6,6,1,22,9,121.5513161,24.98765361