發生年度,發生月,發生日,發生時-Hours,發生分,處理別-編號,區序,肇事地點,死亡人數,2-30日死亡人數,受傷人數,當事人序號,車種,天候,光線,道路類別,速限-速度限制,道路型態,事故位置,路面狀況1,路面狀況2,路面狀況3,道路障礙1,道路障礙2,號誌1,號誌2,車道劃分-分向,車道劃分-分道1,車道劃分-分道2,車道劃分-分道3,事故類型及型態,性別,年齡,受傷程度,主要傷處,安全帽,行動電話,車輛用途,當事者行動狀態,駕駛資格情形,駕駛執照種類,飲酒情形,車輛撞擊部位1,車輛撞擊部位2,肇因碼-個別,肇因碼-主要,個人肇逃否,職業,旅次目的,座標-X,座標-Y
111,2,14,8,49,2,10文山區,文山區木柵路1段與木柵路1段191巷口,0,0,1,2,C03,6,1,5,50,3,1,1,4,4,5,7,1,1,4,3,5,2,16,1,27,2,7,1,1,7,9,1,10,2,11,,44,6,1,22,9,121.5513161,24.98765361
111,2,14,9,45,2,07信義區,信義區林口街與大道路42巷口,0,0,1,1,B01,6,1,5,40,5,1,1,4,4,5,7,1,1,5,4,4,1,17,1,52,3,10,1,1,7,5,1,4,1,8,,43,43,1,22,9,121.5808855,25.04136699
111,2,14,9,45,2,07信義區,信義區林口街與大道路42巷口,0,0,1,2,C03,6,1,5,40,5,1,1,4,4,5,7,1,1,5,4,4,1,17,1,32,2,8,1,1,7,5,6,10,1,13,,43,43,1,22,9,121.5808855,25.04136699
111,2,14,9,52,2,03中山區,中山區吉林路與新生北路2段149巷口,0,0,1,1,B03,6,1,5,50,4,1,1,4,4,5,7,4,4,8,1,1,1,12,2,31,3,10,3,4,7,5,1,8,2,8,,8,8,1,22,9,121.5302842,25.06202901
111,2,14,9,52,2,03中山區,中山區吉林路與新生北路2段149巷口,0,0,1,2,C03,6,1,5,50,4,1,1,4,4,5,7,4,4,8,1,1,1,12,1,37,2,7,3,4,7,9,1,10,2,12,,44,8,1,22,9,121.5302842,25.06202901
111,2,14,10,0,2,05中正區,中正區公園路台大醫院捷運站旁,0,0,1,1,A02,6,1,5,50,14,9,1,4,4,5,7,4,4,9,4,5,2,9,1,44,3,10,1,1,7,12,1,2,11,15,,43,43,1,22,9,121.5163149,25.0418541
111,2,14,10,0,2,05中正區,中正區公園路台大醫院捷運站旁,0,0,1,2,H02,6,1,5,50,14,9,1,4,4,5,7,4,4,9,4,5,2,9,1,72,2,6,4,5,7,17,8,20,10,16,,67,43,1,22,9,121.5163149,25.0418541
111,2,14,10,0,2,07信義區,信義區忠孝東路5段478號,0,0,1,1,B12,6,1,5,50,14,9,1,4,4,5,7,4,4,3,4,5,2,13,1,49,3,10,3,4,7,9,1,8,1,5,,43,43,1,22,9,121.5774654,25.04075454
111,2,14,10,0,2,07信義區,信義區忠孝東路5段478號,0,0,1,2,F02,6,1,5,50,14,9,1,4,4,5,7,4,4,3,4,5,2,13,2,62,2,9,3,4,7,13,8,20,1,16,,44,43,1,22,9,121.5774654,25.04075454
111,2,14,10,8,2,11南港區,南港區南港路3段50巷與南港路附近側附近3段口口,0,0,2,1,B12,6,1,5,50,3,2,1,4,4,5,7,2,1,5,5,5,2,16,1,33,2,7,1,1,7,11,1,8,1,6,,10,10,1,22,9,121.5917015,25.05399422
111,2,14,10,8,2,11南港區,南港區南港路3段50巷與南港路附近側附近3段口口,0,0,2,2,C03,6,1,5,50,3,2,1,4,4,5,7,2,1,5,5,5,2,16,1,23,2,9,1,1,7,9,1,9,1,11,,13,10,1,22,9,121.5917015,25.05399422
111,2,14,10,10,2,01大同區,大同區民權西路194號,0,0,1,1,C03,6,1,5,50,14,9,1,4,4,5,7,4,4,9,4,5,1,13,1,55,3,10,1,1,7,9,6,18,1,11,,16,16,1,22,9,121.5142774,25.06289845
111,2,14,10,10,2,01大同區,大同區民權西路194號,0,0,1,2,C03,6,1,5,50,14,9,1,4,4,5,7,4,4,9,4,5,1,13,2,25,2,9,1,1,7,5,1,10,1,13,,44,16,1,22,9,121.5142774,25.06289845
111,2,14,10,33,2,11南港區,南港區南深路010燈桿旁,0,0,1,1,B03,6,1,5,50,12,9,1,4,4,5,7,4,4,5,4,5,1,16,2,33,3,10,1,1,7,11,1,8,2,7,,10,10,1,22,9,121.6196334,25.03453308
111,2,14,10,33,2,11南港區,南港區南深路010燈桿旁,0,0,1,2,C03,6,1,5,50,12,9,1,4,4,5,7,4,4,5,4,5,1,16,2,25,2,9,1,1,7,9,1,10,2,11,,44,10,1,22,9,121.6196334,25.03453308
111,2,14,10,40,2,12內湖區,內湖區內湖路2段179巷與內湖路2段179巷46弄口,0,0,2,1,C03,6,1,5,50,3,1,1,4,4,5,7,4,4,5,5,5,2,16,2,42,2,9,1,1,7,5,1,10,1,14,,44,44,1,22,9,121.5859936,25.08393624
111,2,14,10,40,2,12內湖區,內湖區內湖路2段179巷與內湖路2段179巷46弄口,0,0,2,2,C03,6,1,5,50,3,1,1,4,4,5,7,4,4,5,5,5,2,16,2,26,2,9,1,1,7,4,1,10,1,11,,1,44,1,22,9,121.5859936,25.08393624
111,2,14,10,43,2,06松山區,松山區民權東路5段與撫遠街口,0,0,1,1,B01,6,1,5,50,4,1,1,4,4,5,7,2,1,1,4,5,2,17,1,57,4,11,3,4,7,7,7,19,11,15,,7,7,2,22,9,121.565909,25.06317809
111,2,14,10,43,2,06松山區,松山區民權東路5段與撫遠街口,0,0,1,2,C03,6,1,5,50,4,1,1,4,4,5,7,2,1,1,4,5,2,17,2,27,2,9,1,1,7,9,1,10,2,15,,42,7,1,22,9,121.565909,25.06317809
111,2,14,10,49,2,03中山區,中山區興安街與遼寧街口,0,0,2,1,C03,6,1,5,50,4,1,1,4,4,5,7,1,1,5,5,5,2,17,1,64,2,9,1,1,7,9,1,10,1,12,,44,44,1,22,9,121.5421694,25.05596933
111,2,14,10,49,2,03中山區,中山區興安街與遼寧街口,0,0,2,2,F03,6,1,5,50,4,1,1,4,4,5,7,1,1,5,5,5,2,17,2,61,2,9,1,1,7,1,8,20,1,16,,19,44,1,22,9,121.5421694,25.05596933
111,2,14,10,52,2,11南港區,南港區成福路1號,0,0,1,1,B12,6,1,5,50,14,9,1,4,4,5,7,4,4,5,1,5,2,16,1,52,3,10,1,1,7,5,1,8,1,1,,8,8,1,22,9,121.5860647,25.04577412
111,2,14,10,52,2,11南港區,南港區成福路1號,0,0,1,2,C03,6,1,5,50,14,9,1,4,4,5,7,4,4,5,1,5,2,16,2,18,2,9,1,1,7,9,1,10,1,11,,44,8,1,22,9,121.5860647,25.04577412
111,2,14,11,16,2,02萬華區,萬華區萬大路與萬大路449巷口,0,0,1,1,B02,6,1,5,30,3,1,1,4,4,5,7,4,4,10,4,5,2,16,1,23,3,10,1,1,7,6,1,8,1,6,,9,9,1,22,9,121.4983727,25.02086632
111,2,14,11,16,2,02萬華區,萬華區萬大路與萬大路449巷口,0,0,1,2,C03,6,1,5,30,3,1,1,4,4,5,7,4,4,10,4,5,2,16,2,18,2,9,1,1,7,9,1,10,1,11,,14,9,1,22,9,121.4983727,25.02086632
111,2,14,11,16,2,07信義區,信義區虎林街254號,0,0,1,1,B01,8,1,5,30,14,9,1,5,4,5,7,4,4,10,5,5,2,9,1,36,3,10,3,4,7,15,1,4,9,4,,43,43,1,22,9,121.5780434,25.03595009
111,2,14,11,16,2,07信義區,信義區虎林街254號,0,0,1,2,H01,8,1,5,30,14,9,1,5,4,5,7,4,4,10,5,5,2,9,2,36,2,7,4,5,8,20,8,20,10,16,,67,43,1,22,9,121.5780434,25.03595009
111,2,14,11,30,2,05中正區,中正區中華路1段與開封街1段口,0,0,1,1,B03,6,1,5,50,4,1,5,4,4,5,7,1,1,1,5,5,2,17,1,43,3,10,1,4,7,5,1,8,2,6,,8,8,1,22,9,121.5095244,25.04601318
111,2,14,11,30,2,05中正區,中正區中華路1段與開封街1段口,0,0,1,2,C03,6,1,5,50,4,1,5,4,4,5,7,1,1,1,5,5,2,17,2,31,2,9,1,4,7,9,1,10,2,11,,44,8,1,22,9,121.5095244,25.04601318
111,2,14,11,35,2,05中正區,中正區水源快速道路第256號燈桿,0,0,1,1,B12,6,1,5,60,14,7,1,4,4,5,7,4,4,10,4,5,1,13,1,24,3,10,1,1,7,9,1,8,1,1,,23,23,1,22,9,121.5212125,25.02062182
111,2,14,11,35,2,05中正區,中正區水源快速道路第256號燈桿,0,0,1,2,B01,6,1,5,60,14,7,1,4,4,5,7,4,4,10,4,5,1,13,1,53,2,8,1,1,7,14,1,4,1,3,,44,23,1,22,9,121.5212125,25.02062182
111,2,14,11,35,2,05中正區,中正區水源快速道路第256號燈桿,0,0,1,3,B03,6,1,5,60,14,7,1,4,4,5,7,4,4,10,4,5,1,13,1,58,3,10,1,1,7,14,1,8,1,3,,23,23,1,22,9,121.5212125,25.02062182
111,2,14,11,50,2,03中山區,中山區中山北路2段與民生西路口,0,0,1,1,B02,6,1,5,50,4,2,1,4,4,5,7,2,1,5,4,5,2,9,2,28,3,10,1,1,7,9,1,8,2,2,,25,25,1,22,9,121.5227678,25.05790958
111,2,14,11,50,2,03中山區,中山區中山北路2段與民生西路口,0,0,1,2,H01,6,1,5,50,4,2,1,4,4,5,7,2,1,5,4,5,2,9,1,42,2,9,4,5,8,18,8,20,10,16,,67,25,1,22,9,121.5227678,25.05790958
111,2,14,12,0,2,09北投區,北投區光明路與磺港路口,0,0,2,1,C03,6,1,5,50,3,1,1,4,4,5,7,3,1,5,4,5,2,17,1,43,2,8,1,1,7,9,1,10,1,12,,44,44,1,22,9,121.5018844,25.1334528
111,2,14,12,0,2,09北投區,北投區光明路與磺港路口,0,0,2,2,C03,6,1,5,50,3,1,1,4,4,5,7,3,1,5,4,5,2,17,1,66,2,9,1,1,7,5,1,10,1,11,,6,44,1,22,9,121.5018844,25.1334528
111,2,14,12,34,2,12內湖區,內湖區新明路298巷14弄與新明路口,0,0,1,1,C03,6,1,5,50,3,2,1,4,4,5,7,4,4,5,4,5,2,17,2,39,2,8,1,4,7,9,1,10,1,11,,16,16,1,22,9,121.581879,25.05643584
111,2,14,12,34,2,12內湖區,內湖區新明路298巷14弄與新明路口,0,0,1,2,B03,6,1,5,50,3,2,1,4,4,5,7,4,4,5,4,5,2,17,1,30,3,10,3,4,7,9,1,8,1,3,,44,16,1,22,9,121.581879,25.05643584
111,2,14,12,36,2,10文山區,文山區興隆路4段與木新路3段口,0,0,1,1,B01,7,1,5,50,3,1,1,4,4,5,7,2,1,10,5,5,2,3,1,69,3,10,3,4,7,5,1,8,2,8,,15,15,1,22,9,121.5625623,24.98211599
111,2,14,12,36,2,10文山區,文山區興隆路4段與木新路3段口,0,0,1,2,H01,7,1,5,50,3,1,1,4,4,5,7,2,1,10,5,5,2,3,2,24,2,9,4,5,8,16,8,20,10,16,,67,15,1,22,9,121.5625623,24.98211599
111,2,14,13,10,2,03中山區,中山區民生東路2段154號,0,0,1,1,C03,6,2,5,50,14,9,1,4,4,5,7,4,4,1,4,5,2,16,2,26,2,9,3,4,7,9,1,10,1,11,,26,26,1,22,9,121.5326907,25.05791846
111,2,14,13,10,2,03中山區,中山區民生東路2段154號,0,0,1,2,B01,6,2,5,50,14,9,1,4,4,5,7,4,4,1,4,5,2,16,1,67,3,10,3,4,7,9,1,4,1,2,,44,26,1,22,9,121.5326907,25.05791846
111,2,14,13,30,2,05中正區,中正區中華路1段與愛國西路口口,0,0,1,1,B03,6,1,5,50,4,2,1,4,4,5,7,2,1,9,4,4,1,3,1,72,3,10,1,1,7,5,1,8,1,8,,8,8,1,19,5,121.5071541,25.03754023
111,2,14,13,30,2,05中正區,中正區中華路1段與愛國西路口口,0,0,1,2,H01,6,1,5,50,4,2,1,4,4,5,7,2,1,9,4,4,1,3,2,59,2,8,4,5,8,16,8,20,10,16,,67,8,1,4,1,121.5071541,25.03754023
111,2,14,13,45,2,07信義區,信義區忠孝東路4段與忠孝東路4段553巷口,0,0,1,1,C05,8,1,5,50,3,1,1,4,4,5,7,2,1,8,3,5,2,29,2,26,2,9,1,1,7,9,1,10,1,12,,42,42,1,22,9,121.5627455,25.0408062
111,2,14,13,45,2,07信義區,信義區忠孝東路4段與忠孝東路4段553巷口,0,0,1,2,,8,1,5,50,3,1,1,4,4,5,7,2,1,8,3,5,2,29,3,,,,,,,,,,,,,67,42,1,,,121.5627455,25.0408062
111,2,14,14,5,2,06松山區,(光復北路9號前),0,0,1,1,B03,7,1,5,50,14,9,1,5,4,5,7,2,1,1,4,1,2,12,2,52,3,10,1,1,7,6,1,8,1,5,,9,9,1,22,9,121.5579344,25.04908733
111,2,14,14,5,2,06松山區,(光復北路9號前),0,0,1,2,C03,7,1,5,50,14,9,1,5,4,5,7,2,1,1,4,1,2,12,1,21,2,9,1,1,7,9,1,10,1,14,,44,9,1,22,9,121.5579344,25.04908733
111,2,14,14,20,2,07信義區,信義區莊敬路與莊敬路423巷口,0,0,1,1,B01,7,1,5,50,4,2,1,5,4,5,7,2,1,5,4,4,2,17,1,56,3,10,1,1,7,11,1,4,1,1,,10,10,1,22,9,121.5666741,25.02722252
111,2,14,14,20,2,07信義區,信義區莊敬路與莊敬路423巷口,0,0,1,2,C03,7,1,5,50,4,2,1,5,4,5,7,2,1,5,4,4,2,17,2,54,2,9,1,1,7,9,1,10,1,14,,23,10,1,22,9,121.5666741,25.02722252
111,2,14,15,17,2,03中山區,中山區長安東路2段114-1號,0,0,1,1,B03,7,1,5,50,14,9,1,5,4,5,7,4,4,5,4,5,2,12,2,37,3,10,1,1,7,5,1,8,1,4,,8,8,1,22,9,121.5359514,25.04840776
111,2,14,15,17,2,03中山區,中山區長安東路2段114-1號,0,0,1,2,C03,7,1,5,50,14,9,1,5,4,5,7,4,4,5,4,5,2,12,1,48,2,9,1,1,7,9,1,10,1,12,,14,8,1,22,9,121.5359514,25.04840776
111,2,14,15,25,2,09北投區,北投區大度路3段與立功街口,0,0,1,3,C02,8,1,5,50,3,1,1,5,4,5,7,3,1,1,4,5,2,16,1,36,2,9,1,1,7,8,1,10,2,11,,16,9,1,22,9,121.468842,25.1232136
111,2,14,15,25,2,09北投區,北投區大度路3段與立功街口,0,0,1,1,B03,8,1,5,50,3,1,1,5,4,5,7,3,1,1,4,5,2,16,1,40,3,10,1,1,7,6,1,8,2,15,,9,9,1,22,9,121.468842,25.1232136
111,2,14,15,25,2,09北投區,北投區大度路3段與立功街口,0,0,1,2,B03,8,1,5,50,3,1,1,5,4,5,7,3,1,1,4,5,2,16,1,60,3,10,1,1,7,9,1,8,2,7,,44,9,1,22,9,121.468842,25.1232136
111,2,14,15,26,2,04大安區,大安區和平東路3段1巷32號,0,0,1,1,B12,7,1,5,30,14,20,1,5,4,5,7,4,4,10,5,5,2,1,1,39,3,10,3,4,7,9,1,8,1,2,,44,44,1,22,9,121.5467832,25.02643514
111,2,14,15,26,2,04大安區,大安區和平東路3段1巷32號,0,0,1,2,H01,7,1,5,30,14,20,1,5,4,5,7,4,4,10,5,5,2,1,1,48,2,7,4,5,8,16,8,20,10,16,,67,44,1,22,9,121.5467832,25.02643514
111,2,14,15,30,2,06松山區,松山區八德路4段36巷28號與光復南路33巷口,0,0,1,1,B03,7,1,5,30,4,1,1,5,4,3,7,4,4,10,5,5,2,15,1,34,3,10,1,1,7,9,1,8,1,6,,6,6,1,22,9,121.5593073,25.04685194
111,2,14,15,30,2,06松山區,松山區八德路4段36巷28號與光復南路33巷口,0,0,1,2,C03,7,1,5,30,4,1,1,5,4,3,7,4,4,10,5,5,2,15,1,24,2,7,1,1,7,9,1,10,1,11,,44,6,1,22,9,121.5593073,25.04685194
111,2,14,15,30,2,06松山區,松山區八德路4段36巷28號與光復南路33巷口,0,0,1,3,B11,7,1,5,30,4,1,1,5,4,3,7,4,4,10,5,5,2,15,1,55,4,11,3,4,7,15,7,19,11,15,,38,6,2,22,9,121.5593073,25.04685194
111,2,14,15,32,2,07信義區,信義區永吉路127巷與永吉路127巷6弄口口,0,0,1,1,C03,7,1,5,30,4,1,1,5,4,5,7,4,4,10,5,5,1,15,1,35,2,8,3,4,7,9,1,10,1,12,,6,6,1,22,9,121.5703882,25.04623604
111,2,14,15,32,2,07信義區,信義區永吉路127巷與永吉路127巷6弄口口,0,0,1,2,B03,7,1,5,30,4,1,1,5,4,5,7,4,4,10,5,5,1,15,1,43,3,10,3,4,7,9,1,8,1,8,,23,6,1,22,9,121.5703882,25.04623604
111,2,14,15,35,2,12內湖區,內湖區康樂街與康樂街191巷口,0,0,1,1,B03,8,1,5,30,3,1,1,5,4,5,7,4,4,5,5,5,2,17,1,38,3,10,1,1,7,5,1,8,1,4,,6,6,1,22,9,121.6202109,25.07546233
111,2,14,15,35,2,12內湖區,內湖區康樂街與康樂街191巷口,0,0,1,2,C03,8,1,5,30,3,1,1,5,4,5,7,4,4,5,5,5,2,17,1,20,2,9,1,1,7,9,1,10,1,11,,13,6,1,22,9,121.6202109,25.07546233
111,2,14,15,38,2,03中山區,中山區南京東路3段91號前,0,0,2,1,C03,7,1,5,50,14,8,1,5,4,5,7,4,4,1,4,4,2,16,1,28,3,10,3,4,7,8,1,10,1,13,,7,7,1,22,9,121.5391533,25.05201276
111,2,14,15,38,2,03中山區,中山區南京東路3段91號前,0,0,2,2,C03,7,1,5,50,14,8,1,5,4,5,7,4,4,1,4,4,2,16,2,20,2,8,3,4,7,9,1,10,1,11,,13,7,1,22,9,121.5391533,25.05201276
111,2,14,15,38,2,03中山區,中山區南京東路3段91號前,0,0,2,3,H02,7,1,5,50,14,8,1,5,4,5,7,4,4,1,4,4,2,16,1,22,2,8,4,5,7,21,8,20,10,16,,67,7,1,20,9,121.5391533,25.05201276
111,2,14,16,3,2,01大同區,大同區承德路3段與敦煌路口,0,0,1,1,C03,7,1,5,50,4,1,1,5,4,5,7,2,1,1,5,5,2,16,2,53,2,9,1,1,7,5,1,10,2,14,,8,8,1,22,9,121.5200386,25.0751821
111,2,14,16,3,2,01大同區,大同區承德路3段與敦煌路口,0,0,1,2,B12,7,1,5,50,4,1,1,5,4,5,7,2,1,1,5,5,2,16,1,65,3,10,1,1,7,9,1,8,2,6,,13,8,1,22,9,121.5200386,25.0751821
111,2,14,16,10,2,12內湖區,內湖區新明路270號前,0,0,1,1,C03,8,1,5,40,14,8,1,5,4,5,7,4,4,5,5,4,2,12,2,32,2,9,1,1,7,7,1,10,1,14,,7,7,1,22,9,121.5831316,25.0563961
111,2,14,16,10,2,12內湖區,內湖區新明路270號前,0,0,1,2,B01,8,1,5,40,14,8,1,5,4,5,7,4,4,5,5,4,2,12,1,46,3,10,1,1,7,9,1,4,1,2,,44,7,1,22,9,121.5831316,25.0563961
111,2,14,16,19,2,07信義區,信義區基隆路2段與基隆路2段197巷口,0,0,1,1,B03,8,1,5,50,3,1,1,5,4,5,7,4,4,1,4,5,2,12,1,40,3,10,3,4,7,6,1,8,1,2,,9,9,1,22,9,121.5531294,25.02470155
111,2,14,16,19,2,07信義區,信義區基隆路2段與基隆路2段197巷口,0,0,1,2,C03,8,1,5,50,3,1,1,5,4,5,7,4,4,1,4,5,2,12,1,46,2,8,3,4,7,9,1,10,1,11,,44,9,1,22,9,121.5531294,25.02470155
111,2,14,17,3,2,03中山區,中山區民生東路1段26-3號前,0,0,1,1,C03,7,1,5,50,14,9,1,5,4,5,7,1,1,5,4,5,2,12,1,26,2,9,3,4,7,5,1,10,1,14,,8,8,1,2,9,121.5239302,25.0580539
111,2,14,17,3,2,03中山區,中山區民生東路1段26-3號前,0,0,1,2,C03,7,1,5,50,14,9,1,5,4,5,7,1,1,5,4,5,2,12,1,23,3,10,3,4,7,9,1,10,1,12,,13,8,1,22,9,121.5239302,25.0580539
111,2,14,17,32,2,06松山區,松山區南京東路3段256巷與敦化北路4巷口,0,0,1,1,B01,8,3,5,30,4,1,1,5,4,5,7,4,4,9,5,5,2,3,1,51,3,10,1,1,7,5,1,4,1,1,,15,15,1,22,9,121.5446925,25.0502104
111,2,14,17,32,2,06松山區,松山區南京東路3段256巷與敦化北路4巷口,0,0,1,2,H01,8,3,5,30,4,1,1,5,4,5,7,4,4,9,5,5,2,3,1,69,2,9,4,5,8,16,8,20,10,15,,67,15,1,22,9,121.5446925,25.0502104
111,2,14,17,40,2,08士林區,士林區中正路115號,0,0,1,1,A02,8,1,5,50,14,9,1,5,4,5,7,1,1,1,5,4,1,9,1,45,3,10,1,1,7,12,1,2,1,15,,44,44,1,22,9,121.5284448,25.09592821
111,2,14,17,40,2,08士林區,士林區中正路115號,0,0,1,2,H02,8,1,5,50,14,9,1,5,4,5,7,1,1,1,5,4,1,9,2,68,2,9,1,1,7,17,8,20,10,16,,67,44,1,22,9,121.5284448,25.09592821
111,2,14,17,40,2,08士林區,士林區中正路與延平北路6段口,0,0,2,1,C03,7,3,5,50,4,2,1,5,4,5,7,1,1,9,4,5,2,17,2,25,2,7,1,1,7,5,1,10,2,13,,8,8,1,22,9,121.5092204,25.08685414
111,2,14,17,40,2,08士林區,士林區中正路與延平北路6段口,0,0,2,2,C03,7,3,5,50,4,2,1,5,4,5,7,1,1,9,4,5,2,17,1,47,2,9,1,1,7,9,1,10,2,11,,13,8,1,22,9,121.5092204,25.08685414
111,2,14,18,4,2,08士林區,士林區忠誠路1段與德行東路口,0,0,1,1,B03,8,3,5,0,4,1,1,5,4,5,7,1,1,1,4,4,2,17,1,62,3,10,1,1,7,5,1,8,1,5,,25,25,1,22,9,121.5301954,25.10838739
111,2,14,18,4,2,08士林區,士林區忠誠路1段與德行東路口,0,0,1,2,C03,8,3,5,0,4,1,1,5,4,5,7,1,1,1,4,4,2,17,1,62,2,8,1,1,7,9,1,10,1,11,,44,25,1,22,9,121.5301954,25.10838739
111,2,14,18,6,2,07信義區,信義區忠孝東路4段400號,0,0,1,1,C03,7,1,5,50,14,9,1,5,4,5,7,4,4,1,4,5,2,17,1,19,2,8,3,4,7,8,1,10,1,12,,7,7,1,22,9,121.5583861,25.04124756
111,2,14,18,6,2,07信義區,信義區忠孝東路4段400號,0,0,1,2,A02,7,1,5,50,14,9,1,5,4,5,7,4,4,1,4,5,2,17,1,61,3,10,3,4,7,9,1,2,1,8,,23,7,1,22,9,121.5583861,25.04124756
111,2,14,18,10,2,03中山區,中山區合江街與合江街102巷口,0,0,1,1,C03,8,3,5,50,5,2,1,5,4,5,7,4,4,9,5,5,2,12,2,33,2,9,1,1,7,5,1,10,1,14,,8,8,1,22,9,121.5391981,25.0587504
111,2,14,18,10,2,03中山區,中山區合江街與合江街102巷口,0,0,1,2,C04,8,3,5,50,5,2,1,5,4,5,7,4,4,9,5,5,2,12,2,57,3,10,1,1,7,9,1,8,1,12,,44,8,1,22,9,121.5391981,25.0587504
111,2,14,18,15,2,07信義區,信義區忠孝東路5段372巷29弄與忠孝東路5段372巷口,0,0,1,1,B03,8,3,5,30,4,1,1,5,4,5,7,4,4,9,5,5,2,15,2,58,3,10,3,4,7,9,1,8,1,8,,6,6,1,22,9,121.5739741,25.03897316
111,2,14,18,15,2,07信義區,信義區忠孝東路5段372巷29弄與忠孝東路5段372巷口,0,0,1,2,C03,8,3,5,30,4,1,1,5,4,5,7,4,4,9,5,5,2,15,2,55,2,9,3,4,7,9,1,10,1,11,,44,6,1,22,9,121.5739741,25.03897316
111,2,14,18,30,2,05中正區,中正區三元街與南海路口,0,0,2,1,C03,8,3,5,50,4,1,1,5,4,5,7,1,1,5,4,5,2,3,1,45,2,3,1,1,7,5,6,10,2,11,,15,15,1,22,9,121.508897,25.02943003
111,2,14,18,30,2,05中正區,中正區三元街與南海路口,0,0,2,2,H01,8,3,5,50,4,1,1,5,4,5,7,1,1,5,4,5,2,3,2,49,2,9,4,5,8,16,8,20,1,16,,67,15,1,22,9,121.508897,25.02943003
111,2,14,18,36,2,10文山區,文山區辛亥路4段與辛亥路4段166巷口,0,0,2,1,C03,8,3,5,50,3,2,1,5,4,5,7,2,1,1,4,5,2,13,1,22,2,9,1,1,7,9,1,10,2,11,,23,23,1,22,9,121.5564055,25.00380141
111,2,14,18,36,2,10文山區,文山區辛亥路4段與辛亥路4段166巷口,0,0,2,2,B02,8,3,5,50,3,2,1,5,4,5,7,2,1,1,4,5,2,13,2,34,3,10,1,1,7,9,1,8,2,6,,44,23,1,22,9,121.5564055,25.00380141
111,2,14,18,36,2,10文山區,文山區辛亥路4段與辛亥路4段166巷口,0,0,2,3,H02,8,3,5,50,3,2,1,5,4,5,7,2,1,1,4,5,2,13,2,22,2,9,1,5,7,21,8,20,10,16,,67,23,1,22,9,121.5564055,25.00380141
111,2,14,18,50,2,05中正區,中正區林森南路地下道,0,0,1,1,C03,8,3,5,50,11,9,1,5,4,5,7,4,4,10,4,5,2,13,1,41,2,9,1,1,7,9,1,10,2,11,,23,23,1,22,9,121.5208837,25.03665843
111,2,14,18,50,2,05中正區,中正區林森南路地下道,0,0,1,2,B03,8,3,5,50,11,9,1,5,4,5,7,4,4,10,4,5,2,13,1,34,3,10,1,1,7,14,1,8,2,6,,44,23,1,22,9,121.5208837,25.03665843
111,2,14,18,51,2,11南港區,南港區經貿二路與三重路口,0,0,1,2,C03,7,3,5,50,3,2,1,5,4,5,7,4,4,1,3,4,2,16,2,43,2,9,1,1,7,6,1,10,1,14,,6,14,1,22,9,121.6147901,25.06019212
111,2,14,18,51,2,11南港區,南港區經貿二路與三重路口,0,0,1,1,B03,7,3,5,50,3,2,1,5,4,5,7,4,4,1,3,4,2,16,1,39,3,10,1,1,7,8,1,8,1,8,,14,14,1,22,9,121.6147901,25.06019212
111,2,14,19,0,2,12內湖區,內湖區民權東路6段與民權東路6段11巷口,0,0,1,1,B03,8,3,5,50,4,1,1,5,4,5,7,1,1,1,4,5,2,16,1,59,3,10,1,1,7,8,1,8,2,2,,7,7,1,22,9,121.5785172,25.066696
111,2,14,19,0,2,12內湖區,內湖區民權東路6段與民權東路6段11巷口,0,0,1,2,C03,8,3,5,50,4,1,1,5,4,5,7,1,1,1,4,5,2,16,1,55,2,9,1,1,7,9,1,10,2,14,,44,7,1,22,9,121.5785172,25.066696
111,2,14,19,6,2,04大安區,大安區基隆路3段與辛亥路3段口,0,0,1,1,B03,7,3,5,0,4,2,1,5,4,5,7,2,1,8,3,5,1,17,2,36,3,10,1,1,7,6,1,8,1,5,,6,6,1,21,8,121.5467065,25.019479
111,2,14,19,6,2,04大安區,大安區基隆路3段與辛亥路3段口,0,0,1,2,C03,7,3,5,0,4,2,1,5,4,5,7,2,1,8,3,5,1,17,2,28,2,9,1,1,7,9,1,10,1,14,,44,6,1,21,5,121.5467065,25.019479
111,2,14,19,10,2,07信義區,信義區信義路5段與莊敬路口,0,0,1,1,B03,8,3,5,50,4,1,1,5,4,5,7,1,1,1,3,5,1,12,1,23,3,10,1,1,7,6,1,8,1,2,,43,43,1,22,9,121.5612931,25.03289433
111,2,14,19,10,2,07信義區,信義區信義路5段與莊敬路口,0,0,1,2,C03,8,3,5,50,4,1,1,5,4,5,7,1,1,1,3,5,1,12,1,27,2,9,1,1,7,9,3,18,1,14,,43,43,1,22,9,121.5612931,25.03289433
111,2,14,19,28,2,04大安區,大安區羅斯福路3段與師大路口,0,0,2,1,H01,8,3,5,0,5,1,1,5,4,5,7,2,1,1,4,5,2,9,1,72,2,9,4,5,8,16,8,20,10,16,,52,52,1,22,9,121.5279012,25.02106467
111,2,14,19,28,2,04大安區,大安區羅斯福路3段與師大路口,0,0,2,2,C03,8,3,5,0,5,1,1,5,4,5,7,2,1,1,4,5,2,9,1,43,2,9,1,1,7,9,1,10,1,11,,15,52,1,22,9,121.5279012,25.02106467
111,2,14,19,40,2,08士林區,士林區通河西街1段與堤外便道口,0,0,3,1,C03,7,3,5,30,3,2,1,5,4,5,7,4,4,10,5,5,1,17,1,49,2,6,1,1,7,9,1,10,1,12,,43,43,1,22,9,121.5123407,25.08642108