發生年度,發生月,發生日,發生時-Hours,發生分,處理別-編號,區序,肇事地點,死亡人數,2-30日死亡人數,受傷人數,當事人序號,車種,天候,光線,道路類別,速限-速度限制,道路型態,事故位置,路面狀況1,路面狀況2,路面狀況3,道路障礙1,道路障礙2,號誌1,號誌2,車道劃分-分向,車道劃分-分道1,車道劃分-分道2,車道劃分-分道3,事故類型及型態,性別,年齡,受傷程度,主要傷處,安全帽,行動電話,車輛用途,當事者行動狀態,駕駛資格情形,駕駛執照種類,飲酒情形,車輛撞擊部位1,車輛撞擊部位2,肇因碼-個別,肇因碼-主要,個人肇逃否,職業,旅次目的,座標-X,座標-Y
111,2,14,19,40,2,08士林區,士林區通河西街1段與堤外便道口,0,0,3,2,C03,7,3,5,30,3,2,1,5,4,5,7,4,4,10,5,5,1,17,1,53,2,8,1,1,7,9,1,10,1,14,,43,43,1,22,9,121.5123407,25.08642108
111,2,14,19,40,2,08士林區,士林區通河西街1段與堤外便道口,0,0,3,3,H02,7,3,5,30,3,2,1,5,4,5,7,4,4,10,5,5,1,17,2,18,2,8,1,5,7,17,8,20,10,16,,67,43,1,22,9,121.5123407,25.08642108
111,2,14,20,42,2,03中山區,中山區市民大道2段與林森北路口,0,0,1,2,C03,7,3,5,40,4,1,1,5,4,5,7,2,1,1,3,5,2,12,2,28,2,9,3,4,7,5,1,10,1,14,,8,42,1,22,9,121.5242119,25.04797176
111,2,14,20,42,2,03中山區,中山區市民大道2段與林森北路口,0,0,1,1,C03,7,3,5,40,4,1,1,5,4,5,7,2,1,1,3,5,2,12,1,66,4,11,3,4,7,15,7,19,11,15,,42,42,2,22,9,121.5242119,25.04797176
111,2,14,20,50,2,05中正區,中正區重慶南路2段80號與泉州街9巷口,0,0,4,1,C03,8,3,5,50,3,2,1,5,4,5,7,4,4,1,4,5,2,12,1,43,2,9,1,1,7,9,1,10,1,11,,16,16,1,22,9,121.5148901,25.03063132
111,2,14,20,50,2,05中正區,中正區重慶南路2段80號與泉州街9巷口,0,0,4,2,C03,8,3,5,50,3,2,1,5,4,5,7,4,4,1,4,5,2,12,1,42,3,10,1,1,7,9,1,10,1,13,,44,16,1,22,9,121.5148901,25.03063132
111,2,14,20,50,2,05中正區,中正區重慶南路2段80號與泉州街9巷口,0,0,4,3,C03,8,3,5,50,3,2,1,5,4,5,7,4,4,1,4,5,2,12,2,21,2,9,1,1,7,9,1,10,1,14,,44,16,1,22,9,121.5148901,25.03063132
111,2,14,20,50,2,05中正區,中正區重慶南路2段80號與泉州街9巷口,0,0,4,4,H02,8,3,5,50,3,2,1,5,4,5,7,4,4,1,4,5,2,12,2,36,2,9,4,1,7,20,8,20,10,16,,67,16,1,22,9,121.5148901,25.03063132
111,2,14,20,50,2,05中正區,中正區重慶南路2段80號與泉州街9巷口,0,0,4,5,H02,8,3,5,50,3,2,1,5,4,5,7,4,4,1,4,5,2,12,2,26,2,9,4,5,7,20,8,20,10,16,,67,16,1,22,9,121.5148901,25.03063132
111,2,14,21,10,2,05中正區,中正區公園路與貴陽街1段口,0,0,1,1,C04,8,3,5,50,4,1,1,5,4,5,7,2,1,9,4,5,2,17,2,23,3,10,1,1,7,5,1,8,2,15,,8,8,1,22,9,121.5152128,25.03857782
111,2,14,21,10,2,05中正區,中正區公園路與貴陽街1段口,0,0,1,2,C03,8,3,5,50,4,1,1,5,4,5,7,2,1,9,4,5,2,17,1,36,2,9,1,1,7,9,1,10,2,15,,44,8,1,22,9,121.5152128,25.03857782
111,2,14,22,17,2,04大安區,大安區復興南路2段與復興南路2段78巷口,0,0,1,1,B03,8,3,5,50,5,1,1,5,4,5,7,2,1,1,5,5,2,17,1,66,3,10,1,1,7,5,1,8,1,5,,6,6,1,22,9,121.5434606,25.0310692
111,2,14,22,17,2,04大安區,大安區復興南路2段與復興南路2段78巷口,0,0,1,2,C03,8,3,5,50,5,1,1,5,4,5,7,2,1,1,5,5,2,17,1,27,2,9,1,1,7,9,1,10,1,11,,13,6,1,22,9,121.5434606,25.0310692
111,2,14,22,45,2,09北投區,北投區西安街1段281巷與西安街1段口,0,0,1,1,C03,8,3,5,50,4,1,1,5,4,5,7,2,1,9,4,5,2,12,1,30,2,9,1,1,7,4,1,9,1,11,,23,23,1,22,9,121.5168437,25.11189471
111,2,14,22,45,2,09北投區,北投區西安街1段281巷與西安街1段口,0,0,1,2,B03,8,3,5,50,4,1,1,5,4,5,7,2,1,9,4,5,2,12,1,30,3,10,1,4,7,5,1,8,1,4,,44,23,1,22,9,121.5168437,25.11189471
111,2,15,2,23,2,05中正區,中正區汀州路1段200號,0,0,1,1,B03,8,3,5,50,4,1,1,5,4,5,7,4,4,5,2,5,2,17,1,24,3,10,1,1,7,11,1,8,2,4,,10,10,1,22,9,121.5093601,25.02804401
111,2,15,2,23,2,05中正區,中正區汀州路1段200號,0,0,1,2,C03,8,3,5,50,4,1,1,5,4,5,7,4,4,5,2,5,2,17,1,30,2,9,1,1,7,9,1,10,2,11,,13,10,1,22,9,121.5093601,25.02804401
111,2,15,3,18,2,04大安區,大安區仁愛路4段與敦化南路1段口,0,0,1,1,C04,8,3,5,50,4,1,1,5,4,5,7,1,1,1,5,5,1,12,1,23,2,9,1,1,7,6,1,10,2,12,14,9,9,1,22,9,121.5497051,25.03800908
111,2,15,3,18,2,04大安區,大安區仁愛路4段與敦化南路1段口,0,0,1,2,B01,8,3,5,50,4,1,1,5,4,5,7,1,1,1,5,5,1,12,1,57,3,10,1,1,7,9,1,4,2,1,,44,9,1,22,9,121.5497051,25.03800908
111,2,15,5,15,2,03中山區,中山區中山北路2段65巷與中山北路2段口,0,0,2,1,C03,7,3,5,50,3,2,1,5,4,5,7,4,4,5,4,5,2,9,1,26,2,9,1,4,7,9,1,10,2,11,,23,23,1,22,9,121.5229768,25.05720772
111,2,15,5,15,2,03中山區,中山區中山北路2段65巷與中山北路2段口,0,0,2,2,H01,7,3,5,50,3,2,1,5,4,5,7,4,4,5,4,5,2,9,2,73,2,8,4,5,8,16,8,20,10,16,,67,23,1,22,9,121.5229768,25.05720772
111,2,15,5,43,2,03中山區,中山區民權東路3段與復興北路口,0,0,1,1,B03,8,3,5,50,4,1,1,5,4,5,7,1,1,1,3,5,1,17,1,25,3,10,1,1,7,6,1,8,1,6,,9,9,1,22,9,121.5440726,25.06235331
111,2,15,5,43,2,03中山區,中山區民權東路3段與復興北路口,0,0,1,2,C03,8,3,5,50,4,1,1,5,4,5,7,1,1,1,3,5,1,17,1,63,2,8,1,1,7,9,1,10,1,11,,13,9,2,22,9,121.5440726,25.06235331
111,2,15,6,0,2,12內湖區,內湖區民權東路6段13-9號對面,0,0,1,1,B01,8,1,5,50,14,9,1,5,4,5,7,4,4,1,4,5,2,16,1,56,3,10,1,1,7,8,1,4,2,2,,7,7,1,22,9,121.5789876,25.0666021
111,2,15,6,0,2,12內湖區,內湖區民權東路6段13-9號對面,0,0,1,2,C03,8,1,5,50,14,9,1,5,4,5,7,4,4,1,4,5,2,16,2,61,2,9,1,1,7,10,3,18,2,14,,7,7,1,22,9,121.5789876,25.0666021
111,2,15,6,42,2,01大同區,大同區民族西路與承德路3段口,0,0,1,1,B03,8,2,5,50,4,1,1,5,4,5,7,1,1,3,4,1,2,16,1,60,3,10,1,1,7,5,1,8,2,6,,6,6,1,22,9,121.5184419,25.06856019
111,2,15,6,42,2,01大同區,大同區民族西路與承德路3段口,0,0,1,2,C03,8,2,5,50,4,1,1,5,4,5,7,1,1,3,4,1,2,16,2,38,2,9,1,1,7,9,1,10,2,11,,44,6,1,22,9,121.5184419,25.06856019
111,2,15,7,9,2,09北投區,北投區稻香路第039號燈桿旁,0,0,1,1,C03,8,1,5,40,11,9,1,5,4,5,1,4,4,4,4,5,1,11,1,33,2,9,1,1,7,4,1,10,1,11,,1,1,1,22,9,121.4820189,25.14452045
111,2,15,7,9,2,09北投區,北投區稻香路第039號燈桿旁,0,0,1,2,B03,8,1,5,40,11,9,1,5,4,5,1,4,4,4,4,5,1,11,1,79,3,10,1,1,7,9,1,8,1,8,,44,1,1,22,9,121.4820189,25.14452045
111,2,15,7,25,2,12內湖區,內湖區基湖路3巷與洲子街口,0,0,1,1,B03,8,1,5,50,3,1,1,5,4,5,7,4,4,5,5,5,2,11,1,52,3,10,1,1,7,5,1,8,1,5,,8,8,1,22,9,121.5659166,25.08110114
111,2,15,7,25,2,12內湖區,內湖區基湖路3巷與洲子街口,0,0,1,2,C03,8,1,5,50,3,1,1,5,4,5,7,4,4,5,5,5,2,11,1,24,2,9,1,1,7,9,1,10,1,11,,13,8,1,22,9,121.5659166,25.08110114
111,2,15,7,40,2,11南港區,南港區研究院路1段101巷與研究院路1段101巷16弄口,0,0,1,1,B03,7,1,5,50,5,2,1,5,4,5,7,2,1,8,5,5,2,16,2,50,3,10,3,4,7,9,1,8,1,7,,44,44,1,22,9,121.6169043,25.05177694
111,2,15,7,40,2,11南港區,南港區研究院路1段101巷與研究院路1段101巷16弄口,0,0,1,2,C03,7,1,5,50,5,2,1,5,4,5,7,2,1,8,5,5,2,16,2,44,2,8,3,4,7,1,1,10,1,12,,19,44,1,22,9,121.6169043,25.05177694
111,2,15,7,45,2,03中山區,中山區明水路397巷與明水路397巷2弄口口,0,0,1,1,B03,7,1,5,30,4,1,1,5,4,5,7,4,4,9,4,5,2,15,2,40,3,10,3,4,7,9,1,8,1,1,,6,6,1,19,9,121.5476855,25.0780486
111,2,15,7,45,2,03中山區,中山區明水路397巷與明水路397巷2弄口口,0,0,1,2,B02,7,1,5,30,4,1,1,5,4,5,7,4,4,9,4,5,2,15,1,42,3,10,3,4,7,9,1,8,1,4,,44,6,1,22,9,121.5476855,25.0780486
111,2,15,7,45,2,03中山區,中山區明水路397巷與明水路397巷2弄口口,0,0,1,3,H03,7,1,5,30,4,1,1,5,4,5,7,4,4,9,4,5,2,15,2,71,2,7,4,5,8,20,8,20,10,16,,67,6,1,19,9,121.5476855,25.0780486
111,2,15,8,4,2,03中山區,中山區長安東路1段30巷與林森北路67巷口,0,0,1,1,C03,8,1,5,50,4,1,1,5,4,5,7,4,4,10,5,5,2,16,2,37,2,9,1,1,7,9,1,10,1,12,,6,6,1,5,1,121.5262342,25.04826587
111,2,15,8,4,2,03中山區,中山區長安東路1段30巷與林森北路67巷口,0,0,1,2,C03,8,1,5,50,4,1,1,5,4,5,7,4,4,10,5,5,2,16,1,43,3,10,1,1,7,9,1,10,1,11,,44,6,1,5,1,121.5262342,25.04826587
111,2,15,8,5,2,02萬華區,萬華區和平西路3段與和平西路3段286巷口,0,0,2,1,C03,8,1,5,50,4,2,1,5,4,5,7,4,4,1,4,5,1,15,1,71,2,9,1,1,7,9,3,18,1,12,,6,6,1,22,9,121.4949554,25.03533028
111,2,15,8,5,2,02萬華區,萬華區和平西路3段與和平西路3段286巷口,0,0,2,2,C03,8,1,5,50,4,2,1,5,4,5,7,4,4,1,4,5,1,15,1,37,2,9,1,1,7,9,1,10,1,11,,13,6,1,22,9,121.4949554,25.03533028
111,2,15,8,22,2,01大同區,大同區昌吉街27號,0,0,2,2,C03,8,1,5,50,3,2,1,5,4,5,7,4,4,9,4,5,2,16,1,34,2,9,3,4,7,9,1,10,2,11,,4,44,1,22,9,121.5173351,25.0657545
111,2,15,8,22,2,01大同區,大同區昌吉街27號,0,0,2,1,C03,8,1,5,50,3,2,1,5,4,5,7,4,4,9,4,5,2,16,2,33,2,8,3,4,7,5,1,10,2,14,,44,44,1,22,9,121.5173351,25.0657545
111,2,15,8,25,2,07信義區,信義區信義路6段34號,0,0,1,1,A02,8,1,5,50,14,9,1,5,4,5,7,4,4,9,4,5,1,9,1,52,3,10,1,1,7,14,1,2,9,15,,42,42,1,22,9,121.575758,25.034223
111,2,15,8,25,2,07信義區,信義區信義路6段34號,0,0,1,2,H02,8,1,5,50,14,9,1,5,4,5,7,4,4,9,4,5,1,9,2,45,2,8,4,5,7,19,8,20,10,16,,67,42,1,22,9,121.575758,25.034223
111,2,15,8,28,2,03中山區,中山區龍江路與龍江路415巷口,0,0,1,1,C03,8,1,5,50,4,1,1,5,4,5,7,4,4,10,4,5,2,15,1,39,3,10,1,4,7,1,1,10,1,11,,19,19,1,22,9,121.5420008,25.0664042
111,2,15,8,28,2,03中山區,中山區龍江路與龍江路415巷口,0,0,1,2,C03,8,1,5,50,4,1,1,5,4,5,7,4,4,10,4,5,2,15,2,47,2,7,1,4,7,9,1,10,1,14,,14,19,1,22,9,121.5420008,25.0664042
111,2,15,8,28,2,03中山區,中山區龍江路與龍江路415巷口,0,0,1,3,B12,8,1,5,50,4,1,1,5,4,5,7,4,4,10,4,5,2,15,1,54,3,10,1,4,7,14,1,8,1,15,,38,19,1,22,9,121.5420008,25.0664042
111,2,15,8,37,2,05中正區,中正區市民大道1段往東過國光客運,0,0,1,1,C03,7,1,5,40,14,9,1,5,4,5,7,4,4,1,4,5,1,12,2,25,2,9,1,1,7,15,1,10,1,14,,44,44,1,22,9,121.5193762,25.04822606
111,2,15,8,37,2,05中正區,中正區市民大道1段往東過國光客運,0,0,1,2,C03,7,1,5,40,14,9,1,5,4,5,7,4,4,1,4,5,1,12,1,35,3,10,1,1,7,9,1,10,1,12,,23,44,1,22,9,121.5193762,25.04822606
111,2,15,8,40,2,05中正區,中正區重慶南路2段與南海路口,0,0,1,1,C03,8,1,5,50,14,9,1,5,4,5,7,1,1,1,4,1,2,3,1,25,3,10,1,1,7,9,1,10,1,11,,42,42,1,22,9,121.5144725,25.0319212
111,2,15,8,40,2,05中正區,中正區重慶南路2段與南海路口,0,0,1,2,H01,8,1,5,50,14,9,1,5,4,5,7,1,1,1,4,1,2,3,2,84,2,9,4,5,8,16,8,20,10,16,,60,42,1,22,9,121.5144725,25.0319212
111,2,15,8,43,2,10文山區,文山區溪洲街P309橋墩,0,0,2,1,H01,8,1,5,30,14,9,1,5,4,5,7,4,4,9,4,5,2,3,1,49,2,9,4,5,8,16,8,20,10,16,,51,51,1,22,9,121.5351653,25.00461914
111,2,15,8,43,2,10文山區,文山區溪洲街P309橋墩,0,0,2,2,C03,8,1,5,30,14,9,1,5,4,5,7,4,4,9,4,5,2,3,1,22,2,9,1,1,7,9,1,10,1,11,,13,51,1,22,9,121.5351653,25.00461914
111,2,15,8,50,2,02萬華區,萬華區大理街128號,0,0,1,1,F01,8,1,5,30,14,9,1,5,4,5,7,4,4,10,5,5,2,16,1,78,2,1,1,1,7,21,8,20,11,16,,44,44,1,22,9,121.4960645,25.03404203
111,2,15,8,50,2,02萬華區,萬華區大理街128號,0,0,1,2,B03,8,1,5,30,14,9,1,5,4,5,7,4,4,10,5,5,2,16,1,32,3,10,1,1,7,9,1,8,2,6,,44,44,1,22,9,121.4960645,25.03404203
111,2,15,8,55,2,08士林區,士林區雨聲街陽明醫院大門出入口,0,0,1,1,B03,8,1,5,50,14,9,1,5,4,5,7,4,4,5,4,5,2,12,1,26,3,10,1,1,7,6,1,8,1,2,,9,9,1,22,9,121.5312439,25.10539375
111,2,15,8,55,2,08士林區,士林區雨聲街陽明醫院大門出入口,0,0,1,2,C03,8,1,5,50,14,9,1,5,4,5,7,4,4,5,4,5,2,12,1,29,2,9,1,1,7,9,1,10,1,14,,44,9,1,22,9,121.5312439,25.10539375
111,2,15,8,55,2,08士林區,士林區德行東路109巷63弄與德行東路109巷口,0,0,1,1,B03,8,1,5,50,4,1,1,5,4,5,7,4,4,9,5,5,1,15,1,62,3,10,1,1,7,9,1,8,2,1,,6,6,1,22,9,121.5285195,25.1095366
111,2,15,8,55,2,08士林區,士林區德行東路109巷63弄與德行東路109巷口,0,0,1,2,C03,8,1,5,50,4,1,1,5,4,5,7,4,4,9,5,5,1,15,2,26,2,8,1,1,7,9,1,10,2,12,,44,6,1,22,9,121.5285195,25.1095366
111,2,15,9,9,2,05中正區,中正區信義路2段與金山南路1段口口,0,0,1,1,F01,8,1,5,50,4,2,1,5,4,5,7,2,1,9,4,4,1,16,2,33,2,9,1,1,7,7,8,20,1,16,,23,23,1,21,5,121.5272377,25.03445315
111,2,15,9,9,2,05中正區,中正區信義路2段與金山南路1段口口,0,0,1,2,B01,8,1,5,50,4,2,1,5,4,5,7,2,1,9,4,4,1,16,1,66,3,10,1,1,7,9,1,4,1,2,,44,23,1,21,1,121.5272377,25.03445315
111,2,15,9,9,2,05中正區,中正區信義路2段與金山南路1段口口,0,0,1,3,B03,8,1,5,50,4,2,1,5,4,5,7,2,1,9,4,4,1,16,1,61,3,10,1,1,7,14,1,8,11,8,,38,23,1,21,5,121.5272377,25.03445315
111,2,15,9,13,2,04大安區,大安區基隆路4段43號,0,0,1,1,C03,8,1,5,50,14,7,1,5,4,5,7,2,1,1,4,4,2,12,2,25,2,9,3,4,7,4,1,10,1,12,,23,23,1,22,9,121.5405192,25.01383292
111,2,15,9,13,2,04大安區,大安區基隆路4段43號,0,0,1,2,B03,8,1,5,50,14,7,1,5,4,5,7,2,1,1,4,4,2,12,2,41,3,10,3,4,7,9,1,8,1,7,,44,23,1,22,9,121.5405192,25.01383292
111,2,15,9,15,2,05中正區,中正區重慶南路1段38號,0,0,1,1,C03,8,1,5,50,14,9,1,5,4,5,7,4,4,10,4,5,1,13,1,28,2,9,1,1,7,9,1,10,2,11,,23,23,1,22,9,121.5131827,25.04474629
111,2,15,9,15,2,05中正區,中正區重慶南路1段38號,0,0,1,2,C03,8,1,5,50,14,9,1,5,4,5,7,4,4,10,4,5,1,13,2,41,3,10,1,1,7,9,1,10,2,13,,44,23,1,22,9,121.5131827,25.04474629
111,2,15,9,20,2,02萬華區,萬華區萬大路148號,0,0,3,1,C03,8,1,5,30,14,9,1,5,4,1,7,4,4,3,1,5,1,17,1,42,2,9,1,1,7,8,6,10,1,12,,7,7,1,22,9,121.5004575,25.02891677
111,2,15,9,20,2,02萬華區,萬華區萬大路148號,0,0,3,3,C03,8,1,5,30,14,9,1,5,4,1,7,4,4,3,1,5,1,17,2,60,2,9,1,3,7,9,1,10,1,12,,44,7,1,22,9,121.5004575,25.02891677
111,2,15,9,20,2,02萬華區,萬華區萬大路148號,0,0,3,2,C03,8,1,5,30,14,9,1,5,4,1,7,4,4,3,1,5,1,17,1,32,2,9,1,1,7,9,1,10,1,14,,13,7,1,22,9,121.5004575,25.02891677
111,2,15,9,23,2,06松山區,松山區光復北路與延壽街口,0,0,1,1,B03,8,1,5,50,4,1,1,5,4,5,7,1,1,9,5,5,2,11,2,61,3,10,1,1,7,5,1,8,1,8,,6,6,1,22,9,121.5556037,25.0562387
111,2,15,9,23,2,06松山區,松山區光復北路與延壽街口,0,0,1,2,C03,8,1,5,50,4,1,1,5,4,5,7,1,1,9,5,5,2,11,2,31,2,9,1,1,7,9,1,10,1,11,,25,6,1,22,9,121.5556037,25.0562387
111,2,15,9,40,2,11南港區,南港區忠孝東路6段與昆陽街口,0,0,1,1,A41,7,1,5,50,4,2,1,5,4,5,7,2,1,3,3,4,2,16,1,33,3,10,3,4,7,6,1,1,1,6,,9,9,1,22,9,121.5939629,25.05053939
111,2,15,9,40,2,11南港區,南港區忠孝東路6段與昆陽街口,0,0,1,2,C03,7,1,5,50,4,2,1,5,4,5,7,2,1,3,3,4,2,16,2,40,2,9,3,4,7,9,1,10,1,13,,44,9,1,22,9,121.5939629,25.05053939
111,2,15,9,44,2,04大安區,大安區泰順街與辛亥路1段口,0,0,1,1,,8,1,5,50,5,1,1,5,4,5,7,1,1,1,4,1,2,3,4,,4,11,3,4,7,15,7,19,11,15,,43,43,2,22,9,121.5322782,25.022619
111,2,15,9,44,2,04大安區,大安區泰順街與辛亥路1段口,0,0,1,2,H01,8,1,5,50,5,1,1,5,4,5,7,1,1,1,4,1,2,3,2,81,2,7,4,5,8,16,8,20,10,16,,67,43,1,22,9,121.5322782,25.022619
111,2,15,9,46,2,09北投區,北投區立農街2段與石牌路2段113巷口,0,0,1,1,H01,8,1,5,0,15,18,1,5,4,5,7,2,1,10,5,5,2,3,2,48,2,9,4,5,8,16,8,20,10,16,,52,52,1,22,9,121.5169721,25.1185746
111,2,15,9,46,2,09北投區,北投區立農街2段與石牌路2段113巷口,0,0,1,2,C03,8,1,5,0,15,18,1,5,4,5,7,2,1,10,5,5,2,3,1,29,3,10,1,1,7,9,1,10,2,11,,15,52,1,22,9,121.5169721,25.1185746
111,2,15,10,7,2,03中山區,中山區吉林路與松江路64巷口,0,0,1,1,C03,8,1,5,50,4,1,1,5,4,5,7,4,4,9,4,5,2,12,1,32,3,10,1,1,7,5,1,10,1,13,,8,8,1,5,3,121.5300198,25.04897317
111,2,15,10,7,2,03中山區,中山區吉林路與松江路64巷口,0,0,1,2,C03,8,1,5,50,4,1,1,5,4,5,7,4,4,9,4,5,2,12,1,54,2,9,1,1,7,9,1,10,1,11,,44,8,1,5,3,121.5300198,25.04897317
111,2,15,10,21,2,10文山區,文山區羅斯福路5段與萬盛街口,0,0,2,1,F03,8,1,5,50,4,2,1,5,4,5,7,1,1,1,4,5,2,17,2,68,2,9,1,1,7,9,8,20,1,16,,23,23,1,22,9,121.5380961,25.00797751
111,2,15,10,21,2,10文山區,文山區羅斯福路5段與萬盛街口,0,0,2,2,C03,8,1,5,50,4,2,1,5,4,5,7,1,1,1,4,5,2,17,2,22,2,9,1,1,7,15,1,10,1,14,,44,23,1,22,9,121.5380961,25.00797751
111,2,15,10,50,2,12內湖區,內湖區環山路3段與內湖路1段737巷口,0,0,2,1,B12,8,1,5,40,3,1,1,5,4,5,7,4,4,10,5,5,2,17,1,38,3,10,1,1,7,1,1,8,1,4,,19,19,1,22,9,121.5789583,25.08445274
111,2,15,10,50,2,12內湖區,內湖區環山路3段與內湖路1段737巷口,0,0,2,2,C03,8,1,5,40,3,1,1,5,4,5,7,4,4,10,5,5,2,17,2,34,2,9,1,1,7,9,1,10,1,11,,42,19,1,22,9,121.5789583,25.08445274
111,2,15,10,50,2,12內湖區,內湖區環山路3段與內湖路1段737巷口,0,0,2,3,C03,8,1,5,40,3,1,1,5,4,5,7,4,4,10,5,5,2,17,2,26,2,8,2,1,7,9,1,8,1,11,,44,19,1,22,9,121.5789583,25.08445274
111,2,15,10,56,2,12內湖區,內湖區安康路與南湖大橋口,0,0,1,1,B02,8,1,5,50,4,1,1,5,4,5,7,2,1,2,4,5,2,17,1,50,3,10,1,1,7,6,1,8,1,5,,9,9,1,22,9,121.6108691,25.06490434
111,2,15,10,56,2,12內湖區,內湖區安康路與南湖大橋口,0,0,1,2,C03,8,1,5,50,4,1,1,5,4,5,7,2,1,2,4,5,2,17,2,47,2,9,1,1,7,9,1,10,1,14,,44,9,1,22,9,121.6108691,25.06490434
111,2,15,10,58,2,04大安區,大安區忠孝東路4段49巷與忠孝東路4段口,0,0,1,1,C03,7,1,5,50,3,2,1,5,4,5,7,4,4,1,4,5,2,17,1,28,2,9,1,1,7,9,1,10,1,15,,42,42,1,21,8,121.5448275,25.04167033
111,2,15,10,58,2,04大安區,大安區忠孝東路4段49巷與忠孝東路4段口,0,0,1,2,B11,7,1,5,50,3,2,1,5,4,5,7,4,4,1,4,5,2,17,1,41,3,10,1,1,7,7,4,8,1,6,,44,42,1,21,8,121.5448275,25.04167033
111,2,15,10,58,2,04大安區,大安區忠孝東路4段49巷與忠孝東路4段口,0,0,1,3,A04,7,1,5,50,3,2,1,5,4,5,7,4,4,1,4,5,2,17,1,50,3,10,1,1,7,9,1,2,1,4,,44,42,1,21,8,121.5448275,25.04167033
111,2,15,11,20,2,05中正區,中正區貴陽街1段與重慶南路1段口,0,0,1,2,C03,8,1,5,50,4,2,1,5,4,5,7,1,1,5,4,5,2,17,1,18,2,9,1,1,7,9,1,10,2,14,,13,7,1,22,9,121.5128487,25.03903797
111,2,15,11,20,2,05中正區,中正區貴陽街1段與重慶南路1段口,0,0,1,1,B02,8,1,5,50,4,2,1,5,4,5,7,1,1,5,4,5,2,17,1,25,3,10,1,1,7,7,1,8,9,15,,7,7,1,22,9,121.5128487,25.03903797
111,2,15,11,40,2,07信義區,信義區信義路5段與松仁路口,0,0,1,1,B03,8,1,5,50,4,1,1,5,4,5,7,1,1,3,4,5,1,16,2,41,3,10,1,1,7,6,1,8,1,5,,9,9,1,22,9,121.5682065,25.0327121
111,2,15,11,40,2,07信義區,信義區信義路5段與松仁路口,0,0,1,2,C03,8,1,5,50,4,1,1,5,4,5,7,1,1,3,4,5,1,16,1,61,2,8,2,1,7,9,1,10,1,14,,44,9,1,22,9,121.5682065,25.0327121
111,2,15,11,54,2,07信義區,信義區松壽路市府停車場出口,0,0,1,1,C03,6,1,5,50,14,9,1,4,4,5,7,4,4,5,4,5,2,17,1,28,2,6,3,4,7,9,1,10,1,12,,26,26,1,22,9,121.5650011,25.03590644
111,2,15,11,54,2,07信義區,信義區松壽路市府停車場出口,0,0,1,2,B01,6,1,5,50,14,9,1,4,4,5,7,4,4,5,4,5,2,17,1,43,3,10,3,4,7,5,1,4,1,8,,44,26,1,22,9,121.5650011,25.03590644
111,2,15,12,1,2,06松山區,松山區市民大道4段251號,0,0,1,1,B01,6,1,5,40,15,9,1,4,4,5,7,4,4,1,4,5,2,17,1,51,3,10,3,4,7,11,1,1,2,2,,6,6,1,22,9,121.5541905,25.04457399
111,2,15,12,1,2,06松山區,松山區市民大道4段251號,0,0,1,2,C03,6,1,5,40,15,9,1,4,4,5,7,4,4,1,4,5,2,17,1,54,2,9,3,4,7,9,4,8,2,12,,44,6,1,22,9,121.5541905,25.04457399
111,2,15,12,3,2,06松山區,松山區塔悠路105號,0,0,1,1,B12,6,1,5,50,14,9,1,4,4,5,7,4,4,9,4,5,2,17,1,27,3,10,1,1,7,6,1,8,2,5,,9,9,1,22,9,121.5699831,25.0542553
111,2,15,12,3,2,06松山區,松山區塔悠路105號,0,0,1,2,C03,6,1,5,50,14,9,1,4,4,5,7,4,4,9,4,5,2,17,2,24,2,9,1,1,7,9,1,10,2,14,,44,9,1,22,9,121.5699831,25.0542553
111,2,15,12,18,2,07信義區,信義區和平東路3段463巷與和平東路3段509巷口,0,0,1,1,C03,7,1,5,30,14,9,1,5,4,5,7,4,4,10,5,5,2,12,2,43,3,10,1,1,7,5,1,10,1,12,,17,17,1,22,9,121.5597328,25.01911134
111,2,15,12,18,2,07信義區,信義區和平東路3段463巷與和平東路3段509巷口,0,0,1,2,F01,7,1,5,30,14,9,1,5,4,5,7,4,4,10,5,5,2,12,2,82,2,9,1,1,7,5,8,20,1,16,,17,17,1,22,9,121.5597328,25.01911134
111,2,15,12,19,2,12內湖區,內湖區港墘路48號,0,0,1,1,B12,6,1,5,50,14,9,1,4,4,5,7,4,4,1,4,5,2,16,4,,4,11,3,4,7,15,7,19,11,15,,43,43,2,22,9,121.5781485,25.08205453
111,2,15,12,19,2,12內湖區,內湖區港墘路48號,0,0,1,2,C03,6,1,5,50,14,9,1,4,4,5,7,4,4,1,4,5,2,16,1,24,2,8,1,1,7,7,1,8,1,14,,7,43,1,22,9,121.5781485,25.08205453
111,2,15,12,19,2,12內湖區,內湖區港墘路48號,0,0,1,3,B12,6,1,5,50,14,9,1,4,4,5,7,4,4,1,4,5,2,16,1,50,3,10,1,1,7,9,1,4,1,8,,44,43,1,22,9,121.5781485,25.08205453
111,2,15,12,35,2,04大安區,大安區忠孝東路4段與敦化南路1段口,0,0,2,1,B03,6,1,5,50,4,2,1,4,4,5,7,1,1,10,5,5,2,17,1,48,4,11,3,4,7,15,7,19,11,15,,43,43,2,22,9,121.548589,25.04140273
111,2,15,12,35,2,04大安區,大安區忠孝東路4段與敦化南路1段口,0,0,2,2,C03,6,1,5,50,4,2,1,4,4,5,7,1,1,10,5,5,2,17,1,20,2,7,1,1,7,12,1,10,1,14,,44,43,1,22,9,121.548589,25.04140273