發生年度,發生月,發生日,發生時-Hours,發生分,處理別-編號,區序,肇事地點,死亡人數,2-30日死亡人數,受傷人數,當事人序號,車種,天候,光線,道路類別,速限-速度限制,道路型態,事故位置,路面狀況1,路面狀況2,路面狀況3,道路障礙1,道路障礙2,號誌1,號誌2,車道劃分-分向,車道劃分-分道1,車道劃分-分道2,車道劃分-分道3,事故類型及型態,性別,年齡,受傷程度,主要傷處,安全帽,行動電話,車輛用途,當事者行動狀態,駕駛資格情形,駕駛執照種類,飲酒情形,車輛撞擊部位1,車輛撞擊部位2,肇因碼-個別,肇因碼-主要,個人肇逃否,職業,旅次目的,座標-X,座標-Y
111,2,15,12,35,2,04大安區,大安區忠孝東路4段與敦化南路1段口,0,0,2,3,H02,6,1,5,50,4,2,1,4,4,5,7,1,1,10,5,5,2,17,2,19,2,7,1,1,7,20,8,20,10,16,,67,43,1,22,9,121.548589,25.04140273
111,2,15,12,43,2,10文山區,文山區忠順街2段與保儀路口,0,0,1,1,B03,7,1,5,50,4,1,4,4,4,5,7,1,1,10,5,5,2,15,1,63,3,10,3,4,7,11,1,8,2,5,,10,10,1,22,9,121.5667856,24.98475095
111,2,15,12,43,2,10文山區,文山區忠順街2段與保儀路口,0,0,1,2,C03,7,1,5,50,4,1,4,4,4,5,7,1,1,10,5,5,2,15,2,19,2,9,1,1,7,9,1,10,2,14,,44,10,1,22,9,121.5667856,24.98475095
111,2,15,12,53,2,08士林區,士林區文林路與文林路661巷口,0,0,2,1,C03,8,1,5,50,3,1,1,4,4,5,7,2,1,5,4,5,2,17,2,34,2,9,1,1,7,1,1,10,1,11,,25,25,1,21,8,121.5225818,25.10073337
111,2,15,12,53,2,08士林區,士林區文林路與文林路661巷口,0,0,2,2,C03,8,1,5,50,3,1,1,4,4,5,7,2,1,5,4,5,2,17,2,22,2,8,1,1,7,1,1,10,1,14,,19,25,1,21,8,121.5225818,25.10073337
111,2,15,13,24,2,09北投區,北投區承德路7段303號,0,0,3,1,C03,8,1,5,60,14,8,1,5,4,5,7,4,4,1,4,4,2,17,1,42,2,7,1,1,7,15,1,10,1,12,,16,16,1,22,9,121.5040762,25.11703148
111,2,15,13,24,2,09北投區,北投區承德路7段303號,0,0,3,2,C03,8,1,5,60,14,8,1,5,4,5,7,4,4,1,4,4,2,17,1,21,2,1,1,1,7,9,1,10,1,11,,16,16,1,22,9,121.5040762,25.11703148
111,2,15,13,24,2,09北投區,北投區承德路7段303號,0,0,3,3,H02,8,1,5,60,14,8,1,5,4,5,7,4,4,1,4,4,2,17,2,23,2,7,1,5,7,21,8,20,10,16,,67,16,1,22,9,121.5040762,25.11703148
111,2,15,14,36,2,04大安區,大安區忠孝東路3段與復興南路1段口,0,0,2,1,C03,8,1,5,50,4,1,1,5,4,5,7,2,1,1,4,5,2,12,1,26,2,9,1,1,7,8,1,10,1,13,,7,7,1,22,9,121.5436816,25.04180833
111,2,15,14,36,2,04大安區,大安區忠孝東路3段與復興南路1段口,0,0,2,2,C03,8,1,5,50,4,1,1,5,4,5,7,2,1,1,4,5,2,12,2,18,2,8,1,1,7,9,1,10,1,11,,44,7,1,22,9,121.5436816,25.04180833
111,2,15,15,14,2,08士林區,士林區通河西街2段242號燈桿,0,0,1,1,C03,8,1,5,0,14,9,1,5,4,5,7,4,4,10,5,5,1,10,2,53,2,9,1,4,7,9,3,18,8,11,,5,5,1,22,9,121.5066258,25.0933673
111,2,15,15,14,2,08士林區,士林區通河西街2段242號燈桿,0,0,1,2,B03,8,1,5,0,14,9,1,5,4,5,7,4,4,10,5,5,1,10,1,46,3,10,3,4,7,9,1,4,2,4,,44,5,1,22,9,121.5066258,25.0933673
111,2,15,15,14,2,08士林區,士林區通河西街2段242號燈桿,0,0,1,3,B02,8,1,5,0,14,9,1,5,4,5,7,4,4,10,5,5,1,10,1,45,3,10,3,4,7,9,1,8,2,4,,44,5,1,22,9,121.5066258,25.0933673
111,2,15,15,21,2,05中正區,中正區羅斯福路2段30巷與羅斯福路2段48巷口,0,0,1,1,C02,8,1,5,30,4,1,1,5,4,5,7,4,4,10,5,5,2,15,1,65,2,9,1,1,7,9,1,9,2,11,,6,6,1,22,9,121.5210185,25.02755327
111,2,15,15,21,2,05中正區,中正區羅斯福路2段30巷與羅斯福路2段48巷口,0,0,1,2,B03,8,1,5,30,4,1,1,5,4,5,7,4,4,10,5,5,2,15,1,46,3,10,1,1,7,9,1,8,2,2,,44,6,1,22,9,121.5210185,25.02755327
111,2,15,15,25,2,04大安區,大安區延吉街160巷5-2號,0,0,1,1,B03,7,1,5,30,14,9,1,5,4,3,7,4,4,10,5,5,2,2,1,70,4,11,3,4,7,15,7,19,11,15,,23,23,2,22,9,121.5545355,25.03938584
111,2,15,15,25,2,04大安區,大安區延吉街160巷5-2號,0,0,1,2,H01,7,1,5,30,14,9,1,5,4,3,7,4,4,10,5,5,2,2,1,58,2,7,4,5,8,16,8,20,10,16,,67,23,1,22,9,121.5545355,25.03938584
111,2,15,15,25,2,10文山區,文山區辛亥路7段52號,0,0,1,1,B12,7,1,5,50,14,8,1,5,4,5,7,4,4,5,5,4,2,17,1,39,3,10,1,1,7,8,1,3,2,6,,7,7,1,22,9,121.5542379,24.98467365
111,2,15,15,25,2,10文山區,文山區辛亥路7段52號,0,0,1,2,C03,7,1,5,50,14,8,1,5,4,5,7,4,4,5,5,4,2,17,1,21,2,9,1,1,7,9,1,10,2,11,,44,7,1,22,9,121.5542379,24.98467365
111,2,15,15,25,2,10文山區,文山區辛亥路7段52號,0,0,1,3,B03,7,1,5,50,14,8,1,5,4,5,7,4,4,5,5,4,2,17,1,43,3,10,3,1,7,13,1,8,11,4,,44,7,1,22,9,121.5542379,24.98467365
111,2,15,15,27,2,08士林區,士林區中山北路6段與士東路口士東國小公車站牌,0,0,1,1,A02,8,1,5,50,5,2,1,5,4,5,7,2,1,3,4,5,1,9,1,43,3,10,1,1,7,15,1,2,1,15,,43,43,1,22,9,121.5259403,25.11150174
111,2,15,15,27,2,08士林區,士林區中山北路6段與士東路口士東國小公車站牌,0,0,1,2,H02,8,1,5,50,5,2,1,5,4,5,7,2,1,3,4,5,1,9,2,57,2,1,4,5,7,20,8,20,10,16,,67,43,1,22,9,121.5259403,25.11150174
111,2,15,15,45,2,02萬華區,萬華區大理街與大理街116巷口口,0,0,3,1,C03,8,1,5,30,4,1,1,5,4,5,7,4,4,10,5,5,2,15,2,18,2,8,3,4,7,9,1,10,2,11,,26,26,1,22,9,121.497429,25.03422276
111,2,15,15,45,2,02萬華區,萬華區大理街與大理街116巷口口,0,0,3,2,C03,8,1,5,30,4,1,1,5,4,5,7,4,4,10,5,5,2,15,2,63,2,9,3,4,7,9,1,10,2,12,,44,26,1,22,9,121.497429,25.03422276
111,2,15,15,45,2,02萬華區,萬華區大理街與大理街116巷口口,0,0,3,3,H02,8,1,5,30,4,1,1,5,4,5,7,4,4,10,5,5,2,15,2,50,2,9,4,5,7,21,8,20,10,16,,67,26,1,22,9,121.497429,25.03422276
111,2,15,15,50,2,11南港區,南港區南港路3段與南港路3段256巷口,0,0,1,1,B03,7,1,5,50,3,2,1,5,4,5,7,2,1,8,3,5,2,16,2,54,3,10,3,4,7,5,1,8,1,8,,8,8,1,22,9,121.5849045,25.05252432
111,2,15,15,50,2,11南港區,南港區南港路3段與南港路3段256巷口,0,0,1,2,C03,7,1,5,50,3,2,1,5,4,5,7,2,1,8,3,5,2,16,1,21,2,9,3,4,7,9,1,10,1,11,,44,8,1,22,9,121.5849045,25.05252432
111,2,15,15,53,2,09北投區,北投區東華街2段與立農街1段187巷口,0,0,1,1,C03,7,1,5,40,3,2,1,5,4,5,7,1,1,10,4,5,2,12,1,30,3,10,1,4,7,9,1,10,1,15,,43,43,1,22,9,121.5048621,25.12130237
111,2,15,15,53,2,09北投區,北投區東華街2段與立農街1段187巷口,0,0,1,2,C03,7,1,5,40,3,2,1,5,4,5,7,1,1,10,4,5,2,12,1,32,2,7,1,4,7,9,1,10,1,12,,43,43,1,22,9,121.5048621,25.12130237
111,2,15,15,59,2,12內湖區,內湖區港華街100號,0,0,1,1,B03,8,1,5,50,14,9,1,5,4,5,7,4,4,9,5,5,2,12,2,41,3,10,1,1,7,1,1,8,2,8,,19,19,1,22,9,121.5722371,25.08383153
111,2,15,15,59,2,12內湖區,內湖區港華街100號,0,0,1,2,C03,8,1,5,50,14,9,1,5,4,5,7,4,4,9,5,5,2,12,2,40,2,9,1,1,7,9,1,10,2,11,,44,19,1,22,9,121.5722371,25.08383153
111,2,15,16,10,2,03中山區,中山區八德路2段與市民大道3段口,0,0,1,1,B02,7,1,5,40,4,1,1,5,4,5,7,1,1,5,4,4,2,16,1,28,3,10,3,4,7,6,1,8,1,2,,6,6,1,22,9,121.5349148,25.04506822
111,2,15,16,10,2,03中山區,中山區八德路2段與市民大道3段口,0,0,1,2,C04,7,1,5,40,4,1,1,5,4,5,7,1,1,5,4,4,2,16,2,23,2,8,3,4,7,9,1,10,1,11,,44,6,1,22,9,121.5349148,25.04506822
111,2,15,16,33,2,09北投區,北投區石牌路2段與天母西路口,0,0,1,1,B03,8,1,5,50,3,1,1,5,4,5,7,3,1,5,4,5,2,16,1,72,3,10,1,1,7,6,1,8,1,2,,9,9,1,22,9,121.5219299,25.11921715
111,2,15,16,33,2,09北投區,北投區石牌路2段與天母西路口,0,0,1,2,C03,8,1,5,50,3,1,1,5,4,5,7,3,1,5,4,5,2,16,2,42,2,7,1,1,7,9,4,11,1,14,,44,9,1,22,9,121.5219299,25.11921715
111,2,15,16,50,2,10文山區,文山區景隆街與景隆街1巷口,0,0,1,1,C03,6,1,5,30,4,1,1,4,4,5,7,4,4,10,5,5,2,15,2,46,3,10,1,1,7,9,1,10,2,12,,6,6,1,22,9,121.5402155,24.99974004
111,2,15,16,50,2,10文山區,文山區景隆街與景隆街1巷口,0,0,1,2,C03,6,1,5,30,4,1,1,4,4,5,7,4,4,10,5,5,2,15,1,47,2,9,1,1,7,9,1,10,2,11,,14,6,1,22,9,121.5402155,24.99974004
111,2,15,17,5,2,11南港區,南港區南湖大橋上橋處往內湖,0,0,1,1,C03,7,1,5,50,8,9,1,5,4,5,7,4,4,1,4,5,2,29,1,55,2,9,3,4,7,9,1,10,1,12,,42,42,1,22,9,121.6129686,25.06221315
111,2,15,17,5,2,11南港區,南港區南湖大橋上橋處往內湖,0,0,1,2,,7,1,5,50,8,9,1,5,4,5,7,4,4,1,4,5,2,29,3,,,,,,,,,,,,,67,42,1,,,121.6129686,25.06221315
111,2,15,17,10,2,03中山區,中山區復興北路28號,0,0,1,1,C03,7,1,5,50,14,9,1,5,4,5,7,4,4,1,4,5,2,13,1,58,2,9,1,1,7,12,1,10,1,11,,16,16,1,22,9,121.5438968,25.04892655
111,2,15,17,10,2,03中山區,中山區復興北路28號,0,0,1,2,C03,7,1,5,50,14,9,1,5,4,5,7,4,4,1,4,5,2,13,2,30,3,10,1,1,7,12,1,10,1,13,,44,16,1,22,9,121.5438968,25.04892655
111,2,15,17,10,2,03中山區,中山區復興北路28號,0,0,1,3,A02,7,1,5,50,14,9,1,5,4,5,7,4,4,1,4,5,2,13,1,53,3,10,1,1,7,7,1,2,9,15,,44,16,1,22,9,121.5438968,25.04892655
111,2,15,17,45,2,11南港區,南港區松河街與南港路3段314巷口,0,0,2,1,C03,6,1,5,50,3,2,1,4,4,5,7,1,1,1,4,5,2,16,1,47,2,9,1,1,7,9,1,10,1,11,,4,4,1,22,9,121.5812072,25.0524085
111,2,15,17,45,2,11南港區,南港區松河街與南港路3段314巷口,0,0,2,2,C04,6,1,5,50,3,2,1,4,4,5,7,1,1,1,4,5,2,16,1,43,2,9,1,1,7,5,1,10,1,14,,44,4,1,22,9,121.5812072,25.0524085
111,2,15,17,46,2,07信義區,信義區吳興街156巷45號前,0,0,2,1,C03,6,3,5,30,14,9,1,4,4,5,7,4,4,5,5,5,2,16,1,25,2,9,1,1,7,11,1,10,1,11,,10,10,1,22,9,121.5597631,25.0282831
111,2,15,17,46,2,07信義區,信義區吳興街156巷45號前,0,0,2,2,C03,6,3,5,30,14,9,1,4,4,5,7,4,4,5,5,5,2,16,2,24,2,8,1,1,7,9,1,10,1,11,,44,10,1,22,9,121.5597631,25.0282831
111,2,15,17,54,2,02萬華區,萬華區忠孝橋往台北市(編號288521燈桿前),0,0,1,1,C03,7,3,7,40,8,11,1,5,4,5,7,4,4,10,5,5,1,17,1,19,2,8,1,1,7,12,1,10,1,11,,16,16,1,22,9,121.5045958,25.04969249
111,2,15,17,54,2,02萬華區,萬華區忠孝橋往台北市(編號288521燈桿前),0,0,1,2,C03,7,3,7,40,8,11,1,5,4,5,7,4,4,10,5,5,1,17,1,21,3,10,1,1,7,15,1,10,1,13,,44,16,1,22,9,121.5045958,25.04969249
111,2,15,18,0,2,05中正區,中正區寧波西街87-3號,0,0,1,1,B03,6,3,5,50,14,9,1,4,4,5,7,4,4,10,4,5,2,17,1,26,3,10,1,1,7,7,1,8,2,15,,7,7,1,22,9,121.5156802,25.02988413
111,2,15,18,0,2,05中正區,中正區寧波西街87-3號,0,0,1,2,C03,6,3,5,50,14,9,1,4,4,5,7,4,4,10,4,5,2,17,1,25,2,9,1,1,7,9,1,10,2,12,,42,7,1,22,9,121.5156802,25.02988413
111,2,15,18,0,2,05中正區,中正區寧波西街87-3號,0,0,1,3,C03,6,3,5,50,14,9,1,4,4,5,7,4,4,10,4,5,2,17,2,29,3,10,1,1,7,13,1,10,1,13,,44,7,1,22,9,121.5156802,25.02988413
111,2,15,18,0,2,05中正區,中正區寧波西街87-3號,0,0,1,4,C03,6,3,5,50,14,9,1,4,4,5,7,4,4,10,4,5,2,17,1,47,3,10,1,1,7,13,1,10,1,14,,44,7,1,22,9,121.5156802,25.02988413
111,2,15,18,2,2,03中山區,中山區北安路47號前,0,0,1,1,B03,7,3,5,50,14,9,1,5,4,5,7,4,4,1,4,5,2,16,2,51,3,10,3,4,7,5,1,8,1,5,,8,8,1,19,5,121.5282048,25.07744221
111,2,15,18,2,2,03中山區,中山區北安路47號前,0,0,1,2,C03,7,3,5,50,14,9,1,5,4,5,7,4,4,1,4,5,2,16,2,33,2,9,3,4,7,9,1,10,1,14,,44,8,1,6,1,121.5282048,25.07744221
111,2,15,18,6,2,07信義區,信義區忠孝東路5段與忠孝東路5段621巷口,0,0,1,1,B03,6,3,5,50,4,1,1,4,4,5,7,2,1,1,2,5,2,16,1,26,3,10,1,1,7,5,1,8,2,2,,8,8,1,22,9,121.5791955,25.04156369
111,2,15,18,6,2,07信義區,信義區忠孝東路5段與忠孝東路5段621巷口,0,0,1,2,C03,6,3,5,50,4,1,1,4,4,5,7,2,1,1,2,5,2,16,1,25,2,9,1,1,7,9,1,10,2,11,,44,8,1,22,9,121.5791955,25.04156369
111,2,15,18,21,2,03中山區,中山區民權東路3段2號,0,0,3,2,C03,8,3,5,50,14,9,1,5,4,5,7,4,4,1,3,5,1,17,1,28,2,9,1,1,7,9,1,10,1,11,,16,19,1,22,9,121.5378705,25.06226443
111,2,15,18,21,2,03中山區,中山區民權東路3段2號,0,0,3,3,C03,8,3,5,50,14,9,1,5,4,5,7,4,4,1,3,5,1,17,1,46,2,7,1,1,7,9,1,10,1,13,,44,19,1,22,9,121.5378705,25.06226443
111,2,15,18,21,2,03中山區,中山區民權東路3段2號,0,0,3,4,C03,8,3,5,50,14,9,1,5,4,5,7,4,4,1,3,5,1,17,1,34,2,7,1,1,7,9,1,10,1,11,,23,19,1,22,9,121.5378705,25.06226443
111,2,15,18,21,2,03中山區,中山區民權東路3段2號,0,0,3,1,B01,8,3,5,50,14,9,1,5,4,5,7,4,4,1,3,5,1,17,1,56,3,10,1,1,7,1,1,4,11,15,,19,19,1,22,9,121.5378705,25.06226443
111,2,15,18,25,2,02萬華區,萬華區桂林路與柳州街口,0,0,1,1,,8,3,5,50,4,1,1,5,4,5,7,1,1,5,4,5,2,12,4,,4,11,3,4,7,15,7,19,11,15,,43,43,2,22,9,121.5050987,25.03772966
111,2,15,18,25,2,02萬華區,萬華區桂林路與柳州街口,0,0,1,2,C03,8,3,5,50,4,1,1,5,4,5,7,1,1,5,4,5,2,12,1,20,2,7,1,4,7,6,1,10,1,12,,43,43,1,22,9,121.5050987,25.03772966
111,2,15,18,25,2,12內湖區,內湖區民權東路6段與民權東路6段180巷口,0,0,1,1,C03,7,3,5,50,4,1,1,4,4,5,7,1,1,1,4,5,2,13,1,41,2,8,1,1,7,9,1,10,1,11,,16,16,1,22,9,121.5927406,25.06880393
111,2,15,18,25,2,12內湖區,內湖區民權東路6段與民權東路6段180巷口,0,0,1,2,B03,7,3,5,50,4,1,1,4,4,5,7,1,1,1,4,5,2,13,2,55,3,10,1,1,7,9,1,8,1,7,,44,16,1,22,9,121.5927406,25.06880393
111,2,15,18,28,2,09北投區,北投區東華街1段與東陽街口,0,0,3,1,C03,8,3,5,50,4,1,1,5,4,5,7,1,1,10,5,5,2,15,2,17,2,9,1,1,7,9,2,18,2,11,,25,25,1,22,9,121.5174935,25.1122898
111,2,15,18,28,2,09北投區,北投區東華街1段與東陽街口,0,0,3,2,C03,8,3,5,50,4,1,1,5,4,5,7,1,1,10,5,5,2,15,1,43,2,9,1,1,7,1,1,10,2,11,,44,25,1,22,9,121.5174935,25.1122898
111,2,15,18,28,2,09北投區,北投區東華街1段與東陽街口,0,0,3,3,C03,8,3,5,50,4,1,1,5,4,5,7,1,1,10,5,5,2,15,1,43,3,10,1,1,7,1,1,10,2,14,,44,25,1,22,9,121.5174935,25.1122898
111,2,15,18,28,2,09北投區,北投區東華街1段與東陽街口,0,0,3,4,H02,8,3,5,50,4,1,1,5,4,5,7,1,1,10,5,5,2,15,2,18,2,8,1,5,7,21,8,20,10,16,,67,25,1,22,9,121.5174935,25.1122898
111,2,15,18,40,2,12內湖區,內湖區堤外便道099燈桿,0,0,2,1,C03,8,3,5,50,14,9,1,5,4,5,7,4,4,10,4,5,2,17,2,20,2,9,1,1,7,9,1,10,2,11,,23,23,1,22,9,121.6109419,25.06342629
111,2,15,18,40,2,12內湖區,內湖區堤外便道099燈桿,0,0,2,2,B03,8,3,5,50,14,9,1,5,4,5,7,4,4,10,4,5,2,17,2,54,3,10,3,4,7,13,1,8,11,3,,44,23,1,22,9,121.6109419,25.06342629
111,2,15,18,40,2,12內湖區,內湖區堤外便道099燈桿,0,0,2,3,H02,8,3,5,50,14,9,1,5,4,5,7,4,4,10,4,5,2,17,2,21,2,9,4,5,7,21,8,20,10,16,,67,23,1,22,9,121.6109419,25.06342629
111,2,15,18,50,2,03中山區,中山區新生北路2段與民生東路1段口,0,0,1,1,B03,7,3,5,50,14,9,1,5,4,5,7,2,1,3,4,5,2,12,1,23,3,10,1,1,7,5,1,8,1,7,,8,8,1,22,9,121.5277441,25.05806467
111,2,15,18,50,2,03中山區,中山區新生北路2段與民生東路1段口,0,0,1,2,C03,7,3,5,50,14,9,1,5,4,5,7,2,1,3,4,5,2,12,2,51,2,9,1,1,7,9,1,10,1,11,,44,8,1,22,9,121.5277441,25.05806467
111,2,15,18,57,2,12內湖區,內湖區成功路4段與金龍路口,0,0,1,1,B03,7,3,5,50,4,1,1,5,4,5,7,1,1,5,4,5,2,16,1,22,3,10,1,1,7,6,1,8,1,6,,9,9,1,22,9,121.5949989,25.08418632
111,2,15,18,57,2,12內湖區,內湖區成功路4段與金龍路口,0,0,1,2,C03,7,3,5,50,4,1,1,5,4,5,7,1,1,5,4,5,2,16,2,22,2,8,1,1,7,9,1,10,1,14,,44,9,1,22,9,121.5949989,25.08418632
111,2,15,19,0,2,12內湖區,內湖區東湖路113巷與東湖路113巷3弄口,0,0,2,1,B03,7,3,5,50,3,1,1,5,4,5,7,4,4,9,5,5,2,17,1,58,3,10,1,1,7,9,1,8,2,8,,44,44,1,22,9,121.6153451,25.06901777
111,2,15,19,0,2,12內湖區,內湖區東湖路113巷與東湖路113巷3弄口,0,0,2,2,C03,7,3,5,50,3,1,1,5,4,5,7,4,4,9,5,5,2,17,2,50,2,9,1,1,7,8,1,10,2,12,,7,44,1,22,9,121.6153451,25.06901777
111,2,15,19,0,2,12內湖區,內湖區東湖路113巷與東湖路113巷3弄口,0,0,2,3,H01,7,3,5,50,3,1,1,5,4,5,7,4,4,9,5,5,2,17,2,42,2,9,4,5,8,16,8,20,10,16,,51,44,1,22,9,121.6153451,25.06901777
111,2,15,19,16,2,03中山區,中山區市民高架道往西431號燈桿處,0,0,3,1,B03,7,3,8,70,10,9,1,5,4,5,7,4,4,1,4,5,2,13,1,35,2,7,3,4,7,15,1,8,1,1,,43,43,1,22,9,121.5208951,25.04824608
111,2,15,19,16,2,03中山區,中山區市民高架道往西431號燈桿處,0,0,3,2,B03,7,3,8,70,10,9,1,5,4,5,7,4,4,1,4,5,2,13,1,42,2,1,3,4,7,9,1,8,1,3,,44,43,1,22,9,121.5208951,25.04824608
111,2,15,19,16,2,03中山區,中山區市民高架道往西431號燈桿處,0,0,3,3,H02,7,3,8,70,10,9,1,5,4,5,7,4,4,1,4,5,2,13,2,34,2,9,4,5,7,20,8,20,10,16,,67,43,1,22,9,121.5208951,25.04824608
111,2,15,19,16,2,03中山區,中山區市民高架道往西431號燈桿處,0,0,3,4,,7,3,8,70,10,9,1,5,4,5,7,4,4,1,4,5,2,13,3,,,,,,,,,,,,,67,43,1,,,121.5208951,25.04824608
111,2,15,19,25,2,11南港區,南港區南港路1段與南港路1段277巷口,0,0,1,2,C03,6,3,5,50,3,1,1,4,4,5,7,2,1,5,3,5,2,17,1,22,2,9,1,1,7,1,1,10,1,11,,44,8,1,22,9,121.6121105,25.0554861
111,2,15,19,25,2,11南港區,南港區南港路1段與南港路1段277巷口,0,0,1,1,B03,6,3,5,50,3,1,1,4,4,5,7,2,1,5,3,5,2,17,1,30,3,10,1,1,7,5,1,8,1,6,,8,8,1,22,9,121.6121105,25.0554861
111,2,15,19,43,2,09北投區,北投區聖景路與大度路3段口,0,0,2,1,B03,7,3,5,50,4,1,1,5,4,5,7,1,1,10,4,5,2,16,1,69,3,10,1,1,7,5,1,8,1,5,,6,6,1,22,9,121.4643358,25.12382579
111,2,15,19,43,2,09北投區,北投區聖景路與大度路3段口,0,0,2,2,C03,7,3,5,50,4,1,1,5,4,5,7,1,1,10,4,5,2,16,1,61,2,9,1,1,7,9,1,10,1,11,,44,6,1,22,9,121.4643358,25.12382579
111,2,15,19,43,2,09北投區,北投區聖景路與大度路3段口,0,0,2,3,H02,7,3,5,50,4,1,1,5,4,5,7,1,1,10,4,5,2,16,1,10,2,1,1,5,7,20,8,20,10,16,,67,6,1,22,9,121.4643358,25.12382579
111,2,15,20,34,2,03中山區,中山區市民大道3段與八德路2段口,0,0,2,2,C03,7,3,5,50,4,1,1,5,4,5,7,1,1,10,4,5,2,12,1,18,2,8,1,4,7,6,1,10,1,11,,9,42,1,22,9,121.534681,25.04515613
111,2,15,20,34,2,03中山區,中山區市民大道3段與八德路2段口,0,0,2,1,C03,7,3,5,50,4,1,1,5,4,5,7,1,1,10,4,5,2,12,1,62,4,11,3,4,7,15,4,8,11,15,,42,42,2,22,9,121.534681,25.04515613
111,2,15,20,34,2,03中山區,中山區市民大道3段與八德路2段口,0,0,2,3,H02,7,3,5,50,4,1,1,5,4,5,7,1,1,10,4,5,2,12,1,16,2,8,1,5,7,20,8,20,10,16,,67,42,1,22,9,121.534681,25.04515613
111,2,15,20,44,2,05中正區,中正區金山南路1段與臨沂街14巷口,0,0,2,1,B01,7,3,5,30,3,2,1,5,4,5,7,4,4,1,3,5,2,17,1,68,3,10,3,1,7,6,1,4,2,7,,6,6,1,5,4,121.5294532,25.0413497
111,2,15,20,44,2,05中正區,中正區金山南路1段與臨沂街14巷口,0,0,2,2,C03,7,3,5,30,3,2,1,5,4,5,7,4,4,1,3,5,2,17,1,25,2,8,1,1,7,9,1,10,2,12,,23,6,1,6,4,121.5294532,25.0413497
111,2,15,20,44,2,05中正區,中正區金山南路1段與臨沂街14巷口,0,0,2,3,C03,7,3,5,30,3,2,1,5,4,5,7,4,4,1,3,5,2,17,1,31,2,8,1,1,7,9,1,10,2,14,,44,6,1,5,4,121.5294532,25.0413497
111,2,15,21,8,2,03中山區,中山區民權東路2段與松江路口,0,0,1,1,C03,7,3,5,50,14,9,1,5,4,5,7,2,1,3,4,5,2,13,1,21,2,9,1,1,7,9,1,10,1,12,,16,16,1,22,9,121.5334018,25.06262042
111,2,15,21,8,2,03中山區,中山區民權東路2段與松江路口,0,0,1,2,C03,7,3,5,50,14,9,1,5,4,5,7,2,1,3,4,5,2,13,2,24,3,10,1,1,7,9,1,10,1,13,,44,16,1,22,9,121.5334018,25.06262042
111,2,15,21,8,2,03中山區,中山區民權東路2段與松江路口,0,0,1,3,B03,7,3,5,50,14,9,1,5,4,5,7,2,1,3,4,5,2,13,1,27,3,10,1,1,7,6,1,8,1,15,,9,16,1,22,9,121.5334018,25.06262042
111,2,15,21,14,2,09北投區,北投區大度路1段與大業路口,0,0,1,1,C03,7,3,5,50,5,1,1,5,4,5,7,2,1,9,4,3,2,12,2,32,2,9,1,1,7,7,1,10,1,11,,43,43,1,22,9,121.4995466,25.1212097
111,2,15,21,14,2,09北投區,北投區大度路1段與大業路口,0,0,1,2,B03,7,3,5,50,5,1,1,5,4,5,7,2,1,9,4,3,2,12,1,45,3,10,1,4,7,9,1,8,1,1,,43,43,1,22,9,121.4995466,25.1212097
111,2,15,21,29,2,05中正區,中正區中華路2段與廣州街口,0,0,1,1,B03,6,3,5,50,4,1,1,4,4,5,7,1,1,1,4,5,2,17,1,43,3,10,1,1,7,5,3,18,11,2,,25,25,2,22,9,121.5066191,25.0360227
111,2,15,21,29,2,05中正區,中正區中華路2段與廣州街口,0,0,1,2,C03,6,3,5,50,4,1,1,4,4,5,7,1,1,1,4,5,2,17,1,21,2,9,1,1,7,9,1,10,1,14,,13,25,1,22,9,121.5066191,25.0360227
111,2,15,21,43,2,02萬華區,萬華區開封街2段與西寧南路口,0,0,2,1,C03,7,3,5,50,4,1,1,5,4,5,7,1,1,10,4,5,2,16,2,31,2,9,1,4,7,5,1,10,2,14,,8,8,1,22,9,121.5070548,25.04654158
111,2,15,21,43,2,02萬華區,萬華區開封街2段與西寧南路口,0,0,2,2,C03,7,3,5,50,4,1,1,5,4,5,7,1,1,10,4,5,2,16,1,24,2,9,1,4,7,9,1,10,2,12,,44,8,1,22,9,121.5070548,25.04654158
111,2,15,22,10,2,05中正區,中正區羅斯福路3段316巷10號,0,0,1,1,C04,7,3,5,50,14,9,1,4,4,5,7,4,4,10,5,5,1,16,2,30,2,9,1,1,7,5,1,10,2,14,,17,17,1,22,9,121.532435,25.0156409
111,2,15,22,10,2,05中正區,中正區羅斯福路3段316巷10號,0,0,1,2,B01,7,3,5,50,14,9,1,4,4,5,7,4,4,10,5,5,1,16,1,62,3,10,1,1,7,9,1,4,2,5,,44,17,1,22,9,121.532435,25.0156409
111,2,15,22,23,2,04大安區,大安區敦化南路1段與敦化南路1段187巷口,0,0,1,1,B03,6,3,5,50,5,1,1,4,4,5,7,2,1,1,4,5,2,3,2,45,3,10,1,1,7,5,1,8,2,1,,43,43,1,21,8,121.548863,25.04252285
111,2,15,22,23,2,04大安區,大安區敦化南路1段與敦化南路1段187巷口,0,0,1,2,H01,6,3,5,50,5,1,1,4,4,5,7,2,1,1,4,5,2,3,1,30,2,9,4,5,8,16,8,20,10,16,,67,43,1,21,8,121.548863,25.04252285
111,2,15,22,35,2,03中山區,中山區中原街與新生北路3段3巷口,0,0,1,1,B03,8,3,5,30,4,1,1,5,4,5,7,4,4,8,3,5,1,16,2,38,3,10,1,1,7,9,3,18,1,4,,6,6,1,22,9,121.5290035,25.06315265