發生年度,發生月,發生日,發生時-Hours,發生分,處理別-編號,區序,肇事地點,死亡人數,2-30日死亡人數,受傷人數,當事人序號,車種,天候,光線,道路類別,速限-速度限制,道路型態,事故位置,路面狀況1,路面狀況2,路面狀況3,道路障礙1,道路障礙2,號誌1,號誌2,車道劃分-分向,車道劃分-分道1,車道劃分-分道2,車道劃分-分道3,事故類型及型態,性別,年齡,受傷程度,主要傷處,安全帽,行動電話,車輛用途,當事者行動狀態,駕駛資格情形,駕駛執照種類,飲酒情形,車輛撞擊部位1,車輛撞擊部位2,肇因碼-個別,肇因碼-主要,個人肇逃否,職業,旅次目的,座標-X,座標-Y
111,2,15,22,35,2,03中山區,中山區中原街與新生北路3段3巷口,0,0,1,2,C03,8,3,5,30,4,1,1,5,4,5,7,4,4,8,3,5,1,16,1,19,2,9,1,1,7,9,1,10,1,11,,14,6,1,22,9,121.5290035,25.06315265
111,2,15,23,29,2,06松山區,松山區南京東路3段與敦化北路口口,0,0,1,1,B03,6,3,5,50,4,1,1,4,4,5,7,2,1,1,3,1,1,17,1,25,3,10,1,1,7,6,1,8,2,15,,44,44,1,22,9,121.5487677,25.05181579
111,2,15,23,29,2,06松山區,松山區南京東路3段與敦化北路口口,0,0,1,2,C03,6,3,5,50,4,1,1,4,4,5,7,2,1,1,3,1,1,17,1,45,2,9,1,1,7,12,1,10,2,15,,14,44,1,22,9,121.5487677,25.05181579
111,2,16,0,7,2,04大安區,大安區新生南路2段與信義路3段口,0,0,2,1,B03,6,3,5,50,4,1,1,4,4,5,7,2,1,1,4,5,2,17,2,30,2,9,1,1,7,6,1,8,2,2,,9,9,1,22,9,121.5328908,25.03342284
111,2,16,0,7,2,04大安區,大安區新生南路2段與信義路3段口,0,0,2,2,C03,6,3,5,50,4,1,1,4,4,5,7,2,1,1,4,5,2,17,1,21,2,9,1,1,7,9,1,10,2,11,,44,9,1,22,9,121.5328908,25.03342284
111,2,16,0,43,2,01大同區,大同區延平北路3段與民權西路口,0,0,2,1,C03,6,3,5,50,4,2,1,4,4,5,7,2,1,9,4,5,1,12,1,21,2,9,1,1,7,9,1,10,2,11,,43,43,1,22,9,121.5112168,25.06329368
111,2,16,0,43,2,01大同區,大同區延平北路3段與民權西路口,0,0,2,2,F01,6,3,5,50,4,2,1,4,4,5,7,2,1,9,4,5,1,12,1,68,2,9,1,1,7,10,8,20,2,16,,43,43,1,22,9,121.5112168,25.06329368
111,2,16,0,45,2,12內湖區,內湖區五分街與安康路口,0,0,1,1,B01,6,3,5,50,4,1,1,4,4,5,7,4,4,10,5,5,2,15,1,51,3,10,1,1,7,9,1,4,2,1,,6,6,1,22,9,121.6152411,25.0673306
111,2,16,0,45,2,12內湖區,內湖區五分街與安康路口,0,0,1,2,C03,6,3,5,50,4,1,1,4,4,5,7,4,4,10,5,5,2,15,2,25,2,9,1,1,7,9,1,10,2,11,,14,6,1,22,9,121.6152411,25.0673306
111,2,16,0,48,2,03中山區,中山區中山北路4段與北安路口,0,0,2,1,B03,6,3,5,50,3,1,1,4,4,5,7,1,1,10,1,5,2,12,1,28,3,10,1,4,7,9,1,8,2,6,,25,25,1,22,9,121.5270633,25.0764976
111,2,16,0,48,2,03中山區,中山區中山北路4段與北安路口,0,0,2,2,C03,6,3,5,50,3,1,1,4,4,5,7,1,1,10,1,5,2,12,2,36,2,7,1,4,7,5,1,10,2,11,,44,25,1,22,9,121.5270633,25.0764976
111,2,16,0,48,2,03中山區,中山區中山北路4段與北安路口,0,0,2,3,H02,6,3,5,50,3,1,1,4,4,5,7,1,1,10,1,5,2,12,2,29,2,8,1,5,7,20,8,20,10,16,,67,25,1,22,9,121.5270633,25.0764976
111,2,16,1,10,2,08士林區,士林區中山北路6段235號,0,0,1,1,B03,6,3,5,50,14,9,1,4,4,5,7,4,4,1,4,5,1,16,1,64,3,10,1,1,7,1,1,8,2,4,,19,19,1,22,9,121.5251965,25.10864615
111,2,16,1,10,2,08士林區,士林區中山北路6段235號,0,0,1,2,C03,6,3,5,50,14,9,1,4,4,5,7,4,4,1,4,5,1,16,1,18,2,9,1,1,7,9,3,18,2,12,,23,19,1,22,9,121.5251965,25.10864615
111,2,16,5,38,2,05中正區,中正區鄭州路與重慶北路1段口,0,0,1,1,B01,7,3,5,40,4,1,1,4,4,5,7,1,1,1,5,5,2,17,1,65,3,10,1,1,7,5,1,4,2,15,,6,6,1,22,9,121.5133834,25.04929503
111,2,16,5,38,2,05中正區,中正區鄭州路與重慶北路1段口,0,0,1,2,C03,7,3,5,40,4,1,1,4,4,5,7,1,1,1,5,5,2,17,1,33,2,9,1,1,7,9,1,10,2,12,,13,6,1,22,9,121.5133834,25.04929503
111,2,16,5,50,2,09北投區,北投區崇仁路1段與清江路245巷口,0,0,3,1,C03,6,2,5,50,4,1,1,4,4,5,7,4,4,9,5,5,2,12,1,31,2,9,1,1,7,5,1,10,1,11,,8,8,1,22,9,121.5015995,25.12595184
111,2,16,5,50,2,09北投區,北投區崇仁路1段與清江路245巷口,0,0,3,2,C03,6,2,5,50,4,1,1,4,4,5,7,4,4,9,5,5,2,12,1,31,2,9,1,1,7,9,6,18,1,11,,44,8,1,22,9,121.5015995,25.12595184
111,2,16,5,50,2,09北投區,北投區崇仁路1段與清江路245巷口,0,0,3,3,H02,6,2,5,50,4,1,1,4,4,5,7,4,4,9,5,5,2,12,2,35,2,9,1,5,7,20,8,20,10,16,,67,8,1,22,9,121.5015995,25.12595184
111,2,16,7,25,2,12內湖區,內湖區陽光街與文德路66巷口,0,0,1,1,B03,7,1,5,30,3,1,1,4,4,5,7,4,4,10,5,5,2,16,1,50,3,10,1,1,7,5,1,8,1,15,,6,6,1,22,9,121.5825856,25.07498008
111,2,16,7,25,2,12內湖區,內湖區陽光街與文德路66巷口,0,0,1,2,C03,7,1,5,30,3,1,1,4,4,5,7,4,4,10,5,5,2,16,1,44,2,9,1,1,7,9,1,10,1,12,,14,6,1,22,9,121.5825856,25.07498008
111,2,16,7,40,2,10文山區,文山區木新路3段與木新路3段127巷口,0,0,3,1,C03,7,2,5,50,3,1,1,4,4,5,6,4,4,5,4,5,2,16,2,44,2,9,1,1,7,5,1,10,1,11,,6,6,1,22,9,121.5619788,24.9819391
111,2,16,7,40,2,10文山區,文山區木新路3段與木新路3段127巷口,0,0,3,2,C03,7,2,5,50,3,1,1,4,4,5,6,4,4,5,4,5,2,16,2,44,2,9,1,1,7,9,1,10,1,11,,44,6,1,22,9,121.5619788,24.9819391
111,2,16,7,40,2,10文山區,文山區木新路3段與木新路3段127巷口,0,0,3,3,H02,7,2,5,50,3,1,1,4,4,5,6,4,4,5,4,5,2,16,1,7,2,9,1,1,7,21,8,20,10,16,,67,6,1,22,9,121.5619788,24.9819391
111,2,16,7,51,2,04大安區,大安區復興南路2段與復興南路2段148巷口,0,0,1,1,B03,7,1,5,50,4,1,1,5,4,5,7,2,1,1,4,4,2,3,1,50,3,10,3,4,7,5,1,8,1,4,,15,15,1,22,9,121.5435843,25.02847424
111,2,16,7,51,2,04大安區,大安區復興南路2段與復興南路2段148巷口,0,0,1,2,H01,7,1,5,50,4,1,1,5,4,5,7,2,1,1,4,4,2,3,2,48,2,9,4,5,8,18,8,20,10,16,,67,15,1,22,9,121.5435843,25.02847424
111,2,16,7,55,2,07信義區,信義區信義路5段與莊敬路口,0,0,1,1,C03,8,1,5,50,4,1,1,5,4,5,7,2,1,3,4,5,2,13,1,26,2,8,1,1,7,9,1,10,1,14,,16,16,1,22,9,121.5612044,25.03289653
111,2,16,7,55,2,07信義區,信義區信義路5段與莊敬路口,0,0,1,2,C03,8,1,5,50,4,1,1,5,4,5,7,2,1,3,4,5,2,13,2,52,3,10,1,1,7,9,1,10,1,12,,16,16,1,22,9,121.5612044,25.03289653
111,2,16,7,58,2,07信義區,信義區信義路5段15號,0,0,2,1,C03,7,1,5,50,14,9,1,5,4,5,7,4,4,3,3,5,2,12,1,40,2,7,3,4,7,9,1,10,2,12,,44,44,1,22,9,121.5669418,25.03292501
111,2,16,7,58,2,07信義區,信義區信義路5段15號,0,0,2,2,C03,7,1,5,50,14,9,1,5,4,5,7,4,4,3,3,5,2,12,1,31,2,9,3,4,7,12,1,10,2,14,,42,44,1,22,9,121.5669418,25.03292501
111,2,16,7,58,2,07信義區,信義區信義路5段15號,0,0,2,3,A04,7,1,5,50,14,9,1,5,4,5,7,4,4,3,3,5,2,12,1,66,3,10,3,4,7,1,1,2,9,15,,19,44,1,22,9,121.5669418,25.03292501
111,2,16,8,0,2,03中山區,中山區松江路與民生東路2段口,0,0,1,1,B03,7,1,5,50,14,9,1,5,4,5,7,1,1,1,4,5,2,16,1,41,3,10,1,1,7,14,1,8,1,2,,40,40,1,22,9,121.5332247,25.0578722
111,2,16,8,0,2,03中山區,中山區松江路與民生東路2段口,0,0,1,2,F01,7,1,5,50,14,9,1,5,4,5,7,1,1,1,4,5,2,16,1,45,2,7,1,1,7,9,8,20,1,16,,44,40,1,22,9,121.5332247,25.0578722
111,2,16,8,0,2,03中山區,中山區松江路與民生東路2段口,0,0,1,3,H02,7,1,5,50,14,9,1,5,4,5,7,1,1,1,4,5,2,16,2,35,3,10,4,5,7,21,8,20,10,16,,67,40,1,22,9,121.5332247,25.0578722
111,2,16,8,11,2,07信義區,信義區基隆路2段107-3號,0,0,1,1,C02,7,1,5,50,14,9,1,5,4,5,7,4,4,2,3,5,1,12,1,45,3,10,1,1,7,7,1,9,1,14,,7,7,1,22,9,121.5575727,25.02946188
111,2,16,8,11,2,07信義區,信義區基隆路2段107-3號,0,0,1,2,C03,7,1,5,50,14,9,1,5,4,5,7,4,4,2,3,5,1,12,1,25,2,9,1,1,7,9,1,9,1,11,,16,7,1,22,9,121.5575727,25.02946188
111,2,16,8,11,2,07信義區,信義區基隆路2段107-3號,0,0,1,3,B03,7,1,5,50,14,9,1,5,4,5,7,4,4,2,3,5,1,12,2,61,3,10,1,4,7,9,1,8,9,2,,44,7,1,22,9,121.5575727,25.02946188
111,2,16,8,14,2,03中山區,中山區中山北路2段與民權西路口,0,0,1,2,C03,7,1,5,50,4,1,1,5,4,5,7,1,1,3,4,5,2,17,1,23,2,8,1,1,7,9,1,10,1,14,,44,7,1,22,9,121.5224709,25.06290058
111,2,16,8,14,2,03中山區,中山區中山北路2段與民權西路口,0,0,1,1,C03,7,1,5,50,4,1,1,5,4,5,7,1,1,3,4,5,2,17,1,44,4,11,3,4,7,10,7,19,11,15,,7,7,2,22,9,121.5224709,25.06290058
111,2,16,8,23,2,04大安區,大安區市民大道4段30號,0,0,1,1,C03,7,1,5,40,14,9,1,5,4,5,7,4,4,1,4,5,1,13,1,61,3,10,1,1,7,9,3,18,1,11,,16,16,1,22,9,121.5452097,25.04489458
111,2,16,8,23,2,04大安區,大安區市民大道4段30號,0,0,1,2,C03,7,1,5,40,14,9,1,5,4,5,7,4,4,1,4,5,1,13,2,29,2,9,1,1,7,9,1,10,1,13,,44,16,1,22,9,121.5452097,25.04489458
111,2,16,8,34,2,03中山區,中山區樂群一路與基湖路口,0,0,1,1,B01,8,1,5,50,14,9,1,5,4,5,7,4,4,9,4,5,2,12,1,59,3,10,1,1,7,8,1,4,1,2,,7,7,1,10,4,121.5625093,25.07614061
111,2,16,8,34,2,03中山區,中山區樂群一路與基湖路口,0,0,1,2,C03,8,1,5,50,14,9,1,5,4,5,7,4,4,9,4,5,2,12,2,46,2,9,1,1,7,9,1,10,1,14,,44,7,1,22,3,121.5625093,25.07614061
111,2,16,8,45,2,09北投區,北投區溫泉路108號,0,0,1,1,C03,8,1,5,30,11,9,1,5,4,5,7,4,4,10,5,5,2,10,1,18,2,9,1,1,7,15,3,18,1,11,,4,4,1,22,9,121.5105432,25.13613552
111,2,16,8,45,2,09北投區,北投區溫泉路108號,0,0,1,2,B03,8,1,5,30,11,9,1,5,4,5,7,4,4,10,5,5,2,10,1,82,3,10,1,1,7,9,1,8,1,8,,44,4,1,22,9,121.5105432,25.13613552
111,2,16,8,47,2,01大同區,大同區重慶北路3段與哈密街口,0,0,1,1,C03,8,1,5,50,4,4,1,5,4,5,7,2,1,1,4,5,2,13,2,58,2,1,3,4,7,9,1,10,1,11,,16,16,1,22,9,121.5137426,25.07290195
111,2,16,8,47,2,01大同區,大同區重慶北路3段與哈密街口,0,0,1,2,B03,8,1,5,50,4,4,1,5,4,5,7,2,1,1,4,5,2,13,2,40,3,10,3,4,7,14,1,8,1,3,,44,16,1,22,9,121.5137426,25.07290195
111,2,16,8,50,2,11南港區,南港區市民大道8段與研究院路1段口,0,0,2,1,C03,7,1,5,50,4,2,1,4,4,5,7,2,1,3,3,5,2,16,2,34,2,8,3,4,7,6,1,10,1,12,,9,9,1,22,9,121.6164314,25.05447038
111,2,16,8,50,2,11南港區,南港區市民大道8段與研究院路1段口,0,0,2,2,C03,7,1,5,50,4,2,1,4,4,5,7,2,1,3,3,5,2,16,2,41,2,9,3,4,7,9,1,10,1,11,,44,9,1,22,9,121.6164314,25.05447038
111,2,16,8,55,2,07信義區,信義區大道路與大道路7巷口,0,0,1,1,B12,8,1,5,50,4,1,1,5,4,5,7,2,1,10,5,5,2,17,1,43,3,10,1,1,7,1,1,8,1,15,,26,26,1,22,9,121.5814952,25.04252326
111,2,16,8,55,2,07信義區,信義區大道路與大道路7巷口,0,0,1,2,C03,8,1,5,50,4,1,1,5,4,5,7,2,1,10,5,5,2,17,1,47,2,8,1,1,7,9,1,10,1,14,,44,26,1,22,9,121.5814952,25.04252326
111,2,16,9,15,2,01大同區,大同區西寧北路79號,0,0,1,1,B03,8,1,5,50,14,9,1,5,4,5,7,4,4,4,1,5,1,16,1,46,3,10,1,1,7,11,1,8,2,4,,26,26,1,22,9,121.5089812,25.05574037
111,2,16,9,15,2,01大同區,大同區西寧北路79號,0,0,1,2,C03,8,1,5,50,14,9,1,5,4,5,7,4,4,4,1,5,1,16,1,28,2,9,1,1,7,9,1,10,2,11,,44,26,1,22,9,121.5089812,25.05574037
111,2,16,9,18,2,09北投區,北投區明德路118巷24號,0,0,2,1,C03,8,1,5,30,14,9,1,5,4,5,7,4,4,9,4,5,2,11,2,23,2,7,1,1,7,9,1,10,1,14,,5,5,1,22,9,121.5211171,25.10937107
111,2,16,9,18,2,09北投區,北投區明德路118巷24號,0,0,2,2,C03,8,1,5,30,14,9,1,5,4,5,7,4,4,9,4,5,2,11,1,23,2,8,1,1,7,9,1,10,1,14,,5,5,1,22,9,121.5211171,25.10937107
111,2,16,9,18,2,09北投區,北投區明德路118巷24號,0,0,2,3,B03,8,1,5,30,14,9,1,5,4,5,7,4,4,9,4,5,2,11,3,,,,,,,,,,,,,67,5,1,,,121.5211171,25.10937107
111,2,16,9,30,2,07信義區,信義區信義路6段與松山路口,0,0,1,1,B01,7,1,5,50,4,1,1,5,4,5,7,1,1,3,4,5,2,16,1,68,3,10,3,4,7,5,1,4,1,2,,6,6,1,22,9,121.5784584,25.03621483
111,2,16,9,30,2,07信義區,信義區信義路6段與松山路口,0,0,1,2,C03,7,1,5,50,4,1,1,5,4,5,7,1,1,3,4,5,2,16,2,25,2,9,3,4,7,9,1,10,1,11,,13,6,1,22,9,121.5784584,25.03621483
111,2,16,9,38,2,02萬華區,萬華區桂林路228巷11弄與桂林路242巷口,0,0,1,1,B03,8,1,5,50,3,1,1,5,4,5,7,1,1,1,4,5,1,17,2,72,3,10,3,4,7,7,1,8,2,5,,25,25,1,22,9,121.4954769,25.03835249
111,2,16,9,38,2,02萬華區,萬華區桂林路228巷11弄與桂林路242巷口,0,0,1,2,C03,8,1,5,50,3,1,1,5,4,5,7,1,1,1,4,5,1,17,1,26,2,9,3,4,7,9,1,10,2,11,,44,25,1,22,9,121.4954769,25.03835249
111,2,16,10,7,2,12內湖區,內湖區潭美街與安康路106巷口,0,0,2,1,C03,8,1,5,40,14,9,1,5,4,5,7,2,1,10,4,5,2,17,1,24,2,9,1,1,7,9,1,10,1,11,,23,23,1,22,9,121.5991052,25.0605457
111,2,16,10,7,2,12內湖區,內湖區潭美街與安康路106巷口,0,0,2,2,B11,8,1,5,40,14,9,1,5,4,5,7,2,1,10,4,5,2,17,1,56,2,1,1,1,7,6,1,8,1,3,,9,23,1,22,9,121.5991052,25.0605457
111,2,16,10,10,2,06松山區,松山區濱江街888-1號,0,0,1,1,B03,8,1,5,50,14,9,1,5,4,5,7,4,4,1,4,1,2,12,1,53,3,10,1,1,7,8,1,8,1,2,,7,7,1,22,9,121.5603701,25.07102123
111,2,16,10,10,2,06松山區,松山區濱江街888-1號,0,0,1,2,C03,8,1,5,50,14,9,1,5,4,5,7,4,4,1,4,1,2,12,1,31,2,9,1,1,7,9,1,10,1,14,,44,7,1,22,9,121.5603701,25.07102123
111,2,16,10,10,2,12內湖區,內湖區內湖路1段360巷15號,0,0,2,1,B03,8,1,5,50,14,9,1,5,4,5,7,4,4,9,5,5,2,17,1,44,3,10,1,1,7,1,1,8,1,8,,19,19,1,22,9,121.570507,25.08081894
111,2,16,10,10,2,12內湖區,內湖區內湖路1段360巷15號,0,0,2,2,C03,8,1,5,50,14,9,1,5,4,5,7,4,4,9,5,5,2,17,1,19,2,9,1,1,7,9,1,10,1,14,,44,19,1,22,9,121.570507,25.08081894
111,2,16,10,10,2,12內湖區,內湖區內湖路1段360巷15號,0,0,2,3,H02,8,1,5,50,14,9,1,5,4,5,7,4,4,9,5,5,2,17,2,27,2,9,4,5,7,21,8,20,10,15,,67,19,1,22,9,121.570507,25.08081894
111,2,16,10,19,2,07信義區,信義區忠孝東路5段458號,0,0,1,1,B03,8,1,5,50,14,9,1,5,4,5,7,4,4,3,4,5,1,12,1,30,3,10,1,1,7,8,1,8,1,5,,7,7,1,22,9,121.5773861,25.04071177
111,2,16,10,19,2,07信義區,信義區忠孝東路5段458號,0,0,1,2,C03,8,1,5,50,14,9,1,5,4,5,7,4,4,3,4,5,1,12,1,29,2,7,1,1,7,9,1,10,1,14,,44,7,1,22,9,121.5773861,25.04071177
111,2,16,10,19,2,07信義區,信義區忠孝東路5段458號,0,0,1,3,B12,8,1,5,50,14,9,1,5,4,5,7,4,4,3,4,5,1,12,1,38,3,10,1,1,7,14,1,8,1,7,,44,7,1,22,9,121.5773861,25.04071177
111,2,16,10,20,2,01大同區,大同區民權西路194號加油站入口旁,0,0,1,1,C03,7,1,5,50,14,9,1,5,4,5,7,4,4,1,4,5,2,13,2,67,2,9,1,1,7,9,1,10,1,11,,23,23,1,22,9,121.5140516,25.06290232
111,2,16,10,20,2,01大同區,大同區民權西路194號加油站入口旁,0,0,1,2,B12,7,1,5,50,14,9,1,5,4,5,7,4,4,1,4,5,2,13,1,57,3,10,1,1,7,9,1,8,1,7,,44,23,1,22,9,121.5140516,25.06290232
111,2,16,11,10,2,05中正區,中正區重慶南路1段1號,0,0,2,1,C03,8,1,5,50,14,7,1,5,4,5,7,4,4,10,3,5,2,13,2,21,2,8,1,1,7,9,1,10,2,11,,23,23,1,22,9,121.5133379,25.04691606
111,2,16,11,10,2,05中正區,中正區重慶南路1段1號,0,0,2,2,C03,8,1,5,50,14,7,1,5,4,5,7,4,4,10,3,5,2,13,1,40,2,9,1,1,7,7,1,10,2,13,,7,23,1,22,9,121.5133379,25.04691606
111,2,16,11,10,2,05中正區,中正區重慶南路1段1號,0,0,2,3,C03,8,1,5,50,14,7,1,5,4,5,7,4,4,10,3,5,2,13,3,,,,,,,,,,,,,67,23,1,,,121.5133379,25.04691606
111,2,16,11,10,2,05中正區,中正區重慶南路1段1號,0,0,2,4,C03,8,1,5,50,14,7,1,5,4,5,7,4,4,10,3,5,2,13,3,,,,,,,,,,,,,67,23,1,,,121.5133379,25.04691606
111,2,16,11,10,2,05中正區,中正區重慶南路1段1號,0,0,2,5,C03,8,1,5,50,14,7,1,5,4,5,7,4,4,10,3,5,2,13,3,,,,,,,,,,,,,67,23,1,,,121.5133379,25.04691606
111,2,16,11,10,2,05中正區,中正區重慶南路1段1號,0,0,2,6,C03,8,1,5,50,14,7,1,5,4,5,7,4,4,10,3,5,2,13,3,,,,,,,,,,,,,67,23,1,,,121.5133379,25.04691606
111,2,16,11,10,2,05中正區,中正區重慶南路1段1號,0,0,2,7,C03,8,1,5,50,14,7,1,5,4,5,7,4,4,10,3,5,2,13,3,,,,,,,,,,,,,67,23,1,,,121.5133379,25.04691606
111,2,16,11,10,2,05中正區,中正區重慶南路1段1號,0,0,2,8,C03,8,1,5,50,14,7,1,5,4,5,7,4,4,10,3,5,2,13,3,,,,,,,,,,,,,67,23,1,,,121.5133379,25.04691606
111,2,16,11,10,2,05中正區,中正區重慶南路1段1號,0,0,2,9,C03,8,1,5,50,14,7,1,5,4,5,7,4,4,10,3,5,2,13,3,,,,,,,,,,,,,67,23,1,,,121.5133379,25.04691606
111,2,16,11,10,2,05中正區,中正區重慶南路1段1號,0,0,2,10,C03,8,1,5,50,14,7,1,5,4,5,7,4,4,10,3,5,2,13,3,,,,,,,,,,,,,67,23,1,,,121.5133379,25.04691606
111,2,16,11,17,2,08士林區,士林區中正路與重慶北路4段口,0,0,1,1,C03,8,1,5,50,5,1,1,5,4,5,7,4,4,1,5,5,2,17,1,59,2,9,1,1,7,9,1,10,1,14,,17,17,1,22,9,121.509768,25.08670407
111,2,16,11,17,2,08士林區,士林區中正路與重慶北路4段口,0,0,1,2,B03,8,1,5,50,5,1,1,5,4,5,7,4,4,1,5,5,2,17,1,45,3,10,1,1,7,9,1,4,1,2,,17,17,1,22,9,121.509768,25.08670407
111,2,16,11,39,2,01大同區,大同區鄭州路與塔城街口,0,0,1,1,C03,7,1,5,40,14,9,1,5,4,5,7,4,4,8,3,5,1,12,2,44,2,9,1,1,7,9,1,10,1,11,,17,17,1,22,9,121.5107671,25.05000766
111,2,16,11,39,2,01大同區,大同區鄭州路與塔城街口,0,0,1,2,C03,7,1,5,40,14,9,1,5,4,5,7,4,4,8,3,5,1,12,1,57,3,10,1,1,7,9,1,10,1,15,,30,17,1,22,9,121.5107671,25.05000766
111,2,16,11,45,2,10文山區,文山區景華街52巷13號,0,0,1,1,B02,7,1,5,30,14,9,1,5,4,5,7,4,4,9,5,5,2,2,1,57,3,10,1,1,7,9,1,8,2,5,,23,23,1,22,9,121.543788,24.99403881
111,2,16,11,45,2,10文山區,文山區景華街52巷13號,0,0,1,2,H01,7,1,5,30,14,9,1,5,4,5,7,4,4,9,5,5,2,2,2,56,2,5,4,5,8,16,8,20,10,16,,67,23,1,22,9,121.543788,24.99403881
111,2,16,12,10,2,03中山區,中山區八德路2段210巷與八德路2段174巷7弄口,0,0,1,1,C03,7,1,5,30,3,1,1,5,4,5,7,4,4,10,5,5,2,14,2,27,2,9,1,4,7,2,1,10,2,13,,43,43,1,22,9,121.5392716,25.04594786
111,2,16,12,10,2,03中山區,中山區八德路2段210巷與八德路2段174巷7弄口,0,0,1,2,B01,7,1,5,30,3,1,1,5,4,5,7,4,4,10,5,5,2,14,1,52,3,10,1,4,7,15,1,4,2,5,,23,43,1,22,9,121.5392716,25.04594786
111,2,16,12,10,2,12內湖區,內湖區內湖路3段115巷與金龍路口,0,0,1,1,B02,7,1,5,50,3,1,1,5,4,5,7,1,1,5,4,5,1,17,2,33,3,10,1,1,7,5,1,8,1,1,,8,8,1,22,9,121.590287,25.08583884
111,2,16,12,10,2,12內湖區,內湖區內湖路3段115巷與金龍路口,0,0,1,2,C03,7,1,5,50,3,1,1,5,4,5,7,1,1,5,4,5,1,17,1,44,2,9,1,1,7,9,1,10,1,14,,44,8,1,22,9,121.590287,25.08583884
111,2,16,12,17,2,07信義區,信義區松仁路與忠孝東路5段236巷2弄口,0,0,1,1,B03,8,1,5,50,3,1,1,5,4,3,5,4,4,1,4,5,1,15,1,58,3,10,1,1,7,1,1,8,1,1,,6,6,1,22,9,121.5685424,25.04048382
111,2,16,12,17,2,07信義區,信義區松仁路與忠孝東路5段236巷2弄口,0,0,1,2,C03,8,1,5,50,3,1,1,5,4,3,5,4,4,1,4,5,1,15,1,26,2,5,1,1,7,9,1,10,1,14,,14,6,1,22,9,121.5685424,25.04048382
111,2,16,12,30,2,05中正區,中正區南昌路2段與同安街口,0,0,1,1,F03,7,1,5,50,14,9,1,5,4,5,7,1,1,9,5,5,2,17,1,42,3,10,1,1,7,9,8,20,1,16,,25,25,1,22,9,121.5225426,25.0256563
111,2,16,12,30,2,05中正區,中正區南昌路2段與同安街口,0,0,1,2,C03,7,1,5,50,14,9,1,5,4,5,7,1,1,9,5,5,2,17,1,25,2,9,1,1,7,9,1,10,1,14,,44,25,1,22,9,121.5225426,25.0256563
111,2,16,12,40,2,07信義區,信義區基隆路1段與松壽路口,0,0,1,1,B02,7,1,5,50,4,1,1,5,4,5,7,2,1,1,3,5,2,17,1,44,3,10,3,4,7,6,1,8,1,15,,9,9,1,22,9,121.5614894,25.0359413
111,2,16,12,40,2,07信義區,信義區基隆路1段與松壽路口,0,0,1,2,C03,7,1,5,50,4,1,1,5,4,5,7,2,1,1,3,5,2,17,2,38,3,10,3,4,7,12,1,10,1,13,,44,9,1,22,9,121.5614894,25.0359413
111,2,16,12,40,2,07信義區,信義區基隆路1段與松壽路口,0,0,1,3,B01,7,1,5,50,4,1,1,5,4,5,7,2,1,1,3,5,2,17,1,42,3,10,3,4,7,9,1,4,1,1,,16,9,1,22,9,121.5614894,25.0359413
111,2,16,12,40,2,07信義區,信義區基隆路1段與松壽路口,0,0,1,4,C03,7,1,5,50,4,1,1,5,4,5,7,2,1,1,3,5,2,17,2,28,2,8,3,4,7,9,1,10,1,11,,16,9,1,22,9,121.5614894,25.0359413
111,2,16,12,53,2,01大同區,大同區承德路3段263號前,0,0,1,1,B03,7,1,5,50,14,9,1,5,4,5,7,4,4,1,4,5,2,13,1,68,3,10,1,1,7,8,1,8,1,3,,44,44,1,22,9,121.5188823,25.07219476
111,2,16,12,53,2,01大同區,大同區承德路3段263號前,0,0,1,2,C03,7,1,5,50,14,9,1,5,4,5,7,4,4,1,4,5,2,13,1,29,2,9,1,1,7,9,1,10,1,15,,23,44,1,22,9,121.5188823,25.07219476
111,2,16,12,55,2,03中山區,中山區復興北路與民權東路3段口,0,0,1,1,C03,6,1,5,50,5,2,1,4,4,5,7,1,1,1,4,5,1,29,1,49,2,9,1,1,7,12,1,10,9,12,,13,13,1,22,9,121.5441084,25.06221599
111,2,16,12,55,2,03中山區,中山區復興北路與民權東路3段口,0,0,1,2,,6,1,5,50,5,2,1,4,4,5,7,1,1,1,4,5,1,29,3,,,,,,,,,,,,,61,13,1,,,121.5441084,25.06221599
111,2,16,12,55,2,03中山區,中山區復興北路與民權東路3段口,0,0,1,3,E01,6,1,5,50,5,2,1,4,4,5,7,1,1,1,4,5,1,29,1,40,4,11,3,4,7,15,7,19,11,15,,44,13,2,22,9,121.5441084,25.06221599
111,2,16,13,19,2,07信義區,信義區市民大道6段與虎林街口,0,0,1,2,H01,7,1,5,0,4,1,1,5,4,5,7,1,1,1,4,5,1,3,2,68,2,4,4,5,8,18,8,20,10,16,,67,43,1,22,9,121.5760985,25.04914613
111,2,16,13,19,2,07信義區,信義區市民大道6段與虎林街口,0,0,1,1,B01,7,1,5,0,4,1,1,5,4,5,7,1,1,1,4,5,1,3,4,,4,11,3,4,7,15,7,19,11,15,,43,43,2,22,9,121.5760985,25.04914613
111,2,16,13,34,2,05中正區,中正區羅斯福路2段與和平西路1段口,0,0,1,1,B03,8,1,5,50,4,1,1,5,4,5,7,1,1,1,4,5,2,17,1,45,3,10,1,1,7,6,1,8,1,5,,9,9,1,22,9,121.5221738,25.02707653