發生年度,發生月,發生日,發生時-Hours,發生分,處理別-編號,區序,肇事地點,死亡人數,2-30日死亡人數,受傷人數,當事人序號,車種,天候,光線,道路類別,速限-速度限制,道路型態,事故位置,路面狀況1,路面狀況2,路面狀況3,道路障礙1,道路障礙2,號誌1,號誌2,車道劃分-分向,車道劃分-分道1,車道劃分-分道2,車道劃分-分道3,事故類型及型態,性別,年齡,受傷程度,主要傷處,安全帽,行動電話,車輛用途,當事者行動狀態,駕駛資格情形,駕駛執照種類,飲酒情形,車輛撞擊部位1,車輛撞擊部位2,肇因碼-個別,肇因碼-主要,個人肇逃否,職業,旅次目的,座標-X,座標-Y
111,2,16,13,34,2,05中正區,中正區羅斯福路2段與和平西路1段口,0,0,1,2,C03,8,1,5,50,4,1,1,5,4,5,7,1,1,1,4,5,2,17,2,20,2,9,1,1,7,9,1,10,1,14,,44,9,1,22,9,121.5221738,25.02707653
111,2,16,14,35,2,10文山區,文山區羅斯福路6段與育英街口,0,0,1,1,B03,7,1,5,30,3,1,1,5,4,5,7,2,1,9,5,5,2,9,1,60,3,10,1,1,7,5,1,8,2,8,,15,15,1,22,9,121.5397428,24.99001275
111,2,16,14,35,2,10文山區,文山區羅斯福路6段與育英街口,0,0,1,2,H01,7,1,5,30,3,1,1,5,4,5,7,2,1,9,5,5,2,9,1,84,2,9,4,5,8,16,8,20,10,16,,67,15,1,22,9,121.5397428,24.99001275
111,2,16,14,37,2,03中山區,中山區長安東路2段63號,0,0,1,1,C03,8,1,5,0,14,9,1,5,4,5,7,4,4,5,4,5,1,17,1,55,4,11,3,4,7,8,7,19,11,15,,7,7,2,22,9,121.5336294,25.0486199
111,2,16,14,37,2,03中山區,中山區長安東路2段63號,0,0,1,2,C03,8,1,5,0,14,9,1,5,4,5,7,4,4,5,4,5,1,17,2,45,2,9,1,1,7,9,1,10,1,14,,44,7,1,22,9,121.5336294,25.0486199
111,2,16,15,10,2,03中山區,中山區建國北路3段71號前,0,0,1,1,B01,7,1,5,50,14,9,1,5,4,5,7,1,1,5,4,5,2,16,1,56,3,10,3,4,7,5,1,4,1,1,,23,23,1,10,3,121.5370574,25.06500051
111,2,16,15,10,2,03中山區,中山區建國北路3段71號前,0,0,1,2,F01,7,1,5,50,14,9,1,5,4,5,7,1,1,5,4,5,2,16,1,39,2,9,1,1,7,5,8,20,1,16,,25,23,1,22,9,121.5370574,25.06500051
111,2,16,15,29,2,05中正區,中正區金山南路1段與濟南路2段口,0,0,1,1,B03,8,1,5,50,4,1,1,5,4,5,7,2,1,3,4,5,2,12,1,38,3,10,1,1,7,8,1,7,2,2,,7,7,1,22,9,121.529134,25.04086718
111,2,16,15,29,2,05中正區,中正區金山南路1段與濟南路2段口,0,0,1,2,C04,8,1,5,50,4,1,1,5,4,5,7,2,1,3,4,5,2,12,1,29,2,9,1,1,7,9,3,18,2,14,,44,7,1,22,9,121.529134,25.04086718
111,2,16,15,30,2,05中正區,中正區羅斯福路2段與福州街口,0,0,1,1,B03,7,1,5,50,5,1,1,5,4,5,7,2,1,4,4,5,1,17,1,48,3,10,1,1,7,6,1,8,2,5,,6,6,1,22,9,121.5205464,25.02988704
111,2,16,15,30,2,05中正區,中正區羅斯福路2段與福州街口,0,0,1,2,C03,7,1,5,50,5,1,1,5,4,5,7,2,1,4,4,5,1,17,1,64,2,9,1,1,7,15,1,10,2,13,,44,6,1,22,9,121.5205464,25.02988704
111,2,16,15,30,2,12內湖區,內湖區金龍路121號,0,0,1,1,B12,6,1,5,50,14,9,1,4,4,5,7,4,4,5,4,5,1,12,1,43,3,10,1,1,7,8,3,18,1,15,,7,7,1,22,9,121.5906087,25.08570136
111,2,16,15,30,2,12內湖區,內湖區金龍路121號,0,0,1,2,C03,6,1,5,50,14,9,1,4,4,5,7,4,4,5,4,5,1,12,2,25,2,9,1,1,7,9,1,10,1,15,,42,7,1,22,9,121.5906087,25.08570136
111,2,16,15,38,2,03中山區,中山區松江路204巷與長春路137巷口,0,0,1,1,B02,8,1,5,30,4,1,1,5,4,5,7,4,4,10,5,5,2,16,1,42,3,10,3,4,7,9,1,8,1,4,,6,6,1,22,9,121.5318796,25.05745485
111,2,16,15,38,2,03中山區,中山區松江路204巷與長春路137巷口,0,0,1,2,C03,8,1,5,30,4,1,1,5,4,5,7,4,4,10,5,5,2,16,1,67,2,9,1,1,7,9,1,10,1,11,,23,6,1,22,9,121.5318796,25.05745485
111,2,16,15,45,2,03中山區,中山區復興北路378號,0,0,1,1,C03,7,1,5,50,14,9,1,5,4,5,7,4,4,1,4,5,2,12,2,18,2,9,1,4,7,9,1,10,1,11,,23,23,1,22,9,121.5440361,25.06065601
111,2,16,15,45,2,03中山區,中山區復興北路378號,0,0,1,2,B03,7,1,5,50,14,9,1,5,4,5,7,4,4,1,4,5,2,12,1,36,3,10,3,4,7,14,1,8,1,8,,38,23,1,22,9,121.5440361,25.06065601
111,2,16,16,3,2,07信義區,信義區松智路17號前松廉路上,0,0,1,1,B01,7,1,5,50,14,9,1,5,4,5,7,4,4,10,4,5,2,16,1,52,3,10,1,1,7,7,1,4,1,4,,7,7,1,22,9,121.565603,25.03403263
111,2,16,16,3,2,07信義區,信義區松智路17號前松廉路上,0,0,1,2,C03,7,1,5,50,14,9,1,5,4,5,7,4,4,10,4,5,2,16,1,23,2,9,1,1,7,9,1,10,1,12,,44,7,1,22,9,121.565603,25.03403263
111,2,16,16,5,2,07信義區,信義區基隆路1段與基隆路1段102巷口,0,0,2,1,C03,7,1,5,50,3,2,1,5,4,5,7,4,4,5,4,5,2,13,1,19,2,9,1,1,7,9,1,10,1,11,,43,43,1,22,9,121.5668312,25.04537478
111,2,16,16,5,2,07信義區,信義區基隆路1段與基隆路1段102巷口,0,0,2,2,C03,7,1,5,50,3,2,1,5,4,5,7,4,4,5,4,5,2,13,1,53,2,9,1,1,7,9,1,10,1,13,,43,43,1,22,9,121.5668312,25.04537478
111,2,16,16,25,2,12內湖區,內湖區民權東路6段與瑞光路口,0,0,2,1,C04,8,1,5,50,4,1,1,5,4,5,7,1,1,5,2,5,2,12,2,40,2,9,1,1,7,5,1,8,1,12,,8,8,1,22,9,121.5843593,25.068744
111,2,16,16,25,2,12內湖區,內湖區民權東路6段與瑞光路口,0,0,2,2,C03,8,1,5,50,4,1,1,5,4,5,7,1,1,5,2,5,2,12,1,27,2,9,1,1,7,9,1,10,1,14,,44,8,1,22,9,121.5843593,25.068744
111,2,16,16,40,2,03中山區,中山區林森北路與新生北路3段56巷口,0,0,2,1,C03,8,1,5,50,4,2,1,5,4,5,7,4,4,5,4,5,1,17,1,80,2,9,1,1,7,1,1,10,1,14,,19,19,1,22,9,121.5256844,25.0653951
111,2,16,16,40,2,03中山區,中山區林森北路與新生北路3段56巷口,0,0,2,2,C03,8,1,5,50,4,2,1,5,4,5,7,4,4,5,4,5,1,17,1,37,2,7,1,1,7,9,1,10,1,11,,13,19,1,22,9,121.5256844,25.0653951
111,2,16,17,7,2,09北投區,北投區永興路1段與永興路1段32巷口,0,0,1,1,C03,8,1,5,30,3,1,1,5,4,3,5,4,4,10,5,5,2,16,1,35,3,10,1,1,7,6,1,10,1,14,,43,43,1,22,9,121.5001145,25.13915191
111,2,16,17,7,2,09北投區,北投區永興路1段與永興路1段32巷口,0,0,1,2,F01,8,1,5,30,3,1,1,5,4,3,5,4,4,10,5,5,2,16,2,38,2,8,1,1,7,5,8,20,1,16,,43,43,1,22,9,121.5001145,25.13915191
111,2,16,17,10,2,05中正區,中正區中山南路與凱達格蘭大道口,0,0,1,1,C03,7,1,5,50,5,1,1,5,4,5,7,1,1,1,4,5,2,17,1,22,3,10,1,1,7,7,1,10,2,15,,7,7,1,22,9,121.5172638,25.03916216
111,2,16,17,10,2,05中正區,中正區中山南路與凱達格蘭大道口,0,0,1,2,C03,7,1,5,50,5,1,1,5,4,5,7,1,1,1,4,5,2,17,1,21,2,9,1,1,7,9,1,10,2,14,,44,7,1,22,9,121.5172638,25.03916216
111,2,16,17,25,2,02萬華區,萬華區萬大路90巷與萬大路口,0,0,2,1,C03,8,3,5,50,4,1,1,5,4,5,7,1,1,8,3,5,1,17,1,36,3,10,1,1,7,9,1,9,1,12,,23,23,1,22,9,121.5005071,25.0302935
111,2,16,17,25,2,02萬華區,萬華區萬大路90巷與萬大路口,0,0,2,2,C03,8,3,5,50,4,1,1,5,4,5,7,1,1,8,3,5,1,17,1,48,2,8,1,1,7,14,1,10,1,14,,44,23,1,22,9,121.5005071,25.0302935
111,2,16,17,25,2,02萬華區,萬華區萬大路90巷與萬大路口,0,0,2,3,H02,8,3,5,50,4,1,1,5,4,5,7,1,1,8,3,5,1,17,2,14,2,8,4,5,7,21,8,20,11,16,,67,23,1,22,9,121.5005071,25.0302935
111,2,16,17,30,2,03中山區,中山區長春路327巷,0,0,1,2,C03,7,3,5,50,15,20,1,5,4,5,7,4,4,10,5,5,2,17,2,47,2,8,1,1,7,9,1,10,11,15,,42,43,1,22,9,121.5435265,25.05459784
111,2,16,17,30,2,03中山區,中山區長春路327巷,0,0,1,1,C03,7,3,5,50,15,20,1,5,4,5,7,4,4,10,5,5,2,17,1,65,3,10,1,1,7,2,1,10,11,12,,43,43,1,22,9,121.5435265,25.05459784
111,2,16,17,34,2,02萬華區,萬華區康定路與廣州街口,0,0,1,1,B11,7,2,5,50,4,1,1,5,4,1,7,1,1,5,4,5,2,17,1,46,3,10,1,1,7,5,1,4,1,15,,6,6,1,22,9,121.5014407,25.03664961
111,2,16,17,34,2,02萬華區,萬華區康定路與廣州街口,0,0,1,2,C03,7,2,5,50,4,1,1,5,4,1,7,1,1,5,4,5,2,17,1,44,2,9,1,1,7,9,1,10,1,15,,44,6,1,22,9,121.5014407,25.03664961
111,2,16,17,53,2,12內湖區,內湖區金龍路與內湖路3段141巷口,0,0,2,1,C03,6,3,5,50,4,1,1,4,4,5,7,2,1,5,2,5,2,11,2,56,2,9,1,1,7,5,1,10,1,12,,6,6,1,22,9,121.5892267,25.08628405
111,2,16,17,53,2,12內湖區,內湖區金龍路與內湖路3段141巷口,0,0,2,2,C03,6,3,5,50,4,1,1,4,4,5,7,2,1,5,2,5,2,11,2,31,2,9,1,1,7,9,1,10,1,14,,44,6,1,22,9,121.5892267,25.08628405
111,2,16,18,24,2,08士林區,士林區承德路5段55號兒童新樂園前,0,0,3,1,C02,8,1,5,60,15,7,1,5,4,5,7,4,4,1,4,4,2,13,1,19,2,9,1,1,7,9,4,10,1,11,,16,16,1,22,9,121.5138121,25.09684557
111,2,16,18,24,2,08士林區,士林區承德路5段55號兒童新樂園前,0,0,3,2,B03,8,1,5,60,15,7,1,5,4,5,7,4,4,1,4,4,2,13,1,47,2,9,1,1,7,11,1,8,1,3,,44,16,1,22,9,121.5138121,25.09684557
111,2,16,18,24,2,08士林區,士林區承德路5段55號兒童新樂園前,0,0,3,3,H02,8,1,5,60,15,7,1,5,4,5,7,4,4,1,4,4,2,13,2,19,2,9,1,1,7,21,8,20,10,16,,67,16,1,22,9,121.5138121,25.09684557
111,2,16,18,30,2,10文山區,文山區指南路3段34巷樟湖幹88號燈桿,0,0,1,1,C03,6,3,5,30,14,9,1,4,4,5,7,4,4,10,5,5,1,18,1,18,2,9,3,4,7,9,1,10,9,12,,43,43,1,22,9,121.5795249,24.97557181
111,2,16,18,30,2,10文山區,文山區指南路3段34巷樟湖幹88號燈桿,0,0,1,2,,6,3,5,30,14,9,1,4,4,5,7,4,4,10,5,5,1,18,3,,,,,,,,,,,,,67,43,1,,,121.5795249,24.97557181
111,2,16,18,38,2,06松山區,松山區市民大道5段與基隆路1段口,0,0,1,2,C03,8,3,5,50,4,1,1,5,4,5,7,1,1,1,4,5,2,12,1,41,2,9,1,1,7,9,1,10,1,14,,17,43,1,22,9,121.5691246,25.04925107
111,2,16,18,38,2,06松山區,松山區市民大道5段與基隆路1段口,0,0,1,3,B03,8,3,5,50,4,1,1,5,4,5,7,1,1,1,4,5,2,12,2,52,3,10,1,1,7,9,1,8,1,1,,23,43,1,22,9,121.5691246,25.04925107
111,2,16,18,38,2,06松山區,松山區市民大道5段與基隆路1段口,0,0,1,1,,8,3,5,50,4,1,1,5,4,5,7,1,1,1,4,5,2,12,4,,4,11,3,4,7,15,7,19,11,15,,43,43,2,22,9,121.5691246,25.04925107
111,2,16,19,0,2,11南港區,南港區重陽路386號,0,0,1,1,C03,6,3,6,50,14,9,1,4,4,5,5,4,4,9,4,5,2,17,2,38,2,8,1,1,7,1,6,10,1,14,,19,19,1,22,9,121.6101546,25.05922954
111,2,16,19,0,2,11南港區,南港區重陽路386號,0,0,1,2,B03,6,3,6,50,14,9,1,4,4,5,5,4,4,9,4,5,2,17,1,23,3,10,1,1,7,9,1,8,1,1,,23,19,1,22,9,121.6101546,25.05922954
111,2,16,19,0,2,11南港區,南港區重陽路386號,0,0,1,3,B12,6,3,6,50,14,9,1,4,4,5,5,4,4,9,4,5,2,17,1,38,3,10,1,1,7,13,1,8,11,15,,38,19,2,22,9,121.6101546,25.05922954
111,2,16,20,17,2,09北投區,北投區致遠二路與致遠二路61巷口,0,0,1,1,C03,8,3,5,50,3,1,1,5,4,5,7,4,4,9,5,5,2,18,1,26,2,9,1,1,7,9,1,10,1,14,,42,42,1,22,9,121.5117682,25.11495576
111,2,16,20,17,2,09北投區,北投區致遠二路與致遠二路61巷口,0,0,1,2,,8,3,5,50,3,1,1,5,4,5,7,4,4,9,5,5,2,18,3,,,,,,,,,,,,,67,42,1,,,121.5117682,25.11495576
111,2,16,20,28,2,11南港區,南港區忠孝東路6段70巷與同德路口,0,0,1,1,C03,8,3,5,50,14,18,1,5,4,4,7,4,4,4,5,5,2,3,1,19,3,10,1,4,7,9,1,10,1,11,,15,15,1,22,9,121.5845848,25.04547368
111,2,16,20,28,2,11南港區,南港區忠孝東路6段70巷與同德路口,0,0,1,2,H01,8,3,5,50,14,18,1,5,4,4,7,4,4,4,5,5,2,3,1,65,2,8,4,4,8,16,8,20,1,16,,67,15,1,22,9,121.5845848,25.04547368
111,2,16,20,42,2,10文山區,文山區指南路1段55號,0,0,2,1,B03,8,3,5,50,14,9,1,5,4,5,7,1,1,5,2,5,2,14,1,43,3,10,1,1,7,2,1,8,2,3,,12,12,1,22,9,121.5707644,24.98770883
111,2,16,20,42,2,10文山區,文山區指南路1段55號,0,0,2,2,C03,8,3,5,50,14,9,1,5,4,5,7,1,1,5,2,5,2,14,1,27,2,9,1,1,7,14,1,10,2,11,,44,12,1,22,9,121.5707644,24.98770883
111,2,16,20,42,2,10文山區,文山區指南路1段55號,0,0,2,3,H02,8,3,5,50,14,9,1,5,4,5,7,1,1,5,2,5,2,14,2,26,2,9,4,5,7,20,8,20,10,16,,67,12,1,22,9,121.5707644,24.98770883
111,2,16,22,10,2,03中山區,中山區長安東路2段66號,0,0,1,1,B01,8,3,5,50,14,9,1,5,4,5,7,4,4,5,4,5,2,12,1,54,3,10,1,1,7,8,1,4,2,6,,7,7,1,22,9,121.5335078,25.04844696
111,2,16,22,10,2,03中山區,中山區長安東路2段66號,0,0,1,2,C03,8,3,5,50,14,9,1,5,4,5,7,4,4,5,4,5,2,12,1,32,2,9,1,1,7,9,1,9,2,14,,44,7,1,22,9,121.5335078,25.04844696
111,2,17,5,30,2,07信義區,信義區信義路6段80號,0,0,1,2,F01,6,3,5,50,14,9,1,4,4,5,7,4,4,5,4,5,2,17,1,77,2,8,1,1,7,9,8,20,1,16,,27,10,1,22,9,121.5770247,25.03537936
111,2,17,5,30,2,07信義區,信義區信義路6段80號,0,0,1,1,B03,6,3,5,50,14,9,1,4,4,5,7,4,4,5,4,5,2,17,1,29,3,10,1,1,7,11,1,8,1,5,,10,10,1,22,9,121.5770247,25.03537936
111,2,17,5,45,2,02萬華區,萬華區忠孝西路2段與昆明街口西寧市場旁,0,0,1,1,C03,7,2,5,50,15,20,4,5,4,5,7,4,4,10,5,5,2,9,1,29,4,11,3,4,7,15,7,19,11,15,,42,42,2,22,9,121.506517,25.04867994
111,2,17,5,45,2,02萬華區,萬華區忠孝西路2段與昆明街口西寧市場旁,0,0,1,2,H01,7,2,5,50,15,20,4,5,4,5,7,4,4,10,5,5,2,9,2,40,2,4,4,5,8,16,8,20,10,16,,67,42,1,22,9,121.506517,25.04867994
111,2,17,5,45,2,11南港區,南港區忠孝東路7段與研究院路1段口,0,0,1,1,C03,6,3,5,50,3,1,1,4,4,5,7,1,1,1,1,5,2,12,2,30,2,8,1,1,7,5,1,10,2,13,,8,8,1,22,9,121.6163149,25.05316105
111,2,17,5,45,2,11南港區,南港區忠孝東路7段與研究院路1段口,0,0,1,2,B03,6,3,5,50,3,1,1,4,4,5,7,1,1,1,1,5,2,12,1,56,3,10,1,1,7,9,1,8,2,1,,23,8,1,22,9,121.6163149,25.05316105
111,2,17,6,4,2,09北投區,北投區中央北路4段569號,0,0,1,1,C03,8,3,5,50,14,9,1,5,4,5,7,4,4,4,4,5,1,18,2,59,2,9,1,1,7,9,1,10,1,14,,42,42,1,22,9,121.4670541,25.12749407
111,2,17,6,4,2,09北投區,北投區中央北路4段569號,0,0,1,2,,8,3,5,50,14,9,1,5,4,5,7,4,4,4,4,5,1,18,3,,,,,,,,,,,,,67,42,1,,,121.4670541,25.12749407
111,2,17,6,24,2,03中山區,中山區民族東路與建國北路3段113巷口,0,0,2,1,C03,8,1,5,50,4,1,1,5,4,5,7,1,1,1,4,4,2,16,2,67,2,9,1,1,7,5,1,10,1,11,,6,6,1,22,9,121.5363952,25.06811988
111,2,17,6,24,2,03中山區,中山區民族東路與建國北路3段113巷口,0,0,2,2,C03,8,1,5,50,4,1,1,5,4,5,7,1,1,1,4,4,2,16,1,62,2,9,1,1,7,9,1,10,1,11,,13,6,1,22,9,121.5363952,25.06811988
111,2,17,6,31,2,08士林區,士林區承德路4段33巷與承德路4段口,0,0,1,1,C03,6,1,5,50,4,1,1,4,4,5,7,1,1,1,4,4,2,17,1,57,2,1,1,1,7,5,3,18,2,11,,25,25,1,22,9,121.5224883,25.08074096
111,2,17,6,31,2,08士林區,士林區承德路4段33巷與承德路4段口,0,0,1,2,B01,6,1,5,50,4,1,1,4,4,5,7,1,1,1,4,4,2,17,1,46,3,10,1,1,7,9,1,2,2,4,,44,25,1,22,9,121.5224883,25.08074096
111,2,17,7,10,2,10文山區,文山區景福街與景福街168巷口,0,0,1,1,B12,6,1,5,30,4,1,1,4,4,5,7,3,1,9,5,5,2,17,1,66,3,10,1,1,7,5,1,8,2,8,,23,23,1,22,9,121.5372827,24.99486662
111,2,17,7,10,2,10文山區,文山區景福街與景福街168巷口,0,0,1,2,F01,6,1,5,30,4,1,1,4,4,5,7,3,1,9,5,5,2,17,1,71,2,9,1,1,7,9,8,20,2,16,,44,23,1,22,9,121.5372827,24.99486662
111,2,17,7,15,2,07信義區,信義區基隆路2段155號,0,0,1,1,C03,6,1,5,50,14,9,1,4,4,5,7,4,4,3,3,5,1,13,1,40,2,1,1,1,7,7,1,10,1,11,,23,23,1,22,1,121.5545061,25.02600758
111,2,17,7,15,2,07信義區,信義區基隆路2段155號,0,0,1,2,C01,6,1,5,50,14,9,1,4,4,5,7,4,4,3,3,5,1,13,1,38,3,10,1,1,7,9,1,9,1,14,,44,23,1,22,9,121.5545061,25.02600758
111,2,17,7,18,2,01大同區,大同區民族西路與承德路3段口,0,0,1,1,B02,7,1,5,50,4,1,1,4,4,5,7,1,1,5,4,3,2,12,1,43,3,10,1,1,7,6,1,8,2,5,,9,9,1,22,9,121.518335,25.06853888
111,2,17,7,18,2,01大同區,大同區民族西路與承德路3段口,0,0,1,2,C03,7,1,5,50,4,1,1,4,4,5,7,1,1,5,4,3,2,12,1,25,2,9,1,1,7,9,1,10,2,11,,44,9,1,22,9,121.518335,25.06853888
111,2,17,7,33,2,06松山區,松山區民生東路3段113巷與民權東路3段106巷15弄口口,0,0,1,1,B03,6,1,5,30,4,1,1,4,4,3,7,4,4,10,5,5,2,15,1,30,3,10,3,4,7,9,1,8,2,1,,44,44,1,22,9,121.5461996,25.0599537
111,2,17,7,33,2,06松山區,松山區民生東路3段113巷與民權東路3段106巷15弄口口,0,0,1,2,C03,6,1,5,30,4,1,1,4,4,3,7,4,4,10,5,5,2,15,1,25,2,9,3,4,7,9,1,10,2,12,,6,44,1,22,9,121.5461996,25.0599537
111,2,17,7,33,2,06松山區,松山區民生東路3段113巷與民權東路3段106巷15弄口口,0,0,1,3,B02,6,1,5,30,4,1,1,4,4,3,7,4,4,10,5,5,2,15,1,46,3,10,3,4,7,14,1,10,11,15,,38,44,1,22,9,121.5461996,25.0599537
111,2,17,7,35,2,10文山區,文山區羅斯福路5段與萬盛街口,0,0,1,1,C03,6,1,5,50,4,2,1,4,4,5,7,2,1,1,4,5,2,13,1,38,2,9,1,1,7,9,1,10,1,11,,16,16,1,22,9,121.5384108,25.00788066
111,2,17,7,35,2,10文山區,文山區羅斯福路5段與萬盛街口,0,0,1,2,B03,6,1,5,50,4,2,1,4,4,5,7,2,1,1,4,5,2,13,1,60,3,10,1,1,7,9,1,8,1,6,,44,16,1,22,9,121.5384108,25.00788066
111,2,17,7,35,2,10文山區,文山區羅斯福路5段與萬盛街口,0,0,1,3,B03,6,1,5,50,4,2,1,4,4,5,7,2,1,1,4,5,2,13,1,47,3,10,1,1,7,9,1,8,1,4,,44,16,1,22,9,121.5384108,25.00788066
111,2,17,7,36,2,09北投區,北投區中央北路4段288號,0,0,1,2,B02,8,1,5,50,14,9,1,5,4,5,7,4,4,4,4,5,2,16,1,51,3,10,1,1,7,9,1,8,1,4,,44,16,1,22,9,121.4732354,25.1312613
111,2,17,7,36,2,09北投區,北投區中央北路4段288號,0,0,1,1,C03,8,1,5,50,14,9,1,5,4,5,7,4,4,4,4,5,2,16,2,28,2,9,1,1,7,7,1,10,1,12,,16,16,1,22,9,121.4732354,25.1312613
111,2,17,7,36,2,07信義區,信義區信安街67巷,0,0,1,1,B03,6,1,8,50,15,22,1,4,4,5,7,4,4,9,4,5,2,12,2,71,3,10,1,1,7,6,1,8,1,2,,9,9,1,22,9,121.5589654,25.02598185
111,2,17,7,36,2,07信義區,信義區信安街67巷,0,0,1,2,C03,6,1,8,50,15,22,1,4,4,5,7,4,4,9,4,5,2,12,2,33,2,9,1,1,7,9,1,10,1,11,,44,9,1,22,9,121.5589654,25.02598185
111,2,17,7,40,2,12內湖區,內湖區文德路22巷,0,0,1,1,B03,6,1,5,30,14,9,1,4,4,5,7,4,4,10,5,5,2,11,2,20,3,10,1,1,7,1,1,8,1,8,,17,17,1,22,9,121.5795385,25.07837797
111,2,17,7,40,2,12內湖區,內湖區文德路22巷,0,0,1,2,C03,6,1,5,30,14,9,1,4,4,5,7,4,4,10,5,5,2,11,1,39,2,8,1,1,7,9,1,9,1,13,,44,17,1,22,9,121.5795385,25.07837797
111,2,17,7,40,2,12內湖區,內湖區文德路22巷,0,0,1,3,B02,6,1,5,30,14,9,1,4,4,5,7,4,4,10,5,5,2,11,2,48,3,10,1,1,7,9,1,4,1,4,,44,17,1,22,9,121.5795385,25.07837797
111,2,17,7,47,2,03中山區,中山區北安路562號,0,0,2,1,C03,6,1,5,50,14,9,1,4,4,5,7,1,1,1,4,5,1,17,2,34,2,5,1,1,7,7,1,10,1,13,,25,25,1,22,9,121.5484849,25.0805961
111,2,17,7,47,2,03中山區,中山區北安路562號,0,0,2,2,C03,6,1,5,50,14,9,1,4,4,5,7,1,1,1,4,5,1,17,1,30,2,8,1,1,7,9,1,10,1,12,,44,25,1,22,9,121.5484849,25.0805961
111,2,17,7,49,2,08士林區,士林區雨農路32巷與雨農路口,0,0,1,1,F03,6,1,5,50,3,1,1,4,4,5,7,2,1,4,4,5,2,17,2,46,2,8,3,4,7,5,8,20,1,15,,26,26,1,22,9,121.5325556,25.09922981
111,2,17,7,49,2,08士林區,士林區雨農路32巷與雨農路口,0,0,1,2,B12,6,1,5,50,3,1,1,4,4,5,7,2,1,4,4,5,2,17,1,52,3,10,3,4,7,14,1,8,1,15,,38,26,1,22,9,121.5325556,25.09922981
111,2,17,8,0,2,04大安區,大安區和平東路3段與安和路2段口,0,0,1,1,C03,6,1,5,50,3,2,1,4,4,5,7,2,1,1,4,5,2,17,1,59,2,9,1,1,7,7,1,10,1,11,,23,23,1,22,9,121.5499266,25.02444621
111,2,17,8,0,2,04大安區,大安區和平東路3段與安和路2段口,0,0,1,2,B03,6,1,5,50,3,2,1,4,4,5,7,2,1,1,4,5,2,17,1,50,3,10,1,1,7,14,1,8,1,7,,44,23,1,22,9,121.5499266,25.02444621
111,2,17,8,0,2,07信義區,信義區和平東路3段649號,0,0,1,1,C03,6,1,5,40,14,9,1,4,4,5,7,2,1,8,5,5,2,18,1,33,2,7,1,1,7,12,1,10,1,12,,42,42,1,22,9,121.5634825,25.01265505
111,2,17,8,0,2,07信義區,信義區和平東路3段649號,0,0,1,2,,6,1,5,40,14,9,1,4,4,5,7,2,1,8,5,5,2,18,3,,,,,,,,,,,,,67,42,1,,,121.5634825,25.01265505
111,2,17,8,1,2,10文山區,文山區萬芳路18號,0,0,1,1,C03,6,1,5,50,14,9,1,4,4,5,7,4,4,5,4,5,2,18,1,25,2,9,1,1,7,9,1,10,2,12,,43,43,1,22,9,121.5706236,24.9959095
111,2,17,8,1,2,10文山區,文山區萬芳路18號,0,0,1,2,,6,1,5,50,14,9,1,4,4,5,7,4,4,5,4,5,2,18,3,,,,,,,,,,,,,67,43,,,,121.5706236,24.9959095
111,2,17,8,9,2,01大同區,大同區太原路與民生西路口,0,0,1,1,C03,6,1,5,0,3,1,1,4,4,5,7,1,1,5,4,5,2,17,1,37,4,11,3,4,7,7,7,19,11,15,,7,7,2,22,9,121.5169517,25.0571831
111,2,17,8,9,2,01大同區,大同區太原路與民生西路口,0,0,1,2,C03,6,1,5,0,3,1,1,4,4,5,7,1,1,5,4,5,2,17,2,26,2,9,1,1,7,9,1,10,2,14,,44,7,1,22,9,121.5169517,25.0571831
111,2,17,8,29,2,12內湖區,內湖區永保街與安康路106巷口口,0,0,1,2,C03,6,1,5,50,3,1,1,4,4,5,7,4,4,9,5,5,2,17,2,19,2,9,1,1,7,9,1,10,1,11,,14,6,1,22,9,121.5988258,25.0634872
111,2,17,8,29,2,12內湖區,內湖區永保街與安康路106巷口口,0,0,1,1,B03,6,1,5,50,3,1,1,4,4,5,7,4,4,9,5,5,2,17,2,34,3,10,1,1,7,5,1,8,1,8,,6,6,1,22,9,121.5988258,25.0634872
111,2,17,8,55,2,08士林區,士林區華齡街17巷與華齡街口,0,0,1,1,C03,6,1,5,50,3,2,1,4,4,5,7,4,4,5,5,5,1,17,1,45,4,11,3,4,7,5,1,10,11,15,,8,8,2,22,9,121.5194696,25.08299691
111,2,17,8,55,2,08士林區,士林區華齡街17巷與華齡街口,0,0,1,2,C03,6,1,5,50,3,2,1,4,4,5,7,4,4,5,5,5,1,17,2,27,2,9,1,1,7,12,1,10,1,14,,44,8,1,21,8,121.5194696,25.08299691
111,2,17,8,59,2,11南港區,南港區南港路2段115號,0,0,2,1,C03,6,1,5,40,14,8,1,4,4,5,7,4,4,4,3,4,1,13,2,35,2,7,3,4,7,9,1,10,1,11,,23,23,1,22,9,121.5968372,25.05429205
111,2,17,8,59,2,11南港區,南港區南港路2段115號,0,0,2,2,C03,6,1,5,40,14,8,1,4,4,5,7,4,4,4,3,4,1,13,2,26,2,8,3,4,7,9,1,10,1,13,,44,23,1,22,9,121.5968372,25.05429205
111,2,17,8,59,2,11南港區,南港區南港路2段115號,0,0,2,3,C03,6,1,5,40,14,8,1,4,4,5,7,4,4,4,3,4,1,13,1,39,3,10,3,4,7,6,1,10,1,13,,27,23,1,22,9,121.5968372,25.05429205