發生年度,發生月,發生日,發生時-Hours,發生分,處理別-編號,區序,肇事地點,死亡人數,2-30日死亡人數,受傷人數,當事人序號,車種,天候,光線,道路類別,速限-速度限制,道路型態,事故位置,路面狀況1,路面狀況2,路面狀況3,道路障礙1,道路障礙2,號誌1,號誌2,車道劃分-分向,車道劃分-分道1,車道劃分-分道2,車道劃分-分道3,事故類型及型態,性別,年齡,受傷程度,主要傷處,安全帽,行動電話,車輛用途,當事者行動狀態,駕駛資格情形,駕駛執照種類,飲酒情形,車輛撞擊部位1,車輛撞擊部位2,肇因碼-個別,肇因碼-主要,個人肇逃否,職業,旅次目的,座標-X,座標-Y
111,2,17,9,1,2,01大同區,大同區承德路3段206號,0,0,1,1,B01,6,1,5,50,14,9,1,4,4,5,7,4,4,1,4,5,2,17,1,64,3,10,1,4,7,8,1,4,2,3,,44,44,1,22,9,121.5183629,25.07028602
111,2,17,9,1,2,01大同區,大同區承德路3段206號,0,0,1,2,C03,6,1,5,50,14,9,1,4,4,5,7,4,4,1,4,5,2,17,1,38,2,9,1,4,7,8,1,10,2,14,,13,44,1,22,9,121.5183629,25.07028602
111,2,17,9,5,2,04大安區,大安區金華街與金山南路2段口,0,0,1,1,B01,6,1,5,50,4,1,1,4,4,5,7,1,1,3,4,5,1,11,1,69,3,10,1,1,7,5,1,4,2,6,,6,6,1,22,9,121.5266588,25.03014817
111,2,17,9,5,2,04大安區,大安區金華街與金山南路2段口,0,0,1,2,C03,6,1,5,50,4,1,1,4,4,5,7,1,1,3,4,5,1,11,1,27,2,9,1,1,7,9,1,10,2,11,,44,6,1,22,9,121.5266588,25.03014817
111,2,17,9,8,2,03中山區,中山區民族東路與濱江街180巷口,0,0,1,1,C03,6,1,5,50,5,1,1,4,4,5,7,1,1,10,4,5,1,17,1,78,2,8,1,1,7,5,1,10,1,11,,8,8,1,22,9,121.5382269,25.0683856
111,2,17,9,8,2,03中山區,中山區民族東路與濱江街180巷口,0,0,1,2,C03,6,1,5,50,5,1,1,4,4,5,7,1,1,10,4,5,1,17,1,35,3,10,1,1,7,9,1,10,1,14,,23,8,1,22,9,121.5382269,25.0683856
111,2,17,9,8,2,06松山區,松山區敦化南路1段7號,0,0,1,1,B03,6,1,5,30,14,8,1,4,4,5,7,4,4,1,4,4,2,16,1,64,3,10,1,4,7,1,6,8,1,7,,19,19,1,22,9,121.5491846,25.04705543
111,2,17,9,8,2,06松山區,松山區敦化南路1段7號,0,0,1,2,C03,6,1,5,30,14,8,1,4,4,5,7,4,4,1,4,4,2,16,2,27,2,9,1,1,7,9,1,10,1,11,,44,19,1,22,9,121.5491846,25.04705543
111,2,17,9,48,2,06松山區,松山區民生東路4段與光復北路口,0,0,2,1,C03,6,1,5,50,4,1,1,4,4,5,7,1,1,1,4,5,2,16,2,33,2,9,3,4,7,5,1,10,2,12,,6,6,1,22,9,121.5552288,25.0583116
111,2,17,9,48,2,06松山區,松山區民生東路4段與光復北路口,0,0,2,2,C03,6,1,5,50,4,1,1,4,4,5,7,1,1,1,4,5,2,16,1,23,2,9,3,4,7,9,1,10,2,11,,44,6,1,22,9,121.5552288,25.0583116
111,2,17,9,50,2,12內湖區,內湖區行愛路與新湖三路口,0,0,1,1,B03,6,1,5,50,4,1,1,4,4,5,7,1,1,5,5,4,2,12,2,34,3,10,1,1,7,11,1,8,1,8,,10,10,1,22,9,121.5795502,25.0649156
111,2,17,9,50,2,12內湖區,內湖區行愛路與新湖三路口,0,0,1,2,C03,6,1,5,50,4,1,1,4,4,5,7,1,1,5,5,4,2,12,1,34,2,9,1,1,7,9,1,10,1,12,,13,10,1,22,9,121.5795502,25.0649156
111,2,17,10,9,2,04大安區,大安區基隆路2段與敦化南路2段口,0,0,1,1,C04,6,1,5,50,3,2,1,4,4,5,7,1,1,1,4,5,2,13,2,25,2,8,1,1,7,12,1,10,1,11,,16,16,1,22,9,121.5489427,25.02116864
111,2,17,10,9,2,04大安區,大安區基隆路2段與敦化南路2段口,0,0,1,2,B01,6,1,5,50,3,2,1,4,4,5,7,1,1,1,4,5,2,13,1,56,3,10,1,1,7,12,1,4,1,3,,44,16,1,22,9,121.5489427,25.02116864
111,2,17,10,10,2,10文山區,文山區景隆街與興隆路1段202巷口,0,0,2,1,C03,7,1,5,50,3,1,1,4,4,5,7,4,4,8,5,5,2,16,1,29,2,8,1,1,7,5,1,10,2,14,,6,6,1,22,9,121.5427993,24.99922794
111,2,17,10,10,2,10文山區,文山區景隆街與興隆路1段202巷口,0,0,2,2,C03,7,1,5,50,3,1,1,4,4,5,7,4,4,8,5,5,2,16,2,21,2,9,1,1,7,9,1,10,2,11,,44,6,1,22,9,121.5427993,24.99922794
111,2,17,10,24,2,06松山區,松山區民權東路4段100號對面,0,0,1,1,C03,6,1,5,50,14,7,1,4,4,5,7,3,1,9,4,4,2,13,2,47,2,9,1,1,7,9,1,9,1,11,,16,16,1,22,9,121.556331,25.06209602
111,2,17,10,24,2,06松山區,松山區民權東路4段100號對面,0,0,1,2,B02,6,1,5,50,14,7,1,4,4,5,7,3,1,9,4,4,2,13,1,60,3,10,1,1,7,14,1,8,1,3,,44,16,1,22,9,121.556331,25.06209602
111,2,17,10,35,2,07信義區,信義區松壽路2號187巷,0,0,1,1,,6,1,8,0,15,20,4,4,4,5,7,4,4,10,5,5,2,17,4,,4,11,3,4,7,15,7,19,11,15,,43,43,2,22,9,121.5624944,25.03589348
111,2,17,10,35,2,07信義區,信義區松壽路2號187巷,0,0,1,2,F02,6,1,8,0,15,20,4,4,4,5,7,4,4,10,5,5,2,17,2,43,2,9,1,1,7,9,8,20,9,16,,23,43,1,22,9,121.5624944,25.03589348
111,2,17,11,5,2,04大安區,大安區忠孝東路3段276巷與忠孝東路3段248巷7弄口,0,0,1,1,B11,6,1,5,30,3,1,1,4,4,5,7,4,4,10,5,5,2,9,1,48,3,10,1,1,7,1,1,8,1,1,,19,19,1,22,9,121.5424581,25.04109039
111,2,17,11,5,2,04大安區,大安區忠孝東路3段276巷與忠孝東路3段248巷7弄口,0,0,1,2,H01,6,1,5,30,3,1,1,4,4,5,7,4,4,10,5,5,2,9,2,59,2,1,4,5,8,16,8,20,10,16,,60,19,1,22,9,121.5424581,25.04109039
111,2,17,11,40,2,04大安區,大安區基隆路4段43號與無名巷口,0,0,1,2,B01,6,1,5,50,4,1,1,4,4,5,7,2,1,1,4,4,2,17,1,58,3,10,1,1,7,5,1,4,1,7,,8,13,1,21,8,121.5399374,25.01341203
111,2,17,11,40,2,04大安區,大安區基隆路4段43號與無名巷口,0,0,1,1,C03,6,1,5,50,4,1,1,4,4,5,7,2,1,1,4,4,2,17,1,27,2,9,1,1,7,9,1,10,1,14,,13,13,1,21,8,121.5399374,25.01341203
111,2,17,11,42,2,02萬華區,萬華區萬大路47號對面,0,0,2,1,C03,6,1,5,50,14,9,1,4,4,5,7,4,4,5,4,5,2,16,1,27,2,9,1,1,7,5,1,10,1,11,,6,6,1,22,9,121.5005456,25.03161754
111,2,17,11,42,2,02萬華區,萬華區萬大路47號對面,0,0,2,2,C03,6,1,5,50,14,9,1,4,4,5,7,4,4,5,4,5,2,16,1,34,2,9,1,1,7,9,1,10,1,14,,14,6,1,22,9,121.5005456,25.03161754
111,2,17,11,55,2,06松山區,松山區市民大道4段11號,0,0,1,1,C03,6,1,5,40,14,9,1,4,4,5,7,4,4,1,3,5,2,12,2,49,3,10,1,1,7,15,1,10,1,11,,16,16,1,22,9,121.5442169,25.04508074
111,2,17,11,55,2,06松山區,松山區市民大道4段11號,0,0,1,2,C03,6,1,5,40,14,9,1,4,4,5,7,4,4,1,3,5,2,12,1,38,2,9,1,1,7,9,1,10,1,14,,44,16,1,22,9,121.5442169,25.04508074
111,2,17,11,57,2,07信義區,信義區虎林街82巷與忠孝東路5段423巷口,0,0,1,1,C03,6,1,5,30,4,1,1,4,4,5,7,4,4,8,3,5,2,15,1,79,2,9,3,4,7,9,6,10,1,12,,6,6,1,22,9,121.575522,25.0432653
111,2,17,11,57,2,07信義區,信義區虎林街82巷與忠孝東路5段423巷口,0,0,1,2,B03,6,1,5,30,4,1,1,4,4,5,7,4,4,8,3,5,2,15,1,39,3,10,3,4,7,9,1,8,1,1,,14,6,1,22,9,121.575522,25.0432653
111,2,17,12,11,2,10文山區,文山區興隆路2段與辛亥路5段口,0,0,1,1,C03,6,1,5,50,4,1,1,4,4,5,7,1,1,1,4,5,2,15,2,61,2,9,1,1,7,9,1,10,2,11,,25,25,1,22,9,121.5546151,25.0008128
111,2,17,12,11,2,10文山區,文山區興隆路2段與辛亥路5段口,0,0,1,2,B01,6,1,5,50,4,1,1,4,4,5,7,1,1,1,4,5,2,15,2,57,3,10,1,1,7,9,1,4,2,4,,13,25,1,22,9,121.5546151,25.0008128
111,2,17,12,30,2,04大安區,大安區敦化南路1段190巷與忠孝東路4段101巷口,0,0,1,1,B01,6,1,5,30,4,1,1,4,4,5,7,4,4,9,4,5,2,15,1,53,3,10,3,4,7,9,1,4,1,1,,6,6,1,22,9,121.5480796,25.04262749
111,2,17,12,30,2,04大安區,大安區敦化南路1段190巷與忠孝東路4段101巷口,0,0,1,2,B01,6,1,5,30,4,1,1,4,4,5,7,4,4,9,4,5,2,15,1,56,3,10,3,4,7,9,1,4,1,8,,44,6,1,22,9,121.5480796,25.04262749
111,2,17,12,30,2,04大安區,大安區敦化南路1段190巷與忠孝東路4段101巷口,0,0,1,3,H02,6,1,5,30,4,1,1,4,4,5,7,4,4,9,4,5,2,15,2,62,2,9,3,4,7,21,8,20,10,16,,67,6,1,22,9,121.5480796,25.04262749
111,2,17,13,29,2,06松山區,松山區南京東路5段202-1號,0,0,1,1,B03,6,1,5,50,14,9,1,4,4,5,7,4,4,1,3,5,2,17,1,61,3,10,3,4,7,7,1,8,1,8,,43,43,1,22,9,121.5643193,25.05133743
111,2,17,13,29,2,06松山區,松山區南京東路5段202-1號,0,0,1,2,C03,6,1,5,50,14,9,1,4,4,5,7,4,4,1,3,5,2,17,1,46,2,9,3,4,7,9,1,10,1,12,,43,43,1,22,9,121.5643193,25.05133743
111,2,17,13,33,2,04大安區,大安區復興南路2段與復興南路2段151巷口,0,0,2,1,C03,6,1,5,50,4,1,1,4,4,5,7,1,1,10,5,5,2,15,1,35,2,9,1,1,7,9,1,10,1,12,,25,25,1,22,9,121.5435746,25.02837039
111,2,17,13,33,2,04大安區,大安區復興南路2段與復興南路2段151巷口,0,0,2,2,C03,6,1,5,50,4,1,1,4,4,5,7,1,1,10,5,5,2,15,1,35,2,8,1,1,7,9,1,10,1,14,,44,25,1,22,9,121.5435746,25.02837039
111,2,17,14,7,2,04大安區,大安區市民大道3段與八德路2段口,0,0,1,1,C03,6,1,5,40,4,2,1,4,4,5,7,2,1,9,4,5,1,12,2,59,2,9,1,4,7,8,1,10,1,11,,7,7,1,22,9,121.5345091,25.04475072
111,2,17,14,7,2,04大安區,大安區市民大道3段與八德路2段口,0,0,1,2,C03,6,1,5,40,4,2,1,4,4,5,7,2,1,9,4,5,1,12,2,29,3,10,1,4,7,9,1,10,1,14,,44,7,1,22,9,121.5345091,25.04475072
111,2,17,14,12,2,02萬華區,萬華區水源快速道路與水源快速道路口近青年路,0,0,2,1,A41,6,1,5,60,14,7,1,4,4,5,7,1,1,10,4,5,2,13,1,26,3,10,1,1,1,9,1,1,2,1,,23,23,1,22,9,121.5044325,25.01999156
111,2,17,14,12,2,02萬華區,萬華區水源快速道路與水源快速道路口近青年路,0,0,2,2,B03,6,1,5,60,14,7,1,4,4,5,7,1,1,10,4,5,2,13,1,21,3,10,1,1,7,14,1,8,2,3,,44,23,1,22,9,121.5044325,25.01999156
111,2,17,14,12,2,02萬華區,萬華區水源快速道路與水源快速道路口近青年路,0,0,2,3,B03,6,1,5,60,14,7,1,4,4,5,7,1,1,10,4,5,2,13,1,20,2,8,1,1,7,14,1,8,2,3,,44,23,1,22,9,121.5044325,25.01999156
111,2,17,14,12,2,02萬華區,萬華區水源快速道路與水源快速道路口近青年路,0,0,2,4,H02,6,1,5,60,14,7,1,4,4,5,7,1,1,10,4,5,2,13,2,60,2,2,4,5,7,20,8,20,10,16,,67,23,1,22,9,121.5044325,25.01999156
111,2,17,14,27,2,10文山區,文山區興隆路2段244巷與興隆路2段244巷口(26號前),0,0,1,1,B03,6,3,5,30,3,1,1,4,4,5,7,4,4,9,5,5,2,16,2,50,3,10,1,1,7,5,1,8,1,15,,6,6,1,22,9,121.5533679,25.00015883
111,2,17,14,27,2,10文山區,文山區興隆路2段244巷與興隆路2段244巷口(26號前),0,0,1,2,C03,6,3,5,30,3,1,1,4,4,5,7,4,4,9,5,5,2,16,1,23,2,9,1,1,7,9,3,18,1,14,,14,6,1,22,9,121.5533679,25.00015883
111,2,17,14,28,2,04大安區,大安區和平東路3段與基隆路2段口,0,0,1,1,C03,6,1,5,50,5,2,1,4,4,5,7,1,1,10,5,5,2,16,1,28,2,8,1,1,7,7,1,10,1,14,,7,7,1,22,9,121.552841,25.02467142
111,2,17,14,28,2,04大安區,大安區和平東路3段與基隆路2段口,0,0,1,2,B01,6,1,5,50,5,2,1,4,4,5,7,1,1,10,5,5,2,16,1,52,3,10,1,1,7,9,1,4,1,2,,44,7,1,22,9,121.552841,25.02467142
111,2,17,14,28,2,07信義區,信義區和平東路3段391巷56號與和平東路3段391巷口,0,0,1,1,B03,6,1,5,0,4,1,1,4,4,5,7,4,4,10,5,5,1,15,1,41,3,10,3,4,7,1,1,8,1,1,,19,19,1,22,9,121.5595419,25.02084613
111,2,17,14,28,2,07信義區,信義區和平東路3段391巷56號與和平東路3段391巷口,0,0,1,2,C03,6,1,5,0,4,1,1,4,4,5,7,4,4,10,5,5,1,15,1,42,2,9,3,4,7,9,1,10,1,12,,14,19,1,22,9,121.5595419,25.02084613
111,2,17,14,30,2,07信義區,信義區忠孝東路5段68號,0,0,3,1,C03,6,1,5,50,14,9,1,4,4,5,7,4,4,1,4,5,1,13,2,19,2,9,1,1,7,9,1,10,1,11,,23,23,1,22,9,121.5667909,25.0405444
111,2,17,14,30,2,07信義區,信義區忠孝東路5段68號,0,0,3,2,C03,6,1,5,50,14,9,1,4,4,5,7,4,4,1,4,5,1,13,1,32,2,9,1,1,7,9,1,10,1,13,,44,23,1,22,9,121.5667909,25.0405444
111,2,17,14,30,2,07信義區,信義區忠孝東路5段68號,0,0,3,3,H02,6,1,5,50,14,9,1,4,4,5,7,4,4,1,4,5,1,13,2,19,2,7,1,5,7,20,8,20,10,16,,67,23,1,22,9,121.5667909,25.0405444
111,2,17,14,37,2,08士林區,士林區福華路與福國路口,0,0,1,1,F03,7,1,5,50,4,1,1,5,4,5,7,2,1,5,5,5,1,13,1,59,3,10,1,1,7,7,8,20,1,16,,7,7,1,21,8,121.522945,25.10198202
111,2,17,14,37,2,08士林區,士林區福華路與福國路口,0,0,1,2,C03,7,1,5,50,4,1,1,5,4,5,7,2,1,5,5,5,1,13,1,20,2,8,1,1,7,9,1,10,1,11,,23,7,1,21,8,121.522945,25.10198202
111,2,17,14,55,2,03中山區,中山區中山北路4段與圓山涵洞口,0,0,1,1,B03,8,1,5,50,4,1,1,5,4,5,7,1,1,1,4,2,1,15,2,65,3,10,1,1,7,9,1,8,2,5,,25,25,1,22,9,121.5252113,25.07684833
111,2,17,14,55,2,03中山區,中山區中山北路4段與圓山涵洞口,0,0,1,2,B01,8,1,5,50,4,1,1,5,4,5,7,1,1,1,4,2,1,15,1,55,2,3,1,1,7,9,1,4,2,8,,44,25,1,22,9,121.5252113,25.07684833
111,2,17,14,57,2,02萬華區,萬華區西園路2段與西園路2段372巷口,0,0,1,1,C03,7,1,5,50,4,1,1,4,4,5,7,3,1,9,5,5,1,15,1,38,2,9,1,1,7,9,1,10,1,12,,6,6,1,22,9,121.4915929,25.02505693
111,2,17,14,57,2,02萬華區,萬華區西園路2段與西園路2段372巷口,0,0,1,2,B12,7,1,5,50,4,1,1,4,4,5,7,3,1,9,5,5,1,15,1,44,3,10,1,1,7,9,1,8,1,1,,13,6,1,22,9,121.4915929,25.02505693
111,2,17,15,7,2,04大安區,大安區光復南路116巷與延吉街口廢鐵道,0,0,1,1,B03,6,1,5,30,4,1,1,4,4,5,7,4,4,1,4,5,1,16,2,44,3,10,1,4,7,5,1,8,1,2,,6,6,1,22,9,121.5562464,25.04300699
111,2,17,15,7,2,04大安區,大安區光復南路116巷與延吉街口廢鐵道,0,0,1,2,C03,6,1,5,30,4,1,1,4,4,5,7,4,4,1,4,5,1,16,1,27,2,8,1,4,7,9,1,10,1,11,,13,6,1,22,9,121.5562464,25.04300699
111,2,17,15,22,2,04大安區,大安區基隆路3段8號,0,0,1,1,C03,7,1,5,50,14,9,1,4,4,5,7,4,4,1,4,5,2,17,1,27,2,8,1,1,7,10,1,9,1,15,,7,7,1,22,9,121.5478352,25.02039418
111,2,17,15,22,2,04大安區,大安區基隆路3段8號,0,0,1,2,C03,7,1,5,50,14,9,1,4,4,5,7,4,4,1,4,5,2,17,1,60,3,10,1,1,7,9,1,10,1,11,,44,7,1,22,9,121.5478352,25.02039418
111,2,17,15,22,2,04大安區,大安區基隆路3段8號,0,0,1,3,B03,7,1,5,50,14,9,1,4,4,5,7,4,4,1,4,5,2,17,1,67,3,10,1,1,7,14,1,8,1,4,,44,7,1,22,9,121.5478352,25.02039418
111,2,17,15,27,2,12內湖區,內湖區內湖路1段203巷與內湖路1段口,0,0,2,1,B03,6,1,5,50,4,2,1,4,4,5,7,1,1,1,4,5,1,17,1,45,3,10,1,1,7,6,1,8,1,15,,43,43,1,22,9,121.5635492,25.08334481
111,2,17,15,27,2,12內湖區,內湖區內湖路1段203巷與內湖路1段口,0,0,2,2,C03,6,1,5,50,4,2,1,4,4,5,7,1,1,1,4,5,1,17,1,62,2,3,1,1,7,9,1,10,1,15,,43,43,1,22,9,121.5635492,25.08334481
111,2,17,15,27,2,12內湖區,內湖區內湖路1段203巷與內湖路1段口,0,0,2,3,H02,6,1,5,50,4,2,1,4,4,5,7,1,1,1,4,5,1,17,2,54,2,9,4,5,7,21,8,20,10,16,,67,43,1,22,9,121.5635492,25.08334481
111,2,17,15,30,2,03中山區,中山區八德路2段174巷24弄與建國南路1段口口,0,0,1,1,C03,7,1,5,50,3,2,1,4,4,5,7,4,4,1,4,5,2,17,1,45,3,10,3,2,7,6,1,10,1,15,無,9,9,1,3,4,121.536974,25.04537062
111,2,17,15,30,2,03中山區,中山區八德路2段174巷24弄與建國南路1段口口,0,0,1,2,C03,7,1,5,50,3,2,1,4,4,5,7,4,4,1,4,5,2,17,2,21,2,8,3,4,7,9,1,10,1,15,,14,9,1,20,9,121.536974,25.04537062
111,2,17,15,30,2,03中山區,中山區民生東路1段62號,0,0,1,1,B12,6,1,5,50,14,9,1,4,4,5,7,4,4,5,4,5,2,16,1,33,3,10,1,1,7,8,1,8,1,6,,7,7,1,22,9,121.5395325,25.0580125
111,2,17,15,30,2,03中山區,中山區民生東路1段62號,0,0,1,2,C03,6,1,5,50,14,9,1,4,4,5,7,4,4,5,4,5,2,16,1,26,2,9,1,1,7,9,1,10,1,14,,13,7,1,22,9,121.5395325,25.0580125
111,2,17,15,30,2,03中山區,中山區民生東路1段62號,0,0,1,3,B03,6,1,5,50,14,9,1,4,4,5,7,4,4,5,4,5,2,16,1,47,3,10,1,1,7,13,1,8,11,7,,44,7,1,22,9,121.5395325,25.0580125
111,2,17,15,30,2,03中山區,中山區民生東路1段62號,0,0,1,4,B03,6,1,5,50,14,9,1,4,4,5,7,4,4,5,4,5,2,16,2,62,3,10,1,1,7,13,1,8,11,8,,44,7,1,22,9,121.5395325,25.0580125
111,2,17,15,49,2,10文山區,文山區木柵路4段與萬壽橋口,0,0,1,1,B03,6,1,5,50,4,2,1,4,4,5,7,2,1,5,2,5,2,3,1,39,3,10,1,1,7,5,1,8,2,1,,43,43,1,22,9,121.5711307,24.99170776
111,2,17,15,49,2,10文山區,文山區木柵路4段與萬壽橋口,0,0,1,2,H01,6,1,5,50,4,2,1,4,4,5,7,2,1,5,2,5,2,3,1,78,2,9,4,5,8,16,8,20,10,15,,67,43,1,22,9,121.5711307,24.99170776
111,2,17,15,50,2,11南港區,南港區市民大道8段與興中路口,0,0,1,1,B03,6,1,5,50,4,1,1,4,4,5,7,2,1,1,1,5,1,16,1,38,3,10,3,4,7,5,1,8,1,5,,6,6,1,22,9,121.6077191,25.0534209
111,2,17,15,50,2,11南港區,南港區市民大道8段與興中路口,0,0,1,2,C03,6,1,5,50,4,1,1,4,4,5,7,2,1,1,1,5,1,16,1,20,2,9,3,4,7,9,1,10,1,11,,42,6,1,22,9,121.6077191,25.0534209
111,2,17,16,9,2,01大同區,大同區延平北路2段280號,0,0,1,1,C03,8,1,5,50,14,9,1,5,4,5,7,4,4,9,4,5,2,12,1,21,2,8,1,4,7,9,1,10,1,12,,17,17,1,22,9,121.5112132,25.06257987
111,2,17,16,9,2,01大同區,大同區延平北路2段280號,0,0,1,2,B03,8,1,5,50,14,9,1,5,4,5,7,4,4,9,4,5,2,12,1,69,3,10,3,4,7,9,1,8,1,8,,17,17,1,22,9,121.5112132,25.06257987
111,2,17,16,13,2,04大安區,大安區辛亥路3段157巷與辛亥路3段口,0,0,1,1,A04,6,2,5,50,14,9,1,4,4,5,7,2,1,9,4,5,1,12,1,67,3,10,1,4,7,9,1,2,1,2,,17,17,1,22,9,121.5492178,25.017246
111,2,17,16,13,2,04大安區,大安區辛亥路3段157巷與辛亥路3段口,0,0,1,2,C03,6,2,5,50,14,9,1,4,4,5,7,2,1,9,4,5,1,12,2,63,2,9,1,4,7,9,1,10,1,14,,17,17,1,22,9,121.5492178,25.017246
111,2,17,16,15,2,03中山區,中山區建國北路2段151巷12號,0,0,1,1,B03,8,1,5,30,14,9,1,5,4,5,7,4,4,10,4,5,2,16,1,30,3,10,1,4,7,1,1,8,1,8,,19,19,1,22,9,121.5382899,25.0616827
111,2,17,16,15,2,03中山區,中山區建國北路2段151巷12號,0,0,1,2,C03,8,1,5,30,14,9,1,5,4,5,7,4,4,10,4,5,2,16,1,31,2,8,1,4,7,9,1,10,1,11,,44,19,1,22,9,121.5382899,25.0616827
111,2,17,16,30,2,09北投區,北投區中央北路1段1號旁,0,0,2,1,B03,8,1,5,50,15,18,1,5,4,5,7,3,1,10,5,5,2,3,1,21,3,10,1,1,7,5,3,18,2,1,,15,15,1,22,9,121.5014695,25.13349863
111,2,17,16,30,2,09北投區,北投區中央北路1段1號旁,0,0,2,2,H01,8,1,5,50,15,18,1,5,4,5,7,3,1,10,5,5,2,3,2,15,2,9,4,5,8,16,8,20,10,16,,67,15,1,22,9,121.5014695,25.13349863
111,2,17,16,30,2,09北投區,北投區中央北路1段1號旁,0,0,2,3,H01,8,1,5,50,15,18,1,5,4,5,7,3,1,10,5,5,2,3,2,15,2,9,4,5,8,16,8,20,10,16,,67,15,1,22,9,121.5014695,25.13349863
111,2,17,17,0,2,03中山區,中山區中山北路2段68號前,0,0,2,1,C03,7,2,5,50,14,9,1,5,4,5,7,4,4,5,4,5,2,12,1,21,2,9,3,4,7,9,1,10,1,15,,42,42,1,20,9,121.522761,25.05699684
111,2,17,17,0,2,03中山區,中山區中山北路2段68號前,0,0,2,2,C03,7,2,5,50,14,9,1,5,4,5,7,4,4,5,4,5,2,12,2,24,2,9,3,4,7,9,1,10,1,15,,44,42,1,21,9,121.522761,25.05699684
111,2,17,17,0,2,07信義區,信義區莊敬路與吳興街361巷口,0,0,1,1,B03,6,1,5,50,3,1,1,4,4,5,7,4,4,5,5,4,2,17,1,40,3,10,1,1,7,11,1,8,11,15,,10,10,1,21,8,121.5678858,25.0267946
111,2,17,17,0,2,07信義區,信義區莊敬路與吳興街361巷口,0,0,1,2,C03,6,1,5,50,3,1,1,4,4,5,7,4,4,5,5,4,2,17,2,52,2,9,1,1,7,9,1,10,11,12,,14,10,1,21,8,121.5678858,25.0267946
111,2,17,17,7,2,06松山區,松山區寧安街7巷7號,0,0,1,1,C03,8,1,5,30,13,9,1,5,4,5,7,4,4,9,5,5,2,12,2,32,2,9,1,1,7,5,1,10,1,12,,6,6,1,22,9,121.5550778,25.04952773
111,2,17,17,7,2,06松山區,松山區寧安街7巷7號,0,0,1,2,B01,8,1,5,30,13,9,1,5,4,5,7,4,4,9,5,5,2,12,1,57,3,10,1,1,7,9,1,4,1,4,,44,6,1,22,9,121.5550778,25.04952773
111,2,17,17,9,2,03中山區,中山區新生北路3段與農安街口橋下停車場迴轉道,0,0,1,1,B03,6,1,5,50,15,6,1,4,4,5,7,4,4,10,5,5,2,16,1,42,3,10,1,1,7,9,1,8,1,8,,23,23,1,22,9,121.5276895,25.06505625
111,2,17,17,9,2,03中山區,中山區新生北路3段與農安街口橋下停車場迴轉道,0,0,1,2,F03,6,1,5,50,15,6,1,4,4,5,7,4,4,10,5,5,2,16,2,61,2,9,1,1,7,15,8,20,1,16,,44,23,1,22,9,121.5276895,25.06505625
111,2,17,17,50,2,12內湖區,內湖區陽光街1號,0,0,1,1,C03,8,1,5,50,14,9,1,5,4,5,7,4,4,9,5,5,2,13,1,71,2,9,1,1,7,9,1,10,1,11,,16,16,1,22,9,121.5886906,25.07712891
111,2,17,17,50,2,12內湖區,內湖區陽光街1號,0,0,1,2,B02,8,1,5,50,14,9,1,5,4,5,7,4,4,9,5,5,2,13,1,32,3,10,1,1,7,9,1,8,1,6,,44,16,1,22,9,121.5886906,25.07712891
111,2,17,18,10,2,04大安區,大安區復興南路2段151巷與復興南路2段口,0,0,1,1,C03,7,3,5,50,4,1,1,5,4,5,7,2,1,1,2,5,1,13,2,32,2,8,1,1,7,9,1,10,1,11,,16,16,1,22,9,121.5435941,25.02843204
111,2,17,18,10,2,04大安區,大安區復興南路2段151巷與復興南路2段口,0,0,1,2,B03,7,3,5,50,4,1,1,5,4,5,7,2,1,1,2,5,1,13,1,48,3,10,1,1,7,14,1,4,1,7,,44,16,1,22,9,121.5435941,25.02843204
111,2,17,18,30,2,10文山區,文山區景隆街12號,0,0,1,1,B03,6,3,5,50,14,9,1,4,4,5,7,4,4,9,5,5,2,3,1,26,3,10,1,1,7,9,1,8,2,5,,23,23,1,22,9,121.5405806,24.99987557
111,2,17,18,30,2,10文山區,文山區景隆街12號,0,0,1,2,H01,6,3,5,50,14,9,1,4,4,5,7,4,4,9,5,5,2,3,1,64,2,1,4,5,8,16,8,20,10,16,,51,23,1,22,9,121.5405806,24.99987557
111,2,17,18,54,2,06松山區,松山區八德路4段與東興路口,0,0,2,1,C03,8,3,5,50,4,1,1,5,4,5,7,1,1,5,4,5,2,12,1,66,2,9,1,1,7,8,1,10,1,12,,7,7,1,22,9,121.5655588,25.04892883
111,2,17,18,54,2,06松山區,松山區八德路4段與東興路口,0,0,2,2,C03,8,3,5,50,4,1,1,5,4,5,7,1,1,5,4,5,2,12,1,35,2,9,1,1,7,9,1,10,1,11,,44,7,1,22,9,121.5655588,25.04892883
111,2,17,19,6,2,05中正區,中正區重慶南路1段130號,0,0,1,1,B03,7,3,5,50,14,9,1,5,4,5,7,4,4,5,4,5,2,16,1,67,3,10,1,1,7,9,1,8,2,6,,44,44,1,22,9,121.5126004,25.0370236
111,2,17,19,6,2,05中正區,中正區重慶南路1段130號,0,0,1,2,C03,7,3,5,50,14,9,1,5,4,5,7,4,4,5,4,5,2,16,1,59,2,8,1,1,7,9,1,10,2,14,,17,44,1,22,9,121.5126004,25.0370236
111,2,17,19,6,2,10文山區,文山區興隆路3段88號,0,0,1,1,C03,6,3,5,50,14,9,1,4,4,5,7,4,4,1,4,5,2,17,2,30,2,9,1,1,7,9,1,10,1,14,,43,43,1,22,9,121.5568219,24.99976813