發生年度,發生月,發生日,發生時-Hours,發生分,處理別-編號,區序,肇事地點,死亡人數,2-30日死亡人數,受傷人數,當事人序號,車種,天候,光線,道路類別,速限-速度限制,道路型態,事故位置,路面狀況1,路面狀況2,路面狀況3,道路障礙1,道路障礙2,號誌1,號誌2,車道劃分-分向,車道劃分-分道1,車道劃分-分道2,車道劃分-分道3,事故類型及型態,性別,年齡,受傷程度,主要傷處,安全帽,行動電話,車輛用途,當事者行動狀態,駕駛資格情形,駕駛執照種類,飲酒情形,車輛撞擊部位1,車輛撞擊部位2,肇因碼-個別,肇因碼-主要,個人肇逃否,職業,旅次目的,座標-X,座標-Y
111,2,17,19,6,2,10文山區,文山區興隆路3段88號,0,0,1,2,B01,6,3,5,50,14,9,1,4,4,5,7,4,4,1,4,5,2,17,1,68,3,10,1,1,7,8,1,4,1,15,,7,43,1,22,9,121.5568219,24.99976813
111,2,17,19,22,2,10文山區,文山區興隆路1段與興隆路2段口,0,0,1,1,B03,6,1,5,50,4,2,1,4,4,5,7,1,1,1,4,5,2,12,1,60,3,10,1,1,7,5,1,8,1,4,,17,17,1,22,9,121.5448463,24.99855401
111,2,17,19,22,2,10文山區,文山區興隆路1段與興隆路2段口,0,0,1,2,C03,6,1,5,50,4,2,1,4,4,5,7,1,1,1,4,5,2,12,2,45,2,9,1,1,7,5,1,10,1,12,,44,17,1,22,9,121.5448463,24.99855401
111,2,17,19,26,2,10文山區,文山區木柵路4段與木柵路4段159巷口,0,0,2,1,B02,6,3,5,50,14,9,1,4,4,5,7,1,1,5,2,5,2,16,2,43,3,10,1,1,7,15,1,8,2,5,,25,25,1,22,9,121.5757356,24.99970443
111,2,17,19,26,2,10文山區,文山區木柵路4段與木柵路4段159巷口,0,0,2,2,C03,6,3,5,50,14,9,1,4,4,5,7,1,1,5,2,5,2,16,2,39,2,9,1,1,7,9,1,10,2,11,14,44,25,1,22,9,121.5757356,24.99970443
111,2,17,19,26,2,10文山區,文山區木柵路4段與木柵路4段159巷口,0,0,2,3,C03,6,3,5,50,14,9,1,4,4,5,7,1,1,5,2,5,2,16,2,48,2,5,1,3,7,9,1,10,2,14,,44,25,1,22,9,121.5757356,24.99970443
111,2,17,19,35,2,12內湖區,內湖區陽光街126號,0,0,1,1,C03,6,3,5,50,3,1,1,4,4,5,7,2,1,9,5,5,2,17,2,30,3,10,1,1,7,11,1,10,1,15,,10,10,1,22,9,121.5834951,25.07499884
111,2,17,19,35,2,12內湖區,內湖區陽光街126號,0,0,1,2,C03,6,3,5,50,3,1,1,4,4,5,7,2,1,9,5,5,2,17,1,24,2,9,1,1,7,9,1,10,1,15,,44,10,1,22,9,121.5834951,25.07499884
111,2,17,20,0,2,07信義區,信義區松信路與虎林街120巷口,0,0,1,1,B03,6,3,5,50,4,1,1,4,4,5,7,1,1,9,5,5,2,3,2,37,3,10,1,1,7,5,6,18,1,5,,43,43,1,22,9,121.5719809,25.0422439
111,2,17,20,0,2,07信義區,信義區松信路與虎林街120巷口,0,0,1,2,H01,6,3,5,50,4,1,1,4,4,5,7,1,1,9,5,5,2,3,2,47,2,9,4,5,8,16,8,20,10,16,,67,43,1,22,9,121.5719809,25.0422439
111,2,17,20,5,2,05中正區,中正區南海路35號,0,0,1,1,B01,7,3,5,50,14,9,1,5,4,5,7,4,4,10,4,5,1,12,1,69,3,10,1,1,7,9,1,4,2,8,,23,23,1,22,9,121.5141668,25.03187973
111,2,17,20,5,2,05中正區,中正區南海路35號,0,0,1,2,C03,7,3,5,50,14,9,1,5,4,5,7,4,4,10,4,5,1,12,1,62,2,9,1,1,7,9,1,10,2,12,,44,23,1,22,9,121.5141668,25.03187973
111,2,17,20,5,2,05中正區,中正區南海路35號,0,0,1,3,H02,7,3,5,50,14,9,1,5,4,5,7,4,4,10,4,5,1,12,2,54,4,11,1,5,7,17,8,20,10,16,,67,23,1,22,9,121.5141668,25.03187973
111,2,17,20,40,2,03中山區,中山區民生東路2段與松江路口,0,0,1,1,C03,7,3,5,50,4,1,1,5,4,5,7,2,1,5,4,5,2,17,2,57,2,3,1,4,7,1,1,10,1,11,,19,19,1,22,9,121.5330134,25.05779972
111,2,17,20,40,2,03中山區,中山區民生東路2段與松江路口,0,0,1,2,B01,7,3,5,50,4,1,1,5,4,5,7,2,1,5,4,5,2,17,1,52,3,10,3,4,7,6,1,4,1,2,,44,19,1,22,9,121.5330134,25.05779972
111,2,17,20,40,2,04大安區,大安區通化街39巷50弄與通化街143巷口,0,0,1,1,C03,7,1,5,30,4,1,1,5,4,5,7,4,4,10,5,5,2,15,1,51,2,8,1,4,7,9,1,10,1,14,,6,6,1,22,9,121.5548583,25.0286442
111,2,17,20,40,2,04大安區,大安區通化街39巷50弄與通化街143巷口,0,0,1,2,C03,7,1,5,30,4,1,1,5,4,5,7,4,4,10,5,5,2,15,1,34,3,10,1,4,7,9,1,9,1,11,,13,6,1,22,9,121.5548583,25.0286442
111,2,17,21,10,2,07信義區,信義區吳興街與吳興街361巷口,0,0,2,1,C03,6,3,5,50,4,1,1,4,4,5,7,4,4,9,4,5,2,3,1,28,2,9,1,1,7,9,1,10,2,11,,23,23,1,22,9,121.5664638,25.0257674
111,2,17,21,10,2,07信義區,信義區吳興街與吳興街361巷口,0,0,2,2,H01,6,3,5,50,4,1,1,4,4,5,7,4,4,9,4,5,2,3,1,71,2,9,4,5,8,17,8,20,10,16,,67,23,1,22,9,121.5664638,25.0257674
111,2,17,21,10,2,07信義區,信義區吳興街與吳興街361巷口,0,0,2,3,B01,6,3,5,50,4,1,1,4,4,5,7,4,4,9,4,5,2,3,1,60,3,10,1,1,7,14,1,4,2,4,,38,23,1,22,9,121.5664638,25.0257674
111,2,17,21,24,2,05中正區,中正區青島東路1號旁67號停車格,0,0,1,1,B03,7,3,5,40,14,9,1,5,4,5,7,4,4,7,5,4,2,17,1,30,3,10,1,1,7,1,1,8,2,7,,19,19,1,22,9,121.5190621,25.04504398
111,2,17,21,24,2,05中正區,中正區青島東路1號旁67號停車格,0,0,1,2,C03,7,3,5,40,14,9,1,5,4,5,7,4,4,7,5,4,2,17,2,25,2,9,1,1,7,9,1,10,2,11,,44,19,1,22,9,121.5190621,25.04504398
111,2,17,21,25,2,04大安區,大安區忠孝東路4段164號,0,0,1,1,A02,6,3,5,50,14,9,1,4,4,5,7,4,4,1,4,5,2,9,1,58,3,10,1,1,7,12,1,2,1,15,,43,43,1,22,9,121.5506138,25.04138942
111,2,17,21,25,2,04大安區,大安區忠孝東路4段164號,0,0,1,2,H02,6,3,5,50,14,9,1,4,4,5,7,4,4,1,4,5,2,9,2,76,2,9,4,5,7,20,8,20,10,16,,67,43,1,22,9,121.5506138,25.04138942
111,2,17,21,31,2,08士林區,士林區天母西路與天母北路口,0,0,1,1,B03,7,3,5,50,4,1,1,5,4,5,7,1,1,5,5,5,2,3,1,19,3,10,1,1,7,5,1,8,1,1,,15,15,1,22,9,121.5261357,25.1184567
111,2,17,21,31,2,08士林區,士林區天母西路與天母北路口,0,0,1,2,H01,7,3,5,50,4,1,1,5,4,5,7,1,1,5,5,5,2,3,2,62,2,9,4,5,8,16,8,20,10,16,,67,15,1,22,9,121.5261357,25.1184567
111,2,17,23,38,2,07信義區,信義區福德街與福德街89巷口,0,0,1,1,B03,6,3,5,30,4,1,1,4,4,5,7,2,1,1,4,5,2,16,1,47,3,10,1,1,7,9,3,18,1,1,,43,43,1,22,9,121.5815664,25.03705769
111,2,17,23,38,2,07信義區,信義區福德街與福德街89巷口,0,0,1,2,C03,6,3,5,30,4,1,1,4,4,5,7,2,1,1,4,5,2,16,2,35,2,9,1,1,7,5,1,10,1,12,,43,43,1,22,9,121.5815664,25.03705769
111,2,18,0,21,2,03中山區,中山區長安東路1段與長安東路1段53巷口口,0,0,1,1,B01,7,3,5,30,4,1,1,5,4,5,7,2,1,10,5,5,2,3,1,45,3,10,3,4,7,5,1,4,1,4,,15,15,1,22,9,121.5264016,25.04886537
111,2,18,0,21,2,03中山區,中山區長安東路1段與長安東路1段53巷口口,0,0,1,2,H01,7,3,5,30,4,1,1,5,4,5,7,2,1,10,5,5,2,3,2,40,2,9,4,5,8,16,8,20,10,16,,67,15,1,22,9,121.5264016,25.04886537
111,2,18,0,50,2,04大安區,大安區大安路1段51巷與大安路1段口,0,0,1,1,C03,6,3,5,30,4,1,1,4,4,5,7,4,4,10,4,5,2,15,1,19,2,8,1,4,7,9,1,10,1,14,,6,6,1,22,9,121.5461792,25.04310935
111,2,18,0,50,2,04大安區,大安區大安路1段51巷與大安路1段口,0,0,1,2,B03,6,3,5,30,4,1,1,4,4,5,7,4,4,10,4,5,2,15,1,36,3,10,1,4,7,9,1,4,1,5,,14,6,1,22,9,121.5461792,25.04310935
111,2,18,4,33,2,09北投區,北投區北投路2段與大業路452巷口,0,0,1,1,C03,6,3,5,50,3,1,1,4,4,5,7,2,1,5,4,5,2,18,1,68,2,9,3,4,7,9,1,10,9,12,,44,44,1,22,9,121.4985577,25.13148313
111,2,18,4,33,2,09北投區,北投區北投路2段與大業路452巷口,0,0,1,2,,6,3,5,50,3,1,1,4,4,5,7,2,1,5,4,5,2,18,3,,,,,,,,,,,,,61,44,1,,,121.4985577,25.13148313
111,2,18,4,52,2,06松山區,松山區復興北路99號,0,0,1,1,H01,6,3,5,0,14,9,1,4,4,5,7,4,4,1,3,5,2,9,2,24,2,9,4,5,8,17,8,20,8,16,,60,60,1,22,9,121.5441171,25.05305914
111,2,18,4,52,2,06松山區,松山區復興北路99號,0,0,1,2,B01,6,3,5,0,14,9,1,4,4,5,7,4,4,1,3,5,2,9,1,52,3,10,1,1,7,9,1,4,2,1,,23,60,1,22,9,121.5441171,25.05305914
111,2,18,4,58,2,10文山區,文山區興隆路3段與萬芳路口,0,0,1,1,B01,6,3,5,50,4,1,1,4,4,5,7,1,1,1,4,5,2,3,1,57,3,10,1,1,7,5,1,8,2,1,,15,15,1,22,9,121.5600275,24.99680079
111,2,18,4,58,2,10文山區,文山區興隆路3段與萬芳路口,0,0,1,2,H01,6,3,5,50,4,1,1,4,4,5,7,1,1,1,4,5,2,3,1,39,2,9,4,5,8,16,8,20,10,16,,51,15,1,22,9,121.5600275,24.99680079
111,2,18,5,25,2,10文山區,文山區辛亥路5段與辛亥路5段25巷口,0,0,1,1,C03,6,3,5,50,4,1,1,4,4,5,7,2,1,1,4,5,2,16,1,71,2,9,1,1,7,11,1,10,2,12,,10,10,1,22,9,121.5540248,24.99982679
111,2,18,5,25,2,10文山區,文山區辛亥路5段與辛亥路5段25巷口,0,0,1,2,B01,6,3,5,50,4,1,1,4,4,5,7,2,1,1,4,5,2,16,1,30,3,10,1,1,7,9,1,4,2,1,,44,10,1,22,9,121.5540248,24.99982679
111,2,18,6,0,2,03中山區,中山區中山北路3段49號,0,0,2,1,C03,6,3,5,50,14,8,1,4,4,5,7,1,1,9,4,1,2,3,2,22,2,8,1,1,7,9,1,10,2,11,,15,15,1,22,9,121.5225775,25.06688497
111,2,18,6,0,2,03中山區,中山區中山北路3段49號,0,0,2,2,H01,6,3,5,50,14,8,1,4,4,5,7,1,1,9,4,1,2,3,2,64,2,9,4,5,8,21,8,20,10,16,,52,15,1,22,9,121.5225775,25.06688497
111,2,18,6,20,2,01大同區,大同區大龍街與民權西路口,0,0,2,1,C03,6,2,5,50,4,2,1,4,4,5,7,1,1,1,4,5,2,12,2,44,3,10,3,4,7,9,4,11,2,12,,23,23,1,22,9,121.5159155,25.06305479
111,2,18,6,20,2,01大同區,大同區大龍街與民權西路口,0,0,2,2,C03,6,2,5,50,4,2,1,4,4,5,7,1,1,1,4,5,2,12,2,49,2,9,3,4,7,13,1,10,2,15,,38,23,1,22,9,121.5159155,25.06305479
111,2,18,6,20,2,01大同區,大同區大龍街與民權西路口,0,0,2,3,H02,6,2,5,50,4,2,1,4,4,5,7,1,1,1,4,5,2,12,2,48,2,8,3,4,7,20,8,20,10,16,,67,23,1,22,9,121.5159155,25.06305479
111,2,18,7,25,2,02萬華區,萬華區成都路與昆明街口,0,0,1,1,B01,6,1,5,50,4,2,1,4,4,5,7,1,1,10,4,5,1,12,1,59,3,10,1,1,7,8,1,3,2,5,,7,7,1,22,9,121.5049057,25.04299441
111,2,18,7,25,2,02萬華區,萬華區成都路與昆明街口,0,0,1,2,C03,6,1,5,50,4,2,1,4,4,5,7,1,1,10,4,5,1,12,1,44,2,8,1,1,7,9,1,10,2,13,,44,7,1,22,9,121.5049057,25.04299441
111,2,18,7,48,2,05中正區,中正區中山南路與仁愛路1段口,0,0,2,1,C03,6,1,5,50,4,1,1,4,4,5,7,1,1,9,5,5,1,18,1,64,2,9,1,1,7,9,1,9,2,12,,42,42,1,22,9,121.5179471,25.03932718
111,2,18,7,48,2,05中正區,中正區中山南路與仁愛路1段口,0,0,2,3,H02,6,1,5,50,4,1,1,4,4,5,7,1,1,9,5,5,1,18,2,64,2,9,4,5,7,20,8,20,10,16,,67,42,1,22,9,121.5179471,25.03932718
111,2,18,7,48,2,05中正區,中正區中山南路與仁愛路1段口,0,0,2,2,,6,1,5,50,4,1,1,4,4,5,7,1,1,9,5,5,1,18,3,,,,,,,,,,,,,67,42,1,,,121.5179471,25.03932718
111,2,18,8,5,2,02萬華區,萬華區艋舺大道與艋舺大道120巷口,0,0,2,1,C03,6,1,5,50,3,1,1,4,4,5,7,1,1,1,3,5,1,13,2,40,2,8,3,4,7,9,1,10,1,11,,23,23,1,22,9,121.502282,25.03336496
111,2,18,8,5,2,02萬華區,萬華區艋舺大道與艋舺大道120巷口,0,0,2,2,C03,6,1,5,50,3,1,1,4,4,5,7,1,1,1,3,5,1,13,2,39,2,9,3,4,7,14,1,10,1,13,,44,23,1,22,9,121.502282,25.03336496
111,2,18,8,10,2,06松山區,松山區北寧路與北寧路口66號旁無名巷,0,0,1,1,B02,6,1,5,40,3,1,1,4,4,5,7,4,4,1,4,5,2,17,1,61,3,10,1,1,7,15,1,4,11,15,,44,44,1,22,9,121.5527089,25.05083699
111,2,18,8,10,2,06松山區,松山區北寧路與北寧路口66號旁無名巷,0,0,1,2,C03,6,1,5,40,3,1,1,4,4,5,7,4,4,1,4,5,2,17,1,37,2,9,1,1,7,9,1,10,11,15,,44,44,1,22,9,121.5527089,25.05083699
111,2,18,8,12,2,02萬華區,萬華區西園路2段216-1號,0,0,1,1,C03,6,1,5,50,14,9,1,4,4,5,7,4,4,1,4,5,2,17,2,60,2,9,1,1,7,9,3,18,1,13,,44,44,1,22,9,121.4956456,25.028624
111,2,18,8,12,2,02萬華區,萬華區西園路2段216-1號,0,0,1,2,B01,6,1,5,50,14,9,1,4,4,5,7,4,4,1,4,5,2,17,1,56,3,10,1,1,7,9,1,4,1,5,,23,44,1,22,9,121.4956456,25.028624
111,2,18,8,15,2,03中山區,中山區民生東路1段與林森北路23巷口,0,0,1,1,C03,6,1,5,50,4,1,1,4,4,5,7,1,1,5,4,5,1,17,2,31,3,10,1,1,7,5,1,10,1,13,,6,6,1,22,9,121.5255203,25.05905317
111,2,18,8,15,2,03中山區,中山區民生東路1段與林森北路23巷口,0,0,1,2,C03,6,1,5,50,4,1,1,4,4,5,7,1,1,5,4,5,1,17,1,54,2,8,1,1,7,9,1,10,1,11,,44,6,1,22,9,121.5255203,25.05905317
111,2,18,8,20,2,03中山區,中山區八德路2段312巷15號,0,0,1,1,C03,6,1,5,50,14,9,1,4,4,5,7,4,4,8,3,5,1,17,1,53,3,10,1,1,7,5,1,10,1,11,,8,8,1,22,9,121.5428579,25.04686723
111,2,18,8,20,2,03中山區,中山區八德路2段312巷15號,0,0,1,2,C03,6,1,5,50,14,9,1,4,4,5,7,4,4,8,3,5,1,17,1,43,2,9,1,1,7,9,1,10,1,12,,44,8,1,22,9,121.5428579,25.04686723
111,2,18,8,20,2,12內湖區,內湖區金龍路151號,0,0,1,1,B01,6,1,5,50,14,8,1,4,4,5,7,4,4,5,4,5,2,17,1,65,3,10,1,1,7,8,1,4,1,15,,7,7,1,22,9,121.589494,25.0863101
111,2,18,8,20,2,12內湖區,內湖區金龍路151號,0,0,1,2,C03,6,1,5,50,14,8,1,4,4,5,7,4,4,5,4,5,2,17,1,24,2,7,1,1,7,9,1,10,1,15,,44,7,1,22,9,121.589494,25.0863101
111,2,18,8,46,2,04大安區,大安區忠孝東路3段與建國南路1段口,0,0,1,1,B03,6,1,5,40,4,1,1,4,4,5,7,2,1,1,4,5,2,17,1,33,4,11,3,4,7,6,7,19,11,15,,9,9,2,22,9,121.5368268,25.04189427
111,2,18,8,46,2,04大安區,大安區忠孝東路3段與建國南路1段口,0,0,1,2,C03,6,1,5,40,4,1,1,4,4,5,7,2,1,1,4,5,2,17,1,30,2,9,3,4,7,9,1,10,1,11,,13,9,1,22,9,121.5368268,25.04189427
111,2,18,9,0,2,07信義區,信義區基隆路汽機車混合地下道,0,0,1,1,B01,6,1,5,30,6,11,1,4,4,5,7,4,4,10,4,5,2,17,1,59,3,10,1,1,7,8,1,4,2,15,,7,7,1,22,9,121.5618507,25.03642146
111,2,18,9,0,2,07信義區,信義區基隆路汽機車混合地下道,0,0,1,2,C03,6,1,5,30,6,11,1,4,4,5,7,4,4,10,4,5,2,17,1,26,2,7,1,1,7,9,1,10,2,14,,13,7,1,22,9,121.5618507,25.03642146
111,2,18,9,5,2,10文山區,文山區興隆路2段與興隆路2段220巷口,0,0,1,1,B03,6,1,5,50,4,2,1,4,4,5,7,1,1,1,4,5,2,9,1,48,3,10,1,1,7,5,1,8,1,1,,15,15,1,22,9,121.5526333,25.00147889
111,2,18,9,5,2,10文山區,文山區興隆路2段與興隆路2段220巷口,0,0,1,2,H01,6,1,5,50,4,2,1,4,4,5,7,1,1,1,4,5,2,9,2,82,2,9,4,5,8,16,8,20,10,16,,67,15,1,22,9,121.5526333,25.00147889
111,2,18,9,15,2,07信義區,信義區忠孝東路5段22巷與忠孝東路5段口口,0,0,1,1,B02,6,1,5,50,3,1,1,4,4,5,7,4,4,1,4,5,2,17,1,52,3,10,3,4,7,6,1,8,1,5,,6,6,1,22,9,121.5660422,25.04103547
111,2,18,9,15,2,07信義區,信義區忠孝東路5段22巷與忠孝東路5段口口,0,0,1,2,C03,6,1,5,50,3,1,1,4,4,5,7,4,4,1,4,5,2,17,2,27,2,9,1,4,7,9,1,10,1,14,,44,6,1,22,9,121.5660422,25.04103547
111,2,18,9,57,2,10文山區,文山區羅斯福路4段與基隆路4段口,0,0,1,1,B03,6,1,5,50,4,2,1,4,4,5,7,2,1,1,4,5,2,17,1,50,3,10,1,1,7,9,1,8,1,15,,43,43,1,22,9,121.5371911,25.01088619
111,2,18,9,57,2,10文山區,文山區羅斯福路4段與基隆路4段口,0,0,1,2,C03,6,1,5,50,4,2,1,4,4,5,7,2,1,1,4,5,2,17,1,24,2,9,1,1,7,9,1,10,1,14,,43,43,1,22,9,121.5371911,25.01088619
111,2,18,10,10,2,10文山區,文山區興隆路1段與景興路口,0,0,1,1,C03,7,1,5,50,4,1,1,4,4,5,7,2,1,5,5,4,2,16,1,57,2,3,1,1,7,9,1,10,1,11,,26,26,1,22,9,121.5444273,24.99876317
111,2,18,10,10,2,10文山區,文山區興隆路1段與景興路口,0,0,1,2,B12,7,1,5,50,4,1,1,4,4,5,7,2,1,5,5,4,2,16,1,56,3,10,1,1,7,5,1,8,1,2,,6,26,1,22,9,121.5444273,24.99876317
111,2,18,10,12,2,07信義區,信義區林口街與林口街66巷口,0,0,2,1,C03,6,1,5,40,4,1,1,4,4,5,7,4,4,9,4,5,2,17,2,67,2,8,1,1,7,1,1,10,1,14,,19,19,1,22,9,121.5792648,25.0387392
111,2,18,10,12,2,07信義區,信義區林口街與林口街66巷口,0,0,2,2,C03,6,1,5,40,4,1,1,4,4,5,7,4,4,9,4,5,2,17,2,30,2,9,1,1,7,9,1,10,1,14,,13,19,1,22,9,121.5792648,25.0387392
111,2,18,10,25,2,04大安區,大安區復興南路1段243號,0,0,1,1,C03,6,1,5,50,14,7,1,4,4,5,7,4,4,10,3,4,2,17,1,25,3,10,1,1,7,8,1,10,1,13,,7,7,1,22,9,121.54378,25.03716625
111,2,18,10,25,2,04大安區,大安區復興南路1段243號,0,0,1,2,C03,6,1,5,50,14,7,1,4,4,5,7,4,4,10,3,4,2,17,1,26,2,9,1,1,7,9,1,10,1,11,,44,7,1,22,9,121.54378,25.03716625
111,2,18,10,29,2,07信義區,信義區吳興街320巷與吳興街口,0,0,1,1,B11,6,1,5,50,3,1,1,4,4,5,7,4,4,10,5,5,1,3,1,32,3,10,3,4,7,5,1,4,2,1,,15,15,1,22,9,121.565362,25.02612709
111,2,18,10,29,2,07信義區,信義區吳興街320巷與吳興街口,0,0,1,2,H01,6,1,5,50,3,1,1,4,4,5,7,4,4,10,5,5,1,3,2,72,2,9,4,5,8,16,8,20,10,16,,67,15,1,22,9,121.565362,25.02612709
111,2,18,10,35,2,05中正區,中正區市民大道1段臺北車站北3門前,0,0,1,1,B01,6,1,5,40,14,9,1,4,4,5,7,4,4,1,4,5,1,12,1,61,3,10,1,1,7,7,1,4,2,15,,7,7,1,22,9,121.5168805,25.04863842
111,2,18,10,35,2,05中正區,中正區市民大道1段臺北車站北3門前,0,0,1,2,C03,6,1,5,40,14,9,1,4,4,5,7,4,4,1,4,5,1,12,2,25,2,9,1,1,7,9,1,10,2,14,,44,7,1,22,9,121.5168805,25.04863842
111,2,18,10,37,2,04大安區,大安區基隆路2段與敦化南路2段口,0,0,1,1,C03,6,1,5,50,5,1,1,4,4,5,7,2,1,8,3,5,1,12,2,21,2,9,1,1,7,5,1,10,1,12,,16,16,1,22,9,121.5489389,25.02123113
111,2,18,10,37,2,04大安區,大安區基隆路2段與敦化南路2段口,0,0,1,2,C04,6,1,5,50,5,1,1,4,4,5,7,2,1,8,3,5,1,12,1,73,3,10,1,1,7,5,1,11,2,13,,27,16,2,22,9,121.5489389,25.02123113
111,2,18,10,40,2,07信義區,信義區忠孝東路5段372巷與忠孝東路5段口,0,0,1,1,B01,6,1,5,50,4,1,1,4,4,5,7,1,1,1,4,5,2,16,1,51,3,10,1,1,7,5,1,4,2,2,,6,6,1,22,9,121.5740396,25.04089754
111,2,18,10,40,2,07信義區,信義區忠孝東路5段372巷與忠孝東路5段口,0,0,1,2,C03,6,1,5,50,4,1,1,4,4,5,7,1,1,1,4,5,2,16,2,26,2,9,1,1,7,9,1,10,2,11,,23,6,1,22,9,121.5740396,25.04089754
111,2,18,10,47,2,09北投區,北投區天母西路與天母西路120巷口,0,0,2,1,C03,6,1,5,30,3,2,1,4,4,5,7,4,4,5,5,5,2,16,2,42,2,9,1,1,7,6,1,10,1,13,,6,6,1,22,9,121.5229912,25.11889502
111,2,18,10,47,2,09北投區,北投區天母西路與天母西路120巷口,0,0,2,2,C03,6,1,5,30,3,2,1,4,4,5,7,4,4,5,5,5,2,16,1,50,2,8,1,1,7,9,1,10,1,11,,44,6,1,22,9,121.5229912,25.11889502
111,2,18,11,27,2,05中正區,中正區館前路8號,0,0,1,1,C03,6,1,5,50,14,9,1,4,4,5,7,1,1,9,4,5,2,17,1,41,2,9,1,1,7,5,1,10,1,13,,8,8,1,22,9,121.5149591,25.04592419
111,2,18,11,27,2,05中正區,中正區館前路8號,0,0,1,2,B01,6,1,5,50,14,9,1,4,4,5,7,1,1,9,4,5,2,17,1,46,3,10,1,1,7,15,1,10,2,5,,44,8,1,22,9,121.5149591,25.04592419
111,2,18,12,5,2,05中正區,中正區新生南路1段168號,0,0,1,1,A11,6,1,5,50,14,9,1,4,4,5,7,4,4,3,4,5,2,13,1,45,3,10,1,1,7,1,1,7,11,15,,19,19,1,22,9,121.532548,25.0342411
111,2,18,12,5,2,05中正區,中正區新生南路1段168號,0,0,1,2,C03,6,1,5,50,14,9,1,4,4,5,7,4,4,3,4,5,2,13,1,28,3,10,1,1,7,9,1,10,2,13,,44,19,1,22,9,121.532548,25.0342411
111,2,18,12,5,2,05中正區,中正區新生南路1段168號,0,0,1,3,C03,6,1,5,50,14,9,1,4,4,5,7,4,4,3,4,5,2,13,2,33,2,9,1,1,7,9,1,10,2,11,,16,19,1,22,9,121.532548,25.0342411
111,2,18,12,8,2,04大安區,大安區安和路1段127巷與安和路1段127巷29弄口,0,0,1,1,B03,6,1,5,30,3,2,1,4,4,3,5,4,4,10,5,5,2,2,1,28,3,10,2,1,7,9,1,8,1,4,,43,43,1,22,9,121.5538918,25.035035
111,2,18,12,8,2,04大安區,大安區安和路1段127巷與安和路1段127巷29弄口,0,0,1,2,H01,6,1,5,30,3,2,1,4,4,3,5,4,4,10,5,5,2,2,1,79,2,8,4,5,8,16,8,20,10,16,,67,43,1,22,9,121.5538918,25.035035
111,2,18,12,20,2,08士林區,士林區中正路與文林路口,0,0,2,1,C03,6,1,5,50,4,1,1,4,4,5,7,1,1,1,1,5,2,16,2,20,2,9,1,1,7,5,1,10,2,11,,25,25,1,22,9,121.5246229,25.09504161
111,2,18,12,20,2,08士林區,士林區中正路與文林路口,0,0,2,2,C03,6,1,5,50,4,1,1,4,4,5,7,1,1,1,1,5,2,16,1,61,2,9,1,1,7,9,1,10,2,11,,44,25,1,22,9,121.5246229,25.09504161
111,2,18,12,24,2,09北投區,北投區中央北路4段與自立路口,0,0,1,1,C03,6,1,5,50,14,9,1,4,4,5,7,1,1,9,4,5,2,18,1,22,2,9,1,1,7,15,1,10,1,14,,42,42,1,22,9,121.465481,25.12611292
111,2,18,12,24,2,09北投區,北投區中央北路4段與自立路口,0,0,1,2,,6,1,5,50,14,9,1,4,4,5,7,1,1,9,4,5,2,18,3,,,,,,,,,,,,,67,42,1,,,121.465481,25.12611292
111,2,18,12,38,2,09北投區,北投區西安街1段297號前,0,0,1,1,C03,6,1,5,50,14,9,1,4,4,5,7,4,4,10,4,5,2,18,1,20,2,9,1,1,7,9,1,10,1,14,,42,42,1,22,9,121.5164986,25.1126584
111,2,18,12,38,2,09北投區,北投區西安街1段297號前,0,0,1,2,,6,1,5,50,14,9,1,4,4,5,7,4,4,10,4,5,2,18,3,,,,,,,,,,,,,67,42,,,,121.5164986,25.1126584
111,2,18,12,43,2,07信義區,信義區松山路590號,0,0,1,1,C03,6,1,5,50,14,9,1,4,4,5,7,4,4,5,2,5,2,18,1,19,2,9,1,1,7,12,1,10,1,14,,42,42,1,22,9,121.578274,25.0366729
111,2,18,12,43,2,07信義區,信義區松山路590號,0,0,1,2,,6,1,5,50,14,9,1,4,4,5,7,4,4,5,2,5,2,18,3,,,,,,,,,,,,,67,42,1,,,121.578274,25.0366729
111,2,18,13,18,2,03中山區,中山區八德路2段與八德路2段174巷口,0,0,1,1,B12,6,1,5,50,4,1,1,4,4,5,7,2,1,10,4,5,2,17,1,26,3,10,3,4,7,5,1,8,1,2,,6,6,1,22,9,121.5381634,25.04626432
111,2,18,13,18,2,03中山區,中山區八德路2段與八德路2段174巷口,0,0,1,2,C03,6,1,5,50,4,1,1,4,4,5,7,2,1,10,4,5,2,17,1,25,2,9,3,4,7,9,1,9,1,11,,44,6,1,22,9,121.5381634,25.04626432
111,2,18,13,20,2,02萬華區,萬華區環河南路1段123號,0,0,1,1,B03,6,1,5,50,14,9,1,4,4,5,7,4,4,8,3,5,1,17,1,24,3,10,1,1,7,11,1,8,1,8,,42,42,1,22,9,121.5003442,25.04235169
111,2,18,13,20,2,02萬華區,萬華區環河南路1段123號,0,0,1,2,C03,6,1,5,50,14,9,1,4,4,5,7,4,4,8,3,5,1,17,1,40,2,9,1,1,7,9,1,10,1,12,,44,42,1,22,9,121.5003442,25.04235169
111,2,18,13,29,2,06松山區,松山區敦化北路56號,0,0,1,2,B01,6,1,5,30,14,8,1,4,4,5,7,4,4,4,3,4,2,29,1,57,2,2,3,4,7,9,1,2,1,1,,43,61,1,22,9,121.5487081,25.05082533