發生年度,發生月,發生日,發生時-Hours,發生分,處理別-編號,區序,肇事地點,死亡人數,2-30日死亡人數,受傷人數,當事人序號,車種,天候,光線,道路類別,速限-速度限制,道路型態,事故位置,路面狀況1,路面狀況2,路面狀況3,道路障礙1,道路障礙2,號誌1,號誌2,車道劃分-分向,車道劃分-分道1,車道劃分-分道2,車道劃分-分道3,事故類型及型態,性別,年齡,受傷程度,主要傷處,安全帽,行動電話,車輛用途,當事者行動狀態,駕駛資格情形,駕駛執照種類,飲酒情形,車輛撞擊部位1,車輛撞擊部位2,肇因碼-個別,肇因碼-主要,個人肇逃否,職業,旅次目的,座標-X,座標-Y
111,2,18,13,29,2,06松山區,松山區敦化北路56號,0,0,1,1,,6,1,5,30,14,8,1,4,4,5,7,4,4,4,3,4,2,29,3,,,,,,,,,,,,,61,61,1,,,121.5487081,25.05082533
111,2,18,13,35,2,08士林區,士林區文昌路與文昌路155巷口,0,0,3,1,C03,6,1,5,30,4,1,1,4,4,5,7,4,4,1,5,5,1,15,1,67,2,9,1,1,7,9,1,10,1,11,,6,6,1,21,8,121.5204155,25.09771808
111,2,18,13,35,2,08士林區,士林區文昌路與文昌路155巷口,0,0,3,2,C03,6,1,5,30,4,1,1,4,4,5,7,4,4,1,5,5,1,15,1,77,2,9,1,1,7,9,1,10,1,12,,44,6,1,21,8,121.5204155,25.09771808
111,2,18,13,35,2,08士林區,士林區文昌路與文昌路155巷口,0,0,3,3,H02,6,1,5,30,4,1,1,4,4,5,7,4,4,1,5,5,1,15,2,31,2,9,1,5,7,17,8,20,10,16,,67,6,1,21,8,121.5204155,25.09771808
111,2,18,14,10,2,04大安區,大安區信義路4段186巷與安和路2段32巷口,0,0,1,1,B03,6,1,5,30,4,1,1,4,4,5,7,4,4,10,5,5,2,15,2,51,3,10,1,1,7,9,1,8,1,1,,6,6,1,22,9,121.5515875,25.03172767
111,2,18,14,10,2,04大安區,大安區信義路4段186巷與安和路2段32巷口,0,0,1,2,C03,6,1,5,30,4,1,1,4,4,5,7,4,4,10,5,5,2,15,1,30,2,9,1,1,7,9,1,9,1,12,,13,6,1,22,9,121.5515875,25.03172767
111,2,18,14,24,2,05中正區,中正區北平西路與重慶北路1段口,0,0,1,1,B03,6,1,5,50,4,2,1,4,4,5,7,2,1,5,4,5,2,12,1,63,3,10,1,1,7,6,1,8,1,2,,9,9,1,22,9,121.513266,25.04824404
111,2,18,14,24,2,05中正區,中正區北平西路與重慶北路1段口,0,0,1,2,C03,6,1,5,50,4,2,1,4,4,5,7,2,1,5,4,5,2,12,1,34,2,7,1,1,7,9,1,10,1,14,,44,9,1,22,9,121.513266,25.04824404
111,2,18,14,28,2,11南港區,南港區經貿二路與經貿二路105巷口,0,0,1,1,B03,6,1,5,50,4,2,1,4,4,5,7,2,1,1,4,5,2,15,2,45,3,10,1,1,7,11,1,8,2,5,,25,25,1,22,9,121.6169583,25.05808577
111,2,18,14,28,2,11南港區,南港區經貿二路與經貿二路105巷口,0,0,1,2,C03,6,1,5,50,4,2,1,4,4,5,7,2,1,1,4,5,2,15,1,38,2,9,1,1,7,9,1,10,2,11,,26,25,1,22,9,121.6169583,25.05808577
111,2,18,14,44,2,04大安區,大安區復興南路2段與瑞安街23巷口,0,0,1,1,B01,6,1,5,50,4,1,1,4,4,5,7,2,1,1,4,4,2,17,1,67,3,10,1,1,7,7,1,4,1,8,,7,7,1,22,9,121.5436236,25.03098683
111,2,18,14,44,2,04大安區,大安區復興南路2段與瑞安街23巷口,0,0,1,2,B03,6,1,5,50,4,1,1,4,4,5,7,2,1,1,4,4,2,17,1,31,3,10,1,1,7,9,1,8,1,5,,44,7,1,22,9,121.5436236,25.03098683
111,2,18,14,44,2,04大安區,大安區復興南路2段與瑞安街23巷口,0,0,1,3,H02,6,1,5,50,4,1,1,4,4,5,7,2,1,1,4,4,2,17,2,34,2,5,1,5,7,21,8,20,10,16,,67,7,1,22,9,121.5436236,25.03098683
111,2,18,15,25,2,08士林區,士林區中山北路6段174-2號,0,0,1,1,C03,6,1,5,50,14,9,1,4,4,5,7,4,4,1,4,5,2,13,1,27,2,9,1,1,7,9,1,10,1,11,,43,43,1,22,9,121.5251088,25.10734185
111,2,18,15,25,2,08士林區,士林區中山北路6段174-2號,0,0,1,2,B01,6,1,5,50,14,9,1,4,4,5,7,4,4,1,4,5,2,13,1,48,3,10,1,1,7,9,1,4,1,3,,43,43,1,22,9,121.5251088,25.10734185
111,2,18,15,55,2,01大同區,大同區民權西路125號,0,0,1,1,B03,6,3,5,50,14,9,1,4,4,5,7,4,4,1,4,5,2,16,1,21,3,10,1,1,7,8,1,8,1,5,,7,7,1,22,9,121.5180591,25.06297825
111,2,18,15,55,2,01大同區,大同區民權西路125號,0,0,1,2,C03,6,3,5,50,14,9,1,4,4,5,7,4,4,1,4,5,2,16,1,50,2,8,1,1,7,9,1,10,1,13,,44,7,1,22,9,121.5180591,25.06297825
111,2,18,16,0,2,05中正區,中正區新生南路1段120巷與新生南路1段口,0,0,1,1,B03,6,1,5,30,3,1,1,4,4,5,7,4,4,1,5,5,2,17,2,40,3,10,3,1,7,6,1,8,1,15,,6,6,1,22,8,121.5326246,25.03898711
111,2,18,16,0,2,05中正區,中正區新生南路1段120巷與新生南路1段口,0,0,1,2,C03,6,1,5,30,3,1,1,4,4,5,7,4,4,1,5,5,2,17,2,39,2,8,1,4,7,9,1,10,1,14,,44,6,1,22,1,121.5326246,25.03898711
111,2,18,16,18,2,02萬華區,萬華區堤外便道2段北向南貴陽疏散門,0,0,1,1,C03,6,1,5,0,4,2,1,4,4,5,7,3,1,1,3,5,2,13,1,61,4,11,3,4,7,5,7,19,11,15,,26,26,1,22,9,121.4991606,25.04155694
111,2,18,16,18,2,02萬華區,萬華區堤外便道2段北向南貴陽疏散門,0,0,1,2,C03,6,1,5,0,4,2,1,4,4,5,7,3,1,1,3,5,2,13,1,40,3,10,1,1,7,9,1,10,1,13,,44,26,1,22,9,121.4991606,25.04155694
111,2,18,16,18,2,02萬華區,萬華區堤外便道2段北向南貴陽疏散門,0,0,1,3,C03,6,1,5,0,4,2,1,4,4,5,7,3,1,1,3,5,2,13,1,29,2,9,1,1,7,9,1,10,1,11,,16,26,1,22,9,121.4991606,25.04155694
111,2,18,16,30,2,04大安區,大安區安和路2段62號,0,0,1,1,B01,6,1,5,50,11,9,1,4,4,5,7,4,4,3,4,5,1,16,1,65,3,10,1,1,7,9,1,4,1,5,,44,44,1,22,9,121.5523141,25.03043622
111,2,18,16,30,2,04大安區,大安區安和路2段62號,0,0,1,2,C03,6,1,5,50,11,9,1,4,4,5,7,4,4,3,4,5,1,16,2,52,2,8,1,1,7,10,1,10,1,13,,7,44,1,22,9,121.5523141,25.03043622
111,2,18,16,50,2,03中山區,中山區中山北路2段116巷與錦西街5巷口,0,0,2,1,B03,6,1,5,30,4,1,1,4,4,5,7,4,4,10,5,5,2,16,1,32,3,10,3,4,7,9,1,8,1,1,,14,14,1,22,9,121.5219336,25.06100108
111,2,18,16,50,2,03中山區,中山區中山北路2段116巷與錦西街5巷口,0,0,2,2,C03,6,1,5,30,4,1,1,4,4,5,7,4,4,10,5,5,2,16,1,67,2,8,3,4,7,9,1,10,1,12,,6,14,1,22,9,121.5219336,25.06100108
111,2,18,16,50,2,03中山區,中山區中山北路2段116巷與錦西街5巷口,0,0,2,3,H02,6,1,5,30,4,1,1,4,4,5,7,4,4,10,5,5,2,16,1,14,2,9,4,5,7,17,8,20,10,16,,67,14,1,22,9,121.5219336,25.06100108
111,2,18,16,56,2,05中正區,中正區新生南路1段160巷,0,0,1,1,C03,6,1,5,50,14,9,1,4,4,5,7,4,4,9,4,5,1,13,1,30,2,9,1,1,7,9,1,10,1,12,,42,42,1,22,9,121.5325384,25.03462005
111,2,18,16,56,2,05中正區,中正區新生南路1段160巷,0,0,1,2,C03,6,1,5,50,14,9,1,4,4,5,7,4,4,9,4,5,1,13,1,37,3,10,1,1,7,9,1,10,1,13,,44,42,1,22,9,121.5325384,25.03462005
111,2,18,17,0,2,03中山區,中山區市民大道3段與安東街口,0,0,1,1,C03,6,1,5,40,4,1,1,4,4,5,7,2,1,1,4,5,2,17,1,28,2,8,1,4,7,15,6,10,1,11,,13,13,1,22,9,121.5423606,25.0447899
111,2,18,17,0,2,03中山區,中山區市民大道3段與安東街口,0,0,1,2,B01,6,1,5,40,4,1,1,4,4,5,7,2,1,1,4,5,2,17,1,52,3,10,3,4,7,5,1,4,1,7,,26,13,1,22,9,121.5423606,25.0447899
111,2,18,17,15,2,05中正區,中正區濟南路2段與泰安街口,0,0,1,1,F03,6,1,5,50,3,1,1,4,4,5,6,4,4,8,3,5,2,17,2,40,2,8,1,1,7,5,8,20,2,16,,6,6,1,22,9,121.5283317,25.0410503
111,2,18,17,15,2,05中正區,中正區濟南路2段與泰安街口,0,0,1,2,C03,6,1,5,50,3,1,1,4,4,5,6,4,4,8,3,5,2,17,1,25,3,10,1,1,7,9,1,10,2,11,,13,6,1,22,9,121.5283317,25.0410503
111,2,18,17,20,2,06松山區,松山區敦化北路214號,0,0,1,1,B03,6,2,5,50,14,9,1,4,4,5,7,4,4,4,3,5,2,13,1,28,3,10,3,4,7,6,1,8,1,1,,43,43,1,22,9,121.5488299,25.05789249
111,2,18,17,20,2,06松山區,松山區敦化北路214號,0,0,1,2,C03,6,2,5,50,14,9,1,4,4,5,7,4,4,4,3,5,2,13,2,44,2,9,1,4,7,12,1,10,1,13,,43,43,1,22,9,121.5488299,25.05789249
111,2,18,17,37,2,07信義區,信義區基隆路2段127號,0,0,2,1,C03,6,3,5,50,14,9,1,4,4,5,7,4,4,1,4,5,2,17,2,21,2,8,1,1,7,9,1,10,1,12,,42,42,1,21,8,121.5569085,25.02847285
111,2,18,17,37,2,07信義區,信義區基隆路2段127號,0,0,2,2,C03,6,3,5,50,14,9,1,4,4,5,7,4,4,1,4,5,2,17,2,25,2,9,1,1,7,9,1,10,1,12,,42,42,1,21,8,121.5569085,25.02847285
111,2,18,17,42,2,11南港區,南港區市民大道7段396號,0,0,1,1,C03,6,1,5,50,14,9,1,4,4,5,7,4,4,1,4,5,2,12,2,27,2,7,1,1,7,9,1,10,1,14,,44,44,1,21,8,121.5934198,25.05112977
111,2,18,17,42,2,11南港區,南港區市民大道7段396號,0,0,1,2,B03,6,1,5,50,14,9,1,4,4,5,7,4,4,1,4,5,2,12,1,27,3,10,1,1,7,9,1,8,1,2,,23,44,1,21,8,121.5934198,25.05112977
111,2,18,17,45,2,04大安區,大安區和平東路3段與敦化南路2段口,0,0,1,1,B03,6,3,5,50,4,2,1,4,4,5,7,2,1,1,4,5,2,17,2,40,3,10,1,1,7,6,1,8,1,5,,9,9,1,22,9,121.5490319,25.02468163
111,2,18,17,45,2,04大安區,大安區和平東路3段與敦化南路2段口,0,0,1,2,C03,6,3,5,50,4,2,1,4,4,5,7,2,1,1,4,5,2,17,1,68,2,8,1,1,7,9,1,10,1,14,,44,9,1,22,9,121.5490319,25.02468163
111,2,18,17,50,2,11南港區,南港區市民大道8段與研究院路1段口旁,0,0,1,1,C02,6,1,5,50,14,9,1,4,4,5,7,4,4,1,3,5,2,17,1,39,3,10,3,4,7,7,1,9,2,15,,7,7,1,22,9,121.6163122,25.05443791
111,2,18,17,50,2,11南港區,南港區市民大道8段與研究院路1段口旁,0,0,1,2,C03,6,1,5,50,14,9,1,4,4,5,7,4,4,1,3,5,2,17,2,33,2,9,3,4,7,9,1,10,2,14,,13,7,1,22,9,121.6163122,25.05443791
111,2,18,17,58,2,03中山區,中山區長安西路3號,0,0,1,1,B12,6,3,5,50,14,9,1,4,4,5,7,4,4,8,3,5,1,16,1,53,3,10,1,1,7,9,1,8,1,2,,23,23,1,22,9,121.5209611,25.05001688
111,2,18,17,58,2,03中山區,中山區長安西路3號,0,0,1,2,C03,6,3,5,50,14,9,1,4,4,5,7,4,4,8,3,5,1,16,1,40,2,9,1,1,7,9,1,10,1,14,,44,23,1,22,9,121.5209611,25.05001688
111,2,18,18,7,2,10文山區,文山區興隆路4段與下崙路口,0,0,1,1,B03,6,3,5,30,4,1,1,4,4,5,7,2,1,10,5,5,2,3,1,57,3,10,3,4,7,5,1,8,2,8,,15,15,1,22,9,121.5609052,24.98656863
111,2,18,18,7,2,10文山區,文山區興隆路4段與下崙路口,0,0,1,2,H01,6,3,5,30,4,1,1,4,4,5,7,2,1,10,5,5,2,3,1,14,2,9,4,5,8,16,8,20,10,16,,67,15,1,22,9,121.5609052,24.98656863
111,2,18,18,12,2,08士林區,士林區至善路1段與福林路口,0,0,1,1,B03,6,3,5,50,14,9,1,4,4,5,7,1,1,10,4,5,1,16,1,30,4,11,3,4,7,7,7,19,8,15,,7,7,2,22,9,121.5364294,25.09927988
111,2,18,18,12,2,08士林區,士林區至善路1段與福林路口,0,0,1,2,C03,6,3,5,50,14,9,1,4,4,5,7,1,1,10,4,5,1,16,2,26,2,9,1,1,7,9,1,10,1,12,,44,7,1,22,9,121.5364294,25.09927988
111,2,18,18,28,2,11南港區,南港區向陽路21號對面,0,0,2,1,C03,6,3,8,50,15,22,1,4,4,5,7,3,1,1,3,5,2,3,2,38,2,9,1,1,7,9,1,10,1,11,,43,43,1,22,9,121.5952641,25.05272255
111,2,18,18,28,2,11南港區,南港區向陽路21號對面,0,0,2,2,H01,6,3,8,50,15,22,1,4,4,5,7,3,1,1,3,5,2,3,1,73,2,9,4,1,8,16,8,20,1,16,,52,43,1,22,9,121.5952641,25.05272255
111,2,18,18,33,2,02萬華區,萬華區萬大路310號,0,0,2,1,C03,6,3,5,0,14,9,1,4,4,5,7,4,4,3,3,5,1,13,1,39,2,9,3,4,7,9,1,10,1,11,,23,23,1,22,9,121.500324,25.02494771
111,2,18,18,33,2,02萬華區,萬華區萬大路310號,0,0,2,2,F01,6,3,5,0,14,9,1,4,4,5,7,4,4,3,3,5,1,13,1,66,2,9,1,1,7,9,8,20,1,16,,27,23,1,22,9,121.500324,25.02494771
111,2,18,18,34,2,08士林區,士林區中山北路5段539號,0,0,1,1,B03,6,3,5,50,14,7,1,4,4,5,7,4,4,1,4,1,1,10,1,30,3,10,1,1,7,9,1,8,8,1,,4,4,1,22,9,121.528242,25.09487921
111,2,18,18,34,2,08士林區,士林區中山北路5段539號,0,0,1,2,B03,6,3,5,50,14,7,1,4,4,5,7,4,4,1,4,1,1,10,2,61,3,10,1,1,7,9,1,8,2,8,,44,4,1,22,9,121.528242,25.09487921
111,2,18,18,34,2,08士林區,士林區中山北路5段539號,0,0,1,3,B02,6,3,5,50,14,7,1,4,4,5,7,4,4,1,4,1,1,10,1,66,3,10,1,1,7,9,1,8,2,6,,44,4,1,22,9,121.528242,25.09487921
111,2,18,18,34,2,08士林區,士林區中山北路5段539號,0,0,1,4,B02,6,3,5,50,14,7,1,4,4,5,7,4,4,1,4,1,1,10,1,40,3,10,1,1,7,9,1,8,2,5,,44,4,1,22,9,121.528242,25.09487921
111,2,18,18,34,2,08士林區,士林區中山北路5段539號,0,0,1,5,H02,6,3,5,50,14,7,1,4,4,5,7,4,4,1,4,1,1,10,2,85,2,1,4,5,7,20,8,20,10,16,,67,4,1,22,9,121.528242,25.09487921
111,2,18,18,43,2,12內湖區,內湖區基湖路與基湖路10巷口口,0,0,1,1,B03,6,3,5,30,4,1,1,4,4,5,7,2,1,5,4,5,1,3,1,70,3,10,1,1,7,6,1,8,2,8,,15,15,1,22,9,121.5651675,25.08132166
111,2,18,18,43,2,12內湖區,內湖區基湖路與基湖路10巷口口,0,0,1,2,H01,6,3,5,30,4,1,1,4,4,5,7,2,1,5,4,5,1,3,1,31,2,6,4,1,8,16,8,20,2,16,,67,15,1,22,9,121.5651675,25.08132166
111,2,18,18,49,2,10文山區,文山區興德路與興德路62巷口,0,0,1,1,B03,6,3,5,30,4,1,1,4,4,5,7,4,4,10,5,5,2,16,1,40,3,10,1,1,7,11,1,8,2,4,,10,10,1,22,9,121.5568624,25.00205946
111,2,18,18,49,2,10文山區,文山區興德路與興德路62巷口,0,0,1,2,C04,6,3,5,30,4,1,1,4,4,5,7,4,4,10,5,5,2,16,1,51,2,9,1,1,7,9,1,10,2,11,,14,10,1,22,9,121.5568624,25.00205946
111,2,18,18,58,2,02萬華區,萬華區中華路2段416巷(新和國小旁),0,0,1,1,F01,6,3,5,30,14,9,1,4,4,5,7,4,4,9,4,5,2,17,2,82,2,9,1,1,7,7,8,20,2,16,,7,7,1,22,9,121.5026666,25.0267199
111,2,18,18,58,2,02萬華區,萬華區中華路2段416巷(新和國小旁),0,0,1,2,C03,6,3,5,30,14,9,1,4,4,5,7,4,4,9,4,5,2,17,1,18,3,10,1,1,7,9,1,10,2,11,,13,7,1,22,9,121.5026666,25.0267199
111,2,18,19,0,2,03中山區,中山區民族東路129號,0,0,1,1,H01,6,3,5,50,14,9,1,4,4,5,7,4,4,9,4,5,2,3,2,59,2,9,4,5,8,16,8,20,1,16,,51,51,1,5,3,121.5393762,25.06818758
111,2,18,19,0,2,03中山區,中山區民族東路129號,0,0,1,2,C03,6,3,5,50,14,9,1,4,4,5,7,4,4,9,4,5,2,3,1,21,3,10,1,1,7,9,1,10,1,14,,43,51,1,5,9,121.5393762,25.06818758
111,2,18,19,27,2,01大同區,大同區承德路3段與酒泉街口,0,0,1,1,C03,6,3,5,50,14,9,1,4,4,5,7,4,4,1,4,5,2,13,1,63,2,9,3,4,7,9,1,10,1,11,,43,43,1,22,9,121.5185399,25.07067925
111,2,18,19,27,2,01大同區,大同區承德路3段與酒泉街口,0,0,1,2,A04,6,3,5,50,14,9,1,4,4,5,7,4,4,1,4,5,2,13,1,48,3,10,3,4,7,14,1,4,1,7,,43,43,1,22,9,121.5185399,25.07067925
111,2,18,20,0,2,12內湖區,內湖區成功路2段426巷23號,0,0,2,1,B03,6,3,5,30,14,9,1,4,4,5,7,4,4,10,5,5,2,17,1,25,3,10,1,1,7,13,1,8,1,6,,43,43,1,22,9,121.5889482,25.07092132
111,2,18,20,0,2,12內湖區,內湖區成功路2段426巷23號,0,0,2,2,C03,6,3,5,30,14,9,1,4,4,5,7,4,4,10,5,5,2,17,2,61,2,9,1,1,7,9,1,10,1,11,,44,43,1,22,9,121.5889482,25.07092132
111,2,18,20,0,2,12內湖區,內湖區成功路2段426巷23號,0,0,2,3,C03,6,3,5,30,14,9,1,4,4,5,7,4,4,10,5,5,2,17,2,37,2,9,1,1,7,9,1,10,1,12,,23,43,1,22,9,121.5889482,25.07092132
111,2,18,20,3,2,09北投區,北投區中央北路1段42-1號,0,0,1,1,C03,6,3,5,50,14,9,1,4,4,5,7,4,4,7,5,5,1,18,2,51,2,9,1,1,7,9,1,10,1,12,,43,43,1,22,9,121.5011616,25.13374087
111,2,18,20,3,2,09北投區,北投區中央北路1段42-1號,0,0,1,2,,6,3,5,50,14,9,1,4,4,5,7,4,4,7,5,5,1,18,3,,,,,,,,,,,,,67,43,1,,,121.5011616,25.13374087
111,2,18,20,8,2,07信義區,信義區和平東路3段599號,0,0,1,1,B03,6,3,5,40,14,9,1,4,4,5,7,1,1,9,5,5,2,17,1,27,3,10,1,1,7,11,1,8,1,4,,10,10,1,22,9,121.5623895,25.0141797
111,2,18,20,8,2,07信義區,信義區和平東路3段599號,0,0,1,2,C03,6,3,5,40,14,9,1,4,4,5,7,1,1,9,5,5,2,17,1,23,2,9,1,1,7,9,1,10,1,11,,13,10,1,22,9,121.5623895,25.0141797
111,2,18,20,20,2,05中正區,中正區羅斯福路1段與寧波西街口,0,0,2,1,C03,6,3,5,50,4,2,1,4,4,5,7,1,1,10,2,5,2,16,2,61,2,6,1,1,7,1,4,11,1,13,,19,19,1,22,9,121.5189701,25.0315594
111,2,18,20,20,2,05中正區,中正區羅斯福路1段與寧波西街口,0,0,2,2,C03,6,3,5,50,4,2,1,4,4,5,7,1,1,10,2,5,2,16,1,26,2,9,1,1,7,9,1,10,1,11,,42,19,1,22,9,121.5189701,25.0315594
111,2,18,20,57,2,04大安區,大安區市民大道3段與復興南路1段口,0,0,1,1,B03,6,3,5,40,4,1,1,4,4,5,7,2,1,10,5,5,2,17,4,,4,11,3,4,7,6,7,19,11,15,,44,44,1,22,9,121.5437395,25.04466812
111,2,18,20,57,2,04大安區,大安區市民大道3段與復興南路1段口,0,0,1,2,C03,6,3,5,40,4,1,1,4,4,5,7,2,1,10,5,5,2,17,1,22,2,9,3,4,7,9,1,10,1,15,,42,44,1,22,9,121.5437395,25.04466812
111,2,18,21,4,2,07信義區,信義區信義路汽機車混合地下道往北出口,0,0,1,1,C03,8,3,5,30,7,11,1,4,4,5,7,4,4,10,2,5,2,13,1,23,2,9,1,1,7,9,1,10,2,11,,23,23,1,22,9,121.5641965,25.04046067
111,2,18,21,4,2,07信義區,信義區信義路汽機車混合地下道往北出口,0,0,1,2,C03,8,3,5,30,7,11,1,4,4,5,7,4,4,10,2,5,2,13,1,28,3,10,1,1,7,12,1,10,2,13,,30,23,1,22,9,121.5641965,25.04046067
111,2,18,21,50,2,08士林區,士林區中正路641號,0,0,1,1,B03,6,3,5,50,14,9,1,4,4,5,7,4,4,1,4,5,2,17,2,58,3,10,3,4,7,7,1,8,1,15,,7,7,1,22,9,121.507543,25.08601396
111,2,18,21,50,2,08士林區,士林區中正路641號,0,0,1,2,C03,6,3,5,50,14,9,1,4,4,5,7,4,4,1,4,5,2,17,2,20,2,8,1,4,7,9,1,10,1,14,,42,7,1,22,9,121.507543,25.08601396
111,2,18,22,0,2,03中山區,中山區復興北路430巷與民權東路3段75巷口,0,0,1,1,B02,6,3,5,30,4,1,1,4,4,5,7,3,1,9,4,5,2,15,1,54,3,10,1,1,7,9,1,8,1,1,,6,6,1,5,5,121.5436833,25.06335947
111,2,18,22,0,2,03中山區,中山區復興北路430巷與民權東路3段75巷口,0,0,1,2,C03,6,3,5,30,4,1,1,4,4,5,7,3,1,9,4,5,2,15,2,20,2,9,1,1,7,9,1,10,1,12,,44,6,1,18,5,121.5436833,25.06335947
111,2,18,22,4,2,10文山區,文山區興隆路4段與興隆路4段66巷口,0,0,1,1,B01,6,3,5,50,4,2,1,4,4,5,7,4,4,1,4,5,1,16,1,39,3,10,1,1,7,11,1,4,2,7,,10,10,1,21,8,121.5614982,24.9849027
111,2,18,22,4,2,10文山區,文山區興隆路4段與興隆路4段66巷口,0,0,1,2,C03,6,3,5,50,4,2,1,4,4,5,7,4,4,1,4,5,1,16,1,23,2,9,1,1,7,9,1,10,2,11,,44,10,1,21,1,121.5614982,24.9849027
111,2,18,22,26,2,12內湖區,內湖區東湖路58巷1號與東湖路58巷口前,0,0,1,1,C03,6,1,5,50,4,1,1,4,4,5,7,1,1,5,4,5,2,13,2,38,2,9,1,1,7,9,1,10,1,11,,23,23,1,22,9,121.6139341,25.06877426
111,2,18,22,26,2,12內湖區,內湖區東湖路58巷1號與東湖路58巷口前,0,0,1,2,B02,6,1,5,50,4,1,1,4,4,5,7,1,1,5,4,5,2,13,1,24,3,10,1,1,7,9,1,8,1,6,,44,23,1,22,9,121.6139341,25.06877426
111,2,18,22,30,2,04大安區,大安區和平東路3段與基隆路2段口,0,0,2,1,C03,6,3,5,50,5,1,1,4,4,5,7,2,1,5,4,5,1,16,1,21,3,10,1,4,7,8,1,10,1,11,,7,7,1,22,9,121.5525203,25.0243147
111,2,18,22,30,2,04大安區,大安區和平東路3段與基隆路2段口,0,0,2,2,C03,6,3,5,50,5,1,1,4,4,5,7,2,1,5,4,5,1,16,1,45,2,8,1,4,7,9,1,10,1,14,,44,7,1,22,9,121.5525203,25.0243147
111,2,18,22,30,2,04大安區,大安區和平東路3段與基隆路2段口,0,0,2,3,H02,6,3,5,50,5,1,1,4,4,5,7,2,1,5,4,5,1,16,1,15,2,8,1,4,7,20,8,20,10,16,,67,7,1,22,9,121.5525203,25.0243147
111,2,18,22,35,2,04大安區,大安區大安路1段與仁愛路4段91巷口,0,0,3,5,H02,6,3,5,30,4,1,1,4,4,3,5,4,4,10,5,5,1,15,2,32,2,9,3,5,7,20,8,20,10,16,,67,6,1,22,9,121.5460716,25.03859738
111,2,18,22,35,2,04大安區,大安區大安路1段與仁愛路4段91巷口,0,0,3,6,H02,6,3,5,30,4,1,1,4,4,3,5,4,4,10,5,5,1,15,2,29,2,9,3,5,7,20,8,20,10,16,,67,6,1,22,9,121.5460716,25.03859738
111,2,18,22,35,2,04大安區,大安區大安路1段與仁愛路4段91巷口,0,0,3,7,H02,6,3,5,30,4,1,1,4,4,3,5,4,4,10,5,5,1,15,2,31,2,9,3,4,7,20,8,20,10,16,,67,6,1,22,9,121.5460716,25.03859738
111,2,18,22,35,2,04大安區,大安區大安路1段與仁愛路4段91巷口,0,0,3,1,B03,6,3,5,30,4,1,1,4,4,3,5,4,4,10,5,5,1,15,1,31,3,10,3,4,7,9,1,8,2,1,,6,6,1,22,9,121.5460716,25.03859738
111,2,18,22,35,2,04大安區,大安區大安路1段與仁愛路4段91巷口,0,0,3,2,B03,6,3,5,30,4,1,1,4,4,3,5,4,4,10,5,5,1,15,1,32,3,10,3,4,7,9,1,4,2,6,,14,6,1,22,9,121.5460716,25.03859738
111,2,18,22,35,2,04大安區,大安區大安路1段與仁愛路4段91巷口,0,0,3,3,B03,6,3,5,30,4,1,1,4,4,3,5,4,4,10,5,5,1,15,1,33,3,10,3,4,7,13,1,4,1,7,,38,6,1,22,9,121.5460716,25.03859738
111,2,18,22,35,2,04大安區,大安區大安路1段與仁愛路4段91巷口,0,0,3,4,B02,6,3,5,30,4,1,1,4,4,3,5,4,4,10,5,5,1,15,1,49,3,10,3,4,7,13,1,2,9,15,,26,6,1,22,9,121.5460716,25.03859738
111,2,18,22,35,2,10文山區,文山區羅斯福路5段與羅斯福路5段218巷口,0,0,1,1,B02,6,3,5,50,4,1,1,4,4,5,7,1,1,10,5,5,2,3,1,32,3,10,1,1,7,5,1,8,2,1,,15,15,1,22,9,121.5388418,25.00211358
111,2,18,22,35,2,10文山區,文山區羅斯福路5段與羅斯福路5段218巷口,0,0,1,2,H01,6,3,5,50,4,1,1,4,4,5,7,1,1,10,5,5,2,3,1,27,2,7,4,5,8,16,8,20,10,16,,67,15,1,22,9,121.5388418,25.00211358
111,2,18,22,43,2,09北投區,北投區文林北路與文林北路166巷口,0,0,1,1,B01,6,3,5,30,3,2,1,4,4,5,7,4,4,1,4,5,1,16,1,60,3,10,3,4,7,6,1,4,1,4,,9,9,1,22,9,121.5152652,25.1070601
111,2,18,22,43,2,09北投區,北投區文林北路與文林北路166巷口,0,0,1,2,C03,6,3,5,30,3,2,1,4,4,5,7,4,4,1,4,5,1,16,2,25,2,9,3,4,7,9,1,10,1,11,,44,9,1,22,9,121.5152652,25.1070601
111,2,18,23,16,2,07信義區,信義區市民大道6段松山車站西大門南側,0,0,1,2,C03,6,3,5,0,14,9,1,4,4,5,7,4,4,1,4,5,2,29,2,22,2,9,1,1,7,9,1,10,1,11,,44,61,1,22,9,121.5783189,25.04898201
111,2,18,23,16,2,07信義區,信義區市民大道6段松山車站西大門南側,0,0,1,1,,6,3,5,0,14,9,1,4,4,5,7,4,4,1,4,5,2,29,3,,,,,,,,,,,,,61,61,1,,,121.5783189,25.04898201
111,2,19,2,30,2,03中山區,中山區南京東路3段217號,0,0,1,1,C04,6,3,5,50,14,9,1,4,4,5,7,4,4,3,4,5,2,17,1,18,2,9,1,1,7,9,1,10,1,11,12,23,23,1,22,9,121.5429755,25.05196087
111,2,19,2,30,2,03中山區,中山區南京東路3段217號,0,0,1,2,B03,6,3,5,50,14,9,1,4,4,5,7,4,4,3,4,5,2,17,1,35,3,10,1,1,7,13,1,8,1,7,,38,23,1,22,9,121.5429755,25.05196087