發生年度,發生月,發生日,發生時-Hours,發生分,處理別-編號,區序,肇事地點,死亡人數,2-30日死亡人數,受傷人數,當事人序號,車種,天候,光線,道路類別,速限-速度限制,道路型態,事故位置,路面狀況1,路面狀況2,路面狀況3,道路障礙1,道路障礙2,號誌1,號誌2,車道劃分-分向,車道劃分-分道1,車道劃分-分道2,車道劃分-分道3,事故類型及型態,性別,年齡,受傷程度,主要傷處,安全帽,行動電話,車輛用途,當事者行動狀態,駕駛資格情形,駕駛執照種類,飲酒情形,車輛撞擊部位1,車輛撞擊部位2,肇因碼-個別,肇因碼-主要,個人肇逃否,職業,旅次目的,座標-X,座標-Y
111,2,19,4,5,2,04大安區,大安區和平東路1段與金山南路2段口,0,0,2,1,C03,6,3,5,50,3,2,1,4,4,5,7,2,1,9,4,4,1,13,1,59,2,8,1,1,7,9,6,18,2,11,,23,23,1,22,9,121.5261561,25.02683752
111,2,19,4,5,2,04大安區,大安區和平東路1段與金山南路2段口,0,0,2,2,C03,6,3,5,50,3,2,1,4,4,5,7,2,1,9,4,4,1,13,1,29,2,8,1,1,7,14,1,10,2,13,,44,23,1,22,9,121.5261561,25.02683752
111,2,19,5,57,2,12內湖區,內湖區成功路3段與康寧路1段口,0,0,1,1,B03,6,3,5,50,4,2,1,4,4,5,7,2,1,1,4,5,2,3,1,51,3,10,1,1,7,5,1,8,2,8,,15,15,1,22,9,121.5907599,25.08073108
111,2,19,5,57,2,12內湖區,內湖區成功路3段與康寧路1段口,0,0,1,2,H01,6,3,5,50,4,2,1,4,4,5,7,2,1,1,4,5,2,3,1,65,2,9,4,5,8,16,8,20,10,16,,51,15,1,22,9,121.5907599,25.08073108
111,2,19,7,23,2,08士林區,士林區至誠路1段與雨聲街口,0,0,1,1,B03,6,1,5,50,3,1,1,4,4,5,7,3,1,5,5,5,1,17,1,37,4,11,3,4,7,6,7,19,11,15,,9,9,2,22,9,121.5337393,25.10129106
111,2,19,7,23,2,08士林區,士林區至誠路1段與雨聲街口,0,0,1,2,C03,6,1,5,50,3,1,1,4,4,5,7,3,1,5,5,5,1,17,2,45,2,9,3,4,7,9,1,10,1,12,,44,9,1,22,9,121.5337393,25.10129106
111,2,19,7,30,2,12內湖區,內湖區堤外便道(南湖右岸019燈桿處),0,0,1,1,C03,6,1,5,50,14,9,1,4,4,5,7,4,4,5,5,5,2,18,1,26,2,9,1,1,7,9,1,10,1,12,,42,42,1,22,9,121.6116375,25.06425168
111,2,19,7,30,2,12內湖區,內湖區堤外便道(南湖右岸019燈桿處),0,0,1,2,,6,1,5,50,14,9,1,4,4,5,7,4,4,5,5,5,2,18,3,,,,,,,,,,,,,67,42,1,,,121.6116375,25.06425168
111,2,19,7,47,2,05中正區,中正區懷寧街與漢口街1段口口,0,0,1,1,B03,6,1,5,50,4,1,1,4,4,5,7,3,1,9,4,5,1,15,1,57,3,10,1,1,7,9,1,8,2,2,6,6,6,1,21,5,121.5141692,25.04516318
111,2,19,7,47,2,05中正區,中正區懷寧街與漢口街1段口口,0,0,1,2,C03,6,1,5,50,4,1,1,4,4,5,7,3,1,9,4,5,1,15,1,23,2,9,1,1,7,9,3,18,2,11,,14,6,1,21,1,121.5141692,25.04516318
111,2,19,8,28,2,08士林區,士林區至善路1段與福林路254巷口,0,0,1,1,C03,6,1,5,40,3,1,1,4,4,5,7,3,1,10,5,5,2,12,2,65,2,9,1,1,7,9,1,10,2,11,,23,23,1,22,9,121.5377223,25.09798271
111,2,19,8,28,2,08士林區,士林區至善路1段與福林路254巷口,0,0,1,2,B03,6,1,5,40,3,1,1,4,4,5,7,3,1,10,5,5,2,12,1,30,3,10,3,4,7,9,1,8,2,2,,44,23,1,22,9,121.5377223,25.09798271
111,2,19,8,30,2,05中正區,中正區和平西路2段與寧波西街口,0,0,1,1,B03,6,1,5,50,4,1,1,4,4,5,7,2,1,1,4,5,2,1,2,45,3,10,1,1,7,7,1,8,2,1,,15,15,1,22,9,121.5120077,25.02913655
111,2,19,8,30,2,05中正區,中正區和平西路2段與寧波西街口,0,0,1,2,H01,6,1,5,50,4,1,1,4,4,5,7,2,1,1,4,5,2,1,2,82,2,8,4,5,8,16,8,20,10,16,,67,15,1,22,9,121.5120077,25.02913655
111,2,19,8,38,2,05中正區,中正區和平西路1段與南昌路2段口口,0,0,1,1,C03,6,1,5,50,5,1,1,4,4,5,7,1,1,1,4,5,1,17,1,23,3,10,1,1,7,6,1,10,1,13,,9,9,1,22,9,121.5210992,25.02685841
111,2,19,8,38,2,05中正區,中正區和平西路1段與南昌路2段口口,0,0,1,2,C03,6,1,5,50,5,1,1,4,4,5,7,1,1,1,4,5,1,17,1,60,2,9,1,1,7,9,1,10,1,11,,44,9,1,22,9,121.5210992,25.02685841
111,2,19,9,6,2,03中山區,中山區建國北路2段與民權東路2段口,0,0,2,1,C03,6,1,5,50,4,2,1,4,4,5,7,1,1,1,4,5,2,17,1,22,2,9,1,1,7,7,1,10,1,13,,26,26,1,22,9,121.5366179,25.06242698
111,2,19,9,6,2,03中山區,中山區建國北路2段與民權東路2段口,0,0,2,2,B03,6,1,5,50,4,2,1,4,4,5,7,1,1,1,4,5,2,17,1,36,3,10,1,1,7,9,1,8,1,8,,23,26,1,22,9,121.5366179,25.06242698
111,2,19,9,6,2,03中山區,中山區建國北路2段與民權東路2段口,0,0,2,3,C03,6,1,5,50,4,2,1,4,4,5,7,1,1,1,4,5,2,17,1,30,2,9,1,1,7,14,1,10,1,13,,44,26,1,22,9,121.5366179,25.06242698
111,2,19,9,7,2,10文山區,文山區辛亥路4段222巷與辛亥路4段口,0,0,1,1,C03,6,1,5,50,4,2,1,4,4,5,7,2,1,1,4,5,2,12,1,43,2,9,1,1,7,9,6,18,8,12,,16,16,1,22,9,121.5554251,25.00212948
111,2,19,9,7,2,10文山區,文山區辛亥路4段222巷與辛亥路4段口,0,0,1,2,B01,6,1,5,50,4,2,1,4,4,5,7,2,1,1,4,5,2,12,1,58,3,10,1,1,7,12,1,8,2,7,,44,16,1,22,9,121.5554251,25.00212948
111,2,19,9,30,2,04大安區,大安區大安路1段159號,0,0,2,1,C03,6,1,5,50,14,9,1,4,4,5,7,4,4,5,4,5,1,13,2,58,4,11,3,4,7,15,7,19,11,15,,44,44,2,22,9,121.5460453,25.03716306
111,2,19,9,30,2,04大安區,大安區大安路1段159號,0,0,2,2,C03,6,1,5,50,14,9,1,4,4,5,7,4,4,5,4,5,1,13,1,61,2,9,1,1,7,7,1,10,1,13,,7,44,1,22,9,121.5460453,25.03716306
111,2,19,9,30,2,04大安區,大安區大安路1段159號,0,0,2,3,H02,6,1,5,50,14,9,1,4,4,5,7,4,4,5,4,5,1,13,1,33,2,9,1,1,7,20,8,20,10,16,,67,44,1,22,9,121.5460453,25.03716306
111,2,19,10,0,2,09北投區,北投區大度路3段陸橋091號燈桿,0,0,1,2,B12,6,1,5,50,14,9,1,4,4,5,7,4,4,1,4,5,2,13,1,21,3,10,1,1,7,14,1,8,1,3,,44,16,1,22,9,121.4677394,25.12329406
111,2,19,10,0,2,09北投區,北投區大度路3段陸橋091號燈桿,0,0,1,3,B03,6,1,5,50,14,9,1,4,4,5,7,4,4,1,4,5,2,13,1,51,3,10,1,1,7,14,1,8,1,3,,44,16,1,22,9,121.4677394,25.12329406
111,2,19,10,0,2,09北投區,北投區大度路3段陸橋091號燈桿,0,0,1,1,A11,6,1,5,50,14,9,1,4,4,5,7,4,4,1,4,5,2,13,1,44,3,10,1,1,7,9,1,3,1,1,,16,16,1,22,9,121.4677394,25.12329406
111,2,19,10,0,2,09北投區,北投區大度路3段陸橋091號燈桿,0,0,1,4,H02,6,1,5,50,14,9,1,4,4,5,7,4,4,1,4,5,2,13,1,21,2,9,1,5,7,20,8,20,10,16,,67,16,1,22,9,121.4677394,25.12329406
111,2,19,10,1,2,04大安區,大安區市民大道4段30號前迴轉道,0,0,1,1,B12,6,1,5,40,14,9,1,4,4,5,7,4,4,1,4,5,2,12,1,54,3,10,1,1,7,7,1,7,1,7,,7,7,1,22,9,121.5450835,25.0449084
111,2,19,10,1,2,04大安區,大安區市民大道4段30號前迴轉道,0,0,1,2,C03,6,1,5,40,14,9,1,4,4,5,7,4,4,1,4,5,2,12,1,25,2,9,1,1,7,9,1,10,1,11,,13,7,1,22,9,121.5450835,25.0449084
111,2,19,10,2,2,06松山區,松山區南京東路3段248號,0,0,1,1,C03,6,1,5,50,14,9,1,4,4,5,7,2,1,1,4,1,2,12,2,34,2,9,1,1,7,7,1,10,1,14,,7,7,1,22,9,121.5441576,25.05175807
111,2,19,10,2,2,06松山區,松山區南京東路3段248號,0,0,1,2,C03,6,1,5,50,14,9,1,4,4,5,7,2,1,1,4,1,2,12,1,47,3,10,1,1,7,9,1,10,1,12,,44,7,1,22,9,121.5441576,25.05175807
111,2,19,10,25,2,04大安區,大安區和平東路2段2號,0,0,1,1,B03,6,1,5,50,14,9,1,4,4,3,7,4,4,1,4,5,2,12,1,27,3,10,1,1,7,9,1,8,9,6,,44,44,1,22,9,121.535479,25.02584065
111,2,19,10,25,2,04大安區,大安區和平東路2段2號,0,0,1,2,C03,6,1,5,50,14,9,1,4,4,3,7,4,4,1,4,5,2,12,2,50,2,9,1,1,7,9,1,10,9,14,,17,44,1,22,9,121.535479,25.02584065
111,2,19,10,25,2,04大安區,大安區和平東路2段2號,0,0,1,3,B01,6,1,5,50,14,9,1,4,4,3,7,4,4,1,4,5,2,12,1,66,3,10,1,1,7,14,1,4,9,15,,38,44,1,22,9,121.535479,25.02584065
111,2,19,11,30,2,12內湖區,內湖區東湖路160巷與五分街72巷口口,0,0,1,1,C04,6,1,5,30,3,1,1,4,4,5,7,4,4,9,4,5,2,16,2,64,2,8,1,1,7,5,1,8,1,13,,6,6,1,22,9,121.6163596,25.06625281
111,2,19,11,30,2,12內湖區,內湖區東湖路160巷與五分街72巷口口,0,0,1,2,C03,6,1,5,30,3,1,1,4,4,5,7,4,4,9,4,5,2,16,2,21,3,10,1,1,7,9,1,10,1,11,,14,6,1,22,9,121.6163596,25.06625281
111,2,19,11,50,2,09北投區,北投區吉利街120號對面,0,0,1,1,C03,6,1,5,30,14,9,1,4,4,5,7,4,4,9,5,5,2,9,2,55,3,10,3,1,7,15,7,19,11,11,,43,43,1,22,9,121.5068576,25.11857336
111,2,19,11,50,2,09北投區,北投區吉利街120號對面,0,0,1,2,H01,6,1,5,30,14,9,1,4,4,5,7,4,4,9,5,5,2,9,1,53,2,8,4,5,8,17,8,20,10,16,,67,43,1,22,9,121.5068576,25.11857336
111,2,19,11,50,2,09北投區,北投區吉利街120號對面,0,0,1,3,C03,6,1,5,30,14,9,1,4,4,5,7,4,4,9,5,5,2,9,1,21,3,10,3,4,7,13,7,19,11,15,,44,43,1,22,9,121.5068576,25.11857336
111,2,19,11,50,2,09北投區,北投區吉利街120號對面,0,0,1,4,C03,6,1,5,30,14,9,1,4,4,5,7,4,4,9,5,5,2,9,1,59,3,10,3,4,7,13,7,19,11,15,,44,43,1,22,9,121.5068576,25.11857336
111,2,19,11,59,2,05中正區,中正區忠孝東路2段與八德路1段口,0,0,1,1,A04,7,1,5,50,3,2,1,4,4,5,7,1,1,6,3,4,2,13,1,40,3,10,1,1,7,9,1,2,2,5,,16,16,1,22,9,121.528693,25.04339037
111,2,19,11,59,2,05中正區,中正區忠孝東路2段與八德路1段口,0,0,1,2,C03,7,1,5,50,3,2,1,4,4,5,7,1,1,6,3,4,2,13,1,53,2,8,1,1,7,9,1,10,2,13,,42,16,1,22,9,121.528693,25.04339037
111,2,19,12,0,2,02萬華區,萬華區艋舺大道101號,0,0,1,1,C03,6,1,5,50,14,9,1,4,4,5,7,4,4,1,5,5,2,12,2,32,3,10,1,3,7,7,1,10,1,14,,7,7,1,22,9,121.5013988,25.03316271
111,2,19,12,0,2,02萬華區,萬華區艋舺大道101號,0,0,1,2,C03,6,1,5,50,14,9,1,4,4,5,7,4,4,1,5,5,2,12,2,57,2,8,1,1,7,9,1,10,1,12,,44,7,1,22,9,121.5013988,25.03316271
111,2,19,12,0,2,03中山區,中山區市民大道2段與林森北路口,0,0,2,1,B03,8,1,5,40,4,1,1,5,4,5,7,2,1,10,5,5,2,17,1,50,3,10,1,1,7,8,1,8,1,15,,7,7,1,22,9,121.524292,25.04788309
111,2,19,12,0,2,03中山區,中山區市民大道2段與林森北路口,0,0,2,2,C03,8,1,5,40,4,1,1,5,4,5,7,2,1,10,5,5,2,17,2,24,2,9,1,1,7,9,1,10,1,14,,44,7,1,22,9,121.524292,25.04788309
111,2,19,12,0,2,03中山區,中山區市民大道2段與林森北路口,0,0,2,3,C03,8,1,5,40,4,1,1,5,4,5,7,2,1,10,5,5,2,17,1,36,2,9,1,1,7,9,1,10,1,14,,13,7,1,22,9,121.524292,25.04788309
111,2,19,12,30,2,02萬華區,萬華區忠孝西路2段與忠孝西路2段16巷口,0,0,1,1,B12,7,1,8,50,15,22,1,5,4,5,7,4,4,10,5,5,2,17,1,23,3,10,3,4,7,6,1,8,1,5,,9,9,1,22,9,121.5085975,25.04826218
111,2,19,12,30,2,02萬華區,萬華區忠孝西路2段與忠孝西路2段16巷口,0,0,1,2,C03,7,1,8,50,15,22,1,5,4,5,7,4,4,10,5,5,2,17,2,30,3,10,3,4,7,9,1,10,1,14,,14,9,1,22,9,121.5085975,25.04826218
111,2,19,12,30,2,02萬華區,萬華區忠孝西路2段與忠孝西路2段16巷口,0,0,1,3,H02,7,1,8,50,15,22,1,5,4,5,7,4,4,10,5,5,2,17,1,32,2,8,4,5,7,21,8,20,10,15,,67,9,1,22,9,121.5085975,25.04826218
111,2,19,12,35,2,12內湖區,內湖區民權東路6段56巷19號前,0,0,1,1,C03,6,1,5,50,14,9,1,4,4,5,7,4,4,9,4,4,2,13,1,58,2,3,1,1,7,5,1,10,1,11,,23,23,1,22,9,121.585455,25.06720201
111,2,19,12,35,2,12內湖區,內湖區民權東路6段56巷19號前,0,0,1,2,B12,6,1,5,50,14,9,1,4,4,5,7,4,4,9,4,4,2,13,1,30,3,10,1,1,7,5,1,8,1,6,,44,23,1,22,9,121.585455,25.06720201
111,2,19,12,40,2,09北投區,北投區文化三路18號,0,0,1,1,C04,6,1,5,30,14,20,4,4,4,5,7,4,4,9,5,5,2,18,1,23,2,9,1,1,7,15,1,10,1,14,,43,43,1,22,9,121.4980952,25.13777596
111,2,19,12,40,2,09北投區,北投區文化三路18號,0,0,1,2,,6,1,5,30,14,20,4,4,4,5,7,4,4,9,5,5,2,18,3,,,,,,,,,,,,,67,43,1,,,121.4980952,25.13777596
111,2,19,12,51,2,08士林區,士林區中山北路6段269號,0,0,1,1,C03,7,1,5,50,14,9,1,5,4,5,7,4,4,1,4,5,2,13,2,29,2,8,1,1,7,9,1,10,1,11,,43,43,1,22,9,121.5254147,25.1098828
111,2,19,12,51,2,08士林區,士林區中山北路6段269號,0,0,1,2,B03,7,1,5,50,14,9,1,5,4,5,7,4,4,1,4,5,2,13,2,34,3,10,1,1,7,9,1,8,1,3,,44,43,1,22,9,121.5254147,25.1098828
111,2,19,13,10,2,04大安區,大安區復興南路1段200號,0,0,1,1,B01,6,1,5,50,14,9,1,4,4,5,7,4,4,10,5,5,1,17,1,60,3,10,3,1,7,1,1,8,1,15,,19,19,1,22,9,121.5434452,25.0397231
111,2,19,13,10,2,04大安區,大安區復興南路1段200號,0,0,1,2,C03,6,1,5,50,14,9,1,4,4,5,7,4,4,10,5,5,1,17,1,19,2,9,1,1,7,9,1,10,1,14,,44,19,1,22,9,121.5434452,25.0397231
111,2,19,14,0,2,12內湖區,內湖區洲子街與瑞光路393巷口,0,0,1,1,B03,7,1,5,50,4,1,1,4,4,5,7,1,1,5,5,5,2,2,1,61,3,10,1,1,7,5,1,8,2,1,,15,15,1,22,9,121.5735385,25.07906762
111,2,19,14,0,2,12內湖區,內湖區洲子街與瑞光路393巷口,0,0,1,2,H01,7,1,5,50,4,1,1,4,4,5,7,1,1,5,5,5,2,2,2,37,2,9,4,5,8,16,8,20,10,16,,67,15,1,22,9,121.5735385,25.07906762
111,2,19,14,29,2,08士林區,士林區中山北路5段西歐加油站對面往南,0,0,1,1,B03,7,1,5,50,14,7,1,5,4,5,7,4,4,4,3,1,2,16,1,34,3,10,1,1,7,8,1,8,1,6,,7,7,1,22,9,121.5280246,25.09535398
111,2,19,14,29,2,08士林區,士林區中山北路5段西歐加油站對面往南,0,0,1,2,C01,7,1,5,50,14,7,1,5,4,5,7,4,4,4,3,1,2,16,1,46,2,9,1,1,7,9,1,9,1,14,,44,7,1,22,9,121.5280246,25.09535398
111,2,19,14,45,2,12內湖區,內湖區康樂街110巷與康樂街136巷18弄口,0,0,1,1,B01,6,1,5,30,4,1,1,4,4,5,7,4,4,10,5,5,2,16,1,62,3,10,1,1,7,9,1,4,1,1,,6,6,1,22,9,121.6183032,25.070728
111,2,19,14,45,2,12內湖區,內湖區康樂街110巷與康樂街136巷18弄口,0,0,1,2,C03,6,1,5,30,4,1,1,4,4,5,7,4,4,10,5,5,2,16,1,61,2,9,1,1,7,9,1,10,1,14,,14,6,1,22,9,121.6183032,25.070728
111,2,19,15,8,2,03中山區,中山區林森北路與雙城街43巷口,0,0,1,1,B03,6,1,5,50,4,1,1,4,4,5,7,4,4,5,4,5,2,17,1,30,3,10,1,1,7,11,1,8,1,8,,10,10,1,22,9,121.5257306,25.0674786
111,2,19,15,8,2,03中山區,中山區林森北路與雙城街43巷口,0,0,1,2,C03,6,1,5,50,4,1,1,4,4,5,7,4,4,5,4,5,2,17,1,26,2,9,1,1,7,9,1,10,1,11,14,44,10,1,22,9,121.5257306,25.0674786
111,2,19,15,50,2,03中山區,中山區中山北路2段與民生東路1段口,0,0,1,1,B03,7,1,5,50,4,1,1,4,4,5,7,1,1,1,3,5,1,17,2,31,3,10,1,1,7,5,1,8,1,1,,8,8,1,22,9,121.5228072,25.05782493
111,2,19,15,50,2,03中山區,中山區中山北路2段與民生東路1段口,0,0,1,2,C03,7,1,5,50,4,1,1,4,4,5,7,1,1,1,3,5,1,17,2,29,2,9,1,1,7,9,1,10,1,11,,44,8,1,22,9,121.5228072,25.05782493
111,2,19,15,53,2,12內湖區,內湖區堤頂大道2段與港墘路口,0,0,1,1,B12,7,1,5,70,3,1,1,5,4,5,7,2,1,1,2,3,2,16,1,27,3,10,1,1,7,9,1,8,1,5,,43,43,1,22,9,121.5722504,25.07456655
111,2,19,15,53,2,12內湖區,內湖區堤頂大道2段與港墘路口,0,0,1,2,C03,7,1,5,70,3,1,1,5,4,5,7,2,1,1,2,3,2,16,2,33,2,9,1,1,7,5,1,10,1,14,,43,43,1,22,9,121.5722504,25.07456655
111,2,19,15,57,2,08士林區,士林區德行東路190巷與忠誠路1段173巷口,0,0,1,1,C03,6,1,5,30,4,1,1,4,4,5,3,4,4,10,5,5,2,17,1,20,2,9,1,4,7,9,1,10,1,12,,6,6,1,22,9,121.5313156,25.10806826
111,2,19,15,57,2,08士林區,士林區德行東路190巷與忠誠路1段173巷口,0,0,1,2,B03,6,1,5,30,4,1,1,4,4,5,3,4,4,10,5,5,2,17,1,49,3,10,3,4,7,9,1,8,1,1,,14,6,1,22,9,121.5313156,25.10806826
111,2,19,16,25,2,03中山區,中山區民權東路2段與吉林路口,0,0,1,1,C03,6,1,5,50,4,2,1,4,4,5,7,1,1,1,4,5,2,13,2,22,2,9,1,4,7,9,4,8,2,11,,23,23,1,22,9,121.5300892,25.06260891
111,2,19,16,25,2,03中山區,中山區民權東路2段與吉林路口,0,0,1,2,B01,6,1,5,50,4,2,1,4,4,5,7,1,1,1,4,5,2,13,1,57,3,10,1,4,7,14,1,4,2,3,,44,23,1,10,9,121.5300892,25.06260891
111,2,19,16,31,2,03中山區,中山區新生北路2段與民權東路1段口,0,0,1,1,C03,7,1,5,50,4,2,1,5,4,5,7,1,1,4,3,5,1,17,2,24,2,9,1,1,7,9,1,10,1,12,,23,23,1,22,9,121.5276888,25.0625597
111,2,19,16,31,2,03中山區,中山區新生北路2段與民權東路1段口,0,0,1,2,C03,7,1,5,50,4,2,1,5,4,5,7,1,1,4,3,5,1,17,1,19,3,10,1,1,7,14,1,10,9,15,,44,23,1,22,9,121.5276888,25.0625597
111,2,19,17,5,2,10文山區,文山區興隆路2段236號,0,0,1,1,C04,6,1,5,50,14,9,1,4,4,5,7,4,4,1,4,5,2,12,2,58,2,9,1,1,7,9,1,10,2,14,,17,17,1,22,9,121.5535758,25.00113923
111,2,19,17,5,2,10文山區,文山區興隆路2段236號,0,0,1,2,B03,6,1,5,50,14,9,1,4,4,5,7,4,4,1,4,5,2,12,1,50,3,10,1,1,7,9,1,8,2,2,,17,17,1,22,9,121.5535758,25.00113923
111,2,19,17,30,2,12內湖區,內湖區文湖街與內湖路1段口,0,0,1,1,B03,6,2,5,50,3,2,1,4,4,5,7,4,4,1,4,4,2,16,1,48,3,10,1,1,7,6,1,8,1,8,,6,6,1,22,9,121.559677,25.08498774
111,2,19,17,30,2,12內湖區,內湖區文湖街與內湖路1段口,0,0,1,2,C03,6,2,5,50,3,2,1,4,4,5,7,4,4,1,4,4,2,16,1,25,2,9,1,1,7,9,1,9,1,12,,14,6,1,22,9,121.559677,25.08498774
111,2,19,17,30,2,11南港區,南港區南港路1段與興中路口,0,0,1,1,A04,6,1,5,50,4,1,1,4,4,5,7,2,1,5,4,5,2,16,1,52,3,10,3,4,7,5,1,1,2,1,,8,8,1,22,9,121.6075053,25.05444967
111,2,19,17,30,2,11南港區,南港區南港路1段與興中路口,0,0,1,2,C03,6,1,5,50,4,1,1,4,4,5,7,2,1,5,4,5,2,16,1,20,2,9,1,1,7,9,1,10,2,11,,13,8,1,22,9,121.6075053,25.05444967
111,2,19,17,36,2,07信義區,信義區信義路6段116號前,0,0,1,1,B01,6,3,5,50,14,9,1,4,4,5,7,4,4,5,4,5,2,16,1,65,3,10,1,1,7,9,1,4,2,2,,17,17,1,22,9,121.5781468,25.03615378
111,2,19,17,36,2,07信義區,信義區信義路6段116號前,0,0,1,2,C03,6,3,5,50,14,9,1,4,4,5,7,4,4,5,4,5,2,16,1,67,2,9,1,1,7,9,1,10,2,14,,17,17,1,22,9,121.5781468,25.03615378
111,2,19,17,55,2,09北投區,北投區石牌路1段與致遠一路2段口,0,0,1,1,B03,6,3,5,50,4,1,1,4,4,5,7,2,1,5,4,5,2,16,1,47,3,10,1,1,7,5,1,8,1,5,,8,8,1,22,9,121.5122148,25.11397475
111,2,19,17,55,2,09北投區,北投區石牌路1段與致遠一路2段口,0,0,1,2,C03,6,3,5,50,4,1,1,4,4,5,7,2,1,5,4,5,2,16,2,20,2,7,1,1,7,9,1,10,1,11,,44,8,1,22,9,121.5122148,25.11397475
111,2,19,17,59,2,09北投區,北投區石牌路1段39巷80弄與石牌路1段39巷口,0,0,1,1,B03,6,3,5,30,4,2,1,4,4,5,7,4,4,10,5,5,2,17,1,24,3,10,1,1,7,5,1,8,2,5,,8,8,1,22,9,121.5096507,25.11579397
111,2,19,17,59,2,09北投區,北投區石牌路1段39巷80弄與石牌路1段39巷口,0,0,1,2,C03,6,3,5,30,4,2,1,4,4,5,7,4,4,10,5,5,2,17,1,73,2,8,1,1,7,5,1,10,2,11,,44,8,1,22,9,121.5096507,25.11579397
111,2,19,18,8,2,12內湖區,內湖區新明路269號,0,0,1,1,B03,6,3,5,50,14,7,1,4,4,5,7,4,4,5,4,4,2,16,1,51,3,10,1,1,7,5,1,8,1,15,,8,8,1,22,9,121.5859689,25.05757045
111,2,19,18,8,2,12內湖區,內湖區新明路269號,0,0,1,2,C03,6,3,5,50,14,7,1,4,4,5,7,4,4,5,4,4,2,16,1,20,2,8,1,1,7,9,1,10,1,15,,44,8,1,22,9,121.5859689,25.05757045
111,2,19,18,16,2,01大同區,大同區環河北路2段南往北(汙水處理廠旁),0,0,1,1,C03,6,3,5,50,14,9,1,4,3,5,7,4,4,1,3,5,2,29,1,20,2,8,1,1,7,9,1,10,1,12,,43,43,1,22,9,121.5090037,25.07394934
111,2,19,18,16,2,01大同區,大同區環河北路2段南往北(汙水處理廠旁),0,0,1,2,,6,3,5,50,14,9,1,4,3,5,7,4,4,1,3,5,2,29,3,,,,,,,,,,,,,67,43,1,,,121.5090037,25.07394934
111,2,19,18,20,2,07信義區,信義區和平東路3段與基隆路2段口,0,0,1,1,B03,6,3,5,50,5,1,1,4,4,5,7,2,1,1,4,5,2,12,2,61,3,10,1,1,7,6,1,8,1,8,,43,43,1,21,8,121.5529307,25.02452267
111,2,19,18,20,2,07信義區,信義區和平東路3段與基隆路2段口,0,0,1,2,C03,6,3,5,50,5,1,1,4,4,5,7,2,1,1,4,5,2,12,1,37,2,7,1,1,7,7,1,10,1,14,,43,43,1,21,8,121.5529307,25.02452267
111,2,19,18,26,2,10文山區,文山區木柵路4段與和平東路4段口,0,0,1,1,B03,6,3,5,50,3,2,1,4,4,5,7,2,1,5,4,5,2,16,1,36,3,10,1,1,7,9,1,8,2,1,,25,25,1,22,9,121.574608,24.99819959
111,2,19,18,26,2,10文山區,文山區木柵路4段與和平東路4段口,0,0,1,2,C03,6,3,5,50,3,2,1,4,4,5,7,2,1,5,4,5,2,16,1,40,2,9,1,1,7,9,1,10,2,14,,44,25,1,22,9,121.574608,24.99819959
111,2,19,18,26,2,10文山區,文山區木柵路4段與和平東路4段口,0,0,1,3,C03,6,3,5,50,3,2,1,4,4,5,7,2,1,5,4,5,2,16,1,21,3,10,1,1,7,9,1,10,2,14,,44,25,1,22,9,121.574608,24.99819959
111,2,19,18,38,2,01大同區,大同區敦煌路與哈密街59巷口口,0,0,1,1,B12,6,3,5,30,4,1,1,4,4,5,7,3,1,5,4,5,2,16,1,63,3,10,3,4,7,9,1,8,2,4,,6,6,1,22,9,121.5157377,25.07624577
111,2,19,18,38,2,01大同區,大同區敦煌路與哈密街59巷口口,0,0,1,2,F01,6,3,5,30,4,1,1,4,4,5,7,3,1,5,4,5,2,16,2,71,2,8,1,1,7,9,8,20,2,16,,27,6,1,22,9,121.5157377,25.07624577
111,2,19,18,38,2,07信義區,信義區林口街66巷與林口街口,0,0,2,1,C03,6,3,5,50,4,2,1,4,4,5,7,4,4,10,5,5,2,9,2,22,2,9,1,1,7,9,1,10,1,11,,15,15,1,22,9,121.5792783,25.03877348
111,2,19,18,38,2,07信義區,信義區林口街66巷與林口街口,0,0,2,2,H01,6,3,5,50,4,2,1,4,4,5,7,4,4,10,5,5,2,9,2,74,2,9,4,5,8,16,8,20,10,16,,67,15,1,22,9,121.5792783,25.03877348
111,2,19,19,15,2,04大安區,大安區光復南路與光復南路346巷口,0,0,1,1,B03,6,3,5,50,3,1,1,4,4,5,7,4,4,1,4,5,1,16,1,55,3,10,3,4,7,5,1,8,1,5,,6,6,1,22,9,121.5575527,25.03841721
111,2,19,19,15,2,04大安區,大安區光復南路與光復南路346巷口,0,0,1,2,C03,6,3,5,50,3,1,1,4,4,5,7,4,4,1,4,5,1,16,1,22,2,7,1,1,7,9,1,10,1,11,,27,6,1,22,9,121.5575527,25.03841721
111,2,19,19,40,2,05中正區,中正區汀州路3段8號,0,0,1,1,B03,6,3,5,30,11,9,1,4,4,5,6,4,4,10,5,5,2,2,1,54,3,10,1,1,7,11,1,8,1,1,,23,23,1,22,9,121.527264,25.01851262
111,2,19,19,40,2,05中正區,中正區汀州路3段8號,0,0,1,2,H01,6,3,5,30,11,9,1,4,4,5,6,4,4,10,5,5,2,2,2,70,2,8,4,5,8,16,8,20,1,16,,51,23,1,22,9,121.527264,25.01851262
111,2,19,20,5,2,07信義區,信義區虎林街222巷與松德路133巷口,0,0,1,1,C03,6,3,5,30,4,2,1,4,4,5,7,4,4,10,5,5,2,15,2,52,2,9,1,1,7,9,1,10,2,14,,6,6,1,22,9,121.5759552,25.03637474