發生年度,發生月,發生日,發生時-Hours,發生分,處理別-編號,區序,肇事地點,死亡人數,2-30日死亡人數,受傷人數,當事人序號,車種,天候,光線,道路類別,速限-速度限制,道路型態,事故位置,路面狀況1,路面狀況2,路面狀況3,道路障礙1,道路障礙2,號誌1,號誌2,車道劃分-分向,車道劃分-分道1,車道劃分-分道2,車道劃分-分道3,事故類型及型態,性別,年齡,受傷程度,主要傷處,安全帽,行動電話,車輛用途,當事者行動狀態,駕駛資格情形,駕駛執照種類,飲酒情形,車輛撞擊部位1,車輛撞擊部位2,肇因碼-個別,肇因碼-主要,個人肇逃否,職業,旅次目的,座標-X,座標-Y
111,2,19,20,5,2,07信義區,信義區虎林街222巷與松德路133巷口,0,0,1,2,B03,6,3,5,30,4,2,1,4,4,5,7,4,4,10,5,5,2,15,1,70,3,10,1,1,7,9,1,8,2,5,,26,6,1,22,9,121.5759552,25.03637474
111,2,19,20,16,2,07信義區,信義區忠孝東路5段790巷24弄與忠孝東路5段790巷口,0,0,3,1,C03,6,3,5,30,4,1,1,4,4,5,7,4,4,10,5,5,2,17,2,49,2,9,1,1,7,9,1,10,1,14,,43,43,1,22,9,121.5827833,25.0424176
111,2,19,20,16,2,07信義區,信義區忠孝東路5段790巷24弄與忠孝東路5段790巷口,0,0,3,2,C03,6,3,5,30,4,1,1,4,4,5,7,4,4,10,5,5,2,17,2,32,2,9,1,1,7,9,1,10,1,11,,43,43,1,22,9,121.5827833,25.0424176
111,2,19,20,16,2,07信義區,信義區忠孝東路5段790巷24弄與忠孝東路5段790巷口,0,0,3,3,H02,6,3,5,30,4,1,1,4,4,5,7,4,4,10,5,5,2,17,1,16,2,9,4,5,7,20,8,20,10,16,,67,43,1,22,9,121.5827833,25.0424176
111,2,19,20,41,2,10文山區,文山區興隆路4段64號,0,0,2,1,C03,6,3,5,50,14,9,1,4,4,5,7,4,4,1,2,5,2,3,2,19,2,7,1,1,7,9,1,10,2,12,,23,23,1,22,9,121.561492,24.98490372
111,2,19,20,41,2,10文山區,文山區興隆路4段64號,0,0,2,2,H01,6,3,5,50,14,9,1,4,4,5,7,4,4,1,2,5,2,3,1,82,2,9,4,5,8,16,8,20,10,15,,60,23,1,22,9,121.561492,24.98490372
111,2,19,21,7,2,11南港區,南港區忠孝東路6段376號,0,0,2,1,C03,6,3,5,40,14,8,1,4,4,5,7,4,4,1,4,4,1,13,2,52,2,9,1,4,7,9,1,10,1,11,,23,23,1,22,9,121.5918259,25.04983796
111,2,19,21,7,2,11南港區,南港區忠孝東路6段376號,0,0,2,2,C03,6,3,5,40,14,8,1,4,4,5,7,4,4,1,4,4,1,13,2,58,2,9,1,4,7,12,1,10,1,13,,44,23,1,22,9,121.5918259,25.04983796
111,2,19,21,7,2,11南港區,南港區忠孝東路6段376號,0,0,2,3,B03,6,3,5,40,14,8,1,4,4,5,7,4,4,1,4,4,1,13,1,33,3,10,3,4,7,13,1,10,1,1,,38,23,1,22,9,121.5918259,25.04983796
111,2,19,21,10,2,02萬華區,萬華區環河南路1段與康定路口,0,0,1,1,B03,6,3,5,50,3,1,1,4,4,5,7,1,1,9,4,5,2,13,4,,4,11,3,4,7,15,7,19,11,15,,43,43,2,22,9,121.5030566,25.04602574
111,2,19,21,10,2,02萬華區,萬華區環河南路1段與康定路口,0,0,1,2,C03,6,3,5,50,3,1,1,4,4,5,7,1,1,9,4,5,2,13,1,42,2,8,1,4,7,14,1,10,11,13,,44,43,1,22,9,121.5030566,25.04602574
111,2,19,21,15,2,10文山區,文山區羅斯福路6段與景隆街口,0,0,1,1,B01,6,1,5,50,4,1,1,4,4,5,7,1,1,1,4,5,2,16,1,58,3,10,1,1,7,5,1,4,2,4,,8,8,1,22,9,121.539913,24.99973355
111,2,19,21,15,2,10文山區,文山區羅斯福路6段與景隆街口,0,0,1,2,C03,6,1,5,50,4,1,1,4,4,5,7,1,1,1,4,5,2,16,1,33,2,9,1,1,7,9,1,10,2,11,,13,8,1,22,9,121.539913,24.99973355
111,2,19,21,48,2,11南港區,南港區八德路4段與玉成街口,0,0,2,1,C03,6,1,5,50,4,1,1,4,4,5,7,2,1,4,3,5,2,16,1,28,2,9,1,1,7,5,1,10,1,12,,25,25,1,22,9,121.5815803,25.051179
111,2,19,21,48,2,11南港區,南港區八德路4段與玉成街口,0,0,2,2,C03,6,1,5,50,4,1,1,4,4,5,7,2,1,4,3,5,2,16,2,26,2,9,1,1,7,9,1,10,1,11,,13,25,1,22,9,121.5815803,25.051179
111,2,19,22,9,2,01大同區,大同區環河北路1段南往北(忠孝國中旁),0,0,1,1,C03,6,3,5,50,14,9,1,4,4,5,7,4,4,8,3,5,2,17,2,39,2,9,1,1,7,8,1,10,2,13,,7,7,1,22,9,121.5070765,25.05126171
111,2,19,22,9,2,01大同區,大同區環河北路1段南往北(忠孝國中旁),0,0,1,2,B12,6,3,5,50,14,9,1,4,4,5,7,4,4,8,3,5,2,17,1,55,3,10,1,1,7,9,1,8,2,4,,44,7,1,22,9,121.5070765,25.05126171
111,2,19,22,17,2,10文山區,文山區木柵路4段與木柵路4段111巷口,0,0,2,1,C03,6,3,5,50,3,2,1,4,4,5,7,2,1,5,4,5,2,3,4,,4,11,3,4,7,15,7,19,11,15,,43,43,2,22,9,121.5741218,24.99777217
111,2,19,22,17,2,10文山區,文山區木柵路4段與木柵路4段111巷口,0,0,2,2,H01,6,3,5,50,3,2,1,4,4,5,7,2,1,5,4,5,2,3,2,41,2,6,4,5,8,16,8,20,10,16,,67,43,1,22,9,121.5741218,24.99777217
111,2,19,22,17,2,10文山區,文山區木柵路4段與木柵路4段111巷口,0,0,2,3,H01,6,3,5,50,3,2,1,4,4,5,7,2,1,5,4,5,2,3,1,3,2,9,4,5,8,16,8,20,10,16,,67,43,1,22,9,121.5741218,24.99777217
111,2,19,23,0,2,07信義區,信義區松壽路與松智路口,0,0,1,1,A02,6,3,5,50,14,18,1,4,4,5,7,2,1,9,4,5,1,3,1,52,3,10,1,1,7,5,1,1,2,8,,15,15,1,22,9,121.5656622,25.03585268
111,2,19,23,0,2,07信義區,信義區松壽路與松智路口,0,0,1,2,H01,6,3,5,50,14,18,1,4,4,5,7,2,1,9,4,5,1,3,2,21,2,8,4,5,8,16,8,20,10,16,,67,15,1,22,9,121.5656622,25.03585268
111,2,19,23,45,2,02萬華區,萬華區環河南路2段與長順街14巷口,0,0,2,1,B03,6,3,5,50,4,1,1,4,4,5,7,1,1,1,3,5,2,16,1,21,3,10,1,1,7,9,1,8,1,1,,25,25,1,22,9,121.4899847,25.0307371
111,2,19,23,45,2,02萬華區,萬華區環河南路2段與長順街14巷口,0,0,2,2,C03,6,3,5,50,4,1,1,4,4,5,7,1,1,1,3,5,2,16,1,20,2,7,1,1,7,9,1,10,1,11,,44,25,1,22,9,121.4899847,25.0307371
111,2,19,23,45,2,02萬華區,萬華區環河南路2段與長順街14巷口,0,0,2,3,H02,6,3,5,50,4,1,1,4,4,5,7,1,1,1,3,5,2,16,2,19,2,8,1,5,7,21,8,20,11,16,,67,25,1,22,9,121.4899847,25.0307371
111,2,19,23,58,2,04大安區,大安區仁愛路4段151巷與忠孝東路4段170巷17弄口,0,0,1,1,C03,6,3,5,30,4,1,1,4,4,5,7,4,4,10,5,5,2,15,1,20,2,8,1,1,7,9,1,10,2,12,,4,4,1,22,9,121.5518067,25.0399059
111,2,19,23,58,2,04大安區,大安區仁愛路4段151巷與忠孝東路4段170巷17弄口,0,0,1,2,B03,6,3,5,30,4,1,1,4,4,5,7,4,4,10,5,5,2,15,1,74,3,10,1,1,7,9,1,8,2,1,,14,4,1,22,9,121.5518067,25.0399059
111,2,20,0,4,2,03中山區,中山區敬業三路與樂群二路口,0,0,1,1,B01,6,3,5,50,4,1,1,4,4,5,7,1,1,3,4,5,2,17,1,50,3,10,1,1,7,5,1,4,1,8,,6,6,1,22,9,121.5563596,25.07992342
111,2,20,0,4,2,03中山區,中山區敬業三路與樂群二路口,0,0,1,2,C03,6,3,5,50,4,1,1,4,4,5,7,1,1,3,4,5,2,17,1,39,2,9,1,1,7,9,1,10,1,14,,13,6,1,22,9,121.5563596,25.07992342
111,2,20,0,34,2,08士林區,士林區中山北路5段與文林路口,0,0,1,1,C03,6,3,5,50,3,2,1,4,4,5,7,1,1,5,4,5,2,18,1,28,2,7,1,1,7,9,1,10,7,12,,21,21,1,22,9,121.5256769,25.08576484
111,2,20,0,34,2,08士林區,士林區中山北路5段與文林路口,0,0,1,2,,6,3,5,50,3,2,1,4,4,5,7,1,1,5,4,5,2,18,3,,,,,,,,,,,,,67,21,1,,,121.5256769,25.08576484
111,2,20,1,0,2,09北投區,北投區石牌路1段與石牌路1段33巷口,0,0,1,1,C03,6,3,5,50,4,2,1,4,4,5,7,4,4,9,4,5,2,16,1,36,3,10,1,1,7,5,1,10,1,14,,8,8,1,21,9,121.510179,25.11299195
111,2,20,1,0,2,09北投區,北投區石牌路1段與石牌路1段33巷口,0,0,1,2,C03,6,3,5,50,4,2,1,4,4,5,7,4,4,9,4,5,2,16,1,24,2,9,1,1,7,9,1,10,1,11,,44,8,1,22,9,121.510179,25.11299195
111,2,20,4,50,2,03中山區,中山區濱江街180巷13號,0,0,1,1,H01,6,3,5,50,14,9,1,4,4,5,7,4,4,9,5,5,2,3,1,70,2,9,4,5,8,16,8,20,10,16,,67,67,1,22,9,121.5381417,25.06893578
111,2,20,4,50,2,03中山區,中山區濱江街180巷13號,0,0,1,2,C03,6,3,5,50,14,9,1,4,4,5,7,4,4,9,5,5,2,3,1,62,3,10,1,1,7,9,1,10,9,12,,23,67,1,22,9,121.5381417,25.06893578
111,2,20,4,57,2,03中山區,中山區民族東路410巷13號,0,0,1,1,B12,6,3,5,50,14,9,1,4,4,5,7,4,4,8,5,5,1,9,1,46,3,10,3,4,7,9,1,8,2,8,,23,23,1,22,9,121.5383395,25.06753207
111,2,20,4,57,2,03中山區,中山區民族東路410巷13號,0,0,1,2,H01,6,3,5,50,14,9,1,4,4,5,7,4,4,8,5,5,1,9,2,50,2,1,4,5,8,16,8,20,10,16,,23,23,1,22,9,121.5383395,25.06753207
111,2,20,5,17,2,07信義區,信義區忠孝東路5段236巷3弄與忠孝東路5段236巷口,0,0,2,1,C03,6,3,5,50,4,2,1,4,4,5,7,4,4,10,5,5,2,9,1,22,2,9,1,1,7,9,1,10,1,14,,42,42,1,22,9,121.5720053,25.04045977
111,2,20,5,17,2,07信義區,信義區忠孝東路5段236巷3弄與忠孝東路5段236巷口,0,0,2,2,H01,6,3,5,50,4,2,1,4,4,5,7,4,4,10,5,5,2,9,2,69,2,9,4,5,8,16,8,20,10,16,,51,42,1,22,9,121.5720053,25.04045977
111,2,20,5,54,2,01大同區,大同區長安西路與塔城街口,0,0,1,1,B03,6,2,5,50,4,1,1,4,4,5,7,2,1,4,4,5,2,13,1,29,3,10,3,4,7,9,1,8,7,1,,21,21,1,22,9,121.5104337,25.0520235
111,2,20,5,54,2,01大同區,大同區長安西路與塔城街口,0,0,1,2,B03,6,2,5,50,4,1,1,4,4,5,7,2,1,4,4,5,2,13,2,62,3,10,3,4,7,5,1,8,2,3,,44,21,1,22,9,121.5104337,25.0520235
111,2,20,5,54,2,01大同區,大同區長安西路與塔城街口,0,0,1,3,B03,6,2,5,50,4,1,1,4,4,5,7,2,1,4,4,5,2,13,1,65,3,10,3,4,7,9,1,4,2,4,,44,21,1,22,9,121.5104337,25.0520235
111,2,20,5,54,2,01大同區,大同區長安西路與塔城街口,0,0,1,4,H02,6,2,5,50,4,1,1,4,4,5,7,2,1,4,4,5,2,13,2,38,2,9,3,4,7,20,8,20,10,16,,67,21,1,22,9,121.5104337,25.0520235
111,2,20,6,18,2,01大同區,大同區承德路3段與承德路3段254巷口,0,0,2,1,C03,6,3,5,50,4,2,1,4,4,5,7,3,1,1,4,5,2,13,2,56,2,9,1,1,7,15,1,10,2,13,,43,43,1,22,9,121.5192114,25.07333693
111,2,20,6,18,2,01大同區,大同區承德路3段與承德路3段254巷口,0,0,2,2,C03,6,3,5,50,4,2,1,4,4,5,7,3,1,1,4,5,2,13,1,69,2,9,1,1,7,9,1,10,2,11,,23,43,1,22,9,121.5192114,25.07333693
111,2,20,7,18,2,10文山區,文山區羅斯福路5段與興隆路1段口,0,0,2,1,C03,6,1,5,50,4,2,1,4,4,5,7,1,1,1,4,5,2,15,1,31,2,9,1,1,7,9,1,10,2,11,,23,23,1,22,9,121.5389388,25.00460207
111,2,20,7,18,2,10文山區,文山區羅斯福路5段與興隆路1段口,0,0,2,2,F01,6,1,5,50,4,2,1,4,4,5,7,1,1,1,4,5,2,15,1,80,2,1,1,1,7,9,8,20,2,16,,26,23,1,22,9,121.5389388,25.00460207
111,2,20,8,0,2,07信義區,信義區基隆路2段151-7號,0,0,1,1,C03,6,1,5,50,14,9,1,4,4,5,7,4,4,1,4,5,2,12,2,52,2,9,3,4,7,9,3,18,1,11,,23,23,1,22,9,121.5545196,25.02598395
111,2,20,8,0,2,07信義區,信義區基隆路2段151-7號,0,0,1,2,B03,6,1,5,50,14,9,1,4,4,5,7,4,4,1,4,5,2,12,1,26,3,10,3,4,7,13,1,8,1,7,,38,23,1,22,9,121.5545196,25.02598395
111,2,20,8,56,2,03中山區,中山區長安東路2段53號,0,0,2,1,C03,6,1,5,50,14,9,1,4,4,5,7,4,4,5,4,5,2,11,2,36,2,9,1,1,7,5,1,10,1,12,,26,26,1,22,9,121.5325398,25.048468
111,2,20,8,56,2,03中山區,中山區長安東路2段53號,0,0,2,2,C03,6,1,5,50,14,9,1,4,4,5,7,4,4,5,4,5,2,11,1,26,2,9,1,1,7,9,1,10,1,14,,44,26,1,22,9,121.5325398,25.048468
111,2,20,8,56,2,03中山區,中山區長安東路2段53號,0,0,2,3,C03,6,1,5,50,14,9,1,4,4,5,7,4,4,5,4,5,2,11,1,41,3,10,1,1,7,13,1,10,1,12,,44,26,1,22,9,121.5325398,25.048468
111,2,20,8,56,2,03中山區,中山區長安東路2段53號,0,0,2,4,C03,6,1,5,50,14,9,1,4,4,5,7,4,4,5,4,5,2,11,4,,4,11,3,4,7,13,7,19,11,15,,44,26,2,22,9,121.5325398,25.048468
111,2,20,8,56,2,03中山區,中山區長安東路2段53號,0,0,2,5,C04,6,1,5,50,14,9,1,4,4,5,7,4,4,5,4,5,2,11,4,,4,11,3,4,7,13,7,19,11,15,,44,26,2,22,9,121.5325398,25.048468
111,2,20,9,1,2,06松山區,松山區光復北路與光復北路190巷口,0,0,3,1,C04,6,1,5,50,4,1,1,4,4,5,7,2,1,1,4,5,2,17,2,26,2,9,1,1,7,5,1,10,1,13,,8,8,1,22,9,121.5558919,25.0546853
111,2,20,9,1,2,06松山區,松山區光復北路與光復北路190巷口,0,0,3,2,C03,6,1,5,50,4,1,1,4,4,5,7,2,1,1,4,5,2,17,2,25,2,9,1,1,7,9,1,10,1,11,,44,8,1,22,9,121.5558919,25.0546853
111,2,20,9,1,2,06松山區,松山區光復北路與光復北路190巷口,0,0,3,3,H02,6,1,5,50,4,1,1,4,4,5,7,2,1,1,4,5,2,17,2,26,2,9,4,5,7,21,8,20,10,15,,67,8,1,22,9,121.5558919,25.0546853
111,2,20,9,30,2,01大同區,大同區民族西路與民族西路225巷口,0,0,2,1,B03,6,1,5,50,4,1,1,4,4,5,7,2,1,5,5,5,2,15,2,44,2,5,1,1,7,9,1,8,2,1,,25,25,1,22,9,121.5122677,25.06864615
111,2,20,9,30,2,01大同區,大同區民族西路與民族西路225巷口,0,0,2,2,C03,6,1,5,50,4,1,1,4,4,5,7,2,1,5,5,5,2,15,2,72,2,9,1,1,7,9,1,10,2,12,,44,25,1,22,9,121.5122677,25.06864615
111,2,20,9,36,2,03中山區,中山區南京東路1段與林森北路口,0,0,1,1,B03,6,1,5,50,14,7,1,4,4,5,7,2,1,3,4,4,2,13,2,64,3,10,1,1,7,5,1,8,1,1,,16,16,1,22,9,121.5253999,25.05201985
111,2,20,9,36,2,03中山區,中山區南京東路1段與林森北路口,0,0,1,2,B03,6,1,5,50,14,7,1,4,4,5,7,2,1,3,4,4,2,13,1,51,3,10,1,1,7,5,1,8,1,3,,44,16,1,22,9,121.5253999,25.05201985
111,2,20,9,36,2,03中山區,中山區南京東路1段與林森北路口,0,0,1,3,H02,6,1,5,50,14,7,1,4,4,5,7,2,1,3,4,4,2,13,2,40,2,5,4,5,7,21,8,20,10,16,,67,16,1,22,9,121.5253999,25.05201985
111,2,20,9,47,2,10文山區,文山區辛亥路5段與辛亥路5段25巷口口,0,0,1,1,B03,6,1,5,50,4,1,1,4,4,5,7,2,1,1,4,5,2,17,1,33,3,10,1,1,7,5,1,8,2,15,,6,6,1,22,9,121.5541221,24.99987031
111,2,20,9,47,2,10文山區,文山區辛亥路5段與辛亥路5段25巷口口,0,0,1,2,C03,6,1,5,50,4,1,1,4,4,5,7,2,1,1,4,5,2,17,1,19,2,9,1,1,7,9,4,8,2,14,,13,6,1,22,9,121.5541221,24.99987031
111,2,20,10,17,2,07信義區,信義區基隆路2段89號前,0,0,3,1,C03,6,1,5,50,14,9,1,4,4,5,7,4,4,1,4,5,2,12,2,38,2,9,1,1,7,8,1,10,1,13,,7,7,1,22,9,121.5578818,25.03010114
111,2,20,10,17,2,07信義區,信義區基隆路2段89號前,0,0,3,2,C03,6,1,5,50,14,9,1,4,4,5,7,4,4,1,4,5,2,12,2,47,2,9,1,1,7,9,1,10,1,11,,44,7,1,22,9,121.5578818,25.03010114
111,2,20,10,17,2,07信義區,信義區基隆路2段89號前,0,0,3,3,C03,6,1,5,50,14,9,1,4,4,5,7,4,4,1,4,5,2,12,2,21,2,8,1,1,7,9,1,10,1,14,,42,7,1,22,9,121.5578818,25.03010114
111,2,20,10,40,2,01大同區,大同區重慶北路2段與民權西路口,0,0,1,1,C03,6,1,5,50,3,2,1,4,4,5,7,1,1,9,4,5,1,12,2,26,3,10,1,1,7,8,1,10,1,13,,7,7,1,22,9,121.5136746,25.0628944
111,2,20,10,40,2,01大同區,大同區重慶北路2段與民權西路口,0,0,1,2,C03,6,1,5,50,3,2,1,4,4,5,7,1,1,9,4,5,1,12,1,18,2,9,1,1,7,9,1,10,1,15,,43,7,1,22,9,121.5136746,25.0628944
111,2,20,12,33,2,12內湖區,內湖區文德路210巷30弄與文德路210巷口口,0,0,1,1,C03,6,1,5,30,4,1,1,4,4,5,7,4,4,5,4,5,2,15,1,25,2,8,1,1,7,9,1,10,1,14,,6,6,1,22,9,121.5852355,25.07652858
111,2,20,12,33,2,12內湖區,內湖區文德路210巷30弄與文德路210巷口口,0,0,1,2,B03,6,1,5,30,4,1,1,4,4,5,7,4,4,5,4,5,2,15,1,63,3,10,1,1,7,9,1,8,1,1,,23,6,1,22,9,121.5852355,25.07652858
111,2,20,12,50,2,12內湖區,內湖區環山路2段與環山路2段109巷口,0,0,2,1,C03,6,1,5,50,3,2,1,4,4,5,7,2,1,5,5,4,2,13,1,45,2,9,1,1,7,9,1,10,1,11,,16,16,1,22,9,121.5760819,25.08444923
111,2,20,12,50,2,12內湖區,內湖區環山路2段與環山路2段109巷口,0,0,2,2,B03,6,1,5,50,3,2,1,4,4,5,7,2,1,5,5,4,2,13,1,40,3,10,1,1,7,12,1,8,1,6,,44,16,1,22,9,121.5760819,25.08444923
111,2,20,12,50,2,12內湖區,內湖區環山路2段與環山路2段109巷口,0,0,2,3,C03,6,1,5,50,3,2,1,4,4,5,7,2,1,5,5,4,2,13,2,27,2,8,1,1,7,9,1,10,1,11,,16,16,1,22,9,121.5760819,25.08444923
111,2,20,14,19,2,07信義區,信義區吳興街與吳興街220巷口,0,0,1,1,C03,6,1,5,50,4,2,1,4,4,5,7,2,1,5,5,5,2,9,1,31,3,10,1,1,7,9,1,10,1,11,,43,43,1,21,8,121.5631051,25.02776321
111,2,20,14,19,2,07信義區,信義區吳興街與吳興街220巷口,0,0,1,2,H01,6,1,5,50,4,2,1,4,4,5,7,2,1,5,5,5,2,9,2,62,2,7,4,5,8,16,8,20,10,16,,67,43,1,21,8,121.5631051,25.02776321
111,2,20,15,25,2,08士林區,士林區後港街197號,0,0,1,1,C03,6,1,5,30,14,9,1,4,4,5,7,4,4,10,5,5,2,17,1,78,2,8,1,1,7,15,1,10,1,12,,43,43,1,22,9,121.5207895,25.08818705
111,2,20,15,25,2,08士林區,士林區後港街197號,0,0,1,2,C03,6,1,5,30,14,9,1,4,4,5,7,4,4,10,5,5,2,17,1,31,3,10,3,1,7,13,1,10,1,14,,43,43,1,22,9,121.5207895,25.08818705
111,2,20,16,28,2,08士林區,士林區中正路10號車格(福林停車場對面),0,0,1,1,B03,6,1,5,50,14,8,1,4,4,5,7,4,4,3,4,4,1,12,1,52,3,10,1,1,7,10,1,8,2,5,,7,7,1,22,9,121.5310179,25.0963887
111,2,20,16,28,2,08士林區,士林區中正路10號車格(福林停車場對面),0,0,1,2,C03,6,1,5,50,14,8,1,4,4,5,7,4,4,3,4,4,1,12,1,48,2,9,1,1,7,9,1,10,2,14,,23,7,1,22,9,121.5310179,25.0963887
111,2,20,16,40,2,09北投區,北投區大度路1段31號,0,0,1,1,C03,6,1,5,50,14,12,1,4,4,5,7,4,4,1,4,1,1,18,2,46,2,8,1,1,7,9,1,10,9,12,,43,43,1,22,9,121.4963672,25.12112406
111,2,20,16,40,2,09北投區,北投區大度路1段31號,0,0,1,2,,6,1,5,50,14,12,1,4,4,5,7,4,4,1,4,1,1,18,3,,,,,,,,,,,,,67,43,1,,,121.4963672,25.12112406
111,2,20,16,43,2,09北投區,北投區三合街1段79巷與公館路228巷口,0,0,1,1,B03,6,1,5,30,4,2,1,4,4,5,7,4,4,10,5,5,2,17,1,59,3,10,3,4,7,5,1,8,1,15,,6,6,1,22,9,121.5058543,25.12527712
111,2,20,16,43,2,09北投區,北投區三合街1段79巷與公館路228巷口,0,0,1,2,C03,6,1,5,30,4,2,1,4,4,5,7,4,4,10,5,5,2,17,1,32,2,8,1,1,7,9,1,10,1,14,,13,6,1,22,9,121.5058543,25.12527712
111,2,20,16,55,2,05中正區,中正區中山北路1段與北平東路口口,0,0,1,1,B01,6,1,5,50,4,2,1,4,4,5,7,2,1,9,4,4,1,12,1,67,3,10,1,1,7,7,1,4,2,4,,7,7,1,21,1,121.5205574,25.0471381
111,2,20,16,55,2,05中正區,中正區中山北路1段與北平東路口口,0,0,1,2,C03,6,1,5,50,4,2,1,4,4,5,7,2,1,9,4,4,1,12,2,50,2,9,1,1,7,9,1,10,2,12,,44,7,1,21,1,121.5205574,25.0471381
111,2,20,16,55,2,05中正區,中正區林森北路與北平東路口,0,0,1,1,B03,6,1,5,50,4,2,1,4,4,5,7,1,1,10,4,5,2,9,2,32,3,10,1,1,7,5,1,8,2,8,,15,15,1,22,9,121.5238127,25.04636314
111,2,20,16,55,2,05中正區,中正區林森北路與北平東路口,0,0,1,2,H01,6,1,5,50,4,2,1,4,4,5,7,1,1,10,4,5,2,9,1,49,2,9,4,5,8,16,8,20,10,16,,67,15,1,22,9,121.5238127,25.04636314
111,2,20,17,1,2,05中正區,中正區重慶北路1段與北平東路口,0,0,1,1,B03,6,1,5,50,4,1,1,4,4,5,7,1,1,5,4,5,2,16,2,62,3,10,1,1,7,6,1,8,2,2,,9,9,1,22,9,121.5132497,25.04828036
111,2,20,17,1,2,05中正區,中正區重慶北路1段與北平東路口,0,0,1,2,C03,6,1,5,50,4,1,1,4,4,5,7,1,1,5,4,5,2,16,1,63,2,8,1,1,7,9,1,10,2,14,,44,9,1,22,9,121.5132497,25.04828036
111,2,20,17,15,2,10文山區,文山區木新路3段與中崙路口,0,0,1,1,B03,6,2,5,50,3,2,1,4,4,5,7,4,4,5,2,5,2,16,2,42,3,10,3,4,7,11,1,8,2,5,,10,10,1,22,9,121.5649012,24.9826464
111,2,20,17,15,2,10文山區,文山區木新路3段與中崙路口,0,0,1,2,C03,6,2,5,50,3,2,1,4,4,5,7,4,4,5,2,5,2,16,1,40,2,9,3,4,7,9,1,10,2,11,,14,10,1,22,9,121.5649012,24.9826464
111,2,20,17,30,2,12內湖區,內湖區金莊路與石潭路口,0,0,1,1,B03,6,3,5,50,4,1,1,4,4,5,7,2,1,5,2,5,1,16,1,67,3,10,1,1,7,5,1,8,2,5,,6,6,1,22,9,121.5876477,25.0627951
111,2,20,17,30,2,12內湖區,內湖區金莊路與石潭路口,0,0,1,2,C03,6,3,5,50,4,1,1,4,4,5,7,2,1,5,2,5,1,16,1,43,2,9,1,1,7,9,6,18,2,11,,44,6,1,22,9,121.5876477,25.0627951
111,2,20,18,1,2,11南港區,南港區研究院路1段與研究院路1段101巷口,0,0,1,1,B03,6,3,5,50,4,1,1,4,4,5,7,2,1,1,4,5,2,16,1,45,3,10,3,4,7,5,1,6,2,1,,8,8,1,22,9,121.6161113,25.05195961
111,2,20,18,1,2,11南港區,南港區研究院路1段與研究院路1段101巷口,0,0,1,2,B03,6,3,5,50,4,1,1,4,4,5,7,2,1,1,4,5,2,16,1,30,2,2,3,4,7,9,1,8,2,4,,44,8,1,22,9,121.6161113,25.05195961
111,2,20,18,16,2,02萬華區,萬華區德昌街185巷與德昌街261巷口,0,0,1,1,B03,6,3,5,30,4,1,1,4,4,5,7,4,4,10,5,5,2,15,1,20,3,10,3,4,7,9,1,8,2,5,,6,6,1,22,9,121.4925452,25.02208023
111,2,20,18,16,2,02萬華區,萬華區德昌街185巷與德昌街261巷口,0,0,1,2,C03,6,3,5,30,4,1,1,4,4,5,7,4,4,10,5,5,2,15,1,57,2,9,3,4,7,9,1,10,2,11,,14,6,1,22,9,121.4925452,25.02208023
111,2,20,18,19,2,07信義區,信義區中坡南路22巷與中坡南路口,0,0,1,1,B03,6,3,5,30,4,1,1,4,4,5,7,4,4,10,5,5,2,17,1,30,3,10,1,1,7,5,1,8,1,8,,6,6,1,22,9,121.5828775,25.0433873
111,2,20,18,19,2,07信義區,信義區中坡南路22巷與中坡南路口,0,0,1,2,C03,6,3,5,30,4,1,1,4,4,5,7,4,4,10,5,5,2,17,1,18,2,9,1,1,7,12,1,10,1,14,,44,6,1,22,9,121.5828775,25.0433873
111,2,20,18,20,2,08士林區,士林區文林路與福德路口,0,0,1,1,B01,6,3,5,50,4,2,1,4,4,5,7,1,1,9,4,5,2,9,1,53,3,10,1,1,7,5,1,4,2,4,,15,15,1,22,9,121.5259717,25.09233753
111,2,20,18,20,2,08士林區,士林區文林路與福德路口,0,0,1,2,H01,6,3,5,50,4,2,1,4,4,5,7,1,1,9,4,5,2,9,1,28,2,7,4,5,8,16,8,20,2,16,,67,15,1,22,9,121.5259717,25.09233753
111,2,20,19,30,2,12內湖區,內湖區瑞光路513巷與洲子街口,0,0,1,1,B03,6,3,5,50,4,1,1,4,4,5,7,2,1,9,5,5,2,3,1,43,3,10,1,1,7,5,1,8,2,5,,15,15,1,22,9,121.5702814,25.0803668
111,2,20,19,30,2,12內湖區,內湖區瑞光路513巷與洲子街口,0,0,1,2,H01,6,3,5,50,4,1,1,4,4,5,7,2,1,9,5,5,2,3,2,52,2,9,4,5,8,16,8,20,10,16,,67,15,1,22,9,121.5702814,25.0803668
111,2,20,19,48,2,08士林區,士林區承德路4段與劍潭路口,0,0,1,1,B02,6,3,5,50,4,2,1,4,4,5,7,2,1,1,4,5,1,17,1,24,3,10,1,1,7,6,1,8,2,5,,9,9,1,22,9,121.5237107,25.08402832
111,2,20,19,48,2,08士林區,士林區承德路4段與劍潭路口,0,0,1,2,C03,6,3,5,50,4,2,1,4,4,5,7,2,1,1,4,5,1,17,1,18,3,10,1,1,7,9,1,10,2,14,,44,9,1,22,9,121.5237107,25.08402832