發生年度,發生月,發生日,發生時-Hours,發生分,處理別-編號,區序,肇事地點,死亡人數,2-30日死亡人數,受傷人數,當事人序號,車種,天候,光線,道路類別,速限-速度限制,道路型態,事故位置,路面狀況1,路面狀況2,路面狀況3,道路障礙1,道路障礙2,號誌1,號誌2,車道劃分-分向,車道劃分-分道1,車道劃分-分道2,車道劃分-分道3,事故類型及型態,性別,年齡,受傷程度,主要傷處,安全帽,行動電話,車輛用途,當事者行動狀態,駕駛資格情形,駕駛執照種類,飲酒情形,車輛撞擊部位1,車輛撞擊部位2,肇因碼-個別,肇因碼-主要,個人肇逃否,職業,旅次目的,座標-X,座標-Y
111,2,20,19,48,2,08士林區,士林區承德路4段與劍潭路口,0,0,1,3,H02,6,3,5,50,4,2,1,4,4,5,7,2,1,1,4,5,1,17,1,18,2,9,4,5,7,20,8,20,10,16,,67,9,1,22,9,121.5237107,25.08402832
111,2,20,20,12,2,08士林區,士林區重慶北路4段與重慶北路4段1巷口,0,0,2,1,B03,6,3,5,50,3,2,1,4,4,5,7,1,1,9,4,5,2,17,1,44,3,10,1,1,7,6,1,8,2,5,,9,9,1,22,9,121.5133377,25.07998727
111,2,20,20,12,2,08士林區,士林區重慶北路4段與重慶北路4段1巷口,0,0,2,2,C03,6,3,5,50,3,2,1,4,4,5,7,1,1,9,4,5,2,17,1,20,2,9,1,1,7,9,1,10,2,14,,13,9,1,22,9,121.5133377,25.07998727
111,2,20,20,12,2,08士林區,士林區重慶北路4段與重慶北路4段1巷口,0,0,2,3,H02,6,3,5,50,3,2,1,4,4,5,7,1,1,9,4,5,2,17,2,16,2,8,1,5,7,20,8,20,10,16,,67,9,1,22,9,121.5133377,25.07998727
111,2,20,20,24,2,03中山區,中山區民權東路2段與松江路口,0,0,2,1,C03,6,3,5,50,4,1,1,4,4,5,7,2,1,1,4,5,2,3,1,30,2,9,1,4,7,9,1,10,1,11,,15,15,1,22,9,121.5331034,25.06268069
111,2,20,20,24,2,03中山區,中山區民權東路2段與松江路口,0,0,2,2,H01,6,3,5,50,4,1,1,4,4,5,7,2,1,1,4,5,2,3,1,79,2,1,4,5,8,18,8,20,10,16,,52,15,1,22,9,121.5331034,25.06268069
111,2,20,20,39,2,03中山區,中山區林森北路與民族東路口,0,0,2,1,C03,6,3,5,50,3,1,1,4,4,5,7,2,1,1,4,1,1,2,1,25,2,8,3,4,7,5,6,18,1,11,,15,15,1,22,9,121.5256636,25.06844548
111,2,20,20,39,2,03中山區,中山區林森北路與民族東路口,0,0,2,2,H01,6,3,5,50,3,1,1,4,4,5,7,2,1,1,4,1,1,2,2,22,2,9,3,5,8,16,8,20,10,16,,67,15,1,22,9,121.5256636,25.06844548
111,2,20,20,41,2,08士林區,士林區德行東路與中山北路6段171巷口,0,0,2,1,H01,6,3,5,0,3,1,1,4,4,5,7,4,4,5,5,5,2,3,2,66,2,1,4,5,8,16,8,20,10,16,,67,67,1,22,9,121.5262163,25.10689585
111,2,20,20,41,2,08士林區,士林區德行東路與中山北路6段171巷口,0,0,2,2,C03,6,3,5,0,3,1,1,4,4,5,7,4,4,5,5,5,2,3,1,31,2,7,3,4,7,9,1,10,1,11,,23,67,1,22,9,121.5262163,25.10689585
111,2,20,21,34,2,08士林區,士林區中山北路6段與忠誠路1段口,0,0,1,3,B03,6,3,5,50,5,2,1,4,4,5,7,1,1,9,4,5,2,17,1,21,3,10,1,1,7,9,1,8,2,1,,44,7,1,22,9,121.5247666,25.10392505
111,2,20,21,34,2,08士林區,士林區中山北路6段與忠誠路1段口,0,0,1,1,C03,6,3,5,50,5,2,1,4,4,5,7,1,1,9,4,5,2,17,1,19,4,11,3,4,7,7,7,19,11,15,,7,7,2,22,9,121.5247666,25.10392505
111,2,20,21,34,2,08士林區,士林區中山北路6段與忠誠路1段口,0,0,1,2,C03,6,3,5,50,5,2,1,4,4,5,7,1,1,9,4,5,2,17,1,31,2,9,1,1,7,9,1,10,2,15,,44,7,1,22,9,121.5247666,25.10392505
111,2,20,23,20,2,06松山區,松山區南京東路4段133巷4弄與南京東路4段133巷口口,0,0,1,1,C03,6,3,5,30,4,1,1,4,4,5,7,4,4,7,5,5,2,15,1,23,2,9,1,1,7,9,1,10,1,11,,6,6,1,22,9,121.5551216,25.05220819
111,2,20,23,20,2,06松山區,松山區南京東路4段133巷4弄與南京東路4段133巷口口,0,0,1,2,B12,6,3,5,30,4,1,1,4,4,5,7,4,4,7,5,5,2,15,1,37,3,10,1,1,7,9,1,8,1,8,,14,6,1,22,9,121.5551216,25.05220819
111,2,21,5,0,2,12內湖區,內湖區成功路2段262號,0,0,1,1,B12,6,3,5,50,14,9,1,4,4,5,7,4,4,1,4,5,2,29,1,39,2,8,1,1,7,9,1,8,1,1,,23,20,1,22,9,121.590436,25.06638353
111,2,21,5,0,2,12內湖區,內湖區成功路2段262號,0,0,1,2,,6,3,5,50,14,9,1,4,4,5,7,4,4,1,4,5,2,29,3,,,,,,,,,,,,,67,20,1,,,121.590436,25.06638353
111,2,21,5,0,2,12內湖區,內湖區成功路2段262號,0,0,1,3,,6,3,5,50,14,9,1,4,4,5,7,4,4,1,4,5,2,29,3,,,,,,,,,,,,,67,20,1,,,121.590436,25.06638353
111,2,21,5,0,2,12內湖區,內湖區成功路2段262號,0,0,1,4,,6,3,5,50,14,9,1,4,4,5,7,4,4,1,4,5,2,29,3,,,,,,,,,,,,,67,20,1,,,121.590436,25.06638353
111,2,21,6,9,2,09北投區,北投區西安街2段與西安街2段275巷口,0,0,1,1,B03,6,3,5,50,3,2,1,4,4,5,7,4,4,1,4,5,1,17,1,42,3,10,1,1,7,6,1,8,1,3,,9,9,1,22,9,121.5068847,25.1204867
111,2,21,6,9,2,09北投區,北投區西安街2段與西安街2段275巷口,0,0,1,2,C03,6,3,5,50,3,2,1,4,4,5,7,4,4,1,4,5,1,17,1,36,2,9,1,1,7,9,1,10,1,14,,42,9,1,22,9,121.5068847,25.1204867
111,2,21,7,6,2,03中山區,中山區林森北路與長安東路1段口,0,0,1,1,B01,6,1,5,50,4,2,1,4,4,5,7,1,1,1,3,5,1,12,1,68,3,10,1,1,7,5,1,4,1,3,,26,26,1,22,9,121.524559,25.04915039
111,2,21,7,6,2,03中山區,中山區林森北路與長安東路1段口,0,0,1,2,C03,6,1,5,50,4,2,1,4,4,5,7,1,1,1,3,5,1,12,2,31,2,7,1,1,7,9,1,10,1,11,,23,26,1,22,9,121.524559,25.04915039
111,2,21,7,15,2,12內湖區,內湖區瑞光路311號,0,0,1,1,C03,6,1,5,50,14,7,1,4,4,5,7,4,4,5,4,5,1,11,2,61,2,9,1,1,7,7,1,10,1,14,,7,7,1,22,9,121.5757027,25.07594209
111,2,21,7,15,2,12內湖區,內湖區瑞光路311號,0,0,1,2,B03,6,1,5,50,14,7,1,4,4,5,7,4,4,5,4,5,1,11,1,49,3,10,1,1,7,9,1,8,1,2,,13,7,1,22,9,121.5757027,25.07594209
111,2,21,7,45,2,04大安區,大安區市民大道4段與敦化南路1段口,0,0,1,1,C03,6,1,5,40,4,2,1,4,4,5,7,1,1,10,4,5,2,13,1,64,3,10,1,1,7,9,1,10,1,11,,43,43,1,22,9,121.548555,25.04478119
111,2,21,7,45,2,04大安區,大安區市民大道4段與敦化南路1段口,0,0,1,2,C03,6,1,5,40,4,2,1,4,4,5,7,1,1,10,4,5,2,13,1,23,2,8,1,1,7,11,1,9,1,13,,43,43,1,22,9,121.548555,25.04478119
111,2,21,7,48,2,06松山區,松山區市民大道4段與八德路3段8巷口口,0,0,1,1,C03,6,1,5,40,3,1,1,4,4,5,7,4,4,1,4,5,2,16,1,37,3,10,3,4,7,6,1,10,2,12,,9,9,1,22,9,121.549683,25.04489852
111,2,21,7,48,2,06松山區,松山區市民大道4段與八德路3段8巷口口,0,0,1,2,C03,6,1,5,40,3,1,1,4,4,5,7,4,4,1,4,5,2,16,1,26,2,9,3,4,7,9,6,10,2,11,,44,9,1,22,9,121.549683,25.04489852
111,2,21,7,50,2,09北投區,北投區中央北路4段與中央北路4段442巷口,0,0,1,1,C03,6,1,5,50,3,2,1,4,4,5,7,4,4,5,4,5,1,13,2,40,2,9,1,1,7,9,1,10,1,12,,16,16,1,22,9,121.4702323,25.1289583
111,2,21,7,50,2,09北投區,北投區中央北路4段與中央北路4段442巷口,0,0,1,2,B03,6,1,5,50,3,2,1,4,4,5,7,4,4,5,4,5,1,13,1,33,3,10,1,1,7,9,1,8,1,7,,44,16,1,22,9,121.4702323,25.1289583
111,2,21,7,50,2,09北投區,北投區中央北路4段與中央北路4段442巷口,0,0,1,3,B01,6,1,5,50,3,2,1,4,4,5,7,4,4,5,4,5,1,13,1,56,3,10,1,1,7,15,1,4,1,3,,44,16,1,22,9,121.4702323,25.1289583
111,2,21,8,0,2,04大安區,大安區臥龍街與安居街口,0,0,1,1,C03,6,1,5,40,3,1,1,4,4,5,7,4,4,9,4,4,2,9,1,29,3,10,1,1,7,5,1,10,1,11,,15,15,1,22,9,121.551576,25.01798722
111,2,21,8,0,2,04大安區,大安區臥龍街與安居街口,0,0,1,2,H01,6,1,5,40,3,1,1,4,4,5,7,4,4,9,4,4,2,9,1,57,2,9,4,5,8,16,8,20,10,16,,67,15,1,22,9,121.551576,25.01798722
111,2,21,8,20,2,01大同區,大同區重慶北路2段與重慶北路2段64巷口,0,0,1,2,C03,6,1,5,50,4,1,1,4,4,5,7,2,1,9,4,5,2,17,1,32,2,9,1,1,7,9,1,10,1,14,,42,7,1,22,9,121.5138828,25.0559338
111,2,21,8,20,2,01大同區,大同區重慶北路2段與重慶北路2段64巷口,0,0,1,1,B03,6,1,5,50,4,1,1,4,4,5,7,2,1,9,4,5,2,17,2,54,4,11,3,4,7,8,1,8,11,15,,7,7,2,22,9,121.5138828,25.0559338
111,2,21,8,27,2,03中山區,中山區民權東路3段18號,0,0,2,1,C03,6,1,5,50,14,9,1,4,4,5,7,4,4,1,4,5,2,17,1,24,2,8,1,1,7,9,1,10,1,12,,13,13,1,22,9,121.5401931,25.06231639
111,2,21,8,27,2,03中山區,中山區民權東路3段18號,0,0,2,2,C03,6,1,5,50,14,9,1,4,4,5,7,4,4,1,4,5,2,17,2,25,3,10,1,1,7,12,1,10,1,14,,44,13,1,22,9,121.5401931,25.06231639
111,2,21,8,27,2,03中山區,中山區民權東路3段18號,0,0,2,3,C03,6,1,5,50,14,9,1,4,4,5,7,4,4,1,4,5,2,17,1,24,2,8,3,4,7,9,1,10,1,12,,42,13,1,22,9,121.5401931,25.06231639
111,2,21,8,27,2,03中山區,中山區民權東路3段18號,0,0,2,4,C03,6,1,5,50,14,9,1,4,4,5,7,4,4,1,4,5,2,17,1,38,3,10,1,1,7,7,1,10,9,15,,7,13,1,22,9,121.5401931,25.06231639
111,2,21,8,38,2,03中山區,中山區民權東路1段與林森北路口,0,0,1,1,C03,6,1,5,50,14,9,1,4,4,5,7,2,1,3,4,5,2,17,1,21,2,9,1,1,7,9,1,10,1,12,,43,43,1,22,9,121.5257199,25.06275929
111,2,21,8,38,2,03中山區,中山區民權東路1段與林森北路口,0,0,1,2,B02,6,1,5,50,14,9,1,4,4,5,7,2,1,3,4,5,2,17,4,,4,11,3,4,7,15,7,19,11,15,,43,43,2,22,9,121.5257199,25.06275929
111,2,21,8,48,2,04大安區,大安區新生南路2段與和平東路2段口,0,0,2,1,C03,6,1,5,50,4,2,1,4,4,5,7,2,1,1,4,5,2,12,2,41,2,8,1,1,7,8,1,10,1,11,,7,7,1,21,8,121.5350292,25.02620016
111,2,21,8,48,2,04大安區,大安區新生南路2段與和平東路2段口,0,0,2,2,C03,6,1,5,50,4,2,1,4,4,5,7,2,1,1,4,5,2,12,2,34,2,9,1,1,7,9,1,10,1,11,,23,7,1,21,8,121.5350292,25.02620016
111,2,21,8,54,2,12內湖區,內湖區江南街65巷與江南街71巷65弄口,0,0,1,1,C03,6,1,5,30,3,2,1,4,4,5,7,4,4,10,4,5,1,17,2,38,2,8,1,1,7,6,1,10,1,14,,6,6,1,22,9,121.5790844,25.07628981
111,2,21,8,54,2,12內湖區,內湖區江南街65巷與江南街71巷65弄口,0,0,1,2,B03,6,1,5,30,3,2,1,4,4,5,7,4,4,10,4,5,1,17,1,39,3,10,1,1,7,9,1,8,1,2,,14,6,1,22,9,121.5790844,25.07628981
111,2,21,9,0,2,09北投區,北投區西安街2段與公館路口,0,0,2,1,C03,6,1,5,50,4,1,1,4,4,5,7,1,1,7,4,5,2,29,1,30,2,9,1,1,7,9,1,10,1,14,,42,42,1,22,9,121.5026902,25.12143611
111,2,21,9,0,2,09北投區,北投區西安街2段與公館路口,0,0,2,2,,6,1,5,50,4,1,1,4,4,5,7,1,1,7,4,5,2,29,3,,,,,,,,,,,,,67,42,1,,,121.5026902,25.12143611
111,2,21,9,0,2,09北投區,北投區西安街2段與公館路口,0,0,2,3,H02,6,1,5,50,4,1,1,4,4,5,7,1,1,7,4,5,2,29,2,35,2,9,4,5,7,20,8,20,10,16,,67,42,1,22,9,121.5026902,25.12143611
111,2,21,9,2,2,12內湖區,內湖區文德路22巷53弄與江南街71巷75弄口口,0,0,1,1,C03,6,1,5,30,4,1,1,4,4,5,7,4,4,10,5,5,2,15,2,44,2,8,1,1,7,9,1,10,1,12,,6,6,1,22,9,121.5797602,25.07552494
111,2,21,9,2,2,12內湖區,內湖區文德路22巷53弄與江南街71巷75弄口口,0,0,1,2,B03,6,1,5,30,4,1,1,4,4,5,7,4,4,10,5,5,2,15,1,38,3,10,1,1,7,9,1,8,1,1,,6,6,1,22,9,121.5797602,25.07552494
111,2,21,9,10,2,05中正區,中正區汀州路1段與寧波西街口,0,0,1,1,C03,6,1,5,50,4,1,1,4,4,5,7,1,1,10,5,5,2,12,1,18,2,9,1,1,7,5,1,10,1,11,,8,8,1,22,9,121.5109225,25.02707099
111,2,21,9,10,2,05中正區,中正區汀州路1段與寧波西街口,0,0,1,2,C03,6,1,5,50,4,1,1,4,4,5,7,1,1,10,5,5,2,12,1,33,3,10,1,1,7,9,1,10,1,12,,44,8,1,22,9,121.5109225,25.02707099
111,2,21,9,10,2,05中正區,中正區汀州路1段與寧波西街口,0,0,1,3,H02,6,1,5,50,4,1,1,4,4,5,7,1,1,10,5,5,2,12,1,18,4,11,4,5,7,20,8,20,10,16,,67,8,1,22,9,121.5109225,25.02707099
111,2,21,9,26,2,08士林區,士林區承德路5段與基河路口,0,0,1,1,B03,6,1,5,60,4,1,1,4,4,5,7,2,1,1,4,4,1,16,1,72,3,10,1,1,7,6,1,8,1,5,,9,9,1,21,8,121.5134214,25.0977915
111,2,21,9,26,2,08士林區,士林區承德路5段與基河路口,0,0,1,2,C03,6,1,5,60,4,1,1,4,4,5,7,2,1,1,4,4,1,16,1,22,2,9,1,1,7,9,1,10,1,11,,13,9,1,21,8,121.5134214,25.0977915
111,2,21,9,41,2,12內湖區,內湖區成功路5段51號,0,0,1,1,B03,6,1,5,50,14,8,1,4,4,5,7,4,4,1,4,4,2,17,2,44,3,10,1,1,7,8,1,8,1,15,,7,7,1,22,9,121.6065961,25.07451369
111,2,21,9,41,2,12內湖區,內湖區成功路5段51號,0,0,1,2,C03,6,1,5,50,14,8,1,4,4,5,7,4,4,1,4,4,2,17,2,34,2,9,1,1,7,9,1,10,1,12,,44,7,1,22,9,121.6065961,25.07451369
111,2,21,10,4,2,05中正區,中正區市民大道1段與林森北路口口,0,0,2,1,C03,6,1,5,40,14,9,1,4,4,5,7,2,1,9,4,5,1,13,1,28,2,9,1,1,7,9,1,10,1,11,,23,23,1,21,1,121.52394,25.04772862
111,2,21,10,4,2,05中正區,中正區市民大道1段與林森北路口口,0,0,2,2,C03,6,1,5,40,14,9,1,4,4,5,7,2,1,9,4,5,1,13,1,20,3,10,1,1,7,12,1,10,1,13,,44,23,1,18,2,121.52394,25.04772862
111,2,21,10,4,2,05中正區,中正區市民大道1段與林森北路口口,0,0,2,3,C03,6,1,5,40,14,9,1,4,4,5,7,2,1,9,4,5,1,13,1,36,2,9,1,1,7,9,1,10,1,11,,13,23,1,21,1,121.52394,25.04772862
111,2,21,10,21,2,05中正區,中正區漢口街1段21號與懷寧街口,0,0,1,1,B01,6,1,5,50,4,2,1,4,4,5,7,3,1,9,4,5,2,12,1,59,3,10,1,1,7,9,1,4,1,4,,44,44,1,22,9,121.51422,25.04516167
111,2,21,10,21,2,05中正區,中正區漢口街1段21號與懷寧街口,0,0,1,2,C03,6,1,5,50,4,2,1,4,4,5,7,3,1,9,4,5,2,12,1,26,2,7,2,1,7,5,1,10,1,12,,6,44,1,22,9,121.51422,25.04516167
111,2,21,10,29,2,12內湖區,內湖區瑞光路與基湖路口,0,0,1,1,B03,6,1,5,50,3,1,1,4,4,5,7,1,1,5,4,5,2,3,1,26,3,10,1,1,7,5,1,8,2,8,,15,15,1,22,9,121.5651421,25.08078431
111,2,21,10,29,2,12內湖區,內湖區瑞光路與基湖路口,0,0,1,2,H01,6,1,5,50,3,1,1,4,4,5,7,1,1,5,4,5,2,3,2,27,2,9,4,5,8,16,8,20,2,16,,67,15,1,22,9,121.5651421,25.08078431
111,2,21,10,37,2,01大同區,大同區南京西路與環河北路1段口,0,0,1,1,C03,6,1,5,50,3,1,1,4,4,5,7,1,1,6,3,5,1,16,2,27,2,9,1,1,7,9,1,10,2,14,,44,44,1,22,9,121.5075048,25.05367279
111,2,21,10,37,2,01大同區,大同區南京西路與環河北路1段口,0,0,1,2,B01,6,1,5,50,3,1,1,4,4,5,7,1,1,6,3,5,1,16,1,49,3,10,1,1,7,6,1,8,2,5,,25,44,1,22,9,121.5075048,25.05367279
111,2,21,10,58,2,05中正區,中正區中華路1段9巷與中華路1段口,0,0,1,1,B03,6,1,5,50,4,2,1,4,4,5,7,2,1,1,4,5,2,12,1,56,3,10,3,1,7,8,1,8,2,6,,7,7,1,22,8,121.5099429,25.04694569
111,2,21,10,58,2,05中正區,中正區中華路1段9巷與中華路1段口,0,0,1,2,C03,6,1,5,50,4,2,1,4,4,5,7,2,1,1,4,5,2,12,2,20,2,8,1,1,7,9,1,10,2,11,,13,7,1,5,1,121.5099429,25.04694569
111,2,21,11,2,2,02萬華區,萬華區昆明街120號,0,0,1,1,C03,6,1,5,50,14,9,1,4,4,5,7,4,4,10,5,5,2,18,1,26,2,9,1,1,7,9,1,10,1,14,,43,43,1,22,9,121.5049823,25.04344244
111,2,21,11,2,2,02萬華區,萬華區昆明街120號,0,0,1,2,,6,1,5,50,14,9,1,4,4,5,7,4,4,10,5,5,2,18,3,,,,,,,,,,,,,67,43,1,,,121.5049823,25.04344244
111,2,21,11,23,2,11南港區,南港區東新街與東新街108巷口,0,0,1,1,B12,6,1,5,50,4,1,1,4,4,5,6,2,1,5,2,5,2,17,1,47,3,10,1,4,7,5,1,8,1,6,,6,6,1,22,9,121.5877333,25.04680933
111,2,21,11,23,2,11南港區,南港區東新街與東新街108巷口,0,0,1,2,C03,6,1,5,50,4,1,1,4,4,5,6,2,1,5,2,5,2,17,1,39,2,9,1,4,7,9,1,10,1,11,,44,6,1,22,9,121.5877333,25.04680933
111,2,21,11,40,2,12內湖區,內湖區成功路4段與康寧路1段口口,0,0,2,1,C03,6,1,5,50,4,1,1,4,4,5,7,2,1,1,4,5,2,11,1,28,2,7,1,1,7,9,1,10,1,14,,23,23,1,22,9,121.5909996,25.0807226
111,2,21,11,40,2,12內湖區,內湖區成功路4段與康寧路1段口口,0,0,2,2,C03,6,1,5,50,4,1,1,4,4,5,7,2,1,1,4,5,2,11,2,56,2,8,1,1,7,5,1,10,1,12,,6,23,1,22,9,121.5909996,25.0807226
111,2,21,12,48,2,08士林區,士林區仰德大道1段10號電燈桿,0,0,1,1,C03,6,1,5,40,11,9,1,4,4,5,7,4,4,4,5,5,1,17,1,22,2,9,1,1,7,9,1,10,1,11,,43,43,1,22,9,121.5346222,25.10733487
111,2,21,12,48,2,08士林區,士林區仰德大道1段10號電燈桿,0,0,1,2,B03,6,1,5,40,11,9,1,4,4,5,7,4,4,4,5,5,1,17,1,62,3,10,1,1,7,9,1,8,1,1,,43,43,1,22,9,121.5346222,25.10733487
111,2,21,12,50,2,04大安區,大安區忠孝東路3段220號,0,0,1,1,C03,6,1,5,50,14,9,1,4,4,5,7,4,4,7,4,5,1,17,2,29,2,8,1,1,7,9,1,10,1,12,,43,43,1,22,9,121.5403133,25.0414573
111,2,21,12,50,2,04大安區,大安區忠孝東路3段220號,0,0,1,2,C03,6,1,5,50,14,9,1,4,4,5,7,4,4,7,4,5,1,17,1,31,3,10,1,1,7,9,1,10,1,15,,43,43,1,22,9,121.5403133,25.0414573
111,2,21,12,50,2,04大安區,大安區忠孝東路3段220號,0,0,1,3,,6,1,5,50,14,9,1,4,4,5,7,4,4,7,4,5,1,17,4,,4,11,3,4,7,15,7,19,11,15,,43,43,2,22,9,121.5403133,25.0414573
111,2,21,13,11,2,07信義區,信義區市民大道6段與松隆路329巷口,0,0,2,1,C03,6,1,5,40,3,1,1,4,4,5,7,2,1,10,3,5,1,12,1,41,2,9,1,1,7,1,1,9,1,13,,19,19,1,22,9,121.5792677,25.04886827
111,2,21,13,11,2,07信義區,信義區市民大道6段與松隆路329巷口,0,0,2,2,C03,6,1,5,40,3,1,1,4,4,5,7,2,1,10,3,5,1,12,1,24,2,9,1,1,7,9,1,10,1,11,,13,19,1,22,9,121.5792677,25.04886827
111,2,21,13,34,2,05中正區,中正區和平西路1段108號,0,0,1,1,,6,1,5,50,14,9,1,4,4,5,7,4,4,1,4,5,2,17,4,,4,11,3,4,7,15,7,19,11,15,,43,43,2,22,9,121.5175435,25.02678419
111,2,21,13,34,2,05中正區,中正區和平西路1段108號,0,0,1,2,C03,6,1,5,50,14,9,1,4,4,5,7,4,4,1,4,5,2,17,1,31,2,9,1,1,7,9,1,10,1,14,,43,43,1,22,9,121.5175435,25.02678419
111,2,21,13,34,2,10文山區,文山區羅斯福路6段與羅斯福路6段142巷口口,0,0,1,1,C03,6,1,5,50,4,2,1,4,4,5,7,2,1,1,4,5,2,13,1,19,2,9,1,1,7,9,1,10,2,11,,23,23,1,22,9,121.5412267,24.99593052
111,2,21,13,34,2,10文山區,文山區羅斯福路6段與羅斯福路6段142巷口口,0,0,1,2,B12,6,1,5,50,4,2,1,4,4,5,7,2,1,1,4,5,2,13,1,48,3,10,1,1,7,14,1,8,2,3,,44,23,1,22,9,121.5412267,24.99593052
111,2,21,13,44,2,02萬華區,萬華區貴陽街2段與康定路口,0,0,1,1,B02,6,1,5,50,4,1,1,4,4,5,7,2,1,10,5,5,2,9,1,63,3,10,1,1,7,5,1,8,2,1,,15,15,1,22,9,121.5019963,25.04007717
111,2,21,13,44,2,02萬華區,萬華區貴陽街2段與康定路口,0,0,1,2,H01,6,1,5,50,4,1,1,4,4,5,7,2,1,10,5,5,2,9,2,76,2,1,4,5,8,16,8,20,10,15,,67,15,1,22,9,121.5019963,25.04007717
111,2,21,13,45,2,03中山區,中山區錦州街232巷與錦州街口,0,0,1,1,B12,6,1,5,30,4,1,1,4,4,5,7,4,4,10,5,5,1,15,1,57,3,10,3,4,7,9,1,8,1,1,,6,6,1,22,9,121.5325501,25.06031698
111,2,21,13,45,2,03中山區,中山區錦州街232巷與錦州街口,0,0,1,2,C03,6,1,5,30,4,1,1,4,4,5,7,4,4,10,5,5,1,15,1,62,2,9,3,4,7,9,1,10,1,14,,13,6,1,22,9,121.5325501,25.06031698
111,2,21,13,45,2,09北投區,北投區石牌路1段與致遠二路口,0,0,1,1,C03,6,1,5,50,4,1,1,4,3,5,7,2,1,5,4,5,2,18,2,43,2,9,1,1,7,9,1,10,1,12,,44,44,1,22,9,121.5123108,25.11409686
111,2,21,13,45,2,09北投區,北投區石牌路1段與致遠二路口,0,0,1,2,,6,1,5,50,4,1,1,4,3,5,7,2,1,5,4,5,2,18,3,,,,,,,,,,,,,61,44,1,,,121.5123108,25.11409686
111,2,21,13,52,2,09北投區,北投區育仁路與七星街口,0,0,1,1,B12,6,1,5,50,3,1,1,4,4,5,7,4,4,5,5,5,2,14,1,46,3,10,1,1,7,2,1,3,1,6,,12,12,1,22,9,121.5010262,25.13670156
111,2,21,13,52,2,09北投區,北投區育仁路與七星街口,0,0,1,2,C03,6,1,5,50,3,1,1,4,4,5,7,4,4,5,5,5,2,14,2,67,2,8,1,1,7,9,3,18,1,11,,44,12,1,22,9,121.5010262,25.13670156
111,2,21,13,54,2,07信義區,信義區信安街67巷81號,0,0,1,1,B03,6,1,5,50,14,8,1,4,4,5,5,4,4,9,4,4,1,17,1,61,3,10,1,1,7,1,1,8,1,1,,19,19,1,22,9,121.5602614,25.02594832
111,2,21,13,54,2,07信義區,信義區信安街67巷81號,0,0,1,2,C03,6,1,5,50,14,8,1,4,4,5,5,4,4,9,4,4,1,17,2,26,2,9,1,1,7,9,1,10,1,12,,44,19,1,22,9,121.5602614,25.02594832
111,2,21,13,55,2,10文山區,文山區木柵路5段(路邊停車格33號)旁,0,0,1,1,C03,6,1,5,50,14,9,1,4,4,5,7,4,4,4,1,5,2,17,2,18,2,9,3,4,7,9,1,10,2,11,,23,23,1,22,9,121.5807086,25.00175043
111,2,21,13,55,2,10文山區,文山區木柵路5段(路邊停車格33號)旁,0,0,1,2,C03,6,1,5,50,14,9,1,4,4,5,7,4,4,4,1,5,2,17,2,37,3,10,3,4,7,13,1,10,11,11,,44,23,1,22,9,121.5807086,25.00175043
111,2,21,14,3,2,07信義區,信義區吳興街220巷與吳興街220巷11弄口,0,0,1,1,B03,6,1,5,50,3,1,1,4,4,5,7,4,4,9,5,5,2,16,1,50,3,10,3,4,7,9,1,8,2,1,,23,23,1,22,9,121.5628464,25.02749257
111,2,21,14,3,2,07信義區,信義區吳興街220巷與吳興街220巷11弄口,0,0,1,2,F01,6,1,5,50,3,1,1,4,4,5,7,4,4,9,5,5,2,16,2,70,2,9,3,4,7,9,8,20,2,16,,44,23,1,22,9,121.5628464,25.02749257
111,2,21,14,5,2,03中山區,中山區天津街與中山北路1段53巷口,0,0,2,1,B03,6,1,5,30,4,1,1,4,4,5,7,3,1,9,5,5,2,16,1,33,2,1,3,4,7,5,1,8,1,1,,6,6,1,22,9,121.5227018,25.0490732
111,2,21,14,5,2,03中山區,中山區天津街與中山北路1段53巷口,0,0,2,2,B01,6,1,5,30,4,1,1,4,4,5,7,3,1,9,5,5,2,16,1,30,2,9,3,4,7,9,1,4,1,4,,44,6,1,22,9,121.5227018,25.0490732
111,2,21,14,25,2,01大同區,大同區台北橋與台北橋口機車道往三重環河北路,0,0,3,1,C03,6,1,5,50,8,11,1,4,4,5,7,4,4,1,5,1,2,17,1,21,2,9,1,1,7,4,1,10,2,11,,23,23,1,22,9,121.5081875,25.0636316
111,2,21,14,25,2,01大同區,大同區台北橋與台北橋口機車道往三重環河北路,0,0,3,2,C03,6,1,5,50,8,11,1,4,4,5,7,4,4,1,5,1,2,17,2,46,2,9,1,1,7,9,1,10,2,14,,44,23,1,22,9,121.5081875,25.0636316
111,2,21,14,25,2,01大同區,大同區台北橋與台北橋口機車道往三重環河北路,0,0,3,3,C03,6,1,5,50,8,11,1,4,4,5,7,4,4,1,5,1,2,17,1,21,2,9,1,1,7,9,1,10,2,12,,44,23,1,22,9,121.5081875,25.0636316
111,2,21,14,25,2,01大同區,大同區台北橋與台北橋口機車道往三重環河北路,0,0,3,4,C03,6,1,5,50,8,11,1,4,4,5,7,4,4,1,5,1,2,17,1,19,3,10,1,1,7,9,1,10,2,11,,13,23,1,22,9,121.5081875,25.0636316
111,2,21,14,50,2,04大安區,大安區延吉街與延吉街126巷口,0,0,1,1,B03,6,1,5,30,4,1,1,4,4,5,7,4,4,10,5,5,2,15,1,36,3,10,1,1,7,9,1,8,1,4,,6,6,1,22,9,121.554781,25.04027512
111,2,21,14,50,2,04大安區,大安區延吉街與延吉街126巷口,0,0,1,2,C03,6,1,5,30,4,1,1,4,4,5,7,4,4,10,5,5,2,15,1,39,2,8,1,1,7,9,1,10,1,12,,44,6,1,22,9,121.554781,25.04027512