發生年度,發生月,發生日,發生時-Hours,發生分,處理別-編號,區序,肇事地點,死亡人數,2-30日死亡人數,受傷人數,當事人序號,車種,天候,光線,道路類別,速限-速度限制,道路型態,事故位置,路面狀況1,路面狀況2,路面狀況3,道路障礙1,道路障礙2,號誌1,號誌2,車道劃分-分向,車道劃分-分道1,車道劃分-分道2,車道劃分-分道3,事故類型及型態,性別,年齡,受傷程度,主要傷處,安全帽,行動電話,車輛用途,當事者行動狀態,駕駛資格情形,駕駛執照種類,飲酒情形,車輛撞擊部位1,車輛撞擊部位2,肇因碼-個別,肇因碼-主要,個人肇逃否,職業,旅次目的,座標-X,座標-Y
111,2,21,14,53,2,08士林區,士林區士商路55號,0,0,1,1,B03,6,1,5,50,14,9,1,4,4,5,7,4,4,4,5,5,1,16,1,24,3,10,1,1,7,1,1,8,1,4,,19,19,1,22,9,121.5199341,25.09090127
111,2,21,14,53,2,08士林區,士林區士商路55號,0,0,1,2,C03,6,1,5,50,14,9,1,4,4,5,7,4,4,4,5,5,1,16,2,47,2,8,1,1,7,9,1,10,1,12,,44,19,1,22,9,121.5199341,25.09090127
111,2,21,14,54,2,11南港區,南港區南港路2段312號,0,0,1,1,C04,6,1,5,50,14,9,1,4,4,5,6,4,4,5,4,5,2,17,2,21,2,9,1,4,7,9,1,8,1,11,,16,16,1,22,9,121.5942162,25.05531844
111,2,21,14,54,2,11南港區,南港區南港路2段312號,0,0,1,2,B03,6,1,5,50,14,9,1,4,4,5,6,4,4,5,4,5,2,17,1,58,3,10,1,4,7,6,1,8,1,3,,44,16,1,22,9,121.5942162,25.05531844
111,2,21,15,25,2,05中正區,中正區重慶南路2段與寧波西街口,0,0,1,1,B03,6,1,5,50,4,1,1,4,4,5,7,1,1,1,4,5,2,17,2,60,3,10,1,1,7,11,1,4,2,8,,10,10,1,22,9,121.5153289,25.0298179
111,2,21,15,25,2,05中正區,中正區重慶南路2段與寧波西街口,0,0,1,2,C03,6,1,5,50,4,1,1,4,4,5,7,1,1,1,4,5,2,17,2,26,2,9,1,1,7,9,1,10,2,12,,23,10,1,22,9,121.5153289,25.0298179
111,2,21,15,31,2,05中正區,中正區北平西路A1桃園機場捷運,0,0,1,1,C03,6,1,5,50,11,9,1,4,3,5,7,4,4,7,4,5,2,18,1,20,2,9,1,1,7,5,1,10,2,14,,44,44,1,22,9,121.5266904,25.04346291
111,2,21,15,31,2,05中正區,中正區北平西路A1桃園機場捷運,0,0,1,2,,6,1,5,50,11,9,1,4,3,5,7,4,4,7,4,5,2,18,3,,,,,,,,,,,,,61,44,,,,121.5266904,25.04346291
111,2,21,15,31,2,07信義區,信義區福德街272號,0,0,1,2,B03,6,1,5,50,14,9,1,4,4,5,7,2,1,9,4,5,1,17,1,48,3,10,3,4,7,14,1,8,1,15,,38,7,1,22,9,121.5861236,25.03893453
111,2,21,15,31,2,07信義區,信義區福德街272號,0,0,1,3,B01,6,1,5,50,14,9,1,4,4,5,7,2,1,9,4,5,1,17,1,56,3,10,3,4,7,9,1,4,9,15,,44,7,1,22,9,121.5861236,25.03893453
111,2,21,15,31,2,07信義區,信義區福德街272號,0,0,1,1,C03,6,1,5,50,14,9,1,4,4,5,7,2,1,9,4,5,1,17,1,27,2,7,3,4,7,7,1,10,1,14,,7,7,1,22,9,121.5861236,25.03893453
111,2,21,16,0,2,08士林區,士林區中山北路6段與中山北路6段439巷口,0,0,3,1,C04,6,1,5,50,4,2,1,4,4,5,7,3,1,1,4,5,1,16,2,43,2,7,1,1,7,5,1,10,2,12,,6,6,1,22,9,121.5273701,25.11450646
111,2,21,16,0,2,08士林區,士林區中山北路6段與中山北路6段439巷口,0,0,3,2,C03,6,1,5,50,4,2,1,4,4,5,7,3,1,1,4,5,1,16,1,45,2,8,1,1,7,9,1,10,2,14,,23,6,1,22,9,121.5273701,25.11450646
111,2,21,16,0,2,08士林區,士林區中山北路6段與中山北路6段439巷口,0,0,3,3,H02,6,1,5,50,4,2,1,4,4,5,7,3,1,1,4,5,1,16,2,11,2,9,1,5,7,20,8,20,10,16,,67,6,1,22,9,121.5273701,25.11450646
111,2,21,16,7,2,09北投區,北投區榮華三路與榮華三路14巷口,0,0,1,1,B02,6,1,5,30,4,1,1,4,4,5,7,4,4,10,5,5,2,15,1,21,3,10,1,1,7,9,1,8,1,1,,6,6,1,22,9,121.523091,25.113791
111,2,21,16,7,2,09北投區,北投區榮華三路與榮華三路14巷口,0,0,1,2,B01,6,1,5,30,4,1,1,4,4,5,7,4,4,10,5,5,2,15,1,65,3,10,1,1,7,9,1,4,1,3,,14,6,1,22,9,121.523091,25.113791
111,2,21,16,7,2,09北投區,北投區榮華三路與榮華三路14巷口,0,0,1,3,H02,6,1,5,30,4,1,1,4,4,5,7,4,4,10,5,5,2,15,2,45,2,9,1,1,7,20,8,20,10,15,,67,6,1,22,9,121.523091,25.113791
111,2,21,16,11,2,04大安區,大安區敦化南路2段與安和路2段171巷口,0,0,1,1,B03,6,1,5,50,4,1,1,4,4,5,7,2,1,1,4,5,2,17,1,78,2,9,1,1,7,6,1,8,2,4,,9,9,1,22,9,121.5490012,25.02808905
111,2,21,16,11,2,04大安區,大安區敦化南路2段與安和路2段171巷口,0,0,1,2,A04,6,1,5,50,4,1,1,4,4,5,7,2,1,1,4,5,2,17,1,42,3,10,1,1,7,9,1,2,2,2,,44,9,1,22,9,121.5490012,25.02808905
111,2,21,16,23,2,03中山區,中山區民權東路2段與吉林路口,0,0,2,1,C03,6,1,5,50,4,1,1,4,4,5,7,2,1,10,4,5,2,15,1,49,2,9,1,1,7,9,1,10,1,11,,25,25,1,22,9,121.5303574,25.06245533
111,2,21,16,23,2,03中山區,中山區民權東路2段與吉林路口,0,0,2,2,C03,6,1,5,50,4,1,1,4,4,5,7,2,1,10,4,5,2,15,1,39,2,9,1,1,7,1,1,10,1,14,,44,25,1,22,9,121.5303574,25.06245533
111,2,21,16,30,2,12內湖區,內湖區民權東路6段296巷與民權東路6段口,0,0,1,1,B12,6,1,5,50,3,1,1,4,4,1,7,1,1,1,4,5,2,16,1,60,3,10,1,1,7,6,1,8,2,5,,9,9,1,22,9,121.6053511,25.07270718
111,2,21,16,30,2,12內湖區,內湖區民權東路6段296巷與民權東路6段口,0,0,1,2,C03,6,1,5,50,3,1,1,4,4,1,7,1,1,1,4,5,2,16,1,32,2,8,1,1,7,9,1,10,2,14,,44,9,1,22,9,121.6053511,25.07270718
111,2,21,17,15,2,01大同區,大同區台北橋機車道往三重,0,0,1,2,C03,6,3,5,0,14,12,1,4,4,5,7,4,4,9,4,5,1,17,2,59,2,9,1,1,7,9,1,10,1,14,,17,17,1,22,9,121.5101796,25.06319364
111,2,21,17,15,2,01大同區,大同區台北橋機車道往三重,0,0,1,1,C03,6,3,5,0,14,12,1,4,4,5,7,4,4,9,4,5,1,17,1,47,3,10,1,1,7,15,1,10,11,15,,17,17,2,22,9,121.5101796,25.06319364
111,2,21,17,40,2,01大同區,大同區承德路3段與民權西路口,0,0,1,1,C03,6,3,5,50,4,1,1,4,4,5,7,2,1,1,4,5,2,16,2,30,2,8,3,4,7,8,1,10,1,11,,7,7,1,22,9,121.518448,25.06295692
111,2,21,17,40,2,01大同區,大同區承德路3段與民權西路口,0,0,1,2,C03,6,3,5,50,4,1,1,4,4,5,7,2,1,1,4,5,2,16,1,21,3,10,3,4,7,9,1,10,1,14,,26,7,1,22,9,121.518448,25.06295692
111,2,21,17,47,2,04大安區,大安區敦化南路1段與敦化南路1段161巷口,0,0,1,1,C03,6,1,5,50,3,2,1,4,3,5,7,1,1,1,4,5,2,18,1,28,2,9,1,1,7,9,1,10,2,14,,23,23,1,22,9,121.5491327,25.04351815
111,2,21,17,47,2,04大安區,大安區敦化南路1段與敦化南路1段161巷口,0,0,1,2,,6,1,5,50,3,2,1,4,3,5,7,1,1,1,4,5,2,18,3,,,,,,,,,,,,,61,23,,,,121.5491327,25.04351815
111,2,21,17,53,2,05中正區,中正區公園路與貴陽街1段口,0,0,2,1,C03,6,3,5,50,4,1,1,4,4,5,7,1,1,9,4,5,2,17,2,31,2,9,1,4,7,9,1,10,1,11,,6,6,1,22,9,121.5152317,25.03857855
111,2,21,17,53,2,05中正區,中正區公園路與貴陽街1段口,0,0,2,2,C03,6,3,5,50,4,1,1,4,4,5,7,1,1,9,4,5,2,17,1,22,2,7,1,4,7,5,1,10,1,11,,13,6,1,22,9,121.5152317,25.03857855
111,2,21,17,56,2,08士林區,士林區中山北路5段公車劍潭站前,0,0,1,1,C03,6,3,5,50,14,9,1,4,4,5,7,4,4,1,4,5,1,13,1,19,2,9,1,1,7,7,1,10,2,11,,23,23,1,22,9,121.524907,25.08183625
111,2,21,17,56,2,08士林區,士林區中山北路5段公車劍潭站前,0,0,1,2,B12,6,3,5,50,14,9,1,4,4,5,7,4,4,1,4,5,1,13,1,25,3,10,1,1,7,7,6,8,2,3,,44,23,1,22,9,121.524907,25.08183625
111,2,21,18,5,2,05中正區,中正區台北車站西側門與館前路口,0,0,1,1,C03,6,3,5,50,11,9,1,4,3,5,7,4,4,9,4,5,2,18,1,30,2,8,1,1,7,5,1,10,2,14,,44,44,1,22,9,121.515184,25.04820127
111,2,21,18,5,2,05中正區,中正區台北車站西側門與館前路口,0,0,1,2,,6,3,5,50,11,9,1,4,3,5,7,4,4,9,4,5,2,18,3,,,,,,,,,,,,,61,44,1,,,121.515184,25.04820127
111,2,21,18,5,2,09北投區,北投區北投路2段與北投路2段口迴轉道口,0,0,1,1,C04,6,3,5,50,3,1,1,4,4,5,7,4,4,1,4,4,2,16,2,38,2,9,1,1,7,8,1,11,1,12,,6,6,1,22,9,121.4964281,25.13427462
111,2,21,18,5,2,09北投區,北投區北投路2段與北投路2段口迴轉道口,0,0,1,2,B03,6,3,5,50,3,1,1,4,4,5,7,4,4,1,4,4,2,16,2,54,3,10,1,1,7,9,1,8,1,8,,23,6,1,22,9,121.4964281,25.13427462
111,2,21,18,18,2,04大安區,大安區建國南路2段276號,0,0,1,1,B01,6,3,5,50,14,9,1,4,4,5,7,1,1,1,5,5,1,14,1,62,3,10,1,1,7,2,1,4,1,7,,12,12,1,22,9,121.5373912,25.02531705
111,2,21,18,18,2,04大安區,大安區建國南路2段276號,0,0,1,2,C03,6,3,5,50,14,9,1,4,4,5,7,1,1,1,5,5,1,14,2,45,2,9,1,1,7,9,1,10,1,11,14,44,12,1,22,9,121.5373912,25.02531705
111,2,21,18,20,2,08士林區,士林區德行東路102號,0,0,1,1,C03,6,3,5,50,14,9,1,4,4,5,7,4,4,5,5,5,1,9,1,51,3,10,1,1,7,4,1,10,1,11,,26,26,1,21,8,121.5281391,25.10760888
111,2,21,18,20,2,08士林區,士林區德行東路102號,0,0,1,2,H01,6,3,5,50,14,9,1,4,4,5,7,4,4,5,5,5,1,9,2,67,2,7,4,5,8,16,8,20,10,16,,52,26,1,21,8,121.5281391,25.10760888
111,2,21,18,21,2,10文山區,文山區景文街56號,0,0,1,1,B03,6,3,5,50,14,7,1,4,4,5,7,4,4,5,5,4,2,13,2,27,3,10,1,1,7,9,1,8,1,8,,23,23,1,22,9,121.5412544,24.99106145
111,2,21,18,21,2,10文山區,文山區景文街56號,0,0,1,2,C03,6,3,5,50,14,7,1,4,4,5,7,4,4,5,5,4,2,13,2,24,2,9,1,1,7,9,1,10,1,13,,42,23,1,22,9,121.5412544,24.99106145
111,2,21,18,25,2,03中山區,中山區龍江路370巷11號前,0,0,1,1,B03,6,3,5,30,14,9,1,4,4,5,7,4,4,10,5,5,2,16,1,48,3,10,3,4,7,14,1,8,1,2,,40,40,1,22,9,121.5402662,25.06642688
111,2,21,18,25,2,03中山區,中山區龍江路370巷11號前,0,0,1,2,C03,6,3,5,30,14,9,1,4,4,5,7,4,4,10,5,5,2,16,2,44,2,7,3,4,7,9,1,10,1,11,,44,40,1,5,9,121.5402662,25.06642688
111,2,21,18,25,2,03中山區,中山區龍江路370巷11號前,0,0,1,3,H02,6,3,5,30,14,9,1,4,4,5,7,4,4,10,5,5,2,16,1,30,3,10,4,5,7,19,8,20,10,16,,67,40,1,20,9,121.5402662,25.06642688
111,2,21,18,30,2,04大安區,大安區和平東路2段與新生南路2段口,0,0,1,1,B03,6,3,5,50,4,1,1,4,4,5,7,1,1,8,3,5,2,15,1,43,3,10,1,1,7,15,1,8,1,5,,44,44,1,22,9,121.5347517,25.02609943
111,2,21,18,30,2,04大安區,大安區和平東路2段與新生南路2段口,0,0,1,2,C03,6,3,5,50,4,1,1,4,4,5,7,1,1,8,3,5,2,15,2,40,2,6,1,1,7,9,1,10,1,14,,25,44,1,22,9,121.5347517,25.02609943
111,2,21,18,47,2,12內湖區,內湖區行愛路與行愛路140巷口,0,0,1,1,C03,6,3,5,40,4,2,1,4,4,5,7,1,1,5,5,4,2,17,1,34,2,8,1,1,7,9,1,10,1,14,,13,13,1,22,9,121.5799192,25.06434147
111,2,21,18,47,2,12內湖區,內湖區行愛路與行愛路140巷口,0,0,1,2,B03,6,3,5,40,4,2,1,4,4,5,7,1,1,5,5,4,2,17,2,44,3,10,1,1,7,1,1,8,1,15,,19,13,1,22,9,121.5799192,25.06434147
111,2,21,18,50,2,02萬華區,萬華區艋舺大道與萬大路口,0,0,1,1,B03,6,3,5,50,4,1,1,4,4,5,7,1,1,10,5,5,2,17,2,30,3,10,3,4,7,5,6,18,1,5,,8,8,1,22,9,121.5005793,25.03293877
111,2,21,18,50,2,02萬華區,萬華區艋舺大道與萬大路口,0,0,1,2,C03,6,3,5,50,4,1,1,4,4,5,7,1,1,10,5,5,2,17,1,33,2,9,3,4,7,9,1,10,1,11,,44,8,1,22,9,121.5005793,25.03293877
111,2,21,18,55,2,03中山區,中山區長安東路1段52巷與林森北路67巷口,0,0,1,1,B03,6,3,5,50,4,1,1,4,4,5,7,4,4,9,5,5,2,12,2,44,3,10,1,1,7,6,1,8,1,5,,9,9,1,22,9,121.5270867,25.04798372
111,2,21,18,55,2,03中山區,中山區長安東路1段52巷與林森北路67巷口,0,0,1,2,C03,6,3,5,50,4,1,1,4,4,5,7,4,4,9,5,5,2,12,1,36,2,9,1,1,7,9,1,10,1,14,,44,9,1,22,9,121.5270867,25.04798372
111,2,21,19,26,2,05中正區,中正區忠孝東路1段與紹興北街口,0,0,2,1,B12,6,3,5,50,4,2,1,4,4,5,7,2,1,1,4,5,2,13,1,43,2,8,3,4,7,9,1,8,2,1,,23,23,1,5,4,121.5251366,25.04444748
111,2,21,19,26,2,05中正區,中正區忠孝東路1段與紹興北街口,0,0,2,2,B03,6,3,5,50,4,2,1,4,4,5,7,2,1,1,4,5,2,13,1,60,3,10,1,1,7,14,1,8,2,3,,44,23,1,21,1,121.5251366,25.04444748
111,2,21,19,26,2,05中正區,中正區忠孝東路1段與紹興北街口,0,0,2,3,H02,6,3,5,50,4,2,1,4,4,5,7,2,1,1,4,5,2,13,2,53,2,6,1,5,7,20,8,20,10,16,,67,23,1,22,1,121.5251366,25.04444748
111,2,21,19,35,2,02萬華區,萬華區桂林路212號,0,0,2,1,H01,6,3,5,0,15,9,1,4,4,5,7,4,4,5,4,5,2,3,1,86,2,9,4,5,8,16,8,20,10,16,,51,51,1,22,9,121.4967431,25.03856157
111,2,21,19,35,2,02萬華區,萬華區桂林路212號,0,0,2,2,C03,6,3,5,0,15,9,1,4,4,5,7,4,4,5,4,5,2,3,1,26,2,9,1,1,7,9,1,10,1,11,,23,51,1,22,9,121.4967431,25.03856157
111,2,21,19,40,2,10文山區,文山區羅斯福路5段與萬盛街口,0,0,1,1,B02,6,3,5,50,4,1,1,4,4,5,7,2,1,1,4,5,2,16,2,26,3,10,1,1,7,5,1,8,2,1,,26,26,1,22,9,121.5382827,25.0080702
111,2,21,19,40,2,10文山區,文山區羅斯福路5段與萬盛街口,0,0,1,2,C03,6,3,5,50,4,1,1,4,4,5,7,2,1,1,4,5,2,16,2,25,2,9,1,1,7,9,1,10,2,14,,44,26,1,22,9,121.5382827,25.0080702
111,2,21,19,45,2,09北投區,北投區大業路527巷與大業路527巷口32號燈桿,0,0,3,1,C03,6,3,5,40,3,2,1,4,4,5,7,4,4,5,5,5,2,10,1,64,2,7,1,1,7,9,1,10,2,11,,43,43,1,22,9,121.4864133,25.13555443
111,2,21,19,45,2,09北投區,北投區大業路527巷與大業路527巷口32號燈桿,0,0,3,2,C03,6,3,5,40,3,2,1,4,4,5,7,4,4,5,5,5,2,10,2,25,2,8,1,1,7,9,1,10,2,11,,43,43,1,22,9,121.4864133,25.13555443
111,2,21,19,45,2,09北投區,北投區大業路527巷與大業路527巷口32號燈桿,0,0,3,3,B03,6,3,5,40,3,2,1,4,4,5,7,4,4,5,5,5,2,10,2,47,3,10,1,1,7,9,1,8,2,1,,23,43,1,22,9,121.4864133,25.13555443
111,2,21,19,45,2,09北投區,北投區大業路527巷與大業路527巷口32號燈桿,0,0,3,4,H02,6,3,5,40,3,2,1,4,4,5,7,4,4,5,5,5,2,10,2,27,2,8,1,5,7,20,8,20,10,15,,67,43,1,22,9,121.4864133,25.13555443
111,2,21,19,46,2,03中山區,中山區松江路與錦州街口,0,0,1,1,C03,6,3,5,50,4,1,1,4,4,5,7,1,1,10,5,5,2,3,1,20,3,10,1,1,7,9,1,10,1,11,,15,15,1,22,9,121.5333641,25.06034417
111,2,21,19,46,2,03中山區,中山區松江路與錦州街口,0,0,1,2,H01,6,3,5,50,4,1,1,4,4,5,7,1,1,10,5,5,2,3,2,37,2,9,4,5,8,16,8,20,10,16,,52,15,1,22,9,121.5333641,25.06034417
111,2,21,19,54,2,06松山區,松山區八德路4段580號附近市民大道六段上,0,0,3,1,B01,6,3,5,40,14,9,1,4,4,5,7,4,4,9,5,5,2,13,1,42,3,10,3,4,7,7,1,4,2,15,,7,7,1,22,9,121.5716329,25.04945972
111,2,21,19,54,2,06松山區,松山區八德路4段580號附近市民大道六段上,0,0,3,2,C03,6,3,5,40,14,9,1,4,4,5,7,4,4,9,5,5,2,13,1,21,2,9,3,4,7,9,1,10,2,11,,16,7,1,22,9,121.5716329,25.04945972
111,2,21,19,54,2,06松山區,松山區八德路4段580號附近市民大道六段上,0,0,3,3,C03,6,3,5,40,14,9,1,4,4,5,7,4,4,9,5,5,2,13,2,37,2,9,3,4,7,9,1,10,2,13,,44,7,1,22,9,121.5716329,25.04945972
111,2,21,19,54,2,06松山區,松山區八德路4段580號附近市民大道六段上,0,0,3,4,H02,6,3,5,40,14,9,1,4,4,5,7,4,4,9,5,5,2,13,1,17,2,9,3,4,7,20,8,20,2,15,,67,7,1,22,9,121.5716329,25.04945972
111,2,21,20,0,2,04大安區,大安區信義路4段與大安路2段口,0,0,1,1,C03,6,3,5,0,15,20,1,4,4,5,7,1,1,10,5,5,2,1,4,,4,11,3,4,7,15,7,19,11,15,,43,43,2,22,9,121.5459125,25.03321053
111,2,21,20,0,2,04大安區,大安區信義路4段與大安路2段口,0,0,1,2,H01,6,3,5,0,15,20,1,4,4,5,7,1,1,10,5,5,2,1,2,55,2,7,4,5,8,16,8,20,9,16,,67,43,1,22,9,121.5459125,25.03321053
111,2,21,20,3,2,05中正區,中正區和平西路2段與南海路口,0,0,1,1,B01,6,3,5,50,4,1,1,4,4,5,7,1,1,3,5,5,2,12,1,60,3,10,1,1,7,9,1,4,2,2,,44,44,1,22,9,121.5090991,25.03062052
111,2,21,20,3,2,05中正區,中正區和平西路2段與南海路口,0,0,1,2,C03,6,3,5,50,4,1,1,4,4,5,7,1,1,3,5,5,2,12,2,20,2,9,1,1,7,7,1,10,2,14,,7,44,1,22,9,121.5090991,25.03062052
111,2,21,20,5,2,06松山區,松山區市民大道4段77號,0,0,2,1,C03,6,3,5,40,14,9,1,4,4,5,7,4,4,10,4,5,1,16,1,19,2,8,1,1,7,9,1,10,1,11,,16,16,1,22,9,121.547277,25.04516604
111,2,21,20,5,2,06松山區,松山區市民大道4段77號,0,0,2,2,B03,6,3,5,40,14,9,1,4,4,5,7,4,4,10,4,5,1,16,1,37,3,10,3,1,7,6,1,8,1,2,,9,16,1,22,9,121.547277,25.04516604
111,2,21,20,5,2,06松山區,松山區市民大道4段77號,0,0,2,3,H02,6,3,5,40,14,9,1,4,4,5,7,4,4,10,4,5,1,16,2,18,2,8,1,1,7,20,8,20,10,16,,67,16,1,22,9,121.547277,25.04516604
111,2,21,20,40,2,09北投區,北投區大度路1段155號,0,0,1,1,C03,6,3,5,50,14,12,1,4,4,5,7,1,1,1,4,1,1,26,1,46,2,8,3,4,7,9,1,10,1,11,,23,23,1,22,9,121.4938195,25.12130599
111,2,21,20,40,2,09北投區,北投區大度路1段155號,0,0,1,2,,6,3,5,50,14,12,1,4,4,5,7,1,1,1,4,1,1,26,3,,,,,,,,,,,,,67,23,,,,121.4938195,25.12130599
111,2,21,20,40,2,09北投區,北投區中央北路4段601巷45號燈桿,0,0,2,1,C03,6,3,5,50,14,9,1,4,4,5,7,4,4,9,4,5,2,13,2,19,2,9,1,1,7,9,1,10,1,11,,23,23,1,22,9,121.4621698,25.12246166
111,2,21,20,40,2,09北投區,北投區中央北路4段601巷45號燈桿,0,0,2,2,C03,6,3,5,50,14,9,1,4,4,5,7,4,4,9,4,5,2,13,1,25,2,9,1,1,7,15,1,10,1,13,,44,23,1,22,9,121.4621698,25.12246166
111,2,21,20,45,2,04大安區,大安區和平東路3段406巷21號,0,0,2,1,C03,6,3,5,40,14,18,1,4,4,5,7,2,1,4,1,4,2,3,1,37,2,9,1,1,7,9,1,10,1,11,,15,15,1,22,9,121.5574971,25.0186248
111,2,21,20,45,2,04大安區,大安區和平東路3段406巷21號,0,0,2,2,H01,6,3,5,40,14,18,1,4,4,5,7,2,1,4,1,4,2,3,1,56,2,9,4,5,8,16,8,20,10,16,,52,15,1,22,9,121.5574971,25.0186248
111,2,21,21,12,2,09北投區,北投區石牌路2段352號,0,0,1,1,B03,6,3,5,50,14,9,1,4,4,5,7,4,4,5,5,5,2,17,1,43,3,10,1,1,7,1,1,8,9,15,,19,19,2,22,9,121.5250204,25.12321075
111,2,21,21,12,2,09北投區,北投區石牌路2段352號,0,0,1,2,C03,6,3,5,50,14,9,1,4,4,5,7,4,4,5,5,5,2,17,1,21,2,8,1,1,7,9,1,10,1,14,,42,19,1,22,9,121.5250204,25.12321075
111,2,21,21,24,2,11南港區,南港區忠孝東路6段與忠孝東路6段185巷口口,0,0,1,1,C03,6,3,5,40,3,2,1,4,4,5,7,4,4,1,4,4,2,13,2,25,2,9,1,1,7,9,1,10,1,11,,16,16,1,22,9,121.5873087,25.048922
111,2,21,21,24,2,11南港區,南港區忠孝東路6段與忠孝東路6段185巷口口,0,0,1,2,C03,6,3,5,40,3,2,1,4,4,5,7,4,4,1,4,4,2,13,1,61,3,10,1,1,7,9,1,10,1,13,,44,16,1,22,9,121.5873087,25.048922
111,2,21,21,30,2,05中正區,中正區羅斯福路1段與林森南路口口,0,0,1,1,B03,6,3,5,50,5,1,1,4,4,5,7,1,1,1,4,5,2,11,1,37,3,10,1,1,7,7,1,8,1,1,,7,7,1,22,9,121.5181245,25.03304174
111,2,21,21,30,2,05中正區,中正區羅斯福路1段與林森南路口口,0,0,1,2,C03,6,3,5,50,5,1,1,4,4,5,7,1,1,1,4,5,2,11,1,24,2,9,1,1,7,8,1,10,1,13,,7,7,1,22,9,121.5181245,25.03304174
111,2,21,21,30,2,07信義區,信義區信義路5段與松智路口,0,0,1,1,B03,6,1,5,50,4,1,1,4,4,5,7,2,1,8,3,5,2,2,2,46,3,10,1,1,7,5,1,8,1,8,,43,43,1,22,9,121.5654019,25.0329662
111,2,21,21,30,2,07信義區,信義區信義路5段與松智路口,0,0,1,2,H01,6,1,5,50,4,1,1,4,4,5,7,2,1,8,3,5,2,2,2,33,2,9,4,1,8,16,8,20,10,16,,67,43,1,22,9,121.5654019,25.0329662
111,2,21,21,50,2,07信義區,信義區嘉興街219巷與嘉興街口,0,0,1,1,B02,6,3,5,30,3,1,1,4,4,5,7,4,4,10,5,5,2,17,1,50,3,10,1,1,7,9,1,8,1,2,,13,13,1,22,9,121.5562327,25.0258048
111,2,21,21,50,2,07信義區,信義區嘉興街219巷與嘉興街口,0,0,1,2,C03,6,3,5,30,3,1,1,4,4,5,7,4,4,10,5,5,2,17,2,43,2,9,1,1,7,5,1,10,1,14,,8,13,1,22,9,121.5562327,25.0258048
111,2,21,22,12,2,03中山區,中山區長安東路1段與長安東路1段77巷口,0,0,1,1,H01,6,3,5,50,4,1,1,4,4,5,7,1,1,5,4,5,2,3,1,41,2,8,4,5,8,16,8,20,10,16,,52,52,1,22,9,121.5281387,25.04832434
111,2,21,22,12,2,03中山區,中山區長安東路1段與長安東路1段77巷口,0,0,1,2,C03,6,3,5,50,4,1,1,4,4,5,7,1,1,5,4,5,2,3,1,49,3,10,1,1,7,9,1,10,1,11,12,15,52,1,22,9,121.5281387,25.04832434
111,2,21,22,14,2,09北投區,北投區中和街與珠海路口,0,0,1,1,B01,6,1,5,50,4,2,1,4,4,5,7,1,1,5,5,5,2,3,1,58,3,10,3,4,7,11,1,4,2,8,,15,15,1,22,9,121.5024956,25.13821526
111,2,21,22,14,2,09北投區,北投區中和街與珠海路口,0,0,1,2,H01,6,1,5,50,4,2,1,4,4,5,7,1,1,5,5,5,2,3,2,64,2,6,4,5,8,16,8,20,10,16,,67,15,1,22,9,121.5024956,25.13821526
111,2,21,22,23,2,10文山區,文山區木柵路2段138巷與興隆路4段101巷口,0,0,1,1,B03,6,3,5,50,4,2,1,4,4,5,7,3,1,5,4,5,2,3,1,23,3,10,3,4,7,5,1,8,2,8,,15,15,1,21,8,121.5619953,24.98831268
111,2,21,22,23,2,10文山區,文山區木柵路2段138巷與興隆路4段101巷口,0,0,1,2,H01,6,3,5,50,4,2,1,4,4,5,7,3,1,5,4,5,2,3,1,18,2,9,4,5,8,16,8,20,2,16,,67,15,1,21,8,121.5619953,24.98831268
111,2,21,22,35,2,07信義區,信義區基隆路2段與和平東路3段口,0,0,1,1,C03,6,3,5,50,5,1,1,4,4,5,7,2,1,1,4,5,2,12,2,63,2,9,1,1,7,8,1,10,1,12,,7,7,1,21,8,121.5526276,25.0243602
111,2,21,22,35,2,07信義區,信義區基隆路2段與和平東路3段口,0,0,1,2,B01,6,3,5,50,5,1,1,4,4,5,7,2,1,1,4,5,2,12,1,55,3,10,1,1,7,9,1,4,1,4,,44,7,1,21,8,121.5526276,25.0243602
111,2,21,22,55,2,03中山區,中山區北安路與大直橋口,0,0,1,1,B03,6,3,5,50,4,1,1,4,4,5,7,1,1,3,4,3,2,13,1,72,3,10,3,4,7,9,1,8,1,1,,16,16,1,22,9,121.5445269,25.07975323
111,2,21,22,55,2,03中山區,中山區北安路與大直橋口,0,0,1,2,C03,6,3,5,50,4,1,1,4,4,5,7,1,1,3,4,3,2,13,2,48,2,9,1,4,7,9,1,10,1,13,,44,16,1,22,9,121.5445269,25.07975323
111,2,21,23,11,2,04大安區,大安區忠孝東路4段205巷與忠孝東路4段口,0,0,1,1,B03,6,3,5,0,14,9,1,4,4,5,7,4,4,10,5,5,2,17,1,27,3,10,1,1,7,14,3,18,1,4,,40,40,1,22,9,121.5519954,25.04156401
111,2,21,23,11,2,04大安區,大安區忠孝東路4段205巷與忠孝東路4段口,0,0,1,2,C03,6,3,5,0,14,9,1,4,4,5,7,4,4,10,5,5,2,17,1,21,2,9,1,1,7,9,1,10,1,12,,44,40,1,22,9,121.5519954,25.04156401