發生年度,發生月,發生日,發生時-Hours,發生分,處理別-編號,區序,肇事地點,死亡人數,2-30日死亡人數,受傷人數,當事人序號,車種,天候,光線,道路類別,速限-速度限制,道路型態,事故位置,路面狀況1,路面狀況2,路面狀況3,道路障礙1,道路障礙2,號誌1,號誌2,車道劃分-分向,車道劃分-分道1,車道劃分-分道2,車道劃分-分道3,事故類型及型態,性別,年齡,受傷程度,主要傷處,安全帽,行動電話,車輛用途,當事者行動狀態,駕駛資格情形,駕駛執照種類,飲酒情形,車輛撞擊部位1,車輛撞擊部位2,肇因碼-個別,肇因碼-主要,個人肇逃否,職業,旅次目的,座標-X,座標-Y
111,2,21,23,17,2,08士林區,士林區仰德大道1段46號,0,0,1,1,B01,6,3,5,40,14,9,1,4,4,5,7,4,4,4,5,5,1,17,1,50,3,10,1,1,7,11,1,4,1,4,,10,10,1,22,9,121.5368855,25.10375479
111,2,21,23,17,2,08士林區,士林區仰德大道1段46號,0,0,1,2,C03,6,3,5,40,14,9,1,4,4,5,7,4,4,4,5,5,1,17,1,19,2,9,1,1,7,9,1,10,1,11,,23,10,1,22,9,121.5368855,25.10375479
111,2,21,23,46,2,10文山區,文山區木柵路1段與辛亥路7段口,0,0,1,1,B01,6,3,5,50,4,1,1,4,4,5,7,1,1,5,2,5,2,17,1,59,3,10,1,1,7,5,1,4,1,15,,6,6,1,22,9,121.5523218,24.9877987
111,2,21,23,46,2,10文山區,文山區木柵路1段與辛亥路7段口,0,0,1,2,C03,6,3,5,50,4,1,1,4,4,5,7,1,1,5,2,5,2,17,2,39,2,9,1,1,7,9,1,10,1,14,,42,6,1,22,9,121.5523218,24.9877987
111,2,22,0,0,2,10文山區,文山區羅斯福路6段48號,0,0,1,1,C03,6,3,5,50,14,9,1,4,4,5,7,4,4,1,4,5,2,17,1,43,2,9,1,1,7,9,1,10,1,11,,23,23,1,22,9,121.5399254,24.99932197
111,2,22,0,0,2,10文山區,文山區羅斯福路6段48號,0,0,1,2,B12,6,3,5,50,14,9,1,4,4,5,7,4,4,1,4,5,2,17,1,41,3,10,1,1,7,13,1,8,11,7,,44,23,1,22,9,121.5399254,24.99932197
111,2,22,2,0,2,04大安區,大安區新生南路3段與新生南路3段86巷口,0,0,2,2,B01,6,3,5,50,14,9,1,4,4,5,7,2,1,10,5,5,2,13,1,55,2,9,1,1,7,12,1,4,2,3,,44,16,1,22,9,121.5337283,25.01860333
111,2,22,2,0,2,04大安區,大安區新生南路3段與新生南路3段86巷口,0,0,2,1,B01,6,3,5,50,14,9,1,4,4,5,7,2,1,10,5,5,2,13,1,49,2,1,1,1,7,9,1,4,2,1,,16,16,1,22,9,121.5337283,25.01860333
111,2,22,2,40,2,09北投區,北投區中央北路2段149號,0,0,1,1,C03,6,3,5,50,14,9,1,4,4,5,7,4,4,5,4,5,2,16,1,18,2,8,1,1,7,11,3,18,1,14,,26,26,1,22,9,121.4922833,25.13810811
111,2,22,2,40,2,09北投區,北投區中央北路2段149號,0,0,1,2,B03,6,3,5,50,14,9,1,4,4,5,7,4,4,5,4,5,2,16,1,22,3,10,1,1,7,9,1,8,1,1,,13,26,1,22,9,121.4922833,25.13810811
111,2,22,5,55,2,10文山區,文山區和平東路4段355號,0,0,1,1,C03,6,3,5,50,14,9,1,4,4,5,7,4,4,5,5,5,2,17,1,25,2,9,1,1,7,9,1,10,11,11,,23,23,2,22,9,121.5735049,25.00020162
111,2,22,5,55,2,10文山區,文山區和平東路4段355號,0,0,1,2,C03,6,3,5,50,14,9,1,4,4,5,7,4,4,5,5,5,2,17,1,38,3,10,3,4,7,13,1,9,11,13,,44,23,1,22,9,121.5735049,25.00020162
111,2,22,5,55,2,10文山區,文山區和平東路4段355號,0,0,1,3,C03,6,3,5,50,14,9,1,4,4,5,7,4,4,5,5,5,2,17,1,73,3,10,3,4,7,13,1,10,11,13,,44,23,1,22,9,121.5735049,25.00020162
111,2,22,5,55,2,10文山區,文山區和平東路4段355號,0,0,1,4,F01,6,3,5,50,14,9,1,4,4,5,7,4,4,5,5,5,2,17,1,67,3,10,3,4,7,15,8,20,11,16,,44,23,1,22,9,121.5735049,25.00020162
111,2,22,5,55,2,10文山區,文山區和平東路4段355號,0,0,1,5,C03,6,3,5,50,14,9,1,4,4,5,7,4,4,5,5,5,2,17,2,38,3,10,3,4,7,13,1,10,11,13,,44,23,1,22,9,121.5735049,25.00020162
111,2,22,5,55,2,10文山區,文山區和平東路4段355號,0,0,1,6,C03,6,3,5,50,14,9,1,4,4,5,7,4,4,5,5,5,2,17,1,70,3,10,3,4,7,13,1,10,11,11,,44,23,1,22,9,121.5735049,25.00020162
111,2,22,6,0,2,11南港區,南港區南港路2段與南港路2段86巷口,0,0,2,1,H01,6,3,5,50,4,2,1,4,4,5,7,2,1,8,3,4,2,9,1,66,2,9,4,5,8,16,8,20,10,16,,52,52,1,22,9,121.6033265,25.05372265
111,2,22,6,0,2,11南港區,南港區南港路2段與南港路2段86巷口,0,0,2,2,C03,6,3,5,50,4,2,1,4,4,5,7,2,1,8,3,4,2,9,1,53,2,9,3,4,7,9,1,10,2,11,,23,52,1,22,9,121.6033265,25.05372265
111,2,22,7,18,2,06松山區,松山區五常街與民權東路3段103巷口,0,0,2,1,C03,6,1,5,30,3,1,1,4,4,5,7,4,4,10,5,5,2,16,1,34,2,9,1,1,7,5,1,10,2,11,,6,6,1,5,9,121.5449088,25.0643545
111,2,22,7,18,2,06松山區,松山區五常街與民權東路3段103巷口,0,0,2,2,C03,6,1,5,30,3,1,1,4,4,5,7,4,4,10,5,5,2,16,2,73,2,9,1,1,7,9,3,18,2,11,,14,6,1,19,7,121.5449088,25.0643545
111,2,22,7,40,2,07信義區,信義區信義路5段1號,0,0,3,1,C03,6,1,5,50,14,9,1,4,4,5,7,2,1,1,4,5,2,13,2,18,2,8,1,1,7,9,1,10,11,11,,16,16,1,22,8,121.5597271,25.03307481
111,2,22,7,40,2,07信義區,信義區信義路5段1號,0,0,3,2,C03,6,1,5,50,14,9,1,4,4,5,7,2,1,1,4,5,2,13,1,57,2,8,1,1,7,9,1,10,11,11,,23,16,1,22,8,121.5597271,25.03307481
111,2,22,7,40,2,07信義區,信義區信義路5段1號,0,0,3,3,C03,6,1,5,50,14,9,1,4,4,5,7,2,1,1,4,5,2,13,2,66,2,8,1,1,7,12,1,10,11,13,,44,16,1,22,8,121.5597271,25.03307481
111,2,22,7,41,2,06松山區,松山區敦化北路與南京東路3段口,0,0,2,1,C03,6,1,5,50,4,2,1,4,4,5,7,1,1,4,3,4,2,13,2,58,2,9,1,1,7,12,1,10,1,11,,43,43,1,22,9,121.5487227,25.05194462
111,2,22,7,41,2,06松山區,松山區敦化北路與南京東路3段口,0,0,2,2,C03,6,1,5,50,4,2,1,4,4,5,7,1,1,4,3,4,2,13,1,56,2,9,1,1,7,12,1,10,1,13,,43,43,1,22,9,121.5487227,25.05194462
111,2,22,7,50,2,03中山區,中山區民族東路41號對面,0,0,2,1,C03,6,1,5,50,14,9,1,4,4,5,7,4,4,3,4,5,2,16,1,38,2,9,1,1,7,9,1,10,1,11,,26,26,1,22,9,121.5297979,25.06836115
111,2,22,7,50,2,03中山區,中山區民族東路41號對面,0,0,2,2,C03,6,1,5,50,14,9,1,4,4,5,7,4,4,3,4,5,2,16,1,36,2,9,1,1,7,11,1,10,1,11,,10,26,1,22,9,121.5297979,25.06836115
111,2,22,8,0,2,06松山區,松山區南京東路5段271號,0,0,1,1,C03,6,1,5,50,14,9,1,4,4,5,7,2,1,9,4,5,2,18,2,28,2,9,1,1,7,9,1,10,2,15,,42,42,1,22,9,121.5654862,25.05143645
111,2,22,8,0,2,06松山區,松山區南京東路5段271號,0,0,1,2,,6,1,5,50,14,9,1,4,4,5,7,2,1,9,4,5,2,18,3,,,,,,,,,,,,,67,42,,,,121.5654862,25.05143645
111,2,22,8,12,2,08士林區,士林區忠誠路2段207巷3號旁無名巷(北市大科資大樓前),0,0,1,1,B03,6,1,5,30,14,9,1,4,4,5,7,4,4,10,5,5,2,12,1,28,3,10,3,4,7,1,1,8,1,4,,19,19,1,22,9,121.5375869,25.11586455
111,2,22,8,12,2,08士林區,士林區忠誠路2段207巷3號旁無名巷(北市大科資大樓前),0,0,1,2,C03,6,1,5,30,14,9,1,4,4,5,7,4,4,10,5,5,2,12,1,19,2,8,1,1,7,9,1,10,1,11,,13,19,1,22,9,121.5375869,25.11586455
111,2,22,8,12,2,08士林區,士林區忠誠路2段207巷3號旁無名巷(北市大科資大樓前),0,0,1,3,B03,6,1,5,30,14,9,1,4,4,5,7,4,4,10,5,5,2,12,2,30,3,10,3,1,7,13,1,8,11,1,,44,19,1,22,9,121.5375869,25.11586455
111,2,22,8,41,2,03中山區,中山區建國北路3段177號,0,0,2,1,C03,6,1,5,40,14,8,1,4,4,5,7,4,4,1,4,4,2,12,1,35,2,8,1,1,7,8,1,10,1,12,,7,7,1,22,9,121.5337616,25.06813518
111,2,22,8,41,2,03中山區,中山區建國北路3段177號,0,0,2,2,C03,6,1,5,40,14,8,1,4,4,5,7,4,4,1,4,4,2,12,2,36,2,9,1,1,7,9,1,10,1,14,,44,7,1,22,9,121.5337616,25.06813518
111,2,22,8,49,2,01大同區,大同區延平北路3段與昌吉街口,0,0,1,1,B03,6,1,5,50,4,1,1,4,4,5,7,2,1,5,5,5,2,17,1,55,3,10,1,1,7,5,1,8,2,8,,6,6,1,22,9,121.5110262,25.0659334
111,2,22,8,49,2,01大同區,大同區延平北路3段與昌吉街口,0,0,1,2,C03,6,1,5,50,4,1,1,4,4,5,7,2,1,5,5,5,2,17,1,40,2,9,1,1,7,9,1,10,2,14,,13,6,1,22,9,121.5110262,25.0659334
111,2,22,8,50,2,09北投區,北投區大度路1段與大度路2段口,0,0,1,1,B03,6,1,5,70,4,1,1,4,4,5,7,1,1,7,4,4,2,17,2,38,3,10,1,1,7,6,1,8,1,3,,9,9,1,22,9,121.485756,25.12172654
111,2,22,8,50,2,09北投區,北投區大度路1段與大度路2段口,0,0,1,2,C03,6,1,5,70,4,1,1,4,4,5,7,1,1,7,4,4,2,17,1,28,2,9,1,1,7,9,1,10,1,12,,13,9,1,22,9,121.485756,25.12172654
111,2,22,9,2,2,01大同區,大同區環河北路2段與昌吉街口,0,0,1,1,B03,6,1,5,50,3,2,1,4,4,5,7,4,4,1,4,5,2,17,2,55,4,11,3,4,7,6,7,19,11,15,,9,9,2,22,9,121.5088855,25.06582709
111,2,22,9,2,2,01大同區,大同區環河北路2段與昌吉街口,0,0,1,2,C03,6,1,5,50,3,2,1,4,4,5,7,4,4,1,4,5,2,17,1,45,2,9,1,4,7,9,1,10,2,14,,42,9,1,22,9,121.5088855,25.06582709
111,2,22,9,2,2,01大同區,大同區環河北路2段與昌吉街口,0,0,1,3,B03,6,1,5,50,3,2,1,4,4,5,7,4,4,1,4,5,2,17,1,45,3,10,1,4,7,9,1,8,2,5,,44,9,1,22,9,121.5088855,25.06582709
111,2,22,9,5,2,09北投區,北投區立農街2段與立農街2段273巷口,0,0,2,1,C03,6,1,5,30,4,2,1,4,4,5,7,2,1,5,4,5,2,16,2,38,2,9,3,4,7,5,1,10,1,12,,8,8,1,22,9,121.5142423,25.11888857
111,2,22,9,5,2,09北投區,北投區立農街2段與立農街2段273巷口,0,0,2,2,C03,6,1,5,30,4,2,1,4,4,5,7,2,1,5,4,5,2,16,1,23,2,9,3,4,7,9,1,10,1,11,,44,8,1,22,9,121.5142423,25.11888857
111,2,22,9,24,2,07信義區,信義區仁愛路4段452巷與光復南路419巷口口,0,0,1,1,C03,6,1,5,30,4,1,1,4,4,5,7,4,4,10,5,5,1,15,1,58,2,9,3,4,7,9,1,10,1,12,,6,6,1,22,9,121.5592008,25.03647664
111,2,22,9,24,2,07信義區,信義區仁愛路4段452巷與光復南路419巷口口,0,0,1,2,B03,6,1,5,30,4,1,1,4,4,5,7,4,4,10,5,5,1,15,1,45,3,10,3,4,7,9,1,8,1,1,,14,6,1,22,9,121.5592008,25.03647664
111,2,22,9,40,2,10文山區,文山區基隆路4段與汀州路4段口,0,0,2,1,C03,6,1,5,30,5,1,1,4,4,5,7,2,1,1,5,5,2,12,2,24,2,8,1,1,7,9,1,10,1,14,,23,23,1,22,9,121.5394252,25.0131937
111,2,22,9,40,2,10文山區,文山區基隆路4段與汀州路4段口,0,0,2,2,F01,6,1,5,30,5,1,1,4,4,5,7,2,1,1,5,5,2,12,1,38,2,7,1,1,7,9,8,20,1,16,,42,23,1,22,9,121.5394252,25.0131937
111,2,22,9,51,2,08士林區,士林區菁山路99巷24號,0,0,1,1,C03,6,1,5,30,14,9,1,4,4,5,7,4,4,10,5,5,1,11,2,20,2,9,1,1,7,9,1,10,1,11,,5,5,1,22,9,121.5533083,25.14353467
111,2,22,9,51,2,08士林區,士林區菁山路99巷24號,0,0,1,2,B03,6,1,5,30,14,9,1,4,4,5,7,4,4,10,5,5,1,11,1,32,3,10,1,1,7,9,1,8,1,8,,44,5,1,22,9,121.5533083,25.14353467
111,2,22,10,10,2,02萬華區,萬華區和平西路2段與艋舺大道口,0,0,1,1,B12,6,1,5,50,4,1,1,4,4,5,7,1,1,9,4,1,1,12,1,24,3,10,1,1,7,6,1,8,1,2,,26,26,1,22,9,121.5047439,25.0338318
111,2,22,10,10,2,02萬華區,萬華區和平西路2段與艋舺大道口,0,0,1,2,C03,6,1,5,50,4,1,1,4,4,5,7,1,1,9,4,1,1,12,2,35,2,9,1,1,7,9,1,10,1,14,,44,26,1,22,9,121.5047439,25.0338318
111,2,22,10,10,2,12內湖區,內湖區康寧路3段165巷與康寧路3段口,0,0,2,1,B01,6,1,5,50,4,1,1,4,4,5,7,2,1,9,4,5,2,16,1,57,3,10,1,1,7,5,1,4,2,1,,6,6,1,22,9,121.6113036,25.07048208
111,2,22,10,10,2,12內湖區,內湖區康寧路3段165巷與康寧路3段口,0,0,2,2,B03,6,1,5,50,4,1,1,4,4,5,7,2,1,9,4,5,2,16,1,62,3,10,1,1,7,9,1,7,2,8,,44,6,1,22,9,121.6113036,25.07048208
111,2,22,10,10,2,12內湖區,內湖區康寧路3段165巷與康寧路3段口,0,0,2,3,H02,6,1,5,50,4,1,1,4,4,5,7,2,1,9,4,5,2,16,2,2,2,1,1,5,7,21,8,20,10,15,,67,6,1,22,9,121.6113036,25.07048208
111,2,22,10,10,2,12內湖區,內湖區康寧路3段165巷與康寧路3段口,0,0,2,4,H02,6,1,5,50,4,1,1,4,4,5,7,2,1,9,4,5,2,16,2,36,2,9,1,5,7,21,8,20,10,15,,67,6,1,22,9,121.6113036,25.07048208
111,2,22,10,15,2,11南港區,南港區研究院路2段182巷與研究院路2段口,0,0,1,1,B01,6,1,5,50,3,1,1,4,4,5,7,1,1,4,3,5,2,12,1,42,3,10,1,4,7,6,1,2,2,2,,9,9,1,22,8,121.6169837,25.03736217
111,2,22,10,15,2,11南港區,南港區研究院路2段182巷與研究院路2段口,0,0,1,2,C03,6,1,5,50,3,1,1,4,4,5,7,1,1,4,3,5,2,12,1,19,2,1,1,4,7,9,1,10,2,14,,44,9,1,18,9,121.6169837,25.03736217
111,2,22,10,24,2,08士林區,士林區延平北路7段106巷與延平北路7段106巷94弄口,0,0,2,1,C03,6,1,5,30,3,1,1,4,4,5,7,4,4,10,5,5,1,16,2,66,2,9,1,1,7,5,3,18,1,12,,8,8,1,21,8,121.4962452,25.09915015
111,2,22,10,24,2,08士林區,士林區延平北路7段106巷與延平北路7段106巷94弄口,0,0,2,2,C03,6,1,5,30,3,1,1,4,4,5,7,4,4,10,5,5,1,16,2,18,2,9,1,1,7,9,1,10,1,11,,13,8,1,21,8,121.4962452,25.09915015
111,2,22,10,36,2,12內湖區,內湖區文德路208巷與文德路口,0,0,1,1,B03,6,1,5,50,4,2,1,4,4,5,7,1,1,1,4,4,1,2,2,32,3,10,1,1,7,5,1,8,2,5,,15,15,1,22,9,121.5836,25.07847
111,2,22,10,36,2,12內湖區,內湖區文德路208巷與文德路口,0,0,1,2,H01,6,1,5,50,4,2,1,4,4,5,7,1,1,1,4,4,1,2,1,71,2,9,4,5,8,16,8,20,10,16,,67,15,1,22,9,121.5836,25.07847
111,2,22,10,49,2,08士林區,士林區天母西路40-2號,0,0,1,1,C03,6,1,5,50,14,9,1,4,4,5,7,4,4,5,5,5,1,12,1,60,3,10,1,1,7,9,1,10,2,12,,44,44,1,22,9,121.5258913,25.11845522
111,2,22,10,49,2,08士林區,士林區天母西路40-2號,0,0,1,2,C03,6,1,5,50,14,9,1,4,4,5,7,4,4,5,5,5,1,12,2,68,2,9,1,1,7,1,1,10,2,11,,19,44,1,22,9,121.5258913,25.11845522
111,2,22,11,7,2,06松山區,松山區市民大道4段241號,0,0,1,1,B01,6,1,5,40,14,9,1,4,4,5,7,4,4,1,4,5,2,17,1,66,3,10,1,1,7,11,1,4,1,15,,44,44,1,22,9,121.553828,25.04453607
111,2,22,11,7,2,06松山區,松山區市民大道4段241號,0,0,1,2,C03,6,1,5,40,14,9,1,4,4,5,7,4,4,1,4,5,2,17,1,20,2,9,1,1,7,9,1,10,1,15,,13,44,1,22,9,121.553828,25.04453607
111,2,22,11,10,2,12內湖區,內湖區環東大道下南京東路匝道,0,0,1,1,A11,6,1,5,40,8,16,1,4,4,5,7,4,4,1,5,5,2,13,1,37,3,10,1,1,7,9,1,3,2,1,,23,23,1,22,9,121.5784572,25.05557316
111,2,22,11,10,2,12內湖區,內湖區環東大道下南京東路匝道,0,0,1,2,B03,6,1,5,40,8,16,1,4,4,5,7,4,4,1,5,5,2,13,1,28,2,9,1,1,7,14,1,8,2,3,,44,23,1,22,9,121.5784572,25.05557316
111,2,22,11,15,2,09北投區,北投區石牌路2段與東華街1段口,0,0,1,1,B03,6,1,5,50,14,9,1,4,4,5,7,2,1,9,4,5,2,13,1,59,3,10,3,4,7,9,1,8,1,1,,23,23,1,22,9,121.5154012,25.11520357
111,2,22,11,15,2,09北投區,北投區石牌路2段與東華街1段口,0,0,1,2,C03,6,1,5,50,14,9,1,4,4,5,7,2,1,9,4,5,2,13,1,55,2,9,3,4,7,14,1,10,1,13,,44,23,1,22,9,121.5154012,25.11520357
111,2,22,12,0,2,05中正區,中正區林森南路與濟南路1段口,0,0,3,1,B12,6,1,5,50,4,1,1,4,4,5,7,1,1,9,4,5,2,11,1,36,2,1,1,1,7,5,1,8,2,2,,6,6,1,22,9,121.5227215,25.04244725
111,2,22,12,0,2,05中正區,中正區林森南路與濟南路1段口,0,0,3,2,C03,6,1,5,50,4,1,1,4,4,5,7,1,1,9,4,5,2,11,1,28,2,8,1,1,7,9,1,10,2,11,,23,6,1,22,9,121.5227215,25.04244725
111,2,22,12,0,2,05中正區,中正區林森南路與濟南路1段口,0,0,3,3,H02,6,1,5,50,4,1,1,4,4,5,7,1,1,9,4,5,2,11,2,37,2,7,1,5,7,17,8,20,10,16,,67,6,1,22,9,121.5227215,25.04244725
111,2,22,12,3,2,07信義區,信義區永吉路502巷與永吉路468巷17弄口,0,0,1,1,B01,6,1,5,30,4,1,1,4,4,5,7,4,4,10,5,5,2,16,1,47,3,10,3,4,7,9,1,4,2,5,,23,23,1,22,9,121.5800171,25.0447605
111,2,22,12,3,2,07信義區,信義區永吉路502巷與永吉路468巷17弄口,0,0,1,2,C03,6,1,5,30,4,1,1,4,4,5,7,4,4,10,5,5,2,16,1,76,2,9,3,4,7,9,1,10,2,14,,6,23,1,22,9,121.5800171,25.0447605
111,2,22,12,10,2,10文山區,文山區木新路3段278巷3號,0,0,1,1,F03,6,1,5,30,14,9,1,4,4,5,7,4,4,10,5,5,1,9,2,56,3,10,1,1,7,9,8,20,1,16,,43,43,1,22,9,121.5579957,24.98134619
111,2,22,12,10,2,10文山區,文山區木新路3段278巷3號,0,0,1,2,H01,6,1,5,30,14,9,1,4,4,5,7,4,4,10,5,5,1,9,2,70,2,8,4,5,8,16,8,20,10,15,,67,43,1,22,9,121.5579957,24.98134619
111,2,22,12,17,2,03中山區,中山區北安路573巷與北安路573巷2弄口,0,0,1,1,B03,6,1,5,30,4,1,1,4,4,5,7,4,4,10,5,5,2,15,2,66,3,10,1,1,7,9,1,8,1,1,,6,6,1,22,9,121.5480677,25.08133869
111,2,22,12,17,2,03中山區,中山區北安路573巷與北安路573巷2弄口,0,0,1,2,C03,6,1,5,30,4,1,1,4,4,5,7,4,4,10,5,5,2,15,1,25,2,9,1,1,7,9,1,10,1,14,,13,6,1,22,9,121.5480677,25.08133869
111,2,22,13,39,2,02萬華區,萬華區忠孝西路2段與西寧南路口,0,0,2,1,B03,6,2,5,50,4,1,1,4,4,5,7,1,1,1,3,5,2,12,1,42,3,10,1,1,7,9,1,8,1,8,,44,44,1,22,9,121.5075505,25.0484909
111,2,22,13,39,2,02萬華區,萬華區忠孝西路2段與西寧南路口,0,0,2,2,C03,6,2,5,50,4,1,1,4,4,5,7,1,1,1,3,5,2,12,1,30,2,9,1,1,7,8,1,10,1,12,,26,44,1,22,9,121.5075505,25.0484909
111,2,22,13,39,2,02萬華區,萬華區忠孝西路2段與西寧南路口,0,0,2,3,H02,6,2,5,50,4,1,1,4,4,5,7,1,1,1,3,5,2,12,2,30,2,7,1,5,7,21,8,20,10,16,,67,44,1,22,9,121.5075505,25.0484909
111,2,22,14,20,2,08士林區,士林區至誠路2段與至誠路2段60巷口,0,0,1,1,B03,6,1,5,40,3,1,1,4,4,5,7,4,4,10,4,5,1,16,4,,4,11,3,4,7,15,7,19,11,15,,43,43,2,22,9,121.5285793,25.10166752
111,2,22,14,20,2,08士林區,士林區至誠路2段與至誠路2段60巷口,0,0,1,2,C03,6,1,5,40,3,1,1,4,4,5,7,4,4,10,4,5,1,16,2,42,2,9,1,1,7,5,1,10,1,12,,43,43,1,22,9,121.5285793,25.10166752
111,2,22,15,0,2,03中山區,中山區民生東路3段與龍江路口,0,0,1,1,B03,8,1,5,50,4,1,1,4,4,5,7,2,1,3,5,5,2,2,1,36,3,10,1,1,7,5,3,18,2,8,,15,15,1,22,9,121.5407068,25.05778263
111,2,22,15,0,2,03中山區,中山區民生東路3段與龍江路口,0,0,1,2,H01,8,1,5,50,4,1,1,4,4,5,7,2,1,3,5,5,2,2,2,55,2,9,4,5,8,16,8,20,10,16,,67,15,1,22,9,121.5407068,25.05778263
111,2,22,15,30,2,03中山區,中山區市民大道2段與長安東路1段52巷口口,0,0,1,1,B12,7,1,5,40,4,1,1,4,4,5,7,2,1,1,4,4,2,12,1,58,4,11,3,4,7,15,7,19,11,15,,6,6,2,22,9,121.5278765,25.04714388
111,2,22,15,30,2,03中山區,中山區市民大道2段與長安東路1段52巷口口,0,0,1,2,C03,7,1,5,40,4,1,1,4,4,5,7,2,1,1,4,4,2,12,1,28,2,8,3,4,7,9,1,10,1,14,,13,6,1,22,9,121.5278765,25.04714388
111,2,22,15,58,2,06松山區,松山區南京東路5段與三民路口,0,0,1,1,C03,6,1,5,30,4,1,1,4,4,5,7,1,1,1,4,5,2,11,1,27,2,9,1,1,7,5,1,10,1,14,,8,8,1,22,9,121.5638918,25.05136403
111,2,22,15,58,2,06松山區,松山區南京東路5段與三民路口,0,0,1,2,B01,6,1,5,30,4,1,1,4,4,5,7,1,1,1,4,5,2,11,1,57,3,10,1,1,7,9,1,4,1,8,,23,8,1,22,9,121.5638918,25.05136403
111,2,22,16,1,2,01大同區,大同區迪化街1段與民權西路口,0,0,1,1,B03,6,1,5,30,4,1,1,4,4,5,7,4,4,10,5,5,1,17,1,33,3,10,3,4,7,5,1,8,2,1,,23,23,1,22,9,121.5093867,25.06328998
111,2,22,16,1,2,01大同區,大同區迪化街1段與民權西路口,0,0,1,2,C04,6,1,5,30,4,1,1,4,4,5,7,4,4,10,5,5,1,17,2,68,2,8,1,4,7,9,1,11,2,11,,44,23,1,22,9,121.5093867,25.06328998
111,2,22,16,42,2,08士林區,士林區中山北路4段與通河街口,0,0,1,1,C03,6,1,5,50,3,2,1,4,4,5,7,2,1,2,4,5,1,12,4,,4,11,3,4,7,15,7,19,11,15,,43,43,2,22,9,121.524293,25.07989073
111,2,22,16,42,2,08士林區,士林區中山北路4段與通河街口,0,0,1,2,C03,6,1,5,50,3,2,1,4,4,5,7,2,1,2,4,5,1,12,1,21,2,9,1,1,7,9,1,10,9,11,,23,43,1,22,9,121.524293,25.07989073
111,2,22,17,15,2,03中山區,中山區民生東路2段133號,0,0,1,1,B03,6,2,5,50,14,9,1,4,4,5,7,4,4,5,4,5,2,17,1,28,3,10,1,1,7,15,1,8,1,4,,40,40,1,22,9,121.5323559,25.0581015
111,2,22,17,15,2,03中山區,中山區民生東路2段133號,0,0,1,2,C03,6,2,5,50,14,9,1,4,4,5,7,4,4,5,4,5,2,17,1,43,2,9,1,1,7,9,4,11,1,11,,44,40,1,22,9,121.5323559,25.0581015
111,2,22,17,15,2,10文山區,文山區新光路2段30號對面,0,0,1,1,C03,6,1,5,50,3,1,1,4,4,5,7,3,1,1,4,5,2,17,1,27,2,8,1,4,7,8,1,10,1,12,,6,6,1,22,9,121.5820436,24.99998359
111,2,22,17,15,2,10文山區,文山區新光路2段30號對面,0,0,1,2,B03,6,1,5,50,3,1,1,4,4,5,7,3,1,1,4,5,2,17,2,41,3,10,3,4,7,7,1,8,1,8,,7,6,1,22,9,121.5820436,24.99998359
111,2,22,17,16,2,10文山區,文山區木柵路2段與木柵路2段2巷口,0,0,1,1,B03,6,1,5,50,4,1,1,3,4,5,7,2,1,5,4,5,2,16,1,61,3,10,1,1,7,5,1,8,2,2,,6,6,1,22,9,121.557772,24.98870332
111,2,22,17,16,2,10文山區,文山區木柵路2段與木柵路2段2巷口,0,0,1,2,C03,6,1,5,50,4,1,1,3,4,5,7,2,1,5,4,5,2,16,1,21,2,9,1,1,7,9,1,10,2,11,,44,6,1,18,9,121.557772,24.98870332
111,2,22,17,30,2,08士林區,士林區延平北路8段2巷172號,0,0,1,1,B12,6,3,5,30,14,9,1,4,4,5,7,4,4,10,5,5,1,17,4,,4,11,3,4,7,15,7,19,11,15,,43,43,2,22,9,121.4877388,25.11062217
111,2,22,17,30,2,08士林區,士林區延平北路8段2巷172號,0,0,1,2,C03,6,3,5,30,14,9,1,4,4,5,7,4,4,10,5,5,1,17,1,38,2,7,1,1,7,9,1,10,1,14,,23,43,1,22,9,121.4877388,25.11062217
111,2,22,17,30,2,07信義區,信義區松德路與松德路118巷口,0,0,1,1,B03,6,1,5,50,4,1,1,4,4,5,7,2,1,1,4,5,1,16,1,57,3,10,3,4,7,14,1,8,1,3,,6,6,1,22,9,121.574815,25.03747546
111,2,22,17,30,2,07信義區,信義區松德路與松德路118巷口,0,0,1,2,C03,6,1,5,50,4,1,1,4,4,5,7,2,1,1,4,5,1,16,1,22,2,7,3,4,7,9,1,10,1,12,,42,6,1,22,9,121.574815,25.03747546
111,2,22,17,57,2,08士林區,士林區中山北路5段694號,0,0,1,1,B12,6,3,5,50,14,9,1,4,4,5,7,4,4,4,3,5,1,17,1,41,3,10,3,1,7,14,1,8,1,15,,34,34,1,22,9,121.5275554,25.09758727
111,2,22,17,57,2,08士林區,士林區中山北路5段694號,0,0,1,2,C03,6,3,5,50,14,9,1,4,4,5,7,4,4,4,3,5,1,17,1,45,2,9,1,1,7,9,1,4,1,12,,44,34,1,22,9,121.5275554,25.09758727
111,2,22,18,14,2,06松山區,松山區復興北路333號,0,0,2,1,B03,6,3,5,50,14,9,1,4,4,5,1,4,4,1,4,5,2,12,2,63,2,8,1,1,7,8,1,8,1,5,,7,7,1,22,9,121.5442675,25.05995127
111,2,22,18,14,2,06松山區,松山區復興北路333號,0,0,2,2,B03,6,3,5,50,14,9,1,4,4,5,1,4,4,1,4,5,2,12,2,33,2,7,1,1,7,7,1,8,1,4,,7,7,1,22,9,121.5442675,25.05995127