發生年度,發生月,發生日,發生時-Hours,發生分,處理別-編號,區序,肇事地點,死亡人數,2-30日死亡人數,受傷人數,當事人序號,車種,天候,光線,道路類別,速限-速度限制,道路型態,事故位置,路面狀況1,路面狀況2,路面狀況3,道路障礙1,道路障礙2,號誌1,號誌2,車道劃分-分向,車道劃分-分道1,車道劃分-分道2,車道劃分-分道3,事故類型及型態,性別,年齡,受傷程度,主要傷處,安全帽,行動電話,車輛用途,當事者行動狀態,駕駛資格情形,駕駛執照種類,飲酒情形,車輛撞擊部位1,車輛撞擊部位2,肇因碼-個別,肇因碼-主要,個人肇逃否,職業,旅次目的,座標-X,座標-Y
111,2,22,18,15,2,12內湖區,內湖區新湖一路與行善路48巷口口,0,0,1,1,B01,6,3,5,50,4,1,1,4,4,5,7,4,4,9,5,5,2,15,1,51,3,10,1,1,7,9,1,4,1,1,,44,44,1,22,9,121.5748285,25.0584542
111,2,22,18,15,2,12內湖區,內湖區新湖一路與行善路48巷口口,0,0,1,2,C03,6,3,5,50,4,1,1,4,4,5,7,4,4,9,5,5,2,15,2,43,2,9,1,1,7,9,1,10,1,12,,6,44,1,22,9,121.5748285,25.0584542
111,2,22,18,16,2,04大安區,大安區信義路2段與金山南路2段口,0,0,1,1,B03,6,3,5,50,5,2,1,4,4,5,7,4,4,1,4,5,2,13,1,27,3,10,1,1,7,9,1,8,1,1,,16,16,1,22,9,121.5271898,25.03382124
111,2,22,18,16,2,04大安區,大安區信義路2段與金山南路2段口,0,0,1,2,B01,6,3,5,50,5,2,1,4,4,5,7,4,4,1,4,5,2,13,1,28,2,7,1,1,7,14,1,4,1,3,,44,16,1,22,9,121.5271898,25.03382124
111,2,22,18,16,2,04大安區,大安區信義路2段與金山南路2段口,0,0,1,3,B03,6,3,5,50,5,2,1,4,4,5,7,4,4,1,4,5,2,13,1,59,3,10,1,1,7,14,1,8,1,3,,44,16,1,22,9,121.5271898,25.03382124
111,2,22,18,18,2,05中正區,中正區忠孝東路1段與杭州南路1段口,0,0,1,1,C03,6,3,5,50,4,1,1,4,4,5,7,1,1,1,4,1,2,16,1,26,2,9,1,1,7,5,1,10,2,14,,8,8,1,22,9,121.5268522,25.04394533
111,2,22,18,18,2,05中正區,中正區忠孝東路1段與杭州南路1段口,0,0,1,2,C03,6,3,5,50,4,1,1,4,4,5,7,1,1,1,4,1,2,16,1,32,3,10,1,1,7,9,1,10,2,12,,44,8,1,22,9,121.5268522,25.04394533
111,2,22,18,23,2,09北投區,北投區永興路2段6號前,0,0,2,2,H01,6,3,5,50,14,9,1,4,4,5,7,4,4,9,5,5,2,3,1,59,2,9,4,5,8,16,8,20,10,16,,51,23,1,22,9,121.5014217,25.1398234
111,2,22,18,23,2,09北投區,北投區永興路2段6號前,0,0,2,1,C03,6,3,5,50,14,9,1,4,4,5,7,4,4,9,5,5,2,3,1,36,2,8,1,1,7,9,1,10,1,12,,23,23,1,22,9,121.5014217,25.1398234
111,2,22,18,34,2,08士林區,士林區至善路2段266巷與至善路2段口,0,0,1,1,B02,6,3,5,30,3,1,1,4,4,5,7,1,1,10,4,5,2,3,1,54,3,10,1,1,7,5,1,3,11,1,,15,15,1,22,9,121.5510042,25.10065707
111,2,22,18,34,2,08士林區,士林區至善路2段266巷與至善路2段口,0,0,1,2,H01,6,3,5,30,3,1,1,4,4,5,7,1,1,10,4,5,2,3,2,32,2,9,4,5,8,16,8,20,10,16,,67,15,1,22,9,121.5510042,25.10065707
111,2,22,18,41,2,12內湖區,內湖區江南街71巷16弄32號對面,0,0,2,1,C03,6,3,5,30,14,18,1,4,4,5,7,4,4,5,5,5,2,3,1,18,2,9,1,1,7,9,1,10,2,11,,15,15,1,22,9,121.5774945,25.07539386
111,2,22,18,41,2,12內湖區,內湖區江南街71巷16弄32號對面,0,0,2,2,H01,6,3,5,30,14,18,1,4,4,5,7,4,4,5,5,5,2,3,2,71,2,9,4,5,8,16,8,20,10,16,,67,15,1,22,9,121.5774945,25.07539386
111,2,22,18,44,2,06松山區,松山區敦化北路167號,0,0,2,1,H01,6,3,8,0,15,22,1,4,4,5,7,2,1,10,4,5,2,3,1,70,2,9,4,1,8,16,8,20,10,16,,52,52,1,22,9,121.5492239,25.05432368
111,2,22,18,44,2,06松山區,松山區敦化北路167號,0,0,2,2,C03,6,3,8,0,15,22,1,4,4,5,7,2,1,10,4,5,2,3,1,28,2,8,1,1,7,9,1,10,1,11,,15,52,1,22,9,121.5492239,25.05432368
111,2,22,18,48,2,09北投區,北投區大度路1段與中央北路2段257巷口,0,0,3,1,C03,6,3,5,50,5,1,1,4,4,5,7,2,1,1,4,1,1,12,1,36,3,10,1,1,7,9,1,10,2,12,,43,43,1,22,9,121.4862579,25.12202769
111,2,22,18,48,2,09北投區,北投區大度路1段與中央北路2段257巷口,0,0,3,2,C03,6,3,5,50,5,1,1,4,4,5,7,2,1,1,4,1,1,12,1,60,2,8,1,1,7,9,1,10,2,13,,43,43,1,22,9,121.4862579,25.12202769
111,2,22,18,48,2,09北投區,北投區大度路1段與中央北路2段257巷口,0,0,3,3,C03,6,3,5,50,5,1,1,4,4,5,7,2,1,1,4,1,1,12,2,20,2,9,1,1,7,9,1,10,2,11,,43,43,1,22,9,121.4862579,25.12202769
111,2,22,18,48,2,09北投區,北投區大度路1段與中央北路2段257巷口,0,0,3,4,C03,6,3,5,50,5,1,1,4,4,5,7,2,1,1,4,1,1,12,1,36,2,9,1,1,7,9,1,10,2,11,,43,43,1,22,9,121.4862579,25.12202769
111,2,22,19,21,2,06松山區,松山區民權東路5段與塔悠路口,0,0,1,1,B03,6,3,5,50,5,1,1,4,4,5,7,2,1,9,5,5,2,17,1,56,3,10,3,4,7,5,1,8,2,2,,6,6,1,22,9,121.5681921,25.06367483
111,2,22,19,21,2,06松山區,松山區民權東路5段與塔悠路口,0,0,1,2,C03,6,3,5,50,5,1,1,4,4,5,7,2,1,9,5,5,2,17,1,26,2,9,3,4,7,9,1,10,2,11,,44,6,1,22,9,121.5681921,25.06367483
111,2,22,19,30,2,08士林區,士林區至善路2段34號,0,0,2,1,C03,6,3,5,50,14,18,1,4,4,5,7,2,1,1,4,5,1,3,1,26,2,9,1,1,7,9,1,10,2,14,,25,25,1,22,9,121.5440955,25.09700744
111,2,22,19,30,2,08士林區,士林區至善路2段34號,0,0,2,2,H01,6,3,5,50,14,18,1,4,4,5,7,2,1,1,4,5,1,3,1,63,2,9,4,5,8,16,8,20,10,16,,52,25,1,22,9,121.5440955,25.09700744
111,2,22,19,50,2,10文山區,文山區木柵路5段深坑幹115桿,0,0,1,1,C03,6,3,5,50,14,9,1,4,4,5,7,4,4,5,4,5,2,17,1,25,2,9,1,1,7,9,1,10,2,11,,23,23,1,22,9,121.5899907,25.00030304
111,2,22,19,50,2,10文山區,文山區木柵路5段深坑幹115桿,0,0,1,2,C03,6,3,5,50,14,9,1,4,4,5,7,4,4,5,4,5,2,17,1,30,3,10,3,4,7,13,1,9,11,13,,44,23,1,22,9,121.5899907,25.00030304
111,2,22,19,50,2,10文山區,文山區木柵路5段深坑幹115桿,0,0,1,3,C03,6,3,5,50,14,9,1,4,4,5,7,4,4,5,4,5,2,17,1,37,3,10,3,4,7,13,1,10,11,13,,44,23,1,22,9,121.5899907,25.00030304
111,2,22,19,52,2,10文山區,文山區興隆路3段與興隆路3段192巷8弄口,0,0,1,1,B03,6,3,5,50,4,1,1,4,4,5,7,1,1,1,4,5,2,3,1,25,3,10,1,1,7,5,1,8,2,1,,15,15,1,22,9,121.5597789,24.99674931
111,2,22,19,52,2,10文山區,文山區興隆路3段與興隆路3段192巷8弄口,0,0,1,2,H01,6,3,5,50,4,1,1,4,4,5,7,1,1,1,4,5,2,3,2,47,2,9,4,1,8,16,8,20,10,16,,67,15,1,22,9,121.5597789,24.99674931
111,2,22,19,58,2,08士林區,士林區中正路602號,0,0,2,1,C03,6,3,5,50,3,2,1,4,4,5,7,4,4,1,4,5,2,12,1,27,2,9,1,1,7,7,1,10,1,11,,44,44,1,22,9,121.5095065,25.08693809
111,2,22,19,58,2,08士林區,士林區中正路602號,0,0,2,2,C03,6,3,5,50,3,2,1,4,4,5,7,4,4,1,4,5,2,12,1,19,3,10,1,1,7,9,1,10,1,11,,13,44,1,22,9,121.5095065,25.08693809
111,2,22,19,58,2,08士林區,士林區中正路602號,0,0,2,3,H02,6,3,5,50,3,2,1,4,4,5,7,4,4,1,4,5,2,12,2,24,2,6,1,5,7,17,8,20,10,16,,67,44,1,22,9,121.5095065,25.08693809
111,2,22,19,58,2,08士林區,士林區中正路602號,0,0,2,4,,6,3,5,50,3,2,1,4,4,5,7,4,4,1,4,5,2,12,3,,,,,,,,,,,,,67,44,1,,,121.5095065,25.08693809
111,2,22,20,19,2,06松山區,松山區八德路4段580號,0,0,2,1,H01,6,3,5,0,14,9,1,4,4,5,7,4,4,10,4,5,2,3,1,56,2,9,4,1,8,16,8,20,1,16,,51,51,1,22,9,121.5716815,25.04948982
111,2,22,20,19,2,06松山區,松山區八德路4段580號,0,0,2,2,C03,6,3,5,0,14,9,1,4,4,5,7,4,4,10,4,5,2,3,2,42,2,9,1,1,7,9,1,10,1,11,,23,51,1,22,9,121.5716815,25.04948982
111,2,22,20,35,2,03中山區,中山區龍江路與龍江路345巷口,0,0,2,1,C03,6,3,5,50,3,1,1,4,4,5,7,4,4,5,5,5,2,3,1,33,2,8,1,1,7,9,1,10,1,11,,23,23,1,22,9,121.5409184,25.0633702
111,2,22,20,35,2,03中山區,中山區龍江路與龍江路345巷口,0,0,2,2,H01,6,3,5,50,3,1,1,4,4,5,7,4,4,5,5,5,2,3,2,67,2,9,4,5,8,16,8,20,10,16,,51,23,1,22,9,121.5409184,25.0633702
111,2,22,20,45,2,10文山區,文山區興隆路2段220巷18號,0,0,2,1,H01,6,3,5,0,14,9,1,4,4,5,7,4,4,5,5,5,2,3,2,10,2,8,4,5,8,16,8,20,10,16,,51,51,1,22,9,121.5520798,25.00058023
111,2,22,20,45,2,10文山區,文山區興隆路2段220巷18號,0,0,2,2,C03,6,3,5,0,14,9,1,4,4,5,7,4,4,5,5,5,2,3,1,37,2,8,1,4,7,9,3,18,2,11,,44,51,1,22,9,121.5520798,25.00058023
111,2,22,21,0,2,09北投區,北投區中央南路1段與大興街口,0,0,1,1,B03,6,3,5,50,4,1,1,4,4,5,7,2,1,5,4,5,2,17,1,59,3,10,1,1,7,5,1,8,1,8,,6,6,1,22,9,121.5011223,25.13061894
111,2,22,21,0,2,09北投區,北投區中央南路1段與大興街口,0,0,1,2,F03,6,3,5,50,4,1,1,4,4,5,7,2,1,5,4,5,2,17,1,36,2,9,1,1,7,9,8,20,1,16,,44,6,1,22,9,121.5011223,25.13061894
111,2,22,21,2,2,08士林區,士林區中正路598號,0,0,2,1,C03,6,3,5,30,14,9,1,4,4,5,7,4,4,10,4,5,1,17,1,70,4,11,3,4,7,15,7,19,11,15,,6,6,2,22,9,121.5099473,25.08705052
111,2,22,21,2,2,08士林區,士林區中正路598號,0,0,2,2,C03,6,3,5,30,14,9,1,4,4,5,7,4,4,10,4,5,1,17,1,39,2,9,1,1,7,9,1,10,2,11,,13,6,1,22,9,121.5099473,25.08705052
111,2,22,21,2,2,08士林區,士林區中正路598號,0,0,2,3,C03,6,3,5,30,14,9,1,4,4,5,7,4,4,10,4,5,1,17,1,19,2,5,1,1,7,9,1,10,2,11,,23,6,1,22,9,121.5099473,25.08705052
111,2,22,21,42,2,04大安區,大安區基隆路4段與羅斯福路4段口,0,0,3,1,B03,6,3,5,50,5,1,1,4,4,5,7,1,1,10,4,5,2,16,1,24,2,8,1,4,7,15,1,8,2,1,,23,23,1,22,9,121.5373596,25.01115467
111,2,22,21,42,2,04大安區,大安區基隆路4段與羅斯福路4段口,0,0,3,2,B03,6,3,5,50,5,1,1,4,4,5,7,1,1,10,4,5,2,16,1,55,2,8,1,4,7,15,1,8,2,2,,44,23,1,22,9,121.5373596,25.01115467
111,2,22,21,42,2,04大安區,大安區基隆路4段與羅斯福路4段口,0,0,3,3,H02,6,3,5,50,5,1,1,4,4,5,7,1,1,10,4,5,2,16,2,64,2,1,1,5,7,21,8,20,10,16,,67,23,1,22,9,121.5373596,25.01115467
111,2,22,21,51,2,04大安區,大安區敦化南路1段159號,0,0,1,1,F01,6,3,5,50,14,9,1,4,3,5,7,1,1,1,4,1,2,12,1,40,3,10,1,1,7,9,8,20,1,16,,44,44,1,22,9,121.5492519,25.0436274
111,2,22,21,51,2,04大安區,大安區敦化南路1段159號,0,0,1,2,C03,6,3,5,50,14,9,1,4,3,5,7,1,1,1,4,1,2,12,1,52,2,9,1,1,7,9,1,10,1,12,,44,44,1,22,9,121.5492519,25.0436274
111,2,22,21,51,2,04大安區,大安區敦化南路1段159號,0,0,1,3,,6,3,5,50,14,9,1,4,3,5,7,1,1,1,4,1,2,12,3,,,,,,,,,,,,,61,44,1,,,121.5492519,25.0436274
111,2,22,21,57,2,10文山區,文山區興隆路1段與景興路口,0,0,1,1,B03,6,3,5,50,5,1,1,4,4,5,7,1,1,1,3,5,2,16,1,25,3,10,1,1,7,5,1,8,2,5,,25,25,1,22,9,121.544605,24.99854735
111,2,22,21,57,2,10文山區,文山區興隆路1段與景興路口,0,0,1,2,C03,6,3,5,50,5,1,1,4,4,5,7,1,1,1,3,5,2,16,1,23,2,9,1,1,7,9,1,10,2,11,,25,25,1,22,9,121.544605,24.99854735
111,2,22,23,15,2,08士林區,士林區承德路4段與劍潭路口,0,0,1,1,C04,6,3,5,50,4,1,1,4,4,5,7,2,1,1,3,5,2,17,1,18,3,10,1,4,7,5,1,10,1,13,,8,8,1,22,9,121.5234488,25.08419315
111,2,22,23,15,2,08士林區,士林區承德路4段與劍潭路口,0,0,1,2,C03,6,3,5,50,4,1,1,4,4,5,7,2,1,1,3,5,2,17,1,21,2,9,1,4,7,9,1,10,1,11,,44,8,1,22,9,121.5234488,25.08419315
111,2,23,0,23,2,05中正區,中正區重慶南路1段與武昌街1段口,0,0,1,1,B01,6,3,5,50,4,1,1,4,4,5,7,1,1,7,4,5,2,12,1,51,3,10,1,4,7,6,6,18,3,6,,44,44,1,22,9,121.5131922,25.04406675
111,2,23,0,23,2,05中正區,中正區重慶南路1段與武昌街1段口,0,0,1,2,C03,6,3,5,50,4,1,1,4,4,5,7,1,1,7,4,5,2,12,2,26,2,9,1,1,7,9,1,10,2,14,,44,44,1,22,9,121.5131922,25.04406675
111,2,23,1,19,2,05中正區,中正區永福橋與永福橋口水源路匝道,0,0,2,1,B03,6,3,5,30,5,2,1,4,4,5,7,4,4,10,4,5,2,15,1,29,2,8,1,1,7,15,6,8,1,5,,4,4,1,22,9,121.528384,25.01190399
111,2,23,1,19,2,05中正區,中正區永福橋與永福橋口水源路匝道,0,0,2,2,B01,6,3,5,30,5,2,1,4,4,5,7,4,4,10,4,5,2,15,1,40,2,9,1,1,7,9,1,4,1,1,,44,4,1,22,9,121.528384,25.01190399
111,2,23,2,5,2,10文山區,文山區新光路2段與新光路2段74巷口附近,0,0,2,1,C03,6,3,5,50,3,2,1,4,4,5,1,4,4,5,2,5,2,9,1,18,2,9,3,4,7,6,1,10,1,14,,43,43,1,22,9,121.5939377,24.99625672
111,2,23,2,5,2,10文山區,文山區新光路2段與新光路2段74巷口附近,0,0,2,2,H02,6,3,5,50,3,2,1,4,4,5,1,4,4,5,2,5,2,9,2,19,2,9,3,5,7,20,8,20,10,16,,67,43,1,22,9,121.5939377,24.99625672
111,2,23,2,5,2,10文山區,文山區新光路2段與新光路2段74巷口附近,0,0,2,3,,6,3,5,50,3,2,1,4,4,5,1,4,4,5,2,5,2,9,3,,,,,,,,,,,,,67,43,1,,,121.5939377,24.99625672
111,2,23,3,57,2,01大同區,大同區敦煌路與哈密街59巷口,0,0,1,2,B03,6,3,5,30,4,1,1,4,4,5,7,3,1,5,5,5,2,15,1,48,3,10,3,4,7,9,1,4,1,2,,44,6,1,22,9,121.51574,25.07624723
111,2,23,3,57,2,01大同區,大同區敦煌路與哈密街59巷口,0,0,1,3,H02,6,3,5,30,4,1,1,4,4,5,7,3,1,5,5,5,2,15,1,38,2,2,4,5,7,20,8,20,10,16,,67,6,1,22,9,121.51574,25.07624723
111,2,23,3,57,2,01大同區,大同區敦煌路與哈密街59巷口,0,0,1,1,B01,6,3,5,30,4,1,1,4,4,5,7,3,1,5,5,5,2,15,1,57,3,10,3,4,7,9,1,4,1,1,,6,6,1,22,9,121.51574,25.07624723
111,2,23,5,23,2,03中山區,中山區民權西路與天祥路口,0,0,4,1,C03,6,3,5,50,4,1,1,4,4,5,7,1,1,5,5,5,2,10,2,54,2,9,1,1,7,15,1,10,1,11,,6,6,1,22,9,121.5208216,25.0627365
111,2,23,5,23,2,03中山區,中山區民權西路與天祥路口,0,0,4,2,F03,6,3,5,50,4,1,1,4,4,5,7,1,1,5,5,5,2,10,2,25,2,9,1,1,7,9,8,20,1,16,,44,6,1,22,9,121.5208216,25.0627365
111,2,23,5,23,2,03中山區,中山區民權西路與天祥路口,0,0,4,3,C03,6,3,5,50,4,1,1,4,4,5,7,1,1,5,5,5,2,10,2,20,2,9,1,1,7,9,1,10,1,11,,23,6,1,22,9,121.5208216,25.0627365
111,2,23,5,23,2,03中山區,中山區民權西路與天祥路口,0,0,4,4,C03,6,3,5,50,4,1,1,4,4,5,7,1,1,5,5,5,2,10,1,32,2,9,1,1,7,9,1,10,1,11,,42,6,1,22,9,121.5208216,25.0627365
111,2,23,6,5,2,01大同區,大同區西寧北路與忠孝西路2段口,0,0,1,1,B01,6,2,5,50,4,1,1,4,4,5,7,2,1,1,4,5,2,11,1,51,3,10,3,4,7,9,1,4,1,7,,25,25,1,22,9,121.5076193,25.04871265
111,2,23,6,5,2,01大同區,大同區西寧北路與忠孝西路2段口,0,0,1,2,C03,6,2,5,50,4,1,1,4,4,5,7,2,1,1,4,5,2,11,2,35,2,9,1,1,7,5,1,10,1,11,,42,25,1,22,9,121.5076193,25.04871265
111,2,23,6,16,2,01大同區,大同區延平北路2段202號,0,0,2,1,C03,6,2,5,50,14,13,1,4,4,5,7,2,1,9,4,5,1,8,1,25,2,8,1,1,7,9,1,10,2,11,,23,23,1,22,9,121.511401,25.05915556
111,2,23,6,16,2,01大同區,大同區延平北路2段202號,0,0,2,2,H01,6,2,5,50,14,13,1,4,4,5,7,2,1,9,4,5,1,8,2,87,2,9,4,5,8,17,8,20,10,16,,60,23,1,22,9,121.511401,25.05915556
111,2,23,6,40,2,12內湖區,內湖區潭美街與安康路106巷口,0,0,1,1,C03,6,1,5,40,4,2,1,4,4,4,7,2,1,5,5,5,2,29,1,29,2,9,1,1,7,9,1,10,1,11,,23,23,1,22,9,121.5992514,25.06068136
111,2,23,6,40,2,12內湖區,內湖區潭美街與安康路106巷口,0,0,1,2,,6,1,5,40,4,2,1,4,4,4,7,2,1,5,5,5,2,29,3,,,,,,,,,,,,,67,23,1,,,121.5992514,25.06068136
111,2,23,7,6,2,04大安區,大安區師大路77號,0,0,1,1,C03,6,1,5,50,14,9,1,4,4,5,7,4,4,4,5,5,2,13,2,37,2,9,1,1,7,9,1,10,1,11,,16,16,1,22,9,121.5285093,25.02350114
111,2,23,7,6,2,04大安區,大安區師大路77號,0,0,1,2,B03,6,1,5,50,14,9,1,4,4,5,7,4,4,4,5,5,2,13,1,52,3,10,1,1,7,9,1,8,1,3,,44,16,1,22,9,121.5285093,25.02350114
111,2,23,7,40,2,10文山區,文山區萬芳路與萬芳路口不知名巷弄口,0,0,1,1,B02,6,1,5,50,3,1,1,4,4,5,1,4,4,8,3,5,2,16,1,68,3,10,1,1,7,5,1,8,2,5,,6,6,1,22,9,121.5710297,24.99738103
111,2,23,7,40,2,10文山區,文山區萬芳路與萬芳路口不知名巷弄口,0,0,1,2,C03,6,1,5,50,3,1,1,4,4,5,1,4,4,8,3,5,2,16,1,46,2,8,1,1,7,9,1,10,2,11,,44,6,1,22,9,121.5710297,24.99738103
111,2,23,7,46,2,03中山區,中山區伊通街與建國北路1段124巷口,0,0,1,1,C03,6,1,5,30,3,1,1,4,4,5,7,4,4,10,5,5,2,16,2,68,2,7,1,1,7,5,1,10,1,11,12,6,6,1,22,9,121.5350455,25.05061667
111,2,23,7,46,2,03中山區,中山區伊通街與建國北路1段124巷口,0,0,1,2,B03,6,1,5,30,3,1,1,4,4,5,7,4,4,10,5,5,2,16,1,56,3,10,1,1,7,9,1,8,1,8,,6,6,1,22,9,121.5350455,25.05061667
111,2,23,7,55,2,12內湖區,內湖區民權東路6段180巷41弄與民權東路6段180巷口,0,0,1,1,B03,6,1,5,30,4,1,1,4,4,5,7,1,1,4,5,5,1,12,1,27,3,10,3,4,7,6,1,8,1,2,,9,9,1,22,9,121.5926954,25.06738563
111,2,23,7,55,2,12內湖區,內湖區民權東路6段180巷41弄與民權東路6段180巷口,0,0,1,2,C03,6,1,5,30,4,1,1,4,4,5,7,1,1,4,5,5,1,12,1,19,2,8,3,4,7,9,1,10,1,14,,44,9,1,22,9,121.5926954,25.06738563
111,2,23,8,7,2,08士林區,士林區堤外便道(百齡左岸068燈桿),0,0,1,1,C02,6,1,5,50,14,9,1,4,4,5,7,4,4,9,4,5,1,29,1,18,2,9,1,1,7,9,4,10,1,15,,42,42,1,22,9,121.5139678,25.08161493
111,2,23,8,7,2,08士林區,士林區堤外便道(百齡左岸068燈桿),0,0,1,2,,6,1,5,50,14,9,1,4,4,5,7,4,4,9,4,5,1,29,3,,,,,,,,,,,,,67,42,1,,,121.5139678,25.08161493
111,2,23,8,30,2,06松山區,松山區民權東路3段190號與敦化北路口,0,0,1,1,C03,6,1,5,50,5,2,1,4,4,5,7,2,1,3,4,5,2,12,1,33,2,9,1,1,7,9,1,10,1,12,,16,16,1,22,9,121.5504736,25.06150589
111,2,23,8,30,2,06松山區,松山區民權東路3段190號與敦化北路口,0,0,1,2,B01,6,1,5,50,5,2,1,4,4,5,7,2,1,3,4,5,2,12,1,64,3,10,1,1,7,9,1,2,1,7,,44,16,1,22,9,121.5504736,25.06150589
111,2,23,8,30,2,06松山區,松山區民權東路3段190號與敦化北路口,0,0,1,3,A04,6,1,5,50,5,2,1,4,4,5,7,2,1,3,4,5,2,12,1,47,3,10,1,1,7,14,1,2,1,5,,44,16,1,22,9,121.5504736,25.06150589
111,2,23,8,40,2,03中山區,中山區市民大道2段與市民大道2段5巷口,0,0,1,1,B03,6,1,5,30,3,2,1,4,4,5,7,4,4,1,4,5,2,17,1,42,3,10,1,1,7,6,1,8,11,15,,6,6,1,22,9,121.5215596,25.04824449
111,2,23,8,40,2,03中山區,中山區市民大道2段與市民大道2段5巷口,0,0,1,2,C03,6,1,5,30,3,2,1,4,4,5,7,4,4,1,4,5,2,17,2,23,2,8,1,1,7,9,1,10,1,14,,13,6,1,22,9,121.5215596,25.04824449
111,2,23,8,53,2,04大安區,大安區和平東路2段與新生南路3段口,0,0,4,1,C03,6,1,5,50,4,3,1,4,4,5,7,1,1,10,5,5,2,17,1,25,2,9,1,1,7,9,1,10,11,11,12,23,23,1,22,9,121.5349409,25.02593907
111,2,23,8,53,2,04大安區,大安區和平東路2段與新生南路3段口,0,0,4,2,C03,6,1,5,50,4,3,1,4,4,5,7,1,1,10,5,5,2,17,1,46,3,10,1,1,7,14,1,10,1,14,12,44,23,1,22,9,121.5349409,25.02593907
111,2,23,8,53,2,04大安區,大安區和平東路2段與新生南路3段口,0,0,4,3,C03,6,1,5,50,4,3,1,4,4,5,7,1,1,10,5,5,2,17,1,24,2,8,1,1,7,14,1,10,1,14,12,44,23,1,22,9,121.5349409,25.02593907
111,2,23,8,53,2,04大安區,大安區和平東路2段與新生南路3段口,0,0,4,4,C03,6,1,5,50,4,3,1,4,4,5,7,1,1,10,5,5,2,17,2,26,2,7,1,1,7,14,1,10,1,12,14,44,23,1,22,9,121.5349409,25.02593907
111,2,23,8,53,2,04大安區,大安區和平東路2段與新生南路3段口,0,0,4,5,C03,6,1,5,50,4,3,1,4,4,5,7,1,1,10,5,5,2,17,2,27,2,8,1,1,7,14,1,10,1,14,,44,23,1,22,9,121.5349409,25.02593907
111,2,23,8,58,2,05中正區,中正區同安街與晉江街口,0,0,1,1,C03,6,1,5,50,14,9,1,4,4,5,7,4,4,10,5,5,2,11,1,36,2,9,1,1,7,6,1,10,2,11,,6,6,1,22,9,121.5224188,25.0249336
111,2,23,8,58,2,05中正區,中正區同安街與晉江街口,0,0,1,2,B03,6,1,5,50,14,9,1,4,4,5,7,4,4,10,5,5,2,11,1,63,3,10,1,1,7,9,1,8,2,1,,42,6,1,22,9,121.5224188,25.0249336
111,2,23,9,2,2,01大同區,大同區延平北路1段92號,0,0,1,1,B12,6,1,5,50,14,9,1,4,4,5,7,4,4,5,2,5,2,17,1,64,3,10,1,4,7,11,1,8,2,7,,26,26,1,22,9,121.5118476,25.052441
111,2,23,9,2,2,01大同區,大同區延平北路1段92號,0,0,1,2,C03,6,1,5,50,14,9,1,4,4,5,7,4,4,5,2,5,2,17,1,26,2,9,1,4,7,9,6,18,2,11,,44,26,1,22,9,121.5118476,25.052441
111,2,23,9,15,2,06松山區,松山區塔悠路15號,0,0,1,1,B01,6,1,5,40,14,9,1,4,4,5,7,4,4,9,4,4,1,12,1,64,3,10,1,1,7,9,1,4,1,2,,44,44,1,22,9,121.5720055,25.05029012
111,2,23,9,15,2,06松山區,松山區塔悠路15號,0,0,1,2,C03,6,1,5,40,14,9,1,4,4,5,7,4,4,9,4,4,1,12,1,33,2,7,1,1,7,6,1,10,1,14,,6,44,1,22,9,121.5720055,25.05029012
111,2,23,9,22,2,08士林區,士林區洲美快速道路下迴轉道,0,0,1,1,C03,6,1,5,30,14,6,1,4,4,5,7,4,4,10,5,5,1,16,1,73,2,9,1,1,7,5,1,10,1,12,,6,6,1,21,8,121.4969531,25.09586973
111,2,23,9,22,2,08士林區,士林區洲美快速道路下迴轉道,0,0,1,2,B03,6,1,5,30,14,6,1,4,4,5,7,4,4,10,5,5,1,16,2,39,3,10,1,1,7,9,1,8,1,8,,44,6,1,21,8,121.4969531,25.09586973
111,2,23,9,35,2,02萬華區,萬華區中華路2段424號,0,0,1,1,B03,6,1,5,50,14,8,1,4,4,5,7,4,4,9,4,4,2,17,1,64,3,10,1,1,7,1,1,8,1,15,,19,19,1,22,9,121.506293,25.0276481
111,2,23,9,35,2,02萬華區,萬華區中華路2段424號,0,0,1,2,C03,6,1,5,50,14,8,1,4,4,5,7,4,4,9,4,4,2,17,2,18,2,9,1,1,7,9,1,10,1,12,,13,19,1,22,9,121.506293,25.0276481
111,2,23,9,35,2,06松山區,松山區長春路426號,0,0,2,1,C03,6,1,5,50,14,7,1,4,4,5,7,4,4,9,5,4,2,3,1,57,2,9,1,1,7,9,3,18,1,11,,15,15,1,22,9,121.5446809,25.05454256
111,2,23,9,35,2,06松山區,松山區長春路426號,0,0,2,2,H01,6,1,5,50,14,7,1,4,4,5,7,4,4,9,5,4,2,3,2,23,2,9,4,5,8,16,8,20,10,16,,51,15,1,22,9,121.5446809,25.05454256
111,2,23,9,48,2,03中山區,中山區復興北路與復興北路488巷口,0,0,1,1,B03,6,1,5,50,3,1,1,4,4,5,7,4,4,9,4,5,2,12,1,37,3,10,1,4,7,6,1,8,1,6,,9,9,1,22,9,121.5442095,25.0651387
111,2,23,9,48,2,03中山區,中山區復興北路與復興北路488巷口,0,0,1,2,C03,6,1,5,50,3,1,1,4,4,5,7,4,4,9,4,5,2,12,2,25,2,7,1,4,7,9,1,10,1,11,,14,9,1,22,9,121.5442095,25.0651387