發生年度,發生月,發生日,發生時-Hours,發生分,處理別-編號,區序,肇事地點,死亡人數,2-30日死亡人數,受傷人數,當事人序號,車種,天候,光線,道路類別,速限-速度限制,道路型態,事故位置,路面狀況1,路面狀況2,路面狀況3,道路障礙1,道路障礙2,號誌1,號誌2,車道劃分-分向,車道劃分-分道1,車道劃分-分道2,車道劃分-分道3,事故類型及型態,性別,年齡,受傷程度,主要傷處,安全帽,行動電話,車輛用途,當事者行動狀態,駕駛資格情形,駕駛執照種類,飲酒情形,車輛撞擊部位1,車輛撞擊部位2,肇因碼-個別,肇因碼-主要,個人肇逃否,職業,旅次目的,座標-X,座標-Y
111,2,23,10,11,2,09北投區,北投區大度路3段165號,0,0,3,1,C03,6,1,5,50,14,9,1,4,4,5,7,1,1,1,4,5,1,13,1,24,2,9,3,4,7,9,1,10,1,11,,16,16,1,22,9,121.4995125,25.12152716
111,2,23,10,11,2,09北投區,北投區大度路3段165號,0,0,3,2,C03,6,1,5,50,14,9,1,4,4,5,7,1,1,1,4,5,1,13,1,34,2,7,3,4,7,12,1,10,1,13,,44,16,1,22,9,121.4995125,25.12152716
111,2,23,10,11,2,09北投區,北投區大度路3段165號,0,0,3,3,H02,6,1,5,50,14,9,1,4,4,5,7,1,1,1,4,5,1,13,2,30,2,9,3,5,7,20,8,20,10,16,,67,16,1,22,9,121.4995125,25.12152716
111,2,23,10,17,2,02萬華區,萬華區忠孝西路2段與西寧南路口,0,0,1,1,C03,6,1,5,50,4,1,1,4,4,5,7,1,1,4,3,4,1,16,1,39,2,9,1,1,7,15,1,10,1,12,,25,25,1,22,9,121.5074516,25.04851818
111,2,23,10,17,2,02萬華區,萬華區忠孝西路2段與西寧南路口,0,0,1,2,B12,6,1,5,50,4,1,1,4,4,5,7,1,1,4,3,4,1,16,1,27,3,10,1,1,7,9,1,8,1,8,,44,25,1,22,9,121.5074516,25.04851818
111,2,23,12,0,2,02萬華區,萬華區萬大路493巷48弄1號,0,0,1,1,B12,6,1,5,50,14,7,1,4,4,5,7,4,4,9,5,5,2,12,1,58,3,10,1,1,7,13,1,8,1,8,,40,40,1,22,9,121.4990969,25.019942
111,2,23,12,0,2,02萬華區,萬華區萬大路493巷48弄1號,0,0,1,2,F01,6,1,5,50,14,7,1,4,4,5,7,4,4,9,5,5,2,12,2,69,2,7,1,1,7,9,8,20,1,16,,44,40,1,22,9,121.4990969,25.019942
111,2,23,12,44,2,02萬華區,萬華區萬大路277巷33弄與中華路2段416巷口,0,0,1,1,C03,6,1,5,30,4,1,1,4,4,5,7,1,1,10,5,5,2,13,2,16,2,8,1,4,7,9,2,18,1,11,,16,16,1,22,9,121.5017432,25.02648356
111,2,23,12,44,2,02萬華區,萬華區萬大路277巷33弄與中華路2段416巷口,0,0,1,2,B12,6,1,5,30,4,1,1,4,4,5,7,1,1,10,5,5,2,13,1,24,3,10,1,4,7,12,1,8,1,7,,44,16,1,22,9,121.5017432,25.02648356
111,2,23,12,52,2,04大安區,大安區大安路1段與復興南路1段107巷口,0,0,1,1,C03,6,1,5,30,4,1,1,4,4,3,5,4,4,10,4,5,1,15,1,25,3,10,1,4,7,9,1,10,1,12,,6,6,1,22,9,121.5462368,25.04356429
111,2,23,12,52,2,04大安區,大安區大安路1段與復興南路1段107巷口,0,0,1,2,C03,6,1,5,30,4,1,1,4,4,3,5,4,4,10,4,5,1,15,2,50,2,9,1,4,7,9,1,10,1,11,,44,6,1,22,9,121.5462368,25.04356429
111,2,23,13,38,2,04大安區,大安區和平東路2段134-3號,0,0,1,1,C03,6,1,5,50,14,9,1,4,4,5,7,4,4,9,4,5,1,17,1,33,3,10,1,1,7,2,1,10,1,13,,43,43,1,22,9,121.5463737,25.0245148
111,2,23,13,38,2,04大安區,大安區和平東路2段134-3號,0,0,1,2,C03,6,1,5,50,14,9,1,4,4,5,7,4,4,9,4,5,1,17,2,34,2,9,1,1,7,9,1,10,1,14,,44,43,1,22,9,121.5463737,25.0245148
111,2,23,14,37,2,03中山區,中山區民生東路2段與吉林路口,0,0,2,1,B03,6,1,5,50,4,1,1,4,4,5,7,1,1,5,4,5,2,12,2,64,3,10,1,1,7,7,1,8,1,8,,7,7,1,22,9,121.5301689,25.05797138
111,2,23,14,37,2,03中山區,中山區民生東路2段與吉林路口,0,0,2,2,C03,6,1,5,50,4,1,1,4,4,5,7,1,1,5,4,5,2,12,2,19,2,9,1,1,7,9,1,10,1,12,,44,7,1,22,9,121.5301689,25.05797138
111,2,23,14,37,2,03中山區,中山區民生東路2段與吉林路口,0,0,2,3,H02,6,1,5,50,4,1,1,4,4,5,7,1,1,5,4,5,2,12,2,35,2,9,4,5,7,20,8,20,10,16,,67,7,1,22,9,121.5301689,25.05797138
111,2,23,14,37,2,07信義區,信義區忠孝東路5段621巷與松山路393巷口,0,0,1,1,C03,6,1,5,30,4,1,1,4,4,5,7,4,4,10,5,5,2,15,1,44,2,9,1,1,7,9,1,10,1,12,,6,6,1,22,9,121.5789049,25.0420442
111,2,23,14,37,2,07信義區,信義區忠孝東路5段621巷與松山路393巷口,0,0,1,2,B03,6,1,5,30,4,1,1,4,4,5,7,4,4,10,5,5,2,15,1,20,3,10,1,1,7,9,1,8,1,1,,14,6,1,22,9,121.5789049,25.0420442
111,2,23,14,49,2,05中正區,中正區貴陽街1段與博愛路口,0,0,1,1,B12,6,1,5,50,4,1,1,4,4,5,7,2,1,9,4,5,2,2,1,76,3,10,3,1,7,5,1,8,2,5,,15,15,1,4,8,121.5111727,25.03889247
111,2,23,14,49,2,05中正區,中正區貴陽街1段與博愛路口,0,0,1,2,H01,6,1,5,50,4,1,1,4,4,5,7,2,1,9,4,5,2,2,2,33,2,8,4,5,8,16,8,20,10,16,,67,15,1,2,3,121.5111727,25.03889247
111,2,23,14,52,2,11南港區,南港區大坑街與福山街口口,0,0,3,1,C03,6,1,5,50,4,2,1,4,4,5,7,4,4,4,1,5,2,15,1,31,2,7,1,1,7,9,1,10,2,11,,6,6,1,22,9,121.6175385,25.04602396
111,2,23,14,52,2,11南港區,南港區大坑街與福山街口口,0,0,3,2,C03,6,1,5,50,4,2,1,4,4,5,7,4,4,4,1,5,2,15,2,30,2,8,1,1,7,9,1,10,2,11,,44,6,1,22,9,121.6175385,25.04602396
111,2,23,14,52,2,11南港區,南港區大坑街與福山街口口,0,0,3,3,H02,6,1,5,50,4,2,1,4,4,5,7,4,4,4,1,5,2,15,2,26,2,7,4,1,7,20,8,20,10,15,,67,6,1,22,9,121.6175385,25.04602396
111,2,23,15,39,2,09北投區,北投區承德路7段與公館路口,0,0,1,1,C03,6,1,5,60,14,9,1,4,4,5,7,4,4,9,4,5,2,18,2,22,2,8,1,1,7,12,1,10,1,14,,43,43,1,22,9,121.5019796,25.11921843
111,2,23,15,39,2,09北投區,北投區承德路7段與公館路口,0,0,1,2,,6,1,5,60,14,9,1,4,4,5,7,4,4,9,4,5,2,18,3,,,,,,,,,,,,,67,43,1,,,121.5019796,25.11921843
111,2,23,17,10,2,05中正區,中正區中華路2段與中華路2段303巷口,0,0,1,1,B01,6,1,5,50,4,1,1,4,4,5,7,2,1,4,4,5,1,17,1,69,3,10,1,1,7,11,1,4,2,15,,10,10,1,22,9,121.5048129,25.02921531
111,2,23,17,10,2,05中正區,中正區中華路2段與中華路2段303巷口,0,0,1,2,C03,6,1,5,50,4,1,1,4,4,5,7,2,1,4,4,5,1,17,2,28,2,9,1,1,7,9,1,10,2,12,,42,10,1,22,9,121.5048129,25.02921531
111,2,23,17,20,2,04大安區,大安區基隆路4段148號,0,0,2,1,H01,6,3,5,0,14,9,1,4,4,5,7,4,4,1,4,5,2,3,1,50,2,7,4,5,8,16,8,20,1,16,,51,51,1,22,9,121.5376443,25.01169602
111,2,23,17,20,2,04大安區,大安區基隆路4段148號,0,0,2,2,C03,6,3,5,0,14,9,1,4,4,5,7,4,4,1,4,5,2,3,1,33,2,9,1,1,7,9,1,10,1,14,,23,51,1,22,9,121.5376443,25.01169602
111,2,23,17,35,2,04大安區,大安區建國南路1段157號,0,0,1,1,C03,6,3,5,0,14,9,1,4,4,5,7,4,4,1,4,5,2,17,1,18,2,9,1,1,7,7,1,10,1,11,,23,23,1,22,9,121.5375783,25.04132442
111,2,23,17,35,2,04大安區,大安區建國南路1段157號,0,0,1,2,B03,6,3,5,0,14,9,1,4,4,5,7,4,4,1,4,5,2,17,1,42,3,10,1,1,7,14,1,8,1,7,,44,23,1,22,9,121.5375783,25.04132442
111,2,23,17,35,2,04大安區,大安區仁愛路3段與新生南路1段口,0,0,1,1,B01,6,3,5,50,4,1,1,4,4,5,7,1,1,10,3,5,2,3,1,63,3,10,1,1,7,9,1,4,2,1,,15,15,1,22,9,121.5328771,25.03839752
111,2,23,17,35,2,04大安區,大安區仁愛路3段與新生南路1段口,0,0,1,2,H01,6,3,5,50,4,1,1,4,4,5,7,1,1,10,3,5,2,3,1,10,2,9,4,5,8,16,8,20,10,16,,52,15,1,22,9,121.5328771,25.03839752
111,2,23,18,28,2,08士林區,士林區中正路609號與中正路口,0,0,3,1,C03,6,3,5,50,3,2,1,4,4,5,7,4,4,9,4,5,1,16,1,44,2,9,3,4,7,5,1,10,1,12,,6,6,1,22,9,121.5098623,25.08671146
111,2,23,18,28,2,08士林區,士林區中正路609號與中正路口,0,0,3,3,H02,6,3,5,50,3,2,1,4,4,5,7,4,4,9,4,5,1,16,2,24,2,9,3,5,7,21,8,20,10,15,,67,6,1,22,9,121.5098623,25.08671146
111,2,23,18,28,2,08士林區,士林區中正路609號與中正路口,0,0,3,2,C03,6,3,5,50,3,2,1,4,4,5,7,4,4,9,4,5,1,16,2,26,2,9,3,4,7,9,1,10,1,11,,44,6,1,22,9,121.5098623,25.08671146
111,2,23,18,37,2,07信義區,信義區基隆路汽機車混合地下道往南,0,0,1,1,B02,6,3,5,50,7,9,1,4,4,5,7,2,1,10,4,5,2,13,1,57,3,10,1,1,7,9,1,8,1,1,,16,16,1,22,8,121.5612445,25.03599847
111,2,23,18,37,2,07信義區,信義區基隆路汽機車混合地下道往南,0,0,1,2,C03,6,3,5,50,7,9,1,4,4,5,7,2,1,10,4,5,2,13,1,42,2,8,1,1,7,14,1,10,1,13,,44,16,1,22,8,121.5612445,25.03599847
111,2,23,18,39,2,04大安區,大安區敦化南路2段113號,0,0,1,1,A02,6,3,5,50,14,9,1,4,4,5,7,4,4,1,4,5,1,9,1,47,3,10,1,4,7,15,1,2,2,1,,23,23,1,22,9,121.5489794,25.0270855
111,2,23,18,39,2,04大安區,大安區敦化南路2段113號,0,0,1,2,H01,6,3,5,50,14,9,1,4,4,5,7,4,4,1,4,5,1,9,1,72,2,9,4,4,8,20,8,20,10,16,,54,23,1,22,9,121.5489794,25.0270855
111,2,23,18,51,2,07信義區,信義區莊敬路274號,0,0,3,1,B03,6,3,5,40,14,8,1,4,4,5,7,4,4,9,4,4,2,17,1,30,3,10,3,4,7,13,1,8,2,4,,40,40,1,22,9,121.5627736,25.02894461
111,2,23,18,51,2,07信義區,信義區莊敬路274號,0,0,3,2,F02,6,3,5,40,14,8,1,4,4,5,7,4,4,9,4,4,2,17,2,46,2,9,3,4,7,9,8,20,2,16,,44,40,1,22,9,121.5627736,25.02894461
111,2,23,18,51,2,07信義區,信義區莊敬路274號,0,0,3,3,H02,6,3,5,40,14,8,1,4,4,5,7,4,4,9,4,4,2,17,2,6,2,9,3,5,7,21,8,20,10,16,,67,40,1,22,9,121.5627736,25.02894461
111,2,23,18,51,2,07信義區,信義區莊敬路274號,0,0,3,4,H02,6,3,5,40,14,8,1,4,4,5,7,4,4,9,4,4,2,17,2,5,2,9,4,5,7,21,8,20,10,16,,67,40,1,22,9,121.5627736,25.02894461
111,2,23,18,58,2,07信義區,信義區永吉路與永吉路326巷口,0,0,1,1,B03,6,3,5,50,4,1,1,4,4,5,7,1,1,1,4,4,1,15,1,20,3,10,3,4,7,9,1,8,1,5,,25,25,1,22,9,121.5755888,25.04544745
111,2,23,18,58,2,07信義區,信義區永吉路與永吉路326巷口,0,0,1,2,C03,6,3,5,50,4,1,1,4,4,5,7,1,1,1,4,4,1,15,2,21,2,9,3,4,7,1,1,10,1,11,,19,25,1,22,9,121.5755888,25.04544745
111,2,23,19,13,2,02萬華區,萬華區中華路1段與武昌街2段口,0,0,1,1,B01,6,3,5,50,4,1,1,4,4,5,7,1,1,1,4,1,2,2,1,58,3,10,1,1,7,5,1,4,2,8,,15,15,1,22,9,121.5088636,25.04421161
111,2,23,19,13,2,02萬華區,萬華區中華路1段與武昌街2段口,0,0,1,2,H01,6,3,5,50,4,1,1,4,4,5,7,1,1,1,4,1,2,2,1,37,2,7,4,5,8,16,8,20,10,16,,67,15,1,22,9,121.5088636,25.04421161
111,2,23,19,17,2,10文山區,文山區木柵路2段138巷與興隆路4段105巷口,0,0,1,1,H01,6,3,5,0,4,2,1,4,4,5,7,2,1,5,2,5,2,3,2,10,2,8,4,5,8,18,8,20,10,16,,52,52,1,22,9,121.5622242,24.987746
111,2,23,19,17,2,10文山區,文山區木柵路2段138巷與興隆路4段105巷口,0,0,1,2,B03,6,3,5,0,4,2,1,4,4,5,7,2,1,5,2,5,2,3,1,40,3,10,3,4,7,9,1,7,2,1,,15,52,1,22,9,121.5622242,24.987746
111,2,23,19,20,2,09北投區,北投區立賢路下橋處,0,0,1,1,B03,6,3,5,50,15,9,1,4,4,5,7,4,4,9,4,5,2,12,1,57,3,10,3,4,7,9,1,8,1,8,,44,44,1,22,9,121.5006359,25.1131887
111,2,23,19,20,2,09北投區,北投區立賢路下橋處,0,0,1,2,C03,6,3,5,50,15,9,1,4,4,5,7,4,4,9,4,5,2,12,1,49,2,9,3,4,7,9,1,10,1,12,,44,44,1,22,9,121.5006359,25.1131887
111,2,23,19,20,2,07信義區,信義區信義路4段與基隆路2段口,0,0,1,1,B03,6,3,5,50,4,2,1,4,4,5,7,2,1,1,4,5,2,13,1,51,2,1,1,1,7,9,1,8,2,8,,23,23,1,22,8,121.5596986,25.03298609
111,2,23,19,20,2,07信義區,信義區信義路4段與基隆路2段口,0,0,1,2,B03,6,3,5,50,4,2,1,4,4,5,7,2,1,1,4,5,2,13,1,25,3,10,1,1,7,9,1,8,2,7,,44,23,1,22,8,121.5596986,25.03298609
111,2,23,19,20,2,07信義區,信義區信義路4段與基隆路2段口,0,0,1,3,,6,3,5,50,4,2,1,4,4,5,7,2,1,1,4,5,2,13,3,,,,,,,,,,,,,67,23,1,,,121.5596986,25.03298609
111,2,23,19,20,2,07信義區,信義區市民大道6段與虎林街口口,0,0,1,1,C03,6,3,5,40,14,9,1,4,4,5,7,2,1,1,4,5,2,18,1,24,2,9,1,1,7,9,1,10,9,12,,43,43,1,22,9,121.5758152,25.04917537
111,2,23,19,20,2,07信義區,信義區市民大道6段與虎林街口口,0,0,1,2,,6,3,5,40,14,9,1,4,4,5,7,2,1,1,4,5,2,18,3,,,,,,,,,,,,,67,43,1,,,121.5758152,25.04917537
111,2,23,19,31,2,06松山區,松山區南京東路5段171號,0,0,1,1,B03,6,3,5,50,14,7,1,4,4,5,7,1,1,1,4,4,2,17,1,50,3,10,1,4,7,11,1,8,1,5,,25,25,1,22,9,121.5637563,25.05145978
111,2,23,19,31,2,06松山區,松山區南京東路5段171號,0,0,1,2,C03,6,3,5,50,14,7,1,4,4,5,7,1,1,1,4,4,2,17,2,22,2,9,1,1,7,9,1,10,1,11,,44,25,1,22,9,121.5637563,25.05145978
111,2,23,19,55,2,12內湖區,內湖區內湖路1段91巷24弄與內湖路1段91巷口,0,0,1,1,B03,6,3,5,30,3,1,1,4,4,5,7,4,4,10,5,5,2,3,1,31,3,10,1,1,7,9,1,8,1,5,,23,23,1,22,9,121.561842,25.08532714
111,2,23,19,55,2,12內湖區,內湖區內湖路1段91巷24弄與內湖路1段91巷口,0,0,1,2,H01,6,3,5,30,3,1,1,4,4,5,7,4,4,10,5,5,2,3,1,79,2,9,4,1,8,16,8,20,10,16,,51,23,1,22,9,121.561842,25.08532714
111,2,23,20,10,2,10文山區,文山區興隆路2段96巷與仙岩路口,0,0,1,1,B12,6,3,5,50,4,2,1,4,4,5,7,1,1,9,4,5,2,3,1,36,3,10,1,1,7,6,1,8,2,1,,15,15,1,22,9,121.5503933,25.00013252
111,2,23,20,10,2,10文山區,文山區興隆路2段96巷與仙岩路口,0,0,1,2,H01,6,3,5,50,4,2,1,4,4,5,7,1,1,9,4,5,2,3,2,59,2,1,4,1,8,16,8,20,10,15,,67,15,1,22,9,121.5503933,25.00013252
111,2,23,20,10,2,07信義區,(基隆路一段147巷),0,0,1,1,C03,6,3,5,30,14,9,1,4,4,5,7,4,4,10,5,5,1,17,1,31,3,10,1,4,7,12,1,10,1,13,,42,42,1,22,9,121.5657047,25.0425366
111,2,23,20,10,2,07信義區,(基隆路一段147巷),0,0,1,2,C03,6,3,5,30,14,9,1,4,4,5,7,4,4,10,5,5,1,17,1,29,2,9,3,4,7,9,1,10,1,11,,23,42,1,22,9,121.5657047,25.0425366
111,2,23,20,16,2,09北投區,北投區西安街2段與明德路口,0,0,1,1,B03,6,3,5,50,4,1,1,4,4,5,7,1,1,9,4,5,2,3,1,53,3,10,3,4,7,5,1,8,1,8,,43,43,1,22,9,121.5191818,25.10917167
111,2,23,20,16,2,09北投區,北投區西安街2段與明德路口,0,0,1,2,H01,6,3,5,50,4,1,1,4,4,5,7,1,1,9,4,5,2,3,2,49,2,8,4,5,8,16,8,20,10,16,,67,43,1,22,9,121.5191818,25.10917167
111,2,23,20,20,2,10文山區,文山區辛亥路4段與辛亥路4段222巷口口,0,0,1,1,C03,6,3,5,30,3,1,1,4,4,5,7,3,1,10,5,5,2,16,2,53,3,10,1,1,7,5,1,10,1,14,,6,6,1,22,9,121.5554057,25.00222129
111,2,23,20,20,2,10文山區,文山區辛亥路4段與辛亥路4段222巷口口,0,0,1,2,C03,6,3,5,30,3,1,1,4,4,5,7,3,1,10,5,5,2,16,2,27,2,9,1,1,7,9,1,10,1,11,,14,6,1,22,9,121.5554057,25.00222129
111,2,23,20,30,2,10文山區,文山區指南路2段61號,0,0,1,1,C03,6,3,5,50,14,9,1,4,4,5,7,4,4,9,5,5,2,18,2,33,2,9,1,1,7,3,1,10,1,14,,43,43,1,22,9,121.5746546,24.9878977
111,2,23,20,30,2,10文山區,文山區指南路2段61號,0,0,1,2,,6,3,5,50,14,9,1,4,4,5,7,4,4,9,5,5,2,18,3,,,,,,,,,,,,,67,43,1,,,121.5746546,24.9878977
111,2,23,20,40,2,10文山區,文山區辛亥路5段25巷與興隆路2段244巷口口,0,0,1,1,C03,6,3,5,30,4,1,1,4,4,5,7,2,1,5,5,5,2,16,1,24,3,10,1,1,7,5,1,10,1,11,,6,6,1,22,9,121.5541274,24.9998634
111,2,23,20,40,2,10文山區,文山區辛亥路5段25巷與興隆路2段244巷口口,0,0,1,2,C03,6,3,5,30,4,1,1,4,4,5,7,2,1,5,5,5,2,16,1,19,2,7,1,1,7,9,1,10,1,11,,13,6,1,22,9,121.5541274,24.9998634
111,2,23,21,0,2,05中正區,中正區汀州路2段與金門街口,0,0,1,1,B03,6,3,5,50,4,2,1,4,4,5,7,1,1,5,4,5,2,16,1,42,3,10,1,1,7,5,1,8,2,6,,8,8,1,22,9,121.5239732,25.02229691
111,2,23,21,0,2,05中正區,中正區汀州路2段與金門街口,0,0,1,2,C03,6,3,5,50,4,2,1,4,4,5,7,1,1,5,4,5,2,16,2,27,2,8,1,1,7,9,1,10,2,11,,44,8,1,22,9,121.5239732,25.02229691
111,2,23,22,10,2,05中正區,中正區南海路與牯嶺街口,0,0,1,1,B03,6,3,5,30,4,1,1,4,4,1,7,1,1,10,4,5,2,16,2,39,3,10,1,1,7,5,1,8,2,4,,6,6,1,22,9,121.5149685,25.03202905
111,2,23,22,10,2,05中正區,中正區南海路與牯嶺街口,0,0,1,2,C03,6,3,5,30,4,1,1,4,4,1,7,1,1,10,4,5,2,16,1,22,2,9,1,1,7,9,1,9,2,12,,13,6,1,22,9,121.5149685,25.03202905
111,2,23,22,40,2,03中山區,中山區市民大道3段東往西(安東街16巷18弄東側迴轉道),0,0,2,1,C03,6,3,5,40,3,1,1,4,4,5,7,4,4,1,4,5,2,12,2,28,2,7,3,4,7,5,1,10,1,14,,8,8,1,22,9,121.5408264,25.04470161
111,2,23,22,40,2,03中山區,中山區市民大道3段東往西(安東街16巷18弄東側迴轉道),0,0,2,2,C03,6,3,5,40,3,1,1,4,4,5,7,4,4,1,4,5,2,12,2,20,2,8,3,4,7,9,1,10,1,12,,13,8,1,22,9,121.5408264,25.04470161
111,2,23,23,30,2,03中山區,中山區中山北路2段44巷與中山北路2段口,0,0,1,1,B03,6,3,5,50,4,1,1,4,4,5,7,1,1,5,5,5,2,2,2,51,4,11,3,4,7,15,7,19,11,15,,15,15,2,22,9,121.522816,25.05507021
111,2,23,23,30,2,03中山區,中山區中山北路2段44巷與中山北路2段口,0,0,1,2,H01,6,3,5,50,4,1,1,4,4,5,7,1,1,5,5,5,2,2,2,20,2,9,4,5,8,16,8,20,10,16,,67,15,1,22,9,121.522816,25.05507021
111,2,24,5,33,2,01大同區,大同區環河北路1段與民生西路口,0,0,1,1,C03,7,3,5,50,4,1,1,5,4,5,7,1,1,1,4,5,2,15,1,26,3,10,1,1,7,9,1,10,2,12,,25,25,1,22,9,121.5083037,25.05687359
111,2,24,5,33,2,01大同區,大同區環河北路1段與民生西路口,0,0,1,2,C03,7,3,5,50,4,1,1,5,4,5,7,1,1,1,4,5,2,15,1,21,2,9,1,1,7,9,1,10,2,11,,44,25,1,22,9,121.5083037,25.05687359
111,2,24,6,10,2,10文山區,文山區基隆路4段與汀州路4段口,0,0,1,1,C03,6,2,5,50,4,1,1,4,4,5,7,2,1,1,4,5,1,17,2,21,3,10,1,1,7,11,1,10,1,15,,26,26,1,22,9,121.5364261,25.0108145
111,2,24,6,10,2,10文山區,文山區基隆路4段與汀州路4段口,0,0,1,2,C03,6,2,5,50,4,1,1,4,4,5,7,2,1,1,4,5,1,17,1,43,2,9,1,1,7,9,1,10,1,12,,13,26,1,22,9,121.5364261,25.0108145
111,2,24,7,39,2,05中正區,中正區中華路2段311巷與中華路2段口,0,0,1,1,B03,7,1,5,50,3,1,1,5,4,5,7,4,4,5,4,5,2,16,2,53,3,10,1,1,7,8,1,8,2,2,,7,7,1,22,9,121.5057669,25.02826081
111,2,24,7,39,2,05中正區,中正區中華路2段311巷與中華路2段口,0,0,1,2,C03,7,1,5,50,3,1,1,5,4,5,7,4,4,5,4,5,2,16,1,42,2,8,1,1,7,9,1,10,2,14,,44,7,1,22,9,121.5057669,25.02826081
111,2,24,7,39,2,05中正區,中正區中華路2段311巷與中華路2段口,0,0,1,3,H02,7,1,5,50,3,1,1,5,4,5,7,4,4,5,4,5,2,16,2,10,4,11,1,5,7,20,8,20,10,16,,67,7,1,22,9,121.5057669,25.02826081
111,2,24,7,48,2,02萬華區,萬華區和平西路3段290-6號與大理街175巷口前,0,0,2,1,F01,7,1,5,50,3,2,1,5,4,5,7,4,4,1,3,5,1,11,2,15,2,8,1,1,7,5,8,20,2,16,,26,26,1,22,9,121.4945129,25.03510658
111,2,24,7,48,2,02萬華區,萬華區和平西路3段290-6號與大理街175巷口前,0,0,2,2,C03,7,1,5,50,3,2,1,5,4,5,7,4,4,1,3,5,1,11,1,46,2,9,1,1,7,6,1,10,2,12,,13,26,1,22,9,121.4945129,25.03510658
111,2,24,7,53,2,01大同區,大同區民族西路266號,0,0,1,1,C03,7,1,5,50,14,9,1,5,4,5,7,4,4,9,4,5,1,18,1,44,2,9,1,1,7,9,1,10,1,15,,44,44,1,22,9,121.5120018,25.0684815
111,2,24,7,53,2,01大同區,大同區民族西路266號,0,0,1,2,,7,1,5,50,14,9,1,5,4,5,7,4,4,9,4,5,1,18,3,,,,,,,,,,,,,61,44,1,,,121.5120018,25.0684815
111,2,24,8,25,2,04大安區,大安區通化街與通化街24巷口,0,0,1,2,F02,7,1,5,30,4,1,1,5,4,5,7,4,4,10,5,5,2,16,2,43,2,9,1,1,7,9,8,20,1,16,,44,23,1,22,9,121.5542442,25.03166185
111,2,24,8,25,2,04大安區,大安區通化街與通化街24巷口,0,0,1,1,B03,7,1,5,30,4,1,1,5,4,5,7,4,4,10,5,5,2,16,1,37,3,10,1,1,7,6,1,8,1,5,,23,23,1,22,9,121.5542442,25.03166185
111,2,24,8,35,2,07信義區,信義區福德街與福德街193巷口,0,0,1,1,B03,6,1,5,30,3,2,1,4,4,5,7,4,4,5,4,5,2,17,2,37,3,10,1,1,7,5,1,8,1,15,,8,8,1,22,9,121.5843172,25.03835546
111,2,24,8,35,2,07信義區,信義區福德街與福德街193巷口,0,0,1,2,C03,6,1,5,30,3,2,1,4,4,5,7,4,4,5,4,5,2,17,2,33,2,8,1,1,7,9,1,10,1,12,,14,8,1,22,9,121.5843172,25.03835546
111,2,24,8,37,2,05中正區,中正區重慶南路1段與襄陽路口,0,0,1,1,B03,6,1,5,50,3,2,1,4,4,5,7,2,1,5,4,5,2,16,1,32,3,10,1,1,7,5,1,8,2,8,,44,44,1,22,9,121.5132562,25.04344232
111,2,24,8,37,2,05中正區,中正區重慶南路1段與襄陽路口,0,0,1,2,C03,6,1,5,50,3,2,1,4,4,5,7,2,1,5,4,5,2,16,1,41,2,8,1,1,7,6,1,10,2,14,,44,44,1,22,9,121.5132562,25.04344232
111,2,24,8,44,2,02萬華區,萬華區中華路1段與成都路口,0,0,1,1,C03,7,1,5,50,4,1,1,4,4,5,7,1,1,1,5,5,2,17,2,25,2,9,1,1,7,12,1,10,1,14,,42,42,1,22,9,121.5080926,25.04208966
111,2,24,8,44,2,02萬華區,萬華區中華路1段與成都路口,0,0,1,2,B03,7,1,5,50,4,1,1,4,4,5,7,1,1,1,5,5,2,17,1,52,3,10,1,1,7,12,1,8,1,15,,44,42,1,22,9,121.5080926,25.04208966
111,2,24,8,45,2,04大安區,大安區和平東路1段52號與和平東路1段口,0,0,1,1,C03,6,1,5,50,3,2,1,4,4,5,7,1,1,1,3,4,2,13,1,25,2,8,1,1,7,9,1,10,1,11,,16,16,1,22,9,121.5239775,25.02691771
111,2,24,8,45,2,04大安區,大安區和平東路1段52號與和平東路1段口,0,0,1,2,B03,6,1,5,50,3,2,1,4,4,5,7,1,1,1,3,4,2,13,1,38,3,10,1,1,7,9,1,8,1,6,,44,16,1,22,9,121.5239775,25.02691771
111,2,24,8,46,2,01大同區,大同區萬全街與雙連街口,0,0,3,1,B01,7,1,5,30,14,9,1,5,4,5,7,4,4,10,5,5,1,16,1,56,2,9,3,4,7,9,1,4,2,1,,6,6,1,22,9,121.5190376,25.0585391
111,2,24,8,46,2,01大同區,大同區萬全街與雙連街口,0,0,3,2,C03,7,1,5,30,14,9,1,5,4,5,7,4,4,10,5,5,1,16,1,53,2,9,3,4,7,9,1,10,2,12,,44,6,1,22,9,121.5190376,25.0585391
111,2,24,8,46,2,01大同區,大同區萬全街與雙連街口,0,0,3,3,B03,7,1,5,30,14,9,1,5,4,5,7,4,4,10,5,5,1,16,1,39,3,10,3,4,7,13,1,8,11,2,,38,6,1,22,9,121.5190376,25.0585391
111,2,24,8,46,2,01大同區,大同區萬全街與雙連街口,0,0,3,4,H01,7,1,5,30,14,9,1,5,4,5,7,4,4,10,5,5,1,16,2,42,2,8,4,5,8,21,8,20,10,16,,67,6,1,22,9,121.5190376,25.0585391
111,2,24,8,49,2,06松山區,松山區光復北路190巷46號,0,0,1,1,B01,8,1,5,30,14,9,1,5,4,5,7,4,4,9,5,5,2,3,1,69,4,11,3,4,7,15,7,19,11,15,,23,23,2,22,9,121.5530758,25.05395351