發生年度,發生月,發生日,發生時-Hours,發生分,處理別-編號,區序,肇事地點,死亡人數,2-30日死亡人數,受傷人數,當事人序號,車種,天候,光線,道路類別,速限-速度限制,道路型態,事故位置,路面狀況1,路面狀況2,路面狀況3,道路障礙1,道路障礙2,號誌1,號誌2,車道劃分-分向,車道劃分-分道1,車道劃分-分道2,車道劃分-分道3,事故類型及型態,性別,年齡,受傷程度,主要傷處,安全帽,行動電話,車輛用途,當事者行動狀態,駕駛資格情形,駕駛執照種類,飲酒情形,車輛撞擊部位1,車輛撞擊部位2,肇因碼-個別,肇因碼-主要,個人肇逃否,職業,旅次目的,座標-X,座標-Y
111,2,24,8,49,2,06松山區,松山區光復北路190巷46號,0,0,1,2,H01,8,1,5,30,14,9,1,5,4,5,7,4,4,9,5,5,2,3,2,80,2,9,4,5,8,16,8,20,10,16,,51,23,1,22,9,121.5530758,25.05395351
111,2,24,8,55,2,03中山區,中山區民族東路與雙城街口,0,0,2,1,C03,8,1,5,30,3,1,1,5,4,5,7,4,4,10,4,5,2,15,1,26,2,8,1,4,7,9,1,10,1,14,,25,25,1,22,9,121.5247131,25.068243
111,2,24,8,55,2,03中山區,中山區民族東路與雙城街口,0,0,2,2,C03,8,1,5,30,3,1,1,5,4,5,7,4,4,10,4,5,2,15,2,41,2,1,1,4,7,9,1,10,1,11,,44,25,1,22,9,121.5247131,25.068243
111,2,24,8,57,2,03中山區,中山區北安路813號,0,0,1,1,C03,7,1,5,50,14,9,1,5,4,5,7,4,4,9,4,5,2,13,1,24,2,9,1,1,7,9,1,10,1,11,,23,23,1,5,1,121.5556954,25.08497156
111,2,24,8,57,2,03中山區,中山區北安路813號,0,0,1,2,A12,7,1,5,50,14,9,1,5,4,5,7,4,4,9,4,5,2,13,1,40,3,10,1,1,7,14,1,7,1,3,,38,23,1,5,4,121.5556954,25.08497156
111,2,24,9,0,2,08士林區,士林區延平北路6段與通河西街2段口,0,0,2,1,B03,7,1,5,30,5,2,1,5,4,5,7,2,1,1,4,4,2,17,1,57,3,10,1,1,7,6,1,8,1,8,,9,9,1,21,8,121.4978352,25.0939917
111,2,24,9,0,2,08士林區,士林區延平北路6段與通河西街2段口,0,0,2,2,C03,7,1,5,30,5,2,1,5,4,5,7,2,1,1,4,4,2,17,2,23,2,8,1,1,7,5,1,10,1,12,,8,9,1,21,8,121.4978352,25.0939917
111,2,24,9,0,2,08士林區,士林區延平北路6段與通河西街2段口,0,0,2,3,H02,7,1,5,30,5,2,1,5,4,5,7,2,1,1,4,4,2,17,2,49,2,8,4,5,7,20,8,20,1,16,,67,9,1,21,8,121.4978352,25.0939917
111,2,24,9,3,2,07信義區,信義區信安街67巷克勤新村公車站牌前,0,0,1,1,B03,6,1,5,40,14,7,1,4,4,5,7,4,4,9,4,4,1,16,2,47,3,10,1,1,7,1,1,8,1,8,,19,19,1,22,9,121.5602919,25.02597543
111,2,24,9,3,2,07信義區,信義區信安街67巷克勤新村公車站牌前,0,0,1,2,C03,6,1,5,40,14,7,1,4,4,5,7,4,4,9,4,4,1,16,2,34,2,9,1,1,7,4,1,10,1,12,,1,19,1,22,9,121.5602919,25.02597543
111,2,24,9,10,2,08士林區,士林區中山北路6段405巷63-1號前,0,0,1,1,B03,7,1,5,50,14,9,1,5,4,5,7,4,4,5,5,5,1,12,2,43,3,10,1,1,7,8,1,8,1,2,,7,7,1,22,9,121.5266178,25.11602488
111,2,24,9,10,2,08士林區,士林區中山北路6段405巷63-1號前,0,0,1,2,C03,7,1,5,50,14,9,1,5,4,5,7,4,4,5,5,5,1,12,2,50,2,9,1,1,7,9,1,10,1,14,,44,7,1,22,9,121.5266178,25.11602488
111,2,24,9,19,2,06松山區,松山區民權東路3段170號,0,0,1,1,B03,6,1,5,50,14,9,1,4,4,5,7,4,4,3,4,5,2,12,1,39,3,10,1,1,7,8,1,8,1,5,,44,44,1,22,9,121.5488608,25.06178302
111,2,24,9,19,2,06松山區,松山區民權東路3段170號,0,0,1,2,C03,6,1,5,50,14,9,1,4,4,5,7,4,4,3,4,5,2,12,1,33,2,9,1,1,7,9,1,10,1,14,,44,44,1,22,9,121.5488608,25.06178302
111,2,24,9,19,2,06松山區,松山區民權東路3段170號,0,0,1,3,A02,6,1,5,50,14,9,1,4,4,5,7,4,4,3,4,5,2,12,2,50,3,10,1,1,7,8,1,2,1,15,,7,44,1,22,9,121.5488608,25.06178302
111,2,24,9,44,2,03中山區,中山區復興北路428號,0,0,1,1,B01,6,1,5,50,14,8,1,4,4,5,7,4,4,1,3,4,1,12,1,59,3,10,3,4,7,7,1,4,1,4,,7,7,1,22,9,121.5441606,25.06327048
111,2,24,9,44,2,03中山區,中山區復興北路428號,0,0,1,2,C03,6,1,5,50,14,8,1,4,4,5,7,4,4,1,3,4,1,12,1,36,2,7,3,4,7,9,1,10,1,12,,44,7,1,22,9,121.5441606,25.06327048
111,2,24,9,44,2,03中山區,中山區復興北路428號,0,0,1,3,B01,6,1,5,50,14,8,1,4,4,5,7,4,4,1,3,4,1,12,1,58,3,10,3,4,7,15,1,4,1,15,,38,7,2,22,9,121.5441606,25.06327048
111,2,24,9,45,2,04大安區,"大安區辛亥路3段(東往西,二殯對面)",0,0,1,1,C03,7,1,5,50,14,9,1,5,4,5,7,1,1,1,4,5,2,13,2,22,2,9,1,1,7,12,1,10,1,14,12,42,42,1,22,9,121.5530535,25.01442035
111,2,24,9,45,2,04大安區,"大安區辛亥路3段(東往西,二殯對面)",0,0,1,2,B03,7,1,5,50,14,9,1,5,4,5,7,1,1,1,4,5,2,13,2,46,3,10,1,1,7,12,1,8,1,3,,44,42,1,22,9,121.5530535,25.01442035
111,2,24,9,50,2,11南港區,南港區南港路3段與東新街口,0,0,1,1,B12,6,1,5,50,14,7,1,4,4,5,7,4,4,9,4,5,2,12,1,42,4,11,3,4,7,10,7,19,11,15,,7,7,2,22,9,121.5828124,25.05157911
111,2,24,9,50,2,11南港區,南港區南港路3段與東新街口,0,0,1,2,C03,6,1,5,50,14,7,1,4,4,5,7,4,4,9,4,5,2,12,1,23,3,10,1,1,7,9,1,10,1,13,,44,7,1,22,9,121.5828124,25.05157911
111,2,24,9,50,2,11南港區,南港區南港路3段與東新街口,0,0,1,3,C03,6,1,5,50,14,7,1,4,4,5,7,4,4,9,4,5,2,12,1,27,2,9,1,1,7,9,1,10,1,11,,44,7,1,22,9,121.5828124,25.05157911
111,2,24,9,57,2,05中正區,中正區杭州南路1段23-4號,0,0,1,1,B12,7,1,5,50,14,9,1,4,4,5,7,4,4,7,3,5,2,3,1,33,3,10,1,1,7,9,1,8,2,1,,23,23,1,22,9,121.5263021,25.04212823
111,2,24,9,57,2,05中正區,中正區杭州南路1段23-4號,0,0,1,2,H01,7,1,5,50,14,9,1,4,4,5,7,4,4,7,3,5,2,3,1,67,2,3,4,5,8,16,8,20,10,16,,51,23,1,22,9,121.5263021,25.04212823
111,2,24,10,15,2,01大同區,大同區承德路2段與太原路175巷口,0,0,1,1,C03,7,1,5,50,3,2,1,5,4,5,7,4,4,9,4,5,1,12,1,74,3,10,1,1,7,6,1,10,1,14,,6,6,1,22,9,121.5181674,25.05570027
111,2,24,10,15,2,01大同區,大同區承德路2段與太原路175巷口,0,0,1,2,C03,7,1,5,50,3,2,1,5,4,5,7,4,4,9,4,5,1,12,2,47,2,8,1,1,7,9,1,10,1,12,,44,6,1,22,9,121.5181674,25.05570027
111,2,24,10,45,2,12內湖區,內湖區舊宗路2段與舊宗路2段121巷口,0,0,1,1,B03,6,1,5,50,4,1,1,4,4,5,7,1,1,3,4,5,2,12,1,36,3,10,1,1,7,6,1,8,1,5,,9,9,1,22,9,121.5748218,25.06930811
111,2,24,10,45,2,12內湖區,內湖區舊宗路2段與舊宗路2段121巷口,0,0,1,2,C03,6,1,5,50,4,1,1,4,4,5,7,1,1,3,4,5,2,12,1,22,2,9,1,1,7,9,1,10,1,11,,44,9,1,22,9,121.5748218,25.06930811
111,2,24,10,47,2,01大同區,大同區台北橋機車道往北市,0,0,1,1,C03,7,1,5,40,8,11,1,5,4,5,7,4,4,1,4,5,1,13,2,29,2,7,3,4,7,9,1,10,1,11,,16,16,1,22,9,121.5087457,25.06332022
111,2,24,10,47,2,01大同區,大同區台北橋機車道往北市,0,0,1,2,C03,7,1,5,40,8,11,1,5,4,5,7,4,4,1,4,5,1,13,1,23,3,10,3,4,7,9,1,10,1,13,,44,16,1,22,9,121.5087457,25.06332022
111,2,24,10,47,2,01大同區,大同區台北橋機車道往北市,0,0,1,3,C03,7,1,5,40,8,11,1,5,4,5,7,4,4,1,4,5,1,13,1,63,3,10,3,4,7,9,1,10,1,15,,35,16,1,22,9,121.5087457,25.06332022
111,2,24,11,0,2,08士林區,士林區中山北路5段04停車格旁,0,0,1,1,B03,7,1,5,30,14,9,1,5,4,5,7,4,4,10,5,5,1,16,1,29,3,10,1,1,7,1,1,8,1,8,,19,19,1,21,8,121.5263032,25.1013058
111,2,24,11,0,2,08士林區,士林區中山北路5段04停車格旁,0,0,1,2,C03,7,1,5,30,14,9,1,5,4,5,7,4,4,10,5,5,1,16,1,19,2,9,1,1,7,9,1,10,1,12,,13,19,1,21,8,121.5263032,25.1013058
111,2,24,11,2,2,12內湖區,內湖區瑞光路584號前,0,0,1,1,B03,6,1,5,50,14,9,1,4,4,2,7,4,4,5,4,4,2,17,2,48,3,10,1,1,7,1,1,8,1,15,,19,19,1,22,9,121.5301495,25.09662229
111,2,24,11,2,2,12內湖區,內湖區瑞光路584號前,0,0,1,2,C03,6,1,5,50,14,9,1,4,4,2,7,4,4,5,4,4,2,17,1,32,2,9,1,1,7,9,1,10,1,15,,44,19,1,22,9,121.5301495,25.09662229
111,2,24,11,35,2,03中山區,中山區明水路397巷與明水路397巷2弄口口,0,0,1,1,C03,8,1,5,30,4,1,1,5,4,5,7,4,4,5,5,5,2,15,1,48,2,8,1,4,7,9,5,18,1,12,,6,6,1,22,9,121.5476867,25.07804937
111,2,24,11,35,2,03中山區,中山區明水路397巷與明水路397巷2弄口口,0,0,1,2,B03,8,1,5,30,4,1,1,5,4,5,7,4,4,5,5,5,2,15,1,38,3,10,3,4,7,9,1,8,1,1,,14,6,1,22,9,121.5476867,25.07804937
111,2,24,12,0,2,09北投區,北投區大業路157號與大業路口,0,0,3,1,C03,7,1,5,50,3,2,1,5,4,5,7,4,4,1,4,5,2,12,1,19,2,9,1,1,7,6,1,10,1,11,,9,9,1,22,9,121.4986385,25.12482477
111,2,24,12,0,2,09北投區,北投區大業路157號與大業路口,0,0,3,2,C03,7,1,5,50,3,2,1,5,4,5,7,4,4,1,4,5,2,12,2,24,2,9,1,1,7,9,1,10,1,11,,44,9,1,22,9,121.4986385,25.12482477
111,2,24,12,0,2,09北投區,北投區大業路157號與大業路口,0,0,3,3,H02,7,1,5,50,3,2,1,5,4,5,7,4,4,1,4,5,2,12,2,25,2,9,1,5,7,20,8,20,10,16,,67,9,1,22,9,121.4986385,25.12482477
111,2,24,12,5,2,10文山區,文山區仙岩路16巷與景華街176巷25弄口,0,0,2,1,C03,7,1,5,30,5,1,1,5,4,5,7,4,4,10,5,5,2,17,1,50,2,7,1,1,7,9,1,10,2,11,,6,6,1,22,9,121.5497447,24.99753126
111,2,24,12,5,2,10文山區,文山區仙岩路16巷與景華街176巷25弄口,0,0,2,2,C03,7,1,5,30,5,1,1,5,4,5,7,4,4,10,5,5,2,17,1,52,2,8,1,1,7,5,1,10,2,11,,2,6,1,22,9,121.5497447,24.99753126
111,2,24,12,6,2,02萬華區,萬華區西藏路與雙園街18巷口,0,0,2,1,F03,7,1,5,30,4,1,1,5,4,5,7,1,1,1,4,5,2,15,2,46,2,9,1,1,7,9,8,20,1,16,,25,25,1,22,9,121.4942765,25.02879829
111,2,24,12,6,2,02萬華區,萬華區西藏路與雙園街18巷口,0,0,2,2,C03,7,1,5,30,4,1,1,5,4,5,7,1,1,1,4,5,2,15,2,26,2,7,1,4,7,9,1,10,1,11,,13,25,1,22,9,121.4942765,25.02879829
111,2,24,12,9,2,05中正區,中正區臨沂街與臨沂街29巷口,0,0,1,1,B12,7,1,5,30,4,1,1,4,4,3,5,4,4,10,4,5,2,15,1,28,3,10,3,1,7,9,1,8,2,5,,6,6,1,6,4,121.5299246,25.0401138
111,2,24,12,9,2,05中正區,中正區臨沂街與臨沂街29巷口,0,0,1,2,C03,7,1,5,30,4,1,1,4,4,3,5,4,4,10,4,5,2,15,2,35,2,9,1,1,7,9,1,10,2,14,,14,6,1,23,8,121.5299246,25.0401138
111,2,24,12,9,2,05中正區,中正區臨沂街與臨沂街29巷口,0,0,1,3,B11,7,1,5,30,4,1,1,4,4,3,5,4,4,10,4,5,2,15,1,37,4,11,3,4,7,15,7,19,11,15,,38,6,2,22,9,121.5299246,25.0401138
111,2,24,12,42,2,06松山區,松山區南京東路5段66巷與南京東路5段66巷12弄口,0,0,1,1,C03,8,1,5,30,3,1,1,5,4,5,7,4,4,10,5,5,2,17,1,57,2,9,1,1,7,5,1,10,1,13,,8,8,1,22,9,121.5607863,25.0504598
111,2,24,12,42,2,06松山區,松山區南京東路5段66巷與南京東路5段66巷12弄口,0,0,1,2,B03,8,1,5,30,3,1,1,5,4,5,7,4,4,10,5,5,2,17,1,29,3,10,2,1,7,9,1,8,1,8,,44,8,1,22,9,121.5607863,25.0504598
111,2,24,12,45,2,11南港區,南港區忠孝東路6段360號與忠孝東路6段口,0,0,1,1,B03,6,1,5,50,4,2,1,4,4,5,7,1,1,1,1,5,2,11,2,55,3,10,1,1,7,11,1,8,1,2,,10,10,1,22,9,121.5913368,25.0497214
111,2,24,12,45,2,11南港區,南港區忠孝東路6段360號與忠孝東路6段口,0,0,1,2,C03,6,1,5,50,4,2,1,4,4,5,7,1,1,1,1,5,2,11,1,21,2,6,1,1,7,9,1,10,1,11,,44,10,1,22,9,121.5913368,25.0497214
111,2,24,12,59,2,01大同區,大同區環河北路1段往南方向,0,0,1,1,C03,8,1,5,50,14,9,1,5,4,5,7,4,4,10,4,5,2,12,2,22,2,9,1,1,7,9,1,10,1,14,,26,26,1,22,9,121.5066283,25.05045815
111,2,24,12,59,2,01大同區,大同區環河北路1段往南方向,0,0,1,2,B03,8,1,5,50,14,9,1,5,4,5,7,4,4,10,4,5,2,12,1,49,3,10,3,4,7,7,1,8,1,5,,23,26,1,22,9,121.5066283,25.05045815
111,2,24,12,59,2,06松山區,松山區民生東路5段11號,0,0,1,1,C03,7,1,5,50,14,9,1,5,4,5,7,4,4,1,3,5,2,17,2,76,2,9,3,4,7,10,1,10,1,14,,7,7,1,22,9,121.5559679,25.05836375
111,2,24,12,59,2,06松山區,松山區民生東路5段11號,0,0,1,2,B01,7,1,5,50,14,9,1,5,4,5,7,4,4,1,3,5,2,17,1,67,3,10,3,4,7,9,1,4,1,5,,44,7,1,22,9,121.5559679,25.05836375
111,2,24,13,30,2,08士林區,士林區承德路5段與承德路5段150巷口,0,0,2,1,C03,7,1,5,50,4,2,1,5,4,5,7,1,1,1,2,5,1,16,1,19,2,7,3,4,7,9,1,10,1,12,,26,26,1,22,9,121.5131359,25.09788544
111,2,24,13,30,2,08士林區,士林區承德路5段與承德路5段150巷口,0,0,2,2,C03,7,1,5,50,4,2,1,5,4,5,7,1,1,1,2,5,1,16,1,34,2,8,3,4,7,8,1,10,1,12,,7,26,1,22,9,121.5131359,25.09788544
111,2,24,13,54,2,04大安區,大安區建國南路2段大安森林公園3號出口,0,0,1,1,G06,6,1,5,0,15,20,4,4,4,5,7,4,4,10,5,5,2,29,2,57,2,9,3,4,7,9,7,19,1,15,,44,44,1,22,9,121.5374492,25.03135551
111,2,24,13,54,2,04大安區,大安區建國南路2段大安森林公園3號出口,0,0,1,2,,6,1,5,0,15,20,4,4,4,5,7,4,4,10,5,5,2,29,3,,,,,,,,,,,,,67,44,1,,,121.5374492,25.03135551
111,2,24,14,10,2,08士林區,士林區基河路捷運劍潭站(北藝中心),0,0,1,1,A02,7,1,5,0,14,9,1,5,4,5,7,4,4,1,4,5,2,9,1,52,3,10,1,1,7,1,1,2,2,6,,19,19,1,22,9,121.5248336,25.0850022
111,2,24,14,10,2,08士林區,士林區基河路捷運劍潭站(北藝中心),0,0,1,2,H02,7,1,5,0,14,9,1,5,4,5,7,4,4,1,4,5,2,9,2,80,2,7,4,5,7,19,8,20,10,16,,67,19,1,22,9,121.5248336,25.0850022
111,2,24,14,42,2,04大安區,大安區大安路1段61號,0,0,1,1,F01,7,1,5,40,14,9,1,5,4,5,7,4,4,10,4,5,2,17,2,73,2,8,1,1,7,7,8,20,1,16,,7,7,1,22,9,121.5461796,25.04276516
111,2,24,14,42,2,04大安區,大安區大安路1段61號,0,0,1,2,C03,7,1,5,40,14,9,1,5,4,5,7,4,4,10,4,5,2,17,1,30,3,10,1,1,7,7,1,10,1,15,,44,7,1,22,9,121.5461796,25.04276516
111,2,24,15,30,2,08士林區,士林區至誠路1段144號與雨聲街口,0,0,1,1,B03,8,1,5,50,14,9,1,5,4,5,7,4,4,5,5,5,2,12,1,42,3,10,1,1,7,9,1,8,1,2,,23,23,1,22,9,121.5338737,25.10130446
111,2,24,15,30,2,08士林區,士林區至誠路1段144號與雨聲街口,0,0,1,2,C03,8,1,5,50,14,9,1,5,4,5,7,4,4,5,5,5,2,12,1,61,2,9,1,1,7,9,1,10,1,14,,44,23,1,22,9,121.5338737,25.10130446
111,2,24,16,13,2,10文山區,文山區辛亥路6段90號,0,0,1,2,,7,1,5,50,14,9,1,4,4,5,7,4,4,1,4,5,2,18,3,,,,,,,,,,,,,67,43,1,,,121.5523049,24.98870787
111,2,24,16,13,2,10文山區,文山區辛亥路6段90號,0,0,1,1,C03,7,1,5,50,14,9,1,4,4,5,7,4,4,1,4,5,2,18,1,20,2,9,1,1,7,12,1,10,2,11,,43,43,1,22,9,121.5523049,24.98870787
111,2,24,16,35,2,12內湖區,內湖區內湖路1段與環山路1段9巷口,0,0,1,1,C03,8,1,5,30,3,1,1,5,4,5,7,4,4,10,4,5,2,16,2,39,3,10,1,1,7,5,1,10,1,13,,6,6,1,22,9,121.5655702,25.08300622
111,2,24,16,35,2,12內湖區,內湖區內湖路1段與環山路1段9巷口,0,0,1,2,C03,8,1,5,30,3,1,1,5,4,5,7,4,4,10,4,5,2,16,1,28,2,9,1,1,7,9,1,10,1,11,,14,6,1,22,9,121.5655702,25.08300622
111,2,24,16,44,2,09北投區,北投區石牌路1段39巷與石牌路1段39巷131弄口,0,0,1,1,B01,8,1,5,30,4,1,1,5,4,5,7,4,4,10,5,5,1,15,1,54,3,10,1,1,7,9,1,3,1,5,,6,6,1,22,9,121.5086074,25.11808581
111,2,24,16,44,2,09北投區,北投區石牌路1段39巷與石牌路1段39巷131弄口,0,0,1,2,C03,8,1,5,30,4,1,1,5,4,5,7,4,4,10,5,5,1,15,2,37,2,9,1,1,7,9,1,10,1,11,,14,6,1,22,9,121.5086074,25.11808581
111,2,24,16,56,2,04大安區,大安區延吉街233巷與延吉街口,0,0,2,1,C03,7,1,5,50,4,1,1,5,4,5,7,1,1,10,4,5,2,17,1,35,3,10,1,1,7,5,1,10,1,11,,6,6,1,22,9,121.5555629,25.03699351
111,2,24,16,56,2,04大安區,大安區延吉街233巷與延吉街口,0,0,2,2,C03,7,1,5,50,4,1,1,5,4,5,7,1,1,10,4,5,2,17,2,51,2,9,1,1,7,9,1,10,1,14,,44,6,1,22,9,121.5555629,25.03699351
111,2,24,16,56,2,04大安區,大安區延吉街233巷與延吉街口,0,0,2,3,H02,7,1,5,50,4,1,1,5,4,5,7,1,1,10,4,5,2,17,2,35,2,9,4,5,7,20,8,20,1,15,,67,6,1,22,9,121.5555629,25.03699351
111,2,24,17,20,2,08士林區,士林區重陽橋機車道往三重上橋處,0,0,1,1,C03,8,1,5,50,12,11,1,5,4,5,7,4,4,10,4,5,2,12,1,58,3,10,1,1,7,8,1,10,1,12,,7,7,1,22,9,121.5070057,25.08619953
111,2,24,17,20,2,08士林區,士林區重陽橋機車道往三重上橋處,0,0,1,2,C03,8,1,5,50,12,11,1,5,4,5,7,4,4,10,4,5,2,12,1,21,2,9,3,4,7,9,1,10,1,14,,44,7,1,22,9,121.5070057,25.08619953
111,2,24,17,45,2,02萬華區,萬華區桂林路與柳州街口,0,0,1,1,,6,3,5,50,4,1,1,4,4,5,7,2,1,9,4,5,2,9,4,,4,11,3,4,7,15,7,19,11,15,,43,43,2,22,9,121.5051862,25.03773278
111,2,24,17,45,2,02萬華區,萬華區桂林路與柳州街口,0,0,1,2,H01,6,3,5,50,4,1,1,4,4,5,7,2,1,9,4,5,2,9,2,61,2,5,4,5,8,16,8,20,10,16,,67,43,1,22,9,121.5051862,25.03773278
111,2,24,17,48,2,03中山區,中山區松江路向南新生公園旁公車停靠區,0,0,1,1,C03,6,3,5,50,14,9,1,4,4,5,7,4,4,1,4,5,2,13,1,33,2,9,1,1,7,9,1,10,2,11,,23,23,1,22,9,121.5330249,25.07077614
111,2,24,17,48,2,03中山區,中山區松江路向南新生公園旁公車停靠區,0,0,1,2,A02,6,3,5,50,14,9,1,4,4,5,7,4,4,1,4,5,2,13,1,43,3,10,1,1,7,14,1,2,2,7,,44,23,1,22,9,121.5330249,25.07077614
111,2,24,17,48,2,03中山區,中山區松江路向南新生公園旁公車停靠區,0,0,1,3,B02,6,3,5,50,14,9,1,4,4,5,7,4,4,1,4,5,2,13,1,56,4,11,3,4,7,15,7,19,11,15,,38,23,2,22,9,121.5330249,25.07077614
111,2,24,17,48,2,03中山區,中山區松江路向南新生公園旁公車停靠區,0,0,1,4,A02,6,3,5,50,14,9,1,4,4,5,7,4,4,1,4,5,2,13,4,,4,11,3,4,7,15,7,19,11,15,,38,23,2,22,9,121.5330249,25.07077614
111,2,24,17,49,2,06松山區,松山區塔悠路178號,0,0,2,1,C03,6,3,5,40,14,8,1,4,4,5,7,1,1,1,4,4,2,17,2,43,2,8,1,1,7,9,4,8,1,12,,25,25,1,22,9,121.5694146,25.05636104
111,2,24,17,49,2,06松山區,松山區塔悠路178號,0,0,2,2,C03,6,3,5,40,14,8,1,4,4,5,7,1,1,1,4,4,2,17,1,33,2,9,1,1,7,9,1,10,1,14,,44,25,1,22,9,121.5694146,25.05636104
111,2,24,18,0,2,12內湖區,內湖區安康路414巷與安康路434巷口,0,0,2,1,C04,6,3,5,50,3,1,1,4,4,5,7,4,4,9,5,5,2,2,1,29,2,8,1,1,7,9,1,10,2,11,,23,23,1,22,9,121.615396,25.06609716
111,2,24,18,0,2,12內湖區,內湖區安康路414巷與安康路434巷口,0,0,2,2,H01,6,3,5,50,3,1,1,4,4,5,7,4,4,9,5,5,2,2,1,63,2,9,4,5,8,16,8,20,10,16,,52,23,1,22,9,121.615396,25.06609716
111,2,24,18,10,2,05中正區,中正區北平東路30號對面,0,0,1,1,B03,7,3,5,40,14,8,1,5,4,5,7,4,4,10,4,4,2,17,2,44,3,10,1,1,7,14,1,8,2,6,,40,40,1,22,9,121.5260869,25.04586831
111,2,24,18,10,2,05中正區,中正區北平東路30號對面,0,0,1,2,C03,7,3,5,40,14,8,1,5,4,5,7,4,4,10,4,4,2,17,1,24,2,9,1,1,7,9,1,10,2,14,,44,40,1,22,9,121.5260869,25.04586831
111,2,24,18,10,2,05中正區,中正區北平東路30號對面,0,0,1,3,H02,7,3,5,40,14,8,1,5,4,5,7,4,4,10,4,4,2,17,2,17,3,10,4,5,7,19,8,20,10,16,,56,40,1,22,9,121.5260869,25.04586831
111,2,24,18,10,2,05中正區,中正區北平東路30號對面,0,0,1,4,C03,7,3,5,40,14,8,1,5,4,5,7,4,4,10,4,4,2,17,1,31,3,10,3,3,7,13,1,10,11,12,,44,40,1,22,9,121.5260869,25.04586831
111,2,24,18,10,2,05中正區,中正區北平東路30號對面,0,0,1,5,C03,7,3,5,40,14,8,1,5,4,5,7,4,4,10,4,4,2,17,1,22,3,10,3,1,7,13,1,9,11,12,,44,40,1,22,9,121.5260869,25.04586831
111,2,24,18,10,2,05中正區,中正區北平東路30號對面,0,0,1,6,C03,7,3,5,40,14,8,1,5,4,5,7,4,4,10,4,4,2,17,1,33,3,10,3,1,7,13,1,10,11,14,,44,40,1,22,9,121.5260869,25.04586831
111,2,24,19,10,2,08士林區,士林區中山北路6段與德行東路口,0,0,1,1,B01,8,3,5,50,4,1,1,5,4,5,7,2,1,4,3,5,2,17,1,59,3,10,3,4,7,5,1,4,1,2,,6,6,1,22,9,121.5249059,25.10643505
111,2,24,19,10,2,08士林區,士林區中山北路6段與德行東路口,0,0,1,2,C03,8,3,5,50,4,1,1,5,4,5,7,2,1,4,3,5,2,17,2,35,2,9,1,4,7,9,1,10,1,11,,44,6,1,22,9,121.5249059,25.10643505
111,2,24,19,16,2,08士林區,士林區承德路4段與劍潭路口,0,0,1,1,C03,7,3,5,50,5,1,1,5,4,5,7,1,1,1,4,5,2,17,1,27,3,10,1,1,7,8,1,10,1,15,,7,7,1,22,9,121.5233946,25.08419448
111,2,24,19,16,2,08士林區,士林區承德路4段與劍潭路口,0,0,1,2,C03,7,3,5,50,5,1,1,5,4,5,7,1,1,1,4,5,2,17,1,20,2,9,1,1,7,9,1,10,1,14,,44,7,1,22,9,121.5233946,25.08419448
111,2,24,19,18,2,09北投區,北投區中央北路3段188號,0,0,1,1,B03,8,3,5,50,14,9,1,5,4,5,7,4,4,4,1,5,2,11,1,74,3,10,1,1,7,5,1,8,1,2,,26,26,1,22,9,121.481529,25.13671466
111,2,24,19,18,2,09北投區,北投區中央北路3段188號,0,0,1,2,C03,8,3,5,50,14,9,1,5,4,5,7,4,4,4,1,5,2,11,1,21,2,9,1,1,7,9,1,10,1,11,,23,26,1,22,9,121.481529,25.13671466
111,2,24,19,24,2,03中山區,中山區中山北路1段與市民大道2段口,0,0,1,1,B03,7,3,5,50,14,9,1,5,4,5,7,1,1,1,3,5,1,16,1,36,3,10,3,4,7,9,1,8,11,2,,42,42,1,22,9,121.5204518,25.0482797
111,2,24,19,24,2,03中山區,中山區中山北路1段與市民大道2段口,0,0,1,2,C04,7,3,5,50,14,9,1,5,4,5,7,1,1,1,3,5,1,16,2,26,2,7,1,4,7,7,1,10,11,14,,7,42,1,22,9,121.5204518,25.0482797
111,2,24,19,42,2,12內湖區,內湖區民權東路6段與康寧路3段口,0,0,1,1,C03,6,3,5,40,3,2,1,4,4,5,7,3,1,3,4,4,2,17,2,30,2,9,1,1,7,6,1,10,1,14,,6,6,1,22,9,121.6061519,25.07309095
111,2,24,19,42,2,12內湖區,內湖區民權東路6段與康寧路3段口,0,0,1,2,A02,6,3,5,40,3,2,1,4,4,5,7,3,1,3,4,4,2,17,1,25,3,10,1,1,7,9,1,2,1,2,,44,6,1,22,9,121.6061519,25.07309095
111,2,24,19,54,2,10文山區,文山區羅斯福路5段222號,0,0,1,1,A02,7,3,5,50,14,9,1,5,4,5,7,4,4,1,4,5,2,16,1,58,3,10,1,1,7,10,1,2,2,4,,7,7,1,22,9,121.5387044,25.0019851
111,2,24,19,54,2,10文山區,文山區羅斯福路5段222號,0,0,1,2,C03,7,3,5,50,14,9,1,5,4,5,7,4,4,1,4,5,2,16,1,23,2,8,1,1,7,9,1,10,2,12,,44,7,1,22,9,121.5387044,25.0019851
111,2,24,21,25,2,02萬華區,萬華區桂林路64號,0,0,1,1,C03,8,3,5,50,14,9,1,5,4,5,7,1,1,5,4,5,2,16,1,63,2,1,1,1,7,7,3,18,1,14,,44,44,1,22,9,121.5028462,25.0381884
111,2,24,21,25,2,02萬華區,萬華區桂林路64號,0,0,1,2,B01,8,3,5,50,14,9,1,5,4,5,7,1,1,5,4,5,2,16,1,43,3,10,1,1,7,14,1,4,1,5,,44,44,1,22,9,121.5028462,25.0381884