發生年度,發生月,發生日,發生時-Hours,發生分,處理別-編號,區序,肇事地點,死亡人數,2-30日死亡人數,受傷人數,當事人序號,車種,天候,光線,道路類別,速限-速度限制,道路型態,事故位置,路面狀況1,路面狀況2,路面狀況3,道路障礙1,道路障礙2,號誌1,號誌2,車道劃分-分向,車道劃分-分道1,車道劃分-分道2,車道劃分-分道3,事故類型及型態,性別,年齡,受傷程度,主要傷處,安全帽,行動電話,車輛用途,當事者行動狀態,駕駛資格情形,駕駛執照種類,飲酒情形,車輛撞擊部位1,車輛撞擊部位2,肇因碼-個別,肇因碼-主要,個人肇逃否,職業,旅次目的,座標-X,座標-Y
111,2,25,18,10,2,11南港區,南港區南港路1段與東南街口,0,0,1,2,C04,8,3,5,50,4,2,1,5,4,5,7,1,1,5,5,5,2,16,1,35,3,10,1,1,7,11,1,10,2,12,,10,44,2,22,9,121.6121105,25.0554861
111,2,25,18,14,2,01大同區,大同區重慶北路2段與涼州街口,0,0,1,1,F03,8,1,5,50,4,1,1,5,4,5,7,2,1,1,4,5,2,16,2,56,3,10,3,4,7,5,8,20,1,16,,8,8,1,22,9,121.5136312,25.0607873
111,2,25,18,14,2,01大同區,大同區重慶北路2段與涼州街口,0,0,1,2,C03,8,1,5,50,4,1,1,5,4,5,7,2,1,1,4,5,2,16,1,28,2,9,3,4,7,9,1,10,1,11,,44,8,1,22,9,121.5136312,25.0607873
111,2,25,18,22,2,01大同區,大同區延平北路3段61巷與延平北路3段口,0,0,1,1,B03,8,3,5,50,3,2,1,5,4,5,7,4,4,5,4,5,2,16,2,28,3,10,3,4,7,8,1,8,2,5,,44,44,1,22,9,121.5111474,25.0655306
111,2,25,18,22,2,01大同區,大同區延平北路3段61巷與延平北路3段口,0,0,1,2,F01,8,3,5,50,3,2,1,5,4,5,7,4,4,5,4,5,2,16,2,25,2,9,3,4,7,7,8,20,2,16,,7,44,1,22,9,121.5111474,25.0655306
111,2,25,18,25,2,11南港區,南港區重陽路與興中路口,0,0,1,1,B03,8,3,5,50,4,1,1,5,4,5,7,2,1,5,5,4,2,16,1,53,3,10,3,4,7,5,1,8,2,1,,6,6,1,22,9,121.606681,25.0581199
111,2,25,18,25,2,11南港區,南港區重陽路與興中路口,0,0,1,2,C03,8,3,5,50,4,1,1,5,4,5,7,2,1,5,5,4,2,16,1,45,2,9,3,4,7,9,1,10,2,11,,23,6,1,22,9,121.606681,25.0581199
111,2,25,18,37,2,06松山區,松山區塔悠路55號,0,0,1,1,C03,7,3,5,50,14,9,1,5,4,5,7,1,1,1,4,5,2,12,1,38,3,10,1,1,7,7,1,10,1,14,,7,7,1,22,9,121.5709564,25.05099928
111,2,25,18,37,2,06松山區,松山區塔悠路55號,0,0,1,2,C03,7,3,5,50,14,9,1,5,4,5,7,1,1,1,4,5,2,12,2,36,2,9,1,1,7,9,1,10,1,12,,44,7,1,22,9,121.5709564,25.05099928
111,2,25,18,40,2,03中山區,中山區民權東路1段21號,0,0,1,1,C03,8,1,5,50,14,7,1,5,4,5,7,4,4,3,4,4,2,13,1,28,2,9,1,1,7,9,1,10,1,11,,23,23,1,22,9,121.5241242,25.06287496
111,2,25,18,40,2,03中山區,中山區民權東路1段21號,0,0,1,2,B03,8,1,5,50,14,7,1,5,4,5,7,4,4,3,4,4,2,13,1,54,3,10,1,1,7,9,1,8,1,6,,44,23,1,22,9,121.5241242,25.06287496
111,2,25,18,45,2,05中正區,中正區中華路1段與秀山街口,0,0,1,1,B12,7,3,5,50,3,2,1,5,4,5,7,4,4,1,4,5,2,16,1,38,3,10,1,1,7,6,1,8,2,15,,9,9,1,22,9,121.5087412,25.04302364
111,2,25,18,45,2,05中正區,中正區中華路1段與秀山街口,0,0,1,2,C03,7,3,5,50,3,2,1,5,4,5,7,4,4,1,4,5,2,16,1,25,2,9,1,1,7,9,1,10,2,12,,13,9,1,22,9,121.5087412,25.04302364
111,2,25,18,47,2,01大同區,大同區寧夏路21號,0,0,1,1,C03,8,3,5,40,14,9,1,5,4,5,7,4,4,10,4,5,2,17,2,28,2,9,1,1,7,9,1,10,2,14,,42,42,1,22,9,121.5150138,25.05508376
111,2,25,18,47,2,01大同區,大同區寧夏路21號,0,0,1,2,C03,8,3,5,40,14,9,1,5,4,5,7,4,4,10,4,5,2,17,1,44,3,10,1,1,7,1,1,10,2,15,,19,42,1,22,9,121.5150138,25.05508376
111,2,25,18,50,2,05中正區,中正區南海路與惠安街口,0,0,1,1,C03,7,3,5,50,3,1,1,5,4,5,7,1,1,5,4,5,2,16,2,26,2,9,1,1,7,5,1,10,1,12,,25,25,1,22,9,121.5080337,25.02812253
111,2,25,18,50,2,05中正區,中正區南海路與惠安街口,0,0,1,2,B03,7,3,5,50,3,1,1,5,4,5,7,1,1,5,4,5,2,16,2,53,3,10,1,1,7,9,1,8,1,1,,25,25,1,22,9,121.5080337,25.02812253
111,2,25,18,57,2,08士林區,士林區華岡路2號,0,0,2,1,C01,8,3,5,30,14,9,1,5,4,5,7,4,4,10,5,5,2,12,1,20,2,8,1,1,7,11,4,10,1,14,,10,10,1,22,9,121.5437011,25.13846951
111,2,25,18,57,2,08士林區,士林區華岡路2號,0,0,2,2,C03,8,3,5,30,14,9,1,5,4,5,7,4,4,10,5,5,2,12,1,21,2,8,1,1,7,9,1,10,1,11,,44,10,1,22,9,121.5437011,25.13846951
111,2,25,19,2,2,10文山區,文山區試院路8號,0,0,2,1,C03,8,3,5,30,14,9,1,5,4,5,7,4,4,8,3,5,1,11,2,21,2,9,1,1,7,5,1,10,2,11,12,8,8,1,18,2,121.5494445,24.98854751
111,2,25,19,2,2,10文山區,文山區試院路8號,0,0,2,2,C03,8,3,5,30,14,9,1,5,4,5,7,4,4,8,3,5,1,11,1,20,2,9,1,1,7,9,1,10,2,11,,13,8,1,18,2,121.5494445,24.98854751
111,2,25,19,2,2,10文山區,文山區試院路8號,0,0,2,3,H02,8,3,5,30,14,9,1,5,4,5,7,4,4,8,3,5,1,11,2,20,3,10,1,4,7,21,8,20,10,16,,67,8,1,22,9,121.5494445,24.98854751
111,2,25,19,2,2,10文山區,文山區試院路8號,0,0,2,4,C03,8,3,5,30,14,9,1,5,4,5,7,4,4,8,3,5,1,11,1,21,3,10,3,4,7,15,1,10,11,15,,44,8,1,22,9,121.5494445,24.98854751
111,2,25,19,2,2,10文山區,文山區試院路8號,0,0,2,5,C03,8,3,5,30,14,9,1,5,4,5,7,4,4,8,3,5,1,11,1,41,3,10,3,1,7,15,1,10,11,15,,44,8,1,22,9,121.5494445,24.98854751
111,2,25,19,2,2,10文山區,文山區試院路8號,0,0,2,6,C03,8,3,5,30,14,9,1,5,4,5,7,4,4,8,3,5,1,11,1,69,3,10,3,1,7,15,1,10,11,15,,44,8,1,22,9,121.5494445,24.98854751
111,2,25,19,2,2,10文山區,文山區試院路8號,0,0,2,7,C03,8,3,5,30,14,9,1,5,4,5,7,4,4,8,3,5,1,11,2,20,3,10,3,1,7,15,1,10,11,15,,44,8,1,22,9,121.5494445,24.98854751
111,2,25,19,19,2,06松山區,松山區復興北路地下道北往南距出口157米,0,0,1,1,C03,8,3,5,40,7,9,1,5,4,5,7,4,4,7,5,5,2,12,1,44,3,10,1,1,7,4,1,10,1,12,,23,23,1,22,9,121.5442361,25.0691614
111,2,25,19,19,2,06松山區,松山區復興北路地下道北往南距出口157米,0,0,1,2,C03,8,3,5,40,7,9,1,5,4,5,7,4,4,7,5,5,2,12,1,46,2,9,1,1,7,9,1,10,1,14,,44,23,1,22,9,121.5442361,25.0691614
111,2,25,19,19,2,06松山區,松山區復興北路地下道北往南距出口157米,0,0,1,3,B03,8,3,5,40,7,9,1,5,4,5,7,4,4,7,5,5,2,12,1,52,3,10,1,1,7,9,1,8,1,2,,44,23,1,22,9,121.5442361,25.0691614
111,2,25,19,22,2,03中山區,中山區復興北路與朱崙街口,0,0,1,1,B03,8,3,5,50,3,1,1,5,4,5,7,4,4,1,3,5,1,16,1,28,3,10,1,1,7,1,1,8,2,8,,19,19,1,22,9,121.5438497,25.04989195
111,2,25,19,22,2,03中山區,中山區復興北路與朱崙街口,0,0,1,2,B01,8,3,5,50,3,1,1,5,4,5,7,4,4,1,3,5,1,16,1,56,2,1,1,1,7,1,1,4,2,6,,19,19,1,22,9,121.5438497,25.04989195
111,2,25,19,30,2,03中山區,中山區大直橋往南上橋處,0,0,2,1,C03,7,3,5,50,8,9,1,5,4,5,7,4,4,1,4,5,2,12,1,53,2,9,2,4,7,9,1,10,2,11,,23,23,1,22,9,121.5443489,25.07928249
111,2,25,19,30,2,03中山區,中山區大直橋往南上橋處,0,0,2,2,C03,7,3,5,50,8,9,1,5,4,5,7,4,4,1,4,5,2,12,1,37,2,7,1,4,7,11,1,9,2,11,,44,23,1,22,9,121.5443489,25.07928249
111,2,25,19,40,2,01大同區,大同區鄭州路與環河北路1段口,0,0,1,1,A04,8,1,5,40,5,1,1,5,4,5,7,1,1,8,3,5,1,11,1,56,3,10,1,1,7,9,1,2,2,8,,26,26,1,22,9,121.5068691,25.05056117
111,2,25,19,40,2,01大同區,大同區鄭州路與環河北路1段口,0,0,1,2,C03,8,1,5,40,5,1,1,5,4,5,7,1,1,8,3,5,1,11,1,25,2,8,1,1,7,6,1,10,2,11,,44,26,1,22,9,121.5068691,25.05056117
111,2,25,19,45,2,03中山區,中山區濱江街與大直橋口,0,0,2,1,C03,8,3,5,50,4,1,1,5,4,5,7,1,1,1,4,5,2,16,2,18,2,9,1,1,7,7,1,10,11,14,,7,7,1,22,9,121.5442246,25.072224
111,2,25,19,45,2,03中山區,中山區濱江街與大直橋口,0,0,2,2,C03,8,3,5,50,4,1,1,5,4,5,7,1,1,1,4,5,2,16,2,25,2,9,1,1,7,9,1,10,11,12,,23,7,1,22,9,121.5442246,25.072224
111,2,25,19,58,2,06松山區,(塔悠路68號前),0,0,1,1,B01,7,1,5,50,3,2,1,5,4,5,7,4,4,1,4,5,2,17,1,61,3,10,1,1,7,6,1,4,1,5,,9,9,1,22,9,121.5700633,25.05234377
111,2,25,19,58,2,06松山區,(塔悠路68號前),0,0,1,2,C03,7,1,5,50,3,2,1,5,4,5,7,4,4,1,4,5,2,17,1,31,2,9,1,1,7,9,1,10,1,11,,13,9,1,22,9,121.5700633,25.05234377
111,2,25,20,5,2,10文山區,文山區興隆路3段112巷4弄42號旁,0,0,2,1,C03,8,3,5,30,11,9,1,5,4,5,7,4,4,9,5,5,2,10,1,71,2,9,1,1,7,9,1,10,1,11,,4,4,1,22,9,121.5561106,24.9989454
111,2,25,20,5,2,10文山區,文山區興隆路3段112巷4弄42號旁,0,0,2,2,C03,8,3,5,30,11,9,1,5,4,5,7,4,4,9,5,5,2,10,1,20,2,1,1,1,7,9,1,10,2,11,,13,4,1,22,9,121.5561106,24.9989454
111,2,25,20,26,2,05中正區,中正區中山北路1段與北平西路口,0,0,2,1,B03,8,3,5,50,4,1,1,5,4,5,7,1,1,8,4,1,1,16,1,43,3,10,1,1,7,5,1,8,2,5,,25,25,1,22,9,121.520249,25.04725716
111,2,25,20,26,2,05中正區,中正區中山北路1段與北平西路口,0,0,2,2,C03,8,3,5,50,4,1,1,5,4,5,7,1,1,8,4,1,1,16,1,23,2,2,1,1,7,9,1,10,2,11,,44,25,1,22,9,121.520249,25.04725716
111,2,25,20,26,2,05中正區,中正區中山北路1段與北平西路口,0,0,2,3,C03,8,3,5,50,4,1,1,5,4,5,7,1,1,8,4,1,1,16,1,29,2,8,1,1,7,14,1,10,2,14,,44,25,1,22,9,121.520249,25.04725716
111,2,25,20,26,2,10文山區,文山區新光路2段(圓環),0,0,1,1,B03,8,3,5,50,3,2,5,5,4,5,7,3,1,10,5,5,1,13,1,61,3,10,3,4,7,6,1,8,2,1,,23,23,1,22,9,121.5835403,25.00033935
111,2,25,20,26,2,10文山區,文山區新光路2段(圓環),0,0,1,2,C03,8,3,5,50,3,2,5,5,4,5,7,3,1,10,5,5,1,13,2,44,2,5,3,4,7,5,1,10,2,13,,44,23,1,22,9,121.5835403,25.00033935
111,2,25,20,36,2,12內湖區,內湖區堤外便道與五分街口,0,0,2,1,C03,8,3,5,50,3,2,1,5,4,5,7,3,1,5,5,5,2,12,2,39,2,9,1,1,7,5,1,10,2,14,,8,8,1,22,9,121.6178654,25.06581028
111,2,25,20,36,2,12內湖區,內湖區堤外便道與五分街口,0,0,2,2,C03,8,3,5,50,3,2,1,5,4,5,7,3,1,5,5,5,2,12,1,32,2,9,1,1,7,9,1,10,2,12,,23,8,1,22,9,121.6178654,25.06581028
111,2,25,21,12,2,04大安區,大安區復興南路1段與仁愛路3段口,0,0,1,1,C03,8,3,5,50,4,2,1,5,4,5,7,2,1,1,4,5,2,17,1,19,2,8,1,1,7,6,1,10,2,11,,23,23,1,22,9,121.5435823,25.03818777
111,2,25,21,12,2,04大安區,大安區復興南路1段與仁愛路3段口,0,0,1,2,C03,8,3,5,50,4,2,1,5,4,5,7,2,1,1,4,5,2,17,1,26,3,10,1,1,7,6,1,10,2,13,,44,23,1,22,9,121.5435823,25.03818777
111,2,25,21,30,2,10文山區,文山區景興路42巷4弄8號前,0,0,1,1,B12,8,3,5,30,14,9,1,5,4,5,7,4,4,10,5,5,2,1,1,32,3,10,1,1,7,9,1,8,1,4,,23,23,1,22,9,121.5440788,24.99733549
111,2,25,21,30,2,10文山區,文山區景興路42巷4弄8號前,0,0,1,2,H01,8,3,5,30,14,9,1,5,4,5,7,4,4,10,5,5,2,1,2,61,2,7,4,5,8,16,8,20,10,16,,67,23,1,22,9,121.5440788,24.99733549
111,2,25,22,35,2,12內湖區,內湖區康樂街與康樂街162巷口,0,0,1,1,B03,7,3,5,50,3,1,1,5,4,5,7,4,4,7,5,5,2,16,1,34,3,10,1,1,7,7,1,2,1,4,,7,7,1,22,9,121.6194289,25.07292395
111,2,25,22,35,2,12內湖區,內湖區康樂街與康樂街162巷口,0,0,1,2,C03,7,3,5,50,3,1,1,5,4,5,7,4,4,7,5,5,2,16,2,22,2,8,1,1,7,9,1,10,1,14,,44,7,1,22,9,121.6194289,25.07292395
111,2,25,22,54,2,05中正區,中正區重慶南路1段與凱達格蘭大道口口,0,0,1,1,C03,8,3,5,50,3,2,1,5,4,5,7,2,1,9,4,4,1,13,1,34,2,9,1,1,7,9,1,10,2,11,,23,23,1,21,1,121.5129851,25.0402955
111,2,25,22,54,2,05中正區,中正區重慶南路1段與凱達格蘭大道口口,0,0,1,2,B12,8,3,5,50,3,2,1,5,4,5,7,2,1,9,4,4,1,13,1,59,3,10,1,1,7,14,1,8,2,3,,44,23,1,21,5,121.5129851,25.0402955
111,2,25,23,0,2,09北投區,北投區石牌路2段304號,0,0,2,1,C03,8,1,8,50,15,22,1,5,4,5,7,4,4,9,4,5,1,16,2,26,2,1,1,1,7,9,1,10,1,14,,43,43,1,22,9,121.5225083,25.11948852
111,2,25,23,0,2,09北投區,北投區石牌路2段304號,0,0,2,2,B01,8,1,8,50,15,22,1,5,4,5,7,4,4,9,4,5,1,16,1,50,3,10,1,1,7,9,1,4,1,8,,43,43,1,22,9,121.5225083,25.11948852
111,2,25,23,0,2,09北投區,北投區石牌路2段304號,0,0,2,3,H02,8,1,8,50,15,22,1,5,4,5,7,4,4,9,4,5,1,16,1,22,2,8,4,5,7,20,8,20,10,16,,67,43,1,22,9,121.5225083,25.11948852
111,2,25,23,7,2,03中山區,中山區長春路26號,0,0,1,1,B03,8,3,5,50,14,7,1,5,4,5,7,4,4,8,3,4,1,17,1,42,3,10,1,1,7,11,1,8,2,8,,10,10,1,22,9,121.5245428,25.05491447
111,2,25,23,7,2,03中山區,中山區長春路26號,0,0,1,2,C03,8,3,5,50,14,7,1,5,4,5,7,4,4,8,3,4,1,17,1,62,2,9,1,1,7,9,1,10,2,12,,44,10,1,22,9,121.5245428,25.05491447
111,2,25,23,7,2,03中山區,中山區長春路26號,0,0,1,3,C03,8,3,5,50,14,7,1,5,4,5,7,4,4,8,3,4,1,17,3,,,,,,,,,,,,,67,10,1,,,121.5245428,25.05491447
111,2,25,23,7,2,03中山區,中山區長春路26號,0,0,1,4,C03,8,3,5,50,14,7,1,5,4,5,7,4,4,8,3,4,1,17,3,,,,,,,,,,,,,67,10,1,,,121.5245428,25.05491447
111,2,25,23,7,2,03中山區,中山區長春路26號,0,0,1,5,C03,8,3,5,50,14,7,1,5,4,5,7,4,4,8,3,4,1,17,3,,,,,,,,,,,,,67,10,1,,,121.5245428,25.05491447
111,2,25,23,7,2,03中山區,中山區長春路26號,0,0,1,6,C03,8,3,5,50,14,7,1,5,4,5,7,4,4,8,3,4,1,17,3,,,,,,,,,,,,,67,10,1,,,121.5245428,25.05491447
111,2,25,23,20,2,07信義區,信義區忠孝東路5段743巷口側附近,0,0,1,1,B01,8,3,5,50,14,9,1,5,4,5,7,4,4,10,4,5,2,17,1,63,3,10,1,1,7,9,1,4,2,15,,44,44,1,22,9,121.581542,25.04373164
111,2,25,23,20,2,07信義區,信義區忠孝東路5段743巷口側附近,0,0,1,2,C03,8,3,5,50,14,9,1,5,4,5,7,4,4,10,4,5,2,17,1,43,2,9,1,1,7,10,1,9,2,12,,7,44,1,22,9,121.581542,25.04373164
111,2,26,0,2,2,07信義區,信義區永吉路527號與永吉路口,0,0,2,1,B01,8,3,5,40,4,2,1,5,4,5,7,1,1,2,4,4,2,17,1,31,2,8,1,1,7,11,1,4,2,1,,10,10,1,22,9,121.5805209,25.04540145
111,2,26,0,2,2,07信義區,信義區永吉路527號與永吉路口,0,0,2,2,B03,8,3,5,40,4,2,1,5,4,5,7,1,1,2,4,4,2,17,1,37,2,8,1,1,7,9,1,8,2,1,,44,10,1,22,9,121.5805209,25.04540145
111,2,26,0,2,2,07信義區,信義區永吉路527號與永吉路口,0,0,2,3,,8,3,5,40,4,2,1,5,4,5,7,1,1,2,4,4,2,17,3,,,,,,,,,,,,,67,10,1,,,121.5805209,25.04540145
111,2,26,0,2,2,07信義區,信義區永吉路527號與永吉路口,0,0,2,4,,8,3,5,40,4,2,1,5,4,5,7,1,1,2,4,4,2,17,3,,,,,,,,,,,,,67,10,1,,,121.5805209,25.04540145
111,2,26,0,2,2,07信義區,信義區永吉路527號與永吉路口,0,0,2,5,C03,8,3,5,40,4,2,1,5,4,5,7,1,1,2,4,4,2,17,1,59,3,10,1,1,7,13,1,10,11,12,,38,10,1,22,9,121.5805209,25.04540145
111,2,26,1,32,2,03中山區,中山區長春路與建國北路2段口,0,0,1,1,B01,8,3,5,50,14,9,1,5,4,5,7,4,4,1,3,5,1,16,1,32,3,10,1,1,7,8,1,4,1,6,,7,7,1,22,9,121.5366624,25.05457788
111,2,26,1,32,2,03中山區,中山區長春路與建國北路2段口,0,0,1,2,C03,8,3,5,50,14,9,1,5,4,5,7,4,4,1,3,5,1,16,2,24,2,9,1,1,7,9,1,10,1,14,,44,7,1,22,9,121.5366624,25.05457788
111,2,26,2,50,2,07信義區,信義區松壽路與松高路20巷口,0,0,1,1,C03,8,3,5,30,4,2,1,5,4,5,7,4,4,9,4,5,2,17,2,21,2,9,1,1,7,5,1,10,1,12,,8,8,1,22,9,121.5675487,25.03585749
111,2,26,2,50,2,07信義區,信義區松壽路與松高路20巷口,0,0,1,2,B01,8,3,5,30,4,2,1,5,4,5,7,4,4,9,4,5,2,17,1,36,3,10,1,1,7,9,1,4,1,8,,23,8,1,22,9,121.5675487,25.03585749
111,2,26,6,38,2,02萬華區,萬華區長沙街2段與西寧南路口,0,0,1,1,B03,8,1,5,50,4,2,1,5,4,5,7,1,1,8,5,5,2,13,1,63,3,10,1,1,7,9,1,8,1,1,,23,23,1,22,9,121.5060073,25.04064045
111,2,26,6,38,2,02萬華區,萬華區長沙街2段與西寧南路口,0,0,1,2,C03,8,1,5,50,4,2,1,5,4,5,7,1,1,8,5,5,2,13,1,38,2,6,1,1,7,14,1,10,1,13,,26,23,1,22,9,121.5060073,25.04064045
111,2,26,7,30,2,12內湖區,內湖區永保街與安康路口,0,0,1,1,C02,8,1,5,40,3,1,1,5,4,5,7,4,4,4,5,5,1,9,1,56,2,9,3,4,7,12,4,10,1,14,,13,13,1,22,9,121.606996,25.064534
111,2,26,7,30,2,12內湖區,內湖區永保街與安康路口,0,0,1,2,H01,8,1,5,40,3,1,1,5,4,5,7,4,4,4,5,5,1,9,1,31,3,10,4,5,8,16,8,20,10,15,,53,13,1,22,9,121.606996,25.064534
111,2,26,7,33,2,10文山區,文山區興隆路3段與興隆路3段192巷口,0,0,2,1,F01,8,1,5,50,4,2,1,5,4,5,7,1,1,1,4,5,2,12,1,12,2,7,1,1,7,9,8,20,1,16,,17,17,1,22,9,121.5588231,24.9979244
111,2,26,7,33,2,10文山區,文山區興隆路3段與興隆路3段192巷口,0,0,2,2,F01,8,1,5,50,4,2,1,5,4,5,7,1,1,1,4,5,2,12,1,12,2,9,1,1,7,9,8,20,1,16,,17,17,1,22,9,121.5588231,24.9979244
111,2,26,7,33,2,10文山區,文山區興隆路3段與興隆路3段192巷口,0,0,2,3,B03,8,1,5,50,4,2,1,5,4,5,7,1,1,1,4,5,2,12,1,54,3,10,1,1,7,14,1,8,1,3,,38,17,1,22,9,121.5588231,24.9979244
111,2,26,7,35,2,02萬華區,萬華區華中橋機車道往台北市方向(華中013牌面前),0,0,1,1,C03,8,1,5,30,11,11,1,5,4,5,1,4,4,8,4,5,1,13,1,51,3,10,1,1,7,9,1,10,1,11,,16,16,1,22,9,121.4956428,25.01615046
111,2,26,7,35,2,02萬華區,萬華區華中橋機車道往台北市方向(華中013牌面前),0,0,1,2,C03,8,1,5,30,11,11,1,5,4,5,1,4,4,8,4,5,1,13,1,66,2,8,1,1,7,15,1,10,1,13,,13,16,1,22,9,121.4956428,25.01615046
111,2,26,8,0,2,05中正區,中正區西藏路與惠安街口口,0,0,1,1,B03,8,1,5,30,4,1,1,5,4,1,6,1,1,1,4,5,1,16,1,69,3,10,1,1,7,5,1,8,2,1,,25,25,1,22,9,121.5059688,25.03040463
111,2,26,8,0,2,05中正區,中正區西藏路與惠安街口口,0,0,1,2,C03,8,1,5,30,4,1,1,5,4,1,6,1,1,1,4,5,1,16,2,32,2,9,1,1,7,9,1,10,1,14,,44,25,1,22,9,121.5059688,25.03040463
111,2,26,9,13,2,12內湖區,內湖區民權東路6段與成功路2段口,0,0,1,1,B03,8,1,5,50,3,1,1,5,4,5,7,4,4,1,4,5,2,12,1,43,4,11,3,4,7,6,7,19,11,15,,9,9,2,22,9,121.5916254,25.069281
111,2,26,9,13,2,12內湖區,內湖區民權東路6段與成功路2段口,0,0,1,2,C03,8,1,5,50,3,1,1,5,4,5,7,4,4,1,4,5,2,12,2,47,2,9,1,1,7,9,6,10,11,11,,14,9,1,22,9,121.5916254,25.069281
111,2,26,9,45,2,07信義區,信義區基隆路2段151-7號,0,0,2,1,C03,8,1,5,50,14,9,1,5,4,5,7,4,4,1,4,5,1,16,2,27,2,2,1,1,7,9,1,10,1,14,,23,23,1,22,9,121.554538,25.02601817
111,2,26,9,45,2,07信義區,信義區基隆路2段151-7號,0,0,2,2,C03,8,1,5,50,14,9,1,5,4,5,7,4,4,1,4,5,1,16,1,29,2,8,1,1,7,9,1,10,1,12,,44,23,1,22,9,121.554538,25.02601817
111,2,26,10,24,2,04大安區,大安區金山南路2段與金山南路2段30巷口,0,0,1,1,B03,8,1,5,50,3,1,1,5,4,5,7,1,1,10,3,5,2,12,1,29,3,10,1,1,7,6,1,8,1,2,,9,9,1,22,9,121.5269883,25.03305925
111,2,26,10,24,2,04大安區,大安區金山南路2段與金山南路2段30巷口,0,0,1,2,C03,8,1,5,50,3,1,1,5,4,5,7,1,1,10,3,5,2,12,1,63,2,8,1,1,7,9,1,10,1,14,,44,9,1,22,9,121.5269883,25.03305925
111,2,26,10,30,2,05中正區,中正區懷寧街與貴陽街1段口,0,0,3,1,C03,8,1,5,50,3,1,1,5,4,5,7,4,4,9,5,5,2,12,2,24,2,9,1,1,7,5,1,10,2,14,,26,26,1,22,9,121.5136418,25.0387349
111,2,26,10,30,2,05中正區,中正區懷寧街與貴陽街1段口,0,0,3,2,C03,8,1,5,50,3,1,1,5,4,5,7,4,4,9,5,5,2,12,2,19,2,9,1,1,7,4,1,10,2,11,,26,26,1,22,9,121.5136418,25.0387349
111,2,26,10,30,2,05中正區,中正區懷寧街與貴陽街1段口,0,0,3,3,H02,8,1,5,50,3,1,1,5,4,5,7,4,4,9,5,5,2,12,2,25,2,9,1,5,7,17,8,20,10,16,,67,26,1,22,9,121.5136418,25.0387349
111,2,26,10,37,2,01大同區,大同區民權西路274號,0,0,2,1,C03,8,1,5,50,14,9,1,5,4,5,7,4,4,10,4,5,2,12,1,36,2,9,3,4,7,9,1,10,1,12,,23,23,1,22,9,121.5114298,25.06282654
111,2,26,10,37,2,01大同區,大同區民權西路274號,0,0,2,2,C03,8,1,5,50,14,9,1,5,4,5,7,4,4,10,4,5,2,12,1,68,3,10,3,4,7,9,1,10,1,14,,44,23,1,22,9,121.5114298,25.06282654
111,2,26,10,37,2,01大同區,大同區民權西路274號,0,0,2,3,H02,8,1,5,50,14,9,1,5,4,5,7,4,4,10,4,5,2,12,2,66,2,1,3,4,7,20,8,20,10,16,,67,23,1,22,9,121.5114298,25.06282654
111,2,26,10,56,2,12內湖區,內湖區民權東路6段180巷與民權東路6段180巷70弄口口,0,0,2,1,C03,8,1,5,30,4,1,1,5,4,5,7,4,4,5,4,5,2,13,1,50,2,9,1,1,7,9,1,10,1,11,,23,23,1,22,9,121.5926249,25.06636936
111,2,26,10,56,2,12內湖區,內湖區民權東路6段180巷與民權東路6段180巷70弄口口,0,0,2,2,C03,8,1,5,30,4,1,1,5,4,5,7,4,4,5,4,5,2,13,1,41,2,8,1,1,7,5,1,9,1,13,,44,23,1,22,9,121.5926249,25.06636936
111,2,26,11,20,2,08士林區,士林區延平北路6段與倫等街口,0,0,2,1,C03,8,1,5,40,3,2,1,5,4,5,7,3,1,1,4,4,1,17,1,74,2,9,1,1,7,9,1,10,2,11,,14,14,1,22,9,121.5002024,25.09124684
111,2,26,11,20,2,08士林區,士林區延平北路6段與倫等街口,0,0,2,2,F01,8,1,5,40,3,2,1,5,4,5,7,3,1,1,4,4,1,17,1,14,2,9,1,1,7,11,8,20,2,16,,11,14,1,22,9,121.5002024,25.09124684
111,2,26,11,20,2,12內湖區,內湖區內湖路1段629巷40弄與麗山街348巷口,0,0,1,1,B01,8,1,5,30,3,2,1,5,4,5,7,4,4,10,5,5,2,6,1,59,3,10,1,1,7,9,1,4,2,1,,14,14,1,22,9,121.574349,25.08184289
111,2,26,11,20,2,12內湖區,內湖區內湖路1段629巷40弄與麗山街348巷口,0,0,1,2,H01,8,1,5,30,3,2,1,5,4,5,7,4,4,10,5,5,2,6,2,5,2,9,4,5,8,18,8,20,10,16,,54,14,1,22,9,121.574349,25.08184289
111,2,26,11,20,2,12內湖區,內湖區內湖路1段629巷40弄與麗山街348巷口,0,0,1,3,B03,8,1,5,30,3,2,1,5,4,5,7,4,4,10,5,5,2,6,2,58,4,11,3,4,7,15,7,19,11,15,,38,14,2,22,9,121.574349,25.08184289
111,2,26,11,29,2,01大同區,大同區鄭州路西往東(北門站3號出口旁),0,0,2,1,C03,8,1,5,40,15,9,1,5,4,5,7,4,4,8,3,5,2,17,1,24,3,10,1,1,7,9,1,10,2,11,,23,23,1,22,9,121.5098537,25.05015295
111,2,26,11,29,2,01大同區,大同區鄭州路西往東(北門站3號出口旁),0,0,2,2,C03,8,1,5,40,15,9,1,5,4,5,7,4,4,8,3,5,2,17,1,25,2,9,1,1,7,9,1,10,2,11,,16,23,1,22,9,121.5098537,25.05015295