發生年度,發生月,發生日,發生時-Hours,發生分,處理別-編號,區序,肇事地點,死亡人數,2-30日死亡人數,受傷人數,當事人序號,車種,天候,光線,道路類別,速限-速度限制,道路型態,事故位置,路面狀況1,路面狀況2,路面狀況3,道路障礙1,道路障礙2,號誌1,號誌2,車道劃分-分向,車道劃分-分道1,車道劃分-分道2,車道劃分-分道3,事故類型及型態,性別,年齡,受傷程度,主要傷處,安全帽,行動電話,車輛用途,當事者行動狀態,駕駛資格情形,駕駛執照種類,飲酒情形,車輛撞擊部位1,車輛撞擊部位2,肇因碼-個別,肇因碼-主要,個人肇逃否,職業,旅次目的,座標-X,座標-Y
111,2,26,11,29,2,01大同區,大同區鄭州路西往東(北門站3號出口旁),0,0,2,3,B03,8,1,5,40,15,9,1,5,4,5,7,4,4,8,3,5,2,17,1,44,3,10,1,1,7,9,1,8,2,6,,44,23,1,22,9,121.5098537,25.05015295
111,2,26,11,29,2,01大同區,大同區鄭州路西往東(北門站3號出口旁),0,0,2,4,B03,8,1,5,40,15,9,1,5,4,5,7,4,4,8,3,5,2,17,1,50,3,10,1,1,7,8,1,8,2,15,,6,23,1,22,9,121.5098537,25.05015295
111,2,26,11,29,2,01大同區,大同區鄭州路西往東(北門站3號出口旁),0,0,2,5,H02,8,1,5,40,15,9,1,5,4,5,7,4,4,8,3,5,2,17,2,24,2,8,4,5,7,21,8,20,10,16,,67,23,1,22,9,121.5098537,25.05015295
111,2,26,11,43,2,10文山區,文山區興隆路3段與興隆路3段口(51號),0,0,1,1,C03,8,1,5,50,3,1,1,5,4,5,7,1,1,1,4,5,2,3,1,37,3,10,1,1,7,9,1,10,2,11,,23,23,1,22,9,121.5560512,25.00027432
111,2,26,11,43,2,10文山區,文山區興隆路3段與興隆路3段口(51號),0,0,1,2,H01,8,1,5,50,3,1,1,5,4,5,7,1,1,1,4,5,2,3,1,46,2,9,4,5,8,16,8,20,10,16,,52,23,1,22,9,121.5560512,25.00027432
111,2,26,11,45,2,07信義區,信義區福德街與福德街137巷口,0,0,1,1,C03,8,1,5,50,3,1,1,5,4,5,7,1,1,9,4,5,2,13,1,44,2,9,3,4,7,9,1,10,1,11,,23,23,1,22,9,121.582758,25.0374928
111,2,26,11,45,2,07信義區,信義區福德街與福德街137巷口,0,0,1,2,C03,8,1,5,50,3,1,1,5,4,5,7,1,1,9,4,5,2,13,1,68,3,10,3,4,7,9,1,10,1,14,,44,23,1,22,9,121.582758,25.0374928
111,2,26,11,50,2,01大同區,大同區承德路2段與萬全街口,0,0,1,1,B03,8,1,5,50,4,2,1,5,4,5,7,2,1,1,4,5,2,15,1,53,3,10,3,4,7,9,1,8,2,7,,25,25,1,22,9,121.5181053,25.05835565
111,2,26,11,50,2,01大同區,大同區承德路2段與萬全街口,0,0,1,2,F01,8,1,5,50,4,2,1,5,4,5,7,2,1,1,4,5,2,15,2,73,2,9,3,4,7,9,8,20,2,16,,44,25,1,22,9,121.5181053,25.05835565
111,2,26,12,0,2,01大同區,大同區錦西街與錦西街87巷口,0,0,1,1,C03,8,1,5,50,3,2,1,5,4,5,7,4,4,9,1,5,1,16,2,45,3,10,1,1,7,5,1,10,1,12,,6,6,1,22,9,121.5151561,25.05966134
111,2,26,12,0,2,01大同區,大同區錦西街與錦西街87巷口,0,0,1,2,C03,8,1,5,50,3,2,1,5,4,5,7,4,4,9,1,5,1,16,1,21,2,8,1,1,7,9,1,10,1,11,,44,6,1,22,9,121.5151561,25.05966134
111,2,26,12,2,2,07信義區,信義區松德路與虎林街口,0,0,2,1,C03,8,3,5,50,4,1,1,5,4,5,7,2,1,1,3,4,2,3,1,62,2,9,1,1,7,9,6,10,2,11,,25,25,1,22,9,121.5768746,25.03884556
111,2,26,12,2,2,07信義區,信義區松德路與虎林街口,0,0,2,2,H01,8,3,5,50,4,1,1,5,4,5,7,2,1,1,3,4,2,3,2,67,2,1,4,5,8,16,8,20,1,16,,51,25,1,22,9,121.5768746,25.03884556
111,2,26,12,6,2,05中正區,中正區林森南路與青島東路口,0,0,2,1,C03,8,1,5,50,4,1,1,5,4,5,7,1,1,10,4,5,2,16,1,19,2,7,1,1,7,5,1,10,2,13,,8,8,1,22,9,121.5230449,25.04361586
111,2,26,12,6,2,05中正區,中正區林森南路與青島東路口,0,0,2,2,C03,8,1,5,50,4,1,1,5,4,5,7,1,1,10,4,5,2,16,1,29,2,9,1,1,7,9,1,10,2,11,,44,8,1,22,9,121.5230449,25.04361586
111,2,26,12,57,2,07信義區,信義區忠孝東路5段與松仁路口,0,0,1,1,B03,8,1,5,50,4,1,1,5,4,5,7,1,1,1,4,5,2,12,1,71,3,10,1,1,7,5,1,8,1,8,,8,8,1,22,9,121.5684113,25.04097616
111,2,26,12,57,2,07信義區,信義區忠孝東路5段與松仁路口,0,0,1,2,C03,8,1,5,50,4,1,1,5,4,5,7,1,1,1,4,5,2,12,1,19,2,9,1,1,7,9,1,10,1,12,,23,8,1,22,9,121.5684113,25.04097616
111,2,26,13,0,2,03中山區,中山區新生北路3段北往南稻江護校公車站前,0,0,1,1,A02,8,1,5,50,14,9,1,5,4,5,7,4,4,1,4,5,2,9,1,51,3,10,1,1,7,1,1,2,11,15,,36,36,1,22,9,121.5276032,25.0650661
111,2,26,13,0,2,03中山區,中山區新生北路3段北往南稻江護校公車站前,0,0,1,2,H02,8,1,5,50,14,9,1,5,4,5,7,4,4,1,4,5,2,9,2,33,2,9,4,5,7,19,8,20,10,16,,67,36,1,22,9,121.5276032,25.0650661
111,2,26,13,6,2,11南港區,南港區市民大道7段3號,0,0,1,1,F02,7,1,5,50,14,9,2,5,3,5,7,4,4,10,4,5,2,18,1,45,2,9,1,1,7,9,8,20,9,16,,44,44,1,22,9,121.5803831,25.04956588
111,2,26,13,6,2,11南港區,南港區市民大道7段3號,0,0,1,2,,7,1,5,50,14,9,2,5,3,5,7,4,4,10,4,5,2,18,3,,,,,,,,,,,,,61,44,,,,121.5803831,25.04956588
111,2,26,13,23,2,02萬華區,萬華區和平西路3段與康定路口,0,0,1,1,B03,8,1,5,50,4,1,1,5,4,5,7,1,1,3,3,5,1,16,1,65,3,10,3,4,7,6,1,8,1,2,,44,44,1,22,9,121.499278,25.03536497
111,2,26,13,23,2,02萬華區,萬華區和平西路3段與康定路口,0,0,1,2,C03,8,1,5,50,4,1,1,5,4,5,7,1,1,3,3,5,1,16,2,27,2,9,3,4,7,9,1,10,1,14,,44,44,1,22,9,121.499278,25.03536497
111,2,26,13,29,2,08士林區,士林區中正路與中正路口迴轉道,0,0,1,1,B03,8,1,5,50,3,2,1,5,4,5,7,4,4,1,4,5,2,17,4,,4,11,3,4,7,15,7,19,11,15,,43,43,2,22,9,121.5097507,25.08700629
111,2,26,13,29,2,08士林區,士林區中正路與中正路口迴轉道,0,0,1,2,C03,8,1,5,50,3,2,1,5,4,5,7,4,4,1,4,5,2,17,1,19,2,8,1,1,7,8,1,10,11,13,,44,43,1,22,9,121.5097507,25.08700629
111,2,26,13,53,2,08士林區,士林區百齡橋西往東099柱子,0,0,1,1,,8,1,5,50,14,9,1,5,4,5,7,4,4,3,5,5,1,13,4,,4,11,3,4,7,15,7,19,11,15,,43,43,2,22,9,121.5135645,25.08898664
111,2,26,13,53,2,08士林區,士林區百齡橋西往東099柱子,0,0,1,2,C03,8,1,5,50,14,9,1,5,4,5,7,4,4,3,5,5,1,13,1,22,2,8,1,1,7,9,1,10,1,11,,16,43,1,22,9,121.5135645,25.08898664
111,2,26,14,20,2,02萬華區,萬華區華江橋往台北市機車道,0,0,1,1,C03,8,1,5,40,14,11,1,5,4,5,7,4,4,1,4,5,2,29,2,36,2,9,1,1,7,9,1,10,9,11,,43,43,1,22,9,121.4861026,25.03568828
111,2,26,14,20,2,02萬華區,萬華區華江橋往台北市機車道,0,0,1,2,,8,1,5,40,14,11,1,5,4,5,7,4,4,1,4,5,2,29,3,,,,,,,,,,,,,67,43,1,,,121.4861026,25.03568828
111,2,26,14,25,2,08士林區,士林區至善路2段與故宮路口,0,0,1,1,C03,8,1,5,50,14,9,1,5,4,5,7,4,4,10,1,5,1,16,1,47,3,10,1,1,7,7,1,10,1,13,,6,6,1,22,9,121.5459141,25.0977915
111,2,26,14,25,2,08士林區,士林區至善路2段與故宮路口,0,0,1,2,C03,8,1,5,50,14,9,1,5,4,5,7,4,4,10,1,5,1,16,2,33,2,9,1,1,7,9,1,10,1,12,,44,6,1,22,9,121.5459141,25.0977915
111,2,26,14,30,2,01大同區,大同區承德橋與承德橋口下 西往東(自行車道),0,0,2,1,F01,8,1,8,0,15,22,1,5,4,5,7,4,4,10,5,5,2,17,2,37,2,9,1,1,7,15,8,20,2,16,,42,42,1,22,9,121.5205753,25.07699142
111,2,26,14,30,2,01大同區,大同區承德橋與承德橋口下 西往東(自行車道),0,0,2,2,F01,8,1,8,0,15,22,1,5,4,5,7,4,4,10,5,5,2,17,1,62,2,9,1,1,7,9,8,20,2,16,,44,42,1,22,9,121.5205753,25.07699142
111,2,26,14,33,2,10文山區,文山區木柵路4段與和平東路4段口,0,0,2,1,B03,8,1,5,50,14,9,1,5,4,5,7,1,1,5,2,5,2,16,1,40,3,10,1,1,7,7,1,8,2,4,,7,7,1,22,9,121.5747414,24.99832016
111,2,26,14,33,2,10文山區,文山區木柵路4段與和平東路4段口,0,0,2,2,C03,8,1,5,50,14,9,1,5,4,5,7,1,1,5,2,5,2,16,1,63,2,9,1,1,7,7,1,10,2,12,14,44,7,1,22,9,121.5747414,24.99832016
111,2,26,14,33,2,10文山區,文山區木柵路4段與和平東路4段口,0,0,2,3,H02,8,1,5,50,14,9,1,5,4,5,7,1,1,5,2,5,2,16,2,51,2,9,4,5,7,20,8,20,10,16,,67,7,1,22,9,121.5747414,24.99832016
111,2,26,15,0,2,12內湖區,內湖區內湖路1段250號旁,0,0,1,1,B03,7,1,5,50,14,7,1,5,4,5,7,1,1,1,4,4,2,16,4,,4,11,3,4,7,7,7,19,11,15,,7,7,2,22,9,121.5670014,25.08210428
111,2,26,15,0,2,12內湖區,內湖區內湖路1段250號旁,0,0,1,2,C03,7,1,5,50,14,7,1,5,4,5,7,1,1,1,4,4,2,16,1,37,2,9,1,1,7,9,1,10,2,14,,44,7,1,22,9,121.5670014,25.08210428
111,2,26,15,3,2,04大安區,大安區瑞安街與和平東路2段107巷26弄口,0,0,1,1,C03,8,1,5,30,4,2,1,5,4,5,7,4,4,10,5,5,1,16,1,31,3,10,1,1,7,9,1,10,1,12,,14,14,1,21,5,121.540528,25.02743398
111,2,26,15,3,2,04大安區,大安區瑞安街與和平東路2段107巷26弄口,0,0,1,2,C04,8,1,5,30,4,2,1,5,4,5,7,4,4,10,5,5,1,16,2,41,2,8,1,1,7,1,1,11,1,11,,19,14,1,21,8,121.540528,25.02743398
111,2,26,15,30,2,07信義區,信義區基隆路2段149-53號,0,0,2,2,C03,8,1,5,50,14,9,1,5,4,5,7,1,1,8,4,5,2,12,2,57,2,9,1,1,7,9,1,10,2,11,,44,27,1,22,9,121.5552233,25.026349
111,2,26,15,30,2,07信義區,信義區基隆路2段149-53號,0,0,2,3,H02,8,1,5,50,14,9,1,5,4,5,7,1,1,8,4,5,2,12,2,23,2,9,4,5,7,20,8,20,10,16,,67,27,1,22,9,121.5552233,25.026349
111,2,26,15,30,2,07信義區,信義區基隆路2段149-53號,0,0,2,1,B03,8,1,5,50,14,9,1,5,4,5,7,1,1,8,4,5,2,12,1,45,3,10,1,1,7,8,1,8,2,2,,27,27,1,22,9,121.5552233,25.026349
111,2,26,15,38,2,10文山區,文山區辛亥路4段162號,0,0,1,1,C03,8,1,5,50,14,9,1,5,4,5,7,4,4,1,4,5,2,13,2,37,2,8,1,1,7,7,1,10,2,11,,23,23,1,22,9,121.5564791,25.00394432
111,2,26,15,38,2,10文山區,文山區辛亥路4段162號,0,0,1,2,B03,8,1,5,50,14,9,1,5,4,5,7,4,4,1,4,5,2,13,2,19,3,10,1,1,5,3,1,17,2,7,,44,23,1,22,9,121.5564791,25.00394432
111,2,26,15,38,2,10文山區,文山區辛亥路4段162號,0,0,1,3,C03,8,1,5,50,14,9,1,5,4,5,7,4,4,1,4,5,2,13,1,27,3,10,1,1,7,13,1,10,11,15,,44,23,1,22,9,121.5564791,25.00394432
111,2,26,16,5,2,12內湖區,內湖區潭美街291號,0,0,1,1,C03,7,1,5,40,14,9,1,5,4,5,7,4,4,9,5,5,2,12,2,60,2,9,1,1,7,7,1,10,1,14,,7,7,1,22,9,121.5883377,25.05761949
111,2,26,16,5,2,12內湖區,內湖區潭美街291號,0,0,1,2,B12,7,1,5,40,14,9,1,5,4,5,7,4,4,9,5,5,2,12,1,59,3,10,1,1,7,9,6,18,1,2,,44,7,1,22,9,121.5883377,25.05761949
111,2,26,16,5,2,12內湖區,內湖區潭美街291號,0,0,1,3,B03,7,1,5,40,14,9,1,5,4,5,7,4,4,9,5,5,2,12,1,63,3,10,1,1,7,13,1,8,1,7,,44,7,1,22,9,121.5883377,25.05761949
111,2,26,16,12,2,01大同區,大同區大稻埕堤外便道自行車道,0,0,1,1,F01,8,1,8,0,15,22,4,5,4,5,7,4,4,9,5,5,1,17,1,4,3,10,1,1,7,7,8,20,1,15,,7,7,1,22,9,121.5083022,25.06001744
111,2,26,16,12,2,01大同區,大同區大稻埕堤外便道自行車道,0,0,1,2,F01,8,1,8,0,15,22,4,5,4,5,7,4,4,9,5,5,1,17,2,27,2,6,1,1,7,9,8,20,1,16,,23,7,1,22,9,121.5083022,25.06001744
111,2,26,16,12,2,01大同區,大同區大稻埕堤外便道自行車道,0,0,1,3,F01,8,1,8,0,15,22,4,5,4,5,7,4,4,9,5,5,1,17,2,22,3,10,1,1,7,9,8,20,1,16,,16,7,1,22,9,121.5083022,25.06001744
111,2,26,16,28,2,04大安區,大安區通化街168-1號,0,0,1,1,C03,8,1,5,50,14,9,1,5,4,5,7,4,4,9,5,5,2,12,1,27,2,9,1,1,7,9,1,10,1,11,,44,44,1,22,9,121.5536277,25.02822815
111,2,26,16,28,2,04大安區,大安區通化街168-1號,0,0,1,2,B03,8,1,5,50,14,9,1,5,4,5,7,4,4,9,5,5,2,12,1,34,3,10,1,1,7,8,1,8,1,6,,7,44,1,22,9,121.5536277,25.02822815
111,2,26,16,40,2,04大安區,大安區羅斯福路4段155號,0,0,1,1,C03,7,1,5,50,14,9,1,5,4,5,7,4,4,8,3,5,1,13,1,30,2,9,1,1,7,9,1,10,1,11,,13,13,1,22,9,121.5375089,25.0098424
111,2,26,16,40,2,04大安區,大安區羅斯福路4段155號,0,0,1,2,B01,7,1,5,50,14,9,1,5,4,5,7,4,4,8,3,5,1,13,1,57,3,10,1,1,7,7,1,8,1,3,,44,13,1,22,9,121.5375089,25.0098424
111,2,26,16,50,2,08士林區,士林區福林路與福林路口士林官邸前,0,0,1,1,C03,8,2,5,50,3,2,1,5,4,5,7,1,1,5,5,5,2,13,1,19,2,8,1,1,7,9,1,10,2,11,,16,16,1,22,9,121.5304761,25.09538937
111,2,26,16,50,2,08士林區,士林區福林路與福林路口士林官邸前,0,0,1,2,B03,8,2,5,50,3,2,1,5,4,5,7,1,1,5,5,5,2,13,1,49,3,10,1,1,7,14,1,8,2,3,,44,16,1,22,9,121.5304761,25.09538937
111,2,26,16,51,2,03中山區,中山區林森北路485巷與林森北路口口,0,0,3,1,C03,8,1,5,50,3,1,1,5,4,5,7,4,4,10,5,5,2,16,1,25,2,9,1,4,7,5,1,10,1,14,,8,8,1,22,9,121.5255936,25.06124631
111,2,26,16,51,2,03中山區,中山區林森北路485巷與林森北路口口,0,0,3,2,C03,8,1,5,50,3,1,1,5,4,5,7,4,4,10,5,5,2,16,1,18,2,7,1,1,7,9,1,10,1,12,,14,8,1,22,9,121.5255936,25.06124631
111,2,26,16,51,2,03中山區,中山區林森北路485巷與林森北路口口,0,0,3,3,H02,8,1,5,50,3,1,1,5,4,5,7,4,4,10,5,5,2,16,2,27,2,8,1,5,7,17,8,20,10,16,,67,8,1,22,9,121.5255936,25.06124631
111,2,26,17,25,2,05中正區,中正區天津街與市民大道2段口,0,0,1,1,C03,8,1,5,40,4,1,1,5,4,5,7,1,1,1,4,5,2,17,1,32,2,7,1,1,7,9,1,10,2,14,,42,42,1,22,9,121.5223698,25.04782358
111,2,26,17,25,2,05中正區,中正區天津街與市民大道2段口,0,0,1,2,C03,8,1,5,40,4,1,1,5,4,5,7,1,1,1,4,5,2,17,2,18,3,10,1,1,7,13,1,10,2,12,,44,42,1,22,9,121.5223698,25.04782358
111,2,26,18,0,2,11南港區,南港區松河街482號,0,0,1,1,B03,8,2,5,40,14,9,1,5,4,5,6,4,4,9,4,5,2,16,1,66,3,10,1,1,7,11,1,8,2,2,,10,10,1,22,9,121.5944758,25.05900458
111,2,26,18,0,2,11南港區,南港區松河街482號,0,0,1,2,C03,8,2,5,40,14,9,1,5,4,5,6,4,4,9,4,5,2,16,1,26,2,9,1,1,7,9,1,10,2,11,,44,10,1,22,9,121.5944758,25.05900458
111,2,26,18,3,2,04大安區,大安區信義路3段150號前,0,0,1,1,B03,8,3,5,50,14,9,1,5,4,5,7,4,4,8,3,5,1,17,2,27,3,10,1,1,7,7,1,8,1,15,,7,7,1,21,5,121.5404997,25.03332859
111,2,26,18,3,2,04大安區,大安區信義路3段150號前,0,0,1,2,C03,8,3,5,50,14,9,1,5,4,5,7,4,4,8,3,5,1,17,1,56,3,10,1,1,7,9,1,10,1,15,,44,7,1,21,5,121.5404997,25.03332859
111,2,26,18,3,2,04大安區,大安區信義路3段150號前,0,0,1,3,H02,8,3,5,50,14,9,1,5,4,5,7,4,4,8,3,5,1,17,2,50,2,8,1,1,7,20,8,20,10,16,,67,7,1,21,5,121.5404997,25.03332859
111,2,26,18,22,2,10文山區,文山區興隆路3段與辛亥路4段口,0,0,2,1,B03,8,3,5,50,4,1,1,5,4,5,7,2,1,1,2,5,2,16,1,61,3,10,1,1,7,7,1,8,2,4,,7,7,1,22,9,121.5546719,25.00086494
111,2,26,18,22,2,10文山區,文山區興隆路3段與辛亥路4段口,0,0,2,2,C03,8,3,5,50,4,1,1,5,4,5,7,2,1,1,2,5,2,16,1,20,2,8,1,1,7,9,1,10,2,11,,42,7,1,22,9,121.5546719,25.00086494
111,2,26,18,22,2,10文山區,文山區興隆路3段與辛亥路4段口,0,0,2,3,H02,8,3,5,50,4,1,1,5,4,5,7,2,1,1,2,5,2,16,1,19,2,8,4,5,7,21,8,20,10,16,,67,7,1,22,9,121.5546719,25.00086494
111,2,26,18,28,2,04大安區,大安區通化街與臨江街口,0,0,1,1,C03,6,3,5,50,4,1,1,4,4,5,7,1,1,5,4,5,1,11,1,37,3,10,1,1,7,11,1,10,1,11,,10,10,1,22,9,121.5542302,25.0302024
111,2,26,18,28,2,04大安區,大安區通化街與臨江街口,0,0,1,2,C03,6,3,5,50,4,1,1,4,4,5,7,1,1,5,4,5,1,11,1,34,2,8,1,1,7,9,1,10,1,14,,44,10,1,22,9,121.5542302,25.0302024
111,2,26,18,30,2,09北投區,北投區懷德街78巷16號與榮華三路41巷口,0,0,3,1,B03,7,3,5,30,4,1,1,5,4,5,7,4,4,10,5,5,2,15,1,48,3,10,1,1,7,9,1,8,1,4,,6,6,1,22,9,121.5206426,25.1133141
111,2,26,18,30,2,09北投區,北投區懷德街78巷16號與榮華三路41巷口,0,0,3,2,C03,7,3,5,30,4,1,1,5,4,5,7,4,4,10,5,5,2,15,2,41,2,9,1,1,7,9,1,10,1,11,,14,6,1,22,9,121.5206426,25.1133141
111,2,26,18,30,2,09北投區,北投區懷德街78巷16號與榮華三路41巷口,0,0,3,3,H02,7,3,5,30,4,1,1,5,4,5,7,4,4,10,5,5,2,15,2,49,2,9,4,5,7,21,8,20,10,15,,67,6,1,22,9,121.5206426,25.1133141
111,2,26,18,30,2,09北投區,北投區懷德街78巷16號與榮華三路41巷口,0,0,3,4,H02,7,3,5,30,4,1,1,5,4,5,7,4,4,10,5,5,2,15,1,6,2,9,4,4,7,21,8,20,10,15,,67,6,1,22,9,121.5206426,25.1133141
111,2,26,19,34,2,06松山區,松山區光復北路185號,0,0,1,1,B03,8,3,5,50,14,7,1,5,4,5,7,4,4,4,5,4,2,16,1,57,3,10,1,1,7,11,1,8,1,2,,26,26,1,22,9,121.5551654,25.05870533
111,2,26,19,34,2,06松山區,松山區光復北路185號,0,0,1,2,C03,8,3,5,50,14,7,1,5,4,5,7,4,4,4,5,4,2,16,1,40,2,9,1,1,7,9,1,10,1,11,,44,26,1,22,9,121.5551654,25.05870533
111,2,26,19,42,2,02萬華區,萬華區西藏路125巷與雙和街口,0,0,1,1,B12,8,3,5,50,4,1,1,5,4,5,7,1,1,5,5,5,2,16,1,26,3,10,1,1,7,5,1,8,1,8,,6,6,1,22,9,121.502638,25.02795153
111,2,26,19,42,2,02萬華區,萬華區西藏路125巷與雙和街口,0,0,1,2,C03,8,3,5,50,4,1,1,5,4,5,7,1,1,5,5,5,2,16,2,64,2,9,1,1,7,9,1,10,1,14,,44,6,1,22,9,121.502638,25.02795153
111,2,26,20,0,2,04大安區,大安區師大路31號,0,0,1,1,C03,8,3,5,50,14,9,1,5,4,5,7,4,4,9,4,5,2,12,1,52,3,10,1,1,7,10,1,10,1,14,,7,7,1,22,9,121.5284246,25.02539289
111,2,26,20,0,2,04大安區,大安區師大路31號,0,0,1,2,C04,8,3,5,50,14,9,1,5,4,5,7,4,4,9,4,5,2,12,1,20,2,7,1,1,7,9,1,10,1,12,,44,7,1,22,9,121.5284246,25.02539289
111,2,26,20,0,2,05中正區,中正區古亭河濱公園腳踏車道,0,0,1,1,F01,8,3,5,0,11,8,1,5,4,5,7,4,4,9,5,5,2,12,1,44,3,10,1,1,7,15,8,20,11,16,,43,43,1,22,9,121.5290019,25.0105331
111,2,26,20,0,2,05中正區,中正區古亭河濱公園腳踏車道,0,0,1,2,F01,8,3,5,0,11,8,1,5,4,5,7,4,4,9,5,5,2,12,1,72,2,9,1,1,7,15,8,20,11,16,,43,43,1,22,9,121.5290019,25.0105331
111,2,26,20,39,2,11南港區,南港區南港路2段36號,0,0,2,4,H02,8,3,5,50,14,9,1,5,4,5,7,4,4,9,4,5,2,12,1,34,4,11,3,4,7,21,8,20,10,15,,67,42,2,22,9,121.6053264,25.05413206
111,2,26,20,39,2,11南港區,南港區南港路2段36號,0,0,2,2,C03,8,3,5,50,14,9,1,5,4,5,7,4,4,9,4,5,2,12,2,20,2,7,1,1,7,9,1,10,2,12,,23,42,1,21,8,121.6053264,25.05413206
111,2,26,20,39,2,11南港區,南港區南港路2段36號,0,0,2,3,C03,8,3,5,50,14,9,1,5,4,5,7,4,4,9,4,5,2,12,1,20,2,7,1,1,7,9,1,10,2,12,,13,42,1,21,8,121.6053264,25.05413206
111,2,26,20,39,2,11南港區,南港區南港路2段36號,0,0,2,1,C03,8,3,5,50,14,9,1,5,4,5,7,4,4,9,4,5,2,12,1,43,3,10,3,4,7,9,1,10,11,15,,42,42,1,22,9,121.6053264,25.05413206
111,2,26,20,50,2,04大安區,大安區樂利路與通化街口,0,0,2,1,B03,8,3,5,30,4,1,1,5,4,5,7,2,1,10,5,5,2,11,1,35,3,10,1,1,7,5,1,8,1,8,,44,44,1,22,9,121.5519949,25.0258724
111,2,26,20,50,2,04大安區,大安區樂利路與通化街口,0,0,2,2,C03,8,3,5,30,4,1,1,5,4,5,7,2,1,10,5,5,2,11,1,66,2,8,1,1,7,1,1,10,1,14,,19,44,1,22,9,121.5519949,25.0258724
111,2,26,20,50,2,04大安區,大安區樂利路與通化街口,0,0,2,3,H02,8,3,5,30,4,1,1,5,4,5,7,2,1,10,5,5,2,11,2,66,2,8,1,5,7,21,8,20,10,16,,67,44,1,22,9,121.5519949,25.0258724
111,2,26,21,24,2,10文山區,文山區木柵路4段與木柵路4段33巷口,0,0,3,1,C03,8,3,5,50,14,9,2,5,4,5,7,3,1,5,4,5,2,17,1,21,2,8,1,4,7,5,1,10,2,11,,6,6,1,22,9,121.5715856,24.99402769
111,2,26,21,24,2,10文山區,文山區木柵路4段與木柵路4段33巷口,0,0,3,2,C03,8,3,5,50,14,9,2,5,4,5,7,3,1,5,4,5,2,17,1,25,2,6,1,4,7,9,1,10,2,14,,44,6,1,22,9,121.5715856,24.99402769
111,2,26,21,24,2,10文山區,文山區木柵路4段與木柵路4段33巷口,0,0,3,3,H02,8,3,5,50,14,9,2,5,4,5,7,3,1,5,4,5,2,17,2,21,2,7,1,5,7,17,8,20,10,16,,67,6,1,22,9,121.5715856,24.99402769
111,2,26,21,24,2,10文山區,文山區木柵路4段與木柵路4段33巷口,0,0,3,4,B03,8,3,5,50,14,9,2,5,4,5,7,3,1,5,4,5,2,17,1,56,3,10,3,4,7,14,1,8,11,15,,38,6,1,22,9,121.5715856,24.99402769
111,2,26,21,37,2,08士林區,士林區福國路98-1號,0,0,1,1,B12,8,1,5,50,14,9,1,5,4,5,7,4,4,9,4,5,1,17,1,57,3,10,1,1,7,8,1,8,1,5,,7,7,1,22,9,121.5219452,25.10188578
111,2,26,21,37,2,08士林區,士林區福國路98-1號,0,0,1,2,C03,8,1,5,50,14,9,1,5,4,5,7,4,4,9,4,5,1,17,1,24,2,9,1,1,7,9,1,10,1,14,,44,7,1,22,9,121.5219452,25.10188578
111,2,26,21,39,2,04大安區,大安區基隆路4段41巷68弄與芳蘭路口,0,0,2,1,C01,8,3,5,30,3,1,1,5,4,5,7,3,1,5,4,5,2,17,1,51,2,9,1,1,7,5,4,10,1,15,,6,6,1,22,9,121.5441817,25.01174073
111,2,26,21,39,2,04大安區,大安區基隆路4段41巷68弄與芳蘭路口,0,0,2,2,C03,8,3,5,30,3,1,1,5,4,5,7,3,1,5,4,5,2,17,1,33,2,9,1,1,7,9,1,10,1,15,,13,6,1,22,9,121.5441817,25.01174073
111,2,26,22,12,2,10文山區,文山區景文街53號,0,0,1,1,B01,8,3,5,50,14,7,1,5,4,5,7,4,4,5,4,4,2,12,1,63,3,10,1,1,7,9,1,8,2,2,,42,42,1,22,9,121.541366,24.99168006
111,2,26,22,12,2,10文山區,文山區景文街53號,0,0,1,2,F01,8,3,5,50,14,7,1,5,4,5,7,4,4,5,4,4,2,12,1,54,2,7,1,1,7,9,8,20,2,16,,42,42,1,22,9,121.541366,24.99168006
111,2,26,23,35,2,12內湖區,內湖區康寧路3段99巷12弄11號,0,0,1,1,C03,8,3,5,30,4,1,1,5,4,5,7,4,4,10,5,5,2,17,1,18,2,4,1,1,7,9,1,10,1,11,,4,4,1,22,9,121.6110614,25.07230228
111,2,26,23,35,2,12內湖區,內湖區康寧路3段99巷12弄11號,0,0,1,2,B03,8,3,5,30,4,1,1,5,4,5,7,4,4,10,5,5,2,17,1,22,3,10,1,1,7,9,1,8,1,1,,6,4,1,22,9,121.6110614,25.07230228
111,2,26,23,47,2,02萬華區,萬華區西園路2段與光復橋口下涵洞,0,0,1,1,C03,8,3,5,50,4,1,1,5,4,5,7,3,1,5,5,5,2,15,1,28,2,9,1,1,7,9,1,10,1,11,,6,6,1,22,9,121.491437,25.02508035
111,2,26,23,47,2,02萬華區,萬華區西園路2段與光復橋口下涵洞,0,0,1,2,B03,8,3,5,50,4,1,1,5,4,5,7,3,1,5,5,5,2,15,1,25,3,10,1,1,7,9,3,18,1,8,,13,6,1,22,9,121.491437,25.02508035
111,2,26,23,53,2,05中正區,中正區金山北路1段與八德路1段口,0,0,1,1,C03,7,3,5,50,4,2,1,5,4,5,7,2,1,1,4,5,2,12,1,36,3,10,1,1,7,6,1,10,2,12,,6,6,1,22,9,121.5301233,25.04361105