發生年度,發生月,發生日,發生時-Hours,發生分,處理別-編號,區序,肇事地點,死亡人數,2-30日死亡人數,受傷人數,當事人序號,車種,天候,光線,道路類別,速限-速度限制,道路型態,事故位置,路面狀況1,路面狀況2,路面狀況3,道路障礙1,道路障礙2,號誌1,號誌2,車道劃分-分向,車道劃分-分道1,車道劃分-分道2,車道劃分-分道3,事故類型及型態,性別,年齡,受傷程度,主要傷處,安全帽,行動電話,車輛用途,當事者行動狀態,駕駛資格情形,駕駛執照種類,飲酒情形,車輛撞擊部位1,車輛撞擊部位2,肇因碼-個別,肇因碼-主要,個人肇逃否,職業,旅次目的,座標-X,座標-Y
111,2,26,23,53,2,05中正區,中正區金山北路1段與八德路1段口,0,0,1,2,C03,7,3,5,50,4,2,1,5,4,5,7,2,1,1,4,5,2,12,1,53,2,5,1,1,7,9,1,10,2,11,,13,6,1,22,9,121.5301233,25.04361105
111,2,27,5,13,2,03中山區,中山區中山北路2段與民生東路1段口口,0,1,0,1,B01,7,3,5,50,4,1,1,5,4,5,7,2,1,1,4,1,2,3,1,62,3,10,1,4,7,9,1,4,2,1,,15,15,1,22,9,121.5228858,25.05809052
111,2,27,5,13,2,03中山區,中山區中山北路2段與民生東路1段口口,0,1,0,2,H01,7,3,5,50,4,1,1,5,4,5,7,2,1,1,4,1,2,3,2,76,5,9,4,5,8,16,8,20,10,16,,52,15,1,22,9,121.5228858,25.05809052
111,2,27,5,23,2,05中正區,中正區水源路與師大路口,0,0,1,1,C03,8,3,5,50,4,1,1,5,4,5,7,1,1,3,2,5,2,17,1,24,2,9,1,1,7,9,3,18,11,11,,25,25,1,22,9,121.5228201,25.02027768
111,2,27,5,23,2,05中正區,中正區水源路與師大路口,0,0,1,2,B12,8,3,5,50,4,1,1,5,4,5,7,1,1,3,2,5,2,17,1,42,3,10,1,1,7,6,1,4,11,5,,44,25,1,22,9,121.5228201,25.02027768
111,2,27,7,0,2,04大安區,大安區辛亥路3段330號對面編號E081燈桿處,0,0,1,1,B03,8,1,5,50,14,9,1,5,4,5,7,4,4,10,4,5,2,17,1,60,4,11,3,4,7,10,7,19,11,15,,7,7,2,22,9,121.5529182,25.01454387
111,2,27,7,0,2,04大安區,大安區辛亥路3段330號對面編號E081燈桿處,0,0,1,2,C01,8,1,5,50,14,9,1,5,4,5,7,4,4,10,4,5,2,17,2,27,2,8,1,4,7,9,1,9,1,14,,13,7,1,22,9,121.5529182,25.01454387
111,2,27,7,0,2,04大安區,大安區辛亥路3段330號對面編號E081燈桿處,0,0,1,3,,8,1,5,50,14,9,1,5,4,5,7,4,4,10,4,5,2,17,3,,,,,,,,,,,,,67,7,1,,,121.5529182,25.01454387
111,2,27,7,16,2,09北投區,北投區陽明路2段15號中山樓,0,0,1,1,B03,8,1,5,30,14,9,1,5,4,4,7,4,4,9,5,5,2,20,1,66,2,9,1,1,7,9,1,8,1,1,,22,22,1,22,9,121.5503931,25.15177115
111,2,27,7,16,2,09北投區,北投區陽明路2段15號中山樓,0,0,1,2,,8,1,5,30,14,9,1,5,4,4,7,4,4,9,5,5,2,20,3,,,,,,,,,,,,,67,22,,,,121.5503931,25.15177115
111,2,27,7,30,2,02萬華區,萬華區堤外便道市民桂林自行車道,0,0,1,1,F03,8,1,7,30,14,8,1,5,4,5,7,4,4,4,3,5,1,10,4,,4,11,3,4,7,15,7,19,11,15,,43,43,2,22,9,121.5039382,25.04804747
111,2,27,7,30,2,02萬華區,萬華區堤外便道市民桂林自行車道,0,0,1,2,F01,8,1,7,30,14,8,1,5,4,5,7,4,4,4,3,5,1,10,2,45,2,9,1,1,7,9,8,20,2,16,,43,43,1,22,9,121.5039382,25.04804747
111,2,27,7,47,2,01大同區,大同區民權西路西往東(加油站前),0,0,1,1,C03,7,1,5,50,14,9,1,5,4,5,7,4,4,9,5,5,1,13,2,28,4,11,3,4,7,6,7,19,11,15,,9,9,2,22,9,121.5142266,25.06287827
111,2,27,7,47,2,01大同區,大同區民權西路西往東(加油站前),0,0,1,2,C03,7,1,5,50,14,9,1,5,4,5,7,4,4,9,5,5,1,13,1,46,3,10,1,1,7,9,1,10,1,15,,44,9,1,22,9,121.5142266,25.06287827
111,2,27,7,47,2,01大同區,大同區民權西路西往東(加油站前),0,0,1,3,C03,7,1,5,50,14,9,1,5,4,5,7,4,4,9,5,5,1,13,1,37,3,10,1,4,7,9,1,10,1,13,,44,9,1,22,9,121.5142266,25.06287827
111,2,27,7,47,2,01大同區,大同區民權西路西往東(加油站前),0,0,1,4,C03,7,1,5,50,14,9,1,5,4,5,7,4,4,9,5,5,1,13,1,43,3,10,1,1,7,9,1,10,1,11,,16,9,1,22,9,121.5142266,25.06287827
111,2,27,7,47,2,01大同區,大同區民權西路西往東(加油站前),0,0,1,5,C03,7,1,5,50,14,9,1,5,4,5,7,4,4,9,5,5,1,13,1,18,2,9,1,4,7,9,1,10,1,11,,16,9,1,22,9,121.5142266,25.06287827
111,2,27,8,20,2,07信義區,信義區松仁路99號,0,0,2,1,C03,7,3,5,50,14,9,1,5,4,5,7,1,1,1,4,5,1,12,1,28,2,9,1,1,7,8,1,10,1,13,,7,7,1,22,9,121.5684549,25.03629263
111,2,27,8,20,2,07信義區,信義區松仁路99號,0,0,2,2,C03,7,3,5,50,14,9,1,5,4,5,7,1,1,1,4,5,1,12,2,24,2,9,1,1,7,9,1,10,1,11,,44,7,1,22,9,121.5684549,25.03629263
111,2,27,9,1,2,10文山區,文山區興德路與興德路66巷口,0,0,1,1,B01,8,1,5,30,4,1,1,5,4,5,7,4,4,10,5,5,2,15,1,51,3,10,1,1,7,9,1,8,2,1,,6,6,1,22,9,121.5575965,25.0039603
111,2,27,9,1,2,10文山區,文山區興德路與興德路66巷口,0,0,1,2,C03,8,1,5,30,4,1,1,5,4,5,7,4,4,10,5,5,2,15,2,61,2,9,1,1,7,9,1,10,2,11,,6,6,1,22,9,121.5575965,25.0039603
111,2,27,9,42,2,02萬華區,萬華區桂林路64號,0,0,1,1,B03,8,1,5,50,14,9,1,5,4,5,7,4,4,4,3,5,1,12,1,31,3,10,1,1,7,1,1,8,2,4,,19,19,1,22,9,121.5030364,25.03810887
111,2,27,9,42,2,02萬華區,萬華區桂林路64號,0,0,1,2,C03,8,1,5,50,14,9,1,5,4,5,7,4,4,4,3,5,1,12,1,18,2,9,1,1,7,9,1,10,2,11,,44,19,1,22,9,121.5030364,25.03810887
111,2,27,9,45,2,04大安區,大安區市民大道3段198號,0,0,1,1,C03,8,1,5,40,14,9,1,5,4,5,7,4,4,9,4,5,1,13,1,37,2,8,1,1,7,9,1,10,1,12,,16,16,1,22,9,121.5378099,25.0443422
111,2,27,9,45,2,04大安區,大安區市民大道3段198號,0,0,1,2,C03,8,1,5,40,14,9,1,5,4,5,7,4,4,9,4,5,1,13,1,25,3,10,1,1,7,9,6,10,1,13,,13,16,1,22,9,121.5378099,25.0443422
111,2,27,9,56,2,07信義區,信義區忠孝東路5段與忠孝東路5段236巷口,0,0,1,1,B03,8,1,5,50,4,2,1,5,4,5,7,2,1,1,4,5,2,13,2,42,3,10,1,1,7,9,1,8,2,8,,23,23,1,21,8,121.5719701,25.04073392
111,2,27,9,56,2,07信義區,信義區忠孝東路5段與忠孝東路5段236巷口,0,0,1,2,C04,8,1,5,50,4,2,1,5,4,5,7,2,1,1,4,5,2,13,2,58,2,6,1,1,7,14,1,10,2,13,,44,23,1,21,8,121.5719701,25.04073392
111,2,27,11,1,2,12內湖區,內湖區南湖右岸河濱公園自行車道,0,0,2,1,F01,8,1,8,0,15,22,1,5,4,5,7,4,4,10,5,5,2,16,2,63,2,8,1,1,7,5,8,20,1,16,,8,8,1,22,9,121.594634,25.06095406
111,2,27,11,1,2,12內湖區,內湖區南湖右岸河濱公園自行車道,0,0,2,2,F01,8,1,8,0,15,22,1,5,4,5,7,4,4,10,5,5,2,16,2,39,2,8,1,1,7,4,8,20,1,15,,23,8,1,22,9,121.594634,25.06095406
111,2,27,11,44,2,03中山區,中山區吉林路236巷與中原街口,0,0,2,1,C04,8,1,5,30,4,1,1,5,4,3,5,4,4,9,5,5,2,15,2,64,2,9,1,1,7,9,1,10,1,14,,6,6,1,22,9,121.5289332,25.05936738
111,2,27,11,44,2,03中山區,中山區吉林路236巷與中原街口,0,0,2,2,C04,8,1,5,30,4,1,1,5,4,3,5,4,4,9,5,5,2,15,1,21,2,9,1,1,7,9,1,10,1,11,,14,6,1,22,9,121.5289332,25.05936738
111,2,27,11,44,2,03中山區,中山區吉林路236巷與中原街口,0,0,2,3,B03,8,1,5,30,4,1,1,5,4,3,5,4,4,9,5,5,2,15,2,46,4,11,3,4,7,15,7,19,11,15,,38,6,2,22,9,121.5289332,25.05936738
111,2,27,12,27,2,04大安區,大安區和平東路3段143號2段,0,0,1,1,B03,8,1,5,50,5,2,1,5,4,5,7,1,1,8,3,5,1,12,2,50,3,10,1,1,7,6,1,8,1,2,,9,9,1,22,9,121.5527348,25.02463921
111,2,27,12,27,2,04大安區,大安區和平東路3段143號2段,0,0,1,2,C03,8,1,5,50,5,2,1,5,4,5,7,1,1,8,3,5,1,12,1,51,2,9,1,1,7,9,1,10,1,14,,44,9,1,22,9,121.5527348,25.02463921
111,2,27,13,18,2,07信義區,信義區和平東路3段580號對面,0,0,2,1,C03,8,1,5,40,14,9,1,5,4,5,7,4,4,5,5,5,2,13,2,29,2,9,3,4,7,9,1,10,2,11,,16,16,1,22,9,121.5622575,25.01440012
111,2,27,13,18,2,07信義區,信義區和平東路3段580號對面,0,0,2,2,C03,8,1,5,40,14,9,1,5,4,5,7,4,4,5,5,5,2,13,1,78,3,10,3,4,7,9,3,18,2,13,,44,16,1,22,9,121.5622575,25.01440012
111,2,27,13,18,2,07信義區,信義區和平東路3段580號對面,0,0,2,3,H02,8,1,5,40,14,9,1,5,4,5,7,4,4,5,5,5,2,13,1,11,2,9,3,5,7,20,8,20,10,16,,67,16,1,22,9,121.5622575,25.01440012
111,2,27,13,20,2,01大同區,大同區承德路3段214巷與酒泉街口,0,0,1,1,C03,8,1,5,30,4,1,1,5,4,5,7,4,4,10,5,5,2,15,2,56,2,9,3,4,7,9,1,10,2,14,,6,6,1,22,9,121.5170838,25.07150986
111,2,27,13,20,2,01大同區,大同區承德路3段214巷與酒泉街口,0,0,1,2,B03,8,1,5,30,4,1,1,5,4,5,7,4,4,10,5,5,2,15,1,44,3,10,3,4,7,9,1,8,2,1,,14,6,1,22,9,121.5170838,25.07150986
111,2,27,13,44,2,03中山區,中山區中山北路1段與中山北路1段140巷口,0,0,1,1,C03,8,1,5,50,3,2,1,5,4,5,7,4,4,5,4,5,2,13,2,27,2,9,1,1,7,15,1,10,1,13,,44,44,1,22,9,121.5222057,25.05140935
111,2,27,13,44,2,03中山區,中山區中山北路1段與中山北路1段140巷口,0,0,1,2,C04,8,1,5,50,3,2,1,5,4,5,7,4,4,5,4,5,2,13,1,34,3,10,1,1,7,15,1,10,1,13,,44,44,1,22,9,121.5222057,25.05140935
111,2,27,13,44,2,03中山區,中山區中山北路1段與中山北路1段140巷口,0,0,1,3,C03,8,1,5,50,3,2,1,5,4,5,7,4,4,5,4,5,2,13,1,28,3,10,1,1,7,15,1,9,1,11,,16,44,1,22,9,121.5222057,25.05140935
111,2,27,13,44,2,03中山區,中山區中山北路1段與中山北路1段140巷口,0,0,1,4,B03,8,1,5,50,3,2,1,5,4,5,7,4,4,5,4,5,2,13,1,46,3,10,1,1,7,15,1,7,1,15,,44,44,1,22,9,121.5222057,25.05140935
111,2,27,13,51,2,01大同區,大同區涼州街與甘州街口,0,0,1,1,C03,8,1,5,50,3,1,1,5,4,5,7,4,4,5,5,5,2,3,1,37,3,10,1,1,7,9,1,8,2,12,,44,44,1,22,9,121.5127087,25.0607248
111,2,27,13,51,2,01大同區,大同區涼州街與甘州街口,0,0,1,2,H01,8,1,5,50,3,1,1,5,4,5,7,4,4,5,5,5,2,3,1,70,2,9,4,5,8,16,8,20,10,16,,51,44,1,22,9,121.5127087,25.0607248
111,2,27,14,10,2,03中山區,中山區中山北路2段與長春路口,0,0,1,1,B03,8,1,5,50,4,1,1,5,4,5,7,1,1,3,4,5,2,17,1,38,3,10,1,1,7,6,1,8,1,5,,9,9,1,22,9,121.5226221,25.05500136
111,2,27,14,10,2,03中山區,中山區中山北路2段與長春路口,0,0,1,2,C03,8,1,5,50,4,1,1,5,4,5,7,1,1,3,4,5,2,17,2,63,2,9,1,1,7,9,1,10,1,14,12,44,9,1,22,9,121.5226221,25.05500136
111,2,27,14,26,2,05中正區,中正區重慶南路1段124號司法大樓前,0,0,2,1,C03,8,1,5,50,14,9,1,5,4,5,7,4,4,10,4,5,2,16,1,17,2,8,1,1,7,11,2,18,2,14,,26,26,1,22,9,121.5126791,25.03749971
111,2,27,14,26,2,05中正區,中正區重慶南路1段124號司法大樓前,0,0,2,2,B03,8,1,5,50,14,9,1,5,4,5,7,4,4,10,4,5,2,16,1,43,3,10,1,1,7,9,1,8,2,1,,44,26,1,22,9,121.5126791,25.03749971
111,2,27,14,26,2,05中正區,中正區重慶南路1段124號司法大樓前,0,0,2,3,H02,8,1,5,50,14,9,1,5,4,5,7,4,4,10,4,5,2,16,2,22,2,9,4,5,7,20,8,20,10,16,,67,26,1,22,9,121.5126791,25.03749971
111,2,27,14,30,2,12內湖區,內湖區內湖路1段737巷47號,0,0,1,1,C03,8,1,5,30,14,9,1,5,4,5,7,4,4,9,5,5,2,9,1,53,3,10,1,1,7,9,1,10,1,15,,44,44,1,22,9,121.5789506,25.08033208
111,2,27,14,30,2,12內湖區,內湖區內湖路1段737巷47號,0,0,1,2,,8,1,5,30,14,9,1,5,4,5,7,4,4,9,5,5,2,9,3,,,,,,,,,,,,,67,44,1,,,121.5789506,25.08033208
111,2,27,14,30,2,12內湖區,內湖區內湖路1段737巷47號,0,0,1,3,H02,8,1,5,30,14,9,1,5,4,5,7,4,4,9,5,5,2,9,2,50,2,1,4,5,7,21,8,20,10,16,,67,44,1,22,9,121.5789506,25.08033208
111,2,27,14,36,2,01大同區,大同區民權西路與延平北路2段口,0,0,2,1,C03,8,1,5,50,4,2,1,5,4,5,7,1,1,9,5,5,2,13,2,59,2,5,1,1,7,9,1,10,1,14,,26,26,1,22,9,121.5112763,25.06285313
111,2,27,14,36,2,01大同區,大同區民權西路與延平北路2段口,0,0,2,2,C03,8,1,5,50,4,2,1,5,4,5,7,1,1,9,5,5,2,13,1,18,2,9,1,1,7,9,1,10,1,11,,44,26,1,22,9,121.5112763,25.06285313
111,2,27,14,42,2,02萬華區,萬華區桂林路與昆明街口,0,0,2,1,C03,8,1,5,50,4,1,1,5,4,5,7,2,1,5,4,5,2,17,1,21,2,8,1,1,7,5,1,10,1,12,,6,6,1,22,9,121.5038377,25.0380071
111,2,27,14,42,2,02萬華區,萬華區桂林路與昆明街口,0,0,2,2,C03,8,1,5,50,4,1,1,5,4,5,7,2,1,5,4,5,2,17,2,39,2,8,1,1,7,9,1,10,1,11,,44,6,1,22,9,121.5038377,25.0380071
111,2,27,14,48,2,08士林區,士林區福林路與中山北路5段口,0,0,1,2,C03,8,1,5,50,14,9,1,5,4,5,7,1,1,9,4,5,2,12,1,35,3,10,1,1,7,9,1,10,1,14,,43,43,2,22,9,121.5281834,25.09387188
111,2,27,14,48,2,08士林區,士林區福林路與中山北路5段口,0,0,1,1,B03,8,1,5,50,14,9,1,5,4,5,7,1,1,9,4,5,2,12,4,,4,11,3,4,4,15,7,19,11,15,,43,43,2,22,9,121.5281834,25.09387188
111,2,27,14,48,2,08士林區,士林區福林路與中山北路5段口,0,0,1,3,H02,8,1,5,50,14,9,1,5,4,5,7,1,1,9,4,5,2,12,2,68,2,8,1,5,7,17,8,20,10,16,,67,43,2,22,9,121.5281834,25.09387188
111,2,27,14,50,2,09北投區,北投區立農街1段554號前,0,0,1,1,F01,8,1,5,30,14,9,1,5,4,5,7,4,4,7,5,5,2,29,2,51,2,1,1,1,7,15,8,20,9,16,,42,42,1,22,9,121.5048034,25.1200209
111,2,27,14,50,2,09北投區,北投區立農街1段554號前,0,0,1,2,,8,1,5,30,14,9,1,5,4,5,7,4,4,7,5,5,2,29,3,,,,,,,,,,,,,67,42,1,,,121.5048034,25.1200209
111,2,27,15,1,2,09北投區,北投區尊賢街243巷與無名巷口,0,0,1,1,B03,8,1,5,30,3,1,1,5,4,5,7,4,4,10,5,5,1,11,1,38,3,10,1,1,7,5,1,8,1,1,,8,8,1,22,9,121.5062314,25.11672844
111,2,27,15,1,2,09北投區,北投區尊賢街243巷與無名巷口,0,0,1,2,C03,8,1,5,30,3,1,1,5,4,5,7,4,4,10,5,5,1,11,2,17,2,9,1,1,7,9,2,18,1,12,,14,8,1,22,9,121.5062314,25.11672844
111,2,27,15,45,2,10文山區,文山區木柵路1段與木柵路1段89巷口,0,0,2,1,C03,8,1,5,50,4,2,1,5,4,5,7,2,1,5,4,5,2,17,1,26,2,9,1,1,7,9,1,10,2,11,,16,16,1,22,1,121.5473134,24.98696206
111,2,27,15,45,2,10文山區,文山區木柵路1段與木柵路1段89巷口,0,0,2,2,C03,8,1,5,50,4,2,1,5,4,5,7,2,1,5,4,5,2,17,2,20,2,9,1,1,7,9,1,10,2,14,,44,16,1,18,1,121.5473134,24.98696206
111,2,27,15,45,2,10文山區,文山區木柵路1段與木柵路1段89巷口,0,0,2,3,B03,8,1,5,50,4,2,1,5,4,5,7,2,1,5,4,5,2,17,2,49,3,10,1,1,7,9,1,8,2,6,,44,16,1,22,9,121.5473134,24.98696206
111,2,27,16,53,2,04大安區,大安區文昌街與安和路2段口,0,0,1,1,B03,8,1,5,30,15,18,1,5,4,5,7,2,1,8,3,5,1,3,2,44,3,10,1,1,7,5,1,8,1,1,,15,15,1,21,8,121.552512,25.03255286
111,2,27,16,53,2,04大安區,大安區文昌街與安和路2段口,0,0,1,2,H01,8,1,5,30,15,18,1,5,4,5,7,2,1,8,3,5,1,3,2,27,2,9,4,1,8,16,8,20,1,16,,67,15,1,21,5,121.552512,25.03255286
111,2,27,17,37,2,01大同區,大同區鄭州路143巷與鄭州路口,0,0,1,1,B03,7,3,5,40,3,2,1,5,4,5,7,4,4,9,5,5,1,12,2,40,3,10,3,4,7,6,1,8,1,2,,9,9,1,22,9,121.5097885,25.05047359
111,2,27,17,37,2,01大同區,大同區鄭州路143巷與鄭州路口,0,0,1,2,C03,7,3,5,40,3,2,1,5,4,5,7,4,4,9,5,5,1,12,1,54,2,9,1,4,7,9,1,10,1,14,,14,9,1,22,9,121.5097885,25.05047359
111,2,27,17,55,2,12內湖區,內湖區內湖路2段103巷與內湖路2段口,0,0,1,1,G06,8,3,5,50,4,2,1,5,4,5,7,1,1,5,5,5,2,16,2,75,3,10,1,1,7,1,7,19,1,15,,42,42,1,22,9,121.5827892,25.079793
111,2,27,17,55,2,12內湖區,內湖區內湖路2段103巷與內湖路2段口,0,0,1,2,C03,8,3,5,50,4,2,1,5,4,5,7,1,1,5,5,5,2,16,2,65,2,9,1,1,7,6,1,10,1,12,,44,42,1,22,9,121.5827892,25.079793
111,2,27,18,0,2,03中山區,中山區市民大道1段往西(R1出入口),0,0,2,1,B03,8,3,5,40,14,9,1,5,4,5,7,4,4,1,4,5,2,16,2,40,2,7,3,4,7,1,1,8,1,4,,19,19,1,22,9,121.5275883,25.04699319
111,2,27,18,0,2,03中山區,中山區市民大道1段往西(R1出入口),0,0,2,2,C03,8,3,5,40,14,9,1,5,4,5,7,4,4,1,4,5,2,16,1,26,2,8,3,4,7,9,1,10,1,11,,14,19,1,22,9,121.5275883,25.04699319
111,2,27,18,4,2,06松山區,松山區民生東路5段與民生東路5段260巷口,0,0,2,1,C03,8,3,5,50,4,1,2,5,4,5,7,1,1,3,3,5,2,16,1,29,2,8,1,1,7,5,1,10,1,11,,8,8,1,22,9,121.5671806,25.05914572
111,2,27,18,4,2,06松山區,松山區民生東路5段與民生東路5段260巷口,0,0,2,2,B03,8,3,5,50,4,1,2,5,4,5,7,1,1,3,3,5,2,16,1,39,3,10,1,1,7,1,1,8,1,8,,19,8,1,22,9,121.5671806,25.05914572
111,2,27,18,4,2,06松山區,松山區民生東路5段與民生東路5段260巷口,0,0,2,3,H02,8,3,5,50,4,1,2,5,4,5,7,1,1,3,3,5,2,16,1,29,2,8,1,1,7,17,8,20,10,15,,67,8,1,22,9,121.5671806,25.05914572
111,2,27,18,5,2,03中山區,中山區長安東路2段與吉林路口,0,0,2,1,C03,7,3,5,50,4,2,1,5,4,5,7,1,1,5,4,5,1,16,1,45,3,10,1,1,7,5,1,10,1,12,,25,25,1,22,9,121.5300312,25.0485149
111,2,27,18,5,2,03中山區,中山區長安東路2段與吉林路口,0,0,2,2,C03,7,3,5,50,4,2,1,5,4,5,7,1,1,5,4,5,1,16,1,30,2,8,1,1,7,9,1,10,1,11,,13,25,1,22,9,121.5300312,25.0485149
111,2,27,18,5,2,03中山區,中山區長安東路2段與吉林路口,0,0,2,3,H02,7,3,5,50,4,2,1,5,4,5,7,1,1,5,4,5,1,16,2,25,2,9,1,5,7,20,8,20,10,15,,67,25,1,22,9,121.5300312,25.0485149
111,2,27,18,17,2,06松山區,(八德路4段458號前),0,0,2,1,C03,8,3,5,50,14,9,1,5,4,5,7,1,1,1,4,5,2,13,2,49,2,9,1,1,7,9,1,10,1,11,,23,23,1,22,9,121.5696156,25.04954238
111,2,27,18,17,2,06松山區,(八德路4段458號前),0,0,2,3,B03,8,3,5,50,14,9,1,5,4,5,7,1,1,1,4,5,2,13,1,51,3,10,1,1,7,6,1,8,1,15,,9,23,1,22,9,121.5696156,25.04954238
111,2,27,18,17,2,06松山區,(八德路4段458號前),0,0,2,2,C03,8,3,5,50,14,9,1,5,4,5,7,1,1,1,4,5,2,13,2,31,2,9,1,1,7,8,1,10,1,12,,7,23,1,22,9,121.5696156,25.04954238
111,2,27,18,20,2,09北投區,北投區關渡路與知行路214巷口,0,0,2,1,B12,7,1,5,30,3,1,1,5,4,5,7,4,4,10,5,5,2,16,1,61,3,10,1,1,7,5,1,8,1,4,,6,6,1,22,9,121.4692,25.1201016
111,2,27,18,20,2,09北投區,北投區關渡路與知行路214巷口,0,0,2,2,C03,7,1,5,30,3,1,1,5,4,5,7,4,4,10,5,5,2,16,1,21,2,9,1,1,7,9,1,10,1,11,,44,6,1,22,9,121.4692,25.1201016
111,2,27,18,20,2,09北投區,北投區關渡路與知行路214巷口,0,0,2,3,H02,7,1,5,30,3,1,1,5,4,5,7,4,4,10,5,5,2,16,2,20,2,8,2,5,7,21,8,20,10,16,,67,6,1,22,9,121.4692,25.1201016
111,2,27,18,21,2,02萬華區,萬華區西園路2段與寶興街口,0,0,1,1,B01,8,3,5,50,4,2,1,5,4,5,7,2,1,1,4,5,2,3,1,69,3,10,1,1,7,5,1,4,1,4,,15,15,1,22,9,121.4938982,25.02697351
111,2,27,18,21,2,02萬華區,萬華區西園路2段與寶興街口,0,0,1,2,H01,8,3,5,50,4,2,1,5,4,5,7,2,1,1,4,5,2,3,2,84,2,9,4,5,8,16,8,20,10,16,,67,15,1,22,9,121.4938982,25.02697351
111,2,27,19,29,2,07信義區,信義區環東大道下基隆路匝道,0,0,2,1,B01,8,3,5,50,10,9,1,5,4,5,7,4,4,10,3,5,1,13,1,42,3,10,2,1,7,9,1,4,1,1,,16,16,1,22,9,121.5687069,25.04836159
111,2,27,19,29,2,07信義區,信義區環東大道下基隆路匝道,0,0,2,2,B03,8,3,5,50,10,9,1,5,4,5,7,4,4,10,3,5,1,13,2,49,3,10,1,1,7,9,1,8,1,3,,44,16,1,22,9,121.5687069,25.04836159
111,2,27,19,29,2,07信義區,信義區環東大道下基隆路匝道,0,0,2,3,C02,8,3,5,50,10,9,1,5,4,5,7,4,4,10,3,5,1,13,1,28,2,8,1,1,7,9,4,10,1,11,,16,16,1,22,9,121.5687069,25.04836159
111,2,27,19,29,2,07信義區,信義區環東大道下基隆路匝道,0,0,2,4,H02,8,3,5,50,10,9,1,5,4,5,7,4,4,10,3,5,1,13,1,31,2,7,1,5,7,17,8,20,10,16,,67,16,1,22,9,121.5687069,25.04836159
111,2,27,19,46,2,10文山區,文山區羅斯福路4段與基隆路4段口,0,0,1,1,C04,8,3,5,50,5,1,1,5,4,5,7,1,1,1,4,5,2,16,1,22,3,10,1,1,7,5,1,10,2,13,,26,26,1,22,9,121.5370351,25.0110009
111,2,27,19,46,2,10文山區,文山區羅斯福路4段與基隆路4段口,0,0,1,2,C03,8,3,5,50,5,1,1,5,4,5,7,1,1,1,4,5,2,16,1,41,2,8,1,1,7,9,1,10,2,11,,44,26,1,22,9,121.5370351,25.0110009
111,2,27,19,51,2,04大安區,大安區忠孝東路4段與敦化南路1段口口,0,0,1,1,B01,8,3,5,50,4,2,1,5,4,5,7,2,1,8,3,5,1,17,1,66,3,10,3,4,7,6,1,4,11,15,,9,9,2,22,9,121.5485877,25.04144539
111,2,27,19,51,2,04大安區,大安區忠孝東路4段與敦化南路1段口口,0,0,1,2,C03,8,3,5,50,4,2,1,5,4,5,7,2,1,8,3,5,1,17,1,19,2,9,3,4,7,15,1,10,2,14,,13,9,1,22,9,121.5485877,25.04144539
111,2,27,21,5,2,10文山區,文山區興隆路3段與興隆路3段112巷口,0,0,1,1,C03,8,3,5,50,4,1,1,5,4,5,7,2,1,1,4,5,2,13,1,25,3,10,1,1,7,9,1,10,2,11,,16,16,1,22,9,121.5574611,24.99938675
111,2,27,21,5,2,10文山區,文山區興隆路3段與興隆路3段112巷口,0,0,1,2,B03,8,3,5,50,4,1,1,5,4,5,7,2,1,1,4,5,2,13,1,29,2,3,1,1,7,9,1,8,2,7,,44,16,1,22,9,121.5574611,24.99938675
111,2,27,21,15,2,05中正區,中正區市民大道1段與中山北路1段口,0,0,3,1,C03,7,3,5,40,4,1,1,5,4,5,7,1,1,10,3,5,2,17,1,57,2,8,1,1,4,9,1,10,2,11,,16,16,1,22,9,121.52056,25.047956
111,2,27,21,15,2,05中正區,中正區市民大道1段與中山北路1段口,0,0,3,2,B02,7,3,5,40,4,1,1,5,4,5,7,1,1,10,3,5,2,17,1,43,3,10,1,1,7,6,1,8,2,7,,44,16,1,22,9,121.52056,25.047956
111,2,27,21,15,2,05中正區,中正區市民大道1段與中山北路1段口,0,0,3,3,C03,7,3,5,40,4,1,1,5,4,5,7,1,1,10,3,5,2,17,1,44,2,8,1,1,7,9,1,10,2,12,,44,16,1,22,9,121.52056,25.047956
111,2,27,21,15,2,05中正區,中正區市民大道1段與中山北路1段口,0,0,3,4,C03,7,3,5,40,4,1,1,5,4,5,7,1,1,10,3,5,2,17,1,30,2,8,1,1,7,9,1,10,2,11,,44,16,1,22,9,121.52056,25.047956
111,2,27,21,22,2,04大安區,大安區基隆路4段73巷,0,0,1,1,B12,8,3,5,50,14,9,1,5,4,5,7,4,4,8,3,5,1,11,1,43,3,10,1,1,7,5,1,7,1,2,,8,8,1,22,9,121.5399321,25.01262495
111,2,27,21,22,2,04大安區,大安區基隆路4段73巷,0,0,1,2,C03,8,3,5,50,14,9,1,5,4,5,7,4,4,8,3,5,1,11,1,44,2,9,1,1,7,9,1,10,1,15,,44,8,1,22,9,121.5399321,25.01262495
111,2,27,21,44,2,08士林區,士林區福林路與福林路254巷口,0,0,2,1,B03,8,3,5,50,4,1,1,5,4,5,7,1,1,4,5,5,2,17,1,25,3,10,1,1,7,6,1,8,1,5,,6,6,1,22,9,121.5344492,25.0979507
111,2,27,21,44,2,08士林區,士林區福林路與福林路254巷口,0,0,2,2,C03,8,3,5,50,4,1,1,5,4,5,7,1,1,4,5,5,2,17,1,20,2,9,1,1,7,9,1,10,1,14,,23,6,1,22,9,121.5344492,25.0979507