發生年度,發生月,發生日,發生時-Hours,發生分,處理別-編號,區序,肇事地點,死亡人數,2-30日死亡人數,受傷人數,當事人序號,車種,天候,光線,道路類別,速限-速度限制,道路型態,事故位置,路面狀況1,路面狀況2,路面狀況3,道路障礙1,道路障礙2,號誌1,號誌2,車道劃分-分向,車道劃分-分道1,車道劃分-分道2,車道劃分-分道3,事故類型及型態,性別,年齡,受傷程度,主要傷處,安全帽,行動電話,車輛用途,當事者行動狀態,駕駛資格情形,駕駛執照種類,飲酒情形,車輛撞擊部位1,車輛撞擊部位2,肇因碼-個別,肇因碼-主要,個人肇逃否,職業,旅次目的,座標-X,座標-Y
111,2,27,21,44,2,08士林區,士林區福林路與福林路254巷口,0,0,2,3,H02,8,3,5,50,4,1,1,5,4,5,7,1,1,4,5,5,2,17,2,19,2,9,4,5,7,20,8,20,10,16,,67,6,1,22,9,121.5344492,25.0979507
111,2,27,21,47,2,04大安區,大安區和平東路2段與和平東路2段311巷口口,0,0,1,1,B03,8,3,5,40,4,2,1,5,4,5,7,2,1,8,3,4,1,17,2,48,3,10,3,4,7,6,1,8,1,8,,9,9,1,22,9,121.5451384,25.02488642
111,2,27,21,47,2,04大安區,大安區和平東路2段與和平東路2段311巷口口,0,0,1,2,F01,8,3,5,40,4,2,1,5,4,5,7,2,1,8,3,4,1,17,2,71,2,9,3,4,7,11,8,20,1,16,,11,9,1,22,9,121.5451384,25.02488642
111,2,27,21,50,2,03中山區,中山區朱崙街與龍江路口,0,0,1,1,B03,8,3,5,50,4,1,1,5,4,5,7,2,1,10,5,5,2,16,2,27,2,9,1,1,7,5,1,8,1,6,,8,8,1,22,9,121.5404454,25.0499857
111,2,27,21,50,2,03中山區,中山區朱崙街與龍江路口,0,0,1,2,B03,8,3,5,50,4,1,1,5,4,5,7,2,1,10,5,5,2,16,1,26,3,10,1,1,7,9,3,18,1,5,,23,8,1,22,9,121.5404454,25.0499857
111,2,27,21,50,2,08士林區,士林區文林路與福國路口,0,0,1,1,C03,8,3,5,50,5,1,1,5,4,5,7,2,1,1,4,5,1,17,1,28,3,10,1,1,7,5,1,10,2,15,,8,8,1,22,9,121.5215919,25.10155712
111,2,27,21,50,2,08士林區,士林區文林路與福國路口,0,0,1,2,C03,8,3,5,50,5,1,1,5,4,5,7,2,1,1,4,5,1,17,1,24,2,9,1,1,7,5,1,10,2,14,,42,8,1,22,9,121.5215919,25.10155712
111,2,27,23,45,2,04大安區,大安區建國南路2段151巷與建國南路2段口,0,0,2,1,B03,8,3,5,50,15,18,1,5,4,5,7,2,1,8,3,5,1,3,1,68,3,10,1,1,7,5,1,8,1,1,,15,15,1,21,5,121.5379577,25.02892687
111,2,27,23,45,2,04大安區,大安區建國南路2段151巷與建國南路2段口,0,0,2,2,H01,8,3,5,50,15,18,1,5,4,5,7,2,1,8,3,5,1,3,2,21,2,8,4,1,8,16,8,20,1,16,,67,15,1,21,5,121.5379577,25.02892687
111,2,27,23,45,2,04大安區,大安區建國南路2段151巷與建國南路2段口,0,0,2,3,H01,8,3,5,50,15,18,1,5,4,5,7,2,1,8,3,5,1,3,1,26,2,8,4,1,8,16,8,20,1,16,,67,15,1,21,5,121.5379577,25.02892687
111,2,28,0,3,2,12內湖區,內湖區內湖路1段31號,0,0,1,1,C04,8,3,5,50,14,9,1,5,4,5,7,4,4,1,4,5,2,12,1,30,2,9,1,1,7,4,1,10,2,11,,44,44,1,22,9,121.5587684,25.08511588
111,2,28,0,3,2,12內湖區,內湖區內湖路1段31號,0,0,1,2,C03,8,3,5,50,14,9,1,5,4,5,7,4,4,1,4,5,2,12,1,26,3,10,1,1,7,9,1,10,2,14,,44,44,1,22,9,121.5587684,25.08511588
111,2,28,5,54,2,07信義區,信義區忠孝東路5段372巷與虎林街132巷口口,0,0,1,1,C03,8,3,5,30,4,1,1,5,4,5,7,4,4,10,2,5,1,3,2,52,3,10,3,4,7,9,1,10,9,11,,15,15,1,22,9,121.5740571,25.04036455
111,2,28,5,54,2,07信義區,信義區忠孝東路5段372巷與虎林街132巷口口,0,0,1,2,H01,8,3,5,30,4,1,1,5,4,5,7,4,4,10,2,5,1,3,1,82,2,9,4,5,8,16,8,20,10,16,,67,15,1,22,9,121.5740571,25.04036455
111,2,28,6,48,2,03中山區,中山區復興北路430巷與民權東路3段75巷口,0,0,2,1,C03,8,1,5,30,4,1,1,5,4,5,7,3,1,8,3,5,1,15,1,34,2,7,1,1,7,9,1,10,1,11,,6,6,1,22,9,121.5436797,25.06334864
111,2,28,6,48,2,03中山區,中山區復興北路430巷與民權東路3段75巷口,0,0,2,2,C04,8,1,5,30,4,1,1,5,4,5,7,3,1,8,3,5,1,15,1,43,2,5,1,1,7,9,1,10,1,11,,14,6,1,22,9,121.5436797,25.06334864
111,2,28,6,53,2,04大安區,大安區和平東路3段與和平東路3段512巷口,0,0,1,1,B12,8,1,5,40,3,1,1,5,4,5,7,1,1,9,4,5,1,12,1,63,4,11,3,4,7,15,7,19,11,15,,44,44,2,22,9,121.5608762,25.0157536
111,2,28,6,53,2,04大安區,大安區和平東路3段與和平東路3段512巷口,0,0,1,2,F01,8,1,5,40,3,1,1,5,4,5,7,1,1,9,4,5,1,12,1,33,2,9,1,4,7,7,8,20,2,16,,7,44,1,22,9,121.5608762,25.0157536
111,2,28,7,40,2,05中正區,中正區中山南路與濟南路1段口,0,0,2,1,C03,8,1,5,50,4,2,1,5,4,5,7,1,1,4,4,1,2,13,1,51,2,9,1,1,7,9,3,18,2,11,,16,16,1,22,9,121.5190217,25.0432743
111,2,28,7,40,2,05中正區,中正區中山南路與濟南路1段口,0,0,2,2,C03,8,1,5,50,4,2,1,5,4,5,7,1,1,4,4,1,2,13,1,58,2,9,1,1,7,14,1,10,2,13,,44,16,1,22,9,121.5190217,25.0432743
111,2,28,8,11,2,07信義區,信義區永吉路225巷2弄25號旁,0,0,1,1,C03,8,1,5,30,14,9,1,5,4,5,7,4,4,10,5,5,1,18,1,25,2,7,3,4,7,9,1,10,1,14,,43,43,1,22,9,121.5735904,25.04600412
111,2,28,8,11,2,07信義區,信義區永吉路225巷2弄25號旁,0,0,1,2,,8,1,5,30,14,9,1,5,4,5,7,4,4,10,5,5,1,18,3,,,,,,,,,,,,,67,43,1,,,121.5735904,25.04600412
111,2,28,11,16,2,10文山區,文山區萬壽橋與木柵路4段口,0,0,1,1,C03,8,1,5,50,4,1,1,5,4,5,7,1,1,10,5,5,2,12,2,40,2,8,1,1,7,8,1,10,9,12,,43,43,1,22,9,121.5711348,24.99170794
111,2,28,11,16,2,10文山區,文山區萬壽橋與木柵路4段口,0,0,1,2,C03,8,1,5,50,4,1,1,5,4,5,7,1,1,10,5,5,2,12,4,,4,11,3,4,7,15,7,19,11,15,,43,43,2,22,9,121.5711348,24.99170794
111,2,28,11,40,2,02萬華區,萬華區桂林路144號,0,0,1,1,B12,8,1,5,40,14,12,1,5,4,5,7,4,4,5,5,4,2,12,1,44,3,10,1,1,7,8,1,8,1,5,,7,7,1,22,9,121.4983487,25.03845977
111,2,28,11,40,2,02萬華區,萬華區桂林路144號,0,0,1,2,C03,8,1,5,40,14,12,1,5,4,5,7,4,4,5,5,4,2,12,1,46,2,9,1,1,7,9,1,10,1,14,,44,7,1,22,9,121.4983487,25.03845977
111,2,28,11,44,2,01大同區,大同區承德路2段與錦西街口,0,0,1,1,C03,8,1,5,50,4,1,1,5,4,5,7,2,1,1,4,5,2,17,1,19,2,9,3,4,7,9,1,10,2,15,,25,25,1,22,9,121.5183159,25.06028386
111,2,28,11,44,2,01大同區,大同區承德路2段與錦西街口,0,0,1,2,B03,8,1,5,50,4,1,1,5,4,5,7,2,1,1,4,5,2,17,1,53,3,10,3,4,7,5,1,8,2,1,,44,25,1,22,9,121.5183159,25.06028386
111,2,28,11,44,2,01大同區,大同區承德路2段與錦西街口,0,0,1,3,B03,8,1,5,50,4,1,1,5,4,5,7,2,1,1,4,5,2,17,1,61,3,10,3,4,7,13,1,8,11,6,,44,25,1,22,9,121.5183159,25.06028386
111,2,28,12,8,2,06松山區,(松山區八德路4段181巷29號前),0,0,2,1,C03,8,1,5,30,15,9,1,5,4,5,7,4,4,9,4,5,2,15,1,42,2,8,1,1,7,1,1,10,1,11,,6,6,1,22,9,121.5631171,25.04984674
111,2,28,12,8,2,06松山區,(松山區八德路4段181巷29號前),0,0,2,2,C03,8,1,5,30,15,9,1,5,4,5,7,4,4,9,4,5,2,15,1,33,2,8,1,1,7,9,1,10,1,12,,14,6,1,22,9,121.5631171,25.04984674
111,2,28,12,22,2,12內湖區,內湖區成功路2段與新明路口,0,0,1,1,C03,8,1,5,50,4,1,1,5,4,5,7,1,1,1,4,5,2,13,1,19,2,7,1,1,7,9,1,10,2,11,,23,23,1,22,9,121.5916767,25.05997061
111,2,28,12,22,2,12內湖區,內湖區成功路2段與新明路口,0,0,1,2,B03,8,1,5,50,4,1,1,5,4,5,7,1,1,1,4,5,2,13,2,45,3,10,1,1,7,6,1,8,2,7,,9,23,1,22,9,121.5916767,25.05997061
111,2,28,13,0,2,10文山區,文山區辛亥路4段與萬美街2段口口,0,0,2,1,C03,8,1,5,50,3,1,1,5,4,5,7,2,1,5,2,5,2,16,2,46,2,9,1,1,7,1,3,18,1,11,,19,19,1,22,9,121.5580151,25.00609053
111,2,28,13,0,2,10文山區,文山區辛亥路4段與萬美街2段口口,0,0,2,2,C03,8,1,5,50,3,1,1,5,4,5,7,2,1,5,2,5,2,16,1,63,2,9,1,1,7,15,1,10,1,12,,44,19,1,22,9,121.5580151,25.00609053
111,2,28,13,18,2,02萬華區,萬華區環河南路1段與中興橋機車道口,0,0,2,1,C03,8,1,5,40,3,2,1,5,4,5,7,4,4,4,5,5,2,12,2,50,2,9,1,1,7,7,1,10,1,13,,26,26,1,22,9,121.5003506,25.04247865
111,2,28,13,18,2,02萬華區,萬華區環河南路1段與中興橋機車道口,0,0,2,2,B01,8,1,5,40,3,2,1,5,4,5,7,4,4,4,5,5,2,12,1,59,3,10,1,1,7,9,1,4,1,5,,44,26,1,22,9,121.5003506,25.04247865
111,2,28,13,18,2,02萬華區,萬華區環河南路1段與中興橋機車道口,0,0,2,3,H02,8,1,5,40,3,2,1,5,4,5,7,4,4,4,5,5,2,12,1,18,2,9,4,5,7,20,8,20,10,15,,67,26,1,22,9,121.5003506,25.04247865
111,2,28,13,20,2,08士林區,士林區重慶北路4段與通河西街1段口,0,0,1,1,B03,8,1,5,30,3,1,1,5,4,5,7,2,1,10,5,5,1,17,1,38,3,10,1,1,7,5,1,8,1,1,,25,25,1,22,9,121.5119614,25.08767933
111,2,28,13,20,2,08士林區,士林區重慶北路4段與通河西街1段口,0,0,1,2,C03,8,1,5,30,3,1,1,5,4,5,7,2,1,10,5,5,1,17,2,70,2,9,1,1,7,1,1,10,1,12,,44,25,1,22,9,121.5119614,25.08767933
111,2,28,13,35,2,05中正區,中正區南昌路2段188號前,0,0,2,1,B03,8,1,5,50,14,9,1,5,4,5,7,4,4,5,4,5,2,13,1,62,3,10,1,1,7,9,1,8,2,6,,44,44,1,22,9,121.5241544,25.02430028
111,2,28,13,35,2,05中正區,中正區南昌路2段188號前,0,0,2,2,C03,8,1,5,50,14,9,1,5,4,5,7,4,4,5,4,5,2,13,2,43,2,9,1,1,7,9,1,10,2,11,,23,44,1,22,9,121.5241544,25.02430028
111,2,28,13,35,2,05中正區,中正區南昌路2段188號前,0,0,2,3,H03,8,1,5,50,14,9,1,5,4,5,7,4,4,5,4,5,2,13,1,13,2,9,1,5,8,20,8,20,10,16,,67,44,1,22,9,121.5241544,25.02430028
111,2,28,13,39,2,02萬華區,萬華區西寧南路與洛陽街口,0,0,1,1,C03,8,1,5,50,4,2,1,5,4,5,7,1,1,5,4,5,2,12,1,59,2,9,1,1,7,5,1,10,1,14,,8,8,1,22,9,121.5072933,25.04762546
111,2,28,13,39,2,02萬華區,萬華區西寧南路與洛陽街口,0,0,1,2,B03,8,1,5,50,4,2,1,5,4,5,7,1,1,5,4,5,2,12,1,36,3,10,1,1,7,9,1,8,1,1,,44,8,1,22,9,121.5072933,25.04762546
111,2,28,13,43,2,03中山區,中山區新生北路2段與民權東路2段口,0,0,1,1,C03,8,1,5,50,4,1,1,5,4,5,7,1,1,1,4,5,2,12,1,36,3,10,1,1,7,6,1,10,1,12,,6,6,1,22,9,121.5273813,25.06253767
111,2,28,13,43,2,03中山區,中山區新生北路2段與民權東路2段口,0,0,1,2,C03,8,1,5,50,4,1,1,5,4,5,7,1,1,1,4,5,2,12,1,35,2,9,1,1,7,9,1,10,1,14,,13,6,1,22,9,121.5273813,25.06253767
111,2,28,14,6,2,09北投區,北投區大業路與北投路2段口,0,0,1,1,C03,8,1,5,50,5,1,1,5,4,5,7,2,1,1,5,5,2,16,1,60,3,10,1,1,7,9,1,10,11,14,,44,44,2,22,9,121.4964215,25.1346204
111,2,28,14,6,2,09北投區,北投區大業路與北投路2段口,0,0,1,2,C03,8,1,5,50,5,1,1,5,4,5,7,2,1,1,5,5,2,16,2,23,2,9,1,1,7,6,1,10,1,12,,9,44,1,22,9,121.4964215,25.1346204
111,2,28,14,10,2,09北投區,北投區天母西路130巷與石牌路2段口,0,0,5,1,C03,8,1,5,50,3,1,1,5,4,5,7,4,4,5,4,5,1,16,1,40,2,9,1,1,7,5,1,10,1,12,,6,6,1,22,9,121.5225271,25.11950681
111,2,28,14,10,2,09北投區,北投區天母西路130巷與石牌路2段口,0,0,5,2,C03,8,1,5,50,3,1,1,5,4,5,7,4,4,5,4,5,1,16,1,20,2,9,1,1,7,9,1,10,1,11,,44,6,1,22,9,121.5225271,25.11950681
111,2,28,14,10,2,09北投區,北投區天母西路130巷與石牌路2段口,0,0,5,3,H02,8,1,5,50,3,1,1,5,4,5,7,4,4,5,4,5,1,16,2,39,2,9,4,5,7,20,8,20,10,16,,67,6,1,22,9,121.5225271,25.11950681
111,2,28,14,10,2,09北投區,北投區天母西路130巷與石牌路2段口,0,0,5,4,H02,8,1,5,50,3,1,1,5,4,5,7,4,4,5,4,5,1,16,2,7,2,9,4,5,7,20,8,20,10,16,,67,6,1,22,9,121.5225271,25.11950681
111,2,28,14,10,2,09北投區,北投區天母西路130巷與石牌路2段口,0,0,5,5,H02,8,1,5,50,3,1,1,5,4,5,7,4,4,5,4,5,1,16,1,18,2,9,4,5,7,20,8,20,10,16,,67,6,1,22,9,121.5225271,25.11950681
111,2,28,14,22,2,10文山區,文山區忠順街1段9巷口,0,0,2,1,C03,8,1,5,30,14,9,1,5,4,5,7,3,1,7,2,5,2,15,2,48,2,9,1,1,7,9,1,10,2,11,,23,23,1,22,9,121.5570503,24.98357204
111,2,28,14,22,2,10文山區,文山區忠順街1段9巷口,0,0,2,2,F01,8,1,5,30,14,9,1,5,4,5,7,3,1,7,2,5,2,15,2,69,2,9,1,1,7,1,8,20,2,15,,6,23,1,22,9,121.5570503,24.98357204
111,2,28,14,35,2,03中山區,中山區北安路與北安路458巷41弄口口,0,0,3,1,C03,8,1,5,50,5,1,1,5,4,5,7,2,1,1,4,5,2,17,1,27,2,9,1,1,7,5,1,10,2,12,,26,26,1,22,9,121.5472525,25.07979618
111,2,28,14,35,2,03中山區,中山區北安路與北安路458巷41弄口口,0,0,3,2,C03,8,1,5,50,5,1,1,5,4,5,7,2,1,1,4,5,2,17,1,25,2,9,1,1,7,9,1,10,2,11,,13,26,1,22,9,121.5472525,25.07979618
111,2,28,14,35,2,03中山區,中山區北安路與北安路458巷41弄口口,0,0,3,3,H02,8,1,5,50,5,1,1,5,4,5,7,2,1,1,4,5,2,17,2,23,2,9,4,5,7,17,8,20,10,16,,67,26,1,22,9,121.5472525,25.07979618
111,2,28,14,36,2,12內湖區,內湖區金湖路與康寧路1段口,0,0,2,1,C03,8,1,5,50,3,1,1,5,4,5,7,1,1,1,4,5,2,16,2,24,2,9,1,1,7,9,1,10,1,11,,23,23,1,22,9,121.5996273,25.07902225
111,2,28,14,36,2,12內湖區,內湖區金湖路與康寧路1段口,0,0,2,2,C03,8,1,5,50,3,1,1,5,4,5,7,1,1,1,4,5,2,16,2,22,2,9,1,1,7,5,1,10,1,13,,6,23,1,22,9,121.5996273,25.07902225
111,2,28,14,46,2,04大安區,大安區基隆路4段73巷與基隆路4段口,0,0,2,1,C03,8,1,5,50,3,1,1,5,4,5,7,2,1,10,5,5,2,16,2,27,2,9,3,4,7,8,1,10,1,12,,7,7,1,22,9,121.5395911,25.0130241
111,2,28,14,46,2,04大安區,大安區基隆路4段73巷與基隆路4段口,0,0,2,2,C03,8,1,5,50,3,1,1,5,4,5,7,2,1,10,5,5,2,16,1,22,2,9,3,4,7,9,1,10,1,11,,23,7,1,22,9,121.5395911,25.0130241
111,2,28,14,56,2,04大安區,大安區復興南路1段與復興南路1段340巷口,0,0,1,1,C03,8,1,5,30,4,2,1,5,4,5,7,2,1,1,4,5,2,17,2,55,2,9,1,4,7,15,3,18,2,12,,43,43,1,22,9,121.5434596,25.03608508
111,2,28,14,56,2,04大安區,大安區復興南路1段與復興南路1段340巷口,0,0,1,2,A12,8,1,5,30,4,2,1,5,4,5,7,2,1,1,4,5,2,17,1,54,3,10,1,4,7,9,1,3,2,1,,43,43,1,22,9,121.5434596,25.03608508
111,2,28,15,7,2,06松山區,松山區三民路43巷1號,0,0,1,1,B03,8,1,5,30,14,9,1,5,4,5,7,1,1,9,4,5,2,16,2,42,3,10,1,4,7,1,1,8,11,5,,19,19,1,22,9,121.5635295,25.05609751
111,2,28,15,7,2,06松山區,松山區三民路43巷1號,0,0,1,2,C03,8,1,5,30,14,9,1,5,4,5,7,1,1,9,4,5,2,16,1,18,2,8,1,4,7,7,1,10,1,14,,7,19,1,22,9,121.5635295,25.05609751
111,2,28,15,22,2,02萬華區,萬華區萬大路329巷與萬大路口,0,0,2,1,C03,8,1,5,30,4,2,1,5,4,5,7,2,1,10,5,5,1,17,2,47,3,10,3,4,7,7,1,10,1,14,,7,7,1,22,9,121.5002618,25.0241587
111,2,28,15,22,2,02萬華區,萬華區萬大路329巷與萬大路口,0,0,2,2,C04,8,1,5,30,4,2,1,5,4,5,7,2,1,10,5,5,1,17,1,81,2,8,3,4,7,9,1,7,1,14,,44,7,1,22,9,121.5002618,25.0241587
111,2,28,15,22,2,02萬華區,萬華區萬大路329巷與萬大路口,0,0,2,3,H02,8,1,5,30,4,2,1,5,4,5,7,2,1,10,5,5,1,17,2,80,2,9,3,5,7,20,8,20,10,16,,67,7,1,22,9,121.5002618,25.0241587
111,2,28,15,25,2,05中正區,中正區同安街與汀州路2段口,0,0,2,1,C03,8,1,5,50,4,1,1,5,4,5,7,1,1,5,4,5,2,17,2,27,2,9,1,1,7,9,3,18,2,12,,23,23,1,22,9,121.5217095,25.0240946
111,2,28,15,25,2,05中正區,中正區同安街與汀州路2段口,0,0,2,2,C03,8,1,5,50,4,1,1,5,4,5,7,1,1,5,4,5,2,17,1,33,2,9,1,1,7,5,1,10,2,14,,8,23,1,22,9,121.5217095,25.0240946
111,2,28,15,43,2,01大同區,大同區民權西路往東加油站前,0,0,3,1,C03,7,1,5,50,14,9,1,5,4,5,7,4,4,1,4,5,1,13,1,37,2,9,1,4,7,9,1,10,2,11,,16,16,1,22,9,121.5141145,25.06290362
111,2,28,15,43,2,01大同區,大同區民權西路往東加油站前,0,0,3,2,C03,7,1,5,50,14,9,1,5,4,5,7,4,4,1,4,5,1,13,1,27,2,9,1,4,7,9,1,9,2,13,,44,16,1,22,9,121.5141145,25.06290362
111,2,28,15,43,2,01大同區,大同區民權西路往東加油站前,0,0,3,3,C03,7,1,5,50,14,9,1,5,4,5,7,4,4,1,4,5,1,13,1,67,2,9,1,4,7,9,1,10,2,13,,44,16,1,22,9,121.5141145,25.06290362
111,2,28,15,56,2,04大安區,大安區忠孝東路4段223巷與延吉街62巷口,0,0,2,1,C03,8,1,5,50,4,1,1,5,4,5,7,4,4,9,4,5,2,12,1,19,2,8,1,1,7,5,1,10,1,11,,8,8,1,21,8,121.5530157,25.0434517
111,2,28,15,56,2,04大安區,大安區忠孝東路4段223巷與延吉街62巷口,0,0,2,2,C03,8,1,5,50,4,1,1,5,4,5,7,4,4,9,4,5,2,12,1,40,2,8,1,1,7,9,1,10,1,13,,23,8,1,21,8,121.5530157,25.0434517
111,2,28,15,56,2,07信義區,信義區和平東路3段與信安街口,0,0,3,1,C03,8,1,5,50,4,2,1,5,4,5,7,2,1,1,2,5,2,17,1,15,2,9,1,1,7,5,2,18,1,11,,6,6,1,22,9,121.554682,25.02243717
111,2,28,15,56,2,07信義區,信義區和平東路3段與信安街口,0,0,3,2,C03,8,1,5,50,4,2,1,5,4,5,7,2,1,1,2,5,2,17,1,29,2,8,1,1,7,9,1,10,1,11,,44,6,1,22,9,121.554682,25.02243717
111,2,28,15,56,2,07信義區,信義區和平東路3段與信安街口,0,0,3,3,H02,8,1,5,50,4,2,1,5,4,5,7,2,1,1,2,5,2,17,1,15,2,9,4,5,7,20,8,20,10,16,,67,6,1,22,9,121.554682,25.02243717
111,2,28,15,57,2,06松山區,松山區光復北路183號,0,0,2,1,B12,8,1,5,40,14,8,1,5,4,5,7,1,1,9,4,4,2,13,1,61,3,10,1,1,7,1,1,8,2,7,,19,19,1,22,9,121.5552511,25.05838043
111,2,28,15,57,2,06松山區,松山區光復北路183號,0,0,2,2,C03,8,1,5,40,14,8,1,5,4,5,7,1,1,9,4,4,2,13,1,29,2,9,1,1,7,9,1,10,2,11,,23,19,1,22,9,121.5552511,25.05838043
111,2,28,15,57,2,06松山區,松山區光復北路183號,0,0,2,3,H02,8,1,5,40,14,8,1,5,4,5,7,1,1,9,4,4,2,13,1,30,2,9,1,1,7,21,8,20,10,16,,67,19,1,22,9,121.5552511,25.05838043
111,2,28,16,10,2,05中正區,中正區寧波西街49號,0,0,2,1,C03,8,1,5,50,14,9,1,5,4,5,7,4,4,10,4,5,2,17,2,35,2,9,1,1,7,7,1,10,2,14,,7,7,1,22,9,121.5177944,25.03089112
111,2,28,16,10,2,05中正區,中正區寧波西街49號,0,0,2,2,C03,8,1,5,50,14,9,1,5,4,5,7,4,4,10,4,5,2,17,1,22,2,9,1,1,7,9,1,10,2,12,,44,7,1,22,9,121.5177944,25.03089112
111,2,28,16,10,2,05中正區,中正區寧波西街49號,0,0,2,3,B01,8,1,5,50,14,9,1,5,4,5,7,4,4,10,4,5,2,17,4,,,,,,,15,,,,,,44,7,2,,,121.5177944,25.03089112
111,2,28,16,30,2,03中山區,中山區中山北路3段與民族西路口,0,0,2,1,C03,8,1,5,50,4,1,1,5,4,5,7,1,1,5,4,5,2,16,1,43,3,10,3,4,7,8,1,10,1,12,,7,7,1,22,7,121.522872,25.0684716
111,2,28,16,30,2,03中山區,中山區中山北路3段與民族西路口,0,0,2,2,C03,8,1,5,50,4,1,1,5,4,5,7,1,1,5,4,5,2,16,1,18,2,8,3,4,7,9,1,10,1,14,,13,7,1,20,6,121.522872,25.0684716
111,2,28,16,30,2,03中山區,中山區中山北路3段與民族西路口,0,0,2,3,H02,8,1,5,50,4,1,1,5,4,5,7,1,1,5,4,5,2,16,2,15,2,8,3,4,7,20,8,20,10,16,,67,7,1,22,5,121.522872,25.0684716
111,2,28,16,44,2,09北投區,北投區中和街441巷與中和街口,0,0,1,2,C03,8,1,5,30,4,2,1,5,4,5,7,3,1,5,5,5,2,15,1,16,2,9,1,1,7,9,2,18,2,11,,23,6,1,22,9,121.4977065,25.1442835
111,2,28,16,44,2,09北投區,北投區中和街441巷與中和街口,0,0,1,1,B12,8,1,5,30,4,2,1,5,4,5,7,3,1,5,5,5,2,15,1,55,3,10,1,1,7,9,1,8,2,8,,6,6,1,22,9,121.4977065,25.1442835
111,2,28,16,54,2,06松山區,松山區觀山河濱公園自行車道(265號汽車格前),0,0,1,1,F01,8,1,8,0,15,22,4,5,4,5,7,4,4,10,5,5,2,13,1,6,3,10,3,4,7,9,8,20,2,16,,43,43,1,22,9,121.5692256,25.06950289
111,2,28,16,54,2,06松山區,松山區觀山河濱公園自行車道(265號汽車格前),0,0,1,2,F01,8,1,8,0,15,22,4,5,4,5,7,4,4,10,5,5,2,13,1,31,2,9,3,4,7,9,8,20,2,16,,43,43,1,22,9,121.5692256,25.06950289
111,2,28,17,0,2,12內湖區,內湖區民權東路6段56巷5弄與民權東路6段56巷口,0,0,1,1,B03,8,1,5,50,4,2,1,5,4,5,7,4,4,9,4,4,2,17,2,54,3,10,1,1,7,9,1,8,1,15,,4,4,1,22,9,121.5847647,25.06828749
111,2,28,17,0,2,12內湖區,內湖區民權東路6段56巷5弄與民權東路6段56巷口,0,0,1,2,C03,8,1,5,50,4,2,1,5,4,5,7,4,4,9,4,4,2,17,1,45,2,7,1,1,7,6,1,9,1,15,,44,4,1,22,9,121.5847647,25.06828749
111,2,28,17,0,2,11南港區,南港區忠孝東路7段與忠孝東路7段325巷口口,0,0,2,1,B03,8,1,5,50,3,1,1,5,4,5,7,2,1,1,5,4,2,16,1,48,3,10,1,1,7,6,1,8,1,6,,9,9,1,22,9,121.6055243,25.05200219
111,2,28,17,0,2,11南港區,南港區忠孝東路7段與忠孝東路7段325巷口口,0,0,2,2,C03,8,1,5,50,3,1,1,5,4,5,7,2,1,1,5,4,2,16,2,24,2,9,1,1,7,9,1,10,1,14,,44,9,1,22,9,121.6055243,25.05200219
111,2,28,17,0,2,11南港區,南港區忠孝東路7段與忠孝東路7段325巷口口,0,0,2,3,H02,8,1,5,50,3,1,1,5,4,5,7,2,1,1,5,4,2,16,1,24,2,9,4,1,7,20,8,20,10,16,,67,9,1,22,9,121.6055243,25.05200219
111,2,28,17,15,2,08士林區,士林區延平北路6段全國加油站前,0,0,1,1,B03,8,1,5,50,14,9,1,5,4,5,7,4,4,1,3,4,1,12,2,38,3,10,3,4,7,8,1,8,1,2,,7,7,1,22,9,121.498035,25.0935168
111,2,28,17,15,2,08士林區,士林區延平北路6段全國加油站前,0,0,1,2,C02,8,1,5,50,14,9,1,5,4,5,7,4,4,1,3,4,1,12,1,25,2,7,1,4,7,9,1,9,1,14,,44,7,1,22,9,121.498035,25.0935168
111,2,28,17,21,2,08士林區,士林區承德路4段33巷與承德路4段口,0,0,1,1,B03,8,1,5,50,4,1,1,5,4,5,7,2,1,1,1,1,2,3,1,39,3,10,1,1,7,6,1,8,1,2,,15,15,1,22,9,121.5225038,25.08073583
111,2,28,17,21,2,08士林區,士林區承德路4段33巷與承德路4段口,0,0,1,2,H01,8,1,5,50,4,1,1,5,4,5,7,2,1,1,1,1,2,3,2,58,2,1,4,5,8,16,8,20,10,16,,67,15,1,22,9,121.5225038,25.08073583
111,2,28,17,42,2,01大同區,大同區延平北路1段與延平北路1段69巷口口,0,0,1,1,C03,8,3,5,50,3,1,1,5,4,5,7,4,4,9,4,5,1,17,1,54,3,10,1,1,7,9,1,10,2,15,,44,44,1,22,9,121.5119817,25.05131634
111,2,28,17,42,2,01大同區,大同區延平北路1段與延平北路1段69巷口口,0,0,1,2,C03,8,3,5,50,3,1,1,5,4,5,7,4,4,9,4,5,1,17,2,30,2,9,1,1,7,9,1,10,2,14,,42,44,1,22,9,121.5119817,25.05131634
111,2,28,17,55,2,05中正區,中正區羅斯福路2段66巷與羅斯福路2段30巷口口,0,0,2,1,C03,8,1,5,30,4,2,1,5,4,5,7,4,4,10,5,5,2,1,1,30,2,9,1,1,7,9,1,10,2,11,,23,23,1,22,9,121.5210186,25.02755319
111,2,28,17,55,2,05中正區,中正區羅斯福路2段66巷與羅斯福路2段30巷口口,0,0,2,2,H01,8,1,5,30,4,2,1,5,4,5,7,4,4,10,5,5,2,1,1,24,2,9,4,5,8,16,8,20,10,16,,67,23,1,22,9,121.5210186,25.02755319