發生年度,發生月,發生日,發生時-Hours,發生分,處理別-編號,區序,肇事地點,死亡人數,2-30日死亡人數,受傷人數,當事人序號,車種,天候,光線,道路類別,速限-速度限制,道路型態,事故位置,路面狀況1,路面狀況2,路面狀況3,道路障礙1,道路障礙2,號誌1,號誌2,車道劃分-分向,車道劃分-分道1,車道劃分-分道2,車道劃分-分道3,事故類型及型態,性別,年齡,受傷程度,主要傷處,安全帽,行動電話,車輛用途,當事者行動狀態,駕駛資格情形,駕駛執照種類,飲酒情形,車輛撞擊部位1,車輛撞擊部位2,肇因碼-個別,肇因碼-主要,個人肇逃否,職業,旅次目的,座標-X,座標-Y
111,2,28,17,55,2,08士林區,士林區菁山路與無名巷口043燈桿,0,0,2,1,B03,7,1,5,30,3,2,1,5,4,5,7,4,4,9,4,5,2,17,1,65,3,10,1,1,7,5,1,8,1,5,,26,26,1,22,9,121.5589961,25.14266609
111,2,28,17,55,2,08士林區,士林區菁山路與無名巷口043燈桿,0,0,2,2,C01,7,1,5,30,3,2,1,5,4,5,7,4,4,9,4,5,2,17,1,33,2,9,1,1,7,9,1,9,1,11,,14,26,1,22,9,121.5589961,25.14266609
111,2,28,17,55,2,08士林區,士林區菁山路與無名巷口043燈桿,0,0,2,3,H02,7,1,5,30,3,2,1,5,4,5,7,4,4,9,4,5,2,17,2,36,2,9,4,5,7,20,8,20,10,15,,67,26,1,22,9,121.5589961,25.14266609
111,2,28,18,27,2,12內湖區,內湖區舊宗路1段與新湖三路口,0,0,1,1,B01,8,3,5,50,4,1,1,5,4,5,7,1,1,1,4,5,2,13,1,38,3,10,1,1,7,12,1,4,1,5,,16,16,1,22,9,121.5766125,25.06356898
111,2,28,18,27,2,12內湖區,內湖區舊宗路1段與新湖三路口,0,0,1,2,C03,8,3,5,50,4,1,1,5,4,5,7,1,1,1,4,5,2,13,1,32,3,10,1,1,7,12,1,10,1,13,,42,16,1,22,9,121.5766125,25.06356898
111,2,28,18,27,2,12內湖區,內湖區舊宗路1段與新湖三路口,0,0,1,3,H02,8,3,5,50,4,1,1,5,4,5,7,1,1,1,4,5,2,13,2,32,2,5,1,5,7,20,8,20,10,16,,67,16,1,22,9,121.5766125,25.06356898
111,2,28,18,35,2,11南港區,南港區中坡南路與中坡南路98巷口,0,0,1,1,C03,8,3,5,30,3,1,1,5,4,5,6,3,1,9,4,4,2,17,2,63,2,9,1,4,7,5,6,18,2,13,,6,6,1,22,9,121.5842901,25.0422876
111,2,28,18,35,2,11南港區,南港區中坡南路與中坡南路98巷口,0,0,1,2,B03,8,3,5,30,3,1,1,5,4,5,6,3,1,9,4,4,2,17,1,35,3,10,1,4,7,9,1,8,2,4,,23,6,1,22,9,121.5842901,25.0422876
111,2,28,19,0,2,05中正區,中正區水源路39號前,0,0,1,1,B03,8,3,5,50,14,9,1,5,4,5,7,4,4,9,4,5,2,11,1,53,3,10,1,1,7,9,1,2,1,5,,4,4,1,22,9,121.5237593,25.01881731
111,2,28,19,0,2,05中正區,中正區水源路39號前,0,0,1,2,C04,8,3,5,50,14,9,1,5,4,5,7,4,4,9,4,5,2,11,2,26,2,9,1,1,7,9,1,10,1,14,,44,4,1,22,9,121.5237593,25.01881731
111,2,28,19,0,2,08士林區,士林區承德路4段10巷與通河街76巷口,0,0,1,1,B03,8,3,5,30,14,9,1,5,4,5,7,4,4,5,5,5,2,12,1,38,3,10,3,4,7,13,1,8,1,4,,40,40,1,22,9,121.5202458,25.08032795
111,2,28,19,0,2,08士林區,士林區承德路4段10巷與通河街76巷口,0,0,1,2,F01,8,3,5,30,14,9,1,5,4,5,7,4,4,5,5,5,2,12,1,58,3,10,1,1,7,9,8,20,1,16,,27,40,1,22,9,121.5202458,25.08032795
111,2,28,19,0,2,08士林區,士林區承德路4段10巷與通河街76巷口,0,0,1,3,H02,8,3,5,30,14,9,1,5,4,5,7,4,4,5,5,5,2,12,2,50,2,9,4,5,7,20,8,20,10,16,,67,40,1,22,9,121.5202458,25.08032795
111,2,28,19,7,2,10文山區,文山區指南路2段45巷與指南路2段口,0,0,2,1,C03,8,3,5,50,3,2,1,5,4,5,7,4,4,9,4,5,1,17,2,29,2,9,1,1,7,5,1,10,2,12,,6,6,1,22,9,121.5742673,24.98795338
111,2,28,19,7,2,10文山區,文山區指南路2段45巷與指南路2段口,0,0,2,2,C03,8,3,5,50,3,2,1,5,4,5,7,4,4,9,4,5,1,17,1,23,2,9,1,1,7,9,1,10,2,11,,44,6,1,22,9,121.5742673,24.98795338
111,2,28,19,7,2,10文山區,文山區指南路2段45巷與指南路2段口,0,0,2,3,B01,8,3,5,50,3,2,1,5,4,5,7,4,4,9,4,5,1,17,1,59,3,10,1,1,7,14,1,4,2,15,,38,6,1,22,9,121.5742673,24.98795338
111,2,28,19,14,2,09北投區,北投區承德路7段139號,0,0,1,1,B03,8,3,5,50,14,9,1,5,4,5,7,1,1,9,4,5,1,16,1,55,3,10,1,1,7,6,1,8,2,6,,9,9,1,22,9,121.5086965,25.1123499
111,2,28,19,14,2,09北投區,北投區承德路7段139號,0,0,1,2,C03,8,3,5,50,14,9,1,5,4,5,7,1,1,9,4,5,1,16,2,20,2,9,1,1,7,9,1,10,2,11,,44,9,1,22,9,121.5086965,25.1123499
111,2,28,20,14,2,04大安區,大安區辛亥路1段與泰順街口,0,0,2,1,C03,8,3,5,50,14,9,1,5,4,5,7,2,1,1,4,5,2,12,1,20,2,9,3,4,7,5,1,10,1,14,,8,8,1,22,9,121.5315456,25.02195375
111,2,28,20,14,2,04大安區,大安區辛亥路1段與泰順街口,0,0,2,2,B03,8,3,5,50,14,9,1,5,4,5,7,2,1,1,4,5,2,12,1,57,3,10,3,4,7,9,1,8,1,5,,44,8,1,22,9,121.5315456,25.02195375
111,2,28,20,14,2,04大安區,大安區辛亥路1段與泰順街口,0,0,2,3,H02,8,3,5,50,14,9,1,5,4,5,7,2,1,1,4,5,2,12,2,19,2,7,4,5,7,21,8,20,10,16,,67,8,1,22,9,121.5315456,25.02195375
111,2,28,20,18,2,04大安區,大安區忠孝東路3段158號對面,0,0,1,1,C03,8,3,5,50,14,9,1,5,4,5,7,2,1,8,3,5,1,13,2,21,2,9,3,4,7,15,1,10,1,11,,16,16,1,22,9,121.5375797,25.04179802
111,2,28,20,18,2,04大安區,大安區忠孝東路3段158號對面,0,0,1,2,B03,8,3,5,50,14,9,1,5,4,5,7,2,1,8,3,5,1,13,1,26,3,10,3,4,7,15,1,8,1,7,,44,16,1,22,9,121.5375797,25.04179802
111,2,28,21,3,2,02萬華區,萬華區大理街170巷與大理街160巷11弄口,0,0,1,1,C03,8,3,5,30,4,1,1,5,4,5,7,4,4,10,5,5,2,15,1,34,2,9,1,1,7,9,1,10,1,12,,6,6,1,22,9,121.4935611,25.0335089
111,2,28,21,3,2,02萬華區,萬華區大理街170巷與大理街160巷11弄口,0,0,1,2,B01,8,3,5,30,4,1,1,5,4,5,7,4,4,10,5,5,2,15,1,66,3,10,1,1,7,9,1,4,1,8,,44,6,1,22,9,121.4935611,25.0335089
111,2,28,21,10,2,08士林區,士林區基河路與美崙街口,0,0,1,1,B03,7,3,5,50,3,1,1,5,4,5,7,1,1,5,4,5,2,3,1,48,3,10,1,1,7,5,1,8,2,8,,15,15,1,22,9,121.5184941,25.09520014
111,2,28,21,10,2,08士林區,士林區基河路與美崙街口,0,0,1,2,H01,7,3,5,50,3,1,1,5,4,5,7,1,1,5,4,5,2,3,2,44,2,8,4,5,8,16,8,20,10,16,,67,15,1,22,9,121.5184941,25.09520014
111,2,28,21,54,2,12內湖區,內湖區民權東路6段296巷9號,0,0,1,1,B01,8,3,5,30,3,1,1,5,4,5,7,4,4,9,5,5,2,17,1,48,3,10,1,1,7,2,1,3,1,7,,12,12,1,22,9,121.6057232,25.07235443
111,2,28,21,54,2,12內湖區,內湖區民權東路6段296巷9號,0,0,1,2,C03,8,3,5,30,3,1,1,5,4,5,7,4,4,9,5,5,2,17,1,20,2,9,1,1,7,9,1,10,1,11,,44,12,1,22,9,121.6057232,25.07235443
111,2,28,22,18,2,07信義區,信義區忠孝東路5段621巷與松山路393巷口,0,0,1,1,C03,8,1,5,30,4,1,1,5,4,5,7,4,4,9,5,5,2,15,2,46,2,8,1,1,7,9,4,11,1,12,,6,6,1,22,9,121.5789049,25.0420442
111,2,28,22,18,2,07信義區,信義區忠孝東路5段621巷與松山路393巷口,0,0,1,2,B03,8,1,5,30,4,1,1,5,4,5,7,4,4,9,5,5,2,15,1,24,3,10,1,1,7,9,1,8,1,1,,23,6,1,22,9,121.5789049,25.0420442
111,2,28,22,28,2,01大同區,大同區重慶北路3段與重慶北路3段223巷口,0,0,2,1,B03,7,3,5,30,14,9,1,5,4,5,7,1,1,10,5,5,1,16,1,30,3,10,3,4,7,5,1,8,1,8,,8,8,1,22,9,121.5137453,25.07048763
111,2,28,22,28,2,01大同區,大同區重慶北路3段與重慶北路3段223巷口,0,0,2,2,C03,7,3,5,30,14,9,1,5,4,5,7,1,1,10,5,5,1,16,2,21,2,1,3,4,7,9,1,10,1,12,,44,8,1,22,9,121.5137453,25.07048763
111,2,28,22,28,2,01大同區,大同區重慶北路3段與重慶北路3段223巷口,0,0,2,3,H02,7,3,5,30,14,9,1,5,4,5,7,1,1,10,5,5,1,16,2,31,2,9,4,5,7,21,8,20,10,16,,67,8,1,22,9,121.5137453,25.07048763
111,2,28,22,37,2,01大同區,大同區重慶北路2段與民生西路口,0,0,1,1,B01,7,3,5,50,4,2,1,5,4,5,7,2,1,2,2,5,1,3,1,40,3,10,1,1,7,5,1,8,2,8,,15,15,1,22,9,121.5137742,25.05688061
111,2,28,22,37,2,01大同區,大同區重慶北路2段與民生西路口,0,0,1,2,H01,7,3,5,50,4,2,1,5,4,5,7,2,1,2,2,5,1,3,2,36,2,9,4,5,8,16,8,20,10,16,,67,15,1,22,9,121.5137742,25.05688061
111,2,28,23,30,2,07信義區,信義區忠孝東路5段149號對面,0,0,1,1,B03,8,3,5,50,14,9,1,5,4,5,7,2,1,8,3,5,2,13,1,22,3,10,1,1,7,9,3,18,1,1,,23,23,1,22,9,121.5685509,25.0410116
111,2,28,23,30,2,07信義區,信義區忠孝東路5段149號對面,0,0,1,2,C03,8,3,5,50,14,9,1,5,4,5,7,2,1,8,3,5,2,13,1,35,2,3,1,1,7,14,1,10,1,13,,44,23,1,22,9,121.5685509,25.0410116
111,3,1,0,11,2,02萬華區,萬華區武昌街2段與昆明街口,0,0,3,1,C03,8,3,5,50,4,1,1,5,4,5,7,1,3,5,4,4,1,17,1,19,2,9,1,1,7,8,1,10,1,12,,7,7,1,22,9,121.5054003,25.0450693
111,3,1,0,11,2,02萬華區,萬華區武昌街2段與昆明街口,0,0,3,2,C03,8,3,5,50,4,1,1,5,4,5,7,1,3,5,4,4,1,17,1,19,2,9,1,1,7,9,1,10,1,14,,44,7,1,22,9,121.5054003,25.0450693
111,3,1,0,11,2,02萬華區,萬華區武昌街2段與昆明街口,0,0,3,4,H02,8,3,5,50,4,1,1,5,4,5,7,1,3,5,4,4,1,17,2,19,2,9,4,5,7,20,8,20,10,16,,67,7,1,22,9,121.5054003,25.0450693
111,3,1,0,11,2,02萬華區,萬華區武昌街2段與昆明街口,0,0,3,3,B01,8,3,5,50,4,1,1,5,4,5,7,1,3,5,4,4,1,17,1,58,4,11,3,4,7,15,7,19,11,15,,44,7,2,22,9,121.5054003,25.0450693
111,3,1,0,25,2,01大同區,大同區市民大道1段Y1,0,0,1,1,B02,7,3,5,40,14,9,1,5,4,5,7,4,4,9,4,5,1,16,2,31,3,10,3,4,7,9,1,8,2,5,,16,16,1,22,9,121.5187047,25.04856147
111,3,1,0,25,2,01大同區,大同區市民大道1段Y1,0,0,1,2,C03,7,3,5,40,14,9,1,5,4,5,7,4,4,9,4,5,1,16,2,45,2,9,3,4,7,9,1,10,2,14,,44,16,1,22,9,121.5187047,25.04856147
111,3,1,1,14,2,04大安區,大安區市民大道4段與光復南路口,0,0,1,1,B03,8,1,5,50,4,1,1,5,4,5,7,2,1,1,4,5,2,15,1,27,3,10,1,4,7,9,1,8,1,1,,25,25,1,22,9,121.5577013,25.0451058
111,3,1,1,14,2,04大安區,大安區市民大道4段與光復南路口,0,0,1,2,C03,8,1,5,50,4,1,1,5,4,5,7,2,1,1,4,5,2,15,1,43,2,9,1,4,7,9,1,10,1,14,,13,25,1,22,9,121.5577013,25.0451058
111,3,1,2,45,2,02萬華區,萬華區長沙街2段與西昌街口,0,0,2,1,C03,8,3,5,50,4,1,1,5,4,5,7,3,1,8,3,5,1,17,1,29,2,9,1,1,7,9,1,10,1,11,,6,6,1,22,9,121.5008153,25.0409616
111,3,1,2,45,2,02萬華區,萬華區長沙街2段與西昌街口,0,0,2,2,C03,8,3,5,50,4,1,1,5,4,5,7,3,1,8,3,5,1,17,1,18,2,7,1,1,7,9,3,18,1,14,,14,6,1,22,9,121.5008153,25.0409616
111,3,1,6,56,2,12內湖區,內湖區成功路4段61巷8弄與成功路4段61巷22弄口,0,0,1,1,B03,8,1,5,30,3,1,1,5,4,5,7,4,4,10,5,5,2,11,2,53,3,10,1,1,7,5,1,8,1,8,,8,8,1,22,9,121.5932861,25.0814498
111,3,1,6,56,2,12內湖區,內湖區成功路4段61巷8弄與成功路4段61巷22弄口,0,0,1,2,C03,8,1,5,30,3,1,1,5,4,5,7,4,4,10,5,5,2,11,1,64,2,9,1,1,7,6,1,10,1,14,,26,8,1,22,9,121.5932861,25.0814498
111,3,1,7,25,2,07信義區,信義區吳興街192號,0,0,1,1,C03,8,1,5,50,14,9,1,5,4,5,7,4,4,9,4,5,1,3,2,46,3,10,3,4,7,9,1,10,1,11,,23,23,1,22,9,121.562586,25.0283948
111,3,1,7,25,2,07信義區,信義區吳興街192號,0,0,1,2,H01,8,1,5,50,14,9,1,5,4,5,7,4,4,9,4,5,1,3,2,73,2,8,4,5,8,16,8,20,10,16,,53,23,1,22,9,121.562586,25.0283948
111,3,1,7,25,2,07信義區,信義區仁愛路4段506號,0,0,1,1,A02,8,1,5,50,14,10,1,5,4,5,7,4,4,1,3,1,2,9,1,58,3,10,3,4,7,12,1,2,2,3,,44,44,1,22,9,121.5610431,25.03763732
111,3,1,7,25,2,07信義區,信義區仁愛路4段506號,0,0,1,2,H02,8,1,5,50,14,10,1,5,4,5,7,4,4,1,3,1,2,9,2,81,2,5,4,4,7,19,8,20,10,16,,55,44,1,22,9,121.5610431,25.03763732
111,3,1,7,50,2,05中正區,中正區林森南路與徐州路口,0,0,1,1,B03,8,1,5,50,4,1,1,5,4,5,7,1,1,10,5,5,2,16,1,62,3,10,1,1,7,5,1,8,2,8,,6,6,1,22,9,121.5222375,25.0410038
111,3,1,7,50,2,05中正區,中正區林森南路與徐州路口,0,0,1,2,C03,8,1,5,50,4,1,1,5,4,5,7,1,1,10,5,5,2,16,2,67,2,9,1,1,7,9,3,18,2,14,,44,6,1,22,9,121.5222375,25.0410038
111,3,1,7,55,2,02萬華區,萬華區環河南路1段348巷(往華江橋機車引道),0,0,1,1,C03,8,1,5,30,14,9,1,5,4,5,7,4,4,10,5,5,1,12,1,55,3,10,1,1,7,7,1,10,1,15,,7,7,1,22,9,121.4976664,25.04016347
111,3,1,7,55,2,02萬華區,萬華區環河南路1段348巷(往華江橋機車引道),0,0,1,2,C03,8,1,5,30,14,9,1,5,4,5,7,4,4,10,5,5,1,12,1,25,2,9,1,1,7,9,1,10,1,12,,23,7,1,22,9,121.4976664,25.04016347
111,3,1,7,56,2,06松山區,松山區敦化北路1號前,0,0,1,1,A02,8,1,5,30,14,8,1,5,4,5,7,4,4,1,5,1,2,12,1,45,3,10,1,1,7,7,1,2,11,15,,7,7,1,22,9,121.5491755,25.04893464
111,3,1,7,56,2,06松山區,松山區敦化北路1號前,0,0,1,2,C03,8,1,5,30,14,8,1,5,4,5,7,4,4,1,5,1,2,12,1,37,2,7,1,1,7,9,1,10,1,15,,17,7,1,22,9,121.5491755,25.04893464
111,3,1,7,57,2,03中山區,中山區復興北路78號,0,0,2,1,C03,8,1,5,50,14,9,1,5,4,5,7,4,4,1,3,5,1,13,1,51,2,8,1,1,7,9,1,10,1,11,,16,16,1,22,9,121.5439179,25.05111546
111,3,1,7,57,2,03中山區,中山區復興北路78號,0,0,2,2,C03,8,1,5,50,14,9,1,5,4,5,7,4,4,1,3,5,1,13,1,35,2,8,1,1,7,9,1,10,1,13,,44,16,1,22,9,121.5439179,25.05111546
111,3,1,8,3,2,03中山區,中山區內湖路1段59號,0,0,1,1,B03,8,1,5,50,14,9,1,5,4,5,7,4,4,1,4,5,2,16,2,47,3,10,1,1,7,8,1,8,1,2,,26,26,1,22,9,121.5598986,25.08468906
111,3,1,8,3,2,03中山區,中山區內湖路1段59號,0,0,1,2,C03,8,1,5,50,14,9,1,5,4,5,7,4,4,1,4,5,2,16,1,37,2,9,1,1,7,9,1,10,1,14,,44,26,1,22,9,121.5598986,25.08468906
111,3,1,8,5,2,06松山區,松山區寶清街與寶清街30巷口口,0,0,3,3,H02,8,1,5,30,4,1,1,5,4,5,7,4,4,10,5,5,2,15,1,5,2,9,4,5,7,21,8,20,10,16,,67,6,1,22,9,121.5681624,25.05190723
111,3,1,8,5,2,06松山區,松山區寶清街與寶清街30巷口口,0,0,3,2,C03,8,1,5,30,4,1,1,5,4,5,7,4,4,10,5,5,2,15,1,33,2,9,1,1,7,9,1,10,1,14,,32,6,1,22,9,121.5681624,25.05190723
111,3,1,8,5,2,06松山區,松山區寶清街與寶清街30巷口口,0,0,3,1,C03,8,1,5,30,4,1,1,5,4,5,7,4,4,10,5,5,2,15,2,60,2,8,1,1,7,9,1,10,1,11,,6,6,1,22,9,121.5681624,25.05190723
111,3,1,8,17,2,02萬華區,萬華區華江橋機車道往北市,0,0,2,1,C03,8,1,7,40,14,11,1,5,4,5,7,4,4,2,5,5,1,20,1,46,2,9,1,1,7,9,5,10,2,14,,23,23,1,22,9,121.4898898,25.03429647
111,3,1,8,17,2,02萬華區,萬華區華江橋機車道往北市,0,0,2,2,,8,1,7,40,14,11,1,5,4,5,7,4,4,2,5,5,1,20,3,,,,,,,,,,,,,67,23,1,,,121.4898898,25.03429647
111,3,1,8,17,2,02萬華區,萬華區華江橋機車道往北市,0,0,2,3,C03,8,1,7,40,14,11,1,5,4,5,7,4,4,2,5,5,1,20,1,33,2,9,1,1,7,9,1,10,2,14,,44,23,1,22,9,121.4898898,25.03429647
111,3,1,8,19,2,08士林區,士林區中正路608號前,0,0,2,1,C03,8,1,5,50,14,9,1,5,4,5,7,4,4,1,4,5,1,16,2,39,2,9,1,1,7,7,1,10,1,11,,7,7,1,21,8,121.5095098,25.08694464
111,3,1,8,19,2,08士林區,士林區中正路608號前,0,0,2,2,C03,8,1,5,50,14,9,1,5,4,5,7,4,4,1,4,5,1,16,1,29,2,9,1,1,7,9,1,10,1,12,,44,7,1,21,8,121.5095098,25.08694464
111,3,1,8,25,2,03中山區,中山區民權西路與天祥路口,0,0,1,1,B01,8,1,5,50,4,1,1,5,4,5,7,1,1,1,3,5,1,16,1,48,3,10,1,1,7,9,1,4,1,2,,23,23,1,22,9,121.5208106,25.06267168
111,3,1,8,25,2,03中山區,中山區民權西路與天祥路口,0,0,1,2,C03,8,1,5,50,4,1,1,5,4,5,7,1,1,1,3,5,1,16,1,19,2,9,1,1,7,7,1,10,1,14,,7,23,1,22,9,121.5208106,25.06267168
111,3,1,8,29,2,04大安區,大安區忠孝東路3段239號,0,0,2,1,C03,8,1,5,50,14,9,1,5,4,5,7,4,4,9,4,5,1,13,1,24,2,9,1,4,7,9,1,10,2,11,,16,16,1,22,9,121.5407781,25.04159451
111,3,1,8,29,2,04大安區,大安區忠孝東路3段239號,0,0,2,2,C03,8,1,5,50,14,9,1,5,4,5,7,4,4,9,4,5,1,13,2,31,2,9,1,4,7,9,1,10,2,13,,44,16,1,22,9,121.5407781,25.04159451
111,3,1,8,34,2,10文山區,文山區木柵路4段119號,0,0,1,1,B03,8,1,5,50,14,9,1,5,4,5,7,4,4,4,3,5,2,12,1,47,3,10,3,4,7,8,1,4,2,2,,7,7,1,22,9,121.5738645,24.99757891
111,3,1,8,34,2,10文山區,文山區木柵路4段119號,0,0,1,2,C03,8,1,5,50,14,9,1,5,4,5,7,4,4,4,3,5,2,12,1,70,2,9,1,1,7,9,1,10,2,14,,44,7,1,22,9,121.5738645,24.99757891
111,3,1,8,36,2,03中山區,中山區中山北路3段與酒泉街口,0,0,2,2,C03,8,1,5,50,14,9,1,5,4,5,7,1,1,1,3,5,1,12,2,39,2,9,1,1,7,9,1,10,1,14,,44,26,1,22,9,121.5234765,25.07119746
111,3,1,8,36,2,03中山區,中山區中山北路3段與酒泉街口,0,0,2,1,C03,8,1,5,50,14,9,1,5,4,5,7,1,1,1,3,5,1,12,1,36,2,5,1,1,7,8,1,10,1,12,,26,26,1,22,9,121.5234765,25.07119746
111,3,1,8,45,2,02萬華區,萬華區環河南路2段與環河南路2段175巷口,0,0,1,1,B03,8,1,5,50,4,1,1,5,4,5,7,1,1,1,4,5,1,17,2,27,3,10,1,1,7,5,1,8,1,6,,6,6,1,22,9,121.4921906,25.03288018
111,3,1,8,45,2,02萬華區,萬華區環河南路2段與環河南路2段175巷口,0,0,1,2,C03,8,1,5,50,4,1,1,5,4,5,7,1,1,1,4,5,1,17,2,22,2,9,1,1,7,9,3,18,1,11,,44,6,1,22,9,121.4921906,25.03288018
111,3,1,8,54,2,04大安區,大安區基隆路2段329號,0,0,1,1,C03,8,1,5,50,14,9,1,5,4,5,7,4,4,9,4,5,1,13,1,34,2,7,1,1,7,9,1,10,1,11,,16,16,1,22,9,121.5488911,25.0207925
111,3,1,8,54,2,04大安區,大安區基隆路2段329號,0,0,1,2,C03,8,1,5,50,14,9,1,5,4,5,7,4,4,9,4,5,1,13,2,30,3,10,1,1,7,9,1,10,1,13,,44,16,1,22,9,121.5488911,25.0207925
111,3,1,8,54,2,04大安區,大安區基隆路2段329號,0,0,1,3,C03,8,1,5,50,14,9,1,5,4,5,7,4,4,9,4,5,1,13,1,24,3,10,1,1,7,6,1,10,9,15,,9,16,1,22,9,121.5488911,25.0207925
111,3,1,8,55,2,11南港區,南港區重陽路321-4號,0,0,1,1,B03,8,1,5,50,14,9,1,5,4,5,7,4,4,7,4,5,2,12,1,36,3,10,1,1,7,11,1,8,2,4,,10,10,1,22,9,121.6055375,25.05882649
111,3,1,8,55,2,11南港區,南港區重陽路321-4號,0,0,1,2,C03,8,1,5,50,14,9,1,5,4,5,7,4,4,7,4,5,2,12,2,42,2,9,1,1,7,9,1,10,2,12,,44,10,1,22,9,121.6055375,25.05882649
111,3,1,9,6,2,03中山區,中山區市民大道3段與八德路2段口,0,0,1,1,B03,8,2,5,40,5,1,1,5,4,5,7,2,1,1,3,1,1,17,2,54,3,10,1,1,7,6,1,8,1,2,,9,9,1,22,9,121.5343003,25.04490431
111,3,1,9,6,2,03中山區,中山區市民大道3段與八德路2段口,0,0,1,2,C03,8,2,5,40,5,1,1,5,4,5,7,2,1,1,3,1,1,17,1,29,2,9,1,1,7,9,1,10,1,11,,13,9,1,22,9,121.5343003,25.04490431
111,3,1,9,6,2,03中山區,中山區建國北路2段與長春路口,0,0,1,2,C03,8,1,5,50,14,9,1,5,4,5,7,1,1,1,3,5,1,17,2,43,2,9,1,1,7,7,1,10,1,14,,7,43,1,22,9,121.5370951,25.05450919
111,3,1,9,6,2,03中山區,中山區建國北路2段與長春路口,0,0,1,1,A41,8,1,5,50,14,9,1,5,4,5,7,1,1,1,3,5,1,17,1,57,3,10,1,1,7,9,1,1,9,2,,43,43,1,22,9,121.5370951,25.05450919
111,3,1,9,7,2,03中山區,中山區市民大道3段與八德路2段口,0,0,1,1,C03,8,1,5,40,4,1,1,5,4,5,7,2,1,1,4,4,2,12,1,24,2,9,3,4,7,9,1,10,1,14,,13,13,1,22,9,121.5349127,25.04505946
111,3,1,9,7,2,03中山區,中山區市民大道3段與八德路2段口,0,0,1,2,B03,8,1,5,40,4,1,1,5,4,5,7,2,1,1,4,4,2,12,1,63,3,10,3,4,7,6,1,8,1,2,,6,13,1,22,9,121.5349127,25.04505946
111,3,1,9,15,2,10文山區,文山區溪口街與溪口街36巷口口,0,0,1,1,B03,8,1,5,50,4,1,1,5,4,5,7,4,4,5,5,5,2,16,1,25,3,10,1,1,7,5,1,8,2,8,,8,8,1,22,9,121.5397556,24.9950325
111,3,1,9,15,2,10文山區,文山區溪口街與溪口街36巷口口,0,0,1,2,C03,8,1,5,50,4,1,1,5,4,5,7,4,4,5,5,5,2,16,2,39,2,7,1,1,7,9,1,10,2,11,,26,8,1,22,9,121.5397556,24.9950325
111,3,1,9,35,2,03中山區,中山區明水路與明水路439巷口對面,0,0,1,1,C03,8,1,5,50,3,2,1,5,4,5,7,4,4,1,4,5,2,17,1,31,2,9,1,4,7,8,1,10,2,11,,7,7,1,22,9,121.549646,25.07724772
111,3,1,9,35,2,03中山區,中山區明水路與明水路439巷口對面,0,0,1,2,B01,8,1,5,50,3,2,1,5,4,5,7,4,4,1,4,5,2,17,1,48,3,10,1,4,7,14,1,4,2,7,,44,7,1,22,9,121.549646,25.07724772
111,3,1,9,42,2,05中正區,中正區仁愛路2段與仁愛路2段92巷口,0,0,2,1,B02,8,1,5,50,3,2,1,5,4,5,7,4,4,1,1,1,2,17,1,45,3,10,1,1,7,15,1,2,2,15,,6,6,1,22,9,121.531252,25.0380962
111,3,1,9,42,2,05中正區,中正區仁愛路2段與仁愛路2段92巷口,0,0,2,2,C03,8,1,5,50,3,2,1,5,4,5,7,4,4,1,1,1,2,17,1,27,2,9,1,1,7,15,1,10,2,12,,44,6,1,22,9,121.531252,25.0380962
111,3,1,9,42,2,05中正區,中正區仁愛路2段與仁愛路2段92巷口,0,0,2,3,C03,8,1,5,50,3,2,1,5,4,5,7,4,4,1,1,1,2,17,2,51,2,9,1,1,7,15,1,10,2,12,,44,6,1,22,9,121.531252,25.0380962
111,3,1,9,50,2,07信義區,信義區莊敬路與莊敬路391巷口口,0,0,1,1,B01,8,1,5,50,3,1,1,5,4,5,7,2,1,9,4,4,2,16,1,64,3,10,3,4,7,5,1,4,1,1,,6,6,1,22,9,121.5655501,25.02752459
111,3,1,9,50,2,07信義區,信義區莊敬路與莊敬路391巷口口,0,0,1,2,C03,8,1,5,50,3,1,1,5,4,5,7,2,1,9,4,4,2,16,1,26,2,9,3,4,7,9,1,10,1,14,,23,6,1,22,9,121.5655501,25.02752459
111,3,1,10,5,2,03中山區,中山區民生東路3段與松江路口,0,0,1,1,C03,8,1,5,50,4,1,1,5,4,5,7,1,1,4,3,5,1,13,1,56,2,8,1,1,7,9,1,10,1,11,,23,23,1,22,9,121.5329513,25.05791444
111,3,1,10,5,2,03中山區,中山區民生東路3段與松江路口,0,0,1,2,B03,8,1,5,50,4,1,1,5,4,5,7,1,1,4,3,5,1,13,2,25,3,10,1,1,7,14,1,8,1,7,,44,23,1,22,9,121.5329513,25.05791444
111,3,1,10,10,2,04大安區,大安區辛亥路3段與基隆路3段口,0,0,1,1,A02,8,1,5,50,5,1,1,5,4,5,7,1,1,1,4,5,2,12,1,24,3,10,1,4,7,9,1,2,2,5,,44,44,1,22,9,121.5468528,25.0189808
111,3,1,10,10,2,04大安區,大安區辛亥路3段與基隆路3段口,0,0,1,3,C03,8,1,5,50,5,1,1,5,4,5,7,1,1,1,4,5,2,12,2,24,3,10,1,4,7,9,1,10,2,13,,44,44,1,22,9,121.5468528,25.0189808
111,3,1,10,10,2,04大安區,大安區辛亥路3段與基隆路3段口,0,0,1,2,C03,8,1,5,50,5,1,1,5,4,5,7,1,1,1,4,5,2,12,1,70,2,6,1,4,7,9,1,10,2,14,,16,44,1,22,9,121.5468528,25.0189808
111,3,1,10,16,2,05中正區,中正區中山南路與仁愛路1段口,0,0,1,1,B03,8,1,5,50,5,2,1,5,4,5,7,2,1,1,5,5,2,18,1,81,2,7,1,2,7,9,1,8,2,5,,23,23,1,19,8,121.5178725,25.0394956