發生年度,發生月,發生日,發生時-Hours,發生分,處理別-編號,區序,肇事地點,死亡人數,2-30日死亡人數,受傷人數,當事人序號,車種,天候,光線,道路類別,速限-速度限制,道路型態,事故位置,路面狀況1,路面狀況2,路面狀況3,道路障礙1,道路障礙2,號誌1,號誌2,車道劃分-分向,車道劃分-分道1,車道劃分-分道2,車道劃分-分道3,事故類型及型態,性別,年齡,受傷程度,主要傷處,安全帽,行動電話,車輛用途,當事者行動狀態,駕駛資格情形,駕駛執照種類,飲酒情形,車輛撞擊部位1,車輛撞擊部位2,肇因碼-個別,肇因碼-主要,個人肇逃否,職業,旅次目的,座標-X,座標-Y
111,3,1,10,16,2,05中正區,中正區中山南路與仁愛路1段口,0,0,1,2,,8,1,5,50,5,2,1,5,4,5,7,2,1,1,5,5,2,18,3,,,,,,,,,,,,,67,23,1,,,121.5178725,25.0394956
111,3,1,10,21,2,03中山區,中山區民權東路3段與復興北路口,0,0,1,1,C03,8,1,5,50,4,1,1,5,4,5,7,1,1,1,4,5,2,15,1,71,3,10,1,1,7,9,1,10,1,11,,25,25,1,22,9,121.5441162,25.06238358
111,3,1,10,21,2,03中山區,中山區民權東路3段與復興北路口,0,0,1,2,C03,8,1,5,50,4,1,1,5,4,5,7,1,1,1,4,5,2,15,1,52,2,9,1,1,7,9,1,10,1,11,,44,25,1,22,9,121.5441162,25.06238358
111,3,1,10,40,2,05中正區,中正區青島東路與鎮江街口,0,0,1,1,B03,8,1,5,50,4,2,1,5,4,5,7,1,1,5,4,4,2,16,1,53,3,10,1,1,7,5,1,8,2,4,,8,8,1,22,9,121.521109,25.04405455
111,3,1,10,40,2,05中正區,中正區青島東路與鎮江街口,0,0,1,2,C03,8,1,5,50,4,2,1,5,4,5,7,1,1,5,4,4,2,16,2,24,2,9,1,1,7,9,1,10,2,12,,44,8,1,22,9,121.521109,25.04405455
111,3,1,10,45,2,03中山區,中山區北安路與北安路670巷口,0,0,1,1,B03,8,1,5,50,4,1,1,5,4,5,7,1,1,3,4,5,2,17,1,67,3,10,1,1,7,5,1,8,1,5,,25,25,1,22,9,121.5493715,25.0841138
111,3,1,10,45,2,03中山區,中山區北安路與北安路670巷口,0,0,1,2,C03,8,1,5,50,4,1,1,5,4,5,7,1,1,3,4,5,2,17,1,19,2,9,1,1,7,9,1,10,1,11,14,13,25,1,22,9,121.5493715,25.0841138
111,3,1,11,0,2,06松山區,松山區光復南路與光復南路32巷口,0,0,1,1,B03,8,1,5,50,14,18,1,5,4,5,7,2,1,1,3,5,2,3,1,56,3,10,1,1,7,9,1,8,1,1,,25,25,1,22,9,121.5577599,25.04676157
111,3,1,11,0,2,06松山區,松山區光復南路與光復南路32巷口,0,0,1,2,F01,8,1,5,50,14,18,1,5,4,5,7,2,1,1,3,5,2,3,2,72,2,9,1,1,7,11,8,20,1,16,,11,25,1,22,9,121.5577599,25.04676157
111,3,1,11,15,2,10文山區,文山區車前路11-1號,0,0,1,1,B03,8,1,5,50,14,9,1,5,4,5,7,4,4,9,5,5,2,16,1,56,3,10,1,1,7,5,1,8,2,2,,8,8,1,22,9,121.540851,24.99138597
111,3,1,11,15,2,10文山區,文山區車前路11-1號,0,0,1,2,C03,8,1,5,50,14,9,1,5,4,5,7,4,4,9,5,5,2,16,1,69,2,9,1,1,7,9,1,10,2,11,,44,8,1,22,9,121.540851,24.99138597
111,3,1,11,18,2,08士林區,士林區延平北路7段106巷與延平北路7段口,0,0,2,1,C03,8,1,5,50,3,2,1,5,4,5,7,4,4,9,5,5,1,16,1,21,2,9,3,4,7,9,1,10,1,11,,23,23,1,22,9,121.4972027,25.09687345
111,3,1,11,18,2,08士林區,士林區延平北路7段106巷與延平北路7段口,0,0,2,2,F01,8,1,5,50,3,2,1,5,4,5,7,4,4,9,5,5,1,16,2,50,2,9,1,1,7,1,8,20,1,16,,42,23,1,22,9,121.4972027,25.09687345
111,3,1,12,20,2,03中山區,中山區長春路258巷2弄與建國北路2段19巷口,0,0,1,1,C03,8,1,5,30,4,1,1,5,4,5,7,4,4,10,5,5,2,15,1,26,2,8,1,1,7,9,1,10,1,11,,6,6,1,22,9,121.5384734,25.05425988
111,3,1,12,20,2,03中山區,中山區長春路258巷2弄與建國北路2段19巷口,0,0,1,2,B03,8,1,5,30,4,1,1,5,4,5,7,4,4,10,5,5,2,15,1,57,3,10,1,1,7,9,1,8,1,2,,44,6,1,22,9,121.5384734,25.05425988
111,3,1,12,30,2,03中山區,中山區民生東路2段與民生東路2段147巷口,0,0,1,1,B01,8,1,5,30,3,1,1,5,4,5,7,1,1,3,4,5,2,15,1,64,3,10,1,1,7,9,1,4,1,1,,6,6,1,22,9,121.5348205,25.0579836
111,3,1,12,30,2,03中山區,中山區民生東路2段與民生東路2段147巷口,0,0,1,2,F01,8,1,5,30,3,1,1,5,4,5,7,1,1,3,4,5,2,15,2,68,2,8,1,1,7,9,8,20,1,16,,44,6,1,22,9,121.5348205,25.0579836
111,3,1,12,30,2,03中山區,中山區民族東路284號,0,0,1,1,B02,8,1,5,50,14,7,1,5,4,5,7,4,4,1,4,4,2,17,1,23,3,10,1,1,7,8,1,8,9,15,,30,30,2,22,9,121.5362051,25.06812447
111,3,1,12,30,2,03中山區,中山區民族東路284號,0,0,1,2,C03,8,1,5,50,14,7,1,5,4,5,7,4,4,1,4,4,2,17,1,27,2,9,1,1,7,8,1,10,1,14,,42,30,1,22,9,121.5362051,25.06812447
111,3,1,12,30,2,06松山區,松山區三民路與富錦街口,0,0,1,1,B01,8,1,5,50,4,1,1,5,4,5,7,1,1,1,4,5,2,1,1,53,3,10,1,1,7,5,1,4,1,4,,15,15,1,22,9,121.5631932,25.0609248
111,3,1,12,30,2,06松山區,松山區三民路與富錦街口,0,0,1,2,H01,8,1,5,50,4,1,1,5,4,5,7,1,1,1,4,5,2,1,2,65,2,1,4,5,8,16,8,20,10,16,,67,15,1,22,9,121.5631932,25.0609248
111,3,1,12,37,2,05中正區,中正區重慶南路3段與和平西路1段口,0,0,1,1,B03,8,1,5,50,5,1,1,5,4,5,7,1,1,3,4,5,2,12,1,32,3,10,1,1,7,6,1,8,1,6,,9,9,1,22,9,121.5161399,25.02708794
111,3,1,12,37,2,05中正區,中正區重慶南路3段與和平西路1段口,0,0,1,2,F03,8,1,5,50,5,1,1,5,4,5,7,1,1,3,4,5,2,12,2,74,2,9,1,1,7,9,8,20,1,16,,44,9,1,22,9,121.5161399,25.02708794
111,3,1,12,44,2,02萬華區,萬華區萬大路534巷與萬大路486巷59弄口,0,0,1,1,C03,8,1,5,30,3,1,1,5,4,5,7,4,4,10,5,5,1,16,1,85,2,9,3,4,7,5,1,10,1,12,,6,6,1,22,9,121.4951759,25.0194099
111,3,1,12,44,2,02萬華區,萬華區萬大路534巷與萬大路486巷59弄口,0,0,1,2,B03,8,1,5,30,3,1,1,5,4,5,7,4,4,10,5,5,1,16,1,73,3,10,3,4,7,9,1,8,1,4,,44,6,1,22,9,121.4951759,25.0194099
111,3,1,12,45,2,04大安區,大安區和平東路2段265巷與復興南路2段171巷口,0,0,1,1,C03,8,1,5,30,4,1,1,5,4,5,7,4,4,10,5,5,2,15,1,68,2,9,1,1,7,9,1,10,1,12,,6,6,1,22,9,121.5440731,25.02770259
111,3,1,12,45,2,04大安區,大安區和平東路2段265巷與復興南路2段171巷口,0,0,1,2,B03,8,1,5,30,4,1,1,5,4,5,7,4,4,10,5,5,2,15,2,50,3,10,1,1,7,9,1,8,1,4,,23,6,1,22,9,121.5440731,25.02770259
111,3,1,12,58,2,09北投區,北投區承德路7段與實踐街口,0,0,1,1,C03,8,1,5,60,14,8,1,5,4,5,7,2,1,1,4,4,2,16,1,68,3,10,1,1,7,1,1,9,2,14,,19,19,1,22,9,121.5072217,25.1144096
111,3,1,12,58,2,09北投區,北投區承德路7段與實踐街口,0,0,1,2,C03,8,1,5,60,14,8,1,5,4,5,7,2,1,1,4,4,2,16,1,54,2,9,1,1,7,9,1,10,2,11,,44,19,1,22,9,121.5072217,25.1144096
111,3,1,13,0,2,03中山區,中山區林森北路530號,0,0,1,1,B03,8,1,5,50,14,9,1,5,4,5,7,4,4,9,5,5,2,16,1,59,3,10,3,4,7,5,6,18,1,8,,26,26,1,22,9,121.5256676,25.06354439
111,3,1,13,0,2,03中山區,中山區林森北路530號,0,0,1,2,C03,8,1,5,50,14,9,1,5,4,5,7,4,4,9,5,5,2,16,1,43,2,9,3,4,7,9,1,10,1,12,,44,26,1,22,9,121.5256676,25.06354439
111,3,1,13,15,2,12內湖區,內湖區民權東路6段與民權東路6段136巷口,0,0,1,1,B03,8,1,5,50,4,1,1,5,4,5,7,2,1,1,4,4,2,11,1,77,3,10,1,1,7,5,1,8,2,5,,8,8,1,22,9,121.5877873,25.06899712
111,3,1,13,15,2,12內湖區,內湖區民權東路6段與民權東路6段136巷口,0,0,1,2,C03,8,1,5,50,4,1,1,5,4,5,7,2,1,1,4,4,2,11,2,28,2,9,1,1,7,9,1,10,2,11,,44,8,1,22,9,121.5877873,25.06899712
111,3,1,13,51,2,01大同區,大同區南京西路與南京西路302巷口口,0,0,1,1,B03,8,1,5,50,4,1,1,5,4,5,7,4,4,9,4,5,1,17,2,26,3,10,1,1,7,5,1,8,2,15,,6,6,1,22,9,121.5135224,25.05395013
111,3,1,13,51,2,01大同區,大同區南京西路與南京西路302巷口口,0,0,1,2,C03,8,1,5,50,4,1,1,5,4,5,7,4,4,9,4,5,1,17,1,47,2,9,1,1,7,9,1,10,2,15,,14,6,1,22,9,121.5135224,25.05395013
111,3,1,14,7,2,01大同區,大同區延平北路4段151號對面,0,0,2,1,B03,8,1,5,50,14,9,1,5,4,5,7,4,4,7,4,5,2,12,1,62,2,1,1,1,7,15,1,8,1,4,,40,40,1,22,9,121.511097,25.07259183
111,3,1,14,7,2,01大同區,大同區延平北路4段151號對面,0,0,2,2,C03,8,1,5,50,14,9,1,5,4,5,7,4,4,7,4,5,2,12,1,65,2,8,1,1,7,9,1,10,1,12,,44,40,1,22,9,121.511097,25.07259183
111,3,1,14,15,2,04大安區,大安區延吉街廢鐵道第035號停車格,0,0,1,1,B03,8,1,5,30,14,9,1,5,4,5,7,4,4,10,5,5,2,16,1,31,3,10,1,1,7,5,1,8,1,4,,8,8,1,22,9,121.5556245,25.04324499
111,3,1,14,15,2,04大安區,大安區延吉街廢鐵道第035號停車格,0,0,1,2,C03,8,1,5,30,14,9,1,5,4,5,7,4,4,10,5,5,2,16,1,33,2,7,1,1,7,9,1,10,1,12,,42,8,1,22,9,121.5556245,25.04324499
111,3,1,14,59,2,03中山區,中山區北安路458巷41弄54號汽車停車格,0,0,1,1,B03,8,1,5,30,14,9,1,5,4,5,7,4,4,4,3,5,1,16,1,58,3,10,1,1,7,6,1,8,1,5,,9,9,1,22,9,121.5460285,25.07887382
111,3,1,14,59,2,03中山區,中山區北安路458巷41弄54號汽車停車格,0,0,1,2,C03,8,1,5,30,14,9,1,5,4,5,7,4,4,4,3,5,1,16,1,26,2,9,1,1,7,9,1,10,1,14,,44,9,1,22,9,121.5460285,25.07887382
111,3,1,14,59,2,03中山區,中山區北安路458巷41弄54號汽車停車格,0,0,1,3,B03,8,1,5,30,14,9,1,5,4,5,7,4,4,4,3,5,1,16,3,,,,,,,,,,,,,67,9,1,,,121.5460285,25.07887382
111,3,1,15,0,2,09北投區,北投區中央北路2段131巷與中央北路2段95巷口口,0,0,1,1,C03,8,1,5,30,3,1,1,5,4,5,7,4,4,10,5,5,2,18,2,62,2,8,1,1,7,6,1,10,1,12,,43,43,1,22,9,121.4949977,25.13624931
111,3,1,15,0,2,09北投區,北投區中央北路2段131巷與中央北路2段95巷口口,0,0,1,2,,8,1,5,30,3,1,1,5,4,5,7,4,4,10,5,5,2,18,3,,,,,,,,,,,,,67,43,1,,,121.4949977,25.13624931
111,3,1,15,17,2,02萬華區,萬華區萬大路27號對面,0,0,1,1,C03,8,1,5,50,14,9,1,5,4,5,7,4,4,10,5,5,1,12,1,70,2,9,1,4,7,9,1,10,1,14,,44,44,1,22,9,121.5005386,25.03204234
111,3,1,15,17,2,02萬華區,萬華區萬大路27號對面,0,0,1,2,B03,8,1,5,50,14,9,1,5,4,5,7,4,4,10,5,5,1,12,2,40,3,10,1,4,7,9,1,8,1,2,,17,44,1,22,9,121.5005386,25.03204234
111,3,1,15,17,2,02萬華區,萬華區萬大路27號對面,0,0,1,3,A02,8,1,5,50,14,9,1,5,4,5,7,4,4,10,5,5,1,12,1,38,3,10,1,4,7,1,1,2,1,15,,19,44,1,22,9,121.5005386,25.03204234
111,3,1,15,33,2,08士林區,士林區承德路4段與承德路4段266巷口,0,0,2,1,C03,8,1,5,40,3,2,1,5,4,5,7,2,1,1,4,4,1,17,2,18,2,8,1,1,7,6,1,10,2,13,,9,9,1,22,9,121.5200058,25.0894662
111,3,1,15,33,2,08士林區,士林區承德路4段與承德路4段266巷口,0,0,2,2,C03,8,1,5,40,3,2,1,5,4,5,7,2,1,1,4,4,1,17,1,56,3,10,1,1,7,9,1,10,2,11,,44,9,1,22,9,121.5200058,25.0894662
111,3,1,15,33,2,08士林區,士林區承德路4段與承德路4段266巷口,0,0,2,3,H02,8,1,5,40,3,2,1,5,4,5,7,2,1,1,4,4,1,17,2,31,2,9,1,1,7,20,8,20,10,16,,67,9,1,22,9,121.5200058,25.0894662
111,3,1,15,45,2,08士林區,士林區百齡橋西往東021處,0,0,2,1,C03,8,1,5,50,8,11,1,5,4,5,7,4,4,9,4,4,2,13,2,37,2,9,1,1,7,9,1,10,1,12,,23,23,1,22,9,121.5141408,25.08938042
111,3,1,15,45,2,08士林區,士林區百齡橋西往東021處,0,0,2,2,C03,8,1,5,50,8,11,1,5,4,5,7,4,4,9,4,4,2,13,1,59,2,7,1,1,7,9,1,10,1,14,,14,23,1,22,9,121.5141408,25.08938042
111,3,1,15,55,2,04大安區,大安區仁愛路4段61號,0,0,1,1,B01,8,1,5,50,14,8,1,5,4,5,7,4,4,1,4,5,2,17,1,57,3,10,1,4,7,7,1,4,1,5,,7,7,1,22,9,121.5467397,25.0382005
111,3,1,15,55,2,04大安區,大安區仁愛路4段61號,0,0,1,2,C03,8,1,5,50,14,8,1,5,4,5,7,4,4,1,4,5,2,17,1,35,2,8,1,4,7,9,1,10,1,13,,44,7,1,22,9,121.5467397,25.0382005
111,3,1,15,55,2,04大安區,大安區仁愛路4段61號,0,0,1,3,B03,8,1,5,50,14,8,1,5,4,5,7,4,4,1,4,5,2,17,2,44,3,10,1,4,7,9,1,8,1,3,,44,7,1,22,9,121.5467397,25.0382005
111,3,1,16,1,2,01大同區,大同區民族西路與大龍街177巷口,0,0,1,1,B01,8,1,5,50,3,2,1,5,4,5,7,2,1,4,4,5,2,12,1,59,3,10,3,4,7,11,1,4,1,4,,10,10,1,22,9,121.5167933,25.06857855
111,3,1,16,1,2,01大同區,大同區民族西路與大龍街177巷口,0,0,1,2,C03,8,1,5,50,3,2,1,5,4,5,7,2,1,4,4,5,2,12,1,24,2,9,1,1,7,9,1,10,1,11,,44,10,1,22,9,121.5167933,25.06857855
111,3,1,16,24,2,05中正區,中正區新生南路1段與新生南路1段132巷口,0,0,1,1,C03,8,1,5,50,4,2,1,5,4,5,7,1,1,3,2,5,2,17,1,24,3,10,1,1,7,8,1,10,2,15,,7,7,1,22,9,121.5325822,25.03680654
111,3,1,16,24,2,05中正區,中正區新生南路1段與新生南路1段132巷口,0,0,1,2,C03,8,1,5,50,4,2,1,5,4,5,7,1,1,3,2,5,2,17,1,27,2,8,1,1,7,9,1,10,2,14,,44,7,1,22,9,121.5325822,25.03680654
111,3,1,16,25,2,10文山區,文山區興隆路3段與興隆路3段36巷17弄口,0,0,2,1,C03,7,1,5,30,3,1,1,5,4,5,7,1,1,9,5,5,2,16,1,20,2,8,1,1,7,5,1,10,2,14,,8,8,1,22,9,121.5554048,24.9993282
111,3,1,16,25,2,10文山區,文山區興隆路3段與興隆路3段36巷17弄口,0,0,2,2,C03,7,1,5,30,3,1,1,5,4,5,7,1,1,9,5,5,2,16,1,24,2,5,1,1,7,9,1,10,2,11,,13,8,1,22,9,121.5554048,24.9993282
111,3,1,16,54,2,05中正區,中正區市民大道3段與金山北路口,0,0,1,1,B03,8,1,5,40,4,2,1,5,4,5,7,1,1,8,4,1,1,12,1,68,4,11,3,4,7,10,7,19,11,15,,7,7,2,22,9,121.5310134,25.04588559
111,3,1,16,54,2,05中正區,中正區市民大道3段與金山北路口,0,0,1,2,B01,8,1,5,40,4,2,1,5,4,5,7,1,1,8,4,1,1,12,1,59,3,10,1,1,7,15,1,4,2,6,,44,7,1,22,9,121.5310134,25.04588559
111,3,1,16,54,2,05中正區,中正區市民大道3段與金山北路口,0,0,1,3,C03,8,1,5,40,4,2,1,5,4,5,7,1,1,8,4,1,1,12,1,53,3,10,1,1,7,15,1,10,2,11,,16,7,1,22,9,121.5310134,25.04588559
111,3,1,16,54,2,05中正區,中正區市民大道3段與金山北路口,0,0,1,4,C03,8,1,5,40,4,2,1,5,4,5,7,1,1,8,4,1,1,12,2,33,2,8,1,1,7,15,1,10,2,14,,44,7,1,22,9,121.5310134,25.04588559
111,3,1,17,5,2,06松山區,松山區八德路4段38號,0,0,1,1,B03,7,1,5,50,3,2,1,5,4,5,7,4,4,9,4,5,2,17,2,46,3,10,1,1,7,11,1,8,1,7,,6,6,1,22,9,121.5590978,25.04833548
111,3,1,17,5,2,06松山區,松山區八德路4段38號,0,0,1,2,C03,7,1,5,50,3,2,1,5,4,5,7,4,4,9,4,5,2,17,1,25,2,9,1,1,7,9,1,10,1,11,,13,6,1,22,9,121.5590978,25.04833548
111,3,1,17,5,2,08士林區,士林區中山北路5段376號停車場出入口,0,0,2,1,B03,8,1,5,30,14,9,1,5,4,5,7,4,4,10,5,5,1,12,1,38,3,10,1,1,7,5,1,8,2,8,,8,8,1,22,9,121.5279491,25.09014948
111,3,1,17,5,2,08士林區,士林區中山北路5段376號停車場出入口,0,0,2,2,C03,8,1,5,30,14,9,1,5,4,5,7,4,4,10,5,5,1,12,1,50,2,9,1,1,7,9,1,10,2,12,,5,8,1,22,9,121.5279491,25.09014948
111,3,1,17,5,2,08士林區,士林區中山北路5段376號停車場出入口,0,0,2,3,H02,8,1,5,30,14,9,1,5,4,5,7,4,4,10,5,5,1,12,2,50,2,9,4,5,7,17,8,20,10,16,,67,8,1,22,9,121.5279491,25.09014948
111,3,1,17,30,2,06松山區,松山區敦化北路與敦化北路244巷口,0,0,2,1,C03,8,1,5,30,3,1,1,5,4,5,7,4,4,5,4,4,2,13,2,20,2,9,1,1,7,15,1,10,1,11,,16,16,1,22,9,121.5500107,25.0605323
111,3,1,17,30,2,06松山區,松山區敦化北路與敦化北路244巷口,0,0,2,2,B02,8,1,5,30,3,1,1,5,4,5,7,4,4,5,4,4,2,13,1,42,3,10,1,1,7,8,1,8,1,7,,44,16,1,22,9,121.5500107,25.0605323
111,3,1,17,30,2,06松山區,松山區敦化北路與敦化北路244巷口,0,0,2,3,C03,8,1,5,30,3,1,1,5,4,5,7,4,4,5,4,4,2,13,1,67,2,1,1,1,7,9,1,10,1,11,,44,16,1,22,9,121.5500107,25.0605323
111,3,1,17,32,2,09北投區,北投區石牌路1段與致遠二路口,0,0,1,2,C03,8,1,5,50,4,1,1,5,4,5,7,1,1,9,4,5,1,12,2,16,2,8,1,1,7,9,2,18,1,14,,44,23,1,22,9,121.5122728,25.11410219
111,3,1,17,32,2,09北投區,北投區石牌路1段與致遠二路口,0,0,1,1,B03,8,1,5,50,4,1,1,5,4,5,7,1,1,9,4,5,1,12,2,22,3,10,1,1,7,9,1,8,1,5,,23,23,1,22,9,121.5122728,25.11410219
111,3,1,17,36,2,01大同區,大同區延平北路2段與歸綏街口,0,0,2,1,C03,8,3,5,50,4,1,1,5,4,5,7,2,1,5,4,5,2,12,1,38,2,9,1,1,7,9,1,10,1,11,,44,44,1,22,9,121.5115144,25.05814052
111,3,1,17,36,2,01大同區,大同區延平北路2段與歸綏街口,0,0,2,2,C04,8,3,5,50,4,1,1,5,4,5,7,2,1,5,4,5,2,12,1,66,2,9,1,1,7,5,1,10,1,14,,8,44,1,22,9,121.5115144,25.05814052
111,3,1,17,41,2,02萬華區,萬華區和平西路3段382巷與和平西路3段口,0,0,1,1,B02,8,1,5,50,4,1,1,5,4,5,7,1,1,10,5,5,1,12,1,54,3,10,1,4,7,5,1,8,1,4,,8,8,1,22,9,121.4914984,25.03536004
111,3,1,17,41,2,02萬華區,萬華區和平西路3段382巷與和平西路3段口,0,0,1,2,C03,8,1,5,50,4,1,1,5,4,5,7,1,1,10,5,5,1,12,2,21,2,9,1,4,7,9,1,10,1,11,,44,8,1,22,9,121.4914984,25.03536004
111,3,1,17,52,2,01大同區,大同區敦煌路88巷與敦煌路口口,0,0,1,1,B02,8,1,5,50,4,1,1,5,4,5,7,2,1,3,4,5,2,17,1,40,3,10,3,4,7,5,1,8,2,15,,43,43,1,22,9,121.5172625,25.0759028
111,3,1,17,52,2,01大同區,大同區敦煌路88巷與敦煌路口口,0,0,1,2,C03,8,1,5,50,4,1,1,5,4,5,7,2,1,3,4,5,2,17,1,52,2,8,1,1,7,9,1,10,2,12,,44,43,1,22,9,121.5172625,25.0759028
111,3,1,18,9,2,05中正區,中正區愛國西路19號,0,0,1,1,C03,8,3,5,50,14,9,1,5,4,5,7,4,4,5,4,1,2,12,2,25,2,9,1,1,7,8,1,10,2,12,,7,7,1,22,9,121.5074216,25.03729847
111,3,1,18,9,2,05中正區,中正區愛國西路19號,0,0,1,2,B03,8,3,5,50,14,9,1,5,4,5,7,4,4,5,4,1,2,12,2,18,3,10,1,1,7,8,1,8,2,4,,44,7,1,22,9,121.5074216,25.03729847
111,3,1,18,23,2,03中山區,中山區新生高架道橋下停車場迴轉道(民生-錦州),0,0,1,1,B03,8,1,5,30,14,9,1,5,4,5,7,4,4,10,5,5,1,13,2,73,3,10,3,4,7,5,1,8,1,1,,23,23,1,22,9,121.5275294,25.0585936
111,3,1,18,23,2,03中山區,中山區新生高架道橋下停車場迴轉道(民生-錦州),0,0,1,2,C03,8,1,5,30,14,9,1,5,4,5,7,4,4,10,5,5,1,13,1,37,2,9,1,4,7,5,1,10,1,13,,44,23,1,22,9,121.5275294,25.0585936
111,3,1,18,30,2,12內湖區,內湖區內湖路1段與港墘路口引道,0,0,1,1,A02,8,3,5,50,3,2,1,5,4,5,7,4,4,1,5,5,2,17,1,46,3,10,1,1,7,7,1,2,1,8,,7,7,1,22,9,121.5762705,25.07952585
111,3,1,18,30,2,12內湖區,內湖區內湖路1段與港墘路口引道,0,0,1,2,C03,8,3,5,50,3,2,1,5,4,5,7,4,4,1,5,5,2,17,1,51,2,8,1,1,7,9,1,10,1,12,,17,7,1,22,9,121.5762705,25.07952585
111,3,1,18,30,2,12內湖區,內湖區內湖路1段與港墘路口引道,0,0,1,3,B03,8,3,5,50,3,2,1,5,4,5,7,4,4,1,5,5,2,17,1,45,3,10,1,1,7,9,1,8,1,2,,44,7,1,22,9,121.5762705,25.07952585
111,3,1,18,45,2,12內湖區,內湖區金湖路326巷口側附近附近,0,0,1,1,C03,8,3,5,50,14,7,1,5,4,5,7,4,4,3,4,4,2,13,1,19,2,9,1,1,7,9,1,10,2,11,,13,13,1,22,9,121.6016843,25.07451791
111,3,1,18,45,2,12內湖區,內湖區金湖路326巷口側附近附近,0,0,1,2,B03,8,3,5,50,14,7,1,5,4,5,7,4,4,3,4,4,2,13,1,63,3,10,1,1,7,1,1,8,2,3,,19,13,1,22,9,121.6016843,25.07451791
111,3,1,18,56,2,02萬華區,萬華區華中橋機車道往新北市(華中021位置),0,0,1,1,C03,8,3,7,40,14,11,1,5,4,5,7,4,4,10,5,5,2,17,2,56,3,10,3,4,7,9,1,10,1,12,,17,17,1,22,9,121.4954459,25.01588581
111,3,1,18,56,2,02萬華區,萬華區華中橋機車道往新北市(華中021位置),0,0,1,2,C03,8,3,7,40,14,11,1,5,4,5,7,4,4,10,5,5,2,17,1,62,2,9,3,4,7,9,1,10,1,14,,44,17,1,22,9,121.4954459,25.01588581
111,3,1,19,2,2,04大安區,大安區和平東路3段228巷與安居街60巷口口,0,0,2,1,C03,8,3,5,50,3,2,1,5,4,5,7,4,4,8,3,5,1,9,1,36,2,1,3,4,7,15,1,10,1,11,,15,15,1,22,9,121.5530923,25.02071196
111,3,1,19,2,2,04大安區,大安區和平東路3段228巷與安居街60巷口口,0,0,2,2,H01,8,3,5,50,3,2,1,5,4,5,7,4,4,8,3,5,1,9,1,67,2,9,4,5,8,16,8,20,10,16,,67,15,1,22,9,121.5530923,25.02071196
111,3,1,19,10,2,05中正區,中正區汀州路2段11號對面,0,0,1,1,B03,8,3,5,50,14,9,1,5,4,5,7,4,4,9,4,5,2,17,1,58,4,11,3,4,7,1,7,19,11,15,,19,19,2,22,9,121.5143873,25.02616433
111,3,1,19,10,2,05中正區,中正區汀州路2段11號對面,0,0,1,2,C03,8,3,5,50,14,9,1,5,4,5,7,4,4,9,4,5,2,17,1,32,4,11,3,4,7,7,7,19,11,15,,7,19,2,22,9,121.5143873,25.02616433
111,3,1,19,10,2,05中正區,中正區汀州路2段11號對面,0,0,1,3,C03,8,3,5,50,14,9,1,5,4,5,7,4,4,9,4,5,2,17,2,23,2,9,1,1,7,9,1,10,1,14,,42,19,1,22,9,121.5143873,25.02616433
111,3,1,19,20,2,10文山區,文山區木柵路1段與辛亥路7段口,0,0,1,1,B01,8,3,5,50,4,2,1,5,4,5,7,2,1,9,4,5,1,12,1,56,3,10,1,1,7,9,1,4,2,2,,23,23,1,22,9,121.5523728,24.98778738
111,3,1,19,20,2,10文山區,文山區木柵路1段與辛亥路7段口,0,0,1,2,C03,8,3,5,50,4,2,1,5,4,5,7,2,1,9,4,5,1,12,2,76,2,9,1,1,7,9,1,10,2,14,,44,23,1,22,9,121.5523728,24.98778738
111,3,1,19,25,2,11南港區,南港區南港路1段與惠民街口,0,0,2,2,C03,7,3,5,0,14,9,1,5,4,5,5,4,4,5,5,5,2,7,1,30,2,7,1,1,7,9,1,10,1,12,,23,51,1,22,9,121.610291,25.055145
111,3,1,19,25,2,11南港區,南港區南港路1段與惠民街口,0,0,2,1,H01,7,3,5,0,14,9,1,5,4,5,5,4,4,5,5,5,2,7,1,60,2,8,4,5,8,16,8,20,10,16,,51,51,1,22,9,121.610291,25.055145
111,3,1,19,30,2,01大同區,大同區民權西路93號,0,0,2,1,B12,8,3,5,50,14,9,1,5,4,5,7,4,4,3,4,5,2,13,1,57,3,10,3,4,7,15,1,8,1,15,,43,43,1,22,9,121.5186319,25.06320748
111,3,1,19,30,2,01大同區,大同區民權西路93號,0,0,2,2,C03,8,3,5,50,14,9,1,5,4,5,7,4,4,3,4,5,2,13,1,59,2,9,1,4,7,15,1,10,1,11,,43,43,1,22,9,121.5186319,25.06320748
111,3,1,19,30,2,01大同區,大同區民權西路93號,0,0,2,3,C03,8,3,5,50,14,9,1,5,4,5,7,4,4,3,4,5,2,13,1,28,2,7,1,4,7,15,1,10,1,13,,43,43,1,22,9,121.5186319,25.06320748
111,3,1,19,30,2,01大同區,大同區民權西路93號,0,0,2,4,,8,3,5,50,14,9,1,5,4,5,7,4,4,3,4,5,2,13,4,,4,11,3,4,7,15,7,19,11,15,,43,43,2,22,9,121.5186319,25.06320748
111,3,1,19,43,2,10文山區,文山區新光路1段98號,0,0,3,1,H01,8,3,5,50,14,9,2,5,4,5,7,4,4,7,4,5,2,3,1,20,2,9,4,5,8,20,8,20,10,16,,51,51,1,22,9,121.5736818,24.99127819
111,3,1,19,43,2,10文山區,文山區新光路1段98號,0,0,3,2,C03,8,3,5,50,14,9,2,5,4,5,7,4,4,7,4,5,2,3,2,42,2,9,1,4,7,9,1,10,2,14,,23,51,1,22,9,121.5736818,24.99127819