發生年度,發生月,發生日,發生時-Hours,發生分,處理別-編號,區序,肇事地點,死亡人數,2-30日死亡人數,受傷人數,當事人序號,車種,天候,光線,道路類別,速限-速度限制,道路型態,事故位置,路面狀況1,路面狀況2,路面狀況3,道路障礙1,道路障礙2,號誌1,號誌2,車道劃分-分向,車道劃分-分道1,車道劃分-分道2,車道劃分-分道3,事故類型及型態,性別,年齡,受傷程度,主要傷處,安全帽,行動電話,車輛用途,當事者行動狀態,駕駛資格情形,駕駛執照種類,飲酒情形,車輛撞擊部位1,車輛撞擊部位2,肇因碼-個別,肇因碼-主要,個人肇逃否,職業,旅次目的,座標-X,座標-Y
111,3,1,19,43,2,10文山區,文山區新光路1段98號,0,0,3,3,H02,8,3,5,50,14,9,2,5,4,5,7,4,4,7,4,5,2,3,2,22,2,9,4,5,7,17,8,20,10,16,,67,51,1,22,9,121.5736818,24.99127819
111,3,1,19,45,2,10文山區,文山區興隆路3段與興隆路3段56巷口,0,0,1,1,C03,8,3,5,50,4,2,1,5,4,5,7,1,1,1,4,5,2,16,2,52,2,8,1,1,7,5,1,10,2,14,,8,8,1,22,9,121.5561396,25.00024755
111,3,1,19,45,2,10文山區,文山區興隆路3段與興隆路3段56巷口,0,0,1,2,C03,8,3,5,50,4,2,1,5,4,5,7,1,1,1,4,5,2,16,1,38,3,10,1,1,7,9,1,10,2,12,,44,8,1,22,9,121.5561396,25.00024755
111,3,1,21,15,2,07信義區,信義區崇德街第35號電桿前,0,0,2,1,C03,8,3,5,30,11,9,1,5,4,5,1,4,4,10,5,5,2,11,1,27,2,1,1,1,7,9,1,10,1,11,,5,5,1,22,9,121.5667333,25.01584259
111,3,1,21,15,2,07信義區,信義區崇德街第35號電桿前,0,0,2,2,C03,8,3,5,30,11,9,1,5,4,5,1,4,4,10,5,5,2,11,1,49,2,1,1,1,7,9,1,10,1,14,,5,5,1,22,9,121.5667333,25.01584259
111,3,1,22,16,2,05中正區,中正區中山南路與青島東路口口,0,0,1,1,B03,8,3,5,50,4,1,1,5,4,1,7,2,1,9,4,5,1,16,1,49,3,10,1,1,7,5,1,8,2,2,,43,43,1,21,5,121.5192913,25.04452352
111,3,1,22,16,2,05中正區,中正區中山南路與青島東路口口,0,0,1,2,C03,8,3,5,50,4,1,1,5,4,1,7,2,1,9,4,5,1,16,1,53,2,9,1,1,7,9,1,10,2,11,,43,43,1,21,5,121.5192913,25.04452352
111,3,1,22,40,2,04大安區,大安區忠孝東路3段與建國南路1段口,0,0,2,1,B01,7,3,5,50,4,1,1,5,4,5,7,2,1,10,5,5,2,16,1,49,3,10,3,4,7,6,1,4,1,5,,6,6,1,22,9,121.5375178,25.04155044
111,3,1,22,40,2,04大安區,大安區忠孝東路3段與建國南路1段口,0,0,2,2,C03,7,3,5,50,4,1,1,5,4,5,7,2,1,10,5,5,2,16,1,17,2,7,1,4,7,9,2,18,1,14,,44,6,1,22,9,121.5375178,25.04155044
111,3,1,22,40,2,04大安區,大安區忠孝東路3段與建國南路1段口,0,0,2,3,H02,7,3,5,50,4,1,1,5,4,5,7,2,1,10,5,5,2,16,2,17,2,9,1,5,7,20,8,20,10,16,,67,6,1,22,9,121.5375178,25.04155044
111,3,2,0,51,2,01大同區,大同區鄭州路與西寧北路口,0,0,1,1,C03,7,3,5,40,14,9,1,5,4,5,7,2,1,9,4,5,1,16,1,38,2,9,3,4,7,5,1,10,1,14,,44,44,1,22,9,121.5082021,25.0506052
111,3,2,0,51,2,01大同區,大同區鄭州路與西寧北路口,0,0,1,2,B02,7,3,5,40,14,9,1,5,4,5,7,2,1,9,4,5,1,16,1,38,3,10,3,4,7,9,1,8,1,5,,26,44,1,22,9,121.5082021,25.0506052
111,3,2,4,52,2,04大安區,大安區羅斯福路3段99號,0,0,1,1,C03,8,3,5,50,14,9,1,5,4,5,7,2,1,1,4,5,2,12,1,34,2,9,3,4,7,9,1,10,1,11,,23,23,1,22,9,121.526511,25.02231018
111,3,2,4,52,2,04大安區,大安區羅斯福路3段99號,0,0,1,2,C03,8,3,5,50,14,9,1,5,4,5,7,2,1,1,4,5,2,12,1,27,3,10,3,4,7,14,1,10,1,12,,44,23,1,22,9,121.526511,25.02231018
111,3,2,6,37,2,09北投區,北投區永興路1段與文化三路口,0,0,1,1,B03,8,1,5,50,14,9,1,5,4,5,7,4,4,5,5,5,2,12,1,62,3,10,1,1,7,7,1,8,11,7,,44,44,2,22,9,121.4985913,25.13761142
111,3,2,6,37,2,09北投區,北投區永興路1段與文化三路口,0,0,1,2,C03,8,1,5,50,14,9,1,5,4,5,7,4,4,5,5,5,2,12,2,27,2,9,1,1,7,9,1,10,2,12,,23,44,1,22,9,121.4985913,25.13761142
111,3,2,6,37,2,09北投區,北投區永興路1段與文化三路口,0,0,1,3,B03,8,1,5,50,14,9,1,5,4,5,7,4,4,5,5,5,2,12,1,31,3,10,3,4,7,13,1,8,11,15,,40,44,1,22,9,121.4985913,25.13761142
111,3,2,7,40,2,12內湖區,內湖區南湖大橋與康寧路3段口,0,0,2,1,C03,7,1,5,50,4,2,1,5,4,5,7,1,1,1,5,5,2,17,1,55,2,7,1,1,7,9,1,10,1,11,,16,16,1,22,9,121.6110433,25.06486033
111,3,2,7,40,2,12內湖區,內湖區南湖大橋與康寧路3段口,0,0,2,2,C03,7,1,5,50,4,2,1,5,4,5,7,1,1,1,5,5,2,17,2,33,2,9,1,1,7,6,1,10,1,13,,44,16,1,22,9,121.6110433,25.06486033
111,3,2,7,43,2,07信義區,信義區信義路5段150巷431弄與松仁路281巷口,0,0,1,1,B01,7,1,5,40,4,1,1,5,4,5,7,4,4,4,5,5,1,11,1,55,3,10,1,4,7,11,1,4,1,5,,10,10,1,10,4,121.5712082,25.02322072
111,3,2,7,43,2,07信義區,信義區信義路5段150巷431弄與松仁路281巷口,0,0,1,2,C03,7,1,5,40,4,1,1,5,4,5,7,4,4,4,5,5,1,11,1,34,2,9,1,1,7,9,1,10,1,14,,13,10,1,22,9,121.5712082,25.02322072
111,3,2,7,53,2,06松山區,松山區敦化北路201號前,0,0,1,1,C03,7,1,5,50,14,8,1,5,4,5,7,4,4,1,4,1,2,13,1,31,2,8,1,1,7,7,1,10,1,11,,16,16,1,22,9,121.5492274,25.056332
111,3,2,7,53,2,06松山區,松山區敦化北路201號前,0,0,1,2,B03,7,1,5,50,14,8,1,5,4,5,7,4,4,1,4,1,2,13,2,38,3,10,1,1,7,12,1,8,1,6,,44,16,1,22,9,121.5492274,25.056332
111,3,2,8,0,2,11南港區,南港區成功路1段36巷與松河街口,0,0,1,1,B03,7,1,5,30,3,1,1,5,4,5,7,4,4,5,5,5,1,16,1,28,3,10,3,4,7,11,1,8,1,8,,10,10,1,22,9,121.5913379,25.05730838
111,3,2,8,0,2,11南港區,南港區成功路1段36巷與松河街口,0,0,1,2,C03,7,1,5,30,3,1,1,5,4,5,7,4,4,5,5,5,1,16,1,29,2,9,1,4,7,4,1,10,1,11,,13,10,1,22,9,121.5913379,25.05730838
111,3,2,8,17,2,01大同區,大同區重慶北路3段與民族西路口,0,0,1,1,B03,7,1,5,50,4,1,1,5,4,5,7,2,1,1,4,5,1,12,1,40,3,10,3,4,7,6,1,8,2,2,,9,9,1,22,9,121.5136367,25.06860814
111,3,2,8,17,2,01大同區,大同區重慶北路3段與民族西路口,0,0,1,2,C03,7,1,5,50,4,1,1,5,4,5,7,2,1,1,4,5,1,12,2,38,2,8,1,4,7,9,1,10,2,11,,44,9,1,22,9,121.5136367,25.06860814
111,3,2,8,20,2,04大安區,大安區仁愛路4段169號,0,0,2,1,C03,8,1,5,50,14,9,1,5,4,5,7,4,4,9,4,5,1,12,1,37,2,9,1,4,7,9,1,10,1,11,,42,42,1,22,9,121.5522781,25.03797784
111,3,2,8,20,2,04大安區,大安區仁愛路4段169號,0,0,2,2,C03,8,1,5,50,14,9,1,5,4,5,7,4,4,9,4,5,1,12,2,29,2,8,1,4,7,9,1,10,1,11,,44,42,1,22,9,121.5522781,25.03797784
111,3,2,8,20,2,04大安區,大安區仁愛路4段169號,0,0,2,3,B01,8,1,5,50,14,9,1,5,4,5,7,4,4,9,4,5,1,12,1,49,3,10,1,4,7,9,1,4,11,15,,44,42,2,22,9,121.5522781,25.03797784
111,3,2,8,20,2,04大安區,大安區仁愛路4段169號,0,0,2,4,B03,8,1,5,50,14,9,1,5,4,5,7,4,4,9,4,5,1,12,2,58,3,10,1,4,7,1,1,8,11,15,,19,42,2,22,9,121.5522781,25.03797784
111,3,2,8,20,2,06松山區,松山區延壽街與塔悠路88巷口,0,0,1,1,C03,8,1,5,30,3,1,1,5,4,5,7,4,4,9,4,5,2,15,1,19,2,9,1,1,7,9,1,10,1,12,,6,6,1,22,9,121.5685305,25.05727895
111,3,2,8,20,2,06松山區,松山區延壽街與塔悠路88巷口,0,0,1,2,B12,8,1,5,30,3,1,1,5,4,5,7,4,4,9,4,5,2,15,1,55,3,10,1,1,7,9,1,8,1,4,,6,6,1,22,9,121.5685305,25.05727895
111,3,2,8,25,2,06松山區,松山區八德路4段與八德路4段72巷口,0,0,1,1,B01,7,1,5,50,3,1,1,5,4,5,7,2,1,4,3,5,2,13,1,67,3,10,1,1,7,8,1,4,1,3,,44,44,1,22,9,121.5600825,25.04842825
111,3,2,8,25,2,06松山區,松山區八德路4段與八德路4段72巷口,0,0,1,2,C03,7,1,5,50,3,1,1,5,4,5,7,2,1,4,3,5,2,13,1,27,2,7,1,1,7,9,1,10,1,11,,16,44,1,22,9,121.5600825,25.04842825
111,3,2,8,30,2,05中正區,中正區忠孝東路1段與杭州南路1段口,0,0,1,1,B12,7,1,5,50,4,1,1,5,4,5,7,1,1,1,4,5,1,13,2,51,3,10,1,1,7,5,1,8,1,8,,16,16,1,22,9,121.5267699,25.04400286
111,3,2,8,30,2,05中正區,中正區忠孝東路1段與杭州南路1段口,0,0,1,2,C03,7,1,5,50,4,1,1,5,4,5,7,1,1,1,4,5,1,13,1,32,2,5,1,1,7,14,1,10,1,13,,44,16,1,22,9,121.5267699,25.04400286
111,3,2,8,30,2,12內湖區,內湖區麥帥一橋機車道,0,0,1,2,C03,8,1,5,40,14,9,1,5,4,5,7,4,4,10,4,5,2,12,2,25,2,8,1,1,7,9,1,10,9,14,,44,6,1,22,9,121.5765853,25.05423407
111,3,2,8,30,2,12內湖區,內湖區麥帥一橋機車道,0,0,1,1,C03,8,1,5,40,14,9,1,5,4,5,7,4,4,10,4,5,2,12,2,48,3,10,1,1,7,8,1,10,9,12,,6,6,1,22,9,121.5765853,25.05423407
111,3,2,8,35,2,07信義區,信義區基隆路1段176號,0,0,1,2,C03,8,1,5,0,14,9,1,5,4,5,7,4,4,10,4,5,1,17,1,43,2,2,1,1,7,9,1,10,1,12,,43,43,1,22,9,121.5651461,25.04258966
111,3,2,8,35,2,07信義區,信義區基隆路1段176號,0,0,1,1,,8,1,5,0,14,9,1,5,4,5,7,4,4,10,4,5,1,17,4,,4,11,3,4,7,15,7,19,11,15,,43,43,2,22,9,121.5651461,25.04258966
111,3,2,8,50,2,08士林區,士林區忠義街與忠義街91巷口,0,0,2,1,C03,8,1,5,50,3,1,1,5,4,5,7,3,1,5,5,5,1,16,2,48,2,9,1,1,7,5,1,10,1,14,,8,8,1,21,8,121.5321074,25.10632363
111,3,2,8,50,2,08士林區,士林區忠義街與忠義街91巷口,0,0,2,2,C03,8,1,5,50,3,1,1,5,4,5,7,3,1,5,5,5,1,16,2,44,2,9,1,1,7,9,4,11,1,11,,14,8,1,21,8,121.5321074,25.10632363
111,3,2,8,50,2,12內湖區,內湖區內湖路1段91巷與內湖路1段口,0,0,1,1,B03,7,1,5,50,4,1,1,5,4,5,7,2,1,1,4,4,2,11,2,48,3,10,1,1,7,6,1,8,1,8,,9,9,1,22,9,121.5611747,25.0843539
111,3,2,8,50,2,12內湖區,內湖區內湖路1段91巷與內湖路1段口,0,0,1,2,C03,7,1,5,50,4,1,1,5,4,5,7,2,1,1,4,4,2,11,2,50,2,9,1,1,7,5,1,10,1,12,,44,9,1,22,9,121.5611747,25.0843539
111,3,2,8,55,2,12內湖區,內湖區五分街12號(停車場出入口),0,0,1,1,B03,7,1,5,40,14,9,1,5,4,5,7,4,4,9,5,5,2,17,2,77,3,10,1,1,7,8,1,10,1,5,,7,7,1,22,9,121.6133977,25.0675315
111,3,2,8,55,2,12內湖區,內湖區五分街12號(停車場出入口),0,0,1,2,C03,7,1,5,40,14,9,1,5,4,5,7,4,4,9,5,5,2,17,2,42,2,9,1,1,7,9,1,10,1,14,,44,7,1,22,9,121.6133977,25.0675315
111,3,2,9,0,2,10文山區,文山區試院路40號,0,0,2,1,C03,7,1,5,30,14,9,1,5,4,5,7,4,4,9,4,5,2,16,1,18,2,9,3,4,7,9,1,10,2,11,,16,16,1,21,8,121.5492344,24.98937651
111,3,2,9,0,2,10文山區,文山區試院路40號,0,0,2,2,C03,7,1,5,30,14,9,1,5,4,5,7,4,4,9,4,5,2,16,2,55,2,8,3,4,7,5,1,10,2,13,,44,16,1,21,8,121.5492344,24.98937651
111,3,2,9,8,2,09北投區,北投區大業路527巷北投機廠063號燈桿,0,0,1,1,B12,8,1,5,40,11,9,1,5,4,5,7,4,4,9,5,5,2,11,1,49,3,10,1,1,7,4,1,8,2,8,,1,1,1,22,9,121.478413,25.13403641
111,3,2,9,8,2,09北投區,北投區大業路527巷北投機廠063號燈桿,0,0,1,2,C03,8,1,5,40,11,9,1,5,4,5,7,4,4,9,5,5,2,11,1,34,2,9,1,1,7,9,1,9,2,12,,13,1,1,22,9,121.478413,25.13403641
111,3,2,9,18,2,11南港區,南港區市民大道7段與玉成街口口,0,0,1,1,C03,7,1,5,50,4,1,1,5,4,5,7,1,1,1,3,5,2,12,1,25,3,10,1,1,7,5,1,10,1,13,,8,8,1,22,9,121.5814861,25.04909413
111,3,2,9,18,2,11南港區,南港區市民大道7段與玉成街口口,0,0,1,2,C03,7,1,5,50,4,1,1,5,4,5,7,1,1,1,3,5,2,12,1,25,2,7,1,1,7,9,1,10,1,11,,44,8,1,22,9,121.5814861,25.04909413
111,3,2,9,45,2,02萬華區,萬華區青年路與西藏路125巷口,0,0,1,1,B01,7,1,5,30,3,1,1,5,4,5,7,1,1,9,5,5,2,17,1,47,3,10,1,4,7,5,1,4,1,6,,6,6,1,22,9,121.503759,25.02526084
111,3,2,9,45,2,02萬華區,萬華區青年路與西藏路125巷口,0,0,1,2,C03,7,1,5,30,3,1,1,5,4,5,7,1,1,9,5,5,2,17,1,81,2,9,1,4,7,9,1,10,1,11,,44,6,1,22,9,121.503759,25.02526084
111,3,2,10,18,2,05中正區,中正區北平西路機場捷運A1出口,0,0,2,1,C03,7,1,5,30,11,5,1,5,4,5,7,4,4,10,2,5,2,12,1,62,2,9,1,1,7,7,1,10,2,14,,7,7,1,22,9,121.515008,25.04827764
111,3,2,10,18,2,05中正區,中正區北平西路機場捷運A1出口,0,0,2,2,C03,7,1,5,30,11,5,1,5,4,5,7,4,4,10,2,5,2,12,1,27,2,9,1,1,7,7,1,10,2,11,,23,7,1,22,9,121.515008,25.04827764
111,3,2,10,25,2,04大安區,大安區文昌街62號,0,0,2,1,C03,8,1,5,0,14,9,1,5,4,5,7,4,4,10,5,5,2,17,2,42,2,9,1,1,7,5,1,10,1,14,,8,8,1,22,9,121.5507492,25.0327244
111,3,2,10,25,2,04大安區,大安區文昌街62號,0,0,2,2,C03,8,1,5,0,14,9,1,5,4,5,7,4,4,10,5,5,2,17,2,19,2,9,1,1,7,9,1,10,1,11,,13,8,1,22,9,121.5507492,25.0327244
111,3,2,10,25,2,04大安區,大安區文昌街62號,0,0,2,3,C03,8,1,5,0,14,9,1,5,4,5,7,4,4,10,5,5,2,17,1,29,3,10,3,4,7,13,7,19,11,15,,44,8,1,22,9,121.5507492,25.0327244
111,3,2,10,25,2,04大安區,大安區文昌街62號,0,0,2,4,C03,8,1,5,0,14,9,1,5,4,5,7,4,4,10,5,5,2,17,1,47,4,11,3,4,7,13,7,19,11,15,,44,8,1,22,9,121.5507492,25.0327244
111,3,2,10,28,2,03中山區,中山區復興南路1段與復興南路1段30巷口,0,0,2,1,C03,8,1,5,50,3,1,1,5,4,5,7,4,4,1,3,5,1,16,1,28,2,9,1,1,7,8,1,10,1,13,,7,7,1,22,9,121.5437627,25.04644447
111,3,2,10,28,2,03中山區,中山區復興南路1段與復興南路1段30巷口,0,0,2,2,C03,8,1,5,50,3,1,1,5,4,5,7,4,4,1,3,5,1,16,1,44,2,9,1,1,7,9,1,10,1,11,,14,7,1,22,9,121.5437627,25.04644447
111,3,2,11,30,2,05中正區,中正區林森北路7號前,0,0,1,1,B03,8,1,5,50,14,9,1,5,4,5,7,4,4,9,4,5,1,16,1,57,3,10,1,1,7,7,1,8,2,4,,7,7,1,21,1,121.5235903,25.04562009
111,3,2,11,30,2,05中正區,中正區林森北路7號前,0,0,1,2,C03,8,1,5,50,14,9,1,5,4,5,7,4,4,9,4,5,1,16,1,22,2,9,1,1,7,9,1,10,2,11,,44,7,1,21,5,121.5235903,25.04562009
111,3,2,11,40,2,03中山區,中山區中山北路3段與農安街口,0,0,1,1,B03,8,1,5,50,4,1,1,5,4,5,7,1,1,1,4,1,1,17,1,40,3,10,1,1,7,11,1,4,2,7,,25,25,1,22,9,121.5222859,25.06487228
111,3,2,11,40,2,03中山區,中山區中山北路3段與農安街口,0,0,1,2,C02,8,1,5,50,4,1,1,5,4,5,7,1,1,1,4,1,1,17,1,46,2,9,1,1,7,9,1,9,2,11,,13,25,1,22,9,121.5222859,25.06487228
111,3,2,11,40,2,04大安區,大安區金華街與金華街164巷口,0,0,1,1,C03,8,1,5,50,4,1,1,5,4,5,7,1,1,5,5,5,1,12,2,32,2,9,1,1,7,4,1,10,1,12,,1,1,1,22,9,121.5306458,25.02975732
111,3,2,11,40,2,04大安區,大安區金華街與金華街164巷口,0,0,1,2,B03,8,1,5,50,4,1,1,5,4,5,7,1,1,5,5,5,1,12,2,50,3,10,1,1,7,5,1,8,1,4,,44,1,1,22,9,121.5306458,25.02975732
111,3,2,11,53,2,09北投區,北投區行義路186巷37號與行義路186巷口,0,0,1,1,C03,7,1,5,30,3,1,1,5,4,5,7,4,4,10,5,5,2,17,1,58,2,9,1,1,7,6,1,10,1,12,,13,13,1,22,9,121.5298297,25.1331672
111,3,2,11,53,2,09北投區,北投區行義路186巷37號與行義路186巷口,0,0,1,2,B03,7,1,5,30,3,1,1,5,4,5,7,4,4,10,5,5,2,17,2,45,3,10,1,1,7,9,1,8,1,15,,44,13,1,22,9,121.5298297,25.1331672
111,3,2,11,56,2,01大同區,大同區涼州街42號,0,0,1,1,B03,8,1,5,50,14,9,1,5,4,5,7,4,4,9,4,5,2,17,1,52,3,10,3,4,7,15,1,8,1,4,,40,40,1,22,9,121.5121285,25.06071559
111,3,2,11,56,2,01大同區,大同區涼州街42號,0,0,1,2,C03,8,1,5,50,14,9,1,5,4,5,7,4,4,9,4,5,2,17,1,27,2,8,1,1,7,9,1,10,1,12,,44,40,1,22,9,121.5121285,25.06071559
111,3,2,11,56,2,01大同區,大同區涼州街42號,0,0,1,3,B01,8,1,5,50,14,9,1,5,4,5,7,4,4,9,4,5,2,17,1,73,3,10,3,4,7,11,6,4,1,6,,42,40,1,22,9,121.5121285,25.06071559
111,3,2,12,9,2,10文山區,文山區木柵路4段福德宮前,0,0,1,2,C03,8,1,5,50,14,9,1,5,4,5,7,4,4,8,3,5,2,12,2,64,2,9,1,1,7,9,1,10,2,14,,44,9,1,22,9,121.5710448,24.99111521
111,3,2,12,9,2,10文山區,文山區木柵路4段福德宮前,0,0,1,1,B03,8,1,5,50,14,9,1,5,4,5,7,4,4,8,3,5,2,12,1,22,3,10,1,1,7,6,1,8,1,2,,9,9,1,22,9,121.5710448,24.99111521
111,3,2,12,20,2,07信義區,信義區市民大道6段松山車站西大門南側,0,0,2,1,C03,8,1,5,40,14,9,1,5,4,5,7,4,4,1,4,5,2,16,1,25,2,9,1,1,7,8,1,10,1,13,,7,7,1,22,9,121.5785999,25.04891796
111,3,2,12,20,2,07信義區,信義區市民大道6段松山車站西大門南側,0,0,2,2,C03,8,1,5,40,14,9,1,5,4,5,7,4,4,1,4,5,2,16,1,22,2,9,1,1,7,9,1,10,1,11,,44,7,1,22,9,121.5785999,25.04891796
111,3,2,13,7,2,11南港區,南港區市民大道8段087路燈號,0,0,1,1,C03,7,1,5,50,14,9,1,5,4,5,7,4,4,4,3,5,2,17,1,40,2,9,3,4,7,9,1,10,2,12,,42,42,1,22,9,121.6091704,25.05357231
111,3,2,13,7,2,11南港區,南港區市民大道8段087路燈號,0,0,1,2,C04,7,1,5,50,14,9,1,5,4,5,7,4,4,4,3,5,2,17,2,29,3,10,3,4,7,7,1,8,2,15,,7,42,1,22,9,121.6091704,25.05357231
111,3,2,13,7,2,11南港區,南港區市民大道8段087路燈號,0,0,1,3,B12,7,1,5,50,14,9,1,5,4,5,7,4,4,4,3,5,2,17,1,64,3,10,3,4,7,9,1,8,2,15,,44,42,1,22,9,121.6091704,25.05357231
111,3,2,13,12,2,12內湖區,內湖區內湖路1段91巷92弄德明科技大學後門,0,0,2,1,C03,8,1,5,20,14,9,1,5,4,3,7,4,4,10,5,5,2,17,1,19,2,8,1,1,7,15,1,10,1,11,,23,23,1,22,9,121.5666779,25.08813704
111,3,2,13,12,2,12內湖區,內湖區內湖路1段91巷92弄德明科技大學後門,0,0,2,2,C03,8,1,5,20,14,9,1,5,4,3,7,4,4,10,5,5,2,17,1,20,2,8,1,1,7,9,1,10,1,11,,44,23,1,22,9,121.5666779,25.08813704
111,3,2,13,15,2,03中山區,中山區中原街與錦州街口,0,0,1,1,B03,8,1,5,50,4,1,1,5,4,5,7,1,1,5,4,4,2,16,1,24,3,10,3,4,7,11,1,8,1,4,,10,10,1,22,9,121.5289387,25.0603434
111,3,2,13,15,2,03中山區,中山區中原街與錦州街口,0,0,1,2,C03,8,1,5,50,4,1,1,5,4,5,7,1,1,5,4,4,2,16,1,30,2,8,1,4,7,9,1,10,1,12,,44,10,1,22,9,121.5289387,25.0603434
111,3,2,13,20,2,03中山區,中山區南京東路3段224號,0,0,1,1,B01,8,1,5,50,14,9,1,5,4,5,7,4,4,1,4,5,1,12,1,62,3,10,1,1,7,1,1,4,1,8,,19,19,1,22,9,121.5439256,25.05153975
111,3,2,13,20,2,03中山區,中山區南京東路3段224號,0,0,1,2,C04,8,1,5,50,14,9,1,5,4,5,7,4,4,1,4,5,1,12,2,24,2,8,1,1,7,9,1,8,1,12,,44,19,1,22,9,121.5439256,25.05153975
111,3,2,13,37,2,05中正區,中正區杭州南路1段6巷,0,0,1,1,B03,8,1,5,50,14,9,1,5,4,5,7,4,4,9,4,5,2,17,1,53,3,10,1,1,7,9,1,8,11,15,,44,44,1,22,9,121.5266184,25.04335637
111,3,2,13,37,2,05中正區,中正區杭州南路1段6巷,0,0,1,2,C03,8,1,5,50,14,9,1,5,4,5,7,4,4,9,4,5,2,17,1,41,2,9,1,1,7,5,1,10,11,14,,14,44,1,22,9,121.5266184,25.04335637
111,3,2,14,2,2,03中山區,中山區樂群一路與基湖路口,0,0,1,1,B12,8,1,5,50,14,9,1,5,4,5,7,1,1,1,1,5,1,13,1,63,3,10,3,4,7,9,1,8,2,1,,16,16,1,22,9,121.5629499,25.07610208
111,3,2,14,2,2,03中山區,中山區樂群一路與基湖路口,0,0,1,3,B03,8,1,5,50,14,9,1,5,4,5,7,1,1,1,1,5,1,13,2,51,3,10,3,4,7,14,1,8,2,3,,44,16,1,22,9,121.5629499,25.07610208
111,3,2,14,2,2,03中山區,中山區樂群一路與基湖路口,0,0,1,2,B03,8,1,5,50,14,9,1,5,4,5,7,1,1,1,1,5,1,13,1,37,2,1,3,4,7,14,5,18,2,3,,44,16,1,22,9,121.5629499,25.07610208
111,3,2,14,3,2,01大同區,大同區承德路2段與民生西路口,0,0,3,1,C03,8,1,5,50,4,1,1,5,4,5,7,2,1,5,4,5,2,16,2,24,2,9,1,1,7,6,1,10,1,12,,9,9,1,22,9,121.5181104,25.05736167
111,3,2,14,3,2,01大同區,大同區承德路2段與民生西路口,0,0,3,2,C03,8,1,5,50,4,1,1,5,4,5,7,2,1,5,4,5,2,16,1,42,2,7,1,1,7,9,1,10,1,11,,44,9,1,22,9,121.5181104,25.05736167
111,3,2,14,3,2,01大同區,大同區承德路2段與民生西路口,0,0,3,3,H02,8,1,5,50,4,1,1,5,4,5,7,2,1,5,4,5,2,16,2,62,2,7,1,5,7,20,8,20,10,16,,67,9,1,22,9,121.5181104,25.05736167
111,3,2,14,28,2,05中正區,中正區汀州路2段與廈門街81巷口,0,0,1,1,B03,8,1,5,50,4,2,1,5,4,5,7,4,4,9,4,5,2,17,1,67,3,10,1,1,7,11,1,4,1,15,,10,10,2,22,9,121.5213265,25.02434558
111,3,2,14,28,2,05中正區,中正區汀州路2段與廈門街81巷口,0,0,1,2,C03,8,1,5,50,4,2,1,5,4,5,7,4,4,9,4,5,2,17,1,65,2,9,1,1,7,9,1,10,1,12,,44,10,1,22,9,121.5213265,25.02434558
111,3,2,14,43,2,05中正區,中正區羅斯福路3段與羅斯福路3段284巷口,0,0,2,1,C03,8,1,5,50,3,1,1,5,4,5,7,1,1,3,4,5,2,17,1,43,3,10,1,1,7,8,1,10,1,12,,7,7,1,22,9,121.5322914,25.016557
111,3,2,14,43,2,05中正區,中正區羅斯福路3段與羅斯福路3段284巷口,0,0,2,2,C03,8,1,5,50,3,1,1,5,4,5,7,1,1,3,4,5,2,17,1,32,2,8,1,1,7,9,1,10,1,12,,44,7,1,22,9,121.5322914,25.016557
111,3,2,14,43,2,05中正區,中正區羅斯福路3段與羅斯福路3段284巷口,0,0,2,3,C03,8,1,5,50,3,1,1,5,4,5,7,1,1,3,4,5,2,17,1,83,2,8,1,1,7,9,1,10,9,12,,44,7,2,22,9,121.5322914,25.016557
111,3,2,15,1,2,08士林區,士林區延平北路8段與延平北路8段262巷口,0,0,2,1,C02,8,1,5,40,3,1,1,5,4,5,7,4,4,9,5,5,2,12,1,51,2,8,1,1,7,6,1,9,1,12,,9,9,1,22,9,121.4788044,25.10591633
111,3,2,15,1,2,08士林區,士林區延平北路8段與延平北路8段262巷口,0,0,2,2,C03,8,1,5,40,3,1,1,5,4,5,7,4,4,9,5,5,2,12,1,31,2,9,1,1,7,9,1,10,1,14,,14,9,1,22,9,121.4788044,25.10591633
111,3,2,15,12,2,03中山區,中山區安東街16巷與八德路2段210巷口,0,0,1,1,B12,7,1,5,30,4,1,1,5,4,5,7,4,4,10,5,5,2,15,1,26,3,10,1,1,7,9,1,8,2,1,,6,6,1,23,9,121.5393827,25.04536496
111,3,2,15,12,2,03中山區,中山區安東街16巷與八德路2段210巷口,0,0,1,2,C03,7,1,5,30,4,1,1,5,4,5,7,4,4,10,5,5,2,15,1,57,2,9,1,1,7,9,1,10,2,12,,13,6,1,22,9,121.5393827,25.04536496
111,3,2,15,16,2,08士林區,士林區中山北路5段500號,0,0,1,1,C03,8,1,5,50,14,8,1,5,4,5,7,4,4,1,4,1,2,13,1,19,3,10,1,1,7,9,1,10,1,11,,16,16,1,21,8,121.5280088,25.09285626
111,3,2,15,16,2,08士林區,士林區中山北路5段500號,0,0,1,2,F01,8,1,5,50,14,8,1,5,4,5,7,4,4,1,4,1,2,13,2,64,2,9,1,1,7,9,8,20,1,16,,44,16,1,21,8,121.5280088,25.09285626
111,3,2,15,29,2,03中山區,中山區松江路與民生東路2段口,0,0,1,1,B03,8,1,5,50,4,1,1,5,4,5,7,1,1,1,3,5,1,16,1,38,3,10,1,1,7,5,1,8,2,8,,23,23,1,22,9,121.533258,25.0580797
111,3,2,15,29,2,03中山區,中山區松江路與民生東路2段口,0,0,1,2,F01,8,1,5,50,4,1,1,5,4,5,7,1,1,1,3,5,1,16,2,86,2,9,1,1,7,1,8,20,2,16,,19,23,1,22,9,121.533258,25.0580797