發生年度,發生月,發生日,發生時-Hours,發生分,處理別-編號,區序,肇事地點,死亡人數,2-30日死亡人數,受傷人數,當事人序號,車種,天候,光線,道路類別,速限-速度限制,道路型態,事故位置,路面狀況1,路面狀況2,路面狀況3,道路障礙1,道路障礙2,號誌1,號誌2,車道劃分-分向,車道劃分-分道1,車道劃分-分道2,車道劃分-分道3,事故類型及型態,性別,年齡,受傷程度,主要傷處,安全帽,行動電話,車輛用途,當事者行動狀態,駕駛資格情形,駕駛執照種類,飲酒情形,車輛撞擊部位1,車輛撞擊部位2,肇因碼-個別,肇因碼-主要,個人肇逃否,職業,旅次目的,座標-X,座標-Y
111,3,2,15,30,2,02萬華區,萬華區廣州街215-1號,0,0,1,1,B03,8,1,5,50,14,9,1,5,4,5,7,4,4,5,5,5,1,3,1,44,3,10,1,1,7,9,1,8,2,1,,23,23,1,22,9,121.4991237,25.0368011
111,3,2,15,30,2,02萬華區,萬華區廣州街215-1號,0,0,1,2,H01,8,1,5,50,14,9,1,5,4,5,7,4,4,5,5,5,1,3,1,84,2,9,4,5,8,16,8,20,10,16,,51,23,1,22,9,121.4991237,25.0368011
111,3,2,15,31,2,07信義區,信義區市民大道5段與東寧路口,0,0,2,1,C03,7,1,5,50,3,1,1,5,4,5,7,2,1,3,3,5,1,13,1,24,3,10,1,1,7,8,1,10,2,13,,7,7,1,22,9,121.5630722,25.04724003
111,3,2,15,31,2,07信義區,信義區市民大道5段與東寧路口,0,0,2,2,C03,7,1,5,50,3,1,1,5,4,5,7,2,1,3,3,5,1,13,1,19,3,10,1,1,7,9,1,10,2,11,,44,7,1,22,9,121.5630722,25.04724003
111,3,2,15,31,2,07信義區,信義區市民大道5段與東寧路口,0,0,2,3,C03,7,1,5,50,3,1,1,5,4,5,7,2,1,3,3,5,1,13,1,33,2,9,1,1,7,9,1,10,2,11,,44,7,1,22,9,121.5630722,25.04724003
111,3,2,15,31,2,07信義區,信義區市民大道5段與東寧路口,0,0,2,4,H02,7,1,5,50,3,1,1,5,4,5,7,2,1,3,3,5,1,13,2,59,2,9,1,4,7,21,8,20,10,16,,67,7,1,22,9,121.5630722,25.04724003
111,3,2,15,40,2,06松山區,松山區長安東路2段215號,0,0,1,1,C03,7,1,5,50,14,9,1,5,4,5,7,4,4,9,4,5,2,17,1,39,2,9,1,1,7,5,1,10,1,14,,8,8,1,22,9,121.5444466,25.04827606
111,3,2,15,40,2,06松山區,松山區長安東路2段215號,0,0,1,2,B03,7,1,5,50,14,9,1,5,4,5,7,4,4,9,4,5,2,17,1,56,3,10,1,1,7,9,1,8,1,2,,14,8,1,22,9,121.5444466,25.04827606
111,3,2,16,0,2,08士林區,士林區福國路17號,0,0,1,1,C04,8,1,5,50,14,9,1,5,4,3,5,4,4,1,4,5,2,17,2,19,2,9,1,4,7,9,1,10,1,12,,23,23,1,22,9,121.5244976,25.10205564
111,3,2,16,0,2,08士林區,士林區福國路17號,0,0,1,2,B02,8,1,5,50,14,9,1,5,4,3,5,4,4,1,4,5,2,17,1,55,3,10,2,4,7,14,1,4,1,4,,26,23,1,22,9,121.5244976,25.10205564
111,3,2,16,22,2,07信義區,信義區和平東路3段與和平東路3段555巷口,0,0,1,2,A02,8,1,5,50,4,2,1,5,4,5,7,4,4,10,5,5,2,13,1,50,3,10,3,4,7,14,1,2,1,7,,38,16,1,22,9,121.5607618,25.01591134
111,3,2,16,22,2,07信義區,信義區和平東路3段與和平東路3段555巷口,0,0,1,1,C03,8,1,5,50,4,2,1,5,4,5,7,4,4,10,5,5,2,13,1,18,2,7,3,4,7,9,1,10,1,11,,16,16,1,22,9,121.5607618,25.01591134
111,3,2,16,29,2,01大同區,大同區赤峰街與赤峰街44巷口,0,0,1,1,C03,8,1,5,30,3,2,1,5,4,5,7,4,4,9,4,5,1,15,1,22,2,9,1,1,7,9,1,10,1,14,,6,6,1,22,9,121.5197312,25.05704836
111,3,2,16,29,2,01大同區,大同區赤峰街與赤峰街44巷口,0,0,1,2,C03,8,1,5,30,3,2,1,5,4,5,7,4,4,9,4,5,1,15,1,59,4,11,3,4,7,15,7,19,9,15,,23,6,2,22,9,121.5197312,25.05704836
111,3,2,16,45,2,03中山區,中山區市民大道3段與建國南路1段口,0,0,1,1,C03,7,1,5,40,4,1,1,5,4,5,7,1,1,4,4,5,2,12,1,46,2,9,3,4,7,9,1,10,1,15,,17,17,1,22,9,121.5364931,25.04488994
111,3,2,16,45,2,03中山區,中山區市民大道3段與建國南路1段口,0,0,1,2,B03,7,1,5,40,4,1,1,5,4,5,7,1,1,4,4,5,2,12,1,23,3,10,3,4,7,9,5,8,1,4,,17,17,1,22,9,121.5364931,25.04488994
111,3,2,17,0,2,03中山區,中山區八德路2段與遼寧街口,0,0,2,1,C03,8,1,5,50,4,1,1,5,4,5,7,1,1,4,3,5,1,16,1,37,2,9,1,1,7,5,1,10,1,14,,8,8,1,22,9,121.5421649,25.0470753
111,3,2,17,0,2,03中山區,中山區八德路2段與遼寧街口,0,0,2,2,B03,8,1,5,50,4,1,1,5,4,5,7,1,1,4,3,5,1,16,1,65,3,10,1,1,7,9,1,4,1,5,,44,8,1,22,9,121.5421649,25.0470753
111,3,2,17,0,2,03中山區,中山區八德路2段與遼寧街口,0,0,2,3,B03,8,1,5,50,4,1,1,5,4,5,7,1,1,4,3,5,1,16,1,47,3,10,1,1,7,9,1,8,1,1,,16,8,1,22,9,121.5421649,25.0470753
111,3,2,17,0,2,03中山區,中山區八德路2段與遼寧街口,0,0,2,4,H02,8,1,5,50,4,1,1,5,4,5,7,1,1,4,3,5,1,16,2,36,2,9,1,5,7,20,8,20,10,16,,67,8,1,22,9,121.5421649,25.0470753
111,3,2,17,5,2,07信義區,信義區莊敬路341巷與莊敬路口,0,0,2,1,B03,8,1,5,30,14,7,1,5,4,4,6,4,4,9,4,4,2,16,1,51,3,10,1,1,7,5,1,8,2,1,,14,14,1,22,8,121.564252,25.02787137
111,3,2,17,5,2,07信義區,信義區莊敬路341巷與莊敬路口,0,0,2,2,C03,8,1,5,30,14,7,1,5,4,4,6,4,4,9,4,4,2,16,1,70,2,7,1,1,7,7,1,10,2,12,,7,14,1,22,8,121.564252,25.02787137
111,3,2,17,5,2,07信義區,信義區莊敬路341巷與莊敬路口,0,0,2,3,H02,8,1,5,30,14,7,1,5,4,4,6,4,4,9,4,4,2,16,2,70,2,8,1,5,7,20,8,20,10,16,,67,14,1,22,8,121.564252,25.02787137
111,3,2,17,6,2,02萬華區,萬華區中華路1段與成都路口,0,0,1,1,B03,7,1,5,50,4,1,1,5,4,5,7,1,1,1,3,1,1,16,1,53,3,10,3,4,7,6,1,8,2,5,,9,9,1,22,9,121.5080402,25.0422076
111,3,2,17,6,2,02萬華區,萬華區中華路1段與成都路口,0,0,1,2,C03,7,1,5,50,4,1,1,5,4,5,7,1,1,1,3,1,1,16,1,41,2,8,3,4,7,9,1,10,2,14,,44,9,1,22,9,121.5080402,25.0422076
111,3,2,17,13,1,03中山區,中山區北安路與北安路670巷口,1,0,4,1,B03,8,3,5,50,4,2,1,5,4,5,7,1,1,1,4,5,2,17,1,56,3,10,1,1,7,5,1,8,2,1,,25,25,1,22,9,121.5493814,25.08411237
111,3,2,17,13,1,03中山區,中山區北安路與北安路670巷口,1,0,4,2,C01,8,3,5,50,4,2,1,5,4,5,7,1,1,1,4,5,2,17,1,21,2,9,1,1,7,9,1,9,2,14,,13,25,1,22,9,121.5493814,25.08411237
111,3,2,17,13,1,03中山區,中山區北安路與北安路670巷口,1,0,4,3,C03,8,3,5,50,4,2,1,5,4,5,7,1,1,1,4,5,2,17,1,21,3,10,1,1,7,14,1,10,2,12,,44,25,1,22,9,121.5493814,25.08411237
111,3,2,17,13,1,03中山區,中山區北安路與北安路670巷口,1,0,4,4,C03,8,3,5,50,4,2,1,5,4,5,7,1,1,1,4,5,2,17,2,43,1,9,1,1,7,14,1,10,11,11,,44,25,1,22,9,121.5493814,25.08411237
111,3,2,17,13,1,03中山區,中山區北安路與北安路670巷口,1,0,4,5,C03,8,3,5,50,4,2,1,5,4,5,7,1,1,1,4,5,2,17,1,51,2,9,1,1,7,14,1,10,2,11,,44,25,1,22,9,121.5493814,25.08411237
111,3,2,17,13,1,03中山區,中山區北安路與北安路670巷口,1,0,4,6,B03,8,3,5,50,4,2,1,5,4,5,7,1,1,1,4,5,2,17,1,67,3,10,1,1,7,14,1,8,2,4,,44,25,1,22,9,121.5493814,25.08411237
111,3,2,17,13,1,03中山區,中山區北安路與北安路670巷口,1,0,4,7,C03,8,3,5,50,4,2,1,5,4,5,7,1,1,1,4,5,2,17,1,64,2,9,1,1,7,14,1,10,2,11,,44,25,1,22,9,121.5493814,25.08411237
111,3,2,17,13,1,03中山區,中山區北安路與北安路670巷口,1,0,4,8,B12,8,3,5,50,4,2,1,5,4,5,7,1,1,1,4,5,2,17,1,35,3,10,1,1,7,14,1,7,2,1,,44,25,1,22,9,121.5493814,25.08411237
111,3,2,17,13,1,03中山區,中山區北安路與北安路670巷口,1,0,4,9,C03,8,3,5,50,4,2,1,5,4,5,7,1,1,1,4,5,2,17,1,35,2,9,1,1,7,14,1,10,2,14,,44,25,1,22,9,121.5493814,25.08411237
111,3,2,17,13,1,03中山區,中山區北安路與北安路670巷口,1,0,4,10,C03,8,3,5,50,4,2,1,5,4,5,7,1,1,1,4,5,2,17,1,40,3,10,1,1,7,14,1,9,2,11,,44,25,1,22,9,121.5493814,25.08411237
111,3,2,17,20,2,11南港區,南港區研究院路2段與研究院路2段84巷口口,0,0,2,1,B03,7,1,5,50,4,1,1,5,4,5,7,2,1,1,4,5,1,16,1,57,3,10,3,4,7,5,1,8,1,6,,6,6,1,22,9,121.615425,25.04519436
111,3,2,17,20,2,11南港區,南港區研究院路2段與研究院路2段84巷口口,0,0,2,2,C03,7,1,5,50,4,1,1,5,4,5,7,2,1,1,4,5,1,16,1,28,2,9,1,4,7,9,1,10,1,11,,44,6,1,22,9,121.615425,25.04519436
111,3,2,17,20,2,11南港區,南港區研究院路2段與研究院路2段84巷口口,0,0,2,3,H02,7,1,5,50,4,1,1,5,4,5,7,2,1,1,4,5,1,16,2,36,2,9,4,4,7,20,8,20,10,15,,58,6,1,22,9,121.615425,25.04519436
111,3,2,17,45,2,04大安區,大安區忠孝東路4段248巷與忠孝東路4段216巷19弄口,0,0,2,1,B01,8,3,5,30,4,1,1,5,4,5,7,4,4,10,5,5,1,15,1,54,2,9,3,4,7,9,1,4,1,1,,6,6,1,22,9,121.5540769,25.04029331
111,3,2,17,45,2,04大安區,大安區忠孝東路4段248巷與忠孝東路4段216巷19弄口,0,0,2,2,B03,8,3,5,30,4,1,1,5,4,5,7,4,4,10,5,5,1,15,1,23,2,1,3,4,7,9,1,8,1,2,,44,6,1,22,9,121.5540769,25.04029331
111,3,2,18,0,2,01大同區,大同區延平北路1段與長安西路口,0,0,1,1,B03,8,1,5,50,5,1,1,5,4,5,7,2,1,4,4,5,2,16,1,38,3,10,3,4,7,5,1,8,1,5,,8,8,1,22,9,121.5118857,25.05202179
111,3,2,18,0,2,01大同區,大同區延平北路1段與長安西路口,0,0,1,2,C04,8,1,5,50,5,1,1,5,4,5,7,2,1,4,4,5,2,16,1,28,2,9,3,4,7,9,1,10,1,14,,44,8,1,22,9,121.5118857,25.05202179
111,3,2,18,18,2,06松山區,松山區復興北路97號,0,0,2,1,C03,8,3,5,50,14,9,1,5,4,5,7,4,4,1,4,5,2,13,1,57,2,6,1,4,7,7,1,10,1,12,,23,23,1,22,9,121.5441952,25.05211978
111,3,2,18,18,2,06松山區,松山區復興北路97號,0,0,2,2,C03,8,3,5,50,14,9,1,5,4,5,7,4,4,1,4,5,2,13,1,65,2,8,1,4,7,9,1,10,1,13,,44,23,1,22,9,121.5441952,25.05211978
111,3,2,18,18,2,06松山區,松山區復興北路97號,0,0,2,3,B01,8,3,5,50,14,9,1,5,4,5,7,4,4,1,4,5,2,13,1,60,3,10,1,4,7,1,1,4,11,15,,44,23,1,22,9,121.5441952,25.05211978
111,3,2,18,18,2,10文山區,文山區興隆路3段與興隆路3段192巷口,0,0,2,1,B01,8,3,8,50,4,1,1,5,4,5,7,1,1,1,4,5,2,16,1,61,3,10,1,1,7,11,1,4,1,7,,10,10,1,22,9,121.5588249,24.99809592
111,3,2,18,18,2,10文山區,文山區興隆路3段與興隆路3段192巷口,0,0,2,2,C03,8,3,8,50,4,1,1,5,4,5,7,1,1,1,4,5,2,16,1,26,2,9,1,1,7,9,1,10,1,11,,13,10,1,22,9,121.5588249,24.99809592
111,3,2,18,18,2,10文山區,文山區興隆路3段與興隆路3段192巷口,0,0,2,3,H02,8,3,8,50,4,1,1,5,4,5,7,1,1,1,4,5,2,16,1,27,2,9,1,5,7,21,8,20,10,15,,67,10,1,22,9,121.5588249,24.99809592
111,3,2,18,28,2,01大同區,大同區赤峰街35巷與赤峰街37巷口,0,0,1,1,C03,8,2,5,30,3,1,1,5,4,5,7,4,4,10,5,5,2,17,1,64,3,10,1,1,7,5,1,10,1,11,,6,6,1,22,9,121.5199737,25.05453296
111,3,2,18,28,2,01大同區,大同區赤峰街35巷與赤峰街37巷口,0,0,1,2,C03,8,2,5,30,3,1,1,5,4,5,7,4,4,10,5,5,2,17,2,21,2,7,1,1,7,9,1,10,1,12,,14,6,1,22,9,121.5199737,25.05453296
111,3,2,18,30,2,07信義區,信義區吳興街153號,0,0,1,1,B03,8,3,5,50,14,9,1,5,4,5,7,4,4,5,5,5,2,2,1,41,3,10,3,4,7,9,1,8,1,5,,23,23,1,22,9,121.5619864,25.02911521
111,3,2,18,30,2,07信義區,信義區吳興街153號,0,0,1,2,H01,8,3,5,50,14,9,1,5,4,5,7,4,4,5,5,5,2,2,2,52,2,8,3,4,8,16,8,20,10,16,,53,23,1,22,9,121.5619864,25.02911521
111,3,2,19,6,2,09北投區,北投區光明路218號,0,0,1,1,A02,8,3,5,50,14,9,1,5,4,5,7,1,1,5,5,5,2,12,1,53,3,10,3,4,7,9,1,2,1,5,,44,44,1,22,9,121.5042121,25.13631142
111,3,2,19,6,2,09北投區,北投區光明路218號,0,0,1,2,C03,8,3,5,50,14,9,1,5,4,5,7,1,1,5,5,5,2,12,1,36,2,8,3,4,7,7,1,10,1,15,,7,44,1,22,9,121.5042121,25.13631142
111,3,2,19,45,2,08士林區,士林區至善路1段東吳大學旁,0,0,2,1,C04,7,3,5,50,14,8,1,5,4,5,7,4,4,10,4,4,2,17,2,24,2,8,1,1,7,8,1,10,1,12,,7,7,1,22,9,121.5415405,25.0972695
111,3,2,19,45,2,08士林區,士林區至善路1段東吳大學旁,0,0,2,2,C03,7,3,5,50,14,8,1,5,4,5,7,4,4,10,4,4,2,17,1,25,2,9,1,1,7,9,1,10,1,11,,13,7,1,22,9,121.5415405,25.0972695
111,3,2,19,54,2,03中山區,中山區北安路139號忠烈祠前,0,0,1,1,B03,8,3,5,50,11,9,1,5,4,5,7,4,4,1,4,5,2,16,2,36,3,10,3,4,7,1,1,8,1,4,,19,19,1,22,9,121.5330706,25.07816174
111,3,2,19,54,2,03中山區,中山區北安路139號忠烈祠前,0,0,1,2,C03,8,3,5,50,11,9,1,5,4,5,7,4,4,1,4,5,2,16,1,38,2,9,3,4,7,9,1,10,1,12,,44,19,1,22,9,121.5330706,25.07816174
111,3,2,20,4,2,08士林區,士林區中正路580號,0,0,1,1,B03,8,3,5,0,15,9,1,5,4,5,7,4,4,1,4,5,2,17,1,55,3,10,1,1,7,9,1,8,2,4,,43,43,1,22,9,121.5103572,25.08725129
111,3,2,20,4,2,08士林區,士林區中正路580號,0,0,1,2,C03,8,3,5,0,15,9,1,5,4,5,7,4,4,1,4,5,2,17,1,63,2,1,1,1,7,9,1,10,2,13,,43,43,1,22,9,121.5103572,25.08725129
111,3,2,20,27,2,06松山區,松山區民權東路3段與復興北路口,0,0,3,1,C03,7,3,5,50,5,1,1,5,4,5,7,1,1,1,4,5,2,16,1,21,2,9,1,1,7,9,1,10,2,12,,42,42,1,22,9,121.5448116,25.06220048
111,3,2,20,27,2,06松山區,松山區民權東路3段與復興北路口,0,0,3,2,C03,7,3,5,50,5,1,1,5,4,5,7,1,1,1,4,5,2,16,2,26,2,9,1,1,7,9,1,10,2,12,,44,42,1,22,9,121.5448116,25.06220048
111,3,2,20,27,2,06松山區,松山區民權東路3段與復興北路口,0,0,3,3,C03,7,3,5,50,5,1,1,5,4,5,7,1,1,1,4,5,2,16,1,43,3,10,1,1,7,9,1,10,2,12,,44,42,1,22,9,121.5448116,25.06220048
111,3,2,20,27,2,06松山區,松山區民權東路3段與復興北路口,0,0,3,4,H02,7,3,5,50,5,1,1,5,4,5,7,1,1,1,4,5,2,16,1,21,2,9,4,5,7,17,8,20,10,16,,67,42,1,22,9,121.5448116,25.06220048
111,3,2,21,13,2,07信義區,信義區市民大道5段與東寧路口,0,0,2,1,C03,8,3,5,40,3,1,1,5,4,5,7,1,1,1,4,5,1,16,1,36,3,10,1,1,7,8,1,10,1,13,,7,7,1,22,9,121.563087,25.04717052
111,3,2,21,13,2,07信義區,信義區市民大道5段與東寧路口,0,0,2,2,C03,8,3,5,40,3,1,1,5,4,5,7,1,1,1,4,5,1,16,2,39,2,9,1,1,7,9,1,10,1,11,,44,7,1,22,9,121.563087,25.04717052
111,3,2,21,13,2,07信義區,信義區市民大道5段與東寧路口,0,0,2,3,H02,8,3,5,40,3,1,1,5,4,5,7,1,1,1,4,5,1,16,2,16,2,9,1,5,7,20,8,20,10,16,,67,7,1,22,9,121.563087,25.04717052
111,3,2,21,32,2,04大安區,大安區通化街與通化街143巷口,0,0,2,1,C03,7,3,5,50,4,1,1,5,4,5,7,4,4,10,4,5,2,15,2,58,2,9,1,1,7,9,1,10,1,12,,6,6,1,22,9,121.5538693,25.0289139
111,3,2,21,32,2,04大安區,大安區通化街與通化街143巷口,0,0,2,2,C03,7,3,5,50,4,1,1,5,4,5,7,4,4,10,4,5,2,15,1,29,2,9,1,1,7,9,1,10,1,11,,13,6,1,22,9,121.5538693,25.0289139
111,3,2,21,48,2,05中正區,中正區和平西路1段與泉州街口,0,0,1,1,B03,8,3,5,50,5,1,1,5,4,5,7,1,1,1,2,5,2,17,1,46,3,10,1,1,7,11,1,8,2,4,,10,10,1,22,9,121.5146973,25.0275756
111,3,2,21,48,2,05中正區,中正區和平西路1段與泉州街口,0,0,1,2,C03,8,3,5,50,5,1,1,5,4,5,7,1,1,1,2,5,2,17,1,49,2,8,1,1,7,9,1,10,2,12,,44,10,1,22,9,121.5146973,25.0275756
111,3,2,21,49,2,06松山區,松山區敦化北路143號,0,0,3,1,B01,7,3,5,50,14,7,1,5,4,5,7,2,1,1,4,1,2,13,1,61,3,10,1,1,7,9,1,4,2,1,,23,23,1,22,9,121.5489849,25.05412012
111,3,2,21,49,2,06松山區,松山區敦化北路143號,0,0,3,2,B03,7,3,5,50,14,7,1,5,4,5,7,2,1,1,4,1,2,13,2,37,2,9,1,1,7,14,1,8,2,3,,44,23,1,22,9,121.5489849,25.05412012
111,3,2,21,49,2,06松山區,松山區敦化北路143號,0,0,3,3,H02,7,3,5,50,14,7,1,5,4,5,7,2,1,1,4,1,2,13,1,38,2,9,4,5,7,20,8,20,10,16,,67,23,1,22,9,121.5489849,25.05412012
111,3,2,21,49,2,06松山區,松山區敦化北路143號,0,0,3,4,H02,7,3,5,50,14,7,1,5,4,5,7,2,1,1,4,1,2,13,2,37,2,9,4,5,7,20,8,20,10,16,,67,23,1,22,9,121.5489849,25.05412012
111,3,2,22,25,2,12內湖區,內湖區東湖路113巷與東湖路113巷95弄口,0,0,1,1,B03,7,3,5,50,4,2,1,5,4,5,7,3,1,10,5,5,2,16,1,33,3,10,1,1,7,1,1,8,1,4,,19,19,1,22,9,121.615645,25.07197277
111,3,2,22,25,2,12內湖區,內湖區東湖路113巷與東湖路113巷95弄口,0,0,1,2,C03,7,3,5,50,4,2,1,5,4,5,7,3,1,10,5,5,2,16,1,26,2,9,1,1,7,15,1,10,1,12,,44,19,1,22,9,121.615645,25.07197277
111,3,2,23,50,2,09北投區,北投區石牌路2段與石牌路2段99巷口,0,0,2,1,F01,8,3,5,50,3,1,1,5,4,5,7,3,1,5,4,5,2,17,1,18,2,7,1,1,7,11,8,20,2,16,,11,11,1,22,9,121.5168712,25.11768633
111,3,2,23,50,2,09北投區,北投區石牌路2段與石牌路2段99巷口,0,0,2,2,C03,8,3,5,50,3,1,1,5,4,5,7,3,1,5,4,5,2,17,1,23,2,9,1,1,7,9,1,10,2,11,,23,11,1,22,9,121.5168712,25.11768633
111,3,2,23,50,2,09北投區,北投區石牌路2段與石牌路2段99巷口,0,0,2,3,B03,8,3,5,50,3,1,1,5,4,5,7,3,1,5,4,5,2,17,1,41,3,10,1,1,7,9,1,8,2,1,,44,11,1,22,9,121.5168712,25.11768633
111,3,3,0,25,2,08士林區,士林區文林路與雙溪街口,0,0,2,1,C03,8,3,5,50,5,2,1,5,4,5,7,1,1,9,4,4,1,17,1,20,2,9,1,1,7,5,1,10,2,12,,8,8,1,22,9,121.5233798,25.0996841
111,3,3,0,25,2,08士林區,士林區文林路與雙溪街口,0,0,2,2,C02,8,3,5,50,5,2,1,5,4,5,7,1,1,9,4,4,1,17,1,30,2,9,1,1,7,9,4,10,2,11,,44,8,1,22,9,121.5233798,25.0996841
111,3,3,7,32,2,09北投區,北投區大度路3段與立德路口,0,0,2,2,C03,8,1,5,50,3,1,1,5,4,5,7,1,1,1,4,5,1,16,1,22,2,9,1,1,7,6,1,10,1,12,,9,26,1,22,9,121.4714609,25.12295394
111,3,3,7,32,2,09北投區,北投區大度路3段與立德路口,0,0,2,1,C03,8,1,5,50,3,1,1,5,4,5,7,1,1,1,4,5,1,16,1,55,2,9,1,1,7,9,1,9,1,11,,26,26,1,22,9,121.4714609,25.12295394
111,3,3,7,36,2,01大同區,大同區台北橋機車道(往台北),0,0,1,1,C03,8,1,5,40,14,11,1,5,4,5,7,4,4,10,4,5,2,13,1,18,2,9,3,4,7,9,1,10,1,11,,43,43,1,22,9,121.5088265,25.06332955
111,3,3,7,36,2,01大同區,大同區台北橋機車道(往台北),0,0,1,2,C03,8,1,5,40,14,11,1,5,4,5,7,4,4,10,4,5,2,13,1,41,3,10,3,4,7,9,1,10,1,13,,43,43,1,22,9,121.5088265,25.06332955
111,3,3,7,50,2,03中山區,中山區長安東路2段與復興北路口,0,0,1,1,B03,8,1,5,50,4,1,1,5,4,5,7,3,1,10,4,5,2,12,1,44,3,10,1,4,7,6,1,8,2,5,,9,9,1,22,9,121.5437797,25.04756596
111,3,3,7,50,2,03中山區,中山區長安東路2段與復興北路口,0,0,1,2,C03,8,1,5,50,4,1,1,5,4,5,7,3,1,10,4,5,2,12,2,26,2,9,1,4,7,9,1,8,2,14,,23,9,1,22,9,121.5437797,25.04756596
111,3,3,7,57,2,02萬華區,萬華區寶興街210巷與寶興街口,0,0,2,1,C03,8,1,5,50,4,1,1,5,4,5,7,3,1,5,5,5,2,11,2,73,2,9,1,1,7,5,4,11,1,11,,8,8,1,22,9,121.4956895,25.02277299
111,3,3,7,57,2,02萬華區,萬華區寶興街210巷與寶興街口,0,0,2,2,C03,8,1,5,50,4,1,1,5,4,5,7,3,1,5,5,5,2,11,1,28,2,9,1,1,7,9,1,10,1,14,,13,8,1,22,9,121.4956895,25.02277299
111,3,3,7,57,2,09北投區,北投區文林北路與文承路口,0,0,1,1,B03,8,1,5,50,4,2,1,5,4,5,7,1,1,9,4,4,1,17,1,50,3,10,3,1,7,5,1,8,11,15,,6,6,2,22,9,121.516505,25.10601985
111,3,3,7,57,2,09北投區,北投區文林北路與文承路口,0,0,1,2,C03,8,1,5,50,4,2,1,5,4,5,7,1,1,9,4,4,1,17,1,24,2,9,1,1,7,9,1,10,1,11,,44,6,1,22,9,121.516505,25.10601985
111,3,3,8,1,2,04大安區,大安區市民大道3段與復興南路1段口,0,0,1,1,C03,8,1,5,50,4,1,1,5,4,5,7,2,1,10,5,5,2,17,1,21,2,9,1,1,7,12,1,10,1,15,,42,42,1,22,9,121.5436908,25.04484703
111,3,3,8,1,2,04大安區,大安區市民大道3段與復興南路1段口,0,0,1,2,B03,8,1,5,50,4,1,1,5,4,5,7,2,1,10,5,5,2,17,2,44,3,10,1,1,7,8,1,8,1,3,,7,42,1,22,9,121.5436908,25.04484703
111,3,3,8,5,2,03中山區,中山區八德路2段與遼寧街口,0,0,1,1,B03,8,1,5,50,4,1,1,5,4,5,7,2,1,5,5,5,2,2,2,70,3,10,3,4,7,5,1,8,1,4,,15,15,1,22,9,121.542326,25.047151
111,3,3,8,5,2,03中山區,中山區八德路2段與遼寧街口,0,0,1,2,H01,8,1,5,50,4,1,1,5,4,5,7,2,1,5,5,5,2,2,2,48,2,8,4,5,8,16,8,20,10,16,,67,15,1,22,9,121.542326,25.047151
111,3,3,8,13,2,01大同區,大同區民權西路225巷與民權西路口,0,0,1,1,B03,8,1,5,50,3,2,1,5,4,5,7,2,1,1,4,5,2,17,1,58,3,10,3,4,7,9,1,8,1,8,,23,23,1,22,9,121.5121765,25.0630554
111,3,3,8,13,2,01大同區,大同區民權西路225巷與民權西路口,0,0,1,2,C03,8,1,5,50,3,2,1,5,4,5,7,2,1,1,4,5,2,17,1,43,2,8,1,1,7,9,1,10,1,15,,44,23,1,22,9,121.5121765,25.0630554
111,3,3,8,13,2,05中正區,中正區中山南路2巷與中山南路口,0,0,2,1,B03,8,1,5,50,14,9,1,5,4,5,7,4,4,1,4,1,2,13,1,62,2,3,1,1,7,8,1,8,2,6,,44,44,1,22,9,121.5192675,25.04510264
111,3,3,8,13,2,05中正區,中正區中山南路2巷與中山南路口,0,0,2,2,C03,8,1,5,50,14,9,1,5,4,5,7,4,4,1,4,1,2,13,1,41,2,3,1,1,7,9,1,10,2,11,,23,44,1,22,9,121.5192675,25.04510264
111,3,3,8,18,2,12內湖區,內湖區潭美街531號,0,0,2,1,C03,8,1,5,50,14,9,1,5,4,5,7,4,4,9,4,5,2,12,2,31,2,9,1,1,7,4,1,10,1,14,,4,4,1,22,9,121.5979406,25.06052227
111,3,3,8,18,2,12內湖區,內湖區潭美街531號,0,0,2,2,C03,8,1,5,50,14,9,1,5,4,5,7,4,4,9,4,5,2,12,1,32,2,9,1,1,7,7,1,10,1,11,,4,4,1,22,9,121.5979406,25.06052227
111,3,3,8,18,2,12內湖區,內湖區潭美街531號,0,0,2,3,B03,8,1,5,50,14,9,1,5,4,5,7,4,4,9,4,5,2,12,1,41,3,10,1,1,7,14,1,8,1,4,,44,4,1,22,9,121.5979406,25.06052227
111,3,3,8,20,2,12內湖區,內湖區潭美街791號旁,0,0,1,1,B03,8,1,5,50,3,1,1,5,4,5,7,4,4,10,4,5,2,16,1,32,3,10,1,1,7,6,1,8,2,2,,9,9,1,22,9,121.6098751,25.06348924
111,3,3,8,20,2,12內湖區,內湖區潭美街791號旁,0,0,1,2,C03,8,1,5,50,3,1,1,5,4,5,7,4,4,10,4,5,2,16,1,52,2,8,1,1,7,9,1,9,2,11,,23,9,1,22,9,121.6098751,25.06348924
111,3,3,8,23,2,03中山區,中山區遼寧街與龍江路45巷口,0,0,1,1,B03,8,1,5,30,4,1,1,5,4,5,7,4,4,8,3,5,1,16,2,50,3,10,1,1,7,9,1,8,1,1,,6,6,1,22,9,121.5421379,25.04915936
111,3,3,8,23,2,03中山區,中山區遼寧街與龍江路45巷口,0,0,1,2,C03,8,1,5,30,4,1,1,5,4,5,7,4,4,8,3,5,1,16,2,38,2,8,1,1,7,9,1,10,1,12,,44,6,1,22,9,121.5421379,25.04915936
111,3,3,8,25,2,01大同區,大同區民族西路32巷與民族西路口,0,0,1,1,B03,8,1,5,50,4,1,1,5,4,5,7,1,1,5,4,5,2,17,1,51,4,11,3,4,7,15,7,19,11,15,,42,42,2,22,9,121.5195371,25.0685151