發生年度,發生月,發生日,發生時-Hours,發生分,處理別-編號,區序,肇事地點,死亡人數,2-30日死亡人數,受傷人數,當事人序號,車種,天候,光線,道路類別,速限-速度限制,道路型態,事故位置,路面狀況1,路面狀況2,路面狀況3,道路障礙1,道路障礙2,號誌1,號誌2,車道劃分-分向,車道劃分-分道1,車道劃分-分道2,車道劃分-分道3,事故類型及型態,性別,年齡,受傷程度,主要傷處,安全帽,行動電話,車輛用途,當事者行動狀態,駕駛資格情形,駕駛執照種類,飲酒情形,車輛撞擊部位1,車輛撞擊部位2,肇因碼-個別,肇因碼-主要,個人肇逃否,職業,旅次目的,座標-X,座標-Y
111,3,3,8,25,2,01大同區,大同區民族西路32巷與民族西路口,0,0,1,2,C03,8,1,5,50,4,1,1,5,4,5,7,1,1,5,4,5,2,17,1,29,2,8,1,1,7,7,1,10,11,14,,23,42,1,22,9,121.5195371,25.0685151
111,3,3,8,30,2,10文山區,文山區興隆路3段44號,0,0,1,2,C03,8,1,5,50,14,9,1,5,4,5,7,4,4,1,4,5,2,12,1,73,2,7,1,1,7,7,1,10,1,14,,7,23,1,22,9,121.5557548,25.000303
111,3,3,8,30,2,10文山區,文山區興隆路3段44號,0,0,1,1,B12,8,1,5,50,14,9,1,5,4,5,7,4,4,1,4,5,2,12,1,52,3,10,1,1,7,9,1,8,1,6,,23,23,1,22,9,121.5557548,25.000303
111,3,3,8,35,2,06松山區,松山區八德路3段225號,0,0,1,1,B02,8,1,5,50,14,9,1,5,4,5,7,4,4,5,4,5,2,16,1,41,3,10,3,4,7,1,1,8,1,4,,19,19,1,22,9,121.5570299,25.04812212
111,3,3,8,35,2,06松山區,松山區八德路3段225號,0,0,1,2,C03,8,1,5,50,14,9,1,5,4,5,7,4,4,5,4,5,2,16,2,26,2,9,1,1,7,9,1,10,1,11,,44,19,1,22,9,121.5570299,25.04812212
111,3,3,9,10,2,12內湖區,內湖區潭美街與安美街口,0,0,1,1,C03,8,1,5,50,3,1,1,5,4,5,7,1,1,10,4,5,2,16,2,23,3,10,1,1,7,9,1,10,2,12,,23,23,1,22,9,121.5968712,25.06051901
111,3,3,9,10,2,12內湖區,內湖區潭美街與安美街口,0,0,1,2,C03,8,1,5,50,3,1,1,5,4,5,7,1,1,10,4,5,2,16,2,35,2,8,1,1,7,9,1,10,2,14,,44,23,1,22,9,121.5968712,25.06051901
111,3,3,9,10,2,12內湖區,內湖區潭美街與安美街口,0,0,1,3,B12,8,1,5,50,3,1,1,5,4,5,7,1,1,10,4,5,2,16,1,47,3,10,1,1,7,6,1,8,2,15,,44,23,1,22,9,121.5968712,25.06051901
111,3,3,9,17,2,03中山區,中山區民權東路2段190號,0,0,1,1,C03,8,1,5,50,14,9,1,5,4,5,7,4,4,1,3,5,1,13,1,37,2,7,1,1,7,9,1,10,1,11,,23,23,1,22,9,121.5361225,25.06241641
111,3,3,9,17,2,03中山區,中山區民權東路2段190號,0,0,1,2,B03,8,1,5,50,14,9,1,5,4,5,7,4,4,1,3,5,1,13,1,46,3,10,1,1,7,9,1,8,1,7,,44,23,1,22,9,121.5361225,25.06241641
111,3,3,9,25,2,04大安區,大安區信義路4段與安和路1段口,0,0,1,1,C03,8,1,5,50,4,1,1,5,4,5,7,2,1,9,4,5,1,16,1,31,4,11,3,4,7,15,7,19,11,15,,25,25,2,22,9,121.5523993,25.03337693
111,3,3,9,25,2,04大安區,大安區信義路4段與安和路1段口,0,0,1,2,C03,8,1,5,50,4,1,1,5,4,5,7,2,1,9,4,5,1,16,1,71,2,8,1,4,7,9,1,10,2,15,,44,25,1,22,9,121.5523993,25.03337693
111,3,3,9,35,2,10文山區,文山區木柵路1段與景美溪橋口,0,0,1,1,C03,8,1,5,50,3,2,1,5,4,5,7,1,3,5,4,5,2,13,1,28,2,9,3,4,7,7,1,10,2,11,,16,16,1,21,8,121.5453815,24.98674473
111,3,3,9,35,2,10文山區,文山區木柵路1段與景美溪橋口,0,0,1,2,B03,8,1,5,50,3,2,1,5,4,5,7,1,3,5,4,5,2,13,1,47,3,10,3,4,7,14,1,8,2,6,,44,16,1,21,8,121.5453815,24.98674473
111,3,3,9,36,2,12內湖區,內湖區洲子街77號前,0,0,1,1,H02,8,1,5,50,14,9,1,5,4,5,7,4,4,5,5,5,2,9,2,46,3,10,4,5,7,19,8,20,10,16,,56,56,1,22,9,121.5713184,25.07994836
111,3,3,9,36,2,12內湖區,內湖區洲子街77號前,0,0,1,2,B01,8,1,5,50,14,9,1,5,4,5,7,4,4,5,5,5,2,9,1,59,3,10,1,1,7,14,1,1,2,6,,38,56,1,22,9,121.5713184,25.07994836
111,3,3,9,36,2,12內湖區,內湖區洲子街77號前,0,0,1,3,C03,8,1,5,50,14,9,1,5,4,5,7,4,4,5,5,5,2,9,1,35,2,9,1,1,7,9,1,10,2,14,,44,56,1,22,9,121.5713184,25.07994836
111,3,3,9,37,2,06松山區,松山區南京東路5段與塔悠路口,0,0,2,1,C03,8,1,5,50,5,1,1,5,4,5,7,1,3,1,4,4,2,13,1,40,2,9,1,1,7,12,1,10,1,11,,23,23,1,22,9,121.5702096,25.05155425
111,3,3,9,37,2,06松山區,松山區南京東路5段與塔悠路口,0,0,2,2,C03,8,1,5,50,5,1,1,5,4,5,7,1,3,1,4,4,2,13,1,44,2,9,1,1,7,12,1,10,1,13,,44,23,1,22,9,121.5702096,25.05155425
111,3,3,9,38,2,07信義區,(忠孝東路4段553巷46弄24號前),0,0,1,1,B03,8,1,8,30,15,22,1,5,4,5,7,4,4,10,5,5,2,12,2,55,3,10,1,1,7,11,1,8,1,8,,26,26,1,22,9,121.5637074,25.04422206
111,3,3,9,38,2,07信義區,(忠孝東路4段553巷46弄24號前),0,0,1,2,C04,8,1,8,30,15,22,1,5,4,5,7,4,4,10,5,5,2,12,1,30,2,9,1,1,7,9,1,10,1,12,,13,26,1,22,9,121.5637074,25.04422206
111,3,3,9,41,2,04大安區,大安區信義路4段與光復南路口,0,0,1,1,B03,8,1,5,50,4,2,1,5,4,5,7,2,1,3,2,5,2,12,2,52,3,10,1,1,7,9,1,8,1,2,,23,23,1,22,9,121.5575518,25.03281733
111,3,3,9,41,2,04大安區,大安區信義路4段與光復南路口,0,0,1,2,C03,8,1,5,50,4,2,1,5,4,5,7,2,1,3,2,5,2,12,1,51,2,8,1,1,7,14,1,10,1,14,,44,23,1,22,9,121.5575518,25.03281733
111,3,3,9,43,2,09北投區,北投區行義路130巷與行義路口,0,0,1,1,B02,8,1,5,40,3,1,1,5,4,5,7,3,1,5,5,5,1,12,2,59,3,10,1,1,7,4,1,8,1,2,,1,1,1,22,9,121.528286,25.12886597
111,3,3,9,43,2,09北投區,北投區行義路130巷與行義路口,0,0,1,2,C03,8,1,5,40,3,1,1,5,4,5,7,3,1,5,5,5,1,12,1,85,2,8,1,1,7,7,1,10,1,14,,7,1,1,22,9,121.528286,25.12886597
111,3,3,9,50,2,04大安區,大安區基隆路2段與和平東路3段口,0,0,1,1,C04,8,1,5,50,4,1,1,5,4,5,7,1,1,3,5,5,1,13,2,36,2,9,1,1,7,9,1,10,2,12,,16,16,1,22,9,121.5504094,25.02600898
111,3,3,9,50,2,04大安區,大安區基隆路2段與和平東路3段口,0,0,1,2,C03,8,1,5,50,4,1,1,5,4,5,7,1,1,3,5,5,1,13,1,93,3,10,1,1,7,12,1,10,2,14,,44,16,1,22,9,121.5504094,25.02600898
111,3,3,9,57,2,03中山區,中山區吉林路161巷與民生東路2段115巷口,0,0,1,1,C03,8,1,5,30,4,1,1,5,4,5,7,4,4,10,5,5,2,15,2,39,2,8,1,1,7,9,1,10,1,12,,6,6,1,22,9,121.5316541,25.0589221
111,3,3,9,57,2,03中山區,中山區吉林路161巷與民生東路2段115巷口,0,0,1,2,B03,8,1,5,30,4,1,1,5,4,5,7,4,4,10,5,5,2,15,2,40,3,10,3,4,7,9,1,8,1,8,,44,6,1,22,9,121.5316541,25.0589221
111,3,3,9,58,2,12內湖區,內湖區瑞光路與瑞光路478巷口,0,0,1,1,B03,8,1,5,50,4,2,1,5,4,5,7,1,1,5,4,5,2,11,1,67,3,10,1,1,7,5,1,8,2,5,,8,8,1,22,9,121.5696199,25.07880749
111,3,3,9,58,2,12內湖區,內湖區瑞光路與瑞光路478巷口,0,0,1,2,C03,8,1,5,50,4,2,1,5,4,5,7,1,1,5,4,5,2,11,1,27,2,9,1,1,7,9,1,9,2,11,,44,8,1,22,9,121.5696199,25.07880749
111,3,3,10,0,2,07信義區,信義區基隆路1段與永吉路口,0,0,1,1,B01,8,1,5,50,5,2,1,5,4,5,7,2,3,1,4,1,2,17,1,65,3,10,1,1,7,9,1,4,1,5,,23,23,1,22,9,121.5672721,25.04563667
111,3,3,10,0,2,07信義區,信義區基隆路1段與永吉路口,0,0,1,2,F01,8,1,5,50,5,2,1,5,4,5,7,2,3,1,4,1,2,17,2,32,2,8,1,1,7,5,8,20,1,16,,26,23,1,22,9,121.5672721,25.04563667
111,3,3,10,4,2,01大同區,大同區民生西路與西寧北路口,0,0,1,1,B03,8,1,5,50,4,1,1,5,4,5,7,2,1,5,4,5,2,16,2,30,3,10,3,4,7,6,1,8,1,2,,9,9,1,22,9,121.5090089,25.0568884
111,3,3,10,4,2,01大同區,大同區民生西路與西寧北路口,0,0,1,2,C03,8,1,5,50,4,1,1,5,4,5,7,2,1,5,4,5,2,16,1,37,2,7,3,4,7,9,1,10,1,14,,44,9,1,22,9,121.5090089,25.0568884
111,3,3,10,13,2,04大安區,大安區市民大道3段222號,0,0,1,1,C03,8,1,5,40,14,9,1,5,4,5,7,4,4,10,4,5,2,16,1,34,3,10,1,1,7,6,1,10,1,13,,43,43,1,22,9,121.5410257,25.04439195
111,3,3,10,13,2,04大安區,大安區市民大道3段222號,0,0,1,2,C03,8,1,5,40,14,9,1,5,4,5,7,4,4,10,4,5,2,16,1,31,2,9,1,1,7,9,1,10,1,11,,43,43,1,22,9,121.5410257,25.04439195
111,3,3,10,20,2,09北投區,北投區石牌路2段362號,0,0,1,1,A02,8,1,5,50,14,9,1,5,4,5,7,1,1,9,4,5,1,9,1,54,3,10,1,1,7,3,1,2,1,2,,44,44,1,22,9,121.5257563,25.12368657
111,3,3,10,20,2,09北投區,北投區石牌路2段362號,0,0,1,2,H02,8,1,5,50,14,9,1,5,4,5,7,1,1,9,4,5,1,9,2,80,2,9,4,5,7,19,8,20,10,16,,67,44,1,22,9,121.5257563,25.12368657
111,3,3,10,32,2,10文山區,文山區木新路2段與木新路2段111巷口,0,0,1,1,C03,8,1,5,50,3,1,1,5,4,5,7,3,1,5,4,5,2,17,1,48,2,3,1,1,7,5,1,9,2,13,,8,8,1,22,9,121.5698552,24.98444856
111,3,3,10,32,2,10文山區,文山區木新路2段與木新路2段111巷口,0,0,1,2,C03,8,1,5,50,3,1,1,5,4,5,7,3,1,5,4,5,2,17,1,19,3,10,1,1,7,9,1,10,2,11,,14,8,1,22,9,121.5698552,24.98444856
111,3,3,10,34,2,04大安區,大安區復興南路1段與大安路1段116巷口,0,0,1,1,C03,8,1,5,50,4,1,1,5,4,5,7,1,1,10,5,5,2,13,1,19,2,9,1,1,7,11,1,10,1,11,,16,16,1,22,9,121.5438085,25.03978467
111,3,3,10,34,2,04大安區,大安區復興南路1段與大安路1段116巷口,0,0,1,2,C03,8,1,5,50,4,1,1,5,4,5,7,1,1,10,5,5,2,13,1,27,3,10,1,1,7,12,1,10,1,14,,44,16,1,22,9,121.5438085,25.03978467
111,3,3,10,58,2,09北投區,北投區西安街2段與致遠三路口,0,0,3,1,C03,8,1,5,50,4,1,1,5,4,5,7,1,1,10,4,5,2,16,2,73,2,9,1,1,7,5,1,10,1,14,,8,8,1,22,9,121.5080049,25.12027963
111,3,3,10,58,2,09北投區,北投區西安街2段與致遠三路口,0,0,3,2,C03,8,1,5,50,4,1,1,5,4,5,7,1,1,10,4,5,2,16,1,35,2,9,1,1,7,9,1,10,1,11,,13,8,1,22,9,121.5080049,25.12027963
111,3,3,10,58,2,09北投區,北投區西安街2段與致遠三路口,0,0,3,3,H02,8,1,5,50,4,1,1,5,4,5,7,1,1,10,4,5,2,16,2,1,2,1,2,5,7,21,8,20,10,16,,67,8,1,22,9,121.5080049,25.12027963
111,3,3,11,0,2,03中山區,中山區吉林路與農安街口,0,0,1,1,C03,8,1,5,50,4,2,1,5,4,5,7,1,1,5,4,5,1,17,1,59,3,10,1,1,7,11,1,10,11,12,,10,10,1,22,9,121.5303602,25.0648196
111,3,3,11,0,2,03中山區,中山區吉林路與農安街口,0,0,1,2,C03,8,1,5,50,4,2,1,5,4,5,7,1,1,5,4,5,1,17,2,39,2,1,1,1,7,9,1,10,9,11,,44,10,1,22,9,121.5303602,25.0648196
111,3,3,11,0,2,04大安區,大安區樂業街94巷與樂業街口口,0,0,2,1,C03,8,1,5,50,4,2,1,5,4,5,7,4,4,10,4,5,2,16,1,40,2,9,1,1,7,15,1,10,1,14,,6,6,1,22,9,121.5513678,25.02144322
111,3,3,11,0,2,04大安區,大安區樂業街94巷與樂業街口口,0,0,2,2,C03,8,1,5,50,4,2,1,5,4,5,7,4,4,10,4,5,2,16,1,59,2,9,1,1,7,9,1,10,1,11,,23,6,1,22,9,121.5513678,25.02144322
111,3,3,11,0,2,04大安區,大安區樂業街94巷與樂業街口口,0,0,2,3,B03,8,1,5,50,4,2,1,5,4,5,7,4,4,10,4,5,2,16,1,30,3,10,1,1,7,5,1,8,11,15,,8,6,1,22,9,121.5513678,25.02144322
111,3,3,11,2,2,06松山區,松山區民權東路4段與光復北路口,0,0,2,1,C03,8,1,5,50,14,9,1,5,4,5,7,1,1,1,4,4,2,13,1,59,3,10,1,4,7,9,1,10,1,11,,23,23,1,22,9,121.5545966,25.0618458
111,3,3,11,2,2,06松山區,松山區民權東路4段與光復北路口,0,0,2,2,C03,8,1,5,50,14,9,1,5,4,5,7,1,1,1,4,4,2,13,1,29,2,8,1,4,7,14,1,10,1,12,,44,23,1,22,9,121.5545966,25.0618458
111,3,3,11,2,2,06松山區,松山區民權東路4段與光復北路口,0,0,2,3,C03,8,1,5,50,14,9,1,5,4,5,7,1,1,1,4,4,2,13,1,44,2,9,1,4,7,9,1,10,1,14,,23,23,1,22,9,121.5545966,25.0618458
111,3,3,11,28,2,05中正區,中正區市民大道1段與中山北路1段口口,0,0,2,1,C03,8,1,5,40,14,9,1,5,4,5,7,2,1,9,4,5,1,16,2,28,3,10,1,1,7,6,1,10,2,13,,9,9,1,21,1,121.5204126,25.04801855
111,3,3,11,28,2,05中正區,中正區市民大道1段與中山北路1段口口,0,0,2,2,C03,8,1,5,40,14,9,1,5,4,5,7,2,1,9,4,5,1,16,1,73,2,9,1,1,7,9,1,10,2,11,,16,9,1,20,5,121.5204126,25.04801855
111,3,3,11,28,2,05中正區,中正區市民大道1段與中山北路1段口口,0,0,2,3,H02,8,1,5,40,14,9,1,5,4,5,7,2,1,9,4,5,1,16,2,41,2,8,4,5,7,20,8,20,10,16,,67,9,1,19,5,121.5204126,25.04801855
111,3,3,11,30,2,02萬華區,萬華區和平西路3段與和平西路3段176巷口,0,0,3,1,C03,8,1,5,50,4,1,1,5,4,5,7,1,1,1,4,5,2,12,1,27,2,9,1,1,7,9,1,10,1,14,,42,42,1,22,9,121.4975701,25.0352889
111,3,3,11,30,2,02萬華區,萬華區和平西路3段與和平西路3段176巷口,0,0,3,2,C03,8,1,5,50,4,1,1,5,4,5,7,1,1,1,4,5,2,12,1,25,2,9,1,1,7,9,1,10,1,13,,44,42,1,22,9,121.4975701,25.0352889
111,3,3,11,30,2,02萬華區,萬華區和平西路3段與和平西路3段176巷口,0,0,3,3,C03,8,1,5,50,4,1,1,5,4,5,7,1,1,1,4,5,2,12,1,39,2,9,1,1,7,9,1,10,1,11,,23,42,1,22,9,121.4975701,25.0352889
111,3,3,11,30,2,02萬華區,萬華區和平西路3段與和平西路3段176巷口,0,0,3,4,B12,8,1,5,50,4,1,1,5,4,5,7,1,1,1,4,5,2,12,1,52,3,10,1,1,7,14,1,8,1,15,,38,42,1,22,9,121.4975701,25.0352889
111,3,3,11,35,2,11南港區,南港區忠孝東路6段與忠孝東路6段159巷口,0,0,2,1,C03,8,1,5,30,4,1,1,5,4,5,7,4,4,9,5,5,2,16,1,18,2,8,1,1,7,9,1,10,1,11,,6,6,1,21,8,121.5864879,25.04895786
111,3,3,11,35,2,11南港區,南港區忠孝東路6段與忠孝東路6段159巷口,0,0,2,2,C03,8,1,5,30,4,1,1,5,4,5,7,4,4,9,5,5,2,16,1,43,2,7,1,1,7,9,1,10,1,14,,44,6,1,21,8,121.5864879,25.04895786
111,3,3,11,56,2,06松山區,松山區南京東路5段176號,0,0,1,1,B12,8,1,5,40,14,8,1,5,4,5,7,4,4,1,3,4,2,17,1,36,3,10,3,4,7,13,1,8,1,3,,34,34,1,22,9,121.5635864,25.05136356
111,3,3,11,56,2,06松山區,松山區南京東路5段176號,0,0,1,2,C03,8,1,5,40,14,8,1,5,4,5,7,4,4,1,3,4,2,17,2,54,2,1,1,1,7,9,1,10,1,12,,44,34,1,22,9,121.5635864,25.05136356
111,3,3,12,46,2,04大安區,大安區潮州街90號前,0,0,2,1,C03,8,1,5,50,14,9,1,5,4,5,7,4,4,8,3,5,1,12,1,28,2,7,1,1,7,8,1,10,1,12,,7,7,1,22,5,121.5246755,25.02887321
111,3,3,12,46,2,04大安區,大安區潮州街90號前,0,0,2,2,C03,8,1,5,50,14,9,1,5,4,5,7,4,4,8,3,5,1,12,1,29,2,9,1,1,7,9,1,10,1,14,,44,7,1,5,3,121.5246755,25.02887321
111,3,3,12,50,2,04大安區,大安區市民大道4段64號,0,0,2,1,C03,8,1,5,40,14,9,1,5,4,5,7,4,4,10,4,5,2,13,2,19,2,9,1,1,7,9,1,10,1,11,,43,43,1,22,9,121.5468559,25.0449621
111,3,3,12,50,2,04大安區,大安區市民大道4段64號,0,0,2,2,C03,8,1,5,40,14,9,1,5,4,5,7,4,4,10,4,5,2,13,1,26,2,9,1,1,7,9,1,10,1,13,,43,43,1,22,9,121.5468559,25.0449621
111,3,3,12,50,2,06松山區,松山區南京東路5段391號,0,0,1,1,B03,8,1,5,50,14,9,1,5,4,5,7,2,1,1,5,5,2,12,1,63,3,10,1,4,7,9,1,8,2,5,,44,44,1,22,9,121.569425,25.05144158
111,3,3,12,50,2,06松山區,松山區南京東路5段391號,0,0,1,2,C03,8,1,5,50,14,9,1,5,4,5,7,2,1,1,5,5,2,12,1,61,2,9,1,4,7,7,1,10,2,14,,7,44,1,22,9,121.569425,25.05144158
111,3,3,12,50,2,12內湖區,內湖區民權東路6段180巷21弄與民權東路6段180巷口,0,0,1,1,B03,8,1,5,50,3,1,1,5,4,5,7,4,4,9,5,5,2,16,1,61,3,10,1,1,7,6,1,8,1,5,,9,9,1,22,9,121.5927488,25.06809955
111,3,3,12,50,2,12內湖區,內湖區民權東路6段180巷21弄與民權東路6段180巷口,0,0,1,2,C03,8,1,5,50,3,1,1,5,4,5,7,4,4,9,5,5,2,16,1,34,3,10,1,1,7,9,1,10,1,14,,44,9,1,22,9,121.5927488,25.06809955
111,3,3,12,50,2,12內湖區,內湖區民權東路6段180巷21弄與民權東路6段180巷口,0,0,1,3,H02,8,1,5,50,3,1,1,5,4,5,7,4,4,9,5,5,2,16,1,29,2,8,1,5,7,20,8,20,10,16,,67,9,1,22,9,121.5927488,25.06809955
111,3,3,12,51,2,10文山區,文山區恆光街與保儀路口,0,0,1,1,B03,8,1,5,50,3,1,1,5,4,5,5,4,4,5,5,5,2,17,1,40,3,10,1,1,7,6,1,8,1,8,,6,6,1,22,9,121.5661749,24.98389332
111,3,3,12,51,2,10文山區,文山區恆光街與保儀路口,0,0,1,2,C03,8,1,5,50,3,1,1,5,4,5,5,4,4,5,5,5,2,17,2,35,2,8,1,1,7,5,1,10,1,14,,44,6,1,22,9,121.5661749,24.98389332
111,3,3,12,51,2,10文山區,文山區恆光街與保儀路口,0,0,1,3,A12,8,1,5,50,3,1,1,5,4,5,5,4,4,5,5,5,2,17,1,42,3,10,3,4,7,13,1,1,1,15,,38,6,1,22,9,121.5661749,24.98389332
111,3,3,12,51,2,10文山區,文山區恆光街與保儀路口,0,0,1,4,B03,8,1,5,50,3,1,1,5,4,5,5,4,4,5,5,5,2,17,1,59,4,11,3,4,7,15,7,19,11,15,,38,6,2,22,9,121.5661749,24.98389332
111,3,3,12,55,2,07信義區,信義區松仁路與松高路口,0,0,1,1,C03,8,1,5,50,14,9,1,5,4,5,7,2,1,9,4,5,1,16,2,24,2,9,1,1,7,5,1,10,1,14,,8,8,1,22,9,121.5685954,25.03909906
111,3,3,12,55,2,07信義區,信義區松仁路與松高路口,0,0,1,2,B01,8,1,5,50,14,9,1,5,4,5,7,2,1,9,4,5,1,16,1,63,3,10,1,1,7,9,1,4,1,5,,44,8,1,22,9,121.5685954,25.03909906
111,3,3,13,27,2,12內湖區,內湖區星雲街與星雲街33巷口,0,0,1,1,B03,8,1,5,40,4,1,1,5,4,5,7,3,1,5,2,5,2,11,2,60,3,10,1,1,7,5,1,8,2,1,,6,6,1,22,9,121.5914276,25.07857929
111,3,3,13,27,2,12內湖區,內湖區星雲街與星雲街33巷口,0,0,1,2,C03,8,1,5,40,4,1,1,5,4,5,7,3,1,5,2,5,2,11,2,28,2,9,1,1,7,9,1,10,2,14,,14,6,1,22,9,121.5914276,25.07857929
111,3,3,13,40,2,08士林區,士林區中山北路5段與文林路口,0,0,1,1,C03,8,1,5,50,3,2,1,5,4,5,7,2,1,1,4,1,1,16,1,20,4,11,3,4,7,15,7,19,11,15,,26,26,2,22,9,121.5257577,25.08544514
111,3,3,13,40,2,08士林區,士林區中山北路5段與文林路口,0,0,1,2,C03,8,1,5,50,3,2,1,5,4,5,7,2,1,1,4,1,1,16,1,51,2,7,1,1,7,14,1,10,1,12,,44,26,1,22,9,121.5257577,25.08544514
111,3,3,13,50,2,10文山區,文山區新光路2段西往東(燈桿),0,0,2,1,B02,8,1,5,50,14,9,1,5,4,5,7,4,4,9,4,5,2,12,2,49,3,10,3,4,7,4,1,8,11,2,,23,23,1,21,8,121.5989414,25.00221871
111,3,3,13,50,2,10文山區,文山區新光路2段西往東(燈桿),0,0,2,2,C03,8,1,5,50,14,9,1,5,4,5,7,4,4,9,4,5,2,12,1,71,2,7,3,4,7,9,1,10,2,11,,44,23,1,21,8,121.5989414,25.00221871
111,3,3,13,50,2,10文山區,文山區新光路2段西往東(燈桿),0,0,2,3,B03,8,1,5,50,14,9,1,5,4,5,7,4,4,9,4,5,2,12,1,59,3,10,3,4,7,9,1,8,2,4,,44,23,1,21,8,121.5989414,25.00221871
111,3,3,13,50,2,10文山區,文山區新光路2段西往東(燈桿),0,0,2,4,H02,8,1,5,50,14,9,1,5,4,5,7,4,4,9,4,5,2,12,2,55,2,9,3,5,7,20,8,20,10,16,,67,23,1,21,8,121.5989414,25.00221871
111,3,3,13,52,2,04大安區,大安區市民大道3段與安東街40巷口,0,0,1,1,C03,8,1,5,50,3,1,1,5,4,5,7,4,4,1,5,5,1,12,2,30,2,9,1,1,7,9,1,10,2,14,,44,44,1,22,9,121.5406689,25.04440911
111,3,3,13,52,2,04大安區,大安區市民大道3段與安東街40巷口,0,0,1,2,B03,8,1,5,50,3,1,1,5,4,5,7,4,4,1,5,5,1,12,1,60,3,10,1,1,7,6,1,8,2,5,,9,44,1,22,9,121.5406689,25.04440911
111,3,3,13,56,2,04大安區,大安區信義路4段199巷與安和路1段78巷口,0,0,1,1,C03,8,1,5,30,4,1,1,5,4,5,7,4,4,10,5,5,2,15,2,59,2,9,1,1,7,9,1,10,1,11,,6,6,1,22,9,121.5515296,25.0352036
111,3,3,13,56,2,04大安區,大安區信義路4段199巷與安和路1段78巷口,0,0,1,2,B03,8,1,5,30,4,1,1,5,4,5,7,4,4,10,5,5,2,15,2,28,3,10,1,1,7,9,1,8,1,8,,14,6,1,22,9,121.5515296,25.0352036
111,3,3,14,0,2,07信義區,信義區永吉路225巷與永吉路225巷3弄口,0,0,1,2,B03,8,1,5,30,4,1,1,5,4,3,7,2,1,10,5,5,2,15,1,39,3,10,1,1,7,9,1,8,1,4,,13,6,1,21,8,121.5742337,25.04612546
111,3,3,14,0,2,07信義區,信義區永吉路225巷與永吉路225巷3弄口,0,0,1,1,F01,8,1,5,30,4,1,1,5,4,3,7,2,1,10,5,5,2,15,2,70,2,9,1,1,7,9,8,20,1,16,,6,6,1,21,8,121.5742337,25.04612546
111,3,3,14,2,2,07信義區,信義區忠孝東路5段與大道路口,0,0,1,1,C03,8,1,5,50,5,2,1,5,4,5,7,1,1,5,4,5,2,16,1,24,3,10,1,1,7,9,1,10,1,13,,23,23,1,22,9,121.5811434,25.04303148
111,3,3,14,2,2,07信義區,信義區忠孝東路5段與大道路口,0,0,1,2,C03,8,1,5,50,5,2,1,5,4,5,7,1,1,5,4,5,2,16,1,33,2,7,1,1,7,5,1,10,1,11,,8,23,1,22,9,121.5811434,25.04303148
111,3,3,14,23,2,07信義區,信義區忠孝東路5段與忠孝東路5段22巷口口,0,0,1,1,B03,8,1,5,50,3,1,1,5,4,5,7,2,1,1,4,5,2,17,1,53,3,10,1,1,7,6,1,8,2,15,,9,9,1,22,9,121.5660761,25.04100314
111,3,3,14,23,2,07信義區,信義區忠孝東路5段與忠孝東路5段22巷口口,0,0,1,2,C03,8,1,5,50,3,1,1,5,4,5,7,2,1,1,4,5,2,17,1,25,2,9,1,1,7,9,1,10,2,15,,44,9,1,22,9,121.5660761,25.04100314
111,3,3,14,40,2,12內湖區,內湖區康寧路3段75巷207弄東向西,0,0,2,1,C03,8,1,5,50,12,9,1,5,4,5,7,4,4,9,5,5,2,9,1,18,2,9,1,1,7,9,1,10,2,14,,42,42,1,22,9,121.6153343,25.0774949
111,3,3,14,40,2,12內湖區,內湖區康寧路3段75巷207弄東向西,0,0,2,2,H02,8,1,5,50,12,9,1,5,4,5,7,4,4,9,5,5,2,9,2,18,2,9,1,5,7,20,8,20,10,16,,67,42,1,22,9,121.6153343,25.0774949
111,3,3,14,53,2,12內湖區,內湖區基湖路39號前,0,0,1,1,B01,8,1,5,50,14,9,1,5,4,5,7,4,4,5,4,5,2,12,1,58,3,10,1,1,7,1,1,4,2,8,,19,19,1,22,9,121.5646479,25.07950324
111,3,3,14,53,2,12內湖區,內湖區基湖路39號前,0,0,1,2,C03,8,1,5,50,14,9,1,5,4,5,7,4,4,5,4,5,2,12,1,32,2,8,1,1,7,9,1,10,2,12,,44,19,1,22,9,121.5646479,25.07950324
111,3,3,15,21,2,09北投區,北投區大同街280巷與大同街口,0,0,1,1,F01,8,1,5,30,3,1,1,5,4,5,7,4,4,10,5,5,2,16,2,37,2,8,1,1,7,5,8,20,1,16,,43,43,1,22,9,121.4993522,25.14054126
111,3,3,15,21,2,09北投區,北投區大同街280巷與大同街口,0,0,1,2,B03,8,1,5,30,3,1,1,5,4,5,7,4,4,10,5,5,2,16,1,34,3,10,1,1,7,9,1,8,1,2,,43,43,1,22,9,121.4993522,25.14054126
111,3,3,16,10,2,09北投區,北投區中央北路4段與立功街口,0,0,2,1,C03,8,1,5,50,14,9,1,5,4,5,7,4,4,5,5,5,2,16,2,54,2,9,3,4,7,9,1,10,1,14,,23,23,1,22,9,121.4683443,25.12821569
111,3,3,16,10,2,09北投區,北投區中央北路4段與立功街口,0,0,2,2,C03,8,1,5,50,14,9,1,5,4,5,7,4,4,5,5,5,2,16,1,67,2,7,3,4,7,9,1,10,1,12,,44,23,1,22,9,121.4683443,25.12821569
111,3,3,16,45,2,06松山區,松山區南京東路3段300號,0,0,1,1,B03,7,1,5,50,3,1,1,5,4,5,7,1,1,1,4,4,2,17,2,34,3,10,1,1,7,5,1,8,1,1,,6,6,1,22,9,121.5467643,25.05172233