發生年度,發生月,發生日,發生時-Hours,發生分,處理別-編號,區序,肇事地點,死亡人數,2-30日死亡人數,受傷人數,當事人序號,車種,天候,光線,道路類別,速限-速度限制,道路型態,事故位置,路面狀況1,路面狀況2,路面狀況3,道路障礙1,道路障礙2,號誌1,號誌2,車道劃分-分向,車道劃分-分道1,車道劃分-分道2,車道劃分-分道3,事故類型及型態,性別,年齡,受傷程度,主要傷處,安全帽,行動電話,車輛用途,當事者行動狀態,駕駛資格情形,駕駛執照種類,飲酒情形,車輛撞擊部位1,車輛撞擊部位2,肇因碼-個別,肇因碼-主要,個人肇逃否,職業,旅次目的,座標-X,座標-Y
111,3,3,16,45,2,06松山區,松山區南京東路3段300號,0,0,1,2,F01,7,1,5,50,3,1,1,5,4,5,7,1,1,1,4,4,2,17,2,67,2,9,1,1,7,9,8,20,1,16,,26,6,1,22,9,121.5467643,25.05172233
111,3,3,16,46,2,09北投區,北投區泉源路143號燈桿,0,0,1,1,B03,8,1,5,50,14,9,1,5,4,5,7,4,4,5,5,5,2,11,1,24,3,10,1,1,7,4,1,8,1,4,,1,1,1,22,9,121.504426,25.13777787
111,3,3,16,46,2,09北投區,北投區泉源路143號燈桿,0,0,1,2,C03,8,1,5,50,14,9,1,5,4,5,7,4,4,5,5,5,2,11,2,59,2,9,1,1,7,9,1,10,1,14,,44,1,1,22,9,121.504426,25.13777787
111,3,3,16,50,2,02萬華區,萬華區中興橋往新北市與中興橋機車道口,0,0,1,1,C03,7,1,7,40,8,11,1,5,4,5,7,4,4,10,5,5,2,25,1,41,2,9,1,1,7,9,1,10,8,12,,21,21,1,22,9,121.50053,25.04497017
111,3,3,16,50,2,02萬華區,萬華區中興橋往新北市與中興橋機車道口,0,0,1,2,,7,1,7,40,8,11,1,5,4,5,7,4,4,10,5,5,2,25,3,,,,,,,,,,,,,67,21,1,,,121.50053,25.04497017
111,3,3,16,50,2,07信義區,信義區松山路484-8號,0,0,3,1,C03,8,1,5,50,14,9,1,5,4,5,7,4,4,9,5,5,2,12,1,25,2,9,1,1,7,5,1,10,1,14,,8,8,1,22,9,121.577901,25.0388038
111,3,3,16,50,2,07信義區,信義區松山路484-8號,0,0,3,2,C03,8,1,5,50,14,9,1,5,4,5,7,4,4,9,5,5,2,12,1,18,2,9,1,1,7,9,1,10,1,11,,23,8,1,22,9,121.577901,25.0388038
111,3,3,16,50,2,07信義區,信義區松山路484-8號,0,0,3,3,H02,8,1,5,50,14,9,1,5,4,5,7,4,4,9,5,5,2,12,1,17,2,9,4,5,7,21,8,20,10,16,,67,8,1,22,9,121.577901,25.0388038
111,3,3,16,53,2,07信義區,信義區基隆路2段201-1號與和平東路口圓環,0,0,1,1,A02,8,1,5,50,16,9,1,5,4,5,7,2,1,1,4,5,2,13,1,61,3,10,1,1,7,1,1,2,2,5,,23,23,1,22,9,121.5529149,25.02447989
111,3,3,16,53,2,07信義區,信義區基隆路2段201-1號與和平東路口圓環,0,0,1,3,B01,8,1,5,50,16,9,1,5,4,5,7,2,1,1,4,5,2,13,1,54,3,10,1,1,7,7,1,4,2,8,,7,23,1,22,9,121.5529149,25.02447989
111,3,3,16,53,2,07信義區,信義區基隆路2段201-1號與和平東路口圓環,0,0,1,2,C03,8,1,5,50,16,9,1,5,4,5,7,2,1,1,4,5,2,13,2,28,2,7,1,1,7,7,1,10,2,13,,7,23,1,22,9,121.5529149,25.02447989
111,3,3,17,1,2,10文山區,文山區懷恩隧道北往南方向,0,0,1,1,C04,8,1,5,50,11,9,1,5,4,5,1,4,4,5,4,5,2,18,1,19,2,9,1,1,7,9,1,10,2,12,,42,42,1,22,9,121.5513519,24.99202356
111,3,3,17,1,2,10文山區,文山區懷恩隧道北往南方向,0,0,1,2,,8,1,5,50,11,9,1,5,4,5,1,4,4,5,4,5,2,18,3,,,,,,,,,,,,,67,42,1,,,121.5513519,24.99202356
111,3,3,17,20,2,01大同區,大同區承德路1段與長安西路口,0,0,1,1,C03,7,1,5,50,4,2,1,5,4,5,7,1,1,5,4,5,2,17,1,41,3,10,3,4,7,4,1,10,1,13,,17,17,1,22,9,121.5174846,25.05084158
111,3,3,17,20,2,01大同區,大同區承德路1段與長安西路口,0,0,1,2,C03,7,1,5,50,4,2,1,5,4,5,7,1,1,5,4,5,2,17,1,40,2,9,3,4,7,9,1,10,1,11,,44,17,1,22,9,121.5174846,25.05084158
111,3,3,17,25,2,03中山區,中山區中山橋往南機慢車專用道,0,0,3,1,C03,8,1,7,25,14,11,1,5,4,5,7,4,4,10,4,4,2,13,1,37,2,9,3,4,7,9,1,10,1,11,,16,16,1,22,9,121.5253536,25.07446457
111,3,3,17,25,2,03中山區,中山區中山橋往南機慢車專用道,0,0,3,2,C03,8,1,7,25,14,11,1,5,4,5,7,4,4,10,4,4,2,13,1,22,2,8,3,4,7,9,1,10,1,11,,16,16,1,22,9,121.5253536,25.07446457
111,3,3,17,25,2,03中山區,中山區中山橋往南機慢車專用道,0,0,3,3,C03,8,1,7,25,14,11,1,5,4,5,7,4,4,10,4,4,2,13,1,47,2,9,1,1,7,12,1,10,1,13,,44,16,1,22,9,121.5253536,25.07446457
111,3,3,17,30,2,06松山區,松山區寶清街73-1號,0,0,1,2,C04,8,1,5,30,14,9,1,5,4,5,7,4,4,10,5,5,2,17,2,68,2,9,1,1,7,9,3,18,11,11,,23,44,1,22,9,121.5684992,25.05192892
111,3,3,17,30,2,06松山區,松山區寶清街73-1號,0,0,1,1,B11,8,1,5,30,14,9,1,5,4,5,7,4,4,10,5,5,2,17,1,51,3,10,1,1,7,13,1,4,11,15,,44,44,1,22,9,121.5684992,25.05192892
111,3,3,17,39,2,08士林區,士林區重陽橋機車道027燈桿,0,0,2,1,C03,8,3,5,50,14,9,1,5,4,5,7,4,4,3,4,5,1,13,2,56,2,9,1,1,7,9,1,10,2,11,,23,23,1,22,9,121.5064591,25.08604148
111,3,3,17,39,2,08士林區,士林區重陽橋機車道027燈桿,0,0,2,2,C03,8,3,5,50,14,9,1,5,4,5,7,4,4,3,4,5,1,13,2,22,2,9,1,1,7,15,1,10,2,13,,44,23,1,22,9,121.5064591,25.08604148
111,3,3,17,39,2,08士林區,士林區重陽橋機車道027燈桿,0,0,2,3,C03,8,3,5,50,14,9,1,5,4,5,7,4,4,3,4,5,1,13,2,35,3,10,1,1,7,9,1,10,2,11,,23,23,1,22,9,121.5064591,25.08604148
111,3,3,17,42,2,12內湖區,內湖區成功路4段61巷49號,0,0,1,1,H01,8,1,5,50,14,9,1,5,4,5,7,4,4,5,5,5,2,6,2,58,2,9,4,5,8,18,8,20,10,16,,51,51,1,22,9,121.5938247,25.08017547
111,3,3,17,42,2,12內湖區,內湖區成功路4段61巷49號,0,0,1,2,C03,8,1,5,50,14,9,1,5,4,5,7,4,4,5,5,5,2,6,1,25,3,10,1,1,7,9,1,10,2,11,,44,51,1,22,9,121.5938247,25.08017547
111,3,3,17,50,2,05中正區,中正區開封街1段與博愛路口,0,0,2,1,B03,8,1,5,50,4,2,1,5,4,5,7,2,1,9,4,5,2,12,1,31,3,10,1,1,7,9,1,8,11,8,,44,44,1,22,9,121.5114316,25.0459937
111,3,3,17,50,2,05中正區,中正區開封街1段與博愛路口,0,0,2,2,C03,8,1,5,50,4,2,1,5,4,5,7,2,1,9,4,5,2,12,1,18,2,8,1,1,7,6,1,10,11,12,,9,44,1,22,9,121.5114316,25.0459937
111,3,3,17,50,2,05中正區,中正區開封街1段與博愛路口,0,0,2,3,H02,8,1,5,50,4,2,1,5,4,5,7,2,1,9,4,5,2,12,2,19,2,9,1,5,7,20,8,20,10,16,,67,44,1,22,9,121.5114316,25.0459937
111,3,3,17,55,2,08士林區,士林區延平北路6段與中正路口,0,0,1,1,B03,8,3,5,0,4,1,1,5,4,5,7,1,1,5,4,5,2,17,1,70,3,10,1,1,7,9,1,8,1,8,,25,25,1,22,9,121.5092275,25.08685928
111,3,3,17,55,2,08士林區,士林區延平北路6段與中正路口,0,0,1,2,C03,8,3,5,0,4,1,1,5,4,5,7,1,1,5,4,5,2,17,1,43,2,8,1,1,7,9,1,10,1,11,,44,25,1,22,9,121.5092275,25.08685928
111,3,3,17,56,2,12內湖區,內湖區金龍路與內湖路2段口,0,0,1,1,C03,8,3,5,50,4,2,1,5,4,5,7,1,1,5,4,5,2,16,2,24,3,10,1,1,7,6,1,10,1,13,,6,6,1,22,9,121.5936662,25.08475686
111,3,3,17,56,2,12內湖區,內湖區金龍路與內湖路2段口,0,0,1,2,C03,8,3,5,50,4,2,1,5,4,5,7,1,1,5,4,5,2,16,1,67,2,9,1,1,7,9,1,10,1,11,,44,6,1,22,9,121.5936662,25.08475686
111,3,3,18,0,2,04大安區,大安區復興南路2段151巷與復興南路2段口,0,0,1,1,B01,8,3,5,50,4,1,1,5,4,5,7,2,1,10,5,5,2,12,1,55,3,10,1,1,7,5,1,4,1,5,,23,23,1,22,9,121.5436714,25.02834843
111,3,3,18,0,2,04大安區,大安區復興南路2段151巷與復興南路2段口,0,0,1,2,C04,8,3,5,50,4,1,1,5,4,5,7,2,1,10,5,5,2,12,1,61,2,8,1,1,7,6,1,11,1,13,,6,23,1,22,9,121.5436714,25.02834843
111,3,3,18,0,2,04大安區,大安區復興南路2段151巷與復興南路2段口,0,0,1,3,A11,8,3,5,50,4,1,1,5,4,5,7,2,1,10,5,5,2,12,1,28,3,10,1,1,7,13,1,3,1,15,,38,23,1,22,9,121.5436714,25.02834843
111,3,3,18,10,2,11南港區,南港區東新街170巷49號,0,0,1,1,B03,7,1,5,40,14,9,1,5,4,5,7,4,4,9,5,5,1,16,1,48,3,10,3,4,7,11,1,8,1,8,,10,10,1,22,9,121.5927934,25.0431601
111,3,3,18,10,2,11南港區,南港區東新街170巷49號,0,0,1,2,C03,7,1,5,40,14,9,1,5,4,5,7,4,4,9,5,5,1,16,1,58,2,9,1,4,7,9,1,10,1,11,,44,10,1,22,9,121.5927934,25.0431601
111,3,3,18,37,2,08士林區,士林區中山北路5段與中正路口,0,0,1,2,C03,8,3,5,50,4,1,1,5,4,5,7,2,1,4,3,5,1,12,2,21,2,8,1,1,7,9,1,10,1,13,,43,43,1,22,9,121.5280182,25.09584478
111,3,3,18,37,2,08士林區,士林區中山北路5段與中正路口,0,0,1,1,,8,3,5,50,4,1,1,5,4,5,7,2,1,4,3,5,1,12,4,,4,11,3,4,7,15,7,19,11,15,,43,43,2,22,9,121.5280182,25.09584478
111,3,3,18,44,2,07信義區,信義區信義路5段與基隆路2段口,0,0,1,1,B03,7,3,5,50,4,1,1,5,4,5,7,1,1,1,4,5,1,12,1,52,3,10,3,4,7,9,1,8,1,6,,23,23,1,22,9,121.5596445,25.0329342
111,3,3,18,44,2,07信義區,信義區信義路5段與基隆路2段口,0,0,1,2,C03,7,3,5,50,4,1,1,5,4,5,7,1,1,1,4,5,1,12,2,26,2,9,3,4,7,9,1,10,1,14,,23,23,1,22,9,121.5596445,25.0329342
111,3,3,18,52,2,05中正區,中正區永春街248巷與永春街口,0,0,2,1,C03,8,3,5,30,3,2,1,5,4,5,7,4,4,10,5,5,2,16,1,35,2,7,1,1,7,5,1,10,1,11,,6,6,1,22,9,121.5274794,25.01384389
111,3,3,18,52,2,05中正區,中正區永春街248巷與永春街口,0,0,2,2,C03,8,3,5,30,3,2,1,5,4,5,7,4,4,10,5,5,2,16,2,25,3,10,1,1,7,9,1,10,1,12,,44,6,1,22,9,121.5274794,25.01384389
111,3,3,18,52,2,05中正區,中正區永春街248巷與永春街口,0,0,2,3,H02,8,3,5,30,3,2,1,5,4,5,7,4,4,10,5,5,2,16,2,5,2,8,1,1,7,20,8,20,10,16,,67,6,1,22,9,121.5274794,25.01384389
111,3,3,19,0,2,08士林區,士林區至誠路2段(芝山加油站前),0,0,1,1,B03,8,3,8,40,15,22,1,5,4,5,7,4,4,8,5,5,2,17,2,35,3,10,1,1,7,6,1,8,1,2,,44,44,1,22,9,121.5289368,25.10180395
111,3,3,19,0,2,08士林區,士林區至誠路2段(芝山加油站前),0,0,1,2,C03,8,3,8,40,15,22,1,5,4,5,7,4,4,8,5,5,2,17,1,32,2,9,1,1,7,9,1,10,1,11,,23,44,1,22,9,121.5289368,25.10180395
111,3,3,19,0,2,09北投區,北投區磺港路與崇仁路1段155巷口,0,0,1,1,B03,8,3,5,30,4,1,1,5,4,5,7,1,1,10,5,5,2,9,2,37,3,10,1,1,7,5,1,8,2,1,,15,15,1,22,9,121.5028434,25.12381521
111,3,3,19,0,2,09北投區,北投區磺港路與崇仁路1段155巷口,0,0,1,2,H01,8,3,5,30,4,1,1,5,4,5,7,1,1,10,5,5,2,9,1,86,2,9,4,5,8,16,8,20,2,16,,67,15,1,22,9,121.5028434,25.12381521
111,3,3,19,32,2,05中正區,中正區南昌路2段187號對面,0,0,1,1,,8,3,5,50,14,9,1,5,4,5,7,4,4,5,4,5,2,16,4,,4,11,3,4,7,15,7,19,11,15,,43,43,2,22,9,121.5230538,25.02528658
111,3,3,19,32,2,05中正區,中正區南昌路2段187號對面,0,0,1,2,C03,8,3,5,50,14,9,1,5,4,5,7,4,4,5,4,5,2,16,2,35,2,8,1,1,7,9,1,10,1,12,,44,43,1,22,9,121.5230538,25.02528658
111,3,3,20,0,2,01大同區,大同區民權西路東往西(民權國中旁),0,0,3,1,C03,7,3,5,50,14,9,1,5,4,5,7,4,4,1,3,5,2,13,1,33,2,9,1,1,7,9,1,10,1,11,,16,16,1,22,9,121.5144941,25.06309807
111,3,3,20,0,2,01大同區,大同區民權西路東往西(民權國中旁),0,0,3,2,C03,7,3,5,50,14,9,1,5,4,5,7,4,4,1,3,5,2,13,1,29,2,8,1,1,7,9,1,10,1,13,,44,16,1,22,9,121.5144941,25.06309807
111,3,3,20,0,2,01大同區,大同區民權西路東往西(民權國中旁),0,0,3,3,H02,7,3,5,50,14,9,1,5,4,5,7,4,4,1,3,5,2,13,2,38,2,8,4,5,7,20,8,20,10,16,,67,16,1,22,9,121.5144941,25.06309807
111,3,3,20,10,2,04大安區,大安區和平東路2段與臥龍街口,0,0,1,1,B01,8,3,5,50,4,2,1,5,4,5,7,2,1,1,4,5,2,12,1,59,3,10,3,4,7,9,5,4,2,5,,17,17,1,22,9,121.5466861,25.02462379
111,3,3,20,10,2,04大安區,大安區和平東路2段與臥龍街口,0,0,1,2,C03,8,3,5,50,4,2,1,5,4,5,7,2,1,1,4,5,2,12,1,39,2,8,1,4,7,9,1,10,2,15,,17,17,1,22,9,121.5466861,25.02462379
111,3,3,20,16,2,12內湖區,內湖區舊宗路1段與新湖一路口,0,0,1,1,B03,7,3,5,50,4,2,1,5,4,5,7,1,1,10,5,5,2,16,1,37,3,10,1,1,7,6,1,8,1,5,,9,9,1,22,9,121.5791418,25.06020418
111,3,3,20,16,2,12內湖區,內湖區舊宗路1段與新湖一路口,0,0,1,2,C03,7,3,5,50,4,2,1,5,4,5,7,1,1,10,5,5,2,16,2,42,2,9,1,1,7,15,1,10,1,14,,44,9,1,22,9,121.5791418,25.06020418
111,3,3,20,32,2,06松山區,松山區南京東路3段255號,0,0,1,1,B03,7,3,5,50,14,8,1,5,4,5,7,2,1,1,4,1,2,12,2,38,3,10,1,1,7,6,1,8,1,2,,9,9,1,22,9,121.544157,25.05178545
111,3,3,20,32,2,06松山區,松山區南京東路3段255號,0,0,1,2,C03,7,3,5,50,14,8,1,5,4,5,7,2,1,1,4,1,2,12,2,31,2,9,1,1,7,9,1,10,1,14,,44,9,1,22,9,121.544157,25.05178545
111,3,3,20,50,2,05中正區,中正區仁愛路2段與金山南路1段口,0,0,1,2,C03,8,3,5,50,4,2,1,5,4,5,7,1,1,9,4,5,2,17,1,26,3,10,1,1,7,9,1,10,2,12,,44,6,1,22,9,121.5282806,25.03809894
111,3,3,20,50,2,05中正區,中正區仁愛路2段與金山南路1段口,0,0,1,1,C03,8,3,5,50,4,2,1,5,4,5,7,1,1,9,4,5,2,17,2,25,2,8,1,1,7,9,1,10,2,14,,6,6,1,22,9,121.5282806,25.03809894
111,3,3,20,54,2,05中正區,中正區新生北路1段往南(光華商場旁停車場出入口),0,0,2,1,B03,8,3,5,50,14,9,1,5,4,5,7,4,4,1,4,5,2,14,2,25,3,10,3,1,7,2,1,8,2,7,,12,12,1,5,6,121.5327454,25.04490289
111,3,3,20,54,2,05中正區,中正區新生北路1段往南(光華商場旁停車場出入口),0,0,2,2,C03,8,3,5,50,14,9,1,5,4,5,7,4,4,1,4,5,2,14,2,56,2,9,1,4,7,9,1,10,2,11,,44,12,1,19,5,121.5327454,25.04490289
111,3,3,20,54,2,05中正區,中正區新生北路1段往南(光華商場旁停車場出入口),0,0,2,3,H02,8,3,5,50,14,9,1,5,4,5,7,4,4,1,4,5,2,14,2,28,2,8,1,4,7,20,8,20,10,16,,67,12,1,22,7,121.5327454,25.04490289
111,3,3,21,0,2,06松山區,松山區東興路16號,0,0,2,1,F01,7,3,5,50,14,9,1,5,4,5,7,4,4,9,4,5,2,10,2,38,2,9,1,1,7,1,8,20,2,16,,19,19,1,22,9,121.5654441,25.04954889
111,3,3,21,0,2,06松山區,松山區東興路16號,0,0,2,2,C03,7,3,5,50,14,9,1,5,4,5,7,4,4,9,4,5,2,10,1,24,2,9,1,1,7,9,1,10,2,11,,42,19,1,22,9,121.5654441,25.04954889
111,3,3,21,20,2,01大同區,大同區延平北路3段3號,0,0,1,1,B03,7,3,5,50,14,9,1,5,4,5,7,4,4,4,1,5,2,12,1,68,4,11,3,4,7,15,7,19,11,15,,44,44,2,22,9,121.5111961,25.06334409
111,3,3,21,20,2,01大同區,大同區延平北路3段3號,0,0,1,2,C03,7,3,5,50,14,9,1,5,4,5,7,4,4,4,1,5,2,12,2,34,2,9,1,1,7,7,1,10,2,14,,7,44,1,22,9,121.5111961,25.06334409
111,3,3,21,24,2,08士林區,士林區社子街22巷與社子街22巷60弄口,0,0,1,1,C03,7,3,5,30,4,1,1,5,4,5,7,4,4,10,5,5,2,17,1,51,3,10,1,1,7,9,1,10,1,15,,6,6,1,22,9,121.5065793,25.08667588
111,3,3,21,24,2,08士林區,士林區社子街22巷與社子街22巷60弄口,0,0,1,2,C03,7,3,5,30,4,1,1,5,4,5,7,4,4,10,5,5,2,17,2,24,2,8,1,1,7,9,1,10,1,14,,44,6,1,22,9,121.5065793,25.08667588
111,3,3,21,40,2,09北投區,北投區裕民一路與裕民二路口,0,0,2,1,C03,8,3,5,50,3,1,1,5,4,5,7,4,4,5,5,5,2,16,1,26,2,9,3,4,7,5,1,10,1,12,,6,6,1,22,9,121.5172767,25.11655792
111,3,3,21,40,2,09北投區,北投區裕民一路與裕民二路口,0,0,2,2,C03,8,3,5,50,3,1,1,5,4,5,7,4,4,5,5,5,2,16,2,19,2,8,3,4,7,9,1,10,1,14,,44,6,1,22,9,121.5172767,25.11655792
111,3,3,22,0,2,03中山區,中山區農安街229號,0,0,1,1,B03,8,1,5,50,14,9,1,5,4,5,7,4,4,5,5,5,2,14,1,70,3,10,3,4,7,2,1,8,1,3,,12,12,1,22,9,121.5340156,25.06474751
111,3,3,22,0,2,03中山區,中山區農安街229號,0,0,1,2,C03,8,1,5,50,14,9,1,5,4,5,7,4,4,5,5,5,2,14,2,50,2,7,1,4,7,21,1,10,1,11,,44,12,1,22,9,121.5340156,25.06474751
111,3,3,22,11,2,08士林區,士林區中正路與基河路口,0,0,2,1,B03,8,3,5,50,4,2,1,5,4,5,7,2,1,3,3,5,1,11,1,45,3,10,1,1,7,8,1,8,2,5,,7,7,1,22,9,121.520005,25.0934392
111,3,3,22,11,2,08士林區,士林區中正路與基河路口,0,0,2,2,C03,8,3,5,50,4,2,1,5,4,5,7,2,1,3,3,5,1,11,1,25,2,7,1,1,7,8,1,10,2,14,,13,7,1,22,9,121.520005,25.0934392
111,3,3,22,11,2,08士林區,士林區中正路與基河路口,0,0,2,3,C03,8,3,5,50,4,2,1,5,4,5,7,2,1,3,3,5,1,11,1,26,3,10,1,1,7,14,1,10,2,14,,44,7,1,22,9,121.520005,25.0934392
111,3,3,22,11,2,08士林區,士林區中正路與基河路口,0,0,2,4,H02,8,3,5,50,4,2,1,5,4,5,7,2,1,3,3,5,1,11,2,25,2,8,1,5,7,17,8,20,10,16,,67,7,1,22,9,121.520005,25.0934392
111,3,3,22,55,2,01大同區,大同區鄭州路與重慶北路1段口,0,0,1,1,C05,7,3,5,50,4,1,1,5,4,5,7,1,1,1,4,5,2,16,2,19,4,11,3,4,7,6,7,19,11,15,,25,25,2,22,9,121.513338,25.04961626
111,3,3,22,55,2,01大同區,大同區鄭州路與重慶北路1段口,0,0,1,2,C03,7,3,5,50,4,1,1,5,4,5,7,1,1,1,4,5,2,16,1,26,2,8,1,1,7,9,1,10,1,12,,13,25,1,22,9,121.513338,25.04961626
111,3,3,23,20,2,04大安區,大安區通安街與安和路2段35巷口,0,0,1,1,C03,8,3,5,30,4,1,1,5,4,5,7,4,4,10,5,5,2,15,1,47,2,9,1,1,7,9,1,10,1,14,,6,6,1,22,9,121.5533323,25.0316498
111,3,3,23,20,2,04大安區,大安區通安街與安和路2段35巷口,0,0,1,2,B11,8,3,5,30,4,1,1,5,4,5,7,4,4,10,5,5,2,15,1,24,3,10,1,1,7,9,1,4,1,5,,13,6,1,22,9,121.5533323,25.0316498
111,3,3,23,22,2,09北投區,北投區大度路2段機慢車優先道往淡水方向第059號燈桿旁,0,0,4,1,C03,7,3,5,50,14,12,1,5,4,5,7,4,4,1,4,5,1,13,2,20,2,9,1,1,7,9,1,10,2,11,,16,16,1,22,9,121.4785836,25.12253308
111,3,3,23,22,2,09北投區,北投區大度路2段機慢車優先道往淡水方向第059號燈桿旁,0,0,4,2,C03,7,3,5,50,14,12,1,5,4,5,7,4,4,1,4,5,1,13,2,22,2,9,1,1,7,9,1,10,2,13,,44,16,1,22,9,121.4785836,25.12253308
111,3,3,23,22,2,09北投區,北投區大度路2段機慢車優先道往淡水方向第059號燈桿旁,0,0,4,3,C03,7,3,5,50,14,12,1,5,4,5,7,4,4,1,4,5,1,13,2,20,2,9,1,1,7,9,1,10,2,11,,23,16,1,22,9,121.4785836,25.12253308
111,3,3,23,22,2,09北投區,北投區大度路2段機慢車優先道往淡水方向第059號燈桿旁,0,0,4,4,H02,7,3,5,50,14,12,1,5,4,5,7,4,4,1,4,5,1,13,2,22,2,9,4,5,7,20,8,20,10,16,,67,16,1,22,9,121.4785836,25.12253308
111,3,4,5,57,2,01大同區,大同區寧夏路與蘭州街口口,0,0,1,1,B03,8,1,5,50,4,2,1,5,4,5,7,3,1,4,1,5,2,15,1,43,3,10,1,1,7,9,1,8,2,6,,6,6,1,22,9,121.5141353,25.0617257
111,3,4,5,57,2,01大同區,大同區寧夏路與蘭州街口口,0,0,1,2,C03,8,1,5,50,4,2,1,5,4,5,7,3,1,4,1,5,2,15,1,48,2,9,1,1,7,9,1,10,2,11,,14,6,1,22,9,121.5141353,25.0617257
111,3,4,6,18,2,06松山區,松山區市民大道6段與松信路口,0,0,2,1,C03,8,1,5,40,4,2,1,5,4,5,7,1,1,1,4,5,2,16,1,26,2,9,1,4,7,5,1,10,2,14,,8,8,1,22,9,121.5722492,25.04945752
111,3,4,6,18,2,06松山區,松山區市民大道6段與松信路口,0,0,2,2,C02,8,1,5,40,4,2,1,5,4,5,7,1,1,1,4,5,2,16,1,37,2,9,1,4,7,9,1,9,2,11,,13,8,1,22,9,121.5722492,25.04945752
111,3,4,6,55,2,11南港區,南港區忠孝東路7段415巷與市民大道8段口口,0,0,2,1,C03,8,1,5,50,4,1,1,5,4,5,7,2,1,5,5,5,2,16,1,51,2,8,1,1,7,5,1,10,1,14,,6,6,1,22,9,121.6088664,25.0535588
111,3,4,6,55,2,11南港區,南港區忠孝東路7段415巷與市民大道8段口口,0,0,2,2,C03,8,1,5,50,4,1,1,5,4,5,7,2,1,5,5,5,2,16,1,41,2,7,1,1,7,9,1,10,1,12,,13,6,1,22,9,121.6088664,25.0535588
111,3,4,7,45,2,04大安區,大安區敦化南路1段與敦化南路1段335巷口口,0,0,1,1,A02,8,1,5,50,3,2,1,5,4,5,7,4,4,10,4,5,1,12,1,49,3,10,1,1,7,9,1,2,1,2,,23,23,1,22,9,121.5490615,25.03366607
111,3,4,7,45,2,04大安區,大安區敦化南路1段與敦化南路1段335巷口口,0,0,1,2,C03,8,1,5,50,3,2,1,5,4,5,7,4,4,10,4,5,1,12,2,51,2,9,1,1,7,7,1,10,1,14,,7,23,1,22,9,121.5490615,25.03366607
111,3,4,7,58,2,05中正區,中正區杭州南路1段與濟南路1段口,0,0,1,1,B03,8,1,5,50,4,1,1,5,4,5,7,1,1,10,4,5,2,16,1,67,3,10,1,1,7,5,1,8,2,8,,8,8,1,22,9,121.526118,25.0415653
111,3,4,7,58,2,05中正區,中正區杭州南路1段與濟南路1段口,0,0,1,2,C03,8,1,5,50,4,1,1,5,4,5,7,1,1,10,4,5,2,16,1,36,2,9,1,1,7,9,1,10,2,14,,44,8,1,22,9,121.526118,25.0415653
111,3,4,8,28,2,09北投區,北投區承德路6段427號,0,0,2,1,C03,8,1,5,40,14,9,1,5,4,5,7,4,4,9,4,5,1,13,1,70,2,8,1,1,7,6,1,10,1,13,,9,9,1,22,9,121.511364,25.1080049
111,3,4,8,28,2,09北投區,北投區承德路6段427號,0,0,2,2,C03,8,1,5,40,14,9,1,5,4,5,7,4,4,9,4,5,1,13,2,24,2,9,1,1,7,9,1,10,1,11,,13,9,1,22,9,121.511364,25.1080049
111,3,4,8,30,2,09北投區,北投區石牌路1段166巷與致遠一路2段112巷口,0,0,2,1,C03,8,1,5,30,4,1,1,5,4,5,7,4,4,10,5,5,2,16,2,55,2,9,3,4,7,9,1,10,1,14,,43,43,1,22,9,121.5209896,25.12059513
111,3,4,8,30,2,09北投區,北投區石牌路1段166巷與致遠一路2段112巷口,0,0,2,2,C03,8,1,5,30,4,1,1,5,4,5,7,4,4,10,5,5,2,16,1,38,2,9,3,4,7,9,1,10,1,11,,43,43,1,22,9,121.5209896,25.12059513
111,3,4,8,34,2,02萬華區,萬華區忠孝橋往台北市機車道,0,0,2,1,C03,8,1,5,40,14,7,1,5,4,5,7,4,4,8,3,5,1,16,1,22,2,9,3,4,7,7,1,10,1,14,,7,7,1,22,9,121.5053476,25.0493129
111,3,4,8,34,2,02萬華區,萬華區忠孝橋往台北市機車道,0,0,2,2,C03,8,1,5,40,14,7,1,5,4,5,7,4,4,8,3,5,1,16,2,28,2,9,3,4,7,9,1,10,1,12,,44,7,1,22,9,121.5053476,25.0493129
111,3,4,8,35,2,01大同區,大同區台北橋機車道往東,0,0,1,1,C03,8,1,5,40,14,11,1,5,4,5,7,4,4,10,4,5,2,12,1,23,3,10,3,4,7,9,1,9,2,14,,43,43,1,22,9,121.5104832,25.0629994
111,3,4,8,35,2,01大同區,大同區台北橋機車道往東,0,0,1,2,C03,8,1,5,40,14,11,1,5,4,5,7,4,4,10,4,5,2,12,1,20,2,8,3,4,7,9,1,9,2,12,,43,43,1,22,9,121.5104832,25.0629994
111,3,4,8,45,2,12內湖區,內湖區內湖路1段136號前,0,0,1,1,C03,8,1,5,40,14,8,1,5,4,5,7,4,4,1,4,4,2,13,2,19,2,9,1,1,7,7,1,10,9,11,,23,23,1,22,9,121.5639176,25.08296189
111,3,4,8,45,2,12內湖區,內湖區內湖路1段136號前,0,0,1,2,A02,8,1,5,40,14,8,1,5,4,5,7,4,4,1,4,4,2,13,1,21,4,11,3,4,7,21,7,19,11,15,,44,23,1,22,9,121.5639176,25.08296189
111,3,4,8,50,2,03中山區,中山區建國北路3段113巷17號,0,0,1,1,B03,8,1,5,50,14,9,1,5,4,5,7,4,4,9,5,5,2,17,1,60,3,10,3,4,7,11,1,7,1,4,,10,10,1,22,9,121.5362807,25.06714714