發生年度,發生月,發生日,發生時-Hours,發生分,處理別-編號,區序,肇事地點,死亡人數,2-30日死亡人數,受傷人數,當事人序號,車種,天候,光線,道路類別,速限-速度限制,道路型態,事故位置,路面狀況1,路面狀況2,路面狀況3,道路障礙1,道路障礙2,號誌1,號誌2,車道劃分-分向,車道劃分-分道1,車道劃分-分道2,車道劃分-分道3,事故類型及型態,性別,年齡,受傷程度,主要傷處,安全帽,行動電話,車輛用途,當事者行動狀態,駕駛資格情形,駕駛執照種類,飲酒情形,車輛撞擊部位1,車輛撞擊部位2,肇因碼-個別,肇因碼-主要,個人肇逃否,職業,旅次目的,座標-X,座標-Y
111,3,4,8,50,2,03中山區,中山區建國北路3段113巷17號,0,0,1,2,C03,8,1,5,50,14,9,1,5,4,5,7,4,4,9,5,5,2,17,2,55,2,8,1,1,7,9,1,10,1,12,,44,10,1,22,9,121.5362807,25.06714714
111,3,4,8,50,2,11南港區,南港區南湖大橋下橋處(南向北),0,0,3,1,C03,8,1,5,50,8,8,1,5,4,5,7,1,1,2,4,4,1,12,1,80,2,9,1,1,7,9,1,10,2,11,,42,42,1,22,9,121.6124653,25.0625058
111,3,4,8,50,2,11南港區,南港區南湖大橋下橋處(南向北),0,0,3,2,C03,8,1,5,50,8,8,1,5,4,5,7,1,1,2,4,4,1,12,2,41,2,8,1,1,7,14,1,10,2,12,,44,42,1,22,9,121.6124653,25.0625058
111,3,4,8,50,2,11南港區,南港區南湖大橋下橋處(南向北),0,0,3,3,B03,8,1,5,50,8,8,1,5,4,5,7,1,1,2,4,4,1,12,1,59,3,10,1,1,7,14,1,8,2,6,,44,42,1,22,9,121.6124653,25.0625058
111,3,4,8,50,2,11南港區,南港區南湖大橋下橋處(南向北),0,0,3,4,C03,8,1,5,50,8,8,1,5,4,5,7,1,1,2,4,4,1,12,1,36,3,10,1,1,7,14,1,10,2,12,,44,42,1,22,9,121.6124653,25.0625058
111,3,4,8,50,2,11南港區,南港區南湖大橋下橋處(南向北),0,0,3,5,H02,8,1,5,50,8,8,1,5,4,5,7,1,1,2,4,4,1,12,2,37,2,8,1,1,7,21,8,20,10,15,,67,42,1,22,9,121.6124653,25.0625058
111,3,4,9,10,2,01大同區,大同區重慶北路1段與長安西路口,0,0,2,1,C03,8,1,5,50,4,1,1,5,4,5,7,2,1,5,4,5,2,16,1,20,2,7,1,1,7,5,1,10,1,14,,8,8,1,22,9,121.5138548,25.0516089
111,3,4,9,10,2,01大同區,大同區重慶北路1段與長安西路口,0,0,2,2,C03,8,1,5,50,4,1,1,5,4,5,7,2,1,5,4,5,2,16,1,51,2,9,1,1,7,9,1,10,1,12,,44,8,1,22,9,121.5138548,25.0516089
111,3,4,9,10,2,05中正區,中正區永福橋往北市下橋處,0,0,1,1,C03,8,1,5,50,14,9,1,5,4,5,7,4,4,5,4,5,2,13,2,54,2,9,1,1,7,9,1,10,2,11,,16,16,1,22,9,121.52938,25.01279604
111,3,4,9,10,2,05中正區,中正區永福橋往北市下橋處,0,0,1,2,B12,8,1,5,50,14,9,1,5,4,5,7,4,4,5,4,5,2,13,1,51,3,10,1,1,7,9,1,8,2,6,,44,16,1,22,9,121.52938,25.01279604
111,3,4,9,12,2,02萬華區,萬華區艋舺大道與艋舺大道口迴轉道,0,0,1,1,C03,8,1,5,30,3,2,1,5,4,5,7,4,4,1,4,5,2,12,1,67,2,9,1,1,7,5,1,10,1,12,,6,6,1,22,9,121.4913529,25.02844947
111,3,4,9,12,2,02萬華區,萬華區艋舺大道與艋舺大道口迴轉道,0,0,1,2,B03,8,1,5,30,3,2,1,5,4,5,7,4,4,1,4,5,2,12,1,43,3,10,1,1,7,9,1,8,1,8,,44,6,1,22,9,121.4913529,25.02844947
111,3,4,9,30,2,04大安區,大安區愛國東路216號,0,0,1,1,B03,8,1,5,50,14,9,1,5,4,5,7,2,1,10,5,5,2,12,1,58,3,10,1,1,7,9,1,8,1,2,,17,17,1,22,9,121.5239851,25.03204483
111,3,4,9,30,2,04大安區,大安區愛國東路216號,0,0,1,2,C03,8,1,5,50,14,9,1,5,4,5,7,2,1,10,5,5,2,12,1,71,2,8,1,1,7,9,1,10,1,13,,17,17,1,22,9,121.5239851,25.03204483
111,3,4,9,35,2,07信義區,信義區松隆路與永吉路225巷32弄口,0,0,1,2,F01,8,1,5,0,3,2,1,5,4,5,7,4,4,3,4,5,2,17,2,72,2,9,1,1,7,9,8,20,9,16,,4,43,1,22,9,121.5729696,25.04723045
111,3,4,9,35,2,07信義區,信義區松隆路與永吉路225巷32弄口,0,0,1,1,G06,8,1,5,0,3,2,1,5,4,5,7,4,4,3,4,5,2,17,4,,4,11,3,4,7,15,7,19,11,15,,43,43,2,22,9,121.5729696,25.04723045
111,3,4,9,38,2,01大同區,大同區南京西路41號,0,0,1,1,A02,8,1,5,50,14,8,1,5,4,5,7,4,4,1,4,4,2,9,1,57,3,10,1,1,7,14,1,2,1,15,,43,43,2,22,9,121.5200755,25.05276159
111,3,4,9,38,2,01大同區,大同區南京西路41號,0,0,1,2,H02,8,1,5,50,14,8,1,5,4,5,7,4,4,1,4,4,2,9,2,72,2,6,4,5,7,20,8,20,10,16,,67,43,1,22,9,121.5200755,25.05276159
111,3,4,9,40,2,10文山區,文山區木柵路4段24-1號,0,0,1,1,C03,8,1,5,50,14,9,1,5,4,5,7,4,4,5,4,5,2,13,2,29,2,9,1,1,7,9,1,10,2,11,,23,23,1,22,9,121.5731704,24.99685077
111,3,4,9,40,2,10文山區,文山區木柵路4段24-1號,0,0,1,2,B03,8,1,5,50,14,9,1,5,4,5,7,4,4,5,4,5,2,13,1,32,3,10,1,1,7,14,1,8,2,3,,44,23,1,22,9,121.5731704,24.99685077
111,3,4,9,49,2,12內湖區,內湖區洲子街與瑞光路393巷口,0,0,1,1,B03,8,1,5,30,4,1,1,5,4,5,7,2,1,5,4,5,2,11,1,51,3,10,1,1,7,5,1,8,2,5,,6,6,1,22,9,121.5735532,25.07903904
111,3,4,9,49,2,12內湖區,內湖區洲子街與瑞光路393巷口,0,0,1,2,C03,8,1,5,30,4,1,1,5,4,5,7,2,1,5,4,5,2,11,1,36,2,9,1,1,7,9,1,10,2,11,,13,6,1,22,9,121.5735532,25.07903904
111,3,4,10,13,2,03中山區,中山區明水路與樂群一路口側附近口,0,0,1,1,C03,8,1,5,50,3,1,1,5,4,5,7,1,1,1,4,5,2,13,1,20,2,8,3,4,7,9,1,10,1,11,,23,23,1,22,9,121.5508858,25.07725446
111,3,4,10,13,2,03中山區,中山區明水路與樂群一路口側附近口,0,0,1,2,B03,8,1,5,50,3,1,1,5,4,5,7,1,1,1,4,5,2,13,1,43,3,10,3,4,7,14,1,8,1,3,,44,23,1,22,9,121.5508858,25.07725446
111,3,4,10,15,2,12內湖區,內湖區環山路1段與文湖街口,0,0,1,1,A02,8,1,5,50,14,7,1,5,4,5,7,4,4,5,5,4,2,13,1,44,3,10,1,1,7,9,1,2,1,1,,16,16,1,22,9,121.5658972,25.08635502
111,3,4,10,15,2,12內湖區,內湖區環山路1段與文湖街口,0,0,1,2,B01,8,1,5,50,14,7,1,5,4,5,7,4,4,5,5,4,2,13,1,57,3,10,1,1,7,14,1,4,1,3,,44,16,1,22,9,121.5658972,25.08635502
111,3,4,10,15,2,12內湖區,內湖區環山路1段與文湖街口,0,0,1,3,C03,8,1,5,50,14,7,1,5,4,5,7,4,4,5,5,4,2,13,2,18,3,10,2,1,7,11,1,10,1,15,,10,16,1,22,9,121.5658972,25.08635502
111,3,4,10,15,2,12內湖區,內湖區環山路1段與文湖街口,0,0,1,4,H02,8,1,5,50,14,7,1,5,4,5,7,4,4,5,5,4,2,13,2,31,2,2,1,5,7,21,8,20,10,16,,67,16,1,22,9,121.5658972,25.08635502
111,3,4,10,35,2,03中山區,中山區民族東路與德惠街167巷口,0,0,1,1,B03,8,1,5,50,3,2,1,5,4,5,7,4,4,3,4,5,2,16,1,62,3,10,1,1,7,6,1,8,1,2,,9,9,1,22,9,121.5317972,25.06817539
111,3,4,10,35,2,03中山區,中山區民族東路與德惠街167巷口,0,0,1,2,C03,8,1,5,50,3,2,1,5,4,5,7,4,4,3,4,5,2,16,1,65,2,9,1,1,7,9,1,10,1,14,,44,9,1,22,9,121.5317972,25.06817539
111,3,4,10,40,2,06松山區,松山區塔悠路103號,0,0,1,1,B03,8,1,5,50,3,1,1,5,4,5,7,4,4,1,4,5,2,3,1,54,3,10,1,1,7,5,1,8,2,1,,23,23,1,22,9,121.5700744,25.05392717
111,3,4,10,40,2,06松山區,松山區塔悠路103號,0,0,1,2,H01,8,1,5,50,3,1,1,5,4,5,7,4,4,1,4,5,2,3,2,81,2,9,4,5,8,16,8,20,10,16,,67,23,1,22,9,121.5700744,25.05392717
111,3,4,11,2,2,10文山區,文山區木柵路4段14號前,0,0,1,1,C03,8,1,5,50,11,9,1,5,4,4,7,4,4,10,4,5,2,17,1,34,2,9,1,1,7,9,1,10,2,12,,23,23,1,22,9,121.571914,24.99559333
111,3,4,11,2,2,10文山區,文山區木柵路4段14號前,0,0,1,2,B12,8,1,5,50,11,9,1,5,4,4,7,4,4,10,4,5,2,17,1,42,3,10,1,1,7,1,1,8,9,15,,30,23,1,22,9,121.571914,24.99559333
111,3,4,11,14,2,02萬華區,萬華區桂林路228巷與桂林路228巷32弄口,0,0,2,1,C03,8,1,5,30,3,2,1,5,4,5,7,4,4,10,5,5,2,16,1,68,2,9,1,1,7,5,1,10,2,11,,6,6,1,22,9,121.4957076,25.03781922
111,3,4,11,14,2,02萬華區,萬華區桂林路228巷與桂林路228巷32弄口,0,0,2,2,C03,8,1,5,30,3,2,1,5,4,5,7,4,4,10,5,5,2,16,1,30,2,9,1,1,7,9,1,10,2,11,,14,6,1,22,9,121.4957076,25.03781922
111,3,4,11,25,2,03中山區,中山區民生東路1段40號,0,0,1,1,A02,8,1,5,50,14,9,1,5,4,5,7,4,4,5,4,5,2,17,1,60,3,10,1,1,7,12,1,2,1,15,,23,23,1,22,9,121.524427,25.05804601
111,3,4,11,25,2,03中山區,中山區民生東路1段40號,0,0,1,2,B03,8,1,5,50,14,9,1,5,4,5,7,4,4,5,4,5,2,17,1,61,3,10,1,1,7,15,1,8,1,15,,44,23,1,22,9,121.524427,25.05804601
111,3,4,11,25,2,03中山區,中山區民生東路1段40號,0,0,1,3,H02,8,1,5,50,14,9,1,5,4,5,7,4,4,5,4,5,2,17,2,72,2,9,4,5,7,21,8,20,10,16,,67,23,1,22,9,121.524427,25.05804601
111,3,4,11,25,2,03中山區,中山區民生東路1段40號,0,0,1,4,B01,8,1,5,50,14,9,1,5,4,5,7,4,4,5,4,5,2,17,1,52,3,10,1,1,7,14,1,4,9,15,,38,23,1,22,9,121.524427,25.05804601
111,3,4,11,28,2,04大安區,大安區光復南路116巷與光復南路116巷口與廢鐵道,0,0,1,1,B01,8,1,5,30,14,9,1,5,4,5,7,4,4,10,4,5,2,16,1,58,3,10,1,1,7,1,1,4,1,1,,19,19,1,22,9,121.5563206,25.04303045
111,3,4,11,28,2,04大安區,大安區光復南路116巷與光復南路116巷口與廢鐵道,0,0,1,2,C03,8,1,5,30,14,9,1,5,4,5,7,4,4,10,4,5,2,16,1,48,2,9,1,1,7,9,1,10,1,12,,44,19,1,22,9,121.5563206,25.04303045
111,3,4,11,45,2,03中山區,中山區民權東路2段71巷與吉林路315巷口,0,0,1,1,C03,8,1,5,50,5,1,1,5,4,5,7,4,4,5,4,5,2,16,2,49,3,10,1,4,7,5,1,10,1,14,,8,8,1,22,9,121.5316984,25.06347454
111,3,4,11,45,2,03中山區,中山區民權東路2段71巷與吉林路315巷口,0,0,1,2,C04,8,1,5,50,5,1,1,5,4,5,7,4,4,5,4,5,2,16,2,25,2,9,1,4,7,9,1,10,1,11,,44,8,1,22,9,121.5316984,25.06347454
111,3,4,12,1,2,08士林區,士林區華岡路47巷2號,0,0,1,1,B12,8,1,5,30,14,9,1,5,4,5,7,4,4,10,5,5,1,2,4,,4,11,3,4,7,15,7,19,11,15,,43,43,2,22,9,121.5416049,25.13775237
111,3,4,12,1,2,08士林區,士林區華岡路47巷2號,0,0,1,2,H01,8,1,5,30,14,9,1,5,4,5,7,4,4,10,5,5,1,2,1,19,2,7,4,5,8,16,8,20,10,16,,67,43,1,22,9,121.5416049,25.13775237
111,3,4,12,10,2,11南港區,南港區福德街391號,0,0,1,1,C03,8,1,5,30,14,9,1,5,4,5,5,4,4,9,5,5,2,16,1,19,3,10,3,4,7,1,1,10,2,11,,19,19,1,22,9,121.5917825,25.04083335
111,3,4,12,10,2,11南港區,南港區福德街391號,0,0,1,2,C03,8,1,5,30,14,9,1,5,4,5,5,4,4,9,5,5,2,16,2,56,2,9,3,4,7,9,1,10,2,12,,44,19,1,22,9,121.5917825,25.04083335
111,3,4,12,30,2,01大同區,大同區延平北路2段與民權西路口,0,0,1,1,C03,8,1,5,40,4,1,1,5,4,5,7,1,1,1,2,5,2,17,1,59,3,10,1,1,7,8,6,10,2,13,,7,7,1,22,9,121.5112205,25.0627882
111,3,4,12,30,2,01大同區,大同區延平北路2段與民權西路口,0,0,1,2,C03,8,1,5,40,4,1,1,5,4,5,7,1,1,1,2,5,2,17,1,62,2,9,1,1,7,9,1,10,2,11,,26,7,1,22,9,121.5112205,25.0627882
111,3,4,12,31,2,09北投區,北投區大度路1段與大業路口,0,0,1,1,C03,8,1,5,50,5,1,1,5,4,5,7,1,1,5,5,5,2,16,1,19,2,9,1,1,7,6,1,10,1,11,,25,25,1,22,9,121.4995586,25.12098901
111,3,4,12,31,2,09北投區,北投區大度路1段與大業路口,0,0,1,2,B03,8,1,5,50,5,1,1,5,4,5,7,1,1,5,5,5,2,16,2,52,3,10,1,1,7,9,1,8,1,5,,44,25,1,22,9,121.4995586,25.12098901
111,3,4,12,37,2,05中正區,中正區和平西路2段37號,0,0,1,1,C03,8,1,5,50,14,9,1,5,4,5,7,4,4,3,4,5,2,13,1,58,2,9,1,1,7,9,1,10,2,15,,16,16,1,22,9,121.5128928,25.02865643
111,3,4,12,37,2,05中正區,中正區和平西路2段37號,0,0,1,2,B02,8,1,5,50,14,9,1,5,4,5,7,4,4,3,4,5,2,13,1,40,3,10,1,1,7,12,1,8,2,3,,44,16,1,22,9,121.5128928,25.02865643
111,3,4,12,37,2,05中正區,中正區和平西路2段37號,0,0,1,3,H02,8,1,5,50,14,9,1,5,4,5,7,4,4,3,4,5,2,13,2,47,4,11,1,5,7,20,8,20,10,16,,67,16,1,22,9,121.5128928,25.02865643
111,3,4,13,0,2,03中山區,中山區北安路588巷與北安路578巷8弄口,0,0,1,1,C04,8,1,5,30,4,1,1,5,4,5,7,4,4,5,4,5,2,15,2,24,2,8,1,4,7,9,1,10,1,12,,6,6,1,22,9,121.54915,25.0810788
111,3,4,13,0,2,03中山區,中山區北安路588巷與北安路578巷8弄口,0,0,1,2,B02,8,1,5,30,4,1,1,5,4,5,7,4,4,5,4,5,2,15,1,47,3,10,3,4,7,9,1,8,1,1,,23,6,1,22,9,121.54915,25.0810788
111,3,4,13,8,2,04大安區,大安區基隆路2段329號,0,0,1,1,C03,8,1,5,50,14,9,1,5,4,5,7,4,4,1,4,5,2,13,1,33,2,9,1,1,7,9,1,10,1,11,,16,16,1,22,9,121.5488911,25.0207925
111,3,4,13,8,2,04大安區,大安區基隆路2段329號,0,0,1,2,B02,8,1,5,50,14,9,1,5,4,5,7,4,4,1,4,5,2,13,1,46,3,10,1,1,7,9,1,8,1,3,,44,16,1,22,9,121.5488911,25.0207925
111,3,4,13,23,2,05中正區,中正區臨沂街69巷與臨沂街口,0,0,1,1,C04,8,1,5,30,5,1,1,5,4,5,7,4,4,10,5,5,2,15,1,49,2,8,1,1,7,9,1,10,2,11,,6,6,1,22,9,121.5282098,25.03578123
111,3,4,13,23,2,05中正區,中正區臨沂街69巷與臨沂街口,0,0,1,2,B12,8,1,5,30,5,1,1,5,4,5,7,4,4,10,5,5,2,15,1,50,3,10,1,1,7,9,1,8,2,7,,44,6,1,22,9,121.5282098,25.03578123
111,3,4,13,24,2,03中山區,中山區民權東路2段186號,0,0,1,1,B02,8,1,5,50,14,9,1,5,4,5,7,4,4,3,4,5,2,12,1,50,3,10,1,1,7,8,1,8,2,2,,7,7,1,22,9,121.5359396,25.06229893
111,3,4,13,24,2,03中山區,中山區民權東路2段186號,0,0,1,2,C03,8,1,5,50,14,9,1,5,4,5,7,4,4,3,4,5,2,12,1,21,2,7,1,1,7,9,1,10,2,14,,13,7,1,22,9,121.5359396,25.06229893
111,3,4,13,24,2,03中山區,中山區民權東路2段186號,0,0,1,3,B03,8,1,5,50,14,9,1,5,4,5,7,4,4,3,4,5,2,12,1,43,3,10,1,1,7,9,1,8,2,4,,44,7,1,22,9,121.5359396,25.06229893
111,3,4,13,26,2,07信義區,信義區松山路與虎林街121巷口,0,0,1,1,B12,8,1,5,50,3,2,1,5,4,5,7,4,4,10,4,5,2,16,1,52,3,10,1,1,7,6,1,8,2,5,,44,44,1,22,9,121.5777508,25.04028959
111,3,4,13,26,2,07信義區,信義區松山路與虎林街121巷口,0,0,1,2,C03,8,1,5,50,3,2,1,5,4,5,7,4,4,10,4,5,2,16,1,19,2,9,1,1,7,9,1,10,2,14,,44,44,1,22,9,121.5777508,25.04028959
111,3,4,13,33,2,01大同區,大同區重慶北路2段156號,0,0,1,1,B03,8,1,5,50,14,9,1,5,4,5,7,4,4,1,4,5,2,16,1,47,3,10,3,4,7,6,6,18,1,5,,9,9,1,22,9,121.5135332,25.05878824
111,3,4,13,33,2,01大同區,大同區重慶北路2段156號,0,0,1,2,C03,8,1,5,50,14,9,1,5,4,5,7,4,4,1,4,5,2,16,2,32,2,9,3,4,7,8,1,10,1,11,,23,9,1,22,9,121.5135332,25.05878824
111,3,4,13,35,2,08士林區,士林區中山北路5段510號,0,0,1,1,B03,8,1,5,50,14,9,1,5,4,5,7,4,4,1,5,5,1,16,1,34,3,10,1,1,7,8,1,8,2,2,,7,7,1,22,9,121.5280289,25.09313234
111,3,4,13,35,2,08士林區,士林區中山北路5段510號,0,0,1,2,C03,8,1,5,50,14,9,1,5,4,5,7,4,4,1,5,5,1,16,1,50,2,9,1,1,7,9,1,10,2,14,,44,7,1,22,9,121.5280289,25.09313234
111,3,4,14,30,2,11南港區,南港區南港路1段與東南街口,0,0,1,1,B03,8,1,5,50,4,1,1,5,4,5,7,2,1,5,3,5,2,16,1,19,3,10,3,4,7,5,1,10,1,2,,6,6,1,22,9,121.6124758,25.05535445
111,3,4,14,30,2,11南港區,南港區南港路1段與東南街口,0,0,1,2,C03,8,1,5,50,4,1,1,5,4,5,7,2,1,5,3,5,2,16,2,20,2,9,1,1,7,9,1,10,1,11,,13,6,1,22,9,121.6124758,25.05535445
111,3,4,14,35,2,08士林區,士林區中正路601號,0,0,3,1,C03,8,1,5,50,15,9,1,5,4,5,7,4,4,7,4,5,1,17,1,20,2,8,1,1,7,9,1,10,2,11,,16,16,1,21,8,121.5098701,25.08671432
111,3,4,14,35,2,08士林區,士林區中正路601號,0,0,3,2,C03,8,1,5,50,15,9,1,5,4,5,7,4,4,7,4,5,1,17,1,80,2,9,1,1,7,9,1,10,2,12,,44,16,1,21,8,121.5098701,25.08671432
111,3,4,14,35,2,08士林區,士林區中正路601號,0,0,3,3,C03,8,1,5,50,15,9,1,5,4,5,7,4,4,7,4,5,1,17,2,32,2,9,1,1,7,12,1,10,2,13,,44,16,1,21,8,121.5098701,25.08671432
111,3,4,14,40,2,06松山區,松山區富錦街91號,0,0,1,1,C03,8,1,5,30,11,9,1,5,4,5,7,4,4,9,4,5,1,11,2,18,3,10,1,1,7,9,1,10,2,11,,23,23,1,22,9,121.5521656,25.05982952
111,3,4,14,40,2,06松山區,松山區富錦街91號,0,0,1,2,F01,8,1,5,30,11,9,1,5,4,5,7,4,4,9,4,5,1,11,2,73,2,9,1,1,7,9,8,20,10,16,,4,23,1,22,9,121.5521656,25.05982952
111,3,4,14,45,2,12內湖區,內湖區成功路4段58號與成功路4段口,0,0,1,1,B01,8,1,5,50,3,2,1,5,4,5,7,4,4,1,4,5,2,16,1,58,3,10,1,1,7,9,1,4,1,2,,44,44,1,22,9,121.5926061,25.08236685
111,3,4,14,45,2,12內湖區,內湖區成功路4段58號與成功路4段口,0,0,1,2,C03,8,1,5,50,3,2,1,5,4,5,7,4,4,1,4,5,2,16,1,70,2,9,1,1,7,6,1,10,1,14,,6,44,1,22,9,121.5926061,25.08236685
111,3,4,14,50,2,09北投區,北投區中央北路1段1號,0,0,1,1,C03,8,1,5,50,15,9,1,5,4,5,7,3,1,4,1,5,2,18,1,20,2,9,2,1,7,9,1,10,2,12,,42,42,1,22,9,121.5015868,25.13324456
111,3,4,14,50,2,09北投區,北投區中央北路1段1號,0,0,1,2,,8,1,5,50,15,9,1,5,4,5,7,3,1,4,1,5,2,18,3,,,,,,,,,,,,,61,42,,,,121.5015868,25.13324456
111,3,4,14,51,2,06松山區,松山區復興北路55號,0,0,1,1,C03,8,1,5,50,14,9,1,5,4,5,7,4,4,1,3,5,2,17,2,47,2,8,1,1,7,9,1,10,1,14,,43,43,1,22,9,121.5441091,25.05047733
111,3,4,14,51,2,06松山區,松山區復興北路55號,0,0,1,2,B03,8,1,5,50,14,9,1,5,4,5,7,4,4,1,3,5,2,17,1,26,3,10,1,1,7,9,1,8,1,5,,43,43,1,22,9,121.5441091,25.05047733
111,3,4,15,0,2,10文山區,文山區木柵路2段與木柵路2段161巷口,0,0,3,1,C03,8,1,5,50,4,1,1,5,4,5,7,1,1,5,4,5,2,16,2,19,2,7,1,1,7,5,1,10,1,12,,8,8,1,22,9,121.563121,24.9890092
111,3,4,15,0,2,10文山區,文山區木柵路2段與木柵路2段161巷口,0,0,3,2,C03,8,1,5,50,4,1,1,5,4,5,7,1,1,5,4,5,2,16,1,66,2,9,1,1,7,9,1,10,1,11,,44,8,1,22,9,121.563121,24.9890092
111,3,4,15,0,2,10文山區,文山區木柵路2段與木柵路2段161巷口,0,0,3,3,H02,8,1,5,50,4,1,1,5,4,5,7,1,1,5,4,5,2,16,2,63,2,9,1,1,7,21,8,20,10,16,,67,8,1,22,9,121.563121,24.9890092
111,3,4,15,5,2,03中山區,中山區中山北路2段59巷29弄與林森北路口,0,0,1,1,C03,8,1,5,30,4,2,1,5,4,5,7,4,4,10,5,5,2,15,2,46,3,10,1,1,7,9,3,18,1,13,,14,14,1,22,9,121.5253964,25.05544218
111,3,4,15,5,2,03中山區,中山區中山北路2段59巷29弄與林森北路口,0,0,1,2,F01,8,1,5,30,4,2,1,5,4,5,7,4,4,10,5,5,2,15,2,65,2,9,1,1,7,11,8,20,1,16,,11,14,1,22,9,121.5253964,25.05544218
111,3,4,15,5,2,08士林區,士林區仰德大道3段與永公路口,0,0,1,1,C03,8,1,5,40,3,2,1,5,4,5,7,1,1,4,5,5,2,17,1,22,3,10,1,1,7,9,1,10,1,11,,23,23,1,22,9,121.5500684,25.113156
111,3,4,15,5,2,08士林區,士林區仰德大道3段與永公路口,0,0,1,2,C03,8,1,5,40,3,2,1,5,4,5,7,1,1,4,5,5,2,17,2,21,2,9,1,1,7,9,1,10,1,13,,44,23,1,22,9,121.5500684,25.113156
111,3,4,15,10,2,05中正區,中正區愛國東路48號,0,0,1,1,B03,8,1,5,40,14,8,1,5,4,5,7,4,4,1,3,4,1,16,1,30,3,10,1,1,7,14,1,8,2,7,,26,26,1,22,9,121.5185096,25.0338907
111,3,4,15,10,2,05中正區,中正區愛國東路48號,0,0,1,2,C03,8,1,5,40,14,8,1,5,4,5,7,4,4,1,3,4,1,16,1,20,2,9,1,1,7,8,3,18,2,12,,23,26,1,22,9,121.5185096,25.0338907
111,3,4,15,22,2,04大安區,大安區復興南路1段與東豐街口,0,0,1,1,C03,8,1,5,50,5,1,1,5,4,5,7,1,1,8,3,5,2,12,1,20,2,7,1,1,7,9,1,8,1,12,,43,43,1,22,9,121.5437756,25.03602842
111,3,4,15,22,2,04大安區,大安區復興南路1段與東豐街口,0,0,1,2,B01,8,1,5,50,5,1,1,5,4,5,7,1,1,8,3,5,2,12,1,59,3,10,1,1,7,9,1,8,1,7,,43,43,1,22,9,121.5437756,25.03602842
111,3,4,15,41,2,03中山區,中山區敬業三路與植福路口,0,0,1,1,B12,8,1,5,50,4,1,1,5,4,5,7,2,1,1,4,5,2,16,1,39,3,10,3,4,7,11,1,4,1,2,,10,10,1,22,9,121.5562974,25.083813
111,3,4,15,41,2,03中山區,中山區敬業三路與植福路口,0,0,1,2,C03,8,1,5,50,4,1,1,5,4,5,7,2,1,1,4,5,2,16,1,20,2,8,1,4,7,9,1,10,1,11,,44,10,1,22,9,121.5562974,25.083813
111,3,4,15,45,2,09北投區,北投區中央北路4段264-1號與無名巷口,0,0,1,1,B03,8,1,5,50,3,1,1,5,4,5,7,4,4,4,4,5,2,16,2,42,3,10,1,1,7,5,1,8,1,5,,6,6,1,22,9,121.4738536,25.13174195
111,3,4,15,45,2,09北投區,北投區中央北路4段264-1號與無名巷口,0,0,1,2,C03,8,1,5,50,3,1,1,5,4,5,7,4,4,4,4,5,2,16,1,35,2,9,1,1,7,9,1,10,1,14,,13,6,1,22,9,121.4738536,25.13174195
111,3,4,16,8,2,10文山區,文山區景華街與景華街216巷口,0,0,1,1,B01,7,1,5,30,3,1,1,5,4,5,7,4,4,10,5,5,2,17,1,41,3,10,1,1,7,5,1,4,11,8,,6,6,1,22,9,121.5474939,24.99896374
111,3,4,16,8,2,10文山區,文山區景華街與景華街216巷口,0,0,1,2,F01,7,1,5,30,3,1,1,5,4,5,7,4,4,10,5,5,2,17,2,51,2,9,1,1,7,9,8,20,11,16,,44,6,1,22,9,121.5474939,24.99896374
111,3,4,16,29,2,04大安區,大安區敦化南路2段10號,0,0,1,1,C03,8,1,5,50,14,9,1,5,4,5,7,4,4,8,3,5,1,12,2,73,2,8,1,1,7,7,1,10,1,14,,7,7,1,22,9,121.5485472,25.03276521
111,3,4,16,29,2,04大安區,大安區敦化南路2段10號,0,0,1,2,B03,8,1,5,50,14,9,1,5,4,5,7,4,4,8,3,5,1,12,1,63,3,10,1,1,7,9,1,8,1,2,,44,7,1,22,9,121.5485472,25.03276521
111,3,4,16,52,2,02萬華區,萬華區內江街與昆明街口,0,0,2,1,C03,8,1,5,50,4,2,1,5,4,5,7,2,1,10,4,5,2,16,2,24,2,8,1,4,7,5,1,10,1,14,,8,8,1,22,9,121.50468,25.04154294
111,3,4,16,52,2,02萬華區,萬華區內江街與昆明街口,0,0,2,2,C03,8,1,5,50,4,2,1,5,4,5,7,2,1,10,4,5,2,16,2,47,2,7,1,4,7,9,1,10,1,11,,44,8,1,22,9,121.50468,25.04154294
111,3,4,16,56,2,07信義區,信義區松仁路與松平路口,0,0,1,1,B03,8,1,5,50,4,1,1,5,4,5,7,2,1,5,4,5,2,16,2,53,3,10,1,1,7,5,1,8,1,5,,8,8,1,22,9,121.5683193,25.0304206
111,3,4,16,56,2,07信義區,信義區松仁路與松平路口,0,0,1,2,C03,8,1,5,50,4,1,1,5,4,5,7,2,1,5,4,5,2,16,1,35,2,9,1,1,7,9,1,10,1,11,,23,8,1,22,9,121.5683193,25.0304206
111,3,4,17,0,2,05中正區,中正區牯嶺街與廈門街81巷口,0,0,1,2,C03,8,1,5,30,4,1,1,5,4,5,7,3,1,10,5,5,2,16,1,21,2,8,1,1,7,9,1,10,9,12,,13,8,1,22,9,121.5190337,25.0244143
111,3,4,17,0,2,05中正區,中正區牯嶺街與廈門街81巷口,0,0,1,1,B03,8,1,5,30,4,1,1,5,4,5,7,3,1,10,5,5,2,16,2,52,3,10,1,1,7,5,1,8,9,8,,8,8,1,22,9,121.5190337,25.0244143