發生年度,發生月,發生日,發生時-Hours,發生分,處理別-編號,區序,肇事地點,死亡人數,2-30日死亡人數,受傷人數,當事人序號,車種,天候,光線,道路類別,速限-速度限制,道路型態,事故位置,路面狀況1,路面狀況2,路面狀況3,道路障礙1,道路障礙2,號誌1,號誌2,車道劃分-分向,車道劃分-分道1,車道劃分-分道2,車道劃分-分道3,事故類型及型態,性別,年齡,受傷程度,主要傷處,安全帽,行動電話,車輛用途,當事者行動狀態,駕駛資格情形,駕駛執照種類,飲酒情形,車輛撞擊部位1,車輛撞擊部位2,肇因碼-個別,肇因碼-主要,個人肇逃否,職業,旅次目的,座標-X,座標-Y
111,3,4,17,1,2,03中山區,中山區大佳河濱公園迎風足球場旁,0,0,2,1,F01,8,2,5,50,14,9,1,5,4,5,7,4,4,10,5,5,2,17,2,22,2,7,1,1,7,5,8,20,1,16,,8,8,1,22,9,121.5516248,25.07373571
111,3,4,17,1,2,03中山區,中山區大佳河濱公園迎風足球場旁,0,0,2,2,F01,8,2,5,50,14,9,1,5,4,5,7,4,4,10,5,5,2,17,1,32,2,5,1,1,7,9,8,20,1,16,,44,8,1,22,9,121.5516248,25.07373571
111,3,4,17,14,2,05中正區,中正區中山南路與徐州路口,0,0,2,1,C03,8,1,5,50,4,1,1,5,4,5,7,1,1,1,4,1,2,16,1,32,2,9,1,1,7,9,1,10,2,12,,44,44,1,22,9,121.5186331,25.04188718
111,3,4,17,14,2,05中正區,中正區中山南路與徐州路口,0,0,2,2,B01,8,1,5,50,4,1,1,5,4,5,7,1,1,1,4,1,2,16,1,62,2,8,1,1,7,9,1,4,2,1,,25,44,1,22,9,121.5186331,25.04188718
111,3,4,17,27,2,08士林區,士林區中山北路4段與通河街口,0,0,2,1,C03,8,1,5,50,3,1,1,5,4,5,7,2,1,2,4,5,2,12,1,21,2,7,3,4,7,6,1,10,1,12,,9,9,1,22,9,121.5243235,25.0798494
111,3,4,17,27,2,08士林區,士林區中山北路4段與通河街口,0,0,2,2,C03,8,1,5,50,3,1,1,5,4,5,7,2,1,2,4,5,2,12,1,18,3,10,3,4,7,9,1,10,1,14,,23,9,1,22,9,121.5243235,25.0798494
111,3,4,17,27,2,08士林區,士林區中山北路4段與通河街口,0,0,2,3,H02,8,1,5,50,3,1,1,5,4,5,7,2,1,2,4,5,2,12,2,18,2,8,4,5,7,17,8,20,10,16,,67,9,1,22,9,121.5243235,25.0798494
111,3,4,17,30,2,06松山區,松山區民生東路3段與敦化北路口,0,0,1,1,B03,8,3,5,50,4,1,1,5,4,5,7,1,1,1,4,4,2,12,1,49,3,10,1,1,7,8,1,8,1,6,,7,7,1,22,9,121.5487913,25.05761704
111,3,4,17,30,2,06松山區,松山區民生東路3段與敦化北路口,0,0,1,2,C03,8,3,5,50,4,1,1,5,4,5,7,1,1,1,4,4,2,12,1,32,2,9,1,1,7,9,1,10,1,14,,44,7,1,22,9,121.5487913,25.05761704
111,3,4,17,32,2,09北投區,北投區中央南路1段與大興街口,0,0,1,1,B01,7,1,5,50,4,2,1,5,4,5,7,2,1,5,5,5,2,3,1,66,3,10,1,1,7,6,1,4,1,1,,15,15,1,22,9,121.5010806,25.13062077
111,3,4,17,32,2,09北投區,北投區中央南路1段與大興街口,0,0,1,2,H01,7,1,5,50,4,2,1,5,4,5,7,2,1,5,5,5,2,3,1,83,2,9,1,1,8,16,8,20,10,16,,67,15,1,22,9,121.5010806,25.13062077
111,3,4,17,38,2,09北投區,北投區中山北路7段219巷3弄173號,0,0,2,1,C03,8,1,5,30,14,9,1,5,4,5,7,4,4,10,5,5,2,16,1,26,2,8,1,1,7,11,1,9,2,11,,10,10,1,22,9,121.5309243,25.12875594
111,3,4,17,38,2,09北投區,北投區中山北路7段219巷3弄173號,0,0,2,2,C03,8,1,5,30,14,9,1,5,4,5,7,4,4,10,5,5,2,16,1,61,2,9,1,1,7,9,1,10,2,11,,23,10,1,22,9,121.5309243,25.12875594
111,3,4,17,41,2,10文山區,文山區木柵路4段與木柵路4段149巷口,0,0,2,1,C03,8,3,5,30,3,2,1,5,4,5,6,4,4,10,5,5,2,16,1,60,2,7,1,1,7,5,1,10,2,11,,6,6,1,22,9,121.5754382,24.9992316
111,3,4,17,41,2,10文山區,文山區木柵路4段與木柵路4段149巷口,0,0,2,2,C03,8,3,5,30,3,2,1,5,4,5,6,4,4,10,5,5,2,16,2,22,2,7,1,1,7,9,1,10,2,11,,44,6,1,22,9,121.5754382,24.9992316
111,3,4,17,46,2,03中山區,中山區敬業二路與敬業二路69巷口,0,0,2,1,B03,8,1,5,30,3,1,1,5,4,4,6,4,4,5,4,5,2,16,2,45,2,9,3,4,7,1,1,8,2,5,,19,19,1,22,9,121.554354,25.08194091
111,3,4,17,46,2,03中山區,中山區敬業二路與敬業二路69巷口,0,0,2,2,B03,8,1,5,30,3,1,1,5,4,4,6,4,4,5,4,5,2,16,2,51,2,2,3,4,7,9,1,8,2,8,,44,19,1,22,9,121.554354,25.08194091
111,3,4,17,54,2,04大安區,大安區基隆路3段與長興街口,0,0,1,1,B12,8,1,5,50,4,1,1,5,4,5,7,1,1,10,5,5,2,13,1,37,3,10,1,1,7,5,1,8,1,8,,16,16,1,22,9,121.5442182,25.0172831
111,3,4,17,54,2,04大安區,大安區基隆路3段與長興街口,0,0,1,2,C03,8,1,5,50,4,1,1,5,4,5,7,1,1,10,5,5,2,13,1,50,2,7,1,1,7,5,1,10,1,13,,44,16,1,22,9,121.5442182,25.0172831
111,3,4,17,55,2,03中山區,中山區長春路15號,0,0,2,1,H01,8,1,5,40,14,8,1,5,4,5,7,4,4,9,5,4,2,3,2,54,2,9,4,5,8,18,8,20,10,16,,51,51,1,22,9,121.5237746,25.0550794
111,3,4,17,55,2,03中山區,中山區長春路15號,0,0,2,2,C03,8,1,5,40,14,8,1,5,4,5,7,4,4,9,5,4,2,3,2,57,2,9,1,1,7,9,1,10,1,11,,44,51,1,22,9,121.5237746,25.0550794
111,3,4,18,8,2,11南港區,南港區重陽路與重陽路57巷口口,0,0,2,1,B03,8,1,5,50,3,1,1,5,4,5,7,4,4,5,5,5,2,13,1,43,3,10,1,1,7,6,1,8,1,5,,16,16,1,22,9,121.5964986,25.055519
111,3,4,18,8,2,11南港區,南港區重陽路與重陽路57巷口口,0,0,2,2,C03,8,1,5,50,3,1,1,5,4,5,7,4,4,5,5,5,2,13,2,30,2,9,1,1,7,6,1,10,1,13,,44,16,1,22,9,121.5964986,25.055519
111,3,4,18,8,2,11南港區,南港區重陽路與重陽路57巷口口,0,0,2,3,C03,8,1,5,50,3,1,1,5,4,5,7,4,4,5,5,5,2,13,1,66,3,10,3,4,7,15,1,10,9,13,,44,16,1,22,9,121.5964986,25.055519
111,3,4,18,8,2,11南港區,南港區重陽路與重陽路57巷口口,0,0,2,4,H02,8,1,5,50,3,1,1,5,4,5,7,4,4,5,5,5,2,13,2,26,2,7,4,5,7,20,8,20,10,16,,67,16,1,22,9,121.5964986,25.055519
111,3,4,18,40,2,07信義區,信義區松壽路1號,0,0,1,1,C03,8,3,5,50,14,9,1,5,4,5,7,4,4,5,4,5,2,29,2,31,2,9,1,1,7,12,1,10,1,14,,43,43,1,22,9,121.5632437,25.035976
111,3,4,18,40,2,07信義區,信義區松壽路1號,0,0,1,2,,8,3,5,50,14,9,1,5,4,5,7,4,4,5,4,5,2,29,3,,,,,,,,,,,,,67,43,1,,,121.5632437,25.035976
111,3,4,19,0,2,03中山區,中山區民權西路與民權西路10巷口,0,0,1,1,B01,8,3,5,50,3,2,1,5,4,5,7,4,4,1,4,5,2,12,1,32,3,10,1,1,7,8,1,4,1,5,,7,7,1,22,9,121.5220211,25.0626992
111,3,4,19,0,2,03中山區,中山區民權西路與民權西路10巷口,0,0,1,2,C03,8,3,5,50,3,2,1,5,4,5,7,4,4,1,4,5,2,12,1,27,2,9,1,1,7,9,1,10,1,14,,44,7,1,22,9,121.5220211,25.0626992
111,3,4,19,28,2,11南港區,南港區成功路1段與向陽路199巷口,0,0,1,2,C03,7,1,5,50,3,1,1,5,4,5,7,4,4,4,5,5,2,16,1,28,2,9,1,1,7,9,1,10,1,11,,44,10,1,22,9,121.5926645,25.05688939
111,3,4,19,28,2,11南港區,南港區成功路1段與向陽路199巷口,0,0,1,1,B12,7,1,5,50,3,1,1,5,4,5,7,4,4,4,5,5,2,16,1,67,3,10,1,1,7,11,1,8,1,5,,10,10,1,22,9,121.5926645,25.05688939
111,3,4,20,0,2,03中山區,中山區松江路與南京東路2段口,0,0,1,1,B01,7,3,5,50,4,2,1,5,4,5,7,2,1,1,4,5,2,13,1,31,3,10,3,4,7,9,1,4,1,5,,23,23,1,22,9,121.532889,25.05220567
111,3,4,20,0,2,03中山區,中山區松江路與南京東路2段口,0,0,1,2,C03,7,3,5,50,4,2,1,5,4,5,7,2,1,1,4,5,2,13,2,43,2,7,3,4,7,7,1,10,1,14,,7,23,1,22,9,121.532889,25.05220567
111,3,4,20,8,2,04大安區,大安區和平東路3段與安和路2段口,0,0,1,1,B01,8,3,5,50,4,1,1,5,4,5,7,2,1,1,4,5,2,16,1,66,3,10,3,4,7,5,1,4,2,2,,25,25,1,22,9,121.5503588,25.02454843
111,3,4,20,8,2,04大安區,大安區和平東路3段與安和路2段口,0,0,1,2,C03,8,3,5,50,4,1,1,5,4,5,7,2,1,1,4,5,2,16,1,42,2,9,1,3,7,9,1,10,2,11,,13,25,1,22,9,121.5503588,25.02454843
111,3,4,20,16,2,01大同區,大同區民權西路與蘭州街口,0,0,2,1,C03,7,3,5,50,3,2,1,5,4,5,7,1,1,9,4,5,1,15,1,27,2,9,1,1,7,1,1,10,1,12,,19,19,1,22,9,121.5147988,25.0630835
111,3,4,20,16,2,01大同區,大同區民權西路與蘭州街口,0,0,2,2,C03,7,3,5,50,3,2,1,5,4,5,7,1,1,9,4,5,1,15,1,20,2,9,1,1,7,9,1,10,1,11,,14,19,1,22,9,121.5147988,25.0630835
111,3,4,20,45,2,04大安區,大安區敦化南路1段與仁愛路4段口,0,0,1,1,C03,8,3,5,50,16,9,1,5,4,5,7,2,1,8,3,5,1,17,2,28,2,8,1,1,7,6,1,10,1,14,,9,9,1,5,1,121.5490913,25.0388068
111,3,4,20,45,2,04大安區,大安區敦化南路1段與仁愛路4段口,0,0,1,2,A02,8,3,5,50,16,9,1,5,4,5,7,2,1,8,3,5,1,17,1,57,3,10,1,1,7,9,1,2,1,2,,44,9,1,10,4,121.5490913,25.0388068
111,3,4,20,45,2,05中正區,中正區博愛路與武昌街1段口,0,0,3,1,C03,8,3,5,0,4,1,1,5,4,5,7,1,1,9,4,5,2,9,1,27,2,9,1,1,7,6,1,10,2,11,,15,15,1,22,9,121.511531,25.04410867
111,3,4,20,45,2,05中正區,中正區博愛路與武昌街1段口,0,0,3,2,H01,8,3,5,0,4,1,1,5,4,5,7,1,1,9,4,5,2,9,1,61,2,8,4,5,8,18,8,20,10,16,,52,15,1,22,9,121.511531,25.04410867
111,3,4,20,45,2,05中正區,中正區博愛路與武昌街1段口,0,0,3,3,H02,8,3,5,0,4,1,1,5,4,5,7,1,1,9,4,5,2,9,2,25,2,8,1,5,7,20,8,20,10,16,,67,15,1,22,9,121.511531,25.04410867
111,3,4,21,10,2,12內湖區,內湖區舊宗路2段與民權東路6段11巷口,0,0,1,1,C03,8,3,5,50,3,2,1,5,4,5,7,2,1,5,4,5,2,13,1,24,2,7,1,1,7,9,1,10,1,11,,16,16,1,22,9,121.5748615,25.06748107
111,3,4,21,10,2,12內湖區,內湖區舊宗路2段與民權東路6段11巷口,0,0,1,2,B02,8,3,5,50,3,2,1,5,4,5,7,2,1,5,4,5,2,13,2,27,3,10,1,1,7,14,1,8,1,7,,44,16,1,22,9,121.5748615,25.06748107
111,3,4,21,25,2,03中山區,中山區敬業四路31號,0,0,1,1,B03,7,3,5,50,14,9,1,5,4,5,7,4,4,9,4,5,2,16,1,41,3,10,3,4,7,8,1,8,1,5,,7,7,1,22,9,121.5585011,25.08067118
111,3,4,21,25,2,03中山區,中山區敬業四路31號,0,0,1,2,C03,7,3,5,50,14,9,1,5,4,5,7,4,4,9,4,5,2,16,2,40,2,9,3,4,7,9,1,10,1,14,,44,7,1,22,9,121.5585011,25.08067118
111,3,4,21,58,2,10文山區,文山區木柵路4段77號木柵高工斜對面,0,0,1,2,B01,8,3,5,50,14,9,1,5,4,5,7,4,4,5,2,5,2,13,1,62,3,10,1,1,7,14,1,4,2,3,,43,43,1,22,9,121.572305,24.99609302
111,3,4,21,58,2,10文山區,文山區木柵路4段77號木柵高工斜對面,0,0,1,1,C02,8,3,5,50,14,9,1,5,4,5,7,4,4,5,2,5,2,13,1,32,2,9,1,1,7,9,1,9,2,11,12,43,43,1,22,9,121.572305,24.99609302
111,3,4,22,10,2,03中山區,中山區北安路與大直街口,0,0,1,1,B03,7,3,5,50,5,1,1,5,4,5,7,1,1,1,4,5,1,15,2,42,3,10,1,1,7,9,1,8,1,1,,26,26,1,22,9,121.5473459,25.07989458
111,3,4,22,10,2,03中山區,中山區北安路與大直街口,0,0,1,2,C03,7,3,5,50,5,1,1,5,4,5,7,1,1,1,4,5,1,15,1,38,2,9,1,1,7,9,1,10,1,11,,13,26,1,22,9,121.5473459,25.07989458
111,3,4,23,47,2,09北投區,北投區北投路1段87巷與北投路1段口,0,0,2,1,H01,8,3,5,50,14,9,1,5,4,5,7,4,4,9,4,5,2,9,2,52,2,9,4,1,8,20,8,20,10,16,,67,67,1,22,9,121.5001493,25.12904845
111,3,4,23,47,2,09北投區,北投區北投路1段87巷與北投路1段口,0,0,2,2,C03,8,3,5,50,14,9,1,5,4,5,7,4,4,9,4,5,2,9,2,34,2,8,1,1,7,9,1,10,2,12,,43,67,1,22,9,121.5001493,25.12904845
111,3,5,0,5,2,03中山區,中山區中山北路2段與民權東路1段口,0,0,2,1,F01,8,1,5,50,4,1,1,5,4,5,7,1,1,1,4,5,2,16,1,38,2,8,1,1,7,11,8,20,1,16,,25,25,1,22,9,121.5227773,25.058131
111,3,5,0,5,2,03中山區,中山區中山北路2段與民權東路1段口,0,0,2,2,C03,8,1,5,50,4,1,1,5,4,5,7,1,1,1,4,5,2,16,1,31,2,9,1,1,7,9,1,10,1,11,,23,25,1,22,9,121.5227773,25.058131
111,3,5,0,5,2,06松山區,松山區民生東路4段80巷與民生東路4段80巷15弄口,0,0,2,1,B01,8,3,5,30,4,1,1,5,4,5,7,3,1,4,5,5,2,15,1,38,2,7,1,1,7,9,1,4,1,2,,6,6,1,22,9,121.5529706,25.05623147
111,3,5,0,5,2,06松山區,松山區民生東路4段80巷與民生東路4段80巷15弄口,0,0,2,2,B11,8,3,5,30,4,1,1,5,4,5,7,3,1,4,5,5,2,15,1,33,3,10,1,1,7,9,1,4,1,1,,14,6,1,22,9,121.5529706,25.05623147
111,3,5,0,5,2,06松山區,松山區民生東路4段80巷與民生東路4段80巷15弄口,0,0,2,3,H02,8,3,5,30,4,1,1,5,4,5,7,3,1,4,5,5,2,15,1,38,2,9,4,5,7,21,8,20,10,16,,67,6,1,22,9,121.5529706,25.05623147
111,3,5,1,10,2,11南港區,南港區忠孝東路6段462巷與昆陽街157巷口,0,0,1,2,C03,7,3,5,50,3,1,1,5,4,5,7,4,4,4,5,5,2,17,1,57,2,9,1,1,7,9,1,10,1,12,,44,12,1,22,9,121.5947776,25.0499689
111,3,5,1,10,2,11南港區,南港區忠孝東路6段462巷與昆陽街157巷口,0,0,1,1,B03,7,3,5,50,3,1,1,5,4,5,7,4,4,4,5,5,2,17,1,33,3,10,1,1,7,2,1,8,1,7,,12,12,1,22,9,121.5947776,25.0499689
111,3,5,4,9,2,03中山區,中山區民生東路1段23巷與民生東路1段口,0,0,2,1,B03,8,1,5,50,3,1,1,5,4,5,7,1,1,5,4,5,2,16,1,24,3,10,1,1,7,11,1,8,1,4,,10,10,1,22,9,121.5239669,25.05803718
111,3,5,4,9,2,03中山區,中山區民生東路1段23巷與民生東路1段口,0,0,2,2,C03,8,1,5,50,3,1,1,5,4,5,7,1,1,5,4,5,2,16,1,20,2,9,1,1,7,15,1,10,1,12,,23,10,1,22,9,121.5239669,25.05803718
111,3,5,4,9,2,03中山區,中山區民生東路1段23巷與民生東路1段口,0,0,2,3,H02,8,1,5,50,3,1,1,5,4,5,7,1,1,5,4,5,2,16,2,19,2,9,4,5,7,20,8,20,10,16,,67,10,1,22,9,121.5239669,25.05803718
111,3,5,7,7,2,05中正區,中正區市民大道1段168號,0,0,1,1,B01,8,1,5,40,14,9,1,5,4,5,7,4,4,1,4,5,2,13,1,52,3,10,1,1,7,14,1,4,11,1,,4,4,1,22,9,121.5186435,25.04829193
111,3,5,7,7,2,05中正區,中正區市民大道1段168號,0,0,1,2,C03,8,1,5,40,14,9,1,5,4,5,7,4,4,1,4,5,2,13,1,26,3,10,1,1,7,5,1,10,11,14,,8,4,1,22,9,121.5186435,25.04829193
111,3,5,7,7,2,05中正區,中正區市民大道1段168號,0,0,1,3,C03,8,1,5,40,14,9,1,5,4,5,7,4,4,1,4,5,2,13,2,24,2,9,1,1,7,9,1,10,11,11,,13,4,1,22,9,121.5186435,25.04829193
111,3,5,8,36,2,05中正區,中正區中山南路與忠孝西路1段口,0,0,1,1,B01,8,1,5,50,4,1,1,5,4,5,7,2,1,5,4,5,2,13,1,72,3,10,1,1,7,9,6,4,2,8,,23,23,1,22,9,121.5194749,25.04569663
111,3,5,8,36,2,05中正區,中正區中山南路與忠孝西路1段口,0,0,1,2,C03,8,1,5,50,4,1,1,5,4,5,7,2,1,5,4,5,2,13,2,30,2,8,1,1,7,8,1,10,2,13,,7,23,1,22,9,121.5194749,25.04569663
111,3,5,8,51,2,10文山區,文山區福興路78巷1弄與福興路78巷20弄口,0,0,2,1,B01,7,1,5,30,3,2,1,5,4,5,7,4,4,10,5,5,2,16,1,62,3,10,1,1,7,6,1,4,2,2,,23,23,1,22,9,121.5509408,25.0050816
111,3,5,8,51,2,10文山區,文山區福興路78巷1弄與福興路78巷20弄口,0,0,2,2,C03,7,1,5,30,3,2,1,5,4,5,7,4,4,10,5,5,2,16,2,41,2,1,1,1,7,5,1,10,2,12,,6,23,1,22,9,121.5509408,25.0050816
111,3,5,8,51,2,10文山區,文山區福興路78巷1弄與福興路78巷20弄口,0,0,2,3,H02,7,1,5,30,3,2,1,5,4,5,7,4,4,10,5,5,2,16,1,4,2,8,4,1,7,20,8,20,10,15,,67,23,1,22,9,121.5509408,25.0050816
111,3,5,9,53,2,07信義區,信義區忠孝東路4段553巷5號,0,0,1,1,B03,8,1,5,50,14,9,1,5,4,5,7,4,4,9,5,5,1,12,1,48,3,10,1,1,7,6,1,8,2,5,,9,9,1,22,9,121.562731,25.04227594
111,3,5,9,53,2,07信義區,信義區忠孝東路4段553巷5號,0,0,1,2,C04,8,1,5,50,14,9,1,5,4,5,7,4,4,9,5,5,1,12,2,26,2,9,1,1,7,9,1,10,2,14,,44,9,1,22,9,121.562731,25.04227594
111,3,5,9,59,2,03中山區,中山區濱江街與濱江街150巷口,0,0,1,1,B12,8,1,5,50,3,1,1,5,4,5,7,3,1,9,1,5,2,3,1,61,3,10,1,4,7,9,1,8,1,1,,43,43,1,22,9,121.5371363,25.0724394
111,3,5,9,59,2,03中山區,中山區濱江街與濱江街150巷口,0,0,1,2,H01,8,1,5,50,3,1,1,5,4,5,7,3,1,9,1,5,2,3,1,63,2,5,4,5,8,16,8,20,10,16,,67,43,1,22,9,121.5371363,25.0724394
111,3,5,10,12,2,02萬華區,萬華區中華路1段與忠孝西路2段口,0,0,1,1,C03,8,1,5,50,4,1,1,5,4,5,7,1,1,3,3,5,1,16,1,45,3,10,3,4,7,8,1,10,1,14,,7,7,1,22,9,121.509569,25.04806052
111,3,5,10,12,2,02萬華區,萬華區中華路1段與忠孝西路2段口,0,0,1,2,C03,8,1,5,50,4,1,1,5,4,5,7,1,1,3,3,5,1,16,2,55,2,9,3,4,7,9,1,10,1,14,,44,7,1,22,9,121.509569,25.04806052
111,3,5,10,29,2,02萬華區,萬華區西園路1段200號,0,0,1,1,B01,7,1,5,50,14,9,1,5,4,5,7,4,4,2,4,5,1,12,1,65,3,10,1,1,7,8,1,4,1,3,,7,7,1,22,9,121.4993381,25.03610521
111,3,5,10,29,2,02萬華區,萬華區西園路1段200號,0,0,1,2,C03,7,1,5,50,14,9,1,5,4,5,7,4,4,2,4,5,1,12,1,59,2,9,1,1,7,9,1,10,1,11,,44,7,1,22,9,121.4993381,25.03610521
111,3,5,10,38,2,04大安區,大安區和平東路1段143號,0,0,3,1,C03,8,1,5,50,15,8,1,5,4,5,7,2,1,1,4,4,2,17,1,62,2,9,1,4,7,1,1,9,1,13,,19,19,1,22,9,121.5305259,25.0265228
111,3,5,10,38,2,04大安區,大安區和平東路1段143號,0,0,3,2,C03,8,1,5,50,15,8,1,5,4,5,7,2,1,1,4,4,2,17,2,42,2,9,1,4,7,9,1,10,1,13,,13,19,1,22,9,121.5305259,25.0265228
111,3,5,10,38,2,04大安區,大安區和平東路1段143號,0,0,3,3,C03,8,1,5,50,15,8,1,5,4,5,7,2,1,1,4,4,2,17,1,31,2,8,1,4,7,9,1,10,1,11,,44,19,1,22,9,121.5305259,25.0265228
111,3,5,10,40,2,07信義區,信義區和平東路3段237號,0,0,1,1,A02,8,1,5,50,14,9,1,5,4,5,7,1,1,10,4,5,2,9,1,55,3,10,1,1,7,12,1,2,9,15,,43,43,1,22,9,121.5541236,25.02300288
111,3,5,10,40,2,07信義區,信義區和平東路3段237號,0,0,1,2,H02,8,1,5,50,14,9,1,5,4,5,7,1,1,10,4,5,2,9,2,32,2,1,4,4,7,17,8,20,10,16,,58,43,1,22,9,121.5541236,25.02300288
111,3,5,10,54,2,03中山區,中山區五常街與民族東路410巷口,0,0,1,1,B03,8,1,5,30,3,1,1,5,4,5,7,4,4,4,3,5,1,13,2,42,3,10,1,1,7,9,1,8,1,8,,16,16,1,22,9,121.5383083,25.06435852
111,3,5,10,54,2,03中山區,中山區五常街與民族東路410巷口,0,0,1,2,C03,8,1,5,30,3,1,1,5,4,5,7,4,4,4,3,5,1,13,2,55,2,8,1,1,7,14,1,10,1,13,,44,16,1,22,9,121.5383083,25.06435852
111,3,5,10,56,2,03中山區,中山區北安路往自強隧道,0,0,1,1,C03,8,1,5,50,14,9,1,5,4,5,7,4,4,1,4,5,1,12,2,70,2,9,1,1,7,7,4,11,1,14,,7,7,1,22,9,121.5522984,25.08596978
111,3,5,10,56,2,03中山區,中山區北安路往自強隧道,0,0,1,2,B03,8,1,5,50,14,9,1,5,4,5,7,4,4,1,4,5,1,12,1,51,3,10,1,1,7,9,1,8,1,2,,44,7,1,22,9,121.5522984,25.08596978
111,3,5,11,4,2,02萬華區,萬華區艋舺大道71號,0,0,1,2,C03,8,1,5,40,15,12,1,5,4,5,7,4,4,5,4,4,2,17,2,20,2,9,1,1,7,9,1,10,1,11,,44,9,1,22,9,121.503355,25.03362897
111,3,5,11,4,2,02萬華區,萬華區艋舺大道71號,0,0,1,1,C03,8,1,5,40,15,12,1,5,4,5,7,4,4,5,4,4,2,17,1,41,3,10,1,1,7,6,1,10,1,12,,9,9,1,22,9,121.503355,25.03362897
111,3,5,11,9,2,04大安區,大安區和平東路1段與師大路口,0,0,1,1,C02,8,1,5,50,4,2,1,5,4,5,7,2,1,8,3,5,1,17,1,25,2,8,1,1,7,6,1,9,1,12,,14,14,1,5,5,121.5284714,25.02646321
111,3,5,11,9,2,04大安區,大安區和平東路1段與師大路口,0,0,1,2,C03,8,1,5,50,4,2,1,5,4,5,7,2,1,8,3,5,1,17,1,40,3,10,1,1,7,5,1,10,1,11,,2,14,1,21,5,121.5284714,25.02646321
111,3,5,11,14,2,07信義區,信義區吳興街600巷100弄105號,0,0,1,1,F01,8,1,5,30,14,9,1,5,4,5,7,4,4,10,5,5,1,18,2,14,2,9,1,1,7,9,8,20,1,16,,42,42,1,22,9,121.5728401,25.01649645
111,3,5,11,14,2,07信義區,信義區吳興街600巷100弄105號,0,0,1,2,,8,1,5,30,14,9,1,5,4,5,7,4,4,10,5,5,1,18,3,,,,,,,,,,,,,67,42,1,,,121.5728401,25.01649645
111,3,5,12,14,2,11南港區,南港區松河街356號,0,0,1,1,C03,8,1,5,40,14,9,1,5,4,5,7,4,4,5,5,5,2,16,1,34,2,9,1,4,7,1,1,10,1,14,,19,19,1,22,9,121.5863002,25.05378758
111,3,5,12,14,2,11南港區,南港區松河街356號,0,0,1,2,B03,8,1,5,40,14,9,1,5,4,5,7,4,4,5,5,5,2,16,1,40,3,10,3,4,7,9,1,8,2,2,,13,19,1,22,9,121.5863002,25.05378758
111,3,5,13,4,2,04大安區,大安區信義路2段148巷與金山南路2段13巷口,0,0,1,1,C03,8,1,5,30,4,1,1,5,4,5,7,4,4,10,5,5,2,15,2,30,2,9,1,4,7,9,1,10,1,12,,6,6,1,22,9,121.5286279,25.03326869
111,3,5,13,4,2,04大安區,大安區信義路2段148巷與金山南路2段13巷口,0,0,1,2,B03,8,1,5,30,4,1,1,5,4,5,7,4,4,10,5,5,2,15,2,41,3,10,1,4,7,9,1,8,1,8,,23,6,1,22,9,121.5286279,25.03326869
111,3,5,13,13,2,09北投區,北投區建民路151巷與建民路150巷口,0,0,3,1,C03,8,1,5,30,4,2,5,5,4,5,7,4,4,10,5,5,1,16,1,42,2,8,1,1,7,9,1,10,2,12,,6,6,1,22,9,121.5193005,25.11041493
111,3,5,13,13,2,09北投區,北投區建民路151巷與建民路150巷口,0,0,3,2,C03,8,1,5,30,4,2,5,5,4,5,7,4,4,10,5,5,1,16,2,53,2,9,1,1,7,9,1,10,2,11,,44,6,1,22,9,121.5193005,25.11041493
111,3,5,13,13,2,09北投區,北投區建民路151巷與建民路150巷口,0,0,3,3,H02,8,1,5,30,4,2,5,5,4,5,7,4,4,10,5,5,1,16,2,14,2,8,4,5,7,20,8,20,10,16,,67,6,1,22,9,121.5193005,25.11041493
111,3,5,13,13,2,09北投區,北投區承德路7段401巷90號與承德路7段401巷88弄口,0,0,1,1,F01,8,1,5,30,3,1,1,5,4,5,7,4,4,10,5,5,2,17,1,56,3,10,1,1,7,6,8,20,1,16,,9,9,1,22,9,121.5002509,25.11791584
111,3,5,13,13,2,09北投區,北投區承德路7段401巷90號與承德路7段401巷88弄口,0,0,1,2,C03,8,1,5,30,3,1,1,5,4,5,7,4,4,10,5,5,2,17,1,23,2,8,1,1,7,9,1,9,1,11,,5,9,1,22,9,121.5002509,25.11791584
111,3,5,13,24,2,02萬華區,萬華區艋舺大道與萬大路口,0,0,1,1,C03,8,1,5,50,4,1,1,5,4,5,7,1,1,1,4,5,2,12,1,47,3,10,1,1,7,9,1,10,1,12,,23,23,1,22,9,121.5007912,25.0327762
111,3,5,13,24,2,02萬華區,萬華區艋舺大道與萬大路口,0,0,1,2,C03,8,1,5,50,4,1,1,5,4,5,7,1,1,1,4,5,2,12,1,24,2,8,1,1,7,9,1,10,1,14,,44,23,1,22,9,121.5007912,25.0327762
111,3,5,13,30,2,02萬華區,萬華區西寧南路72-1號,0,0,1,1,B01,7,1,5,50,14,9,1,5,4,5,7,4,4,9,4,5,1,17,1,52,3,10,1,1,7,3,1,4,1,10,,18,18,1,22,9,121.5060239,25.04309467
111,3,5,13,30,2,02萬華區,萬華區西寧南路72-1號,0,0,1,2,C03,7,1,5,50,14,9,1,5,4,5,7,4,4,9,4,5,1,17,1,45,2,8,1,1,7,9,1,10,1,15,,44,18,1,22,9,121.5060239,25.04309467
111,3,5,13,35,2,07信義區,信義區虎林街120巷與永吉路120巷口,0,0,1,1,B03,8,1,5,30,14,9,1,5,4,5,7,2,1,10,5,5,2,12,2,61,3,10,1,1,7,5,1,8,1,8,,8,8,1,21,8,121.5703313,25.04229277
111,3,5,13,35,2,07信義區,信義區虎林街120巷與永吉路120巷口,0,0,1,2,C03,8,1,5,30,14,9,1,5,4,5,7,2,1,10,5,5,2,12,1,55,2,8,1,1,7,9,1,10,1,12,,23,8,1,21,8,121.5703313,25.04229277