發生年度,發生月,發生日,發生時-Hours,發生分,處理別-編號,區序,肇事地點,死亡人數,2-30日死亡人數,受傷人數,當事人序號,車種,天候,光線,道路類別,速限-速度限制,道路型態,事故位置,路面狀況1,路面狀況2,路面狀況3,道路障礙1,道路障礙2,號誌1,號誌2,車道劃分-分向,車道劃分-分道1,車道劃分-分道2,車道劃分-分道3,事故類型及型態,性別,年齡,受傷程度,主要傷處,安全帽,行動電話,車輛用途,當事者行動狀態,駕駛資格情形,駕駛執照種類,飲酒情形,車輛撞擊部位1,車輛撞擊部位2,肇因碼-個別,肇因碼-主要,個人肇逃否,職業,旅次目的,座標-X,座標-Y
111,3,5,13,39,2,05中正區,中正區林森南路2-2號,0,0,2,1,F01,8,1,5,50,14,9,1,5,4,5,7,4,4,5,4,5,2,17,2,72,2,9,1,1,7,15,8,20,2,16,,26,3,1,22,9,121.5231619,25.04426757
111,3,5,13,39,2,05中正區,中正區林森南路2-2號,0,0,2,2,C03,8,1,5,50,14,9,1,5,4,5,7,4,4,5,4,5,2,17,1,24,2,9,1,1,7,9,1,10,2,11,,14,3,1,22,9,121.5231619,25.04426757
111,3,5,13,45,2,05中正區,中正區水源路7號與水源快速道路口,0,0,1,1,B03,8,1,5,50,14,7,1,5,4,5,7,4,4,1,4,5,1,13,1,32,2,9,1,1,7,9,1,8,2,1,,16,16,1,22,9,121.5268242,25.01414522
111,3,5,13,45,2,05中正區,中正區水源路7號與水源快速道路口,0,0,1,2,B03,8,1,5,50,14,7,1,5,4,5,7,4,4,1,4,5,1,13,1,38,3,10,1,1,7,12,1,8,2,3,,44,16,1,22,9,121.5268242,25.01414522
111,3,5,13,45,2,05中正區,中正區水源路7號與水源快速道路口,0,0,1,3,B03,8,1,5,50,14,7,1,5,4,5,7,4,4,1,4,5,1,13,1,43,3,10,1,1,7,14,1,8,2,3,,44,16,1,22,9,121.5268242,25.01414522
111,3,5,13,45,2,05中正區,中正區水源路7號與水源快速道路口,0,0,1,4,B03,8,1,5,50,14,7,1,5,4,5,7,4,4,1,4,5,1,13,1,30,3,10,1,1,7,14,1,8,2,3,,44,16,1,22,9,121.5268242,25.01414522
111,3,5,13,45,2,05中正區,中正區水源路7號與水源快速道路口,0,0,1,5,H02,8,1,5,50,14,7,1,5,4,5,7,4,4,1,4,5,1,13,2,33,4,11,1,5,7,20,8,20,10,16,,67,16,1,22,9,121.5268242,25.01414522
111,3,5,14,0,2,10文山區,文山區老泉街與老泉街口(006號路燈),0,0,2,1,H01,8,1,5,0,3,2,1,5,4,5,7,4,4,10,5,5,2,3,2,83,2,1,4,5,8,16,8,20,10,16,,67,67,1,22,9,121.5590074,24.976708
111,3,5,14,0,2,10文山區,文山區老泉街與老泉街口(006號路燈),0,0,2,2,F01,8,1,5,0,3,2,1,5,4,5,7,4,4,10,5,5,2,3,1,56,2,7,1,1,7,9,8,20,1,16,,43,67,1,22,9,121.5590074,24.976708
111,3,5,14,35,2,03中山區,中山區大佳河濱公園與濱江街口基八號疏散門,0,0,1,1,B03,8,1,5,30,3,1,1,5,4,5,7,4,4,10,5,5,2,16,1,39,3,10,1,1,7,5,1,8,1,7,,8,8,1,22,9,121.5411006,25.07469
111,3,5,14,35,2,03中山區,中山區大佳河濱公園與濱江街口基八號疏散門,0,0,1,2,F01,8,1,5,30,3,1,1,5,4,5,7,4,4,10,5,5,2,16,2,12,2,7,1,1,7,9,8,20,1,16,,43,8,1,22,9,121.5411006,25.07469
111,3,5,15,8,2,03中山區,中山區中山北路2段185號,0,0,2,1,F01,8,1,8,0,15,20,1,5,4,5,7,4,4,9,4,5,2,1,1,8,2,1,1,1,7,9,8,20,10,16,,23,23,1,22,9,121.5227712,25.0638811
111,3,5,15,8,2,03中山區,中山區中山北路2段185號,0,0,2,2,H01,8,1,8,0,15,20,1,5,4,5,7,4,4,9,4,5,2,1,1,25,2,8,4,5,8,16,8,20,10,16,,67,23,1,22,9,121.5227712,25.0638811
111,3,5,15,16,2,12內湖區,內湖區內湖路2段103巷與麗山街37巷口,0,0,2,1,C03,8,1,5,50,3,2,1,5,4,5,7,4,4,5,5,5,2,3,1,18,3,10,1,1,7,9,1,10,1,11,,15,15,1,22,9,121.5820694,25.0807592
111,3,5,15,16,2,12內湖區,內湖區內湖路2段103巷與麗山街37巷口,0,0,2,2,H01,8,1,5,50,3,2,1,5,4,5,7,4,4,5,5,5,2,3,2,73,2,8,4,5,8,16,8,20,10,16,,67,15,1,22,9,121.5820694,25.0807592
111,3,5,15,16,2,12內湖區,內湖區內湖路2段103巷與麗山街37巷口,0,0,2,3,H01,8,1,5,50,3,2,1,5,4,5,7,4,4,5,5,5,2,3,2,39,2,8,4,5,8,16,8,20,10,16,,67,15,1,22,9,121.5820694,25.0807592
111,3,5,15,16,2,12內湖區,內湖區內湖路2段103巷與麗山街37巷口,0,0,2,4,B12,8,1,5,50,3,2,1,5,4,5,7,4,4,5,5,5,2,3,1,66,3,10,3,4,7,13,1,8,1,15,,38,15,1,22,9,121.5820694,25.0807592
111,3,5,15,30,2,09北投區,北投區磺港路76號,0,0,2,1,C03,8,1,5,50,14,9,1,5,4,5,7,4,4,9,5,5,1,17,1,31,2,9,1,1,7,1,1,8,1,14,,19,19,1,22,9,121.5035532,25.13123397
111,3,5,15,30,2,09北投區,北投區磺港路76號,0,0,2,2,C03,8,1,5,50,14,9,1,5,4,5,7,4,4,9,5,5,1,17,1,21,2,9,1,1,7,9,1,10,1,11,,26,19,1,22,9,121.5035532,25.13123397
111,3,5,15,50,2,08士林區,士林區延平北路5段23號前,0,0,1,1,C03,8,1,5,50,14,9,1,5,4,5,7,1,1,1,5,5,1,17,1,46,2,9,1,1,7,12,1,10,1,15,,13,13,1,22,9,121.5110703,25.07957008
111,3,5,15,50,2,08士林區,士林區延平北路5段23號前,0,0,1,2,B03,8,1,5,50,14,9,1,5,4,5,7,1,1,1,5,5,1,17,1,25,3,10,1,1,7,1,1,8,11,15,,19,13,1,22,9,121.5110703,25.07957008
111,3,5,15,54,2,09北投區,北投區致遠一路2段11巷與致遠一路2段口,0,0,1,1,C03,8,1,5,50,4,2,1,5,4,5,7,4,4,7,4,5,1,11,1,43,3,10,1,1,7,9,1,10,2,11,,44,44,1,22,9,121.5144087,25.11101432
111,3,5,15,54,2,09北投區,北投區致遠一路2段11巷與致遠一路2段口,0,0,1,2,B12,8,1,5,50,4,2,1,5,4,5,7,4,4,7,4,5,1,11,1,60,2,7,1,1,7,9,1,8,2,15,,42,44,1,22,9,121.5144087,25.11101432
111,3,5,16,57,2,09北投區,北投區中央南路1段208號與崇仁路1段口,0,0,1,1,B03,8,1,5,50,3,2,1,5,4,5,7,3,1,9,4,5,1,12,1,52,3,10,1,1,7,9,1,8,1,6,,23,23,1,22,9,121.5011899,25.12833964
111,3,5,16,57,2,09北投區,北投區中央南路1段208號與崇仁路1段口,0,0,1,2,F03,8,1,5,50,3,2,1,5,4,5,7,3,1,9,4,5,1,12,1,63,2,7,1,1,7,7,8,20,1,15,,7,23,1,22,9,121.5011899,25.12833964
111,3,5,17,40,2,07信義區,信義區忠孝東路4段與逸仙路口,0,0,1,1,B03,8,1,5,50,3,1,1,5,4,5,7,1,1,9,4,5,2,17,1,25,3,10,1,1,7,6,1,8,1,2,,9,9,1,22,9,121.5615548,25.041101
111,3,5,17,40,2,07信義區,信義區忠孝東路4段與逸仙路口,0,0,1,2,F01,8,1,5,50,3,1,1,5,4,5,7,1,1,9,4,5,2,17,2,40,2,9,1,1,7,9,8,20,1,16,,43,9,1,22,9,121.5615548,25.041101
111,3,5,17,43,2,07信義區,信義區信義路5段99號前,0,0,1,1,C04,8,1,5,50,14,9,1,5,4,5,7,4,4,1,4,5,2,18,2,28,2,9,1,1,7,9,1,10,1,12,,42,42,1,22,9,121.5724726,25.03286232
111,3,5,17,43,2,07信義區,信義區信義路5段99號前,0,0,1,2,,8,1,5,50,14,9,1,5,4,5,7,4,4,1,4,5,2,18,3,,,,,,,,,,,,,67,42,1,,,121.5724726,25.03286232
111,3,5,17,43,2,07信義區,信義區信義路5段99號前,0,0,1,3,,8,1,5,50,14,9,1,5,4,5,7,4,4,1,4,5,2,18,4,,4,11,3,4,7,15,7,19,11,15,,43,42,2,22,9,121.5724726,25.03286232
111,3,5,17,44,2,03中山區,中山區敬業三路123號,0,0,1,1,B03,8,1,5,40,14,7,1,5,4,3,5,4,4,1,3,4,1,17,1,47,3,10,1,1,7,1,1,8,1,8,,19,19,1,22,9,121.5563312,25.08115145
111,3,5,17,44,2,03中山區,中山區敬業三路123號,0,0,1,2,C03,8,1,5,40,14,7,1,5,4,3,5,4,4,1,3,4,1,17,1,59,2,9,1,1,7,9,1,8,1,11,,44,19,1,22,9,121.5563312,25.08115145
111,3,5,17,44,2,03中山區,中山區敬業三路123號,0,0,1,3,B03,8,1,5,40,14,7,1,5,4,3,5,4,4,1,3,4,1,17,1,42,3,10,1,1,7,13,1,8,11,15,,38,19,1,22,9,121.5563312,25.08115145
111,3,5,18,0,2,05中正區,中正區林森南路6號,0,0,1,1,B03,8,1,5,50,14,9,1,5,4,5,7,4,4,9,4,5,2,12,1,51,3,10,1,1,7,1,1,8,2,8,,19,19,1,22,9,121.5228387,25.04327315
111,3,5,18,0,2,05中正區,中正區林森南路6號,0,0,1,2,C03,8,1,5,50,14,9,1,5,4,5,7,4,4,9,4,5,2,12,2,56,2,9,1,1,7,9,1,10,2,12,,44,19,1,22,9,121.5228387,25.04327315
111,3,5,18,0,2,09北投區,北投區社子大橋往北投053號燈桿,0,0,1,1,C03,8,3,5,50,8,11,1,5,4,5,7,4,4,1,4,5,1,13,1,21,2,9,1,1,7,9,1,9,1,11,,23,23,1,22,9,121.4969443,25.11129617
111,3,5,18,0,2,09北投區,北投區社子大橋往北投053號燈桿,0,0,1,2,C03,8,3,5,50,8,11,1,5,4,5,7,4,4,1,4,5,1,13,1,62,3,10,1,1,7,15,1,10,1,13,,44,23,1,22,9,121.4969443,25.11129617
111,3,5,18,25,2,07信義區,信義區忠孝東路5段236巷6號,0,0,1,1,B12,8,3,5,50,14,9,1,5,4,5,7,4,4,9,4,5,2,17,1,48,3,10,1,1,7,14,1,8,1,4,,40,40,1,22,9,121.571763,25.0403
111,3,5,18,25,2,07信義區,信義區忠孝東路5段236巷6號,0,0,1,2,F01,8,3,5,50,14,9,1,5,4,5,7,4,4,9,4,5,2,17,1,28,2,9,1,1,7,9,8,20,1,16,,44,40,1,22,9,121.571763,25.0403
111,3,5,18,40,2,10文山區,文山區羅斯福路6段與育英街口,0,0,1,1,B12,8,3,5,50,4,2,1,5,4,5,7,2,1,1,4,5,2,12,1,55,3,10,1,1,7,8,1,8,2,1,,7,7,1,22,9,121.5396515,24.9902675
111,3,5,18,40,2,10文山區,文山區羅斯福路6段與育英街口,0,0,1,2,F01,8,3,5,50,4,2,1,5,4,5,7,2,1,1,4,5,2,12,1,61,2,9,1,1,7,9,8,20,2,16,,27,7,1,22,9,121.5396515,24.9902675
111,3,5,18,44,2,05中正區,中正區中山北路1段與市民大道1段口,0,0,1,1,B03,8,3,5,40,4,1,1,5,4,5,7,1,1,1,4,5,2,13,2,37,3,10,1,1,7,14,1,8,2,7,,44,44,1,22,9,121.5204938,25.047973
111,3,5,18,44,2,05中正區,中正區中山北路1段與市民大道1段口,0,0,1,2,C03,8,3,5,40,4,1,1,5,4,5,7,1,1,1,4,5,2,13,1,26,2,9,1,1,7,9,1,10,2,11,,16,44,1,22,9,121.5204938,25.047973
111,3,5,19,20,2,01大同區,大同區承德橋與承德橋口南往北(機車道),0,0,1,1,C03,7,3,5,40,14,11,1,5,4,5,7,4,4,4,1,5,2,13,1,23,3,10,1,1,7,9,1,10,1,11,,23,23,1,22,9,121.5206787,25.07655948
111,3,5,19,20,2,01大同區,大同區承德橋與承德橋口南往北(機車道),0,0,1,2,C03,7,3,5,40,14,11,1,5,4,5,7,4,4,4,1,5,2,13,1,22,3,10,1,1,7,14,1,10,1,13,,42,23,1,22,9,121.5206787,25.07655948
111,3,5,19,20,2,01大同區,大同區承德橋與承德橋口南往北(機車道),0,0,1,3,H02,7,3,5,40,14,11,1,5,4,5,7,4,4,4,1,5,2,13,2,25,2,9,4,5,7,20,8,20,10,16,,67,23,1,22,9,121.5206787,25.07655948
111,3,5,19,46,2,12內湖區,內湖區成功路5段與康湖路口口,0,0,1,1,C03,8,3,5,50,3,1,1,5,4,5,7,2,1,1,4,4,2,16,2,41,2,8,1,1,7,5,1,10,1,12,,25,25,1,22,9,121.606605,25.0819631
111,3,5,19,46,2,12內湖區,內湖區成功路5段與康湖路口口,0,0,1,2,B03,8,3,5,50,3,1,1,5,4,5,7,2,1,1,4,4,2,16,2,39,3,10,1,1,7,9,1,8,1,8,,44,25,1,22,9,121.606605,25.0819631
111,3,5,20,5,2,03中山區,中山區中原街43號,0,0,1,1,B12,8,1,5,0,14,9,1,5,4,5,7,4,4,9,4,5,2,17,4,,4,11,3,4,7,15,7,19,11,15,,43,43,2,22,9,121.5289285,25.0598148
111,3,5,20,5,2,03中山區,中山區中原街43號,0,0,1,2,C03,8,1,5,0,14,9,1,5,4,5,7,4,4,9,4,5,2,17,2,24,2,7,1,4,7,1,1,10,1,14,,43,43,1,22,9,121.5289285,25.0598148
111,3,5,20,5,2,04大安區,大安區新生南路2段與信義路3段口,0,0,1,2,C03,8,1,5,50,14,9,1,5,4,5,7,4,4,1,4,5,2,17,1,33,2,9,1,4,7,9,1,10,1,14,,44,17,1,22,9,121.5330403,25.03299093
111,3,5,20,5,2,04大安區,大安區新生南路2段與信義路3段口,0,0,1,1,B12,8,1,5,50,14,9,1,5,4,5,7,4,4,1,4,5,2,17,1,58,3,10,1,4,7,9,1,8,1,2,,17,17,1,22,9,121.5330403,25.03299093
111,3,5,20,25,2,08士林區,士林區通河街與通河街1巷口,0,0,1,1,B03,7,3,5,50,4,1,1,5,4,5,7,3,1,5,4,5,1,16,1,40,3,10,1,1,7,11,1,8,1,5,,10,10,1,21,8,121.5236913,25.0799019
111,3,5,20,25,2,08士林區,士林區通河街與通河街1巷口,0,0,1,2,C03,7,3,5,50,4,1,1,5,4,5,7,3,1,5,4,5,1,16,2,29,2,8,1,1,7,9,1,10,1,11,,44,10,1,21,8,121.5236913,25.0799019
111,3,5,20,30,2,01大同區,大同區大稻埕堤外便道停車場出入口,0,0,2,1,B03,7,3,5,40,14,9,1,5,4,5,7,4,4,9,5,5,1,12,1,32,3,10,3,4,7,6,1,8,1,2,,9,9,1,22,9,121.5079549,25.05648327
111,3,5,20,30,2,01大同區,大同區大稻埕堤外便道停車場出入口,0,0,2,2,C03,7,3,5,40,14,9,1,5,4,5,7,4,4,9,5,5,1,12,1,41,2,9,1,1,7,9,1,10,1,14,,44,9,1,22,9,121.5079549,25.05648327
111,3,5,20,30,2,01大同區,大同區大稻埕堤外便道停車場出入口,0,0,2,3,H02,7,3,5,40,14,9,1,5,4,5,7,4,4,9,5,5,1,12,1,65,2,9,1,5,7,20,8,20,10,15,,67,9,1,22,9,121.5079549,25.05648327
111,3,5,20,52,2,09北投區,北投區石牌路1段與自強街5巷口,0,0,1,1,B03,7,3,5,30,4,1,1,5,4,5,7,3,1,10,5,5,2,16,1,65,3,10,1,1,7,5,6,8,2,8,,23,23,1,22,9,121.5103029,25.11307125
111,3,5,20,52,2,09北投區,北投區石牌路1段與自強街5巷口,0,0,1,2,C03,7,3,5,30,4,1,1,5,4,5,7,3,1,10,5,5,2,16,1,21,2,9,1,1,7,5,1,10,2,14,,23,23,1,22,9,121.5103029,25.11307125
111,3,5,20,55,2,01大同區,大同區延平北路4段與延平北路4段111巷口,0,0,1,1,B03,8,3,5,50,3,1,1,5,4,5,7,4,4,8,3,4,1,17,1,21,3,10,1,1,7,6,3,18,2,5,,9,9,1,22,9,121.5109441,25.07135233
111,3,5,20,55,2,01大同區,大同區延平北路4段與延平北路4段111巷口,0,0,1,2,C03,8,3,5,50,3,1,1,5,4,5,7,4,4,8,3,4,1,17,2,36,2,9,1,1,7,9,1,10,2,11,,44,9,1,22,9,121.5109441,25.07135233
111,3,5,21,44,2,03中山區,中山區南京東路3段223巷與遼寧街185巷口,0,0,2,1,C03,7,3,5,30,4,1,1,5,4,5,7,4,4,10,5,5,2,16,1,31,2,7,3,4,7,9,1,10,1,11,,6,6,1,22,9,121.5434928,25.05331823
111,3,5,21,44,2,03中山區,中山區南京東路3段223巷與遼寧街185巷口,0,0,2,2,C03,7,3,5,30,4,1,1,5,4,5,7,4,4,10,5,5,2,16,1,28,2,9,3,4,7,9,1,10,1,12,,13,6,1,22,9,121.5434928,25.05331823
111,3,5,22,55,2,03中山區,中山區市民大道3段與新生北路1段62巷口,0,0,2,1,C03,8,1,5,40,4,1,1,5,4,5,7,2,1,1,4,5,2,13,1,22,2,9,1,4,7,9,1,10,1,12,,23,23,1,22,9,121.5309114,25.04619591
111,3,5,22,55,2,03中山區,中山區市民大道3段與新生北路1段62巷口,0,0,2,2,C03,8,1,5,40,4,1,1,5,4,5,7,2,1,1,4,5,2,13,1,24,2,8,1,4,7,9,1,10,1,14,,44,23,1,22,9,121.5309114,25.04619591
111,3,5,23,7,2,06松山區,松山區民權東路3段103巷15號與復興北路427巷口,0,0,1,1,C03,7,3,5,30,4,1,1,5,4,5,6,4,4,10,5,5,1,15,1,19,2,9,1,1,7,9,1,10,1,12,,6,6,1,22,9,121.5449917,25.06336838
111,3,5,23,7,2,06松山區,松山區民權東路3段103巷15號與復興北路427巷口,0,0,1,2,B01,7,3,5,30,4,1,1,5,4,5,6,4,4,10,5,5,1,15,1,56,3,10,1,1,7,9,1,4,1,1,,14,6,1,22,9,121.5449917,25.06336838
111,3,5,23,48,2,01大同區,大同區延平北路3段與延平北路3段18巷口,0,0,1,1,B03,7,3,5,50,3,1,1,5,4,5,7,4,4,9,5,5,1,12,1,34,3,10,3,4,7,6,1,8,1,2,,9,9,1,22,9,121.5111448,25.06393726
111,3,5,23,48,2,01大同區,大同區延平北路3段與延平北路3段18巷口,0,0,1,2,C03,7,3,5,50,3,1,1,5,4,5,7,4,4,9,5,5,1,12,2,21,2,8,1,1,7,9,1,10,1,14,,44,9,1,22,9,121.5111448,25.06393726
111,3,5,23,55,2,04大安區,大安區仁愛路4段91巷與仁愛路4段71巷口,0,0,2,1,C03,7,3,5,30,4,1,1,5,4,5,7,4,4,10,5,5,2,15,1,25,2,9,1,1,7,9,1,10,1,11,,6,6,1,22,9,121.5471194,25.0385825
111,3,5,23,55,2,04大安區,大安區仁愛路4段91巷與仁愛路4段71巷口,0,0,2,2,B01,7,3,5,30,4,1,1,5,4,5,7,4,4,10,5,5,2,15,1,44,2,5,1,1,7,9,1,8,1,4,,44,6,1,22,9,121.5471194,25.0385825
111,3,5,23,59,2,07信義區,信義區忠孝東路4段與逸仙路口,0,0,1,2,C03,8,3,5,50,4,1,1,5,4,5,7,1,1,9,4,5,2,11,1,26,2,8,1,1,7,5,1,10,1,14,,43,43,1,22,9,121.5615463,25.04117828
111,3,5,23,59,2,07信義區,信義區忠孝東路4段與逸仙路口,0,0,1,1,,8,3,5,50,4,1,1,5,4,5,7,1,1,9,4,5,2,11,4,,4,11,3,4,7,15,7,19,11,15,,43,43,2,22,9,121.5615463,25.04117828
111,3,6,0,12,2,07信義區,信義區逸仙路32巷與逸仙路口,0,0,1,1,B03,8,3,5,30,3,1,1,5,4,5,7,4,4,9,4,5,2,17,1,38,3,10,1,1,7,5,1,8,2,15,,8,8,1,22,9,121.5615506,25.0398215
111,3,6,0,12,2,07信義區,信義區逸仙路32巷與逸仙路口,0,0,1,2,C03,8,3,5,30,3,1,1,5,4,5,7,4,4,9,4,5,2,17,1,38,2,9,1,1,7,9,1,10,2,14,,23,8,1,22,9,121.5615506,25.0398215
111,3,6,0,21,2,03中山區,中山區民權東路1段8號,0,0,1,1,B03,8,3,5,50,14,7,1,5,4,5,7,4,4,1,4,4,2,16,1,40,3,10,1,1,7,7,6,18,1,7,,7,7,1,22,9,121.5234362,25.06289254
111,3,6,0,21,2,03中山區,中山區民權東路1段8號,0,0,1,2,C03,8,3,5,50,14,7,1,5,4,5,7,4,4,1,4,4,2,16,1,24,2,9,1,1,7,15,1,10,1,11,,13,7,1,22,9,121.5234362,25.06289254
111,3,6,2,37,2,05中正區,中正區忠孝東路2段與金山南路1段口,0,0,1,1,B01,7,4,5,50,4,1,1,5,4,5,7,1,1,10,1,5,2,16,1,51,3,10,1,1,7,5,1,4,2,2,,25,25,1,22,9,121.5299712,25.04299286
111,3,6,2,37,2,05中正區,中正區忠孝東路2段與金山南路1段口,0,0,1,2,C03,7,4,5,50,4,1,1,5,4,5,7,1,1,10,1,5,2,16,1,22,2,1,1,1,7,9,1,10,2,11,,44,25,1,22,9,121.5299712,25.04299286
111,3,6,3,10,2,02萬華區,萬華區環河南路3段281號,0,0,1,1,C03,8,3,5,50,14,7,1,5,4,5,7,4,4,1,3,5,2,16,1,35,2,9,1,1,7,11,1,10,1,14,,42,42,1,22,9,121.4934796,25.01896906
111,3,6,3,10,2,02萬華區,萬華區環河南路3段281號,0,0,1,2,B12,8,3,5,50,14,7,1,5,4,5,7,4,4,1,3,5,2,16,1,59,3,10,1,1,7,13,1,8,1,8,,38,42,1,22,9,121.4934796,25.01896906
111,3,6,5,23,2,02萬華區,萬華區西藏路與西藏路125巷口,0,0,2,1,H01,8,3,5,50,3,1,1,5,4,5,7,2,1,1,3,5,1,3,2,86,2,9,4,5,8,16,8,20,1,16,,52,52,1,22,9,121.5023004,25.02959403
111,3,6,5,23,2,02萬華區,萬華區西藏路與西藏路125巷口,0,0,2,2,F03,8,3,5,50,3,1,1,5,4,5,7,2,1,1,3,5,1,3,1,49,2,9,1,1,7,9,8,20,2,16,,23,52,1,22,9,121.5023004,25.02959403
111,3,6,6,29,2,02萬華區,萬華區東園街28巷與東園街口,0,0,2,1,C03,8,1,5,50,3,1,1,5,4,5,7,4,4,5,5,5,2,17,1,49,2,9,1,1,7,9,6,10,1,11,,42,42,1,22,9,121.4951839,25.0267432
111,3,6,6,29,2,02萬華區,萬華區東園街28巷與東園街口,0,0,2,2,C03,8,1,5,50,3,1,1,5,4,5,7,4,4,5,5,5,2,17,1,39,2,9,1,1,7,5,1,10,1,14,,6,42,1,22,9,121.4951839,25.0267432
111,3,6,7,8,2,09北投區,北投區泉源路與行義路口,0,0,1,1,C03,7,1,5,50,4,1,1,5,4,5,7,2,1,5,4,5,2,12,1,56,2,8,1,1,7,9,1,10,2,14,,23,23,1,22,9,121.5266204,25.14377617
111,3,6,7,8,2,09北投區,北投區泉源路與行義路口,0,0,1,2,B03,7,1,5,50,4,1,1,5,4,5,7,2,1,5,4,5,2,12,1,62,3,10,1,1,7,8,1,8,2,5,,7,23,1,22,9,121.5266204,25.14377617
111,3,6,7,35,2,03中山區,中山區林森北路與長春路口,0,0,4,1,B03,8,1,5,50,4,1,1,5,4,5,7,2,1,5,2,4,2,16,1,25,2,9,1,1,7,9,1,8,5,2,,25,25,2,5,5,121.5254351,25.05490455
111,3,6,7,35,2,03中山區,中山區林森北路與長春路口,0,0,4,2,C03,8,1,5,50,4,1,1,5,4,5,7,2,1,5,2,4,2,16,1,27,2,9,1,1,7,9,6,10,2,11,,44,25,1,5,1,121.5254351,25.05490455
111,3,6,7,35,2,03中山區,中山區林森北路與長春路口,0,0,4,3,H02,8,1,5,50,4,1,1,5,4,5,7,2,1,5,2,4,2,16,1,27,2,9,4,5,7,20,8,20,10,16,,67,25,1,5,1,121.5254351,25.05490455
111,3,6,7,35,2,03中山區,中山區林森北路與長春路口,0,0,4,4,A04,8,1,5,50,4,1,1,5,4,5,7,2,1,5,2,4,2,16,1,53,2,9,1,1,7,14,1,2,2,3,,44,25,1,10,4,121.5254351,25.05490455
111,3,6,10,15,2,07信義區,信義區信義路5段象山捷運站3號出口,0,0,1,1,C03,7,1,5,50,14,9,1,5,4,5,7,4,4,10,4,5,2,29,2,37,2,9,1,1,7,9,4,10,2,12,,42,42,1,22,9,121.5714983,25.03286758
111,3,6,10,15,2,07信義區,信義區信義路5段象山捷運站3號出口,0,0,1,2,,7,1,5,50,14,9,1,5,4,5,7,4,4,10,4,5,2,29,3,,,,,,,,,,,,,67,42,1,,,121.5714983,25.03286758
111,3,6,10,45,2,03中山區,中山區中山北路1段與長安西路口,0,0,1,1,C03,7,1,5,50,4,2,1,4,4,5,7,1,1,5,4,5,2,13,1,41,2,9,1,1,7,12,1,10,1,14,,13,13,1,22,9,121.5215062,25.04988369
111,3,6,10,45,2,03中山區,中山區中山北路1段與長安西路口,0,0,1,2,C03,7,1,5,50,4,2,1,4,4,5,7,1,1,5,4,5,2,13,1,26,3,10,1,1,7,12,1,10,1,13,,44,13,1,22,9,121.5215062,25.04988369
111,3,6,11,42,2,01大同區,大同區承德路1段與華陰街口,0,0,2,1,H01,8,1,5,0,5,2,1,5,4,5,7,1,1,8,3,5,1,3,1,65,2,7,4,5,8,16,8,20,10,16,,52,52,1,22,9,121.5167013,25.04998613
111,3,6,11,42,2,01大同區,大同區承德路1段與華陰街口,0,0,2,2,C03,8,1,5,0,5,2,1,5,4,5,7,1,1,8,3,5,1,3,2,34,2,9,1,1,7,9,1,10,2,11,,15,52,1,22,9,121.5167013,25.04998613
111,3,6,11,50,2,08士林區,士林區中山北路7段198號,0,0,2,1,C03,8,1,5,50,14,9,1,5,4,5,7,4,4,10,4,5,1,13,2,40,3,10,1,1,7,15,1,10,2,15,,3,3,1,22,9,121.5328362,25.12531673
111,3,6,11,50,2,08士林區,士林區中山北路7段198號,0,0,2,2,C03,8,1,5,50,14,9,1,5,4,5,7,4,4,10,4,5,1,13,2,48,2,8,1,1,7,9,1,10,2,13,,44,3,1,22,9,121.5328362,25.12531673
111,3,6,11,50,2,08士林區,士林區中山北路7段198號,0,0,2,3,C03,8,1,5,50,14,9,1,5,4,5,7,4,4,10,4,5,1,13,2,22,2,8,1,1,7,9,1,10,2,11,,23,3,1,22,9,121.5328362,25.12531673
111,3,6,11,54,2,04大安區,大安區市民大道3段與新生北路1段口,0,0,1,1,B03,7,1,6,50,5,2,1,5,4,5,7,2,1,9,4,5,1,12,1,47,3,10,3,4,7,7,1,8,2,4,,7,7,1,22,9,121.5330207,25.04519024
111,3,6,11,54,2,04大安區,大安區市民大道3段與新生北路1段口,0,0,1,2,C03,7,1,6,50,5,2,1,5,4,5,7,2,1,9,4,5,1,12,1,45,2,3,1,1,7,9,1,10,2,12,,25,7,1,22,9,121.5330207,25.04519024
111,3,6,13,0,2,12內湖區,內湖區堤外便道與東湖路160巷口,0,0,1,1,C03,7,1,5,50,14,9,1,5,4,5,7,4,4,10,4,5,2,11,1,28,2,7,3,4,7,9,1,10,2,14,,4,4,1,22,9,121.6168188,25.06570828
111,3,6,13,0,2,12內湖區,內湖區堤外便道與東湖路160巷口,0,0,1,2,B03,7,1,5,50,14,9,1,5,4,5,7,4,4,10,4,5,2,11,1,56,3,10,3,4,7,9,1,8,2,4,,4,4,1,22,9,121.6168188,25.06570828
111,3,6,13,20,2,12內湖區,內湖區舊宗路1段與新湖三路口,0,0,3,1,C03,7,1,5,50,4,1,1,5,4,5,7,4,4,5,4,5,2,13,1,33,2,9,1,1,7,9,1,10,1,11,,23,23,1,22,9,121.5793037,25.06034306
111,3,6,13,20,2,12內湖區,內湖區舊宗路1段與新湖三路口,0,0,3,2,C03,7,1,5,50,4,1,1,5,4,5,7,4,4,5,4,5,2,13,1,68,2,7,1,1,7,12,1,10,1,13,,44,23,1,22,9,121.5793037,25.06034306
111,3,6,13,20,2,12內湖區,內湖區舊宗路1段與新湖三路口,0,0,3,3,H02,7,1,5,50,4,1,1,5,4,5,7,4,4,5,4,5,2,13,2,33,2,9,1,5,7,20,8,20,10,16,,67,23,1,22,9,121.5793037,25.06034306