發生年度,發生月,發生日,發生時-Hours,發生分,處理別-編號,區序,肇事地點,死亡人數,2-30日死亡人數,受傷人數,當事人序號,車種,天候,光線,道路類別,速限-速度限制,道路型態,事故位置,路面狀況1,路面狀況2,路面狀況3,道路障礙1,道路障礙2,號誌1,號誌2,車道劃分-分向,車道劃分-分道1,車道劃分-分道2,車道劃分-分道3,事故類型及型態,性別,年齡,受傷程度,主要傷處,安全帽,行動電話,車輛用途,當事者行動狀態,駕駛資格情形,駕駛執照種類,飲酒情形,車輛撞擊部位1,車輛撞擊部位2,肇因碼-個別,肇因碼-主要,個人肇逃否,職業,旅次目的,座標-X,座標-Y
111,3,6,13,26,2,03中山區,中山區民族東路引道,0,0,1,1,B03,8,1,8,50,15,22,1,5,4,5,7,4,4,1,4,5,2,16,1,33,3,10,1,1,7,6,1,8,1,5,,9,9,1,22,9,121.5327637,25.06817914
111,3,6,13,26,2,03中山區,中山區民族東路引道,0,0,1,2,C03,8,1,8,50,15,22,1,5,4,5,7,4,4,1,4,5,2,16,2,31,2,9,1,1,7,9,1,10,1,14,,44,9,1,22,9,121.5327637,25.06817914
111,3,6,13,33,2,01大同區,大同區重慶北路3段與民族西路口,0,0,1,1,B03,8,1,5,50,5,1,1,5,4,5,7,1,1,8,3,5,1,15,2,50,3,10,1,1,7,9,1,8,2,5,,25,25,1,22,9,121.5136044,25.06868963
111,3,6,13,33,2,01大同區,大同區重慶北路3段與民族西路口,0,0,1,2,C03,8,1,5,50,5,1,1,5,4,5,7,1,1,8,3,5,1,15,2,20,2,7,1,1,7,9,1,10,2,11,,44,25,1,22,9,121.5136044,25.06868963
111,3,6,13,35,2,02萬華區,萬華區環河南路2段149巷與大理街170巷口,0,0,1,1,C03,8,1,5,30,4,1,1,5,4,5,7,4,4,10,5,5,2,15,1,25,2,7,1,4,7,9,3,18,2,11,,6,6,1,22,9,121.4935611,25.0335089
111,3,6,13,35,2,02萬華區,萬華區環河南路2段149巷與大理街170巷口,0,0,1,2,B03,8,1,5,30,4,1,1,5,4,5,7,4,4,10,5,5,2,15,2,47,3,10,1,4,7,9,1,8,2,4,,44,6,1,22,9,121.4935611,25.0335089
111,3,6,13,40,2,11南港區,南港區舊莊街1段與舊莊街1段3巷口,0,0,1,1,B03,7,1,6,40,3,1,1,5,4,5,7,4,4,5,5,5,2,12,2,43,3,10,1,1,7,9,1,8,1,5,,23,23,1,22,9,121.617518,25.04190939
111,3,6,13,40,2,11南港區,南港區舊莊街1段與舊莊街1段3巷口,0,0,1,2,C03,7,1,6,40,3,1,1,5,4,5,7,4,4,5,5,5,2,12,2,53,2,7,1,1,7,9,1,10,1,14,,44,23,1,22,9,121.617518,25.04190939
111,3,6,13,48,2,02萬華區,萬華區成都路69號,0,0,1,1,B03,7,1,5,50,14,9,1,5,4,5,7,4,4,10,4,5,2,17,1,42,3,10,1,1,7,13,1,8,1,4,,40,40,1,22,9,121.5056451,25.04285794
111,3,6,13,48,2,02萬華區,萬華區成都路69號,0,0,1,2,C03,7,1,5,50,14,9,1,5,4,5,7,4,4,10,4,5,2,17,2,18,2,9,1,1,7,9,3,18,11,11,,44,40,1,22,9,121.5056451,25.04285794
111,3,6,13,48,2,02萬華區,萬華區成都路69號,0,0,1,3,C03,7,1,5,50,14,9,1,5,4,5,7,4,4,10,4,5,2,17,1,30,3,10,1,1,7,9,1,10,1,11,,44,40,1,22,9,121.5056451,25.04285794
111,3,6,13,49,2,02萬華區,萬華區昆明街與貴陽街2段口,0,0,2,1,C03,8,1,5,50,4,1,1,5,4,5,7,1,1,3,3,5,1,16,2,18,2,9,3,4,7,5,3,18,1,13,,8,8,1,22,9,121.5042014,25.03971342
111,3,6,13,49,2,02萬華區,萬華區昆明街與貴陽街2段口,0,0,2,2,C03,8,1,5,50,4,1,1,5,4,5,7,1,1,3,3,5,1,16,1,37,3,10,3,4,7,9,1,10,1,11,,44,8,1,22,9,121.5042014,25.03971342
111,3,6,13,49,2,02萬華區,萬華區昆明街與貴陽街2段口,0,0,2,3,H02,8,1,5,50,4,1,1,5,4,5,7,1,1,3,3,5,1,16,2,19,2,9,4,5,7,20,8,20,10,16,,67,8,1,22,9,121.5042014,25.03971342
111,3,6,13,50,2,09北投區,北投區陽明路1段33號,0,0,2,1,C03,7,1,5,40,14,9,1,5,4,5,7,4,4,9,4,5,2,2,1,16,2,1,1,1,7,9,2,18,1,11,,13,13,1,22,9,121.5491426,25.14796473
111,3,6,13,50,2,09北投區,北投區陽明路1段33號,0,0,2,2,H01,7,1,5,40,14,9,1,5,4,5,7,4,4,9,4,5,2,2,1,70,2,9,4,5,8,16,8,20,10,15,,67,13,1,22,9,121.5491426,25.14796473
111,3,6,14,0,2,03中山區,中山區市民大道3段與復興南路1段口,0,0,2,1,H01,8,1,5,40,4,1,1,5,4,5,7,2,1,1,4,5,2,3,1,75,2,9,4,5,8,18,8,20,10,16,,52,52,1,22,9,121.5436717,25.0449553
111,3,6,14,0,2,03中山區,中山區市民大道3段與復興南路1段口,0,0,2,2,C03,8,1,5,40,4,1,1,5,4,5,7,2,1,1,4,5,2,3,1,51,2,9,3,4,7,9,6,18,1,12,,15,52,1,22,9,121.5436717,25.0449553
111,3,6,14,5,2,07信義區,信義區松勤街86號對面,0,0,1,1,B03,7,1,5,30,14,9,1,5,4,5,7,4,4,9,4,5,1,12,1,26,3,10,3,4,7,6,1,8,1,2,,9,9,1,22,9,121.565138,25.03200383
111,3,6,14,5,2,07信義區,信義區松勤街86號對面,0,0,1,2,C03,7,1,5,30,14,9,1,5,4,5,7,4,4,9,4,5,1,12,2,36,2,8,3,4,7,9,1,10,1,11,,23,9,1,22,9,121.565138,25.03200383
111,3,6,14,30,2,03中山區,中山區民生東路3段與遼寧街口,0,0,1,1,B12,8,1,5,0,3,1,1,5,4,5,7,2,1,5,2,5,2,2,1,58,3,10,1,1,7,5,6,18,1,1,,15,15,1,5,5,121.5420713,25.05786933
111,3,6,14,30,2,03中山區,中山區民生東路3段與遼寧街口,0,0,1,2,H01,8,1,5,0,3,1,1,5,4,5,7,2,1,5,2,5,2,2,2,9,2,9,4,5,8,16,8,20,1,16,,67,15,1,14,5,121.5420713,25.05786933
111,3,6,14,42,2,08士林區,士林區延平北路8段2巷與延平北路8段2巷55弄口,0,0,1,1,C03,8,1,5,30,4,2,1,5,4,5,7,4,4,10,5,5,1,15,1,20,2,8,1,1,7,9,1,10,1,11,,23,23,1,22,9,121.4868792,25.10553214
111,3,6,14,42,2,08士林區,士林區延平北路8段2巷與延平北路8段2巷55弄口,0,0,1,2,B03,8,1,5,30,4,2,1,5,4,5,7,4,4,10,5,5,1,15,2,45,3,10,1,1,7,9,1,8,1,5,,6,23,1,22,9,121.4868792,25.10553214
111,3,6,15,1,2,11南港區,南港區南港路1段與中南街口,0,0,1,1,C03,7,1,5,50,4,2,1,5,4,5,7,2,1,8,3,5,2,16,2,35,3,10,3,4,7,5,1,10,11,15,,2,2,2,22,9,121.6152998,25.05520707
111,3,6,15,1,2,11南港區,南港區南港路1段與中南街口,0,0,1,2,C03,7,1,5,50,4,2,1,5,4,5,7,2,1,8,3,5,2,16,1,28,2,9,3,4,7,9,1,10,2,11,,13,2,1,22,9,121.6152998,25.05520707
111,3,6,15,1,2,11南港區,南港區南港路1段與中南街口,0,0,1,3,B01,7,1,5,50,4,2,1,5,4,5,7,2,1,8,3,5,2,16,1,54,3,10,3,4,7,9,1,4,2,8,,44,2,1,22,9,121.6152998,25.05520707
111,3,6,15,7,2,05中正區,中正區羅斯福路2段與和平西路1段口,0,0,1,1,B01,8,1,5,50,4,1,1,5,4,5,7,1,1,3,3,5,2,15,1,51,3,10,1,1,7,9,1,4,2,1,,25,25,1,22,9,121.5224096,25.02700154
111,3,6,15,7,2,05中正區,中正區羅斯福路2段與和平西路1段口,0,0,1,2,C03,8,1,5,50,4,1,1,5,4,5,7,1,1,3,3,5,2,15,1,21,2,9,1,1,7,1,1,10,2,14,,25,25,1,22,9,121.5224096,25.02700154
111,3,6,15,7,2,05中正區,中正區羅斯福路2段與和平西路1段口,0,0,1,3,H02,8,1,5,50,4,1,1,5,4,5,7,1,1,3,3,5,2,15,2,22,4,11,4,5,7,20,8,20,10,16,,67,25,1,22,9,121.5224096,25.02700154
111,3,6,15,22,2,02萬華區,萬華區西園路2段140巷與西園路2段140巷6弄口,0,0,1,1,C03,8,1,5,30,4,1,1,5,4,5,7,4,4,10,5,5,2,15,1,41,2,9,1,1,7,9,1,10,1,11,,6,6,1,22,9,121.4960113,25.03051549
111,3,6,15,22,2,02萬華區,萬華區西園路2段140巷與西園路2段140巷6弄口,0,0,1,2,C03,8,1,5,30,4,1,1,5,4,5,7,4,4,10,5,5,2,15,1,17,3,10,1,1,7,9,2,18,1,11,,42,6,1,22,9,121.4960113,25.03051549
111,3,6,15,22,2,02萬華區,萬華區西園路2段140巷與西園路2段140巷6弄口,0,0,1,3,B12,8,1,5,30,4,1,1,5,4,5,7,4,4,10,5,5,2,15,1,34,3,10,1,1,7,13,1,8,9,15,,44,6,1,22,9,121.4960113,25.03051549
111,3,6,15,40,2,07信義區,信義區信安街103巷與吳興街284巷22弄口,0,0,1,1,B03,7,1,5,30,3,1,1,5,4,5,7,4,4,10,5,5,2,16,1,24,3,10,1,1,7,5,1,8,1,1,,6,6,1,22,9,121.5602958,25.02466828
111,3,6,15,40,2,07信義區,信義區信安街103巷與吳興街284巷22弄口,0,0,1,2,C03,7,1,5,30,3,1,1,5,4,5,7,4,4,10,5,5,2,16,1,26,2,9,1,1,7,9,1,10,1,11,,23,6,1,22,9,121.5602958,25.02466828
111,3,6,16,13,2,06松山區,松山區市民大道4段35號,0,0,2,1,C03,8,1,5,40,14,9,1,5,4,5,7,4,4,10,4,5,2,13,1,21,2,9,1,1,7,9,1,10,1,11,,44,44,1,22,9,121.5449224,25.04509679
111,3,6,16,13,2,06松山區,松山區市民大道4段35號,0,0,2,2,C03,8,1,5,40,14,9,1,5,4,5,7,4,4,10,4,5,2,13,2,42,2,9,1,1,7,8,1,10,1,12,,7,44,1,22,9,121.5449224,25.04509679
111,3,6,16,20,2,12內湖區,內湖區康樂街61巷與康樂街85巷口,0,0,2,2,B03,8,1,5,30,4,1,1,5,4,5,7,4,4,10,5,5,2,16,1,31,3,10,1,1,7,9,1,8,1,1,,6,6,1,22,9,121.6194991,25.06954235
111,3,6,16,20,2,12內湖區,內湖區康樂街61巷與康樂街85巷口,0,0,2,1,C03,8,1,5,30,4,1,1,5,4,5,7,4,4,10,5,5,2,16,1,48,2,9,1,1,7,9,1,10,1,12,,6,6,1,22,9,121.6194991,25.06954235
111,3,6,16,20,2,12內湖區,內湖區康樂街61巷與康樂街85巷口,0,0,2,3,H02,8,1,5,30,4,1,1,5,4,5,7,4,4,10,5,5,2,16,2,38,2,9,1,5,7,21,8,20,10,16,,67,6,1,22,9,121.6194991,25.06954235
111,3,6,16,20,2,07信義區,信義區信安街49號,0,0,1,1,B03,7,1,5,30,14,8,1,5,4,5,7,4,4,5,5,4,2,12,1,55,3,10,3,4,7,6,1,8,1,2,,9,9,1,22,9,121.5589112,25.02599155
111,3,6,16,20,2,07信義區,信義區信安街49號,0,0,1,2,C03,7,1,5,30,14,8,1,5,4,5,7,4,4,5,5,4,2,12,1,20,2,9,3,4,7,9,1,10,1,11,,23,9,1,22,9,121.5589112,25.02599155
111,3,6,17,22,2,11南港區,南港區玉成街166巷22弄與中坡南路49巷口,0,0,2,1,C03,7,1,5,50,3,2,1,5,4,5,7,4,4,5,4,5,2,16,2,42,2,8,1,1,7,5,1,10,2,14,,8,8,1,22,9,121.5843396,25.04307842
111,3,6,17,22,2,11南港區,南港區玉成街166巷22弄與中坡南路49巷口,0,0,2,2,C03,7,1,5,50,3,2,1,5,4,5,7,4,4,5,4,5,2,16,2,56,2,9,1,1,7,9,1,10,2,12,,23,8,1,22,9,121.5843396,25.04307842
111,3,6,18,26,2,04大安區,大安區辛亥路2段與新生南路3段口,0,0,1,1,B01,7,3,5,40,5,2,1,5,4,5,7,4,4,1,5,5,2,16,1,60,3,10,1,1,7,6,1,4,1,1,,23,23,1,22,9,121.5345071,25.02224886
111,3,6,18,26,2,04大安區,大安區辛亥路2段與新生南路3段口,0,0,1,2,F01,7,3,5,40,5,2,1,5,4,5,7,4,4,1,5,5,2,16,2,21,2,9,1,1,7,9,8,20,1,16,,27,23,1,22,9,121.5345071,25.02224886
111,3,6,18,54,2,03中山區,中山區民生東路2段與新生北路2段口北側迴轉道,0,0,1,1,B02,7,3,5,50,4,1,1,5,4,5,7,1,3,10,4,5,2,12,1,33,3,10,1,4,7,6,1,8,1,5,,9,9,1,22,9,121.527761,25.0581164
111,3,6,18,54,2,03中山區,中山區民生東路2段與新生北路2段口北側迴轉道,0,0,1,2,C03,7,3,5,50,4,1,1,5,4,5,7,1,3,10,4,5,2,12,2,51,2,9,1,4,7,9,1,10,1,14,,44,9,1,22,9,121.527761,25.0581164
111,3,6,19,5,2,05中正區,中正區西藏路與惠安街口,0,0,2,1,B03,8,3,5,30,4,2,1,5,4,5,7,1,1,1,4,5,2,13,1,52,3,10,1,1,7,9,1,8,2,8,,23,23,1,22,9,121.5059711,25.0304349
111,3,6,19,5,2,05中正區,中正區西藏路與惠安街口,0,0,2,3,H02,8,3,5,30,4,2,1,5,4,5,7,1,1,1,4,5,2,13,2,21,2,9,4,5,7,20,8,20,10,16,,67,23,1,22,9,121.5059711,25.0304349
111,3,6,19,5,2,05中正區,中正區西藏路與惠安街口,0,0,2,2,C03,8,3,5,30,4,2,1,5,4,5,7,1,1,1,4,5,2,13,1,24,2,9,1,1,7,14,1,10,2,13,,44,23,1,22,9,121.5059711,25.0304349
111,3,6,19,26,2,09北投區,北投區東華街1段370號,0,0,1,1,C03,8,3,5,40,14,9,1,5,4,5,7,4,4,9,4,5,2,17,2,45,2,9,1,1,7,9,1,10,1,11,,23,23,1,22,9,121.5189624,25.11000915
111,3,6,19,26,2,09北投區,北投區東華街1段370號,0,0,1,2,C03,8,3,5,40,14,9,1,5,4,5,7,4,4,9,4,5,2,17,1,40,3,10,3,1,7,13,1,10,1,14,,44,23,1,22,9,121.5189624,25.11000915
111,3,6,19,26,2,09北投區,北投區東華街1段370號,0,0,1,3,C03,8,3,5,40,14,9,1,5,4,5,7,4,4,9,4,5,2,17,2,21,3,10,3,1,7,13,1,10,1,12,,44,23,1,22,9,121.5189624,25.11000915
111,3,6,19,26,2,09北投區,北投區東華街1段370號,0,0,1,4,C03,8,3,5,40,14,9,1,5,4,5,7,4,4,9,4,5,2,17,1,69,3,10,3,1,7,13,1,10,1,14,,44,23,1,22,9,121.5189624,25.11000915
111,3,6,19,39,2,10文山區,文山區羅斯福路4段與基隆路4段口口,0,0,2,1,C04,7,3,5,50,4,1,1,5,4,5,7,2,1,1,4,5,2,16,1,24,2,9,1,1,7,5,1,10,2,14,,26,26,1,22,9,121.5370472,25.01091843
111,3,6,19,39,2,10文山區,文山區羅斯福路4段與基隆路4段口口,0,0,2,2,B03,7,3,5,50,4,1,1,5,4,5,7,2,1,1,4,5,2,16,1,64,3,10,1,1,7,9,1,8,2,5,,44,26,1,22,9,121.5370472,25.01091843
111,3,6,19,39,2,10文山區,文山區羅斯福路4段與基隆路4段口口,0,0,2,3,H02,7,3,5,50,4,1,1,5,4,5,7,2,1,1,4,5,2,16,2,24,2,9,1,1,7,20,8,20,10,16,,67,26,1,22,9,121.5370472,25.01091843
111,3,6,19,50,2,04大安區,大安區和平東路1段147號,0,0,1,1,B03,7,3,5,40,14,9,1,5,4,5,7,4,4,1,4,4,2,17,1,68,3,10,3,4,7,1,1,8,2,8,,19,19,1,22,9,121.53071,25.02649681
111,3,6,19,50,2,04大安區,大安區和平東路1段147號,0,0,1,2,A04,7,3,5,40,14,9,1,5,4,5,7,4,4,1,4,4,2,17,1,52,3,10,3,4,7,9,1,2,2,5,,44,19,1,22,9,121.53071,25.02649681
111,3,6,19,50,2,04大安區,大安區和平東路1段147號,0,0,1,3,E03,7,3,5,40,14,9,1,5,4,5,7,4,4,1,4,4,2,17,2,27,3,10,3,4,7,13,1,8,11,7,,44,19,1,22,9,121.53071,25.02649681
111,3,6,19,50,2,04大安區,大安區和平東路1段147號,0,0,1,4,H02,7,3,5,40,14,9,1,5,4,5,7,4,4,1,4,4,2,17,2,68,2,8,3,5,7,20,8,20,10,16,,67,19,1,22,9,121.53071,25.02649681
111,3,6,19,50,2,04大安區,大安區和平東路1段147號,0,0,1,5,E03,7,3,5,40,14,9,1,5,4,5,7,4,4,1,4,4,2,17,2,33,3,10,3,4,7,13,1,8,11,3,,44,19,1,22,9,121.53071,25.02649681
111,3,6,20,42,2,09北投區,北投區富貴一路5巷7號,0,0,2,1,C03,7,3,5,30,14,9,1,5,4,5,7,4,4,10,5,5,2,16,1,46,2,9,1,1,7,1,1,10,1,11,,19,19,1,22,9,121.5235462,25.1148876
111,3,6,20,42,2,09北投區,北投區富貴一路5巷7號,0,0,2,2,C03,7,3,5,30,14,9,1,5,4,5,7,4,4,10,5,5,2,16,1,36,2,9,1,1,7,9,1,10,1,12,,27,19,1,22,9,121.5235462,25.1148876
111,3,6,20,50,2,10文山區,文山區景文街與車前路口,0,0,1,1,B01,7,3,5,50,3,1,1,5,4,5,7,2,1,5,5,4,2,16,1,52,3,10,1,1,7,11,1,4,2,8,,10,10,1,22,9,121.5413113,24.9912354
111,3,6,20,50,2,10文山區,文山區景文街與車前路口,0,0,1,2,C03,7,3,5,50,3,1,1,5,4,5,7,2,1,5,5,4,2,16,2,45,2,9,1,1,7,9,1,10,2,12,,44,10,1,22,9,121.5413113,24.9912354
111,3,6,21,0,2,01大同區,大同區承德路3段與昌吉街口,0,0,2,1,B03,6,3,5,50,5,2,1,4,4,5,7,1,1,9,4,5,2,17,1,23,3,10,3,4,7,5,1,8,2,5,,8,8,1,22,9,121.5184308,25.0658652
111,3,6,21,0,2,01大同區,大同區承德路3段與昌吉街口,0,0,2,2,C03,6,3,5,50,5,2,1,4,4,5,7,1,1,9,4,5,2,17,1,44,2,9,3,4,7,9,1,10,2,14,,14,8,1,22,9,121.5184308,25.0658652
111,3,6,21,0,2,01大同區,大同區承德路3段與昌吉街口,0,0,2,3,H02,6,3,5,50,5,2,1,4,4,5,7,1,1,9,4,5,2,17,2,50,2,9,4,5,7,21,8,20,10,15,,67,8,1,22,9,121.5184308,25.0658652
111,3,6,21,0,2,10文山區,文山區辛亥路7段與忠順街1段口,0,0,1,1,C03,7,3,5,50,3,1,1,5,4,5,7,1,1,5,4,4,2,17,1,23,2,9,1,1,7,9,1,10,2,14,,44,44,1,22,9,121.5540889,24.98327293
111,3,6,21,0,2,10文山區,文山區辛亥路7段與忠順街1段口,0,0,1,2,C03,7,3,5,50,3,1,1,5,4,5,7,1,1,5,4,4,2,17,1,20,3,10,1,1,7,5,1,10,2,15,,8,44,1,22,9,121.5540889,24.98327293
111,3,6,21,27,2,01大同區,大同區鄭州路與塔城街口,0,0,1,2,C03,6,3,5,0,4,1,1,4,4,5,7,2,1,1,5,5,2,17,1,22,2,9,1,1,7,9,1,10,1,14,,44,25,1,22,9,121.5105847,25.0502985
111,3,6,21,27,2,01大同區,大同區鄭州路與塔城街口,0,0,1,1,B02,6,3,5,0,4,1,1,4,4,5,7,2,1,1,5,5,2,17,2,33,4,11,3,4,7,15,7,19,11,15,,25,25,2,22,9,121.5105847,25.0502985
111,3,6,21,40,2,06松山區,松山區南京東路4段55-1號,0,0,1,1,B01,6,3,5,50,14,9,1,4,4,5,7,4,4,1,3,4,2,17,1,54,3,10,3,4,7,6,1,4,1,8,,9,9,1,22,9,121.5524595,25.05172795
111,3,6,21,40,2,06松山區,松山區南京東路4段55-1號,0,0,1,2,F01,6,3,5,50,14,9,1,4,4,5,7,4,4,1,3,4,2,17,1,43,2,9,3,4,7,9,8,20,1,16,,26,9,1,22,9,121.5524595,25.05172795
111,3,6,22,46,2,07信義區,信義區虎林街82巷與虎林街口,0,0,3,1,C03,6,3,5,30,4,1,1,4,4,5,7,4,4,5,5,5,2,15,1,24,2,7,1,1,7,9,1,10,1,12,,6,6,1,22,9,121.5771736,25.04327571
111,3,6,22,46,2,07信義區,信義區虎林街82巷與虎林街口,0,0,3,2,C03,6,3,5,30,4,1,1,4,4,5,7,4,4,5,5,5,2,15,2,60,2,8,1,1,7,9,1,10,1,11,,44,6,1,22,9,121.5771736,25.04327571
111,3,6,22,46,2,07信義區,信義區虎林街82巷與虎林街口,0,0,3,3,H02,6,3,5,30,4,1,1,4,4,5,7,4,4,5,5,5,2,15,2,35,2,9,1,5,7,17,8,20,10,16,,67,6,1,22,9,121.5771736,25.04327571
111,3,6,22,50,2,08士林區,士林區延平北路5段99號,0,0,1,1,C03,6,3,5,50,14,9,1,4,4,5,7,4,4,1,4,5,2,17,2,54,2,9,1,4,7,9,1,10,1,11,,43,43,1,22,9,121.5104926,25.08123227
111,3,6,22,50,2,08士林區,士林區延平北路5段99號,0,0,1,2,B03,6,3,5,50,14,9,1,4,4,5,7,4,4,1,4,5,2,17,2,61,3,10,3,4,7,9,1,8,1,2,,43,43,1,22,9,121.5104926,25.08123227
111,3,6,22,50,2,08士林區,士林區延平北路5段99號,0,0,1,3,,6,3,5,50,14,9,1,4,4,5,7,4,4,1,4,5,2,17,3,,,,,,,,,,,,,67,43,1,,,121.5104926,25.08123227
111,3,6,23,15,2,12內湖區,內湖區民權東路6段56巷與民權東路6段56巷25弄口,0,0,1,1,B12,6,3,5,40,14,7,1,4,4,5,7,4,4,9,4,4,2,16,1,59,3,10,1,1,7,11,1,8,1,4,,10,10,1,22,9,121.585362,25.0674069
111,3,6,23,15,2,12內湖區,內湖區民權東路6段56巷與民權東路6段56巷25弄口,0,0,1,2,C03,6,3,5,40,14,7,1,4,4,5,7,4,4,9,4,4,2,16,1,41,2,9,1,1,7,9,1,10,1,11,,44,10,1,22,9,121.585362,25.0674069
111,3,6,23,20,2,11南港區,南港區南港路1段與經貿一路口,0,0,2,1,C03,6,3,5,50,3,1,1,4,4,5,7,1,1,10,3,5,1,13,1,19,2,7,1,1,7,9,1,10,2,11,,16,16,1,21,9,121.6186714,25.05490967
111,3,6,23,20,2,11南港區,南港區南港路1段與經貿一路口,0,0,2,2,C03,6,3,5,50,3,1,1,4,4,5,7,1,1,10,3,5,1,13,1,33,2,7,1,1,7,9,1,10,2,13,,44,16,1,22,9,121.6186714,25.05490967
111,3,6,23,33,2,03中山區,中山區新生北路2段與民生東路2段口,0,0,2,1,H01,6,3,5,50,4,1,1,4,4,5,7,2,1,1,4,5,2,1,2,21,2,9,4,5,8,16,8,20,10,16,,52,52,1,22,9,121.5278076,25.05811104
111,3,6,23,33,2,03中山區,中山區新生北路2段與民生東路2段口,0,0,2,2,C03,6,3,5,50,4,1,1,4,4,5,7,2,1,1,4,5,2,1,1,26,2,9,1,4,7,9,1,10,1,15,,15,52,1,22,9,121.5278076,25.05811104
111,3,7,0,6,2,03中山區,中山區樂群二路與敬業二路口,0,0,1,1,B01,6,3,5,50,4,1,1,4,4,5,7,1,1,1,3,5,1,17,1,65,3,10,3,4,7,5,1,8,2,15,,6,6,1,22,9,121.5544036,25.07996615
111,3,7,0,6,2,03中山區,中山區樂群二路與敬業二路口,0,0,1,2,C03,6,3,5,50,4,1,1,4,4,5,7,1,1,1,3,5,1,17,2,40,2,9,1,1,7,9,1,10,2,12,,42,6,1,22,9,121.5544036,25.07996615
111,3,7,5,55,2,09北投區,北投區西安街2段與致遠三路口,0,0,1,1,B03,6,3,5,50,5,1,1,4,4,5,7,2,1,7,4,5,2,17,1,64,4,11,1,1,7,1,7,19,11,15,,19,19,1,22,9,121.508005,25.1202813
111,3,7,5,55,2,09北投區,北投區西安街2段與致遠三路口,0,0,1,2,C03,6,3,5,50,5,1,1,4,4,5,7,2,1,7,4,5,2,17,1,31,2,9,1,1,7,9,1,10,1,14,,44,19,1,22,9,121.508005,25.1202813
111,3,7,5,56,2,07信義區,信義區永吉路與松信路口,0,0,1,1,B03,6,2,5,50,14,9,1,4,4,5,7,1,1,3,4,5,2,2,1,63,3,10,3,4,7,5,1,8,1,5,,43,43,1,22,9,121.5719873,25.04564824
111,3,7,5,56,2,07信義區,信義區永吉路與松信路口,0,0,1,2,H01,6,2,5,50,14,9,1,4,4,5,7,1,1,3,4,5,2,2,1,59,2,9,4,5,8,16,8,20,10,16,,67,43,1,22,9,121.5719873,25.04564824
111,3,7,6,0,2,03中山區,中山區民生東路1段與林森北路口,0,0,1,1,B03,6,3,5,50,4,1,1,4,4,5,7,1,1,4,3,5,1,3,1,23,3,10,1,1,7,5,1,8,2,1,,15,15,1,22,9,121.5255179,25.05811318
111,3,7,6,0,2,03中山區,中山區民生東路1段與林森北路口,0,0,1,2,H01,6,3,5,50,4,1,1,4,4,5,7,1,1,4,3,5,1,3,1,65,2,8,4,5,8,16,8,20,10,16,,67,15,1,22,9,121.5255179,25.05811318
111,3,7,6,35,2,03中山區,中山區北安路與大直街口,0,0,1,2,E03,6,1,5,50,5,2,1,4,4,5,7,1,1,1,4,5,2,16,2,47,3,10,3,4,7,6,1,8,2,8,,9,8,1,22,9,121.5469629,25.07992148
111,3,7,6,35,2,03中山區,中山區北安路與大直街口,0,0,1,3,B01,6,1,5,50,5,2,1,4,4,5,7,1,1,1,4,5,2,16,1,67,4,11,3,4,7,15,7,19,11,15,,38,8,2,22,9,121.5469629,25.07992148
111,3,7,6,35,2,03中山區,中山區北安路與大直街口,0,0,1,1,C03,6,1,5,50,5,2,1,4,4,5,7,1,1,1,4,5,2,16,2,44,2,9,1,1,7,5,1,10,2,12,,8,8,1,22,9,121.5469629,25.07992148
111,3,7,6,42,2,04大安區,大安區新生南路2段與八德路2段口,0,0,1,1,A04,6,1,5,50,4,1,1,4,4,5,7,1,1,1,4,5,2,17,2,62,3,10,1,1,7,5,1,2,1,2,,25,25,1,22,9,121.5330097,25.04435963
111,3,7,6,42,2,04大安區,大安區新生南路2段與八德路2段口,0,0,1,2,C03,6,1,5,50,4,1,1,4,4,5,7,1,1,1,4,5,2,17,1,46,2,9,1,1,7,9,1,10,1,11,,44,25,1,22,9,121.5330097,25.04435963
111,3,7,6,42,2,05中正區,中正區林森南路與忠孝東路1段口口,0,0,2,1,C03,6,1,5,50,4,1,1,4,4,5,7,2,1,9,4,4,1,15,1,68,2,9,1,1,7,9,1,10,2,11,,25,25,1,21,1,121.5232743,25.04466848
111,3,7,6,42,2,05中正區,中正區林森南路與忠孝東路1段口口,0,0,2,2,C03,6,1,5,50,4,1,1,4,4,5,7,2,1,9,4,4,1,15,1,62,2,9,1,1,7,9,1,10,2,14,,44,25,1,21,1,121.5232743,25.04466848
111,3,7,6,46,2,09北投區,北投區大業路31號,0,0,1,1,B03,6,1,5,50,14,9,1,4,4,5,7,4,4,1,4,5,2,16,1,81,3,10,1,1,7,6,1,8,11,5,,9,9,2,22,9,121.4993668,25.12200126
111,3,7,6,46,2,09北投區,北投區大業路31號,0,0,1,2,C03,6,1,5,50,14,9,1,4,4,5,7,4,4,1,4,5,2,16,1,21,2,9,3,4,7,9,1,10,1,14,,23,9,1,22,9,121.4993668,25.12200126
111,3,7,7,0,2,02萬華區,萬華區中華路1段與成都路口,0,0,3,1,H01,6,1,5,50,4,1,1,4,4,5,7,1,1,1,3,1,1,3,1,27,2,9,4,5,8,20,8,20,8,16,,52,52,1,22,9,121.5081663,25.04233776
111,3,7,7,0,2,02萬華區,萬華區中華路1段與成都路口,0,0,3,2,C03,6,1,5,50,4,1,1,4,4,5,7,1,1,1,3,1,1,3,1,43,2,9,3,4,7,9,1,10,2,11,,44,52,1,22,9,121.5081663,25.04233776
111,3,7,7,0,2,02萬華區,萬華區中華路1段與成都路口,0,0,3,3,C03,6,1,5,50,4,1,1,4,4,5,7,1,1,1,3,1,1,3,1,38,2,8,3,4,7,9,1,10,2,14,,44,52,1,22,9,121.5081663,25.04233776