發生年度,發生月,發生日,發生時-Hours,發生分,處理別-編號,區序,肇事地點,死亡人數,2-30日死亡人數,受傷人數,當事人序號,車種,天候,光線,道路類別,速限-速度限制,道路型態,事故位置,路面狀況1,路面狀況2,路面狀況3,道路障礙1,道路障礙2,號誌1,號誌2,車道劃分-分向,車道劃分-分道1,車道劃分-分道2,車道劃分-分道3,事故類型及型態,性別,年齡,受傷程度,主要傷處,安全帽,行動電話,車輛用途,當事者行動狀態,駕駛資格情形,駕駛執照種類,飲酒情形,車輛撞擊部位1,車輛撞擊部位2,肇因碼-個別,肇因碼-主要,個人肇逃否,職業,旅次目的,座標-X,座標-Y
111,3,7,7,0,2,06松山區,松山區八德路3段206號,0,0,1,1,B01,6,1,5,30,14,9,1,4,4,5,7,4,4,10,4,5,2,13,1,59,3,10,3,4,7,1,1,4,2,4,,19,19,1,22,9,121.5565962,25.04806209
111,3,7,7,0,2,06松山區,松山區八德路3段206號,0,0,1,2,C03,6,1,5,30,14,9,1,4,4,5,7,4,4,10,4,5,2,13,1,20,2,9,3,4,7,9,1,10,2,11,,13,19,1,22,9,121.5565962,25.04806209
111,3,7,7,3,2,11南港區,南港區忠孝東路7段124巷與向陽路口,0,0,1,1,C03,6,1,5,50,5,1,1,4,4,5,7,2,1,1,4,5,2,16,2,52,2,9,1,1,7,5,1,10,1,12,,25,25,1,22,9,121.5953544,25.05052206
111,3,7,7,3,2,11南港區,南港區忠孝東路7段124巷與向陽路口,0,0,1,2,B03,6,1,5,50,5,1,1,4,4,5,7,2,1,1,4,5,2,16,1,55,3,10,3,4,7,5,1,7,1,8,,43,25,1,22,9,121.5953544,25.05052206
111,3,7,7,30,2,09北投區,北投區石牌路1段166巷114號,0,0,3,1,C03,6,1,5,30,14,9,1,4,4,5,7,4,4,10,5,5,2,2,1,44,2,9,1,1,7,9,1,10,1,11,,23,23,1,22,9,121.5153688,25.11202984
111,3,7,7,30,2,09北投區,北投區石牌路1段166巷114號,0,0,3,2,H02,6,1,5,30,14,9,1,4,4,5,7,4,4,10,5,5,2,2,2,12,2,9,1,5,7,21,8,20,10,15,,67,23,1,22,9,121.5153688,25.11202984
111,3,7,7,30,2,09北投區,北投區石牌路1段166巷114號,0,0,3,3,H01,6,1,5,30,14,9,1,4,4,5,7,4,4,10,5,5,2,2,1,59,2,9,4,5,8,16,8,20,10,16,,51,23,1,22,9,121.5153688,25.11202984
111,3,7,7,38,2,10文山區,文山區木新路3段72號,0,0,1,1,C03,6,1,5,50,14,9,1,4,4,5,7,4,4,4,3,5,2,18,2,22,2,9,1,1,7,9,1,10,11,14,,43,43,1,22,9,121.56357,24.98234289
111,3,7,7,38,2,10文山區,文山區木新路3段72號,0,0,1,2,,6,1,5,50,14,9,1,4,4,5,7,4,4,4,3,5,2,18,3,,,,,,,,,,,,,67,43,1,,,121.56357,24.98234289
111,3,7,7,54,2,08士林區,士林區文林路與雙溪街口,0,0,1,1,B01,6,1,5,50,5,2,1,4,4,5,7,1,1,9,4,5,2,17,1,37,3,10,1,1,7,5,1,4,1,1,,16,16,1,22,9,121.5234023,25.09969177
111,3,7,7,54,2,08士林區,士林區文林路與雙溪街口,0,0,1,2,C03,6,1,5,50,5,2,1,4,4,5,7,1,1,9,4,5,2,17,2,29,2,8,2,1,7,6,1,10,1,13,,44,16,1,22,9,121.5234023,25.09969177
111,3,7,8,0,2,07信義區,信義區福德街242號,0,0,1,1,C03,6,1,5,30,14,9,1,4,4,5,7,4,4,5,2,5,2,18,1,70,2,7,1,1,7,9,6,10,9,11,,22,22,1,22,8,121.5851554,25.03862221
111,3,7,8,0,2,07信義區,信義區福德街242號,0,0,1,2,,6,1,5,30,14,9,1,4,4,5,7,4,4,5,2,5,2,18,3,,,,,,,,,,,,,67,22,1,,,121.5851554,25.03862221
111,3,7,8,1,2,09北投區,北投區中央北路4段與中央北路4段142巷口,0,0,1,1,C03,6,1,5,50,3,1,1,4,4,5,7,2,1,5,4,5,2,13,2,19,2,8,1,1,7,9,1,10,1,11,,16,16,1,22,9,121.4760191,25.1334995
111,3,7,8,1,2,09北投區,北投區中央北路4段與中央北路4段142巷口,0,0,1,2,B03,6,1,5,50,3,1,1,4,4,5,7,2,1,5,4,5,2,13,1,40,3,10,1,1,7,9,1,8,1,3,,44,16,1,22,9,121.4760191,25.1334995
111,3,7,8,2,2,03中山區,中山區大直橋往南,0,0,1,1,B03,6,1,5,50,8,8,1,4,4,5,7,4,4,1,3,4,1,12,1,73,3,10,3,4,7,8,1,8,2,2,,7,7,1,22,9,121.5443118,25.07901453
111,3,7,8,2,2,03中山區,中山區大直橋往南,0,0,1,2,C03,6,1,5,50,8,8,1,4,4,5,7,4,4,1,3,4,1,12,1,41,2,9,3,4,7,9,1,10,2,14,,44,7,1,22,9,121.5443118,25.07901453
111,3,7,8,10,2,12內湖區,內湖區康寧路3段16巷與康寧路3段口,0,0,1,2,C03,6,1,5,50,4,1,1,4,4,5,7,1,1,1,4,4,2,16,1,24,2,9,1,1,7,9,1,10,1,11,,43,8,1,22,9,121.610056,25.07122764
111,3,7,8,10,2,12內湖區,內湖區康寧路3段16巷與康寧路3段口,0,0,1,1,B03,6,1,5,50,4,1,1,4,4,5,7,1,1,1,4,4,2,16,1,44,3,10,1,1,7,5,1,8,1,2,,8,8,1,22,9,121.610056,25.07122764
111,3,7,8,10,2,07信義區,信義區基隆路1段與基隆路1段83巷口,0,0,1,1,C03,6,1,5,50,14,9,1,4,4,5,7,4,4,1,4,5,2,17,1,39,3,10,1,1,7,8,1,10,1,12,,7,7,1,22,9,121.5679152,25.04663787
111,3,7,8,10,2,07信義區,信義區基隆路1段與基隆路1段83巷口,0,0,1,2,C03,6,1,5,50,14,9,1,4,4,5,7,4,4,1,4,5,2,17,1,60,2,9,1,1,7,9,1,10,1,14,,44,7,1,22,9,121.5679152,25.04663787
111,3,7,8,35,2,06松山區,松山區南京東路5段141號,0,0,1,1,C03,6,1,5,50,14,7,1,4,4,5,7,4,4,1,4,4,2,13,1,34,2,7,1,1,7,8,1,10,1,11,,23,23,1,22,9,121.5616775,25.05156355
111,3,7,8,35,2,06松山區,松山區南京東路5段141號,0,0,1,2,B12,6,1,5,50,14,7,1,4,4,5,7,4,4,1,4,4,2,13,1,36,3,10,1,1,7,14,1,8,1,6,,42,23,1,22,9,121.5616775,25.05156355
111,3,7,8,35,2,08士林區,士林區中正路621號,0,0,1,1,C03,6,1,5,50,14,9,1,4,4,5,7,4,4,1,5,5,1,17,1,23,3,10,1,1,7,9,1,10,1,12,,23,23,1,22,9,121.5087837,25.08649936
111,3,7,8,35,2,08士林區,士林區中正路621號,0,0,1,2,C03,6,1,5,50,14,9,1,4,4,5,7,4,4,1,5,5,1,17,1,60,2,9,1,1,7,9,1,10,1,15,,44,23,1,22,9,121.5087837,25.08649936
111,3,7,8,38,2,04大安區,大安區信義路4段與光復南路口,0,0,1,1,B03,6,1,5,50,4,1,1,4,4,5,7,2,1,1,4,5,2,12,1,61,3,10,1,1,7,5,1,8,1,4,,8,8,1,22,9,121.5574352,25.03315219
111,3,7,8,38,2,04大安區,大安區信義路4段與光復南路口,0,0,1,2,C03,6,1,5,50,4,1,1,4,4,5,7,2,1,1,4,5,2,12,1,29,2,8,1,1,7,5,1,10,1,14,,44,8,1,22,9,121.5574352,25.03315219
111,3,7,8,43,2,11南港區,南港區南港路2段與南港路2段178巷口,0,0,1,1,B03,6,1,5,50,4,2,1,4,4,5,7,2,1,8,3,4,2,16,1,43,3,10,3,4,7,5,1,8,1,15,,6,6,1,22,9,121.5997105,25.05345213
111,3,7,8,43,2,11南港區,南港區南港路2段與南港路2段178巷口,0,0,1,2,C03,6,1,5,50,4,2,1,4,4,5,7,2,1,8,3,4,2,16,1,23,2,8,3,4,7,9,1,10,1,15,,44,6,1,22,9,121.5997105,25.05345213
111,3,7,8,44,2,06松山區,松山區民生東路4段91號,0,0,1,1,C03,6,1,5,50,14,9,1,4,4,5,7,4,4,1,4,5,2,17,2,29,2,9,3,4,7,9,1,10,2,11,,42,42,1,22,9,121.5519312,25.05804101
111,3,7,8,44,2,06松山區,松山區民生東路4段91號,0,0,1,2,C03,6,1,5,50,14,9,1,4,4,5,7,4,4,1,4,5,2,17,1,40,3,10,3,4,7,5,1,10,2,13,,42,42,1,22,9,121.5519312,25.05804101
111,3,7,8,44,2,06松山區,松山區民生東路4段91號,0,0,1,3,B03,6,1,5,50,14,9,1,4,4,5,7,4,4,1,4,5,2,17,1,61,3,10,3,4,7,1,1,4,11,15,,19,42,1,22,9,121.5519312,25.05804101
111,3,7,8,44,2,08士林區,士林區雨農路與福志路口,0,0,1,1,C03,6,1,5,50,4,1,1,4,4,5,7,1,1,5,5,5,1,12,1,18,2,9,1,1,7,5,1,10,1,14,,8,8,1,22,9,121.5323718,25.0983561
111,3,7,8,44,2,08士林區,士林區雨農路與福志路口,0,0,1,2,B01,6,1,5,50,4,1,1,4,4,5,7,1,1,5,5,5,1,12,1,48,3,10,1,1,7,15,1,1,1,1,,44,8,1,22,9,121.5323718,25.0983561
111,3,7,9,10,2,08士林區,士林區中山北路5段與劍潭路口,0,0,2,1,B03,6,1,5,0,14,9,1,4,4,5,7,4,4,9,4,5,1,12,1,35,3,10,1,1,7,8,1,8,1,5,,7,7,1,22,9,121.5253615,25.0840092
111,3,7,9,10,2,08士林區,士林區中山北路5段與劍潭路口,0,0,2,2,B03,6,1,5,0,14,9,1,4,4,5,7,4,4,9,4,5,1,12,1,75,3,10,1,1,7,9,1,8,1,4,,44,7,1,22,9,121.5253615,25.0840092
111,3,7,9,10,2,08士林區,士林區中山北路5段與劍潭路口,0,0,2,3,C03,6,1,5,0,14,9,1,4,4,5,7,4,4,9,4,5,1,12,2,75,2,8,1,1,7,9,1,10,1,11,,16,7,1,22,9,121.5253615,25.0840092
111,3,7,9,10,2,08士林區,士林區中山北路5段與劍潭路口,0,0,2,4,C03,6,1,5,0,14,9,1,4,4,5,7,4,4,9,4,5,1,12,2,23,2,8,1,1,7,9,1,10,1,11,,16,7,1,22,9,121.5253615,25.0840092
111,3,7,9,36,2,12內湖區,內湖區新明路465號,0,0,1,1,B01,6,1,5,30,14,9,1,4,4,5,7,4,4,10,5,5,2,1,1,59,3,10,1,1,7,7,1,4,1,8,,7,7,1,22,9,121.5800479,25.05464237
111,3,7,9,36,2,12內湖區,內湖區新明路465號,0,0,1,2,H01,6,1,5,30,14,9,1,4,4,5,7,4,4,10,5,5,2,1,1,65,2,9,4,5,8,16,8,20,10,16,,67,7,1,22,9,121.5800479,25.05464237
111,3,7,9,44,2,10文山區,文山區景後街與景興路282巷口,0,0,1,1,C03,6,1,5,30,4,1,1,4,4,5,7,4,4,10,5,5,2,15,1,78,2,9,1,1,7,9,1,10,2,11,,6,6,1,22,9,121.5417746,24.98975237
111,3,7,9,44,2,10文山區,文山區景後街與景興路282巷口,0,0,1,2,B03,6,1,5,30,4,1,1,4,4,5,7,4,4,10,5,5,2,15,1,68,3,10,1,1,7,9,1,8,2,4,,14,6,1,22,9,121.5417746,24.98975237
111,3,7,10,0,2,10文山區,文山區萬美街1段51號,0,0,1,1,C03,6,1,5,50,14,9,1,4,4,5,7,3,1,4,3,5,1,17,1,24,2,8,1,4,7,9,1,10,1,12,,23,23,1,22,9,121.5682978,25.00245175
111,3,7,10,0,2,10文山區,文山區萬美街1段51號,0,0,1,2,B03,6,1,5,50,14,9,1,4,4,5,7,3,1,4,3,5,1,17,1,62,3,10,3,4,7,7,1,8,1,15,,7,23,1,22,9,121.5682978,25.00245175
111,3,7,10,5,2,04大安區,大安區忠孝東路4段17巷與忠孝東路4段口,0,0,1,1,B01,6,1,5,30,3,2,1,4,4,5,7,4,4,9,4,5,1,16,1,61,3,10,3,1,7,6,1,4,2,8,,6,6,1,22,9,121.5444377,25.04172215
111,3,7,10,5,2,04大安區,大安區忠孝東路4段17巷與忠孝東路4段口,0,0,1,2,C03,6,1,5,30,3,2,1,4,4,5,7,4,4,9,4,5,1,16,2,26,2,9,1,1,7,9,1,10,2,12,,14,6,1,22,9,121.5444377,25.04172215
111,3,7,10,11,2,09北投區,北投區中央北路2段105號,0,0,1,1,B03,6,1,5,50,14,9,1,4,4,5,7,4,4,5,4,5,2,16,1,40,3,10,3,4,7,8,1,8,1,2,,43,43,1,22,9,121.4950344,25.13699256
111,3,7,10,11,2,09北投區,北投區中央北路2段105號,0,0,1,2,C03,6,1,5,50,14,9,1,4,4,5,7,4,4,5,4,5,2,16,2,29,2,9,1,1,7,9,1,10,1,14,,43,43,1,22,9,121.4950344,25.13699256
111,3,7,10,15,2,07信義區,信義區莊敬路325巷與莊敬路289巷6弄口,0,0,1,1,B03,8,1,5,30,4,2,1,4,4,5,7,4,4,10,5,5,2,17,2,21,3,10,1,1,7,5,1,8,1,8,,43,43,1,22,9,121.5641756,25.02858281
111,3,7,10,15,2,07信義區,信義區莊敬路325巷與莊敬路289巷6弄口,0,0,1,2,C03,8,1,5,30,4,2,1,4,4,5,7,4,4,10,5,5,2,17,1,55,2,9,1,1,7,9,1,10,1,14,,43,43,1,22,9,121.5641756,25.02858281
111,3,7,11,15,2,07信義區,信義區永吉路與永吉路326巷口,0,0,1,1,B01,6,1,5,50,4,2,1,4,4,5,7,1,1,1,4,4,2,1,1,67,3,10,1,1,7,6,1,4,1,5,,43,43,1,22,9,121.5754968,25.04547298
111,3,7,11,15,2,07信義區,信義區永吉路與永吉路326巷口,0,0,1,2,H01,6,1,5,50,4,2,1,4,4,5,7,1,1,1,4,4,2,1,1,66,2,9,4,5,8,16,8,20,10,16,,67,43,1,22,9,121.5754968,25.04547298
111,3,7,12,20,2,04大安區,大安區師大路80巷與浦城街口,0,0,2,1,B01,6,1,5,30,4,1,1,4,4,5,7,4,4,10,5,5,1,16,1,55,2,2,3,4,7,9,1,4,1,2,,6,6,1,22,9,121.5268147,25.02341575
111,3,7,12,20,2,04大安區,大安區師大路80巷與浦城街口,0,0,2,2,C03,6,1,5,30,4,1,1,4,4,5,7,4,4,10,5,5,1,16,1,21,2,7,1,1,7,9,1,10,1,11,,44,6,1,22,9,121.5268147,25.02341575
111,3,7,12,30,2,08士林區,士林區士東路266巷3弄與士東路286巷口,0,0,2,1,C03,6,1,5,50,3,2,1,4,4,5,7,4,4,9,5,5,2,17,1,34,2,8,1,1,7,5,1,10,1,14,,8,8,1,22,9,121.5374276,25.11272809
111,3,7,12,30,2,08士林區,士林區士東路266巷3弄與士東路286巷口,0,0,2,2,C03,6,1,5,50,3,2,1,4,4,5,7,4,4,9,5,5,2,17,1,20,2,9,1,1,7,9,1,10,1,11,,4,8,1,22,9,121.5374276,25.11272809
111,3,7,12,35,2,04大安區,大安區市民大道4段與光復南路口,0,0,1,1,C03,6,1,5,50,5,1,1,4,4,5,7,2,1,10,5,5,2,12,1,51,3,10,1,4,7,9,1,9,1,14,,23,23,1,22,9,121.5577013,25.0451058
111,3,7,12,35,2,04大安區,大安區市民大道4段與光復南路口,0,0,1,2,C03,6,1,5,50,5,1,1,4,4,5,7,2,1,10,5,5,2,12,2,56,2,9,1,4,7,9,1,10,1,12,,44,23,1,22,9,121.5577013,25.0451058
111,3,7,13,26,2,05中正區,中正區中山北路1段與市民大道1段口,0,0,1,1,C03,6,1,5,40,4,2,1,4,4,5,7,1,1,1,4,5,1,12,2,25,3,10,1,1,7,6,1,10,2,13,,6,6,1,22,9,121.5204211,25.04800662
111,3,7,13,26,2,05中正區,中正區中山北路1段與市民大道1段口,0,0,1,2,C03,6,1,5,40,4,2,1,4,4,5,7,1,1,1,4,5,1,12,2,38,2,9,1,1,7,9,1,10,2,11,,44,6,1,22,9,121.5204211,25.04800662
111,3,7,13,35,2,04大安區,大安區和平東路2段與和平東路2段96巷口,0,0,3,1,B02,6,1,5,50,3,2,1,4,4,5,7,4,4,1,4,4,2,13,1,60,4,11,3,4,7,6,7,19,11,15,,9,9,2,22,9,121.541379,25.02497983
111,3,7,13,35,2,04大安區,大安區和平東路2段與和平東路2段96巷口,0,0,3,2,C03,6,1,5,50,3,2,1,4,4,5,7,4,4,1,4,4,2,13,1,22,2,7,1,4,7,9,1,10,1,11,,16,9,1,22,9,121.541379,25.02497983
111,3,7,13,35,2,04大安區,大安區和平東路2段與和平東路2段96巷口,0,0,3,3,C03,6,1,5,50,3,2,1,4,4,5,7,4,4,1,4,4,2,13,2,28,2,9,1,4,7,12,1,10,1,13,,44,9,1,22,9,121.541379,25.02497983
111,3,7,13,35,2,04大安區,大安區和平東路2段與和平東路2段96巷口,0,0,3,4,C03,6,1,5,50,3,2,1,4,4,5,7,4,4,1,4,4,2,13,1,20,3,10,1,4,7,12,1,10,1,13,,44,9,1,22,9,121.541379,25.02497983
111,3,7,13,35,2,04大安區,大安區和平東路2段與和平東路2段96巷口,0,0,3,5,H02,6,1,5,50,3,2,1,4,4,5,7,4,4,1,4,4,2,13,2,22,2,8,4,5,7,20,8,20,10,16,,67,9,1,22,9,121.541379,25.02497983
111,3,7,13,40,2,05中正區,中正區汀州路3段179號,0,0,1,1,B01,6,1,5,50,14,9,1,4,4,5,7,2,1,5,4,5,2,17,1,64,3,10,1,1,7,8,1,4,1,3,,7,7,1,22,9,121.5326432,25.01484876
111,3,7,13,40,2,05中正區,中正區汀州路3段179號,0,0,1,2,C03,6,1,5,50,14,9,1,4,4,5,7,2,1,5,4,5,2,17,1,50,2,8,1,1,7,9,1,10,1,11,,44,7,1,22,9,121.5326432,25.01484876
111,3,7,13,52,2,11南港區,南港區東新街108巷與東新街118巷口,0,0,1,1,C03,6,1,5,30,4,2,1,4,4,5,7,2,1,10,5,5,2,3,1,24,3,10,1,4,7,9,1,10,2,11,,15,15,1,22,9,121.5880509,25.04594693
111,3,7,13,52,2,11南港區,南港區東新街108巷與東新街118巷口,0,0,1,2,H01,6,1,5,30,4,2,1,4,4,5,7,2,1,10,5,5,2,3,2,52,2,8,4,5,8,16,8,20,1,16,,52,15,1,22,9,121.5880509,25.04594693
111,3,7,14,23,2,03中山區,中山區南京東路3段與復興北路口,0,0,1,2,H01,6,1,5,40,4,1,1,4,4,5,7,1,1,1,3,4,2,1,1,50,2,9,1,1,8,16,8,20,10,16,,67,15,1,22,9,121.5439273,25.05170029
111,3,7,14,23,2,03中山區,中山區南京東路3段與復興北路口,0,0,1,1,B03,6,1,5,40,4,1,1,4,4,5,7,1,1,1,3,4,2,1,1,58,3,10,1,1,7,6,6,8,2,1,,15,15,1,22,9,121.5439273,25.05170029
111,3,7,14,25,2,01大同區,大同區重慶北路2段與歸綏街口,0,0,1,1,C03,6,1,5,50,4,1,1,4,4,5,7,1,1,9,4,5,2,12,2,73,3,10,1,1,7,9,3,18,2,12,,44,44,1,22,9,121.5137236,25.0581824
111,3,7,14,25,2,01大同區,大同區重慶北路2段與歸綏街口,0,0,1,2,F01,6,1,5,50,4,1,1,4,4,5,7,1,1,9,4,5,2,12,2,55,2,9,3,1,7,7,8,20,2,15,,7,44,1,22,9,121.5137236,25.0581824
111,3,7,14,50,2,05中正區,中正區中華路2段與和平西路2段口,0,0,1,1,B03,6,1,5,50,4,1,1,4,4,5,7,1,1,5,4,4,2,15,1,40,3,10,1,1,7,9,1,8,2,1,,25,25,1,22,9,121.5054017,25.03349734
111,3,7,14,50,2,05中正區,中正區中華路2段與和平西路2段口,0,0,1,2,C03,6,1,5,50,4,1,1,4,4,5,7,1,1,5,4,4,2,15,2,23,2,9,1,1,7,9,1,10,2,12,,44,25,1,22,9,121.5054017,25.03349734
111,3,7,14,55,2,10文山區,文山區木新路2段與木新路2段111巷口口,0,0,1,1,B03,6,1,5,50,3,1,1,4,4,5,7,3,1,4,3,5,1,12,1,39,3,10,3,4,7,11,1,8,1,4,,10,10,1,22,9,121.5698805,24.98444423
111,3,7,14,55,2,10文山區,文山區木新路2段與木新路2段111巷口口,0,0,1,2,C03,6,1,5,50,3,1,1,4,4,5,7,3,1,4,3,5,1,12,2,19,2,8,1,4,7,9,1,10,1,11,,44,10,1,22,9,121.5698805,24.98444423
111,3,7,15,6,2,04大安區,大安區瑞安街與瑞安街23巷口,0,0,1,1,F01,6,1,5,30,4,1,1,4,4,5,7,4,4,10,5,5,2,16,1,27,2,8,1,1,7,6,8,20,1,16,,6,6,1,22,9,121.5439306,25.0310369
111,3,7,15,6,2,04大安區,大安區瑞安街與瑞安街23巷口,0,0,1,2,B03,6,1,5,30,4,1,1,4,4,5,7,4,4,10,5,5,2,16,2,39,3,10,1,1,7,9,1,8,1,4,,14,6,1,22,9,121.5439306,25.0310369
111,3,7,15,17,2,04大安區,大安區敦化南路2段164號,0,0,1,1,C03,6,1,5,50,14,9,1,4,4,5,7,4,4,10,4,5,2,17,2,21,2,9,1,1,7,15,1,10,1,15,,23,23,1,22,9,121.5484626,25.02437326
111,3,7,15,17,2,04大安區,大安區敦化南路2段164號,0,0,1,2,B03,6,1,5,50,14,9,1,4,4,5,7,4,4,10,4,5,2,17,1,45,3,10,1,1,7,9,1,8,1,3,,44,23,1,22,9,121.5484626,25.02437326
111,3,7,15,28,2,03中山區,中山區錦州街363號,0,0,2,1,C03,6,1,5,50,14,9,1,4,4,5,7,4,4,9,5,5,2,17,2,69,2,8,1,1,7,5,1,10,1,14,,8,8,1,22,9,121.5402461,25.06026357
111,3,7,15,28,2,03中山區,中山區錦州街363號,0,0,2,2,C03,6,1,5,50,14,9,1,4,4,5,7,4,4,9,5,5,2,17,1,26,2,8,3,4,7,9,1,10,1,11,,44,8,1,22,9,121.5402461,25.06026357
111,3,7,15,30,2,12內湖區,內湖區康樂街20巷與東湖路119巷口,0,0,1,1,B12,6,1,5,30,3,2,1,4,4,5,7,4,4,10,5,5,2,9,1,67,3,10,1,1,7,9,1,8,1,5,,23,,1,22,9,121.6165962,25.06886298
111,3,7,15,30,2,12內湖區,內湖區康樂街20巷與東湖路119巷口,0,0,1,2,H01,6,1,5,30,3,2,1,4,4,5,7,4,4,10,5,5,2,9,1,47,2,9,4,5,8,20,8,20,10,16,,51,,1,22,9,121.6165962,25.06886298
111,3,7,15,32,2,04大安區,大安區和平東路1段224號,0,0,1,1,B01,6,1,5,50,14,7,1,4,4,5,7,4,4,1,4,4,2,13,1,69,3,10,3,4,7,8,1,4,2,6,,44,44,1,22,9,121.5321702,25.02621208
111,3,7,15,32,2,04大安區,大安區和平東路1段224號,0,0,1,2,C03,6,1,5,50,14,7,1,4,4,5,7,4,4,1,4,4,2,13,1,33,2,8,3,4,7,9,1,10,2,11,,16,44,1,22,9,121.5321702,25.02621208
111,3,7,16,22,2,02萬華區,萬華區萬板大橋往新北市汔車道(燈桿:002048),0,0,1,1,B12,6,1,5,50,8,9,1,4,4,5,7,4,4,1,5,5,2,17,1,40,3,10,1,1,7,9,1,8,1,5,,23,23,1,22,9,121.487722,25.03037974
111,3,7,16,22,2,02萬華區,萬華區萬板大橋往新北市汔車道(燈桿:002048),0,0,1,2,C02,6,1,5,50,8,9,1,4,4,5,7,4,4,1,5,5,2,17,1,39,2,8,1,1,7,15,1,9,1,13,,44,23,1,22,9,121.487722,25.03037974
111,3,7,17,8,2,07信義區,信義區基隆路1段35巷11弄與基隆路1段35巷口,0,0,1,1,B01,6,1,5,30,3,1,1,4,4,5,7,4,4,10,5,5,1,9,1,67,3,10,1,1,7,14,1,4,1,2,,42,42,1,22,9,121.5703958,25.047298
111,3,7,17,8,2,07信義區,信義區基隆路1段35巷11弄與基隆路1段35巷口,0,0,1,2,H02,6,1,5,30,3,1,1,4,4,5,7,4,4,10,5,5,1,9,2,38,3,10,4,1,7,19,8,20,10,16,,56,42,1,22,9,121.5703958,25.047298
111,3,7,17,8,2,07信義區,信義區基隆路1段35巷11弄與基隆路1段35巷口,0,0,1,3,C03,6,1,5,30,3,1,1,4,4,5,7,4,4,10,5,5,1,9,2,44,2,9,1,1,7,9,1,10,1,12,,14,42,1,22,9,121.5703958,25.047298
111,3,7,17,19,2,08士林區,士林區葫蘆街與環河北路3段口,0,0,1,1,B03,6,3,5,50,3,1,1,4,4,5,7,4,4,1,4,5,2,16,1,26,3,10,3,4,7,6,1,8,1,5,,9,9,1,22,9,121.5074374,25.0824497
111,3,7,17,19,2,08士林區,士林區葫蘆街與環河北路3段口,0,0,1,2,C03,6,3,5,50,3,1,1,4,4,5,7,4,4,1,4,5,2,16,1,21,2,9,3,4,7,9,1,10,1,11,,14,9,1,22,9,121.5074374,25.0824497
111,3,7,17,25,2,04大安區,大安區安和路2段與安和路2段209巷口,0,0,1,1,B01,6,2,5,50,5,2,1,4,4,5,7,1,1,1,5,5,2,16,1,66,3,10,1,1,7,11,1,4,2,4,,10,10,1,22,9,121.5499568,25.02612068
111,3,7,17,25,2,04大安區,大安區安和路2段與安和路2段209巷口,0,0,1,2,C03,6,2,5,50,5,2,1,4,4,5,7,1,1,1,5,5,2,16,1,31,2,9,1,1,7,9,1,10,2,11,,44,10,1,22,9,121.5499568,25.02612068
111,3,7,17,48,2,02萬華區,萬華區萬大路與萬大路449巷口,0,0,1,1,C03,6,3,5,30,3,1,1,4,4,5,7,4,4,10,4,5,2,12,1,37,3,10,1,1,7,9,1,10,1,11,,42,42,1,22,9,121.498305,25.02085648
111,3,7,17,48,2,02萬華區,萬華區萬大路與萬大路449巷口,0,0,1,2,C03,6,3,5,30,3,1,1,4,4,5,7,4,4,10,4,5,2,12,2,61,2,9,1,1,7,6,1,10,1,11,,42,42,1,22,9,121.498305,25.02085648
111,3,7,17,51,2,05中正區,中正區漢口街1段66號,0,0,1,1,C03,6,1,5,50,14,9,1,4,4,5,7,4,4,10,4,5,2,16,2,40,3,10,1,1,7,1,1,10,11,14,,19,19,1,22,9,121.5126807,25.04519225
111,3,7,17,51,2,05中正區,中正區漢口街1段66號,0,0,1,2,C03,6,1,5,50,14,9,1,4,4,5,7,4,4,10,4,5,2,16,1,29,2,9,1,1,7,9,1,10,2,11,,13,19,1,22,9,121.5126807,25.04519225
111,3,7,17,51,2,05中正區,中正區漢口街1段66號,0,0,1,3,C03,6,1,5,50,14,9,1,4,4,5,7,4,4,10,4,5,2,16,3,,,,,,,,,,,,,67,19,1,,,121.5126807,25.04519225
111,3,7,17,51,2,05中正區,中正區漢口街1段66號,0,0,1,4,C03,6,1,5,50,14,9,1,4,4,5,7,4,4,10,4,5,2,16,3,,,,,,,,,,,,,67,19,1,,,121.5126807,25.04519225
111,3,7,18,4,2,01大同區,大同區重慶北路3段與酒泉街口,0,0,1,1,B03,6,1,5,50,14,9,1,4,4,5,7,4,4,9,4,5,1,16,1,48,3,10,3,4,7,7,1,8,1,15,,7,7,1,22,9,121.5108058,25.0731505
111,3,7,18,4,2,01大同區,大同區重慶北路3段與酒泉街口,0,0,1,2,C03,6,1,5,50,14,9,1,4,4,5,7,4,4,9,4,5,1,16,1,45,2,9,3,4,7,9,1,10,1,15,,26,7,1,22,9,121.5108058,25.0731505
111,3,7,18,5,2,06松山區,松山區塔悠路與南京東路5段口,0,0,1,1,C03,6,3,5,50,5,1,1,4,4,5,7,2,1,1,4,5,2,12,2,35,2,9,1,1,7,5,1,10,1,14,,8,8,1,22,9,121.5702136,25.05143925
111,3,7,18,5,2,06松山區,松山區塔悠路與南京東路5段口,0,0,1,2,B03,6,3,5,50,5,1,1,4,4,5,7,2,1,1,4,5,2,12,1,23,3,10,1,1,7,9,1,8,1,2,,44,8,1,22,9,121.5702136,25.05143925
111,3,7,18,7,2,12內湖區,內湖區金龍路與內湖路2段口CityLink停車場旁,0,0,1,1,B03,6,3,5,50,14,9,1,4,4,5,7,4,4,5,4,4,2,13,1,50,3,10,1,1,7,6,1,6,1,6,,9,9,1,22,9,121.5938753,25.08471572
111,3,7,18,7,2,12內湖區,內湖區金龍路與內湖路2段口CityLink停車場旁,0,0,1,2,C03,6,3,5,50,14,9,1,4,4,5,7,4,4,5,4,4,2,13,1,56,2,9,1,1,7,9,1,10,1,11,,16,9,1,22,9,121.5938753,25.08471572