發生年度,發生月,發生日,發生時-Hours,發生分,處理別-編號,區序,肇事地點,死亡人數,2-30日死亡人數,受傷人數,當事人序號,車種,天候,光線,道路類別,速限-速度限制,道路型態,事故位置,路面狀況1,路面狀況2,路面狀況3,道路障礙1,道路障礙2,號誌1,號誌2,車道劃分-分向,車道劃分-分道1,車道劃分-分道2,車道劃分-分道3,事故類型及型態,性別,年齡,受傷程度,主要傷處,安全帽,行動電話,車輛用途,當事者行動狀態,駕駛資格情形,駕駛執照種類,飲酒情形,車輛撞擊部位1,車輛撞擊部位2,肇因碼-個別,肇因碼-主要,個人肇逃否,職業,旅次目的,座標-X,座標-Y
111,3,7,18,40,2,12內湖區,內湖區新湖一路與新湖一路36巷口,0,0,1,1,B12,6,3,5,50,4,1,1,4,4,5,7,4,4,5,5,5,2,16,1,30,3,10,1,1,7,4,1,8,1,6,,1,6,1,22,9,121.5748182,25.0584482
111,3,7,18,40,2,12內湖區,內湖區新湖一路與新湖一路36巷口,0,0,1,2,C03,6,3,5,50,4,1,1,4,4,5,7,4,4,5,5,5,2,16,1,31,2,8,1,1,7,9,1,10,1,11,,44,6,1,22,9,121.5748182,25.0584482
111,3,7,18,40,2,12內湖區,內湖區民權東路6段180巷70弄與民權東路6段180巷42弄口,0,0,1,1,C03,6,3,5,30,3,2,1,4,4,4,5,4,4,10,5,5,1,17,1,61,2,8,1,1,7,5,1,10,1,11,,6,6,1,22,9,121.5912996,25.0668664
111,3,7,18,40,2,12內湖區,內湖區民權東路6段180巷70弄與民權東路6段180巷42弄口,0,0,1,2,B12,6,3,5,30,3,2,1,4,4,4,5,4,4,10,5,5,1,17,1,24,3,10,1,1,7,5,1,8,1,1,,44,6,1,22,9,121.5912996,25.0668664
111,3,7,18,48,2,07信義區,信義區忠孝東路5段與忠孝東路5段345巷口,0,0,2,1,H01,6,3,5,50,4,1,1,4,4,5,7,2,1,3,3,5,1,9,1,86,3,10,4,5,8,16,8,20,10,16,,67,67,1,22,9,121.5741689,25.04097835
111,3,7,18,48,2,07信義區,信義區忠孝東路5段與忠孝東路5段345巷口,0,0,2,3,H01,6,3,5,50,4,1,1,4,4,5,7,2,1,3,3,5,1,9,2,82,2,8,4,1,8,18,8,20,10,16,,67,67,1,22,9,121.5741689,25.04097835
111,3,7,18,48,2,07信義區,信義區忠孝東路5段與忠孝東路5段345巷口,0,0,2,2,C03,6,3,5,50,4,1,1,4,4,5,7,2,1,3,3,5,1,9,1,25,2,9,1,1,7,9,1,9,1,14,,43,67,1,22,9,121.5741689,25.04097835
111,3,7,18,50,2,11南港區,南港區研究院路1段189號,0,0,1,1,B03,6,3,5,50,14,6,1,4,4,5,7,1,1,1,4,5,2,16,2,46,3,10,1,1,7,11,1,8,1,1,,10,10,1,22,9,121.6158819,25.04938068
111,3,7,18,50,2,11南港區,南港區研究院路1段189號,0,0,1,2,C03,6,3,5,50,14,6,1,4,4,5,7,1,1,1,4,5,2,16,2,19,2,8,1,1,7,9,1,10,1,14,,44,10,1,22,9,121.6158819,25.04938068
111,3,7,19,17,2,08士林區,士林區延平北路6段與中正路口,0,0,1,1,B03,8,3,5,50,4,1,1,5,4,5,7,1,1,5,4,5,2,11,1,46,3,10,3,4,7,5,1,8,2,2,,6,6,1,22,9,121.5092191,25.08685902
111,3,7,19,17,2,08士林區,士林區延平北路6段與中正路口,0,0,1,2,C03,8,3,5,50,4,1,1,5,4,5,7,1,1,5,4,5,2,11,1,50,2,9,1,1,7,9,1,10,2,11,,42,6,1,22,9,121.5092191,25.08685902
111,3,7,19,18,2,03中山區,中山區錦州街251號,0,0,1,1,H01,7,3,5,50,14,9,1,4,4,5,7,4,4,8,3,5,1,3,2,70,2,8,4,5,8,16,8,20,10,16,,51,51,1,22,9,121.5343148,25.06033759
111,3,7,19,18,2,03中山區,中山區錦州街251號,0,0,1,2,C03,7,3,5,50,14,9,1,4,4,5,7,4,4,8,3,5,1,3,1,19,3,10,1,1,7,9,1,10,1,11,,13,51,1,22,9,121.5343148,25.06033759
111,3,7,19,23,2,12內湖區,內湖區內湖路2段355巷與內湖路3段5巷口,0,0,1,1,B03,6,3,5,30,4,1,1,4,4,5,7,4,4,9,5,5,2,15,2,31,3,10,1,1,7,9,1,8,1,1,,6,6,1,22,9,121.5927544,25.0846079
111,3,7,19,23,2,12內湖區,內湖區內湖路2段355巷與內湖路3段5巷口,0,0,1,2,C03,6,3,5,30,4,1,1,4,4,5,7,4,4,9,5,5,2,15,1,43,2,9,1,1,7,9,1,10,1,12,,44,6,1,22,9,121.5927544,25.0846079
111,3,7,19,55,2,03中山區,中山區四平街32號,0,0,2,1,C03,7,3,5,50,14,9,1,5,4,5,7,4,4,9,4,5,2,17,1,45,2,9,1,1,7,1,1,10,9,11,,19,19,1,22,9,121.5320092,25.05365212
111,3,7,19,55,2,03中山區,中山區四平街32號,0,0,2,2,C03,7,3,5,50,14,9,1,5,4,5,7,4,4,9,4,5,2,17,2,21,2,9,1,1,7,5,1,10,9,14,,44,19,1,22,9,121.5320092,25.05365212
111,3,7,20,0,2,05中正區,中正區林森南路與青島東路口,0,0,2,1,C03,7,3,5,50,4,1,1,5,4,5,7,1,1,10,5,5,2,17,1,45,2,8,1,1,7,6,1,10,2,12,,9,9,1,22,9,121.5230044,25.04361486
111,3,7,20,0,2,05中正區,中正區林森南路與青島東路口,0,0,2,2,C03,7,3,5,50,4,1,1,5,4,5,7,1,1,10,5,5,2,17,1,24,2,9,1,1,7,9,1,10,2,14,,44,9,1,22,9,121.5230044,25.04361486
111,3,7,21,38,2,04大安區,大安區樂業街159巷與樂業街口,0,0,2,1,C03,7,3,5,30,4,1,1,5,4,3,7,4,4,8,4,5,1,16,2,23,2,7,1,1,7,9,1,10,1,11,,6,6,1,22,9,121.5538391,25.01936417
111,3,7,21,38,2,04大安區,大安區樂業街159巷與樂業街口,0,0,2,2,C03,7,3,5,30,4,1,1,5,4,3,7,4,4,8,4,5,1,16,1,36,2,2,1,1,7,9,1,10,1,12,,23,6,1,22,9,121.5538391,25.01936417
111,3,7,22,5,2,10文山區,文山區辛亥路4段與辛亥路4段222巷口,0,0,1,1,B03,7,1,5,50,3,1,1,5,4,5,7,1,1,1,4,5,2,16,2,36,3,10,1,1,7,5,1,8,1,4,,8,8,1,22,9,121.55541,25.00218346
111,3,7,22,5,2,10文山區,文山區辛亥路4段與辛亥路4段222巷口,0,0,1,2,C03,7,1,5,50,3,1,1,5,4,5,7,1,1,1,4,5,2,16,1,19,2,9,1,1,7,9,1,10,1,11,,13,8,1,22,9,121.55541,25.00218346
111,3,7,22,58,2,02萬華區,萬華區西寧南路與長沙街2段口,0,0,2,1,C03,8,3,5,50,4,1,1,5,4,5,7,1,1,8,3,5,1,17,2,31,2,9,1,1,7,5,1,10,1,13,,8,8,1,22,9,121.5060476,25.0406677
111,3,7,22,58,2,02萬華區,萬華區西寧南路與長沙街2段口,0,0,2,2,C03,8,3,5,50,4,1,1,5,4,5,7,1,1,8,3,5,1,17,2,19,2,9,1,1,7,9,1,10,1,11,,13,8,1,22,9,121.5060476,25.0406677
111,3,8,1,8,2,07信義區,信義區松山路與虎林街55巷口口,0,0,1,1,B03,8,3,5,50,3,1,1,5,4,5,7,4,4,10,4,5,1,13,1,37,3,10,3,4,7,9,1,8,5,5,,21,21,1,22,9,121.5777235,25.04736075
111,3,8,1,8,2,07信義區,信義區松山路與虎林街55巷口口,0,0,1,2,C03,8,3,5,50,3,1,1,5,4,5,7,4,4,10,4,5,1,13,1,40,2,9,3,4,7,9,1,10,2,14,,44,21,1,22,9,121.5777235,25.04736075
111,3,8,1,8,2,07信義區,信義區松山路與虎林街55巷口口,0,0,1,3,B03,8,3,5,50,3,1,1,5,4,5,7,4,4,10,4,5,1,13,1,35,3,10,3,4,7,13,1,8,2,4,,38,21,1,22,9,121.5777235,25.04736075
111,3,8,2,0,2,11南港區,南港區市民大道7段與南港路3段47巷口東往西方向(近南港路三段47巷口),0,0,1,1,A41,8,4,5,50,15,9,1,5,4,5,7,4,4,1,3,5,2,13,1,41,3,10,1,1,1,13,1,5,2,3,,38,38,1,22,9,121.5919007,25.05094382
111,3,8,2,0,2,11南港區,南港區市民大道7段與南港路3段47巷口東往西方向(近南港路三段47巷口),0,0,1,2,C03,8,4,5,50,15,9,1,5,4,5,7,4,4,1,3,5,2,13,1,31,2,1,1,4,7,9,1,10,9,11,,23,38,1,22,9,121.5919007,25.05094382
111,3,8,2,45,2,04大安區,大安區建國南路2段151巷與建國南路2段口,0,0,1,1,C03,8,3,5,0,4,2,1,5,4,5,7,3,1,10,5,5,2,16,1,27,2,3,1,1,7,9,1,10,1,12,,6,6,1,22,9,121.5379643,25.02879505
111,3,8,2,45,2,04大安區,大安區建國南路2段151巷與建國南路2段口,0,0,1,2,B01,8,3,5,0,4,2,1,5,4,5,7,3,1,10,5,5,2,16,1,67,3,10,1,1,7,9,1,4,1,2,,14,6,1,22,9,121.5379643,25.02879505
111,3,8,6,30,2,05中正區,中正區中華路2段與中華路2段467巷口口,0,0,2,1,C03,7,1,5,50,3,1,1,5,4,5,7,2,1,4,4,4,1,15,1,45,2,9,1,1,7,9,1,10,1,11,,25,25,1,22,9,121.5111725,25.02450897
111,3,8,6,30,2,05中正區,中正區中華路2段與中華路2段467巷口口,0,0,2,2,C03,7,1,5,50,3,1,1,5,4,5,7,2,1,4,4,4,1,15,2,44,2,9,1,1,7,21,6,18,1,11,,25,25,1,22,9,121.5111725,25.02450897
111,3,8,7,6,2,09北投區,北投區致遠一路2段與致遠一路2段71巷口,0,0,3,1,C03,8,1,5,30,4,1,1,5,4,5,7,4,4,9,4,5,2,17,2,70,2,9,1,1,7,5,1,10,1,11,,6,6,1,22,9,121.5131634,25.11270511
111,3,8,7,6,2,09北投區,北投區致遠一路2段與致遠一路2段71巷口,0,0,3,2,C03,8,1,5,30,4,1,1,5,4,5,7,4,4,9,4,5,2,17,2,46,2,9,1,1,7,9,1,10,1,11,,44,6,1,22,9,121.5131634,25.11270511
111,3,8,7,6,2,09北投區,北投區致遠一路2段與致遠一路2段71巷口,0,0,3,3,H02,8,1,5,30,4,1,1,5,4,5,7,4,4,9,4,5,2,17,2,13,2,8,1,5,7,21,8,20,10,16,,67,6,1,22,9,121.5131634,25.11270511
111,3,8,7,8,2,04大安區,大安區仁愛路4段91巷與仁愛路4段71巷口,0,0,1,1,B03,8,1,5,30,4,1,1,5,4,5,7,4,4,10,5,5,1,15,1,55,3,10,1,1,7,9,1,8,1,2,,6,6,1,22,9,121.5471194,25.0385825
111,3,8,7,8,2,04大安區,大安區仁愛路4段91巷與仁愛路4段71巷口,0,0,1,2,C03,8,1,5,30,4,1,1,5,4,5,7,4,4,10,5,5,1,15,2,45,2,9,1,1,7,9,1,10,1,11,,14,6,1,22,9,121.5471194,25.0385825
111,3,8,7,14,2,01大同區,大同區雙連街與萬全街口,0,0,2,1,C03,8,1,5,30,4,1,1,5,4,5,7,4,4,10,5,5,2,15,2,44,2,9,1,1,7,9,1,10,2,11,,6,6,1,22,9,121.5190376,25.0585391
111,3,8,7,14,2,01大同區,大同區雙連街與萬全街口,0,0,2,2,C03,8,1,5,30,4,1,1,5,4,5,7,4,4,10,5,5,2,15,2,53,2,9,1,1,7,9,1,10,2,12,,44,6,1,22,9,121.5190376,25.0585391
111,3,8,7,30,2,07信義區,信義區光復南路421巷與無名巷口,0,0,1,1,B03,8,1,5,30,3,2,1,5,4,5,7,4,4,10,5,5,2,1,1,50,3,10,3,4,7,9,1,8,1,1,,23,23,1,22,9,121.5598662,25.0361474
111,3,8,7,30,2,07信義區,信義區光復南路421巷與無名巷口,0,0,1,2,H01,8,1,5,30,3,2,1,5,4,5,7,4,4,10,5,5,2,1,1,62,2,8,4,5,8,16,8,20,10,16,,53,23,1,22,9,121.5598662,25.0361474
111,3,8,7,50,2,08士林區,士林區福林橋北往南,0,0,1,1,B03,8,1,5,50,8,9,1,5,4,5,7,4,4,10,4,5,1,17,2,56,3,10,1,1,7,8,1,8,1,2,,7,7,1,22,9,121.5266487,25.10055156
111,3,8,7,50,2,08士林區,士林區福林橋北往南,0,0,1,2,C03,8,1,5,50,8,9,1,5,4,5,7,4,4,10,4,5,1,17,2,67,2,9,1,1,7,9,1,10,1,14,,23,7,1,22,9,121.5266487,25.10055156
111,3,8,7,50,2,12內湖區,內湖區內湖路1段與堤頂大道2段口,0,0,2,1,C03,8,1,5,50,3,1,1,5,4,5,7,1,1,1,5,5,2,12,2,32,2,9,1,1,7,8,1,10,1,12,,7,7,1,22,9,121.5605993,25.08452718
111,3,8,7,50,2,12內湖區,內湖區內湖路1段與堤頂大道2段口,0,0,2,2,C03,8,1,5,50,3,1,1,5,4,5,7,1,1,1,5,5,2,12,2,22,2,9,1,1,7,9,1,10,1,14,,44,7,1,22,9,121.5605993,25.08452718
111,3,8,7,55,2,04大安區,大安區忠孝東路3段與新生南路1段口,0,0,3,1,C03,8,1,5,50,14,9,1,5,4,5,7,4,4,10,4,5,2,17,1,56,2,9,1,1,7,9,1,10,1,12,,16,16,1,22,9,121.5329944,25.0420332
111,3,8,7,55,2,04大安區,大安區忠孝東路3段與新生南路1段口,0,0,3,2,C03,8,1,5,50,14,9,1,5,4,5,7,4,4,10,4,5,2,17,1,43,2,9,1,1,7,9,1,10,1,12,,44,16,1,22,9,121.5329944,25.0420332
111,3,8,7,55,2,04大安區,大安區忠孝東路3段與新生南路1段口,0,0,3,3,C03,8,1,5,50,14,9,1,5,4,5,7,4,4,10,4,5,2,17,2,44,2,9,1,1,7,14,1,10,1,14,,44,16,1,22,9,121.5329944,25.0420332
111,3,8,7,55,2,05中正區,中正區愛國東路116巷與愛國東路口,0,0,1,1,,8,1,5,40,3,1,1,5,4,5,7,4,4,1,4,4,2,12,4,,4,11,3,4,7,15,7,19,11,15,,43,43,2,22,9,121.5215322,25.03264699
111,3,8,7,55,2,05中正區,中正區愛國東路116巷與愛國東路口,0,0,1,2,F01,8,1,5,40,3,1,1,5,4,5,7,4,4,1,4,4,2,12,2,66,2,9,1,1,7,9,8,20,1,16,,43,43,1,22,9,121.5215322,25.03264699
111,3,8,8,2,2,11南港區,南港區南港路1段與東南街口,0,0,1,1,B03,8,1,5,50,4,1,1,5,4,5,7,2,1,4,3,5,2,9,2,22,3,10,3,4,7,5,1,8,11,1,,15,15,1,22,9,121.6124802,25.05537976
111,3,8,8,2,2,11南港區,南港區南港路1段與東南街口,0,0,1,2,H01,8,1,5,50,4,1,1,5,4,5,7,2,1,4,3,5,2,9,2,35,2,9,3,4,8,16,8,20,10,16,,67,15,1,22,9,121.6124802,25.05537976
111,3,8,8,15,2,07信義區,信義區永吉路與松隆路口,0,0,1,1,C03,8,1,5,50,14,9,1,5,4,5,7,4,4,1,4,5,2,13,2,57,2,9,1,1,7,9,1,10,1,11,,16,16,1,22,9,121.5705235,25.04570606
111,3,8,8,15,2,07信義區,信義區永吉路與松隆路口,0,0,1,2,C03,8,1,5,50,14,9,1,5,4,5,7,4,4,1,4,5,2,13,2,37,3,10,1,1,7,9,1,10,1,13,,44,16,1,22,9,121.5705235,25.04570606
111,3,8,8,20,2,07信義區,信義區信義路4段456號,0,0,1,1,C03,8,1,5,50,14,9,1,5,4,5,7,4,4,1,4,5,2,13,2,27,2,9,3,4,7,9,1,10,1,11,,16,16,1,22,9,121.5581136,25.03298044
111,3,8,8,20,2,07信義區,信義區信義路4段456號,0,0,1,2,B01,8,1,5,50,14,9,1,5,4,5,7,4,4,1,4,5,2,13,1,57,3,10,3,4,7,9,1,4,1,6,,44,16,1,22,9,121.5581136,25.03298044
111,3,8,8,22,2,05中正區,中正區館前路與開封街1段口口,0,0,1,1,C03,8,1,5,50,3,2,1,5,4,5,7,4,4,9,4,5,1,16,2,57,2,8,1,1,7,5,1,10,1,14,,8,8,1,21,1,121.5149862,25.04600204
111,3,8,8,22,2,05中正區,中正區館前路與開封街1段口口,0,0,1,2,B03,8,1,5,50,3,2,1,5,4,5,7,4,4,9,4,5,1,16,1,34,3,10,1,1,7,5,1,8,1,8,,8,8,1,21,1,121.5149862,25.04600204
111,3,8,8,28,2,06松山區,松山區復興北路地下道往北,0,0,1,1,C03,8,3,5,40,7,9,1,5,4,5,7,4,4,1,2,5,2,13,2,42,2,9,1,1,7,9,1,10,2,11,,16,16,1,22,9,121.5442361,25.0691614
111,3,8,8,28,2,06松山區,松山區復興北路地下道往北,0,0,1,2,C03,8,3,5,40,7,9,1,5,4,5,7,4,4,1,2,5,2,13,2,29,3,10,1,1,7,12,1,10,2,13,,44,16,1,22,9,121.5442361,25.0691614
111,3,8,8,32,2,11南港區,南港區研究院路2段5巷2-1號,0,0,1,2,C03,8,1,5,0,14,9,1,5,4,5,7,4,4,1,4,5,2,27,1,38,2,9,1,1,7,9,1,10,1,11,,42,66,1,22,9,121.615591,25.04711143
111,3,8,8,32,2,11南港區,南港區研究院路2段5巷2-1號,0,0,1,1,,8,1,5,0,14,9,1,5,4,5,7,4,4,1,4,5,2,27,3,,,,,,,,,,,,,66,66,1,,,121.615591,25.04711143
111,3,8,8,37,2,01大同區,大同區民權西路與承德路2段口,0,0,1,1,B03,8,1,5,50,4,1,1,5,4,5,7,1,1,3,4,3,2,12,2,40,3,10,1,1,7,9,1,8,1,1,,26,26,1,22,9,121.5181363,25.06277108
111,3,8,8,37,2,01大同區,大同區民權西路與承德路2段口,0,0,1,2,C03,8,1,5,50,4,1,1,5,4,5,7,1,1,3,4,3,2,12,2,24,2,7,1,1,7,6,1,10,1,12,,9,26,1,22,9,121.5181363,25.06277108
111,3,8,8,50,2,03中山區,中山區南京東路2段與新生北路2段口,0,0,2,1,C03,8,1,5,50,4,1,1,5,4,5,7,1,1,1,4,5,2,3,1,29,2,8,1,1,7,9,1,10,11,12,,25,25,1,22,9,121.5278211,25.05226622
111,3,8,8,50,2,03中山區,中山區南京東路2段與新生北路2段口,0,0,2,2,H01,8,1,5,50,4,1,1,5,4,5,7,1,1,1,4,5,2,3,2,26,2,8,4,5,8,16,8,20,10,16,,67,25,1,22,9,121.5278211,25.05226622
111,3,8,8,50,2,11南港區,南港區忠孝東路6段與昆陽街口,0,0,1,1,B02,8,1,5,50,4,2,1,5,4,5,7,2,1,3,3,4,2,16,1,33,3,10,3,4,7,7,1,8,1,4,,7,7,1,22,9,121.5940263,25.05039
111,3,8,8,50,2,11南港區,南港區忠孝東路6段與昆陽街口,0,0,1,2,C03,8,1,5,50,4,2,1,5,4,5,7,2,1,3,3,4,2,16,2,30,2,9,3,4,7,9,1,10,1,12,,44,7,1,22,9,121.5940263,25.05039
111,3,8,8,58,2,09北投區,北投區立賢路社子大橋004號燈桿,0,0,1,1,,8,1,8,40,15,22,1,5,4,5,7,4,4,9,2,4,1,29,3,,,,,,,,,,,,,67,67,1,,,121.5006359,25.1131887
111,3,8,8,58,2,09北投區,北投區立賢路社子大橋004號燈桿,0,0,1,2,C03,8,1,8,40,15,22,1,5,4,5,7,4,4,9,2,4,1,29,2,60,2,9,1,1,7,9,1,10,1,15,,43,67,1,22,9,121.5006359,25.1131887
111,3,8,9,12,2,08士林區,士林區仰德大道3段與仰德大道3段125巷口,0,0,1,1,C03,8,1,8,40,15,22,1,5,4,5,7,1,1,5,5,5,1,3,1,25,2,9,1,1,7,9,1,10,2,14,,13,13,1,22,9,121.5522369,25.12202383
111,3,8,9,12,2,08士林區,士林區仰德大道3段與仰德大道3段125巷口,0,0,1,2,H01,8,1,8,40,15,22,1,5,4,5,7,1,1,5,5,5,1,3,2,85,3,10,4,5,8,16,8,20,10,16,,52,13,1,22,9,121.5522369,25.12202383
111,3,8,9,12,2,08士林區,士林區重陽橋往東,0,0,1,1,C03,8,1,5,40,14,11,1,5,4,5,7,4,4,3,4,5,1,17,1,20,2,9,3,4,7,9,1,10,1,14,,42,42,1,22,9,121.5041041,25.08527707
111,3,8,9,12,2,08士林區,士林區重陽橋往東,0,0,1,2,C03,8,1,5,40,14,11,1,5,4,5,7,4,4,3,4,5,1,17,4,,4,11,3,4,7,15,7,19,11,15,,43,42,2,22,9,121.5041041,25.08527707
111,3,8,9,22,2,12內湖區,內湖區內湖路1段66號,0,0,1,1,B03,8,1,5,40,14,8,1,5,4,5,7,4,4,9,4,4,2,16,1,40,3,10,1,1,7,6,1,8,2,2,,9,9,1,22,9,121.5623966,25.08369291
111,3,8,9,22,2,12內湖區,內湖區內湖路1段66號,0,0,1,2,C03,8,1,5,40,14,8,1,5,4,5,7,4,4,9,4,4,2,16,2,33,2,9,1,1,7,9,1,10,2,14,,44,9,1,22,9,121.5623966,25.08369291
111,3,8,9,30,2,09北投區,北投區明德路306號,0,0,1,1,B03,8,1,5,50,14,9,1,5,4,5,7,4,4,5,5,5,2,17,2,60,3,10,3,4,7,14,1,8,1,7,,40,40,1,22,9,121.5222932,25.1151147
111,3,8,9,30,2,09北投區,北投區明德路306號,0,0,1,2,C03,8,1,5,50,14,9,1,5,4,5,7,4,4,5,5,5,2,17,1,61,2,9,3,4,7,9,1,10,1,14,,43,40,1,22,9,121.5222932,25.1151147
111,3,8,9,40,2,03中山區,中山區復興北路176號,0,0,1,1,B03,8,1,5,50,14,9,1,5,4,5,7,4,4,9,4,5,2,12,1,67,3,10,1,1,7,7,1,8,1,4,,7,7,1,5,3,121.5440433,25.05447408
111,3,8,9,40,2,03中山區,中山區復興北路176號,0,0,1,2,C03,8,1,5,50,14,9,1,5,4,5,7,4,4,9,4,5,2,12,1,35,2,9,1,1,7,9,1,10,1,12,,44,7,1,5,5,121.5440433,25.05447408
111,3,8,9,47,1,09北投區,北投區大度路2段與承德路7段401巷620弄口,1,0,0,1,A41,8,1,5,70,4,1,1,5,4,5,7,2,1,1,4,5,2,16,1,64,3,10,1,1,7,6,1,1,2,1,,9,9,1,22,9,121.4858911,25.12164583
111,3,8,9,47,1,09北投區,北投區大度路2段與承德路7段401巷620弄口,1,0,0,2,C03,8,1,5,70,4,1,1,5,4,5,7,2,1,1,4,5,2,16,1,58,1,3,1,1,7,9,1,10,11,15,,23,9,1,22,9,121.4858911,25.12164583
111,3,8,9,51,2,12內湖區,內湖區安康路284號前,0,0,1,1,C03,8,1,5,40,14,9,1,5,4,5,7,4,4,9,5,5,2,18,2,29,2,9,1,1,7,9,1,10,1,12,,43,43,1,22,9,121.6064255,25.06445064
111,3,8,9,51,2,12內湖區,內湖區安康路284號前,0,0,1,2,,8,1,5,40,14,9,1,5,4,5,7,4,4,9,5,5,2,18,3,,,,,,,,,,,,,67,43,1,,,121.6064255,25.06445064
111,3,8,10,3,2,04大安區,大安區基隆路2段與樂業街口,0,0,1,1,C03,8,1,5,50,4,4,1,5,4,5,7,1,1,1,5,5,2,13,2,28,2,9,1,1,7,12,1,10,9,14,,43,43,1,22,9,121.5503154,25.02229983
111,3,8,10,3,2,04大安區,大安區基隆路2段與樂業街口,0,0,1,2,C03,8,1,5,50,4,4,1,5,4,5,7,1,1,1,5,5,2,13,4,,4,11,3,4,7,15,7,19,9,15,,43,43,2,22,9,121.5503154,25.02229983
111,3,8,10,18,2,04大安區,大安區杭州南路2段與愛國東路口,0,0,1,1,F01,8,1,5,50,4,2,1,5,4,5,7,1,1,1,4,5,2,15,1,77,2,9,1,1,7,9,8,20,2,16,,25,25,1,22,9,121.5227016,25.03228429
111,3,8,10,18,2,04大安區,大安區杭州南路2段與愛國東路口,0,0,1,2,B03,8,1,5,50,4,2,1,5,4,5,7,1,1,1,4,5,2,15,1,60,3,10,1,1,7,9,1,8,3,2,,44,25,1,22,9,121.5227016,25.03228429
111,3,8,10,29,2,08士林區,士林區中山北路5段與劍潭路口,0,0,1,1,B03,8,1,5,50,4,1,1,5,4,5,7,1,1,5,4,5,2,12,1,61,3,10,1,1,7,6,1,8,1,6,,9,9,1,22,9,121.5253443,25.08416661
111,3,8,10,29,2,08士林區,士林區中山北路5段與劍潭路口,0,0,1,2,C03,8,1,5,50,4,1,1,5,4,5,7,1,1,5,4,5,2,12,1,56,2,8,1,1,7,9,1,10,1,11,,44,9,1,22,9,121.5253443,25.08416661
111,3,8,10,31,2,02萬華區,萬華區環河南路1段135號,0,0,1,1,B12,8,1,5,50,11,9,1,5,4,5,7,4,4,8,4,5,1,12,1,44,3,10,1,1,7,1,6,8,2,4,,19,19,1,22,9,121.5053839,25.0478375
111,3,8,10,31,2,02萬華區,萬華區環河南路1段135號,0,0,1,2,C03,8,1,5,50,11,9,1,5,4,5,7,4,4,8,4,5,1,12,1,64,2,9,1,1,7,9,3,18,2,11,,23,19,1,22,9,121.5053839,25.0478375
111,3,8,10,55,2,10文山區,文山區興隆路3段304巷63號旁,0,0,1,1,C03,8,1,5,30,11,9,1,5,4,5,1,4,4,10,5,5,2,11,2,40,2,7,1,1,7,15,1,10,1,11,,5,5,1,22,9,121.5570455,24.99537077
111,3,8,10,55,2,10文山區,文山區興隆路3段304巷63號旁,0,0,1,2,B03,8,1,5,30,11,9,1,5,4,5,1,4,4,10,5,5,2,11,1,32,3,10,1,1,7,15,1,8,1,8,,44,5,1,22,9,121.5570455,24.99537077
111,3,8,11,7,2,04大安區,大安區信義路3段與建國南路1段口,0,0,1,1,B03,8,1,5,50,4,1,1,5,4,5,7,2,1,9,4,5,1,16,1,57,3,10,3,4,7,5,1,8,1,1,,23,23,1,22,9,121.5380171,25.03365281
111,3,8,11,7,2,04大安區,大安區信義路3段與建國南路1段口,0,0,1,2,F01,8,1,5,50,4,1,1,5,4,5,7,2,1,9,4,5,1,16,2,51,2,7,1,1,7,11,8,20,1,16,,11,23,1,22,9,121.5380171,25.03365281
111,3,8,11,15,2,08士林區,士林區葫蘆街40巷2號,0,0,2,1,C03,8,1,5,30,14,9,1,5,4,5,7,4,4,10,5,5,2,1,2,38,2,8,1,1,7,9,1,10,2,11,,23,23,1,22,9,121.5095477,25.08034451
111,3,8,11,15,2,08士林區,士林區葫蘆街40巷2號,0,0,2,2,H01,8,1,5,30,14,9,1,5,4,5,7,4,4,10,5,5,2,1,2,86,2,9,4,5,8,16,8,20,10,16,,60,23,1,22,9,121.5095477,25.08034451
111,3,8,11,15,2,11南港區,南港區忠孝東路6段271號與忠孝東路6段口前,0,0,3,1,B12,8,1,5,30,4,2,1,5,4,5,7,4,4,10,5,5,2,15,1,62,3,10,3,1,7,13,1,8,1,15,,38,38,1,22,9,121.5895723,25.0500723
111,3,8,11,15,2,11南港區,南港區忠孝東路6段271號與忠孝東路6段口前,0,0,3,2,F01,8,1,5,30,4,2,1,5,4,5,7,4,4,10,5,5,2,15,1,26,2,7,1,1,7,9,8,20,1,16,,6,38,1,22,9,121.5895723,25.0500723
111,3,8,11,15,2,11南港區,南港區忠孝東路6段271號與忠孝東路6段口前,0,0,3,3,C03,8,1,5,30,4,2,1,5,4,5,7,4,4,10,5,5,2,15,1,28,2,9,1,1,7,9,1,10,1,11,,13,38,1,22,9,121.5895723,25.0500723
111,3,8,11,15,2,11南港區,南港區忠孝東路6段271號與忠孝東路6段口前,0,0,3,4,H02,8,1,5,30,4,2,1,5,4,5,7,4,4,10,5,5,2,15,2,23,2,8,4,5,7,21,8,20,10,15,,67,38,1,22,9,121.5895723,25.0500723
111,3,8,11,20,2,03中山區,中山區南京東路2段157號,0,0,1,1,C03,8,1,5,40,14,7,1,5,4,5,7,4,4,3,3,4,2,13,1,49,3,10,1,1,7,7,1,10,1,13,,7,7,1,22,9,121.5359219,25.05209713
111,3,8,11,20,2,03中山區,中山區南京東路2段157號,0,0,1,2,C03,8,1,5,40,14,7,1,5,4,5,7,4,4,3,3,4,2,13,1,20,2,8,1,1,7,9,1,10,1,11,,44,7,1,22,9,121.5359219,25.05209713
111,3,8,11,20,2,03中山區,中山區南京東路2段157號,0,0,1,3,B03,8,1,5,40,14,7,1,5,4,5,7,4,4,3,3,4,2,13,1,51,3,10,1,1,7,14,1,8,1,4,,44,7,1,22,9,121.5359219,25.05209713
111,3,8,11,34,2,03中山區,中山區建國北路1段與長安東路2段口,0,0,1,1,C04,8,1,5,50,4,1,1,5,4,5,7,1,1,1,3,5,1,16,2,70,2,9,1,1,7,8,1,10,1,11,,7,7,1,22,9,121.5369898,25.04820848