發生年度,發生月,發生日,發生時-Hours,發生分,處理別-編號,區序,肇事地點,死亡人數,2-30日死亡人數,受傷人數,當事人序號,車種,天候,光線,道路類別,速限-速度限制,道路型態,事故位置,路面狀況1,路面狀況2,路面狀況3,道路障礙1,道路障礙2,號誌1,號誌2,車道劃分-分向,車道劃分-分道1,車道劃分-分道2,車道劃分-分道3,事故類型及型態,性別,年齡,受傷程度,主要傷處,安全帽,行動電話,車輛用途,當事者行動狀態,駕駛資格情形,駕駛執照種類,飲酒情形,車輛撞擊部位1,車輛撞擊部位2,肇因碼-個別,肇因碼-主要,個人肇逃否,職業,旅次目的,座標-X,座標-Y
111,3,8,11,34,2,03中山區,中山區建國北路1段與長安東路2段口,0,0,1,2,C03,8,1,5,50,4,1,1,5,4,5,7,1,1,1,3,5,1,16,1,26,3,10,1,1,7,9,1,10,1,13,,44,7,1,22,9,121.5369898,25.04820848
111,3,8,11,41,2,07信義區,信義區和平東路3段與和平東路3段531巷口,0,0,1,1,B01,8,1,5,50,3,2,1,5,4,5,7,4,4,1,5,5,2,17,2,25,3,10,3,4,7,5,1,8,1,6,,6,6,1,22,9,121.5605176,25.01638456
111,3,8,11,41,2,07信義區,信義區和平東路3段與和平東路3段531巷口,0,0,1,2,C03,8,1,5,50,3,2,1,5,4,5,7,4,4,1,5,5,2,17,1,21,2,9,3,4,7,9,1,10,1,11,,23,6,1,22,9,121.5605176,25.01638456
111,3,8,11,43,2,08士林區,士林區大南路與文林路口,0,0,1,1,C04,8,1,5,30,3,1,1,5,4,5,7,4,4,10,5,5,1,17,1,22,3,10,1,1,7,5,1,8,9,13,,6,6,1,22,9,121.5265874,25.08885319
111,3,8,11,43,2,08士林區,士林區大南路與文林路口,0,0,1,2,F01,8,1,5,30,3,1,1,5,4,5,7,4,4,10,5,5,1,17,2,59,2,9,1,1,7,9,8,20,9,16,,44,6,1,22,9,121.5265874,25.08885319
111,3,8,11,46,2,02萬華區,萬華區環河南路1段168號,0,0,2,1,C03,8,1,5,50,14,9,1,5,4,5,7,4,4,5,5,5,1,17,2,18,2,8,3,4,7,9,1,10,1,14,,17,17,1,22,9,121.5040879,25.04698492
111,3,8,11,46,2,02萬華區,萬華區環河南路1段168號,0,0,2,2,C04,8,1,5,50,14,9,1,5,4,5,7,4,4,5,5,5,1,17,2,73,2,8,3,4,7,9,1,8,1,12,,17,17,1,22,9,121.5040879,25.04698492
111,3,8,12,16,2,02萬華區,萬華區和平西路3段107-1號,0,0,2,1,C03,8,1,5,50,14,9,1,5,4,5,7,4,4,1,4,5,2,18,1,64,2,9,1,1,7,9,1,10,7,15,,21,21,1,22,9,121.5005543,25.03533829
111,3,8,12,16,2,02萬華區,萬華區和平西路3段107-1號,0,0,2,2,,8,1,5,50,14,9,1,5,4,5,7,4,4,1,4,5,2,18,3,,,,,,,,,,,,,67,21,1,,,121.5005543,25.03533829
111,3,8,12,16,2,02萬華區,萬華區和平西路3段107-1號,0,0,2,3,H02,8,1,5,50,14,9,1,5,4,5,7,4,4,1,4,5,2,18,2,51,2,9,4,5,7,20,8,20,10,16,,67,21,1,22,9,121.5005543,25.03533829
111,3,8,12,21,2,07信義區,信義區崇德街146巷5號,0,0,1,3,B03,8,1,5,30,3,2,1,5,4,5,7,4,4,10,5,5,2,15,1,77,3,10,1,1,7,13,1,10,2,15,,38,14,1,22,9,121.5569566,25.0233927
111,3,8,12,21,2,07信義區,信義區崇德街146巷5號,0,0,1,2,B03,8,1,5,30,3,2,1,5,4,5,7,4,4,10,5,5,2,15,2,43,3,10,1,1,7,1,1,8,2,15,,19,14,1,22,9,121.5569566,25.0233927
111,3,8,12,21,2,07信義區,信義區崇德街146巷5號,0,0,1,1,C03,8,1,5,30,3,2,1,5,4,5,7,4,4,10,5,5,2,15,1,54,2,9,1,1,7,9,1,10,2,14,,14,14,1,22,9,121.5569566,25.0233927
111,3,8,12,30,2,03中山區,中山區濱江街與大佳河濱公園口十號水門,0,0,2,1,C03,8,1,5,50,3,1,1,5,4,5,7,1,1,10,4,4,2,12,1,49,2,9,1,4,7,5,1,9,1,14,,8,8,1,22,9,121.5299968,25.0714277
111,3,8,12,30,2,03中山區,中山區濱江街與大佳河濱公園口十號水門,0,0,2,2,C03,8,1,5,50,3,1,1,5,4,5,7,1,1,10,4,4,2,12,2,19,3,10,1,4,7,9,1,10,1,12,,44,8,1,22,9,121.5299968,25.0714277
111,3,8,12,30,2,03中山區,中山區濱江街與大佳河濱公園口十號水門,0,0,2,3,H02,8,1,5,50,3,1,1,5,4,5,7,1,1,10,4,4,2,12,2,23,2,8,1,5,7,20,8,20,10,16,,67,8,1,22,9,121.5299968,25.0714277
111,3,8,12,40,2,03中山區,中山區北安路554巷,0,0,2,1,C03,8,1,5,50,14,9,1,5,4,5,7,1,1,4,3,5,1,16,2,35,2,9,1,1,7,5,1,10,1,14,,8,8,1,22,9,121.548589,25.08019953
111,3,8,12,40,2,03中山區,中山區北安路554巷,0,0,2,2,C04,8,1,5,50,14,9,1,5,4,5,7,1,1,4,3,5,1,16,2,31,2,9,1,1,7,9,1,10,1,12,,23,8,1,22,9,121.548589,25.08019953
111,3,8,12,50,2,06松山區,松山區市民大道4段與八德路3段74巷口,0,0,1,1,C03,8,1,5,40,3,1,1,5,4,5,7,4,4,1,4,5,2,13,1,71,2,9,1,1,7,9,1,10,1,11,,16,16,1,22,9,121.5524048,25.04463891
111,3,8,12,50,2,06松山區,松山區市民大道4段與八德路3段74巷口,0,0,1,2,C04,8,1,5,40,3,1,1,5,4,5,7,4,4,1,4,5,2,13,2,19,3,10,1,1,7,15,1,10,1,13,,44,16,1,22,9,121.5524048,25.04463891
111,3,8,12,50,2,06松山區,松山區市民大道4段與八德路3段74巷口,0,0,1,3,B03,8,1,5,40,3,1,1,5,4,5,7,4,4,1,4,5,2,13,1,45,3,10,1,1,7,9,1,8,1,8,,14,16,1,22,9,121.5524048,25.04463891
111,3,8,12,50,2,06松山區,松山區市民大道4段與八德路3段74巷口,0,0,1,4,B03,8,1,5,40,3,1,1,5,4,5,7,4,4,1,4,5,2,13,1,40,3,10,1,1,7,6,1,8,11,15,,6,16,1,22,9,121.5524048,25.04463891
111,3,8,12,55,2,04大安區,大安區四維路52巷與四維路52巷19弄口口,0,0,1,1,C03,8,1,5,30,4,1,1,5,4,5,7,4,4,10,5,5,2,15,1,26,3,10,3,4,7,9,1,10,1,12,,6,6,1,22,9,121.5470759,25.03511271
111,3,8,12,55,2,04大安區,大安區四維路52巷與四維路52巷19弄口口,0,0,1,2,B12,8,1,5,30,4,1,1,5,4,5,7,4,4,10,5,5,2,15,1,38,3,10,3,4,7,9,1,8,1,1,,14,6,1,22,9,121.5470759,25.03511271
111,3,8,12,55,2,04大安區,大安區四維路52巷與四維路52巷19弄口口,0,0,1,3,H02,8,1,5,30,4,1,1,5,4,5,7,4,4,10,5,5,2,15,2,20,2,9,4,5,7,21,8,20,10,16,,60,6,1,22,9,121.5470759,25.03511271
111,3,8,13,50,2,03中山區,中山區松江路與長安東路2段口,0,0,1,1,B02,8,1,5,50,4,2,1,5,4,5,7,1,1,5,4,5,2,17,1,73,4,11,3,4,7,15,7,19,11,15,,43,43,2,22,9,121.5328363,25.0484651
111,3,8,13,50,2,03中山區,中山區松江路與長安東路2段口,0,0,1,2,C03,8,1,5,50,4,2,1,5,4,5,7,1,1,5,4,5,2,17,2,23,2,8,1,4,7,9,1,10,1,11,,43,43,1,22,9,121.5328363,25.0484651
111,3,8,13,50,2,08士林區,士林區福林路與福林路254巷口,0,0,1,1,B12,8,1,5,50,4,1,1,5,4,5,7,1,1,5,4,5,2,12,1,35,3,10,1,1,7,6,1,8,1,6,,9,9,1,22,9,121.5344544,25.09794168
111,3,8,13,50,2,08士林區,士林區福林路與福林路254巷口,0,0,1,2,C03,8,1,5,50,4,1,1,5,4,5,7,1,1,5,4,5,2,12,1,20,2,9,1,1,7,9,1,10,1,11,,44,9,1,22,9,121.5344544,25.09794168
111,3,8,14,10,2,04大安區,大安區仁愛路4段345巷5弄與仁愛路4段345巷口,0,0,1,1,B02,8,1,5,30,4,1,1,5,4,5,7,4,4,10,5,5,2,15,1,46,3,10,1,1,7,9,1,8,1,1,,6,6,1,22,9,121.5540588,25.03846382
111,3,8,14,10,2,04大安區,大安區仁愛路4段345巷5弄與仁愛路4段345巷口,0,0,1,2,C03,8,1,5,30,4,1,1,5,4,5,7,4,4,10,5,5,2,15,1,70,2,9,1,1,7,9,1,10,1,12,,44,6,1,22,9,121.5540588,25.03846382
111,3,8,14,20,2,12內湖區,內湖區瑞湖街與舊宗路2段121巷口,0,0,1,1,B03,8,1,5,50,4,1,1,5,4,5,7,2,1,5,5,5,2,17,1,50,3,10,1,1,7,6,1,8,1,5,,9,9,1,22,9,121.5764451,25.0689879
111,3,8,14,20,2,12內湖區,內湖區瑞湖街與舊宗路2段121巷口,0,0,1,2,C03,8,1,5,50,4,1,1,5,4,5,7,2,1,5,5,5,2,17,1,30,2,9,1,1,7,9,1,10,1,14,,44,9,1,22,9,121.5764451,25.0689879
111,3,8,14,25,2,06松山區,松山區八德路3段158巷53號,0,0,2,1,C04,8,1,5,30,4,1,1,5,4,5,7,4,4,10,5,5,2,15,1,37,2,7,1,1,7,9,1,10,1,14,,6,6,1,22,9,121.5553837,25.04589054
111,3,8,14,25,2,06松山區,松山區八德路3段158巷53號,0,0,2,2,C03,8,1,5,30,4,1,1,5,4,5,7,4,4,10,5,5,2,15,1,21,3,10,1,1,7,9,1,10,1,11,,14,6,1,22,9,121.5553837,25.04589054
111,3,8,14,25,2,06松山區,松山區八德路3段158巷53號,0,0,2,3,H02,8,1,5,30,4,1,1,5,4,5,7,4,4,10,5,5,2,15,2,21,2,9,4,5,7,20,8,20,10,16,,67,6,1,22,9,121.5553837,25.04589054
111,3,8,14,47,2,12內湖區,內湖區內湖路1段518巷內,0,0,1,1,C04,8,1,5,30,14,9,1,5,4,5,7,4,4,9,5,5,2,3,1,23,3,10,1,1,7,9,1,10,2,11,,23,23,1,22,9,121.5736649,25.07936578
111,3,8,14,47,2,12內湖區,內湖區內湖路1段518巷內,0,0,1,2,H01,8,1,5,30,14,9,1,5,4,5,7,4,4,9,5,5,2,3,2,66,2,8,4,5,8,16,8,20,10,16,,51,23,1,22,9,121.5736649,25.07936578
111,3,8,15,15,2,03中山區,中山區中山北路3段與民族西路口,0,0,1,1,F01,8,1,5,50,4,2,1,5,4,5,7,2,1,5,4,5,1,17,1,63,2,1,1,1,7,11,8,20,1,16,,11,11,1,22,9,121.522806,25.0684751
111,3,8,15,15,2,03中山區,中山區中山北路3段與民族西路口,0,0,1,2,B01,8,1,5,50,4,2,1,5,4,5,7,2,1,5,4,5,1,17,1,68,3,10,1,1,7,6,1,4,1,1,,9,11,1,22,9,121.522806,25.0684751
111,3,8,15,24,2,03中山區,中山區基湖路與基湖路112巷口,0,0,1,1,A05,8,1,5,30,4,1,1,5,4,5,7,4,4,1,4,5,2,16,1,66,3,10,3,4,7,9,1,2,1,1,,6,6,1,22,9,121.5638002,25.07836839
111,3,8,15,24,2,03中山區,中山區基湖路與基湖路112巷口,0,0,1,2,C03,8,1,5,30,4,1,1,5,4,5,7,4,4,1,4,5,2,16,1,41,2,9,1,1,7,9,1,10,1,13,,44,6,1,22,9,121.5638002,25.07836839
111,3,8,16,0,2,03中山區,中山區民權西路75號前,0,0,1,1,C03,8,1,5,50,14,7,4,5,4,5,7,4,4,1,4,5,2,13,1,25,2,8,3,4,7,9,1,10,1,12,,23,23,1,2,9,121.5197826,25.06292881
111,3,8,16,0,2,03中山區,中山區民權西路75號前,0,0,1,2,A11,8,1,5,50,14,7,4,5,4,5,7,4,4,1,4,5,2,13,1,25,3,10,3,4,7,9,1,3,1,7,,44,23,1,10,4,121.5197826,25.06292881
111,3,8,16,0,2,09北投區,北投區東陽街與無名巷口,0,0,2,1,C03,8,1,5,30,4,1,1,5,4,5,7,4,4,9,4,5,2,16,2,22,2,7,1,1,7,9,1,10,1,12,,6,6,1,22,9,121.5203002,25.11210548
111,3,8,16,0,2,09北投區,北投區東陽街與無名巷口,0,0,2,2,C03,8,1,5,30,4,1,1,5,4,5,7,4,4,9,4,5,2,16,2,47,2,9,1,1,7,9,1,10,1,11,,14,6,1,22,9,121.5203002,25.11210548
111,3,8,16,8,2,12內湖區,內湖區內湖路1段285巷與環山路1段9巷口,0,0,1,1,C03,8,3,5,30,3,1,1,5,4,5,7,4,4,10,5,5,2,3,2,58,4,11,3,4,7,15,7,19,11,15,,15,15,2,22,9,121.5668965,25.08296721
111,3,8,16,8,2,12內湖區,內湖區內湖路1段285巷與環山路1段9巷口,0,0,1,2,H01,8,3,5,30,3,1,1,5,4,5,7,4,4,10,5,5,2,3,1,9,2,8,4,1,8,16,8,20,10,16,,67,15,1,22,9,121.5668965,25.08296721
111,3,8,16,20,2,08士林區,士林區基河路與承德路4段77巷口,0,0,2,1,C03,8,1,5,30,3,1,1,5,4,5,7,3,1,10,2,5,2,17,2,20,2,9,1,1,7,9,1,10,1,12,,23,23,1,22,9,121.5241859,25.081957
111,3,8,16,20,2,08士林區,士林區基河路與承德路4段77巷口,0,0,2,2,G06,8,1,5,30,3,1,1,5,4,5,7,3,1,10,2,5,2,17,2,56,2,9,4,1,7,9,7,19,1,15,,44,23,1,22,9,121.5241859,25.081957
111,3,8,16,20,2,08士林區,士林區基河路與承德路4段77巷口,0,0,2,3,B03,8,1,5,30,3,1,1,5,4,5,7,3,1,10,2,5,2,17,1,70,3,10,3,4,7,13,1,8,11,2,,44,23,1,22,9,121.5241859,25.081957
111,3,8,16,20,2,08士林區,士林區基河路與承德路4段77巷口,0,0,2,4,B03,8,1,5,30,3,1,1,5,4,5,7,3,1,10,2,5,2,17,2,46,3,10,3,4,7,13,1,8,11,6,,44,23,1,22,9,121.5241859,25.081957
111,3,8,16,20,2,09北投區,北投區泉源路與行義路口,0,0,1,2,,8,1,5,40,14,9,1,5,4,5,7,2,1,5,5,5,2,19,3,,,,,,,,,,,,,67,42,1,,,121.5269529,25.143662
111,3,8,16,20,2,09北投區,北投區泉源路與行義路口,0,0,1,1,C03,8,1,5,40,14,9,1,5,4,5,7,2,1,5,5,5,2,19,1,18,2,9,1,1,7,5,1,10,1,12,,42,42,1,22,9,121.5269529,25.143662
111,3,8,16,22,2,10文山區,文山區萬壽路(號誌燈)旁,0,0,1,1,C03,8,1,5,50,14,9,1,5,4,5,7,4,4,5,2,5,2,18,2,21,2,9,3,4,7,9,1,10,2,12,,42,42,1,22,9,121.577222,24.98871801
111,3,8,16,22,2,10文山區,文山區萬壽路(號誌燈)旁,0,0,1,2,,8,1,5,50,14,9,1,5,4,5,7,4,4,5,2,5,2,18,3,,,,,,,,,,,,,67,42,1,,,121.577222,24.98871801
111,3,8,16,35,2,10文山區,文山區木柵路3段與木柵路3段102巷口口,0,0,1,1,B12,8,1,5,50,3,1,1,5,4,5,7,2,1,4,4,5,1,3,1,65,3,10,3,4,7,6,1,8,2,2,,23,23,1,22,9,121.5675243,24.98870495
111,3,8,16,35,2,10文山區,文山區木柵路3段與木柵路3段102巷口口,0,0,1,2,H01,8,1,5,50,3,1,1,5,4,5,7,2,1,4,4,5,1,3,2,77,2,8,3,4,8,16,8,20,10,16,,67,23,1,22,9,121.5675243,24.98870495
111,3,8,16,45,2,04大安區,大安區和平東路1段與和平東路1段55巷口,0,0,1,1,B03,8,1,5,50,3,2,1,5,4,5,7,4,4,1,4,5,2,17,2,48,3,10,1,1,7,9,1,8,1,15,,17,17,1,22,9,121.5244028,25.02702556
111,3,8,16,45,2,04大安區,大安區和平東路1段與和平東路1段55巷口,0,0,1,2,C03,8,1,5,50,3,2,1,5,4,5,7,4,4,1,4,5,2,17,1,24,2,9,1,1,7,9,1,10,1,15,,17,17,1,22,9,121.5244028,25.02702556
111,3,8,16,45,2,04大安區,大安區和平東路1段與和平東路1段55巷口,0,0,1,3,B12,8,1,5,50,3,2,1,5,4,5,7,4,4,1,4,5,2,17,1,65,3,10,1,1,7,10,1,8,1,15,,7,17,1,22,9,121.5244028,25.02702556
111,3,8,16,50,2,03中山區,中山區明水路與大直橋口,0,0,2,1,C03,8,1,5,50,3,1,1,5,4,5,7,1,1,9,4,5,2,16,1,18,2,9,1,1,7,8,1,10,1,12,,7,7,1,22,9,121.5445424,25.07740609
111,3,8,16,50,2,03中山區,中山區明水路與大直橋口,0,0,2,2,C03,8,1,5,50,3,1,1,5,4,5,7,1,1,9,4,5,2,16,1,24,2,9,1,1,7,9,1,10,1,11,,44,7,1,22,9,121.5445424,25.07740609
111,3,8,16,50,2,09北投區,北投區中央南路1段與大興街口,0,0,2,1,F01,8,1,5,50,4,1,1,5,4,5,7,2,1,4,1,5,2,16,1,62,2,9,1,1,7,7,8,20,2,16,,7,7,1,22,9,121.5011661,25.13059481
111,3,8,16,50,2,09北投區,北投區中央南路1段與大興街口,0,0,2,2,C03,8,1,5,50,4,1,1,5,4,5,7,2,1,4,1,5,2,16,1,29,2,9,1,1,7,9,1,10,2,11,,44,7,1,22,9,121.5011661,25.13059481
111,3,8,16,55,2,01大同區,大同區忠孝橋機車道往三重上橋處,0,0,1,1,C03,8,1,5,40,8,11,1,5,4,5,7,4,4,1,5,5,2,17,1,34,2,9,1,1,7,9,1,10,1,11,,23,23,1,22,9,121.5061315,25.04913991
111,3,8,16,55,2,01大同區,大同區忠孝橋機車道往三重上橋處,0,0,1,2,C03,8,1,5,40,8,11,1,5,4,5,7,4,4,1,5,5,2,17,1,32,3,10,1,1,7,13,1,10,1,13,,44,23,1,22,9,121.5061315,25.04913991
111,3,8,17,0,2,02萬華區,萬華區西寧南路與漢口街2段口,0,0,2,1,C03,8,1,5,50,4,1,1,5,4,5,7,2,1,10,5,5,1,12,1,34,2,9,1,4,7,11,1,10,1,14,,10,10,1,22,9,121.5068288,25.04570998
111,3,8,17,0,2,02萬華區,萬華區西寧南路與漢口街2段口,0,0,2,2,C03,8,1,5,50,4,1,1,5,4,5,7,2,1,10,5,5,1,12,1,22,2,9,1,4,7,5,1,10,1,12,,44,10,1,22,9,121.5068288,25.04570998
111,3,8,17,5,2,12內湖區,內湖區文德路206號前,0,0,1,1,B12,8,1,5,50,14,9,1,5,4,5,7,4,4,5,5,5,2,17,1,56,3,10,1,1,7,1,1,8,1,5,,19,19,1,22,9,121.5836059,25.07829351
111,3,8,17,5,2,12內湖區,內湖區文德路206號前,0,0,1,2,C03,8,1,5,50,14,9,1,5,4,5,7,4,4,5,5,5,2,17,2,39,2,9,1,1,7,9,1,10,1,12,,44,19,1,22,9,121.5836059,25.07829351
111,3,8,17,6,2,04大安區,大安區羅斯福路3段269巷4號,0,0,1,1,B03,8,1,5,30,13,9,1,5,4,5,7,4,4,10,5,5,1,2,1,31,3,10,1,1,7,9,1,8,1,5,,23,23,1,22,9,121.5306857,25.01918968
111,3,8,17,6,2,04大安區,大安區羅斯福路3段269巷4號,0,0,1,2,H01,8,1,5,30,13,9,1,5,4,5,7,4,4,10,5,5,1,2,1,75,2,9,1,1,8,16,8,20,10,16,,60,23,1,22,9,121.5306857,25.01918968
111,3,8,17,13,2,08士林區,士林區重陽橋往三重機車道上橋處,0,0,2,1,C03,8,1,5,50,12,11,1,5,4,5,7,4,4,1,5,5,1,13,1,44,3,10,1,1,7,9,1,10,2,13,,44,44,1,22,9,121.5023885,25.0851236
111,3,8,17,13,2,08士林區,士林區重陽橋往三重機車道上橋處,0,0,2,2,C03,8,1,5,50,12,11,1,5,4,5,7,4,4,1,5,5,1,13,2,41,2,8,1,1,7,9,1,10,2,11,,16,44,1,22,9,121.5023885,25.0851236
111,3,8,17,13,2,08士林區,士林區重陽橋往三重機車道上橋處,0,0,2,3,C03,8,1,5,50,12,11,1,5,4,5,7,4,4,1,5,5,1,13,1,39,3,10,1,1,7,9,1,10,2,11,,44,44,1,22,9,121.5023885,25.0851236
111,3,8,17,13,2,08士林區,士林區重陽橋往三重機車道上橋處,0,0,2,4,C03,8,1,5,50,12,11,1,5,4,5,7,4,4,1,5,5,1,13,1,19,2,9,1,1,7,9,1,10,2,11,,44,44,1,22,9,121.5023885,25.0851236
111,3,8,17,13,2,08士林區,士林區重陽橋往三重機車道上橋處,0,0,2,5,C03,8,1,5,50,12,11,1,5,4,5,7,4,4,1,5,5,1,13,1,59,3,10,1,1,7,9,1,10,2,11,,16,44,1,22,9,121.5023885,25.0851236
111,3,8,17,17,2,09北投區,北投區中央北路2段與中央北路3段口,0,0,2,1,C03,8,1,5,50,4,1,1,5,4,5,7,2,1,5,4,5,2,16,1,50,2,7,1,1,7,11,1,8,2,11,,10,10,1,22,9,121.5020294,25.0369949
111,3,8,17,17,2,09北投區,北投區中央北路2段與中央北路3段口,0,0,2,2,C03,8,1,5,50,4,1,1,5,4,5,7,2,1,5,4,5,2,16,1,28,2,9,1,1,7,9,1,10,2,11,,23,10,1,22,9,121.5020294,25.0369949
111,3,8,17,17,2,09北投區,北投區中央北路2段與中央北路3段口,0,0,2,3,C03,8,1,5,50,4,1,1,5,4,5,7,2,1,5,4,5,2,16,1,22,3,10,1,1,7,13,1,10,11,11,,44,10,1,22,9,121.5020294,25.0369949
111,3,8,17,17,2,09北投區,北投區中央北路2段與中央北路3段口,0,0,2,4,C03,8,1,5,50,4,1,1,5,4,5,7,2,1,5,4,5,2,16,2,38,3,10,1,1,7,13,1,10,11,12,,44,10,1,22,9,121.5020294,25.0369949
111,3,8,17,19,2,02萬華區,萬華區環河南路1段與內江街口,0,0,1,1,C03,8,1,5,50,3,1,1,5,4,5,7,1,1,2,5,5,2,17,1,54,3,10,1,1,7,11,1,10,1,14,,10,10,1,22,9,121.5001422,25.04197691
111,3,8,17,19,2,02萬華區,萬華區環河南路1段與內江街口,0,0,1,2,C03,8,1,5,50,3,1,1,5,4,5,7,1,1,2,5,5,2,17,1,61,2,8,1,1,7,5,1,10,1,11,,44,10,1,22,9,121.5001422,25.04197691
111,3,8,17,30,2,04大安區,大安區和平東路1段與青田街口,0,0,1,1,C03,8,2,5,50,4,1,1,5,4,5,7,1,1,3,5,5,1,16,4,,4,11,3,4,7,15,7,19,11,15,,43,43,2,22,9,121.532116,25.0263318
111,3,8,17,30,2,04大安區,大安區和平東路1段與青田街口,0,0,1,2,F01,8,2,5,50,4,1,1,5,4,5,7,1,1,3,5,5,1,16,1,22,2,8,1,1,7,9,8,20,1,16,,43,43,1,22,9,121.532116,25.0263318
111,3,8,17,36,2,12內湖區,內湖區新明路92號,0,0,1,1,B03,8,1,5,50,14,9,1,5,4,5,7,4,4,7,4,5,2,16,2,33,3,10,1,1,7,11,1,8,1,5,,10,10,1,22,9,121.5896251,25.05954201
111,3,8,17,36,2,12內湖區,內湖區新明路92號,0,0,1,2,C03,8,1,5,50,14,9,1,5,4,5,7,4,4,7,4,5,2,16,1,51,2,9,1,1,7,9,1,10,1,11,,44,10,1,22,9,121.5896251,25.05954201
111,3,8,17,42,2,12內湖區,內湖區行善路與行善路168巷口,0,0,3,1,B12,8,1,5,50,3,1,1,5,4,5,7,4,4,5,5,5,2,11,2,30,2,9,1,1,7,5,1,8,8,8,,6,6,1,22,9,121.5788876,25.0582804
111,3,8,17,42,2,12內湖區,內湖區行善路與行善路168巷口,0,0,3,2,C03,8,1,5,50,3,1,1,5,4,5,7,4,4,5,5,5,2,11,2,42,2,9,1,1,7,9,1,10,2,11,,44,6,1,22,9,121.5788876,25.0582804
111,3,8,17,42,2,12內湖區,內湖區行善路與行善路168巷口,0,0,3,3,H02,8,1,5,50,3,1,1,5,4,5,7,4,4,5,5,5,2,11,2,43,2,9,4,5,7,21,8,20,10,16,,67,6,1,22,9,121.5788876,25.0582804
111,3,8,18,0,2,10文山區,文山區羅斯福路6段142巷與羅斯福路6段142巷20弄口口,0,0,1,1,B01,8,3,5,30,4,1,1,5,4,5,7,3,1,5,5,5,2,16,1,70,3,10,1,1,7,9,1,4,11,1,,6,6,1,22,9,121.539782,24.99674954
111,3,8,18,0,2,10文山區,文山區羅斯福路6段142巷與羅斯福路6段142巷20弄口口,0,0,1,2,F02,8,3,5,30,4,1,1,5,4,5,7,3,1,5,5,5,2,16,1,71,2,8,1,1,7,11,8,20,11,16,,11,6,1,22,9,121.539782,24.99674954
111,3,8,18,3,2,11南港區,南港區市民大道7段與向陽路口,0,0,2,1,C03,8,1,5,50,4,1,1,5,4,5,7,2,1,1,4,5,2,16,1,64,2,7,1,1,7,5,1,10,1,12,,6,6,1,21,8,121.5954046,25.05150765
111,3,8,18,3,2,11南港區,南港區市民大道7段與向陽路口,0,0,2,2,C03,8,1,5,50,4,1,1,5,4,5,7,2,1,1,4,5,2,16,2,30,2,8,1,1,7,9,1,10,1,11,,44,6,1,21,8,121.5954046,25.05150765
111,3,8,18,8,2,05中正區,中正區中山北路1段與中山北路1段8巷口,0,0,1,1,A04,8,2,5,50,3,2,1,5,4,5,7,4,4,1,2,5,2,16,1,59,3,10,1,1,7,9,1,2,2,8,,44,44,1,22,9,121.5196975,25.04617691
111,3,8,18,8,2,05中正區,中正區中山北路1段與中山北路1段8巷口,0,0,1,2,C03,8,2,5,50,3,2,1,5,4,5,7,4,4,1,2,5,2,16,1,70,2,9,1,1,7,8,1,10,2,12,,26,44,1,22,9,121.5196975,25.04617691
111,3,8,18,16,2,09北投區,北投區陽明路1段43巷與陽明路1段口,0,0,2,1,B03,7,3,5,50,3,2,1,5,4,5,7,3,1,5,5,5,2,17,1,59,3,10,1,1,7,6,1,8,1,2,,9,9,1,22,9,121.5490652,25.14908786
111,3,8,18,16,2,09北投區,北投區陽明路1段43巷與陽明路1段口,0,0,2,2,C03,7,3,5,50,3,2,1,5,4,5,7,3,1,5,5,5,2,17,1,22,2,9,1,1,7,9,1,10,1,14,,44,9,1,22,9,121.5490652,25.14908786
111,3,8,18,16,2,09北投區,北投區陽明路1段43巷與陽明路1段口,0,0,2,3,H02,7,3,5,50,3,2,1,5,4,5,7,3,1,5,5,5,2,17,2,22,2,9,4,1,7,20,8,20,10,16,,67,9,1,22,9,121.5490652,25.14908786
111,3,8,18,26,2,02萬華區,萬華區康定路372巷與康定路口,0,0,1,1,B03,8,3,5,50,4,2,1,5,4,5,7,1,1,10,5,5,1,13,1,38,3,10,1,4,7,9,1,8,1,8,,16,16,1,22,9,121.5010035,25.03408564
111,3,8,18,26,2,02萬華區,萬華區康定路372巷與康定路口,0,0,1,2,C03,8,3,5,50,4,2,1,5,4,5,7,1,1,10,5,5,1,13,1,42,2,9,1,4,7,14,1,10,1,13,,44,16,1,22,9,121.5010035,25.03408564
111,3,8,18,40,2,01大同區,大同區敦煌路80巷與哈密街23巷口,0,0,1,1,F01,8,3,5,30,4,2,5,5,4,5,7,4,4,10,5,5,2,16,2,38,2,9,3,4,7,6,8,20,2,16,,6,6,1,22,9,121.5173504,25.07462058
111,3,8,18,40,2,01大同區,大同區敦煌路80巷與哈密街23巷口,0,0,1,2,B03,8,3,5,30,4,2,5,5,4,5,7,4,4,10,5,5,2,16,1,44,3,10,3,4,7,9,1,1,2,5,,44,6,1,22,9,121.5173504,25.07462058
111,3,8,18,46,2,01大同區,大同區通河西街1段明倫高中後方堤防,0,0,2,1,C03,8,1,5,30,14,9,1,5,4,5,7,4,4,10,5,5,1,16,1,63,2,9,3,4,7,5,1,10,1,12,,6,6,1,22,9,121.517827,25.0776976
111,3,8,18,46,2,01大同區,大同區通河西街1段明倫高中後方堤防,0,0,2,2,C03,8,1,5,30,14,9,1,5,4,5,7,4,4,10,5,5,1,16,1,30,2,9,3,4,7,9,1,10,1,11,,23,6,1,22,9,121.517827,25.0776976
111,3,8,18,57,2,05中正區,中正區新生南路1段6-7號前,0,0,2,1,C03,8,3,5,50,14,8,1,5,4,5,7,4,4,9,4,4,1,16,1,27,2,7,1,1,7,7,1,10,1,14,,43,43,1,21,1,121.5327842,25.043899