發生年度,發生月,發生日,發生時-Hours,發生分,處理別-編號,區序,肇事地點,死亡人數,2-30日死亡人數,受傷人數,當事人序號,車種,天候,光線,道路類別,速限-速度限制,道路型態,事故位置,路面狀況1,路面狀況2,路面狀況3,道路障礙1,道路障礙2,號誌1,號誌2,車道劃分-分向,車道劃分-分道1,車道劃分-分道2,車道劃分-分道3,事故類型及型態,性別,年齡,受傷程度,主要傷處,安全帽,行動電話,車輛用途,當事者行動狀態,駕駛資格情形,駕駛執照種類,飲酒情形,車輛撞擊部位1,車輛撞擊部位2,肇因碼-個別,肇因碼-主要,個人肇逃否,職業,旅次目的,座標-X,座標-Y
111,3,8,18,57,2,05中正區,中正區新生南路1段6-7號前,0,0,2,2,B03,8,3,5,50,14,8,1,5,4,5,7,4,4,9,4,4,1,16,2,79,3,10,1,1,7,9,1,8,1,2,,44,43,1,19,5,121.5327842,25.043899
111,3,8,18,57,2,05中正區,中正區新生南路1段6-7號前,0,0,2,3,F01,8,3,5,50,14,8,1,5,4,5,7,4,4,9,4,4,1,16,1,47,2,1,1,1,7,9,8,20,1,16,,44,43,1,21,5,121.5327842,25.043899
111,3,8,19,9,2,03中山區,中山區市民大道3段與八德路2段210巷口,0,0,1,1,B03,8,3,5,40,14,9,1,5,4,5,7,3,1,1,4,5,2,12,2,59,3,10,1,1,7,6,1,8,1,2,,9,9,1,22,9,121.5395342,25.04476677
111,3,8,19,9,2,03中山區,中山區市民大道3段與八德路2段210巷口,0,0,1,2,C03,8,3,5,40,14,9,1,5,4,5,7,3,1,1,4,5,2,12,2,36,2,9,1,1,7,9,1,10,1,14,,44,9,1,22,9,121.5395342,25.04476677
111,3,8,19,20,2,04大安區,大安區和平東路1段199巷與和平東路1段口口,0,0,1,1,C03,8,3,5,50,3,2,1,5,4,5,7,4,4,1,4,4,2,17,1,40,3,10,3,4,7,9,1,10,11,15,,30,30,1,22,9,121.5342771,25.02620177
111,3,8,19,20,2,04大安區,大安區和平東路1段199巷與和平東路1段口口,0,0,1,2,C03,8,3,5,50,3,2,1,5,4,5,7,4,4,1,4,4,2,17,2,35,2,8,3,4,7,9,1,10,1,11,,44,30,1,22,9,121.5342771,25.02620177
111,3,8,19,30,2,03中山區,中山區市民大道2段與林森北路口,0,0,1,1,C03,7,3,5,40,14,9,1,5,4,5,7,4,4,1,3,5,1,12,2,29,2,8,1,1,7,8,1,10,1,12,,17,17,1,22,9,121.5252895,25.04777101
111,3,8,19,30,2,03中山區,中山區市民大道2段與林森北路口,0,0,1,2,C02,7,3,5,40,14,9,1,5,4,5,7,4,4,1,3,5,1,12,1,25,3,10,1,1,7,9,1,9,1,14,,17,17,1,22,9,121.5252895,25.04777101
111,3,8,19,45,2,08士林區,士林區文林路與基河路口,0,0,1,1,A04,8,3,5,50,3,1,1,5,4,5,7,4,4,6,3,5,1,16,1,48,3,10,1,1,7,5,1,2,2,5,,8,8,1,22,9,121.5253402,25.08622987
111,3,8,19,45,2,08士林區,士林區文林路與基河路口,0,0,1,2,C03,8,3,5,50,3,1,1,5,4,5,7,4,4,6,3,5,1,16,1,50,2,1,1,1,7,9,1,10,2,11,,44,8,1,22,9,121.5253402,25.08622987
111,3,8,19,59,2,05中正區,中正區信義路2段265號,0,0,1,1,B03,8,3,5,50,14,9,1,5,4,5,7,4,4,10,4,5,2,12,1,52,3,10,1,1,7,1,1,8,2,5,,19,19,1,22,9,121.53179,25.03371536
111,3,8,19,59,2,05中正區,中正區信義路2段265號,0,0,1,2,C02,8,3,5,50,14,9,1,5,4,5,7,4,4,10,4,5,2,12,1,27,2,9,1,1,7,9,1,9,2,14,,44,19,1,22,9,121.53179,25.03371536
111,3,8,20,44,2,08士林區,士林區文林路162號前,0,0,1,1,B03,8,3,5,50,14,9,1,5,4,5,7,4,4,9,5,5,1,2,4,,4,11,3,4,7,15,7,19,11,15,,43,43,2,22,9,121.5267602,25.08920031
111,3,8,20,44,2,08士林區,士林區文林路162號前,0,0,1,2,H01,8,3,5,50,14,9,1,5,4,5,7,4,4,9,5,5,1,2,1,23,2,7,4,5,8,16,8,20,10,16,,67,43,1,21,8,121.5267602,25.08920031
111,3,8,20,45,2,05中正區,中正區羅斯福路4段24巷與汀州路3段口,0,0,1,1,C03,8,3,5,50,4,1,1,5,4,5,7,1,1,5,4,5,2,17,1,54,2,9,1,1,7,5,1,10,2,12,,25,25,1,22,9,121.5325377,25.0148837
111,3,8,20,45,2,05中正區,中正區羅斯福路4段24巷與汀州路3段口,0,0,1,2,B03,8,3,5,50,4,1,1,5,4,5,7,1,1,5,4,5,2,17,1,59,3,10,1,1,7,9,1,8,2,4,,44,25,1,22,9,121.5325377,25.0148837
111,3,8,20,45,2,05中正區,中正區羅斯福路4段24巷與汀州路3段口,0,0,1,3,B03,8,3,5,50,4,1,1,5,4,5,7,1,1,5,4,5,2,17,2,38,3,10,1,1,7,14,1,8,2,6,,44,25,1,22,9,121.5325377,25.0148837
111,3,8,21,30,2,04大安區,大安區市民大道4段66號,0,0,1,1,C03,7,3,5,40,14,9,1,5,4,5,7,4,4,1,4,5,2,13,1,26,2,9,3,4,7,9,1,10,1,11,,16,16,1,22,9,121.5470443,25.04495866
111,3,8,21,30,2,04大安區,大安區市民大道4段66號,0,0,1,2,B03,7,3,5,40,14,9,1,5,4,5,7,4,4,1,4,5,2,13,1,26,3,10,3,4,7,12,1,8,1,6,,44,16,1,22,9,121.5470443,25.04495866
111,3,8,21,35,2,02萬華區,萬華區西藏路與中華路2段口,0,0,3,1,C03,8,3,5,50,4,1,1,5,4,5,7,1,1,1,4,5,2,13,1,22,2,8,1,1,7,9,3,18,1,11,,16,16,1,22,9,121.5041519,25.02995817
111,3,8,21,35,2,02萬華區,萬華區西藏路與中華路2段口,0,0,3,2,C03,8,3,5,50,4,1,1,5,4,5,7,1,1,1,4,5,2,13,1,26,2,5,1,1,7,9,1,10,1,13,,44,16,1,22,9,121.5041519,25.02995817
111,3,8,21,35,2,02萬華區,萬華區西藏路與中華路2段口,0,0,3,3,H02,8,3,5,50,4,1,1,5,4,5,7,1,1,1,4,5,2,13,2,22,2,5,4,5,7,21,8,20,10,16,,67,16,1,22,9,121.5041519,25.02995817
111,3,8,21,40,2,07信義區,信義區基隆路1段149號,0,0,1,1,C03,8,3,5,50,14,9,1,5,4,5,7,4,4,3,4,5,2,12,2,62,2,7,1,1,7,1,3,18,2,14,,19,19,1,22,9,121.5654662,25.04260081
111,3,8,21,40,2,07信義區,信義區基隆路1段149號,0,0,1,2,C03,8,3,5,50,14,9,1,5,4,5,7,4,4,3,4,5,2,12,1,23,3,10,1,1,7,9,1,10,2,12,,13,19,1,22,9,121.5654662,25.04260081
111,3,8,21,48,2,02萬華區,萬華區馬場町河濱公園堤外自行車道,0,0,2,1,F01,8,3,8,30,15,22,1,5,4,5,7,4,4,9,5,5,2,16,1,13,2,9,1,1,7,1,8,20,1,16,,19,19,1,22,9,121.5044293,25.01873312
111,3,8,21,48,2,02萬華區,萬華區馬場町河濱公園堤外自行車道,0,0,2,2,F01,8,3,8,30,15,22,1,5,4,5,7,4,4,9,5,5,2,16,2,23,2,9,1,1,7,9,8,20,1,16,,23,19,1,22,9,121.5044293,25.01873312
111,3,8,23,20,2,05中正區,中正區汀州路2段265號(王貫英圖書館前),0,0,1,2,C03,8,3,5,50,14,9,1,5,4,2,7,4,4,9,4,5,2,17,1,32,3,10,1,1,7,9,1,10,1,13,,44,42,1,22,9,121.5237271,25.02246542
111,3,8,23,20,2,05中正區,中正區汀州路2段265號(王貫英圖書館前),0,0,1,3,C03,8,3,5,50,14,9,1,5,4,2,7,4,4,9,4,5,2,17,1,46,3,10,1,1,7,5,1,10,11,15,,44,42,2,22,9,121.5237271,25.02246542
111,3,8,23,20,2,05中正區,中正區汀州路2段265號(王貫英圖書館前),0,0,1,1,C03,8,3,5,50,14,9,1,5,4,2,7,4,4,9,4,5,2,17,1,24,2,8,1,1,7,9,1,10,1,14,,42,42,1,22,9,121.5237271,25.02246542
111,3,8,23,20,2,07信義區,信義區基隆路2段62號,0,0,1,1,C03,8,3,5,50,14,9,1,5,4,5,7,4,4,1,4,5,2,12,2,30,2,9,1,1,7,7,1,10,1,12,,42,42,1,22,9,121.5585185,25.03137853
111,3,8,23,20,2,07信義區,信義區基隆路2段62號,0,0,1,2,C03,8,3,5,50,14,9,1,5,4,5,7,4,4,1,4,5,2,12,2,30,3,10,1,1,7,9,1,10,1,14,,44,42,1,22,9,121.5585185,25.03137853
111,3,8,23,20,2,07信義區,信義區基隆路2段62號,0,0,1,3,B03,8,3,5,50,14,9,1,5,4,5,7,4,4,1,4,5,2,12,2,27,3,10,1,1,7,9,1,8,1,2,,44,42,1,22,9,121.5585185,25.03137853
111,3,8,23,30,2,06松山區,松山區復興北路與復興北路427巷口,0,0,2,2,C03,8,3,5,50,4,1,1,5,4,5,7,2,1,9,4,5,2,16,1,18,2,9,1,1,7,6,1,10,1,12,,44,19,1,22,9,121.5443385,25.06335767
111,3,8,23,30,2,06松山區,松山區復興北路與復興北路427巷口,0,0,2,1,C03,8,3,5,50,4,1,1,5,4,5,7,2,1,9,4,5,2,16,1,19,2,8,1,1,7,1,3,18,1,11,,19,19,1,22,9,121.5443385,25.06335767
111,3,9,3,31,2,05中正區,中正區林森南路與忠孝東路1段口,0,0,1,1,C03,7,1,5,50,4,1,1,5,4,5,7,1,1,1,4,1,2,16,2,61,2,9,1,1,7,9,4,11,2,11,,25,25,1,22,9,121.5232988,25.04471274
111,3,9,3,31,2,05中正區,中正區林森南路與忠孝東路1段口,0,0,1,2,B01,7,1,5,50,4,1,1,5,4,5,7,1,1,1,4,1,2,16,1,51,3,10,1,1,7,9,1,4,2,2,,23,25,1,22,9,121.5232988,25.04471274
111,3,9,5,4,2,06松山區,松山區南京東路5段291巷與南京東路5段口,0,0,1,1,B01,8,3,5,50,4,1,1,5,4,5,7,1,1,1,3,1,2,16,1,51,3,10,1,1,7,9,1,4,2,1,,25,25,1,10,4,121.566086,25.05136966
111,3,9,5,4,2,06松山區,松山區南京東路5段291巷與南京東路5段口,0,0,1,2,C03,8,3,5,50,4,1,1,5,4,5,7,1,1,1,3,1,2,16,1,30,2,9,1,1,7,1,1,10,2,14,,44,25,1,22,1,121.566086,25.05136966
111,3,9,6,50,2,11南港區,南港區松河街與成功路1段36巷口,0,0,2,1,C03,8,1,5,30,3,1,1,5,4,5,7,4,4,10,4,5,2,9,1,31,2,8,1,1,7,9,1,10,2,11,,15,15,1,21,8,121.5913517,25.05727367
111,3,9,6,50,2,11南港區,南港區松河街與成功路1段36巷口,0,0,2,2,H01,8,1,5,30,3,1,1,5,4,5,7,4,4,10,4,5,2,9,1,43,2,1,4,5,8,16,8,20,10,16,,67,15,1,21,8,121.5913517,25.05727367
111,3,9,6,52,2,10文山區,文山區福興路4巷3號,0,0,1,1,C03,8,1,5,30,14,9,1,5,4,5,7,4,4,10,5,5,2,12,2,70,2,9,1,1,7,7,1,10,2,14,,7,7,1,22,9,121.5516238,25.00302043
111,3,9,6,52,2,10文山區,文山區福興路4巷3號,0,0,1,2,B12,8,1,5,30,14,9,1,5,4,5,7,4,4,10,5,5,2,12,1,38,3,10,1,1,7,9,1,8,2,2,,23,7,1,22,9,121.5516238,25.00302043
111,3,9,6,58,2,04大安區,大安區延吉街248-1號前,0,0,1,1,C03,8,2,5,50,14,9,1,5,4,5,7,2,1,4,3,5,1,17,1,32,2,7,1,1,7,9,1,10,1,14,,44,44,1,5,1,121.5558373,25.0352351
111,3,9,6,58,2,04大安區,大安區延吉街248-1號前,0,0,1,2,C03,8,2,5,50,14,9,1,5,4,5,7,2,1,4,3,5,1,17,2,46,3,10,1,1,7,3,1,10,1,12,,44,44,1,21,5,121.5558373,25.0352351
111,3,9,7,12,2,12內湖區,內湖區南京東路6段與麥帥一橋口(機車)下橋處,0,0,2,1,C03,8,1,5,40,3,1,1,5,4,5,7,2,1,10,5,5,2,3,1,36,2,9,1,1,7,9,4,11,2,11,,25,25,1,22,9,121.5767892,25.05422826
111,3,9,7,12,2,12內湖區,內湖區南京東路6段與麥帥一橋口(機車)下橋處,0,0,2,2,H01,8,1,5,40,3,1,1,5,4,5,7,2,1,10,5,5,2,3,2,11,2,9,4,5,8,16,8,20,10,16,,67,25,1,22,9,121.5767892,25.05422826
111,3,9,7,30,2,10文山區,文山區溪洲街臨16號,0,0,1,1,C03,8,1,5,30,14,9,1,5,4,5,7,4,4,9,5,5,2,16,1,17,3,10,1,1,7,4,2,18,2,12,,1,1,1,22,9,121.5342258,25.00623053
111,3,9,7,30,2,10文山區,文山區溪洲街臨16號,0,0,1,2,C03,8,1,5,30,14,9,1,5,4,5,7,4,4,9,5,5,2,16,1,19,2,9,1,1,7,5,1,10,2,11,,44,1,1,22,9,121.5342258,25.00623053
111,3,9,7,30,2,10文山區,文山區溪洲街臨16號,0,0,1,3,C03,8,1,5,30,14,9,1,5,4,5,7,4,4,9,5,5,2,16,2,18,3,10,3,4,7,13,7,19,11,14,,44,1,1,22,9,121.5342258,25.00623053
111,3,9,7,30,2,10文山區,文山區溪洲街臨16號,0,0,1,4,C03,8,1,5,30,14,9,1,5,4,5,7,4,4,9,5,5,2,16,2,19,3,10,3,4,7,13,7,19,11,14,,44,1,1,22,9,121.5342258,25.00623053
111,3,9,7,30,2,10文山區,文山區溪洲街臨16號,0,0,1,5,C03,8,1,5,30,14,9,1,5,4,5,7,4,4,9,5,5,2,16,1,46,3,10,3,4,7,13,7,19,11,14,,44,1,1,22,9,121.5342258,25.00623053
111,3,9,7,40,2,09北投區,北投區中央北路4段589號,0,0,3,1,B03,8,1,5,50,14,9,1,5,4,5,7,4,4,5,4,5,2,17,1,80,3,10,1,1,7,9,1,8,1,1,,43,43,1,22,9,121.465288,25.12487291
111,3,9,7,40,2,09北投區,北投區中央北路4段589號,0,0,3,2,C03,8,1,5,50,14,9,1,5,4,5,7,4,4,5,4,5,2,17,1,57,2,9,1,1,7,14,1,10,1,13,,44,43,1,22,9,121.465288,25.12487291
111,3,9,7,40,2,09北投區,北投區中央北路4段589號,0,0,3,3,C03,8,1,5,50,14,9,1,5,4,5,7,4,4,5,4,5,2,17,1,43,3,10,1,1,7,14,1,10,1,13,,44,43,1,22,9,121.465288,25.12487291
111,3,9,7,40,2,09北投區,北投區中央北路4段589號,0,0,3,4,C03,8,1,5,50,14,9,1,5,4,5,7,4,4,5,4,5,2,17,1,77,2,5,1,1,7,14,1,10,1,13,,44,43,1,22,9,121.465288,25.12487291
111,3,9,7,40,2,09北投區,北投區中央北路4段589號,0,0,3,5,C03,8,1,5,50,14,9,1,5,4,5,7,4,4,5,4,5,2,17,1,42,3,10,1,1,7,14,1,10,1,13,,44,43,1,22,9,121.465288,25.12487291
111,3,9,7,40,2,09北投區,北投區中央北路4段589號,0,0,3,6,H02,8,1,5,50,14,9,1,5,4,5,7,4,4,5,4,5,2,17,2,75,2,9,1,1,7,21,8,20,10,16,,67,43,1,22,9,121.465288,25.12487291
111,3,9,7,45,2,04大安區,大安區青田街7巷與和平東路1段183巷口,0,0,1,1,C04,8,1,5,30,4,1,1,5,4,5,7,4,4,10,4,5,2,15,2,65,2,9,1,1,7,9,3,18,1,11,,6,6,1,22,9,121.5330584,25.02809082
111,3,9,7,45,2,04大安區,大安區青田街7巷與和平東路1段183巷口,0,0,1,2,B03,8,1,5,30,4,1,1,5,4,5,7,4,4,10,4,5,2,15,2,41,3,10,1,1,7,9,1,8,1,1,,23,6,1,22,9,121.5330584,25.02809082
111,3,9,7,54,2,06松山區,松山區塔悠路220號,0,0,1,1,C03,8,1,5,30,15,9,1,5,4,5,7,4,4,1,4,5,2,16,2,34,2,9,1,1,7,7,1,10,1,14,,6,6,1,22,9,121.569055,25.05821006
111,3,9,7,54,2,06松山區,松山區塔悠路220號,0,0,1,2,B03,8,1,5,30,15,9,1,5,4,5,7,4,4,1,4,5,2,16,1,44,3,10,1,4,7,9,1,8,1,2,,44,6,1,22,9,121.569055,25.05821006
111,3,9,8,0,2,11南港區,南港區松河街與中坡北路口,0,0,1,1,B03,8,1,5,50,3,1,1,5,4,5,7,4,4,1,5,5,2,16,1,49,3,10,1,1,7,8,1,1,2,2,,7,7,1,22,9,121.5801864,25.05218672
111,3,9,8,0,2,11南港區,南港區松河街與中坡北路口,0,0,1,2,C03,8,1,5,50,3,1,1,5,4,5,7,4,4,1,5,5,2,16,1,44,2,9,1,1,7,9,1,10,2,14,,44,7,1,22,9,121.5801864,25.05218672
111,3,9,8,5,2,10文山區,文山區懷恩隧道往南47.5公里處,0,0,2,1,C03,8,3,5,0,6,9,1,5,4,5,7,4,4,10,2,5,1,13,1,30,2,9,1,4,7,9,1,10,2,11,,23,23,1,22,9,121.5518018,24.9939812
111,3,9,8,5,2,10文山區,文山區懷恩隧道往南47.5公里處,0,0,2,2,F01,8,3,5,0,6,9,1,5,4,5,7,4,4,10,2,5,1,13,2,29,2,9,1,1,7,9,8,20,2,16,,44,23,1,22,9,121.5518018,24.9939812
111,3,9,8,18,2,03中山區,中山區民權東路2段186號,0,0,1,1,C03,8,1,5,50,14,9,1,5,4,5,7,4,4,1,4,5,2,17,2,23,3,10,1,1,7,15,1,10,1,15,,16,16,1,22,9,121.5359291,25.06244498
111,3,9,8,18,2,03中山區,中山區民權東路2段186號,0,0,1,2,C03,8,1,5,50,14,9,1,5,4,5,7,4,4,1,4,5,2,17,2,31,2,9,1,1,7,9,1,10,1,14,,44,16,1,22,9,121.5359291,25.06244498
111,3,9,8,19,2,01大同區,大同區台北橋機車道,0,0,2,1,C03,8,1,7,40,14,11,1,5,4,5,7,4,4,1,4,5,2,12,2,45,2,9,3,4,7,9,1,10,1,12,,17,17,1,22,9,121.5108272,25.06301108
111,3,9,8,19,2,01大同區,大同區台北橋機車道,0,0,2,2,C03,8,1,7,40,14,11,1,5,4,5,7,4,4,1,4,5,2,12,1,18,2,8,3,4,7,9,1,10,1,12,,17,17,1,22,9,121.5108272,25.06301108
111,3,9,8,30,2,03中山區,中山區中山北路3段與民族西路口,0,0,1,1,C03,8,1,5,50,4,2,1,5,4,5,7,1,1,5,4,5,2,12,2,54,2,9,1,1,7,9,1,10,1,14,,17,17,1,22,9,121.522806,25.0684751
111,3,9,8,30,2,03中山區,中山區中山北路3段與民族西路口,0,0,1,2,B03,8,1,5,50,4,2,1,5,4,5,7,1,1,5,4,5,2,12,1,49,3,10,1,1,7,9,1,8,1,5,,17,17,1,22,9,121.522806,25.0684751
111,3,9,8,41,2,04大安區,大安區復興南路2段275號,0,0,1,1,C03,8,1,5,50,14,7,1,5,4,5,7,4,4,9,4,4,1,12,1,68,3,10,1,1,7,8,1,10,1,13,,7,7,1,22,9,121.5435316,25.02525956
111,3,9,8,41,2,04大安區,大安區復興南路2段275號,0,0,1,2,C03,8,1,5,50,14,7,1,5,4,5,7,4,4,9,4,4,1,12,1,39,2,8,1,1,7,9,1,10,1,14,,17,7,1,22,9,121.5435316,25.02525956
111,3,9,8,47,2,09北投區,北投區磺港路與公館路228巷口,0,0,1,1,B03,8,1,5,50,4,1,1,5,4,5,7,1,1,10,5,5,2,16,1,67,3,10,1,1,7,6,1,6,1,2,,9,9,1,22,9,121.503121,25.12387225
111,3,9,8,47,2,09北投區,北投區磺港路與公館路228巷口,0,0,1,2,C03,8,1,5,50,4,1,1,5,4,5,7,1,1,10,5,5,2,16,1,50,2,8,1,1,7,9,1,10,1,14,,44,9,1,22,9,121.503121,25.12387225
111,3,9,8,50,2,01大同區,大同區南京西路與華亭街口,0,0,1,1,C03,8,1,5,50,3,1,1,5,4,5,7,4,4,5,4,5,2,3,1,25,3,10,1,1,7,9,1,10,2,11,,15,15,1,22,9,121.5130956,25.05396562
111,3,9,8,50,2,01大同區,大同區南京西路與華亭街口,0,0,1,2,H01,8,1,5,50,3,1,1,5,4,5,7,4,4,5,4,5,2,3,2,24,2,9,4,5,8,16,8,20,10,16,,67,15,1,22,9,121.5130956,25.05396562
111,3,9,9,1,2,03中山區,中山區伊通街52巷6號,0,0,1,1,C03,8,1,5,30,14,9,1,5,4,5,7,4,4,10,4,5,1,17,1,23,3,10,1,1,7,6,1,10,1,12,,9,9,1,22,9,121.5343312,25.0512899
111,3,9,9,1,2,03中山區,中山區伊通街52巷6號,0,0,1,2,C03,8,1,5,30,14,9,1,5,4,5,7,4,4,10,4,5,1,17,2,44,2,5,1,1,7,9,1,10,1,14,,44,9,1,22,9,121.5343312,25.0512899
111,3,9,9,1,2,03中山區,中山區伊通街52巷6號,0,0,1,3,C03,8,1,5,30,14,9,1,5,4,5,7,4,4,10,4,5,1,17,1,27,3,10,1,1,7,13,1,10,1,14,,44,9,1,22,9,121.5343312,25.0512899
111,3,9,9,2,2,10文山區,文山區指南路2段與指南路2段45巷口,0,0,1,1,B03,8,1,5,50,3,2,1,5,4,5,7,4,4,5,2,5,2,3,2,40,3,10,3,4,7,9,1,8,2,5,,15,15,1,22,9,121.5745236,24.98891405
111,3,9,9,2,2,10文山區,文山區指南路2段與指南路2段45巷口,0,0,1,2,H01,8,1,5,50,3,2,1,5,4,5,7,4,4,5,2,5,2,3,2,40,2,9,4,5,8,16,8,20,10,15,,67,15,1,22,9,121.5745236,24.98891405
111,3,9,9,20,2,12內湖區,內湖區環山路1段與環山路1段28巷口口,0,0,2,1,C03,7,1,5,50,3,2,1,5,4,5,7,2,1,4,4,5,2,16,1,21,2,9,1,1,7,5,1,10,1,13,,44,44,1,22,9,121.5656678,25.0826777
111,3,9,9,20,2,12內湖區,內湖區環山路1段與環山路1段28巷口口,0,0,2,2,C03,7,1,5,50,3,2,1,5,4,5,7,2,1,4,4,5,2,16,1,20,2,9,1,1,7,9,1,10,1,11,,23,44,1,22,9,121.5656678,25.0826777
111,3,9,9,20,2,11南港區,南港區市民大道7段與中坡北路口,0,0,2,1,C03,8,1,5,50,5,1,1,5,4,5,7,2,1,1,3,5,2,12,1,21,2,9,3,4,7,8,1,10,1,12,,7,7,1,22,9,121.5802953,25.04955201
111,3,9,9,20,2,11南港區,南港區市民大道7段與中坡北路口,0,0,2,2,C03,8,1,5,50,5,1,1,5,4,5,7,2,1,1,3,5,2,12,2,23,2,8,3,4,7,8,1,10,1,15,,7,7,1,22,9,121.5802953,25.04955201
111,3,9,9,51,2,03中山區,中山區朱崙街67號,0,0,2,1,B03,8,1,5,50,14,9,1,5,4,5,7,4,4,10,5,5,2,16,1,64,3,10,3,4,7,1,1,8,1,8,,19,19,1,22,9,121.5416458,25.05000644
111,3,9,9,51,2,03中山區,中山區朱崙街67號,0,0,2,2,B01,8,1,5,50,14,9,1,5,4,5,7,4,4,10,5,5,2,16,1,58,2,2,3,4,7,8,1,4,1,5,,7,19,1,22,9,121.5416458,25.05000644
111,3,9,9,51,2,03中山區,中山區朱崙街67號,0,0,2,3,B12,8,1,5,50,14,9,1,5,4,5,7,4,4,10,5,5,2,16,1,50,3,10,3,1,7,13,1,8,1,4,,44,19,1,22,9,121.5416458,25.05000644
111,3,9,9,51,2,03中山區,中山區朱崙街67號,0,0,2,4,B03,8,1,5,50,14,9,1,5,4,5,7,4,4,10,5,5,2,16,1,50,3,10,3,4,7,13,1,8,1,7,,44,19,1,22,9,121.5416458,25.05000644
111,3,9,9,51,2,03中山區,中山區朱崙街67號,0,0,2,5,H02,8,1,5,50,14,9,1,5,4,5,7,4,4,10,5,5,2,16,2,53,2,3,4,5,7,20,8,20,10,16,,67,19,1,22,9,121.5416458,25.05000644
111,3,9,9,51,2,03中山區,中山區朱崙街67號,0,0,2,6,B03,8,1,5,50,14,9,1,5,4,5,7,4,4,10,5,5,2,16,4,,4,11,3,4,7,15,7,19,11,15,,43,19,2,22,9,121.5416458,25.05000644
111,3,9,10,14,2,05中正區,中正區和平西路1段136號前,0,0,1,1,C03,8,1,5,50,14,9,1,5,4,5,7,4,4,1,4,5,2,12,1,47,3,10,1,1,4,9,1,10,1,12,,23,23,1,22,9,121.5163065,25.02714946
111,3,9,10,14,2,05中正區,中正區和平西路1段136號前,0,0,1,2,G06,8,1,5,50,14,9,1,5,4,5,7,4,4,1,4,5,2,12,2,29,2,9,3,4,7,7,7,19,1,15,,7,23,1,22,9,121.5163065,25.02714946
111,3,9,10,14,2,05中正區,中正區和平西路1段136號前,0,0,1,3,B11,8,1,5,50,14,9,1,5,4,5,7,4,4,1,4,5,2,12,1,45,3,10,3,1,7,13,1,3,1,3,,38,23,1,22,9,121.5163065,25.02714946
111,3,9,10,15,2,11南港區,南港區忠孝東路6段421號,0,0,3,1,C03,8,1,5,50,14,7,1,5,4,5,7,4,4,1,4,4,2,13,2,27,2,8,1,1,7,9,1,10,1,13,,44,44,1,21,8,121.5907163,25.04993623
111,3,9,10,15,2,11南港區,南港區忠孝東路6段421號,0,0,3,2,C03,8,1,5,50,14,7,1,5,4,5,7,4,4,1,4,4,2,13,1,41,2,7,1,1,7,9,1,10,1,11,,16,44,1,21,8,121.5907163,25.04993623
111,3,9,10,15,2,11南港區,南港區忠孝東路6段421號,0,0,3,3,H02,8,1,5,50,14,7,1,5,4,5,7,4,4,1,4,4,2,13,2,33,2,8,1,5,7,20,8,20,1,16,,67,44,1,21,8,121.5907163,25.04993623
111,3,9,10,17,2,07信義區,信義區逸仙路50巷27號與忠孝東路4段554巷口,0,0,1,1,B03,8,1,5,30,4,1,1,5,4,5,7,4,4,10,5,5,2,15,1,23,3,10,3,4,7,9,1,8,1,1,,6,6,1,22,9,121.5633578,25.04059401
111,3,9,10,17,2,07信義區,信義區逸仙路50巷27號與忠孝東路4段554巷口,0,0,1,2,C03,8,1,5,30,4,1,1,5,4,5,7,4,4,10,5,5,2,15,2,22,2,9,3,4,7,9,1,10,1,12,,14,6,1,22,9,121.5633578,25.04059401
111,3,9,10,17,2,07信義區,信義區逸仙路50巷27號與忠孝東路4段554巷口,0,0,1,3,B01,8,1,5,30,4,1,1,5,4,5,7,4,4,10,5,5,2,15,1,45,3,10,3,4,7,14,1,4,9,15,,38,6,1,22,9,121.5633578,25.04059401
111,3,9,10,17,2,07信義區,信義區基隆路1段374號,0,0,1,1,B03,8,1,5,50,14,9,1,5,4,5,7,4,4,1,4,5,2,12,1,27,3,10,1,1,7,8,1,8,2,2,,6,6,1,22,8,121.5609367,25.03561272
111,3,9,10,17,2,07信義區,信義區基隆路1段374號,0,0,1,2,C03,8,1,5,50,14,9,1,5,4,5,7,4,4,1,4,5,2,12,1,29,2,8,1,1,7,9,1,10,2,11,,44,6,1,22,8,121.5609367,25.03561272
111,3,9,10,23,2,05中正區,中正區公園路與凱達格蘭大道口,0,0,1,1,A02,8,1,5,50,4,2,1,5,4,3,6,1,1,9,4,5,2,17,1,56,3,10,1,1,7,5,1,2,1,15,,8,8,1,22,9,121.5157222,25.03958229
111,3,9,10,23,2,05中正區,中正區公園路與凱達格蘭大道口,0,0,1,2,C03,8,1,5,50,4,2,1,5,4,3,6,1,1,9,4,5,2,17,1,33,2,8,1,1,7,9,1,10,1,14,,23,8,1,22,9,121.5157222,25.03958229
111,3,9,10,23,2,05中正區,中正區公園路與凱達格蘭大道口,0,0,1,3,A02,8,1,5,50,4,2,1,5,4,3,6,1,1,9,4,5,2,17,1,29,3,10,1,1,7,5,1,2,11,15,,42,8,2,22,9,121.5157222,25.03958229
111,3,9,11,1,2,05中正區,中正區延平南路與中華路1段91巷口,0,0,1,1,B03,8,1,5,30,3,1,1,5,4,5,7,4,4,10,5,5,2,1,2,28,3,10,3,1,7,5,1,8,2,8,,23,23,1,3,3,121.5083329,25.03775168
111,3,9,11,1,2,05中正區,中正區延平南路與中華路1段91巷口,0,0,1,2,H01,8,1,5,30,3,1,1,5,4,5,7,4,4,10,5,5,2,1,2,91,2,1,4,1,8,16,8,20,10,16,,51,23,1,20,5,121.5083329,25.03775168