發生年度,發生月,發生日,發生時-Hours,發生分,處理別-編號,區序,肇事地點,死亡人數,2-30日死亡人數,受傷人數,當事人序號,車種,天候,光線,道路類別,速限-速度限制,道路型態,事故位置,路面狀況1,路面狀況2,路面狀況3,道路障礙1,道路障礙2,號誌1,號誌2,車道劃分-分向,車道劃分-分道1,車道劃分-分道2,車道劃分-分道3,事故類型及型態,性別,年齡,受傷程度,主要傷處,安全帽,行動電話,車輛用途,當事者行動狀態,駕駛資格情形,駕駛執照種類,飲酒情形,車輛撞擊部位1,車輛撞擊部位2,肇因碼-個別,肇因碼-主要,個人肇逃否,職業,旅次目的,座標-X,座標-Y
111,3,9,11,5,2,05中正區,中正區和平西路2段81號,0,0,2,1,C03,8,1,5,50,14,7,1,5,4,5,7,4,4,1,4,4,1,17,2,57,2,9,1,1,7,9,1,10,2,14,,23,23,1,22,9,121.507379,25.03178789
111,3,9,11,5,2,05中正區,中正區和平西路2段81號,0,0,2,2,C03,8,1,5,50,14,7,1,5,4,5,7,4,4,1,4,4,1,17,1,76,2,9,1,1,7,9,1,10,2,12,,44,23,1,22,9,121.507379,25.03178789
111,3,9,11,10,2,06松山區,松山區敦化北路199巷16弄6號,0,0,2,1,C03,8,1,5,50,3,2,1,5,4,5,7,4,4,10,4,5,2,17,1,31,2,7,1,1,7,9,1,10,1,11,,4,4,1,22,9,121.5509353,25.05647078
111,3,9,11,10,2,06松山區,松山區敦化北路199巷16弄6號,0,0,2,2,C03,8,1,5,50,3,2,1,5,4,5,7,4,4,10,4,5,2,17,2,51,2,9,1,1,7,5,4,11,1,14,,44,4,1,22,9,121.5509353,25.05647078
111,3,9,11,41,2,09北投區,北投區承德路6段與福國路口,0,0,2,1,C03,8,1,5,60,4,1,1,5,4,5,7,1,1,10,5,5,2,13,1,40,3,10,1,1,7,12,1,10,1,13,,16,16,1,22,9,121.5124774,25.10136902
111,3,9,11,41,2,09北投區,北投區承德路6段與福國路口,0,0,2,2,C03,8,1,5,60,4,1,1,5,4,5,7,1,1,10,5,5,2,13,2,31,2,9,1,1,7,9,1,10,1,11,,23,16,1,22,9,121.5124774,25.10136902
111,3,9,11,41,2,09北投區,北投區承德路6段與福國路口,0,0,2,3,C03,8,1,5,60,4,1,1,5,4,5,7,1,1,10,5,5,2,13,2,31,2,8,1,1,7,9,1,10,1,14,,23,16,1,22,9,121.5124774,25.10136902
111,3,9,11,50,2,06松山區,松山區光復北路190巷與光復北路口,0,0,1,1,C03,8,1,5,50,4,1,1,5,4,5,7,1,1,9,4,5,2,3,1,54,3,10,1,1,7,6,6,18,2,11,,15,15,1,22,9,121.5558919,25.0546853
111,3,9,11,50,2,06松山區,松山區光復北路190巷與光復北路口,0,0,1,2,H01,8,1,5,50,4,1,1,5,4,5,7,1,1,9,4,5,2,3,1,50,2,9,4,5,8,16,8,20,10,16,,51,15,1,22,9,121.5558919,25.0546853
111,3,9,11,50,2,10文山區,文山區辛亥路7段與光輝路21巷口口,0,0,1,1,B02,8,1,5,50,3,1,1,5,4,5,7,2,1,4,3,5,1,12,1,49,3,10,3,4,7,6,1,8,2,4,,9,9,1,22,9,121.553947,24.98545136
111,3,9,11,50,2,10文山區,文山區辛亥路7段與光輝路21巷口口,0,0,1,2,C03,8,1,5,50,3,1,1,5,4,5,7,2,1,4,3,5,1,12,2,25,2,8,1,4,7,9,1,10,2,11,,44,9,1,22,9,121.553947,24.98545136
111,3,9,12,0,2,09北投區,北投區石牌路1段166巷123號,0,0,1,1,B03,8,1,5,30,14,9,1,5,4,5,7,4,4,10,5,5,2,11,2,59,4,11,3,4,7,15,7,19,11,15,,42,42,2,22,9,121.5158479,25.11136335
111,3,9,12,0,2,09北投區,北投區石牌路1段166巷123號,0,0,1,2,C03,8,1,5,30,14,9,1,5,4,5,7,4,4,10,5,5,2,11,2,61,2,9,1,1,7,4,1,10,1,14,,1,42,1,22,9,121.5158479,25.11136335
111,3,9,12,5,2,05中正區,中正區愛國西路與延平南路口,0,0,2,1,C03,8,1,5,40,4,1,1,5,4,5,7,1,1,1,4,4,2,16,1,58,2,9,1,1,7,6,1,10,2,12,,6,6,1,22,9,121.5079468,25.03663694
111,3,9,12,5,2,05中正區,中正區愛國西路與延平南路口,0,0,2,2,C03,8,1,5,40,4,1,1,5,4,5,7,1,1,1,4,4,2,16,1,37,2,9,1,1,7,9,1,10,2,14,,13,6,1,22,9,121.5079468,25.03663694
111,3,9,12,21,2,03中山區,中山區林森北路與雙城街49巷口,0,0,1,1,B03,8,1,5,50,4,1,1,5,4,5,7,4,4,5,5,5,2,17,1,50,3,10,1,1,7,6,1,8,1,5,,44,44,1,22,9,121.525732,25.06792638
111,3,9,12,21,2,03中山區,中山區林森北路與雙城街49巷口,0,0,1,2,F01,8,1,5,50,4,1,1,5,4,5,7,4,4,5,5,5,2,17,1,55,2,9,1,1,7,9,8,20,1,16,,26,44,1,22,9,121.525732,25.06792638
111,3,9,12,25,2,06松山區,松山區敦化北路與富錦街77巷6弄口,0,0,1,1,C03,8,1,5,50,3,2,1,5,4,5,7,1,1,1,4,5,2,17,1,33,2,9,1,1,7,7,1,10,1,14,,26,26,1,22,9,121.5508204,25.06107423
111,3,9,12,25,2,06松山區,松山區敦化北路與富錦街77巷6弄口,0,0,1,2,B01,8,1,5,50,3,2,1,5,4,5,7,1,1,1,4,5,2,17,1,51,3,10,1,1,7,9,1,4,1,1,,44,26,1,22,9,121.5508204,25.06107423
111,3,9,12,30,2,03中山區,中山區南京東路3段89巷14弄,0,0,1,1,C03,8,1,5,30,14,9,1,5,4,5,7,4,4,10,5,5,2,16,2,34,2,9,1,1,7,1,1,10,1,14,,6,6,1,22,9,121.5383222,25.0530208
111,3,9,12,30,2,03中山區,中山區南京東路3段89巷14弄,0,0,1,2,C03,8,1,5,30,14,9,1,5,4,5,7,4,4,10,5,5,2,16,1,27,3,10,1,1,7,9,1,10,1,11,,13,6,1,22,9,121.5383222,25.0530208
111,3,9,12,35,2,03中山區,中山區復興北路與民權東路3段口前引道,0,0,1,1,C03,8,1,5,50,3,2,1,5,4,5,7,4,4,1,4,5,2,16,1,19,3,10,1,4,7,6,1,10,1,12,,9,9,1,22,9,121.5440944,25.06272616
111,3,9,12,35,2,03中山區,中山區復興北路與民權東路3段口前引道,0,0,1,2,C03,8,1,5,50,3,2,1,5,4,5,7,4,4,1,4,5,2,16,1,42,2,9,1,4,7,9,1,10,1,14,,23,9,1,22,9,121.5440944,25.06272616
111,3,9,12,37,2,01大同區,大同區民權西路194號(民權西加油站)前,0,0,2,1,C03,8,1,5,50,14,9,1,5,4,5,7,4,4,1,4,5,2,13,2,25,3,10,1,1,7,9,1,10,1,11,,16,16,1,22,9,121.5140071,25.06289511
111,3,9,12,37,2,01大同區,大同區民權西路194號(民權西加油站)前,0,0,2,2,C03,8,1,5,50,14,9,1,5,4,5,7,4,4,1,4,5,2,13,2,39,3,10,1,1,7,9,1,10,1,13,,44,16,1,22,9,121.5140071,25.06289511
111,3,9,12,37,2,01大同區,大同區民權西路194號(民權西加油站)前,0,0,2,3,C03,8,1,5,50,14,9,1,5,4,5,7,4,4,1,4,5,2,13,2,23,2,9,1,1,7,9,1,10,1,11,,23,16,1,22,9,121.5140071,25.06289511
111,3,9,12,37,2,01大同區,大同區民權西路194號(民權西加油站)前,0,0,2,4,C03,8,1,5,50,14,9,1,5,4,5,7,4,4,1,4,5,2,13,1,24,3,10,1,1,7,9,1,9,1,14,,16,16,1,22,9,121.5140071,25.06289511
111,3,9,12,37,2,01大同區,大同區民權西路194號(民權西加油站)前,0,0,2,5,C03,8,1,5,50,14,9,1,5,4,5,7,4,4,1,4,5,2,13,1,27,2,8,1,1,7,9,1,10,1,12,,44,16,1,22,9,121.5140071,25.06289511
111,3,9,12,49,2,03中山區,中山區五常街53巷28號,0,0,1,1,B12,8,1,5,50,14,9,1,5,4,5,7,4,4,8,5,5,2,13,1,46,3,10,1,1,7,9,1,8,7,5,,23,23,1,22,9,121.539529,25.067008
111,3,9,12,49,2,03中山區,中山區五常街53巷28號,0,0,1,2,C03,8,1,5,50,14,9,1,5,4,5,7,4,4,8,5,5,2,13,2,42,2,9,1,1,7,9,1,10,2,13,12,14,23,1,22,9,121.539529,25.067008
111,3,9,12,49,2,03中山區,中山區五常街53巷28號,0,0,1,3,C03,8,1,5,50,14,9,1,5,4,5,7,4,4,8,5,5,2,13,1,55,3,10,1,1,7,13,1,10,1,12,14,44,23,1,22,9,121.539529,25.067008
111,3,9,12,49,2,03中山區,中山區五常街53巷28號,0,0,1,4,C03,8,1,5,50,14,9,1,5,4,5,7,4,4,8,5,5,2,13,1,55,3,10,1,1,7,13,1,10,1,12,14,44,23,1,22,9,121.539529,25.067008
111,3,9,12,49,2,03中山區,中山區五常街53巷28號,0,0,1,5,C03,8,1,5,50,14,9,1,5,4,5,7,4,4,8,5,5,2,13,1,38,3,10,1,1,7,13,1,10,1,12,14,44,23,1,22,9,121.539529,25.067008
111,3,9,13,1,2,07信義區,信義區光復南路421巷20號,0,0,1,1,B03,8,1,5,30,14,9,1,5,4,5,7,4,4,10,5,5,1,15,1,42,3,10,1,1,7,9,1,8,2,1,,6,6,1,22,9,121.5584094,25.03618877
111,3,9,13,1,2,07信義區,信義區光復南路421巷20號,0,0,1,2,C03,8,1,5,30,14,9,1,5,4,5,7,4,4,10,5,5,1,15,1,41,2,9,1,1,7,9,1,10,2,14,,14,6,1,22,9,121.5584094,25.03618877
111,3,9,13,9,2,09北投區,北投區中央北路4段與學園路口,0,0,1,1,F03,8,1,5,50,3,1,1,5,4,5,7,1,1,5,4,5,2,17,2,19,3,10,1,1,7,5,8,20,1,16,,6,6,1,22,9,121.4659865,25.12667295
111,3,9,13,9,2,09北投區,北投區中央北路4段與學園路口,0,0,1,2,C03,8,1,5,50,3,1,1,5,4,5,7,1,1,5,4,5,2,17,1,24,2,7,1,1,7,9,1,10,1,12,,44,6,1,22,9,121.4659865,25.12667295
111,3,9,14,6,2,07信義區,信義區虎林街202巷與松德路133巷口,0,0,1,1,C03,8,1,5,30,4,1,1,5,4,5,7,4,4,10,5,5,2,17,1,47,3,10,1,1,7,5,1,10,1,14,,8,8,1,22,9,121.5752562,25.03706332
111,3,9,14,6,2,07信義區,信義區虎林街202巷與松德路133巷口,0,0,1,2,C03,8,1,5,30,4,1,1,5,4,5,7,4,4,10,5,5,2,17,1,26,2,8,1,1,7,9,1,10,1,12,,44,8,1,22,9,121.5752562,25.03706332
111,3,9,14,10,2,07信義區,信義區松山路119巷與無名巷口,0,0,1,1,B03,8,1,5,30,3,2,1,5,4,5,7,4,4,10,5,5,1,17,1,64,3,10,3,4,7,1,1,8,1,8,,19,19,1,22,9,121.5800698,25.04751072
111,3,9,14,10,2,07信義區,信義區松山路119巷與無名巷口,0,0,1,2,C03,8,1,5,30,3,2,1,5,4,5,7,4,4,10,5,5,1,17,1,31,2,8,3,4,7,5,1,10,1,12,,14,19,1,22,9,121.5800698,25.04751072
111,3,9,14,25,2,04大安區,大安區光復南路180巷與延吉街131巷口廢鐵道,0,0,1,1,C03,8,1,5,30,4,1,1,5,4,5,7,4,4,1,5,5,2,16,2,59,2,7,1,1,7,11,1,10,1,12,,6,6,1,22,9,121.5566266,25.0423652
111,3,9,14,25,2,04大安區,大安區光復南路180巷與延吉街131巷口廢鐵道,0,0,1,2,B01,8,1,5,30,4,1,1,5,4,5,7,4,4,1,5,5,2,16,1,31,3,10,1,1,7,9,1,4,1,1,,14,6,1,22,9,121.5566266,25.0423652
111,3,9,14,25,2,08士林區,士林區通河東街2段與承德路5段口,0,0,1,1,B12,8,1,5,0,4,1,1,5,4,5,7,1,1,1,5,4,1,16,1,44,4,11,3,4,7,15,7,19,11,15,,42,42,2,22,9,121.5139246,25.09605848
111,3,9,14,25,2,08士林區,士林區通河東街2段與承德路5段口,0,0,1,2,C04,8,1,5,0,4,1,1,5,4,5,7,1,1,1,5,4,1,16,1,47,2,7,1,1,7,9,1,11,1,15,,43,42,1,22,9,121.5139246,25.09605848
111,3,9,14,30,2,08士林區,士林區中山北路6段與德行西路口,0,0,1,1,C03,8,1,5,50,14,9,1,5,4,5,7,4,4,10,2,5,1,13,1,80,2,1,1,1,7,9,3,18,9,11,,23,23,1,22,9,121.5247282,25.10636896
111,3,9,14,30,2,08士林區,士林區中山北路6段與德行西路口,0,0,1,2,B12,8,1,5,50,14,9,1,5,4,5,7,4,4,10,2,5,1,13,1,70,3,10,1,1,7,14,1,8,2,3,,44,23,1,22,9,121.5247282,25.10636896
111,3,9,14,30,2,08士林區,士林區中山北路6段與德行西路口,0,0,1,3,B03,8,1,5,50,14,9,1,5,4,5,7,4,4,10,2,5,1,13,1,51,3,10,1,1,7,14,1,8,2,3,,44,23,1,22,9,121.5247282,25.10636896
111,3,9,14,48,2,03中山區,中山區長安東路2段與龍江路口,0,0,1,1,C03,8,1,5,50,4,1,1,5,4,5,7,1,1,5,4,5,2,16,2,39,2,9,1,1,7,5,1,10,1,14,,8,8,1,22,9,121.540353,25.04826865
111,3,9,14,48,2,03中山區,中山區長安東路2段與龍江路口,0,0,1,2,B03,8,1,5,50,4,1,1,5,4,5,7,1,1,5,4,5,2,16,1,32,3,10,1,1,7,9,1,8,1,5,,44,8,1,22,9,121.540353,25.04826865
111,3,9,15,5,2,02萬華區,萬華區中華路2段與中華路2段364巷口,0,0,2,1,C03,8,1,5,50,4,1,1,5,4,5,7,1,1,9,4,4,1,17,1,37,3,10,1,1,7,7,6,18,1,14,,7,7,1,22,9,121.5048066,25.02919309
111,3,9,15,5,2,02萬華區,萬華區中華路2段與中華路2段364巷口,0,0,2,3,B03,8,1,5,50,4,1,1,5,4,5,7,1,1,9,4,4,1,17,1,64,3,10,1,1,7,9,1,8,1,8,,44,7,1,22,9,121.5048066,25.02919309
111,3,9,15,5,2,02萬華區,萬華區中華路2段與中華路2段364巷口,0,0,2,2,C03,8,1,5,50,4,1,1,5,4,5,7,1,1,9,4,4,1,17,1,24,2,9,1,1,7,9,1,10,1,12,,44,7,1,22,9,121.5048066,25.02919309
111,3,9,15,5,2,02萬華區,萬華區中華路2段與中華路2段364巷口,0,0,2,4,H02,8,1,5,50,4,1,1,5,4,5,7,1,1,9,4,4,1,17,2,22,2,9,4,5,7,20,8,20,10,16,,67,7,1,22,9,121.5048066,25.02919309
111,3,9,15,52,2,06松山區,松山區三民路90號,0,0,1,1,C03,8,1,5,50,14,9,1,5,4,5,7,1,1,5,4,5,2,12,1,68,2,9,3,4,7,7,1,10,2,14,,7,7,1,22,9,121.5636374,25.05672337
111,3,9,15,52,2,06松山區,松山區三民路90號,0,0,1,2,B03,8,1,5,50,14,9,1,5,4,5,7,1,1,5,4,5,2,12,1,22,3,10,3,4,7,9,1,8,2,2,,23,7,1,22,9,121.5636374,25.05672337
111,3,9,16,5,2,12內湖區,內湖區行善路與行善路339巷口,0,0,1,1,B01,8,1,5,50,4,1,1,5,4,5,7,2,1,10,5,5,2,16,1,61,3,10,1,1,7,5,1,4,1,2,,6,6,1,22,9,121.5846304,25.06273864
111,3,9,16,5,2,12內湖區,內湖區行善路與行善路339巷口,0,0,1,2,C03,8,1,5,50,4,1,1,5,4,5,7,2,1,10,5,5,2,16,2,46,2,9,1,1,7,9,1,10,1,11,,44,6,1,22,9,121.5846304,25.06273864
111,3,9,16,17,2,05中正區,中正區牯嶺街與南海路口,0,0,1,1,B03,8,1,5,30,4,1,1,5,4,5,7,1,1,10,4,5,2,17,1,32,3,10,1,1,7,9,1,8,2,1,,23,23,1,22,9,121.5149426,25.0320489
111,3,9,16,17,2,05中正區,中正區牯嶺街與南海路口,0,0,1,2,C03,8,1,5,30,4,1,1,5,4,5,7,1,1,10,4,5,2,17,1,50,2,9,1,1,7,5,1,10,2,13,,8,23,1,22,9,121.5149426,25.0320489
111,3,9,16,23,2,03中山區,中山區中山北路1段與市民大道2段口,0,0,1,1,B03,8,1,5,50,4,1,1,5,4,5,7,1,1,4,4,1,2,13,2,41,3,10,1,1,7,9,1,8,1,5,,23,23,1,22,9,121.5230036,25.0561769
111,3,9,16,23,2,03中山區,中山區中山北路1段與市民大道2段口,0,0,1,2,C03,8,1,5,50,4,1,1,5,4,5,7,1,1,4,4,1,2,13,1,56,2,8,1,1,7,14,1,10,1,13,12,44,23,1,22,9,121.5230036,25.0561769
111,3,9,16,50,2,11南港區,南港區南港路3段48號,0,0,1,1,C03,8,1,5,50,14,9,1,5,4,5,7,4,4,5,4,5,2,13,1,37,2,7,1,1,7,9,1,10,1,11,,44,44,1,21,8,121.5918962,25.05417577
111,3,9,16,50,2,11南港區,南港區南港路3段48號,0,0,1,2,C03,8,1,5,50,14,9,1,5,4,5,7,4,4,5,4,5,2,13,1,36,3,10,1,1,7,8,1,10,1,13,,7,44,1,21,8,121.5918962,25.05417577
111,3,9,17,2,2,09北投區,北投區文林北路與文林北路80巷口,0,0,1,1,B03,8,1,5,30,3,1,1,5,4,5,7,4,4,1,4,5,2,16,1,42,3,10,1,1,7,6,1,8,1,4,,9,9,1,22,9,121.5179997,25.10522191
111,3,9,17,2,2,09北投區,北投區文林北路與文林北路80巷口,0,0,1,2,C03,8,1,5,30,3,1,1,5,4,5,7,4,4,1,4,5,2,16,1,68,2,9,1,1,7,9,1,10,1,11,,23,9,1,22,9,121.5179997,25.10522191
111,3,9,17,12,2,09北投區,(義理街79號前),0,0,2,1,C03,8,1,5,50,3,1,1,5,4,5,7,4,4,5,5,5,2,16,1,39,3,10,1,1,7,5,1,10,1,14,,44,44,1,22,9,121.5161278,25.11806377
111,3,9,17,12,2,09北投區,(義理街79號前),0,0,2,2,C03,8,1,5,50,3,1,1,5,4,5,7,4,4,5,5,5,2,16,2,34,2,8,1,1,7,4,1,10,1,11,,4,44,1,22,9,121.5161278,25.11806377
111,3,9,17,12,2,09北投區,(義理街79號前),0,0,2,3,H02,8,1,5,50,3,1,1,5,4,5,7,4,4,5,5,5,2,16,2,41,2,8,1,5,7,21,8,20,10,16,,67,44,1,22,9,121.5161278,25.11806377
111,3,9,17,15,2,03中山區,中山區北安路與崇實路口,0,0,2,1,C03,8,1,5,50,14,11,1,5,4,5,7,1,1,1,4,5,2,13,1,34,2,7,1,1,7,9,1,10,1,11,,16,16,1,22,9,121.5445588,25.07936986
111,3,9,17,15,2,03中山區,中山區北安路與崇實路口,0,0,2,2,C03,8,1,5,50,14,11,1,5,4,5,7,1,1,1,4,5,2,13,1,26,2,9,1,1,7,9,1,10,1,13,,44,16,1,22,9,121.5445588,25.07936986
111,3,9,17,20,2,06松山區,松山區市民大道4段257號,0,0,1,1,B03,8,1,5,40,14,9,1,5,4,5,7,4,4,1,4,5,2,17,1,50,3,10,1,1,7,6,1,8,1,7,,44,44,1,22,9,121.5546733,25.04466993
111,3,9,17,20,2,06松山區,松山區市民大道4段257號,0,0,1,2,C03,8,1,5,40,14,9,1,5,4,5,7,4,4,1,4,5,2,17,2,54,2,9,1,1,7,9,1,10,1,11,,23,44,1,22,9,121.5546733,25.04466993
111,3,9,17,27,2,08士林區,士林區至善路1段221號燈桿,0,0,2,1,C03,8,1,8,50,15,22,1,5,4,5,7,4,4,3,5,5,2,16,1,55,2,7,1,1,7,8,1,10,1,12,,7,7,1,22,9,121.5382377,25.09801804
111,3,9,17,27,2,08士林區,士林區至善路1段221號燈桿,0,0,2,2,C03,8,1,8,50,15,22,1,5,4,5,7,4,4,3,5,5,2,16,2,42,2,9,1,1,7,9,1,10,1,11,,44,7,1,22,9,121.5382377,25.09801804
111,3,9,17,27,2,07信義區,信義區虎林街30巷與虎林街46巷口,0,0,1,1,C03,8,1,5,30,4,1,1,5,4,5,7,4,4,10,5,5,2,15,1,18,3,10,3,4,7,9,1,10,2,11,,6,6,1,22,9,121.5759973,25.04724172
111,3,9,17,27,2,07信義區,信義區虎林街30巷與虎林街46巷口,0,0,1,2,C03,8,1,5,30,4,1,1,5,4,5,7,4,4,10,5,5,2,15,2,57,2,9,3,4,7,9,1,10,2,11,,14,6,1,22,9,121.5759973,25.04724172
111,3,9,17,32,2,09北投區,北投區公館路263號,0,0,1,1,B03,8,1,5,30,14,9,1,5,4,5,7,4,4,9,5,5,2,1,1,41,3,10,1,1,7,9,1,8,11,2,,23,23,2,22,9,121.5081306,25.12552358
111,3,9,17,32,2,09北投區,北投區公館路263號,0,0,1,2,H01,8,1,5,30,14,9,1,5,4,5,7,4,4,9,5,5,2,1,1,64,2,9,1,1,8,16,8,20,10,16,,67,23,1,22,9,121.5081306,25.12552358
111,3,9,17,33,2,12內湖區,內湖區康寧路1段156巷與康寧路1段156巷9弄口,0,0,1,1,B03,8,1,5,30,4,1,1,5,4,5,7,4,4,10,5,5,2,17,1,50,3,10,3,4,7,5,1,5,1,8,,43,43,1,22,9,121.5935926,25.0783899
111,3,9,17,33,2,12內湖區,內湖區康寧路1段156巷與康寧路1段156巷9弄口,0,0,1,2,C03,8,1,5,30,4,1,1,5,4,5,7,4,4,10,5,5,2,17,1,63,2,9,3,4,7,9,1,10,1,11,,43,43,1,22,9,121.5935926,25.0783899
111,3,9,17,54,2,07信義區,信義區光復南路417巷與光復南路口,0,0,1,1,B01,8,2,5,30,3,1,1,5,4,5,3,4,4,10,5,5,1,15,1,61,3,10,1,1,7,1,1,4,1,5,,26,26,1,22,9,121.5576955,25.03687208
111,3,9,17,54,2,07信義區,信義區光復南路417巷與光復南路口,0,0,1,2,F01,8,2,5,30,3,1,1,5,4,5,3,4,4,10,5,5,1,15,2,39,2,9,1,1,7,11,8,20,1,16,,11,26,1,22,9,121.5576955,25.03687208
111,3,9,18,9,2,08士林區,士林區延平北路6段與社正路口,0,0,3,1,C03,8,3,5,0,3,1,1,5,4,5,7,4,4,5,4,5,2,17,1,60,2,1,1,1,7,5,1,10,2,11,,6,6,1,22,9,121.5088436,25.08803531
111,3,9,18,9,2,08士林區,士林區延平北路6段與社正路口,0,0,3,2,C03,8,3,5,0,3,1,1,5,4,5,7,4,4,5,4,5,2,17,1,20,2,7,1,1,7,9,1,10,2,11,,44,6,1,22,9,121.5088436,25.08803531
111,3,9,18,9,2,08士林區,士林區延平北路6段與社正路口,0,0,3,3,H02,8,3,5,0,3,1,1,5,4,5,7,4,4,5,4,5,2,17,2,9,2,8,4,5,7,20,8,20,10,16,,67,6,1,22,9,121.5088436,25.08803531
111,3,9,18,14,2,08士林區,士林區至誠路2段與至誠路2段60巷口,0,0,2,1,C03,8,3,5,40,3,2,1,5,4,5,7,4,4,9,5,5,1,3,1,40,2,8,1,1,7,9,1,10,2,11,,23,23,1,22,9,121.5285232,25.10166932
111,3,9,18,14,2,08士林區,士林區至誠路2段與至誠路2段60巷口,0,0,2,2,H01,8,3,5,40,3,2,1,5,4,5,7,4,4,9,5,5,1,3,2,48,2,9,4,5,8,16,8,20,10,16,,51,23,1,22,9,121.5285232,25.10166932
111,3,9,18,40,2,08士林區,士林區劍潭路榕樹SL0680062173旁,0,0,1,1,F01,7,3,5,0,14,20,1,5,4,5,7,4,4,1,5,5,1,2,1,14,3,10,1,1,7,9,8,20,1,16,,23,23,1,21,8,121.5198308,25.08269473
111,3,9,18,40,2,08士林區,士林區劍潭路榕樹SL0680062173旁,0,0,1,2,H01,7,3,5,0,14,20,1,5,4,5,7,4,4,1,5,5,1,2,2,73,2,9,4,5,8,16,8,20,10,16,,67,23,1,21,8,121.5198308,25.08269473
111,3,9,18,40,2,10文山區,文山區羅斯福路5段與羅斯福路5段212巷口,0,0,1,1,B02,8,3,5,50,3,2,1,5,4,5,7,4,4,1,4,5,2,17,1,51,3,10,1,1,7,14,1,8,2,7,,38,38,1,22,9,121.5386008,25.00279084
111,3,9,18,40,2,10文山區,文山區羅斯福路5段與羅斯福路5段212巷口,0,0,1,2,C03,8,3,5,50,3,2,1,5,4,5,7,4,4,1,4,5,2,17,1,32,2,9,1,1,7,9,1,10,2,11,,23,38,1,22,9,121.5386008,25.00279084
111,3,9,18,43,2,06松山區,松山區復興北路與民族東路口,0,0,2,1,C03,8,3,5,50,4,1,1,5,4,5,7,1,1,1,3,1,1,12,1,27,2,9,1,1,7,9,1,10,1,14,,17,17,1,22,1,121.5444154,25.06624381
111,3,9,18,43,2,06松山區,松山區復興北路與民族東路口,0,0,2,2,C03,8,3,5,50,4,1,1,5,4,5,7,1,1,1,3,1,1,12,1,33,2,8,1,1,7,8,1,10,1,12,,7,17,1,22,1,121.5444154,25.06624381
111,3,9,18,58,2,01大同區,大同區民權西路與民權西路133巷口,0,0,1,2,C03,7,3,5,50,3,2,1,5,4,5,7,4,4,9,4,5,1,12,2,27,2,9,1,1,7,9,1,10,1,12,,14,6,1,22,9,121.5169005,25.0630918
111,3,9,18,58,2,01大同區,大同區民權西路與民權西路133巷口,0,0,1,1,C03,7,3,5,50,3,2,1,5,4,5,7,4,4,9,4,5,1,12,2,23,4,11,3,4,7,15,7,19,11,15,,6,6,2,22,9,121.5169005,25.0630918
111,3,9,19,3,2,03中山區,中山區天津街41號,0,0,1,1,C03,7,3,5,50,14,9,1,5,4,5,7,4,4,9,5,5,2,17,1,28,2,7,1,1,7,11,1,10,1,14,,10,10,1,22,9,121.5229308,25.04987403
111,3,9,19,3,2,03中山區,中山區天津街41號,0,0,1,2,C03,7,3,5,50,14,9,1,5,4,5,7,4,4,9,5,5,2,17,1,65,3,10,1,1,7,9,1,10,1,11,,26,10,1,22,9,121.5229308,25.04987403
111,3,9,19,14,2,07信義區,信義區基隆路2段107-5號,0,0,1,1,C03,8,3,5,50,14,9,1,5,4,5,7,4,4,10,4,5,1,16,2,46,3,10,1,1,7,4,1,10,1,12,,23,23,1,22,9,121.5573748,25.02922378
111,3,9,19,14,2,07信義區,信義區基隆路2段107-5號,0,0,1,2,C03,8,3,5,50,14,9,1,5,4,5,7,4,4,10,4,5,1,16,2,24,2,9,1,1,7,9,1,10,1,14,,44,23,1,22,9,121.5573748,25.02922378
111,3,9,19,25,2,03中山區,中山區市民大道2段與林森北路口,0,0,2,1,C03,8,3,5,50,4,1,1,5,4,5,7,1,1,9,4,5,2,16,2,35,2,8,1,1,7,9,1,10,1,11,,23,23,1,22,9,121.5242047,25.04806377
111,3,9,19,25,2,03中山區,中山區市民大道2段與林森北路口,0,0,2,2,C03,8,3,5,50,4,1,1,5,4,5,7,1,1,9,4,5,2,16,2,28,3,10,1,1,7,6,1,10,1,12,,9,23,1,22,9,121.5242047,25.04806377
111,3,9,19,25,2,03中山區,中山區市民大道2段與林森北路口,0,0,2,3,C03,8,3,5,50,4,1,1,5,4,5,7,1,1,9,4,5,2,16,1,32,2,8,1,1,7,9,1,10,1,11,,16,23,1,22,9,121.5242047,25.04806377
111,3,9,19,37,2,01大同區,大同區鄭州路與西寧北路口,0,0,1,1,B03,7,3,5,40,4,1,1,5,4,5,7,2,1,1,4,5,2,17,2,29,3,10,3,4,7,9,1,8,1,1,,26,26,1,22,9,121.5082021,25.0506052
111,3,9,19,37,2,01大同區,大同區鄭州路與西寧北路口,0,0,1,2,C03,7,3,5,40,4,1,1,5,4,5,7,2,1,1,4,5,2,17,2,24,2,8,1,4,7,5,1,10,1,14,,8,26,1,22,9,121.5082021,25.0506052
111,3,9,19,40,2,11南港區,南港區市民大道8段與興中路口,0,0,1,1,B12,8,3,5,50,4,1,1,5,4,5,7,1,1,4,3,5,2,11,1,45,3,10,1,1,7,5,1,8,2,15,,8,8,1,22,9,121.6077043,25.05340309
111,3,9,19,40,2,11南港區,南港區市民大道8段與興中路口,0,0,1,2,C03,8,3,5,50,4,1,1,5,4,5,7,1,1,4,3,5,2,11,1,29,2,7,1,1,7,9,1,10,2,12,,44,8,1,22,9,121.6077043,25.05340309