發生年度,發生月,發生日,發生時-Hours,發生分,處理別-編號,區序,肇事地點,死亡人數,2-30日死亡人數,受傷人數,當事人序號,車種,天候,光線,道路類別,速限-速度限制,道路型態,事故位置,路面狀況1,路面狀況2,路面狀況3,道路障礙1,道路障礙2,號誌1,號誌2,車道劃分-分向,車道劃分-分道1,車道劃分-分道2,車道劃分-分道3,事故類型及型態,性別,年齡,受傷程度,主要傷處,安全帽,行動電話,車輛用途,當事者行動狀態,駕駛資格情形,駕駛執照種類,飲酒情形,車輛撞擊部位1,車輛撞擊部位2,肇因碼-個別,肇因碼-主要,個人肇逃否,職業,旅次目的,座標-X,座標-Y
111,3,9,19,48,2,06松山區,松山區民生東路3段130巷與民生東路3段130巷5弄口,0,0,1,1,B12,8,3,5,30,4,1,1,5,4,5,7,4,4,10,5,5,2,15,2,42,3,10,1,1,7,15,1,8,1,5,,6,6,1,22,9,121.5462185,25.05702592
111,3,9,19,48,2,06松山區,松山區民生東路3段130巷與民生東路3段130巷5弄口,0,0,1,2,C03,8,3,5,30,4,1,1,5,4,5,7,4,4,10,5,5,2,15,2,56,2,9,1,1,7,9,3,18,1,11,,14,6,1,22,9,121.5462185,25.05702592
111,3,9,20,0,2,10文山區,文山區保儀路與保儀路109巷口,0,0,1,1,F01,8,3,5,0,4,2,1,5,4,5,7,4,4,5,5,5,2,17,4,,4,11,3,4,7,15,7,19,11,15,,43,43,2,22,9,121.5677726,24.9861379
111,3,9,20,0,2,10文山區,文山區保儀路與保儀路109巷口,0,0,1,2,C03,8,3,5,0,4,2,1,5,4,5,7,4,4,5,5,5,2,17,2,45,2,9,1,1,7,9,1,10,1,14,,23,43,1,22,9,121.5677726,24.9861379
111,3,9,20,18,2,06松山區,松山區長春路492號,0,0,1,1,B01,8,3,5,50,14,7,1,5,4,5,7,4,4,9,4,4,2,16,1,55,3,10,1,1,7,11,1,2,1,4,,10,10,1,22,9,121.5471185,25.05448656
111,3,9,20,18,2,06松山區,松山區長春路492號,0,0,1,2,C03,8,3,5,50,14,7,1,5,4,5,7,4,4,9,4,4,2,16,2,20,2,9,1,1,7,9,1,10,1,11,,44,10,1,22,9,121.5471185,25.05448656
111,3,9,20,40,2,11南港區,南港區市民大道7段與忠孝東路6段269巷口,0,0,2,1,C03,8,3,5,50,14,9,1,5,4,5,7,1,1,1,4,5,2,12,1,30,2,9,1,1,7,8,1,10,2,13,,7,7,1,22,9,121.5894347,25.05061938
111,3,9,20,40,2,11南港區,南港區市民大道7段與忠孝東路6段269巷口,0,0,2,2,C03,8,3,5,50,14,9,1,5,4,5,7,1,1,1,4,5,2,12,1,37,2,9,1,1,7,9,1,10,2,11,,13,7,1,22,9,121.5894347,25.05061938
111,3,9,21,4,2,10文山區,文山區景福街與景福街223巷口,0,0,1,1,G06,8,3,5,30,4,1,1,5,4,5,7,4,4,9,5,5,2,16,2,60,2,9,1,1,7,5,7,19,2,15,,6,6,1,22,9,121.538389,24.994149
111,3,9,21,4,2,10文山區,文山區景福街與景福街223巷口,0,0,1,2,B12,8,3,5,30,4,1,1,5,4,5,7,4,4,9,5,5,2,16,1,59,3,10,1,1,7,9,1,2,2,7,,13,6,1,22,9,121.538389,24.994149
111,3,9,21,19,2,09北投區,北投區承德路7段與立農街1段口,0,0,1,1,B03,8,3,5,30,3,1,1,5,4,5,7,4,4,1,4,4,2,17,1,51,3,10,1,1,7,6,1,8,11,4,,6,6,2,22,9,121.5025917,25.11866599
111,3,9,21,19,2,09北投區,北投區承德路7段與立農街1段口,0,0,1,2,C03,8,3,5,30,3,1,1,5,4,5,7,4,4,1,4,4,2,17,1,27,2,9,1,1,7,9,1,10,1,12,,14,6,1,22,9,121.5025917,25.11866599
111,3,9,21,20,2,05中正區,中正區羅斯福路1段與愛國西路口,0,0,1,1,C03,8,3,5,50,4,1,1,5,4,5,7,1,1,3,4,4,2,13,1,23,3,10,2,1,7,9,3,18,1,11,,16,16,1,22,9,121.5167963,25.03457041
111,3,9,21,20,2,05中正區,中正區羅斯福路1段與愛國西路口,0,0,1,2,C03,8,3,5,50,4,1,1,5,4,5,7,1,1,3,4,4,2,13,2,37,2,9,1,1,7,14,1,10,1,13,,44,16,1,22,9,121.5167963,25.03457041
111,3,9,21,57,2,02萬華區,萬華區萬大路90巷與萬大路口,0,0,2,1,C03,7,3,5,50,4,1,1,5,4,5,7,2,1,9,4,5,2,17,1,69,2,9,1,1,7,5,1,10,2,12,,6,6,1,22,9,121.5005215,25.03027818
111,3,9,21,57,2,02萬華區,萬華區萬大路90巷與萬大路口,0,0,2,2,C03,7,3,5,50,4,1,1,5,4,5,7,2,1,9,4,5,2,17,1,60,2,9,1,1,7,9,1,10,2,11,,44,6,1,22,9,121.5005215,25.03027818
111,3,10,6,30,2,07信義區,信義區忠孝東路5段1號,0,0,1,2,C03,8,1,5,50,14,9,1,5,4,5,7,4,4,1,4,5,2,17,1,51,2,9,3,4,7,9,1,10,9,14,,43,43,1,22,9,121.564888,25.04122532
111,3,10,6,30,2,07信義區,信義區忠孝東路5段1號,0,0,1,1,C03,8,1,5,50,14,9,1,5,4,5,7,4,4,1,4,5,2,17,4,,4,11,3,4,7,15,7,19,11,15,,43,43,2,22,9,121.564888,25.04122532
111,3,10,7,10,2,08士林區,士林區雙溪街與中山北路5段口,0,0,2,1,C03,8,1,5,50,3,2,1,5,4,5,7,3,1,5,5,5,2,12,1,21,2,9,1,4,7,9,1,10,1,11,,23,23,1,22,9,121.5265369,25.10078429
111,3,10,7,10,2,08士林區,士林區雙溪街與中山北路5段口,0,0,2,2,F01,8,1,5,50,3,2,1,5,4,5,7,3,1,5,5,5,2,12,1,37,2,9,1,1,7,5,8,20,1,16,,8,23,1,22,9,121.5265369,25.10078429
111,3,10,7,10,2,08士林區,士林區雙溪街與中山北路5段口,0,0,2,3,,8,1,5,50,3,2,1,5,4,5,7,3,1,5,5,5,2,12,3,,,,,,,,,,,,,67,23,1,,,121.5265369,25.10078429
111,3,10,7,25,2,08士林區,士林區芝玉路2段20巷與德行東路265巷口,0,0,2,1,C03,8,1,5,30,3,1,1,5,4,5,7,4,4,10,5,5,2,17,1,43,2,9,1,1,7,5,1,10,1,14,,8,8,1,22,9,121.5349869,25.1105148
111,3,10,7,25,2,08士林區,士林區芝玉路2段20巷與德行東路265巷口,0,0,2,2,C03,8,1,5,30,3,1,1,5,4,5,7,4,4,10,5,5,2,17,1,25,2,8,1,1,7,9,1,10,1,12,,23,8,1,22,9,121.5349869,25.1105148
111,3,10,7,29,2,01大同區,大同區鄭州路與鄭州路21巷口,0,0,1,1,B01,8,1,5,40,3,1,1,5,4,5,7,4,4,1,4,5,2,12,1,48,3,10,1,1,7,6,1,3,2,2,,6,6,1,22,9,121.514502,25.04929927
111,3,10,7,29,2,01大同區,大同區鄭州路與鄭州路21巷口,0,0,1,2,C03,8,1,5,40,3,1,1,5,4,5,7,4,4,1,4,5,2,12,1,51,2,9,1,1,7,9,1,9,2,14,,13,6,1,22,9,121.514502,25.04929927
111,3,10,7,34,2,04大安區,大安區市民大道3段294號前(迴轉道),0,0,2,1,C03,8,1,5,40,14,6,1,5,4,5,7,4,4,8,3,5,1,12,1,33,2,8,1,1,7,11,1,10,1,13,,10,10,1,5,1,121.5428709,25.04461622
111,3,10,7,34,2,04大安區,大安區市民大道3段294號前(迴轉道),0,0,2,2,C03,8,1,5,40,14,6,1,5,4,5,7,4,4,8,3,5,1,12,1,48,2,7,1,1,7,12,1,10,1,14,,13,10,1,5,1,121.5428709,25.04461622
111,3,10,7,34,2,04大安區,大安區市民大道3段294號前(迴轉道),0,0,2,3,C03,8,1,5,40,14,6,1,5,4,5,7,4,4,8,3,5,1,12,1,25,3,10,1,1,7,12,1,10,1,12,,16,10,1,5,1,121.5428709,25.04461622
111,3,10,8,6,2,04大安區,大安區辛亥隧道(東往西),0,0,1,1,C03,8,3,5,50,6,9,1,5,4,5,7,4,4,10,1,5,1,13,1,18,2,9,1,1,7,12,1,10,1,11,14,23,23,1,22,9,121.5558818,25.01160428
111,3,10,8,6,2,04大安區,大安區辛亥隧道(東往西),0,0,1,2,B03,8,3,5,50,6,9,1,5,4,5,7,4,4,10,1,5,1,13,2,34,3,10,1,1,7,12,1,8,1,3,,44,23,1,22,9,121.5558818,25.01160428
111,3,10,8,10,2,04大安區,大安區敦化南路1段173號,0,0,1,1,C03,8,1,5,50,14,9,1,5,4,5,7,4,4,1,4,5,2,17,1,71,2,8,1,4,7,9,1,10,1,11,,23,23,1,22,9,121.5491583,25.04320895
111,3,10,8,10,2,04大安區,大安區敦化南路1段173號,0,0,1,2,B03,8,1,5,50,14,9,1,5,4,5,7,4,4,1,4,5,2,17,1,32,3,10,1,4,7,9,1,8,1,3,,44,23,1,22,9,121.5491583,25.04320895
111,3,10,8,24,2,09北投區,北投區北投路1段91巷7號,0,0,1,1,B03,8,1,5,30,14,9,1,5,4,5,7,4,4,9,5,5,2,16,1,34,3,10,1,1,7,6,1,8,1,8,,6,6,1,22,9,121.4995479,25.12929136
111,3,10,8,24,2,09北投區,北投區北投路1段91巷7號,0,0,1,2,C03,8,1,5,30,14,9,1,5,4,5,7,4,4,9,5,5,2,16,2,24,2,8,1,1,7,9,1,10,1,12,,13,6,1,22,9,121.4995479,25.12929136
111,3,10,8,24,2,09北投區,北投區北投路1段91巷7號,0,0,1,3,B03,8,1,5,30,14,9,1,5,4,5,7,4,4,9,5,5,2,16,1,70,3,10,1,1,7,13,1,8,1,15,,38,6,1,22,9,121.4995479,25.12929136
111,3,10,8,30,2,01大同區,大同區民權西路194號,0,0,2,1,C03,8,1,5,50,14,9,1,5,4,5,7,4,4,8,3,5,1,12,2,67,2,9,1,1,7,8,6,18,1,12,,23,23,1,22,9,121.5144485,25.06286754
111,3,10,8,30,2,01大同區,大同區民權西路194號,0,0,2,2,F01,8,1,5,50,14,9,1,5,4,5,7,4,4,8,3,5,1,12,1,53,2,9,1,1,7,9,8,20,1,16,,44,23,1,22,9,121.5144485,25.06286754
111,3,10,8,30,2,02萬華區,萬華區中華路2段與中華路2段498巷口,0,0,1,1,C03,8,1,5,50,4,2,1,5,4,5,7,4,4,8,3,4,1,3,2,60,3,10,3,4,7,9,1,10,1,11,,15,15,1,22,9,121.5074011,25.02645848
111,3,10,8,30,2,02萬華區,萬華區中華路2段與中華路2段498巷口,0,0,1,2,H01,8,1,5,50,4,2,1,5,4,5,7,4,4,8,3,4,1,3,2,68,2,9,4,5,8,16,8,20,10,16,,51,15,1,22,9,121.5074011,25.02645848
111,3,10,8,35,2,03中山區,中山區中山北路2段49-1號,0,0,1,1,C03,8,1,5,50,14,9,1,5,4,5,7,2,1,1,4,5,2,13,1,18,2,8,3,4,7,9,1,10,1,11,,23,23,1,22,9,121.5228352,25.05481389
111,3,10,8,35,2,03中山區,中山區中山北路2段49-1號,0,0,1,2,B03,8,1,5,50,14,9,1,5,4,5,7,2,1,1,4,5,2,13,2,38,3,10,3,4,7,9,1,8,1,3,,44,23,1,22,9,121.5228352,25.05481389
111,3,10,8,35,2,05中正區,中正區中山南路1號,0,0,1,1,B03,8,1,5,50,14,9,1,5,4,5,7,4,4,1,4,5,2,17,1,71,3,10,1,1,7,9,1,8,2,6,,44,44,1,22,9,121.5192211,25.04392604
111,3,10,8,35,2,05中正區,中正區中山南路1號,0,0,1,2,C03,8,1,5,50,14,9,1,5,4,5,7,4,4,1,4,5,2,17,1,35,2,9,1,1,7,9,1,10,2,14,,23,44,1,22,9,121.5192211,25.04392604
111,3,10,8,39,2,12內湖區,內湖區康寧路3段東湖捷運站2號出口,0,0,1,1,C03,8,1,5,50,14,9,1,5,4,5,7,4,4,1,4,5,2,12,1,42,2,9,1,1,7,9,1,9,1,11,,16,16,1,22,9,121.6113099,25.06713622
111,3,10,8,39,2,12內湖區,內湖區康寧路3段東湖捷運站2號出口,0,0,1,2,C03,8,1,5,50,14,9,1,5,4,5,7,4,4,1,4,5,2,12,1,40,3,10,1,1,7,8,1,10,1,13,,7,16,1,22,9,121.6113099,25.06713622
111,3,10,8,40,2,12內湖區,內湖區康寧路3段16巷與康寧路3段26巷口,0,0,1,1,C03,8,1,5,30,4,1,1,5,4,5,7,4,4,10,5,5,2,15,1,21,2,8,1,1,7,9,1,10,1,11,,6,6,1,22,9,121.6077741,25.0717298
111,3,10,8,40,2,12內湖區,內湖區康寧路3段16巷與康寧路3段26巷口,0,0,1,2,B03,8,1,5,30,4,1,1,5,4,5,7,4,4,10,5,5,2,15,1,38,3,10,1,1,7,9,1,8,1,2,,6,6,1,22,9,121.6077741,25.0717298
111,3,10,8,44,2,02萬華區,萬華區西藏路與萬大路137巷口,0,0,1,1,B11,8,1,5,50,3,1,1,5,4,5,7,4,4,2,4,5,1,12,1,25,3,10,1,1,7,6,1,4,1,2,,9,9,1,22,9,121.5012073,25.02944646
111,3,10,8,44,2,02萬華區,萬華區西藏路與萬大路137巷口,0,0,1,2,C03,8,1,5,50,3,1,1,5,4,5,7,4,4,2,4,5,1,12,2,60,2,9,1,1,7,9,1,10,1,15,,14,9,1,22,9,121.5012073,25.02944646
111,3,10,8,45,2,11南港區,南港區忠孝東路6段38號,0,0,2,1,C02,8,1,5,50,14,9,1,5,4,5,7,4,4,1,5,5,2,13,1,21,3,10,1,1,7,9,1,9,2,11,,23,23,1,22,9,121.5831725,25.04582786
111,3,10,8,45,2,11南港區,南港區忠孝東路6段38號,0,0,2,2,C03,8,1,5,50,14,9,1,5,4,5,7,4,4,1,5,5,2,13,1,24,2,9,1,1,7,9,1,10,2,13,,44,23,1,22,9,121.5831725,25.04582786
111,3,10,8,45,2,11南港區,南港區忠孝東路6段38號,0,0,2,3,C03,8,1,5,50,14,9,1,5,4,5,7,4,4,1,5,5,2,13,1,47,2,9,1,1,7,9,1,9,2,13,,44,23,1,22,9,121.5831725,25.04582786
111,3,10,8,45,2,11南港區,南港區忠孝東路6段38號,0,0,2,4,B12,8,1,5,50,14,9,1,5,4,5,7,4,4,1,5,5,2,13,1,60,3,10,3,4,7,14,1,8,9,7,,38,23,1,22,9,121.5831725,25.04582786
111,3,10,8,50,2,12內湖區,內湖區內湖路1段與內湖路1段360巷口,0,0,2,1,C03,8,1,5,30,4,2,1,5,4,5,7,1,1,5,5,5,2,3,1,45,2,9,1,1,7,9,1,10,1,14,,23,23,1,22,9,121.5707636,25.08128842
111,3,10,8,50,2,12內湖區,內湖區內湖路1段與內湖路1段360巷口,0,0,2,2,H01,8,1,5,30,4,2,1,5,4,5,7,1,1,5,5,5,2,3,2,44,2,9,1,1,8,16,8,20,10,16,,51,23,1,22,9,121.5707636,25.08128842
111,3,10,9,0,2,04大安區,大安區基隆路3段與長興街口,0,0,2,1,C03,8,1,5,50,14,9,1,5,4,5,7,4,4,1,4,5,2,13,1,28,2,8,1,1,7,9,1,10,1,11,,16,16,1,22,9,121.5443244,25.01746945
111,3,10,9,0,2,04大安區,大安區基隆路3段與長興街口,0,0,2,2,C03,8,1,5,50,14,9,1,5,4,5,7,4,4,1,4,5,2,13,1,58,2,9,1,1,7,9,1,10,1,13,,44,16,1,22,9,121.5443244,25.01746945
111,3,10,9,5,2,08士林區,士林區延平北路6段與延平北路6段150巷口,0,0,1,1,A12,8,1,5,50,3,2,1,5,4,3,7,1,1,5,5,5,2,17,4,,4,11,3,4,7,15,7,19,11,15,,43,43,2,22,9,121.5070867,25.08953021
111,3,10,9,5,2,08士林區,士林區延平北路6段與延平北路6段150巷口,0,0,1,2,C03,8,1,5,50,3,2,1,5,4,3,7,1,1,5,5,5,2,17,1,21,2,9,1,4,7,9,1,10,1,14,,43,43,1,22,9,121.5070867,25.08953021
111,3,10,9,9,2,04大安區,大安區敦化南路1段339號前,0,0,1,1,C03,8,1,5,50,14,9,1,5,4,5,7,4,4,8,3,5,1,13,1,25,2,7,1,1,7,12,1,9,1,11,,16,16,1,5,1,121.5490731,25.03402996
111,3,10,9,9,2,04大安區,大安區敦化南路1段339號前,0,0,1,2,B01,8,1,5,50,14,9,1,5,4,5,7,4,4,8,3,5,1,13,1,51,3,10,1,1,7,15,1,4,1,3,,44,16,1,10,4,121.5490731,25.03402996
111,3,10,9,10,2,05中正區,中正區南昌路1段與重慶南路2段7巷口,0,0,1,1,C03,8,1,5,50,4,1,1,5,4,5,7,4,4,5,4,5,2,15,1,42,2,8,1,1,7,9,1,10,2,11,,6,6,1,22,9,121.5148745,25.03429433
111,3,10,9,10,2,05中正區,中正區南昌路1段與重慶南路2段7巷口,0,0,1,2,A02,8,1,5,50,4,1,1,5,4,5,7,4,4,5,4,5,2,15,1,41,3,10,1,1,7,9,1,2,2,5,,44,6,1,22,9,121.5148745,25.03429433
111,3,10,9,24,2,03中山區,中山區松江路與南京東路2段口,0,0,2,1,C03,8,1,5,50,4,1,1,5,4,5,7,1,1,1,3,5,1,3,1,23,2,9,3,4,7,9,6,10,2,11,,15,15,1,22,9,121.5329124,25.05179771
111,3,10,9,24,2,03中山區,中山區松江路與南京東路2段口,0,0,2,2,H01,8,1,5,50,4,1,1,5,4,5,7,1,1,1,3,5,1,3,2,84,2,9,4,5,8,16,8,20,10,16,,52,15,1,22,9,121.5329124,25.05179771
111,3,10,9,25,2,12內湖區,內湖區瑞光路258巷2號,0,0,2,1,C03,8,1,5,50,14,9,1,5,4,5,7,4,4,9,5,5,2,17,1,73,2,8,1,1,7,5,1,10,1,11,,8,8,1,22,9,121.5759036,25.0756751
111,3,10,9,25,2,12內湖區,內湖區瑞光路258巷2號,0,0,2,2,C03,8,1,5,50,14,9,1,5,4,5,7,4,4,9,5,5,2,17,2,47,2,8,1,1,7,9,1,10,1,14,,44,8,1,22,9,121.5759036,25.0756751
111,3,10,9,43,2,09北投區,北投區石牌路2段201號,0,0,1,1,A04,8,1,5,50,14,9,1,5,4,5,7,1,1,9,4,5,2,9,1,53,3,10,1,1,7,1,1,2,1,15,,36,36,1,22,9,121.5196534,25.11865333
111,3,10,9,43,2,09北投區,北投區石牌路2段201號,0,0,1,2,H02,8,1,5,50,14,9,1,5,4,5,7,1,1,9,4,5,2,9,2,74,2,8,4,1,7,20,8,20,10,16,,67,36,1,22,9,121.5196534,25.11865333
111,3,10,10,20,2,06松山區,松山區光復北路180號,0,0,1,1,B01,8,1,5,50,14,9,1,5,4,5,7,4,4,5,4,5,2,12,1,54,3,10,1,1,7,8,1,4,2,6,,7,7,1,22,9,121.5561578,25.05428872
111,3,10,10,20,2,06松山區,松山區光復北路180號,0,0,1,2,C03,8,1,5,50,14,9,1,5,4,5,7,4,4,5,4,5,2,12,1,37,2,9,1,1,7,9,1,10,2,11,,23,7,1,22,9,121.5561578,25.05428872
111,3,10,10,25,2,09北投區,北投區文林北路與文林北路5巷口,0,0,1,1,B03,8,1,5,40,3,1,1,5,4,5,7,4,4,1,4,4,2,16,1,43,3,10,3,4,7,6,1,8,2,2,,6,6,1,22,9,121.5190494,25.10400433
111,3,10,10,25,2,09北投區,北投區文林北路與文林北路5巷口,0,0,1,2,C03,8,1,5,40,3,1,1,5,4,5,7,4,4,1,4,4,2,16,1,24,2,9,3,4,7,9,1,10,2,14,,14,6,1,22,9,121.5190494,25.10400433
111,3,10,10,45,2,06松山區,松山區麥帥二橋往內湖,0,0,1,1,B03,8,1,5,60,10,7,1,5,4,5,7,4,4,1,4,5,2,12,2,39,3,10,1,1,7,7,1,8,1,4,,44,44,1,22,9,121.5714503,25.05621556
111,3,10,10,45,2,06松山區,松山區麥帥二橋往內湖,0,0,1,2,C02,8,1,5,60,10,7,1,5,4,5,7,4,4,1,4,5,2,12,1,33,2,9,1,1,7,7,1,9,1,11,,23,44,1,22,9,121.5714503,25.05621556
111,3,10,10,55,2,04大安區,大安區信義路4段與安和路1段口,0,0,1,1,C03,8,1,5,50,5,1,1,5,4,5,7,1,1,8,3,5,2,13,1,43,2,8,1,1,7,9,1,10,1,11,,43,43,1,22,9,121.5524701,25.03328651
111,3,10,10,55,2,04大安區,大安區信義路4段與安和路1段口,0,0,1,2,,8,1,5,50,5,1,1,5,4,5,7,1,1,8,3,5,2,13,4,,4,11,3,4,7,15,7,19,11,15,,43,43,2,22,9,121.5524701,25.03328651
111,3,10,11,33,2,12內湖區,內湖區安泰街與安泰街45巷口口,0,0,1,1,B03,8,1,5,30,4,1,1,5,4,5,7,4,4,10,5,5,2,14,1,74,3,10,1,1,7,2,1,8,1,3,,12,12,1,22,9,121.617933,25.07375372
111,3,10,11,33,2,12內湖區,內湖區安泰街與安泰街45巷口口,0,0,1,2,F03,8,1,5,30,4,1,1,5,4,5,7,4,4,10,5,5,2,14,2,70,2,8,1,1,7,6,8,20,1,16,,44,12,1,22,9,121.617933,25.07375372
111,3,10,11,38,2,09北投區,北投區致遠二路與致遠二路113巷口,0,0,1,1,C03,8,1,5,30,3,1,1,5,4,1,7,4,4,10,5,5,2,16,1,69,2,8,1,1,7,5,1,10,2,11,,8,8,1,22,9,121.5121907,25.1167677
111,3,10,11,38,2,09北投區,北投區致遠二路與致遠二路113巷口,0,0,1,2,B01,8,1,5,30,3,1,1,5,4,1,7,4,4,10,5,5,2,16,1,54,3,10,1,1,7,9,1,4,2,1,,44,8,1,22,9,121.5121907,25.1167677
111,3,10,11,51,2,04大安區,大安區和平東路2段311巷17號,0,0,1,1,F02,8,1,5,30,14,9,1,5,4,5,7,4,4,8,3,5,2,12,2,54,2,9,1,1,7,9,8,20,1,16,,4,4,1,22,9,121.5451306,25.02528734
111,3,10,11,51,2,04大安區,大安區和平東路2段311巷17號,0,0,1,2,C03,8,1,5,30,14,9,1,5,4,5,7,4,4,8,3,5,2,12,1,32,3,10,1,1,7,5,1,10,1,14,,8,4,1,22,9,121.5451306,25.02528734
111,3,10,11,56,2,11南港區,南港區忠孝東路6段與永吉路口,0,0,1,1,B12,8,1,5,50,5,1,1,5,4,5,7,2,1,1,3,5,2,11,1,40,3,10,1,1,7,5,1,8,1,8,,6,6,1,22,9,121.5827239,25.04522166
111,3,10,11,56,2,11南港區,南港區忠孝東路6段與永吉路口,0,0,1,2,B12,8,1,5,50,5,1,1,5,4,5,7,2,1,1,3,5,2,11,1,35,2,7,1,1,7,9,1,8,1,8,,23,6,1,22,9,121.5827239,25.04522166
111,3,10,12,7,2,12內湖區,內湖區基湖路與瑞光路口,0,0,1,1,C03,8,1,5,50,3,1,1,5,4,5,7,2,1,5,4,5,2,13,1,19,2,9,1,1,7,9,1,10,1,11,,16,16,1,22,9,121.5650443,25.08082506
111,3,10,12,7,2,12內湖區,內湖區基湖路與瑞光路口,0,0,1,2,B03,8,1,5,50,3,1,1,5,4,5,7,2,1,5,4,5,2,13,1,52,3,10,1,1,7,14,1,8,1,3,,44,16,1,22,9,121.5650443,25.08082506
111,3,10,12,20,2,04大安區,大安區市民大道4段與敦化南路1段口,0,0,1,1,C03,8,1,5,40,4,1,1,5,4,5,7,1,1,1,4,5,2,12,2,29,3,10,1,1,7,5,1,10,1,15,,8,8,1,22,9,121.5491434,25.0447401
111,3,10,12,20,2,04大安區,大安區市民大道4段與敦化南路1段口,0,0,1,2,C03,8,1,5,40,4,1,1,5,4,5,7,1,1,1,4,5,2,12,1,26,2,9,1,1,7,9,1,10,1,12,,13,8,1,22,9,121.5491434,25.0447401
111,3,10,12,20,2,10文山區,文山區木柵路4段76號前,0,0,1,1,C03,8,1,5,50,14,9,1,5,4,5,7,4,4,5,2,5,2,16,2,42,3,10,3,4,7,5,1,10,2,12,,26,26,1,22,9,121.5743482,24.99793809
111,3,10,12,20,2,10文山區,文山區木柵路4段76號前,0,0,1,2,C03,8,1,5,50,14,9,1,5,4,5,7,4,4,5,2,5,2,16,1,21,2,8,3,4,7,9,1,10,2,11,,44,26,1,22,9,121.5743482,24.99793809
111,3,10,12,35,2,10文山區,文山區興隆路2段與興隆路2段96巷口,0,0,2,1,C03,8,1,5,50,4,1,1,5,4,5,7,2,1,1,4,5,2,16,2,44,2,9,1,1,7,5,1,10,2,14,,8,8,1,22,9,121.5496183,25.00069869
111,3,10,12,35,2,10文山區,文山區興隆路2段與興隆路2段96巷口,0,0,2,2,C03,8,1,5,50,4,1,1,5,4,5,7,2,1,1,4,5,2,16,2,21,2,9,1,1,7,9,1,10,2,11,,13,8,1,22,9,121.5496183,25.00069869
111,3,10,12,46,2,04大安區,大安區光復南路與文昌街口,0,0,1,1,C03,8,1,5,50,14,7,1,5,4,5,7,2,1,9,3,4,2,12,1,50,2,9,1,1,7,9,1,10,1,11,,23,23,1,22,9,121.5573707,25.0322929
111,3,10,12,46,2,04大安區,大安區光復南路與文昌街口,0,0,1,2,B03,8,1,5,50,14,7,1,5,4,5,7,2,1,9,3,4,2,12,1,61,3,10,1,1,7,14,1,8,1,6,,44,23,1,22,9,121.5573707,25.0322929
111,3,10,12,50,2,08士林區,士林區平菁街與平菁街42巷口,0,0,1,1,B03,8,1,5,30,4,1,1,5,4,5,7,4,4,10,4,5,1,17,1,44,3,10,1,1,7,9,1,8,1,4,,23,23,1,22,9,121.5728989,25.13078226
111,3,10,12,50,2,08士林區,士林區平菁街與平菁街42巷口,0,0,1,2,C02,8,1,5,30,4,1,1,5,4,5,7,4,4,10,4,5,1,17,1,29,2,8,1,1,7,9,1,9,1,14,,6,23,1,22,9,121.5728989,25.13078226
111,3,10,13,21,2,09北投區,北投區中和街與中和街398巷口,0,0,1,1,C03,8,1,5,50,3,1,1,5,4,5,7,3,1,5,5,5,2,17,1,42,3,10,3,4,7,1,1,10,2,15,,19,19,1,22,9,121.4981511,25.14338397
111,3,10,13,21,2,09北投區,北投區中和街與中和街398巷口,0,0,1,2,C03,8,1,5,50,3,1,1,5,4,5,7,3,1,5,5,5,2,17,2,43,2,9,1,1,7,9,1,10,2,14,,44,19,1,22,9,121.4981511,25.14338397
111,3,10,13,38,2,03中山區,中山區農安街1巷與農安街口,0,0,1,1,H01,8,1,5,0,3,1,1,5,4,5,7,4,4,9,4,5,2,3,2,39,2,9,1,1,8,16,8,20,1,16,,67,67,1,5,5,121.5229178,25.06494876
111,3,10,13,38,2,03中山區,中山區農安街1巷與農安街口,0,0,1,2,C03,8,1,5,0,3,1,1,5,4,5,7,4,4,9,4,5,2,3,1,23,3,10,1,1,7,9,1,10,1,11,,23,67,1,5,4,121.5229178,25.06494876
111,3,10,13,43,2,06松山區,松山區敦化北路100號,0,0,1,1,B03,8,1,5,50,14,7,1,5,4,5,7,4,4,1,4,1,2,12,1,31,3,10,1,1,7,6,1,8,1,1,,44,44,1,22,9,121.5487339,25.05235532
111,3,10,13,43,2,06松山區,松山區敦化北路100號,0,0,1,2,C03,8,1,5,50,14,7,1,5,4,5,7,4,4,1,4,1,2,12,1,26,2,9,1,1,7,8,1,10,1,14,,23,44,1,22,9,121.5487339,25.05235532
111,3,10,14,9,2,05中正區,中正區漢口街1段82號,0,0,1,1,H01,8,1,5,50,14,9,1,5,4,5,7,4,4,10,4,5,2,3,2,62,2,9,4,5,8,16,8,20,10,16,,67,67,1,22,9,121.5122758,25.04519747
111,3,10,14,9,2,05中正區,中正區漢口街1段82號,0,0,1,2,C03,8,1,5,50,14,9,1,5,4,5,7,4,4,10,4,5,2,3,1,26,3,10,1,1,7,9,1,10,2,11,,23,67,1,22,9,121.5122758,25.04519747
111,3,10,14,18,2,11南港區,南港區研究院路2段70巷與研究院路2段70巷47弄口,0,0,1,1,F01,8,1,5,0,3,1,1,5,4,5,7,4,4,10,5,5,2,16,1,30,2,9,1,1,7,9,8,20,1,16,,43,43,1,22,9,121.6132821,25.04547446
111,3,10,14,18,2,11南港區,南港區研究院路2段70巷與研究院路2段70巷47弄口,0,0,1,2,B12,8,1,5,0,3,1,1,5,4,5,7,4,4,10,5,5,2,16,1,43,3,10,1,1,7,9,1,8,1,1,,43,43,1,22,9,121.6132821,25.04547446