發生年度,發生月,發生日,發生時-Hours,發生分,處理別-編號,區序,肇事地點,死亡人數,2-30日死亡人數,受傷人數,當事人序號,車種,天候,光線,道路類別,速限-速度限制,道路型態,事故位置,路面狀況1,路面狀況2,路面狀況3,道路障礙1,道路障礙2,號誌1,號誌2,車道劃分-分向,車道劃分-分道1,車道劃分-分道2,車道劃分-分道3,事故類型及型態,性別,年齡,受傷程度,主要傷處,安全帽,行動電話,車輛用途,當事者行動狀態,駕駛資格情形,駕駛執照種類,飲酒情形,車輛撞擊部位1,車輛撞擊部位2,肇因碼-個別,肇因碼-主要,個人肇逃否,職業,旅次目的,座標-X,座標-Y
111,3,10,14,20,2,10文山區,文山區木新路3段與木新路3段45巷口,0,0,1,1,B03,8,1,5,50,14,9,2,5,4,3,7,1,1,5,4,5,2,17,1,26,3,10,3,4,7,6,1,8,2,2,,9,9,1,22,9,121.5641966,24.98247552
111,3,10,14,20,2,10文山區,文山區木新路3段與木新路3段45巷口,0,0,1,2,C03,8,1,5,50,14,9,2,5,4,3,7,1,1,5,4,5,2,17,2,19,2,9,1,4,7,9,1,10,2,14,,44,9,1,22,9,121.5641966,24.98247552
111,3,10,14,20,2,10文山區,文山區木新路3段與木新路3段45巷口,0,0,1,3,B12,8,1,5,50,14,9,2,5,4,3,7,1,1,5,4,5,2,17,1,30,3,10,3,4,7,14,1,8,9,15,,38,9,1,22,9,121.5641966,24.98247552
111,3,10,14,41,2,06松山區,松山區八德路3段158巷4號,0,0,1,1,B03,8,1,5,30,14,9,1,5,4,5,7,4,4,10,5,5,2,9,1,60,3,10,3,4,7,15,1,8,3,8,,23,23,1,22,9,121.5551002,25.04786153
111,3,10,14,41,2,06松山區,松山區八德路3段158巷4號,0,0,1,2,H01,8,1,5,30,14,9,1,5,4,5,7,4,4,10,5,5,2,9,2,65,2,8,4,5,8,16,8,20,10,16,,67,23,1,22,9,121.5551002,25.04786153
111,3,10,15,10,2,03中山區,中山區中山北路2段與錦州街口,0,0,1,1,C03,8,1,5,50,4,1,1,5,4,5,7,2,1,1,4,5,2,15,1,22,3,10,3,4,7,9,1,10,1,14,,25,25,1,22,9,121.5230254,25.06032475
111,3,10,15,10,2,03中山區,中山區中山北路2段與錦州街口,0,0,1,2,B03,8,1,5,50,4,1,1,5,4,5,7,2,1,1,4,5,2,15,1,68,2,9,3,4,7,9,1,8,1,1,,44,25,1,22,9,121.5230254,25.06032475
111,3,10,15,20,2,03中山區,中山區林森北路130號,0,0,2,1,H01,8,1,5,0,14,9,1,5,4,5,7,4,4,9,4,5,2,3,2,67,2,9,4,5,8,16,8,20,10,16,,67,67,1,19,9,121.5251556,25.05140666
111,3,10,15,20,2,03中山區,中山區林森北路130號,0,0,2,2,C03,8,1,5,0,14,9,1,5,4,5,7,4,4,9,4,5,2,3,1,30,2,9,1,1,7,9,1,10,1,11,,23,67,1,5,3,121.5251556,25.05140666
111,3,10,15,20,2,12內湖區,內湖區康寧路3段16巷與康寧路3段26巷口,0,0,1,1,B03,8,1,5,30,4,1,1,5,4,5,7,4,4,10,5,5,2,16,1,55,3,10,1,1,7,9,1,8,1,1,,6,6,1,22,9,121.6077636,25.07172466
111,3,10,15,20,2,12內湖區,內湖區康寧路3段16巷與康寧路3段26巷口,0,0,1,2,C03,8,1,5,30,4,1,1,5,4,5,7,4,4,10,5,5,2,16,1,16,2,9,1,1,7,9,2,18,1,12,,13,6,1,22,9,121.6077636,25.07172466
111,3,10,15,34,2,06松山區,松山區民權東路3段與復興北路口,0,0,1,1,B01,8,1,5,50,4,1,1,5,4,5,7,2,1,9,4,5,2,17,1,57,3,10,1,1,7,6,1,2,2,2,,9,9,1,22,9,121.5443243,25.06226287
111,3,10,15,34,2,06松山區,松山區民權東路3段與復興北路口,0,0,1,2,C03,8,1,5,50,4,1,1,5,4,5,7,2,1,9,4,5,2,17,1,33,2,8,1,1,7,9,1,10,2,11,,23,9,1,22,9,121.5443243,25.06226287
111,3,10,15,35,2,02萬華區,萬華區華江橋機車道往新北市(燈桿:001047),0,0,1,1,C03,8,1,7,40,14,11,1,5,4,5,7,4,4,9,5,5,2,18,1,27,2,9,1,4,7,9,1,10,1,14,,42,42,1,22,9,121.4886557,25.03577622
111,3,10,15,35,2,02萬華區,萬華區華江橋機車道往新北市(燈桿:001047),0,0,1,2,,8,1,7,40,14,11,1,5,4,5,7,4,4,9,5,5,2,18,3,,,,,,,,,,,,,67,42,1,,,121.4886557,25.03577622
111,3,10,16,24,2,09北投區,北投區中央北路3段15號,0,0,2,1,C03,8,1,5,50,14,9,1,5,4,5,7,4,4,5,4,5,2,13,1,18,2,9,1,1,7,9,1,10,2,11,,16,16,1,22,9,121.4860495,25.13821965
111,3,10,16,24,2,09北投區,北投區中央北路3段15號,0,0,2,2,C03,8,1,5,50,14,9,1,5,4,5,7,4,4,5,4,5,2,13,2,25,2,9,1,1,7,9,3,18,2,13,,44,16,1,22,9,121.4860495,25.13821965
111,3,10,16,24,2,09北投區,北投區中央北路3段15號,0,0,2,3,B03,8,1,5,50,14,9,1,5,4,5,7,4,4,5,4,5,2,13,1,77,3,10,1,1,7,7,1,8,2,4,,7,16,1,22,9,121.4860495,25.13821965
111,3,10,16,40,2,03中山區,中山區民族東路97-1號,0,0,1,1,B03,8,1,5,50,14,9,1,5,4,5,7,1,1,1,4,4,2,13,1,36,3,10,3,4,7,7,1,8,1,7,,44,44,1,22,9,121.5368826,25.06825838
111,3,10,16,40,2,03中山區,中山區民族東路97-1號,0,0,1,2,C03,8,1,5,50,14,9,1,5,4,5,7,1,1,1,4,4,2,13,1,64,2,9,1,4,7,7,1,10,1,11,,16,44,1,22,9,121.5368826,25.06825838
111,3,10,16,40,2,03中山區,中山區民族東路97-1號,0,0,1,3,C03,8,1,5,50,14,9,1,5,4,5,7,1,1,1,4,4,2,13,1,34,3,10,1,4,7,9,1,10,1,11,,16,44,1,22,9,121.5368826,25.06825838
111,3,10,16,41,2,01大同區,大同區忠孝橋與忠孝橋口東往西(機車道),0,0,1,1,C03,8,1,7,40,14,11,1,5,4,5,7,4,4,10,5,5,1,17,1,38,3,10,1,1,7,9,1,10,2,15,,14,14,1,22,9,121.5055996,25.04947861
111,3,10,16,41,2,01大同區,大同區忠孝橋與忠孝橋口東往西(機車道),0,0,1,2,C03,8,1,7,40,14,11,1,5,4,5,7,4,4,10,5,5,1,17,1,24,2,9,1,1,7,9,1,10,2,12,,16,14,1,22,9,121.5055996,25.04947861
111,3,10,16,50,2,08士林區,士林區至善路1段與福林路口,0,0,1,1,A04,8,1,5,50,3,2,1,5,4,5,7,1,1,5,4,5,2,12,1,44,3,10,3,4,7,15,1,2,2,6,,17,17,1,22,9,121.5366326,25.09944231
111,3,10,16,50,2,08士林區,士林區至善路1段與福林路口,0,0,1,2,C03,8,1,5,50,3,2,1,5,4,5,7,1,1,5,4,5,2,12,2,54,2,9,3,4,7,9,1,10,2,15,,17,17,1,22,9,121.5366326,25.09944231
111,3,10,17,0,2,03中山區,中山區中山北路3段與民族東路口,0,0,1,1,C03,8,1,5,50,14,9,1,5,4,5,7,1,1,1,3,5,1,13,1,19,3,10,1,4,7,9,1,10,1,11,,23,23,1,22,9,121.5228202,25.06870175
111,3,10,17,0,2,03中山區,中山區中山北路3段與民族東路口,0,0,1,2,C03,8,1,5,50,14,9,1,5,4,5,7,1,1,1,3,5,1,13,1,60,3,10,1,4,7,12,1,10,1,13,,44,23,1,22,9,121.5228202,25.06870175
111,3,10,17,0,2,03中山區,中山區中山北路3段與民族東路口,0,0,1,3,H02,8,1,5,50,14,9,1,5,4,5,7,1,1,1,3,5,1,13,2,20,2,8,4,5,7,20,8,20,10,16,,67,23,1,22,9,121.5228202,25.06870175
111,3,10,17,4,2,09北投區,北投區公館路與西安街2段口,0,0,1,1,B03,8,1,5,50,4,2,1,5,4,5,7,1,1,5,2,5,2,13,1,62,3,10,3,4,7,9,1,8,1,1,,23,23,1,22,9,121.5026884,25.12119282
111,3,10,17,4,2,09北投區,北投區公館路與西安街2段口,0,0,1,2,B03,8,1,5,50,4,2,1,5,4,5,7,1,1,5,2,5,2,13,1,62,3,10,3,4,7,14,1,8,1,3,,44,23,1,22,9,121.5026884,25.12119282
111,3,10,17,4,2,09北投區,北投區公館路與西安街2段口,0,0,1,3,H02,8,1,5,50,4,2,1,5,4,5,7,1,1,5,2,5,2,13,2,57,2,1,4,5,7,21,8,20,10,16,,67,23,1,22,9,121.5026884,25.12119282
111,3,10,17,20,2,03中山區,中山區南京東路1段128號對面,0,0,1,1,C03,8,1,5,40,14,8,1,5,4,5,7,4,4,1,4,4,2,12,1,65,3,10,3,4,7,8,1,10,1,12,,7,7,1,22,9,121.5271247,25.05220533
111,3,10,17,20,2,03中山區,中山區南京東路1段128號對面,0,0,1,2,C03,8,1,5,40,14,8,1,5,4,5,7,4,4,1,4,4,2,12,2,18,2,9,3,4,7,9,1,10,1,14,,44,7,1,22,9,121.5271247,25.05220533
111,3,10,17,25,2,04大安區,大安區信義路3段147巷47號,0,0,1,1,C03,8,1,5,30,14,9,1,5,4,5,7,4,4,5,5,5,1,12,2,45,2,9,1,1,7,1,1,10,1,12,,19,19,1,22,9,121.5420006,25.03743355
111,3,10,17,25,2,04大安區,大安區信義路3段147巷47號,0,0,1,2,B03,8,1,5,30,14,9,1,5,4,5,7,4,4,5,5,5,1,12,1,73,3,10,1,1,7,9,1,8,1,8,,44,19,1,22,9,121.5420006,25.03743355
111,3,10,17,30,2,03中山區,中山區復興北路422號,0,0,2,1,C03,8,1,5,50,3,1,1,5,4,5,7,4,4,9,4,5,2,12,2,23,2,9,1,1,7,6,1,10,1,12,,9,9,1,5,1,121.5441184,25.06269408
111,3,10,17,30,2,03中山區,中山區復興北路422號,0,0,2,2,C03,8,1,5,50,3,1,1,5,4,5,7,4,4,9,4,5,2,12,1,24,2,9,1,1,7,9,1,10,1,14,,44,9,1,5,1,121.5441184,25.06269408
111,3,10,17,56,2,07信義區,信義區松信路與市民大道6段口,0,0,2,1,C03,8,3,5,40,4,2,1,5,4,5,7,1,1,1,4,5,2,12,1,44,2,9,1,1,7,9,1,10,1,11,,17,17,1,22,9,121.5722387,25.0492292
111,3,10,17,56,2,07信義區,信義區松信路與市民大道6段口,0,0,2,2,C03,8,3,5,40,4,2,1,5,4,5,7,1,1,1,4,5,2,12,1,18,2,8,1,1,7,9,1,10,1,11,,17,17,1,22,9,121.5722387,25.0492292
111,3,10,17,58,2,05中正區,中正區市民大道2段與金山北路口,0,0,1,1,B03,8,1,5,40,4,2,1,5,4,5,7,1,1,1,4,1,1,13,2,34,3,10,1,1,7,1,1,8,2,5,,16,16,1,22,9,121.5301933,25.04605371
111,3,10,17,58,2,05中正區,中正區市民大道2段與金山北路口,0,0,1,2,C02,8,1,5,40,4,2,1,5,4,5,7,1,1,1,4,1,1,13,1,58,2,8,1,1,7,1,1,9,2,13,,44,16,1,22,9,121.5301933,25.04605371
111,3,10,18,2,2,07信義區,信義區松平路80號,0,0,2,1,C03,7,3,5,30,14,9,1,5,4,5,7,4,4,5,5,5,1,17,2,40,2,8,3,4,7,9,1,10,1,14,,6,6,1,22,9,121.5672253,25.03044707
111,3,10,18,2,2,07信義區,信義區松平路80號,0,0,2,2,F01,7,3,5,30,14,9,1,5,4,5,7,4,4,5,5,5,1,17,2,14,2,7,3,4,7,11,8,20,1,16,,11,6,1,22,9,121.5672253,25.03044707
111,3,10,18,10,2,10文山區,文山區興隆路4段46巷與興隆路4段口,0,0,1,1,B02,8,3,5,50,4,2,1,5,4,5,7,2,1,9,4,5,1,17,1,27,3,10,1,1,7,11,1,8,2,2,,10,10,1,22,9,121.5604843,24.98766688
111,3,10,18,10,2,10文山區,文山區興隆路4段46巷與興隆路4段口,0,0,1,2,C03,8,3,5,50,4,2,1,5,4,5,7,2,1,9,4,5,1,17,1,24,2,9,1,1,7,9,1,10,2,11,,44,10,1,22,9,121.5604843,24.98766688
111,3,10,18,15,2,08士林區,士林區至善路2段392號,0,0,1,1,B03,8,3,5,50,14,5,1,5,4,5,7,4,4,1,5,5,2,17,1,30,3,10,1,1,7,11,1,8,1,4,,10,10,1,22,9,121.557222,25.10519676
111,3,10,18,15,2,08士林區,士林區至善路2段392號,0,0,1,2,C03,8,3,5,50,14,5,1,5,4,5,7,4,4,1,5,5,2,17,1,31,2,9,1,1,7,9,1,10,1,11,,23,10,1,22,9,121.557222,25.10519676
111,3,10,18,18,2,08士林區,士林區福國路98號,0,0,1,1,B03,8,2,5,50,14,9,1,5,4,5,7,4,4,3,3,5,1,12,1,54,3,10,1,1,7,8,1,8,1,5,,7,7,1,22,9,121.5219592,25.10191555
111,3,10,18,18,2,08士林區,士林區福國路98號,0,0,1,2,B03,8,2,5,50,14,9,1,5,4,5,7,4,4,3,3,5,1,12,1,31,3,10,1,1,7,9,1,8,1,8,,16,7,1,22,9,121.5219592,25.10191555
111,3,10,18,18,2,08士林區,士林區福國路98號,0,0,1,3,C03,8,2,5,50,14,9,1,5,4,5,7,4,4,3,3,5,1,12,2,44,2,8,1,1,7,14,1,10,1,12,,44,7,1,22,9,121.5219592,25.10191555
111,3,10,18,20,2,04大安區,大安區金山南路2段19號,0,0,1,1,F01,8,3,5,0,14,20,1,5,4,5,7,4,4,10,5,5,2,1,2,24,3,10,1,1,7,9,8,20,1,16,,43,43,1,22,9,121.5272256,25.03330952
111,3,10,18,20,2,04大安區,大安區金山南路2段19號,0,0,1,2,H01,8,3,5,0,14,20,1,5,4,5,7,4,4,10,5,5,2,1,1,51,2,4,4,5,8,16,8,20,10,16,,67,43,1,22,9,121.5272256,25.03330952
111,3,10,18,20,2,11南港區,南港區市民大道8段與南港路2段41巷口,0,0,2,1,C03,8,3,5,50,4,1,1,5,4,5,7,2,1,1,4,5,2,16,1,57,3,10,1,1,7,5,1,10,1,13,,8,8,1,21,8,121.6033389,25.052708
111,3,10,18,20,2,11南港區,南港區市民大道8段與南港路2段41巷口,0,0,2,2,C03,8,3,5,50,4,1,1,5,4,5,7,2,1,1,4,5,2,16,2,43,2,8,1,1,7,9,1,10,1,11,,44,8,1,21,8,121.6033389,25.052708
111,3,10,18,20,2,11南港區,南港區市民大道8段與南港路2段41巷口,0,0,2,3,H02,8,3,5,50,4,1,1,5,4,5,7,2,1,1,4,5,2,16,1,15,2,7,1,5,7,20,8,20,10,16,,67,8,1,21,8,121.6033389,25.052708
111,3,10,18,25,2,03中山區,中山區民生東路2段與吉林路口,0,0,2,1,B03,8,3,5,50,4,1,1,5,4,5,7,1,1,5,4,5,2,16,1,69,3,10,1,1,7,5,1,8,2,2,,6,6,1,22,9,121.5302027,25.0579794
111,3,10,18,25,2,03中山區,中山區民生東路2段與吉林路口,0,0,2,2,C03,8,3,5,50,4,1,1,5,4,5,7,1,1,5,4,5,2,16,2,27,2,9,1,1,7,9,1,10,2,11,12,13,6,1,22,9,121.5302027,25.0579794
111,3,10,18,25,2,03中山區,中山區民生東路2段與吉林路口,0,0,2,3,H02,8,3,5,50,4,1,1,5,4,5,7,1,1,5,4,5,2,16,2,69,2,7,4,5,7,20,8,20,10,16,,67,6,1,22,9,121.5302027,25.0579794
111,3,10,18,34,2,07信義區,信義區松仁路與信義路5段150巷14弄口,0,0,2,1,C03,8,3,5,50,4,1,1,5,4,5,7,1,1,4,3,5,2,11,2,45,2,9,1,1,7,9,1,10,1,11,,44,44,1,22,9,121.5683344,25.0285107
111,3,10,18,34,2,07信義區,信義區松仁路與信義路5段150巷14弄口,0,0,2,2,C03,8,3,5,50,4,1,1,5,4,5,7,1,1,4,3,5,2,11,1,42,2,8,1,1,7,5,1,10,1,12,,8,44,1,22,9,121.5683344,25.0285107
111,3,10,18,38,2,01大同區,大同區民族西路與承德路3段口,0,0,1,1,B03,7,3,5,50,4,1,1,5,4,5,7,2,1,1,1,5,2,17,1,30,3,10,1,1,7,5,1,8,2,15,,42,42,1,22,9,121.5184679,25.06855128
111,3,10,18,38,2,01大同區,大同區民族西路與承德路3段口,0,0,1,2,B12,7,3,5,50,4,1,1,5,4,5,7,2,1,1,1,5,2,17,1,47,3,10,1,1,7,9,1,8,2,2,,44,42,1,22,9,121.5184679,25.06855128
111,3,10,18,38,2,01大同區,大同區民族西路與承德路3段口,0,0,1,3,C03,7,3,5,50,4,1,1,5,4,5,7,2,1,1,1,5,2,17,1,33,2,9,1,1,7,9,1,10,2,14,,44,42,1,22,9,121.5184679,25.06855128
111,3,10,18,38,2,08士林區,士林區中山北路4段第529號燈桿,0,0,3,1,C03,8,1,5,50,14,9,1,5,4,5,7,4,4,1,4,5,2,13,2,53,2,9,3,4,7,9,1,10,2,11,,16,16,1,22,9,121.5243549,25.08114924
111,3,10,18,38,2,08士林區,士林區中山北路4段第529號燈桿,0,0,3,2,C03,8,1,5,50,14,9,1,5,4,5,7,4,4,1,4,5,2,13,1,31,3,10,3,4,7,9,1,10,2,11,,16,16,1,22,9,121.5243549,25.08114924
111,3,10,18,38,2,08士林區,士林區中山北路4段第529號燈桿,0,0,3,3,C03,8,1,5,50,14,9,1,5,4,5,7,4,4,1,4,5,2,13,1,22,3,10,3,4,7,9,1,10,2,13,,44,16,1,22,9,121.5243549,25.08114924
111,3,10,18,38,2,08士林區,士林區中山北路4段第529號燈桿,0,0,3,4,H02,8,1,5,50,14,9,1,5,4,5,7,4,4,1,4,5,2,13,2,32,2,9,3,5,7,20,8,20,10,16,,67,16,1,22,9,121.5243549,25.08114924
111,3,10,18,38,2,08士林區,士林區中山北路4段第529號燈桿,0,0,3,5,H02,8,1,5,50,14,9,1,5,4,5,7,4,4,1,4,5,2,13,1,23,2,9,3,4,7,20,8,20,10,16,,67,16,1,22,9,121.5243549,25.08114924
111,3,10,18,54,2,05中正區,中正區羅斯福路4段與羅斯福路4段24巷口,0,0,2,1,C03,8,3,5,50,3,2,1,5,4,5,7,4,4,3,4,5,2,17,1,29,3,10,1,1,7,6,1,10,2,12,,9,9,1,22,9,121.5332413,25.01561665
111,3,10,18,54,2,05中正區,中正區羅斯福路4段與羅斯福路4段24巷口,0,0,2,2,C03,8,3,5,50,3,2,1,5,4,5,7,4,4,3,4,5,2,17,1,24,2,8,1,1,7,9,1,10,2,11,,44,9,1,22,9,121.5332413,25.01561665
111,3,10,18,54,2,05中正區,中正區羅斯福路4段與羅斯福路4段24巷口,0,0,2,3,C03,8,3,5,50,3,2,1,5,4,5,7,4,4,3,4,5,2,17,2,29,2,9,1,1,7,9,1,10,2,11,,23,9,1,22,9,121.5332413,25.01561665
111,3,10,19,5,2,12內湖區,內湖區民權東路6段190巷與民權東路6段190巷65弄口,0,0,2,1,C03,8,3,5,30,4,1,1,5,4,5,7,4,4,5,5,5,1,15,2,45,2,9,1,1,7,9,1,10,1,12,,6,6,1,22,9,121.5943192,25.06574961
111,3,10,19,5,2,12內湖區,內湖區民權東路6段190巷與民權東路6段190巷65弄口,0,0,2,2,C03,8,3,5,30,4,1,1,5,4,5,7,4,4,5,5,5,1,15,1,27,2,9,1,1,7,9,1,10,1,14,,13,6,1,22,9,121.5943192,25.06574961
111,3,10,19,9,2,04大安區,大安區安和路2段175號,0,0,1,1,B03,7,3,5,50,14,9,1,5,4,5,7,1,1,1,4,5,2,13,2,48,3,10,3,4,7,9,1,8,1,1,,23,23,1,22,9,121.5498829,25.02795732
111,3,10,19,9,2,04大安區,大安區安和路2段175號,0,0,1,2,C03,7,3,5,50,14,9,1,5,4,5,7,1,1,1,4,5,2,13,2,22,2,8,3,4,7,7,1,10,1,13,,7,23,1,22,9,121.5498829,25.02795732
111,3,10,19,9,2,04大安區,大安區安和路2段175號,0,0,1,3,H02,7,3,5,50,14,9,1,5,4,5,7,1,1,1,4,5,2,13,2,22,3,10,4,5,7,20,8,20,10,16,,67,23,1,22,9,121.5498829,25.02795732
111,3,10,19,9,2,04大安區,大安區仁愛路3段123巷與仁愛路3段123巷26弄口,0,0,1,1,C03,7,3,5,30,4,1,1,5,4,5,7,4,4,8,4,5,2,15,1,37,2,8,1,1,7,9,1,10,1,14,,6,6,1,22,9,121.5420022,25.0390574
111,3,10,19,9,2,04大安區,大安區仁愛路3段123巷與仁愛路3段123巷26弄口,0,0,1,2,B03,7,3,5,30,4,1,1,5,4,5,7,4,4,8,4,5,2,15,1,48,3,10,1,1,7,9,1,8,1,1,,14,6,1,22,9,121.5420022,25.0390574
111,3,10,19,15,2,08士林區,士林區德行東路76號,0,0,1,1,B03,7,3,5,50,14,9,1,5,4,5,7,4,4,9,5,5,1,17,4,,4,11,3,4,7,15,7,19,11,15,,43,43,2,22,9,121.5274865,25.10738747
111,3,10,19,15,2,08士林區,士林區德行東路76號,0,0,1,2,F01,7,3,5,50,14,9,1,5,4,5,7,4,4,9,5,5,1,17,2,28,2,9,1,1,7,7,8,20,1,16,,43,43,1,21,8,121.5274865,25.10738747
111,3,10,19,20,2,06松山區,松山區南京東路3段303巷與南京東路3段口,0,0,1,1,B03,8,3,5,50,4,1,1,5,4,5,7,1,1,1,3,1,2,3,1,25,3,10,1,1,7,6,1,8,1,5,,15,15,1,22,9,121.5466378,25.05180553
111,3,10,19,20,2,06松山區,松山區南京東路3段303巷與南京東路3段口,0,0,1,2,H01,8,3,5,50,4,1,1,5,4,5,7,1,1,1,3,1,2,3,1,24,2,8,4,2,8,16,8,20,1,16,,51,15,1,22,1,121.5466378,25.05180553
111,3,10,19,25,2,04大安區,大安區辛亥路1段與新生南路2段口,0,0,4,1,C03,7,1,5,30,14,9,1,5,4,5,7,4,4,1,3,5,2,13,1,34,2,9,1,1,7,5,1,10,1,13,,6,6,1,22,9,121.5340099,25.0223824
111,3,10,19,25,2,04大安區,大安區辛亥路1段與新生南路2段口,0,0,4,2,C03,7,1,5,30,14,9,1,5,4,5,7,4,4,1,3,5,2,13,1,23,2,9,1,1,7,9,1,10,1,11,,16,6,1,22,9,121.5340099,25.0223824
111,3,10,19,25,2,04大安區,大安區辛亥路1段與新生南路2段口,0,0,4,3,C03,7,1,5,30,14,9,1,5,4,5,7,4,4,1,3,5,2,13,1,22,2,9,1,1,7,9,1,10,1,11,,23,6,1,22,9,121.5340099,25.0223824
111,3,10,19,25,2,04大安區,大安區辛亥路1段與新生南路2段口,0,0,4,4,H02,7,1,5,30,14,9,1,5,4,5,7,4,4,1,3,5,2,13,2,42,2,9,4,5,7,20,8,20,10,15,,58,6,1,22,9,121.5340099,25.0223824
111,3,10,19,25,2,12內湖區,內湖區民權東路6段15巷與瑞湖街口,0,0,3,2,C03,8,3,5,50,3,1,1,5,4,5,7,1,1,10,4,5,2,16,1,35,2,9,1,1,7,9,1,10,2,12,,44,8,1,22,9,121.5764451,25.0689879
111,3,10,19,25,2,12內湖區,內湖區民權東路6段15巷與瑞湖街口,0,0,3,3,H02,8,3,5,50,3,1,1,5,4,5,7,1,1,10,4,5,2,16,2,33,2,9,1,5,7,21,8,20,10,16,,67,8,1,22,9,121.5764451,25.0689879
111,3,10,19,25,2,12內湖區,內湖區民權東路6段15巷與瑞湖街口,0,0,3,1,C03,8,3,5,50,3,1,1,5,4,5,7,1,1,10,4,5,2,16,2,31,2,9,1,1,7,5,1,10,2,14,,8,8,1,22,9,121.5764451,25.0689879
111,3,10,20,35,2,09北投區,北投區大業路與大同街口,0,0,1,1,C03,8,3,5,50,4,1,1,5,4,5,7,2,1,3,4,5,1,16,1,15,3,10,1,1,7,5,2,18,1,11,,6,6,1,22,9,121.4990994,25.1369436
111,3,10,20,35,2,09北投區,北投區大業路與大同街口,0,0,1,2,C03,8,3,5,50,4,1,1,5,4,5,7,2,1,3,4,5,1,16,1,46,2,9,1,1,7,9,1,10,1,11,,44,6,1,22,9,121.4990994,25.1369436
111,3,10,21,20,2,03中山區,中山區民生東路3段73巷與錦州街口,0,0,1,1,C03,8,3,5,30,4,1,1,5,4,5,7,4,4,5,5,5,2,15,1,26,2,9,1,1,7,9,1,10,1,11,12,6,6,1,22,9,121.543638,25.0601864
111,3,10,21,20,2,03中山區,中山區民生東路3段73巷與錦州街口,0,0,1,2,B01,8,3,5,30,4,1,1,5,4,5,7,4,4,5,5,5,2,15,1,52,3,10,1,1,7,9,1,4,1,8,,44,6,1,22,9,121.543638,25.0601864
111,3,10,21,25,2,03中山區,中山區大直橋南往北,0,0,1,1,C03,8,3,5,50,8,11,1,5,4,5,7,4,4,1,4,4,2,17,2,36,3,10,1,1,7,9,1,10,1,15,,35,35,1,22,9,121.5442593,25.07563809
111,3,10,21,25,2,03中山區,中山區大直橋南往北,0,0,1,2,C04,8,3,5,50,8,11,1,5,4,5,7,4,4,1,4,4,2,17,2,32,2,9,1,1,7,9,1,10,1,11,,44,35,1,22,9,121.5442593,25.07563809
111,3,10,22,16,2,10文山區,文山區興隆路3段185巷與興隆路3段207巷13弄口口,0,0,1,1,B03,8,3,5,30,4,1,1,5,4,5,5,4,4,10,5,5,2,15,2,38,3,10,1,1,7,9,1,8,1,2,,6,6,1,22,9,121.5619787,24.99543741
111,3,10,22,16,2,10文山區,文山區興隆路3段185巷與興隆路3段207巷13弄口口,0,0,1,2,C03,8,3,5,30,4,1,1,5,4,5,5,4,4,10,5,5,2,15,1,19,2,8,1,1,7,9,1,10,1,11,,44,6,1,22,9,121.5619787,24.99543741
111,3,10,22,16,2,10文山區,文山區興隆路3段185巷與興隆路3段207巷13弄口口,0,0,1,3,B12,8,3,5,30,4,1,1,5,4,5,5,4,4,10,5,5,2,15,1,53,3,10,3,1,7,13,1,8,11,15,,38,6,1,22,9,121.5619787,24.99543741
111,3,10,22,23,2,08士林區,士林區仰德大道3段94號,0,0,1,1,C03,8,3,5,40,14,9,1,5,4,5,1,4,4,4,3,5,1,18,1,26,2,8,1,1,7,9,1,10,2,14,,44,44,1,22,9,121.5530231,25.11935557
111,3,10,22,23,2,08士林區,士林區仰德大道3段94號,0,0,1,2,,8,3,5,40,14,9,1,5,4,5,1,4,4,4,3,5,1,18,3,,,,,,,,,,,,,61,44,1,,,121.5530231,25.11935557
111,3,10,22,44,2,01大同區,大同區延平北路4段與延平北路4段口19號旁的無名巷,0,0,2,1,B01,7,3,5,0,3,1,1,5,4,5,7,4,4,5,4,4,2,17,1,44,3,10,3,4,7,5,1,8,1,15,,8,8,1,22,9,121.5108992,25.06929235
111,3,10,22,44,2,01大同區,大同區延平北路4段與延平北路4段口19號旁的無名巷,0,0,2,2,C03,7,3,5,0,3,1,1,5,4,5,7,4,4,5,4,4,2,17,2,20,2,9,3,4,7,9,1,10,1,14,,44,8,1,22,9,121.5108992,25.06929235
111,3,10,22,44,2,01大同區,大同區延平北路4段與延平北路4段口19號旁的無名巷,0,0,2,3,H02,7,3,5,0,3,1,1,5,4,5,7,4,4,5,4,4,2,17,2,19,2,7,3,5,7,21,8,20,10,15,,67,8,1,22,9,121.5108992,25.06929235
111,3,11,0,15,2,07信義區,信義區信義路5段與松仁路口,0,0,1,1,C03,7,3,5,50,4,2,1,5,4,5,7,2,1,1,3,5,2,29,1,52,2,9,3,4,7,9,1,10,1,11,,43,43,1,22,9,121.5684556,25.0327831
111,3,11,0,15,2,07信義區,信義區信義路5段與松仁路口,0,0,1,2,,7,3,5,50,4,2,1,5,4,5,7,2,1,1,3,5,2,29,3,,,,,,,,,,,,,67,43,1,,,121.5684556,25.0327831
111,3,11,6,47,2,01大同區,大同區雙連街與萬全街口,0,0,1,1,B03,8,1,5,30,4,1,1,5,4,5,7,4,4,10,5,5,2,15,1,58,3,10,1,1,7,9,1,8,1,1,,6,6,1,22,9,121.5190376,25.0585391
111,3,11,6,47,2,01大同區,大同區雙連街與萬全街口,0,0,1,2,C03,8,1,5,30,4,1,1,5,4,5,7,4,4,10,5,5,2,15,1,26,2,9,1,1,7,9,1,10,1,12,,14,6,1,22,9,121.5190376,25.0585391