發生年度,發生月,發生日,發生時-Hours,發生分,處理別-編號,區序,肇事地點,死亡人數,2-30日死亡人數,受傷人數,當事人序號,車種,天候,光線,道路類別,速限-速度限制,道路型態,事故位置,路面狀況1,路面狀況2,路面狀況3,道路障礙1,道路障礙2,號誌1,號誌2,車道劃分-分向,車道劃分-分道1,車道劃分-分道2,車道劃分-分道3,事故類型及型態,性別,年齡,受傷程度,主要傷處,安全帽,行動電話,車輛用途,當事者行動狀態,駕駛資格情形,駕駛執照種類,飲酒情形,車輛撞擊部位1,車輛撞擊部位2,肇因碼-個別,肇因碼-主要,個人肇逃否,職業,旅次目的,座標-X,座標-Y
111,3,11,7,0,2,09北投區,北投區承德路7段164巷,0,0,1,1,B03,8,1,5,50,14,9,1,5,4,5,7,4,4,3,4,4,2,12,2,67,4,11,3,4,7,8,1,8,11,15,,7,7,2,22,9,121.5092126,25.11270777
111,3,11,7,0,2,09北投區,北投區承德路7段164巷,0,0,1,2,C03,8,1,5,50,14,9,1,5,4,5,7,4,4,3,4,4,2,12,2,72,2,9,1,1,7,9,1,10,2,14,,44,7,1,22,9,121.5092126,25.11270777
111,3,11,7,23,2,10文山區,文山區木柵路1段182號前,0,0,2,1,C03,8,1,5,50,14,9,1,5,4,5,7,4,4,9,4,5,2,12,1,40,2,8,1,1,7,7,1,10,2,14,,7,7,1,22,9,121.552544,24.98780028
111,3,11,7,23,2,10文山區,文山區木柵路1段182號前,0,0,2,2,C03,8,1,5,50,14,9,1,5,4,5,7,4,4,9,4,5,2,12,2,24,2,9,1,1,7,9,1,10,2,11,,44,7,1,22,9,121.552544,24.98780028
111,3,11,7,28,2,04大安區,大安區仁愛路4段266巷與仁愛路4段266巷15弄口,0,0,1,1,B01,8,1,5,30,5,1,1,5,4,5,7,4,4,10,4,5,2,15,1,64,3,10,1,4,7,15,1,4,1,5,,6,6,1,22,9,121.5529047,25.0366232
111,3,11,7,28,2,04大安區,大安區仁愛路4段266巷與仁愛路4段266巷15弄口,0,0,1,2,C03,8,1,5,30,5,1,1,5,4,5,7,4,4,10,4,5,2,15,1,19,2,7,1,4,7,9,1,10,1,11,,23,6,1,22,9,121.5529047,25.0366232
111,3,11,7,33,2,08士林區,士林區延平北路6段與社中街口,0,0,2,1,C03,8,1,5,50,4,2,1,5,4,5,7,1,1,5,4,5,1,17,2,32,3,10,1,1,7,7,1,10,1,14,,7,7,1,22,9,121.5089727,25.0876766
111,3,11,7,33,2,08士林區,士林區延平北路6段與社中街口,0,0,2,2,C03,8,1,5,50,4,2,1,5,4,5,7,1,1,5,4,5,1,17,2,52,2,9,1,1,7,9,1,10,1,12,,44,7,1,22,9,121.5089727,25.0876766
111,3,11,7,33,2,08士林區,士林區延平北路6段與社中街口,0,0,2,3,H02,8,1,5,50,4,2,1,5,4,5,7,1,1,5,4,5,1,17,1,7,2,8,4,5,7,20,8,20,10,16,,67,7,1,22,9,121.5089727,25.0876766
111,3,11,7,38,2,09北投區,北投區泉源路與光明路口,0,0,2,1,C03,8,1,5,50,14,9,1,5,4,5,7,1,1,9,4,5,2,13,1,47,2,8,1,1,7,9,1,10,2,11,,22,22,1,22,9,121.5039168,25.1373237
111,3,11,7,38,2,09北投區,北投區泉源路與光明路口,0,0,2,2,C03,8,1,5,50,14,9,1,5,4,5,7,1,1,9,4,5,2,13,2,64,2,8,1,1,7,9,1,10,2,13,,44,22,1,22,9,121.5039168,25.1373237
111,3,11,7,41,2,04大安區,大安區辛亥路1段與新生南路3段口,0,0,1,1,B03,8,1,5,50,4,2,1,5,4,5,7,2,1,8,3,5,1,12,1,67,3,10,1,1,7,6,1,8,1,5,,6,6,1,21,5,121.534353,25.02268782
111,3,11,7,41,2,04大安區,大安區辛亥路1段與新生南路3段口,0,0,1,2,C03,8,1,5,50,4,2,1,5,4,5,7,2,1,8,3,5,1,12,1,41,2,8,1,1,7,9,1,10,1,14,,44,6,1,5,1,121.534353,25.02268782
111,3,11,7,42,2,04大安區,大安區敦化南路2段73巷與敦化南路2段81巷45弄口,0,0,1,1,B03,8,1,5,30,3,1,1,5,4,5,7,4,4,10,5,5,1,16,1,60,3,10,1,1,7,6,1,3,1,1,,6,6,1,22,9,121.5503255,25.03041876
111,3,11,7,42,2,04大安區,大安區敦化南路2段73巷與敦化南路2段81巷45弄口,0,0,1,2,C03,8,1,5,30,3,1,1,5,4,5,7,4,4,10,5,5,1,16,2,54,2,9,1,1,7,5,1,10,1,14,,23,6,1,22,9,121.5503255,25.03041876
111,3,11,7,45,2,10文山區,文山區新光路2段21號,0,0,1,1,B03,8,1,5,50,14,9,2,5,4,5,7,3,1,9,4,5,2,17,2,41,3,10,3,4,7,15,1,8,1,4,,23,23,1,22,9,121.5834777,25.00042971
111,3,11,7,45,2,10文山區,文山區新光路2段21號,0,0,1,2,B03,8,1,5,50,14,9,2,5,4,5,7,3,1,9,4,5,2,17,1,68,3,10,3,4,7,14,1,8,1,6,,44,23,1,22,9,121.5834777,25.00042971
111,3,11,7,45,2,10文山區,文山區新光路2段21號,0,0,1,3,C03,8,1,5,50,14,9,2,5,4,5,7,3,1,9,4,5,2,17,1,31,3,10,1,4,7,15,1,9,1,11,,25,23,1,22,9,121.5834777,25.00042971
111,3,11,7,45,2,10文山區,文山區新光路2段21號,0,0,1,4,B03,8,1,5,50,14,9,2,5,4,5,7,3,1,9,4,5,2,17,1,38,3,10,3,4,7,9,1,8,1,5,,44,23,1,22,9,121.5834777,25.00042971
111,3,11,7,45,2,10文山區,文山區新光路2段21號,0,0,1,5,H02,8,1,5,50,14,9,2,5,4,5,7,3,1,9,4,5,2,17,2,34,2,4,4,5,7,21,8,20,10,16,,67,23,1,22,9,121.5834777,25.00042971
111,3,11,8,5,2,03中山區,中山區濱江街與濱江街199巷口,0,0,1,1,B01,8,1,5,50,3,1,1,5,4,5,7,4,4,1,5,5,2,12,2,42,3,10,3,4,7,6,1,4,1,2,,9,9,1,22,9,121.5399132,25.0726065
111,3,11,8,5,2,03中山區,中山區濱江街與濱江街199巷口,0,0,1,2,C03,8,1,5,50,3,1,1,5,4,5,7,4,4,1,5,5,2,12,1,25,2,9,1,4,7,9,1,10,1,14,,44,9,1,22,9,121.5399132,25.0726065
111,3,11,8,6,2,08士林區,士林區德行東路331巷與士東路口,0,0,1,1,C03,8,1,5,30,3,2,1,5,4,5,7,4,4,9,4,5,2,16,2,59,3,10,1,1,7,5,1,10,1,11,,6,6,1,22,9,121.537498,25.11160053
111,3,11,8,6,2,08士林區,士林區德行東路331巷與士東路口,0,0,1,2,C03,8,1,5,30,3,2,1,5,4,5,7,4,4,9,4,5,2,16,2,19,2,9,1,1,7,9,1,10,1,12,,13,6,1,22,9,121.537498,25.11160053
111,3,11,8,8,2,03中山區,中山區復興北路2號,0,0,1,1,C03,8,1,5,50,14,9,1,5,4,5,7,1,1,1,3,5,1,13,1,32,2,9,3,4,7,9,1,10,1,11,,16,16,1,22,9,121.5438793,25.04890282
111,3,11,8,8,2,03中山區,中山區復興北路2號,0,0,1,2,B03,8,1,5,50,14,9,1,5,4,5,7,1,1,1,3,5,1,13,1,57,3,10,3,4,7,9,1,8,1,3,,44,16,1,22,9,121.5438793,25.04890282
111,3,11,8,8,2,03中山區,中山區復興北路2號,0,0,1,3,B03,8,1,5,50,14,9,1,5,4,5,7,1,1,1,3,5,1,13,1,48,3,10,3,4,7,11,1,8,9,15,,26,16,1,22,9,121.5438793,25.04890282
111,3,11,8,10,2,10文山區,文山區辛亥路4段204號對面,0,0,2,1,B01,8,1,5,50,14,9,1,5,4,5,7,4,4,1,4,5,2,17,1,59,3,10,1,1,7,8,1,4,1,15,,7,7,1,22,9,121.5557253,25.00254521
111,3,11,8,10,2,10文山區,文山區辛亥路4段204號對面,0,0,2,2,C03,8,1,5,50,14,9,1,5,4,5,7,4,4,1,4,5,2,17,2,39,2,9,1,1,7,9,1,10,1,12,,42,7,1,22,9,121.5557253,25.00254521
111,3,11,8,10,2,10文山區,文山區辛亥路4段204號對面,0,0,2,3,H02,8,1,5,50,14,9,1,5,4,5,7,4,4,1,4,5,2,17,2,41,2,8,1,5,7,21,8,20,10,16,,67,7,1,22,9,121.5557253,25.00254521
111,3,11,8,16,2,03中山區,中山區林森北路與長春路口,0,0,1,1,C03,8,1,5,50,4,1,1,5,4,5,7,1,1,4,3,5,1,16,1,18,4,11,3,4,7,9,1,10,11,14,,42,42,2,18,9,121.5254318,25.05490101
111,3,11,8,16,2,03中山區,中山區林森北路與長春路口,0,0,1,2,C03,8,1,5,50,4,1,1,5,4,5,7,1,1,4,3,5,1,16,2,31,2,7,1,1,7,5,1,10,1,14,,8,42,1,22,9,121.5254318,25.05490101
111,3,11,8,16,2,03中山區,中山區林森北路與長春路口,0,0,1,3,B01,8,1,5,50,4,1,1,5,4,5,7,1,1,4,3,5,1,16,1,55,3,10,1,1,7,5,1,4,9,15,,25,42,1,22,9,121.5254318,25.05490101
111,3,11,8,20,2,05中正區,中正區鄭州路與重慶北路1段口,0,0,1,1,C03,8,1,5,40,14,9,1,5,4,5,7,4,4,9,4,5,2,12,1,25,3,10,1,1,7,9,1,10,2,14,,42,42,1,22,9,121.5138633,25.04916758
111,3,11,8,20,2,05中正區,中正區鄭州路與重慶北路1段口,0,0,1,2,C03,8,1,5,40,14,9,1,5,4,5,7,4,4,9,4,5,2,12,2,26,2,9,1,1,7,9,1,10,2,12,,23,42,1,22,9,121.5138633,25.04916758
111,3,11,8,20,2,05中正區,中正區鄭州路與重慶北路1段口,0,0,1,3,B12,8,1,5,40,14,9,1,5,4,5,7,4,4,9,4,5,2,12,1,44,3,10,1,1,7,9,1,8,11,15,,44,42,1,9,9,121.5138633,25.04916758
111,3,11,8,46,2,03中山區,中山區松江路156巷與松江路口,0,0,1,1,C03,8,1,5,30,3,1,1,5,4,5,7,4,4,10,4,5,2,16,2,49,3,10,3,4,7,9,1,10,1,12,,23,23,1,22,9,121.5329553,25.05435659
111,3,11,8,46,2,03中山區,中山區松江路156巷與松江路口,0,0,1,2,F01,8,1,5,30,3,1,1,5,4,5,7,4,4,10,4,5,2,16,2,57,2,9,3,4,7,9,8,20,1,16,,42,23,1,22,9,121.5329553,25.05435659
111,3,11,8,47,2,08士林區,士林區福林路與福林路254巷口,0,0,1,1,C03,8,1,5,50,4,1,1,5,4,5,7,1,1,5,4,5,1,16,2,21,3,10,1,1,7,6,1,10,1,12,,9,9,1,22,9,121.5344796,25.09793576
111,3,11,8,47,2,08士林區,士林區福林路與福林路254巷口,0,0,1,2,C03,8,1,5,50,4,1,1,5,4,5,7,1,1,5,4,5,1,16,2,45,2,9,1,1,7,9,1,10,1,11,,44,9,1,22,9,121.5344796,25.09793576
111,3,11,8,50,2,03中山區,中山區民生東路2段115巷與吉林路199巷口,0,0,2,1,C03,8,1,5,30,4,1,1,5,4,5,7,4,4,9,5,5,2,16,1,60,3,10,3,4,7,5,1,10,1,14,,8,8,1,22,9,121.5316845,25.0599164
111,3,11,8,50,2,03中山區,中山區民生東路2段115巷與吉林路199巷口,0,0,2,2,C03,8,1,5,30,4,1,1,5,4,5,7,4,4,9,5,5,2,16,2,46,2,9,3,4,7,9,1,10,1,12,,14,8,1,2,1,121.5316845,25.0599164
111,3,11,8,50,2,03中山區,中山區民生東路2段115巷與吉林路199巷口,0,0,2,3,H02,8,1,5,30,4,1,1,5,4,5,7,4,4,9,5,5,2,16,2,58,2,8,4,5,7,21,8,20,10,16,,67,8,1,22,7,121.5316845,25.0599164
111,3,11,8,58,2,03中山區,中山區民族東路420號,0,0,2,1,B03,8,1,5,40,14,7,1,5,4,5,7,4,4,1,4,4,2,17,1,27,3,10,3,4,7,1,1,8,2,4,,19,19,1,22,9,121.53879,25.06808925
111,3,11,8,58,2,03中山區,中山區民族東路420號,0,0,2,2,C03,8,1,5,40,14,7,1,5,4,5,7,4,4,1,4,4,2,17,1,44,2,9,1,4,7,9,1,9,2,12,,13,19,1,22,9,121.53879,25.06808925
111,3,11,8,58,2,03中山區,中山區民族東路420號,0,0,2,3,C03,8,1,5,40,14,7,1,5,4,5,7,4,4,1,4,4,2,17,2,45,2,9,1,4,7,9,1,10,2,11,,13,19,1,22,9,121.53879,25.06808925
111,3,11,9,7,2,12內湖區,內湖區民權東路6段101號,0,0,1,1,B03,8,1,5,50,15,9,1,5,4,5,7,4,4,9,4,5,1,12,1,64,3,10,1,1,7,6,1,8,2,2,,9,9,1,22,9,121.5890863,25.0693188
111,3,11,9,7,2,12內湖區,內湖區民權東路6段101號,0,0,1,2,C04,8,1,5,50,15,9,1,5,4,5,7,4,4,9,4,5,1,12,2,22,2,9,1,1,7,9,1,11,2,11,,44,9,1,22,9,121.5890863,25.0693188
111,3,11,9,20,2,04大安區,大安區羅斯福路2段95號前,0,0,1,1,C03,8,1,5,50,14,9,1,5,4,5,7,4,4,8,3,5,1,17,1,46,3,10,1,1,7,7,1,10,1,13,,7,7,1,5,1,121.524288,25.02479645
111,3,11,9,20,2,04大安區,大安區羅斯福路2段95號前,0,0,1,2,C03,8,1,5,50,14,9,1,5,4,5,7,4,4,8,3,5,1,17,2,24,2,9,1,1,7,9,1,10,1,12,,13,7,1,5,1,121.524288,25.02479645
111,3,11,9,20,2,04大安區,大安區羅斯福路2段95號前,0,0,1,3,B01,8,1,5,50,14,9,1,5,4,5,7,4,4,8,3,5,1,17,1,39,3,10,1,1,7,1,1,4,1,15,,19,7,1,10,4,121.524288,25.02479645
111,3,11,9,22,2,09北投區,北投區石牌路1段126-1號孫東寶牛排前,0,0,1,1,C03,8,1,5,50,14,9,1,4,3,5,7,4,4,5,5,5,2,18,1,61,2,8,1,1,7,9,1,10,1,11,,44,44,1,22,9,121.5123364,25.11388238
111,3,11,9,22,2,09北投區,北投區石牌路1段126-1號孫東寶牛排前,0,0,1,2,,8,1,5,50,14,9,1,4,3,5,7,4,4,5,5,5,2,18,3,,,,,,,,,,,,,61,44,,,,121.5123364,25.11388238
111,3,11,9,24,2,04大安區,大安區瑞安街與無名巷口,0,0,2,1,C03,8,1,5,30,4,1,1,5,4,5,7,4,4,10,5,5,1,15,2,37,2,9,1,1,7,9,1,10,1,11,,6,6,1,22,9,121.5439626,25.03244598
111,3,11,9,24,2,04大安區,大安區瑞安街與無名巷口,0,0,2,2,C03,8,1,5,30,4,1,1,5,4,5,7,4,4,10,5,5,1,15,1,33,2,9,1,1,7,9,1,10,1,14,,23,6,1,22,9,121.5439626,25.03244598
111,3,11,9,29,2,12內湖區,內湖區東湖路16巷與康寧路3段219巷口,0,0,2,1,C03,8,1,5,30,4,2,1,5,4,5,7,4,4,10,5,5,2,15,1,73,2,9,1,1,7,9,1,10,1,14,,6,6,1,22,9,121.6126173,25.06801922
111,3,11,9,29,2,12內湖區,內湖區東湖路16巷與康寧路3段219巷口,0,0,2,2,C03,8,1,5,30,4,2,1,5,4,5,7,4,4,10,5,5,2,15,1,65,2,8,1,1,7,9,1,10,1,12,,14,6,1,22,9,121.6126173,25.06801922
111,3,11,9,30,2,05中正區,中正區重慶南路3段與和平西路1段口,0,0,1,1,C03,8,1,5,50,5,1,1,5,4,5,7,1,1,3,4,5,2,12,2,29,3,10,1,1,7,5,1,10,1,13,,8,8,1,22,9,121.5159138,25.02725591
111,3,11,9,30,2,05中正區,中正區重慶南路3段與和平西路1段口,0,0,1,2,C03,8,1,5,50,5,1,1,5,4,5,7,1,1,3,4,5,2,12,1,19,2,9,1,1,7,9,1,10,1,11,,44,8,1,22,9,121.5159138,25.02725591
111,3,11,9,32,2,11南港區,南港區南港路1段2巷27號,0,0,1,1,B03,8,1,5,30,14,7,1,5,4,5,6,4,4,5,4,5,2,17,1,27,3,10,1,4,7,5,1,8,1,4,,8,8,1,22,9,121.6200224,25.05547827
111,3,11,9,32,2,11南港區,南港區南港路1段2巷27號,0,0,1,2,C03,8,1,5,30,14,7,1,5,4,5,6,4,4,5,4,5,2,17,2,42,2,9,1,4,7,9,1,10,1,11,,23,8,1,22,9,121.6200224,25.05547827
111,3,11,9,35,2,01大同區,大同區延平北路3段與延平北路3段17巷口,0,0,1,1,C03,8,1,5,50,3,1,1,5,4,5,7,4,4,5,5,5,2,16,1,19,2,8,1,1,7,9,1,10,1,11,,4,4,1,22,9,121.5111885,25.0637726
111,3,11,9,35,2,01大同區,大同區延平北路3段與延平北路3段17巷口,0,0,1,2,B03,8,1,5,50,3,1,1,5,4,5,7,4,4,5,5,5,2,16,1,40,3,10,1,1,7,5,1,8,1,7,,8,4,1,22,9,121.5111885,25.0637726
111,3,11,9,52,2,03中山區,中山區中山北路2段176號,0,0,1,1,C03,8,1,5,50,14,9,1,5,4,5,7,1,1,4,3,5,1,13,1,20,2,9,1,4,7,9,1,10,1,11,,16,16,1,22,9,121.5223072,25.0636742
111,3,11,9,52,2,03中山區,中山區中山北路2段176號,0,0,1,2,C03,8,1,5,50,14,9,1,5,4,5,7,1,1,4,3,5,1,13,1,34,3,10,1,4,7,9,1,10,1,14,,44,16,1,22,9,121.5223072,25.0636742
111,3,11,10,10,2,10文山區,文山區木柵路5段22號旁,0,0,1,1,B12,8,1,5,30,14,9,1,5,4,5,7,4,4,10,5,5,2,8,4,,4,11,3,4,7,15,7,19,11,15,,43,43,2,22,9,121.5825957,25.00293466
111,3,11,10,10,2,10文山區,文山區木柵路5段22號旁,0,0,1,2,H01,8,1,5,30,14,9,1,5,4,5,7,4,4,10,5,5,2,8,2,66,2,6,4,1,8,17,8,20,10,16,,67,43,1,22,9,121.5825957,25.00293466
111,3,11,10,20,2,03中山區,中山區新生北路1段64號,0,0,3,1,C03,8,1,5,50,14,9,1,5,4,5,7,1,1,1,4,5,2,17,1,25,2,9,1,1,7,7,1,10,1,11,,23,23,1,22,9,121.5306958,25.04700256
111,3,11,10,20,2,03中山區,中山區新生北路1段64號,0,0,3,2,C03,8,1,5,50,14,9,1,5,4,5,7,1,1,1,4,5,2,17,2,24,2,9,1,1,7,14,1,10,1,13,,44,23,1,22,9,121.5306958,25.04700256
111,3,11,10,20,2,03中山區,中山區新生北路1段64號,0,0,3,3,H02,8,1,5,50,14,9,1,5,4,5,7,1,1,1,4,5,2,17,2,23,2,9,4,5,7,20,8,20,10,16,,67,23,1,22,9,121.5306958,25.04700256
111,3,11,10,24,2,05中正區,中正區重慶南路3段與和平西路1段口,0,0,1,1,C03,8,1,5,50,5,1,1,5,4,5,7,1,1,1,4,5,2,16,1,42,3,10,1,1,7,6,1,10,2,12,,9,9,1,22,9,121.5161695,25.02718814
111,3,11,10,24,2,05中正區,中正區重慶南路3段與和平西路1段口,0,0,1,2,C03,8,1,5,50,5,1,1,5,4,5,7,1,1,1,4,5,2,16,2,38,2,9,1,1,7,15,1,10,2,14,,44,9,1,22,9,121.5161695,25.02718814
111,3,11,10,28,2,03中山區,中山區松江路54號,0,0,1,1,B01,8,1,5,50,14,9,1,5,4,5,7,4,4,10,4,5,2,16,1,64,3,10,3,4,7,8,1,4,1,5,,7,7,1,22,9,121.5328851,25.04862002
111,3,11,10,28,2,03中山區,中山區松江路54號,0,0,1,2,C03,8,1,5,50,14,9,1,5,4,5,7,4,4,10,4,5,2,16,1,32,2,9,1,1,7,9,1,10,1,14,,44,7,1,22,9,121.5328851,25.04862002
111,3,11,10,30,2,08士林區,士林區中山北路7段191巷2號,0,0,1,1,B11,8,1,5,30,12,9,1,5,4,5,7,4,4,10,5,5,1,17,1,52,3,10,1,1,7,1,1,8,1,4,,19,19,1,22,9,121.5321728,25.12526593
111,3,11,10,30,2,08士林區,士林區中山北路7段191巷2號,0,0,1,2,C03,8,1,5,30,12,9,1,5,4,5,7,4,4,10,5,5,1,17,1,42,2,7,1,1,7,9,1,10,1,11,,13,19,1,22,9,121.5321728,25.12526593
111,3,11,10,30,2,08士林區,士林區中山北路7段191巷2號,0,0,1,3,B11,8,1,5,30,12,9,1,5,4,5,7,4,4,10,5,5,1,17,1,48,3,10,3,4,7,13,1,8,1,8,,44,19,1,22,9,121.5321728,25.12526593
111,3,11,10,30,2,10文山區,文山區興隆路4段115巷附近側附近,0,0,1,1,,8,1,5,30,14,9,1,5,4,5,7,4,4,10,5,5,2,17,4,,4,11,3,4,7,15,7,19,11,15,,43,43,2,22,9,121.5612167,24.98608922
111,3,11,10,30,2,10文山區,文山區興隆路4段115巷附近側附近,0,0,1,2,C03,8,1,5,30,14,9,1,5,4,5,7,4,4,10,5,5,2,17,1,35,2,8,1,1,7,9,1,10,9,15,,44,43,1,21,8,121.5612167,24.98608922
111,3,11,10,30,2,12內湖區,內湖區新明路161號前,0,0,2,1,B02,8,1,5,50,14,9,1,5,4,5,7,4,4,4,5,4,2,16,1,35,3,10,1,1,7,5,1,4,2,5,,26,26,1,22,9,121.5891581,25.05923554
111,3,11,10,30,2,12內湖區,內湖區新明路161號前,0,0,2,2,B03,8,1,5,50,14,9,1,5,4,5,7,4,4,4,5,4,2,16,1,28,2,9,1,1,7,9,1,8,2,1,,44,26,1,22,9,121.5891581,25.05923554
111,3,11,10,30,2,12內湖區,內湖區新明路161號前,0,0,2,3,H02,8,1,5,50,14,9,1,5,4,5,7,4,4,4,5,4,2,16,1,24,2,9,1,5,7,21,8,20,10,16,,67,26,1,22,9,121.5891581,25.05923554
111,3,11,10,30,2,12內湖區,內湖區新明路161號前,0,0,2,4,B03,8,1,5,50,14,9,1,5,4,5,7,4,4,4,5,4,2,16,1,46,3,10,1,1,7,2,1,8,11,15,,44,26,1,22,9,121.5891581,25.05923554
111,3,11,10,35,2,05中正區,中正區市民大道2段與金山北路口,0,0,1,1,C03,8,1,5,40,4,2,1,5,4,5,7,2,1,1,5,5,2,12,2,27,3,10,1,1,7,6,1,10,2,15,,9,9,1,5,1,121.5305001,25.04588527
111,3,11,10,35,2,05中正區,中正區市民大道2段與金山北路口,0,0,1,2,F01,8,1,5,40,4,2,1,5,4,5,7,2,1,1,5,5,2,12,1,64,2,7,1,1,7,11,8,20,2,16,,11,9,1,21,5,121.5305001,25.04588527
111,3,11,10,44,2,02萬華區,萬華區忠孝橋往台北市下橋處,0,0,4,1,C03,8,1,8,50,12,9,1,5,4,5,7,1,1,10,5,5,2,17,1,36,2,9,3,4,7,8,1,10,1,13,,7,7,1,22,9,121.5074446,25.04859355
111,3,11,10,44,2,02萬華區,萬華區忠孝橋往台北市下橋處,0,0,4,2,C04,8,1,8,50,12,9,1,5,4,5,7,1,1,10,5,5,2,17,2,22,2,8,3,4,7,9,1,10,1,11,,44,7,1,22,9,121.5074446,25.04859355
111,3,11,10,44,2,02萬華區,萬華區忠孝橋往台北市下橋處,0,0,4,3,C03,8,1,8,50,12,9,1,5,4,5,7,1,1,10,5,5,2,17,1,53,3,10,3,4,7,14,1,10,1,14,,44,7,1,22,9,121.5074446,25.04859355
111,3,11,10,44,2,02萬華區,萬華區忠孝橋往台北市下橋處,0,0,4,4,H02,8,1,8,50,12,9,1,5,4,5,7,1,1,10,5,5,2,17,2,32,2,5,4,5,7,21,8,20,10,16,,67,7,1,22,9,121.5074446,25.04859355
111,3,11,10,44,2,02萬華區,萬華區忠孝橋往台北市下橋處,0,0,4,5,H02,8,1,8,50,12,9,1,5,4,5,7,1,1,10,5,5,2,17,1,3,2,8,4,5,7,21,8,20,10,15,,67,7,1,22,9,121.5074446,25.04859355
111,3,11,10,50,2,10文山區,文山區辛亥路7段50號,0,0,1,1,C03,8,1,5,50,14,8,1,5,4,5,7,4,4,9,4,4,1,13,1,27,2,9,1,1,7,9,1,10,2,11,,23,23,1,22,9,121.55419,24.98476832
111,3,11,10,50,2,10文山區,文山區辛亥路7段50號,0,0,1,2,B03,8,1,5,50,14,8,1,5,4,5,7,4,4,9,4,4,1,13,1,36,3,10,1,1,7,13,1,8,1,7,,44,23,1,22,9,121.55419,24.98476832
111,3,11,11,20,2,03中山區,中山區民權東路2段與民權東路2段113巷口,0,0,1,2,C03,8,1,5,50,3,2,1,5,4,5,7,1,1,1,3,5,1,16,1,25,2,9,1,4,7,9,1,10,1,14,,43,43,1,22,9,121.534337,25.06256853
111,3,11,11,20,2,03中山區,中山區民權東路2段與民權東路2段113巷口,0,0,1,1,C03,8,1,5,50,3,2,1,5,4,5,7,1,1,1,3,5,1,16,1,47,4,11,3,4,7,15,7,19,11,15,,43,43,2,22,9,121.534337,25.06256853
111,3,11,11,56,2,03中山區,中山區建國北路2段226巷與民權東路2段159巷口,0,0,1,1,F01,8,1,5,30,4,1,1,5,4,5,7,4,4,10,5,5,2,17,2,57,2,8,1,1,7,5,8,20,1,16,,4,4,1,22,9,121.5361077,25.06099742
111,3,11,11,56,2,03中山區,中山區建國北路2段226巷與民權東路2段159巷口,0,0,1,2,B03,8,1,5,30,4,1,1,5,4,5,7,4,4,10,5,5,2,17,1,48,3,10,3,4,7,6,1,8,1,6,,44,4,1,22,9,121.5361077,25.06099742
111,3,11,12,4,2,12內湖區,內湖區舊宗路1段與新湖一路口,0,0,1,1,C03,8,1,5,50,14,9,1,5,4,5,7,2,1,1,4,5,2,13,1,23,2,9,1,1,7,9,1,10,1,11,,16,16,1,22,9,121.5791338,25.0603054
111,3,11,12,4,2,12內湖區,內湖區舊宗路1段與新湖一路口,0,0,1,2,B03,8,1,5,50,14,9,1,5,4,5,7,2,1,1,4,5,2,13,2,45,3,10,1,1,7,14,1,8,1,3,,44,16,1,22,9,121.5791338,25.0603054
111,3,11,12,18,2,10文山區,文山區下崙路與光輝路71巷口,0,0,1,1,B03,8,1,5,50,14,9,1,5,4,5,7,4,4,5,2,5,2,16,2,55,4,11,3,4,7,15,7,19,11,15,,40,40,2,22,9,121.5558667,24.98623826
111,3,11,12,18,2,10文山區,文山區下崙路與光輝路71巷口,0,0,1,2,F01,8,1,5,50,14,9,1,5,4,5,7,4,4,5,2,5,2,16,2,66,2,9,1,1,7,9,8,20,9,16,,44,40,1,22,9,121.5558667,24.98623826
111,3,11,12,20,2,04大安區,大安區仁愛路4段290號,0,0,1,1,B12,8,1,5,50,14,9,1,5,4,5,7,4,4,8,5,5,2,14,1,44,4,11,3,4,7,2,1,8,11,3,,12,12,2,22,9,121.5538193,25.03749953
111,3,11,12,20,2,04大安區,大安區仁愛路4段290號,0,0,1,2,C03,8,1,5,50,14,9,1,5,4,5,7,4,4,8,5,5,2,14,1,31,2,9,1,1,7,13,1,10,1,11,,44,12,1,22,9,121.5538193,25.03749953
111,3,11,12,26,2,09北投區,北投區承德路6段337號,0,0,1,1,C03,8,1,5,60,14,12,1,5,4,4,7,4,4,1,4,4,2,17,2,48,3,10,3,4,7,9,1,10,1,15,,43,43,1,22,9,121.5119949,25.10335895
111,3,11,12,26,2,09北投區,北投區承德路6段337號,0,0,1,2,C03,8,1,5,60,14,12,1,5,4,4,7,4,4,1,4,4,2,17,1,22,2,9,3,4,7,9,1,10,1,12,,43,43,1,22,9,121.5119949,25.10335895
111,3,11,12,27,2,09北投區,北投區承德路7段與立賢路口,0,0,3,1,C03,8,1,5,60,14,9,1,5,4,5,7,1,1,1,4,5,2,12,1,19,2,9,1,1,7,7,1,10,1,13,,7,7,1,22,9,121.5053902,25.11610362
111,3,11,12,27,2,09北投區,北投區承德路7段與立賢路口,0,0,3,2,C02,8,1,5,60,14,9,1,5,4,5,7,1,1,1,4,5,2,12,1,31,2,8,1,1,7,9,1,9,1,11,,44,7,1,22,9,121.5053902,25.11610362
111,3,11,12,27,2,09北投區,北投區承德路7段與立賢路口,0,0,3,3,H02,8,1,5,60,14,9,1,5,4,5,7,1,1,1,4,5,2,12,1,18,2,6,4,5,7,20,8,20,10,16,,67,7,1,22,9,121.5053902,25.11610362