發生年度,發生月,發生日,發生時-Hours,發生分,處理別-編號,區序,肇事地點,死亡人數,2-30日死亡人數,受傷人數,當事人序號,車種,天候,光線,道路類別,速限-速度限制,道路型態,事故位置,路面狀況1,路面狀況2,路面狀況3,道路障礙1,道路障礙2,號誌1,號誌2,車道劃分-分向,車道劃分-分道1,車道劃分-分道2,車道劃分-分道3,事故類型及型態,性別,年齡,受傷程度,主要傷處,安全帽,行動電話,車輛用途,當事者行動狀態,駕駛資格情形,駕駛執照種類,飲酒情形,車輛撞擊部位1,車輛撞擊部位2,肇因碼-個別,肇因碼-主要,個人肇逃否,職業,旅次目的,座標-X,座標-Y
111,3,11,12,57,2,10文山區,文山區辛亥路4段與興德路66巷口,0,0,1,1,B12,8,1,5,50,3,2,1,5,4,5,7,4,4,1,4,5,2,17,1,40,3,10,1,1,7,8,1,8,1,15,,7,7,1,22,9,121.5567895,25.00431616
111,3,11,12,57,2,10文山區,文山區辛亥路4段與興德路66巷口,0,0,1,2,C03,8,1,5,50,3,2,1,5,4,5,7,4,4,1,4,5,2,17,1,37,2,9,1,1,7,9,1,10,1,12,,42,7,1,22,9,121.5567895,25.00431616
111,3,11,13,0,2,08士林區,士林區至善路2段1巷,0,0,1,1,B03,8,1,5,50,11,9,1,5,4,5,7,4,4,5,5,5,1,17,1,37,3,10,1,1,7,6,1,8,1,8,,4,4,1,21,8,121.5432228,25.09746276
111,3,11,13,0,2,08士林區,士林區至善路2段1巷,0,0,1,2,C03,8,1,5,50,11,9,1,5,4,5,7,4,4,5,5,5,1,17,1,60,2,9,1,1,7,5,1,10,1,11,,4,4,1,21,8,121.5432228,25.09746276
111,3,11,13,27,2,06松山區,松山區八德路2段12巷52弄與敦化南路1段口,0,0,1,1,B12,8,1,5,50,14,8,1,5,4,5,7,2,1,9,4,4,2,13,1,47,3,10,1,1,7,9,1,8,1,8,,16,16,1,22,9,121.5491382,25.04618037
111,3,11,13,27,2,06松山區,松山區八德路2段12巷52弄與敦化南路1段口,0,0,1,2,C03,8,1,5,50,14,8,1,5,4,5,7,2,1,9,4,4,2,13,2,51,2,9,1,1,7,14,1,10,1,15,,44,16,1,22,9,121.5491382,25.04618037
111,3,11,13,31,2,07信義區,信義區虎林街120巷與永吉路180巷口,0,0,1,1,C03,8,1,5,30,4,1,1,5,4,5,7,4,4,10,5,5,1,15,2,25,2,9,1,1,7,9,1,10,1,11,,6,6,1,22,9,121.5714064,25.0422515
111,3,11,13,31,2,07信義區,信義區虎林街120巷與永吉路180巷口,0,0,1,2,B03,8,1,5,30,4,1,1,5,4,5,7,4,4,10,5,5,1,15,1,56,3,10,1,1,7,9,1,8,1,4,,13,6,1,22,9,121.5714064,25.0422515
111,3,11,14,8,2,05中正區,中正區延平南路與衡陽路口,0,0,1,1,B03,8,1,5,50,4,2,1,5,4,5,7,2,1,10,4,5,2,2,1,68,3,10,3,1,7,5,1,8,2,4,,15,15,1,21,3,121.5096138,25.04208587
111,3,11,14,8,2,05中正區,中正區延平南路與衡陽路口,0,0,1,2,H01,8,1,5,50,4,2,1,5,4,5,7,2,1,10,4,5,2,2,2,75,2,9,4,5,8,16,8,20,10,16,,67,15,1,19,5,121.5096138,25.04208587
111,3,11,14,12,2,09北投區,北投區豐年路2段106號,0,0,1,1,B03,8,1,5,30,14,9,1,5,4,5,7,4,4,9,4,5,1,11,1,62,3,10,1,1,7,13,1,8,1,4,,40,40,1,22,9,121.4947733,25.13629221
111,3,11,14,12,2,09北投區,北投區豐年路2段106號,0,0,1,2,C04,8,1,5,30,14,9,1,5,4,5,7,4,4,9,4,5,1,11,1,49,2,9,1,1,7,9,1,10,1,12,,44,40,1,22,9,121.4947733,25.13629221
111,3,11,14,15,2,05中正區,中正區市民大道1段168號,0,0,2,1,C03,8,1,5,40,11,6,1,5,4,5,7,4,4,1,4,5,2,13,1,21,2,9,1,1,7,9,1,10,2,11,,16,16,1,22,9,121.5185791,25.04833692
111,3,11,14,15,2,05中正區,中正區市民大道1段168號,0,0,2,2,C03,8,1,5,40,11,6,1,5,4,5,7,4,4,1,4,5,2,13,1,18,2,9,1,1,7,5,1,10,2,13,,8,16,1,22,9,121.5185791,25.04833692
111,3,11,14,15,2,05中正區,中正區博愛路與貴陽街1段口,0,0,1,1,B03,8,1,5,50,4,1,1,5,4,5,7,2,1,5,4,5,2,11,1,42,3,10,1,1,7,5,1,8,2,1,,6,6,1,22,9,121.5111372,25.03892833
111,3,11,14,15,2,05中正區,中正區博愛路與貴陽街1段口,0,0,1,2,C03,8,1,5,50,4,1,1,5,4,5,7,2,1,5,4,5,2,11,1,46,2,7,1,1,7,9,1,10,2,11,,23,6,1,22,9,121.5111372,25.03892833
111,3,11,14,15,2,05中正區,中正區羅斯福路1段98號,0,0,2,1,B01,8,1,5,50,14,9,1,5,4,5,7,4,4,1,4,5,1,17,4,,4,11,3,4,7,15,7,19,11,15,,43,43,2,22,9,121.52017,25.03003217
111,3,11,14,15,2,05中正區,中正區羅斯福路1段98號,0,0,2,2,C03,8,1,5,50,14,9,1,5,4,5,7,4,4,1,4,5,1,17,1,39,2,7,1,1,7,9,6,10,2,14,,44,43,1,22,9,121.52017,25.03003217
111,3,11,14,15,2,05中正區,中正區羅斯福路1段98號,0,0,2,3,H02,8,1,5,50,14,9,1,5,4,5,7,4,4,1,4,5,1,17,2,37,3,10,1,5,7,20,8,20,10,16,,67,43,1,22,9,121.52017,25.03003217
111,3,11,14,15,2,05中正區,中正區羅斯福路1段98號,0,0,2,4,H02,8,1,5,50,14,9,1,5,4,5,7,4,4,1,4,5,1,17,2,38,2,8,1,5,7,17,8,20,10,16,,67,43,1,22,9,121.52017,25.03003217
111,3,11,14,15,2,10文山區,文山區羅斯福路5段33號,0,0,1,1,B01,8,1,5,50,14,9,1,5,4,5,7,4,4,1,4,5,2,12,1,40,3,10,1,1,7,1,1,4,11,4,,19,19,1,22,9,121.5386926,25.00747875
111,3,11,14,15,2,10文山區,文山區羅斯福路5段33號,0,0,1,2,C03,8,1,5,50,14,9,1,5,4,5,7,4,4,1,4,5,2,12,1,18,2,9,1,1,7,9,1,10,2,11,,23,19,1,22,9,121.5386926,25.00747875
111,3,11,14,20,2,12內湖區,內湖區康寧路3段245巷PD47A柱,0,0,1,1,C03,8,1,5,50,14,9,1,5,4,5,7,4,4,10,5,5,2,17,2,20,2,3,1,1,7,9,1,10,1,12,,23,23,1,22,9,121.6133341,25.06640589
111,3,11,14,20,2,12內湖區,內湖區康寧路3段245巷PD47A柱,0,0,1,2,B03,8,1,5,50,14,9,1,5,4,5,7,4,4,10,5,5,2,17,2,62,3,10,1,1,7,7,1,8,1,4,,7,23,1,22,9,121.6133341,25.06640589
111,3,11,14,38,2,12內湖區,內湖區東湖路113巷37號,0,0,1,1,C03,8,1,5,30,15,9,1,5,4,5,7,4,4,9,2,5,1,13,2,39,2,9,1,1,7,9,1,10,1,11,,16,16,1,22,9,121.6158848,25.06996937
111,3,11,14,38,2,12內湖區,內湖區東湖路113巷37號,0,0,1,2,B03,8,1,5,30,15,9,1,5,4,5,7,4,4,9,2,5,1,13,2,45,3,10,1,1,7,9,1,4,1,3,,44,16,1,22,9,121.6158848,25.06996937
111,3,11,14,43,2,03中山區,中山區北安路與大直街口,0,0,1,1,B02,8,1,5,50,5,1,1,5,4,5,7,1,1,10,4,5,2,12,1,28,3,10,1,4,7,10,1,8,2,5,,7,7,1,22,9,121.5473457,25.07992981
111,3,11,14,43,2,03中山區,中山區北安路與大直街口,0,0,1,2,C03,8,1,5,50,5,1,1,5,4,5,7,1,1,10,4,5,2,12,1,25,2,9,1,4,7,15,1,10,2,14,,44,7,1,22,9,121.5473457,25.07992981
111,3,11,14,45,2,08士林區,士林區格致路與建業路口,0,0,1,1,B12,8,1,5,40,4,1,1,5,4,5,7,1,1,4,5,5,1,16,1,52,3,10,1,1,7,6,1,6,1,2,,43,43,1,22,9,121.5460837,25.13566339
111,3,11,14,45,2,08士林區,士林區格致路與建業路口,0,0,1,2,C03,8,1,5,40,4,1,1,5,4,5,7,1,1,4,5,5,1,16,1,62,2,8,1,1,7,9,1,10,1,14,,43,43,1,22,9,121.5460837,25.13566339
111,3,11,14,55,2,03中山區,中山區建國高架道往北，089號伸縮縫處,0,0,1,1,B03,8,1,5,70,10,9,1,5,4,5,7,4,4,1,4,5,2,13,1,43,3,10,3,4,7,9,1,8,1,1,,23,23,1,22,9,121.5368892,25.05507853
111,3,11,14,55,2,03中山區,中山區建國高架道往北，089號伸縮縫處,0,0,1,2,B03,8,1,5,70,10,9,1,5,4,5,7,4,4,1,4,5,2,13,1,19,2,9,3,4,7,14,1,8,1,3,,44,23,1,22,9,121.5368892,25.05507853
111,3,11,15,10,2,07信義區,信義區基隆路1段147巷與忠孝東路5段71巷口,0,0,1,1,C03,8,1,5,30,4,1,1,5,4,5,7,4,4,10,5,5,1,17,2,43,2,9,3,4,7,14,1,10,2,12,,6,6,1,22,9,121.566146,25.04275801
111,3,11,15,10,2,07信義區,信義區基隆路1段147巷與忠孝東路5段71巷口,0,0,1,2,C03,8,1,5,30,4,1,1,5,4,5,7,4,4,10,5,5,1,17,1,60,3,10,3,4,7,9,1,10,2,11,,23,6,1,22,9,121.566146,25.04275801
111,3,11,15,15,2,10文山區,文山區木柵路1段139號與試院路口前,0,0,1,1,B01,8,1,5,50,14,9,1,5,4,5,7,2,1,5,4,5,2,9,1,52,3,10,1,1,7,12,1,4,9,15,,43,43,1,22,9,121.5503797,24.9875219
111,3,11,15,15,2,10文山區,文山區木柵路1段139號與試院路口前,0,0,1,2,H02,8,1,5,50,14,9,1,5,4,5,7,2,1,5,4,5,2,9,2,64,2,1,4,5,7,20,8,20,10,16,,67,43,1,22,9,121.5503797,24.9875219
111,3,11,15,35,2,04大安區,大安區通化街19巷與文昌街250巷口,0,0,2,1,B03,8,1,5,30,4,2,1,5,4,5,7,4,4,10,5,5,1,17,2,49,3,10,1,1,7,6,1,8,1,8,,6,6,1,21,7,121.55573,25.03158995
111,3,11,15,35,2,04大安區,大安區通化街19巷與文昌街250巷口,0,0,2,2,C03,8,1,5,30,4,2,1,5,4,5,7,4,4,10,5,5,1,17,1,21,2,8,1,1,7,9,1,10,1,12,,14,6,1,21,5,121.55573,25.03158995
111,3,11,15,35,2,04大安區,大安區通化街19巷與文昌街250巷口,0,0,2,3,H02,8,1,5,30,4,2,1,5,4,5,7,4,4,10,5,5,1,17,2,21,2,7,1,1,7,20,8,20,10,16,,67,6,1,21,5,121.55573,25.03158995
111,3,11,15,42,2,01大同區,大同區長安西路與華亭街口,0,0,1,1,C03,8,1,5,50,4,2,1,5,4,5,7,2,1,5,5,5,2,17,1,71,3,10,1,1,7,6,1,10,1,15,,26,26,1,22,9,121.5132845,25.05171553
111,3,11,15,42,2,01大同區,大同區長安西路與華亭街口,0,0,1,2,C03,8,1,5,50,4,2,1,5,4,5,7,2,1,5,5,5,2,17,2,31,2,9,1,1,7,9,1,10,1,14,,13,26,1,22,9,121.5132845,25.05171553
111,3,11,15,52,2,07信義區,信義區永吉路200巷21弄與永吉路200巷口,0,0,2,1,C03,8,1,5,30,4,1,1,5,4,5,7,4,4,10,5,5,2,16,1,27,2,7,1,1,7,9,1,10,1,14,,6,6,1,22,9,121.5726839,25.0446275
111,3,11,15,52,2,07信義區,信義區永吉路200巷21弄與永吉路200巷口,0,0,2,2,C03,8,1,5,30,4,1,1,5,4,5,7,4,4,10,5,5,2,16,1,41,2,9,1,1,7,9,1,10,1,11,,44,6,1,22,9,121.5726839,25.0446275
111,3,11,15,52,2,07信義區,信義區永吉路200巷21弄與永吉路200巷口,0,0,2,3,B02,8,1,5,30,4,1,1,5,4,5,7,4,4,10,5,5,2,16,2,56,3,10,3,4,7,13,7,19,11,15,,38,6,1,22,9,121.5726839,25.0446275
111,3,11,15,57,2,12內湖區,內湖區民權東路6段99號,0,0,1,1,C03,8,1,5,50,14,9,1,5,4,5,7,4,4,1,4,5,2,12,1,60,2,9,1,1,7,9,1,10,2,11,,23,23,1,22,9,121.5893915,25.06909777
111,3,11,15,57,2,12內湖區,內湖區民權東路6段99號,0,0,1,2,B03,8,1,5,50,14,9,1,5,4,5,7,4,4,1,4,5,2,12,2,54,3,10,1,1,7,6,1,8,2,5,,9,23,1,22,9,121.5893915,25.06909777
111,3,11,16,33,2,04大安區,大安區仁愛路3段與復興南路1段口,0,0,1,1,B01,8,1,5,50,4,3,1,5,4,5,7,2,1,1,4,5,2,13,1,33,3,10,1,4,7,6,1,4,1,8,,23,23,1,22,9,121.543558,25.03819987
111,3,11,16,33,2,04大安區,大安區仁愛路3段與復興南路1段口,0,0,1,2,C03,8,1,5,50,4,3,1,5,4,5,7,2,1,1,4,5,2,13,2,28,2,8,1,4,7,12,1,10,1,13,,44,23,1,22,9,121.543558,25.03819987
111,3,11,17,10,2,09北投區,北投區承德路6段329號,0,0,1,1,C03,8,1,5,60,14,12,1,5,4,5,7,4,4,1,4,4,1,13,1,52,2,9,1,1,7,9,1,10,1,11,,42,42,1,22,9,121.5120929,25.10232775
111,3,11,17,10,2,09北投區,北投區承德路6段329號,0,0,1,2,C03,8,1,5,60,14,12,1,5,4,5,7,4,4,1,4,4,1,13,2,36,3,10,1,1,7,9,1,10,1,13,,44,42,1,22,9,121.5120929,25.10232775
111,3,11,17,10,2,09北投區,北投區石牌路1段39巷與實踐街口,0,0,1,1,B12,8,1,5,50,3,1,1,5,4,5,7,4,4,1,5,5,2,3,1,60,3,10,1,1,7,5,1,8,11,15,,15,15,1,22,9,121.5097136,25.11522985
111,3,11,17,10,2,09北投區,北投區石牌路1段39巷與實踐街口,0,0,1,2,H01,8,1,5,50,3,1,1,5,4,5,7,4,4,1,5,5,2,3,2,70,2,9,4,5,8,16,8,20,10,16,,52,15,1,22,9,121.5097136,25.11522985
111,3,11,17,23,2,08士林區,士林區芝玉路2段與芝玉路2段20巷口,0,0,1,1,C03,8,1,5,30,4,1,1,5,4,5,7,4,4,10,5,5,2,15,1,33,3,10,1,1,7,9,1,10,1,11,,6,6,1,22,9,121.5343954,25.11040371
111,3,11,17,23,2,08士林區,士林區芝玉路2段與芝玉路2段20巷口,0,0,1,2,F03,8,1,5,30,4,1,1,5,4,5,7,4,4,10,5,5,2,15,2,40,3,10,1,1,7,9,8,20,1,16,,14,6,1,22,9,121.5343954,25.11040371
111,3,11,17,23,2,08士林區,士林區芝玉路2段與芝玉路2段20巷口,0,0,1,3,H02,8,1,5,30,4,1,1,5,4,5,7,4,4,10,5,5,2,15,1,7,2,7,4,5,7,21,8,20,10,16,,67,6,1,22,9,121.5343954,25.11040371
111,3,11,17,42,2,04大安區,大安區忠孝東路3段248巷與仁愛路3段123巷26弄口,0,0,1,1,B03,8,1,5,30,3,2,1,5,4,5,7,4,4,10,5,5,1,12,1,27,3,10,1,1,7,5,1,8,1,8,,8,8,1,5,1,121.5412736,25.039051
111,3,11,17,42,2,04大安區,大安區忠孝東路3段248巷與仁愛路3段123巷26弄口,0,0,1,2,C03,8,1,5,30,3,2,1,5,4,5,7,4,4,10,5,5,1,12,1,55,2,7,1,1,7,9,1,10,1,12,,13,8,1,5,1,121.5412736,25.039051
111,3,11,17,43,2,09北投區,北投區文林北路152號對面,0,0,1,1,C03,8,1,5,50,14,7,1,5,4,5,7,4,4,1,4,4,2,18,2,24,2,9,1,1,7,9,1,10,1,12,,43,43,1,22,9,121.5159763,25.10645728
111,3,11,17,43,2,09北投區,北投區文林北路152號對面,0,0,1,2,,8,1,5,50,14,7,1,5,4,5,7,4,4,1,4,4,2,18,3,,,,,,,,,,,,,67,43,1,,,121.5159763,25.10645728
111,3,11,17,53,2,02萬華區,萬華區西寧南路與長沙街2段口,0,0,1,1,C03,8,3,5,50,4,1,1,5,4,5,7,2,1,10,4,5,2,16,1,18,3,10,1,1,7,5,1,10,1,14,,8,8,1,18,9,121.5060516,25.04079161
111,3,11,17,53,2,02萬華區,萬華區西寧南路與長沙街2段口,0,0,1,2,C03,8,3,5,50,4,1,1,5,4,5,7,2,1,10,4,5,2,16,1,68,2,9,1,1,7,9,1,10,1,11,,44,8,1,21,9,121.5060516,25.04079161
111,3,11,18,21,2,11南港區,南港區福德街(成福路211巷4號),0,0,1,1,B03,8,3,5,30,15,9,1,5,4,5,6,4,4,5,4,5,2,17,1,42,3,10,1,4,7,6,1,8,1,2,,9,9,1,22,9,121.5894876,25.03989306
111,3,11,18,21,2,11南港區,南港區福德街(成福路211巷4號),0,0,1,2,C03,8,3,5,30,15,9,1,5,4,5,6,4,4,5,4,5,2,17,1,34,2,9,1,4,7,9,1,10,1,11,,2,9,1,22,9,121.5894876,25.03989306
111,3,11,18,26,2,05中正區,中正區北平東路與林森北路口,0,0,1,1,C03,8,3,5,50,14,8,1,5,4,3,7,4,4,9,5,4,1,13,1,65,3,10,1,1,7,1,1,10,2,15,,19,19,1,21,5,121.5237478,25.04607474
111,3,11,18,26,2,05中正區,中正區北平東路與林森北路口,0,0,1,2,B03,8,3,5,50,14,8,1,5,4,3,7,4,4,9,5,4,1,13,2,53,3,10,1,1,7,14,1,8,2,7,,44,19,1,21,5,121.5237478,25.04607474
111,3,11,18,26,2,05中正區,中正區北平東路與林森北路口,0,0,1,3,C03,8,3,5,50,14,8,1,5,4,3,7,4,4,9,5,4,1,13,2,26,2,8,1,1,7,9,1,10,2,11,,23,19,1,21,1,121.5237478,25.04607474
111,3,11,18,26,2,05中正區,中正區北平東路與林森北路口,0,0,1,4,A12,8,3,5,50,14,8,1,5,4,3,7,4,4,9,5,4,1,13,1,47,3,10,1,1,7,14,1,3,9,15,,44,19,2,21,1,121.5237478,25.04607474
111,3,11,18,29,2,10文山區,文山區興隆路3段112巷2弄27號,0,0,1,1,C03,7,3,5,30,14,9,1,5,4,5,7,4,4,10,5,5,2,17,1,53,3,10,1,1,7,11,1,10,1,15,,10,10,1,22,9,121.556183,24.9993874
111,3,11,18,29,2,10文山區,文山區興隆路3段112巷2弄27號,0,0,1,2,C03,7,3,5,30,14,9,1,5,4,5,7,4,4,10,5,5,2,17,1,44,2,7,1,1,7,9,1,10,1,12,,42,10,1,22,9,121.556183,24.9993874
111,3,11,18,30,2,06松山區,松山區民權東路5段與三民路口,0,0,1,1,C03,8,1,5,50,3,2,1,5,4,5,7,1,1,8,3,4,1,16,1,23,2,9,3,1,7,9,1,10,1,12,,17,17,1,22,9,121.5632346,25.06291754
111,3,11,18,30,2,06松山區,松山區民權東路5段與三民路口,0,0,1,2,B03,8,1,5,50,3,2,1,5,4,5,7,1,1,8,3,4,1,16,2,60,3,10,3,1,7,9,1,8,1,5,,17,17,1,22,9,121.5632346,25.06291754
111,3,11,18,35,2,03中山區,中山區吉林路與新生北路3段3巷口,0,0,1,1,B03,8,3,5,40,4,1,1,5,4,5,7,4,4,9,4,4,2,17,1,45,3,10,1,1,7,7,1,8,1,4,,7,7,1,22,9,121.5302903,25.0631334
111,3,11,18,35,2,03中山區,中山區吉林路與新生北路3段3巷口,0,0,1,2,C03,8,3,5,40,4,1,1,5,4,5,7,4,4,9,4,4,2,17,1,51,2,9,1,1,7,9,1,10,1,14,,44,7,1,22,9,121.5302903,25.0631334
111,3,11,18,45,2,10文山區,文山區萬壽路與指南路2段197巷口,0,0,2,1,B03,8,3,5,30,3,1,1,5,4,5,7,3,1,9,5,5,2,16,1,60,3,10,1,1,7,5,1,8,11,4,,6,6,1,22,9,121.577621,24.9887791
111,3,11,18,45,2,10文山區,文山區萬壽路與指南路2段197巷口,0,0,2,2,C03,8,3,5,30,3,1,1,5,4,5,7,3,1,9,5,5,2,16,1,42,2,7,1,1,7,9,1,10,1,11,,44,6,1,22,9,121.577621,24.9887791
111,3,11,18,45,2,10文山區,文山區萬壽路與指南路2段197巷口,0,0,2,3,H02,8,3,5,30,3,1,1,5,4,5,7,3,1,9,5,5,2,16,1,9,2,9,1,1,7,21,8,20,10,16,,67,6,1,22,9,121.577621,24.9887791
111,3,11,18,45,2,07信義區,信義區和平東路3段697-12號,0,0,1,1,C03,8,3,5,40,14,9,1,5,4,5,7,4,4,9,4,5,1,17,2,24,2,7,3,4,7,9,1,10,1,14,,23,23,1,22,9,121.5651499,25.01004913
111,3,11,18,45,2,07信義區,信義區和平東路3段697-12號,0,0,1,2,B01,8,3,5,40,14,9,1,5,4,5,7,4,4,9,4,5,1,17,1,63,3,10,3,4,7,9,1,2,1,2,,44,23,1,22,9,121.5651499,25.01004913
111,3,11,18,52,2,07信義區,信義區嘉興街219-3號與嘉興街口,0,0,2,1,C03,8,3,5,30,3,2,1,5,4,5,7,4,4,9,4,5,2,11,1,53,2,9,3,4,7,5,1,10,1,12,,6,6,1,22,9,121.556151,25.025627
111,3,11,18,52,2,07信義區,信義區嘉興街219-3號與嘉興街口,0,0,2,2,C03,8,3,5,30,3,2,1,5,4,5,7,4,4,9,4,5,2,11,1,25,2,7,3,4,7,9,1,10,1,11,,44,6,1,22,9,121.556151,25.025627
111,3,11,18,52,2,07信義區,信義區嘉興街219-3號與嘉興街口,0,0,2,3,C03,8,3,5,30,3,2,1,5,4,5,7,4,4,9,4,5,2,11,1,32,3,10,3,4,7,13,1,10,1,12,,38,6,1,22,9,121.556151,25.025627
111,3,11,19,13,2,04大安區,大安區忠孝東路4段230號,0,0,1,1,C03,7,3,5,50,14,9,1,5,4,5,7,4,4,8,3,5,2,29,2,32,2,9,1,1,7,9,1,10,1,14,,22,22,1,22,9,121.553862,25.04131873
111,3,11,19,13,2,04大安區,大安區忠孝東路4段230號,0,0,1,2,,7,3,5,50,14,9,1,5,4,5,7,4,4,8,3,5,2,29,3,,,,,,,,,,,,,67,22,1,,,121.553862,25.04131873
111,3,11,19,52,2,07信義區,信義區崇德街29號,0,0,2,1,C03,8,3,5,50,14,18,1,5,4,5,7,4,4,9,4,5,1,3,1,61,2,8,3,4,7,9,1,10,1,11,,15,15,1,22,9,121.5538863,25.02432338
111,3,11,19,52,2,07信義區,信義區崇德街29號,0,0,2,2,H01,8,3,5,50,14,18,1,5,4,5,7,4,4,9,4,5,1,3,1,51,2,1,4,5,8,18,8,20,10,16,,67,15,1,22,9,121.5538863,25.02432338
111,3,11,19,57,2,01大同區,大同區長安西路與重慶北路1段口,0,0,2,1,B03,7,3,5,50,4,1,1,5,4,5,7,1,1,1,4,5,2,11,1,67,3,10,3,4,7,5,1,8,2,1,,8,8,1,22,9,121.5138349,25.05161957
111,3,11,19,57,2,01大同區,大同區長安西路與重慶北路1段口,0,0,2,2,C03,7,3,5,50,4,1,1,5,4,5,7,1,1,1,4,5,2,11,1,17,2,9,3,4,7,9,2,18,2,11,,13,8,1,22,9,121.5138349,25.05161957
111,3,11,19,57,2,01大同區,大同區長安西路與重慶北路1段口,0,0,2,3,H02,7,3,5,50,4,1,1,5,4,5,7,1,1,1,4,5,2,11,2,17,2,9,3,5,7,21,8,20,10,15,,67,8,1,22,9,121.5138349,25.05161957
111,3,11,20,7,2,01大同區,大同區大稻埕堤外便道延平宮旁,0,0,3,1,C03,8,3,5,40,14,9,1,5,4,5,7,3,1,10,5,5,2,16,1,20,2,9,3,4,7,5,1,10,1,14,,8,8,1,22,9,121.5072359,25.05372693
111,3,11,20,7,2,01大同區,大同區大稻埕堤外便道延平宮旁,0,0,3,2,C03,8,3,5,40,14,9,1,5,4,5,7,3,1,10,5,5,2,16,1,31,2,9,3,4,7,9,1,10,1,11,,44,8,1,22,9,121.5072359,25.05372693
111,3,11,20,7,2,01大同區,大同區大稻埕堤外便道延平宮旁,0,0,3,3,H02,8,3,5,40,14,9,1,5,4,5,7,3,1,10,5,5,2,16,2,18,2,8,3,4,7,20,8,20,10,16,,67,8,1,22,9,121.5072359,25.05372693
111,3,11,20,24,2,01大同區,大同區南京西路18巷6弄8號,0,0,1,1,B03,7,3,5,30,14,9,1,5,4,5,7,4,4,10,5,5,2,9,1,79,3,10,1,1,7,9,1,8,2,5,,23,23,1,22,9,121.5197135,25.05203448
111,3,11,20,24,2,01大同區,大同區南京西路18巷6弄8號,0,0,1,2,H01,7,3,5,30,14,9,1,5,4,5,7,4,4,10,5,5,2,9,1,25,2,8,4,5,8,17,8,20,10,15,,60,23,1,22,9,121.5197135,25.05203448
111,3,11,20,30,2,01大同區,大同區延平北路4段187號,0,0,1,1,C03,8,3,5,50,14,9,1,5,4,5,7,1,1,5,4,5,2,13,1,62,3,10,1,1,7,6,1,10,1,13,,6,6,1,22,9,121.5114855,25.07385809
111,3,11,20,30,2,01大同區,大同區延平北路4段187號,0,0,1,2,C03,8,3,5,50,14,9,1,5,4,5,7,1,1,5,4,5,2,13,1,35,3,10,1,2,7,9,1,10,1,11,13,14,6,1,22,9,121.5114855,25.07385809
111,3,11,20,30,2,01大同區,大同區延平北路4段187號,0,0,1,3,C03,8,3,5,50,14,9,1,5,4,5,7,1,1,5,4,5,2,13,1,28,2,8,1,2,7,9,1,9,1,11,,14,6,1,22,9,121.5114855,25.07385809
111,3,11,20,39,2,09北投區,北投區石牌路2段201號,0,0,1,1,C03,8,3,5,50,14,9,1,5,4,5,7,2,1,5,4,5,2,13,1,21,3,10,3,4,7,9,1,10,1,11,,23,23,1,22,9,121.5202068,25.11867845
111,3,11,20,39,2,09北投區,北投區石牌路2段201號,0,0,1,2,C03,8,3,5,50,14,9,1,5,4,5,7,2,1,5,4,5,2,13,1,33,2,8,3,4,7,14,1,10,1,13,,44,23,1,22,9,121.5202068,25.11867845
111,3,11,20,40,2,06松山區,松山區南京東路5段252號,0,0,1,1,B01,8,1,5,50,14,9,1,5,4,5,7,1,1,1,4,5,2,13,1,61,3,10,1,1,7,8,1,4,1,15,,7,7,1,22,9,121.566209,25.0512776
111,3,11,20,40,2,06松山區,松山區南京東路5段252號,0,0,1,2,C03,8,1,5,50,14,9,1,5,4,5,7,1,1,1,4,5,2,13,2,21,2,9,1,1,7,9,1,10,1,11,,44,7,1,22,9,121.566209,25.0512776
111,3,11,20,40,2,06松山區,松山區南京東路5段252號,0,0,1,3,B12,8,1,5,50,14,9,1,5,4,5,7,1,1,1,4,5,2,13,1,29,3,10,1,1,7,13,6,8,9,3,,38,7,1,22,9,121.566209,25.0512776
111,3,11,20,40,2,10文山區,文山區木柵路5段(075號路燈),0,0,1,1,C03,8,3,5,50,11,9,1,5,4,5,7,4,4,1,4,5,2,18,2,19,2,9,1,1,7,9,1,10,1,12,,42,42,1,22,9,121.5937014,24.9980717
111,3,11,20,40,2,10文山區,文山區木柵路5段(075號路燈),0,0,1,2,,8,3,5,50,11,9,1,5,4,5,7,4,4,1,4,5,2,18,3,,,,,,,,,,,,,67,42,1,,,121.5937014,24.9980717
111,3,11,21,32,2,08士林區,士林區福林路與自祥街口,0,0,1,1,C03,8,1,5,50,3,2,1,5,4,5,7,2,1,4,5,5,1,17,1,20,2,9,1,1,7,9,1,10,1,11,,23,23,1,22,9,121.5328905,25.09696043
111,3,11,21,32,2,08士林區,士林區福林路與自祥街口,0,0,1,2,C03,8,1,5,50,3,2,1,5,4,5,7,2,1,4,5,5,1,17,2,22,3,10,1,1,7,15,1,10,1,13,,23,23,1,22,9,121.5328905,25.09696043
111,3,11,21,46,2,05中正區,中正區中華路1段與開封街1段口口,0,0,1,1,B03,8,3,5,50,4,2,1,5,4,5,7,2,1,9,4,5,1,16,1,44,3,10,1,1,7,6,1,8,1,5,,9,9,1,21,5,121.5095955,25.0459786
111,3,11,21,46,2,05中正區,中正區中華路1段與開封街1段口口,0,0,1,2,C03,8,3,5,50,4,2,1,5,4,5,7,2,1,9,4,5,1,16,2,45,2,9,1,1,7,9,1,10,1,13,,23,9,1,21,1,121.5095955,25.0459786