發生年度,發生月,發生日,發生時-Hours,發生分,處理別-編號,區序,肇事地點,死亡人數,2-30日死亡人數,受傷人數,當事人序號,車種,天候,光線,道路類別,速限-速度限制,道路型態,事故位置,路面狀況1,路面狀況2,路面狀況3,道路障礙1,道路障礙2,號誌1,號誌2,車道劃分-分向,車道劃分-分道1,車道劃分-分道2,車道劃分-分道3,事故類型及型態,性別,年齡,受傷程度,主要傷處,安全帽,行動電話,車輛用途,當事者行動狀態,駕駛資格情形,駕駛執照種類,飲酒情形,車輛撞擊部位1,車輛撞擊部位2,肇因碼-個別,肇因碼-主要,個人肇逃否,職業,旅次目的,座標-X,座標-Y
111,3,11,22,0,2,07信義區,信義區松仁路與松壽路口,0,0,1,2,C03,8,3,5,50,3,2,1,5,4,5,7,1,1,5,4,5,2,12,2,25,2,8,3,4,7,9,1,10,1,12,,26,10,1,22,9,121.5680753,25.03583551
111,3,11,22,0,2,07信義區,信義區松仁路與松壽路口,0,0,1,1,B01,8,3,5,50,3,2,1,5,4,5,7,1,1,5,4,5,2,12,1,59,3,10,3,4,7,11,1,4,1,4,,10,10,1,22,9,121.5680753,25.03583551
111,3,11,22,10,2,10文山區,文山區羅斯福路6段與羅斯福路6段469巷口(北新橋下橋處),0,0,1,1,B03,8,3,5,30,5,1,1,5,4,5,7,1,1,1,4,5,2,12,1,32,3,10,1,1,7,9,1,8,1,4,,43,43,1,22,9,121.539771,24.98995732
111,3,11,22,10,2,10文山區,文山區羅斯福路6段與羅斯福路6段469巷口(北新橋下橋處),0,0,1,2,C03,8,3,5,30,5,1,1,5,4,5,7,1,1,1,4,5,2,12,1,41,2,9,1,1,7,9,1,10,1,12,,43,43,1,22,9,121.539771,24.98995732
111,3,11,22,48,2,07信義區,信義區忠孝東路5段451號,0,0,2,1,B01,7,3,5,50,14,9,1,5,4,5,7,4,4,1,4,5,1,16,1,55,3,10,3,4,7,7,1,1,1,4,,7,7,1,22,9,121.5762338,25.04094553
111,3,11,22,48,2,07信義區,信義區忠孝東路5段451號,0,0,2,2,C03,7,3,5,50,14,9,1,5,4,5,7,4,4,1,4,5,1,16,1,28,2,9,3,4,7,9,1,10,1,12,,13,7,1,22,9,121.5762338,25.04094553
111,3,11,22,48,2,07信義區,信義區忠孝東路5段451號,0,0,2,3,C03,7,3,5,50,14,9,1,5,4,5,7,4,4,1,4,5,1,16,2,29,2,9,3,4,7,9,1,10,1,11,,44,7,1,22,9,121.5762338,25.04094553
111,3,11,23,3,2,02萬華區,萬華區康定路與艋舺大道口,0,0,1,1,B02,8,3,5,50,4,1,1,5,4,5,7,2,1,1,3,5,1,11,1,37,3,10,1,1,7,5,1,8,2,2,,6,6,1,22,9,121.5005203,25.0330439
111,3,11,23,3,2,02萬華區,萬華區康定路與艋舺大道口,0,0,1,2,C03,8,3,5,50,4,1,1,5,4,5,7,2,1,1,3,5,1,11,1,21,2,9,1,1,7,9,1,10,2,11,,44,6,1,22,9,121.5005203,25.0330439
111,3,11,23,12,2,04大安區,大安區金山南路2段與潮州街口,0,0,1,1,B03,7,3,5,50,4,1,1,5,4,5,7,1,1,8,3,5,2,16,1,28,3,10,1,1,7,5,1,8,2,2,,8,8,1,22,9,121.5263999,25.02894141
111,3,11,23,12,2,04大安區,大安區金山南路2段與潮州街口,0,0,1,2,C03,7,3,5,50,4,1,1,5,4,5,7,1,1,8,3,5,2,16,1,21,2,9,1,1,7,9,1,10,2,11,,44,8,1,22,9,121.5263999,25.02894141
111,3,11,23,25,2,02萬華區,萬華區開封街2段47號,0,0,2,1,C03,8,3,5,50,14,9,1,5,4,5,7,4,4,10,4,5,2,17,1,38,3,10,1,4,7,5,1,10,2,15,,8,8,1,22,9,121.5056647,25.04692608
111,3,11,23,25,2,02萬華區,萬華區開封街2段47號,0,0,2,2,C03,8,3,5,50,14,9,1,5,4,5,7,4,4,10,4,5,2,17,1,27,2,8,1,4,7,9,1,10,2,13,,44,8,1,22,9,121.5056647,25.04692608
111,3,11,23,25,2,02萬華區,萬華區開封街2段47號,0,0,2,3,C03,8,3,5,50,14,9,1,5,4,5,7,4,4,10,4,5,2,17,1,26,2,9,1,4,7,9,1,10,2,11,,42,8,1,22,9,121.5056647,25.04692608
111,3,11,23,27,2,07信義區,信義區光復南路431號,0,0,2,1,C03,7,3,5,50,14,9,1,5,4,5,7,4,4,1,4,5,1,13,2,25,2,9,3,4,7,9,1,10,1,11,,16,16,1,22,9,121.5576258,25.03593945
111,3,11,23,27,2,07信義區,信義區光復南路431號,0,0,2,2,C03,7,3,5,50,14,9,1,5,4,5,7,4,4,1,4,5,1,13,1,49,3,10,3,4,7,12,1,10,1,13,,44,16,1,22,9,121.5576258,25.03593945
111,3,11,23,27,2,07信義區,信義區光復南路431號,0,0,2,3,C01,7,3,5,50,14,9,1,5,4,5,7,4,4,1,4,5,1,13,1,46,2,8,3,4,7,12,1,9,1,11,,44,16,1,22,9,121.5576258,25.03593945
111,3,11,23,27,2,07信義區,信義區光復南路431號,0,0,2,4,B01,7,3,5,50,14,9,1,5,4,5,7,4,4,1,4,5,1,13,1,41,3,10,3,4,7,9,1,2,1,5,,44,16,1,22,9,121.5576258,25.03593945
111,3,11,23,27,2,07信義區,信義區光復南路431號,0,0,2,5,C03,7,3,5,50,14,9,1,5,4,5,7,4,4,1,4,5,1,13,3,,,,,,,,,,,,,67,16,1,,,121.5576258,25.03593945
111,3,11,23,27,2,07信義區,信義區光復南路431號,0,0,2,6,B01,7,3,5,50,14,9,1,5,4,5,7,4,4,1,4,5,1,13,3,,,,,,,,,,,,,7,16,1,,,121.5576258,25.03593945
111,3,11,23,43,1,02萬華區,萬華區西園路2段與艋舺大道口,1,0,1,1,C04,8,3,5,50,4,1,1,5,4,5,7,4,4,3,3,5,2,12,1,68,1,9,1,1,7,7,6,18,8,14,,21,21,1,22,9,121.4978664,25.0330882
111,3,11,23,43,1,02萬華區,萬華區西園路2段與艋舺大道口,1,0,1,2,C03,8,3,5,50,4,1,1,5,4,5,7,4,4,3,3,5,2,12,2,23,2,9,1,1,7,9,1,10,2,12,,44,21,1,22,9,121.4978664,25.0330882
111,3,11,23,43,1,02萬華區,萬華區西園路2段與艋舺大道口,1,0,1,3,B01,8,3,5,50,4,1,1,5,4,5,7,4,4,3,3,5,2,12,1,47,3,10,3,4,7,9,1,4,2,15,,23,21,1,22,9,121.4978664,25.0330882
111,3,12,0,32,2,08士林區,士林區中山北路5段與劍潭路口,0,0,1,1,C03,8,3,5,50,4,1,1,5,4,5,7,2,1,5,2,5,2,12,1,18,3,10,1,1,7,6,1,10,1,12,,9,9,1,22,9,121.5253555,25.08422108
111,3,12,0,32,2,08士林區,士林區中山北路5段與劍潭路口,0,0,1,2,C03,8,3,5,50,4,1,1,5,4,5,7,2,1,5,2,5,2,12,1,46,2,8,1,1,7,1,6,18,1,11,,23,9,1,22,9,121.5253555,25.08422108
111,3,12,0,35,2,03中山區,中山區中山北路2段與長春路口,0,0,1,2,C03,8,3,5,50,4,1,1,5,4,5,7,2,1,9,4,4,2,16,1,20,2,9,1,4,7,9,1,10,1,14,,13,6,1,22,9,121.520391,25.052685
111,3,12,0,35,2,03中山區,中山區中山北路2段與長春路口,0,0,1,1,B03,8,3,5,50,4,1,1,5,4,5,7,2,1,9,4,4,2,16,1,42,3,10,1,4,7,5,1,8,1,1,,6,6,1,22,9,121.520391,25.052685
111,3,12,1,30,2,04大安區,大安區市民大道3段與建國南路1段口口,0,0,1,1,B03,8,3,5,40,4,2,1,5,4,5,7,2,1,8,3,4,1,17,1,34,3,10,3,4,7,6,1,8,2,5,,9,9,1,22,9,121.536385,25.0446622
111,3,12,1,30,2,04大安區,大安區市民大道3段與建國南路1段口口,0,0,1,2,C03,8,3,5,40,4,2,1,5,4,5,7,2,1,8,3,4,1,17,1,27,2,9,3,4,7,15,1,10,1,14,,13,9,1,22,9,121.536385,25.0446622
111,3,12,5,55,2,04大安區,大安區復興南路1段與復興南路1段219巷口,0,0,1,1,B01,8,2,5,50,3,1,1,5,4,5,7,4,4,1,4,5,2,17,1,68,3,10,1,1,7,9,1,4,2,8,,23,23,1,22,9,121.5438193,25.03904275
111,3,12,5,55,2,04大安區,大安區復興南路1段與復興南路1段219巷口,0,0,1,2,C03,8,2,5,50,3,1,1,5,4,5,7,4,4,1,4,5,2,17,1,49,2,9,1,1,7,8,1,10,2,12,,7,23,1,22,9,121.5438193,25.03904275
111,3,12,5,55,2,04大安區,大安區復興南路1段與復興南路1段219巷口,0,0,1,3,H03,8,2,5,50,3,1,1,5,4,5,7,4,4,1,4,5,2,17,1,27,3,10,4,5,8,20,8,20,10,16,,60,23,1,22,9,121.5438193,25.03904275
111,3,12,6,0,2,04大安區,大安區和平東路3段與樂利路口,0,0,1,1,B03,8,1,5,50,16,9,1,5,4,5,7,3,1,1,4,5,1,13,2,64,3,10,1,1,7,9,1,8,1,8,,6,6,1,22,9,121.5522761,25.02459908
111,3,12,6,0,2,04大安區,大安區和平東路3段與樂利路口,0,0,1,2,C03,8,1,5,50,16,9,1,5,4,5,7,3,1,1,4,5,1,13,1,33,2,9,1,1,7,8,1,10,1,13,,14,6,1,22,9,121.5522761,25.02459908
111,3,12,7,7,2,10文山區,文山區興隆路4段42巷與木柵路2段2巷口口,0,0,2,1,C03,8,1,5,30,3,2,1,5,4,5,7,4,4,10,5,5,2,15,1,15,2,8,1,1,7,1,2,18,2,14,,19,19,1,22,9,121.5581316,24.98827256
111,3,12,7,7,2,10文山區,文山區興隆路4段42巷與木柵路2段2巷口口,0,0,2,2,C03,8,1,5,30,3,2,1,5,4,5,7,4,4,10,5,5,2,15,1,50,2,8,1,1,7,9,1,10,2,11,14,13,19,1,22,9,121.5581316,24.98827256
111,3,12,7,13,2,06松山區,松山區民權東路5段與民權東路5段104巷口,0,0,1,1,B03,8,1,5,30,3,1,1,5,4,5,7,3,1,10,5,5,2,16,1,21,3,10,1,1,7,6,1,8,1,2,,9,9,1,22,9,121.5677823,25.06330166
111,3,12,7,13,2,06松山區,松山區民權東路5段與民權東路5段104巷口,0,0,1,2,C03,8,1,5,30,3,1,1,5,4,5,7,3,1,10,5,5,2,16,1,59,2,9,1,1,7,9,1,10,1,11,,44,9,1,22,9,121.5677823,25.06330166
111,3,12,8,16,2,10文山區,文山區萬壽橋下河提步道燈桿172號旁,0,0,2,1,F01,8,1,7,30,15,20,1,5,4,5,7,4,4,10,5,5,2,2,1,13,2,7,1,1,7,9,8,20,1,16,,43,43,1,22,9,121.5725807,24.99192113
111,3,12,8,16,2,10文山區,文山區萬壽橋下河提步道燈桿172號旁,0,0,2,2,H01,8,1,7,30,15,20,1,5,4,5,7,4,4,10,5,5,2,2,1,68,2,6,4,5,8,16,8,20,10,15,,67,43,1,22,9,121.5725807,24.99192113
111,3,12,8,20,2,10文山區,文山區羅斯福路4段與基隆路4段口,0,0,1,1,C04,8,1,5,50,4,1,1,5,4,5,7,1,1,1,4,5,2,17,1,26,3,10,1,1,7,5,1,11,2,15,,26,26,1,22,9,121.5370106,25.01102862
111,3,12,8,20,2,10文山區,文山區羅斯福路4段與基隆路4段口,0,0,1,2,C03,8,1,5,50,4,1,1,5,4,5,7,1,1,1,4,5,2,17,1,21,2,9,1,1,7,9,1,10,2,15,,13,26,1,22,9,121.5370106,25.01102862
111,3,12,8,45,2,04大安區,大安區安和路2段與文昌街口,0,0,1,1,C03,8,1,5,30,5,1,1,5,4,5,7,2,1,10,5,5,2,17,2,28,2,9,3,4,7,5,1,10,1,15,,44,44,1,22,9,121.5525657,25.03257861
111,3,12,8,45,2,04大安區,大安區安和路2段與文昌街口,0,0,1,2,B03,8,1,5,30,5,1,1,5,4,5,7,2,1,10,5,5,2,17,2,34,3,10,3,4,7,5,1,8,1,15,,8,44,1,22,9,121.5525657,25.03257861
111,3,12,9,0,2,09北投區,北投區大度路3段與關渡路口,0,0,1,1,C03,8,1,5,50,3,1,1,5,4,5,7,1,1,1,4,5,2,16,1,19,3,10,1,1,7,6,1,10,1,12,,9,9,1,22,9,121.469547,25.122826
111,3,12,9,0,2,09北投區,北投區大度路3段與關渡路口,0,0,1,2,C03,8,1,5,50,3,1,1,5,4,5,7,1,1,1,4,5,2,16,1,33,2,8,1,1,7,9,1,10,1,11,,44,9,1,22,9,121.469547,25.122826
111,3,12,9,1,2,09北投區,北投區復興三路355巷AC75,0,0,2,1,B03,8,1,5,30,14,9,1,5,4,5,7,4,4,10,5,5,1,10,1,57,3,10,1,1,7,9,1,8,2,8,,23,23,1,22,9,121.5002243,25.1556983
111,3,12,9,1,2,09北投區,北投區復興三路355巷AC75,0,0,2,2,C03,8,1,5,30,14,9,1,5,4,5,7,4,4,10,5,5,1,10,1,56,2,9,1,1,7,9,1,10,2,11,,44,23,1,22,9,121.5002243,25.1556983
111,3,12,9,1,2,09北投區,北投區復興三路355巷AC75,0,0,2,3,H02,8,1,5,30,14,9,1,5,4,5,7,4,4,10,5,5,1,10,2,56,2,8,4,5,7,20,8,20,10,16,,67,23,1,22,9,121.5002243,25.1556983
111,3,12,9,10,2,08士林區,士林區承德路4段與福港街口,0,0,1,1,B02,8,1,5,50,4,1,1,5,4,5,7,2,1,1,4,5,1,17,2,31,3,10,1,1,7,6,1,8,1,5,,9,9,1,22,9,121.5184477,25.08996106
111,3,12,9,10,2,08士林區,士林區承德路4段與福港街口,0,0,1,2,C03,8,1,5,50,4,1,1,5,4,5,7,2,1,1,4,5,1,17,1,24,2,9,1,1,7,9,1,10,1,13,,44,9,1,22,9,121.5184477,25.08996106
111,3,12,9,10,2,08士林區,士林區承德路4段與福港街口,0,0,1,3,C03,8,1,5,50,4,1,1,5,4,5,7,2,1,1,4,5,1,17,1,25,3,10,1,1,7,9,1,10,1,11,,16,9,1,22,9,121.5184477,25.08996106
111,3,12,9,33,2,04大安區,大安區四維路154巷與四維路口,0,0,1,1,B03,8,1,5,30,14,9,1,5,4,5,7,3,1,8,3,5,1,16,1,45,3,10,1,1,7,1,1,8,1,1,,19,19,1,21,5,121.5479885,25.03108433
111,3,12,9,33,2,04大安區,大安區四維路154巷與四維路口,0,0,1,2,C03,8,1,5,30,14,9,1,5,4,5,7,3,1,8,3,5,1,16,1,40,2,8,1,1,7,5,1,10,1,14,,44,19,1,5,1,121.5479885,25.03108433
111,3,12,9,39,2,06松山區,松山區民權東路3段138號,0,0,1,1,B01,8,1,5,30,14,18,1,5,4,5,7,2,1,1,4,4,2,3,1,59,3,10,1,1,7,5,1,4,1,8,,15,15,1,22,9,121.5466446,25.06215275
111,3,12,9,39,2,06松山區,松山區民權東路3段138號,0,0,1,2,H01,8,1,5,30,14,18,1,5,4,5,7,2,1,1,4,4,2,3,2,85,2,9,4,5,8,16,8,20,10,16,,67,15,1,22,9,121.5466446,25.06215275
111,3,12,9,42,2,04大安區,大安區浦城街與師大路92巷口,0,0,2,1,C03,8,1,5,30,5,1,1,5,4,5,7,4,4,7,4,5,1,16,2,39,2,5,1,1,7,9,1,10,1,11,,6,6,1,22,9,121.5267375,25.0226689
111,3,12,9,42,2,04大安區,大安區浦城街與師大路92巷口,0,0,2,2,C03,8,1,5,30,5,1,1,5,4,5,7,4,4,7,4,5,1,16,2,26,2,7,1,1,7,9,1,10,1,12,,23,6,1,22,9,121.5267375,25.0226689
111,3,12,9,44,2,06松山區,松山區敦化南路1段88號,0,0,1,1,B12,8,1,5,50,14,8,1,5,4,5,7,4,4,1,3,1,2,16,1,54,3,10,1,1,7,1,1,8,1,5,,19,19,1,22,9,121.5486557,25.04677702
111,3,12,9,44,2,06松山區,松山區敦化南路1段88號,0,0,1,2,C03,8,1,5,50,14,8,1,5,4,5,7,4,4,1,3,1,2,16,2,35,2,9,1,1,7,9,1,10,1,11,,23,19,1,22,9,121.5486557,25.04677702
111,3,12,10,15,2,10文山區,文山區興隆路1段173號,0,0,2,1,C03,8,1,5,50,14,9,1,5,4,5,7,4,4,1,4,4,2,17,1,66,2,9,1,1,7,1,1,10,2,14,,19,19,1,22,9,121.5428197,25.00116592
111,3,12,10,15,2,10文山區,文山區興隆路1段173號,0,0,2,2,C03,8,1,5,50,14,9,1,5,4,5,7,4,4,1,4,4,2,17,1,30,2,9,1,1,7,9,1,10,2,12,,13,19,1,22,9,121.5428197,25.00116592
111,3,12,10,35,2,04大安區,大安區和平東路1段104巷,0,0,1,1,C03,8,1,5,50,14,9,1,5,4,5,7,4,4,3,4,3,2,12,1,52,3,10,1,3,7,9,1,10,1,12,,17,17,1,22,9,121.5253823,25.02671906
111,3,12,10,35,2,04大安區,大安區和平東路1段104巷,0,0,1,2,C03,8,1,5,50,14,9,1,5,4,5,7,4,4,3,4,3,2,12,1,64,2,9,1,1,7,9,1,10,1,14,,44,17,1,22,9,121.5253823,25.02671906
111,3,12,10,42,2,04大安區,大安區辛亥路3段308號,0,0,1,1,C03,8,1,5,50,14,9,1,5,4,5,7,1,1,8,3,5,2,13,2,18,2,7,1,1,7,9,1,10,1,11,,23,23,1,22,9,121.5522885,25.01459654
111,3,12,10,42,2,04大安區,大安區辛亥路3段308號,0,0,1,2,B01,8,1,5,50,14,9,1,5,4,5,7,1,1,8,3,5,2,13,1,64,3,10,1,1,7,14,1,8,1,7,,42,23,1,22,9,121.5522885,25.01459654
111,3,12,10,45,2,12內湖區,(東湖路69號前),0,0,2,1,B03,8,1,5,50,4,2,1,5,4,5,7,2,1,5,2,5,1,16,1,31,3,10,1,2,7,6,1,8,1,1,,9,9,1,22,9,121.6150265,25.06858327
111,3,12,10,45,2,12內湖區,(東湖路69號前),0,0,2,2,C03,8,1,5,50,4,2,1,5,4,5,7,2,1,5,2,5,1,16,2,39,2,9,1,1,7,9,4,11,1,13,,44,9,1,22,9,121.6150265,25.06858327
111,3,12,10,45,2,12內湖區,(東湖路69號前),0,0,2,3,H02,8,1,5,50,4,2,1,5,4,5,7,2,1,5,2,5,1,16,2,12,2,9,1,1,7,21,8,20,10,16,,67,9,1,22,9,121.6150265,25.06858327
111,3,12,11,5,2,12內湖區,內湖區東湖路113巷135號,0,0,1,1,B03,8,1,5,50,14,9,1,5,4,5,7,4,4,9,5,5,2,16,2,67,3,10,1,1,7,1,1,8,1,8,,19,19,1,22,9,121.6154592,25.07361453
111,3,12,11,5,2,12內湖區,內湖區東湖路113巷135號,0,0,1,2,C03,8,1,5,50,14,9,1,5,4,5,7,4,4,9,5,5,2,16,2,31,2,9,1,1,7,9,1,10,1,12,,23,19,1,22,9,121.6154592,25.07361453
111,3,12,11,9,2,04大安區,大安區基隆路3段往北近辛亥路三段,0,0,1,1,B03,8,1,5,50,14,9,1,5,4,5,7,4,4,8,3,5,1,17,1,67,3,10,1,1,7,6,1,8,1,5,,9,9,1,21,5,121.5456535,25.018168
111,3,12,11,9,2,04大安區,大安區基隆路3段往北近辛亥路三段,0,0,1,2,C03,8,1,5,50,14,9,1,5,4,5,7,4,4,8,3,5,1,17,1,37,2,7,1,1,7,9,1,10,1,14,,44,9,1,5,3,121.5456535,25.018168
111,3,12,11,12,2,10文山區,文山區木柵路2段與木柵路2段138巷口口,0,0,1,1,B03,8,1,5,50,4,1,1,5,4,5,7,1,1,5,4,4,2,16,1,62,3,10,1,1,7,5,1,8,2,5,,8,8,1,22,9,121.5617703,24.9888253
111,3,12,11,12,2,10文山區,文山區木柵路2段與木柵路2段138巷口口,0,0,1,2,B01,8,1,5,50,4,1,1,5,4,5,7,1,1,5,4,4,2,16,1,71,3,10,1,1,7,9,4,8,2,8,,42,8,1,22,9,121.5617703,24.9888253
111,3,12,11,12,2,10文山區,文山區木柵路2段與木柵路2段138巷口口,0,0,1,3,H02,8,1,5,50,4,1,1,5,4,5,7,1,1,5,4,4,2,16,2,88,2,7,4,5,7,20,8,20,10,16,,67,8,1,22,9,121.5617703,24.9888253
111,3,12,11,23,2,03中山區,中山區中山北路2段與民生西路口口,0,0,2,1,C03,8,1,5,50,4,1,1,5,4,5,7,1,1,5,4,4,2,12,1,24,2,9,1,1,7,7,1,10,1,11,,7,7,1,22,9,121.5225886,25.057684
111,3,12,11,23,2,03中山區,中山區中山北路2段與民生西路口口,0,0,2,2,B01,8,1,5,50,4,1,1,5,4,5,7,1,1,5,4,4,2,12,1,66,3,10,1,1,7,9,4,8,1,2,,44,7,1,22,9,121.5225886,25.057684
111,3,12,11,23,2,03中山區,中山區中山北路2段與民生西路口口,0,0,2,3,H02,8,1,5,50,4,1,1,5,4,5,7,1,1,5,4,4,2,12,2,26,2,9,4,5,7,20,8,20,10,15,,67,7,1,22,9,121.5225886,25.057684
111,3,12,11,23,2,10文山區,文山區木柵路4段與木柵路4段149巷口,0,0,1,1,B01,8,1,5,50,3,1,1,5,4,5,7,2,1,9,4,5,2,16,1,66,3,10,1,1,7,6,1,4,2,5,,9,9,1,22,9,121.5749738,24.99864683
111,3,12,11,23,2,10文山區,文山區木柵路4段與木柵路4段149巷口,0,0,1,2,C02,8,1,5,50,3,1,1,5,4,5,7,2,1,9,4,5,2,16,1,51,2,8,1,1,7,9,1,9,2,14,,14,9,1,22,9,121.5749738,24.99864683
111,3,12,11,40,2,05中正區,中正區愛國西路與博愛路口,0,0,2,1,C03,8,1,5,50,5,1,1,5,4,5,7,2,1,1,4,1,1,16,1,19,2,9,1,1,7,6,1,10,2,12,,9,9,1,22,9,121.51084,25.03545388
111,3,12,11,40,2,05中正區,中正區愛國西路與博愛路口,0,0,2,2,C03,8,1,5,50,5,1,1,5,4,5,7,2,1,1,4,1,1,16,2,24,2,9,1,1,7,9,1,10,2,14,,44,9,1,22,9,121.51084,25.03545388
111,3,12,11,40,2,05中正區,中正區愛國西路與博愛路口,0,0,2,3,H02,8,1,5,50,5,1,1,5,4,5,7,2,1,1,4,1,1,16,2,19,4,11,1,5,7,17,8,20,10,16,,67,9,1,22,9,121.51084,25.03545388
111,3,12,11,49,2,09北投區,北投區中央北路4段456巷對面,0,0,3,1,C03,8,1,5,50,14,9,1,5,4,5,7,2,1,5,4,5,2,13,1,68,2,9,1,1,7,9,1,10,11,11,,23,23,2,22,9,121.4698413,25.12876132
111,3,12,11,49,2,09北投區,北投區中央北路4段456巷對面,0,0,3,2,C03,8,1,5,50,14,9,1,5,4,5,7,2,1,5,4,5,2,13,1,28,2,9,1,1,7,12,1,10,2,13,,44,23,1,22,9,121.4698413,25.12876132
111,3,12,11,49,2,09北投區,北投區中央北路4段456巷對面,0,0,3,3,H02,8,1,5,50,14,9,1,5,4,5,7,2,1,5,4,5,2,13,2,68,2,9,1,1,7,21,8,20,10,16,,67,23,2,22,9,121.4698413,25.12876132
111,3,12,12,0,2,07信義區,信義區信義路4段與基隆路1段口,0,0,3,1,C03,8,1,5,50,4,2,1,5,4,5,7,2,1,1,4,5,2,12,1,48,2,9,1,1,7,7,1,10,1,14,,7,7,1,22,9,121.5596222,25.03316734
111,3,12,12,0,2,07信義區,信義區信義路4段與基隆路1段口,0,0,3,2,C03,8,1,5,50,4,2,1,5,4,5,7,2,1,1,4,5,2,12,2,23,2,9,1,1,7,9,1,10,1,12,,44,7,1,22,9,121.5596222,25.03316734
111,3,12,12,0,2,07信義區,信義區信義路4段與基隆路1段口,0,0,3,3,H02,8,1,5,50,4,2,1,5,4,5,7,2,1,1,4,5,2,12,2,46,2,9,4,5,7,20,8,20,10,16,,67,7,1,22,9,121.5596222,25.03316734
111,3,12,12,9,2,01大同區,大同區重慶北路3段252巷與重慶北路3段236巷5弄口,0,0,2,1,B01,8,1,5,30,4,1,1,5,4,5,7,4,4,10,5,5,2,15,1,65,3,10,1,1,7,9,1,4,1,8,,6,6,1,22,9,121.5132349,25.07128777
111,3,12,12,9,2,01大同區,大同區重慶北路3段252巷與重慶北路3段236巷5弄口,0,0,2,2,C03,8,1,5,30,4,1,1,5,4,5,7,4,4,10,5,5,2,15,2,53,2,9,1,1,7,9,1,10,1,11,,23,6,1,22,9,121.5132349,25.07128777
111,3,12,12,9,2,01大同區,大同區重慶北路3段252巷與重慶北路3段236巷5弄口,0,0,2,3,H02,8,1,5,30,4,1,1,5,4,5,7,4,4,10,5,5,2,15,2,13,2,8,1,5,7,21,8,20,10,16,,67,6,1,22,9,121.5132349,25.07128777
111,3,12,12,22,2,02萬華區,萬華區廣州街208號,0,0,1,1,B03,8,1,5,50,14,9,4,5,4,5,7,4,4,10,5,5,2,17,1,55,3,10,3,4,7,9,1,8,1,2,,23,23,1,22,9,121.4973868,25.03675204
111,3,12,12,22,2,02萬華區,萬華區廣州街208號,0,0,1,2,F01,8,1,5,50,14,9,4,5,4,5,7,4,4,10,5,5,2,17,1,69,2,5,1,1,7,15,8,20,1,16,,5,23,1,22,9,121.4973868,25.03675204
111,3,12,12,50,2,07信義區,信義區基隆路1段434號對面,0,0,3,1,C03,8,1,5,50,14,9,1,5,4,5,7,4,4,1,3,5,2,12,1,27,2,9,1,1,7,10,1,10,11,12,,7,7,1,22,9,121.5598417,25.03322192
111,3,12,12,50,2,07信義區,信義區基隆路1段434號對面,0,0,3,2,C03,8,1,5,50,14,9,1,5,4,5,7,4,4,1,3,5,2,12,1,44,3,10,1,1,7,9,1,10,11,13,,17,7,1,22,9,121.5598417,25.03322192
111,3,12,12,50,2,07信義區,信義區基隆路1段434號對面,0,0,3,3,H02,8,1,5,50,14,9,1,5,4,5,7,4,4,1,3,5,2,12,2,46,2,8,1,1,7,20,8,20,10,16,,67,7,1,22,9,121.5598417,25.03322192
111,3,12,12,50,2,07信義區,信義區基隆路1段434號對面,0,0,3,4,H02,8,1,5,50,14,9,1,5,4,5,7,4,4,1,3,5,2,12,2,26,2,9,1,1,7,20,8,20,10,16,,67,7,1,22,9,121.5598417,25.03322192
111,3,12,13,3,2,10文山區,文山區興隆路3段與興隆路3段185巷口,0,0,1,1,C03,8,1,5,50,4,1,1,5,4,5,7,3,1,9,5,5,2,16,1,32,3,10,1,1,7,6,1,10,2,14,,6,6,1,22,9,121.560061,24.99593284
111,3,12,13,3,2,10文山區,文山區興隆路3段與興隆路3段185巷口,0,0,1,2,C04,8,1,5,50,4,1,1,5,4,5,7,3,1,9,5,5,2,16,1,77,2,9,1,1,7,9,1,10,2,11,,44,6,1,22,9,121.560061,24.99593284
111,3,12,13,5,2,11南港區,南港區南港路1段197號,0,0,1,1,A12,8,1,5,50,14,9,1,5,4,5,6,4,4,5,4,5,2,9,1,59,3,10,1,4,1,9,1,3,2,1,,23,23,1,22,9,121.6121105,25.0554861
111,3,12,13,5,2,11南港區,南港區南港路1段197號,0,0,1,2,H01,8,1,5,50,14,9,1,5,4,5,6,4,4,5,4,5,2,9,1,88,2,9,4,4,8,16,8,20,10,15,,51,23,1,22,9,121.6121105,25.0554861
111,3,12,13,6,2,11南港區,南港區三重路79巷與三重路79巷8弄口,0,0,2,1,C03,8,1,5,30,3,1,1,5,4,4,6,4,4,10,5,5,2,16,2,36,2,7,1,4,7,5,1,10,1,11,,6,6,1,22,9,121.613299,25.0608191
111,3,12,13,6,2,11南港區,南港區三重路79巷與三重路79巷8弄口,0,0,2,2,C03,8,1,5,30,3,1,1,5,4,4,6,4,4,10,5,5,2,16,1,27,2,7,1,4,7,9,1,10,1,11,,14,6,1,22,9,121.613299,25.0608191
111,3,12,13,7,2,06松山區,松山區新東街與新東街口側附近11巷口,0,0,2,1,C03,8,1,5,30,4,1,1,5,4,5,7,4,4,8,5,5,2,16,1,86,2,9,3,4,7,5,1,10,2,12,,8,8,1,22,9,121.5659982,25.05856185
111,3,12,13,7,2,06松山區,松山區新東街與新東街口側附近11巷口,0,0,2,2,B03,8,1,5,30,4,1,1,5,4,5,7,4,4,8,5,5,2,16,1,45,3,10,3,4,7,9,6,8,2,4,,42,8,1,22,9,121.5659982,25.05856185