發生年度,發生月,發生日,發生時-Hours,發生分,處理別-編號,區序,肇事地點,死亡人數,2-30日死亡人數,受傷人數,當事人序號,車種,天候,光線,道路類別,速限-速度限制,道路型態,事故位置,路面狀況1,路面狀況2,路面狀況3,道路障礙1,道路障礙2,號誌1,號誌2,車道劃分-分向,車道劃分-分道1,車道劃分-分道2,車道劃分-分道3,事故類型及型態,性別,年齡,受傷程度,主要傷處,安全帽,行動電話,車輛用途,當事者行動狀態,駕駛資格情形,駕駛執照種類,飲酒情形,車輛撞擊部位1,車輛撞擊部位2,肇因碼-個別,肇因碼-主要,個人肇逃否,職業,旅次目的,座標-X,座標-Y
111,3,12,13,7,2,06松山區,松山區新東街與新東街口側附近11巷口,0,0,2,3,C03,8,1,5,30,4,1,1,5,4,5,7,4,4,8,5,5,2,16,1,45,2,9,3,4,7,9,1,10,2,14,,44,8,1,22,9,121.5659982,25.05856185
111,3,12,13,19,2,04大安區,大安區和平東路1段與金山南路2段口,0,0,1,1,B03,8,1,5,50,5,1,1,5,4,5,7,1,1,8,3,5,2,17,2,54,3,10,1,1,7,6,1,8,1,5,,9,9,1,22,9,121.525965,25.02684683
111,3,12,13,19,2,04大安區,大安區和平東路1段與金山南路2段口,0,0,1,2,C03,8,1,5,50,5,1,1,5,4,5,7,1,1,8,3,5,2,17,2,41,2,9,1,1,7,9,1,10,1,11,,44,9,1,22,9,121.525965,25.02684683
111,3,12,13,45,2,03中山區,中山區北安路554巷與北安路554巷8弄口,0,0,1,1,B03,8,1,5,50,4,1,1,5,4,5,7,2,1,5,4,5,2,16,1,42,3,10,3,4,7,6,1,8,1,2,,6,6,1,22,9,121.550289,25.07995841
111,3,12,13,45,2,03中山區,中山區北安路554巷與北安路554巷8弄口,0,0,1,2,C03,8,1,5,50,4,1,1,5,4,5,7,2,1,5,4,5,2,16,1,41,2,9,1,4,7,9,1,10,1,14,,44,6,1,22,9,121.550289,25.07995841
111,3,12,13,45,2,11南港區,南港區松河街與南港路3段256巷口,0,0,1,1,B03,8,1,5,40,3,1,1,5,4,5,7,4,4,5,5,5,2,17,1,41,3,10,1,1,7,5,1,8,1,1,,6,6,1,22,9,121.5845819,25.0532864
111,3,12,13,45,2,11南港區,南港區松河街與南港路3段256巷口,0,0,1,2,B03,8,1,5,40,3,1,1,5,4,5,7,4,4,5,5,5,2,17,1,42,2,9,1,1,7,9,1,8,1,4,,14,6,1,22,9,121.5845819,25.0532864
111,3,12,13,46,2,12內湖區,內湖區港墘路221巷與瑞光路258巷口,0,0,1,1,B03,8,1,5,50,3,2,1,5,4,5,7,4,4,5,5,5,2,12,1,57,3,10,1,1,7,5,1,8,1,7,,6,6,1,22,9,121.5741888,25.0742315
111,3,12,13,46,2,12內湖區,內湖區港墘路221巷與瑞光路258巷口,0,0,1,2,C03,8,1,5,50,3,2,1,5,4,5,7,4,4,5,5,5,2,12,1,44,2,9,1,1,7,9,1,10,1,11,,4,6,1,22,9,121.5741888,25.0742315
111,3,12,13,53,2,04大安區,大安區信義路2段200號,0,0,2,1,C03,8,1,5,50,14,9,1,5,4,5,7,4,4,1,4,5,2,13,1,60,2,3,1,4,7,9,1,10,1,11,,16,16,1,22,9,121.530262,25.03357139
111,3,12,13,53,2,04大安區,大安區信義路2段200號,0,0,2,2,C03,8,1,5,50,14,9,1,5,4,5,7,4,4,1,4,5,2,13,1,40,2,9,1,4,7,9,6,18,1,13,,44,16,1,22,9,121.530262,25.03357139
111,3,12,14,0,2,08士林區,士林區格致路245號,0,0,1,1,C03,8,1,5,40,11,9,1,5,4,5,7,4,4,5,5,5,1,17,1,55,2,7,1,1,7,9,6,10,1,14,,23,23,1,22,9,121.5497001,25.14482954
111,3,12,14,0,2,08士林區,士林區格致路245號,0,0,1,2,B03,8,1,5,40,11,9,1,5,4,5,7,4,4,5,5,5,1,17,1,39,3,10,1,1,7,9,1,8,1,2,,17,23,1,22,9,121.5497001,25.14482954
111,3,12,14,2,2,09北投區,北投區大興街與大興街23巷口,0,0,1,1,B12,8,1,5,30,4,1,1,5,4,5,7,3,1,10,5,5,2,16,1,32,3,10,1,1,7,9,1,8,2,7,,6,6,1,22,9,121.4985274,25.1299524
111,3,12,14,2,2,09北投區,北投區大興街與大興街23巷口,0,0,1,2,F01,8,1,5,30,4,1,1,5,4,5,7,3,1,10,5,5,2,16,1,17,2,9,1,1,7,9,8,20,2,16,,44,6,1,22,9,121.4985274,25.1299524
111,3,12,14,7,2,03中山區,中山區民權東路3段與建國北路3段口,0,0,1,1,G03,8,1,5,50,14,9,1,5,4,5,7,1,1,1,4,5,2,13,1,55,3,10,1,1,7,9,1,2,1,1,,45,45,1,22,9,121.5378779,25.06245591
111,3,12,14,7,2,03中山區,中山區民權東路3段與建國北路3段口,0,0,1,2,B01,8,1,5,50,14,9,1,5,4,5,7,1,1,1,4,5,2,13,1,55,2,3,1,1,7,14,1,4,1,3,,44,45,1,22,9,121.5378779,25.06245591
111,3,12,14,7,2,03中山區,中山區民權東路3段與建國北路3段口,0,0,1,3,B03,8,1,5,50,14,9,1,5,4,5,7,1,1,1,4,5,2,13,1,53,3,10,1,1,7,14,1,4,1,3,,44,45,1,22,9,121.5378779,25.06245591
111,3,12,14,17,2,03中山區,中山區大佳河濱公園與大佳河濱公園附近側附近口九號水門口,0,0,2,1,F01,8,1,5,50,4,2,1,5,4,5,7,4,4,5,5,5,2,15,1,61,2,9,1,1,7,11,8,20,1,16,,11,11,1,22,9,121.5411006,25.07469
111,3,12,14,17,2,03中山區,中山區大佳河濱公園與大佳河濱公園附近側附近口九號水門口,0,0,2,2,C03,8,1,5,50,4,2,1,5,4,5,7,4,4,5,5,5,2,15,1,47,2,9,1,1,7,9,1,10,1,12,,23,11,1,22,9,121.5411006,25.07469
111,3,12,14,26,2,08士林區,士林區中山北路5段與中山北路5段505巷口,0,0,1,1,C03,8,1,5,40,4,2,1,5,4,5,7,1,1,5,4,5,2,13,1,35,3,10,1,1,7,9,1,10,1,11,,43,43,1,22,9,121.5266624,25.0926548
111,3,12,14,26,2,08士林區,士林區中山北路5段與中山北路5段505巷口,0,0,1,2,C03,8,1,5,40,4,2,1,5,4,5,7,1,1,5,4,5,2,13,1,36,3,10,1,1,7,9,1,10,1,13,,43,43,1,22,9,121.5266624,25.0926548
111,3,12,14,26,2,08士林區,士林區中山北路5段與中山北路5段505巷口,0,0,1,3,H02,8,1,5,40,4,2,1,5,4,5,7,1,1,5,4,5,2,13,2,36,2,9,1,5,7,21,8,20,10,16,,67,43,1,22,9,121.5266624,25.0926548
111,3,12,14,38,2,10文山區,文山區興隆路3段與興隆路3段192巷口,0,0,1,1,B03,8,1,5,50,3,1,1,5,4,5,7,1,1,1,4,5,2,16,2,57,3,10,1,1,7,5,1,8,2,5,,6,6,1,22,9,121.558848,24.998026
111,3,12,14,38,2,10文山區,文山區興隆路3段與興隆路3段192巷口,0,0,1,2,C03,8,1,5,50,3,1,1,5,4,5,7,1,1,1,4,5,2,16,2,40,2,9,1,1,7,9,1,10,2,11,,23,6,1,22,9,121.558848,24.998026
111,3,12,15,23,2,08士林區,士林區承德路4段與通河街口,0,0,1,1,B03,8,1,5,50,4,1,1,5,4,5,7,1,1,4,4,5,2,16,1,56,3,10,1,1,7,15,1,8,1,6,,17,17,1,22,9,121.5222792,25.08022397
111,3,12,15,23,2,08士林區,士林區承德路4段與通河街口,0,0,1,2,C03,8,1,5,50,4,1,1,5,4,5,7,1,1,4,4,5,2,16,2,23,2,8,1,1,7,9,1,10,1,14,,44,17,1,22,9,121.5222792,25.08022397
111,3,12,15,30,2,08士林區,士林區福林路與忠勇街口,0,0,1,1,B03,8,1,5,50,5,1,1,5,4,5,7,1,1,5,5,5,1,13,1,58,3,10,1,1,7,9,1,8,1,1,,16,16,1,22,9,121.5346182,25.09804602
111,3,12,15,30,2,08士林區,士林區福林路與忠勇街口,0,0,1,2,C01,8,1,5,50,5,1,1,5,4,5,7,1,1,5,5,5,1,13,1,58,2,7,1,1,7,9,1,9,1,13,,44,16,1,22,9,121.5346182,25.09804602
111,3,12,15,48,2,07信義區,信義區松高路與松仁路口,0,0,1,1,C03,8,1,5,50,4,1,1,5,4,5,7,1,1,9,4,5,2,12,1,25,3,10,3,4,7,5,1,10,1,13,,16,16,1,22,9,121.5685182,25.0390693
111,3,12,15,48,2,07信義區,信義區松高路與松仁路口,0,0,1,2,C03,8,1,5,50,4,1,1,5,4,5,7,1,1,9,4,5,2,12,2,21,2,9,3,4,7,9,1,10,1,11,,44,16,1,22,9,121.5685182,25.0390693
111,3,12,15,52,2,03中山區,中山區松江路133巷與南京東路2段115巷口,0,0,2,1,C03,8,1,5,30,4,1,1,5,4,5,7,4,4,10,3,5,1,16,2,18,2,7,1,1,7,9,1,10,1,11,,6,6,1,22,8,121.5336437,25.05436295
111,3,12,15,52,2,03中山區,中山區松江路133巷與南京東路2段115巷口,0,0,2,2,C03,8,1,5,30,4,1,1,5,4,5,7,4,4,10,3,5,1,16,1,28,2,9,1,1,7,9,1,10,1,12,,14,6,1,22,8,121.5336437,25.05436295
111,3,12,16,10,2,06松山區,松山區八德路3段245巷18-1號,0,0,2,1,C03,8,2,5,30,14,9,1,5,4,5,7,4,4,10,5,5,2,16,1,29,2,9,3,4,7,9,1,10,1,11,,43,43,1,22,9,121.5647863,25.04932388
111,3,12,16,10,2,06松山區,松山區八德路3段245巷18-1號,0,0,2,2,C03,8,2,5,30,14,9,1,5,4,5,7,4,4,10,5,5,2,16,1,55,2,9,3,4,7,9,1,10,1,14,,43,43,1,22,9,121.5647863,25.04932388
111,3,12,16,28,2,06松山區,松山區民生東路3段與民生東路3段127巷口,0,0,1,1,B03,8,1,5,30,3,1,1,5,4,5,7,4,4,1,4,5,2,15,1,40,3,10,1,1,7,15,1,8,1,8,,6,6,1,22,9,121.5474548,25.05779246
111,3,12,16,28,2,06松山區,松山區民生東路3段與民生東路3段127巷口,0,0,1,2,C04,8,1,5,30,3,1,1,5,4,5,7,4,4,1,4,5,2,15,2,27,2,8,1,1,7,9,1,10,1,11,,13,6,1,22,9,121.5474548,25.05779246
111,3,12,16,30,2,12內湖區,內湖區新明路355號,0,0,1,1,C03,8,1,5,50,14,9,1,5,4,5,7,4,4,1,4,4,2,16,2,61,2,9,1,1,7,9,1,10,1,11,,4,4,1,22,9,121.5827239,25.05607228
111,3,12,16,30,2,12內湖區,內湖區新明路355號,0,0,1,2,B03,8,1,5,50,14,9,1,5,4,5,7,4,4,1,4,4,2,16,1,38,3,10,1,1,7,5,1,8,1,4,,44,4,1,22,9,121.5827239,25.05607228
111,3,12,16,58,2,09北投區,北投區大度路1段與大業路口,0,0,2,2,B03,8,1,5,50,14,9,1,5,4,5,7,1,1,9,4,4,2,16,1,34,3,10,1,1,7,9,1,8,1,5,,44,8,1,22,9,121.4996416,25.12086522
111,3,12,16,58,2,09北投區,北投區大度路1段與大業路口,0,0,2,1,C03,8,1,5,50,14,9,1,5,4,5,7,1,1,9,4,4,2,16,1,29,2,7,1,1,7,5,1,10,1,14,,8,8,1,22,9,121.4996416,25.12086522
111,3,12,16,58,2,09北投區,北投區大度路1段與大業路口,0,0,2,3,H02,8,1,5,50,14,9,1,5,4,5,7,1,1,9,4,4,2,16,2,31,2,7,1,1,7,20,8,20,10,16,,67,8,1,22,9,121.4996416,25.12086522
111,3,12,17,0,2,06松山區,松山區民生東路5段與光復北路口口,0,0,1,1,B03,8,1,5,50,4,1,1,5,4,5,7,1,1,1,4,5,2,13,2,44,3,10,3,4,7,9,1,8,2,5,,23,23,1,22,9,121.5552733,25.05834356
111,3,12,17,0,2,06松山區,松山區民生東路5段與光復北路口口,0,0,1,2,C03,8,1,5,50,4,1,1,5,4,5,7,1,1,1,4,5,2,13,2,49,2,9,3,4,7,9,1,10,2,13,,16,23,1,22,9,121.5552733,25.05834356
111,3,12,17,16,2,08士林區,士林區至誠路1段295號,0,0,2,1,C01,8,1,5,30,14,9,1,5,4,5,7,4,4,5,5,5,2,12,1,20,2,9,1,1,7,9,1,9,1,11,,23,23,1,22,9,121.531491,25.10183023
111,3,12,17,16,2,08士林區,士林區至誠路1段295號,0,0,2,2,C03,8,1,5,30,14,9,1,5,4,5,7,4,4,5,5,5,2,12,2,60,2,9,1,1,7,14,1,10,1,13,,44,23,1,22,9,121.531491,25.10183023
111,3,12,17,18,2,05中正區,中正區館前路59號,0,0,1,1,C03,8,1,5,50,14,9,1,5,4,5,7,1,1,9,4,5,2,17,1,38,2,9,1,4,7,9,1,9,2,14,,16,16,1,22,9,121.5150478,25.04476346
111,3,12,17,18,2,05中正區,中正區館前路59號,0,0,1,2,B03,8,1,5,50,14,9,1,5,4,5,7,1,1,9,4,5,2,17,2,45,3,10,1,4,7,9,1,8,2,6,,44,16,1,22,9,121.5150478,25.04476346
111,3,12,17,25,2,12內湖區,內湖區南湖右岸河濱公園306號燈桿,0,0,2,1,H01,8,1,8,0,15,22,1,5,4,5,7,4,4,9,5,5,2,9,1,3,2,1,4,5,8,20,8,20,9,16,,54,54,1,22,9,121.6107781,25.06299398
111,3,12,17,25,2,12內湖區,內湖區南湖右岸河濱公園306號燈桿,0,0,2,2,F01,8,1,8,0,15,22,1,5,4,5,7,4,4,9,5,5,2,9,2,44,2,9,1,1,7,9,8,20,2,16,,23,54,1,22,9,121.6107781,25.06299398
111,3,12,17,28,2,02萬華區,萬華區青年路24號,0,0,1,1,C03,8,1,5,30,14,9,1,5,4,5,7,4,4,9,5,5,2,13,1,54,2,8,1,4,7,9,1,10,1,11,,23,23,1,22,9,121.5054882,25.02578423
111,3,12,17,28,2,02萬華區,萬華區青年路24號,0,0,1,2,B12,8,1,5,30,14,9,1,5,4,5,7,4,4,9,5,5,2,13,1,32,3,10,1,4,7,14,1,8,1,6,,44,23,1,22,9,121.5054882,25.02578423
111,3,12,17,33,2,11南港區,南港區市民大道8段與向陽路口,0,0,2,1,C03,8,1,5,50,4,4,1,5,4,5,7,1,1,8,3,5,2,12,2,26,2,8,1,4,7,10,1,10,2,11,,16,16,1,22,9,121.5953386,25.05138416
111,3,12,17,33,2,11南港區,南港區市民大道8段與向陽路口,0,0,2,2,C03,8,1,5,50,4,4,1,5,4,5,7,1,1,8,3,5,2,12,1,66,2,8,1,4,7,3,1,10,2,15,,44,16,1,22,9,121.5953386,25.05138416
111,3,12,17,33,2,11南港區,南港區市民大道8段與向陽路口,0,0,2,3,C03,8,1,5,50,4,4,1,5,4,5,7,1,1,8,3,5,2,12,1,22,3,10,1,4,7,3,1,10,2,13,,44,16,1,22,9,121.5953386,25.05138416
111,3,12,17,42,2,01大同區,大同區市民大道1段(東往西),0,0,1,1,C03,7,1,5,40,14,9,1,5,4,5,7,4,4,1,4,5,2,17,2,25,2,9,3,4,7,9,1,10,1,11,,44,44,1,22,9,121.5167923,25.04895933
111,3,12,17,42,2,01大同區,大同區市民大道1段(東往西),0,0,1,2,C03,7,1,5,40,14,9,1,5,4,5,7,4,4,1,4,5,2,17,2,23,3,10,3,4,7,7,1,10,1,13,,7,44,1,22,9,121.5167923,25.04895933
111,3,12,17,42,2,01大同區,大同區市民大道1段(東往西),0,0,1,3,B03,7,1,5,40,14,9,1,5,4,5,7,4,4,1,4,5,2,17,1,30,3,10,3,4,7,14,1,8,1,4,,44,44,1,22,9,121.5167923,25.04895933
111,3,12,17,42,2,06松山區,松山區敦化南路1段5號,0,0,1,2,H01,8,1,5,30,14,9,1,5,4,5,7,4,4,1,4,5,2,9,1,34,2,7,4,5,8,17,8,20,10,15,,54,44,1,22,9,121.5491482,25.04713794
111,3,12,17,42,2,06松山區,松山區敦化南路1段5號,0,0,1,1,B01,8,1,5,30,14,9,1,5,4,5,7,4,4,1,4,5,2,9,1,63,3,10,1,1,7,15,1,4,2,15,,44,44,1,22,9,121.5491482,25.04713794
111,3,12,17,45,2,03中山區,中山區民權東路3段與龍江路口,0,0,2,1,C03,8,3,5,50,4,2,1,5,4,5,7,1,1,1,4,5,2,13,2,28,2,8,1,1,7,9,1,10,1,11,,16,16,1,22,9,121.5409109,25.06244593
111,3,12,17,45,2,03中山區,中山區民權東路3段與龍江路口,0,0,2,2,C03,8,3,5,50,4,2,1,5,4,5,7,1,1,1,4,5,2,13,1,33,2,8,1,1,7,12,1,9,1,13,,44,16,1,22,9,121.5409109,25.06244593
111,3,12,17,45,2,03中山區,中山區民權東路3段與龍江路口,0,0,2,3,B03,8,3,5,50,4,2,1,5,4,5,7,1,1,1,4,5,2,13,2,47,3,10,1,1,7,9,1,8,1,15,,44,16,1,22,9,121.5409109,25.06244593
111,3,12,18,26,2,01大同區,大同區鄭州路與太原路口,0,0,1,1,B01,8,3,5,40,3,1,1,5,4,5,7,3,1,1,4,5,2,12,1,65,3,10,1,1,7,6,1,4,1,5,,9,9,1,22,9,121.5148812,25.04922077
111,3,12,18,26,2,01大同區,大同區鄭州路與太原路口,0,0,1,2,C03,8,3,5,40,3,1,1,5,4,5,7,3,1,1,4,5,2,12,1,27,2,9,1,1,7,9,1,10,1,14,,14,9,1,22,9,121.5148812,25.04922077
111,3,12,18,27,2,07信義區,信義區市民大道5段與東興路口,0,0,2,1,C03,8,3,5,50,4,1,1,2,4,5,7,1,1,1,4,5,2,18,1,29,2,9,1,1,7,6,1,10,1,12,,43,43,1,22,9,121.565842,25.04819762
111,3,12,18,27,2,07信義區,信義區市民大道5段與東興路口,0,0,2,3,H02,8,3,5,50,4,1,1,2,4,5,7,1,1,1,4,5,2,18,2,25,2,9,4,5,7,17,8,20,10,16,,67,43,1,22,9,121.565842,25.04819762
111,3,12,18,27,2,07信義區,信義區市民大道5段與東興路口,0,0,2,2,,8,3,5,50,4,1,1,2,4,5,7,1,1,1,4,5,2,18,3,,,,,,,,,,,,,61,43,1,,,121.565842,25.04819762
111,3,12,18,45,2,10文山區,文山區萬壽路與萬壽路25巷口,0,0,1,1,H01,8,3,5,0,14,9,1,5,4,3,5,4,4,9,4,5,2,3,1,33,2,9,4,5,8,18,8,20,10,16,,67,67,1,22,9,121.5764362,24.9883517
111,3,12,18,45,2,10文山區,文山區萬壽路與萬壽路25巷口,0,0,1,2,B03,8,3,5,0,14,9,1,5,4,3,5,4,4,9,4,5,2,3,2,47,3,10,3,4,7,9,1,8,1,5,,44,67,1,22,9,121.5764362,24.9883517
111,3,12,18,46,2,03中山區,中山區民權東路2段144號,0,0,1,1,B01,8,3,5,50,14,9,1,5,4,5,7,4,4,1,4,5,2,17,1,69,4,11,3,4,7,15,1,4,9,15,,43,43,2,22,9,121.5336943,25.06242079
111,3,12,18,46,2,03中山區,中山區民權東路2段144號,0,0,1,2,C03,8,3,5,50,14,9,1,5,4,5,7,4,4,1,4,5,2,17,1,25,2,9,1,1,7,9,1,10,1,15,,16,43,1,22,9,121.5336943,25.06242079
111,3,12,18,50,2,01大同區,大同區太原路與平陽街口,0,0,1,1,B03,7,3,5,0,4,1,1,5,4,5,7,2,1,5,5,5,2,17,1,47,4,11,3,4,7,2,7,19,11,15,,12,12,2,22,9,121.5164979,25.05519003
111,3,12,18,50,2,01大同區,大同區太原路與平陽街口,0,0,1,2,C03,7,3,5,0,4,1,1,5,4,5,7,2,1,5,5,5,2,17,1,27,3,10,3,4,7,5,1,10,2,14,,23,12,1,22,9,121.5164979,25.05519003
111,3,12,18,50,2,01大同區,大同區太原路與平陽街口,0,0,1,3,H02,7,3,5,0,4,1,1,5,4,5,7,2,1,5,5,5,2,17,2,23,2,8,3,5,7,21,8,20,10,15,,67,12,1,22,9,121.5164979,25.05519003
111,3,12,18,50,2,06松山區,松山區健康路11-1號,0,0,1,1,B03,8,3,5,30,14,9,1,5,4,5,7,4,4,9,5,5,2,12,1,33,3,10,1,1,7,9,1,8,1,4,,6,6,1,22,9,121.5524297,25.0533269
111,3,12,18,50,2,06松山區,松山區健康路11-1號,0,0,1,2,C03,8,3,5,30,14,9,1,5,4,5,7,4,4,9,5,5,2,12,2,59,2,9,1,1,7,5,1,10,1,12,,23,6,1,22,9,121.5524297,25.0533269
111,3,12,19,0,2,06松山區,松山區觀山河濱公園四號水門自行車道第48燈桿,0,0,2,1,H01,8,1,8,0,15,22,1,5,4,5,7,4,4,9,4,5,2,9,2,25,2,9,4,5,8,16,8,20,10,16,,54,54,1,22,9,121.5681205,25.06574712
111,3,12,19,0,2,06松山區,松山區觀山河濱公園四號水門自行車道第48燈桿,0,0,2,2,F01,8,1,8,0,15,22,1,5,4,5,7,4,4,9,4,5,2,9,2,30,2,8,1,1,7,15,8,20,1,16,,44,54,1,22,9,121.5681205,25.06574712
111,3,12,19,10,2,12內湖區,內湖區內湖路1段717號前,0,0,2,1,F02,8,1,5,40,14,9,1,5,4,5,7,4,4,1,4,4,2,13,1,17,2,9,1,1,7,9,8,20,1,16,,23,23,1,22,9,121.5777307,25.07918632
111,3,12,19,10,2,12內湖區,內湖區內湖路1段717號前,0,0,2,2,B03,8,1,5,40,14,9,1,5,4,5,7,4,4,1,4,4,2,13,2,51,3,10,1,1,7,14,1,8,1,7,,26,23,1,22,9,121.5777307,25.07918632
111,3,12,19,10,2,12內湖區,內湖區內湖路1段717號前,0,0,2,3,H02,8,1,5,40,14,9,1,5,4,5,7,4,4,1,4,4,2,13,1,18,2,9,4,5,7,20,8,20,10,16,,67,23,1,22,9,121.5777307,25.07918632
111,3,12,19,20,2,02萬華區,萬華區西寧南路與漢口街2段口,0,0,2,1,C03,7,3,5,50,4,1,1,5,4,5,7,1,1,10,3,5,1,16,1,22,2,9,3,4,7,5,1,10,1,14,,8,8,1,22,9,121.5068146,25.0456834
111,3,12,19,20,2,02萬華區,萬華區西寧南路與漢口街2段口,0,0,2,2,C03,7,3,5,50,4,1,1,5,4,5,7,1,1,10,3,5,1,16,1,27,2,9,3,4,7,9,1,10,1,11,,44,8,1,22,9,121.5068146,25.0456834
111,3,12,20,26,2,08士林區,士林區福林路與福林路100巷口,0,0,1,1,B03,8,3,5,50,3,2,1,5,4,5,7,3,1,9,4,5,1,17,1,35,3,10,1,1,7,6,1,8,1,6,,5,5,1,22,9,121.531245,25.09574398
111,3,12,20,26,2,08士林區,士林區福林路與福林路100巷口,0,0,1,2,C03,8,3,5,50,3,2,1,5,4,5,7,3,1,9,4,5,1,17,1,19,2,9,1,1,7,9,1,10,1,14,,23,5,1,22,9,121.531245,25.09574398
111,3,12,22,30,2,09北投區,北投區大業路與大業路527巷口,0,0,1,1,B03,7,3,5,50,4,2,1,5,4,5,7,2,1,1,4,5,1,12,1,27,3,10,1,1,7,8,1,8,1,4,,17,17,1,22,9,121.4963165,25.1343971
111,3,12,22,30,2,09北投區,北投區大業路與大業路527巷口,0,0,1,2,C03,7,3,5,50,4,2,1,5,4,5,7,2,1,1,4,5,1,12,2,62,2,9,1,1,7,8,1,10,1,12,,7,17,1,22,9,121.4963165,25.1343971
111,3,12,22,34,2,07信義區,信義區忠孝東路5段與松山路口,0,0,1,1,B03,8,3,5,50,4,1,1,5,4,5,7,1,1,1,4,5,2,16,1,30,3,10,1,1,7,9,1,8,2,1,,44,44,1,22,9,121.5778154,25.04094728
111,3,12,22,34,2,07信義區,信義區忠孝東路5段與松山路口,0,0,1,2,F01,8,3,5,50,4,1,1,5,4,5,7,1,1,1,4,5,2,16,2,62,2,9,1,1,7,9,8,20,2,16,,25,44,1,22,9,121.5778154,25.04094728
111,3,12,23,58,2,10文山區,文山區辛亥路7段與忠順街1段口,0,0,2,1,F01,8,3,5,50,3,1,1,5,4,5,7,2,1,5,2,5,2,12,1,22,3,10,1,1,7,5,8,20,2,16,,8,8,1,22,9,121.554039,24.983319
111,3,12,23,58,2,10文山區,文山區辛亥路7段與忠順街1段口,0,0,2,2,C03,8,3,5,50,3,1,1,5,4,5,7,2,1,5,2,5,2,12,1,22,2,9,3,4,7,9,1,10,2,11,,44,8,1,22,9,121.554039,24.983319
111,3,12,23,58,2,10文山區,文山區辛亥路7段與忠順街1段口,0,0,2,3,H02,8,3,5,50,3,1,1,5,4,5,7,2,1,5,2,5,2,12,1,21,2,9,3,5,7,20,8,20,10,16,,67,8,1,22,9,121.554039,24.983319
111,3,13,0,20,2,02萬華區,萬華區康定路與長沙街2段口,0,0,2,1,C03,8,3,5,50,4,1,1,5,4,5,7,2,1,5,4,5,2,12,1,22,2,9,1,1,7,5,1,10,1,14,,8,8,1,22,9,121.5020682,25.040505
111,3,13,0,20,2,02萬華區,萬華區康定路與長沙街2段口,0,0,2,2,C03,8,3,5,50,4,1,1,5,4,5,7,2,1,5,4,5,2,12,1,23,3,10,1,1,7,9,1,10,1,13,,13,8,1,22,9,121.5020682,25.040505
111,3,13,0,20,2,02萬華區,萬華區康定路與長沙街2段口,0,0,2,3,H02,8,3,5,50,4,1,1,5,4,5,7,2,1,5,4,5,2,12,2,19,2,5,4,5,7,20,8,20,10,16,,67,8,1,22,9,121.5020682,25.040505
111,3,13,0,28,2,02萬華區,萬華區青年路與水源快速道路口,0,0,2,1,B03,8,3,5,60,4,1,1,5,4,5,7,1,1,1,4,5,1,15,1,53,3,10,1,1,7,9,1,8,2,1,,25,25,1,22,9,121.5042381,25.01996479
111,3,13,0,28,2,02萬華區,萬華區青年路與水源快速道路口,0,0,2,2,C03,8,3,5,60,4,1,1,5,4,5,7,1,1,1,4,5,1,15,1,41,2,9,1,1,7,9,1,10,2,12,,44,25,1,22,9,121.5042381,25.01996479
111,3,13,0,28,2,02萬華區,萬華區青年路與水源快速道路口,0,0,2,3,H02,8,3,5,60,4,1,1,5,4,5,7,1,1,1,4,5,1,15,2,37,2,9,4,5,7,20,8,20,10,16,,67,25,1,22,9,121.5042381,25.01996479
111,3,13,1,30,2,12內湖區,內湖區新明路199號前,0,0,2,1,C03,8,3,5,50,14,9,1,5,4,5,7,4,4,5,5,4,1,16,1,39,2,9,1,1,7,7,1,10,1,13,,7,7,1,22,9,121.5882506,25.05863172
111,3,13,1,30,2,12內湖區,內湖區新明路199號前,0,0,2,2,C03,8,3,5,50,14,9,1,5,4,5,7,4,4,5,5,4,1,16,1,26,2,9,1,1,7,9,1,10,1,11,,13,7,1,22,9,121.5882506,25.05863172
111,3,13,2,19,2,11南港區,南港區南港路3段130巷與南港路3段口,0,0,2,1,C03,7,3,5,30,4,2,1,5,4,5,7,3,1,8,3,5,2,16,1,21,2,9,3,4,7,5,6,18,2,14,,6,6,1,22,9,121.5883602,25.05302089
111,3,13,2,19,2,11南港區,南港區南港路3段130巷與南港路3段口,0,0,2,2,C03,7,3,5,30,4,2,1,5,4,5,7,3,1,8,3,5,2,16,1,42,2,9,3,4,7,9,1,10,2,11,,13,6,1,22,9,121.5883602,25.05302089
111,3,13,3,30,2,05中正區,中正區仁愛路1段與紹興南街口口,0,0,1,1,F01,8,3,5,50,4,2,1,5,4,5,7,2,1,9,4,4,1,15,2,32,2,5,1,1,7,9,8,20,2,16,,25,25,1,21,1,121.5233227,25.03841457
111,3,13,3,30,2,05中正區,中正區仁愛路1段與紹興南街口口,0,0,1,2,B01,8,3,5,50,4,2,1,5,4,5,7,2,1,9,4,4,1,15,1,62,3,10,1,1,7,9,1,4,2,5,,23,25,1,21,1,121.5233227,25.03841457
111,3,13,5,53,2,05中正區,中正區南海路68巷與南海路口,0,0,1,1,B03,8,2,5,50,5,1,1,5,4,5,7,4,4,5,4,5,2,17,1,79,3,10,1,1,7,9,1,8,2,1,,23,23,1,22,9,121.5087898,25.02927509
111,3,13,5,53,2,05中正區,中正區南海路68巷與南海路口,0,0,1,2,C03,8,2,5,50,5,1,1,5,4,5,7,4,4,5,4,5,2,17,1,47,2,9,1,1,7,5,1,10,2,11,,6,23,1,22,9,121.5087898,25.02927509