發生年度,發生月,發生日,發生時-Hours,發生分,處理別-編號,區序,肇事地點,死亡人數,2-30日死亡人數,受傷人數,當事人序號,車種,天候,光線,道路類別,速限-速度限制,道路型態,事故位置,路面狀況1,路面狀況2,路面狀況3,道路障礙1,道路障礙2,號誌1,號誌2,車道劃分-分向,車道劃分-分道1,車道劃分-分道2,車道劃分-分道3,事故類型及型態,性別,年齡,受傷程度,主要傷處,安全帽,行動電話,車輛用途,當事者行動狀態,駕駛資格情形,駕駛執照種類,飲酒情形,車輛撞擊部位1,車輛撞擊部位2,肇因碼-個別,肇因碼-主要,個人肇逃否,職業,旅次目的,座標-X,座標-Y
111,3,13,7,21,2,02萬華區,萬華區西園路2段與西園路2段372巷口,0,0,1,1,C03,8,1,5,30,4,1,1,5,4,5,7,3,1,10,5,5,2,16,2,67,2,9,1,1,7,9,1,10,2,14,,6,6,1,22,9,121.4914248,25.0250822
111,3,13,7,21,2,02萬華區,萬華區西園路2段與西園路2段372巷口,0,0,1,2,B03,8,1,5,30,4,1,1,5,4,5,7,3,1,10,5,5,2,16,1,24,3,10,1,1,7,9,1,8,2,5,,14,6,1,22,9,121.4914248,25.0250822
111,3,13,7,26,2,11南港區,南港區重陽路218-1號與重陽路263巷口,0,0,1,1,B03,8,1,5,50,4,1,1,5,4,4,7,4,4,8,3,4,2,3,1,53,3,10,3,4,7,9,1,8,2,1,,15,15,1,22,9,121.6033322,25.05766345
111,3,13,7,26,2,11南港區,南港區重陽路218-1號與重陽路263巷口,0,0,1,2,H01,8,1,5,50,4,1,1,5,4,4,7,4,4,8,3,4,2,3,2,13,2,9,4,5,8,16,8,20,9,16,,67,15,1,22,9,121.6033322,25.05766345
111,3,13,9,0,2,05中正區,中正區忠孝東路1段與鎮江街口,0,0,1,1,B01,8,1,5,50,4,2,1,5,4,5,7,1,1,3,1,5,2,16,1,71,3,10,1,1,7,6,4,8,2,2,,26,26,1,22,9,121.5215775,25.04509124
111,3,13,9,0,2,05中正區,中正區忠孝東路1段與鎮江街口,0,0,1,2,C03,8,1,5,50,4,2,1,5,4,5,7,1,1,3,1,5,2,16,2,31,2,9,1,1,7,9,1,10,2,11,,44,26,1,22,9,121.5215775,25.04509124
111,3,13,9,45,2,02萬華區,萬華區萬大路277巷37弄5-1號,0,0,1,1,B03,8,1,5,30,14,9,1,5,4,5,7,1,1,4,5,5,2,12,1,49,3,10,1,1,7,4,1,8,1,2,,17,17,1,22,9,121.5029728,25.02670537
111,3,13,9,45,2,02萬華區,萬華區萬大路277巷37弄5-1號,0,0,1,2,F01,8,1,5,30,14,9,1,5,4,5,7,1,1,4,5,5,2,12,1,83,2,9,1,1,7,9,8,20,1,15,,44,17,1,22,9,121.5029728,25.02670537
111,3,13,10,4,2,09北投區,北投區泉源路67-7號前,0,0,1,1,B03,8,1,5,50,14,9,1,5,4,5,7,4,4,9,4,5,1,16,1,56,3,10,1,1,7,11,1,8,1,8,,44,44,1,22,9,121.517418,25.142877
111,3,13,10,4,2,09北投區,北投區泉源路67-7號前,0,0,1,2,C02,8,1,5,50,14,9,1,5,4,5,7,4,4,9,4,5,1,16,1,70,2,9,1,1,7,9,1,9,1,11,,4,44,1,22,9,121.517418,25.142877
111,3,13,10,16,2,10文山區,文山區新光路2段與新光路2段74巷口,0,0,1,1,C03,8,1,5,40,15,9,1,5,4,5,7,4,4,5,2,5,2,26,1,18,2,9,1,1,7,9,1,10,2,11,14,43,43,1,22,9,121.5940079,24.99629483
111,3,13,10,16,2,10文山區,文山區新光路2段與新光路2段74巷口,0,0,1,2,,8,1,5,40,15,9,1,5,4,5,7,4,4,5,2,5,2,26,3,,,,,,,,,,,,,67,43,,,,121.5940079,24.99629483
111,3,13,10,18,2,12內湖區,內湖區陽光街1號,0,0,1,1,C03,8,1,5,50,14,9,3,5,2,1,7,4,4,10,5,5,2,18,1,71,2,9,1,1,7,9,1,10,2,12,,23,23,1,22,9,121.5894808,25.07734874
111,3,13,10,18,2,12內湖區,內湖區陽光街1號,0,0,1,2,,8,1,5,50,14,9,3,5,2,1,7,4,4,10,5,5,2,18,3,,,,,,,,,,,,,67,23,1,,,121.5894808,25.07734874
111,3,13,10,39,2,11南港區,南港區研究院路2段9-1號,0,0,1,1,A05,8,1,5,50,14,9,1,5,4,5,7,1,1,8,3,5,1,12,2,54,3,10,3,4,7,9,1,2,2,2,,17,17,1,22,9,121.6154189,25.0467787
111,3,13,10,39,2,11南港區,南港區研究院路2段9-1號,0,0,1,2,C03,8,1,5,50,14,9,1,5,4,5,7,1,1,8,3,5,1,12,1,64,2,7,1,4,7,9,1,10,2,14,,44,17,1,22,9,121.6154189,25.0467787
111,3,13,10,53,2,09北投區,北投區秀山路85巷與秀山路口,0,0,1,1,C03,8,1,5,30,3,1,1,5,4,5,7,4,4,10,5,5,2,18,1,63,2,9,1,1,7,6,1,10,1,12,,42,42,1,22,9,121.4931277,25.14705343
111,3,13,10,53,2,09北投區,北投區秀山路85巷與秀山路口,0,0,1,2,,8,1,5,30,3,1,1,5,4,5,7,4,4,10,5,5,2,18,3,,,,,,,,,,,,,67,42,1,,,121.4931277,25.14705343
111,3,13,11,3,2,09北投區,北投區中央北路4段與中央北路4段583巷口,0,0,1,1,B12,8,1,5,50,4,1,1,5,4,5,7,1,1,4,4,5,2,16,1,57,3,10,1,1,7,5,6,18,2,6,,6,6,1,22,9,121.4655969,25.12603793
111,3,13,11,3,2,09北投區,北投區中央北路4段與中央北路4段583巷口,0,0,1,2,C03,8,1,5,50,4,1,1,5,4,5,7,1,1,4,4,5,2,16,2,30,2,9,1,1,7,9,1,10,2,11,,13,6,1,22,9,121.4655969,25.12603793
111,3,13,11,4,2,04大安區,大安區羅斯福路4段與基隆路4段口,0,0,1,1,B03,8,1,5,50,4,1,1,5,4,5,7,1,1,1,4,5,2,16,1,39,3,10,3,4,7,5,1,8,1,8,,8,8,1,22,9,121.537122,25.01143056
111,3,13,11,4,2,04大安區,大安區羅斯福路4段與基隆路4段口,0,0,1,2,C03,8,1,5,50,4,1,1,5,4,5,7,1,1,1,4,5,2,16,1,23,2,9,3,4,7,9,1,10,1,11,,44,8,1,22,9,121.537122,25.01143056
111,3,13,11,58,2,04大安區,大安區建國南路1段275號,0,0,2,1,C03,8,1,5,50,14,9,1,5,4,5,7,2,1,1,4,5,2,13,1,27,2,7,1,1,7,9,1,10,1,11,,23,23,1,22,9,121.5382552,25.03635491
111,3,13,11,58,2,04大安區,大安區建國南路1段275號,0,0,2,2,C03,8,1,5,50,14,9,1,5,4,5,7,2,1,1,4,5,2,13,1,36,2,9,1,1,7,9,1,10,1,13,,44,23,1,22,9,121.5382552,25.03635491
111,3,13,12,28,2,02萬華區,萬華區環河南路1段111號,0,0,2,1,C03,8,1,5,50,14,9,1,5,4,5,7,4,4,8,3,5,1,13,2,51,2,7,1,1,7,9,1,10,1,11,,16,16,1,22,9,121.5052472,25.04792339
111,3,13,12,28,2,02萬華區,萬華區環河南路1段111號,0,0,2,2,C03,8,1,5,50,14,9,1,5,4,5,7,4,4,8,3,5,1,13,2,55,3,10,1,1,7,12,1,10,1,13,,42,16,1,22,9,121.5052472,25.04792339
111,3,13,12,28,2,02萬華區,萬華區環河南路1段111號,0,0,2,3,H02,8,1,5,50,14,9,1,5,4,5,7,4,4,8,3,5,1,13,1,70,2,8,4,5,7,21,8,20,10,16,,67,16,1,22,9,121.5052472,25.04792339
111,3,13,12,41,2,02萬華區,萬華區中華路1段與桂林路口,0,0,1,1,C03,8,1,5,50,5,2,1,5,4,5,7,1,1,1,5,5,2,18,1,26,2,9,1,1,7,12,1,10,1,14,,42,42,1,22,9,121.5067702,25.03771878
111,3,13,12,41,2,02萬華區,萬華區中華路1段與桂林路口,0,0,1,2,,8,1,5,50,5,2,1,5,4,5,7,1,1,1,5,5,2,18,3,,,,,,,,,,,,,67,42,1,,,121.5067702,25.03771878
111,3,13,12,42,2,08士林區,士林區重慶北路4段與延平北路5段136巷口,0,0,1,1,C03,8,1,5,40,3,1,1,5,4,5,7,4,4,10,5,4,1,16,1,22,3,10,1,1,7,6,1,10,1,12,,9,9,1,22,9,121.5123928,25.08243067
111,3,13,12,42,2,08士林區,士林區重慶北路4段與延平北路5段136巷口,0,0,1,2,C03,8,1,5,40,3,1,1,5,4,5,7,4,4,10,5,4,1,16,1,18,3,10,1,1,7,9,1,10,1,11,,44,9,1,22,9,121.5123928,25.08243067
111,3,13,12,42,2,08士林區,士林區重慶北路4段與延平北路5段136巷口,0,0,1,3,H02,8,1,5,40,3,1,1,5,4,5,7,4,4,10,5,4,1,16,2,19,2,7,4,5,7,20,8,20,10,16,,67,9,1,22,9,121.5123928,25.08243067
111,3,13,12,54,2,02萬華區,萬華區忠孝西路2段與西寧南路口,0,0,1,1,B03,8,1,5,50,4,1,1,5,4,5,7,2,1,2,5,5,1,16,1,50,3,10,1,4,7,9,1,8,1,5,,25,25,1,22,9,121.5075934,25.04857017
111,3,13,12,54,2,02萬華區,萬華區忠孝西路2段與西寧南路口,0,0,1,2,C03,8,1,5,50,4,1,1,5,4,5,7,2,1,2,5,5,1,16,1,49,2,9,1,4,7,7,6,10,1,14,,25,25,1,22,9,121.5075934,25.04857017
111,3,13,13,32,2,05中正區,中正區重慶南路3段與福州街口,0,0,2,1,C03,8,1,5,50,15,18,1,5,4,5,7,2,1,1,4,5,2,3,1,35,2,9,1,1,7,9,1,10,2,11,,15,15,1,22,9,121.515946,25.02762091
111,3,13,13,32,2,05中正區,中正區重慶南路3段與福州街口,0,0,2,2,H01,8,1,5,50,15,18,1,5,4,5,7,2,1,1,4,5,2,3,2,29,2,9,4,5,8,16,8,20,10,16,,67,15,1,22,9,121.515946,25.02762091
111,3,13,14,20,2,12內湖區,內湖區康樂街與康樂街85巷口,0,0,1,1,C03,8,1,5,50,4,1,1,5,4,5,7,1,1,5,5,5,2,3,1,47,4,11,3,4,7,15,7,19,11,15,,15,15,2,22,9,121.6186413,25.0694335
111,3,13,14,20,2,12內湖區,內湖區康樂街與康樂街85巷口,0,0,1,2,H01,8,1,5,50,4,1,1,5,4,5,7,1,1,5,5,5,2,3,2,43,2,8,4,5,8,16,8,20,10,16,,67,15,1,22,9,121.6186413,25.0694335
111,3,13,14,20,2,11南港區,南港區東新街與東新街89巷口,0,0,1,1,B03,8,1,5,50,3,1,1,5,4,5,7,4,4,8,5,5,1,15,1,46,3,10,1,1,7,21,1,8,2,5,,6,6,1,22,9,121.5890166,25.04659206
111,3,13,14,20,2,11南港區,南港區東新街與東新街89巷口,0,0,1,2,C03,8,1,5,50,3,1,1,5,4,5,7,4,4,8,5,5,1,15,1,23,2,9,1,1,7,9,1,10,2,11,,14,6,1,22,9,121.5890166,25.04659206
111,3,13,14,44,2,10文山區,文山區木柵路1段133號,0,0,1,1,C03,8,1,5,50,14,9,1,5,4,5,7,2,1,4,3,5,2,12,1,66,2,9,1,1,7,9,1,10,1,12,,44,44,1,22,9,121.5488586,24.98735817
111,3,13,14,44,2,10文山區,文山區木柵路1段133號,0,0,1,2,,8,1,5,50,14,9,1,5,4,5,7,2,1,4,3,5,2,12,4,,4,11,3,4,7,15,7,19,11,15,,43,44,2,22,9,121.5488586,24.98735817
111,3,13,14,57,2,05中正區,中正區重慶南路1段與襄陽路口,0,0,1,1,C03,8,1,5,50,3,2,1,5,4,5,7,1,1,9,4,5,2,17,1,26,2,9,1,1,7,6,1,10,1,11,,23,23,1,22,9,121.5133051,25.04343844
111,3,13,14,57,2,05中正區,中正區重慶南路1段與襄陽路口,0,0,1,2,B02,8,1,5,50,3,2,1,5,4,5,7,1,1,9,4,5,2,17,1,39,3,10,1,1,7,6,1,8,1,6,,17,23,1,22,9,121.5133051,25.04343844
111,3,13,15,0,2,03中山區,中山區美堤河濱公園自行車道030燈桿處,0,0,3,1,F01,8,1,8,40,15,22,1,5,4,5,7,4,4,9,5,5,2,17,1,26,2,9,1,1,7,4,8,20,1,16,,44,44,1,22,9,121.5632539,25.07367835
111,3,13,15,0,2,03中山區,中山區美堤河濱公園自行車道030燈桿處,0,0,3,2,F01,8,1,8,40,15,22,1,5,4,5,7,4,4,9,5,5,2,17,1,20,2,7,1,1,7,4,8,20,1,16,,16,44,1,22,9,121.5632539,25.07367835
111,3,13,15,0,2,03中山區,中山區美堤河濱公園自行車道030燈桿處,0,0,3,3,F01,8,1,8,40,15,22,1,5,4,5,7,4,4,9,5,5,2,17,1,26,2,8,1,1,7,4,8,20,1,16,,16,44,1,22,9,121.5632539,25.07367835
111,3,13,15,0,2,03中山區,中山區美堤河濱公園自行車道030燈桿處,0,0,3,4,F01,8,1,8,40,15,22,1,5,4,5,7,4,4,9,5,5,2,17,2,6,3,10,1,1,7,15,8,20,1,16,,26,44,1,22,9,121.5632539,25.07367835
111,3,13,15,1,2,11南港區,南港區研究院路1段151巷與研究院路1段口,0,0,2,1,B03,8,1,5,50,4,1,1,5,4,5,7,1,1,8,3,5,2,16,2,50,3,10,3,4,7,6,1,8,1,2,,9,9,1,22,9,121.6159674,25.04921152
111,3,13,15,1,2,11南港區,南港區研究院路1段151巷與研究院路1段口,0,0,2,2,C03,8,1,5,50,4,1,1,5,4,5,7,1,1,8,3,5,2,16,1,18,2,7,1,4,7,9,1,10,1,14,,13,9,1,22,9,121.6159674,25.04921152
111,3,13,15,1,2,11南港區,南港區研究院路1段151巷與研究院路1段口,0,0,2,3,H02,8,1,5,50,4,1,1,5,4,5,7,1,1,8,3,5,2,16,2,19,2,8,1,4,7,20,8,20,1,15,,67,9,1,22,9,121.6159674,25.04921152
111,3,13,15,10,2,07信義區,信義區大道路與大道路94巷口,0,0,3,1,C03,8,1,5,30,4,1,1,5,4,5,7,4,4,9,5,5,2,15,1,20,2,6,1,1,7,9,1,10,1,11,,6,6,1,22,9,121.5826455,25.04044353
111,3,13,15,10,2,07信義區,信義區大道路與大道路94巷口,0,0,3,2,C03,8,1,5,30,4,1,1,5,4,5,7,4,4,9,5,5,2,15,2,45,2,9,1,1,7,9,4,11,1,13,,6,6,1,22,9,121.5826455,25.04044353
111,3,13,15,10,2,07信義區,信義區大道路與大道路94巷口,0,0,3,3,H02,8,1,5,30,4,1,1,5,4,5,7,4,4,9,5,5,2,15,2,21,2,9,1,5,7,20,8,20,10,16,,67,6,1,22,9,121.5826455,25.04044353
111,3,13,15,23,2,04大安區,大安區建國南路2段與建國南路2段69巷口口,0,0,1,1,B03,8,1,5,50,3,1,1,5,4,5,7,1,1,8,3,4,1,16,1,81,3,10,1,1,7,1,6,18,1,1,,19,19,1,22,9,121.5380541,25.03117246
111,3,13,15,23,2,04大安區,大安區建國南路2段與建國南路2段69巷口口,0,0,1,2,C03,8,1,5,50,3,1,1,5,4,5,7,1,1,8,3,4,1,16,1,52,2,3,1,1,7,9,1,10,1,11,,44,19,1,22,9,121.5380541,25.03117246
111,3,13,15,23,2,04大安區,大安區建國南路2段與建國南路2段69巷口口,0,0,1,3,H02,8,1,5,50,3,1,1,5,4,5,7,1,1,8,3,4,1,16,1,15,3,10,1,1,7,20,8,20,10,16,,67,19,1,22,9,121.5380541,25.03117246
111,3,13,15,23,2,09北投區,北投區榮華三路與榮華三路14巷口,0,0,1,1,B03,8,1,5,30,5,1,1,5,4,5,7,4,4,9,4,5,1,16,2,70,3,10,1,1,7,9,1,8,2,1,,6,6,1,22,9,121.523034,25.11395218
111,3,13,15,23,2,09北投區,北投區榮華三路與榮華三路14巷口,0,0,1,2,C03,8,1,5,30,5,1,1,5,4,5,7,4,4,9,4,5,1,16,1,51,2,9,1,1,7,9,1,10,2,12,,23,6,1,22,9,121.523034,25.11395218
111,3,13,15,32,2,04大安區,大安區基隆路3段與臥龍街口,0,0,2,1,C03,8,1,5,50,14,9,1,5,4,5,7,4,4,1,4,5,2,12,1,49,2,9,3,4,7,6,1,10,1,14,,17,17,1,22,9,121.5483246,25.0203812
111,3,13,15,32,2,04大安區,大安區基隆路3段與臥龍街口,0,0,2,2,C03,8,1,5,50,14,9,1,5,4,5,7,4,4,1,4,5,2,12,1,19,2,8,3,4,7,8,1,10,1,12,,7,17,1,22,9,121.5483246,25.0203812
111,3,13,15,38,2,03中山區,中山區植福路與樂群三路口,0,0,2,3,H02,8,1,5,40,4,1,1,5,4,5,7,2,1,9,5,5,2,12,2,19,2,9,4,5,7,17,8,20,10,16,,67,10,1,22,9,121.5606369,25.08259719
111,3,13,15,38,2,03中山區,中山區植福路與樂群三路口,0,0,2,1,B02,8,1,5,40,4,1,1,5,4,5,7,2,1,9,5,5,2,12,1,54,3,10,3,4,7,11,1,8,1,4,,10,10,1,22,9,121.5606369,25.08259719
111,3,13,15,38,2,03中山區,中山區植福路與樂群三路口,0,0,2,2,C03,8,1,5,40,4,1,1,5,4,5,7,2,1,9,5,5,2,12,1,18,2,9,3,4,7,9,1,10,1,11,,13,10,1,22,9,121.5606369,25.08259719
111,3,13,15,55,2,04大安區,大安區辛亥路1段與羅斯福路3段口,0,0,2,1,B03,8,1,5,50,4,1,1,5,4,5,7,2,1,10,5,5,2,16,1,55,3,10,3,4,7,6,1,8,2,2,,17,17,1,22,9,121.529251,25.01987548
111,3,13,15,55,2,04大安區,大安區辛亥路1段與羅斯福路3段口,0,0,2,2,C03,8,1,5,50,4,1,1,5,4,5,7,2,1,10,5,5,2,16,1,71,2,9,1,4,7,9,1,10,2,11,,44,17,1,22,9,121.529251,25.01987548
111,3,13,15,55,2,04大安區,大安區辛亥路1段與羅斯福路3段口,0,0,2,3,H02,8,1,5,50,4,1,1,5,4,5,7,2,1,10,5,5,2,16,2,67,2,9,1,5,7,20,8,20,10,16,,67,17,1,22,9,121.529251,25.01987548
111,3,13,16,24,2,10文山區,文山區辛亥路5段與辛亥路5段25巷口,0,0,3,1,C03,8,1,5,50,4,2,1,5,4,5,7,1,1,1,4,5,2,9,1,73,2,9,1,1,7,9,1,10,2,11,,42,42,1,22,9,121.5542172,24.99999387
111,3,13,16,24,2,10文山區,文山區辛亥路5段與辛亥路5段25巷口,0,0,3,4,B03,8,1,5,50,4,2,1,5,4,5,7,1,1,1,4,5,2,9,2,54,3,10,1,1,7,5,1,8,11,15,,6,42,1,22,9,121.5542172,24.99999387
111,3,13,16,24,2,10文山區,文山區辛亥路5段與辛亥路5段25巷口,0,0,3,2,H01,8,1,5,50,4,2,1,5,4,5,7,1,1,1,4,5,2,9,2,66,2,9,4,5,8,17,8,20,10,16,,67,42,1,22,9,121.5542172,24.99999387
111,3,13,16,24,2,10文山區,文山區辛亥路5段與辛亥路5段25巷口,0,0,3,3,H01,8,1,5,50,4,2,1,5,4,5,7,1,1,1,4,5,2,9,2,19,2,8,4,5,8,17,8,20,10,16,,67,42,1,22,9,121.5542172,24.99999387
111,3,13,16,29,2,02萬華區,萬華區青年路與青年路口71號停車格旁近西藏路125巷,0,0,1,1,B03,8,1,5,30,14,9,1,5,4,5,7,4,4,5,5,5,2,12,2,56,3,10,1,1,7,8,1,8,1,5,,7,7,1,22,9,121.5036284,25.02505531
111,3,13,16,29,2,02萬華區,萬華區青年路與青年路口71號停車格旁近西藏路125巷,0,0,1,2,C03,8,1,5,30,14,9,1,5,4,5,7,4,4,5,5,5,2,12,1,47,2,9,1,1,7,9,1,10,1,14,,13,7,1,22,9,121.5036284,25.02505531
111,3,13,16,38,2,12內湖區,內湖區新明路與新明路298巷口,0,0,1,1,C03,8,1,5,50,4,2,1,5,4,5,7,1,1,5,4,5,2,12,1,23,2,9,1,1,7,5,1,10,1,11,,8,8,1,22,9,121.582185,25.05569511
111,3,13,16,38,2,12內湖區,內湖區新明路與新明路298巷口,0,0,1,2,B03,8,1,5,50,4,2,1,5,4,5,7,1,1,5,4,5,2,12,2,46,3,10,1,1,7,5,1,8,1,8,,44,8,1,22,9,121.582185,25.05569511
111,3,13,16,47,2,09北投區,北投區湖山路1段與勝利街口,0,0,1,1,B02,8,1,5,50,3,1,1,5,4,5,7,3,1,5,5,5,2,16,2,51,3,10,1,1,7,6,1,8,1,2,,43,43,1,22,9,121.5470733,25.15232598
111,3,13,16,47,2,09北投區,北投區湖山路1段與勝利街口,0,0,1,2,C03,8,1,5,50,3,1,1,5,4,5,7,3,1,5,5,5,2,16,2,27,2,9,1,1,7,9,1,10,1,11,,43,43,1,22,9,121.5470733,25.15232598
111,3,13,16,50,2,05中正區,中正區延平南路83號,0,0,1,1,C03,8,1,5,30,14,9,1,5,4,5,7,4,4,10,5,5,1,18,2,52,2,9,1,1,7,6,1,10,2,14,,42,42,1,22,9,121.5111655,25.04348616
111,3,13,16,50,2,05中正區,中正區延平南路83號,0,0,1,2,,8,1,5,30,14,9,1,5,4,5,7,4,4,10,5,5,1,18,3,,,,,,,,,,,,,67,42,1,,,121.5111655,25.04348616
111,3,13,16,53,2,05中正區,中正區青島東路8號,0,0,1,1,B03,8,1,5,50,14,7,1,5,4,5,7,4,4,9,5,4,1,17,1,49,3,10,1,1,7,1,1,8,2,8,,19,19,1,22,9,121.5221882,25.0438054
111,3,13,16,53,2,05中正區,中正區青島東路8號,0,0,1,2,C03,8,1,5,50,14,7,1,5,4,5,7,4,4,9,5,4,1,17,1,59,2,9,1,1,7,9,1,10,2,11,,23,19,1,22,9,121.5221882,25.0438054
111,3,13,16,55,2,05中正區,中正區館前路與漢口街1段口,0,0,2,1,B03,8,1,5,50,3,2,1,5,4,5,7,1,1,10,4,5,2,17,1,64,3,10,1,1,7,9,1,8,2,8,,23,23,1,22,9,121.5150116,25.04513652
111,3,13,16,55,2,05中正區,中正區館前路與漢口街1段口,0,0,2,2,C03,8,1,5,50,3,2,1,5,4,5,7,1,1,10,4,5,2,17,1,36,2,8,1,1,7,14,1,10,2,12,,44,23,1,22,9,121.5150116,25.04513652
111,3,13,16,55,2,05中正區,中正區館前路與漢口街1段口,0,0,2,3,H02,8,1,5,50,3,2,1,5,4,5,7,1,1,10,4,5,2,17,2,37,2,8,4,5,7,20,8,20,10,16,,67,23,1,22,9,121.5150116,25.04513652
111,3,13,16,56,2,09北投區,北投區承德路7段400號,0,0,1,1,C03,8,1,5,60,14,9,1,5,4,5,7,4,4,1,4,5,2,13,1,45,2,8,1,1,7,7,1,10,2,13,,7,7,1,22,9,121.5004723,25.12057199
111,3,13,16,56,2,09北投區,北投區承德路7段400號,0,0,1,2,B03,8,1,5,60,14,9,1,5,4,5,7,4,4,1,4,5,2,13,1,40,3,10,1,1,7,9,1,8,2,1,,23,7,1,22,9,121.5004723,25.12057199
111,3,13,17,0,2,03中山區,中山區林森北路與新生北路2段62巷口,0,0,1,1,B01,8,1,5,50,4,1,1,5,4,5,7,2,1,5,5,5,2,17,1,59,3,10,3,4,7,8,1,4,1,6,,7,7,1,22,9,121.5255382,25.05622092
111,3,13,17,0,2,03中山區,中山區林森北路與新生北路2段62巷口,0,0,1,2,C03,8,1,5,50,4,1,1,5,4,5,7,2,1,5,5,5,2,17,1,27,2,9,1,1,7,9,1,10,1,14,,13,7,1,22,9,121.5255382,25.05622092
111,3,13,17,6,2,07信義區,信義區仁愛路4段505號,0,0,1,1,C03,8,1,5,50,14,9,1,5,4,5,7,4,4,1,4,5,1,12,1,42,3,10,1,1,7,8,1,10,1,13,,7,7,1,22,9,121.5610062,25.04114216
111,3,13,17,6,2,07信義區,信義區仁愛路4段505號,0,0,1,2,C03,8,1,5,50,14,9,1,5,4,5,7,4,4,1,4,5,1,12,1,25,2,9,1,1,7,9,1,10,1,11,,23,7,1,22,9,121.5610062,25.04114216
111,3,13,17,15,2,03中山區,中山區雙城街與雙城街19巷口,0,0,1,1,B01,8,1,5,30,4,1,1,5,4,5,7,4,4,10,5,5,2,16,1,42,3,10,1,1,7,9,1,4,1,1,,6,6,1,22,9,121.5242957,25.0654144
111,3,13,17,15,2,03中山區,中山區雙城街與雙城街19巷口,0,0,1,2,B03,8,1,5,30,4,1,1,5,4,5,7,4,4,10,5,5,2,16,1,33,3,10,1,1,7,9,1,8,1,4,,23,6,1,22,9,121.5242957,25.0654144
111,3,13,17,15,2,03中山區,中山區雙城街與雙城街19巷口,0,0,1,3,H02,8,1,5,30,4,1,1,5,4,5,7,4,4,10,5,5,2,16,2,45,2,1,1,5,7,21,8,20,10,16,,67,6,1,22,9,121.5242957,25.0654144
111,3,13,17,30,2,12內湖區,內湖區金湖路289號,0,0,1,1,B02,8,1,5,50,14,9,1,5,4,5,7,4,4,9,4,5,2,16,1,53,3,10,1,1,7,11,1,8,2,6,,10,10,1,22,9,121.5999883,25.0784587
111,3,13,17,30,2,12內湖區,內湖區金湖路289號,0,0,1,2,C03,8,1,5,50,14,9,1,5,4,5,7,4,4,9,4,5,2,16,1,24,2,9,1,1,7,9,1,10,9,11,,23,10,1,22,9,121.5999883,25.0784587
111,3,13,17,35,2,10文山區,文山區羅斯福路5段260號,0,0,1,1,C03,8,1,5,50,14,9,1,5,4,5,7,4,4,1,4,5,2,12,2,18,2,9,1,1,7,1,1,10,1,14,,19,19,1,22,9,121.5392944,25.00101944
111,3,13,17,35,2,10文山區,文山區羅斯福路5段260號,0,0,1,2,B01,8,1,5,50,14,9,1,5,4,5,7,4,4,1,4,5,2,12,1,45,3,10,1,1,7,9,1,8,2,5,,23,19,1,22,9,121.5392944,25.00101944
111,3,13,17,35,2,10文山區,文山區羅斯福路5段260號,0,0,1,3,B03,8,1,5,50,14,9,1,5,4,5,7,4,4,1,4,5,2,12,1,53,3,10,1,1,7,13,1,8,1,4,,44,19,1,22,9,121.5392944,25.00101944
111,3,13,18,15,2,05中正區,中正區汀州路3段230巷與汀州路3段口,0,0,1,1,C03,8,3,5,50,4,1,1,5,4,5,7,4,4,5,4,5,2,16,1,21,3,10,1,1,7,1,1,10,1,14,,19,19,1,22,9,121.5358874,25.01152931
111,3,13,18,15,2,05中正區,中正區汀州路3段230巷與汀州路3段口,0,0,1,2,C04,8,3,5,50,4,1,1,5,4,5,7,4,4,5,4,5,2,16,2,29,2,9,1,1,7,9,1,9,1,12,,44,19,1,22,9,121.5358874,25.01152931
111,3,13,18,18,2,06松山區,松山區北寧路與北寧路56巷口,0,0,3,1,C03,8,3,5,50,3,2,1,5,4,5,7,2,1,4,3,4,2,16,1,26,2,8,1,1,7,9,1,10,1,11,,23,23,1,22,9,121.5526777,25.0498539
111,3,13,18,18,2,06松山區,松山區北寧路與北寧路56巷口,0,0,3,2,C04,8,3,5,50,3,2,1,5,4,5,7,2,1,4,3,4,2,16,1,73,2,8,1,1,7,5,1,8,1,13,,8,23,1,22,9,121.5526777,25.0498539
111,3,13,18,18,2,06松山區,松山區北寧路與北寧路56巷口,0,0,3,3,H02,8,3,5,50,3,2,1,5,4,5,7,2,1,4,3,4,2,16,2,69,2,9,1,5,7,20,8,20,10,16,,67,23,1,22,9,121.5526777,25.0498539
111,3,13,19,15,2,12內湖區,內湖區內湖路1段與文湖街口,0,0,1,1,B03,8,3,5,50,3,2,1,5,4,5,7,4,4,1,4,4,2,17,1,34,3,10,1,1,7,14,1,8,1,2,,26,26,1,22,9,121.5591969,25.08512433
111,3,13,19,15,2,12內湖區,內湖區內湖路1段與文湖街口,0,0,1,2,C03,8,3,5,50,3,2,1,5,4,5,7,4,4,1,4,4,2,17,1,59,2,9,1,1,7,9,6,10,1,14,,23,26,1,22,9,121.5591969,25.08512433
111,3,13,21,4,2,10文山區,文山區木柵路3段與保儀路口,0,0,1,1,B12,8,3,5,30,4,1,1,5,4,5,7,2,1,5,2,5,2,17,4,,4,11,3,4,7,15,7,19,11,15,,43,43,2,22,9,121.5685098,24.9888831
111,3,13,21,4,2,10文山區,文山區木柵路3段與保儀路口,0,0,1,2,C03,8,3,5,30,4,1,1,5,4,5,7,2,1,5,2,5,2,17,1,17,2,8,1,4,7,9,2,18,2,12,,44,43,1,22,9,121.5685098,24.9888831