發生年度,發生月,發生日,發生時-Hours,發生分,處理別-編號,區序,肇事地點,死亡人數,2-30日死亡人數,受傷人數,當事人序號,車種,天候,光線,道路類別,速限-速度限制,道路型態,事故位置,路面狀況1,路面狀況2,路面狀況3,道路障礙1,道路障礙2,號誌1,號誌2,車道劃分-分向,車道劃分-分道1,車道劃分-分道2,車道劃分-分道3,事故類型及型態,性別,年齡,受傷程度,主要傷處,安全帽,行動電話,車輛用途,當事者行動狀態,駕駛資格情形,駕駛執照種類,飲酒情形,車輛撞擊部位1,車輛撞擊部位2,肇因碼-個別,肇因碼-主要,個人肇逃否,職業,旅次目的,座標-X,座標-Y
111,3,13,21,7,2,10文山區,文山區和平東路4段與萬美街1段口,0,0,1,1,B01,8,3,5,50,3,1,1,5,3,5,7,1,1,8,4,5,1,11,1,69,3,10,1,4,7,5,1,4,1,8,,6,6,1,21,9,121.5718897,25.00235356
111,3,13,21,7,2,10文山區,文山區和平東路4段與萬美街1段口,0,0,1,2,C03,8,3,5,50,3,1,1,5,3,5,7,1,1,8,4,5,1,11,1,45,2,8,1,4,7,9,1,10,1,11,,44,6,1,21,9,121.5718897,25.00235356
111,3,13,21,44,2,02萬華區,萬華區西寧南路與漢口街2段口,0,0,1,1,C03,8,3,5,50,4,2,1,5,4,5,7,1,1,9,4,5,2,16,2,41,2,7,1,1,7,6,1,10,1,14,,9,9,1,22,9,121.5067152,25.0456671
111,3,13,21,44,2,02萬華區,萬華區西寧南路與漢口街2段口,0,0,1,2,B01,8,3,5,50,4,2,1,5,4,5,7,1,1,9,4,5,2,16,1,59,3,10,1,1,7,9,1,4,1,1,,44,9,1,22,9,121.5067152,25.0456671
111,3,13,21,48,2,03中山區,中山區建國北路3段榮星花園旁第47號停車格,0,0,1,1,C03,8,3,5,50,14,9,1,5,4,5,7,4,4,1,4,5,2,16,1,21,2,7,1,1,7,9,1,10,1,11,,23,23,1,22,9,121.5394677,25.0624589
111,3,13,21,48,2,03中山區,中山區建國北路3段榮星花園旁第47號停車格,0,0,1,2,B03,8,3,5,50,14,9,1,5,4,5,7,4,4,1,4,5,2,16,1,48,3,10,3,4,7,9,1,8,1,7,,44,23,1,22,9,121.5394677,25.0624589
111,3,13,21,53,2,05中正區,中正區公園路與貴陽街1段口,0,0,3,1,C03,8,3,5,50,4,1,1,5,4,5,7,1,1,10,4,5,2,16,2,19,2,9,1,1,7,9,1,10,2,12,,13,13,1,22,9,121.5152831,25.03851123
111,3,13,21,53,2,05中正區,中正區公園路與貴陽街1段口,0,0,3,2,C03,8,3,5,50,4,1,1,5,4,5,7,1,1,10,4,5,2,16,1,20,2,9,1,1,7,5,1,10,2,14,,8,13,1,22,9,121.5152831,25.03851123
111,3,13,21,53,2,05中正區,中正區公園路與貴陽街1段口,0,0,3,3,H02,8,3,5,50,4,1,1,5,4,5,7,1,1,10,4,5,2,16,2,22,2,9,1,5,7,21,8,20,10,16,,67,13,1,22,9,121.5152831,25.03851123
111,3,13,22,0,2,08士林區,士林區至善路1段與臨溪路口口,0,0,1,1,B03,8,3,5,50,3,1,1,5,4,5,7,2,1,1,4,5,1,15,1,53,3,10,1,1,7,15,1,8,1,6,,25,25,1,22,9,121.5424278,25.09711593
111,3,13,22,0,2,08士林區,士林區至善路1段與臨溪路口口,0,0,1,2,C03,8,3,5,50,3,1,1,5,4,5,7,2,1,1,4,5,1,15,1,18,2,9,1,1,7,9,1,10,1,11,,25,25,1,22,9,121.5424278,25.09711593
111,3,13,22,28,2,10文山區,文山區羅斯福路4段與基隆路4段口,0,0,2,1,C03,8,3,5,50,5,1,1,5,4,5,7,1,1,1,4,5,2,16,1,30,3,10,1,1,7,8,1,10,1,13,,7,7,1,22,9,121.5370234,25.01095995
111,3,13,22,28,2,10文山區,文山區羅斯福路4段與基隆路4段口,0,0,2,2,C03,8,3,5,50,5,1,1,5,4,5,7,1,1,1,4,5,2,16,1,30,2,8,1,1,7,9,1,10,1,11,,13,7,1,22,9,121.5370234,25.01095995
111,3,13,22,28,2,10文山區,文山區羅斯福路4段與基隆路4段口,0,0,2,3,H02,8,3,5,50,5,1,1,5,4,5,7,1,1,1,4,5,2,16,2,25,2,9,1,5,7,20,8,20,10,16,,67,7,1,22,9,121.5370234,25.01095995
111,3,13,22,42,2,05中正區,中正區和平西路1段與廈門街口,0,0,1,1,B03,8,3,5,50,4,1,1,5,4,5,7,1,1,1,4,5,2,11,1,27,3,10,1,1,7,5,1,8,2,6,,8,8,1,22,9,121.5179999,25.02680132
111,3,13,22,42,2,05中正區,中正區和平西路1段與廈門街口,0,0,1,2,C03,8,3,5,50,4,1,1,5,4,5,7,1,1,1,4,5,2,11,1,18,2,9,1,1,7,9,1,10,2,11,,23,8,1,22,9,121.5179999,25.02680132
111,3,13,23,19,2,08士林區,士林區基河路與承德路4段195巷口,0,0,2,1,B03,8,3,5,50,4,2,1,5,4,5,7,2,1,9,4,5,1,17,1,24,3,10,1,1,7,5,1,8,2,15,,6,6,1,22,9,121.5233434,25.08888357
111,3,13,23,19,2,08士林區,士林區基河路與承德路4段195巷口,0,0,2,2,C03,8,3,5,50,4,2,1,5,4,5,7,2,1,9,4,5,1,17,1,24,2,8,1,1,7,9,1,10,2,14,,45,6,1,22,9,121.5233434,25.08888357
111,3,13,23,19,2,08士林區,士林區基河路與承德路4段195巷口,0,0,2,3,H02,8,3,5,50,4,2,1,5,4,5,7,2,1,9,4,5,1,17,2,24,2,8,4,5,7,20,8,20,10,16,,67,6,1,22,9,121.5233434,25.08888357
111,3,14,0,3,2,03中山區,中山區民權西路79號,0,0,1,2,C03,8,3,5,50,14,9,1,5,4,5,7,1,1,1,4,5,2,12,1,33,2,7,1,4,7,9,1,10,1,11,,23,7,1,22,9,121.519579,25.06294979
111,3,14,0,3,2,03中山區,中山區民權西路79號,0,0,1,1,A02,8,3,5,50,14,9,1,5,4,5,7,1,1,1,4,5,2,12,1,45,4,11,3,4,7,10,7,19,11,15,,7,7,2,22,9,121.519579,25.06294979
111,3,14,1,13,2,03中山區,中山區林森北路與民生東路1段口,0,0,1,1,B01,7,3,5,50,4,1,1,5,4,5,7,1,1,5,4,5,2,17,1,62,3,10,1,1,7,5,1,4,1,1,,6,6,1,22,9,121.5255279,25.05805292
111,3,14,1,13,2,03中山區,中山區林森北路與民生東路1段口,0,0,1,2,C03,7,3,5,50,4,1,1,5,4,5,7,1,1,5,4,5,2,17,1,31,2,8,1,1,7,9,1,10,1,11,,44,6,1,22,9,121.5255279,25.05805292
111,3,14,5,50,2,06松山區,松山區麥帥二橋,0,0,1,1,B03,8,2,5,60,14,9,1,5,4,5,7,4,4,1,3,5,2,12,1,39,3,10,1,1,7,9,1,8,1,2,,23,23,1,22,9,121.5703106,25.05494886
111,3,14,5,50,2,06松山區,松山區麥帥二橋,0,0,1,2,C02,8,2,5,60,14,9,1,5,4,5,7,4,4,1,3,5,2,12,1,28,2,9,1,1,7,9,1,9,1,15,,44,23,1,22,9,121.5703106,25.05494886
111,3,14,6,5,2,04大安區,大安區羅斯福路4段50號,0,0,1,1,B03,8,1,5,50,14,9,1,5,4,5,7,4,4,1,4,5,2,12,1,46,3,10,3,4,7,9,1,8,1,2,,17,17,1,22,9,121.5340422,25.01518971
111,3,14,6,5,2,04大安區,大安區羅斯福路4段50號,0,0,1,2,C03,8,1,5,50,14,9,1,5,4,5,7,4,4,1,4,5,2,12,1,61,2,9,3,4,7,9,1,10,1,14,,44,17,1,22,9,121.5340422,25.01518971
111,3,14,6,10,2,03中山區,中山區中山北路2段與民權西路1段口,0,0,1,1,B03,8,1,5,50,4,2,1,5,4,5,7,1,1,1,4,5,2,12,1,21,3,10,1,1,7,1,1,8,1,5,,23,23,1,22,9,121.5172713,25.0626833
111,3,14,6,10,2,03中山區,中山區中山北路2段與民權西路1段口,0,0,1,2,C03,8,1,5,50,4,2,1,5,4,5,7,1,1,1,4,5,2,12,2,62,2,8,1,1,7,14,1,10,1,14,,44,23,1,22,9,121.5172713,25.0626833
111,3,14,6,46,2,01大同區,大同區長安西路與長安西路40巷口,0,0,2,1,F01,8,1,5,50,4,1,1,5,4,5,7,3,1,9,4,4,2,12,1,72,2,9,1,1,7,5,8,20,1,16,,8,8,1,22,9,121.5202277,25.05014876
111,3,14,6,46,2,01大同區,大同區長安西路與長安西路40巷口,0,0,2,2,C03,8,1,5,50,4,1,1,5,4,5,7,3,1,9,4,4,2,12,1,51,2,9,1,1,7,9,1,9,1,11,,14,8,1,22,9,121.5202277,25.05014876
111,3,14,7,8,2,05中正區,中正區中華路2段與廣州街口口,0,0,1,1,A02,8,1,5,50,4,2,1,5,4,5,7,1,1,1,4,5,1,9,1,65,3,10,1,1,7,9,1,2,9,4,,44,44,1,22,9,121.5066094,25.0358523
111,3,14,7,8,2,05中正區,中正區中華路2段與廣州街口口,0,0,1,2,H02,8,1,5,50,4,2,1,5,4,5,7,1,1,1,4,5,1,9,1,41,2,9,4,5,7,17,8,20,10,16,,67,44,1,22,9,121.5066094,25.0358523
111,3,14,7,14,2,09北投區,北投區大業路與大度路1段口,0,0,1,1,C03,8,3,5,50,5,1,1,5,4,5,7,1,1,1,4,4,2,12,2,42,2,9,1,1,7,5,1,10,1,14,,8,8,1,22,9,121.4993699,25.12119204
111,3,14,7,14,2,09北投區,北投區大業路與大度路1段口,0,0,1,2,B03,8,3,5,50,5,1,1,5,4,5,7,1,1,1,4,4,2,12,1,49,3,10,1,1,7,9,1,8,1,2,,44,8,1,22,9,121.4993699,25.12119204
111,3,14,7,14,2,12內湖區,內湖區民權隧道內東往西,0,0,1,1,C03,8,1,5,40,6,12,1,5,4,5,7,4,4,7,2,5,2,13,1,70,4,11,3,4,7,15,7,19,11,15,,16,16,2,22,9,121.6031123,25.06966283
111,3,14,7,14,2,12內湖區,內湖區民權隧道內東往西,0,0,1,2,C03,8,1,5,40,6,12,1,5,4,5,7,4,4,7,2,5,2,13,1,33,2,8,1,1,7,9,1,10,1,13,,44,16,1,22,9,121.6031123,25.06966283
111,3,14,7,15,2,05中正區,中正區市民大道2段與林森北路口,0,0,2,2,C03,8,1,5,40,4,1,1,5,4,5,7,1,1,9,4,5,2,17,2,39,2,8,1,1,7,9,1,10,2,14,,17,7,1,22,9,121.5242352,25.04773296
111,3,14,7,15,2,05中正區,中正區市民大道2段與林森北路口,0,0,2,3,C03,8,1,5,40,4,1,1,5,4,5,7,1,1,9,4,5,2,17,1,56,4,11,3,4,7,15,7,19,11,15,,23,7,2,22,9,121.5242352,25.04773296
111,3,14,7,15,2,05中正區,中正區市民大道2段與林森北路口,0,0,2,1,C03,8,1,5,40,4,1,1,5,4,5,7,1,1,9,4,5,2,17,2,44,2,8,1,1,7,7,1,10,2,14,,7,7,1,22,9,121.5242352,25.04773296
111,3,14,7,15,2,05中正區,中正區市民大道2段與林森北路口,0,0,2,4,,8,1,5,40,4,1,1,5,4,5,7,1,1,9,4,5,2,17,3,,,,,,,,,,,,,67,7,1,,,121.5242352,25.04773296
111,3,14,7,23,2,08士林區,士林區德行西路與德行西路111巷口,0,0,2,1,C02,8,1,5,50,3,2,1,5,4,5,7,4,4,5,5,5,2,17,1,18,2,8,1,1,7,5,4,10,1,12,,6,6,1,22,9,121.520857,25.10398452
111,3,14,7,23,2,08士林區,士林區德行西路與德行西路111巷口,0,0,2,2,C03,8,1,5,50,3,2,1,5,4,5,7,4,4,5,5,5,2,17,1,47,2,7,1,1,7,9,1,10,1,11,,44,6,1,22,9,121.520857,25.10398452
111,3,14,7,29,2,08士林區,士林區文林路與雙溪街口,0,0,2,1,C03,8,1,5,50,5,1,1,5,4,5,7,2,1,5,5,4,2,16,1,34,2,7,3,4,7,5,1,10,1,12,,8,8,1,22,9,121.5233798,25.0996841
111,3,14,7,29,2,08士林區,士林區文林路與雙溪街口,0,0,2,2,C03,8,1,5,50,5,1,1,5,4,5,7,2,1,5,5,4,2,16,1,26,2,7,3,4,7,9,3,18,1,11,,14,8,1,22,9,121.5233798,25.0996841
111,3,14,7,30,2,03中山區,中山區民族西路與玉門街口往東,0,0,2,1,C03,8,1,5,50,14,9,1,5,4,5,7,4,4,4,3,5,1,12,2,35,2,1,1,1,7,9,1,10,2,14,,17,17,1,22,9,121.5219906,25.0684325
111,3,14,7,30,2,03中山區,中山區民族西路與玉門街口往東,0,0,2,2,C03,8,1,5,50,14,9,1,5,4,5,7,4,4,4,3,5,1,12,1,73,2,2,1,1,7,8,1,10,2,12,,17,17,1,22,9,121.5219906,25.0684325
111,3,14,7,50,2,08士林區,士林區中正路255號,0,0,1,1,B03,8,1,5,50,14,9,1,5,4,5,7,1,1,9,4,5,2,13,2,36,3,10,1,1,7,9,1,8,1,1,,16,16,1,22,9,121.5246657,25.09497896
111,3,14,7,50,2,08士林區,士林區中正路255號,0,0,1,2,C03,8,1,5,50,14,9,1,5,4,5,7,1,1,9,4,5,2,13,2,23,2,9,1,1,7,9,1,10,1,13,,44,16,1,22,9,121.5246657,25.09497896
111,3,14,7,55,2,10文山區,文山區木新路3段339巷與一壽街20巷口,0,0,1,1,C03,8,1,5,30,3,1,1,5,4,5,7,4,4,10,5,1,2,3,1,35,3,10,1,1,7,9,1,10,2,11,,23,23,1,22,9,121.5561238,24.97981012
111,3,14,7,55,2,10文山區,文山區木新路3段339巷與一壽街20巷口,0,0,1,2,H01,8,1,5,30,3,1,1,5,4,5,7,4,4,10,5,1,2,3,2,29,2,9,4,5,8,16,8,20,10,16,,67,23,1,22,9,121.5561238,24.97981012
111,3,14,8,10,2,07信義區,信義區莊敬路418號,0,0,1,1,B03,8,1,5,30,14,9,1,5,4,5,7,1,1,5,5,5,2,12,2,25,3,10,1,1,7,6,1,8,1,5,,9,9,1,22,9,121.566436,25.0271997
111,3,14,8,10,2,07信義區,信義區莊敬路418號,0,0,1,2,C03,8,1,5,30,14,9,1,5,4,5,7,1,1,5,5,5,2,12,2,28,2,8,1,1,7,6,1,10,1,14,,23,9,1,22,9,121.566436,25.0271997
111,3,14,8,26,2,03中山區,中山區民權東路2段40號,0,0,2,1,C03,8,1,5,50,14,9,1,5,4,5,7,4,4,1,4,5,2,17,1,25,2,9,1,1,7,12,1,10,1,14,,42,42,1,22,9,121.5295979,25.06249518
111,3,14,8,26,2,03中山區,中山區民權東路2段40號,0,0,2,2,C03,8,1,5,50,14,9,1,5,4,5,7,4,4,1,4,5,2,17,1,29,3,10,1,1,7,9,1,10,1,15,,44,42,1,22,9,121.5295979,25.06249518
111,3,14,8,26,2,03中山區,中山區民權東路2段40號,0,0,2,3,H02,8,1,5,50,14,9,1,5,4,5,7,4,4,1,4,5,2,17,2,23,2,9,1,5,7,20,8,20,10,16,,67,42,1,22,9,121.5295979,25.06249518
111,3,14,8,45,2,10文山區,文山區景興路282巷與景文街口,0,0,1,1,B12,8,1,5,50,5,1,1,5,4,5,7,2,1,5,5,5,2,16,1,63,3,10,1,1,7,5,1,8,2,1,,26,26,1,22,9,121.5409149,24.98971297
111,3,14,8,45,2,10文山區,文山區景興路282巷與景文街口,0,0,1,2,C03,8,1,5,50,5,1,1,5,4,5,7,2,1,5,5,5,2,16,2,47,2,9,1,1,7,9,1,10,2,11,,44,26,1,22,9,121.5409149,24.98971297
111,3,14,8,55,2,06松山區,松山區民權東路4段與新中街口,0,0,1,1,C03,8,1,5,40,3,2,1,5,4,5,7,1,1,1,4,4,2,17,1,30,2,8,1,1,7,7,1,10,1,13,,7,7,1,22,9,121.560018,25.06235145
111,3,14,8,55,2,06松山區,松山區民權東路4段與新中街口,0,0,1,2,A02,8,1,5,40,3,2,1,5,4,5,7,1,1,1,4,4,2,17,1,52,3,10,1,1,7,9,1,2,1,5,,44,7,1,22,9,121.560018,25.06235145
111,3,14,8,55,2,06松山區,松山區民權東路4段與新中街口,0,0,1,3,C03,8,1,5,40,3,2,1,5,4,5,7,1,1,1,4,4,2,17,1,39,3,10,1,1,7,9,1,10,1,14,,17,7,1,22,9,121.560018,25.06235145
111,3,14,8,55,2,06松山區,松山區民權東路4段與新中街口,0,0,1,4,C03,8,1,5,40,3,2,1,5,4,5,7,1,1,1,4,4,2,17,1,28,3,10,1,1,7,9,1,10,1,13,,17,7,1,22,9,121.560018,25.06235145
111,3,14,9,0,2,07信義區,信義區基隆路1段與松隆路口,0,0,1,1,B01,8,1,5,50,3,2,1,5,4,5,7,1,1,5,2,5,1,16,1,70,3,10,1,1,7,6,1,4,1,8,,6,6,1,22,9,121.5661493,25.04334511
111,3,14,9,0,2,07信義區,信義區基隆路1段與松隆路口,0,0,1,2,C03,8,1,5,50,3,2,1,5,4,5,7,1,1,5,2,5,1,16,1,28,2,9,1,1,7,9,1,10,1,12,,44,6,1,22,9,121.5661493,25.04334511
111,3,14,9,10,2,03中山區,中山區大直橋北往南,0,0,1,1,B02,8,1,5,50,8,9,1,5,4,5,7,4,4,3,4,5,2,12,1,54,3,10,1,1,7,4,1,8,1,2,,23,23,1,22,9,121.5442414,25.07314117
111,3,14,9,10,2,03中山區,中山區大直橋北往南,0,0,1,2,C03,8,1,5,50,8,9,1,5,4,5,7,4,4,3,4,5,2,12,2,49,2,8,1,1,7,9,1,10,1,14,,44,23,1,22,9,121.5442414,25.07314117
111,3,14,9,10,2,05中正區,中正區重慶南路3段98號,0,0,1,1,C03,8,1,5,30,14,9,1,5,4,5,7,4,4,3,4,5,2,17,2,46,3,10,1,1,7,9,1,10,1,15,,30,30,1,22,9,121.5163964,25.02531683
111,3,14,9,10,2,05中正區,中正區重慶南路3段98號,0,0,1,2,C04,8,1,5,30,14,9,1,5,4,5,7,4,4,3,4,5,2,17,2,31,2,9,1,1,7,9,1,10,1,11,,13,30,1,22,9,121.5163964,25.02531683
111,3,14,9,16,2,10文山區,文山區羅斯福路5段218巷與羅斯福路5段218巷9弄口,0,0,1,1,C03,8,1,5,30,4,2,1,5,4,1,7,4,4,10,5,5,2,15,1,40,3,10,1,1,7,9,6,18,1,11,,6,6,1,22,9,121.538192,25.00207841
111,3,14,9,16,2,10文山區,文山區羅斯福路5段218巷與羅斯福路5段218巷9弄口,0,0,1,2,C03,8,1,5,30,4,2,1,5,4,1,7,4,4,10,5,5,2,15,2,51,2,9,1,1,7,9,1,10,1,12,,14,6,1,22,9,121.538192,25.00207841
111,3,14,9,17,2,12內湖區,內湖區康樂街111巷11號與康樂街61巷口,0,0,1,1,C03,8,1,5,30,4,1,1,5,4,5,7,4,4,10,5,5,2,15,2,49,2,9,1,1,7,9,1,10,2,12,,14,14,1,22,9,121.6197854,25.07067462
111,3,14,9,17,2,12內湖區,內湖區康樂街111巷11號與康樂街61巷口,0,0,1,2,B03,8,1,5,30,4,1,1,5,4,5,7,4,4,10,5,5,2,15,2,65,3,10,1,1,7,9,1,8,2,1,,6,14,1,22,9,121.6197854,25.07067462
111,3,14,9,28,2,09北投區,北投區大業路527巷與中央北路4段口聯絡道,0,0,1,1,C03,8,1,5,30,3,1,1,5,4,5,7,4,4,5,5,5,2,17,1,20,3,10,1,1,7,5,1,10,1,14,,8,8,1,22,9,121.4843256,25.1342393
111,3,14,9,28,2,09北投區,北投區大業路527巷與中央北路4段口聯絡道,0,0,1,2,C03,8,1,5,30,3,1,1,5,4,5,7,4,4,5,5,5,2,17,2,47,2,9,1,1,7,9,1,10,1,14,,44,8,1,22,9,121.4843256,25.1342393
111,3,14,9,30,2,03中山區,中山區基湖路與基湖路157巷口,0,0,1,1,B03,8,1,5,50,4,1,1,5,4,5,7,4,4,10,5,5,2,16,1,39,3,10,1,1,7,5,1,8,1,2,,6,6,1,22,9,121.5632529,25.07697357
111,3,14,9,30,2,03中山區,中山區基湖路與基湖路157巷口,0,0,1,2,C03,8,1,5,50,4,1,1,5,4,5,7,4,4,10,5,5,2,16,1,46,3,10,1,1,7,9,1,10,1,11,,44,6,1,22,9,121.5632529,25.07697357
111,3,14,9,30,2,03中山區,中山區基湖路與基湖路157巷口,0,0,1,3,C03,8,1,5,50,4,1,1,5,4,5,7,4,4,10,5,5,2,16,1,23,2,7,1,1,7,9,1,10,1,11,,44,6,1,22,9,121.5632529,25.07697357
111,3,14,9,42,2,05中正區,中正區羅斯福路2段與潮州街口,0,0,1,1,C03,8,1,5,50,5,2,1,5,4,5,7,2,1,1,4,5,2,12,1,40,2,9,1,1,7,9,1,10,11,11,,13,13,2,22,9,121.520698,25.0296494
111,3,14,9,42,2,05中正區,中正區羅斯福路2段與潮州街口,0,0,1,2,B03,8,1,5,50,5,2,1,5,4,5,7,2,1,1,4,5,2,12,1,67,3,10,1,1,7,6,1,8,2,2,,6,13,1,22,9,121.520698,25.0296494
111,3,14,9,42,2,10文山區,文山區指南路1段118號,0,0,1,1,C03,8,1,5,30,11,9,1,5,4,5,7,4,4,10,5,5,2,11,1,34,2,9,1,1,7,5,1,10,1,14,,5,5,1,22,9,121.5717602,24.98750877
111,3,14,9,42,2,10文山區,文山區指南路1段118號,0,0,1,2,B03,8,1,5,30,11,9,1,5,4,5,7,4,4,10,5,5,2,11,1,31,3,10,1,1,7,6,1,8,1,4,,44,5,1,22,9,121.5717602,24.98750877
111,3,14,10,37,2,10文山區,文山區指南路2段197巷與萬壽路口,0,0,1,1,B03,8,1,5,50,14,9,1,5,4,5,7,3,1,9,4,5,2,16,2,56,3,10,1,1,7,5,1,8,2,8,,6,6,1,22,9,121.5776365,24.988764
111,3,14,10,37,2,10文山區,文山區指南路2段197巷與萬壽路口,0,0,1,2,C03,8,1,5,50,14,9,1,5,4,5,7,3,1,9,4,5,2,16,1,19,2,9,1,1,7,9,1,10,2,11,12,44,6,1,22,9,121.5776365,24.988764
111,3,14,10,40,2,03中山區,中山區堤頂大道2段與內湖路1段口,0,0,2,1,C03,8,1,5,50,4,2,1,5,4,5,7,2,1,1,4,5,2,12,1,58,2,7,1,4,7,5,1,10,1,14,,8,8,1,22,9,121.5600985,25.08470684
111,3,14,10,40,2,03中山區,中山區堤頂大道2段與內湖路1段口,0,0,2,2,C03,8,1,5,50,4,2,1,5,4,5,7,2,1,1,4,5,2,12,1,19,2,9,1,4,7,21,1,10,1,14,,44,8,1,22,9,121.5600985,25.08470684
111,3,14,12,0,2,12內湖區,內湖區康樂街61巷與康樂街111巷口,0,0,1,1,B01,8,1,5,30,4,1,1,5,4,5,7,4,4,10,5,5,2,16,1,68,3,10,1,1,7,9,1,8,1,8,,6,6,1,22,9,121.6197823,25.0706828
111,3,14,12,0,2,12內湖區,內湖區康樂街61巷與康樂街111巷口,0,0,1,2,C03,8,1,5,30,4,1,1,5,4,5,7,4,4,10,5,5,2,16,1,62,2,9,1,1,7,9,1,10,1,12,,23,6,1,22,9,121.6197823,25.0706828
111,3,14,12,13,2,03中山區,中山區中山北路2段44巷與中山北路2段口,0,0,1,1,B01,8,1,5,50,4,1,1,5,4,5,7,1,1,1,4,5,2,2,1,59,3,10,3,4,7,5,1,4,1,1,,15,15,1,22,9,121.5226094,25.05498705
111,3,14,12,13,2,03中山區,中山區中山北路2段44巷與中山北路2段口,0,0,1,2,H01,8,1,5,50,4,1,1,5,4,5,7,1,1,1,4,5,2,2,2,63,2,7,4,5,8,16,8,20,10,16,,67,15,1,22,9,121.5226094,25.05498705
111,3,14,12,26,2,03中山區,中山區北安路與大直橋口,0,0,1,1,C03,7,1,5,50,4,2,1,5,4,5,7,1,1,1,4,5,2,12,1,61,3,10,1,1,7,7,1,10,2,14,,7,7,1,22,9,121.5445927,25.07976083
111,3,14,12,26,2,03中山區,中山區北安路與大直橋口,0,0,1,2,C04,7,1,5,50,4,2,1,5,4,5,7,1,1,1,4,5,2,12,2,48,2,9,1,1,7,9,1,10,2,12,,44,7,1,22,9,121.5445927,25.07976083
111,3,14,12,42,2,08士林區,士林區承德路4段40巷與承德路4段58巷31弄口,0,0,2,1,C03,8,1,5,50,4,1,1,5,4,5,7,4,4,5,2,5,2,12,1,19,3,10,1,1,7,5,1,10,1,14,,44,44,1,22,9,121.5211503,25.08133486
111,3,14,12,42,2,08士林區,士林區承德路4段40巷與承德路4段58巷31弄口,0,0,2,2,C03,8,1,5,50,4,1,1,5,4,5,7,4,4,5,2,5,2,12,2,71,2,9,1,1,7,9,1,10,1,11,,23,44,1,22,9,121.5211503,25.08133486
111,3,14,12,42,2,08士林區,士林區承德路4段40巷與承德路4段58巷31弄口,0,0,2,3,H02,8,1,5,50,4,1,1,5,4,5,7,4,4,5,2,5,2,12,2,72,2,9,2,5,7,17,8,20,10,16,,67,44,1,22,9,121.5211503,25.08133486
111,3,14,13,0,2,12內湖區,內湖區民權東路6段11巷與瑞光路76巷口,0,0,1,1,B03,8,1,5,50,3,1,1,5,4,5,7,4,4,9,4,5,2,11,2,75,4,11,3,4,7,4,7,19,11,15,,1,1,2,22,9,121.5762737,25.06757791
111,3,14,13,0,2,12內湖區,內湖區民權東路6段11巷與瑞光路76巷口,0,0,1,2,C03,8,1,5,50,3,1,1,5,4,5,7,4,4,9,4,5,2,11,1,56,2,7,1,1,7,9,1,10,9,14,,44,1,1,22,9,121.5762737,25.06757791
111,3,14,13,17,2,10文山區,文山區木柵路1段3號,0,0,2,2,C03,8,1,5,50,14,9,1,5,4,5,7,4,4,4,5,5,2,12,1,20,2,9,1,1,7,9,1,10,1,11,,44,8,1,22,9,121.5426979,24.98836551
111,3,14,13,17,2,10文山區,文山區木柵路1段3號,0,0,2,1,F01,8,1,5,50,14,9,1,5,4,5,7,4,4,4,5,5,2,12,2,22,2,9,1,1,7,5,8,20,1,15,,8,8,1,22,9,121.5426979,24.98836551
111,3,14,13,30,2,10文山區,文山區木新路3段與木新路3段74巷口,0,0,1,1,C03,8,1,5,50,3,1,1,5,4,5,7,4,4,5,4,5,2,17,1,18,2,9,1,1,7,9,1,10,1,14,,13,13,1,22,9,121.5635543,24.98240417
111,3,14,13,30,2,10文山區,文山區木新路3段與木新路3段74巷口,0,0,1,2,C03,8,1,5,50,3,1,1,5,4,5,7,4,4,5,4,5,2,17,2,63,3,10,1,1,7,14,1,10,1,15,,6,13,1,22,9,121.5635543,24.98240417
111,3,14,14,2,2,07信義區,信義區基隆路1段往環東大道引道,0,0,2,1,B03,8,1,5,40,14,9,1,5,4,5,7,4,4,1,4,5,2,13,1,55,3,10,3,4,7,9,1,8,1,1,,16,16,1,22,9,121.5683019,25.04772215
111,3,14,14,2,2,07信義區,信義區基隆路1段往環東大道引道,0,0,2,2,B03,8,1,5,40,14,9,1,5,4,5,7,4,4,1,4,5,2,13,1,50,3,10,3,4,7,9,1,8,1,1,,16,16,1,22,9,121.5683019,25.04772215
111,3,14,14,2,2,07信義區,信義區基隆路1段往環東大道引道,0,0,2,3,B03,8,1,5,40,14,9,1,5,4,5,7,4,4,1,4,5,2,13,2,56,3,10,3,4,7,9,1,8,1,3,,44,16,1,22,9,121.5683019,25.04772215
111,3,14,14,2,2,07信義區,信義區基隆路1段往環東大道引道,0,0,2,4,H02,8,1,5,40,14,9,1,5,4,5,7,4,4,1,4,5,2,13,2,77,2,1,1,5,7,17,8,20,10,16,,67,16,1,22,9,121.5683019,25.04772215
111,3,14,14,2,2,07信義區,信義區基隆路1段往環東大道引道,0,0,2,5,H02,8,1,5,40,14,9,1,5,4,5,7,4,4,1,4,5,2,13,2,48,2,7,1,5,7,17,8,20,10,16,,67,16,1,22,9,121.5683019,25.04772215
111,3,14,14,35,2,05中正區,中正區鄭州路與重慶北路1段口,0,0,1,1,B03,8,1,5,40,14,9,1,5,4,5,7,4,4,9,4,5,2,12,2,57,3,10,1,1,7,7,1,8,2,7,,7,7,1,22,9,121.5138583,25.0491669
111,3,14,14,35,2,05中正區,中正區鄭州路與重慶北路1段口,0,0,1,2,C03,8,1,5,40,14,9,1,5,4,5,7,4,4,9,4,5,2,12,1,31,2,9,1,1,7,9,1,10,2,11,,44,7,1,22,9,121.5138583,25.0491669
111,3,14,15,0,2,08士林區,士林區文林路142號,0,0,2,1,C03,8,1,8,50,15,22,1,5,4,5,7,4,4,9,5,5,2,17,1,20,2,9,1,1,7,5,1,10,1,12,,6,6,1,22,9,121.5265952,25.08886337