發生年度,發生月,發生日,發生時-Hours,發生分,處理別-編號,區序,肇事地點,死亡人數,2-30日死亡人數,受傷人數,當事人序號,車種,天候,光線,道路類別,速限-速度限制,道路型態,事故位置,路面狀況1,路面狀況2,路面狀況3,道路障礙1,道路障礙2,號誌1,號誌2,車道劃分-分向,車道劃分-分道1,車道劃分-分道2,車道劃分-分道3,事故類型及型態,性別,年齡,受傷程度,主要傷處,安全帽,行動電話,車輛用途,當事者行動狀態,駕駛資格情形,駕駛執照種類,飲酒情形,車輛撞擊部位1,車輛撞擊部位2,肇因碼-個別,肇因碼-主要,個人肇逃否,職業,旅次目的,座標-X,座標-Y
111,3,14,15,0,2,08士林區,士林區文林路142號,0,0,2,2,C03,8,1,8,50,15,22,1,5,4,5,7,4,4,9,5,5,2,17,1,39,2,9,1,1,7,9,1,10,1,11,,14,6,1,22,9,121.5265952,25.08886337
111,3,14,15,5,2,03中山區,中山區明水路568號公車候車亭,0,0,1,1,C03,8,1,5,50,14,9,1,5,4,5,7,4,4,1,4,5,2,9,4,,4,11,3,4,7,15,7,19,11,15,,43,43,2,22,9,121.5525313,25.0800431
111,3,14,15,5,2,03中山區,中山區明水路568號公車候車亭,0,0,1,2,H03,8,1,5,50,14,9,1,5,4,5,7,4,4,1,4,5,2,9,1,23,2,1,4,5,8,20,8,20,10,16,,67,43,1,22,9,121.5525313,25.0800431
111,3,14,15,5,2,03中山區,中山區明水路568號公車候車亭,0,0,1,3,A04,8,1,5,50,14,9,1,5,4,5,7,4,4,1,4,5,2,9,1,57,4,11,3,4,7,15,7,19,11,15,,43,43,2,22,9,121.5525313,25.0800431
111,3,14,16,25,2,03中山區,中山區市民大道3段39號,0,0,1,1,C03,8,1,5,40,14,9,1,5,4,5,7,4,4,5,4,5,2,13,1,38,3,10,1,1,7,9,1,10,1,11,,16,16,1,22,9,121.5345092,25.04514632
111,3,14,16,25,2,03中山區,中山區市民大道3段39號,0,0,1,2,C03,8,1,5,40,14,9,1,5,4,5,7,4,4,5,4,5,2,13,2,40,2,9,1,1,7,9,1,10,1,13,,44,16,1,22,9,121.5345092,25.04514632
111,3,14,16,30,2,12內湖區,內湖區內湖路3段與內湖路2段355巷口,0,0,3,1,C03,8,1,5,30,4,1,1,5,4,5,7,4,4,9,5,5,2,15,2,23,2,9,1,1,7,9,1,10,1,14,,6,6,1,22,9,121.5927454,25.08460442
111,3,14,16,30,2,12內湖區,內湖區內湖路3段與內湖路2段355巷口,0,0,3,2,B03,8,1,5,30,4,1,1,5,4,5,7,4,4,9,5,5,2,15,1,42,2,7,1,1,7,9,1,8,1,5,,23,6,1,22,9,121.5927454,25.08460442
111,3,14,16,30,2,12內湖區,內湖區內湖路3段與內湖路2段355巷口,0,0,3,3,H02,8,1,5,30,4,1,1,5,4,5,7,4,4,9,5,5,2,15,2,22,2,9,1,1,7,20,8,20,10,16,,67,6,1,22,9,121.5927454,25.08460442
111,3,14,16,33,2,01大同區,大同區鄭州路與重慶北路1段口,0,0,1,1,B03,8,1,5,40,4,1,1,5,4,5,7,2,1,1,4,5,2,17,2,45,3,10,3,4,7,8,1,8,1,2,,7,7,1,22,9,121.5133699,25.04952734
111,3,14,16,33,2,01大同區,大同區鄭州路與重慶北路1段口,0,0,1,2,C03,8,1,5,40,4,1,1,5,4,5,7,2,1,1,4,5,2,17,1,22,2,9,1,4,7,9,1,10,1,14,,26,7,1,22,9,121.5133699,25.04952734
111,3,14,16,37,2,04大安區,大安區仁愛路3段與建國南路1段口,0,0,1,1,C03,8,1,5,50,4,1,1,5,4,5,7,1,1,1,4,5,2,16,1,37,3,10,1,1,7,7,1,10,1,14,,7,7,1,22,9,121.5388935,25.0384197
111,3,14,16,37,2,04大安區,大安區仁愛路3段與建國南路1段口,0,0,1,2,C03,8,1,5,50,4,1,1,5,4,5,7,1,1,1,4,5,2,16,1,37,2,9,1,1,7,7,1,10,1,12,,7,7,1,22,9,121.5388935,25.0384197
111,3,14,16,40,2,06松山區,松山區敦化北路與敦化北路4巷口,0,0,2,1,C03,8,1,5,30,4,2,1,5,4,5,7,2,1,1,4,4,2,12,2,36,2,9,1,1,7,9,1,10,1,11,,13,13,1,22,9,121.5487088,25.05011472
111,3,14,16,40,2,06松山區,松山區敦化北路與敦化北路4巷口,0,0,2,2,B01,8,1,5,30,4,2,1,5,4,5,7,2,1,1,4,4,2,12,1,69,3,10,1,1,7,8,1,4,1,6,,7,13,1,22,9,121.5487088,25.05011472
111,3,14,16,40,2,06松山區,松山區敦化北路與敦化北路4巷口,0,0,2,3,H02,8,1,5,30,4,2,1,5,4,5,7,2,1,1,4,4,2,12,1,3,2,9,1,1,7,21,8,20,10,16,,67,13,1,22,9,121.5487088,25.05011472
111,3,14,16,57,2,03中山區,中山區南京東路1段與林森北路口,0,0,5,1,C03,8,1,5,50,4,1,1,5,4,5,7,2,1,1,4,4,2,17,2,19,2,9,1,1,7,8,1,10,1,12,,7,7,1,22,9,121.5254942,25.0566356
111,3,14,16,57,2,03中山區,中山區南京東路1段與林森北路口,0,0,5,2,C03,8,1,5,50,4,1,1,5,4,5,7,2,1,1,4,4,2,17,1,18,2,9,1,1,7,9,1,10,1,14,,44,7,1,22,9,121.5254942,25.0566356
111,3,14,16,57,2,03中山區,中山區南京東路1段與林森北路口,0,0,5,3,C03,8,1,5,50,4,1,1,5,4,5,7,2,1,1,4,4,2,17,1,66,3,10,1,1,7,14,1,10,1,14,,44,7,1,22,9,121.5254942,25.0566356
111,3,14,16,57,2,03中山區,中山區南京東路1段與林森北路口,0,0,5,4,H02,8,1,5,50,4,1,1,5,4,5,7,2,1,1,4,4,2,17,2,19,2,8,4,5,7,17,8,20,10,16,,67,7,1,22,9,121.5254942,25.0566356
111,3,14,16,57,2,03中山區,中山區南京東路1段與林森北路口,0,0,5,5,H02,8,1,5,50,4,1,1,5,4,5,7,2,1,1,4,4,2,17,2,17,2,9,4,5,7,17,8,20,10,16,,67,7,1,22,9,121.5254942,25.0566356
111,3,14,16,57,2,03中山區,中山區南京東路1段與林森北路口,0,0,5,6,H02,8,1,5,50,4,1,1,5,4,5,7,2,1,1,4,4,2,17,2,63,2,8,4,5,7,17,8,20,10,16,,67,7,1,22,9,121.5254942,25.0566356
111,3,14,16,59,2,05中正區,中正區市民大道2段與天津街口,0,0,2,1,B01,8,1,5,40,4,1,1,5,4,5,7,1,1,1,4,1,2,13,1,65,3,10,1,1,7,5,1,4,2,7,,8,8,1,22,9,121.5223703,25.04777595
111,3,14,16,59,2,05中正區,中正區市民大道2段與天津街口,0,0,2,2,C03,8,1,5,40,4,1,1,5,4,5,7,1,1,1,4,1,2,13,1,20,2,9,1,1,7,9,1,10,2,11,,23,8,1,22,9,121.5223703,25.04777595
111,3,14,16,59,2,05中正區,中正區市民大道2段與天津街口,0,0,2,3,H02,8,1,5,40,4,1,1,5,4,5,7,1,1,1,4,1,2,13,1,20,2,9,1,5,7,21,8,20,10,16,,67,8,1,22,9,121.5223703,25.04777595
111,3,14,17,15,2,12內湖區,內湖區南京東路6段與堤頂大道1段口,0,0,2,2,C03,8,1,5,30,4,2,1,5,4,5,7,2,1,1,5,5,1,12,1,42,2,8,1,1,7,9,1,10,1,12,,44,23,1,22,9,121.5759943,25.05462025
111,3,14,17,15,2,12內湖區,內湖區南京東路6段與堤頂大道1段口,0,0,2,1,C03,8,1,5,30,4,2,1,5,4,5,7,2,1,1,5,5,1,12,1,36,2,7,1,1,7,9,1,10,1,14,,23,23,1,22,9,121.5759943,25.05462025
111,3,14,17,19,2,08士林區,士林區美崙街43號,0,0,1,1,B02,8,2,5,30,14,9,1,5,4,5,7,4,4,10,5,5,1,9,1,56,3,10,1,1,7,9,1,4,1,2,,23,23,2,21,8,121.5226654,25.09711258
111,3,14,17,19,2,08士林區,士林區美崙街43號,0,0,1,2,H01,8,2,5,30,14,9,1,5,4,5,7,4,4,10,5,5,1,9,2,31,2,9,4,5,8,16,8,20,10,16,,67,23,1,21,8,121.5226654,25.09711258
111,3,14,17,30,2,03中山區,中山區松江路與松江路70巷口,0,0,1,1,C04,8,1,5,50,3,1,1,5,4,3,5,4,4,1,4,5,2,16,1,44,3,10,1,4,7,6,1,10,1,12,,9,9,1,22,9,121.5328423,25.04939488
111,3,14,17,30,2,03中山區,中山區松江路與松江路70巷口,0,0,1,2,F01,8,1,5,50,3,1,1,5,4,3,5,4,4,1,4,5,2,16,1,31,2,9,1,1,7,9,8,20,1,16,,44,9,1,22,9,121.5328423,25.04939488
111,3,14,17,30,2,03中山區,中山區松江路與松江路70巷口,0,0,1,3,B11,8,1,5,50,3,1,1,5,4,3,5,4,4,1,4,5,2,16,1,34,3,10,3,4,7,13,1,8,9,15,,42,9,1,22,9,121.5328423,25.04939488
111,3,14,17,33,2,08士林區,士林區天母北路與天母西路口,0,0,2,1,B03,8,1,5,50,4,1,1,5,4,5,7,1,1,5,5,5,1,16,1,22,2,2,1,1,7,5,1,8,1,4,,8,8,1,22,9,121.5261205,25.11842837
111,3,14,17,33,2,08士林區,士林區天母北路與天母西路口,0,0,2,2,C03,8,1,5,50,4,1,1,5,4,5,7,1,1,5,5,5,1,16,2,27,2,9,1,1,7,9,1,10,1,11,,23,8,1,22,9,121.5261205,25.11842837
111,3,14,17,36,2,07信義區,信義區基隆路2段151-6號,0,0,3,1,B03,8,1,5,50,14,9,1,5,4,5,7,4,4,3,3,5,1,12,2,49,3,10,3,4,7,7,1,8,1,4,,7,7,1,22,9,121.5543985,25.0259655
111,3,14,17,36,2,07信義區,信義區基隆路2段151-6號,0,0,3,2,C03,8,1,5,50,14,9,1,5,4,5,7,4,4,3,3,5,1,12,2,43,2,9,1,1,7,9,1,10,1,11,,16,7,1,22,9,121.5543985,25.0259655
111,3,14,17,36,2,07信義區,信義區基隆路2段151-6號,0,0,3,3,C03,8,1,5,50,14,9,1,5,4,5,7,4,4,3,3,5,1,12,1,19,2,9,1,1,7,7,1,10,1,12,,13,7,1,22,9,121.5543985,25.0259655
111,3,14,17,36,2,07信義區,信義區基隆路2段151-6號,0,0,3,4,H02,8,1,5,50,14,9,1,5,4,5,7,4,4,3,3,5,1,12,2,18,2,9,1,5,7,20,8,20,10,16,,67,7,1,22,9,121.5543985,25.0259655
111,3,14,17,40,2,12內湖區,內湖區南京東路6段368巷與南京東路6段口,0,0,1,1,B03,8,1,5,50,3,1,1,5,4,5,7,2,1,1,4,5,2,3,1,56,3,10,1,1,7,9,6,18,7,5,,21,21,1,22,9,121.5861347,25.05981493
111,3,14,17,40,2,12內湖區,內湖區南京東路6段368巷與南京東路6段口,0,0,1,2,H01,8,1,5,50,3,1,1,5,4,5,7,2,1,1,4,5,2,3,2,46,2,9,4,5,8,16,8,20,10,16,,67,21,1,22,9,121.5861347,25.05981493
111,3,14,17,41,2,06松山區,松山區光復北路與健康路口,0,0,2,1,C03,8,1,5,50,4,1,1,5,4,5,7,2,1,5,4,5,2,16,1,49,2,9,1,1,7,5,1,10,1,12,,8,8,1,22,9,121.5566486,25.0535738
111,3,14,17,41,2,06松山區,松山區光復北路與健康路口,0,0,2,2,C03,8,1,5,50,4,1,1,5,4,5,7,2,1,5,4,5,2,16,1,25,2,9,1,1,7,9,1,10,1,14,,44,8,1,22,9,121.5566486,25.0535738
111,3,14,17,58,2,10文山區,文山區辛亥路6段與木柵路1段口,0,0,1,1,B03,8,1,5,50,14,9,2,5,4,5,7,1,1,5,4,5,2,17,2,49,3,10,3,4,7,1,1,8,1,5,,43,43,1,22,9,121.5522995,24.98779407
111,3,14,17,58,2,10文山區,文山區辛亥路6段與木柵路1段口,0,0,1,2,C03,8,1,5,50,14,9,2,5,4,5,7,1,1,5,4,5,2,17,2,21,2,9,1,4,7,1,1,10,1,13,,43,43,1,22,9,121.5522995,24.98779407
111,3,14,18,24,2,09北投區,北投區中央北路4段515巷20號,0,0,2,1,C03,8,3,5,50,14,9,1,5,4,5,7,4,4,9,5,5,2,17,1,26,2,9,3,4,7,9,1,10,1,12,,23,23,1,22,9,121.4695998,25.1266619
111,3,14,18,24,2,09北投區,北投區中央北路4段515巷20號,0,0,2,2,C03,8,3,5,50,14,9,1,5,4,5,7,4,4,9,5,5,2,17,2,40,2,9,3,4,7,9,1,10,1,13,,44,23,1,22,9,121.4695998,25.1266619
111,3,14,18,45,2,07信義區,信義區忠孝東路5段與松仁路口,0,0,1,1,B02,7,3,5,50,4,2,1,5,4,5,7,2,1,1,4,5,2,16,1,62,3,10,1,1,7,6,1,8,1,5,,43,43,1,22,9,121.5683631,25.04090812
111,3,14,18,45,2,07信義區,信義區忠孝東路5段與松仁路口,0,0,1,2,F01,7,3,5,50,4,2,1,5,4,5,7,2,1,1,4,5,2,16,1,17,2,8,1,1,7,9,8,20,1,16,,43,43,1,22,9,121.5683631,25.04090812
111,3,14,18,47,2,04大安區,大安區辛亥路1段與泰順街口,0,0,1,1,C03,8,3,5,50,4,2,1,5,4,5,7,2,1,1,4,5,2,13,1,56,2,9,1,1,7,9,5,10,1,11,,16,16,1,21,8,121.5316226,25.02202883
111,3,14,18,47,2,04大安區,大安區辛亥路1段與泰順街口,0,0,1,2,B01,8,3,5,50,4,2,1,5,4,5,7,2,1,1,4,5,2,13,1,59,3,10,1,1,7,6,1,2,1,7,,44,16,1,21,8,121.5316226,25.02202883
111,3,14,18,56,2,06松山區,松山區三民路126號,0,0,1,1,B03,8,3,5,50,14,9,1,5,4,5,7,1,1,10,4,1,2,11,1,42,3,10,3,4,7,1,1,8,2,8,,19,19,1,22,9,121.5632413,25.05985497
111,3,14,18,56,2,06松山區,松山區三民路126號,0,0,1,2,C03,8,3,5,50,14,9,1,5,4,5,7,1,1,10,4,1,2,11,2,62,2,9,1,1,7,9,1,10,2,14,,44,19,1,22,9,121.5632413,25.05985497
111,3,14,19,0,2,04大安區,大安區羅斯福路3段329號,0,0,1,1,C03,8,3,5,50,14,9,1,5,4,5,7,4,4,1,4,5,2,17,1,38,2,9,1,1,7,9,6,18,1,12,,17,17,1,22,9,121.5320702,25.01703458
111,3,14,19,0,2,04大安區,大安區羅斯福路3段329號,0,0,1,2,B03,8,3,5,50,14,9,1,5,4,5,7,4,4,1,4,5,2,17,1,49,3,10,1,1,7,9,1,8,1,7,,44,17,1,22,9,121.5320702,25.01703458
111,3,14,19,0,2,11南港區,南港區南港路1段277巷與南港路1段口,0,0,1,1,C03,7,3,5,50,3,2,1,5,4,5,7,2,1,8,3,5,2,16,2,30,2,9,3,4,7,10,1,10,1,12,,7,7,1,22,9,121.6086181,25.05470245
111,3,14,19,0,2,11南港區,南港區南港路1段277巷與南港路1段口,0,0,1,2,C03,7,3,5,50,3,2,1,5,4,5,7,2,1,8,3,5,2,16,1,29,3,10,3,4,7,9,1,10,1,15,,44,7,1,22,9,121.6086181,25.05470245
111,3,14,19,8,2,08士林區,士林區中山北路5段與福國路口口,0,0,2,1,C03,8,3,5,50,3,1,1,5,4,5,7,2,1,3,4,5,2,16,1,25,2,9,1,1,7,5,1,10,1,11,,8,8,1,22,9,121.5256141,25.10248575
111,3,14,19,8,2,08士林區,士林區中山北路5段與福國路口口,0,0,2,2,C03,8,3,5,50,3,1,1,5,4,5,7,2,1,3,4,5,2,16,1,38,3,10,1,1,7,9,1,10,1,12,,44,8,1,22,9,121.5256141,25.10248575
111,3,14,19,8,2,08士林區,士林區中山北路5段與福國路口口,0,0,2,3,H02,8,3,5,50,3,1,1,5,4,5,7,2,1,3,4,5,2,16,2,24,2,9,4,5,7,20,8,20,10,16,,67,8,1,22,9,121.5256141,25.10248575
111,3,14,19,16,2,05中正區,中正區汀州路3段與羅斯福路3段244巷口,0,0,1,1,B03,8,3,5,50,3,1,1,5,4,5,7,4,4,5,4,5,2,17,1,46,3,10,1,1,7,11,1,8,1,5,,10,10,1,22,9,121.5303387,25.01636216
111,3,14,19,16,2,05中正區,中正區汀州路3段與羅斯福路3段244巷口,0,0,1,2,C03,8,3,5,50,3,1,1,5,4,5,7,4,4,5,4,5,2,17,1,45,2,9,1,1,7,9,6,10,1,14,,44,10,1,22,9,121.5303387,25.01636216
111,3,14,19,19,2,03中山區,中山區一江街與松江路108巷口,0,0,1,1,C03,8,1,5,30,4,1,1,5,4,5,7,4,4,10,5,5,2,16,2,23,2,7,1,1,7,9,1,10,1,14,,44,44,1,22,9,121.5314852,25.05143
111,3,14,19,19,2,03中山區,中山區一江街與松江路108巷口,0,0,1,2,B03,8,1,5,30,4,1,1,5,4,5,7,4,4,10,5,5,2,16,1,49,3,10,1,1,7,9,1,8,1,1,,23,44,1,22,9,121.5314852,25.05143
111,3,14,19,22,2,02萬華區,萬華區西園路2段與東園街口,0,0,1,1,C03,8,3,5,50,3,1,1,5,4,5,7,2,1,1,3,5,1,12,1,19,2,7,1,1,7,5,1,10,2,14,,8,8,1,22,9,121.4952851,25.02822963
111,3,14,19,22,2,02萬華區,萬華區西園路2段與東園街口,0,0,1,2,B03,8,3,5,50,3,1,1,5,4,5,7,2,1,1,3,5,1,12,1,31,3,10,1,1,7,5,1,8,2,5,,44,8,1,22,9,121.4952851,25.02822963
111,3,14,20,2,2,01大同區,大同區承德路2段與民生西路口,0,0,2,1,C03,8,3,5,50,4,1,1,5,4,1,7,1,1,1,4,5,2,17,2,34,2,9,1,1,7,9,1,10,2,11,,16,16,1,22,9,121.5182578,25.05735078
111,3,14,20,2,2,01大同區,大同區承德路2段與民生西路口,0,0,2,2,C03,8,3,5,50,4,1,1,5,4,1,7,1,1,1,4,5,2,17,2,34,2,9,1,1,7,15,1,10,2,13,,44,16,1,22,9,121.5182578,25.05735078
111,3,14,20,3,2,08士林區,士林區仰德大道4段124號電燈桿,0,0,1,1,B03,8,3,5,40,14,9,1,5,4,5,7,4,4,4,5,5,1,17,1,26,3,10,1,1,7,9,1,8,1,2,,23,23,1,22,9,121.5464293,25.132359
111,3,14,20,3,2,08士林區,士林區仰德大道4段124號電燈桿,0,0,1,2,C03,8,3,5,40,14,9,1,5,4,5,7,4,4,4,5,5,1,17,1,18,2,9,1,1,7,9,1,10,1,14,,44,23,1,22,9,121.5464293,25.132359
111,3,14,20,15,2,06松山區,松山區敦化南路1段與市民大道4段口,0,0,1,1,B03,8,3,5,50,4,2,1,5,4,5,7,2,1,1,3,4,2,13,1,19,3,10,1,1,7,8,3,18,1,3,,7,7,1,22,9,121.5491528,25.04493655
111,3,14,20,15,2,06松山區,松山區敦化南路1段與市民大道4段口,0,0,1,2,C03,8,3,5,50,4,2,1,5,4,5,7,2,1,1,3,4,2,13,1,26,2,9,1,1,7,9,1,10,1,11,,44,7,1,22,9,121.5491528,25.04493655
111,3,14,20,30,2,01大同區,大同區鄭州路與西寧北路口,0,0,2,1,C03,8,3,5,40,4,1,1,5,4,5,7,1,1,1,2,3,2,12,2,22,3,10,1,1,7,5,1,10,2,13,,8,8,1,22,9,121.5082002,25.05062153
111,3,14,20,30,2,01大同區,大同區鄭州路與西寧北路口,0,0,2,2,C03,8,3,5,40,4,1,1,5,4,5,7,1,1,1,2,3,2,12,1,23,2,7,1,1,7,9,1,9,2,11,,44,8,1,22,9,121.5082002,25.05062153
111,3,14,20,30,2,01大同區,大同區鄭州路與西寧北路口,0,0,2,3,H02,8,3,5,40,4,1,1,5,4,5,7,1,1,1,2,3,2,12,2,22,2,8,4,5,7,20,8,20,10,16,,67,8,1,22,9,121.5082002,25.05062153
111,3,14,21,7,2,08士林區,士林區中山北路5段與劍潭路口,0,0,1,1,C03,8,3,5,40,4,1,1,5,4,5,7,1,1,3,2,5,1,17,1,44,3,10,1,1,7,9,1,10,1,12,,23,23,1,22,9,121.5255924,25.08400796
111,3,14,21,7,2,08士林區,士林區中山北路5段與劍潭路口,0,0,1,2,C03,8,3,5,40,4,1,1,5,4,5,7,1,1,3,2,5,1,17,2,25,2,7,1,1,7,9,1,10,1,14,,44,23,1,22,9,121.5255924,25.08400796
111,3,14,21,15,2,05中正區,中正區汀州路3段160巷與汀州路3段口,0,0,2,1,H01,8,3,5,0,4,2,1,5,4,5,7,1,1,5,5,5,2,3,2,50,2,9,4,5,8,18,8,20,10,16,,52,52,1,22,9,121.5345252,25.01347309
111,3,14,21,15,2,05中正區,中正區汀州路3段160巷與汀州路3段口,0,0,2,2,C03,8,3,5,0,4,2,1,5,4,5,7,1,1,5,5,5,2,3,1,60,2,9,1,1,7,9,1,10,2,14,,15,52,1,22,9,121.5345252,25.01347309
111,3,14,21,34,2,03中山區,中山區中山北路2段與民權東路1段口,0,0,2,2,C03,8,3,5,50,4,1,1,5,4,5,7,1,1,1,4,5,2,16,2,19,2,9,1,1,7,9,1,10,1,11,,44,7,1,22,9,121.5227209,25.06279884
111,3,14,21,34,2,03中山區,中山區中山北路2段與民權東路1段口,0,0,2,1,C03,8,3,5,50,4,1,1,5,4,5,7,1,1,1,4,5,2,16,1,21,4,11,3,4,7,8,7,19,11,15,,7,7,2,22,9,121.5227209,25.06279884
111,3,14,21,34,2,03中山區,中山區中山北路2段與民權東路1段口,0,0,2,3,H02,8,3,5,50,4,1,1,5,4,5,7,1,1,1,4,5,2,16,2,18,2,9,4,5,7,20,8,20,10,16,,67,7,1,22,9,121.5227209,25.06279884
111,3,14,22,17,2,11南港區,南港區大坑街與東勢街口,0,0,2,1,C03,8,3,5,50,4,1,1,5,4,5,7,4,4,5,5,5,2,16,1,30,2,9,3,4,7,9,1,10,1,12,,6,6,1,22,9,121.6238744,25.03884224
111,3,14,22,17,2,11南港區,南港區大坑街與東勢街口,0,0,2,2,C03,8,3,5,50,4,1,1,5,4,5,7,4,4,5,5,5,2,16,2,22,2,9,1,4,7,9,1,10,1,11,,44,6,1,22,9,121.6238744,25.03884224
111,3,14,22,32,2,08士林區,士林區文林路426號前,0,0,1,1,B03,7,3,5,50,14,9,1,5,4,5,7,4,4,9,4,5,1,17,1,22,3,10,1,1,7,8,1,8,2,2,,7,7,1,21,8,121.5248185,25.09439699
111,3,14,22,32,2,08士林區,士林區文林路426號前,0,0,1,2,C03,7,3,5,50,14,9,1,5,4,5,7,4,4,9,4,5,1,17,2,20,2,9,1,1,7,9,1,10,2,11,,44,7,1,21,8,121.5248185,25.09439699
111,3,14,22,40,2,09北投區,北投區公館路9號,0,0,2,1,C03,8,1,5,50,14,9,1,5,4,5,7,4,4,5,5,5,2,16,1,20,2,8,1,1,7,5,1,10,1,14,,8,8,1,22,9,121.5025903,25.1332755
111,3,14,22,40,2,09北投區,北投區公館路9號,0,0,2,2,C03,8,1,5,50,14,9,1,5,4,5,7,4,4,5,5,5,2,16,1,21,2,8,1,1,7,9,1,10,1,11,,44,8,1,22,9,121.5025903,25.1332755
111,3,15,1,11,2,02萬華區,萬華區西園路2段與西藏路口,0,0,1,1,B03,8,3,5,50,4,2,1,5,4,5,7,1,1,1,4,4,1,17,1,36,3,10,1,1,7,6,1,8,1,15,,9,9,1,22,9,121.4955892,25.02879047
111,3,15,1,11,2,02萬華區,萬華區西園路2段與西藏路口,0,0,1,2,C03,8,3,5,50,4,2,1,5,4,5,7,1,1,1,4,4,1,17,1,24,2,9,1,1,7,9,1,10,1,12,,16,9,1,22,9,121.4955892,25.02879047
111,3,15,1,11,2,02萬華區,萬華區西園路2段與西藏路口,0,0,1,3,C03,8,3,5,50,4,2,1,5,4,5,7,1,1,1,4,4,1,17,1,24,3,10,1,1,7,9,1,10,1,14,,44,9,1,22,9,121.4955892,25.02879047
111,3,15,4,5,2,12內湖區,內湖區民權東路6段190巷117弄29號前,0,0,1,1,B03,8,3,5,30,14,9,1,5,4,5,7,4,4,5,5,5,2,17,1,25,2,9,1,1,7,9,1,8,2,1,,23,23,1,22,9,121.5942932,25.06431224
111,3,15,4,5,2,12內湖區,內湖區民權東路6段190巷117弄29號前,0,0,1,2,B03,8,3,5,30,14,9,1,5,4,5,7,4,4,5,5,5,2,17,1,44,3,10,1,1,7,13,1,8,11,8,,44,23,1,22,9,121.5942932,25.06431224
111,3,15,4,5,2,12內湖區,內湖區民權東路6段190巷117弄29號前,0,0,1,3,B01,8,3,5,30,14,9,1,5,4,5,7,4,4,5,5,5,2,17,1,65,3,10,1,1,7,13,1,4,1,1,,44,23,1,22,9,121.5942932,25.06431224
111,3,15,5,23,2,12內湖區,內湖區潭美街與成功路2段口口,0,0,1,1,C03,8,1,5,40,3,1,1,5,4,5,7,2,1,5,4,5,2,16,1,35,3,10,1,1,4,5,6,10,1,11,,43,43,1,22,9,121.5917218,25.06004828
111,3,15,5,23,2,12內湖區,內湖區潭美街與成功路2段口口,0,0,1,2,C03,8,1,5,40,3,1,1,5,4,5,7,2,1,5,4,5,2,16,1,24,2,8,1,1,7,9,1,10,1,11,,43,43,1,22,9,121.5917218,25.06004828
111,3,15,6,26,2,10文山區,文山區萬芳路111號,0,0,1,1,B03,8,1,5,50,14,9,1,5,4,5,7,4,4,5,4,5,2,16,1,28,3,10,1,1,7,11,1,8,2,4,,26,26,1,22,9,121.5617239,24.99715194
111,3,15,6,26,2,10文山區,文山區萬芳路111號,0,0,1,2,C03,8,1,5,50,14,9,1,5,4,5,7,4,4,5,4,5,2,16,1,30,2,9,1,1,7,9,1,10,2,11,,44,26,1,22,9,121.5617239,24.99715194
111,3,15,7,47,2,09北投區,北投區中央北路4段與自立路口側附近附近口附近,0,0,1,1,C03,8,1,5,50,14,9,1,5,4,5,7,4,4,9,4,5,2,16,2,46,3,10,1,1,7,7,1,8,1,13,,7,7,1,22,9,121.465525,25.12561749
111,3,15,7,47,2,09北投區,北投區中央北路4段與自立路口側附近附近口附近,0,0,1,2,C03,8,1,5,50,14,9,1,5,4,5,7,4,4,9,4,5,2,16,2,21,2,9,1,1,7,9,1,10,1,12,,44,7,1,22,9,121.465525,25.12561749
111,3,15,7,47,2,07信義區,信義區和平東路3段與信安街口,0,0,2,2,H01,8,1,5,50,4,1,1,5,4,5,7,1,1,1,2,5,1,3,1,76,2,7,4,5,8,16,8,20,10,16,,67,15,1,22,9,121.5546644,25.02247632
111,3,15,7,47,2,07信義區,信義區和平東路3段與信安街口,0,0,2,1,B01,8,1,5,50,4,1,1,5,4,5,7,1,1,1,2,5,1,3,1,55,3,10,1,1,7,5,1,4,1,8,,15,15,1,22,9,121.5546644,25.02247632
111,3,15,7,47,2,07信義區,信義區和平東路3段與信安街口,0,0,2,3,H01,8,1,5,50,4,1,1,5,4,5,7,1,1,1,2,5,1,3,2,75,2,8,4,5,8,16,8,20,10,16,,67,15,1,22,9,121.5546644,25.02247632
111,3,15,7,54,2,06松山區,松山區八德路2段437巷10弄1號,0,0,1,1,B03,8,1,5,30,14,9,1,5,4,5,7,4,4,10,5,5,2,16,2,51,3,10,1,1,7,14,1,8,2,2,,38,38,1,22,9,121.5473528,25.04966799
111,3,15,7,54,2,06松山區,松山區八德路2段437巷10弄1號,0,0,1,2,C03,8,1,5,30,14,9,1,5,4,5,7,4,4,10,5,5,2,16,2,50,2,9,1,1,7,9,1,10,2,14,,44,38,1,22,9,121.5473528,25.04966799
111,3,15,7,54,2,06松山區,松山區八德路2段437巷10弄1號,0,0,1,3,H02,8,1,5,30,14,9,1,5,4,5,7,4,4,10,5,5,2,16,2,12,3,10,4,5,7,19,8,20,10,16,,56,38,1,22,9,121.5473528,25.04966799
111,3,15,7,55,2,04大安區,大安區新生南路3段與和平東路2段口,0,0,2,1,C03,8,1,5,50,4,1,1,5,4,5,7,1,1,1,4,5,2,16,2,51,2,9,1,1,7,8,1,10,1,12,,7,7,1,22,9,121.5349133,25.02594221
111,3,15,7,55,2,04大安區,大安區新生南路3段與和平東路2段口,0,0,2,2,C03,8,1,5,50,4,1,1,5,4,5,7,1,1,1,4,5,2,16,1,32,2,9,1,1,7,9,1,10,1,14,,26,7,1,22,9,121.5349133,25.02594221