發生年度,發生月,發生日,發生時-Hours,發生分,處理別-編號,區序,肇事地點,死亡人數,2-30日死亡人數,受傷人數,當事人序號,車種,天候,光線,道路類別,速限-速度限制,道路型態,事故位置,路面狀況1,路面狀況2,路面狀況3,道路障礙1,道路障礙2,號誌1,號誌2,車道劃分-分向,車道劃分-分道1,車道劃分-分道2,車道劃分-分道3,事故類型及型態,性別,年齡,受傷程度,主要傷處,安全帽,行動電話,車輛用途,當事者行動狀態,駕駛資格情形,駕駛執照種類,飲酒情形,車輛撞擊部位1,車輛撞擊部位2,肇因碼-個別,肇因碼-主要,個人肇逃否,職業,旅次目的,座標-X,座標-Y
111,3,15,8,0,2,04大安區,大安區羅斯福路3段與羅斯福路2段117巷口,0,0,1,1,C03,8,1,5,50,3,1,1,5,4,5,7,1,1,1,5,5,2,16,1,60,2,8,1,1,7,8,1,10,9,12,,43,43,1,22,9,121.5246944,25.02417109
111,3,15,8,0,2,04大安區,大安區羅斯福路3段與羅斯福路2段117巷口,0,0,1,2,,8,1,5,50,3,1,1,5,4,5,7,1,1,1,5,5,2,16,4,,4,11,3,4,7,15,7,19,11,15,,43,43,2,22,9,121.5246944,25.02417109
111,3,15,8,2,2,02萬華區,萬華區華江橋機車道往臺北市,0,0,3,1,C03,8,1,7,40,14,11,1,5,4,5,7,4,4,1,4,5,2,17,2,53,3,10,1,4,7,14,1,10,1,15,,30,30,1,22,9,121.4875216,25.03562922
111,3,15,8,2,2,02萬華區,萬華區華江橋機車道往臺北市,0,0,3,2,C03,8,1,7,40,14,11,1,5,4,5,7,4,4,1,4,5,2,17,2,28,2,8,1,4,7,12,1,10,1,13,,44,30,1,22,9,121.4875216,25.03562922
111,3,15,8,2,2,02萬華區,萬華區華江橋機車道往臺北市,0,0,3,3,C04,8,1,7,40,14,11,1,5,4,5,7,4,4,1,4,5,2,17,2,50,2,8,1,4,7,9,1,10,1,11,,23,30,1,22,9,121.4875216,25.03562922
111,3,15,8,2,2,02萬華區,萬華區華江橋機車道往臺北市,0,0,3,4,C03,8,1,7,40,14,11,1,5,4,5,7,4,4,1,4,5,2,17,1,51,2,9,1,4,7,9,1,10,1,11,,23,30,1,22,9,121.4875216,25.03562922
111,3,15,8,2,2,09北投區,北投區承德路7段與公館路口,0,0,2,1,B03,8,1,5,60,4,2,1,5,4,5,7,2,1,1,4,4,1,17,1,46,3,10,1,1,7,7,1,8,1,4,,7,7,1,22,9,121.5016208,25.11952774
111,3,15,8,2,2,09北投區,北投區承德路7段與公館路口,0,0,2,2,C03,8,1,5,60,4,2,1,5,4,5,7,2,1,1,4,4,1,17,1,35,2,9,1,1,7,9,1,10,1,14,,42,7,1,22,9,121.5016208,25.11952774
111,3,15,8,2,2,09北投區,北投區承德路7段與公館路口,0,0,2,3,B03,8,1,5,60,4,2,1,5,4,5,7,2,1,1,4,4,1,17,2,64,3,10,1,1,7,9,1,8,1,2,,44,7,1,22,9,121.5016208,25.11952774
111,3,15,8,2,2,09北投區,北投區承德路7段與公館路口,0,0,2,4,H02,8,1,5,60,4,2,1,5,4,5,7,2,1,1,4,4,1,17,2,61,2,9,4,5,7,20,8,20,1,16,,67,7,1,22,9,121.5016208,25.11952774
111,3,15,8,5,2,06松山區,松山區民權東路4段東往西048燈桿,0,0,1,2,B01,8,1,5,50,14,9,1,5,4,5,7,4,4,1,4,5,2,12,1,56,3,10,1,1,7,14,1,4,1,7,,44,23,1,22,9,121.5514107,25.06160731
111,3,15,8,5,2,06松山區,松山區民權東路4段東往西048燈桿,0,0,1,3,B01,8,1,5,50,14,9,1,5,4,5,7,4,4,1,4,5,2,12,1,59,3,10,1,1,7,9,1,8,1,6,,44,23,1,22,9,121.5514107,25.06160731
111,3,15,8,5,2,06松山區,松山區民權東路4段東往西048燈桿,0,0,1,1,C03,8,1,5,50,14,9,1,5,4,5,7,4,4,1,4,5,2,12,1,54,2,9,1,1,7,9,1,10,1,11,,23,23,1,22,9,121.5514107,25.06160731
111,3,15,8,10,2,04大安區,大安區建國南路2段31號對面,0,0,1,1,C03,8,1,5,50,14,9,1,5,4,5,7,3,1,1,4,5,2,17,1,33,3,10,3,4,7,5,1,10,1,13,,8,8,1,22,9,121.5375765,25.0323293
111,3,15,8,10,2,04大安區,大安區建國南路2段31號對面,0,0,1,2,C03,8,1,5,50,14,9,1,5,4,5,7,3,1,1,4,5,2,17,2,23,2,9,3,4,7,9,1,10,1,11,,13,8,1,22,9,121.5375765,25.0323293
111,3,15,8,10,2,08士林區,士林區承德路5段與百齡橋口,0,0,1,1,C03,8,1,5,30,3,2,1,5,4,5,7,1,1,10,5,5,2,17,2,43,3,10,1,1,7,9,1,10,1,12,,43,43,1,22,9,121.5155823,25.09168832
111,3,15,8,10,2,08士林區,士林區承德路5段與百齡橋口,0,0,1,2,C03,8,1,5,30,3,2,1,5,4,5,7,1,1,10,5,5,2,17,1,34,2,7,1,1,7,12,1,10,1,14,,43,43,1,22,9,121.5155823,25.09168832
111,3,15,8,30,2,12內湖區,內湖區瑞光路548巷與基湖路35巷2弄口,0,0,1,1,C03,8,1,5,50,3,1,1,5,4,5,7,4,4,5,4,5,2,12,2,24,2,9,1,1,7,9,1,10,1,11,,44,44,1,22,9,121.5667929,25.07854204
111,3,15,8,30,2,12內湖區,內湖區瑞光路548巷與基湖路35巷2弄口,0,0,1,2,B03,8,1,5,50,3,1,1,5,4,5,7,4,4,5,4,5,2,12,1,30,3,10,1,1,7,5,1,8,1,4,,8,44,1,22,9,121.5667929,25.07854204
111,3,15,8,37,2,03中山區,中山區龍江路370巷口側附近,0,0,1,1,C03,8,1,5,30,4,1,1,5,4,5,7,4,4,10,4,5,2,15,2,62,2,9,1,1,7,11,4,11,1,11,14,6,6,1,22,9,121.5409656,25.06641248
111,3,15,8,37,2,03中山區,中山區龍江路370巷口側附近,0,0,1,2,C03,8,1,5,30,4,1,1,5,4,5,7,4,4,10,4,5,2,15,1,25,3,10,1,1,7,9,1,10,1,12,,14,6,1,22,9,121.5409656,25.06641248
111,3,15,8,44,2,06松山區,松山區八德路4段845號,0,0,1,1,B01,8,1,5,50,14,9,1,5,4,5,7,2,1,1,4,5,2,12,1,61,3,10,1,1,7,8,1,4,1,2,,7,7,1,22,9,121.5798849,25.05145436
111,3,15,8,44,2,06松山區,松山區八德路4段845號,0,0,1,2,C03,8,1,5,50,14,9,1,5,4,5,7,2,1,1,4,5,2,12,2,46,2,9,1,1,7,9,1,10,1,14,,44,7,1,22,9,121.5798849,25.05145436
111,3,15,8,45,2,02萬華區,萬華區康定路與和平西路3段口,0,0,2,1,C03,8,1,5,50,4,1,1,5,4,5,7,1,1,4,5,5,2,17,2,68,2,9,1,1,7,5,1,10,1,11,,26,26,1,22,9,121.5013019,25.03523726
111,3,15,8,45,2,02萬華區,萬華區康定路與和平西路3段口,0,0,2,2,C03,8,1,5,50,4,1,1,5,4,5,7,1,1,4,5,5,2,17,1,42,2,9,1,1,7,9,1,10,1,11,,44,26,1,22,9,121.5013019,25.03523726
111,3,15,8,50,2,03中山區,中山區濱江街333號,0,0,1,1,B03,8,1,5,50,14,7,1,5,4,5,7,4,4,1,4,4,2,16,1,56,3,10,1,1,7,6,1,8,1,2,,9,9,1,22,9,121.5478205,25.0723673
111,3,15,8,50,2,03中山區,中山區濱江街333號,0,0,1,2,C03,8,1,5,50,14,7,1,5,4,5,7,4,4,1,4,4,2,16,1,23,2,7,1,1,7,9,1,10,1,14,,13,9,1,22,9,121.5478205,25.0723673
111,3,15,8,50,2,04大安區,大安區基隆路2段134號,0,0,2,1,C03,8,1,5,50,14,9,1,5,4,5,7,4,4,8,3,5,2,12,1,31,2,8,1,1,7,9,1,10,1,15,,16,16,1,22,9,121.5568249,25.02861496
111,3,15,8,50,2,04大安區,大安區基隆路2段134號,0,0,2,2,C03,8,1,5,50,14,9,1,5,4,5,7,4,4,8,3,5,2,12,2,64,2,7,1,1,7,9,1,10,1,12,,44,16,1,22,9,121.5568249,25.02861496
111,3,15,8,56,2,01大同區,大同區酒泉街50巷與承德路3段214巷口,0,0,1,1,C03,8,1,5,30,3,1,1,5,4,5,7,4,4,10,5,5,1,15,2,49,2,9,1,1,7,9,1,10,1,11,,6,6,1,22,9,121.516638,25.07152776
111,3,15,8,56,2,01大同區,大同區酒泉街50巷與承德路3段214巷口,0,0,1,2,B01,8,1,5,30,3,1,1,5,4,5,7,4,4,10,5,5,1,15,2,52,3,10,1,1,7,9,1,4,1,8,,44,6,1,22,9,121.516638,25.07152776
111,3,15,9,5,2,04大安區,大安區瑞安街23巷20號,0,0,1,1,C03,8,1,5,30,14,9,1,5,4,5,7,4,4,9,4,5,2,16,1,45,3,10,1,1,7,5,1,10,1,12,,8,8,1,22,9,121.5448962,25.03099366
111,3,15,9,5,2,04大安區,大安區瑞安街23巷20號,0,0,1,2,C03,8,1,5,30,14,9,1,5,4,5,7,4,4,9,4,5,2,16,2,50,2,6,1,1,7,9,1,10,1,11,,13,8,1,22,9,121.5448962,25.03099366
111,3,15,9,6,2,03中山區,中山區新生北路3段與新生北路3段3巷口,0,0,1,1,B03,8,1,5,50,3,2,1,5,4,5,7,4,4,9,5,5,2,12,1,27,3,10,1,4,7,6,1,8,1,2,,6,6,1,22,9,121.5417462,25.0607916
111,3,15,9,6,2,03中山區,中山區新生北路3段與新生北路3段3巷口,0,0,1,2,C03,8,1,5,50,3,2,1,5,4,5,7,4,4,9,5,5,2,12,1,33,2,9,1,4,7,9,1,10,1,14,,44,6,1,22,9,121.5417462,25.0607916
111,3,15,9,28,2,12內湖區,內湖區內湖路1段411巷62弄口,0,0,2,1,C03,8,1,5,30,14,9,1,5,4,5,7,4,4,8,4,5,2,11,2,63,2,9,1,1,7,5,1,10,1,11,,8,8,1,22,9,121.5714556,25.08302552
111,3,15,9,28,2,12內湖區,內湖區內湖路1段411巷62弄口,0,0,2,2,C03,8,1,5,30,14,9,1,5,4,5,7,4,4,8,4,5,2,11,1,22,2,9,1,1,7,9,1,10,1,11,,13,8,1,22,9,121.5714556,25.08302552
111,3,15,9,28,2,12內湖區,內湖區內湖路1段411巷62弄口,0,0,2,3,B03,8,1,5,30,14,9,1,5,4,5,7,4,4,8,4,5,2,11,1,38,3,10,3,4,7,15,1,8,11,4,,44,8,1,22,9,121.5714556,25.08302552
111,3,15,9,38,2,12內湖區,內湖區民權大橋西往東內湖0051路燈桿,0,0,2,1,C03,8,1,5,50,8,11,1,5,4,5,7,4,4,5,4,4,2,17,1,49,2,7,1,1,7,9,1,10,1,15,,43,43,1,22,9,121.5778042,25.06649497
111,3,15,9,38,2,12內湖區,內湖區民權大橋西往東內湖0051路燈桿,0,0,2,2,C03,8,1,5,50,8,11,1,5,4,5,7,4,4,5,4,4,2,17,1,26,2,9,1,1,7,4,1,10,1,11,,43,43,1,22,9,121.5778042,25.06649497
111,3,15,9,54,2,01大同區,大同區民權西路254號與民權西路口,0,0,2,1,C03,8,1,5,50,3,2,1,5,4,5,7,4,4,1,4,5,2,12,1,28,2,7,3,4,7,9,1,10,2,14,,23,23,1,22,9,121.5123706,25.0627231
111,3,15,9,54,2,01大同區,大同區民權西路254號與民權西路口,0,0,2,2,C03,8,1,5,50,3,2,1,5,4,5,7,4,4,1,4,5,2,12,2,39,2,9,3,4,7,9,3,18,2,12,,44,23,1,22,9,121.5123706,25.0627231
111,3,15,9,55,2,05中正區,中正區福和橋往新北市,0,0,2,1,C04,8,1,5,40,8,11,1,5,4,5,7,4,4,2,4,1,2,12,2,47,3,10,1,1,7,9,1,11,9,15,,44,44,1,22,9,121.5339203,25.00986058
111,3,15,9,55,2,05中正區,中正區福和橋往新北市,0,0,2,2,C03,8,1,5,40,8,11,1,5,4,5,7,4,4,2,4,1,2,12,2,65,3,10,1,1,7,9,3,18,1,15,,30,44,1,22,9,121.5339203,25.00986058
111,3,15,9,55,2,05中正區,中正區福和橋往新北市,0,0,2,3,C03,8,1,5,40,8,11,1,5,4,5,7,4,4,2,4,1,2,12,2,22,2,8,1,1,7,9,1,10,1,12,,23,44,1,22,9,121.5339203,25.00986058
111,3,15,9,55,2,05中正區,中正區福和橋往新北市,0,0,2,4,C03,8,1,5,40,8,11,1,5,4,5,7,4,4,2,4,1,2,12,1,59,2,8,1,1,7,7,1,10,1,14,,23,44,1,22,9,121.5339203,25.00986058
111,3,15,10,0,2,08士林區,士林區忠誠路2段與士東路口,0,0,1,1,F01,8,1,5,50,5,2,1,5,4,5,7,1,1,1,4,5,2,17,2,42,2,9,1,1,7,11,8,20,2,16,,11,11,1,22,9,121.5314089,25.11249074
111,3,15,10,0,2,08士林區,士林區忠誠路2段與士東路口,0,0,1,2,C03,8,1,5,50,5,2,1,5,4,5,7,1,1,1,4,5,2,17,1,20,3,10,3,4,7,6,1,10,2,13,,9,11,1,22,9,121.5314089,25.11249074
111,3,15,10,0,2,08士林區,士林區中山北路5段與劍潭路口,0,0,1,1,C03,8,1,8,40,3,2,1,5,4,5,7,1,1,10,5,5,2,13,2,56,2,9,1,1,7,9,1,10,1,11,,43,43,1,22,9,121.5253615,25.0840092
111,3,15,10,0,2,08士林區,士林區中山北路5段與劍潭路口,0,0,1,2,C03,8,1,8,40,3,2,1,5,4,5,7,1,1,10,5,5,2,13,2,19,3,10,1,1,7,12,1,10,1,13,,43,43,1,22,9,121.5253615,25.0840092
111,3,15,10,0,2,11南港區,南港區大坑街1段與宜興街口往南40公尺處,0,0,1,1,B03,8,1,5,50,14,9,1,5,4,5,7,4,4,9,5,5,2,17,1,41,3,10,1,2,7,7,1,8,2,15,,7,7,1,22,9,121.6240441,25.0370335
111,3,15,10,0,2,11南港區,南港區大坑街1段與宜興街口往南40公尺處,0,0,1,2,C03,8,1,5,50,14,9,1,5,4,5,7,4,4,9,5,5,2,17,1,23,2,9,1,1,7,9,1,10,2,14,,13,7,1,22,9,121.6240441,25.0370335
111,3,15,10,15,2,10文山區,文山區木柵路1段17巷1號對面,0,0,1,1,A02,8,1,5,50,14,9,1,5,4,5,7,2,1,5,5,5,1,9,1,59,3,10,1,1,7,1,1,2,1,15,,43,43,1,21,4,121.5438938,24.98850612
111,3,15,10,15,2,10文山區,文山區木柵路1段17巷1號對面,0,0,1,2,H02,8,1,5,50,14,9,1,5,4,5,7,2,1,5,5,5,1,9,2,46,2,1,4,5,7,17,8,20,10,16,,67,43,1,21,8,121.5438938,24.98850612
111,3,15,10,16,2,02萬華區,萬華區富民路145巷15弄33號,0,0,1,1,C03,8,1,5,30,14,9,1,5,4,5,7,4,4,10,5,5,1,11,2,59,3,10,1,1,7,9,1,10,2,14,,23,23,1,22,9,121.4995328,25.01894725
111,3,15,10,16,2,02萬華區,萬華區富民路145巷15弄33號,0,0,1,2,C03,8,1,5,30,14,9,1,5,4,5,7,4,4,10,5,5,1,11,2,43,2,9,1,1,7,9,1,10,2,14,,23,23,1,22,9,121.4995328,25.01894725
111,3,15,10,23,2,06松山區,松山區光復南路22巷與光復南路32巷16弄口,0,0,1,1,B03,8,1,5,30,4,1,1,5,4,5,7,4,4,10,5,5,2,15,1,62,3,10,1,1,7,9,1,8,1,2,,6,6,1,22,9,121.5563863,25.04702521
111,3,15,10,23,2,06松山區,松山區光復南路22巷與光復南路32巷16弄口,0,0,1,2,C03,8,1,5,30,4,1,1,5,4,5,7,4,4,10,5,5,2,15,2,28,2,7,1,1,7,9,1,10,1,11,,23,6,1,22,9,121.5563863,25.04702521
111,3,15,10,25,2,04大安區,大安區仁愛路3段與建國南路1段口,0,0,1,1,B03,8,1,5,50,5,2,1,5,4,5,7,1,1,8,3,5,2,12,1,43,3,10,1,1,7,8,1,8,1,2,,7,7,1,22,9,121.5380643,25.03788819
111,3,15,10,25,2,04大安區,大安區仁愛路3段與建國南路1段口,0,0,1,2,C03,8,1,5,50,5,2,1,5,4,5,7,1,1,8,3,5,2,12,1,29,2,9,1,1,7,9,1,10,1,14,,13,7,1,22,9,121.5380643,25.03788819
111,3,15,10,50,2,05中正區,中正區重慶南路3段121號,0,0,1,1,C03,8,1,5,30,14,9,1,5,4,5,7,4,4,10,4,5,2,13,2,63,2,9,1,1,7,9,1,10,1,11,,16,16,1,22,9,121.51699,25.0239769
111,3,15,10,50,2,05中正區,中正區重慶南路3段121號,0,0,1,2,C03,8,1,5,30,14,9,1,5,4,5,7,4,4,10,4,5,2,13,2,21,3,10,1,1,7,9,3,18,1,13,,23,16,1,22,9,121.51699,25.0239769
111,3,15,10,50,2,05中正區,中正區重慶南路3段121號,0,0,1,3,,8,1,5,30,14,9,1,5,4,5,7,4,4,10,4,5,2,13,3,,,,,,,,,,,,,65,16,1,,,121.51699,25.0239769
111,3,15,11,4,2,03中山區,中山區長春路137巷與松江路160巷口,0,0,2,1,C03,8,1,5,30,4,1,1,5,4,5,7,4,4,10,5,5,2,16,2,42,2,7,1,4,7,9,1,10,2,11,,6,6,1,22,9,121.5315074,25.05527095
111,3,15,11,4,2,03中山區,中山區長春路137巷與松江路160巷口,0,0,2,2,C03,8,1,5,30,4,1,1,5,4,5,7,4,4,10,5,5,2,16,1,43,2,9,1,4,7,9,1,10,2,12,,44,6,1,22,9,121.5315074,25.05527095
111,3,15,11,20,2,04大安區,大安區忠孝東路3段與建國南路1段口,0,0,1,1,B03,8,1,5,50,4,1,1,5,4,5,7,2,1,1,4,5,2,11,2,55,3,10,1,1,7,6,1,8,1,1,,9,9,1,22,9,121.537168,25.04178752
111,3,15,11,20,2,04大安區,大安區忠孝東路3段與建國南路1段口,0,0,1,2,F01,8,1,5,50,4,1,1,5,4,5,7,2,1,1,4,5,2,11,2,25,2,9,1,1,7,9,8,20,1,16,,44,9,1,22,9,121.537168,25.04178752
111,3,15,11,30,2,08士林區,士林區延平北路7段與洲美快速道路口,0,0,2,1,B03,8,1,5,50,3,1,1,5,4,5,7,1,1,1,4,5,2,11,1,68,2,4,1,1,7,9,1,8,1,1,,25,25,1,22,9,121.4972637,25.09464042
111,3,15,11,30,2,08士林區,士林區延平北路7段與洲美快速道路口,0,0,2,2,B12,8,1,5,50,3,1,1,5,4,5,7,1,1,1,4,5,2,11,1,29,2,9,1,1,7,5,1,8,1,5,,8,25,1,22,9,121.4972637,25.09464042
111,3,15,11,43,2,08士林區,士林區中山北路6段與中山北路6段405巷口,0,0,1,1,B03,8,1,5,50,3,2,1,5,4,5,7,2,1,1,4,5,2,17,1,31,3,10,1,1,7,9,1,8,1,1,,26,26,1,22,9,121.5266592,25.11290671
111,3,15,11,43,2,08士林區,士林區中山北路6段與中山北路6段405巷口,0,0,1,2,C03,8,1,5,50,3,2,1,5,4,5,7,2,1,1,4,5,2,17,1,44,2,9,1,1,7,5,1,10,1,13,,8,26,1,22,9,121.5266592,25.11290671
111,3,15,11,59,2,09北投區,北投區承德路7段232巷23號停車格旁,0,0,2,1,C03,8,1,5,50,14,8,1,5,4,5,7,4,4,1,4,4,2,13,1,18,2,7,1,1,7,9,1,10,2,11,,44,44,1,22,9,121.506497,25.11521337
111,3,15,11,59,2,09北投區,北投區承德路7段232巷23號停車格旁,0,0,2,2,C03,8,1,5,50,14,8,1,5,4,5,7,4,4,1,4,4,2,13,1,19,2,9,1,1,7,9,1,10,2,11,,16,44,1,22,9,121.506497,25.11521337
111,3,15,11,59,2,09北投區,北投區承德路7段232巷23號停車格旁,0,0,2,3,B03,8,1,5,50,14,8,1,5,4,5,7,4,4,1,4,4,2,13,2,37,3,10,1,1,7,2,1,8,5,3,,21,44,1,22,9,121.506497,25.11521337
111,3,15,11,59,2,09北投區,北投區承德路7段232巷23號停車格旁,0,0,2,4,B12,8,1,5,50,14,8,1,5,4,5,7,4,4,1,4,4,2,13,1,49,3,10,1,1,7,14,1,8,2,4,,44,44,1,22,9,121.506497,25.11521337
111,3,15,11,59,2,09北投區,北投區承德路7段232巷23號停車格旁,0,0,2,5,B03,8,1,5,50,14,8,1,5,4,5,7,4,4,1,4,4,2,13,2,25,3,10,1,1,7,15,1,8,11,7,,44,44,1,22,9,121.506497,25.11521337
111,3,15,12,22,2,08士林區,、格致路無名巷,0,0,3,1,C03,8,1,5,40,3,2,1,5,4,5,7,4,4,5,5,5,2,16,2,24,2,9,1,1,7,5,1,10,1,11,,6,6,1,22,9,121.5465445,25.13802903
111,3,15,12,22,2,08士林區,、格致路無名巷,0,0,3,2,C03,8,1,5,40,3,2,1,5,4,5,7,4,4,5,5,5,2,16,1,19,2,9,1,1,7,9,1,10,1,11,,14,6,1,22,9,121.5465445,25.13802903
111,3,15,12,22,2,08士林區,、格致路無名巷,0,0,3,3,H02,8,1,5,40,3,2,1,5,4,5,7,4,4,5,5,5,2,16,1,37,2,9,4,1,7,20,8,20,10,15,,67,6,1,22,9,121.5465445,25.13802903
111,3,15,12,31,2,02萬華區,萬華區青年路與國興路口,0,0,1,1,B03,8,1,5,30,4,1,1,5,4,5,7,1,1,5,5,5,2,17,2,66,3,10,1,4,7,6,1,8,1,1,,23,23,1,22,9,121.5063468,25.02606267
111,3,15,12,31,2,02萬華區,萬華區青年路與國興路口,0,0,1,2,C03,8,1,5,30,4,1,1,5,4,5,7,1,1,5,5,5,2,17,2,71,2,9,1,4,7,5,1,10,1,13,,4,23,1,22,9,121.5063468,25.02606267
111,3,15,12,31,2,06松山區,松山區市民大道5段與東興路口,0,0,1,1,B03,8,1,5,50,4,1,1,5,4,5,7,2,1,9,4,5,2,17,1,60,3,10,1,1,7,5,1,8,2,2,,25,25,1,22,9,121.565805,25.0483672
111,3,15,12,31,2,06松山區,松山區市民大道5段與東興路口,0,0,1,2,C03,8,1,5,50,4,1,1,5,4,5,7,2,1,9,4,5,2,17,1,18,2,9,1,1,7,9,1,10,2,11,,44,25,1,22,9,121.565805,25.0483672
111,3,15,12,45,2,05中正區,中正區晉江街124巷與晉江街口,0,0,2,1,C03,8,1,5,30,4,1,1,5,4,5,7,4,4,10,5,5,2,15,1,20,2,9,1,1,7,9,1,10,1,11,,6,6,1,22,9,121.5255087,25.02218304
111,3,15,12,45,2,05中正區,中正區晉江街124巷與晉江街口,0,0,2,2,C03,8,1,5,30,4,1,1,5,4,5,7,4,4,10,5,5,2,15,2,58,2,9,1,1,7,9,4,11,1,11,,44,6,1,22,9,121.5255087,25.02218304
111,3,15,13,10,2,03中山區,中山區大直街與北安路口,0,0,2,2,C03,8,1,5,50,4,1,1,5,4,5,7,1,1,1,3,5,1,16,2,27,2,8,1,1,7,9,1,10,1,14,,43,25,1,22,9,121.5492437,25.08411889
111,3,15,13,10,2,03中山區,中山區大直街與北安路口,0,0,2,1,C03,8,1,5,50,4,1,1,5,4,5,7,1,1,1,3,5,1,16,1,24,2,8,1,1,7,9,1,10,1,11,,25,25,1,22,9,121.5492437,25.08411889
111,3,15,13,13,2,04大安區,大安區敦化南路2段與四維路170巷口,0,0,2,1,B03,8,1,5,50,4,1,1,5,4,5,7,2,1,8,1,4,2,16,2,41,2,9,1,1,7,5,1,8,2,1,,6,6,1,22,9,121.5487346,25.0281645
111,3,15,13,13,2,04大安區,大安區敦化南路2段與四維路170巷口,0,0,2,2,B03,8,1,5,50,4,1,1,5,4,5,7,2,1,8,1,4,2,16,1,39,2,8,1,1,7,9,1,2,2,1,,13,6,1,22,9,121.5487346,25.0281645
111,3,15,13,18,2,05中正區,中正區中山南路與凱達格蘭大道口西南側,0,0,1,1,C03,8,1,5,50,5,1,1,5,4,5,7,2,1,5,4,5,2,17,1,38,3,10,1,1,7,7,1,10,2,15,,7,7,1,22,9,121.5173664,25.03872273
111,3,15,13,18,2,05中正區,中正區中山南路與凱達格蘭大道口西南側,0,0,1,2,C03,8,1,5,50,5,1,1,5,4,5,7,2,1,5,4,5,2,17,2,22,2,9,1,1,7,9,1,10,2,12,,16,7,1,22,9,121.5173664,25.03872273
111,3,15,13,41,2,04大安區,大安區信義路2段88號,0,0,1,1,A12,8,1,5,50,14,20,1,5,4,4,7,4,4,1,5,5,1,17,1,32,3,10,1,1,7,13,1,2,1,2,,34,34,1,22,9,121.5268227,25.03412539
111,3,15,13,41,2,04大安區,大安區信義路2段88號,0,0,1,2,F01,8,1,5,50,14,20,1,5,4,4,7,4,4,1,5,5,1,17,1,33,2,9,1,1,7,9,8,20,1,16,,44,34,1,22,9,121.5268227,25.03412539
111,3,15,14,4,2,06松山區,松山區八德路4段與吉祥路16巷口,0,0,1,1,C03,8,1,5,50,3,1,1,5,4,5,7,4,4,1,4,5,2,11,1,28,2,8,1,1,7,5,1,10,1,14,,8,8,1,22,9,121.5619949,25.04863374
111,3,15,14,4,2,06松山區,松山區八德路4段與吉祥路16巷口,0,0,1,2,B03,8,1,5,50,3,1,1,5,4,5,7,4,4,1,4,5,2,11,1,44,3,10,1,1,7,6,1,10,1,8,,9,8,2,22,9,121.5619949,25.04863374
111,3,15,14,38,2,02萬華區,萬華區環河南路1段181-7號,0,0,1,1,B03,8,1,5,50,14,9,1,5,4,5,7,4,4,5,4,5,2,12,1,41,3,10,1,1,7,1,6,18,1,4,,19,19,1,22,9,121.5053839,25.0478375
111,3,15,14,38,2,02萬華區,萬華區環河南路1段181-7號,0,0,1,2,C03,8,1,5,50,14,9,1,5,4,5,7,4,4,5,4,5,2,12,1,41,2,9,1,1,7,9,1,10,1,11,,44,19,1,22,9,121.5053839,25.0478375
111,3,15,14,43,2,08士林區,士林區至善路2段與劍南路口,0,0,1,1,B03,8,1,5,50,4,2,1,5,4,5,7,2,1,3,4,5,2,18,2,30,2,9,1,1,7,9,1,8,1,5,,42,42,1,22,9,121.557526,25.10781462
111,3,15,14,43,2,08士林區,士林區至善路2段與劍南路口,0,0,1,2,B03,8,1,5,50,4,2,1,5,4,5,7,2,1,3,4,5,2,18,3,,,,,,,,,,,,,67,42,1,,,121.557526,25.10781462
111,3,15,14,43,2,08士林區,士林區至善路2段與劍南路口,0,0,1,3,B03,8,1,5,50,4,2,1,5,4,5,7,2,1,3,4,5,2,18,3,,,,,,,,,,,,,67,42,1,,,121.557526,25.10781462
111,3,15,15,20,2,05中正區,中正區市民大道1段168號,0,0,1,1,B03,8,1,5,40,14,9,1,5,4,5,7,4,4,9,4,5,2,16,1,45,3,10,1,1,7,11,1,8,2,6,,6,6,1,22,9,121.5190055,25.04824924
111,3,15,15,20,2,05中正區,中正區市民大道1段168號,0,0,1,2,C03,8,1,5,40,14,9,1,5,4,5,7,4,4,9,4,5,2,16,2,24,2,9,1,1,7,9,1,10,2,11,,13,6,1,22,9,121.5190055,25.04824924
111,3,15,15,30,2,06松山區,松山區環東大道與市民高架道口,0,0,2,1,B03,8,1,5,50,3,2,1,5,4,5,7,4,4,9,4,5,2,13,1,35,2,1,1,4,7,9,6,8,1,3,,16,16,1,22,9,121.5697563,25.05002335
111,3,15,15,30,2,06松山區,松山區環東大道與市民高架道口,0,0,2,2,B03,8,1,5,50,3,2,1,5,4,5,7,4,4,9,4,5,2,13,1,27,2,1,1,4,7,9,1,8,1,5,,44,16,1,22,9,121.5697563,25.05002335
111,3,15,15,30,2,06松山區,松山區環東大道與市民高架道口,0,0,2,3,B12,8,1,5,50,3,2,1,5,4,5,7,4,4,9,4,5,2,13,1,65,3,10,1,4,7,9,1,8,1,3,,44,16,1,22,9,121.5697563,25.05002335
111,3,15,15,53,2,12內湖區,內湖區港墘路與港墘路37巷口,0,0,1,1,B03,8,1,5,50,4,1,1,5,4,5,7,2,1,1,4,5,2,3,2,31,3,10,1,1,7,6,1,8,2,4,,15,15,1,22,9,121.5783491,25.08215044
111,3,15,15,53,2,12內湖區,內湖區港墘路與港墘路37巷口,0,0,1,2,H01,8,1,5,50,4,1,1,5,4,5,7,2,1,1,4,5,2,3,2,37,2,9,4,5,8,16,8,20,10,16,,67,15,1,22,9,121.5783491,25.08215044