發生年度,發生月,發生日,發生時-Hours,發生分,處理別-編號,區序,肇事地點,死亡人數,2-30日死亡人數,受傷人數,當事人序號,車種,天候,光線,道路類別,速限-速度限制,道路型態,事故位置,路面狀況1,路面狀況2,路面狀況3,道路障礙1,道路障礙2,號誌1,號誌2,車道劃分-分向,車道劃分-分道1,車道劃分-分道2,車道劃分-分道3,事故類型及型態,性別,年齡,受傷程度,主要傷處,安全帽,行動電話,車輛用途,當事者行動狀態,駕駛資格情形,駕駛執照種類,飲酒情形,車輛撞擊部位1,車輛撞擊部位2,肇因碼-個別,肇因碼-主要,個人肇逃否,職業,旅次目的,座標-X,座標-Y
111,3,15,15,55,2,09北投區,北投區西安街1段157號,0,0,1,1,B03,8,1,5,50,14,9,1,5,4,5,7,4,4,9,4,5,2,17,2,57,3,10,1,1,7,8,1,8,1,6,,7,7,1,22,9,121.5187135,25.1094564
111,3,15,15,55,2,09北投區,北投區西安街1段157號,0,0,1,2,C03,8,1,5,50,14,9,1,5,4,5,7,4,4,9,4,5,2,17,1,18,2,9,1,1,7,9,1,10,1,14,,44,7,1,22,9,121.5187135,25.1094564
111,3,15,15,55,2,09北投區,北投區西安街1段157號,0,0,1,3,B03,8,1,5,50,14,9,1,5,4,5,7,4,4,9,4,5,2,17,1,41,3,10,1,1,7,13,1,8,1,4,,44,7,1,22,9,121.5187135,25.1094564
111,3,15,16,10,2,04大安區,大安區通化街171巷與通化街口,0,0,1,1,C03,8,1,5,50,4,2,1,5,4,5,7,1,1,8,3,5,2,12,1,72,2,7,1,1,7,1,1,10,1,12,,19,19,1,22,9,121.5536596,25.02806861
111,3,15,16,10,2,04大安區,大安區通化街171巷與通化街口,0,0,1,2,B03,8,1,5,50,4,2,1,5,4,5,7,1,1,8,3,5,2,12,1,45,3,10,1,1,7,9,1,8,1,4,,44,19,1,22,9,121.5536596,25.02806861
111,3,15,16,30,2,08士林區,士林區至善路3段與至善路3段71巷口,0,0,2,1,C03,8,1,5,50,3,1,1,5,4,5,7,1,1,5,5,5,1,12,1,21,2,8,1,1,7,9,1,10,1,11,,23,23,1,22,9,121.5645761,25.11290807
111,3,15,16,30,2,08士林區,士林區至善路3段與至善路3段71巷口,0,0,2,2,C03,8,1,5,50,3,1,1,5,4,5,7,1,1,5,5,5,1,12,2,52,2,9,1,1,7,1,1,10,2,14,,19,23,1,22,9,121.5645761,25.11290807
111,3,15,16,37,2,09北投區,北投區承德路6段461號對面福星公園旁,0,0,1,1,B11,8,1,5,60,14,9,1,5,4,5,7,4,4,1,4,4,2,16,1,42,3,10,1,1,7,8,1,8,11,2,,17,17,2,22,9,121.511699,25.10926175
111,3,15,16,37,2,09北投區,北投區承德路6段461號對面福星公園旁,0,0,1,2,C03,8,1,5,60,14,9,1,5,4,5,7,4,4,1,4,4,2,16,1,19,2,9,1,1,7,9,1,10,2,14,,17,17,1,22,9,121.511699,25.10926175
111,3,15,17,5,2,10文山區,文山區木柵路1段與試院路口單,0,0,1,1,B03,8,1,5,50,4,2,1,5,4,5,7,2,1,9,4,5,1,16,1,62,3,10,1,1,7,5,1,8,1,6,,6,6,1,22,9,121.5489342,24.98724497
111,3,15,17,5,2,10文山區,文山區木柵路1段與試院路口單,0,0,1,2,C03,8,1,5,50,4,2,1,5,4,5,7,2,1,9,4,5,1,16,1,37,2,8,1,1,7,9,1,10,1,11,,23,6,1,22,9,121.5489342,24.98724497
111,3,15,17,7,2,01大同區,大同區鄭州路與西寧北路口,0,0,1,1,C03,8,1,5,40,4,1,1,5,4,5,7,2,1,1,4,5,2,16,1,52,2,9,3,4,7,5,3,18,2,13,,8,8,1,22,9,121.5082021,25.0506052
111,3,15,17,7,2,01大同區,大同區鄭州路與西寧北路口,0,0,1,2,B03,8,1,5,40,4,1,1,5,4,5,7,2,1,1,4,5,2,16,1,25,3,10,3,4,7,9,1,8,2,1,,26,8,1,22,9,121.5082021,25.0506052
111,3,15,17,13,2,03中山區,中山區南京東路1段25號,0,0,2,1,C03,8,1,5,50,14,8,1,5,4,5,7,1,1,1,4,4,2,12,1,50,3,10,1,1,7,8,6,10,1,12,,7,7,1,22,9,121.5439055,25.0524973
111,3,15,17,13,2,03中山區,中山區南京東路1段25號,0,0,2,2,C03,8,1,5,50,14,8,1,5,4,5,7,1,1,1,4,4,2,12,1,38,2,9,1,1,7,9,1,10,1,11,14,44,7,1,22,9,121.5439055,25.0524973
111,3,15,17,13,2,03中山區,中山區南京東路1段25號,0,0,2,3,H02,8,1,5,50,14,8,1,5,4,5,7,1,1,1,4,4,2,12,2,36,2,9,1,5,7,20,8,20,10,15,,67,7,1,22,9,121.5439055,25.0524973
111,3,15,17,14,2,07信義區,信義區莊敬路423巷與莊敬路423巷2弄口,0,0,2,1,C03,8,1,5,30,4,1,1,5,4,5,7,4,4,10,5,5,1,15,1,63,2,9,1,1,7,9,1,10,1,11,,6,6,1,22,9,121.5667027,25.02761764
111,3,15,17,14,2,07信義區,信義區莊敬路423巷與莊敬路423巷2弄口,0,0,2,2,C03,8,1,5,30,4,1,1,5,4,5,7,4,4,10,5,5,1,15,1,61,2,9,1,1,7,9,1,10,1,14,,44,6,1,22,9,121.5667027,25.02761764
111,3,15,17,18,2,01大同區,大同區台北橋往三重方向機車道,0,0,2,2,C03,8,1,5,50,8,11,1,5,4,5,7,4,4,1,4,1,2,13,2,60,2,9,1,1,7,7,1,10,2,13,,7,13,1,22,9,121.5085839,25.06352381
111,3,15,17,18,2,01大同區,大同區台北橋往三重方向機車道,0,0,2,1,C03,8,1,5,50,8,11,1,5,4,5,7,4,4,1,4,1,2,13,1,39,2,9,1,1,7,9,1,10,2,11,,13,13,1,22,9,121.5085839,25.06352381
111,3,15,17,30,2,12內湖區,內湖區成功路2段426巷與成功路2段口,0,0,1,1,F01,8,1,5,50,4,1,1,5,4,5,7,1,1,1,4,5,2,11,2,30,2,1,1,1,7,11,8,20,1,16,,25,25,1,22,9,121.5896886,25.07147198
111,3,15,17,30,2,12內湖區,內湖區成功路2段426巷與成功路2段口,0,0,1,2,B03,8,1,5,50,4,1,1,5,4,5,7,1,1,1,4,5,2,11,1,28,3,10,1,1,7,5,1,8,1,8,,23,25,1,22,9,121.5896886,25.07147198
111,3,15,17,37,2,04大安區,大安區和平東路2段與建國南路2段口,0,0,2,1,B03,8,1,5,50,5,2,1,5,4,5,7,1,1,8,3,5,2,13,2,26,3,10,1,1,7,9,1,8,1,1,,23,23,1,22,9,121.5372362,25.02575002
111,3,15,17,37,2,04大安區,大安區和平東路2段與建國南路2段口,0,0,2,2,C03,8,1,5,50,5,2,1,5,4,5,7,1,1,8,3,5,2,13,1,44,2,6,1,1,7,9,1,10,1,13,,44,23,1,22,9,121.5372362,25.02575002
111,3,15,17,37,2,04大安區,大安區和平東路2段與建國南路2段口,0,0,2,3,C03,8,1,5,50,5,2,1,5,4,5,7,1,1,8,3,5,2,13,2,31,2,7,1,1,7,9,1,10,1,12,,44,23,1,22,9,121.5372362,25.02575002
111,3,15,17,37,2,04大安區,大安區和平東路2段與建國南路2段口,0,0,2,4,B03,8,1,5,50,5,2,1,5,4,5,7,1,1,8,3,5,2,13,1,44,3,10,1,1,7,14,1,8,1,3,,44,23,1,22,9,121.5372362,25.02575002
111,3,15,17,40,2,01大同區,大同區萬全街與民生西路171巷口,0,0,1,1,F03,7,1,5,30,4,1,1,5,4,5,7,4,4,10,5,5,2,15,1,77,2,7,1,1,7,9,8,20,2,16,,6,6,1,22,9,121.5167046,25.05799479
111,3,15,17,40,2,01大同區,大同區萬全街與民生西路171巷口,0,0,1,2,C02,7,1,5,30,4,1,1,5,4,5,7,4,4,10,5,5,2,15,1,41,3,10,1,4,7,9,1,9,2,12,,14,6,1,22,9,121.5167046,25.05799479
111,3,15,18,25,2,12內湖區,內湖區陽光街236號,0,0,1,1,H01,8,3,5,0,14,9,1,5,4,5,7,4,4,5,4,5,2,3,1,17,3,10,4,5,8,18,8,20,10,16,,51,51,1,22,9,121.5787412,25.07358847
111,3,15,18,25,2,12內湖區,內湖區陽光街236號,0,0,1,2,C03,8,3,5,0,14,9,1,5,4,5,7,4,4,5,4,5,2,3,1,18,2,9,1,1,7,9,1,10,2,11,,23,51,1,22,9,121.5787412,25.07358847
111,3,15,18,34,2,12內湖區,內湖區民權大橋往松山上橋處,0,0,2,1,C03,8,3,5,40,14,11,1,5,4,5,7,4,4,1,4,4,2,13,1,28,3,10,1,1,7,9,1,10,1,12,,16,16,1,22,9,121.5773205,25.06655505
111,3,15,18,34,2,12內湖區,內湖區民權大橋往松山上橋處,0,0,2,2,C03,8,3,5,40,14,11,1,5,4,5,7,4,4,1,4,4,2,13,1,35,2,8,1,1,7,12,1,10,1,15,,44,16,1,22,9,121.5773205,25.06655505
111,3,15,18,34,2,12內湖區,內湖區民權大橋往松山上橋處,0,0,2,3,C03,8,3,5,40,14,11,1,5,4,5,7,4,4,1,4,4,2,13,1,52,2,6,1,1,7,9,1,10,1,11,,16,16,1,22,9,121.5773205,25.06655505
111,3,15,18,35,2,03中山區,中山區民權東路2段與中原街口,0,0,2,1,C03,8,3,5,50,14,9,1,5,4,5,7,1,1,1,3,5,1,13,2,33,2,8,1,1,7,9,1,10,1,12,,16,16,1,22,9,121.5289452,25.06248078
111,3,15,18,35,2,03中山區,中山區民權東路2段與中原街口,0,0,2,2,C03,8,3,5,50,14,9,1,5,4,5,7,1,1,1,3,5,1,13,1,26,2,8,1,1,7,9,1,10,1,13,,44,16,1,22,9,121.5289452,25.06248078
111,3,15,18,40,2,02萬華區,萬華區桂林路與華西街口,0,0,1,1,B01,8,3,5,40,4,2,1,5,4,5,7,1,1,5,4,4,1,17,1,46,3,10,1,1,7,11,1,4,1,2,,10,10,1,22,9,121.4984242,25.03847174
111,3,15,18,40,2,02萬華區,萬華區桂林路與華西街口,0,0,1,2,C03,8,3,5,40,4,2,1,5,4,5,7,1,1,5,4,4,1,17,2,25,2,9,1,1,7,9,1,10,1,11,,13,10,1,22,9,121.4984242,25.03847174
111,3,15,18,44,2,03中山區,中山區北安路472號,0,0,1,1,B03,8,3,5,50,3,1,1,5,4,5,7,4,4,1,3,5,1,17,1,70,4,11,3,4,7,2,7,19,11,15,,12,12,2,22,9,121.5450409,25.07968865
111,3,15,18,44,2,03中山區,中山區北安路472號,0,0,1,2,C03,8,3,5,50,3,1,1,5,4,5,7,4,4,1,3,5,1,17,2,18,2,9,1,4,7,14,1,10,2,12,,44,12,1,22,9,121.5450409,25.07968865
111,3,15,18,44,2,03中山區,中山區北安路472號,0,0,1,3,B03,8,3,5,50,3,1,1,5,4,5,7,4,4,1,3,5,1,17,1,63,3,10,3,4,7,14,1,8,2,1,,38,12,1,22,9,121.5450409,25.07968865
111,3,15,18,45,2,04大安區,大安區仁愛路4段266巷與仁愛路4段口,0,0,1,1,B03,8,3,5,30,5,1,1,5,4,5,7,2,1,1,4,5,2,9,1,36,3,10,1,1,7,5,1,8,1,8,,15,15,1,22,9,121.552945,25.03758897
111,3,15,18,45,2,04大安區,大安區仁愛路4段266巷與仁愛路4段口,0,0,1,2,H01,8,3,5,30,5,1,1,5,4,5,7,2,1,1,4,5,2,9,2,91,2,9,4,5,8,16,8,20,10,16,,67,15,1,22,9,121.552945,25.03758897
111,3,15,18,50,2,12內湖區,內湖區民權東路6段與瑞光路口,0,0,1,1,C03,8,3,5,50,4,1,1,5,4,5,7,1,1,10,5,5,2,15,1,43,2,9,1,1,7,1,3,18,2,12,,25,25,1,22,9,121.5843004,25.06882753
111,3,15,18,50,2,12內湖區,內湖區民權東路6段與瑞光路口,0,0,1,2,B03,8,3,5,50,4,1,1,5,4,5,7,1,1,10,5,5,2,15,2,56,3,10,1,1,7,9,1,8,2,1,,23,25,1,22,9,121.5843004,25.06882753
111,3,15,19,1,2,08士林區,士林區磺溪便道與克強路口,0,0,1,1,B03,8,3,5,30,4,1,1,5,4,5,7,4,4,10,2,5,1,16,1,54,3,10,1,1,7,9,1,8,1,8,,6,6,1,22,9,121.5224977,25.10920364
111,3,15,19,1,2,08士林區,士林區磺溪便道與克強路口,0,0,1,2,C03,8,3,5,30,4,1,1,5,4,5,7,4,4,10,2,5,1,16,1,66,2,8,1,1,7,9,1,10,1,12,,44,6,1,22,9,121.5224977,25.10920364
111,3,15,19,30,2,12內湖區,內湖區內湖路1段與文湖街口,0,0,1,1,C03,8,3,5,50,3,1,1,5,4,5,7,4,4,1,4,4,2,16,2,41,3,10,1,1,7,6,4,11,2,13,,9,9,1,22,9,121.5598134,25.08500429
111,3,15,19,30,2,12內湖區,內湖區內湖路1段與文湖街口,0,0,1,2,C03,8,3,5,50,3,1,1,5,4,5,7,4,4,1,4,4,2,16,2,26,2,9,1,1,7,9,1,10,2,11,,23,9,1,22,9,121.5598134,25.08500429
111,3,15,20,0,2,12內湖區,內湖區康樂街與康樂街110巷口,0,0,1,1,C03,7,3,5,30,4,2,1,5,4,5,7,3,1,10,5,5,2,11,1,24,2,7,1,1,7,14,1,10,2,11,,26,26,1,22,9,121.6191036,25.0706808
111,3,15,20,0,2,12內湖區,內湖區康樂街與康樂街110巷口,0,0,1,2,B03,7,3,5,30,4,2,1,5,4,5,7,3,1,10,5,5,2,11,1,54,3,10,1,1,7,5,1,8,2,8,,8,26,1,22,9,121.6191036,25.0706808
111,3,15,20,3,2,05中正區,中正區市民大道2段與林森北路口,0,0,2,1,C03,8,3,5,40,4,2,1,5,4,5,7,1,1,1,4,5,2,12,1,20,2,9,1,1,7,10,1,10,2,12,,7,7,1,22,9,121.52354,25.04772008
111,3,15,20,3,2,05中正區,中正區市民大道2段與林森北路口,0,0,2,2,C03,8,3,5,40,4,2,1,5,4,5,7,1,1,1,4,5,2,12,1,29,2,9,1,1,7,12,1,10,2,14,,13,7,1,22,9,121.52354,25.04772008
111,3,15,20,3,2,05中正區,中正區市民大道2段與林森北路口,0,0,2,3,B01,8,3,5,40,4,2,1,5,4,5,7,1,1,1,4,5,2,12,1,60,3,10,1,4,7,8,1,4,2,15,,44,7,1,22,9,121.52354,25.04772008
111,3,15,20,21,2,03中山區,中山區農安街2-1號,0,0,1,1,B03,8,3,5,50,14,9,1,5,4,5,7,4,4,9,5,5,2,16,1,21,3,10,1,1,7,5,3,18,1,8,,8,8,1,22,9,121.5225665,25.06493158
111,3,15,20,21,2,03中山區,中山區農安街2-1號,0,0,1,2,C03,8,3,5,50,14,9,1,5,4,5,7,4,4,9,5,5,2,16,1,41,2,9,1,1,7,9,1,10,1,12,,44,8,1,22,9,121.5225665,25.06493158
111,3,15,20,30,2,05中正區,中正區汀州路3段與師大路口,0,0,1,1,B03,8,3,5,50,4,1,1,5,4,5,7,1,1,1,4,5,2,16,1,35,3,10,1,1,7,6,1,8,1,2,,44,44,1,22,9,121.5253396,25.02092772
111,3,15,20,30,2,05中正區,中正區汀州路3段與師大路口,0,0,1,2,C03,8,3,5,50,4,1,1,5,4,5,7,1,1,1,4,5,2,16,2,20,2,9,1,1,7,9,1,10,1,11,,26,44,1,22,9,121.5253396,25.02092772
111,3,15,20,50,2,04大安區,大安區基隆路2段176號,0,0,3,1,B01,8,3,5,50,14,9,1,5,4,5,7,4,4,1,4,5,2,17,1,64,4,11,3,4,7,8,7,19,11,15,,7,7,2,22,9,121.5540474,25.02576109
111,3,15,20,50,2,04大安區,大安區基隆路2段176號,0,0,3,2,C03,8,3,5,50,14,9,1,5,4,5,7,4,4,1,4,5,2,17,2,23,3,10,1,1,7,12,1,10,1,11,,23,7,1,22,9,121.5540474,25.02576109
111,3,15,20,50,2,04大安區,大安區基隆路2段176號,0,0,3,3,C03,8,3,5,50,14,9,1,5,4,5,7,4,4,1,4,5,2,17,1,46,3,10,1,1,7,12,1,10,1,13,,44,7,1,22,9,121.5540474,25.02576109
111,3,15,20,50,2,04大安區,大安區基隆路2段176號,0,0,3,4,C03,8,3,5,50,14,9,1,5,4,5,7,4,4,1,4,5,2,17,2,31,2,9,1,1,7,12,1,10,1,11,,23,7,1,22,9,121.5540474,25.02576109
111,3,15,20,50,2,04大安區,大安區基隆路2段176號,0,0,3,5,C03,8,3,5,50,14,9,1,5,4,5,7,4,4,1,4,5,2,17,2,33,2,9,1,1,7,12,1,10,1,13,,44,7,1,22,9,121.5540474,25.02576109
111,3,15,20,50,2,04大安區,大安區基隆路2段176號,0,0,3,6,H02,8,3,5,50,14,9,1,5,4,5,7,4,4,1,4,5,2,17,2,26,2,7,4,5,7,20,8,20,10,16,,67,7,1,22,9,121.5540474,25.02576109
111,3,15,21,10,2,01大同區,大同區迪化街2段與民族西路口,0,0,1,1,B03,7,3,5,0,3,1,1,2,4,5,7,4,4,10,4,5,2,18,4,,,,,,,,,,11,,,42,42,1,,,121.5107922,25.06839672
111,3,15,21,10,2,01大同區,大同區迪化街2段與民族西路口,0,0,1,2,C03,7,3,5,0,3,1,1,2,4,5,7,4,4,10,4,5,2,18,1,28,2,9,1,1,7,6,1,10,1,14,,42,42,1,22,9,121.5107922,25.06839672
111,3,15,21,10,2,01大同區,大同區迪化街2段與民族西路口,0,0,1,3,B02,7,3,5,0,3,1,1,2,4,5,7,4,4,10,4,5,2,18,1,45,3,10,1,1,7,14,1,8,1,3,,38,42,1,22,9,121.5107922,25.06839672
111,3,15,21,40,2,02萬華區,萬華區漢口街2段與漢中街口,0,0,1,1,C03,7,3,5,50,4,2,1,5,4,5,7,3,1,10,4,5,1,17,2,20,3,10,3,4,7,5,1,10,2,12,,43,43,1,22,9,121.5077635,25.04547632
111,3,15,21,40,2,02萬華區,萬華區漢口街2段與漢中街口,0,0,1,2,C03,7,3,5,50,4,2,1,5,4,5,7,3,1,10,4,5,1,17,1,20,2,9,3,4,7,9,1,10,2,11,,43,43,1,22,9,121.5077635,25.04547632
111,3,15,21,40,2,02萬華區,萬華區桂林路與桂林路242巷口,0,0,1,1,B12,8,3,5,50,5,2,1,5,4,5,7,1,1,1,4,5,1,17,2,26,3,10,1,1,7,5,1,8,2,2,,6,6,1,22,9,121.4960928,25.03879798
111,3,15,21,40,2,02萬華區,萬華區桂林路與桂林路242巷口,0,0,1,2,C03,8,3,5,50,5,2,1,5,4,5,7,1,1,1,4,5,1,17,1,27,2,9,1,1,7,9,1,10,2,11,,44,6,1,22,9,121.4960928,25.03879798
111,3,15,21,58,2,02萬華區,萬華區康定路與康定路25巷口,0,0,1,1,B03,7,3,5,50,4,1,1,5,4,5,7,4,4,9,5,5,1,12,2,66,3,10,1,1,7,7,1,8,1,8,,7,7,1,22,9,121.5027406,25.04405109
111,3,15,21,58,2,02萬華區,萬華區康定路與康定路25巷口,0,0,1,2,C03,7,3,5,50,4,1,1,5,4,5,7,4,4,9,5,5,1,12,1,21,2,9,1,1,7,9,1,10,1,12,,14,7,1,22,9,121.5027406,25.04405109
111,3,15,22,0,2,08士林區,士林區仰德大道1段024號燈桿,0,0,3,1,C03,8,3,5,40,14,9,1,5,4,5,7,4,4,10,1,5,1,13,1,62,2,9,1,1,7,9,1,10,1,11,,16,16,1,22,9,121.5389655,25.10302087
111,3,15,22,0,2,08士林區,士林區仰德大道1段024號燈桿,0,0,3,2,C03,8,3,5,40,14,9,1,5,4,5,7,4,4,10,1,5,1,13,1,20,2,9,1,1,7,9,1,10,1,13,,44,16,1,22,9,121.5389655,25.10302087
111,3,15,22,0,2,08士林區,士林區仰德大道1段024號燈桿,0,0,3,3,H02,8,3,5,40,14,9,1,5,4,5,7,4,4,10,1,5,1,13,2,19,2,9,1,1,7,20,8,20,10,16,,67,16,1,22,9,121.5389655,25.10302087
111,3,15,22,4,2,07信義區,信義區松仁路253巷與松仁路253巷9弄口,0,0,1,1,C01,7,3,5,40,3,2,1,5,4,5,7,4,4,10,5,5,2,18,1,29,2,7,1,1,7,6,1,9,1,12,,43,43,1,22,9,121.5698876,25.02580107
111,3,15,22,4,2,07信義區,信義區松仁路253巷與松仁路253巷9弄口,0,0,1,2,,7,3,5,40,3,2,1,5,4,5,7,4,4,10,5,5,2,18,3,,,,,,,,,,,,,67,43,1,,,121.5698876,25.02580107
111,3,15,22,6,2,02萬華區,萬華區萬大路與雙和街口,0,0,2,1,C04,8,3,5,30,4,2,1,5,4,5,7,2,1,1,4,5,2,17,2,61,2,8,1,1,7,6,1,10,1,12,,4,4,1,22,9,121.5005532,25.0276815
111,3,15,22,6,2,02萬華區,萬華區萬大路與雙和街口,0,0,2,2,C03,8,3,5,30,4,2,1,5,4,5,7,2,1,1,4,5,2,17,2,23,2,9,1,1,7,9,1,10,1,11,,44,4,1,22,9,121.5005532,25.0276815
111,3,15,22,13,2,03中山區,中山區南京東路2段與一江街口,0,0,1,1,F01,7,3,5,50,4,1,1,5,4,5,7,2,1,1,4,4,2,16,1,66,2,9,1,1,7,9,8,20,2,16,,27,27,1,22,9,121.5314983,25.05212537
111,3,15,22,13,2,03中山區,中山區南京東路2段與一江街口,0,0,1,2,B03,7,3,5,50,4,1,1,5,4,5,7,2,1,1,4,4,2,16,1,24,3,10,3,4,7,6,1,8,2,1,,9,27,1,22,9,121.5314983,25.05212537
111,3,15,22,24,2,02萬華區,萬華區西藏路228號,0,0,1,1,C03,7,3,5,50,14,20,1,5,4,5,7,4,4,10,5,5,2,17,1,50,2,8,1,1,7,9,1,15,2,11,,2,2,1,22,9,121.500654,25.03032678
111,3,15,22,24,2,02萬華區,萬華區西藏路228號,0,0,1,2,C03,7,3,5,50,14,20,1,5,4,5,7,4,4,10,5,5,2,17,1,55,3,10,1,1,7,15,1,10,2,13,,44,2,1,22,9,121.500654,25.03032678
111,3,15,22,36,2,03中山區,中山區市民大道3段與八德路2段300巷口,0,0,1,1,C03,8,3,5,40,14,9,1,5,4,5,7,4,4,1,3,5,1,12,2,23,2,9,1,4,7,7,1,10,2,14,,7,7,1,22,9,121.5428106,25.04492721
111,3,15,22,36,2,03中山區,中山區市民大道3段與八德路2段300巷口,0,0,1,2,C03,8,3,5,40,14,9,1,5,4,5,7,4,4,1,3,5,1,12,1,59,3,10,1,4,7,9,1,10,2,12,,44,7,1,22,9,121.5428106,25.04492721
111,3,15,22,36,2,03中山區,中山區市民大道3段與八德路2段300巷口,0,0,1,3,B01,8,3,5,40,14,9,1,5,4,5,7,4,4,1,3,5,1,12,1,43,3,10,3,4,7,1,1,8,2,4,,19,7,1,22,9,121.5428106,25.04492721
111,3,15,23,40,2,10文山區,文山區木新路3段與一壽街口,0,0,1,1,C03,8,3,5,50,3,2,1,5,4,5,7,2,1,9,4,5,1,17,1,43,3,10,1,1,7,5,1,10,2,15,,6,6,1,22,9,121.5563763,24.98056701
111,3,15,23,40,2,10文山區,文山區木新路3段與一壽街口,0,0,1,2,C03,8,3,5,50,3,2,1,5,4,5,7,2,1,9,4,5,1,17,1,27,2,9,1,1,7,9,1,10,2,14,,13,6,1,22,9,121.5563763,24.98056701
111,3,16,0,10,2,03中山區,中山區林森北路615號,0,0,1,1,B01,7,3,5,50,4,2,1,5,4,5,7,2,1,9,5,5,2,13,1,57,3,10,3,4,7,9,1,4,1,1,,23,23,1,22,9,121.5257532,25.06667112
111,3,16,0,10,2,03中山區,中山區林森北路615號,0,0,1,2,C03,7,3,5,50,4,2,1,5,4,5,7,2,1,9,5,5,2,13,1,19,2,6,3,4,7,14,1,10,1,13,,44,23,1,22,9,121.5257532,25.06667112
111,3,16,0,37,2,02萬華區,萬華區康定路與成都路口,0,0,1,1,B01,7,3,5,50,4,1,1,5,4,5,7,2,1,9,4,5,2,17,1,63,3,10,1,1,7,5,3,18,2,8,,6,6,1,22,9,121.5025868,25.04359086
111,3,16,0,37,2,02萬華區,萬華區康定路與成都路口,0,0,1,2,C03,7,3,5,50,4,1,1,5,4,5,7,2,1,9,4,5,2,17,1,25,2,9,1,1,7,9,1,10,2,11,,44,6,1,22,9,121.5025868,25.04359086
111,3,16,0,42,2,06松山區,松山區市民大道5段與東興路口,0,0,2,1,B11,8,3,5,50,4,1,1,5,4,5,7,1,1,9,4,5,2,17,1,46,3,10,2,4,7,5,1,8,1,15,,25,25,1,22,9,121.5658036,25.0483737
111,3,16,0,42,2,06松山區,松山區市民大道5段與東興路口,0,0,2,2,C03,8,3,5,50,4,1,1,5,4,5,7,1,1,9,4,5,2,17,1,23,2,9,1,1,7,9,1,10,1,15,,13,25,1,22,9,121.5658036,25.0483737
111,3,16,0,42,2,06松山區,松山區市民大道5段與東興路口,0,0,2,3,H02,8,3,5,50,4,1,1,5,4,5,7,1,1,9,4,5,2,17,2,23,2,9,1,5,7,20,8,20,10,16,,67,25,1,22,9,121.5658036,25.0483737
111,3,16,6,10,2,09北投區,北投區大度路1段與承德路7段口,0,0,2,1,C03,8,1,5,50,5,1,1,5,4,5,7,2,1,1,4,4,1,13,1,56,2,9,1,1,7,9,1,10,2,14,,23,23,1,22,9,121.4998148,25.12093105
111,3,16,6,10,2,09北投區,北投區大度路1段與承德路7段口,0,0,2,2,C02,8,1,5,50,5,1,1,5,4,5,7,2,1,1,4,4,1,13,1,44,2,9,1,1,7,9,4,9,2,12,,44,23,1,22,9,121.4998148,25.12093105
111,3,16,6,50,2,08士林區,士林區承德路4段292巷與承德路4段292巷11弄口,0,0,1,1,C03,8,1,5,30,3,2,1,5,4,5,7,4,4,10,5,5,2,17,1,67,2,8,1,1,7,5,3,18,1,12,,6,6,1,22,9,121.5191257,25.08912194
111,3,16,6,50,2,08士林區,士林區承德路4段292巷與承德路4段292巷11弄口,0,0,1,2,B03,8,1,5,30,3,2,1,5,4,5,7,4,4,10,5,5,2,17,1,39,3,10,1,1,7,9,1,8,1,8,,14,6,1,22,9,121.5191257,25.08912194
111,3,16,7,10,2,09北投區,北投區永興路1段32巷與永興路1段口,0,0,1,1,C03,8,1,5,30,3,1,1,5,4,5,7,4,4,9,5,5,2,16,1,45,3,10,3,4,7,5,1,10,1,11,,44,44,1,22,9,121.5001227,25.13913609
111,3,16,7,10,2,09北投區,北投區永興路1段32巷與永興路1段口,0,0,1,2,F01,8,1,5,30,3,1,1,5,4,5,7,4,4,9,5,5,2,16,1,13,2,9,1,1,7,5,8,20,1,16,,8,44,1,22,9,121.5001227,25.13913609
111,3,16,7,10,2,09北投區,北投區永興路1段32巷與永興路1段口,0,0,1,3,B03,8,1,5,30,3,1,1,5,4,5,7,4,4,9,5,5,2,16,3,,,,,,,,,,,,,67,44,1,,,121.5001227,25.13913609
111,3,16,7,10,2,10文山區,文山區興隆路2段275巷與興隆路2段275巷1弄口,0,0,1,1,B03,8,1,5,30,3,1,1,5,4,5,7,4,4,10,5,5,2,16,2,45,3,10,1,1,7,1,1,8,2,5,,19,19,1,22,9,121.5512535,25.00400174
111,3,16,7,10,2,10文山區,文山區興隆路2段275巷與興隆路2段275巷1弄口,0,0,1,2,F01,8,1,5,30,3,1,1,5,4,5,7,4,4,10,5,5,2,16,1,50,2,7,1,1,7,9,8,20,2,16,,23,19,1,22,9,121.5512535,25.00400174
111,3,16,7,29,2,06松山區,松山區南京東路4段10號,0,0,1,1,B01,8,1,5,50,14,8,1,5,4,5,7,2,1,1,4,4,2,12,1,33,3,10,1,1,7,9,1,4,1,2,,17,17,1,22,9,121.5525527,25.05158165
111,3,16,7,29,2,06松山區,松山區南京東路4段10號,0,0,1,2,C03,8,1,5,50,14,8,1,5,4,5,7,2,1,1,4,4,2,12,1,73,2,9,1,1,7,9,1,10,1,14,,17,17,1,22,9,121.5525527,25.05158165
111,3,16,7,30,2,11南港區,南港區南港路3段102號前,0,0,2,1,C03,8,1,5,50,14,7,1,5,4,5,7,4,4,4,3,5,2,16,1,45,2,9,1,1,7,7,1,9,1,14,,7,7,1,22,9,121.5905088,25.05367954
111,3,16,7,30,2,11南港區,南港區南港路3段102號前,0,0,2,2,C03,8,1,5,50,14,7,1,5,4,5,7,4,4,4,3,5,2,16,1,18,2,9,1,1,7,9,1,10,1,12,,13,7,1,22,9,121.5905088,25.05367954