發生年度,發生月,發生日,發生時-Hours,發生分,處理別-編號,區序,肇事地點,死亡人數,2-30日死亡人數,受傷人數,當事人序號,車種,天候,光線,道路類別,速限-速度限制,道路型態,事故位置,路面狀況1,路面狀況2,路面狀況3,道路障礙1,道路障礙2,號誌1,號誌2,車道劃分-分向,車道劃分-分道1,車道劃分-分道2,車道劃分-分道3,事故類型及型態,性別,年齡,受傷程度,主要傷處,安全帽,行動電話,車輛用途,當事者行動狀態,駕駛資格情形,駕駛執照種類,飲酒情形,車輛撞擊部位1,車輛撞擊部位2,肇因碼-個別,肇因碼-主要,個人肇逃否,職業,旅次目的,座標-X,座標-Y
111,3,16,7,30,2,11南港區,南港區南港路3段102號前,0,0,2,3,B12,8,1,5,50,14,7,1,5,4,5,7,4,4,4,3,5,2,16,2,55,3,10,1,1,7,13,1,8,1,7,,44,7,1,22,9,121.5905088,25.05367954
111,3,16,7,35,2,08士林區,士林區至誠路2段與至誠路2段92巷口,0,0,3,1,C03,8,1,5,50,3,2,1,5,4,5,7,4,4,5,5,5,2,17,1,43,2,9,1,1,7,9,1,10,1,12,,16,16,1,22,9,121.527728,25.10142043
111,3,16,7,35,2,08士林區,士林區至誠路2段與至誠路2段92巷口,0,0,3,2,C03,8,1,5,50,3,2,1,5,4,5,7,4,4,5,5,5,2,17,2,35,2,9,1,1,7,9,1,10,1,11,,44,16,1,22,9,121.527728,25.10142043
111,3,16,7,35,2,08士林區,士林區至誠路2段與至誠路2段92巷口,0,0,3,3,C03,8,1,5,50,3,2,1,5,4,5,7,4,4,5,5,5,2,17,1,62,2,8,1,1,7,9,1,10,1,11,,16,16,1,22,9,121.527728,25.10142043
111,3,16,7,35,2,08士林區,士林區至誠路2段與至誠路2段92巷口,0,0,3,4,C03,8,1,5,50,3,2,1,5,4,5,7,4,4,5,5,5,2,17,2,45,3,10,1,1,7,9,1,10,1,13,,44,16,1,22,9,121.527728,25.10142043
111,3,16,7,40,2,07信義區,信義區莊敬路與莊敬路289巷口,0,0,1,1,C03,8,1,5,50,4,1,1,5,4,3,5,1,1,5,1,4,1,16,2,32,2,8,1,3,7,5,1,10,1,12,,8,8,1,22,9,121.5630287,25.02865684
111,3,16,7,40,2,07信義區,信義區莊敬路與莊敬路289巷口,0,0,1,2,C04,8,1,5,50,4,1,1,5,4,3,5,1,1,5,1,4,1,16,4,,4,11,3,4,7,15,7,19,11,15,,43,8,2,22,9,121.5630287,25.02865684
111,3,16,7,44,2,09北投區,北投區大度路2段052號燈桿,0,0,2,1,C03,8,1,5,50,14,12,1,5,4,5,7,4,4,1,4,1,1,13,2,39,2,9,1,1,7,9,1,10,1,11,,16,16,1,22,9,121.4789215,25.12256503
111,3,16,7,44,2,09北投區,北投區大度路2段052號燈桿,0,0,2,2,C03,8,1,5,50,14,12,1,5,4,5,7,4,4,1,4,1,1,13,2,37,2,9,1,1,7,9,1,10,1,13,,44,16,1,22,9,121.4789215,25.12256503
111,3,16,7,49,2,03中山區,中山區市民大道3段與安東街16巷18弄口,0,0,1,1,B03,8,1,5,30,3,1,1,5,4,5,7,4,4,1,5,5,1,13,2,42,3,10,3,4,7,6,1,8,11,15,,6,6,2,22,9,121.5408254,25.04481942
111,3,16,7,49,2,03中山區,中山區市民大道3段與安東街16巷18弄口,0,0,1,2,C03,8,1,5,30,3,1,1,5,4,5,7,4,4,1,5,5,1,13,1,41,2,9,3,4,7,9,1,10,2,11,,16,6,1,22,9,121.5408254,25.04481942
111,3,16,7,49,2,03中山區,中山區市民大道3段與安東街16巷18弄口,0,0,1,3,C03,8,1,5,30,3,1,1,5,4,5,7,4,4,1,5,5,1,13,1,38,3,10,3,4,7,9,1,10,2,13,,44,6,1,22,9,121.5408254,25.04481942
111,3,16,7,49,2,04大安區,大安區基隆路2段與和平東路3段口,0,0,1,1,C03,8,1,5,50,5,1,1,5,4,5,7,1,1,8,3,5,2,13,2,39,2,9,1,1,7,9,1,10,1,11,,16,16,1,22,9,121.5528499,25.02466045
111,3,16,7,49,2,04大安區,大安區基隆路2段與和平東路3段口,0,0,1,2,C03,8,1,5,50,5,1,1,5,4,5,7,1,1,8,3,5,2,13,2,47,3,10,1,1,7,9,1,10,1,14,,16,16,1,22,9,121.5528499,25.02466045
111,3,16,7,49,2,04大安區,大安區基隆路2段與和平東路3段口,0,0,1,3,C03,8,1,5,50,5,1,1,5,4,5,7,1,1,8,3,5,2,13,1,46,4,11,3,4,7,15,7,19,11,15,,42,16,2,22,9,121.5528499,25.02466045
111,3,16,7,53,2,01大同區,大同區民權西路194號,0,0,1,3,C03,8,1,5,50,14,9,1,5,4,5,7,4,4,1,4,5,2,12,1,24,2,8,1,1,7,9,1,10,1,11,,16,44,1,22,9,121.5140588,25.0628978
111,3,16,7,53,2,01大同區,大同區民權西路194號,0,0,1,4,C03,8,1,5,50,14,9,1,5,4,5,7,4,4,1,4,5,2,12,1,36,3,10,1,1,7,9,1,10,1,11,,16,44,1,22,9,121.5140588,25.0628978
111,3,16,7,53,2,01大同區,大同區民權西路194號,0,0,1,1,C03,8,1,5,50,14,9,1,5,4,5,7,4,4,1,4,5,2,12,1,63,4,11,3,4,7,9,6,18,11,15,,44,44,2,22,9,121.5140588,25.0628978
111,3,16,7,53,2,01大同區,大同區民權西路194號,0,0,1,2,B03,8,1,5,50,14,9,1,5,4,5,7,4,4,1,4,5,2,12,2,50,3,10,3,4,7,7,1,8,1,4,,7,44,1,22,9,121.5140588,25.0628978
111,3,16,8,15,2,07信義區,信義區市民大道6段與中坡北路口,0,0,3,1,C03,8,1,5,40,4,1,1,5,4,5,7,1,1,1,4,5,1,16,1,58,2,7,1,1,7,8,1,10,1,12,,7,7,1,22,9,121.5800073,25.04888112
111,3,16,8,15,2,07信義區,信義區市民大道6段與中坡北路口,0,0,3,2,C03,8,1,5,40,4,1,1,5,4,5,7,1,1,1,4,5,1,16,1,54,2,9,1,1,7,9,1,10,1,14,,44,7,1,22,9,121.5800073,25.04888112
111,3,16,8,15,2,07信義區,信義區市民大道6段與中坡北路口,0,0,3,3,H02,8,1,5,40,4,1,1,5,4,5,7,1,1,1,4,5,1,16,2,52,2,9,4,5,7,20,8,20,10,16,,67,7,1,22,9,121.5800073,25.04888112
111,3,16,8,20,2,04大安區,大安區市民大道3段與八德路2段口口,0,0,1,1,B12,8,1,5,40,4,1,1,5,4,5,7,2,1,1,4,5,2,12,1,56,4,11,3,4,7,15,7,19,11,15,,23,23,2,22,9,121.5343304,25.04488646
111,3,16,8,20,2,04大安區,大安區市民大道3段與八德路2段口口,0,0,1,2,C03,8,1,5,40,4,1,1,5,4,5,7,2,1,1,4,5,2,12,1,29,2,9,3,4,7,9,1,10,1,14,,44,23,1,22,9,121.5343304,25.04488646
111,3,16,8,40,2,08士林區,士林區至善路1段與福林路254巷口,0,0,1,1,C03,8,1,5,40,3,2,1,5,4,5,7,1,1,10,5,5,2,12,2,27,2,9,1,1,7,9,1,10,11,12,,44,44,1,22,9,121.5377482,25.09796533
111,3,16,8,40,2,08士林區,士林區至善路1段與福林路254巷口,0,0,1,2,C03,8,1,5,40,3,2,1,5,4,5,7,1,1,10,5,5,2,12,1,43,3,10,1,1,7,9,1,10,11,14,,23,44,1,22,9,121.5377482,25.09796533
111,3,16,8,52,2,07信義區,信義區市民大道6段與松信路口,0,0,1,1,B01,8,1,5,50,4,2,1,5,4,5,7,2,1,8,3,5,2,13,1,61,3,10,3,4,7,5,1,4,2,8,,16,16,1,22,9,121.5723064,25.04920744
111,3,16,8,52,2,07信義區,信義區市民大道6段與松信路口,0,0,1,2,C03,8,1,5,50,4,2,1,5,4,5,7,2,1,8,3,5,2,13,1,27,2,9,3,4,7,5,1,10,2,13,,44,16,1,22,9,121.5723064,25.04920744
111,3,16,8,52,2,07信義區,信義區市民大道6段與松信路口,0,0,1,3,H01,8,1,5,50,4,2,1,5,4,5,7,2,1,8,3,5,2,13,1,28,3,10,4,5,8,16,8,20,10,16,,67,16,1,22,9,121.5723064,25.04920744
111,3,16,9,10,2,10文山區,文山區政大一街120號,0,0,1,1,B03,8,1,5,30,14,9,1,5,4,5,7,4,4,5,2,5,2,16,1,64,3,10,1,1,7,6,1,8,1,4,,6,6,1,22,9,121.5845068,24.9859624
111,3,16,9,10,2,10文山區,文山區政大一街120號,0,0,1,2,C03,8,1,5,30,14,9,1,5,4,5,7,4,4,5,2,5,2,16,2,20,2,7,1,1,7,9,1,10,1,12,,23,6,1,22,9,121.5845068,24.9859624
111,3,16,9,25,2,05中正區,中正區中山南路往北(臺大醫院前),0,0,1,1,C03,8,1,5,50,14,9,1,5,4,5,7,4,4,1,4,5,2,13,1,27,3,10,1,1,7,9,1,10,1,11,,44,44,1,5,1,121.5182031,25.04042171
111,3,16,9,25,2,05中正區,中正區中山南路往北(臺大醫院前),0,0,1,2,C03,8,1,5,50,14,9,1,5,4,5,7,4,4,1,4,5,2,13,1,35,2,8,1,1,7,9,1,10,1,11,,16,44,1,5,1,121.5182031,25.04042171
111,3,16,9,25,2,05中正區,中正區中山南路往北(臺大醫院前),0,0,1,3,C03,8,1,5,50,14,9,1,5,4,5,7,4,4,1,4,5,2,13,2,31,3,10,1,1,7,9,1,10,1,13,,44,44,1,5,1,121.5182031,25.04042171
111,3,16,9,26,2,10文山區,文山區木柵路1段119號,0,0,2,1,C03,8,1,5,50,14,9,1,5,4,5,7,4,4,5,4,5,2,16,1,57,2,9,1,1,7,5,1,10,2,11,,8,8,1,22,9,121.5484556,24.98715789
111,3,16,9,26,2,10文山區,文山區木柵路1段119號,0,0,2,2,C03,8,1,5,50,14,9,1,5,4,5,7,4,4,5,4,5,2,16,1,27,2,9,1,1,7,9,1,10,2,11,,13,8,1,22,9,121.5484556,24.98715789
111,3,16,9,26,2,10文山區,文山區木柵路1段119號,0,0,2,3,C03,8,1,5,50,14,9,1,5,4,5,7,4,4,5,4,5,2,16,2,19,3,10,1,1,7,13,1,10,1,13,,44,8,1,18,2,121.5484556,24.98715789
111,3,16,9,30,2,09北投區,北投區大度路3段與立德路口,0,0,1,1,B03,8,1,5,50,3,2,1,5,4,5,7,2,1,1,4,5,2,16,1,37,3,10,3,4,7,6,1,8,2,5,,9,9,1,22,9,121.4715791,25.12300036
111,3,16,9,30,2,09北投區,北投區大度路3段與立德路口,0,0,1,2,C03,8,1,5,50,3,2,1,5,4,5,7,2,1,1,4,5,2,16,1,20,2,9,3,4,7,9,1,10,2,14,,2,9,1,22,9,121.4715791,25.12300036
111,3,16,9,45,2,04大安區,大安區光復南路420巷7號與延吉街口口,0,0,1,1,C03,8,1,5,50,4,2,5,5,4,5,7,4,4,10,5,5,1,9,1,20,3,10,3,4,7,15,1,10,2,11,,15,15,1,22,9,121.5557096,25.036587
111,3,16,9,45,2,04大安區,大安區光復南路420巷7號與延吉街口口,0,0,1,2,H01,8,1,5,50,4,2,5,5,4,5,7,4,4,10,5,5,1,9,2,41,3,10,3,4,8,16,8,20,10,16,,67,15,1,22,9,121.5557096,25.036587
111,3,16,9,45,2,04大安區,大安區光復南路420巷7號與延吉街口口,0,0,1,3,H01,8,1,5,50,4,2,5,5,4,5,7,4,4,10,5,5,1,9,2,2,2,9,4,5,8,20,8,20,10,16,,67,15,1,22,9,121.5557096,25.036587
111,3,16,9,53,2,04大安區,大安區新生南路3段86巷對面,0,0,2,1,C03,8,1,5,50,14,7,1,5,4,5,7,4,4,9,3,4,2,28,1,30,2,8,1,1,7,9,1,9,1,11,,23,23,1,22,9,121.5338164,25.01883292
111,3,16,9,53,2,04大安區,大安區新生南路3段86巷對面,0,0,2,2,,8,1,5,50,14,7,1,5,4,5,7,4,4,9,3,4,2,28,3,,,,,,,,,,,,,67,23,1,,,121.5338164,25.01883292
111,3,16,9,53,2,04大安區,大安區新生南路3段86巷對面,0,0,2,3,H02,8,1,5,50,14,7,1,5,4,5,7,4,4,9,3,4,2,28,2,25,2,9,4,5,7,21,8,20,10,16,,67,23,1,22,9,121.5338164,25.01883292
111,3,16,10,3,2,03中山區,中山區天祥路47巷與天祥路口側附近口,0,0,1,1,B03,8,1,5,50,4,1,4,5,4,5,7,4,4,5,4,5,2,16,1,52,4,11,3,4,7,15,7,19,1,15,,44,44,2,22,9,121.5210503,25.06216529
111,3,16,10,3,2,03中山區,中山區天祥路47巷與天祥路口側附近口,0,0,1,2,C03,8,1,5,50,4,1,4,5,4,5,7,4,4,5,4,5,2,16,2,36,2,8,1,1,7,9,1,10,11,12,,23,44,1,22,1,121.5210503,25.06216529
111,3,16,10,19,2,01大同區,大同區環河北路1段與民生西路423巷27弄口,0,0,1,1,C03,8,1,5,50,3,2,1,5,4,5,7,4,4,1,3,5,2,13,1,27,2,9,1,1,7,9,1,10,2,11,,16,16,1,22,9,121.5084712,25.05771083
111,3,16,10,19,2,01大同區,大同區環河北路1段與民生西路423巷27弄口,0,0,1,2,B12,8,1,5,50,3,2,1,5,4,5,7,4,4,1,3,5,2,13,1,57,3,10,1,1,7,9,1,8,2,6,,44,16,1,22,9,121.5084712,25.05771083
111,3,16,10,19,2,01大同區,大同區環河北路1段與民生西路423巷27弄口,0,0,1,3,G03,8,1,5,50,3,2,1,5,4,5,7,4,4,1,3,5,2,13,1,59,3,10,1,1,7,9,6,18,9,8,,43,16,1,22,9,121.5084712,25.05771083
111,3,16,10,25,2,03中山區,中山區松江路133巷與南京東路2段115巷口,0,0,1,1,B11,8,1,5,30,4,1,1,5,4,5,7,4,4,10,5,5,2,15,1,43,3,10,1,1,7,9,1,8,1,1,,6,6,1,22,9,121.5336537,25.0543493
111,3,16,10,25,2,03中山區,中山區松江路133巷與南京東路2段115巷口,0,0,1,2,B01,8,1,5,30,4,1,1,5,4,5,7,4,4,10,5,5,2,15,1,57,3,10,1,1,7,9,1,4,1,6,,23,6,1,22,9,121.5336537,25.0543493
111,3,16,10,25,2,03中山區,中山區松江路133巷與南京東路2段115巷口,0,0,1,3,H02,8,1,5,30,4,1,1,5,4,5,7,4,4,10,5,5,2,15,1,38,2,1,4,5,7,20,8,20,10,16,,67,6,1,22,9,121.5336537,25.0543493
111,3,16,10,40,2,10文山區,文山區木柵路2段204號,0,0,1,1,C03,8,1,5,30,11,9,1,5,4,5,7,2,1,5,2,5,2,3,1,39,3,10,1,1,7,9,1,10,2,11,,43,43,1,22,9,121.5631678,24.98903266
111,3,16,10,40,2,10文山區,文山區木柵路2段204號,0,0,1,2,H01,8,1,5,30,11,9,1,5,4,5,7,2,1,5,2,5,2,3,2,72,2,9,4,5,8,16,8,20,10,15,,67,43,1,22,9,121.5631678,24.98903266
111,3,16,10,41,2,03中山區,中山區中山北路3段與中山橋南口側(往南),0,0,1,1,C03,8,1,5,50,8,9,1,5,4,5,7,4,4,1,4,5,2,18,1,19,2,9,1,4,7,9,1,10,1,12,,43,43,1,22,9,121.5239522,25.0728508
111,3,16,10,41,2,03中山區,中山區中山北路3段與中山橋南口側(往南),0,0,1,2,,8,1,5,50,8,9,1,5,4,5,7,4,4,1,4,5,2,18,3,,,,,,,,,,,,,67,43,1,,,121.5239522,25.0728508
111,3,16,10,54,2,03中山區,中山區民族西路花博公園充電站對面,0,0,1,1,B01,8,1,5,50,14,9,1,5,4,5,7,4,4,5,4,5,2,13,1,61,3,10,1,1,7,8,1,4,1,6,,7,7,1,22,9,121.5213762,25.06844313
111,3,16,10,54,2,03中山區,中山區民族西路花博公園充電站對面,0,0,1,2,C03,8,1,5,50,14,9,1,5,4,5,7,4,4,5,4,5,2,13,1,25,2,9,1,1,7,9,1,10,1,11,,44,7,1,22,9,121.5213762,25.06844313
111,3,16,11,0,2,02萬華區,萬華區雙園街與雙園街89巷口,0,0,2,1,C03,8,1,5,30,3,1,1,5,4,5,7,4,4,9,1,5,1,12,2,19,2,9,1,1,7,5,1,10,1,14,,8,8,1,22,9,121.4922218,25.03151745
111,3,16,11,0,2,02萬華區,萬華區雙園街與雙園街89巷口,0,0,2,2,C03,8,1,5,30,3,1,1,5,4,5,7,4,4,9,1,5,1,12,1,34,2,9,1,1,7,9,1,10,1,12,,44,8,1,22,9,121.4922218,25.03151745
111,3,16,11,0,2,07信義區,信義區光復南路與基隆路2段口,0,0,1,1,C03,8,1,5,50,4,2,1,5,4,5,7,1,1,9,4,5,2,17,1,25,2,9,1,1,7,11,1,10,1,14,,42,42,1,22,9,121.5574908,25.03053049
111,3,16,11,0,2,07信義區,信義區光復南路與基隆路2段口,0,0,1,2,A12,8,1,5,50,4,2,1,5,4,5,7,1,1,9,4,5,2,17,1,34,3,10,1,1,7,6,1,3,1,15,,44,42,1,22,9,121.5574908,25.03053049
111,3,16,11,20,2,04大安區,大安區敦化南路2段172巷8弄13號,0,0,2,1,F01,8,1,5,30,14,9,1,5,4,5,7,4,4,10,5,5,2,12,2,59,2,5,1,1,7,11,8,20,1,16,,10,10,1,22,9,121.547875,25.0233365
111,3,16,11,20,2,04大安區,大安區敦化南路2段172巷8弄13號,0,0,2,2,C03,8,1,5,30,14,9,1,5,4,5,7,4,4,10,5,5,2,12,1,24,2,9,1,1,7,9,1,10,1,11,,13,10,1,22,9,121.547875,25.0233365
111,3,16,11,24,2,03中山區,中山區民族東路500號對面40停車格,0,0,1,1,C03,8,1,5,50,14,9,1,5,4,5,7,4,4,1,4,5,2,29,1,20,2,9,1,1,7,9,1,10,2,12,,42,42,1,22,9,121.5416037,25.06814247
111,3,16,11,24,2,03中山區,中山區民族東路500號對面40停車格,0,0,1,2,B03,8,1,5,50,14,9,1,5,4,5,7,4,4,1,4,5,2,29,3,,,,,,,,,,,,,67,42,1,,,121.5416037,25.06814247
111,3,16,11,40,2,09北投區,北投區長壽路7號與翠嶺路口,0,0,1,1,C03,8,1,5,30,3,2,1,5,4,5,7,4,4,10,5,5,2,16,1,54,2,8,3,4,7,6,1,10,1,11,,9,9,1,22,9,121.5052765,25.14228986
111,3,16,11,40,2,09北投區,北投區長壽路7號與翠嶺路口,0,0,1,2,B03,8,1,5,30,3,2,1,5,4,5,7,4,4,10,5,5,2,16,1,38,3,10,3,4,7,9,1,10,1,8,,13,9,1,22,9,121.5052765,25.14228986
111,3,16,11,54,2,12內湖區,內湖區洲子街85號,0,0,1,1,C03,8,1,5,50,14,9,1,5,4,3,7,4,4,5,4,5,2,17,1,52,4,11,3,4,7,15,7,19,10,15,,38,38,2,22,9,121.5707591,25.08017194
111,3,16,11,54,2,12內湖區,內湖區洲子街85號,0,0,1,2,C03,8,1,5,50,14,9,1,5,4,3,7,4,4,5,4,5,2,17,2,57,2,8,3,4,7,9,4,11,1,15,,23,38,1,22,9,121.5707591,25.08017194
111,3,16,11,55,2,03中山區,中山區中山北路3段(北往南)花博公園4號出口,0,0,1,1,B01,8,1,5,50,14,9,1,5,4,5,7,2,1,1,4,5,2,12,1,58,3,10,3,4,7,8,1,4,1,6,,7,7,1,22,9,121.5233433,25.07065695
111,3,16,11,55,2,03中山區,中山區中山北路3段(北往南)花博公園4號出口,0,0,1,2,C03,8,1,5,50,14,9,1,5,4,5,7,2,1,1,4,5,2,12,1,35,2,9,3,4,7,8,1,10,1,11,,44,7,1,22,9,121.5233433,25.07065695
111,3,16,12,2,2,12內湖區,內湖區內湖路1段91巷54號前,0,0,1,1,C03,8,1,5,30,14,9,1,5,4,5,7,4,4,5,5,5,2,16,2,46,2,9,1,1,7,15,1,10,1,13,,26,26,1,22,9,121.5627689,25.08659973
111,3,16,12,2,2,12內湖區,內湖區內湖路1段91巷54號前,0,0,1,2,B03,8,1,5,30,14,9,1,5,4,5,7,4,4,5,5,5,2,16,1,37,3,10,1,1,7,15,1,8,1,8,,23,26,1,22,9,121.5627689,25.08659973
111,3,16,12,5,2,09北投區,北投區新民路60號與新民路口,0,0,1,1,B12,8,3,5,30,3,2,1,5,4,5,7,3,1,9,5,5,2,13,1,65,3,10,1,1,7,9,1,8,1,3,,43,43,1,22,9,121.5096838,25.13988806
111,3,16,12,5,2,09北投區,北投區新民路60號與新民路口,0,0,1,2,C03,8,3,5,30,3,2,1,5,4,5,7,3,1,9,5,5,2,13,2,21,2,9,1,1,7,9,1,10,1,11,,43,43,1,22,9,121.5096838,25.13988806
111,3,16,12,7,2,03中山區,中山區松江路221巷與民生東路2段147巷口,0,0,1,1,B03,8,1,5,30,14,9,1,5,4,5,7,4,4,1,5,5,2,10,1,43,3,10,1,1,7,1,1,8,1,1,,19,19,1,22,9,121.5348252,25.0583356
111,3,16,12,7,2,03中山區,中山區松江路221巷與民生東路2段147巷口,0,0,1,2,C03,8,1,5,30,14,9,1,5,4,5,7,4,4,1,5,5,2,10,1,43,2,8,1,1,7,9,1,10,1,11,,44,19,1,22,9,121.5348252,25.0583356
111,3,16,12,53,2,05中正區,中正區林森北路3號對面,0,0,1,1,,8,1,5,50,14,9,1,5,4,5,7,4,4,9,4,5,2,17,4,,4,11,3,4,7,15,7,19,11,15,,43,43,2,22,9,121.5234308,25.04537197
111,3,16,12,53,2,05中正區,中正區林森北路3號對面,0,0,1,2,C03,8,1,5,50,14,9,1,5,4,5,7,4,4,9,4,5,2,17,2,26,2,9,1,1,7,9,1,10,2,15,,42,43,1,22,9,121.5234308,25.04537197
111,3,16,12,56,2,05中正區,中正區汀州路2段與汀州路2段55巷口,0,0,1,1,B12,8,1,5,30,3,1,1,5,4,5,7,4,4,9,4,5,2,17,1,25,3,10,1,1,7,2,1,8,2,7,,12,12,1,22,9,121.5156493,25.02587894
111,3,16,12,56,2,05中正區,中正區汀州路2段與汀州路2段55巷口,0,0,1,2,C03,8,1,5,30,3,1,1,5,4,5,7,4,4,9,4,5,2,17,2,57,2,9,1,1,7,9,1,10,2,11,,44,12,1,22,9,121.5156493,25.02587894
111,3,16,12,57,2,02萬華區,萬華區桂林路與華西街口,0,0,1,1,C03,8,1,5,50,4,2,1,5,4,5,7,1,1,8,3,4,1,17,1,53,3,10,1,1,7,1,1,10,1,14,,19,19,1,22,9,121.4984227,25.0384734
111,3,16,12,57,2,02萬華區,萬華區桂林路與華西街口,0,0,1,2,C03,8,1,5,50,4,2,1,5,4,5,7,1,1,8,3,4,1,17,1,38,2,8,1,1,7,9,1,10,1,12,,44,19,1,22,9,121.4984227,25.0384734
111,3,16,13,6,2,09北投區,北投區尊賢街302巷與吉利街142巷口,0,0,2,1,C03,8,1,5,30,4,1,1,5,4,5,7,4,4,10,5,5,2,16,2,24,2,9,1,1,7,9,1,10,1,11,,6,6,1,22,9,121.5078313,25.1181014
111,3,16,13,6,2,09北投區,北投區尊賢街302巷與吉利街142巷口,0,0,2,2,C03,8,1,5,30,4,1,1,5,4,5,7,4,4,10,5,5,2,16,2,60,2,9,1,1,7,9,1,10,1,11,,23,6,1,22,9,121.5078313,25.1181014
111,3,16,13,40,2,03中山區,中山區建國北路2段96號與建國北路2段口,0,0,1,2,C03,8,1,5,30,3,2,1,5,4,5,7,4,4,10,5,5,2,17,2,35,2,9,1,4,7,9,1,10,1,14,,14,6,1,22,9,121.5366485,25.05741608
111,3,16,13,40,2,03中山區,中山區建國北路2段96號與建國北路2段口,0,0,1,1,B02,8,1,5,30,3,2,1,5,4,5,7,4,4,10,5,5,2,17,1,55,3,10,3,4,7,6,1,4,1,15,,6,6,1,22,9,121.5366485,25.05741608
111,3,16,13,59,2,10文山區,文山區木柵路4段與萬芳路口,0,0,1,1,B03,8,1,5,50,3,1,1,5,4,5,7,1,1,5,4,5,2,10,1,22,3,10,1,1,7,9,1,8,2,1,,43,43,1,22,9,121.5717612,24.9948547
111,3,16,13,59,2,10文山區,文山區木柵路4段與萬芳路口,0,0,1,2,C02,8,1,5,50,3,1,1,5,4,5,7,1,1,5,4,5,2,10,1,46,2,9,1,1,7,9,1,9,2,11,,43,43,1,22,9,121.5717612,24.9948547
111,3,16,14,3,2,01大同區,大同區承德路2段142號,0,0,1,1,C03,8,1,5,50,14,9,1,4,4,5,7,4,4,9,4,5,1,17,1,51,3,10,1,1,7,9,1,10,1,15,,6,6,1,22,9,121.5179957,25.0597195
111,3,16,14,3,2,01大同區,大同區承德路2段142號,0,0,1,2,C03,8,1,5,50,14,9,1,4,4,5,7,4,4,9,4,5,1,17,2,26,2,9,1,1,7,9,1,10,1,15,,23,6,1,22,9,121.5179957,25.0597195
111,3,16,14,6,2,12內湖區,內湖區康寧路3段與康寧路3段16巷口口,0,0,1,1,B12,8,1,5,30,4,1,1,5,4,5,7,2,1,1,4,4,2,1,1,32,3,10,1,1,7,5,1,8,2,8,,15,15,1,22,9,121.6100805,25.07124428
111,3,16,14,6,2,12內湖區,內湖區康寧路3段與康寧路3段16巷口口,0,0,1,2,H01,8,1,5,30,4,1,1,5,4,5,7,2,1,1,4,4,2,1,2,77,2,8,4,5,8,16,8,20,10,16,,67,15,1,22,9,121.6100805,25.07124428
111,3,16,14,30,2,05中正區,中正區羅斯福路4段38-1號與羅斯福路4段40巷口口,0,0,1,1,C03,8,1,5,50,3,2,1,5,4,5,7,4,4,1,4,5,1,17,2,20,2,9,1,1,7,9,1,10,2,12,,23,23,1,22,9,121.5333791,25.01551349
111,3,16,14,30,2,05中正區,中正區羅斯福路4段38-1號與羅斯福路4段40巷口口,0,0,1,2,B03,8,1,5,50,3,2,1,5,4,5,7,4,4,1,4,5,1,17,1,34,3,10,1,1,7,14,1,8,2,4,,38,23,1,22,9,121.5333791,25.01551349
111,3,16,14,30,2,12內湖區,內湖區成功路2段440號前,0,0,1,1,B01,8,1,5,50,14,9,1,5,4,5,7,1,1,1,4,5,2,12,1,49,3,10,1,1,7,8,1,4,1,2,,7,7,1,22,9,121.5896455,25.07191806
111,3,16,14,30,2,12內湖區,內湖區成功路2段440號前,0,0,1,2,C04,8,1,5,50,14,9,1,5,4,5,7,1,1,1,4,5,2,12,1,59,2,9,1,1,7,9,1,10,1,14,,44,7,1,22,9,121.5896455,25.07191806
111,3,16,15,19,2,04大安區,大安區安和路1段127巷29弄與仁愛路4段300巷26弄口,0,0,1,1,B01,8,1,5,30,4,1,1,5,4,5,7,4,4,10,5,5,2,15,1,66,3,10,1,1,7,9,1,8,1,1,,6,6,1,22,9,121.5533045,25.03576723
111,3,16,15,19,2,04大安區,大安區安和路1段127巷29弄與仁愛路4段300巷26弄口,0,0,1,2,C03,8,1,5,30,4,1,1,5,4,5,7,4,4,10,5,5,2,15,1,43,2,9,1,1,7,9,1,10,1,12,,23,6,1,22,9,121.5533045,25.03576723
111,3,16,15,19,2,04大安區,大安區安和路1段127巷29弄與仁愛路4段300巷26弄口,0,0,1,3,B03,8,1,5,30,4,1,1,5,4,5,7,4,4,10,5,5,2,15,1,47,3,10,1,1,7,14,1,8,1,6,,38,6,1,22,9,121.5533045,25.03576723
111,3,16,15,19,2,10文山區,文山區木柵路4段5號旁,0,0,1,1,B03,8,1,5,50,14,9,1,5,4,5,7,4,4,9,4,5,2,12,1,58,3,10,1,1,7,8,1,8,2,2,,7,7,1,22,9,121.5711744,24.99212478
111,3,16,15,19,2,10文山區,文山區木柵路4段5號旁,0,0,1,2,C03,8,1,5,50,14,9,1,5,4,5,7,4,4,9,4,5,2,12,1,31,2,9,1,1,7,9,1,10,2,14,,44,7,1,22,9,121.5711744,24.99212478
111,3,16,15,30,2,07信義區,信義區基隆路2段與光復南路口,0,0,1,1,C03,8,1,5,50,11,5,1,5,4,5,7,2,1,3,4,5,1,18,1,21,2,8,1,1,7,9,1,9,1,12,,44,44,1,22,9,121.5574431,25.03005366
111,3,16,15,30,2,07信義區,信義區基隆路2段與光復南路口,0,0,1,2,,8,1,5,50,11,5,1,5,4,5,7,2,1,3,4,5,1,18,3,,,,,,,,,,,,,61,44,1,,,121.5574431,25.03005366