發生年度,發生月,發生日,發生時-Hours,發生分,處理別-編號,區序,肇事地點,死亡人數,2-30日死亡人數,受傷人數,當事人序號,車種,天候,光線,道路類別,速限-速度限制,道路型態,事故位置,路面狀況1,路面狀況2,路面狀況3,道路障礙1,道路障礙2,號誌1,號誌2,車道劃分-分向,車道劃分-分道1,車道劃分-分道2,車道劃分-分道3,事故類型及型態,性別,年齡,受傷程度,主要傷處,安全帽,行動電話,車輛用途,當事者行動狀態,駕駛資格情形,駕駛執照種類,飲酒情形,車輛撞擊部位1,車輛撞擊部位2,肇因碼-個別,肇因碼-主要,個人肇逃否,職業,旅次目的,座標-X,座標-Y
111,3,16,15,44,2,01大同區,大同區承德路3段與民權西路口,0,0,1,1,C03,8,1,5,50,4,2,1,5,4,5,7,2,1,1,3,5,2,12,1,29,3,10,1,1,7,6,1,10,1,12,,9,9,1,22,9,121.5181996,25.06284135
111,3,16,15,44,2,01大同區,大同區承德路3段與民權西路口,0,0,1,2,C03,8,1,5,50,4,2,1,5,4,5,7,2,1,1,3,5,2,12,1,57,2,9,1,1,7,9,1,10,1,14,,44,9,1,22,9,121.5181996,25.06284135
111,3,16,15,45,2,04大安區,大安區忠孝東路4段216巷27弄與忠孝東路4段216巷口,0,0,1,1,B12,8,1,5,30,4,1,1,5,4,5,7,4,4,5,5,5,1,15,1,43,3,10,1,1,7,9,1,8,2,2,,6,6,1,22,9,121.552932,25.03984679
111,3,16,15,45,2,04大安區,大安區忠孝東路4段216巷27弄與忠孝東路4段216巷口,0,0,1,2,C03,8,1,5,30,4,1,1,5,4,5,7,4,4,5,5,5,1,15,2,28,2,9,1,1,7,9,1,10,2,11,14,44,6,1,22,9,121.552932,25.03984679
111,3,16,16,8,2,12內湖區,內湖區民權東路6段與成功路2段320巷31弄口,0,0,3,1,B03,7,1,5,50,3,1,1,5,4,5,7,1,1,1,4,5,2,12,1,57,2,2,1,1,7,6,1,8,1,2,,9,9,1,22,9,121.5891935,25.06889895
111,3,16,16,8,2,12內湖區,內湖區民權東路6段與成功路2段320巷31弄口,0,0,3,2,C03,7,1,5,50,3,1,1,5,4,5,7,1,1,1,4,5,2,12,2,19,2,8,1,1,7,9,1,10,1,14,,13,9,1,22,9,121.5891935,25.06889895
111,3,16,16,8,2,12內湖區,內湖區民權東路6段與成功路2段320巷31弄口,0,0,3,3,H02,7,1,5,50,3,1,1,5,4,5,7,1,1,1,4,5,2,12,2,19,2,8,1,5,7,21,8,20,10,16,,67,9,1,22,9,121.5891935,25.06889895
111,3,16,16,37,2,04大安區,大安區東豐街與四維路52巷19弄口,0,0,1,1,B11,8,1,5,50,4,1,1,5,4,5,7,4,4,10,4,5,2,3,1,59,3,10,1,1,7,5,1,4,11,5,,15,15,1,22,9,121.5470723,25.03596177
111,3,16,16,37,2,04大安區,大安區東豐街與四維路52巷19弄口,0,0,1,2,H01,8,1,5,50,4,1,1,5,4,5,7,4,4,10,4,5,2,3,1,68,2,9,4,1,8,16,8,20,10,16,,67,15,1,22,9,121.5470723,25.03596177
111,3,16,16,40,2,10文山區,文山區羅斯福路6段126號,0,0,1,2,C04,8,1,5,50,14,9,1,5,4,5,7,4,4,1,4,5,2,14,2,73,2,7,1,1,7,15,1,10,1,12,,44,12,1,22,9,121.5407114,24.99732907
111,3,16,16,40,2,10文山區,文山區羅斯福路6段126號,0,0,1,1,B03,8,1,5,50,14,9,1,5,4,5,7,4,4,1,4,5,2,14,2,40,3,10,1,1,7,2,1,8,1,6,,12,12,1,22,9,121.5407114,24.99732907
111,3,16,16,41,2,08士林區,士林區天母東路22巷與天母東路8巷口,0,0,1,1,B01,8,1,5,30,3,1,1,5,4,5,7,4,4,10,5,5,2,17,1,65,3,10,3,4,7,9,1,4,1,8,,44,44,1,22,9,121.5325213,25.11715112
111,3,16,16,41,2,08士林區,士林區天母東路22巷與天母東路8巷口,0,0,1,2,C03,8,1,5,30,3,1,1,5,4,5,7,4,4,10,5,5,2,17,1,86,2,9,1,1,7,5,1,8,1,13,,6,44,1,22,9,121.5325213,25.11715112
111,3,16,17,9,2,12內湖區,內湖區內湖路1段439號與內湖路1段口前,0,0,1,1,C03,8,1,5,40,3,2,1,5,4,5,7,4,4,1,4,4,2,13,1,38,2,9,1,1,7,9,1,10,1,11,,16,16,1,22,9,121.5720333,25.08124791
111,3,16,17,9,2,12內湖區,內湖區內湖路1段439號與內湖路1段口前,0,0,1,2,C03,8,1,5,40,3,2,1,5,4,5,7,4,4,1,4,4,2,13,1,53,3,10,1,1,7,15,1,10,1,13,,29,16,1,22,9,121.5720333,25.08124791
111,3,16,17,10,2,08士林區,士林區中山北路5段841號,0,0,1,1,C03,7,1,5,50,14,9,1,5,4,5,7,1,1,1,5,5,1,16,2,50,3,10,1,1,7,7,1,10,1,13,,7,7,1,22,9,121.5254225,25.10236022
111,3,16,17,10,2,08士林區,士林區中山北路5段841號,0,0,1,2,C03,7,1,5,50,14,9,1,5,4,5,7,1,1,1,5,5,1,16,1,59,2,9,1,1,7,9,1,10,1,11,,44,7,1,22,9,121.5254225,25.10236022
111,3,16,17,14,2,03中山區,中山區民生東路3段71號,0,0,1,1,C03,8,1,5,50,14,9,1,5,4,5,7,4,4,3,4,5,2,13,2,29,2,8,1,1,7,9,1,10,1,11,,43,43,1,22,9,121.5434092,25.05789895
111,3,16,17,14,2,03中山區,中山區民生東路3段71號,0,0,1,2,C03,8,1,5,50,14,9,1,5,4,5,7,4,4,3,4,5,2,13,1,55,3,10,1,1,7,12,1,10,1,13,,43,43,1,22,9,121.5434092,25.05789895
111,3,16,17,14,2,03中山區,中山區民生東路3段71號,0,0,1,3,C03,8,1,5,50,14,9,1,5,4,5,7,4,4,3,4,5,2,13,1,25,3,10,1,1,7,12,1,10,1,13,,43,43,1,22,9,121.5434092,25.05789895
111,3,16,17,14,2,03中山區,中山區民生東路3段71號,0,0,1,4,,8,1,5,50,14,9,1,5,4,5,7,4,4,3,4,5,2,13,4,,4,11,3,4,7,15,7,19,11,15,,43,43,2,22,9,121.5434092,25.05789895
111,3,16,17,14,2,03中山區,中山區民生東路3段71號,0,0,1,5,,8,1,5,50,14,9,1,5,4,5,7,4,4,3,4,5,2,13,4,,4,11,3,4,7,15,7,19,11,15,,43,43,2,22,9,121.5434092,25.05789895
111,3,16,17,15,2,10文山區,文山區老泉街41-1號,0,0,1,1,C03,8,1,5,30,11,9,1,5,4,5,1,4,4,10,5,5,2,17,1,54,2,7,1,4,7,15,1,10,1,14,,43,43,1,22,9,121.563897,24.97864795
111,3,16,17,15,2,10文山區,文山區老泉街41-1號,0,0,1,2,A06,8,1,5,30,11,9,1,5,4,5,1,4,4,10,5,5,2,17,1,53,3,10,3,4,7,9,1,2,1,15,,43,43,1,22,9,121.563897,24.97864795
111,3,16,17,29,2,11南港區,南港區南港路3段33號(國產實業水泥廠)前,0,0,1,1,B03,8,1,5,50,14,7,1,5,4,5,7,4,4,4,3,5,2,16,1,40,3,10,1,1,7,15,1,8,1,4,,40,40,1,22,9,121.5902666,25.05354388
111,3,16,17,29,2,11南港區,南港區南港路3段33號(國產實業水泥廠)前,0,0,1,2,C03,8,1,5,50,14,7,1,5,4,5,7,4,4,4,3,5,2,16,1,40,2,9,1,1,7,9,1,10,1,12,,44,40,1,22,9,121.5902666,25.05354388
111,3,16,17,39,2,05中正區,中正區重慶南路3段與和平西路1段口,0,0,1,1,B01,8,1,5,50,5,1,1,5,4,5,7,1,1,3,4,5,2,16,1,60,3,10,1,1,7,6,1,4,2,6,,9,9,1,22,9,121.5161212,25.0271128
111,3,16,17,39,2,05中正區,中正區重慶南路3段與和平西路1段口,0,0,1,2,C03,8,1,5,50,5,1,1,5,4,5,7,1,1,3,4,5,2,16,2,55,2,9,1,1,7,9,1,10,2,14,,44,9,1,22,9,121.5161212,25.0271128
111,3,16,17,39,2,05中正區,中正區重慶南路3段與和平西路1段口,0,0,1,3,H02,8,1,5,50,5,1,1,5,4,5,7,1,1,3,4,5,2,16,1,56,4,11,1,1,7,20,8,20,10,16,,67,9,1,22,9,121.5161212,25.0271128
111,3,16,17,42,2,03中山區,中山區北安路554巷與北安路口,0,0,1,1,C03,8,1,5,50,3,1,1,5,4,5,7,2,1,4,5,5,1,12,1,30,3,10,3,4,7,5,1,10,1,14,,8,8,1,22,9,121.5483142,25.08046272
111,3,16,17,42,2,03中山區,中山區北安路554巷與北安路口,0,0,1,2,C03,8,1,5,50,3,1,1,5,4,5,7,2,1,4,5,5,1,12,2,36,2,5,3,4,7,6,1,10,1,12,,44,8,1,22,9,121.5483142,25.08046272
111,3,16,18,0,2,07信義區,信義區信義路6段與信義路6段15巷口,0,0,2,1,C03,8,1,5,50,4,1,1,5,4,5,7,1,1,9,4,5,2,17,1,20,2,9,1,1,7,5,1,10,1,12,,8,8,1,22,9,121.5753111,25.03416726
111,3,16,18,0,2,07信義區,信義區信義路6段與信義路6段15巷口,0,0,2,2,C03,8,1,5,50,4,1,1,5,4,5,7,1,1,9,4,5,2,17,1,38,2,9,1,1,7,9,1,10,1,11,,13,8,1,22,9,121.5753111,25.03416726
111,3,16,18,30,2,12內湖區,內湖區康樂街與康樂街111巷口,0,0,2,1,C03,7,3,5,50,4,1,1,5,4,5,7,3,1,5,5,5,2,10,1,69,2,9,1,1,7,9,1,10,1,14,,4,4,1,22,9,121.6191095,25.0706839
111,3,16,18,30,2,12內湖區,內湖區康樂街與康樂街111巷口,0,0,2,2,C03,7,3,5,50,4,1,1,5,4,5,7,3,1,5,5,5,2,10,2,25,2,9,1,1,7,9,1,10,1,14,,44,4,1,22,9,121.6191095,25.0706839
111,3,16,18,39,2,04大安區,大安區辛亥路2段與建國南路2段口,0,0,2,1,F01,8,3,5,0,3,1,1,5,4,5,7,3,1,1,5,4,2,15,2,16,2,8,1,1,7,9,8,20,1,16,,6,6,1,22,9,121.5375152,25.02211854
111,3,16,18,39,2,04大安區,大安區辛亥路2段與建國南路2段口,0,0,2,2,C03,8,3,5,0,3,1,1,5,4,5,7,3,1,1,5,4,2,15,1,43,2,9,1,1,7,12,1,9,1,11,,13,6,1,22,9,121.5375152,25.02211854
111,3,16,18,45,2,12內湖區,內湖區內湖路2段154號附近側附近,0,0,1,1,C03,8,3,5,50,14,9,1,5,4,5,7,4,4,9,5,5,2,13,2,35,3,10,1,1,7,9,1,10,1,11,,16,16,1,22,9,121.5840199,25.0802793
111,3,16,18,45,2,12內湖區,內湖區內湖路2段154號附近側附近,0,0,1,2,C03,8,3,5,50,14,9,1,5,4,5,7,4,4,9,5,5,2,13,2,56,2,9,1,1,7,9,1,10,1,13,,44,16,1,22,9,121.5840199,25.0802793
111,3,16,18,49,2,04大安區,大安區仁愛路4段與敦化南路1段口,0,0,1,1,B01,7,3,5,50,16,9,1,5,4,5,7,1,1,8,3,5,2,16,1,36,3,10,1,1,7,6,1,4,1,2,,9,9,1,22,9,121.5491184,25.0374068
111,3,16,18,49,2,04大安區,大安區仁愛路4段與敦化南路1段口,0,0,1,2,C02,7,3,5,50,16,9,1,5,4,5,7,1,1,8,3,5,2,16,1,26,2,7,1,1,7,6,1,9,1,14,,9,9,1,22,9,121.5491184,25.0374068
111,3,16,19,4,2,12內湖區,內湖區舊宗路2段207號,0,0,1,1,B01,8,1,5,50,14,9,1,5,4,5,7,4,4,1,4,5,2,16,1,61,3,10,1,1,7,6,1,3,1,5,,9,9,1,22,9,121.573844,25.07264822
111,3,16,19,4,2,12內湖區,內湖區舊宗路2段207號,0,0,1,2,C03,8,1,5,50,14,9,1,5,4,5,7,4,4,1,4,5,2,16,1,18,3,10,1,1,7,9,1,10,1,15,,44,9,1,22,9,121.573844,25.07264822
111,3,16,19,4,2,12內湖區,內湖區舊宗路2段207號,0,0,1,3,H02,8,1,5,50,14,9,1,5,4,5,7,4,4,1,4,5,2,16,2,19,2,8,4,5,7,21,8,20,10,15,,67,9,1,22,9,121.573844,25.07264822
111,3,16,19,15,2,12內湖區,內湖區行愛路159號前,0,0,1,1,B03,8,3,5,50,14,8,1,5,4,5,7,1,1,5,4,4,2,16,1,37,3,10,1,1,7,8,1,8,2,5,,7,7,1,22,9,121.5795502,25.0649156
111,3,16,19,15,2,12內湖區,內湖區行愛路159號前,0,0,1,2,C03,8,3,5,50,14,8,1,5,4,5,7,1,1,5,4,4,2,16,2,29,2,9,1,1,7,9,1,10,2,14,,13,7,1,22,9,121.5795502,25.0649156
111,3,16,19,39,2,03中山區,中山區民權西路75號,0,0,3,1,C03,8,3,5,50,14,9,1,5,4,5,7,4,4,1,3,5,1,13,1,33,2,9,3,4,7,9,1,10,1,14,,16,16,1,22,9,121.5197395,25.06295509
111,3,16,19,39,2,03中山區,中山區民權西路75號,0,0,3,2,C03,8,3,5,50,14,9,1,5,4,5,7,4,4,1,3,5,1,13,2,45,2,9,3,4,7,9,1,10,1,13,,44,16,1,22,9,121.5197395,25.06295509
111,3,16,19,39,2,03中山區,中山區民權西路75號,0,0,3,3,B01,8,3,5,50,14,9,1,5,4,5,7,4,4,1,3,5,1,13,1,68,3,10,3,4,7,6,7,19,9,15,,9,16,2,22,9,121.5197395,25.06295509
111,3,16,19,39,2,03中山區,中山區民權西路75號,0,0,3,4,C03,8,3,5,50,14,9,1,5,4,5,7,4,4,1,3,5,1,13,1,61,2,8,1,4,7,9,7,19,9,15,,44,16,2,22,9,121.5197395,25.06295509
111,3,16,20,0,2,05中正區,中正區寧波西街與牯嶺街口,0,0,2,1,C03,7,3,5,50,4,1,1,5,4,5,7,2,1,10,3,5,1,12,1,27,2,9,1,1,7,5,1,10,1,14,,8,8,1,22,9,121.5164217,25.0300559
111,3,16,20,0,2,05中正區,中正區寧波西街與牯嶺街口,0,0,2,2,C03,7,3,5,50,4,1,1,5,4,5,7,2,1,10,3,5,1,12,2,23,2,9,1,1,7,9,1,10,1,12,,44,8,1,22,9,121.5164217,25.0300559
111,3,16,20,17,2,01大同區,大同區承德路3段與承德路3段301巷口,0,0,1,1,F01,8,3,5,30,3,1,1,5,4,5,7,4,4,10,3,5,1,17,1,59,3,10,1,1,7,21,8,20,1,15,,6,6,1,22,9,121.520637,25.07602889
111,3,16,20,17,2,01大同區,大同區承德路3段與承德路3段301巷口,0,0,1,2,C03,8,3,5,30,3,1,1,5,4,5,7,4,4,10,3,5,1,17,1,24,2,9,1,1,7,9,1,10,1,15,,42,6,1,22,9,121.520637,25.07602889
111,3,16,20,29,2,05中正區,中正區重慶南路2段與南海路口,0,0,1,1,C03,8,3,5,50,4,1,1,5,4,5,7,1,1,10,4,5,2,17,1,19,3,10,1,1,7,5,1,10,2,14,,8,8,1,22,9,121.5144725,25.0319212
111,3,16,20,29,2,05中正區,中正區重慶南路2段與南海路口,0,0,1,2,C03,8,3,5,50,4,1,1,5,4,5,7,1,1,10,4,5,2,17,2,28,2,9,1,1,7,9,1,10,2,11,,44,8,1,22,9,121.5144725,25.0319212
111,3,16,20,30,2,12內湖區,內湖區潭美街與成美橋口下,0,0,1,1,C03,7,3,5,40,3,1,1,5,4,5,7,1,1,5,5,5,2,17,1,37,2,9,1,1,7,6,1,10,2,12,,44,44,1,22,9,121.5825455,25.05481817
111,3,16,20,30,2,12內湖區,內湖區潭美街與成美橋口下,0,0,1,2,F01,7,3,5,40,3,1,1,5,4,5,7,1,1,5,5,5,2,17,1,29,3,10,1,1,7,6,8,20,2,16,,26,44,1,22,9,121.5825455,25.05481817
111,3,16,20,34,2,03中山區,中山區雙城街46巷7號與雙城街46巷口,0,0,1,1,C03,8,3,5,30,3,1,1,5,4,5,7,4,4,10,5,5,2,16,1,21,3,10,1,4,7,9,1,10,1,11,,6,6,1,22,9,121.5237791,25.06751318
111,3,16,20,34,2,03中山區,中山區雙城街46巷7號與雙城街46巷口,0,0,1,2,F01,8,3,5,30,3,1,1,5,4,5,7,4,4,10,5,5,2,16,2,5,2,9,1,1,7,9,8,20,1,16,,44,6,1,22,9,121.5237791,25.06751318
111,3,16,20,50,2,03中山區,中山區長春路與伊通街口,0,0,1,2,C03,8,3,5,50,14,9,1,5,4,5,7,1,1,4,3,5,1,29,2,29,2,9,1,1,7,9,1,10,1,12,,44,61,1,22,9,121.5352017,25.05479422
111,3,16,20,50,2,03中山區,中山區長春路與伊通街口,0,0,1,1,H01,8,3,5,50,14,9,1,5,4,5,7,1,1,4,3,5,1,29,3,,,,,,,,,,,,,61,61,1,,,121.5352017,25.05479422
111,3,16,21,20,2,04大安區,大安區和平東路3段1巷與四維路170巷口,0,0,2,1,C03,8,3,5,30,3,1,1,5,4,5,7,4,4,9,4,5,2,17,1,56,2,9,1,1,7,5,1,10,1,14,,8,8,1,22,9,121.5469242,25.02818265
111,3,16,21,20,2,04大安區,大安區和平東路3段1巷與四維路170巷口,0,0,2,2,C03,8,3,5,30,3,1,1,5,4,5,7,4,4,9,4,5,2,17,1,32,2,9,1,1,7,9,1,10,1,11,,44,8,1,22,9,121.5469242,25.02818265
111,3,16,21,30,2,12內湖區,內湖區麗山街37巷與麗山街口,0,0,1,1,B03,8,3,5,30,4,1,1,5,4,5,7,4,4,10,5,5,2,3,1,26,3,10,1,1,7,5,1,8,2,1,,23,23,1,22,9,121.5807263,25.0804411
111,3,16,21,30,2,12內湖區,內湖區麗山街37巷與麗山街口,0,0,1,2,H01,8,3,5,30,4,1,1,5,4,5,7,4,4,10,5,5,2,3,2,64,2,9,4,5,8,16,8,20,10,16,,51,23,1,22,9,121.5807263,25.0804411
111,3,16,22,22,2,10文山區,文山區萬美街2段與萬美街2段2巷口,0,0,1,1,B03,8,3,5,50,14,9,2,5,4,5,7,4,4,5,4,5,2,17,2,61,3,10,3,4,7,5,1,8,1,4,,43,43,1,22,9,121.5623306,25.00350221
111,3,16,22,22,2,10文山區,文山區萬美街2段與萬美街2段2巷口,0,0,1,2,C03,8,3,5,50,14,9,2,5,4,5,7,4,4,5,4,5,2,17,2,22,2,9,1,4,7,4,1,10,1,12,,1,43,1,22,9,121.5623306,25.00350221
111,3,16,22,30,2,12內湖區,內湖區康寧路3段75巷50號前,0,0,1,1,C03,8,3,5,30,11,9,1,5,4,5,7,3,1,5,5,5,2,3,1,23,3,10,1,1,7,9,1,9,1,11,,15,15,1,22,9,121.609103,25.07394706
111,3,16,22,30,2,12內湖區,內湖區康寧路3段75巷50號前,0,0,1,2,H01,8,3,5,30,11,9,1,5,4,5,7,3,1,5,5,5,2,3,1,50,2,8,4,1,8,18,8,20,10,16,,60,15,1,22,9,121.609103,25.07394706
111,3,16,22,30,2,12內湖區,內湖區舊宗路1段與行忠路口口,0,0,1,1,B03,8,3,5,50,3,1,1,5,4,5,7,4,4,1,4,5,2,12,1,52,3,10,1,1,7,6,1,8,1,2,,9,9,1,22,9,121.575877,25.06489005
111,3,16,22,30,2,12內湖區,內湖區舊宗路1段與行忠路口口,0,0,1,2,C03,8,3,5,50,3,1,1,5,4,5,7,4,4,1,4,5,2,12,1,19,2,9,1,1,7,9,1,10,1,14,,14,9,1,22,9,121.575877,25.06489005
111,3,16,23,40,2,10文山區,文山區景興路與景興路153巷口,0,0,1,1,B03,8,3,5,50,3,1,1,5,4,5,7,1,1,1,4,5,2,16,1,43,3,10,1,1,7,11,1,8,2,8,,10,10,1,22,9,121.5446467,24.9937662
111,3,16,23,40,2,10文山區,文山區景興路與景興路153巷口,0,0,1,2,C03,8,3,5,50,3,1,1,5,4,5,7,1,1,1,4,5,2,16,2,36,2,9,1,1,7,9,1,10,2,11,,44,10,1,22,9,121.5446467,24.9937662
111,3,17,0,25,2,08士林區,士林區中正路601號,0,0,2,1,C03,8,3,5,50,15,9,1,5,4,5,7,4,4,1,4,5,2,17,2,21,2,8,1,1,7,5,1,10,2,12,,6,6,1,22,9,121.5096801,25.08670466
111,3,17,0,25,2,08士林區,士林區中正路601號,0,0,2,2,C03,8,3,5,50,15,9,1,5,4,5,7,4,4,1,4,5,2,17,1,22,2,8,1,1,7,9,1,10,2,14,,13,6,1,22,9,121.5096801,25.08670466
111,3,17,0,37,2,02萬華區,萬華區華中橋機車道往新北市方向,0,0,2,1,C03,7,3,5,40,14,11,1,5,4,5,4,4,4,3,4,5,2,9,1,26,2,9,1,1,7,9,1,10,2,11,,23,23,1,22,9,121.4953759,25.00960804
111,3,17,0,37,2,02萬華區,萬華區華中橋機車道往新北市方向,0,0,2,2,H01,7,3,5,40,14,11,1,5,4,5,4,4,4,3,4,5,2,9,1,45,2,9,4,5,8,16,8,20,2,16,,67,23,1,22,9,121.4953759,25.00960804
111,3,17,0,41,2,03中山區,中山區市民大道3段與復興南路1段口,0,0,1,1,C03,8,3,5,40,4,1,1,5,4,5,7,1,1,1,3,5,1,16,1,33,2,9,1,4,7,5,1,10,1,11,,44,44,1,22,9,121.5438304,25.04480461
111,3,17,0,41,2,03中山區,中山區市民大道3段與復興南路1段口,0,0,1,2,C03,8,3,5,40,4,1,1,5,4,5,7,1,1,1,3,5,1,16,1,58,3,10,3,4,7,5,1,10,1,13,,8,44,1,22,9,121.5438304,25.04480461
111,3,17,6,41,2,09北投區,北投區文林北路94巷與文林北路口,0,0,1,1,B12,8,1,5,50,4,1,1,5,4,5,7,2,1,3,4,4,2,16,1,75,3,10,1,1,7,11,1,8,2,5,,10,10,1,22,9,121.5176328,25.10542159
111,3,17,6,41,2,09北投區,北投區文林北路94巷與文林北路口,0,0,1,2,C03,8,1,5,50,4,1,1,5,4,5,7,2,1,3,4,4,2,16,2,26,2,9,1,1,7,9,1,10,2,11,,44,10,1,22,9,121.5176328,25.10542159
111,3,17,7,18,2,04大安區,大安區羅斯福路3段與師大路口,0,0,1,1,C03,8,1,5,50,5,2,1,5,4,5,7,4,4,1,4,5,2,12,1,21,2,9,1,1,7,9,1,9,2,14,,17,17,1,22,9,121.527701,25.02125227
111,3,17,7,18,2,04大安區,大安區羅斯福路3段與師大路口,0,0,1,2,B01,8,1,5,50,5,2,1,5,4,5,7,4,4,1,4,5,2,12,1,57,3,10,1,1,7,9,1,3,2,2,,44,17,1,22,9,121.527701,25.02125227
111,3,17,7,30,2,09北投區,北投區中和街與珠海路口,0,0,1,1,B03,7,1,5,50,4,2,1,5,4,5,7,2,1,10,5,5,2,3,2,44,3,10,1,1,7,5,1,8,1,1,,15,15,1,22,9,121.5025542,25.1382335
111,3,17,7,30,2,09北投區,北投區中和街與珠海路口,0,0,1,2,H01,7,1,5,50,4,2,1,5,4,5,7,2,1,10,5,5,2,3,2,64,2,9,4,5,8,16,8,20,10,16,,67,15,1,22,9,121.5025542,25.1382335
111,3,17,7,30,2,12內湖區,內湖區堤外便道西往東,0,0,2,1,C03,8,1,5,40,14,9,1,5,4,5,7,1,1,5,4,5,2,13,1,39,2,8,1,1,7,9,1,10,1,11,,16,16,1,22,9,121.6178652,25.06578979
111,3,17,7,30,2,12內湖區,內湖區堤外便道西往東,0,0,2,2,C03,8,1,5,40,14,9,1,5,4,5,7,1,1,5,4,5,2,13,1,41,2,9,1,1,7,9,1,10,1,13,,44,16,1,22,9,121.6178652,25.06578979
111,3,17,8,5,2,08士林區,士林區中山北路5段往南公車站,0,0,1,1,C03,8,1,5,50,14,9,1,5,4,5,7,4,4,1,5,5,2,29,1,45,2,9,1,1,7,8,1,10,1,14,,7,7,1,22,9,121.5242162,25.08037636
111,3,17,8,5,2,08士林區,士林區中山北路5段往南公車站,0,0,1,2,A02,8,1,5,50,14,9,1,5,4,5,7,4,4,1,5,5,2,29,3,,,,,,,,,,,,,67,7,1,,,121.5242162,25.08037636
111,3,17,8,5,2,08士林區,士林區中山北路5段往南公車站,0,0,1,3,B03,8,1,5,50,14,9,1,5,4,5,7,4,4,1,5,5,2,29,1,38,3,10,1,1,7,9,1,8,1,6,,44,7,1,22,9,121.5242162,25.08037636
111,3,17,8,10,2,12內湖區,內湖區港墘路221巷與舊宗路2段213巷口,0,0,2,1,C03,8,1,5,50,3,1,1,5,4,5,7,4,4,5,5,5,2,17,1,43,3,10,1,1,7,5,1,10,1,13,,8,8,1,22,9,121.5745485,25.07366826
111,3,17,8,10,2,12內湖區,內湖區港墘路221巷與舊宗路2段213巷口,0,0,2,2,C03,8,1,5,50,3,1,1,5,4,5,7,4,4,5,5,5,2,17,2,42,2,9,1,1,7,5,3,18,1,11,,6,8,1,22,9,121.5745485,25.07366826
111,3,17,8,10,2,12內湖區,內湖區港墘路221巷與舊宗路2段213巷口,0,0,2,3,C03,8,1,5,50,3,1,1,5,4,5,7,4,4,5,5,5,2,17,1,39,2,9,1,1,7,9,1,10,1,13,,44,8,1,22,9,121.5745485,25.07366826
111,3,17,8,10,2,12內湖區,內湖區陽光街92巷7弄與陽光街68巷102弄口,0,0,1,1,C03,8,1,5,30,3,1,1,5,4,5,7,4,4,10,5,5,1,11,1,33,3,10,3,4,7,5,1,10,1,11,,6,6,1,22,9,121.583869,25.0755216
111,3,17,8,10,2,12內湖區,內湖區陽光街92巷7弄與陽光街68巷102弄口,0,0,1,2,C03,8,1,5,30,3,1,1,5,4,5,7,4,4,10,5,5,1,11,1,70,2,7,3,4,7,9,1,10,1,11,,42,6,1,22,9,121.583869,25.0755216
111,3,17,8,14,2,12內湖區,內湖區潭美街與成功路2段口,0,0,1,1,B01,8,1,5,40,3,1,1,5,4,5,7,1,1,5,5,5,2,12,1,52,3,10,1,1,7,6,1,4,1,2,,9,9,1,22,9,121.5917206,25.06007218
111,3,17,8,14,2,12內湖區,內湖區潭美街與成功路2段口,0,0,1,2,C03,8,1,5,40,3,1,1,5,4,5,7,1,1,5,5,5,2,12,1,46,2,9,1,1,7,9,1,10,1,11,,23,9,1,22,9,121.5917206,25.06007218
111,3,17,8,15,2,04大安區,大安區信義路4段94號,0,0,1,1,B03,8,1,5,50,14,9,1,5,4,5,7,4,4,1,4,5,2,16,1,62,3,10,1,1,7,8,1,8,1,2,,7,7,1,22,9,121.5478382,25.0329495
111,3,17,8,15,2,04大安區,大安區信義路4段94號,0,0,1,2,C03,8,1,5,50,14,9,1,5,4,5,7,4,4,1,4,5,2,16,1,48,2,9,1,1,7,9,1,10,1,14,,44,7,1,22,9,121.5478382,25.0329495
111,3,17,8,17,2,06松山區,松山區民生東路5段188號,0,0,1,1,C03,8,1,5,50,16,9,1,5,4,5,7,2,1,1,4,1,2,12,2,39,2,9,1,1,7,6,1,10,1,11,,9,9,1,22,9,121.5637704,25.0586838
111,3,17,8,17,2,06松山區,松山區民生東路5段188號,0,0,1,2,C03,8,1,5,50,16,9,1,5,4,5,7,2,1,1,4,1,2,12,1,48,3,10,1,1,7,9,1,10,1,13,,44,9,1,22,9,121.5637704,25.0586838
111,3,17,8,24,2,01大同區,大同區昌吉街95巷與昌吉街口,0,0,2,1,C03,8,1,5,50,14,9,1,5,4,5,7,4,4,10,4,5,2,3,2,50,2,8,3,4,7,9,1,10,2,12,,23,23,1,22,9,121.5124288,25.0666472
111,3,17,8,24,2,01大同區,大同區昌吉街95巷與昌吉街口,0,0,2,2,H01,8,1,5,50,14,9,1,5,4,5,7,4,4,10,4,5,2,3,2,80,2,9,4,5,8,16,8,20,10,16,,51,23,1,22,9,121.5124288,25.0666472
111,3,17,8,26,2,11南港區,南港區南港路1段277巷與南港路1段287巷2弄口,0,0,3,1,C03,8,1,5,50,3,1,1,5,4,5,7,4,4,4,5,5,2,16,2,29,2,9,1,1,7,9,1,10,1,11,,44,44,1,22,9,121.6087225,25.05415069
111,3,17,8,26,2,11南港區,南港區南港路1段277巷與南港路1段287巷2弄口,0,0,3,2,F01,8,1,5,50,3,1,1,5,4,5,7,4,4,4,5,5,2,16,2,42,2,9,1,1,7,5,8,20,1,16,,6,44,1,22,9,121.6087225,25.05415069
111,3,17,8,26,2,11南港區,南港區南港路1段277巷與南港路1段287巷2弄口,0,0,3,3,H02,8,1,5,50,3,1,1,5,4,5,7,4,4,4,5,5,2,16,2,37,2,9,1,1,7,21,8,20,10,16,,67,44,1,22,9,121.6087225,25.05415069