發生年度,發生月,發生日,發生時-Hours,發生分,處理別-編號,區序,肇事地點,死亡人數,2-30日死亡人數,受傷人數,當事人序號,車種,天候,光線,道路類別,速限-速度限制,道路型態,事故位置,路面狀況1,路面狀況2,路面狀況3,道路障礙1,道路障礙2,號誌1,號誌2,車道劃分-分向,車道劃分-分道1,車道劃分-分道2,車道劃分-分道3,事故類型及型態,性別,年齡,受傷程度,主要傷處,安全帽,行動電話,車輛用途,當事者行動狀態,駕駛資格情形,駕駛執照種類,飲酒情形,車輛撞擊部位1,車輛撞擊部位2,肇因碼-個別,肇因碼-主要,個人肇逃否,職業,旅次目的,座標-X,座標-Y
111,3,17,8,35,2,03中山區,中山區民生東路3段與民生東路3段73巷口,0,0,2,1,C03,8,1,5,50,14,9,1,5,4,5,7,4,4,3,4,5,2,17,2,24,2,9,1,1,7,9,1,10,1,14,,44,44,1,22,9,121.5435888,25.057856
111,3,17,8,35,2,03中山區,中山區民生東路3段與民生東路3段73巷口,0,0,2,2,C03,8,1,5,50,14,9,1,5,4,5,7,4,4,3,4,5,2,17,2,21,2,9,1,1,7,9,1,10,1,12,,44,44,1,22,9,121.5435888,25.057856
111,3,17,8,42,2,01大同區,大同區延平北路2段與民權西路口,0,0,1,1,,8,1,5,50,4,2,1,5,4,5,7,1,1,9,4,5,1,12,4,,4,11,3,4,7,15,7,19,11,15,,43,43,2,22,9,121.5112205,25.0627882
111,3,17,8,42,2,01大同區,大同區延平北路2段與民權西路口,0,0,1,2,C03,8,1,5,50,4,2,1,5,4,5,7,1,1,9,4,5,1,12,2,31,2,8,1,1,7,9,1,10,1,11,,16,43,1,22,9,121.5112205,25.0627882
111,3,17,9,3,2,05中正區,中正區漢口街1段45號,0,0,1,1,B03,8,1,5,50,14,9,1,5,4,5,7,4,4,10,4,5,2,17,1,40,3,10,1,1,7,7,1,8,2,15,,7,7,1,22,9,121.512517,25.04519045
111,3,17,9,3,2,05中正區,中正區漢口街1段45號,0,0,1,2,C03,8,1,5,50,14,9,1,5,4,5,7,4,4,10,4,5,2,17,1,29,2,9,1,1,7,9,1,10,2,14,,42,7,1,22,9,121.512517,25.04519045
111,3,17,9,3,2,05中正區,中正區漢口街1段45號,0,0,1,3,C03,8,1,5,50,14,9,1,5,4,5,7,4,4,10,4,5,2,17,2,35,3,10,3,4,7,13,1,10,11,14,,44,7,1,22,9,121.512517,25.04519045
111,3,17,9,3,2,05中正區,中正區漢口街1段45號,0,0,1,4,C03,8,1,5,50,14,9,1,5,4,5,7,4,4,10,4,5,2,17,1,33,3,10,3,4,7,13,1,10,11,14,,44,7,1,22,9,121.512517,25.04519045
111,3,17,9,3,2,05中正區,中正區漢口街1段45號,0,0,1,5,C03,8,1,5,50,14,9,1,5,4,5,7,4,4,10,4,5,2,17,1,40,3,10,3,4,7,13,1,10,11,14,,44,7,1,22,9,121.512517,25.04519045
111,3,17,9,3,2,05中正區,中正區漢口街1段45號,0,0,1,6,C03,8,1,5,50,14,9,1,5,4,5,7,4,4,10,4,5,2,17,1,57,3,10,3,4,7,13,1,10,11,14,,44,7,1,22,9,121.512517,25.04519045
111,3,17,9,9,2,04大安區,大安區忠孝東路4段與延吉街口,0,0,1,1,C04,8,1,5,50,4,1,1,5,4,5,7,4,4,5,5,5,2,16,2,33,3,10,1,1,7,5,1,10,1,13,,8,8,1,22,9,121.5544849,25.04141629
111,3,17,9,9,2,04大安區,大安區忠孝東路4段與延吉街口,0,0,1,2,C03,8,1,5,50,4,1,1,5,4,5,7,4,4,5,5,5,2,16,1,27,2,8,1,1,7,9,1,9,1,11,,44,8,1,22,9,121.5544849,25.04141629
111,3,17,9,45,2,03中山區,中山區北安路與北安路554巷口,0,0,1,1,C03,7,1,5,50,14,9,1,5,4,5,7,1,1,3,4,5,2,13,1,24,2,9,1,1,7,5,1,8,1,13,,8,8,1,22,9,121.5482067,25.08060701
111,3,17,9,45,2,03中山區,中山區北安路與北安路554巷口,0,0,1,2,B12,7,1,5,50,14,9,1,5,4,5,7,1,1,3,4,5,2,13,1,62,3,10,1,1,7,9,1,8,1,1,,44,8,1,22,9,121.5482067,25.08060701
111,3,17,9,46,2,12內湖區,內湖區星雲街210巷與康寧路1段195巷3弄口,0,0,1,1,B01,8,1,5,30,4,1,1,5,4,5,7,4,4,10,5,5,2,15,1,31,3,10,1,1,7,9,1,8,2,4,,6,6,1,22,9,121.5979731,25.07934685
111,3,17,9,46,2,12內湖區,內湖區星雲街210巷與康寧路1段195巷3弄口,0,0,1,2,C03,8,1,5,30,4,1,1,5,4,5,7,4,4,10,5,5,2,15,2,41,2,9,1,1,7,9,1,10,2,11,,23,6,1,22,9,121.5979731,25.07934685
111,3,17,10,10,2,03中山區,中山區中山北路1段與華陰街口,0,0,1,1,B03,8,1,5,50,3,1,1,5,4,5,7,4,4,5,4,5,2,17,2,63,3,10,1,1,7,6,1,8,1,5,,9,9,1,22,9,121.5210114,25.04891692
111,3,17,10,10,2,03中山區,中山區中山北路1段與華陰街口,0,0,1,2,C03,8,1,5,50,3,1,1,5,4,5,7,4,4,5,4,5,2,17,2,25,2,9,1,1,7,9,1,10,1,14,,44,9,1,22,9,121.5210114,25.04891692
111,3,17,10,40,2,04大安區,大安區四維路76巷與四維路口口,0,0,1,1,C03,8,1,5,30,4,1,1,5,4,5,7,3,1,10,3,5,1,17,2,32,2,9,3,4,7,15,1,10,2,11,,23,23,1,22,9,121.5480937,25.03426948
111,3,17,10,40,2,04大安區,大安區四維路76巷與四維路口口,0,0,1,2,E03,8,1,5,30,4,1,1,5,4,5,7,3,1,10,3,5,1,17,2,38,3,10,3,4,7,15,1,8,2,5,,6,23,1,22,9,121.5480937,25.03426948
111,3,17,10,40,2,04大安區,大安區四維路76巷與四維路口口,0,0,1,3,B03,8,1,5,30,4,1,1,5,4,5,7,3,1,10,3,5,1,17,1,55,3,10,3,4,7,15,1,8,11,10,,44,23,1,22,9,121.5480937,25.03426948
111,3,17,10,40,2,04大安區,大安區四維路76巷與四維路口口,0,0,1,4,B03,8,1,5,30,4,1,1,5,4,5,7,3,1,10,3,5,1,17,2,59,3,10,3,4,7,15,1,8,11,10,,44,23,1,22,9,121.5480937,25.03426948
111,3,17,10,40,2,04大安區,大安區四維路76巷與四維路口口,0,0,1,5,B03,8,1,5,30,4,1,1,5,4,5,7,3,1,10,3,5,1,17,4,,4,11,3,4,7,15,7,19,11,15,,44,23,2,22,9,121.5480937,25.03426948
111,3,17,10,53,2,07信義區,信義區吳興街260巷21弄與吳興街260巷口,0,0,2,1,C03,8,1,5,30,3,1,1,5,4,5,7,4,4,10,5,5,2,12,2,30,2,8,1,1,7,5,1,10,1,14,,8,8,1,22,9,121.5630061,25.02597209
111,3,17,10,53,2,07信義區,信義區吳興街260巷21弄與吳興街260巷口,0,0,2,2,C04,8,1,5,30,3,1,1,5,4,5,7,4,4,10,5,5,2,12,1,30,2,8,1,1,7,9,1,10,1,11,,14,8,1,22,9,121.5630061,25.02597209
111,3,17,11,6,2,03中山區,中山區八德路2段與渭水路口,0,0,1,1,C03,8,1,5,50,3,1,1,5,4,5,7,2,1,5,4,5,2,17,2,50,3,10,1,1,7,6,1,10,1,12,,9,9,1,22,9,121.5355155,25.04567863
111,3,17,11,6,2,03中山區,中山區八德路2段與渭水路口,0,0,1,2,C03,8,1,5,50,3,1,1,5,4,5,7,2,1,5,4,5,2,17,1,50,2,9,1,1,7,9,1,10,1,14,,44,9,1,22,9,121.5355155,25.04567863
111,3,17,11,16,2,02萬華區,萬華區中華路2段416巷與西藏路125巷口,0,0,3,1,C03,8,1,5,30,4,1,1,5,4,5,7,1,1,9,5,5,2,15,2,40,2,7,1,4,7,9,1,10,1,14,,25,25,1,22,9,121.503167,25.026778
111,3,17,11,16,2,02萬華區,萬華區中華路2段416巷與西藏路125巷口,0,0,3,2,C03,8,1,5,30,4,1,1,5,4,5,7,1,1,9,5,5,2,15,2,54,2,9,1,4,7,9,1,10,1,11,,44,25,1,22,9,121.503167,25.026778
111,3,17,11,16,2,02萬華區,萬華區中華路2段416巷與西藏路125巷口,0,0,3,3,H02,8,1,5,30,4,1,1,5,4,5,7,1,1,9,5,5,2,15,1,67,2,9,4,4,7,20,8,20,10,16,,67,25,1,22,9,121.503167,25.026778
111,3,17,11,30,2,08士林區,士林區福國路與福國路15巷口,0,0,1,1,B03,8,1,5,50,4,2,1,5,4,5,7,1,1,1,4,5,2,17,2,41,3,10,1,1,7,6,1,8,1,8,,9,9,1,22,9,121.5246116,25.10229599
111,3,17,11,30,2,08士林區,士林區福國路與福國路15巷口,0,0,1,2,C03,8,1,5,50,4,2,1,5,4,5,7,1,1,1,4,5,2,17,2,77,2,9,1,1,7,5,1,10,1,12,,44,9,1,22,9,121.5246116,25.10229599
111,3,17,12,14,2,03中山區,中山區復興北路與民權東路3段口,0,0,1,1,B12,7,1,5,50,4,1,1,5,4,5,7,1,1,1,3,5,1,16,1,53,3,10,3,4,7,9,6,18,3,5,,25,25,1,22,9,121.5441264,25.06238968
111,3,17,12,14,2,03中山區,中山區復興北路與民權東路3段口,0,0,1,2,C03,7,1,5,50,4,1,1,5,4,5,7,1,1,1,3,5,1,16,1,75,2,9,3,4,7,9,1,10,2,11,,44,25,1,22,9,121.5441264,25.06238968
111,3,17,12,20,2,07信義區,信義區基隆路2段39巷與吳興街106巷口,0,0,1,1,C03,8,1,5,30,4,1,1,5,4,5,7,4,4,9,4,5,2,17,1,51,3,10,1,1,7,7,1,10,1,14,,7,7,1,22,9,121.5599452,25.03018908
111,3,17,12,20,2,07信義區,信義區基隆路2段39巷與吳興街106巷口,0,0,1,2,C03,8,1,5,30,4,1,1,5,4,5,7,4,4,9,4,5,2,17,1,23,3,10,1,1,7,9,1,10,1,11,,13,7,1,22,9,121.5599452,25.03018908
111,3,17,12,20,2,07信義區,信義區基隆路2段39巷與吳興街106巷口,0,0,1,3,H02,8,1,5,30,4,1,1,5,4,5,7,4,4,9,4,5,2,17,2,50,2,9,4,5,7,20,8,20,10,16,,67,7,1,22,9,121.5599452,25.03018908
111,3,17,12,26,2,10文山區,文山區景華街95號前,0,0,1,1,B12,8,1,5,30,14,9,1,5,4,5,7,4,4,10,5,5,2,11,1,30,3,10,1,1,7,7,1,8,2,4,,5,5,1,22,9,121.546313,24.99543097
111,3,17,12,26,2,10文山區,文山區景華街95號前,0,0,1,2,C03,8,1,5,30,14,9,1,5,4,5,7,4,4,10,5,5,2,11,1,22,2,9,1,1,7,9,1,10,2,11,,44,5,1,22,9,121.546313,24.99543097
111,3,17,12,26,2,10文山區,文山區景華街95號前,0,0,1,3,C03,8,1,5,30,14,9,1,5,4,5,7,4,4,10,5,5,2,11,1,28,3,10,3,4,7,13,1,10,11,13,,44,5,1,22,9,121.546313,24.99543097
111,3,17,12,26,2,10文山區,文山區景華街95號前,0,0,1,4,C03,8,1,5,30,14,9,1,5,4,5,7,4,4,10,5,5,2,11,2,26,3,10,3,4,7,13,1,10,11,12,,44,5,1,22,9,121.546313,24.99543097
111,3,17,12,35,2,03中山區,中山區民權東路2段71巷與吉林路299巷口口,0,0,3,1,C03,8,1,5,30,4,1,1,5,4,5,7,4,4,9,5,5,2,15,2,67,2,9,1,1,7,9,1,10,1,14,,6,6,1,22,9,121.5317781,25.0630586
111,3,17,12,35,2,03中山區,中山區民權東路2段71巷與吉林路299巷口口,0,0,3,2,C03,8,1,5,30,4,1,1,5,4,5,7,4,4,9,5,5,2,15,1,42,2,9,1,1,7,9,1,10,1,11,,13,6,1,22,9,121.5317781,25.0630586
111,3,17,12,35,2,03中山區,中山區民權東路2段71巷與吉林路299巷口口,0,0,3,3,H02,8,1,5,30,4,1,1,5,4,5,7,4,4,9,5,5,2,15,1,70,2,8,1,5,7,21,8,20,10,15,,67,6,1,22,9,121.5317781,25.0630586
111,3,17,12,36,2,12內湖區,內湖區康寧路3段99巷17弄103號,0,0,2,1,B03,8,1,5,30,14,9,1,5,4,3,5,4,4,10,5,5,1,10,1,27,3,10,1,1,7,9,1,8,1,8,,5,5,1,22,9,121.6125474,25.07640303
111,3,17,12,36,2,12內湖區,內湖區康寧路3段99巷17弄103號,0,0,2,2,C03,8,1,5,30,14,9,1,5,4,3,5,4,4,10,5,5,1,10,1,26,2,9,1,1,7,9,1,10,1,11,,5,5,1,22,9,121.6125474,25.07640303
111,3,17,12,36,2,12內湖區,內湖區康寧路3段99巷17弄103號,0,0,2,3,C03,8,1,5,30,14,9,1,5,4,3,5,4,4,10,5,5,1,10,1,20,2,9,1,1,7,9,3,18,1,15,,16,5,1,22,9,121.6125474,25.07640303
111,3,17,12,50,2,08士林區,士林區士商路與基河路300巷口,0,0,1,1,B01,8,1,5,50,3,1,1,5,4,5,7,4,4,4,4,5,2,17,1,63,3,10,3,4,7,5,1,4,1,1,,6,6,1,22,9,121.5181864,25.09311562
111,3,17,12,50,2,08士林區,士林區士商路與基河路300巷口,0,0,1,2,C03,8,1,5,50,3,1,1,5,4,5,7,4,4,4,4,5,2,17,1,22,3,10,1,4,7,9,1,10,1,12,,14,6,1,22,9,121.5181864,25.09311562
111,3,17,12,50,2,08士林區,士林區士商路與基河路300巷口,0,0,1,3,H02,8,1,5,50,3,1,1,5,4,5,7,4,4,4,4,5,2,17,2,25,2,8,1,5,7,20,8,20,10,16,,67,6,1,22,9,121.5181864,25.09311562
111,3,17,13,19,2,07信義區,信義區吳興街156巷65弄與吳興街220巷59弄口,0,0,2,1,C03,8,1,5,30,4,1,1,5,4,5,7,4,4,5,5,5,2,15,1,31,2,9,1,1,7,9,1,10,2,12,,6,6,1,22,9,121.5591286,25.0270691
111,3,17,13,19,2,07信義區,信義區吳興街156巷65弄與吳興街220巷59弄口,0,0,2,2,B03,8,1,5,30,4,1,1,5,4,5,7,4,4,5,5,5,2,15,2,57,2,8,1,1,7,9,1,8,2,1,,13,6,1,22,9,121.5591286,25.0270691
111,3,17,13,40,2,12內湖區,內湖區行忠路與行善路口,0,0,1,1,B03,8,1,5,50,4,1,1,5,4,5,7,1,1,10,4,5,2,16,1,66,3,10,1,1,7,6,1,1,2,5,,9,9,1,22,9,121.5857737,25.0662991
111,3,17,13,40,2,12內湖區,內湖區行忠路與行善路口,0,0,1,2,C03,8,1,5,50,4,1,1,5,4,5,7,1,1,10,4,5,2,16,2,40,2,9,1,1,7,9,3,18,2,14,,44,9,1,22,9,121.5857737,25.0662991
111,3,17,15,19,2,02萬華區,萬華區成都路139號,0,0,1,2,B12,8,1,5,50,14,9,1,5,4,5,7,2,1,10,4,5,2,3,1,27,3,10,1,1,7,9,1,4,1,5,,44,51,1,22,9,121.5031978,25.04341308
111,3,17,15,19,2,02萬華區,萬華區成都路139號,0,0,1,1,H01,8,1,5,50,14,9,1,5,4,5,7,2,1,10,4,5,2,3,1,65,2,9,4,5,8,16,8,20,10,16,,51,51,1,22,9,121.5031978,25.04341308
111,3,17,15,45,2,08士林區,士林區福林路240號前,0,0,1,1,B03,8,1,5,50,14,9,1,5,4,5,7,2,1,5,4,5,1,16,1,62,3,10,1,1,7,8,1,8,1,6,,7,7,1,21,8,121.5336268,25.0974161
111,3,17,15,45,2,08士林區,士林區福林路240號前,0,0,1,2,C03,8,1,5,50,14,9,1,5,4,5,7,2,1,5,4,5,1,16,2,40,2,9,1,1,7,9,1,10,1,14,,44,7,1,21,8,121.5336268,25.0974161
111,3,17,15,45,2,08士林區,士林區福林路240號前,0,0,1,3,A04,8,1,5,50,14,9,1,5,4,5,7,2,1,5,4,5,1,16,1,37,3,10,1,1,7,9,1,2,1,7,,44,7,1,21,8,121.5336268,25.0974161
111,3,17,15,50,2,06松山區,松山區敦化北路4巷與南京東路3段256巷口,0,0,1,1,C03,8,1,5,30,4,1,1,5,4,5,7,4,4,7,5,5,2,16,2,48,2,8,1,1,7,9,1,10,1,13,,6,6,1,22,9,121.5446925,25.0502104
111,3,17,15,50,2,06松山區,松山區敦化北路4巷與南京東路3段256巷口,0,0,1,2,B01,8,1,5,30,4,1,1,5,4,5,7,4,4,7,5,5,2,16,1,64,3,10,1,1,7,9,1,4,1,1,,23,6,1,22,9,121.5446925,25.0502104
111,3,17,16,0,2,06松山區,松山區八德路4段147號,0,0,1,1,C03,7,1,5,50,14,9,1,5,4,5,7,4,4,9,4,5,2,13,2,31,2,9,1,1,7,9,1,10,1,11,,16,16,1,22,9,121.5624539,25.04868004
111,3,17,16,0,2,06松山區,松山區八德路4段147號,0,0,1,2,B12,7,1,5,50,14,9,1,5,4,5,7,4,4,9,4,5,2,13,1,36,3,10,1,1,7,8,1,8,1,7,,44,16,1,22,9,121.5624539,25.04868004
111,3,17,16,40,2,07信義區,信義區忠孝東路5段151號對面,0,0,1,1,C04,7,1,5,50,14,9,1,5,4,5,7,4,4,1,1,4,2,12,1,21,2,9,1,1,7,8,1,10,1,13,,26,26,1,22,9,121.5682435,25.04097801
111,3,17,16,40,2,07信義區,信義區忠孝東路5段151號對面,0,0,1,2,B03,7,1,5,50,14,9,1,5,4,5,7,4,4,1,1,4,2,12,1,31,3,10,1,1,7,9,1,8,1,8,,44,26,1,22,9,121.5682435,25.04097801
111,3,17,16,45,2,08士林區,士林區福林路與福林路254巷口,0,0,1,1,B03,8,1,5,50,4,1,1,5,4,5,7,2,1,5,4,5,1,16,1,75,3,10,1,1,7,6,1,8,1,2,,9,9,1,21,8,121.5344496,25.09795009
111,3,17,16,45,2,08士林區,士林區福林路與福林路254巷口,0,0,1,2,C03,8,1,5,50,4,1,1,5,4,5,7,2,1,5,4,5,1,16,1,18,3,10,1,1,7,9,1,10,1,14,,44,9,1,21,8,121.5344496,25.09795009
111,3,17,16,45,2,08士林區,士林區福林路與福林路254巷口,0,0,1,3,H02,8,1,5,50,4,1,1,5,4,5,7,2,1,5,4,5,1,16,2,18,2,5,1,5,7,17,8,20,10,16,,67,9,1,21,8,121.5344496,25.09795009
111,3,17,16,48,2,11南港區,南港區市民大道7段與東新街口,0,0,1,1,B03,8,1,5,50,4,1,1,5,4,5,7,2,1,1,3,5,2,16,1,75,3,10,1,1,7,5,1,8,1,1,,8,8,1,22,9,121.5838971,25.0497024
111,3,17,16,48,2,11南港區,南港區市民大道7段與東新街口,0,0,1,2,C03,8,1,5,50,4,1,1,5,4,5,7,2,1,1,3,5,2,16,1,31,2,8,1,1,7,9,1,10,1,14,,44,8,1,22,9,121.5838971,25.0497024
111,3,17,16,52,2,04大安區,大安區羅斯福路4段119巷與羅斯福路4段123巷21弄口,0,0,1,1,B03,8,1,5,30,3,1,1,5,4,5,7,4,4,10,4,5,2,17,1,45,3,10,1,1,7,1,5,18,1,8,,19,19,1,22,9,121.5389217,25.00966939
111,3,17,16,52,2,04大安區,大安區羅斯福路4段119巷與羅斯福路4段123巷21弄口,0,0,1,2,C03,8,1,5,30,3,1,1,5,4,5,7,4,4,10,4,5,2,17,1,21,2,8,1,1,7,5,1,10,1,11,,23,19,1,22,9,121.5389217,25.00966939
111,3,17,16,52,2,04大安區,大安區羅斯福路4段119巷與羅斯福路4段123巷21弄口,0,0,1,3,B02,8,1,5,30,3,1,1,5,4,5,7,4,4,10,4,5,2,17,1,44,3,10,1,1,7,15,1,8,9,15,,38,19,1,22,9,121.5389217,25.00966939
111,3,17,17,1,2,02萬華區,萬華區桂林路與柳州街口,0,0,1,1,B03,7,1,5,50,4,2,1,5,4,5,7,2,1,5,4,5,1,17,1,56,3,10,3,4,7,5,1,8,2,8,,6,6,1,22,9,121.5051719,25.03774887
111,3,17,17,1,2,02萬華區,萬華區桂林路與柳州街口,0,0,1,2,C03,7,1,5,50,4,2,1,5,4,5,7,2,1,5,4,5,1,17,2,37,2,9,3,4,7,9,1,10,2,14,,44,6,1,22,9,121.5051719,25.03774887
111,3,17,17,30,2,10文山區,文山區景華街與景華街22巷口,0,0,3,1,C03,8,1,5,30,3,1,1,5,4,5,7,4,4,9,5,5,2,3,2,20,2,9,1,1,7,9,1,10,1,11,,15,15,1,22,9,121.5421782,24.9950833
111,3,17,17,30,2,10文山區,文山區景華街與景華街22巷口,0,0,3,2,H02,8,1,5,30,3,1,1,5,4,5,7,4,4,9,5,5,2,3,1,20,2,7,4,5,7,17,8,20,10,16,,67,15,1,22,9,121.5421782,24.9950833
111,3,17,17,30,2,10文山區,文山區景華街與景華街22巷口,0,0,3,3,H01,8,1,5,30,3,1,1,5,4,5,7,4,4,9,5,5,2,3,2,44,2,8,4,5,8,16,8,20,10,16,,67,15,1,22,9,121.5421782,24.9950833
111,3,17,18,16,2,09北投區,北投區西安街1段329號,0,0,3,1,C03,8,3,5,50,3,2,1,5,4,5,7,2,1,1,4,5,1,17,1,46,2,9,1,1,7,5,1,10,1,14,,8,8,1,22,9,121.5159248,25.11352242
111,3,17,18,16,2,09北投區,北投區西安街1段329號,0,0,3,2,C03,8,3,5,50,3,2,1,5,4,5,7,2,1,1,4,5,1,17,1,19,2,9,1,1,7,9,1,10,1,11,,23,8,1,22,9,121.5159248,25.11352242
111,3,17,18,16,2,09北投區,北投區西安街1段329號,0,0,3,3,H02,8,3,5,50,3,2,1,5,4,5,7,2,1,1,4,5,1,17,2,18,2,9,4,5,7,20,8,20,1,16,,67,8,1,22,9,121.5159248,25.11352242
111,3,17,18,23,2,11南港區,南港區玉成街148號前,0,0,1,1,C04,7,3,5,50,14,9,1,5,4,5,7,4,4,4,5,5,2,17,2,62,2,9,1,1,7,2,1,11,1,13,,43,43,1,22,9,121.5834573,25.04509137
111,3,17,18,23,2,11南港區,南港區玉成街148號前,0,0,1,2,C03,7,3,5,50,14,9,1,5,4,5,7,4,4,4,5,5,2,17,1,62,3,10,1,1,7,9,1,10,1,12,,43,43,1,22,9,121.5834573,25.04509137
111,3,17,18,28,2,10文山區,文山區辛亥路7段84巷與辛亥路口側附近7段口,0,0,1,2,C03,8,3,5,50,3,1,1,5,4,5,7,4,4,5,4,4,2,16,1,25,2,9,1,1,7,9,1,10,2,11,,13,6,1,22,9,121.553628,24.98145902
111,3,17,18,28,2,10文山區,文山區辛亥路7段84巷與辛亥路口側附近7段口,0,0,1,1,B01,8,3,5,50,3,1,1,5,4,5,7,4,4,5,4,4,2,16,1,58,3,10,1,1,7,5,1,4,2,6,,6,6,1,22,9,121.553628,24.98145902
111,3,17,18,40,2,08士林區,士林區中山北路4段第二燈桿處(圓山隧道對面),0,0,2,1,C03,7,3,5,50,14,11,1,5,4,5,7,4,4,9,4,5,2,13,2,32,2,8,1,1,7,9,1,10,2,11,,16,16,1,22,9,121.5245295,25.07892505
111,3,17,18,40,2,08士林區,士林區中山北路4段第二燈桿處(圓山隧道對面),0,0,2,2,C03,7,3,5,50,14,11,1,5,4,5,7,4,4,9,4,5,2,13,1,28,2,9,1,1,7,9,1,10,2,13,,44,16,1,22,9,121.5245295,25.07892505
111,3,17,18,54,2,04大安區,大安區復興南路2段與復興南路2段160巷口口,0,0,1,1,C03,8,3,5,50,3,1,1,5,4,5,7,1,1,1,3,5,2,13,1,68,2,8,1,1,7,9,1,10,1,11,,23,23,1,22,9,121.5434221,25.02782094
111,3,17,18,54,2,04大安區,大安區復興南路2段與復興南路2段160巷口口,0,0,1,2,B03,8,3,5,50,3,1,1,5,4,5,7,1,1,1,3,5,2,13,1,49,3,10,1,1,7,9,1,8,1,7,,44,23,1,22,9,121.5434221,25.02782094
111,3,17,18,57,2,07信義區,信義區虎林街與虎林街121巷口口,0,0,1,1,C03,8,3,5,30,4,1,1,5,4,5,7,4,4,10,5,5,2,15,2,40,2,8,1,1,7,9,1,10,1,12,,6,6,1,21,8,121.5768934,25.04030531
111,3,17,18,57,2,07信義區,信義區虎林街與虎林街121巷口口,0,0,1,2,B01,8,3,5,30,4,1,1,5,4,5,7,4,4,10,5,5,2,15,1,34,3,10,1,1,7,9,1,3,1,8,,23,6,1,21,8,121.5768934,25.04030531
111,3,17,19,11,2,04大安區,大安區仁愛路4段266巷15弄2號,0,0,1,1,C03,7,3,5,30,13,9,1,5,4,5,7,4,4,10,5,5,2,16,2,26,2,8,1,1,7,12,1,10,1,11,,16,16,1,22,9,121.5530047,25.03661578
111,3,17,19,11,2,04大安區,大安區仁愛路4段266巷15弄2號,0,0,1,2,B03,7,3,5,30,13,9,1,5,4,5,7,4,4,10,5,5,2,16,2,35,3,10,1,1,7,12,1,8,1,3,,44,16,1,22,9,121.5530047,25.03661578
111,3,17,20,0,2,03中山區,中山區建國北路1段23巷與八德路2段167巷口,0,0,2,1,C03,7,1,5,30,4,1,1,5,4,5,7,4,4,10,5,5,2,15,1,26,2,9,1,1,7,9,1,10,1,12,,6,6,1,22,9,121.5379757,25.04733279
111,3,17,20,0,2,03中山區,中山區建國北路1段23巷與八德路2段167巷口,0,0,2,2,C03,7,1,5,30,4,1,1,5,4,5,7,4,4,10,5,5,2,15,2,23,2,9,1,1,7,9,1,10,1,11,,14,6,1,22,9,121.5379757,25.04733279
111,3,17,20,10,2,03中山區,中山區北安路602號,0,0,2,1,C03,7,3,5,50,14,9,1,4,4,5,7,1,1,1,4,5,2,13,1,30,2,8,1,1,7,9,1,9,1,11,,43,43,1,22,9,121.5488593,25.08204768
111,3,17,20,10,2,03中山區,中山區北安路602號,0,0,2,2,C03,7,3,5,50,14,9,1,4,4,5,7,1,1,1,4,5,2,13,1,28,2,8,1,1,7,9,1,10,1,13,,43,43,1,22,9,121.5488593,25.08204768
111,3,17,20,10,2,03中山區,中山區北安路602號,0,0,2,3,B03,7,3,5,50,14,9,1,4,4,5,7,1,1,1,4,5,2,13,1,28,3,10,1,1,7,14,1,8,1,6,,44,43,1,22,9,121.5488593,25.08204768
111,3,17,21,40,2,09北投區,北投區承德路7段與吉利街口,0,0,1,1,C03,6,3,5,30,3,2,1,4,4,5,7,4,4,1,4,4,1,16,1,22,3,10,1,1,7,6,1,10,1,13,,6,6,1,22,9,121.5034463,25.11790158
111,3,17,21,40,2,09北投區,北投區承德路7段與吉利街口,0,0,1,2,C03,6,3,5,30,3,2,1,4,4,5,7,4,4,1,4,4,1,16,1,18,2,9,1,1,7,9,1,10,1,11,,23,6,1,22,9,121.5034463,25.11790158
111,3,17,21,58,2,04大安區,大安區基隆路4段與羅斯福路4段口口,0,0,2,3,C03,6,1,5,40,14,9,1,4,4,5,7,2,1,8,4,5,1,17,1,28,2,9,3,4,7,15,1,10,2,13,,44,23,1,22,9,121.5373134,25.01145466
111,3,17,21,58,2,04大安區,大安區基隆路4段與羅斯福路4段口口,0,0,2,1,B12,6,1,5,40,14,9,1,4,4,5,7,2,1,8,4,5,1,17,1,19,3,10,3,4,7,15,1,8,2,1,,23,23,1,22,9,121.5373134,25.01145466
111,3,17,21,58,2,04大安區,大安區基隆路4段與羅斯福路4段口口,0,0,2,2,C03,6,1,5,40,14,9,1,4,4,5,7,2,1,8,4,5,1,17,1,26,2,9,3,4,7,15,1,10,2,13,,44,23,1,22,9,121.5373134,25.01145466
111,3,17,22,2,2,01大同區,大同區南京西路與南京西路155巷口,0,0,1,1,C03,6,3,5,50,4,1,1,4,4,5,7,4,4,5,4,5,2,18,1,26,2,9,3,4,7,9,1,10,1,15,,42,42,1,22,9,121.5134742,25.05403328
111,3,17,22,2,2,01大同區,大同區南京西路與南京西路155巷口,0,0,1,2,,6,3,5,50,4,1,1,4,4,5,7,4,4,5,4,5,2,18,3,,,,,,,,,,,,,67,42,1,,,121.5134742,25.05403328
111,3,17,22,55,2,03中山區,中山區長安東路2段與新生北路1段口,0,0,2,1,B03,6,3,5,50,3,1,1,4,4,5,7,1,1,4,3,5,1,3,1,60,3,10,1,1,7,5,1,8,2,1,,15,15,1,22,9,121.5295895,25.04846013