發生年度,發生月,發生日,發生時-Hours,發生分,處理別-編號,區序,肇事地點,死亡人數,2-30日死亡人數,受傷人數,當事人序號,車種,天候,光線,道路類別,速限-速度限制,道路型態,事故位置,路面狀況1,路面狀況2,路面狀況3,道路障礙1,道路障礙2,號誌1,號誌2,車道劃分-分向,車道劃分-分道1,車道劃分-分道2,車道劃分-分道3,事故類型及型態,性別,年齡,受傷程度,主要傷處,安全帽,行動電話,車輛用途,當事者行動狀態,駕駛資格情形,駕駛執照種類,飲酒情形,車輛撞擊部位1,車輛撞擊部位2,肇因碼-個別,肇因碼-主要,個人肇逃否,職業,旅次目的,座標-X,座標-Y
111,3,17,22,55,2,03中山區,中山區長安東路2段與新生北路1段口,0,0,2,2,H01,6,3,5,50,3,1,1,4,4,5,7,1,1,4,3,5,1,3,1,42,2,9,4,5,8,16,8,20,10,16,,67,15,1,22,9,121.5295895,25.04846013
111,3,17,22,55,2,03中山區,中山區長安東路2段與新生北路1段口,0,0,2,3,H01,6,3,5,50,3,1,1,4,4,5,7,1,1,4,3,5,1,3,1,24,2,9,4,5,8,16,8,20,10,16,,67,15,1,22,9,121.5295895,25.04846013
111,3,17,23,33,2,05中正區,中正區重慶南路1段74號,0,0,1,1,B03,6,3,5,50,14,9,1,4,4,5,7,1,1,9,4,5,2,21,1,36,2,9,1,1,7,9,1,8,2,5,,23,23,1,22,9,121.5131378,25.04338917
111,3,17,23,33,2,05中正區,中正區重慶南路1段74號,0,0,1,2,,6,3,5,50,14,9,1,4,4,5,7,1,1,9,4,5,2,21,3,,,,,,,,,,,,,67,23,1,,,121.5131378,25.04338917
111,3,17,23,33,2,05中正區,中正區重慶南路1段74號,0,0,1,3,,6,3,5,50,14,9,1,4,4,5,7,1,1,9,4,5,2,21,3,,,,,,,,,,,,,67,23,1,,,121.5131378,25.04338917
111,3,17,23,51,2,03中山區,中山區市民大道3段與建國南路1段口,0,0,2,1,C03,6,3,5,40,4,1,1,4,4,5,7,1,1,4,3,5,1,13,1,34,2,9,1,1,7,9,1,10,1,11,,42,42,1,22,9,121.5365913,25.0448301
111,3,17,23,51,2,03中山區,中山區市民大道3段與建國南路1段口,0,0,2,2,C03,6,3,5,40,4,1,1,4,4,5,7,1,1,4,3,5,1,13,2,25,2,8,1,1,7,9,1,10,1,13,,44,42,1,22,9,121.5365913,25.0448301
111,3,17,23,52,2,02萬華區,萬華區西園路1段156-1號,0,0,1,1,B01,6,3,5,50,14,9,1,4,4,5,7,4,4,5,4,5,2,12,1,51,3,10,1,1,7,11,1,4,1,7,,10,10,1,22,9,121.4998977,25.03954093
111,3,17,23,52,2,02萬華區,萬華區西園路1段156-1號,0,0,1,2,C03,6,3,5,50,14,9,1,4,4,5,7,4,4,5,4,5,2,12,1,46,2,8,1,1,7,9,1,10,1,11,,44,10,1,22,9,121.4998977,25.03954093
111,3,18,1,27,1,03中山區,中山區松江路與錦州街口,1,0,1,2,B03,7,3,5,50,4,1,1,4,4,5,7,2,1,10,5,5,2,15,1,52,2,7,1,1,7,9,6,18,2,8,,25,25,2,22,9,121.5331752,25.0603399
111,3,18,1,27,1,03中山區,中山區松江路與錦州街口,1,0,1,1,C04,7,3,5,50,4,1,1,4,4,5,7,2,1,10,5,5,2,15,1,33,1,1,1,4,7,9,1,10,9,11,,25,25,1,22,9,121.5331752,25.0603399
111,3,18,6,19,2,05中正區,中正區中華路2段與和平西路2段口,0,0,2,1,F01,8,1,5,50,4,1,1,5,4,5,7,1,1,5,4,5,2,15,1,80,2,1,1,1,7,9,8,20,2,16,,25,25,1,22,9,121.5054053,25.03353651
111,3,18,6,19,2,05中正區,中正區中華路2段與和平西路2段口,0,0,2,2,C03,8,1,5,50,4,1,1,5,4,5,7,1,1,5,4,5,2,15,1,24,2,9,1,1,7,9,1,10,2,11,,44,25,1,22,9,121.5054053,25.03353651
111,3,18,7,19,2,07信義區,信義區忠孝東路4段565號,0,0,1,1,A02,8,1,5,50,14,9,1,5,4,5,7,1,1,1,4,5,2,12,1,56,3,10,1,1,7,6,1,2,1,5,,44,44,1,22,9,121.56419,25.04130377
111,3,18,7,19,2,07信義區,信義區忠孝東路4段565號,0,0,1,2,B01,8,1,5,50,14,9,1,5,4,5,7,1,1,1,4,5,2,12,1,31,2,7,1,1,7,10,1,4,1,4,,7,44,1,22,9,121.56419,25.04130377
111,3,18,7,40,2,10文山區,文山區木柵路1段與木柵路1段59巷口,0,0,2,1,C03,7,1,5,50,4,1,1,5,4,5,7,1,1,5,4,5,2,13,1,49,2,5,3,4,7,9,1,10,2,11,,23,23,1,21,8,121.545986,24.98672884
111,3,18,7,40,2,10文山區,文山區木柵路1段與木柵路1段59巷口,0,0,2,2,C03,7,1,5,50,4,1,1,5,4,5,7,1,1,5,4,5,2,13,1,38,2,9,3,4,7,14,1,10,2,13,,44,23,1,21,8,121.545986,24.98672884
111,3,18,7,50,2,09北投區,北投區吉利街280巷27弄6號與吉利街280巷33弄口,0,0,2,1,B12,7,1,5,30,4,1,1,5,4,5,7,4,4,10,5,5,2,14,1,62,3,10,1,1,7,2,1,4,1,3,,43,43,1,22,9,121.5103875,25.11767778
111,3,18,7,50,2,09北投區,北投區吉利街280巷27弄6號與吉利街280巷33弄口,0,0,2,2,C03,7,1,5,30,4,1,1,5,4,5,7,4,4,10,5,5,2,14,2,43,2,7,1,1,7,9,1,10,1,11,,43,43,1,22,9,121.5103875,25.11767778
111,3,18,7,50,2,09北投區,北投區吉利街280巷27弄6號與吉利街280巷33弄口,0,0,2,3,H02,7,1,5,30,4,1,1,5,4,5,7,4,4,10,5,5,2,14,2,9,2,7,1,5,7,21,8,20,10,15,,67,43,1,22,9,121.5103875,25.11767778
111,3,18,8,7,2,08士林區,士林區格致路30號,0,0,1,1,C03,8,1,5,40,3,1,1,5,4,5,7,4,4,5,5,5,2,16,1,21,2,7,3,4,7,5,1,10,1,14,,8,8,1,22,9,121.5464136,25.13700845
111,3,18,8,7,2,08士林區,士林區格致路30號,0,0,1,2,C03,8,1,5,40,3,1,1,5,4,5,7,4,4,5,5,5,2,16,1,21,3,10,3,4,7,9,1,10,1,12,,44,8,1,22,9,121.5464136,25.13700845
111,3,18,8,8,2,02萬華區,萬華區德昌街185巷與德昌街261巷口,0,0,1,1,C03,8,1,5,30,4,1,1,5,4,5,7,4,4,10,5,5,2,15,1,19,3,10,1,1,7,9,1,10,1,12,,6,6,1,18,9,121.4925587,25.02211697
111,3,18,8,8,2,02萬華區,萬華區德昌街185巷與德昌街261巷口,0,0,1,2,C03,8,1,5,30,4,1,1,5,4,5,7,4,4,10,5,5,2,15,2,36,2,9,1,1,7,9,6,11,1,11,,14,6,1,12,9,121.4925587,25.02211697
111,3,18,8,11,2,08士林區,士林區大南路與後港街口,0,0,1,1,B03,8,1,5,30,3,2,1,5,4,5,7,4,4,9,4,5,1,17,2,34,3,10,1,1,7,6,1,8,2,5,,9,9,1,22,9,121.5207334,25.08847554
111,3,18,8,11,2,08士林區,士林區大南路與後港街口,0,0,1,2,C03,8,1,5,30,3,2,1,5,4,5,7,4,4,9,4,5,1,17,1,31,2,9,1,1,7,5,1,10,1,12,,8,9,1,22,9,121.5207334,25.08847554
111,3,18,8,20,2,05中正區,中正區南昌路1段5號,0,0,1,1,A02,8,1,5,30,14,9,1,5,4,1,6,4,4,4,5,5,1,17,1,56,3,10,1,1,7,9,1,2,9,2,,23,23,1,22,9,121.5161186,25.03271395
111,3,18,8,20,2,05中正區,中正區南昌路1段5號,0,0,1,2,F01,8,1,5,30,14,9,1,5,4,1,6,4,4,4,5,5,1,17,1,61,2,9,1,1,7,9,8,20,2,16,,42,23,1,22,9,121.5161186,25.03271395
111,3,18,8,30,2,05中正區,中正區廈門街與廈門街99巷口,0,0,2,1,C03,7,1,5,30,3,2,1,5,4,5,7,4,4,9,4,5,2,16,1,18,2,9,1,1,7,6,1,10,2,12,,6,6,1,22,9,121.5174465,25.02397361
111,3,18,8,30,2,05中正區,中正區廈門街與廈門街99巷口,0,0,2,2,C03,7,1,5,30,3,2,1,5,4,5,7,4,4,9,4,5,2,16,2,20,2,8,1,1,7,9,1,10,2,14,,13,6,1,22,9,121.5174465,25.02397361
111,3,18,8,40,2,04大安區,大安區信義路4段與四維路口,0,0,1,1,C03,7,1,5,40,3,2,1,5,4,5,7,4,4,10,3,5,1,16,1,28,2,9,1,1,7,9,1,10,1,12,,23,23,1,22,9,121.5480146,25.0333824
111,3,18,8,40,2,04大安區,大安區信義路4段與四維路口,0,0,1,2,B03,7,1,5,40,3,2,1,5,4,5,7,4,4,10,3,5,1,16,1,59,3,10,1,1,7,5,1,8,1,8,,8,23,1,22,9,121.5480146,25.0333824
111,3,18,8,53,2,03中山區,中山區堤頂大道2段與樂群二路口,0,0,1,1,B01,8,1,5,50,4,1,1,5,4,5,7,2,1,7,2,5,2,12,1,66,3,10,1,1,7,6,1,4,1,1,,9,9,1,10,4,121.5642814,25.07873416
111,3,18,8,53,2,03中山區,中山區堤頂大道2段與樂群二路口,0,0,1,2,C03,8,1,5,50,4,1,1,5,4,5,7,2,1,7,2,5,2,12,1,32,2,9,1,1,7,11,1,10,1,14,,11,9,1,5,1,121.5642814,25.07873416
111,3,18,9,16,2,02萬華區,萬華區光復橋往台北市下橋處,0,0,2,1,C03,8,1,5,50,12,9,1,5,4,5,7,1,1,10,5,5,2,13,1,50,2,9,3,4,7,9,6,18,1,11,,16,16,1,22,9,121.4925148,25.02580194
111,3,18,9,16,2,02萬華區,萬華區光復橋往台北市下橋處,0,0,2,2,C03,8,1,5,50,12,9,1,5,4,5,7,1,1,10,5,5,2,13,1,43,2,8,3,4,7,14,1,10,1,13,,44,16,1,22,9,121.4925148,25.02580194
111,3,18,9,19,2,06松山區,松山區三民路與延壽街口口,0,0,2,1,B03,7,1,5,50,4,1,1,5,4,5,7,1,1,5,4,5,2,16,2,57,3,10,3,4,7,5,1,8,2,2,,6,6,1,22,9,121.5635613,25.0568618
111,3,18,9,19,2,06松山區,松山區三民路與延壽街口口,0,0,2,2,B12,7,1,5,50,4,1,1,5,4,5,7,1,1,5,4,5,2,16,2,65,2,9,3,4,7,9,1,8,2,5,,23,6,1,22,9,121.5635613,25.0568618
111,3,18,9,19,2,06松山區,松山區三民路與延壽街口口,0,0,2,3,H02,7,1,5,50,4,1,1,5,4,5,7,1,1,5,4,5,2,16,2,88,2,9,3,4,7,21,8,20,10,16,,67,6,1,22,9,121.5635613,25.0568618
111,3,18,9,31,2,07信義區,信義區基隆路1段與基隆路1段102巷口,0,0,1,1,B03,7,1,5,50,5,2,1,5,4,5,7,1,1,1,4,5,1,16,2,58,3,10,3,4,7,6,1,8,1,5,,9,9,1,22,9,121.5668404,25.04534022
111,3,18,9,31,2,07信義區,信義區基隆路1段與基隆路1段102巷口,0,0,1,2,C03,7,1,5,50,5,2,1,5,4,5,7,1,1,1,4,5,1,16,1,22,2,9,3,4,7,9,1,10,1,11,,14,9,1,22,9,121.5668404,25.04534022
111,3,18,9,43,2,11南港區,南港區研究院路1段與南港路1段口展覽館站5號出口,0,0,1,1,C03,7,1,5,50,4,2,1,5,4,5,7,2,1,1,4,5,2,12,1,31,3,10,1,1,7,8,1,10,1,13,,7,7,1,22,9,121.616674,25.05504593
111,3,18,9,43,2,11南港區,南港區研究院路1段與南港路1段口展覽館站5號出口,0,0,1,2,C03,7,1,5,50,4,2,1,5,4,5,7,2,1,1,4,5,2,12,2,29,2,8,1,1,7,9,1,10,1,11,,23,7,1,22,9,121.616674,25.05504593
111,3,18,10,0,2,08士林區,士林區中正路與志成街口,0,0,1,1,C03,7,1,5,50,3,1,1,5,4,5,7,3,1,3,4,5,2,12,1,20,2,9,1,4,7,8,1,10,1,12,,2,2,1,22,9,121.5302844,25.0961555
111,3,18,10,0,2,08士林區,士林區中正路與志成街口,0,0,1,2,B02,7,1,5,50,3,1,1,5,4,5,7,3,1,3,4,5,2,12,2,19,3,10,3,4,7,9,1,8,1,8,,44,2,1,22,9,121.5302844,25.0961555
111,3,18,10,9,2,08士林區,士林區重慶北路4段109號,0,0,1,1,C03,7,1,5,40,14,8,1,5,4,5,7,4,4,1,4,4,2,18,2,71,2,9,1,1,7,9,1,10,1,14,,43,43,1,22,9,121.5124004,25.08233875
111,3,18,10,9,2,08士林區,士林區重慶北路4段109號,0,0,1,2,,7,1,5,40,14,8,1,5,4,5,7,4,4,1,4,4,2,18,3,,,,,,,,,,,,,67,43,1,,,121.5124004,25.08233875
111,3,18,10,38,2,03中山區,中山區北安路303號,0,0,1,1,B03,7,1,5,50,14,9,1,5,4,5,7,4,4,1,4,5,2,12,1,43,3,10,1,1,7,6,1,8,1,2,,44,44,1,22,9,121.5371101,25.07793045
111,3,18,10,38,2,03中山區,中山區北安路303號,0,0,1,2,C03,7,1,5,50,14,9,1,5,4,5,7,4,4,1,4,5,2,12,1,43,2,9,1,1,7,9,1,10,1,14,,23,44,1,22,9,121.5371101,25.07793045
111,3,18,10,40,2,06松山區,松山區敦化南路1段102號與敦化南路口側附近1段口,0,0,1,1,B01,8,1,5,30,3,1,1,5,4,5,7,1,1,9,4,5,2,14,1,60,3,10,1,4,7,2,1,4,1,3,,12,12,1,22,9,121.5486551,25.04619451
111,3,18,10,40,2,06松山區,松山區敦化南路1段102號與敦化南路口側附近1段口,0,0,1,2,C03,8,1,5,30,3,1,1,5,4,5,7,1,1,9,4,5,2,14,1,38,2,8,1,1,7,6,1,10,1,11,,25,12,1,22,9,121.5486551,25.04619451
111,3,18,11,0,2,07信義區,信義區忠孝東路5段790巷與忠孝東路5段790巷24弄口,0,0,1,1,C03,7,1,5,30,4,2,1,5,4,5,7,4,4,10,5,5,2,17,1,19,3,10,1,1,7,9,1,10,1,11,,6,6,1,22,9,121.5827208,25.0423953
111,3,18,11,0,2,07信義區,信義區忠孝東路5段790巷與忠孝東路5段790巷24弄口,0,0,1,2,C03,7,1,5,30,4,2,1,5,4,5,7,4,4,10,5,5,2,17,2,32,2,8,1,1,7,9,1,10,1,14,,44,6,1,22,9,121.5827208,25.0423953
111,3,18,11,29,2,03中山區,中山區中原街與新生北路2段119巷口,0,0,1,1,C03,7,1,5,50,4,1,1,5,4,5,7,4,4,8,3,5,1,13,1,28,2,9,1,1,7,9,1,10,1,12,,16,16,1,22,9,121.5289108,25.05899914
111,3,18,11,29,2,03中山區,中山區中原街與新生北路2段119巷口,0,0,1,2,B12,7,1,5,50,4,1,1,5,4,5,7,4,4,8,3,5,1,13,1,32,3,10,1,1,7,6,1,8,1,7,,44,16,1,22,9,121.5289108,25.05899914
111,3,18,11,29,2,03中山區,中山區中原街與新生北路2段119巷口,0,0,1,3,B12,7,1,5,50,4,1,1,5,4,5,7,4,4,8,3,5,1,13,1,32,3,10,3,4,7,13,1,8,11,15,,38,16,1,22,9,121.5289108,25.05899914
111,3,18,11,31,2,02萬華區,萬華區光復橋往台北市,0,0,2,2,C03,8,1,5,50,8,9,1,5,4,5,7,4,4,1,4,5,2,17,1,31,2,9,1,1,7,9,1,10,1,11,,44,44,1,22,9,121.4909688,25.0244774
111,3,18,11,31,2,02萬華區,萬華區光復橋往台北市,0,0,2,1,C03,8,1,5,50,8,9,1,5,4,5,7,4,4,1,4,5,2,17,2,69,2,9,1,1,7,9,1,10,1,12,,44,44,1,22,9,121.4909688,25.0244774
111,3,18,11,35,2,06松山區,松山區光復南路22巷11號,0,0,2,1,F01,7,1,5,30,14,9,1,5,4,5,7,4,4,10,5,5,2,17,2,58,2,9,1,1,7,7,8,20,1,16,,7,7,1,22,9,121.5573618,25.04711738
111,3,18,11,35,2,06松山區,松山區光復南路22巷11號,0,0,2,2,C03,7,1,5,30,14,9,1,5,4,5,7,4,4,10,5,5,2,17,2,20,2,9,3,4,7,9,1,10,1,12,,44,7,1,22,9,121.5573618,25.04711738
111,3,18,11,49,2,03中山區,中山區中山北路1段與市民大道2段口,0,0,2,1,C03,7,1,5,40,4,1,1,5,4,5,7,1,1,1,4,5,2,13,1,35,4,11,3,4,7,15,7,19,11,15,,44,44,2,22,9,121.5210074,25.04829541
111,3,18,11,49,2,03中山區,中山區中山北路1段與市民大道2段口,0,0,2,2,C03,7,1,5,40,4,1,1,5,4,5,7,1,1,1,4,5,2,13,2,22,2,8,1,1,7,9,1,10,1,11,,16,44,1,22,9,121.5210074,25.04829541
111,3,18,11,49,2,03中山區,中山區中山北路1段與市民大道2段口,0,0,2,3,H02,7,1,5,40,4,1,1,5,4,5,7,1,1,1,4,5,2,13,2,27,2,7,1,5,7,20,8,20,10,16,,67,44,1,22,9,121.5210074,25.04829541
111,3,18,11,51,2,09北投區,北投區承德路6段與無名路口,0,0,1,1,C03,7,1,5,50,3,2,1,5,4,5,7,4,4,1,4,4,1,12,2,27,2,9,1,1,7,9,1,10,1,12,,23,23,1,22,9,121.5122598,25.10345394
111,3,18,11,51,2,09北投區,北投區承德路6段與無名路口,0,0,1,2,B03,7,1,5,50,3,2,1,5,4,5,7,4,4,1,4,4,1,12,1,66,3,10,1,1,7,14,1,8,1,7,,38,23,1,22,9,121.5122598,25.10345394
111,3,18,12,2,2,08士林區,士林區延平北路6段308號,0,0,3,1,C03,7,1,5,50,14,9,1,5,4,5,7,4,4,9,5,5,2,3,1,24,2,9,1,1,7,9,3,18,2,11,,14,14,1,22,9,121.5022319,25.09004043
111,3,18,12,2,2,08士林區,士林區延平北路6段308號,0,0,3,2,H01,7,1,5,50,14,9,1,5,4,5,7,4,4,9,5,5,2,3,1,74,2,9,4,5,8,16,8,20,10,16,,51,14,1,22,9,121.5022319,25.09004043
111,3,18,12,2,2,08士林區,士林區延平北路6段308號,0,0,3,3,B03,7,1,5,50,14,9,1,5,4,5,7,4,4,9,5,5,2,3,1,78,3,10,1,1,7,9,1,8,2,8,,44,14,1,22,9,121.5022319,25.09004043
111,3,18,12,2,2,08士林區,士林區延平北路6段308號,0,0,3,4,H02,7,1,5,50,14,9,1,5,4,5,7,4,4,9,5,5,2,3,2,15,2,9,1,5,7,21,8,20,10,16,,67,14,1,22,9,121.5022319,25.09004043
111,3,18,12,2,2,08士林區,士林區延平北路6段308號,0,0,3,5,A02,7,1,5,50,14,9,1,5,4,5,7,4,4,9,5,5,2,3,1,52,3,10,3,4,7,13,1,2,9,15,,38,14,1,22,9,121.5022319,25.09004043
111,3,18,12,23,2,04大安區,大安區忠孝東路4段248巷口側附近,0,0,1,1,B03,8,1,5,50,14,9,1,5,4,5,7,4,4,1,4,5,2,12,2,41,3,10,3,4,7,8,1,8,1,2,,7,7,1,22,9,121.5540606,25.04134989
111,3,18,12,23,2,04大安區,大安區忠孝東路4段248巷口側附近,0,0,1,2,C03,8,1,5,50,14,9,1,5,4,5,7,4,4,1,4,5,2,12,1,28,2,9,3,4,7,4,1,10,1,14,,1,7,1,22,9,121.5540606,25.04134989
111,3,18,12,23,2,04大安區,大安區忠孝東路4段248巷口側附近,0,0,1,3,B03,8,1,5,50,14,9,1,5,4,5,7,4,4,1,4,5,2,12,1,51,3,10,3,4,7,9,1,8,1,4,,44,7,1,22,9,121.5540606,25.04134989
111,3,18,12,51,2,04大安區,大安區和平東路3段與嘉興街口口,0,0,1,1,C03,7,1,5,50,4,2,1,5,4,5,7,2,1,8,3,5,1,13,2,34,2,9,3,4,7,15,1,10,1,11,,17,17,1,22,9,121.5537983,25.02302537
111,3,18,12,51,2,04大安區,大安區和平東路3段與嘉興街口口,0,0,1,3,H02,7,1,5,50,4,2,1,5,4,5,7,2,1,8,3,5,1,13,1,4,3,10,3,5,7,20,8,20,10,16,,67,17,1,22,9,121.5537983,25.02302537
111,3,18,12,51,2,04大安區,大安區和平東路3段與嘉興街口口,0,0,1,2,B03,7,1,5,50,4,2,1,5,4,5,7,2,1,8,3,5,1,13,1,56,3,10,3,4,7,15,1,8,1,3,,17,17,1,22,9,121.5537983,25.02302537
111,3,18,12,51,2,04大安區,大安區和平東路3段與嘉興街口口,0,0,1,4,H02,7,1,5,50,4,2,1,5,4,5,7,2,1,8,3,5,1,13,1,3,3,10,3,5,7,20,8,20,10,16,,67,17,1,22,9,121.5537983,25.02302537
111,3,18,13,20,2,12內湖區,內湖區民權東路6段90巷16弄與民權東路6段56巷口,0,0,1,1,B03,7,1,5,50,3,1,1,5,4,5,7,4,4,9,5,4,1,16,2,26,3,10,1,1,7,5,1,8,1,8,,8,8,1,22,9,121.585102,25.06789054
111,3,18,13,20,2,12內湖區,內湖區民權東路6段90巷16弄與民權東路6段56巷口,0,0,1,2,C03,7,1,5,50,3,1,1,5,4,5,7,4,4,9,5,4,1,16,1,27,2,9,1,1,7,9,1,10,1,12,,44,8,1,22,9,121.585102,25.06789054
111,3,18,13,26,2,03中山區,中山區長安東路2段與長安東路2段201巷口,0,0,1,1,B03,7,1,5,30,4,1,1,5,4,5,7,4,4,4,3,5,1,16,2,54,3,10,1,1,7,5,1,8,1,4,,8,8,1,22,9,121.5433732,25.04823961
111,3,18,13,26,2,03中山區,中山區長安東路2段與長安東路2段201巷口,0,0,1,2,C03,7,1,5,30,4,1,1,5,4,5,7,4,4,4,3,5,1,16,1,33,2,9,1,1,7,9,1,10,1,11,,44,8,1,22,9,121.5433732,25.04823961
111,3,18,13,27,2,01大同區,大同區台北橋機車道(往三重),0,0,3,1,C03,8,1,5,0,14,11,1,5,4,5,7,4,4,10,4,5,2,12,1,56,2,9,3,4,7,7,1,10,2,14,,7,7,1,22,9,121.5086647,25.06359308
111,3,18,13,27,2,01大同區,大同區台北橋機車道(往三重),0,0,3,2,C03,8,1,5,0,14,11,1,5,4,5,7,4,4,10,4,5,2,12,1,19,2,8,3,4,7,9,1,10,2,12,,13,7,1,22,9,121.5086647,25.06359308
111,3,18,13,27,2,01大同區,大同區台北橋機車道(往三重),0,0,3,3,H02,8,1,5,0,14,11,1,5,4,5,7,4,4,10,4,5,2,12,1,56,2,9,3,5,7,21,8,20,10,15,,67,7,1,22,9,121.5086647,25.06359308
111,3,18,13,37,2,03中山區,中山區濱江街246號,0,0,3,1,C03,7,1,5,50,14,9,1,5,4,5,7,4,4,10,5,5,2,16,1,19,2,9,1,1,7,9,1,10,1,11,,23,23,1,22,9,121.5412259,25.07229308
111,3,18,13,37,2,03中山區,中山區濱江街246號,0,0,3,2,C03,7,1,5,50,14,9,1,5,4,5,7,4,4,10,5,5,2,16,1,22,2,9,1,1,7,5,1,10,1,13,,8,23,1,22,9,121.5412259,25.07229308
111,3,18,13,37,2,03中山區,中山區濱江街246號,0,0,3,3,B03,7,1,5,50,14,9,1,5,4,5,7,4,4,10,5,5,2,16,1,24,3,10,1,1,7,13,1,8,1,3,,38,23,1,22,9,121.5412259,25.07229308
111,3,18,13,37,2,03中山區,中山區濱江街246號,0,0,3,4,H02,7,1,5,50,14,9,1,5,4,5,7,4,4,10,5,5,2,16,1,23,2,9,1,5,7,20,8,20,10,16,,67,23,1,22,9,121.5412259,25.07229308
111,3,18,13,55,2,02萬華區,萬華區中華路2段130巷65號,0,0,1,1,C03,8,1,5,30,15,9,1,5,4,5,7,4,4,10,5,5,2,17,1,69,2,7,1,4,7,9,1,10,11,15,,42,42,1,22,9,121.5024298,25.030765
111,3,18,13,55,2,02萬華區,萬華區中華路2段130巷65號,0,0,1,2,B12,8,1,5,30,15,9,1,5,4,5,7,4,4,10,5,5,2,17,1,65,3,10,1,4,7,9,1,8,11,15,,44,42,1,22,9,121.5024298,25.030765
111,3,18,14,28,2,03中山區,中山區南京東路3段與龍江路口,0,0,1,1,C03,7,1,5,50,4,1,1,5,4,5,7,1,1,4,3,5,1,16,1,29,3,10,1,1,7,9,3,18,2,12,,44,44,1,22,9,121.540466,25.05181703
111,3,18,14,28,2,03中山區,中山區南京東路3段與龍江路口,0,0,1,2,C03,7,1,5,50,4,1,1,5,4,5,7,1,1,4,3,5,1,16,1,30,2,9,1,1,7,5,1,10,2,14,,8,44,1,22,9,121.540466,25.05181703
111,3,18,14,55,2,08士林區,士林區中正路與中山北路5段口,0,0,1,1,C03,8,1,5,0,4,1,1,5,4,5,7,1,1,1,4,5,2,17,1,16,3,10,1,1,7,15,2,18,2,12,,25,25,1,22,9,121.5280656,25.09579335
111,3,18,14,55,2,08士林區,士林區中正路與中山北路5段口,0,0,1,2,C03,8,1,5,0,4,1,1,5,4,5,7,1,1,1,4,5,2,17,1,65,2,3,1,1,7,9,1,10,2,14,,44,25,1,22,9,121.5280656,25.09579335
111,3,18,15,0,2,03中山區,中山區民權東路1段捷運中山國小站2號出口,0,0,2,1,C03,7,1,5,50,14,9,1,5,4,5,7,4,4,3,4,5,2,17,1,38,2,7,1,1,7,12,1,10,1,14,,13,13,1,22,9,121.5258977,25.06260869
111,3,18,15,0,2,03中山區,中山區民權東路1段捷運中山國小站2號出口,0,0,2,2,C03,7,1,5,50,14,9,1,5,4,5,7,4,4,3,4,5,2,17,1,33,2,9,1,1,7,9,1,10,1,11,,44,13,1,22,9,121.5258977,25.06260869
111,3,18,15,5,2,01大同區,大同區蘭州街與民權西路口,0,0,2,1,C03,7,2,5,50,4,2,1,5,4,5,7,2,1,9,5,5,1,16,2,27,2,9,1,1,7,1,1,10,1,14,,19,19,1,22,9,121.5147988,25.0630835
111,3,18,15,5,2,01大同區,大同區蘭州街與民權西路口,0,0,2,2,C03,7,2,5,50,4,2,1,5,4,5,7,2,1,9,5,5,1,16,1,45,2,7,1,1,7,9,1,10,1,11,,44,19,1,22,9,121.5147988,25.0630835
111,3,18,15,10,2,05中正區,中正區忠孝西路1段與公園路口,0,0,2,1,A02,7,1,5,50,3,2,1,5,4,5,7,3,1,1,4,5,1,13,1,54,2,2,1,1,7,9,1,6,2,5,,23,23,1,22,9,121.5178991,25.04619852
111,3,18,15,10,2,05中正區,中正區忠孝西路1段與公園路口,0,0,2,2,B01,7,1,5,50,3,2,1,5,4,5,7,3,1,1,4,5,1,13,1,65,2,3,1,1,7,12,1,4,2,7,,42,23,1,22,9,121.5178991,25.04619852
111,3,18,15,10,2,09北投區,北投區中央北路4段與中央北路4段515巷口,0,0,2,1,C03,8,1,5,50,3,1,1,5,4,5,7,2,1,5,4,5,1,16,2,21,2,9,1,1,7,11,1,10,1,12,,10,10,1,22,9,121.468368,25.1281794
111,3,18,15,10,2,09北投區,北投區中央北路4段與中央北路4段515巷口,0,0,2,2,C03,8,1,5,50,3,1,1,5,4,5,7,2,1,5,4,5,1,16,1,22,2,9,1,1,7,9,1,10,1,11,,44,10,1,22,9,121.468368,25.1281794
111,3,18,15,55,2,12內湖區,內湖區民權東路6段與成功路2段320巷31弄口,0,0,1,1,C04,8,1,5,50,3,1,1,5,4,5,7,2,1,1,4,5,2,16,1,45,3,10,1,4,7,9,1,10,2,11,,16,16,1,22,9,121.5887547,25.06900947
111,3,18,15,55,2,12內湖區,內湖區民權東路6段與成功路2段320巷31弄口,0,0,1,2,C03,8,1,5,50,3,1,1,5,4,5,7,2,1,1,4,5,2,16,2,59,2,8,1,1,7,12,3,18,2,13,,44,16,1,22,9,121.5887547,25.06900947
111,3,18,16,9,2,08士林區,士林區忠誠路1段100巷15弄與德行東路90巷口,0,0,2,1,C03,8,1,8,30,15,22,1,5,4,5,7,4,4,10,5,5,2,16,1,38,2,8,1,1,7,9,1,10,1,14,,6,6,1,22,9,121.529442,25.11811589
111,3,18,16,9,2,08士林區,士林區忠誠路1段100巷15弄與德行東路90巷口,0,0,2,2,C03,8,1,8,30,15,22,1,5,4,5,7,4,4,10,5,5,2,16,2,22,2,9,1,1,7,9,1,10,1,11,,23,6,1,22,9,121.529442,25.11811589
111,3,18,16,10,2,07信義區,信義區基隆路1段與基隆路1段口88號車道口,0,0,1,1,B03,8,1,5,50,3,1,1,5,4,5,7,4,4,1,4,5,2,12,1,28,3,10,3,4,7,6,1,4,1,2,,9,9,1,22,9,121.5673761,25.04634481