發生年度,發生月,發生日,發生時-Hours,發生分,處理別-編號,區序,肇事地點,死亡人數,2-30日死亡人數,受傷人數,當事人序號,車種,天候,光線,道路類別,速限-速度限制,道路型態,事故位置,路面狀況1,路面狀況2,路面狀況3,道路障礙1,道路障礙2,號誌1,號誌2,車道劃分-分向,車道劃分-分道1,車道劃分-分道2,車道劃分-分道3,事故類型及型態,性別,年齡,受傷程度,主要傷處,安全帽,行動電話,車輛用途,當事者行動狀態,駕駛資格情形,駕駛執照種類,飲酒情形,車輛撞擊部位1,車輛撞擊部位2,肇因碼-個別,肇因碼-主要,個人肇逃否,職業,旅次目的,座標-X,座標-Y
111,3,18,16,10,2,07信義區,信義區基隆路1段與基隆路1段口88號車道口,0,0,1,2,C03,8,1,5,50,3,1,1,5,4,5,7,4,4,1,4,5,2,12,2,35,2,7,3,4,7,9,1,10,1,14,,44,9,1,22,9,121.5673761,25.04634481
111,3,18,16,15,2,04大安區,大安區敦化南路2段48號,0,0,1,1,B03,7,1,5,50,14,9,1,5,4,5,7,4,4,1,4,1,2,16,1,66,3,10,1,1,7,15,3,18,1,4,,40,40,1,22,9,121.5482771,25.0311723
111,3,18,16,15,2,04大安區,大安區敦化南路2段48號,0,0,1,2,C03,7,1,5,50,14,9,1,5,4,5,7,4,4,1,4,1,2,16,2,34,2,9,1,1,7,9,1,10,1,12,,44,40,1,22,9,121.5482771,25.0311723
111,3,18,16,28,2,05中正區,中正區林森南路地下道北往南機慢車道,0,0,1,1,C03,8,3,5,50,7,11,1,5,4,5,7,4,4,8,3,4,1,13,1,23,3,10,1,1,7,9,1,10,1,11,,16,16,1,21,1,121.5213999,25.03817336
111,3,18,16,28,2,05中正區,中正區林森南路地下道北往南機慢車道,0,0,1,2,C03,8,3,5,50,7,11,1,5,4,5,7,4,4,8,3,4,1,13,1,30,3,10,1,1,7,12,1,10,1,13,,43,16,1,21,1,121.5213999,25.03817336
111,3,18,16,28,2,05中正區,中正區林森南路地下道北往南機慢車道,0,0,1,3,C03,8,3,5,50,7,11,1,5,4,5,7,4,4,8,3,4,1,13,1,41,2,8,1,1,7,9,1,10,1,13,,43,16,1,21,1,121.5213999,25.03817336
111,3,18,16,30,2,06松山區,松山區市民大道4段301號,0,0,1,1,C03,8,1,5,40,14,9,1,5,4,5,7,4,4,1,4,5,2,17,1,18,3,10,1,1,7,8,1,10,2,15,,7,7,1,22,9,121.5568623,25.0450557
111,3,18,16,30,2,06松山區,松山區市民大道4段301號,0,0,1,2,C03,8,1,5,40,14,9,1,5,4,5,7,4,4,1,4,5,2,17,1,18,2,1,1,1,7,9,1,10,2,11,,13,7,1,22,9,121.5568623,25.0450557
111,3,18,16,45,2,10文山區,文山區羅斯福路6段48號前,0,0,1,1,B03,8,1,5,50,14,9,1,5,4,5,7,4,4,1,5,5,2,17,1,53,3,10,1,1,7,7,1,8,1,7,7,7,7,1,22,9,121.5399708,24.999283
111,3,18,16,45,2,10文山區,文山區羅斯福路6段48號前,0,0,1,2,C03,8,1,5,50,14,9,1,5,4,5,7,4,4,1,5,5,2,17,1,22,2,9,1,1,7,9,1,10,1,11,12,23,7,1,22,9,121.5399708,24.999283
111,3,18,17,5,2,05中正區,中正區汀州路3段與汀州路3段230巷口,0,0,1,1,B03,7,1,5,50,4,1,1,5,4,5,7,4,4,4,4,5,1,15,1,43,3,10,1,1,7,1,1,8,1,8,,19,19,1,22,9,121.5359213,25.0115492
111,3,18,17,5,2,05中正區,中正區汀州路3段與汀州路3段230巷口,0,0,1,2,C03,7,1,5,50,4,1,1,5,4,5,7,4,4,4,4,5,1,15,2,60,2,9,1,1,7,9,1,10,1,12,,44,19,1,22,9,121.5359213,25.0115492
111,3,18,17,5,2,12內湖區,內湖區康寧街3段與民權東路6段口引道,0,0,2,1,C03,8,1,5,40,3,2,1,5,4,5,7,3,1,1,4,4,2,16,2,60,2,9,1,1,7,6,1,10,1,11,,6,6,1,22,9,121.6061838,25.07305117
111,3,18,17,5,2,12內湖區,內湖區康寧街3段與民權東路6段口引道,0,0,2,2,A02,8,1,5,40,3,2,1,5,4,5,7,3,1,1,4,4,2,16,1,44,3,10,1,1,7,9,1,2,1,2,,44,6,1,22,9,121.6061838,25.07305117
111,3,18,17,5,2,12內湖區,內湖區康寧街3段與民權東路6段口引道,0,0,2,3,H02,8,1,5,40,3,2,1,5,4,5,7,3,1,1,4,4,2,16,1,65,2,8,1,5,7,20,8,20,10,16,,67,6,1,22,9,121.6061838,25.07305117
111,3,18,17,17,2,07信義區,信義區莊敬路322號前,0,0,2,1,C03,8,1,5,40,14,8,1,5,4,5,7,4,4,5,5,4,2,12,2,28,2,8,1,1,7,6,1,10,1,12,,9,9,1,22,9,121.5633923,25.02819997
111,3,18,17,17,2,07信義區,信義區莊敬路322號前,0,0,2,2,C03,8,1,5,40,14,8,1,5,4,5,7,4,4,5,5,4,2,12,1,22,2,7,1,1,7,9,1,10,1,14,,23,9,1,22,9,121.5633923,25.02819997
111,3,18,17,19,2,05中正區,中正區館前路與信陽街口口,0,0,1,1,B02,8,1,5,50,3,2,1,5,4,5,7,4,4,9,4,5,1,3,1,67,3,10,1,1,7,9,1,4,2,1,,26,26,1,21,1,121.5150837,25.04469289
111,3,18,17,19,2,05中正區,中正區館前路與信陽街口口,0,0,1,2,H01,8,1,5,50,3,2,1,5,4,5,7,4,4,9,4,5,1,3,2,13,2,1,4,5,8,18,8,20,10,16,,53,26,1,15,2,121.5150837,25.04469289
111,3,18,17,35,2,07信義區,信義區和平東路3段599號,0,0,2,1,F02,8,1,5,40,14,9,5,5,4,5,7,1,1,3,5,5,2,16,2,53,2,8,1,1,7,9,8,20,1,16,,25,25,1,22,9,121.5620808,25.01467327
111,3,18,17,35,2,07信義區,信義區和平東路3段599號,0,0,2,2,C03,8,1,5,40,14,9,5,5,4,5,7,1,1,3,5,5,2,16,1,51,2,8,1,1,7,9,1,10,1,11,,44,25,1,22,9,121.5620808,25.01467327
111,3,18,17,46,2,08士林區,士林區至誠路1段285號,0,0,1,1,B03,8,1,8,40,15,22,1,5,4,5,7,4,4,9,5,5,2,16,1,22,3,10,1,1,7,11,1,8,2,2,,10,10,1,22,9,121.5372188,25.1010597
111,3,18,17,46,2,08士林區,士林區至誠路1段285號,0,0,1,2,C03,8,1,8,40,15,22,1,5,4,5,7,4,4,9,5,5,2,16,1,18,2,9,1,1,7,9,1,10,2,11,,23,10,1,22,9,121.5372188,25.1010597
111,3,18,18,1,2,01大同區,大同區台北橋機車道往三重,0,0,2,1,C03,8,1,7,50,14,11,1,5,4,5,7,4,4,9,4,5,1,13,2,39,2,5,1,1,7,9,1,10,2,13,,16,16,1,22,9,121.5087601,25.06355744
111,3,18,18,1,2,01大同區,大同區台北橋機車道往三重,0,0,2,2,C03,8,1,7,50,14,11,1,5,4,5,7,4,4,9,4,5,1,13,1,62,3,10,1,1,7,7,1,10,2,13,,7,16,1,22,9,121.5087601,25.06355744
111,3,18,18,1,2,01大同區,大同區台北橋機車道往三重,0,0,2,3,C03,8,1,7,50,14,11,1,5,4,5,7,4,4,9,4,5,1,13,2,27,2,9,1,1,7,9,1,10,2,11,,16,16,1,22,9,121.5087601,25.06355744
111,3,18,18,11,2,06松山區,松山區民權東路3段106巷1號,0,0,1,1,B03,8,1,5,30,14,9,1,5,4,5,7,4,4,10,5,5,2,14,1,26,3,10,1,1,7,2,1,8,1,7,,12,12,1,22,9,121.5449117,25.06191462
111,3,18,18,11,2,06松山區,松山區民權東路3段106巷1號,0,0,1,2,C03,8,1,5,30,14,9,1,5,4,5,7,4,4,10,5,5,2,14,2,25,2,9,1,1,7,9,1,10,1,12,,23,12,1,22,9,121.5449117,25.06191462
111,3,18,18,30,2,12內湖區,內湖區民權東路6段與成功路2段口,0,0,1,1,B03,8,3,5,50,4,1,1,5,4,5,7,2,1,1,4,5,2,16,1,44,3,10,3,4,7,6,1,8,1,2,,9,9,1,22,9,121.5907992,25.06886308
111,3,18,18,30,2,12內湖區,內湖區民權東路6段與成功路2段口,0,0,1,2,C03,8,3,5,50,4,1,1,5,4,5,7,2,1,1,4,5,2,16,1,27,2,4,1,1,7,9,1,10,1,14,,14,9,1,22,9,121.5907992,25.06886308
111,3,18,18,39,2,03中山區,中山區市民大道2段與松江路口,0,0,1,1,C03,8,3,5,40,14,9,1,5,4,5,7,2,1,1,4,5,2,12,1,22,2,5,1,1,7,9,1,10,1,12,,23,23,1,22,9,121.5331278,25.04550926
111,3,18,18,39,2,03中山區,中山區市民大道2段與松江路口,0,0,1,2,B03,8,3,5,40,14,9,1,5,4,5,7,2,1,1,4,5,2,12,1,31,3,10,1,1,7,9,1,8,1,4,,44,23,1,22,9,121.5331278,25.04550926
111,3,18,18,39,2,03中山區,中山區市民大道2段與松江路口,0,0,1,3,B03,8,3,5,40,14,9,1,5,4,5,7,2,1,1,4,5,2,12,1,33,3,10,1,1,7,12,1,8,1,2,,44,23,1,22,9,121.5331278,25.04550926
111,3,18,18,40,2,03中山區,中山區松江路與南京東路2段口,0,0,2,1,C03,8,3,5,40,4,2,1,5,4,5,7,1,1,1,3,4,1,12,2,28,2,8,1,1,7,8,1,10,1,12,,7,7,1,22,9,121.5330755,25.0519327
111,3,18,18,40,2,03中山區,中山區松江路與南京東路2段口,0,0,2,2,C03,8,3,5,40,4,2,1,5,4,5,7,1,1,1,3,4,1,12,1,44,2,8,1,1,7,9,1,10,1,11,,44,7,1,22,9,121.5330755,25.0519327
111,3,18,18,50,2,05中正區,中正區重慶南路1段與愛國西路口,0,0,1,1,C03,8,3,5,50,4,3,1,5,4,5,7,1,1,9,4,5,2,15,2,71,4,11,3,4,7,15,7,19,11,15,,44,44,2,22,9,121.5125966,25.03554678
111,3,18,18,50,2,05中正區,中正區重慶南路1段與愛國西路口,0,0,1,2,C03,8,3,5,50,4,3,1,5,4,5,7,1,1,9,4,5,2,15,1,20,2,9,1,1,7,1,1,10,2,14,,44,44,1,22,9,121.5125966,25.03554678
111,3,18,18,50,2,10文山區,文山區木柵路4段157-1號前,0,0,1,1,B03,8,1,5,50,14,9,1,5,4,5,7,1,1,8,3,5,2,16,1,50,3,10,1,1,7,5,1,8,1,8,,8,8,1,22,9,121.5757828,24.99984726
111,3,18,18,50,2,10文山區,文山區木柵路4段157-1號前,0,0,1,2,C03,8,1,5,50,14,9,1,5,4,5,7,1,1,8,3,5,2,16,1,43,2,9,1,1,7,9,1,10,1,11,,44,8,1,22,9,121.5757828,24.99984726
111,3,18,18,54,1,08士林區,士林區士東路與芝玉路2段口,1,0,2,1,B03,8,3,5,50,3,1,1,5,4,5,7,4,4,1,4,5,2,3,1,38,3,10,1,1,7,9,1,6,2,1,,13,13,1,22,9,121.5353127,25.11295953
111,3,18,18,54,1,08士林區,士林區士東路與芝玉路2段口,1,0,2,2,H01,8,3,5,50,3,1,1,5,4,5,7,4,4,1,4,5,2,3,2,65,1,1,4,5,8,16,8,20,10,16,,67,13,1,22,9,121.5353127,25.11295953
111,3,18,18,54,1,08士林區,士林區士東路與芝玉路2段口,1,0,2,3,H01,8,3,5,50,3,1,1,5,4,5,7,4,4,1,4,5,2,3,2,16,2,8,4,5,8,16,8,20,10,16,,67,13,1,22,9,121.5353127,25.11295953
111,3,18,18,54,1,08士林區,士林區士東路與芝玉路2段口,1,0,2,4,H01,8,3,5,50,3,1,1,5,4,5,7,4,4,1,4,5,2,3,2,16,2,8,4,5,8,16,8,20,10,16,,67,13,1,22,9,121.5353127,25.11295953
111,3,18,19,3,2,08士林區,士林區凱旋路61巷4弄文化大學前,0,0,1,1,C03,8,1,5,50,14,9,1,5,4,5,7,4,4,5,5,5,1,17,1,18,3,10,1,1,7,5,1,10,1,11,,8,8,1,22,9,121.5400152,25.13462363
111,3,18,19,3,2,08士林區,士林區凱旋路61巷4弄文化大學前,0,0,1,2,C03,8,1,5,50,14,9,1,5,4,5,7,4,4,5,5,5,1,17,1,18,2,9,1,1,7,9,1,10,1,11,,44,8,1,22,9,121.5400152,25.13462363
111,3,18,19,13,2,04大安區,大安區建國南路1段延平中學前,0,0,1,1,B03,8,3,5,50,14,9,1,5,4,5,7,3,1,10,3,5,2,15,2,76,3,10,1,1,7,9,1,8,1,1,,23,23,1,22,9,121.5382723,25.03634917
111,3,18,19,13,2,04大安區,大安區建國南路1段延平中學前,0,0,1,2,F01,8,3,5,50,14,9,1,5,4,5,7,3,1,10,3,5,2,15,1,76,2,9,1,1,7,11,8,20,9,16,,11,23,1,22,9,121.5382723,25.03634917
111,3,18,19,15,2,08士林區,士林區德行東路芝山國小前,0,0,1,1,B03,7,3,5,30,14,9,1,5,4,5,7,4,4,9,5,5,2,17,1,56,3,10,1,1,7,11,1,8,1,5,,10,10,1,22,9,121.5365991,25.11026246
111,3,18,19,15,2,08士林區,士林區德行東路芝山國小前,0,0,1,2,C03,7,3,5,30,14,9,1,5,4,5,7,4,4,9,5,5,2,17,1,19,2,9,1,1,7,9,1,10,1,11,,13,10,1,22,9,121.5365991,25.11026246
111,3,18,19,21,2,07信義區,信義區忠孝東路5段695號,0,0,1,1,C03,8,3,5,50,14,9,1,5,4,5,7,4,4,1,4,5,2,13,2,19,2,8,1,1,7,9,1,10,1,11,,43,43,1,21,8,121.5800252,25.04220585
111,3,18,19,21,2,07信義區,信義區忠孝東路5段695號,0,0,1,2,B03,8,3,5,50,14,9,1,5,4,5,7,4,4,1,4,5,2,13,1,30,3,10,1,1,7,14,1,8,1,3,,43,43,1,21,8,121.5800252,25.04220585
111,3,18,19,25,2,05中正區,中正區重慶南路3段42號,0,0,1,1,B03,8,3,5,30,14,9,1,5,4,5,7,4,4,1,4,5,2,12,2,33,3,10,1,1,7,9,1,8,2,15,,17,17,1,22,9,121.5155307,25.0282582
111,3,18,19,25,2,05中正區,中正區重慶南路3段42號,0,0,1,2,C03,8,3,5,30,14,9,1,5,4,5,7,4,4,1,4,5,2,12,2,22,2,9,1,1,7,9,1,10,2,15,,17,17,1,22,9,121.5155307,25.0282582
111,3,18,19,36,2,03中山區,中山區新生高架道往南下濱江街匝道,0,0,3,1,B03,8,3,5,40,10,16,1,5,4,5,7,4,4,10,5,5,2,13,1,60,2,9,1,1,7,9,3,18,2,1,,23,23,1,22,9,121.5277875,25.07105661
111,3,18,19,36,2,03中山區,中山區新生高架道往南下濱江街匝道,0,0,3,2,B01,8,3,5,40,10,16,1,5,4,5,7,4,4,10,5,5,2,13,1,65,3,10,1,1,7,14,1,4,2,3,,44,23,1,22,9,121.5277875,25.07105661
111,3,18,19,36,2,03中山區,中山區新生高架道往南下濱江街匝道,0,0,3,3,B03,8,3,5,40,10,16,1,5,4,5,7,4,4,10,5,5,2,13,1,40,2,9,1,1,7,14,1,8,2,3,,44,23,1,22,9,121.5277875,25.07105661
111,3,18,19,36,2,03中山區,中山區新生高架道往南下濱江街匝道,0,0,3,4,H02,8,3,5,40,10,16,1,5,4,5,7,4,4,10,5,5,2,13,1,31,2,9,1,5,7,20,8,20,10,16,,67,23,1,22,9,121.5277875,25.07105661
111,3,18,20,50,2,08士林區,士林區德行東路109巷63弄與忠誠路2段10巷口,0,0,1,1,B01,8,3,5,30,4,1,1,5,4,5,7,4,4,10,5,5,1,15,1,49,3,10,1,1,7,9,1,4,1,1,,6,6,1,22,9,121.5275536,25.1096514
111,3,18,20,50,2,08士林區,士林區德行東路109巷63弄與忠誠路2段10巷口,0,0,1,2,C03,8,3,5,30,4,1,1,5,4,5,7,4,4,10,5,5,1,15,1,20,2,9,1,1,7,9,1,10,1,14,,13,6,1,22,9,121.5275536,25.1096514
111,3,18,21,0,2,02萬華區,萬華區長沙街2段與環河南路1段口,0,0,2,1,C03,7,3,5,50,3,1,1,5,4,5,7,2,1,5,4,5,2,12,1,22,2,9,1,1,7,5,1,10,2,14,,8,8,1,22,9,121.5048037,25.04754816
111,3,18,21,0,2,02萬華區,萬華區長沙街2段與環河南路1段口,0,0,2,2,C03,7,3,5,50,3,1,1,5,4,5,7,2,1,5,4,5,2,12,1,32,2,9,1,1,7,9,1,10,2,11,,13,8,1,22,9,121.5048037,25.04754816
111,3,18,21,51,2,03中山區,中山區錦州街與民生東路3段73巷口口,0,0,3,1,C03,7,3,5,30,4,1,1,5,4,5,7,4,4,5,5,5,2,15,1,38,2,7,1,1,7,9,1,10,1,14,,6,6,1,22,9,121.5436435,25.06016411
111,3,18,21,51,2,03中山區,中山區錦州街與民生東路3段73巷口口,0,0,3,2,C03,7,3,5,30,4,1,1,5,4,5,7,4,4,5,5,5,2,15,2,24,2,9,1,1,7,9,1,10,1,11,,23,6,1,22,9,121.5436435,25.06016411
111,3,18,21,51,2,03中山區,中山區錦州街與民生東路3段73巷口口,0,0,3,3,F01,7,3,5,30,4,1,1,5,4,5,7,4,4,5,5,5,2,15,2,43,2,8,1,1,7,9,8,20,10,16,,44,6,1,22,9,121.5436435,25.06016411
111,3,18,22,11,2,06松山區,松山區光復北路與光復北路155巷口口,0,0,2,1,C03,8,3,5,50,3,2,1,5,4,5,7,3,1,9,5,5,2,3,1,54,2,9,1,1,7,9,1,10,2,11,,15,15,1,22,9,121.5557601,25.0553788
111,3,18,22,11,2,06松山區,松山區光復北路與光復北路155巷口口,0,0,2,2,H01,8,3,5,50,3,2,1,5,4,5,7,3,1,9,5,5,2,3,2,68,2,9,4,5,8,16,8,20,10,15,,67,15,1,22,9,121.5557601,25.0553788
111,3,18,23,10,2,09北投區,北投區大同街與大同街280巷口,0,0,1,1,F01,8,3,5,50,3,1,1,5,4,5,7,4,4,5,5,5,2,17,1,73,2,7,1,1,7,5,8,20,1,16,,8,8,1,22,9,121.4993757,25.14054227
111,3,18,23,10,2,09北投區,北投區大同街與大同街280巷口,0,0,1,2,C03,8,3,5,50,3,1,1,5,4,5,7,4,4,5,5,5,2,17,1,22,3,10,1,1,7,4,1,10,1,15,,1,8,1,22,9,121.4993757,25.14054227
111,3,18,23,35,2,12內湖區,內湖區成功路2段320巷19號與成功路2段320巷口,0,0,1,1,B01,8,3,5,30,3,1,1,5,4,5,7,4,4,10,5,5,2,16,1,55,3,10,1,1,7,5,1,4,1,5,,44,44,1,22,9,121.5901434,25.06759931
111,3,18,23,35,2,12內湖區,內湖區成功路2段320巷19號與成功路2段320巷口,0,0,1,2,C03,8,3,5,30,3,1,1,5,4,5,7,4,4,10,5,5,2,16,1,27,2,1,1,1,7,9,1,10,1,14,,13,44,1,22,9,121.5901434,25.06759931
111,3,18,23,45,2,05中正區,中正區館前路與襄陽路口,0,0,2,1,C03,8,3,5,50,3,1,1,5,4,5,7,1,1,5,4,5,2,17,2,19,2,8,1,1,7,9,1,10,2,11,,16,16,1,22,9,121.5149769,25.04340463
111,3,18,23,45,2,05中正區,中正區館前路與襄陽路口,0,0,2,2,C03,8,3,5,50,3,1,1,5,4,5,7,1,1,5,4,5,2,17,1,19,2,9,1,1,7,9,1,10,2,13,,44,16,1,22,9,121.5149769,25.04340463
111,3,18,23,47,2,03中山區,中山區市民大道2段與天津街口,0,0,2,1,C03,8,3,5,40,14,9,1,5,4,5,7,2,1,1,4,5,2,13,1,27,2,9,1,1,7,9,1,10,1,11,,23,23,1,22,9,121.5224856,25.04803231
111,3,18,23,47,2,03中山區,中山區市民大道2段與天津街口,0,0,2,2,C03,8,3,5,40,14,9,1,5,4,5,7,2,1,1,4,5,2,13,1,37,2,9,1,1,7,12,1,10,1,13,,44,23,1,22,9,121.5224856,25.04803231
111,3,19,1,5,2,02萬華區,萬華區西園路2段與艋舺大道口,0,0,2,1,C03,8,3,5,50,4,2,1,5,4,5,7,2,1,3,4,5,2,13,1,15,2,9,1,1,7,9,2,18,1,11,,23,23,1,22,9,121.4978664,25.0330882
111,3,19,1,5,2,02萬華區,萬華區西園路2段與艋舺大道口,0,0,2,2,C03,8,3,5,50,4,2,1,5,4,5,7,2,1,3,4,5,2,13,1,46,2,9,1,1,7,1,1,10,1,13,,25,23,1,22,9,121.4978664,25.0330882
111,3,19,1,35,2,03中山區,中山區長春路65號,0,0,1,1,B03,8,3,5,50,14,7,1,5,4,5,7,4,4,9,4,4,2,12,1,25,3,10,1,1,7,11,3,18,1,8,,10,10,1,22,9,121.5263849,25.05489593
111,3,19,1,35,2,03中山區,中山區長春路65號,0,0,1,2,C03,8,3,5,50,14,7,1,5,4,5,7,4,4,9,4,4,2,12,1,35,2,9,1,1,7,9,1,10,1,12,,23,10,1,22,9,121.5263849,25.05489593
111,3,19,2,29,2,03中山區,中山區吉林路248號,0,0,1,1,B03,7,3,5,40,14,8,1,5,4,3,5,4,4,5,5,4,2,17,1,45,4,11,3,4,7,2,7,19,11,15,,12,12,2,22,9,121.5301641,25.05968226
111,3,19,2,29,2,03中山區,中山區吉林路248號,0,0,1,2,A11,7,3,5,40,14,8,1,5,4,3,5,4,4,5,5,4,2,17,1,43,2,5,1,1,7,15,7,19,11,15,,38,12,1,22,9,121.5301641,25.05968226
111,3,19,5,35,2,07信義區,信義區松仁路211號,0,0,1,1,C03,8,2,5,50,14,7,1,5,4,5,7,2,1,9,5,4,2,16,2,55,2,7,1,1,7,5,4,8,2,12,,44,44,1,22,9,121.5684267,25.02683906
111,3,19,5,35,2,07信義區,信義區松仁路211號,0,0,1,2,C03,8,2,5,50,14,7,1,5,4,5,7,2,1,9,5,4,2,16,1,67,3,10,1,1,7,6,1,10,2,14,,9,44,1,22,9,121.5684267,25.02683906
111,3,19,6,31,2,08士林區,士林區至善路1段與福林路254巷口,0,0,1,1,B01,8,1,5,30,3,2,1,5,4,5,7,3,1,1,4,4,1,17,1,60,3,10,1,1,7,15,1,4,1,4,,6,6,1,22,9,121.5377476,25.0979735
111,3,19,6,31,2,08士林區,士林區至善路1段與福林路254巷口,0,0,1,2,F01,8,1,5,30,3,2,1,5,4,5,7,3,1,1,4,4,1,17,1,44,2,9,1,1,7,9,8,20,1,16,,44,6,1,22,9,121.5377476,25.0979735
111,3,19,6,50,2,08士林區,士林區福志路與福志路52巷口,0,0,1,1,C03,8,1,5,30,4,1,1,5,4,5,7,1,1,10,5,5,2,10,2,66,2,9,1,1,7,9,4,11,1,11,,25,25,1,22,9,121.5304107,25.09910801
111,3,19,6,50,2,08士林區,士林區福志路與福志路52巷口,0,0,1,2,C03,8,1,5,30,4,1,1,5,4,5,7,1,1,10,5,5,2,10,1,22,3,10,1,1,7,9,1,10,1,11,,25,25,1,22,9,121.5304107,25.09910801
111,3,19,7,55,2,05中正區,中正區汀州路3段8號,0,0,1,1,A05,8,1,5,50,11,9,1,2,4,5,7,4,4,1,4,5,1,17,1,65,3,10,1,1,7,15,1,2,1,15,,30,30,1,22,9,121.5274158,25.01818935
111,3,19,7,55,2,05中正區,中正區汀州路3段8號,0,0,1,2,C03,8,1,5,50,11,9,1,2,4,5,7,4,4,1,4,5,1,17,1,39,2,9,1,1,7,15,1,10,1,14,,44,30,1,22,9,121.5274158,25.01818935
111,3,19,8,25,2,01大同區,大同區承德路2段與民權西路口,0,0,2,1,B01,7,1,5,50,4,2,1,5,4,5,7,2,1,1,4,5,2,17,1,68,3,10,3,4,7,8,1,4,2,3,,7,7,1,22,9,121.5180245,25.06282992
111,3,19,8,25,2,01大同區,大同區承德路2段與民權西路口,0,0,2,2,C03,7,1,5,50,4,2,1,5,4,5,7,2,1,1,4,5,2,17,1,27,2,7,1,4,7,9,1,10,2,11,,44,7,1,22,9,121.5180245,25.06282992
111,3,19,8,25,2,01大同區,大同區承德路2段與民權西路口,0,0,2,3,H02,7,1,5,50,4,2,1,5,4,5,7,2,1,1,4,5,2,17,2,26,2,7,1,5,7,20,8,20,10,16,,67,7,1,22,9,121.5180245,25.06282992
111,3,19,8,30,2,08士林區,士林區士商路108號,0,0,2,2,C03,8,1,5,50,14,9,1,5,4,3,5,4,4,4,5,5,2,12,1,58,2,9,1,4,7,9,1,10,1,14,,44,9,1,22,9,121.5190706,25.09199786
111,3,19,8,30,2,08士林區,士林區士商路108號,0,0,2,1,C03,8,1,5,50,14,9,1,5,4,3,5,4,4,4,5,5,2,12,1,24,2,9,1,4,7,6,1,10,1,12,,9,9,1,22,9,121.5190706,25.09199786
111,3,19,8,59,2,10文山區,文山區新光路2段32號對面,0,0,1,1,B03,8,1,5,50,14,7,1,5,4,5,7,4,4,1,4,4,2,17,1,66,3,10,1,1,7,8,1,8,2,6,,7,7,1,22,9,121.5791965,24.99827242
111,3,19,8,59,2,10文山區,文山區新光路2段32號對面,0,0,1,2,C03,8,1,5,50,14,7,1,5,4,5,7,4,4,1,4,4,2,17,2,23,2,9,1,1,7,9,1,10,2,11,,44,7,1,22,9,121.5791965,24.99827242
111,3,19,9,10,2,08士林區,士林區華齡街4號,0,0,1,1,B03,8,1,5,50,14,9,1,5,4,5,7,4,4,5,5,5,2,9,1,83,3,10,1,1,7,9,1,8,1,2,,23,23,1,22,9,121.5195261,25.08266304
111,3,19,9,10,2,08士林區,士林區華齡街4號,0,0,1,2,H01,8,1,5,50,14,9,1,5,4,5,7,4,4,5,5,5,2,9,2,80,2,9,1,1,8,20,8,20,10,16,,51,23,1,22,9,121.5195261,25.08266304
111,3,19,9,12,2,07信義區,信義區吳興街200號,0,0,1,1,F02,8,1,5,30,14,9,1,5,4,5,7,4,4,8,3,5,2,2,2,74,3,10,1,1,7,15,8,20,9,16,,23,23,1,22,9,121.5626699,25.0280933
111,3,19,9,12,2,07信義區,信義區吳興街200號,0,0,1,2,H01,8,1,5,30,14,9,1,5,4,5,7,4,4,8,3,5,2,2,2,61,2,9,4,5,8,16,8,20,10,16,,67,23,1,22,9,121.5626699,25.0280933
111,3,19,9,18,2,12內湖區,內湖區文德路22巷與文德路22巷44弄口,0,0,2,1,C03,8,1,5,30,4,1,1,5,4,5,7,3,1,10,5,5,2,16,1,75,2,9,1,1,7,9,1,10,1,15,,6,6,1,22,9,121.5785601,25.07786226
111,3,19,9,18,2,12內湖區,內湖區文德路22巷與文德路22巷44弄口,0,0,2,2,C03,8,1,5,30,4,1,1,5,4,5,7,3,1,10,5,5,2,16,1,20,2,9,1,1,7,9,1,10,1,12,,44,6,1,22,9,121.5785601,25.07786226
111,3,19,9,23,2,06松山區,松山區民權東路3段與復興北路口,0,0,2,1,C03,8,1,5,50,5,1,1,5,4,5,7,1,1,1,4,5,2,16,2,33,2,9,1,1,7,6,1,10,1,12,,9,9,1,22,9,121.5446463,25.06221417
111,3,19,9,23,2,06松山區,松山區民權東路3段與復興北路口,0,0,2,2,C04,8,1,5,50,5,1,1,5,4,5,7,1,1,1,4,5,2,16,1,31,2,9,1,1,7,9,1,8,1,11,,14,9,1,22,9,121.5446463,25.06221417
111,3,19,9,30,2,08士林區,士林區至善路3段與至善路3段口雙溪產業道路、101號燈桿,0,0,1,1,B03,8,1,7,30,11,9,1,5,4,5,1,4,4,10,5,5,2,17,2,61,3,10,3,4,7,9,1,8,1,4,,5,5,1,22,9,121.5825548,25.11744426
111,3,19,9,30,2,08士林區,士林區至善路3段與至善路3段口雙溪產業道路、101號燈桿,0,0,1,2,F01,8,1,7,30,11,9,1,5,4,5,1,4,4,10,5,5,2,17,1,51,2,9,1,1,7,9,8,20,1,16,,23,5,1,22,9,121.5825548,25.11744426
111,3,19,9,46,2,10文山區,文山區羅斯福路5段與萬盛街口口,0,0,1,1,C03,8,1,5,50,4,2,1,5,4,5,7,2,1,1,4,5,2,17,1,26,2,9,1,1,7,9,1,10,1,15,,42,42,1,22,9,121.5382957,25.00805056