發生年度,發生月,發生日,發生時-Hours,發生分,處理別-編號,區序,肇事地點,死亡人數,2-30日死亡人數,受傷人數,當事人序號,車種,天候,光線,道路類別,速限-速度限制,道路型態,事故位置,路面狀況1,路面狀況2,路面狀況3,道路障礙1,道路障礙2,號誌1,號誌2,車道劃分-分向,車道劃分-分道1,車道劃分-分道2,車道劃分-分道3,事故類型及型態,性別,年齡,受傷程度,主要傷處,安全帽,行動電話,車輛用途,當事者行動狀態,駕駛資格情形,駕駛執照種類,飲酒情形,車輛撞擊部位1,車輛撞擊部位2,肇因碼-個別,肇因碼-主要,個人肇逃否,職業,旅次目的,座標-X,座標-Y
111,3,19,9,46,2,10文山區,文山區羅斯福路5段與萬盛街口口,0,0,1,2,B01,8,1,5,50,4,2,1,5,4,5,7,2,1,1,4,5,2,17,1,67,3,10,1,1,7,9,1,8,1,15,,44,42,1,22,9,121.5382957,25.00805056
111,3,19,9,47,2,01大同區,大同區延平北路2段與延平北路2段247巷口,0,0,2,1,C03,7,1,5,50,4,1,1,5,4,5,7,2,1,5,4,5,2,16,1,61,2,9,1,4,7,5,1,9,2,12,,6,6,1,22,9,121.5112608,25.06221992
111,3,19,9,47,2,01大同區,大同區延平北路2段與延平北路2段247巷口,0,0,2,2,C03,7,1,5,50,4,1,1,5,4,5,7,2,1,5,4,5,2,16,2,33,2,9,1,4,7,9,1,10,2,11,,44,6,1,22,9,121.5112608,25.06221992
111,3,19,9,48,2,03中山區,中山區民族東路63號,0,0,3,1,C03,8,1,5,50,14,9,1,5,4,5,7,4,4,1,4,4,2,16,1,63,2,9,1,1,7,8,1,10,1,12,,7,7,1,22,9,121.5353509,25.06828248
111,3,19,9,48,2,03中山區,中山區民族東路63號,0,0,3,2,C03,8,1,5,50,14,9,1,5,4,5,7,4,4,1,4,4,2,16,1,62,2,9,1,1,7,9,1,10,1,14,,44,7,1,22,9,121.5353509,25.06828248
111,3,19,9,48,2,03中山區,中山區民族東路63號,0,0,3,3,H02,8,1,5,50,14,9,1,5,4,5,7,4,4,1,4,4,2,16,2,18,2,9,4,5,7,20,8,20,10,16,,67,7,1,22,9,121.5353509,25.06828248
111,3,19,10,0,2,12內湖區,內湖區成功路3段與陽光街口,0,0,1,1,C03,8,1,5,50,4,1,1,5,4,5,7,2,1,5,5,5,2,12,2,64,2,8,1,1,7,5,1,10,1,14,,6,6,1,22,9,121.5898015,25.07739482
111,3,19,10,0,2,12內湖區,內湖區成功路3段與陽光街口,0,0,1,2,B03,8,1,5,50,4,1,1,5,4,5,7,2,1,5,5,5,2,12,1,54,3,10,1,1,7,5,1,8,1,2,,6,6,1,22,9,121.5898015,25.07739482
111,3,19,10,15,2,09北投區,北投區稻香路與中央北路2段口,0,0,1,1,C03,8,1,5,50,5,1,1,5,4,5,7,2,1,5,4,5,1,13,2,51,2,9,1,1,7,9,1,10,1,11,,43,43,1,22,9,121.4913987,25.13854916
111,3,19,10,15,2,09北投區,北投區稻香路與中央北路2段口,0,0,1,2,B03,8,1,5,50,5,1,1,5,4,5,7,2,1,5,4,5,1,13,1,49,3,10,1,1,7,9,1,8,1,6,,43,43,1,22,9,121.4913987,25.13854916
111,3,19,10,30,2,11南港區,南港區經貿二路與三重路口,0,0,1,1,B03,8,1,5,50,5,1,1,5,4,5,7,2,1,1,4,5,2,12,1,43,3,10,1,1,7,8,1,8,2,2,,43,43,1,22,9,121.6144923,25.06062834
111,3,19,10,30,2,11南港區,南港區經貿二路與三重路口,0,0,1,2,C03,8,1,5,50,5,1,1,5,4,5,7,2,1,1,4,5,2,12,2,57,2,9,1,1,7,9,1,10,1,14,,43,43,1,22,9,121.6144923,25.06062834
111,3,19,10,39,2,01大同區,大同區大龍街192號,0,0,3,1,C03,8,1,5,0,14,9,1,5,4,5,7,1,1,8,4,5,1,12,2,47,2,9,1,1,7,1,1,10,2,11,,19,19,1,22,9,121.5158951,25.06895383
111,3,19,10,39,2,01大同區,大同區大龍街192號,0,0,3,2,C02,8,1,5,0,14,9,1,5,4,5,7,1,1,8,4,5,1,12,1,57,2,9,1,1,7,9,1,9,2,12,,23,19,1,22,9,121.5158951,25.06895383
111,3,19,10,39,2,01大同區,大同區大龍街192號,0,0,3,3,H02,8,1,5,0,14,9,1,5,4,5,7,1,1,8,4,5,1,12,2,19,2,9,1,1,7,20,8,20,10,15,,67,19,1,22,9,121.5158951,25.06895383
111,3,19,10,42,2,06松山區,松山區民生東路5段27巷與民生東路5段69巷3弄口,0,0,1,1,B03,8,1,5,30,3,1,1,5,4,5,7,4,4,9,4,5,2,16,1,57,3,10,1,1,7,5,1,4,1,5,,6,6,1,22,9,121.556674,25.05923709
111,3,19,10,42,2,06松山區,松山區民生東路5段27巷與民生東路5段69巷3弄口,0,0,1,2,C03,8,1,5,30,3,1,1,5,4,5,7,4,4,9,4,5,2,16,1,62,2,1,1,1,7,9,1,10,1,12,,44,6,1,22,9,121.556674,25.05923709
111,3,19,11,19,2,09北投區,北投區文林北路與文林北路5巷口,0,0,1,1,C03,8,1,5,40,3,1,1,5,4,5,7,4,4,1,4,5,1,12,1,20,2,8,1,1,7,9,1,8,1,14,,14,14,1,22,9,121.5152652,25.1070601
111,3,19,11,19,2,09北投區,北投區文林北路與文林北路5巷口,0,0,1,2,B03,8,1,5,40,3,1,1,5,4,5,7,4,4,1,4,5,1,12,2,41,3,10,1,1,7,6,1,8,1,5,,6,14,1,22,9,121.5152652,25.1070601
111,3,19,11,27,2,12內湖區,內湖區瑞湖街西往東內湖0550路燈桿,0,0,2,1,H01,8,1,5,50,14,9,1,5,4,5,7,4,4,5,4,5,2,3,1,46,2,9,4,5,8,16,8,20,10,16,,53,53,1,22,9,121.576426,25.07049714
111,3,19,11,27,2,12內湖區,內湖區瑞湖街西往東內湖0550路燈桿,0,0,2,2,C03,8,1,5,50,14,9,1,5,4,5,7,4,4,5,4,5,2,3,1,44,2,9,1,1,7,9,1,10,1,11,,23,53,1,22,9,121.576426,25.07049714
111,3,19,11,27,2,11南港區,南港區興中路與興中路28巷口,0,0,1,1,B03,8,1,5,50,3,2,1,5,4,5,7,4,4,5,4,5,2,16,1,42,3,10,1,1,7,5,1,8,2,1,,6,6,1,22,9,121.6072274,25.05558449
111,3,19,11,27,2,11南港區,南港區興中路與興中路28巷口,0,0,1,2,C03,8,1,5,50,3,2,1,5,4,5,7,4,4,5,4,5,2,16,2,27,2,9,1,1,7,9,1,10,2,14,,13,6,1,22,9,121.6072274,25.05558449
111,3,19,11,32,2,02萬華區,萬華區西園路2段與東園街口,0,0,2,1,C03,8,1,5,50,3,1,1,5,4,5,7,2,1,2,4,5,2,17,1,18,2,9,1,1,7,9,1,10,1,11,,25,25,1,22,9,121.4951955,25.02817334
111,3,19,11,32,2,02萬華區,萬華區西園路2段與東園街口,0,0,2,2,C03,8,1,5,50,3,1,1,5,4,5,7,2,1,2,4,5,2,17,1,24,2,9,1,1,7,1,1,10,1,14,,44,25,1,22,9,121.4951955,25.02817334
111,3,19,11,48,2,04大安區,大安區和平東路2段與新生南路2段口旁人行道,0,0,2,2,H01,8,1,5,0,15,20,4,5,4,5,7,4,4,10,5,5,2,9,1,81,2,1,3,4,8,16,8,20,10,16,,67,15,1,22,9,121.5345918,25.02641497
111,3,19,11,48,2,04大安區,大安區和平東路2段與新生南路2段口旁人行道,0,0,2,1,F01,8,1,5,0,15,20,4,5,4,5,7,4,4,10,5,5,2,9,2,18,2,1,3,4,7,15,8,20,1,15,,15,15,1,22,9,121.5345918,25.02641497
111,3,19,12,35,2,08士林區,士林區福華路與福國路口,0,0,2,1,B03,8,1,5,50,4,2,1,5,4,5,7,2,1,9,4,5,1,16,1,23,3,10,3,4,7,5,1,8,9,4,,44,44,1,22,9,121.522468,25.1018003
111,3,19,12,35,2,08士林區,士林區福華路與福國路口,0,0,2,3,H02,8,1,5,50,4,2,1,5,4,5,7,2,1,9,4,5,1,16,2,20,2,9,3,5,7,21,8,20,10,15,,67,44,1,22,9,121.522468,25.1018003
111,3,19,12,35,2,08士林區,士林區福華路與福國路口,0,0,2,2,C03,8,1,5,50,4,2,1,5,4,5,7,2,1,9,4,5,1,16,2,21,2,9,3,4,7,5,1,10,9,11,,8,44,1,22,9,121.522468,25.1018003
111,3,19,12,45,2,11南港區,南港區大坑街與舊莊街1段3巷口,0,0,2,1,B03,8,1,5,50,4,2,1,5,4,5,7,1,1,5,4,5,2,16,1,40,2,1,1,1,7,1,6,18,2,8,,19,19,1,22,9,121.619115,25.04313973
111,3,19,12,45,2,11南港區,南港區大坑街與舊莊街1段3巷口,0,0,2,2,C03,8,1,5,50,4,2,1,5,4,5,7,1,1,5,4,5,2,16,1,25,2,9,1,1,7,9,1,10,2,12,,44,19,1,22,9,121.619115,25.04313973
111,3,19,12,48,2,11南港區,南港區重陽路與重陽路39巷口,0,0,1,1,B01,8,1,5,50,4,1,1,5,4,5,7,2,1,5,4,4,2,16,1,36,3,10,1,1,7,5,1,4,1,2,,6,6,1,22,9,121.595939,25.05526239
111,3,19,12,48,2,11南港區,南港區重陽路與重陽路39巷口,0,0,1,2,C03,8,1,5,50,4,1,1,5,4,5,7,2,1,5,4,4,2,16,2,39,2,8,1,1,7,9,1,10,1,11,,44,6,1,22,9,121.595939,25.05526239
111,3,19,12,55,2,10文山區,文山區指南路2段與萬壽路口,0,0,1,1,C03,8,1,5,50,4,2,1,5,4,5,7,2,1,5,5,5,2,9,1,80,4,11,3,4,7,15,7,19,11,11,,25,25,2,22,9,121.5762778,24.98754747
111,3,19,12,55,2,10文山區,文山區指南路2段與萬壽路口,0,0,1,2,H01,8,1,5,50,4,2,1,5,4,5,7,2,1,5,5,5,2,9,1,21,2,9,4,5,8,16,8,20,10,16,,67,25,1,22,9,121.5762778,24.98754747
111,3,19,13,10,2,12內湖區,內湖區內湖路1段與內湖路1段285巷口,0,0,1,1,B03,8,1,5,50,3,1,1,5,4,5,7,2,1,1,4,4,2,16,2,38,3,10,1,1,7,5,1,10,1,5,,6,6,1,22,9,121.5669098,25.0822491
111,3,19,13,10,2,12內湖區,內湖區內湖路1段與內湖路1段285巷口,0,0,1,2,C03,8,1,5,50,3,1,1,5,4,5,7,2,1,1,4,4,2,16,2,33,2,8,1,1,7,9,1,10,1,11,,13,6,1,22,9,121.5669098,25.0822491
111,3,19,13,23,2,04大安區,大安區和平東路1段73號,0,0,1,1,B03,8,1,5,50,14,9,1,5,4,5,7,4,4,1,4,5,2,12,1,23,3,10,3,4,7,8,1,8,1,2,,7,7,1,22,9,121.5250519,25.02699969
111,3,19,13,23,2,04大安區,大安區和平東路1段73號,0,0,1,2,C03,8,1,5,50,14,9,1,5,4,5,7,4,4,1,4,5,2,12,1,31,2,7,3,4,7,9,1,10,1,14,,44,7,1,22,9,121.5250519,25.02699969
111,3,19,13,27,2,04大安區,大安區基隆路4段43號,0,0,2,1,C03,8,1,8,0,15,20,4,5,4,5,7,4,4,10,5,5,1,9,1,22,2,9,1,1,7,1,1,10,1,11,,19,19,1,22,9,121.5429738,25.01523736
111,3,19,13,27,2,04大安區,大安區基隆路4段43號,0,0,2,2,H01,8,1,8,0,15,20,4,5,4,5,7,4,4,10,5,5,1,9,2,51,2,9,4,1,8,16,8,20,1,16,,67,19,1,22,9,121.5429738,25.01523736
111,3,19,14,10,2,11南港區,南港區南港路1段與南港路1段2巷口口,0,0,2,1,B03,8,1,5,50,3,1,1,5,4,5,7,4,4,1,4,5,2,16,1,35,3,10,1,1,7,6,1,8,2,5,,9,9,1,22,9,121.620198,25.05485248
111,3,19,14,10,2,11南港區,南港區南港路1段與南港路1段2巷口口,0,0,2,2,C03,8,1,5,50,3,1,1,5,4,5,7,4,4,1,4,5,2,16,1,31,2,8,1,1,7,9,1,10,2,14,,44,9,1,22,9,121.620198,25.05485248
111,3,19,14,10,2,11南港區,南港區南港路1段與南港路1段2巷口口,0,0,2,3,H02,8,1,5,50,3,1,1,5,4,5,7,4,4,1,4,5,2,16,2,26,2,8,4,5,7,20,8,20,10,16,,67,9,1,22,9,121.620198,25.05485248
111,3,19,14,33,2,10文山區,文山區興隆路3段與興隆路3段185巷口口,0,0,1,1,B03,8,1,5,50,3,1,1,5,4,5,7,3,1,9,4,5,2,16,1,44,3,10,1,1,7,5,1,8,1,4,,6,6,1,22,9,121.560007,24.99595951
111,3,19,14,33,2,10文山區,文山區興隆路3段與興隆路3段185巷口口,0,0,1,2,C03,8,1,5,50,3,1,1,5,4,5,7,3,1,9,4,5,2,16,1,18,2,7,1,1,7,9,1,10,1,11,,44,6,1,22,9,121.560007,24.99595951
111,3,19,14,47,2,09北投區,北投區泉源路32號,0,0,1,1,B03,8,1,5,30,11,9,1,5,4,5,7,4,4,9,4,5,2,17,1,21,2,9,3,4,7,9,3,18,9,1,,23,23,1,22,9,121.5065484,25.14001727
111,3,19,14,47,2,09北投區,北投區泉源路32號,0,0,1,2,B03,8,1,5,30,11,9,1,5,4,5,7,4,4,9,4,5,2,17,1,37,3,10,3,4,7,14,1,8,2,7,,38,23,1,22,9,121.5065484,25.14001727
111,3,19,14,52,2,04大安區,大安區基隆路3段與辛亥路3段口,0,0,1,1,B02,8,1,5,50,4,1,1,5,4,5,7,2,1,1,4,5,2,16,2,58,3,10,3,4,7,6,1,8,1,2,,9,9,1,22,9,121.5468263,25.01943338
111,3,19,14,52,2,04大安區,大安區基隆路3段與辛亥路3段口,0,0,1,2,C04,8,1,5,50,4,1,1,5,4,5,7,2,1,1,4,5,2,16,2,37,2,9,3,4,7,9,1,10,1,11,,44,9,1,22,9,121.5468263,25.01943338
111,3,19,15,4,2,01大同區,大同區通河西街1段2號,0,0,2,1,C03,8,1,5,30,3,1,1,5,4,5,7,4,4,10,5,5,2,17,1,57,2,9,1,1,7,5,1,10,1,14,,8,8,1,22,9,121.5157627,25.07881656
111,3,19,15,4,2,01大同區,大同區通河西街1段2號,0,0,2,2,C03,8,1,5,30,3,1,1,5,4,5,7,4,4,10,5,5,2,17,2,62,2,9,1,1,7,9,1,10,1,11,,14,8,1,22,9,121.5157627,25.07881656
111,3,19,15,38,2,12內湖區,內湖區大湖街190-1號,0,0,1,3,B03,8,1,5,30,11,9,1,5,4,5,7,4,4,10,5,5,2,13,2,53,3,10,1,1,7,5,1,8,9,15,,5,16,1,22,9,121.6055297,25.09396245
111,3,19,15,38,2,12內湖區,內湖區大湖街190-1號,0,0,1,1,F01,8,1,5,30,11,9,1,5,4,5,7,4,4,10,5,5,2,13,2,43,2,9,1,1,7,9,8,20,1,16,,16,16,1,22,9,121.6055297,25.09396245
111,3,19,15,38,2,12內湖區,內湖區大湖街190-1號,0,0,1,2,B03,8,1,5,30,11,9,1,5,4,5,7,4,4,10,5,5,2,13,1,69,3,10,1,1,7,9,1,8,1,3,,44,16,1,22,9,121.6055297,25.09396245
111,3,19,15,40,2,09北投區,北投區大業路2號,0,0,1,1,B03,8,1,5,50,14,13,1,5,4,5,7,4,4,3,4,2,2,16,2,28,3,10,1,1,7,6,1,8,1,2,,9,9,1,22,9,121.4998263,25.12122811
111,3,19,15,40,2,09北投區,北投區大業路2號,0,0,1,2,C03,8,1,5,50,14,13,1,5,4,5,7,4,4,3,4,2,2,16,2,66,2,9,1,1,7,9,1,10,1,11,,44,9,1,22,9,121.4998263,25.12122811
111,3,19,16,2,2,07信義區,信義區松信路與松隆路口口,0,0,1,1,C03,8,1,5,50,4,1,1,5,4,5,7,2,1,9,4,4,1,16,2,63,2,9,3,4,7,5,1,10,1,14,,42,42,1,22,9,121.5721251,25.04702968
111,3,19,16,2,2,07信義區,信義區松信路與松隆路口口,0,0,1,2,B03,8,1,5,50,4,1,1,5,4,5,7,2,1,9,4,4,1,16,1,36,3,10,3,4,7,9,1,8,1,5,,44,42,1,22,9,121.5721251,25.04702968
111,3,19,16,6,2,09北投區,北投區大度路2段與無名巷口,0,0,1,1,B03,8,1,5,70,3,1,1,5,4,5,7,1,1,1,4,4,1,12,2,74,3,10,1,1,7,6,1,8,1,2,,9,9,1,22,9,121.4725139,25.12259129
111,3,19,16,6,2,09北投區,北投區大度路2段與無名巷口,0,0,1,2,C03,8,1,5,70,3,1,1,5,4,5,7,1,1,1,4,4,1,12,2,22,2,9,1,1,7,9,1,10,1,14,,44,9,1,22,9,121.4725139,25.12259129
111,3,19,16,15,2,07信義區,信義區信安街67巷與吳興街156巷65弄口,0,0,2,1,C03,8,1,5,50,3,1,1,5,4,5,7,4,4,5,5,4,2,11,1,23,2,9,3,4,7,5,1,10,1,12,,6,6,1,22,9,121.5591228,25.0259587
111,3,19,16,15,2,07信義區,信義區信安街67巷與吳興街156巷65弄口,0,0,2,2,C03,8,1,5,50,3,1,1,5,4,5,7,4,4,5,5,4,2,11,1,25,2,9,3,4,7,9,1,10,1,11,,13,6,1,22,9,121.5591228,25.0259587
111,3,19,16,25,2,12內湖區,內湖區港墘路171號,0,0,1,1,C03,8,1,5,50,14,9,1,5,4,5,7,4,4,1,4,5,2,12,1,45,3,10,1,1,7,9,1,10,1,13,,17,17,1,22,9,121.575232,25.07674447
111,3,19,16,25,2,12內湖區,內湖區港墘路171號,0,0,1,2,C03,8,1,5,50,14,9,1,5,4,5,7,4,4,1,4,5,2,12,1,24,2,8,1,1,7,9,1,10,1,12,,17,17,1,22,9,121.575232,25.07674447
111,3,19,16,32,2,10文山區,文山區興隆路2段與興隆路2段154巷口,0,0,1,1,B03,8,1,5,50,4,2,1,5,4,4,7,1,1,1,4,5,2,16,1,40,3,10,1,1,7,11,1,8,1,8,,10,10,1,22,9,121.5509192,25.00154653
111,3,19,16,32,2,10文山區,文山區興隆路2段與興隆路2段154巷口,0,0,1,2,C03,8,1,5,50,4,2,1,5,4,4,7,1,1,1,4,5,2,16,1,19,2,8,1,1,7,9,1,10,1,12,,44,10,1,22,9,121.5509192,25.00154653
111,3,19,16,35,2,02萬華區,萬華區西園路1段與廣州街口,0,0,2,1,C03,8,1,5,50,4,2,1,5,4,5,7,2,1,3,4,5,1,17,2,33,2,9,3,4,7,5,1,10,2,12,,6,6,1,22,9,121.4993985,25.03673269
111,3,19,16,35,2,02萬華區,萬華區西園路1段與廣州街口,0,0,2,2,C03,8,1,5,50,4,2,1,5,4,5,7,2,1,3,4,5,1,17,1,27,2,9,3,4,7,9,1,10,2,11,,44,6,1,22,9,121.4993985,25.03673269
111,3,19,16,59,2,04大安區,大安區青田街7巷與和平東路1段183巷口,0,0,1,1,B01,8,1,5,30,4,1,1,5,4,5,7,4,4,10,5,5,2,15,1,55,3,10,3,4,7,9,1,8,1,5,,6,6,1,22,9,121.5330249,25.02808553
111,3,19,16,59,2,04大安區,大安區青田街7巷與和平東路1段183巷口,0,0,1,2,C03,8,1,5,30,4,1,1,5,4,5,7,4,4,10,5,5,2,15,2,21,2,8,1,4,7,9,1,10,1,11,,23,6,1,22,9,121.5330249,25.02808553
111,3,19,17,30,2,12內湖區,內湖區康寧路3段245巷42號附近側附近,0,0,1,1,B03,8,1,5,50,3,1,1,5,4,5,7,4,4,9,5,5,2,9,1,50,3,10,1,1,7,2,1,8,2,15,,12,12,1,22,9,121.6128118,25.06669041
111,3,19,17,30,2,12內湖區,內湖區康寧路3段245巷42號附近側附近,0,0,1,2,H01,8,1,5,50,3,1,1,5,4,5,7,4,4,9,5,5,2,9,2,79,2,8,4,5,8,21,8,20,10,16,,67,12,1,22,9,121.6128118,25.06669041
111,3,19,18,0,2,10文山區,文山區羅斯福路4段與基隆路4段口,0,0,1,1,C03,8,2,5,50,4,1,1,5,4,5,7,2,1,1,4,5,2,16,1,21,2,9,1,1,7,5,1,10,2,14,,8,8,1,22,9,121.5363375,25.01120469
111,3,19,18,0,2,10文山區,文山區羅斯福路4段與基隆路4段口,0,0,1,2,B12,8,2,5,50,4,1,1,5,4,5,7,2,1,1,4,5,2,16,1,59,3,10,1,1,7,9,1,8,2,5,,44,8,1,22,9,121.5363375,25.01120469
111,3,19,18,5,2,12內湖區,內湖區東湖路106巷7弄與東湖路58巷口,0,0,1,1,B03,8,1,5,30,4,1,1,5,4,5,7,4,4,10,5,5,2,14,1,72,3,10,1,1,7,2,1,8,2,7,,12,12,1,22,9,121.6139076,25.0681021
111,3,19,18,5,2,12內湖區,內湖區東湖路106巷7弄與東湖路58巷口,0,0,1,2,C03,8,1,5,30,4,1,1,5,4,5,7,4,4,10,5,5,2,14,2,27,2,9,1,1,7,14,1,10,2,11,,44,12,1,22,9,121.6139076,25.0681021
111,3,19,18,38,2,12內湖區,內湖區康樂街61巷與康樂街85巷口,0,0,2,1,C03,8,3,5,30,4,1,1,5,4,5,7,4,4,10,5,5,2,15,1,45,2,9,1,1,7,9,1,10,2,12,,6,6,1,22,9,121.6194883,25.06956228
111,3,19,18,38,2,12內湖區,內湖區康樂街61巷與康樂街85巷口,0,0,2,2,C03,8,3,5,30,4,1,1,5,4,5,7,4,4,10,5,5,2,15,1,32,2,9,1,1,7,9,1,10,2,11,,23,6,1,22,9,121.6194883,25.06956228
111,3,19,18,50,2,06松山區,松山區民生東路4段117號旁,0,0,2,1,B03,8,3,5,50,14,9,1,5,4,5,7,4,4,1,3,5,2,17,1,52,3,10,1,1,7,9,1,8,7,5,,23,23,1,22,9,121.553298,25.05814274
111,3,19,18,50,2,06松山區,松山區民生東路4段117號旁,0,0,2,2,C03,8,3,5,50,14,9,1,5,4,5,7,4,4,1,3,5,2,17,1,26,2,9,1,1,7,13,1,10,2,13,,44,23,1,22,9,121.553298,25.05814274
111,3,19,18,50,2,06松山區,松山區民生東路4段117號旁,0,0,2,3,H02,8,3,5,50,14,9,1,5,4,5,7,4,4,1,3,5,2,17,2,26,2,9,1,5,7,17,8,20,10,16,,67,23,1,22,9,121.553298,25.05814274
111,3,19,19,30,2,07信義區,信義區東興路與市民大道5段口,0,0,1,1,A02,8,3,5,50,14,9,1,5,4,5,7,1,1,5,4,5,2,9,1,43,3,10,1,1,7,9,1,2,1,15,,43,43,1,22,9,121.5659406,25.04815743
111,3,19,19,30,2,07信義區,信義區東興路與市民大道5段口,0,0,1,2,H02,8,3,5,50,14,9,1,5,4,5,7,1,1,5,4,5,2,9,2,53,2,7,4,5,7,17,8,20,10,16,,67,43,1,22,9,121.5659406,25.04815743
111,3,19,19,30,2,07信義區,信義區東興路與市民大道5段口,0,0,1,3,F01,8,3,5,50,14,9,1,5,4,5,7,1,1,5,4,5,2,9,4,,4,11,3,4,7,15,7,19,11,15,,43,43,2,22,9,121.5659406,25.04815743
111,3,19,19,36,2,03中山區,中山區建國北路1段9號,0,0,1,1,B01,7,3,5,50,15,9,1,5,4,5,7,4,4,10,4,5,2,12,1,47,3,10,3,4,7,1,1,3,1,4,,19,19,1,22,9,121.536927,25.04665765
111,3,19,19,36,2,03中山區,中山區建國北路1段9號,0,0,1,2,C03,7,3,5,50,15,9,1,5,4,5,7,4,4,10,4,5,2,12,2,30,2,8,1,4,7,9,1,10,1,12,,44,19,1,22,9,121.536927,25.04665765
111,3,19,19,39,2,04大安區,大安區和平東路3段228巷與和平東路3段口,0,0,1,1,B03,8,3,5,50,4,1,1,5,4,5,7,1,1,1,3,5,2,3,2,62,3,10,1,1,7,5,1,8,1,8,,15,15,1,22,9,121.5547638,25.02221746
111,3,19,19,39,2,04大安區,大安區和平東路3段228巷與和平東路3段口,0,0,1,2,H01,8,3,5,50,4,1,1,5,4,5,7,1,1,1,3,5,2,3,1,52,2,9,4,5,8,16,8,20,10,16,,67,15,1,22,9,121.5547638,25.02221746
111,3,19,20,40,2,05中正區,中正區重慶南路3段182號前,0,0,1,2,C03,7,3,5,30,11,9,1,5,4,1,7,4,4,2,4,5,2,12,1,42,2,8,1,1,7,9,1,10,1,14,,44,23,1,22,9,121.5167014,25.02239061
111,3,19,20,40,2,05中正區,中正區重慶南路3段182號前,0,0,1,1,B03,7,3,5,30,11,9,1,5,4,1,7,4,4,2,4,5,2,12,1,50,3,10,1,1,7,4,1,8,1,2,,23,23,1,22,9,121.5167014,25.02239061
111,3,19,21,30,2,03中山區,中山區合江街與合江街58巷口,0,0,1,1,B03,8,3,5,50,4,1,1,5,4,5,7,4,4,9,5,5,2,16,1,34,3,10,1,1,7,5,1,8,1,8,,8,8,1,22,9,121.5391095,25.05576131
111,3,19,21,30,2,03中山區,中山區合江街與合江街58巷口,0,0,1,2,C03,8,3,5,50,4,1,1,5,4,5,7,4,4,9,5,5,2,16,1,29,2,8,1,1,7,9,1,10,1,12,,23,8,1,22,9,121.5391095,25.05576131
111,3,19,21,40,2,12內湖區,內湖區大湖山莊街與大湖山莊街219巷口,0,0,1,1,B03,8,3,5,30,4,1,1,5,4,5,7,2,1,9,4,5,2,15,1,61,3,10,3,4,7,9,1,8,2,1,,6,6,1,22,9,121.5993565,25.08809029
111,3,19,21,40,2,12內湖區,內湖區大湖山莊街與大湖山莊街219巷口,0,0,1,2,C03,8,3,5,30,4,1,1,5,4,5,7,2,1,9,4,5,2,15,1,23,2,8,1,1,7,9,1,10,2,14,,44,6,1,22,9,121.5993565,25.08809029
111,3,19,22,25,2,09北投區,北投區大度路2段近立德路口,0,0,4,1,C03,8,3,5,50,14,12,1,5,4,5,7,4,4,1,4,5,1,17,1,19,2,9,1,1,7,9,1,10,2,11,,23,23,1,22,9,121.474587,25.12283266
111,3,19,22,25,2,09北投區,北投區大度路2段近立德路口,0,0,4,2,C03,8,3,5,50,14,12,1,5,4,5,7,4,4,1,4,5,1,17,1,22,2,9,1,1,7,15,1,10,2,13,,44,23,1,22,9,121.474587,25.12283266
111,3,19,22,25,2,09北投區,北投區大度路2段近立德路口,0,0,4,3,C03,8,3,5,50,14,12,1,5,4,5,7,4,4,1,4,5,1,17,1,29,3,10,1,1,7,14,3,18,2,13,,44,23,1,22,9,121.474587,25.12283266
111,3,19,22,25,2,09北投區,北投區大度路2段近立德路口,0,0,4,4,H02,8,3,5,50,14,12,1,5,4,5,7,4,4,1,4,5,1,17,2,19,2,9,1,5,7,20,8,20,10,16,,67,23,1,22,9,121.474587,25.12283266
111,3,19,22,25,2,09北投區,北投區大度路2段近立德路口,0,0,4,5,H02,8,3,5,50,14,12,1,5,4,5,7,4,4,1,4,5,1,17,2,20,2,9,1,5,7,20,8,20,10,16,,67,23,1,22,9,121.474587,25.12283266
111,3,19,22,59,2,08士林區,士林區劍潭路與承德路4段口,0,0,1,1,B01,8,3,5,50,4,1,1,5,4,5,7,1,1,1,4,5,2,12,1,60,3,10,1,1,7,6,1,8,1,2,,9,9,1,22,9,121.5236552,25.08400108
111,3,19,22,59,2,08士林區,士林區劍潭路與承德路4段口,0,0,1,2,C03,8,3,5,50,4,1,1,5,4,5,7,1,1,1,4,5,2,12,1,25,2,9,1,1,7,9,1,10,1,11,,44,9,1,22,9,121.5236552,25.08400108
111,3,19,23,9,2,07信義區,信義區林口街66巷與福德街84巷口,0,0,1,2,C03,8,3,5,50,3,1,1,5,4,5,7,4,4,9,5,5,2,17,1,46,3,10,3,4,7,13,1,10,11,14,,44,23,1,22,9,121.580488,25.0391069
111,3,19,23,9,2,07信義區,信義區林口街66巷與福德街84巷口,0,0,1,1,C03,8,3,5,50,3,1,1,5,4,5,7,4,4,9,5,5,2,17,1,71,2,9,3,4,7,9,1,10,7,12,,23,23,1,22,9,121.580488,25.0391069
111,3,19,23,9,2,07信義區,信義區林口街66巷與福德街84巷口,0,0,1,3,C03,8,3,5,50,3,1,1,5,4,5,7,4,4,9,5,5,2,17,1,46,3,10,3,4,7,13,1,10,11,13,,44,23,1,22,9,121.580488,25.0391069
111,3,19,23,9,2,07信義區,信義區林口街66巷與福德街84巷口,0,0,1,4,C03,8,3,5,50,3,1,1,5,4,5,7,4,4,9,5,5,2,17,1,64,3,10,3,4,7,13,1,10,11,13,,44,23,1,22,9,121.580488,25.0391069