發生年度,發生月,發生日,發生時-Hours,發生分,處理別-編號,區序,肇事地點,死亡人數,2-30日死亡人數,受傷人數,當事人序號,車種,天候,光線,道路類別,速限-速度限制,道路型態,事故位置,路面狀況1,路面狀況2,路面狀況3,道路障礙1,道路障礙2,號誌1,號誌2,車道劃分-分向,車道劃分-分道1,車道劃分-分道2,車道劃分-分道3,事故類型及型態,性別,年齡,受傷程度,主要傷處,安全帽,行動電話,車輛用途,當事者行動狀態,駕駛資格情形,駕駛執照種類,飲酒情形,車輛撞擊部位1,車輛撞擊部位2,肇因碼-個別,肇因碼-主要,個人肇逃否,職業,旅次目的,座標-X,座標-Y
111,3,19,23,23,2,08士林區,士林區中山北路5段811巷30弄與中山北路5段829巷口,0,0,1,1,C04,8,3,5,30,4,2,1,5,4,5,7,4,4,10,5,5,1,29,1,68,2,7,1,1,7,5,6,10,7,12,,21,21,1,22,9,121.5238804,25.10132473
111,3,19,23,23,2,08士林區,士林區中山北路5段811巷30弄與中山北路5段829巷口,0,0,1,2,,8,3,5,30,4,2,1,5,4,5,7,4,4,10,5,5,1,29,3,,,,,,,,,,,,,67,21,1,,,121.5238804,25.10132473
111,3,19,23,25,2,05中正區,中正區延平南路與衡陽路口,0,0,3,1,C03,8,3,5,50,4,1,1,5,4,5,7,1,1,9,4,5,2,12,1,31,2,9,1,1,7,5,1,10,2,14,,8,8,1,22,9,121.5096188,25.0421327
111,3,19,23,25,2,05中正區,中正區延平南路與衡陽路口,0,0,3,2,C03,8,3,5,50,4,1,1,5,4,5,7,1,1,9,4,5,2,12,1,25,2,9,1,1,7,9,1,10,2,12,,44,8,1,22,9,121.5096188,25.0421327
111,3,19,23,25,2,05中正區,中正區延平南路與衡陽路口,0,0,3,3,H02,8,3,5,50,4,1,1,5,4,5,7,1,1,9,4,5,2,12,2,27,2,9,1,5,7,17,8,20,10,16,,67,8,1,22,9,121.5096188,25.0421327
111,3,19,23,40,2,10文山區,文山區辛亥路7段20巷6號前,0,0,1,1,C03,8,1,5,30,14,9,1,5,4,5,7,4,4,10,5,5,2,11,1,31,2,8,1,1,7,9,1,10,1,15,,44,44,1,22,9,121.5539785,24.98667353
111,3,19,23,40,2,10文山區,文山區辛亥路7段20巷6號前,0,0,1,2,B03,8,1,5,30,14,9,1,5,4,5,7,4,4,10,5,5,2,11,1,46,3,10,1,1,7,9,1,8,1,1,,26,44,1,22,9,121.5539785,24.98667353
111,3,19,23,55,2,08士林區,士林區仰德大道2段2巷與仰德大道2段口,0,0,2,1,C03,8,1,5,40,11,9,1,5,4,5,7,2,1,4,5,5,1,18,1,18,2,9,1,1,7,15,1,10,1,11,,13,42,1,22,9,121.5395853,25.10200554
111,3,19,23,55,2,08士林區,士林區仰德大道2段2巷與仰德大道2段口,0,0,2,3,H02,8,1,5,40,11,9,1,5,4,5,7,2,1,4,5,5,1,18,2,19,2,9,4,5,7,21,8,20,10,15,,67,42,1,22,9,121.5395853,25.10200554
111,3,19,23,55,2,08士林區,士林區仰德大道2段2巷與仰德大道2段口,0,0,2,2,,8,1,5,40,11,9,1,5,4,5,7,2,1,4,5,5,1,18,3,,,,,,,,,,,,,67,42,1,,,121.5395853,25.10200554
111,3,19,23,55,2,08士林區,士林區仰德大道2段2巷與仰德大道2段口,0,0,2,4,,8,1,5,40,11,9,1,5,4,5,7,2,1,4,5,5,1,18,3,,,,,,,,,,,,,67,42,1,,,121.5395853,25.10200554
111,3,20,0,27,2,06松山區,松山區市民大道4段133號,0,0,1,1,B03,8,3,5,40,14,9,1,5,4,5,7,4,4,1,4,5,2,12,1,28,3,10,3,4,7,8,1,8,2,6,,7,7,1,22,9,121.5503452,25.04490857
111,3,20,0,27,2,06松山區,松山區市民大道4段133號,0,0,1,2,C03,8,3,5,40,14,9,1,5,4,5,7,4,4,1,4,5,2,12,1,26,2,9,1,1,7,9,1,9,2,11,,13,7,1,22,9,121.5503452,25.04490857
111,3,20,0,50,2,03中山區,中山區復興北路與八德路2段口,0,0,2,1,C03,7,3,5,50,14,9,1,5,4,5,7,2,1,1,4,5,2,13,1,17,2,7,1,1,7,9,2,18,1,15,,13,13,1,22,9,121.5438724,25.04777638
111,3,20,0,50,2,03中山區,中山區復興北路與八德路2段口,0,0,2,2,B01,7,3,5,50,14,9,1,5,4,5,7,2,1,1,4,5,2,13,1,34,3,10,3,4,7,14,1,4,1,7,,44,13,1,22,9,121.5438724,25.04777638
111,3,20,0,50,2,03中山區,中山區復興北路與八德路2段口,0,0,2,3,H02,7,3,5,50,14,9,1,5,4,5,7,2,1,1,4,5,2,13,1,17,2,9,4,5,7,20,8,20,10,16,,67,13,1,22,9,121.5438724,25.04777638
111,3,20,4,10,2,02萬華區,萬華區堤外便道中興橋下方,0,0,2,1,H01,7,4,7,0,14,11,1,5,4,5,7,4,4,8,5,5,1,9,1,29,2,8,4,5,8,17,8,20,8,16,,54,54,1,22,9,121.5010666,25.04469559
111,3,20,4,10,2,02萬華區,萬華區堤外便道中興橋下方,0,0,2,2,C03,7,4,7,0,14,11,1,5,4,5,7,4,4,8,5,5,1,9,1,44,2,9,1,1,7,9,1,10,2,11,,42,54,1,22,9,121.5010666,25.04469559
111,3,20,4,10,2,02萬華區,萬華區堤外便道中興橋下方,0,0,2,3,C03,7,4,7,0,14,11,1,5,4,5,7,4,4,8,5,5,1,9,1,38,3,10,1,1,7,12,1,10,2,13,,44,54,1,22,9,121.5010666,25.04469559
111,3,20,4,10,2,02萬華區,萬華區堤外便道中興橋下方,0,0,2,4,C03,7,4,7,0,14,11,1,5,4,5,7,4,4,8,5,5,1,9,1,48,3,10,1,1,7,14,1,10,2,13,,44,54,1,22,9,121.5010666,25.04469559
111,3,20,6,51,2,06松山區,松山區八德路3段與寧安街口,0,0,1,1,B03,8,1,5,30,3,1,1,5,4,5,7,2,1,9,4,5,2,1,1,33,3,10,1,1,7,5,1,8,1,1,,15,15,1,22,9,121.554167,25.04815637
111,3,20,6,51,2,06松山區,松山區八德路3段與寧安街口,0,0,1,2,H01,8,1,5,30,3,1,1,5,4,5,7,2,1,9,4,5,2,1,2,65,2,9,4,5,8,16,8,20,1,16,,67,15,1,22,9,121.554167,25.04815637
111,3,20,7,21,2,10文山區,文山區景美河濱公園(P342柱子),0,0,2,1,F01,8,1,5,0,14,9,1,5,4,5,7,4,4,9,4,5,1,2,1,59,2,9,1,1,7,9,8,20,1,16,,23,23,1,22,9,121.5356835,24.9956182
111,3,20,7,21,2,10文山區,文山區景美河濱公園(P342柱子),0,0,2,2,H01,8,1,5,0,14,9,1,5,4,5,7,4,4,9,4,5,1,2,2,42,2,9,4,1,8,18,8,20,1,16,,67,23,1,22,9,121.5356835,24.9956182
111,3,20,7,41,2,01大同區,大同區鄭州路145號中興醫院,0,0,1,1,B03,8,1,5,40,14,9,1,5,4,5,7,4,4,1,4,5,2,12,1,23,3,10,3,4,7,9,3,18,2,5,,13,13,1,22,9,121.508629,25.05049245
111,3,20,7,41,2,01大同區,大同區鄭州路145號中興醫院,0,0,1,2,C03,8,1,5,40,14,9,1,5,4,5,7,4,4,1,4,5,2,12,1,51,2,9,1,1,7,7,1,10,2,13,12,7,13,1,22,9,121.508629,25.05049245
111,3,20,8,0,2,01大同區,大同區承德路3段與敦煌路口,0,0,1,1,B03,8,1,5,50,4,1,1,5,4,5,7,2,1,9,4,4,1,12,1,54,3,10,3,4,7,6,1,8,1,2,,9,9,1,22,9,121.520049,25.07529388
111,3,20,8,0,2,01大同區,大同區承德路3段與敦煌路口,0,0,1,2,C03,8,1,5,50,4,1,1,5,4,5,7,2,1,9,4,4,1,12,1,30,2,9,3,4,7,9,1,10,1,11,,44,9,1,22,9,121.520049,25.07529388
111,3,20,8,40,2,03中山區,中山區建國北路1段與南京東路2段口,0,0,1,1,B03,8,1,5,50,4,1,1,5,4,5,7,2,1,1,4,4,2,15,2,46,3,10,3,4,7,9,1,8,1,2,,25,25,1,22,9,121.5369412,25.05195311
111,3,20,8,40,2,03中山區,中山區建國北路1段與南京東路2段口,0,0,1,2,C03,8,1,5,50,4,1,1,5,4,5,7,2,1,1,4,4,2,15,1,30,2,9,1,4,7,9,1,10,1,11,,25,25,1,22,9,121.5369412,25.05195311
111,3,20,8,43,2,04大安區,大安區和平東路3段406巷8號,0,0,1,1,B01,8,3,5,50,14,7,1,5,4,5,7,4,4,5,4,4,2,12,1,55,3,10,1,1,7,9,1,4,1,5,,23,23,1,22,9,121.5581123,25.0184377
111,3,20,8,43,2,04大安區,大安區和平東路3段406巷8號,0,0,1,2,F01,8,3,5,50,14,7,1,5,4,5,7,4,4,5,4,4,2,12,1,69,2,7,1,1,7,7,8,20,1,15,,7,23,1,22,9,121.5581123,25.0184377
111,3,20,8,54,2,04大安區,大安區安居街與安居街75巷口,0,0,1,1,B12,8,1,5,30,4,1,1,5,4,5,7,4,4,9,4,5,2,15,1,70,3,10,3,4,7,9,1,8,2,1,,6,6,1,22,9,121.5528017,25.01907869
111,3,20,8,54,2,04大安區,大安區安居街與安居街75巷口,0,0,1,2,C03,8,1,5,30,4,1,1,5,4,5,7,4,4,9,4,5,2,15,2,63,2,9,3,4,7,9,1,10,2,12,,14,6,1,22,9,121.5528017,25.01907869
111,3,20,9,10,2,11南港區,南港區重陽路與惠民街口口,0,0,1,1,B03,8,1,5,50,3,1,1,5,4,5,7,1,1,4,3,4,2,11,1,58,3,10,1,1,7,5,1,8,2,2,,6,6,1,22,9,121.6098135,25.05907475
111,3,20,9,10,2,11南港區,南港區重陽路與惠民街口口,0,0,1,2,C03,8,1,5,50,3,1,1,5,4,5,7,1,1,4,3,4,2,11,1,20,2,4,1,1,7,9,1,10,2,11,,44,6,1,22,9,121.6098135,25.05907475
111,3,20,9,44,2,07信義區,信義區和平東路3段635號,0,0,1,1,B03,8,1,5,40,14,9,1,5,4,5,7,4,4,10,4,5,1,9,1,43,3,10,3,4,7,9,1,8,9,1,,42,42,1,22,9,121.5633921,25.01308699
111,3,20,9,44,2,07信義區,信義區和平東路3段635號,0,0,1,2,H03,8,1,5,40,14,9,1,5,4,5,7,4,4,10,4,5,1,9,1,29,2,8,4,5,8,16,8,20,10,16,,67,42,1,22,9,121.5633921,25.01308699
111,3,20,9,44,2,07信義區,信義區和平東路3段635號,0,0,1,3,B03,8,1,5,40,14,9,1,5,4,5,7,4,4,10,4,5,1,9,1,33,3,10,3,4,7,14,1,8,9,3,,44,42,1,22,9,121.5633921,25.01308699
111,3,20,9,50,2,08士林區,士林區至善路2段與故宮路口,0,0,1,1,C03,8,1,5,50,5,2,1,5,4,5,7,2,1,3,4,5,1,17,1,49,2,9,1,1,7,5,1,10,1,12,,23,23,1,22,9,121.546362,25.09817925
111,3,20,9,50,2,08士林區,士林區至善路2段與故宮路口,0,0,1,2,B01,8,1,5,50,5,2,1,5,4,5,7,2,1,3,4,5,1,17,2,59,3,10,1,1,7,5,1,8,1,8,,44,23,1,22,9,121.546362,25.09817925
111,3,20,10,10,2,11南港區,南港區中南街120號,0,0,1,1,B03,8,1,5,30,14,9,1,5,4,5,7,1,1,10,5,5,2,12,2,36,3,10,3,4,7,9,1,4,1,1,,42,42,1,22,9,121.6152447,25.05218457
111,3,20,10,10,2,11南港區,南港區中南街120號,0,0,1,2,C03,8,1,5,30,14,9,1,5,4,5,7,1,1,10,5,5,2,12,1,81,2,7,3,4,7,9,1,10,1,13,,44,42,1,22,9,121.6152447,25.05218457
111,3,20,10,13,2,02萬華區,萬華區環河南路3段與萬大路424巷口,0,0,1,1,C03,8,1,5,50,3,1,1,5,4,5,7,4,4,1,3,3,1,13,1,28,2,9,1,1,7,9,3,18,6,11,,21,21,1,22,9,121.4927714,25.02022061
111,3,20,10,13,2,02萬華區,萬華區環河南路3段與萬大路424巷口,0,0,1,2,B03,8,1,5,50,3,1,1,5,4,5,7,4,4,1,3,3,1,13,2,37,3,10,1,1,7,6,1,8,2,3,,9,21,1,22,9,121.4927714,25.02022061
111,3,20,10,58,2,12內湖區,內湖區潭美街與新明路475巷口,0,0,1,1,C03,8,1,5,30,3,1,1,5,4,5,7,4,4,9,4,5,2,16,1,56,3,10,1,1,7,5,1,10,1,11,,8,8,1,22,9,121.5801403,25.05379673
111,3,20,10,58,2,12內湖區,內湖區潭美街與新明路475巷口,0,0,1,2,C03,8,1,5,30,3,1,1,5,4,5,7,4,4,9,4,5,2,16,1,20,2,8,1,1,7,9,1,10,1,12,,14,8,1,22,9,121.5801403,25.05379673
111,3,20,11,0,2,10文山區,文山區新光路2段30號檢疫所旁,0,0,1,1,B03,8,1,5,50,11,9,1,5,4,5,7,4,4,5,5,5,2,16,1,32,3,10,1,1,7,11,1,8,1,7,,10,10,1,22,9,121.5864681,24.9995371
111,3,20,11,0,2,10文山區,文山區新光路2段30號檢疫所旁,0,0,1,2,C03,8,1,5,50,11,9,1,5,4,5,7,4,4,5,5,5,2,16,1,61,2,9,1,1,7,9,1,10,1,14,,42,10,1,22,9,121.5864681,24.9995371
111,3,20,11,10,2,09北投區,北投區承德路7段與中央南路2段口,0,0,1,1,B03,8,1,5,50,5,1,1,5,4,5,7,2,1,1,2,5,2,16,1,29,3,10,1,1,7,6,1,8,1,2,,9,9,1,22,9,121.5001515,25.12109194
111,3,20,11,10,2,09北投區,北投區承德路7段與中央南路2段口,0,0,1,2,C03,8,1,5,50,5,1,1,5,4,5,7,2,1,1,2,5,2,16,1,49,2,9,1,1,7,9,1,10,1,14,,44,9,1,22,9,121.5001515,25.12109194
111,3,20,11,59,2,04大安區,大安區師大路135巷口側附近,0,0,1,1,B01,8,1,5,50,14,9,1,5,4,5,7,4,4,10,4,5,2,12,1,65,3,10,3,4,7,11,1,4,11,4,,10,10,1,22,9,121.5280403,25.02155848
111,3,20,11,59,2,04大安區,大安區師大路135巷口側附近,0,0,1,2,C03,8,1,5,50,14,9,1,5,4,5,7,4,4,10,4,5,2,12,1,18,2,9,3,4,7,9,1,10,1,11,,44,10,1,22,9,121.5280403,25.02155848
111,3,20,12,51,2,02萬華區,萬華區中華路1段與貴陽街2段口,0,0,2,1,B03,8,1,5,50,4,1,1,5,4,5,7,2,1,1,4,5,2,17,1,29,3,10,1,1,7,6,1,8,1,3,,26,26,1,22,9,121.5072559,25.03933053
111,3,20,12,51,2,02萬華區,萬華區中華路1段與貴陽街2段口,0,0,2,2,C03,8,1,5,50,4,1,1,5,4,5,7,2,1,1,4,5,2,17,1,21,2,9,1,1,7,9,1,10,1,14,,13,26,1,22,9,121.5072559,25.03933053
111,3,20,12,51,2,02萬華區,萬華區中華路1段與貴陽街2段口,0,0,2,3,H02,8,1,5,50,4,1,1,5,4,5,7,2,1,1,4,5,2,17,2,20,2,9,1,1,7,21,8,20,10,15,,67,26,1,22,9,121.5072559,25.03933053
111,3,20,13,6,2,05中正區,中正區廈門街5號前,0,0,1,1,B03,7,1,5,50,14,9,1,5,4,5,7,4,4,9,5,5,2,16,1,20,3,10,1,1,7,1,1,8,1,8,,19,19,1,22,9,121.5181467,25.02710445
111,3,20,13,6,2,05中正區,中正區廈門街5號前,0,0,1,2,C03,7,1,5,50,14,9,1,5,4,5,7,4,4,9,5,5,2,16,1,42,2,9,1,1,7,9,1,10,1,11,,44,19,1,22,9,121.5181467,25.02710445
111,3,20,13,15,2,12內湖區,內湖區南京東路6段與麥帥一橋口機車道,0,0,2,2,C03,8,1,5,40,3,1,1,5,4,5,7,4,4,1,4,5,2,16,1,32,2,9,1,1,7,9,1,9,1,12,,23,7,1,22,9,121.5758643,25.05444457
111,3,20,13,15,2,12內湖區,內湖區南京東路6段與麥帥一橋口機車道,0,0,2,1,C03,8,1,5,40,3,1,1,5,4,5,7,4,4,1,4,5,2,16,1,26,2,8,1,1,7,10,1,10,1,14,,7,7,1,22,9,121.5758643,25.05444457
111,3,20,13,25,2,07信義區,信義區忠孝東路5段與松信路口,0,0,1,1,B01,8,1,5,50,4,1,1,5,4,5,7,1,1,2,2,5,1,1,1,64,3,10,1,1,7,5,1,4,1,8,,15,15,1,22,9,121.5719538,25.041022
111,3,20,13,25,2,07信義區,信義區忠孝東路5段與松信路口,0,0,1,2,H01,8,1,5,50,4,1,1,5,4,5,7,1,1,2,2,5,1,1,2,25,2,9,4,5,8,16,8,20,10,16,,67,15,1,22,9,121.5719538,25.041022
111,3,20,13,48,2,04大安區,大安區建國南路2段與信義路3段口南側迴轉道,0,0,1,1,B03,8,1,5,50,3,1,1,5,4,5,7,2,1,1,4,5,2,17,1,29,3,10,1,1,7,5,1,8,1,8,,8,8,1,22,9,121.537563,25.03231149
111,3,20,13,48,2,04大安區,大安區建國南路2段與信義路3段口南側迴轉道,0,0,1,2,C02,8,1,5,50,3,1,1,5,4,5,7,2,1,1,4,5,2,17,1,23,2,9,1,1,7,9,1,9,1,12,,14,8,1,22,9,121.537563,25.03231149
111,3,20,14,0,2,12內湖區,內湖區碧山路34號,0,0,2,1,B02,8,1,5,30,14,9,1,5,4,5,7,4,4,10,5,5,2,2,1,49,3,10,3,4,7,2,1,8,11,3,,12,12,1,22,9,121.5887945,25.1002916
111,3,20,14,0,2,12內湖區,內湖區碧山路34號,0,0,2,2,H01,8,1,5,30,14,9,1,5,4,5,7,4,4,10,5,5,2,2,2,50,2,5,4,5,8,16,8,20,10,16,,67,12,1,22,9,121.5887945,25.1002916
111,3,20,14,0,2,12內湖區,內湖區碧山路34號,0,0,2,3,H01,8,1,5,30,14,9,1,5,4,5,7,4,4,10,5,5,2,2,1,13,2,8,4,5,8,16,8,20,10,16,,67,12,1,22,9,121.5887945,25.1002916
111,3,20,14,0,2,07信義區,信義區基隆路1段與基隆路1段102巷口,0,0,1,1,B03,8,1,5,50,3,2,1,5,4,5,7,4,4,5,5,5,2,15,1,53,3,10,1,1,7,9,1,8,1,5,,6,6,1,22,9,121.5667753,25.04534522
111,3,20,14,0,2,07信義區,信義區基隆路1段與基隆路1段102巷口,0,0,1,2,F01,8,1,5,50,3,2,1,5,4,5,7,4,4,5,5,5,2,15,2,51,2,8,1,1,7,9,8,20,1,16,,42,6,1,22,9,121.5667753,25.04534522
111,3,20,14,8,2,09北投區,北投區福國路與福美路口,0,0,3,1,,8,1,5,50,11,9,1,5,2,5,7,4,4,10,5,5,1,18,3,,,,,,,,,,,,,61,61,1,,,121.5147144,25.1017914
111,3,20,14,8,2,09北投區,北投區福國路與福美路口,0,0,3,2,C03,8,1,5,50,11,9,1,5,2,5,7,4,4,10,5,5,1,18,2,40,2,9,1,1,7,5,1,10,1,14,,32,61,1,22,9,121.5147144,25.1017914
111,3,20,14,8,2,09北投區,北投區福國路與福美路口,0,0,3,3,H02,8,1,5,50,11,9,1,5,2,5,7,4,4,10,5,5,1,18,1,40,2,9,1,5,7,20,8,20,10,16,,67,61,1,22,9,121.5147144,25.1017914
111,3,20,14,8,2,09北投區,北投區福國路與福美路口,0,0,3,4,H02,8,1,5,50,11,9,1,5,2,5,7,4,4,10,5,5,1,18,1,40,2,9,1,5,7,20,8,20,10,16,,67,61,1,22,9,121.5147144,25.1017914
111,3,20,14,29,2,07信義區,信義區松高路與忠孝東路5段22巷口,0,0,1,1,C03,8,1,5,50,3,2,1,5,4,5,7,1,1,5,4,5,2,13,1,19,3,10,1,1,7,9,1,10,1,11,,23,23,1,22,8,121.5659718,25.03908367
111,3,20,14,29,2,07信義區,信義區松高路與忠孝東路5段22巷口,0,0,1,2,C03,8,1,5,50,3,2,1,5,4,5,7,1,1,5,4,5,2,13,1,44,3,10,1,1,7,12,1,10,1,13,,44,23,1,22,8,121.5659718,25.03908367
111,3,20,14,29,2,07信義區,信義區松高路與忠孝東路5段22巷口,0,0,1,3,H02,8,1,5,50,3,2,1,5,4,5,7,1,1,5,4,5,2,13,2,31,2,8,1,1,7,20,8,20,10,16,,67,23,1,22,8,121.5659718,25.03908367
111,3,20,14,32,2,04大安區,大安區信義路3段111巷16弄與信義路3段99巷口,0,0,2,1,F01,8,1,5,30,4,1,1,5,4,5,7,4,4,10,5,5,2,15,1,15,2,8,1,1,7,9,8,20,1,16,,6,6,1,22,9,121.5386647,25.03441299
111,3,20,14,32,2,04大安區,大安區信義路3段111巷16弄與信義路3段99巷口,0,0,2,2,C03,8,1,5,30,4,1,1,5,4,5,7,4,4,10,5,5,2,15,2,25,2,7,3,4,7,9,1,10,1,11,,23,6,1,22,9,121.5386647,25.03441299
111,3,20,14,45,2,03中山區,中山區民權東路2段166號,0,0,1,1,C03,8,1,5,50,14,9,1,5,4,5,7,4,4,1,3,5,1,13,1,23,2,8,1,4,7,9,1,10,1,11,,23,23,1,22,9,121.5354733,25.0623322
111,3,20,14,45,2,03中山區,中山區民權東路2段166號,0,0,1,2,B03,8,1,5,50,14,9,1,5,4,5,7,4,4,1,3,5,1,13,1,39,3,10,3,4,7,14,1,8,1,3,,44,23,1,22,9,121.5354733,25.0623322
111,3,20,14,45,2,05中正區,中正區廈門街114巷與廈門街口,0,0,1,1,B03,8,1,5,30,3,2,1,5,4,5,7,1,1,5,5,5,2,17,1,65,3,10,1,1,7,5,1,8,1,2,,8,8,1,22,9,121.5173032,25.0232188
111,3,20,14,45,2,05中正區,中正區廈門街114巷與廈門街口,0,0,1,2,C03,8,1,5,30,3,2,1,5,4,5,7,1,1,5,5,5,2,17,2,48,2,9,1,1,7,6,1,10,1,11,,44,8,1,22,9,121.5173032,25.0232188
111,3,20,14,45,2,05中正區,中正區廈門街114巷與廈門街口,0,0,1,3,H02,8,1,5,30,3,2,1,5,4,5,7,1,1,5,5,5,2,17,2,17,4,11,4,5,7,20,8,20,10,16,,67,8,1,22,9,121.5173032,25.0232188
111,3,20,14,50,2,06松山區,松山區三民路圓環往南,0,0,2,1,C03,8,1,5,50,16,9,1,5,4,5,7,2,1,10,4,5,2,12,1,19,2,8,1,1,7,9,1,10,2,11,,6,6,1,22,9,121.5630137,25.05894386
111,3,20,14,50,2,06松山區,松山區三民路圓環往南,0,0,2,2,B03,8,1,5,50,16,9,1,5,4,5,7,2,1,10,4,5,2,12,1,37,3,10,1,1,7,8,1,8,2,6,,7,6,1,22,9,121.5630137,25.05894386
111,3,20,14,50,2,06松山區,松山區三民路圓環往南,0,0,2,3,H02,8,1,5,50,16,9,1,5,4,5,7,2,1,10,4,5,2,12,2,19,2,8,1,5,7,20,8,20,10,16,,67,6,1,22,9,121.5630137,25.05894386
111,3,20,15,0,2,02萬華區,萬華區華江橋機車道往北市,0,0,2,1,C03,8,1,5,40,8,11,1,5,4,5,7,4,4,10,5,5,1,17,1,22,2,9,1,1,7,15,1,10,2,14,,13,13,1,22,9,121.4870006,25.03555112
111,3,20,15,0,2,02萬華區,萬華區華江橋機車道往北市,0,0,2,2,C03,8,1,5,40,8,11,1,5,4,5,7,4,4,10,5,5,1,17,1,34,4,11,3,4,7,15,7,19,11,15,,44,13,2,22,9,121.4870006,25.03555112
111,3,20,15,0,2,02萬華區,萬華區華江橋機車道往北市,0,0,2,3,H02,8,1,5,40,8,11,1,5,4,5,7,4,4,10,5,5,1,17,1,21,2,9,4,5,7,20,8,20,10,16,,67,13,1,22,9,121.4870006,25.03555112
111,3,20,15,30,2,10文山區,文山區興隆路4段145巷與興隆路4段145巷22弄口,0,0,2,1,C03,8,1,5,50,4,1,1,5,4,5,7,4,4,5,5,5,2,15,2,33,2,9,1,1,7,9,1,10,2,11,,6,6,1,22,9,121.5627503,24.98514584
111,3,20,15,30,2,10文山區,文山區興隆路4段145巷與興隆路4段145巷22弄口,0,0,2,2,C03,8,1,5,50,4,1,1,5,4,5,7,4,4,5,5,5,2,15,1,34,2,9,1,1,7,9,1,10,2,11,,14,6,1,21,8,121.5627503,24.98514584
111,3,20,15,40,2,08士林區,士林區至善路3段與中社路1段口,0,0,1,1,B03,7,1,5,50,14,9,1,5,4,5,7,4,4,3,4,5,1,17,1,47,3,10,1,1,7,8,1,8,2,6,,7,7,1,21,8,121.5589151,25.11223918
111,3,20,15,40,2,08士林區,士林區至善路3段與中社路1段口,0,0,1,2,C03,7,1,5,50,14,9,1,5,4,5,7,4,4,3,4,5,1,17,1,35,2,9,1,1,7,12,1,10,2,11,,44,7,1,21,8,121.5589151,25.11223918
111,3,20,15,40,2,08士林區,士林區至善路3段與中社路1段口,0,0,1,3,B03,7,1,5,50,14,9,1,5,4,5,7,4,4,3,4,5,1,17,1,32,3,10,1,1,7,13,1,8,1,4,,44,7,1,21,8,121.5589151,25.11223918
111,3,20,16,24,2,05中正區,中正區市民大道2段與林森北路口,0,0,1,1,C04,8,1,5,40,14,9,1,5,4,5,7,1,3,1,4,1,2,16,2,31,2,8,1,1,7,9,1,8,2,11,,13,13,1,22,9,121.5241435,25.0476519
111,3,20,16,24,2,05中正區,中正區市民大道2段與林森北路口,0,0,1,2,C02,8,1,5,40,14,9,1,5,4,5,7,1,3,1,4,1,2,16,2,23,3,10,1,1,7,6,1,9,2,13,,9,13,1,22,9,121.5241435,25.0476519
111,3,20,16,27,2,08士林區,士林區延平北路7段106巷旁左岸自行車道,0,0,1,1,,8,1,5,0,15,9,1,5,4,5,7,4,4,10,5,5,2,17,4,,4,11,3,4,7,15,7,19,11,15,,43,43,2,22,9,121.4953847,25.10957901
111,3,20,16,27,2,08士林區,士林區延平北路7段106巷旁左岸自行車道,0,0,1,2,F01,8,1,5,0,15,9,1,5,4,5,7,4,4,10,5,5,2,17,1,27,2,9,1,1,7,9,8,20,1,16,,44,43,1,21,8,121.4953847,25.10957901
111,3,20,16,30,2,06松山區,松山區撫遠街453號,0,0,1,1,B12,8,1,5,50,14,6,1,5,4,5,7,4,4,1,4,4,2,11,1,48,3,10,1,1,7,5,1,8,2,5,,8,8,1,22,9,121.564329,25.07064274
111,3,20,16,30,2,06松山區,松山區撫遠街453號,0,0,1,2,C03,8,1,5,50,14,6,1,5,4,5,7,4,4,1,4,4,2,11,1,59,2,9,1,1,7,9,1,10,2,11,,14,8,1,22,9,121.564329,25.07064274
111,3,20,16,40,2,01大同區,大同區民權西路266號與民權西路口迴轉道,0,0,2,1,C03,8,1,5,50,3,2,1,5,4,5,7,2,1,1,4,5,2,12,1,19,3,10,1,1,7,5,1,10,2,13,,8,8,1,22,9,121.5122008,25.06278953
111,3,20,16,40,2,01大同區,大同區民權西路266號與民權西路口迴轉道,0,0,2,2,C03,8,1,5,50,3,2,1,5,4,5,7,2,1,1,4,5,2,12,1,26,2,9,1,1,7,9,1,10,2,12,,44,8,1,22,9,121.5122008,25.06278953
111,3,20,16,40,2,01大同區,大同區民權西路266號與民權西路口迴轉道,0,0,2,3,H02,8,1,5,50,3,2,1,5,4,5,7,2,1,1,4,5,2,12,2,29,2,9,4,5,7,20,8,20,10,16,,67,8,1,22,9,121.5122008,25.06278953
111,3,20,17,40,2,07信義區,信義區福德街與大道路口口,0,0,2,1,A02,8,1,5,50,4,1,1,5,4,5,7,2,1,1,4,5,1,9,1,53,3,10,3,4,7,15,1,2,1,15,,43,43,1,22,9,121.5838077,25.03799853
111,3,20,17,40,2,07信義區,信義區福德街與大道路口口,0,0,2,2,H02,8,1,5,50,4,1,1,5,4,5,7,2,1,1,4,5,1,9,2,69,2,9,4,5,7,19,8,20,10,15,,55,43,1,22,9,121.5838077,25.03799853
111,3,20,17,40,2,07信義區,信義區福德街與大道路口口,0,0,2,3,H02,8,1,5,50,4,1,1,5,4,5,7,2,1,1,4,5,1,9,1,73,2,9,4,5,7,19,8,20,10,15,,55,43,1,22,9,121.5838077,25.03799853
111,3,20,17,45,2,04大安區,大安區光復南路與光復南路116巷口,0,0,1,1,B02,8,1,5,30,3,1,1,5,4,5,7,4,4,1,4,5,2,17,1,48,4,11,3,4,7,6,6,18,11,15,,6,6,2,22,9,121.5576161,25.04302311
111,3,20,17,45,2,04大安區,大安區光復南路與光復南路116巷口,0,0,1,2,C03,8,1,5,30,3,1,1,5,4,5,7,4,4,1,4,5,2,17,1,28,2,7,1,4,7,9,1,10,1,14,,14,6,1,22,9,121.5576161,25.04302311