發生年度,發生月,發生日,發生時-Hours,發生分,處理別-編號,區序,肇事地點,死亡人數,2-30日死亡人數,受傷人數,當事人序號,車種,天候,光線,道路類別,速限-速度限制,道路型態,事故位置,路面狀況1,路面狀況2,路面狀況3,道路障礙1,道路障礙2,號誌1,號誌2,車道劃分-分向,車道劃分-分道1,車道劃分-分道2,車道劃分-分道3,事故類型及型態,性別,年齡,受傷程度,主要傷處,安全帽,行動電話,車輛用途,當事者行動狀態,駕駛資格情形,駕駛執照種類,飲酒情形,車輛撞擊部位1,車輛撞擊部位2,肇因碼-個別,肇因碼-主要,個人肇逃否,職業,旅次目的,座標-X,座標-Y
111,3,20,17,45,2,04大安區,大安區光復南路290巷與無名巷口,0,0,3,1,B03,8,1,5,30,4,1,4,5,4,5,7,4,4,10,5,5,2,15,1,28,2,9,1,4,7,9,1,8,2,5,,6,6,1,22,9,121.5567607,25.03934935
111,3,20,17,45,2,04大安區,大安區光復南路290巷與無名巷口,0,0,3,2,B01,8,1,5,30,4,1,4,5,4,5,7,4,4,10,5,5,2,15,1,42,2,9,1,4,7,9,1,4,2,8,,13,6,1,22,9,121.5567607,25.03934935
111,3,20,17,45,2,04大安區,大安區光復南路290巷與無名巷口,0,0,3,3,H02,8,1,5,30,4,1,4,5,4,5,7,4,4,10,5,5,2,15,2,28,2,9,1,4,7,20,8,20,10,16,,67,6,1,22,9,121.5567607,25.03934935
111,3,20,17,45,2,04大安區,大安區光復南路290巷與無名巷口,0,0,3,4,B12,8,1,5,30,4,1,4,5,4,5,7,4,4,10,5,5,2,15,1,42,3,10,3,4,7,13,1,8,11,15,,38,6,1,22,9,121.5567607,25.03934935
111,3,20,17,59,2,07信義區,信義區吳興街284巷24弄與吳興街284巷28弄口,0,0,1,1,C03,8,1,5,30,4,1,1,5,4,5,7,4,4,10,5,5,2,16,1,22,2,9,1,1,7,9,1,10,1,11,,6,6,1,22,9,121.562721,25.02384989
111,3,20,17,59,2,07信義區,信義區吳興街284巷24弄與吳興街284巷28弄口,0,0,1,2,B03,8,1,5,30,4,1,1,5,4,5,7,4,4,10,5,5,2,16,2,35,3,10,1,1,7,9,1,8,1,8,,13,6,1,22,9,121.562721,25.02384989
111,3,20,18,4,2,01大同區,大同區環河北路1段忠孝國中旁燈桿,0,0,1,1,C03,8,3,5,0,14,9,1,5,4,5,7,4,4,10,5,5,2,18,1,43,2,9,1,1,7,9,1,10,6,12,,21,21,1,22,9,121.5072035,25.05188636
111,3,20,18,4,2,01大同區,大同區環河北路1段忠孝國中旁燈桿,0,0,1,2,,8,3,5,0,14,9,1,5,4,5,7,4,4,10,5,5,2,18,3,,,,,,,,,,,,,67,21,1,,,121.5072035,25.05188636
111,3,20,18,10,2,05中正區,中正區林森南路地下道,0,0,1,1,C03,7,3,5,50,7,11,1,5,4,5,7,4,4,10,4,5,2,17,1,19,3,10,1,1,7,9,1,10,2,11,,16,16,1,22,9,121.5200595,25.03531168
111,3,20,18,10,2,05中正區,中正區林森南路地下道,0,0,1,2,C03,7,3,5,50,7,11,1,5,4,5,7,4,4,10,4,5,2,17,2,47,2,9,1,1,7,9,1,10,2,13,,44,16,1,22,9,121.5200595,25.03531168
111,3,20,18,13,2,02萬華區,萬華區西藏路165號,0,0,1,1,C03,8,3,5,50,14,9,1,5,4,5,7,4,4,2,4,5,1,17,2,30,3,10,1,1,7,15,1,10,1,13,,44,44,1,22,9,121.50096,25.02941026
111,3,20,18,13,2,02萬華區,萬華區西藏路165號,0,0,1,2,C03,8,3,5,50,14,9,1,5,4,5,7,4,4,2,4,5,1,17,1,20,2,9,1,1,7,9,1,10,1,11,,42,44,1,22,9,121.50096,25.02941026
111,3,20,18,13,2,02萬華區,萬華區西藏路165號,0,0,1,3,C03,8,3,5,50,14,9,1,5,4,5,7,4,4,2,4,5,1,17,1,39,3,10,1,1,7,9,1,10,1,13,,44,44,1,22,9,121.50096,25.02941026
111,3,20,18,25,2,04大安區,大安區和平東路3段76號,0,0,1,1,C03,8,3,5,50,14,9,1,5,4,5,7,4,4,9,4,5,1,13,2,19,2,8,1,1,7,9,1,10,1,11,,16,16,1,22,9,121.5507085,25.0243035
111,3,20,18,25,2,04大安區,大安區和平東路3段76號,0,0,1,2,B03,8,3,5,50,14,9,1,5,4,5,7,4,4,9,4,5,1,13,1,47,3,10,1,1,7,9,1,8,1,3,,44,16,1,22,9,121.5507085,25.0243035
111,3,20,18,40,2,12內湖區,內湖區舊宗路1段與行善路口,0,0,2,1,B03,8,3,5,50,4,1,1,5,4,5,7,1,1,1,4,5,2,16,2,42,3,10,1,1,7,8,1,8,2,2,,7,7,1,22,9,121.5804502,25.0588545
111,3,20,18,40,2,12內湖區,內湖區舊宗路1段與行善路口,0,0,2,2,C03,8,3,5,50,4,1,1,5,4,5,7,1,1,1,4,5,2,16,2,32,2,9,1,1,7,9,1,10,2,14,,44,7,1,22,9,121.5804502,25.0588545
111,3,20,18,40,2,12內湖區,內湖區舊宗路1段與行善路口,0,0,2,3,B03,8,3,5,50,4,1,1,5,4,5,7,1,1,1,4,5,2,16,2,62,3,10,1,1,7,5,1,8,2,15,,6,7,1,22,9,121.5804502,25.0588545
111,3,20,18,40,2,12內湖區,內湖區舊宗路1段與行善路口,0,0,2,4,H02,8,3,5,50,4,1,1,5,4,5,7,1,1,1,4,5,2,16,2,21,2,9,1,1,7,20,8,20,10,16,,67,7,1,22,9,121.5804502,25.0588545
111,3,20,18,49,2,09北投區,北投區崇仁路1段與崇仁路1段157巷口,0,0,1,1,,8,1,5,30,3,2,1,5,4,5,7,4,4,7,4,5,1,17,4,,4,11,3,4,7,15,7,19,11,15,,43,43,2,22,9,121.5022986,25.12332246
111,3,20,18,49,2,09北投區,北投區崇仁路1段與崇仁路1段157巷口,0,0,1,2,C03,8,1,5,30,3,2,1,5,4,5,7,4,4,7,4,5,1,17,1,33,2,9,1,1,7,9,1,10,1,12,,43,43,1,22,9,121.5022986,25.12332246
111,3,20,18,50,2,08士林區,士林區德行東路G-104097號燈桿前,0,0,1,1,B03,8,3,5,50,14,9,1,5,4,5,7,4,4,5,5,5,1,16,1,67,3,10,1,1,7,11,1,8,1,8,,10,10,1,21,8,121.5318528,25.10893476
111,3,20,18,50,2,08士林區,士林區德行東路G-104097號燈桿前,0,0,1,2,C03,8,3,5,50,14,9,1,5,4,5,7,4,4,5,5,5,1,16,1,20,2,8,1,1,7,9,1,10,1,14,,13,10,1,21,8,121.5318528,25.10893476
111,3,20,19,17,2,10文山區,文山區木新路3段172巷與忠順街1段26巷27弄口口,0,0,3,1,C03,8,3,5,30,4,1,1,5,4,5,7,4,4,10,5,5,2,15,1,32,2,9,1,1,7,9,1,10,2,11,,6,6,1,22,9,121.5605659,24.98220315
111,3,20,19,17,2,10文山區,文山區木新路3段172巷與忠順街1段26巷27弄口口,0,0,3,2,C03,8,3,5,30,4,1,1,5,4,5,7,4,4,10,5,5,2,15,1,31,2,9,1,1,7,9,1,10,2,11,,14,6,1,22,9,121.5605659,24.98220315
111,3,20,19,17,2,10文山區,文山區木新路3段172巷與忠順街1段26巷27弄口口,0,0,3,3,H02,8,3,5,30,4,1,1,5,4,5,7,4,4,10,5,5,2,15,2,23,2,9,1,5,7,20,8,20,10,15,,67,6,1,22,9,121.5605659,24.98220315
111,3,20,19,40,2,11南港區,南港區忠孝東路7段與忠孝東路7段265巷口,0,0,2,1,B03,7,3,5,50,3,1,1,5,4,5,7,1,1,1,4,5,2,16,2,49,3,10,1,1,7,5,1,8,2,6,,6,6,1,22,9,121.6035436,25.0517507
111,3,20,19,40,2,11南港區,南港區忠孝東路7段與忠孝東路7段265巷口,0,0,2,2,C03,7,3,5,50,3,1,1,5,4,5,7,1,1,1,4,5,2,16,1,20,2,9,1,1,7,9,1,10,2,11,,44,6,1,22,9,121.6035436,25.0517507
111,3,20,19,40,2,11南港區,南港區忠孝東路7段與忠孝東路7段265巷口,0,0,2,3,H02,7,3,5,50,3,1,1,5,4,5,7,1,1,1,4,5,2,16,2,19,2,7,4,5,7,21,8,20,10,16,,67,6,1,22,9,121.6035436,25.0517507
111,3,20,19,45,2,10文山區,文山區汀州路4段與萬慶街口,0,0,1,1,B03,7,1,5,30,3,1,1,5,4,5,7,4,4,10,5,5,2,16,1,40,3,10,1,1,7,5,1,8,1,5,,8,8,1,22,9,121.5354756,24.99845119
111,3,20,19,45,2,10文山區,文山區汀州路4段與萬慶街口,0,0,1,2,C03,7,1,5,30,3,1,1,5,4,5,7,4,4,10,5,5,2,16,1,24,2,9,1,1,7,9,1,10,1,11,,14,8,1,22,9,121.5354756,24.99845119
111,3,20,20,0,2,07信義區,信義區忠孝東路5段236巷3弄與忠孝東路5段372巷口,0,0,2,1,C03,7,3,5,30,4,1,1,5,4,5,7,4,4,9,4,5,1,15,1,27,2,7,3,4,7,9,1,10,2,11,,6,6,1,22,9,121.5740279,25.04036575
111,3,20,20,0,2,07信義區,信義區忠孝東路5段236巷3弄與忠孝東路5段372巷口,0,0,2,2,C03,7,3,5,30,4,1,1,5,4,5,7,4,4,9,4,5,1,15,1,33,2,7,3,4,7,9,1,10,2,12,,14,6,1,22,9,121.5740279,25.04036575
111,3,20,20,30,2,08士林區,士林區中正路與文林路口,0,0,1,1,C03,8,3,5,0,4,1,1,5,4,5,7,2,1,8,5,5,2,15,4,,4,11,3,4,7,15,7,19,11,15,,43,43,2,22,9,121.5245295,25.09498163
111,3,20,20,30,2,08士林區,士林區中正路與文林路口,0,0,1,2,C03,8,3,5,0,4,1,1,5,4,5,7,2,1,8,5,5,2,15,1,48,2,9,1,1,7,9,1,10,1,11,,43,43,1,22,9,121.5245295,25.09498163
111,3,20,21,25,2,01大同區,大同區南京西路141號,0,0,2,1,B12,8,3,5,0,14,9,1,5,4,5,7,4,4,5,4,5,2,16,1,38,3,10,3,4,7,11,6,18,1,5,,10,10,1,22,9,121.513817,25.054138
111,3,20,21,25,2,01大同區,大同區南京西路141號,0,0,2,2,C03,8,3,5,0,14,9,1,5,4,5,7,4,4,5,4,5,2,16,1,21,2,7,3,4,7,9,1,10,1,11,,44,10,1,22,9,121.513817,25.054138
111,3,20,21,25,2,01大同區,大同區南京西路141號,0,0,2,3,H02,8,3,5,0,14,9,1,5,4,5,7,4,4,5,4,5,2,16,2,19,2,8,3,4,7,20,8,20,10,15,,67,10,1,22,9,121.513817,25.054138
111,3,20,21,50,2,09北投區,北投區文林北路與明德路口,0,0,1,1,C03,8,1,5,50,4,1,1,5,4,5,7,1,1,9,4,5,1,12,1,36,3,10,1,1,7,5,1,10,2,13,,44,44,1,22,9,121.5166267,25.10613196
111,3,20,21,50,2,09北投區,北投區文林北路與明德路口,0,0,1,2,C03,8,1,5,50,4,1,1,5,4,5,7,1,1,9,4,5,1,12,1,16,2,9,1,1,7,9,2,18,2,11,,16,44,1,22,9,121.5166267,25.10613196
111,3,20,22,0,2,12內湖區,內湖區文湖街與文湖街81巷口,0,0,3,1,C03,8,3,5,50,4,1,1,5,4,5,7,1,1,5,5,5,2,16,1,19,2,9,1,1,7,5,1,10,1,11,,8,8,1,22,9,121.5640533,25.08648875
111,3,20,22,0,2,12內湖區,內湖區文湖街與文湖街81巷口,0,0,3,2,C03,8,3,5,50,4,1,1,5,4,5,7,1,1,5,5,5,2,16,1,28,2,9,1,1,7,9,1,10,1,11,,44,8,1,22,9,121.5640533,25.08648875
111,3,20,22,0,2,12內湖區,內湖區文湖街與文湖街81巷口,0,0,3,3,H02,8,3,5,50,4,1,1,5,4,5,7,1,1,5,5,5,2,16,2,22,2,9,1,5,7,21,8,20,10,16,,67,8,1,22,9,121.5640533,25.08648875
111,3,20,22,6,2,03中山區,中山區新生北路3段與民權東路2段口,0,0,2,1,C03,8,3,5,50,4,1,1,5,4,5,7,1,1,9,4,5,2,12,2,68,2,9,1,1,7,9,1,10,1,11,,43,43,1,22,9,121.5276262,25.06268351
111,3,20,22,6,2,03中山區,中山區新生北路3段與民權東路2段口,0,0,2,2,C03,8,3,5,50,4,1,1,5,4,5,7,1,1,9,4,5,2,12,1,40,2,8,1,1,7,15,1,10,1,12,,43,43,1,22,9,121.5276262,25.06268351
111,3,20,22,6,2,03中山區,中山區新生北路3段與民權東路2段口,0,0,2,3,C03,8,3,5,50,4,1,1,5,4,5,7,1,1,9,4,5,2,12,1,19,3,10,1,1,7,14,1,10,1,12,,43,43,1,22,9,121.5276262,25.06268351
111,3,20,22,10,2,08士林區,士林區中山北路5段與中山北路5段699巷口,0,0,2,1,C03,8,3,5,50,4,2,1,5,4,5,7,2,1,1,5,5,2,17,1,22,2,9,1,1,7,6,1,10,1,12,,6,6,1,22,9,121.527225,25.0977836
111,3,20,22,10,2,08士林區,士林區中山北路5段與中山北路5段699巷口,0,0,2,2,C03,8,3,5,50,4,2,1,5,4,5,7,2,1,1,5,5,2,17,2,42,2,9,1,1,7,9,1,10,1,11,,44,6,1,22,9,121.527225,25.0977836
111,3,20,22,34,2,05中正區,中正區中山南路往南(景福門外環車道),0,0,1,1,C04,8,3,5,50,11,9,1,5,4,5,7,4,4,1,4,5,2,18,2,29,2,9,1,4,7,9,1,10,2,11,,23,23,1,20,5,121.5173452,25.03852197
111,3,20,22,34,2,05中正區,中正區中山南路往南(景福門外環車道),0,0,1,2,,8,3,5,50,11,9,1,5,4,5,7,4,4,1,4,5,2,18,3,,,,,,,,,,,,,67,23,1,,,121.5173452,25.03852197
111,3,20,23,45,2,11南港區,南港區成福路129號與成福路178巷口,0,0,2,1,C03,8,3,5,50,3,1,1,5,4,5,7,3,1,4,3,5,2,3,1,23,2,1,1,4,7,9,1,10,2,11,,23,23,1,22,9,121.5875414,25.04188231
111,3,20,23,45,2,11南港區,南港區成福路129號與成福路178巷口,0,0,2,2,H01,8,3,5,50,3,1,1,5,4,5,7,3,1,4,3,5,2,3,1,73,2,1,4,5,8,16,8,20,2,16,,51,23,1,22,9,121.5875414,25.04188231
111,3,21,1,56,2,06松山區,松山區敦化北路3號旁,0,0,1,2,C03,6,3,5,30,14,8,1,4,4,5,7,4,4,1,4,4,2,17,1,30,2,9,1,1,7,2,1,10,2,12,,42,43,1,22,9,121.5491605,25.04867822
111,3,21,1,56,2,06松山區,松山區敦化北路3號旁,0,0,1,1,C02,6,3,5,30,14,8,1,4,4,5,7,4,4,1,4,4,2,17,4,,4,11,3,4,7,15,7,19,11,15,,43,43,2,22,9,121.5491605,25.04867822
111,3,21,5,43,2,09北投區,北投區明德路與振興街口,0,0,1,1,B03,6,1,5,50,4,2,1,4,4,5,7,1,1,9,1,5,1,12,1,60,3,10,1,1,7,5,1,8,2,5,,23,23,1,22,9,121.5222756,25.1176307
111,3,21,5,43,2,09北投區,北投區明德路與振興街口,0,0,1,2,F02,6,1,5,50,4,2,1,4,4,5,7,1,1,9,1,5,1,12,1,84,2,1,1,1,7,21,8,20,9,15,,44,23,1,22,9,121.5222756,25.1176307
111,3,21,6,10,2,08士林區,士林區福國路與福華路口,0,0,2,1,C03,6,2,5,50,4,1,1,4,4,5,7,1,1,1,4,5,1,16,1,50,2,9,1,1,7,5,1,10,1,11,,8,8,1,22,9,121.5224992,25.10180624
111,3,21,6,10,2,08士林區,士林區福國路與福華路口,0,0,2,2,F01,6,2,5,50,4,1,1,4,4,5,7,1,1,1,4,5,1,16,2,54,2,9,1,1,7,9,8,20,1,16,,23,8,1,22,9,121.5224992,25.10180624
111,3,21,7,0,2,10文山區,文山區保儀路127號,0,0,1,1,C03,7,1,5,50,4,2,1,4,4,5,7,2,1,5,2,5,2,13,2,60,2,8,3,4,7,9,1,10,1,14,,44,44,1,22,9,121.5673812,24.98551052
111,3,21,7,0,2,10文山區,文山區保儀路127號,0,0,1,2,C03,7,1,5,50,4,2,1,4,4,5,7,2,1,5,2,5,2,13,1,50,3,10,3,4,7,14,1,10,1,12,,44,44,1,22,9,121.5673812,24.98551052
111,3,21,7,51,2,01大同區,大同區萬全街與民生西路171巷口口,0,0,2,1,C03,8,1,5,0,4,1,1,5,4,5,7,4,4,10,4,5,2,15,2,43,2,9,1,1,7,9,1,10,2,11,,6,6,1,22,9,121.5167062,25.05799581
111,3,21,7,51,2,01大同區,大同區萬全街與民生西路171巷口口,0,0,2,2,C03,8,1,5,0,4,1,1,5,4,5,7,4,4,10,4,5,2,15,1,33,2,9,1,1,7,9,1,10,2,11,,13,6,1,22,9,121.5167062,25.05799581
111,3,21,8,12,2,03中山區,中山區明水路與樂群一路口,0,0,1,1,C03,6,1,5,50,3,1,1,4,4,5,7,1,1,1,3,5,1,13,2,34,2,8,1,1,7,9,1,10,1,11,,23,23,1,22,9,121.5510258,25.07728877
111,3,21,8,12,2,03中山區,中山區明水路與樂群一路口,0,0,1,2,B03,6,1,5,50,3,1,1,4,4,5,7,1,1,1,3,5,1,13,1,53,3,10,1,1,7,9,1,8,1,6,,44,23,1,22,9,121.5510258,25.07728877
111,3,21,8,15,2,12內湖區,內湖區成功路2段與成功路2段426巷口,0,0,1,1,B03,6,1,5,50,4,1,1,4,4,5,7,1,1,1,4,5,2,16,1,64,3,10,1,1,7,5,1,8,1,5,,8,8,1,22,9,121.5898234,25.07175052
111,3,21,8,15,2,12內湖區,內湖區成功路2段與成功路2段426巷口,0,0,1,2,C03,6,1,5,50,4,1,1,4,4,5,7,1,1,1,4,5,2,16,1,20,2,9,1,1,7,9,1,10,1,11,,13,8,1,22,9,121.5898234,25.07175052
111,3,21,8,16,2,04大安區,大安區羅斯福路2段109號,0,0,1,2,C03,7,1,5,50,14,9,1,5,4,5,7,4,4,9,4,5,2,17,1,19,2,9,1,1,7,9,1,10,1,12,,42,7,1,22,9,121.5244777,25.02454285
111,3,21,8,16,2,04大安區,大安區羅斯福路2段109號,0,0,1,1,B03,7,1,5,50,14,9,1,5,4,5,7,4,4,9,4,5,2,17,1,42,3,10,1,1,7,8,1,8,1,15,,7,7,1,22,9,121.5244777,25.02454285
111,3,21,8,16,2,06松山區,松山區撫遠街306號,0,0,2,1,C03,6,1,5,50,14,9,1,4,4,5,7,2,1,9,4,5,2,11,1,32,2,9,1,1,7,5,1,10,1,11,,8,8,1,22,9,121.5663631,25.0617289
111,3,21,8,16,2,06松山區,松山區撫遠街306號,0,0,2,2,C04,6,1,5,50,14,9,1,4,4,5,7,2,1,9,4,5,2,11,1,25,2,9,1,1,7,9,1,10,1,14,,44,8,1,22,9,121.5663631,25.0617289
111,3,21,8,20,2,03中山區,中山區民權東路2段42號,0,0,1,1,B01,7,1,5,50,14,9,1,5,4,5,7,4,4,1,4,5,2,12,1,46,3,10,1,4,7,15,1,3,1,6,,44,44,1,10,9,121.5295884,25.06251367
111,3,21,8,20,2,03中山區,中山區民權東路2段42號,0,0,1,2,C03,7,1,5,50,14,9,1,5,4,5,7,4,4,1,4,5,2,12,1,24,2,7,1,4,7,9,1,10,1,11,,23,44,1,22,9,121.5295884,25.06251367
111,3,21,8,30,2,12內湖區,內湖區成功路4段223巷15弄與成功路4段223巷口,0,0,2,1,C03,6,1,5,30,4,1,1,4,4,5,7,4,4,10,5,5,2,15,1,35,2,9,1,1,7,1,1,10,2,11,,19,19,1,22,9,121.5966513,25.08381039
111,3,21,8,30,2,12內湖區,內湖區成功路4段223巷15弄與成功路4段223巷口,0,0,2,2,C03,6,1,5,30,4,1,1,4,4,5,7,4,4,10,5,5,2,15,1,48,2,9,1,1,7,9,1,10,2,12,,23,19,1,22,9,121.5966513,25.08381039
111,3,21,8,32,2,11南港區,南港區南港路2段與興南街口,0,0,1,1,B03,6,1,5,40,3,1,1,4,4,5,7,2,1,9,4,4,2,12,1,49,3,10,1,1,7,7,1,8,1,7,,7,7,1,21,8,121.5975973,25.0540588
111,3,21,8,32,2,11南港區,南港區南港路2段與興南街口,0,0,1,2,C03,6,1,5,40,3,1,1,4,4,5,7,2,1,9,4,4,2,12,1,26,2,7,1,1,7,9,1,10,1,12,,23,7,1,21,8,121.5975973,25.0540588
111,3,21,8,40,2,06松山區,松山區麥帥一橋西往東,0,0,2,1,C03,7,1,5,40,14,11,1,4,4,5,7,4,4,1,4,5,2,17,1,61,3,10,1,1,7,7,1,10,2,14,,7,7,1,22,9,121.5721703,25.05208701
111,3,21,8,40,2,06松山區,松山區麥帥一橋西往東,0,0,2,2,C03,7,1,5,40,14,11,1,4,4,5,7,4,4,1,4,5,2,17,1,47,2,9,1,1,7,9,1,10,2,12,,13,7,1,22,9,121.5721703,25.05208701
111,3,21,8,40,2,06松山區,松山區麥帥一橋西往東,0,0,2,3,H02,7,1,5,40,14,11,1,4,4,5,7,4,4,1,4,5,2,17,2,47,2,9,4,5,7,21,8,20,10,16,,67,7,1,22,9,121.5721703,25.05208701
111,3,21,8,58,2,03中山區,中山區中山北路1段134號,0,0,2,1,C03,6,1,5,50,14,9,1,4,4,5,7,4,4,1,3,5,1,13,2,45,2,9,1,4,7,9,1,10,1,11,,42,42,1,22,9,121.5222136,25.0513839
111,3,21,8,58,2,03中山區,中山區中山北路1段134號,0,0,2,2,C03,6,1,5,50,14,9,1,4,4,5,7,4,4,1,3,5,1,13,1,27,2,9,1,4,7,9,1,10,1,13,,44,42,1,22,9,121.5222136,25.0513839
111,3,21,8,58,2,03中山區,中山區中山北路1段134號,0,0,2,3,C03,6,1,5,50,14,9,1,4,4,5,7,4,4,1,3,5,1,13,2,38,3,10,3,4,7,9,1,10,9,15,,44,42,1,22,9,121.5222136,25.0513839
111,3,21,9,0,2,10文山區,文山區木柵路3段66巷69號汽車停車格,0,0,1,1,C03,7,1,5,50,14,9,1,4,4,5,7,3,1,5,2,5,2,13,1,39,2,9,1,4,7,9,1,10,1,11,,16,16,1,22,9,121.5670751,24.9869067
111,3,21,9,0,2,10文山區,文山區木柵路3段66巷69號汽車停車格,0,0,1,2,B03,7,1,5,50,14,9,1,4,4,5,7,3,1,5,2,5,2,13,1,41,3,10,3,4,7,12,1,4,1,3,,23,16,1,22,9,121.5670751,24.9869067
111,3,21,9,10,2,10文山區,文山區景興路與景興路153巷口,0,0,1,1,B03,7,1,5,30,3,2,1,5,4,5,7,2,1,10,5,5,2,3,1,29,3,10,1,1,7,5,1,8,2,1,,15,15,1,22,9,121.5445967,24.99373855
111,3,21,9,10,2,10文山區,文山區景興路與景興路153巷口,0,0,1,2,H01,7,1,5,30,3,2,1,5,4,5,7,2,1,10,5,5,2,3,1,72,2,9,4,5,8,16,8,20,10,16,,67,15,1,22,9,121.5445967,24.99373855
111,3,21,9,16,2,09北投區,北投區振興街與天母西路130巷口,0,0,1,1,B12,7,1,5,30,3,1,1,5,4,5,7,4,4,5,4,5,2,16,1,57,3,10,1,1,7,5,1,8,2,1,,8,8,1,22,9,121.5220647,25.11837192
111,3,21,9,16,2,09北投區,北投區振興街與天母西路130巷口,0,0,1,2,C03,7,1,5,30,3,1,1,5,4,5,7,4,4,5,4,5,2,16,2,55,2,9,1,1,7,9,1,10,2,12,,44,8,1,22,9,121.5220647,25.11837192
111,3,21,9,22,2,07信義區,信義區中坡南路與中坡南路98巷口,0,0,1,1,C03,6,1,5,50,5,1,1,4,4,5,7,2,1,10,4,4,2,17,1,42,2,8,1,1,7,5,1,10,2,11,,8,8,1,22,9,121.5849877,25.0408327
111,3,21,9,22,2,07信義區,信義區中坡南路與中坡南路98巷口,0,0,1,2,B01,6,1,5,50,5,1,1,4,4,5,7,2,1,10,4,4,2,17,1,53,3,10,1,1,7,6,1,4,2,8,,9,8,1,22,9,121.5849877,25.0408327
111,3,21,9,50,2,11南港區,南港區市民大道8段與忠孝東路7段325巷口,0,0,1,1,B12,6,1,5,50,3,1,1,4,4,5,7,1,1,1,3,5,2,11,1,22,3,10,1,1,7,11,1,8,2,7,,10,10,1,22,9,121.6053469,25.05296421
111,3,21,9,50,2,11南港區,南港區市民大道8段與忠孝東路7段325巷口,0,0,1,2,C03,6,1,5,50,3,1,1,4,4,5,7,1,1,1,3,5,2,11,1,26,2,8,1,1,7,9,1,10,2,11,,23,10,1,22,9,121.6053469,25.05296421
111,3,21,9,57,2,03中山區,中山區南京東路2段178號,0,0,1,1,C03,7,1,5,50,14,7,1,5,4,5,7,4,4,1,4,4,2,17,1,26,2,9,1,4,7,9,1,10,1,11,13,16,16,1,22,9,121.5349377,25.05191887
111,3,21,9,57,2,03中山區,中山區南京東路2段178號,0,0,1,2,C03,7,1,5,50,14,7,1,5,4,5,7,4,4,1,4,4,2,17,2,26,3,10,1,4,7,9,1,10,11,13,,44,16,1,22,9,121.5349377,25.05191887
111,3,21,9,57,2,03中山區,中山區南京東路2段178號,0,0,1,3,C03,7,1,5,50,14,7,1,5,4,5,7,4,4,1,4,4,2,17,2,37,3,10,1,4,7,9,1,10,1,11,,16,16,1,22,9,121.5349377,25.05191887
111,3,21,10,5,2,03中山區,中山區復興北路與遼寧街185巷口,0,0,1,2,F01,8,1,5,0,3,1,1,5,4,5,7,1,1,10,5,5,2,9,2,63,2,9,1,1,7,9,8,20,1,16,,44,,1,22,9,121.5438969,25.0533401
111,3,21,10,5,2,03中山區,中山區復興北路與遼寧街185巷口,0,0,1,1,G06,8,1,5,0,3,1,1,5,4,5,7,1,1,10,5,5,2,9,1,25,3,10,4,4,7,15,7,19,1,15,,38,,1,22,9,121.5438969,25.0533401
111,3,21,10,29,2,08士林區,士林區忠誠路2段41巷45弄與士東路200巷58弄口,0,0,1,1,C03,8,1,5,30,4,2,1,5,4,5,7,4,4,10,5,5,1,17,1,21,3,10,1,1,7,9,1,10,2,12,,6,6,1,22,9,121.5328888,25.11045319
111,3,21,10,29,2,08士林區,士林區忠誠路2段41巷45弄與士東路200巷58弄口,0,0,1,2,C03,8,1,5,30,4,2,1,5,4,5,7,4,4,10,5,5,1,17,1,23,2,9,1,1,7,9,1,10,2,11,,13,6,1,22,9,121.5328888,25.11045319
111,3,21,10,33,2,03中山區,中山區新生北路2段與民生東路2段口,0,0,1,1,C03,7,1,5,50,4,1,1,4,4,5,7,1,1,1,3,5,1,17,2,24,3,10,1,1,7,5,1,10,1,15,,8,8,1,22,9,121.5274548,25.05818421
111,3,21,10,33,2,03中山區,中山區新生北路2段與民生東路2段口,0,0,1,2,C03,7,1,5,50,4,1,1,4,4,5,7,1,1,1,3,5,1,17,2,29,2,9,1,1,7,9,1,10,1,14,,44,8,1,22,9,121.5274548,25.05818421
111,3,21,10,34,2,04大安區,大安區富陽街138號前,0,0,1,1,C03,8,1,5,50,14,9,1,5,4,5,7,4,4,10,4,5,2,17,1,58,2,9,1,1,7,13,1,10,1,13,,38,38,1,22,9,121.5568056,25.018883
111,3,21,10,34,2,04大安區,大安區富陽街138號前,0,0,1,2,B03,8,1,5,50,14,9,1,5,4,5,7,4,4,10,4,5,2,17,2,42,3,10,1,1,7,9,1,8,1,5,,23,38,1,22,9,121.5568056,25.018883
111,3,21,10,34,2,04大安區,大安區富陽街138號前,0,0,1,4,C03,8,1,5,50,14,9,1,5,4,5,7,4,4,10,4,5,2,17,3,,,,,,,,,,,,,67,38,1,,,121.5568056,25.018883
111,3,21,10,34,2,04大安區,大安區富陽街138號前,0,0,1,3,C03,8,1,5,50,14,9,1,5,4,5,7,4,4,10,4,5,2,17,3,,,,,,,,,,,,,67,38,1,,,121.5568056,25.018883
111,3,21,10,50,2,10文山區,文山區新光路2段74巷(文和幹11號電桿),0,0,1,1,B03,8,1,5,30,11,9,1,5,4,5,7,4,4,10,5,5,1,19,1,65,2,9,1,1,7,9,1,8,1,1,,23,23,1,22,9,121.5961539,24.9862016
111,3,21,10,50,2,10文山區,文山區新光路2段74巷(文和幹11號電桿),0,0,1,2,,8,1,5,30,11,9,1,5,4,5,7,4,4,10,5,5,1,19,3,,,,,,,,,,,,,67,23,,,,121.5961539,24.9862016