發生年度,發生月,發生日,發生時-Hours,發生分,處理別-編號,區序,肇事地點,死亡人數,2-30日死亡人數,受傷人數,當事人序號,車種,天候,光線,道路類別,速限-速度限制,道路型態,事故位置,路面狀況1,路面狀況2,路面狀況3,道路障礙1,道路障礙2,號誌1,號誌2,車道劃分-分向,車道劃分-分道1,車道劃分-分道2,車道劃分-分道3,事故類型及型態,性別,年齡,受傷程度,主要傷處,安全帽,行動電話,車輛用途,當事者行動狀態,駕駛資格情形,駕駛執照種類,飲酒情形,車輛撞擊部位1,車輛撞擊部位2,肇因碼-個別,肇因碼-主要,個人肇逃否,職業,旅次目的,座標-X,座標-Y
111,3,21,10,50,2,10文山區,文山區新光路2段74巷(文和幹11號電桿),0,0,1,3,,8,1,5,30,11,9,1,5,4,5,7,4,4,10,5,5,1,19,3,,,,,,,,,,,,,67,23,,,,121.5961539,24.9862016
111,3,21,10,55,2,06松山區,松山區健康路與延壽街356巷口,0,0,1,1,C04,8,1,5,50,3,2,1,5,4,5,7,3,1,1,4,4,2,13,1,26,2,8,1,1,7,9,1,11,1,11,,23,23,1,22,9,121.5591651,25.05391239
111,3,21,10,55,2,06松山區,松山區健康路與延壽街356巷口,0,0,1,2,B03,8,1,5,50,3,2,1,5,4,5,7,3,1,1,4,4,2,13,1,59,3,10,1,1,7,9,1,8,1,6,,13,23,1,22,9,121.5591651,25.05391239
111,3,21,11,29,2,02萬華區,萬華區中華路1段與桂林路口,0,0,1,1,C03,8,1,5,50,5,2,1,5,4,5,7,2,1,1,4,1,2,12,2,47,2,9,1,1,7,6,1,10,1,12,,9,9,1,22,9,121.5067452,25.03752614
111,3,21,11,29,2,02萬華區,萬華區中華路1段與桂林路口,0,0,1,2,B03,8,1,5,50,5,2,1,5,4,5,7,2,1,1,4,1,2,12,1,34,3,10,1,1,7,9,1,8,1,4,,44,9,1,22,9,121.5067452,25.03752614
111,3,21,11,59,2,12內湖區,內湖區永保街與安康路228巷口,0,0,1,1,B03,8,1,5,40,3,1,1,5,4,5,7,4,4,10,5,5,2,12,1,60,3,10,1,1,7,6,1,5,2,6,,9,9,1,22,9,121.6031909,25.06402221
111,3,21,11,59,2,12內湖區,內湖區永保街與安康路228巷口,0,0,1,2,C03,8,1,5,40,3,1,1,5,4,5,7,4,4,10,5,5,2,12,1,24,2,8,1,1,7,9,1,10,2,14,,23,9,1,22,9,121.6031909,25.06402221
111,3,21,12,35,2,11南港區,南港區松河街與重陽路125巷口,0,0,1,1,C03,8,1,5,40,3,1,1,5,4,5,7,2,1,4,5,5,1,17,1,24,3,10,3,4,7,4,1,10,1,12,,1,1,1,22,9,121.5973431,25.05841477
111,3,21,12,35,2,11南港區,南港區松河街與重陽路125巷口,0,0,1,2,C03,8,1,5,40,3,1,1,5,4,5,7,2,1,4,5,5,1,17,1,36,2,8,3,4,7,5,1,10,1,14,,44,1,1,22,9,121.5973431,25.05841477
111,3,21,12,45,2,10文山區,文山區木柵路5段43巷反光鏡前,0,0,2,1,C03,6,1,5,30,11,9,2,4,4,5,7,4,4,8,5,5,1,18,1,29,2,9,1,1,7,5,1,10,11,14,,44,44,1,22,9,121.5895277,25.01093769
111,3,21,12,45,2,10文山區,文山區木柵路5段43巷反光鏡前,0,0,2,2,,6,1,5,30,11,9,2,4,4,5,7,4,4,8,5,5,1,18,3,,,,,,,,,,,,,67,44,1,,,121.5895277,25.01093769
111,3,21,12,45,2,10文山區,文山區木柵路5段43巷反光鏡前,0,0,2,3,H02,6,1,5,30,11,9,2,4,4,5,7,4,4,8,5,5,1,18,2,31,2,9,4,5,7,21,8,20,10,15,,67,44,1,22,9,121.5895277,25.01093769
111,3,21,12,47,2,08士林區,士林區中山北路5段470巷與中山北路5段口,0,0,1,1,B03,8,1,5,50,3,1,1,5,4,5,7,4,4,1,5,5,1,17,1,21,3,10,1,1,7,6,1,8,2,6,,9,9,1,21,8,121.5279054,25.09222801
111,3,21,12,47,2,08士林區,士林區中山北路5段470巷與中山北路5段口,0,0,1,2,C01,8,1,5,50,3,1,1,5,4,5,7,4,4,1,5,5,1,17,1,51,2,7,1,1,7,9,1,9,2,11,,23,9,1,21,8,121.5279054,25.09222801
111,3,21,12,50,2,06松山區,松山區新東街51巷9號,0,0,1,1,B03,8,1,5,30,14,9,1,5,4,5,7,4,4,10,5,5,2,16,2,52,3,10,1,1,7,9,1,8,1,2,,23,23,1,22,9,121.5647213,25.06158859
111,3,21,12,50,2,06松山區,松山區新東街51巷9號,0,0,1,2,B03,8,1,5,30,14,9,1,5,4,5,7,4,4,10,5,5,2,16,1,41,2,7,1,1,7,13,1,8,1,4,,44,23,1,22,9,121.5647213,25.06158859
111,3,21,13,24,2,01大同區,大同區鄭州路與西寧北路口,0,0,1,1,B03,8,1,5,40,4,1,1,5,4,5,7,1,1,1,4,5,2,13,1,43,3,10,1,1,7,9,1,8,1,1,,26,26,1,22,9,121.5082019,25.05060269
111,3,21,13,24,2,01大同區,大同區鄭州路與西寧北路口,0,0,1,2,C03,8,1,5,40,4,1,1,5,4,5,7,1,1,1,4,5,2,13,1,24,2,8,1,1,7,5,1,10,1,13,,8,26,1,22,9,121.5082019,25.05060269
111,3,21,13,28,2,04大安區,大安區和平東路1段79號,0,0,1,1,B03,8,1,5,50,14,9,1,5,4,5,7,1,1,8,3,4,1,16,1,35,3,10,1,1,7,8,1,8,1,5,,7,7,1,22,9,121.5258554,25.02673185
111,3,21,13,28,2,04大安區,大安區和平東路1段79號,0,0,1,2,C03,8,1,5,50,14,9,1,5,4,5,7,1,1,8,3,4,1,16,2,20,2,9,1,1,7,9,1,10,1,14,,44,7,1,22,9,121.5258554,25.02673185
111,3,21,13,35,2,10文山區,文山區羅斯福路5段與羅斯福路5段176巷口,0,0,1,1,C03,8,1,5,50,3,2,1,5,4,5,7,4,4,1,4,5,2,16,1,21,3,10,1,1,7,6,1,10,2,12,,9,9,1,22,9,121.5386125,25.00412224
111,3,21,13,35,2,10文山區,文山區羅斯福路5段與羅斯福路5段176巷口,0,0,1,2,C03,8,1,5,50,3,2,1,5,4,5,7,4,4,1,4,5,2,16,2,64,2,9,1,1,7,9,1,10,2,14,,44,9,1,22,9,121.5386125,25.00412224
111,3,21,13,35,2,10文山區,文山區羅斯福路5段與羅斯福路5段176巷口,0,0,1,3,H02,8,1,5,50,3,2,1,5,4,5,7,4,4,1,4,5,2,16,2,19,3,10,4,5,7,20,8,20,10,16,,67,9,1,22,9,121.5386125,25.00412224
111,3,21,13,45,2,06松山區,松山區三民路與三民路74巷口,0,0,1,1,C03,8,1,5,50,4,1,1,5,4,5,7,2,1,4,4,5,2,15,2,73,2,8,1,1,7,9,1,10,1,11,,25,25,1,22,9,121.5637134,25.05571065
111,3,21,13,45,2,06松山區,松山區三民路與三民路74巷口,0,0,1,2,C03,8,1,5,50,4,1,1,5,4,5,7,2,1,4,4,5,2,15,1,42,3,10,1,1,7,9,1,10,1,11,,44,25,1,22,9,121.5637134,25.05571065
111,3,21,13,54,2,08士林區,士林區延平北路5段234號,0,0,1,1,C02,8,1,5,50,14,9,1,5,4,5,7,4,4,1,4,5,1,12,1,41,3,10,3,4,7,1,1,9,1,14,,19,19,1,22,9,121.5099993,25.08426843
111,3,21,13,54,2,08士林區,士林區延平北路5段234號,0,0,1,2,C03,8,1,5,50,14,9,1,5,4,5,7,4,4,1,4,5,1,12,2,23,2,8,3,4,7,9,1,10,1,12,,44,19,1,22,9,121.5099993,25.08426843
111,3,21,14,35,2,12內湖區,內湖區瑞光路302號對面燈桿,0,0,1,1,B01,8,1,5,50,14,9,1,5,4,5,7,4,4,10,4,5,2,12,1,67,3,10,1,1,7,8,1,4,1,15,,7,7,1,22,9,121.5744013,25.07666561
111,3,21,14,35,2,12內湖區,內湖區瑞光路302號對面燈桿,0,0,1,2,C03,8,1,5,50,14,9,1,5,4,5,7,4,4,10,4,5,2,12,1,38,2,9,1,1,7,9,1,9,1,12,,44,7,1,22,9,121.5744013,25.07666561
111,3,21,14,40,2,05中正區,中正區市民大道1段與承德路1段口,0,0,2,1,C03,8,1,5,50,4,1,1,5,4,5,7,1,1,9,4,5,2,17,2,54,2,9,1,4,7,9,1,10,1,15,,23,23,1,22,9,121.5163898,25.04864009
111,3,21,14,40,2,05中正區,中正區市民大道1段與承德路1段口,0,0,2,2,C03,8,1,5,50,4,1,1,5,4,5,7,1,1,9,4,5,2,17,2,42,2,9,1,4,7,8,1,10,1,15,,7,23,1,22,9,121.5163898,25.04864009
111,3,21,15,0,2,02萬華區,萬華區西園路1段與和平西路3段口,0,0,1,2,B01,8,1,5,0,4,2,1,5,4,5,7,1,1,1,4,4,2,12,1,58,3,10,1,1,7,8,1,4,2,6,,7,4,1,22,9,121.4993798,25.03550006
111,3,21,15,0,2,02萬華區,萬華區西園路1段與和平西路3段口,0,0,1,3,C03,8,1,5,0,4,2,1,5,4,5,7,1,1,1,4,4,2,12,1,63,2,9,1,1,7,9,1,10,2,14,,44,4,1,22,9,121.4993798,25.03550006
111,3,21,15,0,2,02萬華區,萬華區西園路1段與和平西路3段口,0,0,1,1,F01,8,1,5,0,4,2,1,5,4,5,7,1,1,1,4,4,2,12,1,74,3,10,1,1,7,10,8,20,2,16,,4,4,1,22,9,121.4993798,25.03550006
111,3,21,15,24,2,03中山區,中山區建國高架道往南民權匝道,0,0,2,1,B03,8,1,5,40,10,16,1,5,4,5,7,1,1,10,5,5,2,13,1,35,3,10,3,4,7,9,1,8,1,1,,16,16,1,22,9,121.5361813,25.06560627
111,3,21,15,24,2,03中山區,中山區建國高架道往南民權匝道,0,0,2,2,B03,8,1,5,40,10,16,1,5,4,5,7,1,1,10,5,5,2,13,1,65,2,8,3,4,7,14,1,8,1,3,,44,16,1,22,9,121.5361813,25.06560627
111,3,21,15,24,2,03中山區,中山區建國高架道往南民權匝道,0,0,2,3,B03,8,1,5,40,10,16,1,5,4,5,7,1,1,10,5,5,2,13,1,66,3,10,3,1,7,14,1,8,1,3,,44,16,1,22,9,121.5361813,25.06560627
111,3,21,15,24,2,03中山區,中山區建國高架道往南民權匝道,0,0,2,4,H02,8,1,5,40,10,16,1,5,4,5,7,1,1,10,5,5,2,13,2,65,2,9,3,5,7,21,8,20,10,16,,67,16,1,22,9,121.5361813,25.06560627
111,3,21,15,35,2,12內湖區,內湖區民權東路6段與舊宗路2段口,0,0,1,1,B02,8,1,5,50,4,2,1,5,4,5,7,1,1,1,4,5,2,12,1,63,3,10,1,1,7,1,1,8,1,5,,23,23,1,22,9,121.5748808,25.06597328
111,3,21,15,35,2,12內湖區,內湖區民權東路6段與舊宗路2段口,0,0,1,2,C03,8,1,5,50,4,2,1,5,4,5,7,1,1,1,4,5,2,12,1,23,2,8,1,1,7,10,1,10,1,15,,26,23,1,22,9,121.5748808,25.06597328
111,3,21,15,53,2,08士林區,士林區中山北路6段與德行西路口,0,0,1,1,C03,8,1,5,50,4,2,1,5,4,5,7,2,1,3,4,5,1,17,1,69,2,8,1,1,7,7,1,10,1,11,,44,44,1,22,9,121.5248638,25.10670567
111,3,21,15,53,2,08士林區,士林區中山北路6段與德行西路口,0,0,1,2,B03,8,1,5,50,4,2,1,5,4,5,7,2,1,3,4,5,1,17,1,72,3,10,1,1,7,14,1,8,1,6,,44,44,1,22,9,121.5248638,25.10670567
111,3,21,15,53,2,08士林區,士林區中山北路6段與德行西路口,0,0,1,3,B03,8,1,5,50,4,2,1,5,4,5,7,2,1,3,4,5,1,17,1,68,3,10,1,1,7,7,1,8,1,15,,7,44,1,22,9,121.5248638,25.10670567
111,3,21,16,3,2,02萬華區,萬華區西園路2段與西園路2段50巷口,0,0,2,1,C03,8,1,5,50,4,1,1,5,4,5,7,1,1,1,4,5,2,17,2,59,2,8,1,4,7,5,1,10,2,13,,26,26,1,22,9,121.4973505,25.03207127
111,3,21,16,3,2,02萬華區,萬華區西園路2段與西園路2段50巷口,0,0,2,2,C03,8,1,5,50,4,1,1,5,4,5,7,1,1,1,4,5,2,17,1,25,2,9,1,4,7,9,1,10,2,11,,26,26,1,22,9,121.4973505,25.03207127
111,3,21,16,25,2,08士林區,士林區延平北路5段284號前,0,0,1,1,C03,8,1,5,50,14,9,1,5,4,5,7,4,4,1,4,5,1,16,1,61,3,10,1,1,7,7,1,10,1,13,,7,7,1,21,8,121.5097094,25.08545406
111,3,21,16,25,2,08士林區,士林區延平北路5段284號前,0,0,1,2,C03,8,1,5,50,14,9,1,5,4,5,7,4,4,1,4,5,1,16,1,43,2,9,1,1,7,9,1,9,1,12,,44,7,1,21,8,121.5097094,25.08545406
111,3,21,16,31,2,01大同區,大同區雙連街與萬全街口,0,0,1,1,C03,8,1,5,30,4,1,1,5,4,5,7,4,4,10,5,5,2,15,1,44,2,8,1,1,7,9,1,9,1,12,,6,6,1,22,9,121.5190382,25.05853923
111,3,21,16,31,2,01大同區,大同區雙連街與萬全街口,0,0,1,2,B03,8,1,5,30,4,1,1,5,4,5,7,4,4,10,5,5,2,15,1,59,3,10,3,4,7,9,1,8,1,1,,23,6,1,22,9,121.5190382,25.05853923
111,3,21,16,40,2,09北投區,北投區湖底路11號,0,0,1,1,,8,1,5,30,14,9,1,5,4,5,7,4,4,10,5,5,1,29,3,,,,,,,,,,,,,67,67,1,,,121.5375453,25.14768497
111,3,21,16,40,2,09北投區,北投區湖底路11號,0,0,1,2,C03,8,1,5,30,14,9,1,5,4,5,7,4,4,10,5,5,1,29,2,41,2,9,1,1,7,9,1,10,1,15,,43,67,1,22,9,121.5375453,25.14768497
111,3,21,17,16,2,01大同區,大同區承德路3段與承德路3段254巷口,0,0,1,1,C03,8,1,5,50,4,2,1,5,4,5,7,2,1,1,4,5,2,13,1,22,2,8,1,1,7,9,1,10,2,11,,16,16,1,22,9,121.5190835,25.07308811
111,3,21,17,16,2,01大同區,大同區承德路3段與承德路3段254巷口,0,0,1,2,B02,8,1,5,50,4,2,1,5,4,5,7,2,1,1,4,5,2,13,1,55,3,10,1,1,7,9,1,8,2,3,,44,16,1,22,9,121.5190835,25.07308811
111,3,21,17,25,2,02萬華區,萬華區中華路2段484巷與中華路2段口,0,0,2,2,C03,8,1,5,50,4,1,1,5,4,5,7,2,1,10,5,5,1,11,2,31,2,7,1,4,7,9,1,10,1,11,,44,6,1,22,9,121.5070764,25.02672679
111,3,21,17,25,2,02萬華區,萬華區中華路2段484巷與中華路2段口,0,0,2,1,C03,8,1,5,50,4,1,1,5,4,5,7,2,1,10,5,5,1,11,1,74,4,11,3,4,7,15,7,19,11,15,,6,6,2,22,9,121.5070764,25.02672679
111,3,21,17,25,2,02萬華區,萬華區中華路2段484巷與中華路2段口,0,0,2,3,H02,8,1,5,50,4,1,1,5,4,5,7,2,1,10,5,5,1,11,2,6,2,3,1,4,7,20,8,20,10,16,,67,6,1,22,9,121.5070764,25.02672679
111,3,21,17,40,2,09北投區,北投區承德路7段393巷與承德路7段口,0,0,1,1,B12,7,1,5,50,4,1,1,5,4,5,7,1,1,5,5,5,2,16,1,25,3,10,1,1,7,5,1,8,1,4,,8,8,1,22,9,121.501444,25.11967325
111,3,21,17,40,2,09北投區,北投區承德路7段393巷與承德路7段口,0,0,1,2,F01,7,1,5,50,4,1,1,5,4,5,7,1,1,5,5,5,2,16,2,44,2,9,1,1,7,11,8,20,1,16,,11,8,1,22,9,121.501444,25.11967325
111,3,21,17,40,2,11南港區,南港區市民大道8段與富康街口,0,0,2,1,C03,8,1,5,50,4,1,1,5,4,5,7,1,1,10,4,5,2,11,2,51,2,8,1,4,7,5,1,10,1,11,,6,6,1,22,9,121.6164785,25.05447804
111,3,21,17,40,2,11南港區,南港區市民大道8段與富康街口,0,0,2,2,C03,8,1,5,50,4,1,1,5,4,5,7,1,1,10,4,5,2,11,1,43,2,8,1,4,7,9,1,10,1,11,,44,6,1,22,9,121.6164785,25.05447804
111,3,21,17,47,2,02萬華區,萬華區環河南路2段與雙園街口,0,0,2,1,C03,8,1,5,30,5,1,1,5,4,5,7,2,1,3,4,5,2,16,1,68,2,9,1,4,7,5,1,10,2,14,,8,8,1,22,9,121.4914046,25.03208307
111,3,21,17,47,2,02萬華區,萬華區環河南路2段與雙園街口,0,0,2,2,C03,8,1,5,30,5,1,1,5,4,5,7,2,1,3,4,5,2,16,2,40,2,9,1,4,7,9,1,10,2,12,,44,8,1,22,9,121.4914046,25.03208307
111,3,21,18,15,2,07信義區,信義區基隆路1段與忠孝東路4段口,0,0,2,1,C03,8,1,5,50,4,2,1,5,4,5,7,1,1,1,4,5,2,16,1,65,2,9,3,4,7,10,1,10,1,14,,7,7,1,22,9,121.5645454,25.0414851
111,3,21,18,15,2,07信義區,信義區基隆路1段與忠孝東路4段口,0,0,2,2,B03,8,1,5,50,4,2,1,5,4,5,7,1,1,1,4,5,2,16,2,50,3,10,3,4,7,9,1,10,1,2,,44,7,1,22,9,121.5645454,25.0414851
111,3,21,18,15,2,07信義區,信義區基隆路1段與忠孝東路4段口,0,0,2,3,H02,8,1,5,50,4,2,1,5,4,5,7,1,1,1,4,5,2,16,1,25,2,9,3,4,7,20,8,20,10,16,,67,7,1,22,9,121.5645454,25.0414851
111,3,21,18,25,2,11南港區,南港區南港路1段與興中路口,0,0,1,1,B03,8,3,5,50,4,1,1,5,4,5,7,1,1,4,4,5,2,15,1,22,3,10,1,1,7,3,1,8,2,2,,6,6,1,22,9,121.6074912,25.05449148
111,3,21,18,25,2,11南港區,南港區南港路1段與興中路口,0,0,1,2,C03,8,3,5,50,4,1,1,5,4,5,7,1,1,4,4,5,2,15,1,48,2,9,1,1,7,9,1,10,2,11,,23,6,1,22,9,121.6074912,25.05449148
111,3,21,18,31,2,07信義區,信義區福德街與大道路口,0,0,1,1,C03,8,3,5,50,4,2,1,5,4,1,7,2,1,10,4,5,2,12,1,43,3,10,3,4,7,5,6,18,1,14,,8,8,1,22,9,121.5837836,25.03800478
111,3,21,18,31,2,07信義區,信義區福德街與大道路口,0,0,1,2,C03,8,3,5,50,4,2,1,5,4,1,7,2,1,10,4,5,2,12,2,32,2,8,3,4,7,5,1,10,1,12,,44,8,1,22,9,121.5837836,25.03800478
111,3,21,18,47,2,01大同區,大同區重慶北路2段193號,0,0,1,2,C03,8,3,5,50,14,9,1,5,4,5,7,4,4,1,4,5,2,17,1,29,2,9,3,4,7,9,1,10,2,12,,23,42,1,22,9,121.5136586,25.06020296
111,3,21,18,47,2,01大同區,大同區重慶北路2段193號,0,0,1,1,C03,8,3,5,50,14,9,1,5,4,5,7,4,4,1,4,5,2,17,1,53,4,11,3,4,7,15,7,19,11,15,,42,42,2,22,9,121.5136586,25.06020296
111,3,21,18,50,2,08士林區,士林區德行西路與德行西路93巷口,0,0,2,1,C03,8,3,5,50,4,2,1,5,4,5,7,4,4,5,4,5,2,3,1,33,2,9,1,1,7,9,1,10,1,11,,15,15,1,22,9,121.5214405,25.1043201
111,3,21,18,50,2,08士林區,士林區德行西路與德行西路93巷口,0,0,2,2,H01,8,3,5,50,4,2,1,5,4,5,7,4,4,5,4,5,2,3,2,62,2,9,4,5,8,16,8,20,10,16,,67,15,1,22,9,121.5214405,25.1043201
111,3,21,19,5,2,05中正區,中正區永福橋(往新北市方向),0,0,1,1,B03,8,3,5,50,8,9,1,5,4,5,7,4,4,4,4,5,1,17,2,24,3,10,1,1,7,6,1,8,1,8,,43,43,1,22,9,121.5281211,25.01169672
111,3,21,19,5,2,05中正區,中正區永福橋(往新北市方向),0,0,1,3,H02,8,3,5,50,8,9,1,5,4,5,7,4,4,4,4,5,1,17,2,71,2,8,1,5,7,20,8,20,10,16,,67,43,1,22,9,121.5281211,25.01169672
111,3,21,19,5,2,05中正區,中正區永福橋(往新北市方向),0,0,1,2,C03,8,3,5,50,8,9,1,5,4,5,7,4,4,4,4,5,1,17,1,43,3,10,1,1,7,9,1,10,1,12,,43,43,1,22,9,121.5281211,25.01169672
111,3,21,19,13,2,07信義區,信義區光復南路415巷86號,0,0,1,1,B03,7,3,5,30,14,9,1,5,4,5,7,4,4,9,4,5,1,17,2,52,3,10,3,4,7,9,1,8,1,8,,6,6,1,22,9,121.5584377,25.03716352
111,3,21,19,13,2,07信義區,信義區光復南路415巷86號,0,0,1,2,C03,7,3,5,30,14,9,1,5,4,5,7,4,4,9,4,5,1,17,1,31,2,8,3,4,7,9,1,10,1,12,,14,6,1,22,9,121.5584377,25.03716352
111,3,21,19,15,2,07信義區,信義區松智路17號,0,0,1,1,C03,8,3,5,50,14,9,1,5,4,5,7,4,4,10,5,5,2,13,2,42,2,9,1,1,7,9,1,10,1,11,,23,23,1,22,9,121.5654737,25.03495907
111,3,21,19,15,2,07信義區,信義區松智路17號,0,0,1,2,B03,8,3,5,50,14,9,1,5,4,5,7,4,4,10,5,5,2,13,1,38,3,10,1,1,7,14,1,8,1,7,,38,23,1,22,9,121.5654737,25.03495907
111,3,21,19,28,2,03中山區,中山區民權東路3段39巷與龍江路331巷口,0,0,1,1,C04,7,3,5,30,4,1,1,5,4,5,7,4,4,8,5,5,1,15,1,42,2,8,3,4,7,9,1,10,1,14,,6,6,1,22,9,121.5425358,25.06292508
111,3,21,19,28,2,03中山區,中山區民權東路3段39巷與龍江路331巷口,0,0,1,2,B03,7,3,5,30,4,1,1,5,4,5,7,4,4,8,5,5,1,15,1,40,3,10,3,4,7,9,1,8,1,5,,14,6,1,22,9,121.5425358,25.06292508
111,3,21,20,4,2,08士林區,士林區至善路1段與福林路254巷口,0,0,2,1,C03,8,3,5,50,3,2,1,5,4,5,7,1,1,1,4,4,2,17,1,21,2,9,1,1,7,6,1,10,1,14,,23,23,1,22,9,121.5377483,25.09797502
111,3,21,20,4,2,08士林區,士林區至善路1段與福林路254巷口,0,0,2,2,B01,8,3,5,50,3,2,1,5,4,5,7,1,1,1,4,4,2,17,1,43,3,10,1,1,7,6,1,4,1,2,,44,23,1,22,9,121.5377483,25.09797502
111,3,21,20,4,2,08士林區,士林區至善路1段與福林路254巷口,0,0,2,3,H02,8,3,5,50,3,2,1,5,4,5,7,1,1,1,4,4,2,17,1,20,2,9,1,5,7,20,8,20,10,16,,67,23,1,22,9,121.5377483,25.09797502
111,3,21,20,25,2,07信義區,信義區松智路17號對面,0,0,1,2,F01,7,3,8,0,15,20,2,5,4,5,7,4,4,10,5,5,2,17,2,38,2,8,1,1,7,9,8,20,1,16,,43,43,1,22,9,121.5653476,25.03491382
111,3,21,20,25,2,07信義區,信義區松智路17號對面,0,0,1,1,,7,3,8,0,15,20,2,5,4,5,7,4,4,10,5,5,2,17,4,,4,11,3,4,7,15,7,19,11,15,,43,43,2,22,9,121.5653476,25.03491382
111,3,21,20,40,2,10文山區,文山區木柵路4段與木柵路4段21巷口,0,0,1,1,C03,8,3,5,50,14,9,1,5,4,5,7,4,4,5,2,5,2,16,1,29,2,9,1,1,7,7,1,10,2,12,14,7,7,1,22,9,121.5714717,24.99324515
111,3,21,20,40,2,10文山區,文山區木柵路4段與木柵路4段21巷口,0,0,1,2,B03,8,3,5,50,14,9,1,5,4,5,7,4,4,5,2,5,2,16,1,50,3,10,1,1,7,14,1,8,2,2,6,44,7,1,22,9,121.5714717,24.99324515
111,3,21,20,40,2,10文山區,文山區木柵路4段與木柵路4段21巷口,0,0,1,3,A02,8,3,5,50,14,9,1,5,4,5,7,4,4,5,2,5,2,16,1,46,3,10,1,1,7,9,1,2,2,7,,44,7,1,22,9,121.5714717,24.99324515
111,3,21,20,50,2,01大同區,大同區忠孝西路1段與延平北路1段口,0,0,2,2,A04,8,3,5,0,14,9,1,5,4,5,7,4,4,1,4,5,2,16,1,43,3,10,3,4,7,9,1,2,2,8,,44,26,1,22,9,121.5107704,25.04815856
111,3,21,20,50,2,01大同區,大同區忠孝西路1段與延平北路1段口,0,0,2,3,H02,8,3,5,0,14,9,1,5,4,5,7,4,4,1,4,5,2,16,2,66,2,9,4,5,7,20,8,20,10,16,,67,26,1,22,9,121.5107704,25.04815856
111,3,21,20,50,2,01大同區,大同區忠孝西路1段與延平北路1段口,0,0,2,1,B03,8,3,5,0,14,9,1,5,4,5,7,4,4,1,4,5,2,16,1,77,4,11,3,4,7,15,7,19,11,15,,26,26,2,22,9,121.5107704,25.04815856
111,3,21,20,50,2,01大同區,大同區忠孝西路1段與延平北路1段口,0,0,2,4,H02,8,3,5,0,14,9,1,5,4,5,7,4,4,1,4,5,2,16,2,28,2,1,4,5,7,20,8,20,10,16,,67,26,1,22,9,121.5107704,25.04815856
111,3,21,21,9,2,04大安區,大安區和平東路2段與和平東路2段311巷口,0,0,1,1,B03,8,3,5,50,3,1,1,5,4,5,7,1,1,1,4,5,2,3,1,56,3,10,1,4,7,5,1,8,1,1,,15,15,1,22,9,121.5451134,25.0248447
111,3,21,21,9,2,04大安區,大安區和平東路2段與和平東路2段311巷口,0,0,1,2,H01,8,3,5,50,3,1,1,5,4,5,7,1,1,1,4,5,2,3,2,81,2,1,4,5,8,16,8,20,10,16,,67,15,1,22,9,121.5451134,25.0248447
111,3,21,21,34,2,04大安區,大安區忠孝東路4段319號,0,0,1,1,B03,8,3,5,50,14,9,1,5,4,5,7,1,1,9,4,5,1,17,1,23,3,10,1,1,7,9,1,8,1,1,,25,25,1,22,9,121.5560227,25.0416082
111,3,21,21,34,2,04大安區,大安區忠孝東路4段319號,0,0,1,2,F02,8,3,5,50,14,9,1,5,4,5,7,1,1,9,4,5,1,17,1,34,2,9,1,1,7,11,8,20,1,16,,11,25,1,22,9,121.5560227,25.0416082
111,3,21,21,35,2,12內湖區,內湖區安康路414巷與安康路434巷口,0,0,1,1,B01,8,3,5,50,14,9,1,5,4,5,7,4,4,9,5,5,2,12,1,53,3,10,1,1,7,9,1,4,2,1,,23,23,1,22,9,121.6156883,25.06614351
111,3,21,21,35,2,12內湖區,內湖區安康路414巷與安康路434巷口,0,0,1,2,C03,8,3,5,50,14,9,1,5,4,5,7,4,4,9,5,5,2,12,2,22,2,9,1,1,7,5,1,10,2,13,,44,23,1,22,9,121.6156883,25.06614351
111,3,21,21,35,2,12內湖區,內湖區安康路414巷與安康路434巷口,0,0,1,3,C03,8,3,5,50,14,9,1,5,4,5,7,4,4,9,5,5,2,12,2,29,3,10,1,1,7,13,1,10,11,12,,44,23,1,22,9,121.6156883,25.06614351
111,3,21,21,35,2,12內湖區,內湖區安康路414巷與安康路434巷口,0,0,1,4,F03,8,3,5,50,14,9,1,5,4,5,7,4,4,9,5,5,2,12,3,,,,,,,,,,,,,67,23,1,,,121.6156883,25.06614351
111,3,21,21,35,2,12內湖區,內湖區安康路414巷與安康路434巷口,0,0,1,5,C03,8,3,5,50,14,9,1,5,4,5,7,4,4,9,5,5,2,12,2,54,3,10,1,1,7,13,1,10,11,12,,44,23,1,22,9,121.6156883,25.06614351
111,3,21,21,35,2,12內湖區,內湖區安康路414巷與安康路434巷口,0,0,1,6,C03,8,3,5,50,14,9,1,5,4,5,7,4,4,9,5,5,2,12,3,,,,,,,,,,,,,67,23,1,,,121.6156883,25.06614351
111,3,21,21,35,2,12內湖區,內湖區安康路414巷與安康路434巷口,0,0,1,7,F03,8,3,5,50,14,9,1,5,4,5,7,4,4,9,5,5,2,12,3,,,,,,,,,,,,,67,23,1,,,121.6156883,25.06614351
111,3,21,21,35,2,12內湖區,內湖區安康路414巷與安康路434巷口,0,0,1,8,C03,8,3,5,50,14,9,1,5,4,5,7,4,4,9,5,5,2,12,3,,,,,,,,,,,,,67,23,1,,,121.6156883,25.06614351
111,3,21,21,50,2,03中山區,中山區建國北路2段與合江街180巷口,0,0,1,1,B03,8,3,5,50,3,1,1,5,4,5,7,4,4,9,4,5,2,12,1,30,3,10,1,1,7,6,1,8,1,5,,9,9,1,5,5,121.5373203,25.06108748