發生年度,發生月,發生日,發生時-Hours,發生分,處理別-編號,區序,肇事地點,死亡人數,2-30日死亡人數,受傷人數,當事人序號,車種,天候,光線,道路類別,速限-速度限制,道路型態,事故位置,路面狀況1,路面狀況2,路面狀況3,道路障礙1,道路障礙2,號誌1,號誌2,車道劃分-分向,車道劃分-分道1,車道劃分-分道2,車道劃分-分道3,事故類型及型態,性別,年齡,受傷程度,主要傷處,安全帽,行動電話,車輛用途,當事者行動狀態,駕駛資格情形,駕駛執照種類,飲酒情形,車輛撞擊部位1,車輛撞擊部位2,肇因碼-個別,肇因碼-主要,個人肇逃否,職業,旅次目的,座標-X,座標-Y
111,3,21,21,50,2,03中山區,中山區建國北路2段與合江街180巷口,0,0,1,2,C03,8,3,5,50,3,1,1,5,4,5,7,4,4,9,4,5,2,12,1,19,2,9,1,1,7,9,1,10,1,14,,23,9,1,18,5,121.5373203,25.06108748
111,3,21,23,13,2,12內湖區,內湖區內湖路1段與內湖路1段91巷口,0,0,2,1,C03,8,3,5,50,4,1,1,5,4,5,7,2,1,10,5,5,2,16,1,27,2,9,1,1,7,9,1,10,1,12,,25,25,1,22,9,121.5611327,25.08433929
111,3,21,23,13,2,12內湖區,內湖區內湖路1段與內湖路1段91巷口,0,0,2,2,C03,8,3,5,50,4,1,1,5,4,5,7,2,1,10,5,5,2,16,2,33,2,9,1,1,7,1,1,10,1,11,,44,25,1,22,9,121.5611327,25.08433929
111,3,21,23,14,2,04大安區,大安區和平東路3段與基隆路2段口,0,0,1,1,B03,7,3,5,50,4,1,1,5,4,5,7,2,1,1,3,5,2,16,2,27,3,10,1,1,7,6,1,8,1,6,,9,9,1,22,9,121.5524365,25.02443022
111,3,21,23,14,2,04大安區,大安區和平東路3段與基隆路2段口,0,0,1,2,C03,7,3,5,50,4,1,1,5,4,5,7,2,1,1,3,5,2,16,1,29,2,9,1,1,7,9,1,10,1,11,,44,9,1,22,9,121.5524365,25.02443022
111,3,21,23,42,2,04大安區,大安區辛亥路3段與辛亥路3段157巷口,0,0,2,1,C03,7,3,5,50,4,1,1,5,4,5,7,2,1,8,3,5,2,12,1,22,2,9,3,4,7,8,1,10,1,12,,7,7,1,22,9,121.5490038,25.01696824
111,3,21,23,42,2,04大安區,大安區辛亥路3段與辛亥路3段157巷口,0,0,2,2,C03,7,3,5,50,4,1,1,5,4,5,7,2,1,8,3,5,2,12,1,36,3,10,3,4,7,9,1,10,1,11,,44,7,1,22,9,121.5490038,25.01696824
111,3,21,23,42,2,04大安區,大安區辛亥路3段與辛亥路3段157巷口,0,0,2,3,H02,7,3,5,50,4,1,1,5,4,5,7,2,1,8,3,5,2,12,1,21,2,8,3,4,7,20,8,20,10,16,,67,7,1,22,9,121.5490038,25.01696824
111,3,22,1,41,2,01大同區,大同區忠孝西路2段與西寧北路口,0,0,2,1,C03,8,3,5,50,4,1,1,5,4,5,7,2,1,5,2,5,2,16,1,56,2,7,3,4,7,9,1,10,1,11,,43,43,1,22,9,121.507637,25.04876942
111,3,22,1,41,2,01大同區,大同區忠孝西路2段與西寧北路口,0,0,2,2,C03,8,3,5,50,4,1,1,5,4,5,7,2,1,5,2,5,2,16,1,23,2,7,3,4,7,6,3,18,1,12,,43,43,1,22,9,121.507637,25.04876942
111,3,22,3,13,2,02萬華區,萬華區德昌街185巷72號,0,0,1,1,C03,6,3,5,30,14,9,1,4,4,5,7,4,4,10,5,5,2,17,1,25,3,10,1,1,7,9,1,9,1,11,,23,23,1,12,9,121.4929347,25.02234424
111,3,22,3,13,2,02萬華區,萬華區德昌街185巷72號,0,0,1,2,C03,6,3,5,30,14,9,1,4,4,5,7,4,4,10,5,5,2,17,1,56,2,9,1,1,7,3,3,18,1,15,,18,23,1,22,9,121.4929347,25.02234424
111,3,22,6,47,2,01大同區,大同區民權西路與重慶北路2段口,0,0,3,1,C03,6,1,5,50,14,9,1,4,4,5,7,4,4,1,4,5,2,17,1,65,2,9,3,4,7,9,1,10,2,11,,16,16,1,22,9,121.5142314,25.06288935
111,3,22,6,47,2,01大同區,大同區民權西路與重慶北路2段口,0,0,3,2,C03,6,1,5,50,14,9,1,4,4,5,7,4,4,1,4,5,2,17,1,19,3,10,3,4,7,12,1,10,2,13,,44,16,1,22,9,121.5142314,25.06288935
111,3,22,6,47,2,01大同區,大同區民權西路與重慶北路2段口,0,0,3,3,C03,6,1,5,50,14,9,1,4,4,5,7,4,4,1,4,5,2,17,1,47,2,8,3,4,7,9,1,10,2,11,,23,16,1,22,9,121.5142314,25.06288935
111,3,22,6,47,2,01大同區,大同區民權西路與重慶北路2段口,0,0,3,4,C03,6,1,5,50,14,9,1,4,4,5,7,4,4,1,4,5,2,17,1,59,2,9,3,4,7,15,1,10,2,15,,43,16,1,22,9,121.5142314,25.06288935
111,3,22,7,27,2,05中正區,中正區思源街與永福橋口,0,0,1,1,B03,7,1,5,50,4,2,1,4,4,5,7,2,1,5,4,5,2,15,1,52,3,10,1,1,7,9,1,8,2,1,,25,25,1,22,9,121.5303113,25.01352391
111,3,22,7,27,2,05中正區,中正區思源街與永福橋口,0,0,1,2,F01,7,1,5,50,4,2,1,4,4,5,7,2,1,5,4,5,2,15,1,61,2,9,1,1,7,11,8,20,2,16,,11,25,1,22,9,121.5303113,25.01352391
111,3,22,7,37,2,01大同區,大同區環河堤外便道三號水門旁,0,0,1,1,C03,7,1,5,0,14,11,1,4,4,5,7,2,1,2,4,5,2,12,2,52,4,11,3,4,7,8,7,19,11,15,,7,7,2,22,9,121.5065179,25.05082688
111,3,22,7,37,2,01大同區,大同區環河堤外便道三號水門旁,0,0,1,2,C03,7,1,5,0,14,11,1,4,4,5,7,2,1,2,4,5,2,12,2,36,2,9,1,4,7,9,1,10,1,11,,44,7,1,22,9,121.5065179,25.05082688
111,3,22,7,56,2,03中山區,中山區長春路與遼寧街口,0,0,1,1,H01,8,1,5,50,14,9,1,5,4,5,7,2,1,5,5,5,2,3,2,38,3,10,4,5,8,16,8,20,10,16,,52,52,1,22,9,121.5421316,25.05449542
111,3,22,7,56,2,03中山區,中山區長春路與遼寧街口,0,0,1,2,C03,8,1,5,50,14,9,1,5,4,5,7,2,1,5,5,5,2,3,1,26,2,9,1,1,7,9,1,10,1,12,,44,52,1,22,9,121.5421316,25.05449542
111,3,22,8,9,2,10文山區,文山區和興路與和興路26巷口,0,0,1,1,F01,7,1,5,30,3,1,1,5,4,5,7,4,4,10,5,5,2,17,1,56,2,9,1,1,7,5,8,20,1,16,,6,6,1,22,9,121.54638,24.98542591
111,3,22,8,9,2,10文山區,文山區和興路與和興路26巷口,0,0,1,2,B03,7,1,5,30,3,1,1,5,4,5,7,4,4,10,5,5,2,17,1,36,3,10,3,4,7,9,1,8,1,8,,23,6,1,22,9,121.54638,24.98542591
111,3,22,8,25,2,09北投區,北投區明德路與西安街1段口,0,0,1,1,C03,6,1,5,50,4,1,1,4,4,5,7,1,1,9,4,5,1,12,1,70,3,10,1,1,7,5,1,10,2,11,,8,8,1,22,9,121.5190472,25.10911809
111,3,22,8,25,2,09北投區,北投區明德路與西安街1段口,0,0,1,2,C03,6,1,5,50,4,1,1,4,4,5,7,1,1,9,4,5,1,12,1,40,2,9,1,1,7,5,1,10,2,14,,23,8,1,22,9,121.5190472,25.10911809
111,3,22,8,25,2,10文山區,文山區木柵路4段161號附近側附近,0,0,1,1,C03,7,1,5,50,11,9,1,5,4,5,7,1,1,8,3,5,2,16,1,26,2,9,1,1,7,9,1,10,2,11,14,13,13,1,22,9,121.5757851,24.99982574
111,3,22,8,25,2,10文山區,文山區木柵路4段161號附近側附近,0,0,1,2,B03,7,1,5,50,11,9,1,5,4,5,7,1,1,8,3,5,2,16,1,67,3,10,1,4,7,9,1,8,2,4,,4,13,1,22,9,121.5757851,24.99982574
111,3,22,8,25,2,10文山區,文山區木柵路4段161號附近側附近,0,0,1,3,B03,7,1,5,50,11,9,1,5,4,5,7,1,1,8,3,5,2,16,1,32,3,10,1,4,7,9,1,8,2,4,,44,13,1,22,9,121.5757851,24.99982574
111,3,22,8,40,2,12內湖區,內湖區南京東路6段338號,0,0,1,1,C03,7,1,5,30,14,9,1,5,4,5,7,4,4,10,5,5,2,17,2,38,3,10,1,1,7,7,1,10,1,15,,7,7,1,22,9,121.5848909,25.0583397
111,3,22,8,40,2,12內湖區,內湖區南京東路6段338號,0,0,1,2,C03,7,1,5,30,14,9,1,5,4,5,7,4,4,10,5,5,2,17,2,44,2,8,1,1,7,9,1,10,1,14,,42,7,1,22,9,121.5848909,25.0583397
111,3,22,8,40,2,12內湖區,內湖區南京東路6段338號,0,0,1,3,B03,7,1,5,30,14,9,1,5,4,5,7,4,4,10,5,5,2,17,1,55,3,10,3,4,7,13,1,8,11,15,,44,7,1,22,9,121.5848909,25.0583397
111,3,22,8,40,2,12內湖區,內湖區南京東路6段338號,0,0,1,4,,7,1,5,30,14,9,1,5,4,5,7,4,4,10,5,5,2,17,3,,,,,,,,,,,,,67,7,1,,,121.5848909,25.0583397
111,3,22,8,43,2,06松山區,松山區八德路4段與八德路4段207巷口,0,0,1,2,C03,8,1,5,50,4,1,1,5,4,5,7,2,1,1,4,5,2,17,1,29,2,9,1,1,7,9,1,10,1,15,,42,10,1,22,9,121.5640833,25.04881841
111,3,22,8,43,2,06松山區,松山區八德路4段與八德路4段207巷口,0,0,1,1,B03,8,1,5,50,4,1,1,5,4,5,7,2,1,1,4,5,2,17,1,33,3,10,1,1,7,11,1,8,11,15,,10,10,1,22,9,121.5640833,25.04881841
111,3,22,8,44,2,11南港區,南港區松河街與重陽路125巷口,0,0,1,1,B03,7,1,5,50,3,1,1,5,4,5,7,2,1,5,5,5,1,16,1,53,3,10,3,4,7,5,1,8,2,5,,8,8,1,22,9,121.5973357,25.05841636
111,3,22,8,44,2,11南港區,南港區松河街與重陽路125巷口,0,0,1,2,C03,7,1,5,50,3,1,1,5,4,5,7,2,1,5,5,5,1,16,1,30,2,9,1,4,7,9,1,10,2,11,,44,8,1,22,9,121.5973357,25.05841636
111,3,22,8,46,2,07信義區,信義區基隆路2段179號,0,0,1,1,C03,7,1,5,50,14,9,1,5,4,5,7,4,4,3,3,5,1,13,2,26,2,9,1,1,7,9,1,10,1,11,,16,16,1,22,9,121.5532127,25.0249286
111,3,22,8,46,2,07信義區,信義區基隆路2段179號,0,0,1,2,C03,7,1,5,50,14,9,1,5,4,5,7,4,4,3,3,5,1,13,1,24,3,10,1,1,7,9,1,10,1,13,,44,16,1,22,9,121.5532127,25.0249286
111,3,22,8,50,2,10文山區,文山區興隆路2段13號,0,0,1,1,B03,7,1,5,50,14,9,1,5,4,5,7,4,4,1,4,5,2,12,2,62,3,10,1,1,7,1,1,8,1,7,,19,19,1,22,9,121.5453494,24.99882343
111,3,22,8,50,2,10文山區,文山區興隆路2段13號,0,0,1,2,C03,7,1,5,50,14,9,1,5,4,5,7,4,4,1,4,5,2,12,1,29,2,9,1,1,7,9,1,10,1,11,,44,19,1,22,9,121.5453494,24.99882343
111,3,22,8,54,2,02萬華區,萬華區光復橋往台北市,0,0,3,1,C03,7,1,5,50,8,9,1,5,4,5,7,4,4,1,3,5,1,13,2,34,2,9,1,1,7,9,1,10,2,11,,23,23,1,22,9,121.4887212,25.023677
111,3,22,8,54,2,02萬華區,萬華區光復橋往台北市,0,0,3,2,B03,7,1,5,50,8,9,1,5,4,5,7,4,4,1,3,5,1,13,1,28,3,10,1,1,7,14,1,8,2,3,,44,23,1,22,9,121.4887212,25.023677
111,3,22,8,54,2,02萬華區,萬華區光復橋往台北市,0,0,3,3,C03,7,1,5,50,8,9,1,5,4,5,7,4,4,1,3,5,1,13,2,27,2,9,1,1,7,9,1,10,2,11,,44,23,1,22,9,121.4887212,25.023677
111,3,22,8,54,2,02萬華區,萬華區光復橋往台北市,0,0,3,4,C03,7,1,5,50,8,9,1,5,4,5,7,4,4,1,3,5,1,13,1,29,2,9,1,1,7,9,1,10,2,11,,44,23,1,22,9,121.4887212,25.023677
111,3,22,9,10,2,10文山區,文山區木柵路4段159巷與木柵路4段口,0,0,1,1,C03,8,1,5,50,3,2,1,5,4,5,7,2,1,9,4,5,1,13,1,59,2,9,1,1,7,9,1,10,1,11,,16,16,1,22,9,121.5756329,24.99974936
111,3,22,9,10,2,10文山區,文山區木柵路4段159巷與木柵路4段口,0,0,1,2,C03,8,1,5,50,3,2,1,5,4,5,7,2,1,9,4,5,1,13,2,45,3,10,1,1,7,9,1,10,1,13,,44,16,1,22,9,121.5756329,24.99974936
111,3,22,9,17,2,03中山區,中山區樂群一路與明水路口往東,0,0,2,1,C03,7,1,5,50,14,9,1,5,4,5,7,4,4,3,4,5,1,13,1,23,2,7,1,1,7,10,1,10,1,14,,7,7,1,22,9,121.5515542,25.07720762
111,3,22,9,17,2,03中山區,中山區樂群一路與明水路口往東,0,0,2,2,C03,7,1,5,50,14,9,1,5,4,5,7,4,4,3,4,5,1,13,1,42,2,8,1,1,7,9,1,10,1,11,,44,7,1,22,9,121.5515542,25.07720762
111,3,22,9,17,2,09北投區,北投區石牌路1段166巷與致遠一路2段40巷口,0,0,1,1,B03,6,1,5,30,4,1,1,4,4,5,7,4,4,9,5,5,2,15,1,69,3,10,3,4,7,9,1,8,1,1,,44,44,1,22,9,121.5138555,25.11395459
111,3,22,9,17,2,09北投區,北投區石牌路1段166巷與致遠一路2段40巷口,0,0,1,2,C03,6,1,5,30,4,1,1,4,4,5,7,4,4,9,5,5,2,15,1,20,2,9,3,4,7,9,1,10,1,14,,44,44,1,22,9,121.5138555,25.11395459
111,3,22,9,17,2,10文山區,文山區保儀路與指南路1段口,0,0,1,1,B01,7,1,5,50,3,1,1,5,4,5,7,3,1,5,2,5,2,17,1,65,3,10,3,4,7,7,1,4,2,8,,7,7,1,22,9,121.568602,24.98767811
111,3,22,9,17,2,10文山區,文山區保儀路與指南路1段口,0,0,1,2,C03,7,1,5,50,3,1,1,5,4,5,7,3,1,5,2,5,2,17,1,19,2,9,1,4,7,9,1,10,2,12,,44,7,1,22,9,121.568602,24.98767811
111,3,22,9,30,2,12內湖區,內湖區港華街143號前,0,0,1,1,B03,7,1,5,50,14,9,1,5,4,5,7,1,1,5,5,5,2,13,1,46,3,10,1,1,7,9,1,8,2,1,,23,23,1,22,9,121.5722435,25.0839717
111,3,22,9,30,2,12內湖區,內湖區港華街143號前,0,0,1,2,C03,7,1,5,50,14,9,1,5,4,5,7,1,1,5,5,5,2,13,2,68,2,9,1,1,7,14,1,10,2,13,,44,23,1,22,9,121.5722435,25.0839717
111,3,22,10,24,2,11南港區,南港區向陽路188號,0,0,2,1,C03,8,1,5,50,14,9,1,5,4,5,7,4,4,1,4,5,2,12,1,48,2,7,1,1,7,8,1,10,2,11,,16,16,1,22,9,121.5937768,25.05637151
111,3,22,10,24,2,11南港區,南港區向陽路188號,0,0,2,2,C03,8,1,5,50,14,9,1,5,4,5,7,4,4,1,4,5,2,12,1,46,2,9,1,1,7,9,1,10,2,13,,44,16,1,22,9,121.5937768,25.05637151
111,3,22,10,26,2,11南港區,南港區南港路2段262號,0,0,1,1,B12,7,1,5,50,14,7,1,5,4,5,7,4,4,4,3,4,2,17,1,46,3,10,3,4,7,9,1,8,2,15,,17,17,1,22,9,121.5966449,25.05433543
111,3,22,10,26,2,11南港區,南港區南港路2段262號,0,0,1,2,C03,7,1,5,50,14,7,1,5,4,5,7,4,4,4,3,4,2,17,1,67,2,9,3,4,7,9,1,10,2,14,,17,17,1,22,9,121.5966449,25.05433543
111,3,22,10,28,2,10文山區,文山區景興路282巷與景興路口,0,0,1,1,B03,8,1,5,50,3,1,1,5,4,5,7,2,1,5,5,5,2,3,1,72,3,10,1,1,7,2,1,8,11,6,,12,12,1,22,9,121.5423649,24.9895321
111,3,22,10,28,2,10文山區,文山區景興路282巷與景興路口,0,0,1,2,H01,8,1,5,50,3,1,1,5,4,5,7,2,1,5,5,5,2,3,1,19,2,8,4,5,8,16,8,20,10,16,,67,12,1,22,9,121.5423649,24.9895321
111,3,22,10,41,2,03中山區,中山區植福路189號,0,0,1,1,C03,7,1,5,50,14,9,1,5,4,5,7,4,4,9,5,5,2,17,1,20,2,9,1,1,7,9,1,10,2,15,,43,43,1,22,9,121.5599134,25.08353686
111,3,22,10,41,2,03中山區,中山區植福路189號,0,0,1,2,B03,7,1,5,50,14,9,1,5,4,5,7,4,4,9,5,5,2,17,1,40,3,10,1,1,7,5,1,8,2,15,,43,43,1,22,9,121.5599134,25.08353686
111,3,22,10,50,2,07信義區,信義區松平路與松平路30巷口,0,0,1,1,B03,8,1,5,30,3,1,1,5,4,5,7,4,4,9,4,5,2,12,2,55,3,10,1,1,7,6,1,8,1,2,,9,9,1,22,9,121.5631902,25.0302065
111,3,22,10,50,2,07信義區,信義區松平路與松平路30巷口,0,0,1,2,C03,8,1,5,30,3,1,1,5,4,5,7,4,4,9,4,5,2,12,1,27,2,8,1,1,7,9,1,10,1,14,,13,9,1,22,9,121.5631902,25.0302065
111,3,22,10,52,2,04大安區,大安區信義路3段33號前,0,0,1,1,C03,7,1,5,50,14,9,1,5,4,5,7,4,4,10,4,5,2,17,1,26,2,9,1,1,7,7,1,10,1,11,,23,23,1,22,9,121.5419955,25.03354763
111,3,22,10,52,2,04大安區,大安區信義路3段33號前,0,0,1,2,B03,7,1,5,50,14,9,1,5,4,5,7,4,4,10,4,5,2,17,1,24,3,10,1,1,7,14,1,8,1,6,,38,23,1,22,9,121.5419955,25.03354763
111,3,22,11,8,2,01大同區,大同區承德路1段與長安西路口,0,0,1,1,B01,7,1,5,50,4,2,1,5,4,5,7,2,1,1,4,5,2,12,1,67,2,1,3,4,7,6,1,4,1,7,,44,44,1,22,9,121.5172106,25.05083336
111,3,22,11,8,2,01大同區,大同區承德路1段與長安西路口,0,0,1,2,B01,7,1,5,50,4,2,1,5,4,5,7,2,1,1,4,5,2,12,1,55,3,10,3,4,7,6,1,4,1,5,,44,44,2,22,9,121.5172106,25.05083336
111,3,22,11,30,2,05中正區,中正區中華路2段75巷1弄39號,0,0,1,1,B01,8,1,5,30,14,9,1,5,4,5,7,4,4,10,5,5,2,7,1,63,3,10,1,1,7,2,1,4,1,3,,12,12,1,22,9,121.5067913,25.0350504
111,3,22,11,30,2,05中正區,中正區中華路2段75巷1弄39號,0,0,1,2,H01,8,1,5,30,14,9,1,5,4,5,7,4,4,10,5,5,2,7,2,70,2,9,4,5,8,16,8,20,10,16,,51,12,1,22,9,121.5067913,25.0350504
111,3,22,11,38,2,04大安區,大安區忠孝東路4段223巷與忠孝東路4段205巷7弄口,0,0,1,1,C03,8,1,5,30,4,1,1,5,4,5,7,4,4,10,5,5,2,15,1,37,2,9,1,1,7,9,1,10,2,11,,6,6,1,22,9,121.5529823,25.0420513
111,3,22,11,38,2,04大安區,大安區忠孝東路4段223巷與忠孝東路4段205巷7弄口,0,0,1,2,B03,8,1,5,30,4,1,1,5,4,5,7,4,4,10,5,5,2,15,1,24,3,10,1,1,7,9,1,8,2,8,,14,6,1,22,9,121.5529823,25.0420513
111,3,22,11,40,2,03中山區,中山區林森北路516號對面,0,0,1,1,B03,8,1,5,50,14,9,1,5,4,5,7,4,4,5,2,5,1,13,1,26,3,10,1,1,7,9,1,8,1,5,,23,23,1,22,9,121.5256387,25.06225674
111,3,22,11,40,2,03中山區,中山區林森北路516號對面,0,0,1,2,C03,8,1,5,50,14,9,1,5,4,5,7,4,4,5,2,5,1,13,1,67,2,9,1,1,7,9,1,10,1,13,,44,23,1,22,9,121.5256387,25.06225674
111,3,22,11,50,2,03中山區,中山區龍江路與興安街口,0,0,2,1,B01,8,1,5,50,4,1,1,5,4,5,7,1,1,7,4,5,2,15,1,49,3,10,1,4,7,9,1,8,1,5,,25,25,1,22,9,121.5405524,25.0561198
111,3,22,11,50,2,03中山區,中山區龍江路與興安街口,0,0,2,2,C03,8,1,5,50,4,1,1,5,4,5,7,1,1,7,4,5,2,15,1,48,2,9,1,4,7,9,1,10,1,14,,25,25,1,22,9,121.5405524,25.0561198
111,3,22,11,50,2,03中山區,中山區龍江路與興安街口,0,0,2,3,H02,8,1,5,50,4,1,1,5,4,5,7,1,1,7,4,5,2,15,2,45,2,9,1,4,7,20,8,20,10,16,,67,25,1,22,9,121.5405524,25.0561198
111,3,22,12,5,2,01大同區,大同區長安西路與塔城街口,0,0,1,1,B02,7,1,5,50,4,1,1,5,4,5,7,2,1,5,4,5,2,12,1,51,3,10,3,4,7,5,1,8,1,8,,8,8,1,22,9,121.5104445,25.05202408
111,3,22,12,5,2,01大同區,大同區長安西路與塔城街口,0,0,1,2,C03,7,1,5,50,4,1,1,5,4,5,7,2,1,5,4,5,2,12,1,19,2,9,1,1,7,9,1,10,1,12,,44,8,1,22,9,121.5104445,25.05202408
111,3,22,12,19,2,01大同區,大同區延平北路2段95號,0,0,1,1,B01,7,1,5,50,14,9,1,5,4,5,7,4,4,5,4,5,2,9,1,66,3,10,3,4,7,2,1,4,2,3,,12,12,1,22,9,121.5116151,25.05645082
111,3,22,12,19,2,01大同區,大同區延平北路2段95號,0,0,1,2,H01,7,1,5,50,14,9,1,5,4,5,7,4,4,5,4,5,2,9,1,72,2,9,4,5,8,17,8,20,10,16,,67,12,1,22,9,121.5116151,25.05645082
111,3,22,12,23,2,05中正區,中正區市民大道2段與金山北路口,0,0,1,1,C03,8,1,5,40,14,9,1,5,4,5,7,4,4,9,4,5,2,17,1,40,3,10,1,1,7,9,1,10,2,14,,23,23,1,22,9,121.5302775,25.04603025
111,3,22,12,23,2,05中正區,中正區市民大道2段與金山北路口,0,0,1,2,C03,8,1,5,40,14,9,1,5,4,5,7,4,4,9,4,5,2,17,2,23,2,9,1,1,7,9,1,10,2,12,,17,23,1,22,9,121.5302775,25.04603025
111,3,22,12,56,2,10文山區,文山區興隆路3段與興隆路3段112巷口,0,0,1,1,B12,7,1,5,50,14,9,1,5,4,5,7,1,1,1,4,5,2,17,1,63,3,10,1,1,7,9,1,8,11,6,,17,17,1,22,9,121.5578972,24.99904149
111,3,22,12,56,2,10文山區,文山區興隆路3段與興隆路3段112巷口,0,0,1,2,C03,7,1,5,50,14,9,1,5,4,5,7,1,1,1,4,5,2,17,1,62,2,8,1,1,7,9,1,10,1,14,,17,17,1,22,9,121.5578972,24.99904149
111,3,22,13,45,2,08士林區,士林區大南路與小西街口,0,0,1,1,B03,6,1,5,30,4,1,1,4,4,5,7,4,4,10,5,5,2,15,1,22,3,10,3,4,7,9,1,8,1,5,,6,6,1,22,9,121.5233639,25.08977281
111,3,22,13,45,2,08士林區,士林區大南路與小西街口,0,0,1,2,C03,6,1,5,30,4,1,1,4,4,5,7,4,4,10,5,5,2,15,1,27,2,9,1,4,7,9,1,10,1,14,,44,6,1,22,9,121.5233639,25.08977281
111,3,22,14,5,2,02萬華區,萬華區康定路與廣州街口,0,0,2,1,C03,8,1,5,50,4,1,1,5,4,5,7,2,1,5,4,5,2,17,1,81,2,7,1,1,7,5,1,10,2,12,,6,6,1,22,9,121.5014708,25.0365941
111,3,22,14,5,2,02萬華區,萬華區康定路與廣州街口,0,0,2,2,C03,8,1,5,50,4,1,1,5,4,5,7,2,1,5,4,5,2,17,1,24,2,9,1,1,7,9,4,8,2,11,,44,6,1,22,9,121.5014708,25.0365941
111,3,22,14,8,2,10文山區,文山區羅斯福路6段與羅斯福路6段159巷口,0,0,1,1,C03,8,1,5,50,4,1,1,5,4,5,7,2,1,1,4,5,2,17,2,62,2,9,1,1,7,9,1,10,2,14,,23,23,1,22,9,121.5410004,24.99706422
111,3,22,14,8,2,10文山區,文山區羅斯福路6段與羅斯福路6段159巷口,0,0,1,2,C03,8,1,5,50,4,1,1,5,4,5,7,2,1,1,4,5,2,17,1,50,3,10,1,1,7,14,1,10,2,15,,44,23,1,22,9,121.5410004,24.99706422
111,3,22,14,15,2,03中山區,中山區明水路大直橋下,0,0,1,1,C03,8,1,5,50,15,9,1,5,4,5,7,1,1,5,4,5,1,17,1,51,2,9,1,1,7,9,1,10,1,11,,16,16,1,22,9,121.5445008,25.0774519
111,3,22,14,15,2,03中山區,中山區明水路大直橋下,0,0,1,2,C03,8,1,5,50,15,9,1,5,4,5,7,1,1,5,4,5,1,17,2,19,3,10,1,1,7,12,1,10,1,13,,44,16,1,22,9,121.5445008,25.0774519
111,3,22,14,30,2,05中正區,中正區中華路2段與西藏路口,0,0,1,1,B01,8,1,5,50,4,1,1,5,4,5,7,1,1,1,4,5,2,16,1,67,3,10,1,1,7,5,1,4,1,4,,8,8,1,22,9,121.50418,25.02998339
111,3,22,14,30,2,05中正區,中正區中華路2段與西藏路口,0,0,1,2,C03,8,1,5,50,4,1,1,5,4,5,7,1,1,1,4,5,2,16,2,22,2,9,1,1,7,9,1,10,1,11,,44,8,1,22,9,121.50418,25.02998339
111,3,22,14,35,2,10文山區,文山區辛亥路4段128號,0,0,1,1,B03,7,1,5,50,14,9,1,5,4,5,7,2,1,1,4,5,2,16,1,39,3,10,1,1,7,11,1,8,1,5,,10,10,1,22,9,121.5569661,25.00484244
111,3,22,14,35,2,10文山區,文山區辛亥路4段128號,0,0,1,2,C03,7,1,5,50,14,9,1,5,4,5,7,2,1,1,4,5,2,16,1,27,2,9,1,1,7,9,1,10,1,14,,13,10,1,22,9,121.5569661,25.00484244
111,3,22,14,50,2,08士林區,士林區延平北路6段與通河西街2段口,0,0,1,1,B03,7,1,5,50,5,1,1,5,4,5,7,1,1,1,4,5,2,16,2,51,3,10,1,1,7,5,1,8,1,1,,25,25,1,22,9,121.4979205,25.0939544
111,3,22,14,50,2,08士林區,士林區延平北路6段與通河西街2段口,0,0,1,2,C02,7,1,5,50,5,1,1,5,4,5,7,1,1,1,4,5,2,16,1,26,2,8,1,1,7,9,1,9,1,14,,13,25,1,22,9,121.4979205,25.0939544
111,3,22,16,0,2,05中正區,中正區忠孝東路2段134巷與濟南路2段口,0,0,1,1,B03,8,1,5,50,4,1,1,5,4,5,7,4,4,8,4,5,1,15,1,23,3,10,1,4,7,9,1,8,2,5,,6,6,1,22,9,121.5315916,25.0402597
111,3,22,16,0,2,05中正區,中正區忠孝東路2段134巷與濟南路2段口,0,0,1,2,C03,8,1,5,50,4,1,1,5,4,5,7,4,4,8,4,5,1,15,1,67,2,8,1,1,7,9,1,10,2,11,,23,6,1,22,9,121.5315916,25.0402597
111,3,22,16,10,2,04大安區,大安區光復南路240巷與光復南路260巷口,0,0,1,1,B03,8,1,5,20,4,1,4,5,4,5,7,4,4,1,5,5,2,3,1,43,3,10,1,1,7,5,1,8,1,4,,23,23,1,22,9,121.5567841,25.0411307
111,3,22,16,10,2,04大安區,大安區光復南路240巷與光復南路260巷口,0,0,1,2,H01,8,1,5,20,4,1,4,5,4,5,7,4,4,1,5,5,2,3,1,56,2,8,1,1,8,16,8,20,10,16,,51,23,1,22,9,121.5567841,25.0411307
111,3,22,16,15,2,03中山區,中山區民權東路2段與吉林路口,0,0,1,1,B03,7,1,5,50,4,1,1,5,4,5,7,1,1,1,4,5,2,3,1,70,3,10,3,4,7,5,1,8,1,1,,15,15,1,22,9,121.5302977,25.0626586
111,3,22,16,15,2,03中山區,中山區民權東路2段與吉林路口,0,0,1,2,H01,7,1,5,50,4,1,1,5,4,5,7,1,1,1,4,5,2,3,2,61,2,9,4,5,8,16,8,20,10,16,,67,15,1,22,9,121.5302977,25.0626586
111,3,22,16,15,2,09北投區,北投區明德路與明德路口側附近188巷口,0,0,1,2,C03,8,1,5,30,14,9,1,5,4,5,7,4,4,10,5,5,2,16,2,25,2,8,1,1,7,14,1,10,1,14,,44,9,1,22,9,121.5214499,25.11159977