發生年度,發生月,發生日,發生時-Hours,發生分,處理別-編號,區序,肇事地點,死亡人數,2-30日死亡人數,受傷人數,當事人序號,車種,天候,光線,道路類別,速限-速度限制,道路型態,事故位置,路面狀況1,路面狀況2,路面狀況3,道路障礙1,道路障礙2,號誌1,號誌2,車道劃分-分向,車道劃分-分道1,車道劃分-分道2,車道劃分-分道3,事故類型及型態,性別,年齡,受傷程度,主要傷處,安全帽,行動電話,車輛用途,當事者行動狀態,駕駛資格情形,駕駛執照種類,飲酒情形,車輛撞擊部位1,車輛撞擊部位2,肇因碼-個別,肇因碼-主要,個人肇逃否,職業,旅次目的,座標-X,座標-Y
111,3,22,16,15,2,09北投區,北投區明德路與明德路口側附近188巷口,0,0,1,1,B01,8,1,5,30,14,9,1,5,4,5,7,4,4,10,5,5,2,16,1,65,3,10,1,1,7,6,1,4,1,5,,9,9,1,22,9,121.5214499,25.11159977
111,3,22,16,28,2,05中正區,中正區重慶南路2段與寧波西街口,0,0,1,1,C03,8,1,5,50,4,1,1,5,4,5,7,1,1,10,4,5,2,17,2,24,2,9,1,1,7,5,1,10,2,14,,8,8,1,22,9,121.5151948,25.0297761
111,3,22,16,28,2,05中正區,中正區重慶南路2段與寧波西街口,0,0,1,2,C03,8,1,5,50,4,1,1,5,4,5,7,1,1,10,4,5,2,17,1,56,3,10,1,1,7,9,1,10,2,12,,44,8,1,22,9,121.5151948,25.0297761
111,3,22,16,28,2,05中正區,中正區重慶南路2段與寧波西街口,0,0,1,3,H02,8,1,5,50,4,1,1,5,4,5,7,1,1,10,4,5,2,17,1,18,4,11,1,5,7,20,8,20,10,16,,67,8,1,22,9,121.5151948,25.0297761
111,3,22,16,30,2,05中正區,中正區汀州路1段與南海路口,0,0,1,1,B03,8,1,5,50,4,2,1,5,4,5,7,1,1,5,4,5,2,16,1,70,3,10,1,1,7,9,1,8,2,4,,25,25,1,22,9,121.5085235,25.02891794
111,3,22,16,30,2,05中正區,中正區汀州路1段與南海路口,0,0,1,2,C03,8,1,5,50,4,2,1,5,4,5,7,1,1,5,4,5,2,16,2,23,2,9,1,1,7,5,1,10,2,12,,25,25,1,22,9,121.5085235,25.02891794
111,3,22,16,42,2,09北投區,北投區富貴一路與榮華二路口,0,0,1,1,B12,8,1,5,30,3,1,1,5,4,5,7,4,4,10,5,5,1,17,1,50,3,10,1,1,7,5,1,8,1,8,,6,6,1,22,9,121.523817,25.1134061
111,3,22,16,42,2,09北投區,北投區富貴一路與榮華二路口,0,0,1,2,C03,8,1,5,30,3,1,1,5,4,5,7,4,4,10,5,5,1,17,1,62,2,9,1,1,7,9,1,10,1,14,,44,6,1,22,9,121.523817,25.1134061
111,3,22,16,55,2,03中山區,中山區林森北路557巷,0,0,1,1,B03,8,1,5,50,14,9,1,5,4,5,7,4,4,9,5,5,2,3,1,40,3,10,1,1,7,6,1,8,2,2,,15,15,1,22,9,121.5257127,25.06440903
111,3,22,16,55,2,03中山區,中山區林森北路557巷,0,0,1,2,H01,8,1,5,50,14,9,1,5,4,5,7,4,4,9,5,5,2,3,1,63,2,8,4,5,8,16,8,20,10,16,,67,15,1,22,9,121.5257127,25.06440903
111,3,22,16,55,2,11南港區,南港區松河街與重陽路263巷口,0,0,1,1,C03,7,1,5,50,3,1,1,5,4,5,7,4,4,5,5,5,1,16,1,24,3,10,1,4,7,5,1,10,1,11,,8,8,1,22,9,121.6030184,25.05850412
111,3,22,16,55,2,11南港區,南港區松河街與重陽路263巷口,0,0,1,2,C03,7,1,5,50,3,1,1,5,4,5,7,4,4,5,5,5,1,16,2,65,2,9,1,4,7,5,1,10,1,14,,44,8,1,22,9,121.6030184,25.05850412
111,3,22,17,10,2,12內湖區,內湖區康寧路3段54-11號,0,0,1,1,B03,8,1,5,50,14,9,1,5,4,5,7,1,1,1,4,5,1,12,2,34,3,10,1,4,7,1,1,8,1,4,,19,19,1,22,9,121.6102436,25.07108956
111,3,22,17,10,2,12內湖區,內湖區康寧路3段54-11號,0,0,1,2,C03,8,1,5,50,14,9,1,5,4,5,7,1,1,1,4,5,1,12,1,45,2,9,1,1,7,9,1,10,1,12,,44,19,1,22,9,121.6102436,25.07108956
111,3,22,17,29,2,03中山區,中山區復興北路514巷與民權東路3段39巷口,0,0,1,1,B03,8,1,5,50,3,1,1,5,4,5,7,4,4,4,3,5,1,16,2,59,3,10,1,1,7,5,1,8,1,8,,23,23,1,22,9,121.5425743,25.06596069
111,3,22,17,29,2,03中山區,中山區復興北路514巷與民權東路3段39巷口,0,0,1,2,C03,8,1,5,50,3,1,1,5,4,5,7,4,4,4,3,5,1,16,2,47,2,9,1,1,7,9,1,10,1,11,,44,23,1,22,9,121.5425743,25.06596069
111,3,22,17,51,2,09北投區,北投區中央北路4段與中央北路4段541巷口,0,0,1,1,B03,7,3,5,50,4,1,1,4,4,5,7,2,1,5,4,5,2,16,1,41,3,10,1,1,7,5,1,8,2,6,,8,8,1,22,9,121.4676911,25.12773894
111,3,22,17,51,2,09北投區,北投區中央北路4段與中央北路4段541巷口,0,0,1,2,C03,7,3,5,50,4,1,1,4,4,5,7,2,1,5,4,5,2,16,2,19,2,9,1,1,7,9,1,10,3,11,,44,8,1,22,9,121.4676911,25.12773894
111,3,22,18,0,2,11南港區,南港區舊莊街1段與舊莊街1段91巷口,0,0,1,1,B03,8,2,5,50,3,1,1,5,4,5,7,3,1,5,4,5,2,12,2,34,3,10,1,1,7,5,1,8,2,4,,44,44,1,22,9,121.6191031,25.04076067
111,3,22,18,0,2,11南港區,南港區舊莊街1段與舊莊街1段91巷口,0,0,1,2,C03,8,2,5,50,3,1,1,5,4,5,7,3,1,5,4,5,2,12,1,18,3,10,1,1,7,4,3,18,2,12,,1,44,1,22,9,121.6191031,25.04076067
111,3,22,18,0,2,11南港區,南港區舊莊街1段與舊莊街1段91巷口,0,0,1,3,H02,8,2,5,50,3,1,1,5,4,5,7,3,1,5,4,5,2,12,2,16,2,9,4,5,7,21,8,20,10,16,,67,44,1,22,9,121.6191031,25.04076067
111,3,22,18,15,2,09北投區,北投區中央北路2段257巷與大業路527巷口口600公尺,0,0,1,1,C03,8,3,5,50,14,9,1,3,4,1,7,4,4,1,4,5,1,18,2,31,2,9,1,1,7,9,1,10,1,14,,42,42,1,22,9,121.4892334,25.13256155
111,3,22,18,15,2,09北投區,北投區中央北路2段257巷與大業路527巷口口600公尺,0,0,1,2,,8,3,5,50,14,9,1,3,4,1,7,4,4,1,4,5,1,18,3,,,,,,,,,,,,,67,42,1,,,121.4892334,25.13256155
111,3,22,18,15,2,12內湖區,內湖區金湖路421號前,0,0,1,1,C03,7,3,5,50,14,9,1,5,4,5,7,4,4,1,4,5,2,12,2,22,2,9,1,1,7,9,1,10,1,12,,23,23,1,22,9,121.6051573,25.07340978
111,3,22,18,15,2,12內湖區,內湖區金湖路421號前,0,0,1,2,C03,7,3,5,50,14,9,1,5,4,5,7,4,4,1,4,5,2,12,1,42,3,10,1,1,7,12,1,9,1,14,,44,23,1,22,9,121.6051573,25.07340978
111,3,22,18,25,2,03中山區,中山區濱江街與復興北路口車行地下道,0,0,2,1,C03,7,3,5,50,4,1,1,5,4,5,7,1,1,1,3,5,2,12,1,18,2,7,3,4,7,7,1,10,1,14,,7,7,1,22,9,121.5442165,25.0721858
111,3,22,18,25,2,03中山區,中山區濱江街與復興北路口車行地下道,0,0,2,2,C03,7,3,5,50,4,1,1,5,4,5,7,1,1,1,3,5,2,12,2,25,2,7,3,4,7,9,1,10,1,12,,44,7,1,22,9,121.5442165,25.0721858
111,3,22,18,30,2,07信義區,信義區福德街131號前騎樓,0,0,1,1,,8,3,8,0,15,22,4,5,4,5,7,4,4,10,5,5,2,1,4,,4,11,3,4,7,15,7,19,11,15,,43,43,2,22,9,121.5825415,25.03745233
111,3,22,18,30,2,07信義區,信義區福德街131號前騎樓,0,0,1,2,H01,8,3,8,0,15,22,4,5,4,5,7,4,4,10,5,5,2,1,2,69,2,8,4,5,8,16,8,20,10,16,,67,43,1,22,9,121.5825415,25.03745233
111,3,22,18,40,2,04大安區,大安區忠孝東路4段與敦化南路1段口,0,0,1,1,B03,8,3,5,50,5,1,1,5,4,5,7,1,1,3,4,5,2,12,1,57,3,10,1,4,7,9,1,4,1,5,,17,17,1,22,9,121.5488857,25.0414264
111,3,22,18,40,2,04大安區,大安區忠孝東路4段與敦化南路1段口,0,0,1,2,B03,8,3,5,50,5,1,1,5,4,5,7,1,1,3,4,5,2,12,1,36,2,1,1,4,7,9,1,8,1,7,,17,17,1,22,9,121.5488857,25.0414264
111,3,22,18,40,2,09北投區,北投區吉利街154號,0,0,2,1,H01,8,3,8,30,15,22,1,5,4,5,7,4,4,9,4,5,1,3,2,67,2,1,4,5,8,16,8,20,1,16,,51,51,1,22,9,121.5085182,25.1185575
111,3,22,18,40,2,09北投區,北投區吉利街154號,0,0,2,2,C03,8,3,8,30,15,22,1,5,4,5,7,4,4,9,4,5,1,3,1,25,2,8,1,4,7,9,1,10,1,11,,42,51,1,22,9,121.5085182,25.1185575
111,3,22,18,42,2,06松山區,松山區民權大橋往松山(民權東路五段41-1號前),0,0,1,1,C03,8,3,5,50,14,9,1,5,4,5,7,4,4,2,4,5,2,13,2,24,3,10,3,4,7,9,1,10,1,11,,16,16,1,22,9,121.5672825,25.06351651
111,3,22,18,42,2,06松山區,松山區民權大橋往松山(民權東路五段41-1號前),0,0,1,2,C03,8,3,5,50,14,9,1,5,4,5,7,4,4,2,4,5,2,13,2,28,2,9,3,4,7,9,1,10,1,13,,44,16,1,22,9,121.5672825,25.06351651
111,3,22,18,51,2,03中山區,中山區中山北路2段59巷與中山北路2段59巷3弄口,0,0,1,1,C03,7,3,5,30,4,1,1,5,4,5,7,4,4,10,5,5,2,15,2,35,2,9,1,1,7,9,1,10,1,14,,6,6,1,22,9,121.5232499,25.0558713
111,3,22,18,51,2,03中山區,中山區中山北路2段59巷與中山北路2段59巷3弄口,0,0,1,2,C03,7,3,5,30,4,1,1,5,4,5,7,4,4,10,5,5,2,15,2,33,3,10,1,1,7,9,1,10,1,12,,14,6,1,22,9,121.5232499,25.0558713
111,3,22,19,1,2,07信義區,信義區基隆路1段與基隆路1段172巷口,0,0,1,1,B03,8,3,5,40,14,9,1,5,4,5,7,4,4,10,4,5,1,17,2,27,3,10,1,1,7,7,1,8,1,15,,7,7,1,22,9,121.5653739,25.04298791
111,3,22,19,1,2,07信義區,信義區基隆路1段與基隆路1段172巷口,0,0,1,2,C03,8,3,5,40,14,9,1,5,4,5,7,4,4,10,4,5,1,17,1,28,2,9,1,1,7,4,1,10,1,14,,44,7,1,22,9,121.5653739,25.04298791
111,3,22,19,30,2,03中山區,中山區吉林路與長春路口,0,0,1,1,B03,8,3,5,50,4,1,1,5,4,5,7,1,1,5,4,4,2,17,2,60,4,11,3,4,7,15,1,8,11,15,,6,6,2,22,9,121.5301403,25.0548664
111,3,22,19,30,2,03中山區,中山區吉林路與長春路口,0,0,1,2,C03,8,3,5,50,4,1,1,5,4,5,7,1,1,5,4,4,2,17,1,31,2,9,1,1,7,9,1,10,1,12,,44,6,1,22,9,121.5301403,25.0548664
111,3,22,21,0,2,03中山區,中山區北安路與北安路554巷口,0,0,1,1,C03,7,3,5,50,3,1,1,5,4,5,7,1,1,3,4,5,2,17,2,18,2,8,1,1,7,5,1,10,1,14,12,44,44,1,22,9,121.5481546,25.0805365
111,3,22,21,0,2,03中山區,中山區北安路與北安路554巷口,0,0,1,2,B03,7,3,5,50,3,1,1,5,4,5,7,1,1,3,4,5,2,17,1,28,3,10,1,1,7,9,3,18,1,5,,44,44,1,22,9,121.5481546,25.0805365
111,3,22,21,20,2,05中正區,中正區汀州路3段與汀州路3段230巷口口,0,0,1,1,B03,6,3,5,50,4,1,1,4,4,5,7,4,4,5,5,5,2,16,1,22,3,10,1,1,7,9,1,8,1,5,,6,6,1,22,9,121.5359213,25.0115492
111,3,22,21,20,2,05中正區,中正區汀州路3段與汀州路3段230巷口口,0,0,1,2,C03,6,3,5,50,4,1,1,4,4,5,7,4,4,5,5,5,2,16,1,19,2,9,1,1,7,9,1,10,1,14,,14,6,1,22,9,121.5359213,25.0115492
111,3,22,21,25,2,04大安區,大安區臥龍街207-1號,0,0,2,1,C03,6,3,5,40,11,9,1,4,4,5,7,4,4,5,5,5,2,10,1,19,2,8,1,4,7,4,1,10,2,12,,26,26,1,22,9,121.5534449,25.0181437
111,3,22,21,25,2,04大安區,大安區臥龍街207-1號,0,0,2,2,C03,6,3,5,40,11,9,1,4,4,5,7,4,4,5,5,5,2,10,1,21,2,9,1,4,7,9,1,10,2,11,,44,26,1,22,9,121.5534449,25.0181437
111,3,22,21,25,2,04大安區,大安區臥龍街207-1號,0,0,2,3,B03,6,3,5,40,11,9,1,4,4,5,7,4,4,5,5,5,2,10,1,59,3,10,1,1,7,9,1,8,11,15,,26,26,1,22,9,121.5534449,25.0181437
111,3,22,22,7,2,05中正區,中正區和平西路1段與廈門街口,0,0,2,1,C03,7,3,5,50,4,2,1,5,4,5,7,1,1,1,4,5,2,13,2,21,2,9,1,1,7,9,1,10,1,11,,16,16,1,22,9,121.5181301,25.02676036
111,3,22,22,7,2,05中正區,中正區和平西路1段與廈門街口,0,0,2,2,C03,7,3,5,50,4,2,1,5,4,5,7,1,1,1,4,5,2,13,2,25,3,10,1,1,7,14,1,10,1,13,,44,16,1,22,9,121.5181301,25.02676036
111,3,22,22,7,2,05中正區,中正區和平西路1段與廈門街口,0,0,2,3,H02,7,3,5,50,4,2,1,5,4,5,7,1,1,1,4,5,2,13,1,19,2,9,1,5,7,20,8,20,10,16,,67,16,1,22,9,121.5181301,25.02676036
111,3,22,22,16,2,06松山區,松山區復興北路231巷與民生東路3段130巷口,0,0,3,1,C03,6,3,5,30,5,1,1,4,4,5,7,4,4,10,5,5,2,15,1,40,2,9,3,4,7,9,1,10,1,12,,44,44,1,22,9,121.5462146,25.0570269
111,3,22,22,16,2,06松山區,松山區復興北路231巷與民生東路3段130巷口,0,0,3,2,C03,6,3,5,30,5,1,1,4,4,5,7,4,4,10,5,5,2,15,1,25,2,9,3,4,7,9,1,10,1,11,,6,44,1,22,9,121.5462146,25.0570269
111,3,22,22,16,2,06松山區,松山區復興北路231巷與民生東路3段130巷口,0,0,3,3,H02,6,3,5,30,5,1,1,4,4,5,7,4,4,10,5,5,2,15,2,26,2,1,3,4,7,20,8,20,10,15,,67,44,1,22,9,121.5462146,25.0570269
111,3,22,22,17,2,06松山區,松山區南京東路4段6號,0,0,1,1,H01,6,3,5,50,14,7,1,4,4,5,7,4,4,3,3,3,2,9,1,51,2,1,4,4,8,16,8,20,10,16,,51,51,1,22,9,121.5517693,25.05160576
111,3,22,22,17,2,06松山區,松山區南京東路4段6號,0,0,1,2,B02,6,3,5,50,14,7,1,4,4,5,7,4,4,3,3,3,2,9,1,51,3,10,1,1,7,9,1,8,2,1,,23,51,1,22,9,121.5517693,25.05160576
111,3,22,22,54,2,05中正區,中正區懷寧街與漢口街1段口,0,0,1,2,,6,3,5,50,4,2,1,4,4,5,7,3,1,10,4,5,2,18,3,,,,,,,,,,,,,67,43,1,,,121.5140586,25.04517742
111,3,22,22,54,2,05中正區,中正區懷寧街與漢口街1段口,0,0,1,1,C03,6,3,5,50,4,2,1,4,4,5,7,3,1,10,4,5,2,18,1,47,2,9,1,1,7,9,1,10,2,12,,43,43,1,22,9,121.5140586,25.04517742
111,3,22,23,13,2,03中山區,中山區長安西路與中山北路1段口,0,0,1,1,A12,6,3,5,50,4,1,1,4,4,5,7,2,1,1,1,1,1,2,1,23,3,10,3,4,7,5,1,7,2,2,,15,15,1,22,9,121.5217697,25.04992199
111,3,22,23,13,2,03中山區,中山區長安西路與中山北路1段口,0,0,1,2,H01,6,3,5,50,4,1,1,4,4,5,7,2,1,1,1,1,1,2,1,22,2,9,4,5,8,16,8,20,10,16,,67,15,1,22,9,121.5217697,25.04992199
111,3,22,23,57,2,03中山區,中山區林森北路與市民大道2段口,0,0,1,1,B03,8,3,5,50,4,1,1,5,4,5,7,2,1,5,2,5,2,16,1,28,3,10,1,1,7,9,1,8,2,1,,25,25,1,5,5,121.5242454,25.0479073
111,3,22,23,57,2,03中山區,中山區林森北路與市民大道2段口,0,0,1,2,C03,8,3,5,50,4,1,1,5,4,5,7,2,1,5,2,5,2,16,1,24,2,9,1,1,7,9,1,10,2,14,,44,25,1,5,5,121.5242454,25.0479073
111,3,22,23,57,2,03中山區,中山區林森北路與市民大道2段口,0,0,1,3,B03,8,3,5,50,4,1,1,5,4,5,7,2,1,5,2,5,2,16,1,24,3,10,1,1,7,9,3,18,2,1,,23,25,1,5,3,121.5242454,25.0479073
111,3,23,0,15,2,04大安區,大安區忠孝東路4段與敦化南路1段口,0,0,1,1,,7,3,5,50,4,1,1,4,4,5,7,2,1,1,3,5,2,17,4,,4,11,3,4,7,15,7,19,11,15,,43,43,2,22,9,121.5486007,25.04162386
111,3,23,0,15,2,04大安區,大安區忠孝東路4段與敦化南路1段口,0,0,1,2,C03,7,3,5,50,4,1,1,4,4,5,7,2,1,1,3,5,2,17,2,29,2,9,1,1,7,9,1,10,1,14,,14,43,1,22,9,121.5486007,25.04162386
111,3,23,0,40,2,01大同區,大同區長安西路177巷與長安西路口,0,0,1,1,C03,6,3,5,50,3,2,1,4,4,5,7,4,4,5,4,5,2,17,2,25,2,9,3,4,7,9,1,10,2,14,,13,13,1,22,9,121.5136808,25.05170505
111,3,23,0,40,2,01大同區,大同區長安西路177巷與長安西路口,0,0,1,2,B01,6,3,5,50,3,2,1,4,4,5,7,4,4,5,4,5,2,17,1,67,3,10,3,4,7,6,1,4,2,15,,44,13,1,22,9,121.5136808,25.05170505
111,3,23,0,40,2,01大同區,大同區長安西路177巷與長安西路口,0,0,1,3,C03,6,3,5,50,3,2,1,4,4,5,7,4,4,5,4,5,2,17,1,22,3,10,3,4,7,15,1,10,2,15,,44,13,1,22,9,121.5136808,25.05170505
111,3,23,3,32,2,03中山區,中山區新生北路2段與長春路口口,0,0,3,1,B03,6,3,5,50,4,1,1,4,4,5,7,1,1,7,4,5,2,16,1,33,3,10,3,4,7,5,1,8,6,8,,8,8,1,22,9,121.5274579,25.05487924
111,3,23,3,32,2,03中山區,中山區新生北路2段與長春路口口,0,0,3,2,B03,6,3,5,50,4,1,1,4,4,5,7,1,1,7,4,5,2,16,1,30,2,9,3,4,7,9,1,8,2,5,,44,8,1,22,9,121.5274579,25.05487924
111,3,23,3,32,2,03中山區,中山區新生北路2段與長春路口口,0,0,3,3,H02,6,3,5,50,4,1,1,4,4,5,7,1,1,7,4,5,2,16,2,25,2,9,4,5,7,21,8,20,10,16,,67,8,1,22,9,121.5274579,25.05487924
111,3,23,3,32,2,03中山區,中山區新生北路2段與長春路口口,0,0,3,4,H02,6,3,5,50,4,1,1,4,4,5,7,1,1,7,4,5,2,16,2,24,2,9,3,5,7,21,8,20,10,16,,67,8,1,22,9,121.5274579,25.05487924
111,3,23,4,9,2,04大安區,大安區新生南路1段與金華街口,0,0,2,1,C03,6,3,5,50,3,1,1,4,4,5,7,1,1,3,4,5,2,3,1,29,2,8,1,4,7,9,1,10,2,12,,42,42,1,22,9,121.5338154,25.03064649
111,3,23,4,9,2,04大安區,大安區新生南路1段與金華街口,0,0,2,2,H01,6,3,5,50,3,1,1,4,4,5,7,1,1,3,4,5,2,3,1,75,2,9,4,5,8,16,8,20,10,16,,42,42,1,22,9,121.5338154,25.03064649
111,3,23,6,9,2,07信義區,信義區和平東路3段與信安街口,0,0,1,1,C03,6,1,5,50,4,1,1,4,4,5,7,2,1,1,4,5,2,15,1,48,2,8,1,1,7,9,1,10,1,11,,44,44,1,22,9,121.5546567,25.02248368
111,3,23,6,9,2,07信義區,信義區和平東路3段與信安街口,0,0,1,2,B11,6,1,5,50,4,1,1,4,4,5,7,2,1,1,4,5,2,15,1,57,3,10,1,1,7,9,1,4,1,4,,25,44,1,22,9,121.5546567,25.02248368
111,3,23,7,15,2,12內湖區,內湖區康寧路3段165巷10號,0,0,1,1,C03,6,1,5,30,14,9,1,4,4,5,7,4,4,10,5,5,1,3,1,45,2,8,1,1,7,9,1,10,1,14,,44,44,2,22,9,121.6117574,25.07087426
111,3,23,7,15,2,12內湖區,內湖區康寧路3段165巷10號,0,0,1,2,H01,6,1,5,30,14,9,1,4,4,5,7,4,4,10,5,5,1,3,1,14,3,10,4,5,8,16,8,20,10,16,,51,44,1,22,9,121.6117574,25.07087426
111,3,23,7,30,2,08士林區,士林區天母西路與天母西路95巷口,0,0,1,1,B03,6,1,5,50,4,1,1,4,4,5,7,2,1,4,3,5,1,12,2,38,3,10,1,1,7,6,1,8,2,5,,9,9,1,22,9,121.5243453,25.11857753
111,3,23,7,30,2,08士林區,士林區天母西路與天母西路95巷口,0,0,1,2,C04,6,1,5,50,4,1,1,4,4,5,7,2,1,4,3,5,1,12,1,45,2,7,1,1,7,9,1,10,2,14,,23,9,1,22,9,121.5243453,25.11857753
111,3,23,7,31,2,06松山區,松山區八德路4段204巷與八德路4段口,0,0,1,1,B03,6,1,5,50,4,1,1,4,4,5,7,1,1,4,1,5,2,11,1,48,3,10,1,1,7,5,1,8,2,2,,8,8,1,22,1,121.5641038,25.0487818
111,3,23,7,31,2,06松山區,松山區八德路4段204巷與八德路4段口,0,0,1,2,C03,6,1,5,50,4,1,1,4,4,5,7,1,1,4,1,5,2,11,1,43,2,9,1,1,7,9,1,10,2,11,,44,8,1,22,1,121.5641038,25.0487818
111,3,23,7,40,2,11南港區,南港區舊莊街1段3巷與舊莊街1段口,0,0,1,1,C03,6,1,5,50,3,1,1,4,4,5,7,4,4,5,5,5,2,16,1,28,2,9,1,1,7,9,1,10,2,11,,4,4,1,22,9,121.6175827,25.04188111
111,3,23,7,40,2,11南港區,南港區舊莊街1段3巷與舊莊街1段口,0,0,1,2,B03,6,1,5,50,3,1,1,4,4,5,7,4,4,5,5,5,2,16,2,59,3,10,3,4,7,5,1,8,2,1,,44,4,1,22,9,121.6175827,25.04188111
111,3,23,7,40,2,07信義區,信義區松山路465巷14弄與松山路465巷口,0,0,1,1,B03,8,1,5,30,4,1,1,5,4,5,7,4,4,9,5,5,2,3,1,51,3,10,1,1,7,5,1,8,11,1,,43,43,1,22,9,121.5788363,25.03957433
111,3,23,7,40,2,07信義區,信義區松山路465巷14弄與松山路465巷口,0,0,1,2,H01,8,1,5,30,4,1,1,5,4,5,7,4,4,9,5,5,2,3,2,32,2,9,4,5,8,16,8,20,10,16,,67,43,1,22,9,121.5788363,25.03957433
111,3,23,7,41,2,03中山區,中山區基湖路157巷,0,0,1,1,C03,8,1,5,50,14,9,1,4,4,5,7,4,4,1,4,5,2,17,1,37,2,9,1,1,7,9,1,10,1,12,,42,42,1,22,9,121.5631334,25.07699667
111,3,23,7,41,2,03中山區,中山區基湖路157巷,0,0,1,2,B03,8,1,5,50,14,9,1,4,4,5,7,4,4,1,4,5,2,17,1,45,3,10,1,1,7,11,1,8,1,15,,10,42,1,22,9,121.5631334,25.07699667
111,3,23,7,45,2,06松山區,松山區八德路4段245巷與東興路2巷口,0,0,1,1,B03,6,1,5,30,4,1,1,4,4,5,7,4,4,10,5,5,2,15,2,58,3,10,3,4,7,9,1,8,1,2,,6,6,1,22,9,121.5641831,25.05073915
111,3,23,7,45,2,06松山區,松山區八德路4段245巷與東興路2巷口,0,0,1,2,C03,6,1,5,30,4,1,1,4,4,5,7,4,4,10,5,5,2,15,2,43,2,9,3,4,7,9,1,10,1,11,,23,6,1,22,9,121.5641831,25.05073915
111,3,23,7,49,2,02萬華區,萬華區寶興街222巷與德昌街185巷27弄口,0,0,2,1,C03,6,1,5,30,4,1,1,4,4,5,7,4,4,10,5,5,2,15,1,26,2,9,3,4,7,9,1,10,1,11,,6,6,1,22,9,121.4947195,25.02211094
111,3,23,7,49,2,02萬華區,萬華區寶興街222巷與德昌街185巷27弄口,0,0,2,2,C03,6,1,5,30,4,1,1,4,4,5,7,4,4,10,5,5,2,15,1,33,2,9,3,4,7,9,1,10,1,11,,14,6,1,22,9,121.4947195,25.02211094
111,3,23,7,56,2,09北投區,北投區東華街1段382號,0,0,1,1,B12,6,1,5,30,14,9,1,4,4,5,7,4,4,10,5,5,2,16,1,37,3,10,3,4,7,5,1,8,1,5,,43,43,1,22,9,121.5202386,25.1085384
111,3,23,7,56,2,09北投區,北投區東華街1段382號,0,0,1,2,C03,6,1,5,30,14,9,1,4,4,5,7,4,4,10,5,5,2,16,1,29,2,9,3,4,7,9,1,10,1,12,,43,43,1,22,9,121.5202386,25.1085384
111,3,23,8,5,2,01大同區,大同區環河北路1段與歸綏街口,0,0,1,1,C03,6,1,5,50,14,9,1,4,4,5,7,4,4,9,5,5,2,12,2,38,2,9,1,1,7,6,1,10,1,12,,9,9,1,22,9,121.5085378,25.05798901
111,3,23,8,5,2,01大同區,大同區環河北路1段與歸綏街口,0,0,1,2,C03,6,1,5,50,14,9,1,4,4,5,7,4,4,9,5,5,2,12,1,35,3,10,1,1,7,9,1,10,1,14,,23,9,1,22,9,121.5085378,25.05798901
111,3,23,8,26,2,04大安區,大安區臥龍街與敦化南路2段200巷口,0,0,1,1,C03,6,1,5,30,4,2,1,4,4,5,7,1,1,10,5,5,2,15,1,54,2,7,3,4,7,9,1,10,1,11,,25,25,1,22,9,121.5469052,25.02288584
111,3,23,8,26,2,04大安區,大安區臥龍街與敦化南路2段200巷口,0,0,1,2,B03,6,1,5,30,4,2,1,4,4,5,7,1,1,10,5,5,2,15,1,35,3,10,3,4,7,9,1,8,1,2,,44,25,1,22,9,121.5469052,25.02288584
111,3,23,8,26,2,10文山區,文山區保儀路74巷與保儀路口側附近口,0,0,1,1,C03,6,1,5,30,3,2,1,4,4,5,7,4,4,4,1,5,2,16,2,29,3,10,1,1,7,5,1,10,1,15,,8,8,1,22,9,121.5685728,24.98743075
111,3,23,8,26,2,10文山區,文山區保儀路74巷與保儀路口側附近口,0,0,1,2,C03,6,1,5,30,3,2,1,4,4,5,7,4,4,4,1,5,2,16,2,34,2,9,1,1,7,9,1,10,1,15,,14,8,1,22,9,121.5685728,24.98743075
111,3,23,8,27,2,05中正區,中正區重慶南路2段15號,0,0,2,1,B03,6,1,5,50,14,9,1,4,4,5,7,4,4,1,4,5,2,12,1,65,4,11,3,4,7,10,7,19,11,15,,7,7,2,22,9,121.5141196,25.03251315
111,3,23,8,27,2,05中正區,中正區重慶南路2段15號,0,0,2,2,C03,6,1,5,50,14,9,1,4,4,5,7,4,4,1,4,5,2,12,2,58,4,11,3,4,7,15,7,19,11,15,,42,7,2,22,9,121.5141196,25.03251315
111,3,23,8,27,2,05中正區,中正區重慶南路2段15號,0,0,2,3,C03,6,1,5,50,14,9,1,4,4,5,7,4,4,1,4,5,2,12,2,18,3,10,1,1,7,9,1,10,2,12,,17,7,1,22,9,121.5141196,25.03251315
111,3,23,8,27,2,05中正區,中正區重慶南路2段15號,0,0,2,4,C03,6,1,5,50,14,9,1,4,4,5,7,4,4,1,4,5,2,12,1,21,3,10,1,1,7,9,1,10,2,12,,16,7,1,22,9,121.5141196,25.03251315
111,3,23,8,27,2,05中正區,中正區重慶南路2段15號,0,0,2,5,C03,6,1,5,50,14,9,1,4,4,5,7,4,4,1,4,5,2,12,1,31,2,7,1,1,7,9,1,10,2,12,,17,7,1,22,9,121.5141196,25.03251315
111,3,23,8,27,2,05中正區,中正區重慶南路2段15號,0,0,2,6,H02,6,1,5,50,14,9,1,4,4,5,7,4,4,1,4,5,2,12,2,22,2,9,1,5,7,20,8,20,10,16,,67,7,1,22,9,121.5141196,25.03251315