發生年度,發生月,發生日,發生時-Hours,發生分,處理別-編號,區序,肇事地點,死亡人數,2-30日死亡人數,受傷人數,當事人序號,車種,天候,光線,道路類別,速限-速度限制,道路型態,事故位置,路面狀況1,路面狀況2,路面狀況3,道路障礙1,道路障礙2,號誌1,號誌2,車道劃分-分向,車道劃分-分道1,車道劃分-分道2,車道劃分-分道3,事故類型及型態,性別,年齡,受傷程度,主要傷處,安全帽,行動電話,車輛用途,當事者行動狀態,駕駛資格情形,駕駛執照種類,飲酒情形,車輛撞擊部位1,車輛撞擊部位2,肇因碼-個別,肇因碼-主要,個人肇逃否,職業,旅次目的,座標-X,座標-Y
111,3,23,8,30,2,04大安區,大安區敦化南路1段111號,0,0,1,1,B01,6,1,5,50,14,9,1,4,4,5,7,4,4,8,3,5,1,17,1,45,3,10,3,4,7,8,1,4,2,3,,7,7,1,22,9,121.549197,25.04435065
111,3,23,8,30,2,04大安區,大安區敦化南路1段111號,0,0,1,2,C03,6,1,5,50,14,9,1,4,4,5,7,4,4,8,3,5,1,17,2,25,2,9,3,4,7,15,1,10,2,11,,23,7,1,22,9,121.549197,25.04435065
111,3,23,8,30,2,09北投區,北投區尊賢街244號與承德路7段280巷口,0,0,1,1,C03,6,1,5,30,4,1,1,4,4,5,7,4,4,10,5,5,2,17,2,23,3,10,3,4,7,5,1,10,1,15,,6,6,1,22,9,121.5073538,25.1169463
111,3,23,8,30,2,09北投區,北投區尊賢街244號與承德路7段280巷口,0,0,1,2,C03,6,1,5,30,4,1,1,4,4,5,7,4,4,10,5,5,2,17,2,43,2,9,3,4,7,9,1,10,1,14,,44,6,1,22,9,121.5073538,25.1169463
111,3,23,8,39,2,03中山區,中山區新生北路1段與新生北路1段62巷口,0,0,2,1,C03,6,1,5,50,4,1,1,4,4,5,7,1,1,1,3,5,2,15,2,29,2,9,1,4,7,9,1,10,1,11,,25,25,1,22,9,121.5309299,25.04632853
111,3,23,8,39,2,03中山區,中山區新生北路1段與新生北路1段62巷口,0,0,2,2,C03,6,1,5,50,4,1,1,4,4,5,7,1,1,1,3,5,2,15,1,23,2,9,1,4,7,1,1,10,1,13,,44,25,1,22,9,121.5309299,25.04632853
111,3,23,8,47,2,10文山區,文山區忠順街2段85巷1弄與忠順街2段85巷口,0,0,2,1,C03,6,1,5,50,3,1,1,4,4,5,7,4,4,9,4,5,2,17,2,33,2,8,1,4,7,5,1,10,2,14,,6,6,1,22,9,121.5655576,24.98551925
111,3,23,8,47,2,10文山區,文山區忠順街2段85巷1弄與忠順街2段85巷口,0,0,2,2,C03,6,1,5,50,3,1,1,4,4,5,7,4,4,9,4,5,2,17,1,37,2,9,1,4,7,9,1,10,2,11,,23,6,1,22,9,121.5655576,24.98551925
111,3,23,8,50,2,03中山區,中山區新生北路1段71號前迴轉道,0,0,1,1,B12,8,1,5,50,12,6,1,5,4,5,2,4,4,10,5,5,2,9,1,65,3,10,3,4,7,5,1,8,1,8,,15,15,1,22,9,121.5287792,25.04967514
111,3,23,8,50,2,03中山區,中山區新生北路1段71號前迴轉道,0,0,1,2,H01,8,1,5,50,12,6,1,5,4,5,2,4,4,10,5,5,2,9,2,44,2,1,4,5,8,16,8,20,10,16,,51,15,1,22,9,121.5287792,25.04967514
111,3,23,8,55,2,11南港區,南港區中坡北路與市民大道7段口口,0,0,1,1,B01,6,1,5,50,4,1,1,4,4,5,7,2,1,1,4,4,2,17,1,57,3,10,1,1,7,5,1,2,1,15,,6,6,1,22,9,121.5802455,25.04957763
111,3,23,8,55,2,11南港區,南港區中坡北路與市民大道7段口口,0,0,1,2,C03,6,1,5,50,4,1,1,4,4,5,7,2,1,1,4,4,2,17,2,24,2,9,1,1,7,9,1,10,1,14,,13,6,1,22,9,121.5802455,25.04957763
111,3,23,9,0,2,12內湖區,內湖區陽光街321巷26號,0,0,2,1,C04,6,1,5,50,14,9,1,4,4,5,7,4,4,9,5,5,1,3,1,51,2,8,1,1,7,9,1,10,1,12,,23,23,1,22,9,121.5787948,25.07240214
111,3,23,9,0,2,12內湖區,內湖區陽光街321巷26號,0,0,2,2,H01,6,1,5,50,14,9,1,4,4,5,7,4,4,9,5,5,1,3,1,42,2,8,4,1,8,16,8,20,10,16,,51,23,1,22,9,121.5787948,25.07240214
111,3,23,9,4,2,03中山區,中山區北安路捷運劍南站2號出口,0,0,1,1,A02,7,1,5,50,14,8,1,5,4,5,7,4,4,1,4,4,2,12,1,61,3,10,1,1,7,8,1,2,1,2,,7,7,1,22,9,121.5553485,25.08479409
111,3,23,9,4,2,03中山區,中山區北安路捷運劍南站2號出口,0,0,1,2,C03,7,1,5,50,14,8,1,5,4,5,7,4,4,1,4,4,2,12,1,22,2,9,1,1,7,9,1,10,1,14,,13,7,1,22,9,121.5553485,25.08479409
111,3,23,9,14,2,01大同區,大同區昌吉街2號,0,0,1,1,B03,8,1,5,50,14,9,1,5,4,5,7,4,4,9,4,5,1,12,1,50,3,10,1,1,7,1,1,8,1,4,,19,19,1,22,9,121.5183765,25.06585554
111,3,23,9,14,2,01大同區,大同區昌吉街2號,0,0,1,2,C03,8,1,5,50,14,9,1,5,4,5,7,4,4,9,4,5,1,12,1,55,2,9,1,1,7,9,1,10,1,12,,23,19,1,22,9,121.5183765,25.06585554
111,3,23,9,21,2,08士林區,士林區延平北路7段106巷與延平北路7段106巷口,0,0,1,1,B12,6,1,5,30,3,1,1,4,4,5,7,4,4,10,5,5,1,11,1,51,3,10,1,1,7,5,1,8,1,8,,6,6,1,22,9,121.4961318,25.10155867
111,3,23,9,21,2,08士林區,士林區延平北路7段106巷與延平北路7段106巷口,0,0,1,2,C03,6,1,5,30,3,1,1,4,4,5,7,4,4,10,5,5,1,11,1,23,2,7,1,1,7,9,1,10,1,11,,14,6,1,22,9,121.4961318,25.10155867
111,3,23,9,30,2,07信義區,信義區文昌街316號,0,0,2,1,C03,7,1,5,30,14,9,1,4,4,5,7,4,4,10,5,5,2,3,1,47,2,8,1,1,7,9,1,9,1,11,,15,15,1,22,8,121.5585452,25.03217101
111,3,23,9,30,2,07信義區,信義區文昌街316號,0,0,2,2,H01,7,1,5,30,14,9,1,4,4,5,7,4,4,10,5,5,2,3,2,27,2,8,4,5,8,16,8,20,10,16,,67,15,1,22,8,121.5585452,25.03217101
111,3,23,9,31,2,01大同區,大同區民族西路與民族西路225巷口,0,0,2,1,C03,7,1,5,50,4,1,1,4,4,5,7,1,1,4,4,5,2,15,2,24,2,9,3,4,7,9,1,10,1,12,,25,25,1,22,9,121.5122643,25.06871564
111,3,23,9,31,2,01大同區,大同區民族西路與民族西路225巷口,0,0,2,2,C03,7,1,5,50,4,1,1,4,4,5,7,1,1,4,4,5,2,15,2,52,2,9,3,4,7,9,4,11,1,11,,44,25,1,22,9,121.5122643,25.06871564
111,3,23,9,35,2,07信義區,信義區忠孝東路5段63號,0,0,1,1,C03,6,1,5,50,14,9,1,4,4,5,7,4,4,3,4,5,2,12,2,27,3,10,1,1,7,10,1,10,1,12,,7,7,1,22,9,121.5670588,25.04101057
111,3,23,9,35,2,07信義區,信義區忠孝東路5段63號,0,0,1,2,C03,6,1,5,50,14,9,1,4,4,5,7,4,4,3,4,5,2,12,2,19,2,7,1,1,7,9,1,10,1,11,,44,7,1,22,9,121.5670588,25.04101057
111,3,23,9,45,2,08士林區,士林區中山北路6段392號對面,0,0,2,1,C03,6,1,5,50,14,9,1,4,4,5,7,4,4,1,4,5,2,17,2,61,2,9,1,1,7,8,1,10,1,12,,7,7,1,22,9,121.5267525,25.11332788
111,3,23,9,45,2,08士林區,士林區中山北路6段392號對面,0,0,2,2,C03,6,1,5,50,14,9,1,4,4,5,7,4,4,1,4,5,2,17,1,19,2,9,3,4,7,9,1,10,1,11,,44,7,1,22,9,121.5267525,25.11332788
111,3,23,9,45,2,08士林區,士林區中山北路6段392號對面,0,0,2,3,B03,6,1,5,50,14,9,1,4,4,5,7,4,4,1,4,5,2,17,1,45,3,10,3,4,7,14,1,8,1,2,,44,7,1,22,9,121.5267525,25.11332788
111,3,23,9,45,2,08士林區,士林區中山北路6段392號對面,0,0,2,4,C03,6,1,5,50,14,9,1,4,4,5,7,4,4,1,4,5,2,17,1,25,3,10,3,4,7,13,1,10,1,13,,44,7,1,22,9,121.5267525,25.11332788
111,3,23,9,52,2,02萬華區,萬華區西園路2段189號,0,0,1,1,C03,7,1,5,50,14,9,1,4,4,5,7,4,4,10,3,5,2,13,2,21,3,10,3,4,7,7,1,10,1,13,,7,7,1,22,9,121.4948196,25.02767792
111,3,23,9,52,2,02萬華區,萬華區西園路2段189號,0,0,1,2,C03,7,1,5,50,14,9,1,4,4,5,7,4,4,10,3,5,2,13,2,46,2,9,3,4,7,9,1,10,1,11,,44,7,1,22,9,121.4948196,25.02767792
111,3,23,10,10,2,11南港區,南港區成福路1號,0,0,1,1,B12,7,1,5,50,14,9,1,4,4,5,7,4,4,5,5,5,2,11,1,62,3,10,1,1,7,5,1,8,2,8,,8,8,1,22,9,121.5860003,25.04578127
111,3,23,10,10,2,11南港區,南港區成福路1號,0,0,1,2,C03,7,1,5,50,14,9,1,4,4,5,7,4,4,5,5,5,2,11,1,68,2,9,1,1,7,9,1,10,2,11,,23,8,1,22,9,121.5860003,25.04578127
111,3,23,10,30,2,11南港區,南港區南港路1段356號對面公車停靠區,0,0,1,1,A02,6,1,5,40,14,8,1,4,4,5,7,2,1,5,4,4,2,9,1,62,3,10,1,1,7,1,1,2,2,6,,36,36,1,22,9,121.6073028,25.05440288
111,3,23,10,30,2,11南港區,南港區南港路1段356號對面公車停靠區,0,0,1,2,H02,6,1,5,40,14,8,1,4,4,5,7,2,1,5,4,4,2,9,2,50,2,9,4,5,7,19,8,20,10,16,,67,36,1,22,9,121.6073028,25.05440288
111,3,23,10,50,2,01大同區,大同區承德路3段與民權西路口,0,0,1,1,B12,7,1,5,50,4,1,1,5,4,5,7,1,1,1,4,5,2,12,1,45,4,11,3,4,7,15,7,19,11,15,,42,42,2,22,9,121.5183137,25.06298188
111,3,23,10,50,2,01大同區,大同區承德路3段與民權西路口,0,0,1,2,C03,7,1,5,50,4,1,1,5,4,5,7,1,1,1,4,5,2,12,2,64,2,9,1,1,7,9,1,10,1,14,,23,42,1,22,9,121.5183137,25.06298188
111,3,23,11,6,2,10文山區,文山區景文街與車前路口,0,0,1,2,B12,6,1,5,50,3,4,1,4,4,5,7,2,1,5,5,4,2,13,1,54,3,10,1,1,7,9,1,8,2,6,,44,16,1,22,9,121.541317,24.99141019
111,3,23,11,6,2,10文山區,文山區景文街與車前路口,0,0,1,1,C03,6,1,5,50,3,4,1,4,4,5,7,2,1,5,5,4,2,13,1,60,2,9,1,1,7,9,1,10,2,11,,16,16,1,22,9,121.541317,24.99141019
111,3,23,11,12,2,06松山區,松山區南京東路5段118號,0,0,1,1,C03,6,1,5,40,14,8,1,4,4,5,7,4,4,3,4,4,2,17,2,24,2,9,1,1,7,9,1,10,2,15,,23,23,1,22,9,121.5625474,25.051372
111,3,23,11,12,2,06松山區,松山區南京東路5段118號,0,0,1,2,B01,6,1,5,40,14,8,1,4,4,5,7,4,4,3,4,4,2,17,1,67,3,10,1,1,7,15,1,4,2,15,,44,23,1,22,9,121.5625474,25.051372
111,3,23,11,46,2,03中山區,中山區農安街12-1號,0,0,1,1,B03,8,1,5,50,10,9,1,5,4,5,7,4,4,9,4,5,2,12,1,24,3,10,1,1,7,11,1,8,1,4,,10,10,1,5,5,121.5237698,25.06493
111,3,23,11,46,2,03中山區,中山區農安街12-1號,0,0,1,2,C03,8,1,5,50,10,9,1,5,4,5,7,4,4,9,4,5,2,12,1,18,2,9,1,1,7,9,1,10,1,12,,44,10,1,5,3,121.5237698,25.06493
111,3,23,12,19,2,08士林區,士林區大南路52號,0,0,1,1,C03,6,1,5,30,14,9,1,4,4,5,7,4,4,10,5,5,1,9,1,22,2,9,1,1,7,9,1,10,1,11,,42,42,1,22,9,121.5248096,25.08935915
111,3,23,12,19,2,08士林區,士林區大南路52號,0,0,1,2,H01,6,1,5,30,14,9,1,4,4,5,7,4,4,10,5,5,1,9,1,66,3,10,4,5,8,16,8,20,10,16,,42,42,1,22,9,121.5248096,25.08935915
111,3,23,12,21,2,06松山區,松山區八德路3段與八德路3段12巷口,0,0,1,1,B03,8,1,5,50,3,1,1,5,4,5,7,2,1,9,4,5,2,16,1,79,3,10,1,1,7,5,1,8,1,6,,6,6,1,22,9,121.5507279,25.04817989
111,3,23,12,21,2,06松山區,松山區八德路3段與八德路3段12巷口,0,0,1,2,C03,8,1,5,50,3,1,1,5,4,5,7,2,1,9,4,5,2,16,1,19,2,7,1,1,7,9,1,10,1,11,,44,6,1,22,9,121.5507279,25.04817989
111,3,23,12,26,2,12內湖區,內湖區瑞湖街與民權東路6段15巷口,0,0,1,1,B03,6,1,5,50,4,2,1,4,4,5,7,1,1,5,5,5,2,12,2,40,3,10,1,1,7,1,1,8,1,4,,19,19,1,22,9,121.5765146,25.06897568
111,3,23,12,26,2,12內湖區,內湖區瑞湖街與民權東路6段15巷口,0,0,1,2,C03,6,1,5,50,4,2,1,4,4,5,7,1,1,5,5,5,2,12,1,26,2,7,1,1,7,9,1,10,1,11,,44,19,1,22,9,121.5765146,25.06897568
111,3,23,12,50,2,07信義區,信義區和平東路3段341巷與和平東路3段391巷口,0,0,1,1,C03,7,1,5,30,4,1,1,5,4,5,7,4,4,10,5,5,2,16,2,45,2,9,1,1,7,9,1,10,2,12,,6,6,1,22,9,121.5580366,25.02160246
111,3,23,12,50,2,07信義區,信義區和平東路3段341巷與和平東路3段391巷口,0,0,1,2,B03,7,1,5,30,4,1,1,5,4,5,7,4,4,10,5,5,2,16,1,54,3,10,1,1,7,9,1,8,2,1,,14,6,1,22,9,121.5580366,25.02160246
111,3,23,13,6,2,10文山區,文山區木柵路4段與和平東路4段口,0,0,1,1,C03,7,1,5,50,3,1,1,4,4,5,7,2,1,5,2,5,2,11,1,21,2,8,1,4,7,9,1,10,1,11,,25,25,1,22,9,121.5746026,24.9982023
111,3,23,13,6,2,10文山區,文山區木柵路4段與和平東路4段口,0,0,1,2,B03,7,1,5,50,3,1,1,4,4,5,7,2,1,5,2,5,2,11,2,48,3,10,3,4,7,5,1,8,1,5,,44,25,1,22,9,121.5746026,24.9982023
111,3,23,13,28,2,07信義區,信義區松隆路與永吉路口,0,0,1,1,B01,7,1,5,50,5,1,1,5,4,5,7,1,1,1,4,5,1,17,1,63,3,10,3,4,7,6,1,4,1,5,,9,9,1,22,9,121.5703547,25.04558689
111,3,23,13,28,2,07信義區,信義區松隆路與永吉路口,0,0,1,2,C03,7,1,5,50,5,1,1,5,4,5,7,1,1,1,4,5,1,17,1,79,2,9,3,4,7,9,1,10,1,14,,42,9,1,22,9,121.5703547,25.04558689
111,3,23,13,31,2,10文山區,文山區景美街與景中街口口,0,0,1,1,B01,7,1,5,30,4,1,1,5,4,5,7,4,4,1,4,5,2,3,1,69,3,10,1,1,7,5,1,8,2,1,,15,15,1,22,9,121.5418223,24.99290438
111,3,23,13,31,2,10文山區,文山區景美街與景中街口口,0,0,1,2,H01,7,1,5,30,4,1,1,5,4,5,7,4,4,1,4,5,2,3,2,72,2,9,4,5,8,16,8,20,10,16,,67,15,1,22,9,121.5418223,24.99290438
111,3,23,14,0,2,11南港區,南港區研究院路2段168號與研究院路2段口,0,0,1,1,B03,6,1,5,50,3,1,1,4,4,5,7,4,4,9,5,5,2,16,2,27,3,10,3,4,7,6,1,8,2,15,,8,8,1,22,9,121.6169307,25.038043
111,3,23,14,0,2,11南港區,南港區研究院路2段168號與研究院路2段口,0,0,1,2,C03,6,1,5,50,3,1,1,4,4,5,7,4,4,9,5,5,2,16,1,36,2,9,1,1,7,4,1,10,2,14,,44,8,1,22,9,121.6169307,25.038043
111,3,23,14,1,2,01大同區,大同區重慶北路1段與天水路口,0,0,1,1,C03,7,1,5,50,3,1,1,4,4,5,7,2,1,1,4,5,2,17,2,33,3,10,1,1,7,11,1,10,2,15,,11,11,1,22,9,121.5142034,25.0535628
111,3,23,14,1,2,01大同區,大同區重慶北路1段與天水路口,0,0,1,2,C03,7,1,5,50,3,1,1,4,4,5,7,2,1,1,4,5,2,17,1,21,2,9,1,1,7,9,1,10,2,14,,44,11,1,22,9,121.5142034,25.0535628
111,3,23,14,53,2,03中山區,中山區建國南路1段與市民大道3段口口,0,0,1,1,B12,6,1,5,50,4,1,1,4,4,5,7,2,1,1,4,5,2,17,1,36,3,10,3,4,7,8,1,6,1,15,,7,7,1,22,9,121.5369261,25.04474725
111,3,23,14,53,2,03中山區,中山區建國南路1段與市民大道3段口口,0,0,1,2,C03,6,1,5,50,4,1,1,4,4,5,7,2,1,1,4,5,2,17,2,29,2,9,1,1,7,9,1,10,1,12,,44,7,1,22,9,121.5369261,25.04474725
111,3,23,15,17,2,06松山區,松山區敦化北路100號,0,0,1,1,C03,6,1,5,50,14,8,1,4,4,5,7,4,4,3,4,5,2,13,1,21,2,8,1,1,7,9,1,10,1,11,,23,23,1,22,9,121.5487422,25.0523851
111,3,23,15,17,2,06松山區,松山區敦化北路100號,0,0,1,2,B03,6,1,5,50,14,8,1,4,4,5,7,4,4,3,4,5,2,13,1,44,3,10,1,1,7,14,1,8,1,3,,44,23,1,22,9,121.5487422,25.0523851
111,3,23,15,29,2,03中山區,中山區中山北路4段與北安路口,0,0,2,1,B03,6,1,5,50,3,1,1,4,4,5,7,1,1,1,4,5,2,17,1,19,3,10,1,1,7,9,1,8,1,5,,25,25,1,22,9,121.5264211,25.07666348
111,3,23,15,29,2,03中山區,中山區中山北路4段與北安路口,0,0,2,2,B03,6,1,5,50,3,1,1,4,4,5,7,1,1,1,4,5,2,17,1,41,2,9,1,1,7,9,1,8,1,7,,44,25,1,22,9,121.5264211,25.07666348
111,3,23,15,29,2,03中山區,中山區中山北路4段與北安路口,0,0,2,3,H02,6,1,5,50,3,1,1,4,4,5,7,1,1,1,4,5,2,17,2,27,2,9,1,5,7,20,8,20,10,16,,67,25,1,22,9,121.5264211,25.07666348
111,3,23,15,55,2,09北投區,北投區承德路7段168號,0,0,1,1,B01,6,1,5,50,14,9,1,4,4,5,7,4,4,1,4,4,2,13,1,28,3,10,3,4,7,9,1,4,1,1,,23,23,1,22,9,121.5080492,25.11365168
111,3,23,15,55,2,09北投區,北投區承德路7段168號,0,0,1,2,B03,6,1,5,50,14,9,1,4,4,5,7,4,4,1,4,4,2,13,1,57,3,10,3,4,7,12,1,8,1,3,,44,23,1,22,9,121.5080492,25.11365168
111,3,23,15,55,2,09北投區,北投區承德路7段168號,0,0,1,3,H02,6,1,5,50,14,9,1,4,4,5,7,4,4,1,4,4,2,13,1,65,2,1,4,5,7,20,8,20,10,16,,67,23,1,22,9,121.5080492,25.11365168
111,3,23,16,20,2,03中山區,中山區林森北路399巷與林森北路口,0,0,1,1,B12,8,1,5,50,4,2,1,5,4,5,7,1,1,4,5,5,1,17,2,34,3,10,1,1,7,9,1,10,1,4,,25,25,1,22,9,121.5255668,25.05905849
111,3,23,16,20,2,03中山區,中山區林森北路399巷與林森北路口,0,0,1,2,C03,8,1,5,50,4,2,1,5,4,5,7,1,1,4,5,5,1,17,2,51,2,7,1,1,7,5,1,10,1,12,,44,25,1,22,9,121.5255668,25.05905849
111,3,23,16,26,2,03中山區,中山區民權東路2段與建國北路2段口,0,0,1,1,B12,6,1,5,50,4,2,1,4,4,5,7,1,1,1,4,5,2,17,1,46,4,11,3,4,7,6,7,19,11,15,,9,9,2,22,9,121.5367731,25.06229655
111,3,23,16,26,2,03中山區,中山區民權東路2段與建國北路2段口,0,0,1,2,C03,6,1,5,50,4,2,1,4,4,5,7,1,1,1,4,5,2,17,1,43,2,9,1,1,7,12,1,10,1,12,,42,9,1,22,9,121.5367731,25.06229655
111,3,23,16,36,2,11南港區,南港區忠孝東路7段369號對面,0,0,2,1,C03,6,1,5,50,14,8,1,4,4,5,7,1,1,1,4,4,2,12,1,50,2,7,1,1,7,8,1,10,2,12,,7,7,1,22,9,121.6079003,25.05211745
111,3,23,16,36,2,11南港區,南港區忠孝東路7段369號對面,0,0,2,2,C03,6,1,5,50,14,8,1,4,4,5,7,1,1,1,4,4,2,12,1,18,2,9,1,1,7,9,1,10,2,14,,44,7,1,22,9,121.6079003,25.05211745
111,3,23,17,19,2,08士林區,士林區德行東路與德行東路109巷口,0,0,1,1,B03,6,2,5,50,4,1,1,4,4,5,7,1,1,10,5,5,1,16,1,34,3,10,1,1,7,5,1,8,1,4,,6,6,1,22,9,121.5284306,25.1077368
111,3,23,17,19,2,08士林區,士林區德行東路與德行東路109巷口,0,0,1,2,F01,6,2,5,50,4,1,1,4,4,5,7,1,1,10,5,5,1,16,2,62,2,9,1,1,7,9,8,20,1,16,,44,6,1,22,9,121.5284306,25.1077368
111,3,23,17,25,2,04大安區,大安區市民大道3段與建國南路1段口,0,0,1,1,B02,7,1,5,40,4,1,1,4,4,5,7,2,1,1,4,4,2,17,1,56,3,10,1,1,7,6,1,8,2,5,,44,44,1,22,9,121.5363434,25.04464229
111,3,23,17,25,2,04大安區,大安區市民大道3段與建國南路1段口,0,0,1,2,C03,7,1,5,40,4,1,1,4,4,5,7,2,1,1,4,4,2,17,1,23,2,9,1,1,7,9,1,10,2,14,,44,44,1,22,9,121.5363434,25.04464229
111,3,23,17,26,2,08士林區,士林區延平北路5段與延平北路5段83巷口,0,0,1,1,B02,6,1,5,50,4,2,1,4,4,5,7,2,1,3,5,5,1,17,1,60,3,10,1,1,7,5,1,8,1,2,,8,8,1,22,9,121.5106356,25.08096687
111,3,23,17,26,2,08士林區,士林區延平北路5段與延平北路5段83巷口,0,0,1,2,C03,6,1,5,50,4,2,1,4,4,5,7,2,1,3,5,5,1,17,1,18,2,9,1,1,7,9,1,10,1,11,,13,8,1,22,9,121.5106356,25.08096687
111,3,23,17,28,2,11南港區,南港區忠孝東路6段374號,0,0,1,1,C03,6,2,5,40,14,8,1,4,4,5,7,4,4,1,3,4,2,17,1,31,2,9,1,1,7,9,1,10,2,14,,42,42,1,22,9,121.5920325,25.04993656
111,3,23,17,28,2,11南港區,南港區忠孝東路6段374號,0,0,1,2,B03,6,2,5,40,14,8,1,4,4,5,7,4,4,1,3,4,2,17,1,21,3,10,1,1,7,2,1,8,9,15,,42,42,1,22,9,121.5920325,25.04993656
111,3,23,17,28,2,11南港區,南港區忠孝東路6段374號,0,0,1,3,B03,6,2,5,40,14,8,1,4,4,5,7,4,4,1,3,4,2,17,2,42,3,10,1,1,7,1,1,8,9,15,,19,42,1,22,9,121.5920325,25.04993656
111,3,23,17,30,2,03中山區,中山區建國北路2段與民生東路2段口口,0,0,1,1,B03,7,1,5,50,4,1,1,4,4,5,7,2,1,1,4,5,2,12,2,21,3,10,3,4,7,6,1,8,1,6,,9,9,1,22,9,121.5366328,25.05806609
111,3,23,17,30,2,03中山區,中山區建國北路2段與民生東路2段口口,0,0,1,2,C03,7,1,5,50,4,1,1,4,4,5,7,2,1,1,4,5,2,12,1,37,2,9,1,1,7,9,1,10,1,11,,44,9,1,22,9,121.5366328,25.05806609
111,3,23,17,45,2,04大安區,大安區和平東路2段與復興南路2段口口,0,0,1,1,B03,6,1,5,50,4,2,1,4,4,5,7,2,1,8,3,5,1,17,4,,4,11,3,4,7,15,7,19,11,15,,43,43,2,22,9,121.5434961,25.0249154
111,3,23,17,45,2,04大安區,大安區和平東路2段與復興南路2段口口,0,0,1,2,C03,6,1,5,50,4,2,1,4,4,5,7,2,1,8,3,5,1,17,2,37,2,8,3,4,7,15,1,10,9,14,,43,43,1,22,9,121.5434961,25.0249154
111,3,23,17,46,2,01大同區,大同區涼州街與延平北路2段口,0,0,1,1,C03,6,1,5,50,4,1,1,4,4,5,7,2,1,5,4,5,2,16,1,37,3,10,1,1,7,5,1,10,1,11,,8,8,1,22,9,121.5113618,25.0606575
111,3,23,17,46,2,01大同區,大同區涼州街與延平北路2段口,0,0,1,2,C03,6,1,5,50,4,1,1,4,4,5,7,2,1,5,4,5,2,16,2,20,2,8,1,1,7,9,1,10,1,11,,13,8,1,22,9,121.5113618,25.0606575
111,3,23,17,49,2,05中正區,中正區三元街與三元街230巷口,0,0,1,1,C03,6,1,5,50,4,1,1,4,4,5,7,1,1,3,4,4,2,13,2,20,2,9,1,1,7,9,1,10,2,11,,23,23,1,22,9,121.5128441,25.02749528
111,3,23,17,49,2,05中正區,中正區三元街與三元街230巷口,0,0,1,2,B01,6,1,5,50,4,1,1,4,4,5,7,1,1,3,4,4,2,13,1,61,3,10,1,1,7,11,1,4,2,6,,10,23,1,22,9,121.5128441,25.02749528
111,3,23,17,51,2,01大同區,大同區民生西路與民樂街口,0,0,1,1,B03,6,2,5,50,4,1,1,4,4,5,7,1,1,5,4,5,2,17,1,51,3,10,1,1,7,6,1,8,1,2,,9,9,1,22,9,121.510646,25.05693398
111,3,23,17,51,2,01大同區,大同區民生西路與民樂街口,0,0,1,2,C03,6,2,5,50,4,1,1,4,4,5,7,1,1,5,4,5,2,17,1,21,2,7,1,1,7,9,1,9,1,14,,44,9,1,22,9,121.510646,25.05693398
111,3,23,18,0,2,03中山區,中山區林森北路346號,0,0,2,1,C03,8,3,5,50,14,9,1,4,4,5,7,4,4,8,5,5,1,9,1,31,2,7,1,1,7,9,1,10,1,11,,23,23,1,22,9,121.5255071,25.05699202
111,3,23,18,0,2,03中山區,中山區林森北路346號,0,0,2,2,H01,8,3,5,50,14,9,1,4,4,5,7,4,4,8,5,5,1,9,2,53,2,7,4,5,8,16,8,20,10,16,,67,23,1,22,9,121.5255071,25.05699202
111,3,23,18,15,2,03中山區,中山區林森北路與新生北路2段28巷口口,0,0,1,1,B03,6,3,5,50,4,1,1,4,4,5,7,1,1,1,4,5,2,13,1,64,3,10,3,4,7,9,1,8,2,8,,16,16,1,22,9,121.5253864,25.0539016
111,3,23,18,15,2,03中山區,中山區林森北路與新生北路2段28巷口口,0,0,1,2,B03,6,3,5,50,4,1,1,4,4,5,7,1,1,1,4,5,2,13,2,59,2,2,3,4,7,5,1,8,2,6,,8,16,1,2,9,121.5253864,25.0539016
111,3,23,18,20,2,08士林區,士林區中山北路5段691號,0,0,2,1,B03,6,3,5,50,14,9,1,4,4,5,7,4,4,1,4,5,1,16,2,33,2,9,3,4,7,1,1,8,11,8,,19,19,1,22,9,121.5272835,25.09755554
111,3,23,18,20,2,08士林區,士林區中山北路5段691號,0,0,2,2,C03,6,3,5,50,14,9,1,4,4,5,7,4,4,1,4,5,1,16,2,21,2,9,3,4,7,9,1,10,11,12,,44,19,1,22,9,121.5272835,25.09755554
111,3,23,18,23,2,03中山區,中山區林森北路與林森北路383巷口,0,0,2,1,C03,7,3,5,30,3,2,1,5,4,5,7,4,4,9,4,5,1,17,2,35,3,10,1,1,7,5,1,10,1,12,,6,6,1,22,9,121.5255342,25.05851673
111,3,23,18,23,2,03中山區,中山區林森北路與林森北路383巷口,0,0,2,2,C03,7,3,5,30,3,2,1,5,4,5,7,4,4,9,4,5,1,17,1,24,2,8,1,1,7,9,1,10,1,11,,44,6,1,22,9,121.5255342,25.05851673
111,3,23,18,23,2,03中山區,中山區林森北路與林森北路383巷口,0,0,2,3,H02,7,3,5,30,3,2,1,5,4,5,7,4,4,9,4,5,1,17,1,19,2,8,1,5,7,21,8,20,10,15,,67,6,1,22,9,121.5255342,25.05851673
111,3,23,18,38,2,05中正區,中正區忠孝東路1段85號,0,0,1,1,B01,6,3,5,50,14,9,1,4,4,5,7,4,4,9,4,5,2,17,1,57,4,11,3,4,7,7,7,19,11,15,,7,7,2,22,9,121.5267598,25.04410407