發生年度,發生月,發生日,發生時-Hours,發生分,處理別-編號,區序,肇事地點,死亡人數,2-30日死亡人數,受傷人數,當事人序號,車種,天候,光線,道路類別,速限-速度限制,道路型態,事故位置,路面狀況1,路面狀況2,路面狀況3,道路障礙1,道路障礙2,號誌1,號誌2,車道劃分-分向,車道劃分-分道1,車道劃分-分道2,車道劃分-分道3,事故類型及型態,性別,年齡,受傷程度,主要傷處,安全帽,行動電話,車輛用途,當事者行動狀態,駕駛資格情形,駕駛執照種類,飲酒情形,車輛撞擊部位1,車輛撞擊部位2,肇因碼-個別,肇因碼-主要,個人肇逃否,職業,旅次目的,座標-X,座標-Y
111,3,23,18,38,2,05中正區,中正區忠孝東路1段85號,0,0,1,2,C03,6,3,5,50,14,9,1,4,4,5,7,4,4,9,4,5,2,17,1,36,2,8,1,1,7,7,1,10,2,14,,7,7,1,22,9,121.5267598,25.04410407
111,3,23,18,38,2,05中正區,中正區忠孝東路1段85號,0,0,1,3,C03,6,3,5,50,14,9,1,4,4,5,7,4,4,9,4,5,2,17,1,53,4,11,3,4,7,15,7,19,11,15,,23,7,2,22,9,121.5267598,25.04410407
111,3,23,19,17,2,07信義區,信義區永吉路278巷27弄與永吉路326巷口,0,0,1,1,B12,6,3,5,50,3,1,1,4,4,5,7,4,4,9,4,5,2,9,2,56,3,10,1,1,7,11,1,8,1,1,,10,10,1,22,9,121.5754317,25.04453804
111,3,23,19,17,2,07信義區,信義區永吉路278巷27弄與永吉路326巷口,0,0,1,2,H01,6,3,5,50,3,1,1,4,4,5,7,4,4,9,4,5,2,9,1,56,2,3,1,1,8,16,8,20,10,16,,67,10,1,22,9,121.5754317,25.04453804
111,3,23,19,21,2,03中山區,中山區林森北路與長春路口,0,0,1,1,B01,6,3,5,50,4,1,1,4,4,5,7,1,1,5,4,5,2,16,1,42,3,10,3,4,7,6,1,4,1,5,,9,9,1,22,9,121.5254768,25.05491816
111,3,23,19,21,2,03中山區,中山區林森北路與長春路口,0,0,1,2,C03,6,3,5,50,4,1,1,4,4,5,7,1,1,5,4,5,2,16,1,36,2,9,1,1,7,9,1,10,1,14,,44,9,1,22,9,121.5254768,25.05491816
111,3,23,19,27,2,06松山區,松山區敦化北路1號前,0,0,1,1,B01,6,3,5,50,14,8,1,4,4,5,7,4,4,10,5,5,2,12,1,63,3,10,1,1,7,8,1,4,1,6,,7,7,1,22,9,121.5491671,25.0489878
111,3,23,19,27,2,06松山區,松山區敦化北路1號前,0,0,1,2,C03,6,3,5,50,14,8,1,4,4,5,7,4,4,10,5,5,2,12,1,27,2,9,1,1,7,9,1,10,1,11,,44,7,1,22,9,121.5491671,25.0489878
111,3,23,19,30,2,03中山區,中山區松江路與松江路170巷口,0,0,1,1,C03,6,3,5,50,3,2,1,4,4,5,7,4,4,1,4,5,1,17,1,19,2,8,1,1,7,9,1,10,2,14,,23,23,1,22,9,121.532763,25.05581
111,3,23,19,30,2,03中山區,中山區松江路與松江路170巷口,0,0,1,2,B01,6,3,5,50,3,2,1,4,4,5,7,4,4,1,4,5,1,17,1,52,3,10,1,1,7,15,1,4,2,7,,44,23,1,22,9,121.532763,25.05581
111,3,23,19,30,2,03中山區,中山區松江路與松江路170巷口,0,0,1,3,B03,6,3,5,50,3,2,1,4,4,5,7,4,4,1,4,5,1,17,1,62,3,10,1,1,7,9,1,8,2,1,,44,23,1,22,9,121.532763,25.05581
111,3,23,19,30,2,04大安區,大安區羅斯福路4段與基隆路4段口,0,0,2,1,B03,6,3,5,50,5,1,1,4,4,5,7,1,1,1,4,5,2,12,1,36,3,10,1,1,7,9,1,8,1,1,,23,23,1,22,9,121.5371747,25.01134251
111,3,23,19,30,2,04大安區,大安區羅斯福路4段與基隆路4段口,0,0,2,2,C03,6,3,5,50,5,1,1,4,4,5,7,1,1,1,4,5,2,12,1,35,2,9,1,1,7,8,1,10,1,12,,7,23,1,22,9,121.5371747,25.01134251
111,3,23,19,30,2,04大安區,大安區羅斯福路4段與基隆路4段口,0,0,2,3,H02,6,3,5,50,5,1,1,4,4,5,7,1,1,1,4,5,2,12,2,35,2,9,4,1,7,20,8,20,10,16,,67,23,1,22,9,121.5371747,25.01134251
111,3,23,19,32,2,06松山區,松山區光復北路191號,0,0,1,1,B01,6,3,5,40,14,7,1,4,4,5,7,4,4,9,4,4,2,17,1,64,4,11,3,4,7,11,7,19,11,15,,10,10,2,22,9,121.5550996,25.05916865
111,3,23,19,32,2,06松山區,松山區光復北路191號,0,0,1,2,C03,6,3,5,40,14,7,1,4,4,5,7,4,4,9,4,4,2,17,1,35,2,7,1,1,7,9,1,10,1,15,,44,10,1,22,9,121.5550996,25.05916865
111,3,23,19,34,2,08士林區,士林區華齡街與福港街259巷口,0,0,1,1,B01,6,3,5,50,3,2,1,4,4,5,7,4,4,10,4,5,1,26,1,59,4,11,3,4,7,15,7,19,11,15,,23,23,2,22,9,121.5193891,25.08408334
111,3,23,19,34,2,08士林區,士林區華齡街與福港街259巷口,0,0,1,3,H02,6,3,5,50,3,2,1,4,4,5,7,4,4,10,4,5,1,26,2,72,2,7,2,5,7,21,8,20,10,15,,67,23,1,22,9,121.5193891,25.08408334
111,3,23,19,34,2,08士林區,士林區華齡街與福港街259巷口,0,0,1,2,,6,3,5,50,3,2,1,4,4,5,7,4,4,10,4,5,1,26,3,,,,,,,,,,9,,,67,23,1,,,121.5193891,25.08408334
111,3,23,19,49,2,07信義區,信義區松山路與松山路149巷口,0,0,3,1,B03,6,3,5,50,4,1,1,4,4,5,7,1,1,1,4,5,2,17,1,48,2,5,1,1,7,11,1,8,1,8,,10,10,1,22,9,121.5778555,25.04664904
111,3,23,19,49,2,07信義區,信義區松山路與松山路149巷口,0,0,3,2,C03,6,3,5,50,4,1,1,4,4,5,7,1,1,1,4,5,2,17,2,29,2,9,1,1,7,9,1,10,1,11,,44,10,1,22,9,121.5778555,25.04664904
111,3,23,19,49,2,07信義區,信義區松山路與松山路149巷口,0,0,3,3,H02,6,3,5,50,4,1,1,4,4,5,7,1,1,1,4,5,2,17,2,39,2,1,4,5,7,20,8,20,10,16,,67,10,1,22,9,121.5778555,25.04664904
111,3,23,20,5,2,04大安區,大安區樂業街109號,0,0,1,1,B03,6,3,5,50,14,9,1,4,4,5,7,4,4,5,5,5,1,17,2,45,3,10,3,4,7,15,1,8,1,4,,40,40,1,22,9,121.5522343,25.02073181
111,3,23,20,5,2,04大安區,大安區樂業街109號,0,0,1,2,C03,6,3,5,50,14,9,1,4,4,5,7,4,4,5,5,5,1,17,1,56,2,9,3,4,7,9,1,10,1,12,,23,40,1,22,9,121.5522343,25.02073181
111,3,23,20,5,2,04大安區,大安區樂業街109號,0,0,1,3,B03,6,3,5,50,14,9,1,4,4,5,7,4,4,5,5,5,1,17,1,36,3,10,3,4,7,9,1,8,1,4,,44,40,1,22,9,121.5522343,25.02073181
111,3,23,20,6,2,02萬華區,萬華區昆明街33號,0,0,1,1,B01,6,3,5,50,14,9,1,4,4,5,7,4,4,10,4,5,2,17,1,45,4,11,3,4,7,15,7,19,11,15,,44,43,2,22,9,121.5053286,25.04472736
111,3,23,20,6,2,02萬華區,萬華區昆明街33號,0,0,1,2,C03,6,3,5,50,14,9,1,4,4,5,7,4,4,10,4,5,2,17,1,20,2,8,1,1,7,9,1,10,1,15,,42,43,1,22,9,121.5053286,25.04472736
111,3,23,20,28,2,02萬華區,萬華區和平西路3段與和平西路3段286巷口,0,0,1,1,B03,6,3,5,30,4,1,1,4,4,5,7,4,4,10,5,5,2,17,1,34,3,10,3,4,7,11,1,8,1,8,,6,6,1,22,9,121.4949663,25.03531351
111,3,23,20,28,2,02萬華區,萬華區和平西路3段與和平西路3段286巷口,0,0,1,2,C03,6,3,5,30,4,1,1,4,4,5,7,4,4,10,5,5,2,17,1,57,2,9,3,4,7,9,1,10,1,12,,14,6,1,22,9,121.4949663,25.03531351
111,3,23,20,51,2,10文山區,文山區木柵路1段與辛亥路7段口,0,0,1,1,C03,6,3,5,50,4,2,1,4,4,5,7,2,1,5,4,5,2,15,1,24,3,10,1,1,7,9,1,10,1,14,,25,25,1,21,1,121.5523684,24.98779341
111,3,23,20,51,2,10文山區,文山區木柵路1段與辛亥路7段口,0,0,1,2,C03,6,3,5,50,4,2,1,4,4,5,7,2,1,5,4,5,2,15,1,52,2,8,1,1,7,9,1,9,1,11,,44,25,1,21,8,121.5523684,24.98779341
111,3,23,22,6,2,10文山區,文山區指南路2段與指南路2段197巷口,0,0,1,1,B01,6,3,5,30,3,1,1,4,4,5,7,3,1,5,2,5,2,16,1,60,3,10,1,1,7,5,1,4,2,5,,6,6,1,22,9,121.5783388,24.98710356
111,3,23,22,6,2,10文山區,文山區指南路2段與指南路2段197巷口,0,0,1,2,C03,6,3,5,30,3,1,1,4,4,5,7,3,1,5,2,5,2,16,1,19,2,8,1,1,7,9,1,10,2,12,,42,6,1,22,9,121.5783388,24.98710356
111,3,23,22,10,2,05中正區,中正區汀州路3段與汀州路3段60巷口,0,0,1,1,B03,6,3,5,50,4,1,1,4,4,5,7,2,1,8,4,5,1,3,1,21,3,10,1,1,7,5,1,8,1,8,,15,15,1,22,9,121.5313746,25.0157037
111,3,23,22,10,2,05中正區,中正區汀州路3段與汀州路3段60巷口,0,0,1,2,H01,6,3,5,50,4,1,1,4,4,5,7,2,1,8,4,5,1,3,1,23,2,9,4,5,8,16,8,20,10,16,,67,15,1,22,9,121.5313746,25.0157037
111,3,23,22,14,2,03中山區,中山區民生東路2段與吉林路口,0,0,2,1,B01,6,3,5,50,4,1,1,4,4,5,7,1,1,5,4,5,1,17,1,59,4,11,3,4,7,15,7,19,11,15,,6,6,2,22,9,121.5301546,25.0580315
111,3,23,22,14,2,03中山區,中山區民生東路2段與吉林路口,0,0,2,2,C03,6,3,5,50,4,1,1,4,4,5,7,1,1,5,4,5,1,17,1,24,2,8,1,1,7,9,1,10,1,14,,44,6,1,22,9,121.5301546,25.0580315
111,3,23,22,14,2,03中山區,中山區民生東路2段與吉林路口,0,0,2,3,H02,6,3,5,50,4,1,1,4,4,5,7,1,1,5,4,5,1,17,1,25,2,8,1,5,7,21,8,20,10,15,,67,6,1,22,9,121.5301546,25.0580315
111,3,23,22,17,2,07信義區,信義區基隆路2段與通化街171巷,0,0,1,1,B03,6,3,5,50,4,1,1,4,4,5,7,1,1,7,5,5,1,3,1,49,3,10,1,1,7,5,1,8,2,1,,15,15,1,22,9,121.5560937,25.02748862
111,3,23,22,17,2,07信義區,信義區基隆路2段與通化街171巷,0,0,1,2,H01,6,3,5,50,4,1,1,4,4,5,7,1,1,7,5,5,1,3,1,32,2,9,4,5,8,16,8,20,10,16,,67,15,1,22,9,121.5560937,25.02748862
111,3,23,22,18,2,01大同區,大同區環河北路2段371號,0,0,1,2,C01,7,3,5,50,14,9,1,4,4,5,7,1,1,8,3,5,1,17,1,23,2,7,1,1,7,9,1,9,1,14,,13,7,1,22,9,121.5091958,25.07725608
111,3,23,22,18,2,01大同區,大同區環河北路2段371號,0,0,1,1,B03,7,3,5,50,14,9,1,4,4,5,7,1,1,8,3,5,1,17,1,34,3,10,1,1,7,7,1,8,11,15,,7,7,2,22,9,121.5091958,25.07725608
111,3,23,22,35,2,09北投區,北投區承德路7段350號,0,0,1,1,B02,6,3,5,40,14,7,1,4,4,5,7,4,4,1,4,4,2,16,1,25,3,10,3,4,7,7,1,8,1,8,,7,7,1,22,9,121.5037908,25.11766655
111,3,23,22,35,2,09北投區,北投區承德路7段350號,0,0,1,2,C03,6,3,5,40,14,7,1,4,4,5,7,4,4,1,4,4,2,16,1,30,2,7,3,4,7,9,1,10,1,12,,44,7,1,22,9,121.5037908,25.11766655
111,3,23,22,55,2,12內湖區,內湖區民權東路6段296巷與民權東路6段296巷31弄口,0,0,1,1,B03,6,3,5,30,4,1,1,4,4,5,7,4,4,10,5,5,2,16,1,37,3,10,1,1,7,9,1,8,1,2,,6,6,1,22,9,121.6063886,25.07206091
111,3,23,22,55,2,12內湖區,內湖區民權東路6段296巷與民權東路6段296巷31弄口,0,0,1,2,C03,6,3,5,30,4,1,1,4,4,5,7,4,4,10,5,5,2,16,1,67,2,9,1,1,7,9,1,10,1,11,,14,6,1,22,9,121.6063886,25.07206091
111,3,23,23,36,2,01大同區,大同區重慶北路3段與昌吉街口,0,0,1,1,B12,6,3,5,50,4,2,1,4,4,5,7,2,1,1,1,5,2,2,1,59,3,10,1,1,7,5,1,8,2,1,,15,15,1,22,9,121.5137781,25.06601973
111,3,23,23,36,2,01大同區,大同區重慶北路3段與昌吉街口,0,0,1,2,H01,6,3,5,50,4,2,1,4,4,5,7,2,1,1,1,5,2,2,1,32,2,9,4,5,8,16,8,20,10,16,,67,15,1,22,9,121.5137781,25.06601973
111,3,23,23,40,2,02萬華區,萬華區長沙街2段113號,0,0,1,1,C03,6,3,5,50,14,9,1,4,4,5,7,4,4,5,5,5,2,12,2,28,2,8,1,1,7,9,1,10,2,11,,23,23,1,22,9,121.5029705,25.04055376
111,3,23,23,40,2,02萬華區,萬華區長沙街2段113號,0,0,1,2,B03,6,3,5,50,14,9,1,4,4,5,7,4,4,5,5,5,2,12,1,33,3,10,3,1,7,13,1,8,2,3,,38,23,1,22,9,121.5029705,25.04055376
111,3,24,1,0,2,09北投區,北投區豐年路2段與中央北路2段237巷口,0,0,1,1,C03,6,3,5,30,3,1,1,4,4,5,7,4,4,10,5,5,2,18,1,45,2,9,3,4,7,9,1,10,1,14,,43,43,1,22,9,121.4935232,25.13687013
111,3,24,1,0,2,09北投區,北投區豐年路2段與中央北路2段237巷口,0,0,1,2,,6,3,5,30,3,1,1,4,4,5,7,4,4,10,5,5,2,18,3,,,,,,,,,,,,,67,43,,,,121.4935232,25.13687013
111,3,24,1,50,2,05中正區,中正區中華路2段與和平西路2段口,0,0,2,1,B02,6,3,5,50,4,1,1,4,4,5,7,1,1,3,4,5,2,15,1,46,2,5,1,1,7,9,1,8,2,5,,25,25,1,22,9,121.5053414,25.033487
111,3,24,1,50,2,05中正區,中正區中華路2段與和平西路2段口,0,0,2,2,B03,6,3,5,50,4,1,1,4,4,5,7,1,1,3,4,5,2,15,1,22,2,9,1,1,7,9,1,8,2,1,,13,25,1,22,9,121.5053414,25.033487
111,3,24,7,9,2,09北投區,北投區北投路1段與三合街2段口,0,0,1,1,A05,7,1,5,50,14,9,1,5,4,5,7,4,4,4,4,5,2,9,1,55,3,10,1,1,7,15,1,2,2,2,,23,23,1,22,9,121.5007619,25.12617043
111,3,24,7,9,2,09北投區,北投區北投路1段與三合街2段口,0,0,1,2,H01,7,1,5,50,14,9,1,5,4,5,7,4,4,4,4,5,2,9,1,51,2,8,4,5,8,17,8,20,10,16,,60,23,1,22,9,121.5007619,25.12617043
111,3,24,7,15,2,03中山區,中山區新生北路3段與新生北路3段93巷口,0,0,1,1,C03,7,1,5,50,3,1,1,5,4,5,7,4,4,1,4,5,2,13,1,25,3,10,1,1,7,6,1,10,1,13,,9,9,1,22,9,121.5280369,25.06775482
111,3,24,7,15,2,03中山區,中山區新生北路3段與新生北路3段93巷口,0,0,1,2,C03,7,1,5,50,3,1,1,5,4,5,7,4,4,1,4,5,2,13,1,34,2,7,1,1,7,9,1,10,1,11,,16,9,1,22,9,121.5280369,25.06775482
111,3,24,7,25,2,10文山區,文山區辛亥路6段78號,0,0,1,1,C03,7,1,5,50,14,9,1,4,4,5,7,4,4,2,4,5,1,17,1,41,2,8,1,4,7,9,1,10,1,12,,6,6,1,22,9,121.5524253,24.98933327
111,3,24,7,25,2,10文山區,文山區辛亥路6段78號,0,0,1,2,C03,7,1,5,50,14,9,1,4,4,5,7,4,4,2,4,5,1,17,1,61,3,10,1,4,7,7,1,10,1,15,,7,6,1,22,9,121.5524253,24.98933327
111,3,24,7,58,2,02萬華區,萬華區環河南路1段66號,0,0,2,1,C03,6,1,5,50,14,9,1,4,4,5,7,4,4,5,4,5,2,16,1,63,2,8,1,1,7,7,6,10,2,13,,7,7,1,22,9,121.5058196,25.04854943
111,3,24,7,58,2,02萬華區,萬華區環河南路1段66號,0,0,2,2,C03,6,1,5,50,14,9,1,4,4,5,7,4,4,5,4,5,2,16,1,29,2,9,1,1,7,9,1,10,2,11,,44,7,1,22,9,121.5058196,25.04854943
111,3,24,8,25,2,06松山區,松山區民權東路4段(光復北路往東第三燈桿),0,0,2,1,C03,7,1,5,50,4,2,1,4,4,5,7,4,4,9,4,4,1,13,2,31,2,8,1,1,7,9,1,10,1,11,,16,16,1,22,9,121.5539315,25.06177173
111,3,24,8,25,2,06松山區,松山區民權東路4段(光復北路往東第三燈桿),0,0,2,2,C03,7,1,5,50,4,2,1,4,4,5,7,4,4,9,4,4,1,13,2,39,2,9,1,1,7,12,1,10,1,13,,44,16,1,22,9,121.5539315,25.06177173
111,3,24,8,25,2,06松山區,松山區民權東路4段(光復北路往東第三燈桿),0,0,2,3,B01,7,1,5,50,4,2,1,4,4,5,7,4,4,9,4,4,1,13,1,63,4,11,3,4,7,7,1,4,11,15,,7,16,1,22,9,121.5539315,25.06177173
111,3,24,8,30,2,07信義區,信義區基隆路1段139號,0,0,3,1,C03,6,1,5,50,14,9,1,4,4,5,7,4,4,9,4,5,2,17,1,28,2,9,1,1,7,9,1,10,2,15,,42,42,1,22,9,121.5659067,25.04332664
111,3,24,8,30,2,07信義區,信義區基隆路1段139號,0,0,3,2,C03,6,1,5,50,14,9,1,4,4,5,7,4,4,9,4,5,2,17,1,38,2,9,1,1,7,9,1,10,2,11,,44,42,1,22,9,121.5659067,25.04332664
111,3,24,8,30,2,07信義區,信義區基隆路1段139號,0,0,3,3,C03,6,1,5,50,14,9,1,4,4,5,7,4,4,9,4,5,2,17,2,40,2,9,1,1,7,9,1,10,2,14,,42,42,1,22,9,121.5659067,25.04332664
111,3,24,8,39,2,05中正區,中正區公園路與貴陽街1段口,0,0,1,1,B03,7,1,5,50,4,2,1,5,4,5,7,1,1,9,4,5,2,17,1,67,3,10,1,1,7,5,1,8,2,5,,6,6,1,22,9,121.5153151,25.03856754
111,3,24,8,39,2,05中正區,中正區公園路與貴陽街1段口,0,0,1,2,C03,7,1,5,50,4,2,1,5,4,5,7,1,1,9,4,5,2,17,1,20,2,9,1,1,7,9,1,10,2,14,,23,6,1,22,9,121.5153151,25.03856754
111,3,24,8,40,2,05中正區,中正區館前路與襄陽路口口,0,0,1,1,B12,8,1,5,50,3,2,1,5,4,5,7,2,1,9,4,5,1,16,1,46,3,10,1,1,7,6,1,8,1,2,,43,43,1,21,1,121.5150875,25.04348023
111,3,24,8,40,2,05中正區,中正區館前路與襄陽路口口,0,0,1,2,C03,8,1,5,50,3,2,1,5,4,5,7,2,1,9,4,5,1,16,1,39,2,8,1,1,7,9,1,10,1,14,,43,43,1,21,1,121.5150875,25.04348023
111,3,24,9,5,2,11南港區,南港區南港路1段與興華路口口,0,0,1,1,B01,7,1,5,50,4,1,1,4,4,5,7,2,1,5,4,5,2,16,1,55,3,10,1,1,7,5,1,4,1,5,,6,6,1,22,9,121.6062067,25.05426252
111,3,24,9,5,2,11南港區,南港區南港路1段與興華路口口,0,0,1,2,C03,7,1,5,50,4,1,1,4,4,5,7,2,1,5,4,5,2,16,1,69,2,8,1,1,7,9,4,8,1,14,,42,6,1,22,9,121.6062067,25.05426252
111,3,24,9,14,2,12內湖區,內湖區陽光街68巷與陽光街口,0,0,2,1,B03,7,1,5,50,3,1,1,4,4,5,7,1,1,5,5,5,2,16,2,64,2,2,1,1,7,5,1,8,1,8,,6,6,1,22,9,121.5866433,25.0764936
111,3,24,9,14,2,12內湖區,內湖區陽光街68巷與陽光街口,0,0,2,2,C03,7,1,5,50,3,1,1,4,4,5,7,1,1,5,5,5,2,16,1,59,2,9,1,1,7,9,1,10,1,14,,44,6,1,22,9,121.5866433,25.0764936
111,3,24,9,20,2,01大同區,大同區民權西路184巷與民權西路口側附近160巷26弄口,0,0,1,1,C03,7,1,5,30,4,1,1,5,4,5,7,4,4,10,4,5,2,15,2,63,2,6,1,1,7,9,1,10,2,11,,6,6,1,22,9,121.5145924,25.0616439
111,3,24,9,20,2,01大同區,大同區民權西路184巷與民權西路口側附近160巷26弄口,0,0,1,2,B12,7,1,5,30,4,1,1,5,4,5,7,4,4,10,4,5,2,15,1,57,3,10,1,1,7,9,1,8,2,8,,44,6,1,22,9,121.5145924,25.0616439
111,3,24,9,25,2,10文山區,文山區木柵路5段43巷(70燈桿)前,0,0,1,1,C03,7,1,5,30,11,9,1,4,4,5,7,4,4,10,5,5,2,17,1,22,2,9,3,4,7,9,1,10,2,11,,13,13,1,22,9,121.574737,25.01139555
111,3,24,9,25,2,10文山區,文山區木柵路5段43巷(70燈桿)前,0,0,1,2,B03,7,1,5,30,11,9,1,4,4,5,7,4,4,10,5,5,2,17,2,38,3,10,3,4,7,9,1,8,2,1,,44,13,1,22,9,121.574737,25.01139555
111,3,24,9,25,2,12內湖區,內湖區成功路2段與民權東路6段口引道,0,0,1,1,B03,7,3,5,50,3,1,1,5,4,5,7,4,4,1,4,5,2,16,2,37,3,10,3,4,7,6,1,8,1,5,,9,9,1,22,9,121.5912589,25.068637
111,3,24,9,25,2,12內湖區,內湖區成功路2段與民權東路6段口引道,0,0,1,2,C03,7,3,5,50,3,1,1,5,4,5,7,4,4,1,4,5,2,16,2,19,2,8,1,1,7,9,1,10,1,14,,14,9,1,22,9,121.5912589,25.068637
111,3,24,10,2,2,10文山區,文山區羅斯福路6段39巷與羅斯福路6段159巷1弄口,0,0,1,1,C03,7,1,5,30,4,1,1,4,4,5,7,4,4,10,5,5,2,17,2,24,2,9,1,1,7,9,1,10,1,12,,44,44,1,22,9,121.5405437,24.99906792
111,3,24,10,2,2,10文山區,文山區羅斯福路6段39巷與羅斯福路6段159巷1弄口,0,0,1,2,C03,7,1,5,30,4,1,1,4,4,5,7,4,4,10,5,5,2,17,1,45,3,10,1,1,7,5,1,10,11,15,,5,44,1,22,9,121.5405437,24.99906792
111,3,24,10,12,2,11南港區,南港區東新街56號,0,0,1,1,B12,7,1,5,50,14,9,1,4,4,5,7,4,4,5,4,5,2,16,1,49,3,10,1,1,7,5,1,8,2,4,,8,8,1,22,9,121.585391,25.04772932
111,3,24,10,12,2,11南港區,南港區東新街56號,0,0,1,2,C03,7,1,5,50,14,9,1,4,4,5,7,4,4,5,4,5,2,16,1,32,2,9,1,1,7,9,1,10,2,12,,23,8,1,22,9,121.585391,25.04772932
111,3,24,10,27,2,05中正區,中正區重慶南路3段與汀州路2段口,0,0,1,1,C03,8,1,5,50,4,1,1,5,4,5,7,2,1,3,4,5,2,12,1,20,3,10,1,1,7,6,1,10,1,13,,6,6,1,22,9,121.5165598,25.02552645
111,3,24,10,27,2,05中正區,中正區重慶南路3段與汀州路2段口,0,0,1,2,C03,8,1,5,50,4,1,1,5,4,5,7,2,1,3,4,5,2,12,1,23,2,9,1,1,7,9,1,10,1,11,,44,6,1,22,9,121.5165598,25.02552645
111,3,24,10,30,2,12內湖區,內湖區康寧路3段與康寧路3段75巷口口,0,0,1,1,B03,8,1,5,50,4,2,1,5,4,5,7,2,1,1,2,5,2,13,2,52,3,10,1,1,7,9,1,8,1,5,,44,44,1,22,9,121.6087929,25.07192131
111,3,24,10,30,2,12內湖區,內湖區康寧路3段與康寧路3段75巷口口,0,0,1,2,C03,8,1,5,50,4,2,1,5,4,5,7,2,1,1,2,5,2,13,2,19,2,9,1,1,7,5,1,10,1,13,,8,44,1,22,9,121.6087929,25.07192131
111,3,24,10,41,2,01大同區,大同區重慶北路3段236巷與重慶北路3段236巷45弄口,0,0,1,1,F03,8,1,5,30,4,1,1,5,4,5,7,1,1,10,5,5,2,15,1,86,2,9,1,1,7,9,8,20,2,16,,25,25,1,22,9,121.5122984,25.07054637
111,3,24,10,41,2,01大同區,大同區重慶北路3段236巷與重慶北路3段236巷45弄口,0,0,1,2,B03,8,1,5,30,4,1,1,5,4,5,7,1,1,10,5,5,2,15,1,74,3,10,3,4,7,9,1,8,2,1,,44,25,1,22,9,121.5122984,25.07054637
111,3,24,11,14,2,04大安區,大安區光復南路240巷40號,0,0,1,1,B02,7,1,5,30,14,9,1,5,4,5,7,4,4,10,5,5,2,16,1,59,3,10,3,4,7,6,1,8,1,2,,9,9,1,22,9,121.555591,25.04076053
111,3,24,11,14,2,04大安區,大安區光復南路240巷40號,0,0,1,2,C03,7,1,5,30,14,9,1,5,4,5,7,4,4,10,5,5,2,16,1,18,2,8,1,4,7,9,1,10,1,14,,44,9,1,22,9,121.555591,25.04076053
111,3,24,11,20,2,09北投區,北投區承德路7段139號與承德路7段口口,0,0,1,1,B03,8,1,5,30,3,1,1,5,4,5,7,2,1,10,5,5,2,16,2,63,3,10,1,1,7,1,1,8,1,2,,19,19,1,22,9,121.5091088,25.11240322
111,3,24,11,20,2,09北投區,北投區承德路7段139號與承德路7段口口,0,0,1,2,C03,8,1,5,30,3,1,1,5,4,5,7,2,1,10,5,5,2,16,1,20,2,7,1,1,7,9,1,10,1,11,,44,19,1,22,9,121.5091088,25.11240322
111,3,24,11,25,2,12內湖區,內湖區民權東路6段56巷與民權東路6段56巷1弄口,0,0,1,1,C03,7,1,5,30,4,1,1,5,4,5,7,4,4,9,5,4,2,16,1,40,2,8,1,1,7,5,1,10,1,14,,6,6,1,22,9,121.584654,25.06842816
111,3,24,11,25,2,12內湖區,內湖區民權東路6段56巷與民權東路6段56巷1弄口,0,0,1,2,C03,7,1,5,30,4,1,1,5,4,5,7,4,4,9,5,4,2,16,1,20,3,10,1,1,7,9,1,10,1,11,,4,6,1,22,9,121.584654,25.06842816
111,3,24,11,30,2,03中山區,中山區明水路與明水路397巷口,0,0,3,1,B03,8,1,5,50,3,1,1,5,4,5,7,2,1,1,4,5,2,13,1,54,2,1,3,4,7,9,6,8,2,1,,23,23,1,22,9,121.5479685,25.07738428
111,3,24,11,30,2,03中山區,中山區明水路與明水路397巷口,0,0,3,2,B03,8,1,5,50,3,1,1,5,4,5,7,2,1,1,4,5,2,13,1,58,2,1,3,4,7,14,1,8,2,3,,44,23,1,22,9,121.5479685,25.07738428
111,3,24,11,30,2,03中山區,中山區明水路與明水路397巷口,0,0,3,3,B03,8,1,5,50,3,1,1,5,4,5,7,2,1,1,4,5,2,13,2,39,2,1,3,4,7,14,1,8,2,3,,44,23,1,22,9,121.5479685,25.07738428
111,3,24,11,32,2,11南港區,南港區忠孝東路5段990號,0,0,1,1,B12,7,1,5,50,14,9,1,5,4,5,6,2,1,5,4,5,2,17,1,45,3,10,1,4,7,1,1,8,2,15,,19,19,1,22,9,121.5825475,25.04493605
111,3,24,11,32,2,11南港區,南港區忠孝東路5段990號,0,0,1,2,C03,7,1,5,50,14,9,1,5,4,5,6,2,1,5,4,5,2,17,1,32,2,9,1,4,7,9,1,10,2,15,,13,19,1,22,9,121.5825475,25.04493605
111,3,24,11,35,2,08士林區,士林區延平北路5段158號,0,0,1,2,C03,8,1,5,50,14,9,1,5,4,5,7,2,1,1,4,1,1,12,1,64,2,9,1,1,7,9,1,10,1,14,,43,43,2,22,9,121.5104071,25.0826145
111,3,24,11,35,2,08士林區,士林區延平北路5段158號,0,0,1,1,C03,8,1,5,50,14,9,1,5,4,5,7,2,1,1,4,1,1,12,4,,4,11,3,4,7,15,7,19,11,15,,43,43,2,22,9,121.5104071,25.0826145
111,3,24,12,25,2,06松山區,松山區市民大道5段與基隆路1段口,0,0,3,1,C03,8,1,5,40,4,1,1,5,4,5,7,1,1,1,3,5,2,15,1,19,2,9,3,4,7,9,1,10,1,11,,25,25,1,22,9,121.5690958,25.04908411
111,3,24,12,25,2,06松山區,松山區市民大道5段與基隆路1段口,0,0,3,2,C03,8,1,5,40,4,1,1,5,4,5,7,1,1,1,3,5,2,15,1,25,2,9,3,4,7,9,1,10,1,14,,25,25,1,22,9,121.5690958,25.04908411