發生年度,發生月,發生日,發生時-Hours,發生分,處理別-編號,區序,肇事地點,死亡人數,2-30日死亡人數,受傷人數,當事人序號,車種,天候,光線,道路類別,速限-速度限制,道路型態,事故位置,路面狀況1,路面狀況2,路面狀況3,道路障礙1,道路障礙2,號誌1,號誌2,車道劃分-分向,車道劃分-分道1,車道劃分-分道2,車道劃分-分道3,事故類型及型態,性別,年齡,受傷程度,主要傷處,安全帽,行動電話,車輛用途,當事者行動狀態,駕駛資格情形,駕駛執照種類,飲酒情形,車輛撞擊部位1,車輛撞擊部位2,肇因碼-個別,肇因碼-主要,個人肇逃否,職業,旅次目的,座標-X,座標-Y
111,3,24,12,25,2,06松山區,松山區市民大道5段與基隆路1段口,0,0,3,3,H02,8,1,5,40,4,1,1,5,4,5,7,1,1,1,3,5,2,15,2,20,2,9,4,5,7,20,8,20,10,16,,60,25,1,22,9,121.5690958,25.04908411
111,3,24,12,34,2,06松山區,松山區民權東路5段2號,0,0,1,1,C03,8,1,5,50,14,9,1,5,4,5,7,2,1,9,4,5,2,17,2,43,2,9,1,1,7,9,1,10,2,13,,44,44,1,22,9,121.5631575,25.06277743
111,3,24,12,34,2,06松山區,松山區民權東路5段2號,0,0,1,2,B03,8,1,5,50,14,9,1,5,4,5,7,2,1,9,4,5,2,17,1,60,3,10,1,1,7,9,1,8,2,5,,23,44,1,22,9,121.5631575,25.06277743
111,3,24,12,36,2,04大安區,大安區和平東路1段83號對面,0,0,1,1,B03,7,1,5,50,14,9,1,5,4,5,7,4,4,10,4,5,2,17,1,50,3,10,1,1,7,6,1,8,1,5,,9,9,1,22,9,121.525749,25.0267368
111,3,24,12,36,2,04大安區,大安區和平東路1段83號對面,0,0,1,2,C03,7,1,5,50,14,9,1,5,4,5,7,4,4,10,4,5,2,17,1,21,2,8,1,1,7,9,1,10,1,11,,44,9,1,22,9,121.525749,25.0267368
111,3,24,12,36,2,04大安區,大安區和平東路1段83號對面,0,0,1,3,B03,7,1,5,50,14,9,1,5,4,5,7,4,4,10,4,5,2,17,3,,,,,,,,,,,,,67,9,1,,,121.525749,25.0267368
111,3,24,12,40,2,02萬華區,萬華區長沙街2段136-21號,0,0,1,1,C03,8,1,5,50,14,9,1,5,4,5,7,4,4,9,5,5,2,17,2,57,2,9,1,1,7,9,1,10,9,11,,23,23,1,22,9,121.5022817,25.0404777
111,3,24,12,40,2,02萬華區,萬華區長沙街2段136-21號,0,0,1,2,C03,8,1,5,50,14,9,1,5,4,5,7,4,4,9,5,5,2,17,1,22,3,10,1,1,7,13,1,10,9,13,,42,23,1,22,9,121.5022817,25.0404777
111,3,24,13,0,2,05中正區,中正區重慶南路1段與襄陽路口,0,0,1,1,C03,8,1,5,50,3,2,1,5,4,5,7,1,1,9,4,5,2,12,1,55,2,8,1,1,7,7,1,10,2,14,,7,7,1,22,9,121.5134127,25.0435147
111,3,24,13,0,2,05中正區,中正區重慶南路1段與襄陽路口,0,0,1,2,B01,8,1,5,50,3,2,1,5,4,5,7,1,1,9,4,5,2,12,1,48,3,10,1,1,7,1,1,4,2,5,,25,7,1,22,9,121.5134127,25.0435147
111,3,24,13,7,2,09北投區,北投區大同街與永興路1段口,0,0,2,1,C03,7,1,5,50,4,1,1,5,4,5,7,1,1,9,4,5,2,11,2,36,2,1,3,4,7,6,4,11,1,11,,25,25,1,22,9,121.4994013,25.1388601
111,3,24,13,7,2,09北投區,北投區大同街與永興路1段口,0,0,2,2,C03,7,1,5,50,4,1,1,5,4,5,7,1,1,9,4,5,2,11,1,19,2,9,3,4,7,9,1,10,1,11,,44,25,1,22,9,121.4994013,25.1388601
111,3,24,13,16,2,08士林區,士林區環河北路3段迪化橋頭,0,0,2,1,B03,8,1,5,60,14,13,1,5,4,5,7,4,4,1,4,5,2,12,1,66,2,8,1,1,7,9,1,8,2,1,,23,23,1,22,9,121.5076535,25.0808943
111,3,24,13,16,2,08士林區,士林區環河北路3段迪化橋頭,0,0,2,2,B12,8,1,5,60,14,13,1,5,4,5,7,4,4,1,4,5,2,12,1,53,2,1,3,4,7,14,1,7,2,7,,38,23,1,22,9,121.5076535,25.0808943
111,3,24,13,20,2,01大同區,大同區延平北路2段與民權西路口,0,0,1,1,B03,8,1,5,50,4,1,1,5,4,5,7,1,1,5,4,5,2,13,1,35,3,10,1,1,7,14,1,8,1,3,,42,42,1,22,9,121.5112205,25.0627882
111,3,24,13,20,2,01大同區,大同區延平北路2段與民權西路口,0,0,1,2,B03,8,1,5,50,4,1,1,5,4,5,7,1,1,5,4,5,2,13,2,63,3,10,1,1,7,9,1,8,1,1,,44,42,1,22,9,121.5112205,25.0627882
111,3,24,13,20,2,01大同區,大同區延平北路2段與民權西路口,0,0,1,3,C03,8,1,5,50,4,1,1,5,4,5,7,1,1,5,4,5,2,13,1,32,2,9,1,1,7,9,1,10,1,12,,44,42,1,22,9,121.5112205,25.0627882
111,3,24,13,34,2,07信義區,信義區福德街268巷26弄與福德街268巷口,0,0,2,1,C03,7,1,5,30,4,1,1,5,4,5,7,4,4,10,5,5,2,17,1,21,2,9,1,1,7,9,1,10,1,12,,6,6,1,22,9,121.5857241,25.0397384
111,3,24,13,34,2,07信義區,信義區福德街268巷26弄與福德街268巷口,0,0,2,3,H02,7,1,5,30,4,1,1,5,4,5,7,4,4,10,5,5,2,17,1,16,2,9,4,5,7,20,8,20,10,16,,67,6,1,22,9,121.5857241,25.0397384
111,3,24,13,34,2,07信義區,信義區福德街268巷26弄與福德街268巷口,0,0,2,2,B02,7,1,5,30,4,1,1,5,4,5,7,4,4,10,5,5,2,17,1,38,3,10,1,1,7,9,1,8,1,1,,14,6,1,22,9,121.5857241,25.0397384
111,3,24,13,44,2,03中山區,中山區樂群一路與基湖路口口,0,0,1,1,B03,7,1,5,50,3,1,1,5,4,5,7,2,1,1,2,5,2,12,2,39,3,10,3,4,7,9,1,8,1,5,,26,26,1,22,9,121.5632132,25.0760792
111,3,24,13,44,2,03中山區,中山區樂群一路與基湖路口口,0,0,1,2,C03,7,1,5,50,3,1,1,5,4,5,7,2,1,1,2,5,2,12,1,60,2,9,3,4,7,5,1,10,1,14,,44,26,1,22,9,121.5632132,25.0760792
111,3,24,13,50,2,07信義區,信義區福德街268巷與福德街268巷5弄口,0,0,1,1,C03,7,1,5,30,4,1,1,5,4,5,7,4,4,10,5,5,1,15,2,55,2,9,1,1,7,9,1,10,1,14,,6,6,1,22,9,121.5858577,25.03930732
111,3,24,13,50,2,07信義區,信義區福德街268巷與福德街268巷5弄口,0,0,1,2,B01,7,1,5,30,4,1,1,5,4,5,7,4,4,10,5,5,1,15,1,22,3,10,1,1,7,9,1,4,1,1,,14,6,1,22,9,121.5858577,25.03930732
111,3,24,14,50,2,12內湖區,內湖區陽光街與文德路22巷44弄口,0,0,1,1,B03,7,1,5,30,3,1,1,4,4,5,7,4,4,9,5,5,1,16,2,55,3,10,1,1,7,5,1,8,1,1,,6,6,1,22,9,121.5815897,25.07477988
111,3,24,14,50,2,12內湖區,內湖區陽光街與文德路22巷44弄口,0,0,1,2,C03,7,1,5,30,3,1,1,4,4,5,7,4,4,9,5,5,1,16,2,59,2,8,1,1,7,9,1,10,1,11,,44,6,1,22,9,121.5815897,25.07477988
111,3,24,15,10,2,12內湖區,內湖區金湖路與星雲街口,0,0,1,1,B03,7,1,5,50,3,1,1,5,4,5,7,2,1,1,4,5,2,16,1,54,3,10,3,4,7,5,1,8,2,8,,8,8,1,22,9,121.5974913,25.0814608
111,3,24,15,10,2,12內湖區,內湖區金湖路與星雲街口,0,0,1,2,C02,7,1,5,50,3,1,1,5,4,5,7,2,1,1,4,5,2,16,1,50,2,8,1,4,7,9,1,9,2,11,,14,8,1,22,9,121.5974913,25.0814608
111,3,24,15,15,2,06松山區,松山區濱江街375-1號,0,0,1,1,B01,7,1,5,50,14,7,1,5,4,5,7,4,4,1,4,4,2,13,1,55,3,10,3,4,7,8,1,1,2,7,,7,7,1,22,9,121.5531492,25.07240259
111,3,24,15,15,2,06松山區,松山區濱江街375-1號,0,0,1,2,C03,7,1,5,50,14,7,1,5,4,5,7,4,4,1,4,4,2,13,2,17,2,9,1,4,7,9,2,18,2,11,,23,7,1,22,9,121.5531492,25.07240259
111,3,24,15,30,2,06松山區,松山區民權東路3段與民權東路3段160巷口,0,0,1,1,B01,7,1,5,50,4,1,1,5,4,5,7,2,1,1,3,5,2,12,1,45,3,10,1,1,7,6,1,4,1,5,,6,6,1,22,9,121.547923,25.06193853
111,3,24,15,30,2,06松山區,松山區民權東路3段與民權東路3段160巷口,0,0,1,2,C03,7,1,5,50,4,1,1,5,4,5,7,2,1,1,3,5,2,12,2,65,2,8,1,1,7,9,1,10,1,13,,23,6,1,22,9,121.547923,25.06193853
111,3,24,15,40,2,06松山區,松山區民生東路4段與民生東路4段55巷口,0,0,1,1,B12,8,1,5,30,3,1,1,5,4,5,7,3,1,1,4,5,2,17,1,31,3,10,1,1,7,6,1,8,1,2,,16,16,1,22,9,121.550493,25.05791775
111,3,24,15,40,2,06松山區,松山區民生東路4段與民生東路4段55巷口,0,0,1,2,C03,8,1,5,30,3,1,1,5,4,5,7,3,1,1,4,5,2,17,2,64,2,9,1,1,7,6,1,10,1,12,,44,16,1,22,9,121.550493,25.05791775
111,3,24,16,3,2,11南港區,南港區中南街與中南街123巷口口,0,0,2,1,B12,8,1,5,30,4,1,1,5,4,5,7,2,1,10,5,5,2,15,1,52,3,10,1,1,7,9,3,18,2,4,,25,25,1,22,9,121.6152387,25.0520986
111,3,24,16,3,2,11南港區,南港區中南街與中南街123巷口口,0,0,2,2,C03,8,1,5,30,4,1,1,5,4,5,7,2,1,10,5,5,2,15,1,71,2,9,1,1,7,9,1,10,2,11,,44,25,1,22,9,121.6152387,25.0520986
111,3,24,16,3,2,11南港區,南港區中南街與中南街123巷口口,0,0,2,3,H02,8,1,5,30,4,1,1,5,4,5,7,2,1,10,5,5,2,15,2,71,2,8,4,5,7,20,8,20,10,16,,67,25,1,22,9,121.6152387,25.0520986
111,3,24,16,13,2,04大安區,大安區市民大道3段與建國南路1段口口,0,0,1,1,C03,6,1,5,50,4,3,1,4,4,5,7,2,1,8,3,4,1,17,1,38,3,10,3,4,7,5,1,10,1,13,,8,8,1,22,9,121.536385,25.0446622
111,3,24,16,13,2,04大安區,大安區市民大道3段與建國南路1段口口,0,0,1,2,C03,6,1,5,50,4,3,1,4,4,5,7,2,1,8,3,4,1,17,2,23,2,9,3,4,7,15,1,10,1,11,,44,8,1,22,9,121.536385,25.0446622
111,3,24,16,50,2,08士林區,士林區中正路與士商路口,0,0,1,1,C03,8,1,5,50,4,1,1,5,4,5,7,1,1,1,5,5,1,15,1,21,3,10,1,1,7,9,1,10,9,11,,23,23,1,22,9,121.5186386,25.09251358
111,3,24,16,50,2,08士林區,士林區中正路與士商路口,0,0,1,2,C03,8,1,5,50,4,1,1,5,4,5,7,1,1,1,5,5,1,15,2,34,2,9,1,1,7,9,1,10,9,11,,23,23,1,22,9,121.5186386,25.09251358
111,3,24,17,0,2,03中山區,中山區中山北路3段花博公園4號出口,0,0,1,1,C03,7,1,5,50,14,9,1,5,4,5,7,2,1,1,3,5,2,12,1,53,4,11,3,4,7,7,7,19,11,15,,7,7,2,22,9,121.523451,25.07100016
111,3,24,17,0,2,03中山區,中山區中山北路3段花博公園4號出口,0,0,1,2,C03,7,1,5,50,14,9,1,5,4,5,7,2,1,1,3,5,2,12,2,20,2,9,1,1,7,1,1,10,1,11,,44,7,1,22,9,121.523451,25.07100016
111,3,24,17,11,2,07信義區,信義區市民大道5段275號斜對面,0,0,2,1,C03,8,2,5,50,14,9,1,5,4,5,7,3,1,1,4,5,2,13,1,31,2,9,1,1,7,9,1,10,1,11,,43,43,1,22,9,121.5673131,25.04861556
111,3,24,17,11,2,07信義區,信義區市民大道5段275號斜對面,0,0,2,2,C03,8,2,5,50,14,9,1,5,4,5,7,3,1,1,4,5,2,13,1,44,2,9,1,1,7,15,1,10,1,13,,43,43,1,22,9,121.5673131,25.04861556
111,3,24,17,35,2,08士林區,士林區承德路4段83-2號,0,0,1,1,B03,8,1,5,50,14,9,1,5,4,5,7,4,4,1,4,5,2,13,1,46,3,10,1,1,7,9,1,8,5,1,,16,16,1,22,9,121.5234134,25.08279622
111,3,24,17,35,2,08士林區,士林區承德路4段83-2號,0,0,1,2,C03,8,1,5,50,14,9,1,5,4,5,7,4,4,1,4,5,2,13,1,19,2,9,1,1,7,9,1,10,2,13,,44,16,1,22,9,121.5234134,25.08279622
111,3,24,18,5,2,08士林區,士林區中山北路5段與中正路口,0,0,1,1,C03,8,1,5,50,4,2,1,5,4,5,7,2,1,3,4,5,1,13,2,20,2,9,1,1,7,9,1,10,2,11,,16,16,1,22,9,121.5280962,25.09567157
111,3,24,18,5,2,08士林區,士林區中山北路5段與中正路口,0,0,1,2,C03,8,1,5,50,4,2,1,5,4,5,7,2,1,3,4,5,1,13,1,25,3,10,1,1,7,14,1,10,2,13,,44,16,1,22,9,121.5280962,25.09567157
111,3,24,18,10,2,03中山區,中山區吉林路83號,0,0,1,1,B03,7,3,5,40,14,7,1,5,4,5,7,4,4,9,4,4,2,12,1,52,3,10,3,4,7,7,1,8,1,4,,7,7,1,22,9,121.5301639,25.05538029
111,3,24,18,10,2,03中山區,中山區吉林路83號,0,0,1,2,C03,7,3,5,40,14,7,1,5,4,5,7,4,4,9,4,4,2,12,1,27,2,9,3,4,7,9,1,10,1,11,,44,7,1,22,9,121.5301639,25.05538029
111,3,24,18,10,2,12內湖區,內湖區康樂街131號,0,0,1,1,B12,8,3,5,50,4,1,1,5,4,5,7,1,1,4,5,5,1,16,1,41,3,10,1,1,7,5,1,8,2,1,,44,44,1,22,9,121.6192795,25.07187193
111,3,24,18,10,2,12內湖區,內湖區康樂街131號,0,0,1,2,C03,8,3,5,50,4,1,1,5,4,5,7,1,1,4,5,5,1,16,1,56,2,9,1,1,7,9,1,10,2,11,,25,44,1,22,9,121.6192795,25.07187193
111,3,24,18,21,2,03中山區,中山區林森北路與長春路口,0,0,1,1,C03,7,3,5,50,14,9,1,5,4,5,7,1,1,5,5,5,2,13,1,40,2,9,1,1,7,9,1,10,1,12,,44,44,1,22,9,121.5254534,25.0549376
111,3,24,18,21,2,03中山區,中山區林森北路與長春路口,0,0,1,2,C03,7,3,5,50,14,9,1,5,4,5,7,1,1,5,5,5,2,13,1,44,3,10,1,1,7,12,1,10,1,13,,42,44,1,22,9,121.5254534,25.0549376
111,3,24,18,28,2,03中山區,中山區民族西路與中山北路3段口,0,0,1,1,C03,8,3,5,50,4,1,1,5,4,5,7,1,1,1,4,1,2,16,2,49,2,9,1,1,7,15,1,10,1,12,,17,17,1,22,9,121.5227394,25.06848772
111,3,24,18,28,2,03中山區,中山區民族西路與中山北路3段口,0,0,1,2,C03,8,3,5,50,4,1,1,5,4,5,7,1,1,1,4,1,2,16,2,28,3,10,1,1,7,9,1,10,1,14,,17,17,1,22,9,121.5227394,25.06848772
111,3,24,18,30,2,12內湖區,內湖區行善路與新湖二路口,0,0,2,1,C03,7,3,5,50,4,1,1,5,4,5,7,2,1,1,4,5,2,13,2,27,2,9,1,1,7,9,1,10,2,11,,23,23,1,22,9,121.5856165,25.0648363
111,3,24,18,30,2,12內湖區,內湖區行善路與新湖二路口,0,0,2,2,C03,7,3,5,50,4,1,1,5,4,5,7,2,1,1,4,5,2,13,1,31,2,8,1,1,7,12,1,10,2,13,,42,23,1,22,9,121.5856165,25.0648363
111,3,24,18,31,2,06松山區,松山區八德路4段293號,0,0,2,1,C03,8,3,5,50,14,9,1,5,4,5,7,2,1,5,4,5,2,16,2,65,2,7,1,1,7,9,1,10,2,12,,23,23,1,22,9,121.5662693,25.04910922
111,3,24,18,31,2,06松山區,松山區八德路4段293號,0,0,2,2,C03,8,3,5,50,14,9,1,5,4,5,7,2,1,5,4,5,2,16,1,19,3,10,1,1,7,14,3,18,2,14,,44,23,1,22,9,121.5662693,25.04910922
111,3,24,18,31,2,06松山區,松山區八德路4段293號,0,0,2,3,H02,8,3,5,50,14,9,1,5,4,5,7,2,1,5,4,5,2,16,2,20,2,8,1,5,7,17,8,20,10,16,,67,23,1,22,9,121.5662693,25.04910922
111,3,24,18,51,2,01大同區,大同區承德路2段與錦西街口,0,0,1,1,B01,7,3,5,50,4,1,1,5,4,5,7,2,1,9,4,5,1,12,1,63,3,10,3,4,7,6,1,4,2,2,,9,9,1,22,9,121.5183401,25.06022476
111,3,24,18,51,2,01大同區,大同區承德路2段與錦西街口,0,0,1,2,C03,7,3,5,50,4,1,1,5,4,5,7,2,1,9,4,5,1,12,1,25,2,8,1,1,7,9,1,10,2,14,,44,9,1,22,9,121.5183401,25.06022476
111,3,24,18,51,2,09北投區,北投區北投路1段與北投路1段91巷口,0,0,2,1,H01,8,3,5,40,3,1,1,5,4,5,7,4,4,5,5,4,2,3,1,60,2,9,4,5,8,20,8,20,10,16,,51,51,1,22,9,121.5001204,25.12945838
111,3,24,18,51,2,09北投區,北投區北投路1段與北投路1段91巷口,0,0,2,2,F02,8,3,5,40,3,1,1,5,4,5,7,4,4,5,5,4,2,3,2,28,2,9,1,1,7,9,8,20,1,16,,23,51,1,22,9,121.5001204,25.12945838
111,3,24,19,25,2,07信義區,信義區和平東路3段365號,0,0,1,1,B03,8,3,5,50,14,9,1,5,4,5,7,4,4,1,4,5,2,17,1,63,3,10,1,1,7,1,1,8,9,5,,19,19,1,22,9,121.5570172,25.02029915
111,3,24,19,25,2,07信義區,信義區和平東路3段365號,0,0,1,2,C03,8,3,5,50,14,9,1,5,4,5,7,4,4,1,4,5,2,17,2,32,2,7,1,1,7,2,1,10,9,12,,42,19,1,22,9,121.5570172,25.02029915
111,3,24,19,47,2,05中正區,中正區公園路與貴陽街1段口,0,0,1,1,A02,8,3,5,50,4,2,1,5,4,5,7,1,1,10,5,5,2,17,1,52,3,10,3,4,7,6,1,2,9,15,,43,43,1,22,9,121.5152216,25.03864068
111,3,24,19,47,2,05中正區,中正區公園路與貴陽街1段口,0,0,1,2,F01,8,3,5,50,4,2,1,5,4,5,7,1,1,10,5,5,2,17,1,65,2,5,1,1,7,9,8,20,9,16,,43,43,1,22,9,121.5152216,25.03864068
111,3,24,19,53,2,02萬華區,萬華區中華路2段與西藏路口,0,0,4,1,C03,8,3,5,50,4,1,1,5,4,5,7,1,1,1,3,5,2,12,1,30,2,7,1,1,7,8,1,10,2,14,,44,44,1,22,9,121.5041507,25.0301077
111,3,24,19,53,2,02萬華區,萬華區中華路2段與西藏路口,0,0,4,2,C03,8,3,5,50,4,1,1,5,4,5,7,1,1,1,3,5,2,12,1,25,2,7,1,1,7,8,1,10,2,12,,7,44,1,22,9,121.5041507,25.0301077
111,3,24,19,53,2,02萬華區,萬華區中華路2段與西藏路口,0,0,4,3,H02,8,3,5,50,4,1,1,5,4,5,7,1,1,1,3,5,2,12,2,41,2,9,1,5,7,20,8,20,10,16,,67,44,1,22,9,121.5041507,25.0301077
111,3,24,19,53,2,02萬華區,萬華區中華路2段與西藏路口,0,0,4,4,H02,8,3,5,50,4,1,1,5,4,5,7,1,1,1,3,5,2,12,1,26,2,8,1,5,7,20,8,20,10,16,,67,44,1,22,9,121.5041507,25.0301077
111,3,24,19,55,2,10文山區,文山區木新路3段213號,0,0,3,1,C03,8,3,5,50,14,9,1,5,4,5,7,4,4,5,2,5,2,16,2,24,2,9,1,1,7,5,1,10,1,12,,43,43,1,22,9,121.5595254,24.98140905
111,3,24,19,55,2,10文山區,文山區木新路3段213號,0,0,3,2,C03,8,3,5,50,14,9,1,5,4,5,7,4,4,5,2,5,2,16,2,60,2,9,1,1,7,9,1,10,1,14,,43,43,1,22,9,121.5595254,24.98140905
111,3,24,19,55,2,10文山區,文山區木新路3段213號,0,0,3,3,H02,8,3,5,50,14,9,1,5,4,5,7,4,4,5,2,5,2,16,1,26,2,8,4,5,7,20,8,20,10,15,,67,43,1,22,9,121.5595254,24.98140905
111,3,24,21,15,2,04大安區,大安區和平東路3段與和平東路3段228巷口,0,0,1,1,C03,8,3,5,50,4,2,1,5,4,5,7,2,1,1,4,5,2,12,1,18,3,10,1,1,7,6,1,10,2,12,,9,9,1,22,9,121.5545611,25.02236513
111,3,24,21,15,2,04大安區,大安區和平東路3段與和平東路3段228巷口,0,0,1,2,C03,8,3,5,50,4,2,1,5,4,5,7,2,1,1,4,5,2,12,2,44,2,9,1,1,7,9,1,10,2,14,,44,9,1,22,9,121.5545611,25.02236513
111,3,24,21,25,2,09北投區,北投區中央北路4段與學園路口,0,0,2,1,C03,8,3,5,50,3,2,1,5,4,5,7,2,1,5,4,5,2,16,2,19,2,9,3,4,7,5,3,18,2,12,,8,8,1,22,9,121.4659738,25.12667563
111,3,24,21,25,2,09北投區,北投區中央北路4段與學園路口,0,0,2,2,C03,8,3,5,50,3,2,1,5,4,5,7,2,1,5,4,5,2,16,1,36,2,9,3,4,7,9,1,10,2,11,,44,8,1,22,9,121.4659738,25.12667563
111,3,24,21,40,2,03中山區,中山區市民大道3段1-1號,0,0,1,1,C03,7,3,5,40,14,9,1,5,4,5,7,1,1,1,4,5,2,13,1,19,2,9,3,4,7,9,1,10,1,11,,16,16,1,22,9,121.530982,25.04611145
111,3,24,21,40,2,03中山區,中山區市民大道3段1-1號,0,0,1,2,B03,7,3,5,40,14,9,1,5,4,5,7,1,1,1,4,5,2,13,1,34,3,10,3,4,7,9,1,8,1,6,,44,16,1,22,9,121.530982,25.04611145
111,3,24,21,40,2,12內湖區,內湖區康樂街111巷與康樂街61巷口,0,0,1,1,C03,8,3,5,30,4,1,1,5,4,5,7,4,4,10,5,5,2,16,2,51,2,7,1,1,7,9,1,10,1,11,,6,6,1,22,9,121.6197912,25.0707023
111,3,24,21,40,2,12內湖區,內湖區康樂街111巷與康樂街61巷口,0,0,1,2,B03,8,3,5,30,4,1,1,5,4,5,7,4,4,10,5,5,2,16,1,71,3,10,1,1,7,9,1,8,1,2,,14,6,1,22,9,121.6197912,25.0707023
111,3,24,22,45,2,08士林區,士林區環河北路3段16號停車格,0,0,1,1,B03,8,3,5,50,14,9,1,5,4,5,7,4,4,1,4,4,2,17,1,26,3,10,1,1,7,8,1,8,1,5,,7,7,1,22,9,121.5017315,25.09004337
111,3,24,22,45,2,08士林區,士林區環河北路3段16號停車格,0,0,1,2,C03,8,3,5,50,14,9,1,5,4,5,7,4,4,1,4,4,2,17,2,21,2,9,1,1,7,9,1,10,1,11,,13,7,1,22,9,121.5017315,25.09004337
111,3,24,22,45,2,08士林區,士林區環河北路3段16號停車格,0,0,1,3,B01,8,3,5,50,14,9,1,5,4,5,7,4,4,1,4,4,2,17,3,,,,,,,,,,,,,67,7,1,,,121.5017315,25.09004337
111,3,24,23,12,2,07信義區,信義區基隆路2段與嘉興街127巷口,0,0,1,1,C03,7,3,5,30,3,2,1,5,4,5,7,3,1,2,4,5,2,16,1,24,3,10,1,1,7,6,1,10,1,13,,6,6,1,22,9,121.5566527,25.02795341
111,3,24,23,12,2,07信義區,信義區基隆路2段與嘉興街127巷口,0,0,1,2,C03,7,3,5,30,3,2,1,5,4,5,7,3,1,2,4,5,2,16,1,19,2,9,1,1,7,9,1,10,1,11,,14,6,1,22,9,121.5566527,25.02795341
111,3,24,23,43,2,08士林區,士林區承德路4段與通河街口,0,0,2,1,C03,8,3,5,50,4,2,1,5,4,5,7,4,4,9,5,5,1,17,2,30,3,10,1,1,7,5,1,10,1,14,,26,26,1,22,9,121.5224198,25.08017081
111,3,24,23,43,2,08士林區,士林區承德路4段與通河街口,0,0,2,2,C04,8,3,5,50,4,2,1,5,4,5,7,4,4,9,5,5,1,17,1,22,2,9,1,1,7,9,1,10,1,11,,44,26,1,22,9,121.5224198,25.08017081
111,3,24,23,43,2,08士林區,士林區承德路4段與通河街口,0,0,2,3,H02,8,3,5,50,4,2,1,5,4,5,7,4,4,9,5,5,1,17,2,21,2,7,4,5,7,20,8,20,10,16,,67,26,1,22,9,121.5224198,25.08017081
111,3,25,1,34,2,02萬華區,萬華區康定路與桂林路口,0,0,1,1,C03,8,3,5,50,4,1,1,5,4,5,7,2,1,5,1,5,2,16,1,19,2,7,1,4,7,8,1,10,2,12,,7,7,1,22,9,121.5017099,25.03837294
111,3,25,1,34,2,02萬華區,萬華區康定路與桂林路口,0,0,1,2,B01,8,3,5,50,4,1,1,5,4,5,7,2,1,5,1,5,2,16,1,51,3,10,1,4,7,9,1,4,2,8,,44,7,1,22,9,121.5017099,25.03837294
111,3,25,3,2,2,07信義區,信義區基隆路1段139號,0,0,3,1,C03,7,3,5,50,14,9,1,5,4,5,7,4,4,10,4,5,2,17,1,18,2,9,1,1,7,15,1,10,1,12,,42,42,1,22,9,121.5658884,25.0432655
111,3,25,3,2,2,07信義區,信義區基隆路1段139號,0,0,3,2,C03,7,3,5,50,14,9,1,5,4,5,7,4,4,10,4,5,2,17,1,25,2,9,1,1,7,14,1,10,1,13,,44,42,1,22,9,121.5658884,25.0432655
111,3,25,3,2,2,07信義區,信義區基隆路1段139號,0,0,3,3,C03,7,3,5,50,14,9,1,5,4,5,7,4,4,10,4,5,2,17,1,52,2,9,1,1,7,14,1,10,1,13,,44,42,1,22,9,121.5658884,25.0432655
111,3,25,6,4,2,08士林區,士林區延平北路7段與洲美快速道路口,0,0,1,1,B03,7,1,5,50,3,1,1,4,4,5,7,2,1,1,4,5,1,16,2,29,3,10,1,1,7,5,1,8,1,2,,25,25,1,21,8,121.4970775,25.09468162
111,3,25,6,4,2,08士林區,士林區延平北路7段與洲美快速道路口,0,0,1,2,C03,7,1,5,50,3,1,1,4,4,5,7,2,1,1,4,5,1,16,1,78,2,3,1,1,7,9,1,10,1,11,,44,25,1,21,8,121.4970775,25.09468162
111,3,25,6,25,2,07信義區,信義區虎林街222巷與松德路133巷口,0,0,2,1,C03,7,1,5,30,4,1,1,4,4,5,7,4,4,5,5,5,2,15,1,56,2,9,3,4,7,9,1,10,1,14,,6,6,1,22,9,121.5759427,25.0363722
111,3,25,6,25,2,07信義區,信義區虎林街222巷與松德路133巷口,0,0,2,2,C03,7,1,5,30,4,1,1,4,4,5,7,4,4,5,5,5,2,15,1,57,2,9,1,1,7,15,7,19,11,15,,42,6,2,22,9,121.5759427,25.0363722
111,3,25,6,26,2,07信義區,信義區基隆路1段與東興路口,0,0,1,1,C03,7,1,5,50,4,2,1,5,4,5,7,4,4,10,4,5,2,18,1,62,2,9,1,1,7,15,1,10,2,12,,42,42,1,22,9,121.5670119,25.04591407
111,3,25,6,26,2,07信義區,信義區基隆路1段與東興路口,0,0,1,2,,7,1,5,50,4,2,1,5,4,5,7,4,4,10,4,5,2,18,3,,,,,,,,,,,,,67,42,1,,,121.5670119,25.04591407
111,3,25,7,20,2,11南港區,南港區興華路114巷與興華路口,0,0,1,1,B12,7,1,5,30,4,2,1,4,4,5,7,4,4,8,5,5,2,16,1,62,3,10,3,4,7,9,1,8,1,1,,6,6,1,22,9,121.6056206,25.05672166
111,3,25,7,20,2,11南港區,南港區興華路114巷與興華路口,0,0,1,2,C03,7,1,5,30,4,2,1,4,4,5,7,4,4,8,5,5,2,16,1,39,2,9,3,4,7,9,1,10,1,12,,23,6,1,22,9,121.6056206,25.05672166
111,3,25,7,40,2,05中正區,中正區中華路1段與開封街1段口,0,0,1,1,H01,6,1,5,50,4,1,1,4,4,5,7,1,1,1,4,5,2,9,1,43,3,10,4,5,8,18,8,20,10,16,,52,52,1,22,9,121.5095502,25.04594371