發生年度,發生月,發生日,發生時-Hours,發生分,處理別-編號,區序,肇事地點,死亡人數,2-30日死亡人數,受傷人數,當事人序號,車種,天候,光線,道路類別,速限-速度限制,道路型態,事故位置,路面狀況1,路面狀況2,路面狀況3,道路障礙1,道路障礙2,號誌1,號誌2,車道劃分-分向,車道劃分-分道1,車道劃分-分道2,車道劃分-分道3,事故類型及型態,性別,年齡,受傷程度,主要傷處,安全帽,行動電話,車輛用途,當事者行動狀態,駕駛資格情形,駕駛執照種類,飲酒情形,車輛撞擊部位1,車輛撞擊部位2,肇因碼-個別,肇因碼-主要,個人肇逃否,職業,旅次目的,座標-X,座標-Y
111,3,25,7,40,2,05中正區,中正區中華路1段與開封街1段口,0,0,1,2,C03,6,1,5,50,4,1,1,4,4,5,7,1,1,1,4,5,2,9,1,52,2,9,1,1,7,9,1,10,2,14,,42,52,1,22,9,121.5095502,25.04594371
111,3,25,7,40,2,08士林區,士林區福華路與福華路162巷口,0,0,2,1,H01,7,1,5,0,5,1,1,4,4,5,7,2,1,1,4,5,2,3,1,12,2,9,4,5,8,18,8,20,10,16,,52,52,1,22,9,121.5225726,25.10406114
111,3,25,7,40,2,08士林區,士林區福華路與福華路162巷口,0,0,2,2,C03,7,1,5,0,5,1,1,4,4,5,7,2,1,1,4,5,2,3,1,70,2,8,1,1,7,9,1,10,2,11,,44,52,1,22,9,121.5225726,25.10406114
111,3,25,7,40,2,07信義區,信義區光復南路445號,0,0,1,1,C03,6,1,5,50,14,9,1,4,4,5,7,1,1,1,3,1,2,12,1,26,3,10,1,1,7,8,1,10,2,13,,7,7,1,22,9,121.5576159,25.03544255
111,3,25,7,40,2,07信義區,信義區光復南路445號,0,0,1,2,F02,6,1,5,50,14,9,1,4,4,5,7,1,1,1,3,1,2,12,2,64,2,1,2,1,7,9,8,20,2,16,,44,7,1,22,9,121.5576159,25.03544255
111,3,25,8,3,2,10文山區,文山區秀明路1段169號(停車場出入口),0,0,1,1,B03,7,1,5,40,14,8,2,5,4,5,7,4,4,1,4,4,2,17,1,41,3,10,3,4,7,6,1,8,2,2,,9,9,1,22,9,121.5634374,24.98917004
111,3,25,8,3,2,10文山區,文山區秀明路1段169號(停車場出入口),0,0,1,2,C03,7,1,5,40,14,8,2,5,4,5,7,4,4,1,4,4,2,17,1,33,2,9,1,4,7,9,1,9,2,11,,13,9,1,22,9,121.5634374,24.98917004
111,3,25,8,10,2,09北投區,北投區中和街與永興路2段口,0,0,2,1,C03,7,1,5,50,4,1,1,4,4,5,7,1,1,5,5,5,2,16,2,71,2,8,1,1,7,5,1,10,1,12,,43,43,1,22,9,121.4992284,25.13860362
111,3,25,8,10,2,09北投區,北投區中和街與永興路2段口,0,0,2,2,C03,7,1,5,50,4,1,1,4,4,5,7,1,1,5,5,5,2,16,1,26,2,8,1,1,7,9,1,10,1,11,,43,43,1,22,9,121.4992284,25.13860362
111,3,25,8,20,2,11南港區,南港區南港路2段86巷與南港路2段口,0,0,1,1,B01,6,1,5,50,3,2,1,4,4,5,7,1,1,8,3,4,2,12,1,50,3,10,3,4,7,6,1,4,2,7,,9,9,1,22,9,121.6034198,25.05379461
111,3,25,8,20,2,11南港區,南港區南港路2段86巷與南港路2段口,0,0,1,2,C03,6,1,5,50,3,2,1,4,4,5,7,1,1,8,3,4,2,12,1,29,2,8,1,4,7,9,1,10,2,11,,13,9,1,22,9,121.6034198,25.05379461
111,3,25,9,5,2,05中正區,中正區忠孝東路2段與新生南路1段口,0,0,1,1,C03,7,1,5,50,4,1,1,4,4,5,7,1,1,1,4,5,2,17,1,57,3,10,1,1,7,9,1,10,2,13,,17,17,1,22,9,121.53282,25.04243419
111,3,25,9,5,2,05中正區,中正區忠孝東路2段與新生南路1段口,0,0,1,2,C03,7,1,5,50,4,1,1,4,4,5,7,1,1,1,4,5,2,17,2,27,2,9,1,1,7,9,1,10,2,14,,17,17,1,22,9,121.53282,25.04243419
111,3,25,9,5,2,09北投區,北投區磺港路142號車格旁近清江路247巷,0,0,1,1,B03,8,1,5,30,14,9,1,5,4,5,7,4,4,10,4,5,1,12,2,59,3,10,1,1,7,9,1,8,2,2,,23,23,1,22,9,121.5028187,25.12545981
111,3,25,9,5,2,09北投區,北投區磺港路142號車格旁近清江路247巷,0,0,1,2,C04,8,1,5,30,14,9,1,5,4,5,7,4,4,10,4,5,1,12,2,60,2,9,1,1,7,7,1,11,9,14,,7,23,1,22,9,121.5028187,25.12545981
111,3,25,9,21,2,04大安區,大安區基隆路4段往北第40號燈桿前,0,0,2,1,C03,8,1,5,50,14,9,1,5,4,5,7,4,4,1,4,5,2,17,1,19,2,9,1,1,7,9,1,10,1,11,,16,16,1,22,9,121.538424,25.01206155
111,3,25,9,21,2,04大安區,大安區基隆路4段往北第40號燈桿前,0,0,2,2,C03,8,1,5,50,14,9,1,5,4,5,7,4,4,1,4,5,2,17,1,33,2,7,1,1,7,9,1,10,1,13,,44,16,1,22,9,121.538424,25.01206155
111,3,25,9,21,2,04大安區,大安區基隆路4段往北第40號燈桿前,0,0,2,3,B03,8,1,5,50,14,9,1,5,4,5,7,4,4,1,4,5,2,17,2,31,3,10,1,1,7,9,1,8,1,6,,44,16,1,22,9,121.538424,25.01206155
111,3,25,9,25,2,05中正區,中正區仁愛路2段與新生南路1段口,0,0,1,1,C03,8,1,5,50,5,2,1,5,4,5,7,2,1,1,4,1,2,12,1,43,3,10,1,1,7,9,1,10,6,14,,23,23,2,12,9,121.5325976,25.03822955
111,3,25,9,25,2,05中正區,中正區仁愛路2段與新生南路1段口,0,0,1,2,C03,8,1,5,50,5,2,1,5,4,5,7,2,1,1,4,1,2,12,2,28,2,9,1,1,7,6,1,10,2,12,,9,23,1,22,9,121.5325976,25.03822955
111,3,25,9,30,2,05中正區,中正區和平西路1段與福州街口口,0,0,2,1,C03,8,1,5,50,5,1,1,5,4,5,7,1,1,1,4,5,1,17,1,26,2,9,1,1,7,9,1,10,1,11,,16,16,1,22,9,121.5155899,25.02732843
111,3,25,9,30,2,05中正區,中正區和平西路1段與福州街口口,0,0,2,2,B03,8,1,5,50,5,1,1,5,4,5,7,1,1,1,4,5,1,17,2,31,3,10,1,1,7,9,1,8,1,7,,44,16,1,22,9,121.5155899,25.02732843
111,3,25,9,30,2,05中正區,中正區和平西路1段與福州街口口,0,0,2,3,H02,8,1,5,50,5,1,1,5,4,5,7,1,1,1,4,5,1,17,1,20,2,8,1,1,7,20,8,20,10,16,,67,16,1,22,9,121.5155899,25.02732843
111,3,25,9,40,2,06松山區,松山區健康路與南京東路5段291巷口,0,0,1,1,F01,8,1,5,50,4,1,1,5,4,5,7,1,1,9,4,4,1,12,1,16,2,9,1,1,7,5,8,20,1,16,,8,8,1,22,9,121.5661834,25.05422441
111,3,25,9,40,2,06松山區,松山區健康路與南京東路5段291巷口,0,0,1,2,C03,8,1,5,50,4,1,1,5,4,5,7,1,1,9,4,4,1,12,1,27,3,10,1,1,7,9,1,10,1,11,,23,8,1,22,9,121.5661834,25.05422441
111,3,25,9,41,2,04大安區,大安區通化街46號,0,0,2,1,F01,8,1,5,0,14,9,1,5,4,5,7,4,4,5,4,5,2,12,1,83,2,7,3,4,7,7,8,20,1,15,,7,7,1,22,9,121.554229,25.03074282
111,3,25,9,41,2,04大安區,大安區通化街46號,0,0,2,2,C02,8,1,5,0,14,9,1,5,4,5,7,4,4,5,4,5,2,12,1,24,2,8,3,4,7,9,1,9,1,11,,44,7,1,22,9,121.554229,25.03074282
111,3,25,9,43,2,10文山區,文山區溪口街85巷與溪口街85巷7弄口,0,0,2,1,B11,8,1,5,30,4,1,1,5,4,5,7,4,4,10,5,5,2,15,1,38,2,2,1,1,7,9,1,8,2,1,,6,6,1,22,9,121.5382335,24.99502555
111,3,25,9,43,2,10文山區,文山區溪口街85巷與溪口街85巷7弄口,0,0,2,2,C03,8,1,5,30,4,1,1,5,4,5,7,4,4,10,5,5,2,15,1,28,2,9,1,1,7,9,1,10,6,11,,14,6,1,22,9,121.5382335,24.99502555
111,3,25,9,50,2,12內湖區,內湖區康寧路3段與康寧路3段165巷口,0,0,1,1,B03,8,1,5,50,4,1,1,5,4,5,7,2,1,1,4,4,1,16,1,55,3,10,1,1,7,5,1,8,1,2,,8,8,1,22,9,121.6113265,25.07048662
111,3,25,9,50,2,12內湖區,內湖區康寧路3段與康寧路3段165巷口,0,0,1,2,C03,8,1,5,50,4,1,1,5,4,5,7,2,1,1,4,4,1,16,1,19,2,8,1,1,7,9,1,10,1,11,,44,8,1,22,9,121.6113265,25.07048662
111,3,25,10,15,2,08士林區,士林區延平北路6段與延平北路6段511巷口,0,0,2,1,C03,8,1,5,50,4,1,1,5,4,5,7,2,1,3,3,5,1,11,2,19,2,7,1,1,7,9,1,10,1,11,,17,17,1,22,9,121.4977266,25.09383718
111,3,25,10,15,2,08士林區,士林區延平北路6段與延平北路6段511巷口,0,0,2,2,B12,8,1,5,50,4,1,1,5,4,5,7,2,1,3,3,5,1,11,1,33,2,9,1,1,7,6,1,8,1,6,,9,17,1,22,9,121.4977266,25.09383718
111,3,25,10,15,2,12內湖區,內湖區環山路2段81號,0,0,1,1,B01,8,1,5,40,14,8,1,5,4,5,7,4,4,5,5,4,2,17,2,42,3,10,1,1,7,1,1,4,2,8,,19,19,1,22,9,121.5750554,25.0847431
111,3,25,10,15,2,12內湖區,內湖區環山路2段81號,0,0,1,2,C03,8,1,5,40,14,8,1,5,4,5,7,4,4,5,5,4,2,17,1,49,2,9,1,1,7,9,1,10,2,12,,44,19,1,22,9,121.5750554,25.0847431
111,3,25,10,30,2,03中山區,中山區南京東路3段89巷與南京東路3段89巷15弄口,0,0,2,2,C03,8,1,5,30,4,1,1,5,4,5,7,4,4,10,5,5,2,15,1,30,2,7,1,1,7,9,1,10,1,12,,13,6,1,22,9,121.5383159,25.0530168
111,3,25,10,30,2,03中山區,中山區南京東路3段89巷與南京東路3段89巷15弄口,0,0,2,1,C03,8,1,5,30,4,1,1,5,4,5,7,4,4,10,5,5,2,15,2,25,2,8,1,1,7,9,1,10,1,11,,6,6,1,22,9,121.5383159,25.0530168
111,3,25,10,30,2,04大安區,大安區辛亥路3段與基隆路3段口,0,0,1,1,B12,8,1,5,50,4,1,1,5,4,5,7,2,1,1,3,5,2,12,1,56,3,10,3,4,7,6,1,8,1,2,,9,9,1,22,9,121.5467551,25.01938814
111,3,25,10,30,2,04大安區,大安區辛亥路3段與基隆路3段口,0,0,1,2,C03,8,1,5,50,4,1,1,5,4,5,7,2,1,1,3,5,2,12,2,36,2,9,3,4,7,9,1,10,1,11,,13,9,1,22,9,121.5467551,25.01938814
111,3,25,10,30,2,11南港區,南港區研究院路1段119號,0,0,1,1,B03,8,1,5,50,14,9,1,5,4,5,7,4,4,1,4,5,2,16,2,62,3,10,1,1,7,8,1,8,1,2,,7,7,1,22,9,121.6158286,25.05128991
111,3,25,10,30,2,11南港區,南港區研究院路1段119號,0,0,1,2,C03,8,1,5,50,14,9,1,5,4,5,7,4,4,1,4,5,2,16,1,59,2,9,1,1,7,9,1,10,1,14,,44,7,1,22,9,121.6158286,25.05128991
111,3,25,10,55,2,09北投區,北投區稻香路與秀山路口,0,0,2,1,C03,8,1,5,50,3,2,1,5,4,5,7,3,1,7,4,5,1,16,1,69,2,8,1,1,7,9,1,10,1,12,,6,6,1,22,9,121.4902696,25.14198294
111,3,25,10,55,2,09北投區,北投區稻香路與秀山路口,0,0,2,2,C03,8,1,5,50,3,2,1,5,4,5,7,3,1,7,4,5,1,16,1,27,2,7,1,1,7,9,1,10,1,12,,44,6,1,22,9,121.4902696,25.14198294
111,3,25,11,9,2,08士林區,士林區雨聲街與至誠路2段口,0,0,1,1,B03,8,1,5,0,4,1,1,5,4,5,7,1,1,5,5,5,2,1,1,39,3,10,1,1,7,5,1,8,1,1,,15,15,1,22,9,121.5290474,25.10185735
111,3,25,11,9,2,08士林區,士林區雨聲街與至誠路2段口,0,0,1,2,H01,8,1,5,0,4,1,1,5,4,5,7,1,1,5,5,5,2,1,2,69,2,8,4,5,8,16,8,20,10,16,,67,15,1,22,9,121.5290474,25.10185735
111,3,25,11,46,2,04大安區,大安區溫州街與新生南路3段22巷口,0,0,1,1,B01,8,1,5,30,4,1,1,5,4,5,7,4,4,10,5,5,2,15,1,48,3,10,3,4,7,9,1,4,1,4,,6,6,1,22,9,121.5334003,25.02414312
111,3,25,11,46,2,04大安區,大安區溫州街與新生南路3段22巷口,0,0,1,2,C03,8,1,5,30,4,1,1,5,4,5,7,4,4,10,5,5,2,15,1,22,2,1,1,4,7,9,1,10,1,11,,14,6,1,22,9,121.5334003,25.02414312
111,3,25,11,46,2,08士林區,士林區福林橋(南往北),0,0,1,1,B03,8,1,5,50,8,9,1,5,4,5,7,4,4,9,4,5,1,17,1,46,3,10,1,1,7,8,1,8,2,2,,7,7,1,22,9,121.526826,25.09990054
111,3,25,11,46,2,08士林區,士林區福林橋(南往北),0,0,1,2,C03,8,1,5,50,8,9,1,5,4,5,7,4,4,9,4,5,1,17,1,60,2,9,1,1,7,9,1,10,2,14,,44,7,1,22,9,121.526826,25.09990054
111,3,25,11,50,2,08士林區,士林區仰德大道4段與仁民路口,0,0,1,1,B03,8,1,5,30,3,1,1,5,4,5,7,4,4,5,5,5,2,16,1,56,3,10,3,4,7,5,1,8,1,4,,6,6,1,22,9,121.546508,25.13213422
111,3,25,11,50,2,08士林區,士林區仰德大道4段與仁民路口,0,0,1,2,C03,8,1,5,30,3,1,1,5,4,5,7,4,4,5,5,5,2,16,1,21,2,4,3,4,7,9,1,10,1,11,,14,6,1,22,9,121.546508,25.13213422
111,3,25,12,4,2,10文山區,文山區木柵路4段與和平東路4段口,0,0,2,1,B03,8,1,5,50,14,9,2,5,4,5,7,2,1,5,4,5,2,17,1,64,3,10,3,4,7,5,1,8,1,2,,25,25,1,22,9,121.5745939,24.99820136
111,3,25,12,4,2,10文山區,文山區木柵路4段與和平東路4段口,0,0,2,2,C03,8,1,5,50,14,9,2,5,4,5,7,2,1,5,4,5,2,17,1,20,2,8,1,4,7,9,1,10,1,11,,44,25,1,22,9,121.5745939,24.99820136
111,3,25,12,4,2,10文山區,文山區木柵路4段與和平東路4段口,0,0,2,3,C03,8,1,5,50,14,9,2,5,4,5,7,2,1,5,4,5,2,17,1,20,2,9,1,4,7,9,1,10,1,11,,44,25,1,22,9,121.5745939,24.99820136
111,3,25,12,20,2,04大安區,大安區光復南路180巷14號,0,0,1,1,B01,8,1,5,30,15,6,5,5,4,5,7,4,4,10,5,5,2,16,1,51,3,10,3,4,7,5,1,4,1,4,,8,8,1,22,9,121.5566355,25.04238183
111,3,25,12,20,2,04大安區,大安區光復南路180巷14號,0,0,1,2,C03,8,1,5,30,15,6,5,5,4,5,7,4,4,10,5,5,2,16,1,38,2,7,3,4,7,9,1,10,1,12,,44,8,1,22,9,121.5566355,25.04238183
111,3,25,12,20,2,11南港區,南港區同德路85巷4號,0,0,1,1,B12,8,1,5,50,14,9,1,5,4,5,6,2,1,5,4,5,2,17,1,51,3,10,1,4,7,9,1,8,1,5,,23,23,1,22,9,121.5855975,25.0462679
111,3,25,12,20,2,11南港區,南港區同德路85巷4號,0,0,1,2,C03,8,1,5,50,14,9,1,5,4,5,6,2,1,5,4,5,2,17,2,73,2,9,1,4,7,15,1,10,1,13,,43,23,1,22,9,121.5855975,25.0462679
111,3,25,12,21,2,03中山區,中山區北安路與明水路口,0,0,1,1,B03,8,1,5,50,3,4,1,5,4,5,7,1,1,5,2,5,1,13,2,62,3,10,1,1,7,1,1,8,1,1,,23,23,1,22,9,121.5389315,25.07803855
111,3,25,12,21,2,03中山區,中山區北安路與明水路口,0,0,1,2,C03,8,1,5,50,3,4,1,5,4,5,7,1,1,5,2,5,1,13,1,62,2,8,1,1,7,14,1,10,1,13,,25,23,1,22,9,121.5389315,25.07803855
111,3,25,12,33,2,02萬華區,萬華區貴陽街2段168號,0,0,1,1,B12,8,1,5,40,14,9,1,5,4,3,7,4,4,10,4,5,1,1,1,38,3,10,1,1,7,9,1,8,2,4,,23,23,1,22,9,121.5010552,25.040172
111,3,25,12,33,2,02萬華區,萬華區貴陽街2段168號,0,0,1,2,H01,8,1,5,40,14,9,1,5,4,3,7,4,4,10,4,5,1,1,2,43,2,1,1,1,8,16,8,20,10,16,,60,23,1,22,9,121.5010552,25.040172
111,3,25,12,33,2,02萬華區,萬華區貴陽街2段168號,0,0,1,3,B03,8,1,5,40,14,9,1,5,4,3,7,4,4,10,4,5,1,1,1,22,3,10,1,1,7,13,1,8,11,15,,38,23,1,22,9,121.5010552,25.040172
111,3,25,12,38,2,04大安區,大安區仁愛路4段與大安路1段口,0,0,2,1,C03,8,1,5,50,4,1,1,5,4,5,7,2,1,1,4,5,2,12,1,74,2,9,1,4,7,6,1,10,1,12,,9,9,1,22,9,121.5460843,25.03812337
111,3,25,12,38,2,04大安區,大安區仁愛路4段與大安路1段口,0,0,2,2,C03,8,1,5,50,4,1,1,5,4,5,7,2,1,1,4,5,2,12,2,19,2,8,1,4,7,9,1,10,1,14,,44,9,1,22,9,121.5460843,25.03812337
111,3,25,13,2,2,03中山區,中山區龍江路356巷29號,0,0,1,1,F01,8,1,5,30,14,9,1,5,4,5,7,4,4,5,5,5,2,16,2,57,3,10,1,1,7,5,8,20,1,16,,26,26,1,22,9,121.5397622,25.06608922
111,3,25,13,2,2,03中山區,中山區龍江路356巷29號,0,0,1,2,C03,8,1,5,30,14,9,1,5,4,5,7,4,4,5,5,5,2,16,2,44,2,9,3,4,7,9,3,18,1,11,,44,26,1,22,9,121.5397622,25.06608922
111,3,25,13,24,2,07信義區,信義區光復南路549號,0,0,1,1,C03,8,1,5,50,14,7,1,5,4,5,7,4,4,1,4,4,2,13,1,32,2,9,1,1,7,9,1,10,1,11,,43,43,1,22,9,121.5576469,25.0316276
111,3,25,13,24,2,07信義區,信義區光復南路549號,0,0,1,2,B01,8,1,5,50,14,7,1,5,4,5,7,4,4,1,4,4,2,13,1,49,3,10,1,1,7,15,1,8,1,7,,43,43,1,22,9,121.5576469,25.0316276
111,3,25,13,30,2,05中正區,中正區重慶南路1段與貴陽街1段口,0,0,3,1,C03,8,1,5,50,4,2,1,5,4,5,7,1,1,9,4,5,2,13,1,35,2,9,1,1,7,9,3,18,2,11,,16,16,1,22,9,121.5127936,25.03908226
111,3,25,13,30,2,05中正區,中正區重慶南路1段與貴陽街1段口,0,0,3,2,C03,8,1,5,50,4,2,1,5,4,5,7,1,1,9,4,5,2,13,1,25,2,9,1,1,7,9,1,10,2,13,,44,16,1,22,9,121.5127936,25.03908226
111,3,25,13,30,2,05中正區,中正區重慶南路1段與貴陽街1段口,0,0,3,3,H02,8,1,5,50,4,2,1,5,4,5,7,1,1,9,4,5,2,13,2,36,2,9,1,5,7,17,8,20,10,16,,67,16,1,22,9,121.5127936,25.03908226
111,3,25,13,42,2,01大同區,大同區承德路3段與酒泉街口,0,0,1,1,A05,8,1,5,50,4,1,1,5,4,5,7,2,1,1,4,5,2,13,1,49,3,10,1,1,7,9,1,2,2,1,,23,23,1,22,9,121.5184086,25.07060961
111,3,25,13,42,2,01大同區,大同區承德路3段與酒泉街口,0,0,1,2,B12,8,1,5,50,4,1,1,5,4,5,7,2,1,1,4,5,2,13,1,42,2,9,1,1,7,14,1,8,2,3,,44,23,1,22,9,121.5184086,25.07060961
111,3,25,13,42,2,01大同區,大同區承德路3段與酒泉街口,0,0,1,3,E03,8,1,5,50,4,1,1,5,4,5,7,2,1,1,4,5,2,13,1,47,3,10,1,1,7,14,1,8,2,3,,44,23,1,22,9,121.5184086,25.07060961
111,3,25,13,56,2,07信義區,信義區林口街與忠孝東路5段524巷5弄口,0,0,1,1,B01,8,1,5,40,3,1,1,5,4,5,7,4,4,9,4,4,2,12,1,56,3,10,3,4,7,1,1,4,1,4,,19,19,1,22,9,121.5807606,25.04075937
111,3,25,13,56,2,07信義區,信義區林口街與忠孝東路5段524巷5弄口,0,0,1,2,C03,8,1,5,40,3,1,1,5,4,5,7,4,4,9,4,4,2,12,1,19,2,9,3,4,7,9,1,10,1,12,,23,19,1,22,9,121.5807606,25.04075937
111,3,25,14,10,2,05中正區,中正區忠孝東路2段與八德路1段口,0,0,1,1,B01,8,1,5,50,4,1,1,5,4,5,7,1,1,1,4,5,2,17,1,67,3,10,1,1,7,7,1,4,2,15,,7,7,1,22,9,121.5291001,25.04342961
111,3,25,14,10,2,05中正區,中正區忠孝東路2段與八德路1段口,0,0,1,2,C03,8,1,5,50,4,1,1,5,4,5,7,1,1,1,4,5,2,17,1,42,2,9,1,1,7,12,1,10,2,14,,13,7,1,22,9,121.5291001,25.04342961
111,3,25,14,14,2,08士林區,士林區華岡路29號,0,0,2,1,C03,8,1,5,30,14,9,1,5,4,5,7,4,4,10,5,5,2,16,1,31,2,8,3,4,7,11,1,10,1,14,,44,44,1,22,9,121.5427599,25.13805557
111,3,25,14,14,2,08士林區,士林區華岡路29號,0,0,2,2,C03,8,1,5,30,14,9,1,5,4,5,7,4,4,10,5,5,2,16,1,21,2,7,3,4,7,9,1,10,1,11,,23,44,1,22,9,121.5427599,25.13805557
111,3,25,15,45,2,02萬華區,萬華區環河南路1段15號,0,0,1,1,C03,8,1,5,50,14,9,1,5,4,5,7,4,4,5,4,5,2,13,1,42,2,7,1,1,7,9,1,10,1,11,,43,43,1,22,9,121.504604,25.04735092
111,3,25,15,45,2,02萬華區,萬華區環河南路1段15號,0,0,1,2,B12,8,1,5,50,14,9,1,5,4,5,7,4,4,5,4,5,2,13,4,,3,10,1,1,7,12,7,19,11,3,,43,43,1,22,9,121.504604,25.04735092
111,3,25,16,5,2,08士林區,士林區重慶北路4段149號,0,0,1,1,C03,7,1,5,50,14,8,1,5,4,5,7,4,4,1,4,4,1,17,1,18,2,9,1,1,7,8,1,10,1,11,,23,23,1,21,8,121.5120113,25.08327912
111,3,25,16,5,2,08士林區,士林區重慶北路4段149號,0,0,1,2,B03,7,1,5,50,14,8,1,5,4,5,7,4,4,1,4,4,1,17,1,36,3,10,1,1,7,14,1,8,1,7,,38,23,1,21,8,121.5120113,25.08327912
111,3,25,16,6,2,11南港區,南港區南港路3段與南港路3段口無名巷口,0,0,1,1,B03,8,1,5,50,3,2,1,5,4,5,7,4,4,5,4,5,2,16,2,55,3,10,1,1,7,5,1,8,2,5,,8,8,1,22,9,121.5838207,25.05213477
111,3,25,16,6,2,11南港區,南港區南港路3段與南港路3段口無名巷口,0,0,1,2,C03,8,1,5,50,3,2,1,5,4,5,7,4,4,5,4,5,2,16,1,38,2,9,1,1,7,9,1,10,2,11,,14,8,1,22,9,121.5838207,25.05213477
111,3,25,16,8,2,07信義區,信義區忠孝東路5段8號附近側附近,0,0,1,1,C03,8,1,5,50,14,9,1,5,4,5,7,2,1,7,5,5,2,13,1,68,3,10,1,1,7,9,1,10,2,11,,16,16,1,22,9,121.564468,25.04091037
111,3,25,16,8,2,07信義區,信義區忠孝東路5段8號附近側附近,0,0,1,2,C03,8,1,5,50,14,9,1,5,4,5,7,2,1,7,5,5,2,13,2,38,2,9,1,1,7,3,1,10,2,13,,44,16,1,22,9,121.564468,25.04091037
111,3,25,16,8,2,07信義區,信義區忠孝東路5段8號附近側附近,0,0,1,3,C03,8,1,5,50,14,9,1,5,4,5,7,2,1,7,5,5,2,13,1,24,3,10,1,1,7,3,1,10,2,13,,44,16,1,22,9,121.564468,25.04091037
111,3,25,16,30,2,09北投區,北投區大業路與三合街2段口,0,0,1,1,B03,8,1,5,60,3,1,1,5,4,5,7,1,1,3,4,3,2,16,1,68,3,10,3,4,7,6,1,8,2,6,,9,9,1,22,9,121.5026259,25.1267933
111,3,25,16,30,2,09北投區,北投區大業路與三合街2段口,0,0,1,2,C03,8,1,5,60,3,1,1,5,4,5,7,1,1,3,4,3,2,16,1,38,2,9,3,4,7,9,1,10,2,11,,44,9,1,22,9,121.5026259,25.1267933
111,3,25,16,50,2,11南港區,南港區松河街成美左岸河濱公園自行車牽引道(成美左007燈桿附近),0,0,2,1,F03,7,1,8,0,15,22,1,5,4,5,7,4,4,10,5,5,2,16,2,24,2,9,1,1,7,9,8,20,1,16,,26,26,1,22,9,121.5894872,25.05578252
111,3,25,16,50,2,11南港區,南港區松河街成美左岸河濱公園自行車牽引道(成美左007燈桿附近),0,0,2,2,F01,7,1,8,0,15,22,1,5,4,5,7,4,4,10,5,5,2,16,1,33,2,9,1,1,7,9,8,20,1,16,,26,26,1,22,9,121.5894872,25.05578252
111,3,25,17,5,2,01大同區,大同區鄭州路3號與鄭州路口地下街Y11出口旁,0,0,1,3,B01,7,2,5,0,14,9,1,5,4,5,7,4,4,1,4,5,1,12,1,68,3,10,1,1,7,9,1,4,1,2,,44,44,1,22,9,121.5156377,25.04904129
111,3,25,17,5,2,01大同區,大同區鄭州路3號與鄭州路口地下街Y11出口旁,0,0,1,1,C03,7,2,5,0,14,9,1,5,4,5,7,4,4,1,4,5,1,12,1,18,4,11,3,4,7,15,7,19,11,15,,44,44,2,22,9,121.5156377,25.04904129
111,3,25,17,5,2,01大同區,大同區鄭州路3號與鄭州路口地下街Y11出口旁,0,0,1,2,C03,7,2,5,0,14,9,1,5,4,5,7,4,4,1,4,5,1,12,2,34,2,8,1,1,7,9,1,10,1,11,,23,44,1,22,9,121.5156377,25.04904129
111,3,25,17,15,2,11南港區,南港區忠孝東路6段70巷21弄4號,0,0,2,1,H01,8,1,5,0,14,9,1,5,4,5,7,4,4,10,5,5,2,3,2,9,2,7,4,5,8,18,8,20,10,16,,54,54,1,22,9,121.5850699,25.0462558
111,3,25,17,15,2,11南港區,南港區忠孝東路6段70巷21弄4號,0,0,2,2,F01,8,1,5,0,14,9,1,5,4,5,7,4,4,10,5,5,2,3,2,76,2,7,3,4,7,9,8,20,1,16,,14,54,1,22,9,121.5850699,25.0462558
111,3,25,17,18,2,09北投區,北投區承德路7段與大業路口,0,0,2,1,B03,8,1,5,60,5,1,1,5,4,5,7,2,1,8,3,5,2,16,2,62,3,10,1,1,7,6,1,8,1,2,,17,17,1,22,9,121.4999574,25.12097413
111,3,25,17,18,2,09北投區,北投區承德路7段與大業路口,0,0,2,2,C03,8,1,5,60,5,1,1,5,4,5,7,2,1,8,3,5,2,16,2,35,2,9,1,1,7,6,1,10,1,14,,17,17,1,22,9,121.4999574,25.12097413
111,3,25,17,18,2,09北投區,北投區承德路7段與大業路口,0,0,2,3,H02,8,1,5,60,5,1,1,5,4,5,7,2,1,8,3,5,2,16,1,5,2,9,1,5,7,20,8,20,10,16,,67,17,1,22,9,121.4999574,25.12097413
111,3,25,17,19,2,04大安區,大安區市民大道3段286號,0,0,1,1,C03,8,1,5,40,14,9,1,5,4,5,7,4,4,1,4,5,2,17,1,58,2,9,3,4,7,5,1,10,1,14,,8,8,1,22,9,121.5429068,25.0446511
111,3,25,17,19,2,04大安區,大安區市民大道3段286號,0,0,1,2,C03,8,1,5,40,14,9,1,5,4,5,7,4,4,1,4,5,2,17,1,26,3,10,3,4,7,9,1,10,1,12,,16,8,1,22,9,121.5429068,25.0446511
111,3,25,17,36,2,11南港區,南港區重陽路125巷與向陽路162巷口,0,0,1,1,C03,8,1,5,50,4,2,1,5,4,5,7,4,4,5,4,5,2,16,1,35,2,9,1,1,7,9,1,10,2,12,,6,6,1,22,9,121.5979503,25.05693021
111,3,25,17,36,2,11南港區,南港區重陽路125巷與向陽路162巷口,0,0,1,2,B03,8,1,5,50,4,2,1,5,4,5,7,4,4,5,4,5,2,16,1,28,3,10,1,1,7,9,1,8,2,1,,6,6,1,22,9,121.5979503,25.05693021
111,3,25,17,37,2,08士林區,士林區德行東路109巷與德行東路109巷63弄口,0,0,1,1,B03,8,1,5,30,4,2,1,5,4,5,7,4,4,9,5,5,1,15,1,45,3,10,1,1,7,9,1,8,1,5,,6,6,1,22,9,121.5285344,25.10953278