發生年度,發生月,發生日,發生時-Hours,發生分,處理別-編號,區序,肇事地點,死亡人數,2-30日死亡人數,受傷人數,當事人序號,車種,天候,光線,道路類別,速限-速度限制,道路型態,事故位置,路面狀況1,路面狀況2,路面狀況3,道路障礙1,道路障礙2,號誌1,號誌2,車道劃分-分向,車道劃分-分道1,車道劃分-分道2,車道劃分-分道3,事故類型及型態,性別,年齡,受傷程度,主要傷處,安全帽,行動電話,車輛用途,當事者行動狀態,駕駛資格情形,駕駛執照種類,飲酒情形,車輛撞擊部位1,車輛撞擊部位2,肇因碼-個別,肇因碼-主要,個人肇逃否,職業,旅次目的,座標-X,座標-Y
111,3,25,17,37,2,08士林區,士林區德行東路109巷與德行東路109巷63弄口,0,0,1,2,C03,8,1,5,30,4,2,1,5,4,5,7,4,4,9,5,5,1,15,1,23,2,9,1,1,7,9,1,10,1,12,,23,6,1,22,9,121.5285344,25.10953278
111,3,25,17,55,2,07信義區,信義區松仁路與松平路口,0,0,2,1,C03,8,3,5,50,4,1,1,5,4,5,7,1,1,5,4,5,2,11,1,56,2,9,1,1,7,5,1,10,1,12,,6,6,1,22,9,121.5683193,25.0304206
111,3,25,17,55,2,07信義區,信義區松仁路與松平路口,0,0,2,2,C03,8,3,5,50,4,1,1,5,4,5,7,1,1,5,4,5,2,11,1,28,2,1,1,1,7,9,1,10,1,11,,44,6,1,22,9,121.5683193,25.0304206
111,3,25,17,56,2,12內湖區,內湖區內湖路1段與港墘路口,0,0,1,1,B03,8,2,5,50,3,2,1,5,4,5,7,4,4,1,4,5,2,12,1,34,3,10,1,1,7,6,1,8,1,2,,9,9,1,22,9,121.5763524,25.07947496
111,3,25,17,56,2,12內湖區,內湖區內湖路1段與港墘路口,0,0,1,2,C03,8,2,5,50,3,2,1,5,4,5,7,4,4,1,4,5,2,12,2,31,2,9,1,1,7,9,1,10,1,14,,44,9,1,22,9,121.5763524,25.07947496
111,3,25,18,3,2,03中山區,中山區北安路與北安路759巷口西側機車專用道,0,0,1,1,C03,8,1,5,50,14,11,1,5,4,5,7,4,4,10,4,5,2,13,1,37,2,7,3,4,7,9,1,10,1,11,,16,16,1,22,9,121.5517997,25.08609466
111,3,25,18,3,2,03中山區,中山區北安路與北安路759巷口西側機車專用道,0,0,1,2,C03,8,1,5,50,14,11,1,5,4,5,7,4,4,10,4,5,2,13,1,34,3,10,3,4,7,9,1,10,1,13,,16,16,1,22,9,121.5517997,25.08609466
111,3,25,18,3,2,03中山區,中山區北安路與北安路759巷口西側機車專用道,0,0,1,3,C03,8,1,5,50,14,11,1,5,4,5,7,4,4,10,4,5,2,13,2,27,3,10,3,4,7,9,1,10,1,13,,44,16,1,22,9,121.5517997,25.08609466
111,3,25,18,15,2,03中山區,中山區松江路38巷與松江路口,0,0,1,1,B03,7,1,5,30,3,1,1,5,4,5,7,4,4,10,5,5,1,16,1,58,3,10,3,4,7,9,1,8,1,1,,6,6,1,22,9,121.5328109,25.04754478
111,3,25,18,15,2,03中山區,中山區松江路38巷與松江路口,0,0,1,2,F01,7,1,5,30,3,1,1,5,4,5,7,4,4,10,5,5,1,16,1,61,2,9,1,1,7,9,8,20,1,16,,44,6,1,22,9,121.5328109,25.04754478
111,3,25,18,21,2,10文山區,文山區羅斯福路4段與基隆路4段口,0,0,3,1,C03,8,3,5,50,4,1,1,5,4,5,7,2,1,1,4,5,2,16,1,23,2,7,1,1,7,5,1,10,1,11,,43,43,1,22,9,121.5370967,25.01095243
111,3,25,18,21,2,10文山區,文山區羅斯福路4段與基隆路4段口,0,0,3,2,C03,8,3,5,50,4,1,1,5,4,5,7,2,1,1,4,5,2,16,1,40,2,9,1,1,7,9,1,10,1,12,,43,43,1,22,9,121.5370967,25.01095243
111,3,25,18,21,2,10文山區,文山區羅斯福路4段與基隆路4段口,0,0,3,3,H02,8,3,5,50,4,1,1,5,4,5,7,2,1,1,4,5,2,16,2,37,2,9,4,5,7,21,8,20,10,16,,67,43,1,22,9,121.5370967,25.01095243
111,3,25,18,30,2,04大安區,大安區忠孝東路4段292號,0,0,1,1,A04,8,3,5,50,14,9,1,5,4,5,7,4,4,1,4,5,2,9,1,57,3,10,1,1,7,12,1,2,11,15,,44,44,1,22,9,121.5554647,25.04126071
111,3,25,18,30,2,04大安區,大安區忠孝東路4段292號,0,0,1,3,H02,8,3,5,50,14,9,1,5,4,5,7,4,4,1,4,5,2,9,2,43,2,6,4,5,7,21,8,20,11,16,,67,44,1,22,9,121.5554647,25.04126071
111,3,25,18,30,2,04大安區,大安區忠孝東路4段292號,0,0,1,2,B01,8,3,5,50,14,9,1,5,4,5,7,4,4,1,4,5,2,9,4,,,,,,,,,,11,,,43,44,1,,,121.5554647,25.04126071
111,3,25,18,48,2,07信義區,信義區逸仙路42巷,0,0,1,1,B01,8,3,5,30,14,9,1,5,4,5,7,4,4,9,3,5,2,12,1,43,3,10,1,1,7,5,1,4,1,8,,8,8,1,22,9,121.562373,25.0402213
111,3,25,18,48,2,07信義區,信義區逸仙路42巷,0,0,1,2,C03,8,3,5,30,14,9,1,5,4,5,7,4,4,9,3,5,2,12,2,45,2,9,1,1,7,9,1,10,1,12,,23,8,1,22,9,121.562373,25.0402213
111,3,25,18,55,2,12內湖區,內湖區內湖路1段與港墘路口,0,0,2,1,C03,8,3,5,50,4,2,1,5,4,5,7,1,1,1,4,4,2,13,2,46,2,9,1,1,7,9,1,10,1,14,,16,16,1,22,9,121.5770216,25.07943029
111,3,25,18,55,2,12內湖區,內湖區內湖路1段與港墘路口,0,0,2,2,C03,8,3,5,50,4,2,1,5,4,5,7,1,1,1,4,4,2,13,2,37,2,9,1,1,7,14,1,10,1,13,,44,16,1,22,9,121.5770216,25.07943029
111,3,25,18,59,2,02萬華區,萬華區萬大路112號,0,0,1,1,C03,7,3,5,50,14,9,1,5,4,5,7,4,4,1,4,5,1,17,2,39,3,10,3,4,7,9,1,10,2,11,,23,23,1,22,9,121.5004805,25.02971826
111,3,25,18,59,2,02萬華區,萬華區萬大路112號,0,0,1,2,C03,7,3,5,50,14,9,1,5,4,5,7,4,4,1,4,5,1,17,2,44,2,3,3,4,7,14,1,10,2,13,,44,23,1,22,9,121.5004805,25.02971826
111,3,25,18,59,2,02萬華區,萬華區萬大路112號,0,0,1,3,B03,7,3,5,50,14,9,1,5,4,5,7,4,4,1,4,5,1,17,1,44,3,10,3,4,7,3,1,8,2,15,,18,23,1,22,9,121.5004805,25.02971826
111,3,25,19,0,2,06松山區,松山區南京東路4段(小巨蛋1號出口),0,0,5,2,A02,8,3,5,50,14,9,1,5,4,5,7,4,4,1,4,4,2,17,1,54,3,10,1,4,7,9,1,2,2,15,,43,43,1,22,9,121.5513478,25.05178322
111,3,25,19,0,2,06松山區,松山區南京東路4段(小巨蛋1號出口),0,0,5,1,,8,3,5,50,14,9,1,5,4,5,7,4,4,1,4,4,2,17,4,,4,11,3,4,7,15,7,19,11,15,,43,43,2,22,9,121.5513478,25.05178322
111,3,25,19,0,2,06松山區,松山區南京東路4段(小巨蛋1號出口),0,0,5,3,H02,8,3,5,50,14,9,1,5,4,5,7,4,4,1,4,4,2,17,2,46,2,9,4,5,7,21,8,20,10,15,,67,43,1,22,9,121.5513478,25.05178322
111,3,25,19,0,2,06松山區,松山區南京東路4段(小巨蛋1號出口),0,0,5,4,H02,8,3,5,50,14,9,1,5,4,5,7,4,4,1,4,4,2,17,2,29,2,2,4,5,7,21,8,20,10,15,,67,43,1,22,9,121.5513478,25.05178322
111,3,25,19,0,2,06松山區,松山區南京東路4段(小巨蛋1號出口),0,0,5,5,H02,8,3,5,50,14,9,1,5,4,5,7,4,4,1,4,4,2,17,2,54,2,9,4,5,7,21,8,20,10,15,,67,43,1,22,9,121.5513478,25.05178322
111,3,25,19,0,2,06松山區,松山區南京東路4段(小巨蛋1號出口),0,0,5,6,H02,8,3,5,50,14,9,1,5,4,5,7,4,4,1,4,4,2,17,2,64,2,1,4,5,7,21,8,20,10,15,,67,43,1,22,9,121.5513478,25.05178322
111,3,25,19,0,2,06松山區,松山區南京東路4段(小巨蛋1號出口),0,0,5,7,H02,8,3,5,50,14,9,1,5,4,5,7,4,4,1,4,4,2,17,2,40,2,9,4,5,7,21,8,20,10,15,,67,43,1,22,9,121.5513478,25.05178322
111,3,25,19,8,2,07信義區,信義區忠孝東路5段131號,0,0,1,1,B03,7,3,5,50,14,9,1,5,4,5,7,4,4,1,4,5,1,12,1,56,3,10,1,1,7,8,1,8,1,5,,7,7,1,22,9,121.5674664,25.04114732
111,3,25,19,8,2,07信義區,信義區忠孝東路5段131號,0,0,1,2,C03,7,3,5,50,14,9,1,5,4,5,7,4,4,1,4,5,1,12,2,41,2,9,1,1,7,9,1,10,1,14,,44,7,1,22,9,121.5674664,25.04114732
111,3,25,19,20,2,10文山區,文山區興隆路2段275巷1弄與福興路4巷口,0,0,2,1,C03,8,3,5,30,4,1,1,5,4,5,7,4,4,10,5,5,2,15,2,54,2,9,1,1,7,9,1,10,2,11,,6,6,1,22,9,121.551878,25.00332965
111,3,25,19,20,2,10文山區,文山區興隆路2段275巷1弄與福興路4巷口,0,0,2,2,C03,8,3,5,30,4,1,1,5,4,5,7,4,4,10,5,5,2,15,1,43,2,9,1,1,7,9,1,10,2,11,,23,6,1,22,9,121.551878,25.00332965
111,3,25,19,37,2,03中山區,中山區民權東路2段71巷與吉林路299巷口,0,0,1,2,C03,7,3,5,30,4,1,1,5,4,5,7,4,4,10,5,5,2,15,1,20,2,9,1,1,7,9,1,10,1,11,,13,6,1,22,9,121.5317031,25.06305779
111,3,25,19,37,2,03中山區,中山區民權東路2段71巷與吉林路299巷口,0,0,1,1,B01,7,3,5,30,4,1,1,5,4,5,7,4,4,10,5,5,2,15,2,64,3,10,1,1,7,9,1,4,1,2,,6,6,1,22,9,121.5317031,25.06305779
111,3,25,19,45,2,12內湖區,內湖區大湖山莊街219巷與大湖山莊街口,0,0,1,1,B02,8,3,5,30,4,1,1,5,4,5,7,3,1,10,5,5,2,16,1,50,3,10,1,1,7,5,1,4,1,1,,43,43,1,22,9,121.5994301,25.08808643
111,3,25,19,45,2,12內湖區,內湖區大湖山莊街219巷與大湖山莊街口,0,0,1,2,F01,8,3,5,30,4,1,1,5,4,5,7,3,1,10,5,5,2,16,1,63,2,9,1,1,7,9,8,20,1,16,,43,43,1,22,9,121.5994301,25.08808643
111,3,25,20,11,2,03中山區,中山區明水路475巷與明水路口,0,0,1,1,B01,7,3,5,50,3,1,1,5,4,5,7,1,1,1,3,5,2,15,1,62,3,10,1,1,7,9,1,4,2,8,,43,43,1,22,9,121.551631,25.07771702
111,3,25,20,11,2,03中山區,中山區明水路475巷與明水路口,0,0,1,2,F01,7,3,5,50,3,1,1,5,4,5,7,1,1,1,3,5,2,15,2,60,2,9,1,1,7,9,8,20,1,16,,43,43,1,22,9,121.551631,25.07771702
111,3,25,20,30,2,08士林區,士林區中山北路5段與劍潭路口,0,0,1,1,B01,8,3,5,50,3,1,1,5,4,5,7,2,1,4,3,5,1,17,1,35,3,10,3,4,7,6,1,1,2,2,,9,9,1,22,9,121.5253185,25.08424197
111,3,25,20,30,2,08士林區,士林區中山北路5段與劍潭路口,0,0,1,2,C03,8,3,5,50,3,1,1,5,4,5,7,2,1,4,3,5,1,17,2,19,2,9,1,4,7,9,1,10,2,14,,44,9,1,22,9,121.5253185,25.08424197
111,3,25,20,52,2,12內湖區,內湖區堤頂大道2段483號與內湖路1段120巷口,0,0,1,1,B03,8,3,5,50,3,1,1,5,4,5,7,4,4,10,5,5,1,17,1,51,3,10,1,1,7,6,1,8,1,15,,6,6,1,22,9,121.561921,25.08229438
111,3,25,20,52,2,12內湖區,內湖區堤頂大道2段483號與內湖路1段120巷口,0,0,1,2,C03,8,3,5,50,3,1,1,5,4,5,7,4,4,10,5,5,1,17,1,23,2,9,1,1,7,9,1,10,1,15,,42,6,1,22,9,121.561921,25.08229438
111,3,25,21,5,2,03中山區,中山區敬業三路與植福路口,0,0,1,1,A02,8,3,5,50,4,1,1,5,4,5,7,2,1,1,4,4,1,12,1,61,3,10,3,4,7,6,1,2,2,7,,9,9,1,22,9,121.5562894,25.0840006
111,3,25,21,5,2,03中山區,中山區敬業三路與植福路口,0,0,1,2,B01,8,3,5,50,4,1,1,5,4,5,7,2,1,1,4,4,1,12,1,58,2,7,3,4,7,14,1,4,2,2,,44,9,1,22,9,121.5562894,25.0840006
111,3,25,21,15,2,05中正區,中正區汀州路3段與師大路口,0,0,1,1,B02,7,3,5,50,5,1,1,5,4,5,7,2,1,1,3,5,1,12,1,44,3,10,1,1,7,6,1,8,2,2,,9,9,1,22,9,121.5257003,25.02079958
111,3,25,21,15,2,05中正區,中正區汀州路3段與師大路口,0,0,1,2,F02,7,3,5,50,5,1,1,5,4,5,7,2,1,1,3,5,1,12,2,52,2,9,1,1,7,9,8,20,2,16,,44,9,1,22,9,121.5257003,25.02079958
111,3,25,21,15,2,12內湖區,內湖區康寧路3段99巷17弄與康寧路3段75巷24弄口,0,0,2,1,C03,6,1,5,30,4,1,1,4,4,5,7,4,4,10,5,5,2,17,2,37,2,8,1,1,7,9,1,10,9,15,,43,43,1,22,9,121.6097206,25.07289709
111,3,25,21,15,2,12內湖區,內湖區康寧路3段99巷17弄與康寧路3段75巷24弄口,0,0,2,2,C03,6,1,5,30,4,1,1,4,4,5,7,4,4,10,5,5,2,17,2,41,2,9,1,1,7,6,1,10,9,15,,43,43,1,22,9,121.6097206,25.07289709
111,3,25,21,35,2,12內湖區,內湖區舊宗路1段188號,0,0,1,1,C03,7,4,5,50,14,9,1,5,4,5,7,4,4,5,4,5,2,16,1,59,3,10,1,1,7,1,1,10,1,14,,19,19,1,22,9,121.5760323,25.06323482
111,3,25,21,35,2,12內湖區,內湖區舊宗路1段188號,0,0,1,2,C03,7,4,5,50,14,9,1,5,4,5,7,4,4,5,4,5,2,16,2,51,2,7,1,1,7,9,1,10,1,12,,44,19,1,22,9,121.5760323,25.06323482
111,3,25,21,46,2,04大安區,大安區和平東路3段與嘉興街口,0,0,2,1,B03,8,3,5,50,4,1,1,5,4,5,7,2,1,1,4,5,2,3,1,43,2,7,3,4,7,5,1,4,1,1,,15,15,1,22,9,121.5539151,25.02298252
111,3,25,21,46,2,04大安區,大安區和平東路3段與嘉興街口,0,0,2,2,H01,8,3,5,50,4,1,1,5,4,5,7,2,1,1,4,5,2,3,2,57,2,9,4,5,8,16,8,20,10,16,,67,15,1,22,9,121.5539151,25.02298252
111,3,25,21,49,2,05中正區,中正區羅斯福路3段與辛亥路1段口,0,0,1,1,B03,7,3,5,50,4,1,1,5,4,5,7,1,1,2,4,5,2,16,1,29,3,10,1,1,7,6,1,8,2,2,,9,9,1,22,9,121.5289798,25.0198076
111,3,25,21,49,2,05中正區,中正區羅斯福路3段與辛亥路1段口,0,0,1,2,C03,7,3,5,50,4,1,1,5,4,5,7,1,1,2,4,5,2,16,1,18,2,9,1,1,7,9,1,10,2,11,,44,9,1,22,9,121.5289798,25.0198076
111,3,25,22,5,2,04大安區,大安區安和路2段與樂利路口,0,0,1,1,B03,8,3,5,0,14,9,1,5,4,5,7,2,1,10,5,5,2,12,2,32,3,10,1,1,7,5,1,8,1,4,,44,44,1,22,9,121.550846,25.02909762
111,3,25,22,5,2,04大安區,大安區安和路2段與樂利路口,0,0,1,2,C03,8,3,5,0,14,9,1,5,4,5,7,2,1,10,5,5,2,12,1,32,2,7,1,1,7,9,1,10,1,11,,44,44,1,22,9,121.550846,25.02909762
111,3,25,22,24,2,03中山區,中山區民權東路2段103號,0,0,1,1,C03,8,1,5,50,14,9,1,5,4,5,7,4,4,1,3,5,1,17,1,24,2,9,1,4,7,9,1,10,1,14,,42,42,1,22,9,121.5325431,25.06255981
111,3,25,22,24,2,03中山區,中山區民權東路2段103號,0,0,1,2,C03,8,1,5,50,14,9,1,5,4,5,7,4,4,1,3,5,1,17,2,24,3,10,1,4,7,9,1,10,9,15,,44,42,1,22,9,121.5325431,25.06255981
111,3,25,22,28,2,07信義區,信義區信義路4段407號,0,0,2,1,F01,7,3,5,0,15,20,4,5,4,5,7,4,4,10,5,5,2,17,1,29,2,9,1,1,7,9,8,20,1,16,,43,43,1,22,9,121.558853,25.03314555
111,3,25,22,28,2,07信義區,信義區信義路4段407號,0,0,2,2,F01,7,3,5,0,15,20,4,5,4,5,7,4,4,10,5,5,2,17,1,23,2,9,1,1,7,9,8,20,1,16,,43,43,1,22,9,121.558853,25.03314555
111,3,25,22,30,2,06松山區,松山區敦化北路155巷與敦化北路155巷口3號旁無名巷,0,0,3,1,C03,8,3,5,30,4,1,1,5,4,5,7,4,4,10,3,5,2,15,1,32,2,7,1,1,7,9,1,10,2,14,,6,6,1,22,9,121.5499361,25.05426694
111,3,25,22,30,2,06松山區,松山區敦化北路155巷與敦化北路155巷口3號旁無名巷,0,0,3,2,C03,8,3,5,30,4,1,1,5,4,5,7,4,4,10,3,5,2,15,1,41,2,9,1,1,7,9,1,10,2,11,,44,6,1,22,9,121.5499361,25.05426694
111,3,25,22,30,2,06松山區,松山區敦化北路155巷與敦化北路155巷口3號旁無名巷,0,0,3,3,H02,8,3,5,30,4,1,1,5,4,5,7,4,4,10,3,5,2,15,1,13,2,7,1,5,7,20,8,20,10,15,,67,6,1,22,9,121.5499361,25.05426694
111,3,25,23,5,2,05中正區,中正區南昌路2段232號,0,0,1,1,B01,8,3,5,50,14,9,1,5,4,5,7,2,1,1,4,5,2,12,1,52,3,10,1,1,7,7,1,4,2,4,,7,7,1,22,9,121.5247926,25.0237007
111,3,25,23,5,2,05中正區,中正區南昌路2段232號,0,0,1,2,C03,8,3,5,50,14,9,1,5,4,5,7,2,1,1,4,5,2,12,1,29,2,9,1,1,7,9,1,10,2,12,,44,7,1,22,9,121.5247926,25.0237007
111,3,25,23,5,2,05中正區,中正區南昌路2段232號,0,0,1,3,H02,8,3,5,50,14,9,1,5,4,5,7,2,1,1,4,5,2,12,1,25,4,11,1,5,7,20,8,20,10,16,,67,7,1,22,9,121.5247926,25.0237007
111,3,25,23,5,2,08士林區,士林區忠誠路2段與德行東路口,0,0,2,2,C03,7,3,5,50,4,1,1,5,4,5,7,1,1,5,5,5,2,17,1,32,2,9,1,1,7,9,1,10,2,12,,44,6,1,22,9,121.530465,25.1084625
111,3,25,23,5,2,08士林區,士林區忠誠路2段與德行東路口,0,0,2,1,C03,7,3,5,50,4,1,1,5,4,5,7,1,1,5,5,5,2,17,1,18,2,8,1,1,7,5,1,10,2,12,,6,6,1,22,9,121.530465,25.1084625
111,3,25,23,14,2,03中山區,中山區建國北路3段與建國北路3段22巷口,0,0,1,1,B01,8,3,5,50,4,1,1,5,4,5,7,2,1,1,4,5,2,15,1,52,3,10,3,4,7,15,1,4,1,1,,25,25,1,22,9,121.5367827,25.0637029
111,3,25,23,14,2,03中山區,中山區建國北路3段與建國北路3段22巷口,0,0,1,2,C03,8,3,5,50,4,1,1,5,4,5,7,2,1,1,4,5,2,15,1,56,2,9,1,4,7,9,1,10,1,14,,44,25,1,22,9,121.5367827,25.0637029
111,3,25,23,14,2,04大安區,大安區忠孝東路4段197號,0,0,1,1,C03,8,3,5,50,14,9,1,5,4,5,7,4,4,1,4,5,2,17,2,26,3,10,3,4,7,7,1,10,1,12,,23,23,1,22,9,121.5516867,25.04151303
111,3,25,23,14,2,04大安區,大安區忠孝東路4段197號,0,0,1,2,C03,8,3,5,50,14,9,1,5,4,5,7,4,4,1,4,5,2,17,2,57,2,9,3,4,7,9,1,10,1,14,,44,23,1,22,9,121.5516867,25.04151303
111,3,25,23,14,2,04大安區,大安區忠孝東路4段197號,0,0,1,3,B01,8,3,5,50,14,9,1,5,4,5,7,4,4,1,4,5,2,17,1,61,3,10,3,4,7,8,1,4,1,15,,44,23,1,22,9,121.5516867,25.04151303
111,3,25,23,28,2,08士林區,士林區福林路254巷與至善路1段口,0,0,2,1,C03,7,3,5,40,3,2,1,5,4,5,7,3,1,3,4,4,2,16,1,20,2,9,1,1,7,9,1,10,1,14,,23,23,1,22,9,121.5378272,25.09791653
111,3,25,23,28,2,08士林區,士林區福林路254巷與至善路1段口,0,0,2,2,B03,7,3,5,40,3,2,1,5,4,5,7,3,1,3,4,4,2,16,1,33,3,10,1,1,7,9,1,8,1,2,,14,23,1,22,9,121.5378272,25.09791653
111,3,25,23,28,2,08士林區,士林區福林路254巷與至善路1段口,0,0,2,3,H02,7,3,5,40,3,2,1,5,4,5,7,3,1,3,4,4,2,16,2,21,2,9,4,5,7,21,8,20,10,15,,67,23,1,22,9,121.5378272,25.09791653
111,3,25,23,31,2,04大安區,大安區基隆路2段251號,0,0,1,1,B01,8,3,5,50,14,9,1,5,4,5,7,4,4,1,4,5,2,17,1,24,3,10,1,1,7,9,1,4,1,2,,23,23,1,22,9,121.5504278,25.02241155
111,3,25,23,31,2,04大安區,大安區基隆路2段251號,0,0,1,2,C03,8,3,5,50,14,9,1,5,4,5,7,4,4,1,4,5,2,17,2,36,2,9,1,1,7,7,1,10,1,14,,7,23,1,22,9,121.5504278,25.02241155
111,3,25,23,35,2,03中山區,中山區長春路與新生北路1段口,0,0,1,1,B01,8,3,5,50,4,1,1,5,4,5,7,1,1,1,4,5,2,16,1,54,3,10,1,1,7,5,1,4,1,8,,25,25,1,22,9,121.5274428,25.05495917
111,3,25,23,35,2,03中山區,中山區長春路與新生北路1段口,0,0,1,2,C02,8,3,5,50,4,1,1,5,4,5,7,1,1,1,4,5,2,16,1,21,2,9,1,1,7,9,1,9,1,12,,25,25,1,22,9,121.5274428,25.05495917
111,3,26,2,44,2,04大安區,大安區信義路4段與復興南路1段口,0,0,1,1,C03,8,3,5,50,4,1,1,5,4,5,7,2,1,1,4,5,2,12,1,19,3,10,1,1,7,5,1,10,2,14,,8,8,1,22,9,121.5436834,25.03350513
111,3,26,2,44,2,04大安區,大安區信義路4段與復興南路1段口,0,0,1,2,C03,8,3,5,50,4,1,1,5,4,5,7,2,1,1,4,5,2,12,2,28,2,9,1,1,7,9,1,10,2,12,,44,8,1,22,9,121.5436834,25.03350513
111,3,26,3,27,2,02萬華區,萬華區成都路與昆明街口,0,0,1,2,H01,8,3,5,50,4,1,1,5,4,5,7,1,1,8,3,5,2,3,1,24,2,7,4,5,8,16,8,20,10,16,,67,43,1,22,9,121.5048185,25.0430034
111,3,26,3,27,2,02萬華區,萬華區成都路與昆明街口,0,0,1,1,,8,3,5,50,4,1,1,5,4,5,7,1,1,8,3,5,2,3,4,,4,11,3,4,7,15,7,19,11,15,,43,43,2,22,9,121.5048185,25.0430034
111,3,26,4,2,2,12內湖區,內湖區新明路與新明路298巷口口,0,0,1,1,B12,7,3,5,50,4,1,1,5,4,5,7,2,1,5,4,5,2,16,1,22,3,10,1,1,7,6,3,18,1,2,,23,23,1,22,9,121.5822089,25.05575231
111,3,26,4,2,2,12內湖區,內湖區新明路與新明路298巷口口,0,0,1,2,C03,7,3,5,50,4,1,1,5,4,5,7,2,1,5,4,5,2,16,1,44,2,7,1,1,7,9,1,10,1,11,,6,23,1,22,9,121.5822089,25.05575231
111,3,26,4,45,2,07信義區,信義區松仁路與松勤街口,0,0,1,1,C03,8,3,5,30,4,1,1,5,4,5,7,3,1,8,3,5,2,15,2,69,2,9,1,1,7,9,1,10,3,11,,6,6,1,22,9,121.568357,25.0319123
111,3,26,4,45,2,07信義區,信義區松仁路與松勤街口,0,0,1,2,B01,8,3,5,30,4,1,1,5,4,5,7,3,1,8,3,5,2,15,1,47,3,10,1,1,7,9,1,4,2,1,,13,6,1,22,9,121.568357,25.0319123
111,3,26,7,37,2,02萬華區,萬華區西園路1段與長沙街2段口,0,0,2,1,C03,7,1,5,50,4,2,1,5,4,5,7,1,1,5,5,5,2,12,1,44,2,9,1,1,7,7,6,18,1,14,,7,7,1,22,9,121.5000864,25.04123257
111,3,26,7,37,2,02萬華區,萬華區西園路1段與長沙街2段口,0,0,2,2,C03,7,1,5,50,4,2,1,5,4,5,7,1,1,5,5,5,2,12,2,27,2,9,1,1,7,9,1,10,1,12,,44,7,1,22,9,121.5000864,25.04123257
111,3,26,8,0,2,07信義區,信義區莊敬路433號,0,0,1,2,,7,1,5,30,14,9,1,4,4,5,7,4,4,5,5,4,2,18,3,,,,,,,,,,,,,67,43,1,,,121.5668728,25.02709298
111,3,26,8,0,2,07信義區,信義區莊敬路433號,0,0,1,1,C03,7,1,5,30,14,9,1,4,4,5,7,4,4,5,5,4,2,18,2,41,2,7,3,4,7,9,1,10,1,14,,43,43,1,22,9,121.5668728,25.02709298
111,3,26,8,14,1,09北投區,北投區中央南路2段與北投路1段口,1,0,0,1,B01,7,1,5,40,3,1,1,4,4,5,7,4,4,9,4,5,2,16,1,51,3,10,1,1,7,5,1,4,2,4,,6,6,1,22,9,121.5016588,25.1215099
111,3,26,8,14,1,09北投區,北投區中央南路2段與北投路1段口,1,0,0,2,C03,7,1,5,40,3,1,1,4,4,5,7,4,4,9,4,5,2,16,1,46,1,9,1,1,7,9,1,10,2,11,,44,6,1,22,9,121.5016588,25.1215099
111,3,26,8,19,2,03中山區,中山區市民大道3段83號,0,0,1,1,B01,7,1,5,40,14,9,1,5,4,5,7,1,1,4,4,1,2,12,1,57,3,10,1,1,7,9,1,4,1,7,,17,17,1,22,9,121.5378088,25.04480384
111,3,26,8,19,2,03中山區,中山區市民大道3段83號,0,0,1,2,C04,7,1,5,40,14,9,1,5,4,5,7,1,1,4,4,1,2,12,2,22,2,9,1,1,7,4,1,9,1,12,,44,17,1,22,9,121.5378088,25.04480384
111,3,26,8,30,2,07信義區,信義區林口街80巷與福德街84巷口,0,0,1,1,C03,6,1,5,30,4,1,1,4,4,5,7,4,4,9,5,5,2,16,1,70,3,10,1,1,7,9,1,10,1,11,,6,6,1,22,9,121.5803942,25.03956624
111,3,26,8,30,2,07信義區,信義區林口街80巷與福德街84巷口,0,0,1,2,C03,6,1,5,30,4,1,1,4,4,5,7,4,4,9,5,5,2,16,1,41,2,7,1,1,7,9,1,10,1,14,,23,6,1,22,9,121.5803942,25.03956624
111,3,26,8,40,2,10文山區,文山區萬芳路93號停車格,0,0,2,1,H01,6,1,5,0,14,9,1,4,4,5,7,4,4,9,4,5,1,9,2,68,2,9,4,5,8,16,8,20,10,15,,52,52,1,22,9,121.5694519,24.99867475
111,3,26,8,40,2,10文山區,文山區萬芳路93號停車格,0,0,2,2,C03,6,1,5,0,14,9,1,4,4,5,7,4,4,9,4,5,1,9,2,58,2,9,1,1,7,9,1,10,2,11,,23,52,1,22,9,121.5694519,24.99867475
111,3,26,8,55,2,11南港區,南港區忠孝東路6段323號(燈具編號BL16-074),0,0,2,1,C03,7,1,5,40,14,8,1,5,4,5,7,2,1,3,3,4,2,16,1,19,2,9,3,4,7,9,1,10,1,11,,16,16,1,22,9,121.5918447,25.05023773
111,3,26,8,55,2,11南港區,南港區忠孝東路6段323號(燈具編號BL16-074),0,0,2,2,C03,7,1,5,40,14,8,1,5,4,5,7,2,1,3,3,4,2,16,1,43,2,9,3,4,7,8,1,10,1,13,,7,16,1,22,9,121.5918447,25.05023773
111,3,26,9,34,2,03中山區,中山區八德路2段237號,0,0,1,2,C04,6,2,5,50,14,9,1,4,4,5,7,4,4,10,4,5,2,12,2,26,2,9,1,4,7,9,1,10,1,14,,44,7,1,22,9,121.5407233,25.0470539
111,3,26,9,34,2,03中山區,中山區八德路2段237號,0,0,1,1,B01,6,2,5,50,14,9,1,4,4,5,7,4,4,10,4,5,2,12,1,59,3,10,1,4,7,8,1,8,1,5,,7,7,1,22,9,121.5407233,25.0470539