發生年度,發生月,發生日,發生時-Hours,發生分,處理別-編號,區序,肇事地點,死亡人數,2-30日死亡人數,受傷人數,當事人序號,車種,天候,光線,道路類別,速限-速度限制,道路型態,事故位置,路面狀況1,路面狀況2,路面狀況3,道路障礙1,道路障礙2,號誌1,號誌2,車道劃分-分向,車道劃分-分道1,車道劃分-分道2,車道劃分-分道3,事故類型及型態,性別,年齡,受傷程度,主要傷處,安全帽,行動電話,車輛用途,當事者行動狀態,駕駛資格情形,駕駛執照種類,飲酒情形,車輛撞擊部位1,車輛撞擊部位2,肇因碼-個別,肇因碼-主要,個人肇逃否,職業,旅次目的,座標-X,座標-Y
111,3,26,9,50,2,08士林區,士林區社中街與社中街298巷口,0,0,1,1,B03,6,1,5,30,4,1,1,4,4,3,5,4,4,9,5,5,2,15,1,50,3,10,1,1,7,9,1,8,1,8,,6,6,1,22,9,121.5057064,25.09213952
111,3,26,9,50,2,08士林區,士林區社中街與社中街298巷口,0,0,1,2,C03,6,1,5,30,4,1,1,4,4,3,5,4,4,9,5,5,2,15,2,49,2,9,1,1,7,9,1,10,1,11,,23,6,1,22,9,121.5057064,25.09213952
111,3,26,9,50,2,08士林區,士林區社中街與社中街298巷口,0,0,1,3,B11,6,1,5,30,4,1,1,4,4,3,5,4,4,9,5,5,2,15,1,38,4,11,3,4,7,15,7,19,9,15,,38,6,2,22,9,121.5057064,25.09213952
111,3,26,10,35,2,05中正區,中正區重慶北路1段與鄭州路口,0,0,1,1,C03,6,1,5,40,4,2,1,4,4,5,7,1,1,9,4,5,2,13,1,33,2,9,1,1,7,9,1,10,2,11,,16,16,1,22,9,121.5136604,25.04919335
111,3,26,10,35,2,05中正區,中正區重慶北路1段與鄭州路口,0,0,1,2,C03,6,1,5,40,4,2,1,4,4,5,7,1,1,9,4,5,2,13,1,49,3,10,1,1,7,9,1,10,2,11,,16,16,1,22,9,121.5136604,25.04919335
111,3,26,10,35,2,05中正區,中正區重慶北路1段與鄭州路口,0,0,1,3,C03,6,1,5,40,4,2,1,4,4,5,7,1,1,9,4,5,2,13,1,31,3,10,1,1,7,9,1,10,2,13,,44,16,1,22,9,121.5136604,25.04919335
111,3,26,10,35,2,05中正區,中正區重慶北路1段與鄭州路口,0,0,1,4,B03,6,1,5,40,4,2,1,4,4,5,7,1,1,9,4,5,2,13,1,33,3,10,1,1,7,8,1,8,11,15,,7,16,1,22,9,121.5136604,25.04919335
111,3,26,10,35,2,09北投區,北投區紗帽路20-40號與紗帽路口,0,0,1,1,B03,6,1,8,30,3,1,1,4,4,5,7,4,4,10,5,5,2,16,1,45,3,10,3,4,7,6,1,10,1,8,,43,43,1,22,9,121.532268,25.141342
111,3,26,10,35,2,09北投區,北投區紗帽路20-40號與紗帽路口,0,0,1,2,C03,6,1,8,30,3,1,1,4,4,5,7,4,4,10,5,5,2,16,2,44,2,9,3,4,7,9,1,10,1,12,,43,43,1,22,9,121.532268,25.141342
111,3,26,10,45,2,09北投區,北投區承德路7段280巷與無名巷口,0,0,1,1,B03,8,4,5,0,4,1,1,5,4,5,7,4,4,10,5,5,1,16,1,42,3,10,1,1,7,9,1,8,2,8,,6,6,1,22,9,121.5064766,25.11649057
111,3,26,10,45,2,09北投區,北投區承德路7段280巷與無名巷口,0,0,1,2,C03,8,4,5,0,4,1,1,5,4,5,7,4,4,10,5,5,1,16,2,41,2,8,1,1,7,9,1,10,2,11,,14,6,1,22,9,121.5064766,25.11649057
111,3,26,10,51,2,04大安區,大安區建國南路2段151巷與建國南路2段口,0,0,1,1,B03,7,1,5,50,4,1,1,4,4,5,7,2,1,1,3,5,2,16,1,44,4,11,3,4,7,6,7,19,11,15,,9,9,2,22,9,121.5378719,25.02878609
111,3,26,10,51,2,04大安區,大安區建國南路2段151巷與建國南路2段口,0,0,1,2,C04,7,1,5,50,4,1,1,4,4,5,7,2,1,1,3,5,2,16,1,27,2,9,1,1,7,9,1,10,1,14,,14,9,1,22,9,121.5378719,25.02878609
111,3,26,11,9,2,07信義區,信義區忠孝東路4段569號,0,0,1,1,H02,7,1,5,50,14,9,1,5,4,5,7,4,4,1,4,5,2,7,2,59,3,10,3,4,7,19,8,20,10,16,,56,56,1,22,9,121.5646669,25.0417287
111,3,26,11,9,2,07信義區,信義區忠孝東路4段569號,0,0,1,2,B03,7,1,5,50,14,9,1,5,4,5,7,4,4,1,4,5,2,7,1,45,3,10,3,4,7,14,1,8,1,2,,40,56,1,22,9,121.5646669,25.0417287
111,3,26,11,9,2,07信義區,信義區忠孝東路4段569號,0,0,1,3,C03,7,1,5,50,14,9,1,5,4,5,7,4,4,1,4,5,2,7,1,26,2,9,3,4,7,9,1,10,1,14,,44,56,1,22,9,121.5646669,25.0417287
111,3,26,11,17,2,03中山區,中山區市民大道3段與八德路2段口,0,0,1,1,B01,6,1,5,50,4,1,1,4,4,5,7,2,1,9,4,4,2,17,1,59,3,10,1,4,7,8,1,4,1,15,,7,7,1,22,9,121.5345091,25.0448936
111,3,26,11,17,2,03中山區,中山區市民大道3段與八德路2段口,0,0,1,2,C03,6,1,5,50,4,1,1,4,4,5,7,2,1,9,4,4,2,17,1,32,2,9,1,4,7,9,1,10,1,15,,42,7,1,22,9,121.5345091,25.0448936
111,3,26,11,25,2,10文山區,文山區興隆路3段與興德路口,0,0,1,2,C04,7,1,5,50,3,1,1,4,4,5,7,4,4,1,4,5,2,3,2,61,3,10,1,1,7,9,1,11,1,11,,23,51,1,22,9,121.5550111,25.0007602
111,3,26,11,25,2,10文山區,文山區興隆路3段與興德路口,0,0,1,1,H01,7,1,5,50,3,1,1,4,4,5,7,4,4,1,4,5,2,3,2,67,2,7,4,1,8,16,8,20,10,16,,51,51,1,22,9,121.5550111,25.0007602
111,3,26,11,27,2,12內湖區,內湖區文德路66巷11弄與文德路90巷口口,0,0,1,1,B03,7,1,5,30,4,1,1,5,4,5,7,4,4,10,5,5,2,15,1,64,3,10,1,1,7,13,1,8,1,15,,38,38,1,22,9,121.5819876,25.0779568
111,3,26,11,27,2,12內湖區,內湖區文德路66巷11弄與文德路90巷口口,0,0,1,2,B03,7,1,5,30,4,1,1,5,4,5,7,4,4,10,5,5,2,15,2,37,3,10,1,1,7,9,1,8,1,4,,6,38,1,22,9,121.5819876,25.0779568
111,3,26,11,27,2,12內湖區,內湖區文德路66巷11弄與文德路90巷口口,0,0,1,3,C03,7,1,5,30,4,1,1,5,4,5,7,4,4,10,5,5,2,15,1,42,2,5,1,1,7,9,1,10,1,11,,14,38,1,22,9,121.5819876,25.0779568
111,3,26,11,27,2,12內湖區,內湖區文德路66巷11弄與文德路90巷口口,0,0,1,4,B03,7,1,5,30,4,1,1,5,4,5,7,4,4,10,5,5,2,15,1,65,3,10,1,1,7,15,1,8,1,15,,38,38,1,22,9,121.5819876,25.0779568
111,3,26,11,49,2,07信義區,信義區松山路541巷19號,0,0,1,1,C03,7,1,5,30,14,9,5,5,4,5,7,4,4,10,5,5,1,11,2,75,2,8,1,1,7,9,4,11,1,14,,44,44,1,22,9,121.5788791,25.03782952
111,3,26,11,49,2,07信義區,信義區松山路541巷19號,0,0,1,2,C03,7,1,5,30,14,9,5,5,4,5,7,4,4,10,5,5,1,11,1,53,3,10,1,1,7,9,1,10,1,14,,44,44,1,22,9,121.5788791,25.03782952
111,3,26,11,56,2,01大同區,大同區承德路3段與酒泉街口,0,0,2,1,C04,8,1,5,30,4,2,1,5,4,5,7,2,1,10,5,5,1,12,1,67,2,9,1,1,7,15,1,8,2,14,,17,17,1,22,9,121.51847,25.07055347
111,3,26,11,56,2,01大同區,大同區承德路3段與酒泉街口,0,0,2,2,C03,8,1,5,30,4,2,1,5,4,5,7,2,1,10,5,5,1,12,2,25,2,9,1,1,7,9,1,10,2,12,,17,17,1,22,9,121.51847,25.07055347
111,3,26,11,58,2,01大同區,大同區民權西路266號,0,0,4,1,C03,7,1,5,50,14,9,1,4,4,5,7,1,1,1,4,5,2,13,2,47,2,8,1,1,7,9,4,11,1,11,,16,16,1,22,9,121.5121914,25.06281387
111,3,26,11,58,2,01大同區,大同區民權西路266號,0,0,4,2,C03,7,1,5,50,14,9,1,4,4,5,7,1,1,1,4,5,2,13,2,34,2,5,1,1,7,9,1,9,1,13,,44,16,1,22,9,121.5121914,25.06281387
111,3,26,11,58,2,01大同區,大同區民權西路266號,0,0,4,3,H02,7,1,5,50,14,9,1,4,4,5,7,1,1,1,4,5,2,13,2,9,2,8,1,5,7,21,8,20,10,16,,67,16,1,22,9,121.5121914,25.06281387
111,3,26,11,58,2,01大同區,大同區民權西路266號,0,0,4,4,H02,7,1,5,50,14,9,1,4,4,5,7,1,1,1,4,5,2,13,2,34,2,8,1,5,7,21,8,20,10,16,,67,16,1,22,9,121.5121914,25.06281387
111,3,26,12,8,2,03中山區,中山區新生北路3段與農安街口迴轉道,0,0,2,1,C03,6,1,5,50,3,2,1,4,4,5,7,4,4,1,4,5,2,12,1,30,2,9,1,1,7,5,1,10,1,14,,8,8,1,22,9,121.5275949,25.06429738
111,3,26,12,8,2,03中山區,中山區新生北路3段與農安街口迴轉道,0,0,2,2,C03,6,1,5,50,3,2,1,4,4,5,7,4,4,1,4,5,2,12,1,43,2,9,1,1,7,9,1,10,1,12,,14,8,1,22,9,121.5275949,25.06429738
111,3,26,12,12,2,09北投區,北投區實踐街92號,0,0,1,1,C03,8,1,5,50,14,9,1,5,4,5,7,2,1,4,1,5,2,9,1,26,3,10,1,1,7,5,1,10,1,11,,23,23,1,22,9,121.5114476,25.11529307
111,3,26,12,12,2,09北投區,北投區實踐街92號,0,0,1,2,H01,8,1,5,50,14,9,1,5,4,5,7,2,1,4,1,5,2,9,2,40,2,8,4,5,8,16,8,20,1,16,,60,23,1,22,9,121.5114476,25.11529307
111,3,26,12,15,2,10文山區,文山區木新路3段278巷與木新路3段310巷14弄口,0,0,2,1,C03,7,1,5,30,14,9,2,5,4,5,7,4,4,10,5,5,2,17,1,44,2,7,1,4,7,5,1,10,2,11,,8,8,1,22,9,121.5577247,24.9824834
111,3,26,12,15,2,10文山區,文山區木新路3段278巷與木新路3段310巷14弄口,0,0,2,2,C03,7,1,5,30,14,9,2,5,4,5,7,4,4,10,5,5,2,17,1,50,2,9,1,4,7,9,1,10,2,12,,14,8,1,22,9,121.5577247,24.9824834
111,3,26,12,15,2,10文山區,文山區木新路3段278巷與木新路3段310巷14弄口,0,0,2,3,C03,7,1,5,30,14,9,2,5,4,5,7,4,4,10,5,5,2,17,2,21,3,10,1,4,7,13,1,10,11,14,,38,8,1,22,9,121.5577247,24.9824834
111,3,26,12,15,2,10文山區,文山區景興路42巷8弄與三福街9巷口,0,0,2,1,C04,7,1,5,30,5,1,1,5,4,5,7,4,4,10,5,5,2,15,2,70,2,9,1,1,7,9,1,8,1,11,,6,6,1,22,9,121.5427812,24.99750015
111,3,26,12,15,2,10文山區,文山區景興路42巷8弄與三福街9巷口,0,0,2,2,C03,7,1,5,30,5,1,1,5,4,5,7,4,4,10,5,5,2,15,2,24,2,9,1,1,7,9,1,10,1,14,,14,6,1,22,9,121.5427812,24.99750015
111,3,26,12,49,2,12內湖區,內湖區成功路2段與成功路2段245巷口,0,0,1,1,C04,8,1,5,50,3,2,1,5,4,5,7,4,4,1,4,5,2,13,1,60,2,9,1,1,7,6,1,10,1,13,,44,44,1,22,9,121.5909237,25.06801433
111,3,26,12,49,2,12內湖區,內湖區成功路2段與成功路2段245巷口,0,0,1,2,C03,8,1,5,50,3,2,1,5,4,5,7,4,4,1,4,5,2,13,2,44,3,10,1,1,7,9,1,10,1,11,,16,44,1,22,9,121.5909237,25.06801433
111,3,26,13,25,2,03中山區,中山區北安路595巷30號,0,0,1,1,B03,6,1,5,30,13,9,1,4,4,5,7,4,4,10,5,5,2,17,1,27,3,10,1,1,7,14,1,8,1,2,,40,40,1,22,9,121.5470628,25.08212719
111,3,26,13,25,2,03中山區,中山區北安路595巷30號,0,0,1,2,C03,6,1,5,30,13,9,1,4,4,5,7,4,4,10,5,5,2,17,1,61,2,9,1,1,7,9,1,10,1,14,,44,40,1,22,9,121.5470628,25.08212719
111,3,26,13,25,2,03中山區,中山區北安路595巷30號,0,0,1,3,H02,6,1,5,30,13,9,1,4,4,5,7,4,4,10,5,5,2,17,2,30,3,10,1,5,7,19,8,20,10,16,,56,40,1,22,9,121.5470628,25.08212719
111,3,26,13,40,2,01大同區,大同區民權西路與承德路2段口,0,0,2,1,C03,6,1,5,50,4,1,1,4,4,5,7,1,1,1,4,5,2,12,2,21,2,9,1,1,7,8,1,10,1,13,,7,7,1,22,9,121.5184766,25.06300105
111,3,26,13,40,2,01大同區,大同區民權西路與承德路2段口,0,0,2,2,C03,6,1,5,50,4,1,1,4,4,5,7,1,1,1,4,5,2,12,1,32,2,9,1,1,7,9,1,10,1,15,,44,7,1,22,9,121.5184766,25.06300105
111,3,26,13,48,2,01大同區,大同區重慶北路2段與涼州街口,0,0,1,1,,6,1,5,50,4,1,1,4,4,5,7,2,1,1,5,5,2,17,4,,4,11,3,4,7,15,7,19,11,15,,43,43,2,22,9,121.5136312,25.0607873
111,3,26,13,48,2,01大同區,大同區重慶北路2段與涼州街口,0,0,1,2,B01,6,1,5,50,4,1,1,4,4,5,7,2,1,1,5,5,2,17,1,53,3,10,1,1,7,7,1,4,1,7,,43,43,1,22,9,121.5136312,25.0607873
111,3,26,13,48,2,01大同區,大同區重慶北路2段與涼州街口,0,0,1,3,C03,6,1,5,50,4,1,1,4,4,5,7,2,1,1,5,5,2,17,1,45,2,9,1,1,7,9,1,10,1,11,,43,43,1,22,9,121.5136312,25.0607873
111,3,26,13,52,2,11南港區,南港區中坡北路與松隆路口,0,0,2,1,B03,6,1,5,50,3,1,1,4,4,5,7,1,1,8,3,5,2,12,2,49,3,10,3,4,7,9,1,8,2,2,,42,42,2,22,9,121.580216,25.04823478
111,3,26,13,52,2,11南港區,南港區中坡北路與松隆路口,0,0,2,2,C03,6,1,5,50,3,1,1,4,4,5,7,1,1,8,3,5,2,12,2,18,2,8,3,4,7,7,1,10,2,14,,7,42,1,22,9,121.580216,25.04823478
111,3,26,13,52,2,11南港區,南港區中坡北路與松隆路口,0,0,2,3,H02,6,1,5,50,3,1,1,4,4,5,7,1,1,8,3,5,2,12,1,19,2,8,4,4,7,21,8,20,10,16,,67,42,1,22,9,121.580216,25.04823478
111,3,26,14,10,2,07信義區,信義區信義路5段11號,0,0,1,1,C03,6,1,5,50,14,9,1,4,4,5,7,4,4,1,4,5,1,18,2,28,2,9,1,1,7,9,1,10,1,14,,42,42,1,22,9,121.5658389,25.03293714
111,3,26,14,10,2,07信義區,信義區信義路5段11號,0,0,1,2,,6,1,5,50,14,9,1,4,4,5,7,4,4,1,4,5,1,18,3,,,,,,,,,,,,,67,42,1,,,121.5658389,25.03293714
111,3,26,14,19,2,08士林區,士林區延平北路5段285巷與延平北路5段257巷4弄口,0,0,1,1,F01,8,1,5,30,3,2,1,5,4,5,7,4,4,10,5,5,1,16,1,28,2,9,1,1,7,6,8,20,1,16,,9,9,1,22,9,121.5086364,25.08541323
111,3,26,14,19,2,08士林區,士林區延平北路5段285巷與延平北路5段257巷4弄口,0,0,1,2,B03,8,1,5,30,3,2,1,5,4,5,7,4,4,10,5,5,1,16,1,40,3,10,1,1,7,9,1,8,1,8,,44,9,1,22,9,121.5086364,25.08541323
111,3,26,14,29,2,07信義區,信義區基隆路2段149號,0,0,1,1,C03,6,1,5,50,14,9,1,4,4,5,7,4,4,1,4,5,1,12,4,,4,11,3,4,7,15,7,19,11,15,,43,43,2,22,9,121.5553733,25.0267879
111,3,26,14,29,2,07信義區,信義區基隆路2段149號,0,0,1,2,C03,6,1,5,50,14,9,1,4,4,5,7,4,4,1,4,5,1,12,2,39,2,9,3,4,7,9,1,10,2,14,,44,43,1,22,9,121.5553733,25.0267879
111,3,26,14,45,2,06松山區,松山區敦化北路199號長庚醫院前,0,0,1,1,B03,7,1,5,50,14,7,2,4,4,5,7,1,1,4,1,3,2,13,1,21,2,8,1,1,7,9,1,8,1,1,,42,42,1,22,9,121.5489947,25.05570617
111,3,26,14,45,2,06松山區,松山區敦化北路199號長庚醫院前,0,0,1,2,B03,7,1,5,50,14,7,2,4,4,5,7,1,1,4,1,3,2,13,1,37,3,10,1,1,7,14,1,8,1,3,,44,42,1,22,9,121.5489947,25.05570617
111,3,26,15,19,2,07信義區,信義區中坡南路217號,0,0,2,1,B03,7,1,5,50,14,8,1,5,4,5,7,4,4,9,5,4,2,16,1,45,3,10,1,1,7,8,1,8,2,2,,7,7,1,22,9,121.5852489,25.04109056
111,3,26,15,19,2,07信義區,信義區中坡南路217號,0,0,2,2,C03,7,1,5,50,14,8,1,5,4,5,7,4,4,9,5,4,2,16,1,45,2,9,1,1,7,9,1,10,2,14,,16,7,1,22,9,121.5852489,25.04109056
111,3,26,15,19,2,07信義區,信義區中坡南路217號,0,0,2,3,C03,7,1,5,50,14,8,1,5,4,5,7,4,4,9,5,4,2,16,1,44,2,8,1,1,7,13,1,10,1,14,,38,7,1,22,9,121.5852489,25.04109056
111,3,26,15,57,2,06松山區,松山區撫遠街255巷31號,0,0,1,1,B01,7,1,5,30,14,9,1,5,4,5,7,4,4,10,5,5,2,3,1,60,3,10,1,4,7,6,1,8,2,2,,15,15,1,22,9,121.5684346,25.06165225
111,3,26,15,57,2,06松山區,松山區撫遠街255巷31號,0,0,1,2,H01,7,1,5,30,14,9,1,5,4,5,7,4,4,10,5,5,2,3,2,70,2,9,4,5,8,16,8,20,10,16,,53,15,1,22,9,121.5684346,25.06165225
111,3,26,16,53,2,04大安區,大安區金華街199巷3弄與麗水街口,0,0,1,1,B03,6,1,5,30,4,1,1,4,4,5,7,4,4,9,4,5,2,15,1,44,3,10,1,1,7,9,1,8,2,1,,4,4,1,21,8,121.5286264,25.03058417
111,3,26,16,53,2,04大安區,大安區金華街199巷3弄與麗水街口,0,0,1,2,C03,6,1,5,30,4,1,1,4,4,5,7,4,4,9,4,5,2,15,1,18,2,9,1,1,7,9,1,10,2,12,,13,4,1,21,8,121.5286264,25.03058417
111,3,26,16,55,2,02萬華區,萬華區西寧南路與長沙街2段口,0,0,4,1,C03,6,1,5,50,14,9,1,4,4,5,7,1,1,10,5,5,2,17,1,21,2,5,3,4,7,5,1,10,1,14,,8,8,1,22,9,121.5060744,25.04069946
111,3,26,16,55,2,02萬華區,萬華區西寧南路與長沙街2段口,0,0,4,2,C03,6,1,5,50,14,9,1,4,4,5,7,1,1,10,5,5,2,17,2,20,2,8,3,4,7,9,1,10,1,12,,42,8,1,22,9,121.5060744,25.04069946
111,3,26,16,55,2,02萬華區,萬華區西寧南路與長沙街2段口,0,0,4,3,H02,6,1,5,50,14,9,1,4,4,5,7,1,1,10,5,5,2,17,2,20,2,2,4,5,7,21,8,20,10,16,,67,8,1,22,9,121.5060744,25.04069946
111,3,26,16,55,2,02萬華區,萬華區西寧南路與長沙街2段口,0,0,4,4,H02,6,1,5,50,14,9,1,4,4,5,7,1,1,10,5,5,2,17,2,21,2,8,4,5,7,21,8,20,10,16,,67,8,1,22,9,121.5060744,25.04069946
111,3,26,17,28,2,03中山區,中山區撫順街與中山北路3段36巷口,0,0,1,1,B01,6,3,5,30,3,1,1,4,4,5,7,4,4,5,5,5,2,17,1,53,3,10,1,1,7,5,1,4,1,1,,8,8,1,22,9,121.522158,25.063845
111,3,26,17,28,2,03中山區,中山區撫順街與中山北路3段36巷口,0,0,1,2,C03,6,3,5,30,3,1,1,4,4,5,7,4,4,5,5,5,2,17,1,31,2,7,1,1,7,9,1,10,1,11,,44,8,1,22,9,121.522158,25.063845
111,3,26,17,39,2,09北投區,北投區北投路1段西安橋往士林,0,0,1,1,C03,6,1,5,50,8,9,1,4,4,5,7,4,4,8,5,5,1,13,1,25,2,9,1,1,7,15,1,10,1,12,,43,43,1,22,9,121.5013103,25.12337713
111,3,26,17,39,2,09北投區,北投區北投路1段西安橋往士林,0,0,1,2,B03,6,1,5,50,8,9,1,4,4,5,7,4,4,8,5,5,1,13,1,33,3,10,1,1,7,15,1,8,1,6,,43,43,1,22,9,121.5013103,25.12337713
111,3,26,17,49,2,03中山區,中山區民權東路2段與吉林路口,0,0,1,1,B03,6,1,5,50,4,2,1,4,4,5,7,2,1,9,4,5,2,3,1,73,3,10,1,4,7,6,1,8,1,2,,15,15,1,22,9,121.5302977,25.0626586
111,3,26,17,49,2,03中山區,中山區民權東路2段與吉林路口,0,0,1,2,H01,6,1,5,50,4,2,1,4,4,5,7,2,1,9,4,5,2,3,2,69,2,9,4,5,8,16,8,20,10,16,,67,15,1,22,9,121.5302977,25.0626586
111,3,26,17,50,2,05中正區,中正區貴陽街1段58號前,0,0,2,1,H01,6,1,5,0,14,9,1,4,4,5,6,4,4,9,4,5,1,2,2,53,2,9,4,5,8,16,8,20,10,16,,51,51,1,22,9,121.5093917,25.03901604
111,3,26,17,50,2,05中正區,中正區貴陽街1段58號前,0,0,2,2,C03,6,1,5,0,14,9,1,4,4,5,6,4,4,9,4,5,1,2,1,29,2,8,1,1,7,9,1,10,2,11,,23,51,1,22,9,121.5093917,25.03901604
111,3,26,18,4,2,05中正區,中正區忠孝西路1段72號對面,0,0,1,1,A04,6,3,5,50,14,10,1,4,4,5,7,4,4,1,4,1,2,9,1,51,3,10,1,1,7,9,1,2,2,2,,44,44,1,22,9,121.5138406,25.04735393
111,3,26,18,4,2,05中正區,中正區忠孝西路1段72號對面,0,0,1,2,H01,6,3,5,50,14,10,1,4,4,5,7,4,4,1,4,1,2,9,2,72,2,9,4,5,8,20,8,20,10,16,,60,44,1,22,9,121.5138406,25.04735393
111,3,26,18,20,2,07信義區,信義區忠孝東路5段與松仁路口,0,0,1,1,B01,6,1,5,50,4,2,1,4,4,5,7,2,1,1,4,1,2,9,1,49,3,10,1,1,7,6,1,4,1,1,,15,15,1,22,9,121.5683862,25.04097096
111,3,26,18,20,2,07信義區,信義區忠孝東路5段與松仁路口,0,0,1,2,H01,6,1,5,50,4,2,1,4,4,5,7,2,1,1,4,1,2,9,1,23,2,8,4,5,8,16,8,20,10,16,,67,15,1,22,9,121.5683862,25.04097096
111,3,26,18,25,2,05中正區,中正區永福橋思源街匝道,0,0,2,1,C03,6,3,5,50,12,9,1,4,4,5,7,4,4,5,5,5,2,12,1,24,3,10,1,1,7,4,1,10,1,12,,23,23,1,22,9,121.5285918,25.01212072
111,3,26,18,25,2,05中正區,中正區永福橋思源街匝道,0,0,2,2,C03,6,3,5,50,12,9,1,4,4,5,7,4,4,5,5,5,2,12,1,39,2,9,1,1,7,9,1,10,1,12,,44,23,1,22,9,121.5285918,25.01212072
111,3,26,18,25,2,05中正區,中正區永福橋思源街匝道,0,0,2,3,F01,6,3,5,50,12,9,1,4,4,5,7,4,4,5,5,5,2,12,1,43,2,9,1,1,7,9,8,20,11,16,,44,23,1,22,9,121.5285918,25.01212072
111,3,26,18,30,2,12內湖區,內湖區成功路3段與星雲街口,0,0,2,1,C03,6,1,5,50,4,1,1,4,4,5,7,1,1,1,5,5,2,17,1,18,2,8,1,1,7,9,1,10,1,11,,23,23,1,22,9,121.5899908,25.07739195
111,3,26,18,30,2,12內湖區,內湖區成功路3段與星雲街口,0,0,2,2,C03,6,1,5,50,4,1,1,4,4,5,7,1,1,1,5,5,2,17,1,37,3,10,1,1,7,15,1,10,1,13,,42,23,1,22,9,121.5899908,25.07739195
111,3,26,18,30,2,12內湖區,內湖區成功路3段與星雲街口,0,0,2,3,H02,6,1,5,50,4,1,1,4,4,5,7,1,1,1,5,5,2,17,2,16,2,8,1,5,7,20,8,20,10,16,,67,23,1,22,9,121.5899908,25.07739195
111,3,26,18,35,2,04大安區,大安區建國南路1段與建國南路1段307巷口,0,0,1,1,B03,6,3,5,50,3,2,1,4,4,5,7,4,4,8,3,5,1,12,1,50,3,10,1,1,7,8,1,8,1,2,,7,7,1,22,9,121.538104,25.03520317
111,3,26,18,35,2,04大安區,大安區建國南路1段與建國南路1段307巷口,0,0,1,2,C03,6,3,5,50,3,2,1,4,4,5,7,4,4,8,3,5,1,12,2,45,2,9,1,1,7,9,1,10,1,14,,44,7,1,22,9,121.538104,25.03520317
111,3,26,19,55,2,06松山區,松山區健康路325巷26號,0,0,1,1,B02,6,3,5,30,4,1,1,4,4,5,7,4,4,9,4,5,2,17,1,46,3,10,1,1,7,9,1,8,1,15,,6,6,1,22,9,121.5671455,25.05648902
111,3,26,19,55,2,06松山區,松山區健康路325巷26號,0,0,1,2,C03,6,3,5,30,4,1,1,4,4,5,7,4,4,9,4,5,2,17,1,31,2,8,1,1,7,9,1,10,1,14,,44,6,1,22,9,121.5671455,25.05648902
111,3,26,20,16,2,08士林區,士林區中正路與重慶北路4段口,0,0,1,1,C03,6,3,5,50,3,2,1,4,4,5,7,4,4,1,4,5,1,17,1,76,2,9,1,1,7,7,1,10,9,14,,7,7,1,21,8,121.5100334,25.08674441
111,3,26,20,16,2,08士林區,士林區中正路與重慶北路4段口,0,0,1,2,B03,6,3,5,50,3,2,1,4,4,5,7,4,4,1,4,5,1,17,2,43,3,10,1,1,7,9,1,8,2,2,,44,7,1,21,8,121.5100334,25.08674441
111,3,26,20,21,2,12內湖區,內湖區內湖路1段與內湖路1段91巷口,0,0,1,1,B03,6,3,5,50,4,1,1,4,4,5,7,1,1,1,4,4,2,15,1,33,3,10,1,1,7,11,1,8,1,2,,25,25,1,22,9,121.5611867,25.08449942
111,3,26,20,21,2,12內湖區,內湖區內湖路1段與內湖路1段91巷口,0,0,1,2,C04,6,3,5,50,4,1,1,4,4,5,7,1,1,1,4,4,2,15,1,27,2,9,1,1,7,9,6,18,1,11,,26,25,1,22,9,121.5611867,25.08449942
111,3,26,22,15,2,12內湖區,內湖區堤頂大道2段與港墘路口口,0,0,1,1,B03,6,4,5,70,3,1,1,4,4,5,7,2,1,1,4,2,2,16,1,37,3,10,1,1,7,9,1,8,2,6,,25,25,1,22,9,121.5722569,25.07453664
111,3,26,22,15,2,12內湖區,內湖區堤頂大道2段與港墘路口口,0,0,1,2,C03,6,4,5,70,3,1,1,4,4,5,7,2,1,1,4,2,2,16,2,30,2,7,1,1,7,5,1,10,2,14,,44,25,1,22,9,121.5722569,25.07453664
111,3,26,22,20,2,10文山區,文山區羅斯福路5段與萬隆街口,0,0,1,1,C03,6,3,5,50,4,1,1,4,4,5,1,1,1,1,4,5,2,17,1,27,2,7,1,1,7,7,1,10,1,14,,7,7,1,22,9,121.5396194,25.00042614
111,3,26,22,20,2,10文山區,文山區羅斯福路5段與萬隆街口,0,0,1,2,B02,6,3,5,50,4,1,1,4,4,5,1,1,1,1,4,5,2,17,2,43,3,10,1,1,7,9,1,8,1,8,6,23,7,1,22,9,121.5396194,25.00042614
111,3,26,22,20,2,10文山區,文山區羅斯福路5段與萬隆街口,0,0,1,3,B03,6,3,5,50,4,1,1,4,4,5,1,1,1,1,4,5,2,17,1,31,3,10,1,1,7,8,1,8,1,8,,23,7,1,22,9,121.5396194,25.00042614
111,3,26,22,26,2,02萬華區,萬華區康定路118號,0,0,2,3,H01,6,3,5,50,14,9,1,4,4,5,7,4,4,4,3,5,1,9,2,35,2,1,4,5,8,20,8,20,4,16,,60,44,1,22,9,121.5021113,25.04078407
111,3,26,22,26,2,02萬華區,萬華區康定路118號,0,0,2,2,H01,6,3,5,50,14,9,1,4,4,5,7,4,4,4,3,5,1,9,1,47,2,9,4,5,8,20,8,20,8,16,,60,44,1,22,9,121.5021113,25.04078407
111,3,26,22,26,2,02萬華區,萬華區康定路118號,0,0,2,1,A02,6,3,5,50,14,9,1,4,4,5,7,4,4,4,3,5,1,9,1,52,3,10,1,1,7,9,1,2,2,2,,44,44,1,22,9,121.5021113,25.04078407