發生年度,發生月,發生日,發生時-Hours,發生分,處理別-編號,區序,肇事地點,死亡人數,2-30日死亡人數,受傷人數,當事人序號,車種,天候,光線,道路類別,速限-速度限制,道路型態,事故位置,路面狀況1,路面狀況2,路面狀況3,道路障礙1,道路障礙2,號誌1,號誌2,車道劃分-分向,車道劃分-分道1,車道劃分-分道2,車道劃分-分道3,事故類型及型態,性別,年齡,受傷程度,主要傷處,安全帽,行動電話,車輛用途,當事者行動狀態,駕駛資格情形,駕駛執照種類,飲酒情形,車輛撞擊部位1,車輛撞擊部位2,肇因碼-個別,肇因碼-主要,個人肇逃否,職業,旅次目的,座標-X,座標-Y
111,3,26,23,0,2,03中山區,中山區中山北路3段與民族西路口,0,0,1,1,B01,6,3,5,50,4,1,1,4,4,5,7,2,1,1,4,5,2,17,1,61,3,10,3,4,7,8,1,4,1,15,,7,7,1,22,9,121.5227605,25.06834893
111,3,26,23,0,2,03中山區,中山區中山北路3段與民族西路口,0,0,1,2,C03,6,3,5,50,4,1,1,4,4,5,7,2,1,1,4,5,2,17,2,25,2,9,1,4,7,9,1,10,1,15,,13,7,1,22,9,121.5227605,25.06834893
111,3,27,0,20,2,05中正區,中正區羅斯福路2段與和平西路1段口,0,0,1,1,C03,6,3,5,50,5,1,1,4,4,5,7,2,1,3,4,5,2,17,1,25,4,11,3,4,7,15,7,19,11,15,,43,43,2,22,9,121.5221116,25.0271382
111,3,27,0,20,2,05中正區,中正區羅斯福路2段與和平西路1段口,0,0,1,2,C03,6,3,5,50,5,1,1,4,4,5,7,2,1,3,4,5,2,17,2,22,2,9,1,1,7,9,1,10,1,12,,43,43,1,22,9,121.5221116,25.0271382
111,3,27,1,20,2,07信義區,信義區松仁路與松壽路口,0,0,1,1,B02,6,3,5,50,3,2,1,4,4,5,7,1,1,1,4,5,2,3,1,34,3,10,1,1,7,6,1,8,2,1,,15,15,1,22,9,121.5682486,25.03588208
111,3,27,1,20,2,07信義區,信義區松仁路與松壽路口,0,0,1,2,H01,6,3,5,50,3,2,1,4,4,5,7,1,1,1,4,5,2,3,2,24,2,5,4,5,8,18,8,20,10,16,,67,15,1,22,9,121.5682486,25.03588208
111,3,27,1,21,2,02萬華區,萬華區西園路2段96巷28號前,0,0,1,1,C03,6,3,5,50,14,9,1,4,4,5,7,4,4,8,3,5,1,3,2,45,3,10,1,1,7,9,1,10,2,11,,43,43,1,22,9,121.4957583,25.03112101
111,3,27,1,21,2,02萬華區,萬華區西園路2段96巷28號前,0,0,1,2,H01,6,3,5,50,14,9,1,4,4,5,7,4,4,8,3,5,1,3,2,77,2,9,4,5,8,16,8,20,1,16,,67,43,1,22,9,121.4957583,25.03112101
111,3,27,1,45,2,02萬華區,萬華區西園路1段與桂林路口,0,0,1,1,B01,6,3,5,40,4,2,1,4,4,5,7,1,1,10,5,5,2,17,1,52,3,10,3,4,7,6,1,4,1,1,,6,6,1,22,9,121.4997079,25.0383404
111,3,27,1,45,2,02萬華區,萬華區西園路1段與桂林路口,0,0,1,2,F01,6,3,5,40,4,2,1,4,4,5,7,1,1,10,5,5,2,17,1,67,2,9,1,1,7,11,8,20,1,16,,23,6,1,22,9,121.4997079,25.0383404
111,3,27,4,58,2,10文山區,文山區萬芳路與萬利街口站牌,0,0,1,1,C03,6,3,5,50,14,9,1,4,4,5,7,4,4,9,4,5,1,9,1,21,3,10,1,1,7,9,1,10,11,11,,43,43,1,22,9,121.5662619,24.99877105
111,3,27,4,58,2,10文山區,文山區萬芳路與萬利街口站牌,0,0,1,2,H01,6,3,5,50,14,9,1,4,4,5,7,4,4,9,4,5,1,9,2,79,2,9,4,5,8,16,8,20,10,16,,67,43,1,22,9,121.5662619,24.99877105
111,3,27,6,15,2,03中山區,中山區樂群一路與敬業三路口,0,0,2,2,C03,6,1,5,50,4,1,1,4,4,5,7,1,1,1,4,5,1,17,1,35,2,9,1,4,7,9,1,10,2,14,,44,40,1,22,9,121.5566937,25.07719426
111,3,27,6,15,2,03中山區,中山區樂群一路與敬業三路口,0,0,2,3,H02,6,1,5,50,4,1,1,4,4,5,7,1,1,1,4,5,1,17,2,34,3,10,4,5,7,19,8,20,10,16,,56,40,1,22,9,121.5566937,25.07719426
111,3,27,6,15,2,03中山區,中山區樂群一路與敬業三路口,0,0,2,1,B03,6,1,5,50,4,1,1,4,4,5,7,1,1,1,4,5,1,17,1,49,3,10,1,4,7,14,1,8,2,6,,40,40,1,22,9,121.5566937,25.07719426
111,3,27,6,15,2,03中山區,中山區樂群一路與敬業三路口,0,0,2,4,H02,6,1,5,50,4,1,1,4,4,5,7,1,1,1,4,5,1,17,2,34,2,8,1,5,7,20,8,20,10,16,,67,40,1,22,9,121.5566937,25.07719426
111,3,27,7,45,2,03中山區,中山區建國北路3段與松江路469巷口,0,0,1,1,B12,8,1,5,50,4,1,1,5,4,5,7,2,1,5,2,5,2,11,1,31,3,10,1,1,7,5,1,8,1,8,,23,23,1,5,3,121.534335,25.06697428
111,3,27,7,45,2,03中山區,中山區建國北路3段與松江路469巷口,0,0,1,2,F01,8,1,5,50,4,1,1,5,4,5,7,2,1,5,2,5,2,11,2,62,2,9,1,1,7,9,8,20,1,16,,44,23,1,19,5,121.534335,25.06697428
111,3,27,8,5,2,12內湖區,內湖區新明路305號,0,0,4,1,B12,6,1,5,40,14,9,1,4,4,5,7,4,4,5,5,5,2,17,1,34,2,1,1,1,7,11,1,8,2,8,,6,6,1,22,9,121.5849769,25.05698295
111,3,27,8,5,2,12內湖區,內湖區新明路305號,0,0,4,2,B03,6,1,5,40,14,9,1,4,4,5,7,4,4,5,5,5,2,17,1,40,2,9,1,1,7,9,1,8,2,1,,13,6,1,22,9,121.5849769,25.05698295
111,3,27,8,5,2,12內湖區,內湖區新明路305號,0,0,4,3,B03,6,1,5,40,14,9,1,4,4,5,7,4,4,5,5,5,2,17,1,42,3,10,1,1,7,13,1,8,2,8,,44,6,1,22,9,121.5849769,25.05698295
111,3,27,8,5,2,12內湖區,內湖區新明路305號,0,0,4,4,H02,6,1,5,40,14,9,1,4,4,5,7,4,4,5,5,5,2,17,1,45,2,3,1,5,7,20,8,20,10,16,,67,6,1,22,9,121.5849769,25.05698295
111,3,27,8,5,2,12內湖區,內湖區新明路305號,0,0,4,5,H02,6,1,5,40,14,9,1,4,4,5,7,4,4,5,5,5,2,17,2,41,2,3,1,5,7,20,8,20,10,16,,67,6,1,22,9,121.5849769,25.05698295
111,3,27,8,35,2,02萬華區,萬華區環河南路1段與內江街口,0,0,2,1,C03,6,1,5,50,4,1,1,4,4,5,7,1,1,5,4,5,1,16,1,19,3,10,1,1,7,5,1,10,1,13,,25,25,1,22,9,121.5000905,25.04188568
111,3,27,8,35,2,02萬華區,萬華區環河南路1段與內江街口,0,0,2,2,C03,6,1,5,50,4,1,1,4,4,5,7,1,1,5,4,5,1,16,1,19,2,9,1,1,7,9,1,10,1,11,,44,25,1,22,9,121.5000905,25.04188568
111,3,27,8,35,2,02萬華區,萬華區環河南路1段與內江街口,0,0,2,3,H02,6,1,5,50,4,1,1,4,4,5,7,1,1,5,4,5,1,16,2,44,2,9,4,5,7,20,8,20,10,16,,67,25,1,22,9,121.5000905,25.04188568
111,3,27,8,50,2,01大同區,大同區西寧北路與鄭州路口,0,0,1,1,C03,6,1,5,0,4,1,1,4,4,5,7,2,1,1,2,5,2,18,2,30,2,8,1,1,7,5,1,10,9,14,,42,42,1,22,9,121.5082021,25.0506052
111,3,27,8,50,2,01大同區,大同區西寧北路與鄭州路口,0,0,1,2,,6,1,5,0,4,1,1,4,4,5,7,2,1,1,2,5,2,18,3,,,,,,,,,,,,,67,42,1,,,121.5082021,25.0506052
111,3,27,8,52,2,10文山區,文山區忠順街1段景美女中後門旁,0,0,2,1,C03,6,1,5,30,14,9,1,4,4,5,7,4,4,10,5,5,2,16,1,60,2,5,1,1,7,11,1,10,1,14,,10,10,1,22,9,121.5580821,24.98392505
111,3,27,8,52,2,10文山區,文山區忠順街1段景美女中後門旁,0,0,2,2,C03,6,1,5,30,14,9,1,4,4,5,7,4,4,10,5,5,2,16,2,25,2,8,1,1,7,9,1,10,1,11,,13,10,1,22,9,121.5580821,24.98392505
111,3,27,8,53,2,04大安區,大安區新生南路2段與新生南路2段46巷口,0,0,2,1,C03,6,1,5,50,3,1,1,4,4,5,7,4,4,10,4,5,2,17,1,24,2,9,1,1,7,9,1,10,1,11,,16,16,1,22,9,121.5340035,25.02930274
111,3,27,8,53,2,04大安區,大安區新生南路2段與新生南路2段46巷口,0,0,2,2,C03,6,1,5,50,3,1,1,4,4,5,7,4,4,10,4,5,2,17,2,30,2,8,1,1,7,9,1,10,1,13,,44,16,1,22,9,121.5340035,25.02930274
111,3,27,8,53,2,04大安區,大安區新生南路2段與新生南路2段46巷口,0,0,2,3,B03,6,1,5,50,3,1,1,4,4,5,7,4,4,10,4,5,2,17,2,69,3,10,1,1,7,6,1,8,1,15,,6,16,1,22,9,121.5340035,25.02930274
111,3,27,9,30,2,06松山區,松山區塔悠路與南京東路5段口,0,0,1,1,B03,7,1,5,50,5,1,1,4,4,5,7,2,1,1,4,5,2,17,1,55,3,10,1,1,7,10,1,8,9,15,,6,6,1,22,9,121.5703508,25.05145021
111,3,27,9,30,2,06松山區,松山區塔悠路與南京東路5段口,0,0,1,2,B01,7,1,5,50,5,1,1,4,4,5,7,2,1,1,4,5,2,17,1,47,2,7,1,1,7,6,1,4,9,15,,44,6,1,22,9,121.5703508,25.05145021
111,3,27,9,54,2,04大安區,大安區和平東路1段41巷與和平東路口側附近1段口,0,0,1,1,B03,6,1,5,50,4,2,1,4,4,5,7,1,1,3,4,5,2,13,1,31,3,10,1,1,7,11,1,8,1,7,,25,25,1,22,9,121.5237552,25.0270173
111,3,27,9,54,2,04大安區,大安區和平東路1段41巷與和平東路口側附近1段口,0,0,1,2,C03,6,1,5,50,4,2,1,4,4,5,7,1,1,3,4,5,2,13,2,26,2,9,1,1,7,9,1,10,1,11,,44,25,1,22,9,121.5237552,25.0270173
111,3,27,10,12,2,09北投區,北投區文林北路80巷59弄與文林北路94巷口,0,0,3,2,C03,7,1,5,30,4,1,1,4,4,5,7,4,4,9,5,5,2,15,1,22,2,8,1,1,7,9,1,10,1,11,,6,23,1,22,9,121.5190106,25.1067895
111,3,27,10,12,2,09北投區,北投區文林北路80巷59弄與文林北路94巷口,0,0,3,1,C03,7,1,5,30,4,1,1,4,4,5,7,4,4,9,5,5,2,15,1,35,2,9,1,1,7,9,1,10,1,11,,23,23,1,22,9,121.5190106,25.1067895
111,3,27,10,12,2,09北投區,北投區文林北路80巷59弄與文林北路94巷口,0,0,3,3,H02,7,1,5,30,4,1,1,4,4,5,7,4,4,9,5,5,2,15,2,21,2,9,1,1,7,20,8,20,10,16,,67,23,1,22,9,121.5190106,25.1067895
111,3,27,10,20,2,04大安區,大安區信義路4段與四維路口,0,0,1,1,B03,6,1,5,50,3,1,1,4,4,5,7,4,4,1,4,5,2,17,1,26,3,10,1,1,7,5,1,8,1,4,,8,8,1,22,9,121.5480558,25.03337244
111,3,27,10,20,2,04大安區,大安區信義路4段與四維路口,0,0,1,2,C03,6,1,5,50,3,1,1,4,4,5,7,4,4,1,4,5,2,17,1,36,2,8,1,1,7,9,1,10,1,11,,44,8,1,22,9,121.5480558,25.03337244
111,3,27,11,20,2,08士林區,士林區文林路85號,0,0,1,1,C03,7,1,5,0,14,9,1,5,4,5,7,4,4,5,5,5,1,17,1,23,2,9,1,1,7,12,1,10,1,15,,42,42,1,22,9,121.5259638,25.08751621
111,3,27,11,20,2,08士林區,士林區文林路85號,0,0,1,2,A04,7,1,5,0,14,9,1,5,4,5,7,4,4,5,5,5,1,17,1,58,3,10,1,1,7,8,1,2,9,15,,7,42,1,22,9,121.5259638,25.08751621
111,3,27,11,30,2,08士林區,士林區格致路095號電燈桿,0,0,1,1,C03,7,1,5,40,11,9,1,4,4,5,7,4,4,4,4,5,1,18,2,45,2,9,1,1,7,9,1,10,11,12,,42,42,1,22,9,121.5488977,25.14387325
111,3,27,11,30,2,08士林區,士林區格致路095號電燈桿,0,0,1,2,,7,1,5,40,11,9,1,4,4,5,7,4,4,4,4,5,1,18,3,,,,,,,,,,,,,67,42,1,,,121.5488977,25.14387325
111,3,27,12,0,2,10文山區,文山區木新路2段與無名巷口,0,0,1,1,B12,7,1,5,50,14,9,2,5,4,5,7,4,4,5,4,5,2,13,1,59,3,10,3,4,7,9,1,8,1,8,,23,23,1,22,9,121.569244,24.98412418
111,3,27,12,0,2,10文山區,文山區木新路2段與無名巷口,0,0,1,2,C03,7,1,5,50,14,9,2,5,4,5,7,4,4,5,4,5,2,13,2,22,2,8,1,4,7,14,1,10,1,13,,44,23,1,22,9,121.569244,24.98412418
111,3,27,12,5,2,10文山區,文山區木柵路2段138巷與興隆路4段101巷口,0,0,2,1,C03,6,1,5,30,4,1,1,4,4,5,7,3,1,9,4,5,2,15,1,69,2,9,1,1,7,9,1,10,2,11,,6,6,1,22,9,121.561983,24.9883116
111,3,27,12,5,2,10文山區,文山區木柵路2段138巷與興隆路4段101巷口,0,0,2,2,B03,6,1,5,30,4,1,1,4,4,5,7,3,1,9,4,5,2,15,2,44,2,7,1,1,7,9,1,8,2,4,,13,6,1,22,9,121.561983,24.9883116
111,3,27,12,55,2,01大同區,大同區重慶北路3段與民權西路口,0,0,2,1,B01,7,1,5,50,4,1,1,4,4,5,7,2,1,9,4,5,2,12,1,65,3,10,1,1,7,7,1,4,2,4,,7,7,1,22,9,121.5137097,25.06312219
111,3,27,12,55,2,01大同區,大同區重慶北路3段與民權西路口,0,0,2,2,C03,7,1,5,50,4,1,1,4,4,5,7,2,1,9,4,5,2,12,1,63,2,9,1,1,7,9,1,10,2,12,,23,7,1,22,9,121.5137097,25.06312219
111,3,27,12,55,2,01大同區,大同區重慶北路3段與民權西路口,0,0,2,3,H02,7,1,5,50,4,1,1,4,4,5,7,2,1,9,4,5,2,12,2,61,2,9,4,5,7,20,8,20,10,16,,67,7,1,22,9,121.5137097,25.06312219
111,3,27,13,12,2,03中山區,中山區林森北路376號,0,0,1,1,B03,7,1,5,50,4,2,1,5,4,5,7,1,1,4,3,5,1,16,1,34,3,10,3,4,7,5,1,8,1,2,,8,8,1,22,9,121.5255108,25.05783871
111,3,27,13,12,2,03中山區,中山區林森北路376號,0,0,1,2,C03,7,1,5,50,4,2,1,5,4,5,7,1,1,4,3,5,1,16,1,22,2,8,1,4,7,9,1,10,1,11,,44,8,1,22,9,121.5255108,25.05783871
111,3,27,13,37,2,10文山區,文山區木柵路3段48巷與木柵路3段66巷口,0,0,2,1,B03,8,1,5,50,4,2,1,5,4,5,7,2,1,9,4,5,1,17,1,61,3,10,1,1,7,6,1,8,1,5,,9,9,1,22,9,121.5660191,24.98700074
111,3,27,13,37,2,10文山區,文山區木柵路3段48巷與木柵路3段66巷口,0,0,2,2,C03,8,1,5,50,4,2,1,5,4,5,7,2,1,9,4,5,1,17,2,26,2,8,1,1,7,9,1,10,1,12,,44,9,1,22,9,121.5660191,24.98700074
111,3,27,13,37,2,10文山區,文山區木柵路3段48巷與木柵路3段66巷口,0,0,2,3,H02,8,1,5,50,4,2,1,5,4,5,7,2,1,9,4,5,1,17,2,54,2,7,1,5,7,21,8,20,10,15,,67,9,1,22,9,121.5660191,24.98700074
111,3,27,13,50,2,04大安區,大安區新生南路3段台大新南停車場旁,0,0,1,1,C03,7,1,5,50,14,9,1,5,4,5,7,4,4,1,3,4,2,11,1,21,3,10,3,4,7,6,1,10,1,12,,9,9,1,22,9,121.533868,25.01913077
111,3,27,13,50,2,04大安區,大安區新生南路3段台大新南停車場旁,0,0,1,2,C03,7,1,5,50,14,9,1,5,4,5,7,4,4,1,3,4,2,11,1,60,2,9,3,4,7,9,1,10,1,11,,44,9,1,22,9,121.533868,25.01913077
111,3,27,15,50,2,05中正區,中正區思源街與永福橋口往永和,0,0,1,1,B02,6,1,5,50,8,9,1,4,4,5,7,4,4,5,4,5,2,17,1,65,4,11,3,4,7,7,7,19,11,15,,7,7,2,22,9,121.5277155,25.0112271
111,3,27,15,50,2,05中正區,中正區思源街與永福橋口往永和,0,0,1,2,C03,6,1,5,50,8,9,1,4,4,5,7,4,4,5,4,5,2,17,2,19,2,9,1,1,7,9,1,10,1,12,,13,7,1,22,9,121.5277155,25.0112271
111,3,27,16,2,2,04大安區,大安區忠孝東路3段與復興南路1段口,0,0,1,1,H02,6,1,5,50,4,2,1,4,4,5,7,2,1,1,4,5,2,9,2,57,3,10,4,5,7,19,8,20,10,16,,56,56,1,21,8,121.5433617,25.04153112
111,3,27,16,2,2,04大安區,大安區忠孝東路3段與復興南路1段口,0,0,1,2,C03,6,1,5,50,4,2,1,4,4,5,7,2,1,1,4,5,2,9,1,30,2,9,1,1,7,9,1,10,2,14,,44,56,1,21,8,121.5433617,25.04153112
111,3,27,16,2,2,04大安區,大安區忠孝東路3段與復興南路1段口,0,0,1,3,B03,6,1,5,50,4,2,1,4,4,5,7,2,1,1,4,5,2,9,1,59,3,10,1,1,7,14,1,8,2,2,,38,56,1,21,8,121.5433617,25.04153112
111,3,27,17,1,2,08士林區,士林區承德路5段與士商路口,0,0,1,1,B03,6,1,5,60,5,2,1,4,4,5,7,1,1,9,4,4,2,17,1,22,3,10,1,1,7,6,1,8,2,5,,9,9,1,22,9,121.5141386,25.09610278
111,3,27,17,1,2,08士林區,士林區承德路5段與士商路口,0,0,1,2,C03,6,1,5,60,5,2,1,4,4,5,7,1,1,9,4,4,2,17,1,50,2,9,1,1,7,9,1,10,2,11,,13,9,1,22,9,121.5141386,25.09610278
111,3,27,17,45,2,03中山區,中山區北安路與大直街口,0,0,1,1,B03,1,2,5,50,4,1,1,4,4,5,7,1,1,1,4,5,2,17,1,38,3,10,3,4,7,5,1,8,1,15,,6,6,1,22,9,121.5492748,25.08409484
111,3,27,17,45,2,03中山區,中山區北安路與大直街口,0,0,1,2,C03,1,2,5,50,4,1,1,4,4,5,7,1,1,1,4,5,2,17,1,21,2,8,3,4,7,9,1,10,1,15,,42,6,1,22,1,121.5492748,25.08409484
111,3,27,18,4,2,06松山區,松山區健康路與塔悠路口,0,0,1,1,C03,6,3,5,50,5,1,1,4,4,5,7,2,1,1,4,4,2,13,1,32,3,10,3,4,7,8,1,10,1,12,,7,7,1,22,9,121.5697035,25.05455888
111,3,27,18,4,2,06松山區,松山區健康路與塔悠路口,0,0,1,2,C03,6,3,5,50,5,1,1,4,4,5,7,2,1,1,4,4,2,13,1,31,2,9,3,4,7,9,1,10,1,11,,44,7,1,22,9,121.5697035,25.05455888
111,3,27,18,43,2,02萬華區,萬華區康定路與康定路372巷口,0,0,2,1,C03,6,3,5,50,4,2,1,4,4,5,7,2,1,4,3,5,1,3,1,30,2,9,1,1,7,9,1,10,2,11,,43,43,1,22,9,121.5010062,25.03408742
111,3,27,18,43,2,02萬華區,萬華區康定路與康定路372巷口,0,0,2,2,H01,6,3,5,50,4,2,1,4,4,5,7,2,1,4,3,5,1,3,2,71,2,9,4,5,8,16,8,20,1,16,,67,43,1,22,9,121.5010062,25.03408742
111,3,27,19,18,2,04大安區,大安區復興南路1段103號,0,0,1,1,C03,6,3,5,0,14,9,1,4,4,5,7,2,1,1,4,1,2,3,1,24,4,11,3,4,7,15,7,19,11,15,,25,25,2,22,9,121.5439098,25.0436832
111,3,27,19,18,2,04大安區,大安區復興南路1段103號,0,0,1,2,H01,6,3,5,0,14,9,1,4,4,5,7,2,1,1,4,1,2,3,1,30,2,9,4,5,8,16,8,20,10,16,,67,25,1,22,9,121.5439098,25.0436832
111,3,27,19,50,2,10文山區,文山區木柵路5段116號,0,0,2,1,C03,6,3,5,50,3,2,1,4,4,5,7,1,1,5,4,5,2,13,1,27,2,9,1,1,7,9,1,10,2,11,,43,43,1,22,9,121.5864524,25.0030661
111,3,27,19,50,2,10文山區,文山區木柵路5段116號,0,0,2,2,F02,6,3,5,50,3,2,1,4,4,5,7,1,1,5,4,5,2,13,2,49,2,9,1,1,7,9,8,20,10,16,,43,43,1,22,9,121.5864524,25.0030661
111,3,27,19,57,2,03中山區,中山區中山北路2段與德惠街口,0,0,1,1,B03,6,3,5,50,3,1,1,4,4,5,7,1,1,10,4,5,2,17,1,22,3,10,1,4,7,8,1,8,2,15,,7,7,1,22,9,121.5225586,25.06687784
111,3,27,19,57,2,03中山區,中山區中山北路2段與德惠街口,0,0,1,2,C03,6,3,5,50,3,1,1,4,4,5,7,1,1,10,4,5,2,17,2,25,2,9,1,4,7,9,1,10,2,12,,44,7,1,22,9,121.5225586,25.06687784
111,3,27,19,58,2,12內湖區,內湖區內湖路1段737巷10號前,0,0,1,1,C03,6,3,5,30,13,9,1,4,4,5,7,4,4,9,5,5,2,24,1,31,2,8,1,1,7,9,1,10,1,11,,43,43,1,22,9,121.5785013,25.07942575
111,3,27,19,58,2,12內湖區,內湖區內湖路1段737巷10號前,0,0,1,2,,6,3,5,30,13,9,1,4,4,5,7,4,4,9,5,5,2,24,3,,,,,,,,,,,,,67,43,1,,,121.5785013,25.07942575
111,3,27,20,1,2,12內湖區,內湖區堤外便道PU16A柱,0,0,1,1,,6,3,5,0,14,9,1,4,4,5,7,4,4,9,5,5,2,29,3,,,,,,,,,,,,,61,61,1,,,121.6134723,25.06531388
111,3,27,20,1,2,12內湖區,內湖區堤外便道PU16A柱,0,0,1,2,C03,6,3,5,0,14,9,1,4,4,5,7,4,4,9,5,5,2,29,1,24,2,9,1,1,7,9,1,10,2,11,,23,61,1,22,9,121.6134723,25.06531388
111,3,27,20,3,2,01大同區,大同區重慶北路3段與酒泉街口,0,0,1,1,B03,6,3,5,50,4,1,1,4,4,5,7,2,1,1,4,5,2,11,1,56,3,10,3,4,7,5,1,8,1,8,,8,8,1,22,9,121.5137298,25.07203293
111,3,27,20,3,2,01大同區,大同區重慶北路3段與酒泉街口,0,0,1,2,C03,6,3,5,50,4,1,1,4,4,5,7,2,1,1,4,5,2,11,1,21,2,9,1,4,7,9,1,10,1,14,,44,8,1,22,9,121.5137298,25.07203293
111,3,27,20,7,2,06松山區,松山區敦化北路與長春路口,0,0,1,1,B03,6,3,5,50,4,1,1,4,4,5,7,1,1,1,4,4,2,16,1,36,3,10,1,1,7,5,1,8,1,2,,25,25,1,22,9,121.5487411,25.0544379
111,3,27,20,7,2,06松山區,松山區敦化北路與長春路口,0,0,1,2,C03,6,3,5,50,4,1,1,4,4,5,7,1,1,1,4,4,2,16,1,24,2,9,1,1,7,9,1,10,1,11,,13,25,1,22,9,121.5487411,25.0544379
111,3,27,20,15,2,07信義區,信義區松山路494號,0,0,2,1,C03,6,1,5,30,14,9,1,4,4,5,7,4,4,5,2,5,2,13,1,21,2,9,1,1,7,9,1,10,1,11,,16,16,1,22,9,121.5780236,25.03849742
111,3,27,20,15,2,07信義區,信義區松山路494號,0,0,2,2,C03,6,1,5,30,14,9,1,4,4,5,7,4,4,5,2,5,2,13,2,30,2,6,1,1,7,9,1,10,1,13,,44,16,1,22,9,121.5780236,25.03849742
111,3,27,20,30,2,10文山區,文山區木柵路4段4號,0,0,1,2,C03,6,3,5,50,14,9,1,4,4,5,7,4,4,5,4,5,2,17,1,26,2,8,1,1,7,9,1,10,1,12,,43,43,1,22,9,121.5718343,24.99517296
111,3,27,20,30,2,10文山區,文山區木柵路4段4號,0,0,1,1,B01,6,3,5,50,14,9,1,4,4,5,7,4,4,5,4,5,2,17,1,26,3,10,1,1,7,7,1,4,1,4,,43,43,1,22,9,121.5718343,24.99517296
111,3,27,20,43,2,04大安區,大安區和平東路2段78號,0,0,1,1,C03,6,3,5,50,14,7,1,4,4,5,7,2,1,1,3,4,2,16,1,19,2,9,1,1,7,11,1,10,1,13,,10,10,1,22,9,121.5389405,25.0253815
111,3,27,20,43,2,04大安區,大安區和平東路2段78號,0,0,1,2,B03,6,3,5,50,14,7,1,4,4,5,7,2,1,1,3,4,2,16,1,42,3,10,1,1,7,9,1,8,1,5,,16,10,1,22,9,121.5389405,25.0253815
111,3,27,21,48,2,12內湖區,內湖區內湖路1段91巷與內湖路1段91巷38弄口口,0,0,1,1,B03,6,3,5,30,3,1,1,4,4,5,7,4,4,10,5,5,2,16,2,68,3,10,1,1,7,6,1,8,1,2,,9,9,1,22,9,121.5622432,25.08577423
111,3,27,21,48,2,12內湖區,內湖區內湖路1段91巷與內湖路1段91巷38弄口口,0,0,1,2,C04,6,3,5,30,3,1,1,4,4,5,7,4,4,10,5,5,2,16,2,26,2,9,1,1,7,9,1,10,1,14,,23,9,1,22,9,121.5622432,25.08577423
111,3,27,22,27,2,06松山區,松山區八德路3段與八德路3段106巷口,0,0,2,1,C03,6,3,5,50,4,1,1,4,4,5,7,4,4,9,4,5,2,13,1,17,2,8,1,4,7,9,2,18,1,11,,23,23,1,22,9,121.5536439,25.04818462
111,3,27,22,27,2,06松山區,松山區八德路3段與八德路3段106巷口,0,0,2,2,C04,6,3,5,50,4,1,1,4,4,5,7,4,4,9,4,5,2,13,2,47,2,8,1,1,7,14,1,10,1,13,,38,23,1,22,9,121.5536439,25.04818462
111,3,27,22,37,2,08士林區,士林區中山北路5段與中正路口,0,0,2,1,H01,6,3,5,0,4,2,1,4,4,5,7,2,1,1,4,5,1,9,1,64,2,6,4,5,8,20,8,20,10,16,,52,52,1,22,9,121.5280086,25.0958272
111,3,27,22,37,2,08士林區,士林區中山北路5段與中正路口,0,0,2,2,C03,6,3,5,0,4,2,1,4,4,5,7,2,1,1,4,5,1,9,1,58,2,9,1,1,7,9,1,10,2,11,,15,52,1,22,9,121.5280086,25.0958272
111,3,27,22,42,2,02萬華區,萬華區艋舺大道與西園路2段口口,0,0,1,1,C03,6,3,5,50,4,1,1,4,4,5,7,2,1,1,4,5,2,13,2,25,2,9,1,1,7,9,1,10,1,11,,23,23,1,22,9,121.4977617,25.03307033
111,3,27,22,42,2,02萬華區,萬華區艋舺大道與西園路2段口口,0,0,1,2,C03,6,3,5,50,4,1,1,4,4,5,7,2,1,1,4,5,2,13,2,58,3,10,1,1,7,9,1,10,1,13,,23,23,1,22,9,121.4977617,25.03307033
111,3,27,22,50,2,01大同區,大同區台北橋與台北橋口機車道往三重,0,0,3,1,C03,6,3,5,50,8,11,1,4,4,5,7,4,4,10,4,5,2,13,2,58,2,9,1,1,7,9,1,10,1,12,,16,16,1,22,9,121.5098097,25.06319091
111,3,27,22,50,2,01大同區,大同區台北橋與台北橋口機車道往三重,0,0,3,2,C03,6,3,5,50,8,11,1,4,4,5,7,4,4,10,4,5,2,13,1,39,2,9,1,1,7,9,1,10,1,12,,23,16,1,22,9,121.5098097,25.06319091
111,3,27,22,50,2,01大同區,大同區台北橋與台北橋口機車道往三重,0,0,3,3,C03,6,3,5,50,8,11,1,4,4,5,7,4,4,10,4,5,2,13,2,34,2,9,1,1,7,9,1,10,1,14,,23,16,1,22,9,121.5098097,25.06319091
111,3,27,22,50,2,01大同區,大同區台北橋與台北橋口機車道往三重,0,0,3,4,C03,6,3,5,50,8,11,1,4,4,5,7,4,4,10,4,5,2,13,1,27,3,10,1,1,7,9,1,10,1,11,14,16,16,1,22,9,121.5098097,25.06319091
111,3,27,22,50,2,01大同區,大同區台北橋與台北橋口機車道往三重,0,0,3,5,C03,6,3,5,50,8,11,1,4,4,5,7,4,4,10,4,5,2,13,1,50,4,11,3,4,7,15,7,19,11,15,,23,16,2,22,9,121.5098097,25.06319091
111,3,27,22,50,2,01大同區,大同區台北橋與台北橋口機車道往三重,0,0,3,6,C03,6,3,5,50,8,11,1,4,4,5,7,4,4,10,4,5,2,13,2,36,4,11,3,4,7,9,1,10,11,11,,42,16,1,22,9,121.5098097,25.06319091
111,3,27,23,0,2,06松山區,松山區光復北路13號,0,0,1,1,C03,6,3,5,50,14,9,1,4,4,5,7,4,4,1,4,5,2,17,2,24,3,10,3,4,7,15,1,10,2,13,,42,42,1,22,9,121.5579341,25.04935031