發生年度,發生月,發生日,發生時-Hours,發生分,處理別-編號,區序,肇事地點,死亡人數,2-30日死亡人數,受傷人數,當事人序號,車種,天候,光線,道路類別,速限-速度限制,道路型態,事故位置,路面狀況1,路面狀況2,路面狀況3,道路障礙1,道路障礙2,號誌1,號誌2,車道劃分-分向,車道劃分-分道1,車道劃分-分道2,車道劃分-分道3,事故類型及型態,性別,年齡,受傷程度,主要傷處,安全帽,行動電話,車輛用途,當事者行動狀態,駕駛資格情形,駕駛執照種類,飲酒情形,車輛撞擊部位1,車輛撞擊部位2,肇因碼-個別,肇因碼-主要,個人肇逃否,職業,旅次目的,座標-X,座標-Y
111,3,27,23,0,2,06松山區,松山區光復北路13號,0,0,1,2,C03,6,3,5,50,14,9,1,4,4,5,7,4,4,1,4,5,2,17,1,27,2,9,3,4,7,9,1,10,2,11,,23,42,1,22,9,121.5579341,25.04935031
111,3,27,23,8,2,04大安區,大安區新生南路2段50號對面,0,0,2,1,C03,6,3,5,40,14,8,1,4,4,1,7,4,4,1,4,4,2,2,1,19,2,9,1,1,7,9,1,10,2,12,,43,43,1,21,8,121.5345195,25.02877794
111,3,27,23,8,2,04大安區,大安區新生南路2段50號對面,0,0,2,2,H01,6,3,5,40,14,8,1,4,4,1,7,4,4,1,4,4,2,2,1,72,2,9,4,5,8,16,8,20,10,16,,67,43,1,21,8,121.5345195,25.02877794
111,3,27,23,47,2,02萬華區,萬華區中華路2段與艋舺大道口,0,0,2,1,B02,6,3,5,50,3,1,1,4,4,5,7,1,1,1,2,4,2,17,1,21,3,10,1,4,7,9,1,8,1,2,,43,43,1,22,9,121.5055929,25.03456765
111,3,27,23,47,2,02萬華區,萬華區中華路2段與艋舺大道口,0,0,2,2,C03,6,3,5,50,3,1,1,4,4,5,7,1,1,1,2,4,2,17,2,23,2,9,1,4,7,5,1,10,1,14,,43,43,1,22,9,121.5055929,25.03456765
111,3,27,23,47,2,02萬華區,萬華區中華路2段與艋舺大道口,0,0,2,3,H02,6,3,5,50,3,1,1,4,4,5,7,1,1,1,2,4,2,17,1,25,2,9,4,4,7,20,8,20,10,16,,67,43,2,22,9,121.5055929,25.03456765
111,3,28,0,24,2,09北投區,北投區明德路與明德路150巷口口,0,0,1,1,B03,6,3,5,50,3,2,1,4,4,5,7,2,1,5,5,5,2,3,1,17,3,10,1,1,7,5,2,18,1,8,,15,15,1,22,9,121.5207665,25.11063115
111,3,28,0,24,2,09北投區,北投區明德路與明德路150巷口口,0,0,1,2,H01,6,3,5,50,3,2,1,4,4,5,7,2,1,5,5,5,2,3,1,57,2,5,4,5,8,16,8,20,1,16,,67,15,1,22,9,121.5207665,25.11063115
111,3,28,0,55,2,03中山區,中山區長安東路2段與龍江路口口,0,0,1,1,B01,6,3,5,50,4,1,1,4,4,5,7,2,1,5,4,5,2,15,1,59,3,10,3,4,7,11,1,4,2,4,,10,10,1,22,9,121.5390901,25.04893021
111,3,28,0,55,2,03中山區,中山區長安東路2段與龍江路口口,0,0,1,2,C03,6,3,5,50,4,1,1,4,4,5,7,2,1,5,4,5,2,15,1,39,2,9,1,4,7,9,1,10,2,15,,44,10,1,22,9,121.5390901,25.04893021
111,3,28,1,53,2,05中正區,中正區羅斯福路4段與基隆路4段口,0,0,1,1,B03,6,1,5,50,5,1,1,4,4,5,7,1,1,10,4,5,2,12,2,59,3,10,1,1,7,5,1,8,1,5,,44,44,1,22,9,121.5369353,25.0112025
111,3,28,1,53,2,05中正區,中正區羅斯福路4段與基隆路4段口,0,0,1,2,C03,6,1,5,50,5,1,1,4,4,5,7,1,1,10,4,5,2,12,1,18,2,9,1,1,7,5,1,10,1,13,,8,44,1,22,9,121.5369353,25.0112025
111,3,28,3,27,2,04大安區,大安區忠孝東路3段與復興南路1段口,0,0,1,1,C03,6,3,5,50,4,1,1,4,4,5,7,1,1,1,3,5,1,12,1,25,3,10,1,1,7,7,1,10,1,14,,7,7,1,22,9,121.5436974,25.04187083
111,3,28,3,27,2,04大安區,大安區忠孝東路3段與復興南路1段口,0,0,1,2,C03,6,3,5,50,4,1,1,4,4,5,7,1,1,1,3,5,1,12,2,21,2,9,1,1,7,9,1,10,1,12,,44,7,1,22,9,121.5436974,25.04187083
111,3,28,4,15,2,10文山區,文山區木柵路4段98號,0,0,1,1,B01,6,3,5,50,14,9,1,4,4,5,7,4,4,1,4,5,2,23,1,45,2,9,3,4,7,15,1,4,8,1,,21,21,1,22,9,121.5760597,24.99991772
111,3,28,4,15,2,10文山區,文山區木柵路4段98號,0,0,1,2,,6,3,5,50,14,9,1,4,4,5,7,4,4,1,4,5,2,23,3,,,,,,,,,,,,,67,21,1,,,121.5760597,24.99991772
111,3,28,7,30,2,07信義區,信義區吳興街與松仁路240巷口,0,0,2,1,B01,6,1,5,30,4,1,1,4,4,5,7,4,4,9,4,5,2,16,1,66,3,10,1,1,7,9,1,4,2,8,,23,23,1,22,9,121.5680876,25.02428638
111,3,28,7,30,2,07信義區,信義區吳興街與松仁路240巷口,0,0,2,2,C03,6,1,5,30,4,1,1,4,4,5,7,4,4,9,4,5,2,16,2,38,2,9,1,1,7,5,1,10,2,12,,6,23,1,22,9,121.5680876,25.02428638
111,3,28,7,30,2,07信義區,信義區吳興街與松仁路240巷口,0,0,2,3,H02,6,1,5,30,4,1,1,4,4,5,7,4,4,9,4,5,2,16,2,38,2,7,4,5,7,21,8,20,10,16,,67,23,1,22,9,121.5680876,25.02428638
111,3,28,7,35,2,05中正區,中正區寧波西街與三元街172巷1弄口,0,0,1,1,C03,6,1,5,50,3,2,1,4,4,5,7,4,4,10,5,5,1,16,1,30,4,11,3,4,7,15,1,10,11,15,,6,6,2,22,9,121.5111952,25.0276742
111,3,28,7,35,2,05中正區,中正區寧波西街與三元街172巷1弄口,0,0,1,2,C03,6,1,5,50,3,2,1,4,4,5,7,4,4,10,5,5,1,16,2,33,2,7,1,1,7,9,1,9,11,11,,43,6,1,22,9,121.5111952,25.0276742
111,3,28,7,45,2,04大安區,大安區市民大道4段與大安路1段口,0,0,1,1,C03,6,1,5,40,4,1,1,4,4,5,7,2,1,1,4,5,2,17,2,33,3,10,1,1,7,8,1,10,1,12,,7,7,1,22,9,121.5462526,25.04498928
111,3,28,7,45,2,04大安區,大安區市民大道4段與大安路1段口,0,0,1,2,C03,6,1,5,40,4,1,1,4,4,5,7,2,1,1,4,5,2,17,2,43,2,9,1,1,7,9,1,10,1,11,,23,7,1,22,9,121.5462526,25.04498928
111,3,28,7,50,2,07信義區,信義區松平路與松智路口,0,0,1,1,B03,6,1,5,50,4,2,1,4,4,5,7,1,1,5,2,5,2,16,1,57,3,10,1,1,7,6,1,8,1,2,,9,9,1,22,9,121.5653805,25.03048682
111,3,28,7,50,2,07信義區,信義區松平路與松智路口,0,0,1,2,C03,6,1,5,50,4,2,1,4,4,5,7,1,1,5,2,5,2,16,2,23,2,8,1,1,7,9,1,10,1,14,,23,9,1,22,9,121.5653805,25.03048682
111,3,28,8,4,2,10文山區,文山區木柵路1段366號旁,0,0,1,1,C03,6,1,5,50,14,9,1,4,4,5,7,1,1,9,4,5,2,17,1,24,2,9,1,1,7,9,1,10,1,11,,13,13,1,22,9,121.5577367,24.98870294
111,3,28,8,4,2,10文山區,文山區木柵路1段366號旁,0,0,1,2,B03,6,1,5,50,14,9,1,4,4,5,7,1,1,9,4,5,2,17,1,42,3,10,1,1,7,14,1,8,1,6,,44,13,1,22,9,121.5577367,24.98870294
111,3,28,8,4,2,10文山區,文山區木柵路1段366號旁,0,0,1,3,C03,6,1,5,50,14,9,1,4,4,5,7,1,1,9,4,5,2,17,2,29,3,10,1,1,7,9,1,10,1,13,,44,13,1,22,9,121.5577367,24.98870294
111,3,28,8,7,2,08士林區,士林區中正路與文昌路口,0,0,2,1,B03,6,1,8,50,15,22,1,4,4,5,7,1,1,3,5,5,2,16,1,41,3,10,1,1,7,5,1,8,2,5,,23,23,1,22,9,121.5218802,25.0944808
111,3,28,8,7,2,08士林區,士林區中正路與文昌路口,0,0,2,2,C03,6,1,8,50,15,22,1,4,4,5,7,1,1,3,5,5,2,16,2,50,2,9,1,1,7,5,1,10,2,14,,23,23,1,22,9,121.5218802,25.0944808
111,3,28,8,7,2,08士林區,士林區中正路與文昌路口,0,0,2,3,H02,6,1,8,50,15,22,1,4,4,5,7,1,1,3,5,5,2,16,2,25,2,9,4,5,7,21,8,20,10,16,,67,23,1,22,9,121.5218802,25.0944808
111,3,28,8,11,2,09北投區,北投區中央北路4段584號,0,0,1,1,B03,6,1,5,50,14,9,1,4,4,5,7,4,4,5,4,5,1,16,1,46,3,10,1,1,7,11,1,8,1,5,,43,43,1,22,9,121.4664685,25.1270196
111,3,28,8,11,2,09北投區,北投區中央北路4段584號,0,0,1,2,C03,6,1,5,50,14,9,1,4,4,5,7,4,4,5,4,5,1,16,1,48,2,9,1,1,7,9,1,10,1,11,,43,43,1,22,9,121.4664685,25.1270196
111,3,28,8,20,2,12內湖區,內湖區永保街與安康路129巷口,0,0,1,1,B03,6,1,5,40,3,2,1,4,4,5,7,4,4,9,5,5,2,17,1,22,3,10,1,1,7,5,1,8,2,7,,8,8,1,22,9,121.5997716,25.06357101
111,3,28,8,20,2,12內湖區,內湖區永保街與安康路129巷口,0,0,1,2,C04,6,1,5,40,3,2,1,4,4,5,7,4,4,9,5,5,2,17,2,51,2,9,1,1,7,15,1,10,2,12,,26,8,1,22,9,121.5997716,25.06357101
111,3,28,8,32,2,11南港區,南港區玉成街44號對面,0,0,2,1,C03,6,1,5,30,14,9,1,4,4,5,7,4,4,9,4,5,2,16,1,55,2,7,1,1,7,5,1,10,1,11,,26,26,1,21,8,121.5814571,25.04876885
111,3,28,8,32,2,11南港區,南港區玉成街44號對面,0,0,2,2,C03,6,1,5,30,14,9,1,4,4,5,7,4,4,9,4,5,2,16,2,23,2,7,1,1,7,9,1,10,1,11,,44,26,1,21,8,121.5814571,25.04876885
111,3,28,8,50,2,09北投區,北投區東華街1段與明德路口,0,0,2,1,C03,6,1,5,50,4,1,1,4,4,5,7,2,1,5,4,5,2,16,2,26,2,9,1,1,7,5,1,10,2,13,,8,8,1,22,9,121.5190217,25.10910273
111,3,28,8,50,2,09北投區,北投區東華街1段與明德路口,0,0,2,2,C03,6,1,5,50,4,1,1,4,4,5,7,2,1,5,4,5,2,16,1,29,2,9,1,1,7,9,1,10,2,11,,23,8,1,22,9,121.5190217,25.10910273
111,3,28,8,55,2,12內湖區,內湖區永保街34號對面(第210號停車格),0,0,2,1,B12,6,1,5,40,14,9,1,4,4,5,7,4,4,9,5,5,2,16,1,23,3,10,1,1,7,1,1,8,1,8,,19,19,1,22,9,121.5966342,25.06315377
111,3,28,8,55,2,12內湖區,內湖區永保街34號對面(第210號停車格),0,0,2,2,C03,6,1,5,40,14,9,1,4,4,5,7,4,4,9,5,5,2,16,2,54,2,8,1,1,7,9,1,10,1,11,,44,19,1,22,9,121.5966342,25.06315377
111,3,28,8,55,2,12內湖區,內湖區永保街34號對面(第210號停車格),0,0,2,3,C03,6,1,5,40,14,9,1,4,4,5,7,4,4,9,5,5,2,16,2,30,2,9,1,1,7,9,1,10,1,11,,44,19,1,22,9,121.5966342,25.06315377
111,3,28,9,0,2,10文山區,文山區興隆路4段105巷31號,0,0,1,1,C03,6,1,5,50,14,9,1,4,4,5,7,4,4,9,4,5,1,26,2,45,2,8,1,1,7,9,1,10,1,11,,43,43,1,22,9,121.5625832,24.98782535
111,3,28,9,0,2,10文山區,文山區興隆路4段105巷31號,0,0,1,2,,6,1,5,50,14,9,1,4,4,5,7,4,4,9,4,5,1,26,3,,,,,,,,,,,,,67,43,1,,,121.5625832,24.98782535
111,3,28,9,12,2,06松山區,松山區敦化北路與長春路口,0,0,1,1,B03,6,1,5,50,14,5,1,4,4,5,7,1,1,1,4,1,2,12,1,38,3,10,3,4,7,8,1,8,2,5,,7,7,1,22,9,121.5489729,25.05443658
111,3,28,9,12,2,06松山區,松山區敦化北路與長春路口,0,0,1,2,A02,6,1,5,50,14,5,1,4,4,5,7,1,1,1,4,1,2,12,1,66,3,10,1,1,7,7,1,6,2,7,,7,7,1,22,9,121.5489729,25.05443658
111,3,28,9,12,2,06松山區,松山區敦化北路與長春路口,0,0,1,3,H02,6,1,5,50,14,5,1,4,4,5,7,1,1,1,4,1,2,12,2,64,2,9,4,5,7,20,8,20,10,16,,67,7,1,22,9,121.5489729,25.05443658
111,3,28,9,31,2,01大同區,大同區大龍街與酒泉街口,0,0,1,1,C03,6,1,5,50,4,1,1,4,4,5,7,2,1,5,5,5,2,15,1,75,2,9,1,1,7,9,1,10,1,11,,25,25,1,22,9,121.5159262,25.07196997
111,3,28,9,31,2,01大同區,大同區大龍街與酒泉街口,0,0,1,2,B03,6,1,5,50,4,1,1,4,4,5,7,2,1,5,5,5,2,15,1,28,3,10,3,4,7,9,1,8,1,8,,44,25,1,22,9,121.5159262,25.07196997
111,3,28,10,23,2,05中正區,中正區濟南路1段與臨沂街口,0,0,1,1,B03,6,1,5,30,4,1,1,4,4,5,7,4,4,9,5,5,2,15,1,61,3,10,1,4,7,9,1,8,1,2,,6,6,1,21,7,121.5300589,25.04061403
111,3,28,10,23,2,05中正區,中正區濟南路1段與臨沂街口,0,0,1,2,C03,6,1,5,30,4,1,1,4,4,5,7,4,4,9,5,5,2,15,1,28,2,9,1,1,7,9,1,10,1,11,,14,6,1,22,1,121.5300589,25.04061403
111,3,28,10,23,2,10文山區,文山區木柵路2段204巷15號對面,0,0,1,1,C03,6,1,5,30,14,9,1,4,4,5,7,4,4,10,5,5,2,18,2,58,2,9,1,1,7,9,1,10,1,14,,43,43,1,22,9,121.563689,24.98805754
111,3,28,10,23,2,10文山區,文山區木柵路2段204巷15號對面,0,0,1,2,,6,1,5,30,14,9,1,4,4,5,7,4,4,10,5,5,2,18,3,,,,,,,,,,,,,67,43,1,,,121.563689,24.98805754
111,3,28,10,25,2,02萬華區,萬華區西園路1段與大理街口,0,0,2,1,C04,6,1,5,50,4,1,1,4,4,5,7,4,4,10,3,5,1,16,2,31,2,9,3,4,7,9,1,10,1,12,,6,6,1,22,9,121.4988265,25.0343802
111,3,28,10,25,2,02萬華區,萬華區西園路1段與大理街口,0,0,2,2,B03,6,1,5,50,4,1,1,4,4,5,7,4,4,10,3,5,1,16,1,55,3,10,3,4,7,9,1,8,1,4,,14,6,1,22,9,121.4988265,25.0343802
111,3,28,10,25,2,02萬華區,萬華區西園路1段與大理街口,0,0,2,3,C03,6,1,5,50,4,1,1,4,4,5,7,4,4,10,3,5,1,16,2,49,2,9,3,4,7,9,1,10,1,11,,44,6,1,22,9,121.4988265,25.0343802
111,3,28,10,44,2,05中正區,中正區中華路2段與南海路口,0,0,2,1,C03,6,1,5,50,4,1,1,4,4,5,7,1,1,5,4,5,2,16,1,43,2,8,1,1,7,5,1,10,2,14,,8,8,1,22,9,121.5070874,25.02685471
111,3,28,10,44,2,05中正區,中正區中華路2段與南海路口,0,0,2,2,C03,6,1,5,50,4,1,1,4,4,5,7,1,1,5,4,5,2,16,2,30,2,9,1,1,7,9,1,10,2,12,,26,8,1,22,9,121.5070874,25.02685471
111,3,28,10,45,2,12內湖區,內湖區康樂街151巷23號,0,0,1,1,,6,1,5,30,14,9,1,4,4,4,7,4,4,10,5,5,2,24,3,,,,,,,,,,,,,67,67,1,,,121.6204619,25.0717817
111,3,28,10,45,2,12內湖區,內湖區康樂街151巷23號,0,0,1,2,C03,6,1,5,30,14,9,1,4,4,4,7,4,4,10,5,5,2,24,2,45,2,9,1,1,7,9,1,10,2,11,,44,67,1,22,9,121.6204619,25.0717817
111,3,28,10,57,2,12內湖區,內湖區文德路與文德路66巷12弄口,0,0,2,1,C03,6,1,5,30,4,1,1,4,4,5,7,4,4,10,5,5,2,16,2,36,2,8,1,1,7,9,1,10,1,12,,6,6,1,22,9,121.5815484,25.07754893
111,3,28,10,57,2,12內湖區,內湖區文德路與文德路66巷12弄口,0,0,2,2,C03,6,1,5,30,4,1,1,4,4,5,7,4,4,10,5,5,2,16,1,68,2,5,1,1,7,9,1,10,1,11,,6,6,1,22,9,121.5815484,25.07754893
111,3,28,11,14,2,04大安區,大安區信義路4段170號,0,0,1,1,C03,6,1,5,50,14,9,1,4,4,5,7,4,4,1,4,5,2,13,1,27,2,9,1,1,7,4,1,10,1,11,,23,23,1,22,9,121.5501836,25.0333181
111,3,28,11,14,2,04大安區,大安區信義路4段170號,0,0,1,2,B12,6,1,5,50,14,9,1,4,4,5,7,4,4,1,4,5,2,13,1,28,3,10,1,1,7,13,1,4,1,7,,38,23,1,22,9,121.5501836,25.0333181
111,3,28,11,22,2,05中正區,中正區林森南路8巷與鎮江街口,0,0,1,1,B01,6,1,5,30,3,1,1,4,4,5,7,4,4,10,5,5,2,17,1,70,3,10,1,1,7,14,6,4,2,6,,38,38,1,22,9,121.5211775,25.04341142
111,3,28,11,22,2,05中正區,中正區林森南路8巷與鎮江街口,0,0,1,2,C03,6,1,5,30,3,1,1,4,4,5,7,4,4,10,5,5,2,17,1,54,2,9,1,1,7,9,1,10,2,14,,44,38,1,22,9,121.5211775,25.04341142
111,3,28,11,22,2,05中正區,中正區林森南路8巷與鎮江街口,0,0,1,3,H02,6,1,5,30,3,1,1,4,4,5,7,4,4,10,5,5,2,17,1,29,3,10,4,5,7,19,8,20,10,16,,56,38,1,22,9,121.5211775,25.04341142
111,3,28,11,27,2,04大安區,大安區市民大道4段190號旁迴轉道,0,0,1,1,C03,6,1,5,40,14,9,1,4,4,5,7,4,4,1,3,5,2,17,1,42,4,11,3,4,7,5,7,19,11,15,,8,8,2,22,9,121.5543557,25.04434185
111,3,28,11,27,2,04大安區,大安區市民大道4段190號旁迴轉道,0,0,1,2,C03,6,1,5,40,14,9,1,4,4,5,7,4,4,1,3,5,2,17,2,26,2,6,3,4,7,9,1,10,1,14,,13,8,1,22,9,121.5543557,25.04434185
111,3,28,11,46,2,10文山區,文山區木新路3段與木新路3段243巷口,0,0,2,1,C03,6,1,5,50,3,1,1,4,4,5,7,4,4,9,4,5,2,12,1,51,2,9,1,1,7,6,1,10,1,13,,9,9,1,22,9,121.5586943,24.9812096
111,3,28,11,46,2,10文山區,文山區木新路3段與木新路3段243巷口,0,0,2,2,C03,6,1,5,50,3,1,1,4,4,5,7,4,4,9,4,5,2,12,2,19,2,9,1,1,7,9,1,10,1,11,,23,9,1,22,9,121.5586943,24.9812096
111,3,28,11,50,2,12內湖區,內湖區麗山街348巷23號,0,0,1,1,B03,6,1,5,30,14,9,1,4,4,5,7,4,4,9,5,5,2,12,1,62,3,10,1,1,7,1,1,8,1,8,,19,19,1,22,9,121.5740336,25.08189106
111,3,28,11,50,2,12內湖區,內湖區麗山街348巷23號,0,0,1,2,C03,6,1,5,30,14,9,1,4,4,5,7,4,4,9,5,5,2,12,1,40,2,9,1,1,7,9,1,10,1,11,,44,19,1,22,9,121.5740336,25.08189106
111,3,28,12,14,2,02萬華區,萬華區西園路2段161號,0,0,1,1,C03,6,1,5,50,11,9,1,4,4,5,7,4,4,1,4,5,2,13,2,26,2,9,1,1,7,9,1,10,1,11,,23,23,1,22,9,121.4960555,25.02884864
111,3,28,12,14,2,02萬華區,萬華區西園路2段161號,0,0,1,2,B03,6,1,5,50,11,9,1,4,4,5,7,4,4,1,4,5,2,13,1,50,3,10,1,1,7,14,1,8,1,7,,38,23,1,22,9,121.4960555,25.02884864
111,3,28,12,30,2,12內湖區,內湖區民權東路6段296巷119號,0,0,1,1,B03,6,1,5,30,3,1,1,4,4,3,5,4,4,9,5,5,2,17,1,54,3,10,1,1,7,5,1,8,1,15,,6,6,1,22,9,121.6093998,25.06982835
111,3,28,12,30,2,12內湖區,內湖區民權東路6段296巷119號,0,0,1,2,C03,6,1,5,30,3,1,1,4,4,3,5,4,4,9,5,5,2,17,1,31,2,9,1,1,7,9,1,10,1,15,,13,6,1,22,9,121.6093998,25.06982835
111,3,28,12,30,2,12內湖區,內湖區民權東路6段296巷119號,0,0,1,3,B12,6,1,5,30,3,1,1,4,4,3,5,4,4,9,5,5,2,17,1,51,3,10,1,1,7,13,1,2,11,15,,38,6,1,22,9,121.6093998,25.06982835
111,3,28,12,48,2,02萬華區,(西園路二段42-6號),0,0,1,1,B03,6,1,5,50,4,1,1,4,4,5,7,2,1,3,4,5,2,16,1,38,3,10,1,4,7,11,1,7,2,7,,10,10,1,22,9,121.4972149,25.03188627
111,3,28,12,48,2,02萬華區,(西園路二段42-6號),0,0,1,2,C03,6,1,5,50,4,1,1,4,4,5,7,2,1,3,4,5,2,16,1,24,2,9,1,4,7,9,6,18,2,11,,26,10,1,22,9,121.4972149,25.03188627
111,3,28,13,13,2,08士林區,士林區仰德大道3段120號,0,0,1,1,C03,6,1,5,40,14,9,1,4,4,5,7,4,4,9,4,5,2,13,1,19,3,10,1,1,7,9,1,10,2,11,,16,16,1,22,9,121.5517495,25.12266033
111,3,28,13,13,2,08士林區,士林區仰德大道3段120號,0,0,1,2,C03,6,1,5,40,14,9,1,4,4,5,7,4,4,9,4,5,2,13,2,48,2,9,1,1,7,9,1,10,2,13,,44,16,1,22,9,121.5517495,25.12266033
111,3,28,13,45,2,10文山區,文山區一壽街與一壽街口河堤便道,0,0,1,1,B03,6,1,5,30,3,1,1,4,4,5,7,4,4,10,5,5,2,17,2,57,3,10,1,1,7,5,1,8,1,8,,6,6,1,22,9,121.5566399,24.9786967
111,3,28,13,45,2,10文山區,文山區一壽街與一壽街口河堤便道,0,0,1,2,F02,6,1,5,30,3,1,1,4,4,5,7,4,4,10,5,5,2,17,2,62,2,9,1,1,7,9,8,20,1,16,,44,6,1,22,9,121.5566399,24.9786967
111,3,28,14,25,2,04大安區,大安區羅斯福路3段37號,0,0,1,1,B03,6,1,5,50,14,9,1,4,4,5,7,1,1,1,4,5,2,13,2,23,3,10,1,1,7,12,1,8,1,1,,23,23,1,22,9,121.5252518,25.0234718
111,3,28,14,25,2,04大安區,大安區羅斯福路3段37號,0,0,1,2,C03,6,1,5,50,14,9,1,4,4,5,7,1,1,1,4,5,2,13,1,29,2,9,1,1,7,14,1,10,1,13,,44,23,1,22,9,121.5252518,25.0234718
111,3,28,14,25,2,12內湖區,內湖區安泰街53巷與安泰街65巷口,0,0,1,1,C03,6,1,5,30,3,1,1,4,4,5,7,4,4,10,5,5,2,17,1,36,2,8,1,1,7,14,1,10,2,11,,44,44,1,22,9,121.6173745,25.07509716
111,3,28,14,25,2,12內湖區,內湖區安泰街53巷與安泰街65巷口,0,0,1,2,B03,6,1,5,30,3,1,1,4,4,5,7,4,4,10,5,5,2,17,1,67,3,10,1,1,7,2,1,8,2,3,,12,44,1,22,9,121.6173745,25.07509716
111,3,28,15,10,2,02萬華區,萬華區昆明街84號,0,0,2,1,B03,6,1,5,50,14,9,1,4,4,5,7,4,4,8,3,5,1,13,1,36,3,10,1,1,7,9,1,8,1,1,,43,43,1,22,9,121.5054564,25.04529152
111,3,28,15,10,2,02萬華區,萬華區昆明街84號,0,0,2,2,C03,6,1,5,50,14,9,1,4,4,5,7,4,4,8,3,5,1,13,1,29,2,8,1,1,7,15,1,10,1,13,,43,43,1,22,9,121.5054564,25.04529152
111,3,28,15,10,2,02萬華區,萬華區昆明街84號,0,0,2,3,H02,6,1,5,50,14,9,1,4,4,5,7,4,4,8,3,5,1,13,2,29,2,8,4,5,7,21,8,20,10,16,,67,43,1,22,9,121.5054564,25.04529152
111,3,28,15,30,2,03中山區,中山區八德路2段與八德路2段174巷口,0,0,1,1,B02,6,1,5,50,4,1,1,4,4,5,7,1,1,5,4,5,2,16,1,61,3,10,1,1,7,5,1,8,1,6,,6,6,1,22,9,121.5381658,25.0463097
111,3,28,15,30,2,03中山區,中山區八德路2段與八德路2段174巷口,0,0,1,2,C03,6,1,5,50,4,1,1,4,4,5,7,1,1,5,4,5,2,16,1,27,2,9,1,1,7,9,1,10,1,11,,44,6,1,22,9,121.5381658,25.0463097
111,3,28,16,0,2,12內湖區,內湖區康寧路1段173巷與康寧路1段173巷23弄口,0,0,1,1,A05,6,1,5,30,3,2,1,4,4,5,7,4,4,10,5,5,2,6,1,53,3,10,1,1,7,9,1,2,1,1,,43,43,1,22,9,121.5958383,25.0792233
111,3,28,16,0,2,12內湖區,內湖區康寧路1段173巷與康寧路1段173巷23弄口,0,0,1,2,H01,6,1,5,30,3,2,1,4,4,5,7,4,4,10,5,5,2,6,1,11,2,8,4,5,8,18,8,20,10,16,,60,43,1,22,9,121.5958383,25.0792233
111,3,28,16,3,2,10文山區,文山區木新路3段與木新路3段50巷口口,0,0,1,1,C03,6,1,5,50,4,1,1,4,4,3,5,2,1,5,4,4,2,16,1,28,2,8,1,1,7,5,1,10,2,12,,6,6,1,22,9,121.5642058,24.98248923
111,3,28,16,3,2,10文山區,文山區木新路3段與木新路3段50巷口口,0,0,1,2,C03,6,1,5,50,4,1,1,4,4,3,5,2,1,5,4,4,2,16,1,22,3,10,1,1,7,9,1,10,2,11,,44,6,1,22,9,121.5642058,24.98248923
111,3,28,16,40,2,08士林區,士林區仰德大道1段下山方向007號燈桿,0,0,1,1,C03,6,1,5,40,14,9,1,4,4,5,1,4,4,5,5,5,1,29,1,22,2,9,3,4,7,21,1,10,1,15,,43,43,1,22,9,121.5366565,25.10487166
111,3,28,16,40,2,08士林區,士林區仰德大道1段下山方向007號燈桿,0,0,1,2,,6,1,5,40,14,9,1,4,4,5,1,4,4,5,5,5,1,29,3,,,,,,,,,,,,,67,43,1,,,121.5366565,25.10487166
111,3,28,16,45,2,12內湖區,內湖區內湖路1段與內湖路1段591巷口,0,0,1,1,B01,6,1,5,50,14,9,1,4,4,5,7,4,4,1,4,4,2,17,1,38,3,10,1,1,7,7,1,4,1,7,,7,7,1,22,9,121.5734758,25.08059617
111,3,28,16,45,2,12內湖區,內湖區內湖路1段與內湖路1段591巷口,0,0,1,2,C03,6,1,5,50,14,9,1,4,4,5,7,4,4,1,4,4,2,17,1,20,2,9,1,1,7,9,1,10,1,11,,13,7,1,22,9,121.5734758,25.08059617
111,3,28,16,56,2,07信義區,信義區吳興街237號,0,0,1,1,C03,6,1,5,30,14,9,1,4,4,5,7,4,4,9,2,5,2,3,1,43,3,10,3,4,7,15,1,10,1,11,,4,4,1,22,9,121.5633698,25.02746581
111,3,28,16,56,2,07信義區,信義區吳興街237號,0,0,1,2,H01,6,1,5,30,14,9,1,4,4,5,7,4,4,9,2,5,2,3,1,40,2,7,4,5,8,16,8,20,10,16,,51,4,1,22,9,121.5633698,25.02746581
111,3,28,17,8,2,05中正區,中正區林森南路與青島東路口,0,0,1,1,B03,6,2,5,50,4,1,1,4,4,5,7,2,1,5,4,5,2,1,1,28,3,10,1,1,7,5,1,8,2,2,,15,15,1,22,9,121.5231199,25.04353366
111,3,28,17,8,2,05中正區,中正區林森南路與青島東路口,0,0,1,2,H01,6,2,5,50,4,1,1,4,4,5,7,2,1,5,4,5,2,1,1,56,2,7,4,5,8,16,8,20,10,16,,52,15,1,22,9,121.5231199,25.04353366
111,3,28,17,20,2,09北投區,北投區承德路6段與福國路口,0,0,1,1,B03,6,1,5,50,4,1,1,4,4,5,7,1,1,1,4,1,2,15,2,58,3,10,1,1,7,9,1,8,1,5,,2,2,1,22,9,121.5122054,25.1034143
111,3,28,17,20,2,09北投區,北投區承德路6段與福國路口,0,0,1,2,C03,6,1,5,50,4,1,1,4,4,5,7,1,1,1,4,1,2,15,1,24,2,8,1,1,7,1,1,10,1,11,,44,2,1,22,9,121.5122054,25.1034143