發生年度,發生月,發生日,發生時-Hours,發生分,處理別-編號,區序,肇事地點,死亡人數,2-30日死亡人數,受傷人數,當事人序號,車種,天候,光線,道路類別,速限-速度限制,道路型態,事故位置,路面狀況1,路面狀況2,路面狀況3,道路障礙1,道路障礙2,號誌1,號誌2,車道劃分-分向,車道劃分-分道1,車道劃分-分道2,車道劃分-分道3,事故類型及型態,性別,年齡,受傷程度,主要傷處,安全帽,行動電話,車輛用途,當事者行動狀態,駕駛資格情形,駕駛執照種類,飲酒情形,車輛撞擊部位1,車輛撞擊部位2,肇因碼-個別,肇因碼-主要,個人肇逃否,職業,旅次目的,座標-X,座標-Y
111,3,28,17,22,2,01大同區,大同區民生西路與民生西路171巷口,0,0,2,2,C03,6,3,5,50,3,2,1,4,4,5,7,4,4,9,4,5,1,15,1,25,2,7,1,1,7,9,1,10,1,11,,44,6,1,22,9,121.5173023,25.0573612
111,3,28,17,22,2,01大同區,大同區民生西路與民生西路171巷口,0,0,2,1,F01,6,3,5,50,3,2,1,4,4,5,7,4,4,9,4,5,1,15,1,62,2,8,1,1,7,9,8,20,1,16,,6,6,1,22,9,121.5173023,25.0573612
111,3,28,17,50,2,06松山區,松山區光復北路11巷與光復北路口,0,0,1,1,B03,6,3,5,30,4,2,1,4,4,5,7,2,1,5,4,5,2,12,2,39,3,10,1,1,7,9,1,8,1,5,,23,23,1,22,9,121.5579554,25.04917081
111,3,28,17,50,2,06松山區,松山區光復北路11巷與光復北路口,0,0,1,2,C03,6,3,5,30,4,2,1,4,4,5,7,2,1,5,4,5,2,12,1,71,2,6,1,1,7,10,1,10,1,13,,6,23,1,22,9,121.5579554,25.04917081
111,3,28,17,50,2,12內湖區,內湖區金龍路59號前,0,0,2,1,C03,6,3,5,40,15,8,1,4,4,5,7,4,4,5,4,5,2,16,1,70,2,8,1,1,7,15,1,10,1,14,,43,43,1,22,9,121.5932289,25.08494837
111,3,28,17,50,2,12內湖區,內湖區金龍路59號前,0,0,2,2,C03,6,3,5,40,15,8,1,4,4,5,7,4,4,5,4,5,2,16,2,39,2,5,1,1,7,9,1,10,1,12,,43,43,1,22,9,121.5932289,25.08494837
111,3,28,17,54,2,06松山區,松山區民權東路3段158號,0,0,1,1,A02,6,3,5,50,14,10,1,4,4,5,7,1,1,9,4,5,2,9,1,62,3,10,1,1,7,9,1,2,1,15,,43,43,1,22,9,121.5479188,25.06196346
111,3,28,17,54,2,06松山區,松山區民權東路3段158號,0,0,1,2,H02,6,3,5,50,14,10,1,4,4,5,7,1,1,9,4,5,2,9,2,61,2,4,1,1,7,20,8,20,10,16,,60,43,1,22,9,121.5479188,25.06196346
111,3,28,18,1,2,06松山區,松山區撫遠街348號,0,0,1,1,C03,6,3,5,40,14,8,1,4,4,5,7,4,4,1,5,4,2,12,1,58,2,8,1,1,7,9,1,10,1,13,,6,6,1,22,9,121.5661314,25.06244239
111,3,28,18,1,2,06松山區,松山區撫遠街348號,0,0,1,2,B03,6,3,5,40,14,8,1,4,4,5,7,4,4,1,5,4,2,12,1,49,3,10,1,1,7,9,1,8,1,5,,26,6,1,22,9,121.5661314,25.06244239
111,3,28,18,3,2,08士林區,士林區中正路601號與中正路口迴轉道,0,0,1,1,B01,8,1,8,30,3,2,1,5,4,5,7,4,4,10,5,5,2,17,1,70,3,10,1,1,7,11,1,4,1,4,,23,10,1,22,9,121.510007,25.086467
111,3,28,18,3,2,08士林區,士林區中正路601號與中正路口迴轉道,0,0,1,2,C03,8,1,8,30,3,2,1,5,4,5,7,4,4,10,5,5,2,17,2,45,2,9,1,1,7,15,1,10,1,11,,44,10,1,22,9,121.510007,25.086467
111,3,28,18,4,2,09北投區,北投區中央南路1段209號與崇仁路1段口,0,0,2,1,C03,6,1,5,50,3,2,1,4,4,5,7,3,1,7,4,5,1,3,2,48,2,1,1,1,7,9,1,10,1,12,,23,23,1,22,9,121.5012517,25.12831226
111,3,28,18,4,2,09北投區,北投區中央南路1段209號與崇仁路1段口,0,0,2,2,H01,6,1,5,50,3,2,1,4,4,5,7,3,1,7,4,5,1,3,1,62,2,7,4,5,8,16,8,20,10,16,,51,23,1,22,9,121.5012517,25.12831226
111,3,28,18,15,2,07信義區,信義區大道路103號,0,0,2,1,C03,6,3,5,50,14,9,1,4,4,5,7,4,4,9,5,5,2,3,2,42,2,9,3,4,7,9,1,10,1,11,,23,23,1,22,9,121.5828746,25.04000779
111,3,28,18,15,2,07信義區,信義區大道路103號,0,0,2,2,H01,6,3,5,50,14,9,1,4,4,5,7,4,4,9,5,5,2,3,2,77,2,9,4,5,8,16,8,20,10,16,,51,23,1,22,9,121.5828746,25.04000779
111,3,28,18,20,2,07信義區,(忠孝東路4段555號前),0,0,1,1,B01,6,3,5,50,14,9,1,4,4,5,7,2,1,1,4,5,2,3,1,63,3,10,1,1,7,5,6,4,1,1,,25,25,1,22,8,121.5627394,25.04132528
111,3,28,18,20,2,07信義區,(忠孝東路4段555號前),0,0,1,2,H01,6,3,5,50,14,9,1,4,4,5,7,2,1,1,4,5,2,3,2,28,2,5,4,5,8,16,8,20,10,16,,67,25,1,22,8,121.5627394,25.04132528
111,3,28,18,33,2,04大安區,大安區基隆路2段與樂業街口,0,0,1,1,B03,6,3,5,50,4,2,1,4,4,5,7,1,1,3,3,5,1,13,1,55,3,10,1,1,7,9,1,8,1,1,,23,23,1,22,9,121.550442,25.02238101
111,3,28,18,33,2,04大安區,大安區基隆路2段與樂業街口,0,0,1,2,F01,6,3,5,50,4,2,1,4,4,5,7,1,1,3,3,5,1,13,1,73,2,9,1,1,7,9,8,20,1,16,,27,23,1,22,9,121.550442,25.02238101
111,3,28,19,0,2,12內湖區,內湖區舊宗路1段135號旁,0,0,1,1,B03,6,3,5,50,14,9,1,4,4,5,7,4,4,9,5,5,2,16,1,35,3,10,1,1,7,1,1,8,1,4,,19,19,1,22,9,121.5795238,25.06045029
111,3,28,19,0,2,12內湖區,內湖區舊宗路1段135號旁,0,0,1,2,C03,6,3,5,50,14,9,1,4,4,5,7,4,4,9,5,5,2,16,2,31,2,9,1,1,7,9,1,10,1,15,,44,19,1,22,9,121.5795238,25.06045029
111,3,28,19,30,2,03中山區,中山區林森北路與中山北路2段77巷口,0,0,1,1,C03,6,3,5,50,4,1,1,4,4,5,7,4,4,5,4,5,2,12,1,33,3,10,2,4,7,9,1,10,1,14,,17,17,1,22,9,121.525498,25.05743809
111,3,28,19,30,2,03中山區,中山區林森北路與中山北路2段77巷口,0,0,1,2,C03,6,3,5,50,4,1,1,4,4,5,7,4,4,5,4,5,2,12,2,20,2,9,3,4,7,9,1,10,1,12,,17,17,1,22,9,121.525498,25.05743809
111,3,28,19,40,2,12內湖區,內湖區康寧路1段195巷3弄17號,0,0,1,1,B03,6,3,5,30,4,1,1,4,4,5,7,4,4,10,5,5,2,9,1,57,3,10,1,1,7,5,1,8,2,8,,23,23,1,22,9,121.5979694,25.07935132
111,3,28,19,40,2,12內湖區,內湖區康寧路1段195巷3弄17號,0,0,1,2,H01,6,3,5,30,4,1,1,4,4,5,7,4,4,10,5,5,2,9,2,59,2,9,4,5,8,16,8,20,10,16,,67,23,1,22,9,121.5979694,25.07935132
111,3,28,19,54,2,12內湖區,內湖區康寧路1段88號與康寧路1段86巷口,0,0,2,1,C03,6,3,5,30,4,1,1,4,4,5,7,4,4,10,5,5,2,3,1,21,2,9,1,1,7,9,1,10,2,11,,15,15,1,22,9,121.5927596,25.07985484
111,3,28,19,54,2,12內湖區,內湖區康寧路1段88號與康寧路1段86巷口,0,0,2,2,H01,6,3,5,30,4,1,1,4,4,5,7,4,4,10,5,5,2,3,1,75,2,9,4,5,8,16,8,20,10,16,,67,15,1,22,9,121.5927596,25.07985484
111,3,28,20,30,2,11南港區,南港區市民大道7段與向陽路口,0,0,1,1,H01,6,3,5,50,4,1,1,4,4,5,7,2,1,1,4,5,1,6,1,21,2,9,4,4,8,18,8,20,10,16,,52,52,1,22,9,121.5953903,25.0514382
111,3,28,20,30,2,11南港區,南港區市民大道7段與向陽路口,0,0,1,2,C03,6,3,5,50,4,1,1,4,4,5,7,2,1,1,4,5,1,6,1,44,3,10,1,4,7,9,1,10,1,11,,13,52,1,22,9,121.5953903,25.0514382
111,3,28,21,18,2,05中正區,中正區汀州路3段291號,0,0,2,1,C03,6,3,5,50,14,9,1,4,4,5,7,4,4,9,5,5,2,12,1,19,2,9,1,1,7,1,1,10,1,14,,19,19,1,22,9,121.5356714,25.0119939
111,3,28,21,18,2,05中正區,中正區汀州路3段291號,0,0,2,2,C03,6,3,5,50,14,9,1,4,4,5,7,4,4,9,5,5,2,12,2,34,2,9,1,1,7,9,1,10,1,12,,44,19,1,22,9,121.5356714,25.0119939
111,3,28,22,52,2,12內湖區,內湖區康樂街123號,0,0,1,1,C03,6,3,5,50,14,9,1,4,4,5,7,4,4,9,5,5,2,17,2,24,2,9,1,1,7,9,1,10,1,11,,23,23,1,22,9,121.619181,25.07109086
111,3,28,22,52,2,12內湖區,內湖區康樂街123號,0,0,1,2,B12,6,3,5,50,14,9,1,4,4,5,7,4,4,9,5,5,2,17,1,49,3,10,3,4,7,13,1,1,1,7,,38,23,1,22,9,121.619181,25.07109086
111,3,28,23,41,2,03中山區,中山區林森北路100號,0,0,1,1,C03,6,3,5,50,14,9,1,4,4,5,7,1,1,1,4,5,2,13,2,33,3,10,1,1,7,9,1,10,1,11,,23,23,1,22,9,121.5248722,25.05037526
111,3,28,23,41,2,03中山區,中山區林森北路100號,0,0,1,2,C04,6,3,5,50,14,9,1,4,4,5,7,1,1,1,4,5,2,13,2,46,2,8,1,1,7,14,1,10,1,13,,44,23,1,22,9,121.5248722,25.05037526
111,3,29,0,41,2,01大同區,大同區承德路3段103號,0,0,2,1,C03,6,3,5,50,14,9,1,4,4,5,7,4,4,1,4,5,2,3,1,17,2,9,3,4,7,9,2,18,2,15,,23,23,1,22,9,121.5184444,25.06653874
111,3,29,0,41,2,01大同區,大同區承德路3段103號,0,0,2,2,H01,6,3,5,50,14,9,1,4,4,5,7,4,4,1,4,5,2,3,1,58,2,9,3,4,8,16,8,20,10,16,,67,23,1,22,9,121.5184444,25.06653874
111,3,29,6,58,2,09北投區,北投區承德路7段400號,0,0,1,1,C03,7,1,5,60,14,9,1,5,4,5,7,4,4,1,4,5,2,16,1,55,2,7,1,1,7,7,3,18,2,13,,7,7,1,22,9,121.5004015,25.12068722
111,3,29,6,58,2,09北投區,北投區承德路7段400號,0,0,1,2,A06,7,1,5,60,14,9,1,5,4,5,7,4,4,1,4,5,2,16,1,56,3,10,3,4,7,9,1,2,2,5,,23,7,1,22,9,121.5004015,25.12068722
111,3,29,7,20,2,02萬華區,萬華區中華路2段600-1號,0,0,2,1,C03,7,1,5,50,14,8,1,4,4,5,7,4,4,9,4,4,2,17,2,43,2,9,1,1,7,6,3,18,1,13,,9,9,1,22,9,121.5095676,25.02475515
111,3,29,7,20,2,02萬華區,萬華區中華路2段600-1號,0,0,2,2,C03,7,1,5,50,14,8,1,4,4,5,7,4,4,9,4,4,2,17,2,45,2,9,1,1,7,9,1,10,1,11,,44,9,1,22,9,121.5095676,25.02475515
111,3,29,7,33,2,09北投區,北投區承德路6段3號停車格,0,0,1,1,A05,8,1,5,60,14,7,1,5,4,5,7,4,4,1,4,4,2,13,1,65,3,10,1,1,7,9,1,2,1,1,,43,43,1,22,9,121.5126679,25.09962493
111,3,29,7,33,2,09北投區,北投區承德路6段3號停車格,0,0,1,2,B03,8,1,5,60,14,7,1,5,4,5,7,4,4,1,4,4,2,13,1,37,2,5,1,1,7,9,1,8,1,3,,43,43,1,22,9,121.5126679,25.09962493
111,3,29,7,49,2,09北投區,北投區中央北路2段181號,0,0,1,1,B03,8,1,5,50,14,9,1,4,4,5,7,1,1,9,4,5,1,12,1,45,3,10,1,1,7,9,1,8,1,2,,44,44,1,22,9,121.4927671,25.1379321
111,3,29,7,49,2,09北投區,北投區中央北路2段181號,0,0,1,2,C04,8,1,5,50,14,9,1,4,4,5,7,1,1,9,4,5,1,12,1,70,2,1,1,1,7,9,1,10,1,14,,42,44,1,22,9,121.4927671,25.1379321
111,3,29,7,50,2,12內湖區,內湖區港墘路與洲子街口,0,0,1,1,F01,8,1,5,50,4,1,1,5,4,5,7,2,1,1,4,5,2,12,2,36,3,10,1,1,7,4,8,20,2,16,,17,17,2,22,9,121.5759871,25.07817465
111,3,29,7,50,2,12內湖區,內湖區港墘路與洲子街口,0,0,1,2,F01,8,1,5,50,4,1,1,5,4,5,7,2,1,1,4,5,2,12,1,28,2,7,1,1,7,1,8,20,2,16,,17,17,1,22,9,121.5759871,25.07817465
111,3,29,7,57,2,02萬華區,萬華區內江街與雅江街口,0,0,1,2,C03,7,1,5,30,4,2,1,5,4,5,7,4,4,10,5,5,1,17,1,21,3,10,3,4,7,9,1,10,1,11,,23,2,1,22,9,121.5015866,25.04174463
111,3,29,7,57,2,02萬華區,萬華區內江街與雅江街口,0,0,1,1,F01,7,1,5,30,4,2,1,5,4,5,7,4,4,10,5,5,1,17,2,75,2,8,1,1,7,9,8,20,1,16,,2,2,1,22,9,121.5015866,25.04174463
111,3,29,8,0,2,04大安區,大安區八德路2段31號,0,0,1,1,C03,6,1,5,50,14,9,1,4,3,5,7,4,4,5,4,5,2,17,2,37,2,9,1,1,7,9,1,10,1,14,,44,44,1,22,9,121.5341088,25.0445783
111,3,29,8,0,2,04大安區,大安區八德路2段31號,0,0,1,2,B03,6,1,5,50,14,9,1,4,3,5,7,4,4,5,4,5,2,17,1,54,3,10,1,1,7,9,1,8,1,1,,44,44,1,22,9,121.5341088,25.0445783
111,3,29,8,0,2,04大安區,大安區八德路2段31號,0,0,1,3,,6,1,5,50,14,9,1,4,3,5,7,4,4,5,4,5,2,17,3,,,,,,,,,,,,,61,44,1,,,121.5341088,25.0445783
111,3,29,8,9,2,02萬華區,萬華區興義街與寶興街口,0,0,1,1,B03,7,1,5,50,4,1,1,5,4,5,7,1,1,5,5,5,2,3,1,63,3,10,1,1,7,5,1,10,2,8,,15,15,1,22,9,121.4930177,25.0275398
111,3,29,8,9,2,02萬華區,萬華區興義街與寶興街口,0,0,1,2,H01,7,1,5,50,4,1,1,5,4,5,7,1,1,5,5,5,2,3,2,43,2,9,4,5,8,16,8,20,10,16,,67,15,1,22,9,121.4930177,25.0275398
111,3,29,8,18,2,04大安區,大安區金山南路2段與潮州街口,0,0,1,1,B01,7,1,5,50,14,9,1,4,4,5,7,2,1,2,4,5,2,17,1,68,3,10,3,1,7,8,1,4,11,15,,7,7,1,22,9,121.526354,25.02881275
111,3,29,8,18,2,04大安區,大安區金山南路2段與潮州街口,0,0,1,2,C03,7,1,5,50,14,9,1,4,4,5,7,2,1,2,4,5,2,17,2,24,2,9,1,1,7,9,1,10,11,14,,42,7,1,22,9,121.526354,25.02881275
111,3,29,8,31,2,09北投區,北投區承德路6段154號停車格旁,0,0,1,1,C03,8,1,5,60,14,7,1,5,4,5,7,4,4,1,4,4,2,13,1,29,2,9,3,4,7,9,1,10,1,14,,23,23,1,22,9,121.5116943,25.10874797
111,3,29,8,31,2,09北投區,北投區承德路6段154號停車格旁,0,0,1,2,B03,8,1,5,60,14,7,1,5,4,5,7,4,4,1,4,4,2,13,1,37,3,10,3,4,7,9,1,8,1,6,,44,23,1,22,9,121.5116943,25.10874797
111,3,29,8,32,2,03中山區,中山區新生北路1段與長安東路1段口,0,0,2,1,B03,8,1,5,50,5,1,1,5,4,5,7,2,1,9,4,5,2,15,1,47,3,10,3,4,7,9,1,8,2,1,,25,25,1,22,9,121.5295266,25.04814478
111,3,29,8,32,2,03中山區,中山區新生北路1段與長安東路1段口,0,0,2,2,C03,8,1,5,50,5,1,1,5,4,5,7,2,1,9,4,5,2,15,1,40,2,9,3,4,7,9,1,10,2,14,,44,25,1,22,9,121.5295266,25.04814478
111,3,29,8,32,2,03中山區,中山區新生北路1段與長安東路1段口,0,0,2,3,C03,8,1,5,50,5,1,1,5,4,5,7,2,1,9,4,5,2,15,2,45,2,9,3,4,7,15,1,10,9,14,,44,25,2,22,9,121.5295266,25.04814478
111,3,29,8,37,2,09北投區,北投區大度路1段與怡和巷口接近怡和巷,0,0,1,1,C03,8,1,5,50,3,2,1,5,4,5,7,4,4,1,4,1,2,13,2,38,2,9,1,1,7,9,1,10,2,13,,23,23,1,22,9,121.4961632,25.12155038
111,3,29,8,37,2,09北投區,北投區大度路1段與怡和巷口接近怡和巷,0,0,1,2,C03,8,1,5,50,3,2,1,5,4,5,7,4,4,1,4,1,2,13,1,42,3,10,1,1,7,9,1,10,2,12,,44,23,1,22,9,121.4961632,25.12155038
111,3,29,8,45,2,11南港區,南港區重陽路與重陽路263巷口,0,0,2,1,C03,7,1,5,50,4,1,1,5,4,5,7,4,4,9,4,4,2,16,1,25,2,7,1,1,7,1,1,10,1,12,,19,19,1,21,8,121.6033253,25.05773452
111,3,29,8,45,2,11南港區,南港區重陽路與重陽路263巷口,0,0,2,2,C03,7,1,5,50,4,1,1,5,4,5,7,4,4,9,4,4,2,16,2,27,2,7,1,1,7,9,1,10,1,11,,44,19,1,21,8,121.6033253,25.05773452
111,3,29,8,50,2,05中正區,中正區鄭州路與重慶北路1段口,0,0,2,1,C03,7,1,5,40,14,9,1,5,4,5,7,4,4,9,4,5,2,17,1,73,2,9,1,1,7,15,1,10,2,14,,42,42,1,22,9,121.5137477,25.04917957
111,3,29,8,50,2,05中正區,中正區鄭州路與重慶北路1段口,0,0,2,2,C03,7,1,5,40,14,9,1,5,4,5,7,4,4,9,4,5,2,17,2,25,2,9,1,1,7,9,1,10,2,12,,44,42,1,22,9,121.5137477,25.04917957
111,3,29,8,50,2,05中正區,中正區鄭州路與重慶北路1段口,0,0,2,3,B03,7,1,5,40,14,9,1,5,4,5,7,4,4,9,4,5,2,17,1,31,3,10,1,1,7,9,1,8,2,5,,23,42,1,22,9,121.5137477,25.04917957
111,3,29,8,50,2,05中正區,中正區鄭州路與重慶北路1段口,0,0,2,4,C02,7,1,5,40,14,9,1,5,4,5,7,4,4,9,4,5,2,17,1,35,3,10,1,1,7,6,1,9,11,15,,9,42,1,22,9,121.5137477,25.04917957
111,3,29,8,51,2,04大安區,大安區瑞安街與瑞安街244巷口,0,0,1,2,C03,7,1,5,30,3,1,1,5,4,5,7,4,4,10,5,5,2,17,1,40,2,9,1,1,7,9,1,10,1,14,,14,6,1,22,9,121.5398966,25.02709171
111,3,29,8,51,2,04大安區,大安區瑞安街與瑞安街244巷口,0,0,1,1,B03,7,1,5,30,3,1,1,5,4,5,7,4,4,10,5,5,2,17,2,23,3,10,1,1,7,6,1,4,1,15,,6,6,1,22,9,121.5398966,25.02709171
111,3,29,8,52,2,08士林區,士林區環河北路3段95號002燈桿,0,0,1,1,B02,8,1,8,50,15,22,1,5,4,5,7,4,4,1,5,5,2,13,1,29,3,10,1,1,7,8,1,8,1,1,,23,23,1,22,9,121.5067367,25.08398171
111,3,29,8,52,2,08士林區,士林區環河北路3段95號002燈桿,0,0,1,2,B03,8,1,8,50,15,22,1,5,4,5,7,4,4,1,5,5,2,13,2,27,2,2,1,1,7,9,1,8,1,3,,44,23,1,22,9,121.5067367,25.08398171
111,3,29,8,55,2,04大安區,大安區和平東路1段153號,0,0,3,1,C03,6,1,5,0,14,9,1,4,4,5,7,4,4,1,4,5,1,13,1,24,2,9,1,1,7,9,1,10,1,11,,23,23,1,22,9,121.5481757,25.0249583
111,3,29,8,55,2,04大安區,大安區和平東路1段153號,0,0,3,2,C03,6,1,5,0,14,9,1,4,4,5,7,4,4,1,4,5,1,13,1,42,2,9,1,1,7,9,1,10,1,13,,44,23,1,22,9,121.5481757,25.0249583
111,3,29,8,55,2,04大安區,大安區和平東路1段153號,0,0,3,3,H02,6,1,5,0,14,9,1,4,4,5,7,4,4,1,4,5,1,13,2,24,2,9,1,5,7,20,8,20,10,16,,67,23,1,22,9,121.5481757,25.0249583
111,3,29,9,0,2,05中正區,中正區羅斯福路4段162號,0,0,1,1,,7,1,5,50,14,9,1,5,4,5,7,4,4,10,4,5,2,17,4,,4,11,3,4,7,15,7,19,11,15,,43,43,2,22,9,121.5364021,25.0123057
111,3,29,9,0,2,05中正區,中正區羅斯福路4段162號,0,0,1,2,C03,7,1,5,50,14,9,1,5,4,5,7,4,4,10,4,5,2,17,1,27,2,9,1,1,7,9,1,10,1,14,,43,43,1,22,9,121.5364021,25.0123057
111,3,29,9,10,2,12內湖區,內湖區潭美街791號旁,0,0,1,1,B01,8,1,5,50,3,1,1,5,4,5,7,4,4,10,4,5,2,16,1,56,3,10,1,1,7,6,1,4,1,5,,9,9,1,22,9,121.6099084,25.06350136
111,3,29,9,10,2,12內湖區,內湖區潭美街791號旁,0,0,1,2,C03,8,1,5,50,3,1,1,5,4,5,7,4,4,10,4,5,2,16,1,54,2,9,1,1,7,9,1,10,1,14,,23,9,1,22,9,121.6099084,25.06350136
111,3,29,9,22,2,10文山區,文山區興隆路4段66巷與興隆路4段口口,0,0,1,1,B01,8,1,5,50,4,1,1,5,4,5,7,4,4,1,4,4,2,16,1,40,3,10,1,1,7,5,1,4,2,1,,6,6,1,22,9,121.5615341,24.98492444
111,3,29,9,22,2,10文山區,文山區興隆路4段66巷與興隆路4段口口,0,0,1,2,C03,8,1,5,50,4,1,1,5,4,5,7,4,4,1,4,4,2,16,1,69,2,8,1,1,7,9,1,10,2,12,,14,6,1,22,9,121.5615341,24.98492444
111,3,29,9,38,2,09北投區,北投區學園路與中央北路4段30巷口,0,0,1,1,B03,8,1,5,30,3,2,1,5,4,5,7,4,4,10,5,5,1,11,2,43,3,10,1,1,7,9,1,8,1,5,,6,6,1,22,9,121.4747631,25.14096101
111,3,29,9,38,2,09北投區,北投區學園路與中央北路4段30巷口,0,0,1,2,C03,8,1,5,30,3,2,1,5,4,5,7,4,4,10,5,5,1,11,1,24,2,8,2,1,7,9,1,10,1,12,,14,6,1,22,9,121.4747631,25.14096101
111,3,29,10,4,2,04大安區,大安區延吉街與延吉街233巷口,0,0,2,1,B01,8,1,5,50,4,1,1,5,4,5,7,3,1,5,4,5,2,17,2,68,3,10,1,1,7,5,1,4,1,5,,6,6,1,22,9,121.5555713,25.0369897
111,3,29,10,4,2,04大安區,大安區延吉街與延吉街233巷口,0,0,2,2,C03,8,1,5,50,4,1,1,5,4,5,7,3,1,5,4,5,2,17,1,54,2,7,1,1,7,9,1,10,1,11,,44,6,1,22,9,121.5555713,25.0369897
111,3,29,10,4,2,04大安區,大安區延吉街與延吉街233巷口,0,0,2,3,H02,8,1,5,50,4,1,1,5,4,5,7,3,1,5,4,5,2,17,2,53,2,7,1,5,7,20,8,20,10,16,,67,6,1,22,9,121.5555713,25.0369897
111,3,29,10,7,2,01大同區,大同區民權西路102巷4弄與民權西路102巷口,0,0,2,1,B12,8,1,5,30,4,1,1,5,4,5,7,4,4,10,3,5,1,15,1,50,3,10,1,1,7,9,1,8,2,4,,6,6,1,22,9,121.5177026,25.06155235
111,3,29,10,7,2,01大同區,大同區民權西路102巷4弄與民權西路102巷口,0,0,2,2,C03,8,1,5,30,4,1,1,5,4,5,7,4,4,10,3,5,1,15,2,19,2,9,1,1,7,9,1,10,2,11,,13,6,1,22,9,121.5177026,25.06155235
111,3,29,10,7,2,01大同區,大同區民權西路102巷4弄與民權西路102巷口,0,0,2,3,H02,8,1,5,30,4,1,1,5,4,5,7,4,4,10,3,5,1,15,2,18,2,9,1,5,7,20,8,20,10,15,,67,6,1,22,9,121.5177026,25.06155235
111,3,29,10,20,2,01大同區,大同區承德路1段與太原路97巷口,0,0,2,2,C03,8,1,5,50,4,1,1,5,4,5,7,2,1,1,3,5,2,15,1,20,2,6,3,4,7,9,3,18,1,11,,26,11,1,22,9,121.5172262,25.05191809
111,3,29,10,20,2,01大同區,大同區承德路1段與太原路97巷口,0,0,2,1,C03,8,1,5,50,4,1,1,5,4,5,7,2,1,1,3,5,2,15,1,46,2,3,3,4,7,11,1,10,1,14,,11,11,1,22,9,121.5172262,25.05191809
111,3,29,10,40,2,09北投區,北投區石牌路2段與振興街口,0,0,1,1,C04,8,1,5,50,4,2,1,5,4,5,7,2,1,5,4,5,2,13,1,72,2,8,1,1,7,9,1,10,1,11,,43,43,1,22,9,121.5211998,25.11894953
111,3,29,10,40,2,09北投區,北投區石牌路2段與振興街口,0,0,1,2,B01,8,1,5,50,4,2,1,5,4,5,7,2,1,5,4,5,2,13,1,39,3,10,1,1,7,9,1,4,1,3,,43,43,1,22,9,121.5211998,25.11894953
111,3,29,11,0,2,12內湖區,內湖區康樂街康湖隧道口白馬山莊公車站,0,0,1,1,A02,8,1,5,50,14,9,1,5,4,5,7,4,4,5,5,5,2,9,1,60,3,10,1,1,7,9,1,2,2,15,,44,44,1,22,9,121.6228779,25.07734405
111,3,29,11,0,2,12內湖區,內湖區康樂街康湖隧道口白馬山莊公車站,0,0,1,2,H02,8,1,5,50,14,9,1,5,4,5,7,4,4,5,5,5,2,9,2,73,2,9,4,5,7,21,8,20,10,16,,67,44,1,22,9,121.6228779,25.07734405
111,3,29,11,10,2,12內湖區,內湖區洲子街118號,0,0,1,1,B02,8,1,5,50,14,9,1,5,4,5,7,4,4,9,5,5,2,17,1,49,3,10,1,1,7,11,1,8,1,5,,10,10,1,22,9,121.5688699,25.08092474
111,3,29,11,10,2,12內湖區,內湖區洲子街118號,0,0,1,2,C03,8,1,5,50,14,9,1,5,4,5,7,4,4,9,5,5,2,17,1,26,2,8,1,1,7,9,1,10,1,14,,44,10,1,22,9,121.5688699,25.08092474
111,3,29,11,22,2,10文山區,文山區興隆路1段13號,0,0,1,1,B01,8,1,5,50,14,9,1,5,4,5,7,4,4,5,4,5,2,17,1,56,3,10,1,1,7,7,1,4,1,3,3,7,7,1,22,9,121.547931,24.99986299
111,3,29,11,22,2,10文山區,文山區興隆路1段13號,0,0,1,2,C03,8,1,5,50,14,9,1,5,4,5,7,4,4,5,4,5,2,17,1,20,2,9,1,1,7,8,1,10,1,14,14,7,7,1,22,9,121.547931,24.99986299
111,3,29,11,39,2,07信義區,信義區基隆路1段往環東大道引道,0,0,1,1,C01,8,1,5,80,10,9,1,5,4,5,7,4,4,9,4,5,2,29,1,28,2,8,1,1,7,9,1,9,2,11,,13,13,1,22,9,121.5681909,25.04718966
111,3,29,11,39,2,07信義區,信義區基隆路1段往環東大道引道,0,0,1,2,,8,1,5,80,10,9,1,5,4,5,7,4,4,9,4,5,2,29,3,,,,,,,,,,,,,67,13,1,,,121.5681909,25.04718966
111,3,29,12,0,2,06松山區,松山區三民路與三民路3巷口,0,0,1,1,B03,7,1,5,30,4,2,1,5,4,5,7,3,1,10,5,5,2,13,1,36,3,10,1,1,7,6,1,8,1,5,,44,44,1,22,9,121.5638232,25.05200719
111,3,29,12,0,2,06松山區,松山區三民路與三民路3巷口,0,0,1,2,C03,7,1,5,30,4,2,1,5,4,5,7,3,1,10,5,5,2,13,1,36,2,9,1,1,7,9,1,10,1,13,,44,44,1,22,9,121.5638232,25.05200719
111,3,29,12,50,2,08士林區,士林區中山北路7段與中山北路7段100巷口,0,0,1,1,C03,8,1,5,50,3,2,1,5,4,5,7,4,4,3,4,5,1,17,1,85,2,9,1,1,7,7,1,10,2,14,,7,7,1,22,9,121.5317163,25.12184046
111,3,29,12,50,2,08士林區,士林區中山北路7段與中山北路7段100巷口,0,0,1,2,B03,8,1,5,50,3,2,1,5,4,5,7,4,4,3,4,5,1,17,2,37,3,10,1,1,7,9,1,8,2,6,,44,7,1,22,9,121.5317163,25.12184046
111,3,29,12,50,2,09北投區,北投區新民路53-57號與新民路口,0,0,1,1,C03,7,1,5,50,3,1,1,5,4,5,7,4,4,10,5,5,2,13,1,22,2,8,3,4,7,9,1,10,1,11,,43,43,1,22,9,121.5097658,25.1395917