發生年度,發生月,發生日,發生時-Hours,發生分,處理別-編號,區序,肇事地點,死亡人數,2-30日死亡人數,受傷人數,當事人序號,車種,天候,光線,道路類別,速限-速度限制,道路型態,事故位置,路面狀況1,路面狀況2,路面狀況3,道路障礙1,道路障礙2,號誌1,號誌2,車道劃分-分向,車道劃分-分道1,車道劃分-分道2,車道劃分-分道3,事故類型及型態,性別,年齡,受傷程度,主要傷處,安全帽,行動電話,車輛用途,當事者行動狀態,駕駛資格情形,駕駛執照種類,飲酒情形,車輛撞擊部位1,車輛撞擊部位2,肇因碼-個別,肇因碼-主要,個人肇逃否,職業,旅次目的,座標-X,座標-Y
111,3,29,12,50,2,09北投區,北投區新民路53-57號與新民路口,0,0,1,2,B03,7,1,5,50,3,1,1,5,4,5,7,4,4,10,5,5,2,13,1,65,3,10,3,4,7,9,1,8,1,6,,43,43,1,22,9,121.5097658,25.1395917
111,3,29,13,30,2,05中正區,中正區延平南路165號與延平南路口,0,0,1,1,B03,7,1,5,50,3,1,1,5,4,5,7,4,4,9,5,5,2,12,1,67,3,10,1,1,7,1,4,10,2,8,,19,19,1,22,9,121.5076483,25.03520432
111,3,29,13,30,2,05中正區,中正區延平南路165號與延平南路口,0,0,1,2,C03,7,1,5,50,3,1,1,5,4,5,7,4,4,9,5,5,2,12,1,33,2,9,1,1,7,9,1,10,2,12,,14,19,1,22,9,121.5076483,25.03520432
111,3,29,13,34,2,08士林區,士林區中正路612號,0,0,1,1,C03,7,1,5,50,15,9,1,5,4,5,7,4,4,8,3,5,1,12,1,68,3,10,1,1,7,5,1,10,1,13,,8,8,1,22,9,121.5095181,25.08692324
111,3,29,13,34,2,08士林區,士林區中正路612號,0,0,1,2,C03,7,1,5,50,15,9,1,5,4,5,7,4,4,8,3,5,1,12,1,25,2,7,1,1,7,9,1,10,1,11,,16,8,1,22,9,121.5095181,25.08692324
111,3,29,13,36,2,08士林區,士林區文林路與文林路421巷口,0,0,1,1,C03,8,1,5,50,3,2,1,5,4,5,7,4,4,5,4,5,2,3,1,62,4,11,3,4,7,15,7,19,11,15,,42,42,2,22,9,121.5247964,25.0943598
111,3,29,13,36,2,08士林區,士林區文林路與文林路421巷口,0,0,1,2,H01,8,1,5,50,3,2,1,5,4,5,7,4,4,5,4,5,2,3,2,43,2,7,4,5,8,16,8,20,10,16,,51,42,1,22,9,121.5247964,25.0943598
111,3,29,13,44,2,02萬華區,萬華區桂林路246巷與和平西路3段口,0,0,1,1,C03,8,1,5,50,3,1,1,5,4,5,7,1,1,10,5,5,2,17,1,57,2,9,1,4,7,9,1,10,2,11,,16,16,1,22,9,121.4910764,25.03579504
111,3,29,13,44,2,02萬華區,萬華區桂林路246巷與和平西路3段口,0,0,1,2,C03,8,1,5,50,3,1,1,5,4,5,7,1,1,10,5,5,2,17,1,20,3,10,1,4,7,9,1,10,2,13,,44,16,1,22,9,121.4910764,25.03579504
111,3,29,13,44,2,02萬華區,萬華區桂林路246巷與和平西路3段口,0,0,1,3,C03,8,1,5,50,3,1,1,5,4,5,7,1,1,10,5,5,2,17,1,46,3,10,1,4,7,9,1,10,2,12,,16,16,1,22,9,121.4910764,25.03579504
111,3,29,13,44,2,02萬華區,萬華區桂林路246巷與和平西路3段口,0,0,1,4,C02,8,1,5,50,3,1,1,5,4,5,7,1,1,10,5,5,2,17,1,48,4,11,3,4,7,15,7,19,11,15,,43,16,2,22,9,121.4910764,25.03579504
111,3,29,13,45,2,07信義區,信義區福德街300巷與福德街268巷26弄口,0,0,1,1,C03,8,1,5,30,4,1,1,5,4,5,7,4,4,9,5,5,2,15,2,39,2,6,1,1,7,9,1,10,2,12,,6,6,1,22,9,121.5868111,25.0400024
111,3,29,13,45,2,07信義區,信義區福德街300巷與福德街268巷26弄口,0,0,1,2,B03,8,1,5,30,4,1,1,5,4,5,7,4,4,9,5,5,2,15,2,58,3,10,1,1,7,9,1,8,2,1,,44,6,1,22,9,121.5868111,25.0400024
111,3,29,14,17,2,09北投區,北投區中央南路1段205號與崇仁路1段口,0,0,1,1,C03,8,1,5,50,3,1,1,5,4,5,7,3,1,9,4,5,2,16,2,51,3,10,3,4,7,1,1,10,1,12,,44,44,1,22,9,121.501569,25.13194
111,3,29,14,17,2,09北投區,北投區中央南路1段205號與崇仁路1段口,0,0,1,2,C03,8,1,5,50,3,1,1,5,4,5,7,3,1,9,4,5,2,16,2,58,2,9,3,4,7,9,1,10,1,11,,44,44,1,22,9,121.501569,25.13194
111,3,29,14,20,2,12內湖區,內湖區瑞湖街與舊宗路2段121巷口,0,0,1,1,B12,8,1,5,50,4,1,1,5,4,5,7,1,1,5,5,5,2,16,1,44,3,10,1,1,7,6,1,8,9,2,,6,6,1,22,9,121.5764561,25.06901732
111,3,29,14,20,2,12內湖區,內湖區瑞湖街與舊宗路2段121巷口,0,0,1,2,C03,8,1,5,50,4,1,1,5,4,5,7,1,1,5,5,5,2,16,2,33,2,8,1,1,7,9,1,10,9,11,,44,6,1,22,9,121.5764561,25.06901732
111,3,29,14,40,2,03中山區,中山區市民高架道往西林森上方,0,0,1,1,B03,8,1,5,80,10,9,1,5,4,5,7,4,4,1,4,5,2,13,1,59,3,10,1,1,7,9,1,8,1,1,,23,23,1,22,9,121.5241134,25.04795991
111,3,29,14,40,2,03中山區,中山區市民高架道往西林森上方,0,0,1,2,B02,8,1,5,80,10,9,1,5,4,5,7,4,4,1,4,5,2,13,1,51,3,10,1,1,7,9,1,8,1,3,,44,23,1,22,9,121.5241134,25.04795991
111,3,29,14,40,2,03中山區,中山區市民高架道往西林森上方,0,0,1,3,H02,8,1,5,80,10,9,1,5,4,5,7,4,4,1,4,5,2,13,2,50,2,9,4,5,7,20,8,20,10,16,,67,23,1,22,9,121.5241134,25.04795991
111,3,29,14,50,2,07信義區,(忠孝東路5段295巷58號前),0,0,1,1,B03,7,1,5,30,14,9,1,5,4,5,7,4,4,9,5,5,1,13,1,29,3,10,1,4,7,9,1,8,1,1,,16,16,1,22,9,121.5727051,25.04344074
111,3,29,14,50,2,07信義區,(忠孝東路5段295巷58號前),0,0,1,2,C03,7,1,5,30,14,9,1,5,4,5,7,4,4,9,5,5,1,13,1,45,2,9,1,1,7,9,1,10,1,13,,44,16,1,22,9,121.5727051,25.04344074
111,3,29,15,2,2,03中山區,中山區八德路2段與市民大道3段口,0,0,1,1,B03,8,1,5,50,4,2,1,5,4,5,7,2,1,9,4,5,2,13,2,42,3,10,3,4,7,9,1,8,1,1,,16,16,1,22,9,121.5348138,25.04507438
111,3,29,15,2,2,03中山區,中山區八德路2段與市民大道3段口,0,0,1,2,B03,8,1,5,50,4,2,1,5,4,5,7,2,1,9,4,5,2,13,1,32,2,1,3,4,7,14,1,8,1,3,,44,16,1,22,9,121.5348138,25.04507438
111,3,29,15,30,2,08士林區,士林區士東路301號,0,0,1,1,B03,7,1,5,30,14,9,1,5,4,5,7,4,4,10,5,5,2,17,2,41,3,10,1,1,7,15,1,8,1,5,,43,43,1,22,9,121.5375898,25.11509656
111,3,29,15,30,2,08士林區,士林區士東路301號,0,0,1,2,C03,7,1,5,30,14,9,1,5,4,5,7,4,4,10,5,5,2,17,1,19,2,8,1,1,7,9,1,10,1,14,,43,43,1,22,9,121.5375898,25.11509656
111,3,29,15,33,2,09北投區,北投區大興街68號,0,0,1,1,A42,8,1,5,50,14,9,1,5,4,5,7,1,1,9,5,5,2,12,1,40,3,10,3,4,7,1,1,1,2,6,,17,17,1,22,9,121.5008108,25.1304647
111,3,29,15,33,2,09北投區,北投區大興街68號,0,0,1,2,F01,8,1,5,50,14,9,1,5,4,5,7,1,1,9,5,5,2,12,2,38,2,9,1,1,7,15,8,20,2,16,,17,17,1,22,9,121.5008108,25.1304647
111,3,29,15,40,2,03中山區,中山區堤頂大道2段與內湖路1段口,0,0,1,1,B03,8,1,5,50,3,1,1,5,4,5,7,1,1,1,4,5,2,16,2,24,3,10,1,1,7,6,1,8,1,2,,9,9,1,22,9,121.5606901,25.0845093
111,3,29,15,40,2,03中山區,中山區堤頂大道2段與內湖路1段口,0,0,1,2,C03,8,1,5,50,3,1,1,5,4,5,7,1,1,1,4,5,2,16,1,52,2,9,1,1,7,9,1,10,1,14,,44,9,1,22,9,121.5606901,25.0845093
111,3,29,15,52,2,07信義區,信義區信義路5段與基隆路1段口,0,0,1,1,B03,8,1,5,50,4,2,1,5,4,5,7,2,1,1,4,5,2,17,1,43,3,10,3,4,7,6,1,8,1,8,,9,9,1,22,9,121.5599373,25.03341912
111,3,29,15,52,2,07信義區,信義區信義路5段與基隆路1段口,0,0,1,2,C03,8,1,5,50,4,2,1,5,4,5,7,2,1,1,4,5,2,17,1,30,2,9,3,4,7,5,1,10,1,11,,44,9,1,22,9,121.5599373,25.03341912
111,3,29,16,19,2,10文山區,文山區萬安街16巷8號前,0,0,1,1,B01,8,1,5,30,14,9,1,5,4,5,7,4,4,9,4,5,2,14,1,66,3,10,1,1,7,2,1,4,2,7,,12,12,1,22,9,121.5696581,25.00092038
111,3,29,16,19,2,10文山區,文山區萬安街16巷8號前,0,0,1,2,C03,8,1,5,30,14,9,1,5,4,5,7,4,4,9,4,5,2,14,1,30,2,8,1,1,7,9,1,10,2,12,14,44,12,1,22,9,121.5696581,25.00092038
111,3,29,16,19,2,10文山區,文山區萬安街16巷8號前,0,0,1,3,C03,8,1,5,30,14,9,1,5,4,5,7,4,4,9,4,5,2,14,1,37,3,10,1,1,7,13,1,10,9,11,12,44,12,1,22,9,121.5696581,25.00092038
111,3,29,16,19,2,10文山區,文山區萬安街16巷8號前,0,0,1,4,B03,8,1,5,30,14,9,1,5,4,5,7,4,4,9,4,5,2,14,1,44,3,10,1,1,7,13,1,8,9,8,,44,12,1,22,9,121.5696581,25.00092038
111,3,29,16,20,2,10文山區,文山區羅斯福路5段與羅斯福路5段170巷口,0,0,1,1,B03,8,1,5,50,4,1,1,5,4,5,7,1,1,1,4,5,2,16,1,39,3,10,1,1,7,6,1,8,2,6,,9,9,1,22,9,121.5386986,25.00461557
111,3,29,16,20,2,10文山區,文山區羅斯福路5段與羅斯福路5段170巷口,0,0,1,2,C03,8,1,5,50,4,1,1,5,4,5,7,1,1,1,4,5,2,16,1,60,2,8,1,1,7,1,1,10,2,11,,19,9,1,22,9,121.5386986,25.00461557
111,3,29,16,48,2,06松山區,松山區慶城街與興安街口,0,0,2,1,B03,8,1,5,30,3,1,1,5,4,5,7,2,1,1,5,5,2,16,2,66,3,10,1,1,7,5,1,8,1,5,,6,6,1,22,9,121.5471019,25.05572437
111,3,29,16,48,2,06松山區,松山區慶城街與興安街口,0,0,2,2,C03,8,1,5,30,3,1,1,5,4,5,7,2,1,1,5,5,2,16,1,59,2,9,1,1,7,9,1,10,1,11,,23,6,1,22,9,121.5471019,25.05572437
111,3,29,16,48,2,06松山區,松山區慶城街與興安街口,0,0,2,3,H02,8,1,5,30,3,1,1,5,4,5,7,2,1,1,5,5,2,16,2,26,2,9,1,1,7,20,8,20,10,16,,67,6,1,22,9,121.5471019,25.05572437
111,3,29,16,59,2,03中山區,中山區南京東路2段與松江路口,0,0,2,1,C03,8,1,5,50,4,1,1,5,4,5,7,1,1,1,4,5,2,13,1,49,2,9,1,1,7,9,1,10,1,11,,23,23,1,22,9,121.5329289,25.05228916
111,3,29,16,59,2,03中山區,中山區南京東路2段與松江路口,0,0,2,2,C03,8,1,5,50,4,1,1,5,4,5,7,1,1,1,4,5,2,13,2,23,2,9,1,1,7,14,1,10,1,13,,44,23,1,22,9,121.5329289,25.05228916
111,3,29,17,9,2,02萬華區,萬華區康定路與大理街口,0,0,2,1,C03,8,1,5,30,4,1,1,5,4,5,7,1,1,5,4,5,2,15,1,21,2,8,1,1,7,9,1,10,2,13,,25,25,1,23,9,121.5010724,25.03459902
111,3,29,17,9,2,02萬華區,萬華區康定路與大理街口,0,0,2,2,C03,8,1,5,30,4,1,1,5,4,5,7,1,1,5,4,5,2,15,1,48,2,9,1,4,7,9,1,10,11,11,,25,25,1,22,9,121.5010724,25.03459902
111,3,29,17,9,2,08士林區,士林區中山北路5段250號對面,0,0,2,1,C03,7,1,5,50,14,9,1,5,4,5,7,4,4,4,4,5,2,13,2,21,2,9,1,1,7,9,1,10,1,11,,23,23,1,22,9,121.5266206,25.08737667
111,3,29,17,9,2,08士林區,士林區中山北路5段250號對面,0,0,2,2,C03,7,1,5,50,14,9,1,5,4,5,7,4,4,4,4,5,2,13,1,21,2,8,1,1,7,9,1,10,1,13,,44,23,1,22,9,121.5266206,25.08737667
111,3,29,18,10,2,12內湖區,內湖區潭美街169號,0,0,2,1,C03,7,3,5,40,14,9,1,5,4,3,1,4,4,5,4,4,1,17,1,49,2,9,1,1,7,1,1,10,1,14,,19,19,1,22,9,121.5819706,25.05458095
111,3,29,18,10,2,12內湖區,內湖區潭美街169號,0,0,2,2,C03,7,3,5,40,14,9,1,5,4,3,1,4,4,5,4,4,1,17,1,43,2,8,1,1,7,9,1,10,1,11,,44,19,1,22,9,121.5819706,25.05458095
111,3,29,18,25,2,05中正區,中正區八德路1段與忠孝東路2段口,0,0,2,1,C03,7,3,5,50,3,1,1,5,4,5,7,1,1,10,5,5,2,17,1,64,2,9,1,1,7,1,1,10,2,14,,19,19,1,22,9,121.5290992,25.04342004
111,3,29,18,25,2,05中正區,中正區八德路1段與忠孝東路2段口,0,0,2,2,C03,7,3,5,50,3,1,1,5,4,5,7,1,1,10,5,5,2,17,1,32,2,9,1,1,7,9,1,10,2,11,,44,19,1,22,9,121.5290992,25.04342004
111,3,29,18,26,2,01大同區,大同區環河北路2段南往北(汙水處理廠旁),0,0,1,1,B03,7,3,5,50,14,9,1,5,4,5,7,4,4,1,4,5,2,13,1,54,3,10,1,1,7,8,1,8,2,6,,7,7,1,22,9,121.5089481,25.07461446
111,3,29,18,26,2,01大同區,大同區環河北路2段南往北(汙水處理廠旁),0,0,1,2,C03,7,3,5,50,14,9,1,5,4,5,7,4,4,1,4,5,2,13,1,27,2,9,1,1,7,9,1,10,2,11,,16,7,1,22,9,121.5089481,25.07461446
111,3,29,18,47,2,08士林區,士林區至善路1段與福林路254巷口,0,0,1,1,B03,8,3,5,50,3,1,1,5,4,5,7,3,1,1,4,4,2,12,2,57,3,10,1,1,7,9,1,8,1,2,,17,17,1,22,9,121.5377285,25.09822259
111,3,29,18,47,2,08士林區,士林區至善路1段與福林路254巷口,0,0,1,2,C03,8,3,5,50,3,1,1,5,4,5,7,3,1,1,4,4,2,12,2,21,2,9,1,1,7,9,1,10,1,14,,17,17,1,22,9,121.5377285,25.09822259
111,3,29,19,0,2,03中山區,中山區濱江街與濱江街199巷口,0,0,1,1,B12,8,3,5,50,3,1,1,5,4,5,7,4,4,1,5,5,2,16,1,44,3,10,1,1,7,6,1,8,1,5,,9,9,1,22,9,121.5399041,25.07264573
111,3,29,19,0,2,03中山區,中山區濱江街與濱江街199巷口,0,0,1,2,C03,8,3,5,50,3,1,1,5,4,5,7,4,4,1,5,5,2,16,1,37,2,7,1,1,7,9,1,10,1,14,,14,9,1,22,9,121.5399041,25.07264573
111,3,29,19,14,2,04大安區,大安區忠孝東路3段與建國南路1段口,0,0,3,1,C03,8,3,5,50,4,2,1,5,4,5,7,2,1,1,4,5,2,13,1,22,2,9,1,1,7,9,1,10,2,11,,23,23,1,22,9,121.5374707,25.041431
111,3,29,19,14,2,04大安區,大安區忠孝東路3段與建國南路1段口,0,0,3,2,C03,8,3,5,50,4,2,1,5,4,5,7,2,1,1,4,5,2,13,1,64,2,8,1,1,7,14,1,10,2,13,,44,23,1,22,9,121.5374707,25.041431
111,3,29,19,14,2,04大安區,大安區忠孝東路3段與建國南路1段口,0,0,3,3,H02,8,3,5,50,4,2,1,5,4,5,7,2,1,1,4,5,2,13,1,20,2,8,1,5,7,20,8,20,10,16,,67,23,1,22,9,121.5374707,25.041431
111,3,29,19,26,2,04大安區,大安區和平東路2段與和平東路2段107巷口,0,0,1,1,B01,7,3,5,50,4,2,1,5,4,5,7,4,4,1,4,5,2,17,1,55,3,10,1,1,7,7,1,4,1,3,,6,6,1,22,9,121.5402843,25.0253614
111,3,29,19,26,2,04大安區,大安區和平東路2段與和平東路2段107巷口,0,0,1,2,C03,7,3,5,50,4,2,1,5,4,5,7,4,4,1,4,5,2,17,1,22,2,7,1,1,7,9,1,10,1,11,,13,6,1,22,9,121.5402843,25.0253614
111,3,29,19,38,2,02萬華區,萬華區中華路1段150號,0,0,1,1,B03,8,3,5,50,14,9,1,5,4,5,7,4,4,3,4,5,2,16,2,33,3,10,1,4,7,8,1,8,2,5,,7,7,1,22,9,121.5083168,25.04290944
111,3,29,19,38,2,02萬華區,萬華區中華路1段150號,0,0,1,2,C03,8,3,5,50,14,9,1,5,4,5,7,4,4,3,4,5,2,16,1,19,2,9,1,4,7,9,1,10,2,14,,44,7,1,22,9,121.5083168,25.04290944
111,3,29,20,5,2,04大安區,大安區辛亥路3段與基隆路3段口,0,0,1,1,B12,8,3,5,50,4,1,1,5,4,5,7,2,1,1,4,4,2,9,1,52,3,10,1,1,7,6,7,19,2,5,,15,15,1,22,9,121.5466065,25.01885421
111,3,29,20,5,2,04大安區,大安區辛亥路3段與基隆路3段口,0,0,1,2,H01,8,3,5,50,4,1,1,5,4,5,7,2,1,1,4,4,2,9,1,47,2,9,1,5,8,16,8,20,10,16,,67,15,1,22,9,121.5466065,25.01885421
111,3,29,20,40,2,08士林區,士林區中山北路5段與文林路口,0,0,2,1,C03,8,3,5,50,3,1,1,5,4,5,7,1,1,4,3,5,1,17,1,21,2,9,1,4,7,9,1,10,1,11,,13,13,1,22,9,121.5255549,25.0859172
111,3,29,20,40,2,08士林區,士林區中山北路5段與文林路口,0,0,2,2,C03,8,3,5,50,3,1,1,5,4,5,7,1,1,4,3,5,1,17,1,45,2,7,1,4,7,8,1,10,1,13,,7,13,1,22,9,121.5255549,25.0859172
111,3,29,20,47,2,04大安區,大安區新生南路3段2號,0,0,1,1,C03,7,3,5,50,14,9,1,5,4,5,7,4,4,1,4,5,2,17,2,59,2,9,1,1,7,9,1,10,1,11,,43,43,1,22,9,121.534547,25.0258209
111,3,29,20,47,2,04大安區,大安區新生南路3段2號,0,0,1,2,B03,7,3,5,50,14,9,1,5,4,5,7,4,4,1,4,5,2,17,1,37,3,10,2,1,7,14,1,8,1,3,,43,43,1,22,9,121.534547,25.0258209
111,3,29,20,47,2,04大安區,大安區新生南路3段2號,0,0,1,3,A04,7,3,5,50,14,9,1,5,4,5,7,4,4,1,4,5,2,17,1,38,3,10,1,1,7,9,1,2,1,2,,43,43,1,22,9,121.534547,25.0258209
111,3,29,21,33,2,10文山區,文山區景文街與景文街90巷口,0,0,1,1,B03,8,3,5,50,3,2,1,5,4,3,6,4,4,5,5,4,1,16,1,41,3,10,1,1,7,5,1,8,1,1,,6,6,1,22,9,121.5410589,24.99038288
111,3,29,21,33,2,10文山區,文山區景文街與景文街90巷口,0,0,1,2,C03,8,3,5,50,3,2,1,5,4,3,6,4,4,5,5,4,1,16,2,38,2,9,1,1,7,9,1,10,1,14,,44,6,1,22,9,121.5410589,24.99038288
111,3,30,0,12,2,03中山區,中山區中山北路3段與民族西路口,0,0,2,1,B12,7,3,5,50,4,1,1,5,4,5,7,2,1,5,4,5,2,2,1,56,3,10,3,4,7,5,1,8,2,8,,15,15,1,22,9,121.5229402,25.06859562
111,3,30,0,12,2,03中山區,中山區中山北路3段與民族西路口,0,0,2,2,H01,7,3,5,50,4,1,1,5,4,5,7,2,1,5,4,5,2,2,1,19,2,9,4,5,8,16,8,20,10,16,,67,15,1,22,9,121.5229402,25.06859562
111,3,30,0,12,2,03中山區,中山區中山北路3段與民族西路口,0,0,2,3,H01,7,3,5,50,4,1,1,5,4,5,7,2,1,5,4,5,2,2,2,19,2,1,4,5,8,16,8,20,10,16,,67,15,1,22,9,121.5229402,25.06859562
111,3,30,0,30,2,04大安區,大安區忠孝東路4段147巷與敦化南路1段187巷口,0,0,1,1,B03,8,3,5,30,4,1,1,5,4,5,7,4,4,10,5,5,2,15,1,31,3,10,1,1,7,9,1,8,1,1,,6,6,1,22,9,121.5496547,25.04258466
111,3,30,0,30,2,04大安區,大安區忠孝東路4段147巷與敦化南路1段187巷口,0,0,1,2,C03,8,3,5,30,4,1,1,5,4,5,7,4,4,10,5,5,2,15,1,28,2,8,1,1,7,9,1,10,1,12,,13,6,1,22,9,121.5496547,25.04258466
111,3,30,1,59,2,05中正區,中正區中華路1段與貴陽街1段口口,0,0,1,1,C03,8,3,5,50,14,8,1,5,4,5,7,2,1,9,4,5,1,13,1,20,2,1,1,1,7,9,1,10,2,11,,43,43,1,18,5,121.5075824,25.03902382
111,3,30,1,59,2,05中正區,中正區中華路1段與貴陽街1段口口,0,0,1,2,B01,8,3,5,50,14,8,1,5,4,5,7,2,1,9,4,5,1,13,1,30,3,10,1,1,7,14,1,4,2,3,,43,43,1,21,1,121.5075824,25.03902382
111,3,30,5,9,2,03中山區,中山區敬業三路與樂群一路口,0,0,3,1,B03,8,3,5,50,3,2,1,5,4,5,7,1,1,3,2,5,2,13,1,29,2,3,1,1,7,9,1,8,2,1,,23,23,1,22,9,121.5561439,25.07714645
111,3,30,5,9,2,03中山區,中山區敬業三路與樂群一路口,0,0,3,2,B03,8,3,5,50,3,2,1,5,4,5,7,1,1,3,2,5,2,13,1,56,2,2,1,1,7,14,1,8,2,3,,44,23,1,22,9,121.5561439,25.07714645
111,3,30,5,9,2,03中山區,中山區敬業三路與樂群一路口,0,0,3,3,B12,8,3,5,50,3,2,1,5,4,5,7,1,1,3,2,5,2,13,1,54,3,10,1,1,7,1,1,8,2,3,,44,23,1,22,9,121.5561439,25.07714645
111,3,30,5,9,2,03中山區,中山區敬業三路與樂群一路口,0,0,3,4,H02,8,3,5,50,3,2,1,5,4,5,7,1,1,3,2,5,2,13,2,61,2,2,1,1,7,20,8,20,10,16,,67,23,1,22,9,121.5561439,25.07714645
111,3,30,7,23,2,09北投區,北投區中央北路4段62號停車格,0,0,1,1,C03,7,1,5,50,14,9,1,5,4,5,7,4,4,5,4,5,2,17,2,45,3,10,1,1,7,8,1,10,1,12,,7,7,1,22,9,121.4655104,25.12531567
111,3,30,7,23,2,09北投區,北投區中央北路4段62號停車格,0,0,1,2,C03,7,1,5,50,14,9,1,5,4,5,7,4,4,5,4,5,2,17,1,28,2,9,1,1,7,9,1,10,1,11,,44,7,1,22,9,121.4655104,25.12531567
111,3,30,7,23,2,09北投區,北投區中央北路4段62號停車格,0,0,1,3,B03,7,1,5,50,14,9,1,5,4,5,7,4,4,5,4,5,2,17,1,44,3,10,1,1,7,14,1,8,1,3,,44,7,1,22,9,121.4655104,25.12531567
111,3,30,7,30,2,10文山區,文山區恆光街與保儀路口,0,0,2,1,B03,7,1,5,50,3,2,1,5,4,5,7,4,4,9,5,5,2,16,1,47,3,10,1,1,7,5,1,8,1,6,,6,6,1,22,9,121.5661316,24.983877
111,3,30,7,30,2,10文山區,文山區恆光街與保儀路口,0,0,2,2,C03,7,1,5,50,3,2,1,5,4,5,7,4,4,9,5,5,2,16,2,18,2,9,1,1,7,9,1,10,1,11,,13,6,1,22,9,121.5661316,24.983877
111,3,30,7,30,2,10文山區,文山區恆光街與保儀路口,0,0,2,3,H02,7,1,5,50,3,2,1,5,4,5,7,4,4,9,5,5,2,16,2,18,2,9,1,5,7,17,8,20,10,16,,67,6,1,22,9,121.5661316,24.983877
111,3,30,7,32,2,06松山區,松山區塔悠路基六號疏散門前,0,0,2,1,C03,8,1,5,50,14,8,1,5,4,5,7,1,1,1,5,5,2,12,1,22,2,6,1,1,7,8,1,10,2,11,,7,7,1,22,9,121.5680716,25.06522766
111,3,30,7,32,2,06松山區,松山區塔悠路基六號疏散門前,0,0,2,2,C03,8,1,5,50,14,8,1,5,4,5,7,1,1,1,5,5,2,12,1,34,2,9,1,1,7,9,1,10,2,14,,44,7,1,22,9,121.5680716,25.06522766
111,3,30,7,45,2,02萬華區,萬華區寶興街與東園街66巷口,0,0,2,2,C03,8,1,5,30,4,1,1,5,4,5,7,1,1,9,5,5,2,15,1,27,2,9,1,1,7,9,1,10,2,11,,25,25,1,22,9,121.4949074,25.0247805
111,3,30,7,45,2,02萬華區,萬華區寶興街與東園街66巷口,0,0,2,1,C03,8,1,5,30,4,1,1,5,4,5,7,1,1,9,5,5,2,15,1,36,2,9,1,1,7,9,1,10,7,11,,25,25,1,22,9,121.4949074,25.0247805
111,3,30,8,4,2,07信義區,信義區仁愛路4段452巷與光復南路415巷口,0,0,3,1,C03,8,1,5,30,4,2,1,5,4,5,7,4,4,5,5,5,2,15,1,41,2,8,1,1,7,9,1,10,1,11,,6,6,1,22,9,121.5592118,25.0371509
111,3,30,8,4,2,07信義區,信義區仁愛路4段452巷與光復南路415巷口,0,0,3,2,C03,8,1,5,30,4,2,1,5,4,5,7,4,4,5,5,5,2,15,1,25,2,8,1,1,7,9,1,9,1,14,,14,6,1,22,9,121.5592118,25.0371509
111,3,30,8,4,2,07信義區,信義區仁愛路4段452巷與光復南路415巷口,0,0,3,3,H02,8,1,5,30,4,2,1,5,4,5,7,4,4,5,5,5,2,15,1,8,2,3,1,5,7,17,8,20,10,16,,67,6,1,22,9,121.5592118,25.0371509
111,3,30,8,4,2,07信義區,信義區仁愛路4段452巷與光復南路415巷口,0,0,3,4,B12,8,1,5,30,4,2,1,5,4,5,7,4,4,5,5,5,2,15,1,54,3,10,1,1,7,13,1,8,11,15,,44,6,1,22,9,121.5592118,25.0371509
111,3,30,8,20,2,12內湖區,內湖區基湖路35巷18號,0,0,2,1,C03,8,1,5,50,14,9,1,5,4,5,7,4,4,9,5,5,2,12,1,25,2,9,1,1,7,5,1,10,1,14,,8,8,1,22,9,121.5659711,25.07951572
111,3,30,8,20,2,12內湖區,內湖區基湖路35巷18號,0,0,2,2,C03,8,1,5,50,14,9,1,5,4,5,7,4,4,9,5,5,2,12,1,55,2,9,1,1,7,4,1,10,1,11,,1,8,1,22,9,121.5659711,25.07951572
111,3,30,8,30,2,10文山區,文山區萬美街1段52號,0,0,1,1,B01,8,1,5,50,14,9,1,5,4,5,7,1,1,5,5,5,2,16,1,56,3,10,1,1,7,11,1,4,2,2,,10,10,1,22,9,121.5665447,25.00195127
111,3,30,8,30,2,10文山區,文山區萬美街1段52號,0,0,1,2,C03,8,1,5,50,14,9,1,5,4,5,7,1,1,5,5,5,2,16,1,39,2,6,1,1,7,9,1,10,2,11,,44,10,1,22,9,121.5665447,25.00195127
111,3,30,8,33,2,10文山區,文山區保儀路與保儀路74巷口,0,0,2,1,C03,8,1,5,50,14,9,1,5,4,5,7,4,4,9,4,5,2,16,1,50,2,8,1,1,7,5,1,10,2,14,,6,6,1,22,9,121.5686074,24.98740181
111,3,30,8,33,2,10文山區,文山區保儀路與保儀路74巷口,0,0,2,2,C03,8,1,5,50,14,9,1,5,4,5,7,4,4,9,4,5,2,16,2,24,2,9,1,1,7,9,1,10,2,11,14,14,6,1,22,9,121.5686074,24.98740181
111,3,30,8,40,2,09北投區,北投區行義路146巷與行義路130巷口,0,0,2,1,C03,7,1,5,30,4,1,1,5,4,5,7,4,4,10,5,5,2,15,2,22,2,9,1,1,7,9,1,10,1,12,,6,6,1,22,9,121.5296584,25.13000933
111,3,30,8,40,2,09北投區,北投區行義路146巷與行義路130巷口,0,0,2,2,C03,7,1,5,30,4,1,1,5,4,5,7,4,4,10,5,5,2,15,1,51,2,7,1,1,7,9,1,10,1,11,,14,6,1,22,9,121.5296584,25.13000933
111,3,30,8,57,2,01大同區,大同區台北橋機車道往台北下橋處,0,0,1,1,C03,8,2,5,40,14,11,1,5,4,5,7,2,1,1,5,5,2,13,1,35,3,10,1,1,7,4,1,10,1,14,,23,23,1,22,9,121.5110247,25.06285221