發生年度,發生月,發生日,發生時-Hours,發生分,處理別-編號,區序,肇事地點,死亡人數,2-30日死亡人數,受傷人數,當事人序號,車種,天候,光線,道路類別,速限-速度限制,道路型態,事故位置,路面狀況1,路面狀況2,路面狀況3,道路障礙1,道路障礙2,號誌1,號誌2,車道劃分-分向,車道劃分-分道1,車道劃分-分道2,車道劃分-分道3,事故類型及型態,性別,年齡,受傷程度,主要傷處,安全帽,行動電話,車輛用途,當事者行動狀態,駕駛資格情形,駕駛執照種類,飲酒情形,車輛撞擊部位1,車輛撞擊部位2,肇因碼-個別,肇因碼-主要,個人肇逃否,職業,旅次目的,座標-X,座標-Y
111,3,30,8,57,2,01大同區,大同區台北橋機車道往台北下橋處,0,0,1,2,C03,8,2,5,40,14,11,1,5,4,5,7,2,1,1,5,5,2,13,2,38,2,9,1,1,7,9,1,10,1,12,,44,23,1,22,9,121.5110247,25.06285221
111,3,30,9,5,2,12內湖區,內湖區金龍路與金龍隧道口,0,0,1,1,C03,8,1,5,50,3,1,1,5,4,5,7,2,1,9,4,5,2,16,2,20,2,9,1,1,7,5,1,10,1,14,,8,8,1,22,9,121.5885671,25.08666488
111,3,30,9,5,2,12內湖區,內湖區金龍路與金龍隧道口,0,0,1,2,B12,8,1,5,50,3,1,1,5,4,5,7,2,1,9,4,5,2,16,2,48,3,10,3,4,7,9,1,8,1,2,,44,8,1,22,9,121.5885671,25.08666488
111,3,30,9,8,2,03中山區,中山區長春路158號,0,0,2,1,C03,8,1,5,50,14,8,1,5,4,5,7,4,4,9,4,4,2,16,1,68,2,8,1,4,7,5,1,10,1,11,,8,8,1,22,9,121.5325328,25.05478367
111,3,30,9,8,2,03中山區,中山區長春路158號,0,0,2,2,C03,8,1,5,50,14,8,1,5,4,5,7,4,4,9,4,4,2,16,2,39,2,9,1,4,7,9,1,10,1,14,,44,8,1,22,9,121.5325328,25.05478367
111,3,30,9,14,2,09北投區,北投區承德路6段與無名路口,0,0,1,1,B02,8,1,5,40,3,1,1,5,4,5,7,4,4,1,4,4,2,16,1,57,3,10,1,1,7,6,1,8,1,2,,9,9,1,22,9,121.5123191,25.10339211
111,3,30,9,14,2,09北投區,北投區承德路6段與無名路口,0,0,1,2,C03,8,1,5,40,3,1,1,5,4,5,7,4,4,1,4,4,2,16,1,23,2,8,1,1,7,9,1,10,1,14,,13,9,1,22,9,121.5123191,25.10339211
111,3,30,9,20,2,08士林區,士林區故宮路34巷與故宮路口,0,0,4,1,C03,7,1,5,50,3,2,1,5,4,5,7,2,1,1,4,5,1,17,1,40,2,9,1,1,7,9,1,10,1,11,,16,16,1,21,8,121.5470696,25.09675414
111,3,30,9,20,2,08士林區,士林區故宮路34巷與故宮路口,0,0,4,2,B01,7,1,5,50,3,2,1,5,4,5,7,2,1,1,4,5,1,17,1,53,3,10,1,1,7,6,1,4,1,3,,44,16,1,21,8,121.5470696,25.09675414
111,3,30,9,20,2,08士林區,士林區故宮路34巷與故宮路口,0,0,4,3,C03,7,1,5,50,3,2,1,5,4,5,7,2,1,1,4,5,1,17,1,71,2,9,1,1,7,9,1,10,1,12,,44,16,1,21,8,121.5470696,25.09675414
111,3,30,9,20,2,08士林區,士林區故宮路34巷與故宮路口,0,0,4,4,C03,7,1,5,50,3,2,1,5,4,5,7,2,1,1,4,5,1,17,1,25,2,8,1,1,7,9,1,10,1,14,,44,16,1,21,8,121.5470696,25.09675414
111,3,30,9,20,2,08士林區,士林區故宮路34巷與故宮路口,0,0,4,5,H02,7,1,5,50,3,2,1,5,4,5,7,2,1,1,4,5,1,17,2,20,2,8,4,5,7,20,8,20,10,16,,67,16,1,21,8,121.5470696,25.09675414
111,3,30,9,40,2,12內湖區,內湖區東湖路106巷9弄與無名巷口,0,0,2,1,C03,8,1,5,30,4,1,1,5,4,5,7,4,4,10,5,5,2,16,1,68,2,8,1,1,7,9,1,10,1,14,,6,6,1,22,9,121.6138141,25.06782932
111,3,30,9,40,2,12內湖區,內湖區東湖路106巷9弄與無名巷口,0,0,2,2,C03,8,1,5,30,4,1,1,5,4,5,7,4,4,10,5,5,2,16,1,24,2,7,1,1,7,9,1,10,1,11,,44,6,1,22,9,121.6138141,25.06782932
111,3,30,10,3,2,02萬華區,萬華區堤外便道桂林水門口,0,0,1,1,C03,8,1,5,40,14,9,1,5,4,5,7,1,1,5,4,5,1,17,1,34,2,9,1,1,7,9,1,10,2,14,,26,26,1,22,9,121.4959447,25.03892663
111,3,30,10,3,2,02萬華區,萬華區堤外便道桂林水門口,0,0,1,2,C03,8,1,5,40,14,9,1,5,4,5,7,1,1,5,4,5,1,17,1,62,3,10,1,1,7,11,1,10,2,15,,10,26,1,22,9,121.4959447,25.03892663
111,3,30,10,7,2,10文山區,文山區木柵路5段與萬福橋口,0,0,1,2,C03,8,1,5,50,3,4,1,5,4,5,7,2,1,5,4,4,2,13,1,51,3,10,1,1,7,9,1,10,1,13,,44,16,1,22,9,121.5839495,25.00293803
111,3,30,10,7,2,10文山區,文山區木柵路5段與萬福橋口,0,0,1,1,C03,8,1,5,50,3,4,1,5,4,5,7,2,1,5,4,4,2,13,1,63,2,7,1,1,7,9,1,10,1,11,,16,16,1,22,9,121.5839495,25.00293803
111,3,30,10,13,2,10文山區,文山區汀州路4段與溪洲街口,0,0,1,1,C03,8,1,5,30,3,1,1,5,4,5,7,3,1,5,5,5,2,12,1,68,3,10,1,1,7,9,1,10,1,12,,23,23,1,22,9,121.5354722,25.00381991
111,3,30,10,13,2,10文山區,文山區汀州路4段與溪洲街口,0,0,1,2,C03,8,1,5,30,3,1,1,5,4,5,7,3,1,5,5,5,2,12,2,28,2,9,1,1,7,5,1,10,1,14,,8,23,1,22,9,121.5354722,25.00381991
111,3,30,10,15,2,08士林區,士林區芝玉路1段197巷與忠義街123巷口,0,0,2,1,C03,8,1,5,30,4,2,1,5,4,5,7,3,1,9,5,5,1,17,2,22,2,8,1,1,7,9,1,10,1,11,,6,6,1,22,9,121.5333343,25.10766743
111,3,30,10,15,2,08士林區,士林區芝玉路1段197巷與忠義街123巷口,0,0,2,2,C03,8,1,5,30,4,2,1,5,4,5,7,3,1,9,5,5,1,17,2,29,2,7,1,1,7,9,1,10,1,12,,13,6,1,22,9,121.5333343,25.10766743
111,3,30,10,28,2,04大安區,大安區忠孝東路4段49巷與復興南路1段155巷口,0,0,1,1,B01,8,1,5,30,4,1,1,5,4,5,7,4,4,10,4,5,2,15,1,46,3,10,1,1,7,9,1,4,1,1,,6,6,1,22,9,121.5452779,25.04239169
111,3,30,10,28,2,04大安區,大安區忠孝東路4段49巷與復興南路1段155巷口,0,0,1,2,C03,8,1,5,30,4,1,1,5,4,5,7,4,4,10,4,5,2,15,2,39,2,7,1,1,7,9,1,10,1,12,,13,6,1,22,9,121.5452779,25.04239169
111,3,30,10,33,2,07信義區,信義區忠孝東路4段與忠孝東路4段554巷口,0,0,1,1,B03,8,1,5,30,3,1,1,5,4,5,7,4,4,1,4,5,2,17,2,64,3,10,3,4,7,6,1,8,1,8,,6,6,1,22,9,121.5636486,25.04109684
111,3,30,10,33,2,07信義區,信義區忠孝東路4段與忠孝東路4段554巷口,0,0,1,2,C03,8,1,5,30,3,1,1,5,4,5,7,4,4,1,4,5,2,17,1,31,2,8,3,4,7,9,1,10,1,12,,13,6,1,22,9,121.5636486,25.04109684
111,3,30,10,57,2,01大同區,大同區民權西路與蘭州街口,0,0,2,1,C03,8,1,5,50,3,2,1,5,4,5,7,1,1,9,4,5,1,12,1,22,2,9,1,1,7,9,1,10,1,12,,16,16,1,22,9,121.5146578,25.06285926
111,3,30,10,57,2,01大同區,大同區民權西路與蘭州街口,0,0,2,2,C03,8,1,5,50,3,2,1,5,4,5,7,1,1,9,4,5,1,12,1,19,2,8,1,1,7,9,1,10,1,14,,44,16,1,22,9,121.5146578,25.06285926
111,3,30,11,10,2,01大同區,大同區台北橋機車道往東(台北)下橋處,0,0,1,1,,8,1,5,40,8,11,1,5,4,5,7,1,1,1,2,5,2,17,4,,4,11,3,4,7,15,7,19,11,15,,43,43,2,22,9,121.5109563,25.06283411
111,3,30,11,10,2,01大同區,大同區台北橋機車道往東(台北)下橋處,0,0,1,2,C03,8,1,5,40,8,11,1,5,4,5,7,1,1,1,2,5,2,17,1,43,2,9,1,1,7,9,1,10,1,12,,44,43,1,22,9,121.5109563,25.06283411
111,3,30,11,35,2,10文山區,文山區木柵路2段與木柵路2段138巷口,0,0,1,1,B03,8,1,5,50,14,9,1,5,4,5,7,1,1,5,2,5,2,16,1,67,3,10,1,1,7,5,1,8,2,5,,43,43,1,22,9,121.5617703,24.9888253
111,3,30,11,35,2,10文山區,文山區木柵路2段與木柵路2段138巷口,0,0,1,2,C03,8,1,5,50,14,9,1,5,4,5,7,1,1,5,2,5,2,16,2,27,2,5,1,1,7,9,1,10,2,12,,43,43,1,22,9,121.5617703,24.9888253
111,3,30,11,50,2,04大安區,大安區大安路1段75巷與忠孝東路4段77巷口,0,0,2,1,C04,7,1,5,30,4,1,1,5,4,5,7,4,4,10,5,5,2,15,2,25,2,9,3,4,7,9,1,10,1,12,,13,13,1,22,9,121.5471836,25.04215784
111,3,30,11,50,2,04大安區,大安區大安路1段75巷與忠孝東路4段77巷口,0,0,2,2,C03,7,1,5,30,4,1,1,5,4,5,7,4,4,10,5,5,2,15,1,36,2,5,3,4,7,9,1,9,1,14,,13,13,1,22,9,121.5471836,25.04215784
111,3,30,12,0,2,04大安區,大安區信義路4段與通安街口,0,0,1,1,C03,8,1,5,50,3,2,1,5,4,5,7,4,4,1,4,5,2,17,1,38,2,8,1,1,7,9,1,10,1,11,,44,44,1,22,9,121.5533453,25.03306702
111,3,30,12,0,2,04大安區,大安區信義路4段與通安街口,0,0,1,2,B03,8,1,5,50,3,2,1,5,4,5,7,4,4,1,4,5,2,17,1,54,3,10,1,1,7,6,1,7,1,15,,9,44,1,22,9,121.5533453,25.03306702
111,3,30,12,14,2,01大同區,大同區忠孝西路2段與西寧北路口,0,0,1,1,B12,8,1,5,50,14,9,1,5,4,5,7,4,4,9,4,5,1,13,1,31,3,10,1,1,7,9,1,8,2,8,,16,16,1,22,9,121.5078294,25.04926543
111,3,30,12,14,2,01大同區,大同區忠孝西路2段與西寧北路口,0,0,1,2,C03,8,1,5,50,14,9,1,5,4,5,7,4,4,9,4,5,1,13,1,72,2,9,1,1,7,9,1,10,1,13,,44,16,1,22,9,121.5078294,25.04926543
111,3,30,12,19,2,02萬華區,萬華區康定路與廣州街口,0,0,1,1,C03,8,1,5,50,4,1,1,5,4,5,7,1,1,8,3,5,1,17,1,36,3,10,1,1,7,6,1,9,1,12,,9,9,1,22,9,121.5014708,25.0365941
111,3,30,12,19,2,02萬華區,萬華區康定路與廣州街口,0,0,1,2,C03,8,1,5,50,4,1,1,5,4,5,7,1,1,8,3,5,1,17,2,51,2,5,1,1,7,9,1,10,1,14,,44,9,1,22,9,121.5014708,25.0365941
111,3,30,12,27,2,09北投區,北投區公館路與光明路口,0,0,1,1,B03,8,1,5,50,3,1,1,5,4,5,7,3,1,5,4,5,2,16,1,22,3,10,1,1,7,5,1,8,2,1,,6,6,1,22,9,121.5020211,25.1335628
111,3,30,12,27,2,09北投區,北投區公館路與光明路口,0,0,1,2,C03,8,1,5,50,3,1,1,5,4,5,7,3,1,5,4,5,2,16,2,36,2,8,1,1,7,9,1,10,2,13,,44,6,1,22,9,121.5020211,25.1335628
111,3,30,12,33,2,12內湖區,內湖區瑞湖街北向南(涵洞口),0,0,1,3,H02,8,1,5,50,9,9,1,5,4,5,7,4,4,5,5,5,2,14,2,21,2,8,1,5,7,20,8,20,10,16,,67,12,1,22,9,121.5764209,25.0705092
111,3,30,12,33,2,12內湖區,內湖區瑞湖街北向南(涵洞口),0,0,1,1,B12,8,1,5,50,9,9,1,5,4,5,7,4,4,5,5,5,2,14,1,29,3,10,1,1,7,2,1,2,1,6,,12,12,1,22,9,121.5764209,25.0705092
111,3,30,12,33,2,12內湖區,內湖區瑞湖街北向南(涵洞口),0,0,1,2,C03,8,1,5,50,9,9,1,5,4,5,7,4,4,5,5,5,2,14,1,20,3,10,1,1,7,15,1,10,1,14,,44,12,1,22,9,121.5764209,25.0705092
111,3,30,12,40,2,02萬華區,萬華區桂林路136號,0,0,2,1,F01,8,1,5,0,14,8,1,5,4,5,7,4,4,5,4,4,2,10,1,52,2,9,1,1,7,8,8,20,8,16,,4,4,1,22,9,121.4987024,25.0383879
111,3,30,12,40,2,02萬華區,萬華區桂林路136號,0,0,2,2,C03,8,1,5,0,14,8,1,5,4,5,7,4,4,5,4,4,2,10,2,30,2,9,1,1,7,9,1,10,2,12,,44,4,1,22,9,121.4987024,25.0383879
111,3,30,13,28,2,01大同區,大同區環河北路1段玉泉公園停車場旁,0,0,1,1,B03,8,1,5,50,14,9,1,5,4,5,7,4,4,5,4,5,2,16,1,48,3,10,1,1,7,6,1,8,2,5,,9,9,1,22,9,121.5066619,25.04997308
111,3,30,13,28,2,01大同區,大同區環河北路1段玉泉公園停車場旁,0,0,1,2,C03,8,1,5,50,14,9,1,5,4,5,7,4,4,5,4,5,2,16,1,29,2,9,1,1,7,9,1,10,2,14,,44,9,1,22,9,121.5066619,25.04997308
111,3,30,14,5,2,06松山區,松山區三民路與三民路107巷口,0,0,1,1,C03,8,1,5,50,3,2,1,5,4,5,7,4,4,1,4,5,2,12,2,27,2,9,1,1,7,7,1,10,1,14,,7,7,1,22,9,121.5634607,25.0578252
111,3,30,14,5,2,06松山區,松山區三民路與三民路107巷口,0,0,1,2,B03,8,1,5,50,3,2,1,5,4,5,7,4,4,1,4,5,2,12,1,39,3,10,1,1,7,9,1,8,1,2,,44,7,1,22,9,121.5634607,25.0578252
111,3,30,14,32,2,09北投區,北投區承德路7段413巷與無名巷口,0,0,1,1,B03,8,1,5,30,3,1,1,5,4,5,7,4,4,9,5,5,2,16,1,43,3,10,1,1,7,5,1,8,2,5,,8,8,1,22,9,121.5000297,25.11804928
111,3,30,14,32,2,09北投區,北投區承德路7段413巷與無名巷口,0,0,1,2,C03,8,1,5,30,3,1,1,5,4,5,7,4,4,9,5,5,2,16,1,77,2,9,1,1,7,9,1,10,2,12,,44,8,1,22,9,121.5000297,25.11804928
111,3,30,15,10,2,05中正區,中正區重慶南路1段132號,0,0,1,1,C03,8,1,5,50,14,7,1,5,4,5,7,4,4,4,3,5,2,13,1,24,2,9,1,1,7,9,1,10,2,11,,23,23,1,22,9,121.512662,25.0368296
111,3,30,15,10,2,05中正區,中正區重慶南路1段132號,0,0,1,2,C03,8,1,5,50,14,7,1,5,4,5,7,4,4,4,3,5,2,13,1,22,3,10,1,1,7,12,1,10,2,13,,44,23,1,22,9,121.512662,25.0368296
111,3,30,15,35,2,06松山區,松山區光復北路1號,0,0,1,2,C03,8,1,5,50,4,1,1,5,4,5,7,1,1,1,4,5,2,17,1,35,2,8,1,1,7,9,1,10,1,14,,44,23,1,22,9,121.5579022,25.04825396
111,3,30,15,35,2,06松山區,松山區光復北路1號,0,0,1,3,B03,8,1,5,50,4,1,1,5,4,5,7,1,1,1,4,5,2,17,2,48,3,10,1,1,7,9,1,8,1,7,,44,23,1,22,9,121.5579022,25.04825396
111,3,30,15,35,2,06松山區,松山區光復北路1號,0,0,1,1,C03,8,1,5,50,4,1,1,5,4,5,7,1,1,1,4,5,2,17,1,43,3,10,1,1,7,9,1,10,1,11,,23,23,1,22,9,121.5579022,25.04825396
111,3,30,15,40,2,08士林區,士林區文林路與雙溪街口,0,0,1,1,C03,8,1,5,50,5,2,1,5,4,5,7,1,1,5,5,5,2,13,1,19,3,10,1,1,7,9,1,10,1,11,,43,43,1,22,9,121.5233798,25.0996841
111,3,30,15,40,2,08士林區,士林區文林路與雙溪街口,0,0,1,2,C03,8,1,5,50,5,2,1,5,4,5,7,1,1,5,5,5,2,13,1,53,2,8,1,1,7,12,1,10,1,13,,43,43,1,22,9,121.5233798,25.0996841
111,3,30,15,47,2,08士林區,士林區承德路4段70號,0,0,1,1,C03,8,1,5,50,14,9,1,5,4,5,7,4,4,1,4,4,2,12,1,32,2,9,1,1,7,7,1,10,2,14,,7,7,1,22,9,121.5229593,25.08199747
111,3,30,15,47,2,08士林區,士林區承德路4段70號,0,0,1,2,B03,8,1,5,50,14,9,1,5,4,5,7,4,4,1,4,4,2,12,2,60,3,10,1,1,7,9,1,8,2,2,,44,7,1,22,9,121.5229593,25.08199747
111,3,30,15,50,2,01大同區,大同區重慶北路1段與長安西路口,0,0,1,1,B12,8,1,5,50,4,1,1,5,4,5,7,2,1,1,5,5,2,16,1,22,3,10,1,1,7,5,1,8,1,6,,8,8,1,22,9,121.5138724,25.05161253
111,3,30,15,50,2,01大同區,大同區重慶北路1段與長安西路口,0,0,1,2,C03,8,1,5,50,4,1,1,5,4,5,7,2,1,1,5,5,2,16,1,21,2,9,1,1,7,9,1,10,1,11,,44,8,1,22,9,121.5138724,25.05161253
111,3,30,16,5,2,07信義區,信義區松壽路與松智路口,0,0,1,1,B03,8,1,5,50,4,1,1,5,4,5,7,2,1,10,5,5,2,17,2,43,3,10,1,1,7,5,1,8,1,5,,6,6,1,22,9,121.5654455,25.03583665
111,3,30,16,5,2,07信義區,信義區松壽路與松智路口,0,0,1,2,C03,8,1,5,50,4,1,1,5,4,5,7,2,1,10,5,5,2,17,1,33,2,9,1,1,7,9,1,10,1,11,,44,6,1,22,9,121.5654455,25.03583665
111,3,30,16,11,2,07信義區,信義區基隆路1段102巷內,0,0,1,1,F01,8,1,5,50,14,9,1,5,4,5,7,4,4,9,5,5,1,10,1,16,3,10,1,1,7,9,8,20,1,16,,4,4,1,22,9,121.5665844,25.04532982
111,3,30,16,11,2,07信義區,信義區基隆路1段102巷內,0,0,1,2,C03,8,1,5,50,14,9,1,5,4,5,7,4,4,9,5,5,1,10,1,40,2,9,1,1,7,9,1,10,2,12,,44,4,1,22,9,121.5665844,25.04532982
111,3,30,16,17,2,10文山區,文山區崇德街(070號燈桿),0,0,1,1,C03,8,1,5,30,14,9,2,5,4,5,7,4,4,10,5,5,2,17,1,20,2,7,1,4,7,15,1,10,1,11,,5,5,1,22,9,121.5730669,25.01261891
111,3,30,16,17,2,10文山區,文山區崇德街(070號燈桿),0,0,1,2,B03,8,1,5,30,14,9,2,5,4,5,7,4,4,10,5,5,2,17,1,56,3,10,3,4,7,9,1,7,1,5,,13,5,1,22,9,121.5730669,25.01261891
111,3,30,16,18,2,06松山區,松山區敦化北路120巷與慶城街口,0,0,3,1,C03,8,1,5,30,3,2,1,5,4,5,7,4,4,9,4,5,2,17,1,70,2,8,1,4,7,6,1,10,1,11,,6,6,1,22,9,121.5460785,25.05434064
111,3,30,16,18,2,06松山區,松山區敦化北路120巷與慶城街口,0,0,3,2,C04,8,1,5,30,3,2,1,5,4,5,7,4,4,9,4,5,2,17,1,48,2,9,1,4,7,9,1,10,1,11,,13,6,1,22,9,121.5460785,25.05434064
111,3,30,16,18,2,06松山區,松山區敦化北路120巷與慶城街口,0,0,3,3,H02,8,1,5,30,3,2,1,5,4,5,7,4,4,9,4,5,2,17,2,3,2,8,4,5,7,20,8,20,10,15,,67,6,1,22,9,121.5460785,25.05434064
111,3,30,16,22,2,04大安區,大安區芳蘭路與長興街口,0,0,1,1,C03,8,1,5,50,4,1,1,5,4,5,7,1,1,5,4,5,2,16,1,20,2,9,1,1,7,9,1,8,1,14,,42,42,1,22,9,121.5474519,25.0149774
111,3,30,16,22,2,04大安區,大安區芳蘭路與長興街口,0,0,1,2,B03,8,1,5,50,4,1,1,5,4,5,7,1,1,5,4,5,2,16,1,38,3,10,1,1,7,5,1,8,1,15,,6,42,1,22,9,121.5474519,25.0149774
111,3,30,16,40,2,07信義區,信義區忠孝東路5段536號,0,0,1,1,C03,8,1,5,50,14,9,1,5,4,5,7,4,4,10,4,5,2,17,1,25,2,7,1,1,7,9,1,10,2,12,,23,23,1,22,9,121.5796714,25.04175585
111,3,30,16,40,2,07信義區,信義區忠孝東路5段536號,0,0,1,2,B01,8,1,5,50,14,9,1,5,4,5,7,4,4,10,4,5,2,17,1,60,3,10,1,1,7,9,1,8,2,5,,44,23,1,22,9,121.5796714,25.04175585
111,3,30,16,40,2,07信義區,信義區忠孝東路5段536號,0,0,1,3,G01,8,1,5,50,14,9,1,5,4,5,7,4,4,10,4,5,2,17,2,67,3,10,1,1,7,1,7,19,2,15,,19,23,2,22,9,121.5796714,25.04175585
111,3,30,16,54,2,02萬華區,萬華區西園路2段372巷與西園路2段372巷15弄口,0,0,1,1,C03,8,1,5,30,3,1,1,5,4,5,7,4,4,10,5,5,2,17,1,20,3,10,1,1,7,9,1,10,1,12,,43,43,1,22,9,121.4906402,25.02608395
111,3,30,16,54,2,02萬華區,萬華區西園路2段372巷與西園路2段372巷15弄口,0,0,1,2,F01,8,1,5,30,3,1,1,5,4,5,7,4,4,10,5,5,2,17,2,56,2,9,1,1,7,15,8,20,1,16,,43,43,1,22,9,121.4906402,25.02608395
111,3,30,16,59,2,03中山區,中山區長安東路2段與八德路2段199巷口,0,0,2,1,C03,8,1,5,50,4,1,1,5,4,5,7,1,1,5,4,5,2,16,1,55,2,9,1,1,7,11,1,10,1,11,,26,26,1,22,9,121.5392203,25.04831997
111,3,30,16,59,2,03中山區,中山區長安東路2段與八德路2段199巷口,0,0,2,2,C03,8,1,5,50,4,1,1,5,4,5,7,1,1,5,4,5,2,16,1,24,2,9,1,1,7,9,1,10,1,11,,13,26,1,22,9,121.5392203,25.04831997
111,3,30,16,59,2,03中山區,中山區長安東路2段與八德路2段199巷口,0,0,2,3,B11,8,1,5,50,4,1,1,5,4,5,7,1,1,5,4,5,2,16,1,38,3,10,1,1,7,13,1,4,1,3,,38,26,1,22,9,121.5392203,25.04831997
111,3,30,17,0,2,08士林區,士林區德行東路109巷與德行東路109巷64弄口,0,0,2,1,C03,8,1,5,30,4,1,1,5,4,5,7,4,4,5,5,5,2,17,1,41,2,9,1,1,7,9,1,10,1,12,,6,6,1,22,9,121.5285166,25.10952308
111,3,30,17,0,2,08士林區,士林區德行東路109巷與德行東路109巷64弄口,0,0,2,2,B03,8,1,5,30,4,1,1,5,4,5,7,4,4,5,5,5,2,17,2,50,3,10,1,1,7,9,1,8,1,1,,14,6,1,22,9,121.5285166,25.10952308
111,3,30,17,0,2,08士林區,士林區德行東路109巷與德行東路109巷64弄口,0,0,2,3,H01,8,1,5,30,4,1,1,5,4,5,7,4,4,5,5,5,2,17,1,76,2,9,4,5,8,16,8,20,10,16,,67,6,1,22,9,121.5285166,25.10952308
111,3,30,17,30,2,04大安區,大安區復興南路2段78巷與復興南路2段口,0,0,1,1,B12,8,1,5,50,4,1,1,5,4,5,7,1,1,1,3,5,2,12,1,26,3,10,1,1,7,6,1,8,1,2,,9,9,1,22,9,121.5434311,25.03109387
111,3,30,17,30,2,04大安區,大安區復興南路2段78巷與復興南路2段口,0,0,1,2,C03,8,1,5,50,4,1,1,5,4,5,7,1,1,1,3,5,2,12,2,46,2,8,1,1,7,9,1,10,1,11,,23,9,1,22,9,121.5434311,25.03109387
111,3,30,17,34,2,08士林區,士林區重陽橋往三重,0,0,1,1,C03,8,2,5,25,14,11,1,5,4,5,7,4,4,10,4,5,1,13,1,20,3,10,1,1,7,9,1,10,1,11,,23,23,1,22,9,121.5039316,25.08529028
111,3,30,17,34,2,08士林區,士林區重陽橋往三重,0,0,1,2,C03,8,2,5,25,14,11,1,5,4,5,7,4,4,10,4,5,1,13,1,31,2,8,1,1,7,14,1,10,1,13,,44,23,1,22,9,121.5039316,25.08529028
111,3,30,17,45,2,07信義區,信義區基隆路2段52號,0,0,1,1,A02,8,1,5,50,14,9,1,5,4,5,7,4,4,1,4,5,2,9,1,51,3,10,1,1,7,14,1,2,1,2,,43,43,1,22,9,121.5584484,25.0314138
111,3,30,17,45,2,07信義區,信義區基隆路2段52號,0,0,1,2,H02,8,1,5,50,14,9,1,5,4,5,7,4,4,1,4,5,2,9,2,2,2,8,4,5,7,17,8,20,10,16,,67,43,1,22,9,121.5584484,25.0314138
111,3,30,17,50,2,10文山區,文山區木新路2段79巷12弄與木新路2段161巷19弄口,0,0,2,1,C03,8,1,5,30,3,1,1,5,4,5,7,4,4,10,5,5,2,10,2,52,2,9,1,1,7,9,1,10,1,11,,6,6,1,22,9,121.5709083,24.98398551
111,3,30,17,50,2,10文山區,文山區木新路2段79巷12弄與木新路2段161巷19弄口,0,0,2,2,C03,8,1,5,30,3,1,1,5,4,5,7,4,4,10,5,5,2,10,2,51,2,9,1,1,7,9,1,10,1,11,,14,6,1,22,9,121.5709083,24.98398551
111,3,30,18,0,2,07信義區,信義區虎林街202巷口側附近,0,0,1,1,B03,8,3,5,50,4,1,1,5,4,5,7,4,4,9,5,5,2,17,1,62,3,10,1,1,7,5,1,8,1,1,,8,8,1,22,9,121.5764447,25.03789042
111,3,30,18,0,2,07信義區,信義區虎林街202巷口側附近,0,0,1,2,C03,8,3,5,50,4,1,1,5,4,5,7,4,4,9,5,5,2,17,1,19,2,9,1,1,7,9,1,10,1,12,,23,8,1,22,9,121.5764447,25.03789042
111,3,30,18,0,2,07信義區,信義區虎林街202巷口側附近,0,0,1,3,B11,8,3,5,50,4,1,1,5,4,5,7,4,4,9,5,5,2,17,1,37,3,10,1,1,7,13,1,8,11,15,,38,8,2,22,9,121.5764447,25.03789042
111,3,30,18,1,2,08士林區,士林區中山北路6段與中山北路6段195巷口,0,0,2,1,C03,8,3,5,50,14,9,1,5,4,5,7,4,4,1,4,5,1,16,1,64,2,9,1,1,7,9,1,10,1,14,,23,23,1,22,9,121.5250651,25.1078937
111,3,30,18,1,2,08士林區,士林區中山北路6段與中山北路6段195巷口,0,0,2,2,B12,8,3,5,50,14,9,1,5,4,5,7,4,4,1,4,5,1,16,1,19,3,10,1,1,7,7,1,8,1,2,,7,23,1,22,9,121.5250651,25.1078937
111,3,30,18,1,2,08士林區,士林區中山北路6段與中山北路6段195巷口,0,0,2,3,H02,8,3,5,50,14,9,1,5,4,5,7,4,4,1,4,5,1,16,1,54,2,9,1,5,7,20,8,20,10,16,,67,23,1,22,9,121.5250651,25.1078937
111,3,30,18,2,2,09北投區,北投區大度路3段與聖景路口,0,0,1,1,C03,8,3,5,50,5,1,1,5,4,5,7,2,1,1,2,4,2,13,2,24,2,8,1,1,7,9,1,10,1,11,,16,16,1,22,9,121.4641828,25.12380118
111,3,30,18,2,2,09北投區,北投區大度路3段與聖景路口,0,0,1,2,C03,8,3,5,50,5,1,1,5,4,5,7,2,1,1,2,4,2,13,1,21,3,10,1,1,7,9,1,10,1,13,,23,16,1,22,9,121.4641828,25.12380118
111,3,30,18,8,2,07信義區,信義區松壽路1號,0,0,1,1,C03,7,1,5,50,15,9,1,5,4,5,7,4,4,10,5,5,2,17,1,33,3,10,1,1,7,1,1,10,1,11,,19,19,1,22,9,121.5629107,25.03597741
111,3,30,18,8,2,07信義區,信義區松壽路1號,0,0,1,2,C02,7,1,5,50,15,9,1,5,4,5,7,4,4,10,5,5,2,17,1,21,3,10,1,1,7,6,1,9,1,12,,42,19,1,22,9,121.5629107,25.03597741
111,3,30,18,8,2,07信義區,信義區松壽路1號,0,0,1,3,H02,7,1,5,50,15,9,1,5,4,5,7,4,4,10,5,5,2,17,2,25,2,7,4,5,7,21,8,20,10,16,,67,19,1,22,9,121.5629107,25.03597741
111,3,30,18,20,2,06松山區,松山區復興北路地下道北往南,0,0,2,1,C03,8,3,5,40,14,9,1,5,4,5,7,4,4,7,2,5,2,13,2,20,2,3,1,1,7,12,1,10,1,11,,23,23,1,22,9,121.5442361,25.0691614