發生年度,發生月,發生日,發生時-Hours,發生分,處理別-編號,區序,肇事地點,死亡人數,2-30日死亡人數,受傷人數,當事人序號,車種,天候,光線,道路類別,速限-速度限制,道路型態,事故位置,路面狀況1,路面狀況2,路面狀況3,道路障礙1,道路障礙2,號誌1,號誌2,車道劃分-分向,車道劃分-分道1,車道劃分-分道2,車道劃分-分道3,事故類型及型態,性別,年齡,受傷程度,主要傷處,安全帽,行動電話,車輛用途,當事者行動狀態,駕駛資格情形,駕駛執照種類,飲酒情形,車輛撞擊部位1,車輛撞擊部位2,肇因碼-個別,肇因碼-主要,個人肇逃否,職業,旅次目的,座標-X,座標-Y
111,3,30,18,20,2,06松山區,松山區復興北路地下道北往南,0,0,2,2,C03,8,3,5,40,14,9,1,5,4,5,7,4,4,7,2,5,2,13,1,43,3,10,1,1,7,12,1,10,1,13,,44,23,1,22,9,121.5442361,25.0691614
111,3,30,18,20,2,06松山區,松山區復興北路地下道北往南,0,0,2,3,H02,8,3,5,40,14,9,1,5,4,5,7,4,4,7,2,5,2,13,2,20,2,8,1,1,7,21,8,20,10,16,,67,23,1,22,9,121.5442361,25.0691614
111,3,30,18,25,2,01大同區,大同區庫倫街4號與酒泉街50巷口,0,0,2,1,C03,8,3,5,50,3,1,1,5,4,5,7,4,4,9,4,5,2,11,1,43,2,9,3,4,7,5,1,10,1,12,,8,8,1,22,9,121.5167932,25.0718162
111,3,30,18,25,2,01大同區,大同區庫倫街4號與酒泉街50巷口,0,0,2,2,C03,8,3,5,50,3,1,1,5,4,5,7,4,4,9,4,5,2,11,1,27,2,9,3,4,7,9,1,10,1,11,,44,8,1,22,9,121.5167932,25.0718162
111,3,30,18,50,2,06松山區,松山區濱江街362號前迴轉道,0,0,1,2,C03,8,3,5,50,15,9,1,5,4,5,7,2,1,1,4,5,2,16,1,35,2,9,1,1,7,9,1,10,2,14,,44,6,1,22,9,121.5512213,25.0721596
111,3,30,18,50,2,06松山區,松山區濱江街362號前迴轉道,0,0,1,1,B12,8,3,5,50,15,9,1,5,4,5,7,2,1,1,4,5,2,16,1,24,3,10,1,1,7,5,1,8,2,1,,6,6,1,22,9,121.5512213,25.0721596
111,3,30,18,52,2,04大安區,大安區和平東路3段與敦化南路2段口,0,0,1,1,B03,7,3,5,50,4,1,1,5,4,5,7,2,1,5,4,1,2,16,1,77,3,10,1,1,7,5,1,8,1,6,,6,6,1,22,9,121.5489986,25.02448857
111,3,30,18,52,2,04大安區,大安區和平東路3段與敦化南路2段口,0,0,1,2,C03,7,3,5,50,4,1,1,5,4,5,7,2,1,5,4,1,2,16,1,24,2,9,1,1,7,9,1,10,1,12,,25,6,1,22,9,121.5489986,25.02448857
111,3,30,18,58,2,05中正區,中正區新生南路1段170巷與信義路2段243巷口,0,0,1,1,B03,8,3,5,30,4,1,1,5,4,5,7,4,4,7,4,5,2,15,2,52,3,10,1,1,7,9,1,8,1,1,,6,6,1,22,9,121.53116,25.03422378
111,3,30,18,58,2,05中正區,中正區新生南路1段170巷與信義路2段243巷口,0,0,1,2,C03,8,3,5,30,4,1,1,5,4,5,7,4,4,7,4,5,2,15,1,40,2,8,1,1,7,9,1,10,1,12,,14,6,1,22,9,121.53116,25.03422378
111,3,30,19,13,2,04大安區,大安區建國南路1段177號,0,0,2,1,C03,8,3,5,40,14,7,1,5,4,5,7,4,4,1,4,4,2,17,1,32,2,9,3,4,7,7,1,10,2,14,,7,7,1,22,9,121.5381775,25.03960008
111,3,30,19,13,2,04大安區,大安區建國南路1段177號,0,0,2,2,C03,8,3,5,40,14,7,1,5,4,5,7,4,4,1,4,4,2,17,1,47,2,9,3,4,7,9,1,10,2,12,,44,7,1,22,9,121.5381775,25.03960008
111,3,30,19,28,2,04大安區,大安區忠孝東路3段276巷與忠孝東路3段248巷13弄口,0,0,1,1,B02,7,3,5,30,3,1,1,5,4,5,7,4,4,10,4,5,2,16,1,36,3,10,1,1,7,5,1,8,1,1,,6,6,1,22,9,121.5424385,25.0406624
111,3,30,19,28,2,04大安區,大安區忠孝東路3段276巷與忠孝東路3段248巷13弄口,0,0,1,2,C03,7,3,5,30,3,1,1,5,4,5,7,4,4,10,4,5,2,16,1,62,2,7,1,1,7,9,1,10,1,12,,14,6,1,22,9,121.5424385,25.0406624
111,3,30,19,56,2,10文山區,文山區興隆路2段與興隆路2段95巷口,0,0,1,1,B03,8,3,5,50,5,1,1,5,4,5,7,1,1,1,4,5,2,16,1,44,3,10,1,1,7,5,1,8,1,1,,8,8,1,22,9,121.5472429,24.99939245
111,3,30,19,56,2,10文山區,文山區興隆路2段與興隆路2段95巷口,0,0,1,2,C03,8,3,5,50,5,1,1,5,4,5,7,1,1,1,4,5,2,16,1,23,2,9,1,1,7,9,1,10,1,11,,23,8,1,22,9,121.5472429,24.99939245
111,3,30,20,5,2,09北投區,北投區天母西路與天母西路130巷口,0,0,3,1,C03,7,3,5,50,4,1,1,5,4,5,7,1,1,10,5,5,2,16,1,50,2,9,1,1,7,5,1,10,2,12,,6,6,1,22,9,121.5224051,25.11907003
111,3,30,20,5,2,09北投區,北投區天母西路與天母西路130巷口,0,0,3,2,C03,7,3,5,50,4,1,1,5,4,5,7,1,1,10,5,5,2,16,2,33,2,9,1,1,7,9,1,10,2,11,,44,6,1,22,9,121.5224051,25.11907003
111,3,30,20,5,2,09北投區,北投區天母西路與天母西路130巷口,0,0,3,3,H02,7,3,5,50,4,1,1,5,4,5,7,1,1,10,5,5,2,16,2,34,2,9,1,5,7,20,8,20,10,15,,67,6,1,22,9,121.5224051,25.11907003
111,3,30,21,2,2,05中正區,中正區重慶南路1段與開封街1段口,0,0,2,1,C03,8,3,5,50,4,1,1,5,4,5,7,2,1,10,4,5,2,12,2,23,2,9,1,1,7,1,1,10,2,12,,19,19,1,22,9,121.5132581,25.04599361
111,3,30,21,2,2,05中正區,中正區重慶南路1段與開封街1段口,0,0,2,2,C03,8,3,5,50,4,1,1,5,4,5,7,2,1,10,4,5,2,12,2,27,2,9,1,1,7,9,1,10,2,14,,44,19,1,22,9,121.5132581,25.04599361
111,3,30,21,16,2,12內湖區,內湖區民權東路6段15巷與瑞湖街口,0,0,2,1,C03,7,3,5,30,4,1,1,5,4,5,7,1,1,5,4,5,1,17,1,33,2,9,1,1,7,5,1,10,1,14,,8,8,1,22,9,121.5765311,25.06902239
111,3,30,21,16,2,12內湖區,內湖區民權東路6段15巷與瑞湖街口,0,0,2,2,C03,7,3,5,30,4,1,1,5,4,5,7,1,1,5,4,5,1,17,2,28,2,9,1,1,7,9,1,9,1,12,,44,8,1,22,9,121.5765311,25.06902239
111,3,30,21,18,2,08士林區,士林區福林路與無名巷口士林官邸(2110030燈桿),0,0,1,1,B12,7,3,5,50,3,1,1,5,4,5,7,4,4,5,5,5,1,16,1,49,3,10,1,1,7,11,1,8,2,2,,10,10,1,22,9,121.5304353,25.09531489
111,3,30,21,18,2,08士林區,士林區福林路與無名巷口士林官邸(2110030燈桿),0,0,1,2,C03,7,3,5,50,3,1,1,5,4,5,7,4,4,5,5,5,1,16,1,21,2,9,1,1,7,9,1,10,9,11,,23,10,1,22,9,121.5304353,25.09531489
111,3,30,21,30,2,09北投區,北投區中央北路3段53巷與中央北路3段口,0,0,1,1,B03,7,1,5,50,3,1,1,5,4,5,7,2,1,5,4,5,2,17,1,24,3,10,1,1,7,5,1,8,1,1,,6,6,1,22,9,121.4859153,25.1378188
111,3,30,21,30,2,09北投區,北投區中央北路3段53巷與中央北路3段口,0,0,1,2,C03,7,1,5,50,3,1,1,5,4,5,7,2,1,5,4,5,2,17,2,33,2,9,1,1,7,9,1,10,1,11,,44,6,1,22,9,121.4859153,25.1378188
111,3,30,21,40,2,04大安區,大安區潮州街與潮州街60巷口,0,0,1,3,B03,8,3,5,50,3,1,1,5,4,5,7,4,4,9,5,5,2,17,2,36,3,10,1,1,7,9,1,8,2,8,,44,6,1,22,9,121.523777,25.029241
111,3,30,21,40,2,04大安區,大安區潮州街與潮州街60巷口,0,0,1,1,B03,8,3,5,50,3,1,1,5,4,5,7,4,4,9,5,5,2,17,1,53,3,10,1,1,7,5,1,8,2,1,,6,6,1,22,9,121.523777,25.029241
111,3,30,21,40,2,04大安區,大安區潮州街與潮州街60巷口,0,0,1,2,C02,8,3,5,50,3,1,1,5,4,5,7,4,4,9,5,5,2,17,1,22,2,8,1,1,7,9,1,9,2,11,,23,6,1,22,9,121.523777,25.029241
111,3,30,21,59,2,06松山區,松山區復興北路231巷11號口,0,0,1,1,B03,8,3,5,30,14,9,1,5,4,5,7,4,4,10,5,5,2,16,2,28,3,10,1,1,7,1,1,8,1,8,,19,19,1,22,9,121.5453522,25.05704241
111,3,30,21,59,2,06松山區,松山區復興北路231巷11號口,0,0,1,2,C03,8,3,5,30,14,9,1,5,4,5,7,4,4,10,5,5,2,16,2,21,2,9,1,1,7,9,1,10,1,14,,44,19,1,22,9,121.5453522,25.05704241
111,3,30,22,0,2,07信義區,信義區忠孝東路5段345巷與忠孝東路5段423巷5弄口,0,0,1,1,B02,8,3,5,30,4,1,1,5,4,5,7,4,4,10,5,5,2,15,2,30,3,10,3,4,7,9,1,8,1,1,,6,6,1,22,9,121.5740569,25.04179917
111,3,30,22,0,2,07信義區,信義區忠孝東路5段345巷與忠孝東路5段423巷5弄口,0,0,1,2,C03,8,3,5,30,4,1,1,5,4,5,7,4,4,10,5,5,2,15,2,39,2,9,3,4,7,9,1,10,1,14,,14,6,1,22,9,121.5740569,25.04179917
111,3,30,22,4,2,06松山區,松山區南京東路5段291巷20弄與南京東路5段251巷口口,0,0,2,1,C03,7,3,5,30,4,1,1,5,4,5,7,4,4,10,5,5,2,10,2,48,2,9,1,1,7,9,1,10,1,12,,6,6,1,22,9,121.5651081,25.0524379
111,3,30,22,4,2,06松山區,松山區南京東路5段291巷20弄與南京東路5段251巷口口,0,0,2,2,C03,7,3,5,30,4,1,1,5,4,5,7,4,4,10,5,5,2,10,2,55,2,9,1,1,7,9,1,10,1,11,,44,6,1,22,9,121.5651081,25.0524379
111,3,30,22,30,2,12內湖區,內湖區堤頂大道1段331號,0,0,1,1,C03,8,3,5,50,14,9,1,5,4,5,7,4,4,3,5,5,2,16,1,29,2,9,1,1,7,1,1,10,2,15,,19,19,1,22,9,121.5729759,25.06268867
111,3,30,22,30,2,12內湖區,內湖區堤頂大道1段331號,0,0,1,2,B03,8,3,5,50,14,9,1,5,4,5,7,4,4,3,5,5,2,16,1,56,3,10,1,1,7,9,1,8,2,5,,44,19,1,22,9,121.5729759,25.06268867
111,3,31,0,19,2,04大安區,大安區敦化南路1段與敦化南路1段187巷口,0,0,1,1,B01,8,3,5,50,4,1,1,5,4,5,7,1,1,1,3,5,2,12,1,40,3,10,1,1,7,6,1,4,1,6,,9,9,1,22,9,121.5491287,25.04259573
111,3,31,0,19,2,04大安區,大安區敦化南路1段與敦化南路1段187巷口,0,0,1,2,C03,8,3,5,50,4,1,1,5,4,5,7,1,1,1,3,5,2,12,1,23,2,8,1,1,7,9,1,10,1,11,,13,9,1,22,9,121.5491287,25.04259573
111,3,31,1,35,2,08士林區,士林區至善路2段與故宮路口,0,0,4,1,B03,8,3,5,50,4,2,1,2,4,5,7,2,1,3,4,5,2,17,1,26,4,11,3,4,7,15,7,19,11,15,,42,42,2,22,9,121.5465992,25.0981107
111,3,31,1,35,2,08士林區,士林區至善路2段與故宮路口,0,0,4,2,C03,8,3,5,50,4,2,1,2,4,5,7,2,1,3,4,5,2,17,1,20,2,9,1,1,7,15,1,10,1,11,,44,42,1,22,9,121.5465992,25.0981107
111,3,31,1,35,2,08士林區,士林區至善路2段與故宮路口,0,0,4,3,C03,8,3,5,50,4,2,1,2,4,5,7,2,1,3,4,5,2,17,1,25,2,9,1,1,7,5,1,10,9,11,,44,42,1,22,9,121.5465992,25.0981107
111,3,31,1,35,2,08士林區,士林區至善路2段與故宮路口,0,0,4,4,C03,8,3,5,50,4,2,1,2,4,5,7,2,1,3,4,5,2,17,1,32,2,9,1,1,7,5,1,10,9,11,,44,42,1,22,9,121.5465992,25.0981107
111,3,31,1,35,2,08士林區,士林區至善路2段與故宮路口,0,0,4,5,C03,8,3,5,50,4,2,1,2,4,5,7,2,1,3,4,5,2,17,1,20,2,9,1,1,7,5,1,10,9,11,,44,42,1,22,9,121.5465992,25.0981107
111,3,31,6,20,2,07信義區,信義區信安街99號,0,0,1,1,C03,8,1,5,50,4,2,1,5,4,5,7,1,1,9,4,5,2,13,2,53,2,9,1,1,7,9,1,10,1,11,,23,23,1,22,9,121.5568591,25.0255295
111,3,31,6,20,2,07信義區,信義區信安街99號,0,0,1,2,C03,8,1,5,50,4,2,1,5,4,5,7,1,1,9,4,5,2,13,1,75,3,10,1,1,7,5,1,10,2,13,,8,23,1,22,9,121.5568591,25.0255295
111,3,31,7,6,2,05中正區,中正區林森北路往南(善導寺公車站前),0,0,1,1,B01,7,1,5,50,14,9,1,5,4,5,7,4,4,9,4,5,2,17,1,64,3,10,3,1,7,8,1,4,2,15,,7,7,1,10,4,121.5235305,25.04593352
111,3,31,7,6,2,05中正區,中正區林森北路往南(善導寺公車站前),0,0,1,2,C03,7,1,5,50,14,9,1,5,4,5,7,4,4,9,4,5,2,17,1,45,2,9,1,1,7,9,1,10,2,12,,44,7,1,11,1,121.5235305,25.04593352
111,3,31,7,10,2,09北投區,北投區文林北路3B停車格,0,0,1,1,C03,7,1,5,50,14,9,1,4,4,1,7,4,4,1,4,5,2,16,1,58,2,9,1,1,7,7,1,10,1,14,,7,7,1,22,9,121.5185178,25.10452841
111,3,31,7,10,2,09北投區,北投區文林北路3B停車格,0,0,1,2,B03,7,1,5,50,14,9,1,4,4,1,7,4,4,1,4,5,2,16,1,46,3,10,1,1,7,9,1,8,1,2,,23,7,1,22,9,121.5185178,25.10452841
111,3,31,7,20,2,09北投區,大度路橋往台北方向,0,0,1,1,C03,8,1,5,50,14,9,1,5,4,5,7,4,4,1,4,5,2,13,1,20,2,9,1,1,7,9,1,10,6,11,,16,16,1,22,9,121.4676471,25.12306297
111,3,31,7,20,2,09北投區,大度路橋往台北方向,0,0,1,2,C03,8,1,5,50,14,9,1,5,4,5,7,4,4,1,4,5,2,13,1,59,3,10,1,1,7,9,1,10,2,13,,44,16,1,22,9,121.4676471,25.12306297
111,3,31,7,35,2,08士林區,士林區百齡橋西往東093燈桿,0,0,1,1,B03,7,1,5,50,14,9,1,5,4,5,7,4,4,3,3,5,1,12,1,19,3,10,1,1,7,7,1,8,2,4,,7,7,1,22,9,121.5114457,25.0875647
111,3,31,7,35,2,08士林區,士林區百齡橋西往東093燈桿,0,0,1,2,B03,7,1,5,50,14,9,1,5,4,5,7,4,4,3,3,5,1,12,2,62,2,7,1,1,7,9,1,8,2,5,,44,7,1,22,9,121.5114457,25.0875647
111,3,31,7,41,2,09北投區,北投區崗山路8巷與崗山路5巷口,0,0,1,1,B12,8,1,5,30,3,2,1,5,4,5,7,4,4,10,5,5,2,17,1,30,3,10,3,4,7,1,1,8,1,1,,19,19,1,22,9,121.48716,25.14045364
111,3,31,7,41,2,09北投區,北投區崗山路8巷與崗山路5巷口,0,0,1,2,C04,8,1,5,30,3,2,1,5,4,5,7,4,4,10,5,5,2,17,1,43,2,8,3,4,7,9,1,10,1,12,,44,19,1,22,9,121.48716,25.14045364
111,3,31,7,44,2,10文山區,文山區羅斯福路5段163號,0,0,2,1,,7,1,5,50,14,9,1,5,4,5,7,4,4,1,4,5,2,12,4,,4,11,3,4,7,15,7,19,11,15,,43,43,2,22,9,121.5387324,25.00322203
111,3,31,7,44,2,10文山區,文山區羅斯福路5段163號,0,0,2,2,C03,7,1,5,50,14,9,1,5,4,5,7,4,4,1,4,5,2,12,1,19,2,9,1,1,7,7,1,10,1,14,,7,43,1,22,9,121.5387324,25.00322203
111,3,31,7,44,2,10文山區,文山區羅斯福路5段163號,0,0,2,3,C03,7,1,5,50,14,9,1,5,4,5,7,4,4,1,4,5,2,12,1,61,2,8,1,1,7,9,1,10,1,14,,44,43,1,22,9,121.5387324,25.00322203
111,3,31,7,51,2,04大安區,大安區和平東路3段410號麟光站,0,0,1,1,C03,8,1,5,50,15,9,1,5,4,5,7,2,1,1,4,5,2,13,1,29,2,9,3,4,7,6,1,10,1,11,,23,23,1,22,9,121.5583951,25.01863015
111,3,31,7,51,2,04大安區,大安區和平東路3段410號麟光站,0,0,1,2,C03,8,1,5,50,15,9,1,5,4,5,7,2,1,1,4,5,2,13,1,51,3,10,1,4,7,5,1,10,1,13,,44,23,1,22,9,121.5583951,25.01863015
111,3,31,8,7,2,02萬華區,萬華區萬大路423巷26號,0,0,1,1,F01,7,1,5,50,14,9,1,5,4,5,7,4,4,5,5,5,2,16,2,67,2,7,1,1,7,10,8,20,1,16,,7,7,1,22,9,121.499674,25.0211972
111,3,31,8,7,2,02萬華區,萬華區萬大路423巷26號,0,0,1,2,B03,7,1,5,50,14,9,1,5,4,5,7,4,4,5,5,5,2,16,2,46,3,10,1,1,7,9,1,8,1,5,,44,7,1,22,9,121.499674,25.0211972
111,3,31,8,32,2,03中山區,中山區北安路47號,0,0,1,1,B03,8,1,5,50,14,9,1,5,4,5,7,4,4,1,3,5,1,16,2,50,3,10,1,1,7,5,1,8,2,2,,8,8,1,22,9,121.5284408,25.07771988
111,3,31,8,32,2,03中山區,中山區北安路47號,0,0,1,2,C03,8,1,5,50,14,9,1,5,4,5,7,4,4,1,3,5,1,16,1,33,2,9,1,1,7,9,1,10,2,11,,44,8,1,22,9,121.5284408,25.07771988
111,3,31,8,45,2,08士林區,士林區中山北路6段與中山北路6段195巷口,0,0,1,1,B12,8,1,5,50,4,2,1,5,4,5,7,2,1,1,4,5,1,17,1,51,3,10,1,1,7,5,1,8,1,8,,23,23,1,22,9,121.5251349,25.10785002
111,3,31,8,45,2,08士林區,士林區中山北路6段與中山北路6段195巷口,0,0,1,2,C03,8,1,5,50,4,2,1,5,4,5,7,2,1,1,4,5,1,17,2,42,2,8,1,1,7,9,1,10,1,12,,44,23,1,22,9,121.5251349,25.10785002
111,3,31,8,50,2,10文山區,文山區辛亥路5段與辛亥路5段55巷口,0,0,1,1,B03,7,1,5,50,3,2,1,5,4,5,7,4,4,1,4,5,2,16,1,74,3,10,1,1,7,6,1,8,1,2,,9,9,1,22,9,121.5535702,24.99878075
111,3,31,8,50,2,10文山區,文山區辛亥路5段與辛亥路5段55巷口,0,0,1,2,C03,7,1,5,50,3,2,1,5,4,5,7,4,4,1,4,5,2,16,2,28,2,9,1,1,7,9,1,10,1,11,,14,9,1,22,9,121.5535702,24.99878075
111,3,31,9,2,2,09北投區,北投區西安街1段與致遠一路1段46巷口,0,0,1,1,C03,7,1,5,50,4,1,1,5,4,5,7,2,1,9,4,5,2,17,2,68,2,9,1,1,7,5,1,10,1,14,,8,8,1,22,9,121.5180733,25.11044386
111,3,31,9,2,2,09北投區,北投區西安街1段與致遠一路1段46巷口,0,0,1,2,C03,7,1,5,50,4,1,1,5,4,5,7,2,1,9,4,5,2,17,1,29,3,10,1,1,7,9,1,10,1,12,,23,8,1,22,9,121.5180733,25.11044386
111,3,31,9,5,2,02萬華區,萬華區中華路2段150巷與莒光路153巷口,0,0,1,1,C03,8,1,5,30,4,1,1,5,4,5,7,4,4,10,5,5,2,15,2,24,2,9,1,4,7,9,1,10,1,12,,6,6,1,22,9,121.5029723,25.03037444
111,3,31,9,5,2,02萬華區,萬華區中華路2段150巷與莒光路153巷口,0,0,1,2,B03,8,1,5,30,4,1,1,5,4,5,7,4,4,10,5,5,2,15,1,56,3,10,1,4,7,9,1,4,1,8,,44,6,1,22,9,121.5029723,25.03037444
111,3,31,9,14,2,04大安區,大安區復興南路2段148巷24號,0,0,1,1,B03,8,1,5,0,14,9,1,5,4,5,7,1,1,10,5,5,2,16,1,51,3,10,1,1,7,1,1,8,1,8,,19,19,1,22,9,121.5423574,25.0284327
111,3,31,9,14,2,04大安區,大安區復興南路2段148巷24號,0,0,1,2,C03,8,1,5,0,14,9,1,5,4,5,7,1,1,10,5,5,2,16,1,33,2,9,1,1,7,9,1,10,1,14,,44,19,1,22,9,121.5423574,25.0284327
111,3,31,10,9,2,02萬華區,萬華區長泰街308巷與長泰街316巷口,0,0,2,1,C03,8,1,5,30,4,1,1,5,4,5,7,4,4,10,5,5,2,16,1,76,2,9,1,1,7,5,1,10,1,14,,6,6,1,22,9,121.4927396,25.02168332
111,3,31,10,9,2,02萬華區,萬華區長泰街308巷與長泰街316巷口,0,0,2,2,C03,8,1,5,30,4,1,1,5,4,5,7,4,4,10,5,5,2,16,1,22,2,9,1,1,7,9,1,10,1,11,,6,6,1,22,9,121.4927396,25.02168332
111,3,31,10,23,2,04大安區,大安區建國南路2段79巷與建國南路2段口,0,0,1,1,B03,8,1,5,30,3,1,1,5,4,5,7,4,4,5,5,5,2,15,1,54,3,10,1,1,7,9,1,8,2,1,,6,6,1,22,9,121.5380069,25.0308601
111,3,31,10,23,2,04大安區,大安區建國南路2段79巷與建國南路2段口,0,0,1,2,F01,8,1,5,30,3,1,1,5,4,5,7,4,4,5,5,5,2,15,2,67,2,9,1,1,7,9,8,20,2,16,,44,6,1,22,9,121.5380069,25.0308601
111,3,31,10,24,2,03中山區,中山區錦州街241巷1弄與錦州街241巷口,0,0,1,1,C04,8,1,5,30,3,1,1,5,4,5,7,4,4,10,5,5,2,16,1,78,2,9,3,4,7,5,1,11,1,12,,6,6,1,22,9,121.5337739,25.0606886
111,3,31,10,24,2,03中山區,中山區錦州街241巷1弄與錦州街241巷口,0,0,1,2,B02,8,1,5,30,3,1,1,5,4,5,7,4,4,10,5,5,2,16,2,43,3,10,3,4,7,9,1,8,1,4,,14,6,1,22,9,121.5337739,25.0606886
111,3,31,10,35,2,08士林區,士林區文林路251號對面,0,0,1,1,B03,8,1,5,50,14,9,1,5,4,5,7,4,4,5,5,5,1,9,1,70,3,10,1,1,7,2,1,8,2,3,,12,12,1,22,9,121.526866,25.09092619
111,3,31,10,35,2,08士林區,士林區文林路251號對面,0,0,1,2,H01,8,1,5,50,14,9,1,5,4,5,7,4,4,5,5,5,1,9,2,86,2,8,4,5,8,17,8,20,10,16,,67,12,1,22,9,121.526866,25.09092619
111,3,31,10,37,2,02萬華區,萬華區環河南路2段與貴陽街2段口,0,0,1,1,B03,8,1,5,50,4,1,1,5,4,5,7,1,1,10,4,5,2,15,1,47,3,10,1,1,7,9,6,18,2,1,,44,44,1,22,9,121.4979693,25.04004987
111,3,31,10,37,2,02萬華區,萬華區環河南路2段與貴陽街2段口,0,0,1,2,C03,8,1,5,50,4,1,1,5,4,5,7,1,1,10,4,5,2,15,1,83,2,9,1,1,7,9,1,10,2,12,,25,44,1,22,9,121.4979693,25.04004987
111,3,31,10,46,2,01大同區,大同區民生西路308號,0,0,1,1,C03,7,1,5,50,14,9,1,5,4,5,7,4,4,9,4,5,2,12,1,79,2,9,1,1,7,9,1,10,2,14,,44,44,1,22,9,121.5121403,25.05695512
111,3,31,10,46,2,01大同區,大同區民生西路308號,0,0,1,2,B03,7,1,5,50,14,9,1,5,4,5,7,4,4,9,4,5,2,12,1,46,3,10,1,1,7,8,1,8,2,2,,7,44,1,22,9,121.5121403,25.05695512
111,3,31,10,47,2,03中山區,中山區民權東路1段與林森北路口,0,0,1,1,C03,8,1,5,50,4,2,1,5,4,5,7,1,1,1,4,5,2,16,1,40,2,9,2,1,7,9,1,10,1,11,,23,23,1,22,9,121.5255839,25.06263111
111,3,31,10,47,2,03中山區,中山區民權東路1段與林森北路口,0,0,1,2,B03,8,1,5,50,4,2,1,5,4,5,7,1,1,1,4,5,2,16,1,55,3,10,3,4,7,14,1,8,1,3,,43,23,1,22,9,121.5255839,25.06263111
111,3,31,11,0,2,12內湖區,內湖區行愛路111號,0,0,1,1,B03,8,1,5,40,14,8,1,5,4,3,5,4,4,5,4,4,1,12,1,46,3,10,1,1,7,1,1,8,1,8,,19,19,1,22,9,121.58065,25.060403
111,3,31,11,0,2,12內湖區,內湖區行愛路111號,0,0,1,2,C03,8,1,5,40,14,8,1,5,4,3,5,4,4,5,4,4,1,12,2,52,2,9,1,1,7,9,1,10,1,12,,44,19,1,22,9,121.58065,25.060403
111,3,31,11,10,2,08士林區,士林區基河路劍潭捷運站,0,0,1,1,F01,8,1,5,0,14,9,1,5,4,5,7,4,4,3,4,5,2,9,1,20,3,10,1,1,7,9,8,20,11,16,,15,15,1,22,9,121.5251822,25.08578683
111,3,31,11,10,2,08士林區,士林區基河路劍潭捷運站,0,0,1,2,H01,8,1,5,0,14,9,1,5,4,5,7,4,4,3,4,5,2,9,2,81,2,7,4,5,8,16,8,20,10,16,,67,15,1,22,9,121.5251822,25.08578683
111,3,31,11,15,2,12內湖區,內湖區新湖三路與行愛路口,0,0,1,1,C03,8,1,5,50,4,1,1,5,4,5,7,1,1,5,5,5,2,17,1,31,2,9,1,1,7,9,1,10,1,11,,44,44,1,22,9,121.5795839,25.0649314
111,3,31,11,15,2,12內湖區,內湖區新湖三路與行愛路口,0,0,1,2,B12,8,1,5,50,4,1,1,5,4,5,7,1,1,5,5,5,2,17,1,52,3,10,1,1,7,6,1,8,1,5,,9,44,1,22,9,121.5795839,25.0649314
111,3,31,11,22,2,10文山區,文山區景仁街與羅斯福路6段142巷口,0,0,1,1,C03,7,1,5,40,4,2,1,5,4,5,7,4,4,10,5,5,2,17,1,29,2,9,1,1,7,5,1,10,2,11,,8,8,1,22,9,121.5404066,24.9962206
111,3,31,11,22,2,10文山區,文山區景仁街與羅斯福路6段142巷口,0,0,1,2,B01,7,1,5,40,4,2,1,5,4,5,7,4,4,10,5,5,2,17,1,69,3,10,1,1,7,9,1,4,2,1,,26,8,1,22,9,121.5404066,24.9962206
111,3,31,11,24,2,03中山區,中山區八德路2段312巷與八德路2段口,0,0,1,1,B03,8,1,5,50,3,2,1,5,4,5,7,4,4,10,5,5,2,9,1,53,3,10,1,1,7,1,1,8,1,2,,19,19,1,22,9,121.542703,25.04722484
111,3,31,11,24,2,03中山區,中山區八德路2段312巷與八德路2段口,0,0,1,2,H01,8,1,5,50,3,2,1,5,4,5,7,4,4,10,5,5,2,9,2,60,2,9,4,5,8,16,8,20,10,16,,67,19,1,22,9,121.542703,25.04722484
111,3,31,11,39,2,06松山區,松山區八德路4段106巷與八德路4段口,0,0,1,1,C03,8,1,5,50,4,1,1,5,4,5,7,2,1,4,4,5,2,16,1,44,3,10,1,1,7,5,1,10,1,12,,8,8,1,22,9,121.5609869,25.04851863
111,3,31,11,39,2,06松山區,松山區八德路4段106巷與八德路4段口,0,0,1,2,C03,8,1,5,50,4,1,1,5,4,5,7,2,1,4,4,5,2,16,1,47,2,9,1,1,7,9,1,10,1,11,,44,8,1,22,9,121.5609869,25.04851863
111,3,31,12,10,2,07信義區,信義區吳興街8巷與吳興街口,0,0,2,1,C03,8,1,5,30,4,1,1,5,4,5,7,4,4,10,5,5,2,15,2,42,2,8,3,4,7,9,1,10,1,11,,6,6,1,22,9,121.5593977,25.03173634
111,3,31,12,10,2,07信義區,信義區吳興街8巷與吳興街口,0,0,2,2,C03,8,1,5,30,4,1,1,5,4,5,7,4,4,10,5,5,2,15,2,40,2,9,3,4,7,9,1,10,1,12,,14,6,1,22,9,121.5593977,25.03173634
111,3,31,12,27,2,04大安區,大安區和平東路3段1巷與四維路228巷口,0,0,2,1,C03,8,1,5,30,4,1,1,5,4,5,7,4,4,10,5,5,2,15,2,34,2,8,1,1,7,9,1,10,1,11,,6,6,1,22,9,121.5467497,25.02556752
111,3,31,12,27,2,04大安區,大安區和平東路3段1巷與四維路228巷口,0,0,2,2,C03,8,1,5,30,4,1,1,5,4,5,7,4,4,10,5,5,2,15,1,37,2,7,1,1,7,9,1,10,1,14,,44,6,1,22,9,121.5467497,25.02556752
111,3,31,13,0,2,05中正區,中正區襄陽路與館前路口,0,0,1,1,B01,8,1,5,50,3,2,1,5,4,5,7,2,1,5,4,5,2,17,1,61,3,10,1,1,7,8,1,4,2,15,,7,7,1,22,9,121.5149838,25.04340125