發生年度,發生月,發生日,發生時-Hours,發生分,處理別-編號,區序,肇事地點,死亡人數,2-30日死亡人數,受傷人數,當事人序號,車種,天候,光線,道路類別,速限-速度限制,道路型態,事故位置,路面狀況1,路面狀況2,路面狀況3,道路障礙1,道路障礙2,號誌1,號誌2,車道劃分-分向,車道劃分-分道1,車道劃分-分道2,車道劃分-分道3,事故類型及型態,性別,年齡,受傷程度,主要傷處,安全帽,行動電話,車輛用途,當事者行動狀態,駕駛資格情形,駕駛執照種類,飲酒情形,車輛撞擊部位1,車輛撞擊部位2,肇因碼-個別,肇因碼-主要,個人肇逃否,職業,旅次目的,座標-X,座標-Y
111,3,31,13,0,2,05中正區,中正區襄陽路與館前路口,0,0,1,2,C03,8,1,5,50,3,2,1,5,4,5,7,2,1,5,4,5,2,17,1,46,2,9,1,1,7,9,1,10,2,12,,42,7,1,22,9,121.5149838,25.04340125
111,3,31,13,22,2,02萬華區,萬華區西藏路與西藏路125巷口,0,0,1,1,B03,8,1,5,50,3,1,1,5,4,5,7,2,1,1,4,5,2,16,1,25,3,10,1,1,7,5,1,8,1,8,,23,23,1,22,9,121.5022298,25.02977992
111,3,31,13,22,2,02萬華區,萬華區西藏路與西藏路125巷口,0,0,1,2,F01,8,1,5,50,3,1,1,5,4,5,7,2,1,1,4,5,2,16,1,78,2,9,1,1,7,9,8,20,1,16,,23,23,1,22,9,121.5022298,25.02977992
111,3,31,13,26,2,11南港區,南港區同德路與同德路50巷口,0,0,1,2,F01,7,1,5,50,4,1,1,5,4,5,7,4,4,5,4,5,2,16,1,68,2,1,1,1,7,9,8,20,2,16,,43,43,1,22,9,121.5846456,25.04548154
111,3,31,13,26,2,11南港區,南港區同德路與同德路50巷口,0,0,1,1,B03,7,1,5,50,4,1,1,5,4,5,7,4,4,5,4,5,2,16,1,51,3,10,1,1,7,9,1,8,2,1,,43,43,1,22,9,121.5846456,25.04548154
111,3,31,13,30,2,08士林區,士林區仁民路往文大,0,0,2,1,C03,7,1,8,0,15,22,1,5,4,5,7,4,4,10,5,5,2,10,1,43,2,9,1,1,7,9,1,10,1,11,,23,23,1,22,9,121.5428992,25.13417221
111,3,31,13,30,2,08士林區,士林區仁民路往文大,0,0,2,2,C03,7,1,8,0,15,22,1,5,4,5,7,4,4,10,5,5,2,10,1,20,2,9,1,1,7,9,1,10,1,11,,23,23,1,22,9,121.5428992,25.13417221
111,3,31,13,50,2,11南港區,南港區南港路3段130巷與松河街口,0,0,1,1,B03,8,1,5,30,3,1,1,5,4,5,7,4,4,5,5,5,2,17,1,60,3,10,1,1,7,5,1,8,1,5,,6,6,1,22,9,121.5878864,25.0546012
111,3,31,13,50,2,11南港區,南港區南港路3段130巷與松河街口,0,0,1,2,C03,8,1,5,30,3,1,1,5,4,5,7,4,4,5,5,5,2,17,2,33,2,9,1,1,7,9,1,10,1,11,,44,6,1,22,9,121.5878864,25.0546012
111,3,31,13,52,2,09北投區,北投區承德路7段303號,0,0,2,1,B12,8,1,5,40,14,8,1,5,4,5,7,4,4,1,4,4,2,16,1,67,3,10,3,4,7,6,1,8,1,5,,9,9,1,22,9,121.5040396,25.11699291
111,3,31,13,52,2,09北投區,北投區承德路7段303號,0,0,2,2,C03,8,1,5,40,14,8,1,5,4,5,7,4,4,1,4,4,2,16,1,44,2,9,3,4,7,9,1,10,1,14,,44,9,1,22,9,121.5040396,25.11699291
111,3,31,13,52,2,09北投區,北投區承德路7段303號,0,0,2,3,H02,8,1,5,40,14,8,1,5,4,5,7,4,4,1,4,4,2,16,2,40,2,9,4,5,7,21,8,20,11,16,,67,9,1,22,9,121.5040396,25.11699291
111,3,31,13,58,2,07信義區,信義區松隆路329巷與市民大道6段口,0,0,1,1,B01,8,1,5,40,3,1,1,5,4,5,7,1,1,5,4,5,2,12,1,60,3,10,3,4,7,1,1,4,1,3,,19,19,1,22,9,121.5792202,25.04895012
111,3,31,13,58,2,07信義區,信義區松隆路329巷與市民大道6段口,0,0,1,2,C03,8,1,5,40,3,1,1,5,4,5,7,1,1,5,4,5,2,12,2,22,2,9,3,4,7,9,1,10,1,11,,13,19,1,22,9,121.5792202,25.04895012
111,3,31,14,31,2,07信義區,信義區忠孝東路5段743巷與林口街口,0,0,2,1,C03,8,1,5,50,4,1,1,5,4,5,7,2,1,9,4,5,2,12,2,41,2,9,1,1,7,15,1,10,1,13,,44,44,1,22,9,121.5810659,25.0433041
111,3,31,14,31,2,07信義區,信義區忠孝東路5段743巷與林口街口,0,0,2,2,C03,8,1,5,50,4,1,1,5,4,5,7,2,1,9,4,5,2,12,1,28,2,7,1,1,7,8,1,10,1,11,,7,44,1,22,9,121.5810659,25.0433041
111,3,31,15,0,2,01大同區,大同區西寧北路與迪化街1段72巷口,0,0,1,1,B03,8,1,5,50,3,1,1,5,4,5,7,4,4,9,4,5,1,12,1,42,3,10,3,4,7,11,1,8,1,4,,10,10,1,22,9,121.5089583,25.05552247
111,3,31,15,0,2,01大同區,大同區西寧北路與迪化街1段72巷口,0,0,1,2,C03,8,1,5,50,3,1,1,5,4,5,7,4,4,9,4,5,1,12,2,24,2,9,1,1,7,9,1,10,1,11,,44,10,1,22,9,121.5089583,25.05552247
111,3,31,15,0,2,01大同區,大同區西寧北路與迪化街1段72巷口,0,0,1,3,A11,8,1,5,50,3,1,1,5,4,5,7,4,4,9,4,5,1,12,1,50,4,11,3,4,7,14,7,19,11,15,,38,10,2,22,9,121.5089583,25.05552247
111,3,31,15,13,2,04大安區,大安區信義路4段與敦化南路2段口,0,0,1,1,C03,7,1,5,50,14,9,1,5,4,5,7,4,4,1,4,5,2,12,1,18,3,10,1,1,7,9,1,10,1,11,,16,16,1,22,9,121.5484853,25.03317626
111,3,31,15,13,2,04大安區,大安區信義路4段與敦化南路2段口,0,0,1,2,C03,7,1,5,50,14,9,1,5,4,5,7,4,4,1,4,5,2,12,1,37,2,9,1,1,7,9,1,10,1,13,,44,16,1,22,9,121.5484853,25.03317626
111,3,31,15,13,2,04大安區,大安區信義路4段與敦化南路2段口,0,0,1,3,B02,7,1,5,50,14,9,1,5,4,5,7,4,4,1,4,5,2,12,1,59,3,10,1,1,7,9,1,2,1,6,,44,16,1,22,9,121.5484853,25.03317626
111,3,31,15,20,2,12內湖區,內湖區麗山街與麗山街37巷口,0,0,1,1,B02,8,1,5,30,4,1,1,5,4,5,7,4,4,5,5,5,2,15,1,50,3,10,1,1,7,9,1,8,1,5,,6,6,1,22,9,121.58066,25.08045062
111,3,31,15,20,2,12內湖區,內湖區麗山街與麗山街37巷口,0,0,1,2,C03,8,1,5,30,4,1,1,5,4,5,7,4,4,5,5,5,2,15,1,27,2,9,1,1,7,9,1,10,1,11,,13,6,1,22,9,121.58066,25.08045062
111,3,31,15,37,2,03中山區,中山區中山北路2段81-4號,0,0,1,1,C03,7,1,5,50,14,9,1,5,4,3,7,4,4,1,3,5,1,13,2,21,2,9,1,4,7,7,3,18,2,11,,23,23,1,22,9,121.5230044,25.05843776
111,3,31,15,37,2,03中山區,中山區中山北路2段81-4號,0,0,1,2,B03,7,1,5,50,14,9,1,5,4,3,7,4,4,1,3,5,1,13,2,24,3,10,3,4,7,14,1,8,2,7,,38,23,1,22,9,121.5230044,25.05843776
111,3,31,15,37,2,03中山區,中山區中山北路2段81-4號,0,0,1,3,A02,7,1,5,50,14,9,1,5,4,3,7,4,4,1,3,5,1,13,1,54,3,10,3,4,7,9,1,6,2,6,,44,23,1,22,9,121.5230044,25.05843776
111,3,31,15,37,2,03中山區,中山區中山北路2段81-4號,0,0,1,4,H02,7,1,5,50,14,9,1,5,4,3,7,4,4,1,3,5,1,13,1,34,3,10,4,5,7,20,8,20,10,16,,67,23,1,22,9,121.5230044,25.05843776
111,3,31,15,42,2,07信義區,信義區林口街38巷與林口街口,0,0,1,1,B01,8,1,5,30,4,1,1,5,4,5,7,4,4,10,5,5,2,17,1,65,3,10,1,1,7,9,1,4,1,1,,43,43,1,22,9,121.5793453,25.0378966
111,3,31,15,42,2,07信義區,信義區林口街38巷與林口街口,0,0,1,2,F01,8,1,5,30,4,1,1,5,4,5,7,4,4,10,5,5,2,17,2,34,2,9,1,1,7,9,8,20,1,16,,43,43,1,22,9,121.5793453,25.0378966
111,3,31,16,0,2,10文山區,文山區興隆路2段95巷與景豐街48巷口,0,0,2,1,C03,8,1,5,30,4,2,1,5,4,5,7,4,4,10,5,5,2,16,1,20,2,8,1,1,7,5,1,10,1,11,,6,6,1,22,9,121.546523,25.0002979
111,3,31,16,0,2,10文山區,文山區興隆路2段95巷與景豐街48巷口,0,0,2,2,C03,8,1,5,30,4,2,1,5,4,5,7,4,4,10,5,5,2,16,2,51,2,8,1,1,7,9,1,10,1,12,,23,6,1,22,9,121.546523,25.0002979
111,3,31,16,8,2,01大同區,大同區塔城街39號,0,0,1,1,B03,8,1,5,50,14,9,1,5,4,5,7,4,4,8,3,5,1,17,1,34,3,10,1,1,7,11,1,8,1,15,,10,10,1,22,9,121.5104724,25.05243405
111,3,31,16,8,2,01大同區,大同區塔城街39號,0,0,1,2,C03,8,1,5,50,14,9,1,5,4,5,7,4,4,8,3,5,1,17,2,23,2,9,1,1,7,9,1,10,1,14,,44,10,1,22,9,121.5104724,25.05243405
111,3,31,16,10,2,03中山區,中山區八德路2段與渭水路口,0,0,1,1,B03,7,1,5,50,3,1,1,5,4,5,7,1,1,10,4,5,2,12,1,38,3,10,1,4,7,8,1,8,2,6,,7,7,1,22,9,121.5355729,25.04556034
111,3,31,16,10,2,03中山區,中山區八德路2段與渭水路口,0,0,1,2,C03,7,1,5,50,3,1,1,5,4,5,7,1,1,10,4,5,2,12,1,67,2,8,1,4,7,9,1,10,2,11,,44,7,1,22,9,121.5355729,25.04556034
111,3,31,16,36,2,09北投區,北投區明德路365號,0,0,2,1,C03,8,1,5,50,14,9,1,5,4,5,7,3,1,5,5,5,2,16,1,18,2,7,1,1,7,1,1,10,2,11,,19,19,1,22,9,121.521466,25.11740017
111,3,31,16,36,2,09北投區,北投區明德路365號,0,0,2,2,C03,8,1,5,50,14,9,1,5,4,5,7,3,1,5,5,5,2,16,1,32,2,9,1,1,7,9,1,10,2,12,,44,19,1,22,9,121.521466,25.11740017
111,3,31,16,36,2,09北投區,北投區明德路365號,0,0,2,3,B03,8,1,5,50,14,9,1,5,4,5,7,3,1,5,5,5,2,16,1,47,3,10,3,4,7,9,1,8,2,1,,44,19,1,22,9,121.521466,25.11740017
111,3,31,16,40,2,06松山區,松山區民生東路5段與三民路口圓環,0,0,1,1,C03,8,1,5,50,16,9,1,5,4,5,7,1,1,9,4,5,2,16,2,24,2,8,1,1,7,9,1,10,1,13,,6,6,1,22,9,121.5630301,25.05897703
111,3,31,16,40,2,06松山區,松山區民生東路5段與三民路口圓環,0,0,1,2,B03,8,1,5,50,16,9,1,5,4,5,7,1,1,9,4,5,2,16,2,59,3,10,1,4,7,10,1,8,1,1,,23,6,1,22,9,121.5630301,25.05897703
111,3,31,16,41,2,04大安區,大安區和平東路3段1巷與和平東路3段口,0,0,1,1,C03,7,1,5,50,4,1,1,5,4,5,7,2,1,1,4,5,2,12,2,24,2,9,1,1,7,5,1,10,1,12,,8,8,1,22,9,121.5467171,25.02480513
111,3,31,16,41,2,04大安區,大安區和平東路3段1巷與和平東路3段口,0,0,1,2,B01,7,1,5,50,4,1,1,5,4,5,7,2,1,1,4,5,2,12,1,69,3,10,1,1,7,9,1,4,1,1,,44,8,1,22,9,121.5467171,25.02480513
111,3,31,17,15,2,07信義區,信義區松平路與松平路30巷口,0,0,1,1,C04,8,1,5,30,14,9,1,5,4,5,7,4,4,8,4,5,2,12,2,44,2,8,1,1,7,6,1,10,1,13,,9,9,1,22,9,121.5631902,25.0302065
111,3,31,17,15,2,07信義區,信義區松平路與松平路30巷口,0,0,1,2,C03,8,1,5,30,14,9,1,5,4,5,7,4,4,8,4,5,2,12,1,61,3,10,1,1,7,9,1,10,1,11,,44,9,1,22,9,121.5631902,25.0302065
111,3,31,17,20,2,07信義區,信義區崇德街67號,0,0,2,1,H01,7,1,5,50,14,9,1,5,4,5,7,4,4,10,5,5,2,9,1,73,2,7,4,5,8,20,8,20,10,16,,51,51,1,22,9,121.5550036,25.02424121
111,3,31,17,20,2,07信義區,信義區崇德街67號,0,0,2,2,C03,7,1,5,50,14,9,1,5,4,5,7,4,4,10,5,5,2,9,1,25,2,9,1,1,7,12,1,10,1,12,,44,51,1,22,9,121.5550036,25.02424121
111,3,31,17,39,2,12內湖區,內湖區新明路298巷14弄與新明路298巷口,0,0,1,1,C03,8,1,5,50,3,1,1,5,4,5,7,4,4,5,4,5,2,17,1,30,2,9,1,1,7,5,1,10,1,11,,6,6,1,22,9,121.5818626,25.05646248
111,3,31,17,39,2,12內湖區,內湖區新明路298巷14弄與新明路298巷口,0,0,1,2,B01,8,1,5,50,3,1,1,5,4,5,7,4,4,5,4,5,2,17,1,52,3,10,1,1,7,9,1,4,1,5,,14,6,1,22,9,121.5818626,25.05646248
111,3,31,17,40,2,05中正區,中正區忠孝東路1段與天津街口,0,0,2,1,B03,8,1,5,50,4,2,1,5,4,5,7,1,1,3,4,5,2,13,1,19,3,10,1,1,7,9,3,18,2,1,,23,23,1,22,9,121.5215131,25.04527842
111,3,31,17,40,2,05中正區,中正區忠孝東路1段與天津街口,0,0,2,2,B03,8,1,5,50,4,2,1,5,4,5,7,1,1,3,4,5,2,13,2,50,2,2,1,1,7,9,1,8,2,3,,44,23,1,22,9,121.5215131,25.04527842
111,3,31,17,40,2,05中正區,中正區忠孝東路1段與天津街口,0,0,2,3,B12,8,1,5,50,4,2,1,5,4,5,7,1,1,3,4,5,2,13,2,44,3,10,1,1,7,9,1,8,2,3,,44,23,1,22,9,121.5215131,25.04527842
111,3,31,17,40,2,05中正區,中正區忠孝東路1段與天津街口,0,0,2,4,H02,8,1,5,50,4,2,1,5,4,5,7,1,1,3,4,5,2,13,1,49,2,2,1,1,7,17,8,20,10,16,,67,23,1,22,9,121.5215131,25.04527842
111,3,31,18,5,2,11南港區,南港區東新街80巷7-1號與東新街80巷9弄口,0,0,1,1,B03,8,3,5,30,4,1,1,5,4,5,6,4,4,9,5,5,2,17,1,59,3,10,1,4,7,9,1,8,1,8,,6,6,1,22,9,121.5871577,25.04578168
111,3,31,18,5,2,11南港區,南港區東新街80巷7-1號與東新街80巷9弄口,0,0,1,2,C03,8,3,5,30,4,1,1,5,4,5,6,4,4,9,5,5,2,17,1,57,2,9,1,4,7,9,1,10,1,12,,44,6,1,22,9,121.5871577,25.04578168
111,3,31,18,14,2,12內湖區,內湖區新湖一路99號,0,0,1,1,C03,7,3,5,50,14,9,1,5,4,4,6,4,4,9,4,5,1,12,2,50,2,9,1,1,7,1,1,10,1,12,,19,19,1,22,9,121.5765365,25.05835999
111,3,31,18,14,2,12內湖區,內湖區新湖一路99號,0,0,1,2,B03,7,3,5,50,14,9,1,5,4,4,6,4,4,9,4,5,1,12,1,30,3,10,1,1,7,9,1,8,1,8,,44,19,1,22,9,121.5765365,25.05835999
111,3,31,18,35,2,09北投區,北投區泉源路與東昇路口,0,0,1,1,C03,7,3,5,40,3,1,1,5,4,5,7,4,4,1,2,5,2,11,1,67,2,7,1,1,7,5,1,10,1,14,,43,43,1,22,9,121.523551,25.1459971
111,3,31,18,35,2,09北投區,北投區泉源路與東昇路口,0,0,1,2,B03,7,3,5,40,3,1,1,5,4,5,7,4,4,1,2,5,2,11,1,20,3,10,1,1,7,6,1,8,1,1,,43,43,1,22,9,121.523551,25.1459971
111,3,31,18,45,2,12內湖區,內湖區康樂街72巷17弄與康樂街72巷口,0,0,1,1,B03,6,3,5,30,4,2,1,4,4,5,7,4,4,5,5,5,1,17,2,67,3,10,3,4,7,1,1,8,1,4,,19,19,1,22,9,121.6178214,25.06959295
111,3,31,18,45,2,12內湖區,內湖區康樂街72巷17弄與康樂街72巷口,0,0,1,2,C03,6,3,5,30,4,2,1,4,4,5,7,4,4,5,5,5,1,17,1,26,2,8,3,4,7,6,1,10,1,12,,44,19,1,22,9,121.6178214,25.06959295
111,3,31,18,45,2,12內湖區,內湖區康樂街72巷17弄與康樂街72巷口,0,0,1,3,B12,6,3,5,30,4,2,1,4,4,5,7,4,4,5,5,5,1,17,1,46,3,10,3,4,7,6,1,8,1,2,,44,19,1,22,9,121.6178214,25.06959295
111,3,31,18,53,2,04大安區,大安區復興南路1段與仁愛路3段口,0,0,1,1,B01,8,1,5,50,4,2,1,5,4,5,7,1,1,1,5,5,1,17,1,60,4,11,3,4,7,6,1,4,11,15,,23,23,2,22,9,121.5433833,25.03778173
111,3,31,18,53,2,04大安區,大安區復興南路1段與仁愛路3段口,0,0,1,2,F01,8,1,5,50,4,2,1,5,4,5,7,1,1,1,5,5,1,17,2,20,2,8,1,1,7,11,8,20,1,16,,11,23,1,22,9,121.5433833,25.03778173
111,3,31,19,6,2,04大安區,大安區敦化南路1段187巷與忠孝東路4段147巷口,0,0,1,1,C03,7,3,5,30,4,1,1,5,4,5,7,4,4,10,4,5,2,15,2,27,2,9,1,1,7,9,1,10,1,12,,6,6,1,22,9,121.5496728,25.042104
111,3,31,19,6,2,04大安區,大安區敦化南路1段187巷與忠孝東路4段147巷口,0,0,1,2,B01,7,3,5,30,4,1,1,5,4,5,7,4,4,10,4,5,2,15,1,67,3,10,1,1,7,9,1,4,1,1,,44,6,1,22,9,121.5496728,25.042104
111,3,31,19,25,2,12內湖區,內湖區港墘路與內湖路1段口引道,0,0,1,1,B03,8,3,5,50,3,1,1,5,4,5,7,2,1,1,4,5,2,16,1,59,3,10,1,1,7,6,1,8,1,5,,6,6,1,22,9,121.576683,25.07895045
111,3,31,19,25,2,12內湖區,內湖區港墘路與內湖路1段口引道,0,0,1,2,C03,8,3,5,50,3,1,1,5,4,5,7,2,1,1,4,5,2,16,1,26,3,10,1,1,7,9,1,10,1,15,,23,6,1,22,9,121.576683,25.07895045
111,3,31,19,25,2,12內湖區,內湖區港墘路與內湖路1段口引道,0,0,1,3,H02,8,3,5,50,3,1,1,5,4,5,7,2,1,1,4,5,2,16,2,28,2,8,1,5,7,20,8,20,10,16,,67,6,1,22,9,121.576683,25.07895045
111,3,31,19,31,2,12內湖區,內湖區瑞光路606號,0,0,2,1,B01,6,3,5,50,14,9,1,4,4,5,7,4,4,7,2,5,1,12,1,58,3,10,1,1,7,11,1,4,2,4,,10,10,1,22,9,121.56592,25.08041477
111,3,31,19,31,2,12內湖區,內湖區瑞光路606號,0,0,2,2,C03,6,3,5,50,14,9,1,4,4,5,7,4,4,7,2,5,1,12,1,44,2,9,1,1,7,9,1,10,2,11,,44,10,1,22,9,121.56592,25.08041477
111,3,31,19,31,2,12內湖區,內湖區瑞光路606號,0,0,2,3,H02,6,3,5,50,14,9,1,4,4,5,7,4,4,7,2,5,1,12,2,44,2,9,1,5,7,21,8,20,10,15,,67,10,1,22,9,121.56592,25.08041477
111,3,31,19,44,2,01大同區,大同區民族西路與重慶北路3段口,0,0,2,2,C03,8,3,5,50,4,1,1,3,4,4,7,1,1,5,4,3,1,17,1,32,2,9,1,1,7,9,1,9,1,14,,44,30,1,22,9,121.5138282,25.06864596
111,3,31,19,44,2,01大同區,大同區民族西路與重慶北路3段口,0,0,2,1,A42,8,3,5,50,4,1,1,3,4,4,7,1,1,5,4,3,1,17,1,43,3,10,1,1,1,9,1,1,1,15,,30,30,1,22,9,121.5138282,25.06864596
111,3,31,19,44,2,01大同區,大同區民族西路與重慶北路3段口,0,0,2,3,H02,8,3,5,50,4,1,1,3,4,4,7,1,1,5,4,3,1,17,2,30,2,9,4,5,7,21,8,20,10,16,,67,30,1,22,9,121.5138282,25.06864596
111,3,31,20,9,2,01大同區,大同區歸綏街與安西街口,0,0,2,1,B01,7,3,5,50,3,2,1,5,4,5,7,4,4,5,5,5,2,11,1,59,3,10,3,4,7,9,1,4,1,8,,4,4,1,22,9,121.510291,25.058283
111,3,31,20,9,2,01大同區,大同區歸綏街與安西街口,0,0,2,2,C03,7,3,5,50,3,2,1,5,4,5,7,4,4,5,5,5,2,11,1,44,2,9,3,4,7,5,1,10,1,11,,44,4,1,22,9,121.510291,25.058283
111,3,31,20,9,2,01大同區,大同區歸綏街與安西街口,0,0,2,3,H02,7,3,5,50,3,2,1,5,4,5,7,4,4,5,5,5,2,11,2,47,2,9,3,5,7,20,8,20,10,16,,67,4,1,22,9,121.510291,25.058283
111,3,31,20,25,2,03中山區,中山區堤頂大道2段與基湖路口,0,0,1,1,B03,7,3,5,50,4,1,1,5,4,5,7,2,1,1,1,1,1,17,1,41,3,10,3,4,7,10,1,8,11,15,,7,7,2,22,9,121.5640249,25.078831
111,3,31,20,25,2,03中山區,中山區堤頂大道2段與基湖路口,0,0,1,2,C03,7,3,5,50,4,1,1,5,4,5,7,2,1,1,1,1,1,17,1,22,2,9,3,4,7,9,1,10,1,12,,44,7,1,22,9,121.5640249,25.078831
111,3,31,20,27,2,04大安區,大安區市民大道4段與延吉街口,0,0,2,1,C03,8,3,5,40,5,2,1,5,4,5,7,1,1,1,4,5,2,17,1,22,2,9,1,1,7,1,1,10,1,14,,19,19,1,22,9,121.5543413,25.04433771
111,3,31,20,27,2,04大安區,大安區市民大道4段與延吉街口,0,0,2,2,C03,8,3,5,40,5,2,1,5,4,5,7,1,1,1,4,5,2,17,2,22,2,9,1,1,7,9,1,10,1,11,,44,19,1,22,9,121.5543413,25.04433771
111,3,31,21,25,2,04大安區,大安區和平東路3段63號前,0,0,1,1,C03,7,3,5,50,14,9,1,5,4,5,7,4,4,8,3,5,1,12,1,20,3,10,1,1,7,8,1,10,1,12,,7,7,1,21,5,121.5493176,25.02469384
111,3,31,21,25,2,04大安區,大安區和平東路3段63號前,0,0,1,2,B02,7,3,5,50,14,9,1,5,4,5,7,4,4,8,3,5,1,12,1,26,3,10,1,1,7,14,1,8,1,8,,44,7,1,21,5,121.5493176,25.02469384
111,3,31,21,25,2,04大安區,大安區和平東路3段63號前,0,0,1,3,H02,7,3,5,50,14,9,1,5,4,5,7,4,4,8,3,5,1,12,2,18,2,8,1,1,7,20,8,20,10,16,,67,7,1,21,5,121.5493176,25.02469384
111,3,31,21,50,2,07信義區,信義區松仁路38號,0,0,2,3,A05,8,3,5,50,3,1,1,5,4,5,7,4,4,9,4,5,2,17,1,62,3,10,1,1,7,15,1,2,1,15,,38,9,1,22,9,121.5683187,25.03842132
111,3,31,21,50,2,07信義區,信義區松仁路38號,0,0,2,4,H02,8,3,5,50,3,1,1,5,4,5,7,4,4,9,4,5,2,17,2,22,2,9,4,5,7,20,8,20,10,16,,67,9,1,22,9,121.5683187,25.03842132
111,3,31,21,50,2,07信義區,信義區松仁路38號,0,0,2,1,B03,8,3,5,50,3,1,1,5,4,5,7,4,4,9,4,5,2,17,2,26,3,10,1,1,7,6,1,10,1,2,,9,9,1,22,9,121.5683187,25.03842132
111,3,31,21,50,2,07信義區,信義區松仁路38號,0,0,2,2,C04,8,3,5,50,3,1,1,5,4,5,7,4,4,9,4,5,2,17,1,20,2,8,1,1,7,9,1,10,1,14,,44,9,1,22,9,121.5683187,25.03842132
111,3,31,22,7,2,09北投區,北投區尊賢街243巷21號與無名巷口,0,0,2,1,C03,8,1,5,30,3,1,1,5,4,5,7,4,4,10,4,5,2,16,1,21,2,9,1,1,7,5,1,10,1,11,,43,43,1,22,9,121.506196,25.11673892
111,3,31,22,7,2,09北投區,北投區尊賢街243巷21號與無名巷口,0,0,2,2,C03,8,1,5,30,3,1,1,5,4,5,7,4,4,10,4,5,2,16,1,30,2,5,1,1,7,9,1,10,1,14,,43,43,1,22,9,121.506196,25.11673892
111,3,31,22,12,2,04大安區,大安區辛亥路2段與建國南路2段口(南側引道),0,0,1,1,C03,8,3,5,40,5,2,1,5,4,5,7,4,4,1,5,5,1,17,1,22,2,9,1,1,7,9,1,10,1,14,,13,13,1,22,9,121.5381692,25.02168137
111,3,31,22,12,2,04大安區,大安區辛亥路2段與建國南路2段口(南側引道),0,0,1,2,B03,8,3,5,40,5,2,1,5,4,5,7,4,4,1,5,5,1,17,1,23,3,10,1,1,7,9,1,8,1,15,,6,13,1,22,9,121.5381692,25.02168137
111,3,31,22,12,2,04大安區,大安區辛亥路2段與建國南路2段口(南側引道),0,0,1,3,C03,8,3,5,40,5,2,1,5,4,5,7,4,4,1,5,5,1,17,1,19,3,10,1,1,7,9,1,10,1,15,,27,13,1,22,9,121.5381692,25.02168137
111,3,31,22,12,2,04大安區,大安區辛亥路2段與建國南路2段口(南側引道),0,0,1,4,C03,8,3,5,40,5,2,1,5,4,5,7,4,4,1,5,5,1,17,1,41,3,10,3,4,7,13,7,19,11,12,,44,13,1,22,9,121.5381692,25.02168137
111,3,31,22,52,2,03中山區,中山區長安東路2段與建國北路1段口口,0,0,2,1,C03,8,3,5,50,4,1,1,5,4,5,7,1,1,5,4,5,2,17,1,68,3,10,1,1,7,6,1,10,1,15,,9,9,1,22,9,121.5371432,25.0504731
111,3,31,22,52,2,03中山區,中山區長安東路2段與建國北路1段口口,0,0,2,2,C03,8,3,5,50,4,1,1,5,4,5,7,1,1,5,4,5,2,17,1,62,2,9,1,1,7,9,1,10,1,14,,42,9,1,22,9,121.5371432,25.0504731
111,3,31,22,52,2,03中山區,中山區長安東路2段與建國北路1段口口,0,0,2,3,H02,8,3,5,50,4,1,1,5,4,5,7,1,1,5,4,5,2,17,2,63,2,9,1,5,7,20,8,20,10,15,,67,9,1,22,9,121.5371432,25.0504731
111,3,31,23,29,2,04大安區,大安區忠孝東路4段181巷與敦化南路1段187巷口,0,0,1,1,B03,8,3,5,30,5,2,1,5,4,5,7,4,4,8,3,5,1,15,1,24,3,10,1,1,7,9,1,8,1,5,,6,6,1,22,9,121.5507624,25.04257168
111,3,31,23,29,2,04大安區,大安區忠孝東路4段181巷與敦化南路1段187巷口,0,0,1,2,C03,8,3,5,30,5,2,1,5,4,5,7,4,4,8,3,5,1,15,2,24,2,9,1,1,7,9,1,10,1,14,,14,6,1,22,9,121.5507624,25.04257168
111,4,1,2,45,2,05中正區,中正區館前路與漢口街1段口,0,0,1,1,B01,8,3,5,50,3,2,1,5,4,5,7,1,1,10,5,5,2,13,1,59,3,10,1,1,7,9,1,4,1,1,,23,23,1,22,9,121.5150142,25.04516017
111,4,1,2,45,2,05中正區,中正區館前路與漢口街1段口,0,0,1,2,C03,8,3,5,50,3,2,1,5,4,5,7,1,1,10,5,5,2,13,1,41,2,9,1,1,7,14,1,10,1,13,,44,23,1,22,9,121.5150142,25.04516017
111,4,1,6,3,2,11南港區,南港區南港路2段與興華路口,0,1,0,1,B01,7,1,5,50,4,2,1,5,4,5,7,2,1,9,3,5,2,16,1,64,3,10,3,4,7,5,1,4,2,1,,43,43,1,22,9,121.6062081,25.0542667
111,4,1,6,3,2,11南港區,南港區南港路2段與興華路口,0,1,0,2,C03,7,1,5,50,4,2,1,5,4,5,7,2,1,9,3,5,2,16,1,61,5,9,3,4,7,9,1,10,11,11,,43,43,1,22,9,121.6062081,25.0542667
111,4,1,6,20,2,10文山區,文山區木柵路5段,0,0,1,1,C03,6,1,5,50,11,9,1,4,4,5,1,4,4,5,2,5,2,18,2,18,2,9,1,1,7,15,1,10,1,12,,42,42,1,22,9,121.595234,25.00267249
111,4,1,6,20,2,10文山區,文山區木柵路5段,0,0,1,2,,6,1,5,50,11,9,1,4,4,5,1,4,4,5,2,5,2,18,3,,,,,,,,,,,,,67,42,1,,,121.595234,25.00267249
111,4,1,6,43,2,04大安區,大安區羅斯福路4段113巷27號,0,0,2,1,C03,7,1,5,30,14,9,1,5,4,5,7,4,4,8,3,5,2,12,2,20,2,8,1,1,7,1,1,10,1,14,,19,19,1,22,9,121.5393105,25.0113026