發生年度,發生月,發生日,發生時-Hours,發生分,處理別-編號,區序,肇事地點,死亡人數,2-30日死亡人數,受傷人數,當事人序號,車種,天候,光線,道路類別,速限-速度限制,道路型態,事故位置,路面狀況1,路面狀況2,路面狀況3,道路障礙1,道路障礙2,號誌1,號誌2,車道劃分-分向,車道劃分-分道1,車道劃分-分道2,車道劃分-分道3,事故類型及型態,性別,年齡,受傷程度,主要傷處,安全帽,行動電話,車輛用途,當事者行動狀態,駕駛資格情形,駕駛執照種類,飲酒情形,車輛撞擊部位1,車輛撞擊部位2,肇因碼-個別,肇因碼-主要,個人肇逃否,職業,旅次目的,座標-X,座標-Y
111,4,1,6,43,2,04大安區,大安區羅斯福路4段113巷27號,0,0,2,2,C03,7,1,5,30,14,9,1,5,4,5,7,4,4,8,3,5,2,12,1,38,2,8,1,1,7,9,1,10,1,12,,13,19,1,22,9,121.5393105,25.0113026
111,4,1,7,20,2,08士林區,士林區中正路與重慶北路4段口,0,0,2,1,C03,8,1,5,50,3,2,1,5,4,5,7,1,1,1,4,5,2,17,2,47,2,8,1,1,7,9,1,10,1,11,,42,42,1,22,9,121.5098506,25.0867268
111,4,1,7,20,2,08士林區,士林區中正路與重慶北路4段口,0,0,2,2,C03,8,1,5,50,3,2,1,5,4,5,7,1,1,1,4,5,2,17,1,63,2,9,1,1,7,14,1,10,1,13,,44,42,1,22,9,121.5098506,25.0867268
111,4,1,7,26,2,02萬華區,萬華區西園路1段與廣州街口,0,0,1,1,B03,8,1,5,50,4,1,1,5,4,5,7,1,1,10,5,5,1,11,1,46,3,10,1,4,7,5,1,8,1,5,,6,6,1,22,9,121.4993565,25.03668445
111,4,1,7,26,2,02萬華區,萬華區西園路1段與廣州街口,0,0,1,2,C03,8,1,5,50,4,1,1,5,4,5,7,1,1,10,5,5,1,11,1,24,2,9,1,4,7,9,1,10,1,11,,44,6,1,22,9,121.4993565,25.03668445
111,4,1,7,33,2,04大安區,大安區和平東路3段麟光站前,0,0,1,1,C03,7,1,5,50,11,9,1,5,4,5,7,2,1,8,4,5,2,11,1,59,3,10,3,4,7,5,6,10,1,12,,8,8,1,22,9,121.5583807,25.0185455
111,4,1,7,33,2,04大安區,大安區和平東路3段麟光站前,0,0,1,2,C03,7,1,5,50,11,9,1,5,4,5,7,2,1,8,4,5,2,11,1,40,2,8,3,4,7,6,1,10,1,14,,44,8,1,22,9,121.5583807,25.0185455
111,4,1,7,51,2,03中山區,中山區大佳河濱公園內足球場旁,0,0,1,1,B01,7,1,5,50,14,9,1,5,4,5,7,4,4,9,5,5,2,12,1,43,3,10,1,1,7,5,1,4,2,4,,8,8,1,22,9,121.5458478,25.07355123
111,4,1,7,51,2,03中山區,中山區大佳河濱公園內足球場旁,0,0,1,2,C03,7,1,5,50,14,9,1,5,4,5,7,4,4,9,5,5,2,12,1,21,2,9,1,1,7,9,1,10,2,11,,44,8,1,22,9,121.5458478,25.07355123
111,4,1,8,4,2,07信義區,信義區信安街67巷力揚停車場前,0,0,1,1,B03,6,1,5,50,14,9,1,4,4,5,7,4,4,5,5,4,2,17,2,62,3,10,1,1,7,5,1,8,1,8,,8,8,1,21,8,121.5593777,25.02592475
111,4,1,8,4,2,07信義區,信義區信安街67巷力揚停車場前,0,0,1,2,C03,6,1,5,50,14,9,1,4,4,5,7,4,4,5,5,4,2,17,1,44,2,9,1,1,7,9,1,10,1,14,,13,8,1,21,8,121.5593777,25.02592475
111,4,1,8,7,2,06松山區,松山區八德路4段295巷18弄20號,0,0,3,1,C03,8,1,5,30,14,9,1,5,4,5,7,4,4,10,5,5,2,17,1,52,2,7,1,1,7,1,1,10,1,11,,19,19,1,22,9,121.5656385,25.04956315
111,4,1,8,7,2,06松山區,松山區八德路4段295巷18弄20號,0,0,3,2,C03,8,1,5,30,14,9,1,5,4,5,7,4,4,10,5,5,2,17,2,31,2,3,1,1,7,9,1,10,1,12,,44,19,1,22,9,121.5656385,25.04956315
111,4,1,8,7,2,06松山區,松山區八德路4段295巷18弄20號,0,0,3,3,H02,8,1,5,30,14,9,1,5,4,5,7,4,4,10,5,5,2,17,2,31,2,9,1,5,7,20,8,20,10,16,,67,19,1,22,9,121.5656385,25.04956315
111,4,1,8,10,2,10文山區,文山區新光路1段17號,0,0,2,1,C03,6,1,5,50,14,9,1,4,4,5,7,4,4,7,4,5,2,16,1,22,2,7,1,1,7,5,1,10,1,12,,6,6,1,22,9,121.5737243,24.98874523
111,4,1,8,10,2,10文山區,文山區新光路1段17號,0,0,2,2,C03,6,1,5,50,14,9,1,4,4,5,7,4,4,7,4,5,2,16,1,18,2,8,1,1,7,9,1,10,1,11,,14,6,1,22,9,121.5737243,24.98874523
111,4,1,8,26,2,02萬華區,萬華區西園路2段13巷與西園路2段11巷口,0,0,3,1,C03,7,1,5,30,4,1,1,5,4,5,7,4,4,5,5,5,2,15,2,45,2,8,1,1,7,9,1,10,1,14,,6,6,1,22,9,121.4981155,25.03219346
111,4,1,8,26,2,02萬華區,萬華區西園路2段13巷與西園路2段11巷口,0,0,3,2,C04,7,1,5,30,4,1,1,5,4,5,7,4,4,5,5,5,2,15,1,33,2,9,1,1,7,9,1,10,1,11,,44,6,1,22,9,121.4981155,25.03219346
111,4,1,8,26,2,02萬華區,萬華區西園路2段13巷與西園路2段11巷口,0,0,3,3,H02,7,1,5,30,4,1,1,5,4,5,7,4,4,5,5,5,2,15,2,33,2,9,4,5,7,20,8,20,10,16,,67,6,1,22,9,121.4981155,25.03219346
111,4,1,8,40,2,01大同區,大同區台北橋機慢車道往新北，上坡處,0,0,2,1,C03,7,1,5,50,14,11,1,5,4,5,7,4,4,1,5,5,2,13,1,32,2,9,1,1,7,9,1,10,1,11,,23,23,1,22,9,121.5107506,25.06309594
111,4,1,8,40,2,01大同區,大同區台北橋機慢車道往新北，上坡處,0,0,2,2,F01,7,1,5,50,14,11,1,5,4,5,7,4,4,1,5,5,2,13,1,62,2,9,1,1,7,9,8,20,1,16,,44,23,1,22,9,121.5107506,25.06309594
111,4,1,8,42,2,09北投區,北投區承德路7段262號,0,0,1,1,C03,8,1,5,60,14,9,1,5,4,5,7,4,4,9,4,4,2,18,1,41,2,9,1,1,7,15,1,10,1,14,,43,43,1,22,9,121.505709,25.11583207
111,4,1,8,42,2,09北投區,北投區承德路7段262號,0,0,1,2,,8,1,5,60,14,9,1,5,4,5,7,4,4,9,4,4,2,18,3,,,,,,,,,,,,,67,43,1,,,121.505709,25.11583207
111,4,1,9,20,2,07信義區,信義區忠孝東路5段10號,0,0,1,1,B01,6,1,5,50,14,9,1,4,4,3,5,4,4,8,4,5,2,9,1,59,3,10,1,1,7,14,1,4,1,2,,38,38,1,22,9,121.5660341,25.04022186
111,4,1,9,20,2,07信義區,信義區忠孝東路5段10號,0,0,1,2,H02,6,1,5,50,14,9,1,4,4,3,5,4,4,8,4,5,2,9,2,35,3,10,4,1,7,19,8,20,1,16,,56,38,1,22,9,121.5660341,25.04022186
111,4,1,9,20,2,07信義區,信義區忠孝東路5段10號,0,0,1,3,C03,6,1,5,50,14,9,1,4,4,3,5,4,4,8,4,5,2,9,1,34,2,6,1,1,7,4,1,10,1,14,,17,38,1,22,9,121.5660341,25.04022186
111,4,1,9,25,2,05中正區,中正區中華路2段75巷8號,0,0,1,1,B03,7,1,5,50,14,9,1,5,4,5,7,4,4,5,4,5,2,11,1,51,3,10,1,1,7,9,1,8,1,2,,17,17,1,22,9,121.5063843,25.0337032
111,4,1,9,25,2,05中正區,中正區中華路2段75巷8號,0,0,1,2,C03,7,1,5,50,14,9,1,5,4,5,7,4,4,5,4,5,2,11,1,18,2,7,1,1,7,9,1,10,1,14,,17,17,1,22,9,121.5063843,25.0337032
111,4,1,9,51,2,08士林區,士林區文林路與福國路口,0,0,1,1,B12,8,1,5,0,5,2,1,5,4,5,7,1,1,1,4,5,1,16,1,53,4,11,3,4,7,8,7,19,11,15,,7,7,2,22,9,121.5209796,25.10194342
111,4,1,9,51,2,08士林區,士林區文林路與福國路口,0,0,1,2,C03,8,1,5,0,5,2,1,5,4,5,7,1,1,1,4,5,1,16,1,36,2,9,3,4,7,9,6,18,1,11,,23,7,1,22,9,121.5209796,25.10194342
111,4,1,9,51,2,08士林區,士林區文林路與福國路口,0,0,1,3,B03,8,1,5,0,5,2,1,5,4,5,7,1,1,1,4,5,1,16,1,32,3,10,3,4,7,9,1,8,1,8,,44,7,1,22,9,121.5209796,25.10194342
111,4,1,9,52,2,03中山區,中山區北安路55號,0,0,2,1,C03,8,1,5,50,14,9,1,5,4,5,7,1,1,1,3,5,1,17,1,38,2,9,1,1,7,9,1,10,1,11,,23,23,1,22,9,121.531397,25.07810996
111,4,1,9,52,2,03中山區,中山區北安路55號,0,0,2,2,C03,8,1,5,50,14,9,1,5,4,5,7,1,1,1,3,5,1,17,1,38,2,9,1,1,7,14,1,10,1,13,,44,23,1,22,9,121.531397,25.07810996
111,4,1,9,59,2,05中正區,中正區金山南路1段與忠孝東路2段口西南角,0,0,1,1,C02,8,1,5,50,4,1,1,5,4,5,7,2,1,1,4,5,2,16,1,54,2,9,1,1,7,5,1,9,1,14,,8,8,1,22,9,121.5297521,25.04310971
111,4,1,9,59,2,05中正區,中正區金山南路1段與忠孝東路2段口西南角,0,0,1,2,B12,8,1,5,50,4,1,1,5,4,5,7,2,1,1,4,5,2,16,1,61,3,10,1,1,7,9,1,8,1,5,,44,8,1,22,9,121.5297521,25.04310971
111,4,1,10,29,2,09北投區,北投區承德路7段與立賢路口,0,0,2,1,C03,8,1,5,60,4,1,1,5,4,5,7,1,1,10,5,5,2,18,2,22,2,9,1,1,7,6,1,10,1,12,,44,44,1,22,9,121.5048893,25.11615974
111,4,1,10,29,2,09北投區,北投區承德路7段與立賢路口,0,0,2,2,,8,1,5,60,4,1,1,5,4,5,7,1,1,10,5,5,2,18,3,,,,,,,,,,,,,61,44,1,,,121.5048893,25.11615974
111,4,1,10,29,2,09北投區,北投區承德路7段與立賢路口,0,0,2,3,C03,8,1,5,60,4,1,1,5,4,5,7,1,1,10,5,5,2,18,1,19,2,9,1,1,7,6,1,10,9,12,,44,44,1,22,9,121.5048893,25.11615974
111,4,1,10,30,2,07信義區,信義區永吉路500號,0,0,1,1,B03,6,1,5,50,14,8,1,4,4,5,7,4,4,1,4,4,2,12,1,74,3,10,1,1,7,8,1,8,1,2,,43,43,1,21,8,121.5798373,25.04532045
111,4,1,10,30,2,07信義區,信義區永吉路500號,0,0,1,2,C03,6,1,5,50,14,8,1,4,4,5,7,4,4,1,4,4,2,12,2,20,2,8,1,1,7,9,1,10,1,14,,43,43,1,21,8,121.5798373,25.04532045
111,4,1,10,40,2,05中正區,中正區市民大道3段與新生南路1段口,0,0,1,1,B03,7,1,5,40,4,1,1,5,4,5,7,1,1,1,4,5,2,12,1,36,3,10,1,1,7,6,1,8,2,6,,9,9,1,22,9,121.5327407,25.04531225
111,4,1,10,40,2,05中正區,中正區市民大道3段與新生南路1段口,0,0,1,2,C03,7,1,5,40,4,1,1,5,4,5,7,1,1,1,4,5,2,12,1,31,2,9,1,1,7,9,1,10,2,11,,14,9,1,22,9,121.5327407,25.04531225
111,4,1,11,5,2,11南港區,南港區重陽路與重陽路263巷口,0,0,1,1,B03,7,1,5,50,4,1,1,5,4,5,6,4,4,5,4,5,2,17,2,48,3,10,1,1,7,9,1,8,1,4,,6,6,1,22,9,121.6033515,25.05770756
111,4,1,11,5,2,11南港區,南港區重陽路與重陽路263巷口,0,0,1,2,C03,7,1,5,50,4,1,1,5,4,5,6,4,4,5,4,5,2,17,1,20,2,9,1,1,7,9,1,10,1,11,,44,6,1,22,9,121.6033515,25.05770756
111,4,1,11,12,2,05中正區,中正區南海路與牯嶺街口,0,0,1,1,B01,7,1,5,30,4,1,1,4,4,5,7,1,1,5,4,5,2,3,2,59,3,10,1,1,7,5,1,4,2,8,,15,15,1,22,9,121.5149727,25.03197923
111,4,1,11,12,2,05中正區,中正區南海路與牯嶺街口,0,0,1,2,H01,7,1,5,30,4,1,1,4,4,5,7,1,1,5,4,5,2,3,2,66,2,9,4,5,8,16,8,20,1,16,,51,15,1,22,9,121.5149727,25.03197923
111,4,1,11,15,2,08士林區,士林區士東路91巷7號,0,0,2,1,C03,8,1,5,30,14,9,1,5,4,5,7,4,4,7,5,5,2,3,1,39,3,10,1,1,7,9,1,9,2,11,,23,23,1,22,9,121.5292467,25.11264921
111,4,1,11,15,2,08士林區,士林區士東路91巷7號,0,0,2,2,H01,8,1,5,30,14,9,1,5,4,5,7,4,4,7,5,5,2,3,1,63,2,8,4,5,8,18,8,20,10,16,,51,23,1,22,9,121.5292467,25.11264921
111,4,1,11,15,2,08士林區,士林區士東路91巷7號,0,0,2,3,H02,8,1,5,30,14,9,1,5,4,5,7,4,4,7,5,5,2,3,2,15,2,8,4,5,7,20,8,20,10,16,,67,23,1,22,9,121.5292467,25.11264921
111,4,1,11,15,2,07信義區,信義區忠孝東路5段790巷與忠孝東路5段790巷24弄口,0,0,2,1,C03,6,1,5,30,4,1,1,4,4,5,7,4,4,10,5,5,2,16,1,32,2,7,1,1,7,9,1,10,1,11,,6,6,1,22,9,121.5827208,25.0423953
111,4,1,11,15,2,07信義區,信義區忠孝東路5段790巷與忠孝東路5段790巷24弄口,0,0,2,2,C03,6,1,5,30,4,1,1,4,4,5,7,4,4,10,5,5,2,16,1,29,2,8,1,1,7,9,1,10,1,14,,14,6,1,22,9,121.5827208,25.0423953
111,4,1,11,25,2,07信義區,信義區基隆路2段165號,0,0,1,1,,6,1,5,50,14,9,1,4,4,5,7,4,4,1,4,5,2,17,4,,4,11,3,4,7,15,7,19,11,15,,43,43,2,22,9,121.5539642,25.02554883
111,4,1,11,25,2,07信義區,信義區基隆路2段165號,0,0,1,2,C03,6,1,5,50,14,9,1,4,4,5,7,4,4,1,4,5,2,17,1,28,2,9,3,4,7,9,1,10,1,14,,43,43,1,22,9,121.5539642,25.02554883
111,4,1,11,36,2,12內湖區,內湖區康樂街61巷與康樂街85巷口,0,0,1,1,C03,6,1,5,30,4,2,1,4,4,5,7,4,4,10,5,5,2,15,1,48,3,10,1,1,7,9,1,10,1,11,,6,6,1,22,9,121.6194957,25.06956417
111,4,1,11,36,2,12內湖區,內湖區康樂街61巷與康樂街85巷口,0,0,1,2,C03,6,1,5,30,4,2,1,4,4,5,7,4,4,10,5,5,2,15,2,59,2,9,1,1,7,9,1,10,1,14,,6,6,1,22,9,121.6194957,25.06956417
111,4,1,11,38,2,08士林區,士林區延平北路7段與延平北路7段150巷口,0,0,1,1,C03,7,1,5,40,4,1,1,5,4,5,7,2,1,5,5,5,1,16,1,77,2,9,1,1,7,9,1,10,1,12,,25,25,1,21,8,121.4932801,25.09823157
111,4,1,11,38,2,08士林區,士林區延平北路7段與延平北路7段150巷口,0,0,1,2,B03,7,1,5,40,4,1,1,5,4,5,7,2,1,5,5,5,1,16,1,24,3,10,1,1,7,5,1,8,1,5,,44,25,1,21,8,121.4932801,25.09823157
111,4,1,11,48,2,05中正區,中正區南海路與重慶南路2段口,0,0,1,1,B03,8,1,5,50,4,1,1,5,4,5,7,1,1,10,4,5,2,12,1,42,3,10,1,1,7,5,1,8,2,8,,8,8,1,22,9,121.5144725,25.0319212
111,4,1,11,48,2,05中正區,中正區南海路與重慶南路2段口,0,0,1,2,C03,8,1,5,50,4,1,1,5,4,5,7,1,1,10,4,5,2,12,1,19,2,9,1,1,7,9,1,10,2,12,,42,8,1,22,9,121.5144725,25.0319212
111,4,1,11,49,2,04大安區,大安區大安路2段與復興南路2段125巷口,0,0,1,1,C03,7,1,5,30,3,1,1,5,4,5,7,4,4,5,5,5,2,15,1,45,2,9,1,1,7,9,1,10,1,14,,6,6,1,22,9,121.545504,25.02931579
111,4,1,11,49,2,04大安區,大安區大安路2段與復興南路2段125巷口,0,0,1,2,B03,7,1,5,30,3,1,1,5,4,5,7,4,4,5,5,5,2,15,2,55,3,10,1,1,7,9,1,8,1,5,,44,6,1,22,9,121.545504,25.02931579
111,4,1,11,49,2,04大安區,大安區瑞安街23巷與瑞安街口,0,0,1,1,C03,7,1,5,30,4,1,1,5,4,5,7,4,4,9,4,5,2,15,1,49,3,10,1,1,7,9,1,10,1,11,,6,6,1,21,8,121.5439335,25.03103981
111,4,1,11,49,2,04大安區,大安區瑞安街23巷與瑞安街口,0,0,1,2,B03,7,1,5,30,4,1,1,5,4,5,7,4,4,9,4,5,2,15,1,31,3,10,1,1,7,9,1,8,1,7,,26,6,1,21,8,121.5439335,25.03103981
111,4,1,11,49,2,04大安區,大安區瑞安街23巷與瑞安街口,0,0,1,3,C03,7,1,5,30,4,1,1,5,4,5,7,4,4,9,4,5,2,15,1,42,2,9,1,1,7,9,1,10,1,11,,44,6,1,21,8,121.5439335,25.03103981
111,4,1,11,50,2,12內湖區,內湖區麥帥二橋內湖往松山,0,0,1,1,B03,7,1,5,60,10,9,1,5,4,5,7,4,4,2,3,5,1,13,2,50,3,10,3,4,7,9,1,8,1,1,,44,44,1,22,9,121.5718016,25.05638414
111,4,1,11,50,2,12內湖區,內湖區麥帥二橋內湖往松山,0,0,1,2,B03,7,1,5,60,10,9,1,5,4,5,7,4,4,2,3,5,1,13,1,37,3,10,3,4,7,9,1,8,1,3,,44,44,1,22,9,121.5718016,25.05638414
111,4,1,11,50,2,12內湖區,內湖區麥帥二橋內湖往松山,0,0,1,3,H02,7,1,5,60,10,9,1,5,4,5,7,4,4,2,3,5,1,13,2,70,2,1,3,4,7,21,8,20,11,15,,67,44,1,22,9,121.5718016,25.05638414
111,4,1,12,20,2,03中山區,中山區中山北路4段圓山涵洞前,0,0,1,1,B01,8,1,5,50,14,9,1,5,4,5,7,4,4,9,4,3,1,13,1,60,3,10,1,1,7,9,1,4,1,1,,16,16,1,22,9,121.5262936,25.07673407
111,4,1,12,20,2,03中山區,中山區中山北路4段圓山涵洞前,0,0,1,2,B03,8,1,5,50,14,9,1,5,4,5,7,4,4,9,4,3,1,13,2,40,3,10,1,1,7,9,1,8,1,3,,44,16,1,22,9,121.5262936,25.07673407
111,4,1,12,20,2,03中山區,中山區中山北路4段圓山涵洞前,0,0,1,3,H02,8,1,5,50,14,9,1,5,4,5,7,4,4,9,4,3,1,13,2,37,2,9,4,5,7,21,8,20,9,16,,67,16,1,22,9,121.5262936,25.07673407
111,4,1,12,46,2,04大安區,大安區和平東路3段與基隆路2段口,0,0,1,1,B03,7,1,5,50,4,1,1,5,4,5,7,1,1,10,5,5,2,16,1,37,3,10,1,1,7,6,1,8,1,2,,9,9,1,22,9,121.5527808,25.0246466
111,4,1,12,46,2,04大安區,大安區和平東路3段與基隆路2段口,0,0,1,2,C03,7,1,5,50,4,1,1,5,4,5,7,1,1,10,5,5,2,16,2,46,2,7,1,1,7,9,1,10,1,14,,44,9,1,22,9,121.5527808,25.0246466
111,4,1,13,0,2,12內湖區,內湖區金龍路73號,0,0,1,1,B02,6,1,5,50,14,9,1,4,4,5,7,4,4,5,4,5,1,12,1,55,3,10,1,1,7,1,1,8,1,4,,19,19,1,22,9,121.5922475,25.08515031
111,4,1,13,0,2,12內湖區,內湖區金龍路73號,0,0,1,2,C03,6,1,5,50,14,9,1,4,4,5,7,4,4,5,4,5,1,12,1,19,2,9,1,1,7,9,1,10,1,15,,13,19,1,22,9,121.5922475,25.08515031
111,4,1,13,14,2,04大安區,大安區和平東路3段與基隆路2段口,0,0,1,1,B03,7,1,5,50,4,1,1,5,4,5,7,1,1,10,5,5,2,16,1,61,3,10,1,1,7,6,1,8,1,2,,9,9,1,22,9,121.552761,25.02464952
111,4,1,13,14,2,04大安區,大安區和平東路3段與基隆路2段口,0,0,1,2,C03,7,1,5,50,4,1,1,5,4,5,7,1,1,10,5,5,2,16,1,27,2,8,1,1,7,9,1,10,1,14,,13,9,1,22,9,121.552761,25.02464952
111,4,1,13,23,2,08士林區,士林區忠義街與雨聲街口,0,0,2,1,C03,8,1,5,50,5,1,1,5,4,5,7,1,1,5,5,5,2,3,2,37,2,8,1,1,7,9,1,10,1,11,,44,44,1,22,9,121.5313401,25.10582141
111,4,1,13,23,2,08士林區,士林區忠義街與雨聲街口,0,0,2,2,H01,8,1,5,50,5,1,1,5,4,5,7,1,1,5,5,5,2,3,1,53,2,8,4,5,8,16,8,20,10,16,,52,44,1,22,9,121.5313401,25.10582141
111,4,1,13,53,2,08士林區,士林區復興橋東往西方向001燈桿,0,0,2,1,C03,7,1,5,50,8,9,1,4,4,5,7,4,4,5,4,5,1,12,1,19,2,9,1,1,7,7,3,18,1,14,,7,7,1,22,9,121.5367114,25.09968423
111,4,1,13,53,2,08士林區,士林區復興橋東往西方向001燈桿,0,0,2,2,C03,7,1,5,50,8,9,1,4,4,5,7,4,4,5,4,5,1,12,2,20,2,9,1,1,7,9,1,10,1,11,,13,7,1,22,9,121.5367114,25.09968423
111,4,1,13,54,2,05中正區,中正區和平西路1段與牯嶺街口,0,0,1,1,B03,7,1,5,50,4,1,1,5,4,5,7,1,1,5,4,5,2,17,1,45,3,10,1,1,7,9,1,8,2,4,,25,25,1,22,9,121.5190021,25.02651882
111,4,1,13,54,2,05中正區,中正區和平西路1段與牯嶺街口,0,0,1,2,C03,7,1,5,50,4,1,1,5,4,5,7,1,1,5,4,5,2,17,1,29,2,9,2,1,7,9,1,10,2,14,,44,25,1,22,9,121.5190021,25.02651882
111,4,1,14,0,2,01大同區,大同區民生西路與寧夏路口,0,0,1,1,B02,8,1,5,50,14,9,1,5,4,5,7,1,1,9,4,5,2,16,2,22,3,10,3,4,7,6,1,8,2,2,,9,9,1,22,9,121.5155442,25.0570371
111,4,1,14,0,2,01大同區,大同區民生西路與寧夏路口,0,0,1,2,C03,8,1,5,50,14,9,1,5,4,5,7,1,1,9,4,5,2,16,1,29,2,8,3,4,7,9,1,10,2,14,,44,9,1,22,9,121.5155442,25.0570371
111,4,1,14,16,2,10文山區,文山區興隆路1段與景隆街口口,0,0,2,1,C03,8,1,5,50,5,2,1,5,4,5,7,2,1,1,2,5,2,16,2,21,2,1,1,1,7,6,1,10,1,11,,23,23,1,22,9,121.5444752,24.99867096
111,4,1,14,16,2,10文山區,文山區興隆路1段與景隆街口口,0,0,2,2,C03,8,1,5,50,5,2,1,5,4,5,7,2,1,1,2,5,2,16,1,66,2,9,1,1,7,5,1,10,1,12,,6,23,1,22,9,121.5444752,24.99867096
111,4,1,14,40,2,06松山區,松山區南京東路5段與八德路4段245巷口,0,0,1,1,C03,8,1,5,50,4,1,1,5,4,5,7,1,1,4,3,5,2,16,1,36,2,9,1,1,7,5,1,10,1,14,,6,6,1,22,9,121.5640085,25.05136082
111,4,1,14,40,2,06松山區,松山區南京東路5段與八德路4段245巷口,0,0,1,2,C03,8,1,5,50,4,1,1,5,4,5,7,1,1,4,3,5,2,16,2,26,3,10,1,1,7,9,1,10,1,12,,23,6,1,22,9,121.5640085,25.05136082
111,4,1,14,45,2,08士林區,士林區延平北路5段與中正路口,0,0,2,1,C03,8,1,5,50,5,2,1,5,4,5,7,1,1,9,4,5,2,17,2,24,2,7,1,1,7,5,1,10,1,14,,8,8,1,22,9,121.5094066,25.08660737
111,4,1,14,45,2,08士林區,士林區延平北路5段與中正路口,0,0,2,2,C03,8,1,5,50,5,2,1,5,4,5,7,1,1,9,4,5,2,17,1,21,2,8,1,1,7,9,1,10,1,12,,44,8,1,22,9,121.5094066,25.08660737
111,4,1,15,17,2,04大安區,大安區金山南路2段101巷與金華街183巷口,0,0,2,1,C03,7,1,5,30,4,1,1,5,4,5,7,4,4,9,4,5,2,15,1,21,2,7,1,1,7,9,1,10,1,13,,6,6,1,22,9,121.5273,25.03080587
111,4,1,15,17,2,04大安區,大安區金山南路2段101巷與金華街183巷口,0,0,2,2,C03,7,1,5,30,4,1,1,5,4,5,7,4,4,9,4,5,2,15,1,28,2,7,1,1,7,9,1,10,1,11,,13,6,1,22,9,121.5273,25.03080587
111,4,1,15,20,2,12內湖區,內湖區瑞光路478巷與瑞光路口,0,0,1,1,B01,8,1,5,50,4,1,1,5,4,5,7,2,1,5,4,5,2,17,1,66,3,10,1,1,7,6,1,4,1,2,,9,9,1,22,9,121.5694744,25.07885864
111,4,1,15,20,2,12內湖區,內湖區瑞光路478巷與瑞光路口,0,0,1,2,C03,8,1,5,50,4,1,1,5,4,5,7,2,1,5,4,5,2,17,1,26,2,9,1,1,7,9,1,10,1,12,,44,9,1,22,9,121.5694744,25.07885864
111,4,1,15,30,2,10文山區,文山區辛亥路4段與辛亥路4段77巷口,0,0,1,1,B03,7,1,5,50,3,2,1,5,4,5,7,2,1,1,4,5,2,9,1,34,3,10,1,1,7,2,1,8,1,8,,12,12,1,22,9,121.558713,25.00736456
111,4,1,15,30,2,10文山區,文山區辛亥路4段與辛亥路4段77巷口,0,0,1,2,H01,7,1,5,50,3,2,1,5,4,5,7,2,1,1,4,5,2,9,2,26,2,8,4,1,8,16,8,20,1,16,,67,12,1,22,9,121.558713,25.00736456
111,4,1,15,34,2,05中正區,中正區博愛路與貴陽街1段口,0,0,1,1,C03,7,1,5,50,4,2,1,5,4,5,7,2,1,9,4,5,2,13,2,24,2,9,1,1,7,9,1,10,1,11,,16,16,1,22,3,121.5113318,25.03888
111,4,1,15,34,2,05中正區,中正區博愛路與貴陽街1段口,0,0,1,2,C03,7,1,5,50,4,2,1,5,4,5,7,2,1,9,4,5,2,13,1,78,3,10,1,1,7,9,1,10,1,13,,42,16,1,22,4,121.5113318,25.03888
111,4,1,15,58,2,07信義區,信義區福德街309巷與福德街口,0,0,1,1,B03,7,1,5,50,4,2,1,5,4,5,7,2,1,5,4,5,2,9,1,47,3,10,1,1,7,5,1,8,1,8,,15,15,1,22,9,121.587597,25.03932339
111,4,1,15,58,2,07信義區,信義區福德街309巷與福德街口,0,0,1,2,H01,7,1,5,50,4,2,1,5,4,5,7,2,1,5,4,5,2,9,1,70,2,8,4,5,8,16,8,20,1,16,,67,15,1,22,9,121.587597,25.03932339
111,4,1,16,15,2,11南港區,南港區八德路4段與中坡北路口,0,0,1,1,B02,7,1,5,50,5,1,1,5,4,5,7,1,1,5,4,5,2,16,1,46,3,10,1,1,7,5,1,15,2,2,,6,6,1,22,9,121.5798512,25.05046364
111,4,1,16,15,2,11南港區,南港區八德路4段與中坡北路口,0,0,1,2,C02,7,1,5,50,5,1,1,5,4,5,7,1,1,5,4,5,2,16,1,24,2,8,1,1,7,9,1,9,2,11,,13,6,1,22,9,121.5798512,25.05046364
111,4,1,16,28,2,04大安區,大安區忠孝東路3段與建國南路1段口,0,0,1,1,F01,7,1,5,0,4,2,1,5,4,5,7,2,1,1,3,4,2,17,2,57,2,1,3,4,7,11,8,20,1,16,,11,11,1,22,9,121.5372706,25.04179282
111,4,1,16,28,2,04大安區,大安區忠孝東路3段與建國南路1段口,0,0,1,2,B03,7,1,5,0,4,2,1,5,4,5,7,2,1,1,3,4,2,17,2,25,3,10,3,4,7,6,1,6,1,2,,9,11,1,22,9,121.5372706,25.04179282
111,4,1,16,30,2,11南港區,南港區園區街50號,0,0,1,1,B03,8,1,5,30,14,9,1,5,4,5,7,4,4,5,5,5,2,12,1,48,3,10,1,3,7,1,1,8,1,4,,19,19,1,22,9,121.61257,25.0590726
111,4,1,16,30,2,11南港區,南港區園區街50號,0,0,1,2,C03,8,1,5,30,14,9,1,5,4,5,7,4,4,5,5,5,2,12,2,62,2,9,1,1,7,9,1,10,1,11,,44,19,1,22,9,121.61257,25.0590726
111,4,1,16,45,2,12內湖區,內湖區安康路與永保街口,0,0,1,1,B03,7,2,5,30,3,1,1,5,4,5,7,4,4,10,5,5,2,17,1,46,3,10,1,1,7,1,1,8,1,1,,19,19,1,22,9,121.6043827,25.06410916
111,4,1,16,45,2,12內湖區,內湖區安康路與永保街口,0,0,1,2,C03,7,2,5,30,3,1,1,5,4,5,7,4,4,10,5,5,2,17,2,19,2,9,1,1,7,9,1,10,1,14,,44,19,1,22,9,121.6043827,25.06410916