發生年度,發生月,發生日,發生時-Hours,發生分,處理別-編號,區序,肇事地點,死亡人數,2-30日死亡人數,受傷人數,當事人序號,車種,天候,光線,道路類別,速限-速度限制,道路型態,事故位置,路面狀況1,路面狀況2,路面狀況3,道路障礙1,道路障礙2,號誌1,號誌2,車道劃分-分向,車道劃分-分道1,車道劃分-分道2,車道劃分-分道3,事故類型及型態,性別,年齡,受傷程度,主要傷處,安全帽,行動電話,車輛用途,當事者行動狀態,駕駛資格情形,駕駛執照種類,飲酒情形,車輛撞擊部位1,車輛撞擊部位2,肇因碼-個別,肇因碼-主要,個人肇逃否,職業,旅次目的,座標-X,座標-Y
111,4,1,16,45,2,12內湖區,內湖區安康路與永保街口,0,0,1,3,B03,7,2,5,30,3,1,1,5,4,5,7,4,4,10,5,5,2,17,1,49,3,10,3,1,7,13,1,8,11,15,,38,19,1,22,9,121.6043827,25.06410916
111,4,1,16,50,2,12內湖區,內湖區民權東路6段68號,0,0,1,1,C03,8,1,5,40,14,8,1,5,4,5,7,4,4,1,4,4,2,17,1,40,2,9,1,1,7,9,1,10,1,11,,16,16,1,22,9,121.5849623,25.06880249
111,4,1,16,50,2,12內湖區,內湖區民權東路6段68號,0,0,1,2,C03,8,1,5,40,14,8,1,5,4,5,7,4,4,1,4,4,2,17,1,38,3,10,1,1,7,9,3,18,1,13,,44,16,1,22,9,121.5849623,25.06880249
111,4,1,16,50,2,12內湖區,內湖區民權東路6段68號,0,0,1,3,B03,8,1,5,40,14,8,1,5,4,5,7,4,4,1,4,4,2,17,1,33,3,10,1,1,7,1,1,8,1,7,,19,16,1,22,9,121.5849623,25.06880249
111,4,1,17,26,2,04大安區,大安區羅斯福路2段與杭州南路2段口,0,0,1,1,B03,7,1,5,50,3,1,1,5,4,5,7,1,1,9,4,5,1,16,1,41,3,10,1,1,7,6,1,8,1,2,,9,9,1,22,9,121.5215944,25.0282935
111,4,1,17,26,2,04大安區,大安區羅斯福路2段與杭州南路2段口,0,0,1,2,C03,7,1,5,50,3,1,1,5,4,5,7,1,1,9,4,5,1,16,1,36,2,9,1,1,7,9,1,10,1,11,,44,9,1,22,9,121.5215944,25.0282935
111,4,1,17,47,2,12內湖區,內湖區潭美街與新明路437巷口口,0,0,1,1,C03,6,1,5,40,3,1,1,4,4,5,1,4,4,5,4,5,2,17,1,41,3,10,1,1,7,5,1,10,1,15,,6,6,1,22,9,121.58098,25.05395663
111,4,1,17,47,2,12內湖區,內湖區潭美街與新明路437巷口口,0,0,1,2,C03,6,1,5,40,3,1,1,4,4,5,1,4,4,5,4,5,2,17,1,44,2,7,1,1,7,9,1,10,1,15,,13,6,1,22,9,121.58098,25.05395663
111,4,1,18,30,2,03中山區,中山區北安路與明水路口,0,0,2,1,C03,7,3,5,50,3,1,1,5,4,5,7,2,1,1,5,5,1,16,1,55,2,9,3,4,7,5,1,10,1,11,,8,8,1,22,9,121.5390902,25.07768444
111,4,1,18,30,2,03中山區,中山區北安路與明水路口,0,0,2,2,F01,7,3,5,50,3,1,1,5,4,5,7,2,1,1,5,5,1,16,1,38,2,9,1,1,7,1,8,20,1,16,,19,8,1,22,9,121.5390902,25.07768444
111,4,1,18,36,2,07信義區,信義區松智路與信義路5段口7號旁,0,0,1,1,B01,8,3,5,50,3,2,1,5,4,5,7,2,1,7,4,5,2,17,1,57,3,10,1,1,7,11,1,4,1,5,,10,10,1,22,9,121.5653813,25.03385726
111,4,1,18,36,2,07信義區,信義區松智路與信義路5段口7號旁,0,0,1,2,C03,8,3,5,50,3,2,1,5,4,5,7,2,1,7,4,5,2,17,2,52,2,9,1,1,7,9,1,10,1,11,,44,10,1,22,9,121.5653813,25.03385726
111,4,1,18,58,2,03中山區,中山區松江路108巷與吉林路口,0,0,1,1,C03,8,3,5,50,3,2,1,5,4,5,7,4,4,5,4,5,2,18,1,54,2,9,1,1,7,14,1,10,2,14,,43,43,1,22,9,121.5300926,25.05148082
111,4,1,18,58,2,03中山區,中山區松江路108巷與吉林路口,0,0,1,2,,8,3,5,50,3,2,1,5,4,5,7,4,4,5,4,5,2,18,3,,,,,,,,,,,,,67,43,1,,,121.5300926,25.05148082
111,4,1,19,3,2,06松山區,松山區民權東路3段142號,0,0,3,2,C03,7,3,5,50,14,9,1,5,4,5,7,4,4,9,4,5,2,13,1,39,2,9,1,1,7,15,1,10,1,13,,44,16,1,22,9,121.5468472,25.06199668
111,4,1,19,3,2,06松山區,松山區民權東路3段142號,0,0,3,3,H02,7,3,5,50,14,9,1,5,4,5,7,4,4,9,4,5,2,13,2,14,2,9,4,5,7,21,8,20,10,16,,67,16,1,22,9,121.5468472,25.06199668
111,4,1,19,3,2,06松山區,松山區民權東路3段142號,0,0,3,1,C03,7,3,5,50,14,9,1,5,4,5,7,4,4,9,4,5,2,13,1,55,2,9,1,1,7,9,1,9,1,11,,16,16,1,22,9,121.5468472,25.06199668
111,4,1,19,25,2,06松山區,松山區光復北路11巷與南京東路5段66巷22弄口,0,0,2,1,C03,7,3,5,50,4,1,1,5,4,5,7,4,4,9,4,5,2,3,2,41,2,9,1,1,7,9,1,10,1,11,,15,15,1,22,9,121.5592014,25.04961666
111,4,1,19,25,2,06松山區,松山區光復北路11巷與南京東路5段66巷22弄口,0,0,2,2,H01,7,3,5,50,4,1,1,5,4,5,7,4,4,9,4,5,2,3,2,36,2,9,4,1,8,16,8,20,10,16,,67,15,1,22,9,121.5592014,25.04961666
111,4,1,19,28,2,05中正區,中正區衡陽路與博愛路口,0,0,1,1,C03,7,3,5,50,4,1,1,5,4,5,7,2,1,9,4,5,2,12,1,23,3,10,1,1,7,5,1,10,2,14,,8,8,1,22,9,121.5115009,25.04226551
111,4,1,19,28,2,05中正區,中正區衡陽路與博愛路口,0,0,1,2,C03,7,3,5,50,4,1,1,5,4,5,7,2,1,9,4,5,2,12,2,28,2,8,1,1,7,9,1,10,2,11,,44,8,1,22,9,121.5115009,25.04226551
111,4,1,19,30,2,09北投區,北投區大業路與中央北路1段口,0,0,1,1,B03,8,1,5,50,4,2,1,5,4,5,7,2,1,3,4,5,1,16,2,55,3,10,1,1,7,5,1,8,1,6,,8,8,1,22,9,121.4972396,25.13602691
111,4,1,19,30,2,09北投區,北投區大業路與中央北路1段口,0,0,1,2,C03,8,1,5,50,4,2,1,5,4,5,7,2,1,3,4,5,1,16,1,27,2,9,1,1,7,9,1,10,1,11,,13,8,1,22,9,121.4972396,25.13602691
111,4,1,19,40,2,04大安區,大安區基隆路2段232號前,0,0,2,1,C03,7,3,5,50,14,9,1,5,4,5,7,4,4,8,3,5,1,13,1,25,2,9,1,1,7,15,1,10,1,11,,23,23,1,21,5,121.5512152,25.02328692
111,4,1,19,40,2,04大安區,大安區基隆路2段232號前,0,0,2,2,C03,7,3,5,50,14,9,1,5,4,5,7,4,4,8,3,5,1,13,1,51,3,10,1,1,7,12,1,10,1,13,,44,23,1,21,1,121.5512152,25.02328692
111,4,1,19,40,2,04大安區,大安區基隆路2段232號前,0,0,2,3,H02,7,3,5,50,14,9,1,5,4,5,7,4,4,8,3,5,1,13,2,24,2,8,1,1,7,20,8,20,10,16,,67,23,1,21,5,121.5512152,25.02328692
111,4,1,20,0,2,09北投區,北投區東華街1段394號,0,0,1,1,C03,8,1,5,50,14,9,1,5,4,5,7,4,4,10,5,5,2,13,2,20,3,10,1,1,7,9,1,10,1,11,,16,16,1,22,9,121.5186315,25.11047939
111,4,1,20,0,2,09北投區,北投區東華街1段394號,0,0,1,2,C03,8,1,5,50,14,9,1,5,4,5,7,4,4,10,5,5,2,13,2,58,2,9,1,1,7,9,1,10,1,13,,43,16,1,22,9,121.5186315,25.11047939
111,4,1,20,3,2,05中正區,中正區杭州南路2段與愛國東路口,0,0,1,1,C03,8,3,5,50,5,1,1,5,4,5,7,1,1,3,4,5,2,15,1,56,2,8,1,1,7,9,1,10,1,12,,25,25,1,22,9,121.5225198,25.032327
111,4,1,20,3,2,05中正區,中正區杭州南路2段與愛國東路口,0,0,1,2,B03,8,3,5,50,5,1,1,5,4,5,7,1,1,3,4,5,2,15,2,54,3,10,1,1,7,9,1,8,1,8,,44,25,1,22,9,121.5225198,25.032327
111,4,1,20,24,2,08士林區,士林區忠誠路2段40巷與忠誠路2段40巷14弄口,0,0,1,1,C03,7,3,5,30,4,2,1,5,4,5,7,4,4,10,5,5,2,9,1,46,3,10,1,1,7,15,1,10,2,15,,43,43,1,22,9,121.5295077,25.1101899
111,4,1,20,24,2,08士林區,士林區忠誠路2段40巷與忠誠路2段40巷14弄口,0,0,1,2,H01,7,3,5,30,4,2,1,5,4,5,7,4,4,10,5,5,2,9,1,44,2,8,4,5,8,16,8,20,10,16,,67,43,1,22,9,121.5295077,25.1101899
111,4,1,20,48,2,04大安區,大安區和平東路1段與羅斯福路2段口,0,0,2,1,C03,8,3,5,50,14,9,1,5,4,5,7,4,4,8,3,5,1,13,1,27,2,7,1,1,7,12,1,10,1,11,,16,16,1,21,5,121.523378,25.02707036
111,4,1,20,48,2,04大安區,大安區和平東路1段與羅斯福路2段口,0,0,2,2,B03,8,3,5,50,14,9,1,5,4,5,7,4,4,8,3,5,1,13,1,54,3,10,1,1,7,15,1,8,1,3,,44,16,1,21,8,121.523378,25.02707036
111,4,1,20,48,2,04大安區,大安區和平東路1段與羅斯福路2段口,0,0,2,3,H02,8,3,5,50,14,9,1,5,4,5,7,4,4,8,3,5,1,13,2,27,2,9,1,1,7,20,8,20,10,16,,67,16,1,21,5,121.523378,25.02707036
111,4,1,21,0,2,09北投區,北投區公館路與公館路166巷口,0,0,1,1,B03,8,3,5,50,4,1,1,5,4,5,7,4,4,5,5,5,1,17,1,42,3,10,1,1,7,11,1,8,1,4,,10,10,1,22,9,121.5062533,25.12903992
111,4,1,21,0,2,09北投區,北投區公館路與公館路166巷口,0,0,1,2,F03,8,3,5,50,4,1,1,5,4,5,7,4,4,5,5,5,1,17,1,24,2,9,1,1,7,9,8,20,1,16,,44,10,1,22,9,121.5062533,25.12903992
111,4,1,21,49,2,08士林區,士林區中正路與華光街口,0,0,2,1,C03,6,3,5,50,3,2,1,4,4,5,7,4,4,3,4,5,2,18,1,18,2,8,1,1,7,9,1,10,1,12,,42,42,1,22,9,121.5231939,25.09474575
111,4,1,21,49,2,08士林區,士林區中正路與華光街口,0,0,2,2,,6,3,5,50,3,2,1,4,4,5,7,4,4,3,4,5,2,18,3,,,,,,,,,,,,,67,42,1,,,121.5231939,25.09474575
111,4,1,21,49,2,08士林區,士林區中正路與華光街口,0,0,2,3,H02,6,3,5,50,3,2,1,4,4,5,7,4,4,3,4,5,2,18,1,17,2,8,1,5,7,20,8,20,10,16,,67,42,1,22,9,121.5231939,25.09474575
111,4,1,22,25,2,09北投區,北投區大業路與豐年路2段口,0,0,1,1,B12,8,3,5,50,5,1,1,5,4,5,7,2,1,3,4,5,1,16,1,65,3,10,1,1,7,5,1,8,1,6,,8,8,1,22,9,121.4964062,25.1347978
111,4,1,22,25,2,09北投區,北投區大業路與豐年路2段口,0,0,1,2,C03,8,3,5,50,5,1,1,5,4,5,7,2,1,3,4,5,1,16,1,18,2,9,1,1,7,9,1,10,1,11,,44,8,1,22,9,121.4964062,25.1347978
111,4,1,22,30,2,12內湖區,內湖區成美橋與新明路298巷口,0,0,2,1,C03,7,3,5,0,4,1,1,5,4,5,7,1,1,5,5,5,2,16,1,33,2,8,1,1,7,5,1,10,2,14,,8,8,1,22,9,121.582118,25.05546569
111,4,1,22,30,2,12內湖區,內湖區成美橋與新明路298巷口,0,0,2,2,C03,7,3,5,0,4,1,1,5,4,5,7,1,1,5,5,5,2,16,1,26,2,7,1,1,7,9,1,10,2,12,,23,8,1,22,9,121.582118,25.05546569
111,4,1,22,35,2,08士林區,士林區承德路4段與通河街口,0,0,1,1,C03,7,3,5,50,4,2,1,5,4,5,7,1,1,10,4,5,2,3,1,18,3,10,1,1,7,6,1,10,2,11,,15,15,1,22,9,121.5222191,25.0802188
111,4,1,22,35,2,08士林區,士林區承德路4段與通河街口,0,0,1,2,H01,7,3,5,50,4,2,1,5,4,5,7,1,1,10,4,5,2,3,1,36,2,8,4,5,8,16,8,20,10,16,,67,15,1,22,9,121.5222191,25.0802188
111,4,1,23,24,2,03中山區,中山區中山北路2段與南京東路1段口,0,0,1,1,B01,8,3,5,50,4,1,1,5,4,5,7,2,1,5,2,5,2,13,1,53,3,10,1,1,7,8,1,4,1,15,,7,7,1,10,4,121.5226233,25.05226949
111,4,1,23,24,2,03中山區,中山區中山北路2段與南京東路1段口,0,0,1,2,C03,8,3,5,50,4,1,1,5,4,5,7,2,1,5,2,5,2,13,1,15,2,9,1,1,7,9,2,18,1,11,,44,7,1,16,5,121.5226233,25.05226949
111,4,1,23,24,2,03中山區,中山區中山北路2段與南京東路1段口,0,0,1,3,C03,8,3,5,50,4,1,1,5,4,5,7,2,1,5,2,5,2,13,1,24,3,10,1,1,7,8,1,10,1,13,,7,7,1,5,5,121.5226233,25.05226949
111,4,1,23,29,2,03中山區,中山區建國北路3段與農安街口,0,0,1,1,C03,7,3,5,50,4,1,1,5,4,5,7,2,1,1,1,4,1,15,1,32,2,9,3,4,7,9,1,10,1,12,,44,44,1,22,9,121.5366387,25.06488911
111,4,1,23,29,2,03中山區,中山區建國北路3段與農安街口,0,0,1,2,B01,7,3,5,50,4,1,1,5,4,5,7,2,1,1,1,4,1,15,1,62,3,10,3,4,7,9,1,4,1,1,,25,44,1,22,9,121.5366387,25.06488911
111,4,1,23,34,2,06松山區,松山區民權東路4段與敦化北路口,0,0,1,1,B03,7,3,5,50,4,1,1,5,4,5,7,1,1,1,3,1,2,16,1,31,3,10,1,1,7,6,1,8,1,2,,9,9,1,22,9,121.5511323,25.0614795
111,4,1,23,34,2,06松山區,松山區民權東路4段與敦化北路口,0,0,1,2,C03,7,3,5,50,4,1,1,5,4,5,7,1,1,1,3,1,2,16,1,29,2,8,1,1,7,9,1,10,1,11,,44,9,1,22,9,121.5511323,25.0614795
111,4,2,5,30,2,09北投區,北投區立賢路178號,0,0,2,1,C03,8,3,5,50,14,9,1,5,4,5,7,4,4,1,4,5,1,13,1,46,2,9,1,1,7,8,1,10,1,11,,23,23,1,22,9,121.5017766,25.11398357
111,4,2,5,30,2,09北投區,北投區立賢路178號,0,0,2,2,F01,8,3,5,50,14,9,1,5,4,5,7,4,4,1,4,5,1,13,1,63,2,9,1,1,7,9,8,20,1,16,,27,23,1,22,9,121.5017766,25.11398357
111,4,2,8,22,2,08士林區,士林區中山北路5段與中山北路5段378巷口,0,0,1,1,B03,6,1,5,50,14,9,1,4,4,5,7,4,4,4,3,5,1,12,1,60,3,10,1,1,7,8,1,8,11,2,,7,7,1,22,9,121.5276192,25.09008703
111,4,2,8,22,2,08士林區,士林區中山北路5段與中山北路5段378巷口,0,0,1,2,C03,6,1,5,50,14,9,1,4,4,5,7,4,4,4,3,5,1,12,2,19,2,8,1,1,7,9,1,10,11,14,,23,7,1,22,9,121.5276192,25.09008703
111,4,2,8,40,2,04大安區,大安區信義路3段與新生南路2段口,0,0,1,1,B01,8,1,5,50,4,1,1,5,4,5,7,1,1,1,4,1,1,16,1,63,3,10,1,1,7,6,6,4,1,5,,9,9,1,22,9,121.5328732,25.03349386
111,4,2,8,40,2,04大安區,大安區信義路3段與新生南路2段口,0,0,1,2,C03,8,1,5,50,4,1,1,5,4,5,7,1,1,1,4,1,1,16,2,30,2,9,1,1,7,9,1,10,1,11,,13,9,1,22,9,121.5328732,25.03349386
111,4,2,9,30,2,10文山區,文山區景後街與景後街105巷口,0,0,2,2,C03,6,1,5,50,4,1,1,4,4,5,7,4,4,5,5,5,2,15,1,36,2,8,1,1,7,9,1,10,1,11,,23,6,1,22,9,121.542489,24.9912399
111,4,2,9,30,2,10文山區,文山區景後街與景後街105巷口,0,0,2,1,C03,6,1,5,50,4,1,1,4,4,5,7,4,4,5,5,5,2,15,2,57,2,5,1,1,7,9,1,10,1,12,,6,6,1,22,9,121.542489,24.9912399
111,4,2,10,0,2,01大同區,大同區台北橋往三重機車道,0,0,2,1,C03,6,1,7,50,14,11,1,4,4,5,7,4,4,9,4,5,2,16,1,24,2,9,1,1,7,9,1,10,1,14,,23,23,1,22,9,121.5085714,25.06351337
111,4,2,10,0,2,01大同區,大同區台北橋往三重機車道,0,0,2,2,C03,6,1,7,50,14,11,1,4,4,5,7,4,4,9,4,5,2,16,1,62,2,9,1,1,7,9,1,10,1,12,,44,23,1,22,9,121.5085714,25.06351337
111,4,2,10,0,2,01大同區,大同區台北橋往三重機車道,0,0,2,3,,6,1,7,50,14,11,1,4,4,5,7,4,4,9,4,5,2,16,3,,,,,,,,,,,,,67,23,1,,,121.5085714,25.06351337
111,4,2,10,3,2,12內湖區,內湖區金龍路與內湖路2段口,0,0,1,1,B03,6,1,5,50,4,1,1,4,4,5,7,1,1,4,3,4,1,12,2,22,3,10,1,1,7,5,1,8,2,4,,8,8,1,22,9,121.5937192,25.08478998
111,4,2,10,3,2,12內湖區,內湖區金龍路與內湖路2段口,0,0,1,2,C03,6,1,5,50,4,1,1,4,4,5,7,1,1,4,3,4,1,12,1,50,2,9,2,1,7,9,1,10,2,12,,44,8,1,22,9,121.5937192,25.08478998
111,4,2,10,25,2,03中山區,中山區南京東路3段131號車道口,0,0,1,1,B01,6,1,5,50,14,8,1,4,4,5,7,4,4,1,4,4,2,17,1,65,3,10,1,1,7,8,1,4,1,15,,44,44,1,22,9,121.5410575,25.05199298
111,4,2,10,25,2,03中山區,中山區南京東路3段131號車道口,0,0,1,2,C03,6,1,5,50,14,8,1,4,4,5,7,4,4,1,4,4,2,17,1,36,2,9,1,1,7,12,1,10,1,14,,13,44,1,22,9,121.5410575,25.05199298
111,4,2,10,35,2,12內湖區,內湖區金龍路141號,0,0,1,1,B03,6,1,5,50,14,8,1,4,4,5,7,4,4,5,5,4,2,11,1,59,3,10,1,1,7,11,1,8,1,5,,26,26,1,22,9,121.5898521,25.0860931
111,4,2,10,35,2,12內湖區,內湖區金龍路141號,0,0,1,2,C03,6,1,5,50,14,8,1,4,4,5,7,4,4,5,5,4,2,11,1,29,2,9,1,1,7,9,1,10,1,11,,13,26,1,22,9,121.5898521,25.0860931
111,4,2,10,37,2,09北投區,北投區承德路7段393巷91號,0,0,1,1,C03,6,1,5,40,14,9,1,4,4,5,7,4,4,9,4,5,2,18,2,55,2,9,1,1,7,15,1,10,1,12,,43,43,1,22,9,121.5007913,25.1154307
111,4,2,10,37,2,09北投區,北投區承德路7段393巷91號,0,0,1,2,,6,1,5,40,14,9,1,4,4,5,7,4,4,9,4,5,2,18,3,,,,,,,,,,,,,67,43,1,,,121.5007913,25.1154307
111,4,2,10,55,2,10文山區,文山區景豐街31巷與景豐街37巷7弄口,0,0,1,1,C03,6,1,5,30,4,1,1,4,4,5,7,4,4,10,5,5,2,15,2,61,2,1,1,1,7,9,1,10,1,11,,6,6,1,22,9,121.545857,25.0003979
111,4,2,10,55,2,10文山區,文山區景豐街31巷與景豐街37巷7弄口,0,0,1,2,B03,6,1,5,30,4,1,1,4,4,5,7,4,4,10,5,5,2,15,1,46,3,10,1,1,7,9,1,8,1,4,,23,6,1,22,9,121.545857,25.0003979
111,4,2,11,35,2,04大安區,大安區新生南路1段97巷與忠孝東路3段44巷口,0,0,2,1,C03,6,1,5,30,4,1,1,4,4,5,7,4,4,10,5,5,1,15,1,42,2,9,1,1,7,9,1,10,1,12,,6,6,1,22,9,121.5334879,25.0418207
111,4,2,11,35,2,04大安區,大安區新生南路1段97巷與忠孝東路3段44巷口,0,0,2,2,B03,6,1,5,30,4,1,1,4,4,5,7,4,4,10,5,5,1,15,1,52,3,10,3,1,7,9,1,8,1,1,,23,6,1,22,9,121.5334879,25.0418207
111,4,2,11,35,2,04大安區,大安區新生南路1段97巷與忠孝東路3段44巷口,0,0,2,3,H02,6,1,5,30,4,1,1,4,4,5,7,4,4,10,5,5,1,15,2,8,2,9,4,5,7,21,8,20,10,16,,67,6,1,22,9,121.5334879,25.0418207
111,4,2,11,50,2,04大安區,大安區忠孝東路4段147巷與敦化南路1段187巷口,0,0,1,1,B01,6,1,5,30,4,1,1,4,4,5,7,4,4,10,5,5,2,15,1,62,3,10,1,1,7,9,1,4,1,1,,6,6,1,22,9,121.5496548,25.04259818
111,4,2,11,50,2,04大安區,大安區忠孝東路4段147巷與敦化南路1段187巷口,0,0,1,2,C03,6,1,5,30,4,1,1,4,4,5,7,4,4,10,5,5,2,15,1,55,2,9,1,1,7,9,1,10,1,12,,14,6,1,22,9,121.5496548,25.04259818
111,4,2,12,27,2,08士林區,士林區士東路與芝玉路2段口口,0,0,2,1,B03,6,1,5,50,3,1,1,4,4,5,7,4,4,1,4,5,1,12,1,24,3,10,1,1,7,11,1,8,1,2,,10,10,1,22,9,121.5353599,25.11303523
111,4,2,12,27,2,08士林區,士林區士東路與芝玉路2段口口,0,0,2,2,C03,6,1,5,50,3,1,1,4,4,5,7,4,4,1,4,5,1,12,1,19,2,9,1,1,7,9,1,10,1,11,,44,10,1,22,9,121.5353599,25.11303523
111,4,2,12,27,2,08士林區,士林區士東路與芝玉路2段口口,0,0,2,3,H02,6,1,5,50,3,1,1,4,4,5,7,4,4,1,4,5,1,12,1,18,2,8,1,1,7,20,8,20,10,15,,67,10,1,22,9,121.5353599,25.11303523
111,4,2,12,40,2,06松山區,松山區長春路508號,0,0,2,1,C03,6,1,5,30,4,1,1,4,4,5,7,4,4,9,4,4,2,17,1,30,2,7,1,1,7,5,1,10,1,14,,6,6,1,22,9,121.5480238,25.05443642
111,4,2,12,40,2,06松山區,松山區長春路508號,0,0,2,2,C03,6,1,5,30,4,1,1,4,4,5,7,4,4,9,4,4,2,17,1,30,2,7,1,1,7,9,1,10,1,11,,44,6,1,22,9,121.5480238,25.05443642
111,4,2,13,42,2,06松山區,松山區三民路與三民路29巷口,0,0,2,1,C03,6,1,5,30,4,1,1,4,4,5,7,4,4,9,3,5,2,15,1,63,2,9,1,1,7,9,4,10,1,14,,6,6,1,22,9,121.5637856,25.05501785
111,4,2,13,42,2,06松山區,松山區三民路與三民路29巷口,0,0,2,2,C03,6,1,5,30,4,1,1,4,4,5,7,4,4,9,3,5,2,15,1,41,2,9,1,1,7,9,1,10,1,11,,14,6,1,22,9,121.5637856,25.05501785
111,4,2,13,45,2,03中山區,中山區松江路253號,0,0,1,1,C03,6,1,5,50,14,8,1,4,4,5,7,4,4,1,1,5,1,13,1,22,2,9,3,4,7,9,1,10,1,11,,23,23,1,22,9,121.5332625,25.05941994
111,4,2,13,45,2,03中山區,中山區松江路253號,0,0,1,2,C03,6,1,5,50,14,8,1,4,4,5,7,4,4,1,1,5,1,13,1,47,3,10,3,4,7,15,6,18,1,13,,14,23,1,22,9,121.5332625,25.05941994
111,4,2,14,21,2,01大同區,大同區重慶北路1段與鄭州路口,0,0,1,1,B01,6,1,5,40,14,9,1,4,4,5,7,1,1,9,4,5,1,16,1,31,3,10,3,4,7,6,1,4,1,6,,9,9,1,22,9,121.5134444,25.04953736
111,4,2,14,21,2,01大同區,大同區重慶北路1段與鄭州路口,0,0,1,2,C03,6,1,5,40,14,9,1,4,4,5,7,1,1,9,4,5,1,16,1,24,2,8,3,4,7,6,1,10,1,14,,44,9,1,22,9,121.5134444,25.04953736
111,4,2,14,30,2,07信義區,信義區莊敬路與吳興街269巷口,0,0,1,1,C03,6,1,5,50,3,2,1,4,4,5,7,4,4,9,5,4,2,17,1,48,2,9,3,4,7,9,1,10,1,12,,43,43,1,22,9,121.5651233,25.02759413
111,4,2,14,30,2,07信義區,信義區莊敬路與吳興街269巷口,0,0,1,2,B03,6,1,5,50,3,2,1,4,4,5,7,4,4,9,5,4,2,17,1,42,3,10,3,4,7,6,1,8,1,15,,43,43,1,22,9,121.5651233,25.02759413
111,4,2,14,31,2,04大安區,大安區基隆路2段與嘉興街216巷口,0,0,1,1,B12,6,1,5,50,4,1,1,4,4,5,7,2,1,1,4,5,2,2,1,32,3,10,1,1,7,5,1,8,1,8,,8,8,1,21,8,121.5559554,25.02738901
111,4,2,14,31,2,04大安區,大安區基隆路2段與嘉興街216巷口,0,0,1,2,H01,6,1,5,50,4,1,1,4,4,5,7,2,1,1,4,5,2,2,2,69,2,9,4,5,8,16,8,20,10,16,,67,8,1,21,8,121.5559554,25.02738901
111,4,2,15,0,2,09北投區,北投區承德路7段與承德路7段393巷口,0,0,1,1,B03,6,1,5,60,4,1,1,4,4,5,7,2,1,1,4,4,2,16,1,40,3,10,1,1,7,6,1,8,2,6,,9,9,1,22,9,121.5013348,25.11940281
111,4,2,15,0,2,09北投區,北投區承德路7段與承德路7段393巷口,0,0,1,2,C03,6,1,5,60,4,1,1,4,4,5,7,2,1,1,4,4,2,16,1,55,2,9,1,1,7,9,1,10,2,11,,44,9,1,22,9,121.5013348,25.11940281
111,4,2,15,35,2,09北投區,北投區大業路與大同街口,0,0,1,1,B03,6,1,5,50,4,1,1,4,4,5,7,1,1,10,5,5,2,16,1,51,3,10,1,1,7,9,1,8,2,5,,26,26,1,22,9,121.4990677,25.13698134
111,4,2,15,35,2,09北投區,北投區大業路與大同街口,0,0,1,2,C03,6,1,5,50,4,1,1,4,4,5,7,1,1,10,5,5,2,16,1,24,2,9,1,1,7,5,1,9,2,14,,8,26,1,22,9,121.4990677,25.13698134
111,4,2,16,0,2,06松山區,松山區塔悠路105號,0,0,1,1,B01,6,1,5,50,14,9,1,4,4,5,7,4,4,1,4,5,2,12,1,53,3,10,3,4,7,1,1,4,2,4,,19,19,1,22,9,121.5700146,25.05408774
111,4,2,16,0,2,06松山區,松山區塔悠路105號,0,0,1,2,C03,6,1,5,50,14,9,1,4,4,5,7,4,4,1,4,5,2,12,1,18,2,9,1,4,7,7,1,10,2,11,,13,19,1,22,9,121.5700146,25.05408774
111,4,2,16,0,2,10文山區,文山區木柵路5段43巷口,0,0,1,1,B03,6,1,5,50,14,9,1,4,4,5,7,4,4,5,2,5,2,13,1,20,2,7,1,1,7,9,1,8,2,1,,23,23,1,22,9,121.5848217,25.0030744
111,4,2,16,0,2,10文山區,文山區木柵路5段43巷口,0,0,1,2,B12,6,1,5,50,14,9,1,4,4,5,7,4,4,5,2,5,2,13,1,60,3,10,1,1,7,14,1,8,2,3,,44,23,1,22,9,121.5848217,25.0030744
111,4,2,16,0,2,10文山區,文山區木柵路1段與試院路口,0,0,4,1,B11,6,1,5,50,4,1,1,4,4,5,7,2,1,4,3,5,2,17,1,48,2,8,3,4,7,9,1,8,2,1,,23,23,2,22,9,121.5489577,24.98724435
111,4,2,16,0,2,10文山區,文山區木柵路1段與試院路口,0,0,4,2,B03,6,1,5,50,4,1,1,4,4,5,7,2,1,4,3,5,2,17,1,58,2,9,3,4,7,14,1,8,1,6,,44,23,1,22,9,121.5489577,24.98724435
111,4,2,16,0,2,10文山區,文山區木柵路1段與試院路口,0,0,4,3,B03,6,1,5,50,4,1,1,4,4,5,7,2,1,4,3,5,2,17,1,21,3,10,3,4,7,9,1,8,1,1,,44,23,1,22,9,121.5489577,24.98724435
111,4,2,16,0,2,10文山區,文山區木柵路1段與試院路口,0,0,4,4,B03,6,1,5,50,4,1,1,4,4,5,7,2,1,4,3,5,2,17,1,46,3,10,3,4,7,9,1,8,1,4,,44,23,1,22,9,121.5489577,24.98724435
111,4,2,16,0,2,10文山區,文山區木柵路1段與試院路口,0,0,4,5,C03,6,1,5,50,4,1,1,4,4,5,7,2,1,4,3,5,2,17,1,40,2,9,1,1,7,9,3,18,1,14,,44,23,1,22,9,121.5489577,24.98724435
111,4,2,16,0,2,10文山區,文山區木柵路1段與試院路口,0,0,4,6,C03,6,1,5,50,4,1,1,4,4,5,7,2,1,4,3,5,2,17,2,27,2,9,1,1,7,9,1,10,1,13,,44,23,1,22,9,121.5489577,24.98724435
111,4,2,16,0,2,10文山區,文山區木柵路1段與試院路口,0,0,4,7,A02,6,1,5,50,4,1,1,4,4,5,7,2,1,4,3,5,2,17,1,48,3,10,3,4,7,9,1,2,1,4,,44,23,1,22,9,121.5489577,24.98724435