發生年度,發生月,發生日,發生時-Hours,發生分,處理別-編號,區序,肇事地點,死亡人數,2-30日死亡人數,受傷人數,當事人序號,車種,天候,光線,道路類別,速限-速度限制,道路型態,事故位置,路面狀況1,路面狀況2,路面狀況3,道路障礙1,道路障礙2,號誌1,號誌2,車道劃分-分向,車道劃分-分道1,車道劃分-分道2,車道劃分-分道3,事故類型及型態,性別,年齡,受傷程度,主要傷處,安全帽,行動電話,車輛用途,當事者行動狀態,駕駛資格情形,駕駛執照種類,飲酒情形,車輛撞擊部位1,車輛撞擊部位2,肇因碼-個別,肇因碼-主要,個人肇逃否,職業,旅次目的,座標-X,座標-Y
111,4,2,16,59,2,04大安區,大安區師大路105巷與師大路口,0,0,1,1,C03,6,1,5,50,4,1,1,4,4,5,7,2,1,5,3,5,2,17,2,29,2,8,3,4,7,9,1,10,1,12,,44,44,1,22,9,121.5283885,25.02254552
111,4,2,16,59,2,04大安區,大安區師大路105巷與師大路口,0,0,1,2,B03,6,1,5,50,4,1,1,4,4,5,7,2,1,5,3,5,2,17,1,33,3,10,3,4,7,5,1,8,1,15,,8,44,1,22,9,121.5283885,25.02254552
111,4,2,17,7,2,11南港區,南港區忠孝東路6段與東新街口,0,0,1,1,B12,6,1,5,50,4,2,1,4,4,5,7,1,1,9,5,5,2,12,1,45,3,10,1,1,7,6,1,8,2,2,,9,9,1,22,9,121.5851508,25.0480872
111,4,2,17,7,2,11南港區,南港區忠孝東路6段與東新街口,0,0,1,2,C03,6,1,5,50,4,2,1,4,4,5,7,1,1,9,5,5,2,12,1,21,2,9,1,1,7,9,1,10,2,11,,44,9,1,22,9,121.5851508,25.0480872
111,4,2,17,55,2,06松山區,松山區光復北路11巷與八德路4段17巷口,0,0,1,1,B01,6,3,5,30,3,1,1,4,4,5,7,4,4,5,5,5,2,17,1,52,3,10,1,1,7,11,1,4,1,4,,10,10,1,22,9,121.558477,25.04936012
111,4,2,17,55,2,06松山區,松山區光復北路11巷與八德路4段17巷口,0,0,1,2,C03,6,3,5,30,3,1,1,4,4,5,7,4,4,5,5,5,2,17,1,59,2,8,1,1,7,9,1,9,1,14,,44,10,1,22,9,121.558477,25.04936012
111,4,2,18,20,2,07信義區,信義區忠孝東路4段與逸仙路口,0,0,1,1,C03,6,1,5,50,3,2,1,4,4,5,7,2,1,1,4,5,2,9,2,32,3,10,1,1,7,6,1,10,1,11,,15,15,1,22,9,121.5615576,25.04104474
111,4,2,18,20,2,07信義區,信義區忠孝東路4段與逸仙路口,0,0,1,2,H01,6,1,5,50,3,2,1,4,4,5,7,2,1,1,4,5,2,9,1,72,2,9,4,5,8,16,8,20,10,15,,67,15,1,22,9,121.5615576,25.04104474
111,4,2,18,34,2,06松山區,松山區民權東路4段與光復北路口,0,0,1,1,B02,6,3,5,50,4,1,1,4,4,5,7,1,1,4,3,5,2,2,1,47,3,10,1,1,7,5,1,8,1,1,,15,15,1,22,9,121.5547019,25.06186853
111,4,2,18,34,2,06松山區,松山區民權東路4段與光復北路口,0,0,1,2,H01,6,3,5,50,4,1,1,4,4,5,7,1,1,4,3,5,2,2,2,53,2,8,4,5,8,16,8,20,10,16,,67,15,1,22,9,121.5547019,25.06186853
111,4,2,18,35,2,12內湖區,內湖區文德路208巷6弄與文德路90巷口,0,0,1,1,C03,6,3,5,30,4,1,1,4,4,5,7,4,4,10,5,5,2,15,2,53,2,8,1,1,7,9,1,10,1,14,,6,6,1,22,9,121.5824908,25.07796077
111,4,2,18,35,2,12內湖區,內湖區文德路208巷6弄與文德路90巷口,0,0,1,2,B12,6,3,5,30,4,1,1,4,4,5,7,4,4,10,5,5,2,15,1,72,3,10,1,1,7,9,1,8,1,2,,23,6,1,22,9,121.5824908,25.07796077
111,4,2,19,18,2,01大同區,大同區環河北路2段與昌吉街口口,0,0,1,1,B03,6,3,5,50,3,1,1,4,4,5,7,4,4,1,4,1,2,17,1,49,4,11,3,4,7,15,7,19,11,15,,6,6,2,22,9,121.5089515,25.06586039
111,4,2,19,18,2,01大同區,大同區環河北路2段與昌吉街口口,0,0,1,2,C03,6,3,5,50,3,1,1,4,4,5,7,4,4,1,4,1,2,17,1,21,2,7,1,1,7,9,1,10,1,14,,14,6,1,22,9,121.5089515,25.06586039
111,4,2,19,37,2,07信義區,信義區光復南路419巷與光復南路口,0,0,1,1,B01,6,3,5,50,3,2,1,4,4,5,7,1,1,1,4,5,2,17,1,54,3,10,1,1,7,8,1,4,1,15,,7,7,1,22,9,121.5576207,25.03655234
111,4,2,19,37,2,07信義區,信義區光復南路419巷與光復南路口,0,0,1,2,C03,6,3,5,50,3,2,1,4,4,5,7,1,1,1,4,5,2,17,2,19,2,9,1,1,7,12,1,10,1,12,,44,7,1,22,9,121.5576207,25.03655234
111,4,2,19,41,2,08士林區,士林區仰德大道1段28號,0,0,2,1,C03,6,3,5,40,14,18,1,4,4,5,6,4,4,9,4,5,2,3,1,20,2,9,1,1,7,9,1,10,1,12,,15,15,1,22,9,121.5375726,25.10218552
111,4,2,19,41,2,08士林區,士林區仰德大道1段28號,0,0,2,2,H01,6,3,5,40,14,18,1,4,4,5,6,4,4,9,4,5,2,3,2,63,2,9,4,5,8,16,8,20,1,16,,67,15,1,22,9,121.5375726,25.10218552
111,4,2,19,41,2,08士林區,士林區仰德大道1段28號,0,0,2,3,C03,6,3,5,40,14,18,1,4,4,5,6,4,4,9,4,5,2,3,1,20,3,10,1,1,7,9,1,10,11,12,,23,15,2,22,9,121.5375726,25.10218552
111,4,2,20,2,2,02萬華區,萬華區貴陽街2段與西寧南路口,0,0,1,1,B03,6,3,5,50,4,2,1,4,4,5,7,2,1,10,4,5,1,9,2,20,3,10,3,4,7,5,1,8,1,1,,15,15,1,22,9,121.5062482,25.03938701
111,4,2,20,2,2,02萬華區,萬華區貴陽街2段與西寧南路口,0,0,1,2,H01,6,3,5,50,4,2,1,4,4,5,7,2,1,10,4,5,1,9,2,18,2,1,4,5,8,16,8,20,1,16,,67,15,1,22,9,121.5062482,25.03938701
111,4,2,20,3,2,01大同區,大同區民生西路239號,0,0,3,1,C03,6,3,5,50,14,9,1,4,4,5,7,4,4,5,4,5,2,17,1,57,2,1,1,1,7,9,1,9,7,11,,23,23,1,22,9,121.5154022,25.05704989
111,4,2,20,3,2,01大同區,大同區民生西路239號,0,0,3,2,C03,6,3,5,50,14,9,1,4,4,5,7,4,4,5,4,5,2,17,2,41,2,8,1,1,7,13,1,10,1,13,,44,23,1,22,9,121.5154022,25.05704989
111,4,2,20,3,2,01大同區,大同區民生西路239號,0,0,3,3,H02,6,3,5,50,14,9,1,4,4,5,7,4,4,5,4,5,2,17,1,14,2,8,1,1,7,20,8,20,10,16,,67,23,1,22,9,121.5154022,25.05704989
111,4,2,20,25,2,04大安區,大安區和平東路1段183巷與和平東路1段口,0,0,2,1,B01,6,3,5,40,3,1,1,4,4,5,7,4,4,1,4,4,2,16,1,62,3,10,3,4,7,6,1,4,1,6,,9,9,1,22,9,121.5331097,25.02629376
111,4,2,20,25,2,04大安區,大安區和平東路1段183巷與和平東路1段口,0,0,2,2,C03,6,3,5,40,3,1,1,4,4,5,7,4,4,1,4,4,2,16,1,20,2,9,3,4,7,9,1,10,1,11,,13,9,1,22,9,121.5331097,25.02629376
111,4,2,20,25,2,04大安區,大安區和平東路1段183巷與和平東路1段口,0,0,2,3,H02,6,3,5,40,3,1,1,4,4,5,7,4,4,1,4,4,2,16,2,24,2,9,3,5,7,20,8,20,10,16,,67,9,1,22,9,121.5331097,25.02629376
111,4,2,20,30,2,03中山區,中山區民生東路3段63號,0,0,1,1,C03,6,3,5,50,14,9,1,4,4,5,7,4,4,1,4,5,2,16,1,40,2,9,1,1,7,9,1,10,1,11,,23,23,1,22,9,121.5416474,25.05791436
111,4,2,20,30,2,03中山區,中山區民生東路3段63號,0,0,1,2,B03,6,3,5,50,14,9,1,4,4,5,7,4,4,1,4,5,2,16,1,36,3,10,3,4,7,13,1,8,1,4,,40,23,1,22,9,121.5416474,25.05791436
111,4,2,20,40,2,02萬華區,萬華區民和街與民和街81巷口,0,0,2,1,C03,6,3,5,30,4,1,1,4,4,5,7,4,4,9,5,5,2,15,1,35,2,9,1,1,7,9,4,8,1,14,,6,6,1,22,9,121.4979713,25.02558113
111,4,2,20,40,2,02萬華區,萬華區民和街與民和街81巷口,0,0,2,2,C03,6,3,5,30,4,1,1,4,4,5,7,4,4,9,5,5,2,15,1,40,2,9,1,1,7,9,1,10,1,11,,14,6,1,22,9,121.4979713,25.02558113
111,4,2,21,18,2,09北投區,北投區承德路6段80號與福國路口,0,0,1,1,B03,6,1,5,60,4,2,1,4,4,1,7,2,1,1,4,4,2,16,1,40,3,10,3,4,7,6,1,8,1,6,,9,9,1,22,9,121.5125261,25.1014673
111,4,2,21,18,2,09北投區,北投區承德路6段80號與福國路口,0,0,1,2,C03,6,1,5,60,4,2,1,4,4,1,7,2,1,1,4,4,2,16,1,19,2,5,3,4,7,9,1,10,1,14,,23,9,1,22,9,121.5125261,25.1014673
111,4,2,21,26,2,03中山區,中山區民生東路3段與建國北路2段口,0,0,1,1,B01,6,3,5,50,4,1,1,4,4,5,7,1,1,1,4,5,2,3,1,31,3,10,1,1,7,5,1,4,1,1,,15,15,1,22,9,121.5371571,25.057812
111,4,2,21,26,2,03中山區,中山區民生東路3段與建國北路2段口,0,0,1,2,H01,6,3,5,50,4,1,1,4,4,5,7,1,1,1,4,5,2,3,1,63,2,8,4,5,8,18,8,20,10,16,,67,15,1,22,9,121.5371571,25.057812
111,4,2,21,35,2,08士林區,士林區中正路與承德路4段口,0,0,1,1,B01,6,3,5,50,4,1,1,4,4,5,7,2,1,1,4,5,2,16,1,41,3,10,1,1,7,6,1,4,1,6,,9,9,1,22,9,121.5165199,25.09089217
111,4,2,21,35,2,08士林區,士林區中正路與承德路4段口,0,0,1,2,C03,6,3,5,50,4,1,1,4,4,5,7,2,1,1,4,5,2,16,2,28,2,9,1,1,7,9,1,10,1,11,,44,9,1,22,9,121.5165199,25.09089217
111,4,2,21,50,2,02萬華區,萬華區環河南路1段71號,0,0,2,1,H01,6,3,5,50,14,9,1,4,4,5,7,4,4,5,4,5,1,9,1,59,2,3,4,5,8,16,8,20,1,16,,52,52,1,22,9,121.5018127,25.04501189
111,4,2,21,50,2,02萬華區,萬華區環河南路1段71號,0,0,2,2,C03,6,3,5,50,14,9,1,4,4,5,7,4,4,5,4,5,1,9,1,24,2,8,3,4,7,9,1,10,1,12,,23,52,1,22,9,121.5018127,25.04501189
111,4,2,21,53,2,03中山區,中山區中山北路2段與南京西路口,0,0,1,1,C03,6,3,5,50,4,2,1,4,4,5,7,1,1,1,4,5,2,16,2,16,2,9,1,1,7,9,2,18,1,11,,23,23,1,22,9,121.5224396,25.05229451
111,4,2,21,53,2,03中山區,中山區中山北路2段與南京西路口,0,0,1,2,B01,6,3,5,50,4,2,1,4,4,5,7,1,1,1,4,5,2,16,1,52,3,10,3,4,7,9,1,4,1,3,,23,23,2,22,9,121.5224396,25.05229451
111,4,2,22,10,2,05中正區,中正區中華路2段與寧波西街口,0,0,1,1,B03,6,3,5,50,4,1,1,4,4,5,7,2,1,4,4,4,1,3,1,55,3,10,1,1,7,5,1,8,2,8,,15,15,1,22,9,121.5101452,25.0246234
111,4,2,22,10,2,05中正區,中正區中華路2段與寧波西街口,0,0,1,2,H01,6,3,5,50,4,1,1,4,4,5,7,2,1,4,4,4,1,3,2,81,2,9,4,5,8,16,8,20,10,16,,67,15,1,22,9,121.5101452,25.0246234
111,4,2,22,39,2,03中山區,中山區林森北路409號,0,0,1,1,B03,6,3,5,50,14,9,1,4,4,5,7,4,4,5,4,5,2,3,4,,4,11,3,4,7,15,7,19,11,15,,43,43,2,22,9,121.5255494,25.05950602
111,4,2,22,39,2,03中山區,中山區林森北路409號,0,0,1,2,H01,6,3,5,50,14,9,1,4,4,5,7,4,4,5,4,5,2,3,2,30,2,9,4,5,8,17,8,20,1,16,,67,43,1,22,9,121.5255494,25.05950602
111,4,2,23,55,2,07信義區,信義區松仁路與松壽路口,0,0,1,1,B02,6,3,5,50,3,1,1,4,4,5,7,2,1,8,3,5,2,2,1,44,3,10,1,1,7,5,1,8,1,1,,15,15,1,22,9,121.5679889,25.0351042
111,4,2,23,55,2,07信義區,信義區松仁路與松壽路口,0,0,1,2,H01,6,3,5,50,3,1,1,4,4,5,7,2,1,8,3,5,2,2,2,24,2,6,4,1,8,16,8,20,10,16,,67,15,1,22,9,121.5679889,25.0351042
111,4,3,9,0,2,06松山區,松山區健康路400號,0,0,2,1,C03,7,1,5,30,14,9,1,5,4,5,7,4,4,10,5,5,1,9,2,72,3,10,1,1,7,1,1,10,1,11,,13,13,1,22,9,121.5661967,25.05414767
111,4,3,9,0,2,06松山區,松山區健康路400號,0,0,2,2,H01,7,1,5,30,14,9,1,5,4,5,7,4,4,10,5,5,1,9,2,68,2,9,4,5,8,16,8,20,10,16,,60,13,1,22,9,121.5661967,25.05414767
111,4,3,9,0,2,06松山區,松山區健康路400號,0,0,2,3,H01,7,1,5,30,14,9,1,5,4,5,7,4,4,10,5,5,1,9,2,76,2,9,4,5,8,16,8,20,10,16,,60,13,1,22,9,121.5661967,25.05414767
111,4,3,9,45,2,04大安區,大安區通化街與通化街38巷口,0,0,2,1,F01,7,1,5,50,4,2,1,4,4,5,7,4,4,5,5,5,2,17,2,70,3,10,1,1,7,9,8,20,11,16,,26,26,1,22,9,121.5542326,25.03081271
111,4,3,9,45,2,04大安區,大安區通化街與通化街38巷口,0,0,2,2,C03,7,1,5,50,4,2,1,4,4,5,7,4,4,5,5,5,2,17,1,54,2,9,1,1,7,9,1,10,2,15,,44,26,1,22,9,121.5542326,25.03081271
111,4,3,9,45,2,04大安區,大安區通化街與通化街38巷口,0,0,2,3,H02,7,1,5,50,4,2,1,4,4,5,7,4,4,5,5,5,2,17,2,61,2,1,1,5,7,21,8,20,10,15,,67,26,1,22,9,121.5542326,25.03081271
111,4,3,11,10,2,09北投區,北投區溫泉路58巷與溫泉路37巷口,0,0,2,1,C03,7,1,5,30,4,2,1,5,4,5,7,4,4,10,5,5,1,11,1,56,2,9,1,1,7,9,1,10,2,11,,44,44,1,22,9,121.5036602,25.13413532
111,4,3,11,10,2,09北投區,北投區溫泉路58巷與溫泉路37巷口,0,0,2,2,C03,7,1,5,30,4,2,1,5,4,5,7,4,4,10,5,5,1,11,1,20,2,9,1,1,7,9,6,10,2,11,,5,44,1,22,9,121.5036602,25.13413532
111,4,3,11,51,2,05中正區,中正區金山南路1段72-2號前,0,0,1,1,C03,7,1,5,50,14,8,1,5,4,5,7,4,4,9,4,4,1,3,1,52,3,10,1,1,7,9,1,10,2,11,,23,23,1,21,1,121.5278348,25.03699265
111,4,3,11,51,2,05中正區,中正區金山南路1段72-2號前,0,0,1,2,H01,7,1,5,50,14,8,1,5,4,5,7,4,4,9,4,4,1,3,1,67,2,1,4,5,8,20,8,20,2,16,,60,23,1,20,5,121.5278348,25.03699265
111,4,3,12,6,2,12內湖區,內湖區內湖路1段與港墘路口引道,0,0,1,1,B03,7,1,5,50,3,2,1,5,4,5,7,4,4,1,5,5,2,17,1,50,3,10,1,1,7,6,1,8,3,2,,9,9,1,22,9,121.5763015,25.07951199
111,4,3,12,6,2,12內湖區,內湖區內湖路1段與港墘路口引道,0,0,1,2,C03,7,1,5,50,3,2,1,5,4,5,7,4,4,1,5,5,2,17,1,34,2,9,1,1,7,9,1,10,2,11,,14,9,1,22,9,121.5763015,25.07951199
111,4,3,12,30,2,12內湖區,內湖區成功路2段378號與成功路2段口前,0,0,1,1,C03,8,1,5,50,3,1,1,5,4,5,7,3,1,1,4,5,2,16,1,58,2,7,1,1,7,9,1,10,1,11,,6,6,1,22,9,121.5905008,25.06977288
111,4,3,12,30,2,12內湖區,內湖區成功路2段378號與成功路2段口前,0,0,1,2,B01,8,1,5,50,3,1,1,5,4,5,7,3,1,1,4,5,2,16,1,45,3,10,1,1,7,9,1,4,1,2,,14,6,1,22,9,121.5905008,25.06977288
111,4,3,12,33,2,03中山區,中山區松江路與民權東路2段口,0,0,1,1,C02,8,1,5,50,4,1,1,5,4,5,7,2,1,1,5,1,2,17,1,39,3,10,1,1,7,8,3,18,11,15,,7,7,2,22,9,121.5332981,25.06261437
111,4,3,12,33,2,03中山區,中山區松江路與民權東路2段口,0,0,1,2,C03,8,1,5,50,4,1,1,5,4,5,7,2,1,1,5,1,2,17,2,32,2,9,1,4,7,9,1,10,1,14,,44,7,1,22,9,121.5332981,25.06261437
111,4,3,12,39,2,07信義區,信義區信安街與信安街103巷口,0,0,2,1,C03,8,1,5,50,4,1,1,5,4,5,7,4,4,9,4,5,2,17,2,23,2,8,1,1,7,5,1,10,2,12,,8,8,1,22,9,121.5565091,25.02534583
111,4,3,12,39,2,07信義區,信義區信安街與信安街103巷口,0,0,2,2,C03,8,1,5,50,4,1,1,5,4,5,7,4,4,9,4,5,2,17,1,27,2,9,1,1,7,9,1,10,2,11,,14,8,1,22,9,121.5565091,25.02534583
111,4,3,13,47,2,08士林區,士林區承德路4段與前港街口口,0,0,2,1,C03,8,1,5,50,14,9,1,5,4,5,7,4,4,1,4,5,2,16,1,20,2,9,1,1,7,6,1,10,1,12,,9,9,1,22,9,121.5232995,25.0848806
111,4,3,13,47,2,08士林區,士林區承德路4段與前港街口口,0,0,2,2,C03,8,1,5,50,14,9,1,5,4,5,7,4,4,1,4,5,2,16,2,67,2,9,1,1,7,9,4,8,1,14,,23,9,1,22,9,121.5232995,25.0848806
111,4,3,13,57,2,04大安區,大安區忠孝東路3段251巷與忠孝東路3段251巷11弄口,0,0,1,1,C03,7,1,5,30,4,1,1,5,4,5,7,4,4,10,5,5,2,15,2,36,2,9,1,1,7,9,1,10,1,11,,6,6,1,22,9,121.5416602,25.0436075
111,4,3,13,57,2,04大安區,大安區忠孝東路3段251巷與忠孝東路3段251巷11弄口,0,0,1,2,B03,7,1,5,30,4,1,1,5,4,5,7,4,4,10,5,5,2,15,1,50,3,10,1,1,7,9,1,8,1,8,,44,6,1,22,9,121.5416602,25.0436075
111,4,3,13,57,2,04大安區,大安區忠孝東路3段251巷與忠孝東路3段251巷11弄口,0,0,1,3,B03,7,1,5,30,4,1,1,5,4,5,7,4,4,10,5,5,2,15,1,75,3,10,3,1,7,13,1,8,9,15,,38,6,1,22,9,121.5416602,25.0436075
111,4,3,14,2,2,03中山區,中山區吉林路299巷與吉林路口,0,0,1,1,B03,7,1,5,30,4,1,1,5,4,5,7,4,4,4,3,4,1,3,1,60,3,10,3,4,7,9,1,8,2,5,,23,23,1,22,9,121.5304131,25.06315896
111,4,3,14,2,2,03中山區,中山區吉林路299巷與吉林路口,0,0,1,2,H01,7,1,5,30,4,1,1,5,4,5,7,4,4,4,3,4,1,3,2,44,2,8,4,5,8,16,8,20,10,15,,67,23,1,22,9,121.5304131,25.06315896
111,4,3,14,4,2,03中山區,中山區林森北路與雙城街19巷口,0,0,2,1,B01,7,1,5,50,4,1,1,5,4,5,7,4,4,5,4,5,2,16,1,68,3,10,3,4,7,1,1,4,1,5,,19,19,1,22,9,121.5256475,25.06541935
111,4,3,14,4,2,03中山區,中山區林森北路與雙城街19巷口,0,0,2,2,C03,7,1,5,50,4,1,1,5,4,5,7,4,4,5,4,5,2,16,2,59,2,9,1,4,7,5,1,10,1,12,,8,19,1,22,9,121.5256475,25.06541935
111,4,3,14,4,2,03中山區,中山區林森北路與雙城街19巷口,0,0,2,3,H02,7,1,5,50,4,1,1,5,4,5,7,4,4,5,4,5,2,16,2,37,2,9,1,5,7,20,8,20,10,16,,67,19,1,22,9,121.5256475,25.06541935
111,4,3,14,5,2,05中正區,中正區金華街18號,0,0,1,1,B11,7,1,5,50,14,9,1,5,4,5,7,4,4,8,4,5,1,16,1,30,3,10,1,1,7,11,1,4,2,2,,10,10,1,22,9,121.5203351,25.03176501
111,4,3,14,5,2,05中正區,中正區金華街18號,0,0,1,2,C03,7,1,5,50,14,9,1,5,4,5,7,4,4,8,4,5,1,16,1,40,2,9,1,1,7,9,1,9,2,14,,44,10,1,22,9,121.5203351,25.03176501
111,4,3,14,18,2,08士林區,士林區通河東街1段與通河街179巷口,0,0,2,1,B03,8,1,5,50,4,1,1,5,4,5,7,4,4,5,5,5,2,15,1,33,3,10,3,4,7,9,1,8,1,8,,6,6,1,22,9,121.5182474,25.08071933
111,4,3,14,18,2,08士林區,士林區通河東街1段與通河街179巷口,0,0,2,2,C03,8,1,5,50,4,1,1,5,4,5,7,4,4,5,5,5,2,15,2,32,2,7,3,4,7,9,1,10,1,11,,23,6,1,22,9,121.5182474,25.08071933
111,4,3,14,18,2,08士林區,士林區通河東街1段與通河街179巷口,0,0,2,3,H02,8,1,5,50,4,1,1,5,4,5,7,4,4,5,5,5,2,15,2,64,2,8,4,5,7,20,8,20,10,16,,67,6,1,22,9,121.5182474,25.08071933
111,4,3,15,24,2,04大安區,大安區永康街10巷與永康街口,0,0,2,1,C03,7,1,5,30,3,2,1,5,4,5,7,4,4,9,4,5,1,16,1,27,2,7,1,4,7,5,1,10,2,11,,6,6,1,22,9,121.5289158,25.0320489
111,4,3,15,24,2,04大安區,大安區永康街10巷與永康街口,0,0,2,2,C03,7,1,5,30,3,2,1,5,4,5,7,4,4,9,4,5,1,16,2,28,2,9,1,4,7,9,1,10,2,12,,13,6,1,22,9,121.5289158,25.0320489
111,4,3,15,57,2,11南港區,南港區南港路1段與興中路口,0,0,2,1,B03,7,1,5,50,4,2,1,5,4,5,7,1,1,9,4,5,2,12,4,,4,11,3,4,7,15,7,19,11,15,,43,43,2,22,9,121.6121105,25.0554861
111,4,3,15,57,2,11南港區,南港區南港路1段與興中路口,0,0,2,2,C03,7,1,5,50,4,2,1,5,4,5,7,1,1,9,4,5,2,12,2,24,2,9,1,1,7,9,1,10,1,11,,43,43,1,22,9,121.6121105,25.0554861
111,4,3,15,57,2,11南港區,南港區南港路1段與興中路口,0,0,2,3,H02,7,1,5,50,4,2,1,5,4,5,7,1,1,9,4,5,2,12,2,24,2,9,1,1,7,17,8,20,10,15,,67,43,1,22,9,121.6121105,25.0554861
111,4,3,16,8,2,02萬華區,萬華區堤外便道中興橋下自行車道,0,0,1,1,F01,8,1,8,30,15,22,1,5,4,5,7,4,4,9,4,5,2,17,1,41,2,8,1,1,7,9,8,20,1,16,,23,23,1,22,9,121.5007747,25.0445468
111,4,3,16,8,2,02萬華區,萬華區堤外便道中興橋下自行車道,0,0,1,2,F01,8,1,8,30,15,22,1,5,4,5,7,4,4,9,4,5,2,17,1,14,3,10,1,1,7,11,8,20,1,16,,10,23,1,22,9,121.5007747,25.0445468
111,4,3,16,15,2,07信義區,信義區虎林街120巷165號,0,0,1,1,C03,8,1,5,30,14,9,1,5,4,5,7,4,4,10,5,5,2,16,1,76,2,8,1,1,7,6,1,10,1,13,,44,44,1,22,8,121.5740954,25.0422048
111,4,3,16,15,2,07信義區,信義區虎林街120巷165號,0,0,1,2,B03,8,1,5,30,14,9,1,5,4,5,7,4,4,10,5,5,2,16,1,49,3,10,1,1,7,9,1,8,1,2,,6,44,1,22,9,121.5740954,25.0422048
111,4,3,16,30,2,07信義區,信義區基隆路1段149號,0,0,2,1,C03,7,1,5,50,14,9,1,5,4,5,7,4,4,1,4,4,2,13,1,29,2,8,1,1,7,9,1,10,1,14,,43,43,1,22,9,121.5653788,25.04258832
111,4,3,16,30,2,07信義區,信義區基隆路1段149號,0,0,2,2,C03,7,1,5,50,14,9,1,5,4,5,7,4,4,1,4,4,2,13,1,25,2,9,1,1,7,9,1,10,1,13,,43,43,1,22,9,121.5653788,25.04258832
111,4,3,16,31,2,09北投區,北投區西安街1段313巷15號,0,0,1,1,B03,8,1,5,30,13,9,1,5,4,5,7,4,4,9,5,5,2,16,1,33,3,10,1,1,7,9,1,8,1,2,,6,6,1,22,9,121.5156103,25.11260079
111,4,3,16,31,2,09北投區,北投區西安街1段313巷15號,0,0,1,2,C03,8,1,5,30,13,9,1,5,4,5,7,4,4,9,5,5,2,16,1,22,2,8,1,1,7,9,1,9,1,11,,44,6,1,22,9,121.5156103,25.11260079
111,4,3,16,43,2,01大同區,大同區塔城街北門捷運2號出口,0,0,1,1,C03,8,1,5,50,14,9,1,5,4,5,7,4,4,9,4,5,1,13,1,18,2,9,1,1,7,9,1,10,1,11,,16,16,1,22,9,121.510278,25.049285
111,4,3,16,43,2,01大同區,大同區塔城街北門捷運2號出口,0,0,1,2,B03,8,1,5,50,14,9,1,5,4,5,7,4,4,9,4,5,1,13,1,20,3,10,1,1,7,9,1,8,1,6,,44,16,1,22,9,121.510278,25.049285
111,4,3,17,45,2,09北投區,北投區大度路3段機慢車優先道往淡水方向,0,0,1,1,C03,8,1,5,50,14,12,1,5,4,5,7,4,4,1,5,1,1,18,1,32,2,9,1,1,7,9,1,10,1,14,,13,13,1,22,9,121.4744339,25.12283142
111,4,3,17,45,2,09北投區,北投區大度路3段機慢車優先道往淡水方向,0,0,1,2,,8,1,5,50,14,12,1,5,4,5,7,4,4,1,5,1,1,18,3,,,,,,,,,,,,,67,13,1,,,121.4744339,25.12283142
111,4,3,20,0,2,12內湖區,內湖區五分街與安康路口,0,0,1,1,B03,8,3,5,50,4,1,1,5,4,5,7,4,4,5,5,5,1,15,1,50,3,10,1,1,7,9,1,8,1,5,,6,6,1,22,9,121.6152411,25.0673306
111,4,3,20,0,2,12內湖區,內湖區五分街與安康路口,0,0,1,2,C03,8,3,5,50,4,1,1,5,4,5,7,4,4,5,5,5,1,15,2,49,2,9,1,1,7,9,1,10,1,11,,14,6,1,22,9,121.6152411,25.0673306
111,4,3,20,4,2,12內湖區,內湖區內湖路2段103巷與麗山街37巷口,0,0,1,1,B03,7,3,5,50,3,1,1,5,4,5,7,4,4,5,5,5,2,3,1,58,3,10,1,1,7,5,1,8,2,1,,15,15,1,22,9,121.5820119,25.08074558
111,4,3,20,4,2,12內湖區,內湖區內湖路2段103巷與麗山街37巷口,0,0,1,2,H01,7,3,5,50,3,1,1,5,4,5,7,4,4,5,5,5,2,3,1,60,2,8,4,5,8,16,8,20,10,16,,67,15,1,22,9,121.5820119,25.08074558
111,4,3,20,44,2,04大安區,大安區建國南路2段25巷與建國南路2段口對面,0,0,2,1,G06,7,3,5,50,3,1,1,5,4,5,7,3,1,10,5,5,2,17,1,15,2,1,4,4,7,21,7,19,11,15,,44,44,1,22,9,121.5375294,25.03234545
111,4,3,20,44,2,04大安區,大安區建國南路2段25巷與建國南路2段口對面,0,0,2,2,C03,7,3,5,50,3,1,1,5,4,5,7,3,1,10,5,5,2,17,1,21,2,9,1,4,7,9,3,18,2,11,,14,44,1,22,9,121.5375294,25.03234545
111,4,3,21,40,2,10文山區,文山區辛亥路4段97號前,0,0,1,1,C03,8,3,5,50,14,9,1,5,4,3,1,4,4,1,4,5,2,17,1,19,2,9,1,1,7,9,1,10,1,14,,42,42,1,22,9,121.5586068,25.0067602
111,4,3,21,40,2,10文山區,文山區辛亥路4段97號前,0,0,1,2,B03,8,3,5,50,14,9,1,5,4,3,1,4,4,1,4,5,2,17,1,46,3,10,1,1,7,14,1,8,1,3,,38,42,1,22,9,121.5586068,25.0067602
111,4,3,22,1,2,08士林區,士林區文林路100號與文林路口,0,0,1,1,B03,8,3,5,50,3,1,1,5,4,5,7,4,4,10,5,5,1,16,1,44,3,10,1,1,7,1,1,8,2,2,,19,19,1,22,9,121.5260626,25.08769805
111,4,3,22,1,2,08士林區,士林區文林路100號與文林路口,0,0,1,2,C03,8,3,5,50,3,1,1,5,4,5,7,4,4,10,5,5,1,16,1,34,2,9,1,1,7,9,1,10,2,11,,44,19,1,22,9,121.5260626,25.08769805