發生年度,發生月,發生日,發生時-Hours,發生分,處理別-編號,區序,肇事地點,死亡人數,2-30日死亡人數,受傷人數,當事人序號,車種,天候,光線,道路類別,速限-速度限制,道路型態,事故位置,路面狀況1,路面狀況2,路面狀況3,道路障礙1,道路障礙2,號誌1,號誌2,車道劃分-分向,車道劃分-分道1,車道劃分-分道2,車道劃分-分道3,事故類型及型態,性別,年齡,受傷程度,主要傷處,安全帽,行動電話,車輛用途,當事者行動狀態,駕駛資格情形,駕駛執照種類,飲酒情形,車輛撞擊部位1,車輛撞擊部位2,肇因碼-個別,肇因碼-主要,個人肇逃否,職業,旅次目的,座標-X,座標-Y
111,4,3,22,1,2,08士林區,士林區文林路100號與文林路口,0,0,1,3,B03,8,3,5,50,3,1,1,5,4,5,7,4,4,10,5,5,1,16,1,51,3,10,1,1,7,13,1,8,2,3,,38,19,1,22,9,121.5260626,25.08769805
111,4,3,22,1,2,08士林區,士林區文林路100號與文林路口,0,0,1,4,B12,8,3,5,50,3,1,1,5,4,5,7,4,4,10,5,5,1,16,1,35,3,10,1,1,7,13,1,8,11,15,,38,19,1,22,9,121.5260626,25.08769805
111,4,3,22,4,2,07信義區,信義區松壽路與基隆路1段口,0,0,1,1,B03,8,3,5,50,4,1,1,5,4,5,7,2,1,5,4,5,1,16,1,58,3,10,1,1,7,6,1,8,1,5,,9,9,1,22,9,121.5620628,25.03599636
111,4,3,22,4,2,07信義區,信義區松壽路與基隆路1段口,0,0,1,2,C03,8,3,5,50,4,1,1,5,4,5,7,2,1,5,4,5,1,16,2,29,2,9,1,1,7,9,1,10,1,14,,44,9,1,22,9,121.5620628,25.03599636
111,4,3,22,20,2,02萬華區,萬華區康定路與康定路188巷口,0,0,1,1,C04,8,3,5,50,4,2,1,5,4,5,7,2,1,5,4,5,2,17,2,69,4,11,1,1,7,7,3,18,1,14,,7,7,1,22,9,121.5018628,25.0390007
111,4,3,22,20,2,02萬華區,萬華區康定路與康定路188巷口,0,0,1,2,C03,8,3,5,50,4,2,1,5,4,5,7,2,1,5,4,5,2,17,2,22,2,9,1,1,7,9,1,10,1,12,,44,7,1,22,9,121.5018628,25.0390007
111,4,3,22,41,2,12內湖區,內湖區內湖路1段91巷與堤頂大道2段口,0,0,2,1,C03,8,3,5,50,4,1,1,5,4,5,7,1,1,1,4,5,2,16,1,19,3,10,1,1,7,8,1,10,1,13,,6,6,1,22,9,121.5610866,25.08435331
111,4,3,22,41,2,12內湖區,內湖區內湖路1段91巷與堤頂大道2段口,0,0,2,2,C03,8,3,5,50,4,1,1,5,4,5,7,1,1,1,4,5,2,16,2,29,2,8,1,1,7,9,1,10,1,11,,44,6,1,22,9,121.5610866,25.08435331
111,4,3,22,41,2,12內湖區,內湖區內湖路1段91巷與堤頂大道2段口,0,0,2,3,H02,8,3,5,50,4,1,1,5,4,5,7,1,1,1,4,5,2,16,2,54,2,8,1,5,7,20,8,20,10,16,,67,6,1,22,9,121.5610866,25.08435331
111,4,4,8,40,2,01大同區,大同區迪化街2段與民族西路口,0,0,1,1,B03,8,1,5,50,4,1,1,5,4,5,7,2,1,5,4,5,2,13,1,28,3,10,1,1,7,5,1,8,1,1,,23,23,1,22,9,121.5109655,25.06872725
111,4,4,8,40,2,01大同區,大同區迪化街2段與民族西路口,0,0,1,2,C03,8,1,5,50,4,1,1,5,4,5,7,2,1,5,4,5,2,13,2,55,2,9,1,1,7,5,1,10,1,13,,44,23,1,22,9,121.5109655,25.06872725
111,4,4,8,54,2,07信義區,信義區永吉路278巷57弄1號,0,0,2,1,C03,8,1,5,30,14,9,1,5,4,5,7,4,4,10,5,5,2,3,2,26,2,9,3,4,7,9,1,10,1,11,,23,23,1,22,9,121.5741209,25.04346469
111,4,4,8,54,2,07信義區,信義區永吉路278巷57弄1號,0,0,2,2,H01,8,1,5,30,14,9,1,5,4,5,7,4,4,10,5,5,2,3,2,25,2,9,4,5,8,16,8,20,10,16,,53,23,1,22,9,121.5741209,25.04346469
111,4,4,9,40,2,10文山區,文山區羅斯福路6段與羅斯福路6段92巷口,0,0,1,1,B03,8,1,5,30,3,1,1,5,4,5,7,4,4,10,5,5,2,16,2,44,3,10,1,1,7,6,1,8,2,8,,6,6,1,22,9,121.5403733,24.99819811
111,4,4,9,40,2,10文山區,文山區羅斯福路6段與羅斯福路6段92巷口,0,0,1,2,C03,8,1,5,30,3,1,1,5,4,5,7,4,4,10,5,5,2,16,1,71,2,7,1,1,7,9,1,10,2,12,,14,6,1,22,9,121.5403733,24.99819811
111,4,4,10,13,2,08士林區,士林區重慶北路4段與葫東街口,0,0,1,1,B03,8,1,5,50,4,2,1,5,4,5,7,2,1,1,4,5,1,16,1,44,3,10,1,1,7,6,1,8,1,2,,9,9,1,22,9,121.5117919,25.08387044
111,4,4,10,13,2,08士林區,士林區重慶北路4段與葫東街口,0,0,1,2,C03,8,1,5,50,4,2,1,5,4,5,7,2,1,1,4,5,1,16,1,20,2,9,1,1,7,9,1,10,1,14,,13,9,1,22,9,121.5117919,25.08387044
111,4,4,10,55,2,12內湖區,內湖區行善路與行愛路口口,0,0,2,1,B02,8,1,5,50,4,2,1,5,4,5,7,2,1,1,2,5,2,16,1,69,3,10,1,1,7,8,1,8,1,2,,6,6,1,22,9,121.5827987,25.06055789
111,4,4,10,55,2,12內湖區,內湖區行善路與行愛路口口,0,0,2,2,C03,8,1,5,50,4,2,1,5,4,5,7,2,1,1,2,5,2,16,1,33,2,9,1,1,7,4,1,10,1,14,,44,6,1,22,9,121.5827987,25.06055789
111,4,4,10,55,2,12內湖區,內湖區行善路與行愛路口口,0,0,2,3,H02,8,1,5,50,4,2,1,5,4,5,7,2,1,1,2,5,2,16,2,34,2,9,1,5,7,20,8,20,10,16,,67,6,1,22,9,121.5827987,25.06055789
111,4,4,10,57,2,01大同區,大同區重慶北路3段136巷與民族西路252巷口,0,0,1,1,C03,8,1,5,30,3,2,1,5,4,5,7,4,4,10,5,5,1,12,2,38,2,9,1,1,7,9,1,10,1,11,,44,44,1,22,9,121.5122652,25.067725
111,4,4,10,57,2,01大同區,大同區重慶北路3段136巷與民族西路252巷口,0,0,1,2,C03,8,1,5,30,3,2,1,5,4,5,7,4,4,10,5,5,1,12,1,49,3,10,1,1,7,4,1,10,1,13,,1,44,1,22,9,121.5122652,25.067725
111,4,4,11,50,2,10文山區,文山區木柵路4段24號前,0,0,1,1,C03,7,1,5,50,14,9,1,5,4,5,6,4,4,5,4,5,2,17,1,23,3,10,1,1,7,8,1,10,1,11,,7,7,1,22,9,121.5730822,24.99679388
111,4,4,11,50,2,10文山區,文山區木柵路4段24號前,0,0,1,2,C03,7,1,5,50,14,9,1,5,4,5,6,4,4,5,4,5,2,17,1,23,2,7,1,1,7,9,1,10,1,11,,44,7,1,22,9,121.5730822,24.99679388
111,4,4,11,53,2,04大安區,大安區基隆路4段與羅斯福路4段口,0,0,1,1,C03,8,1,5,50,5,2,1,5,4,5,7,2,1,8,3,5,1,13,1,45,3,10,1,1,7,5,1,10,1,13,,8,8,1,22,9,121.5371305,25.0114248
111,4,4,11,53,2,04大安區,大安區基隆路4段與羅斯福路4段口,0,0,1,2,C03,8,1,5,50,5,2,1,5,4,5,7,2,1,8,3,5,1,13,1,31,2,9,1,1,7,9,1,10,1,12,,23,8,1,22,9,121.5371305,25.0114248
111,4,4,11,53,2,04大安區,大安區基隆路4段與羅斯福路4段口,0,0,1,3,C03,8,1,5,50,5,2,1,5,4,5,7,2,1,8,3,5,1,13,1,21,3,10,1,1,7,9,1,10,1,13,,44,8,1,22,9,121.5371305,25.0114248
111,4,4,12,54,2,04大安區,大安區師大路與師大路49巷口,0,0,2,1,C02,8,1,5,50,3,1,1,5,4,5,7,4,4,10,5,5,2,17,1,22,2,8,1,1,7,6,4,10,1,12,,42,42,1,22,9,121.5285869,25.02423215
111,4,4,12,54,2,04大安區,大安區師大路與師大路49巷口,0,0,2,2,C03,8,1,5,50,3,1,1,5,4,5,7,4,4,10,5,5,2,17,2,39,2,9,1,1,7,13,1,10,1,15,,42,42,1,22,9,121.5285869,25.02423215
111,4,4,13,25,2,03中山區,中山區民權東路1段69號對面,0,0,1,1,B03,8,1,5,50,14,9,1,5,4,5,7,1,1,1,3,5,1,16,4,,4,11,3,4,7,15,7,19,11,15,,43,43,2,22,9,121.5264426,25.06259217
111,4,4,13,25,2,03中山區,中山區民權東路1段69號對面,0,0,1,2,C03,8,1,5,50,14,9,1,5,4,5,7,1,1,1,3,5,1,16,1,29,2,9,1,1,7,9,1,10,2,12,,43,43,1,22,9,121.5264426,25.06259217
111,4,4,13,40,2,02萬華區,萬華區西藏路與西園路2段320巷55弄口,0,0,1,1,B01,8,2,5,50,5,1,1,5,4,5,7,2,1,1,3,5,1,12,1,66,3,10,1,1,7,4,1,4,2,6,,26,26,1,22,9,121.4918482,25.02845539
111,4,4,13,40,2,02萬華區,萬華區西藏路與西園路2段320巷55弄口,0,0,1,2,C03,8,2,5,50,5,1,1,5,4,5,7,2,1,1,3,5,1,12,2,36,2,8,1,1,7,9,1,10,2,14,,44,26,1,22,9,121.4918482,25.02845539
111,4,4,13,52,2,11南港區,南港區昆陽街與昆陽街80巷口,0,0,1,1,B03,8,1,5,30,3,1,1,5,4,5,7,4,4,8,5,5,2,16,1,26,3,10,1,1,7,1,1,8,1,8,,19,19,1,22,9,121.5933582,25.0520844
111,4,4,13,52,2,11南港區,南港區昆陽街與昆陽街80巷口,0,0,1,2,C03,8,1,5,30,3,1,1,5,4,5,7,4,4,8,5,5,2,16,1,34,2,9,1,1,7,9,1,10,1,12,,13,19,1,22,9,121.5933582,25.0520844
111,4,4,14,1,2,01大同區,大同區民權西路與蘭州街口,0,0,3,1,C03,8,1,5,50,3,2,1,5,4,5,7,1,1,9,4,5,1,16,1,75,2,8,1,1,7,5,1,10,1,14,,8,8,1,22,9,121.5147988,25.0630835
111,4,4,14,1,2,01大同區,大同區民權西路與蘭州街口,0,0,3,2,C03,8,1,5,50,3,2,1,5,4,5,7,1,1,9,4,5,1,16,1,28,3,10,1,1,7,9,1,10,1,12,,16,8,1,22,9,121.5147988,25.0630835
111,4,4,14,1,2,01大同區,大同區民權西路與蘭州街口,0,0,3,3,H02,8,1,5,50,3,2,1,5,4,5,7,1,1,9,4,5,1,16,2,72,2,7,1,5,7,17,8,20,10,16,,67,8,1,22,9,121.5147988,25.0630835
111,4,4,14,1,2,01大同區,大同區民權西路與蘭州街口,0,0,3,4,H02,8,1,5,50,3,2,1,5,4,5,7,1,1,9,4,5,1,16,2,26,2,8,1,5,7,17,8,20,10,16,,67,8,1,22,9,121.5147988,25.0630835
111,4,4,14,20,2,03中山區,中山區中山北路3段與民族西路口,0,0,1,1,A02,8,1,5,50,4,2,1,5,4,5,7,1,1,1,4,5,1,15,1,39,3,10,1,1,7,9,1,2,1,5,,25,25,1,22,9,121.5227668,25.06835977
111,4,4,14,20,2,03中山區,中山區中山北路3段與民族西路口,0,0,1,2,C03,8,1,5,50,4,2,1,5,4,5,7,1,1,1,4,5,1,15,1,22,2,9,1,1,7,1,1,10,1,11,,44,25,1,22,9,121.5227668,25.06835977
111,4,4,14,31,2,04大安區,大安區忠孝東路4段300號,0,0,2,1,C02,8,1,5,50,14,9,1,5,4,5,7,2,1,1,4,5,1,17,1,24,2,8,3,4,7,9,1,9,2,11,,25,25,1,22,9,121.5561044,25.0413137
111,4,4,14,31,2,04大安區,大安區忠孝東路4段300號,0,0,2,2,G06,8,1,5,50,14,9,1,5,4,5,7,2,1,1,4,5,1,17,2,48,2,9,4,4,7,9,7,19,2,15,,26,25,1,22,9,121.5561044,25.0413137
111,4,4,14,38,2,10文山區,文山區興隆路2段與景華街口,0,0,2,1,C03,8,1,5,50,4,1,1,5,4,5,7,1,1,1,4,5,2,16,1,64,2,9,1,1,7,5,1,10,2,12,,6,6,1,22,9,121.5472864,24.99936535
111,4,4,14,38,2,10文山區,文山區興隆路2段與景華街口,0,0,2,2,C03,8,1,5,50,4,1,1,5,4,5,7,1,1,1,4,5,2,16,2,44,2,9,1,1,7,9,1,10,2,11,,44,6,1,22,9,121.5472864,24.99936535
111,4,4,14,43,2,12內湖區,內湖區東湖路與安康路口,0,0,2,1,C03,8,1,5,50,3,2,1,5,4,5,7,2,1,5,4,5,2,17,2,27,2,9,1,1,7,7,1,10,1,14,,7,7,1,22,9,121.6160537,25.06830176
111,4,4,14,43,2,12內湖區,內湖區東湖路與安康路口,0,0,2,2,A02,8,1,5,50,3,2,1,5,4,5,7,2,1,5,4,5,2,17,1,49,3,10,1,1,7,9,1,2,1,5,,44,7,1,22,9,121.6160537,25.06830176
111,4,4,14,43,2,12內湖區,內湖區東湖路與安康路口,0,0,2,3,H02,8,1,5,50,3,2,1,5,4,5,7,2,1,5,4,5,2,17,2,21,2,9,1,1,7,21,8,20,10,16,,67,7,1,22,9,121.6160537,25.06830176
111,4,4,14,47,2,09北投區,北投區湖山路1段2號,0,0,2,1,C03,8,1,5,40,14,9,1,5,4,5,7,4,4,4,5,5,1,13,1,43,2,7,1,1,7,9,1,10,1,11,,16,16,1,22,9,121.5490422,25.15197166
111,4,4,14,47,2,09北投區,北投區湖山路1段2號,0,0,2,2,B03,8,1,5,40,14,9,1,5,4,5,7,4,4,4,5,5,1,13,1,42,3,10,1,1,7,12,1,8,1,6,,44,16,1,22,9,121.5490422,25.15197166
111,4,4,14,47,2,09北投區,北投區湖山路1段2號,0,0,2,3,H02,8,1,5,40,14,9,1,5,4,5,7,4,4,4,5,5,1,13,2,43,2,9,4,5,7,21,8,20,10,16,,67,16,1,22,9,121.5490422,25.15197166
111,4,4,14,48,2,02萬華區,萬華區廣州街與西園路1段口,0,0,1,1,C03,8,1,5,50,4,2,1,5,4,5,7,2,1,1,4,5,2,13,2,43,2,9,1,1,7,9,1,10,1,11,,16,16,1,22,9,121.4993792,25.03653613
111,4,4,14,48,2,02萬華區,萬華區廣州街與西園路1段口,0,0,1,2,B01,8,1,5,50,4,2,1,5,4,5,7,2,1,1,4,5,2,13,1,65,3,10,1,1,7,9,1,4,1,6,,44,16,1,22,9,121.4993792,25.03653613
111,4,4,14,48,2,02萬華區,萬華區廣州街與西園路1段口,0,0,1,3,B03,8,1,5,50,4,2,1,5,4,5,7,2,1,1,4,5,2,13,1,40,3,10,1,1,7,9,1,8,1,6,,44,16,1,22,9,121.4993792,25.03653613
111,4,4,15,12,2,12內湖區,內湖區瑞湖街與民權東路6段15巷口,0,0,3,2,C03,8,1,5,50,4,2,1,5,4,5,7,1,1,5,4,5,1,17,1,67,2,9,1,1,7,9,1,10,1,12,,44,8,1,22,9,121.5764555,25.06897951
111,4,4,15,12,2,12內湖區,內湖區瑞湖街與民權東路6段15巷口,0,0,3,3,H02,8,1,5,50,4,2,1,5,4,5,7,1,1,5,4,5,1,17,2,39,2,9,1,1,7,21,8,20,10,16,,67,8,1,22,9,121.5764555,25.06897951
111,4,4,15,12,2,12內湖區,內湖區瑞湖街與民權東路6段15巷口,0,0,3,1,C03,8,1,5,50,4,2,1,5,4,5,7,1,1,5,4,5,1,17,1,38,2,9,1,1,7,5,1,10,1,14,,8,8,1,22,9,121.5764555,25.06897951
111,4,4,15,29,2,12內湖區,內湖區文德路207巷口側附近旁,0,0,1,1,B03,8,1,5,40,14,7,1,5,4,5,5,4,4,1,4,4,2,12,1,34,3,10,1,1,7,1,1,8,2,8,,19,19,1,22,9,121.586398,25.07861343
111,4,4,15,29,2,12內湖區,內湖區文德路207巷口側附近旁,0,0,1,2,C03,8,1,5,40,14,7,1,5,4,5,5,4,4,1,4,4,2,12,2,53,2,9,1,1,7,9,1,10,2,12,,44,19,1,22,9,121.586398,25.07861343
111,4,4,15,29,2,12內湖區,內湖區文德路207巷口側附近旁,0,0,1,3,B01,8,1,5,40,14,7,1,5,4,5,5,4,4,1,4,4,2,12,1,32,3,10,1,1,7,14,1,4,9,15,,38,19,1,22,9,121.586398,25.07861343
111,4,4,15,29,2,12內湖區,內湖區文德路207巷口側附近旁,0,0,1,4,B03,8,1,5,40,14,7,1,5,4,5,5,4,4,1,4,4,2,12,1,50,3,10,1,1,7,9,1,8,9,15,,44,19,1,22,9,121.586398,25.07861343
111,4,4,15,30,2,10文山區,文山區和興路26巷11弄20號與無名巷口,0,0,1,1,B03,7,1,5,30,3,1,1,5,4,5,3,4,4,10,5,5,2,17,1,36,3,10,1,1,7,6,1,8,1,8,,6,6,1,22,9,121.5460235,24.98472056
111,4,4,15,30,2,10文山區,文山區和興路26巷11弄20號與無名巷口,0,0,1,2,C03,7,1,5,30,3,1,1,5,4,5,3,4,4,10,5,5,2,17,2,21,2,4,1,1,7,9,1,10,1,12,,44,6,1,22,9,121.5460235,24.98472056
111,4,4,15,52,2,10文山區,文山區辛亥路7段與忠順街1段口,0,0,2,1,C03,8,1,5,50,3,2,1,5,4,5,7,1,1,10,4,4,2,16,2,47,2,9,3,4,7,7,1,10,2,14,,7,7,1,21,8,121.5540227,24.98322224
111,4,4,15,52,2,10文山區,文山區辛亥路7段與忠順街1段口,0,0,2,2,A02,8,1,5,50,3,2,1,5,4,5,7,1,1,10,4,4,2,16,1,47,3,10,3,4,7,9,1,1,2,2,,44,7,1,21,8,121.5540227,24.98322224
111,4,4,15,52,2,10文山區,文山區辛亥路7段與忠順街1段口,0,0,2,3,H02,8,1,5,50,3,2,1,5,4,5,7,1,1,10,4,4,2,16,1,47,2,9,3,4,7,21,8,20,10,16,,67,7,1,21,8,121.5540227,24.98322224
111,4,4,16,2,2,03中山區,中山區南京西路23巷與中山北路2段26巷口,0,0,1,1,C03,8,1,5,30,14,9,1,5,4,5,7,4,4,10,3,5,1,3,1,27,3,10,1,1,7,9,1,10,1,11,,23,23,1,22,9,121.5206623,25.05394842
111,4,4,16,2,2,03中山區,中山區南京西路23巷與中山北路2段26巷口,0,0,1,2,H01,8,1,5,30,14,9,1,5,4,5,7,4,4,10,3,5,1,3,2,24,2,9,4,5,8,16,8,20,10,16,,53,23,1,22,9,121.5206623,25.05394842
111,4,4,16,4,2,09北投區,北投區竹子湖路37-5號旁,0,0,1,1,C03,8,1,5,30,14,9,1,5,4,5,7,4,4,10,5,5,2,2,1,27,3,10,1,1,7,9,1,10,2,11,,23,23,1,22,9,121.5335481,25.17238213
111,4,4,16,4,2,09北投區,北投區竹子湖路37-5號旁,0,0,1,2,H01,8,1,5,30,14,9,1,5,4,5,7,4,4,10,5,5,2,2,2,27,2,8,4,5,8,16,8,20,10,16,,67,23,1,22,9,121.5335481,25.17238213
111,4,4,16,14,2,04大安區,大安區延吉街與光復南路308巷口,0,0,1,1,B03,8,2,5,50,4,2,1,5,4,5,7,4,4,9,5,5,1,12,2,62,3,10,1,4,7,1,1,8,1,8,,19,19,1,22,9,121.5551932,25.03892819
111,4,4,16,14,2,04大安區,大安區延吉街與光復南路308巷口,0,0,1,2,C03,8,2,5,50,4,2,1,5,4,5,7,4,4,9,5,5,1,12,2,25,2,8,1,4,7,9,1,10,1,11,,44,19,1,22,9,121.5551932,25.03892819
111,4,4,17,50,2,03中山區,中山區樂群二路與植福路口,0,0,1,1,B12,8,1,5,50,4,1,1,5,4,5,7,1,1,3,4,5,2,16,1,42,3,10,1,1,7,6,1,8,1,5,,9,9,1,22,9,121.5618851,25.0801619
111,4,4,17,50,2,03中山區,中山區樂群二路與植福路口,0,0,1,2,C03,8,1,5,50,4,1,1,5,4,5,7,1,1,3,4,5,2,16,1,21,2,7,1,1,7,4,1,10,1,14,,23,9,1,22,9,121.5618851,25.0801619
111,4,4,18,0,2,07信義區,信義區吳興街600巷76弄與吳興街600巷口,0,0,1,1,C03,8,1,5,30,3,2,1,5,4,5,7,4,4,10,5,5,2,17,2,74,2,9,3,4,7,5,3,18,1,12,,8,8,1,22,9,121.57065,25.01905436
111,4,4,18,0,2,07信義區,信義區吳興街600巷76弄與吳興街600巷口,0,0,1,2,B03,8,1,5,30,3,2,1,5,4,5,7,4,4,10,5,5,2,17,1,41,3,10,3,4,7,9,1,8,1,4,,14,8,1,22,9,121.57065,25.01905436
111,4,4,18,15,2,03中山區,中山區北安路與敬業二路口,0,0,1,1,B03,8,3,5,50,3,1,1,5,4,5,7,4,4,1,3,5,1,16,1,27,3,10,1,1,7,6,1,8,1,6,,9,9,1,22,9,121.5543998,25.0850573
111,4,4,18,15,2,03中山區,中山區北安路與敬業二路口,0,0,1,2,C03,8,3,5,50,3,1,1,5,4,5,7,4,4,1,3,5,1,16,1,23,2,9,1,1,7,9,1,10,1,14,,44,9,1,22,9,121.5543998,25.0850573
111,4,4,18,18,2,01大同區,大同區承德路3段與民權西路口,0,0,2,1,C03,7,3,5,50,4,1,1,5,4,5,7,2,1,1,4,5,2,12,1,36,2,9,1,1,7,9,1,10,1,14,,26,42,1,22,9,121.5183604,25.06298742
111,4,4,18,18,2,01大同區,大同區承德路3段與民權西路口,0,0,2,2,C03,7,3,5,50,4,1,1,5,4,5,7,2,1,1,4,5,2,12,2,24,2,7,1,1,7,15,1,10,1,12,,44,42,1,22,9,121.5183604,25.06298742
111,4,4,18,25,2,11南港區,南港區成美橋河濱公園自行車道,0,0,1,1,H01,8,3,8,0,15,22,1,5,4,5,7,4,4,8,3,5,1,9,1,12,3,10,3,4,8,18,8,20,10,16,,51,51,1,22,9,121.5837499,25.05326308
111,4,4,18,25,2,11南港區,南港區成美橋河濱公園自行車道,0,0,1,2,F01,8,3,8,0,15,22,1,5,4,5,7,4,4,8,3,5,1,9,1,50,2,1,3,4,7,9,8,20,2,16,,23,51,1,22,9,121.5837499,25.05326308
111,4,4,19,4,2,02萬華區,萬華區西園路2段與莒光路口,0,0,2,1,B01,8,3,5,50,3,1,1,5,4,5,7,1,1,1,4,5,2,11,1,68,3,10,1,1,7,5,6,18,1,6,,25,25,1,22,9,121.4968883,25.03103576
111,4,4,19,4,2,02萬華區,萬華區西園路2段與莒光路口,0,0,2,2,C03,8,3,5,50,3,1,1,5,4,5,7,1,1,1,4,5,2,11,1,17,2,9,1,1,7,9,2,18,1,11,,13,25,1,22,9,121.4968883,25.03103576
111,4,4,19,4,2,02萬華區,萬華區西園路2段與莒光路口,0,0,2,3,H02,8,3,5,50,3,1,1,5,4,5,7,1,1,1,4,5,2,11,2,14,2,9,1,5,7,21,8,20,10,16,,67,25,1,22,9,121.4968883,25.03103576
111,4,4,19,20,2,04大安區,大安區和平東路1段與和平東路1段183巷口,0,0,1,1,B03,7,3,5,40,3,1,1,5,4,5,7,4,4,9,4,4,1,16,1,49,3,10,3,1,7,6,1,8,1,2,,5,5,1,22,9,121.5330631,25.02632053
111,4,4,19,20,2,04大安區,大安區和平東路1段與和平東路1段183巷口,0,0,1,2,C03,7,3,5,40,3,1,1,5,4,5,7,4,4,9,4,4,1,16,2,20,2,7,1,1,7,9,1,10,1,14,,44,5,1,22,9,121.5330631,25.02632053
111,4,4,19,20,2,12內湖區,內湖區東湖路29號,0,0,1,1,C03,8,3,5,50,14,9,1,5,4,5,7,4,4,4,5,5,1,12,1,21,3,10,3,4,7,8,1,10,1,12,,7,7,1,22,9,121.613272,25.0690279
111,4,4,19,20,2,12內湖區,內湖區東湖路29號,0,0,1,2,C03,8,3,5,50,14,9,1,5,4,5,7,4,4,4,5,5,1,12,1,35,2,8,3,4,7,9,1,10,1,14,,44,7,1,22,9,121.613272,25.0690279
111,4,4,19,33,2,02萬華區,萬華區華中橋機車道往北市下橋處,0,0,4,1,C03,8,3,5,50,14,11,1,5,4,5,7,4,4,3,4,3,1,17,1,41,2,9,1,1,7,15,1,10,1,13,,14,14,1,22,9,121.4959051,25.0169417
111,4,4,19,33,2,02萬華區,萬華區華中橋機車道往北市下橋處,0,0,4,2,C03,8,3,5,50,14,11,1,5,4,5,7,4,4,3,4,3,1,17,1,49,2,9,1,1,7,9,1,10,1,11,,44,14,1,22,9,121.4959051,25.0169417
111,4,4,19,33,2,02萬華區,萬華區華中橋機車道往北市下橋處,0,0,4,3,C03,8,3,5,50,14,11,1,5,4,5,7,4,4,3,4,3,1,17,1,48,2,9,1,1,7,9,1,10,1,11,,44,14,1,22,9,121.4959051,25.0169417
111,4,4,19,33,2,02萬華區,萬華區華中橋機車道往北市下橋處,0,0,4,4,C03,8,3,5,50,14,11,1,5,4,5,7,4,4,3,4,3,1,17,1,33,2,9,1,1,7,9,1,10,1,11,,44,14,1,22,9,121.4959051,25.0169417
111,4,4,19,55,2,12內湖區,內湖區環山路3段與內湖路1段737巷口,0,0,1,1,C03,8,3,5,40,3,1,1,5,4,5,7,4,4,9,4,4,2,17,1,43,2,9,1,1,7,9,1,10,2,15,,13,13,1,22,9,121.5789791,25.08444355
111,4,4,19,55,2,12內湖區,內湖區環山路3段與內湖路1段737巷口,0,0,1,2,B03,8,3,5,40,3,1,1,5,4,5,7,4,4,9,4,4,2,17,1,54,3,10,1,1,7,5,1,8,2,15,,6,13,1,22,9,121.5789791,25.08444355
111,4,4,20,34,2,05中正區,中正區博愛路與貴陽街1段口,0,0,2,1,C03,7,4,5,50,5,2,1,5,4,5,7,2,1,5,4,5,2,12,1,31,2,9,2,1,7,7,1,10,2,14,,7,7,1,22,9,121.5109861,25.03895315
111,4,4,20,34,2,05中正區,中正區博愛路與貴陽街1段口,0,0,2,2,C03,7,4,5,50,5,2,1,5,4,5,7,2,1,5,4,5,2,12,1,23,2,9,1,1,7,9,1,10,2,12,,44,7,1,22,9,121.5109861,25.03895315
111,4,4,20,56,2,01大同區,大同區塔城街與鄭州路口(西南角),0,0,1,2,C03,8,3,5,40,5,2,1,5,4,5,7,1,1,8,3,5,1,16,2,18,2,9,1,1,7,9,1,10,1,14,,23,9,1,22,9,121.510351,25.05004571
111,4,4,20,56,2,01大同區,大同區塔城街與鄭州路口(西南角),0,0,1,1,B01,8,3,5,40,5,2,1,5,4,5,7,1,1,8,3,5,1,16,1,57,3,10,1,1,7,6,1,4,1,2,,9,9,1,22,9,121.510351,25.05004571
111,4,4,21,28,2,01大同區,大同區承德路1段與市民大道1段口,0,0,1,1,B03,8,3,5,40,4,1,1,5,4,5,7,2,1,1,4,5,2,16,2,52,3,10,3,4,7,11,1,8,1,4,,10,10,1,22,9,121.51638,25.0488643
111,4,4,21,28,2,01大同區,大同區承德路1段與市民大道1段口,0,0,1,2,C03,8,3,5,40,4,1,1,5,4,5,7,2,1,1,4,5,2,16,2,20,2,9,3,4,7,9,1,10,1,11,,44,10,1,22,9,121.51638,25.0488643
111,4,4,21,30,2,10文山區,文山區木柵路5段與萬福橋口,0,0,2,1,C03,8,1,5,50,3,2,1,5,4,5,7,1,1,5,4,5,2,17,1,19,2,9,1,1,7,9,1,10,1,12,,42,42,1,22,9,121.5842498,25.00294405
111,4,4,21,30,2,10文山區,文山區木柵路5段與萬福橋口,0,0,2,2,C03,8,1,5,50,3,2,1,5,4,5,7,1,1,5,4,5,2,17,1,18,3,10,1,1,7,5,1,10,1,15,,6,42,1,22,9,121.5842498,25.00294405
111,4,4,21,30,2,10文山區,文山區木柵路5段與萬福橋口,0,0,2,3,H02,8,1,5,50,3,2,1,5,4,5,7,1,1,5,4,5,2,17,1,19,2,9,4,5,7,17,8,20,10,16,,67,42,1,22,9,121.5842498,25.00294405
111,4,4,22,0,2,08士林區,士林區仰德大道1段國安局前,0,0,1,1,C03,8,4,5,40,14,9,1,5,4,5,7,2,1,4,3,5,1,13,1,19,2,7,1,1,7,9,1,10,1,15,,42,42,1,22,9,121.5366884,25.10809906
111,4,4,22,0,2,08士林區,士林區仰德大道1段國安局前,0,0,1,2,B03,8,4,5,40,14,9,1,5,4,5,7,2,1,4,3,5,1,13,1,27,3,10,1,1,7,14,1,8,1,3,,44,42,1,22,9,121.5366884,25.10809906
111,4,4,22,41,2,09北投區,北投區承德路6段483號對面,0,0,1,1,C03,8,1,5,40,14,8,1,5,4,5,7,4,4,1,2,4,2,12,1,65,2,9,1,1,7,7,1,10,1,14,,7,7,1,22,9,121.5116399,25.10898328
111,4,4,22,41,2,09北投區,北投區承德路6段483號對面,0,0,1,2,B03,8,1,5,40,14,8,1,5,4,5,7,4,4,1,2,4,2,12,2,20,3,10,1,1,7,9,1,8,1,2,,44,7,1,22,9,121.5116399,25.10898328