發生年度,發生月,發生日,發生時-Hours,發生分,處理別-編號,區序,肇事地點,死亡人數,2-30日死亡人數,受傷人數,當事人序號,車種,天候,光線,道路類別,速限-速度限制,道路型態,事故位置,路面狀況1,路面狀況2,路面狀況3,道路障礙1,道路障礙2,號誌1,號誌2,車道劃分-分向,車道劃分-分道1,車道劃分-分道2,車道劃分-分道3,事故類型及型態,性別,年齡,受傷程度,主要傷處,安全帽,行動電話,車輛用途,當事者行動狀態,駕駛資格情形,駕駛執照種類,飲酒情形,車輛撞擊部位1,車輛撞擊部位2,肇因碼-個別,肇因碼-主要,個人肇逃否,職業,旅次目的,座標-X,座標-Y
111,4,4,23,40,2,10文山區,文山區懷恩隧道,0,0,1,1,C04,8,3,5,50,6,9,1,5,4,5,7,4,4,1,4,5,2,20,1,26,2,9,1,1,7,9,1,10,2,12,,43,43,1,22,9,121.5514687,24.991611
111,4,4,23,40,2,10文山區,文山區懷恩隧道,0,0,1,2,,8,3,5,50,6,9,1,5,4,5,7,4,4,1,4,5,2,20,3,,,,,,,,,,,,,67,43,1,,,121.5514687,24.991611
111,4,5,0,3,2,07信義區,信義區基隆路2段與嘉興街216巷口,0,0,2,1,B03,8,1,5,50,4,2,1,5,4,5,7,1,1,1,4,5,2,17,2,20,3,10,3,4,7,5,1,8,1,4,,23,23,1,22,9,121.5573051,25.0291401
111,4,5,0,3,2,07信義區,信義區基隆路2段與嘉興街216巷口,0,0,2,2,C03,8,1,5,50,4,2,1,5,4,5,7,1,1,1,4,5,2,17,1,27,2,9,3,4,7,14,1,10,1,14,,44,23,1,22,9,121.5573051,25.0291401
111,4,5,0,3,2,07信義區,信義區基隆路2段與嘉興街216巷口,0,0,2,3,H02,8,1,5,50,4,2,1,5,4,5,7,1,1,1,4,5,2,17,2,26,2,9,3,4,7,17,8,20,10,16,,67,23,1,22,9,121.5573051,25.0291401
111,4,5,3,15,2,08士林區,士林區社子街與社子街63巷口,0,0,1,1,B03,8,3,5,50,3,2,1,5,4,5,7,4,4,5,5,5,2,16,1,60,3,10,1,1,7,5,1,4,2,8,,6,6,1,22,9,121.5069779,25.08743547
111,4,5,3,15,2,08士林區,士林區社子街與社子街63巷口,0,0,1,2,C03,8,3,5,50,3,2,1,5,4,5,7,4,4,5,5,5,2,16,1,20,2,9,1,1,7,9,1,10,2,11,,14,6,1,22,9,121.5069779,25.08743547
111,4,5,6,27,2,10文山區,文山區興隆路2段與興隆路2段78巷口口,0,0,1,1,C03,8,1,5,30,3,1,1,5,4,5,7,4,4,10,5,5,2,16,1,60,3,10,1,1,7,6,1,10,11,15,,6,6,1,22,9,121.5480736,24.99990593
111,4,5,6,27,2,10文山區,文山區興隆路2段與興隆路2段78巷口口,0,0,1,2,C03,8,1,5,30,3,1,1,5,4,5,7,4,4,10,5,5,2,16,1,67,2,9,1,1,7,9,1,10,1,15,,44,6,1,22,9,121.5480736,24.99990593
111,4,5,6,41,2,05中正區,中正區林森北路11號,0,0,2,2,C03,8,1,5,50,14,9,1,5,4,5,7,4,4,5,4,5,2,13,1,38,2,9,1,1,7,7,1,10,2,12,,7,23,1,22,9,121.5237458,25.04616434
111,4,5,6,41,2,05中正區,中正區林森北路11號,0,0,2,1,C03,8,1,5,50,14,9,1,5,4,5,7,4,4,5,4,5,2,13,1,34,2,8,1,1,7,9,1,10,2,14,,23,23,1,22,9,121.5237458,25.04616434
111,4,5,7,0,2,04大安區,大安區和平東路2段與復興南路2段口,0,0,1,1,C03,8,1,5,50,4,1,1,5,4,5,7,2,1,1,4,5,2,17,1,51,3,10,1,1,7,8,3,18,1,12,,7,7,1,22,9,121.5433559,25.02478793
111,4,5,7,0,2,04大安區,大安區和平東路2段與復興南路2段口,0,0,1,2,C03,8,1,5,50,4,1,1,5,4,5,7,2,1,1,4,5,2,17,1,55,2,9,1,1,7,9,1,10,1,11,,44,7,1,22,9,121.5433559,25.02478793
111,4,5,7,57,2,12內湖區,內湖區內湖路1段737巷與內湖路1段737巷51弄口,0,0,2,1,C03,8,1,5,50,4,2,1,5,4,5,7,4,4,5,5,5,2,7,1,32,2,9,1,1,7,9,1,8,1,12,,15,15,1,22,9,121.5779035,25.08096467
111,4,5,7,57,2,12內湖區,內湖區內湖路1段737巷與內湖路1段737巷51弄口,0,0,2,2,H01,8,1,5,50,4,2,1,5,4,5,7,4,4,5,5,5,2,7,2,51,2,9,4,5,8,16,8,20,10,16,,67,15,1,22,9,121.5779035,25.08096467
111,4,5,8,46,2,09北投區,北投區湖山路1段與勝利街口,0,0,2,1,C02,8,1,5,50,14,9,1,5,4,5,7,2,1,9,4,5,2,3,1,47,2,7,1,1,7,9,1,9,1,12,,15,15,1,22,9,121.5470929,25.152333
111,4,5,8,46,2,09北投區,北投區湖山路1段與勝利街口,0,0,2,2,H01,8,1,5,50,14,9,1,5,4,5,7,2,1,9,4,5,2,3,1,69,2,1,4,5,8,18,8,20,10,16,,52,15,1,22,9,121.5470929,25.152333
111,4,5,9,10,2,08士林區,士林區中山北路5段與至誠路2段口,0,0,1,1,B03,8,1,5,30,4,1,1,5,4,5,7,3,1,10,5,5,2,17,1,71,3,10,1,1,7,5,1,8,1,8,,23,23,1,22,9,121.5262584,25.10087327
111,4,5,9,10,2,08士林區,士林區中山北路5段與至誠路2段口,0,0,1,2,C03,8,1,5,30,4,1,1,5,4,5,7,3,1,10,5,5,2,17,1,28,2,8,1,1,7,9,1,10,1,12,,44,23,1,22,9,121.5262584,25.10087327
111,4,5,9,17,2,12內湖區,內湖區內湖路3段往金龍產業道路第072號燈桿,0,0,1,1,B03,8,1,5,30,11,9,1,5,4,5,7,4,4,10,5,5,2,10,2,52,3,10,1,1,7,9,1,8,2,8,,5,5,1,22,9,121.5706709,25.0997379
111,4,5,9,17,2,12內湖區,內湖區內湖路3段往金龍產業道路第072號燈桿,0,0,1,2,C03,8,1,5,30,11,9,1,5,4,5,7,4,4,10,5,5,2,10,1,43,2,9,1,1,7,9,1,10,2,11,,44,5,1,22,9,121.5706709,25.0997379
111,4,5,9,19,2,02萬華區,萬華區德昌街與寶興街口,0,0,1,1,F01,8,1,5,50,4,1,1,5,4,5,7,1,1,8,3,5,1,17,1,14,3,10,1,1,7,5,8,20,1,16,,8,8,1,22,9,121.4954287,25.0236558
111,4,5,9,19,2,02萬華區,萬華區德昌街與寶興街口,0,0,1,2,C03,8,1,5,50,4,1,1,5,4,5,7,1,1,8,3,5,1,17,2,68,2,9,1,1,7,9,1,10,1,12,,23,8,1,22,9,121.4954287,25.0236558
111,4,5,9,53,2,03中山區,中山區民權東路2段152巷與民權東路2段口,0,0,1,2,C03,8,1,5,50,4,1,1,5,4,5,7,2,1,1,1,1,1,13,1,20,2,7,3,4,7,14,1,10,1,13,,44,23,1,22,9,121.5348036,25.06255397
111,4,5,9,53,2,03中山區,中山區民權東路2段152巷與民權東路2段口,0,0,1,1,B03,8,1,5,50,4,1,1,5,4,5,7,2,1,1,1,1,1,13,1,42,3,10,3,4,7,5,1,8,1,1,,23,23,1,22,9,121.5348036,25.06255397
111,4,5,10,5,2,03中山區,中山區伊通街99巷,0,0,2,1,C03,8,1,5,50,3,2,1,5,4,5,7,4,4,9,5,5,2,12,2,19,2,5,1,1,7,6,1,10,1,12,14,9,9,1,22,9,121.5347906,25.05326356
111,4,5,10,5,2,03中山區,中山區伊通街99巷,0,0,2,2,C03,8,1,5,50,3,2,1,5,4,5,7,4,4,9,5,5,2,12,1,21,2,9,1,1,7,9,1,10,1,11,14,42,9,1,22,9,121.5347906,25.05326356
111,4,5,10,5,2,03中山區,中山區伊通街99巷,0,0,2,3,C03,8,1,5,50,3,2,1,5,4,5,7,4,4,9,5,5,2,12,2,32,3,10,1,1,7,13,1,10,1,12,14,44,9,1,22,9,121.5347906,25.05326356
111,4,5,10,5,2,03中山區,中山區伊通街99巷,0,0,2,4,C03,8,1,5,50,3,2,1,5,4,5,7,4,4,9,5,5,2,12,1,26,3,10,1,1,7,13,1,10,1,12,14,44,9,1,22,9,121.5347906,25.05326356
111,4,5,10,31,2,09北投區,北投區石牌路2段358-1號與石牌路2段257巷口,0,0,2,1,B01,8,1,5,50,3,1,1,5,4,5,7,4,4,9,5,5,2,12,1,67,3,10,3,4,7,11,1,10,2,4,,10,10,1,22,9,121.5253101,25.12344637
111,4,5,10,31,2,09北投區,北投區石牌路2段358-1號與石牌路2段257巷口,0,0,2,2,C03,8,1,5,50,3,1,1,5,4,5,7,4,4,9,5,5,2,12,1,37,2,9,1,4,7,9,1,10,2,11,,44,10,1,22,9,121.5253101,25.12344637
111,4,5,10,31,2,09北投區,北投區石牌路2段358-1號與石牌路2段257巷口,0,0,2,3,H02,8,1,5,50,3,1,1,5,4,5,7,4,4,9,5,5,2,12,2,31,2,9,1,5,7,21,8,20,10,15,,67,10,1,22,9,121.5253101,25.12344637
111,4,5,10,35,2,06松山區,松山區市民大道6段與虎林街口,0,0,1,1,C03,8,1,5,50,4,1,1,5,4,5,7,2,1,5,5,5,2,16,1,74,2,9,1,1,7,1,1,10,2,14,,19,19,1,22,9,121.5760357,25.04940421
111,4,5,10,35,2,06松山區,松山區市民大道6段與虎林街口,0,0,1,2,B02,8,1,5,50,4,1,1,5,4,5,7,2,1,5,5,5,2,16,1,26,3,10,1,1,7,5,1,8,2,8,,6,19,1,22,9,121.5760357,25.04940421
111,4,5,10,43,2,01大同區,大同區民權西路266號,0,0,2,1,F01,8,1,5,50,3,2,1,5,4,5,7,2,1,1,4,5,2,16,1,33,2,8,3,4,7,5,8,20,2,16,,44,44,1,22,9,121.5121465,25.0627612
111,4,5,10,43,2,01大同區,大同區民權西路266號,0,0,2,2,C03,8,1,5,50,3,2,1,5,4,5,7,2,1,1,4,5,2,16,2,19,2,9,3,4,7,9,1,10,2,11,,44,44,1,22,9,121.5121465,25.0627612
111,4,5,10,45,2,11南港區,南港區同德路與同德路50巷口,0,0,2,1,B03,8,1,5,50,4,1,1,5,4,5,7,4,4,5,5,5,2,17,2,55,3,10,1,1,7,1,1,8,1,1,,19,19,1,22,9,121.5846291,25.0454768
111,4,5,10,45,2,11南港區,南港區同德路與同德路50巷口,0,0,2,2,C03,8,1,5,50,4,1,1,5,4,5,7,4,4,5,5,5,2,17,1,37,2,9,1,1,7,5,1,10,1,12,,44,19,1,22,9,121.5846291,25.0454768
111,4,5,10,45,2,11南港區,南港區同德路與同德路50巷口,0,0,2,3,H02,8,1,5,50,4,1,1,5,4,5,7,4,4,5,5,5,2,17,2,10,2,9,1,1,7,20,8,20,1,16,,67,19,1,22,9,121.5846291,25.0454768
111,4,5,11,8,2,04大安區,大安區忠孝東路4段8號,0,0,1,1,C03,8,1,5,50,14,9,1,5,4,3,7,4,4,1,4,5,2,13,2,21,2,9,1,1,7,9,1,10,1,11,,16,16,1,22,9,121.5441763,25.04148975
111,4,5,11,8,2,04大安區,大安區忠孝東路4段8號,0,0,1,2,B03,8,1,5,50,14,9,1,5,4,3,7,4,4,1,4,5,2,13,1,46,3,10,1,1,7,12,1,8,1,3,,44,16,1,22,9,121.5441763,25.04148975
111,4,5,11,8,2,04大安區,大安區忠孝東路4段8號,0,0,1,3,B01,8,1,5,50,14,9,1,5,4,3,7,4,4,1,4,5,2,13,1,66,3,10,1,1,7,14,1,4,9,15,,38,16,1,22,9,121.5441763,25.04148975
111,4,5,11,20,2,10文山區,文山區恆光街12-2號,0,0,1,1,B03,8,1,5,50,14,9,1,5,4,5,7,4,4,9,5,5,2,2,2,59,3,10,1,1,7,9,1,8,1,2,,23,23,1,22,9,121.5669047,24.9828195
111,4,5,11,20,2,10文山區,文山區恆光街12-2號,0,0,1,2,H01,8,1,5,50,14,9,1,5,4,5,7,4,4,9,5,5,2,2,1,60,2,8,4,5,8,16,8,20,1,15,,67,23,1,22,9,121.5669047,24.9828195
111,4,5,11,20,2,10文山區,文山區恆光街12-2號,0,0,1,3,B12,8,1,5,50,14,9,1,5,4,5,7,4,4,9,5,5,2,2,1,64,3,10,3,4,7,13,1,8,1,15,,38,23,1,22,9,121.5669047,24.9828195
111,4,5,11,26,2,02萬華區,萬華區長泰街282巷13弄6號,0,0,1,1,B03,8,1,5,30,14,9,1,5,4,5,7,4,4,10,5,5,2,9,1,35,3,10,1,4,7,9,1,8,2,8,,23,23,1,22,9,121.4934564,25.02195594
111,4,5,11,26,2,02萬華區,萬華區長泰街282巷13弄6號,0,0,1,2,H01,8,1,5,30,14,9,1,5,4,5,7,4,4,10,5,5,2,9,2,67,2,8,4,4,8,16,8,20,10,16,,53,23,1,22,9,121.4934564,25.02195594
111,4,5,11,29,2,06松山區,松山區長春路482號,0,0,2,1,B03,8,1,5,40,14,7,1,5,4,5,7,4,4,9,5,4,2,16,2,73,3,10,1,1,7,11,1,8,1,4,,10,10,1,22,9,121.5466997,25.05448148
111,4,5,11,29,2,06松山區,松山區長春路482號,0,0,2,2,C03,8,1,5,40,14,7,1,5,4,5,7,4,4,9,5,4,2,16,2,31,2,9,1,1,7,9,1,10,1,11,,23,10,1,22,9,121.5466997,25.05448148
111,4,5,11,29,2,06松山區,松山區長春路482號,0,0,2,3,C03,8,1,5,40,14,7,1,5,4,5,7,4,4,9,5,4,2,16,1,37,2,8,1,1,7,14,1,10,1,14,,44,10,1,22,9,121.5466997,25.05448148
111,4,5,11,48,2,07信義區,信義區福德街268巷7弄7號,0,0,1,2,H01,8,1,5,30,14,9,1,5,4,5,7,4,4,10,5,5,2,2,2,81,2,9,4,5,8,16,8,20,10,16,,67,43,1,21,8,121.5855431,25.03967925
111,4,5,11,48,2,07信義區,信義區福德街268巷7弄7號,0,0,1,1,,8,1,5,30,14,9,1,5,4,5,7,4,4,10,5,5,2,2,4,,4,11,3,4,7,15,7,19,11,15,,43,43,2,22,9,121.5855431,25.03967925
111,4,5,12,10,2,07信義區,信義區光復南路473巷11弄40號,0,0,1,1,H01,8,1,5,0,14,9,1,5,4,5,7,4,4,10,5,5,2,3,2,84,2,9,1,1,8,16,8,20,10,16,,53,53,1,21,8,121.5593613,25.03394555
111,4,5,12,10,2,07信義區,信義區光復南路473巷11弄40號,0,0,1,2,B01,8,1,5,0,14,9,1,5,4,5,7,4,4,10,5,5,2,3,1,65,3,10,1,1,7,9,1,4,11,5,,23,53,1,21,8,121.5593613,25.03394555
111,4,5,12,24,2,03中山區,中山區民權西路與天祥路口,0,0,2,1,C03,8,1,5,50,4,1,1,5,4,5,7,1,1,1,4,4,2,15,2,24,2,9,1,1,7,9,1,9,1,11,,44,44,1,22,9,121.5208167,25.0628961
111,4,5,12,24,2,03中山區,中山區民權西路與天祥路口,0,0,2,2,C03,8,1,5,50,4,1,1,5,4,5,7,1,1,1,4,4,2,15,1,62,2,9,1,1,7,9,1,10,1,14,,25,44,1,22,9,121.5208167,25.0628961
111,4,5,13,0,2,03中山區,中山區復興北路212號,0,0,1,1,C03,8,1,5,50,14,9,1,5,4,5,7,4,4,1,4,5,2,12,1,48,2,9,1,1,7,9,1,10,1,14,,44,44,1,22,9,121.5440239,25.05644739
111,4,5,13,0,2,03中山區,中山區復興北路212號,0,0,1,2,B03,8,1,5,50,14,9,1,5,4,5,7,4,4,1,4,5,2,12,1,58,3,10,1,1,7,4,1,8,1,5,,23,44,1,22,9,121.5440239,25.05644739
111,4,5,13,5,2,10文山區,文山區萬安街22巷與萬安街口,0,0,1,1,B03,8,1,5,50,3,1,1,5,4,5,7,4,4,9,5,5,2,2,1,69,3,10,3,4,7,6,3,18,2,5,,15,15,1,21,8,121.5705932,25.00073917
111,4,5,13,5,2,10文山區,文山區萬安街22巷與萬安街口,0,0,1,2,H01,8,1,5,50,3,1,1,5,4,5,7,4,4,9,5,5,2,2,2,78,2,1,4,5,8,16,8,20,2,16,,67,15,1,21,8,121.5705932,25.00073917
111,4,5,13,5,2,11南港區,南港區研究院路4段82號,0,0,1,1,,8,1,5,0,14,9,1,5,4,5,7,4,4,9,5,5,1,27,3,,,,,,,,,,,,,66,66,1,,,121.5980722,25.02427892
111,4,5,13,5,2,11南港區,南港區研究院路4段82號,0,0,1,2,C03,8,1,5,0,14,9,1,5,4,5,7,4,4,9,5,5,1,27,1,30,2,9,1,1,7,9,1,10,2,14,,13,66,1,22,9,121.5980722,25.02427892
111,4,5,13,29,2,03中山區,中山區中山北路2段15號,0,0,1,1,B03,8,1,5,50,14,8,1,5,4,5,7,4,4,1,4,1,2,13,1,35,3,10,1,1,7,7,1,10,2,7,,7,7,1,22,9,121.5226561,25.05269831
111,4,5,13,29,2,03中山區,中山區中山北路2段15號,0,0,1,2,C03,8,1,5,50,14,8,1,5,4,5,7,4,4,1,4,1,2,13,1,20,2,9,1,1,7,9,1,10,2,11,,13,7,1,22,9,121.5226561,25.05269831
111,4,5,13,33,2,08士林區,士林區菁山路101巷79號,0,0,1,1,B12,8,1,5,50,14,9,1,5,4,5,7,4,4,8,5,5,1,17,1,52,3,10,1,1,7,9,1,3,2,5,,44,44,1,22,9,121.5621094,25.1517696
111,4,5,13,33,2,08士林區,士林區菁山路101巷79號,0,0,1,2,C03,8,1,5,50,14,9,1,5,4,5,7,4,4,8,5,5,1,17,1,20,2,8,1,1,7,11,1,10,2,13,,10,44,1,22,9,121.5621094,25.1517696
111,4,5,13,40,2,03中山區,中山區南京東路3段216巷南往北,0,0,1,1,B03,8,1,5,30,14,9,1,5,4,5,7,4,4,10,5,5,2,1,1,54,3,10,3,4,7,9,1,8,1,2,,23,23,1,22,9,121.5434575,25.05142356
111,4,5,13,40,2,03中山區,中山區南京東路3段216巷南往北,0,0,1,2,H01,8,1,5,30,14,9,1,5,4,5,7,4,4,10,5,5,2,1,1,55,2,7,4,5,8,16,8,20,10,16,,67,23,1,20,9,121.5434575,25.05142356
111,4,5,13,56,2,01大同區,大同區承德路2段與錦西街口,0,0,1,1,C03,8,1,5,50,4,1,1,5,4,5,7,2,1,1,4,5,2,13,1,32,2,9,1,1,7,9,1,10,2,11,,23,23,1,22,9,121.5181573,25.06020437
111,4,5,13,56,2,01大同區,大同區承德路2段與錦西街口,0,0,1,2,C03,8,1,5,50,4,1,1,5,4,5,7,2,1,1,4,5,2,13,1,27,3,10,1,1,7,12,1,10,2,12,,44,23,1,22,9,121.5181573,25.06020437
111,4,5,13,56,2,01大同區,大同區承德路2段與錦西街口,0,0,1,3,C03,8,1,5,50,4,1,1,5,4,5,7,2,1,1,4,5,2,13,1,56,3,10,1,1,7,12,1,10,2,14,,44,23,1,22,9,121.5181573,25.06020437
111,4,5,13,59,2,05中正區,中正區忠孝東路1段49巷與忠孝東路1段口口,0,0,1,1,C03,8,1,5,50,3,2,1,5,4,5,7,4,4,9,4,4,1,16,1,33,3,10,1,1,7,6,1,10,1,13,,9,9,1,21,5,121.5260264,25.04427787
111,4,5,13,59,2,05中正區,中正區忠孝東路1段49巷與忠孝東路1段口口,0,0,1,2,C03,8,1,5,50,3,2,1,5,4,5,7,4,4,9,4,4,1,16,1,42,2,9,1,1,7,9,1,10,1,11,,23,9,1,21,5,121.5260264,25.04427787
111,4,5,14,15,2,09北投區,北投區關渡河堤自行車道23KM處,0,0,1,1,F01,8,1,8,0,15,22,1,5,4,5,7,4,4,9,5,5,2,11,2,13,3,10,1,1,7,4,8,20,1,16,,1,1,1,22,9,121.4687752,25.11521981
111,4,5,14,15,2,09北投區,北投區關渡河堤自行車道23KM處,0,0,1,2,F01,8,1,8,0,15,22,1,5,4,5,7,4,4,9,5,5,2,11,2,27,2,9,1,1,7,9,8,20,1,16,,44,1,2,22,9,121.4687752,25.11521981
111,4,5,14,40,2,10文山區,文山區辛亥路4段與辛亥路4段222巷口,0,0,1,1,C03,8,1,5,30,3,1,1,5,4,5,7,2,1,10,5,5,2,16,1,28,2,9,1,1,7,5,1,10,2,14,,25,25,1,22,9,121.555388,25.00225232
111,4,5,14,40,2,10文山區,文山區辛亥路4段與辛亥路4段222巷口,0,0,1,2,B01,8,1,5,30,3,1,1,5,4,5,7,2,1,10,5,5,2,16,1,32,3,10,1,1,7,9,1,8,2,1,,13,25,1,22,9,121.555388,25.00225232
111,4,5,15,0,2,05中正區,中正區汀州路2段48號前,0,0,1,1,B11,8,1,5,50,3,2,1,5,4,5,7,4,4,9,4,5,2,12,1,46,3,10,1,1,7,11,1,4,1,4,,10,10,1,22,9,121.5179185,25.02529905
111,4,5,15,0,2,05中正區,中正區汀州路2段48號前,0,0,1,2,C03,8,1,5,50,3,2,1,5,4,5,7,4,4,9,4,5,2,12,2,47,2,9,1,1,7,9,1,10,1,11,,23,10,1,22,9,121.5179185,25.02529905
111,4,5,15,7,2,05中正區,中正區南海路與泉州街口,0,0,1,1,B03,8,1,5,50,3,1,1,5,4,5,7,3,1,10,4,5,2,12,2,41,3,10,1,1,7,5,1,8,2,4,,8,8,1,22,9,121.5136847,25.031703
111,4,5,15,7,2,05中正區,中正區南海路與泉州街口,0,0,1,2,C03,8,1,5,50,3,1,1,5,4,5,7,3,1,10,4,5,2,12,2,44,2,9,1,1,7,9,1,10,2,12,,44,8,1,22,9,121.5136847,25.031703
111,4,5,15,12,2,08士林區,士林區仰德大道2段與仰德大道2段100巷口,0,0,2,1,B03,8,1,5,40,4,2,1,5,4,5,7,2,1,4,5,5,1,17,2,65,3,10,1,1,7,5,1,8,1,2,,6,6,1,22,9,121.5455296,25.10745557
111,4,5,15,12,2,08士林區,士林區仰德大道2段與仰德大道2段100巷口,0,0,2,2,C03,8,1,5,40,4,2,1,5,4,5,7,2,1,4,5,5,1,17,2,21,2,8,1,1,7,9,1,10,1,11,,23,6,1,22,9,121.5455296,25.10745557
111,4,5,15,12,2,08士林區,士林區仰德大道2段與仰德大道2段100巷口,0,0,2,3,H02,8,1,5,40,4,2,1,5,4,5,7,2,1,4,5,5,1,17,1,21,2,3,4,5,7,20,8,20,10,16,,67,6,1,22,9,121.5455296,25.10745557
111,4,5,15,22,2,10文山區,文山區指南路3段40巷3臨-1號附近側附近,0,0,1,1,C03,8,1,5,30,11,9,1,5,4,5,7,4,4,10,5,5,1,17,1,27,3,10,1,1,7,1,1,10,2,15,,44,44,1,22,9,121.5948462,24.97356567
111,4,5,15,22,2,10文山區,文山區指南路3段40巷3臨-1號附近側附近,0,0,1,2,C03,8,1,5,30,11,9,1,5,4,5,7,4,4,10,5,5,1,17,1,56,2,7,1,1,7,9,1,10,2,11,,44,44,1,22,9,121.5948462,24.97356567
111,4,5,15,24,2,07信義區,信義區忠孝東路5段69號,0,0,2,1,C03,8,1,5,50,14,9,1,5,4,5,7,4,4,1,4,5,2,13,1,32,2,7,1,1,7,9,1,10,2,11,,23,23,1,22,8,121.5669157,25.04117661
111,4,5,15,24,2,07信義區,信義區忠孝東路5段69號,0,0,2,2,F01,8,1,5,50,14,9,1,5,4,5,7,4,4,1,4,5,2,13,1,77,2,1,1,1,7,9,8,20,2,16,,33,23,1,22,8,121.5669157,25.04117661
111,4,5,17,7,2,09北投區,北投區承德路7段與承德路7段344巷口,0,0,1,1,B03,8,1,5,50,3,1,1,5,4,5,7,1,1,1,4,4,2,3,1,37,3,10,1,1,7,5,1,8,2,8,,15,15,1,22,9,121.5039005,25.11727304
111,4,5,17,7,2,09北投區,北投區承德路7段與承德路7段344巷口,0,0,1,2,H01,8,1,5,50,3,1,1,5,4,5,7,1,1,1,4,4,2,3,2,52,2,8,4,1,8,16,8,20,10,16,,67,15,1,22,9,121.5039005,25.11727304
111,4,5,17,20,2,08士林區,士林區中正路606號,0,0,2,1,C03,8,1,5,50,15,9,1,5,4,5,7,4,4,8,3,5,1,12,1,28,3,10,1,1,7,5,1,10,1,13,,8,8,1,22,9,121.5095342,25.08691931
111,4,5,17,20,2,08士林區,士林區中正路606號,0,0,2,2,C03,8,1,5,50,15,9,1,5,4,5,7,4,4,8,3,5,1,12,1,30,2,8,1,1,7,9,1,10,1,11,,44,8,1,22,9,121.5095342,25.08691931
111,4,5,17,20,2,08士林區,士林區中正路606號,0,0,2,3,H02,8,1,5,50,15,9,1,5,4,5,7,4,4,8,3,5,1,12,2,30,2,7,1,5,7,17,8,20,10,16,,67,8,1,22,9,121.5095342,25.08691931
111,4,5,17,22,2,09北投區,北投區中央北路2段與文化三路口,0,0,2,1,C03,8,1,5,50,3,2,1,5,4,5,7,2,1,4,4,5,2,13,1,42,2,9,1,1,7,9,1,10,1,11,,23,23,1,22,9,121.4962167,25.13648107
111,4,5,17,22,2,09北投區,北投區中央北路2段與文化三路口,0,0,2,2,B03,8,1,5,50,3,2,1,5,4,5,7,2,1,4,4,5,2,13,2,54,3,10,1,1,7,14,1,8,1,6,,44,23,1,22,9,121.4962167,25.13648107
111,4,5,17,22,2,09北投區,北投區中央北路2段與文化三路口,0,0,2,3,H02,8,1,5,50,3,2,1,5,4,5,7,2,1,4,4,5,2,13,2,32,2,9,4,5,7,20,8,20,10,16,,67,23,1,22,9,121.4962167,25.13648107
111,4,5,17,25,2,01大同區,大同區民權西路與蘭州街口,0,0,1,1,C03,8,1,5,50,4,1,1,5,4,5,7,2,1,9,4,5,2,17,1,75,4,11,3,4,7,5,7,19,11,15,,8,8,2,22,9,121.5148267,25.06311329
111,4,5,17,25,2,01大同區,大同區民權西路與蘭州街口,0,0,1,2,C03,8,1,5,50,4,1,1,5,4,5,7,2,1,9,4,5,2,17,1,37,2,9,1,1,7,9,1,10,1,14,,42,8,1,22,9,121.5148267,25.06311329
111,4,5,17,30,2,07信義區,信義區信安街67巷81號,0,0,2,1,B03,8,1,5,50,15,8,1,5,4,5,7,4,4,9,4,4,2,12,1,26,3,10,1,1,7,6,1,8,1,2,,9,9,1,22,9,121.5594446,25.02592981
111,4,5,17,30,2,07信義區,信義區信安街67巷81號,0,0,2,2,C03,8,1,5,50,15,8,1,5,4,5,7,4,4,9,4,4,2,12,1,33,2,9,1,1,7,9,1,10,1,11,,17,9,1,22,9,121.5594446,25.02592981
111,4,5,17,30,2,07信義區,信義區信安街67巷81號,0,0,2,3,H02,8,1,5,50,15,8,1,5,4,5,7,4,4,9,4,4,2,12,2,31,2,9,4,5,7,20,8,20,10,16,,67,9,1,22,9,121.5594446,25.02592981
111,4,5,17,31,2,04大安區,大安區和平東路3段與和平東路3段1巷口,0,0,1,1,B03,8,1,5,50,4,1,1,5,4,5,7,2,1,1,4,5,2,17,1,77,3,10,1,1,7,5,1,8,2,1,,6,6,1,22,9,121.5466995,25.024766
111,4,5,17,31,2,04大安區,大安區和平東路3段與和平東路3段1巷口,0,0,1,2,C03,8,1,5,50,4,1,1,5,4,5,7,2,1,1,4,5,2,17,1,56,2,9,1,1,7,9,1,10,2,11,,44,6,1,22,9,121.5466995,25.024766
111,4,5,17,34,2,03中山區,中山區南京東路2段與松江路口,0,0,1,1,C03,8,1,5,50,14,9,1,5,4,5,7,2,1,2,4,5,2,13,1,25,3,10,1,1,7,9,1,10,1,11,,23,23,1,22,9,121.5331157,25.05179703
111,4,5,17,34,2,03中山區,中山區南京東路2段與松江路口,0,0,1,2,C03,8,1,5,50,14,9,1,5,4,5,7,2,1,2,4,5,2,13,2,44,2,9,1,1,7,12,1,10,1,13,,44,23,1,22,9,121.5331157,25.05179703
111,4,5,17,55,2,11南港區,南港區東新街南港公園停車場出入口,0,0,1,1,F02,8,1,5,0,3,1,1,5,4,5,7,4,4,4,5,5,2,16,2,37,2,9,3,1,7,1,8,20,2,16,,19,19,1,22,9,121.5913116,25.0461935
111,4,5,17,55,2,11南港區,南港區東新街南港公園停車場出入口,0,0,1,2,B03,8,1,5,0,3,1,1,5,4,5,7,4,4,4,5,5,2,16,1,19,3,10,1,1,7,9,3,18,2,1,,23,19,1,22,9,121.5913116,25.0461935
111,4,5,18,6,2,04大安區,大安區金山南路2段222號,0,0,2,1,B03,8,1,5,50,14,9,1,5,4,5,7,4,4,1,4,5,2,12,2,36,3,10,1,1,7,6,1,8,2,5,,9,9,1,22,9,121.5259645,25.0275335