發生年度,發生月,發生日,發生時-Hours,發生分,處理別-編號,區序,肇事地點,死亡人數,2-30日死亡人數,受傷人數,當事人序號,車種,天候,光線,道路類別,速限-速度限制,道路型態,事故位置,路面狀況1,路面狀況2,路面狀況3,道路障礙1,道路障礙2,號誌1,號誌2,車道劃分-分向,車道劃分-分道1,車道劃分-分道2,車道劃分-分道3,事故類型及型態,性別,年齡,受傷程度,主要傷處,安全帽,行動電話,車輛用途,當事者行動狀態,駕駛資格情形,駕駛執照種類,飲酒情形,車輛撞擊部位1,車輛撞擊部位2,肇因碼-個別,肇因碼-主要,個人肇逃否,職業,旅次目的,座標-X,座標-Y
111,4,5,18,6,2,04大安區,大安區金山南路2段222號,0,0,2,2,C03,8,1,5,50,14,9,1,5,4,5,7,4,4,1,4,5,2,12,1,24,2,9,1,1,7,9,1,10,2,14,,44,9,1,22,9,121.5259645,25.0275335
111,4,5,18,6,2,04大安區,大安區金山南路2段222號,0,0,2,3,H02,8,1,5,50,14,9,1,5,4,5,7,4,4,1,4,5,2,12,2,24,2,9,1,5,7,20,8,20,10,16,,67,9,1,22,9,121.5259645,25.0275335
111,4,5,18,15,2,10文山區,文山區景華街150巷與景華街128巷3弄口,0,0,2,2,H01,8,1,5,30,4,2,1,5,4,5,7,4,4,10,5,5,2,9,2,86,2,9,4,5,8,16,8,20,10,16,,60,8,1,22,9,121.5479402,24.9960708
111,4,5,18,15,2,10文山區,文山區景華街150巷與景華街128巷3弄口,0,0,2,1,F01,8,1,5,30,4,2,1,5,4,5,7,4,4,10,5,5,2,9,1,11,2,8,1,1,7,5,8,20,11,16,,8,8,1,22,9,121.5479402,24.9960708
111,4,5,18,27,2,03中山區,中山區民生東路1段與民生東路1段70巷口,0,0,1,1,B01,8,3,5,30,4,1,1,5,4,5,7,4,4,4,3,5,1,9,1,59,3,10,1,1,7,6,1,8,2,5,,43,43,1,22,9,121.5264366,25.0579595
111,4,5,18,27,2,03中山區,中山區民生東路1段與民生東路1段70巷口,0,0,1,2,H01,8,3,5,30,4,1,1,5,4,5,7,4,4,4,3,5,1,9,1,73,2,9,4,5,8,20,8,20,10,16,,67,43,1,22,9,121.5264366,25.0579595
111,4,5,18,35,2,03中山區,中山區農安街與農安街1巷口,0,0,1,2,H01,7,3,5,50,4,1,1,5,4,5,7,4,4,9,5,5,2,9,2,35,2,6,4,5,8,20,8,20,10,16,,60,23,1,22,9,121.5229011,25.06490308
111,4,5,18,35,2,03中山區,中山區農安街與農安街1巷口,0,0,1,1,C03,7,3,5,50,4,1,1,5,4,5,7,4,4,9,5,5,2,9,1,61,4,11,3,4,7,15,7,19,11,15,,23,23,2,22,9,121.5229011,25.06490308
111,4,5,18,41,2,04大安區,大安區復興南路1段與忠孝東路3段248巷13弄口,0,0,1,1,B03,8,3,5,30,3,1,1,5,4,5,7,4,4,1,4,5,2,17,2,49,4,11,3,4,7,15,7,19,11,15,,6,6,2,22,9,121.5434898,25.0407072
111,4,5,18,41,2,04大安區,大安區復興南路1段與忠孝東路3段248巷13弄口,0,0,1,2,C03,8,3,5,30,3,1,1,5,4,5,7,4,4,1,4,5,2,17,1,22,2,9,1,1,7,9,1,10,1,12,,23,6,1,22,9,121.5434898,25.0407072
111,4,5,19,23,2,10文山區,文山區保儀路124-2號,0,0,1,1,C03,8,1,5,30,14,9,1,5,4,5,7,4,4,10,5,5,2,16,2,41,2,7,1,4,7,9,1,10,9,11,,23,23,1,22,9,121.5660621,24.98443598
111,4,5,19,23,2,10文山區,文山區保儀路124-2號,0,0,1,2,B01,8,1,5,30,14,9,1,5,4,5,7,4,4,10,5,5,2,16,1,69,3,10,3,4,7,13,1,4,9,7,,44,23,1,22,9,121.5660621,24.98443598
111,4,5,19,47,2,03中山區,中山區民生東路2段178號,0,0,1,1,B01,8,3,5,50,14,9,1,5,4,5,7,4,4,1,3,5,1,13,1,51,3,10,3,4,7,9,6,18,2,1,,16,16,1,22,9,121.5360552,25.0579296
111,4,5,19,47,2,03中山區,中山區民生東路2段178號,0,0,1,2,C03,8,3,5,50,14,9,1,5,4,5,7,4,4,1,3,5,1,13,2,55,2,9,1,4,7,9,3,18,2,13,,44,16,1,22,9,121.5360552,25.0579296
111,4,5,19,52,2,10文山區,文山區木柵路4段與木柵路4段159巷口,0,0,1,1,B02,8,3,5,50,3,2,1,5,4,3,7,1,1,4,4,4,2,16,1,21,3,10,1,1,7,8,1,8,2,2,,7,7,1,22,9,121.5756715,24.99968127
111,4,5,19,52,2,10文山區,文山區木柵路4段與木柵路4段159巷口,0,0,1,2,C03,8,3,5,50,3,2,1,5,4,3,7,1,1,4,4,4,2,16,1,21,2,8,1,1,7,9,3,18,2,14,,13,7,1,22,9,121.5756715,24.99968127
111,4,5,21,24,2,07信義區,信義區忠孝東路4段與光復南路口,0,0,1,1,C03,7,3,5,50,4,1,1,5,4,5,7,1,1,1,4,5,1,18,1,25,2,3,3,4,7,6,6,10,1,12,,42,42,1,22,9,121.5577829,25.04150469
111,4,5,21,24,2,07信義區,信義區忠孝東路4段與光復南路口,0,0,1,2,,7,3,5,50,4,1,1,5,4,5,7,1,1,1,4,5,1,18,3,,,,,,,,,,,,,67,42,1,,,121.5577829,25.04150469
111,4,5,21,28,2,01大同區,大同區南京西路406號,0,0,2,1,B03,8,3,5,0,14,9,1,5,4,5,7,4,4,5,5,5,2,16,1,66,3,10,1,1,7,8,1,8,1,6,,7,7,1,22,9,121.5098232,25.05325156
111,4,5,21,28,2,01大同區,大同區南京西路406號,0,0,2,2,C03,8,3,5,0,14,9,1,5,4,5,7,4,4,5,5,5,2,16,1,48,2,8,1,1,7,9,1,10,1,11,,44,7,1,22,9,121.5098232,25.05325156
111,4,5,21,28,2,01大同區,大同區南京西路406號,0,0,2,3,C03,8,3,5,0,14,9,1,5,4,5,7,4,4,5,5,5,2,16,1,37,3,10,3,4,7,13,1,10,1,12,,44,7,1,22,9,121.5098232,25.05325156
111,4,5,21,28,2,01大同區,大同區南京西路406號,0,0,2,4,C03,8,3,5,0,14,9,1,5,4,5,7,4,4,5,5,5,2,16,2,35,3,10,3,1,7,13,1,10,11,12,,44,7,1,22,9,121.5098232,25.05325156
111,4,5,21,28,2,01大同區,大同區南京西路406號,0,0,2,5,H02,8,3,5,0,14,9,1,5,4,5,7,4,4,5,5,5,2,16,1,13,2,8,4,5,7,21,8,20,10,16,,67,7,1,22,9,121.5098232,25.05325156
111,4,5,21,29,2,02萬華區,萬華區堤外便道與堤外便道口果菜公司第一停車場入口,0,0,2,1,B03,8,3,5,50,3,1,1,5,4,5,7,4,4,9,5,5,2,12,1,50,3,10,1,1,7,6,1,8,2,5,,9,9,1,22,9,121.4881557,25.03000345
111,4,5,21,29,2,02萬華區,萬華區堤外便道與堤外便道口果菜公司第一停車場入口,0,0,2,2,C03,8,3,5,50,3,1,1,5,4,5,7,4,4,9,5,5,2,12,1,18,2,9,1,1,7,9,1,10,2,14,,44,9,1,22,9,121.4881557,25.03000345
111,4,5,21,29,2,02萬華區,萬華區堤外便道與堤外便道口果菜公司第一停車場入口,0,0,2,3,H02,8,3,5,50,3,1,1,5,4,5,7,4,4,9,5,5,2,12,1,18,2,9,4,5,7,21,8,20,10,15,,67,9,1,22,9,121.4881557,25.03000345
111,4,5,21,46,2,04大安區,大安區和平東路2段與復興南路2段口,0,0,1,1,B03,8,3,5,50,4,1,1,5,4,5,7,1,1,1,4,5,2,16,2,39,3,10,1,1,7,11,1,8,2,5,,10,10,1,22,9,121.5434961,25.0249154
111,4,5,21,46,2,04大安區,大安區和平東路2段與復興南路2段口,0,0,1,2,C03,8,3,5,50,4,1,1,5,4,5,7,1,1,1,4,5,2,16,1,19,2,9,1,1,7,6,1,10,2,14,,9,10,1,22,9,121.5434961,25.0249154
111,4,5,22,9,2,02萬華區,萬華區西園路2段140巷50號,0,0,1,1,B03,8,3,5,50,14,9,1,5,4,5,7,4,4,5,5,5,2,16,2,47,3,10,1,4,7,1,1,8,1,8,,19,19,1,22,9,121.4950392,25.03157416
111,4,5,22,9,2,02萬華區,萬華區西園路2段140巷50號,0,0,1,2,C03,8,3,5,50,14,9,1,5,4,5,7,4,4,5,5,5,2,16,1,18,2,9,1,4,7,9,1,10,1,12,,13,19,1,22,9,121.4950392,25.03157416
111,4,5,22,21,2,04大安區,大安區和平東路2段與和平東路2段90巷口,0,0,3,1,C03,8,3,5,50,3,2,1,5,4,5,7,4,4,1,3,5,1,12,1,33,2,8,3,4,7,1,1,10,8,14,,19,19,1,22,9,121.5398063,25.0252553
111,4,5,22,21,2,04大安區,大安區和平東路2段與和平東路2段90巷口,0,0,3,2,C04,8,3,5,50,3,2,1,5,4,5,7,4,4,1,3,5,1,12,1,27,2,7,3,4,7,9,1,10,2,12,,44,19,1,22,9,121.5398063,25.0252553
111,4,5,22,21,2,04大安區,大安區和平東路2段與和平東路2段90巷口,0,0,3,3,H02,8,3,5,50,3,2,1,5,4,5,7,4,4,1,3,5,1,12,2,27,2,9,4,5,7,20,8,20,10,16,,67,19,1,22,9,121.5398063,25.0252553
111,4,6,1,15,2,08士林區,士林區德行東路104巷與德行東路90巷21弄口,0,0,1,1,C03,8,3,5,30,4,1,1,5,4,3,5,4,4,10,5,5,2,15,1,21,2,9,1,4,7,9,1,10,1,11,,6,6,1,22,9,121.5286666,25.10673451
111,4,6,1,15,2,08士林區,士林區德行東路104巷與德行東路90巷21弄口,0,0,1,2,A11,8,3,5,30,4,1,1,5,4,3,5,4,4,10,5,5,2,15,1,38,3,10,3,4,7,9,1,2,1,4,,13,6,1,22,9,121.5286666,25.10673451
111,4,6,6,55,2,10文山區,文山區老泉街42號燈桿,0,0,1,1,B03,8,1,5,40,14,9,1,5,4,5,7,4,4,9,4,5,2,17,1,26,3,10,3,4,7,9,1,8,2,1,,23,23,1,22,9,121.5633349,24.97842193
111,4,6,6,55,2,10文山區,文山區老泉街42號燈桿,0,0,1,2,C03,8,1,5,40,14,9,1,5,4,5,7,4,4,9,4,5,2,17,1,15,2,9,1,4,7,9,2,18,2,11,,13,23,1,22,9,121.5633349,24.97842193
111,4,6,6,55,2,10文山區,文山區老泉街42號燈桿,0,0,1,3,B12,8,1,5,40,14,9,1,5,4,5,7,4,4,9,4,5,2,17,1,46,3,10,3,4,7,14,1,8,2,15,,44,23,1,22,9,121.5633349,24.97842193
111,4,6,7,5,2,06松山區,松山區市民大道6段與基隆路1段口,0,0,2,1,C03,8,1,5,50,4,1,1,5,4,5,7,2,1,1,4,5,2,16,1,18,2,9,1,1,7,9,1,10,1,12,,25,25,1,22,9,121.569401,25.04916781
111,4,6,7,5,2,06松山區,松山區市民大道6段與基隆路1段口,0,0,2,2,C03,8,1,5,50,4,1,1,5,4,5,7,2,1,1,4,5,2,16,1,42,2,9,1,1,7,9,1,10,1,11,,23,25,1,22,9,121.569401,25.04916781
111,4,6,7,8,2,12內湖區,內湖區康寧路3段與成功路5段口引道,0,0,3,1,C03,8,1,5,50,3,1,1,5,4,5,7,2,1,1,4,4,2,16,1,83,2,9,1,1,7,6,6,10,9,12,,9,9,1,22,9,121.6063082,25.0732341
111,4,6,7,8,2,12內湖區,內湖區康寧路3段與成功路5段口引道,0,0,3,2,C03,8,1,5,50,3,1,1,5,4,5,7,2,1,1,4,4,2,16,1,48,2,7,1,1,7,9,1,10,2,14,,44,9,1,22,9,121.6063082,25.0732341
111,4,6,7,8,2,12內湖區,內湖區康寧路3段與成功路5段口引道,0,0,3,3,H02,8,1,5,50,3,1,1,5,4,5,7,2,1,1,4,4,2,16,2,68,2,9,4,5,7,20,8,20,10,16,,67,9,1,22,9,121.6063082,25.0732341
111,4,6,7,9,2,02萬華區,萬華區華中橋往台北市與華中橋機車道口,0,0,3,1,C03,8,1,5,50,8,11,1,5,4,5,7,4,4,1,4,5,2,17,1,32,2,9,1,1,7,9,1,10,2,11,,42,42,1,22,9,121.4967375,25.01828258
111,4,6,7,9,2,02萬華區,萬華區華中橋往台北市與華中橋機車道口,0,0,3,2,C03,8,1,5,50,8,11,1,5,4,5,7,4,4,1,4,5,2,17,1,46,2,3,1,1,7,14,1,10,2,13,,44,42,1,22,9,121.4967375,25.01828258
111,4,6,7,9,2,02萬華區,萬華區華中橋往台北市與華中橋機車道口,0,0,3,3,C03,8,1,5,50,8,11,1,5,4,5,7,4,4,1,4,5,2,17,1,46,2,9,1,1,7,14,1,10,2,13,,44,42,1,22,9,121.4967375,25.01828258
111,4,6,7,13,2,08士林區,士林區福華路164巷與福華路128巷3弄口,0,0,3,1,C03,8,1,5,30,3,2,1,5,4,5,7,4,4,10,5,5,2,17,2,43,2,9,1,1,7,15,1,10,2,14,,6,6,1,22,9,121.5231139,25.10433293
111,4,6,7,13,2,08士林區,士林區福華路164巷與福華路128巷3弄口,0,0,3,2,C03,8,1,5,30,3,2,1,5,4,5,7,4,4,10,5,5,2,17,1,27,2,8,1,1,7,9,1,10,2,12,,44,6,1,22,9,121.5231139,25.10433293
111,4,6,7,13,2,08士林區,士林區福華路164巷與福華路128巷3弄口,0,0,3,3,H02,8,1,5,30,3,2,1,5,4,5,7,4,4,10,5,5,2,17,1,13,2,6,1,1,7,20,8,20,10,16,,67,6,1,22,9,121.5231139,25.10433293
111,4,6,7,17,2,02萬華區,萬華區環河南路1段與忠孝西路2段口,0,0,1,1,B03,8,1,5,50,3,1,1,5,4,5,7,1,1,8,3,5,1,17,1,56,3,10,1,1,7,9,1,8,1,5,,43,43,1,22,9,121.5060796,25.04884017
111,4,6,7,17,2,02萬華區,萬華區環河南路1段與忠孝西路2段口,0,0,1,2,F03,8,1,5,50,3,1,1,5,4,5,7,1,1,8,3,5,1,17,1,32,2,9,1,1,7,5,8,20,1,16,,43,43,1,22,9,121.5060796,25.04884017
111,4,6,7,28,2,07信義區,信義區富陽街33號,0,0,1,1,C03,8,1,5,50,14,9,1,5,4,5,7,4,4,9,5,5,1,13,1,25,2,8,1,1,7,9,1,10,1,11,,16,16,1,22,9,121.5563551,25.02290353
111,4,6,7,28,2,07信義區,信義區富陽街33號,0,0,1,2,B03,8,1,5,50,14,9,1,5,4,5,7,4,4,9,5,5,1,13,1,32,3,10,1,1,7,9,1,8,1,6,,44,16,1,22,9,121.5563551,25.02290353
111,4,6,7,33,2,10文山區,文山區羅斯福路6段276巷與萬慶街13巷口,0,0,1,1,C03,8,1,5,30,4,1,1,5,4,5,7,4,4,10,5,5,2,15,2,36,2,9,1,1,7,9,1,10,2,11,,6,6,1,22,9,121.539676,24.9915245
111,4,6,7,33,2,10文山區,文山區羅斯福路6段276巷與萬慶街13巷口,0,0,1,2,C03,8,1,5,30,4,1,1,5,4,5,7,4,4,10,5,5,2,15,1,43,3,10,1,1,7,9,1,10,2,13,,23,6,1,22,9,121.539676,24.9915245
111,4,6,7,40,2,05中正區,中正區汀州路3段與汀州路3段口46號旁無名巷,0,0,1,1,B03,8,1,5,50,3,1,1,5,4,5,7,4,4,5,5,5,1,17,1,42,3,10,1,1,7,6,1,8,1,2,,42,42,1,22,9,121.5306884,25.01613535
111,4,6,7,40,2,05中正區,中正區汀州路3段與汀州路3段口46號旁無名巷,0,0,1,2,C03,8,1,5,50,3,1,1,5,4,5,7,4,4,5,5,5,1,17,1,18,2,8,1,1,7,9,1,10,1,14,,14,42,1,22,9,121.5306884,25.01613535
111,4,6,7,43,2,05中正區,中正區潮州街與杭州南路2段口,0,0,1,1,B03,8,1,5,50,4,1,1,5,4,5,7,1,1,5,5,5,2,12,1,50,3,10,1,1,7,5,1,8,1,5,,23,23,1,22,9,121.5219243,25.02958753
111,4,6,7,43,2,05中正區,中正區潮州街與杭州南路2段口,0,0,1,2,C03,8,1,5,50,4,1,1,5,4,5,7,1,1,5,5,5,2,12,2,34,2,2,1,1,7,5,1,10,1,14,,44,23,1,22,9,121.5219243,25.02958753
111,4,6,7,45,2,04大安區,大安區敦化南路2段63巷與敦化南路2段口,0,0,1,1,B12,8,1,5,50,4,1,1,5,4,5,7,2,1,1,4,5,2,12,1,56,3,10,1,1,7,6,1,8,1,2,,9,9,1,21,8,121.5490012,25.03096722
111,4,6,7,45,2,04大安區,大安區敦化南路2段63巷與敦化南路2段口,0,0,1,2,C03,8,1,5,50,4,1,1,5,4,5,7,2,1,1,4,5,2,12,1,37,2,9,1,1,7,9,1,10,1,14,,44,9,1,21,8,121.5490012,25.03096722
111,4,6,7,47,2,03中山區,中山區復興北路514巷與復興北路口,0,0,1,1,B03,8,1,5,50,3,1,1,5,4,5,7,4,4,1,5,5,1,17,1,60,3,10,3,4,7,6,1,8,1,15,,6,6,1,22,9,121.5442083,25.0659373
111,4,6,7,47,2,03中山區,中山區復興北路514巷與復興北路口,0,0,1,3,C03,8,1,5,50,3,1,1,5,4,5,7,4,4,1,5,5,1,17,1,48,3,10,3,4,7,9,1,10,1,15,,44,6,1,22,9,121.5442083,25.0659373
111,4,6,7,47,2,03中山區,中山區復興北路514巷與復興北路口,0,0,1,2,C03,8,1,5,50,3,1,1,5,4,5,7,4,4,1,5,5,1,17,1,26,2,9,3,4,7,9,1,10,1,14,,42,6,1,22,9,121.5442083,25.0659373
111,4,6,8,4,2,02萬華區,萬華區堤外便道往南靠近華江橋,0,0,3,1,C03,8,1,5,40,14,9,1,5,4,5,7,4,4,10,5,5,2,16,1,71,2,9,1,1,7,11,1,10,1,14,,10,10,1,22,9,121.4908148,25.03584995
111,4,6,8,4,2,02萬華區,萬華區堤外便道往南靠近華江橋,0,0,3,2,C03,8,1,5,40,14,9,1,5,4,5,7,4,4,10,5,5,2,16,2,31,2,9,1,1,7,9,1,10,1,11,,13,10,1,22,9,121.4908148,25.03584995
111,4,6,8,4,2,02萬華區,萬華區堤外便道往南靠近華江橋,0,0,3,3,H02,8,1,5,40,14,9,1,5,4,5,7,4,4,10,5,5,2,16,2,70,2,9,4,5,7,20,8,20,10,16,,67,10,1,22,9,121.4908148,25.03584995
111,4,6,8,4,2,05中正區,中正區中山南路與濟南路1段口,0,0,1,1,C03,8,1,5,50,3,2,1,5,4,5,7,1,1,1,4,5,2,13,1,18,3,10,1,1,7,9,3,18,1,11,,16,16,1,22,9,121.5189911,25.04310712
111,4,6,8,4,2,05中正區,中正區中山南路與濟南路1段口,0,0,1,2,C03,8,1,5,50,3,2,1,5,4,5,7,1,1,1,4,5,2,13,2,24,2,8,1,1,7,14,1,10,1,13,,44,16,1,22,9,121.5189911,25.04310712
111,4,6,8,18,2,12內湖區,內湖區五分街14巷與五分街口,0,0,2,1,C03,8,1,5,30,4,1,1,5,4,4,5,4,4,10,5,5,2,15,1,35,2,7,1,1,7,9,1,10,1,11,,6,6,1,22,9,121.6137386,25.0674972
111,4,6,8,18,2,12內湖區,內湖區五分街14巷與五分街口,0,0,2,2,C03,8,1,5,30,4,1,1,5,4,4,5,4,4,10,5,5,2,15,2,21,2,9,1,1,7,9,1,10,1,12,,23,6,1,22,9,121.6137386,25.0674972
111,4,6,8,20,2,02萬華區,萬華區環河南路1段與長沙街2段口,0,0,2,1,C03,8,1,5,50,3,1,1,5,4,5,7,1,1,9,4,5,2,16,1,44,2,8,1,1,7,5,1,10,1,12,,6,6,1,22,9,121.492187,25.03338
111,4,6,8,20,2,02萬華區,萬華區環河南路1段與長沙街2段口,0,0,2,2,C03,8,1,5,50,3,1,1,5,4,5,7,1,1,9,4,5,2,16,1,35,2,8,1,1,7,9,1,10,1,11,,44,6,1,22,9,121.492187,25.03338
111,4,6,8,42,2,01大同區,大同區錦西街與錦西街52巷口,0,0,1,1,C03,8,1,5,50,3,1,1,5,4,5,7,4,4,5,2,5,2,17,1,45,2,7,1,1,7,9,1,9,1,11,,25,25,1,22,9,121.5198817,25.06030548
111,4,6,8,42,2,01大同區,大同區錦西街與錦西街52巷口,0,0,1,2,B03,8,1,5,50,3,1,1,5,4,5,7,4,4,5,2,5,2,17,1,62,3,10,1,1,7,5,1,8,1,8,,44,25,1,22,9,121.5198817,25.06030548
111,4,6,8,43,2,02萬華區,萬華區漢中街與漢中街147巷口,0,0,1,2,C03,8,1,5,50,3,1,1,5,4,5,7,4,4,5,5,5,2,16,1,30,2,9,1,1,7,9,1,9,1,11,,14,26,1,22,9,121.5072195,25.0417214
111,4,6,8,43,2,02萬華區,萬華區漢中街與漢中街147巷口,0,0,1,1,C03,8,1,5,50,3,1,1,5,4,5,7,4,4,5,5,5,2,16,4,,4,11,3,4,7,15,7,19,11,15,,26,26,2,22,9,121.5072195,25.0417214
111,4,6,8,45,2,04大安區,大安區建國南路1段與新生南路1段161巷口,0,0,2,1,B01,8,1,5,50,4,2,1,5,4,5,7,2,1,1,4,5,2,17,1,71,3,10,1,1,7,9,6,18,2,1,,23,23,1,22,9,121.5376635,25.03467134
111,4,6,8,45,2,04大安區,大安區建國南路1段與新生南路1段161巷口,0,0,2,2,B03,8,1,5,50,4,2,1,5,4,5,7,2,1,1,4,5,2,17,1,57,2,1,1,1,7,14,1,8,2,3,,44,23,1,22,9,121.5376635,25.03467134
111,4,6,8,45,2,04大安區,大安區建國南路1段與新生南路1段161巷口,0,0,2,3,H02,8,1,5,50,4,2,1,5,4,5,7,2,1,1,4,5,2,17,2,54,2,6,4,1,7,21,8,20,10,15,,67,23,1,22,9,121.5376635,25.03467134
111,4,6,8,52,2,07信義區,信義區松壽路與基隆路1段口,0,0,1,1,B02,8,1,5,50,4,1,1,5,4,5,7,2,1,10,4,5,2,17,1,60,3,10,1,1,7,6,1,8,2,2,,44,44,1,22,9,121.5614894,25.0359413
111,4,6,8,52,2,07信義區,信義區松壽路與基隆路1段口,0,0,1,2,C03,8,1,5,50,4,1,1,5,4,5,7,2,1,10,4,5,2,17,1,30,2,7,1,1,7,9,1,10,2,14,,44,44,1,22,9,121.5614894,25.0359413
111,4,6,9,1,2,02萬華區,萬華區環河南路2段與和平西路3段口,0,0,1,1,B01,8,1,5,50,5,1,1,5,4,5,7,1,1,8,3,5,1,17,1,66,3,10,1,1,7,5,1,4,2,6,,8,8,1,22,9,121.4942544,25.0353383
111,4,6,9,1,2,02萬華區,萬華區環河南路2段與和平西路3段口,0,0,1,2,C03,8,1,5,50,5,1,1,5,4,5,7,1,1,8,3,5,1,17,1,28,2,9,1,1,7,9,1,10,2,11,,44,8,1,22,9,121.4942544,25.0353383
111,4,6,9,1,2,02萬華區,萬華區環河南路2段與和平西路3段口,0,0,1,3,C03,8,1,5,50,5,1,1,5,4,5,7,1,1,8,3,5,1,17,1,31,4,11,3,4,7,15,7,19,11,15,,23,8,2,22,9,121.4942544,25.0353383
111,4,6,9,15,2,05中正區,中正區重慶南路1段司法院高等法院前,0,0,2,1,C03,8,1,5,50,14,9,1,5,4,5,7,4,4,10,4,5,2,16,2,49,2,9,1,1,7,1,1,10,2,12,,19,19,1,22,9,121.5126907,25.0376222
111,4,6,9,15,2,05中正區,中正區重慶南路1段司法院高等法院前,0,0,2,2,F01,8,1,5,50,14,9,1,5,4,5,7,4,4,10,4,5,2,16,2,69,2,9,1,1,7,9,8,20,2,16,,26,19,1,22,9,121.5126907,25.0376222
111,4,6,9,25,2,07信義區,信義區虎林街164巷29號,0,0,1,1,H01,8,1,5,30,14,9,1,5,4,5,7,4,4,10,5,5,2,3,1,3,2,9,4,5,8,16,8,20,10,16,,51,51,1,22,9,121.5751062,25.0389636
111,4,6,9,25,2,07信義區,信義區虎林街164巷29號,0,0,1,2,C03,8,1,5,30,14,9,1,5,4,5,7,4,4,10,5,5,2,3,1,58,3,10,1,1,7,9,1,10,2,11,,23,51,1,22,9,121.5751062,25.0389636
111,4,6,9,30,2,08士林區,士林區中正路與延平北路5段口,0,0,2,1,C03,8,1,5,50,4,1,1,5,4,5,7,2,1,1,4,5,2,17,2,27,2,8,1,1,7,7,1,10,1,14,,7,7,1,21,8,121.5093045,25.086657
111,4,6,9,30,2,08士林區,士林區中正路與延平北路5段口,0,0,2,2,C03,8,1,5,50,4,1,1,5,4,5,7,2,1,1,4,5,2,17,2,36,2,9,1,1,7,9,1,10,1,12,,44,7,1,21,8,121.5093045,25.086657
111,4,6,9,30,2,07信義區,信義區光復南路306號,0,0,1,1,B01,8,1,5,40,14,8,1,5,4,5,7,4,4,10,4,4,2,17,1,64,3,10,1,1,7,15,1,4,1,4,,40,40,1,22,9,121.5576771,25.03864602
111,4,6,9,30,2,07信義區,信義區光復南路306號,0,0,1,2,C03,8,1,5,40,14,8,1,5,4,5,7,4,4,10,4,4,2,17,2,21,2,9,1,1,7,9,1,10,1,11,,13,40,1,22,9,121.5576771,25.03864602
111,4,6,9,31,2,12內湖區,內湖區舊宗路2段與舊宗路2段135巷口,0,0,1,1,C03,8,1,5,50,3,2,1,5,4,5,7,4,4,1,4,5,2,12,1,33,2,8,1,1,7,7,1,10,1,14,,7,7,1,22,9,121.5748855,25.07002236
111,4,6,9,31,2,12內湖區,內湖區舊宗路2段與舊宗路2段135巷口,0,0,1,2,B03,8,1,5,50,3,2,1,5,4,5,7,4,4,1,4,5,2,12,1,46,3,10,1,1,7,9,1,8,1,6,,44,7,1,22,9,121.5748855,25.07002236
111,4,6,9,39,2,08士林區,士林區中正路115號,0,0,2,1,C03,8,1,5,50,14,9,1,5,4,5,7,4,4,9,4,5,2,17,1,64,2,9,1,1,7,7,1,10,2,14,,7,7,1,22,9,121.5285119,25.09583471
111,4,6,9,39,2,08士林區,士林區中正路115號,0,0,2,2,B12,8,1,5,50,14,9,1,5,4,5,7,4,4,9,4,5,2,17,1,61,3,10,1,1,7,9,1,8,2,5,,44,7,1,22,9,121.5285119,25.09583471
111,4,6,9,39,2,08士林區,士林區中正路115號,0,0,2,3,A02,8,1,5,50,14,9,1,5,4,5,7,4,4,9,4,5,2,17,1,60,3,10,1,1,7,8,1,2,2,7,,44,7,1,22,9,121.5285119,25.09583471
111,4,6,9,39,2,08士林區,士林區中正路115號,0,0,2,4,H02,8,1,5,50,14,9,1,5,4,5,7,4,4,9,4,5,2,17,2,60,2,9,1,1,7,20,8,20,10,16,,67,7,1,22,9,121.5285119,25.09583471
111,4,6,9,43,2,01大同區,大同區市民高架道東向西(延平至塔城之間),0,0,1,1,B12,8,1,8,50,14,9,1,5,4,5,7,4,4,9,4,5,1,13,1,37,3,10,1,1,7,9,1,8,1,1,,16,16,1,22,9,121.5166683,25.0488343
111,4,6,9,43,2,01大同區,大同區市民高架道東向西(延平至塔城之間),0,0,1,2,B03,8,1,8,50,14,9,1,5,4,5,7,4,4,9,4,5,1,13,2,33,2,1,1,1,7,9,1,8,1,3,,44,16,1,22,9,121.5166683,25.0488343
111,4,6,9,43,2,01大同區,大同區市民高架道東向西(延平至塔城之間),0,0,1,3,B03,8,1,8,50,14,9,1,5,4,5,7,4,4,9,4,5,1,13,1,46,3,10,1,1,7,14,1,8,1,3,,44,16,1,22,9,121.5166683,25.0488343
111,4,6,9,45,2,01大同區,大同區民權西路120號,0,0,2,1,C03,8,1,5,50,14,9,1,5,4,5,7,4,4,8,3,5,2,12,1,62,2,3,1,1,7,4,1,10,1,11,,17,17,1,22,9,121.5167907,25.0627462
111,4,6,9,45,2,01大同區,大同區民權西路120號,0,0,2,2,C03,8,1,5,50,14,9,1,5,4,5,7,4,4,8,3,5,2,12,1,24,2,9,1,1,7,9,1,10,1,11,,17,17,1,22,9,121.5167907,25.0627462
111,4,6,10,0,2,08士林區,士林區中山北路5段與中山北路5段260巷口,0,0,1,1,C04,8,1,5,50,3,2,1,5,4,5,7,1,1,4,3,5,1,23,2,25,2,9,1,1,7,9,1,10,1,14,,42,42,1,22,9,121.5268589,25.08734101
111,4,6,10,0,2,08士林區,士林區中山北路5段與中山北路5段260巷口,0,0,1,2,,8,1,5,50,3,2,1,5,4,5,7,1,1,4,3,5,1,23,3,,,,,,,,,,,,,67,42,1,,,121.5268589,25.08734101
111,4,6,10,7,2,10文山區,文山區辛亥路7段與光輝路50巷口,0,0,1,2,C03,8,1,5,50,3,2,1,5,4,5,7,1,1,5,5,4,2,13,1,58,3,10,1,1,7,14,1,10,1,13,,44,44,1,22,9,121.5541172,24.9849663