發生年度,發生月,發生日,發生時-Hours,發生分,處理別-編號,區序,肇事地點,死亡人數,2-30日死亡人數,受傷人數,當事人序號,車種,天候,光線,道路類別,速限-速度限制,道路型態,事故位置,路面狀況1,路面狀況2,路面狀況3,道路障礙1,道路障礙2,號誌1,號誌2,車道劃分-分向,車道劃分-分道1,車道劃分-分道2,車道劃分-分道3,事故類型及型態,性別,年齡,受傷程度,主要傷處,安全帽,行動電話,車輛用途,當事者行動狀態,駕駛資格情形,駕駛執照種類,飲酒情形,車輛撞擊部位1,車輛撞擊部位2,肇因碼-個別,肇因碼-主要,個人肇逃否,職業,旅次目的,座標-X,座標-Y
111,4,6,10,7,2,10文山區,文山區辛亥路7段與光輝路50巷口,0,0,1,1,C03,8,1,5,50,3,2,1,5,4,5,7,1,1,5,5,4,2,13,1,70,2,9,1,1,7,9,1,10,1,11,,44,44,1,22,9,121.5541172,24.9849663
111,4,6,10,20,2,08士林區,士林區福港街149巷與福港街口,0,0,2,1,C03,8,1,5,30,3,1,1,5,4,5,5,4,4,10,5,5,1,16,2,28,2,9,1,1,7,5,1,10,1,11,,8,8,1,22,9,121.5189545,25.08737337
111,4,6,10,20,2,08士林區,士林區福港街149巷與福港街口,0,0,2,2,C03,8,1,5,30,3,1,1,5,4,5,5,4,4,10,5,5,1,16,1,68,2,9,1,1,7,9,1,10,1,11,,23,8,1,22,9,121.5189545,25.08737337
111,4,6,10,20,2,08士林區,士林區福港街149巷與福港街口,0,0,2,3,B03,8,1,5,30,3,1,1,5,4,5,5,4,4,10,5,5,1,16,1,39,3,10,1,1,7,13,1,8,1,15,,38,8,1,22,9,121.5189545,25.08737337
111,4,6,10,25,2,02萬華區,萬華區廣州街70號,0,0,1,1,B03,8,1,5,50,14,9,1,5,4,5,7,4,4,9,5,5,2,12,1,72,3,10,1,1,7,11,1,8,1,8,,10,10,1,22,9,121.5030456,25.0364866
111,4,6,10,25,2,02萬華區,萬華區廣州街70號,0,0,1,2,C03,8,1,5,50,14,9,1,5,4,5,7,4,4,9,5,5,2,12,1,62,2,8,1,1,7,9,1,8,1,12,,44,10,1,22,9,121.5030456,25.0364866
111,4,6,10,50,2,01大同區,大同區承德路3段與承德路3段99巷口,0,0,1,1,C03,8,1,5,50,3,1,1,5,4,5,7,4,4,1,4,5,2,17,2,18,2,9,3,4,7,9,1,10,2,11,,43,43,1,22,9,121.5184731,25.06648363
111,4,6,10,50,2,01大同區,大同區承德路3段與承德路3段99巷口,0,0,1,2,B12,8,1,5,50,3,1,1,5,4,5,7,4,4,1,4,5,2,17,1,64,3,10,3,4,7,15,1,8,11,3,,44,43,1,22,9,121.5184731,25.06648363
111,4,6,10,56,2,07信義區,信義區松山路與松山路292巷口,0,0,1,1,C03,8,1,5,50,3,1,1,5,4,5,7,1,1,1,4,5,1,15,1,29,3,10,3,4,7,9,1,10,11,12,,43,43,1,22,9,121.5777491,25.04321473
111,4,6,10,56,2,07信義區,信義區松山路與松山路292巷口,0,0,1,2,F01,8,1,5,50,3,1,1,5,4,5,7,1,1,1,4,5,1,15,2,38,2,8,3,4,7,9,8,20,11,16,,43,43,1,22,9,121.5777491,25.04321473
111,4,6,11,10,2,12內湖區,內湖區東湖路160巷與五分街口,0,0,1,1,C03,8,1,5,30,4,1,1,5,4,5,7,3,1,10,5,5,2,16,2,57,2,9,1,1,7,5,1,10,1,11,,6,6,1,22,9,121.6172669,25.0671714
111,4,6,11,10,2,12內湖區,內湖區東湖路160巷與五分街口,0,0,1,2,B03,8,1,5,30,4,1,1,5,4,5,7,3,1,10,5,5,2,16,1,70,3,10,1,1,7,9,1,8,2,2,,44,6,1,22,9,121.6172669,25.0671714
111,4,6,11,29,2,04大安區,大安區仁愛路4段300巷20弄18號,0,0,2,1,C04,8,1,5,30,14,9,1,5,4,5,7,4,4,10,5,5,2,3,2,44,2,9,1,1,7,9,1,10,1,11,,23,23,1,22,9,121.5539131,25.03626282
111,4,6,11,29,2,04大安區,大安區仁愛路4段300巷20弄18號,0,0,2,2,H01,8,1,5,30,14,9,1,5,4,5,7,4,4,10,5,5,2,3,2,65,2,9,4,5,8,16,8,20,1,16,,51,23,1,22,9,121.5539131,25.03626282
111,4,6,11,45,2,05中正區,中正區仁愛路2段與杭州南路1段口,0,0,1,1,C03,8,1,5,50,4,2,1,5,4,5,7,1,1,7,4,5,2,13,1,49,2,9,1,4,7,9,1,10,2,11,,23,23,1,22,9,121.5250846,25.03805031
111,4,6,11,45,2,05中正區,中正區仁愛路2段與杭州南路1段口,0,0,1,2,B12,8,1,5,50,4,2,1,5,4,5,7,1,1,7,4,5,2,13,1,34,3,10,1,4,7,14,1,8,2,3,,44,23,1,22,9,121.5250846,25.03805031
111,4,6,12,10,2,12內湖區,內湖區舊宗路2段與港墘路口,0,0,1,1,B12,8,1,5,50,5,2,1,5,4,5,7,1,1,1,4,5,2,13,1,27,3,10,1,1,7,9,1,8,1,5,,23,23,1,22,9,121.5724399,25.07458647
111,4,6,12,10,2,12內湖區,內湖區舊宗路2段與港墘路口,0,0,1,2,C03,8,1,5,50,5,2,1,5,4,5,7,1,1,1,4,5,2,13,1,40,2,9,1,1,7,14,1,10,1,13,,44,23,1,22,9,121.5724399,25.07458647
111,4,6,12,14,2,03中山區,中山區大直橋往北機慢車專用道,0,0,3,1,C03,8,1,7,50,8,11,1,5,4,5,2,4,4,1,1,5,2,13,1,66,2,8,1,4,7,12,1,10,1,13,,14,14,1,22,9,121.5444248,25.07454446
111,4,6,12,14,2,03中山區,中山區大直橋往北機慢車專用道,0,0,3,2,C03,8,1,7,50,8,11,1,5,4,5,2,4,4,1,1,5,2,13,1,48,2,9,1,4,7,9,1,9,1,11,,16,14,1,22,9,121.5444248,25.07454446
111,4,6,12,14,2,03中山區,中山區大直橋往北機慢車專用道,0,0,3,3,C03,8,1,7,50,8,11,1,5,4,5,2,4,4,1,1,5,2,13,1,24,2,9,1,4,7,9,1,10,1,15,,44,14,1,22,9,121.5444248,25.07454446
111,4,6,12,29,2,02萬華區,萬華區東園街4號前,0,0,1,1,C04,8,1,5,50,14,9,1,5,4,5,7,2,1,4,3,5,1,3,2,34,3,10,1,1,7,6,1,10,2,11,,43,43,1,22,9,121.4954752,25.0279595
111,4,6,12,29,2,02萬華區,萬華區東園街4號前,0,0,1,2,H01,8,1,5,50,14,9,1,5,4,5,7,2,1,4,3,5,1,3,2,58,2,8,4,5,8,16,8,20,2,16,,67,43,1,22,9,121.4954752,25.0279595
111,4,6,12,30,2,03中山區,中山區吉林路與新生北路2段137巷口,0,0,2,1,C03,8,1,5,30,4,2,1,5,4,5,7,1,1,4,3,5,1,15,1,44,2,3,1,1,7,9,1,10,1,11,,25,25,1,22,9,121.5302559,25.06118937
111,4,6,12,30,2,03中山區,中山區吉林路與新生北路2段137巷口,0,0,2,2,C03,8,1,5,30,4,2,1,5,4,5,7,1,1,4,3,5,1,15,1,59,2,8,1,1,7,9,1,10,1,11,,44,25,1,22,9,121.5302559,25.06118937
111,4,6,12,30,2,11南港區,南港區忠孝東路7段與中南街口口,0,0,1,1,C03,8,1,5,50,4,2,1,5,4,5,7,2,1,1,4,4,2,12,1,58,2,9,1,1,7,10,1,10,1,14,,7,7,1,22,9,121.6153249,25.05313602
111,4,6,12,30,2,11南港區,南港區忠孝東路7段與中南街口口,0,0,1,2,C03,8,1,5,50,4,2,1,5,4,5,7,2,1,1,4,4,2,12,1,33,3,10,1,1,7,9,1,9,1,12,,44,7,1,22,9,121.6153249,25.05313602
111,4,6,12,50,2,02萬華區,萬華區堤外便道(新店溪編號:HD267),0,0,2,1,A04,8,1,5,40,14,9,1,5,4,5,7,4,4,10,5,5,2,13,1,52,3,10,1,4,7,9,1,2,2,1,,16,16,1,22,9,121.4896044,25.02618434
111,4,6,12,50,2,02萬華區,萬華區堤外便道(新店溪編號:HD267),0,0,2,2,C03,8,1,5,40,14,9,1,5,4,5,7,4,4,10,5,5,2,13,1,73,2,9,1,4,7,9,1,10,2,13,,44,16,1,22,9,121.4896044,25.02618434
111,4,6,12,50,2,02萬華區,萬華區堤外便道(新店溪編號:HD267),0,0,2,3,H02,8,1,5,40,14,9,1,5,4,5,7,4,4,10,5,5,2,13,2,69,2,9,4,5,7,20,8,20,10,16,,67,16,1,22,9,121.4896044,25.02618434
111,4,6,13,40,2,07信義區,信義區和平東路3段341巷與和平東路3段391巷8弄口,0,0,1,1,C03,8,1,5,30,4,2,1,5,4,5,7,4,4,10,5,5,2,13,1,19,2,8,1,1,7,9,1,10,1,11,,43,43,1,21,8,121.5570292,25.02098439
111,4,6,13,40,2,07信義區,信義區和平東路3段341巷與和平東路3段391巷8弄口,0,0,1,2,B03,8,1,5,30,4,2,1,5,4,5,7,4,4,10,5,5,2,13,1,69,3,10,1,1,7,14,1,8,1,6,,43,43,1,21,8,121.5570292,25.02098439
111,4,6,13,49,2,04大安區,大安區信義路4段186巷與安和路2段32巷口,0,0,1,1,C03,8,1,5,30,4,2,1,5,4,5,7,4,4,4,5,5,2,17,2,77,2,9,1,1,7,5,1,10,1,12,,6,6,1,22,9,121.5515905,25.03183525
111,4,6,13,49,2,04大安區,大安區信義路4段186巷與安和路2段32巷口,0,0,1,2,B03,8,1,5,30,4,2,1,5,4,5,7,4,4,4,5,5,2,17,2,72,3,10,1,1,7,9,1,8,1,8,,23,6,1,22,9,121.5515905,25.03183525
111,4,6,13,58,2,03中山區,中山區建國北路2段與建國北路2段64巷口,0,0,1,1,B03,8,1,5,30,3,1,1,5,4,1,6,4,4,1,5,5,1,16,1,43,3,10,3,4,7,9,1,8,2,2,,23,23,1,22,9,121.5365565,25.05432515
111,4,6,13,58,2,03中山區,中山區建國北路2段與建國北路2段64巷口,0,0,1,2,F01,8,1,5,30,3,1,1,5,4,1,6,4,4,1,5,5,1,16,2,77,2,9,1,1,7,9,8,20,2,16,,26,23,1,22,9,121.5365565,25.05432515
111,4,6,14,5,2,09北投區,北投區磺港路與三合街2段口,0,0,1,1,B03,8,1,5,30,4,1,1,5,4,5,7,1,1,10,5,5,2,16,1,38,3,10,1,1,7,6,1,8,2,2,,6,6,1,22,9,121.5032589,25.12669803
111,4,6,14,5,2,09北投區,北投區磺港路與三合街2段口,0,0,1,2,C03,8,1,5,30,4,1,1,5,4,5,7,1,1,10,5,5,2,16,2,41,2,8,1,1,7,9,1,10,2,11,,23,6,1,22,9,121.5032589,25.12669803
111,4,6,14,21,2,07信義區,信義區信安街67巷景勤2號公園公車招牌,0,0,2,1,B03,8,1,5,0,14,8,1,5,4,5,7,4,4,5,5,4,2,12,2,53,3,10,1,1,7,6,1,8,1,3,,9,9,1,22,9,121.5593127,25.02595081
111,4,6,14,21,2,07信義區,信義區信安街67巷景勤2號公園公車招牌,0,0,2,2,C03,8,1,5,0,14,8,1,5,4,5,7,4,4,5,5,4,2,12,1,19,2,7,1,1,7,9,1,10,1,11,,44,9,1,22,9,121.5593127,25.02595081
111,4,6,14,21,2,07信義區,信義區信安街67巷景勤2號公園公車招牌,0,0,2,3,H02,8,1,5,0,14,8,1,5,4,5,7,4,4,5,5,4,2,12,1,18,2,8,1,1,7,17,8,20,10,16,,67,9,1,22,9,121.5593127,25.02595081
111,4,6,14,40,2,06松山區,松山區敦化北路1號(松山運動中心前),0,0,2,1,C03,7,1,5,50,14,9,1,5,4,5,7,2,1,9,4,3,2,17,2,71,2,9,1,1,7,5,1,10,1,12,,8,8,1,22,9,121.5504746,25.04818755
111,4,6,14,40,2,06松山區,松山區敦化北路1號(松山運動中心前),0,0,2,2,C03,7,1,5,50,14,9,1,5,4,5,7,2,1,9,4,3,2,17,1,34,2,9,1,1,7,9,1,10,1,11,,44,8,1,22,9,121.5504746,25.04818755
111,4,6,14,54,2,05中正區,中正區牯嶺街95巷與牯嶺街口,0,0,1,1,C03,7,1,5,50,4,1,1,5,4,5,7,4,4,5,5,5,2,18,1,37,2,8,1,1,7,9,6,10,8,12,,21,21,1,22,9,121.5189949,25.02604384
111,4,6,14,54,2,05中正區,中正區牯嶺街95巷與牯嶺街口,0,0,1,2,,7,1,5,50,4,1,1,5,4,5,7,4,4,5,5,5,2,18,3,,,,,,,,,,,,,67,21,1,,,121.5189949,25.02604384
111,4,6,15,2,2,04大安區,大安區仁愛路4段110號,0,0,1,1,C03,8,1,5,30,3,2,5,5,4,5,7,4,4,1,5,5,2,12,1,38,2,9,1,1,7,6,1,10,1,12,,17,17,1,22,9,121.5495246,25.03725899
111,4,6,15,2,2,04大安區,大安區仁愛路4段110號,0,0,1,2,B03,8,1,5,30,3,2,5,5,4,5,7,4,4,1,5,5,2,12,1,37,3,10,1,1,7,6,1,8,1,4,,44,17,1,22,9,121.5495246,25.03725899
111,4,6,15,3,2,10文山區,文山區木柵路4段9巷口,0,0,1,1,B03,8,1,5,50,14,9,1,5,4,5,7,2,1,5,2,5,2,13,2,48,3,10,1,1,7,9,1,8,2,1,,23,23,1,22,9,121.5712718,24.99243949
111,4,6,15,3,2,10文山區,文山區木柵路4段9巷口,0,0,1,2,C03,8,1,5,50,14,9,1,5,4,5,7,2,1,5,2,5,2,13,1,29,3,10,1,1,7,14,1,10,2,13,,44,23,1,22,9,121.5712718,24.99243949
111,4,6,15,3,2,10文山區,文山區木柵路4段9巷口,0,0,1,3,H02,8,1,5,50,14,9,1,5,4,5,7,2,1,5,2,5,2,13,2,27,2,8,4,5,7,20,8,20,10,15,,67,23,1,22,9,121.5712718,24.99243949
111,4,6,15,16,2,07信義區,信義區信安街與信安街67巷口,0,0,1,1,C03,8,1,5,50,4,1,1,5,4,5,7,1,1,5,4,5,2,12,1,63,2,9,1,1,7,5,1,10,11,14,,8,8,1,22,9,121.5574689,25.0261067
111,4,6,15,16,2,07信義區,信義區信安街與信安街67巷口,0,0,1,2,B03,8,1,5,50,4,1,1,5,4,5,7,1,1,5,4,5,2,12,1,30,3,10,1,1,7,5,1,8,11,5,,26,8,1,22,9,121.5574689,25.0261067
111,4,6,15,21,2,08士林區,士林區承德路4段與通河街口,0,0,1,1,C03,8,1,5,50,4,2,1,5,4,5,7,4,4,3,5,5,1,17,2,25,2,9,1,1,7,9,1,10,1,11,,23,23,1,22,9,121.5222096,25.08013533
111,4,6,15,21,2,08士林區,士林區承德路4段與通河街口,0,0,1,2,B12,8,1,5,50,4,2,1,5,4,5,7,4,4,3,5,5,1,17,1,64,3,10,1,1,7,9,6,8,1,3,,42,23,1,22,9,121.5222096,25.08013533
111,4,6,16,1,2,03中山區,中山區北安路與崇實路口,0,0,1,1,B12,8,1,5,50,4,1,1,5,4,5,7,1,1,3,4,5,2,17,1,43,3,10,1,1,7,9,1,8,1,2,,25,25,1,22,9,121.5443606,25.0797508
111,4,6,16,1,2,03中山區,中山區北安路與崇實路口,0,0,1,2,C03,8,1,5,50,4,1,1,5,4,5,7,1,1,3,4,5,2,17,1,19,2,9,1,1,7,9,1,10,1,11,,44,25,1,22,9,121.5443606,25.0797508
111,4,6,16,1,2,12內湖區,內湖區康寧路3段與安康路口口,0,0,1,1,B03,7,1,5,40,3,1,1,5,4,5,7,2,1,5,4,5,2,16,2,45,3,10,1,1,7,6,1,8,1,5,,26,26,1,22,9,121.6108645,25.0649123
111,4,6,16,1,2,12內湖區,內湖區康寧路3段與安康路口口,0,0,1,2,C03,7,1,5,40,3,1,1,5,4,5,7,2,1,5,4,5,2,16,2,71,2,9,1,1,7,1,3,18,1,14,,19,26,1,22,9,121.6108645,25.0649123
111,4,6,17,0,2,10文山區,文山區新光路2段96號,0,0,1,1,B12,8,1,5,40,14,9,1,5,4,5,7,4,4,9,4,5,2,13,1,28,3,10,3,4,7,9,1,3,1,2,,23,23,1,22,9,121.5959429,24.99898462
111,4,6,17,0,2,10文山區,文山區新光路2段96號,0,0,1,2,C03,8,1,5,40,14,9,1,5,4,5,7,4,4,9,4,5,2,13,1,65,2,7,3,4,7,14,1,10,1,15,,44,23,1,22,9,121.5959429,24.99898462
111,4,6,17,12,2,08士林區,士林區忠誠路2段134號,0,0,1,1,A02,8,3,5,40,14,8,1,5,4,5,7,4,4,1,4,4,2,9,1,50,3,10,1,1,7,1,1,2,2,2,,19,19,1,22,9,121.5322391,25.11417635
111,4,6,17,12,2,08士林區,士林區忠誠路2段134號,0,0,1,2,H02,8,3,5,40,14,8,1,5,4,5,7,4,4,1,4,4,2,9,2,71,2,9,4,5,7,19,8,20,10,16,,67,19,1,22,9,121.5322391,25.11417635
111,4,6,17,17,2,05中正區,中正區中山南路與仁愛路1段口,0,0,1,1,C03,8,1,5,50,5,1,1,5,4,5,7,1,1,1,3,1,2,13,2,51,2,8,1,1,7,9,1,10,1,11,,16,16,1,22,9,121.5179536,25.03931392
111,4,6,17,17,2,05中正區,中正區中山南路與仁愛路1段口,0,0,1,2,B03,8,1,5,50,5,1,1,5,4,5,7,1,1,1,3,1,2,13,1,70,3,10,1,4,7,6,1,8,1,3,,44,16,1,22,9,121.5179536,25.03931392
111,4,6,17,20,2,03中山區,中山區民族東路232號對面,0,0,1,1,C03,8,2,5,50,14,9,1,5,4,5,7,4,4,1,4,5,2,12,1,61,3,10,3,4,7,9,1,10,1,15,,43,43,1,5,9,121.5319791,25.06832946
111,4,6,17,20,2,03中山區,中山區民族東路232號對面,0,0,1,2,C03,8,2,5,50,14,9,1,5,4,5,7,4,4,1,4,5,2,12,1,57,2,9,3,4,7,9,1,10,1,15,,43,43,1,22,9,121.5319791,25.06832946
111,4,6,17,42,2,01大同區,大同區延平北路1段與甘谷街口,0,0,1,1,B03,8,1,5,50,4,1,1,5,4,5,7,4,4,5,4,5,1,16,2,47,3,10,3,4,7,9,1,8,1,1,,6,6,1,22,9,121.5118346,25.05276835
111,4,6,17,42,2,01大同區,大同區延平北路1段與甘谷街口,0,0,1,2,C03,8,1,5,50,4,1,1,5,4,5,7,4,4,5,4,5,1,16,1,42,2,9,1,1,7,9,1,10,1,14,,14,6,1,22,9,121.5118346,25.05276835
111,4,6,17,45,2,10文山區,文山區辛亥隧道北往南方向13.6公尺處,0,0,1,1,C03,8,3,5,50,6,9,1,5,4,5,7,4,4,10,2,5,2,13,1,18,2,9,1,1,7,9,1,10,2,11,,23,23,1,22,9,121.5571745,25.00977636
111,4,6,17,45,2,10文山區,文山區辛亥隧道北往南方向13.6公尺處,0,0,1,2,B01,8,3,5,50,6,9,1,5,4,5,7,4,4,10,2,5,2,13,1,57,3,10,1,1,7,14,1,8,2,3,,44,23,1,22,9,121.5571745,25.00977636
111,4,6,17,53,2,02萬華區,萬華區西園路2段與東園街口,0,0,1,1,B03,7,3,5,50,3,2,1,5,4,5,7,2,1,1,4,5,1,17,1,34,3,10,3,4,7,6,1,8,1,6,,9,9,1,22,9,121.4952995,25.028127
111,4,6,17,53,2,02萬華區,萬華區西園路2段與東園街口,0,0,1,2,C03,7,3,5,50,3,2,1,5,4,5,7,2,1,1,4,5,1,17,1,64,2,9,3,4,7,9,1,10,1,14,,44,9,1,22,9,121.4952995,25.028127
111,4,6,18,0,2,03中山區,中山區市民大道3段與松江路口,0,0,1,1,B03,8,2,5,50,4,1,1,5,4,5,7,2,1,7,2,5,2,12,1,69,3,10,1,1,7,9,1,8,1,5,,44,44,1,1,1,121.5328019,25.04561642
111,4,6,18,0,2,03中山區,中山區市民大道3段與松江路口,0,0,1,2,C03,8,2,5,50,4,1,1,5,4,5,7,2,1,7,2,5,2,12,2,41,2,9,1,1,7,7,1,10,1,13,,7,44,1,5,1,121.5328019,25.04561642
111,4,6,18,7,2,04大安區,大安區信義路4段25號,0,0,1,1,B03,8,3,5,50,14,9,1,5,4,5,7,4,4,1,4,5,2,17,1,53,3,10,3,4,7,13,1,2,1,15,,38,38,1,22,9,121.5447376,25.03346703
111,4,6,18,7,2,04大安區,大安區信義路4段25號,0,0,1,2,F01,8,3,5,50,14,9,1,5,4,5,7,4,4,1,4,5,2,17,1,31,2,9,1,1,7,9,8,20,1,16,,44,38,1,22,9,121.5447376,25.03346703
111,4,6,18,20,2,06松山區,松山區南京東路4段141號,0,0,1,1,B01,7,3,5,50,14,8,1,5,4,5,7,4,4,1,4,4,2,16,1,69,3,10,1,1,7,8,1,4,1,2,,7,7,1,22,9,121.5555384,25.05167854
111,4,6,18,20,2,06松山區,松山區南京東路4段141號,0,0,1,2,C03,7,3,5,50,14,8,1,5,4,5,7,4,4,1,4,4,2,16,1,30,2,9,1,1,7,9,1,10,1,14,,44,7,1,22,9,121.5555384,25.05167854
111,4,6,18,39,2,03中山區,中山區八德路2段167巷與建國北路1段23巷口,0,0,1,1,C03,7,3,5,30,4,1,1,5,4,5,7,4,4,10,5,5,2,16,1,31,2,9,3,4,7,9,1,10,1,11,,6,6,1,22,9,121.5379751,25.04733736
111,4,6,18,39,2,03中山區,中山區八德路2段167巷與建國北路1段23巷口,0,0,1,2,B03,7,3,5,30,4,1,1,5,4,5,7,4,4,10,5,5,2,16,1,41,3,10,3,4,7,9,1,8,1,8,,23,6,1,22,9,121.5379751,25.04733736
111,4,6,19,12,2,07信義區,信義區莊敬路與松仁路口,0,0,1,1,A02,8,3,5,50,4,1,1,5,4,5,7,1,1,5,4,5,2,12,1,58,3,10,1,1,7,6,1,2,1,2,,9,9,1,22,9,121.5683319,25.02675405
111,4,6,19,12,2,07信義區,信義區莊敬路與松仁路口,0,0,1,2,B01,8,3,5,50,4,1,1,5,4,5,7,1,1,5,4,5,2,12,1,52,3,10,1,1,7,14,1,4,1,8,,38,9,1,22,9,121.5683319,25.02675405
111,4,6,19,12,2,07信義區,信義區莊敬路與松仁路口,0,0,1,3,H02,8,3,5,50,4,1,1,5,4,5,7,1,1,5,4,5,2,12,2,65,2,8,4,5,7,17,8,20,10,16,,67,9,1,22,9,121.5683319,25.02675405
111,4,6,19,13,2,03中山區,中山區中山北路3段與民族西路口,0,0,1,1,C03,8,3,5,50,4,2,1,5,4,5,7,1,1,5,4,5,2,13,1,62,3,10,1,1,7,9,1,10,1,13,,44,44,1,22,9,121.522806,25.0684751
111,4,6,19,13,2,03中山區,中山區中山北路3段與民族西路口,0,0,1,2,C03,8,3,5,50,4,2,1,5,4,5,7,1,1,5,4,5,2,13,1,28,2,9,1,1,7,9,1,9,1,11,,16,44,1,22,9,121.522806,25.0684751
111,4,6,19,20,2,03中山區,中山區長安東路2段與吉林路口,0,0,1,1,C03,7,3,5,50,5,1,1,5,4,5,7,1,1,10,4,5,2,12,1,50,2,8,1,4,7,15,1,10,1,14,,26,26,1,22,9,121.5299631,25.04854718
111,4,6,19,20,2,03中山區,中山區長安東路2段與吉林路口,0,0,1,2,B03,7,3,5,50,5,1,1,5,4,5,7,1,1,10,4,5,2,12,1,42,3,10,1,4,7,9,1,8,1,5,,26,26,1,22,9,121.5299631,25.04854718
111,4,6,19,20,2,03中山區,中山區長安東路2段與吉林路口,0,0,1,3,H02,7,3,5,50,5,1,1,5,4,5,7,1,1,10,4,5,2,12,2,49,3,10,2,5,7,20,8,20,10,16,,67,26,1,22,9,121.5299631,25.04854718
111,4,6,19,55,2,04大安區,大安區仁愛路3段與復興南路1段口,0,0,1,1,B03,7,3,5,50,5,2,1,5,4,5,7,1,1,8,3,5,2,12,1,59,3,10,1,1,7,9,1,8,1,8,,23,23,1,22,9,121.5436118,25.03817373
111,4,6,19,55,2,04大安區,大安區仁愛路3段與復興南路1段口,0,0,1,2,C03,7,3,5,50,5,2,1,5,4,5,7,1,1,8,3,5,2,12,1,60,2,9,1,1,7,3,1,10,1,12,,44,23,1,22,9,121.5436118,25.03817373
111,4,6,20,8,2,08士林區,士林區至誠路2段與至誠路2段51巷口,0,0,1,1,C03,8,3,5,30,3,1,1,5,4,5,7,4,4,5,5,5,1,16,1,72,2,8,1,1,7,11,1,10,1,12,,6,6,1,21,8,121.5281642,25.101528
111,4,6,20,8,2,08士林區,士林區至誠路2段與至誠路2段51巷口,0,0,1,2,C03,8,3,5,30,3,1,1,5,4,5,7,4,4,5,5,5,1,16,1,24,3,10,1,1,7,9,1,10,1,11,,14,6,1,21,8,121.5281642,25.101528
111,4,6,20,16,2,06松山區,松山區南京東路4段與北寧路口,0,0,1,1,C03,8,3,5,50,4,1,1,5,4,5,7,2,1,1,4,5,2,12,1,19,3,10,1,1,7,6,1,10,2,12,,9,9,1,22,9,121.5527285,25.05158805
111,4,6,20,16,2,06松山區,松山區南京東路4段與北寧路口,0,0,1,2,C03,8,3,5,50,4,1,1,5,4,5,7,2,1,1,4,5,2,12,2,59,2,9,1,1,7,9,1,10,2,11,,44,9,1,22,9,121.5527285,25.05158805
111,4,6,20,20,2,11南港區,南港區南港路1段與興華路口,0,0,2,1,B01,8,3,5,50,4,1,1,5,4,5,7,2,1,5,5,5,2,16,1,60,3,10,3,4,7,7,1,4,1,4,,7,7,1,22,9,121.6061996,25.05426089
111,4,6,20,20,2,11南港區,南港區南港路1段與興華路口,0,0,2,2,C03,8,3,5,50,4,1,1,5,4,5,7,2,1,5,5,5,2,16,1,29,2,9,1,1,7,9,1,10,1,12,,44,7,1,22,9,121.6061996,25.05426089
111,4,6,20,20,2,11南港區,南港區南港路1段與興華路口,0,0,2,3,H02,8,3,5,50,4,1,1,5,4,5,7,2,1,5,5,5,2,16,2,24,2,9,4,5,7,20,8,20,10,16,,67,7,1,22,9,121.6061996,25.05426089
111,4,6,20,25,2,11南港區,南港區南港路2段與南港路2段41巷口,0,0,3,1,C03,8,3,5,50,3,1,1,5,4,5,6,2,1,7,2,4,2,17,1,51,2,9,1,4,7,5,1,10,2,12,,6,6,1,22,9,121.6025751,25.0536213
111,4,6,20,25,2,11南港區,南港區南港路2段與南港路2段41巷口,0,0,3,2,C03,8,3,5,50,3,1,1,5,4,5,6,2,1,7,2,4,2,17,1,18,2,9,1,4,7,9,1,10,2,11,,13,6,1,22,9,121.6025751,25.0536213
111,4,6,20,25,2,11南港區,南港區南港路2段與南港路2段41巷口,0,0,3,3,H02,8,3,5,50,3,1,1,5,4,5,6,2,1,7,2,4,2,17,2,25,2,9,1,5,7,21,8,20,10,15,,67,6,1,22,9,121.6025751,25.0536213
111,4,6,20,50,2,12內湖區,內湖區行善路與行忠路口,0,0,1,1,C03,8,3,5,0,4,1,1,5,4,5,7,1,1,5,5,5,2,16,2,52,4,11,3,4,7,5,7,19,11,15,,8,8,2,22,9,121.5856003,25.06633846
111,4,6,20,50,2,12內湖區,內湖區行善路與行忠路口,0,0,1,2,C03,8,3,5,0,4,1,1,5,4,5,7,1,1,5,5,5,2,16,1,37,2,7,1,1,7,9,1,10,1,12,,44,8,1,22,9,121.5856003,25.06633846
111,4,6,21,48,2,07信義區,(吳興街486號前),0,0,3,1,C03,7,3,5,50,14,9,1,5,4,5,7,3,1,8,3,5,2,16,1,41,2,7,1,4,7,5,1,10,2,11,,6,6,1,22,9,121.5697761,25.02340182
111,4,6,21,48,2,07信義區,(吳興街486號前),0,0,3,2,C03,7,3,5,50,14,9,1,5,4,5,7,3,1,8,3,5,2,16,1,44,2,9,3,4,7,9,1,10,2,14,,44,6,1,22,9,121.5697761,25.02340182
111,4,6,21,48,2,07信義區,(吳興街486號前),0,0,3,3,H02,7,3,5,50,14,9,1,5,4,5,7,3,1,8,3,5,2,16,2,46,2,9,4,5,7,20,8,20,10,15,,67,6,1,22,9,121.5697761,25.02340182
111,4,6,21,56,2,05中正區,中正區忠孝東路1段與中山南路口,0,0,1,1,C03,7,3,5,0,14,9,1,5,4,5,7,1,1,10,3,5,2,13,2,37,2,8,1,1,7,9,1,10,1,11,,16,16,1,22,9,121.519701,25.04547867
111,4,6,21,56,2,05中正區,中正區忠孝東路1段與中山南路口,0,0,1,2,C03,7,3,5,0,14,9,1,5,4,5,7,1,1,10,3,5,2,13,2,19,3,10,1,1,7,14,1,10,1,13,,44,16,1,22,9,121.519701,25.04547867