發生年度,發生月,發生日,發生時-Hours,發生分,處理別-編號,區序,肇事地點,死亡人數,2-30日死亡人數,受傷人數,當事人序號,車種,天候,光線,道路類別,速限-速度限制,道路型態,事故位置,路面狀況1,路面狀況2,路面狀況3,道路障礙1,道路障礙2,號誌1,號誌2,車道劃分-分向,車道劃分-分道1,車道劃分-分道2,車道劃分-分道3,事故類型及型態,性別,年齡,受傷程度,主要傷處,安全帽,行動電話,車輛用途,當事者行動狀態,駕駛資格情形,駕駛執照種類,飲酒情形,車輛撞擊部位1,車輛撞擊部位2,肇因碼-個別,肇因碼-主要,個人肇逃否,職業,旅次目的,座標-X,座標-Y
111,4,6,22,0,2,02萬華區,萬華區東園街35巷與東園街口,0,0,2,1,C03,8,3,5,50,3,1,1,5,4,5,7,2,1,10,5,5,1,15,1,53,2,9,1,4,7,14,1,10,1,11,,6,6,1,22,9,121.4957742,25.02745678
111,4,6,22,0,2,02萬華區,萬華區東園街35巷與東園街口,0,0,2,2,C03,8,3,5,50,3,1,1,5,4,5,7,2,1,10,5,5,1,15,2,19,2,9,1,4,7,9,1,10,1,14,,13,6,1,22,9,121.4957742,25.02745678
111,4,6,22,26,2,02萬華區,萬華區西園路2段138號,0,0,3,1,C03,7,3,5,50,14,9,1,5,4,5,7,2,1,1,4,5,2,12,2,46,3,10,1,1,7,7,4,11,1,14,,7,7,1,22,9,121.4963378,25.03032613
111,4,6,22,26,2,02萬華區,萬華區西園路2段138號,0,0,3,2,C03,7,3,5,50,14,9,1,5,4,5,7,2,1,1,4,5,2,12,1,19,2,9,1,1,7,9,1,10,1,12,,13,7,1,22,9,121.4963378,25.03032613
111,4,6,22,26,2,02萬華區,萬華區西園路2段138號,0,0,3,3,H02,7,3,5,50,14,9,1,5,4,5,7,2,1,1,4,5,2,12,2,16,2,8,4,5,7,21,8,20,10,16,,67,7,1,22,9,121.4963378,25.03032613
111,4,6,22,26,2,02萬華區,萬華區西園路2段138號,0,0,3,4,H02,7,3,5,50,14,9,1,5,4,5,7,2,1,1,4,5,2,12,2,19,2,9,4,5,7,21,8,20,10,16,,67,7,1,22,9,121.4963378,25.03032613
111,4,6,22,40,2,07信義區,信義區永吉路142號,0,0,1,1,B03,7,3,5,50,14,9,1,5,4,5,7,2,1,1,4,5,2,12,1,50,3,10,1,1,7,9,1,8,1,2,,17,17,1,22,9,121.5708462,25.0454962
111,4,6,22,40,2,07信義區,信義區永吉路142號,0,0,1,2,C03,7,3,5,50,14,9,1,5,4,5,7,2,1,1,4,5,2,12,2,34,2,9,1,1,7,9,1,10,1,14,,17,17,1,22,9,121.5708462,25.0454962
111,4,6,22,47,2,05中正區,中正區忠孝東路1段與林森北路口,0,0,1,1,C03,8,3,5,50,4,2,1,5,4,5,7,1,1,10,3,5,2,13,1,25,2,8,1,1,7,9,1,10,2,11,,23,23,1,22,9,121.5216527,25.0452974
111,4,6,22,47,2,05中正區,中正區忠孝東路1段與林森北路口,0,0,1,2,C03,8,3,5,50,4,2,1,5,4,5,7,1,1,10,3,5,2,13,2,54,3,10,1,1,7,12,1,10,2,13,,44,23,1,22,9,121.5216527,25.0452974
111,4,6,23,6,2,01大同區,大同區延平北路2段186號,0,0,2,1,B03,8,3,5,50,14,9,1,5,4,5,7,4,4,5,5,5,2,16,1,23,3,10,1,1,7,8,1,8,2,2,,7,7,1,22,9,121.5114496,25.05870599
111,4,6,23,6,2,01大同區,大同區延平北路2段186號,0,0,2,2,C03,8,3,5,50,14,9,1,5,4,5,7,4,4,5,5,5,2,16,2,39,2,9,1,1,7,9,1,10,2,14,,44,7,1,22,9,121.5114496,25.05870599
111,4,6,23,6,2,01大同區,大同區延平北路2段186號,0,0,2,3,H02,8,3,5,50,14,9,1,5,4,5,7,4,4,5,5,5,2,16,2,43,2,8,4,5,7,21,8,20,10,16,,67,7,1,22,9,121.5114496,25.05870599
111,4,6,23,45,2,05中正區,中正區羅斯福路1段與林森南路口,0,0,2,1,C03,8,3,5,30,4,1,1,5,4,5,7,1,1,10,4,4,2,17,1,25,2,9,1,1,7,5,1,10,1,14,,8,8,1,22,9,121.5180677,25.032954
111,4,6,23,45,2,05中正區,中正區羅斯福路1段與林森南路口,0,0,2,2,C03,8,3,5,30,4,1,1,5,4,5,7,1,1,10,4,4,2,17,1,23,2,9,1,1,7,9,1,10,1,11,,13,8,1,22,9,121.5180677,25.032954
111,4,6,23,45,2,05中正區,中正區羅斯福路1段與林森南路口,0,0,2,3,H02,8,3,5,30,4,1,1,5,4,5,7,1,1,10,4,4,2,17,1,29,4,11,1,5,7,20,8,20,10,16,,67,8,1,22,9,121.5180677,25.032954
111,4,6,23,46,2,08士林區,士林區東山路25巷313燈桿,0,0,1,1,B03,8,3,5,30,11,9,1,5,4,5,7,4,4,10,5,5,1,10,1,42,3,10,3,4,7,9,1,8,1,8,,5,5,1,22,9,121.5396077,25.11754672
111,4,6,23,46,2,08士林區,士林區東山路25巷313燈桿,0,0,1,2,C03,8,3,5,30,11,9,1,5,4,5,7,4,4,10,5,5,1,10,1,19,2,8,3,4,7,9,1,10,1,11,,23,5,1,22,9,121.5396077,25.11754672
111,4,7,0,5,2,03中山區,中山區長安東路2段38號,0,0,1,1,C04,7,3,5,50,14,9,1,5,4,5,7,2,1,9,4,5,2,13,1,21,2,1,3,2,7,9,1,10,1,11,,23,23,1,22,9,121.5315193,25.04843678
111,4,7,0,5,2,03中山區,中山區長安東路2段38號,0,0,1,2,B03,7,3,5,50,14,9,1,5,4,5,7,2,1,9,4,5,2,13,1,21,3,10,3,4,7,13,1,8,1,7,,38,23,1,22,9,121.5315193,25.04843678
111,4,7,4,29,2,03中山區,中山區龍江路與合江街105巷口,0,0,1,1,B03,7,3,5,30,4,1,1,5,4,5,7,4,4,9,5,5,2,16,2,39,3,10,3,4,7,5,1,8,1,1,,6,6,1,22,9,121.5407179,25.05985245
111,4,7,4,29,2,03中山區,中山區龍江路與合江街105巷口,0,0,1,2,C03,7,3,5,30,4,1,1,5,4,5,7,4,4,9,5,5,2,16,2,60,2,9,3,4,7,9,1,10,1,12,,14,6,1,22,9,121.5407179,25.05985245
111,4,7,6,50,2,05中正區,中正區同安街與汀州路2段口,0,0,1,1,C03,8,1,5,30,4,2,1,5,4,5,7,1,1,5,4,5,2,17,2,39,3,10,2,1,7,5,1,10,11,14,,8,8,1,22,9,121.5217649,25.02413503
111,4,7,6,50,2,05中正區,中正區同安街與汀州路2段口,0,0,1,2,C03,8,1,5,30,4,2,1,5,4,5,7,1,1,5,4,5,2,17,2,25,2,9,1,1,7,9,1,10,11,11,,44,8,1,22,9,121.5217649,25.02413503
111,4,7,6,55,2,12內湖區,內湖區成功路2段320巷與成功路2段320巷口無名巷,0,0,1,1,B03,7,1,5,30,3,1,1,5,4,5,7,4,4,10,5,5,2,16,2,54,3,10,1,1,7,5,1,8,1,2,,6,6,1,22,9,121.5882857,25.06764482
111,4,7,6,55,2,12內湖區,內湖區成功路2段320巷與成功路2段320巷口無名巷,0,0,1,2,C03,7,1,5,30,3,1,1,5,4,5,7,4,4,10,5,5,2,16,1,50,2,8,1,1,7,9,1,10,1,11,,13,6,1,22,9,121.5882857,25.06764482
111,4,7,7,34,2,06松山區,松山區民生東路4段71號,0,0,1,1,A02,8,1,5,50,14,9,1,5,4,5,7,4,4,1,4,5,2,13,1,38,3,10,1,4,7,7,1,2,1,1,,17,17,1,22,9,121.5510979,25.05795507
111,4,7,7,34,2,06松山區,松山區民生東路4段71號,0,0,1,2,B01,8,1,5,50,14,9,1,5,4,5,7,4,4,1,4,5,2,13,1,49,2,3,1,4,7,7,1,4,1,3,,44,17,1,22,9,121.5510979,25.05795507
111,4,7,7,45,2,10文山區,文山區興隆路4段109巷與興隆路4段109巷32弄口,0,0,1,1,A02,8,1,5,50,4,2,1,5,4,5,7,1,1,9,4,5,1,17,1,49,3,10,1,1,7,5,1,2,9,2,,44,44,1,22,9,121.5626684,24.98672723
111,4,7,7,45,2,10文山區,文山區興隆路4段109巷與興隆路4段109巷32弄口,0,0,1,2,C02,8,1,5,50,4,2,1,5,4,5,7,1,1,9,4,5,1,17,1,19,2,7,1,1,7,9,4,9,9,11,,25,44,1,22,9,121.5626684,24.98672723
111,4,7,8,0,2,03中山區,中山區建國北路2段與興安街口,0,0,1,1,C03,8,1,5,50,4,2,1,5,4,5,7,1,1,10,4,5,1,17,1,27,2,8,1,1,7,7,1,10,1,14,,7,7,1,22,9,121.5370466,25.05617542
111,4,7,8,0,2,03中山區,中山區建國北路2段與興安街口,0,0,1,2,A04,8,1,5,50,4,2,1,5,4,5,7,1,1,10,4,5,1,17,1,42,3,10,1,1,7,9,1,2,1,2,,13,7,1,22,9,121.5370466,25.05617542
111,4,7,8,10,2,04大安區,大安區羅斯福路2段與羅斯福路2段101巷口,0,0,1,1,B01,7,1,5,50,3,1,1,5,4,3,5,4,4,1,4,5,2,16,1,63,3,10,1,1,7,8,1,4,1,3,,7,7,1,22,9,121.5243632,25.02469546
111,4,7,8,10,2,04大安區,大安區羅斯福路2段與羅斯福路2段101巷口,0,0,1,2,C03,7,1,5,50,3,1,1,5,4,3,5,4,4,1,4,5,2,16,1,45,2,9,1,1,7,12,1,10,1,11,,23,7,1,22,9,121.5243632,25.02469546
111,4,7,8,12,2,03中山區,中山區長安東路1段36號,0,0,2,1,B03,8,1,5,50,14,9,1,5,4,5,7,4,4,5,4,5,2,16,1,38,3,10,3,4,7,5,1,8,1,15,,26,26,1,22,9,121.5265479,25.0486822
111,4,7,8,12,2,03中山區,中山區長安東路1段36號,0,0,2,2,B03,8,1,5,50,14,9,1,5,4,5,7,4,4,5,4,5,2,16,1,51,3,10,3,4,7,9,1,8,1,15,,44,26,1,22,9,121.5265479,25.0486822
111,4,7,8,12,2,03中山區,中山區長安東路1段36號,0,0,2,3,C03,8,1,5,50,14,9,1,5,4,5,7,4,4,5,4,5,2,16,2,27,2,9,1,1,7,10,1,10,1,13,,7,26,1,22,9,121.5265479,25.0486822
111,4,7,8,12,2,03中山區,中山區長安東路1段36號,0,0,2,4,C03,8,1,5,50,14,9,1,5,4,5,7,4,4,5,4,5,2,16,1,35,2,9,1,1,7,9,1,10,1,11,,44,26,1,22,9,121.5265479,25.0486822
111,4,7,8,29,2,09北投區,北投區育仁路53號,0,0,1,1,C03,6,1,5,30,14,9,1,4,4,5,7,4,4,10,5,5,1,29,2,69,2,9,1,1,7,9,1,10,1,12,,42,42,1,22,9,121.4981132,25.13354741
111,4,7,8,29,2,09北投區,北投區育仁路53號,0,0,1,2,,6,1,5,30,14,9,1,4,4,5,7,4,4,10,5,5,1,29,3,,,,,,,,,,10,,,60,42,1,,,121.4981132,25.13354741
111,4,7,8,29,2,09北投區,北投區育仁路53號,0,0,1,3,C03,6,1,5,30,14,9,1,4,4,5,7,4,4,10,5,5,1,29,3,,,,,,,,,,,,,67,42,1,,,121.4981132,25.13354741
111,4,7,8,29,2,09北投區,北投區育仁路53號,0,0,1,4,C04,6,1,5,30,14,9,1,4,4,5,7,4,4,10,5,5,1,29,3,,,,,,,,,,11,,,67,42,1,,,121.4981132,25.13354741
111,4,7,8,29,2,09北投區,北投區育仁路53號,0,0,1,5,C03,6,1,5,30,14,9,1,4,4,5,7,4,4,10,5,5,1,29,3,,,,,,,,,,,,,67,42,1,,,121.4981132,25.13354741
111,4,7,8,29,2,09北投區,北投區育仁路53號,0,0,1,6,C03,6,1,5,30,14,9,1,4,4,5,7,4,4,10,5,5,1,29,3,,,,,,,,,,,,,67,42,1,,,121.4981132,25.13354741
111,4,7,8,29,2,09北投區,北投區育仁路53號,0,0,1,7,C03,6,1,5,30,14,9,1,4,4,5,7,4,4,10,5,5,1,29,3,,,,,,,,,,,,,67,42,1,,,121.4981132,25.13354741
111,4,7,8,29,2,09北投區,北投區育仁路53號,0,0,1,8,C03,6,1,5,30,14,9,1,4,4,5,7,4,4,10,5,5,1,29,3,,,,,,,,,,,,,67,42,1,,,121.4981132,25.13354741
111,4,7,8,39,2,08士林區,士林區德行東路與德行東路90巷口,0,0,2,1,C03,8,1,5,50,4,2,1,5,4,5,7,4,4,9,5,5,1,17,2,52,2,8,1,1,7,5,1,10,2,11,,6,6,1,22,9,121.5278767,25.10750756
111,4,7,8,39,2,08士林區,士林區德行東路與德行東路90巷口,0,0,2,2,C03,8,1,5,50,4,2,1,5,4,5,7,4,4,9,5,5,1,17,2,50,2,9,1,1,7,9,4,11,2,14,,23,6,1,22,9,121.5278767,25.10750756
111,4,7,8,47,2,10文山區,文山區興隆路2段95巷與景豐街48巷口,0,0,1,1,C03,8,1,5,30,4,1,1,5,4,5,7,4,4,9,5,5,2,17,1,42,3,10,1,1,7,9,1,10,2,12,,14,14,1,22,9,121.5466319,25.00030942
111,4,7,8,47,2,10文山區,文山區興隆路2段95巷與景豐街48巷口,0,0,1,2,G06,8,1,5,30,4,1,1,5,4,5,7,4,4,9,5,5,2,17,1,79,2,9,4,4,7,7,7,19,2,15,,7,14,1,22,9,121.5466319,25.00030942
111,4,7,8,49,2,02萬華區,萬華區忠孝橋往台北市下橋處,0,0,1,1,C03,7,1,5,50,8,9,1,5,4,5,7,4,4,10,4,5,2,12,2,24,2,9,1,1,7,7,1,10,1,14,,7,7,1,22,9,121.5066584,25.0488409
111,4,7,8,49,2,02萬華區,萬華區忠孝橋往台北市下橋處,0,0,1,2,B12,7,1,5,50,8,9,1,5,4,5,7,4,4,10,4,5,2,12,1,37,3,10,1,1,7,9,1,8,1,2,,44,7,1,22,9,121.5066584,25.0488409
111,4,7,8,51,2,04大安區,大安區忠孝東路4段276號,0,0,1,1,C03,8,1,5,50,14,9,1,5,4,5,7,4,4,1,4,5,2,12,1,40,2,8,1,1,7,9,1,10,2,14,,44,44,1,21,8,121.5550787,25.04127317
111,4,7,8,51,2,04大安區,大安區忠孝東路4段276號,0,0,1,2,B03,8,1,5,50,14,9,1,5,4,5,7,4,4,1,4,5,2,12,1,54,3,10,1,1,7,8,1,8,3,2,,7,44,1,21,8,121.5550787,25.04127317
111,4,7,8,59,2,07信義區,信義區信義路5段106號,0,0,2,1,B01,8,1,5,50,14,9,1,5,4,5,7,4,4,10,5,5,2,17,1,69,2,9,1,1,7,15,1,4,1,1,,42,42,1,22,9,121.5669868,25.03277423
111,4,7,8,59,2,07信義區,信義區信義路5段106號,0,0,2,2,B12,8,1,5,50,14,9,1,5,4,5,7,4,4,10,5,5,2,17,1,58,2,2,1,1,7,14,1,8,1,3,,44,42,1,22,9,121.5669868,25.03277423
111,4,7,9,20,2,04大安區,大安區仁愛路4段與仁愛路4段266巷口,0,0,2,1,F01,7,1,5,50,4,1,1,5,4,5,7,1,1,10,5,5,2,15,2,33,2,8,1,1,7,9,8,20,1,16,,25,25,1,22,9,121.5528665,25.0376055
111,4,7,9,20,2,04大安區,大安區仁愛路4段與仁愛路4段266巷口,0,0,2,2,B03,7,1,5,50,4,1,1,5,4,5,7,1,1,10,5,5,2,15,2,26,3,10,1,1,7,9,1,8,1,1,,23,25,1,22,9,121.5528665,25.0376055
111,4,7,9,20,2,04大安區,大安區仁愛路4段與仁愛路4段266巷口,0,0,2,3,H02,7,1,5,50,4,1,1,5,4,5,7,1,1,10,5,5,2,15,2,5,2,1,4,5,7,20,8,20,10,16,,67,25,1,22,9,121.5528665,25.0376055
111,4,7,9,35,2,12內湖區,內湖區康寧路3段與安康路口,0,0,1,1,C03,8,1,5,30,5,2,1,5,4,5,7,1,1,5,4,5,2,18,2,27,2,9,1,1,7,5,1,10,1,14,,43,43,1,22,9,121.6108209,25.06562042
111,4,7,9,35,2,12內湖區,內湖區康寧路3段與安康路口,0,0,1,2,,8,1,5,30,5,2,1,5,4,5,7,1,1,5,4,5,2,18,3,,,,,,,,,,,,,67,43,1,,,121.6108209,25.06562042
111,4,7,10,4,2,10文山區,文山區萬芳路266停車格,0,0,1,1,B03,7,1,5,50,14,9,1,5,4,5,7,4,4,5,4,5,2,17,1,71,3,10,1,1,7,1,3,18,2,7,,19,19,1,22,9,121.5616965,24.9971861
111,4,7,10,4,2,10文山區,文山區萬芳路266停車格,0,0,1,2,C03,7,1,5,50,14,9,1,5,4,5,7,4,4,5,4,5,2,17,1,44,2,9,1,1,7,9,1,10,2,12,,13,19,1,22,9,121.5616965,24.9971861
111,4,7,10,17,2,05中正區,中正區鄭州路與承德路1段口,0,0,3,1,B03,8,1,5,40,5,1,1,5,4,5,7,1,1,1,4,5,1,12,1,41,3,10,1,1,7,7,1,8,2,4,,7,7,1,22,9,121.5163575,25.04869008
111,4,7,10,17,2,05中正區,中正區鄭州路與承德路1段口,0,0,3,2,C03,8,1,5,40,5,1,1,5,4,5,7,1,1,1,4,5,1,12,1,45,2,9,1,1,7,9,1,10,2,14,,16,7,1,22,9,121.5163575,25.04869008
111,4,7,10,17,2,05中正區,中正區鄭州路與承德路1段口,0,0,3,3,C03,8,1,5,40,5,1,1,5,4,5,7,1,1,1,4,5,1,12,1,33,2,3,1,1,7,9,1,10,2,12,,23,7,1,22,9,121.5163575,25.04869008
111,4,7,10,17,2,05中正區,中正區鄭州路與承德路1段口,0,0,3,4,C03,8,1,5,40,5,1,1,5,4,5,7,1,1,1,4,5,1,12,1,20,2,5,1,1,7,9,3,18,2,12,,16,7,1,22,9,121.5163575,25.04869008
111,4,7,10,30,2,04大安區,大安區光復南路與光復南路456巷口,0,0,1,1,B01,7,1,5,50,4,2,1,5,4,3,5,1,1,5,5,5,2,13,1,60,3,10,1,1,7,1,1,4,1,5,,23,23,1,22,9,121.5573864,25.03537292
111,4,7,10,30,2,04大安區,大安區光復南路與光復南路456巷口,0,0,1,2,C04,7,1,5,50,4,2,1,5,4,3,5,1,1,5,5,5,2,13,2,72,2,9,1,1,7,1,1,11,1,13,,44,23,1,22,9,121.5573864,25.03537292
111,4,7,10,45,2,03中山區,中山區長安東路2段與建國北路1段口,0,0,1,1,B03,8,1,5,50,4,2,1,5,4,5,7,1,1,5,4,5,2,9,1,54,3,10,1,1,7,5,1,8,2,1,,43,43,1,22,9,121.5368715,25.04841582
111,4,7,10,45,2,03中山區,中山區長安東路2段與建國北路1段口,0,0,1,2,H01,8,1,5,50,4,2,1,5,4,5,7,1,1,5,4,5,2,9,2,63,2,9,4,5,8,20,8,20,2,16,,67,43,1,22,9,121.5368715,25.04841582
111,4,7,10,51,2,05中正區,中正區市民大道2段與金山北路口,0,0,1,1,C03,7,1,5,50,4,1,1,5,4,5,7,1,1,9,4,5,2,17,1,31,2,9,1,1,7,9,1,10,2,12,,6,6,1,22,9,121.5305809,25.04607533
111,4,7,10,51,2,05中正區,中正區市民大道2段與金山北路口,0,0,1,2,E01,7,1,5,50,4,1,1,5,4,5,7,1,1,9,4,5,2,17,2,21,3,10,1,1,7,9,1,4,2,1,,23,6,1,22,9,121.5305809,25.04607533
111,4,7,11,13,2,04大安區,大安區忠孝東路3段152號,0,0,1,1,C03,8,1,5,50,14,9,1,5,4,3,7,4,4,1,4,5,2,12,1,28,2,8,1,1,7,1,6,18,1,14,,19,19,1,22,9,121.53813,25.04159948
111,4,7,11,13,2,04大安區,大安區忠孝東路3段152號,0,0,1,2,A02,8,1,5,50,14,9,1,5,4,3,7,4,4,1,4,5,2,12,1,45,3,10,1,1,7,8,1,2,1,6,,7,19,1,22,9,121.53813,25.04159948
111,4,7,11,13,2,04大安區,大安區忠孝東路3段152號,0,0,1,3,B01,8,1,5,50,14,9,1,5,4,3,7,4,4,1,4,5,2,12,1,38,3,10,1,1,7,14,1,8,1,8,,26,19,1,22,9,121.53813,25.04159948
111,4,7,11,20,2,05中正區,中正區羅斯福路1段與南海路口口,0,0,2,1,B02,8,1,5,30,5,1,1,5,4,1,7,1,1,10,4,5,1,2,1,42,3,10,1,1,7,5,1,8,2,1,,15,15,1,22,9,121.5182471,25.03283133
111,4,7,11,20,2,05中正區,中正區羅斯福路1段與南海路口口,0,0,2,2,H01,8,1,5,30,5,1,1,5,4,1,7,1,1,10,4,5,1,2,2,51,2,9,4,5,8,16,8,20,10,16,,67,15,1,22,9,121.5182471,25.03283133
111,4,7,11,20,2,05中正區,中正區羅斯福路1段與南海路口口,0,0,2,3,H01,8,1,5,30,5,1,1,5,4,1,7,1,1,10,4,5,1,2,2,83,2,9,4,5,8,16,8,20,10,16,,67,15,1,22,9,121.5182471,25.03283133
111,4,7,11,30,2,03中山區,中山區中山北路4段與圓山涵洞口上新生高架匝道,0,0,1,1,B03,8,1,5,50,4,1,1,5,4,5,7,1,1,1,1,2,2,15,1,67,3,10,3,4,7,9,1,8,1,2,,44,44,1,22,9,121.5250318,25.07672416
111,4,7,11,30,2,03中山區,中山區中山北路4段與圓山涵洞口上新生高架匝道,0,0,1,2,C03,8,1,5,50,4,1,1,5,4,5,7,1,1,1,1,2,2,15,1,19,2,9,1,4,7,9,3,18,1,11,,25,44,1,22,9,121.5250318,25.07672416
111,4,7,11,30,2,12內湖區,(公車站瑞光路393巷),0,0,1,1,C03,7,1,5,50,14,9,1,5,4,3,7,4,4,5,5,5,2,17,1,53,2,8,1,1,7,7,1,10,1,12,,7,7,1,22,9,121.5730518,25.0779057
111,4,7,11,30,2,12內湖區,(公車站瑞光路393巷),0,0,1,2,B01,7,1,5,50,14,9,1,5,4,3,7,4,4,5,5,5,2,17,1,58,3,10,1,1,7,9,1,4,1,1,,23,7,1,22,9,121.5730518,25.0779057
111,4,7,11,30,2,12內湖區,(公車站瑞光路393巷),0,0,1,3,C03,7,1,5,50,14,9,1,5,4,3,7,4,4,5,5,5,2,17,1,41,3,10,1,1,7,9,1,10,9,12,,44,7,1,22,9,121.5730518,25.0779057
111,4,7,11,30,2,12內湖區,(公車站瑞光路393巷),0,0,1,4,B11,7,1,5,50,14,9,1,5,4,3,7,4,4,5,5,5,2,17,1,63,3,10,3,4,7,13,1,3,9,15,,38,7,1,22,9,121.5730518,25.0779057
111,4,7,12,16,2,02萬華區,萬華區艋舺大道與康定路口,0,0,2,1,B03,8,1,5,50,4,2,1,5,4,5,7,1,1,1,4,5,2,13,2,42,2,1,1,1,7,9,1,8,1,1,,23,23,1,22,9,121.5006393,25.03303831
111,4,7,12,16,2,02萬華區,萬華區艋舺大道與康定路口,0,0,2,2,B03,8,1,5,50,4,2,1,5,4,5,7,1,1,1,4,5,2,13,1,63,3,10,1,1,7,9,1,8,1,3,,44,23,1,22,9,121.5006393,25.03303831
111,4,7,12,16,2,02萬華區,萬華區艋舺大道與康定路口,0,0,2,3,B03,8,1,5,50,4,2,1,5,4,5,7,1,1,1,4,5,2,13,1,47,2,7,1,1,7,9,1,8,1,1,,23,23,1,22,9,121.5006393,25.03303831
111,4,7,12,25,2,02萬華區,萬華區萬大路423巷8號斜對面,0,0,1,1,C03,8,1,5,50,14,9,1,5,4,5,7,1,1,5,5,5,2,16,1,58,2,9,1,1,7,7,1,10,2,14,,17,17,1,22,9,121.4989762,25.02147664
111,4,7,12,25,2,02萬華區,萬華區萬大路423巷8號斜對面,0,0,1,2,B03,8,1,5,50,14,9,1,5,4,5,7,1,1,5,5,5,2,16,2,29,3,10,1,1,7,9,1,8,2,5,,44,17,1,22,9,121.4989762,25.02147664
111,4,7,12,28,2,09北投區,北投區大度路3段與立功街口,0,0,2,1,A12,8,1,5,60,3,1,1,5,4,5,7,3,1,9,4,5,2,16,1,34,3,10,1,1,7,8,1,1,1,6,,7,7,1,22,9,121.4677544,25.1233369
111,4,7,12,28,2,09北投區,北投區大度路3段與立功街口,0,0,2,2,C03,8,1,5,60,3,1,1,5,4,5,7,3,1,9,4,5,2,16,1,19,2,9,1,1,7,9,1,10,1,14,,14,7,1,22,9,121.4677544,25.1233369
111,4,7,12,28,2,09北投區,北投區大度路3段與立功街口,0,0,2,3,H02,8,1,5,60,3,1,1,5,4,5,7,3,1,9,4,5,2,16,2,18,2,9,1,5,7,21,8,20,10,16,,67,7,1,22,9,121.4677544,25.1233369
111,4,7,12,31,2,09北投區,北投區立農街1段316號與吉利街123巷8弄口,0,0,2,1,C03,8,1,5,30,4,1,1,5,4,5,7,4,4,9,5,5,2,15,2,19,2,9,1,1,7,9,1,10,1,11,,6,6,1,22,9,121.505551,25.12035237
111,4,7,12,31,2,09北投區,北投區立農街1段316號與吉利街123巷8弄口,0,0,2,2,C03,8,1,5,30,4,1,1,5,4,5,7,4,4,9,5,5,2,15,1,20,2,9,1,1,7,9,1,10,1,14,,44,6,1,22,9,121.505551,25.12035237
111,4,7,13,0,2,08士林區,士林區大南路與福港街口,0,0,1,1,B12,8,1,5,50,4,2,1,5,4,5,7,1,1,5,5,5,2,13,1,70,3,10,3,4,7,9,1,8,1,1,,23,23,1,22,9,121.5180446,25.08893164
111,4,7,13,0,2,08士林區,士林區大南路與福港街口,0,0,1,2,C03,8,1,5,50,4,2,1,5,4,5,7,1,1,5,5,5,2,13,1,29,2,9,3,4,7,14,1,10,1,13,,44,23,1,22,9,121.5180446,25.08893164
111,4,7,13,16,2,03中山區,中山區民權東路1段70巷18號,0,0,2,1,C03,7,1,5,30,14,9,1,5,4,5,7,4,4,10,5,5,1,12,2,67,2,8,3,4,7,9,1,10,1,14,,44,44,1,22,9,121.525051,25.06201998
111,4,7,13,16,2,03中山區,中山區民權東路1段70巷18號,0,0,2,2,C02,7,1,5,30,14,9,1,5,4,5,7,4,4,10,5,5,1,12,1,54,2,7,3,4,7,8,1,9,1,12,,7,44,1,22,9,121.525051,25.06201998
111,4,7,13,42,2,12內湖區,內湖區內湖路2段與內湖路2段376巷口,0,0,2,1,C04,8,1,5,30,3,1,1,5,4,5,7,4,4,10,5,5,2,16,1,41,2,7,1,1,7,5,1,9,1,14,,6,6,1,22,9,121.591131,25.08265734
111,4,7,13,42,2,12內湖區,內湖區內湖路2段與內湖路2段376巷口,0,0,2,2,C03,8,1,5,30,3,1,1,5,4,5,7,4,4,10,5,5,2,16,1,51,2,8,1,1,7,9,1,10,1,11,,13,6,1,22,9,121.591131,25.08265734
111,4,7,14,16,2,03中山區,中山區松江路與長春路口,0,0,1,1,B01,8,1,5,50,4,2,1,5,4,5,7,1,1,1,4,5,2,16,1,64,3,10,3,4,7,8,1,4,1,6,,7,7,1,22,9,121.5332177,25.05491904
111,4,7,14,16,2,03中山區,中山區松江路與長春路口,0,0,1,2,C03,8,1,5,50,4,2,1,5,4,5,7,1,1,1,4,5,2,16,2,39,2,9,1,4,7,9,1,10,1,12,,23,7,1,22,9,121.5332177,25.05491904
111,4,7,14,17,2,03中山區,中山區五常街53巷與五常街口,0,0,1,1,B03,7,1,5,50,14,20,2,5,4,5,7,1,1,9,5,5,2,17,2,44,4,11,3,4,7,1,7,19,11,15,,19,19,2,22,9,121.5396254,25.0643453
111,4,7,14,17,2,03中山區,中山區五常街53巷與五常街口,0,0,1,2,F01,7,1,5,50,14,20,2,5,4,5,7,1,1,9,5,5,2,17,1,25,2,8,1,1,7,12,8,20,1,16,,42,19,1,22,9,121.5396254,25.0643453
111,4,7,14,23,2,03中山區,中山區長春路與伊通街口,0,0,1,1,B03,8,1,5,50,3,1,1,5,4,5,7,1,1,4,3,5,1,3,1,57,3,10,1,1,7,5,1,8,1,1,,15,15,1,22,9,121.5348035,25.0548133
111,4,7,14,23,2,03中山區,中山區長春路與伊通街口,0,0,1,2,H01,8,1,5,50,3,1,1,5,4,5,7,1,1,4,3,5,1,3,2,45,2,9,4,5,8,16,8,20,10,16,,67,15,1,22,9,121.5348035,25.0548133
111,4,7,14,30,2,10文山區,文山區景興路42巷與景興路42巷8弄口,0,0,1,1,B01,8,1,5,30,4,1,1,5,4,5,7,4,4,10,5,5,2,15,1,22,3,10,1,1,7,9,1,4,2,4,,6,6,1,22,9,121.5427955,24.9969238
111,4,7,14,30,2,10文山區,文山區景興路42巷與景興路42巷8弄口,0,0,1,2,C03,8,1,5,30,4,1,1,5,4,5,7,4,4,10,5,5,2,15,2,47,2,9,1,1,7,9,1,10,2,11,,23,6,1,22,9,121.5427955,24.9969238