發生年度,發生月,發生日,發生時-Hours,發生分,處理別-編號,區序,肇事地點,死亡人數,2-30日死亡人數,受傷人數,當事人序號,車種,天候,光線,道路類別,速限-速度限制,道路型態,事故位置,路面狀況1,路面狀況2,路面狀況3,道路障礙1,道路障礙2,號誌1,號誌2,車道劃分-分向,車道劃分-分道1,車道劃分-分道2,車道劃分-分道3,事故類型及型態,性別,年齡,受傷程度,主要傷處,安全帽,行動電話,車輛用途,當事者行動狀態,駕駛資格情形,駕駛執照種類,飲酒情形,車輛撞擊部位1,車輛撞擊部位2,肇因碼-個別,肇因碼-主要,個人肇逃否,職業,旅次目的,座標-X,座標-Y
111,4,7,14,55,2,12內湖區,內湖區內湖路3段256巷4號附近側附近,0,0,1,1,B02,7,1,5,30,11,9,1,5,4,5,1,4,4,10,5,5,2,11,1,63,3,10,1,1,7,6,1,8,1,4,,44,44,1,22,9,121.5854074,25.09196309
111,4,7,14,55,2,12內湖區,內湖區內湖路3段256巷4號附近側附近,0,0,1,2,C03,7,1,5,30,11,9,1,5,4,5,1,4,4,10,5,5,2,11,1,53,3,10,1,1,7,5,1,10,1,14,,5,44,1,22,9,121.5854074,25.09196309
111,4,7,14,55,2,12內湖區,內湖區內湖路3段256巷4號附近側附近,0,0,1,3,H02,7,1,5,30,11,9,1,5,4,5,1,4,4,10,5,5,2,11,2,50,2,8,4,5,7,21,8,20,10,16,,67,44,1,22,9,121.5854074,25.09196309
111,4,7,15,20,2,09北投區,北投區承德路7段384號與承德路7段口,0,0,2,1,C03,8,1,5,50,3,2,1,5,4,5,7,4,4,1,4,5,2,12,2,55,2,9,1,1,7,6,1,10,1,14,,43,43,1,22,9,121.5019536,25.11930104
111,4,7,15,20,2,09北投區,北投區承德路7段384號與承德路7段口,0,0,2,2,B03,8,1,5,50,3,2,1,5,4,5,7,4,4,1,4,5,2,12,1,62,3,10,1,1,7,9,3,18,1,5,,43,43,1,22,9,121.5019536,25.11930104
111,4,7,15,20,2,09北投區,北投區承德路7段384號與承德路7段口,0,0,2,3,H02,8,1,5,50,3,2,1,5,4,5,7,4,4,1,4,5,2,12,2,31,2,9,1,5,7,20,8,20,10,16,,67,43,1,22,9,121.5019536,25.11930104
111,4,7,15,30,2,08士林區,士林區忠誠路2段與士東路口,0,0,1,1,B02,8,1,5,50,5,2,1,5,4,5,7,2,1,1,4,5,1,16,1,82,3,10,3,4,7,9,1,8,1,6,,6,6,1,22,9,121.5310177,25.1124557
111,4,7,15,30,2,08士林區,士林區忠誠路2段與士東路口,0,0,1,2,C03,8,1,5,50,5,2,1,5,4,5,7,2,1,1,4,5,1,16,2,25,2,9,3,4,7,9,1,10,1,11,,44,6,1,22,9,121.5310177,25.1124557
111,4,7,16,10,2,05中正區,中正區林森北路與北平東路口,0,0,1,1,B03,8,1,5,50,4,1,1,5,4,5,7,1,1,4,5,4,2,11,1,72,3,10,1,4,7,5,1,8,1,5,,6,6,1,22,9,121.523806,25.0463495
111,4,7,16,10,2,05中正區,中正區林森北路與北平東路口,0,0,1,2,C03,8,1,5,50,4,1,1,5,4,5,7,1,1,4,5,4,2,11,1,60,2,9,1,1,7,9,1,10,1,11,,44,6,1,22,9,121.523806,25.0463495
111,4,7,16,13,2,09北投區,北投區光明路與光明路169巷口,0,0,1,1,B02,8,1,5,50,3,1,1,5,4,5,7,4,4,10,5,5,2,16,1,45,3,10,1,1,7,1,1,8,1,8,,19,19,1,22,9,121.5028571,25.1356594
111,4,7,16,13,2,09北投區,北投區光明路與光明路169巷口,0,0,1,2,C03,8,1,5,50,3,1,1,5,4,5,7,4,4,10,5,5,2,16,1,18,2,9,1,1,7,9,1,10,1,11,,44,19,1,22,9,121.5028571,25.1356594
111,4,7,16,18,2,07信義區,信義區忠孝東路5段423巷58號,0,0,1,1,C03,8,1,5,30,14,9,1,5,4,5,7,4,4,9,5,5,2,13,1,50,2,8,1,1,7,9,1,10,1,11,,16,16,1,22,9,121.5754117,25.04311353
111,4,7,16,18,2,07信義區,信義區忠孝東路5段423巷58號,0,0,1,2,B02,8,1,5,30,14,9,1,5,4,5,7,4,4,9,5,5,2,13,1,57,3,10,1,1,7,9,1,4,1,3,,44,16,1,22,9,121.5754117,25.04311353
111,4,7,16,39,2,04大安區,大安區和平東路1段與和平東路1段141巷口,0,0,2,1,B01,7,1,5,50,4,1,1,5,4,5,7,1,1,10,5,5,2,13,1,66,2,3,1,1,7,9,1,4,2,8,,23,23,1,22,9,121.5304294,25.02644164
111,4,7,16,39,2,04大安區,大安區和平東路1段與和平東路1段141巷口,0,0,2,2,B03,7,1,5,50,4,1,1,5,4,5,7,1,1,10,5,5,2,13,1,50,2,2,1,1,7,14,1,8,2,6,,44,23,1,22,9,121.5304294,25.02644164
111,4,7,16,55,2,04大安區,大安區和平東路3段228巷7號,0,0,1,1,B11,8,1,5,50,14,9,1,5,4,5,7,1,1,9,4,5,2,12,1,64,3,10,1,1,7,9,1,4,1,2,,42,42,1,21,8,121.5544141,25.02204614
111,4,7,16,55,2,04大安區,大安區和平東路3段228巷7號,0,0,1,2,F01,8,1,5,50,14,9,1,5,4,5,7,1,1,9,4,5,2,12,1,80,2,9,1,1,7,15,8,20,1,16,,42,42,1,21,8,121.5544141,25.02204614
111,4,7,16,59,2,07信義區,信義區基隆路2段151-7號,0,0,1,1,C03,8,1,5,50,14,9,1,5,4,5,7,4,4,1,4,5,1,18,1,41,2,9,3,4,7,9,1,10,1,12,,43,43,1,22,9,121.5547981,25.0262504
111,4,7,16,59,2,07信義區,信義區基隆路2段151-7號,0,0,1,2,,8,1,5,50,14,9,1,5,4,5,7,4,4,1,4,5,1,18,3,,,,,,,,,,,,,67,43,1,,,121.5547981,25.0262504
111,4,7,17,16,2,03中山區,中山區朱崙街59號對面,0,0,1,1,F01,8,1,5,50,14,9,1,5,4,5,7,4,4,9,5,5,2,16,2,16,2,8,1,1,7,9,8,20,1,16,,13,13,1,22,9,121.5415606,25.04995856
111,4,7,17,16,2,03中山區,中山區朱崙街59號對面,0,0,1,2,B03,8,1,5,50,14,9,1,5,4,5,7,4,4,9,5,5,2,16,1,44,3,10,3,4,7,14,1,8,1,4,,38,13,1,22,9,121.5415606,25.04995856
111,4,7,17,18,2,09北投區,北投區東華街1段與裕民六路口,0,0,1,1,C03,8,1,5,30,3,1,1,5,4,5,7,1,1,10,5,5,2,16,2,40,3,10,1,1,7,6,1,10,2,13,,9,9,1,22,9,121.5169153,25.11304669
111,4,7,17,18,2,09北投區,北投區東華街1段與裕民六路口,0,0,1,2,C03,8,1,5,30,3,1,1,5,4,5,7,1,1,10,5,5,2,16,2,36,2,9,1,1,7,9,1,10,2,11,,44,9,1,22,9,121.5169153,25.11304669
111,4,7,17,20,2,08士林區,士林區中正路榕樹3753CAR021前,0,0,2,1,B03,7,1,5,30,14,9,1,5,4,5,7,4,4,1,4,5,1,16,1,68,3,10,1,1,7,5,1,8,1,1,,6,6,1,21,8,121.5086815,25.08671802
111,4,7,17,20,2,08士林區,士林區中正路榕樹3753CAR021前,0,0,2,2,C03,7,1,5,30,14,9,1,5,4,5,7,4,4,1,4,5,1,16,2,18,2,9,1,1,7,9,1,10,1,11,,14,6,1,21,8,121.5086815,25.08671802
111,4,7,17,20,2,08士林區,士林區中正路榕樹3753CAR021前,0,0,2,3,B03,7,1,5,30,14,9,1,5,4,5,7,4,4,1,4,5,1,16,1,45,3,10,3,4,7,13,1,8,1,7,,38,6,1,21,8,121.5086815,25.08671802
111,4,7,17,20,2,08士林區,士林區中正路榕樹3753CAR021前,0,0,2,4,H02,7,1,5,30,14,9,1,5,4,5,7,4,4,1,4,5,1,16,2,17,2,9,1,5,7,17,8,20,10,16,,67,6,1,21,8,121.5086815,25.08671802
111,4,7,17,39,2,05中正區,中正區中華路1段與貴陽街1段口,0,0,2,1,C03,8,1,5,50,4,1,1,5,4,5,7,1,1,10,3,5,2,17,1,18,2,9,1,1,7,6,1,10,2,12,,9,9,1,22,9,121.5076289,25.03915357
111,4,7,17,39,2,05中正區,中正區中華路1段與貴陽街1段口,0,0,2,2,C03,8,1,5,50,4,1,1,5,4,5,7,1,1,10,3,5,2,17,1,29,2,9,1,1,7,9,1,10,2,11,,13,9,1,22,9,121.5076289,25.03915357
111,4,7,17,52,2,05中正區,中正區博愛路與武昌街1段口,0,0,1,1,B03,8,3,5,50,4,2,1,5,4,5,7,2,1,10,4,5,2,1,1,46,3,10,1,4,7,5,1,8,1,4,,15,15,1,22,5,121.5114321,25.04412221
111,4,7,17,52,2,05中正區,中正區博愛路與武昌街1段口,0,0,1,2,H01,8,3,5,50,4,2,1,5,4,5,7,2,1,10,4,5,2,1,2,40,2,7,4,1,8,16,8,20,10,16,,67,15,1,2,1,121.5114321,25.04412221
111,4,7,17,52,2,12內湖區,內湖區南京東路6段與南京東路6段口,0,0,2,1,C03,7,1,5,50,14,9,1,5,4,5,7,4,4,1,5,5,2,3,2,55,2,9,1,1,7,9,1,10,1,11,,15,15,1,22,9,121.5799408,25.05663636
111,4,7,17,52,2,12內湖區,內湖區南京東路6段與南京東路6段口,0,0,2,2,H01,7,1,5,50,14,9,1,5,4,5,7,4,4,1,5,5,2,3,1,25,2,9,4,5,8,16,8,20,1,16,,67,15,1,22,9,121.5799408,25.05663636
111,4,7,17,55,2,01大同區,大同區重慶北路2段與南京西路口,0,0,1,1,B02,8,1,5,50,5,1,1,5,4,5,7,1,1,8,3,5,1,16,2,41,3,10,1,1,7,6,1,8,2,2,,9,9,1,22,9,121.5142942,25.05411391
111,4,7,17,55,2,01大同區,大同區重慶北路2段與南京西路口,0,0,1,2,C03,8,1,5,50,5,1,1,5,4,5,7,1,1,8,3,5,1,16,1,52,2,7,1,1,7,9,1,10,2,14,,44,9,1,22,9,121.5142942,25.05411391
111,4,7,18,2,2,12內湖區,內湖區內湖路2段179巷242號,0,0,1,1,B03,8,3,5,50,14,9,1,5,4,5,7,4,4,5,4,5,2,17,1,48,3,10,1,1,7,8,1,8,1,2,,7,7,1,22,9,121.5838154,25.08453194
111,4,7,18,2,2,12內湖區,內湖區內湖路2段179巷242號,0,0,1,2,C03,8,3,5,50,14,9,1,5,4,5,7,4,4,5,4,5,2,17,1,52,2,7,1,1,7,7,1,10,1,15,,23,7,1,22,9,121.5838154,25.08453194
111,4,7,18,9,2,12內湖區,內湖區潭美街與成功路2段口口,0,0,1,1,B03,7,3,5,40,3,1,1,5,4,5,7,1,1,5,4,5,2,13,2,31,3,10,1,1,7,9,1,8,1,8,,23,23,1,22,9,121.5917219,25.06004952
111,4,7,18,9,2,12內湖區,內湖區潭美街與成功路2段口口,0,0,1,2,C03,7,3,5,40,3,1,1,5,4,5,7,1,1,5,4,5,2,13,1,25,2,9,1,1,7,14,1,9,1,13,,44,23,1,22,9,121.5917219,25.06004952
111,4,7,18,18,2,06松山區,松山區塔悠路與撫遠街口,0,0,2,1,B03,7,3,5,40,3,1,1,5,4,5,7,1,1,1,4,4,2,16,1,66,2,9,3,4,7,1,1,8,2,4,,19,19,1,22,9,121.5682899,25.06829707
111,4,7,18,18,2,06松山區,松山區塔悠路與撫遠街口,0,0,2,2,C03,7,3,5,40,3,1,1,5,4,5,7,1,1,1,4,4,2,16,1,26,2,9,3,4,7,9,1,10,2,11,,13,19,1,22,9,121.5682899,25.06829707
111,4,7,18,21,2,03中山區,中山區民權東路2段190號,0,0,1,1,C03,7,2,5,50,14,9,1,5,4,5,7,4,4,1,4,5,2,13,1,26,2,9,3,4,7,9,1,10,1,14,,16,16,1,22,9,121.5359302,25.06232583
111,4,7,18,21,2,03中山區,中山區民權東路2段190號,0,0,1,2,C03,7,2,5,50,14,9,1,5,4,5,7,4,4,1,4,5,2,13,1,26,3,10,3,4,7,12,1,10,1,13,,44,16,1,22,9,121.5359302,25.06232583
111,4,7,18,21,2,03中山區,中山區民權東路2段190號,0,0,1,3,B03,7,2,5,50,14,9,1,5,4,5,7,4,4,1,4,5,2,13,1,24,4,11,3,4,7,10,7,19,11,15,,7,16,2,22,9,121.5359302,25.06232583
111,4,7,18,27,2,10文山區,文山區興隆路4段76號,0,0,2,1,C03,8,3,5,50,15,18,1,5,4,5,7,4,4,1,3,5,2,3,1,35,2,9,1,1,7,9,1,10,2,11,,15,15,1,22,9,121.5618108,24.98404874
111,4,7,18,27,2,10文山區,文山區興隆路4段76號,0,0,2,2,H01,8,3,5,50,15,18,1,5,4,5,7,4,4,1,3,5,2,3,2,69,2,9,4,5,8,16,8,20,10,16,,67,15,1,22,9,121.5618108,24.98404874
111,4,7,18,30,2,10文山區,文山區羅斯福路5段與萬盛街口,0,0,2,1,C03,8,3,5,50,4,2,1,5,4,5,7,2,1,1,4,5,2,13,1,21,2,9,1,1,7,9,1,10,2,11,,43,43,1,22,9,121.5380312,25.0081674
111,4,7,18,30,2,10文山區,文山區羅斯福路5段與萬盛街口,0,0,2,2,C03,8,3,5,50,4,2,1,5,4,5,7,2,1,1,4,5,2,13,2,38,2,9,1,1,7,9,1,10,2,13,,43,43,1,22,9,121.5380312,25.0081674
111,4,7,18,53,2,12內湖區,內湖區堤頂大道2段191號,0,0,1,1,B03,7,3,5,50,14,8,1,5,4,5,7,4,4,1,4,1,2,13,1,54,3,10,1,1,7,9,1,8,2,1,,16,16,1,22,9,121.5686801,25.07755292
111,4,7,18,53,2,12內湖區,內湖區堤頂大道2段191號,0,0,1,2,C03,7,3,5,50,14,8,1,5,4,5,7,4,4,1,4,1,2,13,1,63,2,9,1,1,7,9,1,10,2,13,,44,16,1,22,9,121.5686801,25.07755292
111,4,7,19,18,2,04大安區,大安區敦化南路2段319號,0,0,2,1,B01,8,3,5,50,14,9,1,5,4,5,7,1,1,9,4,5,1,12,1,62,3,10,1,1,7,7,1,4,1,4,,7,7,1,22,9,121.5494403,25.0229356
111,4,7,19,18,2,04大安區,大安區敦化南路2段319號,0,0,2,2,B03,8,3,5,50,14,9,1,5,4,5,7,1,1,9,4,5,1,12,1,24,2,7,1,1,7,9,1,8,1,2,,44,7,1,22,9,121.5494403,25.0229356
111,4,7,19,18,2,04大安區,大安區敦化南路2段319號,0,0,2,3,B01,8,3,5,50,14,9,1,5,4,5,7,1,1,9,4,5,1,12,1,56,3,10,1,1,7,14,1,4,1,4,,38,7,1,22,9,121.5494403,25.0229356
111,4,7,19,18,2,04大安區,大安區敦化南路2段319號,0,0,2,4,H02,8,3,5,50,14,9,1,5,4,5,7,1,1,9,4,5,1,12,2,24,2,9,4,5,7,20,8,20,10,16,,67,7,1,22,9,121.5494403,25.0229356
111,4,7,19,37,2,04大安區,大安區新生南路3段與辛亥路2段口,0,0,3,1,C03,8,3,5,50,4,1,1,5,4,5,7,1,1,1,4,5,2,15,2,51,2,1,1,1,7,9,1,10,9,11,,25,25,1,22,9,121.5339328,25.0301143
111,4,7,19,37,2,04大安區,大安區新生南路3段與辛亥路2段口,0,0,3,2,C03,8,3,5,50,4,1,1,5,4,5,7,1,1,1,4,5,2,15,2,24,2,9,1,1,7,9,1,10,2,14,,25,25,1,22,9,121.5339328,25.0301143
111,4,7,19,37,2,04大安區,大安區新生南路3段與辛亥路2段口,0,0,3,3,H02,8,3,5,50,4,1,1,5,4,5,7,1,1,1,4,5,2,15,1,76,2,9,4,5,7,21,8,20,10,16,,67,25,1,22,9,121.5339328,25.0301143
111,4,7,19,52,2,02萬華區,萬華區漢中街與成都路口,0,0,1,1,B03,8,3,5,50,4,1,1,5,4,5,7,2,1,10,5,5,1,3,1,33,3,10,1,4,7,5,1,8,2,5,,23,23,1,22,9,121.507458,25.0423886
111,4,7,19,52,2,02萬華區,萬華區漢中街與成都路口,0,0,1,2,H01,8,3,5,50,4,1,1,5,4,5,7,2,1,10,5,5,1,3,1,69,2,8,4,5,8,16,8,20,10,16,,67,23,1,22,9,121.507458,25.0423886
111,4,7,20,1,2,02萬華區,萬華區東園街62-1號,0,0,2,1,B03,8,3,5,50,14,9,1,5,4,5,7,1,1,5,5,5,2,16,1,36,3,10,1,1,7,1,1,8,1,8,,19,19,1,22,9,121.4964665,25.02596996
111,4,7,20,1,2,02萬華區,萬華區東園街62-1號,0,0,2,2,C03,8,3,5,50,14,9,1,5,4,5,7,1,1,5,5,5,2,16,1,18,2,7,1,1,7,9,1,10,1,11,,44,19,1,22,9,121.4964665,25.02596996
111,4,7,20,1,2,02萬華區,萬華區東園街62-1號,0,0,2,3,H02,8,3,5,50,14,9,1,5,4,5,7,1,1,5,5,5,2,16,2,40,2,5,4,5,7,20,8,20,10,16,,67,19,1,22,9,121.4964665,25.02596996
111,4,7,21,7,2,08士林區,士林區德行東路129巷與忠誠路2段32巷口口,0,0,2,1,C03,8,3,5,30,4,1,1,5,4,5,7,4,4,10,5,5,1,15,1,24,2,9,1,1,7,9,1,10,1,11,,6,6,1,22,9,121.5293435,25.10941238
111,4,7,21,7,2,08士林區,士林區德行東路129巷與忠誠路2段32巷口口,0,0,2,2,B03,8,3,5,30,4,1,1,5,4,5,7,4,4,10,5,5,1,15,2,42,2,2,1,1,7,9,1,8,1,5,,14,6,1,22,9,121.5293435,25.10941238
111,4,7,22,0,2,09北投區,北投區大度路3段與立德路口,0,0,3,1,C03,7,3,5,50,4,1,1,5,4,5,7,1,1,1,4,5,1,13,1,39,2,9,1,1,7,9,1,10,1,11,,16,16,1,22,9,121.4716901,25.12298533
111,4,7,22,0,2,09北投區,北投區大度路3段與立德路口,0,0,3,2,C03,7,3,5,50,4,1,1,5,4,5,7,1,1,1,4,5,1,13,2,48,2,9,1,1,7,14,1,10,1,13,,44,16,1,22,9,121.4716901,25.12298533
111,4,7,22,0,2,09北投區,北投區大度路3段與立德路口,0,0,3,3,H02,7,3,5,50,4,1,1,5,4,5,7,1,1,1,4,5,1,13,2,33,2,9,1,5,7,20,8,20,10,16,,67,16,1,22,9,121.4716901,25.12298533
111,4,7,22,24,2,04大安區,大安區信義路3段151號,0,0,1,1,C03,7,3,5,50,14,9,1,5,4,5,7,4,4,8,3,5,2,12,1,61,3,10,1,1,7,7,1,10,1,13,,43,43,1,22,9,121.5421975,25.03349587
111,4,7,22,24,2,04大安區,大安區信義路3段151號,0,0,1,2,C03,7,3,5,50,14,9,1,5,4,5,7,4,4,8,3,5,2,12,2,36,2,9,1,1,7,9,1,10,1,11,,43,43,1,22,9,121.5421975,25.03349587
111,4,7,22,30,2,09北投區,北投區大度路2段與大度路2段口第二迴轉道,0,0,1,1,B01,8,3,5,50,3,1,1,5,4,5,7,1,1,3,4,3,2,12,1,48,3,10,3,4,7,6,1,4,1,5,,43,43,1,22,9,121.4857475,25.1218677
111,4,7,22,30,2,09北投區,北投區大度路2段與大度路2段口第二迴轉道,0,0,1,2,C03,8,3,5,50,3,1,1,5,4,5,7,1,1,3,4,3,2,12,2,29,2,9,3,4,7,9,1,10,1,14,,43,43,1,22,9,121.4857475,25.1218677
111,4,8,0,18,2,09北投區,北投區竹子湖路187號燈桿(北投往金山方向),0,0,1,1,C03,8,1,5,40,14,9,1,5,3,5,7,4,4,7,4,5,1,18,1,30,2,9,1,1,7,9,1,10,9,12,,13,13,1,22,9,121.5571085,25.1775592
111,4,8,0,18,2,09北投區,北投區竹子湖路187號燈桿(北投往金山方向),0,0,1,2,,8,1,5,40,14,9,1,5,3,5,7,4,4,7,4,5,1,18,3,,,,,,,,,,,,,61,13,1,,,121.5571085,25.1775592
111,4,8,6,11,2,04大安區,大安區市民大道4段與敦化南路1段口,0,0,1,1,B03,8,1,5,40,5,1,1,5,4,5,7,1,1,8,3,1,2,15,1,51,3,10,1,1,7,9,1,8,1,5,,25,25,1,22,9,121.5491718,25.04471387
111,4,8,6,11,2,04大安區,大安區市民大道4段與敦化南路1段口,0,0,1,2,C03,8,1,5,40,5,1,1,5,4,5,7,1,1,8,3,1,2,15,2,61,2,9,1,1,7,9,1,10,1,11,,44,25,1,22,9,121.5491718,25.04471387
111,4,8,6,50,2,05中正區,中正區市民大道1段與中山北路1段口口,0,0,4,1,C03,8,1,5,40,4,2,1,5,4,5,7,2,1,9,4,5,1,13,2,23,2,1,1,1,7,9,1,10,2,11,,16,16,1,21,1,121.5204244,25.0480109
111,4,8,6,50,2,05中正區,中正區市民大道1段與中山北路1段口口,0,0,4,2,C03,8,1,5,40,4,2,1,5,4,5,7,2,1,9,4,5,1,13,1,33,2,8,1,1,7,9,1,10,2,13,,26,16,1,21,1,121.5204244,25.0480109
111,4,8,6,50,2,05中正區,中正區市民大道1段與中山北路1段口口,0,0,4,3,C03,8,1,5,40,4,2,1,5,4,5,7,2,1,9,4,5,1,13,1,55,2,9,1,1,7,9,4,8,2,11,,25,16,1,21,1,121.5204244,25.0480109
111,4,8,6,50,2,05中正區,中正區市民大道1段與中山北路1段口口,0,0,4,4,H02,8,1,5,40,4,2,1,5,4,5,7,2,1,9,4,5,1,13,2,58,2,9,4,5,7,20,8,20,10,16,,67,16,1,21,1,121.5204244,25.0480109
111,4,8,6,55,2,01大同區,大同區萬全街與雙連街口,0,0,2,1,C03,8,1,5,30,4,1,1,5,4,5,7,4,4,10,5,5,1,15,2,61,2,9,1,1,7,9,1,10,2,12,,13,13,1,22,9,121.5190376,25.0585391
111,4,8,6,55,2,01大同區,大同區萬全街與雙連街口,0,0,2,2,C03,8,1,5,30,4,1,1,5,4,5,7,4,4,10,5,5,1,15,1,54,2,8,1,1,7,9,1,10,2,14,,6,13,1,22,9,121.5190376,25.0585391
111,4,8,7,5,2,01大同區,大同區大龍街266號,0,0,1,2,C03,8,1,5,50,14,9,1,5,4,5,7,4,4,9,4,5,1,17,2,53,2,5,1,1,7,9,1,10,2,11,,44,19,1,22,9,121.5158875,25.07088343
111,4,8,7,5,2,01大同區,大同區大龍街266號,0,0,1,1,C03,8,1,5,50,14,9,1,5,4,5,7,4,4,9,4,5,1,17,1,31,3,10,1,1,7,1,1,10,2,14,,19,19,1,22,9,121.5158875,25.07088343
111,4,8,7,8,2,04大安區,大安區信義路4段與大安路2段口,0,0,1,1,B03,8,1,5,50,4,1,1,5,4,5,7,1,1,10,5,5,2,17,4,,4,11,3,4,7,15,7,19,11,15,,43,43,2,22,9,121.5459702,25.03321072
111,4,8,7,8,2,04大安區,大安區信義路4段與大安路2段口,0,0,1,2,F01,8,1,5,50,4,1,1,5,4,5,7,1,1,10,5,5,2,17,1,74,2,9,1,1,7,12,8,20,1,16,,43,43,1,22,9,121.5459702,25.03321072
111,4,8,7,13,2,01大同區,大同區延平北路2段與民權西路口,0,0,1,1,C03,8,1,5,50,4,2,1,5,4,5,7,2,1,1,2,5,2,12,1,24,3,10,1,4,7,9,1,10,2,14,,26,26,1,22,9,121.5112205,25.0627882
111,4,8,7,13,2,01大同區,大同區延平北路2段與民權西路口,0,0,1,2,C03,8,1,5,50,4,2,1,5,4,5,7,2,1,1,2,5,2,12,2,39,2,9,1,4,7,6,1,10,2,12,,44,26,1,22,9,121.5112205,25.0627882
111,4,8,8,0,2,12內湖區,內湖區行善路9號,0,0,1,1,C03,7,1,5,50,14,9,1,5,4,5,7,4,4,9,4,5,2,13,1,38,2,8,1,1,7,4,1,10,1,11,,23,23,1,22,9,121.574853,25.05619777
111,4,8,8,0,2,12內湖區,內湖區行善路9號,0,0,1,2,C03,7,1,5,50,14,9,1,5,4,5,7,4,4,9,4,5,2,13,2,53,3,10,1,1,7,5,1,10,1,13,,44,23,1,22,9,121.574853,25.05619777
111,4,8,8,34,2,04大安區,大安區信義路4段與信義路4段400巷口,0,0,1,1,B03,7,1,5,50,3,1,1,5,4,5,7,4,4,10,5,5,2,16,2,40,3,10,1,1,7,6,1,8,1,2,,9,9,1,22,9,121.5566019,25.03295533
111,4,8,8,34,2,04大安區,大安區信義路4段與信義路4段400巷口,0,0,1,2,C03,7,1,5,50,3,1,1,5,4,5,7,4,4,10,5,5,2,16,1,18,2,7,1,1,7,9,1,10,1,14,,44,9,1,22,9,121.5566019,25.03295533
111,4,8,8,35,2,06松山區,松山區南京東路5段241號,0,0,1,1,A04,8,1,8,50,15,22,1,5,4,5,7,4,4,3,3,5,2,9,1,43,3,10,3,4,7,15,1,2,9,15,,36,36,1,22,9,121.5666577,25.05138842
111,4,8,8,35,2,06松山區,松山區南京東路5段241號,0,0,1,2,H02,8,1,8,50,15,22,1,5,4,5,7,4,4,3,3,5,2,9,1,63,2,9,4,5,7,19,8,20,10,16,,56,36,1,22,9,121.5666577,25.05138842
111,4,8,8,35,2,08士林區,士林區基河路與劍潭路口,0,0,1,1,B03,8,1,5,50,4,2,1,5,4,5,7,2,1,1,4,5,1,17,2,41,3,10,1,1,7,6,1,8,1,5,,6,6,1,21,8,121.5247137,25.08408055
111,4,8,8,35,2,08士林區,士林區基河路與劍潭路口,0,0,1,2,C03,8,1,5,50,4,2,1,5,4,5,7,2,1,1,4,5,1,17,1,51,2,9,1,1,7,9,1,10,1,14,,44,6,1,21,8,121.5247137,25.08408055
111,4,8,8,38,2,06松山區,松山區民權東路3段188號,0,0,1,1,B03,7,1,5,50,14,9,1,4,4,5,7,4,4,1,4,5,2,12,2,72,4,11,3,4,7,15,7,19,11,15,,23,23,2,22,9,121.5502078,25.06154153
111,4,8,8,38,2,06松山區,松山區民權東路3段188號,0,0,1,2,C04,7,1,5,50,14,9,1,4,4,5,7,4,4,1,4,5,2,12,1,33,2,9,1,1,7,9,1,10,1,14,,44,23,1,22,9,121.5502078,25.06154153
111,4,8,8,45,2,12內湖區,內湖區新明路298巷6號前,0,0,1,1,C03,6,1,5,50,14,9,1,4,4,5,7,4,4,7,4,5,2,17,2,41,4,11,3,4,7,6,7,19,11,15,,44,44,2,22,9,121.5820454,25.05618172
111,4,8,8,45,2,12內湖區,內湖區新明路298巷6號前,0,0,1,2,C03,6,1,5,50,14,9,1,4,4,5,7,4,4,7,4,5,2,17,1,38,2,9,1,1,7,9,1,10,1,15,,16,44,1,22,9,121.5820454,25.05618172
111,4,8,8,47,2,08士林區,士林區德行東路233號,0,0,1,1,B12,8,1,5,50,14,9,1,5,4,5,7,4,4,9,5,5,1,17,1,34,3,10,1,1,7,15,1,8,2,4,,40,40,1,21,8,121.5335643,25.10954986
111,4,8,8,47,2,08士林區,士林區德行東路233號,0,0,1,2,C03,8,1,5,50,14,9,1,5,4,5,7,4,4,9,5,5,1,17,1,62,2,9,1,1,7,9,1,10,2,11,,44,40,1,21,8,121.5335643,25.10954986
111,4,8,8,50,2,08士林區,士林區文林路與美崙街口,0,0,2,1,C03,6,1,5,50,4,2,1,4,4,5,7,2,1,4,5,5,1,17,2,61,2,9,1,1,7,5,1,10,1,11,,8,8,1,22,9,121.5240314,25.09734366
111,4,8,8,50,2,08士林區,士林區文林路與美崙街口,0,0,2,2,C03,6,1,5,50,4,2,1,4,4,5,7,2,1,4,5,5,1,17,1,46,2,9,1,1,7,9,1,10,1,11,,23,8,1,22,9,121.5240314,25.09734366
111,4,8,8,50,2,12內湖區,內湖區瑞光路247號,0,0,1,1,C03,6,1,5,50,14,9,1,4,4,5,7,4,4,5,5,5,1,17,2,28,2,9,3,4,7,9,1,10,1,15,,42,42,1,22,9,121.5779225,25.0747437
111,4,8,8,50,2,12內湖區,內湖區瑞光路247號,0,0,1,2,B12,6,1,5,50,14,9,1,4,4,5,7,4,4,5,5,5,1,17,1,59,3,10,3,4,7,7,1,8,1,15,,7,42,1,22,9,121.5779225,25.0747437
111,4,8,8,51,2,08士林區,士林區德行東路163號,0,0,1,1,B03,8,1,5,50,14,9,1,5,4,5,7,4,4,5,5,5,2,13,2,59,3,10,1,1,7,9,1,8,2,5,,23,23,1,22,9,121.5301917,25.10835136
111,4,8,8,51,2,08士林區,士林區德行東路163號,0,0,1,2,B01,8,1,5,50,14,9,1,5,4,5,7,4,4,5,5,5,2,13,1,64,3,10,1,1,7,14,1,8,2,7,,38,23,1,22,9,121.5301917,25.10835136