發生年度,發生月,發生日,發生時-Hours,發生分,處理別-編號,區序,肇事地點,死亡人數,2-30日死亡人數,受傷人數,當事人序號,車種,天候,光線,道路類別,速限-速度限制,道路型態,事故位置,路面狀況1,路面狀況2,路面狀況3,道路障礙1,道路障礙2,號誌1,號誌2,車道劃分-分向,車道劃分-分道1,車道劃分-分道2,車道劃分-分道3,事故類型及型態,性別,年齡,受傷程度,主要傷處,安全帽,行動電話,車輛用途,當事者行動狀態,駕駛資格情形,駕駛執照種類,飲酒情形,車輛撞擊部位1,車輛撞擊部位2,肇因碼-個別,肇因碼-主要,個人肇逃否,職業,旅次目的,座標-X,座標-Y
111,4,8,8,51,2,08士林區,士林區德行東路163號,0,0,1,3,C03,8,1,5,50,14,9,1,5,4,5,7,4,4,5,5,5,2,13,2,56,3,10,3,4,7,13,1,10,11,12,,44,23,1,22,9,121.5301917,25.10835136
111,4,8,8,51,2,08士林區,士林區德行東路163號,0,0,1,4,C03,8,1,5,50,14,9,1,5,4,5,7,4,4,5,5,5,2,13,1,31,3,10,3,4,7,13,1,10,11,12,,44,23,1,22,9,121.5301917,25.10835136
111,4,8,8,51,2,08士林區,士林區德行東路163號,0,0,1,5,C04,8,1,5,50,14,9,1,5,4,5,7,4,4,5,5,5,2,13,1,40,3,10,3,4,7,13,1,11,11,12,,44,23,1,22,9,121.5301917,25.10835136
111,4,8,8,51,2,08士林區,士林區德行東路163號,0,0,1,6,C03,8,1,5,50,14,9,1,5,4,5,7,4,4,5,5,5,2,13,2,37,3,10,3,4,7,13,1,10,11,14,,44,23,1,22,9,121.5301917,25.10835136
111,4,8,8,51,2,08士林區,士林區德行東路163號,0,0,1,7,H02,8,1,5,50,14,9,1,5,4,5,7,4,4,5,5,5,2,13,2,84,2,9,4,5,7,20,8,20,10,16,,67,23,1,22,9,121.5301917,25.10835136
111,4,8,8,53,2,03中山區,中山區吉林路與德惠街口,0,0,1,1,B01,6,1,5,50,4,1,1,4,4,5,7,1,1,5,4,4,2,17,1,63,3,10,1,1,7,11,1,4,1,4,,10,10,1,22,9,121.5304146,25.0665906
111,4,8,8,53,2,03中山區,中山區吉林路與德惠街口,0,0,1,2,C03,6,1,5,50,4,1,1,4,4,5,7,1,1,5,4,4,2,17,1,26,2,9,1,1,7,9,1,10,1,11,,44,10,1,22,9,121.5304146,25.0665906
111,4,8,9,10,2,12內湖區,內湖區文德路139號與無名巷口,0,0,1,1,C03,7,1,5,40,3,1,1,4,4,5,7,4,4,1,4,4,2,17,1,31,3,10,1,1,7,6,1,10,1,13,,9,9,1,22,9,121.5842301,25.07859662
111,4,8,9,10,2,12內湖區,內湖區文德路139號與無名巷口,0,0,1,2,C03,7,1,5,40,3,1,1,4,4,5,7,4,4,1,4,4,2,17,1,30,2,9,1,1,7,9,1,10,1,11,,13,9,1,22,9,121.5842301,25.07859662
111,4,8,9,15,2,05中正區,中正區廣州街8巷與廣州街8巷3弄口,0,0,2,1,C03,8,1,5,30,3,1,1,5,4,5,7,4,4,5,4,5,2,17,1,28,2,9,1,1,7,5,1,10,2,14,,8,8,1,22,9,121.5082616,25.03467297
111,4,8,9,15,2,05中正區,中正區廣州街8巷與廣州街8巷3弄口,0,0,2,2,C03,8,1,5,30,3,1,1,5,4,5,7,4,4,5,4,5,2,17,2,39,2,9,1,1,7,9,1,10,2,12,,14,8,1,22,9,121.5082616,25.03467297
111,4,8,9,24,2,08士林區,士林區承德路4段10巷與通河街76巷口,0,0,1,1,B03,8,1,5,30,4,1,1,4,4,5,7,4,4,4,5,5,1,16,1,34,3,10,1,1,7,9,1,8,1,4,,6,6,1,22,9,121.5201471,25.0801303
111,4,8,9,24,2,08士林區,士林區承德路4段10巷與通河街76巷口,0,0,1,2,C03,8,1,5,30,4,1,1,4,4,5,7,4,4,4,5,5,1,16,2,60,2,9,1,1,7,9,1,10,1,11,,45,6,1,22,9,121.5201471,25.0801303
111,4,8,9,56,2,06松山區,松山區南京東路5段23巷與南京東路5段口,0,0,1,1,B03,8,1,5,40,4,1,1,5,4,5,7,2,1,7,4,4,2,16,1,58,3,10,1,1,7,6,6,8,1,8,,9,9,1,22,9,121.5579785,25.05162271
111,4,8,9,56,2,06松山區,松山區南京東路5段23巷與南京東路5段口,0,0,1,2,F01,8,1,5,40,4,1,1,5,4,5,7,2,1,7,4,4,2,16,2,74,2,8,1,1,7,9,8,20,1,16,,23,9,1,22,9,121.5579785,25.05162271
111,4,8,10,40,2,11南港區,南港區成功橋南往北方向(022燈桿),0,0,1,1,B03,8,1,5,50,14,9,1,5,4,5,7,4,4,1,3,5,2,12,1,39,3,10,1,1,7,8,1,8,2,8,,7,7,1,22,9,121.5922456,25.05890911
111,4,8,10,40,2,11南港區,南港區成功橋南往北方向(022燈桿),0,0,1,2,C03,8,1,5,50,14,9,1,5,4,5,7,4,4,1,3,5,2,12,1,21,2,7,1,3,7,9,1,10,2,11,,13,7,1,22,9,121.5922456,25.05890911
111,4,8,10,40,2,11南港區,南港區成功橋南往北方向(022燈桿),0,0,1,3,B12,8,1,5,50,14,9,1,5,4,5,7,4,4,1,3,5,2,12,1,63,3,10,1,1,7,14,1,8,2,6,,44,7,1,22,9,121.5922456,25.05890911
111,4,8,11,0,2,03中山區,中山區農安街174號,0,0,1,2,H01,8,1,5,0,14,9,1,5,4,5,7,4,4,9,5,5,2,3,2,66,2,8,4,5,8,16,8,20,10,15,,67,43,1,22,9,121.534688,25.0646844
111,4,8,11,0,2,03中山區,中山區農安街174號,0,0,1,1,F01,8,1,5,0,14,9,1,5,4,5,7,4,4,9,5,5,2,3,4,,4,11,3,4,7,15,7,19,11,15,,43,43,2,22,9,121.534688,25.0646844
111,4,8,12,0,2,08士林區,士林區延平北路6段與中正路口,0,0,1,1,C03,8,1,5,50,4,1,1,5,4,5,7,1,1,10,4,5,2,13,1,25,2,8,1,1,7,9,1,10,1,11,,16,16,1,22,9,121.5092362,25.08692748
111,4,8,12,0,2,08士林區,士林區延平北路6段與中正路口,0,0,1,2,C03,8,1,5,50,4,1,1,5,4,5,7,1,1,10,4,5,2,13,2,39,3,10,1,1,7,7,4,11,1,15,,7,16,1,22,9,121.5092362,25.08692748
111,4,8,12,0,2,08士林區,士林區延平北路6段與中正路口,0,0,1,3,B01,8,1,5,50,4,1,1,5,4,5,7,1,1,10,4,5,2,13,1,50,3,10,1,1,7,9,1,4,1,3,,16,16,1,22,9,121.5092362,25.08692748
111,4,8,12,9,2,04大安區,大安區羅斯福路3段與師大路口,0,0,1,1,B03,8,1,5,50,5,1,1,5,4,5,7,1,1,3,4,5,2,17,1,49,3,10,1,4,7,8,1,8,1,6,,7,7,1,22,9,121.5277471,25.0212102
111,4,8,12,9,2,04大安區,大安區羅斯福路3段與師大路口,0,0,1,2,C03,8,1,5,50,5,1,1,5,4,5,7,1,1,3,4,5,2,17,1,43,2,8,1,4,7,9,1,10,1,12,,44,7,1,22,9,121.5277471,25.0212102
111,4,8,12,10,2,07信義區,信義區松山路與松隆路口,0,0,1,1,B03,8,1,5,50,4,1,1,5,4,5,7,2,1,1,4,5,2,11,2,55,3,10,1,1,7,5,1,8,1,2,,43,43,1,22,9,121.5779292,25.04801283
111,4,8,12,10,2,07信義區,信義區松山路與松隆路口,0,0,1,2,C03,8,1,5,50,4,1,1,5,4,5,7,2,1,1,4,5,2,11,1,28,2,9,1,1,7,9,1,10,1,11,,43,43,1,22,9,121.5779292,25.04801283
111,4,8,12,16,2,03中山區,中山區龍江路412巷與五常街53巷口,0,0,1,1,B02,8,1,5,30,4,1,1,5,4,5,7,4,4,9,4,5,2,17,1,43,3,10,1,3,7,9,1,8,1,15,,6,6,1,22,4,121.5396677,25.0676
111,4,8,12,16,2,03中山區,中山區龍江路412巷與五常街53巷口,0,0,1,2,C03,8,1,5,30,4,1,1,5,4,5,7,4,4,9,4,5,2,17,1,52,2,9,1,1,7,9,1,10,1,15,,43,6,1,10,4,121.5396677,25.0676
111,4,8,12,20,2,09北投區,北投區大度路1段與承德路7段口,0,0,2,1,C03,8,1,5,50,5,1,1,5,4,5,7,2,1,1,4,4,1,13,2,55,2,9,1,1,7,9,6,18,1,11,,16,16,1,22,9,121.4995721,25.12097158
111,4,8,12,20,2,09北投區,北投區大度路1段與承德路7段口,0,0,2,2,C03,8,1,5,50,5,1,1,5,4,5,7,2,1,1,4,4,1,13,2,47,2,9,1,1,7,9,1,10,1,13,,44,16,1,22,9,121.4995721,25.12097158
111,4,8,12,51,2,08士林區,士林區基河路300巷與士商路口,0,0,2,1,C03,8,1,5,50,3,2,1,5,4,5,7,4,4,9,4,5,1,16,2,37,2,9,3,4,7,5,1,10,1,15,,6,6,1,22,9,121.5181233,25.09309583
111,4,8,12,51,2,08士林區,士林區基河路300巷與士商路口,0,0,2,2,C03,8,1,5,50,3,2,1,5,4,5,7,4,4,9,4,5,1,16,2,58,2,9,3,4,7,9,1,10,9,12,,14,6,1,22,9,121.5181233,25.09309583
111,4,8,12,55,2,03中山區,中山區興安街100號,0,0,1,1,B03,8,1,5,50,14,7,1,5,4,5,7,4,4,9,4,4,2,16,1,53,3,10,3,4,7,1,1,8,1,8,,19,19,1,22,9,121.542939,25.05603572
111,4,8,12,55,2,03中山區,中山區興安街100號,0,0,1,2,C03,8,1,5,50,14,7,1,5,4,5,7,4,4,9,4,4,2,16,2,29,2,9,1,4,7,9,1,10,1,12,,43,19,1,22,9,121.542939,25.05603572
111,4,8,12,55,2,03中山區,中山區興安街100號,0,0,1,3,,8,1,5,50,14,7,1,5,4,5,7,4,4,9,4,4,2,16,3,,,,,,,,,,,,,67,19,1,,,121.542939,25.05603572
111,4,8,12,57,2,08士林區,士林區中山北路6段與忠誠路1段口,0,0,1,1,C03,8,1,5,50,4,1,1,5,4,5,7,1,1,10,4,5,2,13,1,59,2,9,1,1,7,9,1,10,1,11,,23,23,1,22,9,121.5249032,25.10402555
111,4,8,12,57,2,08士林區,士林區中山北路6段與忠誠路1段口,0,0,1,2,B03,8,1,5,50,4,1,1,5,4,5,7,1,1,10,4,5,2,13,1,64,3,10,1,1,7,14,1,8,1,3,,44,23,1,22,9,121.5249032,25.10402555
111,4,8,13,15,2,09北投區,(磺港路112號前),0,0,1,1,F01,8,1,5,0,3,2,1,5,4,5,7,3,1,1,5,5,2,16,2,75,2,8,1,1,7,11,8,20,1,16,,26,26,1,22,9,121.5037431,25.13008659
111,4,8,13,15,2,09北投區,(磺港路112號前),0,0,1,2,C03,8,1,5,0,3,2,1,5,4,5,7,3,1,1,5,5,2,16,2,22,3,10,1,1,7,9,1,10,1,12,,23,26,1,22,9,121.5037431,25.13008659
111,4,8,13,30,2,07信義區,信義區基隆路2段與嘉興街口,0,0,1,1,B03,8,1,5,50,14,9,1,5,4,5,7,4,4,7,4,5,2,16,2,31,3,10,1,1,7,6,1,8,1,2,,6,6,1,22,9,121.5591384,25.03253436
111,4,8,13,30,2,07信義區,信義區基隆路2段與嘉興街口,0,0,1,2,C03,8,1,5,50,14,9,1,5,4,5,7,4,4,7,4,5,2,16,1,20,2,9,1,1,7,9,1,10,1,14,,44,6,1,22,9,121.5591384,25.03253436
111,4,8,13,35,2,06松山區,松山區民權東路4段與富錦街107巷口,0,0,2,1,B03,8,1,5,50,3,2,1,5,4,5,7,4,4,1,4,4,2,13,2,62,2,3,1,4,7,9,1,8,2,8,,23,23,1,22,9,121.5521905,25.0615783
111,4,8,13,35,2,06松山區,松山區民權東路4段與富錦街107巷口,0,0,2,2,B03,8,1,5,50,3,2,1,5,4,5,7,4,4,1,4,4,2,13,1,41,2,2,1,4,7,9,1,8,2,6,,44,23,1,22,9,121.5521905,25.0615783
111,4,8,13,37,2,04大安區,大安區羅斯福路4段與無名巷口,0,0,1,1,C03,8,1,5,50,4,2,1,5,4,5,7,4,4,9,5,5,1,13,2,37,2,7,1,4,7,9,1,10,1,11,,16,16,1,22,9,121.5376409,25.0099823
111,4,8,13,37,2,04大安區,大安區羅斯福路4段與無名巷口,0,0,1,2,B01,8,1,5,50,4,2,1,5,4,5,7,4,4,9,5,5,1,13,1,68,3,10,1,4,7,6,1,4,1,7,,44,16,1,22,9,121.5376409,25.0099823
111,4,8,13,37,2,09北投區,北投區大業路與泉源路口,0,0,2,1,C03,8,1,5,50,14,9,1,5,4,5,7,1,1,9,4,5,2,16,1,59,2,8,1,1,7,9,1,10,1,11,,23,23,1,22,9,121.5038236,25.13719931
111,4,8,13,37,2,09北投區,北投區大業路與泉源路口,0,0,2,2,C03,8,1,5,50,14,9,1,5,4,5,7,1,1,9,4,5,2,16,1,24,2,8,1,1,7,5,1,10,1,11,,44,23,1,22,9,121.5038236,25.13719931
111,4,8,13,52,2,02萬華區,萬華區環河南路3段131號,0,0,1,1,B12,8,1,5,50,14,9,1,5,4,5,7,4,4,1,4,5,2,17,1,57,3,10,1,1,7,2,1,8,1,1,,12,12,1,22,9,121.491346,25.023714
111,4,8,13,52,2,02萬華區,萬華區環河南路3段131號,0,0,1,2,C03,8,1,5,50,14,9,1,5,4,5,7,4,4,1,4,5,2,17,2,61,2,9,1,1,7,9,1,10,1,12,,44,12,1,22,9,121.491346,25.023714
111,4,8,14,3,2,01大同區,大同區承德路2段日新國小旁,0,0,1,1,C03,7,1,5,50,14,9,1,5,4,5,7,4,4,1,4,5,2,12,2,25,2,7,1,4,7,7,1,10,1,14,,7,7,1,22,9,121.517817,25.05388084
111,4,8,14,3,2,01大同區,大同區承德路2段日新國小旁,0,0,1,2,B03,7,1,5,50,14,9,1,5,4,5,7,4,4,1,4,5,2,12,1,63,3,10,3,4,7,9,1,8,1,2,,44,7,1,22,9,121.517817,25.05388084
111,4,8,14,10,2,10文山區,文山區木柵路1段與木柵路1段103巷口,0,0,1,1,C03,8,1,5,50,3,1,1,5,4,5,7,4,4,5,2,5,2,13,1,36,2,9,1,4,7,9,1,10,2,11,,16,16,1,22,9,121.5479057,24.98705207
111,4,8,14,10,2,10文山區,文山區木柵路1段與木柵路1段103巷口,0,0,1,2,C03,8,1,5,50,3,1,1,5,4,5,7,4,4,5,2,5,2,13,1,32,3,10,1,4,7,9,1,10,2,13,,44,16,1,22,9,121.5479057,24.98705207
111,4,8,14,21,2,10文山區,文山區羅斯福路5段269巷與景隆街1巷口,0,0,2,1,F01,8,1,5,0,3,1,1,5,4,5,7,4,4,10,5,5,2,16,1,20,2,9,1,1,7,5,8,20,1,16,,6,6,1,22,9,121.5403467,25.00127313
111,4,8,14,21,2,10文山區,文山區羅斯福路5段269巷與景隆街1巷口,0,0,2,2,C03,8,1,5,0,3,1,1,5,4,5,7,4,4,10,5,5,2,16,2,53,2,9,1,1,7,9,3,18,1,11,,44,6,1,22,9,121.5403467,25.00127313
111,4,8,14,26,2,03中山區,中山區長安東路2段與龍江路口,0,0,1,1,B03,8,1,5,50,4,1,1,5,4,5,7,1,1,5,4,5,2,12,2,79,3,10,1,1,7,6,1,8,1,2,,9,9,1,22,9,121.5404288,25.04831482
111,4,8,14,26,2,03中山區,中山區長安東路2段與龍江路口,0,0,1,2,C03,8,1,5,50,4,1,1,5,4,5,7,1,1,5,4,5,2,12,1,53,2,9,1,1,7,9,1,10,1,14,,44,9,1,22,9,121.5404288,25.04831482
111,4,8,14,30,2,06松山區,松山區民權東路5段11號,0,0,2,1,C03,8,1,5,50,14,9,1,5,4,5,7,4,4,1,4,5,2,13,1,21,2,9,1,1,7,9,1,10,1,11,,16,16,1,22,9,121.5655763,25.0632443
111,4,8,14,30,2,06松山區,松山區民權東路5段11號,0,0,2,2,F01,8,1,5,50,14,9,1,5,4,5,7,4,4,1,4,5,2,13,1,56,2,9,1,1,7,21,8,20,1,16,,44,16,1,22,9,121.5655763,25.0632443
111,4,8,14,37,2,06松山區,松山區八德路4段與光復南路口,0,0,2,1,C03,8,1,5,50,4,1,1,5,4,5,7,2,1,9,4,5,2,17,1,24,2,9,1,1,7,8,1,10,1,12,,7,7,1,22,9,121.5578975,25.04820627
111,4,8,14,37,2,06松山區,松山區八德路4段與光復南路口,0,0,2,2,C03,8,1,5,50,4,1,1,5,4,5,7,2,1,9,4,5,2,17,1,36,2,9,1,1,7,9,1,10,1,11,,44,7,1,22,9,121.5578975,25.04820627
111,4,8,14,40,2,10文山區,文山區興隆路1段190號,0,0,1,1,B12,8,1,5,50,14,9,1,5,4,5,7,4,4,1,4,5,2,17,1,37,3,10,1,4,7,11,1,8,1,6,,44,44,1,22,9,121.5480082,24.9997132
111,4,8,14,40,2,10文山區,文山區興隆路1段190號,0,0,1,2,C03,8,1,5,50,14,9,1,5,4,5,7,4,4,1,4,5,2,17,1,61,2,9,1,4,7,9,1,10,1,12,,14,44,1,22,9,121.5480082,24.9997132
111,4,8,14,44,2,05中正區,中正區中華路1段89巷,0,0,1,1,C03,8,1,5,50,14,9,1,5,4,5,7,4,4,1,4,1,1,12,1,18,3,10,1,1,7,9,1,10,2,14,,17,17,1,22,9,121.5073131,25.03804378
111,4,8,14,44,2,05中正區,中正區中華路1段89巷,0,0,1,2,C03,8,1,5,50,14,9,1,5,4,5,7,4,4,1,4,1,1,12,1,72,2,1,1,1,7,9,1,10,2,12,,44,17,1,22,9,121.5073131,25.03804378
111,4,8,14,50,2,12內湖區,內湖區瑞光路192號與瑞光路188巷口,0,0,1,1,C03,8,1,5,50,3,2,1,5,4,5,7,4,4,4,5,5,1,12,1,36,2,9,3,4,7,9,1,10,1,11,,44,44,1,22,9,121.5771639,25.0740875
111,4,8,14,50,2,12內湖區,內湖區瑞光路192號與瑞光路188巷口,0,0,1,2,A11,8,1,5,50,3,2,1,5,4,5,7,4,4,4,5,5,1,12,1,44,3,10,3,4,7,1,1,3,1,4,,19,44,1,22,9,121.5771639,25.0740875
111,4,8,14,50,2,12內湖區,內湖區瑞光路192號與瑞光路188巷口,0,0,1,3,B11,8,1,5,50,3,2,1,5,4,5,7,4,4,4,5,5,1,12,1,27,3,10,3,4,7,15,1,8,9,15,,38,44,1,22,9,121.5771639,25.0740875
111,4,8,15,5,2,05中正區,中正區中山南路與凱達格蘭大道口口,0,0,2,1,C03,8,1,5,50,4,2,1,5,4,5,7,2,1,9,4,5,1,16,1,36,2,7,1,1,7,6,1,10,1,12,,9,9,1,21,1,121.5173576,25.03875062
111,4,8,15,5,2,05中正區,中正區中山南路與凱達格蘭大道口口,0,0,2,2,C03,8,1,5,50,4,2,1,5,4,5,7,2,1,9,4,5,1,16,1,41,2,5,1,1,7,14,1,10,1,13,,44,9,1,21,1,121.5173576,25.03875062
111,4,8,15,10,2,05中正區,中正區水源路往北中正橋下,0,0,1,1,C03,8,1,5,50,11,9,1,5,4,5,7,4,4,3,4,5,2,17,1,18,2,9,1,1,7,9,1,10,1,12,,23,23,1,22,9,121.5167867,25.02186454
111,4,8,15,10,2,05中正區,中正區水源路往北中正橋下,0,0,1,2,B12,8,1,5,50,11,9,1,5,4,5,7,4,4,3,4,5,2,17,1,47,3,10,1,1,7,13,1,8,1,6,,44,23,1,22,9,121.5167867,25.02186454
111,4,8,15,10,2,05中正區,中正區水源路往北中正橋下,0,0,1,3,H03,8,1,5,50,11,9,1,5,4,5,7,4,4,3,4,5,2,17,1,36,3,10,4,5,8,20,8,20,10,16,,67,23,1,22,9,121.5167867,25.02186454
111,4,8,15,20,2,06松山區,松山區南京東路5段202號,0,0,1,1,B01,8,1,5,50,14,9,1,5,4,5,7,4,4,1,4,5,2,17,1,38,3,10,3,4,7,8,1,4,1,15,,7,7,1,22,9,121.5647824,25.05131182
111,4,8,15,20,2,06松山區,松山區南京東路5段202號,0,0,1,2,C03,8,1,5,50,14,9,1,5,4,5,7,4,4,1,4,5,2,17,1,50,2,9,3,4,7,9,1,9,1,14,,42,7,1,22,9,121.5647824,25.05131182
111,4,8,15,35,2,11南港區,南港區忠孝東路6段195號,0,0,1,1,C03,8,1,5,40,14,8,1,5,4,5,7,4,4,1,3,4,2,13,2,20,2,8,1,1,7,9,1,10,2,11,,23,23,1,22,9,121.5877759,25.04903156
111,4,8,15,35,2,11南港區,南港區忠孝東路6段195號,0,0,1,2,B01,8,1,5,40,14,8,1,5,4,5,7,4,4,1,3,4,2,13,1,58,3,10,1,1,7,14,1,8,2,7,,16,23,1,22,9,121.5877759,25.04903156
111,4,8,15,41,2,09北投區,北投區崗山路與崗山路11巷口,0,0,1,1,C03,8,1,5,30,14,9,1,5,4,5,7,4,4,9,5,5,2,18,2,48,2,8,1,1,7,15,1,10,1,14,,42,42,1,22,9,121.4865149,25.14105474
111,4,8,15,41,2,09北投區,北投區崗山路與崗山路11巷口,0,0,1,2,,8,1,5,30,14,9,1,5,4,5,7,4,4,9,5,5,2,18,3,,,,,,,,,,,,,67,42,1,,,121.4865149,25.14105474
111,4,8,16,8,2,09北投區,北投區中央北路4段48號,0,0,1,2,C03,8,1,5,50,14,9,1,5,4,5,7,2,1,5,4,5,1,17,1,32,2,9,1,1,7,9,1,10,1,11,,44,10,1,22,9,121.4774337,25.13458184
111,4,8,16,8,2,09北投區,北投區中央北路4段48號,0,0,1,1,B03,8,1,5,50,14,9,1,5,4,5,7,2,1,5,4,5,1,17,2,41,3,10,1,1,7,11,1,8,1,4,,10,10,1,22,9,121.4774337,25.13458184
111,4,8,16,23,2,10文山區,文山區木新路2段與恆光街口,0,0,1,1,C03,8,1,5,50,4,1,1,5,4,5,7,2,1,9,4,5,2,16,1,20,2,9,1,1,7,5,1,10,1,11,,6,6,1,22,9,121.5667454,24.98325998
111,4,8,16,23,2,10文山區,文山區木新路2段與恆光街口,0,0,1,2,C03,8,1,5,50,4,1,1,5,4,5,7,2,1,9,4,5,2,16,2,25,3,10,1,1,7,9,1,10,1,12,,44,6,1,22,9,121.5667454,24.98325998
111,4,8,16,31,2,10文山區,文山區辛亥路4段與興隆路2段口,0,0,1,1,B12,8,1,5,50,4,1,1,5,4,5,7,1,1,1,4,5,2,12,1,64,3,10,1,1,7,9,1,2,1,5,,23,23,1,22,9,121.5545831,25.0009271
111,4,8,16,31,2,10文山區,文山區辛亥路4段與興隆路2段口,0,0,1,2,C03,8,1,5,50,4,1,1,5,4,5,7,1,1,1,4,5,2,12,2,38,2,9,1,1,7,8,1,10,1,13,,7,23,1,22,9,121.5545831,25.0009271
111,4,8,16,55,2,05中正區,中正區中華路2段311巷21號,0,0,1,1,C03,8,1,5,30,14,9,1,5,4,5,7,4,4,10,5,5,2,9,2,60,3,10,1,1,7,1,1,10,2,11,,19,19,1,22,9,121.5064587,25.02886545
111,4,8,16,55,2,05中正區,中正區中華路2段311巷21號,0,0,1,2,H01,8,1,5,30,14,9,1,5,4,5,7,4,4,10,5,5,2,9,2,40,2,8,4,5,8,17,8,20,10,16,,67,19,1,22,9,121.5064587,25.02886545
111,4,8,17,2,2,12內湖區,內湖區內湖路1段與文湖街口,0,0,1,1,C03,8,1,5,50,3,1,1,5,4,5,7,4,4,1,4,4,2,16,1,32,2,9,1,1,7,9,1,10,2,12,,23,23,1,22,9,121.5596859,25.08501479
111,4,8,17,2,2,12內湖區,內湖區內湖路1段與文湖街口,0,0,1,2,B03,8,1,5,50,3,1,1,5,4,5,7,4,4,1,4,4,2,16,1,30,3,10,1,1,7,6,1,8,2,8,,6,23,1,22,9,121.5596859,25.08501479
111,4,8,17,10,2,03中山區,中山區長安東路1段53巷與林森北路85巷口,0,0,2,1,C03,8,1,5,30,4,1,1,5,4,5,7,4,4,10,4,5,1,15,2,50,2,8,1,1,7,9,1,10,1,11,,6,6,1,22,9,121.5265531,25.04941931
111,4,8,17,10,2,03中山區,中山區長安東路1段53巷與林森北路85巷口,0,0,2,2,C03,8,1,5,30,4,1,1,5,4,5,7,4,4,10,4,5,1,15,2,23,2,8,1,1,7,9,1,10,1,11,,14,6,1,22,9,121.5265531,25.04941931
111,4,8,17,18,2,03中山區,中山區民族東路新生公園,0,0,1,1,B02,8,1,5,50,15,9,1,5,4,5,7,4,4,1,4,5,2,16,1,38,3,10,1,1,7,6,1,8,1,2,,9,9,1,22,9,121.5309476,25.06840495
111,4,8,17,18,2,03中山區,中山區民族東路新生公園,0,0,1,2,C03,8,1,5,50,15,9,1,5,4,5,7,4,4,1,4,5,2,16,1,21,2,9,1,1,7,9,1,10,1,14,,23,9,1,22,9,121.5309476,25.06840495
111,4,8,17,52,2,10文山區,文山區福興路45號,0,0,1,1,H01,8,3,5,30,14,9,1,5,4,5,7,4,4,10,5,5,2,3,1,7,2,9,4,5,8,16,8,20,10,16,,51,51,1,22,9,121.5507369,25.00324261
111,4,8,17,52,2,10文山區,文山區福興路45號,0,0,1,2,C03,8,3,5,30,14,9,1,5,4,5,7,4,4,10,5,5,2,3,2,42,3,10,1,1,7,9,1,10,2,11,,23,51,1,22,9,121.5507369,25.00324261
111,4,8,18,5,2,11南港區,南港區大坑街與研究院路2段口,0,0,1,1,B03,8,3,5,50,4,2,1,5,4,5,7,1,1,1,3,5,1,12,1,52,3,10,1,1,7,6,1,8,2,6,,9,9,1,21,9,121.6159275,25.04877276
111,4,8,18,5,2,11南港區,南港區大坑街與研究院路2段口,0,0,1,2,C03,8,3,5,50,4,2,1,5,4,5,7,1,1,1,3,5,1,12,1,24,2,8,1,1,7,9,1,10,2,11,,44,9,1,22,9,121.6159275,25.04877276
111,4,8,18,12,2,06松山區,松山區八德路3段與八德路3段106巷口,0,0,1,1,B03,8,3,5,50,5,1,1,5,4,5,7,1,1,5,4,5,2,16,1,24,3,10,3,4,7,6,1,8,1,5,,6,6,1,22,9,121.5536447,25.04816899
111,4,8,18,12,2,06松山區,松山區八德路3段與八德路3段106巷口,0,0,1,2,C03,8,3,5,50,5,1,1,5,4,5,7,1,1,5,4,5,2,16,2,61,2,9,3,4,7,9,1,10,1,13,,44,6,1,22,9,121.5536447,25.04816899
111,4,8,18,38,2,04大安區,大安區四維路154巷與敦化南路2段口,0,0,1,1,C03,8,3,5,50,5,1,1,5,4,5,7,4,4,1,5,5,2,16,1,28,3,10,1,1,7,5,1,9,1,11,,8,8,1,22,9,121.5485667,25.03095047
111,4,8,18,38,2,04大安區,大安區四維路154巷與敦化南路2段口,0,0,1,2,C03,8,3,5,50,5,1,1,5,4,5,7,4,4,1,5,5,2,16,2,30,2,9,1,1,7,9,1,10,1,14,,44,8,1,22,9,121.5485667,25.03095047
111,4,8,19,3,2,09北投區,北投區大度路1段與承德路7段口,0,0,1,1,B01,7,3,5,60,5,1,1,5,4,5,7,1,1,1,2,1,1,11,1,29,3,10,1,1,7,5,1,4,1,5,,8,8,1,22,9,121.4994566,25.12091869
111,4,8,19,3,2,09北投區,北投區大度路1段與承德路7段口,0,0,1,2,C03,7,3,5,60,5,1,1,5,4,5,7,1,1,1,2,1,1,11,1,20,2,9,1,1,7,9,1,10,1,11,,23,8,1,22,9,121.4994566,25.12091869
111,4,8,19,16,2,03中山區,中山區新生北路1段110-1號,0,0,1,1,B03,7,3,5,50,4,1,1,5,4,5,7,2,1,5,4,5,2,3,1,53,3,10,3,4,7,5,1,8,1,5,,23,23,1,22,9,121.5279458,25.0507367
111,4,8,19,16,2,03中山區,中山區新生北路1段110-1號,0,0,1,2,H01,7,3,5,50,4,1,1,5,4,5,7,2,1,5,4,5,2,3,2,63,2,9,4,5,8,16,8,20,10,16,,51,23,1,22,9,121.5279458,25.0507367
111,4,8,19,34,2,04大安區,大安區光復南路408號,0,0,1,1,B03,7,3,5,50,14,9,1,5,4,5,7,4,4,8,3,5,2,17,2,43,3,10,1,1,7,15,1,8,1,4,,40,40,1,22,9,121.5574708,25.03680069
111,4,8,19,34,2,04大安區,大安區光復南路408號,0,0,1,2,C03,7,3,5,50,14,9,1,5,4,5,7,4,4,8,3,5,2,17,1,50,2,9,1,1,7,9,1,10,1,11,,44,40,1,22,9,121.5574708,25.03680069
111,4,8,19,45,2,11南港區,南港區成美橋與八德路4段口,0,0,2,1,C03,7,3,5,50,5,1,1,5,4,5,7,1,1,10,4,5,2,12,1,31,2,7,1,1,7,6,1,10,1,14,,44,44,1,22,9,121.5826892,25.05168031