發生年度,發生月,發生日,發生時-Hours,發生分,處理別-編號,區序,肇事地點,死亡人數,2-30日死亡人數,受傷人數,當事人序號,車種,天候,光線,道路類別,速限-速度限制,道路型態,事故位置,路面狀況1,路面狀況2,路面狀況3,道路障礙1,道路障礙2,號誌1,號誌2,車道劃分-分向,車道劃分-分道1,車道劃分-分道2,車道劃分-分道3,事故類型及型態,性別,年齡,受傷程度,主要傷處,安全帽,行動電話,車輛用途,當事者行動狀態,駕駛資格情形,駕駛執照種類,飲酒情形,車輛撞擊部位1,車輛撞擊部位2,肇因碼-個別,肇因碼-主要,個人肇逃否,職業,旅次目的,座標-X,座標-Y
111,4,8,19,45,2,11南港區,南港區成美橋與八德路4段口,0,0,2,2,C03,7,3,5,50,5,1,1,5,4,5,7,1,1,10,4,5,2,12,2,30,2,8,1,1,7,9,1,10,1,14,,44,44,1,22,9,121.5826892,25.05168031
111,4,8,20,30,2,09北投區,北投區中央北路2段338號,0,0,1,1,B03,8,3,5,50,14,9,1,5,4,5,7,3,1,5,4,5,2,16,2,58,3,10,1,1,7,1,1,8,1,1,,19,19,1,22,9,121.4888876,25.13849449
111,4,8,20,30,2,09北投區,北投區中央北路2段338號,0,0,1,2,C03,8,3,5,50,14,9,1,5,4,5,7,3,1,5,4,5,2,16,1,18,2,9,1,1,7,9,1,10,1,12,,44,19,1,22,9,121.4888876,25.13849449
111,4,8,21,10,2,12內湖區,內湖區五分街與安康路口,0,0,2,1,C03,7,3,5,40,4,1,1,5,4,5,7,4,4,9,5,5,2,15,1,58,2,9,1,1,7,9,6,18,1,11,,13,13,1,22,9,121.6152411,25.0673306
111,4,8,21,10,2,12內湖區,內湖區五分街與安康路口,0,0,2,2,C03,7,3,5,40,4,1,1,5,4,5,7,4,4,9,5,5,2,15,2,43,2,9,1,1,7,9,1,10,1,12,,6,13,1,22,9,121.6152411,25.0673306
111,4,8,21,54,2,05中正區,中正區重慶南路3段與汀州路2段口,0,0,1,1,C03,7,3,5,30,4,2,1,5,4,5,7,1,1,2,4,5,2,17,2,33,2,9,1,1,7,8,1,10,2,12,,7,7,1,22,9,121.5164701,25.02561992
111,4,8,21,54,2,05中正區,中正區重慶南路3段與汀州路2段口,0,0,1,2,B01,7,3,5,30,4,2,1,5,4,5,7,1,1,2,4,5,2,17,1,55,3,10,1,1,7,9,1,4,2,8,,44,7,1,22,9,121.5164701,25.02561992
111,4,8,21,54,2,05中正區,中正區重慶南路3段與汀州路2段口,0,0,1,3,B01,7,3,5,30,4,2,1,5,4,5,7,1,1,2,4,5,2,17,1,45,3,10,1,1,7,8,1,4,9,15,,7,7,1,22,9,121.5164701,25.02561992
111,4,8,22,2,2,06松山區,松山區復興北路與興安街口,0,0,1,1,C03,8,3,5,50,4,1,1,5,4,5,7,1,1,1,3,5,2,12,2,53,2,8,1,1,7,7,1,10,2,14,,7,7,1,6,7,121.5442678,25.05607174
111,4,8,22,2,2,06松山區,松山區復興北路與興安街口,0,0,1,2,B02,8,3,5,50,4,1,1,5,4,5,7,1,1,1,3,5,2,12,2,44,3,10,1,1,7,1,1,8,2,8,,44,7,1,22,1,121.5442678,25.05607174
111,4,8,22,30,2,09北投區,北投區大度路1段與中央南路2段口,0,0,1,1,B02,7,3,5,40,5,1,1,5,4,5,7,1,1,9,4,5,1,16,2,28,3,10,1,1,7,9,1,8,1,5,,6,6,1,22,9,121.4996876,25.12124645
111,4,8,22,30,2,09北投區,北投區大度路1段與中央南路2段口,0,0,1,2,C03,7,3,5,40,5,1,1,5,4,5,7,1,1,9,4,5,1,16,2,22,2,9,1,1,7,9,1,10,1,13,,44,6,1,22,9,121.4996876,25.12124645
111,4,8,23,40,2,12內湖區,內湖區內湖路1段296號旁,0,0,2,1,B03,8,3,5,50,3,2,1,5,4,5,7,1,1,1,4,5,2,16,1,59,4,11,3,4,7,6,7,19,5,15,,9,9,2,22,9,121.5683653,25.08203612
111,4,8,23,40,2,12內湖區,內湖區內湖路1段296號旁,0,0,2,2,C03,8,3,5,50,3,2,1,5,4,5,7,1,1,1,4,5,2,16,1,51,2,9,1,1,7,9,1,10,2,14,,44,9,1,22,9,121.5683653,25.08203612
111,4,8,23,40,2,12內湖區,內湖區內湖路1段296號旁,0,0,2,3,H02,8,3,5,50,3,2,1,5,4,5,7,1,1,1,4,5,2,16,2,46,2,9,1,5,7,21,8,20,10,16,,67,9,1,22,9,121.5683653,25.08203612
111,4,8,23,40,2,12內湖區,內湖區內湖路1段296號旁,0,0,2,4,H02,8,3,5,50,3,2,1,5,4,5,7,1,1,1,4,5,2,16,2,4,3,10,1,5,7,21,8,20,10,16,,67,9,1,22,9,121.5683653,25.08203612
111,4,9,3,32,2,10文山區,文山區興隆路4段217號,0,0,1,1,C03,8,3,5,50,14,9,1,5,4,5,7,1,1,1,4,5,2,18,2,26,2,9,3,4,7,9,3,18,2,12,,43,43,1,22,9,121.5624147,24.98257511
111,4,9,3,32,2,10文山區,文山區興隆路4段217號,0,0,1,2,,8,3,5,50,14,9,1,5,4,5,7,1,1,1,4,5,2,18,3,,,,,,,,,,9,,,67,43,1,,,121.5624147,24.98257511
111,4,9,6,37,2,04大安區,大安區忠孝東路4段與延吉街口,0,0,1,1,B01,8,1,5,50,4,2,1,5,4,5,7,1,1,1,3,5,2,17,1,56,3,10,1,1,7,9,1,4,1,8,,25,25,1,22,9,121.5546692,25.04132889
111,4,9,6,37,2,04大安區,大安區忠孝東路4段與延吉街口,0,0,1,2,C03,8,1,5,50,4,2,1,5,4,5,7,1,1,1,3,5,2,17,2,29,2,9,1,1,7,5,1,10,1,12,,44,25,1,22,9,121.5546692,25.04132889
111,4,9,7,10,2,09北投區,北投區北投路2段與大興街23巷口,0,0,3,1,C03,8,1,5,50,3,1,1,5,4,5,7,2,1,9,4,5,1,11,1,82,2,9,1,1,7,5,1,10,1,11,,8,8,1,22,9,121.4977937,25.1323379
111,4,9,7,10,2,09北投區,北投區北投路2段與大興街23巷口,0,0,3,2,C03,8,1,5,50,3,1,1,5,4,5,7,2,1,9,4,5,1,11,1,30,2,9,1,1,7,9,1,10,1,11,,13,8,1,22,9,121.4977937,25.1323379
111,4,9,7,10,2,09北投區,北投區北投路2段與大興街23巷口,0,0,3,3,H02,8,1,5,50,3,1,1,5,4,5,7,2,1,9,4,5,1,11,2,71,2,9,1,5,7,20,8,20,10,16,,67,8,1,22,9,121.4977937,25.1323379
111,4,9,7,45,2,10文山區,文山區羅斯福路5段與羅斯福路5段170巷口,0,0,1,1,B12,8,1,5,50,4,1,1,5,4,5,7,2,1,5,5,5,2,9,1,69,3,10,1,1,7,5,1,8,2,7,,15,15,1,22,9,121.5388687,25.0046119
111,4,9,7,45,2,10文山區,文山區羅斯福路5段與羅斯福路5段170巷口,0,0,1,2,H01,8,1,5,50,4,1,1,5,4,5,7,2,1,5,5,5,2,9,1,81,2,9,4,5,8,16,8,20,10,15,,67,15,1,22,9,121.5388687,25.0046119
111,4,9,8,24,2,04大安區,大安區仁愛路4段與復興南路1段口,0,0,3,1,C04,8,1,5,50,5,1,1,5,4,5,7,2,1,1,4,4,2,12,2,20,2,9,1,1,7,6,1,11,1,12,,9,9,1,22,9,121.5438065,25.03812425
111,4,9,8,24,2,04大安區,大安區仁愛路4段與復興南路1段口,0,0,3,2,C03,8,1,5,50,5,1,1,5,4,5,7,2,1,1,4,4,2,12,1,48,2,9,1,1,7,9,1,10,1,14,,16,9,1,22,9,121.5438065,25.03812425
111,4,9,8,24,2,04大安區,大安區仁愛路4段與復興南路1段口,0,0,3,3,H02,8,1,5,50,5,1,1,5,4,5,7,2,1,1,4,4,2,12,2,19,2,9,4,1,7,17,8,20,1,16,,67,9,1,22,9,121.5438065,25.03812425
111,4,9,8,38,2,12內湖區,內湖區內湖路1段與文湖街口,0,0,1,1,B01,8,1,5,50,3,2,1,5,4,5,7,4,4,1,4,4,2,13,1,65,3,10,1,1,7,9,1,4,2,6,,44,44,1,22,9,121.559475,25.08505032
111,4,9,8,38,2,12內湖區,內湖區內湖路1段與文湖街口,0,0,1,2,C03,8,1,5,50,3,2,1,5,4,5,7,4,4,1,4,4,2,13,1,18,2,9,1,1,7,7,1,10,2,11,,7,44,1,22,9,121.559475,25.08505032
111,4,9,8,38,2,12內湖區,內湖區內湖路1段與文湖街口,0,0,1,3,B01,8,1,5,50,3,2,1,5,4,5,7,4,4,1,4,4,2,13,1,60,3,10,3,4,7,6,1,4,11,15,,6,44,1,22,9,121.559475,25.08505032
111,4,9,8,40,2,05中正區,中正區汀州路2段與牯嶺街口口,0,0,2,1,C03,8,1,5,50,4,1,1,5,4,5,7,1,1,5,5,5,1,17,1,38,2,9,1,1,7,5,1,10,2,14,,44,44,1,22,9,121.5190458,25.0250289
111,4,9,8,40,2,05中正區,中正區汀州路2段與牯嶺街口口,0,0,2,2,C03,8,1,5,50,4,1,1,5,4,5,7,1,1,5,5,5,1,17,2,29,2,9,1,1,7,4,1,10,2,12,,1,44,1,22,9,121.5190458,25.0250289
111,4,9,8,40,2,05中正區,中正區汀州路2段與牯嶺街口口,0,0,2,3,H02,8,1,5,50,4,1,1,5,4,5,7,1,1,5,5,5,1,17,2,8,4,11,1,5,7,20,8,20,10,16,,67,44,1,22,9,121.5190458,25.0250289
111,4,9,8,50,2,05中正區,中正區仁愛路2段與臨沂街口口,0,0,1,1,B03,8,1,5,50,4,1,1,5,4,5,7,2,1,9,4,5,1,17,2,61,3,10,1,1,7,5,1,8,2,15,,8,8,1,21,5,121.5294154,25.03822237
111,4,9,8,50,2,05中正區,中正區仁愛路2段與臨沂街口口,0,0,1,2,C03,8,1,5,50,4,1,1,5,4,5,7,2,1,9,4,5,1,17,1,18,2,8,1,1,7,9,1,10,2,15,,44,8,1,16,2,121.5294154,25.03822237
111,4,9,9,5,2,03中山區,中山區民族東路與新生北路3段口,0,0,1,1,B12,8,1,5,50,4,1,1,5,4,5,7,2,1,1,4,5,2,17,1,28,3,10,3,4,7,11,1,7,2,15,,26,26,1,22,9,121.5280281,25.06829208
111,4,9,9,5,2,03中山區,中山區民族東路與新生北路3段口,0,0,1,2,C03,8,1,5,50,4,1,1,5,4,5,7,2,1,1,4,5,2,17,1,26,2,9,1,4,7,9,1,10,2,15,,44,26,1,22,9,121.5280281,25.06829208
111,4,9,9,30,2,05中正區,中正區中華路2段與南海路138巷附近口,0,0,1,1,B03,8,1,5,50,3,1,1,5,4,5,7,4,4,9,5,5,2,16,1,53,3,10,1,1,7,6,1,8,2,2,,9,9,1,22,9,121.5066739,25.0273782
111,4,9,9,30,2,05中正區,中正區中華路2段與南海路138巷附近口,0,0,1,2,C03,8,1,5,50,3,1,1,5,4,5,7,4,4,9,5,5,2,16,2,28,2,9,1,1,7,9,1,10,2,14,,44,9,1,22,9,121.5066739,25.0273782
111,4,9,10,0,2,04大安區,大安區辛亥路1段與泰順街口口,0,0,1,1,,8,1,5,0,14,9,1,5,4,5,7,4,4,5,5,5,2,29,3,,,,,,,,,,,,,61,61,1,,,121.5314549,25.02206011
111,4,9,10,0,2,04大安區,大安區辛亥路1段與泰順街口口,0,0,1,2,F01,8,1,5,0,14,9,1,5,4,5,7,4,4,5,5,5,2,29,2,62,2,7,1,1,7,9,8,20,11,16,,23,61,1,22,9,121.5314549,25.02206011
111,4,9,10,2,2,02萬華區,萬華區東園街67巷42號,0,0,1,1,C03,8,1,5,30,4,1,1,5,4,5,7,4,4,10,5,5,2,17,2,58,2,9,1,1,7,9,1,10,1,12,,6,6,1,22,9,121.4975911,25.0266261
111,4,9,10,2,2,02萬華區,萬華區東園街67巷42號,0,0,1,2,B03,8,1,5,30,4,1,1,5,4,5,7,4,4,10,5,5,2,17,1,56,3,10,1,1,7,9,1,8,1,1,,44,6,1,22,9,121.4975911,25.0266261
111,4,9,10,5,2,07信義區,信義區基隆路2段與和平東路3段口,0,0,1,1,F02,8,1,5,0,5,2,1,5,4,5,7,2,1,1,4,5,2,17,2,74,2,9,1,1,7,11,8,20,1,16,,25,25,1,22,9,121.5529112,25.02461357
111,4,9,10,5,2,07信義區,信義區基隆路2段與和平東路3段口,0,0,1,2,B03,8,1,5,0,5,2,1,5,4,5,7,2,1,1,4,5,2,17,1,64,3,10,1,1,7,9,1,8,1,1,,23,25,1,22,9,121.5529112,25.02461357
111,4,9,10,25,2,06松山區,松山區復興北路與復興北路141巷口,0,0,1,1,B03,8,1,5,50,4,1,1,5,4,5,7,1,1,1,4,5,2,17,2,40,3,10,1,1,7,5,1,8,1,1,,6,6,1,22,9,121.5442045,25.05330603
111,4,9,10,25,2,06松山區,松山區復興北路與復興北路141巷口,0,0,1,2,C03,8,1,5,50,4,1,1,5,4,5,7,1,1,1,4,5,2,17,2,44,2,9,1,1,7,9,1,10,1,14,,23,6,1,22,9,121.5442045,25.05330603
111,4,9,10,30,2,05中正區,中正區羅斯福路4段與基隆路4段口口,0,0,1,4,H02,8,1,5,50,5,1,1,5,4,5,7,1,1,1,4,5,1,17,2,40,4,11,1,5,7,20,8,20,10,16,,67,8,1,22,9,121.536938,25.01135147
111,4,9,10,30,2,05中正區,中正區羅斯福路4段與基隆路4段口口,0,0,1,1,C03,8,1,5,50,5,1,1,5,4,5,7,1,1,1,4,5,1,17,1,37,2,9,1,1,7,5,1,10,2,14,,8,8,1,22,9,121.536938,25.01135147
111,4,9,10,30,2,05中正區,中正區羅斯福路4段與基隆路4段口口,0,0,1,2,C03,8,1,5,50,5,1,1,5,4,5,7,1,1,1,4,5,1,17,1,42,3,10,1,1,7,9,1,9,2,12,,44,8,1,22,9,121.536938,25.01135147
111,4,9,10,30,2,05中正區,中正區羅斯福路4段與基隆路4段口口,0,0,1,3,H02,8,1,5,50,5,1,1,5,4,5,7,1,1,1,4,5,1,17,2,35,4,11,1,1,7,20,8,20,10,16,,67,8,1,22,9,121.536938,25.01135147
111,4,9,10,35,2,12內湖區,內湖區瑞光路與瑞光路316巷口,0,0,1,1,C01,8,1,5,50,3,1,1,5,4,5,7,2,1,9,4,5,2,17,1,59,3,10,1,1,7,5,1,9,1,15,,8,8,1,22,9,121.5740076,25.0768195
111,4,9,10,35,2,12內湖區,內湖區瑞光路與瑞光路316巷口,0,0,1,2,C03,8,1,5,50,3,1,1,5,4,5,7,2,1,9,4,5,2,17,2,35,2,9,1,1,7,9,1,10,1,15,,23,8,1,22,9,121.5740076,25.0768195
111,4,9,10,59,2,03中山區,中山區大直橋往北,0,0,2,1,B03,8,1,5,50,8,11,1,5,4,5,7,4,4,1,1,4,1,17,1,58,3,10,3,4,7,8,1,8,1,15,,26,26,1,22,9,121.544501,25.07697603
111,4,9,10,59,2,03中山區,中山區大直橋往北,0,0,2,2,C03,8,1,5,50,8,11,1,5,4,5,7,4,4,1,1,4,1,17,2,38,2,9,3,4,7,9,1,10,1,11,,23,26,1,22,9,121.544501,25.07697603
111,4,9,10,59,2,03中山區,中山區大直橋往北,0,0,2,3,C03,8,1,5,50,8,11,1,5,4,5,7,4,4,1,1,4,1,17,1,29,2,9,3,4,7,9,1,10,1,13,,44,26,1,22,9,121.544501,25.07697603
111,4,9,11,0,2,06松山區,松山區光復北路60巷與八德路3段155巷口,0,0,1,1,B03,8,1,5,30,4,1,1,5,4,5,7,3,1,9,4,5,2,15,1,24,3,10,1,1,7,9,1,8,1,4,,6,6,1,22,9,121.5550865,25.04980325
111,4,9,11,0,2,06松山區,松山區光復北路60巷與八德路3段155巷口,0,0,1,2,C03,8,1,5,30,4,1,1,5,4,5,7,3,1,9,4,5,2,15,1,22,2,9,1,1,7,9,1,10,1,11,,23,6,1,22,9,121.5550865,25.04980325
111,4,9,11,10,2,05中正區,中正區中山北路1段與市民大道1段口,0,0,2,3,H02,8,1,5,40,4,1,1,5,4,5,7,1,1,1,5,5,2,17,2,16,2,8,4,5,7,20,8,20,10,16,,67,7,1,22,9,121.520573,25.04797289
111,4,9,11,10,2,05中正區,中正區中山北路1段與市民大道1段口,0,0,2,1,C03,8,1,5,40,4,1,1,5,4,5,7,1,1,1,5,5,2,17,1,26,3,10,1,1,7,8,1,10,2,12,,7,7,1,22,9,121.520573,25.04797289
111,4,9,11,10,2,05中正區,中正區中山北路1段與市民大道1段口,0,0,2,2,C03,8,1,5,40,4,1,1,5,4,5,7,1,1,1,5,5,2,17,1,35,2,9,1,1,7,9,1,10,2,14,,13,7,1,22,9,121.520573,25.04797289
111,4,9,11,10,2,08士林區,士林區忠誠路1段與德行東路104巷口,0,0,1,1,B02,8,1,5,40,4,2,1,5,4,5,7,4,4,10,4,4,2,17,1,37,3,10,1,1,7,13,1,8,1,8,,40,40,1,22,9,121.5291491,25.10584786
111,4,9,11,10,2,08士林區,士林區忠誠路1段與德行東路104巷口,0,0,1,2,C03,8,1,5,40,4,2,1,5,4,5,7,4,4,10,4,4,2,17,2,66,2,9,1,1,7,9,1,10,1,12,,44,40,1,22,9,121.5291491,25.10584786
111,4,9,11,18,2,08士林區,士林區至善路3段與至善路3段181巷口,0,0,1,1,B03,8,1,5,50,3,1,1,5,4,5,7,4,4,5,4,5,2,12,1,31,3,10,1,1,7,11,1,8,2,8,,11,11,1,22,9,121.5781652,25.11954069
111,4,9,11,18,2,08士林區,士林區至善路3段與至善路3段181巷口,0,0,1,2,F01,8,1,5,50,3,1,1,5,4,5,7,4,4,5,4,5,2,12,1,53,2,9,1,1,7,9,8,20,2,16,,44,11,1,22,9,121.5781652,25.11954069
111,4,9,11,26,2,01大同區,大同區民生西路與萬全街口,0,0,1,1,A41,8,1,5,50,4,3,1,5,4,5,7,2,1,8,3,4,1,13,1,46,3,10,1,1,7,1,1,3,2,1,,23,23,1,22,9,121.5205762,25.05768431
111,4,9,11,26,2,01大同區,大同區民生西路與萬全街口,0,0,1,2,C03,8,1,5,50,4,3,1,5,4,5,7,2,1,8,3,4,1,13,1,70,2,9,1,1,7,1,1,10,2,13,,26,23,1,22,9,121.5205762,25.05768431
111,4,9,11,26,2,07信義區,信義區松德路269巷與信義路6段12巷口,0,0,1,1,C03,8,1,5,30,4,1,1,5,4,5,7,4,4,10,5,5,2,17,2,57,2,8,3,4,7,9,1,10,1,11,,6,6,1,22,9,121.5751147,25.0329372
111,4,9,11,26,2,07信義區,信義區松德路269巷與信義路6段12巷口,0,0,1,2,B03,8,1,5,30,4,1,1,5,4,5,7,4,4,10,5,5,2,17,1,40,3,10,3,4,7,9,1,8,1,8,,14,6,1,22,9,121.5751147,25.0329372
111,4,9,11,36,2,02萬華區,萬華區環河南路2段125巷7弄與大理街175巷口,0,0,1,1,C03,8,1,5,30,4,1,1,5,4,3,5,4,4,10,5,5,2,15,2,52,2,9,3,4,7,9,1,10,1,12,,6,6,1,22,9,121.4945139,25.03480511
111,4,9,11,36,2,02萬華區,萬華區環河南路2段125巷7弄與大理街175巷口,0,0,1,2,B12,8,1,5,30,4,1,1,5,4,3,5,4,4,10,5,5,2,15,1,24,3,10,3,4,7,9,1,8,1,1,,13,6,1,22,9,121.4945139,25.03480511
111,4,9,11,36,2,02萬華區,萬華區環河南路2段125巷7弄與大理街175巷口,0,0,1,3,B03,8,1,5,30,4,1,1,5,4,3,5,4,4,10,5,5,2,15,1,48,3,10,3,1,7,13,1,8,9,15,,38,6,1,22,9,121.4945139,25.03480511
111,4,9,11,39,2,04大安區,大安區和平東路3段與基隆路2段口,0,0,1,1,B03,8,1,5,50,5,1,1,5,4,5,7,2,1,1,4,5,1,16,1,32,3,10,1,4,7,6,1,8,1,15,,9,9,1,22,9,121.5526993,25.02415254
111,4,9,11,39,2,04大安區,大安區和平東路3段與基隆路2段口,0,0,1,2,C03,8,1,5,50,5,1,1,5,4,5,7,2,1,1,4,5,1,16,1,18,2,9,1,4,7,9,1,10,1,14,,14,9,1,22,9,121.5526993,25.02415254
111,4,9,11,46,2,02萬華區,萬華區艋舺大道210號,0,0,1,1,B03,8,1,5,30,14,9,1,5,4,5,7,4,4,10,5,5,2,12,1,29,3,10,1,1,7,5,1,8,1,4,,8,8,1,22,9,121.4992207,25.0326444
111,4,9,11,46,2,02萬華區,萬華區艋舺大道210號,0,0,1,2,C03,8,1,5,30,14,9,1,5,4,5,7,4,4,10,5,5,2,12,1,31,2,9,1,1,7,9,1,10,1,12,,23,8,1,22,9,121.4992207,25.0326444
111,4,9,11,57,2,04大安區,大安區和平東路3段1巷與和平東路3段口,0,0,1,1,F01,8,1,5,0,5,2,1,5,4,5,7,1,1,1,4,5,2,17,2,63,2,5,1,1,7,15,8,20,1,16,,42,42,1,22,9,121.5468017,25.0263818
111,4,9,11,57,2,04大安區,大安區和平東路3段1巷與和平東路3段口,0,0,1,2,C03,8,1,5,0,5,2,1,5,4,5,7,1,1,1,4,5,2,17,1,38,3,10,1,4,7,15,1,10,1,11,,44,42,1,22,9,121.5468017,25.0263818
111,4,9,12,14,2,09北投區,北投區學園路28停車格,0,0,1,1,C03,8,1,5,40,14,9,1,5,4,5,7,4,4,5,5,5,2,17,1,19,2,9,3,4,7,9,1,10,1,13,,42,42,1,22,9,121.4655467,25.12745031
111,4,9,12,14,2,09北投區,北投區學園路28停車格,0,0,1,2,B03,8,1,5,40,14,9,1,5,4,5,7,4,4,5,5,5,2,17,2,30,3,10,3,4,7,13,1,8,1,6,,44,42,1,22,9,121.4655467,25.12745031
111,4,9,12,20,2,12內湖區,內湖區成功路3段113號前,0,0,1,1,B03,8,1,5,50,15,11,1,5,4,5,7,4,4,1,4,5,2,13,1,68,3,10,1,1,7,11,1,6,1,1,,23,23,1,22,9,121.5896389,25.07908801
111,4,9,12,20,2,12內湖區,內湖區成功路3段113號前,0,0,1,2,B03,8,1,5,50,15,11,1,5,4,5,7,4,4,1,4,5,2,13,2,48,2,2,1,1,7,14,1,8,1,3,,44,23,1,22,9,121.5896389,25.07908801
111,4,9,12,25,2,10文山區,文山區忠順街1段9巷與光輝路口口,0,0,2,1,C03,8,1,5,30,4,1,1,5,4,5,7,4,4,5,5,5,1,15,1,31,2,8,1,4,7,9,1,10,1,14,,6,6,1,22,9,121.5566469,24.98494263
111,4,9,12,25,2,10文山區,文山區忠順街1段9巷與光輝路口口,0,0,2,2,C03,8,1,5,30,4,1,1,5,4,5,7,4,4,5,5,5,1,15,1,26,2,7,1,4,7,9,1,10,1,14,,23,6,1,22,9,121.5566469,24.98494263
111,4,9,12,30,2,03中山區,中山區建國高架道往北長安東路匝道,0,0,1,1,B03,8,1,5,40,10,9,1,5,4,5,7,4,4,2,3,5,2,13,1,86,3,10,1,1,7,9,1,8,1,1,,16,16,1,22,9,121.5367937,25.04611659
111,4,9,12,30,2,03中山區,中山區建國高架道往北長安東路匝道,0,0,1,2,B12,8,1,5,40,10,9,1,5,4,5,7,4,4,2,3,5,2,13,1,25,3,10,1,1,7,14,1,8,1,3,,44,16,1,22,9,121.5367937,25.04611659
111,4,9,12,30,2,03中山區,中山區建國高架道往北長安東路匝道,0,0,1,3,B12,8,1,5,40,10,9,1,5,4,5,7,4,4,2,3,5,2,13,1,37,3,10,1,1,7,14,1,8,1,3,,44,16,1,22,9,121.5367937,25.04611659
111,4,9,12,30,2,03中山區,中山區建國高架道往北長安東路匝道,0,0,1,4,H02,8,1,5,40,10,9,1,5,4,5,7,4,4,2,3,5,2,13,1,54,2,8,4,5,7,21,8,20,10,16,,67,16,1,22,9,121.5367937,25.04611659
111,4,9,12,36,2,10文山區,文山區興隆路2段220巷與興隆路2段220巷31弄口,0,0,1,1,B03,8,1,5,30,4,2,1,5,4,5,7,2,1,5,5,5,2,13,2,27,3,10,1,1,7,9,1,8,2,2,,23,23,1,22,9,121.5522701,25.00052798
111,4,9,12,36,2,10文山區,文山區興隆路2段220巷與興隆路2段220巷31弄口,0,0,1,2,C03,8,1,5,30,4,2,1,5,4,5,7,2,1,5,5,5,2,13,2,53,2,9,1,1,7,7,1,10,2,14,,7,23,1,22,9,121.5522701,25.00052798
111,4,9,12,50,2,04大安區,大安區光復南路242號,0,0,1,1,C03,8,1,5,50,14,9,1,5,4,5,7,4,4,9,5,5,1,13,2,20,2,9,1,4,7,9,3,18,2,11,,23,23,1,22,9,121.5562443,25.0407468
111,4,9,12,50,2,04大安區,大安區光復南路242號,0,0,1,2,B03,8,1,5,50,14,9,1,5,4,5,7,4,4,9,5,5,1,13,2,50,3,10,1,4,7,9,1,8,2,7,,44,23,1,22,9,121.5562443,25.0407468
111,4,9,12,55,2,12內湖區,內湖區環山路2段53巷6弄與環山路2段53巷口,0,0,1,1,C03,8,1,5,30,4,1,1,5,4,5,7,4,4,10,5,5,2,16,1,17,2,9,1,1,7,9,2,18,1,12,,6,6,1,22,9,121.5735544,25.08488565
111,4,9,12,55,2,12內湖區,內湖區環山路2段53巷6弄與環山路2段53巷口,0,0,1,2,B03,8,1,5,30,4,1,1,5,4,5,7,4,4,10,5,5,2,16,2,36,3,10,1,1,7,9,1,8,1,1,,14,6,1,22,9,121.5735544,25.08488565
111,4,9,13,9,2,02萬華區,萬華區西園路1段200號對面,0,0,1,1,C03,8,1,5,40,14,9,1,5,4,5,7,4,4,10,4,5,2,16,2,61,2,9,1,4,7,9,1,10,1,14,,17,17,1,22,9,121.4993862,25.03559647
111,4,9,13,9,2,02萬華區,萬華區西園路1段200號對面,0,0,1,2,B03,8,1,5,40,14,9,1,5,4,5,7,4,4,10,4,5,2,16,2,48,3,10,3,4,7,9,1,8,1,2,,17,17,1,22,9,121.4993862,25.03559647
111,4,9,13,13,2,05中正區,中正區信義路2段243巷與新生南路1段170巷口,0,0,1,1,C03,8,1,5,30,4,1,1,5,4,5,7,4,4,9,4,5,2,17,1,50,2,9,1,1,7,9,1,10,2,12,,6,6,1,22,9,121.5311447,25.03460005
111,4,9,13,13,2,05中正區,中正區信義路2段243巷與新生南路1段170巷口,0,0,1,2,B01,8,1,5,30,4,1,1,5,4,5,7,4,4,9,4,5,2,17,1,56,3,10,1,1,7,9,1,4,2,1,,23,6,1,22,9,121.5311447,25.03460005
111,4,9,13,19,2,07信義區,信義區虎林街120巷與忠孝東路5段275巷口,0,0,1,1,B01,8,1,5,30,4,1,1,5,4,5,7,4,4,10,5,5,2,17,1,44,3,10,3,4,7,9,1,8,1,6,,6,6,1,22,9,121.5714056,25.04223927
111,4,9,13,19,2,07信義區,信義區虎林街120巷與忠孝東路5段275巷口,0,0,1,2,B03,8,1,5,30,4,1,1,5,4,5,7,4,4,10,5,5,2,17,1,80,3,10,3,4,7,9,1,8,1,1,,14,6,1,22,9,121.5714056,25.04223927
111,4,9,13,19,2,07信義區,信義區虎林街120巷與忠孝東路5段275巷口,0,0,1,3,H02,8,1,5,30,4,1,1,5,4,5,7,4,4,10,5,5,2,17,2,77,2,3,4,5,7,21,8,20,10,16,,67,6,1,22,9,121.5714056,25.04223927
111,4,9,13,38,2,06松山區,松山區環東大道往內湖,0,0,1,1,C02,8,1,5,80,10,9,1,5,4,5,7,4,4,9,2,5,2,29,1,26,2,9,1,1,7,9,1,9,1,11,,43,43,1,22,9,121.5697198,25.05013665
111,4,9,13,38,2,06松山區,松山區環東大道往內湖,0,0,1,2,,8,1,5,80,10,9,1,5,4,5,7,4,4,9,2,5,2,29,3,,,,,,,,,,,,,67,43,1,,,121.5697198,25.05013665
111,4,9,13,45,2,09北投區,北投區登山路135號,0,0,1,1,C03,8,1,5,50,11,9,1,5,4,5,7,4,4,5,5,5,1,17,1,20,2,9,1,1,7,9,1,10,1,11,,43,43,1,22,9,121.5187764,25.15021797
111,4,9,13,45,2,09北投區,北投區登山路135號,0,0,1,2,B03,8,1,5,50,11,9,1,5,4,5,7,4,4,5,5,5,1,17,1,54,4,11,3,4,7,15,7,19,11,15,,43,43,1,22,9,121.5187764,25.15021797
111,4,9,14,23,2,11南港區,南港區忠孝東路7段與忠孝東路7段124巷口,0,0,2,1,C03,8,1,5,50,3,2,1,5,4,5,7,2,1,1,3,4,1,13,1,27,2,9,3,4,7,9,1,10,1,11,,16,16,1,22,9,121.6039482,25.0516827