發生年度,發生月,發生日,發生時-Hours,發生分,處理別-編號,區序,肇事地點,死亡人數,2-30日死亡人數,受傷人數,當事人序號,車種,天候,光線,道路類別,速限-速度限制,道路型態,事故位置,路面狀況1,路面狀況2,路面狀況3,道路障礙1,道路障礙2,號誌1,號誌2,車道劃分-分向,車道劃分-分道1,車道劃分-分道2,車道劃分-分道3,事故類型及型態,性別,年齡,受傷程度,主要傷處,安全帽,行動電話,車輛用途,當事者行動狀態,駕駛資格情形,駕駛執照種類,飲酒情形,車輛撞擊部位1,車輛撞擊部位2,肇因碼-個別,肇因碼-主要,個人肇逃否,職業,旅次目的,座標-X,座標-Y
111,4,9,14,23,2,11南港區,南港區忠孝東路7段與忠孝東路7段124巷口,0,0,2,2,C03,8,1,5,50,3,2,1,5,4,5,7,2,1,1,3,4,1,13,1,23,2,9,3,4,7,14,1,10,1,13,,44,16,1,22,9,121.6039482,25.0516827
111,4,9,14,27,2,06松山區,松山區八德路4段245巷32弄2號,0,0,1,1,C03,8,1,5,30,14,9,1,5,4,5,7,2,1,5,5,5,2,16,1,37,2,9,1,1,7,11,1,10,1,11,,10,10,1,22,9,121.5636043,25.04991037
111,4,9,14,27,2,06松山區,松山區八德路4段245巷32弄2號,0,0,1,2,B03,8,1,5,30,14,9,1,5,4,5,7,2,1,5,5,5,2,16,1,59,3,10,1,1,7,9,1,8,1,8,,44,10,1,22,9,121.5636043,25.04991037
111,4,9,14,39,2,01大同區,大同區大稻埕堤外便道,0,0,2,1,C03,8,1,5,40,14,9,1,5,4,5,7,4,4,10,5,5,2,12,2,22,2,8,1,1,7,9,1,10,1,11,,13,13,1,22,9,121.5079852,25.05657072
111,4,9,14,39,2,01大同區,大同區大稻埕堤外便道,0,0,2,2,C03,8,1,5,40,14,9,1,5,4,5,7,4,4,10,5,5,2,12,1,36,3,10,1,1,7,5,1,10,1,14,,8,13,1,22,9,121.5079852,25.05657072
111,4,9,14,39,2,01大同區,大同區大稻埕堤外便道,0,0,2,3,H02,8,1,5,40,14,9,1,5,4,5,7,4,4,10,5,5,2,12,2,36,2,8,1,5,7,20,8,20,10,16,,67,13,1,22,9,121.5079852,25.05657072
111,4,9,14,52,2,06松山區,松山區健康路與延壽街356巷口,0,0,1,1,F01,8,1,5,50,3,2,1,5,4,5,7,3,1,8,3,5,1,16,1,16,2,9,1,1,7,11,8,20,2,16,,11,11,1,22,9,121.5590986,25.05390208
111,4,9,14,52,2,06松山區,松山區健康路與延壽街356巷口,0,0,1,2,B03,8,1,5,50,3,2,1,5,4,5,7,3,1,8,3,5,1,16,1,60,3,10,3,1,7,9,1,8,2,1,,23,11,1,22,9,121.5590986,25.05390208
111,4,9,14,53,2,12內湖區,內湖區成功路4段30巷28弄與內湖路2段口,0,0,1,1,C03,8,1,5,50,3,1,1,5,4,5,7,4,4,9,5,5,2,16,1,38,3,10,1,1,7,9,1,10,1,12,,23,23,1,22,9,121.5915659,25.0829991
111,4,9,14,53,2,12內湖區,內湖區成功路4段30巷28弄與內湖路2段口,0,0,1,2,C03,8,1,5,50,3,1,1,5,4,5,7,4,4,9,5,5,2,16,1,26,2,8,1,1,7,5,1,10,1,14,,6,23,1,22,9,121.5915659,25.0829991
111,4,9,15,0,2,09北投區,北投區大興街145號大豐公園停車場前,0,0,1,1,C03,8,1,5,50,14,9,1,5,4,5,7,4,4,9,4,5,2,16,2,29,2,9,3,4,7,9,1,10,1,11,,16,16,1,22,9,121.5041717,25.13098541
111,4,9,15,0,2,09北投區,北投區大興街145號大豐公園停車場前,0,0,1,2,B02,8,1,5,50,14,9,1,5,4,5,7,4,4,9,4,5,2,16,1,43,3,10,3,4,7,12,1,8,1,6,,44,16,1,22,9,121.5041717,25.13098541
111,4,9,15,9,2,06松山區,松山區健康路194號,0,0,1,1,B03,8,1,5,40,14,8,1,5,4,5,7,4,4,1,4,4,2,17,1,52,3,10,3,4,7,14,1,8,2,4,,40,40,1,22,9,121.5598196,25.0538414
111,4,9,15,9,2,06松山區,松山區健康路194號,0,0,1,2,G06,8,1,5,40,14,8,1,5,4,5,7,4,4,1,4,4,2,17,2,56,2,9,3,4,7,9,7,19,2,15,,42,40,1,22,9,121.5598196,25.0538414
111,4,9,15,25,2,07信義區,信義區市民大道6段與松山路口,0,0,1,1,B03,8,1,5,40,4,2,1,5,4,5,7,1,1,1,4,5,2,12,1,22,3,10,1,1,7,5,1,8,1,4,,8,8,1,22,9,121.5776773,25.04946941
111,4,9,15,25,2,07信義區,信義區市民大道6段與松山路口,0,0,1,2,C01,8,1,5,40,4,2,1,5,4,5,7,1,1,1,4,5,2,12,1,33,2,9,1,1,7,9,1,9,1,12,,13,8,1,22,9,121.5776773,25.04946941
111,4,9,16,40,2,12內湖區,內湖區成功路2段與成功路2段426巷口,0,0,1,1,B02,8,1,5,50,4,1,1,5,4,5,7,1,1,5,4,5,2,12,2,24,3,10,1,1,7,6,1,8,2,15,,9,9,1,22,9,121.5898615,25.07172837
111,4,9,16,40,2,12內湖區,內湖區成功路2段與成功路2段426巷口,0,0,1,2,C03,8,1,5,50,4,1,1,5,4,5,7,1,1,5,4,5,2,12,2,61,2,8,1,1,7,9,1,10,2,11,,44,9,1,22,9,121.5898615,25.07172837
111,4,9,17,4,2,01大同區,大同區平陽街與南京西路107巷口,0,0,1,1,B03,8,1,5,50,3,1,1,5,4,5,7,4,4,9,5,5,2,9,1,26,3,10,1,1,7,5,1,8,2,5,,23,23,1,22,9,121.5156909,25.05537209
111,4,9,17,4,2,01大同區,大同區平陽街與南京西路107巷口,0,0,1,2,H01,8,1,5,50,3,1,1,5,4,5,7,4,4,9,5,5,2,9,2,58,2,9,4,5,8,20,8,20,10,16,,60,23,1,22,9,121.5156909,25.05537209
111,4,9,17,5,2,05中正區,中正區汀州路1段與泉州街口,0,0,1,1,C03,8,1,5,50,15,9,1,5,4,5,7,2,1,4,4,5,1,17,1,29,3,10,1,1,7,1,1,10,2,15,,19,19,1,22,9,121.5138898,25.02627962
111,4,9,17,5,2,05中正區,中正區汀州路1段與泉州街口,0,0,1,2,C03,8,1,5,50,15,9,1,5,4,5,7,2,1,4,4,5,1,17,1,70,2,9,1,1,7,9,1,10,2,12,,44,19,1,22,9,121.5138898,25.02627962
111,4,9,17,29,2,04大安區,大安區復興南路1段340巷與復興南路1段口,0,0,1,1,B03,8,1,5,50,4,1,1,5,4,5,7,2,1,1,4,5,2,16,1,74,3,10,1,1,7,5,1,8,1,6,,6,6,1,22,9,121.5435832,25.03607032
111,4,9,17,29,2,04大安區,大安區復興南路1段340巷與復興南路1段口,0,0,1,2,C03,8,1,5,50,4,1,1,5,4,5,7,2,1,1,4,5,2,16,1,67,2,9,1,1,7,9,4,8,1,11,,44,6,1,22,9,121.5435832,25.03607032
111,4,9,17,30,2,02萬華區,萬華區環河南路1段189號,0,0,2,1,B12,8,1,5,50,14,9,1,5,4,5,7,4,4,1,4,5,1,17,1,69,3,10,1,1,7,11,1,8,1,4,,10,10,1,22,9,121.498428,25.04061219
111,4,9,17,30,2,02萬華區,萬華區環河南路1段189號,0,0,2,2,C03,8,1,5,50,14,9,1,5,4,5,7,4,4,1,4,5,1,17,1,21,2,9,1,1,7,9,1,10,1,12,,44,10,1,22,9,121.498428,25.04061219
111,4,9,17,30,2,02萬華區,萬華區環河南路1段189號,0,0,2,3,H02,8,1,5,50,14,9,1,5,4,5,7,4,4,1,4,5,1,17,1,22,2,9,1,1,7,20,8,20,10,16,,67,10,1,22,9,121.498428,25.04061219
111,4,9,17,30,2,12內湖區,內湖區安康路與安康路414巷口,0,0,1,1,C03,8,1,5,50,4,1,1,5,4,5,7,4,4,10,2,5,2,17,1,58,2,8,1,1,7,5,1,10,1,12,,6,6,1,22,9,121.6141258,25.06628431
111,4,9,17,30,2,12內湖區,內湖區安康路與安康路414巷口,0,0,1,2,B03,8,1,5,50,4,1,1,5,4,5,7,4,4,10,2,5,2,17,1,47,3,10,1,1,7,9,1,8,1,5,,44,6,1,22,9,121.6141258,25.06628431
111,4,9,17,30,2,07信義區,信義區基隆路2段7號,0,0,2,1,C03,8,1,5,50,14,9,1,5,4,5,7,1,1,1,4,5,2,12,1,20,2,9,1,1,7,8,1,10,1,13,,7,7,1,22,9,121.5594798,25.03268529
111,4,9,17,30,2,07信義區,信義區基隆路2段7號,0,0,2,2,C03,8,1,5,50,14,9,1,5,4,5,7,1,1,1,4,5,2,12,1,47,2,8,1,1,7,9,1,10,1,11,,13,7,1,22,9,121.5594798,25.03268529
111,4,9,17,38,2,06松山區,松山區觀山河濱公園道路水利工程處KLL0562標牌處,0,0,1,1,F01,8,1,8,30,15,22,1,5,4,5,7,4,4,10,5,5,2,9,1,10,3,10,3,4,7,9,8,20,2,16,,23,23,1,22,9,121.5682891,25.0646371
111,4,9,17,38,2,06松山區,松山區觀山河濱公園道路水利工程處KLL0562標牌處,0,0,1,2,H01,8,1,8,30,15,22,1,5,4,5,7,4,4,10,5,5,2,9,1,85,2,9,4,5,8,16,8,20,10,16,,67,23,1,22,9,121.5682891,25.0646371
111,4,9,17,40,2,09北投區,北投區關渡河堤關渡防潮堤便道No.關渡(八仙)150號燈桿,0,0,1,1,F01,8,1,8,50,15,22,1,5,4,5,7,4,4,9,5,5,1,2,2,6,3,10,1,1,7,9,8,20,1,16,,43,43,1,22,9,121.4660482,25.11511779
111,4,9,17,40,2,09北投區,北投區關渡河堤關渡防潮堤便道No.關渡(八仙)150號燈桿,0,0,1,2,H01,8,1,8,50,15,22,1,5,4,5,7,4,4,9,5,5,1,2,2,76,2,9,4,5,8,16,8,20,1,16,,67,43,1,22,9,121.4660482,25.11511779
111,4,9,17,45,2,12內湖區,內湖區金湖路239號,0,0,1,1,C03,7,1,5,50,14,8,1,5,4,5,7,4,4,1,4,4,2,12,1,50,3,10,1,1,7,8,1,10,1,15,,7,7,1,22,9,121.6006433,25.07667643
111,4,9,17,45,2,12內湖區,內湖區金湖路239號,0,0,1,2,C03,7,1,5,50,14,8,1,5,4,5,7,4,4,1,4,4,2,12,2,48,2,8,1,1,7,9,4,11,1,15,,44,7,1,22,9,121.6006433,25.07667643
111,4,9,18,0,2,12內湖區,內湖區康樂街61巷與康樂街85巷口,0,0,2,1,C03,8,1,5,30,4,1,1,5,4,5,7,4,4,10,5,5,2,15,1,38,2,9,1,1,7,9,1,9,2,12,,6,6,1,22,9,121.6195058,25.06956224
111,4,9,18,0,2,12內湖區,內湖區康樂街61巷與康樂街85巷口,0,0,2,2,C03,8,1,5,30,4,1,1,5,4,5,7,4,4,10,5,5,2,15,1,31,2,9,1,1,7,9,1,10,2,14,,26,6,1,22,9,121.6195058,25.06956224
111,4,9,18,14,2,09北投區,北投區明德路與榮華三路口口,0,0,1,1,B03,8,3,5,30,3,1,1,5,4,5,7,3,1,5,5,5,2,16,1,39,3,10,1,1,7,5,1,8,1,1,,6,6,1,22,9,121.5222783,25.11401537
111,4,9,18,14,2,09北投區,北投區明德路與榮華三路口口,0,0,1,2,C03,8,3,5,30,3,1,1,5,4,5,7,3,1,5,5,5,2,16,2,27,2,8,1,1,7,9,1,10,1,12,,44,6,1,22,9,121.5222783,25.11401537
111,4,9,18,33,2,05中正區,中正區市民大道3段8號前,0,0,1,1,C03,8,3,5,40,14,9,1,5,4,5,7,4,4,9,4,5,1,13,1,33,2,8,1,1,7,9,1,10,1,11,,16,16,1,21,1,121.5318792,25.04564607
111,4,9,18,33,2,05中正區,中正區市民大道3段8號前,0,0,1,2,B03,8,3,5,40,14,9,1,5,4,5,7,4,4,9,4,5,1,13,1,26,3,10,1,1,7,14,1,8,1,6,,44,16,1,21,1,121.5318792,25.04564607
111,4,9,18,33,2,05中正區,中正區市民大道3段8號前,0,0,1,3,B03,8,3,5,40,14,9,1,5,4,5,7,4,4,9,4,5,1,13,1,46,3,10,1,1,7,14,1,8,1,7,,38,16,1,21,5,121.5318792,25.04564607
111,4,9,18,39,2,04大安區,大安區敦化南路2段與安和路2段171巷口,0,0,3,1,B03,8,3,5,50,5,1,1,5,4,5,7,4,4,1,5,5,2,16,1,24,2,1,1,1,7,5,1,8,2,1,,8,8,1,22,9,121.5489775,25.02810096
111,4,9,18,39,2,04大安區,大安區敦化南路2段與安和路2段171巷口,0,0,3,2,B01,8,3,5,50,5,1,1,5,4,5,7,4,4,1,5,5,2,16,1,49,3,10,1,1,7,9,1,4,2,4,,44,8,1,22,9,121.5489775,25.02810096
111,4,9,18,39,2,04大安區,大安區敦化南路2段與安和路2段171巷口,0,0,3,3,H02,8,3,5,50,5,1,1,5,4,5,7,4,4,1,5,5,2,16,2,26,2,9,4,5,7,20,8,20,10,16,,67,8,1,22,9,121.5489775,25.02810096
111,4,9,18,39,2,04大安區,大安區敦化南路2段與安和路2段171巷口,0,0,3,4,H02,8,3,5,50,5,1,1,5,4,5,7,4,4,1,5,5,2,16,1,27,2,9,4,5,7,20,8,20,10,16,,67,8,1,22,9,121.5489775,25.02810096
111,4,9,19,15,2,04大安區,大安區延吉街248號,0,0,1,1,B01,7,3,5,50,3,2,1,5,4,5,7,4,4,4,1,5,2,12,1,38,3,10,1,1,7,1,1,4,1,8,,19,19,1,22,9,121.5557463,25.0352294
111,4,9,19,15,2,04大安區,大安區延吉街248號,0,0,1,2,C03,7,3,5,50,3,2,1,5,4,5,7,4,4,4,1,5,2,12,1,52,2,9,1,1,7,9,1,10,1,12,,44,19,1,22,9,121.5557463,25.0352294
111,4,9,19,15,2,12內湖區,內湖區內湖路3段115巷與金龍路口,0,0,1,1,B03,8,3,5,50,3,1,1,5,4,5,7,1,1,5,4,5,2,16,2,34,3,10,1,1,7,11,1,8,1,4,,10,10,1,22,9,121.5902697,25.0858188
111,4,9,19,15,2,12內湖區,內湖區內湖路3段115巷與金龍路口,0,0,1,2,C03,8,3,5,50,3,1,1,5,4,5,7,1,1,5,4,5,2,16,1,67,2,9,1,1,7,9,1,10,1,11,,44,10,1,22,9,121.5902697,25.0858188
111,4,9,19,40,2,04大安區,大安區仁愛路4段與忠孝東路4段216巷口,0,0,1,1,C03,8,3,5,50,4,1,1,5,4,5,7,2,1,5,4,5,1,16,2,44,2,7,1,4,7,5,1,10,1,13,,44,44,1,22,9,121.5529417,25.0379551
111,4,9,19,40,2,04大安區,大安區仁愛路4段與忠孝東路4段216巷口,0,0,1,2,B01,8,3,5,50,4,1,1,5,4,5,7,2,1,5,4,5,1,16,1,62,3,10,1,4,7,9,1,1,1,1,,23,44,1,22,9,121.5529417,25.0379551
111,4,9,20,30,2,10文山區,文山區木柵路5段54號,0,0,1,1,A02,8,3,5,50,14,9,1,5,4,5,7,1,1,5,1,5,2,9,1,55,3,10,3,4,7,1,1,1,11,15,,43,43,1,21,8,121.5739584,24.99762394
111,4,9,20,30,2,10文山區,文山區木柵路5段54號,0,0,1,2,H02,8,3,5,50,14,9,1,5,4,5,7,1,1,5,1,5,2,9,2,49,2,9,3,4,7,16,8,20,11,16,,67,43,1,19,8,121.5739584,24.99762394
111,4,9,20,36,2,10文山區,文山區老泉街與老泉街口燈桿002號,0,0,1,1,B03,8,3,5,50,3,1,1,5,4,5,7,4,4,10,5,5,2,16,2,61,3,10,3,4,7,5,1,8,1,4,,44,44,1,22,9,121.5581016,24.97634199
111,4,9,20,36,2,10文山區,文山區老泉街與老泉街口燈桿002號,0,0,1,2,C03,8,3,5,50,3,1,1,5,4,5,7,4,4,10,5,5,2,16,1,20,2,8,3,4,7,9,1,10,1,11,,6,44,1,22,9,121.5581016,24.97634199
111,4,9,20,43,2,02萬華區,萬華區桂林路底水門外(堤外便道),0,0,1,1,C03,8,3,8,40,15,22,1,5,4,5,7,1,1,10,5,5,2,17,1,54,3,10,3,4,7,9,1,10,1,11,,44,44,1,22,9,121.4957952,25.03914537
111,4,9,20,43,2,02萬華區,萬華區桂林路底水門外(堤外便道),0,0,1,2,F01,8,3,8,40,15,22,1,5,4,5,7,1,1,10,5,5,2,17,1,55,2,9,3,4,7,9,8,20,1,16,,25,44,1,22,9,121.4957952,25.03914537
111,4,9,20,57,2,02萬華區,萬華區西園路1段與桂林路口,0,0,1,1,C03,8,3,5,40,4,1,1,5,4,5,7,1,1,8,3,4,1,17,1,43,2,7,1,1,7,12,1,9,1,12,,13,13,1,22,9,121.4997776,25.03845365
111,4,9,20,57,2,02萬華區,萬華區西園路1段與桂林路口,0,0,1,2,C03,8,3,5,40,4,1,1,5,4,5,7,1,1,8,3,4,1,17,1,66,3,10,1,1,7,1,1,10,1,15,,19,13,1,22,9,121.4997776,25.03845365
111,4,9,21,0,2,03中山區,中山區林森北路263-2號,0,0,1,1,B03,8,3,5,50,14,9,4,5,4,5,7,4,4,5,4,5,2,17,1,41,3,10,1,1,7,14,1,8,1,4,,40,40,1,22,9,121.5254843,25.0547699
111,4,9,21,0,2,03中山區,中山區林森北路263-2號,0,0,1,2,C03,8,3,5,50,14,9,4,5,4,5,7,4,4,5,4,5,2,17,1,23,2,9,1,1,7,9,1,10,1,11,,44,40,1,22,9,121.5254843,25.0547699
111,4,9,21,10,2,05中正區,中正區中山南路與信義路1段口,0,0,1,1,C03,8,3,5,50,5,2,1,5,4,5,7,1,1,1,4,5,2,16,1,24,3,10,1,1,7,6,1,10,11,11,,23,23,1,22,9,121.5180545,25.03839684
111,4,9,21,10,2,05中正區,中正區中山南路與信義路1段口,0,0,1,2,F01,8,3,5,50,5,2,1,5,4,5,7,1,1,1,4,5,2,16,2,26,2,9,1,1,7,11,8,20,2,16,,11,23,1,22,9,121.5180545,25.03839684
111,4,9,21,42,2,08士林區,士林區仰德大道2段29巷附近側附近,0,0,1,1,B02,8,3,5,40,14,9,1,5,4,5,7,4,4,4,5,5,2,17,1,20,3,10,1,1,7,8,1,8,2,5,,7,7,1,21,8,121.5404683,25.10217474
111,4,9,21,42,2,08士林區,士林區仰德大道2段29巷附近側附近,0,0,1,2,C03,8,3,5,40,14,9,1,5,4,5,7,4,4,4,5,5,2,17,2,21,2,9,1,1,7,9,1,10,2,14,,23,7,1,21,8,121.5404683,25.10217474
111,4,9,21,42,2,08士林區,士林區仰德大道2段29巷附近側附近,0,0,1,3,E01,8,3,5,40,14,9,1,5,4,5,7,4,4,4,5,5,2,17,1,34,3,10,1,1,7,9,1,8,2,15,,44,7,1,21,8,121.5404683,25.10217474
111,4,9,22,1,2,04大安區,大安區金華街與永康街口,0,0,1,1,B01,8,3,5,50,4,2,1,5,4,5,7,4,4,5,5,5,2,12,1,44,3,10,1,1,7,9,1,4,1,2,,17,17,1,22,9,121.5295184,25.02977856
111,4,9,22,1,2,04大安區,大安區金華街與永康街口,0,0,1,2,C03,8,3,5,50,4,2,1,5,4,5,7,4,4,5,5,5,2,12,2,31,2,8,1,1,7,9,1,10,1,14,,17,17,1,22,9,121.5295184,25.02977856
111,4,9,23,30,2,03中山區,中山區中山北路2段與錦西街口,0,0,1,1,B02,8,3,5,50,4,1,1,5,4,5,7,2,1,5,4,5,2,16,1,29,3,10,1,1,7,6,1,8,1,5,,9,9,1,22,9,121.5228098,25.06032758
111,4,9,23,30,2,03中山區,中山區中山北路2段與錦西街口,0,0,1,2,C03,8,3,5,50,4,1,1,5,4,5,7,2,1,5,4,5,2,16,1,18,2,9,1,1,7,9,1,10,1,14,,44,9,1,22,9,121.5228098,25.06032758
111,4,9,23,30,2,08士林區,士林區中正路與延平北路6段口,0,0,1,1,C03,8,3,5,50,4,1,1,5,4,5,7,2,1,8,3,5,1,17,1,21,3,10,1,1,7,5,1,10,2,15,,8,8,1,22,9,121.5092189,25.08682435
111,4,9,23,30,2,08士林區,士林區中正路與延平北路6段口,0,0,1,2,C03,8,3,5,50,4,1,1,5,4,5,7,2,1,8,3,5,1,17,1,30,2,8,1,1,7,9,1,10,2,11,,13,8,1,22,9,121.5092189,25.08682435
111,4,9,23,37,2,01大同區,大同區民生西路與寧夏路口,0,0,1,1,B01,8,3,5,50,14,9,1,5,4,5,7,2,1,9,4,5,2,16,1,60,3,10,3,4,7,11,1,4,1,7,,10,10,1,22,9,121.5155442,25.0570371
111,4,9,23,37,2,01大同區,大同區民生西路與寧夏路口,0,0,1,2,C03,8,3,5,50,14,9,1,5,4,5,7,2,1,9,4,5,2,16,2,35,2,9,1,1,4,9,1,10,1,11,,13,10,1,22,9,121.5155442,25.0570371
111,4,10,0,19,2,09北投區,北投區公館路與北投路1段口,0,0,1,1,C03,8,3,5,50,4,1,1,5,4,5,7,1,1,5,2,5,2,16,1,18,2,7,1,1,7,5,1,10,1,11,,6,6,1,22,9,121.5026903,25.12140143
111,4,10,0,19,2,09北投區,北投區公館路與北投路1段口,0,0,1,2,B03,8,3,5,50,4,1,1,5,4,5,7,1,1,5,2,5,2,16,1,52,3,10,1,1,7,9,1,7,1,1,,44,6,1,22,9,121.5026903,25.12140143
111,4,10,2,38,2,02萬華區,萬華區萬大路423巷12號,0,0,1,1,B12,8,2,5,50,14,9,1,5,4,5,7,4,4,9,4,5,1,17,1,42,3,10,1,1,7,11,1,7,2,7,,43,43,1,22,9,121.4993401,25.02134413
111,4,10,2,38,2,02萬華區,萬華區萬大路423巷12號,0,0,1,2,C03,8,2,5,50,14,9,1,5,4,5,7,4,4,9,4,5,1,17,1,25,2,9,1,4,7,9,1,10,2,11,,43,43,1,22,9,121.4993401,25.02134413
111,4,10,6,31,2,02萬華區,萬華區華中橋往新北市機車道(華中033),0,0,2,1,C03,8,1,5,40,14,11,1,5,4,5,7,4,4,1,4,5,2,17,1,19,2,9,1,4,7,9,1,10,2,11,,13,13,1,22,9,121.4953505,25.01072881
111,4,10,6,31,2,02萬華區,萬華區華中橋往新北市機車道(華中033),0,0,2,2,C03,8,1,5,40,14,11,1,5,4,5,7,4,4,1,4,5,2,17,2,76,2,1,1,4,7,7,1,10,2,14,,7,13,1,22,9,121.4953505,25.01072881
111,4,10,6,56,2,07信義區,信義區松壽路與松智路口,0,0,1,1,B03,8,1,5,50,4,2,1,5,4,5,7,1,1,5,4,5,2,17,1,49,3,10,3,4,7,5,1,6,1,2,,6,6,1,22,9,121.5654622,25.0358761
111,4,10,6,56,2,07信義區,信義區松壽路與松智路口,0,0,1,2,C03,8,1,5,50,4,2,1,5,4,5,7,1,1,5,4,5,2,17,1,56,2,9,3,4,7,9,1,10,1,11,,13,6,1,22,9,121.5654622,25.0358761
111,4,10,6,57,2,04大安區,大安區和平東路1段與金山南路2段口,0,0,3,1,C03,8,1,5,50,5,2,1,5,4,5,7,2,1,8,5,5,1,15,1,55,2,9,1,1,7,9,1,10,1,12,,25,25,1,22,9,121.5259022,25.02670902
111,4,10,6,57,2,04大安區,大安區和平東路1段與金山南路2段口,0,0,3,2,C03,8,1,5,50,5,2,1,5,4,5,7,2,1,8,5,5,1,15,1,22,2,9,1,1,7,9,1,10,1,14,,44,25,1,22,9,121.5259022,25.02670902
111,4,10,6,57,2,04大安區,大安區和平東路1段與金山南路2段口,0,0,3,3,H02,8,1,5,50,5,2,1,5,4,5,7,2,1,8,5,5,1,15,2,23,2,9,4,5,7,20,8,20,10,16,,67,25,1,22,9,121.5259022,25.02670902
111,4,10,7,20,2,04大安區,大安區信義路3段與建國南路1段口,0,0,1,1,F01,8,1,5,0,4,1,1,5,4,5,7,1,1,10,3,5,2,15,1,87,2,9,1,1,7,9,8,20,1,16,,25,25,1,22,9,121.5374556,25.03359854
111,4,10,7,20,2,04大安區,大安區信義路3段與建國南路1段口,0,0,1,2,B01,8,1,5,0,4,1,1,5,4,5,7,1,1,10,3,5,2,15,1,66,3,10,1,1,7,9,1,4,1,1,,44,25,1,22,9,121.5374556,25.03359854
111,4,10,8,30,2,10文山區,文山區辛亥路4段204號對面,0,0,1,1,B03,8,1,5,50,14,9,1,5,4,5,7,4,4,1,4,5,2,16,1,30,3,10,1,1,7,11,1,8,2,4,,26,26,1,22,9,121.5557245,25.00262224
111,4,10,8,30,2,10文山區,文山區辛亥路4段204號對面,0,0,1,2,C03,8,1,5,50,14,9,1,5,4,5,7,4,4,1,4,5,2,16,1,22,2,7,1,1,7,9,1,10,2,11,,44,26,1,22,9,121.5557245,25.00262224
111,4,10,8,35,2,07信義區,信義區忠孝東路5段372巷與虎林街132巷口,0,0,2,1,C03,8,1,5,30,4,1,1,5,4,5,7,4,4,10,5,5,2,15,1,25,2,9,3,4,7,9,1,10,1,11,,6,6,1,22,9,121.5740273,25.0403673
111,4,10,8,35,2,07信義區,信義區忠孝東路5段372巷與虎林街132巷口,0,0,2,2,C03,8,1,5,30,4,1,1,5,4,5,7,4,4,10,5,5,2,15,1,45,2,9,3,4,7,9,1,10,1,11,,14,6,1,22,9,121.5740273,25.0403673
111,4,10,8,55,2,12內湖區,內湖區東湖路與東湖路119巷口,0,0,1,1,C03,8,1,5,50,4,1,1,5,4,5,7,1,1,5,4,5,2,17,1,56,2,9,1,1,7,9,1,10,11,15,,4,4,1,22,9,121.6162913,25.06823838
111,4,10,8,55,2,12內湖區,內湖區東湖路與東湖路119巷口,0,0,1,2,C03,8,1,5,50,4,1,1,5,4,5,7,1,1,5,4,5,2,17,1,23,3,10,1,1,7,5,1,10,11,15,,44,4,1,22,9,121.6162913,25.06823838
111,4,10,9,11,2,03中山區,中山區大直街131號,0,0,1,1,F01,8,1,5,50,14,9,1,5,4,5,7,4,4,4,5,5,1,13,1,33,2,9,1,1,7,9,8,20,1,16,,16,16,1,22,9,121.5489246,25.0841667
111,4,10,9,11,2,03中山區,中山區大直街131號,0,0,1,2,B03,8,1,5,50,14,9,1,5,4,5,7,4,4,4,5,5,1,13,1,28,3,10,3,4,7,14,1,8,1,3,,44,16,1,22,9,121.5489246,25.0841667
111,4,10,9,11,2,03中山區,中山區大直街131號,0,0,1,3,B03,8,1,5,50,14,9,1,5,4,5,7,4,4,4,5,5,1,13,1,33,3,10,3,4,7,14,1,8,9,15,,38,16,1,22,9,121.5489246,25.0841667
111,4,10,9,40,2,03中山區,中山區北安路與北安路759巷口,0,0,1,1,C03,8,1,5,40,4,2,1,5,4,5,7,2,1,1,4,5,2,13,2,41,2,9,1,4,7,9,1,10,1,11,,23,23,1,22,9,121.5529595,25.08575276
111,4,10,9,40,2,03中山區,中山區北安路與北安路759巷口,0,0,1,2,C03,8,1,5,40,4,2,1,5,4,5,7,2,1,1,4,5,2,13,1,65,3,10,1,4,7,9,1,10,1,13,,42,23,1,22,9,121.5529595,25.08575276
111,4,10,9,40,2,12內湖區,內湖區內湖路1段與港墘路口,0,0,2,1,B03,8,1,5,50,3,1,1,5,4,5,7,4,4,10,3,4,1,12,1,64,3,10,3,4,7,6,1,8,1,2,,9,9,1,22,9,121.5763516,25.07949212
111,4,10,9,40,2,12內湖區,內湖區內湖路1段與港墘路口,0,0,2,2,C03,8,1,5,50,3,1,1,5,4,5,7,4,4,10,3,4,1,12,1,20,2,9,3,4,7,9,1,10,1,14,,44,9,1,22,9,121.5763516,25.07949212
111,4,10,9,40,2,12內湖區,內湖區內湖路1段與港墘路口,0,0,2,3,H01,8,1,5,50,3,1,1,5,4,5,7,4,4,10,3,4,1,12,2,48,2,9,4,5,8,16,8,20,10,16,,67,9,1,22,9,121.5763516,25.07949212
111,4,10,9,59,2,08士林區,士林區通河西街1段與堤外便道口,0,0,2,1,C03,8,1,5,50,3,1,1,5,4,5,7,4,4,5,5,5,1,17,1,31,2,9,1,1,7,5,1,10,1,11,,6,6,1,22,9,121.5126817,25.08572315
111,4,10,9,59,2,08士林區,士林區通河西街1段與堤外便道口,0,0,2,2,C03,8,1,5,50,3,1,1,5,4,5,7,4,4,5,5,5,1,17,1,23,2,9,1,1,7,9,1,10,1,11,,14,6,1,22,9,121.5126817,25.08572315
111,4,10,10,5,2,03中山區,中山區植福路8號,0,0,2,1,H01,8,1,5,50,14,9,1,5,4,5,7,4,4,8,4,5,1,3,2,24,2,9,4,5,8,16,8,20,10,16,,51,51,1,22,9,121.554921,25.08396303