發生年度,發生月,發生日,發生時-Hours,發生分,處理別-編號,區序,肇事地點,死亡人數,2-30日死亡人數,受傷人數,當事人序號,車種,天候,光線,道路類別,速限-速度限制,道路型態,事故位置,路面狀況1,路面狀況2,路面狀況3,道路障礙1,道路障礙2,號誌1,號誌2,車道劃分-分向,車道劃分-分道1,車道劃分-分道2,車道劃分-分道3,事故類型及型態,性別,年齡,受傷程度,主要傷處,安全帽,行動電話,車輛用途,當事者行動狀態,駕駛資格情形,駕駛執照種類,飲酒情形,車輛撞擊部位1,車輛撞擊部位2,肇因碼-個別,肇因碼-主要,個人肇逃否,職業,旅次目的,座標-X,座標-Y
111,4,10,10,5,2,03中山區,中山區植福路8號,0,0,2,2,C03,8,1,5,50,14,9,1,5,4,5,7,4,4,8,4,5,1,3,1,25,2,9,1,1,7,9,1,10,1,11,,44,51,1,22,9,121.554921,25.08396303
111,4,10,10,42,2,03中山區,中山區吉林路與錦州街口,0,0,1,1,C03,8,1,5,50,4,1,1,5,4,5,7,1,1,10,4,5,2,16,1,49,2,9,1,1,7,1,1,10,1,11,,19,19,1,22,9,121.5302574,25.06036878
111,4,10,10,42,2,03中山區,中山區吉林路與錦州街口,0,0,1,2,B03,8,1,5,50,4,1,1,5,4,5,7,1,1,10,4,5,2,16,2,36,3,10,3,4,7,9,1,8,1,8,,44,19,1,22,9,121.5302574,25.06036878
111,4,10,10,49,2,09北投區,北投區泉源路014燈桿,0,0,1,1,C03,8,1,5,40,14,9,1,5,4,5,7,4,4,9,4,5,1,18,2,70,2,9,1,1,7,9,1,10,1,14,,43,43,1,22,9,121.5188324,25.14307734
111,4,10,10,49,2,09北投區,北投區泉源路014燈桿,0,0,1,2,,8,1,5,40,14,9,1,5,4,5,7,4,4,9,4,5,1,18,3,,,,,,,,,,,,,67,43,1,,,121.5188324,25.14307734
111,4,10,11,0,2,09北投區,北投區自強街115號,0,0,1,1,C03,8,1,5,50,14,9,1,5,4,5,7,4,4,5,5,5,1,13,1,56,3,10,1,1,7,9,1,10,1,11,,16,16,1,22,9,121.515587,25.11085039
111,4,10,11,0,2,09北投區,北投區自強街115號,0,0,1,2,B01,8,1,5,50,14,9,1,5,4,5,7,4,4,5,5,5,1,13,1,67,3,10,1,1,7,9,1,4,1,6,,44,16,1,22,9,121.515587,25.11085039
111,4,10,11,0,2,09北投區,北投區自強街115號,0,0,1,3,H02,8,1,5,50,14,9,1,5,4,5,7,4,4,5,5,5,1,13,2,52,2,9,4,5,7,20,8,20,10,16,,67,16,1,22,9,121.515587,25.11085039
111,4,10,11,28,2,09北投區,北投區大業路與大同街口,0,0,5,1,B03,8,1,5,50,4,1,1,5,4,4,7,1,1,1,4,5,2,16,1,41,2,9,1,1,7,5,1,8,1,5,,6,6,1,22,9,121.4990994,25.1369436
111,4,10,11,28,2,09北投區,北投區大業路與大同街口,0,0,5,2,B12,8,1,5,50,4,1,1,5,4,4,7,1,1,1,4,5,2,16,1,66,2,9,1,1,7,9,1,8,1,8,,13,6,1,22,9,121.4990994,25.1369436
111,4,10,11,28,2,09北投區,北投區大業路與大同街口,0,0,5,3,H02,8,1,5,50,4,1,1,5,4,4,7,1,1,1,4,5,2,16,1,34,2,9,1,5,7,21,8,20,10,16,,67,6,1,22,9,121.4990994,25.1369436
111,4,10,11,28,2,09北投區,北投區大業路與大同街口,0,0,5,4,H02,8,1,5,50,4,1,1,5,4,4,7,1,1,1,4,5,2,16,2,32,2,9,4,5,7,21,8,20,10,16,,67,6,1,22,9,121.4990994,25.1369436
111,4,10,11,28,2,09北投區,北投區大業路與大同街口,0,0,5,5,H02,8,1,5,50,4,1,1,5,4,4,7,1,1,1,4,5,2,16,1,31,2,9,4,5,7,21,8,20,10,16,,67,6,1,22,9,121.4990994,25.1369436
111,4,10,11,39,2,07信義區,信義區信義路6段與松德路口,0,0,1,1,B03,8,1,5,50,5,1,1,5,4,5,7,2,1,1,2,1,2,17,1,60,3,10,3,4,7,6,6,7,1,6,,9,9,1,22,9,121.5744907,25.03340745
111,4,10,11,39,2,07信義區,信義區信義路6段與松德路口,0,0,1,2,C03,8,1,5,50,5,1,1,5,4,5,7,2,1,1,2,1,2,17,1,21,2,9,3,4,7,9,1,9,1,11,,44,9,1,22,9,121.5744907,25.03340745
111,4,10,12,21,2,04大安區,大安區忠孝東路4段223巷與敦化南路1段161巷口,0,0,1,1,B12,8,1,5,50,4,1,1,5,4,5,7,4,4,5,4,5,1,16,1,20,3,10,1,4,7,11,1,8,2,8,,10,10,1,22,9,121.5529598,25.04349505
111,4,10,12,21,2,04大安區,大安區忠孝東路4段223巷與敦化南路1段161巷口,0,0,1,2,C03,8,1,5,50,4,1,1,5,4,5,7,4,4,5,4,5,1,16,2,49,2,9,1,4,7,9,1,10,2,11,,44,10,1,22,9,121.5529598,25.04349505
111,4,10,12,24,2,02萬華區,萬華區東園街與東園街154巷口,0,0,1,1,B03,8,1,5,30,3,2,1,5,4,5,7,3,1,5,5,5,2,12,2,47,3,10,1,1,7,11,1,8,1,4,,10,10,1,22,9,121.4976402,25.0232014
111,4,10,12,24,2,02萬華區,萬華區東園街與東園街154巷口,0,0,1,2,C03,8,1,5,30,3,2,1,5,4,5,7,3,1,5,5,5,2,12,1,24,2,9,1,1,7,9,1,10,1,12,,14,10,1,22,9,121.4976402,25.0232014
111,4,10,12,32,2,08士林區,士林區基河路與大南路口,0,0,2,1,B01,8,1,5,50,4,2,1,5,4,5,7,1,1,9,4,5,1,17,1,43,3,10,1,1,7,6,1,4,2,5,,9,9,1,22,9,121.5227081,25.08981219
111,4,10,12,32,2,08士林區,士林區基河路與大南路口,0,0,2,2,C03,8,1,5,50,4,2,1,5,4,5,7,1,1,9,4,5,1,17,1,23,2,9,1,1,7,9,1,10,2,11,,44,9,1,22,9,121.5227081,25.08981219
111,4,10,12,32,2,08士林區,士林區基河路與大南路口,0,0,2,3,H02,8,1,5,50,4,2,1,5,4,5,7,1,1,9,4,5,1,17,2,25,2,9,4,5,7,20,8,20,10,16,,67,9,1,22,9,121.5227081,25.08981219
111,4,10,13,29,2,07信義區,信義區永吉路180巷與虎林街120巷口,0,0,1,1,B01,8,1,5,30,4,1,1,5,4,5,7,4,4,10,5,5,2,15,1,57,3,10,1,1,7,9,1,4,1,5,,6,6,1,21,8,121.5714064,25.0422515
111,4,10,13,29,2,07信義區,信義區永吉路180巷與虎林街120巷口,0,0,1,2,C03,8,1,5,30,4,1,1,5,4,5,7,4,4,10,5,5,2,15,1,34,2,8,1,1,7,9,1,10,1,11,,13,6,1,21,8,121.5714064,25.0422515
111,4,10,14,2,2,02萬華區,萬華區忠孝橋往台北市,0,0,2,1,C03,8,1,5,50,14,9,1,5,4,5,7,4,4,1,4,5,2,12,1,39,3,10,1,1,7,8,1,10,1,12,,7,7,1,22,9,121.5073897,25.04856638
111,4,10,14,2,2,02萬華區,萬華區忠孝橋往台北市,0,0,2,2,C03,8,1,5,50,14,9,1,5,4,5,7,4,4,1,4,5,2,12,1,55,2,9,1,1,7,9,1,10,1,14,,44,7,1,22,9,121.5073897,25.04856638
111,4,10,14,2,2,02萬華區,萬華區忠孝橋往台北市,0,0,2,3,H02,8,1,5,50,14,9,1,5,4,5,7,4,4,1,4,5,2,12,2,44,2,9,4,5,7,21,8,20,10,16,,67,7,1,22,9,121.5073897,25.04856638
111,4,10,14,3,2,03中山區,中山區南京東路3段223巷與南京東路3段口,0,0,2,1,C03,8,1,5,50,3,1,1,5,4,5,7,4,4,1,4,5,2,16,1,18,2,9,3,4,7,6,1,10,1,13,,9,9,1,22,9,121.5434982,25.05332261
111,4,10,14,3,2,03中山區,中山區南京東路3段223巷與南京東路3段口,0,0,2,2,C03,8,1,5,50,3,1,1,5,4,5,7,4,4,1,4,5,2,16,2,39,2,9,3,4,7,9,1,10,1,11,,44,9,1,22,9,121.5434982,25.05332261
111,4,10,14,16,2,02萬華區,萬華區西園路2段與西藏路口,0,0,2,1,A41,8,1,5,50,4,1,1,5,4,5,7,1,1,1,3,5,2,16,1,60,3,10,1,1,7,9,1,1,2,5,,44,44,1,22,9,121.4958775,25.02870949
111,4,10,14,16,2,02萬華區,萬華區西園路2段與西藏路口,0,0,2,2,C03,8,1,5,50,4,1,1,5,4,5,7,1,1,1,3,5,2,16,1,53,2,9,1,1,7,5,1,10,2,13,,8,44,1,22,9,121.4958775,25.02870949
111,4,10,14,16,2,02萬華區,萬華區西園路2段與西藏路口,0,0,2,3,H02,8,1,5,50,4,1,1,5,4,5,7,1,1,1,3,5,2,16,2,81,2,9,4,5,7,20,8,20,10,16,,67,44,1,22,9,121.4958775,25.02870949
111,4,10,14,19,2,09北投區,北投區豐年路2段142-1號與中央北路2段237巷口,0,0,2,1,C03,8,1,5,30,3,1,1,5,4,5,7,4,4,10,5,5,2,11,1,18,2,9,1,1,7,5,3,18,2,11,,26,26,1,22,9,121.4935155,25.13687328
111,4,10,14,19,2,09北投區,北投區豐年路2段142-1號與中央北路2段237巷口,0,0,2,2,C03,8,1,5,30,3,1,1,5,4,5,7,4,4,10,5,5,2,11,1,37,2,8,1,2,7,9,1,10,2,11,,23,26,1,22,9,121.4935155,25.13687328
111,4,10,14,45,2,12內湖區,內湖區康樂街125號,0,0,2,1,C03,8,1,8,50,14,9,1,5,4,5,7,4,4,9,5,5,2,16,1,53,2,7,1,1,7,11,1,10,1,14,,10,10,1,22,9,121.6193255,25.0711233
111,4,10,14,45,2,12內湖區,內湖區康樂街125號,0,0,2,2,C03,8,1,8,50,14,9,1,5,4,5,7,4,4,9,5,5,2,16,2,29,2,7,1,1,7,9,1,10,1,11,,44,10,1,22,9,121.6193255,25.0711233
111,4,10,15,3,2,01大同區,大同區延平北路2段36巷與延平北路2段口,0,0,1,1,C03,8,1,5,50,3,1,1,5,4,5,7,4,4,5,4,5,2,13,2,23,3,10,1,1,7,5,1,10,1,13,,26,26,1,22,9,121.5117238,25.05483808
111,4,10,15,3,2,01大同區,大同區延平北路2段36巷與延平北路2段口,0,0,1,2,C03,8,1,5,50,3,1,1,5,4,5,7,4,4,5,4,5,2,13,1,32,2,9,1,1,7,9,1,10,1,11,,44,26,1,22,9,121.5117238,25.05483808
111,4,10,15,3,2,01大同區,大同區赤峰街3巷與南京西路25巷口,0,0,1,1,C03,8,1,5,30,3,1,1,5,4,5,7,4,4,10,5,5,2,18,1,74,2,9,3,4,7,6,1,10,1,14,,43,43,1,22,9,121.5202854,25.05319404
111,4,10,15,3,2,01大同區,大同區赤峰街3巷與南京西路25巷口,0,0,1,2,,8,1,5,30,3,1,1,5,4,5,7,4,4,10,5,5,2,18,3,,,,,,,,,,,,,67,43,1,,,121.5202854,25.05319404
111,4,10,16,17,2,03中山區,中山區大佳河濱公園迎風河濱公園第65號燈桿,0,0,1,1,F01,8,1,8,50,15,22,1,5,4,5,7,4,4,9,5,5,2,16,1,7,2,4,1,1,7,5,8,20,1,16,,8,8,1,22,9,121.5519335,25.07487642
111,4,10,16,17,2,03中山區,中山區大佳河濱公園迎風河濱公園第65號燈桿,0,0,1,2,F01,8,1,8,50,15,22,1,5,4,5,7,4,4,9,5,5,2,16,1,18,3,10,1,1,7,9,8,20,10,16,,23,8,1,22,9,121.5519335,25.07487642
111,4,10,16,24,2,01大同區,大同區重慶北路1段與長安西路口,0,0,1,1,B03,8,1,5,50,4,1,1,5,4,5,7,1,1,1,4,5,2,16,1,26,3,10,1,1,7,5,1,8,2,6,,6,6,1,22,9,121.5138688,25.05161498
111,4,10,16,24,2,01大同區,大同區重慶北路1段與長安西路口,0,0,1,2,C03,8,1,5,50,4,1,1,5,4,5,7,1,1,1,4,5,2,16,1,20,2,8,1,1,7,9,1,10,2,11,,13,6,1,22,9,121.5138688,25.05161498
111,4,10,16,34,2,03中山區,中山區建國北路2段與長春路口,0,0,1,1,C03,8,1,5,50,4,1,1,5,4,5,7,1,1,1,3,5,1,13,1,31,2,7,1,1,7,9,1,10,1,11,,23,23,1,22,9,121.5371009,25.05451718
111,4,10,16,34,2,03中山區,中山區建國北路2段與長春路口,0,0,1,2,B03,8,1,5,50,4,1,1,5,4,5,7,1,1,1,3,5,1,13,1,25,3,10,1,1,7,6,1,8,1,7,,9,23,1,22,9,121.5371009,25.05451718
111,4,10,16,38,2,09北投區,北投區大業路與承德路7段口,0,0,2,1,B12,8,1,5,50,5,1,1,5,4,5,7,1,1,10,5,5,2,16,2,42,3,10,1,1,7,5,1,8,2,6,,17,17,1,22,9,121.4997396,25.12099514
111,4,10,16,38,2,09北投區,北投區大業路與承德路7段口,0,0,2,2,C03,8,1,5,50,5,1,1,5,4,5,7,1,1,10,5,5,2,16,2,24,2,9,1,1,7,5,1,10,2,14,,8,17,1,22,9,121.4997396,25.12099514
111,4,10,16,38,2,09北投區,北投區大業路與承德路7段口,0,0,2,3,H02,8,1,5,50,5,1,1,5,4,5,7,1,1,10,5,5,2,16,2,27,2,9,1,5,7,20,8,20,10,15,,67,17,1,22,9,121.4997396,25.12099514
111,4,10,16,44,2,12內湖區,內湖區民權東路6段11巷與民權東路6段口,0,0,1,1,B03,8,1,5,50,4,1,1,5,4,5,7,1,1,9,4,5,1,12,1,84,3,10,1,1,7,5,6,4,1,6,,8,8,1,22,9,121.5778307,25.0667051
111,4,10,16,44,2,12內湖區,內湖區民權東路6段11巷與民權東路6段口,0,0,1,2,C03,8,1,5,50,4,1,1,5,4,5,7,1,1,9,4,5,1,12,1,27,2,9,1,1,7,6,1,10,1,14,,9,8,1,22,9,121.5778307,25.0667051
111,4,10,16,46,2,01大同區,大同區保安街與甘州街口,0,0,1,1,C03,8,1,5,50,4,1,1,5,4,5,7,1,1,5,4,5,2,12,2,65,4,11,3,4,7,15,7,19,11,15,,42,42,2,22,9,121.5128189,25.0591559
111,4,10,16,46,2,01大同區,大同區保安街與甘州街口,0,0,1,2,C03,8,1,5,50,4,1,1,5,4,5,7,1,1,5,4,5,2,12,1,60,2,8,1,1,7,6,1,10,1,12,,9,42,1,22,9,121.5128189,25.0591559
111,4,10,17,5,2,06松山區,松山區健康路325巷與健康路325巷6弄口,0,0,1,1,B02,8,1,5,30,4,1,1,5,4,5,7,3,1,4,3,5,2,17,2,45,3,10,3,4,7,6,1,8,1,5,,43,43,1,22,9,121.5672788,25.0549272
111,4,10,17,5,2,06松山區,松山區健康路325巷與健康路325巷6弄口,0,0,1,2,C03,8,1,5,30,4,1,1,5,4,5,7,3,1,4,3,5,2,17,1,35,2,8,3,4,7,9,1,10,1,12,,43,43,1,22,9,121.5672788,25.0549272
111,4,10,18,0,2,03中山區,中山區復興北路與民權東路3段口,0,0,1,1,B03,8,2,5,50,14,9,1,5,4,5,7,4,4,1,4,5,2,12,2,37,3,10,3,4,7,8,1,8,1,5,,17,17,1,22,9,121.5438505,25.06240154
111,4,10,18,0,2,03中山區,中山區復興北路與民權東路3段口,0,0,1,2,C03,8,2,5,50,14,9,1,5,4,5,7,4,4,1,4,5,2,12,1,56,2,8,1,4,7,9,1,10,1,15,,17,17,1,22,9,121.5438505,25.06240154
111,4,10,18,35,2,05中正區,中正區金山南路1段143號,0,0,1,1,C03,8,3,5,50,14,9,1,5,4,5,7,1,1,3,4,5,2,13,2,33,2,9,1,1,7,9,1,10,2,11,,23,23,1,22,9,121.5274723,25.03498976
111,4,10,18,35,2,05中正區,中正區金山南路1段143號,0,0,1,2,C03,8,3,5,50,14,9,1,5,4,5,7,1,1,3,4,5,2,13,1,64,3,10,1,1,7,6,1,10,2,13,,44,23,1,22,9,121.5274723,25.03498976
111,4,10,18,35,2,05中正區,中正區金山南路1段143號,0,0,1,3,B03,8,3,5,50,14,9,1,5,4,5,7,1,1,3,4,5,2,13,1,64,3,10,1,1,7,14,1,8,2,15,,38,23,1,22,9,121.5274723,25.03498976
111,4,10,18,40,2,04大安區,大安區基隆路2段與樂業街口,0,0,1,1,B02,7,3,5,50,4,1,1,5,4,5,7,1,1,1,5,5,2,11,1,73,3,10,3,4,7,5,1,10,2,1,,8,8,1,22,9,121.5503459,25.022369
111,4,10,18,40,2,04大安區,大安區基隆路2段與樂業街口,0,0,1,2,C03,7,3,5,50,4,1,1,5,4,5,7,1,1,1,5,5,2,11,2,24,2,9,3,4,7,9,1,8,2,11,,44,8,1,22,9,121.5503459,25.022369
111,4,10,19,21,2,08士林區,士林區陽金公路13.5K(馬槽橋),0,0,1,1,C02,8,3,5,50,8,9,1,5,4,5,7,4,4,4,5,5,2,11,2,45,2,9,1,1,7,4,1,9,1,14,,1,1,1,22,9,121.5636776,25.17797461
111,4,10,19,21,2,08士林區,士林區陽金公路13.5K(馬槽橋),0,0,1,2,B03,8,3,5,50,8,9,1,5,4,5,7,4,4,4,5,5,2,11,1,52,3,10,1,1,7,9,1,8,1,4,,44,1,1,22,9,121.5636776,25.17797461
111,4,10,19,21,2,08士林區,士林區陽金公路13.5K(馬槽橋),0,0,1,3,B03,8,3,5,50,8,9,1,5,4,5,7,4,4,4,5,5,2,11,1,33,3,10,1,1,7,9,1,8,1,4,,44,1,1,22,9,121.5636776,25.17797461
111,4,10,19,30,2,02萬華區,萬華區環河南路1段與貴陽街2段口,0,0,1,1,C03,8,3,5,50,5,2,1,5,4,5,7,4,4,10,5,5,2,12,1,19,3,10,3,4,7,4,1,10,1,11,,23,23,1,22,9,121.497939,25.04036572
111,4,10,19,30,2,02萬華區,萬華區環河南路1段與貴陽街2段口,0,0,1,2,C03,8,3,5,50,5,2,1,5,4,5,7,4,4,10,5,5,2,12,1,68,2,9,3,4,7,9,1,10,1,12,,44,23,1,22,9,121.497939,25.04036572
111,4,10,19,50,2,02萬華區,萬華區東園街與東園街35巷口,0,0,2,1,F01,7,3,5,50,3,2,1,5,4,5,7,2,1,9,4,5,2,17,2,51,2,9,1,1,7,9,8,20,1,16,,25,25,1,22,9,121.4957347,25.02756727
111,4,10,19,50,2,02萬華區,萬華區東園街與東園街35巷口,0,0,2,2,C03,7,3,5,50,3,2,1,5,4,5,7,2,1,9,4,5,2,17,2,34,2,9,1,1,7,6,1,10,1,11,,32,25,1,22,9,121.4957347,25.02756727
111,4,10,20,1,2,09北投區,北投區公館路與西安街2段口,0,0,1,1,C03,8,3,5,50,4,1,1,5,4,5,7,1,1,5,4,5,2,12,1,19,2,8,1,1,7,7,1,10,1,13,,7,7,1,22,9,121.5026947,25.12140311
111,4,10,20,1,2,09北投區,北投區公館路與西安街2段口,0,0,1,2,B03,8,3,5,50,4,1,1,5,4,5,7,1,1,5,4,5,2,12,1,35,3,10,1,1,7,9,1,8,1,5,,44,7,1,22,9,121.5026947,25.12140311
111,4,10,20,41,2,04大安區,大安區新生南路3段20號,0,0,1,1,C03,8,3,5,50,14,9,1,5,4,5,7,4,4,1,4,5,1,13,1,30,2,9,3,4,7,9,1,10,2,11,,23,23,1,22,9,121.5345709,25.02418997
111,4,10,20,41,2,04大安區,大安區新生南路3段20號,0,0,1,2,B03,8,3,5,50,14,9,1,5,4,5,7,4,4,1,4,5,1,13,1,37,3,10,3,4,7,13,1,8,2,7,,26,23,1,22,9,121.5345709,25.02418997
111,4,10,20,45,2,11南港區,南港區市民大道8段與南港路1段277巷口,0,0,1,1,C03,7,3,5,50,4,2,1,5,4,5,7,1,1,9,4,5,2,17,1,65,3,10,1,1,7,5,1,10,2,15,,8,8,1,22,9,121.6111949,25.0312347
111,4,10,20,45,2,11南港區,南港區市民大道8段與南港路1段277巷口,0,0,1,2,C03,7,3,5,50,4,2,1,5,4,5,7,1,1,9,4,5,2,17,1,25,2,9,1,1,7,9,1,10,2,12,,44,8,1,22,9,121.6111949,25.0312347
111,4,10,22,15,2,02萬華區,萬華區西藏路與中華路2段300巷13弄口,0,0,1,1,B03,8,3,5,50,3,1,1,5,4,5,7,4,4,4,5,5,2,15,1,55,3,10,1,1,7,15,1,8,2,8,,6,6,1,22,9,121.5036981,25.02986584
111,4,10,22,15,2,02萬華區,萬華區西藏路與中華路2段300巷13弄口,0,0,1,2,C03,8,3,5,50,3,1,1,5,4,5,7,4,4,4,5,5,2,15,1,19,2,8,1,1,7,9,1,10,2,12,,13,6,1,22,9,121.5036981,25.02986584
111,4,10,22,38,2,09北投區,北投區大業路527巷88號北投捷運機場旁,0,0,1,1,,8,1,5,0,14,9,1,5,4,5,7,4,4,9,4,5,1,27,3,,,,,,,,,,10,,,66,66,1,,,121.4850859,25.13453832
111,4,10,22,38,2,09北投區,北投區大業路527巷88號北投捷運機場旁,0,0,1,2,C03,8,1,5,0,14,9,1,5,4,5,7,4,4,9,4,5,1,27,1,50,2,8,1,1,7,9,1,10,1,11,,43,66,1,22,9,121.4850859,25.13453832
111,4,11,4,39,2,05中正區,中正區重慶北路1段與鄭州路口,0,0,1,2,C03,7,3,5,50,4,1,1,5,4,5,7,1,1,1,4,1,2,17,1,23,2,7,1,1,7,9,1,10,9,14,,13,25,1,22,9,121.5133588,25.04925666
111,4,11,4,39,2,05中正區,中正區重慶北路1段與鄭州路口,0,0,1,1,B01,7,3,5,50,4,1,1,5,4,5,7,1,1,1,4,1,2,17,1,67,4,11,3,4,7,15,7,19,11,15,,25,25,2,22,9,121.5133588,25.04925666
111,4,11,7,30,2,08士林區,士林區中正路呷尚寶前,0,0,1,1,C03,8,1,8,50,15,22,1,5,4,5,7,4,4,1,5,5,2,17,2,18,2,9,1,1,7,8,1,10,1,12,,7,7,1,22,9,121.5187079,25.0923822
111,4,11,7,30,2,08士林區,士林區中正路呷尚寶前,0,0,1,2,B12,8,1,8,50,15,22,1,5,4,5,7,4,4,1,5,5,2,17,1,34,3,10,1,1,7,9,1,8,1,1,,44,7,1,22,9,121.5187079,25.0923822
111,4,11,7,32,2,04大安區,大安區辛亥路3段與辛亥路3段157巷口東往西未過157巷口,0,0,1,1,B02,8,1,5,50,14,9,1,5,4,5,7,4,4,1,4,5,2,12,1,54,4,11,3,4,7,15,7,19,11,15,,43,43,2,22,9,121.5496623,25.01671142
111,4,11,7,32,2,04大安區,大安區辛亥路3段與辛亥路3段157巷口東往西未過157巷口,0,0,1,2,C03,8,1,5,50,14,9,1,5,4,5,7,4,4,1,4,5,2,12,2,32,2,8,1,1,7,9,1,10,1,14,,43,43,1,22,9,121.5496623,25.01671142
111,4,11,7,33,2,08士林區,士林區東山路與東山路130巷口,0,0,1,1,C03,8,1,5,50,3,1,1,5,4,5,7,4,4,9,4,5,2,17,1,70,2,9,1,1,7,9,1,10,1,14,,23,23,1,22,9,121.5395423,25.11246544
111,4,11,7,33,2,08士林區,士林區東山路與東山路130巷口,0,0,1,2,B03,8,1,5,50,3,1,1,5,4,5,7,4,4,9,4,5,2,17,1,40,3,10,1,1,7,5,1,8,1,6,,44,23,1,22,9,121.5395423,25.11246544
111,4,11,7,36,2,04大安區,大安區安和路1段與仁愛路4段266巷口,0,0,2,1,B03,8,1,5,50,5,2,1,5,4,5,7,2,1,8,3,5,1,16,1,55,3,10,1,1,7,8,1,8,1,5,,7,7,1,22,9,121.5525281,25.03624537
111,4,11,7,36,2,04大安區,大安區安和路1段與仁愛路4段266巷口,0,0,2,2,C03,8,1,5,50,5,2,1,5,4,5,7,2,1,8,3,5,1,16,1,48,2,9,1,1,7,9,1,10,1,14,,44,7,1,22,9,121.5525281,25.03624537
111,4,11,7,36,2,04大安區,大安區安和路1段與仁愛路4段266巷口,0,0,2,3,H02,8,1,5,50,5,2,1,5,4,5,7,2,1,8,3,5,1,16,2,9,2,9,4,5,7,20,8,20,10,16,,67,7,1,22,9,121.5525281,25.03624537
111,4,11,7,41,2,04大安區,大安區敦化南路2段331巷與敦化南路2段口,0,0,1,1,C03,8,1,5,50,3,1,1,5,4,5,7,4,4,10,3,5,2,17,1,62,2,9,1,1,7,6,1,10,1,12,,9,9,1,22,9,121.5489789,25.02241915
111,4,11,7,41,2,04大安區,大安區敦化南路2段331巷與敦化南路2段口,0,0,1,2,C03,8,1,5,50,3,1,1,5,4,5,7,4,4,10,3,5,2,17,1,19,3,10,1,1,7,9,1,10,1,11,,44,9,1,22,9,121.5489789,25.02241915
111,4,11,7,45,2,11南港區,南港區南港路1段209號,0,0,1,1,C03,8,1,5,50,14,9,1,5,4,5,7,4,4,5,4,5,2,17,2,38,2,9,1,1,7,9,1,10,1,14,,16,16,1,22,9,121.6113746,25.05519349
111,4,11,7,45,2,11南港區,南港區南港路1段209號,0,0,1,2,B12,8,1,5,50,14,9,1,5,4,5,7,4,4,5,4,5,2,17,1,47,3,10,1,1,7,14,1,8,1,6,,44,16,1,22,9,121.6113746,25.05519349
111,4,11,7,45,2,11南港區,南港區南港路1段209號,0,0,1,3,C03,8,1,5,50,14,9,1,5,4,5,7,4,4,5,4,5,2,17,1,32,3,10,1,1,7,9,1,10,1,14,,44,16,1,22,9,121.6113746,25.05519349
111,4,11,7,45,2,11南港區,南港區南港路1段209號,0,0,1,4,C03,8,1,5,50,14,9,1,5,4,5,7,4,4,5,4,5,2,17,1,33,3,10,1,1,7,9,1,10,1,14,,16,16,1,22,9,121.6113746,25.05519349
111,4,11,7,48,2,12內湖區,內湖區康寧路3段70巷與康寧路3段口,0,0,1,1,C03,8,1,5,50,4,1,1,5,4,5,7,2,1,10,5,5,1,12,1,65,2,9,1,1,7,6,1,10,1,11,,9,9,1,22,9,121.611238,25.07035176
111,4,11,7,48,2,12內湖區,內湖區康寧路3段70巷與康寧路3段口,0,0,1,2,B12,8,1,5,50,4,1,1,5,4,5,7,2,1,10,5,5,1,12,1,58,3,10,1,1,7,9,1,8,1,8,,44,9,1,22,9,121.611238,25.07035176
111,4,11,7,52,2,03中山區,中山區明水路北安國中對面,0,0,2,1,C03,7,1,5,50,14,9,1,5,4,5,7,4,4,1,4,5,2,13,1,34,2,9,1,1,7,9,1,10,2,11,,16,16,1,22,9,121.5421841,25.07749563
111,4,11,7,52,2,03中山區,中山區明水路北安國中對面,0,0,2,2,C03,7,1,5,50,14,9,1,5,4,5,7,4,4,1,4,5,2,13,1,27,2,9,1,1,7,14,1,10,2,13,,44,16,1,22,9,121.5421841,25.07749563
111,4,11,7,52,2,03中山區,中山區明水路北安國中對面,0,0,2,3,B03,7,1,5,50,14,9,1,5,4,5,7,4,4,1,4,5,2,13,1,43,3,10,1,1,7,14,1,8,2,7,,44,16,1,22,9,121.5421841,25.07749563
111,4,11,7,52,2,09北投區,北投區大度路1段與大業路口,0,0,1,1,B12,8,1,5,50,14,12,1,5,4,5,7,2,1,1,4,4,1,12,1,26,3,10,1,1,7,9,1,8,2,2,,17,17,1,22,9,121.4992313,25.12102666
111,4,11,7,52,2,09北投區,北投區大度路1段與大業路口,0,0,1,2,C03,8,1,5,50,14,12,1,5,4,5,7,2,1,1,4,4,1,12,1,30,2,7,1,1,7,9,1,10,2,14,,17,17,1,22,9,121.4992313,25.12102666
111,4,11,8,10,2,02萬華區,萬華區艋舺大道與西園路2段口,0,0,1,1,,8,1,5,50,4,2,1,5,4,5,7,1,1,1,4,4,2,13,4,,4,11,3,4,7,15,7,19,11,15,,44,44,2,22,9,121.4977503,25.03296747
111,4,11,8,10,2,02萬華區,萬華區艋舺大道與西園路2段口,0,0,1,2,C03,8,1,5,50,4,2,1,5,4,5,7,1,1,1,4,4,2,13,1,26,2,7,1,1,7,9,1,10,1,11,,16,44,1,22,9,121.4977503,25.03296747
111,4,11,8,19,2,02萬華區,萬華區西園路2段與西園路2段11巷口,0,0,1,1,C03,8,1,5,50,14,9,1,5,4,1,7,1,1,1,4,5,2,17,2,48,2,8,1,4,7,9,1,10,2,15,,23,23,1,22,9,121.4973134,25.03178347
111,4,11,8,19,2,02萬華區,萬華區西園路2段與西園路2段11巷口,0,0,1,2,C03,8,1,5,50,14,9,1,5,4,1,7,1,1,1,4,5,2,17,1,51,3,10,1,4,7,12,1,10,2,11,,44,23,1,22,9,121.4973134,25.03178347