發生年度,發生月,發生日,發生時-Hours,發生分,處理別-編號,區序,肇事地點,死亡人數,2-30日死亡人數,受傷人數,當事人序號,車種,天候,光線,道路類別,速限-速度限制,道路型態,事故位置,路面狀況1,路面狀況2,路面狀況3,道路障礙1,道路障礙2,號誌1,號誌2,車道劃分-分向,車道劃分-分道1,車道劃分-分道2,車道劃分-分道3,事故類型及型態,性別,年齡,受傷程度,主要傷處,安全帽,行動電話,車輛用途,當事者行動狀態,駕駛資格情形,駕駛執照種類,飲酒情形,車輛撞擊部位1,車輛撞擊部位2,肇因碼-個別,肇因碼-主要,個人肇逃否,職業,旅次目的,座標-X,座標-Y
111,4,11,8,19,2,02萬華區,萬華區西園路2段與西園路2段11巷口,0,0,1,3,H03,8,1,5,50,14,9,1,5,4,1,7,1,1,1,4,5,2,17,1,54,3,10,4,5,8,21,8,20,10,16,,67,23,1,22,9,121.4973134,25.03178347
111,4,11,8,19,2,02萬華區,萬華區西園路2段與西園路2段11巷口,0,0,1,4,B12,8,1,5,50,14,9,1,5,4,1,7,1,1,1,4,5,2,17,1,37,3,10,1,4,7,7,1,8,1,1,,23,23,1,22,9,121.4973134,25.03178347
111,4,11,8,30,2,08士林區,士林區承德路4段152號,0,0,4,1,B12,8,1,8,50,15,22,1,5,4,5,7,4,4,1,4,5,2,17,1,32,3,10,1,1,7,8,1,8,1,5,,7,7,1,22,9,121.5233153,25.08515396
111,4,11,8,30,2,08士林區,士林區承德路4段152號,0,0,4,2,B03,8,1,8,50,15,22,1,5,4,5,7,4,4,1,4,5,2,17,1,50,4,11,3,4,7,10,7,19,11,15,,7,7,2,22,9,121.5233153,25.08515396
111,4,11,8,30,2,08士林區,士林區承德路4段152號,0,0,4,3,C03,8,1,8,50,15,22,1,5,4,5,7,4,4,1,4,5,2,17,1,22,2,9,1,1,7,9,1,10,1,14,,44,7,1,22,9,121.5233153,25.08515396
111,4,11,8,30,2,08士林區,士林區承德路4段152號,0,0,4,4,C03,8,1,8,50,15,22,1,5,4,5,7,4,4,1,4,5,2,17,1,48,2,9,1,1,7,9,1,10,1,11,,23,7,1,22,9,121.5233153,25.08515396
111,4,11,8,30,2,08士林區,士林區承德路4段152號,0,0,4,5,C03,8,1,8,50,15,22,1,5,4,5,7,4,4,1,4,5,2,17,1,26,2,9,1,1,7,12,1,10,1,13,,44,7,1,22,9,121.5233153,25.08515396
111,4,11,8,30,2,08士林區,士林區承德路4段152號,0,0,4,6,H02,8,1,8,50,15,22,1,5,4,5,7,4,4,1,4,5,2,17,2,45,2,9,4,5,7,20,8,20,10,16,,67,7,1,22,9,121.5233153,25.08515396
111,4,11,8,48,2,01大同區,大同區環河北路1段忠孝國中旁,0,0,1,1,C03,8,1,5,50,14,9,1,5,4,5,7,4,4,10,4,5,2,16,1,39,2,9,3,4,7,7,1,10,1,14,,7,7,1,22,9,121.50714,25.0517826
111,4,11,8,48,2,01大同區,大同區環河北路1段忠孝國中旁,0,0,1,2,C03,8,1,5,50,14,9,1,5,4,5,7,4,4,10,4,5,2,16,2,57,3,10,3,4,7,9,1,10,1,12,,44,7,1,22,9,121.50714,25.0517826
111,4,11,8,50,2,03中山區,中山區長安東路1段與天津街口,0,0,1,1,B01,8,1,5,50,4,1,1,5,4,5,7,2,1,1,5,5,2,3,1,59,3,10,1,4,7,5,1,4,2,8,,15,15,1,10,9,121.5273756,25.048389
111,4,11,8,50,2,03中山區,中山區長安東路1段與天津街口,0,0,1,2,H01,8,1,5,50,4,1,1,5,4,5,7,2,1,1,5,5,2,3,2,63,2,9,4,5,8,16,8,20,10,16,,67,15,1,22,9,121.5273756,25.048389
111,4,11,9,2,2,06松山區,松山區麥帥一橋機車道往東,0,0,1,1,C03,8,1,5,40,14,11,1,5,4,5,7,4,4,10,4,5,2,13,1,49,2,9,3,4,7,9,1,10,2,13,,23,23,1,22,9,121.5703898,25.05135473
111,4,11,9,2,2,06松山區,松山區麥帥一橋機車道往東,0,0,1,2,C03,8,1,5,40,14,11,1,5,4,5,7,4,4,10,4,5,2,13,2,41,3,10,3,4,7,7,1,10,2,11,,16,23,1,22,9,121.5703898,25.05135473
111,4,11,9,10,2,11南港區,南港區市民大道8段與南港路1段171巷口,0,0,1,1,B03,8,1,5,50,3,2,1,5,4,5,7,1,1,1,4,5,2,12,1,50,3,10,1,1,7,6,1,8,2,2,,9,9,1,22,9,121.6131099,25.05419592
111,4,11,9,10,2,11南港區,南港區市民大道8段與南港路1段171巷口,0,0,1,2,C03,8,1,5,50,3,2,1,5,4,5,7,1,1,1,4,5,2,12,2,60,2,8,1,1,7,9,1,10,2,11,,23,9,1,22,9,121.6131099,25.05419592
111,4,11,9,20,2,08士林區,士林區承德路4段與承德路4段292巷11弄口,0,0,1,1,C03,8,1,5,30,3,1,1,5,4,3,5,2,1,1,4,5,2,17,2,44,2,3,1,4,7,15,1,10,1,11,,25,25,1,22,9,121.5199845,25.08937695
111,4,11,9,20,2,08士林區,士林區承德路4段與承德路4段292巷11弄口,0,0,1,2,C03,8,1,5,30,3,1,1,5,4,3,5,2,1,1,4,5,2,17,1,25,3,10,1,4,7,6,1,10,1,12,,44,25,1,22,9,121.5199845,25.08937695
111,4,11,9,40,2,10文山區,文山區羅斯福路6段29號,0,0,1,1,B03,8,1,5,50,14,9,1,5,4,5,7,4,4,1,4,5,2,12,2,58,3,10,1,1,7,7,1,8,1,4,,7,7,1,22,9,121.5398993,24.9997644
111,4,11,9,40,2,10文山區,文山區羅斯福路6段29號,0,0,1,2,C03,8,1,5,50,14,9,1,5,4,5,7,4,4,1,4,5,2,12,2,18,2,9,1,1,7,9,1,10,1,12,,44,7,1,22,9,121.5398993,24.9997644
111,4,11,9,45,2,12內湖區,內湖區行善路59巷與行善路59巷40弄口,0,0,1,1,C03,8,1,5,30,3,1,1,5,4,5,7,4,4,5,5,5,2,16,1,72,3,10,1,1,7,5,1,10,1,13,,6,6,1,22,9,121.5785708,25.05669481
111,4,11,9,45,2,12內湖區,內湖區行善路59巷與行善路59巷40弄口,0,0,1,2,C03,8,1,5,30,3,1,1,5,4,5,7,4,4,5,5,5,2,16,1,36,2,9,1,1,7,9,1,10,1,11,,44,6,1,22,9,121.5785708,25.05669481
111,4,11,9,50,2,11南港區,南港區研究院路2段128號,0,0,1,1,B01,8,1,5,50,14,9,1,5,4,5,7,4,4,9,5,5,2,12,1,67,3,10,1,1,7,11,1,4,1,5,,10,10,1,22,9,121.61745,25.0410295
111,4,11,9,50,2,11南港區,南港區研究院路2段128號,0,0,1,2,C03,8,1,5,50,14,9,1,5,4,5,7,4,4,9,5,5,2,12,1,23,2,9,1,1,7,9,1,10,1,12,,44,10,1,22,9,121.61745,25.0410295
111,4,11,10,26,2,06松山區,松山區延壽街399-3號,0,0,1,1,B01,8,1,5,30,14,9,1,5,4,5,7,4,4,9,4,5,2,13,1,59,3,10,1,4,7,12,1,4,1,3,,44,44,1,22,9,121.5571896,25.05666373
111,4,11,10,26,2,06松山區,松山區延壽街399-3號,0,0,1,2,C03,8,1,5,30,14,9,1,5,4,5,7,4,4,9,4,5,2,13,1,36,2,8,1,4,7,9,1,10,1,11,,16,44,1,22,9,121.5571896,25.05666373
111,4,11,10,35,2,05中正區,中正區青島西路與中山南路口,0,0,1,1,B01,8,1,5,50,14,9,1,5,4,5,7,4,4,9,4,5,2,12,1,60,3,10,1,1,7,8,1,4,2,2,,7,7,1,22,9,121.5185912,25.04469972
111,4,11,10,35,2,05中正區,中正區青島西路與中山南路口,0,0,1,2,C03,8,1,5,50,14,9,1,5,4,5,7,4,4,9,4,5,2,12,1,28,2,9,1,1,7,9,1,10,2,14,,44,7,1,22,9,121.5185912,25.04469972
111,4,11,11,15,2,03中山區,中山區錦州街261號,0,0,2,1,H01,8,1,5,50,14,9,1,5,4,5,7,4,4,5,5,5,2,3,2,69,2,7,4,5,8,16,8,20,10,16,,51,51,1,22,9,121.5346849,25.0604274
111,4,11,11,15,2,03中山區,中山區錦州街261號,0,0,2,2,C03,8,1,5,50,14,9,1,5,4,5,7,4,4,5,5,5,2,3,1,26,2,8,1,1,7,9,1,10,1,11,,23,51,1,22,9,121.5346849,25.0604274
111,4,11,11,20,2,08士林區,士林區社子大橋與社子大橋口平面車道.引道口,0,0,2,1,C03,8,1,5,40,3,1,1,5,4,5,7,1,1,9,4,5,2,13,2,19,2,9,1,1,7,9,1,10,1,11,,23,23,1,22,9,121.4926688,25.11188218
111,4,11,11,20,2,08士林區,士林區社子大橋與社子大橋口平面車道.引道口,0,0,2,2,C03,8,1,5,40,3,1,1,5,4,5,7,1,1,9,4,5,2,13,1,31,2,9,1,1,7,14,1,10,1,13,,26,23,1,22,9,121.4926688,25.11188218
111,4,11,11,24,2,07信義區,信義區松山路與松德路口,0,0,1,1,C03,8,1,5,50,4,1,1,5,4,5,7,1,1,1,4,5,2,12,1,35,2,8,1,1,7,1,1,10,1,12,,19,19,1,22,9,121.5778134,25.0395268
111,4,11,11,24,2,07信義區,信義區松山路與松德路口,0,0,1,2,B03,8,1,5,50,4,1,1,5,4,5,7,1,1,1,4,5,2,12,1,37,3,10,1,1,7,6,1,8,1,4,,44,19,1,22,9,121.5778134,25.0395268
111,4,11,11,35,2,07信義區,信義區富陽街71巷與富陽街口,0,0,1,1,B03,8,1,5,50,4,1,1,5,4,5,7,4,4,10,4,5,2,17,2,36,3,10,1,1,7,1,1,8,1,5,,19,19,1,22,9,121.5564998,25.02165302
111,4,11,11,35,2,07信義區,信義區富陽街71巷與富陽街口,0,0,1,2,C03,8,1,5,50,4,1,1,5,4,5,7,4,4,10,4,5,2,17,2,41,2,8,1,1,7,9,1,10,1,14,,44,19,1,22,9,121.5564998,25.02165302
111,4,11,12,5,2,07信義區,信義區松德路132號,0,0,1,1,B01,8,1,5,50,14,7,1,5,4,5,7,4,4,1,4,4,1,13,1,69,3,10,1,1,7,8,1,4,2,6,,7,7,1,22,9,121.5746509,25.03733765
111,4,11,12,5,2,07信義區,信義區松德路132號,0,0,1,2,C03,8,1,5,50,14,7,1,5,4,5,7,4,4,1,4,4,1,13,1,45,2,9,1,1,7,9,1,10,2,11,,16,7,1,22,9,121.5746509,25.03733765
111,4,11,12,25,2,02萬華區,萬華區萬青街與青年路68巷口,0,0,2,1,C03,8,1,5,30,4,1,1,5,4,5,7,3,1,5,5,5,2,15,1,21,2,8,1,1,7,9,1,10,1,11,,6,6,1,22,9,121.5015978,25.02354574
111,4,11,12,25,2,02萬華區,萬華區萬青街與青年路68巷口,0,0,2,2,C03,8,1,5,30,4,1,1,5,4,5,7,3,1,5,5,5,2,15,2,59,2,9,1,1,7,9,1,10,1,12,,14,6,1,22,9,121.5015978,25.02354574
111,4,11,12,31,2,01大同區,大同區承德路2段與錦西街口,0,0,2,1,C03,8,1,5,50,4,1,1,5,4,5,7,2,1,1,4,5,2,13,2,34,2,9,3,4,7,9,1,10,2,11,,23,23,1,22,9,121.518291,25.0601914
111,4,11,12,31,2,01大同區,大同區承德路2段與錦西街口,0,0,2,2,C03,8,1,5,50,4,1,1,5,4,5,7,2,1,1,4,5,2,13,1,39,2,9,3,4,7,12,1,10,2,13,,43,23,1,22,9,121.518291,25.0601914
111,4,11,13,13,2,10文山區,文山區下崙路28巷2號對面(46號汽車停車格),0,0,1,1,C03,8,1,5,30,14,9,2,5,4,5,7,4,4,9,4,5,2,17,1,24,2,8,1,1,7,9,1,10,2,15,,23,23,1,22,9,121.556817,24.98631422
111,4,11,13,13,2,10文山區,文山區下崙路28巷2號對面(46號汽車停車格),0,0,1,2,B03,8,1,5,30,14,9,2,5,4,5,7,4,4,9,4,5,2,17,1,22,3,10,1,1,7,13,1,8,9,4,,44,23,1,22,9,121.556817,24.98631422
111,4,11,13,25,2,11南港區,南港區南港路2段158號,0,0,1,1,H01,8,1,5,0,14,7,1,5,4,5,7,4,4,5,5,4,2,3,1,37,2,9,4,5,8,16,8,20,10,16,,51,51,1,22,9,121.5998606,25.05341666
111,4,11,13,25,2,11南港區,南港區南港路2段158號,0,0,1,2,B01,8,1,5,0,14,7,1,5,4,5,7,4,4,5,5,4,2,3,1,41,4,11,3,4,7,9,1,4,2,5,,23,51,1,22,9,121.5998606,25.05341666
111,4,11,14,20,2,09北投區,北投區富貴一路5巷與榮華三路14巷口,0,0,1,1,B03,8,1,5,30,3,2,1,5,4,5,4,4,4,10,5,5,2,17,1,75,3,10,1,1,7,5,1,8,1,15,,8,8,1,22,9,121.5232208,25.11480462
111,4,11,14,20,2,09北投區,北投區富貴一路5巷與榮華三路14巷口,0,0,1,2,C03,8,1,5,30,3,2,1,5,4,5,4,4,4,10,5,5,2,17,1,73,2,9,1,1,7,9,1,10,1,14,,14,8,1,22,9,121.5232208,25.11480462
111,4,11,14,50,2,10文山區,文山區木柵路1段與木柵路1段76巷口,0,0,1,1,B03,8,1,5,50,4,2,1,5,4,5,7,2,1,9,4,5,1,16,1,73,3,10,1,1,7,5,1,8,2,2,,6,6,1,22,9,121.550193,24.98743479
111,4,11,14,50,2,10文山區,文山區木柵路1段與木柵路1段76巷口,0,0,1,2,C03,8,1,5,50,4,2,1,5,4,5,7,2,1,9,4,5,1,16,1,24,2,9,1,1,7,9,1,10,2,11,,44,6,1,22,9,121.550193,24.98743479
111,4,11,14,58,2,04大安區,大安區仁愛路4段345巷15弄與仁愛路4段345巷口,0,0,1,1,B01,8,1,5,0,4,1,1,5,4,5,7,4,4,10,4,5,2,15,1,37,3,10,1,1,7,9,1,4,1,2,,43,43,1,22,9,121.5540786,25.03890334
111,4,11,14,58,2,04大安區,大安區仁愛路4段345巷15弄與仁愛路4段345巷口,0,0,1,2,C03,8,1,5,0,4,1,1,5,4,5,7,4,4,10,4,5,2,15,1,33,2,9,1,1,7,9,1,10,1,11,,43,43,1,22,9,121.5540786,25.03890334
111,4,11,15,3,2,07信義區,信義區基隆路2段107-2號,0,0,1,1,B03,8,1,5,50,14,9,1,5,4,5,7,4,4,1,4,5,1,16,1,25,3,10,3,4,7,7,1,4,1,8,,7,7,1,22,9,121.5574006,25.0293704
111,4,11,15,3,2,07信義區,信義區基隆路2段107-2號,0,0,1,2,C03,8,1,5,50,14,9,1,5,4,5,7,4,4,1,4,5,1,16,2,25,2,8,3,4,7,9,1,10,1,12,,44,7,1,22,9,121.5574006,25.0293704
111,4,11,15,7,2,08士林區,士林區中正路與文林路口,0,0,1,1,B01,8,1,5,50,4,2,1,5,4,5,7,1,1,3,4,5,2,17,1,52,3,10,1,1,7,9,1,4,1,2,,23,23,1,22,9,121.5246396,25.09496371
111,4,11,15,7,2,08士林區,士林區中正路與文林路口,0,0,1,2,C03,8,1,5,50,4,2,1,5,4,5,7,1,1,3,4,5,2,17,1,76,2,1,1,1,7,9,4,8,1,14,,44,23,1,22,9,121.5246396,25.09496371
111,4,11,15,30,2,05中正區,中正區和平西路2段與泉州街口,0,0,1,1,B02,8,1,5,50,5,1,1,5,4,5,7,2,1,1,4,5,2,12,1,65,3,10,1,1,7,6,1,8,1,2,,9,9,1,22,9,121.5145092,25.02762281
111,4,11,15,30,2,05中正區,中正區和平西路2段與泉州街口,0,0,1,2,C03,8,1,5,50,5,1,1,5,4,5,7,2,1,1,4,5,2,12,1,25,2,9,1,1,7,9,1,10,1,14,,44,9,1,22,9,121.5145092,25.02762281
111,4,11,15,45,2,03中山區,中山區長安東路2段與遼寧街口,0,0,1,1,C03,8,1,5,50,4,1,1,5,4,5,7,1,1,5,4,5,1,15,2,42,3,10,1,1,7,9,1,10,1,12,,6,6,1,22,9,121.5421358,25.0482919
111,4,11,15,45,2,03中山區,中山區長安東路2段與遼寧街口,0,0,1,2,C03,8,1,5,50,4,1,1,5,4,5,7,1,1,5,4,5,1,15,1,22,2,8,1,1,7,9,1,10,1,11,,44,6,1,22,9,121.5421358,25.0482919
111,4,11,16,38,2,04大安區,大安區復興南路1段與仁愛路3段123巷13弄口,0,0,2,1,C03,8,1,5,30,4,1,1,5,4,5,7,1,1,10,4,5,2,12,2,57,2,9,1,1,7,5,1,10,1,13,,6,6,1,22,9,121.5436627,25.0398217
111,4,11,16,38,2,04大安區,大安區復興南路1段與仁愛路3段123巷13弄口,0,0,2,2,C03,8,1,5,30,4,1,1,5,4,5,7,1,1,10,4,5,2,12,2,23,2,9,1,1,7,9,1,10,1,11,,23,6,1,22,9,121.5436627,25.0398217
111,4,11,16,48,2,06松山區,松山區八德路4段與松山路口,0,0,1,1,B03,7,1,5,50,4,1,1,5,4,5,7,2,1,1,4,5,2,15,1,71,3,10,1,1,7,15,1,8,2,1,,6,6,1,22,9,121.5776525,25.05007589
111,4,11,16,48,2,06松山區,松山區八德路4段與松山路口,0,0,1,2,C03,7,1,5,50,4,1,1,5,4,5,7,2,1,1,4,5,2,15,2,24,2,9,1,1,7,9,1,10,2,11,,44,6,1,22,9,121.5776525,25.05007589
111,4,11,16,49,2,01大同區,大同區民生西路343號,0,0,1,1,C03,8,1,5,50,14,9,1,5,4,5,7,4,4,8,3,5,1,12,1,64,2,9,1,1,7,7,1,10,2,14,,7,7,1,22,9,121.5116256,25.05692549
111,4,11,16,49,2,01大同區,大同區民生西路343號,0,0,1,2,C03,8,1,5,50,14,9,1,5,4,5,7,4,4,8,3,5,1,12,1,19,3,10,1,1,7,9,1,10,2,15,,44,7,1,22,9,121.5116256,25.05692549
111,4,11,16,56,2,11南港區,南港區忠孝東路6段13號,0,0,2,1,C03,8,1,5,0,14,8,1,5,4,5,7,1,1,1,4,4,2,13,1,61,2,9,1,1,7,9,1,10,1,11,,23,23,1,22,9,121.5830972,25.04594649
111,4,11,16,56,2,11南港區,南港區忠孝東路6段13號,0,0,2,2,C03,8,1,5,0,14,8,1,5,4,5,7,1,1,1,4,4,2,13,1,58,2,7,1,1,7,9,1,10,1,13,,44,23,1,22,9,121.5830972,25.04594649
111,4,11,16,56,2,11南港區,南港區忠孝東路6段13號,0,0,2,3,B03,8,1,5,0,14,8,1,5,4,5,7,1,1,1,4,4,2,13,1,31,3,10,1,1,7,1,1,8,1,15,,19,23,1,22,9,121.5830972,25.04594649
111,4,11,17,20,2,11南港區,南港區南港路3段與東新街口口,0,0,1,1,B03,8,1,5,50,5,1,1,5,4,5,7,2,1,5,4,5,2,12,1,83,3,10,1,1,7,8,1,4,1,2,,7,7,1,22,9,121.5827282,25.0517212
111,4,11,17,20,2,11南港區,南港區南港路3段與東新街口口,0,0,1,2,C03,8,1,5,50,5,1,1,5,4,5,7,2,1,5,4,5,2,12,1,61,2,9,1,1,7,9,1,10,1,14,,42,7,1,22,9,121.5827282,25.0517212
111,4,11,17,22,2,01大同區,大同區環河北路2段215號,0,0,1,1,C03,8,1,5,50,14,9,1,5,4,5,7,4,4,1,4,5,2,13,1,40,2,7,1,1,7,9,1,10,1,11,,23,23,1,22,9,121.5093428,25.06976059
111,4,11,17,22,2,01大同區,大同區環河北路2段215號,0,0,1,2,B03,8,1,5,50,14,9,1,5,4,5,7,4,4,1,4,5,2,13,1,57,3,10,3,4,7,14,1,8,1,3,,38,23,1,22,9,121.5093428,25.06976059
111,4,11,17,31,2,09北投區,北投區大度路3段301巷與大度路3段301巷63弄口,0,0,1,1,B03,7,1,5,30,3,1,1,5,4,5,7,4,4,10,5,5,1,10,1,34,3,10,1,1,7,9,1,8,1,1,,13,42,1,22,9,121.4658295,25.12135596
111,4,11,17,31,2,09北投區,北投區大度路3段301巷與大度路3段301巷63弄口,0,0,1,2,C03,7,1,5,30,3,1,1,5,4,5,7,4,4,10,5,5,1,10,1,61,2,9,1,1,7,9,1,10,1,11,,23,42,1,22,9,121.4658295,25.12135596
111,4,11,18,2,2,01大同區,大同區民權西路89號,0,0,1,1,C03,7,3,5,50,14,9,1,5,4,5,7,4,4,9,4,5,2,12,1,30,2,9,1,1,7,8,1,10,1,12,,7,7,1,22,9,121.5189788,25.06297974
111,4,11,18,2,2,01大同區,大同區民權西路89號,0,0,1,2,C04,7,3,5,50,14,9,1,5,4,5,7,4,4,9,4,5,2,12,1,29,3,10,1,1,7,9,1,10,1,11,,23,7,1,22,9,121.5189788,25.06297974
111,4,11,18,10,2,05中正區,中正區懷寧街與漢口街1段口,0,0,1,1,B03,8,1,5,50,4,1,1,5,4,5,7,3,1,10,5,5,2,3,2,23,3,10,1,1,7,9,1,8,2,1,,15,15,1,22,9,121.514273,25.04515684
111,4,11,18,10,2,05中正區,中正區懷寧街與漢口街1段口,0,0,1,2,H01,8,1,5,50,4,1,1,5,4,5,7,3,1,10,5,5,2,3,2,65,2,8,4,5,8,16,8,20,10,16,,67,15,1,22,9,121.514273,25.04515684
111,4,11,18,27,2,01大同區,大同區延平北路3段與伊寧街口,0,0,2,1,C03,8,1,5,50,4,1,1,5,4,5,7,1,1,4,3,5,1,17,2,34,2,5,1,1,7,5,1,10,2,12,,6,6,1,22,9,121.5111724,25.06467129
111,4,11,18,27,2,01大同區,大同區延平北路3段與伊寧街口,0,0,2,2,C03,8,1,5,50,4,1,1,5,4,5,7,1,1,4,3,5,1,17,1,24,2,9,1,1,7,9,1,10,2,11,,44,6,1,22,9,121.5111724,25.06467129
111,4,11,19,0,2,02萬華區,萬華區青年路138號,0,0,2,1,F01,8,3,5,30,14,9,1,5,4,5,7,4,4,4,5,5,2,17,1,74,2,9,1,1,7,11,8,20,1,15,,26,26,1,22,9,121.5025711,25.02187936
111,4,11,19,0,2,02萬華區,萬華區青年路138號,0,0,2,2,C03,8,3,5,30,14,9,1,5,4,5,7,4,4,4,5,5,2,17,2,46,2,1,1,1,7,9,4,11,1,11,,44,26,1,22,9,121.5025711,25.02187936
111,4,11,19,15,2,06松山區,松山區民權東路5段與三民路口,0,0,2,1,C03,8,3,5,50,3,2,1,5,4,5,7,2,1,1,3,5,2,13,2,31,2,9,1,1,7,9,1,10,1,11,,16,16,1,22,9,121.5630916,25.0629002
111,4,11,19,15,2,06松山區,松山區民權東路5段與三民路口,0,0,2,2,C03,8,3,5,50,3,2,1,5,4,5,7,2,1,1,3,5,2,13,1,23,3,10,1,1,7,12,1,10,1,13,,44,16,1,22,9,121.5630916,25.0629002
111,4,11,19,15,2,06松山區,松山區民權東路5段與三民路口,0,0,2,3,C03,8,3,5,50,3,2,1,5,4,5,7,2,1,1,3,5,2,13,1,56,2,8,1,1,7,9,1,10,1,11,,23,16,1,22,9,121.5630916,25.0629002
111,4,11,19,17,2,01大同區,大同區延平北路1段與鄭州路口,0,0,1,1,C03,7,3,5,40,4,1,1,5,4,5,7,2,1,1,4,5,2,12,1,19,3,10,1,1,7,9,1,10,1,14,,23,23,1,22,9,121.511993,25.04999582
111,4,11,19,17,2,01大同區,大同區延平北路1段與鄭州路口,0,0,1,2,C03,7,3,5,40,4,1,1,5,4,5,7,2,1,1,4,5,2,12,2,38,2,9,1,1,7,9,1,10,1,12,,44,23,1,22,9,121.511993,25.04999582
111,4,11,19,17,2,01大同區,大同區延平北路1段與鄭州路口,0,0,1,3,C03,7,3,5,40,4,1,1,5,4,5,7,2,1,1,4,5,2,12,1,22,3,10,1,1,7,15,1,10,1,15,,44,23,1,22,9,121.511993,25.04999582
111,4,11,19,24,2,11南港區,南港區舊莊街2段320號,0,0,1,2,B03,7,3,5,30,11,9,1,5,4,5,7,4,4,10,5,5,1,16,1,69,3,10,1,1,7,5,1,8,1,7,,17,17,1,22,9,121.6616656,25.02405686
111,4,11,19,24,2,11南港區,南港區舊莊街2段320號,0,0,1,1,C03,7,3,5,30,11,9,1,5,4,5,7,4,4,10,5,5,1,16,1,28,2,8,1,1,7,6,1,10,1,14,,17,17,1,22,9,121.6616656,25.02405686
111,4,11,19,34,2,01大同區,大同區南京西路27號,0,0,1,1,B01,8,3,5,40,14,9,1,5,4,5,7,4,4,1,4,4,2,12,1,67,3,10,3,4,7,1,1,4,1,4,,19,19,1,22,9,121.5201641,25.05276545
111,4,11,19,34,2,01大同區,大同區南京西路27號,0,0,1,2,C03,8,3,5,40,14,9,1,5,4,5,7,4,4,1,4,4,2,12,1,29,2,8,1,1,7,9,1,10,1,11,,23,19,1,22,9,121.5201641,25.05276545
111,4,11,20,37,2,03中山區,中山區民權東路3段39巷與民權東路3段口,0,0,2,1,C03,8,3,5,50,4,1,1,5,4,5,7,1,1,1,4,5,2,16,1,21,2,9,1,4,7,8,1,10,1,12,,7,7,1,22,9,121.5425419,25.0624596
111,4,11,20,37,2,03中山區,中山區民權東路3段39巷與民權東路3段口,0,0,2,2,C03,8,3,5,50,4,1,1,5,4,5,7,1,1,1,4,5,2,16,1,47,2,9,3,4,7,9,1,10,1,11,,44,7,1,22,9,121.5425419,25.0624596
111,4,11,20,47,2,01大同區,大同區重慶北路2段與蘭州街口,0,0,3,1,C03,7,3,5,50,3,2,1,5,4,5,7,4,4,9,4,5,1,12,2,47,2,6,1,1,7,6,1,10,1,15,,6,6,1,22,9,121.5136507,25.06181
111,4,11,20,47,2,01大同區,大同區重慶北路2段與蘭州街口,0,0,3,2,C03,7,3,5,50,3,2,1,5,4,5,7,4,4,9,4,5,1,12,2,45,3,10,1,1,7,9,1,10,1,12,,44,6,1,22,9,121.5136507,25.06181
111,4,11,20,47,2,01大同區,大同區重慶北路2段與蘭州街口,0,0,3,3,H02,7,3,5,50,3,2,1,5,4,5,7,4,4,9,4,5,1,12,2,18,2,6,1,5,7,17,8,20,10,15,,67,6,1,22,9,121.5136507,25.06181
111,4,11,20,47,2,01大同區,大同區重慶北路2段與蘭州街口,0,0,3,4,H02,7,3,5,50,3,2,1,5,4,5,7,4,4,9,4,5,1,12,2,22,2,5,1,5,7,17,8,20,10,15,,67,6,1,22,9,121.5136507,25.06181
111,4,11,23,16,2,10文山區,文山區興隆路1段與興順街口,0,0,1,1,F01,8,3,5,50,3,1,1,5,4,5,7,1,1,1,4,5,2,16,2,60,2,8,1,1,7,5,8,20,2,16,,8,8,1,22,9,121.5431749,25.00054059
111,4,11,23,16,2,10文山區,文山區興隆路1段與興順街口,0,0,1,2,C03,8,3,5,50,3,1,1,5,4,5,7,1,1,1,4,5,2,16,2,26,3,10,1,1,7,9,1,10,2,11,,44,8,1,22,9,121.5431749,25.00054059
111,4,11,23,20,2,06松山區,松山區富錦街與民生東路5段27巷口,0,0,1,1,C03,8,3,5,50,4,1,1,5,4,5,7,1,1,4,5,5,2,12,1,48,2,9,1,1,7,4,1,10,2,11,,1,1,1,22,1,121.5569454,25.06044824
111,4,11,23,20,2,06松山區,松山區富錦街與民生東路5段27巷口,0,0,1,2,B03,8,3,5,50,4,1,1,5,4,5,7,1,1,4,5,5,2,12,1,50,3,10,1,1,7,9,1,8,2,4,,44,1,1,22,1,121.5569454,25.06044824
111,4,11,23,48,2,03中山區,中山區新生北路1段與長安東路2段口,0,0,1,1,B01,7,3,5,50,3,1,1,5,4,5,7,2,1,9,4,5,1,11,1,50,3,10,3,1,7,5,1,4,1,2,,8,8,2,22,9,121.5295641,25.04853873
111,4,11,23,48,2,03中山區,中山區新生北路1段與長安東路2段口,0,0,1,2,C03,7,3,5,50,3,1,1,5,4,5,7,2,1,9,4,5,1,11,1,42,2,9,3,1,7,9,1,10,1,11,,44,8,1,22,9,121.5295641,25.04853873
111,4,12,1,15,2,08士林區,士林區東山路與忠誠路2段207巷口,0,0,3,1,C03,7,3,5,30,4,1,1,5,4,5,7,3,1,1,5,5,1,15,1,24,2,9,1,1,7,9,1,10,1,15,,6,6,1,22,9,121.5390895,25.1164295
111,4,12,1,15,2,08士林區,士林區東山路與忠誠路2段207巷口,0,0,3,2,C03,7,3,5,30,4,1,1,5,4,5,7,3,1,1,5,5,1,15,1,23,2,9,1,1,7,9,1,10,1,15,,14,6,1,22,9,121.5390895,25.1164295
111,4,12,1,15,2,08士林區,士林區東山路與忠誠路2段207巷口,0,0,3,3,H02,7,3,5,30,4,1,1,5,4,5,7,3,1,1,5,5,1,15,1,31,2,9,1,1,7,20,8,20,10,16,,67,6,1,22,9,121.5390895,25.1164295