發生年度,發生月,發生日,發生時-Hours,發生分,處理別-編號,區序,肇事地點,死亡人數,2-30日死亡人數,受傷人數,當事人序號,車種,天候,光線,道路類別,速限-速度限制,道路型態,事故位置,路面狀況1,路面狀況2,路面狀況3,道路障礙1,道路障礙2,號誌1,號誌2,車道劃分-分向,車道劃分-分道1,車道劃分-分道2,車道劃分-分道3,事故類型及型態,性別,年齡,受傷程度,主要傷處,安全帽,行動電話,車輛用途,當事者行動狀態,駕駛資格情形,駕駛執照種類,飲酒情形,車輛撞擊部位1,車輛撞擊部位2,肇因碼-個別,肇因碼-主要,個人肇逃否,職業,旅次目的,座標-X,座標-Y
111,4,12,2,19,2,08士林區,士林區延平北路9段延平幹170B5855ED43,0,0,1,1,C03,8,3,5,50,14,9,1,5,4,5,7,4,4,5,5,5,1,29,1,19,2,9,1,1,7,9,1,10,6,11,,21,21,1,21,8,121.4728143,25.10639909
111,4,12,2,19,2,08士林區,士林區延平北路9段延平幹170B5855ED43,0,0,1,2,,8,3,5,50,14,9,1,5,4,5,7,4,4,5,5,5,1,29,3,,,,,,,,,,,,,67,21,1,,,121.4728143,25.10639909
111,4,12,4,30,2,05中正區,中正區重慶南路3段56號前,0,0,1,1,C03,8,3,5,50,5,2,1,5,4,5,7,1,1,1,4,5,2,12,1,21,3,10,1,1,7,6,1,10,1,12,,9,9,1,22,9,121.5158568,25.02741894
111,4,12,4,30,2,05中正區,中正區重慶南路3段56號前,0,0,1,2,C04,8,3,5,50,5,2,1,5,4,5,7,1,1,1,4,5,2,12,1,25,2,9,1,1,7,9,1,10,1,11,,13,9,1,22,9,121.5158568,25.02741894
111,4,12,5,48,2,03中山區,中山區林森北路與民權東路1段口,0,0,1,1,C03,8,2,5,50,4,1,1,5,4,5,7,1,1,1,4,5,2,13,1,65,2,9,1,4,7,9,1,10,1,11,,16,16,1,22,9,121.5256359,25.06261581
111,4,12,5,48,2,03中山區,中山區林森北路與民權東路1段口,0,0,1,2,C03,8,2,5,50,4,1,1,5,4,5,7,1,1,1,4,5,2,13,1,24,3,10,1,4,7,14,1,10,1,13,,44,16,1,22,9,121.5256359,25.06261581
111,4,12,5,48,2,03中山區,中山區林森北路與民權東路1段口,0,0,1,3,B03,8,2,5,50,4,1,1,5,4,5,7,1,1,1,4,5,2,13,1,43,4,11,3,4,7,15,7,19,11,15,,43,16,2,22,9,121.5256359,25.06261581
111,4,12,6,20,2,11南港區,南港區重陽路39巷與向陽路162巷口,0,0,1,1,C02,8,1,5,50,4,1,1,5,4,5,7,4,4,5,5,5,2,15,1,48,3,10,1,1,7,9,1,9,2,11,,6,6,1,22,9,121.5953548,25.0560315
111,4,12,6,20,2,11南港區,南港區重陽路39巷與向陽路162巷口,0,0,1,2,C03,8,1,5,50,4,1,1,5,4,5,7,4,4,5,5,5,2,15,1,33,2,9,1,1,7,9,1,10,2,14,,6,6,1,22,9,121.5953548,25.0560315
111,4,12,6,29,2,12內湖區,內湖區潭美街27號,0,0,1,1,B03,8,1,5,50,3,1,1,5,4,5,7,4,4,9,1,5,2,16,1,65,3,10,1,1,7,5,1,8,2,4,,6,6,1,22,9,121.576462,25.0529903
111,4,12,6,29,2,12內湖區,內湖區潭美街27號,0,0,1,2,C03,8,1,5,50,3,1,1,5,4,5,7,4,4,9,1,5,2,16,2,32,2,9,1,1,7,9,1,10,2,14,,13,6,1,22,9,121.576462,25.0529903
111,4,12,6,34,2,08士林區,士林區中山北路5段與福國路口,0,0,1,1,C03,8,1,5,50,3,2,1,5,4,5,7,2,1,3,4,5,1,12,1,47,2,9,1,1,7,5,6,10,1,14,,8,8,1,22,9,121.5256277,25.10246114
111,4,12,6,34,2,08士林區,士林區中山北路5段與福國路口,0,0,1,2,B12,8,1,5,50,3,2,1,5,4,5,7,2,1,3,4,5,1,12,1,38,3,10,1,1,7,9,1,4,1,2,,44,8,1,22,9,121.5256277,25.10246114
111,4,12,6,41,2,07信義區,信義區忠孝東路5段790巷與忠孝東路5段790巷70弄口口,0,0,1,1,B12,8,1,5,30,4,1,1,5,4,5,7,4,4,10,5,5,2,16,1,65,3,10,1,1,7,6,1,8,1,5,,9,9,1,22,9,121.5835256,25.0402957
111,4,12,6,41,2,07信義區,信義區忠孝東路5段790巷與忠孝東路5段790巷70弄口口,0,0,1,2,C03,8,1,5,30,4,1,1,5,4,5,7,4,4,10,5,5,2,16,1,40,2,9,1,1,7,5,1,10,1,14,,44,9,1,22,9,121.5835256,25.0402957
111,4,12,7,0,2,07信義區,信義區忠孝東路5段155號,0,0,2,1,C03,8,1,5,50,14,9,1,5,4,5,7,2,1,1,4,5,2,16,1,61,2,7,1,1,7,9,1,10,2,11,,25,25,1,22,8,121.568445,25.04114195
111,4,12,7,0,2,07信義區,信義區忠孝東路5段155號,0,0,2,2,C03,8,1,5,50,14,9,1,5,4,5,7,2,1,1,4,5,2,16,1,30,2,7,1,1,7,9,1,10,2,14,,44,25,1,22,8,121.568445,25.04114195
111,4,12,7,13,2,02萬華區,萬華區環河南路2段與西藏路口,0,0,2,1,C03,8,1,5,50,3,1,1,5,4,5,7,2,1,9,4,5,2,17,1,23,2,9,1,1,7,7,6,10,2,14,,7,7,1,22,9,121.4898263,25.03042294
111,4,12,7,13,2,02萬華區,萬華區環河南路2段與西藏路口,0,0,2,2,C03,8,1,5,50,3,1,1,5,4,5,7,2,1,9,4,5,2,17,2,51,2,9,1,1,7,9,1,10,2,11,,44,7,1,22,9,121.4898263,25.03042294
111,4,12,7,27,2,04大安區,大安區忠孝東路4段157號,0,0,1,1,B12,8,1,5,50,14,9,1,5,4,5,7,4,4,9,4,5,1,12,1,26,3,10,1,1,7,7,1,8,1,7,,7,7,1,22,9,121.5501025,25.041731
111,4,12,7,27,2,04大安區,大安區忠孝東路4段157號,0,0,1,2,C03,8,1,5,50,14,9,1,5,4,5,7,4,4,9,4,5,1,12,1,59,2,9,1,1,7,9,1,10,1,11,,44,7,1,22,9,121.5501025,25.041731
111,4,12,7,27,2,04大安區,大安區忠孝東路4段157號,0,0,1,3,A04,8,1,5,50,14,9,1,5,4,5,7,4,4,9,4,5,1,12,1,51,3,10,1,1,7,1,1,1,9,15,,19,7,2,22,9,121.5501025,25.041731
111,4,12,7,45,2,10文山區,文山區木柵路4段75號,0,0,1,1,B03,8,1,5,50,14,9,1,5,4,5,7,4,4,9,4,5,1,12,1,35,3,10,1,1,7,8,1,8,1,5,,7,7,1,22,9,121.5717873,24.99504721
111,4,12,7,45,2,10文山區,文山區木柵路4段75號,0,0,1,2,C03,8,1,5,50,14,9,1,5,4,5,7,4,4,9,4,5,1,12,1,51,3,10,1,1,7,9,1,10,1,14,,44,7,1,22,9,121.5717873,24.99504721
111,4,12,7,45,2,10文山區,文山區木柵路4段75號,0,0,1,3,H02,8,1,5,50,14,9,1,5,4,5,7,4,4,9,4,5,1,12,1,16,2,8,1,1,7,21,8,20,10,15,,67,7,1,22,9,121.5717873,24.99504721
111,4,12,7,49,2,08士林區,士林區延平北路7段106巷堤外自行車道百齡左岸277號電燈桿,0,0,2,1,F01,8,1,5,0,14,9,1,5,4,5,7,4,4,10,5,5,1,2,1,70,2,8,1,1,7,9,8,20,1,16,,23,23,1,22,9,121.4974786,25.0970646
111,4,12,7,49,2,08士林區,士林區延平北路7段106巷堤外自行車道百齡左岸277號電燈桿,0,0,2,2,H01,8,1,5,0,14,9,1,5,4,5,7,4,4,10,5,5,1,2,2,64,2,9,4,5,8,16,8,20,10,16,,54,23,1,22,9,121.4974786,25.0970646
111,4,12,7,50,2,05中正區,中正區市民大道2段與天津街口,0,0,1,1,C03,8,1,5,40,4,1,1,5,4,5,7,1,1,10,5,5,2,13,1,63,2,8,1,1,7,9,1,10,2,11,,23,23,1,22,9,121.52226,25.0477972
111,4,12,7,50,2,05中正區,中正區市民大道2段與天津街口,0,0,1,2,C03,8,1,5,40,4,1,1,5,4,5,7,1,1,10,5,5,2,13,1,43,3,10,1,1,7,12,6,10,2,13,,44,23,1,22,9,121.52226,25.0477972
111,4,12,7,50,2,10文山區,文山區和平東路4段381巷與木柵路4段149巷口,0,0,3,1,B03,8,1,5,30,3,1,1,5,4,5,7,4,4,10,5,5,2,16,1,45,3,10,1,1,7,6,1,8,1,8,,43,43,1,22,9,121.5745553,24.99953693
111,4,12,7,50,2,10文山區,文山區和平東路4段381巷與木柵路4段149巷口,0,0,3,2,C03,8,1,5,30,3,1,1,5,4,5,7,4,4,10,5,5,2,16,2,60,2,9,1,1,7,9,1,10,1,11,,43,43,1,22,9,121.5745553,24.99953693
111,4,12,7,50,2,10文山區,文山區和平東路4段381巷與木柵路4段149巷口,0,0,3,3,C03,8,1,5,30,3,1,1,5,4,5,7,4,4,10,5,5,2,16,2,43,2,3,1,1,7,9,1,10,1,14,,43,43,1,22,9,121.5745553,24.99953693
111,4,12,7,50,2,10文山區,文山區和平東路4段381巷與木柵路4段149巷口,0,0,3,4,H02,8,1,5,30,3,1,1,5,4,5,7,4,4,10,5,5,2,16,2,16,2,7,4,5,7,21,8,20,10,15,,67,43,1,22,9,121.5745553,24.99953693
111,4,12,7,50,2,12內湖區,內湖區新湖一路303號,0,0,2,1,C03,8,1,5,40,14,9,1,5,4,5,7,4,4,5,5,5,2,16,1,20,2,8,1,1,7,6,1,10,1,12,,9,9,1,22,9,121.5834374,25.06287274
111,4,12,7,50,2,12內湖區,內湖區新湖一路303號,0,0,2,2,C03,8,1,5,40,14,9,1,5,4,5,7,4,4,5,5,5,2,16,1,26,2,8,1,1,7,9,1,10,1,14,,44,9,1,22,9,121.5834374,25.06287274
111,4,12,8,1,2,04大安區,大安區青田街與青田街5巷口,0,0,1,1,B03,8,1,5,30,4,1,1,5,4,5,7,4,4,10,5,5,2,15,2,45,3,10,1,1,7,9,1,8,1,4,,6,6,1,22,9,121.5319615,25.0285653
111,4,12,8,1,2,04大安區,大安區青田街與青田街5巷口,0,0,1,2,C03,8,1,5,30,4,1,1,5,4,5,7,4,4,10,5,5,2,15,1,42,2,8,1,1,7,9,1,10,1,11,,14,6,1,22,9,121.5319615,25.0285653
111,4,12,8,4,2,03中山區,中山區民生東路1段華泰王子飯店旁21停車格,0,0,1,1,C03,8,1,5,50,14,9,1,5,4,5,7,4,4,5,4,5,2,12,1,58,2,8,1,1,7,9,1,10,2,12,,42,42,1,22,9,121.5256658,25.05804781
111,4,12,8,4,2,03中山區,中山區民生東路1段華泰王子飯店旁21停車格,0,0,1,2,B03,8,1,5,50,14,9,1,5,4,5,7,4,4,5,4,5,2,12,1,50,3,10,1,1,7,13,1,8,2,4,,44,42,1,22,9,121.5256658,25.05804781
111,4,12,8,4,2,03中山區,中山區民生東路1段華泰王子飯店旁21停車格,0,0,1,3,A02,8,1,5,50,14,9,1,5,4,5,7,4,4,5,4,5,2,12,1,51,3,10,1,1,7,9,1,2,2,15,,44,42,1,22,9,121.5256658,25.05804781
111,4,12,8,15,2,09北投區,北投區北投路2段與大興街23巷口,0,0,1,1,B01,8,1,5,50,3,1,1,5,4,5,7,1,1,5,4,4,1,12,1,66,3,10,1,1,7,11,1,4,1,8,,10,10,1,22,9,121.4990706,25.1308733
111,4,12,8,15,2,09北投區,北投區北投路2段與大興街23巷口,0,0,1,2,C03,8,1,5,50,3,1,1,5,4,5,7,1,1,5,4,4,1,12,1,37,2,9,1,1,7,9,1,10,1,12,,44,10,1,22,9,121.4990706,25.1308733
111,4,12,8,15,2,12內湖區,內湖區內湖路1段146號,0,0,1,1,C03,8,1,5,50,14,7,1,5,4,5,7,4,4,9,4,4,2,13,1,32,2,9,1,1,7,9,1,10,1,11,,43,43,1,22,9,121.5644234,25.08287154
111,4,12,8,15,2,12內湖區,內湖區內湖路1段146號,0,0,1,2,C03,8,1,5,50,14,7,1,5,4,5,7,4,4,9,4,4,2,13,1,37,3,10,1,1,7,9,1,10,1,11,,43,43,1,22,9,121.5644234,25.08287154
111,4,12,8,15,2,12內湖區,內湖區內湖路1段146號,0,0,1,3,B12,8,1,5,50,14,7,1,5,4,5,7,4,4,9,4,4,2,13,1,68,3,10,1,1,7,9,1,10,1,3,,43,43,1,22,9,121.5644234,25.08287154
111,4,12,8,17,2,03中山區,中山區復興北路與錦州街口口,0,0,2,1,C03,8,1,5,50,4,1,1,5,4,5,7,2,1,1,4,5,2,12,1,45,2,8,1,1,7,9,6,18,1,14,,17,17,1,22,9,121.5440839,25.06012218
111,4,12,8,17,2,03中山區,中山區復興北路與錦州街口口,0,0,2,2,C03,8,1,5,50,4,1,1,5,4,5,7,2,1,1,4,5,2,12,2,33,2,9,1,1,7,9,1,10,1,12,,17,17,1,22,9,121.5440839,25.06012218
111,4,12,8,17,2,03中山區,中山區復興北路與錦州街口口,0,0,2,3,B03,8,1,5,50,4,1,1,5,4,5,7,2,1,1,4,5,2,12,1,61,3,10,3,4,7,9,1,8,9,2,,44,17,1,22,9,121.5440839,25.06012218
111,4,12,8,19,2,03中山區,中山區民生東路2段144號,0,0,1,1,H02,8,1,5,50,14,9,1,5,4,5,7,4,4,9,4,5,2,9,2,39,3,10,4,5,7,17,8,20,10,16,,67,67,1,22,9,121.5322702,25.05794916
111,4,12,8,19,2,03中山區,中山區民生東路2段144號,0,0,1,2,C03,8,1,5,50,14,9,1,5,4,5,7,4,4,9,4,5,2,9,2,23,2,9,3,4,7,9,1,10,1,14,,44,67,1,22,9,121.5322702,25.05794916
111,4,12,8,19,2,03中山區,中山區民生東路2段144號,0,0,1,3,B01,8,1,5,50,14,9,1,5,4,5,7,4,4,9,4,5,2,9,1,60,3,10,3,4,7,14,1,4,9,2,,44,67,1,22,9,121.5322702,25.05794916
111,4,12,8,22,2,03中山區,中山區長春路258巷2弄與建國北路2段19巷口,0,0,2,1,C03,8,1,5,30,14,9,1,5,4,5,7,4,4,10,5,5,2,16,1,40,2,9,1,1,7,9,1,10,1,12,,6,6,1,22,9,121.5384616,25.0542716
111,4,12,8,22,2,03中山區,中山區長春路258巷2弄與建國北路2段19巷口,0,0,2,2,C03,8,1,5,30,14,9,1,5,4,5,7,4,4,10,5,5,2,16,1,24,2,9,1,1,7,9,1,10,1,11,,13,6,1,22,9,121.5384616,25.0542716
111,4,12,8,30,2,10文山區,文山區景興路85巷與景興路53巷4弄口,0,0,1,1,B03,8,1,5,30,3,1,1,5,4,5,7,4,4,10,5,5,2,16,1,29,3,10,1,1,7,5,1,8,2,1,,6,6,1,22,9,121.5453399,24.9959789
111,4,12,8,30,2,10文山區,文山區景興路85巷與景興路53巷4弄口,0,0,1,2,C03,8,1,5,30,3,1,1,5,4,5,7,4,4,10,5,5,2,16,1,41,2,9,1,1,7,9,1,10,2,12,,14,6,1,22,9,121.5453399,24.9959789
111,4,12,8,30,2,10文山區,文山區景興路85巷與景興路53巷4弄口,0,0,1,3,B03,8,1,5,30,3,1,1,5,4,5,7,4,4,10,5,5,2,16,2,35,3,10,1,1,7,13,1,8,1,4,,38,6,1,22,9,121.5453399,24.9959789
111,4,12,8,45,2,06松山區,松山區八德路4段363號,0,0,2,1,C03,8,1,5,30,3,1,1,5,4,5,7,4,4,9,4,5,2,17,1,29,2,9,1,1,7,5,1,10,2,11,,6,6,1,22,9,121.5686273,25.04932078
111,4,12,8,45,2,06松山區,松山區八德路4段363號,0,0,2,2,C03,8,1,5,30,3,1,1,5,4,5,7,4,4,9,4,5,2,17,1,36,2,9,1,1,7,9,1,10,2,12,,14,6,1,22,9,121.5686273,25.04932078
111,4,12,8,49,2,01大同區,大同區南京西路與延平北路2段口,0,0,1,1,C03,8,1,5,50,4,1,1,5,4,5,7,1,1,5,4,5,2,13,1,31,3,10,1,1,7,9,1,10,2,11,,23,23,1,22,9,121.5117241,25.05387441
111,4,12,8,49,2,01大同區,大同區南京西路與延平北路2段口,0,0,1,2,C03,8,1,5,50,4,1,1,5,4,5,7,1,1,5,4,5,2,13,1,34,2,8,1,1,7,14,1,10,2,13,,44,23,1,22,9,121.5117241,25.05387441
111,4,12,9,42,2,04大安區,大安區臥龍街188巷與辛亥路3段口,0,0,1,1,C03,8,1,5,50,3,2,1,5,4,5,7,4,4,1,4,5,2,12,2,19,2,9,1,1,7,9,1,10,1,11,,16,16,1,22,9,121.5504994,25.01617573
111,4,12,9,42,2,04大安區,大安區臥龍街188巷與辛亥路3段口,0,0,1,2,C03,8,1,5,50,3,2,1,5,4,5,7,4,4,1,4,5,2,12,2,29,3,10,1,1,7,6,1,10,1,13,,17,16,1,22,9,121.5504994,25.01617573
111,4,12,9,45,2,03中山區,中山區松江路520號,0,0,1,1,B01,8,1,5,50,14,9,1,5,4,5,7,4,4,1,4,5,2,16,1,65,3,10,3,4,7,9,1,4,1,2,,44,44,1,22,9,121.5331496,25.06624765
111,4,12,9,45,2,03中山區,中山區松江路520號,0,0,1,2,C03,8,1,5,50,14,9,1,5,4,5,7,4,4,1,4,5,2,16,2,55,2,9,1,1,7,1,3,18,1,14,,19,44,1,22,9,121.5331496,25.06624765
111,4,12,9,45,2,12內湖區,內湖區民權東路6段與民權東路6段19巷口,0,0,1,1,C03,8,1,5,50,4,2,1,5,4,5,7,1,1,1,5,5,2,13,1,22,2,9,1,1,7,9,1,10,1,11,,16,16,1,22,9,121.5814522,25.06797132
111,4,12,9,45,2,12內湖區,內湖區民權東路6段與民權東路6段19巷口,0,0,1,2,B01,8,1,5,50,4,2,1,5,4,5,7,1,1,1,5,5,2,13,1,34,3,10,1,1,7,9,1,4,1,3,,44,16,1,22,9,121.5814522,25.06797132
111,4,12,9,55,2,06松山區,松山區敦化南路1段100巷與敦化南路1段100巷3弄口,0,0,1,1,B01,8,1,5,30,4,1,1,5,4,5,7,4,4,10,4,5,2,15,1,52,3,10,1,1,7,9,1,8,2,1,,6,6,1,22,9,121.5481412,25.04621386
111,4,12,9,55,2,06松山區,松山區敦化南路1段100巷與敦化南路1段100巷3弄口,0,0,1,2,C03,8,1,5,30,4,1,1,5,4,5,7,4,4,10,4,5,2,15,2,24,2,9,1,1,7,9,1,10,2,12,,23,6,1,22,9,121.5481412,25.04621386
111,4,12,9,55,2,06松山區,松山區敦化南路1段100巷與敦化南路1段100巷3弄口,0,0,1,3,B12,8,1,5,30,4,1,1,5,4,5,7,4,4,10,4,5,2,15,1,36,3,10,1,1,7,13,1,7,9,15,,42,6,1,22,9,121.5481412,25.04621386
111,4,12,10,10,2,11南港區,南港區南港路1段287巷2弄與興中路口口,0,0,1,1,C03,8,1,5,50,3,2,1,5,4,5,7,4,4,10,5,5,2,18,2,27,2,8,1,1,7,6,1,10,1,12,,42,42,1,22,9,121.607639,25.05394736
111,4,12,10,10,2,11南港區,南港區南港路1段287巷2弄與興中路口口,0,0,1,2,,8,1,5,50,3,2,1,5,4,5,7,4,4,10,5,5,2,18,3,,,,,,,,,,,,,67,42,1,,,121.607639,25.05394736
111,4,12,10,19,2,07信義區,信義區信義路5段與松仁路口口,0,0,1,1,C03,8,1,5,50,4,2,1,5,4,5,7,2,1,1,4,5,2,18,1,18,2,9,3,4,7,12,1,10,1,14,,42,42,1,22,9,121.5680537,25.0327966
111,4,12,10,19,2,07信義區,信義區信義路5段與松仁路口口,0,0,1,2,,8,1,5,50,4,2,1,5,4,5,7,2,1,1,4,5,2,18,3,,,,,,,,,,,,,67,42,1,,,121.5680537,25.0327966
111,4,12,10,45,2,03中山區,中山區長安東路2段與建國北路1段口,0,0,1,1,C03,8,1,5,50,4,1,1,5,4,5,7,1,1,1,4,5,2,16,1,29,2,9,1,1,7,15,1,10,1,12,,17,17,1,22,9,121.5369533,25.04846385
111,4,12,10,45,2,03中山區,中山區長安東路2段與建國北路1段口,0,0,1,2,C03,8,1,5,50,4,1,1,5,4,5,7,1,1,1,4,5,2,16,1,35,3,10,1,1,7,15,1,10,1,15,,17,17,1,22,9,121.5369533,25.04846385
111,4,12,10,50,2,12內湖區,內湖區堤頂大道2段與基湖路口,0,0,1,1,C02,8,1,5,70,4,2,1,5,4,5,7,2,1,1,4,1,2,13,1,57,2,9,1,1,7,9,4,10,1,11,,16,16,1,22,9,121.5644747,25.07871863
111,4,12,10,50,2,12內湖區,內湖區堤頂大道2段與基湖路口,0,0,1,2,B03,8,1,5,70,4,2,1,5,4,5,7,2,1,1,4,1,2,13,1,67,3,10,1,1,7,12,1,8,1,3,,44,16,1,22,9,121.5644747,25.07871863
111,4,12,12,8,2,03中山區,中山區市民高架道往西建國南路1段上方,0,0,1,1,B01,8,1,5,70,10,7,1,5,4,5,7,4,4,1,3,5,1,13,1,49,3,10,3,4,7,9,1,4,1,1,,16,16,1,22,9,121.538708,25.04485066
111,4,12,12,8,2,03中山區,中山區市民高架道往西建國南路1段上方,0,0,1,2,B03,8,1,5,70,10,7,1,5,4,5,7,4,4,1,3,5,1,13,2,30,2,4,3,4,7,9,1,8,1,3,,44,16,1,22,9,121.538708,25.04485066
111,4,12,12,8,2,03中山區,中山區市民高架道往西建國南路1段上方,0,0,1,3,B12,8,1,5,70,10,7,1,5,4,5,7,4,4,1,3,5,1,13,1,57,3,10,3,4,7,9,1,8,1,3,,44,16,1,22,9,121.538708,25.04485066
111,4,12,12,15,2,03中山區,中山區民權東路1段71巷與民權東路口側附近1段口,0,0,1,1,B01,8,1,5,50,3,1,1,5,4,5,7,4,4,1,3,5,1,17,1,61,3,10,3,4,7,14,1,4,9,15,,38,38,1,22,9,121.5271135,25.06274463
111,4,12,12,15,2,03中山區,中山區民權東路1段71巷與民權東路口側附近1段口,0,0,1,2,C04,8,1,5,50,3,1,1,5,4,5,7,4,4,1,3,5,1,17,1,42,2,8,1,1,7,9,1,10,1,14,,42,38,1,22,9,121.5271135,25.06274463
111,4,12,12,18,2,05中正區,中正區中山南路與凱達格蘭大道口,0,0,1,1,C03,8,1,5,50,5,1,1,5,4,5,7,1,1,1,4,5,2,16,2,71,2,9,1,1,7,6,1,10,2,12,,9,9,1,22,9,121.5173526,25.03875899
111,4,12,12,18,2,05中正區,中正區中山南路與凱達格蘭大道口,0,0,1,2,C03,8,1,5,50,5,1,1,5,4,5,7,1,1,1,4,5,2,16,1,29,3,10,1,1,7,15,1,9,2,14,,44,9,1,22,9,121.5173526,25.03875899
111,4,12,12,35,2,07信義區,信義區基隆路1段156號,0,0,3,1,B03,8,1,5,50,14,9,1,5,4,5,7,1,1,10,4,5,2,17,1,50,2,3,1,1,7,8,1,4,2,5,,26,26,1,22,9,121.5659527,25.04375213
111,4,12,12,35,2,07信義區,信義區基隆路1段156號,0,0,3,2,B03,8,1,5,50,14,9,1,5,4,5,7,1,1,10,4,5,2,17,2,64,2,3,1,1,7,9,1,8,2,4,,44,26,1,22,9,121.5659527,25.04375213
111,4,12,12,35,2,07信義區,信義區基隆路1段156號,0,0,3,3,B03,8,1,5,50,14,9,1,5,4,5,7,1,1,10,4,5,2,17,1,46,3,10,1,1,7,14,1,8,2,3,,44,26,1,22,9,121.5659527,25.04375213
111,4,12,12,35,2,07信義區,信義區基隆路1段156號,0,0,3,4,B01,8,1,5,50,14,9,1,5,4,5,7,1,1,10,4,5,2,17,1,58,3,10,1,1,7,14,1,4,2,3,,44,26,1,22,9,121.5659527,25.04375213
111,4,12,12,35,2,07信義區,信義區基隆路1段156號,0,0,3,5,H02,8,1,5,50,14,9,1,5,4,5,7,1,1,10,4,5,2,17,2,54,2,9,4,5,7,20,8,20,10,16,,67,26,1,22,9,121.5659527,25.04375213
111,4,12,13,10,2,02萬華區,萬華區西藏路536號,0,0,1,1,C03,8,1,5,50,14,9,1,5,4,5,7,1,1,1,3,5,1,13,1,58,2,9,3,4,7,9,1,10,1,11,,23,23,1,22,9,121.4936442,25.02864312
111,4,12,13,10,2,02萬華區,萬華區西藏路536號,0,0,1,2,B03,8,1,5,50,14,9,1,5,4,5,7,1,1,1,3,5,1,13,1,50,3,10,3,4,7,14,1,8,1,3,,44,23,1,22,9,121.4936442,25.02864312
111,4,12,13,18,2,09北投區,北投區永興路1段50號,0,0,1,1,,8,1,5,50,14,9,1,5,4,5,7,4,4,9,4,5,2,3,4,,4,11,3,4,7,15,7,19,11,15,,43,43,2,22,9,121.5002937,25.13920865
111,4,12,13,18,2,09北投區,北投區永興路1段50號,0,0,1,2,H01,8,1,5,50,14,9,1,5,4,5,7,4,4,9,4,5,2,3,2,60,2,7,4,5,8,16,8,20,10,16,,51,43,1,22,9,121.5002937,25.13920865
111,4,12,13,19,2,03中山區,中山區市民大道2段與長安東路1段30巷口,0,0,2,1,B12,8,1,5,40,3,1,1,5,4,5,7,2,1,1,4,5,2,12,1,48,3,10,3,4,7,6,1,8,1,2,,9,9,1,22,9,121.5260458,25.04757013
111,4,12,13,19,2,03中山區,中山區市民大道2段與長安東路1段30巷口,0,0,2,2,B03,8,1,5,40,3,1,1,5,4,5,7,2,1,1,4,5,2,12,2,31,3,10,3,4,7,9,1,8,1,5,,23,9,1,22,9,121.5260458,25.04757013
111,4,12,13,19,2,03中山區,中山區市民大道2段與長安東路1段30巷口,0,0,2,3,C03,8,1,5,40,3,1,1,5,4,5,7,2,1,1,4,5,2,12,1,26,2,9,3,4,7,9,1,10,1,14,,44,9,1,22,9,121.5260458,25.04757013
111,4,12,13,19,2,03中山區,中山區市民大道2段與長安東路1段30巷口,0,0,2,4,H02,8,1,5,40,3,1,1,5,4,5,7,2,1,1,4,5,2,12,2,27,2,9,4,5,7,17,8,20,10,16,,67,9,1,22,9,121.5260458,25.04757013
111,4,12,13,30,2,09北投區,北投區中和街367號,0,0,1,1,C03,8,1,5,50,14,9,1,5,4,5,7,4,4,9,4,5,1,18,1,27,2,9,1,1,7,9,1,10,1,14,,43,43,1,22,9,121.498742,25.142072
111,4,12,13,30,2,09北投區,北投區中和街367號,0,0,1,2,,8,1,5,50,14,9,1,5,4,5,7,4,4,9,4,5,1,18,3,,,,,,,,,,,,,67,43,1,,,121.498742,25.142072
111,4,12,13,56,2,05中正區,中正區愛國西路與博愛路口,0,0,1,1,B03,8,1,5,50,4,1,1,5,4,5,7,2,1,1,4,1,2,17,1,50,3,10,1,1,7,5,1,8,2,6,,25,25,1,22,9,121.5108738,25.03596435
111,4,12,13,56,2,05中正區,中正區愛國西路與博愛路口,0,0,1,2,C03,8,1,5,50,4,1,1,5,4,5,7,2,1,1,4,1,2,17,2,69,2,8,1,1,7,9,1,10,2,11,,44,25,1,22,9,121.5108738,25.03596435
111,4,12,14,0,2,05中正區,中正區忠孝西路1段與重慶北路1段口,0,0,1,1,B03,8,1,5,50,4,1,1,5,4,5,7,1,1,9,4,5,2,12,1,38,3,10,1,1,7,5,1,8,2,4,,8,8,1,22,9,121.5133599,25.04724465
111,4,12,14,0,2,05中正區,中正區忠孝西路1段與重慶北路1段口,0,0,1,2,C03,8,1,5,50,4,1,1,5,4,5,7,1,1,9,4,5,2,12,2,25,2,9,1,1,7,9,1,10,2,12,,44,8,1,22,9,121.5133599,25.04724465
111,4,12,14,12,2,07信義區,信義區和平東路3段283號,0,0,1,1,C03,8,1,5,50,14,9,1,5,4,5,7,4,4,10,4,5,2,17,2,65,2,8,1,1,7,9,1,10,2,11,,23,23,1,22,9,121.5551218,25.02207837
111,4,12,14,12,2,07信義區,信義區和平東路3段283號,0,0,1,2,C03,8,1,5,50,14,9,1,5,4,5,7,4,4,10,4,5,2,17,1,26,3,10,1,1,7,13,1,10,9,14,,44,23,1,22,9,121.5551218,25.02207837
111,4,12,14,12,2,07信義區,信義區和平東路3段283號,0,0,1,3,C03,8,1,5,50,14,9,1,5,4,5,7,4,4,10,4,5,2,17,1,34,3,10,1,1,7,13,1,10,11,12,,44,23,1,22,9,121.5551218,25.02207837