發生年度,發生月,發生日,發生時-Hours,發生分,處理別-編號,區序,肇事地點,死亡人數,2-30日死亡人數,受傷人數,當事人序號,車種,天候,光線,道路類別,速限-速度限制,道路型態,事故位置,路面狀況1,路面狀況2,路面狀況3,道路障礙1,道路障礙2,號誌1,號誌2,車道劃分-分向,車道劃分-分道1,車道劃分-分道2,車道劃分-分道3,事故類型及型態,性別,年齡,受傷程度,主要傷處,安全帽,行動電話,車輛用途,當事者行動狀態,駕駛資格情形,駕駛執照種類,飲酒情形,車輛撞擊部位1,車輛撞擊部位2,肇因碼-個別,肇因碼-主要,個人肇逃否,職業,旅次目的,座標-X,座標-Y
111,4,12,14,35,2,02萬華區,萬華區康定路與康定路372巷口,0,0,1,1,B03,8,1,5,50,3,2,1,5,4,5,7,4,4,2,4,5,2,12,1,49,3,10,1,1,7,11,1,8,2,8,,10,10,1,22,9,121.5002434,25.0332247
111,4,12,14,35,2,02萬華區,萬華區康定路與康定路372巷口,0,0,1,2,C03,8,1,5,50,3,2,1,5,4,5,7,4,4,2,4,5,2,12,1,27,2,9,1,1,7,9,1,10,2,12,,44,10,1,22,9,121.5002434,25.0332247
111,4,12,15,0,2,03中山區,中山區撫順街與天祥路口口,0,0,1,1,B01,8,1,5,50,4,1,1,5,4,5,7,4,4,5,5,5,2,17,1,55,3,10,3,4,7,5,1,4,1,5,,6,6,1,22,9,121.5207793,25.06358824
111,4,12,15,0,2,03中山區,中山區撫順街與天祥路口口,0,0,1,2,C03,8,1,5,50,4,1,1,5,4,5,7,4,4,5,5,5,2,17,1,59,2,8,1,1,7,9,1,10,1,11,,23,6,1,22,9,121.5207793,25.06358824
111,4,12,15,6,2,02萬華區,萬華區長沙街2段與貴陽街2段115巷口,0,0,1,1,C03,8,1,5,30,4,1,1,5,4,5,7,4,4,5,4,5,2,16,2,37,2,9,1,4,7,5,1,10,1,12,,6,6,1,22,9,121.5032565,25.04043601
111,4,12,15,6,2,02萬華區,萬華區長沙街2段與貴陽街2段115巷口,0,0,1,2,B03,8,1,5,30,4,1,1,5,4,5,7,4,4,5,4,5,2,16,2,42,3,10,1,4,7,9,1,8,1,8,,44,6,1,22,9,121.5032565,25.04043601
111,4,12,15,22,2,05中正區,中正區北平東路與林森北路口,0,0,1,1,C03,8,1,5,50,14,7,1,5,4,5,7,4,4,4,3,5,2,12,2,27,2,9,1,1,7,5,1,10,2,14,,8,8,1,22,9,121.5237018,25.04609762
111,4,12,15,22,2,05中正區,中正區北平東路與林森北路口,0,0,1,2,C03,8,1,5,50,14,7,1,5,4,5,7,4,4,4,3,5,2,12,1,19,3,10,1,1,7,9,1,10,2,12,,13,8,1,22,9,121.5237018,25.04609762
111,4,12,15,25,2,10文山區,文山區興隆路4段109巷32弄,0,0,2,1,C03,8,1,5,30,14,9,1,5,4,5,7,4,4,8,5,5,2,17,1,36,2,9,1,1,7,9,1,10,2,15,,16,16,1,22,9,121.5628309,24.98597379
111,4,12,15,25,2,10文山區,文山區興隆路4段109巷32弄,0,0,2,2,C03,8,1,5,30,14,9,1,5,4,5,7,4,4,8,5,5,2,17,2,30,2,9,1,1,7,9,1,10,2,13,,44,16,1,22,9,121.5628309,24.98597379
111,4,12,15,26,2,02萬華區,萬華區西園路2段與西園路2段225巷口,0,0,2,1,H01,8,1,5,0,3,1,1,5,4,5,7,2,1,10,5,5,1,3,1,68,2,8,4,5,8,16,8,20,10,16,,67,67,1,22,9,121.4944714,25.0276312
111,4,12,15,26,2,02萬華區,萬華區西園路2段與西園路2段225巷口,0,0,2,2,C03,8,1,5,0,3,1,1,5,4,5,7,2,1,10,5,5,1,3,1,68,2,9,1,4,7,9,1,10,1,12,,43,67,1,22,9,121.4944714,25.0276312
111,4,12,15,37,2,08士林區,士林區中山北路5段42號,0,0,2,1,C03,8,1,5,50,14,9,1,5,4,5,7,4,4,9,4,5,2,17,1,22,2,9,1,1,7,9,1,10,1,11,,16,16,1,22,9,121.5256236,25.08339348
111,4,12,15,37,2,08士林區,士林區中山北路5段42號,0,0,2,2,C01,8,1,5,50,14,9,1,5,4,5,7,4,4,9,4,5,2,17,1,49,3,10,1,1,7,8,1,9,1,13,,7,16,1,22,9,121.5256236,25.08339348
111,4,12,15,37,2,08士林區,士林區中山北路5段42號,0,0,2,3,B03,8,1,5,50,14,9,1,5,4,5,7,4,4,9,4,5,2,17,1,30,3,10,1,1,7,14,1,8,1,6,,44,16,1,22,9,121.5256236,25.08339348
111,4,12,15,37,2,08士林區,士林區中山北路5段42號,0,0,2,4,H02,8,1,5,50,14,9,1,5,4,5,7,4,4,9,4,5,2,17,2,43,2,9,4,5,7,20,8,20,10,16,,67,16,1,22,9,121.5256236,25.08339348
111,4,12,15,44,2,03中山區,中山區民權東路2段92巷1弄與錦州街231巷口,0,0,1,1,C03,8,1,5,30,3,1,1,5,4,5,7,4,4,10,5,5,2,17,2,51,2,9,1,1,7,5,1,10,1,12,,5,5,1,22,9,121.5325591,25.06153462
111,4,12,15,44,2,03中山區,中山區民權東路2段92巷1弄與錦州街231巷口,0,0,1,2,C03,8,1,5,30,3,1,1,5,4,5,7,4,4,10,5,5,2,17,1,21,3,10,1,1,7,5,1,10,1,12,,44,5,1,22,9,121.5325591,25.06153462
111,4,12,15,45,2,07信義區,信義區基隆路汽機車混合地下道往北,0,0,2,2,C03,8,3,8,30,7,11,1,5,4,5,7,4,4,8,5,5,2,29,2,22,2,9,3,4,7,9,1,10,1,12,,13,67,1,22,9,121.5629585,25.0386891
111,4,12,15,45,2,07信義區,信義區基隆路汽機車混合地下道往北,0,0,2,3,C03,8,3,8,30,7,11,1,5,4,5,7,4,4,8,5,5,2,29,2,36,2,9,3,4,7,9,1,10,1,11,,23,67,1,22,9,121.5629585,25.0386891
111,4,12,15,45,2,07信義區,信義區基隆路汽機車混合地下道往北,0,0,2,1,,8,3,8,30,7,11,1,5,4,5,7,4,4,8,5,5,2,29,3,,,,,,,,,,,,,67,67,1,,,121.5629585,25.0386891
111,4,12,16,0,2,03中山區,中山區松江路與松江路90巷口,0,0,2,1,B02,8,1,5,50,3,1,1,5,4,5,7,4,4,1,4,5,2,13,2,32,3,10,3,4,7,6,1,8,2,6,,44,44,1,22,9,121.5328736,25.05054037
111,4,12,16,0,2,03中山區,中山區松江路與松江路90巷口,0,0,2,2,C03,8,1,5,50,3,1,1,5,4,5,7,4,4,1,4,5,2,13,1,34,2,9,3,4,7,9,1,10,2,11,,23,44,1,22,9,121.5328736,25.05054037
111,4,12,16,0,2,03中山區,中山區松江路與松江路90巷口,0,0,2,3,H02,8,1,5,50,3,1,1,5,4,5,7,4,4,1,4,5,2,13,2,36,2,8,3,5,7,17,8,20,10,16,,67,44,1,22,9,121.5328736,25.05054037
111,4,12,16,17,2,10文山區,文山區木柵路1段70巷與木柵路1段76巷口,0,0,1,1,B03,8,1,5,30,3,2,1,5,4,5,7,4,4,10,5,5,2,16,1,30,3,10,1,1,7,1,1,8,1,8,,19,19,1,22,9,121.5503181,24.98682899
111,4,12,16,17,2,10文山區,文山區木柵路1段70巷與木柵路1段76巷口,0,0,1,2,C04,8,1,5,30,3,2,1,5,4,5,7,4,4,10,5,5,2,16,1,71,2,8,1,1,7,9,1,11,1,12,,44,19,1,22,9,121.5503181,24.98682899
111,4,12,16,21,2,10文山區,文山區興隆路2段與興隆路2段244巷口口,0,0,1,1,C03,8,1,5,50,3,1,1,5,4,5,7,4,4,1,4,5,2,12,2,35,2,9,1,1,7,7,1,10,1,14,,7,7,1,22,9,121.5537887,25.00115885
111,4,12,16,21,2,10文山區,文山區興隆路2段與興隆路2段244巷口口,0,0,1,2,B12,8,1,5,50,3,1,1,5,4,5,7,4,4,1,4,5,2,12,1,41,3,10,1,1,7,9,1,8,1,6,,44,7,1,22,9,121.5537887,25.00115885
111,4,12,16,25,2,03中山區,中山區大直橋北往南,0,0,2,1,C03,8,1,5,50,8,9,1,5,4,5,7,4,4,1,4,5,2,13,1,24,2,9,3,4,7,9,3,18,1,11,,16,16,1,20,9,121.5443007,25.07718862
111,4,12,16,25,2,03中山區,中山區大直橋北往南,0,0,2,2,C03,8,1,5,50,8,9,1,5,4,5,7,4,4,1,4,5,2,13,1,59,2,9,3,4,7,9,1,10,1,13,,44,16,1,22,9,121.5443007,25.07718862
111,4,12,16,38,2,10文山區,文山區木柵路5段與信義快速道路口,0,0,1,1,A12,8,1,5,50,11,16,1,5,4,5,7,4,4,1,4,5,2,17,1,62,3,10,1,1,7,6,1,7,1,2,,9,9,1,22,9,121.5771704,25.00035584
111,4,12,16,38,2,10文山區,文山區木柵路5段與信義快速道路口,0,0,1,2,C03,8,1,5,50,11,16,1,5,4,5,7,4,4,1,4,5,2,17,1,24,2,7,1,1,7,9,1,10,1,11,,44,9,1,22,9,121.5771704,25.00035584
111,4,12,17,3,2,02萬華區,萬華區萬大路97號,0,0,2,1,C03,8,1,5,50,14,9,1,5,4,5,7,4,4,3,4,5,2,13,1,26,2,9,1,4,7,9,1,10,1,12,,16,16,1,22,9,121.5005854,25.02992086
111,4,12,17,3,2,02萬華區,萬華區萬大路97號,0,0,2,2,B01,8,1,5,50,14,9,1,5,4,5,7,4,4,3,4,5,2,13,1,70,3,10,1,4,7,12,4,8,1,7,,44,16,1,22,9,121.5005854,25.02992086
111,4,12,17,3,2,02萬華區,萬華區萬大路97號,0,0,2,3,C03,8,1,5,50,14,9,1,5,4,5,7,4,4,3,4,5,2,13,1,42,2,9,1,4,7,9,1,10,1,11,,44,16,1,22,9,121.5005854,25.02992086
111,4,12,17,11,2,03中山區,中山區林森北路與雙城街37巷口口,0,0,2,1,H01,8,1,5,0,4,1,1,5,4,3,5,4,4,5,5,5,2,3,1,80,2,7,4,5,8,18,8,20,10,16,,67,67,1,22,9,121.5256959,25.06708675
111,4,12,17,11,2,03中山區,中山區林森北路與雙城街37巷口口,0,0,2,2,C03,8,1,5,0,4,1,1,5,4,3,5,4,4,5,5,5,2,3,1,46,2,7,1,1,7,9,1,10,1,14,,44,67,1,22,9,121.5256959,25.06708675
111,4,12,17,11,2,03中山區,中山區林森北路與雙城街37巷口口,0,0,2,3,B03,8,1,5,0,4,1,1,5,4,3,5,4,4,5,5,5,2,3,1,32,3,10,3,4,7,13,5,18,9,4,,38,67,1,22,9,121.5256959,25.06708675
111,4,12,17,12,2,02萬華區,萬華區中華路1段與開封街2段口,0,0,2,1,C03,8,1,5,50,4,1,1,5,4,5,7,2,1,3,5,5,1,15,2,43,2,2,1,4,7,9,1,10,1,15,,43,43,1,22,9,121.5092008,25.04605728
111,4,12,17,12,2,02萬華區,萬華區中華路1段與開封街2段口,0,0,2,2,C03,8,1,5,50,4,1,1,5,4,5,7,2,1,3,5,5,1,15,2,64,2,9,1,4,7,9,1,10,1,14,,44,43,1,22,9,121.5092008,25.04605728
111,4,12,17,46,2,03中山區,中山區長安東路2段36巷與松江路46巷口,0,0,1,1,C03,8,1,5,30,14,9,1,5,4,5,7,4,4,10,4,5,2,17,1,27,3,10,1,1,7,6,1,10,1,15,,6,6,1,22,9,121.5314122,25.04793197
111,4,12,17,46,2,03中山區,中山區長安東路2段36巷與松江路46巷口,0,0,1,2,C03,8,1,5,30,14,9,1,5,4,5,7,4,4,10,4,5,2,17,1,22,2,8,1,1,7,9,1,10,1,14,,44,6,1,22,9,121.5314122,25.04793197
111,4,12,18,0,2,03中山區,中山區民生東路2段與民生東路2段90巷口口,0,0,2,1,B03,8,1,5,50,3,1,1,5,4,5,7,4,4,5,4,5,2,16,1,44,3,10,3,4,7,6,1,8,1,6,,9,9,1,22,9,121.5307935,25.05794552
111,4,12,18,0,2,03中山區,中山區民生東路2段與民生東路2段90巷口口,0,0,2,2,C03,8,1,5,50,3,1,1,5,4,5,7,4,4,5,4,5,2,16,1,45,2,9,3,4,7,9,1,10,1,11,,44,9,1,22,9,121.5307935,25.05794552
111,4,12,18,0,2,03中山區,中山區民生東路2段與民生東路2段90巷口口,0,0,2,3,C03,8,1,5,50,3,1,1,5,4,5,7,4,4,5,4,5,2,16,1,42,2,9,3,4,7,9,1,10,1,11,,44,9,1,22,9,121.5307935,25.05794552
111,4,12,18,10,2,08士林區,士林區中山北路6段與忠誠路1段口,0,0,1,3,B03,8,3,5,50,5,1,1,5,4,5,7,1,1,1,3,5,2,13,4,,4,11,3,4,7,15,7,19,11,15,,43,16,2,22,9,121.524868,25.10410898
111,4,12,18,10,2,08士林區,士林區中山北路6段與忠誠路1段口,0,0,1,1,C03,8,3,5,50,5,1,1,5,4,5,7,1,1,1,3,5,2,13,1,38,2,9,1,1,7,9,1,10,1,11,,16,16,1,22,9,121.524868,25.10410898
111,4,12,18,10,2,08士林區,士林區中山北路6段與忠誠路1段口,0,0,1,2,B03,8,3,5,50,5,1,1,5,4,5,7,1,1,1,3,5,2,13,1,38,3,10,3,4,7,9,1,8,1,1,,16,16,1,22,9,121.524868,25.10410898
111,4,12,18,17,2,03中山區,中山區長安東路2段與八德路2段167巷口,0,0,1,1,C03,7,3,5,50,3,2,1,5,4,5,7,4,4,5,4,5,1,17,1,82,2,7,1,1,7,5,1,10,11,11,,8,8,1,22,9,121.5379924,25.04826767
111,4,12,18,17,2,03中山區,中山區長安東路2段與八德路2段167巷口,0,0,1,2,B12,7,3,5,50,3,2,1,5,4,5,7,4,4,5,4,5,1,17,1,35,3,10,1,1,7,9,1,4,11,8,,14,8,1,22,9,121.5379924,25.04826767
111,4,12,18,33,2,02萬華區,萬華區環河南路2段與環河南路2段149巷口,0,0,1,1,B03,8,1,5,50,4,1,1,5,4,5,7,1,1,10,5,5,2,17,1,56,3,10,3,4,7,11,1,8,1,4,,10,10,1,22,9,121.4930787,25.033862
111,4,12,18,33,2,02萬華區,萬華區環河南路2段與環河南路2段149巷口,0,0,1,2,B12,8,1,5,50,4,1,1,5,4,5,7,1,1,10,5,5,2,17,1,71,2,9,3,4,7,9,1,8,1,5,,23,10,1,22,9,121.4930787,25.033862
111,4,12,18,33,2,02萬華區,萬華區環河南路2段與環河南路2段149巷口,0,0,1,3,,8,1,5,50,4,1,1,5,4,5,7,1,1,10,5,5,2,17,3,,,,,,,,,,,,,67,10,1,,,121.4930787,25.033862
111,4,12,18,35,2,03中山區,中山區長春路75號,0,0,1,1,C03,8,3,5,40,14,7,1,5,4,5,7,4,4,9,4,4,2,17,2,51,3,10,1,1,7,7,1,10,1,13,,6,6,1,22,9,121.5269458,25.0549115
111,4,12,18,35,2,03中山區,中山區長春路75號,0,0,1,2,C03,8,3,5,40,14,7,1,5,4,5,7,4,4,9,4,4,2,17,1,43,2,9,1,1,7,9,1,10,1,14,,44,6,1,22,9,121.5269458,25.0549115
111,4,12,18,40,2,10文山區,文山區辛亥路7段18號,0,0,2,1,C03,8,3,5,50,11,7,1,5,4,5,7,1,1,8,4,4,1,11,2,65,2,9,1,1,7,5,1,10,1,11,,44,44,1,22,9,121.5530897,24.98668475
111,4,12,18,40,2,10文山區,文山區辛亥路7段18號,0,0,2,2,C03,8,3,5,50,11,7,1,5,4,5,7,1,1,8,4,4,1,11,1,28,2,7,1,1,7,9,1,10,1,11,,44,44,1,22,9,121.5530897,24.98668475
111,4,12,18,55,2,01大同區,大同區鄭州路與塔城街口,0,0,2,1,C03,7,3,5,40,4,1,1,5,4,5,7,2,1,9,4,5,1,12,2,27,2,9,1,1,7,6,1,10,1,12,,9,9,1,22,9,121.5105724,25.05037804
111,4,12,18,55,2,01大同區,大同區鄭州路與塔城街口,0,0,2,2,C03,7,3,5,40,4,1,1,5,4,5,7,2,1,9,4,5,1,12,2,22,2,9,1,1,7,9,1,10,1,11,,23,9,1,22,9,121.5105724,25.05037804
111,4,12,19,0,2,09北投區,北投區大業路65巷與大業路口,0,0,1,1,C03,8,3,5,50,4,2,1,5,4,5,7,1,1,9,4,5,2,16,1,31,2,9,1,1,7,11,1,10,1,14,,10,10,1,22,9,121.4976387,25.1230924
111,4,12,19,0,2,09北投區,北投區大業路65巷與大業路口,0,0,1,2,B01,8,3,5,50,4,2,1,5,4,5,7,1,1,9,4,5,2,16,1,52,3,10,1,1,7,9,1,4,1,5,,13,10,1,22,9,121.4976387,25.1230924
111,4,12,19,41,2,05中正區,中正區和平西路1段92號,0,0,2,1,C03,8,3,5,50,14,9,1,5,4,5,7,4,4,1,4,5,2,17,1,32,2,9,1,1,7,9,1,10,2,11,,23,23,1,22,9,121.5182865,25.02658083
111,4,12,19,41,2,05中正區,中正區和平西路1段92號,0,0,2,3,C03,8,3,5,50,14,9,1,5,4,5,7,4,4,1,4,5,2,17,1,35,3,10,3,1,7,13,1,10,1,13,,44,23,1,22,9,121.5182865,25.02658083
111,4,12,19,41,2,05中正區,中正區和平西路1段92號,0,0,2,2,C03,8,3,5,50,14,9,1,5,4,5,7,4,4,1,4,5,2,17,1,18,2,9,1,1,7,9,1,10,2,11,,23,23,1,22,9,121.5182865,25.02658083
111,4,12,19,51,2,04大安區,大安區麗水街33巷與無名巷口,0,0,1,1,H02,7,3,5,0,14,9,1,5,4,5,7,4,4,10,5,5,2,9,2,39,3,10,1,5,7,20,8,20,10,15,,60,60,1,22,9,121.5290651,25.02808072
111,4,12,19,51,2,04大安區,大安區麗水街33巷與無名巷口,0,0,1,2,F01,7,3,5,0,14,9,1,5,4,5,7,4,4,10,5,5,2,9,1,61,2,7,1,1,7,9,8,20,1,16,,27,60,1,22,9,121.5290651,25.02808072
111,4,12,19,51,2,04大安區,大安區麗水街33巷與無名巷口,0,0,1,3,B01,7,3,5,0,14,9,1,5,4,5,7,4,4,10,5,5,2,9,1,35,3,10,1,1,7,14,1,4,1,2,,38,60,1,22,9,121.5290651,25.02808072
111,4,12,20,4,2,12內湖區,內湖區康寧路3段與五分街口,0,0,1,1,C03,8,1,5,50,3,1,1,5,4,5,7,2,1,1,4,5,2,16,1,23,2,9,1,1,7,5,1,10,2,14,,8,8,1,22,9,121.6117596,25.0678054
111,4,12,20,4,2,12內湖區,內湖區康寧路3段與五分街口,0,0,1,2,B03,8,1,5,50,3,1,1,5,4,5,7,2,1,1,4,5,2,16,1,26,3,10,3,4,7,9,1,8,2,5,,23,8,1,22,9,121.6117596,25.0678054
111,4,12,20,17,2,12內湖區,內湖區文德路22巷與文德路22巷53弄口,0,0,1,1,B03,8,3,5,30,4,2,1,5,4,5,7,4,4,10,5,5,2,9,2,65,3,10,1,1,7,5,1,8,2,8,,23,23,1,22,9,121.5804792,25.07583437
111,4,12,20,17,2,12內湖區,內湖區文德路22巷與文德路22巷53弄口,0,0,1,2,H01,8,3,5,30,4,2,1,5,4,5,7,4,4,10,5,5,2,9,2,70,2,9,4,5,8,16,8,20,10,16,,67,23,1,22,9,121.5804792,25.07583437
111,4,12,20,21,2,03中山區,中山區復興北路與民權東路3段口,0,0,1,1,B03,8,3,5,50,4,1,1,5,4,5,7,1,1,1,4,5,2,12,1,20,3,10,1,1,7,6,1,8,1,1,,6,6,1,22,9,121.5441389,25.0623145
111,4,12,20,21,2,03中山區,中山區復興北路與民權東路3段口,0,0,1,2,F01,8,3,5,50,4,1,1,5,4,5,7,1,1,1,4,5,2,12,1,33,2,9,1,1,7,11,8,20,1,16,,11,6,1,22,9,121.5441389,25.0623145
111,4,12,20,44,2,07信義區,信義區基隆路1段與松隆路口,0,0,1,1,B01,8,3,5,50,4,1,1,5,4,5,7,2,1,1,3,4,2,13,1,51,3,10,1,1,7,9,1,4,1,1,,23,23,1,22,9,121.5721689,25.04682136
111,4,12,20,44,2,07信義區,信義區基隆路1段與松隆路口,0,0,1,2,C03,8,3,5,50,4,1,1,5,4,5,7,2,1,1,3,4,2,13,2,40,2,8,1,1,7,12,1,10,1,13,,44,23,1,22,9,121.5721689,25.04682136
111,4,12,20,48,2,01大同區,大同區哈密街59巷與哈密街59巷53弄口,0,0,1,1,B03,8,3,5,30,4,1,1,5,4,5,7,4,4,10,5,5,2,15,1,70,3,10,1,1,7,9,1,8,1,1,,6,6,1,22,9,121.5157228,25.07533141
111,4,12,20,48,2,01大同區,大同區哈密街59巷與哈密街59巷53弄口,0,0,1,2,C03,8,3,5,30,4,1,1,5,4,5,7,4,4,10,5,5,2,15,1,18,2,9,1,1,7,9,1,10,1,14,,5,6,1,22,9,121.5157228,25.07533141
111,4,12,20,48,2,01大同區,大同區哈密街59巷與哈密街59巷53弄口,0,0,1,3,,8,3,5,30,4,1,1,5,4,5,7,4,4,10,5,5,2,15,3,,,,,,,,,,,,,67,6,1,,,121.5157228,25.07533141
111,4,12,20,48,2,01大同區,大同區哈密街59巷與哈密街59巷53弄口,0,0,1,4,,8,3,5,30,4,1,1,5,4,5,7,4,4,10,5,5,2,15,3,,,,,,,,,,,,,67,6,1,,,121.5157228,25.07533141
111,4,12,21,48,2,04大安區,大安區安居街與安居街9巷口,0,0,1,1,B12,8,3,5,30,4,1,1,5,4,5,7,4,4,9,4,5,2,16,1,80,3,10,1,1,7,5,1,8,2,5,,6,6,1,22,9,121.5551098,25.02112306
111,4,12,21,48,2,04大安區,大安區安居街與安居街9巷口,0,0,1,2,B01,8,3,5,30,4,1,1,5,4,5,7,4,4,9,4,5,2,16,1,61,3,10,1,1,7,9,1,4,2,4,,44,6,1,22,9,121.5551098,25.02112306
111,4,12,21,48,2,04大安區,大安區安居街與安居街9巷口,0,0,1,3,F01,8,3,5,30,4,1,1,5,4,5,7,4,4,9,4,5,2,16,2,57,2,9,1,1,7,15,8,20,2,16,,5,6,1,22,9,121.5551098,25.02112306
111,4,12,23,21,2,04大安區,大安區光復南路676巷與光復南路口,0,0,1,1,B02,8,3,5,40,3,2,1,5,4,5,7,4,4,8,3,4,1,12,1,21,3,10,1,1,7,6,1,8,1,2,,6,6,1,21,5,121.55737,25.0305633
111,4,12,23,21,2,04大安區,大安區光復南路676巷與光復南路口,0,0,1,2,C03,8,3,5,40,3,2,1,5,4,5,7,4,4,8,3,4,1,12,1,26,2,7,1,1,7,9,1,9,1,14,,44,6,1,21,1,121.55737,25.0305633
111,4,13,2,18,2,03中山區,中山區市民大道1段往西轉運站前迴轉道,0,0,2,1,C03,7,3,5,40,15,6,1,5,4,5,7,4,4,1,4,5,1,17,1,23,2,9,1,1,7,5,1,10,1,13,,8,8,1,22,9,121.5190566,25.04856244
111,4,13,2,18,2,03中山區,中山區市民大道1段往西轉運站前迴轉道,0,0,2,2,C03,7,3,5,40,15,6,1,5,4,5,7,4,4,1,4,5,1,17,1,23,2,7,1,1,7,9,1,10,1,11,,13,8,1,22,9,121.5190566,25.04856244
111,4,13,4,0,2,05中正區,中正區羅斯福路3段316巷與羅斯福路3段口,0,0,1,1,A41,8,3,5,50,4,1,1,5,4,5,7,1,1,3,4,5,2,15,1,48,3,10,1,1,4,9,1,1,2,5,,25,25,1,22,9,121.532928,25.01614616
111,4,13,4,0,2,05中正區,中正區羅斯福路3段316巷與羅斯福路3段口,0,0,1,2,C03,8,3,5,50,4,1,1,5,4,5,7,1,1,3,4,5,2,15,1,18,2,9,1,1,7,9,1,10,2,14,,44,25,1,22,9,121.532928,25.01614616
111,4,13,7,0,2,01大同區,大同區鄭州路145號迴轉道前,0,0,1,1,C03,8,1,5,40,14,9,1,5,4,5,7,4,4,1,4,5,2,13,1,67,3,10,1,1,7,5,1,10,2,13,,8,8,1,22,9,121.5091539,25.05047562
111,4,13,7,0,2,01大同區,大同區鄭州路145號迴轉道前,0,0,1,2,C03,8,1,5,40,14,9,1,5,4,5,7,4,4,1,4,5,2,13,1,51,3,10,1,1,7,9,1,10,2,11,,44,8,1,22,9,121.5091539,25.05047562
111,4,13,7,0,2,01大同區,大同區鄭州路145號迴轉道前,0,0,1,3,C03,8,1,5,40,14,9,1,5,4,5,7,4,4,1,4,5,2,13,2,60,2,3,1,1,7,9,1,10,2,12,,44,8,1,22,9,121.5091539,25.05047562
111,4,13,7,11,2,02萬華區,萬華區環河南路3段與萬大路口,0,0,1,1,C03,8,1,5,50,5,2,1,5,4,5,7,1,1,1,4,5,2,12,1,57,2,9,1,1,7,7,1,9,1,14,,7,7,1,22,9,121.4957265,25.01663248
111,4,13,7,11,2,02萬華區,萬華區環河南路3段與萬大路口,0,0,1,2,B03,8,1,5,50,5,2,1,5,4,5,7,1,1,1,4,5,2,12,2,50,3,10,1,1,7,8,1,8,1,5,,7,7,1,22,9,121.4957265,25.01663248
111,4,13,7,19,2,04大安區,大安區基隆路4段156號,0,0,1,1,C03,8,1,5,50,14,9,1,5,4,5,7,1,1,1,4,5,2,13,1,27,3,10,1,4,7,9,1,10,1,11,,16,16,1,22,9,121.5374621,25.01162056
111,4,13,7,19,2,04大安區,大安區基隆路4段156號,0,0,1,2,B03,8,1,5,50,14,9,1,5,4,5,7,1,1,1,4,5,2,13,1,40,3,10,1,4,7,9,1,8,1,3,,44,16,1,22,9,121.5374621,25.01162056
111,4,13,7,19,2,04大安區,大安區基隆路4段156號,0,0,1,3,H02,8,1,5,50,14,9,1,5,4,5,7,1,1,1,4,5,2,13,2,29,2,8,1,4,7,20,8,20,10,16,,67,16,1,22,9,121.5374621,25.01162056
111,4,13,7,20,2,08士林區,近通河街,0,0,2,1,C03,8,1,5,30,14,9,1,5,4,5,7,4,4,10,5,5,2,17,1,52,2,9,1,4,7,9,1,10,1,14,,43,43,1,22,9,121.5237778,25.08017008
111,4,13,7,20,2,08士林區,近通河街,0,0,2,2,C03,8,1,5,30,14,9,1,5,4,5,7,4,4,10,5,5,2,17,1,41,2,7,1,4,7,9,1,10,1,12,,43,43,1,22,9,121.5237778,25.08017008
111,4,13,7,20,2,08士林區,近通河街,0,0,2,3,B03,8,1,5,30,14,9,1,5,4,5,7,4,4,10,5,5,2,17,2,49,3,10,3,4,7,14,1,8,1,6,,43,43,1,22,9,121.5237778,25.08017008
111,4,13,7,28,2,03中山區,中山區基湖路與基湖路157巷口口,0,0,1,1,C03,8,1,5,50,3,1,1,5,4,5,7,4,4,1,4,5,2,17,2,66,2,7,1,1,7,5,1,10,1,14,,8,8,1,22,9,121.5631591,25.07701945
111,4,13,7,28,2,03中山區,中山區基湖路與基湖路157巷口口,0,0,1,2,B03,8,1,5,50,3,1,1,5,4,5,7,4,4,1,4,5,2,17,1,50,3,10,3,4,7,9,1,4,1,1,,44,8,1,22,9,121.5631591,25.07701945
111,4,13,7,36,2,08士林區,士林區大南路與通河東街1段口,0,0,1,1,B03,8,1,5,50,4,1,1,5,4,5,7,3,1,5,5,5,1,12,2,42,3,10,1,1,7,5,1,8,1,4,,44,44,1,22,9,121.5155237,25.08937578
111,4,13,7,36,2,08士林區,士林區大南路與通河東街1段口,0,0,1,2,C03,8,1,5,50,4,1,1,5,4,5,7,3,1,5,5,5,1,12,1,63,2,8,1,1,7,5,1,10,1,12,,23,44,1,22,9,121.5155237,25.08937578
111,4,13,7,45,2,12內湖區,內湖區成功路2段440號,0,0,2,1,C03,8,1,5,50,14,9,1,5,4,5,7,2,1,1,4,5,2,13,1,34,2,7,1,1,7,9,1,10,1,11,,23,23,1,22,9,121.5896942,25.07207975
111,4,13,7,45,2,12內湖區,內湖區成功路2段440號,0,0,2,2,B03,8,1,5,50,14,9,1,5,4,5,7,2,1,1,4,5,2,13,1,47,3,10,1,1,7,9,1,8,1,6,,44,23,1,22,9,121.5896942,25.07207975
111,4,13,7,45,2,12內湖區,內湖區成功路2段440號,0,0,2,3,H02,8,1,5,50,14,9,1,5,4,5,7,2,1,1,4,5,2,13,1,9,2,7,4,5,7,21,8,20,10,16,,67,23,1,22,9,121.5896942,25.07207975
111,4,13,7,48,2,02萬華區,萬華區堤外便道往南近編號046燈桿,0,0,2,1,A12,8,1,5,0,14,11,1,5,4,5,7,4,4,1,4,5,2,13,1,62,3,10,1,1,7,9,1,7,1,15,,4,4,1,22,9,121.4980051,25.04068589
111,4,13,7,48,2,02萬華區,萬華區堤外便道往南近編號046燈桿,0,0,2,2,C03,8,1,5,0,14,11,1,5,4,5,7,4,4,1,4,5,2,13,1,44,2,9,1,1,7,9,1,10,1,13,,44,4,1,22,9,121.4980051,25.04068589