發生年度,發生月,發生日,發生時-Hours,發生分,處理別-編號,區序,肇事地點,死亡人數,2-30日死亡人數,受傷人數,當事人序號,車種,天候,光線,道路類別,速限-速度限制,道路型態,事故位置,路面狀況1,路面狀況2,路面狀況3,道路障礙1,道路障礙2,號誌1,號誌2,車道劃分-分向,車道劃分-分道1,車道劃分-分道2,車道劃分-分道3,事故類型及型態,性別,年齡,受傷程度,主要傷處,安全帽,行動電話,車輛用途,當事者行動狀態,駕駛資格情形,駕駛執照種類,飲酒情形,車輛撞擊部位1,車輛撞擊部位2,肇因碼-個別,肇因碼-主要,個人肇逃否,職業,旅次目的,座標-X,座標-Y
111,4,13,7,48,2,02萬華區,萬華區堤外便道往南近編號046燈桿,0,0,2,3,C03,8,1,5,0,14,11,1,5,4,5,7,4,4,1,4,5,2,13,1,52,2,9,1,1,7,9,1,10,1,11,,16,4,1,22,9,121.4980051,25.04068589
111,4,13,7,50,2,09北投區,北投區承德路7段301號,0,0,1,1,C03,8,1,5,50,14,8,1,5,4,5,7,4,4,3,4,3,2,13,2,41,2,8,3,4,7,9,1,10,1,11,,23,23,1,22,9,121.5047726,25.11635534
111,4,13,7,50,2,09北投區,北投區承德路7段301號,0,0,1,2,C03,8,1,5,50,14,8,1,5,4,5,7,4,4,3,4,3,2,13,1,48,3,10,3,4,7,9,1,10,1,13,,44,23,1,22,9,121.5047726,25.11635534
111,4,13,7,59,2,12內湖區,內湖區舊宗路1段與新湖三路口,0,0,2,1,C03,8,1,5,50,4,2,1,5,4,5,7,2,1,1,4,1,2,13,1,31,3,10,1,1,7,9,1,10,1,11,,23,23,1,22,9,121.5767332,25.06356218
111,4,13,7,59,2,12內湖區,內湖區舊宗路1段與新湖三路口,0,0,2,2,C03,8,1,5,50,4,2,1,5,4,5,7,2,1,1,4,1,2,13,1,27,2,8,1,1,7,9,1,10,1,13,,26,23,1,22,9,121.5767332,25.06356218
111,4,13,7,59,2,12內湖區,內湖區舊宗路1段與新湖三路口,0,0,2,3,A02,8,1,5,50,4,2,1,5,4,5,7,2,1,1,4,1,2,13,1,48,3,10,1,1,7,6,1,2,1,4,,44,23,1,22,9,121.5767332,25.06356218
111,4,13,7,59,2,12內湖區,內湖區舊宗路1段與新湖三路口,0,0,2,4,H02,8,1,5,50,4,2,1,5,4,5,7,2,1,1,4,1,2,13,2,29,2,9,1,1,7,20,8,20,10,15,,67,23,1,22,9,121.5767332,25.06356218
111,4,13,8,2,2,12內湖區,內湖區新湖三路與行忠路66巷口口,0,0,1,1,C03,8,1,5,50,4,1,1,5,4,5,7,4,4,5,4,5,2,15,1,39,2,9,1,1,7,9,1,10,1,12,,6,6,1,22,9,121.5807797,25.0655103
111,4,13,8,2,2,12內湖區,內湖區新湖三路與行忠路66巷口口,0,0,1,2,B03,8,1,5,50,4,1,1,5,4,5,7,4,4,5,4,5,2,15,1,49,3,10,1,1,7,9,1,8,1,1,,14,6,1,22,9,121.5807797,25.0655103
111,4,13,8,17,2,02萬華區,萬華區堤外便道與桂林堤外停車場口近桂林路水門,0,0,3,1,C03,8,1,5,40,3,1,1,5,4,5,7,4,4,9,5,5,2,17,1,33,2,9,1,1,7,9,1,9,1,11,,13,13,1,22,9,121.4954623,25.03880626
111,4,13,8,17,2,02萬華區,萬華區堤外便道與桂林堤外停車場口近桂林路水門,0,0,3,2,C03,8,1,5,40,3,1,1,5,4,5,7,4,4,9,5,5,2,17,1,41,2,9,1,1,7,11,1,10,1,14,,10,13,1,22,9,121.4954623,25.03880626
111,4,13,8,17,2,02萬華區,萬華區堤外便道與桂林堤外停車場口近桂林路水門,0,0,3,3,H02,8,1,5,40,3,1,1,5,4,5,7,4,4,9,5,5,2,17,2,41,2,9,1,1,7,20,8,20,10,16,,67,13,1,22,9,121.4954623,25.03880626
111,4,13,8,19,2,02萬華區,萬華區桂林路與柳州街口,0,0,1,1,B03,8,1,5,50,4,2,1,5,4,5,7,1,1,8,3,5,2,11,2,48,3,10,3,4,7,5,1,8,1,8,,6,6,1,22,9,121.5051655,25.0377546
111,4,13,8,19,2,02萬華區,萬華區桂林路與柳州街口,0,0,1,2,C03,8,1,5,50,4,2,1,5,4,5,7,1,1,8,3,5,2,11,2,30,2,9,1,4,7,11,1,10,1,14,,44,6,1,22,9,121.5051655,25.0377546
111,4,13,8,30,2,11南港區,南港區玉成街46號對面,0,0,2,1,C03,7,1,5,30,14,9,1,5,4,5,7,4,4,8,5,5,2,16,1,30,2,9,3,4,7,6,1,10,1,12,,9,9,1,22,9,121.5815186,25.04838121
111,4,13,8,30,2,11南港區,南港區玉成街46號對面,0,0,2,2,C03,7,1,5,30,14,9,1,5,4,5,7,4,4,8,5,5,2,16,2,37,2,9,3,4,7,9,1,10,1,11,,13,9,1,22,9,121.5815186,25.04838121
111,4,13,8,30,2,11南港區,南港區玉成街46號對面,0,0,2,4,C03,7,1,5,30,14,9,1,5,4,5,7,4,4,8,5,5,2,16,2,68,3,10,3,4,7,13,1,10,1,12,,44,9,1,22,9,121.5815186,25.04838121
111,4,13,8,30,2,11南港區,南港區玉成街46號對面,0,0,2,3,C03,7,1,5,30,14,9,1,5,4,5,7,4,4,8,5,5,2,16,2,25,3,10,3,4,7,13,1,10,1,12,,44,9,1,22,9,121.5815186,25.04838121
111,4,13,8,50,2,05中正區,中正區延平南路與貴陽街1段口,0,0,1,1,B03,8,1,5,50,4,2,1,5,4,5,7,1,1,10,5,5,2,12,1,66,3,10,1,1,7,9,1,8,2,5,,43,43,1,22,9,121.5086488,25.03907336
111,4,13,8,50,2,05中正區,中正區延平南路與貴陽街1段口,0,0,1,2,C03,8,1,5,50,4,2,1,5,4,5,7,1,1,10,5,5,2,12,1,73,2,9,1,1,7,9,1,10,2,14,,43,43,1,22,9,121.5086488,25.03907336
111,4,13,8,53,2,12內湖區,內湖區行善路43號,0,0,1,1,B12,8,1,5,0,15,9,1,5,4,5,7,4,4,10,4,5,2,9,2,53,3,10,1,1,7,6,1,8,1,5,,23,23,1,22,9,121.5770153,25.05720355
111,4,13,8,53,2,12內湖區,內湖區行善路43號,0,0,1,2,H01,8,1,5,0,15,9,1,5,4,5,7,4,4,10,4,5,2,9,1,30,2,9,4,5,8,16,8,20,10,16,,67,23,1,22,9,121.5770153,25.05720355
111,4,13,8,56,2,08士林區,士林區葫蘆街與葫蘆街29巷口,0,0,3,1,C03,8,1,5,30,4,1,1,5,4,5,7,4,4,10,5,5,2,15,2,51,2,9,1,1,7,9,1,10,11,14,,6,6,1,22,9,121.5098591,25.08003057
111,4,13,8,56,2,08士林區,士林區葫蘆街與葫蘆街29巷口,0,0,3,2,B03,8,1,5,30,4,1,1,5,4,5,7,4,4,10,5,5,2,15,1,31,2,3,1,1,7,9,1,8,11,1,,14,6,1,22,9,121.5098591,25.08003057
111,4,13,8,56,2,08士林區,士林區葫蘆街與葫蘆街29巷口,0,0,3,3,H02,8,1,5,30,4,1,1,5,4,5,7,4,4,10,5,5,2,15,1,0,2,5,2,1,7,17,8,20,10,16,,67,6,1,22,9,121.5098591,25.08003057
111,4,13,9,45,2,04大安區,大安區安和路2段171巷與安和路2段口,0,0,1,1,B12,8,1,5,50,4,1,1,5,4,5,7,2,1,9,4,5,2,12,1,41,3,10,1,1,7,6,1,8,1,6,,9,9,1,22,9,121.5498925,25.0280442
111,4,13,9,45,2,04大安區,大安區安和路2段171巷與安和路2段口,0,0,1,2,C03,8,1,5,50,4,1,1,5,4,5,7,2,1,9,4,5,2,12,2,37,2,9,1,1,7,9,1,10,1,14,,44,9,1,22,9,121.5498925,25.0280442
111,4,13,9,54,2,04大安區,大安區復興南路2段335號,0,0,1,1,B03,8,1,5,50,14,9,1,5,4,5,7,3,1,9,4,5,1,3,1,21,3,10,1,1,7,9,3,18,1,1,,15,15,1,22,9,121.5434279,25.0235156
111,4,13,9,54,2,04大安區,大安區復興南路2段335號,0,0,1,2,H01,8,1,5,50,14,9,1,5,4,5,7,3,1,9,4,5,1,3,1,36,2,1,4,5,8,20,8,20,10,16,,53,15,1,22,9,121.5434279,25.0235156
111,4,13,10,24,2,01大同區,大同區延平北路4段與酒泉街口,0,0,1,2,C03,8,1,5,50,14,9,1,5,4,3,7,1,1,5,5,5,2,12,1,17,2,8,1,1,7,9,2,18,1,14,,43,43,1,22,9,121.511049,25.07233714
111,4,13,10,24,2,01大同區,大同區延平北路4段與酒泉街口,0,0,1,3,B12,8,1,5,50,14,9,1,5,4,3,7,1,1,5,5,5,2,12,1,53,3,10,1,2,7,9,1,8,1,2,,43,43,1,22,9,121.511049,25.07233714
111,4,13,10,24,2,01大同區,大同區延平北路4段與酒泉街口,0,0,1,4,C03,8,1,5,50,14,9,1,5,4,3,7,1,1,5,5,5,2,12,2,46,3,10,3,4,7,13,7,19,11,13,,43,43,1,22,9,121.511049,25.07233714
111,4,13,10,24,2,01大同區,大同區延平北路4段與酒泉街口,0,0,1,1,,8,1,5,50,14,9,1,5,4,3,7,1,1,5,5,5,2,12,4,,4,11,3,4,7,15,7,19,11,15,,43,43,2,22,9,121.511049,25.07233714
111,4,13,10,40,2,05中正區,中正區汀州路1段與和平西路2段134巷口,0,0,1,1,C03,8,1,5,30,4,1,1,5,4,5,7,4,4,10,5,5,2,17,1,70,2,9,1,1,7,5,1,10,2,12,,6,6,1,22,9,121.5062882,25.0318367
111,4,13,10,40,2,05中正區,中正區汀州路1段與和平西路2段134巷口,0,0,1,2,B02,8,1,5,30,4,1,1,5,4,5,7,4,4,10,5,5,2,17,1,22,3,10,1,1,7,9,1,8,2,4,,13,6,1,22,9,121.5062882,25.0318367
111,4,13,10,40,2,12內湖區,內湖區成功路2段270號,0,0,1,1,C03,8,1,5,50,14,9,1,5,4,5,7,4,4,9,4,5,2,13,1,37,2,9,1,1,7,9,1,10,2,11,,16,16,1,22,9,121.5904704,25.06667317
111,4,13,10,40,2,12內湖區,內湖區成功路2段270號,0,0,1,2,B03,8,1,5,50,14,9,1,5,4,5,7,4,4,9,4,5,2,13,1,35,3,10,1,1,7,9,1,8,2,7,,44,16,1,22,9,121.5904704,25.06667317
111,4,13,11,17,2,12內湖區,內湖區成功路2段成功交流道西南角,0,0,1,1,B03,8,1,5,50,16,9,1,5,4,5,7,4,4,1,4,5,2,12,1,74,3,10,1,1,7,9,1,8,1,2,,23,23,1,22,9,121.5901382,25.06474279
111,4,13,11,17,2,12內湖區,內湖區成功路2段成功交流道西南角,0,0,1,2,C03,8,1,5,50,16,9,1,5,4,5,7,4,4,1,4,5,2,12,2,69,2,9,1,1,7,9,1,10,1,14,,44,23,1,22,9,121.5901382,25.06474279
111,4,13,11,47,2,09北投區,北投區大興街35號,0,0,1,2,C03,8,1,5,50,14,9,1,5,4,5,7,4,4,5,4,5,1,13,1,59,3,10,1,1,7,9,1,10,1,13,,44,16,1,22,9,121.4990443,25.13010497
111,4,13,11,47,2,09北投區,北投區大興街35號,0,0,1,3,C03,8,1,5,50,14,9,1,5,4,5,7,4,4,5,4,5,1,13,2,47,3,10,1,1,7,9,1,10,1,15,,44,16,1,22,9,121.4990443,25.13010497
111,4,13,11,47,2,09北投區,北投區大興街35號,0,0,1,1,C03,8,1,5,50,14,9,1,5,4,5,7,4,4,5,4,5,1,13,2,46,2,8,1,1,7,9,1,10,1,11,,16,16,1,22,9,121.4990443,25.13010497
111,4,13,11,50,2,03中山區,中山區民權東路2段145號旁,0,0,1,1,B01,8,1,5,50,14,9,1,5,4,5,7,4,4,1,4,5,2,16,1,69,3,10,3,4,7,8,1,4,1,6,,7,7,1,22,9,121.5355874,25.06253949
111,4,13,11,50,2,03中山區,中山區民權東路2段145號旁,0,0,1,2,C03,8,1,5,50,14,9,1,5,4,5,7,4,4,1,4,5,2,16,2,20,2,9,1,4,7,9,1,10,1,14,,13,7,1,22,9,121.5355874,25.06253949
111,4,13,12,10,2,05中正區,中正區羅斯福路1段4號,0,0,1,1,B03,8,1,5,40,14,8,1,5,4,5,7,4,4,10,4,4,2,17,1,54,3,10,1,1,7,14,1,8,2,15,,40,40,1,22,9,121.5176415,25.03339711
111,4,13,12,10,2,05中正區,中正區羅斯福路1段4號,0,0,1,2,C03,8,1,5,40,14,8,1,5,4,5,7,4,4,10,4,4,2,17,1,45,2,9,1,1,7,9,1,10,2,14,,42,40,1,22,9,121.5176415,25.03339711
111,4,13,12,15,2,05中正區,中正區林森南路地下道,0,0,2,1,C03,8,3,5,50,14,11,1,5,4,5,7,4,4,10,4,5,2,13,1,27,2,9,1,1,7,9,1,10,2,11,,43,43,1,22,9,121.5189637,25.03365069
111,4,13,12,15,2,05中正區,中正區林森南路地下道,0,0,2,2,C03,8,3,5,50,14,11,1,5,4,5,7,4,4,10,4,5,2,13,1,43,2,9,1,1,7,9,1,10,2,13,,43,43,1,22,9,121.5189637,25.03365069
111,4,13,12,20,2,10文山區,文山區興隆路2段94號前,0,0,1,1,C03,8,1,5,50,14,9,1,5,4,5,7,4,4,1,4,5,2,13,1,43,2,9,1,1,7,9,6,10,2,11,,23,23,1,22,9,121.5496213,25.0006951
111,4,13,12,20,2,10文山區,文山區興隆路2段94號前,0,0,1,2,B03,8,1,5,50,14,9,1,5,4,5,7,4,4,1,4,5,2,13,1,69,3,10,1,1,7,14,1,8,2,7,,38,23,1,22,9,121.5496213,25.0006951
111,4,13,12,30,2,07信義區,信義區基隆路2段131號,0,0,1,1,B02,8,1,5,50,14,9,1,5,4,5,7,4,4,8,3,5,2,12,1,63,3,10,1,1,7,9,1,8,1,5,,44,44,1,22,9,121.5565522,25.0276191
111,4,13,12,30,2,07信義區,信義區基隆路2段131號,0,0,1,2,C03,8,1,5,50,14,9,1,5,4,5,7,4,4,8,3,5,2,12,1,27,2,9,1,1,7,7,1,10,1,14,,7,44,1,22,9,121.5565522,25.0276191
111,4,13,12,30,2,07信義區,信義區基隆路2段131號,0,0,1,3,B03,8,1,5,50,14,9,1,5,4,5,7,4,4,8,3,5,2,12,4,,,,,,,,,,9,,,7,44,,,,121.5565522,25.0276191
111,4,13,12,38,2,07信義區,信義區基隆路1段與忠孝東路5段口,0,0,1,1,C03,8,1,5,50,4,1,1,5,4,5,7,2,1,10,5,5,2,17,1,27,3,10,1,1,7,9,6,10,9,11,,16,16,1,22,9,121.5648146,25.041519
111,4,13,12,38,2,07信義區,信義區基隆路1段與忠孝東路5段口,0,0,1,2,C03,8,1,5,50,4,1,1,5,4,5,7,2,1,10,5,5,2,17,1,44,2,2,1,1,7,15,1,10,9,13,,42,16,1,22,9,121.5648146,25.041519
111,4,13,12,49,2,10文山區,文山區羅斯福路6段與景華街口,0,0,2,1,B12,8,1,5,50,4,2,1,5,4,5,7,1,1,1,4,5,2,12,1,45,3,10,1,1,7,7,1,8,2,6,,7,7,1,22,9,121.5413124,24.994923
111,4,13,12,49,2,10文山區,文山區羅斯福路6段與景華街口,0,0,2,2,C03,8,1,5,50,4,2,1,5,4,5,7,1,1,1,4,5,2,12,1,18,2,9,1,1,7,9,1,10,2,11,,13,7,1,22,9,121.5413124,24.994923
111,4,13,12,49,2,10文山區,文山區羅斯福路6段與景華街口,0,0,2,3,H02,8,1,5,50,4,2,1,5,4,5,7,1,1,1,4,5,2,12,2,18,2,9,1,5,7,20,8,20,10,16,,67,7,1,22,9,121.5413124,24.994923
111,4,13,13,0,2,08士林區,士林區中山北路6段與福國路口,0,0,2,1,C03,8,1,5,50,3,1,1,5,4,5,7,1,1,10,4,5,2,17,1,26,2,9,1,1,7,5,1,10,2,11,,25,25,1,22,9,121.5254634,25.10253086
111,4,13,13,0,2,08士林區,士林區中山北路6段與福國路口,0,0,2,2,C03,8,1,5,50,3,1,1,5,4,5,7,1,1,10,4,5,2,17,2,33,2,9,1,1,7,21,1,10,2,11,,44,25,1,22,9,121.5254634,25.10253086
111,4,13,13,28,2,03中山區,中山區中山北路2段45巷口旁,0,0,1,1,B03,8,1,5,50,14,9,1,5,4,5,7,4,4,4,4,5,2,13,1,41,3,10,3,4,7,1,3,18,1,1,,16,16,1,22,9,121.5228206,25.05450307
111,4,13,13,28,2,03中山區,中山區中山北路2段45巷口旁,0,0,1,2,B03,8,1,5,50,14,9,1,5,4,5,7,4,4,4,4,5,2,13,1,32,2,8,3,4,7,1,1,8,1,3,,44,16,1,22,9,121.5228206,25.05450307
111,4,13,13,35,2,10文山區,文山區木柵路1段191巷與木柵路1段191巷口全聯停車場出入口,0,0,1,1,C03,8,1,5,30,4,2,1,5,4,5,7,4,4,10,5,5,1,11,1,19,2,9,1,1,7,6,1,10,1,11,,26,26,1,22,9,121.5511997,24.98832756
111,4,13,13,35,2,10文山區,文山區木柵路1段191巷與木柵路1段191巷口全聯停車場出入口,0,0,1,2,B03,8,1,5,30,4,2,1,5,4,5,7,4,4,10,5,5,1,11,2,40,3,10,1,1,7,5,1,8,1,1,,8,26,1,22,9,121.5511997,24.98832756
111,4,13,13,55,2,08士林區,士林區大南路359號,0,0,1,1,B03,8,1,5,50,14,9,1,5,4,5,7,4,4,9,5,5,1,17,1,61,3,10,1,1,7,5,1,8,1,1,,8,8,1,22,9,121.5167563,25.08915082
111,4,13,13,55,2,08士林區,士林區大南路359號,0,0,1,2,C03,8,1,5,50,14,9,1,5,4,5,7,4,4,9,5,5,1,17,1,19,2,9,1,1,7,9,1,10,1,11,,13,8,1,22,9,121.5167563,25.08915082
111,4,13,14,9,2,11南港區,南港區南港路2段16號對面工地062燈桿,0,0,1,1,B12,8,1,5,50,14,8,1,5,4,5,6,4,4,5,2,4,2,17,1,38,3,10,1,4,7,5,1,8,1,6,,8,8,1,22,9,121.6057546,25.05417462
111,4,13,14,9,2,11南港區,南港區南港路2段16號對面工地062燈桿,0,0,1,2,F03,8,1,5,50,14,8,1,5,4,5,6,4,4,5,2,4,2,17,2,29,2,9,1,4,7,9,8,20,1,15,,23,8,1,22,9,121.6057546,25.05417462
111,4,13,14,40,2,08士林區,士林區德行東路90巷33弄與德行東路90巷口,0,0,1,1,B12,8,1,5,30,4,1,1,5,4,5,7,4,4,10,5,5,2,17,1,38,3,10,1,1,7,9,1,8,1,15,,6,6,1,22,9,121.528118,25.10598603
111,4,13,14,40,2,08士林區,士林區德行東路90巷33弄與德行東路90巷口,0,0,1,2,C03,8,1,5,30,4,1,1,5,4,5,7,4,4,10,5,5,2,17,1,21,2,8,1,1,7,9,1,10,1,15,,44,6,1,22,9,121.528118,25.10598603
111,4,13,15,48,2,11南港區,南港區南港路2段與昆陽街口,0,0,3,1,C03,7,1,5,50,3,2,1,5,4,5,7,2,1,9,3,5,2,16,1,72,2,9,3,4,7,5,1,10,2,11,,8,8,1,22,9,121.5923003,25.05420847
111,4,13,15,48,2,11南港區,南港區南港路2段與昆陽街口,0,0,3,2,C03,7,1,5,50,3,2,1,5,4,5,7,2,1,9,3,5,2,16,1,20,2,9,3,4,7,9,1,10,2,11,,44,8,1,22,9,121.5923003,25.05420847
111,4,13,15,48,2,11南港區,南港區南港路2段與昆陽街口,0,0,3,3,H02,7,1,5,50,3,2,1,5,4,5,7,2,1,9,3,5,2,16,2,19,2,9,3,5,7,20,8,20,10,15,,67,8,1,22,9,121.5923003,25.05420847
111,4,13,16,10,2,12內湖區,內湖區民權東路6段128號,0,0,2,3,H02,7,1,5,50,14,8,1,5,4,5,7,4,4,1,4,4,2,17,2,36,2,8,4,5,7,21,8,20,10,16,,67,40,1,22,9,121.5875383,25.06896678
111,4,13,16,10,2,12內湖區,內湖區民權東路6段128號,0,0,2,1,B12,7,1,5,50,14,8,1,5,4,5,7,4,4,1,4,4,2,17,1,36,3,10,1,1,7,13,1,8,2,4,,40,40,1,22,9,121.5875383,25.06896678
111,4,13,16,10,2,12內湖區,內湖區民權東路6段128號,0,0,2,2,C03,7,1,5,50,14,8,1,5,4,5,7,4,4,1,4,4,2,17,1,27,2,9,1,1,7,9,1,10,2,11,,44,40,1,22,9,121.5875383,25.06896678
111,4,13,17,18,2,03中山區,中山區南京西路23巷,0,0,2,1,B03,8,1,5,30,14,9,1,5,4,5,7,4,4,10,5,5,2,2,2,48,2,2,3,4,7,9,1,8,1,2,,23,23,1,22,9,121.5205771,25.05327397
111,4,13,17,18,2,03中山區,中山區南京西路23巷,0,0,2,2,H01,8,1,5,30,14,9,1,5,4,5,7,4,4,10,5,5,2,2,2,35,2,9,4,5,8,16,8,20,10,16,,67,23,1,22,7,121.5205771,25.05327397
111,4,13,17,30,2,08士林區,士林區中正路629號,0,0,1,1,C03,8,1,5,50,14,9,1,5,4,5,7,1,1,1,4,5,2,16,1,59,3,10,1,1,7,5,1,10,1,14,,8,8,1,22,9,121.5084962,25.08648211
111,4,13,17,30,2,08士林區,士林區中正路629號,0,0,1,2,C03,8,1,5,50,14,9,1,5,4,5,7,1,1,1,4,5,2,16,1,28,2,9,1,1,7,9,1,10,1,12,,44,8,1,22,9,121.5084962,25.08648211
111,4,13,17,33,2,10文山區,文山區興隆路4段109巷與木柵路2段138巷口口,0,0,1,1,B03,8,1,5,50,4,1,1,5,4,5,7,2,1,4,5,5,1,11,1,38,3,10,3,4,7,5,1,8,1,2,,6,6,1,22,9,121.5626539,24.98678958
111,4,13,17,33,2,10文山區,文山區興隆路4段109巷與木柵路2段138巷口口,0,0,1,2,C03,8,1,5,50,4,1,1,5,4,5,7,2,1,4,5,5,1,11,2,18,2,8,1,4,7,9,1,10,1,11,,44,6,1,22,9,121.5626539,24.98678958
111,4,13,17,45,2,09北投區,北投區大度路1段153號,0,0,1,1,C03,8,1,5,50,14,12,1,5,4,5,7,4,4,1,4,3,1,17,1,19,2,9,1,1,7,9,1,10,1,12,,42,42,1,22,9,121.494367,25.12123221
111,4,13,17,45,2,09北投區,北投區大度路1段153號,0,0,1,2,C03,8,1,5,50,14,12,1,5,4,5,7,4,4,1,4,3,1,17,4,,4,11,3,4,7,15,7,19,11,15,,43,42,2,22,9,121.494367,25.12123221
111,4,13,17,51,2,05中正區,中正區中華路1段與漢口街1段口,0,0,1,1,B01,8,1,5,50,14,9,1,5,4,5,7,1,1,9,4,5,2,17,1,53,3,10,1,4,7,7,1,4,1,6,,44,44,1,22,9,121.5093898,25.04516159
111,4,13,17,51,2,05中正區,中正區中華路1段與漢口街1段口,0,0,1,2,C03,8,1,5,50,14,9,1,5,4,5,7,1,1,9,4,5,2,17,1,26,2,9,1,4,7,9,1,10,1,11,,16,44,1,22,9,121.5093898,25.04516159
111,4,13,17,55,2,03中山區,中山區建國北路3段91-1號,0,0,1,1,C03,8,1,5,50,15,9,1,5,4,5,7,4,4,1,4,5,2,16,2,18,2,9,1,1,7,7,1,10,1,14,,7,7,1,22,9,121.5368874,25.06526767
111,4,13,17,55,2,03中山區,中山區建國北路3段91-1號,0,0,1,2,B03,8,1,5,50,15,9,1,5,4,5,7,4,4,1,4,5,2,16,1,33,3,10,3,4,7,9,1,8,1,2,,44,7,1,22,9,121.5368874,25.06526767
111,4,13,18,25,2,04大安區,大安區市民大道3段與八德路2段口,0,0,1,1,C03,8,2,5,40,14,9,1,5,4,5,7,4,4,8,3,5,1,12,1,27,3,10,1,1,7,7,1,10,1,14,,7,7,1,21,5,121.53406,25.04502542
111,4,13,18,25,2,04大安區,大安區市民大道3段與八德路2段口,0,0,1,2,B03,8,2,5,40,14,9,1,5,4,5,7,4,4,8,3,5,1,12,2,38,3,10,1,1,7,9,1,8,1,2,,44,7,1,21,8,121.53406,25.04502542
111,4,13,18,25,2,04大安區,大安區市民大道3段與八德路2段口,0,0,1,3,H02,8,2,5,40,14,9,1,5,4,5,7,4,4,8,3,5,1,12,2,27,2,8,1,1,7,20,8,20,10,16,,67,7,1,21,5,121.53406,25.04502542
111,4,13,18,45,2,03中山區,中山區新生北路2段76巷與林森北路口,0,0,2,1,C03,8,3,5,50,4,1,1,5,4,5,7,4,4,9,5,5,2,13,1,34,2,9,1,1,7,9,1,10,1,12,,16,16,1,22,9,121.5255308,25.05746636
111,4,13,18,45,2,03中山區,中山區新生北路2段76巷與林森北路口,0,0,2,2,C03,8,3,5,50,4,1,1,5,4,5,7,4,4,9,5,5,2,13,2,41,2,9,1,1,7,9,1,10,1,12,,44,16,1,22,9,121.5255308,25.05746636
111,4,13,18,45,2,03中山區,中山區新生北路2段76巷與林森北路口,0,0,2,3,B01,8,3,5,50,4,1,1,5,4,5,7,4,4,9,5,5,2,13,1,58,3,10,1,1,7,5,1,4,11,15,,44,16,1,22,9,121.5255308,25.05746636
111,4,13,18,58,2,04大安區,大安區敦化南路1段262號,0,0,2,1,C03,7,3,5,50,14,9,1,5,4,5,7,4,4,9,4,5,2,16,1,21,2,8,1,1,7,9,1,10,2,12,,17,17,1,22,9,121.5485992,25.0394989
111,4,13,18,58,2,04大安區,大安區敦化南路1段262號,0,0,2,2,C03,7,3,5,50,14,9,1,5,4,5,7,4,4,9,4,5,2,16,1,53,2,7,1,1,7,9,1,9,2,14,,17,17,1,22,9,121.5485992,25.0394989
111,4,13,18,58,2,04大安區,大安區敦化南路1段262號,0,0,2,3,B01,7,3,5,50,14,9,1,5,4,5,7,4,4,9,4,5,2,16,1,50,3,10,1,1,7,14,1,4,9,15,,38,17,1,22,9,121.5485992,25.0394989
111,4,13,19,14,2,10文山區,文山區福興路與福興路21巷口,0,0,1,1,B03,8,3,5,30,4,1,1,5,4,5,7,3,1,5,5,5,2,16,1,62,3,10,1,1,7,5,1,8,2,1,,6,6,1,22,9,121.5513606,25.00272153
111,4,13,19,14,2,10文山區,文山區福興路與福興路21巷口,0,0,1,2,C03,8,3,5,30,4,1,1,5,4,5,7,3,1,5,5,5,2,16,2,36,2,7,1,1,7,9,1,10,2,14,,44,6,1,22,9,121.5513606,25.00272153
111,4,13,19,20,2,03中山區,中山區民族東路與林森北路口,0,0,1,1,C03,8,3,5,50,3,1,1,5,4,5,7,2,1,1,4,5,2,12,1,44,3,10,1,4,7,9,6,10,1,14,,17,17,1,22,9,121.5257644,25.06841394
111,4,13,19,20,2,03中山區,中山區民族東路與林森北路口,0,0,1,2,C03,8,3,5,50,3,1,1,5,4,5,7,2,1,1,4,5,2,12,2,21,2,9,1,4,7,9,1,10,1,12,,17,17,1,22,9,121.5257644,25.06841394
111,4,13,19,22,2,03中山區,中山區長安東路2段40號,0,0,1,1,B01,8,3,5,50,14,9,1,5,4,5,7,4,4,4,3,5,1,12,1,58,3,10,3,4,7,1,1,8,2,8,,19,19,1,22,9,121.5317071,25.04845426
111,4,13,19,22,2,03中山區,中山區長安東路2段40號,0,0,1,2,C03,8,3,5,50,14,9,1,5,4,5,7,4,4,4,3,5,1,12,1,33,2,9,1,4,7,9,1,10,2,11,,44,19,1,22,9,121.5317071,25.04845426
111,4,13,19,30,2,01大同區,大同區民權西路與民權西路185巷口,0,0,1,2,C03,7,3,5,50,3,2,1,5,4,5,7,4,4,1,4,5,2,12,1,67,2,1,1,4,7,9,1,10,1,13,,44,7,1,22,9,121.5156812,25.06306186
111,4,13,19,30,2,01大同區,大同區民權西路與民權西路185巷口,0,0,1,1,A04,7,3,5,50,3,2,1,5,4,5,7,4,4,1,4,5,2,12,1,64,3,10,3,4,7,8,1,2,1,5,,7,7,1,22,9,121.5156812,25.06306186
111,4,13,20,9,2,08士林區,士林區社正路23號前,0,0,1,1,B12,8,3,5,50,14,9,1,5,4,5,7,4,4,5,5,5,1,17,1,43,3,10,1,1,7,11,1,8,1,15,,10,10,1,21,8,121.5091753,25.08855062
111,4,13,20,9,2,08士林區,士林區社正路23號前,0,0,1,2,C03,8,3,5,50,14,9,1,5,4,5,7,4,4,5,5,5,1,17,1,51,2,9,1,1,7,9,1,10,1,14,,42,10,1,21,8,121.5091753,25.08855062