發生年度,發生月,發生日,發生時-Hours,發生分,處理別-編號,區序,肇事地點,死亡人數,2-30日死亡人數,受傷人數,當事人序號,車種,天候,光線,道路類別,速限-速度限制,道路型態,事故位置,路面狀況1,路面狀況2,路面狀況3,道路障礙1,道路障礙2,號誌1,號誌2,車道劃分-分向,車道劃分-分道1,車道劃分-分道2,車道劃分-分道3,事故類型及型態,性別,年齡,受傷程度,主要傷處,安全帽,行動電話,車輛用途,當事者行動狀態,駕駛資格情形,駕駛執照種類,飲酒情形,車輛撞擊部位1,車輛撞擊部位2,肇因碼-個別,肇因碼-主要,個人肇逃否,職業,旅次目的,座標-X,座標-Y
111,4,13,20,28,2,06松山區,松山區迎風河濱公園自行車道024燈桿旁,0,0,2,1,F02,8,3,8,0,15,22,1,5,4,5,7,4,4,9,4,5,2,10,1,44,2,9,1,1,7,9,8,20,1,15,,4,4,1,22,9,121.5681933,25.07429532
111,4,13,20,28,2,06松山區,松山區迎風河濱公園自行車道024燈桿旁,0,0,2,2,F01,8,3,8,0,15,22,1,5,4,5,7,4,4,9,4,5,2,10,2,76,2,9,1,1,7,9,8,20,1,15,,44,4,1,22,9,121.5681933,25.07429532
111,4,13,21,15,2,10文山區,文山區羅斯福路6段與景華街口,0,0,1,1,B03,8,3,5,50,4,2,1,5,4,5,7,1,1,1,4,5,2,17,1,55,3,10,1,1,7,6,1,8,1,6,6,44,44,1,22,9,121.5411271,24.994929
111,4,13,21,15,2,10文山區,文山區羅斯福路6段與景華街口,0,0,1,2,C03,8,3,5,50,4,2,1,5,4,5,7,1,1,1,4,5,2,17,1,19,2,9,1,1,7,8,1,10,1,11,14,16,44,1,22,9,121.5411271,24.994929
111,4,13,21,30,2,05中正區,中正區延平南路與貴陽街1段口,0,0,1,1,C03,8,3,5,50,4,1,1,5,4,5,7,1,1,9,4,5,2,17,1,48,2,9,1,4,7,5,1,10,1,14,,26,26,1,22,9,121.508731,25.03910614
111,4,13,21,30,2,05中正區,中正區延平南路與貴陽街1段口,0,0,1,2,B03,8,3,5,50,4,1,1,5,4,5,7,1,1,9,4,5,2,17,1,71,3,10,1,4,7,8,1,8,1,5,,26,26,1,22,9,121.508731,25.03910614
111,4,13,21,39,2,12內湖區,內湖區文德路210巷30弄與文德路210巷口,0,0,2,1,H01,8,3,5,50,3,1,1,5,4,5,7,4,4,7,5,5,2,3,2,38,2,9,4,5,8,16,8,20,10,16,,53,53,1,22,9,121.5838775,25.07715696
111,4,13,21,39,2,12內湖區,內湖區文德路210巷30弄與文德路210巷口,0,0,2,2,C03,8,3,5,50,3,1,1,5,4,5,7,4,4,7,5,5,2,3,1,54,2,9,1,1,7,9,1,10,2,14,,23,53,1,22,9,121.5838775,25.07715696
111,4,13,21,39,2,12內湖區,內湖區文德路210巷30弄與文德路210巷口,0,0,2,3,B03,8,3,5,50,3,1,1,5,4,5,7,4,4,7,5,5,2,3,1,29,3,10,1,1,7,14,1,8,9,15,,38,53,1,22,9,121.5838775,25.07715696
111,4,13,21,53,2,01大同區,大同區寧夏路與歸綏街97巷2弄口,0,0,1,1,C03,7,3,5,50,4,2,1,5,4,5,7,4,4,9,5,5,2,16,1,65,3,10,1,4,7,5,1,10,2,13,,6,6,1,22,9,121.5150041,25.05880625
111,4,13,21,53,2,01大同區,大同區寧夏路與歸綏街97巷2弄口,0,0,1,2,C03,7,3,5,50,4,2,1,5,4,5,7,4,4,9,5,5,2,16,1,46,2,7,1,4,7,9,1,9,2,11,,14,6,1,22,9,121.5150041,25.05880625
111,4,13,21,53,2,01大同區,大同區寧夏路與歸綏街97巷2弄口,0,0,1,3,B03,7,3,5,50,4,2,1,5,4,5,7,4,4,9,5,5,2,16,2,28,3,10,3,4,7,13,1,8,9,4,,38,6,1,22,9,121.5150041,25.05880625
111,4,13,22,10,2,10文山區,文山區木柵路1段與景美溪橋口,0,0,2,1,C03,8,3,5,50,3,1,1,5,4,5,7,2,1,1,2,5,2,17,1,28,2,7,3,4,7,9,1,9,2,11,,25,25,1,22,9,121.5453376,24.98679202
111,4,13,22,10,2,10文山區,文山區木柵路1段與景美溪橋口,0,0,2,2,C03,8,3,5,50,3,1,1,5,4,5,7,2,1,1,2,5,2,17,2,24,2,9,1,4,7,5,1,10,2,11,,44,25,1,22,9,121.5453376,24.98679202
111,4,13,22,20,2,09北投區,北投區明德路與西安街1段口,0,0,2,1,C03,8,1,5,50,4,2,1,5,4,5,7,1,1,9,4,5,1,12,2,21,2,8,1,1,7,5,1,10,1,13,,8,8,1,22,9,121.5190043,25.10904925
111,4,13,22,20,2,09北投區,北投區明德路與西安街1段口,0,0,2,2,C03,8,1,5,50,4,2,1,5,4,5,7,1,1,9,4,5,1,12,1,28,2,9,1,1,7,9,1,10,1,11,,23,8,1,22,9,121.5190043,25.10904925
111,4,13,22,35,2,08士林區,士林區光華路61巷4弄072號燈桿,0,0,1,1,C03,8,3,5,30,11,9,1,5,4,5,7,4,4,10,5,5,2,17,1,19,2,9,1,1,7,9,1,10,1,11,,23,23,1,18,8,121.5401534,25.12985237
111,4,13,22,35,2,08士林區,士林區光華路61巷4弄072號燈桿,0,0,1,2,B03,8,3,5,30,11,9,1,5,4,5,7,4,4,10,5,5,2,17,1,30,3,10,1,1,7,9,1,8,1,4,,23,23,1,21,8,121.5401534,25.12985237
111,4,14,6,15,2,06松山區,松山區敦化北路與敦化北路155巷口,0,0,1,1,B01,6,1,5,30,4,2,1,4,4,5,7,2,1,1,4,4,2,2,1,54,3,10,1,1,7,9,1,4,2,1,,23,23,1,22,9,121.5492098,25.05432568
111,4,14,6,15,2,06松山區,松山區敦化北路與敦化北路155巷口,0,0,1,2,H01,6,1,5,30,4,2,1,4,4,5,7,2,1,1,4,4,2,2,1,59,2,9,4,5,8,20,8,20,2,16,,60,23,1,22,9,121.5492098,25.05432568
111,4,14,7,21,2,04大安區,大安區基隆路4段與羅斯福路4段口,0,0,1,1,C04,6,1,5,50,5,1,1,4,4,5,7,2,1,9,4,5,1,12,2,62,2,1,1,4,7,7,1,8,9,14,,7,7,1,22,9,121.5374101,25.01101712
111,4,14,7,21,2,04大安區,大安區基隆路4段與羅斯福路4段口,0,0,1,2,B03,6,1,5,50,5,1,1,4,4,5,7,2,1,9,4,5,1,12,1,59,3,10,1,4,7,9,1,8,2,5,,23,7,1,22,9,121.5374101,25.01101712
111,4,14,8,0,2,12內湖區,內湖區安康路51號,0,0,1,1,C03,6,1,5,40,14,9,1,4,4,5,7,4,4,9,5,5,2,17,1,62,2,9,1,1,7,9,1,10,2,15,,42,42,1,22,9,121.5958437,25.06292726
111,4,14,8,0,2,12內湖區,內湖區安康路51號,0,0,1,2,B03,6,1,5,40,14,9,1,4,4,5,7,4,4,9,5,5,2,17,2,43,3,10,1,1,7,9,1,8,2,3,,44,42,1,22,9,121.5958437,25.06292726
111,4,14,8,0,2,12內湖區,內湖區安康路51號,0,0,1,3,C03,6,1,5,40,14,9,1,4,4,5,7,4,4,9,5,5,2,17,1,35,3,10,1,1,7,9,1,10,2,11,,17,42,1,22,9,121.5958437,25.06292726
111,4,14,8,0,2,12內湖區,內湖區安康路51號,0,0,1,4,B03,6,1,5,40,14,9,1,4,4,5,7,4,4,9,5,5,2,17,1,34,4,11,3,4,7,15,7,19,11,15,,44,42,2,22,9,121.5958437,25.06292726
111,4,14,8,19,2,04大安區,大安區敦化南路1段161巷與忠孝東路4段205巷口,0,0,2,1,C03,6,1,5,30,4,1,1,4,4,5,7,4,4,10,5,5,2,15,1,22,2,7,1,1,7,11,1,10,1,11,,6,26,1,22,9,121.5519751,25.04352594
111,4,14,8,19,2,04大安區,大安區敦化南路1段161巷與忠孝東路4段205巷口,0,0,2,2,C03,6,1,5,30,4,1,1,4,4,5,7,4,4,10,5,5,2,15,1,58,2,7,1,1,7,9,1,10,1,12,,14,26,1,22,9,121.5519751,25.04352594
111,4,14,8,25,2,08士林區,士林區芝玉路1段223巷與芝玉路1段口,0,0,1,1,B01,6,1,5,50,4,2,1,4,4,5,7,4,4,10,5,5,1,9,1,58,3,10,1,1,7,5,1,4,2,1,,15,15,1,22,9,121.5336072,25.10892909
111,4,14,8,25,2,08士林區,士林區芝玉路1段223巷與芝玉路1段口,0,0,1,2,H01,6,1,5,50,4,2,1,4,4,5,7,4,4,10,5,5,1,9,2,53,2,9,4,5,8,16,8,20,10,16,,67,15,1,22,9,121.5336072,25.10892909
111,4,14,8,27,2,06松山區,松山區民生東路3段111號,0,0,1,1,B03,6,1,5,50,14,9,1,4,4,5,7,4,4,1,4,5,2,16,1,32,3,10,1,1,7,6,1,8,2,2,,9,9,1,22,9,121.545635,25.05782919
111,4,14,8,27,2,06松山區,松山區民生東路3段111號,0,0,1,2,C03,6,1,5,50,14,9,1,4,4,5,7,4,4,1,4,5,2,16,1,59,2,9,1,1,7,9,1,10,2,14,,44,9,1,22,9,121.545635,25.05782919
111,4,14,8,53,2,12內湖區,內湖區新湖二路259巷與行愛路77巷口口,0,0,1,1,C03,6,1,5,50,4,1,1,4,4,5,7,4,4,5,4,5,2,15,2,31,2,8,1,1,7,9,1,10,1,13,,6,6,1,22,9,121.582393,25.063264
111,4,14,8,53,2,12內湖區,內湖區新湖二路259巷與行愛路77巷口口,0,0,1,2,B01,6,1,5,50,4,1,1,4,4,5,7,4,4,5,4,5,2,15,1,54,3,10,1,1,7,9,1,4,1,1,,23,6,1,22,9,121.582393,25.063264
111,4,14,8,55,2,08士林區,士林區承德路5段與通河東街2段口,0,0,1,1,C03,6,1,5,50,4,1,1,4,4,5,7,1,1,3,4,5,1,12,2,46,2,9,1,1,7,8,1,10,1,12,,7,7,1,22,9,121.5139267,25.0960592
111,4,14,8,55,2,08士林區,士林區承德路5段與通河東街2段口,0,0,1,2,C03,6,1,5,50,4,1,1,4,4,5,7,1,1,3,4,5,1,12,1,38,3,10,1,1,7,9,1,10,1,14,,44,7,1,22,9,121.5139267,25.0960592
111,4,14,9,1,2,03中山區,中山區北安路670巷與北安路口,0,0,1,1,B03,6,1,5,50,4,1,1,4,4,5,7,2,1,1,4,1,2,17,1,43,3,10,3,4,7,5,1,15,1,15,,25,25,1,22,9,121.5493753,25.08407424
111,4,14,9,1,2,03中山區,中山區北安路670巷與北安路口,0,0,1,2,C03,6,1,5,50,4,1,1,4,4,5,7,2,1,1,4,1,2,17,1,25,2,9,1,4,7,9,1,10,1,14,,44,25,1,22,9,121.5493753,25.08407424
111,4,14,9,17,2,04大安區,大安區和平東路3段與基隆路2段口,0,0,1,1,B01,6,1,5,50,5,2,1,4,4,5,7,2,1,9,4,5,1,12,1,64,3,10,1,4,7,9,1,4,9,8,,23,23,1,22,9,121.5520823,25.02435544
111,4,14,9,17,2,04大安區,大安區和平東路3段與基隆路2段口,0,0,1,2,C03,6,1,5,50,5,2,1,4,4,5,7,2,1,9,4,5,1,12,2,60,2,9,1,4,7,8,4,11,9,13,,7,23,1,22,9,121.5520823,25.02435544
111,4,14,9,21,2,04大安區,大安區信義路4段與安和路1段口,0,0,1,1,H01,6,1,5,50,4,1,1,4,4,5,7,1,1,3,4,5,2,3,2,75,3,10,4,4,8,16,8,20,11,16,,52,52,2,22,9,121.550054,25.027688
111,4,14,9,21,2,04大安區,大安區信義路4段與安和路1段口,0,0,1,2,C03,6,1,5,50,4,1,1,4,4,5,7,1,1,3,4,5,2,3,2,24,2,9,1,4,7,9,1,10,1,12,,44,52,1,22,9,121.550054,25.027688
111,4,14,10,7,2,07信義區,信義區福德街240號,0,0,1,1,B01,7,1,5,50,14,9,1,5,4,5,7,4,4,5,5,5,2,17,1,61,3,10,1,1,7,8,1,4,1,15,,7,7,1,22,9,121.5850758,25.03860424
111,4,14,10,7,2,07信義區,信義區福德街240號,0,0,1,2,C03,7,1,5,50,14,9,1,5,4,5,7,4,4,5,5,5,2,17,1,26,2,8,1,1,7,9,1,10,1,12,,44,7,1,22,9,121.5850758,25.03860424
111,4,14,10,15,2,12內湖區,內湖區康寧路3段225號前,0,0,1,1,B03,6,1,5,50,14,9,1,4,4,5,7,4,4,1,4,5,2,17,1,58,3,10,1,1,7,6,1,8,2,15,,9,9,1,22,9,121.611825,25.06755584
111,4,14,10,15,2,12內湖區,內湖區康寧路3段225號前,0,0,1,2,C03,6,1,5,50,14,9,1,4,4,5,7,4,4,1,4,5,2,17,2,57,2,9,1,1,7,9,1,10,2,12,,44,9,1,22,9,121.611825,25.06755584
111,4,14,10,40,2,11南港區,南港區同德路與東新街80巷口,0,0,1,1,C04,7,1,5,50,4,2,1,5,4,5,7,2,1,4,3,5,2,17,2,51,3,10,3,4,7,9,1,11,1,12,,23,23,1,22,9,121.5869768,25.04639617
111,4,14,10,40,2,11南港區,南港區同德路與東新街80巷口,0,0,1,2,F01,7,1,5,50,4,2,1,5,4,5,7,2,1,4,3,5,2,17,2,77,2,7,3,4,7,9,8,20,1,16,,44,23,1,22,9,121.5869768,25.04639617
111,4,14,11,0,2,05中正區,中正區中華路2段35號前,0,0,1,1,C03,6,1,5,50,14,9,1,4,4,5,7,4,4,1,4,5,2,13,1,31,2,9,3,1,7,9,6,10,1,11,,23,23,2,22,9,121.5065617,25.0358456
111,4,14,11,0,2,05中正區,中正區中華路2段35號前,0,0,1,2,B01,6,1,5,50,14,9,1,4,4,5,7,4,4,1,4,5,2,13,1,65,3,10,1,1,7,14,1,4,1,3,,44,23,1,22,9,121.5065617,25.0358456
111,4,14,11,0,2,05中正區,中正區中華路2段35號前,0,0,1,3,B03,6,1,5,50,14,9,1,4,4,5,7,4,4,1,4,5,2,13,2,52,3,10,1,1,7,14,1,8,1,2,,44,23,1,22,9,121.5065617,25.0358456
111,4,14,11,0,2,08士林區,士林區中山北路6段與福國路口,0,0,1,1,C03,7,1,5,50,3,1,1,5,4,5,7,1,1,10,4,5,2,17,1,31,2,7,1,1,7,7,1,10,1,14,,25,25,1,22,9,121.5255382,25.10248867
111,4,14,11,0,2,08士林區,士林區中山北路6段與福國路口,0,0,1,2,B03,7,1,5,50,3,1,1,5,4,5,7,1,1,10,4,5,2,17,2,36,3,10,1,1,7,9,1,8,1,2,,44,25,1,22,9,121.5255382,25.10248867
111,4,14,11,25,2,11南港區,南港區市民大道8段與忠孝東路7段325巷口,0,0,1,1,B03,7,1,5,50,14,9,1,5,4,5,7,4,4,8,3,5,2,12,1,56,3,10,3,4,7,6,1,4,2,6,,9,9,1,22,9,121.6049761,25.05299041
111,4,14,11,25,2,11南港區,南港區市民大道8段與忠孝東路7段325巷口,0,0,1,2,C03,7,1,5,50,14,9,1,5,4,5,7,4,4,8,3,5,2,12,2,44,2,8,1,4,7,9,1,10,1,11,,23,9,1,22,9,121.6049761,25.05299041
111,4,14,11,34,2,04大安區,大安區羅斯福路3段61號,0,0,1,1,C03,6,1,5,50,14,9,1,4,4,5,7,4,4,1,4,5,2,17,1,26,3,10,1,1,7,9,1,10,9,15,,30,30,1,22,9,121.525758,25.02296585
111,4,14,11,34,2,04大安區,大安區羅斯福路3段61號,0,0,1,2,C03,6,1,5,50,14,9,1,4,4,5,7,4,4,1,4,5,2,17,2,22,2,9,1,1,7,12,1,10,9,14,,44,30,1,22,9,121.525758,25.02296585
111,4,14,11,42,2,12內湖區,內湖區新湖二路238號,0,0,1,1,B11,7,1,5,50,3,1,1,5,4,5,7,4,4,9,4,5,2,16,1,56,3,10,1,1,7,1,1,4,1,8,,19,19,1,22,9,121.5822173,25.064474
111,4,14,11,42,2,12內湖區,內湖區新湖二路238號,0,0,1,2,C03,7,1,5,50,3,1,1,5,4,5,7,4,4,9,4,5,2,16,1,37,2,9,1,1,7,9,1,10,1,11,,44,19,1,22,9,121.5822173,25.064474
111,4,14,12,0,2,08士林區,士林區至善路1段017號燈桿,0,0,2,1,C03,7,1,5,50,14,8,1,5,4,5,7,4,4,1,4,4,2,17,1,22,2,9,1,4,7,15,1,10,1,15,,6,6,1,22,9,121.5385605,25.0979003
111,4,14,12,0,2,08士林區,士林區至善路1段017號燈桿,0,0,2,2,F01,7,1,5,50,14,8,1,5,4,5,7,4,4,1,4,4,2,17,1,48,2,9,1,1,7,9,8,20,1,16,,44,6,1,22,9,121.5385605,25.0979003
111,4,14,12,10,2,05中正區,中正區公園路15-2號,0,0,2,1,C03,6,1,5,50,14,9,1,4,4,5,7,4,4,10,4,5,2,16,1,38,2,7,1,1,7,9,1,10,2,11,,23,23,1,22,9,121.5170951,25.04470174
111,4,14,12,10,2,05中正區,中正區公園路15-2號,0,0,2,2,A02,6,1,5,50,14,9,1,4,4,5,7,4,4,10,4,5,2,16,1,48,3,10,1,1,7,14,1,2,2,2,,38,23,1,22,9,121.5170951,25.04470174
111,4,14,12,10,2,05中正區,中正區公園路15-2號,0,0,2,3,H02,6,1,5,50,14,9,1,4,4,5,7,4,4,10,4,5,2,16,1,30,2,7,4,5,7,19,8,20,10,16,,56,23,1,22,9,121.5170951,25.04470174
111,4,14,12,18,2,05中正區,中正區博愛路與重慶南路1段136巷口口,0,0,1,1,C03,6,1,5,30,3,2,1,4,4,5,7,4,4,7,5,5,1,17,1,52,3,10,1,1,7,6,1,10,2,15,,6,6,1,22,9,121.5098534,25.03704927
111,4,14,12,18,2,05中正區,中正區博愛路與重慶南路1段136巷口口,0,0,1,2,C03,6,1,5,30,3,2,1,4,4,5,7,4,4,7,5,5,1,17,1,54,2,9,1,1,7,9,1,10,2,15,,44,6,1,22,9,121.5098534,25.03704927
111,4,14,12,18,2,05中正區,中正區博愛路與重慶南路1段136巷口口,0,0,1,3,B01,6,1,5,30,3,2,1,4,4,5,7,4,4,7,5,5,1,17,1,61,3,10,3,1,7,14,1,4,11,15,,38,6,2,22,9,121.5098534,25.03704927
111,4,14,12,18,2,05中正區,中正區博愛路與重慶南路1段136巷口口,0,0,1,4,B01,6,1,5,30,3,2,1,4,4,5,7,4,4,7,5,5,1,17,1,57,3,10,3,1,7,14,1,4,11,15,,38,6,2,22,9,121.5098534,25.03704927
111,4,14,12,35,2,04大安區,大安區基隆路4段43號,0,0,1,1,B12,7,1,5,50,14,9,1,5,4,5,7,4,4,1,4,4,2,12,1,47,4,11,3,4,7,15,7,19,11,15,,17,17,2,22,9,121.5404235,25.01372312
111,4,14,12,35,2,04大安區,大安區基隆路4段43號,0,0,1,2,C03,7,1,5,50,14,9,1,5,4,5,7,4,4,1,4,4,2,12,2,25,2,9,1,1,7,9,1,10,1,14,,44,17,1,22,9,121.5404235,25.01372312
111,4,14,13,15,2,03中山區,中山區松江路109號,0,0,2,1,C03,7,1,5,50,14,9,1,5,4,5,7,4,4,1,4,5,2,16,1,61,2,7,1,1,7,9,1,10,1,14,,27,27,1,22,9,121.5332662,25.0514395
111,4,14,13,15,2,03中山區,中山區松江路109號,0,0,2,2,C03,7,1,5,50,14,9,1,5,4,5,7,4,4,1,4,5,2,16,1,41,2,9,1,1,7,7,1,10,1,13,,7,27,1,22,9,121.5332662,25.0514395
111,4,14,13,15,2,03中山區,中山區松江路109號,0,0,2,3,B03,7,1,5,50,14,9,1,5,4,5,7,4,4,1,4,5,2,16,1,27,3,10,1,1,7,9,1,8,1,1,,23,27,1,22,9,121.5332662,25.0514395
111,4,14,13,30,2,09北投區,北投區北投路2段與大興街23巷口,0,0,1,1,C03,8,1,5,50,3,1,1,5,4,5,7,1,1,5,4,4,1,16,2,18,2,9,1,1,7,1,1,10,1,12,,25,25,1,22,9,121.4989966,25.13094416
111,4,14,13,30,2,09北投區,北投區北投路2段與大興街23巷口,0,0,1,2,B03,8,1,5,50,3,1,1,5,4,5,7,1,1,5,4,4,1,16,2,69,3,10,1,1,7,9,1,8,1,8,,44,25,1,22,9,121.4989966,25.13094416
111,4,14,13,45,2,03中山區,中山區中山北路1段與華陰街口口,0,0,2,1,C03,7,1,5,50,14,8,1,5,4,5,7,4,4,5,4,1,2,12,2,47,2,8,3,4,7,8,1,10,1,12,,7,7,1,22,9,121.5209874,25.04893819
111,4,14,13,45,2,03中山區,中山區中山北路1段與華陰街口口,0,0,2,2,C03,7,1,5,50,14,8,1,5,4,5,7,4,4,5,4,1,2,12,2,34,2,9,3,4,7,9,1,10,1,12,,44,7,1,22,9,121.5209874,25.04893819
111,4,14,14,10,2,08士林區,士林區至善路2段34號,0,0,2,1,C03,8,1,5,50,14,9,1,5,4,5,7,4,4,10,5,5,1,16,1,56,2,9,1,1,7,8,6,18,2,12,,7,7,1,22,9,121.5442347,25.09704577
111,4,14,14,10,2,08士林區,士林區至善路2段34號,0,0,2,2,C03,8,1,5,50,14,9,1,5,4,5,7,4,4,10,5,5,1,16,2,21,2,9,1,1,7,9,1,10,2,11,,44,7,1,22,9,121.5442347,25.09704577
111,4,14,14,20,2,02萬華區,萬華區萬大路與艋舺大道口,0,0,1,1,C03,7,1,5,50,4,1,1,5,4,5,7,1,1,5,4,5,2,12,1,66,2,9,1,1,7,8,1,10,2,12,,44,44,1,22,9,121.5004303,25.0326855
111,4,14,14,20,2,02萬華區,萬華區萬大路與艋舺大道口,0,0,1,2,B11,7,1,5,50,4,1,1,5,4,5,7,1,1,5,4,5,2,12,1,44,3,10,1,1,7,9,6,18,2,1,,23,44,1,22,9,121.5004303,25.0326855
111,4,14,14,20,2,04大安區,大安區龍泉街與泰順街60巷口,0,0,1,2,C03,7,1,5,30,4,1,1,4,4,5,7,4,4,10,5,5,1,15,1,59,2,9,1,1,7,9,1,10,1,11,,14,6,1,22,9,121.5292563,25.02246134
111,4,14,14,20,2,04大安區,大安區龍泉街與泰順街60巷口,0,0,1,1,B01,7,1,5,30,4,1,1,4,4,5,7,4,4,10,5,5,1,15,1,65,3,10,1,1,7,9,1,4,1,6,,6,6,1,22,9,121.5292563,25.02246134
111,4,14,14,32,2,05中正區,中正區重慶南路3段與和平西路1段口,0,0,1,1,C03,7,1,5,50,5,1,1,5,4,5,7,1,1,3,4,5,2,16,1,22,3,10,1,1,7,6,1,10,2,12,,9,9,1,22,9,121.516118,25.02717341
111,4,14,14,32,2,05中正區,中正區重慶南路3段與和平西路1段口,0,0,1,2,C03,7,1,5,50,5,1,1,5,4,5,7,1,1,3,4,5,2,16,2,37,2,9,1,1,7,9,1,10,2,11,,44,9,1,22,9,121.516118,25.02717341
111,4,14,14,58,2,01大同區,大同區民族西路234號,0,0,1,1,B01,7,1,5,50,14,9,1,5,4,5,7,4,4,5,4,5,2,13,1,70,2,3,3,4,7,9,1,4,1,1,,23,23,1,22,9,121.5127677,25.06865565
111,4,14,14,58,2,01大同區,大同區民族西路234號,0,0,1,2,A02,7,1,5,50,14,9,1,5,4,5,7,4,4,5,4,5,2,13,1,60,3,10,3,4,7,14,1,2,1,7,,38,23,1,22,9,121.5127677,25.06865565
111,4,14,14,58,2,06松山區,松山區市民大道6段與松山路口,0,0,2,1,C03,7,1,5,40,4,1,1,5,4,5,7,2,1,10,4,5,2,16,1,58,2,9,1,1,7,5,1,10,1,13,,8,8,1,22,9,121.5778303,25.04952849
111,4,14,14,58,2,06松山區,松山區市民大道6段與松山路口,0,0,2,2,C03,7,1,5,40,4,1,1,5,4,5,7,2,1,10,4,5,2,16,1,34,2,9,1,1,7,9,1,10,1,11,,44,8,1,22,9,121.5778303,25.04952849
111,4,14,15,20,2,05中正區,中正區仁愛路2段與金山南路1段口,0,0,1,1,C03,7,1,5,50,4,1,1,5,4,5,7,1,1,10,5,5,2,15,1,72,4,11,3,4,7,15,7,19,11,15,,44,44,2,22,9,121.5284668,25.03836156
111,4,14,15,20,2,05中正區,中正區仁愛路2段與金山南路1段口,0,0,1,2,C03,7,1,5,50,4,1,1,5,4,5,7,1,1,10,5,5,2,15,2,32,2,9,1,1,7,9,1,10,2,12,,25,44,1,22,9,121.5284668,25.03836156
111,4,14,15,32,2,07信義區,信義區基隆路車行地下道,0,0,1,1,B03,8,3,5,50,7,9,1,5,4,5,7,4,4,1,1,5,2,13,1,37,3,10,1,1,7,9,1,8,1,1,,43,43,1,22,9,121.5638044,25.04009579
111,4,14,15,32,2,07信義區,信義區基隆路車行地下道,0,0,1,2,B03,8,3,5,50,7,9,1,5,4,5,7,4,4,1,1,5,2,13,2,58,2,1,1,1,7,14,1,8,1,3,,43,43,1,22,9,121.5638044,25.04009579
111,4,14,16,45,2,01大同區,大同區長安西路與太原路口,0,0,1,1,B12,8,1,5,0,15,18,1,5,4,5,7,2,1,5,2,5,2,3,1,52,3,10,3,4,7,5,1,8,11,1,,15,15,1,22,9,121.5154411,25.05127628
111,4,14,16,45,2,01大同區,大同區長安西路與太原路口,0,0,1,2,H01,8,1,5,0,15,18,1,5,4,5,7,2,1,5,2,5,2,3,2,72,2,9,4,5,8,16,8,20,11,16,,67,15,1,22,9,121.5154411,25.05127628
111,4,14,17,7,2,05中正區,中正區博愛路與重慶南路1段136巷口,0,0,1,1,B01,8,1,5,50,3,2,1,5,4,5,7,2,1,10,4,5,2,14,1,58,3,10,1,1,7,2,1,4,2,7,,12,12,1,22,9,121.5109519,25.036422
111,4,14,17,7,2,05中正區,中正區博愛路與重慶南路1段136巷口,0,0,1,2,C03,8,1,5,50,3,2,1,5,4,5,7,2,1,10,4,5,2,14,2,34,2,8,1,1,7,6,1,10,2,12,,44,12,1,22,9,121.5109519,25.036422
111,4,14,17,36,2,04大安區,大安區建國南路2段與建國南路2段口迴轉道北往南35號對面,0,0,2,1,F02,8,1,5,50,3,2,1,5,4,5,7,3,1,1,4,5,2,15,2,44,2,9,1,4,7,9,8,20,1,16,,6,6,1,22,9,121.5375328,25.03220895
111,4,14,17,36,2,04大安區,大安區建國南路2段與建國南路2段口迴轉道北往南35號對面,0,0,2,2,C03,8,1,5,50,3,2,1,5,4,5,7,3,1,1,4,5,2,15,1,43,2,9,1,4,7,9,1,9,1,11,,13,6,1,22,9,121.5375328,25.03220895
111,4,14,17,50,2,08士林區,士林區中正路與文林路口,0,0,1,1,C03,8,1,5,50,4,1,1,5,4,5,7,2,1,5,2,5,2,12,1,66,3,10,1,1,7,9,1,10,1,14,,44,44,1,22,9,121.5246464,25.09500176
111,4,14,17,50,2,08士林區,士林區中正路與文林路口,0,0,1,2,C03,8,1,5,50,4,1,1,5,4,5,7,2,1,5,2,5,2,12,2,48,2,9,1,1,7,8,1,10,1,11,,7,44,1,22,9,121.5246464,25.09500176
111,4,14,17,55,2,12內湖區,內湖區東湖路140號,0,0,1,1,,7,1,5,50,14,9,1,5,4,5,7,4,4,9,4,5,2,17,4,,4,11,3,4,7,15,7,19,11,15,,43,43,2,22,9,121.6168648,25.06807333
111,4,14,17,55,2,12內湖區,內湖區東湖路140號,0,0,1,2,A02,7,1,5,50,14,9,1,5,4,5,7,4,4,9,4,5,2,17,1,53,3,10,1,1,7,14,1,2,2,15,,43,43,1,22,9,121.6168648,25.06807333
111,4,14,17,55,2,12內湖區,內湖區東湖路140號,0,0,1,3,H02,7,1,5,50,14,9,1,5,4,5,7,4,4,9,4,5,2,17,2,13,2,8,4,5,7,19,8,20,10,16,,67,43,1,22,9,121.6168648,25.06807333
111,4,14,18,11,2,03中山區,中山區民權東路2段135巷,0,0,1,1,C03,8,1,5,50,14,9,1,5,4,5,7,2,1,1,4,5,2,12,1,18,2,9,3,4,7,9,1,10,1,14,,17,17,1,22,9,121.5349375,25.06251892
111,4,14,18,11,2,03中山區,中山區民權東路2段135巷,0,0,1,2,B03,8,1,5,50,14,9,1,5,4,5,7,2,1,1,4,5,2,12,2,50,3,10,3,4,7,9,1,8,1,2,,17,17,1,22,9,121.5349375,25.06251892
111,4,14,18,13,2,08士林區,士林區堤外便道304燈桿,0,0,1,1,B03,7,2,5,50,3,1,1,5,4,5,7,4,4,4,3,5,1,11,1,26,3,10,1,1,7,9,1,8,1,5,,6,6,1,22,9,121.5027154,25.09397925