發生年度,發生月,發生日,發生時-Hours,發生分,處理別-編號,區序,肇事地點,死亡人數,2-30日死亡人數,受傷人數,當事人序號,車種,天候,光線,道路類別,速限-速度限制,道路型態,事故位置,路面狀況1,路面狀況2,路面狀況3,道路障礙1,道路障礙2,號誌1,號誌2,車道劃分-分向,車道劃分-分道1,車道劃分-分道2,車道劃分-分道3,事故類型及型態,性別,年齡,受傷程度,主要傷處,安全帽,行動電話,車輛用途,當事者行動狀態,駕駛資格情形,駕駛執照種類,飲酒情形,車輛撞擊部位1,車輛撞擊部位2,肇因碼-個別,肇因碼-主要,個人肇逃否,職業,旅次目的,座標-X,座標-Y
111,4,14,18,13,2,08士林區,士林區堤外便道304燈桿,0,0,1,2,C03,7,2,5,50,3,1,1,5,4,5,7,4,4,4,3,5,1,11,2,21,2,7,1,1,7,9,1,10,1,11,,6,6,1,22,9,121.5027154,25.09397925
111,4,14,18,17,2,07信義區,信義區基隆路2段與和平東路3段口,0,0,1,1,C03,8,3,5,50,14,9,1,5,4,5,7,2,1,1,4,5,2,17,1,18,2,9,1,1,7,9,1,10,1,14,,16,16,1,21,8,121.5526276,25.0243602
111,4,14,18,17,2,07信義區,信義區基隆路2段與和平東路3段口,0,0,1,2,A02,8,3,5,50,14,9,1,5,4,5,7,2,1,1,4,5,2,17,1,52,3,10,1,1,7,9,1,2,1,5,,44,16,1,21,8,121.5526276,25.0243602
111,4,14,18,45,2,11南港區,南港區南港路3段與南港路3段47巷口,0,0,1,1,B03,7,3,5,50,4,1,1,5,4,5,7,4,4,5,4,5,2,16,1,57,3,10,1,1,7,5,1,8,2,2,,6,6,1,22,9,121.5901377,25.05346746
111,4,14,18,45,2,11南港區,南港區南港路3段與南港路3段47巷口,0,0,1,2,C03,7,3,5,50,4,1,1,5,4,5,7,4,4,5,4,5,2,16,1,37,2,9,1,1,7,9,1,10,9,11,,14,6,1,22,9,121.5901377,25.05346746
111,4,14,18,47,2,05中正區,中正區館前路與襄陽路口,0,0,2,1,C03,7,3,5,50,3,2,1,5,4,5,7,2,1,5,2,5,2,12,1,18,2,9,1,1,7,6,1,10,1,12,,9,9,1,22,9,121.5149656,25.04336447
111,4,14,18,47,2,05中正區,中正區館前路與襄陽路口,0,0,2,2,C03,7,3,5,50,3,2,1,5,4,5,7,2,1,5,2,5,2,12,1,53,3,10,1,1,7,9,1,10,1,15,,44,9,1,22,9,121.5149656,25.04336447
111,4,14,18,47,2,05中正區,中正區館前路與襄陽路口,0,0,2,3,H02,7,3,5,50,3,2,1,5,4,5,7,2,1,5,2,5,2,12,1,18,2,8,4,5,7,20,8,20,10,16,,67,9,1,22,9,121.5149656,25.04336447
111,4,14,18,50,2,06松山區,松山區麥帥一橋機車道(東往西),0,0,1,1,C04,7,3,7,40,14,11,1,4,4,5,7,4,4,10,5,5,2,17,1,45,3,10,1,1,7,9,1,10,1,15,,35,35,1,22,9,121.5717065,25.05212484
111,4,14,18,50,2,06松山區,松山區麥帥一橋機車道(東往西),0,0,1,2,C03,7,3,7,40,14,11,1,4,4,5,7,4,4,10,5,5,2,17,1,38,2,9,1,1,7,9,1,10,1,11,,44,35,1,22,9,121.5717065,25.05212484
111,4,14,18,52,2,08士林區,士林區中正路603號,0,0,2,1,C03,8,3,5,50,15,9,1,5,4,5,7,4,4,9,4,5,1,16,2,22,2,9,1,1,7,9,1,10,2,12,,6,6,1,22,9,121.509785,25.0865709
111,4,14,18,52,2,08士林區,士林區中正路603號,0,0,2,2,C03,8,3,5,50,15,9,1,5,4,5,7,4,4,9,4,5,1,16,1,21,2,9,1,1,7,9,1,10,2,11,,44,6,1,22,9,121.509785,25.0865709
111,4,14,19,8,2,09北投區,北投區承德路7段381號,0,0,3,3,H02,8,3,5,50,14,9,1,5,4,5,7,1,1,9,4,5,2,13,2,65,2,9,4,1,7,21,8,20,10,16,,67,17,1,22,9,121.5018816,25.1187111
111,4,14,19,8,2,09北投區,北投區承德路7段381號,0,0,3,1,C03,8,3,5,50,14,9,1,5,4,5,7,1,1,9,4,5,2,13,1,20,2,9,2,1,7,9,1,10,1,11,,17,17,1,22,9,121.5018816,25.1187111
111,4,14,19,8,2,09北投區,北投區承德路7段381號,0,0,3,2,F02,8,3,5,50,14,9,1,5,4,5,7,1,1,9,4,5,2,13,1,72,2,9,1,3,7,10,8,20,1,15,,7,17,1,22,9,121.5018816,25.1187111
111,4,14,19,30,2,06松山區,松山區南京東路5段291巷56弄1號,0,0,1,2,C03,7,3,5,0,14,9,1,5,4,5,7,4,4,10,5,5,2,27,2,67,2,8,1,1,7,9,1,10,1,11,,44,66,1,22,9,121.566201,25.05397255
111,4,14,19,30,2,06松山區,松山區南京東路5段291巷56弄1號,0,0,1,1,,7,3,5,0,14,9,1,5,4,5,7,4,4,10,5,5,2,27,3,,,,,,,,,,,,,66,66,1,,,121.566201,25.05397255
111,4,14,19,30,2,06松山區,松山區南京東路5段291巷56弄1號,0,0,1,3,H03,7,3,5,0,14,9,1,5,4,5,7,4,4,10,5,5,2,27,1,47,3,10,3,5,8,21,8,20,10,16,,67,66,1,22,9,121.566201,25.05397255
111,4,14,19,40,2,10文山區,文山區辛亥路4段與辛亥路4段166巷口,0,0,2,1,C03,8,3,5,50,3,1,1,5,4,5,7,2,1,1,4,5,2,16,2,69,2,9,1,1,7,5,1,10,1,12,,6,6,1,22,9,121.556327,25.0036778
111,4,14,19,40,2,10文山區,文山區辛亥路4段與辛亥路4段166巷口,0,0,2,2,C03,8,3,5,50,3,1,1,5,4,5,7,2,1,1,4,5,2,16,1,61,2,9,1,1,7,9,1,10,1,11,,13,6,1,22,9,121.556327,25.0036778
111,4,14,19,45,2,01大同區,大同區台北橋機車道往三重方向,0,0,2,1,C03,7,3,5,40,14,9,1,5,4,5,7,4,4,9,4,5,1,17,1,46,2,9,3,4,7,9,1,10,1,12,,23,23,1,22,9,121.5066057,25.06387331
111,4,14,19,45,2,01大同區,大同區台北橋機車道往三重方向,0,0,2,2,F01,7,3,5,40,14,9,1,5,4,5,7,4,4,9,4,5,1,17,1,54,2,9,1,1,7,9,8,20,1,16,,44,23,1,22,9,121.5066057,25.06387331
111,4,14,20,0,2,03中山區,中山區北安路與大直街口,0,0,2,1,C03,7,3,5,50,4,1,1,5,4,5,7,1,1,1,3,5,1,12,2,29,2,9,1,4,7,9,1,10,1,14,,17,17,1,22,9,121.5473495,25.07991755
111,4,14,20,0,2,03中山區,中山區北安路與大直街口,0,0,2,2,B03,7,3,5,50,4,1,1,5,4,5,7,1,1,1,3,5,1,12,2,45,3,10,3,4,7,9,1,8,1,6,,17,17,1,22,9,121.5473495,25.07991755
111,4,14,20,0,2,03中山區,中山區北安路與大直街口,0,0,2,3,H02,7,3,5,50,4,1,1,5,4,5,7,1,1,1,3,5,1,12,2,31,2,9,4,5,7,17,8,20,10,16,,67,17,1,22,9,121.5473495,25.07991755
111,4,14,20,6,2,07信義區,信義區忠孝東路4段往東(信義1176燈桿前),0,0,4,1,B03,8,3,5,30,14,9,1,5,4,5,7,4,4,1,4,5,2,13,2,21,2,1,1,1,7,9,1,8,2,1,,23,23,1,22,9,121.5601511,25.04123252
111,4,14,20,6,2,07信義區,信義區忠孝東路4段往東(信義1176燈桿前),0,0,4,2,B03,8,3,5,30,14,9,1,5,4,5,7,4,4,1,4,5,2,13,1,45,3,10,1,1,7,8,1,8,2,3,,44,23,1,22,9,121.5601511,25.04123252
111,4,14,20,6,2,07信義區,信義區忠孝東路4段往東(信義1176燈桿前),0,0,4,3,H02,8,3,5,30,14,9,1,5,4,5,7,4,4,1,4,5,2,13,2,22,2,1,1,5,7,17,8,20,10,16,,67,23,1,22,9,121.5601511,25.04123252
111,4,14,20,6,2,07信義區,信義區忠孝東路4段往東(信義1176燈桿前),0,0,4,4,H02,8,3,5,30,14,9,1,5,4,5,7,4,4,1,4,5,2,13,1,21,2,1,2,5,7,17,8,20,10,16,,67,23,1,22,9,121.5601511,25.04123252
111,4,14,20,6,2,07信義區,信義區忠孝東路4段往東(信義1176燈桿前),0,0,4,5,H02,8,3,5,30,14,9,1,5,4,5,7,4,4,1,4,5,2,13,2,21,2,1,2,5,7,17,8,20,10,16,,67,23,1,22,9,121.5601511,25.04123252
111,4,14,20,8,2,07信義區,信義區市府路與松壽路口,0,0,1,1,C03,8,3,5,50,4,1,1,5,4,5,7,1,1,1,4,5,2,15,1,55,2,9,3,4,7,9,1,9,2,11,,25,25,1,22,9,121.5634733,25.0358969
111,4,14,20,8,2,07信義區,信義區市府路與松壽路口,0,0,1,2,B01,8,3,5,50,4,1,1,5,4,5,7,1,1,1,4,5,2,15,1,42,3,10,3,4,7,9,1,4,2,4,,13,25,1,22,9,121.5634733,25.0358969
111,4,14,20,26,2,10文山區,文山區羅斯福路6段401巷與景文街口,0,0,1,1,F01,6,3,5,40,3,2,1,4,4,5,7,4,4,5,5,4,2,10,2,75,2,9,1,1,7,9,8,20,2,16,,4,4,1,22,9,121.541312,24.99170611
111,4,14,20,26,2,10文山區,文山區羅斯福路6段401巷與景文街口,0,0,1,2,C04,6,3,5,40,3,2,1,4,4,5,7,4,4,5,5,4,2,10,2,36,3,10,1,1,7,9,1,9,2,11,,44,4,1,22,9,121.541312,24.99170611
111,4,14,21,20,2,10文山區,(木新路2段12號前),0,0,2,1,H01,6,3,5,50,14,9,1,4,4,5,7,4,4,5,2,5,2,3,1,62,2,7,4,5,8,16,8,20,10,16,,51,51,1,22,9,121.570639,24.98714626
111,4,14,21,20,2,10文山區,(木新路2段12號前),0,0,2,2,C03,6,3,5,50,14,9,1,4,4,5,7,4,4,5,2,5,2,3,1,22,2,9,1,4,7,9,1,10,2,12,,23,51,1,22,9,121.570639,24.98714626
111,4,14,21,24,2,04大安區,大安區市民大道4段與延吉街口口旁,0,0,2,1,C03,6,3,5,40,4,2,1,4,4,5,7,2,1,8,3,5,1,17,1,61,2,9,3,4,7,15,1,10,1,13,,16,16,1,22,9,121.5540257,25.0442965
111,4,14,21,24,2,04大安區,大安區市民大道4段與延吉街口口旁,0,0,2,2,C03,6,3,5,40,4,2,1,4,4,5,7,2,1,8,3,5,1,17,1,19,2,9,3,4,7,15,1,10,1,11,,13,16,1,22,9,121.5540257,25.0442965
111,4,14,22,26,2,12內湖區,內湖區成功路4段與成功路4段61巷口,0,0,1,1,B03,6,3,5,50,3,1,1,4,4,5,7,2,1,1,4,4,2,16,2,24,3,10,1,1,7,11,1,8,2,5,,10,10,1,22,9,121.5923101,25.08213476
111,4,14,22,26,2,12內湖區,內湖區成功路4段與成功路4段61巷口,0,0,1,2,C03,6,3,5,50,3,1,1,4,4,5,7,2,1,1,4,4,2,16,2,18,2,9,1,1,7,9,1,10,2,11,,44,10,1,22,9,121.5923101,25.08213476
111,4,14,22,30,2,04大安區,大安區忠孝東路4段77巷與忠孝東路4段口,0,0,1,1,B03,7,3,5,50,15,18,1,5,4,5,7,2,1,1,4,5,2,3,2,26,3,10,3,4,7,5,1,8,1,8,,15,15,1,22,9,121.5472695,25.0416317
111,4,14,22,30,2,04大安區,大安區忠孝東路4段77巷與忠孝東路4段口,0,0,1,2,H01,7,3,5,50,15,18,1,5,4,5,7,2,1,1,4,5,2,3,2,49,2,9,4,5,8,16,8,20,1,16,,67,15,1,22,9,121.5472695,25.0416317
111,4,14,22,30,2,12內湖區,內湖區瑞光路478巷與瑞光路478巷22弄口,0,0,2,1,F01,6,3,5,50,14,9,1,4,4,5,7,4,4,10,5,5,2,17,1,59,2,8,1,1,7,9,8,20,1,16,,4,4,1,22,9,121.5690451,25.07812981
111,4,14,22,30,2,12內湖區,內湖區瑞光路478巷與瑞光路478巷22弄口,0,0,2,2,C03,6,3,5,50,14,9,1,4,4,5,7,4,4,10,5,5,2,17,1,24,2,7,1,1,7,9,1,10,1,14,,44,4,1,22,9,121.5690451,25.07812981
111,4,15,5,19,2,02萬華區,萬華區康定路103號前,0,0,1,1,H01,8,3,8,0,15,22,1,5,4,5,7,4,4,10,5,5,2,17,4,,4,11,3,4,7,15,7,19,11,15,,43,43,2,22,9,121.5008435,25.04007861
111,4,15,5,19,2,02萬華區,萬華區康定路103號前,0,0,1,2,C03,8,3,8,0,15,22,1,5,4,5,7,4,4,10,5,5,2,17,1,38,2,9,3,4,7,9,1,10,1,14,,13,43,1,22,9,121.5008435,25.04007861
111,4,15,7,5,2,09北投區,北投區公館路358巷與公館路376巷6弄口,0,0,1,1,C03,6,1,5,30,4,1,1,4,4,5,7,4,4,10,5,5,2,15,2,65,2,8,1,1,7,9,1,10,1,11,,6,6,1,22,9,121.5038399,25.12407668
111,4,15,7,5,2,09北投區,北投區公館路358巷與公館路376巷6弄口,0,0,1,2,B03,6,1,5,30,4,1,1,4,4,5,7,4,4,10,5,5,2,15,1,45,3,10,1,1,7,9,1,8,1,7,,14,6,1,22,9,121.5038399,25.12407668
111,4,15,7,14,2,10文山區,文山區木柵路4段33巷與木柵路4段口,0,0,2,1,C03,6,1,5,50,3,1,1,4,4,5,7,1,1,5,4,5,2,16,1,53,2,9,1,1,7,5,1,10,1,12,,6,6,1,22,9,121.5715407,24.99404628
111,4,15,7,14,2,10文山區,文山區木柵路4段33巷與木柵路4段口,0,0,2,2,C03,6,1,5,50,3,1,1,4,4,5,7,1,1,5,4,5,2,16,2,49,2,9,1,1,7,9,1,10,1,11,,44,6,1,22,9,121.5715407,24.99404628
111,4,15,7,15,2,05中正區,中正區中山南路與徐州路口,0,0,3,1,C03,6,1,5,50,3,1,1,4,4,5,7,1,1,1,4,5,2,13,2,41,2,9,1,1,7,9,1,10,2,13,,44,44,1,22,9,121.5186416,25.04184275
111,4,15,7,15,2,05中正區,中正區中山南路與徐州路口,0,0,3,2,C03,6,1,5,50,3,1,1,4,4,5,7,1,1,1,4,5,2,13,1,49,2,9,1,1,7,9,6,10,2,11,,16,44,1,22,9,121.5186416,25.04184275
111,4,15,7,15,2,05中正區,中正區中山南路與徐州路口,0,0,3,3,H02,6,1,5,50,3,1,1,4,4,5,7,1,1,1,4,5,2,13,2,42,2,9,1,5,7,17,8,20,10,16,,67,44,1,22,9,121.5186416,25.04184275
111,4,15,7,20,2,03中山區,中山區民族東路336號與民族東路口,0,0,1,1,B03,8,1,5,50,3,1,1,5,4,5,7,2,1,7,4,5,2,11,1,69,3,10,1,1,7,5,1,8,1,2,,8,8,1,22,9,121.536484,25.06810182
111,4,15,7,20,2,03中山區,中山區民族東路336號與民族東路口,0,0,1,2,C03,8,1,5,50,3,1,1,5,4,5,7,2,1,7,4,5,2,11,1,25,2,9,1,1,7,9,1,10,1,11,,44,8,1,22,9,121.536484,25.06810182
111,4,15,7,50,2,11南港區,南港區向陽路21號南港高中,0,0,2,1,C03,7,1,5,50,14,9,1,5,4,5,7,2,1,1,4,5,2,17,2,48,2,8,3,4,7,9,1,10,2,11,,25,25,1,22,9,121.5951394,25.05267028
111,4,15,7,50,2,11南港區,南港區向陽路21號南港高中,0,0,2,2,C03,7,1,5,50,14,9,1,5,4,5,7,2,1,1,4,5,2,17,2,40,2,8,3,4,7,5,1,10,2,14,,44,25,1,22,9,121.5951394,25.05267028
111,4,15,8,5,2,09北投區,北投區石牌路2段304-320號與天母西路130巷口,0,0,1,1,B03,6,1,5,50,3,1,1,4,4,5,7,4,4,9,4,5,2,16,1,31,3,10,3,4,7,9,1,8,1,4,,6,6,1,22,9,121.5227374,25.11964
111,4,15,8,5,2,09北投區,北投區石牌路2段304-320號與天母西路130巷口,0,0,1,2,C03,6,1,5,50,3,1,1,4,4,5,7,4,4,9,4,5,2,16,2,31,2,9,3,4,7,9,1,10,1,14,,44,6,1,22,9,121.5227374,25.11964
111,4,15,8,22,2,03中山區,中山區濱江街與復興北路口地下道,0,0,1,1,B02,6,1,5,40,4,2,1,4,4,5,7,1,1,1,4,5,2,12,1,26,4,11,3,4,7,15,7,19,11,15,,17,17,2,22,9,121.5443622,25.07216153
111,4,15,8,22,2,03中山區,中山區濱江街與復興北路口地下道,0,0,1,2,C03,6,1,5,40,4,2,1,4,4,5,7,1,1,1,4,5,2,12,2,21,2,9,1,1,7,6,1,10,1,14,,44,17,1,22,9,121.5443622,25.07216153
111,4,15,8,22,2,03中山區,中山區中山橋與北安路口下橋處機車道,0,0,1,1,C03,7,1,5,50,14,11,1,5,4,5,7,2,1,3,4,5,1,13,1,28,2,9,1,1,7,9,1,10,2,11,,23,23,1,22,9,121.5270244,25.0757675
111,4,15,8,22,2,03中山區,中山區中山橋與北安路口下橋處機車道,0,0,1,2,C03,7,1,5,50,14,11,1,5,4,5,7,2,1,3,4,5,1,13,2,58,3,10,1,1,7,14,1,10,2,13,,44,23,1,22,9,121.5270244,25.0757675
111,4,15,8,28,2,01大同區,大同區民權西路104號前,0,0,1,1,C03,8,1,5,50,14,9,1,5,4,5,7,4,4,1,4,5,2,13,2,45,4,11,3,4,7,15,7,19,11,15,,27,27,2,22,9,121.5174948,25.06282583
111,4,15,8,28,2,01大同區,大同區民權西路104號前,0,0,1,2,C03,8,1,5,50,14,9,1,5,4,5,7,4,4,1,4,5,2,13,2,20,2,1,1,1,7,10,1,10,1,11,,16,27,1,22,9,121.5174948,25.06282583
111,4,15,8,28,2,01大同區,大同區民權西路104號前,0,0,1,3,B12,8,1,5,50,14,9,1,5,4,5,7,4,4,1,4,5,2,13,2,36,3,10,1,1,7,9,1,8,1,6,,44,27,1,22,9,121.5174948,25.06282583
111,4,15,8,35,2,03中山區,中山區錦西街與錦西街5巷口,0,0,1,1,B03,7,1,5,50,4,2,1,5,4,5,7,4,4,5,5,5,2,11,1,72,3,10,1,1,7,9,1,8,9,4,,26,26,1,22,9,121.5218606,25.06031809
111,4,15,8,35,2,03中山區,中山區錦西街與錦西街5巷口,0,0,1,2,C03,7,1,5,50,4,2,1,5,4,5,7,4,4,5,5,5,2,11,2,28,2,9,1,1,7,9,1,10,9,14,,44,26,1,22,9,121.5218606,25.06031809
111,4,15,8,46,2,04大安區,大安區市民大道4段與敦化南路1段口,0,0,1,1,C03,6,1,5,50,14,9,1,4,4,5,7,1,1,9,4,5,1,12,2,49,3,10,1,1,7,7,1,10,1,11,,7,7,1,22,9,121.5491434,25.0447401
111,4,15,8,46,2,04大安區,大安區市民大道4段與敦化南路1段口,0,0,1,2,C03,6,1,5,50,14,9,1,4,4,5,7,1,1,9,4,5,1,12,1,28,2,3,1,1,7,9,1,10,1,11,,44,7,1,22,9,121.5491434,25.0447401
111,4,15,8,46,2,04大安區,大安區市民大道4段與敦化南路1段口,0,0,1,3,B03,6,1,5,50,14,9,1,4,4,5,7,1,1,9,4,5,1,12,1,40,3,10,1,1,7,14,1,8,1,6,,44,7,1,22,9,121.5491434,25.0447401
111,4,15,9,0,2,03中山區,中山區龍江路376號,0,0,1,1,F01,8,1,5,50,14,9,1,5,4,5,7,4,4,9,4,5,2,12,2,70,2,9,1,1,7,9,8,20,1,16,,43,43,1,19,5,121.5409711,25.06659834
111,4,15,9,0,2,03中山區,中山區龍江路376號,0,0,1,2,B03,8,1,5,50,14,9,1,5,4,5,7,4,4,9,4,5,2,12,1,40,3,10,1,1,7,9,1,8,1,2,,44,43,1,5,1,121.5409711,25.06659834
111,4,15,9,0,2,03中山區,中山區龍江路376號,0,0,1,3,,8,1,5,50,14,9,1,5,4,5,7,4,4,9,4,5,2,12,4,,4,11,3,4,7,15,7,19,11,15,,43,43,2,22,9,121.5409711,25.06659834
111,4,15,9,1,2,04大安區,大安區基隆路3段與長興街口,0,0,1,3,G06,6,1,5,50,4,2,1,4,4,5,7,2,1,1,4,4,1,18,4,,4,11,3,4,7,21,7,19,11,15,,44,22,1,22,9,121.5440954,25.01718862
111,4,15,9,1,2,04大安區,大安區基隆路3段與長興街口,0,0,1,2,,6,1,5,50,4,2,1,4,4,5,7,2,1,1,4,4,1,18,3,,,,,,,,,,,,,67,22,1,,,121.5440954,25.01718862
111,4,15,9,1,2,04大安區,大安區基隆路3段與長興街口,0,0,1,1,C03,6,1,5,50,4,2,1,4,4,5,7,2,1,1,4,4,1,18,1,48,2,9,3,4,7,9,1,10,1,12,,22,22,1,22,9,121.5440954,25.01718862
111,4,15,9,20,2,09北投區,北投區中央南路2段72號,0,0,2,1,C03,7,1,5,40,14,9,1,5,4,5,7,4,4,8,3,5,2,17,1,48,2,9,1,1,7,1,1,10,1,12,,19,19,1,22,9,121.5001271,25.12276849
111,4,15,9,20,2,09北投區,北投區中央南路2段72號,0,0,2,2,C03,7,1,5,40,14,9,1,5,4,5,7,4,4,8,3,5,2,17,1,21,2,9,1,1,7,9,1,10,1,11,,13,19,1,22,9,121.5001271,25.12276849
111,4,15,9,20,2,09北投區,北投區中央南路2段72號,0,0,2,3,B03,7,1,5,40,14,9,1,5,4,5,7,4,4,8,3,5,2,17,1,67,3,10,3,4,7,13,1,8,9,4,,44,19,1,22,9,121.5001271,25.12276849
111,4,15,9,35,2,12內湖區,內湖區舊宗路1段135號旁(洗車場出口),0,0,1,1,B03,6,1,5,50,14,9,1,4,4,5,7,4,4,5,5,5,2,16,1,40,3,10,1,1,7,1,1,8,1,1,,19,19,1,22,9,121.5794111,25.06038865
111,4,15,9,35,2,12內湖區,內湖區舊宗路1段135號旁(洗車場出口),0,0,1,2,C04,6,1,5,50,14,9,1,4,4,5,7,4,4,5,5,5,2,16,1,29,2,9,1,1,7,9,1,10,1,12,,23,19,1,22,9,121.5794111,25.06038865
111,4,15,9,37,2,09北投區,北投區西安街2段與致遠一路1段46巷口,0,0,1,1,C03,6,1,5,30,4,1,1,4,4,5,7,1,1,10,5,5,2,17,1,67,2,7,1,1,7,9,1,10,1,12,,44,44,1,22,9,121.5181433,25.1104726
111,4,15,9,37,2,09北投區,北投區西安街2段與致遠一路1段46巷口,0,0,1,2,B02,6,1,5,30,4,1,1,4,4,5,7,1,1,10,5,5,2,17,1,56,3,10,1,1,7,15,1,4,1,15,,42,44,1,22,9,121.5181433,25.1104726
111,4,15,9,57,2,07信義區,信義區忠孝東路5段236巷3弄與忠孝東路5段236巷口,0,0,2,1,C03,8,1,5,30,4,1,1,5,4,5,7,4,4,5,4,5,2,15,1,31,2,8,1,1,7,9,1,9,1,12,,6,6,1,22,9,121.5719109,25.0404176
111,4,15,9,57,2,07信義區,信義區忠孝東路5段236巷3弄與忠孝東路5段236巷口,0,0,2,2,B03,8,1,5,30,4,1,1,5,4,5,7,4,4,5,4,5,2,15,1,60,3,10,1,1,7,9,1,8,1,8,,44,6,1,22,9,121.5719109,25.0404176
111,4,15,9,57,2,07信義區,信義區忠孝東路5段236巷3弄與忠孝東路5段236巷口,0,0,2,3,H02,8,1,5,30,4,1,1,5,4,5,7,4,4,5,4,5,2,15,2,31,2,7,1,5,7,17,8,20,10,16,,67,6,1,22,9,121.5719109,25.0404176
111,4,15,10,8,2,02萬華區,萬華區忠孝西路2段與西寧南路口,0,0,1,1,C03,8,1,5,50,4,1,1,5,4,5,7,1,1,8,3,5,1,17,1,41,2,5,1,1,7,6,1,10,1,12,,25,25,1,22,9,121.5075505,25.0484909
111,4,15,10,8,2,02萬華區,萬華區忠孝西路2段與西寧南路口,0,0,1,2,B03,8,1,5,50,4,1,1,5,4,5,7,1,1,8,3,5,1,17,2,37,3,10,1,1,7,9,1,8,1,4,,13,25,1,22,9,121.5075505,25.0484909
111,4,15,10,9,2,01大同區,大同區承德橋(往南下橋),0,0,1,2,C03,8,1,5,50,8,11,1,3,4,2,7,4,4,5,4,4,2,13,1,65,2,8,1,1,7,9,1,10,2,11,,44,34,1,22,9,121.5200201,25.07531971
111,4,15,10,9,2,01大同區,大同區承德橋(往南下橋),0,0,1,3,B02,8,1,5,50,8,11,1,3,4,2,7,4,4,5,4,4,2,13,1,58,3,10,1,1,7,14,1,8,2,6,,44,34,1,22,9,121.5200201,25.07531971
111,4,15,10,9,2,01大同區,大同區承德橋(往南下橋),0,0,1,1,A41,8,1,5,50,8,11,1,3,4,2,7,4,4,5,4,4,2,13,1,39,4,11,3,4,7,15,7,19,11,15,,34,34,2,22,9,121.5200201,25.07531971
111,4,15,10,24,2,02萬華區,萬華區寶興街與西藏路口,0,0,1,1,F02,8,1,5,50,5,2,1,5,4,5,7,1,1,10,5,5,1,12,2,67,2,9,1,4,7,9,8,20,1,16,,26,26,1,22,9,121.4922118,25.02843244
111,4,15,10,24,2,02萬華區,萬華區寶興街與西藏路口,0,0,1,2,B12,8,1,5,50,5,2,1,5,4,5,7,1,1,10,5,5,1,12,1,43,3,10,1,4,7,9,1,8,1,6,,23,26,1,22,9,121.4922118,25.02843244
111,4,15,10,32,2,04大安區,大安區忠孝東路3段10巷18號,0,0,1,1,C03,7,1,5,30,14,9,1,5,4,5,7,4,4,10,4,5,2,17,1,24,3,10,1,1,7,5,1,10,1,13,,8,8,1,22,9,121.5334573,25.04100446
111,4,15,10,32,2,04大安區,大安區忠孝東路3段10巷18號,0,0,1,2,C03,7,1,5,30,14,9,1,5,4,5,7,4,4,10,4,5,2,17,2,27,2,9,1,1,7,9,1,10,1,11,,44,8,1,22,9,121.5334573,25.04100446
111,4,15,10,57,2,10文山區,文山區辛亥路4段與辛亥路4段101巷口,0,0,2,1,C03,6,1,5,50,3,1,1,4,4,5,7,1,1,5,4,5,2,12,2,42,3,10,3,4,7,7,4,11,9,15,,7,7,2,22,9,121.5585895,25.0068036
111,4,15,10,57,2,10文山區,文山區辛亥路4段與辛亥路4段101巷口,0,0,2,2,C03,6,1,5,50,3,1,1,4,4,5,7,1,1,5,4,5,2,12,1,18,2,8,1,1,7,9,1,10,1,14,,17,7,1,22,9,121.5585895,25.0068036
111,4,15,10,57,2,10文山區,文山區辛亥路4段與辛亥路4段101巷口,0,0,2,3,B12,6,1,5,50,3,1,1,4,4,5,7,1,1,5,4,5,2,12,1,69,3,10,1,1,7,9,1,8,1,2,,44,7,1,22,9,121.5585895,25.0068036
111,4,15,10,57,2,10文山區,文山區辛亥路4段與辛亥路4段101巷口,0,0,2,4,H02,6,1,5,50,3,1,1,4,4,5,7,1,1,5,4,5,2,12,2,52,2,8,1,5,7,20,8,20,10,16,,67,7,1,22,9,121.5585895,25.0068036
111,4,15,11,14,2,03中山區,中山區長春路27號,0,0,1,1,C03,8,1,5,50,14,7,1,5,4,5,7,4,4,9,4,4,2,17,1,44,3,10,1,1,7,5,1,10,1,13,,44,44,1,22,9,121.5249953,25.05491718
111,4,15,11,14,2,03中山區,中山區長春路27號,0,0,1,2,C03,8,1,5,50,14,7,1,5,4,5,7,4,4,9,4,4,2,17,1,45,2,9,1,1,7,9,1,10,1,11,,42,44,1,22,9,121.5249953,25.05491718
111,4,15,11,20,2,09北投區,北投區裕民二路與裕民二路33巷口,0,0,2,1,C03,7,1,5,50,3,1,1,4,4,5,7,4,4,9,4,5,2,16,2,62,2,9,3,4,7,5,1,10,1,14,,44,44,1,22,9,121.4867101,25.12810612
111,4,15,11,20,2,09北投區,北投區裕民二路與裕民二路33巷口,0,0,2,2,C03,7,1,5,50,3,1,1,4,4,5,7,4,4,9,4,5,2,16,1,37,2,9,3,4,7,9,1,10,1,11,,44,44,1,22,9,121.4867101,25.12810612
111,4,15,11,32,2,08士林區,士林區文林路615巷6弄與文林路615巷口,0,0,1,1,B03,7,1,5,30,3,2,1,5,4,5,7,4,4,10,5,5,1,17,2,52,3,10,1,1,7,5,1,8,1,15,,6,6,1,22,9,121.5225473,25.09932999
111,4,15,11,32,2,08士林區,士林區文林路615巷6弄與文林路615巷口,0,0,1,2,C03,7,1,5,30,3,2,1,5,4,5,7,4,4,10,5,5,1,17,1,69,2,9,1,1,7,9,1,10,1,12,,13,6,1,22,9,121.5225473,25.09932999