發生年度,發生月,發生日,發生時-Hours,發生分,處理別-編號,區序,肇事地點,死亡人數,2-30日死亡人數,受傷人數,當事人序號,車種,天候,光線,道路類別,速限-速度限制,道路型態,事故位置,路面狀況1,路面狀況2,路面狀況3,道路障礙1,道路障礙2,號誌1,號誌2,車道劃分-分向,車道劃分-分道1,車道劃分-分道2,車道劃分-分道3,事故類型及型態,性別,年齡,受傷程度,主要傷處,安全帽,行動電話,車輛用途,當事者行動狀態,駕駛資格情形,駕駛執照種類,飲酒情形,車輛撞擊部位1,車輛撞擊部位2,肇因碼-個別,肇因碼-主要,個人肇逃否,職業,旅次目的,座標-X,座標-Y
111,4,15,11,42,2,08士林區,士林區士商路110號,0,0,2,1,C03,8,1,5,50,14,9,1,5,4,5,7,4,4,9,4,5,1,16,1,27,2,9,1,1,7,11,1,10,2,14,,11,11,1,22,9,121.5188995,25.0919562
111,4,15,11,42,2,08士林區,士林區士商路110號,0,0,2,2,C03,8,1,5,50,14,9,1,5,4,5,7,4,4,9,4,5,1,16,1,24,2,9,1,1,7,4,1,10,2,11,,1,11,1,22,9,121.5188995,25.0919562
111,4,15,11,50,2,03中山區,中山區明水路636號,0,0,4,1,B01,6,1,5,50,14,7,1,4,4,3,7,4,4,1,4,4,2,13,1,60,2,3,3,4,7,9,1,4,2,1,,23,23,1,22,9,121.5511937,25.08282479
111,4,15,11,50,2,03中山區,中山區明水路636號,0,0,4,2,B03,6,1,5,50,14,7,1,4,4,3,7,4,4,1,4,4,2,13,1,62,3,10,3,4,7,14,1,8,2,7,,38,23,1,22,9,121.5511937,25.08282479
111,4,15,11,50,2,03中山區,中山區明水路636號,0,0,4,3,B03,6,1,5,50,14,7,1,4,4,3,7,4,4,1,4,4,2,13,1,40,2,3,3,4,7,13,1,8,2,4,,44,23,1,22,9,121.5511937,25.08282479
111,4,15,11,50,2,03中山區,中山區明水路636號,0,0,4,4,H02,6,1,5,50,14,7,1,4,4,3,7,4,4,1,4,4,2,13,1,40,2,3,4,5,7,17,8,20,10,16,,67,23,1,22,9,121.5511937,25.08282479
111,4,15,11,50,2,03中山區,中山區明水路636號,0,0,4,5,H02,6,1,5,50,14,7,1,4,4,3,7,4,4,1,4,4,2,13,2,43,2,3,4,5,7,17,8,20,10,16,,67,23,1,22,9,121.5511937,25.08282479
111,4,15,11,50,2,05中正區,中正區汀州路3段與思源街口,0,0,1,1,B03,7,1,5,50,4,1,1,5,4,5,7,1,1,3,4,5,2,13,1,35,3,10,1,1,7,9,1,8,2,5,,16,16,1,22,9,121.532432,25.01485582
111,4,15,11,50,2,05中正區,中正區汀州路3段與思源街口,0,0,1,2,C03,7,1,5,50,4,1,1,5,4,5,7,1,1,3,4,5,2,13,1,64,2,9,2,1,7,9,1,10,2,13,,44,16,1,22,9,121.532432,25.01485582
111,4,15,11,56,2,05中正區,中正區羅斯福路4段與羅斯福路4段90巷口口,0,0,1,1,B03,6,1,5,50,3,1,1,4,4,5,7,1,1,1,4,5,1,17,2,60,3,10,1,1,7,7,1,8,2,4,,7,7,1,22,9,121.5350677,25.01401378
111,4,15,11,56,2,05中正區,中正區羅斯福路4段與羅斯福路4段90巷口口,0,0,1,2,C03,6,1,5,50,3,1,1,4,4,5,7,1,1,1,4,5,1,17,2,21,2,9,1,1,7,9,1,10,2,12,,44,7,1,22,9,121.5350677,25.01401378
111,4,15,11,56,2,05中正區,中正區羅斯福路4段與羅斯福路4段90巷口口,0,0,1,3,B01,6,1,5,50,3,1,1,4,4,5,7,1,1,1,4,5,1,17,1,62,3,10,1,1,7,14,1,3,9,9,,42,7,1,22,9,121.5350677,25.01401378
111,4,15,12,8,2,01大同區,大同區延平北路4段106號,0,0,1,1,B01,7,1,5,40,14,7,1,5,4,5,7,4,4,5,4,4,2,3,1,66,3,10,3,4,7,1,1,4,1,8,,23,23,1,22,9,121.5109077,25.07181919
111,4,15,12,8,2,01大同區,大同區延平北路4段106號,0,0,1,2,H01,7,1,5,40,14,7,1,5,4,5,7,4,4,5,4,4,2,3,2,86,2,9,4,5,8,16,8,20,10,16,,51,23,1,22,9,121.5109077,25.07181919
111,4,15,12,10,2,07信義區,信義區松高路19號,0,0,1,1,C03,8,1,5,50,14,9,1,5,4,5,7,2,1,8,3,5,2,17,1,30,2,7,1,1,7,5,1,10,1,11,,8,8,1,22,9,121.5673139,25.0381554
111,4,15,12,10,2,07信義區,信義區松高路19號,0,0,1,2,B03,8,1,5,50,14,9,1,5,4,5,7,2,1,8,3,5,2,17,1,61,3,10,1,1,7,9,1,8,1,7,,44,8,1,22,9,121.5673139,25.0381554
111,4,15,12,11,2,04大安區,大安區敦化南路1段190巷與忠孝東路4段77巷口,0,0,1,1,C03,7,1,5,0,3,2,1,5,4,5,7,4,4,10,4,5,2,13,1,27,2,7,1,1,7,9,1,10,1,11,,23,23,1,22,9,121.5472156,25.04267793
111,4,15,12,11,2,04大安區,大安區敦化南路1段190巷與忠孝東路4段77巷口,0,0,1,2,B03,7,1,5,0,3,2,1,5,4,5,7,4,4,10,4,5,2,13,1,36,3,10,1,1,7,14,1,8,1,3,,44,23,1,22,9,121.5472156,25.04267793
111,4,15,12,24,2,10文山區,文山區木柵路4段口萬壽橋頭,0,0,1,1,A12,6,1,5,0,5,1,1,4,4,5,7,2,1,4,4,4,2,16,1,49,3,10,1,1,7,5,1,3,2,8,,6,6,1,22,9,121.5711051,24.99161655
111,4,15,12,24,2,10文山區,文山區木柵路4段口萬壽橋頭,0,0,1,2,C03,6,1,5,0,5,1,1,4,4,5,7,2,1,4,4,4,2,16,2,45,2,9,1,1,7,9,1,10,2,14,,44,6,1,22,9,121.5711051,24.99161655
111,4,15,12,30,2,01大同區,大同區民權西路與延平北路3段口,0,0,1,1,C03,8,1,5,50,4,1,1,5,4,5,7,2,1,1,4,5,2,15,2,19,2,8,3,4,7,9,1,10,2,11,,6,6,1,22,9,121.5111594,25.06311
111,4,15,12,30,2,01大同區,大同區民權西路與延平北路3段口,0,0,1,2,E01,8,1,5,50,4,1,1,5,4,5,7,2,1,1,4,5,2,15,1,34,3,10,3,4,7,9,1,8,2,1,,44,6,1,22,9,121.5111594,25.06311
111,4,15,12,45,2,09北投區,北投區尊賢街與尊賢街206巷口,0,0,1,1,B12,8,1,5,30,3,2,1,5,4,5,7,4,4,10,5,5,1,12,1,50,3,10,1,1,7,9,1,8,2,5,,23,23,1,22,9,121.5080996,25.11518736
111,4,15,12,45,2,09北投區,北投區尊賢街與尊賢街206巷口,0,0,1,2,F01,8,1,5,30,3,2,1,5,4,5,7,4,4,10,5,5,1,12,2,71,2,9,1,1,7,9,8,20,2,16,,44,23,1,22,9,121.5080996,25.11518736
111,4,15,13,4,2,03中山區,中山區市民大道3段與八德路2段口,0,0,1,1,B03,8,1,5,50,4,1,1,5,4,5,7,1,1,5,4,5,2,16,1,48,3,10,1,1,7,6,1,8,1,2,,9,9,1,22,9,121.5348665,25.04520693
111,4,15,13,4,2,03中山區,中山區市民大道3段與八德路2段口,0,0,1,2,C03,8,1,5,50,4,1,1,5,4,5,7,1,1,5,4,5,2,16,1,28,2,9,1,1,7,9,1,10,1,14,,44,9,1,22,9,121.5348665,25.04520693
111,4,15,13,15,2,04大安區,大安區信義路3段與復興南路1段口,0,0,2,1,C03,7,1,5,50,4,1,1,5,4,5,7,1,1,1,4,5,2,16,1,25,3,10,1,1,7,8,1,10,1,13,,7,7,1,22,9,121.5436876,25.0332999
111,4,15,13,15,2,04大安區,大安區信義路3段與復興南路1段口,0,0,2,2,C03,7,1,5,50,4,1,1,5,4,5,7,1,1,1,4,5,2,16,1,22,2,9,1,1,7,9,1,10,1,11,,13,7,1,22,9,121.5436876,25.0332999
111,4,15,13,15,2,04大安區,大安區信義路3段與復興南路1段口,0,0,2,3,H02,7,1,5,50,4,1,1,5,4,5,7,1,1,1,4,5,2,16,2,35,2,9,4,5,7,21,8,20,10,15,,67,7,1,22,9,121.5436876,25.0332999
111,4,15,13,15,2,10文山區,文山區木柵路1段57-8號,0,0,2,3,H02,7,1,5,50,14,9,1,5,4,5,7,4,4,6,1,5,2,12,2,4,2,9,1,5,7,21,8,20,10,16,,67,23,1,22,9,121.545834,24.98680614
111,4,15,13,15,2,10文山區,文山區木柵路1段57-8號,0,0,2,1,B12,7,1,5,50,14,9,1,5,4,5,7,4,4,6,1,5,2,12,1,55,3,10,1,1,7,4,1,4,2,2,,23,23,1,22,9,121.545834,24.98680614
111,4,15,13,15,2,10文山區,文山區木柵路1段57-8號,0,0,2,2,C03,7,1,5,50,14,9,1,5,4,5,7,4,4,6,1,5,2,12,2,36,2,9,1,1,7,9,1,10,2,14,,44,23,1,22,9,121.545834,24.98680614
111,4,15,13,20,2,09北投區,北投區文林北路與自強街口,0,0,1,1,C03,7,1,5,50,3,1,1,5,4,5,7,2,1,1,4,4,2,16,1,50,2,9,1,1,7,5,1,10,1,14,,43,43,1,22,9,121.5121973,25.10992862
111,4,15,13,20,2,09北投區,北投區文林北路與自強街口,0,0,1,2,B03,7,1,5,50,3,1,1,5,4,5,7,2,1,1,4,4,2,16,2,44,3,10,1,1,7,9,1,8,1,1,,43,43,1,22,9,121.5121973,25.10992862
111,4,15,13,21,2,10文山區,文山區興隆路3段與辛亥路5段口,0,0,1,1,C03,7,1,5,50,4,1,1,5,4,5,7,2,1,1,4,5,2,13,2,47,2,9,1,1,7,9,1,10,1,11,,16,16,1,22,9,121.5545905,25.00076511
111,4,15,13,21,2,10文山區,文山區興隆路3段與辛亥路5段口,0,0,1,2,B11,7,1,5,50,4,1,1,5,4,5,7,2,1,1,4,5,2,13,1,51,3,10,1,1,7,6,1,2,11,7,,44,16,1,22,9,121.5545905,25.00076511
111,4,15,13,33,2,05中正區,中正區和平西路2段100號前,0,0,2,1,C03,8,1,5,50,14,9,1,5,4,5,7,4,4,1,4,5,1,17,1,37,2,8,1,1,7,9,1,10,1,11,,23,23,1,22,9,121.5100334,25.03012473
111,4,15,13,33,2,05中正區,中正區和平西路2段100號前,0,0,2,2,C03,8,1,5,50,14,9,1,5,4,5,7,4,4,1,4,5,1,17,2,54,2,8,1,1,7,9,4,11,1,13,,44,23,1,22,9,121.5100334,25.03012473
111,4,15,13,33,2,05中正區,中正區和平西路2段100號前,0,0,2,3,B03,8,1,5,50,14,9,1,5,4,5,7,4,4,1,4,5,1,17,1,57,3,10,1,1,7,9,1,8,1,6,,44,23,1,22,9,121.5100334,25.03012473
111,4,15,14,24,2,12內湖區,內湖區民權東路6段與民權東路6段46巷口,0,0,1,1,B03,6,1,5,50,4,2,1,4,4,5,7,1,1,1,4,5,2,17,2,65,3,10,1,1,7,8,1,8,1,15,,7,7,1,22,9,121.5815518,25.06787011
111,4,15,14,24,2,12內湖區,內湖區民權東路6段與民權東路6段46巷口,0,0,1,2,C03,6,1,5,50,4,2,1,4,4,5,7,1,1,1,4,5,2,17,1,28,2,9,1,1,7,9,1,10,1,14,,13,7,1,22,9,121.5815518,25.06787011
111,4,15,14,30,2,05中正區,中正區重慶南路2段與寧波西街口,0,0,2,1,C03,7,1,5,50,4,1,1,5,4,5,7,2,1,8,4,5,1,16,1,23,2,9,1,1,7,5,1,9,1,14,,6,6,1,22,9,121.5153289,25.0298179
111,4,15,14,30,2,05中正區,中正區重慶南路2段與寧波西街口,0,0,2,2,C03,7,1,5,50,4,1,1,5,4,5,7,2,1,8,4,5,1,16,2,26,2,9,1,1,7,9,1,10,1,11,,44,6,1,22,9,121.5153289,25.0298179
111,4,15,14,35,2,04大安區,大安區新生南路1段161巷與建國南路1段口,0,0,1,1,B03,7,1,5,50,4,1,1,5,4,5,7,2,1,10,5,5,2,17,1,39,3,10,3,4,7,6,1,7,1,15,,14,14,1,22,9,121.5375087,25.03452857
111,4,15,14,35,2,04大安區,大安區新生南路1段161巷與建國南路1段口,0,0,1,2,F01,7,1,5,50,4,1,1,5,4,5,7,2,1,10,5,5,2,17,2,50,2,9,1,1,7,11,8,20,1,16,,11,14,1,22,9,121.5375087,25.03452857
111,4,15,14,44,2,08士林區,士林區中正路與承德路4段口,0,0,1,1,B03,8,1,5,50,3,2,1,5,4,5,7,4,4,1,5,5,2,17,2,57,3,10,1,1,7,6,1,8,1,6,,9,9,1,22,9,121.515855,25.0904526
111,4,15,14,44,2,08士林區,士林區中正路與承德路4段口,0,0,1,2,C03,8,1,5,50,3,2,1,5,4,5,7,4,4,1,5,5,2,17,2,64,2,9,1,1,7,9,1,10,1,14,,44,9,1,22,9,121.515855,25.0904526
111,4,15,15,28,2,05中正區,中正區羅斯福路1段94號,0,0,1,1,B03,8,1,5,50,14,9,1,5,4,5,7,4,4,1,4,5,2,17,1,65,3,10,1,1,7,14,1,8,1,6,,40,40,1,22,9,121.5201867,25.0301252
111,4,15,15,28,2,05中正區,中正區羅斯福路1段94號,0,0,1,2,C03,8,1,5,50,14,9,1,5,4,5,7,4,4,1,4,5,2,17,2,25,2,9,1,1,7,9,1,10,1,14,,44,40,1,22,9,121.5201867,25.0301252
111,4,15,15,28,2,05中正區,中正區羅斯福路1段94號,0,0,1,3,H02,8,1,5,50,14,9,1,5,4,5,7,4,4,1,4,5,2,17,2,83,3,10,4,5,7,19,8,20,10,16,,56,40,1,22,9,121.5201867,25.0301252
111,4,15,15,41,2,04大安區,大安區和平東路3段96號,0,0,1,1,C03,8,1,5,50,14,9,1,5,4,5,7,4,4,1,4,5,1,11,4,,4,11,3,4,7,15,7,19,11,15,,43,43,2,22,9,121.5512346,25.0242831
111,4,15,15,41,2,04大安區,大安區和平東路3段96號,0,0,1,2,C03,8,1,5,50,14,9,1,5,4,5,7,4,4,1,4,5,1,11,1,31,2,7,1,4,7,9,1,10,2,14,,43,43,1,22,9,121.5512346,25.0242831
111,4,15,16,15,2,06松山區,松山區塔悠路215號與塔悠路口五號水門前無名巷,0,0,1,1,B03,8,1,5,30,3,1,1,5,4,5,7,4,4,9,4,4,1,12,1,72,3,10,3,4,7,6,1,8,1,4,,9,9,1,22,9,121.5691479,25.05888923
111,4,15,16,15,2,06松山區,松山區塔悠路215號與塔悠路口五號水門前無名巷,0,0,1,2,C03,8,1,5,30,3,1,1,5,4,5,7,4,4,9,4,4,1,12,1,24,2,9,1,4,7,9,1,10,1,11,,23,9,1,22,9,121.5691479,25.05888923
111,4,15,16,17,2,06松山區,松山區復興北路與五常街口,0,0,1,1,B12,7,1,5,50,4,1,1,5,4,5,7,2,1,9,4,5,2,17,1,25,3,10,1,1,7,6,1,8,1,5,,6,6,1,22,9,121.5443581,25.06432901
111,4,15,16,17,2,06松山區,松山區復興北路與五常街口,0,0,1,2,C03,7,1,5,50,4,1,1,5,4,5,7,2,1,9,4,5,2,17,1,18,2,9,1,1,7,9,1,10,1,14,,44,6,1,22,9,121.5443581,25.06432901
111,4,15,16,27,2,10文山區,文山區木新路2段與木新路2段218巷口口,0,0,1,1,C03,6,1,5,50,3,2,1,4,4,5,7,4,4,4,3,5,2,15,1,24,2,9,1,1,7,9,1,10,1,15,,23,23,1,22,9,121.5674445,24.98359726
111,4,15,16,27,2,10文山區,文山區木新路2段與木新路2段218巷口口,0,0,1,2,C03,6,1,5,50,3,2,1,4,4,5,7,4,4,4,3,5,2,15,2,60,3,10,1,1,7,14,1,10,1,15,,6,23,1,22,9,121.5674445,24.98359726
111,4,15,16,39,2,09北投區,北投區大業路與大業路452巷口,0,0,1,1,B12,7,1,5,60,3,1,1,4,4,5,7,1,1,1,4,4,2,17,1,70,3,10,1,1,7,6,1,8,11,15,,9,9,2,22,9,121.496303,25.13134642
111,4,15,16,39,2,09北投區,北投區大業路與大業路452巷口,0,0,1,2,C03,7,1,5,60,3,1,1,4,4,5,7,1,1,1,4,4,2,17,1,71,2,9,1,1,7,9,1,10,1,12,,42,9,1,22,9,121.496303,25.13134642
111,4,15,16,45,2,09北投區,北投區中央南路2段與三合街2段口,0,0,1,1,B03,7,1,5,50,4,1,1,5,4,5,7,1,1,5,4,5,1,16,2,33,3,10,1,1,7,9,1,8,1,5,,25,25,1,22,9,121.500443,25.12617429
111,4,15,16,45,2,09北投區,北投區中央南路2段與三合街2段口,0,0,1,2,C03,7,1,5,50,4,1,1,5,4,5,7,1,1,5,4,5,1,16,1,38,2,9,1,1,7,9,1,8,1,14,,23,25,1,22,9,121.500443,25.12617429
111,4,15,17,5,2,05中正區,中正區仁愛路1段與林森南路口,0,0,2,1,C03,7,1,5,50,4,2,1,5,4,5,7,1,1,5,4,5,2,13,1,20,2,9,1,1,7,9,1,10,2,12,,16,16,1,22,9,121.5216022,25.03890837
111,4,15,17,5,2,05中正區,中正區仁愛路1段與林森南路口,0,0,2,2,C03,7,1,5,50,4,2,1,5,4,5,7,1,1,5,4,5,2,13,1,48,2,9,1,1,7,3,1,10,2,14,,44,16,1,22,9,121.5216022,25.03890837
111,4,15,17,7,2,10文山區,文山區木柵路2段117號對面,0,0,1,1,C03,6,1,5,50,14,9,2,4,4,5,7,4,4,5,4,5,2,17,1,27,2,9,1,4,7,15,1,10,2,14,,23,23,1,22,9,121.5617969,24.98882322
111,4,15,17,7,2,10文山區,文山區木柵路2段117號對面,0,0,1,2,B03,6,1,5,50,14,9,2,4,4,5,7,4,4,5,4,5,2,17,1,66,3,10,1,4,7,9,1,8,2,6,,44,23,1,22,9,121.5617969,24.98882322
111,4,15,17,14,2,03中山區,中山區北安路八二三砲戰公園旁機車道,0,0,2,1,C03,7,3,5,50,14,11,1,5,4,5,7,4,4,1,5,5,2,13,1,28,3,10,1,1,7,9,1,10,1,11,,16,16,1,22,9,121.5266154,25.07671465
111,4,15,17,14,2,03中山區,中山區北安路八二三砲戰公園旁機車道,0,0,2,2,C03,7,3,5,50,14,11,1,5,4,5,7,4,4,1,5,5,2,13,1,51,2,9,1,1,7,12,1,9,1,13,,16,16,1,22,9,121.5266154,25.07671465
111,4,15,17,14,2,03中山區,中山區北安路八二三砲戰公園旁機車道,0,0,2,3,C03,7,3,5,50,14,11,1,5,4,5,7,4,4,1,5,5,2,13,1,40,3,10,1,1,7,12,1,10,1,11,,16,16,1,22,9,121.5266154,25.07671465
111,4,15,17,14,2,03中山區,中山區北安路八二三砲戰公園旁機車道,0,0,2,4,C03,7,3,5,50,14,11,1,5,4,5,7,4,4,1,5,5,2,13,1,27,3,10,1,1,7,7,1,10,1,13,,7,16,1,22,9,121.5266154,25.07671465
111,4,15,17,14,2,03中山區,中山區北安路八二三砲戰公園旁機車道,0,0,2,5,H02,7,3,5,50,14,11,1,5,4,5,7,4,4,1,5,5,2,13,2,49,2,9,1,5,7,20,8,20,10,16,,67,16,1,22,9,121.5266154,25.07671465
111,4,15,17,35,2,09北投區,北投區三合街2段487號,0,0,1,1,B03,8,1,5,50,14,9,1,5,4,5,7,4,4,5,5,5,2,9,1,64,4,11,3,4,7,15,7,19,11,15,,23,23,2,22,9,121.501091,25.12624423
111,4,15,17,35,2,09北投區,北投區三合街2段487號,0,0,1,2,H01,8,1,5,50,14,9,1,5,4,5,7,4,4,5,5,5,2,9,1,45,2,9,1,1,8,17,8,20,10,16,,42,23,1,22,9,121.501091,25.12624423
111,4,15,17,41,2,03中山區,中山區民生東路1段與新生北路2段口,0,0,1,1,B02,8,1,5,50,3,2,1,5,4,5,7,4,4,9,4,5,2,17,1,63,3,10,1,4,7,6,1,8,1,7,,6,6,1,22,9,121.5395325,25.0580125
111,4,15,17,41,2,03中山區,中山區民生東路1段與新生北路2段口,0,0,1,2,C03,8,1,5,50,3,2,1,5,4,5,7,4,4,9,4,5,2,17,1,27,2,9,1,4,7,9,1,10,1,14,,14,6,1,22,9,121.5395325,25.0580125
111,4,15,17,42,2,08士林區,士林區中山北路7段與中山北路7段114巷口,0,0,1,1,B03,7,2,5,50,3,1,1,5,4,5,7,2,1,3,3,5,1,11,1,45,3,10,1,1,7,7,1,8,1,4,,7,7,1,22,9,121.5318394,25.12214555
111,4,15,17,42,2,08士林區,士林區中山北路7段與中山北路7段114巷口,0,0,1,2,C03,7,2,5,50,3,1,1,5,4,5,7,2,1,3,3,5,1,11,1,36,2,8,1,1,7,9,1,10,1,12,,44,7,1,22,9,121.5318394,25.12214555
111,4,15,17,49,2,06松山區,松山區基隆路1段與市民大道5段口,0,0,1,1,B01,7,1,5,50,5,1,1,5,4,5,7,1,1,1,4,5,2,16,1,61,3,10,3,4,7,6,1,4,2,15,,9,9,1,22,9,121.5690476,25.04915291
111,4,15,17,49,2,06松山區,松山區基隆路1段與市民大道5段口,0,0,1,2,C03,7,1,5,50,5,1,1,5,4,5,7,1,1,1,4,5,2,16,2,27,2,9,3,4,7,9,1,9,2,12,,23,9,1,22,9,121.5690476,25.04915291
111,4,15,17,57,2,01大同區,大同區民生西路425-4號,0,0,2,1,F03,8,1,5,50,14,9,1,5,4,5,7,2,1,9,4,5,2,13,1,28,2,9,1,1,7,9,8,20,1,16,,23,23,1,22,9,121.5084021,25.05688656
111,4,15,17,57,2,01大同區,大同區民生西路425-4號,0,0,2,2,C03,8,1,5,50,14,9,1,5,4,5,7,2,1,9,4,5,2,13,1,36,2,9,1,1,7,9,1,10,1,14,,44,23,1,22,9,121.5084021,25.05688656
111,4,15,18,0,2,05中正區,中正區信義路1段1號,0,0,1,1,B03,7,3,5,50,14,8,1,5,4,5,7,4,4,1,4,1,2,3,2,39,3,10,1,1,7,9,1,8,2,5,,44,44,1,22,9,121.5193,25.03806107
111,4,15,18,0,2,05中正區,中正區信義路1段1號,0,0,1,2,H01,7,3,5,50,14,8,1,5,4,5,7,4,4,1,4,1,2,3,2,59,2,9,4,5,8,16,8,20,10,16,,52,44,1,22,9,121.5193,25.03806107
111,4,15,18,2,2,07信義區,信義區福德街310巷與成福路180巷口,0,0,1,1,B03,6,2,5,30,4,1,1,4,4,5,7,4,4,10,5,5,2,17,1,51,3,10,3,4,7,9,1,8,1,5,,6,6,1,22,9,121.587015,25.04098858
111,4,15,18,2,2,07信義區,信義區福德街310巷與成福路180巷口,0,0,1,2,C03,6,2,5,30,4,1,1,4,4,5,7,4,4,10,5,5,2,17,1,63,2,8,3,4,7,9,4,8,1,11,,14,6,1,22,9,121.587015,25.04098858
111,4,15,18,13,2,06松山區,松山區民權東路4段與光復北路口,0,0,1,1,B03,8,3,5,50,4,1,1,5,4,5,7,2,1,3,4,5,2,16,1,32,3,10,1,1,7,6,1,8,1,6,,9,9,1,22,9,121.5545875,25.06198342
111,4,15,18,13,2,06松山區,松山區民權東路4段與光復北路口,0,0,1,2,C03,8,3,5,50,4,1,1,5,4,5,7,2,1,3,4,5,2,16,1,44,2,8,1,1,7,9,1,10,1,11,,13,9,1,22,9,121.5545875,25.06198342
111,4,15,18,19,2,08士林區,士林區通河東街1段85號,0,0,1,1,B03,7,3,5,30,14,9,1,5,4,5,7,4,4,10,5,5,2,12,1,25,3,10,1,1,7,9,1,8,2,5,,23,23,1,22,9,121.5159487,25.0864778
111,4,15,18,19,2,08士林區,士林區通河東街1段85號,0,0,1,2,B03,7,3,5,30,14,9,1,5,4,5,7,4,4,10,5,5,2,12,1,43,3,10,3,1,7,13,1,8,1,7,,44,23,1,22,9,121.5159487,25.0864778
111,4,15,18,19,2,08士林區,士林區通河東街1段85號,0,0,1,3,B03,7,3,5,30,14,9,1,5,4,5,7,4,4,10,5,5,2,12,1,43,3,10,1,1,7,13,1,8,1,1,,44,23,1,22,9,121.5159487,25.0864778
111,4,15,18,19,2,08士林區,士林區通河東街1段85號,0,0,1,4,C03,7,3,5,30,14,9,1,5,4,5,7,4,4,10,5,5,2,12,1,46,2,8,1,1,7,9,1,10,2,14,,13,23,1,22,9,121.5159487,25.0864778
111,4,15,18,19,2,08士林區,士林區通河東街1段85號,0,0,1,5,B03,7,3,5,30,14,9,1,5,4,5,7,4,4,10,5,5,2,12,1,43,3,10,1,1,7,13,1,8,1,7,,44,23,1,22,9,121.5159487,25.0864778
111,4,15,18,25,2,03中山區,中山區松江路133巷與南京東路2段115巷口,0,0,2,1,C03,8,3,5,30,4,1,1,5,4,5,7,4,4,10,5,5,2,15,2,27,2,8,1,4,7,9,1,10,1,14,,6,6,1,22,9,121.5336577,25.05435328
111,4,15,18,25,2,03中山區,中山區松江路133巷與南京東路2段115巷口,0,0,2,2,C03,8,3,5,30,4,1,1,5,4,5,7,4,4,10,5,5,2,15,1,44,2,9,1,4,7,9,1,10,1,11,,23,6,1,22,9,121.5336577,25.05435328
111,4,15,18,28,2,10文山區,文山區萬安街與萬安街37巷口口,0,0,1,1,B03,6,1,5,50,4,1,1,4,4,5,7,4,4,8,5,5,1,17,1,62,4,11,3,4,7,11,7,19,11,15,,10,10,2,22,9,121.5707713,25.00033613
111,4,15,18,28,2,10文山區,文山區萬安街與萬安街37巷口口,0,0,1,2,C03,6,1,5,50,4,1,1,4,4,5,7,4,4,8,5,5,1,17,1,43,2,7,1,4,7,9,1,10,1,14,,42,10,1,22,9,121.5707713,25.00033613
111,4,15,19,19,2,10文山區,文山區道南橋上,0,0,1,1,C05,6,3,5,50,8,9,1,4,4,5,7,4,4,5,5,5,1,17,1,21,2,9,3,4,7,9,1,10,2,15,,42,42,1,22,9,121.5724802,24.98799167
111,4,15,19,19,2,10文山區,文山區道南橋上,0,0,1,2,C03,6,3,5,50,8,9,1,4,4,5,7,4,4,5,5,5,1,17,1,57,3,10,3,4,7,9,1,10,2,15,,44,42,1,22,9,121.5724802,24.98799167
111,4,15,19,19,2,10文山區,文山區道南橋上,0,0,1,3,B03,6,3,5,50,8,9,1,4,4,5,7,4,4,5,5,5,1,17,1,42,3,10,3,4,7,9,1,8,2,8,,23,42,1,22,9,121.5724802,24.98799167
111,4,15,19,20,2,03中山區,中山區北安路與崇實路口,0,0,1,1,C03,7,3,5,30,4,1,1,5,4,5,7,1,1,1,3,5,1,15,1,27,3,10,1,4,7,9,1,10,2,12,,25,25,1,22,9,121.5445584,25.07978628
111,4,15,19,20,2,03中山區,中山區北安路與崇實路口,0,0,1,2,C03,7,3,5,30,4,1,1,5,4,5,7,1,1,1,3,5,1,15,2,26,2,8,1,4,7,9,1,10,2,11,,44,25,1,22,9,121.5445584,25.07978628
111,4,15,20,27,2,10文山區,文山區汀州路4段183號(車道口),0,0,1,1,C04,6,4,5,30,14,9,1,4,4,5,7,4,4,5,5,5,2,13,2,24,2,9,1,1,7,9,1,11,1,11,,44,44,1,22,9,121.5355066,25.00360933
111,4,15,20,27,2,10文山區,文山區汀州路4段183號(車道口),0,0,1,2,C03,6,4,5,30,14,9,1,4,4,5,7,4,4,5,5,5,2,13,1,31,3,10,1,1,7,9,1,10,1,13,,23,44,1,22,9,121.5355066,25.00360933
111,4,15,20,43,2,04大安區,大安區文昌街與通安街口口,0,0,1,1,B03,6,3,5,30,4,2,1,4,4,5,7,2,1,10,3,5,1,17,1,37,3,10,3,4,7,5,1,8,1,4,,8,8,1,22,9,121.5533427,25.0325351
111,4,15,20,43,2,04大安區,大安區文昌街與通安街口口,0,0,1,2,C03,6,3,5,30,4,2,1,4,4,5,7,2,1,10,3,5,1,17,2,43,2,9,3,4,7,9,1,10,1,12,,44,8,1,22,9,121.5533427,25.0325351
111,4,15,21,12,2,01大同區,大同區承德路2段與南京西路口,0,0,2,1,C02,8,3,5,40,4,2,1,5,4,5,7,2,1,1,4,5,2,16,1,52,3,10,3,4,7,6,1,9,1,12,,6,6,1,22,9,121.5179934,25.05322794
111,4,15,21,12,2,01大同區,大同區承德路2段與南京西路口,0,0,2,2,C03,8,3,5,40,4,2,1,5,4,5,7,2,1,1,4,5,2,16,2,23,2,9,3,4,7,9,1,10,1,14,,13,6,1,22,9,121.5179934,25.05322794