發生年度,發生月,發生日,發生時-Hours,發生分,處理別-編號,區序,肇事地點,死亡人數,2-30日死亡人數,受傷人數,當事人序號,車種,天候,光線,道路類別,速限-速度限制,道路型態,事故位置,路面狀況1,路面狀況2,路面狀況3,道路障礙1,道路障礙2,號誌1,號誌2,車道劃分-分向,車道劃分-分道1,車道劃分-分道2,車道劃分-分道3,事故類型及型態,性別,年齡,受傷程度,主要傷處,安全帽,行動電話,車輛用途,當事者行動狀態,駕駛資格情形,駕駛執照種類,飲酒情形,車輛撞擊部位1,車輛撞擊部位2,肇因碼-個別,肇因碼-主要,個人肇逃否,職業,旅次目的,座標-X,座標-Y
111,4,15,21,12,2,01大同區,大同區承德路2段與南京西路口,0,0,2,3,H02,8,3,5,40,4,2,1,5,4,5,7,2,1,1,4,5,2,16,2,23,2,9,3,4,7,20,8,20,10,16,,67,6,1,22,9,121.5179934,25.05322794
111,4,15,22,15,2,11南港區,南港區忠孝東路6段與向陽路口,0,0,2,1,C03,6,3,5,50,14,9,1,4,4,5,7,1,1,1,4,5,2,17,1,61,2,9,1,1,7,9,1,10,1,15,,42,42,1,22,9,121.5951905,25.05066469
111,4,15,22,15,2,11南港區,南港區忠孝東路6段與向陽路口,0,0,2,2,C03,6,3,5,50,14,9,1,4,4,5,7,1,1,1,4,5,2,17,2,23,2,9,1,1,7,9,1,10,1,15,,44,42,1,22,9,121.5951905,25.05066469
111,4,15,23,30,2,03中山區,中山區敬業三路與植福路口,0,0,1,1,B03,7,3,5,50,4,1,1,5,4,5,7,2,1,1,4,5,2,16,2,24,3,10,3,4,7,6,1,8,1,2,,9,9,1,22,9,121.5564268,25.08386086
111,4,15,23,30,2,03中山區,中山區敬業三路與植福路口,0,0,1,2,C03,7,3,5,50,4,1,1,5,4,5,7,2,1,1,4,5,2,16,2,21,2,9,1,4,7,9,1,10,1,14,,44,9,1,22,9,121.5564268,25.08386086
111,4,15,23,49,2,04大安區,大安區延吉街與延吉街138巷口,0,0,1,1,B11,7,3,5,30,4,1,1,5,4,5,7,4,4,10,5,5,2,15,1,43,3,10,3,4,7,9,1,4,1,1,,6,6,1,22,9,121.5548978,25.0398127
111,4,15,23,49,2,04大安區,大安區延吉街與延吉街138巷口,0,0,1,2,C03,7,3,5,30,4,1,1,5,4,5,7,4,4,10,5,5,2,15,2,55,2,9,1,4,7,9,1,10,1,14,,44,6,1,22,9,121.5548978,25.0398127
111,4,16,2,8,2,03中山區,中山區長安東路1段與長安東路1段65巷口,0,0,1,1,B03,7,3,5,50,3,1,1,5,4,5,7,4,4,5,4,5,2,16,1,33,3,10,3,4,7,1,1,8,1,2,,19,19,1,22,9,121.527501,25.04853756
111,4,16,2,8,2,03中山區,中山區長安東路1段與長安東路1段65巷口,0,0,1,2,C03,7,3,5,50,3,1,1,5,4,5,7,4,4,5,4,5,2,16,1,25,2,9,1,4,7,9,1,10,1,14,,13,19,1,22,9,121.527501,25.04853756
111,4,16,4,35,2,01大同區,大同區西寧北路與民生西路口,0,0,1,1,B03,7,3,5,50,4,2,1,5,4,5,7,2,1,4,4,5,2,3,1,38,3,10,3,4,7,5,1,8,2,5,,15,15,1,22,9,121.5090089,25.0568884
111,4,16,4,35,2,01大同區,大同區西寧北路與民生西路口,0,0,1,2,H01,7,3,5,50,4,2,1,5,4,5,7,2,1,4,4,5,2,3,1,63,2,9,4,5,8,16,8,20,10,16,,67,15,1,22,9,121.5090089,25.0568884
111,4,16,7,29,2,09北投區,北投區中央北路1段與育仁路口,0,0,2,1,F02,8,1,5,50,4,1,1,5,4,5,7,1,1,10,5,5,2,16,1,77,2,9,1,1,7,5,8,20,9,16,,6,6,2,22,9,121.4995924,25.13473016
111,4,16,7,29,2,09北投區,北投區中央北路1段與育仁路口,0,0,2,2,C03,8,1,5,50,4,1,1,5,4,5,7,1,1,10,5,5,2,16,1,47,2,9,1,1,7,9,1,10,2,12,,23,6,1,22,9,121.4995924,25.13473016
111,4,16,8,18,2,02萬華區,萬華區洛陽街53號,0,0,1,1,C03,8,1,5,30,14,9,1,5,4,5,7,4,4,5,5,5,2,12,1,75,2,9,1,1,7,10,1,10,1,12,,7,7,1,22,9,121.5077596,25.0476209
111,4,16,8,18,2,02萬華區,萬華區洛陽街53號,0,0,1,2,B03,8,1,5,30,14,9,1,5,4,5,7,4,4,5,5,5,2,12,2,59,3,10,1,1,7,9,1,8,1,8,,44,7,1,22,9,121.5077596,25.0476209
111,4,16,8,50,2,03中山區,中山區中山橋與中山北路4段口南往北,0,0,1,1,C03,8,1,5,50,3,1,1,5,4,5,7,1,1,9,4,5,2,16,2,49,2,7,1,1,7,9,1,10,1,11,,25,25,1,22,1,121.5259697,25.07453459
111,4,16,8,50,2,03中山區,中山區中山橋與中山北路4段口南往北,0,0,1,2,B03,8,1,5,50,3,1,1,5,4,5,7,1,1,9,4,5,2,16,1,29,3,10,1,1,7,9,1,8,1,2,,25,25,1,22,9,121.5259697,25.07453459
111,4,16,9,12,2,10文山區,文山區景美溪橋,0,0,2,1,C03,7,1,5,50,14,11,1,5,4,5,7,1,1,5,4,5,2,12,1,42,2,9,1,1,7,9,1,10,1,12,,16,16,1,22,9,121.5451968,24.98672175
111,4,16,9,12,2,10文山區,文山區景美溪橋,0,0,2,2,C03,7,1,5,50,14,11,1,5,4,5,7,1,1,5,4,5,2,12,2,54,2,9,1,1,7,8,1,10,1,14,,44,16,1,22,9,121.5451968,24.98672175
111,4,16,9,55,2,10文山區,文山區指南路3段34巷21-1號,0,0,1,1,C03,8,1,5,30,14,9,1,5,4,5,7,4,4,10,5,5,2,12,2,52,2,9,1,1,7,9,1,10,11,12,,17,17,1,22,9,121.5824349,24.970843
111,4,16,9,55,2,10文山區,文山區指南路3段34巷21-1號,0,0,1,2,B03,8,1,5,30,14,9,1,5,4,5,7,4,4,10,5,5,2,12,1,71,3,10,1,1,7,9,1,8,11,4,,17,17,1,22,9,121.5824349,24.970843
111,4,16,10,5,2,06松山區,松山區民權東路3段189號,0,0,2,1,C04,7,1,5,30,15,20,1,5,4,5,7,4,4,9,5,5,2,15,2,28,2,9,1,1,7,1,1,10,1,15,,19,19,1,22,9,121.5487282,25.06199854
111,4,16,10,5,2,06松山區,松山區民權東路3段189號,0,0,2,2,C03,7,1,5,30,15,20,1,5,4,5,7,4,4,9,5,5,2,15,1,37,2,9,1,1,7,9,1,10,1,15,,44,19,1,22,9,121.5487282,25.06199854
111,4,16,10,27,2,12內湖區,內湖區安康路與東湖路119巷口,0,0,2,1,C03,8,1,5,50,4,1,1,5,4,5,7,1,1,5,5,5,2,16,1,22,2,9,1,1,7,15,1,10,2,12,,26,26,1,22,9,121.6151261,25.0685573
111,4,16,10,27,2,12內湖區,內湖區安康路與東湖路119巷口,0,0,2,2,C03,8,1,5,50,4,1,1,5,4,5,7,1,1,5,5,5,2,16,1,37,2,9,1,1,7,5,1,10,2,11,,8,26,1,22,9,121.6151261,25.0685573
111,4,16,10,47,2,04大安區,大安區基隆路4段43號台科大,0,0,1,1,C03,8,1,5,50,14,9,1,5,4,5,7,1,1,1,5,4,1,13,1,23,2,9,1,1,7,4,1,10,1,11,,23,23,1,22,9,121.5405179,25.01379693
111,4,16,10,47,2,04大安區,大安區基隆路4段43號台科大,0,0,1,2,B03,8,1,5,50,14,9,1,5,4,5,7,1,1,1,5,4,1,13,1,31,3,10,1,1,7,1,1,8,1,6,,44,23,1,22,9,121.5405179,25.01379693
111,4,16,10,48,2,10文山區,文山區木柵路1段與木柵路2段2巷口,0,0,1,1,B03,7,1,5,50,4,1,1,5,4,5,7,1,1,9,4,5,2,16,2,32,3,10,1,1,7,6,1,8,1,2,,9,9,1,22,9,121.5577784,24.98867399
111,4,16,10,48,2,10文山區,文山區木柵路1段與木柵路2段2巷口,0,0,1,2,C04,7,1,5,50,4,1,1,5,4,5,7,1,1,9,4,5,2,16,1,26,2,9,1,1,7,9,1,10,1,11,,23,9,1,22,9,121.5577784,24.98867399
111,4,16,10,55,2,11南港區,南港區市民大道8段與忠孝東路7段415巷口,0,0,1,1,A04,7,1,5,50,4,1,1,5,4,5,7,2,1,5,4,5,2,12,1,48,3,10,1,1,7,6,1,2,2,2,,9,9,1,22,4,121.608869,25.05354677
111,4,16,10,55,2,11南港區,南港區市民大道8段與忠孝東路7段415巷口,0,0,1,2,C03,7,1,5,50,4,1,1,5,4,5,7,2,1,5,4,5,2,12,1,29,2,9,1,1,7,9,1,10,2,14,,44,9,1,22,9,121.608869,25.05354677
111,4,16,10,56,2,05中正區,中正區羅斯福路3段與羅斯福路3段244巷口口,0,0,1,1,B01,8,1,5,50,3,1,1,5,4,5,7,1,1,1,4,5,1,17,1,53,3,10,1,1,7,6,1,4,2,6,,9,9,1,22,9,121.5315403,25.01737256
111,4,16,10,56,2,05中正區,中正區羅斯福路3段與羅斯福路3段244巷口口,0,0,1,2,C03,8,1,5,50,3,1,1,5,4,5,7,1,1,1,4,5,1,17,1,23,2,9,1,1,7,9,1,10,2,11,,44,9,1,22,9,121.5315403,25.01737256
111,4,16,11,19,2,08士林區,士林區故宮路與故宮路48巷口,0,0,1,1,C03,8,1,5,50,14,9,1,5,4,5,7,4,4,3,4,5,2,17,2,21,2,9,1,3,7,9,1,10,1,11,,23,23,1,22,9,121.5473764,25.09634815
111,4,16,11,19,2,08士林區,士林區故宮路與故宮路48巷口,0,0,1,2,B12,8,1,5,50,14,9,1,5,4,5,7,4,4,3,4,5,2,17,1,71,3,10,1,1,7,14,1,8,1,3,,16,23,1,22,9,121.5473764,25.09634815
111,4,16,11,28,2,08士林區,士林區環河北路3段與中正路口,0,0,1,1,B03,8,1,5,50,3,1,1,5,4,5,7,1,1,1,4,5,2,16,1,49,3,10,3,4,7,6,1,8,1,2,,44,44,1,22,9,121.5058054,25.08553133
111,4,16,11,28,2,08士林區,士林區環河北路3段與中正路口,0,0,1,2,C03,8,1,5,50,3,1,1,5,4,5,7,1,1,1,4,5,2,16,2,59,2,8,3,4,7,9,1,10,1,14,,6,44,1,22,9,121.5058054,25.08553133
111,4,16,11,30,2,12內湖區,內湖區內湖路2段179巷31號前,0,0,1,1,C03,8,1,5,50,14,9,1,5,4,5,7,4,4,9,5,5,2,13,2,21,2,9,1,1,7,9,1,10,2,11,,23,23,1,22,9,121.5864124,25.08362638
111,4,16,11,30,2,12內湖區,內湖區內湖路2段179巷31號前,0,0,1,2,B03,8,1,5,50,14,9,1,5,4,5,7,4,4,9,5,5,2,13,2,28,3,10,1,1,7,9,1,8,2,3,,44,23,1,22,9,121.5864124,25.08362638
111,4,16,11,39,2,08士林區,士林區延平北路6段與社中街口,0,0,1,1,C03,7,1,5,0,4,1,1,5,4,5,7,1,1,1,5,5,1,13,1,48,3,10,1,1,7,9,1,10,1,11,,23,23,1,22,9,121.5011763,25.09042822
111,4,16,11,39,2,08士林區,士林區延平北路6段與社中街口,0,0,1,2,C03,7,1,5,0,4,1,1,5,4,5,7,1,1,1,5,5,1,13,1,27,2,8,1,1,7,9,1,10,1,13,,44,23,1,22,9,121.5011763,25.09042822
111,4,16,11,50,2,12內湖區,內湖區成功路2段456巷7號旁,0,0,2,1,C03,7,1,5,30,14,9,1,5,4,5,7,4,4,10,4,5,2,10,1,53,2,7,1,1,7,9,1,10,2,11,,23,23,1,22,9,121.5870926,25.0737175
111,4,16,11,50,2,12內湖區,內湖區成功路2段456巷7號旁,0,0,2,2,B03,7,1,5,30,14,9,1,5,4,5,7,4,4,10,4,5,2,10,1,56,3,10,1,1,7,9,5,8,2,1,,23,23,1,22,9,121.5870926,25.0737175
111,4,16,11,50,2,12內湖區,內湖區成功路2段456巷7號旁,0,0,2,3,H02,7,1,5,30,14,9,1,5,4,5,7,4,4,10,4,5,2,10,2,44,2,9,1,5,7,21,8,20,10,16,,67,23,1,22,9,121.5870926,25.0737175
111,4,16,11,55,2,11南港區,南港區南港路1段360號,0,0,1,1,C03,8,1,5,40,14,7,1,5,4,5,7,4,4,5,4,4,2,16,1,62,2,4,1,1,7,1,1,10,1,14,,19,19,1,21,8,121.6068894,25.05441239
111,4,16,11,55,2,11南港區,南港區南港路1段360號,0,0,1,2,B11,8,1,5,40,14,7,1,5,4,5,7,4,4,5,4,4,2,16,1,36,3,10,1,1,7,9,1,8,2,6,,23,19,1,21,8,121.6068894,25.05441239
111,4,16,11,59,2,02萬華區,萬華區國興路青年公園2號出口,0,0,1,1,B01,8,1,5,30,14,9,1,5,4,5,7,4,4,9,5,5,2,12,1,64,3,10,1,1,7,9,1,4,1,2,,17,17,1,22,9,121.5065347,25.02586595
111,4,16,11,59,2,02萬華區,萬華區國興路青年公園2號出口,0,0,1,2,C03,8,1,5,30,14,9,1,5,4,5,7,4,4,9,5,5,2,12,2,66,2,9,1,1,7,7,1,10,1,14,,44,17,1,22,9,121.5065347,25.02586595
111,4,16,12,10,2,08士林區,士林區故宮路北向南,0,0,2,1,C03,8,1,5,50,14,9,1,5,4,5,7,4,4,10,5,5,1,16,2,19,2,9,1,1,7,9,1,10,2,14,,17,17,1,22,9,121.548432,25.09540372
111,4,16,12,10,2,08士林區,士林區故宮路北向南,0,0,2,2,C03,8,1,5,50,14,9,1,5,4,5,7,4,4,10,5,5,1,16,1,64,2,9,1,1,7,9,1,10,2,12,,17,17,1,22,9,121.548432,25.09540372
111,4,16,12,20,2,02萬華區,萬華區中華路2段與中華路2段364巷口口,0,0,1,1,B03,7,1,5,50,4,1,1,5,4,5,7,1,1,8,3,4,1,16,1,59,3,10,3,4,7,5,1,8,1,8,,6,6,1,22,9,121.5047984,25.0291595
111,4,16,12,20,2,02萬華區,萬華區中華路2段與中華路2段364巷口口,0,0,1,2,C03,7,1,5,50,4,1,1,5,4,5,7,1,1,8,3,4,1,16,1,50,2,9,3,4,7,9,6,10,1,11,,44,6,1,22,9,121.5047984,25.0291595
111,4,16,12,20,2,08士林區,士林區忠誠路1段173巷與德行東路190巷口,0,0,2,1,C03,8,1,8,30,15,22,1,5,4,5,7,4,4,10,5,5,2,17,1,43,2,9,1,1,7,9,1,10,1,12,,6,6,1,22,9,121.5313355,25.10804126
111,4,16,12,20,2,08士林區,士林區忠誠路1段173巷與德行東路190巷口,0,0,2,2,C03,8,1,8,30,15,22,1,5,4,5,7,4,4,10,5,5,2,17,1,66,2,9,1,1,7,9,1,10,1,11,,14,6,1,22,9,121.5313355,25.10804126
111,4,16,12,47,2,12內湖區,內湖區潭美街551號,0,0,1,1,C03,7,1,5,40,14,9,1,5,4,5,7,4,4,5,5,5,2,12,1,19,2,9,1,1,7,9,1,10,1,14,,42,42,1,22,9,121.6006556,25.06085398
111,4,16,12,47,2,12內湖區,內湖區潭美街551號,0,0,1,2,C03,7,1,5,40,14,9,1,5,4,5,7,4,4,5,5,5,2,12,1,34,3,10,1,1,7,9,1,10,1,12,,44,42,1,22,9,121.6006556,25.06085398
111,4,16,12,58,2,10文山區,文山區木柵路3段與保儀路口,0,0,1,1,B03,8,1,5,30,3,2,1,5,4,5,7,2,1,5,5,5,2,3,1,40,3,10,1,1,7,5,1,8,2,8,,15,15,1,22,9,121.5685121,24.98887392
111,4,16,12,58,2,10文山區,文山區木柵路3段與保儀路口,0,0,1,2,H01,8,1,5,30,3,2,1,5,4,5,7,2,1,5,5,5,2,3,2,52,2,9,4,5,8,16,8,20,10,16,,67,15,1,22,9,121.5685121,24.98887392
111,4,16,13,21,2,03中山區,中山區長安東路2段與新生北路1段口口,0,0,1,1,B03,7,1,5,50,4,1,1,5,4,5,7,2,1,5,4,5,2,16,2,31,3,10,3,4,7,5,1,8,1,4,,8,8,1,22,9,121.5296892,25.04839265
111,4,16,13,21,2,03中山區,中山區長安東路2段與新生北路1段口口,0,0,1,2,C03,7,1,5,50,4,1,1,5,4,5,7,2,1,5,4,5,2,16,2,43,2,8,1,1,7,9,4,11,1,12,,44,8,1,22,9,121.5296892,25.04839265
111,4,16,13,38,2,03中山區,中山區龍江路與五常街口,0,0,1,1,F01,7,1,5,50,10,9,1,5,4,5,7,4,4,4,5,5,1,17,4,,4,11,3,4,7,15,7,19,11,15,,43,43,2,22,9,121.5409709,25.06401656
111,4,16,13,38,2,03中山區,中山區龍江路與五常街口,0,0,1,2,C03,7,1,5,50,10,9,1,5,4,5,7,4,4,4,5,5,1,17,2,22,2,7,1,4,7,9,1,10,2,14,,43,43,1,22,9,121.5409709,25.06401656
111,4,16,13,45,2,01大同區,大同區延平北路2段175號,0,0,2,1,F01,8,1,5,50,14,9,1,5,4,5,7,4,4,5,4,5,2,16,1,47,2,7,1,1,7,5,8,20,1,16,,8,8,1,22,9,121.5115177,25.05858494
111,4,16,13,45,2,01大同區,大同區延平北路2段175號,0,0,2,2,C03,8,1,5,50,14,9,1,5,4,5,7,4,4,5,4,5,2,16,1,57,2,7,1,1,7,9,1,10,1,11,,23,8,1,22,9,121.5115177,25.05858494
111,4,16,13,52,2,04大安區,大安區敦化南路1段233巷60號,0,0,1,1,B03,7,1,5,30,14,9,1,5,4,5,7,4,4,10,5,5,2,12,1,73,3,10,1,1,7,1,1,8,2,4,,19,19,1,22,9,121.5522153,25.04032767
111,4,16,13,52,2,04大安區,大安區敦化南路1段233巷60號,0,0,1,2,C03,7,1,5,30,14,9,1,5,4,5,7,4,4,10,5,5,2,12,1,21,2,9,1,1,7,9,1,10,2,12,,44,19,1,22,9,121.5522153,25.04032767
111,4,16,13,52,2,04大安區,大安區敦化南路1段233巷60號,0,0,1,3,F02,7,1,5,30,14,9,1,5,4,5,7,4,4,10,5,5,2,12,2,48,3,10,1,1,7,15,8,20,10,16,,44,19,1,22,9,121.5522153,25.04032767
111,4,16,13,52,2,04大安區,大安區敦化南路1段233巷60號,0,0,1,4,C03,7,1,5,30,14,9,1,5,4,5,7,4,4,10,5,5,2,12,2,38,3,10,3,1,7,13,1,10,9,14,,44,19,1,22,9,121.5522153,25.04032767
111,4,16,13,52,2,04大安區,大安區敦化南路1段233巷60號,0,0,1,5,C03,7,1,5,30,14,9,1,5,4,5,7,4,4,10,5,5,2,12,3,,,,,,,,,,,,,67,19,1,,,121.5522153,25.04032767
111,4,16,13,53,2,04大安區,大安區市民大道3段與建國南路1段口,0,0,1,1,C03,7,1,5,40,14,9,1,5,4,5,7,4,4,1,4,4,2,16,1,62,2,9,2,1,7,7,1,10,1,14,,6,6,1,22,9,121.5363064,25.04477835
111,4,16,13,53,2,04大安區,大安區市民大道3段與建國南路1段口,0,0,1,2,B03,7,1,5,40,14,9,1,5,4,5,7,4,4,1,4,4,2,16,2,34,3,10,1,1,7,9,1,8,1,2,,44,6,1,22,9,121.5363064,25.04477835
111,4,16,14,55,2,06松山區,松山區濱江街與濱江街866巷口,0,0,1,1,B03,7,1,5,50,3,1,1,5,4,5,7,4,4,1,4,4,2,12,1,53,3,10,1,1,7,6,1,8,1,2,,6,6,1,22,9,121.5600461,25.07112339
111,4,16,14,55,2,06松山區,松山區濱江街與濱江街866巷口,0,0,1,2,C03,7,1,5,50,3,1,1,5,4,5,7,4,4,1,4,4,2,12,1,19,2,5,1,1,7,4,1,10,1,14,,23,6,1,22,9,121.5600461,25.07112339
111,4,16,14,55,2,06松山區,松山區濱江街與濱江街866巷口,0,0,1,3,A05,7,1,5,50,3,1,1,5,4,5,7,4,4,1,4,4,2,12,3,,,,,,,,,,,,,67,6,1,,,121.5600461,25.07112339
111,4,16,14,57,2,07信義區,信義區松智路與松智路9巷口,0,0,1,1,C03,8,1,5,30,3,1,1,5,4,5,7,4,4,10,4,5,2,17,2,38,2,8,1,1,7,5,1,10,1,11,,6,6,1,22,9,121.565555,25.03790395
111,4,16,14,57,2,07信義區,信義區松智路與松智路9巷口,0,0,1,2,C03,8,1,5,30,3,1,1,5,4,5,7,4,4,10,4,5,2,17,1,38,3,10,1,1,7,9,1,10,1,11,,14,6,1,22,9,121.565555,25.03790395
111,4,16,15,35,2,11南港區,南港區市民大道8段與研究院路1段口,0,0,1,1,C03,7,1,5,50,4,1,1,5,4,5,7,2,1,1,4,5,2,17,2,44,2,9,1,1,7,5,1,10,1,14,,42,42,1,22,9,121.6164155,25.05439192
111,4,16,15,35,2,11南港區,南港區市民大道8段與研究院路1段口,0,0,1,2,C03,7,1,5,50,4,1,1,5,4,5,7,2,1,1,4,5,2,17,2,32,3,10,1,1,7,9,1,10,1,15,,44,42,1,22,9,121.6164155,25.05439192
111,4,16,15,50,2,08士林區,士林區文林路72號前,0,0,2,1,C03,7,1,5,50,14,9,1,5,4,5,7,4,4,5,5,5,1,13,2,46,2,9,1,1,7,9,1,10,1,11,,16,16,1,21,8,121.525748,25.08704779
111,4,16,15,50,2,08士林區,士林區文林路72號前,0,0,2,2,B03,7,1,5,50,14,9,1,5,4,5,7,4,4,5,5,5,1,13,1,36,3,10,1,1,7,12,1,8,1,6,,44,16,1,21,8,121.525748,25.08704779
111,4,16,15,50,2,08士林區,士林區文林路72號前,0,0,2,3,H02,7,1,5,50,14,9,1,5,4,5,7,4,4,5,5,5,1,13,2,48,2,8,1,1,7,17,8,20,10,16,,67,16,1,21,8,121.525748,25.08704779
111,4,16,16,0,2,09北投區,北投區中湖戰備道路環七星山人車分道口,0,0,1,2,,7,1,5,50,14,9,1,5,4,5,7,4,4,4,5,5,1,18,3,,,,,,,,,,,,,66,43,1,,,121.5601622,25.17119162
111,4,16,16,0,2,09北投區,北投區中湖戰備道路環七星山人車分道口,0,0,1,1,C03,7,1,5,50,14,9,1,5,4,5,7,4,4,4,5,5,1,18,1,19,2,9,1,1,7,9,1,10,1,14,,43,43,1,22,9,121.5601622,25.17119162
111,4,16,16,2,2,02萬華區,萬華區西園路2段320巷55弄8號,0,0,2,1,C03,8,1,5,30,14,9,1,5,4,5,7,4,4,10,5,5,1,12,1,29,2,9,1,1,7,5,1,10,2,14,,8,8,1,22,9,121.4912402,25.02762919
111,4,16,16,2,2,02萬華區,萬華區西園路2段320巷55弄8號,0,0,2,2,C03,8,1,5,30,14,9,1,5,4,5,7,4,4,10,5,5,1,12,1,30,2,8,1,1,7,9,3,18,2,12,,23,8,1,22,9,121.4912402,25.02762919
111,4,16,16,15,2,04大安區,大安區四維路52巷與大安路1段口,0,0,1,1,C03,7,1,5,30,4,1,1,5,4,5,7,4,4,9,4,4,1,16,2,44,2,8,1,1,7,9,1,10,1,11,,6,6,1,22,9,121.5460005,25.03511375
111,4,16,16,15,2,04大安區,大安區四維路52巷與大安路1段口,0,0,1,2,B03,7,1,5,30,4,1,1,5,4,5,7,4,4,9,4,4,1,16,1,90,3,10,1,1,7,9,1,6,1,4,,14,6,1,22,9,121.5460005,25.03511375
111,4,16,16,25,2,08士林區,士林區東山路與東山路25巷口,0,0,1,1,B03,8,1,5,50,4,1,1,5,4,5,7,3,1,5,5,5,1,15,2,62,3,10,1,1,7,9,1,8,1,2,,6,6,1,22,9,121.5390895,25.1164295
111,4,16,16,25,2,08士林區,士林區東山路與東山路25巷口,0,0,1,2,C03,8,1,5,50,4,1,1,5,4,5,7,3,1,5,5,5,1,15,1,73,2,9,1,1,7,9,1,10,1,11,,13,6,1,22,9,121.5390895,25.1164295
111,4,16,16,34,2,01大同區,大同區長安西路與塔城街口,0,0,2,1,C03,8,1,5,50,3,2,1,5,4,5,7,1,1,9,4,5,1,16,2,64,2,1,1,1,7,9,1,10,1,11,,14,14,1,22,9,121.5104234,25.05201483
111,4,16,16,34,2,01大同區,大同區長安西路與塔城街口,0,0,2,2,F01,8,1,5,50,3,2,1,5,4,5,7,1,1,9,4,5,1,16,1,13,2,8,1,1,7,21,8,20,1,16,,44,14,1,22,9,121.5104234,25.05201483
111,4,16,17,0,2,06松山區,松山區八德路3段155巷與八德路3段158巷口,0,0,1,1,B03,8,1,5,50,4,1,1,5,4,5,7,2,1,5,4,5,2,16,2,54,3,10,1,1,7,11,1,8,1,2,,10,10,1,22,9,121.5550677,25.04808041
111,4,16,17,0,2,06松山區,松山區八德路3段155巷與八德路3段158巷口,0,0,1,2,C03,8,1,5,50,4,1,1,5,4,5,7,2,1,5,4,5,2,16,1,20,2,9,1,1,7,9,3,18,1,11,,6,10,1,22,9,121.5550677,25.04808041
111,4,16,17,0,2,08士林區,士林區中山北路6段與中山北路6段195巷口,0,0,1,1,C03,8,1,5,50,3,1,1,5,4,5,7,1,1,1,1,5,2,12,2,18,2,8,1,1,7,7,1,10,1,14,,7,7,1,22,9,121.5251555,25.1078824
111,4,16,17,0,2,08士林區,士林區中山北路6段與中山北路6段195巷口,0,0,1,2,B03,8,1,5,50,3,1,1,5,4,5,7,1,1,1,1,5,2,12,2,27,3,10,1,1,7,9,1,8,1,2,,44,7,1,22,9,121.5251555,25.1078824
111,4,16,17,8,2,05中正區,中正區汀州路2段與汀州路2段255巷口,0,0,1,1,F01,7,1,5,50,4,2,1,5,4,5,7,4,4,9,5,5,2,12,1,82,2,9,1,1,7,5,8,20,1,16,,8,8,1,22,9,121.5232538,25.022874
111,4,16,17,8,2,05中正區,中正區汀州路2段與汀州路2段255巷口,0,0,1,2,C03,7,1,5,50,4,2,1,5,4,5,7,4,4,9,5,5,2,12,2,48,3,10,1,1,7,9,1,10,1,12,,44,8,1,22,9,121.5232538,25.022874
111,4,16,17,16,2,11南港區,南港區市民大道8段與興中路口,0,0,1,1,B01,8,1,5,50,4,1,1,5,4,5,7,2,1,5,4,5,2,16,1,59,3,10,1,1,7,5,1,4,2,2,,6,6,1,21,8,121.6076945,25.05337289
111,4,16,17,16,2,11南港區,南港區市民大道8段與興中路口,0,0,1,2,C03,8,1,5,50,4,1,1,5,4,5,7,2,1,5,4,5,2,16,2,24,2,7,1,1,7,9,3,18,2,11,,44,6,1,21,8,121.6076945,25.05337289
111,4,16,17,26,2,09北投區,北投區學園路2號,0,0,1,1,B03,8,1,5,40,14,9,1,5,4,5,7,2,1,5,5,5,2,14,1,67,3,10,1,1,7,2,1,8,11,3,,12,12,2,22,9,121.4671557,25.13290536
111,4,16,17,26,2,09北投區,北投區學園路2號,0,0,1,2,C03,8,1,5,40,14,9,1,5,4,5,7,2,1,5,5,5,2,14,1,20,2,9,1,1,7,14,1,10,1,11,,44,12,1,22,9,121.4671557,25.13290536
111,4,16,17,35,2,03中山區,中山區林森北路282號,0,0,1,1,B01,8,3,5,50,14,9,1,5,4,5,7,4,4,9,4,5,2,12,1,55,3,10,1,1,7,1,1,8,1,1,,23,23,1,22,9,121.5254347,25.05521343
111,4,16,17,35,2,03中山區,中山區林森北路282號,0,0,1,2,C03,8,3,5,50,14,9,1,5,4,5,7,4,4,9,4,5,2,12,1,19,2,9,1,1,7,1,1,10,1,14,,19,23,1,22,9,121.5254347,25.05521343
111,4,16,17,50,2,09北投區,北投區立農街1段與吉利街123巷8弄口,0,0,1,1,C03,7,3,5,30,4,1,1,5,4,5,7,4,4,10,5,5,1,15,1,69,2,9,1,1,7,9,1,10,1,12,,6,6,1,22,9,121.5060521,25.11939483
111,4,16,17,50,2,09北投區,北投區立農街1段與吉利街123巷8弄口,0,0,1,2,B12,7,3,5,30,4,1,1,5,4,5,7,4,4,10,5,5,1,15,1,65,3,10,1,1,7,9,1,8,1,1,,23,6,1,22,9,121.5060521,25.11939483
111,4,16,18,42,2,08士林區,士林區文昌路與文昌路154巷口,0,0,2,1,C03,8,3,5,30,4,1,1,5,4,5,7,4,4,10,5,5,2,15,1,35,2,9,3,4,7,9,1,10,1,14,,4,4,1,22,9,121.5205991,25.09778286
111,4,16,18,42,2,08士林區,士林區文昌路與文昌路154巷口,0,0,2,2,C03,8,3,5,30,4,1,1,5,4,5,7,4,4,10,5,5,2,15,1,31,2,9,3,4,7,9,1,10,1,11,,44,4,1,22,9,121.5205991,25.09778286