發生年度,發生月,發生日,發生時-Hours,發生分,處理別-編號,區序,肇事地點,死亡人數,2-30日死亡人數,受傷人數,當事人序號,車種,天候,光線,道路類別,速限-速度限制,道路型態,事故位置,路面狀況1,路面狀況2,路面狀況3,道路障礙1,道路障礙2,號誌1,號誌2,車道劃分-分向,車道劃分-分道1,車道劃分-分道2,車道劃分-分道3,事故類型及型態,性別,年齡,受傷程度,主要傷處,安全帽,行動電話,車輛用途,當事者行動狀態,駕駛資格情形,駕駛執照種類,飲酒情形,車輛撞擊部位1,車輛撞擊部位2,肇因碼-個別,肇因碼-主要,個人肇逃否,職業,旅次目的,座標-X,座標-Y
111,4,16,18,46,2,10文山區,文山區三福街與三福街5巷口口,0,0,2,1,C03,8,3,5,30,5,1,1,5,4,5,7,4,4,10,5,5,2,15,1,49,2,9,1,1,7,9,1,10,1,12,,6,6,1,22,9,121.5414214,24.99593746
111,4,16,18,46,2,10文山區,文山區三福街與三福街5巷口口,0,0,2,2,B03,8,3,5,30,5,1,1,5,4,5,7,4,4,10,5,5,2,15,1,46,3,10,1,1,7,9,1,8,1,1,,44,6,1,22,9,121.5414214,24.99593746
111,4,16,18,46,2,10文山區,文山區三福街與三福街5巷口口,0,0,2,3,H02,8,3,5,30,5,1,1,5,4,5,7,4,4,10,5,5,2,15,1,15,2,8,1,5,7,20,8,20,10,15,,67,6,1,22,9,121.5414214,24.99593746
111,4,16,18,47,2,02萬華區,萬華區忠孝西路2段與西寧南路口,0,0,1,1,C03,7,3,5,50,4,2,1,5,4,5,7,2,1,1,4,5,1,17,1,74,2,9,3,4,7,8,1,10,2,12,,7,7,1,22,9,121.5076725,25.04854928
111,4,16,18,47,2,02萬華區,萬華區忠孝西路2段與西寧南路口,0,0,1,2,B03,7,3,5,50,4,2,1,5,4,5,7,2,1,1,4,5,1,17,1,52,3,10,3,4,7,9,1,8,2,4,,44,7,1,22,9,121.5076725,25.04854928
111,4,16,19,20,2,03中山區,中山區民權東路2段與吉林路口,0,0,1,1,F03,7,3,5,50,4,1,1,5,4,5,7,1,1,1,4,5,2,15,1,35,3,10,1,1,7,9,8,20,1,16,,25,25,1,22,9,121.5303016,25.06247859
111,4,16,19,20,2,03中山區,中山區民權東路2段與吉林路口,0,0,1,2,C03,7,3,5,50,4,1,1,5,4,5,7,1,1,1,4,5,2,15,1,27,2,9,1,1,7,9,1,10,1,12,,44,25,1,22,9,121.5303016,25.06247859
111,4,16,19,46,2,10文山區,文山區萬美街1段71號前,0,0,1,1,B03,8,3,5,40,14,9,1,5,4,5,7,4,4,5,2,5,2,12,1,43,3,10,3,4,7,1,1,8,2,8,,19,19,1,22,9,121.5673126,25.00225181
111,4,16,19,46,2,10文山區,文山區萬美街1段71號前,0,0,1,2,C02,8,3,5,40,14,9,1,5,4,5,7,4,4,5,2,5,2,12,1,20,2,9,3,4,7,9,1,9,2,11,,44,19,1,22,9,121.5673126,25.00225181
111,4,16,21,5,2,03中山區,中山區市民大道2段與長安東路1段30巷口,0,0,3,1,C03,7,3,5,40,3,1,1,5,4,5,7,1,1,1,4,5,2,12,2,22,2,9,1,4,7,9,1,10,2,14,,43,43,1,22,9,121.5260934,25.04756165
111,4,16,21,5,2,03中山區,中山區市民大道2段與長安東路1段30巷口,0,0,3,2,C03,7,3,5,40,3,1,1,5,4,5,7,1,1,1,4,5,2,12,2,69,2,8,1,4,7,9,1,10,2,12,,43,43,1,22,9,121.5260934,25.04756165
111,4,16,21,5,2,03中山區,中山區市民大道2段與長安東路1段30巷口,0,0,3,3,H02,7,3,5,40,3,1,1,5,4,5,7,1,1,1,4,5,2,12,2,30,2,9,1,4,7,20,8,20,10,16,,67,43,1,22,9,121.5260934,25.04756165
111,4,16,21,16,2,04大安區,大安區辛亥路2段與建國南路2段口,0,0,1,1,B03,7,1,5,70,4,1,1,5,4,5,7,1,1,10,4,5,2,16,1,30,3,10,1,1,7,6,1,8,1,1,,43,43,1,22,9,121.5379332,25.0229154
111,4,16,21,16,2,04大安區,大安區辛亥路2段與建國南路2段口,0,0,1,2,C03,7,1,5,70,4,1,1,5,4,5,7,1,1,10,4,5,2,16,1,34,2,9,1,1,7,9,1,10,1,11,,43,43,1,22,9,121.5379332,25.0229154
111,4,16,21,36,2,09北投區,北投區承德路7段342巷與承德路7段342巷26弄口,0,0,1,1,B12,8,1,5,30,4,1,1,5,4,5,7,4,4,10,5,5,2,17,1,39,3,10,3,4,7,1,1,8,1,5,,19,19,1,22,9,121.5053381,25.11784032
111,4,16,21,36,2,09北投區,北投區承德路7段342巷與承德路7段342巷26弄口,0,0,1,2,C03,8,1,5,30,4,1,1,5,4,5,7,4,4,10,5,5,2,17,1,37,2,9,3,4,7,9,1,9,1,14,,13,19,1,22,9,121.5053381,25.11784032
111,4,16,21,36,2,09北投區,北投區承德路7段342巷與承德路7段342巷26弄口,0,0,1,3,B03,8,1,5,30,4,1,1,5,4,5,7,4,4,10,5,5,2,17,1,56,3,10,3,4,7,13,1,8,11,7,,44,19,1,22,9,121.5053381,25.11784032
111,4,16,22,20,2,04大安區,大安區信義路4段294巷與文昌街口,0,0,1,1,B12,7,3,5,50,4,2,1,5,4,5,7,1,1,8,3,5,1,12,1,37,3,10,1,1,7,9,1,8,1,1,,23,23,1,22,9,121.5542543,25.03236769
111,4,16,22,20,2,04大安區,大安區信義路4段294巷與文昌街口,0,0,1,2,C03,7,3,5,50,4,2,1,5,4,5,7,1,1,8,3,5,1,12,2,52,2,9,1,1,7,9,1,10,1,13,,44,23,1,22,9,121.5542543,25.03236769
111,4,17,1,15,2,05中正區,中正區南海路與羅斯福路1段口,0,0,2,1,C03,8,3,5,40,5,2,1,5,4,5,7,2,1,3,4,4,1,17,1,18,2,9,1,1,7,9,1,10,2,11,,23,23,1,22,9,121.5182068,25.0326341
111,4,17,1,15,2,05中正區,中正區南海路與羅斯福路1段口,0,0,2,2,C03,8,3,5,40,5,2,1,5,4,5,7,2,1,3,4,4,1,17,1,65,3,10,1,1,7,9,1,10,2,13,,44,23,1,22,9,121.5182068,25.0326341
111,4,17,1,15,2,05中正區,中正區南海路與羅斯福路1段口,0,0,2,3,C03,8,3,5,40,5,2,1,5,4,5,7,2,1,3,4,4,1,17,2,22,2,8,1,1,7,9,1,10,2,12,,23,23,1,22,9,121.5182068,25.0326341
111,4,17,1,15,2,05中正區,中正區南海路與羅斯福路1段口,0,0,2,4,B03,8,3,5,40,5,2,1,5,4,5,7,2,1,3,4,4,1,17,1,51,3,10,1,1,7,11,1,8,2,10,,23,23,1,22,9,121.5182068,25.0326341
111,4,17,1,50,2,06松山區,松山區市民大道4段73號前迴轉道,0,0,1,1,B03,6,3,5,40,15,6,1,4,4,5,7,4,4,1,3,5,2,13,1,41,3,10,1,1,7,11,1,8,1,3,,6,6,1,22,9,121.5469378,25.04519637
111,4,17,1,50,2,06松山區,松山區市民大道4段73號前迴轉道,0,0,1,2,C03,6,3,5,40,15,6,1,4,4,5,7,4,4,1,3,5,2,13,1,25,2,9,1,1,7,9,1,10,1,11,,13,6,1,22,9,121.5469378,25.04519637
111,4,17,3,10,2,04大安區,(基隆路2段99-1號對面),0,0,1,1,B03,6,3,5,50,14,18,1,4,4,5,7,2,1,8,3,4,1,3,1,32,3,10,1,1,7,9,1,8,1,1,,23,23,1,22,9,121.5575633,25.02984668
111,4,17,3,10,2,04大安區,(基隆路2段99-1號對面),0,0,1,2,H01,6,3,5,50,14,18,1,4,4,5,7,2,1,8,3,4,1,3,1,39,2,9,4,1,8,16,8,20,10,16,,52,23,1,22,9,121.5575633,25.02984668
111,4,17,6,24,2,10文山區,文山區辛亥路7段13號對面(60號汽車停車格),0,0,1,1,C03,6,1,5,40,14,8,2,4,4,5,7,4,4,5,4,4,2,17,1,25,2,9,1,4,7,9,1,10,8,12,,42,42,1,22,9,121.5528601,24.98688628
111,4,17,6,24,2,10文山區,文山區辛亥路7段13號對面(60號汽車停車格),0,0,1,3,B03,6,1,5,40,14,8,2,4,4,5,7,4,4,5,4,4,2,17,1,55,3,10,3,1,7,13,7,19,11,4,,44,42,1,22,9,121.5528601,24.98688628
111,4,17,6,24,2,10文山區,文山區辛亥路7段13號對面(60號汽車停車格),0,0,1,2,B03,6,1,5,40,14,8,2,4,4,5,7,4,4,5,4,4,2,17,1,59,4,11,3,4,7,15,7,19,11,15,,44,42,2,22,9,121.5528601,24.98688628
111,4,17,6,24,2,10文山區,文山區辛亥路7段13號對面(60號汽車停車格),0,0,1,4,B03,6,1,5,40,14,8,2,4,4,5,7,4,4,5,4,4,2,17,2,24,4,11,3,4,7,15,7,19,11,15,,44,42,2,22,9,121.5528601,24.98688628
111,4,17,6,25,2,03中山區,中山區民權東路2段與林森北路口,0,0,1,1,B01,8,1,5,50,4,2,1,5,4,5,7,2,1,1,4,5,1,17,1,59,3,10,1,1,7,5,1,4,1,1,,25,25,1,22,9,121.5322447,25.0624759
111,4,17,6,25,2,03中山區,中山區民權東路2段與林森北路口,0,0,1,2,F01,8,1,5,50,4,2,1,5,4,5,7,2,1,1,4,5,1,17,2,57,2,1,1,1,7,9,8,20,1,16,,44,25,1,22,9,121.5322447,25.0624759
111,4,17,8,15,2,02萬華區,大同區鄭州路與塔城街口,0,0,1,1,C03,8,1,5,50,4,1,1,5,4,5,7,1,1,1,4,4,2,16,1,27,3,10,1,1,7,1,1,10,2,14,,25,25,1,22,9,121.5104814,25.05036854
111,4,17,8,15,2,02萬華區,大同區鄭州路與塔城街口,0,0,1,2,C03,8,1,5,50,4,1,1,5,4,5,7,1,1,1,4,4,2,16,1,26,2,9,1,1,7,9,1,9,2,11,,44,25,1,22,9,121.5104814,25.05036854
111,4,17,8,55,2,01大同區,大同區承德路3段與民權西路口,0,0,2,1,C03,8,2,5,50,4,1,1,5,4,5,7,1,1,1,4,5,2,16,1,36,4,11,3,4,7,8,7,19,11,15,,7,7,2,22,9,121.5182325,25.0629867
111,4,17,8,55,2,01大同區,大同區承德路3段與民權西路口,0,0,2,2,C03,8,2,5,50,4,1,1,5,4,5,7,1,1,1,4,5,2,16,2,66,2,9,1,1,7,9,1,10,1,14,,44,7,1,22,9,121.5182325,25.0629867
111,4,17,8,55,2,01大同區,大同區承德路3段與民權西路口,0,0,2,3,H02,8,2,5,50,4,1,1,5,4,5,7,1,1,1,4,5,2,16,2,8,2,9,1,1,7,21,8,20,11,16,,67,7,1,22,9,121.5182325,25.0629867
111,4,17,9,37,2,04大安區,大安區樂業街159巷35號,0,0,1,1,B03,7,1,5,30,14,9,1,5,4,5,5,4,4,10,5,5,1,16,1,47,3,10,1,1,7,1,1,8,11,1,,19,19,1,22,9,121.5548619,25.02025377
111,4,17,9,37,2,04大安區,大安區樂業街159巷35號,0,0,1,2,C03,7,1,5,30,14,9,1,5,4,5,5,4,4,10,5,5,1,16,2,46,2,8,1,1,7,9,1,10,11,12,,44,19,1,22,9,121.5548619,25.02025377
111,4,17,9,38,2,08士林區,士林區中山北路5段與文林路口,0,0,1,2,C03,8,1,5,50,4,2,1,5,4,5,7,1,1,4,3,1,2,17,1,21,2,8,1,1,7,9,1,10,1,11,,23,9,1,22,9,121.5256202,25.08600263
111,4,17,9,38,2,08士林區,士林區中山北路5段與文林路口,0,0,1,1,B03,8,1,5,50,4,2,1,5,4,5,7,1,1,4,3,1,2,17,1,37,3,10,1,1,7,6,1,8,1,2,,9,9,1,22,9,121.5256202,25.08600263
111,4,17,10,20,2,05中正區,中正區金山南路1段與臨沂街32巷口,0,0,1,1,C03,7,1,5,50,3,2,1,5,4,5,7,4,4,3,4,5,2,13,1,45,2,9,1,1,7,9,1,10,2,11,,16,16,1,22,9,121.5289744,25.03984813
111,4,17,10,20,2,05中正區,中正區金山南路1段與臨沂街32巷口,0,0,1,2,B03,7,1,5,50,3,2,1,5,4,5,7,4,4,3,4,5,2,13,1,38,3,10,1,1,7,6,1,8,2,7,,44,16,1,22,9,121.5289744,25.03984813
111,4,17,11,0,2,02萬華區,萬華區西藏路213號,0,0,3,1,A41,8,1,5,50,14,9,1,5,4,5,1,4,4,1,4,5,2,17,1,57,3,10,1,1,7,5,1,1,9,15,,30,30,1,22,9,121.496056,25.02867332
111,4,17,11,0,2,02萬華區,萬華區西藏路213號,0,0,3,2,C03,8,1,5,50,14,9,1,5,4,5,1,4,4,1,4,5,2,17,2,21,2,9,1,1,7,5,1,10,2,14,,13,30,1,22,9,121.496056,25.02867332
111,4,17,11,0,2,02萬華區,萬華區西藏路213號,0,0,3,3,C03,8,1,5,50,14,9,1,5,4,5,1,4,4,1,4,5,2,17,1,21,2,8,1,1,7,9,1,10,2,14,,44,30,1,22,9,121.496056,25.02867332
111,4,17,11,0,2,02萬華區,萬華區西藏路213號,0,0,3,4,H02,8,1,5,50,14,9,1,5,4,5,1,4,4,1,4,5,2,17,2,24,2,9,4,5,7,20,8,20,10,16,,67,30,1,22,9,121.496056,25.02867332
111,4,17,11,37,2,02萬華區,萬華區東園街73巷與西藏路199巷口,0,0,1,1,C03,8,1,5,30,5,1,1,5,4,5,7,3,1,10,5,5,2,15,4,,3,10,1,1,7,9,7,19,9,15,,43,44,2,22,9,121.4997802,25.0263729
111,4,17,11,37,2,02萬華區,萬華區東園街73巷與西藏路199巷口,0,0,1,2,C03,8,1,5,30,5,1,1,5,4,5,7,3,1,10,5,5,2,15,2,47,2,9,1,1,7,9,4,11,9,11,,44,44,1,22,9,121.4997802,25.0263729
111,4,17,11,41,2,03中山區,中山區中山北路3段與酒泉街口,0,0,2,2,C03,8,1,5,50,4,1,1,5,4,5,7,1,1,1,3,5,1,17,1,19,2,8,1,1,7,9,1,10,1,15,,43,43,1,22,9,121.5234959,25.07093841
111,4,17,11,41,2,03中山區,中山區中山北路3段與酒泉街口,0,0,2,1,C03,8,1,5,50,4,1,1,5,4,5,7,1,1,1,3,5,1,17,1,45,2,5,1,1,7,5,1,10,1,12,,43,43,1,22,9,121.5234959,25.07093841
111,4,17,12,33,2,04大安區,大安區光復南路458號前,0,0,1,1,B01,8,1,5,50,14,9,1,5,4,5,7,4,4,8,3,5,1,14,1,46,3,10,1,1,7,1,1,4,1,5,,23,23,1,10,4,121.5573889,25.03533688
111,4,17,12,33,2,04大安區,大安區光復南路458號前,0,0,1,2,C03,8,1,5,50,14,9,1,5,4,5,7,4,4,8,3,5,1,14,1,21,2,8,1,1,7,2,1,9,1,13,,12,23,1,5,1,121.5573889,25.03533688
111,4,17,13,0,2,08士林區,士林區中山北路5段與福國路口,0,0,1,1,B01,7,1,5,50,14,9,1,5,4,5,7,4,4,1,2,5,1,16,1,55,3,10,1,1,7,8,1,4,1,2,,7,7,1,21,8,121.525547,25.10236021
111,4,17,13,0,2,08士林區,士林區中山北路5段與福國路口,0,0,1,2,C03,7,1,5,50,14,9,1,5,4,5,7,4,4,1,2,5,1,16,1,25,2,8,1,1,7,9,1,10,1,14,,44,7,1,21,8,121.525547,25.10236021
111,4,17,13,14,2,01大同區,大同區鄭州路與西寧北路口,0,0,2,1,B01,7,1,5,40,4,1,1,5,4,5,7,2,1,7,2,5,2,17,1,62,3,10,1,4,7,8,6,18,2,8,,23,23,1,22,9,121.508199,25.05060083
111,4,17,13,14,2,01大同區,大同區鄭州路與西寧北路口,0,0,2,2,C03,7,1,5,40,4,1,1,5,4,5,7,2,1,7,2,5,2,17,1,45,2,9,1,4,7,5,1,10,2,13,,44,23,1,22,9,121.508199,25.05060083
111,4,17,13,14,2,01大同區,大同區鄭州路與西寧北路口,0,0,2,3,B03,7,1,5,40,4,1,1,5,4,5,7,2,1,7,2,5,2,17,1,30,3,10,1,4,7,5,1,8,2,6,,44,23,1,22,9,121.508199,25.05060083
111,4,17,13,14,2,01大同區,大同區鄭州路與西寧北路口,0,0,2,4,H02,7,1,5,40,4,1,1,5,4,5,7,2,1,7,2,5,2,17,2,13,2,7,1,5,7,21,8,20,10,16,,67,23,1,22,9,121.508199,25.05060083
111,4,17,13,32,2,12內湖區,內湖區民權東路6段46巷(禾馨民權停車場出入口),0,0,1,1,B03,7,1,5,50,14,9,1,5,4,5,7,4,4,9,5,5,2,17,1,32,4,11,3,4,7,15,7,19,11,15,,25,25,2,22,9,121.5816791,25.06787251
111,4,17,13,32,2,12內湖區,內湖區民權東路6段46巷(禾馨民權停車場出入口),0,0,1,2,C03,7,1,5,50,14,9,1,5,4,5,7,4,4,9,5,5,2,17,1,44,2,9,1,1,7,14,1,10,1,12,,43,25,1,22,9,121.5816791,25.06787251
111,4,17,13,37,2,04大安區,大安區通安街與安和路2段35巷口,0,0,1,1,C03,7,1,5,30,4,2,1,5,4,5,7,4,4,10,4,5,2,16,2,43,2,9,1,1,7,1,1,10,1,12,,19,19,1,22,9,121.5532984,25.0317047
111,4,17,13,37,2,04大安區,大安區通安街與安和路2段35巷口,0,0,1,2,B03,7,1,5,30,4,2,1,5,4,5,7,4,4,10,4,5,2,16,2,60,3,10,1,1,7,9,1,8,1,4,,44,19,1,22,9,121.5532984,25.0317047
111,4,17,13,55,2,05中正區,中正區鄭州路與重慶北路1段口,0,0,1,1,B01,8,1,5,40,4,1,1,5,4,5,7,2,1,1,4,5,2,17,1,42,3,10,1,1,7,5,1,4,2,15,,25,25,1,22,9,121.5133401,25.04930904
111,4,17,13,55,2,05中正區,中正區鄭州路與重慶北路1段口,0,0,1,2,B03,8,1,5,40,4,1,1,5,4,5,7,2,1,1,4,5,2,17,1,40,3,10,1,1,7,8,1,8,2,6,,7,25,1,22,9,121.5133401,25.04930904
111,4,17,13,55,2,05中正區,中正區鄭州路與重慶北路1段口,0,0,1,3,C03,8,1,5,40,4,1,1,5,4,5,7,2,1,1,4,5,2,17,1,28,2,9,1,1,7,9,1,10,2,14,,44,25,1,22,9,121.5133401,25.04930904
111,4,17,14,5,2,03中山區,中山區北安路458巷與北安路458巷51弄口,0,0,1,1,B03,7,1,5,50,4,1,1,5,4,5,7,3,1,10,5,5,2,13,1,23,3,10,1,4,7,9,1,8,1,1,,16,16,1,22,9,121.5445613,25.07779985
111,4,17,14,5,2,03中山區,中山區北安路458巷與北安路458巷51弄口,0,0,1,2,B03,7,1,5,50,4,1,1,5,4,5,7,3,1,10,5,5,2,13,1,58,3,10,1,4,7,14,1,8,1,3,,42,16,1,22,9,121.5445613,25.07779985
111,4,17,14,5,2,03中山區,中山區北安路458巷與北安路458巷51弄口,0,0,1,3,H02,7,1,5,50,4,1,1,5,4,5,7,3,1,10,5,5,2,13,2,56,2,2,1,5,7,20,8,20,10,16,,67,16,1,22,9,121.5445613,25.07779985
111,4,17,15,0,2,04大安區,大安區和平東路2段175巷與瑞安街135巷口,0,0,1,1,C03,8,1,5,30,4,1,1,5,4,5,7,4,4,9,5,5,2,15,1,53,2,9,1,1,7,9,1,10,1,14,,6,6,1,22,9,121.5418051,25.0265288
111,4,17,15,0,2,04大安區,大安區和平東路2段175巷與瑞安街135巷口,0,0,1,2,B03,8,1,5,30,4,1,1,5,4,5,7,4,4,9,5,5,2,15,1,40,3,10,1,1,7,9,1,8,1,1,,23,6,1,22,9,121.5418051,25.0265288
111,4,17,15,48,2,09北投區,北投區公館路與公館路423巷口,0,0,1,1,C03,7,1,5,50,3,1,1,5,4,5,7,4,4,10,4,5,1,12,1,23,2,9,1,1,7,7,1,10,1,13,,7,7,1,22,9,121.5024603,25.12090781
111,4,17,15,48,2,09北投區,北投區公館路與公館路423巷口,0,0,1,2,B03,7,1,5,50,3,1,1,5,4,5,7,4,4,10,4,5,1,12,1,64,3,10,1,1,7,9,1,8,1,8,,23,7,1,22,9,121.5024603,25.12090781
111,4,17,16,0,2,05中正區,中正區延平南路與寶慶路口,0,0,1,1,B03,8,1,5,50,4,2,1,5,4,5,7,4,4,10,5,5,2,12,1,26,3,10,1,4,7,1,1,8,2,5,,19,19,1,22,9,121.5094148,25.04154626
111,4,17,16,0,2,05中正區,中正區延平南路與寶慶路口,0,0,1,2,C03,8,1,5,50,4,2,1,5,4,5,7,4,4,10,5,5,2,12,1,20,2,9,1,1,7,9,1,10,2,11,,44,19,1,22,9,121.5094148,25.04154626
111,4,17,16,23,2,12內湖區,內湖區舊宗路2段121巷與瑞湖街口,0,0,2,1,B03,8,1,5,50,4,1,1,5,4,5,7,2,1,9,4,5,2,16,1,36,3,10,3,4,7,5,1,8,2,5,,6,6,1,22,9,121.5764451,25.0689879
111,4,17,16,23,2,12內湖區,內湖區舊宗路2段121巷與瑞湖街口,0,0,2,2,C03,8,1,5,50,4,1,1,5,4,5,7,2,1,9,4,5,2,16,2,46,2,7,1,1,7,9,1,10,2,11,,44,6,1,22,9,121.5764451,25.0689879
111,4,17,16,23,2,12內湖區,內湖區舊宗路2段121巷與瑞湖街口,0,0,2,3,H02,8,1,5,50,4,1,1,5,4,5,7,2,1,9,4,5,2,16,2,19,2,8,1,5,7,21,8,20,10,16,,67,6,1,22,9,121.5764451,25.0689879
111,4,17,16,40,2,09北投區,北投區中央北路2段305號,0,0,3,1,C03,8,1,5,50,14,9,1,5,4,5,7,4,4,9,4,5,2,17,2,22,2,9,1,1,7,15,1,10,1,11,,23,23,1,22,9,121.489897,25.13843675
111,4,17,16,40,2,09北投區,北投區中央北路2段305號,0,0,3,2,C03,8,1,5,50,14,9,1,5,4,5,7,4,4,9,4,5,2,17,1,46,2,9,1,1,7,15,1,10,1,11,,44,23,1,22,9,121.489897,25.13843675
111,4,17,16,40,2,09北投區,北投區中央北路2段305號,0,0,3,3,H02,8,1,5,50,14,9,1,5,4,5,7,4,4,9,4,5,2,17,2,40,2,9,1,5,7,21,8,20,10,16,,67,23,1,22,9,121.489897,25.13843675
111,4,17,16,40,2,09北投區,北投區中央北路2段305號,0,0,3,4,C03,8,1,5,50,14,9,1,5,4,5,7,4,4,9,4,5,2,17,1,34,3,10,1,1,7,21,1,10,9,11,,44,23,1,22,9,121.489897,25.13843675
111,4,17,16,40,2,09北投區,北投區中央北路2段305號,0,0,3,5,C03,8,1,5,50,14,9,1,5,4,5,7,4,4,9,4,5,2,17,1,51,3,10,1,1,7,21,1,10,9,11,,44,23,1,22,9,121.489897,25.13843675
111,4,17,17,2,2,05中正區,中正區仁愛路2段與臨沂街口,0,0,1,1,B03,8,1,5,50,4,1,1,5,4,5,7,2,1,1,4,1,2,16,1,26,3,10,1,1,7,5,1,8,2,4,,8,8,1,22,9,121.5293751,25.03810929
111,4,17,17,2,2,05中正區,中正區仁愛路2段與臨沂街口,0,0,1,2,C03,8,1,5,50,4,1,1,5,4,5,7,2,1,1,4,1,2,16,1,28,2,8,1,1,7,9,1,10,2,11,,44,8,1,22,9,121.5293751,25.03810929
111,4,17,17,15,2,03中山區,中山區吉林路與民族東路口,0,0,1,1,B12,7,1,5,50,3,1,1,5,4,5,7,1,1,1,4,5,2,13,1,34,3,10,1,1,7,7,1,8,2,3,,7,7,1,22,9,121.5304526,25.0682413
111,4,17,17,15,2,03中山區,中山區吉林路與民族東路口,0,0,1,2,C02,7,1,5,50,3,1,1,5,4,5,7,1,1,1,4,5,2,13,1,47,2,9,1,1,7,8,1,9,2,11,,13,7,1,22,9,121.5304526,25.0682413
111,4,17,17,37,2,06松山區,松山區塔悠路與松信路口,0,0,1,1,C03,8,1,5,50,4,1,1,5,4,5,7,1,1,1,4,4,2,12,1,33,2,9,1,1,7,5,1,10,1,14,,8,8,1,22,9,121.5721546,25.0499064
111,4,17,17,37,2,06松山區,松山區塔悠路與松信路口,0,0,1,2,B03,8,1,5,50,4,1,1,5,4,5,7,1,1,1,4,4,2,12,1,20,3,10,3,4,7,9,1,8,1,2,,23,8,1,22,9,121.5721546,25.0499064
111,4,17,18,19,2,09北投區,北投區光明路與育仁路口,0,0,1,1,F01,8,3,5,50,3,2,1,5,4,5,7,2,1,5,5,5,1,17,1,35,2,9,1,1,7,1,8,20,1,16,,19,19,1,22,9,121.4988002,25.1322798
111,4,17,18,19,2,09北投區,北投區光明路與育仁路口,0,0,1,2,C03,8,3,5,50,3,2,1,5,4,5,7,2,1,5,5,5,1,17,2,55,3,10,1,1,7,9,1,10,1,11,,44,19,1,22,9,121.4988002,25.1322798
111,4,17,18,57,2,07信義區,信義區吳興街450巷與吳興街口,0,0,3,1,C03,7,3,5,30,4,1,1,5,4,5,7,4,4,9,5,5,2,15,2,21,2,9,1,1,7,9,1,10,1,12,,6,6,1,22,9,121.5685984,25.02396868
111,4,17,18,57,2,07信義區,信義區吳興街450巷與吳興街口,0,0,3,2,C03,7,3,5,30,4,1,1,5,4,5,7,4,4,9,5,5,2,15,1,58,2,9,1,1,7,9,1,10,1,11,,44,6,1,22,9,121.5685984,25.02396868
111,4,17,18,57,2,07信義區,信義區吳興街450巷與吳興街口,0,0,3,3,H02,7,3,5,30,4,1,1,5,4,5,7,4,4,9,5,5,2,15,2,60,2,9,1,5,7,20,8,20,10,16,,67,6,1,22,9,121.5685984,25.02396868
111,4,17,19,5,2,07信義區,信義區菸廠路一號倉庫,0,0,1,1,B03,7,3,5,50,14,9,1,5,4,5,7,4,4,10,4,5,2,16,1,45,3,10,1,1,7,1,1,8,1,4,,19,19,1,22,9,121.5594675,25.04508895
111,4,17,19,5,2,07信義區,信義區菸廠路一號倉庫,0,0,1,2,C03,7,3,5,50,14,9,1,5,4,5,7,4,4,10,4,5,2,16,2,36,2,9,1,1,7,9,1,10,1,12,,44,19,1,22,9,121.5594675,25.04508895
111,4,17,19,15,2,12內湖區,內湖區成功路2段與成功路2段486巷口,0,0,1,1,C03,8,3,5,50,3,2,1,5,4,5,7,2,1,3,4,5,2,29,1,45,2,9,1,1,7,9,1,10,1,14,,43,43,1,22,9,121.5897966,25.07308621
111,4,17,19,15,2,12內湖區,內湖區成功路2段與成功路2段486巷口,0,0,1,2,,8,3,5,50,3,2,1,5,4,5,7,2,1,3,4,5,2,29,3,,,,,,,,,,,,,67,43,1,,,121.5897966,25.07308621
111,4,17,19,33,2,05中正區,中正區中山南路與仁愛路1段口,0,0,1,1,B03,8,3,5,50,5,2,1,5,4,5,7,1,1,10,4,1,1,12,1,41,3,10,1,1,7,9,1,8,2,5,,17,17,1,22,9,121.5179429,25.03944082
111,4,17,19,33,2,05中正區,中正區中山南路與仁愛路1段口,0,0,1,2,C03,8,3,5,50,5,2,1,5,4,5,7,1,1,10,4,1,1,12,1,29,2,9,1,1,7,9,1,9,2,13,,17,17,1,22,9,121.5179429,25.03944082
111,4,17,19,49,2,03中山區,中山區林森北路與德惠街口,0,0,2,1,C03,8,3,5,50,4,1,1,5,4,5,7,1,1,5,5,5,2,17,1,37,2,9,1,1,7,5,1,10,1,12,,6,6,1,22,9,121.5257193,25.0667108
111,4,17,19,49,2,03中山區,中山區林森北路與德惠街口,0,0,2,2,C03,8,3,5,50,4,1,1,5,4,5,7,1,1,5,5,5,2,17,1,38,2,9,1,1,7,9,1,10,1,11,,44,6,1,22,9,121.5257193,25.0667108
111,4,17,20,33,2,02萬華區,萬華區廣州街279號,0,0,3,1,H01,8,3,5,30,14,9,4,5,4,5,7,4,4,10,5,5,2,9,1,14,2,8,4,5,8,18,8,20,10,16,,51,51,1,22,9,121.4961961,25.03681303
111,4,17,20,33,2,02萬華區,萬華區廣州街279號,0,0,3,2,C03,8,3,5,30,14,9,4,5,4,5,7,4,4,10,5,5,2,9,1,41,2,9,1,1,7,9,1,10,1,11,,23,51,1,22,9,121.4961961,25.03681303
111,4,17,20,33,2,02萬華區,萬華區廣州街279號,0,0,3,3,H02,8,3,5,30,14,9,4,5,4,5,7,4,4,10,5,5,2,9,2,6,2,9,4,5,7,20,8,20,10,16,,67,51,1,22,9,121.4961961,25.03681303
111,4,17,20,57,2,03中山區,中山區民權東路2段176號,0,0,1,1,C03,8,3,5,50,14,9,1,5,4,5,7,4,4,3,4,5,2,13,1,46,2,8,1,1,7,9,1,10,1,11,,23,23,1,22,9,121.5356426,25.06248029