發生年度,發生月,發生日,發生時-Hours,發生分,處理別-編號,區序,肇事地點,死亡人數,2-30日死亡人數,受傷人數,當事人序號,車種,天候,光線,道路類別,速限-速度限制,道路型態,事故位置,路面狀況1,路面狀況2,路面狀況3,道路障礙1,道路障礙2,號誌1,號誌2,車道劃分-分向,車道劃分-分道1,車道劃分-分道2,車道劃分-分道3,事故類型及型態,性別,年齡,受傷程度,主要傷處,安全帽,行動電話,車輛用途,當事者行動狀態,駕駛資格情形,駕駛執照種類,飲酒情形,車輛撞擊部位1,車輛撞擊部位2,肇因碼-個別,肇因碼-主要,個人肇逃否,職業,旅次目的,座標-X,座標-Y
111,4,17,20,57,2,03中山區,中山區民權東路2段176號,0,0,1,2,C03,8,3,5,50,14,9,1,5,4,5,7,4,4,3,4,5,2,13,1,29,3,10,1,1,7,15,1,10,1,13,,44,23,1,22,9,121.5356426,25.06248029
111,4,17,20,57,2,03中山區,中山區民權東路2段176號,0,0,1,3,B03,8,3,5,50,14,9,1,5,4,5,7,4,4,3,4,5,2,13,1,31,3,10,1,1,7,1,1,8,1,15,,19,23,1,22,9,121.5356426,25.06248029
111,4,17,21,0,2,04大安區,大安區和平東路3段與和平東路3段575巷口,0,0,2,1,B03,8,3,5,50,3,1,1,5,4,5,7,4,4,4,5,5,1,13,1,60,3,10,1,1,7,9,1,8,2,1,,23,23,1,22,9,121.5617409,25.01500295
111,4,17,21,0,2,04大安區,大安區和平東路3段與和平東路3段575巷口,0,0,2,2,C03,8,3,5,50,3,1,1,5,4,5,7,4,4,4,5,5,1,13,1,26,2,7,1,1,7,9,1,10,2,11,,16,23,1,22,9,121.5617409,25.01500295
111,4,17,21,0,2,04大安區,大安區和平東路3段與和平東路3段575巷口,0,0,2,3,C03,8,3,5,50,3,1,1,5,4,5,7,4,4,4,5,5,1,13,1,62,2,9,1,1,7,5,1,10,2,13,,44,23,1,22,9,121.5617409,25.01500295
111,4,17,21,16,2,03中山區,中山區建國北路1段與朱崙街口迴轉道,0,0,2,1,C03,8,3,5,50,4,2,1,5,4,5,7,1,1,1,3,5,1,12,1,20,2,7,1,1,7,8,1,10,1,11,,23,23,1,22,9,121.5369593,25.04953783
111,4,17,21,16,2,03中山區,中山區建國北路1段與朱崙街口迴轉道,0,0,2,2,B03,8,3,5,50,4,2,1,5,4,5,7,1,1,1,3,5,1,12,1,75,3,10,1,1,7,7,1,8,1,7,,42,23,1,22,9,121.5369593,25.04953783
111,4,17,21,16,2,03中山區,中山區建國北路1段與朱崙街口迴轉道,0,0,2,3,H02,8,3,5,50,4,2,1,5,4,5,7,1,1,1,3,5,1,12,2,18,2,8,4,5,7,20,8,20,10,15,,67,23,1,22,9,121.5369593,25.04953783
111,4,17,21,22,2,03中山區,中山區中山北路2段與中山北路2段11巷口口,0,0,2,2,C03,7,3,5,50,3,1,1,5,4,5,7,4,4,5,4,5,2,13,1,25,2,7,1,1,7,12,1,10,1,13,,44,16,1,22,9,121.5227142,25.05276985
111,4,17,21,22,2,03中山區,中山區中山北路2段與中山北路2段11巷口口,0,0,2,3,B03,7,3,5,50,3,1,1,5,4,5,7,4,4,5,4,5,2,13,1,29,3,10,3,4,7,6,1,8,1,15,,44,16,1,22,9,121.5227142,25.05276985
111,4,17,21,22,2,03中山區,中山區中山北路2段與中山北路2段11巷口口,0,0,2,1,C03,7,3,5,50,3,1,1,5,4,5,7,4,4,5,4,5,2,13,2,25,2,8,1,1,7,9,1,10,1,11,,16,16,1,22,9,121.5227142,25.05276985
111,4,17,21,25,2,12內湖區,內湖區新明路305號,0,0,2,1,G06,8,3,5,40,14,8,1,5,4,5,7,4,4,5,5,4,2,16,1,31,2,9,4,1,7,9,7,19,1,15,,4,4,1,22,9,121.5849413,25.05711401
111,4,17,21,25,2,12內湖區,內湖區新明路305號,0,0,2,2,C03,8,3,5,40,14,8,1,5,4,5,7,4,4,5,5,4,2,16,2,34,2,7,1,1,7,6,1,10,1,11,,44,4,1,22,9,121.5849413,25.05711401
111,4,17,22,14,2,05中正區,中正區南昌路2段9巷與南昌路2段口,0,0,2,1,C03,8,3,5,30,3,1,1,5,4,5,7,4,4,10,5,5,2,17,2,50,2,7,1,1,7,9,1,10,2,11,,4,4,1,22,9,121.5194622,25.0283716
111,4,17,22,14,2,05中正區,中正區南昌路2段9巷與南昌路2段口,0,0,2,2,C03,8,3,5,30,3,1,1,5,4,5,7,4,4,10,5,5,2,17,1,38,2,9,1,1,7,5,1,10,2,14,,4,4,1,22,9,121.5194622,25.0283716
111,4,17,22,19,2,03中山區,中山區民權西路67號,0,0,4,1,B01,8,3,5,40,14,7,1,5,4,5,7,4,4,1,4,4,2,17,2,44,3,10,1,1,7,1,1,4,2,15,,19,19,1,22,9,121.5201002,25.06292228
111,4,17,22,19,2,03中山區,中山區民權西路67號,0,0,4,2,C03,8,3,5,40,14,7,1,5,4,5,7,4,4,1,4,4,2,17,2,25,2,9,1,1,7,12,1,10,2,12,,16,19,1,22,9,121.5201002,25.06292228
111,4,17,22,19,2,03中山區,中山區民權西路67號,0,0,4,3,C03,8,3,5,40,14,7,1,5,4,5,7,4,4,1,4,4,2,17,1,33,2,9,1,1,7,12,1,10,2,14,,44,19,1,22,9,121.5201002,25.06292228
111,4,17,22,19,2,03中山區,中山區民權西路67號,0,0,4,4,C03,8,3,5,40,14,7,1,5,4,5,7,4,4,1,4,4,2,17,1,23,2,9,1,1,7,12,1,10,2,11,,16,19,1,22,9,121.5201002,25.06292228
111,4,17,22,19,2,03中山區,中山區民權西路67號,0,0,4,5,C03,8,3,5,40,14,7,1,5,4,5,7,4,4,1,4,4,2,17,2,30,3,10,1,1,7,12,1,10,2,14,,16,19,1,22,9,121.5201002,25.06292228
111,4,17,22,19,2,03中山區,中山區民權西路67號,0,0,4,6,C03,8,3,5,40,14,7,1,5,4,5,7,4,4,1,4,4,2,17,1,44,2,9,1,1,7,12,1,10,2,12,,44,19,1,22,9,121.5201002,25.06292228
111,4,17,23,20,2,01大同區,大同區赤峰街53巷與赤峰街口,0,0,2,1,C03,7,3,5,30,3,2,1,5,4,5,7,4,4,10,5,5,1,15,1,23,2,9,1,1,7,9,1,10,1,14,,6,6,1,22,9,121.5196887,25.05617638
111,4,17,23,20,2,01大同區,大同區赤峰街53巷與赤峰街口,0,0,2,2,C03,7,3,5,30,3,2,1,5,4,5,7,4,4,10,5,5,1,15,2,37,2,9,1,1,7,9,1,10,1,11,,14,6,1,22,9,121.5196887,25.05617638
111,4,17,23,39,2,02萬華區,萬華區東園街與民和街口,0,0,2,1,C03,8,4,5,50,4,1,1,5,4,5,7,1,1,5,4,5,1,16,1,27,2,9,1,1,7,5,1,10,1,13,,8,8,1,22,9,121.4968222,25.02514382
111,4,17,23,39,2,02萬華區,萬華區東園街與民和街口,0,0,2,2,C03,8,4,5,50,4,1,1,5,4,5,7,1,1,5,4,5,1,16,1,24,2,9,1,1,7,9,1,10,1,11,,23,8,1,22,9,121.4968222,25.02514382
111,4,18,6,53,2,05中正區,中正區重慶南路1段與凱達格蘭大道口,0,0,3,1,B03,8,1,5,50,3,2,1,5,4,5,7,1,1,10,5,5,2,13,1,30,2,9,1,1,7,9,3,18,2,1,,23,20,1,22,9,121.5129879,25.0398907
111,4,18,6,53,2,05中正區,中正區重慶南路1段與凱達格蘭大道口,0,0,3,2,B03,8,1,5,50,3,2,1,5,4,5,7,1,1,10,5,5,2,13,1,53,2,2,1,1,7,14,1,8,2,3,,44,20,1,22,9,121.5129879,25.0398907
111,4,18,6,53,2,05中正區,中正區重慶南路1段與凱達格蘭大道口,0,0,3,3,H02,8,1,5,50,3,2,1,5,4,5,7,1,1,10,5,5,2,13,2,42,2,9,4,5,7,21,8,20,10,16,,67,20,1,22,9,121.5129879,25.0398907
111,4,18,7,40,2,03中山區,中山區明水路397巷與明水路口,0,0,1,1,C03,8,1,5,50,3,1,1,5,4,5,7,1,1,1,4,5,2,16,1,67,2,9,1,1,7,5,1,10,1,14,,44,44,1,22,9,121.5476438,25.07740766
111,4,18,7,40,2,03中山區,中山區明水路397巷與明水路口,0,0,1,2,B03,8,1,5,50,3,1,1,5,4,5,7,1,1,1,4,5,2,16,1,55,3,10,1,1,7,9,1,8,1,2,,44,44,1,22,9,121.5476438,25.07740766
111,4,18,7,40,2,08士林區,士林區中山北路6段270號,0,0,2,1,C03,8,1,5,50,14,9,1,5,4,5,7,4,4,1,4,5,2,16,2,29,2,9,3,4,7,8,1,10,2,12,,7,7,1,22,9,121.5254744,25.10983231
111,4,18,7,40,2,08士林區,士林區中山北路6段270號,0,0,2,2,C03,8,1,5,50,14,9,1,5,4,5,7,4,4,1,4,5,2,16,1,46,2,9,3,4,7,9,1,10,2,11,,44,7,1,22,9,121.5254744,25.10983231
111,4,18,7,40,2,12內湖區,內湖區成功路2段與成功路2段456巷口,0,0,1,1,B03,8,1,5,50,3,2,1,5,4,5,7,4,4,1,4,5,2,13,1,66,3,10,1,1,7,9,1,8,2,2,,23,23,1,22,9,121.5897318,25.07237478
111,4,18,7,40,2,12內湖區,內湖區成功路2段與成功路2段456巷口,0,0,1,2,C03,8,1,5,50,3,2,1,5,4,5,7,4,4,1,4,5,2,13,2,62,2,9,1,1,7,9,1,10,2,15,,44,23,1,22,9,121.5897318,25.07237478
111,4,18,7,47,2,06松山區,松山區南京東路5段285號與南京東路5段口,0,0,2,2,C03,8,1,5,0,4,2,1,5,4,5,7,1,1,8,3,4,1,27,1,51,2,9,2,1,7,9,1,10,1,14,,23,66,1,22,9,121.5659228,25.05145496
111,4,18,7,47,2,06松山區,松山區南京東路5段285號與南京東路5段口,0,0,2,3,H02,8,1,5,0,4,2,1,5,4,5,7,1,1,8,3,4,1,27,2,47,2,9,3,1,7,21,8,20,10,16,,67,66,1,22,9,121.5659228,25.05145496
111,4,18,7,47,2,06松山區,松山區南京東路5段285號與南京東路5段口,0,0,2,1,,8,1,5,0,4,2,1,5,4,5,7,1,1,8,3,4,1,27,3,,,,,,,,,,1,,,66,66,1,,,121.5659228,25.05145496
111,4,18,7,57,2,05中正區,中正區林森南路33號對面,0,0,1,1,C03,8,1,5,50,14,9,1,5,4,5,7,4,4,5,4,5,2,13,2,27,2,9,1,1,7,9,1,10,2,12,,23,23,1,22,9,121.5224809,25.04186868
111,4,18,7,57,2,05中正區,中正區林森南路33號對面,0,0,1,2,B03,8,1,5,50,14,9,1,5,4,5,7,4,4,5,4,5,2,13,1,46,3,10,1,1,7,12,1,8,2,7,,44,23,1,22,9,121.5224809,25.04186868
111,4,18,7,57,2,05中正區,中正區林森南路33號對面,0,0,1,3,B03,8,1,5,50,14,9,1,5,4,5,7,4,4,5,4,5,2,13,1,51,3,10,1,1,7,14,1,8,2,15,,40,23,1,22,9,121.5224809,25.04186868
111,4,18,8,5,2,11南港區,南港區重陽路504巷與三重路41巷口,0,0,1,1,B01,8,1,5,30,3,1,1,5,4,5,6,4,4,7,5,5,2,17,1,50,3,10,1,4,7,5,1,4,1,8,,8,8,1,22,9,121.6123783,25.0598981
111,4,18,8,5,2,11南港區,南港區重陽路504巷與三重路41巷口,0,0,1,2,C03,8,1,5,30,3,1,1,5,4,5,6,4,4,7,5,5,2,17,1,38,2,9,1,4,7,9,1,10,1,12,,44,8,1,22,9,121.6123783,25.0598981
111,4,18,8,20,2,10文山區,文山區興隆路2段97號,0,0,1,1,B03,8,1,8,0,17,20,4,5,4,5,7,4,4,10,5,5,2,8,1,48,3,10,1,1,7,2,1,8,9,3,,12,12,1,22,9,121.5475076,24.99965697
111,4,18,8,20,2,10文山區,文山區興隆路2段97號,0,0,1,2,H01,8,1,8,0,17,20,4,5,4,5,7,4,4,10,5,5,2,8,1,73,2,9,4,5,8,17,8,20,10,16,,67,12,1,22,9,121.5475076,24.99965697
111,4,18,8,40,2,12內湖區,內湖區瑞光路與瑞光路66巷口口,0,0,1,1,B03,8,1,5,50,4,1,1,5,4,5,7,2,1,5,4,4,2,17,1,49,3,10,1,1,7,5,1,8,1,15,,6,6,1,22,9,121.5822625,25.07076961
111,4,18,8,40,2,12內湖區,內湖區瑞光路與瑞光路66巷口口,0,0,1,2,C03,8,1,5,50,4,1,1,5,4,5,7,2,1,5,4,4,2,17,1,30,2,9,1,1,7,9,1,10,1,14,,13,6,1,22,9,121.5822625,25.07076961
111,4,18,8,46,2,05中正區,中正區中山南路與仁愛路1段口,0,0,2,1,C03,8,1,5,50,5,2,1,5,4,5,7,1,1,1,1,5,2,16,1,26,2,8,1,1,7,6,1,10,2,12,,9,9,1,22,9,121.5180913,25.03933585
111,4,18,8,46,2,05中正區,中正區中山南路與仁愛路1段口,0,0,2,2,C03,8,1,5,50,5,2,1,5,4,5,7,1,1,1,1,5,2,16,2,24,2,8,1,1,7,9,1,10,2,14,,23,9,1,22,9,121.5180913,25.03933585
111,4,18,8,50,2,09北投區,北投區中央北路4段264號,0,0,1,1,A04,8,1,5,50,14,9,1,5,4,5,7,4,4,9,4,5,2,12,1,57,3,10,1,1,7,9,1,2,1,2,,43,43,1,22,9,121.4737758,25.13173934
111,4,18,8,50,2,09北投區,北投區中央北路4段264號,0,0,1,2,F01,8,1,5,50,14,9,1,5,4,5,7,4,4,9,4,5,2,12,1,46,2,1,1,1,7,9,8,20,1,16,,43,43,1,22,9,121.4737758,25.13173934
111,4,18,8,50,2,11南港區,南港區忠孝東路6段與永吉路口,0,0,1,1,B03,8,1,5,50,5,1,1,5,4,5,7,2,1,1,4,5,2,16,1,52,3,10,3,4,7,6,1,8,1,2,,9,9,1,22,9,121.5827167,25.04544397
111,4,18,8,50,2,11南港區,南港區忠孝東路6段與永吉路口,0,0,1,2,C03,8,1,5,50,5,1,1,5,4,5,7,2,1,1,4,5,2,16,1,20,2,9,1,1,7,9,1,10,1,14,,23,9,1,22,9,121.5827167,25.04544397
111,4,18,9,0,2,10文山區,文山區木柵路4段159巷170弄6-1號,0,0,2,1,C03,7,1,5,30,11,9,1,5,4,5,7,4,4,10,5,5,2,17,2,45,3,10,1,4,7,5,1,10,1,15,,5,5,1,22,9,121.5778235,25.00397378
111,4,18,9,0,2,10文山區,文山區木柵路4段159巷170弄6-1號,0,0,2,2,F01,7,1,5,30,11,9,1,5,4,5,7,4,4,10,5,5,2,17,2,35,2,8,1,1,7,6,8,20,1,15,,42,5,1,22,9,121.5778235,25.00397378
111,4,18,9,0,2,10文山區,文山區木柵路4段159巷170弄6-1號,0,0,2,3,H02,7,1,5,30,11,9,1,5,4,5,7,4,4,10,5,5,2,17,1,9,2,8,4,5,7,20,8,20,10,15,,67,5,1,22,9,121.5778235,25.00397378
111,4,18,9,21,2,06松山區,松山區延壽街359號,0,0,1,1,C03,7,1,5,50,14,9,1,5,4,5,7,4,4,4,3,5,2,13,1,61,3,10,3,4,7,9,1,10,1,11,,23,23,1,22,9,121.5588442,25.05649999
111,4,18,9,21,2,06松山區,松山區延壽街359號,0,0,1,2,C03,7,1,5,50,14,9,1,5,4,5,7,4,4,4,3,5,2,13,1,29,2,8,3,4,7,9,1,10,1,12,,43,23,1,22,9,121.5588442,25.05649999
111,4,18,9,30,2,10文山區,文山區木柵路1段260巷26號旁,0,0,1,1,C03,8,1,5,30,14,9,1,5,4,5,7,4,4,10,5,5,2,11,1,58,3,10,1,1,7,5,1,10,1,14,,5,5,1,22,9,121.5549318,24.9875066
111,4,18,9,30,2,10文山區,文山區木柵路1段260巷26號旁,0,0,1,2,F01,8,1,5,30,14,9,1,5,4,5,7,4,4,10,5,5,2,11,2,46,2,8,1,1,7,6,8,20,1,16,,5,5,1,22,9,121.5549318,24.9875066
111,4,18,9,33,2,09北投區,北投區大度路3段大度陸橋往台北方向,0,0,1,1,C03,8,1,5,50,14,9,1,5,4,5,7,4,4,1,4,5,2,12,1,62,2,9,1,1,7,9,1,10,2,14,,17,17,1,22,9,121.4677544,25.1233369
111,4,18,9,33,2,09北投區,北投區大度路3段大度陸橋往台北方向,0,0,1,2,B03,8,1,5,50,14,9,1,5,4,5,7,4,4,1,4,5,2,12,1,30,3,10,1,1,7,9,1,8,2,1,,44,17,1,22,9,121.4677544,25.1233369
111,4,18,9,34,2,06松山區,松山區民生東路3段128號,0,0,1,1,B03,7,1,5,50,14,9,1,5,4,5,7,2,1,1,4,5,2,12,2,46,3,10,1,1,7,6,1,8,1,2,,9,9,1,22,9,121.5460652,25.05767403
111,4,18,9,34,2,06松山區,松山區民生東路3段128號,0,0,1,2,C03,7,1,5,50,14,9,1,5,4,5,7,2,1,1,4,5,2,12,1,52,2,9,1,1,7,6,1,10,1,14,,23,9,1,22,9,121.5460652,25.05767403
111,4,18,9,34,2,06松山區,松山區民生東路3段128號,0,0,1,3,A04,7,1,5,50,14,9,1,5,4,5,7,2,1,1,4,5,2,12,1,31,3,10,1,1,7,9,1,2,9,15,,44,9,1,22,9,121.5460652,25.05767403
111,4,18,10,0,2,03中山區,中山區中山北路2段96號,0,0,1,1,F01,8,1,5,50,14,9,1,5,4,5,7,4,4,1,4,5,1,17,2,67,2,8,1,1,7,7,8,20,1,16,,7,7,1,22,9,121.5227601,25.059544
111,4,18,10,0,2,03中山區,中山區中山北路2段96號,0,0,1,2,B03,8,1,5,50,14,9,1,5,4,5,7,4,4,1,4,5,1,17,1,30,3,10,1,1,7,9,1,8,1,5,,44,7,1,22,9,121.5227601,25.059544
111,4,18,10,6,2,01大同區,大同區涼州街與安西街口口,0,0,1,1,C03,8,1,5,30,4,1,1,5,4,5,7,4,4,4,1,5,2,17,1,64,4,11,3,4,7,15,7,19,11,15,,6,6,2,22,9,121.5099179,25.0605779
111,4,18,10,6,2,01大同區,大同區涼州街與安西街口口,0,0,1,2,C03,8,1,5,30,4,1,1,5,4,5,7,4,4,4,1,5,2,17,1,26,2,9,1,1,7,9,1,9,9,14,,44,6,1,22,9,121.5099179,25.0605779
111,4,18,10,10,2,08士林區,士林區雨聲街與雨聲街165巷口,0,0,1,1,B02,8,1,5,50,3,2,1,5,4,5,7,3,1,5,5,5,2,17,1,50,3,10,3,4,7,8,1,8,1,15,,7,7,1,22,9,121.5335819,25.10239344
111,4,18,10,10,2,08士林區,士林區雨聲街與雨聲街165巷口,0,0,1,2,C03,8,1,5,50,3,2,1,5,4,5,7,3,1,5,5,5,2,17,1,20,2,9,1,1,7,9,1,10,1,12,,42,7,1,22,9,121.5335819,25.10239344
111,4,18,10,17,2,03中山區,中山區長安東路2段與新生北路1段口,0,0,1,1,B02,7,1,5,50,4,1,1,5,4,5,7,1,1,5,4,5,2,16,2,45,3,10,1,1,7,5,1,8,1,2,,25,25,1,22,9,121.5295896,25.0476083
111,4,18,10,17,2,03中山區,中山區長安東路2段與新生北路1段口,0,0,1,2,C03,7,1,5,50,4,1,1,5,4,5,7,1,1,5,4,5,2,16,1,21,2,8,1,1,7,9,1,10,1,11,,13,25,1,22,9,121.5295896,25.0476083
111,4,18,10,20,2,08士林區,士林區中正路270號,0,0,1,1,F01,8,1,5,0,14,20,2,5,4,5,7,4,4,10,5,5,2,1,1,72,3,10,1,1,7,9,8,20,1,15,,15,15,1,22,9,121.524106,25.09505132
111,4,18,10,20,2,08士林區,士林區中正路270號,0,0,1,2,H01,8,1,5,0,14,20,2,5,4,5,7,4,4,10,5,5,2,1,2,61,2,9,4,5,8,16,8,20,1,16,,67,15,1,22,9,121.524106,25.09505132
111,4,18,10,59,2,08士林區,士林區通河街76巷38號與承德路4段12巷口口,0,0,2,1,C03,7,1,5,30,4,1,1,5,4,5,7,4,4,10,5,5,1,15,1,41,2,9,1,1,7,9,1,10,2,11,,6,6,1,22,9,121.5203635,25.08052886
111,4,18,10,59,2,08士林區,士林區通河街76巷38號與承德路4段12巷口口,0,0,2,2,C03,7,1,5,30,4,1,1,5,4,5,7,4,4,10,5,5,1,15,2,46,2,9,1,1,7,9,1,10,2,14,,14,6,1,22,9,121.5203635,25.08052886
111,4,18,10,59,2,08士林區,士林區通河街76巷38號與承德路4段12巷口口,0,0,2,3,B03,7,1,5,30,4,1,1,5,4,5,7,4,4,10,5,5,1,15,1,22,3,10,1,1,7,14,1,8,2,4,,44,6,1,22,9,121.5203635,25.08052886
111,4,18,11,0,2,08士林區,士林區文林路340-1號,0,0,1,1,B12,7,1,5,50,14,9,1,5,4,3,5,4,4,5,5,5,2,17,1,31,3,10,3,4,7,13,1,8,1,4,,40,40,1,22,9,121.5253708,25.09326225
111,4,18,11,0,2,08士林區,士林區文林路340-1號,0,0,1,2,C03,7,1,5,50,14,9,1,5,4,3,5,4,4,5,5,5,2,17,1,54,2,9,1,4,7,9,1,10,1,12,,44,40,1,22,9,121.5253708,25.09326225
111,4,18,11,0,2,08士林區,士林區文林路340-1號,0,0,1,3,B01,7,1,5,50,14,9,1,5,4,3,5,4,4,5,5,5,2,17,1,59,3,10,3,4,7,14,1,4,1,2,,44,40,1,22,9,121.5253708,25.09326225
111,4,18,11,7,2,04大安區,大安區辛亥路3段292-3號,0,0,2,1,C03,8,1,5,50,14,9,1,5,4,5,7,4,4,8,3,5,2,12,1,51,2,9,1,1,7,7,1,10,1,14,,7,7,1,22,9,121.5515579,25.01509652
111,4,18,11,7,2,04大安區,大安區辛亥路3段292-3號,0,0,2,2,C03,8,1,5,50,14,9,1,5,4,5,7,4,4,8,3,5,2,12,2,22,2,9,1,1,7,9,1,10,1,12,,23,7,1,22,9,121.5515579,25.01509652
111,4,18,11,43,2,07信義區,信義區忠孝東路4段501號前,0,0,2,1,B11,8,1,5,50,14,9,1,5,4,5,7,4,4,1,4,5,2,13,1,48,3,10,1,1,7,9,1,4,2,5,,23,23,1,22,9,121.5589597,25.04138655
111,4,18,11,43,2,07信義區,信義區忠孝東路4段501號前,0,0,2,2,C03,8,1,5,50,14,9,1,5,4,5,7,4,4,1,4,5,2,13,1,72,2,9,1,1,7,9,1,10,1,14,,44,23,1,22,9,121.5589597,25.04138655
111,4,18,11,43,2,07信義區,信義區忠孝東路4段501號前,0,0,2,3,C03,8,1,5,50,14,9,1,5,4,5,7,4,4,1,4,5,2,13,1,71,2,9,1,1,7,9,1,10,1,14,,44,23,1,22,9,121.5589597,25.04138655
111,4,18,11,49,2,10文山區,文山區景文街與景中街口,0,0,1,1,B03,8,1,5,50,4,1,1,5,4,5,7,2,1,5,5,5,2,16,2,29,3,10,1,1,7,6,1,8,2,5,,6,6,1,22,9,121.5413533,24.99285587
111,4,18,11,49,2,10文山區,文山區景文街與景中街口,0,0,1,2,C03,8,1,5,50,4,1,1,5,4,5,7,2,1,5,5,5,2,16,2,50,2,9,1,1,7,9,1,10,2,14,,44,6,1,22,9,121.5413533,24.99285587
111,4,18,12,11,2,10文山區,文山區新光路1段與指南路2段45巷21弄口,0,0,1,1,C03,7,1,5,30,3,1,1,5,4,5,7,4,4,10,5,5,2,16,1,22,2,9,1,4,7,5,1,10,1,14,,8,8,1,22,9,121.5737191,24.98875092
111,4,18,12,11,2,10文山區,文山區新光路1段與指南路2段45巷21弄口,0,0,1,2,C03,7,1,5,30,3,1,1,5,4,5,7,4,4,10,5,5,2,16,1,38,3,10,1,4,7,9,1,10,1,12,,13,8,1,22,9,121.5737191,24.98875092
111,4,18,12,15,2,03中山區,中山區市民大道3段與八德路2段口,0,0,1,1,B03,8,1,5,40,4,1,1,5,4,5,7,1,1,1,4,5,2,16,1,39,3,10,1,1,7,6,1,8,1,2,,9,9,1,22,9,121.5349991,25.0452015
111,4,18,12,15,2,03中山區,中山區市民大道3段與八德路2段口,0,0,1,2,C03,8,1,5,40,4,1,1,5,4,5,7,1,1,1,4,5,2,16,1,45,2,9,1,1,7,9,1,10,1,14,,44,9,1,22,9,121.5349991,25.0452015
111,4,18,12,28,2,09北投區,北投區中央北路4段513號,0,0,1,1,C03,8,1,5,50,14,9,1,5,4,5,7,1,1,9,4,5,2,13,1,17,3,10,1,1,7,7,2,18,1,11,,13,13,1,22,9,121.4684175,25.12819308
111,4,18,12,28,2,09北投區,北投區中央北路4段513號,0,0,1,2,C03,8,1,5,50,14,9,1,5,4,5,7,1,1,9,4,5,2,13,2,19,2,9,1,1,7,8,1,10,1,13,,7,13,1,22,9,121.4684175,25.12819308
111,4,18,12,46,2,05中正區,中正區常德街1號,0,0,1,1,B01,8,1,5,50,15,9,1,5,4,5,7,4,4,10,4,5,2,9,1,59,3,10,1,1,7,2,1,4,2,3,,43,43,1,22,9,121.5174474,25.04115321
111,4,18,12,46,2,05中正區,中正區常德街1號,0,0,1,2,H01,8,1,5,50,15,9,1,5,4,5,7,4,4,10,4,5,2,9,1,62,2,9,4,5,8,20,8,20,10,16,,67,43,1,22,9,121.5174474,25.04115321
111,4,18,13,0,2,08士林區,士林區下樹林街與下樹林街口18號旁,0,0,2,1,C03,7,1,5,30,5,2,1,5,4,4,3,4,4,10,5,5,2,17,1,48,2,8,1,4,7,9,1,10,2,14,,5,5,1,22,9,121.5213649,25.0932429
111,4,18,13,0,2,08士林區,士林區下樹林街與下樹林街口18號旁,0,0,2,2,C03,7,1,5,30,5,2,1,5,4,4,3,4,4,10,5,5,2,17,1,28,2,9,1,4,7,9,1,10,2,11,,5,5,1,22,9,121.5213649,25.0932429
111,4,18,13,12,2,08士林區,士林區華齡街211號,0,0,1,1,B12,8,1,5,50,14,9,1,5,4,5,7,4,4,9,5,5,1,17,1,34,3,10,1,1,7,1,1,8,1,4,,19,19,1,22,9,121.519783,25.08820037
111,4,18,13,12,2,08士林區,士林區華齡街211號,0,0,1,2,C03,8,1,5,50,14,9,1,5,4,5,7,4,4,9,5,5,1,17,1,24,2,8,1,1,7,9,1,10,1,11,,44,19,1,22,9,121.519783,25.08820037
111,4,18,13,12,2,12內湖區,內湖區康樂街110巷與康樂街136巷30弄口,0,0,1,1,C03,8,1,5,30,3,2,1,5,4,5,7,4,4,10,5,5,2,11,2,63,2,8,1,1,7,6,1,10,1,11,,23,23,1,22,9,121.617852,25.07074823
111,4,18,13,12,2,12內湖區,內湖區康樂街110巷與康樂街136巷30弄口,0,0,1,2,B03,8,1,5,30,3,2,1,5,4,5,7,4,4,10,5,5,2,11,2,61,3,10,1,1,7,9,1,8,1,8,,44,23,1,22,9,121.617852,25.07074823
111,4,18,13,19,2,09北投區,北投區北投路1段與中央南路1段280巷口,0,0,1,1,C03,7,1,5,50,4,1,1,5,4,5,7,1,1,9,4,5,1,11,1,29,3,10,1,1,7,5,1,10,1,15,,8,8,1,22,9,121.5002427,25.1242763
111,4,18,13,19,2,09北投區,北投區北投路1段與中央南路1段280巷口,0,0,1,2,C03,7,1,5,50,4,1,1,5,4,5,7,1,1,9,4,5,1,11,1,35,2,9,1,1,7,9,1,10,1,12,,44,8,1,22,9,121.5002427,25.1242763
111,4,18,13,37,2,03中山區,中山區建國北路3段20號,0,0,1,1,F01,8,1,5,50,14,9,1,5,4,5,7,2,1,1,4,5,2,16,1,72,2,9,1,1,7,9,8,20,1,16,,26,26,1,22,9,121.5369018,25.06371582
111,4,18,13,37,2,03中山區,中山區建國北路3段20號,0,0,1,2,B03,8,1,5,50,14,9,1,5,4,5,7,2,1,1,4,5,2,16,1,63,3,10,1,1,7,5,1,8,1,1,,23,26,1,22,9,121.5369018,25.06371582
111,4,18,14,0,2,08士林區,士林區福港街244巷與福港街口,0,0,1,1,C03,7,1,5,30,4,1,1,5,4,5,7,4,4,9,5,5,2,17,2,22,3,10,1,4,7,1,1,10,1,11,,19,19,1,22,9,121.5175207,25.08436848
111,4,18,14,0,2,08士林區,士林區福港街244巷與福港街口,0,0,1,2,C03,7,1,5,30,4,1,1,5,4,5,7,4,4,9,5,5,2,17,1,39,2,8,1,4,7,6,1,10,1,12,,14,19,1,22,9,121.5175207,25.08436848