發生年度,發生月,發生日,發生時-Hours,發生分,處理別-編號,區序,肇事地點,死亡人數,2-30日死亡人數,受傷人數,當事人序號,車種,天候,光線,道路類別,速限-速度限制,道路型態,事故位置,路面狀況1,路面狀況2,路面狀況3,道路障礙1,道路障礙2,號誌1,號誌2,車道劃分-分向,車道劃分-分道1,車道劃分-分道2,車道劃分-分道3,事故類型及型態,性別,年齡,受傷程度,主要傷處,安全帽,行動電話,車輛用途,當事者行動狀態,駕駛資格情形,駕駛執照種類,飲酒情形,車輛撞擊部位1,車輛撞擊部位2,肇因碼-個別,肇因碼-主要,個人肇逃否,職業,旅次目的,座標-X,座標-Y
111,4,18,14,6,2,10文山區,文山區光輝路與忠順街1段9巷口,0,0,1,1,C04,8,1,5,50,4,1,1,5,4,5,7,4,4,5,5,5,2,10,1,24,3,10,3,4,7,9,1,10,9,11,,6,6,1,21,8,121.5566,24.98493163
111,4,18,14,6,2,10文山區,文山區光輝路與忠順街1段9巷口,0,0,1,2,C03,8,1,5,50,4,1,1,5,4,5,7,4,4,5,5,5,2,10,2,54,2,7,3,4,7,9,1,10,9,11,,14,6,1,21,8,121.5566,24.98493163
111,4,18,14,10,2,12內湖區,內湖區成功路2段376號,0,0,1,1,C03,8,1,5,50,14,9,1,5,4,5,7,4,4,1,5,4,1,16,1,35,4,11,3,4,7,6,7,19,11,15,,9,9,2,22,9,121.5905914,25.0694028
111,4,18,14,10,2,12內湖區,內湖區成功路2段376號,0,0,1,2,C03,8,1,5,50,14,9,1,5,4,5,7,4,4,1,5,4,1,16,1,45,2,9,1,1,7,9,1,9,1,14,,14,9,1,22,9,121.5905914,25.0694028
111,4,18,14,30,2,12內湖區,內湖區港墘路與港墘路127巷口,0,0,1,1,,7,1,5,50,3,2,1,5,4,5,7,1,1,5,5,5,2,9,4,,4,11,3,4,7,15,7,19,11,15,,43,43,2,22,9,121.5761048,25.07804341
111,4,18,14,30,2,12內湖區,內湖區港墘路與港墘路127巷口,0,0,1,2,H01,7,1,5,50,3,2,1,5,4,5,7,1,1,5,5,5,2,9,2,33,2,7,4,5,8,17,8,20,10,16,,67,43,1,22,9,121.5761048,25.07804341
111,4,18,14,38,2,10文山區,文山區萬美街2段停車格第29號旁,0,0,1,1,C03,8,1,5,40,11,9,1,5,4,5,7,4,4,5,5,5,1,17,1,26,2,9,1,1,7,9,1,10,2,11,,42,42,1,21,1,121.5643638,25.00443636
111,4,18,14,38,2,10文山區,文山區萬美街2段停車格第29號旁,0,0,1,2,B01,8,1,5,40,11,9,1,5,4,5,7,4,4,5,5,5,1,17,1,64,3,10,1,1,7,9,1,4,2,8,,44,42,1,21,8,121.5643638,25.00443636
111,4,18,14,44,2,04大安區,大安區建國南路2段231號,0,0,3,1,C03,7,1,5,50,14,9,1,5,4,5,7,4,4,9,4,5,2,16,2,50,2,9,1,1,7,9,1,10,1,14,,23,23,1,22,9,121.5379325,25.02600294
111,4,18,14,44,2,04大安區,大安區建國南路2段231號,0,0,3,2,C03,7,1,5,50,14,9,1,5,4,5,7,4,4,9,4,5,2,16,2,31,2,8,1,1,7,9,1,10,1,12,,44,23,1,22,9,121.5379325,25.02600294
111,4,18,14,44,2,04大安區,大安區建國南路2段231號,0,0,3,3,H02,7,1,5,50,14,9,1,5,4,5,7,4,4,9,4,5,2,16,2,29,2,9,1,1,7,20,8,20,10,15,,67,23,1,22,9,121.5379325,25.02600294
111,4,18,14,44,2,04大安區,大安區建國南路2段231號,0,0,3,4,B03,7,1,5,50,14,9,1,5,4,5,7,4,4,9,4,5,2,16,2,68,3,10,1,1,7,7,1,8,11,15,,27,23,2,22,9,121.5379325,25.02600294
111,4,18,14,47,2,03中山區,中山區市民大道3段3號,0,0,5,1,C03,8,1,5,40,14,9,1,5,4,5,7,4,4,1,4,5,2,17,1,19,2,9,1,1,7,9,1,10,1,11,,23,23,1,22,9,121.5312705,25.04617867
111,4,18,14,47,2,03中山區,中山區市民大道3段3號,0,0,5,2,C03,8,1,5,40,14,9,1,5,4,5,7,4,4,1,4,5,2,17,1,39,2,9,1,1,7,15,1,10,1,13,,44,23,1,22,9,121.5312705,25.04617867
111,4,18,14,47,2,03中山區,中山區市民大道3段3號,0,0,5,3,C03,8,1,5,40,14,9,1,5,4,5,7,4,4,1,4,5,2,17,1,22,2,9,1,1,7,9,1,10,1,11,,44,23,1,22,9,121.5312705,25.04617867
111,4,18,14,47,2,03中山區,中山區市民大道3段3號,0,0,5,4,H02,8,1,5,40,14,9,1,5,4,5,7,4,4,1,4,5,2,17,2,37,2,9,4,5,7,20,8,20,10,16,,67,23,1,22,9,121.5312705,25.04617867
111,4,18,14,47,2,03中山區,中山區市民大道3段3號,0,0,5,5,H02,8,1,5,40,14,9,1,5,4,5,7,4,4,1,4,5,2,17,2,20,2,9,4,5,7,20,8,20,10,16,,67,23,1,22,9,121.5312705,25.04617867
111,4,18,15,10,2,10文山區,文山區興隆路4段62巷10-3號與無名巷口,0,0,2,1,C03,8,1,5,30,4,1,1,5,4,5,7,4,4,10,5,5,2,16,2,27,2,9,1,1,7,9,1,10,2,12,,6,6,1,22,9,121.5606354,24.98504174
111,4,18,15,10,2,10文山區,文山區興隆路4段62巷10-3號與無名巷口,0,0,2,2,C03,8,1,5,30,4,1,1,5,4,5,7,4,4,10,5,5,2,16,1,30,2,9,1,1,7,9,1,10,2,14,,14,6,1,22,9,121.5606354,24.98504174
111,4,18,15,10,2,10文山區,文山區興隆路4段62巷10-3號與無名巷口,0,0,2,3,B03,8,1,5,30,4,1,1,5,4,5,7,4,4,10,5,5,2,16,1,70,3,10,3,4,7,13,1,8,1,7,,44,6,1,22,9,121.5606354,24.98504174
111,4,18,15,20,2,07信義區,信義區吳興街156巷65弄與信安街67巷口,0,0,1,1,B03,8,1,5,50,3,1,1,5,4,5,7,4,4,9,4,5,2,17,1,38,3,10,1,1,7,6,1,8,2,5,,9,9,1,22,9,121.5591228,25.0259587
111,4,18,15,20,2,07信義區,信義區吳興街156巷65弄與信安街67巷口,0,0,1,2,C03,8,1,5,50,3,1,1,5,4,5,7,4,4,9,4,5,2,17,1,21,2,9,1,1,7,9,1,10,2,11,,13,9,1,22,9,121.5591228,25.0259587
111,4,18,15,43,2,03中山區,中山區民權東路1段72號前,0,0,1,1,B02,7,1,5,50,14,9,1,5,4,5,7,4,4,1,4,5,2,13,1,48,3,10,3,4,7,7,1,8,1,7,,7,7,1,22,9,121.5255113,25.06262371
111,4,18,15,43,2,03中山區,中山區民權東路1段72號前,0,0,1,2,C03,7,1,5,50,14,9,1,5,4,5,7,4,4,1,4,5,2,13,2,24,2,9,3,4,7,9,1,10,1,12,,13,7,1,22,9,121.5255113,25.06262371
111,4,18,15,50,2,08士林區,士林區中山北路6段與忠誠路1段口,0,0,2,1,C04,7,1,5,50,3,1,1,5,4,5,7,2,1,1,4,5,1,16,1,31,2,7,1,1,7,9,1,8,1,12,,17,17,1,21,8,121.5247676,25.10412828
111,4,18,15,50,2,08士林區,士林區中山北路6段與忠誠路1段口,0,0,2,2,C03,7,1,5,50,3,1,1,5,4,5,7,2,1,1,4,5,1,16,2,34,2,9,1,1,7,7,1,10,1,14,,7,17,1,21,8,121.5247676,25.10412828
111,4,18,16,20,2,12內湖區,內湖區新湖一路與新湖二路191巷口,0,0,1,1,B03,8,1,5,50,3,2,1,5,4,5,7,4,4,5,5,5,2,16,1,44,3,10,1,1,7,11,1,8,1,5,,10,10,1,22,9,121.5803829,25.06097989
111,4,18,16,20,2,12內湖區,內湖區新湖一路與新湖二路191巷口,0,0,1,2,B01,8,1,5,50,3,2,1,5,4,5,7,4,4,5,5,5,2,16,1,45,2,2,1,1,7,14,1,4,1,4,,38,10,1,22,9,121.5803829,25.06097989
111,4,18,16,30,2,09北投區,北投區大業路157號,0,0,1,1,B12,7,1,5,50,14,9,1,5,4,5,7,4,4,1,4,5,1,12,1,63,3,10,1,1,7,6,1,8,1,6,,43,43,1,22,9,121.4985701,25.1247197
111,4,18,16,30,2,09北投區,北投區大業路157號,0,0,1,2,C03,7,1,5,50,14,9,1,5,4,5,7,4,4,1,4,5,1,12,1,71,2,9,1,1,7,9,1,10,1,14,,43,43,1,22,9,121.4985701,25.1247197
111,4,18,16,30,2,09北投區,北投區西安街2段與致遠三路口,0,0,1,1,B03,8,1,5,50,4,2,1,5,4,5,7,1,1,9,4,5,2,16,1,58,3,10,1,1,7,5,1,8,1,4,,8,8,1,22,9,121.511447,25.11942998
111,4,18,16,30,2,09北投區,北投區西安街2段與致遠三路口,0,0,1,2,C03,8,1,5,50,4,2,1,5,4,5,7,1,1,9,4,5,2,16,1,66,2,9,1,1,7,9,1,10,1,12,,44,8,1,22,9,121.511447,25.11942998
111,4,18,16,50,2,08士林區,士林區延平北路6段與中正路口,0,0,2,1,C03,7,1,5,50,4,1,1,5,4,5,7,1,1,1,4,5,1,12,1,56,2,7,3,4,7,7,1,10,1,14,,7,7,1,22,9,121.5092754,25.08688948
111,4,18,16,50,2,08士林區,士林區延平北路6段與中正路口,0,0,2,2,B03,7,1,5,50,4,1,1,5,4,5,7,1,1,1,4,5,1,12,1,66,3,10,3,4,7,9,1,8,1,2,,23,7,1,22,9,121.5092754,25.08688948
111,4,18,16,50,2,08士林區,士林區延平北路6段與中正路口,0,0,2,3,H02,7,1,5,50,4,1,1,5,4,5,7,1,1,1,4,5,1,12,2,21,2,8,3,4,7,20,8,20,10,15,,67,7,1,22,9,121.5092754,25.08688948
111,4,18,17,3,2,10文山區,文山區萬美街1段50號,0,0,3,1,C03,7,1,5,40,14,9,1,5,4,5,7,4,4,9,4,5,2,16,1,42,2,8,2,4,7,5,6,10,1,12,,8,8,1,22,9,121.5671429,25.00223565
111,4,18,17,3,2,10文山區,文山區萬美街1段50號,0,0,3,2,C03,7,1,5,40,14,9,1,5,4,5,7,4,4,9,4,5,2,16,1,18,2,9,1,4,7,9,1,10,1,11,,23,8,1,22,9,121.5671429,25.00223565
111,4,18,17,3,2,10文山區,文山區萬美街1段50號,0,0,3,3,C03,7,1,5,40,14,9,1,5,4,5,7,4,4,9,4,5,2,16,1,18,2,9,1,4,7,9,1,10,1,14,,16,8,1,22,9,121.5671429,25.00223565
111,4,18,17,29,2,03中山區,中山區明水路397巷與明水路口,0,0,1,1,C03,8,1,5,50,3,2,1,5,4,5,7,1,1,1,4,5,1,17,1,36,2,1,1,1,7,9,1,10,2,11,,23,23,1,22,9,121.5477166,25.07743985
111,4,18,17,29,2,03中山區,中山區明水路397巷與明水路口,0,0,1,2,B03,8,1,5,50,3,2,1,5,4,5,7,1,1,1,4,5,1,17,1,54,3,10,1,1,7,6,1,8,2,6,,44,23,1,22,9,121.5477166,25.07743985
111,4,18,17,43,2,08士林區,士林區中正路與通河西街2段5巷口口,0,0,1,1,B03,7,1,5,30,4,1,1,5,4,5,7,4,4,10,5,5,1,12,1,59,3,10,1,1,7,5,1,8,1,5,,8,8,1,22,9,121.5115253,25.08797661
111,4,18,17,43,2,08士林區,士林區中正路與通河西街2段5巷口口,0,0,1,2,C03,7,1,5,30,4,1,1,5,4,5,7,4,4,10,5,5,1,12,1,21,2,9,1,1,7,9,3,18,1,14,,14,8,1,22,9,121.5115253,25.08797661
111,4,18,18,1,2,02萬華區,萬華區艋舺大道51號,0,0,1,1,B03,6,3,5,50,14,9,1,4,4,5,7,4,4,1,4,4,2,12,1,63,3,10,1,4,7,9,1,8,1,2,,17,17,1,22,9,121.504037,25.03374478
111,4,18,18,1,2,02萬華區,萬華區艋舺大道51號,0,0,1,2,C03,6,3,5,50,14,9,1,4,4,5,7,4,4,1,4,4,2,12,2,58,2,9,1,4,7,9,4,10,1,14,,17,17,1,22,9,121.504037,25.03374478
111,4,18,18,3,2,02萬華區,萬華區環河南路1段40號對面,0,0,1,1,B03,6,3,5,50,15,9,1,4,4,5,7,4,4,4,5,5,2,13,1,44,3,10,1,1,7,7,1,8,1,5,,7,7,1,22,9,121.5059311,25.04856126
111,4,18,18,3,2,02萬華區,萬華區環河南路1段40號對面,0,0,1,2,C03,6,3,5,50,15,9,1,4,4,5,7,4,4,4,5,5,2,13,2,26,2,6,1,1,7,12,1,10,1,13,,44,7,1,22,9,121.5059311,25.04856126
111,4,18,18,3,2,02萬華區,萬華區環河南路1段40號對面,0,0,1,3,B03,6,3,5,50,15,9,1,4,4,5,7,4,4,4,5,5,2,13,2,62,3,10,1,1,7,15,1,8,1,4,,44,7,1,22,9,121.5059311,25.04856126
111,4,18,18,22,2,03中山區,中山區林森北路109號前,0,0,1,1,C03,7,3,5,50,14,9,1,5,4,5,7,4,4,5,4,5,2,13,1,39,3,10,3,4,7,9,6,10,1,11,,23,23,1,22,9,121.5249683,25.05040916
111,4,18,18,22,2,03中山區,中山區林森北路109號前,0,0,1,2,C03,7,3,5,50,14,9,1,5,4,5,7,4,4,5,4,5,2,13,2,29,2,9,3,4,7,14,1,10,1,13,,44,23,1,22,9,121.5249683,25.05040916
111,4,18,18,22,2,03中山區,中山區林森北路109號前,0,0,1,3,B03,7,3,5,50,14,9,1,5,4,5,7,4,4,5,4,5,2,13,1,56,3,10,3,4,7,14,1,8,1,3,,44,23,1,22,9,121.5249683,25.05040916
111,4,18,18,30,2,12內湖區,內湖區民權大橋東向西,0,0,2,1,C03,6,3,5,40,14,11,1,4,4,5,7,4,4,1,4,4,2,13,1,50,3,10,1,1,7,12,1,10,2,13,,44,44,1,22,9,121.5734658,25.06528643
111,4,18,18,30,2,12內湖區,內湖區民權大橋東向西,0,0,2,2,C03,6,3,5,40,14,11,1,4,4,5,7,4,4,1,4,4,2,13,2,26,3,10,1,1,7,9,1,10,2,11,,16,44,1,22,9,121.5734658,25.06528643
111,4,18,18,30,2,12內湖區,內湖區民權大橋東向西,0,0,2,3,C03,6,3,5,40,14,11,1,4,4,5,7,4,4,1,4,4,2,13,1,25,3,10,1,1,7,9,1,10,2,11,,44,44,1,22,9,121.5734658,25.06528643
111,4,18,18,30,2,12內湖區,內湖區民權大橋東向西,0,0,2,4,C03,6,3,5,40,14,11,1,4,4,5,7,4,4,1,4,4,2,13,1,29,2,9,1,1,7,9,1,10,2,11,,16,44,1,22,9,121.5734658,25.06528643
111,4,18,18,30,2,12內湖區,內湖區民權大橋東向西,0,0,2,5,C03,6,3,5,40,14,11,1,4,4,5,7,4,4,1,4,4,2,13,1,35,3,10,1,1,7,9,1,10,2,11,,16,44,1,22,9,121.5734658,25.06528643
111,4,18,18,30,2,12內湖區,內湖區民權大橋東向西,0,0,2,6,C03,6,3,5,40,14,11,1,4,4,5,7,4,4,1,4,4,2,13,1,40,2,9,1,1,7,9,1,10,2,11,,16,44,1,22,9,121.5734658,25.06528643
111,4,18,18,31,2,08士林區,士林區芝玉路1段與德行東路口,0,0,2,1,C03,6,3,5,50,5,2,1,4,4,5,7,1,1,9,4,5,2,17,1,20,2,9,1,1,7,9,1,10,1,11,,44,44,1,22,9,121.534141,25.1097401
111,4,18,18,31,2,08士林區,士林區芝玉路1段與德行東路口,0,0,2,2,F01,6,3,5,50,5,2,1,4,4,5,7,1,1,9,4,5,2,17,2,64,2,9,1,1,7,9,8,20,1,16,,25,44,1,22,9,121.534141,25.1097401
111,4,18,19,24,2,06松山區,松山區南京東路5段399-3號,0,0,1,1,A02,6,3,5,50,14,9,1,4,4,5,7,4,4,1,4,5,2,13,1,56,3,10,1,4,7,8,1,1,1,15,,44,44,1,22,9,121.5696174,25.05142678
111,4,18,19,24,2,06松山區,松山區南京東路5段399-3號,0,0,1,2,C03,6,3,5,50,14,9,1,4,4,5,7,4,4,1,4,5,2,13,1,22,2,9,1,4,7,9,1,10,1,11,,42,44,1,22,9,121.5696174,25.05142678
111,4,18,19,24,2,06松山區,松山區南京東路5段399-3號,0,0,1,3,B01,6,3,5,50,14,9,1,4,4,5,7,4,4,1,4,5,2,13,1,35,3,10,3,4,7,13,1,8,1,7,,38,44,1,22,9,121.5696174,25.05142678
111,4,18,19,30,2,03中山區,中山區中山北路2段與民權東路1段口口,0,0,1,1,C03,7,3,5,50,4,1,1,5,4,5,7,2,1,5,4,5,2,13,1,19,2,9,1,1,7,8,1,10,1,13,,7,7,1,22,9,121.5228197,25.06268405
111,4,18,19,30,2,03中山區,中山區中山北路2段與民權東路1段口口,0,0,1,2,B03,7,3,5,50,4,1,1,5,4,5,7,2,1,5,4,5,2,13,1,32,3,10,3,4,7,9,1,8,1,5,,44,7,1,22,9,121.5228197,25.06268405
111,4,18,21,11,2,03中山區,中山區民族東路410巷1號,0,0,1,1,C03,7,3,5,30,3,1,1,5,4,5,7,4,4,9,5,5,2,17,1,58,3,10,1,1,7,11,1,10,1,12,,6,6,1,22,9,121.5383148,25.06753547
111,4,18,21,11,2,03中山區,中山區民族東路410巷1號,0,0,1,2,F01,7,3,5,30,3,1,1,5,4,5,7,4,4,9,5,5,2,17,1,14,2,8,1,1,7,9,8,20,1,16,,23,6,1,22,9,121.5383148,25.06753547
111,4,18,21,18,2,12內湖區,內湖區成功路2段與安康路口,0,0,1,1,B01,8,3,5,50,4,1,1,5,4,5,7,2,1,1,4,5,2,3,1,54,3,10,1,1,7,5,1,4,2,1,,15,15,1,22,9,121.5913956,25.06079896
111,4,18,21,18,2,12內湖區,內湖區成功路2段與安康路口,0,0,1,2,H01,8,3,5,50,4,1,1,5,4,5,7,2,1,1,4,5,2,3,2,43,2,9,4,5,8,16,8,20,10,16,,67,15,1,22,9,121.5913956,25.06079896
111,4,18,21,45,2,05中正區,中正區忠孝東路1段與杭州北路口口,0,0,1,1,B03,8,3,5,50,4,2,1,5,4,5,7,2,1,9,4,4,1,3,2,46,3,10,1,1,7,5,1,8,1,1,,15,15,1,21,1,121.5267269,25.04404553
111,4,18,21,45,2,05中正區,中正區忠孝東路1段與杭州北路口口,0,0,1,2,H01,8,3,5,50,4,2,1,5,4,5,7,2,1,9,4,4,1,3,2,33,2,8,4,5,8,16,8,20,1,16,,67,15,1,21,1,121.5267269,25.04404553
111,4,18,21,57,2,03中山區,中山區敬業二路與敬業一路128巷口,0,0,1,1,B03,8,3,5,50,4,2,1,5,4,5,7,4,4,4,5,5,1,16,2,41,3,10,1,1,7,5,1,8,11,4,,6,6,1,22,9,121.5544233,25.08334085
111,4,18,21,57,2,03中山區,中山區敬業二路與敬業一路128巷口,0,0,1,2,C03,8,3,5,50,4,2,1,5,4,5,7,4,4,4,5,5,1,16,1,33,2,7,1,1,7,9,1,10,1,11,,44,6,1,22,9,121.5544233,25.08334085
111,4,18,22,41,2,10文山區,文山區羅斯福路4段與基隆路4段口口,0,0,1,1,C03,8,3,5,50,5,1,1,5,4,5,7,2,1,1,4,5,2,17,2,18,3,10,1,1,7,5,1,10,2,15,,26,26,1,22,9,121.5370277,25.01091813
111,4,18,22,41,2,10文山區,文山區羅斯福路4段與基隆路4段口口,0,0,1,2,C03,8,3,5,50,5,1,1,5,4,5,7,2,1,1,4,5,2,17,2,24,2,9,1,1,7,9,1,10,2,15,,26,26,1,22,9,121.5370277,25.01091813
111,4,19,4,42,1,08士林區,士林區承德路5段80號對面,1,0,1,2,C03,6,3,5,60,14,7,1,4,4,5,7,4,4,1,3,4,1,17,1,20,2,9,3,4,7,9,1,10,2,15,,44,23,1,22,9,121.514768,25.09442818
111,4,19,4,42,1,08士林區,士林區承德路5段80號對面,1,0,1,1,B12,6,3,5,60,14,7,1,4,4,5,7,4,4,1,3,4,1,17,1,43,3,10,3,4,7,9,6,8,2,1,,23,23,1,22,9,121.514768,25.09442818
111,4,19,4,42,1,08士林區,士林區承德路5段80號對面,1,0,1,3,H02,6,3,5,60,14,7,1,4,4,5,7,4,4,1,3,4,1,17,2,19,1,1,3,4,7,21,8,20,10,15,,67,23,1,22,9,121.514768,25.09442818
111,4,19,6,40,2,08士林區,士林區忠誠路2段21巷45弄10號與忠誠路2段21巷45弄口,0,0,1,1,C03,6,1,5,30,4,2,1,4,4,5,7,4,4,10,5,5,2,18,1,33,2,9,1,1,7,6,1,10,1,12,,42,42,1,22,9,121.5329058,25.11040358
111,4,19,6,40,2,08士林區,士林區忠誠路2段21巷45弄10號與忠誠路2段21巷45弄口,0,0,1,2,,6,1,5,30,4,2,1,4,4,5,7,4,4,10,5,5,2,18,3,,,,,,,,,,,,,67,42,1,,,121.5329058,25.11040358
111,4,19,6,43,2,08士林區,士林區至誠路1段與雨聲街口,0,0,2,1,C03,7,1,5,50,3,2,1,4,4,5,7,3,1,9,4,5,1,17,1,29,2,8,1,1,7,5,1,10,1,14,,6,6,1,22,9,121.5336402,25.10126704
111,4,19,6,43,2,08士林區,士林區至誠路1段與雨聲街口,0,0,2,2,C03,7,1,5,50,3,2,1,4,4,5,7,3,1,9,4,5,1,17,1,23,2,8,1,1,7,9,1,10,1,11,,23,6,1,22,9,121.5336402,25.10126704
111,4,19,7,10,2,08士林區,士林區中山北路5段與雙溪街口,0,0,1,1,B03,6,1,5,30,3,1,1,4,4,5,7,3,1,5,5,5,2,17,1,68,3,10,3,4,7,5,1,8,1,8,,8,8,1,22,9,121.5263201,25.10077797
111,4,19,7,10,2,08士林區,士林區中山北路5段與雙溪街口,0,0,1,2,C03,6,1,5,30,3,1,1,4,4,5,7,3,1,5,5,5,2,17,1,53,2,8,1,4,7,9,1,10,1,11,,44,8,1,22,9,121.5263201,25.10077797
111,4,19,7,52,2,09北投區,北投區稻香路43巷與稻香路口,0,0,1,1,C03,6,1,5,40,14,9,1,4,4,5,7,4,4,9,4,5,2,16,1,68,2,8,1,1,7,5,1,10,1,12,,6,6,1,22,9,121.4898236,25.13961355
111,4,19,7,52,2,09北投區,北投區稻香路43巷與稻香路口,0,0,1,2,C03,6,1,5,40,14,9,1,4,4,5,7,4,4,9,4,5,2,16,1,48,3,10,1,1,7,9,1,10,1,14,,14,6,1,22,9,121.4898236,25.13961355
111,4,19,7,57,2,07信義區,信義區基隆路2段155號,0,0,1,1,B03,6,1,5,50,14,9,1,4,4,5,7,4,4,1,3,5,2,17,1,40,3,10,3,4,7,1,1,8,1,15,,19,19,1,22,9,121.554454,25.02599368
111,4,19,7,57,2,07信義區,信義區基隆路2段155號,0,0,1,2,C03,6,1,5,50,14,9,1,4,4,5,7,4,4,1,3,5,2,17,2,29,2,8,3,4,7,9,1,10,1,14,,42,19,1,22,9,121.554454,25.02599368
111,4,19,7,57,2,07信義區,信義區基隆路2段155號,0,0,1,3,B03,6,1,5,50,14,9,1,4,4,5,7,4,4,1,3,5,2,17,1,32,3,10,3,4,7,9,1,8,1,6,,44,19,1,22,9,121.554454,25.02599368
111,4,19,8,0,2,01大同區,大同區承德路3段與庫倫街口,0,0,1,1,B01,6,1,5,50,14,9,1,4,4,5,7,1,1,8,3,5,1,13,1,66,4,11,3,4,7,15,7,19,11,15,,23,23,2,22,9,121.5186238,25.07158735
111,4,19,8,0,2,01大同區,大同區承德路3段與庫倫街口,0,0,1,2,C03,6,1,5,50,14,9,1,4,4,5,7,1,1,8,3,5,1,13,1,22,2,8,1,1,7,9,1,10,1,13,,44,23,1,22,9,121.5186238,25.07158735
111,4,19,8,0,2,12內湖區,內湖區民權東路6段與民權東路6段115巷口,0,0,1,1,B01,6,1,5,30,3,1,1,4,4,5,7,4,4,7,5,5,2,17,1,52,3,10,1,1,7,6,1,8,1,8,,6,6,1,22,9,121.5920456,25.0689899
111,4,19,8,0,2,12內湖區,內湖區民權東路6段與民權東路6段115巷口,0,0,1,2,C03,6,1,5,30,3,1,1,4,4,5,7,4,4,7,5,5,2,17,1,26,2,7,1,1,7,9,1,10,1,14,,44,6,1,22,9,121.5920456,25.0689899
111,4,19,8,10,2,08士林區,士林區磺溪街與中山北路6段195巷口,0,0,1,1,B02,6,1,5,30,4,2,1,4,4,5,7,4,4,9,4,5,1,17,2,40,3,10,1,1,7,5,1,8,2,1,,44,44,1,22,9,121.5231403,25.10756424
111,4,19,8,10,2,08士林區,士林區磺溪街與中山北路6段195巷口,0,0,1,2,F01,6,1,5,30,4,2,1,4,4,5,7,4,4,9,4,5,1,17,2,30,2,9,1,1,7,11,8,20,2,16,,11,44,1,22,9,121.5231403,25.10756424
111,4,19,8,11,2,06松山區,松山區東興路與東興路口8號旁無名巷,0,0,2,1,C02,6,1,5,50,4,1,1,4,4,5,7,2,1,1,4,5,2,9,1,34,2,9,1,1,7,9,4,10,2,11,,25,25,1,22,9,121.5653825,25.05006192
111,4,19,8,11,2,06松山區,松山區東興路與東興路口8號旁無名巷,0,0,2,2,H01,6,1,5,50,4,1,1,4,4,5,7,2,1,1,4,5,2,9,2,61,2,9,4,5,8,16,8,20,10,16,,67,25,1,22,9,121.5653825,25.05006192
111,4,19,8,34,2,01大同區,大同區延平北路4段179巷與延平北路4段口,0,0,1,1,B03,6,1,5,50,3,1,1,4,4,5,7,4,4,5,4,5,2,16,1,76,3,10,1,1,7,6,1,4,1,5,,44,44,1,22,9,121.5114072,25.07360334
111,4,19,8,34,2,01大同區,大同區延平北路4段179巷與延平北路4段口,0,0,1,2,C03,6,1,5,50,3,1,1,4,4,5,7,4,4,5,4,5,2,16,1,57,2,9,1,1,7,5,1,10,1,12,,8,44,1,22,9,121.5114072,25.07360334
111,4,19,8,35,2,03中山區,中山區安東街2-7號,0,0,2,1,C03,6,1,5,30,14,9,1,4,4,5,7,4,4,10,5,5,2,3,2,29,2,9,1,1,7,9,1,10,1,11,,23,23,1,22,9,121.5417114,25.04668604
111,4,19,8,35,2,03中山區,中山區安東街2-7號,0,0,2,2,H01,6,1,5,30,14,9,1,4,4,5,7,4,4,10,5,5,2,3,2,32,2,9,4,5,8,16,8,20,10,16,,51,23,1,22,9,121.5417114,25.04668604
111,4,19,8,35,2,05中正區,中正區忠孝東路1段7號,0,0,1,1,A02,6,1,5,50,14,9,1,4,4,5,7,4,4,1,4,5,1,9,1,38,3,10,1,1,7,15,1,2,2,3,,44,44,1,22,9,121.5229769,25.04500489
111,4,19,8,35,2,05中正區,中正區忠孝東路1段7號,0,0,1,2,H02,6,1,5,50,14,9,1,4,4,5,7,4,4,1,4,5,1,9,2,39,2,4,4,5,7,19,8,20,10,16,,67,44,1,22,9,121.5229769,25.04500489
111,4,19,9,0,2,04大安區,大安區忠孝東路3段與建國南路1段口,0,0,1,1,B03,6,1,5,50,14,9,1,4,4,5,7,2,1,10,5,5,2,13,1,50,3,10,1,1,7,12,1,8,1,3,,26,26,1,22,9,121.5374332,25.04138205
111,4,19,9,0,2,04大安區,大安區忠孝東路3段與建國南路1段口,0,0,1,2,C03,6,1,5,50,14,9,1,4,4,5,7,2,1,10,5,5,2,13,2,25,2,9,1,1,7,9,1,10,1,11,,16,26,1,22,9,121.5374332,25.04138205
111,4,19,9,11,2,08士林區,士林區中山北路5段300號對面,0,0,1,1,B03,6,1,5,50,14,9,1,4,4,5,7,4,4,5,4,5,2,16,1,56,3,10,1,1,7,8,1,8,1,2,,7,7,1,22,9,121.5274266,25.08885023
111,4,19,9,11,2,08士林區,士林區中山北路5段300號對面,0,0,1,2,C03,6,1,5,50,14,9,1,4,4,5,7,4,4,5,4,5,2,16,1,20,2,9,1,1,7,9,1,10,1,14,,43,7,1,22,9,121.5274266,25.08885023
111,4,19,9,16,2,06松山區,松山區民生東路5段與塔悠路口,0,0,2,1,C03,6,1,5,50,3,1,1,4,4,5,7,1,1,1,3,4,2,15,1,42,2,8,1,1,7,9,1,9,1,11,,44,44,1,22,9,121.5690728,25.05930918
111,4,19,9,16,2,06松山區,松山區民生東路5段與塔悠路口,0,0,2,2,C03,6,1,5,50,3,1,1,4,4,5,7,1,1,1,3,4,2,15,1,28,2,7,1,1,7,1,1,10,1,14,,25,44,1,22,9,121.5690728,25.05930918