發生年度,發生月,發生日,發生時-Hours,發生分,處理別-編號,區序,肇事地點,死亡人數,2-30日死亡人數,受傷人數,當事人序號,車種,天候,光線,道路類別,速限-速度限制,道路型態,事故位置,路面狀況1,路面狀況2,路面狀況3,道路障礙1,道路障礙2,號誌1,號誌2,車道劃分-分向,車道劃分-分道1,車道劃分-分道2,車道劃分-分道3,事故類型及型態,性別,年齡,受傷程度,主要傷處,安全帽,行動電話,車輛用途,當事者行動狀態,駕駛資格情形,駕駛執照種類,飲酒情形,車輛撞擊部位1,車輛撞擊部位2,肇因碼-個別,肇因碼-主要,個人肇逃否,職業,旅次目的,座標-X,座標-Y
111,4,19,9,40,2,10文山區,文山區忠順街1段東往西(第G-105-08-105074燈桿)旁,0,0,1,1,H02,6,1,5,30,14,9,1,4,4,5,7,4,4,10,5,5,2,9,1,39,3,10,4,5,7,19,8,20,2,16,,56,56,1,21,8,121.5543815,24.98317516
111,4,19,9,40,2,10文山區,文山區忠順街1段東往西(第G-105-08-105074燈桿)旁,0,0,1,2,C03,6,1,5,30,14,9,1,4,4,5,7,4,4,10,5,5,2,9,1,36,2,8,3,4,7,9,1,10,2,14,,44,56,1,21,8,121.5543815,24.98317516
111,4,19,9,40,2,10文山區,文山區忠順街1段東往西(第G-105-08-105074燈桿)旁,0,0,1,3,B03,6,1,5,30,14,9,1,4,4,5,7,4,4,10,5,5,2,9,4,,4,11,3,4,7,15,7,19,11,15,,43,56,2,22,9,121.5543815,24.98317516
111,4,19,9,41,2,01大同區,大同區台北橋機車道(往三重),0,0,2,1,C03,6,1,5,50,14,11,1,4,4,5,7,4,4,8,3,5,1,13,2,41,2,9,1,1,7,9,1,10,1,11,,44,44,1,22,9,121.508522,25.06361116
111,4,19,9,41,2,01大同區,大同區台北橋機車道(往三重),0,0,2,2,C03,6,1,5,50,14,11,1,4,4,5,7,4,4,8,3,5,1,13,1,43,2,7,1,1,7,7,1,10,1,14,,7,44,1,22,9,121.508522,25.06361116
111,4,19,9,45,2,08士林區,士林區士東路286巷與士東路266巷5弄口,0,0,2,1,B03,6,1,5,50,4,1,1,4,4,3,7,4,4,8,5,5,2,17,2,62,3,10,3,4,7,1,1,8,1,4,,19,19,1,22,9,121.5374102,25.11250768
111,4,19,9,45,2,08士林區,士林區士東路286巷與士東路266巷5弄口,0,0,2,2,C03,6,1,5,50,4,1,1,4,4,3,7,4,4,8,5,5,2,17,2,18,2,9,1,4,7,9,1,10,1,11,,23,19,1,22,9,121.5374102,25.11250768
111,4,19,9,45,2,08士林區,士林區士東路286巷與士東路266巷5弄口,0,0,2,3,H02,6,1,5,50,4,1,1,4,4,3,7,4,4,8,5,5,2,17,2,21,2,9,4,5,7,20,8,20,10,16,,67,19,1,22,9,121.5374102,25.11250768
111,4,19,9,52,2,07信義區,信義區松仁路152號,0,0,1,1,C03,6,1,5,50,14,9,1,4,4,5,7,4,4,5,4,5,1,13,2,60,2,9,3,4,7,9,1,10,1,11,,17,17,1,22,9,121.5682708,25.03059637
111,4,19,9,52,2,07信義區,信義區松仁路152號,0,0,1,2,B03,6,1,5,50,14,9,1,4,4,5,7,4,4,5,4,5,1,13,1,65,3,10,3,4,7,9,1,8,1,6,,44,17,1,22,9,121.5682708,25.03059637
111,4,19,10,1,2,04大安區,大安區基隆路2段與和平東路3段口,0,0,1,1,A02,6,1,5,50,14,9,1,4,4,5,7,2,1,1,4,5,2,12,1,41,4,11,3,4,7,15,7,19,11,15,,44,44,2,22,9,121.5522411,25.02426295
111,4,19,10,1,2,04大安區,大安區基隆路2段與和平東路3段口,0,0,1,2,C03,6,1,5,50,14,9,1,4,4,5,7,2,1,1,4,5,2,12,2,35,2,9,1,1,7,8,1,10,9,11,,7,44,1,21,8,121.5522411,25.02426295
111,4,19,10,55,2,08士林區,士林區復興橋南往北,0,0,1,1,B12,6,1,5,50,8,9,1,4,4,5,7,4,4,5,4,5,2,12,1,42,3,10,1,1,7,7,1,8,1,15,,7,7,1,22,9,121.5367714,25.09970071
111,4,19,10,55,2,08士林區,士林區復興橋南往北,0,0,1,2,C03,6,1,5,50,8,9,1,4,4,5,7,4,4,5,4,5,2,12,1,21,2,8,1,1,7,7,1,10,1,15,,42,7,1,22,9,121.5367714,25.09970071
111,4,19,11,0,2,03中山區,中山區民權東路2段158號,0,0,1,1,C03,6,1,5,50,14,9,1,4,4,5,7,4,4,9,5,5,2,13,1,23,2,9,1,1,7,9,1,10,1,11,,42,42,1,22,9,121.5350804,25.0623317
111,4,19,11,0,2,03中山區,中山區民權東路2段158號,0,0,1,2,C03,6,1,5,50,14,9,1,4,4,5,7,4,4,9,5,5,2,13,1,30,3,10,1,1,7,9,4,8,1,13,,44,42,1,22,9,121.5350804,25.0623317
111,4,19,11,0,2,03中山區,中山區民權東路2段158號,0,0,1,3,B03,6,1,5,50,14,9,1,4,4,5,7,4,4,9,5,5,2,13,2,48,3,10,1,1,7,1,1,8,1,15,,19,42,1,22,9,121.5350804,25.0623317
111,4,19,11,11,2,04大安區,大安區忠孝東路3段與建國南路1段口,0,0,1,1,C03,6,1,5,50,5,2,1,4,4,5,7,1,1,8,3,5,2,17,1,43,2,9,1,1,7,15,1,10,1,14,,43,43,1,22,9,121.5366251,25.04188307
111,4,19,11,11,2,04大安區,大安區忠孝東路3段與建國南路1段口,0,0,1,2,A01,6,1,5,50,5,2,1,4,4,5,7,1,1,8,3,5,2,17,1,55,3,10,1,1,7,9,1,6,1,15,,43,43,1,22,9,121.5366251,25.04188307
111,4,19,11,30,2,09北投區,北投區中央北路1段162號,0,0,1,1,B03,7,1,5,50,14,9,1,4,4,5,7,4,4,9,4,5,2,16,2,48,3,10,1,1,7,11,1,8,1,1,,10,10,1,22,9,121.4986918,25.13534822
111,4,19,11,30,2,09北投區,北投區中央北路1段162號,0,0,1,2,C03,7,1,5,50,14,9,1,4,4,5,7,4,4,9,4,5,2,16,1,33,2,9,1,1,7,9,1,10,1,14,,44,10,1,22,9,121.4986918,25.13534822
111,4,19,11,51,2,02萬華區,萬華區中華路1段與桂林路口,0,0,1,1,C03,6,1,5,50,5,1,1,4,4,5,7,2,1,1,4,5,2,18,2,52,2,9,1,1,7,6,1,10,1,12,,44,44,1,22,9,121.5067093,25.0376063
111,4,19,11,51,2,02萬華區,萬華區中華路1段與桂林路口,0,0,1,2,,6,1,5,50,5,1,1,4,4,5,7,2,1,1,4,5,2,18,3,,,,,,,,,,,,,61,44,1,,,121.5067093,25.0376063
111,4,19,12,2,2,04大安區,大安區溫州街74巷與溫州街口,0,0,2,1,C03,6,1,5,30,4,1,1,4,4,5,7,4,4,10,5,5,2,15,1,18,3,10,3,4,7,9,1,10,1,12,,6,6,1,22,9,121.5328839,25.0196366
111,4,19,12,2,2,04大安區,大安區溫州街74巷與溫州街口,0,0,2,2,C03,6,1,5,30,4,1,1,4,4,5,7,4,4,10,5,5,2,15,2,28,2,7,3,4,7,9,1,10,1,11,,14,6,1,22,9,121.5328839,25.0196366
111,4,19,12,2,2,04大安區,大安區溫州街74巷與溫州街口,0,0,2,3,H02,6,1,5,30,4,1,1,4,4,5,7,4,4,10,5,5,2,15,1,20,2,8,3,5,7,20,8,20,10,16,,67,6,1,22,9,121.5328839,25.0196366
111,4,19,12,19,2,09北投區,北投區明德路150巷與磺溪便道口,0,0,1,1,B12,6,1,5,50,4,1,1,4,4,5,7,4,4,10,5,5,2,13,1,31,3,10,1,1,7,9,1,8,2,5,,16,16,1,22,9,121.5215499,25.1101418
111,4,19,12,19,2,09北投區,北投區明德路150巷與磺溪便道口,0,0,1,2,C04,6,1,5,50,4,1,1,4,4,5,7,4,4,10,5,5,2,13,2,72,2,9,1,1,7,9,1,11,2,13,,44,16,1,22,9,121.5215499,25.1101418
111,4,19,12,26,2,04大安區,大安區光復南路306號,0,0,1,1,B03,6,1,5,50,14,9,1,4,4,1,7,4,4,1,4,5,2,12,1,24,3,10,1,4,7,8,1,8,1,2,,23,23,1,22,9,121.5575254,25.03890279
111,4,19,12,26,2,04大安區,大安區光復南路306號,0,0,1,2,C03,6,1,5,50,14,9,1,4,4,1,7,4,4,1,4,5,2,12,2,20,2,9,1,2,7,9,1,10,1,14,,41,23,1,22,9,121.5575254,25.03890279
111,4,19,12,56,2,09北投區,北投區立農街1段與立農街1段257巷口,0,0,1,1,B03,7,1,5,30,3,1,1,4,4,5,7,4,4,9,4,5,1,11,1,45,3,10,1,1,7,5,1,8,1,8,,8,8,1,22,9,121.5053383,25.11956478
111,4,19,12,56,2,09北投區,北投區立農街1段與立農街1段257巷口,0,0,1,2,C03,7,1,5,30,3,1,1,4,4,5,7,4,4,9,4,5,1,11,1,39,2,8,1,1,7,9,1,10,1,14,,43,8,1,22,9,121.5053383,25.11956478
111,4,19,13,13,2,04大安區,大安區大安路1段與敦化南路1段270巷口,0,0,1,1,B03,8,1,5,50,4,1,1,5,4,5,7,1,1,1,4,5,2,16,2,51,3,10,1,1,7,6,1,8,1,5,,9,9,1,22,9,121.546344,25.041152
111,4,19,13,13,2,04大安區,大安區大安路1段與敦化南路1段270巷口,0,0,1,2,C03,8,1,5,50,4,1,1,5,4,5,7,1,1,1,4,5,2,16,1,25,2,9,1,1,7,9,1,10,1,11,,44,9,1,22,9,121.546344,25.041152
111,4,19,13,20,2,04大安區,大安區青田街6巷與青田街口,0,0,1,1,C03,6,1,5,30,4,1,1,4,4,5,7,4,4,10,5,5,2,15,2,61,2,9,1,4,7,9,1,10,1,14,,6,6,1,22,9,121.5319692,25.02808
111,4,19,13,20,2,04大安區,大安區青田街6巷與青田街口,0,0,1,2,B03,6,1,5,30,4,1,1,4,4,5,7,4,4,10,5,5,2,15,1,65,3,10,3,4,7,9,1,8,1,1,,13,6,1,22,9,121.5319692,25.02808
111,4,19,13,23,2,06松山區,松山區松信路與市民大道6段口,0,0,1,1,C03,6,1,5,40,4,1,1,4,4,5,7,1,1,1,4,5,2,13,1,51,2,9,1,1,7,9,1,10,2,11,,23,23,1,22,9,121.5722304,25.0494872
111,4,19,13,23,2,06松山區,松山區松信路與市民大道6段口,0,0,1,2,B03,6,1,5,40,4,1,1,4,4,5,7,1,1,1,4,5,2,13,1,50,3,10,1,1,7,14,1,8,2,6,,44,23,1,22,9,121.5722304,25.0494872
111,4,19,13,30,2,10文山區,文山區萬和街與萬樂街口,0,0,1,1,C03,6,1,5,0,3,2,1,4,4,5,7,4,4,9,4,5,1,18,1,39,2,9,1,1,7,9,1,10,9,12,,43,43,1,22,9,121.5690458,24.99936159
111,4,19,13,30,2,10文山區,文山區萬和街與萬樂街口,0,0,1,2,,6,1,5,0,3,2,1,4,4,5,7,4,4,9,4,5,1,18,3,,,,,,,,,,,,,67,43,1,,,121.5690458,24.99936159
111,4,19,13,35,2,01大同區,大同區民權西路與延平北路3段口,0,0,1,2,C03,6,1,5,50,4,1,1,4,4,5,7,2,1,1,4,5,2,16,1,37,2,8,3,4,7,9,1,10,1,12,,13,43,1,22,9,121.5112205,25.0627882
111,4,19,13,35,2,01大同區,大同區民權西路與延平北路3段口,0,0,1,1,B01,6,1,5,50,4,1,1,4,4,5,7,2,1,1,4,5,2,16,1,61,4,11,3,4,7,6,7,19,11,15,,43,43,2,22,9,121.5112205,25.0627882
111,4,19,13,43,2,03中山區,中山區基湖路與基湖路145巷口口,0,0,1,1,C04,6,1,5,30,4,1,1,4,4,5,2,4,4,1,4,5,2,15,2,48,2,9,1,1,7,9,1,10,1,11,,6,6,1,22,9,121.5638353,25.07830998
111,4,19,13,43,2,03中山區,中山區基湖路與基湖路145巷口口,0,0,1,2,B03,6,1,5,30,4,1,1,4,4,5,2,4,4,1,4,5,2,15,1,55,3,10,3,4,7,9,1,8,1,4,,14,6,1,22,9,121.5638353,25.07830998
111,4,19,14,5,2,01大同區,大同區民權西路245巷與延平北路3段18巷口,0,0,1,2,B03,7,1,5,30,4,1,1,4,4,5,7,4,4,10,5,5,2,15,2,40,3,10,3,4,7,9,1,8,1,1,,6,44,1,22,9,121.5103673,25.063947
111,4,19,14,5,2,01大同區,大同區民權西路245巷與延平北路3段18巷口,0,0,1,1,C03,7,1,5,30,4,1,1,4,4,5,7,4,4,10,5,5,2,15,2,55,2,2,1,1,7,9,1,10,1,12,,44,44,1,22,9,121.5103673,25.063947
111,4,19,14,5,2,01大同區,大同區民權西路245巷與延平北路3段18巷口,0,0,1,3,B03,7,1,5,30,4,1,1,4,4,5,7,4,4,10,5,5,2,15,3,,,,,,,,,,,,,67,44,1,,,121.5103673,25.063947
111,4,19,14,25,2,03中山區,中山區民權東路3段與松江路口,0,0,2,1,C03,6,1,5,50,4,4,1,4,4,5,7,1,1,1,4,5,1,13,1,50,2,9,1,1,7,9,1,10,1,11,,16,16,1,22,9,121.5329307,25.06238292
111,4,19,14,25,2,03中山區,中山區民權東路3段與松江路口,0,0,2,2,B03,6,1,5,50,4,4,1,4,4,5,7,1,1,1,4,5,1,13,1,33,3,10,1,1,7,14,1,8,1,3,,44,16,1,22,9,121.5329307,25.06238292
111,4,19,14,25,2,03中山區,中山區民權東路3段與松江路口,0,0,2,3,H02,6,1,5,50,4,4,1,4,4,5,7,1,1,1,4,5,1,13,2,53,2,8,1,5,7,21,8,20,1,15,,67,16,1,22,9,121.5329307,25.06238292
111,4,19,14,30,2,05中正區,中正區中山南路與青島西路口口,0,0,1,1,B03,7,1,5,50,4,1,1,5,4,5,7,2,1,9,4,4,1,16,2,55,3,10,1,1,7,15,1,8,2,8,,22,22,1,21,5,121.519266,25.0445366
111,4,19,14,30,2,05中正區,中正區中山南路與青島西路口口,0,0,1,2,B03,7,1,5,50,4,1,1,5,4,5,7,2,1,9,4,4,1,16,1,41,3,10,1,1,7,14,1,8,2,4,,44,22,1,21,5,121.519266,25.0445366
111,4,19,14,30,2,05中正區,中正區中山南路與青島西路口口,0,0,1,3,B03,7,1,5,50,4,1,1,5,4,5,7,2,1,9,4,4,1,16,1,47,2,1,1,1,7,14,1,8,2,2,,44,22,1,4,1,121.519266,25.0445366
111,4,19,14,53,2,03中山區,中山區遼寧街與龍江路149巷口,0,0,1,1,B01,6,1,5,50,4,1,1,4,4,5,7,4,4,9,5,5,2,16,1,64,3,10,1,1,7,7,1,4,1,4,,7,7,1,22,9,121.5420481,25.05391713
111,4,19,14,53,2,03中山區,中山區遼寧街與龍江路149巷口,0,0,1,2,C03,6,1,5,50,4,1,1,4,4,5,7,4,4,9,5,5,2,16,1,36,2,9,1,1,7,9,1,10,1,11,,44,7,1,8,9,121.5420481,25.05391713
111,4,19,14,55,2,02萬華區,萬華區長順街與長順街14巷口,0,0,2,1,C03,6,1,5,30,4,1,1,4,4,5,7,4,4,8,3,5,1,15,2,39,2,8,1,1,7,9,1,10,2,14,,6,6,1,22,9,121.4902707,25.03159152
111,4,19,14,55,2,02萬華區,萬華區長順街與長順街14巷口,0,0,2,2,C03,6,1,5,30,4,1,1,4,4,5,7,4,4,8,3,5,1,15,1,27,2,8,1,1,7,9,1,10,2,11,,13,6,1,22,9,121.4902707,25.03159152
111,4,19,15,10,2,05中正區,中正區忠孝西路1段與重慶北路1段口,0,0,2,1,C03,6,1,5,50,4,1,1,4,4,5,7,1,1,1,4,5,1,12,1,25,2,9,1,1,7,15,1,10,1,14,,6,6,1,22,9,121.5133325,25.0472215
111,4,19,15,10,2,05中正區,中正區忠孝西路1段與重慶北路1段口,0,0,2,2,C03,6,1,5,50,4,1,1,4,4,5,7,1,1,1,4,5,1,12,2,30,2,9,1,1,7,9,1,10,1,11,,44,6,1,22,9,121.5133325,25.0472215
111,4,19,15,55,2,08士林區,士林區重慶北路4段49巷與重慶北路4段口,0,0,1,1,B03,6,1,5,30,4,1,1,4,4,5,7,4,4,10,5,5,2,15,2,36,3,10,3,4,7,9,1,8,1,5,,6,6,1,22,9,121.5121749,25.08095527
111,4,19,15,55,2,08士林區,士林區重慶北路4段49巷與重慶北路4段口,0,0,1,2,C03,6,1,5,30,4,1,1,4,4,5,7,4,4,10,5,5,2,15,2,46,2,8,3,4,7,9,1,10,1,11,,13,6,1,22,9,121.5121749,25.08095527
111,4,19,16,18,2,03中山區,中山區民權東路2段131號,0,0,1,1,C03,8,1,5,50,3,2,1,5,4,5,7,2,1,1,4,5,2,12,1,25,2,9,3,4,7,7,1,10,1,14,,7,7,1,22,9,121.5349268,25.06257637
111,4,19,16,18,2,03中山區,中山區民權東路2段131號,0,0,1,2,A05,8,1,5,50,3,2,1,5,4,5,7,2,1,1,4,5,2,12,1,53,3,10,3,4,7,9,1,3,1,2,,44,7,1,22,9,121.5349268,25.06257637
111,4,19,16,18,2,09北投區,北投區中和街與中和街455巷口,0,0,1,1,B03,6,1,5,50,4,1,1,4,4,5,7,4,4,5,5,5,2,17,1,39,3,10,1,1,7,5,1,8,1,8,,8,8,1,22,9,121.4967055,25.14468726
111,4,19,16,18,2,09北投區,北投區中和街與中和街455巷口,0,0,1,2,C03,6,1,5,50,4,1,1,4,4,5,7,4,4,5,5,5,2,17,1,49,2,9,1,1,7,9,1,10,1,14,,44,8,1,22,9,121.4967055,25.14468726
111,4,19,16,20,2,05中正區,中正區汀州路1段與西藏路口,0,0,1,1,B03,6,1,5,50,4,2,1,4,4,5,7,1,1,5,5,5,2,1,1,25,3,10,1,1,7,5,1,8,2,8,,15,15,1,22,9,121.5071588,25.03068924
111,4,19,16,20,2,05中正區,中正區汀州路1段與西藏路口,0,0,1,2,H01,6,1,5,50,4,2,1,4,4,5,7,1,1,5,5,5,2,1,2,11,2,9,4,5,8,16,8,20,10,16,,67,15,1,22,9,121.5071588,25.03068924
111,4,19,16,40,2,05中正區,中正區思源街14號對面,0,0,1,1,B03,6,1,5,50,14,9,1,4,4,5,7,4,4,3,4,5,2,16,1,30,3,10,1,1,7,8,1,8,1,2,,7,7,1,22,9,121.5315303,25.01436327
111,4,19,16,40,2,05中正區,中正區思源街14號對面,0,0,1,2,C03,6,1,5,50,14,9,1,4,4,5,7,4,4,3,4,5,2,16,2,38,2,9,1,1,7,9,1,10,1,14,,44,7,1,22,9,121.5315303,25.01436327
111,4,19,17,11,2,03中山區,中山區松江路與南京東路2段口,0,0,1,2,C03,6,3,5,40,4,1,1,4,4,5,7,1,1,1,4,4,2,16,1,56,2,9,1,1,7,9,1,10,1,14,,23,9,1,22,9,121.5330712,25.0521812
111,4,19,17,11,2,03中山區,中山區松江路與南京東路2段口,0,0,1,1,B03,6,3,5,40,4,1,1,4,4,5,7,1,1,1,4,4,2,16,2,22,3,10,1,1,7,6,3,18,1,2,,9,9,1,22,9,121.5330712,25.0521812
111,4,19,17,20,2,12內湖區,內湖區江南街65巷與江南街71巷65弄口,0,0,1,1,C03,6,1,5,50,4,1,1,4,4,5,7,4,4,5,5,5,2,17,2,37,3,10,1,1,7,5,1,10,1,13,,8,8,1,22,9,121.5791356,25.07627117
111,4,19,17,20,2,12內湖區,內湖區江南街65巷與江南街71巷65弄口,0,0,1,2,C03,6,1,5,50,4,1,1,4,4,5,7,4,4,5,5,5,2,17,2,30,2,8,1,1,7,9,1,10,1,14,,23,8,1,22,9,121.5791356,25.07627117
111,4,19,17,40,2,07信義區,信義區松山路249巷與松山路287巷3弄口,0,0,1,1,B03,6,1,5,30,3,1,1,4,4,5,7,4,4,10,5,5,2,2,1,41,3,10,3,4,7,2,1,8,1,3,,12,12,1,22,9,121.5783853,25.0444008
111,4,19,17,40,2,07信義區,信義區松山路249巷與松山路287巷3弄口,0,0,1,2,H01,6,1,5,30,3,1,1,4,4,5,7,4,4,10,5,5,2,2,2,87,2,9,4,5,8,16,8,20,10,16,,67,12,1,22,9,121.5783853,25.0444008
111,4,19,17,54,2,09北投區,北投區承德路7段303號,0,0,2,1,C03,6,1,5,50,14,8,1,4,4,5,7,4,4,1,4,4,1,12,1,66,2,8,1,1,7,8,1,10,1,12,,7,7,1,22,9,121.504031,25.116722
111,4,19,17,54,2,09北投區,北投區承德路7段303號,0,0,2,2,C03,6,1,5,50,14,8,1,4,4,5,7,4,4,1,4,4,1,12,1,22,2,9,1,1,7,9,1,10,1,14,,44,7,1,22,9,121.504031,25.116722
111,4,19,17,56,2,10文山區,文山區木柵路5段110號與木柵路5段口,0,0,1,1,A02,6,1,5,50,3,1,1,4,4,5,7,1,1,3,4,5,2,16,1,66,3,10,3,4,7,5,1,2,2,6,,8,8,1,21,8,121.5919303,24.99876659
111,4,19,17,56,2,10文山區,文山區木柵路5段110號與木柵路5段口,0,0,1,2,C03,6,1,5,50,3,1,1,4,4,5,7,1,1,3,4,5,2,16,1,22,2,9,3,4,7,9,1,10,2,11,,14,8,1,21,8,121.5919303,24.99876659
111,4,19,18,15,2,04大安區,大安區忠孝東路4段49巷4弄與大安路1段口口,0,0,1,1,B03,7,1,5,30,3,2,1,5,4,5,7,4,4,10,3,5,1,9,2,39,3,10,3,4,7,15,1,8,9,8,,15,15,1,22,9,121.5461753,25.0411953
111,4,19,18,15,2,04大安區,大安區忠孝東路4段49巷4弄與大安路1段口口,0,0,1,2,H01,7,1,5,30,3,2,1,5,4,5,7,4,4,10,3,5,1,9,2,35,2,9,4,5,8,16,8,20,10,16,,67,15,1,22,9,121.5461753,25.0411953
111,4,19,18,26,2,10文山區,文山區木新路3段172巷與木新路3段172巷2弄口口,0,0,2,1,C03,7,3,5,30,4,1,1,4,4,5,7,4,4,10,5,5,2,15,2,36,2,9,1,1,7,9,1,10,1,11,,6,6,1,22,9,121.5605911,24.98219457
111,4,19,18,26,2,10文山區,文山區木新路3段172巷與木新路3段172巷2弄口口,0,0,2,2,C03,7,3,5,30,4,1,1,4,4,5,7,4,4,10,5,5,2,15,1,43,2,2,1,1,7,9,1,10,1,11,,14,6,1,22,9,121.5605911,24.98219457
111,4,19,18,45,2,01大同區,大同區通河西街1段往南(近96號停車格),0,0,1,1,B03,6,3,5,30,14,9,1,4,4,5,7,4,4,9,4,5,2,20,1,43,2,9,1,3,7,9,1,8,8,1,,21,21,1,22,9,121.5167641,25.07807156
111,4,19,18,45,2,01大同區,大同區通河西街1段往南(近96號停車格),0,0,1,2,,6,3,5,30,14,9,1,4,4,5,7,4,4,9,4,5,2,20,3,,,,,,,,,,,,,67,21,1,,,121.5167641,25.07807156
111,4,19,19,1,2,08士林區,士林區中山北路5段104號,0,0,2,1,C03,6,3,5,50,11,9,1,4,4,5,7,2,1,4,3,5,1,12,2,20,2,8,1,1,7,1,1,10,2,14,,19,19,1,22,9,121.5257759,25.08551406
111,4,19,19,1,2,08士林區,士林區中山北路5段104號,0,0,2,2,C02,6,3,5,50,11,9,1,4,4,5,7,2,1,4,3,5,1,12,1,40,2,8,1,1,7,9,1,9,2,12,,13,19,1,22,9,121.5257759,25.08551406
111,4,19,19,38,2,07信義區,信義區松信路230號,0,0,1,1,B03,7,3,5,50,14,9,1,5,4,5,7,4,4,5,4,5,2,17,1,26,3,10,1,1,7,7,1,8,1,15,,7,7,1,22,9,121.5719264,25.04130361
111,4,19,19,38,2,07信義區,信義區松信路230號,0,0,1,2,C03,7,3,5,50,14,9,1,5,4,5,7,4,4,5,4,5,2,17,2,27,2,9,1,1,7,9,1,10,1,14,,44,7,1,22,9,121.5719264,25.04130361
111,4,19,19,55,2,09北投區,北投區承德路7段與吉利街口,0,0,1,1,B03,6,3,5,60,3,1,1,4,4,5,7,4,4,1,4,4,2,17,1,28,3,10,1,1,7,8,1,8,1,6,,7,7,1,22,9,121.5034403,25.11785446
111,4,19,19,55,2,09北投區,北投區承德路7段與吉利街口,0,0,1,2,C03,6,3,5,60,3,1,1,4,4,5,7,4,4,1,4,4,2,17,1,37,2,8,1,1,7,9,1,10,1,11,,14,7,1,22,9,121.5034403,25.11785446
111,4,19,20,40,2,09北投區,北投區天母西路與天母西路130巷口,0,0,1,1,C03,7,3,5,50,4,1,1,4,4,5,7,2,1,5,4,5,2,16,2,20,2,8,1,1,7,9,1,10,1,11,,23,23,1,22,9,121.5223482,25.11904424
111,4,19,20,40,2,09北投區,北投區天母西路與天母西路130巷口,0,0,1,2,B03,7,3,5,50,4,1,1,4,4,5,7,2,1,5,4,5,2,16,1,41,3,10,1,1,7,5,1,8,1,3,,44,23,1,22,9,121.5223482,25.11904424
111,4,19,20,45,2,04大安區,大安區基隆路2段與敦南街口,0,0,1,1,B11,7,3,5,30,3,1,1,5,4,5,7,4,4,10,5,5,2,17,1,40,3,10,3,4,7,6,1,3,1,15,,9,9,1,22,9,121.5480787,25.02059919
111,4,19,20,45,2,04大安區,大安區基隆路2段與敦南街口,0,0,1,2,C03,7,3,5,30,3,1,1,5,4,5,7,4,4,10,5,5,2,17,2,52,2,8,1,4,7,14,1,10,1,11,,44,9,1,22,9,121.5480787,25.02059919
111,4,19,21,11,2,09北投區,北投區中央南路1段與光明路口,0,0,2,1,B01,6,3,5,50,4,1,1,4,4,5,7,3,1,5,4,5,2,16,1,48,3,10,1,1,7,9,1,4,1,8,,6,6,1,22,9,121.5015305,25.13316064
111,4,19,21,11,2,09北投區,北投區中央南路1段與光明路口,0,0,2,2,C03,6,3,5,50,4,1,1,4,4,5,7,3,1,5,4,5,2,16,2,22,2,8,1,1,7,9,1,10,1,12,,44,6,1,22,9,121.5015305,25.13316064
111,4,19,21,11,2,09北投區,北投區中央南路1段與光明路口,0,0,2,3,H02,6,3,5,50,4,1,1,4,4,5,7,3,1,5,4,5,2,16,2,22,2,8,4,5,7,21,8,20,10,16,,67,6,1,22,9,121.5015305,25.13316064
111,4,19,21,25,2,03中山區,中山區北安路518巷與北安路458巷47弄口,0,0,1,1,B03,7,3,5,30,13,9,1,5,4,5,7,4,4,8,5,5,2,11,2,37,3,10,1,1,7,9,1,8,2,1,,23,23,1,22,9,121.5466269,25.07864743
111,4,19,21,25,2,03中山區,中山區北安路518巷與北安路458巷47弄口,0,0,1,2,C03,7,3,5,30,13,9,1,5,4,5,7,4,4,8,5,5,2,11,1,23,2,9,1,1,7,9,1,10,1,11,,6,23,1,22,9,121.5466269,25.07864743
111,4,19,21,34,2,05中正區,中正區和平西路1段142號,0,0,2,1,C03,8,3,5,50,4,2,1,5,4,5,7,1,1,3,4,5,2,17,1,31,2,7,1,1,7,6,1,10,2,11,,23,23,1,22,9,121.5161614,25.02715608
111,4,19,21,34,2,05中正區,中正區和平西路1段142號,0,0,2,2,F01,8,3,5,50,4,2,1,5,4,5,7,1,1,3,4,5,2,17,2,31,2,9,1,1,7,9,8,20,2,16,,27,23,1,22,9,121.5161614,25.02715608
111,4,19,23,20,2,08士林區,士林區中山北路6段與福國路口,0,0,2,1,B03,8,3,5,50,3,2,1,5,4,5,7,2,1,3,4,5,1,16,1,60,3,10,3,4,7,6,1,8,1,8,,44,44,1,22,9,121.5255626,25.10233129
111,4,19,23,20,2,08士林區,士林區中山北路6段與福國路口,0,0,2,2,C03,8,3,5,50,3,2,1,5,4,5,7,2,1,3,4,5,1,16,2,19,2,9,3,4,7,11,1,10,1,11,,10,44,1,22,9,121.5255626,25.10233129
111,4,19,23,20,2,08士林區,士林區中山北路6段與福國路口,0,0,2,3,H02,8,3,5,50,3,2,1,5,4,5,7,2,1,3,4,5,1,16,2,18,2,9,3,5,7,21,8,20,10,15,,67,44,1,22,9,121.5255626,25.10233129
111,4,19,23,23,2,07信義區,信義區吳興街與吳興街156巷口,0,0,1,1,B12,8,3,5,50,4,1,1,5,4,5,7,1,1,9,4,5,2,12,1,34,3,10,1,1,7,6,1,8,1,5,,9,9,1,22,9,121.5618308,25.0292992
111,4,19,23,23,2,07信義區,信義區吳興街與吳興街156巷口,0,0,1,2,C03,8,3,5,50,4,1,1,5,4,5,7,1,1,9,4,5,2,12,1,32,2,9,1,1,7,9,1,10,1,14,,44,9,1,22,9,121.5618308,25.0292992