發生年度,發生月,發生日,發生時-Hours,發生分,處理別-編號,區序,肇事地點,死亡人數,2-30日死亡人數,受傷人數,當事人序號,車種,天候,光線,道路類別,速限-速度限制,道路型態,事故位置,路面狀況1,路面狀況2,路面狀況3,道路障礙1,道路障礙2,號誌1,號誌2,車道劃分-分向,車道劃分-分道1,車道劃分-分道2,車道劃分-分道3,事故類型及型態,性別,年齡,受傷程度,主要傷處,安全帽,行動電話,車輛用途,當事者行動狀態,駕駛資格情形,駕駛執照種類,飲酒情形,車輛撞擊部位1,車輛撞擊部位2,肇因碼-個別,肇因碼-主要,個人肇逃否,職業,旅次目的,座標-X,座標-Y
111,4,19,23,43,2,02萬華區,萬華區環河南路2段308號,0,0,2,1,C03,8,3,5,50,14,9,1,5,4,5,7,4,4,1,4,5,2,17,1,18,2,9,1,1,7,9,1,10,1,11,,23,23,1,22,9,121.4905185,25.03110306
111,4,19,23,43,2,02萬華區,萬華區環河南路2段308號,0,0,2,2,B03,8,3,5,50,14,9,1,5,4,5,7,4,4,1,4,5,2,17,1,30,3,10,3,4,7,15,1,8,1,7,,38,23,1,22,9,121.4905185,25.03110306
111,4,19,23,43,2,02萬華區,萬華區環河南路2段308號,0,0,2,3,H02,8,3,5,50,14,9,1,5,4,5,7,4,4,1,4,5,2,17,2,16,2,8,4,5,7,20,8,20,10,16,,67,23,1,22,9,121.4905185,25.03110306
111,4,20,0,5,2,05中正區,中正區羅斯福路4段84號,0,0,2,1,C03,8,3,5,50,3,2,1,5,4,5,7,1,1,1,4,5,2,13,1,71,2,9,1,1,7,9,1,10,1,11,,23,23,1,22,9,121.5348446,25.01410747
111,4,20,0,5,2,05中正區,中正區羅斯福路4段84號,0,0,2,2,C03,8,3,5,50,3,2,1,5,4,5,7,1,1,1,4,5,2,13,1,41,2,9,1,1,7,14,1,10,1,13,,44,23,1,22,9,121.5348446,25.01410747
111,4,20,0,5,2,05中正區,中正區羅斯福路4段84號,0,0,2,3,H02,8,3,5,50,3,2,1,5,4,5,7,1,1,1,4,5,2,13,2,68,4,11,4,5,7,20,8,20,10,16,,67,23,1,22,9,121.5348446,25.01410747
111,4,20,5,29,2,01大同區,大同區延平北路3段19-2號,0,0,2,1,C03,6,2,5,50,14,18,1,4,4,5,7,1,1,5,4,5,2,3,1,28,2,8,1,1,7,9,1,10,2,11,,43,43,1,22,9,121.5111677,25.063909
111,4,20,5,29,2,01大同區,大同區延平北路3段19-2號,0,0,2,2,H01,6,2,5,50,14,18,1,4,4,5,7,1,1,5,4,5,2,3,1,78,2,1,4,5,8,16,8,20,9,16,,67,43,1,22,9,121.5111677,25.063909
111,4,20,8,0,2,12內湖區,內湖區文湖街與文湖街21巷口,0,0,1,1,B03,6,1,5,30,3,1,1,4,4,5,7,1,1,5,5,5,2,17,1,42,3,10,1,1,7,5,1,8,1,1,,8,8,1,22,9,121.5607993,25.08616374
111,4,20,8,0,2,12內湖區,內湖區文湖街與文湖街21巷口,0,0,1,2,C03,6,1,5,30,3,1,1,4,4,5,7,1,1,5,5,5,2,17,1,55,2,1,1,1,7,9,1,10,1,14,,44,8,1,22,9,121.5607993,25.08616374
111,4,20,8,23,2,05中正區,中正區仁愛路1段與杭州南路1段口,0,0,1,1,C03,6,1,5,50,14,9,1,4,4,5,7,4,4,10,4,5,2,16,2,45,2,8,1,1,7,8,1,10,9,12,,7,7,1,22,9,121.525049,25.03785687
111,4,20,8,23,2,05中正區,中正區仁愛路1段與杭州南路1段口,0,0,1,2,C03,6,1,5,50,14,9,1,4,4,5,7,4,4,10,4,5,2,16,1,20,3,10,1,1,7,9,1,10,9,14,,44,7,1,22,9,121.525049,25.03785687
111,4,20,8,26,2,09北投區,北投區西安街1段與西安街1段313巷口,0,0,2,1,C03,6,1,5,50,3,1,1,4,4,5,7,4,4,9,4,5,2,13,2,30,2,8,1,1,7,9,1,10,1,11,,16,16,1,22,9,121.5149997,25.1145778
111,4,20,8,26,2,09北投區,北投區西安街1段與西安街1段313巷口,0,0,2,2,C03,6,1,5,50,3,1,1,4,4,5,7,4,4,9,4,5,2,13,1,47,2,7,1,1,7,14,1,10,1,13,,44,16,1,22,9,121.5149997,25.1145778
111,4,20,8,26,2,09北投區,北投區西安街1段與西安街1段313巷口,0,0,2,3,C03,6,1,5,50,3,1,1,4,4,5,7,4,4,9,4,5,2,13,1,27,3,10,1,1,7,14,1,10,1,13,,44,16,1,22,9,121.5149997,25.1145778
111,4,20,8,26,2,09北投區,北投區西安街1段與西安街1段313巷口,0,0,2,4,H01,6,1,5,50,3,1,1,4,4,5,7,4,4,9,4,5,2,13,4,,4,11,3,4,7,15,7,19,11,15,,43,16,2,22,9,121.5149997,25.1145778
111,4,20,8,30,2,09北投區,北投區大度路3段與關渡路口賓士對面,0,0,1,1,B03,6,1,5,50,14,9,1,4,4,5,7,1,1,9,4,4,2,16,1,36,3,10,1,1,7,6,1,8,1,1,,6,6,1,22,9,121.4698113,25.12283063
111,4,20,8,30,2,09北投區,北投區大度路3段與關渡路口賓士對面,0,0,1,2,C03,6,1,5,50,14,9,1,4,4,5,7,1,1,9,4,4,2,16,2,31,2,8,1,1,7,9,1,10,1,13,,44,6,1,22,9,121.4698113,25.12283063
111,4,20,8,35,2,03中山區,中山區建國北路3段與松江路口,0,0,1,1,C03,6,1,5,50,4,1,1,4,4,5,7,2,1,1,4,5,2,17,1,21,2,8,1,4,7,7,1,10,1,15,,42,42,1,22,9,121.533036,25.06786258
111,4,20,8,35,2,03中山區,中山區建國北路3段與松江路口,0,0,1,2,B03,6,1,5,50,4,1,1,4,4,5,7,2,1,1,4,5,2,17,1,25,3,10,3,4,7,9,1,8,1,15,,44,42,1,22,9,121.533036,25.06786258
111,4,20,8,38,2,10文山區,文山區和平東路4段295巷與和平東路4段口,0,0,1,1,B01,6,1,5,40,3,1,1,4,4,5,7,2,1,5,5,5,2,17,1,62,3,10,1,1,7,5,1,3,1,15,,8,8,1,22,9,121.5731203,25.0006514
111,4,20,8,38,2,10文山區,文山區和平東路4段295巷與和平東路4段口,0,0,1,2,C03,6,1,5,40,3,1,1,4,4,5,7,2,1,5,5,5,2,17,1,21,2,7,1,1,7,9,1,10,1,11,,13,8,1,22,9,121.5731203,25.0006514
111,4,20,8,43,2,03中山區,中山區錦州街242-1號,0,0,1,1,B12,6,1,5,50,14,9,1,4,4,5,7,4,4,4,3,5,1,3,1,41,3,10,3,4,7,5,1,8,9,8,,15,15,1,22,9,121.533762,25.06024435
111,4,20,8,43,2,03中山區,中山區錦州街242-1號,0,0,1,2,H01,6,1,5,50,14,9,1,4,4,5,7,4,4,4,3,5,1,3,2,30,2,9,4,5,8,16,8,20,10,16,,67,15,1,22,9,121.533762,25.06024435
111,4,20,8,45,2,03中山區,中山區明水路702號,0,0,1,1,B03,6,1,5,50,14,9,1,4,4,5,7,4,4,1,3,5,1,16,2,34,3,10,3,4,4,1,1,6,11,7,,19,19,1,22,9,121.5519713,25.08536106
111,4,20,8,45,2,03中山區,中山區明水路702號,0,0,1,2,C03,6,1,5,50,14,9,1,4,4,5,7,4,4,1,3,5,1,16,1,19,2,5,2,4,7,6,1,10,11,11,,44,19,1,22,9,121.5519713,25.08536106
111,4,20,8,45,2,03中山區,中山區明水路702號,0,0,1,3,B03,6,1,5,50,14,9,1,4,4,5,7,4,4,1,3,5,1,16,1,42,3,10,3,4,7,14,1,8,11,15,,38,19,1,22,9,121.5519713,25.08536106
111,4,20,8,45,2,12內湖區,內湖區南京東路6段與麥帥一橋口,0,0,1,1,C03,6,1,7,40,11,11,1,4,4,5,7,4,4,1,5,5,1,18,1,42,2,9,1,1,7,6,1,10,1,12,,44,44,1,22,9,121.5757843,25.05446171
111,4,20,8,45,2,12內湖區,內湖區南京東路6段與麥帥一橋口,0,0,1,2,,6,1,7,40,11,11,1,4,4,5,7,4,4,1,5,5,1,18,3,,,,,,,,,,,,,67,44,1,,,121.5757843,25.05446171
111,4,20,8,50,2,12內湖區,內湖區瑞光路與瑞光路76巷口,0,0,1,1,B03,8,1,5,50,3,1,1,4,4,5,7,1,1,10,4,5,2,17,1,68,3,10,1,1,7,6,1,8,1,15,,9,9,1,22,9,121.5815656,25.07117652
111,4,20,8,50,2,12內湖區,內湖區瑞光路與瑞光路76巷口,0,0,1,2,C03,8,1,5,50,3,1,1,4,4,5,7,1,1,10,4,5,2,17,1,41,2,9,1,1,7,9,1,10,1,14,,44,9,1,22,9,121.5815656,25.07117652
111,4,20,8,54,2,01大同區,大同區民權西路216號,0,0,1,1,C03,7,1,5,50,14,9,1,4,4,5,7,4,4,8,3,5,1,13,2,32,2,8,1,1,7,9,1,10,1,11,,16,16,1,22,9,121.5138004,25.06287806
111,4,20,8,54,2,01大同區,大同區民權西路216號,0,0,1,2,C03,7,1,5,50,14,9,1,4,4,5,7,4,4,8,3,5,1,13,1,27,3,10,1,1,7,9,1,10,1,13,,44,16,1,22,9,121.5138004,25.06287806
111,4,20,8,58,2,12內湖區,內湖區港墘路127巷1號前,0,0,1,1,C03,6,1,5,50,14,9,1,4,4,5,7,4,4,5,5,5,2,17,2,35,2,9,1,1,7,9,1,10,2,14,,44,44,1,22,9,121.5762618,25.07797979
111,4,20,8,58,2,12內湖區,內湖區港墘路127巷1號前,0,0,1,2,B03,6,1,5,50,14,9,1,4,4,5,7,4,4,5,5,5,2,17,2,50,3,10,1,1,7,1,1,8,2,15,,19,44,1,22,9,121.5762618,25.07797979
111,4,20,9,5,2,01大同區,大同區延平北路3段與民權西路口,0,0,1,1,B03,7,1,5,50,4,1,1,4,4,5,7,2,1,1,4,5,2,12,1,48,3,10,1,4,7,5,1,8,2,8,,8,8,1,22,9,121.5112037,25.06305654
111,4,20,9,5,2,01大同區,大同區延平北路3段與民權西路口,0,0,1,2,C03,7,1,5,50,4,1,1,4,4,5,7,2,1,1,4,5,2,12,1,28,2,9,1,4,7,9,1,9,2,12,,23,8,1,22,9,121.5112037,25.06305654
111,4,20,9,13,2,06松山區,松山區北寧路與寧安街60巷口,0,0,1,1,B01,6,1,5,40,3,1,1,4,4,5,7,4,4,5,4,4,2,16,1,47,3,10,3,4,7,11,1,4,2,5,,10,10,1,22,9,121.5527354,25.05082675
111,4,20,9,13,2,06松山區,松山區北寧路與寧安街60巷口,0,0,1,2,C03,6,1,5,40,3,1,1,4,4,5,7,4,4,5,4,4,2,16,1,31,2,8,3,4,7,9,1,10,2,11,,23,10,1,22,9,121.5527354,25.05082675
111,4,20,9,15,2,05中正區,中正區和平西路1段與羅斯福路2段口口,0,0,1,1,A02,6,1,5,50,4,1,1,4,4,5,7,1,1,1,4,5,1,16,2,41,3,10,1,1,7,5,1,2,2,1,,44,44,1,22,9,121.5224148,25.02701551
111,4,20,9,15,2,05中正區,中正區和平西路1段與羅斯福路2段口口,0,0,1,2,C03,6,1,5,50,4,1,1,4,4,5,7,1,1,1,4,5,1,16,2,47,2,9,1,1,7,9,1,10,2,14,,25,44,1,22,9,121.5224148,25.02701551
111,4,20,9,22,2,12內湖區,內湖區民權東路6段與舊宗路1段口,0,0,1,1,A12,6,1,5,50,4,1,1,4,4,5,7,1,1,5,5,5,2,17,1,54,3,10,1,1,7,5,1,3,2,6,,8,8,1,22,9,121.5751898,25.06566394
111,4,20,9,22,2,12內湖區,內湖區民權東路6段與舊宗路1段口,0,0,1,2,C03,6,1,5,50,4,1,1,4,4,5,7,1,1,5,5,5,2,17,1,34,2,9,1,1,7,9,1,10,2,11,,13,8,1,22,9,121.5751898,25.06566394
111,4,20,9,35,2,07信義區,信義區永吉路127巷3號,0,0,3,2,C04,7,1,5,50,14,9,1,4,4,5,7,4,4,10,5,5,2,13,2,39,2,8,1,1,7,14,1,10,1,13,,32,42,1,22,9,121.5703512,25.04599515
111,4,20,9,35,2,07信義區,信義區永吉路127巷3號,0,0,3,3,H02,7,1,5,50,14,9,1,4,4,5,7,4,4,10,5,5,2,13,1,51,2,8,4,5,7,20,8,20,10,16,,67,42,1,22,9,121.5703512,25.04599515
111,4,20,9,35,2,07信義區,信義區永吉路127巷3號,0,0,3,4,H02,7,1,5,50,14,9,1,4,4,5,7,4,4,10,5,5,2,13,2,5,2,8,4,5,7,20,8,20,10,16,,67,42,1,22,9,121.5703512,25.04599515
111,4,20,9,35,2,07信義區,信義區永吉路127巷3號,0,0,3,1,B03,7,1,5,50,14,9,1,4,4,5,7,4,4,10,5,5,2,13,1,43,3,10,1,1,7,9,1,8,1,1,,42,42,1,22,9,121.5703512,25.04599515
111,4,20,10,19,2,03中山區,中山區中山北路1段140巷與中山北路1段口,0,0,2,1,C03,7,1,5,50,3,1,1,5,4,5,7,4,4,1,3,5,1,13,2,42,2,9,1,1,7,9,1,10,1,11,,23,23,1,22,9,121.5221754,25.05140945
111,4,20,10,19,2,03中山區,中山區中山北路1段140巷與中山北路1段口,0,0,2,2,C03,7,1,5,50,3,1,1,5,4,5,7,4,4,1,3,5,1,13,1,27,2,8,1,1,7,9,1,10,1,13,,44,23,1,22,9,121.5221754,25.05140945
111,4,20,10,37,2,01大同區,大同區延平北路2段61巷與南京西路167巷口,0,0,3,1,C03,7,1,5,30,4,1,1,5,4,5,7,4,4,10,5,5,1,16,2,31,2,9,3,4,7,9,1,10,9,14,,6,6,1,22,9,121.5125469,25.0555918
111,4,20,10,37,2,01大同區,大同區延平北路2段61巷與南京西路167巷口,0,0,3,2,C03,7,1,5,30,4,1,1,5,4,5,7,4,4,10,5,5,1,16,1,23,2,9,3,4,7,9,1,10,9,11,,23,6,1,22,9,121.5125469,25.0555918
111,4,20,10,37,2,01大同區,大同區延平北路2段61巷與南京西路167巷口,0,0,3,3,H02,7,1,5,30,4,1,1,5,4,5,7,4,4,10,5,5,1,16,2,25,2,9,4,5,7,21,8,20,9,16,,67,6,1,22,9,121.5125469,25.0555918
111,4,20,10,40,2,01大同區,大同區民族西路與民族西路32巷口,0,0,1,1,B12,8,1,5,50,14,9,1,5,4,5,7,4,4,5,4,5,2,17,1,34,3,10,1,4,7,13,1,8,1,4,,40,40,1,22,9,121.5195371,25.0685151
111,4,20,10,40,2,01大同區,大同區民族西路與民族西路32巷口,0,0,1,2,C03,8,1,5,50,14,9,1,5,4,5,7,4,4,5,4,5,2,17,1,54,2,9,1,4,7,9,1,10,1,11,,44,40,1,22,9,121.5195371,25.0685151
111,4,20,10,45,2,09北投區,北投區尊賢街310號前,0,0,2,1,C03,8,1,5,30,14,9,1,5,4,5,7,4,4,10,5,5,2,12,1,26,2,8,1,1,7,5,1,10,1,14,,8,8,1,22,9,121.5069096,25.118165
111,4,20,10,45,2,09北投區,北投區尊賢街310號前,0,0,2,2,C03,8,1,5,30,14,9,1,5,4,5,7,4,4,10,5,5,2,12,2,43,2,8,1,1,7,9,1,10,1,12,,44,8,1,22,9,121.5069096,25.118165
111,4,20,10,50,2,05中正區,中正區中華路2段343號,0,0,1,1,A02,7,1,5,50,14,8,1,5,4,5,7,4,4,5,5,4,2,12,1,49,3,10,1,1,7,8,1,2,1,2,,7,7,1,22,9,121.5068998,25.0269917
111,4,20,10,50,2,05中正區,中正區中華路2段343號,0,0,1,2,C03,7,1,5,50,14,8,1,5,4,5,7,4,4,5,5,4,2,12,2,30,2,9,1,1,7,9,1,10,1,14,12,13,7,1,22,9,121.5068998,25.0269917
111,4,20,10,50,2,05中正區,中正區中華路2段343號,0,0,1,3,C03,7,1,5,50,14,8,1,5,4,5,7,4,4,5,5,4,2,12,1,64,3,10,3,4,7,13,7,19,9,13,,44,7,1,22,9,121.5068998,25.0269917
111,4,20,10,50,2,05中正區,中正區中華路2段343號,0,0,1,4,C03,7,1,5,50,14,8,1,5,4,5,7,4,4,5,5,4,2,12,2,43,3,10,3,4,7,13,7,19,9,12,,44,7,1,22,9,121.5068998,25.0269917
111,4,20,10,50,2,05中正區,中正區中華路2段343號,0,0,1,5,C03,7,1,5,50,14,8,1,5,4,5,7,4,4,5,5,4,2,12,1,68,3,10,3,4,7,13,7,19,9,12,,44,7,1,22,9,121.5068998,25.0269917
111,4,20,10,50,2,05中正區,中正區中華路2段343號,0,0,1,6,C03,7,1,5,50,14,8,1,5,4,5,7,4,4,5,5,4,2,12,1,36,3,10,3,4,7,13,7,19,9,14,,44,7,1,22,9,121.5068998,25.0269917
111,4,20,11,16,2,04大安區,大安區敦化南路2段與安和路2段171巷口,0,0,1,1,B02,7,1,5,50,5,1,1,5,4,5,7,1,1,8,3,1,2,12,1,44,3,10,1,1,7,6,1,8,1,5,,17,17,1,22,9,121.5489783,25.02808681
111,4,20,11,16,2,04大安區,大安區敦化南路2段與安和路2段171巷口,0,0,1,2,C02,7,1,5,50,5,1,1,5,4,5,7,1,1,8,3,1,2,12,1,37,2,8,1,1,7,6,1,9,1,12,,44,17,1,22,9,121.5489783,25.02808681
111,4,20,11,25,2,08士林區,士林區德行東路249號,0,0,1,1,C03,7,1,5,50,14,9,1,5,4,5,7,4,4,5,5,5,2,17,2,40,2,9,1,1,7,9,1,10,1,11,,16,16,1,21,8,121.5345911,25.10984901
111,4,20,11,25,2,08士林區,士林區德行東路249號,0,0,1,2,B03,7,1,5,50,14,9,1,5,4,5,7,4,4,5,5,5,2,17,1,58,3,10,1,1,7,14,1,8,1,6,,44,16,1,21,8,121.5345911,25.10984901
111,4,20,11,25,2,08士林區,士林區德行東路249號,0,0,1,3,B12,7,1,5,50,14,9,1,5,4,5,7,4,4,5,5,5,2,17,1,34,3,10,1,1,7,13,1,8,1,4,,44,16,1,21,8,121.5345911,25.10984901
111,4,20,11,30,2,07信義區,信義區基隆路2段155號,0,0,3,1,A02,7,1,5,50,14,9,1,5,4,5,7,4,4,1,4,5,2,17,1,41,3,10,1,1,7,8,1,2,1,8,,16,16,1,22,9,121.5548442,25.02634901
111,4,20,11,30,2,07信義區,信義區基隆路2段155號,0,0,3,2,B03,7,1,5,50,14,9,1,5,4,5,7,4,4,1,4,5,2,17,1,57,3,10,1,1,7,14,1,8,1,6,,44,16,1,22,9,121.5548442,25.02634901
111,4,20,11,30,2,07信義區,信義區基隆路2段155號,0,0,3,3,B12,7,1,5,50,14,9,1,5,4,5,7,4,4,1,4,5,2,17,1,38,3,10,1,1,7,14,1,8,1,3,,44,16,1,22,9,121.5548442,25.02634901
111,4,20,11,30,2,07信義區,信義區基隆路2段155號,0,0,3,4,H02,7,1,5,50,14,9,1,5,4,5,7,4,4,1,4,5,2,17,2,72,2,9,1,1,7,21,8,20,10,16,,67,16,1,22,9,121.5548442,25.02634901
111,4,20,11,30,2,07信義區,信義區基隆路2段155號,0,0,3,5,H02,7,1,5,50,14,9,1,5,4,5,7,4,4,1,4,5,2,17,2,74,2,9,4,5,7,21,8,20,10,16,,67,16,1,22,9,121.5548442,25.02634901
111,4,20,11,30,2,07信義區,信義區基隆路2段155號,0,0,3,6,H02,7,1,5,50,14,9,1,5,4,5,7,4,4,1,4,5,2,17,2,75,2,9,1,1,7,21,8,20,10,16,,67,16,1,22,9,121.5548442,25.02634901
111,4,20,11,40,2,10文山區,文山區秀明路2段7巷與秀明路口側附近2段口,0,0,1,1,B03,7,1,5,50,3,1,1,5,4,5,7,2,1,5,5,5,2,17,1,66,3,10,1,1,7,5,1,8,1,1,,6,6,1,22,9,121.5748839,24.99188501
111,4,20,11,40,2,10文山區,文山區秀明路2段7巷與秀明路口側附近2段口,0,0,1,2,C03,7,1,5,50,3,1,1,5,4,5,7,2,1,5,5,5,2,17,2,24,2,9,1,1,7,9,1,10,1,11,,44,6,1,22,9,121.5748839,24.99188501
111,4,20,12,11,2,10文山區,文山區試院路與試院路4巷口,0,0,1,1,C03,7,1,5,30,3,1,1,5,4,1,7,4,4,5,4,5,2,17,1,52,2,5,3,4,7,5,1,10,2,11,,6,6,1,21,8,121.5496888,24.98809963
111,4,20,12,11,2,10文山區,文山區試院路與試院路4巷口,0,0,1,2,B03,7,1,5,30,3,1,1,5,4,1,7,4,4,5,4,5,2,17,1,19,3,10,3,4,7,9,1,8,2,5,,23,6,1,19,8,121.5496888,24.98809963
111,4,20,12,33,2,07信義區,信義區嘉興街179-4號,0,0,1,1,B03,8,1,5,30,14,9,1,5,4,5,7,4,4,9,5,5,2,2,2,74,3,10,1,1,7,9,1,8,2,5,,23,23,1,22,9,121.5568174,25.02712714
111,4,20,12,33,2,07信義區,信義區嘉興街179-4號,0,0,1,2,H01,8,1,5,30,14,9,1,5,4,5,7,4,4,9,5,5,2,2,2,64,2,8,4,5,8,16,8,20,10,16,,67,23,1,22,9,121.5568174,25.02712714
111,4,20,12,41,2,02萬華區,萬華區桂林路242巷與桂林路228巷11弄口,0,0,1,1,B03,8,1,5,50,5,1,1,5,4,5,7,1,1,1,5,5,2,17,1,45,3,10,1,1,7,11,1,8,1,8,,10,10,1,22,9,121.4954837,25.03837043
111,4,20,12,41,2,02萬華區,萬華區桂林路242巷與桂林路228巷11弄口,0,0,1,2,C03,8,1,5,50,5,1,1,5,4,5,7,1,1,1,5,5,2,17,1,30,2,9,1,1,7,9,1,10,1,11,,44,10,1,22,9,121.4954837,25.03837043
111,4,20,12,44,2,08士林區,士林區陽明路1段與陽明路1段38巷口,0,0,1,1,C03,7,1,5,40,4,2,1,5,4,5,7,1,3,5,2,5,1,17,1,36,2,8,1,1,7,9,1,10,1,11,,23,23,1,22,9,121.5496221,25.14977087
111,4,20,12,44,2,08士林區,士林區陽明路1段與陽明路1段38巷口,0,0,1,2,B03,7,1,5,40,4,2,1,5,4,5,7,1,3,5,2,5,1,17,1,44,3,10,2,1,7,9,1,8,1,6,,44,23,1,22,9,121.5496221,25.14977087
111,4,20,12,44,2,08士林區,士林區陽明路1段與陽明路1段38巷口,0,0,1,3,B03,7,1,5,40,4,2,1,5,4,5,7,1,3,5,2,5,1,17,1,56,3,10,1,1,7,9,1,8,1,15,,44,23,1,22,9,121.5496221,25.14977087
111,4,20,13,0,2,07信義區,信義區信義路5段與基隆路1段口,0,0,2,1,C03,7,1,5,50,4,1,1,5,4,5,7,1,1,9,4,5,2,13,1,59,2,9,1,1,7,9,1,10,1,11,,16,16,1,22,9,121.5596241,25.03297003
111,4,20,13,0,2,07信義區,信義區信義路5段與基隆路1段口,0,0,2,2,C03,7,1,5,50,4,1,1,5,4,5,7,1,1,9,4,5,2,13,2,34,2,9,1,1,7,14,1,10,1,13,,44,16,1,22,9,121.5596241,25.03297003
111,4,20,13,0,2,07信義區,信義區信義路5段與基隆路1段口,0,0,2,3,C03,7,1,5,50,4,1,1,5,4,5,7,1,1,9,4,5,2,13,2,24,3,10,1,1,7,14,1,10,1,12,,44,16,1,22,9,121.5596241,25.03297003
111,4,20,13,32,2,08士林區,士林區延平北路7段106巷抽水站旁,0,0,1,2,B12,8,1,5,30,14,9,1,5,4,5,7,4,4,5,4,5,2,17,1,56,3,10,1,1,7,9,1,8,1,8,,43,43,1,21,8,121.4961849,25.10105169
111,4,20,13,32,2,08士林區,士林區延平北路7段106巷抽水站旁,0,0,1,3,C03,8,1,5,30,14,9,1,5,4,5,7,4,4,5,4,5,2,17,1,26,2,9,1,1,7,9,1,10,1,11,,43,43,1,21,8,121.4961849,25.10105169
111,4,20,13,32,2,08士林區,士林區延平北路7段106巷抽水站旁,0,0,1,1,,8,1,5,30,14,9,1,5,4,5,7,4,4,5,4,5,2,17,4,,4,11,3,4,7,15,7,19,11,15,,43,43,2,22,9,121.4961849,25.10105169
111,4,20,14,14,2,02萬華區,萬華區中華路2段與廣州街口,0,0,1,1,B12,8,1,5,50,4,1,1,5,4,5,7,1,1,1,5,5,2,17,1,38,3,10,1,1,7,6,1,4,1,5,,44,44,1,22,9,121.5091807,25.04609788
111,4,20,14,14,2,02萬華區,萬華區中華路2段與廣州街口,0,0,1,2,C03,8,1,5,50,4,1,1,5,4,5,7,1,1,1,5,5,2,17,2,34,2,9,1,1,7,9,1,10,1,11,,44,44,1,22,9,121.5091807,25.04609788
111,4,20,14,19,2,08士林區,士林區重慶北路4段238號,0,0,1,1,B03,7,1,5,50,14,9,1,5,4,5,7,1,1,9,4,5,2,17,1,31,3,10,1,1,7,8,1,8,2,5,,7,7,1,22,9,121.5111429,25.08639594
111,4,20,14,19,2,08士林區,士林區重慶北路4段238號,0,0,1,2,C03,7,1,5,50,14,9,1,5,4,5,7,1,1,9,4,5,2,17,1,58,2,7,1,1,7,9,1,10,2,14,,44,7,1,22,9,121.5111429,25.08639594
111,4,20,14,31,2,12內湖區,內湖區基湖路35巷與瑞光路548巷口,0,0,1,1,C03,7,1,5,50,4,1,1,5,4,5,7,3,1,5,4,5,2,16,1,62,2,9,1,1,7,9,1,10,1,12,,6,6,1,22,9,121.5670966,25.0790617
111,4,20,14,31,2,12內湖區,內湖區基湖路35巷與瑞光路548巷口,0,0,1,2,B01,7,1,5,50,4,1,1,5,4,5,7,3,1,5,4,5,2,16,1,58,3,10,1,1,7,9,1,4,1,8,,44,6,1,22,9,121.5670966,25.0790617
111,4,20,14,36,2,10文山區,文山區辛亥路5段與辛亥路5段25巷口,0,0,1,1,B03,7,1,5,50,4,1,1,5,4,5,7,2,1,1,4,5,2,17,1,57,3,10,1,1,7,5,1,8,11,15,,6,6,1,22,9,121.5541233,24.99988234
111,4,20,14,36,2,10文山區,文山區辛亥路5段與辛亥路5段25巷口,0,0,1,2,C03,7,1,5,50,4,1,1,5,4,5,7,2,1,1,4,5,2,17,1,25,2,9,1,1,7,9,1,10,11,14,,13,6,1,22,9,121.5541233,24.99988234
111,4,20,14,50,2,03中山區,中山區建國北路1段與八德路2段口,0,0,2,1,C03,7,1,5,50,4,1,1,5,4,5,7,2,1,1,4,5,2,16,1,23,2,9,1,4,7,5,1,10,1,14,,8,8,1,22,9,121.5364014,25.04617166
111,4,20,14,50,2,03中山區,中山區建國北路1段與八德路2段口,0,0,2,2,C03,7,1,5,50,4,1,1,5,4,5,7,2,1,1,4,5,2,16,2,23,2,9,1,4,7,9,1,10,1,12,,44,8,1,22,9,121.5364014,25.04617166
111,4,20,14,50,2,12內湖區,內湖區康寧路3段與安康路口,0,0,1,1,C03,7,1,5,50,3,1,1,4,4,5,7,1,1,9,4,5,2,16,2,57,2,9,1,1,7,9,1,10,2,14,,44,44,1,22,9,121.6108537,25.06482717
111,4,20,14,50,2,12內湖區,內湖區康寧路3段與安康路口,0,0,1,2,C03,7,1,5,50,3,1,1,4,4,5,7,1,1,9,4,5,2,16,1,22,3,10,1,1,7,6,1,10,2,12,,9,44,1,22,9,121.6108537,25.06482717
111,4,20,15,1,2,01大同區,大同區長安西路119號,0,0,1,1,H01,7,1,5,50,14,9,1,5,4,5,7,4,4,5,5,5,2,3,1,28,2,9,4,5,8,16,8,20,10,16,,51,51,1,22,9,121.5157283,25.05121866
111,4,20,15,1,2,01大同區,大同區長安西路119號,0,0,1,2,B03,7,1,5,50,14,9,1,5,4,5,7,4,4,5,5,5,2,3,2,34,3,10,3,4,7,9,1,8,2,5,,23,51,1,22,9,121.5157283,25.05121866
111,4,20,15,12,2,05中正區,中正區南陽街與許昌街口,0,0,1,1,B01,7,1,5,30,4,2,1,5,4,5,7,4,4,10,4,5,2,3,1,61,3,10,1,1,7,5,1,4,2,8,,15,15,1,22,9,121.516125,25.04548446
111,4,20,15,12,2,05中正區,中正區南陽街與許昌街口,0,0,1,2,H01,7,1,5,30,4,2,1,5,4,5,7,4,4,10,4,5,2,3,1,26,2,7,4,5,8,16,8,20,10,16,,67,15,1,22,9,121.516125,25.04548446
111,4,20,15,20,2,05中正區,中正區南海路與泉州街口,0,0,1,1,B03,8,1,5,50,3,1,1,5,4,5,7,3,1,10,4,4,2,17,2,41,3,10,1,1,7,5,1,8,2,4,,8,8,1,22,9,121.5136302,25.0317635