發生年度,發生月,發生日,發生時-Hours,發生分,處理別-編號,區序,肇事地點,死亡人數,2-30日死亡人數,受傷人數,當事人序號,車種,天候,光線,道路類別,速限-速度限制,道路型態,事故位置,路面狀況1,路面狀況2,路面狀況3,道路障礙1,道路障礙2,號誌1,號誌2,車道劃分-分向,車道劃分-分道1,車道劃分-分道2,車道劃分-分道3,事故類型及型態,性別,年齡,受傷程度,主要傷處,安全帽,行動電話,車輛用途,當事者行動狀態,駕駛資格情形,駕駛執照種類,飲酒情形,車輛撞擊部位1,車輛撞擊部位2,肇因碼-個別,肇因碼-主要,個人肇逃否,職業,旅次目的,座標-X,座標-Y
111,4,20,15,20,2,05中正區,中正區南海路與泉州街口,0,0,1,2,C03,8,1,5,50,3,1,1,5,4,5,7,3,1,10,4,4,2,17,1,18,2,9,1,1,7,9,1,10,2,11,,13,8,1,22,9,121.5136302,25.0317635
111,4,20,15,38,2,03中山區,中山區明水路與明水路439巷口口,0,0,1,1,B03,7,1,5,50,3,1,1,5,4,5,7,4,4,1,4,5,2,16,1,18,3,10,3,4,7,6,1,8,1,4,,6,6,1,18,9,121.5496112,25.07739881
111,4,20,15,38,2,03中山區,中山區明水路與明水路439巷口口,0,0,1,2,C03,7,1,5,50,3,1,1,5,4,5,7,4,4,1,4,5,2,16,1,18,2,8,3,4,7,9,1,10,1,11,,13,6,1,18,9,121.5496112,25.07739881
111,4,20,16,10,2,09北投區,北投區中和街299號與中和街口,0,0,2,1,C04,8,1,5,50,3,2,1,5,4,5,7,4,4,7,4,5,1,12,1,63,2,8,1,1,7,11,1,11,1,14,,10,10,1,22,9,121.5001506,25.14057356
111,4,20,16,10,2,09北投區,北投區中和街299號與中和街口,0,0,2,2,C03,8,1,5,50,3,2,1,5,4,5,7,4,4,7,4,5,1,12,1,19,2,7,1,1,7,9,1,10,1,11,,44,10,1,22,9,121.5001506,25.14057356
111,4,20,16,35,2,03中山區,中山區民權東路3段與民權東路3段39巷口,0,0,1,1,B03,7,1,5,50,4,1,1,5,4,5,7,2,1,1,4,5,2,2,1,47,3,10,3,4,7,6,1,8,1,5,,15,15,1,22,9,121.5425422,25.06245815
111,4,20,16,35,2,03中山區,中山區民權東路3段與民權東路3段39巷口,0,0,1,2,H01,7,1,5,50,4,1,1,5,4,5,7,2,1,1,4,5,2,2,2,68,2,9,4,5,8,16,8,20,10,16,,67,15,1,22,9,121.5425422,25.06245815
111,4,20,16,37,2,11南港區,南港區松河街與重陽路203巷口,0,0,3,1,C03,8,1,5,40,3,1,1,5,4,5,7,4,4,4,5,5,2,11,1,34,2,7,1,4,7,5,1,10,2,14,,8,8,1,22,9,121.6003338,25.05831689
111,4,20,16,37,2,11南港區,南港區松河街與重陽路203巷口,0,0,3,2,C03,8,1,5,40,3,1,1,5,4,5,7,4,4,4,5,5,2,11,1,21,2,7,1,4,7,9,1,10,2,12,,44,8,1,22,9,121.6003338,25.05831689
111,4,20,16,37,2,11南港區,南港區松河街與重陽路203巷口,0,0,3,3,H02,8,1,5,40,3,1,1,5,4,5,7,4,4,4,5,5,2,11,1,43,2,8,4,5,7,20,8,20,10,16,,67,8,1,22,9,121.6003338,25.05831689
111,4,20,16,56,2,11南港區,南港區永吉路與忠孝東路6段口,0,0,1,1,B03,7,1,5,50,14,9,1,5,4,5,7,4,4,1,3,5,2,12,1,65,3,10,1,1,7,1,1,8,3,4,,19,19,1,22,9,121.5819696,25.04538799
111,4,20,16,56,2,11南港區,南港區永吉路與忠孝東路6段口,0,0,1,2,C03,7,1,5,50,14,9,1,5,4,5,7,4,4,1,3,5,2,12,1,31,2,9,1,1,7,9,1,10,2,11,,13,19,1,22,9,121.5819696,25.04538799
111,4,20,17,5,2,11南港區,南港區南港路3段232號前,0,0,1,1,B01,7,1,5,50,14,9,1,5,4,5,7,4,4,5,4,5,2,16,1,49,3,10,1,1,7,11,1,4,2,8,,10,10,1,5,9,121.5857955,25.05288692
111,4,20,17,5,2,11南港區,南港區南港路3段232號前,0,0,1,2,C03,7,1,5,50,14,9,1,5,4,5,7,4,4,5,4,5,2,16,1,58,2,7,1,1,7,9,1,10,2,11,,44,10,1,22,9,121.5857955,25.05288692
111,4,20,17,5,2,11南港區,南港區南港路3段232號前,0,0,1,3,C03,7,1,5,50,14,9,1,5,4,5,7,4,4,5,4,5,2,16,1,31,3,10,1,1,7,9,1,10,2,11,,44,10,1,22,9,121.5857955,25.05288692
111,4,20,17,21,2,10文山區,文山區木柵路1段292號,0,0,1,1,B03,7,1,5,50,14,9,1,5,4,5,7,2,1,5,4,5,2,17,2,51,3,10,1,1,7,1,1,8,1,8,,19,19,1,22,9,121.5563009,24.9884473
111,4,20,17,21,2,10文山區,文山區木柵路1段292號,0,0,1,2,C03,7,1,5,50,14,9,1,5,4,5,7,2,1,5,4,5,2,17,1,19,2,9,1,1,7,9,1,10,1,12,,13,19,1,22,9,121.5563009,24.9884473
111,4,20,17,30,2,08士林區,士林區格致路與愛富二街口口,0,0,1,1,B03,7,1,5,40,4,2,1,5,4,5,7,2,1,3,5,5,1,12,1,53,3,10,1,1,7,11,1,8,2,8,,10,10,1,22,9,121.546421,25.13897345
111,4,20,17,30,2,08士林區,士林區格致路與愛富二街口口,0,0,1,2,C02,7,1,5,40,4,2,1,5,4,5,7,2,1,3,5,5,1,12,2,27,2,9,1,1,7,9,1,9,2,11,,23,10,1,22,9,121.546421,25.13897345
111,4,20,17,56,2,05中正區,中正區林森南路與徐州路口,0,0,1,1,B12,6,1,5,50,4,4,1,4,4,5,7,2,1,9,4,5,2,13,1,43,3,10,1,4,7,9,6,18,2,5,,23,23,1,9,4,121.5222589,25.04117718
111,4,20,17,56,2,05中正區,中正區林森南路與徐州路口,0,0,1,2,C03,6,1,5,50,4,4,1,4,4,5,7,2,1,9,4,5,2,13,2,45,2,1,1,1,7,14,1,10,2,13,,44,23,1,22,1,121.5222589,25.04117718
111,4,20,18,1,2,12內湖區,內湖區新明路與新明路273巷口口,0,0,2,2,C03,7,1,5,40,3,2,1,5,4,5,7,4,4,5,5,5,2,12,1,47,2,9,1,1,7,9,1,10,1,11,,44,7,1,22,9,121.5861894,25.05767219
111,4,20,18,1,2,12內湖區,內湖區新明路與新明路273巷口口,0,0,2,1,C03,7,1,5,40,3,2,1,5,4,5,7,4,4,5,5,5,2,12,1,35,2,9,1,1,7,7,1,10,1,14,,7,7,1,22,9,121.5861894,25.05767219
111,4,20,18,8,2,04大安區,大安區師大路1號,0,0,1,1,C03,6,3,5,50,14,9,1,4,4,5,7,4,4,5,4,5,2,12,1,27,2,9,1,1,7,15,1,10,1,13,,17,17,1,22,9,121.5285658,25.026164
111,4,20,18,8,2,04大安區,大安區師大路1號,0,0,1,2,B01,6,3,5,50,14,9,1,4,4,5,7,4,4,5,4,5,2,12,1,43,3,10,1,1,7,9,1,4,1,5,,17,17,1,22,9,121.5285658,25.026164
111,4,20,18,10,2,11南港區,南港區經貿二路與經貿二路88巷口,0,0,1,1,B03,8,1,5,50,14,7,1,5,4,5,7,1,1,1,4,4,2,12,2,38,3,10,1,1,7,10,1,8,1,4,,7,7,1,22,9,121.6154028,25.0576843
111,4,20,18,10,2,11南港區,南港區經貿二路與經貿二路88巷口,0,0,1,2,C03,8,1,5,50,14,7,1,5,4,5,7,1,1,1,4,4,2,12,1,37,2,9,1,1,7,9,1,10,1,15,,13,7,1,22,9,121.6154028,25.0576843
111,4,20,18,10,2,07信義區,信義區忠孝東路5段236巷與忠孝東路5段236巷45弄口,0,0,1,1,B03,8,3,5,30,4,1,1,5,4,5,7,4,4,5,5,5,2,12,1,42,3,10,3,4,7,15,1,8,1,7,,44,44,1,22,9,121.5718661,25.03761707
111,4,20,18,10,2,07信義區,信義區忠孝東路5段236巷與忠孝東路5段236巷45弄口,0,0,1,2,C03,8,3,5,30,4,1,1,5,4,5,7,4,4,5,5,5,2,12,1,48,2,8,3,4,7,9,1,10,1,12,,23,44,1,22,9,121.5718661,25.03761707
111,4,20,18,10,2,07信義區,信義區忠孝東路5段236巷與忠孝東路5段236巷45弄口,0,0,1,3,C03,8,3,5,30,4,1,1,5,4,5,7,4,4,5,5,5,2,12,1,39,3,10,3,4,7,9,1,10,1,15,,44,44,1,22,9,121.5718661,25.03761707
111,4,20,18,29,2,01大同區,大同區承德路2段235號,0,0,2,1,C03,6,3,5,50,14,9,1,4,4,5,7,3,1,1,4,5,2,16,1,17,2,9,1,1,7,7,2,18,1,14,,7,7,1,22,9,121.518311,25.06146834
111,4,20,18,29,2,01大同區,大同區承德路2段235號,0,0,2,2,C03,6,3,5,50,14,9,1,4,4,5,7,3,1,1,4,5,2,16,1,24,2,9,1,1,7,9,1,10,1,12,,13,7,1,22,9,121.518311,25.06146834
111,4,20,18,29,2,01大同區,大同區承德路2段235號,0,0,2,3,B01,6,3,5,50,14,9,1,4,4,5,7,3,1,1,4,5,2,16,1,41,3,10,1,1,7,9,1,4,1,2,,44,7,1,22,9,121.518311,25.06146834
111,4,20,18,30,2,09北投區,北投區竹子湖路第2停車場前,0,0,1,1,C03,7,3,5,40,11,9,1,4,4,5,7,3,1,10,5,5,2,18,1,37,2,9,1,1,7,5,1,10,1,14,,13,13,1,22,9,121.5459005,25.15547063
111,4,20,18,30,2,09北投區,北投區竹子湖路第2停車場前,0,0,1,2,,7,3,5,40,11,9,1,4,4,5,7,3,1,10,5,5,2,18,3,,,,,,,,,,,,,67,13,1,,,121.5459005,25.15547063
111,4,20,18,30,2,11南港區,南港區忠孝東路7段與忠孝東路7段325巷口,0,0,1,1,B03,7,3,5,50,3,2,1,5,4,5,7,2,1,1,4,4,2,12,1,53,3,10,1,1,7,8,1,8,1,5,,7,7,1,22,9,121.6054895,25.05196933
111,4,20,18,30,2,11南港區,南港區忠孝東路7段與忠孝東路7段325巷口,0,0,1,2,C03,7,3,5,50,3,2,1,5,4,5,7,2,1,1,4,4,2,12,1,22,2,9,1,1,7,9,1,10,1,11,,44,7,1,22,9,121.6054895,25.05196933
111,4,20,18,41,2,12內湖區,內湖區星雲街161巷與金湖路47巷口,0,0,2,1,C03,6,3,5,30,4,2,1,4,4,5,7,4,4,10,5,5,1,16,1,18,2,8,1,1,7,5,1,10,1,14,,8,8,1,22,9,121.5958974,25.08193213
111,4,20,18,41,2,12內湖區,內湖區星雲街161巷與金湖路47巷口,0,0,2,2,C03,6,3,5,30,4,2,1,4,4,5,7,4,4,10,5,5,1,16,2,44,2,8,1,1,7,9,1,10,1,11,,14,8,1,22,9,121.5958974,25.08193213
111,4,20,18,47,2,03中山區,中山區建國北路2段80號,0,0,1,1,C03,6,3,5,50,14,9,1,4,4,5,7,4,4,10,4,5,2,17,1,45,2,9,3,4,7,9,1,10,2,14,,42,42,1,22,9,121.5366265,25.05491163
111,4,20,18,47,2,03中山區,中山區建國北路2段80號,0,0,1,2,B03,6,3,5,50,14,9,1,4,4,5,7,4,4,10,4,5,2,17,2,40,3,10,3,4,7,8,1,8,2,15,,44,42,1,22,9,121.5366265,25.05491163
111,4,20,18,50,2,04大安區,大安區新生南路1段161巷與仁愛路3段24巷口,0,0,1,1,B01,6,3,5,30,4,1,1,4,4,5,7,4,4,10,5,5,2,9,1,68,3,10,3,4,7,5,1,4,2,5,,15,15,1,22,9,121.5359189,25.03456192
111,4,20,18,50,2,04大安區,大安區新生南路1段161巷與仁愛路3段24巷口,0,0,1,2,H01,6,3,5,30,4,1,1,4,4,5,7,4,4,10,5,5,2,9,2,73,2,8,4,5,8,16,8,20,10,16,,67,15,1,22,9,121.5359189,25.03456192
111,4,20,19,0,2,10文山區,文山區羅斯福路6段與景福街口,0,0,2,1,C03,8,3,5,50,4,2,1,5,4,5,7,2,1,1,4,5,2,13,1,19,2,9,1,1,7,9,1,10,2,11,,16,16,1,22,9,121.5408906,24.99336659
111,4,20,19,0,2,10文山區,文山區羅斯福路6段與景福街口,0,0,2,2,C04,8,3,5,50,4,2,1,5,4,5,7,2,1,1,4,5,2,13,1,29,2,9,1,1,7,9,1,11,2,13,,44,16,1,22,9,121.5408906,24.99336659
111,4,20,19,17,2,06松山區,松山區市民大道4段與敦化南路1段口,0,0,1,1,C03,7,3,5,40,5,1,1,5,4,5,7,2,1,1,4,5,2,12,2,32,2,9,3,4,7,6,1,10,1,12,,9,9,1,22,9,121.5491845,25.04494778
111,4,20,19,17,2,06松山區,松山區市民大道4段與敦化南路1段口,0,0,1,2,C03,7,3,5,40,5,1,1,5,4,5,7,2,1,1,4,5,2,12,1,25,3,10,3,4,7,9,1,10,1,14,,23,9,1,22,9,121.5491845,25.04494778
111,4,20,20,35,2,10文山區,文山區辛亥路7段地下道內,0,0,1,1,C03,7,3,5,30,11,9,1,5,4,5,1,4,4,7,5,5,2,18,1,28,2,9,1,1,7,9,1,10,1,14,,43,43,1,22,9,121.5538266,24.97995176
111,4,20,20,35,2,10文山區,文山區辛亥路7段地下道內,0,0,1,2,,7,3,5,30,11,9,1,5,4,5,1,4,4,7,5,5,2,18,3,,,,,,,,,,,,,67,43,1,,,121.5538266,24.97995176
111,4,20,20,37,2,02萬華區,萬華區西園路2段310號,0,0,2,1,C03,6,3,5,50,14,9,1,4,4,5,7,4,4,1,4,5,1,13,1,22,2,8,1,1,7,9,1,10,1,11,,42,42,1,22,9,121.4926634,25.02611989
111,4,20,20,37,2,02萬華區,萬華區西園路2段310號,0,0,2,2,C03,6,3,5,50,14,9,1,4,4,5,7,4,4,1,4,5,1,13,2,28,2,9,1,1,7,12,1,10,1,13,,44,42,1,22,9,121.4926634,25.02611989
111,4,20,21,50,2,12內湖區,內湖區民權東路6段與民權東路6段174巷口,0,0,2,1,C03,7,3,5,50,3,1,1,5,4,5,7,4,4,1,4,5,2,16,1,36,2,8,1,1,7,6,1,10,1,12,,9,9,1,22,9,121.5920103,25.06883015
111,4,20,21,50,2,12內湖區,內湖區民權東路6段與民權東路6段174巷口,0,0,2,2,C03,7,3,5,50,3,1,1,5,4,5,7,4,4,1,4,5,2,16,2,22,2,9,1,1,7,6,1,10,1,14,,44,9,1,22,9,121.5920103,25.06883015
111,4,20,22,30,2,04大安區,大安區和平東路2段與復興南路2段口,0,0,1,1,C03,7,3,5,50,4,1,1,5,4,5,7,2,1,1,5,5,2,17,2,24,4,11,3,4,7,6,7,19,11,15,,9,9,2,22,9,121.5434991,25.02491971
111,4,20,22,30,2,04大安區,大安區和平東路2段與復興南路2段口,0,0,1,2,C03,7,3,5,50,4,1,1,5,4,5,7,2,1,1,5,5,2,17,2,34,2,9,1,1,7,9,1,10,11,15,,44,9,1,22,9,121.5434991,25.02491971
111,4,20,22,36,2,01大同區,大同區鄭州路與西寧北路口,0,0,1,1,C03,7,3,5,40,4,1,1,4,4,5,7,1,1,1,4,5,2,16,1,19,2,9,1,1,7,5,1,10,2,14,,8,8,1,22,9,121.5082021,25.0506052
111,4,20,22,36,2,01大同區,大同區鄭州路與西寧北路口,0,0,1,2,B12,7,3,5,40,4,1,1,4,4,5,7,1,1,1,4,5,2,16,1,42,3,10,1,1,7,9,1,8,2,5,,42,8,1,22,9,121.5082021,25.0506052
111,4,20,22,42,2,03中山區,中山區合江街41巷,0,0,1,1,C03,7,3,5,30,4,1,1,5,4,5,7,4,4,10,5,5,2,15,1,18,2,9,1,1,7,9,1,10,1,11,12,6,6,1,22,9,121.5391209,25.05577495
111,4,20,22,42,2,03中山區,中山區合江街41巷,0,0,1,2,B03,7,3,5,30,4,1,1,5,4,5,7,4,4,10,5,5,2,15,1,35,3,10,1,1,7,9,1,8,1,8,4,14,6,1,22,9,121.5391209,25.05577495
111,4,20,23,9,2,04大安區,大安區通化街39巷與通化街39巷49弄口,0,0,2,1,C01,7,3,5,30,4,1,1,5,4,5,7,4,4,9,4,5,2,15,1,34,2,9,1,1,7,9,4,10,2,12,,6,6,1,22,9,121.555489,25.03082
111,4,20,23,9,2,04大安區,大安區通化街39巷與通化街39巷49弄口,0,0,2,2,C03,7,3,5,30,4,1,1,5,4,5,7,4,4,9,4,5,2,15,1,27,2,9,1,1,7,9,1,10,2,11,,44,6,1,22,9,121.555489,25.03082
111,4,20,23,9,2,04大安區,大安區通化街39巷與通化街39巷49弄口,0,0,2,3,C03,7,3,5,30,4,1,1,5,4,5,7,4,4,9,4,5,2,15,3,,,,,,,,,,11,,,67,6,1,,,121.555489,25.03082
111,4,21,0,0,2,02萬華區,萬華區西寧南路與忠孝西路2段口,0,0,2,1,C03,7,3,5,50,4,2,1,5,4,5,7,2,1,1,4,5,2,13,1,24,2,9,1,1,7,9,1,10,1,14,,23,23,1,22,9,121.5075505,25.0484909
111,4,21,0,0,2,02萬華區,萬華區西寧南路與忠孝西路2段口,0,0,2,2,C03,7,3,5,50,4,2,1,5,4,5,7,2,1,1,4,5,2,13,2,37,2,9,1,1,7,14,1,10,1,12,,44,23,1,22,9,121.5075505,25.0484909
111,4,21,0,19,2,09北投區,北投區中央北路2段414號,0,0,1,1,,8,3,5,0,14,9,1,5,4,5,7,4,4,4,4,5,2,27,3,,,,,,,,,,,,,66,66,1,,,121.4872577,25.1383622
111,4,21,0,19,2,09北投區,北投區中央北路2段414號,0,0,1,2,C03,8,3,5,0,14,9,1,5,4,5,7,4,4,4,4,5,2,27,2,44,2,9,1,1,7,9,1,9,1,11,,23,66,1,22,9,121.4872577,25.1383622
111,4,21,1,23,2,05中正區,中正區西藏路62巷與西藏路口,0,0,1,1,B03,8,3,5,30,4,1,1,5,4,5,7,1,1,1,4,5,2,17,2,41,3,10,1,1,7,1,1,8,2,4,,19,19,1,22,9,121.5060095,25.03049449
111,4,21,1,23,2,05中正區,中正區西藏路62巷與西藏路口,0,0,1,2,C03,8,3,5,30,4,1,1,5,4,5,7,1,1,1,4,5,2,17,1,25,2,9,1,1,7,9,1,10,2,11,,14,19,1,22,9,121.5060095,25.03049449
111,4,21,2,53,2,03中山區,中山區林森北路477號,0,0,1,1,B01,7,3,5,50,14,9,1,5,4,5,7,4,4,8,5,5,1,16,1,37,3,10,3,4,7,11,1,4,2,5,,10,10,1,22,9,121.525653,25.06080444
111,4,21,2,53,2,03中山區,中山區林森北路477號,0,0,1,2,F01,7,3,5,50,14,9,1,5,4,5,7,4,4,8,5,5,1,16,1,62,2,9,1,1,7,9,8,20,2,16,,23,10,1,22,9,121.525653,25.06080444
111,4,21,6,33,2,06松山區,松山區民生東路3段與民生東路3段127巷口口,0,0,1,1,F01,7,1,5,50,5,2,1,4,4,5,7,4,4,1,4,5,2,17,2,26,2,9,3,4,7,9,8,20,2,16,,4,4,1,22,9,121.547438,25.05781309
111,4,21,6,33,2,06松山區,松山區民生東路3段與民生東路3段127巷口口,0,0,1,2,B11,7,1,5,50,5,2,1,4,4,5,7,4,4,1,4,5,2,17,1,59,3,10,3,4,7,6,1,8,2,1,,26,4,1,22,9,121.547438,25.05781309
111,4,21,6,43,2,03中山區,中山區中山北路2段與長春路口,0,0,1,1,B01,6,1,5,50,4,1,1,4,4,5,7,1,1,5,4,5,2,17,1,57,3,10,1,1,7,5,1,4,2,1,,8,8,1,22,9,121.5228353,25.05499081
111,4,21,6,43,2,03中山區,中山區中山北路2段與長春路口,0,0,1,2,C03,6,1,5,50,4,1,1,4,4,5,7,1,1,5,4,5,2,17,1,53,2,9,1,1,7,9,1,10,2,11,,44,8,1,22,9,121.5228353,25.05499081
111,4,21,7,15,2,12內湖區,內湖區潭美街與無名巷口近彩虹橋,0,0,2,1,C03,8,1,5,40,3,2,1,5,4,5,7,4,4,5,5,5,2,17,1,26,2,9,1,1,7,12,1,10,11,12,,43,43,1,22,9,121.5762034,25.05295329
111,4,21,7,15,2,12內湖區,內湖區潭美街與無名巷口近彩虹橋,0,0,2,2,B03,8,1,5,40,3,2,1,5,4,5,7,4,4,5,5,5,2,17,4,,4,11,3,4,7,15,7,19,11,15,,43,43,2,22,9,121.5762034,25.05295329
111,4,21,7,15,2,12內湖區,內湖區潭美街與無名巷口近彩虹橋,0,0,2,3,H02,8,1,5,40,3,2,1,5,4,5,7,4,4,5,5,5,2,17,2,26,2,9,4,5,7,20,8,20,10,16,,67,43,1,22,9,121.5762034,25.05295329
111,4,21,7,40,2,05中正區,中正區水源路15號與水源快速道路口93號燈桿,0,0,3,1,B12,6,1,5,50,14,9,1,4,4,5,7,4,4,1,4,5,1,17,1,70,2,9,1,1,7,9,1,8,2,1,,16,16,1,22,9,121.526231,25.01491995
111,4,21,7,40,2,05中正區,中正區水源路15號與水源快速道路口93號燈桿,0,0,3,2,B12,6,1,5,50,14,9,1,4,4,5,7,4,4,1,4,5,1,17,1,35,2,9,1,1,7,9,3,18,2,1,,16,16,1,22,9,121.526231,25.01491995
111,4,21,7,40,2,05中正區,中正區水源路15號與水源快速道路口93號燈桿,0,0,3,3,B03,6,1,5,50,14,9,1,4,4,5,7,4,4,1,4,5,1,17,2,46,2,9,1,1,7,15,1,8,2,3,,44,16,1,22,9,121.526231,25.01491995
111,4,21,7,42,2,09北投區,北投區西安街2段與立農街1段385巷口,0,0,1,1,B03,7,1,5,50,4,2,1,5,4,5,7,1,1,5,5,5,2,3,1,57,3,10,3,4,7,5,1,8,1,8,,15,15,1,22,9,121.5088555,25.12013756
111,4,21,7,42,2,09北投區,北投區西安街2段與立農街1段385巷口,0,0,1,2,H01,7,1,5,50,4,2,1,5,4,5,7,1,1,5,5,5,2,3,1,45,2,7,4,5,8,16,8,20,10,16,,67,15,1,22,9,121.5088555,25.12013756
111,4,21,7,45,2,12內湖區,內湖區內湖路1段596號前,0,0,1,1,B03,6,1,5,40,14,8,1,4,4,5,7,4,4,1,4,4,2,17,1,37,3,10,1,1,7,6,1,8,1,15,,9,9,1,22,9,121.5779316,25.07892708
111,4,21,7,45,2,12內湖區,內湖區內湖路1段596號前,0,0,1,2,C03,6,1,5,40,14,8,1,4,4,5,7,4,4,1,4,4,2,17,1,34,2,9,1,1,7,9,1,10,1,12,,42,9,1,22,9,121.5779316,25.07892708
111,4,21,7,47,2,04大安區,大安區敦化南路2段與敦化南路2段81巷口,0,0,2,1,B03,7,1,5,50,4,1,1,4,4,5,7,1,1,10,5,5,2,17,1,59,3,10,1,1,7,6,1,8,1,15,,9,9,1,22,9,121.5490088,25.02991792
111,4,21,7,47,2,04大安區,大安區敦化南路2段與敦化南路2段81巷口,0,0,2,2,C03,7,1,5,50,4,1,1,4,4,5,7,1,1,10,5,5,2,17,1,49,2,9,1,1,7,12,1,10,1,14,,44,9,1,22,9,121.5490088,25.02991792
111,4,21,7,47,2,04大安區,大安區敦化南路2段與敦化南路2段81巷口,0,0,2,3,H02,7,1,5,50,4,1,1,4,4,5,7,1,1,10,5,5,2,17,2,50,2,9,4,5,7,20,8,20,10,16,,67,9,1,22,9,121.5490088,25.02991792
111,4,21,7,52,2,01大同區,大同區民權西路與延平北路3段口,0,0,1,2,C03,6,1,5,0,4,2,1,4,4,5,7,2,1,1,5,5,2,12,1,35,2,9,1,1,7,12,1,10,1,12,,23,52,1,22,9,121.5111912,25.06306448
111,4,21,7,52,2,01大同區,大同區民權西路與延平北路3段口,0,0,1,3,C03,6,1,5,0,4,2,1,4,4,5,7,2,1,1,5,5,2,12,1,41,3,10,1,1,7,3,1,10,1,15,,44,52,1,22,9,121.5111912,25.06306448
111,4,21,7,52,2,01大同區,大同區民權西路與延平北路3段口,0,0,1,4,C03,6,1,5,0,4,2,1,4,4,5,7,2,1,1,5,5,2,12,2,55,3,10,1,1,7,3,1,10,1,15,,44,52,1,22,9,121.5111912,25.06306448
111,4,21,7,52,2,01大同區,大同區民權西路與延平北路3段口,0,0,1,1,H01,6,1,5,0,4,2,1,4,4,5,7,2,1,1,5,5,2,12,2,81,4,11,3,4,7,15,7,19,11,15,,52,52,2,22,9,121.5111912,25.06306448
111,4,21,8,5,2,04大安區,大安區信義路4段與敦化南路1段口,0,0,2,1,C03,6,1,5,50,4,1,1,4,4,5,7,2,1,1,3,5,2,13,1,41,2,9,1,1,7,9,1,10,1,11,,16,16,1,22,9,121.5490535,25.0331812
111,4,21,8,5,2,04大安區,大安區信義路4段與敦化南路1段口,0,0,2,2,C03,6,1,5,50,4,1,1,4,4,5,7,2,1,1,3,5,2,13,1,49,2,9,1,1,7,9,1,10,1,13,,44,16,1,22,9,121.5490535,25.0331812
111,4,21,8,15,2,08士林區,士林區中山北路5段98號,0,0,1,1,B03,8,1,5,50,14,9,1,5,4,5,7,4,4,9,4,5,1,17,2,50,3,10,1,1,7,7,1,8,2,2,,23,23,1,22,9,121.525723,25.08477959
111,4,21,8,15,2,08士林區,士林區中山北路5段98號,0,0,1,2,C03,8,1,5,50,14,9,1,5,4,5,7,4,4,9,4,5,1,17,2,57,2,9,1,1,7,9,1,10,2,15,,44,23,1,22,9,121.525723,25.08477959
111,4,21,8,28,2,10文山區,文山區和平東路4段(015號路燈)旁,0,0,1,1,C03,6,1,5,40,11,9,1,4,4,5,7,4,4,5,5,5,1,18,1,33,2,8,1,1,7,9,1,10,1,14,,42,42,1,22,9,121.5716608,25.0041199
111,4,21,8,28,2,10文山區,文山區和平東路4段(015號路燈)旁,0,0,1,2,,6,1,5,40,11,9,1,4,4,5,7,4,4,5,5,5,1,18,3,,,,,,,,,,,,,67,42,1,,,121.5716608,25.0041199
111,4,21,8,32,2,06松山區,松山區民權東路3段140巷與民權東路3段106巷3弄口,0,0,1,1,B03,7,1,5,30,4,1,1,5,4,5,7,4,4,10,5,5,2,3,1,37,3,10,1,1,7,5,1,8,2,8,,15,15,1,22,9,121.5465984,25.0614529
111,4,21,8,32,2,06松山區,松山區民權東路3段140巷與民權東路3段106巷3弄口,0,0,1,2,H01,7,1,5,30,4,1,1,5,4,5,7,4,4,10,5,5,2,3,1,68,2,1,4,5,8,17,8,20,10,16,,67,15,1,22,9,121.5465984,25.0614529
111,4,21,8,32,2,06松山區,松山區民權東路3段140巷與民權東路3段106巷3弄口,0,0,1,3,B03,7,1,5,30,4,1,1,5,4,5,7,4,4,10,5,5,2,3,2,37,3,10,1,1,7,14,1,8,9,15,,38,15,2,22,2,121.5465984,25.0614529
111,4,21,8,44,2,09北投區,北投區公館路與公館路423巷8弄口,0,0,2,1,C03,7,1,5,50,3,2,1,5,4,5,7,3,1,5,4,5,2,13,1,43,2,9,3,4,7,9,1,10,1,11,,23,23,1,22,9,121.5020203,25.12028156
111,4,21,8,44,2,09北投區,北投區公館路與公館路423巷8弄口,0,0,2,2,C03,7,1,5,50,3,2,1,5,4,5,7,3,1,5,4,5,2,13,1,54,2,8,3,4,7,14,1,10,1,13,,44,23,1,22,9,121.5020203,25.12028156
111,4,21,8,45,2,09北投區,北投區西安街1段151號,0,0,2,1,C03,7,1,5,50,14,9,1,5,4,5,7,2,1,9,4,5,2,17,1,49,2,7,1,1,7,1,1,10,2,14,,19,19,1,22,9,121.5189291,25.10922459
111,4,21,8,45,2,09北投區,北投區西安街1段151號,0,0,2,2,C03,7,1,5,50,14,9,1,5,4,5,7,2,1,9,4,5,2,17,2,22,2,9,1,1,7,9,1,10,2,11,,44,19,1,22,9,121.5189291,25.10922459
111,4,21,8,54,2,07信義區,信義區崇德街與崇德街63巷口,0,0,2,1,C03,7,1,5,50,3,2,1,5,4,5,7,4,4,9,5,5,1,12,2,27,2,9,1,1,7,9,1,10,1,11,,23,23,1,22,9,121.5549028,25.02421677
111,4,21,8,54,2,07信義區,信義區崇德街與崇德街63巷口,0,0,2,2,C03,7,1,5,50,3,2,1,5,4,5,7,4,4,9,5,5,1,12,1,35,2,8,1,1,7,5,1,10,1,13,,44,23,1,22,9,121.5549028,25.02421677
111,4,21,9,10,2,02萬華區,萬華區堤外便道(標牌DSR335),0,0,1,1,C03,8,1,5,40,11,11,1,5,4,5,7,4,4,10,5,5,2,29,1,43,2,9,1,1,7,21,1,10,9,11,,42,42,1,22,9,121.5000203,25.04236995