發生年度,發生月,發生日,發生時-Hours,發生分,處理別-編號,區序,肇事地點,死亡人數,2-30日死亡人數,受傷人數,當事人序號,車種,天候,光線,道路類別,速限-速度限制,道路型態,事故位置,路面狀況1,路面狀況2,路面狀況3,道路障礙1,道路障礙2,號誌1,號誌2,車道劃分-分向,車道劃分-分道1,車道劃分-分道2,車道劃分-分道3,事故類型及型態,性別,年齡,受傷程度,主要傷處,安全帽,行動電話,車輛用途,當事者行動狀態,駕駛資格情形,駕駛執照種類,飲酒情形,車輛撞擊部位1,車輛撞擊部位2,肇因碼-個別,肇因碼-主要,個人肇逃否,職業,旅次目的,座標-X,座標-Y
111,4,21,9,10,2,02萬華區,萬華區堤外便道(標牌DSR335),0,0,1,2,,8,1,5,40,11,11,1,5,4,5,7,4,4,10,5,5,2,29,3,,,,,,,,,,,,,67,42,1,,,121.5000203,25.04236995
111,4,21,9,24,2,03中山區,中山區長春路158號,0,0,1,1,B12,7,1,5,50,14,8,1,5,4,5,7,4,4,9,4,4,2,17,1,38,3,10,1,1,7,11,1,8,1,15,,10,10,1,22,9,121.5326113,25.05480864
111,4,21,9,24,2,03中山區,中山區長春路158號,0,0,1,2,C03,7,1,5,50,14,8,1,5,4,5,7,4,4,9,4,4,2,17,1,34,2,9,1,1,7,9,1,10,1,12,,42,10,1,22,9,121.5326113,25.05480864
111,4,21,9,40,2,07信義區,信義區基隆路2段83號,0,0,1,1,C03,8,1,5,50,14,9,1,5,4,5,7,4,4,3,4,5,2,13,1,27,2,9,3,4,7,9,1,8,1,11,,16,16,1,22,9,121.5577407,25.03002448
111,4,21,9,40,2,07信義區,信義區基隆路2段83號,0,0,1,2,C02,8,1,5,50,14,9,1,5,4,5,7,4,4,3,4,5,2,13,1,36,3,10,3,4,7,9,1,9,1,13,,44,16,1,22,9,121.5577407,25.03002448
111,4,21,9,41,2,03中山區,中山區民族東路252巷28號,0,0,1,1,B12,7,1,5,30,14,9,1,5,4,5,7,4,4,10,5,5,2,13,1,28,3,10,1,1,7,9,1,8,1,1,,16,16,1,22,9,121.5353394,25.06737332
111,4,21,9,41,2,03中山區,中山區民族東路252巷28號,0,0,1,2,C03,7,1,5,30,14,9,1,5,4,5,7,4,4,10,5,5,2,13,1,61,2,8,1,1,7,9,1,10,1,13,,42,16,1,22,9,121.5353394,25.06737332
111,4,21,10,31,2,07信義區,信義區永吉路與永吉路321巷口,0,0,1,1,F01,8,1,5,50,4,2,1,5,4,5,7,1,1,1,4,4,2,12,1,75,2,1,1,1,7,5,8,20,9,16,,25,25,1,22,9,121.5754854,25.04547063
111,4,21,10,31,2,07信義區,信義區永吉路與永吉路321巷口,0,0,1,2,B01,8,1,5,50,4,2,1,5,4,5,7,1,1,1,4,4,2,12,2,62,3,10,1,1,7,9,1,4,1,8,,23,25,1,22,9,121.5754854,25.04547063
111,4,21,10,50,2,03中山區,中山區林森北路399巷與林森北路口,0,0,1,1,B03,8,1,5,50,4,2,1,5,4,5,7,1,1,5,4,5,1,17,2,26,3,10,1,1,7,5,1,8,1,8,,8,8,1,22,9,121.5255503,25.0591392
111,4,21,10,50,2,03中山區,中山區林森北路399巷與林森北路口,0,0,1,2,C03,8,1,5,50,4,2,1,5,4,5,7,1,1,5,4,5,1,17,2,21,2,8,1,1,7,4,1,10,1,12,,23,8,1,22,9,121.5255503,25.0591392
111,4,21,10,50,2,12內湖區,內湖區安康路與安康路228巷口,0,0,1,1,C03,7,1,5,50,14,9,1,5,4,5,7,4,4,5,5,5,2,3,1,30,3,10,1,1,7,9,1,10,1,11,,23,23,1,22,9,121.6031545,25.06311223
111,4,21,10,50,2,12內湖區,內湖區安康路與安康路228巷口,0,0,1,2,H01,7,1,5,50,14,9,1,5,4,5,7,4,4,5,5,5,2,3,1,51,2,7,4,5,8,20,8,20,10,16,,51,23,1,22,9,121.6031545,25.06311223
111,4,21,11,0,2,05中正區,中正區羅斯福路1段與寧波西街口(寧波東街),0,0,1,1,B01,8,1,5,50,4,1,1,5,4,5,7,1,1,5,4,5,2,12,1,64,3,10,1,1,7,5,1,4,1,8,,23,23,1,22,9,121.5191289,25.03165357
111,4,21,11,0,2,05中正區,中正區羅斯福路1段與寧波西街口(寧波東街),0,0,1,2,F01,8,1,5,50,4,1,1,5,4,5,7,1,1,5,4,5,2,12,1,78,2,9,1,1,7,9,8,20,1,16,,44,23,1,22,9,121.5191289,25.03165357
111,4,21,11,5,2,05中正區,中正區杭州南路1段與青島東路口,0,0,1,1,C03,8,1,5,50,3,1,1,5,4,5,7,1,1,10,5,5,2,25,1,18,2,5,1,1,7,9,1,10,2,11,,13,13,1,22,9,121.5264572,25.04283146
111,4,21,11,5,2,05中正區,中正區杭州南路1段與青島東路口,0,0,1,2,,8,1,5,50,3,1,1,5,4,5,7,1,1,10,5,5,2,25,3,,,,,,,,,,,,,67,13,1,,,121.5264572,25.04283146
111,4,21,11,5,2,05中正區,中正區杭州南路1段與青島東路口,0,0,1,3,B03,8,1,5,50,3,1,1,5,4,5,7,1,1,10,5,5,2,25,2,51,3,10,1,1,7,1,1,8,9,15,,19,13,2,22,9,121.5264572,25.04283146
111,4,21,11,11,2,08士林區,士林區中山北路5段與福國路口,0,0,2,1,C03,8,1,5,50,14,9,1,5,4,5,7,1,1,9,4,5,2,17,1,30,2,9,1,1,7,9,1,10,1,11,,26,26,1,22,9,121.5255726,25.10256715
111,4,21,11,11,2,08士林區,士林區中山北路5段與福國路口,0,0,2,2,C03,8,1,5,50,14,9,1,5,4,5,7,1,1,9,4,5,2,17,1,21,2,9,1,1,7,5,4,8,1,14,,25,26,1,22,9,121.5255726,25.10256715
111,4,21,12,32,2,04大安區,大安區信義路4段與信義路4段294巷口,0,0,1,1,B01,7,1,5,50,4,1,1,5,4,5,7,2,1,1,4,5,2,15,1,55,3,10,1,1,7,9,1,4,1,2,,25,25,1,22,9,121.5542959,25.03307847
111,4,21,12,32,2,04大安區,大安區信義路4段與信義路4段294巷口,0,0,1,2,C03,7,1,5,50,4,1,1,5,4,5,7,2,1,1,4,5,2,15,2,51,2,9,1,1,7,9,1,10,1,11,,44,25,1,22,9,121.5542959,25.03307847
111,4,21,12,55,2,12內湖區,內湖區康寧路3段75巷24弄與康寧路3段75巷24弄口,0,0,1,1,C03,8,1,5,30,4,1,1,5,4,5,7,4,4,10,5,5,2,15,1,23,2,9,1,1,7,9,1,10,1,12,,6,6,1,22,9,121.6097226,25.0729092
111,4,21,12,55,2,12內湖區,內湖區康寧路3段75巷24弄與康寧路3段75巷24弄口,0,0,1,2,B03,8,1,5,30,4,1,1,5,4,5,7,4,4,10,5,5,2,15,2,64,3,10,1,1,7,9,1,8,1,1,,23,6,1,22,9,121.6097226,25.0729092
111,4,21,13,0,2,04大安區,大安區信義路3段與復興南路1段口,0,0,1,1,C03,8,1,5,50,4,1,1,5,4,5,7,2,1,1,4,5,1,13,1,23,3,10,3,4,7,5,1,10,1,13,,44,44,1,22,9,121.5434987,25.03348977
111,4,21,13,0,2,04大安區,大安區信義路3段與復興南路1段口,0,0,1,2,C03,8,1,5,50,4,1,1,5,4,5,7,2,1,1,4,5,1,13,1,20,2,9,3,4,7,9,1,10,1,11,,16,44,1,22,9,121.5434987,25.03348977
111,4,21,13,35,2,12內湖區,內湖區成功交流道與國道一號口,0,0,1,1,B03,7,1,5,50,4,1,1,5,4,5,7,2,1,10,5,5,2,16,2,54,3,10,1,1,7,6,1,8,1,5,,9,9,1,22,9,121.5909063,25.06422474
111,4,21,13,35,2,12內湖區,內湖區成功交流道與國道一號口,0,0,1,2,C03,7,1,5,50,4,1,1,5,4,5,7,2,1,10,5,5,2,16,1,26,2,7,1,1,7,9,1,10,1,14,,23,9,1,22,9,121.5909063,25.06422474
111,4,21,13,35,2,12內湖區,內湖區成功交流道與國道一號口,0,0,1,3,,7,1,5,50,4,1,1,5,4,5,7,2,1,10,5,5,2,16,3,,,,,,,,,,,,,67,9,1,,,121.5909063,25.06422474
111,4,21,13,35,2,12內湖區,內湖區成功交流道與國道一號口,0,0,1,4,,7,1,5,50,4,1,1,5,4,5,7,2,1,10,5,5,2,16,3,,,,,,,,,,,,,67,9,1,,,121.5909063,25.06422474
111,4,21,14,0,2,09北投區,北投區光明路181號,0,0,2,1,C03,8,1,5,50,14,9,1,5,4,5,7,4,4,5,5,5,1,16,1,73,2,9,1,1,7,3,1,10,1,12,,43,43,1,22,9,121.5030842,25.13563754
111,4,21,14,0,2,09北投區,北投區光明路181號,0,0,2,2,C04,8,1,5,50,14,9,1,5,4,5,7,4,4,5,5,5,1,16,2,25,2,9,1,1,7,9,1,10,1,11,,43,43,1,22,9,121.5030842,25.13563754
111,4,21,14,15,2,12內湖區,內湖區文德路22巷與文德路22巷53弄口,0,0,1,1,B01,8,1,5,30,4,2,1,5,4,5,7,4,4,10,5,5,2,10,1,35,3,10,1,1,7,9,1,4,1,8,,5,5,1,22,9,121.5804654,25.07593482
111,4,21,14,15,2,12內湖區,內湖區文德路22巷與文德路22巷53弄口,0,0,1,2,C03,8,1,5,30,4,2,1,5,4,5,7,4,4,10,5,5,2,10,1,60,2,9,1,1,7,9,1,10,1,11,,23,5,1,22,9,121.5804654,25.07593482
111,4,21,14,19,2,04大安區,大安區復興南路1段295巷與無名巷口口,0,0,2,1,C03,8,1,5,30,4,1,1,5,4,5,7,4,4,10,5,5,2,15,1,19,2,7,3,4,7,9,1,10,1,12,,6,6,1,22,9,121.5443039,25.03511316
111,4,21,14,19,2,04大安區,大安區復興南路1段295巷與無名巷口口,0,0,2,2,C03,8,1,5,30,4,1,1,5,4,5,7,4,4,10,5,5,2,15,1,35,2,9,3,4,7,9,1,10,1,11,,14,6,1,22,9,121.5443039,25.03511316
111,4,21,14,22,2,01大同區,大同區承德路3段與承德路3段122巷口,0,0,1,1,C03,8,1,5,50,4,1,1,5,4,5,7,2,1,1,4,5,2,13,1,22,2,9,3,4,7,9,3,18,1,11,,23,23,1,22,9,121.5183467,25.06741173
111,4,21,14,22,2,01大同區,大同區承德路3段與承德路3段122巷口,0,0,1,2,C03,8,1,5,50,4,1,1,5,4,5,7,2,1,1,4,5,2,13,1,25,3,10,3,4,7,14,1,10,1,13,,44,23,1,22,9,121.5183467,25.06741173
111,4,21,14,35,2,08士林區,士林區中山北路4段南往北(過圓山涵洞第1根燈桿),0,0,2,1,C03,8,1,5,50,11,9,1,5,4,5,7,4,4,8,3,5,1,12,1,20,2,7,1,1,7,9,1,10,11,15,,17,17,1,22,9,121.5252093,25.07735815
111,4,21,14,35,2,08士林區,士林區中山北路4段南往北(過圓山涵洞第1根燈桿),0,0,2,2,C03,8,1,5,50,11,9,1,5,4,5,7,4,4,8,3,5,1,12,2,33,2,7,1,1,7,9,1,10,11,14,,44,17,1,22,9,121.5252093,25.07735815
111,4,21,14,50,2,12內湖區,內湖區民權東路6段123巷與民權東路6段123巷20弄口,0,0,2,1,B11,8,1,5,30,4,1,1,5,4,5,7,4,4,5,5,5,1,15,1,41,3,10,1,1,7,9,1,4,1,4,,6,6,1,22,9,121.5928716,25.06968721
111,4,21,14,50,2,12內湖區,內湖區民權東路6段123巷與民權東路6段123巷20弄口,0,0,2,2,C03,8,1,5,30,4,1,1,5,4,5,7,4,4,5,5,5,1,15,2,22,2,9,1,1,7,9,1,10,1,11,,23,6,1,22,9,121.5928716,25.06968721
111,4,21,14,50,2,12內湖區,內湖區民權東路6段123巷與民權東路6段123巷20弄口,0,0,2,3,H02,8,1,5,30,4,1,1,5,4,5,7,4,4,5,5,5,1,15,2,21,2,9,1,5,7,21,8,20,10,16,,67,6,1,22,9,121.5928716,25.06968721
111,4,21,14,59,2,06松山區,松山區塔悠路157號旁(堤外便道),0,0,1,1,C03,8,1,5,30,14,9,1,5,4,5,7,4,4,10,5,5,2,12,1,34,3,10,1,1,7,9,1,10,1,11,,23,23,1,22,9,121.5701095,25.05524459
111,4,21,14,59,2,06松山區,松山區塔悠路157號旁(堤外便道),0,0,1,2,C01,8,1,5,30,14,9,1,5,4,5,7,4,4,10,5,5,2,12,1,30,2,8,1,1,7,9,1,9,1,13,,44,23,1,22,9,121.5701095,25.05524459
111,4,21,15,10,2,09北投區,北投區大同街與大業路口,0,0,1,1,B03,8,1,5,50,4,2,1,5,4,5,7,2,1,3,4,5,1,13,1,74,3,10,1,1,7,9,1,8,1,1,,23,23,1,22,9,121.4990994,25.1369436
111,4,21,15,10,2,09北投區,北投區大同街與大業路口,0,0,1,2,C03,8,1,5,50,4,2,1,5,4,5,7,2,1,3,4,5,1,13,1,66,2,9,1,1,7,9,1,10,1,13,,44,23,1,22,9,121.4990994,25.1369436
111,4,21,15,24,2,07信義區,信義區和平東路3段與和平東路3段207巷口,0,0,2,1,B03,8,1,5,30,3,1,1,5,4,5,7,4,4,1,4,5,2,16,1,40,3,10,1,1,7,6,1,8,1,8,,6,6,1,22,9,121.5536563,25.02344487
111,4,21,15,24,2,07信義區,信義區和平東路3段與和平東路3段207巷口,0,0,2,2,C03,8,1,5,30,3,1,1,5,4,5,7,4,4,1,4,5,2,16,1,21,2,9,1,1,7,9,1,10,1,12,,44,6,1,22,9,121.5536563,25.02344487
111,4,21,15,24,2,07信義區,信義區和平東路3段與和平東路3段207巷口,0,0,2,3,H02,8,1,5,30,3,1,1,5,4,5,7,4,4,1,4,5,2,16,2,20,2,7,1,5,7,17,8,20,10,16,,67,6,1,22,9,121.5536563,25.02344487
111,4,21,15,32,2,03中山區,中山區吉林路167號,0,0,2,1,C03,8,1,5,40,14,8,1,5,4,5,7,4,4,5,5,4,2,12,1,34,2,9,2,1,7,6,1,10,9,12,,9,9,1,22,9,121.5302355,25.05911854
111,4,21,15,32,2,03中山區,中山區吉林路167號,0,0,2,2,C03,8,1,5,40,14,8,1,5,4,5,7,4,4,5,5,4,2,12,2,31,2,9,1,1,7,9,1,10,9,14,,44,9,1,22,9,121.5302355,25.05911854
111,4,21,15,33,2,02萬華區,萬華區萬板大橋往新北市汽車道上橋處(萬板大橋005),0,0,1,1,C02,8,1,5,50,14,9,1,3,2,5,7,4,4,1,4,5,2,17,1,30,2,9,1,4,7,9,4,10,1,12,,44,44,1,22,9,121.4900139,25.03052579
111,4,21,15,33,2,02萬華區,萬華區萬板大橋往新北市汽車道上橋處(萬板大橋005),0,0,1,2,A31,8,1,5,50,14,9,1,3,2,5,7,4,4,1,4,5,2,17,1,54,3,10,1,4,1,9,1,5,11,15,,35,44,1,22,9,121.4900139,25.03052579
111,4,21,15,42,2,01大同區,大同區承德路3段與承德路3段208巷口,0,0,2,1,C03,8,1,5,50,3,2,1,5,4,5,7,1,1,9,4,5,1,12,2,67,2,9,1,1,7,6,1,10,1,12,,9,9,1,22,9,121.5183623,25.07048037
111,4,21,15,42,2,01大同區,大同區承德路3段與承德路3段208巷口,0,0,2,2,C03,8,1,5,50,3,2,1,5,4,5,7,1,1,9,4,5,1,12,1,25,2,9,1,1,7,9,1,10,1,11,,23,9,1,22,9,121.5183623,25.07048037
111,4,21,15,44,2,05中正區,中正區中山南路與徐州路口,0,0,1,1,C03,8,1,5,50,14,8,1,5,4,5,7,1,1,1,4,1,2,13,1,48,2,8,1,1,7,9,1,10,2,11,,23,23,1,22,9,121.5183538,25.04187488
111,4,21,15,44,2,05中正區,中正區中山南路與徐州路口,0,0,1,2,B03,8,1,5,50,14,8,1,5,4,5,7,1,1,1,4,1,2,13,1,70,3,10,1,1,7,9,1,8,2,6,,44,23,1,22,9,121.5183538,25.04187488
111,4,21,15,57,2,10文山區,文山區興隆路4段145巷與興隆路4段口,0,0,2,1,C03,8,1,5,50,4,1,1,5,4,5,7,4,4,1,4,5,2,17,2,55,2,9,1,1,7,5,1,10,1,13,,8,8,1,22,9,121.5615219,24.98494967
111,4,21,15,57,2,10文山區,文山區興隆路4段145巷與興隆路4段口,0,0,2,2,C03,8,1,5,50,4,1,1,5,4,5,7,4,4,1,4,5,2,17,1,69,2,8,1,1,7,9,1,9,1,11,,44,8,1,22,9,121.5615219,24.98494967
111,4,21,16,15,2,02萬華區,萬華區萬大路329巷與萬大路329巷3弄口口,0,0,2,1,C03,8,1,5,30,3,1,1,5,4,5,7,4,4,9,5,5,1,16,1,32,2,9,1,1,7,5,1,10,2,14,,6,6,1,22,9,121.500655,25.02388416
111,4,21,16,15,2,02萬華區,萬華區萬大路329巷與萬大路329巷3弄口口,0,0,2,2,C03,8,1,5,30,3,1,1,5,4,5,7,4,4,9,5,5,1,16,1,31,2,9,1,1,7,9,1,10,2,11,,14,6,1,22,9,121.500655,25.02388416
111,4,21,17,0,2,08士林區,士林區承德路4段10巷與通河街76巷口,0,0,2,1,F01,8,1,5,30,4,1,1,5,4,1,6,4,4,5,5,5,2,15,1,70,2,9,1,1,7,9,8,20,1,16,,6,6,1,22,9,121.5201442,25.08015991
111,4,21,17,0,2,08士林區,士林區承德路4段10巷與通河街76巷口,0,0,2,2,C04,8,1,5,30,4,1,1,5,4,1,6,4,4,5,5,5,2,15,2,25,2,9,1,4,7,9,1,10,1,11,,13,6,1,22,9,121.5201442,25.08015991
111,4,21,17,7,2,01大同區,大同區民生西路與寧夏路口,0,0,1,1,H01,8,1,5,0,15,20,1,5,4,5,7,2,1,9,4,5,2,9,2,62,3,10,4,5,8,20,8,20,1,16,,67,67,1,22,9,121.5155597,25.05702082
111,4,21,17,7,2,01大同區,大同區民生西路與寧夏路口,0,0,1,2,F02,8,1,5,0,15,20,1,5,4,5,7,2,1,9,4,5,2,9,1,32,3,10,1,1,7,14,8,20,1,16,,43,67,1,22,9,121.5155597,25.05702082
111,4,21,17,7,2,01大同區,大同區民生西路與寧夏路口,0,0,1,3,H02,8,1,5,0,15,20,1,5,4,5,7,2,1,9,4,5,2,9,2,4,2,9,4,5,7,20,8,20,10,16,,67,67,1,22,9,121.5155597,25.05702082
111,4,21,17,16,2,07信義區,信義區基隆路2段7號,0,0,1,1,C03,8,1,5,50,14,9,1,5,4,5,7,4,4,1,4,5,2,17,1,22,3,10,3,4,7,7,1,10,1,11,,7,7,1,22,9,121.5593406,25.03248972
111,4,21,17,16,2,07信義區,信義區基隆路2段7號,0,0,1,2,C03,8,1,5,50,14,9,1,5,4,5,7,4,4,1,4,5,2,17,1,22,2,8,3,4,7,9,1,10,1,11,,44,7,1,22,9,121.5593406,25.03248972
111,4,21,18,5,2,04大安區,大安區和平東路3段34號,0,0,1,1,C04,8,2,5,50,14,9,1,5,4,5,7,4,4,1,4,5,2,12,2,46,2,8,1,1,7,9,1,11,1,14,,17,17,1,21,8,121.547843,25.02458843
111,4,21,18,5,2,04大安區,大安區和平東路3段34號,0,0,1,2,B01,8,2,5,50,14,9,1,5,4,5,7,4,4,1,4,5,2,12,1,66,3,10,1,1,7,9,1,4,1,2,,23,17,1,21,8,121.547843,25.02458843
111,4,21,18,25,2,11南港區,南港區環東大道西往東方向,0,0,1,1,C02,8,1,5,40,14,9,1,5,4,5,7,4,4,10,3,5,2,13,1,33,2,8,1,1,7,9,1,9,1,11,,16,16,1,22,9,121.6116087,25.06157346
111,4,21,18,25,2,11南港區,南港區環東大道西往東方向,0,0,1,2,B12,8,1,5,40,14,9,1,5,4,5,7,4,4,10,3,5,2,13,2,42,3,10,1,1,7,9,1,8,1,3,,44,16,1,22,9,121.6116087,25.06157346
111,4,21,19,48,2,10文山區,文山區忠順街1段與忠順街1段41巷口口,0,0,2,1,F01,8,3,5,30,3,1,1,5,4,5,7,4,4,8,5,5,2,15,2,61,2,9,1,1,7,9,8,20,2,16,,6,6,1,22,9,121.5587015,24.9840208
111,4,21,19,48,2,10文山區,文山區忠順街1段與忠順街1段41巷口口,0,0,2,2,C03,8,3,5,30,3,1,1,5,4,5,7,4,4,8,5,5,2,15,1,19,2,9,1,1,7,9,1,10,2,11,,13,6,1,22,9,121.5587015,24.9840208
111,4,21,20,41,2,08士林區,士林區文林路與文林路770巷口,0,0,1,1,C03,8,3,5,40,3,1,1,5,4,5,7,4,4,3,3,4,1,13,2,53,2,8,1,1,7,6,1,10,1,11,,23,23,1,22,9,121.519449,25.10368233
111,4,21,20,41,2,08士林區,士林區文林路與文林路770巷口,0,0,1,2,B02,8,3,5,40,3,1,1,5,4,5,7,4,4,3,3,4,1,13,1,59,3,10,1,1,7,6,1,8,1,6,,44,23,1,22,9,121.519449,25.10368233
111,4,21,20,45,2,12內湖區,內湖區環山路3段25號,0,0,3,1,C03,8,3,5,50,3,2,1,5,4,5,7,4,4,5,4,4,2,17,1,72,2,9,1,1,7,5,1,10,1,12,,8,8,1,22,9,121.5789956,25.08446062
111,4,21,20,45,2,12內湖區,內湖區環山路3段25號,0,0,3,2,C03,8,3,5,50,3,2,1,5,4,5,7,4,4,5,4,4,2,17,1,23,2,9,1,1,7,9,1,10,1,11,,13,8,1,22,9,121.5789956,25.08446062
111,4,21,20,45,2,12內湖區,內湖區環山路3段25號,0,0,3,3,H02,8,3,5,50,3,2,1,5,4,5,7,4,4,5,4,4,2,17,2,24,2,9,4,5,7,21,8,20,10,16,,67,8,1,22,9,121.5789956,25.08446062
111,4,21,20,50,2,12內湖區,內湖區民權東路6段21巷與瑞光路76巷口,0,0,1,1,C03,8,3,5,50,3,2,1,5,4,5,7,4,4,5,5,5,2,16,1,47,2,9,1,1,7,5,1,10,1,12,,6,6,1,22,9,121.5795173,25.06954442
111,4,21,20,50,2,12內湖區,內湖區民權東路6段21巷與瑞光路76巷口,0,0,1,2,B03,8,3,5,50,3,2,1,5,4,5,7,4,4,5,5,5,2,16,1,59,3,10,1,1,7,9,1,8,1,4,,44,6,1,22,9,121.5795173,25.06954442
111,4,21,21,3,2,08士林區,士林區基河路258號對面,0,0,3,1,C03,8,3,5,50,14,9,1,5,4,5,7,4,4,5,4,5,1,3,1,16,2,7,1,1,7,9,2,18,2,11,,23,23,1,22,9,121.5203512,25.09295177
111,4,21,21,3,2,08士林區,士林區基河路258號對面,0,0,3,2,H01,8,3,5,50,14,9,1,5,4,5,7,4,4,5,4,5,1,3,2,51,2,9,4,1,8,16,8,20,10,16,,51,23,1,22,9,121.5203512,25.09295177
111,4,21,21,3,2,08士林區,士林區基河路258號對面,0,0,3,3,B03,8,3,5,50,14,9,1,5,4,5,7,4,4,5,4,5,1,3,1,56,3,10,3,4,7,14,1,8,11,4,,38,23,1,22,9,121.5203512,25.09295177
111,4,21,21,3,2,08士林區,士林區基河路258號對面,0,0,3,4,H02,8,3,5,50,14,9,1,5,4,5,7,4,4,5,4,5,1,3,1,15,2,8,1,5,7,21,8,20,10,16,,67,23,1,22,9,121.5203512,25.09295177
111,4,21,21,4,2,06松山區,松山區敦化北路135號,0,0,1,1,B03,7,3,5,40,14,9,1,5,4,5,7,4,4,1,4,5,2,13,2,43,3,10,3,4,7,9,1,8,8,1,,21,21,1,22,9,121.5492411,25.05302697
111,4,21,21,4,2,06松山區,松山區敦化北路135號,0,0,1,2,B03,7,3,5,40,14,9,1,5,4,5,7,4,4,1,4,5,2,13,1,32,2,9,3,4,7,14,1,8,2,7,,42,21,1,22,9,121.5492411,25.05302697
111,4,21,21,4,2,06松山區,松山區敦化北路135號,0,0,1,3,H02,7,3,5,40,14,9,1,5,4,5,7,4,4,1,4,5,2,13,2,5,3,10,3,5,7,21,8,20,10,15,,67,21,1,22,9,121.5492411,25.05302697
111,4,21,22,15,2,11南港區,南港區南港路1段297號,0,0,4,1,C03,7,1,5,50,14,9,1,5,4,5,7,4,4,5,4,5,2,16,1,24,2,9,1,1,7,1,1,10,1,14,,19,19,1,22,9,121.6077956,25.05453629
111,4,21,22,15,2,11南港區,南港區南港路1段297號,0,0,4,2,C03,7,1,5,50,14,9,1,5,4,5,7,4,4,5,4,5,2,16,1,42,2,9,1,1,7,9,1,10,1,11,,44,19,1,22,9,121.6077956,25.05453629
111,4,21,22,15,2,11南港區,南港區南港路1段297號,0,0,4,3,C03,7,1,5,50,14,9,1,5,4,5,7,4,4,5,4,5,2,16,2,63,2,9,1,1,7,9,1,10,1,11,,23,19,1,22,9,121.6077956,25.05453629
111,4,21,22,15,2,11南港區,南港區南港路1段297號,0,0,4,4,H02,7,1,5,50,14,9,1,5,4,5,7,4,4,5,4,5,2,16,2,24,2,9,4,5,7,20,8,20,10,16,,67,19,1,22,9,121.6077956,25.05453629
111,4,21,22,20,2,05中正區,中正區重慶南路1段與武昌街1段口,0,0,2,1,C03,8,3,5,50,14,7,1,5,4,5,7,2,1,10,3,5,2,3,1,30,2,9,1,1,7,9,1,10,2,14,,23,23,1,22,9,121.5132305,25.04388879
111,4,21,22,20,2,05中正區,中正區重慶南路1段與武昌街1段口,0,0,2,2,H01,8,3,5,50,14,7,1,5,4,5,7,2,1,10,3,5,2,3,1,27,2,9,4,5,8,16,8,20,10,16,,52,23,1,22,9,121.5132305,25.04388879
111,4,21,22,54,2,02萬華區,萬華區康定路與長沙街2段口,0,0,2,1,C03,7,3,5,50,4,1,1,5,4,5,7,1,1,5,5,5,2,17,1,20,2,7,1,1,7,9,1,10,1,15,,26,26,1,22,9,121.5020682,25.040505
111,4,21,22,54,2,02萬華區,萬華區康定路與長沙街2段口,0,0,2,2,C04,7,3,5,50,4,1,1,5,4,5,7,1,1,5,5,5,2,17,2,55,2,9,1,1,7,5,1,10,1,15,,44,26,1,22,9,121.5020682,25.040505
111,4,22,7,10,2,03中山區,中山區大佳河濱公園7號水門內,0,0,1,1,B12,8,1,5,50,15,9,1,2,4,5,7,4,4,5,5,5,2,17,1,33,3,10,1,1,7,5,1,8,11,15,,61,61,1,22,9,121.5526398,25.07364334
111,4,22,7,10,2,03中山區,中山區大佳河濱公園7號水門內,0,0,1,2,C03,8,1,5,50,15,9,1,2,4,5,7,4,4,5,5,5,2,17,1,72,2,9,1,1,7,5,1,10,1,14,,44,61,1,22,9,121.5526398,25.07364334
111,4,22,7,10,2,03中山區,中山區大佳河濱公園7號水門內,0,0,1,3,C02,8,1,5,50,15,9,1,2,4,5,7,4,4,5,5,5,2,17,1,22,3,10,1,1,7,5,1,9,1,14,,44,61,1,22,9,121.5526398,25.07364334
111,4,22,7,33,2,03中山區,中山區中山北路3段花博公園4號出入口,0,0,2,1,C03,8,1,5,50,14,11,1,5,4,5,7,2,1,10,4,5,2,12,1,48,2,9,1,1,7,8,1,10,1,12,,26,26,1,22,9,121.5234785,25.07122185
111,4,22,7,33,2,03中山區,中山區中山北路3段花博公園4號出入口,0,0,2,2,C03,8,1,5,50,14,11,1,5,4,5,7,2,1,10,4,5,2,12,2,47,2,7,1,1,7,9,1,10,1,14,,44,26,1,22,9,121.5234785,25.07122185
111,4,22,7,47,2,12內湖區,內湖區瑞光路與瑞光路66巷口口,0,0,1,1,B11,8,1,5,50,4,2,1,5,4,5,7,2,1,5,4,5,2,12,1,24,4,11,3,4,7,8,7,19,11,15,,7,7,2,22,9,121.5824258,25.07067729
111,4,22,7,47,2,12內湖區,內湖區瑞光路與瑞光路66巷口口,0,0,1,2,C03,8,1,5,50,4,2,1,5,4,5,7,2,1,5,4,5,2,12,1,40,2,7,1,1,7,9,1,10,1,14,,3,7,1,22,9,121.5824258,25.07067729
111,4,22,8,0,2,07信義區,信義區松仁路1號忠孝東路側,0,0,2,1,C03,8,1,5,50,14,9,1,5,4,5,7,4,4,3,4,5,2,12,1,60,2,9,3,4,7,8,1,10,1,12,,7,7,1,22,9,121.5692036,25.04097454
111,4,22,8,0,2,07信義區,信義區松仁路1號忠孝東路側,0,0,2,2,C03,8,1,5,50,14,9,1,5,4,5,7,4,4,3,4,5,2,12,2,29,2,9,3,4,7,9,1,10,1,11,,44,7,1,22,9,121.5692036,25.04097454