發生年度,發生月,發生日,發生時-Hours,發生分,處理別-編號,區序,肇事地點,死亡人數,2-30日死亡人數,受傷人數,當事人序號,車種,天候,光線,道路類別,速限-速度限制,道路型態,事故位置,路面狀況1,路面狀況2,路面狀況3,道路障礙1,道路障礙2,號誌1,號誌2,車道劃分-分向,車道劃分-分道1,車道劃分-分道2,車道劃分-分道3,事故類型及型態,性別,年齡,受傷程度,主要傷處,安全帽,行動電話,車輛用途,當事者行動狀態,駕駛資格情形,駕駛執照種類,飲酒情形,車輛撞擊部位1,車輛撞擊部位2,肇因碼-個別,肇因碼-主要,個人肇逃否,職業,旅次目的,座標-X,座標-Y
111,4,22,8,3,2,07信義區,信義區松隆路300號,0,0,2,1,B03,8,1,5,50,14,9,1,5,4,5,7,4,4,1,4,5,1,17,2,50,3,10,1,1,7,15,1,8,2,4,,40,40,1,22,9,121.5767394,25.0481384
111,4,22,8,3,2,07信義區,信義區松隆路300號,0,0,2,3,C03,8,1,5,50,14,9,1,5,4,5,7,4,4,1,4,5,1,17,1,35,2,9,1,1,7,9,1,10,2,12,,44,40,1,22,9,121.5767394,25.0481384
111,4,22,8,3,2,07信義區,信義區松隆路300號,0,0,2,2,C03,8,1,5,50,14,9,1,5,4,5,7,4,4,1,4,5,1,17,2,25,2,9,1,1,7,9,1,10,2,11,,44,40,1,22,9,121.5767394,25.0481384
111,4,22,8,7,2,01大同區,大同區台北橋機車道往北市,0,0,2,1,C03,8,1,5,50,14,11,1,5,4,5,7,4,4,9,5,5,1,13,1,37,2,9,1,1,7,9,1,10,1,15,,16,16,1,22,9,121.5078099,25.0632536
111,4,22,8,7,2,01大同區,大同區台北橋機車道往北市,0,0,2,2,C03,8,1,5,50,14,11,1,5,4,5,7,4,4,9,5,5,1,13,1,18,2,8,1,1,7,9,1,10,1,11,,16,16,1,22,9,121.5078099,25.0632536
111,4,22,8,7,2,01大同區,大同區台北橋機車道往北市,0,0,2,3,C03,8,1,5,50,14,11,1,5,4,5,7,4,4,9,5,5,1,13,1,36,3,10,1,1,7,9,1,10,1,13,,14,16,1,22,9,121.5078099,25.0632536
111,4,22,8,26,2,09北投區,北投區大業路與中央北路2段口,0,0,2,1,C03,8,1,5,50,4,1,1,5,4,5,7,2,1,5,2,5,2,16,1,57,2,9,1,1,7,5,1,10,1,14,,8,8,1,22,9,121.4971749,25.1360432
111,4,22,8,26,2,09北投區,北投區大業路與中央北路2段口,0,0,2,2,C03,8,1,5,50,4,1,1,5,4,5,7,2,1,5,2,5,2,16,2,24,2,9,1,1,7,9,1,10,1,11,,44,8,1,22,9,121.4971749,25.1360432
111,4,22,8,35,2,02萬華區,萬華區華江橋往台北市,0,0,1,1,C03,8,1,5,40,15,11,1,5,4,5,7,4,4,10,5,5,1,17,1,27,2,8,3,4,7,9,1,10,1,11,,16,16,1,22,9,121.4895584,25.03398628
111,4,22,8,35,2,02萬華區,萬華區華江橋往台北市,0,0,1,2,C03,8,1,5,40,15,11,1,5,4,5,7,4,4,10,5,5,1,17,1,26,3,10,3,4,7,9,1,10,1,13,,44,16,1,22,9,121.4895584,25.03398628
111,4,22,8,49,2,06松山區,松山區塔悠路82號,0,0,1,1,B12,8,1,5,50,14,9,1,5,4,5,7,4,4,8,3,4,1,16,1,60,3,10,3,1,7,6,1,7,1,5,,9,9,1,22,9,121.5698835,25.05334803
111,4,22,8,49,2,06松山區,松山區塔悠路82號,0,0,1,2,C03,8,1,5,50,14,9,1,5,4,5,7,4,4,8,3,4,1,16,1,22,2,9,3,1,7,9,1,10,1,12,,44,9,1,22,9,121.5698835,25.05334803
111,4,22,8,50,2,04大安區,大安區安和路2段與安和路2段171巷口,0,0,1,1,C03,8,1,5,50,4,2,1,5,4,5,7,1,1,10,5,5,2,16,2,25,2,9,1,1,7,7,1,10,1,14,,7,7,1,22,9,121.5499853,25.02804948
111,4,22,8,50,2,04大安區,大安區安和路2段與安和路2段171巷口,0,0,1,2,B03,8,1,5,50,4,2,1,5,4,5,7,1,1,10,5,5,2,16,1,41,3,10,1,1,7,1,1,8,1,1,,23,7,1,22,9,121.5499853,25.02804948
111,4,22,8,52,2,05中正區,中正區林森北路與北平東路口,0,0,2,1,C03,8,1,5,50,4,2,1,5,4,5,7,2,1,5,2,5,2,12,2,25,2,9,1,1,7,8,1,10,1,12,,7,7,1,22,9,121.5236811,25.04622539
111,4,22,8,52,2,05中正區,中正區林森北路與北平東路口,0,0,2,2,C03,8,1,5,50,4,2,1,5,4,5,7,2,1,5,2,5,2,12,2,30,2,8,1,1,7,9,1,10,1,14,,44,7,1,22,9,121.5236811,25.04622539
111,4,22,8,55,2,12內湖區,內湖區麥帥一橋與麥帥一橋口西往東(機車道橋上),0,0,2,1,C03,8,1,5,40,8,11,1,5,4,5,7,4,4,1,4,5,2,12,2,32,2,9,1,1,7,9,1,10,1,11,,23,23,1,22,9,121.5737264,25.05285987
111,4,22,8,55,2,12內湖區,內湖區麥帥一橋與麥帥一橋口西往東(機車道橋上),0,0,2,2,C03,8,1,5,40,8,11,1,5,4,5,7,4,4,1,4,5,2,12,1,31,2,9,1,1,7,9,1,10,1,11,,23,23,1,22,9,121.5737264,25.05285987
111,4,22,8,59,2,07信義區,信義區松勤街17號,0,0,1,1,B03,8,1,5,30,14,9,1,5,4,5,7,4,4,10,4,5,2,12,2,35,3,10,3,4,7,6,1,8,1,5,,9,9,1,22,9,121.5617232,25.03204972
111,4,22,8,59,2,07信義區,信義區松勤街17號,0,0,1,2,C03,8,1,5,30,14,9,1,5,4,5,7,4,4,10,4,5,2,12,1,45,2,9,3,4,7,9,1,10,1,14,,16,9,1,22,9,121.5617232,25.03204972
111,4,22,9,2,2,01大同區,大同區承德路3段288號,0,0,1,1,B01,8,3,5,50,14,9,1,5,4,5,7,1,1,1,4,5,2,13,1,56,3,10,1,1,7,8,1,4,1,7,,44,44,1,22,9,121.5194936,25.07378981
111,4,22,9,2,2,01大同區,大同區承德路3段288號,0,0,1,2,C03,8,3,5,50,14,9,1,5,4,5,7,1,1,1,4,5,2,13,1,30,2,9,1,1,7,9,6,10,1,11,,23,44,1,22,9,121.5194936,25.07378981
111,4,22,9,10,2,11南港區,南港區研究院路1段130巷與研究院路1段口,0,0,1,1,C03,8,1,5,50,4,2,1,5,4,5,7,2,1,1,4,5,2,12,2,63,2,8,1,1,7,9,1,10,1,14,,44,44,1,22,9,121.6156704,25.04910684
111,4,22,9,10,2,11南港區,南港區研究院路1段130巷與研究院路1段口,0,0,1,2,B03,8,1,5,50,4,2,1,5,4,5,7,2,1,1,4,5,2,12,1,38,3,10,1,1,7,6,1,8,1,2,,9,44,1,22,9,121.6156704,25.04910684
111,4,22,9,31,2,02萬華區,萬華區堤外便道第二崗停車場外,0,0,1,2,C04,8,1,5,50,14,9,1,5,4,5,7,4,4,9,5,5,2,12,2,26,2,9,1,1,7,9,1,10,1,12,,44,10,1,22,9,121.5000206,25.01685139
111,4,22,9,31,2,02萬華區,萬華區堤外便道第二崗停車場外,0,0,1,1,B03,8,1,5,50,14,9,1,5,4,5,7,4,4,9,5,5,2,12,1,39,3,10,1,1,7,11,1,8,1,8,,10,10,1,22,9,121.5000206,25.01685139
111,4,22,9,31,2,03中山區,中山區民權東路2段194號,0,0,2,1,C03,8,1,5,50,14,9,1,5,4,5,7,4,4,1,4,5,2,12,2,61,2,9,1,1,7,7,1,10,2,14,,7,7,1,22,9,121.5361795,25.06230072
111,4,22,9,31,2,03中山區,中山區民權東路2段194號,0,0,2,2,C03,8,1,5,50,14,9,1,5,4,5,7,4,4,1,4,5,2,12,1,38,2,9,2,1,7,9,1,10,2,12,,23,7,1,22,9,121.5361795,25.06230072
111,4,22,9,38,2,03中山區,中山區民權東路2段36號,0,0,2,1,C03,8,1,5,50,14,9,1,5,4,5,7,4,4,1,4,5,2,17,1,29,2,9,1,1,7,6,1,8,1,12,,9,9,1,22,9,121.5295054,25.06248878
111,4,22,9,38,2,03中山區,中山區民權東路2段36號,0,0,2,2,C03,8,1,5,50,14,9,1,5,4,5,7,4,4,1,4,5,2,17,2,44,2,8,1,1,7,9,1,10,1,11,,44,9,1,22,9,121.5295054,25.06248878
111,4,22,9,44,2,09北投區,(承德路6段120號前),0,0,2,1,C03,8,1,5,50,3,2,1,5,4,5,7,4,4,5,2,5,2,16,2,19,2,9,1,1,7,6,1,10,1,14,,9,9,1,22,9,121.5123098,25.10343544
111,4,22,9,44,2,09北投區,(承德路6段120號前),0,0,2,2,C03,8,1,5,50,3,2,1,5,4,5,7,4,4,5,2,5,2,16,1,32,2,9,1,1,7,9,1,10,1,12,,44,9,1,22,9,121.5123098,25.10343544
111,4,22,9,44,2,09北投區,(承德路6段120號前),0,0,2,3,B03,8,1,5,50,3,2,1,5,4,5,7,4,4,5,2,5,2,16,3,,,,,,,,,,,,,67,9,1,,,121.5123098,25.10343544
111,4,22,9,48,2,05中正區,中正區重慶南路2段19巷與牯嶺街口口,0,0,1,1,C03,8,1,5,30,4,1,1,5,4,5,7,4,4,10,5,5,1,15,1,38,2,8,1,1,7,9,1,10,2,11,,6,6,1,22,9,121.5145987,25.0325431
111,4,22,9,48,2,05中正區,中正區重慶南路2段19巷與牯嶺街口口,0,0,1,2,B03,8,1,5,30,4,1,1,5,4,5,7,4,4,10,5,5,1,15,2,54,3,10,1,1,7,9,1,8,2,2,,44,6,1,22,9,121.5145987,25.0325431
111,4,22,9,52,2,01大同區,大同區重慶北路3段236巷45弄與迪化街2段243巷口,0,0,1,1,B11,8,1,5,30,3,2,1,5,4,5,7,4,4,9,5,5,1,15,1,42,3,10,1,1,7,9,1,8,1,4,,6,6,1,22,9,121.5122916,25.07130666
111,4,22,9,52,2,01大同區,大同區重慶北路3段236巷45弄與迪化街2段243巷口,0,0,1,2,C03,8,1,5,30,3,2,1,5,4,5,7,4,4,9,5,5,1,15,1,24,2,7,1,1,7,9,1,10,1,11,,13,6,1,22,9,121.5122916,25.07130666
111,4,22,9,58,2,03中山區,(民權東路1段79號前),0,0,2,1,F01,8,1,5,50,14,9,1,5,4,5,7,2,1,3,4,5,2,16,1,85,2,9,1,1,7,9,8,20,2,16,,43,43,1,22,9,121.5274301,25.06272409
111,4,22,9,58,2,03中山區,(民權東路1段79號前),0,0,2,2,C03,8,1,5,50,14,9,1,5,4,5,7,2,1,3,4,5,2,16,1,22,2,9,1,1,7,9,1,10,2,12,,43,43,1,22,9,121.5274301,25.06272409
111,4,22,10,0,2,09北投區,北投區石牌路2段90巷43號停車格,0,0,2,1,B03,8,1,5,30,14,9,1,5,4,5,7,4,4,10,5,5,2,16,2,41,3,10,1,1,7,5,1,8,1,8,,8,8,1,22,9,121.5184479,25.11696947
111,4,22,10,0,2,09北投區,北投區石牌路2段90巷43號停車格,0,0,2,2,C03,8,1,5,30,14,9,1,5,4,5,7,4,4,10,5,5,2,16,2,57,2,9,1,1,7,9,1,10,1,14,,44,8,1,22,9,121.5184479,25.11696947
111,4,22,10,0,2,09北投區,北投區石牌路2段90巷43號停車格,0,0,2,3,H02,8,1,5,30,14,9,1,5,4,5,7,4,4,10,5,5,2,16,2,35,2,9,1,5,7,21,8,20,10,16,,67,8,1,22,9,121.5184479,25.11696947
111,4,22,10,0,2,11南港區,南港區重陽路與經貿二路157巷36弄口,0,0,1,1,B03,8,1,5,50,3,1,1,5,4,5,7,4,4,5,4,5,2,16,1,33,3,10,1,1,7,6,1,8,1,6,,9,9,1,22,9,121.6139715,25.0629379
111,4,22,10,0,2,11南港區,南港區重陽路與經貿二路157巷36弄口,0,0,1,2,C03,8,1,5,50,3,1,1,5,4,5,7,4,4,5,4,5,2,16,1,22,2,9,1,1,7,9,1,10,1,11,,14,9,1,22,9,121.6139715,25.0629379
111,4,22,10,9,2,05中正區,中正區羅斯福路1段與愛國西路口,0,0,1,1,B02,8,1,5,50,4,1,1,5,4,5,7,1,1,3,4,5,2,17,1,47,3,10,1,1,7,6,1,1,2,6,,9,9,1,22,9,121.5167837,25.03465977
111,4,22,10,9,2,05中正區,中正區羅斯福路1段與愛國西路口,0,0,1,2,C03,8,1,5,50,4,1,1,5,4,5,7,1,1,3,4,5,2,17,1,47,2,9,1,1,7,9,1,10,2,11,,44,9,1,22,9,121.5167837,25.03465977
111,4,22,10,15,2,12內湖區,內湖區內湖路1段與內湖路1段203巷口,0,0,1,1,B02,8,1,5,50,4,1,1,5,4,5,7,2,1,1,4,5,2,3,1,43,3,10,3,4,7,5,6,8,2,4,,15,15,1,22,9,121.5634375,25.08330818
111,4,22,10,15,2,12內湖區,內湖區內湖路1段與內湖路1段203巷口,0,0,1,2,H01,8,1,5,50,4,1,1,5,4,5,7,2,1,1,4,5,2,3,1,47,2,9,4,5,8,16,8,20,10,16,,67,15,1,22,9,121.5634375,25.08330818
111,4,22,10,15,2,07信義區,信義區信安街103巷6號,0,0,1,1,C03,7,1,5,30,14,9,1,5,4,5,7,4,4,9,5,5,2,18,2,56,2,7,1,1,7,9,1,10,1,12,,42,42,1,22,9,121.5574304,25.02511306
111,4,22,10,15,2,07信義區,信義區信安街103巷6號,0,0,1,2,,7,1,5,30,14,9,1,5,4,5,7,4,4,9,5,5,2,18,3,,,,,,,,,,1,,,67,42,,,,121.5574304,25.02511306
111,4,22,10,30,2,03中山區,中山區新生北路1段與南京東路2段口,0,0,1,1,C03,8,1,5,50,4,1,1,5,4,5,7,2,1,1,4,5,2,13,1,24,2,9,3,4,7,9,1,10,1,12,,16,16,1,22,9,121.5278146,25.05202687
111,4,22,10,30,2,03中山區,中山區新生北路1段與南京東路2段口,0,0,1,2,C03,8,1,5,50,4,1,1,5,4,5,7,2,1,1,4,5,2,13,1,24,3,10,3,4,7,9,1,10,1,14,,44,16,1,22,9,121.5278146,25.05202687
111,4,22,10,30,2,09北投區,北投區石牌路2段201號對面,0,0,1,1,C04,8,1,5,50,3,1,1,5,4,5,7,1,1,5,4,5,2,13,2,37,2,7,1,1,7,9,1,10,1,11,,16,16,1,22,9,121.5198726,25.11864888
111,4,22,10,30,2,09北投區,北投區石牌路2段201號對面,0,0,1,2,B03,8,1,5,50,3,1,1,5,4,5,7,1,1,5,4,5,2,13,1,34,3,10,3,4,7,9,1,8,1,6,,44,16,1,22,9,121.5198726,25.11864888
111,4,22,11,3,2,09北投區,北投區溫泉路7巷8號,0,0,2,1,B03,8,1,5,30,14,9,1,5,4,5,7,4,4,10,5,5,2,17,1,39,3,10,1,1,7,3,1,8,1,4,,43,43,1,22,9,121.5026354,25.1338524
111,4,22,11,3,2,09北投區,北投區溫泉路7巷8號,0,0,2,2,C03,8,1,5,30,14,9,1,5,4,5,7,4,4,10,5,5,2,17,1,30,2,9,1,1,7,9,1,10,1,12,,43,43,1,22,9,121.5026354,25.1338524
111,4,22,11,3,2,09北投區,北投區溫泉路7巷8號,0,0,2,3,H02,8,1,5,30,14,9,1,5,4,5,7,4,4,10,5,5,2,17,1,39,2,9,1,1,7,21,8,20,10,16,,67,43,1,22,9,121.5026354,25.1338524
111,4,22,11,17,2,03中山區,中山區中山北路2段11巷與南京東路1段13巷口,0,0,2,1,C03,8,1,5,30,4,1,1,5,4,5,7,4,4,10,5,5,1,15,1,37,2,9,3,4,7,9,1,10,1,12,,6,6,1,22,9,121.5236467,25.0527326
111,4,22,11,17,2,03中山區,中山區中山北路2段11巷與南京東路1段13巷口,0,0,2,2,C03,8,1,5,30,4,1,1,5,4,5,7,4,4,10,5,5,1,15,1,37,2,8,3,4,7,9,1,10,1,14,,23,6,1,22,9,121.5236467,25.0527326
111,4,22,11,17,2,03中山區,中山區中山北路2段11巷與南京東路1段13巷口,0,0,2,3,B03,8,1,5,30,4,1,1,5,4,5,7,4,4,10,5,5,1,15,1,36,3,10,3,4,7,13,1,8,9,15,,38,6,2,22,9,121.5236467,25.0527326
111,4,22,11,31,2,04大安區,大安區辛亥路3段與基隆路3段口,0,0,1,1,C03,8,1,5,50,4,3,1,5,4,5,7,2,1,5,4,5,1,12,1,69,3,10,1,4,7,5,1,10,2,11,,23,23,1,22,9,121.5470543,25.01919957
111,4,22,11,31,2,04大安區,大安區辛亥路3段與基隆路3段口,0,0,1,2,C03,8,1,5,50,4,3,1,5,4,5,7,2,1,5,4,5,1,12,1,40,2,8,1,4,7,5,1,10,2,15,,44,23,1,22,9,121.5470543,25.01919957
111,4,22,11,40,2,10文山區,文山區興隆路2段345號,0,0,1,1,C03,8,1,5,50,14,9,1,5,4,5,7,4,4,1,4,5,2,17,2,74,2,9,1,1,7,9,1,10,2,11,,42,42,1,22,9,121.5543713,25.0009795
111,4,22,11,40,2,10文山區,文山區興隆路2段345號,0,0,1,2,B03,8,1,5,50,14,9,1,5,4,5,7,4,4,1,4,5,2,17,1,43,3,10,1,1,7,14,1,8,1,4,,38,42,1,22,9,121.5543713,25.0009795
111,4,22,11,43,2,01大同區,大同區民族西路與民族西路252巷口口,0,0,1,1,B03,8,1,5,30,4,2,1,5,4,5,7,2,1,8,3,5,2,3,2,47,3,10,1,1,7,5,1,8,1,5,,15,15,1,22,9,121.5123281,25.06867133
111,4,22,11,43,2,01大同區,大同區民族西路與民族西路252巷口口,0,0,1,2,H01,8,1,5,30,4,2,1,5,4,5,7,2,1,8,3,5,2,3,2,65,2,8,4,5,8,16,8,20,1,16,,67,15,1,22,9,121.5123281,25.06867133
111,4,22,12,5,2,10文山區,文山區木新路3段74巷與木新路3段口,0,0,1,1,B12,8,1,5,50,3,1,1,5,4,5,7,4,4,5,4,5,2,17,2,39,3,10,1,1,7,11,1,8,1,5,,43,43,1,22,9,121.5635351,24.98240982
111,4,22,12,5,2,10文山區,文山區木新路3段74巷與木新路3段口,0,0,1,2,C03,8,1,5,50,3,1,1,5,4,5,7,4,4,5,4,5,2,17,2,23,2,7,1,1,7,9,1,10,1,11,,43,43,1,22,9,121.5635351,24.98240982
111,4,22,12,17,2,02萬華區,萬華區中華路2段與廣州街口,0,0,2,1,C03,8,1,5,50,4,1,1,5,4,5,7,2,1,1,4,5,2,17,1,55,2,9,1,1,7,8,1,10,1,12,,7,7,1,22,9,121.5063669,25.03608639
111,4,22,12,17,2,02萬華區,萬華區中華路2段與廣州街口,0,0,2,2,C03,8,1,5,50,4,1,1,5,4,5,7,2,1,1,4,5,2,17,1,29,2,7,1,1,7,9,6,10,1,14,,3,7,1,22,9,121.5063669,25.03608639
111,4,22,12,25,2,03中山區,中山區建國北路2段與錦州街口南側迴轉道,0,0,1,1,B02,8,1,5,50,4,1,1,5,4,5,7,1,1,1,4,5,2,16,1,33,3,10,3,4,7,7,1,8,1,4,,7,7,1,22,9,121.5371618,25.0596265
111,4,22,12,25,2,03中山區,中山區建國北路2段與錦州街口南側迴轉道,0,0,1,2,C03,8,1,5,50,4,1,1,5,4,5,7,1,1,1,4,5,2,16,1,32,2,9,1,4,7,9,1,9,1,12,,23,7,1,22,9,121.5371618,25.0596265
111,4,22,12,45,2,03中山區,中山區建國北路3段71號與農安街口,0,0,1,2,B03,8,1,5,50,3,1,1,5,4,5,7,2,1,1,4,5,2,3,2,43,3,10,3,4,7,5,1,8,2,1,,43,67,1,22,9,121.5369895,25.06503248
111,4,22,12,45,2,03中山區,中山區建國北路3段71號與農安街口,0,0,1,1,H01,8,1,5,50,3,1,1,5,4,5,7,2,1,1,4,5,2,3,2,87,2,9,4,5,8,16,8,20,10,16,,67,67,1,22,9,121.5369895,25.06503248
111,4,22,12,49,2,04大安區,大安區延吉街廢鐵道,0,0,2,1,C03,8,1,5,50,4,1,1,5,4,5,5,1,1,9,4,5,1,16,1,24,2,8,1,4,7,9,1,10,1,11,,25,25,1,22,9,121.5538524,25.04399619
111,4,22,12,49,2,04大安區,大安區延吉街廢鐵道,0,0,2,2,C03,8,1,5,50,4,1,1,5,4,5,5,1,1,9,4,5,1,16,2,29,2,8,1,4,7,6,1,10,1,11,,44,25,1,22,9,121.5538524,25.04399619
111,4,22,13,14,2,04大安區,大安區敦化南路1段270巷與仁愛路4段71巷口,0,0,1,1,B02,8,1,5,30,4,1,1,5,4,5,7,4,4,10,5,5,2,15,2,23,3,10,1,1,7,9,1,8,1,1,,6,6,1,22,9,121.5471237,25.03897793
111,4,22,13,14,2,04大安區,大安區敦化南路1段270巷與仁愛路4段71巷口,0,0,1,2,C03,8,1,5,30,4,1,1,5,4,5,7,4,4,10,5,5,2,15,1,38,2,9,1,1,7,9,1,10,1,12,,44,6,1,22,9,121.5471237,25.03897793
111,4,22,13,29,2,05中正區,中正區中山南路與凱達格蘭大道口,0,0,3,1,C03,8,1,5,50,5,1,1,5,4,5,7,2,1,1,4,1,2,13,1,23,2,9,1,1,7,9,1,10,2,11,,16,16,2,22,9,121.5172991,25.03878159
111,4,22,13,29,2,05中正區,中正區中山南路與凱達格蘭大道口,0,0,3,2,C03,8,1,5,50,5,1,1,5,4,5,7,2,1,1,4,1,2,13,1,66,2,8,1,1,7,9,1,10,2,13,,44,16,1,22,9,121.5172991,25.03878159
111,4,22,13,29,2,05中正區,中正區中山南路與凱達格蘭大道口,0,0,3,3,H02,8,1,5,50,5,1,1,5,4,5,7,2,1,1,4,1,2,13,2,12,2,8,1,5,7,20,8,20,10,16,,67,16,1,22,9,121.5172991,25.03878159
111,4,22,13,55,2,05中正區,中正區金山北路與市民大道2段口,0,0,1,1,B03,8,1,5,40,4,1,1,5,4,5,7,1,1,9,4,5,2,17,1,30,3,10,1,4,7,6,1,8,1,5,,9,9,1,22,9,121.5305094,25.04597895
111,4,22,13,55,2,05中正區,中正區金山北路與市民大道2段口,0,0,1,2,C04,8,1,5,40,4,1,1,5,4,5,7,1,1,9,4,5,2,17,1,68,2,8,1,4,7,9,1,10,1,14,,44,9,1,22,9,121.5305094,25.04597895
111,4,22,13,55,2,11南港區,南港區忠孝東路7段與興中路口口,0,0,1,1,C03,8,1,5,50,14,9,1,5,4,5,7,4,4,1,3,5,2,13,2,54,2,1,1,1,7,9,1,10,2,12,,23,23,1,22,9,121.6074413,25.05207623
111,4,22,13,55,2,11南港區,南港區忠孝東路7段與興中路口口,0,0,1,2,C03,8,1,5,50,14,9,1,5,4,5,7,4,4,1,3,5,2,13,1,33,3,10,1,1,7,9,1,10,2,14,,44,23,1,22,9,121.6074413,25.05207623
111,4,22,14,1,2,01大同區,大同區民權西路157號,0,0,1,1,C03,8,1,5,50,14,9,1,5,4,5,7,2,1,1,4,5,2,13,1,21,2,7,3,4,7,9,1,10,1,11,,23,23,1,22,9,121.5166977,25.06305519
111,4,22,14,1,2,01大同區,大同區民權西路157號,0,0,1,2,C03,8,1,5,50,14,9,1,5,4,5,7,2,1,1,4,5,2,13,1,51,3,10,3,4,7,12,1,10,1,13,,44,23,1,22,9,121.5166977,25.06305519
111,4,22,14,6,2,05中正區,中正區市民大道2段59號柱前,0,0,3,1,B01,8,1,5,40,14,9,1,5,4,5,7,4,4,1,4,1,2,13,1,41,2,3,1,1,7,9,1,4,2,1,,16,16,1,22,9,121.5288454,25.04648763
111,4,22,14,6,2,05中正區,中正區市民大道2段59號柱前,0,0,3,2,B03,8,1,5,40,14,9,1,5,4,5,7,4,4,1,4,1,2,13,2,35,3,10,1,1,7,9,1,8,2,3,,44,16,1,22,9,121.5288454,25.04648763
111,4,22,14,6,2,05中正區,中正區市民大道2段59號柱前,0,0,3,3,H02,8,1,5,40,14,9,1,5,4,5,7,4,4,1,4,1,2,13,2,41,2,1,4,5,7,21,8,20,10,16,,67,16,1,22,9,121.5288454,25.04648763
111,4,22,14,6,2,05中正區,中正區市民大道2段59號柱前,0,0,3,4,H02,8,1,5,40,14,9,1,5,4,5,7,4,4,1,4,1,2,13,1,65,2,7,4,5,7,21,8,20,10,16,,67,16,1,22,9,121.5288454,25.04648763
111,4,22,14,30,2,08士林區,士林區環河北路3段007號燈桿,0,0,1,1,B03,8,1,5,50,14,9,1,5,4,5,7,4,4,1,4,5,2,17,1,68,3,10,3,4,7,1,1,8,1,8,,19,19,1,22,9,121.5077249,25.08192751
111,4,22,14,30,2,08士林區,士林區環河北路3段007號燈桿,0,0,1,2,C03,8,1,5,50,14,9,1,5,4,5,7,4,4,1,4,5,2,17,1,36,2,9,1,4,7,9,1,9,1,11,,44,19,1,22,9,121.5077249,25.08192751
111,4,22,14,30,2,07信義區,信義區環東大道基隆路匝道,0,0,1,1,B03,8,1,5,50,10,9,1,5,4,5,7,4,4,10,4,5,2,13,1,39,3,10,3,4,7,9,1,8,1,1,,23,23,1,22,9,121.5694413,25.04973363
111,4,22,14,30,2,07信義區,信義區環東大道基隆路匝道,0,0,1,2,B03,8,1,5,50,10,9,1,5,4,5,7,4,4,10,4,5,2,13,2,49,2,1,3,4,7,14,1,8,1,3,,44,23,1,22,9,121.5694413,25.04973363
111,4,22,14,37,2,09北投區,北投區大興街與大興街24巷口,0,0,1,1,C03,8,1,5,30,4,1,1,5,4,5,7,3,1,10,5,5,2,15,2,62,2,9,1,1,7,9,1,10,1,11,,6,6,1,22,9,121.4985486,25.12993015
111,4,22,14,37,2,09北投區,北投區大興街與大興街24巷口,0,0,1,2,B03,8,1,5,30,4,1,1,5,4,5,7,3,1,10,5,5,2,15,2,33,3,10,1,1,7,9,1,8,1,2,,44,6,1,22,9,121.4985486,25.12993015
111,4,22,14,38,2,03中山區,中山區五常街與五常街53巷口,0,0,1,1,B03,8,1,5,30,3,1,1,5,4,5,7,2,1,4,5,5,1,11,1,59,3,10,3,4,7,5,1,8,2,6,,6,6,1,22,9,121.5395949,25.06433408
111,4,22,14,38,2,03中山區,中山區五常街與五常街53巷口,0,0,1,2,C03,8,1,5,30,3,1,1,5,4,5,7,2,1,4,5,5,1,11,1,53,2,9,3,4,7,9,1,10,2,11,,44,6,1,22,9,121.5395949,25.06433408
111,4,22,15,12,2,04大安區,大安區市民大道4段與敦化南路1段161巷5弄口,0,0,1,1,B12,8,1,5,40,3,1,1,5,4,5,7,4,4,10,5,5,2,16,1,34,3,10,1,1,7,6,1,2,1,2,,6,6,1,22,9,121.5496776,25.04465542
111,4,22,15,12,2,04大安區,大安區市民大道4段與敦化南路1段161巷5弄口,0,0,1,2,C03,8,1,5,40,3,1,1,5,4,5,7,4,4,10,5,5,2,16,2,26,2,9,1,1,7,9,1,10,1,14,,44,6,1,22,9,121.5496776,25.04465542
111,4,22,15,13,2,07信義區,信義區忠孝東路5段與忠孝東路5段22巷口口,0,0,2,1,C03,8,1,5,50,3,1,1,5,4,5,7,2,1,1,4,5,1,16,1,39,2,8,3,4,7,6,1,10,1,12,,6,6,1,22,9,121.5660926,25.04101552
111,4,22,15,13,2,07信義區,信義區忠孝東路5段與忠孝東路5段22巷口口,0,0,2,2,C03,8,1,5,50,3,1,1,5,4,5,7,2,1,1,4,5,1,16,1,20,2,9,3,4,7,9,1,10,1,14,,23,6,1,22,9,121.5660926,25.04101552
111,4,22,15,25,2,09北投區,北投區承德路7段331號,0,0,1,1,B03,7,1,5,60,14,9,1,5,4,5,7,4,4,1,4,5,2,16,2,70,3,10,3,4,7,1,1,8,1,4,,19,19,1,22,9,121.5042762,25.11684612
111,4,22,15,25,2,09北投區,北投區承德路7段331號,0,0,1,2,C03,7,1,5,60,14,9,1,5,4,5,7,4,4,1,4,5,2,16,1,21,2,9,3,4,7,9,1,10,1,11,,44,19,1,22,9,121.5042762,25.11684612
111,4,22,15,54,2,03中山區,中山區吉林路259號,0,0,1,1,B03,8,1,5,40,14,8,1,5,4,5,7,4,4,9,4,4,2,2,1,51,3,10,1,1,7,9,1,8,1,2,,23,23,1,22,9,121.5303513,25.06175644
111,4,22,15,54,2,03中山區,中山區吉林路259號,0,0,1,2,H01,8,1,5,40,14,8,1,5,4,5,7,4,4,9,4,4,2,2,1,39,2,7,4,5,8,16,8,20,10,15,,51,23,1,22,9,121.5303513,25.06175644
111,4,22,16,34,2,01大同區,大同區西寧北路與長安西路口,0,0,1,1,B12,8,1,5,50,4,1,1,5,4,5,7,1,1,9,4,5,2,16,1,45,3,10,3,4,7,5,6,18,1,2,,6,6,1,22,9,121.5085536,25.052032