發生年度,發生月,發生日,發生時-Hours,發生分,處理別-編號,區序,肇事地點,死亡人數,2-30日死亡人數,受傷人數,當事人序號,車種,天候,光線,道路類別,速限-速度限制,道路型態,事故位置,路面狀況1,路面狀況2,路面狀況3,道路障礙1,道路障礙2,號誌1,號誌2,車道劃分-分向,車道劃分-分道1,車道劃分-分道2,車道劃分-分道3,事故類型及型態,性別,年齡,受傷程度,主要傷處,安全帽,行動電話,車輛用途,當事者行動狀態,駕駛資格情形,駕駛執照種類,飲酒情形,車輛撞擊部位1,車輛撞擊部位2,肇因碼-個別,肇因碼-主要,個人肇逃否,職業,旅次目的,座標-X,座標-Y
111,4,22,16,34,2,01大同區,大同區西寧北路與長安西路口,0,0,1,2,C03,8,1,5,50,4,1,1,5,4,5,7,1,1,9,4,5,2,16,1,22,2,9,1,1,7,9,1,10,1,11,,44,6,1,22,9,121.5085536,25.052032
111,4,22,16,38,2,08士林區,士林區中山北路5段與至誠路2段口,0,0,1,1,B03,8,1,5,50,5,1,1,5,4,5,7,3,1,1,5,5,2,17,1,47,3,10,1,1,7,5,1,8,1,2,,8,8,1,21,8,121.526531,25.10096254
111,4,22,16,38,2,08士林區,士林區中山北路5段與至誠路2段口,0,0,1,2,C03,8,1,5,50,5,1,1,5,4,5,7,3,1,1,5,5,2,17,2,18,2,8,1,1,7,9,1,10,1,11,,44,8,1,21,8,121.526531,25.10096254
111,4,22,16,55,2,08士林區,士林區中正路與文昌路口,0,0,1,1,C03,8,1,5,50,3,2,1,5,4,5,7,1,1,9,4,5,1,17,2,21,2,8,1,1,7,15,1,10,1,13,,44,44,1,22,9,121.521877,25.09445126
111,4,22,16,55,2,08士林區,士林區中正路與文昌路口,0,0,1,2,B03,8,1,5,50,3,2,1,5,4,5,7,1,1,9,4,5,1,17,2,59,3,10,1,1,7,1,1,8,1,1,,23,44,1,22,9,121.521877,25.09445126
111,4,22,17,0,2,04大安區,大安區羅斯福路4段125號,0,0,1,1,C03,8,1,5,50,14,9,1,5,4,5,7,1,1,1,4,1,2,13,1,34,2,9,3,4,7,9,1,10,1,11,,16,16,1,22,9,121.5373365,25.01074625
111,4,22,17,0,2,04大安區,大安區羅斯福路4段125號,0,0,1,2,B03,8,1,5,50,14,9,1,5,4,5,7,1,1,1,4,1,2,13,1,56,3,10,3,4,7,14,1,8,1,7,,44,16,1,22,9,121.5373365,25.01074625
111,4,22,17,19,2,03中山區,中山區市民大道2段與長安東路1段30巷口,0,0,2,1,C03,8,1,5,40,3,2,1,5,4,5,7,1,1,1,4,5,2,12,1,49,2,9,1,1,7,9,1,9,1,14,,23,23,1,22,9,121.5260559,25.04754505
111,4,22,17,19,2,03中山區,中山區市民大道2段與長安東路1段30巷口,0,0,2,2,C03,8,1,5,40,3,2,1,5,4,5,7,1,1,1,4,5,2,12,1,27,2,9,1,1,7,14,1,9,1,12,,44,23,1,22,9,121.5260559,25.04754505
111,4,22,17,30,2,06松山區,松山區復興北路與民族東路口,0,0,2,1,C03,8,1,5,50,4,1,1,5,4,5,7,2,1,1,3,5,2,13,1,20,2,7,1,1,7,8,1,10,1,13,,7,7,1,22,9,121.5443988,25.06643611
111,4,22,17,30,2,06松山區,松山區復興北路與民族東路口,0,0,2,2,C03,8,1,5,50,4,1,1,5,4,5,7,2,1,1,3,5,2,13,1,45,2,9,1,1,7,9,1,10,1,11,,16,7,1,22,9,121.5443988,25.06643611
111,4,22,17,32,2,10文山區,文山區羅斯福路6段138號,0,0,1,1,C03,8,1,5,50,14,9,1,5,4,5,7,4,4,1,4,5,2,18,2,25,2,9,1,1,7,9,1,10,2,14,,42,42,1,22,9,121.5409633,24.99657606
111,4,22,17,32,2,10文山區,文山區羅斯福路6段138號,0,0,1,2,,8,1,5,50,14,9,1,5,4,5,7,4,4,1,4,5,2,18,3,,,,,,,,,,,,,67,42,1,,,121.5409633,24.99657606
111,4,22,18,6,2,02萬華區,萬華區西寧南路187號,0,0,2,1,C03,8,1,5,50,14,9,1,5,4,5,7,4,4,10,4,5,2,16,1,35,2,9,1,1,7,5,1,10,1,14,,8,8,1,22,9,121.5060087,25.04120847
111,4,22,18,6,2,02萬華區,萬華區西寧南路187號,0,0,2,2,C03,8,1,5,50,14,9,1,5,4,5,7,4,4,10,4,5,2,16,2,25,2,9,1,1,7,9,1,10,1,11,,44,8,1,22,9,121.5060087,25.04120847
111,4,22,18,7,2,11南港區,南港區市民大道8段與中南街口,0,0,1,2,B03,8,1,5,50,4,1,1,5,4,5,7,2,1,1,3,5,2,16,1,35,3,10,1,1,7,9,1,8,2,5,,13,8,1,22,9,121.6152405,25.0543537
111,4,22,18,7,2,11南港區,南港區市民大道8段與中南街口,0,0,1,1,C03,8,1,5,50,4,1,1,5,4,5,7,2,1,1,3,5,2,16,1,62,2,9,1,1,7,5,1,10,2,13,,8,8,1,22,9,121.6152405,25.0543537
111,4,22,18,8,2,04大安區,大安區忠孝東路3段與忠孝東路3段251巷口,0,0,2,1,C03,8,3,5,50,5,1,1,5,1,5,7,2,1,1,4,5,2,17,1,25,2,9,1,1,7,9,1,10,1,12,,17,17,1,22,9,121.5416317,25.04171277
111,4,22,18,8,2,04大安區,大安區忠孝東路3段與忠孝東路3段251巷口,0,0,2,2,C03,8,3,5,50,5,1,1,5,1,5,7,2,1,1,4,5,2,17,2,41,2,9,1,1,7,9,1,10,1,12,,17,17,1,22,9,121.5416317,25.04171277
111,4,22,18,8,2,04大安區,大安區忠孝東路3段與忠孝東路3段251巷口,0,0,2,3,,8,3,5,50,5,1,1,5,1,5,7,2,1,1,4,5,2,17,3,,,,,,,,,,,,,67,17,1,,,121.5416317,25.04171277
111,4,22,18,9,2,04大安區,大安區仁愛路4段與仁愛路4段222巷口,0,0,1,1,B03,8,2,5,50,3,1,1,5,4,5,7,4,4,9,4,5,2,12,1,48,3,10,1,1,7,4,1,8,2,2,,1,1,1,21,8,121.5518302,25.03752174
111,4,22,18,9,2,04大安區,大安區仁愛路4段與仁愛路4段222巷口,0,0,1,2,F01,8,2,5,50,3,1,1,5,4,5,7,4,4,9,4,5,2,12,2,74,2,9,1,1,7,7,8,20,2,16,,7,1,1,21,8,121.5518302,25.03752174
111,4,22,18,17,2,08士林區,士林區士東路286巷與士東路266巷3弄口,0,0,2,1,F01,8,1,5,30,3,1,1,5,4,5,7,4,4,9,5,5,2,17,1,72,2,9,1,1,7,9,8,20,1,16,,6,6,1,21,8,121.5374347,25.1124738
111,4,22,18,17,2,08士林區,士林區士東路286巷與士東路266巷3弄口,0,0,2,2,C03,8,1,5,30,3,1,1,5,4,5,7,4,4,9,5,5,2,17,2,19,2,8,1,1,7,9,1,10,1,11,,13,6,1,21,8,121.5374347,25.1124738
111,4,22,18,17,2,08士林區,士林區士東路286巷與士東路266巷3弄口,0,0,2,3,B03,8,1,5,30,3,1,1,5,4,5,7,4,4,9,5,5,2,17,1,53,3,10,1,1,7,14,1,8,9,15,,38,6,1,22,9,121.5374347,25.1124738
111,4,22,18,21,2,12內湖區,內湖區內湖路2段308號,0,0,1,1,B03,8,3,5,50,14,9,1,5,4,5,7,4,4,5,4,5,2,16,2,57,3,10,1,1,7,5,1,8,1,5,,6,6,1,22,9,121.5870506,25.08124987
111,4,22,18,21,2,12內湖區,內湖區內湖路2段308號,0,0,1,2,C03,8,3,5,50,14,9,1,5,4,5,7,4,4,5,4,5,2,16,1,38,2,8,1,1,7,9,1,10,1,11,,43,6,1,22,9,121.5870506,25.08124987
111,4,22,18,21,2,12內湖區,內湖區內湖路2段308號,0,0,1,3,B03,8,3,5,50,14,9,1,5,4,5,7,4,4,5,4,5,2,16,1,54,3,10,3,4,7,14,1,8,1,4,,26,6,1,22,9,121.5870506,25.08124987
111,4,22,18,26,2,06松山區,松山區市民大道4段73-1號,0,0,2,1,C03,8,1,5,40,14,9,1,5,4,5,7,4,4,1,4,5,2,16,1,54,2,9,1,4,7,7,1,10,1,13,,7,7,1,22,9,121.547555,25.04507299
111,4,22,18,26,2,06松山區,松山區市民大道4段73-1號,0,0,2,2,C02,8,1,5,40,14,9,1,5,4,5,7,4,4,1,4,5,2,16,1,47,2,9,1,4,7,9,4,10,1,12,,44,7,1,22,9,121.547555,25.04507299
111,4,22,18,29,2,03中山區,中山區松江路與錦州街口,0,0,1,1,C03,7,3,5,50,4,1,1,5,4,5,7,2,1,1,4,5,2,12,1,25,3,10,3,4,7,5,1,10,1,14,,8,8,1,22,9,121.5331053,25.06033
111,4,22,18,29,2,03中山區,中山區松江路與錦州街口,0,0,1,2,C03,7,3,5,50,4,1,1,5,4,5,7,2,1,1,4,5,2,12,1,36,3,10,3,4,7,9,1,10,1,12,,44,8,1,22,9,121.5331053,25.06033
111,4,22,18,29,2,03中山區,中山區松江路與錦州街口,0,0,1,3,H02,7,3,5,50,4,1,1,5,4,5,7,2,1,1,4,5,2,12,2,24,2,9,4,5,7,17,8,20,10,16,,67,8,1,22,9,121.5331053,25.06033
111,4,22,18,32,2,10文山區,文山區木柵路5段015號燈桿前,0,0,1,1,B03,8,1,5,50,14,9,1,5,4,5,7,4,4,4,3,5,2,16,2,46,3,10,1,1,7,1,1,8,2,8,,19,19,1,22,9,121.5958215,25.0036453
111,4,22,18,32,2,10文山區,文山區木柵路5段015號燈桿前,0,0,1,2,C03,8,1,5,50,14,9,1,5,4,5,7,4,4,4,3,5,2,16,1,31,2,9,1,1,7,9,1,10,2,11,,13,19,1,22,9,121.5958215,25.0036453
111,4,22,18,32,2,10文山區,文山區木柵路5段015號燈桿前,0,0,1,3,G03,8,1,5,50,14,9,1,5,4,5,7,4,4,4,3,5,2,16,1,48,3,10,3,1,7,13,1,3,9,15,,38,19,1,22,9,121.5958215,25.0036453
111,4,22,18,58,2,10文山區,文山區羅斯福路6段166巷與羅斯福路6段166巷8弄口,0,0,1,1,C03,8,3,5,30,3,2,1,5,4,5,7,4,4,10,5,5,2,16,1,37,2,9,1,1,7,5,1,10,1,12,,6,6,1,22,9,121.5406702,24.99492047
111,4,22,18,58,2,10文山區,文山區羅斯福路6段166巷與羅斯福路6段166巷8弄口,0,0,1,2,B03,8,3,5,30,3,2,1,5,4,5,7,4,4,10,5,5,2,16,1,34,3,10,1,1,7,9,1,8,1,7,,13,6,1,22,9,121.5406702,24.99492047
111,4,22,19,5,2,04大安區,大安區復興南路2段208號,0,0,2,1,B03,8,3,5,50,14,9,1,5,4,5,7,2,1,1,4,1,2,17,1,61,3,10,1,1,7,11,1,8,1,5,,10,10,1,22,9,121.5433765,25.02649978
111,4,22,19,5,2,04大安區,大安區復興南路2段208號,0,0,2,2,C03,8,3,5,50,14,9,1,5,4,5,7,2,1,1,4,1,2,17,1,24,2,9,1,1,7,9,1,10,1,11,,44,10,1,22,9,121.5433765,25.02649978
111,4,22,19,5,2,04大安區,大安區復興南路2段208號,0,0,2,3,H02,8,3,5,50,14,9,1,5,4,5,7,2,1,1,4,1,2,17,2,24,2,9,4,5,7,21,8,20,10,16,,67,10,1,22,9,121.5433765,25.02649978
111,4,22,19,35,2,12內湖區,內湖區內湖路2段27號與文德路口,0,0,1,1,C03,8,3,5,50,3,1,1,5,4,5,7,4,4,4,5,5,1,12,1,22,3,10,3,4,7,8,1,10,1,14,,7,7,1,22,9,121.5796497,25.07876877
111,4,22,19,35,2,12內湖區,內湖區內湖路2段27號與文德路口,0,0,1,2,C03,8,3,5,50,3,1,1,5,4,5,7,4,4,4,5,5,1,12,1,37,2,7,3,4,7,9,1,10,1,11,,16,7,1,22,9,121.5796497,25.07876877
111,4,22,19,56,2,12內湖區,內湖區文德路22巷27弄22號,0,0,2,1,C04,8,3,5,30,14,9,1,5,4,5,7,4,4,10,5,5,2,11,1,22,2,9,1,1,7,9,1,11,2,11,,44,44,1,22,9,121.5794005,25.07615606
111,4,22,19,56,2,12內湖區,內湖區文德路22巷27弄22號,0,0,2,2,C03,8,3,5,30,14,9,1,5,4,5,7,4,4,10,5,5,2,11,2,53,2,9,1,1,7,9,1,10,2,11,,5,44,1,22,9,121.5794005,25.07615606
111,4,22,20,20,2,03中山區,中山區建國北路2段與興安街口,0,0,1,1,B03,8,3,5,50,3,1,1,5,4,5,7,1,1,5,4,5,2,1,1,57,4,11,3,4,7,15,7,19,11,15,,15,15,2,22,9,121.5366795,25.05613623
111,4,22,20,20,2,03中山區,中山區建國北路2段與興安街口,0,0,1,2,H01,8,3,5,50,3,1,1,5,4,5,7,1,1,5,4,5,2,1,2,27,2,9,4,5,8,16,8,20,10,16,,67,15,1,22,9,121.5366795,25.05613623
111,4,22,20,24,2,10文山區,文山區萬芳路9號對面,0,0,1,1,B03,8,3,5,50,14,9,1,5,4,5,7,4,4,5,2,5,2,12,1,22,3,10,1,1,7,9,1,8,2,2,,23,23,1,22,9,121.5669445,24.99904673
111,4,22,20,24,2,10文山區,文山區萬芳路9號對面,0,0,1,2,F01,8,3,5,50,14,9,1,5,4,5,7,4,4,5,2,5,2,12,2,54,2,7,1,1,7,9,8,20,2,16,,42,23,1,22,9,121.5669445,24.99904673
111,4,22,20,29,2,10文山區,文山區指南路3段38巷指南國小附近,0,0,2,1,C03,8,3,5,30,11,9,1,5,4,5,7,4,4,10,5,5,1,18,1,18,2,9,1,1,7,9,1,10,2,14,,13,13,1,22,9,121.5825292,24.97942295
111,4,22,20,29,2,10文山區,文山區指南路3段38巷指南國小附近,0,0,2,3,H02,8,3,5,30,11,9,1,5,4,5,7,4,4,10,5,5,1,18,2,43,2,9,4,5,7,17,8,20,10,16,,67,13,1,22,9,121.5825292,24.97942295
111,4,22,20,29,2,10文山區,文山區指南路3段38巷指南國小附近,0,0,2,2,,8,3,5,30,11,9,1,5,4,5,7,4,4,10,5,5,1,18,3,,,,,,,,,,,,,66,13,1,,,121.5825292,24.97942295
111,4,22,20,38,2,08士林區,士林區中山北路6段與忠誠路1段口,0,0,1,1,C03,8,3,5,50,4,2,1,5,4,5,7,2,1,3,4,5,1,16,1,25,2,9,3,4,7,9,1,10,2,14,,27,27,1,22,9,121.5249132,25.10396332
111,4,22,20,38,2,08士林區,士林區中山北路6段與忠誠路1段口,0,0,1,2,B03,8,3,5,50,4,2,1,5,4,5,7,2,1,3,4,5,1,16,1,59,3,10,3,4,7,5,1,8,2,1,,8,27,1,22,9,121.5249132,25.10396332
111,4,22,20,40,2,08士林區,士林區德行東路180號,0,0,2,1,C03,8,3,5,50,14,9,1,5,4,5,7,4,4,5,5,5,2,3,1,72,2,9,1,1,7,9,1,10,1,11,,23,23,1,22,9,121.5308601,25.10858901
111,4,22,20,40,2,08士林區,士林區德行東路180號,0,0,2,2,H01,8,3,5,50,14,9,1,5,4,5,7,4,4,5,5,5,2,3,1,69,2,8,4,5,8,16,8,20,10,16,,52,23,1,22,9,121.5308601,25.10858901
111,4,22,20,55,2,12內湖區,內湖區瑞光路423號,0,0,2,1,C03,8,3,5,50,14,9,1,5,4,5,7,4,4,4,5,5,1,17,1,37,2,9,3,4,7,11,1,10,1,12,,10,10,1,22,9,121.5704884,25.0786624
111,4,22,20,55,2,12內湖區,內湖區瑞光路423號,0,0,2,2,C03,8,3,5,50,14,9,1,5,4,5,7,4,4,4,5,5,1,17,1,19,2,9,3,4,7,9,1,10,1,11,,13,10,1,22,9,121.5704884,25.0786624
111,4,22,21,0,2,05中正區,中正區羅斯福路4段92號,0,0,1,1,C03,8,3,5,50,14,9,1,5,4,3,7,4,4,3,4,5,2,12,2,32,2,9,1,1,7,7,1,10,1,13,,7,7,1,22,9,121.5350946,25.0139058
111,4,22,21,0,2,05中正區,中正區羅斯福路4段92號,0,0,1,2,C03,8,3,5,50,14,9,1,5,4,3,7,4,4,3,4,5,2,12,2,19,3,10,1,1,7,9,1,10,1,11,,13,7,1,22,9,121.5350946,25.0139058
111,4,22,21,0,2,05中正區,中正區羅斯福路4段92號,0,0,1,3,B03,8,3,5,50,14,9,1,5,4,3,7,4,4,3,4,5,2,12,1,45,3,10,1,1,7,1,1,8,1,15,,19,7,1,22,9,121.5350946,25.0139058
111,4,22,21,25,2,04大安區,大安區建國南路1段與仁愛路3段口,0,0,1,1,B03,8,3,5,50,5,2,1,5,4,5,7,2,1,1,4,5,2,16,1,40,3,10,3,4,7,6,1,8,1,6,,25,25,1,22,9,121.5375505,25.03793146
111,4,22,21,25,2,04大安區,大安區建國南路1段與仁愛路3段口,0,0,1,2,C03,8,3,5,50,5,2,1,5,4,5,7,2,1,1,4,5,2,16,2,28,2,9,3,4,7,9,1,10,1,14,,44,25,1,22,9,121.5375505,25.03793146
111,4,22,21,25,2,08士林區,士林區中正路與基河路口,0,0,1,1,C03,8,3,5,50,4,1,1,5,4,5,7,2,1,4,3,5,1,11,2,32,2,8,1,1,7,5,1,10,1,11,,6,6,1,22,9,121.5200861,25.09327923
111,4,22,21,25,2,08士林區,士林區中正路與基河路口,0,0,1,2,B03,8,3,5,50,4,1,1,5,4,5,7,2,1,4,3,5,1,11,1,33,3,10,1,1,7,9,1,8,1,1,,44,6,1,22,9,121.5200861,25.09327923
111,4,22,21,30,2,12內湖區,內湖區行善路與行愛路口口,0,0,1,1,B01,8,3,5,50,4,1,1,5,4,5,7,2,1,3,2,4,2,16,1,53,3,10,1,1,7,5,1,4,2,6,,6,6,1,22,9,121.5826703,25.0606306
111,4,22,21,30,2,12內湖區,內湖區行善路與行愛路口口,0,0,1,2,C03,8,3,5,50,4,1,1,5,4,5,7,2,1,3,2,4,2,16,1,23,2,9,1,1,7,9,1,10,9,11,,23,6,1,22,9,121.5826703,25.0606306
111,4,22,21,34,2,03中山區,中山區八德路2段與龍江路口,0,0,1,1,B03,8,3,5,50,3,1,1,5,4,5,7,1,1,5,4,5,2,16,1,36,3,10,1,1,7,6,1,8,1,6,,9,9,1,22,9,121.5404767,25.04697849
111,4,22,21,34,2,03中山區,中山區八德路2段與龍江路口,0,0,1,2,C03,8,3,5,50,3,1,1,5,4,5,7,1,1,5,4,5,2,16,1,22,2,8,1,1,7,9,1,10,1,14,,13,9,1,22,9,121.5404767,25.04697849
111,4,22,22,19,2,12內湖區,內湖區瑞光路393巷與洲子街口,0,0,2,1,C03,8,3,5,50,4,1,1,5,4,5,7,2,1,5,4,5,2,12,2,58,2,7,1,1,7,5,1,10,1,14,,8,8,1,22,9,121.5735385,25.07902378
111,4,22,22,19,2,12內湖區,內湖區瑞光路393巷與洲子街口,0,0,2,2,B03,8,3,5,50,4,1,1,5,4,5,7,2,1,5,4,5,2,12,1,62,3,10,1,1,7,9,1,8,1,5,,44,8,1,22,9,121.5735385,25.07902378
111,4,22,22,19,2,12內湖區,內湖區瑞光路393巷與洲子街口,0,0,2,3,H02,8,3,5,50,4,1,1,5,4,5,7,2,1,5,4,5,2,12,2,33,2,8,4,5,7,21,8,20,10,16,,67,8,1,22,9,121.5735385,25.07902378
111,4,22,22,26,2,03中山區,中山區民族西路圓山花博前,0,0,1,1,C03,7,3,5,50,14,9,1,5,4,5,7,4,4,5,4,5,2,18,1,24,2,9,1,1,7,9,1,10,1,14,,13,13,1,22,9,121.5217576,25.06844826
111,4,22,22,26,2,03中山區,中山區民族西路圓山花博前,0,0,1,2,,7,3,5,50,14,9,1,5,4,5,7,4,4,5,4,5,2,18,3,,,,,,,,,,,,,67,13,1,,,121.5217576,25.06844826
111,4,22,23,10,2,09北投區,北投區承德路6段331巷,0,0,1,1,C03,7,3,5,40,14,8,1,5,4,5,7,4,4,1,4,4,2,27,2,21,2,9,1,1,7,9,1,10,1,11,,23,23,1,22,9,121.5120585,25.10242866
111,4,22,23,10,2,09北投區,北投區承德路6段331巷,0,0,1,2,,7,3,5,40,14,8,1,5,4,5,7,4,4,1,4,4,2,27,3,,,,,,,,,,,,,66,23,1,,,121.5120585,25.10242866
111,4,22,23,48,2,04大安區,大安區大安路2段與瑞安街23巷口口,0,0,1,1,B01,7,3,5,30,4,1,1,5,4,5,7,2,1,5,5,5,2,16,1,63,3,10,3,4,7,5,1,4,1,8,,8,8,1,22,9,121.54606,25.03106406
111,4,22,23,48,2,04大安區,大安區大安路2段與瑞安街23巷口口,0,0,1,2,C03,7,3,5,30,4,1,1,5,4,5,7,2,1,5,5,5,2,16,1,68,2,8,3,4,7,14,1,10,1,12,,26,8,1,22,9,121.54606,25.03106406
111,4,23,0,15,2,06松山區,松山區市民高架道往內湖(市民高架231),0,0,3,3,A12,8,3,5,80,14,9,1,5,4,3,7,4,4,10,3,5,2,13,1,35,2,9,3,4,7,3,1,3,2,3,,44,23,1,22,9,121.5699574,25.05042638
111,4,23,0,15,2,06松山區,松山區市民高架道往內湖(市民高架231),0,0,3,2,B12,8,3,5,80,14,9,1,5,4,3,7,4,4,10,3,5,2,13,1,28,3,10,3,4,7,13,1,8,2,3,,44,23,1,22,9,121.5699574,25.05042638
111,4,23,0,15,2,06松山區,松山區市民高架道往內湖(市民高架231),0,0,3,1,B03,8,3,5,80,14,9,1,5,4,3,7,4,4,10,3,5,2,13,1,38,2,9,1,4,7,9,1,8,2,1,,23,23,1,22,9,121.5699574,25.05042638
111,4,23,0,15,2,06松山區,松山區市民高架道往內湖(市民高架231),0,0,3,4,H02,8,3,5,80,14,9,1,5,4,3,7,4,4,10,3,5,2,13,2,26,2,9,4,5,7,20,8,20,10,16,,67,23,1,22,9,121.5699574,25.05042638
111,4,23,0,20,2,03中山區,中山區天津街與中山北路1段135巷口,0,0,1,1,B01,7,3,5,30,4,1,1,5,4,5,7,4,4,9,4,5,2,17,1,63,3,10,1,1,7,5,1,4,1,1,,6,6,1,22,9,121.5227145,25.0490752
111,4,23,0,20,2,03中山區,中山區天津街與中山北路1段135巷口,0,0,1,2,C03,7,3,5,30,4,1,1,5,4,5,7,4,4,9,4,5,2,17,2,25,2,9,1,1,7,9,1,10,1,12,,23,6,1,22,9,121.5227145,25.0490752
111,4,23,5,36,2,12內湖區,內湖區文德路66巷與文德路66巷53弄口,0,0,1,1,B03,7,1,5,50,4,1,1,5,4,5,7,3,1,5,5,5,2,15,1,67,3,10,1,1,7,9,1,8,1,2,,6,6,1,22,9,121.5817297,25.07710645
111,4,23,5,36,2,12內湖區,內湖區文德路66巷與文德路66巷53弄口,0,0,1,2,B03,7,1,5,50,4,1,1,5,4,5,7,3,1,5,5,5,2,15,2,52,2,9,1,1,7,9,1,8,1,8,,13,6,1,22,9,121.5817297,25.07710645
111,4,23,7,15,2,09北投區,北投區中山北路7段219巷3弄與中山北路7段219巷3弄口189號旁,0,0,1,1,C03,7,1,5,30,3,1,1,5,4,5,7,4,4,10,5,5,2,18,2,51,2,8,1,1,7,6,1,10,9,12,,42,42,1,22,9,121.530878,25.12966872
111,4,23,7,15,2,09北投區,北投區中山北路7段219巷3弄與中山北路7段219巷3弄口189號旁,0,0,1,2,,7,1,5,30,3,1,1,5,4,5,7,4,4,10,5,5,2,18,3,,,,,,,,,,,,,67,42,1,,,121.530878,25.12966872
111,4,23,7,25,2,03中山區,中山區北安路47號,0,0,2,1,C03,8,1,5,50,14,9,1,5,4,5,7,4,4,1,4,5,2,18,1,26,2,9,1,1,7,9,6,10,1,14,,42,42,1,22,9,121.5283003,25.07753061
111,4,23,7,25,2,03中山區,中山區北安路47號,0,0,2,2,,8,1,5,50,14,9,1,5,4,5,7,4,4,1,4,5,2,18,3,,,,,,,,,,,,,67,42,1,,,121.5283003,25.07753061
111,4,23,7,25,2,03中山區,中山區北安路47號,0,0,2,3,H02,8,1,5,50,14,9,1,5,4,5,7,4,4,1,4,5,2,18,1,24,2,9,1,5,7,20,8,20,10,16,,67,42,1,22,9,121.5283003,25.07753061
111,4,23,7,45,2,11南港區,南港區忠孝東路6段294號,0,0,1,1,B03,8,1,5,50,14,8,1,5,4,5,7,4,4,1,3,4,2,17,1,40,3,10,1,1,7,1,1,8,1,15,,19,19,1,22,9,121.5891668,25.04922683
111,4,23,7,45,2,11南港區,南港區忠孝東路6段294號,0,0,1,2,C03,8,1,5,50,14,8,1,5,4,5,7,4,4,1,3,4,2,17,1,37,2,9,1,1,7,9,1,10,1,14,,13,19,1,22,9,121.5891668,25.04922683
111,4,23,7,50,2,05中正區,中正區中華路2段401號,0,0,2,1,F01,7,1,5,40,14,9,1,5,4,5,7,4,4,5,4,4,2,17,1,80,2,1,1,1,7,7,8,20,11,16,,7,7,1,22,9,121.5082332,25.02592631
111,4,23,7,50,2,05中正區,中正區中華路2段401號,0,0,2,2,C03,7,1,5,40,14,9,1,5,4,5,7,4,4,5,4,4,2,17,1,36,2,9,1,1,7,9,1,10,2,11,,42,7,1,22,9,121.5082332,25.02592631
111,4,23,7,58,2,02萬華區,萬華區環河南路1段與內江街口,0,0,1,1,B03,6,1,5,50,4,1,1,4,4,5,7,1,1,5,4,5,1,12,1,22,3,10,1,1,7,6,1,10,1,2,,27,27,1,22,9,121.5000807,25.04187342
111,4,23,7,58,2,02萬華區,萬華區環河南路1段與內江街口,0,0,1,2,C03,6,1,5,50,4,1,1,4,4,5,7,1,1,5,4,5,1,12,1,38,2,7,1,1,7,9,1,10,1,11,,44,27,1,22,9,121.5000807,25.04187342
111,4,23,8,50,2,04大安區,大安區金山南路2段6號,0,0,1,1,C03,7,1,5,50,14,9,1,5,4,5,7,4,4,1,4,5,2,13,1,29,2,3,1,1,7,12,1,10,1,11,,16,16,1,22,9,121.5271543,25.03372907
111,4,23,8,50,2,04大安區,大安區金山南路2段6號,0,0,1,2,B03,7,1,5,50,14,9,1,5,4,5,7,4,4,1,4,5,2,13,2,57,3,10,1,1,7,12,1,8,1,7,,44,16,1,22,9,121.5271543,25.03372907
111,4,23,8,54,2,04大安區,大安區羅斯福路3段329號,0,0,1,1,C03,8,1,5,50,14,9,1,5,4,5,7,4,4,1,4,5,2,17,1,44,2,9,1,1,7,9,1,10,1,15,,13,13,1,22,9,121.5322992,25.0168147
111,4,23,8,54,2,04大安區,大安區羅斯福路3段329號,0,0,1,2,B03,8,1,5,50,14,9,1,5,4,5,7,4,4,1,4,5,2,17,1,27,3,10,1,1,7,6,1,8,1,15,,9,13,1,22,9,121.5322992,25.0168147
111,4,23,9,0,2,06松山區,松山區南京東路5段與光復北路口,0,0,2,1,C03,8,1,5,50,5,1,1,5,4,5,7,1,1,1,3,5,2,12,1,23,3,10,1,1,7,14,1,10,2,14,,42,42,1,22,9,121.5579083,25.05134758
111,4,23,9,0,2,06松山區,松山區南京東路5段與光復北路口,0,0,2,2,C03,8,1,5,50,5,1,1,5,4,5,7,1,1,1,3,5,2,12,1,30,2,9,1,1,7,9,1,10,2,14,,16,42,1,22,1,121.5579083,25.05134758
111,4,23,9,0,2,06松山區,松山區南京東路5段與光復北路口,0,0,2,3,H02,8,1,5,50,5,1,1,5,4,5,7,1,1,1,3,5,2,12,2,28,2,7,1,5,7,20,8,20,10,16,,67,42,1,22,1,121.5579083,25.05134758
111,4,23,9,40,2,08士林區,士林區仰德大道1段與至誠路1段口,0,0,1,1,B03,8,1,5,40,5,2,1,5,4,5,7,2,1,5,2,5,2,16,1,48,3,10,1,1,7,6,1,8,1,6,,9,9,1,22,9,121.537633,25.10090972
111,4,23,9,40,2,08士林區,士林區仰德大道1段與至誠路1段口,0,0,1,2,C03,8,1,5,40,5,2,1,5,4,5,7,2,1,5,2,5,2,16,1,25,3,10,1,1,7,9,1,10,1,11,,23,9,1,22,9,121.537633,25.10090972
111,4,23,9,40,2,08士林區,士林區仰德大道1段與至誠路1段口,0,0,1,3,H02,8,1,5,40,5,2,1,5,4,5,7,2,1,5,2,5,2,16,2,23,2,9,4,5,7,21,8,20,10,16,,67,9,1,22,9,121.537633,25.10090972