發生年度,發生月,發生日,發生時-Hours,發生分,處理別-編號,區序,肇事地點,死亡人數,2-30日死亡人數,受傷人數,當事人序號,車種,天候,光線,道路類別,速限-速度限制,道路型態,事故位置,路面狀況1,路面狀況2,路面狀況3,道路障礙1,道路障礙2,號誌1,號誌2,車道劃分-分向,車道劃分-分道1,車道劃分-分道2,車道劃分-分道3,事故類型及型態,性別,年齡,受傷程度,主要傷處,安全帽,行動電話,車輛用途,當事者行動狀態,駕駛資格情形,駕駛執照種類,飲酒情形,車輛撞擊部位1,車輛撞擊部位2,肇因碼-個別,肇因碼-主要,個人肇逃否,職業,旅次目的,座標-X,座標-Y
111,4,23,9,50,2,08士林區,士林區中山北路5段707號,0,0,1,1,B03,8,1,5,30,14,9,1,5,4,5,7,4,4,10,5,5,1,17,1,70,3,10,1,1,7,1,1,7,2,15,,19,19,1,22,9,121.5271422,25.09799206
111,4,23,9,50,2,08士林區,士林區中山北路5段707號,0,0,1,2,C03,8,1,5,30,14,9,1,5,4,5,7,4,4,10,5,5,1,17,1,52,2,8,1,1,7,9,1,10,2,12,,44,19,1,22,9,121.5271422,25.09799206
111,4,23,9,50,2,08士林區,士林區中山北路5段707號,0,0,1,3,H02,8,1,5,30,14,9,1,5,4,5,7,4,4,10,5,5,1,17,1,14,3,10,4,5,7,20,8,20,10,16,,67,19,1,22,9,121.5271422,25.09799206
111,4,23,10,30,2,11南港區,南港區研究院路1段126號,0,0,1,1,C03,8,1,5,50,14,9,1,5,4,5,7,4,4,1,4,5,2,13,2,48,2,9,1,1,7,9,1,10,9,12,,17,17,1,22,9,121.6155456,25.04991529
111,4,23,10,30,2,11南港區,南港區研究院路1段126號,0,0,1,2,B03,8,1,5,50,14,9,1,5,4,5,7,4,4,1,4,5,2,13,1,45,3,10,1,1,7,9,1,8,2,7,,17,17,1,22,9,121.6155456,25.04991529
111,4,23,10,35,2,08士林區,士林區忠誠路1段173巷與德行東路190巷口,0,0,1,1,B03,8,1,5,30,4,1,1,5,4,5,7,4,4,10,5,5,1,15,1,85,3,10,1,1,7,9,1,8,1,1,,6,6,1,22,9,121.5313134,25.10806055
111,4,23,10,35,2,08士林區,士林區忠誠路1段173巷與德行東路190巷口,0,0,1,2,C03,8,1,5,30,4,1,1,5,4,5,7,4,4,10,5,5,1,15,1,28,2,9,1,1,7,9,1,10,1,14,,14,6,1,22,9,121.5313134,25.10806055
111,4,23,10,50,2,08士林區,士林區承德路5段與基河路口,0,0,1,1,B03,8,1,5,0,4,1,1,5,4,5,7,1,1,1,4,4,2,17,2,54,3,10,1,1,7,6,1,8,1,2,,9,9,1,22,9,121.5135459,25.0977753
111,4,23,10,50,2,08士林區,士林區承德路5段與基河路口,0,0,1,2,C03,8,1,5,0,4,1,1,5,4,5,7,1,1,1,4,4,2,17,1,38,2,8,1,1,7,9,1,9,1,14,,44,9,1,22,9,121.5135459,25.0977753
111,4,23,10,52,2,05中正區,中正區忠孝東路2段64巷與忠孝東路2段口,0,0,1,1,B03,8,1,5,50,3,2,1,5,4,5,7,4,4,9,5,5,2,13,2,43,3,10,1,1,7,6,1,8,2,5,,23,23,1,22,9,121.5287309,25.04337614
111,4,23,10,52,2,05中正區,中正區忠孝東路2段64巷與忠孝東路2段口,0,0,1,2,C03,8,1,5,50,3,2,1,5,4,5,7,4,4,9,5,5,2,13,1,25,2,9,1,1,7,14,1,10,2,13,,44,23,1,22,9,121.5287309,25.04337614
111,4,23,11,20,2,10文山區,文山區木柵路3段48巷與木柵路3段48巷1弄口口,0,0,1,1,C03,8,1,5,30,3,2,1,5,4,5,7,4,4,8,5,5,1,16,2,58,2,9,1,1,7,5,1,10,2,11,,6,6,1,22,9,121.5655296,24.98796826
111,4,23,11,20,2,10文山區,文山區木柵路3段48巷與木柵路3段48巷1弄口口,0,0,1,2,B03,8,1,5,30,3,2,1,5,4,5,7,4,4,8,5,5,1,16,1,57,3,10,1,1,7,9,1,6,2,4,,44,6,1,22,9,121.5655296,24.98796826
111,4,23,11,23,2,08士林區,士林區延平北路7段176巷延平幹90電桿,0,0,1,1,C03,8,1,5,30,14,9,1,5,4,5,7,4,4,10,5,5,1,17,1,21,2,9,1,1,7,9,1,10,2,11,,23,23,1,22,9,121.4919967,25.10058665
111,4,23,11,23,2,08士林區,士林區延平北路7段176巷延平幹90電桿,0,0,1,2,B03,8,1,5,30,14,9,1,5,4,5,7,4,4,10,5,5,1,17,1,67,3,10,1,1,7,14,1,8,2,8,,44,23,1,22,9,121.4919967,25.10058665
111,4,23,11,24,2,01大同區,大同區民權西路102巷4弄與民權西路102巷口,0,0,2,1,C03,8,1,5,30,4,1,1,5,4,5,7,4,4,10,5,5,2,15,1,62,2,9,1,1,7,9,3,18,1,11,,6,6,1,22,9,121.5176983,25.06157907
111,4,23,11,24,2,01大同區,大同區民權西路102巷4弄與民權西路102巷口,0,0,2,2,C03,8,1,5,30,4,1,1,5,4,5,7,4,4,10,5,5,2,15,2,26,2,9,1,1,7,9,1,10,1,12,,13,6,1,22,9,121.5176983,25.06157907
111,4,23,11,28,2,08士林區,士林區仰德大道4段與仁民路口,0,0,1,1,B03,8,1,5,40,3,1,1,5,4,5,7,4,4,5,5,5,1,16,1,52,3,10,3,4,7,6,1,8,1,2,,9,9,1,22,9,121.5458393,25.1340313
111,4,23,11,28,2,08士林區,士林區仰德大道4段與仁民路口,0,0,1,2,C03,8,1,5,40,3,1,1,5,4,5,7,4,4,5,5,5,1,16,1,22,2,7,3,4,7,9,1,10,1,14,,44,9,1,22,9,121.5458393,25.1340313
111,4,23,11,36,2,07信義區,信義區吳興街252號,0,0,1,1,F01,8,1,8,0,15,20,2,5,4,5,7,4,4,8,3,5,2,17,2,50,2,8,1,1,7,9,8,20,1,16,,23,23,1,22,9,121.5629108,25.02751054
111,4,23,11,36,2,07信義區,信義區吳興街252號,0,0,1,2,F01,8,1,8,0,15,20,2,5,4,5,7,4,4,8,3,5,2,17,2,63,3,10,1,1,7,9,8,20,1,16,,23,23,1,22,9,121.5629108,25.02751054
111,4,23,11,40,2,07信義區,信義區忠孝東路5段790巷25弄與忠孝東路5段790巷口,0,0,1,1,C03,8,1,5,30,4,1,1,5,4,4,3,4,4,10,5,5,1,17,1,41,2,9,1,1,7,1,1,10,1,11,,19,19,1,22,9,121.5827261,25.04239187
111,4,23,11,40,2,07信義區,信義區忠孝東路5段790巷25弄與忠孝東路5段790巷口,0,0,1,2,C03,8,1,5,30,4,1,1,5,4,4,3,4,4,10,5,5,1,17,1,23,3,10,1,1,7,9,1,9,1,14,,46,19,1,22,9,121.5827261,25.04239187
111,4,23,11,49,2,01大同區,大同區延平北路4段與延平北路4段294巷口,0,0,2,1,C03,8,1,5,50,3,1,1,5,4,5,7,1,1,1,4,5,2,13,1,42,2,8,3,4,7,9,1,10,1,11,,23,23,1,22,9,121.5120992,25.07717034
111,4,23,11,49,2,01大同區,大同區延平北路4段與延平北路4段294巷口,0,0,2,2,C03,8,1,5,50,3,1,1,5,4,5,7,1,1,1,4,5,2,13,1,26,2,9,3,4,7,12,1,10,1,13,,44,23,1,22,9,121.5120992,25.07717034
111,4,23,11,51,2,03中山區,中山區龍江路356巷67號,0,0,1,1,B03,8,1,5,30,14,9,1,5,4,5,7,4,4,4,5,5,1,12,2,60,3,10,3,4,7,9,1,8,2,5,,17,17,1,22,9,121.5381511,25.06602133
111,4,23,11,51,2,03中山區,中山區龍江路356巷67號,0,0,1,2,C03,8,1,5,30,14,9,1,5,4,5,7,4,4,4,5,5,1,12,2,49,2,8,3,4,7,1,1,10,2,14,,19,17,1,22,9,121.5381511,25.06602133
111,4,23,11,57,2,02萬華區,萬華區中興橋往台北市機車道下橋處,0,0,3,1,C03,8,1,5,40,14,11,1,5,4,5,7,4,4,10,5,5,2,13,1,32,2,9,1,1,7,9,1,10,1,11,,23,23,1,22,9,121.500395,25.04366957
111,4,23,11,57,2,02萬華區,萬華區中興橋往台北市機車道下橋處,0,0,3,2,C03,8,1,5,40,14,11,1,5,4,5,7,4,4,10,5,5,2,13,1,49,3,10,1,1,7,12,1,10,1,13,,44,23,1,22,9,121.500395,25.04366957
111,4,23,11,57,2,02萬華區,萬華區中興橋往台北市機車道下橋處,0,0,3,4,H02,8,1,5,40,14,11,1,5,4,5,7,4,4,10,5,5,2,13,1,2,2,9,4,5,7,20,8,20,10,16,,67,23,1,22,9,121.500395,25.04366957
111,4,23,11,57,2,02萬華區,萬華區中興橋往台北市機車道下橋處,0,0,3,3,H02,8,1,5,40,14,11,1,5,4,5,7,4,4,10,5,5,2,13,2,30,2,9,4,5,7,20,8,20,10,16,,67,23,1,22,9,121.500395,25.04366957
111,4,23,12,8,2,02萬華區,萬華區中興橋往台北市(機車道),0,0,2,1,C03,8,1,5,40,14,11,1,5,4,5,7,4,4,10,5,5,1,13,2,32,2,9,1,1,7,9,1,10,1,11,,23,23,1,22,9,121.5001643,25.04274728
111,4,23,12,8,2,02萬華區,萬華區中興橋往台北市(機車道),0,0,2,2,C03,8,1,5,40,14,11,1,5,4,5,7,4,4,10,5,5,1,13,1,70,2,9,1,1,7,9,3,18,1,11,,23,23,1,22,9,121.5001643,25.04274728
111,4,23,12,8,2,02萬華區,萬華區中興橋往台北市(機車道),0,0,2,3,C03,8,1,5,40,14,11,1,5,4,5,7,4,4,10,5,5,1,13,1,49,3,10,1,1,7,13,1,10,1,13,,42,23,1,22,9,121.5001643,25.04274728
111,4,23,12,20,2,10文山區,文山區政大一街57號,0,0,1,1,C03,8,1,5,30,14,9,1,5,4,5,7,4,4,9,5,5,2,13,2,34,2,9,1,1,7,9,1,10,1,11,,23,23,1,22,9,121.5809568,24.9850778
111,4,23,12,20,2,10文山區,文山區政大一街57號,0,0,1,2,B03,8,1,5,30,14,9,1,5,4,5,7,4,4,9,5,5,2,13,1,56,3,10,1,1,7,9,1,8,1,6,,44,23,1,22,9,121.5809568,24.9850778
111,4,23,12,25,2,03中山區,中山區民權東路2段與中原街口,0,0,3,1,C03,8,1,5,50,4,1,1,5,4,5,7,2,1,1,4,5,2,15,1,19,2,9,1,4,7,9,1,10,1,11,,25,25,1,22,9,121.5289692,25.0626746
111,4,23,12,25,2,03中山區,中山區民權東路2段與中原街口,0,0,3,2,C03,8,1,5,50,4,1,1,5,4,5,7,2,1,1,4,5,2,15,1,43,2,9,1,4,7,9,1,10,1,14,,44,25,1,22,9,121.5289692,25.0626746
111,4,23,12,25,2,03中山區,中山區民權東路2段與中原街口,0,0,3,3,H02,8,1,5,50,4,1,1,5,4,5,7,2,1,1,4,5,2,15,2,20,2,9,1,4,7,20,8,20,10,16,,67,25,1,22,9,121.5289692,25.0626746
111,4,23,12,39,2,01大同區,大同區承德路3段82號,0,0,1,1,B01,8,1,5,50,14,9,1,5,4,5,7,4,4,9,4,5,1,12,1,60,3,10,1,1,7,10,1,8,1,5,,7,7,1,22,9,121.5180891,25.0661862
111,4,23,12,39,2,01大同區,大同區承德路3段82號,0,0,1,2,C03,8,1,5,50,14,9,1,5,4,5,7,4,4,9,4,5,1,12,2,42,2,9,1,1,7,9,1,10,1,14,,44,7,1,22,9,121.5180891,25.0661862
111,4,23,12,39,2,04大安區,大安區敦化南路1段185號,0,0,1,1,C03,8,1,5,50,14,9,1,5,4,5,7,4,4,1,4,5,1,12,1,72,2,9,3,4,7,21,1,10,1,14,,43,43,1,22,9,121.5491056,25.04309388
111,4,23,12,39,2,04大安區,大安區敦化南路1段185號,0,0,1,2,B12,8,1,5,50,14,9,1,5,4,5,7,4,4,1,4,5,1,12,2,67,3,10,3,4,7,9,1,8,2,2,,43,43,1,22,9,121.5491056,25.04309388
111,4,23,13,10,2,04大安區,大安區復興南路2段155號,0,0,1,1,C03,8,1,5,50,14,7,1,5,4,5,7,2,1,1,4,4,2,13,1,23,2,7,1,1,7,9,1,10,1,11,,23,23,1,22,9,121.54357,25.02829621
111,4,23,13,10,2,04大安區,大安區復興南路2段155號,0,0,1,2,B03,8,1,5,50,14,7,1,5,4,5,7,2,1,1,4,4,2,13,1,29,3,10,1,1,7,14,1,8,1,3,,44,23,1,22,9,121.54357,25.02829621
111,4,23,13,11,2,03中山區,中山區長安東路2段與八德路2段167巷口,0,0,1,1,C03,8,1,5,50,3,1,1,5,4,5,7,4,4,5,4,5,2,17,2,32,2,9,1,1,7,5,1,10,1,13,,8,8,1,22,9,121.5379871,25.04835946
111,4,23,13,11,2,03中山區,中山區長安東路2段與八德路2段167巷口,0,0,1,2,B01,8,1,5,50,3,1,1,5,4,5,7,4,4,5,4,5,2,17,1,56,3,10,1,1,7,9,1,4,1,8,,23,8,1,22,9,121.5379871,25.04835946
111,4,23,13,21,2,04大安區,大安區基隆路4段43號,0,0,1,1,B02,8,1,5,50,14,7,1,5,4,5,7,4,4,1,4,4,2,13,2,55,3,10,1,1,7,9,1,8,9,1,,43,43,1,21,8,121.5411669,25.01434456
111,4,23,13,21,2,04大安區,大安區基隆路4段43號,0,0,1,2,C03,8,1,5,50,14,7,1,5,4,5,7,4,4,1,4,4,2,13,1,40,2,9,1,1,7,9,1,10,9,13,,43,43,1,21,8,121.5411669,25.01434456
111,4,23,13,21,2,04大安區,大安區基隆路4段43號,0,0,1,3,,8,1,5,50,14,7,1,5,4,5,7,4,4,1,4,4,2,13,3,,,,,,,,,,9,,,67,43,1,,,121.5411669,25.01434456
111,4,23,13,45,2,03中山區,中山區中山北路3段與民權西路口,0,0,2,1,C03,8,1,5,50,4,1,1,5,4,1,7,2,1,1,4,5,2,12,1,31,2,9,1,4,7,7,1,9,1,14,,7,7,1,22,9,121.5226944,25.06251774
111,4,23,13,45,2,03中山區,中山區中山北路3段與民權西路口,0,0,2,2,B01,8,1,5,50,4,1,1,5,4,1,7,2,1,1,4,5,2,12,1,62,3,10,3,4,7,7,1,4,1,2,,44,7,1,22,9,121.5226944,25.06251774
111,4,23,13,45,2,03中山區,中山區中山北路3段與民權西路口,0,0,2,3,H02,8,1,5,50,4,1,1,5,4,1,7,2,1,1,4,5,2,12,2,30,2,9,1,4,7,20,8,20,10,16,,67,7,1,22,9,121.5226944,25.06251774
111,4,23,13,45,2,03中山區,中山區中山北路3段與民權西路口,0,0,2,4,H03,8,1,5,50,4,1,1,5,4,1,7,2,1,1,4,5,2,12,1,39,3,10,4,5,8,20,8,20,10,16,,60,7,1,22,9,121.5226944,25.06251774
111,4,23,14,42,2,05中正區,中正區公園路與愛國西路口,0,0,1,1,B01,8,1,5,50,4,1,1,5,4,5,7,1,1,9,4,5,2,17,1,67,3,10,1,1,7,6,1,4,2,15,,9,9,1,22,9,121.5146292,25.03491511
111,4,23,14,42,2,05中正區,中正區公園路與愛國西路口,0,0,1,2,C03,8,1,5,50,4,1,1,5,4,5,7,1,1,9,4,5,2,17,1,16,2,9,1,1,7,9,2,18,2,14,,42,9,1,22,9,121.5146292,25.03491511
111,4,23,14,44,2,09北投區,北投區光明路164號,0,0,1,1,C03,8,1,5,50,14,9,1,5,4,5,7,4,4,5,5,5,2,3,2,20,3,10,1,1,7,9,1,10,1,11,,23,23,1,22,9,121.5025308,25.13496726
111,4,23,14,44,2,09北投區,北投區光明路164號,0,0,1,2,H01,8,1,5,50,14,9,1,5,4,5,7,4,4,5,5,5,2,3,2,69,2,9,4,5,8,16,8,20,1,16,,51,23,1,22,9,121.5025308,25.13496726
111,4,23,15,24,2,01大同區,大同區承德路3段129巷與承德路3段口,0,0,1,1,C03,8,1,5,50,4,1,1,5,4,5,7,2,1,1,4,5,2,16,2,32,2,9,3,4,7,5,1,10,2,14,,8,8,1,22,9,121.5184266,25.06726587
111,4,23,15,24,2,01大同區,大同區承德路3段129巷與承德路3段口,0,0,1,2,B03,8,1,5,50,4,1,1,5,4,5,7,2,1,1,4,5,2,16,2,65,3,10,3,4,7,9,1,8,2,2,,44,8,1,22,9,121.5184266,25.06726587
111,4,23,15,33,2,03中山區,中山區市民高架道與松江路口東往西401號燈桿處,0,0,1,1,B03,8,1,5,80,14,9,1,5,4,5,7,4,4,1,4,5,2,13,1,51,3,10,3,4,7,9,1,4,1,5,,16,16,1,22,9,121.5315698,25.04598012
111,4,23,15,33,2,03中山區,中山區市民高架道與松江路口東往西401號燈桿處,0,0,1,2,C02,8,1,5,80,14,9,1,5,4,5,7,4,4,1,4,5,2,13,1,42,2,9,1,4,7,9,1,9,1,13,,44,16,1,22,9,121.5315698,25.04598012
111,4,23,15,42,2,02萬華區,萬華區成都路133巷與成都路口口,0,0,1,1,B02,8,1,5,50,3,1,1,5,4,5,7,2,1,10,4,5,2,16,1,24,3,10,1,4,7,6,1,8,1,5,,9,9,1,22,9,121.503569,25.04335773
111,4,23,15,42,2,02萬華區,萬華區成都路133巷與成都路口口,0,0,1,2,C03,8,1,5,50,3,1,1,5,4,5,7,2,1,10,4,5,2,16,2,59,2,9,1,4,7,9,1,10,1,14,,44,9,1,22,9,121.503569,25.04335773
111,4,23,15,42,2,02萬華區,萬華區成都路133巷與成都路口口,0,0,1,3,B03,8,1,5,50,3,1,1,5,4,5,7,2,1,10,4,5,2,16,2,65,3,10,1,1,7,14,1,8,1,15,,38,9,1,22,9,121.503569,25.04335773
111,4,23,15,50,2,03中山區,中山區南京東路2段與新生北路2段口,0,0,1,1,C03,8,1,5,50,4,1,1,5,4,5,7,1,1,1,3,4,1,13,1,32,2,9,3,4,7,9,1,10,1,11,,16,16,1,22,9,121.5279427,25.05215966
111,4,23,15,50,2,03中山區,中山區南京東路2段與新生北路2段口,0,0,1,2,B01,8,1,5,50,4,1,1,5,4,5,7,1,1,1,3,4,1,13,1,64,3,10,3,4,7,9,1,8,1,3,,42,16,1,22,9,121.5279427,25.05215966
111,4,23,16,0,2,03中山區,中山區市民大道2段與天津街口,0,0,4,1,C03,8,1,5,40,4,1,1,5,4,5,7,2,1,1,4,5,2,16,1,28,2,9,1,1,7,5,1,10,1,14,,8,8,1,22,9,121.5224129,25.04802792
111,4,23,16,0,2,03中山區,中山區市民大道2段與天津街口,0,0,4,2,C03,8,1,5,40,4,1,1,5,4,5,7,2,1,1,4,5,2,16,2,49,2,9,1,1,7,9,1,10,1,11,,44,8,1,22,9,121.5224129,25.04802792
111,4,23,16,0,2,03中山區,中山區市民大道2段與天津街口,0,0,4,3,H02,8,1,5,40,4,1,1,5,4,5,7,2,1,1,4,5,2,16,2,28,2,9,1,5,7,20,8,20,10,16,,67,8,1,22,9,121.5224129,25.04802792
111,4,23,16,0,2,03中山區,中山區市民大道2段與天津街口,0,0,4,4,H02,8,1,5,40,4,1,1,5,4,5,7,2,1,1,4,5,2,16,1,11,2,9,1,5,7,20,8,20,10,16,,67,8,1,22,9,121.5224129,25.04802792
111,4,23,16,21,2,10文山區,文山區指南路3段與指南路3段38巷口,0,0,1,1,B03,8,1,5,30,3,2,1,5,4,5,7,4,4,10,5,5,2,16,1,37,3,10,3,4,7,6,1,8,1,2,,9,9,1,22,9,121.5825248,24.97937607
111,4,23,16,21,2,10文山區,文山區指南路3段與指南路3段38巷口,0,0,1,2,C03,8,1,5,30,3,2,1,5,4,5,7,4,4,10,5,5,2,16,1,19,2,8,3,4,7,9,1,10,1,11,,23,9,1,22,9,121.5825248,24.97937607
111,4,23,16,24,2,02萬華區,萬華區西園路2段140巷與艋舺大道口,0,0,2,2,C03,8,1,5,50,4,1,1,5,4,5,7,2,1,9,4,5,2,17,1,48,2,9,1,1,7,9,1,10,1,11,,32,6,1,22,9,121.4948822,25.0316406
111,4,23,16,24,2,02萬華區,萬華區西園路2段140巷與艋舺大道口,0,0,2,3,H02,8,1,5,50,4,1,1,5,4,5,7,2,1,9,4,5,2,17,1,9,2,8,1,1,7,20,8,20,10,16,,67,6,1,22,9,121.4948822,25.0316406
111,4,23,16,24,2,02萬華區,萬華區西園路2段140巷與艋舺大道口,0,0,2,1,B03,8,1,5,50,4,1,1,5,4,5,7,2,1,9,4,5,2,17,2,27,3,10,1,1,7,5,1,8,1,2,,6,6,1,22,9,121.4948822,25.0316406
111,4,23,16,43,2,01大同區,大同區長安西路與西寧北路口,0,0,3,1,C03,8,1,5,50,4,1,1,5,4,5,7,2,1,4,4,5,2,16,1,71,2,9,3,4,7,5,1,10,1,12,,8,8,1,22,9,121.5086339,25.05199787
111,4,23,16,43,2,01大同區,大同區長安西路與西寧北路口,0,0,3,2,C03,8,1,5,50,4,1,1,5,4,5,7,2,1,4,4,5,2,16,2,30,2,9,3,4,7,9,1,10,1,11,,44,8,1,22,9,121.5086339,25.05199787
111,4,23,16,43,2,01大同區,大同區長安西路與西寧北路口,0,0,3,3,H02,8,1,5,50,4,1,1,5,4,5,7,2,1,4,4,5,2,16,2,35,2,9,4,5,7,20,8,20,10,16,,67,8,1,22,9,121.5086339,25.05199787
111,4,23,17,13,2,04大安區,大安區基隆路2段與敦化南路2段口,0,0,1,1,C03,8,1,5,50,5,1,1,5,4,5,7,2,1,1,4,5,2,13,1,44,2,9,1,1,7,9,1,10,1,11,,16,16,1,22,9,121.5490527,25.02137291
111,4,23,17,13,2,04大安區,大安區基隆路2段與敦化南路2段口,0,0,1,2,B03,8,1,5,50,5,1,1,5,4,5,7,2,1,1,4,5,2,13,1,58,3,10,1,1,7,14,1,8,1,3,,44,16,1,22,9,121.5490527,25.02137291
111,4,23,18,0,2,01大同區,大同區重慶北路3段298號,0,0,1,1,B03,8,1,5,50,14,9,1,5,4,5,7,4,4,1,4,5,2,17,1,63,3,10,3,4,7,8,1,8,1,15,,7,7,1,22,9,121.5137557,25.07376012
111,4,23,18,0,2,01大同區,大同區重慶北路3段298號,0,0,1,2,C03,8,1,5,50,14,9,1,5,4,5,7,4,4,1,4,5,2,17,1,28,2,9,1,1,7,9,1,10,1,15,,23,7,1,22,9,121.5137557,25.07376012
111,4,23,18,39,2,11南港區,南港區南港路2段117號,0,0,3,1,C03,8,3,5,40,14,8,1,5,4,5,7,4,4,4,3,4,2,13,2,43,2,7,3,4,7,9,1,10,1,12,,23,23,1,22,9,121.5966849,25.05430256
111,4,23,18,39,2,11南港區,南港區南港路2段117號,0,0,3,2,C03,8,3,5,40,14,8,1,5,4,5,7,4,4,4,3,4,2,13,2,44,2,9,3,4,7,9,1,10,1,11,,44,23,1,22,9,121.5966849,25.05430256
111,4,23,18,39,2,11南港區,南港區南港路2段117號,0,0,3,3,C03,8,3,5,40,14,8,1,5,4,5,7,4,4,4,3,4,2,13,1,19,2,8,3,4,7,9,1,10,1,14,,44,23,1,22,9,121.5966849,25.05430256
111,4,23,18,39,2,11南港區,南港區南港路2段117號,0,0,3,4,C03,8,3,5,40,14,8,1,5,4,5,7,4,4,4,3,4,2,13,1,54,3,10,3,4,7,13,1,10,1,15,,44,23,1,22,9,121.5966849,25.05430256
111,4,23,18,48,2,10文山區,文山區興隆路2段與興隆路2段220巷口,0,0,2,1,C03,8,3,5,50,4,1,1,5,4,5,7,2,1,1,4,5,2,3,1,51,2,9,1,1,7,9,1,10,1,11,,25,25,1,22,9,121.5526699,25.00148889
111,4,23,18,48,2,10文山區,文山區興隆路2段與興隆路2段220巷口,0,0,2,2,H01,8,3,5,50,4,1,1,5,4,5,7,2,1,1,4,5,2,3,1,65,2,9,4,5,8,16,8,20,10,16,,67,25,1,22,9,121.5526699,25.00148889
111,4,23,18,53,2,03中山區,中山區松江路與松江路25巷口,0,0,2,1,C03,7,3,5,50,4,1,1,5,4,5,7,2,1,1,4,5,2,12,1,41,2,9,3,4,7,6,1,10,1,12,,9,9,1,22,9,121.5330693,25.04709329
111,4,23,18,53,2,03中山區,中山區松江路與松江路25巷口,0,0,2,2,C03,7,3,5,50,4,1,1,5,4,5,7,2,1,1,4,5,2,12,1,38,2,9,3,4,7,9,1,10,1,14,,23,9,1,22,9,121.5330693,25.04709329
111,4,23,19,12,2,11南港區,南港區研究院路2段108號,0,0,1,1,C04,8,3,5,50,14,9,1,5,4,5,6,4,4,3,4,5,2,17,2,31,2,9,1,4,7,7,1,8,1,14,,7,7,1,22,9,121.6164063,25.04252475
111,4,23,19,12,2,11南港區,南港區研究院路2段108號,0,0,1,2,B01,8,3,5,50,14,9,1,5,4,5,6,4,4,3,4,5,2,17,1,59,3,10,1,4,7,9,1,4,1,2,,44,7,1,22,9,121.6164063,25.04252475
111,4,23,19,12,2,11南港區,南港區研究院路2段108號,0,0,1,3,A02,8,3,5,50,14,9,1,5,4,5,6,4,4,3,4,5,2,17,1,57,3,10,1,4,7,14,1,2,1,7,,44,7,1,22,9,121.6164063,25.04252475
111,4,23,19,19,2,03中山區,中山區民生東路1段23巷與林森北路口,0,0,1,1,A02,8,3,5,50,4,2,1,5,4,5,7,4,4,4,5,5,1,9,1,59,3,10,3,4,7,9,1,2,11,15,,43,43,1,22,9,121.5255289,25.05920877
111,4,23,19,19,2,03中山區,中山區民生東路1段23巷與林森北路口,0,0,1,2,H02,8,3,5,50,4,2,1,5,4,5,7,4,4,4,5,5,1,9,2,70,2,9,4,5,7,17,8,20,10,15,,67,43,1,22,9,121.5255289,25.05920877
111,4,23,19,19,2,04大安區,大安區延吉街與光復南路308巷口,0,0,1,1,C03,8,3,5,30,4,1,1,5,4,5,7,4,4,9,4,5,2,17,1,23,2,9,3,4,7,5,1,10,1,14,,6,6,1,22,9,121.555139,25.03891989
111,4,23,19,19,2,04大安區,大安區延吉街與光復南路308巷口,0,0,1,2,B03,8,3,5,30,4,1,1,5,4,5,7,4,4,9,4,5,2,17,1,22,3,10,3,4,7,9,1,8,1,1,,23,6,1,22,9,121.555139,25.03891989
111,4,23,19,19,2,04大安區,大安區延吉街與光復南路308巷口,0,0,1,3,B01,8,3,5,30,4,1,1,5,4,5,7,4,4,9,4,5,2,17,1,57,3,10,3,4,7,14,1,4,1,5,,38,6,1,22,9,121.555139,25.03891989
111,4,23,19,38,2,12內湖區,內湖區內湖路1段591巷與內湖路1段口,0,0,1,1,C03,8,3,5,50,3,1,1,5,4,5,6,1,1,1,5,4,2,11,1,22,2,9,1,1,7,5,1,10,2,11,,8,8,1,22,9,121.5731348,25.08083915
111,4,23,19,38,2,12內湖區,內湖區內湖路1段591巷與內湖路1段口,0,0,1,2,B03,8,3,5,50,3,1,1,5,4,5,6,1,1,1,5,4,2,11,1,40,3,10,1,1,7,9,1,8,2,8,,13,8,1,22,9,121.5731348,25.08083915
111,4,23,19,47,2,06松山區,松山區八德路3段與八德路3段12巷口,0,0,1,1,B03,8,3,5,50,3,1,1,5,4,5,7,2,1,4,4,5,2,16,2,59,3,10,1,1,7,5,1,8,1,2,,8,8,1,22,9,121.5507225,25.0481883
111,4,23,19,47,2,06松山區,松山區八德路3段與八德路3段12巷口,0,0,1,2,C03,8,3,5,50,3,1,1,5,4,5,7,2,1,4,4,5,2,16,1,20,2,8,1,1,7,9,1,10,1,11,,44,8,1,22,9,121.5507225,25.0481883
111,4,23,20,37,2,08士林區,士林區中山北路7段82巷與天母東路69巷口,0,0,1,1,B03,8,3,5,30,3,1,1,5,4,5,7,3,1,10,5,5,2,17,2,24,3,10,3,4,7,5,1,8,1,1,,6,6,1,22,9,121.532927,25.12107899
111,4,23,20,37,2,08士林區,士林區中山北路7段82巷與天母東路69巷口,0,0,1,2,F03,8,3,5,30,3,1,1,5,4,5,7,3,1,10,5,5,2,17,2,31,2,8,1,1,7,9,8,20,1,16,,42,6,1,22,9,121.532927,25.12107899
111,4,23,21,0,2,03中山區,中山區建國北路2段與錦州街口,0,0,1,1,B12,8,3,5,50,4,1,1,5,4,5,7,1,1,5,5,5,2,16,1,34,3,10,1,1,7,5,1,8,1,8,,8,8,1,22,9,121.5371849,25.06036692
111,4,23,21,0,2,03中山區,中山區建國北路2段與錦州街口,0,0,1,2,F01,8,3,5,50,4,1,1,5,4,5,7,1,1,5,5,5,2,16,2,70,2,1,1,1,7,11,8,20,1,16,,11,8,1,22,9,121.5371849,25.06036692