發生年度,發生月,發生日,發生時-Hours,發生分,處理別-編號,區序,肇事地點,死亡人數,2-30日死亡人數,受傷人數,當事人序號,車種,天候,光線,道路類別,速限-速度限制,道路型態,事故位置,路面狀況1,路面狀況2,路面狀況3,道路障礙1,道路障礙2,號誌1,號誌2,車道劃分-分向,車道劃分-分道1,車道劃分-分道2,車道劃分-分道3,事故類型及型態,性別,年齡,受傷程度,主要傷處,安全帽,行動電話,車輛用途,當事者行動狀態,駕駛資格情形,駕駛執照種類,飲酒情形,車輛撞擊部位1,車輛撞擊部位2,肇因碼-個別,肇因碼-主要,個人肇逃否,職業,旅次目的,座標-X,座標-Y
111,4,23,21,21,2,07信義區,信義區松德路與信義路5段151巷口口,0,0,1,1,B03,8,3,5,40,11,9,1,5,4,5,7,4,4,9,2,4,2,17,2,30,3,10,3,4,7,6,1,8,1,8,,5,5,1,22,9,121.5744195,25.03157071
111,4,23,21,21,2,07信義區,信義區松德路與信義路5段151巷口口,0,0,1,2,C03,8,3,5,40,11,9,1,5,4,5,7,4,4,9,2,4,2,17,1,72,3,10,3,4,7,9,1,10,1,11,,23,5,1,22,9,121.5744195,25.03157071
111,4,23,21,21,2,07信義區,信義區松德路與信義路5段151巷口口,0,0,1,3,H02,8,3,5,40,11,9,1,5,4,5,7,4,4,9,2,4,2,17,2,71,2,7,3,4,7,21,8,20,10,16,,67,5,1,22,9,121.5744195,25.03157071
111,4,23,22,20,2,10文山區,文山區羅斯福路4段與基隆路4段口,0,0,1,1,B03,8,3,5,50,5,2,1,5,4,5,7,1,1,1,4,1,2,16,2,56,3,10,1,1,7,6,1,8,1,2,,9,9,1,22,9,121.5370832,25.01083875
111,4,23,22,20,2,10文山區,文山區羅斯福路4段與基隆路4段口,0,0,1,2,C03,8,3,5,50,5,2,1,5,4,5,7,1,1,1,4,1,2,16,2,20,2,9,1,1,7,9,1,10,1,14,,44,9,1,22,9,121.5370832,25.01083875
111,4,23,22,48,2,02萬華區,萬華區桂林路242巷與桂林路244巷口,0,0,2,1,C03,8,3,5,50,3,2,1,5,4,5,7,1,1,9,4,5,1,17,4,,4,11,3,4,7,15,7,19,11,15,,43,43,2,22,9,121.4954493,25.03834297
111,4,23,22,48,2,02萬華區,萬華區桂林路242巷與桂林路244巷口,0,0,2,2,C03,8,3,5,50,3,2,1,5,4,5,7,1,1,9,4,5,1,17,2,22,2,9,1,1,7,9,3,18,9,11,,44,43,1,22,9,121.4954493,25.03834297
111,4,23,22,48,2,02萬華區,萬華區桂林路242巷與桂林路244巷口,0,0,2,3,H02,8,3,5,50,3,2,1,5,4,5,7,1,1,9,4,5,1,17,2,21,2,9,1,5,7,20,8,20,10,16,,67,43,1,22,9,121.4954493,25.03834297
111,4,24,0,58,2,07信義區,信義區吳興街與吳興街99巷口,0,0,3,1,C03,8,3,5,50,3,1,1,5,4,5,7,4,4,9,4,5,1,16,1,45,2,9,3,4,7,5,1,10,1,11,,6,6,1,22,9,121.5608596,25.03043002
111,4,24,0,58,2,07信義區,信義區吳興街與吳興街99巷口,0,0,3,2,C03,8,3,5,50,3,1,1,5,4,5,7,4,4,9,4,5,1,16,2,30,2,9,3,4,7,9,1,10,1,11,,14,6,1,22,9,121.5608596,25.03043002
111,4,24,0,58,2,07信義區,信義區吳興街與吳興街99巷口,0,0,3,3,H02,8,3,5,50,3,1,1,5,4,5,7,4,4,9,4,5,1,16,1,32,2,8,3,5,7,20,8,20,10,16,,67,6,1,22,9,121.5608596,25.03043002
111,4,24,8,20,2,05中正區,中正區汀州路1段302號,0,0,1,1,B12,8,1,5,50,14,9,1,5,4,3,5,4,4,8,4,5,1,16,1,48,3,10,1,1,7,11,1,6,2,8,,10,10,1,22,9,121.5116887,25.02681322
111,4,24,8,20,2,05中正區,中正區汀州路1段302號,0,0,1,2,C03,8,1,5,50,14,9,1,5,4,3,5,4,4,8,4,5,1,16,1,21,2,9,1,1,7,9,1,10,2,11,,13,10,1,22,9,121.5116887,25.02681322
111,4,24,8,20,2,05中正區,中正區汀州路1段302號,0,0,1,3,B03,8,1,5,50,14,9,1,5,4,3,5,4,4,8,4,5,1,16,1,47,3,10,1,1,7,14,1,3,11,15,,44,10,1,22,9,121.5116887,25.02681322
111,4,24,8,45,2,07信義區,信義區松仁路228巷5號,0,0,1,1,B03,8,1,5,30,3,2,1,5,4,5,7,4,4,10,5,5,2,16,1,24,3,10,1,1,7,5,1,8,1,4,,6,6,1,22,9,121.568679,25.0253641
111,4,24,8,45,2,07信義區,信義區松仁路228巷5號,0,0,1,2,C03,8,1,5,30,3,2,1,5,4,5,7,4,4,10,5,5,2,16,1,50,2,7,1,1,7,9,1,10,1,12,,14,6,1,22,9,121.568679,25.0253641
111,4,24,8,55,2,08士林區,士林區社中街251巷4號,0,0,1,1,B03,8,1,5,30,14,9,1,5,4,5,7,4,4,10,5,5,2,17,1,37,3,10,1,1,7,1,1,8,2,1,,19,19,1,22,9,121.5069391,25.09119818
111,4,24,8,55,2,08士林區,士林區社中街251巷4號,0,0,1,2,C03,8,1,5,30,14,9,1,5,4,5,7,4,4,10,5,5,2,17,1,36,2,9,1,1,7,9,1,10,2,11,,23,19,1,22,9,121.5069391,25.09119818
111,4,24,8,59,2,02萬華區,萬華區康定路與大理街口,0,0,1,1,B03,8,1,5,25,4,1,1,5,4,5,7,2,1,5,4,4,2,17,2,30,3,10,1,1,7,5,1,8,1,4,,8,8,1,22,9,121.5011205,25.0346015
111,4,24,8,59,2,02萬華區,萬華區康定路與大理街口,0,0,1,2,C03,8,1,5,25,4,1,1,5,4,5,7,2,1,5,4,4,2,17,1,33,2,9,1,1,7,9,1,10,1,12,,14,8,1,22,9,121.5011205,25.0346015
111,4,24,9,17,2,08士林區,士林區美崙街2號前,0,0,1,1,H01,8,1,5,0,14,9,1,5,4,5,7,4,4,5,5,5,1,3,2,65,2,9,4,5,8,16,8,20,10,16,,51,51,1,22,9,121.5239824,25.09730061
111,4,24,9,17,2,08士林區,士林區美崙街2號前,0,0,1,2,C03,8,1,5,0,14,9,1,5,4,5,7,4,4,5,5,5,1,3,2,61,3,10,1,1,7,9,1,10,2,11,,44,51,1,22,9,121.5239824,25.09730061
111,4,24,10,55,2,07信義區,信義區基隆路2段與光復南路口,0,0,2,1,C03,8,1,5,50,4,1,1,5,4,5,7,1,1,1,4,5,1,16,1,62,3,10,3,4,7,8,1,10,2,12,,7,7,1,22,9,121.5575458,25.02963462
111,4,24,10,55,2,07信義區,信義區基隆路2段與光復南路口,0,0,2,2,C03,8,1,5,50,4,1,1,5,4,5,7,1,1,1,4,5,1,16,1,36,2,8,3,4,7,9,1,10,2,11,,44,7,1,22,9,121.5575458,25.02963462
111,4,24,10,55,2,07信義區,信義區基隆路2段與光復南路口,0,0,2,3,H02,8,1,5,50,4,1,1,5,4,5,7,1,1,1,4,5,1,16,2,36,2,8,4,5,7,20,8,20,10,16,,67,7,1,22,9,121.5575458,25.02963462
111,4,24,11,10,2,04大安區,大安區忠孝東路4段與仁愛路4段151巷口,0,0,1,1,B03,8,1,5,50,3,1,1,5,4,5,7,4,4,10,4,5,2,16,1,28,3,10,1,1,7,6,1,8,2,2,,9,9,1,22,9,121.5518267,25.0413537
111,4,24,11,10,2,04大安區,大安區忠孝東路4段與仁愛路4段151巷口,0,0,1,2,C03,8,1,5,50,3,1,1,5,4,5,7,4,4,10,4,5,2,16,2,22,2,7,1,1,7,9,1,10,2,14,,14,9,1,22,9,121.5518267,25.0413537
111,4,24,11,33,2,08士林區,士林區至善路2段與至善路2段1巷口,0,0,1,1,B12,8,1,5,40,3,2,1,5,4,5,7,4,4,1,4,4,1,17,2,61,3,10,1,1,7,6,1,8,9,6,,44,44,1,22,9,121.5432336,25.09727573
111,4,24,11,33,2,08士林區,士林區至善路2段與至善路2段1巷口,0,0,1,2,C03,8,1,5,40,3,2,1,5,4,5,7,4,4,1,4,4,1,17,1,48,2,7,1,1,7,9,1,10,9,14,,16,44,1,22,9,121.5432336,25.09727573
111,4,24,11,55,2,03中山區,中山區民生西路30號,0,0,2,1,C03,8,1,5,50,14,9,1,5,4,5,7,1,1,5,4,5,2,12,1,32,2,9,1,1,7,10,1,10,1,14,,7,7,1,22,9,121.52181,25.0576741
111,4,24,11,55,2,03中山區,中山區民生西路30號,0,0,2,2,C03,8,1,5,50,14,9,1,5,4,5,7,1,1,5,4,5,2,12,1,52,2,9,1,1,7,8,1,10,1,12,,7,7,1,22,9,121.52181,25.0576741
111,4,24,12,0,2,10文山區,文山區興隆路4段73號前,0,0,1,1,A02,8,1,5,50,14,9,1,5,4,5,7,4,4,1,4,5,1,13,1,39,3,10,1,1,7,9,1,2,1,5,,23,23,1,10,1,121.5600185,24.98920059
111,4,24,12,0,2,10文山區,文山區興隆路4段73號前,0,0,1,2,F01,8,1,5,50,14,9,1,5,4,5,7,4,4,1,4,5,1,13,1,28,2,9,3,1,7,9,8,20,1,16,,42,23,1,22,9,121.5600185,24.98920059
111,4,24,12,0,2,07信義區,信義區吳興街與吳興街361巷口,0,0,2,1,C03,8,1,5,30,4,1,1,5,4,5,7,4,4,8,3,5,2,15,1,26,2,9,3,4,7,9,1,10,2,14,,6,6,1,22,9,121.5664453,25.02576797
111,4,24,12,0,2,07信義區,信義區吳興街與吳興街361巷口,0,0,2,2,C03,8,1,5,30,4,1,1,5,4,5,7,4,4,8,3,5,2,15,1,63,2,9,3,4,7,9,1,10,2,11,,23,6,1,22,9,121.5664453,25.02576797
111,4,24,12,6,2,04大安區,與廢鐵道口(延吉街60號前),0,0,1,1,B03,8,1,5,50,14,9,1,5,4,5,7,4,4,5,2,5,2,15,1,53,3,10,1,1,7,1,1,4,1,6,,19,19,1,22,9,121.5544807,25.0437502
111,4,24,12,6,2,04大安區,與廢鐵道口(延吉街60號前),0,0,1,2,C03,8,1,5,50,14,9,1,5,4,5,7,4,4,5,2,5,2,15,1,20,2,9,1,1,7,9,1,10,1,11,,44,19,1,22,9,121.5544807,25.0437502
111,4,24,12,33,2,02萬華區,萬華區忠孝西路2段與忠孝西路2段16巷口,0,0,1,1,C03,8,1,5,50,3,2,1,5,4,5,7,4,4,10,4,5,1,17,2,25,2,8,3,4,7,6,1,10,1,12,,9,9,1,22,9,121.5086058,25.04830639
111,4,24,12,33,2,02萬華區,萬華區忠孝西路2段與忠孝西路2段16巷口,0,0,1,2,C03,8,1,5,50,3,2,1,5,4,5,7,4,4,10,4,5,1,17,1,31,3,10,3,4,7,9,1,10,1,11,,13,9,1,22,9,121.5086058,25.04830639
111,4,24,12,40,2,10文山區,文山區羅斯福路6段與羅斯福路6段338巷口口,0,0,2,1,C03,8,1,5,50,3,1,1,5,4,5,7,1,1,1,3,5,1,16,1,28,2,8,1,4,7,9,1,10,2,11,,23,23,1,22,9,121.5394831,24.98991781
111,4,24,12,40,2,10文山區,文山區羅斯福路6段與羅斯福路6段338巷口口,0,0,2,2,C03,8,1,5,50,3,1,1,5,4,5,7,1,1,1,3,5,1,16,1,28,2,8,1,4,7,9,1,10,2,14,,44,23,1,22,9,121.5394831,24.98991781
111,4,24,13,20,2,08士林區,士林區雨農路與至誠路1段口,0,0,1,1,B01,8,1,5,40,3,1,1,5,4,5,7,1,1,5,5,5,2,16,1,65,3,10,3,4,7,6,1,4,2,5,,23,23,1,22,9,121.5329246,25.10151789
111,4,24,13,20,2,08士林區,士林區雨農路與至誠路1段口,0,0,1,2,C03,8,1,5,40,3,1,1,5,4,5,7,1,1,5,5,5,2,16,2,27,2,9,3,4,7,9,1,10,2,14,,13,23,1,22,9,121.5329246,25.10151789
111,4,24,13,32,2,07信義區,信義區永吉路與松山路口,0,0,1,1,B03,8,1,5,50,4,1,1,5,4,5,7,2,1,1,3,5,2,11,2,66,3,10,3,4,7,5,1,8,1,8,,6,6,1,22,9,121.5777434,25.0453938
111,4,24,13,32,2,07信義區,信義區永吉路與松山路口,0,0,1,2,C03,8,1,5,50,4,1,1,5,4,5,7,2,1,1,3,5,2,11,2,31,2,9,3,4,7,9,1,10,1,11,,23,6,1,22,9,121.5777434,25.0453938
111,4,24,13,35,2,10文山區,文山區辛亥路4段77巷56號,0,0,2,1,C03,6,1,5,30,14,9,1,4,4,5,7,4,4,10,5,5,2,17,1,42,2,9,1,1,7,9,1,10,1,12,12,42,42,1,22,9,121.5605505,25.00776799
111,4,24,13,35,2,10文山區,文山區辛亥路4段77巷56號,0,0,2,2,C03,6,1,5,30,14,9,1,4,4,5,7,4,4,10,5,5,2,17,1,55,3,10,1,1,7,9,1,10,1,14,14,43,42,1,22,9,121.5605505,25.00776799
111,4,24,13,35,2,10文山區,文山區辛亥路4段77巷56號,0,0,2,3,H02,6,1,5,30,14,9,1,4,4,5,7,4,4,10,5,5,2,17,2,45,2,8,4,5,7,21,8,20,1,16,16,67,42,1,22,9,121.5605505,25.00776799
111,4,24,13,47,2,12內湖區,內湖區民權東路6段136巷33弄與民權東路6段136巷口,0,0,1,1,C03,8,1,5,40,3,1,1,5,4,5,7,4,4,9,5,5,2,12,1,68,2,9,1,1,7,6,1,10,1,12,,9,9,1,22,9,121.5877814,25.06731689
111,4,24,13,47,2,12內湖區,內湖區民權東路6段136巷33弄與民權東路6段136巷口,0,0,1,2,C03,8,1,5,40,3,1,1,5,4,5,7,4,4,9,5,5,2,12,1,25,3,10,1,1,7,9,1,10,1,11,,14,9,1,22,9,121.5877814,25.06731689
111,4,24,14,15,2,07信義區,信義區信義路5段108號前,0,0,1,1,C03,6,1,5,50,14,9,1,4,4,5,7,4,4,3,4,5,1,16,1,55,3,10,1,1,7,1,1,10,1,14,,19,19,1,22,9,121.5671061,25.0329222
111,4,24,14,15,2,07信義區,信義區信義路5段108號前,0,0,1,2,C04,6,1,5,50,14,9,1,4,4,5,7,4,4,3,4,5,1,16,2,23,2,9,1,1,7,9,1,10,1,12,,44,19,1,22,9,121.5671061,25.0329222
111,4,24,15,0,2,04大安區,大安區光復南路180巷27號廢鐵道,0,0,2,1,C03,6,1,5,30,4,1,1,4,4,5,5,4,4,1,5,5,2,15,2,33,2,8,1,4,7,9,1,10,1,12,,6,6,1,22,9,121.5564493,25.04237828
111,4,24,15,0,2,04大安區,大安區光復南路180巷27號廢鐵道,0,0,2,2,B03,6,1,5,30,4,1,1,4,4,5,5,4,4,1,5,5,2,15,1,34,3,10,1,4,7,9,1,8,1,1,,14,6,1,22,9,121.5564493,25.04237828
111,4,24,15,0,2,04大安區,大安區光復南路180巷27號廢鐵道,0,0,2,3,H02,6,1,5,30,4,1,1,4,4,5,5,4,4,1,5,5,2,15,2,6,2,9,1,5,7,20,8,20,10,16,,67,6,1,22,9,121.5564493,25.04237828
111,4,24,15,3,2,07信義區,信義區信義快速道路往南文山隧道前,0,0,6,5,H02,6,1,5,70,14,7,1,4,4,5,7,4,4,10,4,5,1,13,1,8,2,9,4,5,7,20,8,20,10,16,,67,13,1,22,9,121.577315,25.02158377
111,4,24,15,3,2,07信義區,信義區信義快速道路往南文山隧道前,0,0,6,6,H02,6,1,5,70,14,7,1,4,4,5,7,4,4,10,4,5,1,13,1,5,2,9,4,5,7,20,8,20,10,16,,67,13,1,22,9,121.577315,25.02158377
111,4,24,15,3,2,07信義區,信義區信義快速道路往南文山隧道前,0,0,6,7,,6,1,5,70,14,7,1,4,4,5,7,4,4,10,4,5,1,13,3,,,,,,,,,,,,,67,13,1,,,121.577315,25.02158377
111,4,24,15,3,2,07信義區,信義區信義快速道路往南文山隧道前,0,0,6,8,,6,1,5,70,14,7,1,4,4,5,7,4,4,10,4,5,1,13,3,,,,,,,,,,,,,67,13,1,,,121.577315,25.02158377
111,4,24,15,3,2,07信義區,信義區信義快速道路往南文山隧道前,0,0,6,1,B02,6,1,5,70,14,7,1,4,4,5,7,4,4,10,4,5,1,13,1,44,2,7,1,1,7,9,1,8,2,1,,13,13,1,22,9,121.577315,25.02158377
111,4,24,15,3,2,07信義區,信義區信義快速道路往南文山隧道前,0,0,6,2,B03,6,1,5,70,14,7,1,4,4,5,7,4,4,10,4,5,1,13,1,69,2,1,1,1,7,9,1,8,2,3,,44,13,1,22,9,121.577315,25.02158377
111,4,24,15,3,2,07信義區,信義區信義快速道路往南文山隧道前,0,0,6,3,H02,6,1,5,70,14,7,1,4,4,5,7,4,4,10,4,5,1,13,2,77,2,9,4,5,7,20,8,20,10,16,,67,13,1,22,9,121.577315,25.02158377
111,4,24,15,3,2,07信義區,信義區信義快速道路往南文山隧道前,0,0,6,4,H02,6,1,5,70,14,7,1,4,4,5,7,4,4,10,4,5,1,13,2,37,2,9,4,5,7,20,8,20,10,16,,67,13,1,22,9,121.577315,25.02158377
111,4,24,15,10,2,08士林區,士林區承德路5段與承德路5段150巷口,0,0,3,1,C03,6,1,5,50,4,2,1,4,4,5,7,2,1,1,2,5,1,17,1,18,3,10,1,1,7,9,1,10,1,14,,26,26,1,22,9,121.5131649,25.0977761
111,4,24,15,10,2,08士林區,士林區承德路5段與承德路5段150巷口,0,0,3,2,C03,6,1,5,50,4,2,1,4,4,5,7,2,1,1,2,5,1,17,1,38,2,9,1,1,7,8,1,10,1,12,,32,26,1,22,9,121.5131649,25.0977761
111,4,24,15,10,2,08士林區,士林區承德路5段與承德路5段150巷口,0,0,3,3,H02,6,1,5,50,4,2,1,4,4,5,7,2,1,1,2,5,1,17,1,11,2,7,4,5,7,20,8,20,10,16,,67,26,1,22,9,121.5131649,25.0977761
111,4,24,15,10,2,08士林區,士林區承德路5段與承德路5段150巷口,0,0,3,4,H02,6,1,5,50,4,2,1,4,4,5,7,2,1,1,2,5,1,17,1,12,2,8,4,5,7,20,8,20,10,16,,67,26,1,22,9,121.5131649,25.0977761
111,4,24,15,22,2,07信義區,信義區永吉路與永吉路30巷口口,0,0,1,1,B03,6,1,5,50,4,2,1,4,4,5,7,1,1,3,4,5,2,16,2,30,3,10,1,1,7,9,1,8,1,1,,25,25,1,22,9,121.5688384,25.0457665
111,4,24,15,22,2,07信義區,信義區永吉路與永吉路30巷口口,0,0,1,2,C03,6,1,5,50,4,2,1,4,4,5,7,1,1,3,4,5,2,16,2,57,2,9,1,1,7,5,1,10,1,13,,44,25,1,22,9,121.5688384,25.0457665
111,4,24,15,39,2,01大同區,大同區南京西路與塔城街口,0,0,1,1,B12,8,1,5,50,3,2,1,4,4,5,7,4,4,5,4,5,2,12,1,54,3,10,3,4,7,6,1,8,1,6,,44,44,1,22,9,121.5104813,25.05379813
111,4,24,15,39,2,01大同區,大同區南京西路與塔城街口,0,0,1,2,C04,8,1,5,50,3,2,1,4,4,5,7,4,4,5,4,5,2,12,2,62,2,9,1,1,7,7,1,11,1,14,,7,44,1,22,9,121.5104813,25.05379813
111,4,24,15,45,2,04大安區,大安區仁愛路4段151巷與仁愛路4段口,0,0,1,1,B03,6,1,5,30,3,1,1,4,4,5,7,4,4,8,5,5,1,17,1,40,3,10,1,1,7,6,7,19,2,15,,6,6,1,22,9,121.5517612,25.03798718
111,4,24,15,45,2,04大安區,大安區仁愛路4段151巷與仁愛路4段口,0,0,1,2,C03,6,1,5,30,3,1,1,4,4,5,7,4,4,8,5,5,1,17,1,44,2,9,1,1,7,9,1,10,2,12,,44,6,1,22,9,121.5517612,25.03798718
111,4,24,16,12,2,03中山區,中山區大直街與大直街21巷口,0,0,2,1,B03,8,1,5,30,4,1,1,5,4,5,7,4,4,9,4,5,2,12,1,33,3,10,1,4,7,5,1,8,1,5,,8,8,1,22,9,121.5464138,25.0816984
111,4,24,16,12,2,03中山區,中山區大直街與大直街21巷口,0,0,2,2,C03,8,1,5,30,4,1,1,5,4,5,7,4,4,9,4,5,2,12,1,21,2,9,1,4,7,9,1,10,1,12,,13,8,1,22,9,121.5464138,25.0816984
111,4,24,16,12,2,03中山區,中山區大直街與大直街21巷口,0,0,2,3,H02,8,1,5,30,4,1,1,5,4,5,7,4,4,9,4,5,2,12,1,21,2,8,4,5,7,20,8,20,10,16,,67,8,1,22,9,121.5464138,25.0816984
111,4,24,16,20,2,10文山區,文山區萬芳路9號附近側附近,0,0,1,1,C02,8,1,5,50,14,9,1,5,4,5,7,4,4,10,5,5,2,17,1,39,3,10,1,1,7,6,1,9,1,15,,6,6,1,22,9,121.570179,24.99844255
111,4,24,16,20,2,10文山區,文山區萬芳路9號附近側附近,0,0,1,2,C03,8,1,5,50,14,9,1,5,4,5,7,4,4,10,5,5,2,17,2,26,2,9,1,1,7,9,1,10,1,15,,14,6,1,22,9,121.570179,24.99844255
111,4,24,16,26,2,07信義區,信義區吳興街與吳興街583巷口,0,0,2,1,C03,7,1,5,50,4,1,1,4,4,5,7,4,4,10,4,5,2,16,1,28,2,9,1,1,7,5,1,10,1,11,,8,8,1,22,9,121.5692584,25.02244605
111,4,24,16,26,2,07信義區,信義區吳興街與吳興街583巷口,0,0,2,2,C03,7,1,5,50,4,1,1,4,4,5,7,4,4,10,4,5,2,16,1,45,2,9,1,1,7,9,1,10,1,11,,44,8,1,22,9,121.5692584,25.02244605
111,4,24,17,47,2,09北投區,北投區陽明路1段29-1號,0,0,3,2,C03,8,1,5,50,14,9,1,5,4,5,7,4,4,5,4,5,2,16,1,20,2,9,1,1,7,9,1,10,1,11,,44,10,1,22,9,121.5491242,25.147837
111,4,24,17,47,2,09北投區,北投區陽明路1段29-1號,0,0,3,3,H02,8,1,5,50,14,9,1,5,4,5,7,4,4,5,4,5,2,16,2,30,2,9,4,5,7,21,8,20,10,16,,67,10,1,22,9,121.5491242,25.147837
111,4,24,17,47,2,09北投區,北投區陽明路1段29-1號,0,0,3,1,C03,8,1,5,50,14,9,1,5,4,5,7,4,4,5,4,5,2,16,1,32,2,9,1,1,7,11,1,10,1,14,,10,10,1,22,9,121.5491242,25.147837
111,4,24,17,50,2,10文山區,文山區景文街與景美街口,0,0,1,1,C01,8,2,5,50,4,2,1,5,4,5,7,2,1,5,5,4,2,12,1,33,3,10,1,1,7,9,1,9,2,12,,44,44,1,22,9,121.5408605,24.98826195
111,4,24,17,50,2,10文山區,文山區景文街與景美街口,0,0,1,2,C03,8,2,5,50,4,2,1,5,4,5,7,2,1,5,5,4,2,12,1,67,2,9,1,1,7,7,1,10,2,14,,7,44,1,22,9,121.5408605,24.98826195
111,4,24,18,0,2,09北投區,北投區中央北路1段71號,0,0,1,1,C03,8,1,5,50,14,9,1,5,4,5,7,4,4,9,4,5,2,13,1,45,2,7,1,1,7,9,1,10,1,11,,23,23,1,22,9,121.5000708,25.13439618
111,4,24,18,0,2,09北投區,北投區中央北路1段71號,0,0,1,2,B03,8,1,5,50,14,9,1,5,4,5,7,4,4,9,4,5,2,13,1,63,3,10,1,1,7,14,1,8,1,6,,44,23,1,22,9,121.5000708,25.13439618
111,4,24,18,29,2,11南港區,南港區南港路1段與興華路口,0,0,1,1,C03,7,3,5,50,4,1,1,5,4,5,7,2,1,4,3,4,2,16,2,19,3,10,1,1,7,11,1,10,1,13,,43,43,1,22,9,121.6062081,25.0542667
111,4,24,18,29,2,11南港區,南港區南港路1段與興華路口,0,0,1,2,C03,7,3,5,50,4,1,1,5,4,5,7,2,1,4,3,4,2,16,1,24,3,10,1,1,7,9,1,10,1,11,,43,43,1,22,9,121.6062081,25.0542667
111,4,24,18,29,2,11南港區,南港區南港路1段與興華路口,0,0,1,3,H02,7,3,5,50,4,1,1,5,4,5,7,2,1,4,3,4,2,16,2,27,2,9,1,1,7,21,8,20,10,16,,67,43,1,22,9,121.6062081,25.0542667
111,4,24,18,30,2,02萬華區,萬華區漢口街2段與昆明街口,0,0,1,1,B03,8,3,5,50,4,2,1,5,4,5,7,2,1,10,4,5,2,3,1,41,3,10,1,1,7,5,6,18,1,1,,15,15,1,22,9,121.5056938,25.04594995
111,4,24,18,30,2,02萬華區,萬華區漢口街2段與昆明街口,0,0,1,2,H01,8,3,5,50,4,2,1,5,4,5,7,2,1,10,4,5,2,3,2,70,2,8,4,5,8,16,8,20,10,16,,67,15,1,22,9,121.5056938,25.04594995
111,4,24,18,50,2,09北投區,北投區石牌路2段90巷14號,0,0,1,1,B03,8,1,5,50,14,9,1,5,4,5,7,4,4,10,4,5,1,12,1,75,3,10,1,1,7,9,1,8,1,6,,17,17,1,22,9,121.5168002,25.11709258
111,4,24,18,50,2,09北投區,北投區石牌路2段90巷14號,0,0,1,2,C03,8,1,5,50,14,9,1,5,4,5,7,4,4,10,4,5,1,12,2,25,3,10,1,1,7,13,1,10,1,14,,43,17,1,22,9,121.5168002,25.11709258
111,4,24,18,50,2,09北投區,北投區石牌路2段90巷14號,0,0,1,3,H02,8,1,5,50,14,9,1,5,4,5,7,4,4,10,4,5,1,12,2,20,2,8,4,5,7,20,8,20,10,16,,67,17,1,22,9,121.5168002,25.11709258
111,4,24,19,10,2,05中正區,中正區忠孝東路1段與紹興南街口,0,0,1,3,B01,7,3,5,50,14,9,1,5,4,5,7,4,4,1,4,1,2,13,4,,4,11,3,4,7,10,7,19,11,15,,7,16,2,22,9,121.5252632,25.04441329
111,4,24,19,10,2,05中正區,中正區忠孝東路1段與紹興南街口,0,0,1,1,C03,7,3,5,50,14,9,1,5,4,5,7,4,4,1,4,1,2,13,1,25,2,8,1,1,7,9,1,10,2,11,,16,16,1,22,9,121.5252632,25.04441329
111,4,24,19,10,2,05中正區,中正區忠孝東路1段與紹興南街口,0,0,1,2,C01,7,3,5,50,14,9,1,5,4,5,7,4,4,1,4,1,2,13,1,46,3,10,1,1,7,9,1,9,2,13,,44,16,1,22,9,121.5252632,25.04441329
111,4,24,19,19,2,06松山區,松山區濱江街373號,0,0,2,1,B03,8,3,5,50,14,8,1,5,4,5,7,4,4,1,3,4,2,11,1,40,3,10,1,1,7,6,1,8,1,2,,9,9,1,22,9,121.5522641,25.07242581
111,4,24,19,19,2,06松山區,松山區濱江街373號,0,0,2,2,C03,8,3,5,50,14,8,1,5,4,5,7,4,4,1,3,4,2,11,1,23,2,9,1,1,7,9,1,10,1,14,,44,9,1,22,9,121.5522641,25.07242581
111,4,24,19,19,2,06松山區,松山區濱江街373號,0,0,2,3,H02,8,3,5,50,14,8,1,5,4,5,7,4,4,1,3,4,2,11,2,23,2,8,4,5,7,21,8,20,10,15,,67,9,1,22,9,121.5522641,25.07242581
111,4,24,19,30,2,09北投區,北投區石牌路1段與西安街2段口,0,0,1,1,F01,8,3,5,40,14,9,1,5,4,5,7,1,1,9,4,5,2,17,2,60,2,8,1,1,7,9,8,20,1,16,,42,42,1,22,9,121.5147976,25.11512093
111,4,24,19,30,2,09北投區,北投區石牌路1段與西安街2段口,0,0,1,2,B03,8,3,5,40,14,9,1,5,4,5,7,1,1,9,4,5,2,17,4,,4,11,3,4,7,15,7,19,11,15,,43,42,2,22,9,121.5147976,25.11512093
111,4,24,19,40,2,08士林區,士林區文林路496號,0,0,1,1,C03,7,3,5,50,14,9,1,5,4,5,7,4,4,5,5,5,1,17,1,23,2,9,1,1,7,12,4,8,1,14,,23,23,1,21,8,121.5242482,25.09653137
111,4,24,19,40,2,08士林區,士林區文林路496號,0,0,1,2,C03,7,3,5,50,14,9,1,5,4,5,7,4,4,5,5,5,1,17,1,29,3,10,1,1,7,1,1,10,1,11,,19,23,1,21,8,121.5242482,25.09653137
111,4,24,19,55,2,10文山區,文山區木柵路5段43巷富德公墓22區旁,0,0,1,1,C04,8,3,5,30,14,9,1,5,4,5,7,4,4,5,2,5,2,18,2,21,2,9,1,1,7,9,1,10,9,14,,42,42,1,22,9,121.5855461,25.0084323
111,4,24,19,55,2,10文山區,文山區木柵路5段43巷富德公墓22區旁,0,0,1,2,,8,3,5,30,14,9,1,5,4,5,7,4,4,5,2,5,2,18,3,,,,,,,,,,,,,67,42,1,,,121.5855461,25.0084323