發生年度,發生月,發生日,發生時-Hours,發生分,處理別-編號,區序,肇事地點,死亡人數,2-30日死亡人數,受傷人數,當事人序號,車種,天候,光線,道路類別,速限-速度限制,道路型態,事故位置,路面狀況1,路面狀況2,路面狀況3,道路障礙1,道路障礙2,號誌1,號誌2,車道劃分-分向,車道劃分-分道1,車道劃分-分道2,車道劃分-分道3,事故類型及型態,性別,年齡,受傷程度,主要傷處,安全帽,行動電話,車輛用途,當事者行動狀態,駕駛資格情形,駕駛執照種類,飲酒情形,車輛撞擊部位1,車輛撞擊部位2,肇因碼-個別,肇因碼-主要,個人肇逃否,職業,旅次目的,座標-X,座標-Y
111,4,24,21,7,2,08士林區,士林區德行東路53號,0,0,2,1,C03,8,3,5,50,10,9,1,5,4,5,7,4,4,5,5,5,2,12,1,20,2,7,1,1,7,9,1,10,1,14,,17,17,1,22,9,121.5268336,25.10715492
111,4,24,21,7,2,08士林區,士林區德行東路53號,0,0,2,2,C03,8,3,5,50,10,9,1,5,4,5,7,4,4,5,5,5,2,12,1,57,2,7,1,1,7,9,1,10,1,12,,17,17,1,22,9,121.5268336,25.10715492
111,4,24,21,7,2,08士林區,士林區德行東路53號,0,0,2,3,B03,8,3,5,50,10,9,1,5,4,5,7,4,4,5,5,5,2,12,1,58,3,10,1,1,7,15,1,8,9,4,,44,17,1,22,9,121.5268336,25.10715492
111,4,24,22,38,2,05中正區,中正區林森南路與仁愛路1段口,0,0,1,1,C03,8,3,5,50,14,9,1,5,4,5,7,4,4,10,4,4,1,12,1,28,2,9,1,1,7,9,1,10,2,12,,17,17,1,22,9,121.5211094,25.03790633
111,4,24,22,38,2,05中正區,中正區林森南路與仁愛路1段口,0,0,1,2,C03,8,3,5,50,14,9,1,5,4,5,7,4,4,10,4,4,1,12,1,19,3,10,1,1,7,9,1,10,2,14,,17,17,1,22,9,121.5211094,25.03790633
111,4,24,22,43,2,02萬華區,萬華區環河南路2段與和平西路3段口,0,0,1,1,B01,8,3,5,50,4,1,1,5,4,5,7,1,1,1,4,5,2,17,1,61,3,10,1,4,7,5,1,4,1,6,,6,6,1,22,9,121.4942639,25.03541014
111,4,24,22,43,2,02萬華區,萬華區環河南路2段與和平西路3段口,0,0,1,2,C03,8,3,5,50,4,1,1,5,4,5,7,1,1,1,4,5,2,17,2,38,2,8,1,4,7,9,1,10,1,11,,44,6,1,22,9,121.4942639,25.03541014
111,4,24,23,30,2,01大同區,大同區南京西路與太原路口,0,0,1,1,B01,7,3,5,50,4,2,1,5,4,5,7,2,1,1,4,4,2,15,1,49,3,10,1,1,7,11,1,4,2,3,,10,10,1,22,9,121.5160886,25.05368468
111,4,24,23,30,2,01大同區,大同區南京西路與太原路口,0,0,1,2,C03,7,3,5,50,4,2,1,5,4,5,7,2,1,1,4,4,2,15,1,22,2,9,1,1,7,9,1,10,2,11,,13,10,1,22,9,121.5160886,25.05368468
111,4,25,0,35,2,04大安區,大安區光復南路116巷與延吉街131巷口,0,0,1,1,,7,3,5,0,4,1,1,5,4,5,7,4,4,1,3,5,1,23,3,,,,,,,,,,,,,67,67,1,,,121.5562404,25.04301297
111,4,25,0,35,2,04大安區,大安區光復南路116巷與延吉街131巷口,0,0,1,2,C03,7,3,5,0,4,1,1,5,4,5,7,4,4,1,3,5,1,23,1,54,2,9,1,1,7,5,1,10,11,11,,23,67,1,22,9,121.5562404,25.04301297
111,4,25,0,45,2,02萬華區,萬華區西寧南路與開封街2段口,0,0,1,1,B02,8,3,5,50,4,1,1,5,4,5,7,2,1,4,3,5,1,11,1,46,3,10,1,1,7,5,1,4,2,5,,6,6,1,22,9,121.5070389,25.0465657
111,4,25,0,45,2,02萬華區,萬華區西寧南路與開封街2段口,0,0,1,2,C03,8,3,5,50,4,1,1,5,4,5,7,2,1,4,3,5,1,11,1,18,2,9,1,1,7,9,1,10,2,11,,13,6,1,22,9,121.5070389,25.0465657
111,4,25,6,7,2,08士林區,士林區中山北路5段與劍潭路口,0,0,1,1,B03,8,1,5,50,5,2,1,5,4,5,7,1,1,3,5,5,2,17,1,58,4,11,3,4,7,15,7,19,11,15,,42,42,2,22,9,121.5255915,25.08400233
111,4,25,6,7,2,08士林區,士林區中山北路5段與劍潭路口,0,0,1,2,C03,8,1,5,50,5,2,1,5,4,5,7,1,1,3,5,5,2,17,1,34,2,5,1,1,7,5,1,10,9,11,,8,42,1,22,9,121.5255915,25.08400233
111,4,25,7,34,2,06松山區,松山區民權東路5段與塔悠路口,0,0,4,1,C03,8,1,5,50,3,1,1,5,4,5,7,2,1,1,3,5,2,15,1,18,2,9,1,1,7,9,1,10,1,11,,25,25,1,22,9,121.5683308,25.0636303
111,4,25,7,34,2,06松山區,松山區民權東路5段與塔悠路口,0,0,4,2,C03,8,1,5,50,3,1,1,5,4,5,7,2,1,1,3,5,2,15,1,33,2,9,1,1,7,9,1,10,1,14,,44,25,1,22,9,121.5683308,25.0636303
111,4,25,7,34,2,06松山區,松山區民權東路5段與塔悠路口,0,0,4,3,C03,8,1,5,50,3,1,1,5,4,5,7,2,1,1,3,5,2,15,2,35,2,9,1,1,7,9,1,10,1,14,,44,25,1,22,9,121.5683308,25.0636303
111,4,25,7,34,2,06松山區,松山區民權東路5段與塔悠路口,0,0,4,4,C03,8,1,5,50,3,1,1,5,4,5,7,2,1,1,3,5,2,15,2,34,2,7,1,1,7,9,1,10,1,14,,44,25,1,22,9,121.5683308,25.0636303
111,4,25,8,6,2,12內湖區,內湖區民權東路6段99號前,0,0,1,1,C03,8,1,5,50,14,9,1,5,4,5,7,4,4,1,4,5,2,13,2,39,2,8,1,1,7,9,1,10,1,11,,16,16,1,22,9,121.5891118,25.06908872
111,4,25,8,6,2,12內湖區,內湖區民權東路6段99號前,0,0,1,2,B03,8,1,5,50,14,9,1,5,4,5,7,4,4,1,4,5,2,13,1,57,3,10,1,1,7,14,1,8,1,3,,44,16,1,22,9,121.5891118,25.06908872
111,4,25,8,15,2,09北投區,北投區同德街17號,0,0,1,1,B03,8,1,5,30,14,9,1,5,4,5,7,4,4,9,4,5,2,17,1,64,3,10,1,1,7,1,1,8,9,15,,19,19,1,22,9,121.5282279,25.12517509
111,4,25,8,15,2,09北投區,北投區同德街17號,0,0,1,2,C03,8,1,5,30,14,9,1,5,4,5,7,4,4,9,4,5,2,17,2,25,2,9,1,1,7,9,1,10,9,12,,44,19,1,22,9,121.5282279,25.12517509
111,4,25,8,28,2,03中山區,中山區南京東路3段與建國北路2段口西北角,0,0,1,1,C03,8,1,5,50,4,2,1,5,4,5,7,1,1,1,4,5,2,3,1,36,3,10,1,1,7,9,3,18,1,11,,25,25,1,22,9,121.5370291,25.0520637
111,4,25,8,28,2,03中山區,中山區南京東路3段與建國北路2段口西北角,0,0,1,2,H01,8,1,5,50,4,2,1,5,4,5,7,1,1,1,4,5,2,3,2,46,2,9,4,5,8,16,8,20,10,16,,67,25,1,22,9,121.5370291,25.0520637
111,4,25,8,29,2,04大安區,大安區忠孝東路3段44巷與新生南路1段103巷口,0,0,1,1,C03,8,1,5,30,4,2,1,3,4,5,7,4,4,10,5,5,1,18,2,28,2,9,1,1,7,9,1,10,1,14,,44,44,1,5,1,121.5346425,25.04107786
111,4,25,8,29,2,04大安區,大安區忠孝東路3段44巷與新生南路1段103巷口,0,0,1,2,,8,1,5,30,4,2,1,3,4,5,7,4,4,10,5,5,1,18,3,,,,,,,,,,,,,61,44,1,,,121.5346425,25.04107786
111,4,25,8,30,2,11南港區,南港區成福路與成福路197巷口,0,0,1,1,B03,8,1,5,50,3,1,1,5,4,5,7,4,4,5,4,5,2,13,1,52,3,10,1,1,7,5,1,8,1,7,,8,8,1,22,9,121.5886761,25.040576
111,4,25,8,30,2,11南港區,南港區成福路與成福路197巷口,0,0,1,2,C03,8,1,5,50,3,1,1,5,4,5,7,4,4,5,4,5,2,13,1,18,2,9,1,1,7,9,1,10,1,11,,16,8,1,22,9,121.5886761,25.040576
111,4,25,8,40,2,08士林區,士林區中正路與延平北路5段口,0,0,2,1,C03,8,1,5,50,4,1,1,5,4,5,7,1,1,1,4,5,2,16,2,22,2,9,1,1,7,5,1,10,1,14,,8,8,1,22,9,121.5093257,25.0865804
111,4,25,8,40,2,08士林區,士林區中正路與延平北路5段口,0,0,2,2,C03,8,1,5,50,4,1,1,5,4,5,7,1,1,1,4,5,2,16,2,36,2,9,1,1,7,9,1,10,1,11,,44,8,1,22,9,121.5093257,25.0865804
111,4,25,8,40,2,08士林區,士林區中山北路5段與中山北路5段811巷口,0,0,2,1,F01,8,1,5,30,3,2,1,5,4,5,7,4,4,10,5,5,2,16,1,86,2,9,1,1,7,6,8,20,1,16,,44,44,1,22,9,121.5260362,25.10127683
111,4,25,8,40,2,08士林區,士林區中山北路5段與中山北路5段811巷口,0,0,2,2,C03,8,1,5,30,3,2,1,5,4,5,7,4,4,10,5,5,2,16,2,56,2,9,1,1,7,9,1,10,1,11,,23,44,1,22,9,121.5260362,25.10127683
111,4,25,8,55,2,07信義區,信義區松仁路與信義路5段150巷14弄口,0,0,2,1,F03,8,1,5,50,4,1,1,5,4,5,7,2,1,9,4,5,2,11,2,53,2,9,1,1,7,5,8,20,1,16,,8,8,1,22,9,121.5683344,25.0285107
111,4,25,8,55,2,07信義區,信義區松仁路與信義路5段150巷14弄口,0,0,2,2,C03,8,1,5,50,4,1,1,5,4,5,7,2,1,9,4,5,2,11,1,19,2,8,1,1,7,9,1,10,1,14,,13,8,1,22,9,121.5683344,25.0285107
111,4,25,8,56,2,10文山區,文山區興隆路3段207巷5弄與興隆路3段185巷口口,0,0,1,2,C03,8,1,5,30,4,1,1,5,4,5,7,4,4,10,5,5,2,17,1,30,2,8,1,1,7,9,1,10,1,12,,44,6,1,22,9,121.5603861,24.99576672
111,4,25,8,56,2,10文山區,文山區興隆路3段207巷5弄與興隆路3段185巷口口,0,0,1,1,B03,8,1,5,30,4,1,1,5,4,5,7,4,4,10,5,5,2,17,1,39,3,10,1,1,7,5,1,8,1,1,,6,6,1,22,9,121.5603861,24.99576672
111,4,25,9,12,2,05中正區,中正區濟南路2段與臨沂街口,0,0,1,1,B03,8,1,5,30,4,1,1,5,4,5,7,4,4,7,4,5,2,17,2,45,3,10,1,1,7,5,1,8,1,4,,6,6,1,22,9,121.5301291,25.04064502
111,4,25,9,12,2,05中正區,中正區濟南路2段與臨沂街口,0,0,1,2,F01,8,1,5,30,4,1,1,5,4,5,7,4,4,7,4,5,2,17,2,63,2,9,1,1,7,15,8,20,1,16,,44,6,1,22,9,121.5301291,25.04064502
111,4,25,9,17,2,08士林區,士林區通河街1巷與通河街口,0,0,1,1,C03,8,1,5,30,4,2,1,5,4,5,7,3,1,5,4,5,1,16,1,30,2,7,3,4,7,5,1,10,2,12,,6,6,1,22,9,121.5238482,25.07985654
111,4,25,9,17,2,08士林區,士林區通河街1巷與通河街口,0,0,1,2,B03,8,1,5,30,4,2,1,5,4,5,7,3,1,5,4,5,1,16,2,61,3,10,3,4,7,9,1,8,2,4,,44,6,1,22,9,121.5238482,25.07985654
111,4,25,9,20,2,07信義區,信義區松仁路與信義路5段150巷14弄口,0,0,1,1,C03,8,1,5,50,4,1,1,5,4,5,7,2,1,9,4,4,2,17,1,26,2,7,1,1,7,9,1,10,1,12,,23,23,1,22,9,121.5683639,25.02860957
111,4,25,9,20,2,07信義區,信義區松仁路與信義路5段150巷14弄口,0,0,1,2,B03,8,1,5,50,4,1,1,5,4,5,7,2,1,9,4,4,2,17,1,39,3,10,1,1,7,14,1,8,1,15,,6,23,1,22,9,121.5683639,25.02860957
111,4,25,9,30,2,07信義區,信義區市府路45號,0,0,1,1,C03,8,1,5,50,14,9,1,5,4,5,7,4,4,1,4,5,2,16,1,43,2,9,1,1,7,11,1,10,1,11,,10,10,1,22,9,121.563492,25.0340068
111,4,25,9,30,2,07信義區,信義區市府路45號,0,0,1,2,B01,8,1,5,50,14,9,1,5,4,5,7,4,4,1,4,5,2,16,1,49,3,10,1,1,7,11,1,4,1,4,,44,10,1,22,9,121.563492,25.0340068
111,4,25,10,10,2,03中山區,中山區北安路與明水路口,0,0,1,1,C03,8,1,5,50,3,2,1,5,4,5,7,1,1,1,4,5,2,16,2,49,3,10,3,4,7,9,1,10,1,13,,3,3,1,5,1,121.5388901,25.07768891
111,4,25,10,10,2,03中山區,中山區北安路與明水路口,0,0,1,2,C03,8,1,5,50,3,2,1,5,4,5,7,1,1,1,4,5,2,16,1,30,2,9,3,4,7,9,1,10,1,11,,23,3,1,3,1,121.5388901,25.07768891
111,4,25,10,13,2,04大安區,大安區樂利路86號與樂利路口,0,0,1,1,B03,8,1,5,40,3,2,1,5,4,5,7,4,4,8,3,5,1,12,1,41,3,10,1,1,7,7,1,8,1,5,,7,7,1,22,9,121.5521117,25.0254427
111,4,25,10,13,2,04大安區,大安區樂利路86號與樂利路口,0,0,1,2,C03,8,1,5,40,3,2,1,5,4,5,7,4,4,8,3,5,1,12,2,49,2,9,1,1,7,9,1,10,1,12,,44,7,1,22,9,121.5521117,25.0254427
111,4,25,10,18,2,01大同區,大同區重慶北路2段73巷與重慶北路2段口,0,0,2,1,C03,8,1,5,50,3,1,1,5,4,5,7,2,1,9,4,5,1,15,1,28,2,8,3,4,7,9,1,10,1,11,,25,25,1,22,9,121.5140846,25.05612997
111,4,25,10,18,2,01大同區,大同區重慶北路2段73巷與重慶北路2段口,0,0,2,2,C03,8,1,5,50,3,1,1,5,4,5,7,2,1,9,4,5,1,15,1,63,2,8,3,4,7,9,1,10,1,14,,44,25,1,22,9,121.5140846,25.05612997
111,4,25,10,43,2,08士林區,士林區福林路100巷77弄與福林路100巷11弄口,0,0,2,1,C03,8,1,5,30,3,1,1,5,4,5,7,4,4,10,5,5,1,16,1,22,2,9,1,1,7,4,1,10,1,11,,23,23,1,22,9,121.5325735,25.09594719
111,4,25,10,43,2,08士林區,士林區福林路100巷77弄與福林路100巷11弄口,0,0,2,2,C03,8,1,5,30,3,1,1,5,4,5,7,4,4,10,5,5,1,16,1,39,2,9,1,1,7,5,1,10,1,14,,8,23,1,22,9,121.5325735,25.09594719
111,4,25,11,3,2,08士林區,士林區堤外便道延平河濱304號燈桿,0,0,2,1,C03,8,1,8,0,15,22,1,5,4,5,7,4,4,10,5,5,2,17,1,24,2,8,1,1,7,9,1,10,2,11,,16,16,1,22,9,121.5027951,25.09398384
111,4,25,11,3,2,08士林區,士林區堤外便道延平河濱304號燈桿,0,0,2,2,C03,8,1,8,0,15,22,1,5,4,5,7,4,4,10,5,5,2,17,2,33,2,8,1,1,7,9,3,18,2,13,,44,16,1,22,9,121.5027951,25.09398384
111,4,25,11,3,2,08士林區,士林區堤外便道延平河濱304號燈桿,0,0,2,3,B12,8,1,8,0,15,22,1,5,4,5,7,4,4,10,5,5,2,17,1,65,3,10,1,1,7,5,1,8,2,15,,13,16,1,22,9,121.5027951,25.09398384
111,4,25,11,4,2,03中山區,中山區北安路與明水路口,0,0,1,1,C03,8,1,5,0,14,9,1,5,4,5,7,2,1,1,4,5,2,12,4,,4,11,3,4,7,15,7,19,11,15,,43,43,2,22,9,121.5390349,25.07774799
111,4,25,11,4,2,03中山區,中山區北安路與明水路口,0,0,1,2,B03,8,1,5,0,14,9,1,5,4,5,7,2,1,1,4,5,2,12,2,46,2,7,1,1,7,9,1,8,9,4,,17,43,1,22,9,121.5390349,25.07774799
111,4,25,11,8,2,02萬華區,萬華區環河南路1段洛陽停車場出口旁,0,0,1,1,C03,8,1,5,50,14,9,1,5,4,5,7,4,4,5,4,5,2,16,2,19,3,10,1,1,7,4,1,10,1,14,,23,23,1,22,9,121.5058515,25.04852813
111,4,25,11,8,2,02萬華區,萬華區環河南路1段洛陽停車場出口旁,0,0,1,3,C03,8,1,5,50,14,9,1,5,4,5,7,4,4,5,4,5,2,16,1,43,2,9,1,1,7,9,1,10,1,12,,44,23,1,22,9,121.5058515,25.04852813
111,4,25,11,8,2,02萬華區,萬華區環河南路1段洛陽停車場出口旁,0,0,1,2,C03,8,1,5,50,14,9,1,5,4,5,7,4,4,5,4,5,2,16,1,63,3,10,1,4,7,9,1,10,9,14,,44,23,1,22,9,121.5058515,25.04852813
111,4,25,11,43,2,08士林區,士林區社正路與通河西街2段口*,0,0,1,1,B03,8,1,5,50,4,1,1,5,4,5,7,2,1,5,5,5,1,20,1,44,2,9,1,1,7,9,1,8,1,1,,22,22,1,21,8,121.5116977,25.0890488
111,4,25,11,43,2,08士林區,士林區社正路與通河西街2段口*,0,0,1,2,,8,1,5,50,4,1,1,5,4,5,7,2,1,5,5,5,1,20,3,,,,,,,,,,,,,67,22,1,,,121.5116977,25.0890488
111,4,25,11,45,2,10文山區,文山區木柵路1段與木柵路1段58巷口口,0,0,1,1,C03,8,1,5,30,4,1,1,5,4,5,7,2,1,4,4,5,1,3,1,68,3,10,1,4,7,6,1,10,1,11,,15,15,1,22,9,121.547394,24.98695897
111,4,25,11,45,2,10文山區,文山區木柵路1段與木柵路1段58巷口口,0,0,1,2,H01,8,1,5,30,4,1,1,5,4,5,7,2,1,4,4,5,1,3,2,32,2,8,4,5,8,16,8,20,1,16,,67,15,1,22,9,121.547394,24.98695897
111,4,25,11,45,2,10文山區,文山區木柵路1段與試院路口(雙號)口,0,0,2,1,C03,8,1,5,50,3,1,1,5,4,5,7,2,1,5,2,5,2,12,2,19,2,9,3,4,7,7,1,10,2,14,,7,7,1,22,9,121.5499191,24.98741746
111,4,25,11,45,2,10文山區,文山區木柵路1段與試院路口(雙號)口,0,0,2,2,B03,8,1,5,50,3,1,1,5,4,5,7,2,1,5,2,5,2,12,2,64,3,10,3,4,7,9,1,8,2,2,,44,7,1,22,9,121.5499191,24.98741746
111,4,25,11,45,2,10文山區,文山區木柵路1段與試院路口(雙號)口,0,0,2,3,F03,8,1,5,50,3,1,1,5,4,5,7,2,1,5,2,5,2,12,2,51,2,9,1,1,7,9,8,20,2,16,,44,7,1,22,9,121.5499191,24.98741746
111,4,25,11,50,2,12內湖區,內湖區成功路3段與成功路3段6巷口,0,0,1,1,C03,8,1,5,50,3,2,1,5,4,5,7,4,4,1,5,5,2,17,1,22,2,7,1,1,7,9,1,10,1,11,,44,44,1,22,9,121.5899758,25.07520116
111,4,25,11,50,2,12內湖區,內湖區成功路3段與成功路3段6巷口,0,0,1,2,C03,8,1,5,50,3,2,1,5,4,5,7,4,4,1,5,5,2,17,1,58,3,10,1,1,7,8,1,10,1,13,,7,44,1,22,9,121.5899758,25.07520116
111,4,25,11,51,2,11南港區,南港區南港路2段與向陽路口口,0,0,1,1,C03,8,1,5,50,4,1,1,5,4,5,7,2,1,1,4,5,2,16,1,68,2,9,1,1,7,5,1,10,2,11,,26,26,1,22,9,121.5948111,25.0543798
111,4,25,11,51,2,11南港區,南港區南港路2段與向陽路口口,0,0,1,2,B03,8,1,5,50,4,1,1,5,4,5,7,2,1,1,4,5,2,16,2,63,3,10,1,1,7,9,1,8,2,8,,44,26,1,22,9,121.5948111,25.0543798
111,4,25,12,5,2,03中山區,中山區市民大道3段與松江路口,0,0,1,1,B03,7,1,5,40,4,2,1,5,4,5,7,1,1,1,4,5,2,12,1,58,3,10,1,1,7,9,1,8,1,6,,44,44,1,22,9,121.5328981,25.0455621
111,4,25,12,5,2,03中山區,中山區市民大道3段與松江路口,0,0,1,2,C03,7,1,5,40,4,2,1,5,4,5,7,1,1,1,4,5,2,12,1,22,2,9,1,1,7,9,1,10,1,14,,23,44,1,22,9,121.5328981,25.0455621
111,4,25,12,15,2,12內湖區,內湖區民權東路6段140號旁,0,0,2,1,B12,8,1,5,50,14,9,1,5,4,5,7,4,4,1,4,5,2,17,1,31,3,10,3,4,7,8,1,8,1,15,,7,7,1,22,9,121.5894141,25.06894817
111,4,25,12,15,2,12內湖區,內湖區民權東路6段140號旁,0,0,2,2,C03,8,1,5,50,14,9,1,5,4,5,7,4,4,1,4,5,2,17,1,45,2,7,1,1,7,9,1,9,1,15,,16,7,1,22,9,121.5894141,25.06894817
111,4,25,12,15,2,12內湖區,內湖區民權東路6段140號旁,0,0,2,3,H02,8,1,5,50,14,9,1,5,4,5,7,4,4,1,4,5,2,17,2,40,2,7,1,5,7,21,8,20,10,15,,67,7,1,22,9,121.5894141,25.06894817
111,4,25,12,41,2,12內湖區,內湖區文湖街34號,0,0,2,1,C03,8,1,5,50,14,9,1,5,4,5,7,4,4,9,4,5,1,3,2,19,2,9,1,1,7,9,1,10,2,11,,23,23,1,22,9,121.5616269,25.08653762
111,4,25,12,41,2,12內湖區,內湖區文湖街34號,0,0,2,2,H01,8,1,5,50,14,9,1,5,4,5,7,4,4,9,4,5,1,3,2,37,2,9,4,5,8,16,8,20,10,16,,60,23,1,22,9,121.5616269,25.08653762
111,4,25,12,57,2,08士林區,士林區光華路南向北彎道,0,0,1,1,C02,8,1,5,30,11,9,1,5,4,5,1,4,4,4,5,5,1,16,1,23,2,7,1,1,7,6,1,10,1,14,,14,14,1,22,9,121.5450698,25.1379083
111,4,25,12,57,2,08士林區,士林區光華路南向北彎道,0,0,1,2,B03,8,1,5,30,11,9,1,5,4,5,1,4,4,4,5,5,1,16,1,19,3,10,1,1,7,9,1,8,1,4,,5,14,1,22,9,121.5450698,25.1379083
111,4,25,13,16,2,09北投區,北投區竹子湖路006號燈桿,0,0,1,1,C03,8,1,5,40,15,9,1,5,4,5,7,4,4,4,1,5,1,10,1,18,2,9,1,1,7,15,1,10,1,11,,43,43,1,22,9,121.5436426,25.15279028
111,4,25,13,16,2,09北投區,北投區竹子湖路006號燈桿,0,0,1,2,B03,8,1,5,40,15,9,1,5,4,5,7,4,4,4,1,5,1,10,1,37,3,10,1,1,7,9,1,8,1,1,,43,43,1,22,9,121.5436426,25.15279028
111,4,25,13,50,2,02萬華區,萬華區萬大路與艋舺大道口,0,0,1,1,C03,7,1,5,50,4,1,1,5,4,5,7,1,1,1,4,5,1,17,2,33,3,10,1,1,7,8,1,10,1,13,,7,7,1,22,9,121.5005413,25.03305012
111,4,25,13,50,2,02萬華區,萬華區萬大路與艋舺大道口,0,0,1,2,C03,7,1,5,50,4,1,1,5,4,5,7,1,1,1,4,5,1,17,1,47,2,9,1,1,7,9,1,10,1,11,,44,7,1,22,9,121.5005413,25.03305012
111,4,25,13,50,2,02萬華區,萬華區萬大路與艋舺大道口,0,0,1,3,C03,7,1,5,50,4,1,1,5,4,5,7,1,1,1,4,5,1,17,1,23,3,10,1,1,7,9,1,10,1,15,,44,7,1,22,9,121.5005413,25.03305012
111,4,25,13,55,2,05中正區,中正區長沙街1段20號旁,0,0,1,1,B03,8,1,5,50,14,9,1,5,4,5,7,4,4,9,4,5,1,16,1,69,3,10,1,1,7,6,1,8,1,5,,9,9,1,21,5,121.508691,25.0404503
111,4,25,13,55,2,05中正區,中正區長沙街1段20號旁,0,0,1,2,C03,8,1,5,50,14,9,1,5,4,5,7,4,4,9,4,5,1,16,1,46,2,8,1,1,7,9,1,10,1,14,,44,9,1,21,1,121.508691,25.0404503
111,4,25,13,58,2,04大安區,大安區仁愛路3段55號,0,0,1,1,C03,7,1,5,50,14,9,1,5,4,5,7,4,4,1,4,1,2,12,2,36,2,9,1,1,7,7,1,10,1,14,,7,7,1,22,9,121.5391028,25.03867176
111,4,25,13,58,2,04大安區,大安區仁愛路3段55號,0,0,1,2,B01,7,1,5,50,14,9,1,5,4,5,7,4,4,1,4,1,2,12,1,61,3,10,1,1,7,9,1,4,1,5,,44,7,1,22,9,121.5391028,25.03867176
111,4,25,14,10,2,09北投區,北投區稻香路187-197號與無名巷口,0,0,3,1,B03,8,1,5,40,3,1,1,5,4,5,7,1,1,9,4,5,2,13,1,33,2,7,3,4,7,9,1,8,1,1,,44,44,1,22,9,121.488613,25.14380823
111,4,25,14,10,2,09北投區,北投區稻香路187-197號與無名巷口,0,0,3,2,B03,8,1,5,40,3,1,1,5,4,5,7,1,1,9,4,5,2,13,1,64,2,7,3,4,7,14,1,8,1,3,,44,44,1,22,9,121.488613,25.14380823
111,4,25,14,10,2,09北投區,北投區稻香路187-197號與無名巷口,0,0,3,3,B03,8,1,5,40,3,1,1,5,4,5,7,1,1,9,4,5,2,13,1,47,3,10,3,4,7,14,1,8,1,3,,44,44,1,22,9,121.488613,25.14380823
111,4,25,14,10,2,09北投區,北投區稻香路187-197號與無名巷口,0,0,3,4,H02,8,1,5,40,3,1,1,5,4,5,7,1,1,9,4,5,2,13,2,31,2,3,4,5,7,20,8,20,10,16,,67,44,1,22,9,121.488613,25.14380823
111,4,25,14,18,2,03中山區,中山區松江路133巷與南京東路2段115巷口,0,0,2,1,C03,7,1,5,30,14,9,1,5,4,5,7,4,4,10,5,5,2,16,2,35,2,8,1,1,7,9,1,10,1,11,,6,6,1,22,9,121.53365,25.05435666
111,4,25,14,18,2,03中山區,中山區松江路133巷與南京東路2段115巷口,0,0,2,2,C03,7,1,5,30,14,9,1,5,4,5,7,4,4,10,5,5,2,16,2,25,2,9,1,1,7,9,1,10,1,13,,44,6,1,22,9,121.53365,25.05435666
111,4,25,14,40,2,07信義區,信義區吳興街156巷與基隆路2段79巷30弄口,0,0,1,1,B12,6,1,5,50,5,2,1,4,4,5,7,2,1,9,4,5,1,16,1,40,3,10,1,1,7,5,1,8,1,1,,8,8,1,22,9,121.5591082,25.02827797
111,4,25,14,40,2,07信義區,信義區吳興街156巷與基隆路2段79巷30弄口,0,0,1,2,C03,6,1,5,50,5,2,1,4,4,5,7,2,1,9,4,5,1,16,1,70,2,9,1,1,7,9,4,11,1,11,,14,8,1,22,9,121.5591082,25.02827797
111,4,25,14,43,2,02萬華區,萬華區西園路2段251號,0,0,1,1,B01,6,1,5,50,14,9,1,4,4,5,7,4,4,3,4,5,2,13,1,68,3,10,1,4,7,12,1,8,1,7,,16,16,1,22,9,121.4928115,25.02608159
111,4,25,14,43,2,02萬華區,萬華區西園路2段251號,0,0,1,2,C03,6,1,5,50,14,9,1,4,4,5,7,4,4,3,4,5,2,13,2,34,2,9,1,4,7,9,1,8,1,11,,23,16,1,22,9,121.4928115,25.02608159
111,4,25,14,55,2,03中山區,中山區民權東路2段29號,0,0,1,1,C03,6,1,5,50,14,8,1,4,4,5,7,4,4,1,1,3,1,17,1,57,3,10,3,4,7,9,1,10,1,15,,42,42,1,22,9,121.5293352,25.06265971
111,4,25,14,55,2,03中山區,中山區民權東路2段29號,0,0,1,2,C03,6,1,5,50,14,8,1,4,4,5,7,4,4,1,1,3,1,17,1,23,2,9,3,4,7,9,1,10,1,12,,16,42,1,22,9,121.5293352,25.06265971
111,4,25,14,55,2,03中山區,中山區長春路206號,0,0,2,1,C03,6,1,5,50,14,7,1,4,4,5,7,4,4,8,4,4,2,12,1,72,2,9,1,1,7,11,1,10,1,12,,10,10,1,22,9,121.536266,25.0547517
111,4,25,14,55,2,03中山區,中山區長春路206號,0,0,2,2,C03,6,1,5,50,14,7,1,4,4,5,7,4,4,8,4,4,2,12,2,55,2,9,1,1,7,9,1,10,1,14,,44,10,1,22,9,121.536266,25.0547517
111,4,25,15,42,2,02萬華區,萬華區桂林路與華江橋機車道口往板橋方向引道口,0,0,1,1,C03,8,1,5,50,5,1,1,5,4,5,7,2,1,5,1,5,2,13,1,24,3,10,1,4,7,9,1,10,1,11,,16,16,1,22,9,121.4959042,25.0387402
111,4,25,15,42,2,02萬華區,萬華區桂林路與華江橋機車道口往板橋方向引道口,0,0,1,2,C03,8,1,5,50,5,1,1,5,4,5,7,2,1,5,1,5,2,13,1,29,2,7,1,4,7,11,1,10,1,13,,44,16,1,22,9,121.4959042,25.0387402
111,4,25,15,42,2,02萬華區,萬華區桂林路與華江橋機車道口往板橋方向引道口,0,0,1,3,C03,8,1,5,50,5,1,1,5,4,5,7,2,1,5,1,5,2,13,1,34,3,10,1,4,7,5,1,10,1,15,,44,16,1,22,9,121.4959042,25.0387402