發生年度,發生月,發生日,發生時-Hours,發生分,處理別-編號,區序,肇事地點,死亡人數,2-30日死亡人數,受傷人數,當事人序號,車種,天候,光線,道路類別,速限-速度限制,道路型態,事故位置,路面狀況1,路面狀況2,路面狀況3,道路障礙1,道路障礙2,號誌1,號誌2,車道劃分-分向,車道劃分-分道1,車道劃分-分道2,車道劃分-分道3,事故類型及型態,性別,年齡,受傷程度,主要傷處,安全帽,行動電話,車輛用途,當事者行動狀態,駕駛資格情形,駕駛執照種類,飲酒情形,車輛撞擊部位1,車輛撞擊部位2,肇因碼-個別,肇因碼-主要,個人肇逃否,職業,旅次目的,座標-X,座標-Y
111,4,25,15,51,2,10文山區,文山區羅斯福路6段與景隆街口口,0,0,1,1,C03,7,1,5,50,4,1,1,4,4,5,7,2,1,1,4,5,2,17,2,16,2,9,1,1,7,9,2,18,2,11,,23,23,1,22,9,121.5396578,25.0004176
111,4,25,15,51,2,10文山區,文山區羅斯福路6段與景隆街口口,0,0,1,2,B12,7,1,5,50,4,1,1,4,4,5,7,2,1,1,4,5,2,17,2,44,3,10,1,1,7,11,1,8,2,6,,44,23,1,22,9,121.5396578,25.0004176
111,4,25,15,51,2,10文山區,文山區羅斯福路6段與景隆街口口,0,0,1,3,B12,7,1,5,50,4,1,1,4,4,5,7,2,1,1,4,5,2,17,1,54,3,10,1,1,7,9,1,8,2,7,,44,23,1,22,9,121.5396578,25.0004176
111,4,25,15,52,2,12內湖區,內湖區新明路174巷與新明路口,0,0,2,1,C03,8,1,5,50,3,1,1,5,4,5,7,3,1,10,4,5,2,6,1,36,2,9,1,1,7,9,1,10,11,11,,23,23,1,22,9,121.5854943,25.0573545
111,4,25,15,52,2,12內湖區,內湖區新明路174巷與新明路口,0,0,2,2,H01,8,1,5,50,3,1,1,5,4,5,7,3,1,10,4,5,2,6,1,71,2,9,4,5,8,18,8,20,10,16,,51,23,1,22,9,121.5854943,25.0573545
111,4,25,16,31,2,12內湖區,內湖區內湖路1段91巷35弄17號前,0,0,1,1,C03,7,1,5,30,13,9,1,4,4,3,7,4,4,10,5,5,2,16,1,54,2,9,1,1,7,1,1,10,1,11,,19,19,1,22,9,121.56222,25.08745125
111,4,25,16,31,2,12內湖區,內湖區內湖路1段91巷35弄17號前,0,0,1,2,C03,7,1,5,30,13,9,1,4,4,3,7,4,4,10,5,5,2,16,1,19,3,10,1,1,7,9,1,10,1,12,,44,19,1,22,9,121.56222,25.08745125
111,4,25,16,31,2,12內湖區,內湖區內湖路1段91巷35弄17號前,0,0,1,3,B12,7,1,5,30,13,9,1,4,4,3,7,4,4,10,5,5,2,16,1,69,3,10,3,1,7,13,1,8,1,15,,38,19,1,22,9,121.56222,25.08745125
111,4,25,17,18,2,10文山區,文山區新光路1段與萬壽橋口橋下,0,0,1,1,B01,7,1,5,50,8,9,1,5,4,5,7,4,4,1,4,5,2,17,1,64,3,10,1,1,7,14,1,4,1,6,,40,40,1,22,9,121.5730932,24.99158667
111,4,25,17,18,2,10文山區,文山區新光路1段與萬壽橋口橋下,0,0,1,2,C03,7,1,5,50,8,9,1,5,4,5,7,4,4,1,4,5,2,17,1,42,2,7,1,1,7,9,1,10,1,14,,44,40,1,22,9,121.5730932,24.99158667
111,4,25,17,18,2,10文山區,文山區新光路1段與萬壽橋口橋下,0,0,1,3,H02,7,1,5,50,8,9,1,5,4,5,7,4,4,1,4,5,2,17,2,60,3,10,1,5,7,19,8,20,10,15,,56,40,1,22,9,121.5730932,24.99158667
111,4,25,17,19,2,10文山區,文山區羅斯福路6段與羅斯福路6段469巷口,0,0,2,1,C03,8,1,5,50,5,2,1,5,4,5,7,1,1,1,4,5,2,12,1,46,2,9,1,1,7,4,1,10,2,14,,17,17,1,22,9,121.5397127,24.98983564
111,4,25,17,19,2,10文山區,文山區羅斯福路6段與羅斯福路6段469巷口,0,0,2,2,C03,8,1,5,50,5,2,1,5,4,5,7,1,1,1,4,5,2,12,2,47,2,9,1,1,7,9,1,10,2,12,,44,17,1,22,9,121.5397127,24.98983564
111,4,25,17,19,2,10文山區,文山區羅斯福路6段與羅斯福路6段469巷口,0,0,2,3,B01,8,1,5,50,5,2,1,5,4,5,7,1,1,1,4,5,2,12,1,43,3,10,1,1,7,14,1,4,2,2,,44,17,1,22,9,121.5397127,24.98983564
111,4,25,17,42,2,05中正區,中正區仁愛路1段與林森南路口,0,0,1,1,C03,6,1,5,50,4,2,1,4,4,5,7,1,1,5,4,5,2,16,1,28,3,10,1,1,7,7,4,8,2,13,,7,7,1,22,9,121.5216534,25.03906384
111,4,25,17,42,2,05中正區,中正區仁愛路1段與林森南路口,0,0,1,2,C03,6,1,5,50,4,2,1,4,4,5,7,1,1,5,4,5,2,16,2,30,2,9,1,1,7,9,1,10,2,11,,44,7,1,22,9,121.5216534,25.03906384
111,4,25,17,58,2,07信義區,信義區松仁路與松仁路121巷口,0,0,1,1,B03,7,1,5,50,14,9,1,5,4,5,7,2,1,1,4,5,1,16,1,23,3,10,1,1,7,7,1,8,1,4,,7,7,1,22,9,121.5684251,25.0348377
111,4,25,17,58,2,07信義區,信義區松仁路與松仁路121巷口,0,0,1,2,C03,7,1,5,50,14,9,1,5,4,5,7,2,1,1,4,5,1,16,1,43,2,9,1,1,7,9,1,10,1,12,,44,7,1,22,9,121.5684251,25.0348377
111,4,25,18,7,2,09北投區,北投區石牌路2段315巷28弄與石牌路2段315巷16弄口,0,0,1,1,C03,8,1,5,30,4,1,1,5,4,5,7,4,4,10,5,5,2,16,1,26,2,9,3,4,7,9,1,10,1,11,,6,6,1,22,9,121.5222239,25.1230953
111,4,25,18,7,2,09北投區,北投區石牌路2段315巷28弄與石牌路2段315巷16弄口,0,0,1,2,B03,8,1,5,30,4,1,1,5,4,5,7,4,4,10,5,5,2,16,1,36,3,10,3,4,7,9,1,8,1,4,,44,6,1,22,9,121.5222239,25.1230953
111,4,25,18,27,2,09北投區,北投區尊賢街230巷與吉利街142巷口,0,0,1,1,C03,8,1,5,30,4,1,1,5,4,5,7,4,4,10,5,5,2,15,2,49,2,9,1,1,7,9,1,10,1,11,,43,43,1,22,9,121.5083063,25.1163067
111,4,25,18,27,2,09北投區,北投區尊賢街230巷與吉利街142巷口,0,0,1,2,C03,8,1,5,30,4,1,1,5,4,5,7,4,4,10,5,5,2,15,1,42,3,10,1,1,7,9,1,10,1,14,,43,43,1,22,9,121.5083063,25.1163067
111,4,25,18,28,2,06松山區,松山區八德路3段10號,0,0,1,1,B03,7,3,5,50,14,9,1,5,4,5,7,4,4,8,3,5,2,16,1,39,3,10,1,1,7,11,1,8,1,4,,10,10,1,22,9,121.5498093,25.04818555
111,4,25,18,28,2,06松山區,松山區八德路3段10號,0,0,1,2,C03,7,3,5,50,14,9,1,5,4,5,7,4,4,8,3,5,2,16,1,32,2,7,1,1,7,9,1,10,1,12,,13,10,1,22,9,121.5498093,25.04818555
111,4,25,19,30,2,07信義區,信義區信義路5段與基隆路2段口,0,0,1,1,C03,8,3,5,50,14,9,1,5,4,5,7,1,1,10,4,5,2,17,2,36,2,9,1,1,7,8,1,10,1,13,,7,7,1,22,9,121.5593712,25.03275849
111,4,25,19,30,2,07信義區,信義區信義路5段與基隆路2段口,0,0,1,2,B03,8,3,5,50,14,9,1,5,4,5,7,1,1,10,4,5,2,17,1,32,3,10,1,1,7,5,1,8,1,1,,23,7,1,22,9,121.5593712,25.03275849
111,4,25,20,5,2,05中正區,中正區辛亥路1段與汀州路3段口,0,0,1,1,B03,8,3,5,50,4,1,1,5,4,5,7,2,1,1,4,5,2,17,2,24,3,10,1,1,7,9,1,8,1,8,,26,26,1,22,9,121.5278311,25.0181965
111,4,25,20,5,2,05中正區,中正區辛亥路1段與汀州路3段口,0,0,1,2,C03,8,3,5,50,4,1,1,5,4,5,7,2,1,1,4,5,2,17,2,43,2,9,1,1,7,9,1,10,1,14,,42,26,1,22,9,121.5278311,25.0181965
111,4,25,20,36,2,08士林區,士林區德行東路129巷與忠誠路2段10巷口,0,0,1,1,C03,8,3,5,30,4,1,1,5,4,5,7,4,4,10,5,5,2,15,2,21,2,9,1,1,7,9,5,10,2,12,,6,6,1,22,9,121.5292155,25.10880717
111,4,25,20,36,2,08士林區,士林區德行東路129巷與忠誠路2段10巷口,0,0,1,2,B03,8,3,5,30,4,1,1,5,4,5,7,4,4,10,5,5,2,15,1,56,3,10,3,4,7,9,6,8,2,1,,44,6,1,22,9,121.5292155,25.10880717
111,4,25,20,42,2,01大同區,大同區市民大道1段與承德路1段口,0,0,1,1,B03,7,1,5,40,4,2,1,5,4,5,7,2,1,1,4,5,2,12,1,64,4,11,3,4,7,9,1,8,11,15,,42,42,2,22,9,121.5165815,25.04891219
111,4,25,20,42,2,01大同區,大同區市民大道1段與承德路1段口,0,0,1,2,C03,7,1,5,40,4,2,1,5,4,5,7,2,1,1,4,5,2,12,1,18,2,8,1,4,7,7,1,10,2,14,,7,42,1,22,9,121.5165815,25.04891219
111,4,25,20,45,2,09北投區,北投區光明路283號前,0,0,1,1,C03,7,3,5,30,11,9,1,5,4,5,7,4,4,5,4,5,2,12,2,66,2,9,1,1,7,9,1,10,2,14,,6,6,1,22,9,121.5109204,25.13677262
111,4,25,20,45,2,09北投區,北投區光明路283號前,0,0,1,2,B03,7,3,5,30,11,9,1,5,4,5,7,4,4,5,4,5,2,12,1,63,3,10,1,1,7,9,1,6,2,2,,23,6,1,22,9,121.5109204,25.13677262
111,4,25,22,28,2,03中山區,中山區中山北路3段往北上中山橋,0,0,1,1,B02,8,3,5,50,8,9,1,5,4,5,7,4,4,1,3,5,1,12,1,45,3,10,3,4,7,8,1,8,2,6,,7,7,1,22,9,121.5245286,25.073703
111,4,25,22,28,2,03中山區,中山區中山北路3段往北上中山橋,0,0,1,2,C03,8,3,5,50,8,9,1,5,4,5,7,4,4,1,3,5,1,12,1,22,2,9,3,4,7,6,1,10,2,11,,13,7,1,22,9,121.5245286,25.073703
111,4,25,23,16,2,11南港區,南港區市民大道8段與興華路口,0,0,1,1,C03,8,3,5,50,3,1,1,5,4,5,6,2,1,1,2,5,2,17,1,45,3,10,1,4,7,5,1,10,1,13,,8,8,1,22,9,121.6064726,25.0532043
111,4,25,23,16,2,11南港區,南港區市民大道8段與興華路口,0,0,1,2,C03,8,3,5,50,3,1,1,5,4,5,6,2,1,1,2,5,2,17,2,22,2,9,1,4,7,9,1,10,1,11,,23,8,1,22,9,121.6064726,25.0532043
111,4,26,0,40,2,05中正區,中正區羅斯福路4段136巷與羅斯福路4段口,0,0,1,1,C03,8,3,5,50,3,1,1,5,4,5,7,4,4,10,4,5,2,13,2,24,2,9,1,1,7,9,1,10,1,11,,16,16,1,22,9,121.535945,25.0130072
111,4,26,0,40,2,05中正區,中正區羅斯福路4段136巷與羅斯福路4段口,0,0,1,2,B01,8,3,5,50,3,1,1,5,4,5,7,4,4,10,4,5,2,13,1,68,3,10,1,1,7,8,1,4,1,3,,44,16,1,22,9,121.535945,25.0130072
111,4,26,1,14,1,02萬華區,萬華區漢中街與成都路口,1,0,0,1,B03,7,3,5,50,4,1,1,5,4,5,7,3,1,8,3,5,2,3,1,32,3,10,1,1,7,5,1,8,2,1,,15,15,1,22,9,121.5075156,25.0423769
111,4,26,1,14,1,02萬華區,萬華區漢中街與成都路口,1,0,0,2,H01,7,3,5,50,4,1,1,5,4,5,7,3,1,8,3,5,2,3,1,83,1,1,4,5,8,16,8,20,10,16,,67,15,1,22,9,121.5075156,25.0423769
111,4,26,1,18,2,03中山區,中山區長安東路2段與吉林路口,0,0,1,1,C03,8,3,5,50,5,1,1,5,4,5,7,1,1,4,3,5,1,16,1,50,2,8,1,4,7,7,1,10,2,11,,7,7,1,22,9,121.529982,25.04854945
111,4,26,1,18,2,03中山區,中山區長安東路2段與吉林路口,0,0,1,2,B01,8,3,5,50,5,1,1,5,4,5,7,1,1,4,3,5,1,16,1,36,3,10,3,4,7,8,1,8,2,6,,44,7,1,22,9,121.529982,25.04854945
111,4,26,2,54,2,08士林區,士林區福林路士林四號廣場對面,0,0,1,1,C03,8,3,5,50,14,9,1,5,3,1,7,4,4,5,5,5,2,18,2,24,2,8,3,4,7,9,1,10,1,11,,23,23,1,22,9,121.5319607,25.09631924
111,4,26,2,54,2,08士林區,士林區福林路士林四號廣場對面,0,0,1,2,,8,3,5,50,14,9,1,5,3,1,7,4,4,5,5,5,2,18,3,,,,,,,,,,,,,61,23,1,,,121.5319607,25.09631924
111,4,26,4,0,2,06松山區,松山區市民大道5段275號,0,0,2,1,F01,8,3,5,40,14,9,1,5,4,5,7,4,4,1,3,5,2,13,1,62,2,9,1,1,7,9,8,20,1,16,,42,42,1,22,9,121.5675298,25.04880231
111,4,26,4,0,2,06松山區,松山區市民大道5段275號,0,0,2,2,C03,8,3,5,40,14,9,1,5,4,5,7,4,4,1,3,5,2,13,1,19,2,9,1,1,7,9,1,10,1,11,,23,42,1,22,9,121.5675298,25.04880231
111,4,26,4,47,2,03中山區,中山區南京東路3段與龍江路口,0,0,1,1,C03,8,3,5,50,4,1,1,5,4,5,7,1,1,4,3,5,1,17,1,51,3,10,1,1,7,5,1,10,2,15,,8,8,1,22,9,121.5404458,25.052005
111,4,26,4,47,2,03中山區,中山區南京東路3段與龍江路口,0,0,1,2,C03,8,3,5,50,4,1,1,5,4,5,7,1,1,4,3,5,1,17,1,26,2,9,1,1,7,9,1,10,1,12,,44,8,1,22,9,121.5404458,25.052005
111,4,26,6,54,2,02萬華區,萬華區昆明街與昆明街119巷口,0,0,2,1,C03,8,1,5,30,4,1,1,5,4,5,7,4,4,10,4,5,2,15,2,51,2,9,1,1,7,9,1,10,1,14,,6,6,1,22,9,121.5045885,25.0418228
111,4,26,6,54,2,02萬華區,萬華區昆明街與昆明街119巷口,0,0,2,2,C03,8,1,5,30,4,1,1,5,4,5,7,4,4,10,4,5,2,15,2,37,2,9,1,1,7,9,1,10,1,11,,14,6,1,22,9,121.5045885,25.0418228
111,4,26,6,55,2,12內湖區,內湖區新湖三路288號,0,0,1,1,B03,8,1,5,50,14,9,1,5,4,5,7,4,4,9,5,5,2,17,1,55,3,10,1,1,7,6,1,8,1,2,,9,9,1,22,9,121.5823328,25.06611928
111,4,26,6,55,2,12內湖區,內湖區新湖三路288號,0,0,1,2,C03,8,1,5,50,14,9,1,5,4,5,7,4,4,9,5,5,2,17,1,39,2,8,1,1,7,9,1,10,1,14,,44,9,1,22,9,121.5823328,25.06611928
111,4,26,7,53,2,12內湖區,內湖區康樂街48巷與康樂街48巷口口,0,0,3,1,C03,8,1,5,50,3,1,1,5,4,5,7,4,4,9,5,5,2,11,1,36,2,8,1,1,7,5,1,10,1,11,,6,6,1,22,9,121.6184251,25.06884953
111,4,26,7,53,2,12內湖區,內湖區康樂街48巷與康樂街48巷口口,0,0,3,2,C03,8,1,5,50,3,1,1,5,4,5,7,4,4,9,5,5,2,11,2,21,2,8,1,1,7,9,1,10,1,14,,44,6,1,22,9,121.6184251,25.06884953
111,4,26,7,53,2,12內湖區,內湖區康樂街48巷與康樂街48巷口口,0,0,3,3,H02,8,1,5,50,3,1,1,5,4,5,7,4,4,9,5,5,2,11,2,8,2,8,4,5,7,20,8,20,10,16,,67,6,1,22,9,121.6184251,25.06884953
111,4,26,7,56,2,04大安區,大安區新生南路3段往北方向,0,0,1,1,C03,8,1,5,0,14,7,1,5,4,5,7,2,1,8,3,4,1,13,1,55,2,7,1,1,7,12,1,10,1,11,,16,16,1,5,3,121.5341178,25.02030319
111,4,26,7,56,2,04大安區,大安區新生南路3段往北方向,0,0,1,2,B03,8,1,5,0,14,7,1,5,4,5,7,2,1,8,3,4,1,13,1,62,3,10,1,1,7,12,1,8,1,3,,44,16,1,21,5,121.5341178,25.02030319
111,4,26,8,8,2,04大安區,大安區信義路4段與信義路4段335巷口,0,0,1,1,B03,8,1,5,50,3,1,1,5,4,5,7,4,4,1,5,5,1,12,1,50,3,10,1,1,7,5,1,8,2,4,,44,44,1,22,9,121.5562947,25.03325866
111,4,26,8,8,2,04大安區,大安區信義路4段與信義路4段335巷口,0,0,1,2,C03,8,1,5,50,3,1,1,5,4,5,7,4,4,1,5,5,1,12,1,25,2,9,1,1,7,4,1,10,2,12,,23,44,1,22,9,121.5562947,25.03325866
111,4,26,8,13,2,04大安區,大安區辛亥路3段與辛亥路3段157巷口,0,0,1,1,C03,8,1,5,50,14,9,1,5,4,5,7,2,1,5,4,5,2,13,2,55,2,9,1,4,7,9,1,10,1,11,,16,16,1,22,9,121.5492254,25.01727125
111,4,26,8,13,2,04大安區,大安區辛亥路3段與辛亥路3段157巷口,0,0,1,2,C03,8,1,5,50,14,9,1,5,4,5,7,2,1,5,4,5,2,13,1,47,3,10,1,4,7,12,1,10,1,13,,44,16,1,22,9,121.5492254,25.01727125
111,4,26,8,30,2,05中正區,中正區愛國西路52號,0,0,1,1,C03,8,1,5,40,14,8,1,5,4,3,7,4,4,3,4,4,2,17,1,35,3,10,1,1,7,12,1,10,1,13,,42,42,1,22,9,121.5072654,25.036881
111,4,26,8,30,2,05中正區,中正區愛國西路52號,0,0,1,2,C03,8,1,5,40,14,8,1,5,4,3,7,4,4,3,4,4,2,17,1,32,2,8,1,1,7,9,1,10,1,11,,16,42,1,22,9,121.5072654,25.036881
111,4,26,8,30,2,05中正區,中正區愛國西路52號,0,0,1,3,B03,8,1,5,40,14,8,1,5,4,3,7,4,4,3,4,4,2,17,4,,4,11,3,4,7,15,7,19,11,15,,43,42,2,22,9,121.5072654,25.036881
111,4,26,8,40,2,08士林區,士林區文林路436號,0,0,1,1,B12,8,1,5,50,14,9,1,5,4,5,7,4,4,5,4,5,1,17,1,27,3,10,1,1,7,2,1,8,1,3,,12,12,1,22,9,121.5247911,25.09463914
111,4,26,8,40,2,08士林區,士林區文林路436號,0,0,1,2,C03,8,1,5,50,14,9,1,5,4,5,7,4,4,5,4,5,1,17,1,21,2,5,1,1,7,14,1,10,1,11,,44,12,1,22,9,121.5247911,25.09463914
111,4,26,9,13,2,08士林區,士林區天母東路8巷19弄與天母東路22巷口,0,0,1,2,B01,8,1,5,30,4,1,1,5,4,5,7,4,4,10,5,5,1,16,1,59,3,10,1,1,7,9,1,4,2,8,,44,6,1,22,9,121.532526,25.11747108
111,4,26,9,13,2,08士林區,士林區天母東路8巷19弄與天母東路22巷口,0,0,1,1,C03,8,1,5,30,4,1,1,5,4,5,7,4,4,10,5,5,1,16,2,29,2,9,1,1,7,9,1,10,2,11,,6,6,1,22,9,121.532526,25.11747108
111,4,26,9,15,2,05中正區,中正區和平西路2段與寧波西街口,0,0,2,1,C03,8,1,5,50,14,9,1,5,4,5,7,1,1,1,4,1,2,12,2,21,2,9,1,1,7,8,1,10,2,12,,7,7,1,22,9,121.512038,25.02906244
111,4,26,9,15,2,05中正區,中正區和平西路2段與寧波西街口,0,0,2,2,C03,8,1,5,50,14,9,1,5,4,5,7,1,1,1,4,1,2,12,1,31,2,9,1,1,7,9,1,10,2,14,,13,7,1,22,9,121.512038,25.02906244
111,4,26,9,15,2,12內湖區,內湖區堤頂大道1段麥帥新城停車場出入口,0,0,2,1,C03,8,1,5,50,14,9,1,5,4,5,7,4,4,1,4,5,2,17,2,41,2,9,1,1,7,8,1,10,1,12,,17,7,1,22,9,121.5751232,25.05538365
111,4,26,9,15,2,12內湖區,內湖區堤頂大道1段麥帥新城停車場出入口,0,0,2,2,C03,8,1,5,50,14,9,1,5,4,5,7,4,4,1,4,5,2,17,1,26,2,9,1,1,7,9,1,10,1,14,,17,7,1,22,9,121.5751232,25.05538365
111,4,26,9,16,2,02萬華區,萬華區桂林路38號,0,0,2,1,B02,8,1,5,50,14,9,1,5,4,5,7,4,4,5,4,5,2,16,1,49,3,10,1,1,7,5,1,8,1,4,,8,8,1,22,9,121.5046507,25.03786671
111,4,26,9,16,2,02萬華區,萬華區桂林路38號,0,0,2,2,C03,8,1,5,50,14,9,1,5,4,5,7,4,4,5,4,5,2,16,1,22,2,7,1,1,7,9,1,10,1,11,,14,8,1,22,9,121.5046507,25.03786671
111,4,26,9,16,2,02萬華區,萬華區桂林路38號,0,0,2,3,H02,8,1,5,50,14,9,1,5,4,5,7,4,4,5,4,5,2,16,2,21,2,9,4,5,7,20,8,20,10,16,,67,8,1,22,9,121.5046507,25.03786671
111,4,26,9,16,2,05中正區,中正區鄭州路與重慶北路1段口,0,0,1,1,C03,8,1,5,40,5,1,1,5,4,5,7,2,1,1,4,5,2,12,1,29,3,10,1,1,7,6,1,10,2,12,,9,9,1,22,9,121.5132573,25.04926362
111,4,26,9,16,2,05中正區,中正區鄭州路與重慶北路1段口,0,0,1,2,C03,8,1,5,40,5,1,1,5,4,5,7,2,1,1,4,5,2,12,2,30,2,9,1,1,7,9,1,9,2,14,,23,9,1,22,9,121.5132573,25.04926362
111,4,26,9,31,2,04大安區,大安區忠孝東路4段與敦化南路1段口,0,0,2,2,C03,8,1,5,50,14,9,1,5,4,5,7,2,1,8,3,5,1,12,2,50,2,8,1,1,7,12,1,10,1,14,,44,16,1,21,5,121.5491753,25.04160478
111,4,26,9,31,2,04大安區,大安區忠孝東路4段與敦化南路1段口,0,0,2,1,C03,8,1,5,50,14,9,1,5,4,5,7,2,1,8,3,5,1,12,1,30,2,7,1,1,7,12,1,10,1,12,,16,16,1,5,3,121.5491753,25.04160478
111,4,26,10,4,2,05中正區,中正區重慶南路1段124號,0,0,1,1,C03,8,1,5,50,14,9,1,5,4,5,7,1,1,9,4,5,2,17,1,65,2,9,1,1,7,1,1,10,1,13,,19,19,1,22,9,121.5131874,25.042018
111,4,26,10,4,2,05中正區,中正區重慶南路1段124號,0,0,1,2,C03,8,1,5,50,14,9,1,5,4,5,7,1,1,9,4,5,2,17,1,26,3,10,1,1,7,9,1,10,1,11,,23,19,1,22,9,121.5131874,25.042018
111,4,26,10,25,2,08士林區,士林區中山北路5段437號,0,0,1,1,B03,8,1,5,50,14,7,1,5,4,5,7,4,4,5,4,3,1,17,1,37,3,10,1,1,7,9,1,8,2,1,,16,16,1,22,9,121.5275117,25.09104819
111,4,26,10,25,2,08士林區,士林區中山北路5段437號,0,0,1,2,B03,8,1,5,50,14,7,1,5,4,5,7,4,4,5,4,3,1,17,1,33,3,10,1,1,7,9,1,8,2,3,,44,16,1,22,9,121.5275117,25.09104819
111,4,26,10,25,2,08士林區,士林區中山北路5段437號,0,0,1,3,B03,8,1,5,50,14,7,1,5,4,5,7,4,4,5,4,3,1,17,1,79,3,10,1,1,7,9,1,8,2,3,,44,16,1,22,9,121.5275117,25.09104819
111,4,26,10,25,2,08士林區,士林區中山北路5段437號,0,0,1,4,H02,8,1,5,50,14,7,1,5,4,5,7,4,4,5,4,3,1,17,1,30,2,1,1,1,7,21,8,20,10,16,,67,16,1,22,9,121.5275117,25.09104819
111,4,26,10,35,2,08士林區,士林區中山北路4段與通河街口圓山風景區前,0,0,1,1,C03,8,1,5,50,11,9,1,5,4,5,7,4,4,1,5,5,1,13,1,20,2,9,1,1,7,9,1,10,1,11,,23,23,1,22,9,121.5244742,25.08088212
111,4,26,10,35,2,08士林區,士林區中山北路4段與通河街口圓山風景區前,0,0,1,2,B01,8,1,5,50,11,9,1,5,4,5,7,4,4,1,5,5,1,13,1,67,3,10,1,1,7,14,1,4,1,3,,26,23,1,22,9,121.5244742,25.08088212
111,4,26,10,45,2,03中山區,中山區民族西路與中山北路3段口口,0,0,1,1,B03,8,1,5,50,4,1,1,5,4,5,7,2,1,5,4,5,2,17,2,55,3,10,3,4,7,5,1,8,1,5,,8,8,1,22,9,121.5226557,25.06849174
111,4,26,10,45,2,03中山區,中山區民族西路與中山北路3段口口,0,0,1,2,C03,8,1,5,50,4,1,1,5,4,5,7,2,1,5,4,5,2,17,2,26,2,9,1,1,7,9,1,10,1,14,,44,8,1,22,9,121.5226557,25.06849174
111,4,26,10,50,2,05中正區,中正區中華路2段與愛國西路口,0,0,2,1,B03,8,1,5,50,5,1,1,5,4,5,7,2,1,1,4,5,2,12,1,57,3,10,1,1,7,6,1,8,2,5,,9,9,1,22,9,121.5069632,25.036999
111,4,26,10,50,2,05中正區,中正區中華路2段與愛國西路口,0,0,2,2,C03,8,1,5,50,5,1,1,5,4,5,7,2,1,1,4,5,2,12,1,19,2,9,1,1,7,9,1,10,2,13,,42,9,1,22,9,121.5069632,25.036999
111,4,26,10,50,2,05中正區,中正區中華路2段與愛國西路口,0,0,2,3,H01,8,1,5,50,5,1,1,5,4,5,7,2,1,1,4,5,2,12,1,25,2,9,4,5,8,16,8,20,10,16,,67,9,1,22,9,121.5069632,25.036999
111,4,26,10,56,2,02萬華區,萬華區環河南路2段與環河南路2段175巷口,0,0,2,1,C03,8,1,5,50,4,2,1,5,4,5,7,2,1,3,5,5,1,16,1,48,2,9,1,4,7,9,1,10,1,11,,43,43,1,22,9,121.4921959,25.03281818
111,4,26,10,56,2,02萬華區,萬華區環河南路2段與環河南路2段175巷口,0,0,2,2,F01,8,1,5,50,4,2,1,5,4,5,7,2,1,3,5,5,1,16,1,69,2,9,1,1,7,9,8,20,1,16,,25,43,1,22,9,121.4921959,25.03281818
111,4,26,11,48,2,09北投區,北投區大業路527巷與中央北路4段口聯絡道路,0,0,1,1,C03,8,1,5,30,3,2,1,5,4,5,7,4,4,5,5,5,2,16,1,33,2,9,1,1,7,5,1,10,1,12,,8,8,1,22,9,121.4758426,25.13257326
111,4,26,11,48,2,09北投區,北投區大業路527巷與中央北路4段口聯絡道路,0,0,1,2,B03,8,1,5,30,3,2,1,5,4,5,7,4,4,5,5,5,2,16,1,48,3,10,1,1,7,9,1,8,1,8,,14,8,1,22,9,121.4758426,25.13257326
111,4,26,11,50,2,02萬華區,萬華區康定路236號,0,0,1,1,C03,8,1,5,50,14,9,1,5,4,5,7,4,4,8,3,5,1,16,1,71,2,7,3,4,7,11,1,10,1,11,,26,26,1,22,9,121.5016966,25.03774618
111,4,26,11,50,2,02萬華區,萬華區康定路236號,0,0,1,2,C03,8,1,5,50,14,9,1,5,4,5,7,4,4,8,3,5,1,16,1,50,3,10,3,4,7,9,4,10,1,11,,44,26,1,22,9,121.5016966,25.03774618
111,4,26,12,8,2,04大安區,大安區大安路1段與大安路1段169巷口,0,0,1,1,C03,8,1,5,30,5,1,1,5,4,5,7,4,4,10,5,5,2,16,1,62,2,8,1,1,7,5,1,10,1,12,,6,6,1,22,9,121.545998,25.03678654
111,4,26,12,8,2,04大安區,大安區大安路1段與大安路1段169巷口,0,0,1,2,B03,8,1,5,30,5,1,1,5,4,5,7,4,4,10,5,5,2,16,1,66,3,10,1,1,7,9,1,8,1,4,,23,6,1,22,9,121.545998,25.03678654
111,4,26,12,30,2,08士林區,士林區仰德大道1段110號旁,0,0,1,1,C03,8,1,5,40,14,9,1,5,4,5,7,4,4,5,5,5,1,13,1,20,2,9,1,1,7,9,1,10,1,11,,23,23,1,21,8,121.536689,25.10813228
111,4,26,12,30,2,08士林區,士林區仰德大道1段110號旁,0,0,1,2,B03,8,1,5,40,14,9,1,5,4,5,7,4,4,5,5,5,1,13,2,47,3,10,1,1,7,14,1,8,1,3,,44,23,1,21,8,121.536689,25.10813228
111,4,26,13,3,2,12內湖區,內湖區新湖一路99號前(民善街上),0,0,1,1,C03,8,1,5,50,14,9,1,5,4,5,7,4,4,9,5,5,2,18,1,32,2,7,1,1,7,9,1,10,1,14,,42,42,1,22,9,121.5765424,25.0582912
111,4,26,13,3,2,12內湖區,內湖區新湖一路99號前(民善街上),0,0,1,2,,8,1,5,50,14,9,1,5,4,5,7,4,4,9,5,5,2,18,3,,,,,,,,,,,,,67,42,1,,,121.5765424,25.0582912
111,4,26,13,3,2,12內湖區,內湖區新湖一路99號前(民善街上),0,0,1,3,B03,8,1,5,50,14,9,1,5,4,5,7,4,4,9,5,5,2,18,2,61,3,10,1,1,7,1,1,8,1,15,,19,42,1,22,9,121.5765424,25.0582912