發生年度,發生月,發生日,發生時-Hours,發生分,處理別-編號,區序,肇事地點,死亡人數,2-30日死亡人數,受傷人數,當事人序號,車種,天候,光線,道路類別,速限-速度限制,道路型態,事故位置,路面狀況1,路面狀況2,路面狀況3,道路障礙1,道路障礙2,號誌1,號誌2,車道劃分-分向,車道劃分-分道1,車道劃分-分道2,車道劃分-分道3,事故類型及型態,性別,年齡,受傷程度,主要傷處,安全帽,行動電話,車輛用途,當事者行動狀態,駕駛資格情形,駕駛執照種類,飲酒情形,車輛撞擊部位1,車輛撞擊部位2,肇因碼-個別,肇因碼-主要,個人肇逃否,職業,旅次目的,座標-X,座標-Y
111,4,26,13,4,2,04大安區,大安區信義路3段134巷與信義路3段134巷45弄口,0,0,1,1,B03,8,1,5,50,3,1,1,5,4,5,7,4,4,9,5,5,2,16,1,63,3,10,1,1,7,6,1,8,1,4,,6,6,1,22,9,121.5393882,25.0298974
111,4,26,13,4,2,04大安區,大安區信義路3段134巷與信義路3段134巷45弄口,0,0,1,2,C04,8,1,5,50,3,1,1,5,4,5,7,4,4,9,5,5,2,16,2,29,2,9,1,1,7,9,1,8,1,12,,14,6,1,22,9,121.5393882,25.0298974
111,4,26,13,4,2,04大安區,大安區信義路3段134巷與信義路3段134巷45弄口,0,0,1,3,B12,8,1,5,50,3,1,1,5,4,5,7,4,4,9,5,5,2,16,1,64,4,11,3,4,7,15,7,19,9,15,,38,6,2,22,9,121.5393882,25.0298974
111,4,26,13,45,2,11南港區,南港區市民大道7段與東新街口,0,0,1,1,C03,7,1,5,50,4,2,1,5,4,5,7,2,1,3,3,5,2,16,2,66,2,9,3,4,7,9,1,10,1,14,,17,17,1,22,9,121.5838971,25.0497024
111,4,26,13,45,2,11南港區,南港區市民大道7段與東新街口,0,0,1,2,B02,7,1,5,50,4,2,1,5,4,5,7,2,1,3,3,5,2,16,1,26,3,10,3,4,7,9,1,4,1,2,,44,17,1,22,9,121.5838971,25.0497024
111,4,26,13,49,2,10文山區,文山區和平東路4段與萬美街1段口,0,0,1,1,B03,8,1,5,40,14,9,2,5,4,5,7,1,1,5,4,5,1,17,2,70,3,10,3,4,7,5,1,8,1,8,,2,2,1,22,9,121.571903,25.0023682
111,4,26,13,49,2,10文山區,文山區和平東路4段與萬美街1段口,0,0,1,2,C01,8,1,5,40,14,9,2,5,4,5,7,1,1,5,4,5,1,17,1,21,2,7,1,4,7,9,1,9,1,11,,23,2,1,22,9,121.571903,25.0023682
111,4,26,14,35,2,05中正區,中正區羅斯福路2段與羅斯福路2段8巷口,0,0,1,1,B02,8,1,5,50,3,2,1,5,4,5,7,4,4,1,4,5,2,16,2,59,3,10,1,1,7,6,1,8,1,1,,6,6,1,22,9,121.5209411,25.02897392
111,4,26,14,35,2,05中正區,中正區羅斯福路2段與羅斯福路2段8巷口,0,0,1,2,C03,8,1,5,50,3,2,1,5,4,5,7,4,4,1,4,5,2,16,1,74,2,9,1,1,7,9,1,10,1,12,,44,6,1,22,9,121.5209411,25.02897392
111,4,26,15,20,2,02萬華區,萬華區艋舺大道82號,0,0,2,1,C03,8,1,5,50,14,9,1,5,4,5,7,4,4,8,3,5,1,12,2,52,2,7,1,1,7,4,4,11,1,12,,23,23,1,22,9,121.5032733,25.03342251
111,4,26,15,20,2,02萬華區,萬華區艋舺大道82號,0,0,2,2,C03,8,1,5,50,14,9,1,5,4,5,7,4,4,8,3,5,1,12,2,46,2,8,1,1,7,9,1,10,1,14,,44,23,1,22,9,121.5032733,25.03342251
111,4,26,15,30,2,05中正區,中正區中華路2段39巷,0,0,1,2,B01,8,1,5,30,14,9,1,5,4,5,7,4,4,10,5,5,2,17,1,67,3,10,1,1,7,14,1,4,1,2,,38,13,1,22,9,121.5069481,25.0350767
111,4,26,15,30,2,05中正區,中正區中華路2段39巷,0,0,1,1,C03,8,1,5,30,14,9,1,5,4,5,7,4,4,10,5,5,2,17,2,50,2,9,1,1,7,9,1,10,1,11,,13,13,1,22,9,121.5069481,25.0350767
111,4,26,15,32,2,10文山區,文山區辛亥路5段56號前,0,0,1,1,C03,8,1,5,50,14,9,1,5,4,5,7,4,4,1,4,5,2,13,1,25,2,9,1,1,7,9,1,10,2,11,,23,23,1,22,9,121.5538051,24.99948399
111,4,26,15,32,2,10文山區,文山區辛亥路5段56號前,0,0,1,2,B03,8,1,5,50,14,9,1,5,4,5,7,4,4,1,4,5,2,13,2,66,3,10,3,4,7,13,1,8,11,7,,38,23,1,22,9,121.5538051,24.99948399
111,4,26,15,33,2,04大安區,大安區忠孝東路4段223巷與忠孝東路4段223巷20弄口,0,0,1,1,C03,8,1,5,30,4,2,1,5,4,5,7,4,4,8,3,5,1,16,1,30,3,10,1,1,7,9,1,10,1,12,,6,6,1,5,3,121.552949,25.04253544
111,4,26,15,33,2,04大安區,大安區忠孝東路4段223巷與忠孝東路4段223巷20弄口,0,0,1,2,C03,8,1,5,30,4,2,1,5,4,5,7,4,4,8,3,5,1,16,2,31,2,8,1,1,7,9,1,10,1,11,,23,6,1,21,5,121.552949,25.04253544
111,4,26,15,52,2,04大安區,大安區師大路93巷與龍泉街口,0,0,2,1,C03,8,1,5,30,4,1,1,5,4,5,7,4,4,10,5,5,2,15,2,60,2,7,1,1,7,9,4,8,1,14,,6,6,1,22,9,121.5292869,25.02286915
111,4,26,15,52,2,04大安區,大安區師大路93巷與龍泉街口,0,0,2,2,F01,8,1,5,30,4,1,1,5,4,5,7,4,4,10,5,5,2,15,2,65,2,5,1,1,7,9,8,20,1,16,,44,6,1,22,9,121.5292869,25.02286915
111,4,26,16,1,2,02萬華區,萬華區光復橋往台北市,0,0,1,1,C03,8,1,5,50,8,9,1,5,4,5,1,4,4,10,5,5,2,17,2,27,2,9,1,1,7,9,1,10,1,15,,42,42,1,22,9,121.490634,25.02420573
111,4,26,16,1,2,02萬華區,萬華區光復橋往台北市,0,0,1,2,C03,8,1,5,50,8,9,1,5,4,5,1,4,4,10,5,5,2,17,1,54,3,10,1,1,7,9,1,10,1,11,,23,42,1,22,9,121.490634,25.02420573
111,4,26,16,28,2,06松山區,松山區敦化北路100號,0,0,1,1,B01,8,1,5,40,14,8,2,5,4,5,7,2,1,3,4,4,2,13,1,40,3,10,1,1,7,9,1,8,1,1,,16,16,1,22,9,121.5487374,25.05234421
111,4,26,16,28,2,06松山區,松山區敦化北路100號,0,0,1,2,C03,8,1,5,40,14,8,2,5,4,5,7,2,1,3,4,4,2,13,2,31,2,8,1,1,7,3,1,10,1,13,,44,16,1,22,9,121.5487374,25.05234421
111,4,26,16,30,2,08士林區,士林區雙溪街與福華路口,0,0,1,1,C03,8,1,5,50,3,1,1,5,4,5,7,4,4,5,5,5,2,16,2,22,2,9,1,1,7,5,1,10,2,12,,6,6,1,22,9,121.5237428,25.09989962
111,4,26,16,30,2,08士林區,士林區雙溪街與福華路口,0,0,1,2,B03,8,1,5,50,3,1,1,5,4,5,7,4,4,5,5,5,2,16,2,58,3,10,3,4,7,9,1,8,2,15,,13,6,1,22,9,121.5237428,25.09989962
111,4,26,16,39,2,04大安區,大安區光復南路與文昌街口,0,0,1,1,B12,8,1,5,0,4,2,1,5,4,5,7,1,1,1,3,5,2,17,1,28,3,10,1,1,7,5,1,8,1,1,,23,23,1,22,9,121.5571237,25.0320151
111,4,26,16,39,2,04大安區,大安區光復南路與文昌街口,0,0,1,2,F01,8,1,5,0,4,2,1,5,4,5,7,1,1,1,3,5,2,17,2,61,2,9,1,1,7,9,8,20,1,16,,44,23,1,22,9,121.5571237,25.0320151
111,4,26,16,58,2,04大安區,大安區辛亥路3段往西方向,0,0,2,1,C03,8,1,5,50,14,9,1,5,4,5,7,4,4,8,3,5,1,13,1,34,2,8,1,1,7,12,1,9,1,11,,16,16,1,21,5,121.5508566,25.01589079
111,4,26,16,58,2,04大安區,大安區辛亥路3段往西方向,0,0,2,2,C03,8,1,5,50,14,9,1,5,4,5,7,4,4,8,3,5,1,13,1,56,2,9,1,1,7,12,1,10,1,13,,44,16,1,21,1,121.5508566,25.01589079
111,4,26,17,22,2,04大安區,大安區潮州街與永康街口,0,0,2,1,C03,8,1,5,30,4,1,1,5,4,5,7,4,4,10,5,5,2,15,1,23,2,9,1,1,7,9,1,10,2,14,,6,6,1,22,9,121.5296132,25.02835926
111,4,26,17,22,2,04大安區,大安區潮州街與永康街口,0,0,2,2,C03,8,1,5,30,4,1,1,5,4,5,7,4,4,10,5,5,2,15,1,25,2,9,1,1,7,9,1,9,2,11,,14,6,1,22,9,121.5296132,25.02835926
111,4,26,17,22,2,04大安區,大安區潮州街與永康街口,0,0,2,3,B12,8,1,5,30,4,1,1,5,4,5,7,4,4,10,5,5,2,15,2,28,3,10,1,1,7,13,1,8,11,15,,42,6,1,22,9,121.5296132,25.02835926
111,4,26,17,26,2,09北投區,北投區洲美快速道路111燈桿(往淡水),0,0,2,1,A12,8,1,5,80,10,9,1,5,4,5,7,4,4,8,3,5,1,16,1,53,3,10,1,1,7,8,1,7,1,5,,7,7,1,22,9,121.4989764,25.10822563
111,4,26,17,26,2,09北投區,北投區洲美快速道路111燈桿(往淡水),0,0,2,2,B03,8,1,5,80,10,9,1,5,4,5,7,4,4,8,3,5,1,16,2,43,2,9,1,1,7,9,1,8,1,4,,44,7,1,22,9,121.4989764,25.10822563
111,4,26,17,26,2,09北投區,北投區洲美快速道路111燈桿(往淡水),0,0,2,3,H02,8,1,5,80,10,9,1,5,4,5,7,4,4,8,3,5,1,16,2,21,2,9,1,5,7,20,8,20,10,16,,67,7,1,22,9,121.4989764,25.10822563
111,4,26,17,49,2,10文山區,文山區福興路與福興路4巷口口,0,0,2,1,C03,8,1,5,30,4,1,1,5,4,5,7,3,1,5,5,5,2,15,2,29,2,9,1,1,7,9,1,10,1,14,,6,6,1,22,9,121.5513981,25.0027641
111,4,26,17,49,2,10文山區,文山區福興路與福興路4巷口口,0,0,2,2,C03,8,1,5,30,4,1,1,5,4,5,7,3,1,5,5,5,2,15,1,19,2,9,1,1,7,9,1,10,1,11,,23,6,1,22,9,121.5513981,25.0027641
111,4,26,17,53,2,03中山區,中山區中山北路2段與長春路口,0,0,1,1,B03,7,2,5,40,4,1,1,5,4,5,7,1,1,5,4,4,2,16,2,62,3,10,3,4,7,9,1,8,1,5,,44,44,1,22,1,121.5228288,25.0549935
111,4,26,17,53,2,03中山區,中山區中山北路2段與長春路口,0,0,1,2,C03,7,2,5,40,4,1,1,5,4,5,7,1,1,5,4,4,2,16,1,39,2,9,1,4,7,5,1,10,1,13,,8,44,1,7,1,121.5228288,25.0549935
111,4,26,18,5,2,04大安區,大安區基隆路3段8號前,0,0,1,1,B01,8,3,5,50,14,9,1,5,4,5,7,4,4,10,4,5,2,17,1,52,3,10,1,1,7,15,1,4,1,5,,16,16,1,22,9,121.54799,25.02046129
111,4,26,18,5,2,04大安區,大安區基隆路3段8號前,0,0,1,2,C03,8,3,5,50,14,9,1,5,4,5,7,4,4,10,4,5,2,17,2,32,2,9,1,1,7,9,1,10,1,13,,44,16,1,22,9,121.54799,25.02046129
111,4,26,18,10,2,12內湖區,內湖區文德路269號,0,0,2,1,C03,8,3,5,40,3,2,1,5,4,5,7,4,4,1,4,4,2,13,2,62,2,9,1,1,7,9,1,10,1,14,,16,16,1,22,9,121.5886998,25.07906803
111,4,26,18,10,2,12內湖區,內湖區文德路269號,0,0,2,2,C03,8,3,5,40,3,2,1,5,4,5,7,4,4,1,4,4,2,13,1,38,2,9,1,1,7,9,1,10,1,13,,44,16,1,22,9,121.5886998,25.07906803
111,4,26,18,19,2,09北投區,北投區明德路150巷28號對面,0,0,1,1,B02,8,3,5,50,14,9,1,5,4,5,7,4,4,5,5,5,2,16,1,44,3,10,1,1,7,11,1,8,1,7,,10,10,1,22,9,121.5217764,25.1100113
111,4,26,18,19,2,09北投區,北投區明德路150巷28號對面,0,0,1,2,C03,8,3,5,50,14,9,1,5,4,5,7,4,4,5,5,5,2,16,2,25,2,9,1,1,7,9,1,10,1,14,,44,10,1,22,9,121.5217764,25.1100113
111,4,26,18,32,2,08士林區,士林區至善路2段與臨溪路口,0,0,1,1,B12,7,3,5,50,3,1,1,5,4,5,7,2,1,1,4,4,1,17,1,39,3,10,1,1,7,9,1,8,2,5,,23,23,1,21,8,121.5424464,25.09724765
111,4,26,18,32,2,08士林區,士林區至善路2段與臨溪路口,0,0,1,2,C03,7,3,5,50,3,1,1,5,4,5,7,2,1,1,4,4,1,17,2,47,2,9,1,1,7,9,1,10,9,14,,25,23,1,21,8,121.5424464,25.09724765
111,4,26,18,41,2,12內湖區,內湖區內湖路1段518巷與內湖路1段口,0,0,1,1,C03,7,3,5,0,3,1,1,5,4,5,7,4,4,5,5,5,2,16,1,23,3,10,1,1,7,6,1,10,1,12,,17,17,1,22,9,121.5740802,25.08035649
111,4,26,18,41,2,12內湖區,內湖區內湖路1段518巷與內湖路1段口,0,0,1,2,C03,7,3,5,0,3,1,1,5,4,5,7,4,4,5,5,5,2,16,2,24,2,9,1,1,7,6,1,10,1,14,,44,17,1,22,9,121.5740802,25.08035649
111,4,26,20,10,2,03中山區,中山區民權東路3段與建國北路2段口,0,0,1,1,B03,8,3,5,50,4,2,1,5,4,5,7,1,1,1,3,5,1,11,1,59,3,10,1,1,7,6,1,8,1,2,,9,9,1,22,9,121.537208,25.06248248
111,4,26,20,10,2,03中山區,中山區民權東路3段與建國北路2段口,0,0,1,2,F01,8,3,5,50,4,2,1,5,4,5,7,1,1,1,3,5,1,11,2,35,2,8,1,1,7,11,8,20,10,16,,11,9,1,22,9,121.537208,25.06248248
111,4,26,20,20,2,03中山區,中山區中山北路3段與民族東路口,0,0,1,1,C01,8,3,5,50,14,7,1,5,4,5,7,2,1,1,4,1,2,13,1,21,2,9,1,1,7,9,4,10,1,12,,42,42,1,22,9,121.5228405,25.06828511
111,4,26,20,20,2,03中山區,中山區中山北路3段與民族東路口,0,0,1,2,B03,8,3,5,50,14,7,1,5,4,5,7,2,1,1,4,1,2,13,1,26,3,10,1,1,7,7,1,8,1,3,,7,42,1,22,9,121.5228405,25.06828511
111,4,26,21,5,2,12內湖區,內湖區港墘路與洲子街口,0,0,1,1,B03,7,3,5,30,4,1,1,5,4,5,7,2,1,1,4,5,2,3,1,49,3,10,1,1,7,6,1,8,2,5,,15,15,1,22,9,121.5759127,25.07811265
111,4,26,21,5,2,12內湖區,內湖區港墘路與洲子街口,0,0,1,2,H01,7,3,5,30,4,1,1,5,4,5,7,2,1,1,4,5,2,3,2,41,2,9,4,5,8,16,8,20,10,16,,67,15,1,22,9,121.5759127,25.07811265
111,4,26,21,30,2,03中山區,中山區長春路與建國北路2段口,0,0,2,1,C03,8,3,5,50,4,2,1,5,4,5,7,1,1,4,3,5,1,12,2,59,2,8,1,1,7,6,1,10,1,12,,9,9,1,22,9,121.5366401,25.05471097
111,4,26,21,30,2,03中山區,中山區長春路與建國北路2段口,0,0,2,2,C03,8,3,5,50,4,2,1,5,4,5,7,1,1,4,3,5,1,12,1,26,2,8,1,1,7,9,1,10,1,14,,23,9,1,22,9,121.5366401,25.05471097
111,4,26,21,30,2,03中山區,中山區長春路與建國北路2段口,0,0,2,3,H03,8,3,5,50,4,2,1,5,4,5,7,1,1,4,3,5,1,12,1,37,3,10,4,5,8,21,8,20,10,16,,67,9,1,22,9,121.5366401,25.05471097
111,4,26,21,45,2,10文山區,文山區興隆路3段與興隆路3段207巷口,0,0,1,1,C04,8,3,5,50,3,1,1,5,4,5,7,2,1,1,4,5,2,16,1,18,2,9,1,1,7,11,1,10,1,13,,43,43,1,22,9,121.5598084,24.99537882
111,4,26,21,45,2,10文山區,文山區興隆路3段與興隆路3段207巷口,0,0,1,2,B01,8,3,5,50,3,1,1,5,4,5,7,2,1,1,4,5,2,16,1,61,3,10,1,1,7,9,1,8,1,8,,43,43,1,22,9,121.5598084,24.99537882
111,4,26,22,10,2,09北投區,北投區西安街1段與明德路口,0,0,1,1,C03,8,3,5,50,14,9,1,5,4,5,7,4,4,9,4,5,2,17,1,20,3,10,1,1,7,1,1,10,1,15,,19,19,1,22,9,121.5190038,25.10907302
111,4,26,22,10,2,09北投區,北投區西安街1段與明德路口,0,0,1,2,C03,8,3,5,50,14,9,1,5,4,5,7,4,4,9,4,5,2,17,1,27,2,9,1,1,7,9,1,10,1,14,,23,19,1,22,9,121.5190038,25.10907302
111,4,26,22,31,2,01大同區,大同區民生西路與環河北路1段口,0,0,2,1,C03,8,3,5,50,4,1,1,5,4,5,7,2,1,4,1,5,2,15,1,46,2,9,1,1,7,9,1,10,9,11,,25,25,1,22,9,121.5082949,25.05683053
111,4,26,22,31,2,01大同區,大同區民生西路與環河北路1段口,0,0,2,2,C03,8,3,5,50,4,1,1,5,4,5,7,2,1,4,1,5,2,15,1,27,2,9,1,1,7,1,1,10,9,14,,44,25,1,22,9,121.5082949,25.05683053
111,4,26,23,8,2,01大同區,大同區忠孝西路2段與昆明街口,0,0,1,1,C03,7,3,5,50,3,1,1,5,4,5,7,1,1,1,5,5,2,12,1,24,3,10,1,4,7,5,1,10,2,13,,8,8,1,22,9,121.5065269,25.04905062
111,4,26,23,8,2,01大同區,大同區忠孝西路2段與昆明街口,0,0,1,2,C03,7,3,5,50,3,1,1,5,4,5,7,1,1,1,5,5,2,12,1,43,2,9,1,4,7,9,1,10,2,11,,44,8,1,22,9,121.5065269,25.04905062
111,4,27,0,8,2,03中山區,中山區新生北路2段58巷與長春路61巷口,0,0,1,1,B03,7,3,5,30,4,1,1,5,4,5,3,4,4,10,5,5,2,16,1,17,3,10,1,4,7,9,2,18,1,8,,6,6,1,22,9,121.5263531,25.055368
111,4,27,0,8,2,03中山區,中山區新生北路2段58巷與長春路61巷口,0,0,1,2,B01,7,3,5,30,4,1,1,5,4,5,3,4,4,10,5,5,2,16,1,35,2,9,1,4,7,9,1,4,1,5,,23,6,1,10,9,121.5263531,25.055368
111,4,27,0,25,2,04大安區,大安區文昌街250巷與通化街19巷口,0,0,1,1,B03,8,3,5,30,4,1,1,5,4,5,7,4,4,10,5,5,2,15,4,,4,11,3,4,7,15,7,19,11,15,,43,43,2,22,9,121.5557283,25.0316493
111,4,27,0,25,2,04大安區,大安區文昌街250巷與通化街19巷口,0,0,1,2,C03,8,3,5,30,4,1,1,5,4,5,7,4,4,10,5,5,2,15,1,35,2,9,1,1,7,9,1,10,1,12,,43,43,1,22,9,121.5557283,25.0316493
111,4,27,4,22,2,01大同區,大同區重慶北路3段與民權西路口,0,0,2,1,C03,8,3,5,50,5,1,1,5,4,5,7,1,1,8,3,5,1,15,1,60,2,9,1,1,7,9,5,18,1,11,,25,25,1,22,9,121.5136746,25.0628944
111,4,27,4,22,2,01大同區,大同區重慶北路3段與民權西路口,0,0,2,2,C03,8,3,5,50,5,1,1,5,4,5,7,1,1,8,3,5,1,15,1,43,2,9,1,1,7,9,1,10,2,14,,44,25,1,22,9,121.5136746,25.0628944
111,4,27,4,55,2,07信義區,信義區基隆路2段149-39號,0,0,1,1,C03,8,1,5,50,14,9,1,5,4,5,7,4,4,10,5,5,2,17,1,63,2,9,1,1,7,9,1,10,1,11,,13,42,1,22,9,121.5552573,25.02669847
111,4,27,4,55,2,07信義區,信義區基隆路2段149-39號,0,0,1,2,B01,8,1,5,50,14,9,1,5,4,5,7,4,4,10,5,5,2,17,1,55,3,10,1,1,7,8,1,4,1,3,,7,42,1,22,9,121.5552573,25.02669847
111,4,27,5,50,2,12內湖區,內湖區康寧路3段249號前,0,0,1,1,B12,8,1,5,50,14,9,1,5,4,5,7,4,4,1,4,5,2,13,1,32,2,9,1,1,7,9,1,8,1,5,,23,23,1,22,9,121.6114033,25.06690642
111,4,27,5,50,2,12內湖區,內湖區康寧路3段249號前,0,0,1,2,A02,8,1,5,50,14,9,1,5,4,5,7,4,4,1,4,5,2,13,1,63,3,10,1,1,7,14,1,2,1,7,,44,23,1,22,9,121.6114033,25.06690642
111,4,27,6,0,2,12內湖區,內湖區大湖山莊街219巷與大湖山莊街口,0,0,1,1,B03,8,1,5,50,4,1,1,5,4,5,7,3,1,9,5,5,2,13,1,76,3,10,1,1,7,9,1,8,2,5,,23,23,1,22,9,121.5994059,25.08810051
111,4,27,6,0,2,12內湖區,內湖區大湖山莊街219巷與大湖山莊街口,0,0,1,2,B12,8,1,5,50,4,1,1,5,4,5,7,3,1,9,5,5,2,13,1,49,2,7,1,1,7,14,1,1,2,7,,44,23,1,22,9,121.5994059,25.08810051
111,4,27,6,4,2,02萬華區,萬華區堤外便道(雙園048燈桿),0,0,2,1,C03,8,1,5,40,14,9,1,5,4,5,7,4,4,10,5,5,2,12,1,80,2,9,1,1,7,1,1,10,1,14,,19,19,1,22,9,121.4886587,25.03305953
111,4,27,6,4,2,02萬華區,萬華區堤外便道(雙園048燈桿),0,0,2,2,C03,8,1,5,40,14,9,1,5,4,5,7,4,4,10,5,5,2,12,1,77,2,3,1,1,7,9,1,10,1,12,,23,19,1,22,9,121.4886587,25.03305953
111,4,27,6,55,2,05中正區,中正區思源街與汀州路3段口,0,0,1,1,C03,8,1,5,50,4,1,1,5,4,5,7,1,1,5,5,5,2,11,4,,4,11,3,4,7,15,7,19,11,15,,43,43,2,22,9,121.5322225,25.0150904
111,4,27,6,55,2,05中正區,中正區思源街與汀州路3段口,0,0,1,2,C03,8,1,5,50,4,1,1,5,4,5,7,1,1,5,5,5,2,11,1,62,2,9,1,1,7,5,1,10,1,12,,44,43,1,22,9,121.5322225,25.0150904
111,4,27,7,34,2,03中山區,中山區民權東路2段71巷與吉林路299巷口口,0,0,1,1,B03,7,1,5,30,4,1,1,5,4,3,5,4,4,9,5,5,2,15,1,52,3,10,3,4,7,9,1,8,1,1,,6,6,1,22,9,121.5316793,25.0630851
111,4,27,7,34,2,03中山區,中山區民權東路2段71巷與吉林路299巷口口,0,0,1,2,C02,7,1,5,30,4,1,1,5,4,3,5,4,4,9,5,5,2,15,1,25,2,9,1,1,7,9,4,10,1,12,,13,6,1,22,9,121.5316793,25.0630851
111,4,27,7,55,2,02萬華區,萬華區康定路與峨眉街口,0,0,1,1,B03,8,1,5,50,4,1,1,5,4,5,7,1,1,8,3,5,1,11,1,47,3,10,1,1,7,5,1,8,1,6,,6,6,1,22,9,121.5028467,25.0444626
111,4,27,7,55,2,02萬華區,萬華區康定路與峨眉街口,0,0,1,2,C03,8,1,5,50,4,1,1,5,4,5,7,1,1,8,3,5,1,11,2,32,2,9,1,1,7,9,1,10,1,11,,23,6,1,22,9,121.5028467,25.0444626
111,4,27,8,0,2,08士林區,士林區中正路與延平北路5段口,0,0,1,1,B03,8,1,5,50,4,1,1,5,4,5,7,2,1,1,4,5,2,12,1,44,3,10,3,4,7,7,1,8,1,4,,7,7,1,22,9,121.5094187,25.08665659
111,4,27,8,0,2,08士林區,士林區中正路與延平北路5段口,0,0,1,2,C03,8,1,5,50,4,1,1,5,4,5,7,2,1,1,4,5,2,12,2,42,2,7,1,4,7,9,1,10,1,12,,44,7,1,22,9,121.5094187,25.08665659
111,4,27,8,7,2,04大安區,大安區和平東路2段175巷與復興南路2段210巷口,0,0,2,1,C03,8,1,5,30,4,1,1,5,4,5,7,4,4,9,5,5,2,15,1,54,2,8,1,1,7,9,1,10,1,12,,6,6,1,22,9,121.5418051,25.0265288
111,4,27,8,7,2,04大安區,大安區和平東路2段175巷與復興南路2段210巷口,0,0,2,2,C03,8,1,5,30,4,1,1,5,4,5,7,4,4,9,5,5,2,15,2,21,2,8,1,4,7,9,1,10,1,11,,44,6,1,22,9,121.5418051,25.0265288
111,4,27,8,10,2,05中正區,中正區懷寧街與貴陽街1段口,0,0,1,2,C03,8,1,5,50,3,2,1,5,4,5,7,4,4,9,5,5,2,17,1,23,2,8,1,4,7,9,1,10,11,14,,44,7,1,5,1,121.5136726,25.03865702
111,4,27,8,10,2,05中正區,中正區懷寧街與貴陽街1段口,0,0,1,1,B01,8,1,5,50,3,2,1,5,4,5,7,4,4,9,5,5,2,17,1,60,3,10,1,1,7,8,1,4,11,6,,7,7,1,10,4,121.5136726,25.03865702
111,4,27,8,10,2,08士林區,士林區延平北路5段285巷與環河北路3段口,0,0,2,1,C03,8,1,5,30,3,2,1,5,4,5,7,4,4,9,5,5,1,17,1,34,2,8,1,1,7,6,1,10,1,11,,5,5,1,22,9,121.5068039,25.08431717
111,4,27,8,10,2,08士林區,士林區延平北路5段285巷與環河北路3段口,0,0,2,2,C03,8,1,5,30,3,2,1,5,4,5,7,4,4,9,5,5,1,17,1,34,2,8,1,1,7,9,6,18,1,11,,13,5,1,22,9,121.5068039,25.08431717
111,4,27,8,18,2,10文山區,文山區羅斯福路5段245號前,0,0,1,1,C03,8,1,5,50,14,9,1,5,4,5,7,4,4,1,4,5,2,13,1,25,2,9,1,1,7,9,1,10,1,14,,16,16,1,22,9,121.5392337,25.00146863
111,4,27,8,18,2,10文山區,文山區羅斯福路5段245號前,0,0,1,2,C03,8,1,5,50,14,9,1,5,4,5,7,4,4,1,4,5,2,13,1,39,3,10,1,2,7,15,1,10,1,13,,41,16,1,22,9,121.5392337,25.00146863
111,4,27,8,20,2,12內湖區,內湖區康樂街與康樂街131巷口,0,0,1,1,B01,8,1,5,50,3,2,1,5,4,5,7,4,4,10,5,5,2,14,1,72,3,10,1,1,7,2,4,8,1,6,,12,12,1,22,9,121.6196994,25.073914
111,4,27,8,20,2,12內湖區,內湖區康樂街與康樂街131巷口,0,0,1,2,C03,8,1,5,50,3,2,1,5,4,5,7,4,4,10,5,5,2,14,1,37,3,10,1,1,7,14,1,10,1,14,,38,12,1,22,9,121.6196994,25.073914
111,4,27,8,20,2,12內湖區,內湖區康樂街與康樂街131巷口,0,0,1,3,H02,8,1,5,50,3,2,1,5,4,5,7,4,4,10,5,5,2,14,2,64,2,8,1,1,7,20,8,20,10,16,,67,12,1,22,9,121.6196994,25.073914
111,4,27,8,40,2,12內湖區,內湖區永保街與安康路口,0,0,1,1,B12,8,1,5,40,3,2,1,5,4,5,7,1,1,5,5,5,2,17,1,40,3,10,1,1,7,5,1,8,1,8,,8,8,1,22,9,121.5957643,25.06288291
111,4,27,8,40,2,12內湖區,內湖區永保街與安康路口,0,0,1,2,C03,8,1,5,40,3,2,1,5,4,5,7,1,1,5,5,5,2,17,1,30,2,7,1,1,7,9,1,10,1,12,,17,8,1,22,9,121.5957643,25.06288291
111,4,27,9,0,2,09北投區,北投區大度路1段153號,0,0,3,1,C03,8,1,5,50,14,12,1,5,4,5,7,4,4,1,4,1,1,18,1,50,2,9,1,1,7,9,1,10,1,14,,42,42,1,22,9,121.4944499,25.12123164
111,4,27,9,0,2,09北投區,北投區大度路1段153號,0,0,3,3,H02,8,1,5,50,14,12,1,5,4,5,7,4,4,1,4,1,1,18,2,43,2,9,1,5,7,20,8,20,10,15,,67,42,1,22,9,121.4944499,25.12123164
111,4,27,9,0,2,09北投區,北投區大度路1段153號,0,0,3,2,,8,1,5,50,14,12,1,5,4,5,7,4,4,1,4,1,1,18,3,,,,,,,,,,,,,67,42,1,,,121.4944499,25.12123164
111,4,27,9,0,2,09北投區,北投區大度路1段153號,0,0,3,4,H02,8,1,5,50,14,12,1,5,4,5,7,4,4,1,4,1,1,18,1,6,2,9,1,5,7,21,8,20,10,15,,67,42,1,22,9,121.4944499,25.12123164
111,4,27,9,19,2,04大安區,大安區復興南路2段193巷與和平東路2段265巷口,0,0,2,1,F01,8,1,5,30,4,1,1,5,4,5,7,4,4,10,5,5,1,15,1,73,2,8,1,1,7,9,8,20,1,16,,6,6,1,22,9,121.5440547,25.0265128
111,4,27,9,19,2,04大安區,大安區復興南路2段193巷與和平東路2段265巷口,0,0,2,2,C03,8,1,5,30,4,1,1,5,4,5,7,4,4,10,5,5,1,15,2,23,2,7,1,1,7,9,1,10,1,14,,23,6,1,22,9,121.5440547,25.0265128