發生年度,發生月,發生日,發生時-Hours,發生分,處理別-編號,區序,肇事地點,死亡人數,2-30日死亡人數,受傷人數,當事人序號,車種,天候,光線,道路類別,速限-速度限制,道路型態,事故位置,路面狀況1,路面狀況2,路面狀況3,道路障礙1,道路障礙2,號誌1,號誌2,車道劃分-分向,車道劃分-分道1,車道劃分-分道2,車道劃分-分道3,事故類型及型態,性別,年齡,受傷程度,主要傷處,安全帽,行動電話,車輛用途,當事者行動狀態,駕駛資格情形,駕駛執照種類,飲酒情形,車輛撞擊部位1,車輛撞擊部位2,肇因碼-個別,肇因碼-主要,個人肇逃否,職業,旅次目的,座標-X,座標-Y
111,4,27,9,35,2,11南港區,南港區南港路1段277巷與市民大道8段口口,0,0,2,1,C03,8,1,5,50,4,1,1,5,4,5,7,1,1,4,3,5,1,11,1,23,2,7,1,1,7,9,1,10,2,14,,42,42,1,22,9,121.6088299,25.05355855
111,4,27,9,35,2,11南港區,南港區南港路1段277巷與市民大道8段口口,0,0,2,2,C03,8,1,5,50,4,1,1,5,4,5,7,1,1,4,3,5,1,11,1,39,3,10,1,1,7,14,1,10,2,15,,44,42,1,22,9,121.6088299,25.05355855
111,4,27,9,35,2,11南港區,南港區南港路1段277巷與市民大道8段口口,0,0,2,3,H02,8,1,5,50,4,1,1,5,4,5,7,1,1,4,3,5,1,11,2,19,2,7,1,1,7,20,8,20,10,15,,67,42,1,22,9,121.6088299,25.05355855
111,4,27,9,58,2,10文山區,文山區汀州路4段與溪洲街口口,0,0,2,1,C03,8,1,5,50,3,2,1,5,4,5,7,3,1,5,4,5,2,17,1,22,2,9,1,1,7,9,1,10,1,12,,23,23,1,22,9,121.5361253,25.00594709
111,4,27,9,58,2,10文山區,文山區汀州路4段與溪洲街口口,0,0,2,2,C03,8,1,5,50,3,2,1,5,4,5,7,3,1,5,4,5,2,17,1,27,2,7,1,1,7,12,1,10,1,14,,44,23,1,22,9,121.5361253,25.00594709
111,4,27,9,58,2,10文山區,文山區汀州路4段與溪洲街口口,0,0,2,3,B03,8,1,5,50,3,2,1,5,4,5,7,3,1,5,4,5,2,17,1,50,3,10,1,1,7,5,1,8,1,15,,44,23,1,22,9,121.5361253,25.00594709
111,4,27,10,8,2,04大安區,大安區潮州街與永康街口,0,0,2,1,C03,8,1,5,30,4,1,1,5,4,5,7,4,4,10,5,5,2,15,1,51,2,7,3,4,7,9,1,10,1,14,,6,6,1,22,9,121.5296113,25.0283591
111,4,27,10,8,2,04大安區,大安區潮州街與永康街口,0,0,2,2,C03,8,1,5,30,4,1,1,5,4,5,7,4,4,10,5,5,2,15,1,23,2,9,3,4,7,9,1,10,1,11,,44,6,1,22,9,121.5296113,25.0283591
111,4,27,10,20,2,03中山區,中山區復興北路地下道南側上坡處,0,0,1,1,B02,6,3,5,40,7,9,1,5,4,5,7,1,1,1,2,5,2,12,1,50,3,10,1,1,7,8,1,8,1,2,,7,7,1,22,9,121.5443871,25.0663033
111,4,27,10,20,2,03中山區,中山區復興北路地下道南側上坡處,0,0,1,2,C03,6,3,5,40,7,9,1,5,4,5,7,1,1,1,2,5,2,12,2,19,2,8,1,1,7,9,1,10,1,14,,44,7,1,22,9,121.5443871,25.0663033
111,4,27,10,40,2,03中山區,中山區民生東路3段與合江街口,0,0,1,1,B03,8,1,5,50,4,2,1,5,4,5,7,1,1,1,4,5,1,17,1,64,3,10,1,1,7,6,1,8,1,8,,9,9,1,22,9,121.5392529,25.05776226
111,4,27,10,40,2,03中山區,中山區民生東路3段與合江街口,0,0,1,2,C03,8,1,5,50,4,2,1,5,4,5,7,1,1,1,4,5,1,17,1,27,2,7,1,1,7,5,1,10,1,12,,44,9,1,22,9,121.5392529,25.05776226
111,4,27,10,45,2,04大安區,大安區市民大道4段100號,0,0,2,1,C03,8,1,5,40,15,9,1,5,4,5,7,4,4,9,4,5,1,3,1,28,2,9,1,1,7,9,1,10,1,11,,23,23,1,22,9,121.5499125,25.04463701
111,4,27,10,45,2,04大安區,大安區市民大道4段100號,0,0,2,2,H01,8,1,5,40,15,9,1,5,4,5,7,4,4,9,4,5,1,3,1,60,2,9,4,5,8,16,8,20,10,16,,51,23,1,22,9,121.5499125,25.04463701
111,4,27,10,45,2,08士林區,士林區中山北路5段與福林路口,0,0,1,1,B02,8,1,5,50,4,1,1,5,4,5,7,1,1,1,4,5,2,16,1,62,3,10,3,4,7,6,1,8,2,2,,9,9,1,22,9,121.5281532,25.09383324
111,4,27,10,45,2,08士林區,士林區中山北路5段與福林路口,0,0,1,2,C03,8,1,5,50,4,1,1,5,4,5,7,1,1,1,4,5,2,16,1,36,2,9,1,1,7,9,1,10,2,14,,44,9,1,22,9,121.5281532,25.09383324
111,4,27,11,0,2,07信義區,信義區忠孝東路5段22巷與松高路口,0,0,1,1,B11,8,1,5,50,3,1,1,5,4,5,7,1,1,5,4,5,1,17,1,60,3,10,1,1,7,5,1,8,1,6,,25,25,1,22,9,121.566079,25.0391109
111,4,27,11,0,2,07信義區,信義區忠孝東路5段22巷與松高路口,0,0,1,2,C03,8,1,5,50,3,1,1,5,4,5,7,1,1,5,4,5,1,17,2,31,2,9,1,1,7,9,6,10,1,11,,25,25,2,22,9,121.566079,25.0391109
111,4,27,11,8,2,08士林區,士林區忠誠路2段21巷與德行東路229巷口,0,0,1,1,C03,8,1,5,30,4,2,1,5,4,5,7,4,4,10,5,5,1,17,1,40,3,10,1,1,7,6,1,10,1,15,,6,6,1,22,9,121.5330374,25.10995684
111,4,27,11,8,2,08士林區,士林區忠誠路2段21巷與德行東路229巷口,0,0,1,2,C03,8,1,5,30,4,2,1,5,4,5,7,4,4,10,5,5,1,17,1,64,2,9,1,1,7,9,1,10,1,14,,13,6,1,22,9,121.5330374,25.10995684
111,4,27,11,37,2,07信義區,信義區信義路5段與松德路口,0,0,1,1,B03,8,1,5,50,5,1,1,5,4,5,7,1,1,3,4,5,2,12,1,23,3,10,3,4,7,15,1,8,1,5,,23,23,1,22,9,121.5744848,25.03340473
111,4,27,11,37,2,07信義區,信義區信義路5段與松德路口,0,0,1,2,C03,8,1,5,50,5,1,1,5,4,5,7,1,1,3,4,5,2,12,1,32,2,9,3,4,7,9,1,10,1,14,,23,23,1,22,9,121.5744848,25.03340473
111,4,27,12,2,2,10文山區,文山區光輝路與下崙路口,0,0,2,1,C03,8,1,5,30,14,9,2,5,4,5,7,4,4,5,4,5,2,17,1,43,2,9,1,4,7,15,1,10,1,11,,5,5,1,22,9,121.5549554,24.98662095
111,4,27,12,2,2,10文山區,文山區光輝路與下崙路口,0,0,2,2,C03,8,1,5,30,14,9,2,5,4,5,7,4,4,5,4,5,2,17,2,23,2,9,1,4,7,15,3,18,1,11,,44,5,1,22,9,121.5549554,24.98662095
111,4,27,12,15,2,12內湖區,內湖區金湖路與金湖路46巷口,0,0,1,1,C03,8,1,5,50,4,1,1,5,4,5,7,1,1,1,3,5,2,13,1,41,4,11,3,4,7,15,7,19,11,15,,23,23,2,22,9,121.596788,25.08229475
111,4,27,12,15,2,12內湖區,內湖區金湖路與金湖路46巷口,0,0,1,2,C03,8,1,5,50,4,1,1,5,4,5,7,1,1,1,3,5,2,13,1,28,2,9,1,1,7,14,1,10,1,13,,44,23,1,22,9,121.596788,25.08229475
111,4,27,12,30,2,12內湖區,內湖區內湖路1段91巷92弄與內湖路1段91巷102弄口,0,0,1,1,C03,8,1,5,20,3,2,1,5,4,5,7,4,4,10,5,5,2,17,1,20,2,9,1,1,7,9,1,10,1,12,,42,42,1,22,9,121.5645556,25.0877377
111,4,27,12,30,2,12內湖區,內湖區內湖路1段91巷92弄與內湖路1段91巷102弄口,0,0,1,2,B11,8,1,5,20,3,2,1,5,4,5,7,4,4,10,5,5,2,17,1,26,3,10,1,1,7,6,1,3,1,15,,9,42,1,22,9,121.5645556,25.0877377
111,4,27,12,30,2,12內湖區,內湖區內湖路1段91巷92弄與內湖路1段91巷102弄口,0,0,1,3,,8,1,5,20,3,2,1,5,4,5,7,4,4,10,5,5,2,17,3,,,,,,,,,,,,,67,42,1,,,121.5645556,25.0877377
111,4,27,12,40,2,03中山區,中山區建國北路2段與長春路口,0,0,2,1,C03,8,1,5,50,4,1,1,5,4,5,7,1,1,1,4,5,2,15,1,21,2,9,1,4,7,9,1,10,2,11,,25,25,1,22,9,121.5370685,25.05476398
111,4,27,12,40,2,03中山區,中山區建國北路2段與長春路口,0,0,2,2,C03,8,1,5,50,4,1,1,5,4,5,7,1,1,1,4,5,2,15,1,27,2,9,1,4,7,9,1,10,2,14,,44,25,1,22,9,121.5370685,25.05476398
111,4,27,12,42,2,12內湖區,內湖區康寧路3段與康寧路3段70巷口,0,0,1,2,C03,8,1,5,50,4,1,1,5,4,5,7,2,1,1,4,5,2,16,1,67,2,9,1,1,7,9,1,10,2,11,,44,6,1,22,9,121.6112513,25.07042373
111,4,27,12,42,2,12內湖區,內湖區康寧路3段與康寧路3段70巷口,0,0,1,1,B01,8,1,5,50,4,1,1,5,4,5,7,2,1,1,4,5,2,16,1,49,3,10,1,1,7,5,1,4,2,5,,6,6,1,22,9,121.6112513,25.07042373
111,4,27,12,44,2,07信義區,信義區永吉路30巷與永吉路30巷118弄口,0,0,2,1,C04,8,1,5,30,4,1,1,5,4,5,7,4,4,5,5,5,1,17,1,49,2,8,1,1,7,5,1,8,1,14,,6,6,1,22,9,121.5687425,25.04314431
111,4,27,12,44,2,07信義區,信義區永吉路30巷與永吉路30巷118弄口,0,0,2,2,C03,8,1,5,30,4,1,1,5,4,5,7,4,4,5,5,5,1,17,2,50,2,8,1,1,7,9,1,10,1,11,,23,6,1,22,9,121.5687425,25.04314431
111,4,27,13,5,2,03中山區,中山區北安路588巷與北安路578巷8弄口,0,0,1,1,B03,8,1,5,30,4,1,1,5,4,5,7,4,4,7,5,5,2,16,2,32,3,10,3,4,7,9,1,8,2,8,,6,6,1,22,9,121.5491667,25.08106843
111,4,27,13,5,2,03中山區,中山區北安路588巷與北安路578巷8弄口,0,0,1,2,C03,8,1,5,30,4,1,1,5,4,5,7,4,4,7,5,5,2,16,2,43,2,9,3,4,7,9,4,11,2,12,,6,6,1,22,9,121.5491667,25.08106843
111,4,27,13,20,2,05中正區,中正區重慶南路1段與開封街1段口,0,0,1,1,C03,7,1,5,50,4,2,1,5,4,5,7,1,1,10,4,5,2,13,1,23,2,8,1,1,7,5,1,10,1,11,,43,43,1,22,9,121.5132213,25.0460519
111,4,27,13,20,2,05中正區,中正區重慶南路1段與開封街1段口,0,0,1,2,A02,7,1,5,50,4,2,1,5,4,5,7,1,1,10,4,5,2,13,1,63,3,10,1,1,7,14,1,2,1,7,,43,43,1,22,9,121.5132213,25.0460519
111,4,27,13,25,2,01大同區,大同區歸綏街與歸綏街86巷口,0,0,2,1,C03,7,1,5,30,4,1,1,5,4,5,7,4,4,10,5,5,2,15,1,37,2,8,1,4,7,9,1,10,2,11,,6,6,1,22,9,121.5165992,25.05884799
111,4,27,13,25,2,01大同區,大同區歸綏街與歸綏街86巷口,0,0,2,2,C03,7,1,5,30,4,1,1,5,4,5,7,4,4,10,5,5,2,15,1,51,2,1,1,4,7,9,1,10,2,14,,44,6,1,22,9,121.5165992,25.05884799
111,4,27,13,51,2,04大安區,大安區忠孝東路4段與復興南路1段口,0,0,1,1,C03,8,1,5,50,5,1,1,5,4,5,7,1,1,8,3,5,2,17,1,26,2,8,3,4,7,15,7,19,11,15,,25,25,2,22,9,121.5438703,25.04155105
111,4,27,13,51,2,04大安區,大安區忠孝東路4段與復興南路1段口,0,0,1,2,C03,8,1,5,50,5,1,1,5,4,5,7,1,1,8,3,5,2,17,2,44,3,10,1,1,7,9,1,10,11,15,,44,25,1,22,9,121.5438703,25.04155105
111,4,27,14,0,2,07信義區,信義區信義路5段15號,0,0,1,1,B03,8,1,5,50,14,9,1,5,4,5,7,4,4,1,4,5,2,12,1,52,3,10,1,1,7,6,1,8,1,4,,43,43,1,22,9,121.5670977,25.0329352
111,4,27,14,0,2,07信義區,信義區信義路5段15號,0,0,1,2,C03,8,1,5,50,14,9,1,5,4,5,7,4,4,1,4,5,2,12,1,21,2,7,1,1,7,9,1,10,1,11,,43,43,1,22,9,121.5670977,25.0329352
111,4,27,14,11,2,09北投區,北投區大業路65巷,0,0,1,1,,8,1,5,60,14,9,1,5,4,5,7,4,4,1,4,4,2,17,4,,4,11,3,4,7,15,7,19,11,15,,43,43,2,22,9,121.4990119,25.12356178
111,4,27,14,11,2,09北投區,北投區大業路65巷,0,0,1,2,C03,8,1,5,60,14,9,1,5,4,5,7,4,4,1,4,4,2,17,2,65,2,9,1,1,7,9,1,10,2,12,,43,43,1,22,9,121.4990119,25.12356178
111,4,27,14,25,2,11南港區,南港區松河街與重陽路347巷口,0,0,1,1,C03,7,1,5,50,3,2,1,5,4,5,7,3,1,8,5,5,2,16,1,25,2,9,3,4,7,5,1,10,1,14,,6,6,1,22,9,121.6064542,25.05899696
111,4,27,14,25,2,11南港區,南港區松河街與重陽路347巷口,0,0,1,2,B12,7,1,5,50,3,2,1,5,4,5,7,3,1,8,5,5,2,16,1,29,3,10,3,4,7,9,1,8,1,1,,23,6,1,22,9,121.6064542,25.05899696
111,4,27,14,29,2,11南港區,南港區研究院路1段151巷與研究院路1段口,0,0,1,1,B03,8,1,5,50,4,2,1,5,4,5,7,1,1,1,4,5,2,16,1,52,3,10,1,1,7,5,1,8,1,2,,8,8,1,22,9,121.6158798,25.0492014
111,4,27,14,29,2,11南港區,南港區研究院路1段151巷與研究院路1段口,0,0,1,2,C03,8,1,5,50,4,2,1,5,4,5,7,1,1,1,4,5,2,16,1,29,2,9,1,1,7,9,1,10,1,11,,23,8,1,22,9,121.6158798,25.0492014
111,4,27,14,35,2,12內湖區,內湖區堤外便道與堤外便道口東向西高速公路橋墩PU1B,0,0,3,1,C03,8,1,5,56,14,9,1,5,4,5,7,4,4,5,5,5,2,17,1,31,2,9,1,1,7,4,1,10,1,14,,13,13,1,22,9,121.6063276,25.0600142
111,4,27,14,35,2,12內湖區,內湖區堤外便道與堤外便道口東向西高速公路橋墩PU1B,0,0,3,2,C03,8,1,5,56,14,9,1,5,4,5,7,4,4,5,5,5,2,17,1,32,2,9,1,1,7,9,1,10,1,13,,16,13,1,22,9,121.6063276,25.0600142
111,4,27,14,35,2,12內湖區,內湖區堤外便道與堤外便道口東向西高速公路橋墩PU1B,0,0,3,3,C03,8,1,5,56,14,9,1,5,4,5,7,4,4,5,5,5,2,17,1,63,2,9,1,1,7,14,1,10,1,14,,16,13,1,22,9,121.6063276,25.0600142
111,4,27,14,45,2,08士林區,士林區環河北路3段與社中街口,0,0,1,1,B03,8,1,5,50,4,1,1,5,4,5,7,1,1,1,3,5,2,16,2,37,3,10,3,4,7,9,1,8,1,2,,25,25,1,22,9,121.5012832,25.0905023
111,4,27,14,45,2,08士林區,士林區環河北路3段與社中街口,0,0,1,2,C03,8,1,5,50,4,1,1,5,4,5,7,1,1,1,3,5,2,16,1,23,2,9,3,4,7,5,1,10,1,14,,44,25,1,22,9,121.5012832,25.0905023
111,4,27,15,0,2,09北投區,北投區大度路1段11號,0,0,1,1,C03,8,1,5,50,14,12,1,5,4,5,7,4,4,1,3,1,1,18,2,57,2,7,1,1,7,9,1,10,1,11,,42,42,1,22,9,121.4964607,25.12111136
111,4,27,15,0,2,09北投區,北投區大度路1段11號,0,0,1,2,,8,1,5,50,14,12,1,5,4,5,7,4,4,1,3,1,1,18,3,,,,,,,,,,,,,67,42,1,,,121.4964607,25.12111136
111,4,27,15,5,2,01大同區,大同區太原路與太原路11巷口,0,0,1,1,C03,8,1,5,50,3,1,1,5,4,5,7,4,4,9,5,5,2,17,1,57,2,9,1,1,7,9,1,10,1,11,,23,23,1,22,9,121.5150229,25.0497297
111,4,27,15,5,2,01大同區,大同區太原路與太原路11巷口,0,0,1,2,C03,8,1,5,50,3,1,1,5,4,5,7,4,4,9,5,5,2,17,1,25,3,10,1,1,7,5,1,10,1,14,,44,23,1,22,9,121.5150229,25.0497297
111,4,27,15,20,2,10文山區,文山區木新路2段與恆光街口,0,0,1,1,B12,8,1,5,50,4,1,1,5,4,5,7,2,1,5,2,5,2,17,1,46,3,10,3,4,7,5,1,8,2,2,,6,6,1,22,9,121.5667401,24.98329651
111,4,27,15,20,2,10文山區,文山區木新路2段與恆光街口,0,0,1,2,C03,8,1,5,50,4,1,1,5,4,5,7,2,1,5,2,5,2,17,1,24,2,9,1,4,7,9,1,10,2,11,,13,6,1,22,9,121.5667401,24.98329651
111,4,27,15,30,2,03中山區,中山區吉林路209號,0,0,2,1,C03,7,1,5,50,14,7,1,5,4,5,7,4,4,5,5,4,2,17,1,28,2,7,1,1,7,1,1,10,1,14,,19,19,1,22,9,121.5302816,25.0601395
111,4,27,15,30,2,03中山區,中山區吉林路209號,0,0,2,2,C01,7,1,5,50,14,7,1,5,4,5,7,4,4,5,5,4,2,17,1,45,2,8,1,1,7,9,1,9,1,12,,23,19,1,22,9,121.5302816,25.0601395
111,4,27,15,39,2,05中正區,中正區愛國東路20號,0,0,2,1,C03,8,1,5,50,14,7,1,5,4,5,7,4,4,1,4,4,2,12,1,23,2,9,1,1,7,9,1,10,2,12,,23,23,1,22,9,121.5176208,25.03443628
111,4,27,15,39,2,05中正區,中正區愛國東路20號,0,0,2,2,F01,8,1,5,50,14,7,1,5,4,5,7,4,4,1,4,4,2,12,1,63,2,5,1,1,7,7,8,20,2,16,,44,23,1,22,9,121.5176208,25.03443628
111,4,27,15,39,2,05中正區,中正區愛國東路20號,0,0,2,3,B11,8,1,5,50,14,7,1,5,4,5,7,4,4,1,4,4,2,12,1,42,3,10,3,4,7,14,7,19,11,15,,26,23,2,22,9,121.5176208,25.03443628
111,4,27,15,50,2,02萬華區,萬華區內江街與康定路口,0,0,1,1,B01,8,1,5,50,4,1,1,5,4,5,7,1,1,9,4,5,2,16,1,59,3,10,1,1,7,5,1,4,1,1,,6,6,1,22,9,121.502281,25.0416993
111,4,27,15,50,2,02萬華區,萬華區內江街與康定路口,0,0,1,2,C03,8,1,5,50,4,1,1,5,4,5,7,1,1,9,4,5,2,16,1,33,2,9,1,1,7,9,1,10,1,11,,13,6,1,22,9,121.502281,25.0416993
111,4,27,16,35,2,03中山區,中山區長春路241-2號,0,0,1,1,C02,8,1,5,50,14,9,1,5,4,5,7,4,4,5,4,5,2,12,1,31,3,10,1,1,7,8,1,9,1,12,,42,42,1,22,9,121.5393899,25.0548984
111,4,27,16,35,2,03中山區,中山區長春路241-2號,0,0,1,2,C03,8,1,5,50,14,9,1,5,4,5,7,4,4,5,4,5,2,12,1,40,2,8,1,1,7,9,1,10,1,11,,16,42,1,22,9,121.5393899,25.0548984
111,4,27,17,10,2,12內湖區,內湖區成功路4段30巷28弄29號,0,0,1,1,H01,8,1,5,0,14,9,1,5,4,5,7,4,4,10,5,5,2,2,2,69,2,9,4,5,8,16,8,20,10,16,,60,60,1,22,9,121.5916518,25.08284347
111,4,27,17,10,2,12內湖區,內湖區成功路4段30巷28弄29號,0,0,1,2,B03,8,1,5,0,14,9,1,5,4,5,7,4,4,10,5,5,2,2,2,63,3,10,1,1,7,9,1,8,2,2,,23,60,1,22,9,121.5916518,25.08284347
111,4,27,17,16,2,03中山區,向西過北安路759巷,0,0,2,1,C03,7,1,5,50,14,11,1,5,4,5,7,4,4,1,4,5,2,12,1,35,2,9,1,1,7,8,1,10,1,12,,23,23,1,22,9,121.5519762,25.08603304
111,4,27,17,16,2,03中山區,向西過北安路759巷,0,0,2,2,C03,7,1,5,50,14,11,1,5,4,5,7,4,4,1,4,5,2,12,1,45,2,9,1,1,7,9,1,10,1,11,,44,23,1,22,9,121.5519762,25.08603304
111,4,27,17,16,2,03中山區,向西過北安路759巷,0,0,2,3,,7,1,5,50,14,11,1,5,4,5,7,4,4,1,4,5,2,12,3,,,,,,,,,,,,,67,23,1,,,121.5519762,25.08603304
111,4,27,17,25,2,03中山區,中山區中山北路1段與市民大道2段口,0,0,1,1,C03,7,2,5,40,4,1,1,5,4,5,7,1,1,1,4,5,2,13,1,58,2,7,3,4,7,9,1,10,1,11,,16,16,1,11,9,121.520675,25.04821488
111,4,27,17,25,2,03中山區,中山區中山北路1段與市民大道2段口,0,0,1,2,B12,7,2,5,40,4,1,1,5,4,5,7,1,1,1,4,5,2,13,1,38,3,10,3,4,7,12,1,8,1,6,,42,16,1,12,9,121.520675,25.04821488
111,4,27,17,25,2,05中正區,中正區廈門街與牯嶺街口,0,0,1,1,B03,8,1,5,50,3,1,1,5,4,5,7,1,1,5,4,5,2,17,1,31,3,10,1,1,7,6,1,8,2,2,,9,9,1,22,9,121.518299,25.02743258
111,4,27,17,25,2,05中正區,中正區廈門街與牯嶺街口,0,0,1,2,F01,8,1,5,50,3,1,1,5,4,5,7,1,1,5,4,5,2,17,1,68,2,9,1,1,7,9,8,20,2,16,,23,9,1,22,9,121.518299,25.02743258
111,4,27,17,43,2,03中山區,中山區民生東路2段127巷與松江路226巷口口,0,0,2,1,C03,7,1,5,30,4,1,1,5,4,5,7,4,4,10,5,5,2,15,1,47,2,9,1,1,7,9,1,10,1,11,,6,6,1,22,9,121.5322473,25.0591847
111,4,27,17,43,2,03中山區,中山區民生東路2段127巷與松江路226巷口口,0,0,2,2,C03,7,1,5,30,4,1,1,5,4,5,7,4,4,10,5,5,2,15,2,34,2,9,1,1,7,9,1,10,1,14,,23,6,1,22,9,121.5322473,25.0591847
111,4,27,18,10,2,03中山區,中山區中山北路1段103號,0,0,1,1,B03,7,3,5,50,14,9,1,5,4,5,7,4,4,9,4,1,2,12,1,20,3,10,1,1,7,8,1,8,1,6,,7,7,1,22,9,121.5222578,25.05089611
111,4,27,18,10,2,03中山區,中山區中山北路1段103號,0,0,1,2,C03,7,3,5,50,14,9,1,5,4,5,7,4,4,9,4,1,2,12,1,44,2,7,1,1,7,9,1,10,1,11,,44,7,1,22,9,121.5222578,25.05089611
111,4,27,18,13,2,11南港區,南港區重陽路221號,0,0,1,2,B03,6,3,5,40,14,7,1,4,4,5,7,4,4,8,3,4,2,12,2,47,3,10,1,1,7,9,1,8,1,5,,44,42,1,22,9,121.6016344,25.05751622
111,4,27,18,13,2,11南港區,南港區重陽路221號,0,0,1,3,B03,6,3,5,40,14,7,1,4,4,5,7,4,4,8,3,4,2,12,1,49,3,10,1,1,7,2,1,8,1,15,,12,42,1,22,9,121.6016344,25.05751622
111,4,27,18,13,2,11南港區,南港區重陽路221號,0,0,1,1,C03,6,3,5,40,14,7,1,4,4,5,7,4,4,8,3,4,2,12,2,47,2,7,1,1,7,7,1,10,1,13,,42,42,1,22,9,121.6016344,25.05751622
111,4,27,18,24,2,03中山區,中山區龍江路356巷36號,0,0,2,1,C03,8,1,5,30,14,9,1,5,4,5,7,4,4,5,5,5,1,3,2,55,2,9,1,2,7,9,1,10,2,11,,23,23,1,22,9,121.5393381,25.06599177
111,4,27,18,24,2,03中山區,中山區龍江路356巷36號,0,0,2,2,H01,8,1,5,30,14,9,1,5,4,5,7,4,4,5,5,5,1,3,2,57,2,9,4,5,8,16,8,20,10,16,,51,23,1,22,9,121.5393381,25.06599177
111,4,27,18,33,2,05中正區,中正區信義路2段17巷與金山南路1段110巷口,0,0,2,1,B12,7,3,5,30,3,2,1,5,4,5,7,4,4,10,5,5,1,17,1,77,2,1,1,1,7,9,1,8,2,1,,42,42,1,22,9,121.5255073,25.03553473
111,4,27,18,33,2,05中正區,中正區信義路2段17巷與金山南路1段110巷口,0,0,2,2,F01,7,3,5,30,3,2,1,5,4,5,7,4,4,10,5,5,1,17,1,72,2,9,1,1,7,9,8,20,2,16,,44,42,1,22,9,121.5255073,25.03553473
111,4,27,18,33,2,05中正區,中正區信義路2段17巷與金山南路1段110巷口,0,0,2,3,B03,7,3,5,30,3,2,1,5,4,5,7,4,4,10,5,5,1,17,1,53,3,10,1,1,7,13,1,8,1,2,,44,42,1,22,9,121.5255073,25.03553473
111,4,27,18,33,2,05中正區,中正區信義路2段17巷與金山南路1段110巷口,0,0,2,4,,7,3,5,30,3,2,1,5,4,5,7,4,4,10,5,5,1,17,3,,,,,,,,,,,,,67,42,1,,,121.5255073,25.03553473
111,4,27,18,40,2,03中山區,中山區民族東路與復興北路口,0,0,1,1,B03,6,3,5,40,4,2,1,4,4,5,7,1,1,1,1,5,2,12,1,33,3,10,2,4,7,8,1,8,1,5,,7,7,1,22,9,121.5442403,25.06686396
111,4,27,18,40,2,03中山區,中山區民族東路與復興北路口,0,0,1,2,C03,6,3,5,40,4,2,1,4,4,5,7,1,1,1,1,5,2,12,2,26,2,9,1,4,7,15,1,10,1,14,12,44,7,1,22,9,121.5442403,25.06686396
111,4,27,18,40,2,05中正區,中正區福州街與牯嶺街口,0,0,2,1,C03,8,3,5,50,4,1,1,5,4,5,7,1,1,5,4,5,2,16,1,42,2,9,1,1,7,5,1,10,1,11,,8,8,1,22,9,121.5177264,25.02827831
111,4,27,18,40,2,05中正區,中正區福州街與牯嶺街口,0,0,2,2,C03,8,3,5,50,4,1,1,5,4,5,7,1,1,5,4,5,2,16,2,28,2,9,1,1,7,9,1,10,1,14,,44,8,1,22,9,121.5177264,25.02827831
111,4,27,18,41,2,05中正區,中正區汀州路3段與羅斯福路4段24巷口,0,0,2,1,C03,6,3,5,50,4,1,1,4,4,5,7,1,1,5,4,5,2,16,2,20,2,9,1,1,7,5,1,10,2,12,,8,8,1,22,9,121.5325703,25.01490657
111,4,27,18,41,2,05中正區,中正區汀州路3段與羅斯福路4段24巷口,0,0,2,2,C03,6,3,5,50,4,1,1,4,4,5,7,1,1,5,4,5,2,16,1,38,2,9,1,1,7,9,1,10,2,11,,44,8,1,22,9,121.5325703,25.01490657
111,4,27,18,41,2,05中正區,中正區汀州路3段與羅斯福路4段24巷口,0,0,2,3,H02,6,3,5,50,4,1,1,4,4,5,7,1,1,5,4,5,2,16,2,20,4,11,1,5,7,20,8,20,10,16,,67,8,1,22,9,121.5325703,25.01490657
111,4,27,18,53,2,05中正區,中正區中華路1段與中華路1段81巷口,0,0,1,1,B03,6,3,5,50,3,1,1,4,4,5,7,4,4,3,1,1,2,16,1,67,3,10,1,1,7,6,1,8,2,2,,9,9,1,22,9,121.5075073,25.03865347
111,4,27,18,53,2,05中正區,中正區中華路1段與中華路1段81巷口,0,0,1,2,C04,6,3,5,50,3,1,1,4,4,5,7,4,4,3,1,1,2,16,1,19,2,8,1,1,7,9,1,10,2,11,,44,9,1,22,9,121.5075073,25.03865347
111,4,27,19,11,2,03中山區,中山區民族東路36號,0,0,1,2,B03,6,3,5,50,14,7,1,4,4,5,7,1,1,1,3,4,1,13,2,64,2,2,1,1,7,9,1,8,1,3,,44,23,1,22,9,121.5250245,25.0683499
111,4,27,19,11,2,03中山區,中山區民族東路36號,0,0,1,1,B03,6,3,5,50,14,7,1,4,4,5,7,1,1,1,3,4,1,13,2,41,3,10,1,1,7,9,1,8,1,1,,23,23,1,22,9,121.5250245,25.0683499
111,4,27,19,21,2,03中山區,中山區八德路2段與龍江路口,0,0,2,1,F01,6,3,5,50,14,9,1,4,4,5,7,2,1,5,4,5,2,16,1,85,2,9,1,1,7,11,8,20,1,16,,11,11,1,22,9,121.5405476,25.04674896
111,4,27,19,21,2,03中山區,中山區八德路2段與龍江路口,0,0,2,2,C03,6,3,5,50,14,9,1,4,4,5,7,2,1,5,4,5,2,16,1,34,2,9,1,1,7,9,1,10,1,12,,23,11,1,22,9,121.5405476,25.04674896
111,4,27,19,49,2,12內湖區,內湖區文德路與文德路66巷口,0,0,1,1,B03,8,3,5,50,4,1,1,5,4,5,7,2,1,1,4,5,2,13,1,46,3,10,1,1,7,9,1,8,1,1,,23,23,1,22,9,121.5812322,25.07842058