發生年度,發生月,發生日,發生時-Hours,發生分,處理別-編號,區序,肇事地點,死亡人數,2-30日死亡人數,受傷人數,當事人序號,車種,天候,光線,道路類別,速限-速度限制,道路型態,事故位置,路面狀況1,路面狀況2,路面狀況3,道路障礙1,道路障礙2,號誌1,號誌2,車道劃分-分向,車道劃分-分道1,車道劃分-分道2,車道劃分-分道3,事故類型及型態,性別,年齡,受傷程度,主要傷處,安全帽,行動電話,車輛用途,當事者行動狀態,駕駛資格情形,駕駛執照種類,飲酒情形,車輛撞擊部位1,車輛撞擊部位2,肇因碼-個別,肇因碼-主要,個人肇逃否,職業,旅次目的,座標-X,座標-Y
111,4,27,19,49,2,12內湖區,內湖區文德路與文德路66巷口,0,0,1,2,B01,8,3,5,50,4,1,1,5,4,5,7,2,1,1,4,5,2,13,1,39,2,1,1,1,7,14,1,8,1,3,,44,23,1,22,9,121.5812322,25.07842058
111,4,27,19,49,2,12內湖區,內湖區文德路與文德路66巷口,0,0,1,3,B03,8,3,5,50,4,1,1,5,4,5,7,2,1,1,4,5,2,13,1,60,3,10,1,1,7,14,1,8,1,3,,44,23,1,22,9,121.5812322,25.07842058
111,4,27,19,58,2,03中山區,中山區南京東路3段與建國北路2段口,0,0,1,3,C03,7,3,5,40,14,8,1,4,4,5,7,1,1,1,3,4,1,16,1,55,2,9,3,4,7,9,1,10,11,15,,43,43,1,22,9,121.5371273,25.05207417
111,4,27,19,58,2,03中山區,中山區南京東路3段與建國北路2段口,0,0,1,2,B01,7,3,5,40,14,8,1,4,4,5,7,1,1,1,3,4,1,16,1,63,4,11,3,4,7,15,7,19,11,15,,43,43,2,22,9,121.5371273,25.05207417
111,4,27,19,58,2,03中山區,中山區南京東路3段與建國北路2段口,0,0,1,1,C03,7,3,5,40,14,8,1,4,4,5,7,1,1,1,3,4,1,16,1,27,4,11,3,4,7,15,7,19,11,15,,43,43,2,22,9,121.5371273,25.05207417
111,4,27,19,58,2,03中山區,中山區南京東路3段與建國北路2段口,0,0,1,4,H02,7,3,5,40,14,8,1,4,4,5,7,1,1,1,3,4,1,16,4,,4,11,3,4,7,20,8,20,10,16,,67,43,2,22,9,121.5371273,25.05207417
111,4,27,20,9,2,03中山區,中山區民權東路1段45號,0,0,1,1,C03,6,3,5,50,14,9,1,4,4,5,7,4,4,1,3,5,1,13,2,25,2,8,1,4,7,9,1,10,1,11,,16,16,1,22,9,121.5247509,25.06282993
111,4,27,20,9,2,03中山區,中山區民權東路1段45號,0,0,1,2,B01,6,3,5,50,14,9,1,4,4,5,7,4,4,1,3,5,1,13,1,56,3,10,3,4,7,9,1,8,1,6,,44,16,1,22,9,121.5247509,25.06282993
111,4,27,21,7,2,05中正區,中正區中山南路與凱達格蘭大道口,0,0,2,1,C04,7,3,5,50,5,1,1,5,4,5,7,1,1,9,4,1,1,16,2,20,2,9,1,1,7,5,1,8,2,12,,43,43,1,22,9,121.5173602,25.03894275
111,4,27,21,7,2,05中正區,中正區中山南路與凱達格蘭大道口,0,0,2,2,A02,7,3,5,50,5,1,1,5,4,5,7,1,1,9,4,1,1,16,1,42,3,10,1,1,7,9,1,2,2,5,,43,43,1,22,9,121.5173602,25.03894275
111,4,27,21,7,2,05中正區,中正區中山南路與凱達格蘭大道口,0,0,2,3,H02,7,3,5,50,5,1,1,5,4,5,7,1,1,9,4,1,1,16,2,20,2,9,1,1,7,20,8,20,1,16,,67,43,1,22,9,121.5173602,25.03894275
111,4,27,21,15,2,12內湖區,內湖區民權東路6段56巷與民權東路6段90巷16弄口,0,0,3,1,C03,7,3,5,50,3,1,1,5,4,5,7,4,4,9,5,4,1,12,2,35,2,7,1,1,7,4,1,9,1,14,,23,23,1,22,9,121.5850753,25.06789246
111,4,27,21,15,2,12內湖區,內湖區民權東路6段56巷與民權東路6段90巷16弄口,0,0,3,2,F01,7,3,5,50,3,1,1,5,4,5,7,4,4,9,5,4,1,12,2,29,2,9,1,1,7,9,8,20,1,16,,17,23,1,22,9,121.5850753,25.06789246
111,4,27,21,15,2,12內湖區,內湖區民權東路6段56巷與民權東路6段90巷16弄口,0,0,3,3,C03,7,3,5,50,3,1,1,5,4,5,7,4,4,9,5,4,1,12,2,28,2,9,1,1,7,9,1,10,1,12,,16,23,1,22,9,121.5850753,25.06789246
111,4,27,21,25,2,03中山區,中山區敬業四路萬豪酒店前,0,0,1,1,B03,8,3,5,50,14,9,1,5,4,5,7,4,4,9,4,5,2,16,2,23,3,10,1,1,7,5,1,8,1,8,,8,8,1,22,9,121.5585055,25.08047797
111,4,27,21,25,2,03中山區,中山區敬業四路萬豪酒店前,0,0,1,2,C03,8,3,5,50,14,9,1,5,4,5,7,4,4,9,4,5,2,16,1,21,2,7,1,1,7,4,1,10,1,11,,23,8,1,22,9,121.5585055,25.08047797
111,4,27,21,35,2,08士林區,士林區中山北路6段與克強路口,0,0,2,1,C03,8,3,5,50,4,1,1,5,4,5,7,1,1,1,4,5,2,17,2,28,3,10,1,1,7,5,1,10,11,15,,8,8,1,22,9,121.5253146,25.1087866
111,4,27,21,35,2,08士林區,士林區中山北路6段與克強路口,0,0,2,2,C03,8,3,5,50,4,1,1,5,4,5,7,1,1,1,4,5,2,17,1,22,2,9,1,1,7,9,1,10,11,14,,44,8,1,22,9,121.5253146,25.1087866
111,4,27,21,35,2,08士林區,士林區中山北路6段與克強路口,0,0,2,3,H02,8,3,5,50,4,1,1,5,4,5,7,1,1,1,4,5,2,17,2,27,2,9,1,5,7,20,8,20,10,16,,67,8,1,22,9,121.5253146,25.1087866
111,4,27,22,49,2,01大同區,大同區延平北路3段7號,0,0,1,1,H01,8,3,5,0,14,9,1,5,4,5,7,4,4,9,4,4,2,3,1,66,3,10,4,5,8,16,8,20,10,16,,51,51,1,22,9,121.5111933,25.06355677
111,4,27,22,49,2,01大同區,大同區延平北路3段7號,0,0,1,2,C03,8,3,5,0,14,9,1,5,4,5,7,4,4,9,4,4,2,3,1,35,2,9,1,1,7,9,1,10,1,11,,23,51,1,22,9,121.5111933,25.06355677
111,4,27,23,50,2,04大安區,大安區信義路3段與建國南路1段口,0,0,1,1,B03,7,3,5,50,4,1,1,5,4,5,7,1,1,8,3,4,1,16,1,24,3,10,1,1,7,5,1,8,1,7,,8,8,1,22,9,121.5380529,25.03360055
111,4,27,23,50,2,04大安區,大安區信義路3段與建國南路1段口,0,0,1,2,C03,7,3,5,50,4,1,1,5,4,5,7,1,1,8,3,4,1,16,1,22,2,9,1,1,7,9,1,10,1,11,,13,8,1,22,9,121.5380529,25.03360055
111,4,28,0,0,2,05中正區,中正區和平西路1段與重慶南路3段口,0,0,1,1,C03,8,3,5,50,5,3,1,5,4,5,7,2,1,1,3,5,1,15,1,51,2,8,1,1,7,9,1,10,2,12,,25,25,1,22,9,121.5158628,25.02746783
111,4,28,0,0,2,05中正區,中正區和平西路1段與重慶南路3段口,0,0,1,2,B01,8,3,5,50,5,3,1,5,4,5,7,2,1,1,3,5,1,15,1,24,3,10,1,1,7,9,1,4,2,1,,44,25,1,22,9,121.5158628,25.02746783
111,4,28,2,2,2,08士林區,士林區百齡橋與百齡橋口引道,0,0,1,1,B03,8,3,5,50,3,1,1,5,4,5,7,4,4,3,2,5,1,17,1,41,3,10,1,1,7,6,1,8,1,2,,9,9,1,22,9,121.5156963,25.0904407
111,4,28,2,2,2,08士林區,士林區百齡橋與百齡橋口引道,0,0,1,2,C03,8,3,5,50,3,1,1,5,4,5,7,4,4,3,2,5,1,17,1,18,2,9,1,1,7,9,1,10,1,14,,44,9,1,22,9,121.5156963,25.0904407
111,4,28,5,20,2,10文山區,文山區木柵路4段與信義快速道路口,0,0,1,1,B03,8,2,5,50,3,1,1,5,4,5,7,1,1,1,4,5,2,16,2,58,3,10,1,1,7,5,1,8,2,2,,25,25,1,22,9,121.5768768,25.0002354
111,4,28,5,20,2,10文山區,文山區木柵路4段與信義快速道路口,0,0,1,2,C03,8,2,5,50,3,1,1,5,4,5,7,1,1,1,4,5,2,16,1,23,2,9,1,1,7,9,1,10,2,11,,44,25,1,22,9,121.5768768,25.0002354
111,4,28,6,48,2,10文山區,文山區羅斯福路4段與基隆路4段口,0,0,1,1,C03,8,1,5,50,4,1,1,5,4,5,7,1,1,1,4,5,2,16,1,22,2,9,1,1,7,5,1,10,1,14,,26,26,1,22,9,121.5371249,25.0109647
111,4,28,6,48,2,10文山區,文山區羅斯福路4段與基隆路4段口,0,0,1,2,C03,8,1,5,50,4,1,1,5,4,5,7,1,1,1,4,5,2,16,1,19,3,10,1,1,7,9,1,10,1,12,,26,26,1,22,9,121.5371249,25.0109647
111,4,28,6,56,2,11南港區,南港區研究院路1段189號與研究院路1段151巷口,0,0,1,1,B12,8,1,5,50,4,1,1,5,4,5,7,2,1,1,4,5,1,16,1,36,3,10,3,4,7,11,1,8,2,2,,10,10,1,22,9,121.6158715,25.04925979
111,4,28,6,56,2,11南港區,南港區研究院路1段189號與研究院路1段151巷口,0,0,1,2,C03,8,1,5,50,4,1,1,5,4,5,7,2,1,1,4,5,1,16,2,45,2,9,1,4,7,9,1,10,1,11,,44,10,1,22,9,121.6158715,25.04925979
111,4,28,6,56,2,11南港區,南港區研究院路1段189號與研究院路1段151巷口,0,0,1,3,B01,8,1,5,50,4,1,1,5,4,5,7,2,1,1,4,5,1,16,1,67,3,10,3,4,7,9,1,4,1,7,,44,10,1,22,9,121.6158715,25.04925979
111,4,28,7,3,2,02萬華區,萬華區西園路2段與西園路2段261巷口,0,0,2,1,C03,8,1,5,50,3,2,1,5,4,5,7,2,1,3,5,5,1,16,2,37,2,9,1,4,7,6,3,18,1,11,,26,26,1,22,9,121.4926295,25.02584204
111,4,28,7,3,2,02萬華區,萬華區西園路2段與西園路2段261巷口,0,0,2,2,C03,8,1,5,50,3,2,1,5,4,5,7,2,1,3,5,5,1,16,1,20,2,9,2,4,7,9,1,10,1,14,,44,26,1,22,9,121.4926295,25.02584204
111,4,28,7,3,2,03中山區,中山區林森北路與南京東路1段口,0,0,2,1,B03,8,1,5,50,4,1,1,5,4,5,7,1,1,1,4,4,2,16,1,28,2,9,1,1,7,5,3,18,1,2,,26,26,1,22,9,121.5254068,25.0522254
111,4,28,7,3,2,03中山區,中山區林森北路與南京東路1段口,0,0,2,2,C03,8,1,5,50,4,1,1,5,4,5,7,1,1,1,4,4,2,16,1,18,2,9,1,1,7,9,1,10,1,11,,44,26,1,22,9,121.5254068,25.0522254
111,4,28,8,0,2,09北投區,北投區大業路452巷與北投路2段口,0,0,1,1,B03,8,1,5,50,3,1,1,5,4,5,7,4,4,9,4,5,2,12,2,61,3,10,3,4,7,6,1,8,1,6,,43,43,1,22,9,121.4968681,25.1317672
111,4,28,8,0,2,09北投區,北投區大業路452巷與北投路2段口,0,0,1,2,C03,8,1,5,50,3,1,1,5,4,5,7,4,4,9,4,5,2,12,2,35,2,8,3,4,7,6,1,10,1,14,,43,43,1,22,9,121.4968681,25.1317672
111,4,28,8,5,2,10文山區,文山區指南路1段與永安街口,0,0,1,1,C03,8,1,5,30,4,1,1,5,4,5,7,4,4,9,4,5,2,16,1,81,2,7,1,1,7,5,1,10,1,12,,6,6,1,22,9,121.5700958,24.98771171
111,4,28,8,5,2,10文山區,文山區指南路1段與永安街口,0,0,1,2,B01,8,1,5,30,4,1,1,5,4,5,7,4,4,9,4,5,2,16,1,63,3,10,1,1,7,9,1,4,1,8,,23,6,1,22,9,121.5700958,24.98771171
111,4,28,8,20,2,08士林區,士林區重慶北路4段220巷與通河西街1段口,0,0,1,1,B03,8,1,5,30,3,1,1,5,4,5,3,4,4,5,5,5,2,17,1,32,3,10,3,4,7,5,1,8,1,1,,6,6,1,22,9,121.5122802,25.08588948
111,4,28,8,20,2,08士林區,士林區重慶北路4段220巷與通河西街1段口,0,0,1,2,C03,8,1,5,30,3,1,1,5,4,5,3,4,4,5,5,5,2,17,2,31,2,8,1,4,7,9,1,10,1,12,,44,6,1,22,9,121.5122802,25.08588948
111,4,28,8,24,2,11南港區,南港區南港路3段294號,0,0,2,1,C03,8,1,5,50,14,9,1,5,4,5,7,4,4,4,4,5,2,12,1,34,2,8,1,1,7,11,1,10,1,13,,10,10,1,22,9,121.5819061,25.05164614
111,4,28,8,24,2,11南港區,南港區南港路3段294號,0,0,2,2,C03,8,1,5,50,14,9,1,5,4,5,7,4,4,4,4,5,2,12,1,29,2,7,1,1,7,9,1,10,1,11,,44,10,1,22,9,121.5819061,25.05164614
111,4,28,8,25,2,08士林區,士林區社正路72號,0,0,1,1,B03,8,1,5,50,14,9,1,5,4,5,7,4,4,9,5,5,1,17,1,42,3,10,1,1,7,1,1,8,1,8,,19,19,1,22,9,121.511154,25.08899499
111,4,28,8,25,2,08士林區,士林區社正路72號,0,0,1,2,C03,8,1,5,50,14,9,1,5,4,5,7,4,4,9,5,5,1,17,1,31,2,9,1,1,7,4,1,10,1,11,,1,19,1,22,9,121.511154,25.08899499
111,4,28,8,30,2,07信義區,信義區忠孝東路5段101號對面,0,0,1,1,A02,8,1,5,50,14,9,1,5,4,5,7,4,4,1,4,5,2,12,1,51,3,10,3,4,7,1,1,2,1,4,,19,19,1,22,9,121.5673889,25.04099807
111,4,28,8,30,2,07信義區,信義區忠孝東路5段101號對面,0,0,1,2,C03,8,1,5,50,14,9,1,5,4,5,7,4,4,1,4,5,2,12,2,31,2,9,3,4,7,9,1,9,1,12,,44,19,1,22,9,121.5673889,25.04099807
111,4,28,8,41,2,07信義區,信義區信義路汽機車混合地下道北往南,0,0,1,1,C03,8,3,5,30,14,9,1,5,4,5,7,4,4,10,5,5,1,18,1,42,2,9,3,4,7,9,1,10,1,14,,42,42,1,22,9,121.5632382,25.0392833
111,4,28,8,41,2,07信義區,信義區信義路汽機車混合地下道北往南,0,0,1,2,,8,3,5,30,14,9,1,5,4,5,7,4,4,10,5,5,1,18,3,,,,,,,,,,,,,67,42,1,,,121.5632382,25.0392833
111,4,28,8,51,2,06松山區,(五常街370號前),0,0,4,1,C03,8,1,5,30,14,9,1,5,4,5,7,4,4,10,5,5,2,12,1,21,2,9,1,1,7,5,1,10,1,11,,8,8,1,22,9,121.5453108,25.06432668
111,4,28,8,51,2,06松山區,(五常街370號前),0,0,4,2,C03,8,1,5,30,14,9,1,5,4,5,7,4,4,10,5,5,2,12,2,65,2,8,1,1,7,9,1,10,1,12,,5,8,1,22,9,121.5453108,25.06432668
111,4,28,8,51,2,06松山區,(五常街370號前),0,0,4,5,H02,8,1,5,30,14,9,1,5,4,5,7,4,4,10,5,5,2,12,2,68,2,8,1,5,7,21,8,20,10,15,,67,8,1,22,9,121.5453108,25.06432668
111,4,28,8,51,2,06松山區,(五常街370號前),0,0,4,4,H02,8,1,5,30,14,9,1,5,4,5,7,4,4,10,5,5,2,12,2,10,2,9,1,5,7,20,8,20,10,15,,67,8,1,22,9,121.5453108,25.06432668
111,4,28,8,53,2,12內湖區,內湖區麥帥一橋往內湖,0,0,2,1,C03,8,1,5,40,14,11,1,5,4,5,7,4,4,2,4,2,1,17,1,27,2,9,1,1,7,15,1,10,1,13,,23,23,1,22,9,121.5747306,25.05328324
111,4,28,8,53,2,12內湖區,內湖區麥帥一橋往內湖,0,0,2,2,C03,8,1,5,40,14,11,1,5,4,5,7,4,4,2,4,2,1,17,1,50,2,7,1,1,7,9,1,10,1,11,,27,23,1,22,9,121.5747306,25.05328324
111,4,28,8,55,2,10文山區,文山區木柵路2段與興隆路4段口,0,0,1,1,A02,8,1,5,50,4,2,1,5,4,5,7,2,1,9,4,5,1,17,1,54,3,10,1,1,7,5,1,2,1,15,,43,43,1,22,9,121.560134,24.9887244
111,4,28,8,55,2,10文山區,文山區木柵路2段與興隆路4段口,0,0,1,2,C03,8,1,5,50,4,2,1,5,4,5,7,2,1,9,4,5,1,17,2,63,2,8,1,1,7,9,1,10,1,12,,43,43,1,22,9,121.560134,24.9887244
111,4,28,9,0,2,09北投區,北投區承德路7段236號,0,0,2,1,C03,8,1,5,50,14,9,1,5,4,5,7,4,4,3,4,3,2,13,1,22,2,9,3,4,7,9,1,10,1,11,,16,16,1,22,9,121.5062136,25.11535178
111,4,28,9,0,2,09北投區,北投區承德路7段236號,0,0,2,2,C03,8,1,5,50,14,9,1,5,4,5,7,4,4,3,4,3,2,13,1,27,2,9,3,4,7,9,1,10,1,13,,44,16,1,22,9,121.5062136,25.11535178
111,4,28,9,20,2,03中山區,中山區松江路295-1號,0,0,1,1,B01,8,1,5,50,14,9,1,5,4,5,7,4,4,1,4,5,2,12,1,68,3,10,1,1,7,8,1,4,1,2,,7,7,1,22,9,121.5333054,25.06087475
111,4,28,9,20,2,03中山區,中山區松江路295-1號,0,0,1,2,C03,8,1,5,50,14,9,1,5,4,5,7,4,4,1,4,5,2,12,2,25,2,9,1,1,7,9,1,10,1,14,,44,7,1,22,9,121.5333054,25.06087475
111,4,28,9,20,2,09北投區,北投區石牌路2段101號永明派出所前,0,0,1,1,A02,8,1,5,50,14,9,1,5,4,5,7,3,1,9,4,5,1,9,1,59,3,10,1,1,7,1,1,2,1,1,,44,44,1,22,9,121.5170192,25.11782082
111,4,28,9,20,2,09北投區,北投區石牌路2段101號永明派出所前,0,0,1,2,H02,8,1,5,50,14,9,1,5,4,5,7,3,1,9,4,5,1,9,1,44,2,9,4,5,7,17,8,20,10,16,,67,44,1,22,9,121.5170192,25.11782082
111,4,28,9,25,2,07信義區,信義區松高路與基隆路1段口,0,0,1,1,B03,8,1,5,0,3,1,1,5,4,5,7,4,4,5,4,5,2,17,2,57,3,10,3,4,7,1,1,8,1,2,,19,19,1,22,9,121.5636775,25.03920694
111,4,28,9,25,2,07信義區,信義區松高路與基隆路1段口,0,0,1,2,C03,8,1,5,0,3,1,1,5,4,5,7,4,4,5,4,5,2,17,1,35,2,8,3,4,7,9,1,10,1,11,,44,19,1,22,9,121.5636775,25.03920694
111,4,28,9,34,2,12內湖區,內湖區康樂街111巷與康樂街61巷口,0,0,1,1,B03,8,1,5,30,4,1,1,5,4,5,7,4,4,10,5,5,2,15,2,20,3,10,1,1,7,9,1,8,2,1,,6,6,1,22,9,121.6197815,25.07069812
111,4,28,9,34,2,12內湖區,內湖區康樂街111巷與康樂街61巷口,0,0,1,2,C03,8,1,5,30,4,1,1,5,4,5,7,4,4,10,5,5,2,15,1,56,2,9,1,1,7,9,1,10,2,12,,23,6,1,22,9,121.6197815,25.07069812
111,4,28,9,34,2,12內湖區,內湖區康樂街111巷與康樂街61巷口,0,0,1,3,C03,8,1,5,30,4,1,1,5,4,5,7,4,4,10,5,5,2,15,2,41,3,10,3,4,7,13,1,10,11,14,,38,6,1,22,9,121.6197815,25.07069812
111,4,28,9,34,2,12內湖區,內湖區康樂街111巷與康樂街61巷口,0,0,1,4,,8,1,5,30,4,1,1,5,4,5,7,4,4,10,5,5,2,15,3,,,,,,,,,,,,,67,6,1,,,121.6197815,25.07069812
111,4,28,9,38,2,01大同區,大同區寧夏路與涼州街口,0,0,1,2,C03,8,1,5,0,4,1,1,5,4,5,7,2,1,5,5,5,2,12,2,38,2,9,1,4,7,9,1,10,1,11,,44,8,1,22,9,121.5143411,25.0608276
111,4,28,9,38,2,01大同區,大同區寧夏路與涼州街口,0,0,1,1,C03,8,1,5,0,4,1,1,5,4,5,7,2,1,5,5,5,2,12,2,67,4,11,3,4,7,5,7,19,11,15,,8,8,2,22,9,121.5143411,25.0608276
111,4,28,9,48,2,01大同區,大同區重慶北路3段223巷與大龍街口口,0,0,1,1,A12,8,1,5,50,4,2,1,5,4,5,7,2,1,9,4,5,1,3,1,41,3,10,1,4,7,5,1,3,2,5,,15,15,1,22,9,121.5158304,25.07051452
111,4,28,9,48,2,01大同區,大同區重慶北路3段223巷與大龍街口口,0,0,1,2,H01,8,1,5,50,4,2,1,5,4,5,7,2,1,9,4,5,1,3,2,41,2,9,4,5,8,16,8,20,10,16,,53,15,1,22,9,121.5158304,25.07051452
111,4,28,10,5,2,12內湖區,內湖區東湖路與康樂街口口,0,0,1,1,B03,8,1,5,50,4,1,1,5,4,5,7,2,1,5,4,5,2,12,1,64,3,10,1,1,7,7,1,8,1,5,,44,44,1,22,9,121.6175828,25.0678821
111,4,28,10,5,2,12內湖區,內湖區東湖路與康樂街口口,0,0,1,2,C03,8,1,5,50,4,1,1,5,4,5,7,2,1,5,4,5,2,12,1,20,2,9,1,1,7,7,1,10,1,14,,7,44,1,22,9,121.6175828,25.0678821
111,4,28,10,5,2,07信義區,信義區松仁路與松勤街口,0,0,1,1,C03,8,1,5,50,4,1,1,5,4,5,7,1,1,5,5,5,2,13,1,33,2,9,1,1,7,9,1,10,1,12,,16,16,1,22,9,121.568357,25.0319123
111,4,28,10,5,2,07信義區,信義區松仁路與松勤街口,0,0,1,2,B11,8,1,5,50,4,1,1,5,4,5,7,1,1,5,5,5,2,13,1,60,3,10,1,1,7,6,1,4,1,7,,44,16,1,22,9,121.568357,25.0319123
111,4,28,10,17,2,01大同區,大同區哈密街74號,0,0,1,1,B03,8,1,5,50,14,9,1,5,4,5,7,4,4,8,5,5,2,14,2,49,3,10,1,1,7,2,1,8,2,3,,12,12,1,22,9,121.5153103,25.07301237
111,4,28,10,17,2,01大同區,大同區哈密街74號,0,0,1,2,B03,8,1,5,50,14,9,1,5,4,5,7,4,4,8,5,5,2,14,1,42,3,10,1,1,7,14,1,8,2,1,,44,12,1,22,9,121.5153103,25.07301237
111,4,28,10,17,2,01大同區,大同區哈密街74號,0,0,1,3,H02,8,1,5,50,14,9,1,5,4,5,7,4,4,8,5,5,2,14,2,37,2,9,1,5,7,20,8,20,10,16,,67,12,1,22,9,121.5153103,25.07301237
111,4,28,10,41,2,07信義區,信義區松仁路228巷15號旁,0,0,1,1,C03,8,1,5,30,14,9,1,5,4,5,7,4,4,8,5,5,1,12,1,81,2,9,1,1,7,9,6,18,2,15,,17,17,1,22,9,121.5677417,25.02464358
111,4,28,10,41,2,07信義區,信義區松仁路228巷15號旁,0,0,1,2,B12,8,1,5,30,14,9,1,5,4,5,7,4,4,8,5,5,1,12,1,60,3,10,1,4,7,9,1,8,2,2,,17,17,1,22,9,121.5677417,25.02464358
111,4,28,11,17,2,10文山區,文山區指南路3段34巷燈桿編號151號旁,0,0,1,1,C03,8,1,5,30,11,9,1,4,4,5,7,4,4,10,5,5,2,18,1,27,2,9,1,1,7,9,1,10,1,14,,43,43,1,22,9,121.5812044,24.96698668
111,4,28,11,17,2,10文山區,文山區指南路3段34巷燈桿編號151號旁,0,0,1,2,,8,1,5,30,11,9,1,4,4,5,7,4,4,10,5,5,2,18,3,,,,,,,,,,,,,67,43,1,,,121.5812044,24.96698668
111,4,28,11,33,2,08士林區,士林區百齡左岸河濱公園與堤外便道口237電桿,0,0,1,1,C03,8,1,5,40,5,2,1,5,4,5,7,4,4,9,4,5,1,13,1,17,2,9,1,1,7,9,2,18,1,11,,16,16,1,22,9,121.5115669,25.09054015
111,4,28,11,33,2,08士林區,士林區百齡左岸河濱公園與堤外便道口237電桿,0,0,1,2,B03,8,1,5,40,5,2,1,5,4,5,7,4,4,9,4,5,1,13,1,20,3,10,1,1,7,12,1,8,1,3,,44,16,1,22,9,121.5115669,25.09054015
111,4,28,11,45,2,09北投區,北投區中央北路2段與稻香路口,0,0,2,1,C03,8,1,5,50,5,1,1,5,4,5,7,2,1,5,4,5,2,16,2,48,2,9,1,1,7,6,1,10,2,12,,9,9,1,22,9,121.4914018,25.1384903
111,4,28,11,45,2,09北投區,北投區中央北路2段與稻香路口,0,0,2,2,C03,8,1,5,50,5,1,1,5,4,5,7,2,1,5,4,5,2,16,1,29,2,7,1,1,7,9,1,10,2,14,,23,9,1,22,9,121.4914018,25.1384903
111,4,28,11,58,2,07信義區,信義區信安街67巷景勤2號公園對面,0,0,1,1,B03,8,1,5,50,14,8,1,5,4,5,7,4,4,4,3,4,1,16,1,27,3,10,1,4,7,6,1,8,1,6,,9,9,1,22,9,121.5601962,25.02590467
111,4,28,11,58,2,07信義區,信義區信安街67巷景勤2號公園對面,0,0,1,2,C03,8,1,5,50,14,8,1,5,4,5,7,4,4,4,3,4,1,16,2,30,2,8,1,1,7,9,1,10,1,11,,44,9,1,22,9,121.5601962,25.02590467
111,4,28,12,29,2,10文山區,文山區羅斯福路6段與景隆街口,0,0,1,1,B03,8,1,5,50,4,2,1,5,4,5,7,2,1,1,4,5,2,12,2,25,3,10,1,1,7,7,1,8,1,4,,7,7,1,22,9,121.5399637,24.99961093
111,4,28,12,29,2,10文山區,文山區羅斯福路6段與景隆街口,0,0,1,2,C03,8,1,5,50,4,2,1,5,4,5,7,2,1,1,4,5,2,12,1,16,2,9,1,1,7,9,2,18,1,12,,44,7,1,22,9,121.5399637,24.99961093
111,4,28,12,29,2,10文山區,文山區羅斯福路6段與景隆街口,0,0,1,3,B03,8,1,5,50,4,2,1,5,4,5,7,2,1,1,4,5,2,12,1,47,3,10,1,1,7,14,1,8,1,6,,44,7,1,22,9,121.5399637,24.99961093
111,4,28,12,34,2,01大同區,大同區西寧北路62-5號,0,0,1,1,C03,8,1,5,50,14,9,1,5,4,5,7,4,4,10,5,5,1,17,1,37,3,10,3,4,7,1,1,10,1,15,,19,19,1,22,9,121.5086348,25.05290558
111,4,28,12,34,2,01大同區,大同區西寧北路62-5號,0,0,1,2,C03,8,1,5,50,14,9,1,5,4,5,7,4,4,10,5,5,1,17,1,29,2,9,3,4,7,9,1,10,1,15,,44,19,1,22,9,121.5086348,25.05290558
111,4,28,12,43,2,04大安區,大安區和平東路2段與復興南路2段口,0,0,1,1,C03,8,1,5,50,4,2,1,5,4,5,7,1,1,1,4,5,2,17,1,21,3,10,1,1,7,9,1,10,1,11,,43,43,1,22,9,121.5166573,25.03721034
111,4,28,12,43,2,04大安區,大安區和平東路2段與復興南路2段口,0,0,1,2,C03,8,1,5,50,4,2,1,5,4,5,7,1,1,1,4,5,2,17,2,21,2,8,1,1,7,14,1,10,1,14,,43,43,1,22,9,121.5166573,25.03721034
111,4,28,12,53,2,08士林區,士林區忠誠路2段207巷與東山路口,0,0,1,1,C03,8,1,5,30,4,2,1,5,4,5,7,3,1,9,4,5,1,17,1,19,2,9,2,1,7,9,1,10,2,11,,6,6,1,22,9,121.5390868,25.11642547
111,4,28,12,53,2,08士林區,士林區忠誠路2段207巷與東山路口,0,0,1,2,B03,8,1,5,30,4,2,1,5,4,5,7,3,1,9,4,5,1,17,2,49,3,10,1,1,7,9,1,8,2,4,,44,6,1,22,9,121.5390868,25.11642547
111,4,28,14,0,2,05中正區,中正區懷寧街與襄陽路口,0,0,2,1,C03,8,1,5,50,4,1,1,5,4,5,7,1,1,5,4,5,2,16,2,37,2,9,1,1,7,6,1,10,2,12,,9,9,1,22,9,121.514021,25.04336242
111,4,28,14,0,2,05中正區,中正區懷寧街與襄陽路口,0,0,2,2,C03,8,1,5,50,4,1,1,5,4,5,7,1,1,5,4,5,2,16,1,31,2,9,1,1,7,9,1,10,2,14,,44,9,1,22,9,121.514021,25.04336242
111,4,28,14,29,2,02萬華區,萬華區梧州街70號,0,0,1,1,C03,8,1,5,30,13,9,1,5,4,5,7,4,4,10,5,5,2,16,1,69,2,9,1,1,7,11,1,10,2,11,,6,6,1,22,9,121.4975605,25.03550757
111,4,28,14,29,2,02萬華區,萬華區梧州街70號,0,0,1,2,B03,8,1,5,30,13,9,1,5,4,5,7,4,4,10,5,5,2,16,1,27,3,10,1,1,7,9,1,8,2,8,,14,6,1,22,9,121.4975605,25.03550757
111,4,28,15,41,2,01大同區,大同區承德路2段與錦西街口,0,0,2,1,C03,8,1,5,50,4,2,1,5,4,5,7,2,1,3,4,5,1,12,1,37,2,5,1,1,7,5,1,10,2,13,,8,8,1,22,9,121.5182964,25.0600988