發生年度,發生月,發生日,發生時-Hours,發生分,處理別-編號,區序,肇事地點,死亡人數,2-30日死亡人數,受傷人數,當事人序號,車種,天候,光線,道路類別,速限-速度限制,道路型態,事故位置,路面狀況1,路面狀況2,路面狀況3,道路障礙1,道路障礙2,號誌1,號誌2,車道劃分-分向,車道劃分-分道1,車道劃分-分道2,車道劃分-分道3,事故類型及型態,性別,年齡,受傷程度,主要傷處,安全帽,行動電話,車輛用途,當事者行動狀態,駕駛資格情形,駕駛執照種類,飲酒情形,車輛撞擊部位1,車輛撞擊部位2,肇因碼-個別,肇因碼-主要,個人肇逃否,職業,旅次目的,座標-X,座標-Y
111,4,28,15,41,2,01大同區,大同區承德路2段與錦西街口,0,0,2,2,F01,8,1,5,50,4,2,1,5,4,5,7,2,1,3,4,5,1,12,2,65,2,9,1,1,7,11,8,20,2,16,,11,8,1,22,9,121.5182964,25.0600988
111,4,28,16,5,2,06松山區,松山區市民大道4段35號,0,0,1,1,C03,8,1,5,40,14,9,1,5,4,5,7,4,4,1,4,5,2,16,1,65,3,10,1,4,7,7,1,10,2,14,,7,7,1,22,9,121.5451934,25.04511657
111,4,28,16,5,2,06松山區,松山區市民大道4段35號,0,0,1,2,C03,8,1,5,40,14,9,1,5,4,5,7,4,4,1,4,5,2,16,1,22,2,9,1,4,7,9,1,10,2,11,,44,7,1,22,9,121.5451934,25.04511657
111,4,28,16,10,2,04大安區,大安區師大路與師大路86巷口,0,0,2,1,C03,8,1,5,30,5,1,1,5,4,5,7,4,4,5,5,5,2,15,2,62,2,2,1,4,7,9,1,10,1,14,,6,6,1,22,9,121.5284319,25.0229364
111,4,28,16,10,2,04大安區,大安區師大路與師大路86巷口,0,0,2,2,C03,8,1,5,30,5,1,1,5,4,5,7,4,4,5,5,5,2,15,1,44,2,7,1,4,7,9,1,10,1,12,,23,6,1,22,9,121.5284319,25.0229364
111,4,28,16,10,2,12內湖區,內湖區內湖路1段與內湖路1段288巷口,0,0,1,1,B03,8,1,5,50,3,1,1,5,4,5,7,2,1,1,4,5,2,12,1,18,3,10,1,1,7,6,1,8,2,5,,9,9,1,22,9,121.568332,25.0819847
111,4,28,16,10,2,12內湖區,內湖區內湖路1段與內湖路1段288巷口,0,0,1,2,C03,8,1,5,50,3,1,1,5,4,5,7,2,1,1,4,5,2,12,1,20,2,9,1,1,7,9,1,10,2,14,,44,9,1,22,9,121.568332,25.0819847
111,4,28,16,20,2,03中山區,中山區北安路與中山北路3段口,0,0,2,1,B12,8,1,5,50,4,1,1,5,4,5,7,1,1,1,4,1,2,16,1,50,3,10,1,1,7,9,1,8,1,2,,43,43,1,22,9,121.5271311,25.07650057
111,4,28,16,20,2,03中山區,中山區北安路與中山北路3段口,0,0,2,2,C03,8,1,5,50,4,1,1,5,4,5,7,1,1,1,4,1,2,16,2,59,2,9,1,1,7,5,1,10,1,11,,43,43,1,22,9,121.5271311,25.07650057
111,4,28,16,20,2,03中山區,中山區北安路與中山北路3段口,0,0,2,3,C03,8,1,5,50,4,1,1,5,4,5,7,1,1,1,4,1,2,16,1,21,2,9,1,1,7,5,1,10,1,14,,43,43,1,22,9,121.5271311,25.07650057
111,4,28,16,22,2,08士林區,士林區延平北路8段與延平北路8段262巷口,0,0,1,1,C03,8,1,5,40,3,2,1,5,4,5,7,4,4,5,5,5,2,3,1,16,3,10,2,1,7,9,2,18,2,11,,43,43,1,22,9,121.4788029,25.1059089
111,4,28,16,22,2,08士林區,士林區延平北路8段與延平北路8段262巷口,0,0,1,2,H01,8,1,5,40,3,2,1,5,4,5,7,4,4,5,5,5,2,3,1,61,2,1,4,5,8,16,8,20,10,16,,67,43,1,22,9,121.4788029,25.1059089
111,4,28,17,0,2,03中山區,中山區市民大道3段與安東街16巷18弄口口,0,0,2,1,F03,7,1,5,40,3,2,1,5,4,5,7,4,4,1,4,5,2,16,1,36,2,9,1,1,7,5,8,20,1,16,,6,6,1,10,9,121.5408727,25.04472162
111,4,28,17,0,2,03中山區,中山區市民大道3段與安東街16巷18弄口口,0,0,2,2,C03,7,1,5,40,3,2,1,5,4,5,7,4,4,1,4,5,2,16,1,26,2,9,1,4,7,9,1,10,1,14,,13,6,1,14,9,121.5408727,25.04472162
111,4,28,17,10,2,10文山區,文山區木柵路3段177號前,0,0,1,1,B03,8,1,5,30,14,9,1,5,4,5,7,4,4,4,5,5,2,16,2,48,3,10,1,1,7,6,1,8,1,2,,43,43,1,22,9,121.5693851,24.98954776
111,4,28,17,10,2,10文山區,文山區木柵路3段177號前,0,0,1,2,C03,8,1,5,30,14,9,1,5,4,5,7,4,4,4,5,5,2,16,1,66,2,9,1,1,7,9,1,10,1,11,,43,43,1,22,9,121.5693851,24.98954776
111,4,28,17,50,2,07信義區,信義區逸仙路50巷與忠孝東路4段554巷口,0,0,1,1,C03,8,1,5,30,4,1,1,5,4,5,7,4,4,10,5,5,2,15,1,25,2,9,1,1,7,9,1,10,2,14,,6,6,1,22,9,121.5634016,25.0405855
111,4,28,17,50,2,07信義區,信義區逸仙路50巷與忠孝東路4段554巷口,0,0,1,2,B01,8,1,5,30,4,1,1,5,4,5,7,4,4,10,5,5,2,15,1,58,3,10,1,1,7,9,1,4,2,8,,23,6,1,22,9,121.5634016,25.0405855
111,4,28,18,5,2,05中正區,中正區羅斯福路4段與基隆路4段口口,0,0,1,1,B01,8,1,5,50,5,1,1,5,4,5,7,1,1,1,4,5,1,15,1,66,3,10,1,1,7,9,1,4,2,1,,44,44,1,22,9,121.5369097,25.01133615
111,4,28,18,5,2,05中正區,中正區羅斯福路4段與基隆路4段口口,0,0,1,2,C03,8,1,5,50,5,1,1,5,4,5,7,1,1,1,4,5,1,15,2,40,2,9,1,1,7,9,1,10,2,14,,25,44,1,22,9,121.5369097,25.01133615
111,4,28,18,18,2,10文山區,文山區木柵路1段73號前,0,0,1,1,C03,8,3,5,50,14,9,4,5,4,5,7,4,4,9,4,5,2,17,1,50,3,10,1,1,7,9,1,10,1,15,,42,42,1,22,9,121.5465514,24.98685929
111,4,28,18,18,2,10文山區,文山區木柵路1段73號前,0,0,1,2,C03,8,3,5,50,14,9,4,5,4,5,7,4,4,9,4,5,2,17,2,31,2,7,1,1,7,9,1,10,1,15,,42,42,1,22,9,121.5465514,24.98685929
111,4,28,18,33,2,02萬華區,萬華區東園街73巷65號,0,0,1,1,C03,8,2,5,30,14,9,1,5,4,5,7,4,4,10,5,5,2,14,2,31,2,9,1,1,7,2,1,10,2,13,,12,12,1,22,9,121.498915,25.02660844
111,4,28,18,33,2,02萬華區,萬華區東園街73巷65號,0,0,1,2,B03,8,2,5,30,14,9,1,5,4,5,7,4,4,10,5,5,2,14,2,58,3,10,1,1,7,2,1,8,2,5,,12,12,1,22,9,121.498915,25.02660844
111,4,28,18,50,2,05中正區,中正區徐州路2號前,0,0,1,1,B03,8,3,5,50,14,9,1,5,4,5,7,4,4,9,4,5,1,16,1,30,3,10,1,1,7,11,1,15,2,8,,10,10,1,21,5,121.5208505,25.04135016
111,4,28,18,50,2,05中正區,中正區徐州路2號前,0,0,1,2,C03,8,3,5,50,14,9,1,5,4,5,7,4,4,9,4,5,1,16,2,49,2,8,1,1,7,9,1,10,2,11,,23,10,1,21,1,121.5208505,25.04135016
111,4,28,19,35,2,04大安區,大安區基隆路2段154號,0,0,1,1,C04,8,3,5,50,14,9,1,5,4,5,7,4,4,1,4,5,2,12,2,28,2,9,3,4,7,9,3,18,1,14,,17,17,1,22,9,121.5563334,25.02781165
111,4,28,19,35,2,04大安區,大安區基隆路2段154號,0,0,1,2,B03,8,3,5,50,14,9,1,5,4,5,7,4,4,1,4,5,2,12,2,48,3,10,3,4,7,9,1,8,1,2,,17,17,1,22,9,121.5563334,25.02781165
111,4,28,20,15,2,12內湖區,內湖區文德路220巷與陽光街口,0,0,1,1,B03,8,1,5,50,3,1,1,5,4,5,7,1,1,4,5,5,1,16,1,47,3,10,3,4,7,5,1,8,1,2,,8,8,1,22,9,121.5881352,25.0770179
111,4,28,20,15,2,12內湖區,內湖區文德路220巷與陽光街口,0,0,1,2,C03,8,1,5,50,3,1,1,5,4,5,7,1,1,4,5,5,1,16,1,26,2,7,3,4,7,9,1,15,1,11,,44,8,1,22,9,121.5881352,25.0770179
111,4,28,20,20,2,07信義區,信義區基隆路1段103號,0,0,1,1,C03,8,3,5,0,14,9,1,5,4,5,7,1,1,8,3,5,2,13,4,,4,11,3,4,7,15,7,19,11,15,,43,43,2,22,9,121.5629585,25.0386891
111,4,28,20,20,2,07信義區,信義區基隆路1段103號,0,0,1,2,C03,8,3,5,0,14,9,1,5,4,5,7,1,1,8,3,5,2,13,2,41,2,9,1,1,7,9,1,10,1,11,,43,43,1,22,9,121.5629585,25.0386891
111,4,28,20,20,2,07信義區,信義區基隆路1段103號,0,0,1,3,C03,8,3,5,0,14,9,1,5,4,5,7,1,1,8,3,5,2,13,1,31,3,10,1,1,7,9,1,10,1,13,,43,43,1,22,9,121.5629585,25.0386891
111,4,28,21,25,2,06松山區,松山區麥帥一橋機車道(東往西),0,0,1,1,C03,8,3,5,40,8,11,1,5,4,5,7,4,4,10,4,5,1,13,2,38,3,10,1,1,7,9,1,10,2,15,,30,30,1,22,9,121.5709319,25.05165811
111,4,28,21,25,2,06松山區,松山區麥帥一橋機車道(東往西),0,0,1,2,C03,8,3,5,40,8,11,1,5,4,5,7,4,4,10,4,5,1,13,2,40,2,8,1,1,7,9,1,10,2,13,,44,30,1,22,9,121.5709319,25.05165811
111,4,28,21,25,2,06松山區,松山區麥帥一橋機車道(東往西),0,0,1,3,C03,8,3,5,40,8,11,1,5,4,5,7,4,4,10,4,5,1,13,2,26,3,10,1,1,7,9,1,10,2,11,,16,30,1,22,9,121.5709319,25.05165811
111,4,28,21,55,2,09北投區,北投區承德路6段與承德路6段口五分產業道路,0,0,1,1,B03,8,3,5,60,3,2,1,5,4,5,7,4,4,1,4,4,2,16,1,34,3,10,3,4,7,6,1,8,2,5,,9,9,2,22,9,121.5114133,25.10869378
111,4,28,21,55,2,09北投區,北投區承德路6段與承德路6段口五分產業道路,0,0,1,2,C03,8,3,5,60,3,2,1,5,4,5,7,4,4,1,4,4,2,16,1,26,2,9,3,4,7,9,1,10,2,14,,44,9,1,22,9,121.5114133,25.10869378
111,4,28,22,51,2,06松山區,松山區塔悠路176號,0,0,2,1,C03,8,3,5,40,14,9,1,5,4,5,7,1,1,1,4,5,2,16,1,22,2,9,1,4,7,8,1,10,1,13,,7,7,1,22,9,121.5693955,25.05635528
111,4,28,22,51,2,06松山區,松山區塔悠路176號,0,0,2,2,C03,8,3,5,40,14,9,1,5,4,5,7,1,1,1,4,5,2,16,1,36,2,6,1,4,7,9,1,10,1,11,,23,7,1,22,9,121.5693955,25.05635528
111,4,28,22,53,2,12內湖區,內湖區內湖路1段285巷63弄口(第22號停車格),0,0,2,1,C03,8,3,5,30,14,9,1,5,4,5,6,4,4,10,5,5,2,9,1,30,2,9,1,1,7,9,1,10,1,11,,23,23,1,22,9,121.5669288,25.08422901
111,4,28,22,53,2,12內湖區,內湖區內湖路1段285巷63弄口(第22號停車格),0,0,2,2,H01,8,3,5,30,14,9,1,5,4,5,6,4,4,10,5,5,2,9,1,50,2,9,1,1,8,16,8,20,10,16,,67,23,1,22,9,121.5669288,25.08422901
111,4,28,22,53,2,12內湖區,內湖區內湖路1段285巷63弄口(第22號停車格),0,0,2,3,C02,8,3,5,30,14,9,1,5,4,5,6,4,4,10,5,5,2,9,1,50,3,10,3,1,7,13,1,9,1,14,,44,23,1,22,9,121.5669288,25.08422901
111,4,28,23,35,2,07信義區,信義區松山路與松山路465巷口,0,0,1,1,B01,8,3,5,50,4,1,1,5,4,5,7,1,1,8,5,5,2,15,1,57,3,10,1,1,7,9,1,4,2,2,,25,25,1,22,9,121.577889,25.03956215
111,4,28,23,35,2,07信義區,信義區松山路與松山路465巷口,0,0,1,2,C03,8,3,5,50,4,1,1,5,4,5,7,1,1,8,5,5,2,15,1,19,2,7,1,1,7,9,1,10,2,11,,44,25,1,22,9,121.577889,25.03956215
111,4,28,23,56,2,07信義區,信義區市民大道5段與東寧路口,0,0,1,1,C03,8,3,5,50,3,3,1,5,4,5,7,1,1,5,4,5,2,18,1,28,2,9,1,1,7,9,1,10,1,14,,43,43,1,22,9,121.5631535,25.04724062
111,4,28,23,56,2,07信義區,信義區市民大道5段與東寧路口,0,0,1,2,,8,3,5,50,3,3,1,5,4,5,7,1,1,5,4,5,2,18,3,,,,,,,,,,,,,67,43,1,,,121.5631535,25.04724062
111,4,29,0,12,2,08士林區,士林區中正路與重慶北路4段口,0,0,1,1,B03,8,3,5,50,3,2,1,5,4,5,7,4,4,10,4,5,1,16,1,20,3,10,1,1,7,6,1,8,1,2,,9,9,1,22,9,121.5098633,25.0867226
111,4,29,0,12,2,08士林區,士林區中正路與重慶北路4段口,0,0,1,2,C03,8,3,5,50,3,2,1,5,4,5,7,4,4,10,4,5,1,16,2,50,2,5,1,1,7,9,1,10,1,14,,42,9,1,22,9,121.5098633,25.0867226
111,4,29,3,20,2,07信義區,信義區信義路5段與松德路口,0,0,2,1,B03,8,1,5,50,4,2,1,5,4,5,7,2,1,1,2,5,2,13,2,21,3,10,1,1,7,9,1,8,1,1,,25,25,1,22,9,121.5744301,25.03334443
111,4,29,3,20,2,07信義區,信義區信義路5段與松德路口,0,0,2,2,C03,8,1,5,50,4,2,1,5,4,5,7,2,1,1,2,5,2,13,1,41,2,9,1,1,7,14,6,18,1,13,,44,25,1,22,9,121.5744301,25.03334443
111,4,29,3,20,2,07信義區,信義區信義路5段與松德路口,0,0,2,3,H02,8,1,5,50,4,2,1,5,4,5,7,2,1,1,2,5,2,13,2,33,2,9,4,5,7,20,8,20,10,16,,67,25,1,22,9,121.5744301,25.03334443
111,4,29,5,0,2,11南港區,南港區成福路與成福路15巷口,0,0,1,1,F01,7,3,5,30,4,2,1,5,4,5,7,2,1,5,5,5,2,11,1,75,2,5,1,1,7,9,8,20,1,16,,27,27,1,22,9,121.586442,25.04503705
111,4,29,5,0,2,11南港區,南港區成福路與成福路15巷口,0,0,1,2,B03,7,3,5,30,4,2,1,5,4,5,7,2,1,5,5,5,2,11,1,29,3,10,1,1,7,5,1,8,1,8,,8,27,1,22,9,121.586442,25.04503705
111,4,29,5,25,2,01大同區,大同區重慶北路3段120巷與昌吉街95巷口,0,0,1,1,B03,8,1,5,30,3,2,1,5,4,5,7,4,4,4,5,5,1,16,1,41,3,10,3,4,7,5,1,8,2,5,,6,6,1,22,9,121.5131554,25.06725308
111,4,29,5,25,2,01大同區,大同區重慶北路3段120巷與昌吉街95巷口,0,0,1,2,C03,8,1,5,30,3,2,1,5,4,5,7,4,4,4,5,5,1,16,2,51,2,9,2,1,7,15,1,10,2,12,,23,6,1,22,9,121.5131554,25.06725308
111,4,29,5,44,2,10文山區,文山區溪口街與溪口街36巷口,0,0,1,1,B01,8,1,5,50,4,1,1,5,4,5,7,4,4,5,5,5,2,15,1,69,3,10,1,1,7,9,1,4,2,1,,26,26,1,22,9,121.5397277,24.9949768
111,4,29,5,44,2,10文山區,文山區溪口街與溪口街36巷口,0,0,1,2,C03,8,1,5,50,4,1,1,5,4,5,7,4,4,5,5,5,2,15,2,61,2,9,1,1,7,9,1,10,2,12,,6,26,1,22,9,121.5397277,24.9949768
111,4,29,7,9,2,10文山區,文山區辛亥路5段與辛亥路5段25巷口,0,0,1,1,B03,8,1,5,30,4,1,1,5,4,5,7,1,1,5,5,5,2,17,1,56,3,10,1,1,7,5,1,8,2,8,,6,6,1,22,9,121.5541143,24.9998804
111,4,29,7,9,2,10文山區,文山區辛亥路5段與辛亥路5段25巷口,0,0,1,2,C03,8,1,5,30,4,1,1,5,4,5,7,1,1,5,5,5,2,17,1,19,2,9,1,1,7,9,3,18,2,11,,13,6,1,22,9,121.5541143,24.9998804
111,4,29,7,34,2,02萬華區,萬華區和平西路3段與康定路口,0,0,2,1,C03,8,1,5,50,4,1,1,5,4,5,7,2,1,3,5,5,1,12,2,40,2,9,1,4,7,9,1,10,1,11,,23,23,1,22,9,121.5011564,25.03517089
111,4,29,7,34,2,02萬華區,萬華區和平西路3段與康定路口,0,0,2,2,C03,8,1,5,50,4,1,1,5,4,5,7,2,1,3,5,5,1,12,1,19,2,7,1,4,7,14,1,10,1,12,,44,23,1,22,9,121.5011564,25.03517089
111,4,29,7,34,2,02萬華區,萬華區和平西路3段與康定路口,0,0,2,3,C03,8,1,5,50,4,1,1,5,4,5,7,2,1,3,5,5,1,12,1,22,3,10,1,4,7,14,1,10,1,13,,44,23,1,22,9,121.5011564,25.03517089
111,4,29,7,38,2,10文山區,文山區木新路3段316號,0,0,2,1,C03,8,1,5,50,14,9,1,5,4,5,7,4,4,4,4,5,2,13,1,25,2,7,1,1,7,9,1,10,2,11,,16,16,1,22,9,121.5555211,24.98037369
111,4,29,7,38,2,10文山區,文山區木新路3段316號,0,0,2,2,C03,8,1,5,50,14,9,1,5,4,5,7,4,4,4,4,5,2,13,1,27,2,7,1,1,7,9,1,10,2,13,,44,16,1,22,9,121.5555211,24.98037369
111,4,29,7,38,2,10文山區,文山區木新路3段316號,0,0,2,3,B03,8,1,5,50,14,9,1,5,4,5,7,4,4,4,4,5,2,13,4,,,,,,,,,,11,,,19,16,,,,121.5555211,24.98037369
111,4,29,8,0,2,09北投區,北投區懷德街56巷與榮華三路41巷口,0,0,1,1,B03,8,1,5,30,14,9,1,5,4,5,7,4,4,9,5,5,2,16,1,45,3,10,1,1,7,9,1,8,9,1,,6,6,1,22,9,121.5204254,25.1127283
111,4,29,8,0,2,09北投區,北投區懷德街56巷與榮華三路41巷口,0,0,1,2,C03,8,1,5,30,14,9,1,5,4,5,7,4,4,9,5,5,2,16,1,34,2,9,1,1,7,9,1,10,9,12,,44,6,1,22,9,121.5204254,25.1127283
111,4,29,8,2,2,02萬華區,萬華區桂林路246巷往北環快匝道前,0,0,1,1,C03,8,1,5,30,14,9,5,5,4,5,7,3,1,10,5,5,2,17,2,30,2,8,1,1,7,9,1,10,1,12,,16,16,1,22,9,121.4910571,25.03580274
111,4,29,8,2,2,02萬華區,萬華區桂林路246巷往北環快匝道前,0,0,1,2,C03,8,1,5,30,14,9,5,5,4,5,7,3,1,10,5,5,2,17,2,30,3,10,1,1,7,12,1,10,1,15,,44,16,1,22,9,121.4910571,25.03580274
111,4,29,8,2,2,02萬華區,萬華區桂林路246巷往北環快匝道前,0,0,1,3,B02,8,1,5,30,14,9,5,5,4,5,7,3,1,10,5,5,2,17,1,53,3,10,1,1,7,7,1,8,9,15,,7,16,1,22,9,121.4910571,25.03580274
111,4,29,8,11,2,04大安區,大安區和平東路2段與復興南路2段口,0,0,2,1,C03,8,1,5,50,4,2,1,5,4,5,7,2,1,1,4,5,1,12,1,31,2,9,1,4,7,7,1,10,1,14,,7,7,1,22,9,121.5436034,25.02482985
111,4,29,8,11,2,04大安區,大安區和平東路2段與復興南路2段口,0,0,2,2,C03,8,1,5,50,4,2,1,5,4,5,7,2,1,1,4,5,1,12,1,20,2,9,1,4,7,9,1,10,1,12,,44,7,1,22,9,121.5436034,25.02482985
111,4,29,8,11,2,04大安區,大安區和平東路2段與復興南路2段口,0,0,2,3,B01,8,1,5,50,4,2,1,5,4,5,7,2,1,1,4,5,1,12,1,64,3,10,1,4,7,9,1,4,1,6,,44,7,1,22,9,121.5436034,25.02482985
111,4,29,8,14,2,09北投區,北投區中央北路3段90號,0,0,2,1,C03,8,1,5,50,14,9,1,5,4,5,7,4,4,7,4,5,2,12,1,56,2,9,1,1,7,7,1,10,1,14,,6,6,1,22,9,121.4844343,25.13787077
111,4,29,8,14,2,09北投區,北投區中央北路3段90號,0,0,2,2,C03,8,1,5,50,14,9,1,5,4,5,7,4,4,7,4,5,2,12,1,19,2,9,1,1,7,9,1,10,1,11,,13,6,1,22,9,121.4844343,25.13787077
111,4,29,8,20,2,08士林區,士林區中山北路6段與德行東路口,0,0,1,1,C03,8,1,5,50,4,1,1,5,4,5,7,2,1,1,4,5,1,17,1,29,3,10,1,1,7,5,1,10,1,15,,8,8,1,22,9,121.5249494,25.1064913
111,4,29,8,20,2,08士林區,士林區中山北路6段與德行東路口,0,0,1,2,C03,8,1,5,50,4,1,1,5,4,5,7,2,1,1,4,5,1,17,1,26,2,8,1,1,7,9,1,10,1,14,,42,8,1,22,9,121.5249494,25.1064913
111,4,29,8,21,2,08士林區,士林區中正路621號,0,0,1,1,C03,8,1,5,50,14,9,1,5,4,5,7,3,1,9,4,5,1,16,1,22,3,10,1,1,7,7,1,10,2,14,,7,7,1,22,9,121.5087331,25.08641393
111,4,29,8,21,2,08士林區,士林區中正路621號,0,0,1,2,C03,8,1,5,50,14,9,1,5,4,5,7,3,1,9,4,5,1,16,1,46,2,9,1,1,7,9,1,10,2,11,,44,7,1,22,9,121.5087331,25.08641393
111,4,29,8,30,2,02萬華區,萬華區東園街35巷與東園街口,0,0,1,1,C03,8,1,5,0,3,1,1,5,4,5,7,1,1,10,3,5,1,16,4,,4,11,3,4,7,5,7,19,11,15,,8,8,2,22,9,121.4957649,25.0274724
111,4,29,8,30,2,02萬華區,萬華區東園街35巷與東園街口,0,0,1,2,C02,8,1,5,0,3,1,1,5,4,5,7,1,1,10,3,5,1,16,1,46,2,8,3,4,7,9,1,9,5,15,,44,8,1,22,9,121.4957649,25.0274724
111,4,29,8,31,2,08士林區,士林區中正路與延平北路6段口,0,0,1,1,C03,8,1,5,50,4,2,1,5,4,5,7,2,1,1,4,5,2,3,1,24,3,10,1,1,7,9,1,10,2,11,,15,15,1,22,9,121.5092218,25.08685721
111,4,29,8,31,2,08士林區,士林區中正路與延平北路6段口,0,0,1,2,H01,8,1,5,50,4,2,1,5,4,5,7,2,1,1,4,5,2,3,1,87,2,9,4,5,8,16,8,20,10,16,,52,15,1,22,9,121.5092218,25.08685721
111,4,29,8,33,2,04大安區,大安區溫州街58巷與溫州街口,0,0,1,1,C03,8,1,5,30,5,1,1,5,4,5,7,4,4,10,5,5,2,17,1,36,2,6,1,4,7,5,1,10,1,12,,6,6,1,22,9,121.5326882,25.0205062
111,4,29,8,33,2,04大安區,大安區溫州街58巷與溫州街口,0,0,1,2,B03,8,1,5,30,5,1,1,5,4,5,7,4,4,10,5,5,2,17,1,57,3,10,1,4,7,9,1,8,1,1,,23,6,1,22,9,121.5326882,25.0205062
111,4,29,8,52,2,10文山區,文山區辛亥路4段與萬美街2段口口,0,0,1,1,B03,8,1,5,50,3,1,1,5,4,5,7,1,1,1,4,5,2,16,2,47,3,10,1,1,7,6,1,8,2,2,,9,9,1,22,9,121.5580033,25.0061179
111,4,29,8,52,2,10文山區,文山區辛亥路4段與萬美街2段口口,0,0,1,2,C03,8,1,5,50,3,1,1,5,4,5,7,1,1,1,4,5,2,16,2,49,2,9,1,1,7,9,1,10,2,14,,44,9,1,22,9,121.5580033,25.0061179
111,4,29,9,0,2,04大安區,大安區復興南路2段與東豐街口,0,0,1,1,B03,8,1,5,50,4,2,1,5,4,5,7,1,1,10,5,5,1,11,1,52,3,10,3,1,7,9,1,8,1,2,,44,44,1,22,9,121.5435516,25.027216
111,4,29,9,0,2,04大安區,大安區復興南路2段與東豐街口,0,0,1,2,C03,8,1,5,50,4,2,1,5,4,5,7,1,1,10,5,5,1,11,2,50,2,9,1,1,7,7,1,10,1,14,,7,44,1,22,9,121.5435516,25.027216
111,4,29,10,0,2,01大同區,大同區鄭州路與環河北路1段口,0,0,2,1,B01,8,1,5,40,4,1,1,5,4,5,7,2,1,1,4,5,2,16,1,50,3,10,3,4,7,6,1,4,1,2,,9,9,1,22,9,121.5070359,25.05090607
111,4,29,10,0,2,01大同區,大同區鄭州路與環河北路1段口,0,0,2,2,C03,8,1,5,40,4,1,1,5,4,5,7,2,1,1,4,5,2,16,2,19,2,8,1,1,7,9,1,10,1,14,,13,9,1,22,9,121.5070359,25.05090607
111,4,29,10,0,2,01大同區,大同區鄭州路與環河北路1段口,0,0,2,3,H02,8,1,5,40,4,1,1,5,4,5,7,2,1,1,4,5,2,16,2,19,2,8,1,5,7,20,8,20,10,16,,67,9,1,22,9,121.5070359,25.05090607
111,4,29,10,29,2,02萬華區,萬華區中華路2段416巷5號,0,0,1,1,B03,8,1,5,50,14,9,1,5,4,5,7,4,4,10,5,5,1,17,1,72,3,10,1,4,7,2,1,8,1,3,,12,12,1,22,9,121.5046827,25.02722623
111,4,29,10,29,2,02萬華區,萬華區中華路2段416巷5號,0,0,1,2,C03,8,1,5,50,14,9,1,5,4,5,7,4,4,10,5,5,1,17,2,27,2,8,1,4,7,14,1,10,1,11,,44,12,1,22,9,121.5046827,25.02722623
111,4,29,10,30,2,12內湖區,內湖區港墘路與內湖路1段口,0,0,1,1,C03,8,1,5,50,4,1,1,5,4,5,7,2,1,1,4,5,2,16,1,66,2,8,1,1,7,1,6,10,1,14,,43,43,1,22,9,121.5768729,25.07884539
111,4,29,10,30,2,12內湖區,內湖區港墘路與內湖路1段口,0,0,1,2,B03,8,1,5,50,4,1,1,5,4,5,7,2,1,1,4,5,2,16,2,57,3,10,1,1,7,6,1,8,1,5,,43,43,1,22,9,121.5768729,25.07884539
111,4,29,10,54,2,07信義區,信義區莊敬路218號,0,0,1,1,C03,8,1,5,40,14,8,1,5,4,5,7,4,4,8,3,4,1,16,1,72,3,10,1,1,7,1,1,10,1,14,,19,19,1,22,9,121.5617306,25.03014513
111,4,29,10,54,2,07信義區,信義區莊敬路218號,0,0,1,2,C03,8,1,5,40,14,8,1,5,4,5,7,4,4,8,3,4,1,16,2,37,2,9,1,1,7,9,1,10,1,11,,44,19,1,22,9,121.5617306,25.03014513
111,4,29,11,20,2,09北投區,北投區承德路7段342-2號,0,0,4,1,C03,8,1,5,50,14,9,1,5,4,5,7,4,4,5,5,5,2,16,2,29,2,9,1,1,7,1,1,10,1,11,,19,19,1,22,9,121.5042502,25.11759083
111,4,29,11,20,2,09北投區,北投區承德路7段342-2號,0,0,4,2,C03,8,1,5,50,14,9,1,5,4,5,7,4,4,5,5,5,2,16,1,33,2,9,1,1,7,9,1,10,1,11,,44,19,1,22,9,121.5042502,25.11759083
111,4,29,11,20,2,09北投區,北投區承德路7段342-2號,0,0,4,3,H02,8,1,5,50,14,9,1,5,4,5,7,4,4,5,5,5,2,16,2,23,2,9,4,5,7,20,8,20,10,16,,67,19,1,22,9,121.5042502,25.11759083
111,4,29,11,20,2,09北投區,北投區承德路7段342-2號,0,0,4,4,H02,8,1,5,50,14,9,1,5,4,5,7,4,4,5,5,5,2,16,1,0,2,9,4,5,7,20,8,20,10,16,,67,19,1,22,9,121.5042502,25.11759083
111,4,29,11,23,2,10文山區,文山區木新路3段50巷10弄15號,0,0,1,1,C03,8,1,5,30,14,9,1,5,4,5,7,4,4,10,5,5,2,2,1,18,3,10,1,1,7,9,1,10,1,11,,43,43,1,22,9,121.5646753,24.9831648
111,4,29,11,23,2,10文山區,文山區木新路3段50巷10弄15號,0,0,1,2,H01,8,1,5,30,14,9,1,5,4,5,7,4,4,10,5,5,2,2,1,77,2,9,4,5,8,16,8,20,10,15,,67,43,1,22,9,121.5646753,24.9831648
111,4,29,11,25,2,04大安區,大安區忠孝東路4段170巷與忠孝東路4段170巷17弄口口,0,0,1,1,C03,8,1,5,30,4,1,1,5,4,5,7,4,4,10,5,5,2,15,2,27,2,8,3,4,7,9,1,10,1,11,,6,6,1,22,9,121.5507622,25.03991768
111,4,29,11,25,2,04大安區,大安區忠孝東路4段170巷與忠孝東路4段170巷17弄口口,0,0,1,2,B12,8,1,5,30,4,1,1,5,4,5,7,4,4,10,5,5,2,15,1,54,3,10,3,4,7,9,1,8,1,5,,13,6,1,22,9,121.5507622,25.03991768