發生年度,發生月,發生日,發生時-Hours,發生分,處理別-編號,區序,肇事地點,死亡人數,2-30日死亡人數,受傷人數,當事人序號,車種,天候,光線,道路類別,速限-速度限制,道路型態,事故位置,路面狀況1,路面狀況2,路面狀況3,道路障礙1,道路障礙2,號誌1,號誌2,車道劃分-分向,車道劃分-分道1,車道劃分-分道2,車道劃分-分道3,事故類型及型態,性別,年齡,受傷程度,主要傷處,安全帽,行動電話,車輛用途,當事者行動狀態,駕駛資格情形,駕駛執照種類,飲酒情形,車輛撞擊部位1,車輛撞擊部位2,肇因碼-個別,肇因碼-主要,個人肇逃否,職業,旅次目的,座標-X,座標-Y
111,4,29,11,49,2,04大安區,大安區基隆路4段與羅斯福路4段口,0,0,2,1,B03,8,1,5,50,16,9,1,5,4,5,7,1,1,1,4,5,2,16,2,59,3,10,1,1,7,7,1,8,1,5,,7,7,1,22,9,121.5374114,25.01120508
111,4,29,11,49,2,04大安區,大安區基隆路4段與羅斯福路4段口,0,0,2,2,C03,8,1,5,50,16,9,1,5,4,5,7,1,1,1,4,5,2,16,1,26,2,9,1,1,7,7,1,10,1,11,,7,7,1,22,9,121.5374114,25.01120508
111,4,29,11,49,2,04大安區,大安區基隆路4段與羅斯福路4段口,0,0,2,3,H02,8,1,5,50,16,9,1,5,4,5,7,1,1,1,4,5,2,16,2,21,2,7,4,5,7,20,8,20,10,16,,67,7,1,22,9,121.5374114,25.01120508
111,4,29,12,15,2,03中山區,中山區建國北路2段116巷與民生東路2段159巷口,0,0,2,1,C03,8,1,5,30,4,1,1,5,4,5,7,4,4,10,5,5,2,15,1,40,2,9,1,1,7,9,1,10,1,14,,6,6,1,22,9,121.53605,25.05879402
111,4,29,12,15,2,03中山區,中山區建國北路2段116巷與民生東路2段159巷口,0,0,2,2,C03,8,1,5,30,4,1,1,5,4,5,7,4,4,10,5,5,2,15,1,27,2,9,1,1,7,9,1,10,1,11,,13,6,1,22,9,121.53605,25.05879402
111,4,29,12,30,2,04大安區,大安區雲和街與雲和街75巷口,0,0,1,1,C03,8,1,5,30,4,1,1,5,4,5,7,4,4,10,5,5,1,16,2,25,4,11,3,4,7,15,1,10,11,15,,44,44,2,22,9,121.5301359,25.02348622
111,4,29,12,30,2,04大安區,大安區雲和街與雲和街75巷口,0,0,1,2,C03,8,1,5,30,4,1,1,5,4,5,7,4,4,10,5,5,1,16,1,52,2,7,1,1,7,9,1,10,1,14,,6,44,1,22,9,121.5301359,25.02348622
111,4,29,12,50,2,12內湖區,內湖區內湖路1段332號前,0,0,1,1,C03,8,1,5,50,14,9,1,5,4,5,7,4,4,1,4,4,2,13,1,32,2,9,1,1,7,8,3,18,1,11,,23,23,1,22,9,121.5703845,25.08166604
111,4,29,12,50,2,12內湖區,內湖區內湖路1段332號前,0,0,1,2,B03,8,1,5,50,14,9,1,5,4,5,7,4,4,1,4,4,2,13,1,36,3,10,1,1,7,14,1,8,1,7,,38,23,1,22,9,121.5703845,25.08166604
111,4,29,13,21,2,06松山區,松山區民生東路4段80巷3號,0,0,1,1,C04,8,1,5,50,14,9,1,5,4,5,7,4,4,9,5,5,2,13,1,28,2,9,1,1,7,9,1,10,1,11,,14,14,1,22,9,121.5530256,25.05723398
111,4,29,13,21,2,06松山區,松山區民生東路4段80巷3號,0,0,1,2,C04,8,1,5,50,14,9,1,5,4,5,7,4,4,9,5,5,2,13,1,47,3,10,1,1,7,7,1,9,1,14,,7,14,1,22,9,121.5530256,25.05723398
111,4,29,13,30,2,04大安區,大安區敦化南路2段85號,0,0,1,1,A04,8,1,5,50,14,9,1,5,4,5,7,4,4,9,4,5,1,9,1,45,3,10,1,1,7,7,1,2,1,15,,42,42,1,22,9,121.5489901,25.02975638
111,4,29,13,30,2,04大安區,大安區敦化南路2段85號,0,0,1,2,H02,8,1,5,50,14,9,1,5,4,5,7,4,4,9,4,5,1,9,1,59,2,5,4,5,7,17,8,20,10,16,,67,42,1,22,9,121.5489901,25.02975638
111,4,29,13,32,2,04大安區,大安區復興南路2段78巷與復興南路2段口,0,0,1,1,B01,8,1,5,50,4,1,1,5,4,5,7,1,1,1,4,4,2,17,1,55,3,10,1,1,7,5,1,4,1,2,,6,6,1,22,9,121.5434606,25.0310692
111,4,29,13,32,2,04大安區,大安區復興南路2段78巷與復興南路2段口,0,0,1,2,C03,8,1,5,50,4,1,1,5,4,5,7,1,1,1,4,4,2,17,1,19,2,9,1,1,7,9,1,10,1,11,,13,6,1,22,9,121.5434606,25.0310692
111,4,29,13,45,2,08士林區,士林區中正路與大南路口匝道,0,0,1,1,B02,8,1,5,50,3,1,1,5,4,5,7,4,4,10,5,5,1,16,1,30,3,10,1,1,7,6,1,8,2,2,,6,6,1,22,9,121.5157098,25.09043654
111,4,29,13,45,2,08士林區,士林區中正路與大南路口匝道,0,0,1,2,C03,8,1,5,50,3,1,1,5,4,5,7,4,4,10,5,5,1,16,2,24,2,9,1,1,7,9,1,10,2,14,,44,6,1,22,9,121.5157098,25.09043654
111,4,29,13,57,2,12內湖區,內湖區康寧路3段與五分街口,0,0,1,1,C03,7,1,5,50,3,1,1,5,4,5,7,1,1,1,3,5,1,15,1,71,3,10,1,1,7,5,1,10,1,14,,8,8,1,22,9,121.6117596,25.0678054
111,4,29,13,57,2,12內湖區,內湖區康寧路3段與五分街口,0,0,1,2,B12,7,1,5,50,3,1,1,5,4,5,7,1,1,1,3,5,1,15,1,38,3,10,1,1,7,9,1,8,1,1,,44,8,1,22,9,121.6117596,25.0678054
111,4,29,13,57,2,12內湖區,內湖區康寧路3段與五分街口,0,0,1,3,H02,7,1,5,50,3,1,1,5,4,5,7,1,1,1,3,5,1,15,1,42,2,8,1,1,7,21,8,20,1,15,,67,8,1,22,9,121.6117596,25.0678054
111,4,29,14,0,2,02萬華區,萬華區東園街35巷與東園街口,0,0,2,1,C03,8,1,5,30,3,1,1,5,4,5,7,3,1,8,3,5,1,17,2,48,2,9,1,1,7,5,1,10,1,11,,6,6,1,22,9,121.4957519,25.02749352
111,4,29,14,0,2,02萬華區,萬華區東園街35巷與東園街口,0,0,2,2,C03,8,1,5,30,3,1,1,5,4,5,7,3,1,8,3,5,1,17,1,50,2,7,1,1,7,9,1,9,1,11,,14,6,1,22,9,121.4957519,25.02749352
111,4,29,14,10,2,06松山區,松山區民權東路4段200號,0,0,1,1,C03,7,1,5,40,14,8,1,5,4,5,7,4,4,1,3,4,2,16,2,33,2,9,1,1,7,9,1,10,1,11,,23,23,1,22,9,121.5619489,25.06277907
111,4,29,14,10,2,06松山區,松山區民權東路4段200號,0,0,1,2,B01,7,1,5,40,14,8,1,5,4,5,7,4,4,1,3,4,2,16,1,24,3,10,1,1,7,14,1,4,1,4,,38,23,1,22,9,121.5619489,25.06277907
111,4,29,14,24,2,05中正區,中正區重慶南路1段與沅陵街口,0,0,1,1,C03,8,1,5,50,3,1,1,5,4,5,7,4,4,10,5,5,2,13,2,48,2,1,1,1,7,9,1,10,2,11,,16,16,1,22,9,121.5131635,25.04277553
111,4,29,14,24,2,05中正區,中正區重慶南路1段與沅陵街口,0,0,1,2,C03,8,1,5,50,3,1,1,5,4,5,7,4,4,10,5,5,2,13,2,26,3,10,1,1,7,9,1,10,2,13,,44,16,1,22,9,121.5131635,25.04277553
111,4,29,14,38,2,03中山區,中山區中山北路1段65號,0,0,1,1,C03,8,1,5,50,14,9,1,5,4,5,7,4,4,9,2,5,2,13,1,40,2,9,1,1,7,9,1,10,1,11,,23,23,1,5,5,121.5218208,25.04995382
111,4,29,14,38,2,03中山區,中山區中山北路1段65號,0,0,1,2,B12,8,1,5,50,14,9,1,5,4,5,7,4,4,9,2,5,2,13,1,48,3,10,1,1,7,14,1,8,1,3,,44,23,1,5,3,121.5218208,25.04995382
111,4,29,14,42,2,08士林區,士林區克強路2號,0,0,2,1,H01,8,1,5,50,14,9,1,5,4,5,7,4,4,5,5,5,2,3,2,68,2,6,4,5,8,16,8,20,10,16,,51,51,1,22,9,121.5249631,25.108787
111,4,29,14,42,2,08士林區,士林區克強路2號,0,0,2,2,C03,8,1,5,50,14,9,1,5,4,5,7,4,4,5,5,5,2,3,1,62,2,9,1,1,7,9,1,10,1,11,,23,51,1,22,9,121.5249631,25.108787
111,4,29,14,54,2,04大安區,大安區基隆路3段與臥龍街口,0,0,1,1,C03,7,2,5,50,3,1,1,5,4,5,7,4,4,9,4,5,1,11,1,48,3,10,1,4,7,6,1,10,2,13,,9,9,1,22,9,121.5481058,25.0207858
111,4,29,14,54,2,04大安區,大安區基隆路3段與臥龍街口,0,0,1,2,C03,7,2,5,50,3,1,1,5,4,5,7,4,4,9,4,5,1,11,1,61,2,9,1,4,7,9,1,10,2,11,,23,9,1,22,9,121.5481058,25.0207858
111,4,29,14,55,2,03中山區,中山區錦州街與錦州街241巷口,0,0,1,1,B01,8,1,5,30,4,1,1,5,4,5,7,4,4,10,5,5,2,16,1,52,3,10,3,4,7,9,1,4,1,1,,6,6,1,22,9,121.5337753,25.06036395
111,4,29,14,55,2,03中山區,中山區錦州街與錦州街241巷口,0,0,1,2,C04,8,1,5,30,4,1,1,5,4,5,7,4,4,10,5,5,2,16,2,75,2,9,1,1,7,9,1,11,1,12,,23,6,1,22,9,121.5337753,25.06036395
111,4,29,15,1,2,12內湖區,內湖區金湖路137號,0,0,2,1,C03,6,1,5,50,14,8,1,4,4,5,7,4,4,3,5,4,1,13,1,22,2,9,1,1,7,9,1,10,1,11,,23,23,1,22,9,121.5986651,25.08021873
111,4,29,15,1,2,12內湖區,內湖區金湖路137號,0,0,2,2,C03,6,1,5,50,14,8,1,4,4,5,7,4,4,3,5,4,1,13,1,23,2,9,1,1,7,7,1,10,1,13,,7,23,1,22,9,121.5986651,25.08021873
111,4,29,15,55,2,12內湖區,內湖區潭美街與成功路2段口,0,0,1,2,C03,8,1,5,50,3,1,1,5,4,5,7,1,1,10,5,5,2,17,2,38,2,9,1,1,7,14,1,10,1,11,,44,8,1,22,9,121.5915738,25.05998202
111,4,29,15,55,2,12內湖區,內湖區潭美街與成功路2段口,0,0,1,1,B02,8,1,5,50,3,1,1,5,4,5,7,1,1,10,5,5,2,17,2,40,3,10,1,1,7,5,1,8,1,8,,8,8,1,22,9,121.5915738,25.05998202
111,4,29,16,10,2,06松山區,松山區復興北路與長安東路2段口,0,0,1,1,C03,8,1,5,50,4,1,1,5,4,5,7,2,1,5,4,5,2,12,1,27,3,10,1,1,7,6,1,10,1,13,,9,9,1,22,9,121.5440482,25.0482506
111,4,29,16,10,2,06松山區,松山區復興北路與長安東路2段口,0,0,1,2,C04,8,1,5,50,4,1,1,5,4,5,7,2,1,5,4,5,2,12,2,61,2,9,1,1,7,9,1,8,1,11,,44,9,1,22,9,121.5440482,25.0482506
111,4,29,16,20,2,03中山區,中山區民權東路2段71巷與松江路372巷口,0,0,1,1,B02,8,1,5,30,4,1,1,5,4,5,7,4,4,9,5,5,2,15,1,50,3,10,3,4,7,9,1,4,2,6,,6,6,1,22,9,121.5316846,25.06309135
111,4,29,16,20,2,03中山區,中山區民權東路2段71巷與松江路372巷口,0,0,1,2,C03,8,1,5,30,4,1,1,5,4,5,7,4,4,9,5,5,2,15,2,27,2,9,3,4,7,9,1,10,2,11,,14,6,1,22,9,121.5316846,25.06309135
111,4,29,16,33,2,10文山區,文山區辛亥路7段38號,0,0,1,1,C03,7,1,5,50,14,8,1,5,4,5,7,4,4,5,4,4,2,13,2,33,2,1,1,1,7,9,1,10,1,11,,23,23,1,22,9,121.5537364,24.98558792
111,4,29,16,33,2,10文山區,文山區辛亥路7段38號,0,0,1,2,B03,7,1,5,50,14,8,1,5,4,5,7,4,4,5,4,4,2,13,1,59,3,10,3,1,7,13,1,8,9,7,,44,23,1,22,9,121.5537364,24.98558792
111,4,29,16,50,2,12內湖區,內湖區民權東路6段與民權東路6段19巷口,0,0,1,1,B03,7,1,5,50,4,1,1,5,4,5,7,1,1,1,4,5,2,16,1,53,3,10,1,1,7,6,1,8,2,2,,9,9,1,22,9,121.5814975,25.06801724
111,4,29,16,50,2,12內湖區,內湖區民權東路6段與民權東路6段19巷口,0,0,1,2,C03,7,1,5,50,4,1,1,5,4,5,7,1,1,1,4,5,2,16,1,36,2,9,1,1,7,9,1,10,2,11,,13,9,1,22,9,121.5814975,25.06801724
111,4,29,17,0,2,05中正區,中正區和平西路1段109號,0,0,1,1,C03,7,1,5,50,14,9,1,5,4,5,7,4,4,1,4,5,2,12,1,57,2,9,1,1,7,9,1,10,2,14,,44,44,1,22,9,121.5173121,25.0269833
111,4,29,17,0,2,05中正區,中正區和平西路1段109號,0,0,1,2,B01,7,1,5,50,14,9,1,5,4,5,7,4,4,1,4,5,2,12,1,53,3,10,1,1,7,8,1,4,2,2,,7,44,1,22,9,121.5173121,25.0269833
111,4,29,17,6,2,04大安區,大安區忠孝東路3段與安東街口,0,0,1,1,C03,8,2,5,50,3,2,1,5,4,5,7,4,4,9,5,4,1,11,2,22,2,9,1,4,7,9,1,10,1,14,,44,44,1,22,9,121.5427263,25.04153257
111,4,29,17,6,2,04大安區,大安區忠孝東路3段與安東街口,0,0,1,2,C03,8,2,5,50,3,2,1,5,4,5,7,4,4,9,5,4,1,11,1,43,3,10,1,4,7,8,1,10,1,12,,7,44,1,22,9,121.5427263,25.04153257
111,4,29,17,6,2,04大安區,大安區忠孝東路3段與安東街口,0,0,1,3,B03,8,2,5,50,3,2,1,5,4,5,7,4,4,9,5,4,1,11,2,33,3,10,1,4,7,14,1,8,1,4,,38,44,1,22,9,121.5427263,25.04153257
111,4,29,17,15,2,03中山區,中山區中山北路2段與民權東路1段口,0,0,1,1,C03,7,1,5,50,4,1,1,5,4,5,7,2,1,5,4,5,2,16,1,28,3,10,1,1,7,7,1,10,1,14,,23,23,1,22,9,121.5227661,25.06286264
111,4,29,17,15,2,03中山區,中山區中山北路2段與民權東路1段口,0,0,1,2,C03,7,1,5,50,4,1,1,5,4,5,7,2,1,5,4,5,2,16,2,27,2,9,1,1,7,9,1,10,1,12,,44,23,1,22,9,121.5227661,25.06286264
111,4,29,17,39,2,07信義區,信義區光復南路202號對面,0,0,1,1,B01,7,1,5,50,14,9,1,5,4,5,7,4,4,1,4,5,1,12,1,58,3,10,3,4,7,8,1,4,1,2,,7,7,1,22,9,121.5577646,25.04170758
111,4,29,17,39,2,07信義區,信義區光復南路202號對面,0,0,1,2,C03,7,1,5,50,14,9,1,5,4,5,7,4,4,1,4,5,1,12,2,25,2,8,3,4,7,9,1,10,1,14,,44,7,1,22,9,121.5577646,25.04170758
111,4,29,17,40,2,06松山區,松山區復興北路與民族東路口,0,0,3,1,C03,8,1,5,50,4,1,1,5,4,5,7,2,1,3,2,5,2,12,2,40,2,9,1,1,7,7,1,10,1,13,,7,7,1,22,9,121.5443875,25.06629562
111,4,29,17,40,2,06松山區,松山區復興北路與民族東路口,0,0,3,2,C03,8,1,5,50,4,1,1,5,4,5,7,2,1,3,2,5,2,12,1,21,2,9,1,1,7,9,1,10,1,11,,16,7,1,22,9,121.5443875,25.06629562
111,4,29,17,40,2,06松山區,松山區復興北路與民族東路口,0,0,3,3,H02,8,1,5,50,4,1,1,5,4,5,7,2,1,3,2,5,2,12,2,19,2,9,1,5,7,20,8,20,10,16,,67,7,1,22,9,121.5443875,25.06629562
111,4,29,17,44,2,10文山區,文山區木新路2段246號,0,0,1,1,C03,6,1,5,50,14,9,1,4,4,5,7,4,4,5,4,5,2,17,1,23,2,9,1,1,7,9,1,10,1,14,,42,42,1,22,9,121.5664796,24.983234
111,4,29,17,44,2,10文山區,文山區木新路2段246號,0,0,1,2,C03,6,1,5,50,14,9,1,4,4,5,7,4,4,5,4,5,2,17,1,45,3,10,1,1,7,15,1,10,9,15,,44,42,1,22,9,121.5664796,24.983234
111,4,29,17,45,2,04大安區,大安區辛亥路3段157巷與辛亥路3段157巷24弄口,0,0,2,1,C03,7,1,5,50,3,1,1,5,4,5,7,4,4,9,5,5,2,3,2,20,2,9,1,4,7,9,1,10,1,11,,23,23,1,22,9,121.5504376,25.01808781
111,4,29,17,45,2,04大安區,大安區辛亥路3段157巷與辛亥路3段157巷24弄口,0,0,2,2,H01,7,1,5,50,3,1,1,5,4,5,7,4,4,9,5,5,2,3,2,71,2,9,4,5,8,16,8,20,10,16,,51,23,1,22,9,121.5504376,25.01808781
111,4,29,17,47,2,05中正區,中正區羅斯福路1段與愛國東路口,0,0,2,1,C03,7,1,5,50,4,1,1,5,4,5,7,1,1,1,4,4,2,12,2,33,2,9,1,1,7,8,1,10,2,12,,7,7,1,22,9,121.5170659,25.03465113
111,4,29,17,47,2,05中正區,中正區羅斯福路1段與愛國東路口,0,0,2,2,C03,7,1,5,50,4,1,1,5,4,5,7,1,1,1,4,4,2,12,1,27,2,9,1,1,7,9,1,10,2,14,,44,7,1,22,9,121.5170659,25.03465113
111,4,29,18,5,2,05中正區,中正區和平西路2段與莒光路口,0,0,2,1,C03,7,1,5,50,14,9,1,5,4,5,7,2,1,2,4,5,1,16,1,26,2,7,1,1,7,9,1,10,2,11,,25,25,1,22,9,121.5077436,25.0313006
111,4,29,18,5,2,05中正區,中正區和平西路2段與莒光路口,0,0,2,2,F01,7,1,5,50,14,9,1,5,4,5,7,2,1,2,4,5,1,16,2,21,2,9,1,1,7,11,8,20,2,16,,11,25,1,22,9,121.5077436,25.0313006
111,4,29,18,10,2,01大同區,大同區哈密街23巷1-4號,0,0,2,1,B12,8,1,5,0,14,9,1,5,4,5,7,4,4,10,5,5,2,11,1,32,2,2,1,1,7,9,1,8,11,7,,17,17,1,22,9,121.5188446,25.07425022
111,4,29,18,10,2,01大同區,大同區哈密街23巷1-4號,0,0,2,2,C03,8,1,5,0,14,9,1,5,4,5,7,4,4,10,5,5,2,11,1,46,2,8,1,1,7,14,1,10,11,14,,44,17,1,22,9,121.5188446,25.07425022
111,4,29,18,41,2,05中正區,中正區衡陽路與懷寧街口,0,0,4,1,C03,8,3,5,50,3,1,1,5,4,5,7,2,1,4,4,5,2,11,1,29,2,5,1,1,7,5,1,10,1,12,,6,6,1,22,9,121.5140234,25.0423497
111,4,29,18,41,2,05中正區,中正區衡陽路與懷寧街口,0,0,4,2,C03,8,3,5,50,3,1,1,5,4,5,7,2,1,4,4,5,2,11,2,48,2,9,1,1,7,9,1,10,1,11,,26,6,1,22,9,121.5140234,25.0423497
111,4,29,18,41,2,05中正區,中正區衡陽路與懷寧街口,0,0,4,3,H02,8,3,5,50,3,1,1,5,4,5,7,2,1,4,4,5,2,11,2,25,2,9,1,5,7,20,8,20,10,16,,67,6,1,22,9,121.5140234,25.0423497
111,4,29,18,41,2,05中正區,中正區衡陽路與懷寧街口,0,0,4,4,H02,8,3,5,50,3,1,1,5,4,5,7,2,1,4,4,5,2,11,2,39,2,9,1,5,7,20,8,20,10,16,,67,6,1,22,9,121.5140234,25.0423497
111,4,29,18,45,2,10文山區,文山區汀州路4段140巷與溪洲街口口,0,0,2,1,C03,8,3,5,30,3,1,1,5,4,5,7,4,4,5,5,5,2,16,2,19,2,9,1,1,7,5,1,10,2,14,,8,8,1,22,9,121.5349605,25.00489972
111,4,29,18,45,2,10文山區,文山區汀州路4段140巷與溪洲街口口,0,0,2,2,C03,8,3,5,30,3,1,1,5,4,5,7,4,4,5,5,5,2,16,2,21,2,9,1,1,7,9,1,10,2,11,,13,8,1,22,9,121.5349605,25.00489972
111,4,29,18,51,2,04大安區,大安區新生南路3段與新生南路3段98巷口,0,0,1,1,C03,7,3,5,50,5,2,1,5,4,5,7,2,1,1,3,5,2,12,1,19,3,10,3,4,7,9,1,10,1,11,,23,23,1,22,9,121.53327,25.01705809
111,4,29,18,51,2,04大安區,大安區新生南路3段與新生南路3段98巷口,0,0,1,2,C03,7,3,5,50,5,2,1,5,4,5,7,2,1,1,3,5,2,12,1,43,2,8,3,4,7,8,1,10,1,12,,7,23,1,22,9,121.53327,25.01705809
111,4,29,18,55,2,07信義區,信義區虎林街30巷與虎林街46巷口,0,0,2,1,C03,8,3,5,30,4,1,1,5,4,5,7,4,4,10,5,5,2,15,1,61,2,9,3,4,7,9,1,10,2,12,,6,6,1,22,9,121.5759609,25.04724222
111,4,29,18,55,2,07信義區,信義區虎林街30巷與虎林街46巷口,0,0,2,2,C03,8,3,5,30,4,1,1,5,4,5,7,4,4,10,5,5,2,15,2,55,2,9,3,4,7,9,1,10,9,11,,14,6,1,22,9,121.5759609,25.04724222
111,4,29,19,0,2,03中山區,中山區建國北路3段與民權東路3段口,0,0,1,1,B03,8,3,5,50,4,1,1,5,4,5,7,1,1,1,3,5,1,3,1,57,3,10,3,4,7,9,1,8,1,5,,23,23,1,22,9,121.5372274,25.06244799
111,4,29,19,0,2,03中山區,中山區建國北路3段與民權東路3段口,0,0,1,2,H01,8,3,5,50,4,1,1,5,4,5,7,1,1,1,3,5,1,3,1,63,2,8,4,5,8,16,8,20,1,16,,42,23,1,22,9,121.5372274,25.06244799
111,4,29,19,5,2,10文山區,文山區興隆路2段與興隆路2段220巷口,0,0,2,1,C01,6,3,5,50,4,1,1,4,4,5,7,2,1,1,4,5,2,3,1,24,2,9,1,1,7,5,3,18,2,11,,15,15,1,22,9,121.5524866,25.00163513
111,4,29,19,5,2,10文山區,文山區興隆路2段與興隆路2段220巷口,0,0,2,2,H01,6,3,5,50,4,1,1,4,4,5,7,2,1,1,4,5,2,3,1,64,2,9,4,5,8,16,8,20,10,16,,67,15,1,22,9,121.5524866,25.00163513
111,4,29,19,9,2,08士林區,士林區延平北路6段與中正路口,0,0,2,1,B02,7,3,5,50,4,1,1,5,4,5,7,2,1,1,4,5,1,16,1,44,3,10,1,1,7,5,6,8,1,8,,8,8,1,21,8,121.5092186,25.08686344
111,4,29,19,9,2,08士林區,士林區延平北路6段與中正路口,0,0,2,2,C03,7,3,5,50,4,1,1,5,4,5,7,2,1,1,4,5,1,16,1,30,2,9,1,1,7,9,1,9,1,12,,44,8,1,21,8,121.5092186,25.08686344
111,4,29,19,9,2,08士林區,士林區延平北路6段與中正路口,0,0,2,3,H02,7,3,5,50,4,1,1,5,4,5,7,2,1,1,4,5,1,16,2,30,2,9,1,5,7,17,8,20,10,16,,67,8,1,21,8,121.5092186,25.08686344
111,4,29,19,14,2,04大安區,大安區金山南路2段與金華街口,0,0,2,1,C03,8,3,5,50,4,1,1,5,4,5,7,2,1,5,2,5,1,17,1,60,2,9,3,4,7,21,1,10,2,15,,6,6,1,22,9,121.5265348,25.03021224
111,4,29,19,14,2,04大安區,大安區金山南路2段與金華街口,0,0,2,2,C03,8,3,5,50,4,1,1,5,4,5,7,2,1,5,2,5,1,17,1,39,2,9,3,4,7,21,1,10,2,15,,44,6,1,22,9,121.5265348,25.03021224
111,4,29,19,17,2,07信義區,信義區永吉路與永吉路187巷口,0,0,1,1,C03,6,1,5,30,3,2,1,4,4,5,7,4,4,1,4,5,2,17,2,64,3,10,1,1,7,6,1,10,1,12,,9,9,1,22,9,121.5727054,25.04568717
111,4,29,19,17,2,07信義區,信義區永吉路與永吉路187巷口,0,0,1,2,F01,6,1,5,30,3,2,1,4,4,5,7,4,4,1,4,5,2,17,2,65,2,9,1,1,7,1,8,20,1,16,,19,9,1,22,9,121.5727054,25.04568717
111,4,29,19,32,2,09北投區,北投區中央北路4段180巷與中央北路4段口,0,0,2,1,C03,8,3,5,50,4,1,1,5,4,5,7,4,4,5,4,4,2,12,1,30,2,9,1,1,7,1,1,10,1,14,,19,19,1,22,9,121.4751351,25.13277547
111,4,29,19,32,2,09北投區,北投區中央北路4段180巷與中央北路4段口,0,0,2,2,C03,8,3,5,50,4,1,1,5,4,5,7,4,4,5,4,4,2,12,1,23,2,9,1,1,7,9,1,10,1,11,,23,19,1,22,9,121.4751351,25.13277547
111,4,29,19,50,2,10文山區,文山區忠順街1段48巷與忠順街1段26巷3弄口,0,0,1,1,F01,6,3,5,30,4,1,1,4,4,5,7,4,4,10,5,5,2,15,2,56,2,9,1,1,7,9,8,20,1,16,,6,6,1,22,9,121.5601537,24.98367134
111,4,29,19,50,2,10文山區,文山區忠順街1段48巷與忠順街1段26巷3弄口,0,0,1,2,B03,6,3,5,30,4,1,1,4,4,5,7,4,4,10,5,5,2,15,1,40,3,10,3,4,7,9,1,8,2,1,,23,6,1,22,9,121.5601537,24.98367134
111,4,29,19,50,2,12內湖區,內湖區成功路2段與成功交流道口東南角,0,0,1,1,B03,6,1,5,50,4,1,1,4,4,5,7,1,1,1,2,5,2,12,2,54,3,10,1,1,7,6,1,8,1,6,,9,9,1,22,9,121.5909087,25.06419825
111,4,29,19,50,2,12內湖區,內湖區成功路2段與成功交流道口東南角,0,0,1,2,C03,6,1,5,50,4,1,1,4,4,5,7,1,1,1,2,5,2,12,1,39,2,9,1,1,7,9,1,10,1,11,,13,9,1,22,9,121.5909087,25.06419825
111,4,29,20,0,2,03中山區,中山區民權東路1段中山國小對面,0,0,1,1,C03,7,3,5,50,14,9,1,5,4,4,7,4,4,3,4,5,2,24,1,38,2,7,1,1,7,9,1,10,1,11,,43,43,1,22,9,121.526392,25.06258862
111,4,29,20,0,2,03中山區,中山區民權東路1段中山國小對面,0,0,1,2,,7,3,5,50,14,9,1,5,4,4,7,4,4,3,4,5,2,24,3,,,,,,,,,,,,,67,43,1,,,121.526392,25.06258862
111,4,29,20,27,2,11南港區,南港區市民大道8段與南港路1段277巷口,0,0,2,1,C03,6,3,5,50,4,2,1,4,4,5,7,1,1,10,5,5,2,3,2,36,2,8,1,1,7,9,1,10,2,11,,15,15,1,22,9,121.6121105,25.0554861
111,4,29,20,27,2,11南港區,南港區市民大道8段與南港路1段277巷口,0,0,2,2,H01,6,3,5,50,4,2,1,4,4,5,7,1,1,10,5,5,2,3,1,51,2,9,4,5,8,16,8,20,10,16,,67,15,1,22,9,121.6121105,25.0554861
111,4,29,21,20,2,08士林區,士林區重慶北路4段引道,0,0,1,1,C03,8,3,5,30,11,11,1,5,4,5,7,4,4,10,5,5,1,18,2,22,2,9,1,1,7,9,1,10,11,12,,43,43,1,22,9,121.5124393,25.07938738
111,4,29,21,20,2,08士林區,士林區重慶北路4段引道,0,0,1,2,,8,3,5,30,11,11,1,5,4,5,7,4,4,10,5,5,1,18,3,,,,,,,,,,,,,67,43,1,,,121.5124393,25.07938738
111,4,29,21,30,2,03中山區,中山區中山橋南往北,0,0,1,1,C03,8,3,5,40,8,9,1,5,4,5,7,4,4,2,4,5,2,12,1,19,2,1,1,1,7,6,1,10,11,14,,13,42,1,22,9,121.5244863,25.07369936
111,4,29,21,30,2,03中山區,中山區中山橋南往北,0,0,1,2,B02,8,3,5,40,8,9,1,5,4,5,7,4,4,2,4,5,2,12,1,58,3,10,1,1,7,6,1,8,11,2,,42,42,1,22,9,121.5244863,25.07369936
111,4,29,23,39,2,07信義區,信義區永吉路與中坡北路口,0,0,1,1,B01,7,3,5,50,4,1,1,5,4,5,7,2,1,1,4,5,1,11,1,63,3,10,3,4,7,5,1,4,1,2,,6,6,1,22,9,121.5807451,25.0453972
111,4,29,23,39,2,07信義區,信義區永吉路與中坡北路口,0,0,1,2,C03,7,3,5,50,4,1,1,5,4,5,7,2,1,1,4,5,1,11,1,22,2,8,3,4,7,9,1,10,1,11,,44,6,1,22,9,121.5807451,25.0453972
111,4,29,23,47,2,10文山區,文山區興隆路3段與興隆路3段115巷口,0,0,1,2,B03,8,1,5,50,3,1,1,5,4,5,7,1,1,1,4,5,2,16,1,29,3,10,1,1,7,9,1,8,2,8,,44,6,1,22,9,121.5579918,24.99902008
111,4,29,23,47,2,10文山區,文山區興隆路3段與興隆路3段115巷口,0,0,1,1,C03,8,1,5,50,3,1,1,5,4,5,7,1,1,1,4,5,2,16,2,26,2,9,1,1,7,5,1,10,2,11,,6,6,1,22,9,121.5579918,24.99902008