發生年度,發生月,發生日,發生時-Hours,發生分,處理別-編號,區序,肇事地點,死亡人數,2-30日死亡人數,受傷人數,當事人序號,車種,天候,光線,道路類別,速限-速度限制,道路型態,事故位置,路面狀況1,路面狀況2,路面狀況3,道路障礙1,道路障礙2,號誌1,號誌2,車道劃分-分向,車道劃分-分道1,車道劃分-分道2,車道劃分-分道3,事故類型及型態,性別,年齡,受傷程度,主要傷處,安全帽,行動電話,車輛用途,當事者行動狀態,駕駛資格情形,駕駛執照種類,飲酒情形,車輛撞擊部位1,車輛撞擊部位2,肇因碼-個別,肇因碼-主要,個人肇逃否,職業,旅次目的,座標-X,座標-Y
111,4,30,0,22,2,04大安區,大安區基隆路2段與和平東路3段口,0,0,1,1,B01,8,3,5,50,4,1,1,5,4,5,7,2,1,1,4,5,2,17,1,52,3,10,1,4,7,6,6,4,1,2,,9,9,1,22,9,121.5528008,25.02464348
111,4,30,0,22,2,04大安區,大安區基隆路2段與和平東路3段口,0,0,1,2,C03,8,3,5,50,4,1,1,5,4,5,7,2,1,1,4,5,2,17,1,31,2,9,1,4,7,9,1,10,1,14,,44,9,1,22,9,121.5528008,25.02464348
111,4,30,7,17,2,07信義區,信義區忠孝東路5段737號與大道路口,0,0,1,1,C03,7,1,5,50,5,1,1,5,4,5,7,2,1,1,4,5,2,13,1,35,2,8,1,1,7,9,1,10,9,11,,23,23,1,22,9,121.5812095,25.04328534
111,4,30,7,17,2,07信義區,信義區忠孝東路5段737號與大道路口,0,0,1,2,B03,7,1,5,50,5,1,1,5,4,5,7,2,1,1,4,5,2,13,1,41,3,10,1,1,7,5,1,8,1,6,,8,23,1,22,9,121.5812095,25.04328534
111,4,30,7,17,2,07信義區,信義區忠孝東路5段737號與大道路口,0,0,1,3,C03,7,1,5,50,5,1,1,5,4,5,7,2,1,1,4,5,2,13,1,29,3,10,1,1,7,13,1,10,11,14,,44,23,1,22,9,121.5812095,25.04328534
111,4,30,7,17,2,07信義區,信義區忠孝東路5段737號與大道路口,0,0,1,4,C03,7,1,5,50,5,1,1,5,4,5,7,2,1,1,4,5,2,13,1,32,3,10,1,1,7,13,1,10,11,14,,44,23,1,22,9,121.5812095,25.04328534
111,4,30,7,17,2,07信義區,信義區忠孝東路5段737號與大道路口,0,0,1,5,C03,7,1,5,50,5,1,1,5,4,5,7,2,1,1,4,5,2,13,1,60,3,10,1,1,7,13,1,10,11,14,,44,23,1,22,9,121.5812095,25.04328534
111,4,30,7,28,2,11南港區,南港區忠孝東路6段與東新街口,0,0,1,1,B12,7,1,5,50,5,2,1,5,4,5,7,1,1,1,4,5,2,16,1,42,3,10,1,1,7,6,1,8,2,5,,9,9,1,22,9,121.584877,25.0481445
111,4,30,7,28,2,11南港區,南港區忠孝東路6段與東新街口,0,0,1,2,F02,7,1,5,50,5,2,1,5,4,5,7,1,1,1,4,5,2,16,2,76,2,9,1,1,7,11,8,20,2,16,,11,9,1,22,9,121.584877,25.0481445
111,4,30,7,31,2,12內湖區,內湖區港墘路82巷16號車道口,0,0,1,1,B12,7,1,5,30,14,9,1,5,4,5,7,4,4,9,5,5,2,11,1,62,3,10,1,1,7,5,1,7,1,1,,43,43,1,22,9,121.5771801,25.08095132
111,4,30,7,31,2,12內湖區,內湖區港墘路82巷16號車道口,0,0,1,2,F01,7,1,5,30,14,9,1,5,4,5,7,4,4,9,5,5,2,11,2,62,2,9,1,1,7,9,8,20,1,16,,43,43,1,22,9,121.5771801,25.08095132
111,4,30,8,53,2,08士林區,士林區德行東路331巷與德行東路331巷51弄口,0,0,2,1,C03,8,1,5,30,4,2,1,5,4,5,7,4,4,9,4,5,1,17,2,63,2,9,1,1,7,9,1,10,2,14,,6,6,1,22,9,121.537461,25.11214958
111,4,30,8,53,2,08士林區,士林區德行東路331巷與德行東路331巷51弄口,0,0,2,2,C03,8,1,5,30,4,2,1,5,4,5,7,4,4,9,4,5,1,17,1,21,2,7,1,1,7,9,1,10,2,11,,13,6,1,22,9,121.537461,25.11214958
111,4,30,9,30,2,04大安區,大安區復興南路1段350號,0,0,2,1,C03,7,1,5,50,14,9,1,5,4,5,7,4,4,8,3,5,2,12,1,35,2,9,1,1,7,9,1,10,1,14,,23,23,1,22,9,121.5435466,25.0356479
111,4,30,9,30,2,04大安區,大安區復興南路1段350號,0,0,2,2,C03,7,1,5,50,14,9,1,5,4,5,7,4,4,8,3,5,2,12,2,18,2,9,1,1,7,9,1,10,1,14,,44,23,1,22,9,121.5435466,25.0356479
111,4,30,9,31,2,07信義區,信義區逸仙路42巷與忠孝東路4段554巷口,0,1,0,1,B03,8,1,5,30,5,2,1,5,4,5,7,4,4,9,5,5,2,17,1,49,3,10,1,1,7,5,1,8,2,15,,6,6,1,22,9,121.5631157,25.0402014
111,4,30,9,31,2,07信義區,信義區逸仙路42巷與忠孝東路4段554巷口,0,1,0,2,F01,8,1,5,30,5,2,1,5,4,5,7,4,4,9,5,5,2,17,1,69,5,1,1,1,7,9,8,20,9,16,,44,6,1,22,9,121.5631157,25.0402014
111,4,30,9,40,2,04大安區,大安區大安路1段220巷與大安路1段口,0,0,1,1,B03,8,1,5,50,4,1,1,5,4,5,7,4,4,1,5,5,2,17,1,40,3,10,1,1,7,1,1,8,1,15,,19,19,1,22,9,121.546344,25.041152
111,4,30,9,40,2,04大安區,大安區大安路1段220巷與大安路1段口,0,0,1,2,C03,8,1,5,50,4,1,1,5,4,5,7,4,4,1,5,5,2,17,1,48,2,7,1,1,7,9,1,10,1,12,,42,19,1,22,9,121.546344,25.041152
111,4,30,10,12,2,07信義區,信義區中坡南路98巷與忠孝東路5段790巷47弄口,0,0,2,1,C03,8,1,5,50,3,1,1,5,4,5,7,4,4,9,5,5,2,16,2,73,2,7,1,1,7,6,1,10,1,12,,9,9,1,22,9,121.5847941,25.04122887
111,4,30,10,12,2,07信義區,信義區中坡南路98巷與忠孝東路5段790巷47弄口,0,0,2,2,C04,8,1,5,50,3,1,1,5,4,5,7,4,4,9,5,5,2,16,2,70,2,9,1,1,7,9,3,18,1,14,,43,9,1,22,9,121.5847941,25.04122887
111,4,30,10,30,2,08士林區,士林區社正路45巷與社中街156巷口,0,0,1,1,F01,8,1,5,30,5,2,1,5,4,5,7,4,4,10,5,5,2,17,2,60,3,10,1,1,7,5,8,20,11,16,,5,5,1,22,9,121.5096757,25.09045941
111,4,30,10,30,2,08士林區,士林區社正路45巷與社中街156巷口,0,0,1,2,C03,8,1,5,30,5,2,1,5,4,5,7,4,4,10,5,5,2,17,1,66,2,8,3,4,7,9,1,10,11,14,,13,5,1,22,9,121.5096757,25.09045941
111,4,30,10,40,2,09北投區,北投區新興路與中央北路3段口,0,0,1,1,C03,8,1,5,50,4,2,1,5,4,5,7,1,1,10,5,5,2,11,1,39,3,10,1,1,7,9,1,10,11,11,,25,25,1,22,9,121.4867717,25.1383035
111,4,30,10,40,2,09北投區,北投區新興路與中央北路3段口,0,0,1,2,C03,8,1,5,50,4,2,1,5,4,5,7,1,1,10,5,5,2,11,2,73,2,7,1,1,7,6,3,18,11,11,,44,25,1,22,9,121.4867717,25.1383035
111,4,30,10,41,2,02萬華區,萬華區康定路與康定路278巷口口,0,0,1,1,B03,7,1,5,50,3,1,1,5,4,5,7,4,4,4,3,5,1,12,1,62,3,10,1,1,7,8,1,8,2,2,,7,7,1,22,9,121.5014983,25.03694309
111,4,30,10,41,2,02萬華區,萬華區康定路與康定路278巷口口,0,0,1,2,F01,7,1,5,50,3,1,1,5,4,5,7,4,4,4,3,5,1,12,1,73,2,8,1,1,7,10,8,20,2,16,,7,7,1,22,9,121.5014983,25.03694309
111,4,30,10,56,2,02萬華區,萬華區隆昌街76號,0,0,2,1,F01,8,1,5,30,14,9,1,5,4,5,7,4,4,10,5,5,2,17,2,65,2,7,1,1,7,9,8,20,1,16,,23,23,1,22,9,121.503726,25.04090399
111,4,30,10,56,2,02萬華區,萬華區隆昌街76號,0,0,2,2,C03,8,1,5,30,14,9,1,5,4,5,7,4,4,10,5,5,2,17,1,44,3,10,3,4,7,13,1,10,11,14,,38,23,1,22,9,121.503726,25.04090399
111,4,30,10,56,2,02萬華區,萬華區隆昌街76號,0,0,2,3,C03,8,1,5,30,14,9,1,5,4,5,7,4,4,10,5,5,2,17,2,58,2,8,1,1,7,9,1,10,1,14,,44,23,1,22,9,121.503726,25.04090399
111,4,30,11,5,2,09北投區,北投區中央北路3段與中央北路3段53巷口口,0,0,1,1,B03,8,1,5,50,3,1,1,5,4,5,7,2,1,4,4,5,2,17,1,28,3,10,1,1,7,5,1,8,1,8,,8,8,1,22,9,121.4852016,25.13813042
111,4,30,11,5,2,09北投區,北投區中央北路3段與中央北路3段53巷口口,0,0,1,2,C03,8,1,5,50,3,1,1,5,4,5,7,2,1,4,4,5,2,17,2,44,2,9,1,1,7,9,1,10,1,11,,13,8,1,22,9,121.4852016,25.13813042
111,4,30,11,5,2,07信義區,信義區福德街89巷與福德街口,0,0,2,1,C03,8,1,5,30,4,1,4,5,4,5,7,1,1,9,4,5,2,15,1,57,2,9,1,1,7,9,1,10,2,11,,25,25,1,22,9,121.5815549,25.0370928
111,4,30,11,5,2,07信義區,信義區福德街89巷與福德街口,0,0,2,2,C03,8,1,5,30,4,1,4,5,4,5,7,1,1,9,4,5,2,15,2,55,2,9,1,1,7,9,1,10,2,14,,44,25,1,22,9,121.5815549,25.0370928
111,4,30,11,15,2,04大安區,大安區羅斯福路3段273號,0,0,1,1,C03,8,1,5,50,14,9,1,5,4,5,7,1,1,3,4,5,2,12,1,35,3,10,1,1,7,1,6,10,1,14,,19,19,1,22,9,121.5308744,25.0184617
111,4,30,11,15,2,04大安區,大安區羅斯福路3段273號,0,0,1,2,C03,8,1,5,50,14,9,1,5,4,5,7,1,1,3,4,5,2,12,1,32,2,8,1,1,7,9,1,10,1,12,,44,19,1,22,9,121.5308744,25.0184617
111,4,30,11,28,2,07信義區,信義區基隆路2段101號,0,0,1,1,C02,8,1,5,50,14,9,1,5,4,5,7,4,4,1,4,5,1,16,1,22,3,10,1,4,7,7,1,9,1,11,,7,7,1,22,9,121.5575682,25.02961245
111,4,30,11,28,2,07信義區,信義區基隆路2段101號,0,0,1,2,C03,8,1,5,50,14,9,1,5,4,5,7,4,4,1,4,5,1,16,1,25,2,9,1,4,7,9,1,10,1,12,,13,7,1,22,9,121.5575682,25.02961245
111,4,30,11,48,2,04大安區,大安區金山南路2段與金山南路2段30巷口口,0,0,1,1,B01,8,1,5,50,14,9,1,5,4,5,7,2,1,8,4,5,1,16,1,52,3,10,3,4,7,8,1,4,1,5,,7,7,1,22,9,121.5270293,25.03303642
111,4,30,11,48,2,04大安區,大安區金山南路2段與金山南路2段30巷口口,0,0,1,2,C03,8,1,5,50,14,9,1,5,4,5,7,2,1,8,4,5,1,16,1,49,2,9,3,4,7,9,1,10,1,14,,17,7,1,22,9,121.5270293,25.03303642
111,4,30,11,50,2,04大安區,大安區芳蘭路與基隆路4段41巷68弄口,0,0,2,1,C03,7,1,5,30,3,2,1,5,4,5,7,3,1,5,5,5,2,16,2,40,2,9,1,1,7,5,1,10,1,14,,6,6,1,22,9,121.5418508,25.0102988
111,4,30,11,50,2,04大安區,大安區芳蘭路與基隆路4段41巷68弄口,0,0,2,2,B03,7,1,5,30,3,2,1,5,4,5,7,3,1,5,5,5,2,16,2,29,3,10,1,1,7,9,1,8,1,1,,44,6,1,22,9,121.5418508,25.0102988
111,4,30,11,50,2,04大安區,大安區芳蘭路與基隆路4段41巷68弄口,0,0,2,3,H03,7,1,5,30,3,2,1,5,4,5,7,3,1,5,5,5,2,16,2,9,2,8,1,1,8,20,8,20,10,16,,67,6,1,22,9,121.5418508,25.0102988
111,4,30,12,3,2,04大安區,大安區建國南路1段大安森林公園5號出口,0,0,1,1,B03,8,1,5,0,14,9,1,5,4,5,7,4,4,1,4,5,2,12,1,62,3,10,1,1,7,9,1,8,1,2,,17,17,1,22,9,121.5374548,25.02631719
111,4,30,12,3,2,04大安區,大安區建國南路1段大安森林公園5號出口,0,0,1,2,C03,8,1,5,0,14,9,1,5,4,5,7,4,4,1,4,5,2,12,2,62,2,9,1,1,7,9,1,10,1,14,,44,17,1,22,9,121.5374548,25.02631719
111,4,30,12,4,2,08士林區,士林區忠誠路2段與忠誠路2段口77號出入口,0,0,1,1,B03,8,1,5,50,14,9,1,5,4,5,7,4,4,1,4,4,2,17,1,46,3,10,1,1,7,1,1,8,1,7,,19,19,1,22,9,121.5320736,25.1136354
111,4,30,12,4,2,08士林區,士林區忠誠路2段與忠誠路2段口77號出入口,0,0,1,2,C04,8,1,5,50,14,9,1,5,4,5,7,4,4,1,4,4,2,17,2,52,2,8,1,1,7,9,1,10,1,12,,23,19,1,22,9,121.5320736,25.1136354
111,4,30,12,49,2,03中山區,中山區北安路578巷8弄3號,0,0,1,1,C03,8,1,5,30,14,9,1,5,4,5,7,4,4,9,5,5,2,16,2,18,2,9,1,1,7,1,3,18,1,14,,19,19,1,22,9,121.5489328,25.08061721
111,4,30,12,49,2,03中山區,中山區北安路578巷8弄3號,0,0,1,2,B03,8,1,5,30,14,9,1,5,4,5,7,4,4,9,5,5,2,16,1,55,3,10,1,1,7,9,1,8,1,2,,13,19,1,22,9,121.5489328,25.08061721
111,4,30,12,49,2,03中山區,中山區北安路578巷8弄3號,0,0,1,3,B03,8,1,5,30,14,9,1,5,4,5,7,4,4,9,5,5,2,16,1,64,4,11,3,4,7,15,7,19,11,15,,38,19,2,22,9,121.5489328,25.08061721
111,4,30,12,50,2,03中山區,中山區市民大道3段179號,0,0,1,1,C03,8,1,5,40,14,9,1,5,4,5,7,4,4,10,4,5,2,12,2,47,2,9,1,1,7,9,1,10,1,14,,44,44,1,22,9,121.5421846,25.04479505
111,4,30,12,50,2,03中山區,中山區市民大道3段179號,0,0,1,2,B11,8,1,5,40,14,9,1,5,4,5,7,4,4,10,4,5,2,12,1,45,3,10,1,1,7,8,1,3,1,2,,23,44,1,22,9,121.5421846,25.04479505
111,4,30,12,50,2,03中山區,中山區北安路與大直街口口,0,0,1,1,C03,8,1,5,50,4,1,1,5,4,5,7,1,1,1,4,5,2,16,1,34,2,8,1,1,7,5,1,10,1,14,,8,8,1,22,9,121.5474183,25.07995565
111,4,30,12,50,2,03中山區,中山區北安路與大直街口口,0,0,1,2,B03,8,1,5,50,4,1,1,5,4,5,7,1,1,1,4,5,2,16,1,37,3,10,3,4,7,6,1,8,1,5,,9,8,1,22,9,121.5474183,25.07995565
111,4,30,12,57,2,08士林區,士林區中正路356號,0,0,1,1,C03,8,1,5,50,14,9,1,5,4,5,7,4,4,1,4,5,2,17,1,33,2,8,3,4,7,6,1,10,1,15,,9,9,1,22,9,121.5214992,25.09436213
111,4,30,12,57,2,08士林區,士林區中正路356號,0,0,1,2,C03,8,1,5,50,14,9,1,5,4,5,7,4,4,1,4,5,2,17,1,46,3,10,3,4,7,1,1,10,1,11,,23,9,1,22,9,121.5214992,25.09436213
111,4,30,13,0,2,12內湖區,內湖區行善路與舊宗路1段口,0,0,1,1,C03,8,1,5,50,4,1,1,5,4,5,7,4,4,1,2,5,2,11,1,32,2,8,1,1,7,5,6,18,1,12,,8,8,1,22,9,121.5804933,25.05892313
111,4,30,13,0,2,12內湖區,內湖區行善路與舊宗路1段口,0,0,1,2,B03,8,1,5,50,4,1,1,5,4,5,7,4,4,1,2,5,2,11,1,48,3,10,1,1,7,9,1,8,1,5,,44,8,1,22,9,121.5804933,25.05892313
111,4,30,13,25,2,09北投區,北投區公館路228巷與公館路334巷口,0,0,1,1,B03,8,1,5,30,4,1,1,5,4,5,7,4,4,9,5,5,2,15,1,26,3,10,1,1,7,9,1,8,1,5,,6,6,1,22,9,121.5026259,25.1267933
111,4,30,13,25,2,09北投區,北投區公館路228巷與公館路334巷口,0,0,1,2,C03,8,1,5,30,4,1,1,5,4,5,7,4,4,9,5,5,2,15,1,18,2,9,1,1,7,9,1,10,1,11,,14,6,1,22,9,121.5026259,25.1267933
111,4,30,13,50,2,04大安區,大安區金華街243巷與金華街口,0,0,2,1,C03,7,1,5,50,4,1,1,5,4,5,7,1,1,4,5,5,2,15,2,29,2,9,1,1,7,9,1,10,1,11,,25,25,1,22,9,121.5306164,25.02975522
111,4,30,13,50,2,04大安區,大安區金華街243巷與金華街口,0,0,2,2,C03,7,1,5,50,4,1,1,5,4,5,7,1,1,4,5,5,2,15,2,26,2,9,1,1,7,9,1,10,1,12,,44,25,1,22,9,121.5306164,25.02975522
111,4,30,13,50,2,06松山區,松山區三民路146號,0,0,1,1,B01,8,1,5,50,14,9,1,5,4,5,7,2,1,2,3,5,2,17,1,68,3,10,1,1,7,7,1,4,1,4,,7,7,1,22,9,121.5632807,25.06091034
111,4,30,13,50,2,06松山區,松山區三民路146號,0,0,1,2,C03,8,1,5,50,14,9,1,5,4,5,7,2,1,2,3,5,2,17,1,43,2,8,1,1,7,14,1,10,1,15,,44,7,1,22,9,121.5632807,25.06091034
111,4,30,13,50,2,06松山區,松山區三民路146號,0,0,1,3,B03,8,1,5,50,14,9,1,5,4,5,7,2,1,2,3,5,2,17,1,62,3,10,1,1,7,15,1,8,1,15,,26,7,1,22,9,121.5632807,25.06091034
111,4,30,14,10,2,12內湖區,內湖區彩虹河濱公園與彩虹河濱公園口車道與自行車道,0,0,1,1,B03,7,1,5,30,4,1,1,5,4,5,7,4,4,10,5,5,2,15,1,32,3,10,1,1,7,9,1,8,1,1,,23,23,1,22,9,121.5736724,25.05449875
111,4,30,14,10,2,12內湖區,內湖區彩虹河濱公園與彩虹河濱公園口車道與自行車道,0,0,1,2,F02,7,1,5,30,4,1,1,5,4,5,7,4,4,10,5,5,2,15,1,64,2,9,1,1,7,9,8,20,1,16,,42,23,1,22,9,121.5736724,25.05449875
111,4,30,14,18,2,08士林區,士林區文林路與德行西路口,0,0,1,1,B03,8,1,5,50,3,1,1,5,4,5,7,1,1,5,4,5,2,2,1,57,3,10,3,4,7,5,1,8,2,1,,15,15,1,22,9,121.5195484,25.1032453
111,4,30,14,18,2,08士林區,士林區文林路與德行西路口,0,0,1,2,H01,8,1,5,50,3,1,1,5,4,5,7,1,1,5,4,5,2,2,2,25,2,9,4,5,8,16,8,20,10,16,,67,15,1,22,9,121.5195484,25.1032453
111,4,30,14,40,2,06松山區,松山區富錦街562巷13號,0,0,1,1,C03,8,1,5,30,11,9,1,5,4,5,7,4,4,10,5,5,2,11,2,31,2,7,1,1,7,9,1,10,1,11,,13,13,1,22,9,121.5676178,25.06202226
111,4,30,14,40,2,06松山區,松山區富錦街562巷13號,0,0,1,2,B03,8,1,5,30,11,9,1,5,4,5,7,4,4,10,5,5,2,11,1,37,3,10,1,1,7,9,1,8,1,4,,44,13,1,22,9,121.5676178,25.06202226
111,4,30,14,49,2,04大安區,大安區光復南路290巷廢鐵道,0,0,1,1,C03,8,1,5,30,14,9,4,5,4,5,7,4,4,1,5,5,2,17,1,21,2,9,1,1,7,9,1,10,1,12,,6,6,1,22,9,121.556891,25.0394236
111,4,30,14,49,2,04大安區,大安區光復南路290巷廢鐵道,0,0,1,2,B01,8,1,5,30,14,9,4,5,4,5,7,4,4,1,5,5,2,17,1,52,3,10,1,1,7,9,1,4,1,1,,23,6,1,22,9,121.556891,25.0394236
111,4,30,14,52,2,03中山區,中山區樂群一路與基湖路口,0,0,2,1,B03,7,1,5,50,3,1,1,5,4,5,7,1,1,3,4,5,2,17,2,46,3,10,1,1,7,6,1,8,1,4,,9,9,1,22,9,121.5632212,25.07615207
111,4,30,14,52,2,03中山區,中山區樂群一路與基湖路口,0,0,2,2,C03,7,1,5,50,3,1,1,5,4,5,7,1,1,3,4,5,2,17,2,28,2,9,1,1,7,9,1,10,1,14,,44,9,1,22,9,121.5632212,25.07615207
111,4,30,14,52,2,03中山區,中山區樂群一路與基湖路口,0,0,2,3,H02,7,1,5,50,3,1,1,5,4,5,7,1,1,3,4,5,2,17,2,26,2,8,1,1,7,20,8,20,10,16,,67,9,1,22,9,121.5632212,25.07615207
111,4,30,15,10,2,10文山區,文山區興隆路4段與興隆路4段105巷口,0,0,1,1,C03,7,1,5,50,4,2,1,5,4,5,7,2,1,1,4,5,2,18,1,24,2,9,3,4,7,9,1,10,2,14,,13,13,1,22,9,121.560499,24.9876704
111,4,30,15,10,2,10文山區,文山區興隆路4段與興隆路4段105巷口,0,0,1,2,,7,1,5,50,4,2,1,5,4,5,7,2,1,1,4,5,2,18,3,,,,,,,,,,9,,,67,13,1,,,121.560499,24.9876704
111,4,30,15,20,2,05中正區,中正區市民大道2段與林森北路口,0,0,1,1,C03,7,1,5,40,4,2,1,5,4,5,7,1,1,1,4,5,1,12,1,24,3,10,1,1,7,7,1,10,1,13,,7,7,1,22,9,121.5240188,25.04769497
111,4,30,15,20,2,05中正區,中正區市民大道2段與林森北路口,0,0,1,2,C03,7,1,5,40,4,2,1,5,4,5,7,1,1,1,4,5,1,12,2,63,2,8,1,1,7,9,1,10,1,11,,44,7,1,22,9,121.5240188,25.04769497
111,4,30,16,5,2,12內湖區,內湖區民權東路6段50號口,0,0,1,1,B03,7,1,5,40,15,8,1,5,4,5,7,4,4,1,4,5,2,29,2,62,3,10,1,1,7,15,1,8,1,8,,23,23,1,22,9,121.5832911,25.06841717
111,4,30,16,5,2,12內湖區,內湖區民權東路6段50號口,0,0,1,3,C03,7,1,5,40,15,8,1,5,4,5,7,4,4,1,4,5,2,29,1,51,2,9,1,1,7,9,1,10,1,13,,44,23,1,22,9,121.5832911,25.06841717
111,4,30,16,5,2,12內湖區,內湖區民權東路6段50號口,0,0,1,2,,7,1,5,40,15,8,1,5,4,5,7,4,4,1,4,5,2,29,3,,,,,,,,,,,,,67,23,1,,,121.5832911,25.06841717
111,4,30,16,5,2,12內湖區,內湖區民權東路6段50號口,0,0,1,4,,7,1,5,40,15,8,1,5,4,5,7,4,4,1,4,5,2,29,3,,,,,,,,,,,,,67,23,1,,,121.5832911,25.06841717
111,4,30,17,20,2,04大安區,大安區新生南路2段與和平東路1段口,0,0,3,1,C03,7,1,5,50,5,2,1,5,4,5,7,1,1,8,3,5,2,12,1,27,3,10,1,1,7,9,1,10,1,15,,23,23,1,22,9,121.5347751,25.02611099
111,4,30,17,20,2,04大安區,大安區新生南路2段與和平東路1段口,0,0,3,2,C03,7,1,5,50,5,2,1,5,4,5,7,1,1,8,3,5,2,12,2,29,2,9,1,1,7,14,1,10,1,13,,44,23,1,22,9,121.5347751,25.02611099
111,4,30,17,20,2,04大安區,大安區新生南路2段與和平東路1段口,0,0,3,3,C03,7,1,5,50,5,2,1,5,4,5,7,1,1,8,3,5,2,12,1,25,2,9,1,1,7,9,1,10,1,11,,23,23,1,22,9,121.5347751,25.02611099
111,4,30,17,20,2,04大安區,大安區新生南路2段與和平東路1段口,0,0,3,4,H02,7,1,5,50,5,2,1,5,4,5,7,1,1,8,3,5,2,12,2,24,2,8,1,5,7,20,8,20,10,16,,67,23,1,22,9,121.5347751,25.02611099
111,4,30,17,29,2,08士林區,士林區天母西路與天母西路13巷口,0,0,2,1,B01,8,1,5,50,3,2,1,5,4,5,7,2,1,9,5,5,1,17,1,61,3,10,1,1,7,5,1,8,2,4,,8,8,1,22,9,121.5284133,25.11842245
111,4,30,17,29,2,08士林區,士林區天母西路與天母西路13巷口,0,0,2,2,C03,8,1,5,50,3,2,1,5,4,5,7,2,1,9,5,5,1,17,2,26,2,7,1,1,7,9,1,10,2,11,,44,8,1,22,9,121.5284133,25.11842245
111,4,30,17,29,2,08士林區,士林區天母西路與天母西路13巷口,0,0,2,3,H02,8,1,5,50,3,2,1,5,4,5,7,2,1,9,5,5,1,17,2,26,2,7,1,5,7,20,8,20,10,16,,67,8,1,22,9,121.5284133,25.11842245
111,4,30,18,20,2,05中正區,中正區中山南路與徐州路口,0,0,1,1,C03,8,1,5,50,3,1,1,5,4,5,7,2,1,1,4,5,2,13,1,19,3,10,1,1,7,9,1,10,2,11,,23,23,1,22,9,121.5185834,25.04175277
111,4,30,18,20,2,05中正區,中正區中山南路與徐州路口,0,0,1,2,C03,8,1,5,50,3,1,1,5,4,5,7,2,1,1,4,5,2,13,1,53,3,10,1,1,7,14,1,10,2,13,,44,23,1,22,9,121.5185834,25.04175277
111,4,30,18,20,2,05中正區,中正區中山南路與徐州路口,0,0,1,3,H02,8,1,5,50,3,1,1,5,4,5,7,2,1,1,4,5,2,13,2,53,2,8,4,5,7,20,8,20,10,16,,67,23,1,22,9,121.5185834,25.04175277
111,4,30,18,41,2,03中山區,中山區林森北路67巷24弄與林森北路37巷口,0,0,2,1,C03,8,3,5,30,4,2,1,5,4,5,7,4,4,10,5,5,1,15,1,68,2,7,1,1,7,9,1,10,1,11,,6,6,1,22,9,121.5252105,25.04804684
111,4,30,18,41,2,03中山區,中山區林森北路67巷24弄與林森北路37巷口,0,0,2,2,C03,8,3,5,30,4,2,1,5,4,5,7,4,4,10,5,5,1,15,2,36,2,7,1,1,7,9,1,10,1,12,,44,6,1,22,9,121.5252105,25.04804684
111,4,30,18,45,2,05中正區,中正區水源路3-3號,0,0,1,1,B03,8,3,5,30,14,9,1,5,4,5,7,4,4,9,4,5,2,12,1,43,3,10,1,1,7,8,1,8,2,2,,7,7,1,22,9,121.5272927,25.0133884
111,4,30,18,45,2,05中正區,中正區水源路3-3號,0,0,1,2,C03,8,3,5,30,14,9,1,5,4,5,7,4,4,9,4,5,2,12,2,36,2,3,1,1,7,4,1,10,2,14,,13,7,1,22,9,121.5272927,25.0133884
111,4,30,18,50,2,03中山區,中山區市民大道2段與中山北路1段口,0,0,1,1,B12,7,3,5,40,4,1,1,5,4,5,7,2,1,1,5,5,1,12,1,29,3,10,3,4,7,9,1,8,1,5,,16,16,1,22,9,121.5209331,25.04817117
111,4,30,18,50,2,03中山區,中山區市民大道2段與中山北路1段口,0,0,1,2,C03,7,3,5,40,4,1,1,5,4,5,7,2,1,1,5,5,1,12,2,23,2,9,3,4,7,14,1,10,1,13,,44,16,1,22,9,121.5209331,25.04817117
111,4,30,19,12,2,08士林區,士林區承德路4段與承德路4段6巷口,0,0,2,1,B03,8,3,5,30,4,1,1,5,4,5,7,4,4,10,5,5,2,15,1,39,3,10,1,1,7,9,1,8,1,5,,6,6,1,22,9,121.5213693,25.07907175
111,4,30,19,12,2,08士林區,士林區承德路4段與承德路4段6巷口,0,0,2,2,C03,8,3,5,30,4,1,1,5,4,5,7,4,4,10,5,5,2,15,2,19,2,9,1,1,7,9,1,10,1,14,,23,6,1,22,9,121.5213693,25.07907175
111,4,30,19,12,2,08士林區,士林區承德路4段與承德路4段6巷口,0,0,2,3,H02,8,3,5,30,4,1,1,5,4,5,7,4,4,10,5,5,2,15,2,18,2,9,1,5,7,20,8,20,10,16,,67,6,1,22,9,121.5213693,25.07907175
111,4,30,19,22,2,03中山區,中山區北安路621巷與北安路621巷6弄口,0,0,1,1,C03,8,3,5,30,4,1,1,5,4,5,7,4,4,10,3,5,1,16,1,21,2,8,1,1,7,9,1,10,1,11,,6,6,1,22,9,121.5483936,25.08258301
111,4,30,19,22,2,03中山區,中山區北安路621巷與北安路621巷6弄口,0,0,1,2,B03,8,3,5,30,4,1,1,5,4,5,7,4,4,10,3,5,1,16,1,48,3,10,1,1,7,9,1,8,1,8,,23,6,1,22,9,121.5483936,25.08258301
111,4,30,20,47,2,07信義區,信義區松山路441號,0,0,1,1,B03,7,1,5,50,14,9,1,5,4,5,7,4,4,1,4,5,2,17,1,70,3,10,3,4,7,8,1,8,2,5,,7,7,1,22,9,121.5778929,25.04016635
111,4,30,20,47,2,07信義區,信義區松山路441號,0,0,1,2,C03,7,1,5,50,14,9,1,5,4,5,7,4,4,1,4,5,2,17,1,47,2,9,3,4,7,9,1,10,9,11,,44,7,1,22,9,121.5778929,25.04016635