發生年度,發生月,發生日,發生時-Hours,發生分,處理別-編號,區序,肇事地點,死亡人數,2-30日死亡人數,受傷人數,當事人序號,車種,天候,光線,道路類別,速限-速度限制,道路型態,事故位置,路面狀況1,路面狀況2,路面狀況3,道路障礙1,道路障礙2,號誌1,號誌2,車道劃分-分向,車道劃分-分道1,車道劃分-分道2,車道劃分-分道3,事故類型及型態,性別,年齡,受傷程度,主要傷處,安全帽,行動電話,車輛用途,當事者行動狀態,駕駛資格情形,駕駛執照種類,飲酒情形,車輛撞擊部位1,車輛撞擊部位2,肇因碼-個別,肇因碼-主要,個人肇逃否,職業,旅次目的,座標-X,座標-Y
111,4,30,21,16,2,09北投區,北投區東華街2段與致遠三路口,0,0,1,1,B03,6,3,5,50,4,2,1,4,4,5,7,1,1,10,4,5,2,12,1,46,3,10,3,4,7,1,1,8,1,8,,25,25,1,22,9,121.5083206,25.12067851
111,4,30,21,16,2,09北投區,北投區東華街2段與致遠三路口,0,0,1,2,C03,6,3,5,50,4,2,1,4,4,5,7,1,1,10,4,5,2,12,2,37,2,9,3,4,7,8,1,10,1,12,,7,25,1,22,9,121.5083206,25.12067851
111,4,30,21,34,2,03中山區,中山區中山北路3段與民族東路口,0,0,2,1,B03,8,3,5,50,4,2,1,5,4,5,7,1,1,1,3,5,1,12,1,33,3,10,1,1,7,6,1,8,1,2,,9,9,1,22,9,121.522872,25.0684716
111,4,30,21,34,2,03中山區,中山區中山北路3段與民族東路口,0,0,2,2,C03,8,3,5,50,4,2,1,5,4,5,7,1,1,1,3,5,1,12,1,28,2,8,1,1,7,9,1,10,1,11,,44,9,1,22,9,121.522872,25.0684716
111,4,30,21,34,2,03中山區,中山區中山北路3段與民族東路口,0,0,2,3,H02,8,3,5,50,4,2,1,5,4,5,7,1,1,1,3,5,1,12,2,22,2,2,4,5,7,17,8,20,10,16,,67,9,1,22,9,121.522872,25.0684716
111,4,30,21,35,2,10文山區,文山區木新路3段78號前,0,0,2,1,C03,6,3,5,50,14,9,1,4,4,5,7,4,4,4,5,5,2,3,1,18,2,9,1,1,7,9,1,10,1,11,,15,15,1,22,9,121.5635172,24.98239576
111,4,30,21,35,2,10文山區,文山區木新路3段78號前,0,0,2,2,H01,6,3,5,50,14,9,1,4,4,5,7,4,4,4,5,5,2,3,2,57,2,4,4,1,8,16,8,20,1,16,,67,15,1,22,9,121.5635172,24.98239576
111,4,30,22,2,2,01大同區,大同區太原路與平陽街口,0,0,3,1,B03,7,3,5,50,4,1,1,5,4,5,7,2,1,9,5,5,2,9,1,46,3,10,1,1,7,9,1,8,2,5,,25,25,1,22,9,121.5165356,25.05524405
111,4,30,22,2,2,01大同區,大同區太原路與平陽街口,0,0,3,2,H01,7,3,5,50,4,1,1,5,4,5,7,2,1,9,5,5,2,9,2,29,2,9,4,5,8,16,8,20,1,16,,67,25,1,22,9,121.5165356,25.05524405
111,4,30,22,2,2,01大同區,大同區太原路與平陽街口,0,0,3,3,H01,7,3,5,50,4,1,1,5,4,5,7,2,1,9,5,5,2,9,1,28,2,9,4,5,8,16,8,20,1,16,,67,25,1,22,9,121.5165356,25.05524405
111,4,30,22,2,2,01大同區,大同區太原路與平陽街口,0,0,3,4,H01,7,3,5,50,4,1,1,5,4,5,7,2,1,9,5,5,2,9,1,31,2,9,4,1,8,16,8,20,1,16,,67,25,1,22,9,121.5165356,25.05524405
111,4,30,22,23,2,01大同區,大同區鄭州路與重慶北路1段口,0,0,1,1,C03,7,3,5,40,4,1,1,5,4,5,7,2,1,1,4,5,2,13,2,22,2,4,3,4,7,9,1,10,1,11,,23,23,1,22,9,121.5133137,25.04966435
111,4,30,22,23,2,01大同區,大同區鄭州路與重慶北路1段口,0,0,1,2,C03,7,3,5,40,4,1,1,5,4,5,7,2,1,1,4,5,2,13,1,21,3,10,3,4,7,14,1,10,1,13,,44,23,1,22,9,121.5133137,25.04966435
111,4,30,22,23,2,01大同區,大同區鄭州路與重慶北路1段口,0,0,1,3,C03,7,3,5,40,4,1,1,5,4,5,7,2,1,1,4,5,2,13,1,25,3,10,3,4,7,14,1,10,1,13,,44,23,1,22,9,121.5133137,25.04966435
111,4,30,22,52,2,09北投區,北投區明德路與致遠一路1段口,0,0,1,1,B02,8,3,8,50,4,1,1,5,4,5,7,2,1,5,2,5,1,3,1,32,3,10,3,4,7,5,1,8,2,8,,15,15,1,22,9,121.514769,25.109894
111,4,30,22,52,2,09北投區,北投區明德路與致遠一路1段口,0,0,1,2,H01,8,3,8,50,4,1,1,5,4,5,7,2,1,5,2,5,1,3,1,25,2,9,4,5,8,16,8,20,10,16,,67,15,1,22,9,121.514769,25.109894
111,4,30,22,56,2,10文山區,文山區興隆路3段192巷與興隆路3段192巷8弄口,0,0,2,1,C03,6,3,5,50,3,1,1,4,4,5,7,4,4,5,5,5,2,16,1,29,2,9,1,1,7,5,1,10,2,14,,6,6,1,22,9,121.5583632,24.99750898
111,4,30,22,56,2,10文山區,文山區興隆路3段192巷與興隆路3段192巷8弄口,0,0,2,2,C03,6,3,5,50,3,1,1,4,4,5,7,4,4,5,5,5,2,16,1,21,2,9,1,1,7,9,3,18,2,11,,14,6,1,22,9,121.5583632,24.99750898
111,5,1,0,30,2,03中山區,中山區市民大道2段與林森北路口,0,0,2,1,B01,8,3,5,40,4,1,1,5,4,5,7,1,1,1,3,5,1,16,1,60,3,10,1,1,7,8,1,4,1,2,,7,7,1,22,9,121.5243101,25.04789154
111,5,1,0,30,2,03中山區,中山區市民大道2段與林森北路口,0,0,2,2,C03,8,3,5,40,4,1,1,5,4,5,7,1,1,1,3,5,1,16,1,39,2,8,1,1,7,9,1,10,1,14,,44,7,1,22,9,121.5243101,25.04789154
111,5,1,0,30,2,03中山區,中山區市民大道2段與林森北路口,0,0,2,3,C03,8,3,5,40,4,1,1,5,4,5,7,1,1,1,3,5,1,16,1,28,2,9,1,1,7,9,1,10,1,12,,42,7,1,22,9,121.5243101,25.04789154
111,5,1,1,2,2,08士林區,士林區重慶北路4段與葫東街口,0,0,1,1,C03,7,3,5,50,3,2,1,5,4,5,7,1,1,10,4,4,2,18,1,21,2,9,1,1,7,5,1,10,1,14,,42,42,1,22,9,121.5120221,25.08400489
111,5,1,1,2,2,08士林區,士林區重慶北路4段與葫東街口,0,0,1,2,,7,3,5,50,3,2,1,5,4,5,7,1,1,10,4,4,2,18,3,,,,,,,,,,,,,67,42,1,,,121.5120221,25.08400489
111,5,1,3,10,2,05中正區,中正區重慶南路1段與漢口街1段口,0,0,1,1,F01,8,3,5,50,4,1,1,5,4,5,7,1,1,9,4,5,2,17,1,70,2,9,1,1,7,11,8,20,2,16,,25,25,1,22,9,121.5132637,25.04512466
111,5,1,3,10,2,05中正區,中正區重慶南路1段與漢口街1段口,0,0,1,2,B03,8,3,5,50,4,1,1,5,4,5,7,1,1,9,4,5,2,17,1,32,3,10,1,4,7,9,1,8,2,1,,44,25,1,22,9,121.5132637,25.04512466
111,5,1,4,59,2,03中山區,中山區中山北路3段45號,0,0,1,1,C03,8,3,5,50,14,9,1,5,4,5,7,4,4,9,4,1,2,13,1,30,2,7,1,1,7,15,1,8,1,11,,42,42,1,22,9,121.5224439,25.06613799
111,5,1,4,59,2,03中山區,中山區中山北路3段45號,0,0,1,2,B03,8,3,5,50,14,9,1,5,4,5,7,4,4,9,4,1,2,13,1,49,3,10,1,1,7,13,6,18,11,7,,44,42,1,22,9,121.5224439,25.06613799
111,5,1,7,23,2,08士林區,士林區中山北路6段與中山北路6段236巷口,0,0,1,1,B03,7,1,5,0,3,1,1,5,4,5,7,1,1,1,4,5,2,17,1,56,3,10,1,1,7,5,1,8,1,1,,23,23,1,22,9,121.5253403,25.10886023
111,5,1,7,23,2,08士林區,士林區中山北路6段與中山北路6段236巷口,0,0,1,2,F01,7,1,5,0,3,1,1,5,4,5,7,1,1,1,4,5,2,17,2,50,2,8,1,1,7,11,8,20,1,16,,11,23,1,22,9,121.5253403,25.10886023
111,5,1,9,5,2,11南港區,南港區市民大道7段與向陽路口,0,0,1,1,C03,6,1,5,50,4,1,1,4,4,5,7,1,1,3,3,5,2,12,1,23,3,10,1,1,7,5,1,10,1,13,,8,8,1,22,9,121.595437,25.0514615
111,5,1,9,5,2,11南港區,南港區市民大道7段與向陽路口,0,0,1,2,C03,6,1,5,50,4,1,1,4,4,5,7,1,1,3,3,5,2,12,1,21,2,9,1,1,7,9,1,10,1,11,,44,8,1,22,9,121.595437,25.0514615
111,5,1,9,14,2,07信義區,信義區虎林街222巷與松德路133巷口,0,0,1,1,C03,6,1,5,30,4,1,1,4,4,5,7,4,4,9,5,5,2,15,2,55,2,9,1,1,7,9,1,10,2,14,,6,6,1,22,9,121.5759028,25.03635131
111,5,1,9,14,2,07信義區,信義區虎林街222巷與松德路133巷口,0,0,1,2,B03,6,1,5,30,4,1,1,4,4,5,7,4,4,9,5,5,2,15,1,47,3,10,1,1,7,9,1,8,2,1,,14,6,1,22,9,121.5759028,25.03635131
111,5,1,9,16,2,10文山區,文山區木柵路2段與木柵路2段204巷口口,0,0,1,1,B03,7,1,5,30,3,2,1,5,4,5,7,4,4,8,1,5,2,17,1,30,3,10,1,1,7,11,1,8,1,15,,10,10,1,22,9,121.5639423,24.98872135
111,5,1,9,16,2,10文山區,文山區木柵路2段與木柵路2段204巷口口,0,0,1,2,C03,7,1,5,30,3,2,1,5,4,5,7,4,4,8,1,5,2,17,1,39,2,9,1,1,7,9,1,10,1,12,,23,10,1,22,9,121.5639423,24.98872135
111,5,1,9,20,2,04大安區,大安區羅斯福路3段201號,0,0,1,1,C03,8,1,5,50,14,9,1,5,4,5,7,4,4,1,4,5,2,16,1,49,2,9,1,3,7,9,1,10,1,12,,23,23,1,22,9,121.5289138,25.0207484
111,5,1,9,20,2,04大安區,大安區羅斯福路3段201號,0,0,1,2,B03,8,1,5,50,14,9,1,5,4,5,7,4,4,1,4,5,2,16,1,62,3,10,1,1,7,14,1,8,1,4,,44,23,1,22,9,121.5289138,25.0207484
111,5,1,10,17,2,12內湖區,內湖區內湖路1段與洲子街口,0,0,1,1,C03,7,1,5,30,4,1,1,5,4,5,7,3,1,10,5,5,2,16,2,41,2,9,1,1,7,9,1,10,1,11,,6,6,1,22,9,121.5735469,25.07905842
111,5,1,10,17,2,12內湖區,內湖區內湖路1段與洲子街口,0,0,1,2,B12,7,1,5,30,4,1,1,5,4,5,7,3,1,10,5,5,2,16,1,68,3,10,1,1,7,9,1,8,1,4,,14,6,1,22,9,121.5735469,25.07905842
111,5,1,11,55,2,07信義區,信義區光復南路415巷84號與光復南路415巷口,0,0,2,2,C03,7,1,5,30,4,1,1,5,4,5,7,4,4,10,5,5,2,16,1,36,2,7,1,1,7,9,1,10,1,14,,6,6,1,22,9,121.5581451,25.03717345
111,5,1,11,55,2,07信義區,信義區光復南路415巷84號與光復南路415巷口,0,0,2,1,C03,7,1,5,30,4,1,1,5,4,5,7,4,4,10,5,5,2,16,1,34,2,5,1,1,7,9,1,10,1,11,,6,6,1,22,9,121.5581451,25.03717345
111,5,1,12,48,2,07信義區,信義區忠孝東路5段與忠孝東路5段621巷口,0,0,2,1,C03,8,1,5,50,4,1,1,5,4,5,7,1,1,9,4,5,2,13,2,29,3,10,1,1,7,9,1,10,1,11,,23,23,1,22,9,121.5791784,25.04159486
111,5,1,12,48,2,07信義區,信義區忠孝東路5段與忠孝東路5段621巷口,0,0,2,2,C03,8,1,5,50,4,1,1,5,4,5,7,1,1,9,4,5,2,13,1,46,2,9,1,1,7,9,1,10,1,13,,44,23,1,22,9,121.5791784,25.04159486
111,5,1,12,48,2,07信義區,信義區忠孝東路5段與忠孝東路5段621巷口,0,0,2,3,H02,8,1,5,50,4,1,1,5,4,5,7,1,1,9,4,5,2,13,2,30,2,7,1,5,7,20,8,20,10,16,,67,23,1,22,9,121.5791784,25.04159486
111,5,1,12,48,2,07信義區,信義區忠孝東路5段與忠孝東路5段621巷口,0,0,2,4,B01,8,1,5,50,4,1,1,5,4,5,7,1,1,9,4,5,2,13,1,57,3,10,1,1,7,8,1,8,1,15,,7,23,1,22,9,121.5791784,25.04159486
111,5,1,12,52,2,06松山區,松山區民生東路5段62號,0,0,2,1,C03,8,1,5,50,14,9,1,5,4,5,7,1,1,9,4,5,2,16,1,56,2,9,1,1,7,9,1,10,1,11,,44,44,1,22,9,121.5583182,25.05846404
111,5,1,12,52,2,06松山區,松山區民生東路5段62號,0,0,2,2,F01,8,1,5,50,14,9,1,5,4,5,7,1,1,9,4,5,2,16,2,55,2,1,2,1,7,6,8,20,1,16,,25,44,1,22,9,121.5583182,25.05846404
111,5,1,13,7,2,03中山區,中山區合江街55巷與合江街口,0,0,1,1,B03,8,1,5,40,4,2,1,5,4,5,7,4,4,9,4,5,1,13,1,36,3,10,1,1,7,9,1,8,1,5,,23,23,1,22,9,121.5391794,25.05700135
111,5,1,13,7,2,03中山區,中山區合江街55巷與合江街口,0,0,1,2,C03,8,1,5,40,4,2,1,5,4,5,7,4,4,9,4,5,1,13,1,47,2,8,1,1,7,13,1,10,1,13,,38,23,1,22,9,121.5391794,25.05700135
111,5,1,13,7,2,03中山區,中山區合江街55巷與合江街口,0,0,1,3,C03,8,1,5,40,4,2,1,5,4,5,7,4,4,9,4,5,1,13,2,46,4,11,3,4,7,13,7,19,11,15,,44,23,2,22,9,121.5391794,25.05700135
111,5,1,13,7,2,03中山區,中山區合江街55巷與合江街口,0,0,1,4,C03,8,1,5,40,4,2,1,5,4,5,7,4,4,9,4,5,1,13,2,51,4,11,3,4,7,13,7,19,11,15,,44,23,2,22,9,121.5391794,25.05700135
111,5,1,13,8,2,05中正區,中正區重慶南路2段與南海路口,0,0,2,1,C03,8,1,5,50,14,9,1,5,4,5,7,1,1,1,4,4,2,12,1,20,2,9,1,1,7,5,1,10,2,14,,42,42,1,22,9,121.5144725,25.0319212
111,5,1,13,8,2,05中正區,中正區重慶南路2段與南海路口,0,0,2,2,C03,8,1,5,50,14,9,1,5,4,5,7,1,1,1,4,4,2,12,1,19,2,9,1,1,7,9,1,10,2,12,,42,42,1,22,9,121.5144725,25.0319212
111,5,1,13,19,2,01大同區,大同區民權西路102巷與民權西路102巷4弄口,0,0,1,1,C03,6,1,5,30,4,1,1,4,4,5,7,4,4,10,5,5,2,15,2,20,2,9,1,4,7,9,1,10,2,14,,6,6,1,22,9,121.5176959,25.06157799
111,5,1,13,19,2,01大同區,大同區民權西路102巷與民權西路102巷4弄口,0,0,1,2,B01,6,1,5,30,4,1,1,4,4,5,7,4,4,10,5,5,2,15,1,64,3,10,1,4,7,9,1,4,2,1,,14,6,1,22,9,121.5176959,25.06157799
111,5,1,13,30,2,04大安區,大安區新生南路1段與新生南路1段119巷口口,0,0,2,1,C03,6,1,5,50,3,2,1,4,4,5,7,4,4,4,4,5,1,13,2,43,3,10,3,4,7,6,1,10,1,13,,9,9,1,22,9,121.5329285,25.03884715
111,5,1,13,30,2,04大安區,大安區新生南路1段與新生南路1段119巷口口,0,0,2,2,C03,6,1,5,50,3,2,1,4,4,5,7,4,4,4,4,5,1,13,1,28,2,9,3,4,7,9,1,10,1,11,,14,9,1,22,9,121.5329285,25.03884715
111,5,1,13,30,2,04大安區,大安區新生南路1段與新生南路1段119巷口口,0,0,2,3,C03,6,1,5,50,3,2,1,4,4,5,7,4,4,4,4,5,1,13,1,37,3,10,3,4,7,9,1,10,1,11,,14,9,1,22,9,121.5329285,25.03884715
111,5,1,13,30,2,04大安區,大安區新生南路1段與新生南路1段119巷口口,0,0,2,4,H02,6,1,5,50,3,2,1,4,4,5,7,4,4,4,4,5,1,13,2,28,2,9,4,5,7,20,8,20,10,16,,67,9,1,22,9,121.5329285,25.03884715
111,5,1,13,55,2,08士林區,士林區大南路與承德路4段口,0,0,3,1,B12,8,1,5,50,5,1,1,5,4,5,7,1,1,1,4,5,2,12,1,40,2,9,3,4,7,9,1,8,1,6,,26,26,1,22,9,121.5216298,25.0888588
111,5,1,13,55,2,08士林區,士林區大南路與承德路4段口,0,0,3,2,C03,8,1,5,50,5,1,1,5,4,5,7,1,1,1,4,5,2,12,1,32,2,9,1,1,7,9,1,10,1,14,,26,26,1,22,9,121.5216298,25.0888588
111,5,1,13,55,2,08士林區,士林區大南路與承德路4段口,0,0,3,3,H02,8,1,5,50,5,1,1,5,4,5,7,1,1,1,4,5,2,12,2,26,2,9,1,5,7,20,8,20,10,16,,67,26,1,22,9,121.5216298,25.0888588
111,5,1,15,1,2,12內湖區,內湖區文德路22巷27弄與文德路22巷口,0,0,1,1,C03,7,1,5,30,4,2,1,5,4,5,7,2,1,10,5,5,2,18,2,31,2,9,1,1,7,10,1,10,2,12,,23,23,1,22,9,121.5800853,25.07676428
111,5,1,15,1,2,12內湖區,內湖區文德路22巷27弄與文德路22巷口,0,0,1,2,,7,1,5,30,4,2,1,5,4,5,7,2,1,10,5,5,2,18,3,,,,,,,,,,,,,67,23,1,,,121.5800853,25.07676428
111,5,1,15,1,2,12內湖區,內湖區文德路22巷27弄與文德路22巷口,0,0,1,3,B03,7,1,5,30,4,2,1,5,4,5,7,2,1,10,5,5,2,18,2,25,4,11,3,4,7,14,7,19,11,1,,38,23,2,22,9,121.5800853,25.07676428
111,5,1,15,2,2,04大安區,大安區建國南路2段與建國南路2段口迴轉道(信義路往南第一個迴轉道),0,0,1,1,B03,7,1,5,50,3,1,1,5,4,5,7,3,1,1,4,5,2,17,2,72,3,10,3,4,7,15,1,8,11,15,,6,6,2,22,9,121.5376738,25.03231653
111,5,1,15,2,2,04大安區,大安區建國南路2段與建國南路2段口迴轉道(信義路往南第一個迴轉道),0,0,1,2,C03,7,1,5,50,3,1,1,5,4,5,7,3,1,1,4,5,2,17,1,24,2,9,1,4,7,9,3,18,9,15,,14,6,1,22,9,121.5376738,25.03231653
111,5,1,17,0,2,03中山區,中山區八德路2段與龍江路口,0,0,1,1,B03,6,1,5,50,3,1,1,4,4,5,7,2,1,9,4,5,2,12,1,27,3,10,3,4,7,6,1,8,1,2,,9,9,1,22,9,121.5405305,25.0467367
111,5,1,17,0,2,03中山區,中山區八德路2段與龍江路口,0,0,1,2,C03,6,1,5,50,3,1,1,4,4,5,7,2,1,9,4,5,2,12,1,61,2,7,3,4,7,9,1,10,1,11,,23,9,1,22,9,121.5405305,25.0467367
111,5,1,17,8,2,06松山區,松山區長安東路2段215號,0,0,1,2,C03,6,1,5,50,14,9,1,4,4,5,7,4,4,9,4,5,2,17,1,31,2,9,1,1,7,9,1,10,2,14,,44,6,1,22,9,121.5445767,25.04825327
111,5,1,17,8,2,06松山區,松山區長安東路2段215號,0,0,1,3,B03,6,1,5,50,14,9,1,4,4,5,7,4,4,9,4,5,2,17,1,36,3,10,1,1,7,13,1,8,9,15,,38,6,1,22,9,121.5445767,25.04825327
111,5,1,17,8,2,06松山區,松山區長安東路2段215號,0,0,1,1,B03,6,1,5,50,14,9,1,4,4,5,7,4,4,9,4,5,2,17,1,63,3,10,1,1,7,6,1,8,2,8,,6,6,1,22,9,121.5445767,25.04825327
111,5,1,17,35,2,09北投區,北投區中央北路3段與中央北路3段92巷口,0,0,1,1,B03,6,1,5,50,14,9,1,4,4,5,7,4,4,9,4,5,2,16,1,62,3,10,1,1,7,5,1,8,1,7,,6,6,1,22,9,121.4843395,25.13785683
111,5,1,17,35,2,09北投區,北投區中央北路3段與中央北路3段92巷口,0,0,1,2,C04,6,1,5,50,14,9,1,4,4,5,7,4,4,9,4,5,2,16,2,71,2,9,1,1,7,9,1,8,1,11,,44,6,1,22,9,121.4843395,25.13785683
111,5,1,17,40,2,08士林區,士林區中正路251號,0,0,2,1,B03,6,3,5,50,14,9,1,4,4,5,7,4,4,1,4,5,1,17,1,36,3,10,1,1,7,1,1,8,1,15,,19,19,1,21,8,121.5250814,25.09505792
111,5,1,17,40,2,08士林區,士林區中正路251號,0,0,2,2,C03,6,3,5,50,14,9,1,4,4,5,7,4,4,1,4,5,1,17,1,44,2,9,1,1,7,12,1,10,1,14,,44,19,1,21,8,121.5250814,25.09505792
111,5,1,17,40,2,08士林區,士林區中正路251號,0,0,2,3,H02,6,3,5,50,14,9,1,4,4,5,7,4,4,1,4,5,1,17,2,39,2,9,4,5,7,20,8,20,10,16,,67,19,1,21,8,121.5250814,25.09505792
111,5,1,17,50,2,03中山區,中山區明水路397巷與明水路口,0,0,1,1,B01,6,3,5,50,3,1,1,4,4,5,7,1,1,1,4,5,2,12,1,55,3,10,1,4,7,8,1,4,1,6,,7,7,1,10,9,121.5477717,25.07742694
111,5,1,17,50,2,03中山區,中山區明水路397巷與明水路口,0,0,1,2,C03,6,3,5,50,3,1,1,4,4,5,7,1,1,1,4,5,2,12,1,28,2,9,1,4,7,9,1,9,1,11,12,44,7,1,22,9,121.5477717,25.07742694
111,5,1,18,0,2,10文山區,文山區指南路2段22號前,0,0,2,1,C03,6,3,5,50,14,9,1,4,4,5,7,4,4,4,5,5,2,3,1,67,2,7,1,1,7,9,1,10,2,12,,23,23,1,22,9,121.5745495,24.98789443
111,5,1,18,0,2,10文山區,文山區指南路2段22號前,0,0,2,2,H01,6,3,5,50,14,9,1,4,4,5,7,4,4,4,5,5,2,3,2,50,2,9,4,1,8,16,8,20,1,16,,51,23,1,22,9,121.5745495,24.98789443
111,5,1,18,0,2,12內湖區,內湖區內湖路1段與內湖路1段323巷口,0,0,1,1,B03,6,3,5,40,3,2,1,4,4,5,7,4,4,1,4,4,2,17,1,31,3,10,1,4,7,14,1,8,1,4,,40,40,1,22,9,121.5678685,25.08229765
111,5,1,18,0,2,12內湖區,內湖區內湖路1段與內湖路1段323巷口,0,0,1,2,C03,6,3,5,40,3,2,1,4,4,5,7,4,4,1,4,4,2,17,1,28,2,9,1,1,7,6,1,10,1,11,,44,40,1,22,9,121.5678685,25.08229765
111,5,1,18,10,2,12內湖區,內湖區潭美街與安康路22巷口,0,0,1,1,,6,1,5,40,3,1,1,4,4,5,7,2,1,5,5,5,2,17,4,,4,11,3,4,7,15,7,19,11,15,,43,43,2,22,9,121.5938992,25.06106621
111,5,1,18,10,2,12內湖區,內湖區潭美街與安康路22巷口,0,0,1,2,C03,6,1,5,40,3,1,1,4,4,5,7,2,1,5,5,5,2,17,1,26,2,7,1,1,7,9,1,10,1,15,,43,43,1,22,9,121.5938992,25.06106621
111,5,1,18,19,2,12內湖區,內湖區內湖路1段285巷65弄36號,0,0,1,1,B01,6,3,5,30,14,9,1,4,4,5,7,4,4,10,5,5,2,17,1,58,3,10,1,1,7,1,1,4,2,1,,19,19,1,22,9,121.5688301,25.08446673
111,5,1,18,19,2,12內湖區,內湖區內湖路1段285巷65弄36號,0,0,1,2,C03,6,3,5,30,14,9,1,4,4,5,7,4,4,10,5,5,2,17,1,25,2,9,1,1,7,9,1,9,2,14,,44,19,1,22,9,121.5688301,25.08446673
111,5,1,18,19,2,12內湖區,內湖區內湖路1段285巷65弄36號,0,0,1,3,C03,6,3,5,30,14,9,1,4,4,5,7,4,4,10,5,5,2,17,2,41,3,10,3,4,7,13,7,19,11,15,,44,19,1,22,9,121.5688301,25.08446673
111,5,1,18,19,2,12內湖區,內湖區內湖路1段285巷65弄36號,0,0,1,4,C03,6,3,5,30,14,9,1,4,4,5,7,4,4,10,5,5,2,17,2,40,3,10,3,4,7,13,7,19,11,15,,44,19,1,22,9,121.5688301,25.08446673
111,5,1,18,19,2,12內湖區,內湖區內湖路1段285巷65弄36號,0,0,1,5,C03,6,3,5,30,14,9,1,4,4,5,7,4,4,10,5,5,2,17,1,31,3,10,3,4,7,13,7,19,11,15,,44,19,1,22,9,121.5688301,25.08446673
111,5,1,18,19,2,12內湖區,內湖區內湖路1段285巷65弄36號,0,0,1,6,C03,6,3,5,30,14,9,1,4,4,5,7,4,4,10,5,5,2,17,2,58,3,10,3,4,7,13,7,19,11,15,,44,19,1,22,9,121.5688301,25.08446673
111,5,1,18,19,2,12內湖區,內湖區內湖路1段285巷65弄36號,0,0,1,7,C03,6,3,5,30,14,9,1,4,4,5,7,4,4,10,5,5,2,17,2,31,3,10,3,4,7,13,7,19,11,15,,44,19,1,22,9,121.5688301,25.08446673
111,5,1,18,19,2,12內湖區,內湖區內湖路1段285巷65弄36號,0,0,1,8,C03,6,3,5,30,14,9,1,4,4,5,7,4,4,10,5,5,2,17,1,24,3,10,3,4,7,13,7,19,11,15,,44,19,1,22,9,121.5688301,25.08446673
111,5,1,18,19,2,12內湖區,內湖區內湖路1段285巷65弄36號,0,0,1,9,C03,6,3,5,30,14,9,1,4,4,5,7,4,4,10,5,5,2,17,1,32,3,10,3,4,7,13,7,19,11,15,,44,19,1,22,9,121.5688301,25.08446673
111,5,1,19,15,2,12內湖區,內湖區環山路2段6號前,0,0,2,1,C03,6,3,5,50,14,9,1,4,4,5,7,4,4,5,4,5,2,16,1,28,2,9,1,1,7,1,1,10,2,14,,19,19,1,22,9,121.5708503,25.0864362
111,5,1,19,15,2,12內湖區,內湖區環山路2段6號前,0,0,2,2,C03,6,3,5,50,14,9,1,4,4,5,7,4,4,5,4,5,2,16,2,41,2,9,1,1,7,9,1,10,2,11,,44,19,1,22,9,121.5708503,25.0864362
111,5,1,19,36,2,02萬華區,萬華區寶興街與寶興街65巷口,0,0,1,1,C03,6,3,5,50,4,2,1,4,4,5,7,4,4,5,5,5,1,9,1,18,3,10,3,4,7,9,1,10,1,11,,23,23,1,22,9,121.494118,25.02651277
111,5,1,19,36,2,02萬華區,萬華區寶興街與寶興街65巷口,0,0,1,2,H01,6,3,5,50,4,2,1,4,4,5,7,4,4,5,5,5,1,9,2,63,2,9,4,5,8,16,8,20,10,16,,51,23,1,22,9,121.494118,25.02651277
111,5,1,20,10,2,10文山區,文山區興隆路2段與興隆路2段244巷口,0,0,1,1,C03,6,3,5,50,3,1,1,4,4,5,7,4,4,1,4,5,2,3,2,45,3,10,1,1,7,9,1,10,2,11,,15,15,1,22,9,121.5537834,25.00117164
111,5,1,20,10,2,10文山區,文山區興隆路2段與興隆路2段244巷口,0,0,1,2,H01,6,3,5,50,3,1,1,4,4,5,7,4,4,1,4,5,2,3,2,29,2,7,4,5,8,16,8,20,10,16,,67,15,1,22,9,121.5537834,25.00117164
111,5,1,21,8,2,04大安區,大安區龍泉街與泰順街60巷口,0,0,2,1,C03,6,3,5,30,4,1,1,4,4,5,7,4,4,10,5,5,2,15,1,24,2,9,1,1,7,9,1,10,1,12,,6,6,1,22,9,121.5292489,25.02248801
111,5,1,21,8,2,04大安區,大安區龍泉街與泰順街60巷口,0,0,2,2,C03,6,3,5,30,4,1,1,4,4,5,7,4,4,10,5,5,2,15,1,54,2,9,1,1,7,9,1,10,1,11,,14,6,1,22,9,121.5292489,25.02248801
111,5,1,21,33,2,06松山區,松山區市民大道4段與八德路2段366巷口,0,0,1,1,B03,6,3,5,40,4,1,1,4,4,5,7,2,1,9,4,5,2,2,2,32,3,10,1,1,7,5,1,8,2,8,,15,15,1,22,9,121.5460881,25.04520403
111,5,1,21,33,2,06松山區,松山區市民大道4段與八德路2段366巷口,0,0,1,2,H01,6,3,5,40,4,1,1,4,4,5,7,2,1,9,4,5,2,2,1,31,2,9,4,5,8,16,8,20,10,16,,67,15,1,22,9,121.5460881,25.04520403
111,5,1,22,7,2,07信義區,信義區松隆路125號,0,0,1,1,B03,6,3,5,50,14,9,1,4,4,5,7,2,1,1,4,5,2,3,2,32,3,10,1,1,7,5,1,8,2,1,,15,15,1,22,8,121.572154,25.04697551
111,5,1,22,7,2,07信義區,信義區松隆路125號,0,0,1,2,H01,6,3,5,50,14,9,1,4,4,5,7,2,1,1,4,5,2,3,1,57,2,5,4,5,8,16,8,20,10,16,,67,15,1,22,8,121.572154,25.04697551
111,5,1,22,43,2,01大同區,大同區酒泉街與延平北路4段口,0,0,2,2,C03,6,3,5,50,4,1,1,4,4,5,7,2,1,9,4,5,1,12,2,60,2,9,3,4,7,9,1,10,1,14,,44,1,1,22,9,121.5113726,25.07217161