發生年度,發生月,發生日,發生時-Hours,發生分,處理別-編號,區序,肇事地點,死亡人數,2-30日死亡人數,受傷人數,當事人序號,車種,天候,光線,道路類別,速限-速度限制,道路型態,事故位置,路面狀況1,路面狀況2,路面狀況3,道路障礙1,道路障礙2,號誌1,號誌2,車道劃分-分向,車道劃分-分道1,車道劃分-分道2,車道劃分-分道3,事故類型及型態,性別,年齡,受傷程度,主要傷處,安全帽,行動電話,車輛用途,當事者行動狀態,駕駛資格情形,駕駛執照種類,飲酒情形,車輛撞擊部位1,車輛撞擊部位2,肇因碼-個別,肇因碼-主要,個人肇逃否,職業,旅次目的,座標-X,座標-Y
111,5,1,22,43,2,01大同區,大同區酒泉街與延平北路4段口,0,0,2,3,H02,6,3,5,50,4,1,1,4,4,5,7,2,1,9,4,5,1,12,2,4,2,7,4,5,7,20,8,20,1,16,,67,1,1,22,9,121.5113726,25.07217161
111,5,1,22,43,2,01大同區,大同區酒泉街與延平北路4段口,0,0,2,1,A04,6,3,5,50,4,1,1,4,4,5,7,2,1,9,4,5,1,12,1,46,3,10,3,4,7,4,1,1,1,2,,1,1,1,22,9,121.5113726,25.07217161
111,5,1,23,1,2,01大同區,大同區延平北路3段與昌吉街口,0,0,2,1,B02,6,3,5,50,4,1,1,4,4,5,7,2,1,5,4,5,2,11,1,25,3,10,3,4,7,5,1,8,2,8,,6,6,1,22,9,121.5110262,25.0659334
111,5,1,23,1,2,01大同區,大同區延平北路3段與昌吉街口,0,0,2,2,C03,6,3,5,50,4,1,1,4,4,5,7,2,1,5,4,5,2,11,1,25,2,7,1,4,7,9,1,10,2,14,,44,6,1,22,9,121.5110262,25.0659334
111,5,1,23,1,2,01大同區,大同區延平北路3段與昌吉街口,0,0,2,3,H02,6,3,5,50,4,1,1,4,4,5,7,2,1,5,4,5,2,11,2,22,2,8,1,5,7,20,8,20,10,16,,67,6,1,22,9,121.5110262,25.0659334
111,5,1,23,1,2,10文山區,文山區興隆路3段與興隆路3段255巷口,0,0,2,2,C03,6,3,5,50,3,1,1,4,4,5,7,1,1,1,4,5,2,16,1,23,2,9,1,1,7,9,1,10,1,11,,43,43,1,22,9,121.5588552,24.99268851
111,5,1,23,1,2,10文山區,文山區興隆路3段與興隆路3段255巷口,0,0,2,1,C03,6,3,5,50,3,1,1,4,4,5,7,1,1,1,4,5,2,16,1,21,2,9,1,1,7,5,1,10,1,11,,43,43,1,22,9,121.5588552,24.99268851
111,5,1,23,15,2,09北投區,北投區石牌路1段與石牌路1段33巷口,0,0,1,1,C03,6,3,5,30,5,1,1,4,4,5,7,3,1,5,4,5,2,16,2,19,2,9,1,1,7,5,1,10,1,12,,6,6,1,22,9,121.5102132,25.11299273
111,5,1,23,15,2,09北投區,北投區石牌路1段與石牌路1段33巷口,0,0,1,2,B03,6,3,5,30,5,1,1,4,4,5,7,3,1,5,4,5,2,16,1,63,3,10,1,1,7,9,1,8,1,8,,44,6,1,22,9,121.5102132,25.11299273
111,5,2,0,7,2,08士林區,士林區中正路與承德路5段口,0,0,1,1,B03,6,3,5,50,4,1,1,4,4,5,7,1,1,10,4,5,2,17,2,48,3,10,1,1,7,5,1,8,2,2,,25,25,1,22,9,121.5163102,25.09095688
111,5,2,0,7,2,08士林區,士林區中正路與承德路5段口,0,0,1,2,C03,6,3,5,50,4,1,1,4,4,5,7,1,1,10,4,5,2,17,1,22,2,9,1,1,7,9,1,10,11,11,,44,25,1,22,9,121.5163102,25.09095688
111,5,2,1,33,2,03中山區,中山區中山北路1段與長安東路1段口,0,0,1,1,B03,6,3,5,50,4,2,2,4,4,5,7,2,1,1,4,1,2,11,1,22,3,10,3,4,7,5,1,8,2,8,,25,25,1,22,9,121.521602,25.04982379
111,5,2,1,33,2,03中山區,中山區中山北路1段與長安東路1段口,0,0,1,2,C03,6,3,5,50,4,2,2,4,4,5,7,2,1,1,4,1,2,11,1,21,2,9,3,4,7,9,1,9,2,11,,23,25,1,22,9,121.521602,25.04982379
111,5,2,3,20,1,02萬華區,萬華區忠孝西路2段與西寧南路口,1,0,0,1,H01,6,3,5,50,4,2,1,4,4,5,7,2,1,3,4,5,2,9,1,41,1,9,4,5,8,20,8,20,10,16,,52,52,1,22,9,121.5075505,25.0484909
111,5,2,3,20,1,02萬華區,萬華區忠孝西路2段與西寧南路口,1,0,0,2,B01,6,3,5,50,4,2,1,4,4,5,7,2,1,3,4,5,2,9,1,56,3,10,1,1,7,9,1,1,2,8,,15,52,1,22,9,121.5075505,25.0484909
111,5,2,3,20,1,02萬華區,萬華區忠孝西路2段與西寧南路口,1,0,0,3,B03,6,3,5,50,4,2,1,4,4,5,7,2,1,3,4,5,2,9,1,23,4,11,3,4,7,15,3,18,11,15,,23,52,2,22,9,121.5075505,25.0484909
111,5,2,3,20,1,02萬華區,萬華區忠孝西路2段與西寧南路口,1,0,0,4,B03,6,3,5,50,4,2,1,4,4,5,7,2,1,3,4,5,2,9,1,44,3,10,1,1,7,9,1,8,2,8,,44,52,1,22,9,121.5075505,25.0484909
111,5,2,3,20,1,02萬華區,萬華區忠孝西路2段與西寧南路口,1,0,0,5,B12,6,3,5,50,4,2,1,4,4,5,7,2,1,3,4,5,2,9,1,40,3,10,1,1,7,9,1,8,2,5,,23,52,1,22,9,121.5075505,25.0484909
111,5,2,5,15,2,03中山區,中山區中山北路3段與民族西路口,0,0,1,1,B11,6,2,5,50,4,1,1,4,4,5,7,1,1,10,4,5,2,16,1,44,3,10,1,4,7,5,1,4,2,2,,8,8,1,22,9,121.522746,25.06850554
111,5,2,5,15,2,03中山區,中山區中山北路3段與民族西路口,0,0,1,2,C03,6,2,5,50,4,1,1,4,4,5,7,1,1,10,4,5,2,16,2,29,2,9,1,4,7,9,1,10,2,11,,23,8,1,22,9,121.522746,25.06850554
111,5,2,6,50,2,09北投區,北投區承德路7段與承德路7段393巷口,0,0,1,1,A12,6,1,5,0,4,2,1,4,4,5,7,1,1,9,4,4,1,12,1,62,3,10,1,1,7,6,1,7,1,2,,9,9,1,22,9,121.501412,25.11944369
111,5,2,6,50,2,09北投區,北投區承德路7段與承德路7段393巷口,0,0,1,2,C03,6,1,5,0,4,2,1,4,4,5,7,1,1,9,4,4,1,12,1,21,2,8,1,1,7,9,1,10,1,11,,13,9,1,22,9,121.501412,25.11944369
111,5,2,8,12,2,08士林區,士林區通河街2巷與承德路4段3巷口,0,0,2,1,C03,6,1,5,30,3,2,1,4,4,5,7,4,4,10,5,5,2,17,2,23,2,7,1,1,7,5,1,10,1,11,,6,6,1,22,9,121.5229162,25.0784471
111,5,2,8,12,2,08士林區,士林區通河街2巷與承德路4段3巷口,0,0,2,2,C03,6,1,5,30,3,2,1,4,4,5,7,4,4,10,5,5,2,17,2,30,2,9,1,1,7,9,1,10,1,11,,13,6,1,22,9,121.5229162,25.0784471
111,5,2,8,31,2,12內湖區,內湖區麗山街與麗山街105巷口口,0,0,1,1,B03,6,1,5,50,3,1,1,4,4,5,7,4,4,5,4,5,2,16,1,52,3,10,1,1,7,1,1,8,1,8,,19,19,1,22,9,121.5800292,25.08199182
111,5,2,8,31,2,12內湖區,內湖區麗山街與麗山街105巷口口,0,0,1,2,C03,6,1,5,50,3,1,1,4,4,5,7,4,4,5,4,5,2,16,2,26,2,8,1,1,7,9,3,18,1,11,,44,19,1,22,9,121.5800292,25.08199182
111,5,2,9,9,2,03中山區,中山區民權東路2段69號,0,0,1,1,C03,6,1,5,50,14,9,1,4,4,5,7,4,4,7,2,5,2,13,2,38,2,9,1,1,7,9,1,10,1,11,,23,23,1,5,3,121.5315189,25.06263534
111,5,2,9,9,2,03中山區,中山區民權東路2段69號,0,0,1,2,B03,6,1,5,50,14,9,1,4,4,5,7,4,4,7,2,5,2,13,2,52,3,10,1,1,7,9,1,8,1,3,,44,23,1,5,1,121.5315189,25.06263534
111,5,2,9,11,2,02萬華區,萬華區萬大路與莒光路口,0,0,1,1,B01,6,1,5,50,4,1,1,4,4,5,7,1,1,1,4,5,2,11,1,57,3,10,1,1,7,5,1,4,1,8,,6,6,1,22,9,121.500562,25.03116463
111,5,2,9,11,2,02萬華區,萬華區萬大路與莒光路口,0,0,1,2,C03,6,1,5,50,4,1,1,4,4,5,7,1,1,1,4,5,2,11,1,25,2,9,1,1,7,9,1,10,1,14,,13,6,1,22,9,121.500562,25.03116463
111,5,2,9,42,2,01大同區,大同區鄭州路與西寧北路口,0,0,2,1,F01,6,1,5,40,4,2,1,4,4,5,7,1,1,1,4,5,2,17,1,86,2,9,1,1,7,7,8,20,2,16,,7,7,1,22,9,121.508146,25.05038763
111,5,2,9,42,2,01大同區,大同區鄭州路與西寧北路口,0,0,2,2,C03,6,1,5,40,4,2,1,4,4,5,7,1,1,1,4,5,2,17,1,27,2,9,1,1,7,9,1,10,2,11,,13,7,1,22,9,121.508146,25.05038763
111,5,2,10,3,2,09北投區,北投區明德路與榮華二路口,0,0,1,1,C03,6,1,5,50,3,1,1,4,4,5,7,3,1,10,5,5,1,16,2,69,2,9,1,1,7,5,1,10,1,14,,6,6,1,22,9,121.5222543,25.1140258
111,5,2,10,3,2,09北投區,北投區明德路與榮華二路口,0,0,1,2,B03,6,1,5,50,3,1,1,4,4,5,7,3,1,10,5,5,1,16,1,45,3,10,1,1,7,9,1,8,1,1,,27,6,1,22,9,121.5222543,25.1140258
111,5,2,10,47,2,09北投區,北投區三合街2段與北投路1段口,0,0,1,1,C03,6,1,5,50,4,1,1,4,4,5,7,1,1,9,4,5,2,11,1,38,3,10,1,1,7,5,1,10,2,12,,8,8,1,22,9,121.5026259,25.1267933
111,5,2,10,47,2,09北投區,北投區三合街2段與北投路1段口,0,0,1,2,C03,6,1,5,50,4,1,1,4,4,5,7,1,1,9,4,5,2,11,2,78,2,9,1,1,7,9,1,10,2,11,,44,8,1,22,9,121.5026259,25.1267933
111,5,2,11,18,2,08士林區,士林區大南路412號,0,0,1,1,C03,6,1,5,0,14,9,1,4,4,5,7,4,4,9,4,5,2,17,1,37,2,8,1,1,7,1,1,10,1,11,,19,19,1,22,9,121.5160837,25.08999922
111,5,2,11,18,2,08士林區,士林區大南路412號,0,0,1,2,B03,6,1,5,0,14,9,1,4,4,5,7,4,4,9,4,5,2,17,1,44,3,10,1,1,7,9,1,8,1,2,,44,19,1,22,9,121.5160837,25.08999922
111,5,2,12,14,2,02萬華區,萬華區西園路1段與和平西路3段口,0,0,1,1,C03,6,1,5,50,4,2,1,4,4,5,7,1,1,1,5,5,2,18,2,45,2,9,1,1,7,12,1,10,1,14,,42,42,1,22,9,121.4992585,25.03500092
111,5,2,12,14,2,02萬華區,萬華區西園路1段與和平西路3段口,0,0,1,2,,6,1,5,50,4,2,1,4,4,5,7,1,1,1,5,5,2,18,3,,,,,,,,,,,,,67,42,1,,,121.4992585,25.03500092
111,5,2,12,40,2,08士林區,士林區重慶北路4段151號,0,0,1,2,B03,8,1,5,0,14,7,1,5,4,5,7,4,4,1,4,4,1,16,1,62,3,10,3,4,7,9,1,8,1,7,,44,7,1,22,9,121.5120388,25.08327304
111,5,2,12,40,2,08士林區,士林區重慶北路4段151號,0,0,1,1,A31,8,1,5,0,14,7,1,5,4,5,7,4,4,1,4,4,1,16,1,57,4,11,3,4,7,10,7,19,11,15,,7,7,2,22,9,121.5120388,25.08327304
111,5,2,12,40,2,08士林區,士林區重慶北路4段151號,0,0,1,3,B03,8,1,5,0,14,7,1,5,4,5,7,4,4,1,4,4,1,16,1,53,3,10,3,4,7,9,1,4,1,1,,44,7,1,22,9,121.5120388,25.08327304
111,5,2,12,40,2,08士林區,士林區重慶北路4段151號,0,0,1,4,H02,8,1,5,0,14,7,1,5,4,5,7,4,4,1,4,4,1,16,2,43,2,9,3,4,7,21,8,20,10,15,,67,7,1,22,9,121.5120388,25.08327304
111,5,2,12,50,2,04大安區,大安區和平東路2段與新生南路2段口口,0,0,1,1,B03,6,1,5,50,4,1,1,4,4,5,7,2,1,8,4,5,1,16,1,38,3,10,3,4,7,6,1,8,1,5,,9,9,1,22,9,121.5350414,25.02617055
111,5,2,12,50,2,04大安區,大安區和平東路2段與新生南路2段口口,0,0,1,2,C03,6,1,5,50,4,1,1,4,4,5,7,2,1,8,4,5,1,16,1,30,2,9,3,4,7,9,1,10,1,14,,44,9,1,22,9,121.5350414,25.02617055
111,5,2,13,0,2,12內湖區,內湖區民權東路6段與康寧路3段口,0,0,1,1,B12,6,1,5,50,4,1,1,4,4,5,7,2,1,1,4,5,2,16,1,28,3,10,1,1,7,5,1,4,1,8,,8,8,1,22,9,121.6056838,25.07335931
111,5,2,13,0,2,12內湖區,內湖區民權東路6段與康寧路3段口,0,0,1,2,C03,6,1,5,50,4,1,1,4,4,5,7,2,1,1,4,5,2,16,1,22,2,9,1,1,7,9,1,9,1,12,,13,8,1,22,9,121.6056838,25.07335931
111,5,2,13,30,2,04大安區,大安區和平東路2段與建國南路2段口,0,0,2,1,C03,6,1,5,50,4,1,1,4,4,5,7,1,1,1,3,5,2,17,1,71,2,9,1,1,7,9,1,10,1,11,,23,23,1,22,9,121.5374422,25.0255499
111,5,2,13,30,2,04大安區,大安區和平東路2段與建國南路2段口,0,0,2,2,C03,6,1,5,50,4,1,1,4,4,5,7,1,1,1,3,5,2,17,1,40,2,8,1,1,7,13,1,10,1,13,,44,23,1,22,9,121.5374422,25.0255499
111,5,2,13,36,2,06松山區,松山區塔悠路與南京東路5段口,0,0,1,2,B12,6,1,5,50,5,1,1,4,4,5,7,2,1,3,3,5,2,12,1,61,3,10,1,1,7,6,1,8,1,6,,9,44,1,22,9,121.5704793,25.0514436
111,5,2,13,36,2,06松山區,松山區塔悠路與南京東路5段口,0,0,1,1,C03,6,1,5,50,5,1,1,4,4,5,7,2,1,3,3,5,2,12,2,56,2,9,1,1,7,5,1,10,1,11,,44,44,1,22,9,121.5704793,25.0514436
111,5,2,14,13,2,08士林區,士林區中正路與中正路349巷口,0,0,1,1,C03,6,1,5,30,3,2,1,4,4,5,7,4,4,1,4,5,2,16,2,26,2,8,1,1,7,6,1,10,1,11,,43,43,1,22,9,121.5223878,25.09442658
111,5,2,14,13,2,08士林區,士林區中正路與中正路349巷口,0,0,1,2,C03,6,1,5,30,3,2,1,4,4,5,7,4,4,1,4,5,2,16,1,38,3,10,1,1,7,9,1,10,1,12,,43,43,1,22,9,121.5223878,25.09442658
111,5,2,15,2,2,07信義區,信義區基隆路1段190巷與基隆路1段口,0,0,1,1,C02,6,1,5,30,3,1,1,4,4,5,7,4,4,10,5,5,2,17,1,34,3,10,1,1,7,6,1,9,1,14,,43,43,1,22,9,121.5647304,25.04191578
111,5,2,15,2,2,07信義區,信義區基隆路1段190巷與基隆路1段口,0,0,1,2,C03,6,1,5,30,3,1,1,4,4,5,7,4,4,10,5,5,2,17,1,30,2,8,1,1,7,9,1,10,1,12,,43,43,1,22,9,121.5647304,25.04191578
111,5,2,15,55,2,04大安區,大安區基隆路2段與樂業街口,0,0,1,1,B03,6,1,5,50,4,1,1,4,4,5,7,1,1,10,3,5,2,12,1,51,3,10,1,1,7,15,1,8,1,2,,27,27,1,22,9,121.5502985,25.02226731
111,5,2,15,55,2,04大安區,大安區基隆路2段與樂業街口,0,0,1,2,C03,6,1,5,50,4,1,1,4,4,5,7,1,1,10,3,5,2,12,1,25,2,8,1,1,7,9,1,10,1,14,,44,27,1,22,9,121.5502985,25.02226731
111,5,2,16,0,2,08士林區,士林區葫蘆街87號旁機車引道,0,0,1,1,C03,6,1,5,30,14,11,1,4,4,5,7,4,4,1,4,5,2,20,1,50,2,9,1,1,7,9,1,10,6,12,,21,21,1,22,9,121.507996,25.08137434
111,5,2,16,0,2,08士林區,士林區葫蘆街87號旁機車引道,0,0,1,2,,6,1,5,30,14,11,1,4,4,5,7,4,4,1,4,5,2,20,3,,,,,,,,,,,,,67,21,1,,,121.507996,25.08137434
111,5,2,17,10,2,03中山區,中山區長春路與伊通街口,0,0,1,2,B03,6,2,5,50,3,2,1,4,4,5,7,1,1,5,4,4,2,12,2,46,3,10,1,1,7,14,1,8,1,7,,38,23,1,22,9,121.5348257,25.0547851
111,5,2,17,10,2,03中山區,中山區長春路與伊通街口,0,0,1,3,B03,6,2,5,50,3,2,1,4,4,5,7,1,1,5,4,4,2,12,1,36,3,10,1,1,7,8,1,8,9,6,,44,23,1,22,9,121.5348257,25.0547851
111,5,2,17,10,2,03中山區,中山區長春路與伊通街口,0,0,1,1,C03,6,2,5,50,3,2,1,4,4,5,7,1,1,5,4,4,2,12,1,25,2,9,1,1,7,8,1,10,1,12,,23,23,1,22,9,121.5348257,25.0547851
111,5,2,17,30,2,08士林區,士林區復興橋與至誠路1段口,0,0,1,1,B03,6,1,5,50,5,1,1,4,4,5,7,2,1,4,4,5,2,17,1,38,3,10,3,4,7,5,1,8,1,5,,8,8,1,22,9,121.5374542,25.10094788
111,5,2,17,30,2,08士林區,士林區復興橋與至誠路1段口,0,0,1,2,C03,6,1,5,50,5,1,1,4,4,5,7,2,1,4,4,5,2,17,2,24,2,9,1,4,7,5,1,10,1,14,,8,8,1,22,9,121.5374542,25.10094788
111,5,2,18,9,2,07信義區,信義區莊敬路391巷與莊敬路391巷2弄口,0,0,1,1,B01,6,3,5,30,4,1,1,4,4,5,7,4,4,10,5,5,1,15,1,48,3,10,1,1,7,9,1,4,2,1,,6,6,1,22,9,121.5656898,25.02794378
111,5,2,18,9,2,07信義區,信義區莊敬路391巷與莊敬路391巷2弄口,0,0,1,2,C03,6,3,5,30,4,1,1,4,4,5,7,4,4,10,5,5,1,15,1,37,2,9,1,1,7,9,1,10,2,12,,6,6,1,22,9,121.5656898,25.02794378
111,5,2,19,35,2,05中正區,中正區中華路1段與貴陽街1段口,0,0,1,1,C03,6,1,5,50,4,2,1,4,4,5,7,1,1,10,3,5,2,13,1,30,2,8,1,1,7,9,1,10,1,11,,16,16,1,22,9,121.5076028,25.03914299
111,5,2,19,35,2,05中正區,中正區中華路1段與貴陽街1段口,0,0,1,2,C03,6,1,5,50,4,2,1,4,4,5,7,1,1,10,3,5,2,13,1,20,3,10,1,1,7,8,1,10,1,13,,7,16,1,22,9,121.5076028,25.03914299
111,5,2,19,42,2,03中山區,中山區民權東路2段69號,0,0,1,1,B03,6,3,5,50,14,9,1,4,4,5,7,4,4,1,3,5,1,17,1,45,3,10,1,1,7,2,1,8,1,4,,42,42,1,22,9,121.5315264,25.06260989
111,5,2,19,42,2,03中山區,中山區民權東路2段69號,0,0,1,2,C03,6,3,5,50,14,9,1,4,4,5,7,4,4,1,3,5,1,17,2,26,2,7,1,1,7,9,1,10,1,11,,13,42,1,22,9,121.5315264,25.06260989
111,5,2,20,7,2,05中正區,中正區公園路與凱達格蘭大道口,0,0,1,1,B03,6,3,5,50,4,1,1,4,4,5,7,1,1,5,3,4,2,12,1,68,3,10,1,4,7,7,1,8,2,7,,7,7,1,22,9,121.5155988,25.0395849
111,5,2,20,7,2,05中正區,中正區公園路與凱達格蘭大道口,0,0,1,2,C03,6,3,5,50,4,1,1,4,4,5,7,1,1,5,3,4,2,12,1,24,2,9,1,1,7,9,1,10,2,12,,26,7,1,22,9,121.5155988,25.0395849
111,5,2,20,11,2,04大安區,大安區大安路1段與大安路1段126巷口,0,0,1,1,B03,6,3,5,30,4,2,1,4,4,5,7,4,4,10,4,5,2,17,1,64,4,11,3,4,7,15,7,19,11,15,,6,6,2,22,9,121.5460513,25.03933674
111,5,2,20,11,2,04大安區,大安區大安路1段與大安路1段126巷口,0,0,1,2,C03,6,3,5,30,4,2,1,4,4,5,7,4,4,10,4,5,2,17,2,21,2,8,1,1,7,9,1,10,1,12,,44,6,1,22,9,121.5460513,25.03933674
111,5,2,20,11,2,04大安區,大安區敦化南路1段187巷與忠孝東路4段147巷口,0,0,1,1,B02,6,3,5,30,4,1,1,4,4,5,7,4,4,10,5,5,2,15,1,23,3,10,1,1,7,9,1,8,1,1,,6,6,1,22,9,121.5496752,25.04261603
111,5,2,20,11,2,04大安區,大安區敦化南路1段187巷與忠孝東路4段147巷口,0,0,1,2,C03,6,3,5,30,4,1,1,4,4,5,7,4,4,10,5,5,2,15,1,23,2,9,1,1,7,9,1,10,1,12,,23,6,1,22,9,121.5496752,25.04261603
111,5,2,20,20,2,09北投區,北投區大度路3段與立功街口,0,0,2,1,B03,6,3,5,50,3,1,1,4,4,5,7,3,1,3,4,3,2,16,1,52,3,10,3,4,7,6,3,18,2,4,,6,6,1,22,9,121.4689155,25.1231168
111,5,2,20,20,2,09北投區,北投區大度路3段與立功街口,0,0,2,2,C03,6,3,5,50,3,1,1,4,4,5,7,3,1,3,4,3,2,16,2,40,2,9,3,4,7,9,1,10,2,11,,44,6,1,22,9,121.4689155,25.1231168
111,5,2,20,20,2,09北投區,北投區大度路3段與立功街口,0,0,2,3,H02,6,3,5,50,3,1,1,4,4,5,7,3,1,3,4,3,2,16,1,12,2,1,4,5,7,20,8,20,10,15,,67,6,1,22,9,121.4689155,25.1231168
111,5,2,20,32,2,07信義區,信義區基隆路1段35巷7弄與松隆路123巷口口,0,0,1,1,B12,6,3,5,30,4,1,1,4,4,5,7,4,4,10,5,5,2,15,1,68,3,10,1,1,7,9,1,8,1,1,,43,43,1,22,9,121.5716152,25.04795184
111,5,2,20,32,2,07信義區,信義區基隆路1段35巷7弄與松隆路123巷口口,0,0,1,2,C03,6,3,5,30,4,1,1,4,4,5,7,4,4,10,5,5,2,15,1,42,2,1,1,1,7,9,1,10,1,12,,43,43,1,22,9,121.5716152,25.04795184
111,5,2,20,33,2,07信義區,信義區和平東路3段與和平東路3段575巷口,0,0,1,1,C03,6,3,5,30,11,9,1,4,4,5,7,4,4,5,2,5,2,17,1,44,3,10,1,1,7,1,1,10,1,15,,19,19,1,22,8,121.56174,25.014985
111,5,2,20,33,2,07信義區,信義區和平東路3段與和平東路3段575巷口,0,0,1,2,C03,6,3,5,30,11,9,1,4,4,5,7,4,4,5,2,5,2,17,1,49,2,7,1,1,7,12,1,10,1,14,,14,19,1,22,8,121.56174,25.014985
111,5,2,20,58,2,07信義區,(基隆路1段156號前),0,0,2,1,C03,6,3,5,50,3,2,1,4,4,5,7,2,1,1,4,5,2,16,1,50,2,9,1,1,7,1,1,10,1,11,,25,25,1,22,9,121.5658045,25.043548
111,5,2,20,58,2,07信義區,(基隆路1段156號前),0,0,2,2,C03,6,3,5,50,3,2,1,4,4,5,7,2,1,1,4,5,2,16,1,29,2,6,1,1,7,9,1,10,1,12,,44,25,1,22,9,121.5658045,25.043548
111,5,2,21,6,2,12內湖區,內湖區環山路1段9巷與環山路1段口,0,0,1,1,B03,6,3,5,40,3,1,1,4,4,5,7,4,4,9,4,4,2,16,1,60,3,10,1,1,7,1,1,4,1,5,,19,19,1,22,9,121.5655675,25.08275175
111,5,2,21,6,2,12內湖區,內湖區環山路1段9巷與環山路1段口,0,0,1,2,C03,6,3,5,40,3,1,1,4,4,5,7,4,4,9,4,4,2,16,1,20,2,7,1,1,7,5,1,10,1,12,,6,19,1,22,9,121.5655675,25.08275175
111,5,2,22,0,2,12內湖區,內湖區成功路2段與民權東路6段口口,0,0,1,1,B03,6,3,5,50,4,1,1,4,4,5,7,2,1,1,4,5,2,12,2,20,3,10,1,1,7,9,1,8,1,2,,23,23,1,22,9,121.5909501,25.06890778
111,5,2,22,0,2,12內湖區,內湖區成功路2段與民權東路6段口口,0,0,1,2,C03,6,3,5,50,4,1,1,4,4,5,7,2,1,1,4,5,2,12,2,31,2,8,1,1,7,9,1,10,1,14,,17,23,1,22,9,121.5909501,25.06890778
111,5,2,22,15,2,03中山區,中山區建國北路3段83號,0,0,1,1,B03,6,3,5,50,14,9,1,4,4,5,7,4,4,10,4,5,2,17,1,28,3,10,1,4,7,13,1,8,1,8,,40,40,1,22,9,121.5368898,25.06538815
111,5,2,22,15,2,03中山區,中山區建國北路3段83號,0,0,1,2,C03,6,3,5,50,14,9,1,4,4,5,7,4,4,10,4,5,2,17,2,43,2,9,1,4,7,9,1,10,1,12,,44,40,1,22,9,121.5368898,25.06538815
111,5,2,23,30,2,07信義區,信義區基隆路2段與嘉興街216巷口,0,0,1,3,C03,6,3,5,50,4,2,1,4,4,5,7,2,1,10,4,5,2,17,3,,,,,,,,,,,,,67,25,1,,,121.5561447,25.02753212
111,5,2,23,30,2,07信義區,信義區基隆路2段與嘉興街216巷口,0,0,1,4,C03,6,3,5,50,4,2,1,4,4,5,7,2,1,10,4,5,2,17,3,,,,,,,,,,,,,67,25,1,,,121.5561447,25.02753212
111,5,2,23,30,2,07信義區,信義區基隆路2段與嘉興街216巷口,0,0,1,1,C03,6,3,5,50,4,2,1,4,4,5,7,2,1,10,4,5,2,17,1,29,2,8,1,1,7,9,1,10,8,11,,25,25,1,22,9,121.5561447,25.02753212
111,5,2,23,30,2,07信義區,信義區基隆路2段與嘉興街216巷口,0,0,1,2,B03,6,3,5,50,4,2,1,4,4,5,7,2,1,10,4,5,2,17,1,31,3,10,1,1,7,5,1,8,2,8,,44,25,1,22,9,121.5561447,25.02753212
111,5,2,23,32,2,01大同區,大同區延平北路2段與民權西路口,0,0,3,1,F01,6,3,5,0,5,2,1,4,4,5,7,1,1,1,4,5,2,15,1,75,2,9,1,1,7,11,8,20,1,16,,25,25,1,22,9,121.5112205,25.0627882
111,5,2,23,32,2,01大同區,大同區延平北路2段與民權西路口,0,0,3,2,C03,6,3,5,0,5,2,1,4,4,5,7,1,1,1,4,5,2,15,1,22,2,9,1,1,7,9,1,10,1,11,,44,25,1,22,9,121.5112205,25.0627882
111,5,2,23,32,2,01大同區,大同區延平北路2段與民權西路口,0,0,3,3,C03,6,3,5,0,5,2,1,4,4,5,7,1,1,1,4,5,2,15,1,27,2,9,1,1,7,9,6,10,1,11,,23,25,1,22,9,121.5112205,25.0627882
111,5,2,23,58,2,01大同區,大同區長安西路283號,0,0,1,1,B01,6,3,5,50,14,9,1,4,4,5,7,4,4,9,4,5,2,16,1,57,3,10,1,1,7,11,5,4,2,4,,6,6,1,22,9,121.5091831,25.05202418
111,5,2,23,58,2,01大同區,大同區長安西路283號,0,0,1,2,C03,6,3,5,50,14,9,1,4,4,5,7,4,4,9,4,5,2,16,1,20,2,9,1,1,7,9,1,10,2,11,,44,6,1,22,9,121.5091831,25.05202418
111,5,3,2,54,2,02萬華區,萬華區西藏路546號,0,0,1,1,B12,6,3,5,50,11,9,1,4,4,5,7,4,4,3,4,5,2,16,1,38,3,10,1,1,7,1,1,8,1,4,,19,19,1,22,9,121.4920843,25.02864518
111,5,3,2,54,2,02萬華區,萬華區西藏路546號,0,0,1,2,C03,6,3,5,50,11,9,1,4,4,5,7,4,4,3,4,5,2,16,1,22,2,8,1,1,7,9,1,10,1,12,,44,19,1,22,9,121.4920843,25.02864518
111,5,3,3,36,2,03中山區,中山區市民大道2段與天津街口,0,0,1,1,B03,7,3,5,50,4,1,1,4,4,5,7,1,1,10,5,5,2,17,1,48,3,10,1,4,7,6,1,8,2,15,,25,25,1,22,9,121.5223846,25.04806742
111,5,3,3,36,2,03中山區,中山區市民大道2段與天津街口,0,0,1,2,C04,7,3,5,50,4,1,1,4,4,5,7,1,1,10,5,5,2,17,2,29,2,9,1,4,7,9,1,10,2,12,,44,25,1,22,9,121.5223846,25.04806742
111,5,3,4,0,2,08士林區,士林區中山北路6段與福國路口,0,0,1,1,C03,6,3,5,50,3,2,1,4,4,5,7,1,1,10,4,5,2,18,1,20,2,9,1,1,7,12,1,10,1,14,,13,13,1,22,9,121.525341,25.10251122
111,5,3,4,0,2,08士林區,士林區中山北路6段與福國路口,0,0,1,2,,6,3,5,50,3,2,1,4,4,5,7,1,1,10,4,5,2,18,3,,,,,,,,,,,,,67,13,1,,,121.525341,25.10251122
111,5,3,5,45,2,08士林區,士林區承德路4段79-2號,0,0,2,1,C03,7,1,5,50,14,8,1,5,4,5,7,4,4,1,4,4,2,17,2,24,2,9,1,1,7,8,1,10,2,13,,7,7,1,22,9,121.5232514,25.08231543