發生年度,發生月,發生日,發生時-Hours,發生分,處理別-編號,區序,肇事地點,死亡人數,2-30日死亡人數,受傷人數,當事人序號,車種,天候,光線,道路類別,速限-速度限制,道路型態,事故位置,路面狀況1,路面狀況2,路面狀況3,道路障礙1,道路障礙2,號誌1,號誌2,車道劃分-分向,車道劃分-分道1,車道劃分-分道2,車道劃分-分道3,事故類型及型態,性別,年齡,受傷程度,主要傷處,安全帽,行動電話,車輛用途,當事者行動狀態,駕駛資格情形,駕駛執照種類,飲酒情形,車輛撞擊部位1,車輛撞擊部位2,肇因碼-個別,肇因碼-主要,個人肇逃否,職業,旅次目的,座標-X,座標-Y
111,5,3,5,45,2,08士林區,士林區承德路4段79-2號,0,0,2,2,C03,7,1,5,50,14,8,1,5,4,5,7,4,4,1,4,4,2,17,1,48,2,8,1,1,7,9,3,18,2,11,,44,7,1,22,9,121.5232514,25.08231543
111,5,3,7,35,2,07信義區,信義區忠孝東路5段766號對面,0,0,1,1,B03,7,1,5,50,14,9,1,5,4,5,7,2,1,1,4,5,1,16,1,31,3,10,1,1,7,8,1,8,1,3,,7,7,1,22,9,121.5813707,25.04353414
111,5,3,7,35,2,07信義區,信義區忠孝東路5段766號對面,0,0,1,2,C03,7,1,5,50,14,9,1,5,4,5,7,2,1,1,4,5,1,16,1,25,2,8,1,1,7,9,1,10,1,11,,44,7,1,22,9,121.5813707,25.04353414
111,5,3,7,38,2,12內湖區,內湖區環山路2段53巷5弄與港華街109巷口,0,0,1,1,C03,7,1,5,30,4,1,1,5,4,5,7,4,4,10,5,5,2,17,1,39,2,9,1,1,7,9,1,10,1,12,,6,6,1,22,9,121.5733905,25.08446253
111,5,3,7,38,2,12內湖區,內湖區環山路2段53巷5弄與港華街109巷口,0,0,1,2,B03,7,1,5,30,4,1,1,5,4,5,7,4,4,10,5,5,2,17,1,45,3,10,1,1,7,9,1,8,1,5,,6,6,1,22,9,121.5733905,25.08446253
111,5,3,7,40,2,03中山區,中山區民權東路2段與建國北路2段口,0,0,1,1,C03,7,1,5,50,14,9,1,5,4,5,7,2,1,1,4,5,2,13,1,43,3,10,1,1,7,9,1,10,1,14,,16,16,1,22,9,121.5365719,25.06229741
111,5,3,7,40,2,03中山區,中山區民權東路2段與建國北路2段口,0,0,1,2,C03,7,1,5,50,14,9,1,5,4,5,7,2,1,1,4,5,2,13,1,23,2,7,3,4,7,9,1,10,1,12,,44,16,1,22,9,121.5365719,25.06229741
111,5,3,7,43,2,12內湖區,內湖區成功路2段與成功路2段426巷口,0,0,2,1,C03,8,1,5,50,3,2,1,5,4,5,7,2,1,3,4,5,2,15,1,37,2,9,1,1,7,15,1,10,2,11,,25,25,1,22,9,121.589703,25.07184901
111,5,3,7,43,2,12內湖區,內湖區成功路2段與成功路2段426巷口,0,0,2,2,C03,8,1,5,50,3,2,1,5,4,5,7,2,1,3,4,5,2,15,2,35,2,9,1,1,7,15,1,10,2,14,,26,25,1,22,9,121.589703,25.07184901
111,5,3,8,0,2,03中山區,中山區民權東路1段與民權東路1段58巷口,0,0,2,1,C02,7,1,5,50,3,1,1,4,4,5,7,4,4,1,4,4,2,16,1,47,2,8,1,4,7,6,1,9,1,12,,9,9,1,22,9,121.524685,25.06264991
111,5,3,8,0,2,03中山區,中山區民權東路1段與民權東路1段58巷口,0,0,2,2,C03,7,1,5,50,3,1,1,4,4,5,7,4,4,1,4,4,2,16,1,30,2,9,1,4,7,9,1,10,1,14,,13,9,1,22,9,121.524685,25.06264991
111,5,3,8,2,2,09北投區,北投區中央北路4段與中央北路4段577巷口,0,0,1,1,B12,7,1,5,50,3,1,1,5,4,5,7,2,1,5,4,5,2,16,1,48,3,10,1,1,7,1,1,8,1,4,,19,19,1,22,9,121.4667038,25.12717659
111,5,3,8,2,2,09北投區,北投區中央北路4段與中央北路4段577巷口,0,0,1,2,C03,7,1,5,50,3,1,1,5,4,5,7,2,1,5,4,5,2,16,1,22,2,8,1,1,7,9,1,10,1,11,,23,19,1,22,9,121.4667038,25.12717659
111,5,3,8,15,2,07信義區,信義區信安街67巷與吳興街156巷56弄口口,0,0,2,1,C03,6,1,5,50,3,1,1,4,4,5,7,4,4,5,5,4,2,17,2,51,2,9,1,1,7,5,1,10,1,13,,43,43,1,21,8,121.5590074,25.02596147
111,5,3,8,15,2,07信義區,信義區信安街67巷與吳興街156巷56弄口口,0,0,2,2,C03,6,1,5,50,3,1,1,4,4,5,7,4,4,5,5,4,2,17,1,33,2,9,1,1,7,9,1,10,1,11,,43,43,1,21,8,121.5590074,25.02596147
111,5,3,8,16,2,11南港區,南港區東明街60號與東明街口,0,0,1,1,C03,6,1,6,30,4,1,1,4,4,5,7,1,1,5,5,5,2,17,1,37,2,8,1,1,7,9,1,10,1,14,,13,13,1,22,9,121.6030174,25.05510268
111,5,3,8,16,2,11南港區,南港區東明街60號與東明街口,0,0,1,2,B03,6,1,6,30,4,1,1,4,4,5,7,1,1,5,5,5,2,17,1,33,3,10,1,1,7,11,1,8,1,15,,10,13,1,22,9,121.6030174,25.05510268
111,5,3,8,25,2,03中山區,中山區民族東路512巷與龍江路429巷口,0,0,1,1,C03,7,1,5,30,4,1,1,5,4,3,5,4,4,5,5,5,2,17,2,38,2,9,1,1,7,5,1,10,1,14,,6,6,1,22,9,121.542,25.06681869
111,5,3,8,25,2,03中山區,中山區民族東路512巷與龍江路429巷口,0,0,1,2,C03,7,1,5,30,4,1,1,5,4,3,5,4,4,5,5,5,2,17,1,40,3,10,1,1,7,9,1,10,1,11,,44,6,1,22,9,121.542,25.06681869
111,5,3,8,25,2,03中山區,中山區民族東路512巷與龍江路429巷口,0,0,1,3,B03,7,1,5,30,4,1,1,5,4,3,5,4,4,5,5,5,2,17,1,36,3,10,3,1,7,13,1,8,11,15,,38,6,1,22,9,121.542,25.06681869
111,5,3,8,38,2,10文山區,文山區光輝路21巷與光輝路口,0,0,2,1,B03,6,1,5,30,4,1,1,4,4,5,6,4,4,10,4,5,2,15,1,50,2,7,1,1,7,9,1,8,1,4,,6,6,1,22,9,121.5549464,24.98579281
111,5,3,8,38,2,10文山區,文山區光輝路21巷與光輝路口,0,0,2,2,C03,6,1,5,30,4,1,1,4,4,5,6,4,4,10,4,5,2,15,1,31,2,7,1,1,7,9,1,10,1,11,,23,6,1,22,9,121.5549464,24.98579281
111,5,3,9,30,2,03中山區,中山區市民高架道與中山北路1段口上方,0,0,1,1,B03,8,1,5,60,10,9,1,5,4,5,7,4,4,1,4,5,2,13,1,43,3,10,3,4,7,9,1,8,1,1,,16,16,1,22,9,121.5207509,25.04812738
111,5,3,9,30,2,03中山區,中山區市民高架道與中山北路1段口上方,0,0,1,2,B03,8,1,5,60,10,9,1,5,4,5,7,4,4,1,4,5,2,13,1,70,3,10,3,4,7,9,1,8,1,3,,44,16,1,22,9,121.5207509,25.04812738
111,5,3,9,30,2,03中山區,中山區市民高架道與中山北路1段口上方,0,0,1,3,B03,8,1,5,60,10,9,1,5,4,5,7,4,4,1,4,5,2,13,1,63,3,10,3,4,7,9,1,8,1,3,,44,16,1,22,9,121.5207509,25.04812738
111,5,3,9,30,2,03中山區,中山區市民高架道與中山北路1段口上方,0,0,1,4,H02,8,1,5,60,10,9,1,5,4,5,7,4,4,1,4,5,2,13,2,65,2,1,4,5,7,17,8,20,10,16,,67,16,1,22,9,121.5207509,25.04812738
111,5,3,9,30,2,06松山區,松山區濱江街432號,0,0,1,1,A12,6,1,8,50,15,22,1,4,4,5,7,1,1,1,2,4,2,12,1,43,3,10,1,1,7,9,1,3,1,5,,16,16,1,22,9,121.5579509,25.07210865
111,5,3,9,30,2,06松山區,松山區濱江街432號,0,0,1,2,C04,6,1,8,50,15,22,1,4,4,5,7,1,1,1,2,4,2,12,2,29,2,9,1,1,7,14,1,10,1,13,,44,16,1,22,9,121.5579509,25.07210865
111,5,3,10,48,2,07信義區,信義區莊敬路178巷2號前,0,0,1,1,B01,7,1,5,0,14,7,1,4,4,5,7,4,4,9,4,4,2,17,1,52,3,10,1,1,7,11,1,4,1,15,,11,11,1,22,9,121.5612878,25.03133833
111,5,3,10,48,2,07信義區,信義區莊敬路178巷2號前,0,0,1,2,C03,7,1,5,0,14,7,1,4,4,5,7,4,4,9,4,4,2,17,1,30,2,9,1,1,7,9,1,10,1,12,,43,11,1,22,9,121.5612878,25.03133833
111,5,3,11,51,2,09北投區,北投區致遠三路161號,0,0,1,1,C03,7,1,5,30,14,9,1,5,4,3,5,4,4,10,4,5,2,16,1,63,3,10,3,4,7,1,1,10,1,14,,43,43,1,22,9,121.5089487,25.12172205
111,5,3,11,51,2,09北投區,北投區致遠三路161號,0,0,1,2,C03,7,1,5,30,14,9,1,5,4,3,5,4,4,10,4,5,2,16,1,58,2,9,3,4,7,9,1,10,1,12,,43,43,1,22,9,121.5089487,25.12172205
111,5,3,11,57,2,07信義區,信義區永吉路120巷15弄與永吉路120巷口,0,0,1,1,B03,7,1,5,50,3,2,1,4,4,5,7,4,4,8,4,5,2,16,2,39,3,10,1,1,7,13,1,8,1,4,,40,40,1,22,9,121.5703173,25.04504179
111,5,3,11,57,2,07信義區,信義區永吉路120巷15弄與永吉路120巷口,0,0,1,2,C03,7,1,5,50,3,2,1,4,4,5,7,4,4,8,4,5,2,16,2,36,2,9,1,1,7,9,1,10,1,11,,44,40,1,22,9,121.5703173,25.04504179
111,5,3,12,5,2,03中山區,中山區建國北路1段與南京東路3段口,0,0,2,1,C03,8,1,5,50,4,1,1,5,4,5,7,2,1,5,2,5,2,16,1,16,2,9,1,1,7,9,2,18,1,11,,25,25,1,18,9,121.5369624,25.05196624
111,5,3,12,5,2,03中山區,中山區建國北路1段與南京東路3段口,0,0,2,2,C03,8,1,5,50,4,1,1,5,4,5,7,2,1,5,2,5,2,16,2,40,2,9,1,1,7,1,1,10,1,14,,44,25,1,5,3,121.5369624,25.05196624
111,5,3,12,24,2,06松山區,松山區敦化北路與民權東路4段口,0,0,1,1,C03,8,1,5,50,4,1,1,5,4,5,7,2,1,1,2,4,2,12,1,29,2,9,1,1,7,8,1,10,1,12,,7,7,1,22,9,121.5509852,25.06144598
111,5,3,12,24,2,06松山區,松山區敦化北路與民權東路4段口,0,0,1,2,C03,8,1,5,50,4,1,1,5,4,5,7,2,1,1,2,4,2,12,1,21,3,10,1,1,7,9,1,10,1,15,,44,7,1,22,9,121.5509852,25.06144598
111,5,3,12,31,2,08士林區,士林區中山北路6段與中山北路6段728巷口,0,0,1,1,C03,7,1,5,50,4,2,1,5,4,5,7,2,1,1,3,5,1,13,2,49,2,7,1,1,7,9,1,10,1,11,,23,23,1,22,9,121.5278929,25.11521475
111,5,3,12,31,2,08士林區,士林區中山北路6段與中山北路6段728巷口,0,0,1,2,B01,7,1,5,50,4,2,1,5,4,5,7,2,1,1,3,5,1,13,1,54,3,10,1,1,7,14,1,8,1,3,,38,23,1,22,9,121.5278929,25.11521475
111,5,3,12,40,2,12內湖區,內湖區康樂街130號前,0,0,1,1,C03,7,1,5,50,14,9,1,5,4,5,7,4,4,5,5,5,2,17,2,24,2,5,1,1,7,9,1,10,1,14,,43,43,1,22,9,121.6192318,25.07164304
111,5,3,12,40,2,12內湖區,內湖區康樂街130號前,0,0,1,2,,7,1,5,50,14,9,1,5,4,5,7,4,4,5,5,5,2,17,4,,4,11,3,4,7,15,7,19,11,15,,43,43,2,22,9,121.6192318,25.07164304
111,5,3,12,46,2,07信義區,信義區基隆路1段與松壽路口,0,0,1,1,B01,7,1,5,50,4,1,1,5,4,5,7,1,1,1,4,5,2,12,1,53,3,10,1,1,7,6,1,4,1,6,,43,43,1,22,9,121.5614894,25.0359413
111,5,3,12,46,2,07信義區,信義區基隆路1段與松壽路口,0,0,1,2,C03,7,1,5,50,4,1,1,5,4,5,7,1,1,1,4,5,2,12,1,22,2,8,1,1,7,9,1,10,1,14,,43,43,1,22,9,121.5614894,25.0359413
111,5,3,13,0,2,09北投區,北投區吉利街280巷與吉利街280巷27弄口,0,0,1,1,B03,7,1,5,30,4,1,1,5,4,5,7,4,4,10,5,5,2,15,1,51,3,10,1,1,7,9,1,8,1,1,,44,44,1,22,9,121.5104074,25.1176685
111,5,3,13,0,2,09北投區,北投區吉利街280巷與吉利街280巷27弄口,0,0,1,2,C03,7,1,5,30,4,1,1,5,4,5,7,4,4,10,5,5,2,15,2,23,2,8,1,1,7,9,1,10,1,12,,2,44,1,22,9,121.5104074,25.1176685
111,5,3,13,13,2,01大同區,大同區鄭州路與塔城街口,0,0,1,1,C03,8,1,5,40,4,2,1,5,4,5,7,2,1,1,3,4,1,12,1,38,3,10,1,1,7,7,1,10,1,14,,7,7,1,22,9,121.5105987,25.05026841
111,5,3,13,13,2,01大同區,大同區鄭州路與塔城街口,0,0,1,2,C03,8,1,5,40,4,2,1,5,4,5,7,2,1,1,3,4,1,12,1,21,2,9,1,1,7,9,1,10,1,12,,16,7,1,22,9,121.5105987,25.05026841
111,5,3,13,22,2,12內湖區,內湖區民權東路6段280巷與康寧路3段26巷口,0,0,1,1,B03,8,1,5,30,3,2,1,5,4,5,7,4,4,10,5,5,2,11,1,53,3,10,1,1,7,6,1,8,1,8,,9,9,1,22,9,121.607049,25.07077097
111,5,3,13,22,2,12內湖區,內湖區民權東路6段280巷與康寧路3段26巷口,0,0,1,2,C03,8,1,5,30,3,2,1,5,4,5,7,4,4,10,5,5,2,11,1,52,2,9,1,1,7,9,1,10,1,14,,23,9,1,22,9,121.607049,25.07077097
111,5,3,13,24,2,03中山區,中山區一江街與南京東路2段口,0,0,1,1,C03,7,1,5,50,4,1,1,5,4,5,7,1,1,1,4,4,2,13,1,34,2,9,1,1,7,9,1,10,1,14,,16,16,1,22,9,121.5314853,25.0521089
111,5,3,13,24,2,03中山區,中山區一江街與南京東路2段口,0,0,1,2,B12,7,1,5,50,4,1,1,5,4,5,7,1,1,1,4,4,2,13,1,45,3,10,1,1,7,9,1,8,1,3,,13,16,1,22,9,121.5314853,25.0521089
111,5,3,13,24,2,03中山區,中山區一江街與南京東路2段口,0,0,1,3,B01,7,1,5,50,4,1,1,5,4,5,7,1,1,1,4,4,2,13,1,67,3,10,1,1,7,8,1,4,11,15,,7,16,1,22,9,121.5314853,25.0521089
111,5,3,13,30,2,09北投區,北投區中央北路4段與中央北路4段316巷口,0,0,1,1,B03,7,1,5,50,3,2,1,5,4,5,7,1,1,5,4,5,2,13,2,36,3,10,3,4,7,9,1,8,1,5,,23,23,1,22,9,121.4728032,25.13095688
111,5,3,13,30,2,09北投區,北投區中央北路4段與中央北路4段316巷口,0,0,1,2,C03,7,1,5,50,3,2,1,5,4,5,7,1,1,5,4,5,2,13,1,47,2,8,1,1,7,14,1,10,1,13,,44,23,1,22,9,121.4728032,25.13095688
111,5,3,13,38,2,10文山區,文山區景興路與景華街口,0,0,2,1,C03,6,1,5,50,4,1,1,4,4,5,7,1,1,1,4,5,2,17,1,27,2,9,1,1,7,9,1,10,1,14,,44,44,1,22,9,121.5446781,24.99512149
111,5,3,13,38,2,10文山區,文山區景興路與景華街口,0,0,2,2,C03,6,1,5,50,4,1,1,4,4,5,7,1,1,1,4,5,2,17,2,45,2,8,1,1,7,5,1,10,1,13,,6,44,1,22,9,121.5446781,24.99512149
111,5,3,13,49,2,09北投區,北投區大度路3段與關渡路口,0,0,1,1,B03,7,1,5,50,3,1,1,5,4,5,7,1,1,3,4,5,2,16,1,29,3,10,1,1,7,6,1,8,1,2,,9,9,1,22,9,121.4695228,25.1228938
111,5,3,13,49,2,09北投區,北投區大度路3段與關渡路口,0,0,1,2,C03,7,1,5,50,3,1,1,5,4,5,7,1,1,3,4,5,2,16,1,57,2,9,1,1,7,9,1,10,1,11,,13,9,1,22,9,121.4695228,25.1228938
111,5,3,14,17,2,05中正區,中正區羅斯福路1段與林森南路口,0,0,1,1,C03,7,1,5,30,5,1,1,5,4,5,7,2,1,10,4,4,1,15,2,63,3,10,1,1,7,9,1,10,2,13,,6,6,1,22,9,121.5182457,25.0330434
111,5,3,14,17,2,05中正區,中正區羅斯福路1段與林森南路口,0,0,1,2,C03,7,1,5,30,5,1,1,5,4,5,7,2,1,10,4,4,1,15,1,20,2,9,1,1,7,9,1,10,2,11,,13,6,1,22,9,121.5182457,25.0330434
111,5,3,14,20,2,10文山區,文山區基隆路4段與汀州路4段口,0,0,2,1,G06,7,1,5,50,5,2,1,5,4,5,7,1,1,5,2,5,2,16,2,60,2,9,4,4,7,7,7,19,1,15,,7,7,1,22,9,121.5364261,25.0108145
111,5,3,14,20,2,10文山區,文山區基隆路4段與汀州路4段口,0,0,2,2,C03,7,1,5,50,5,2,1,5,4,5,7,1,1,5,2,5,2,16,1,64,2,9,1,1,7,5,1,10,1,14,,44,7,1,22,9,121.5364261,25.0108145
111,5,3,14,20,2,10文山區,文山區基隆路4段與汀州路4段口,0,0,2,3,B12,7,1,5,50,5,2,1,5,4,5,7,1,1,5,2,5,2,16,1,30,3,10,1,1,7,6,1,8,1,15,,44,7,1,22,9,121.5364261,25.0108145
111,5,3,14,22,2,01大同區,大同區市民大道1段(Y1出口旁),0,0,1,1,B03,7,1,5,40,14,9,1,5,4,5,7,4,4,1,4,5,2,17,1,38,3,10,3,4,7,11,1,8,1,15,,10,10,1,22,9,121.5188093,25.04862162
111,5,3,14,22,2,01大同區,大同區市民大道1段(Y1出口旁),0,0,1,2,C03,7,1,5,40,14,9,1,5,4,5,7,4,4,1,4,5,2,17,1,19,2,9,3,4,7,9,1,10,1,11,,44,10,1,22,9,121.5188093,25.04862162
111,5,3,14,22,2,01大同區,大同區市民大道1段(Y1出口旁),0,0,1,3,C03,7,1,5,40,14,9,1,5,4,5,7,4,4,1,4,5,2,17,1,29,3,10,3,4,7,14,1,10,1,13,,44,10,1,22,9,121.5188093,25.04862162
111,5,3,14,40,2,04大安區,大安區辛亥路3段與辛亥路3段21巷口,0,0,1,1,C03,7,1,5,30,3,1,1,5,4,5,7,4,4,5,5,5,2,16,1,40,3,10,3,4,7,9,1,10,1,11,,6,6,1,22,9,121.5444475,25.0215032
111,5,3,14,40,2,04大安區,大安區辛亥路3段與辛亥路3段21巷口,0,0,1,2,F03,7,1,5,30,3,1,1,5,4,5,7,4,4,5,5,5,2,16,2,74,2,8,3,4,7,9,8,20,1,16,,26,6,1,22,9,121.5444475,25.0215032
111,5,3,14,50,2,07信義區,信義區東興路45號,0,0,1,1,B01,7,1,5,50,14,9,1,5,4,5,7,4,4,8,3,5,2,17,1,56,3,10,1,1,7,14,1,4,1,4,,43,43,1,22,9,121.5662878,25.0478569
111,5,3,14,50,2,07信義區,信義區東興路45號,0,0,1,2,F01,7,1,5,50,14,9,1,5,4,5,7,4,4,8,3,5,2,17,2,64,2,9,1,1,7,9,8,20,1,16,,43,43,1,22,9,121.5662878,25.0478569
111,5,3,14,52,2,04大安區,大安區市民大道3段206號,0,0,3,1,C03,7,1,5,40,14,9,1,5,4,5,7,4,4,1,4,5,2,13,1,30,2,9,1,1,7,9,1,10,1,11,,16,16,1,22,9,121.5396414,25.04451231
111,5,3,14,52,2,04大安區,大安區市民大道3段206號,0,0,3,2,C03,7,1,5,40,14,9,1,5,4,5,7,4,4,1,4,5,2,13,1,28,2,9,1,1,7,9,1,10,1,11,,16,16,1,22,9,121.5396414,25.04451231
111,5,3,14,52,2,04大安區,大安區市民大道3段206號,0,0,3,3,C01,7,1,5,40,14,9,1,5,4,5,7,4,4,1,4,5,2,13,1,41,2,9,1,1,7,9,1,10,1,13,,44,16,1,22,9,121.5396414,25.04451231
111,5,3,14,54,2,07信義區,信義區基隆路車行地下道往北,0,0,1,1,B03,6,1,5,50,7,9,1,4,4,5,7,4,4,10,1,5,1,13,1,30,3,10,1,1,7,9,1,8,1,1,,42,42,1,22,9,121.5653575,25.04278177
111,5,3,14,54,2,07信義區,信義區基隆路車行地下道往北,0,0,1,2,B03,6,1,5,50,7,9,1,4,4,5,7,4,4,10,1,5,1,13,2,48,2,2,1,1,7,9,1,8,1,3,,44,42,1,22,9,121.5653575,25.04278177
111,5,3,15,21,2,04大安區,大安區忠孝東路4段181巷與忠孝東路4段口,0,0,1,1,B03,7,1,5,50,3,1,1,5,4,5,7,2,1,1,4,5,2,12,2,44,3,10,1,1,7,8,1,8,1,5,,7,7,1,22,9,121.5507625,25.04154837
111,5,3,15,21,2,04大安區,大安區忠孝東路4段181巷與忠孝東路4段口,0,0,1,2,C03,7,1,5,50,3,1,1,5,4,5,7,2,1,1,4,5,2,12,1,48,2,8,1,1,7,9,6,10,1,14,,44,7,1,22,9,121.5507625,25.04154837
111,5,3,16,24,2,06松山區,松山區八德路4段與東興路口,0,0,1,1,B03,8,1,5,50,4,1,1,5,4,5,7,1,1,9,4,5,2,11,2,78,3,10,1,1,7,5,1,8,2,5,,6,6,1,22,9,121.5655303,25.0489607
111,5,3,16,24,2,06松山區,松山區八德路4段與東興路口,0,0,1,2,C02,8,1,5,50,4,1,1,5,4,5,7,1,1,9,4,5,2,11,1,48,2,9,1,1,7,9,1,9,2,11,,44,6,1,22,9,121.5655303,25.0489607
111,5,3,16,30,2,10文山區,文山區秀明路1段82號,0,0,1,1,B03,6,1,5,50,14,8,1,4,4,5,7,4,4,7,4,4,2,17,1,63,3,10,1,1,7,15,1,8,1,4,,43,43,1,22,9,121.5663291,24.99045448
111,5,3,16,30,2,10文山區,文山區秀明路1段82號,0,0,1,2,F01,6,1,5,50,14,8,1,4,4,5,7,4,4,7,4,4,2,17,1,61,2,9,1,1,7,9,8,20,1,16,,43,43,1,22,9,121.5663291,24.99045448
111,5,3,17,16,2,08士林區,士林區福林路246-2號,0,0,1,1,C03,7,1,5,50,14,9,1,5,4,5,7,4,4,9,4,5,1,17,1,36,2,9,1,1,7,9,1,10,2,15,,13,13,1,22,9,121.5341442,25.0977467
111,5,3,17,16,2,08士林區,士林區福林路246-2號,0,0,1,2,B03,7,1,5,50,14,9,1,5,4,5,7,4,4,9,4,5,1,17,1,48,3,10,1,1,7,8,1,8,2,15,,7,13,1,22,9,121.5341442,25.0977467
111,5,3,17,20,2,09北投區,北投區承德路7段與石牌路1段口,0,0,2,2,C03,7,1,5,60,4,1,1,5,4,5,7,2,1,3,4,4,1,12,1,27,2,9,1,1,7,9,1,10,1,14,,44,7,1,22,9,121.509162,25.11239801
111,5,3,17,20,2,09北投區,北投區承德路7段與石牌路1段口,0,0,2,1,C03,7,1,5,60,4,1,1,5,4,5,7,2,1,3,4,4,1,12,1,19,2,9,1,1,7,8,1,10,1,12,,7,7,1,22,9,121.509162,25.11239801
111,5,3,17,23,2,12內湖區,內湖區潭美街與成功路2段口,0,0,1,1,B03,7,1,5,40,3,2,1,5,4,5,7,1,1,5,5,5,2,13,2,56,3,10,1,1,7,1,1,8,1,1,,23,23,1,22,9,121.5913214,25.05972046
111,5,3,17,23,2,12內湖區,內湖區潭美街與成功路2段口,0,0,1,2,C03,7,1,5,40,3,2,1,5,4,5,7,1,1,5,5,5,2,13,1,18,2,8,1,1,7,14,1,10,1,13,,44,23,1,22,9,121.5913214,25.05972046
111,5,3,17,55,2,11南港區,南港區忠孝東路5段與中坡北路口,0,0,1,1,C03,7,3,5,50,4,1,1,5,4,5,7,1,1,1,4,5,2,17,2,18,3,10,1,1,7,8,1,10,1,15,,7,7,1,22,9,121.5819144,25.04426259
111,5,3,17,55,2,11南港區,南港區忠孝東路5段與中坡北路口,0,0,1,2,C03,7,3,5,50,4,1,1,5,4,5,7,1,1,1,4,5,2,17,1,30,2,8,1,1,7,9,1,10,1,12,,44,7,1,22,9,121.5819144,25.04426259
111,5,3,17,55,2,11南港區,南港區忠孝東路5段與中坡北路口,0,0,1,3,C03,7,3,5,50,4,1,1,5,4,5,7,1,1,1,4,5,2,17,1,52,3,10,1,1,7,9,1,10,1,14,,44,7,1,22,9,121.5819144,25.04426259
111,5,3,18,17,2,02萬華區,萬華區桂林路與康定路口,0,0,2,1,C03,8,1,5,50,4,1,1,5,4,5,7,1,1,10,5,5,2,17,2,28,2,9,3,4,7,7,1,10,1,14,,7,7,1,22,9,121.5017641,25.03830267
111,5,3,18,17,2,02萬華區,萬華區桂林路與康定路口,0,0,2,2,C03,8,1,5,50,4,1,1,5,4,5,7,1,1,10,5,5,2,17,2,57,2,7,3,4,7,9,1,10,1,11,,44,7,1,22,9,121.5017641,25.03830267
111,5,3,18,41,2,05中正區,中正區開封街1段與博愛路口,0,0,2,1,C03,7,3,5,50,4,2,1,5,4,5,7,1,1,9,4,5,2,17,2,23,2,9,1,1,7,7,1,10,1,14,,7,7,1,22,9,121.511149,25.04597403
111,5,3,18,41,2,05中正區,中正區開封街1段與博愛路口,0,0,2,2,C03,7,3,5,50,4,2,1,5,4,5,7,1,1,9,4,5,2,17,1,29,2,9,1,1,7,9,1,10,1,12,,17,7,1,22,9,121.511149,25.04597403
111,5,3,19,52,2,01大同區,大同區民權西路191號,0,0,1,2,C03,8,3,5,50,14,9,1,5,4,5,7,4,4,9,4,5,2,17,1,29,2,9,1,1,7,9,1,10,1,12,,44,43,1,22,9,121.5155896,25.06306574
111,5,3,19,52,2,01大同區,大同區民權西路191號,0,0,1,1,B03,8,3,5,50,14,9,1,5,4,5,7,4,4,9,4,5,2,17,4,,4,11,3,4,7,15,7,19,11,15,,43,43,2,22,9,121.5155896,25.06306574
111,5,3,19,53,2,12內湖區,內湖區港墘路與港華街口,0,0,1,1,B03,7,3,5,50,4,1,1,5,4,5,7,1,1,1,5,5,2,2,2,71,3,10,1,1,7,5,1,8,1,1,,15,15,1,22,9,121.5781762,25.0821888
111,5,3,19,53,2,12內湖區,內湖區港墘路與港華街口,0,0,1,2,H01,7,3,5,50,4,1,1,5,4,5,7,1,1,1,5,5,2,2,2,60,2,9,4,5,8,16,8,20,10,16,,67,15,1,22,9,121.5781762,25.0821888
111,5,3,20,38,2,08士林區,士林區承德路4段177號,0,0,2,3,H02,7,3,5,50,14,9,1,5,4,5,7,1,1,1,4,5,2,17,2,19,2,9,1,5,7,20,8,20,10,16,,67,23,1,22,9,121.5231124,25.08639494
111,5,3,20,38,2,08士林區,士林區承德路4段177號,0,0,2,1,C03,7,3,5,50,14,9,1,5,4,5,7,1,1,1,4,5,2,17,2,20,2,9,1,1,7,9,1,10,1,12,,23,23,1,22,9,121.5231124,25.08639494
111,5,3,20,38,2,08士林區,士林區承德路4段177號,0,0,2,2,C03,7,3,5,50,14,9,1,5,4,5,7,1,1,1,4,5,2,17,1,21,3,10,1,1,7,14,1,10,1,14,,44,23,1,22,9,121.5231124,25.08639494
111,5,3,20,57,2,11南港區,南港區玉成街與市民大道7段口,0,0,1,2,C03,8,3,5,30,4,1,1,5,4,5,7,2,1,5,4,5,2,16,1,27,2,7,1,1,7,9,1,10,1,11,,13,10,1,23,8,121.5814055,25.04905363
111,5,3,20,57,2,11南港區,南港區玉成街與市民大道7段口,0,0,1,1,B03,8,3,5,30,4,1,1,5,4,5,7,2,1,5,4,5,2,16,1,53,3,10,1,1,7,11,1,8,2,8,,10,10,1,21,8,121.5814055,25.04905363
111,5,3,21,0,2,07信義區,信義區松仁路220號,0,0,1,1,H01,8,3,5,50,14,9,1,5,4,5,7,4,4,9,4,5,2,3,2,83,2,9,4,5,8,16,8,20,10,16,,67,67,1,22,9,121.5684782,25.02646611
111,5,3,21,0,2,07信義區,信義區松仁路220號,0,0,1,2,F03,8,3,5,50,14,9,1,5,4,5,7,4,4,9,4,5,2,3,1,48,3,10,1,1,7,9,8,20,1,16,,23,67,1,22,9,121.5684782,25.02646611
111,5,3,21,17,2,03中山區,中山區市民大道2段與林森北路口,0,0,2,1,C03,7,3,5,40,4,1,1,5,4,5,7,1,1,1,4,5,2,17,1,51,2,7,1,1,7,5,1,10,2,11,,8,8,1,22,9,121.524204,25.04807092