發生年度,發生月,發生日,發生時-Hours,發生分,處理別-編號,區序,肇事地點,死亡人數,2-30日死亡人數,受傷人數,當事人序號,車種,天候,光線,道路類別,速限-速度限制,道路型態,事故位置,路面狀況1,路面狀況2,路面狀況3,道路障礙1,道路障礙2,號誌1,號誌2,車道劃分-分向,車道劃分-分道1,車道劃分-分道2,車道劃分-分道3,事故類型及型態,性別,年齡,受傷程度,主要傷處,安全帽,行動電話,車輛用途,當事者行動狀態,駕駛資格情形,駕駛執照種類,飲酒情形,車輛撞擊部位1,車輛撞擊部位2,肇因碼-個別,肇因碼-主要,個人肇逃否,職業,旅次目的,座標-X,座標-Y
111,5,3,21,17,2,03中山區,中山區市民大道2段與林森北路口,0,0,2,2,C03,7,3,5,40,4,1,1,5,4,5,7,1,1,1,4,5,2,17,2,24,2,2,1,1,7,9,1,10,2,11,,44,8,1,22,9,121.524204,25.04807092
111,5,3,21,37,2,02萬華區,萬華區青年路52號,0,0,1,1,,7,3,5,30,14,9,1,5,4,5,7,1,1,9,5,5,2,27,3,,,,,,,,,,,,,66,66,1,,,121.5036857,25.02512572
111,5,3,21,37,2,02萬華區,萬華區青年路52號,0,0,1,2,C03,7,3,5,30,14,9,1,5,4,5,7,1,1,9,5,5,2,27,2,44,2,9,1,1,7,9,1,10,1,11,,44,66,1,22,9,121.5036857,25.02512572
111,5,3,21,47,2,08士林區,士林區百齡橋與大南路口引道,0,0,1,1,B03,8,1,5,50,5,1,1,5,4,5,7,4,4,1,4,5,2,16,2,44,3,10,3,4,7,8,1,8,2,5,,7,7,1,22,9,121.5160667,25.09053813
111,5,3,21,47,2,08士林區,士林區百齡橋與大南路口引道,0,0,1,2,C03,8,1,5,50,5,1,1,5,4,5,7,4,4,1,4,5,2,16,2,22,2,9,3,4,7,9,1,10,2,14,,44,7,1,22,9,121.5160667,25.09053813
111,5,3,22,16,2,02萬華區,萬華區內江街與昆明街口,0,0,1,1,B01,7,3,5,50,4,1,1,5,4,5,7,2,1,10,4,5,2,3,1,60,3,10,1,1,7,5,1,4,1,1,,15,15,1,22,9,121.5045413,25.04160613
111,5,3,22,16,2,02萬華區,萬華區內江街與昆明街口,0,0,1,2,H01,7,3,5,50,4,1,1,5,4,5,7,2,1,10,4,5,2,3,2,28,2,9,4,5,8,16,8,20,10,16,,67,15,1,22,9,121.5045413,25.04160613
111,5,3,22,21,2,04大安區,大安區市民大道3段與新生北路1段口,0,0,1,1,B03,7,3,5,50,4,1,1,5,4,5,7,2,1,1,4,5,2,12,1,38,3,10,1,1,7,6,1,8,2,5,,43,43,1,21,8,121.5330813,25.04525587
111,5,3,22,21,2,04大安區,大安區市民大道3段與新生北路1段口,0,0,1,2,C04,7,3,5,50,4,1,1,5,4,5,7,2,1,1,4,5,2,12,2,22,2,9,1,1,7,9,1,10,2,11,,43,43,1,21,8,121.5330813,25.04525587
111,5,3,22,22,2,01大同區,大同區承德路2段與民生西路口,0,0,1,1,B03,8,3,5,50,4,1,1,5,4,5,7,2,1,9,4,5,2,16,1,51,3,10,1,1,7,5,1,8,2,2,,6,6,1,22,9,121.5181663,25.05734844
111,5,3,22,22,2,01大同區,大同區承德路2段與民生西路口,0,0,1,2,C03,8,3,5,50,4,1,1,5,4,5,7,2,1,9,4,5,2,16,1,21,2,9,1,1,7,9,1,10,2,11,,44,6,1,22,9,121.5181663,25.05734844
111,5,3,22,23,2,11南港區,南港區市民大道7段與向陽路口,0,0,1,1,C05,6,3,5,50,4,1,1,4,4,5,7,2,1,1,3,5,2,16,2,21,2,8,3,4,7,5,1,10,1,11,,8,8,1,22,9,121.595462,25.0514922
111,5,3,22,23,2,11南港區,南港區市民大道7段與向陽路口,0,0,1,2,B01,6,3,5,50,4,1,1,4,4,5,7,2,1,1,3,5,2,16,1,56,3,10,3,4,7,9,1,4,1,8,,44,8,1,22,9,121.595462,25.0514922
111,5,3,22,30,2,07信義區,信義區信義路5段與基隆路1段口,0,0,1,1,B03,6,3,5,50,4,2,1,4,4,5,7,1,1,10,4,5,2,12,1,56,3,10,1,1,7,9,1,8,2,4,,42,42,1,22,9,121.5598048,25.03329756
111,5,3,22,30,2,07信義區,信義區信義路5段與基隆路1段口,0,0,1,2,C03,6,3,5,50,4,2,1,4,4,5,7,1,1,10,4,5,2,12,1,31,2,9,1,1,7,9,1,10,2,12,,44,42,1,22,9,121.5598048,25.03329756
111,5,3,22,40,2,08士林區,士林區承德路4段6巷與承德路4段口,0,0,1,1,C03,7,3,5,30,4,1,1,5,4,5,7,4,4,10,5,5,2,15,2,20,2,8,1,1,7,9,1,10,1,12,,6,6,1,22,9,121.5213915,25.07909562
111,5,3,22,40,2,08士林區,士林區承德路4段6巷與承德路4段口,0,0,1,2,B03,7,3,5,30,4,1,1,5,4,5,7,4,4,10,5,5,2,15,2,53,3,10,1,1,7,9,1,8,1,1,,23,6,1,22,9,121.5213915,25.07909562
111,5,4,7,20,2,04大安區,大安區仁愛路4段91巷與仁愛路4段71巷口,0,0,1,1,B01,7,1,5,30,4,1,1,5,4,5,7,4,4,10,4,5,2,17,1,59,3,10,1,1,7,9,1,4,1,15,,6,6,1,22,9,121.5471114,25.03861714
111,5,4,7,20,2,04大安區,大安區仁愛路4段91巷與仁愛路4段71巷口,0,0,1,2,C03,7,1,5,30,4,1,1,5,4,5,7,4,4,10,4,5,2,17,2,27,2,9,1,1,7,9,1,10,1,15,,13,6,1,22,9,121.5471114,25.03861714
111,5,4,7,22,2,07信義區,信義區基隆路2段與嘉興街216巷口,0,0,1,2,,7,1,5,50,4,2,1,4,4,5,7,2,1,1,4,5,2,18,3,,,,,,,,,,,,,67,42,1,,,121.5560927,25.02750498
111,5,4,7,22,2,07信義區,信義區基隆路2段與嘉興街216巷口,0,0,1,1,C03,7,1,5,50,4,2,1,4,4,5,7,2,1,1,4,5,2,18,1,26,2,9,1,1,7,9,1,10,1,14,,42,42,1,21,8,121.5560927,25.02750498
111,5,4,7,23,2,10文山區,文山區木柵路1段233號,0,0,1,1,C03,6,1,5,50,14,9,1,4,4,5,7,4,4,4,3,5,2,17,1,38,2,9,3,4,7,9,1,10,1,14,,42,42,1,22,9,121.5521434,24.98777292
111,5,4,7,23,2,10文山區,文山區木柵路1段233號,0,0,1,2,B02,6,1,5,50,14,9,1,4,4,5,7,4,4,4,3,5,2,17,2,39,3,10,3,4,7,7,1,8,1,15,,7,42,1,22,9,121.5521434,24.98777292
111,5,4,7,25,2,05中正區,中正區市民大道2段與林森北路口,0,0,1,1,C03,7,1,5,40,4,1,1,4,4,5,7,1,1,1,4,5,2,17,1,43,3,10,1,1,7,15,1,10,2,13,,27,27,1,22,9,121.5240941,25.0476723
111,5,4,7,25,2,05中正區,中正區市民大道2段與林森北路口,0,0,1,2,C03,7,1,5,40,4,1,1,4,4,5,7,1,1,1,4,5,2,17,1,28,2,9,1,1,7,9,1,10,2,12,,13,27,1,22,9,121.5240941,25.0476723
111,5,4,7,40,1,09北投區,北投區大度路1段014號燈桿,1,0,0,1,C03,8,1,5,50,14,12,1,5,4,5,7,4,4,1,4,3,1,23,2,59,1,1,1,4,7,9,1,10,9,11,,42,42,1,22,9,121.4943639,25.12165901
111,5,4,7,40,1,09北投區,北投區大度路1段014號燈桿,1,0,0,2,,8,1,5,50,14,12,1,5,4,5,7,4,4,1,4,3,1,23,3,,,,,,,,,,,,,67,42,1,,,121.4943639,25.12165901
111,5,4,7,41,2,01大同區,大同區延平北路2段210巷與民樂街口,0,0,2,1,C03,6,1,5,30,4,1,1,4,4,5,7,4,4,10,5,5,2,15,2,37,2,9,3,4,7,9,1,10,1,11,,43,43,1,22,9,121.5106381,25.05919984
111,5,4,7,41,2,01大同區,大同區延平北路2段210巷與民樂街口,0,0,2,2,C03,6,1,5,30,4,1,1,4,4,5,7,4,4,10,5,5,2,15,1,68,2,8,3,4,7,9,1,10,1,11,,43,43,1,22,9,121.5106381,25.05919984
111,5,4,7,48,2,04大安區,大安區延吉街252巷與延吉街口,0,0,1,1,B03,7,1,5,50,4,1,1,4,4,5,7,4,4,9,5,5,2,12,2,38,3,10,1,1,7,6,1,8,2,2,,9,9,1,22,9,121.5563267,25.0346192
111,5,4,7,48,2,04大安區,大安區延吉街252巷與延吉街口,0,0,1,2,C03,7,1,5,50,4,1,1,4,4,5,7,4,4,9,5,5,2,12,1,31,2,9,1,1,7,9,1,10,2,14,,44,9,1,22,9,121.5563267,25.0346192
111,5,4,7,49,2,08士林區,士林區前港街與後港街口,0,0,1,1,F03,7,1,5,30,4,1,1,5,4,5,7,4,4,9,5,5,2,15,2,65,2,9,1,1,7,9,8,20,1,16,,6,6,1,22,9,121.5213599,25.0847471
111,5,4,7,49,2,08士林區,士林區前港街與後港街口,0,0,1,2,B03,7,1,5,30,4,1,1,5,4,5,7,4,4,9,5,5,2,15,2,42,3,10,1,1,7,9,1,8,1,8,,44,6,1,22,9,121.5213599,25.0847471
111,5,4,8,0,2,03中山區,中山區中山北路2段與中山北路2段116巷口,0,0,1,1,C03,7,1,5,50,3,1,1,5,4,5,7,4,4,5,4,5,2,17,1,41,3,10,3,4,7,6,1,9,1,15,,44,44,1,22,9,121.5228335,25.06101161
111,5,4,8,0,2,03中山區,中山區中山北路2段與中山北路2段116巷口,0,0,1,2,C03,7,1,5,50,3,1,1,5,4,5,7,4,4,5,4,5,2,17,2,27,2,9,3,4,7,9,1,10,1,14,,42,44,1,22,9,121.5228335,25.06101161
111,5,4,8,15,2,10文山區,文山區景華街99號,0,0,1,1,F03,7,1,5,30,14,9,1,5,4,5,7,4,4,10,5,5,2,17,2,50,3,10,1,1,7,11,8,20,1,15,15,10,10,1,22,9,121.5466107,24.99561277
111,5,4,8,15,2,10文山區,文山區景華街99號,0,0,1,2,C03,7,1,5,30,14,9,1,5,4,5,7,4,4,10,5,5,2,17,2,22,2,9,1,1,7,9,1,10,1,11,12,23,10,1,22,9,121.5466107,24.99561277
111,5,4,8,23,2,12內湖區,內湖區陽光街與文德路66巷口,0,0,1,1,B03,7,1,5,50,3,1,1,5,4,5,7,4,4,5,4,5,1,17,1,43,3,10,1,1,7,6,1,8,1,5,,9,9,1,22,9,121.5824721,25.07500811
111,5,4,8,23,2,12內湖區,內湖區陽光街與文德路66巷口,0,0,1,2,C03,7,1,5,50,3,1,1,5,4,5,7,4,4,5,4,5,1,17,2,42,2,9,1,1,7,9,1,10,1,14,,44,9,1,22,9,121.5824721,25.07500811
111,5,4,8,25,2,08士林區,士林區福林路與中正路口,0,0,1,1,B03,7,1,5,50,5,1,1,5,4,5,7,2,1,1,4,5,2,12,1,40,3,10,1,1,7,6,1,8,1,5,,9,9,1,22,9,121.53197,25.09637157
111,5,4,8,25,2,08士林區,士林區福林路與中正路口,0,0,1,2,C03,7,1,5,50,5,1,1,5,4,5,7,2,1,1,4,5,2,12,2,18,2,9,1,1,7,9,1,10,1,14,,23,9,1,22,9,121.53197,25.09637157
111,5,4,8,30,2,07信義區,信義區福德街268巷與福德街268巷29弄口口,0,0,2,1,C03,8,1,5,30,4,1,1,4,4,5,7,4,4,5,5,5,2,15,2,57,2,9,1,1,7,9,1,10,1,12,,6,6,1,21,8,121.5855848,25.0401138
111,5,4,8,30,2,07信義區,信義區福德街268巷與福德街268巷29弄口口,0,0,2,2,C03,8,1,5,30,4,1,1,4,4,5,7,4,4,5,5,5,2,15,2,25,2,9,1,1,7,9,1,10,1,11,,6,6,1,21,8,121.5855848,25.0401138
111,5,4,8,33,2,01大同區,大同區昌吉街206號,0,0,2,2,C03,7,1,5,50,14,9,1,5,4,5,7,4,4,5,5,5,2,17,2,34,2,9,3,4,7,12,1,10,1,13,,44,23,1,22,9,121.5114034,25.06590078
111,5,4,8,33,2,01大同區,大同區昌吉街206號,0,0,2,1,C03,7,1,5,50,14,9,1,5,4,5,7,4,4,5,5,5,2,17,2,48,4,11,3,4,7,15,7,19,11,15,,23,23,2,22,9,121.5114034,25.06590078
111,5,4,8,33,2,01大同區,大同區昌吉街206號,0,0,2,3,C03,7,1,5,50,14,9,1,5,4,5,7,4,4,5,5,5,2,17,1,23,2,8,3,4,7,9,1,10,1,11,,16,23,1,22,9,121.5114034,25.06590078
111,5,4,8,39,2,10文山區,文山區忠順街1段48巷與忠順街1段48巷5弄口,0,0,1,1,B03,7,1,5,30,14,9,1,4,4,5,7,4,4,10,5,5,2,16,2,42,3,10,1,1,7,9,1,8,2,1,8,6,6,1,22,9,121.5601399,24.98370964
111,5,4,8,39,2,10文山區,文山區忠順街1段48巷與忠順街1段48巷5弄口,0,0,1,2,C03,7,1,5,30,14,9,1,4,4,5,7,4,4,10,5,5,2,16,1,75,2,9,1,1,7,9,1,10,2,11,14,23,6,1,22,9,121.5601399,24.98370964
111,5,4,8,39,2,10文山區,文山區忠順街1段48巷與忠順街1段48巷5弄口,0,0,1,3,B03,7,1,5,30,14,9,1,4,4,5,7,4,4,10,5,5,2,16,2,61,3,10,1,1,7,9,1,8,2,4,,14,6,1,22,9,121.5601399,24.98370964
111,5,4,8,47,2,03中山區,中山區樂群三路301號,0,0,1,1,B03,8,1,5,50,14,9,1,5,4,5,7,4,4,9,5,5,2,16,1,55,3,10,1,1,7,6,1,8,1,5,,9,9,1,22,9,121.5600334,25.08259411
111,5,4,8,47,2,03中山區,中山區樂群三路301號,0,0,1,2,C03,8,1,5,50,14,9,1,5,4,5,7,4,4,9,5,5,2,16,1,41,2,9,1,1,7,9,1,10,1,14,,44,9,1,22,9,121.5600334,25.08259411
111,5,4,8,55,2,07信義區,信義區松仁路105號,0,0,1,2,C03,7,1,5,50,14,9,1,5,4,5,7,1,1,2,4,5,2,17,2,36,2,9,1,1,7,9,1,10,1,15,,43,43,1,22,9,121.5684897,25.03532996
111,5,4,8,55,2,07信義區,信義區松仁路105號,0,0,1,1,B01,7,1,5,50,14,9,1,5,4,5,7,1,1,2,4,5,2,17,1,56,3,10,1,1,7,8,1,4,11,15,,43,43,1,22,9,121.5684897,25.03532996
111,5,4,9,3,2,04大安區,大安區延吉街58-4號,0,0,1,1,C03,7,1,5,30,14,9,1,5,4,5,7,4,4,10,4,5,2,16,2,25,2,9,1,1,7,15,1,10,1,14,,43,43,1,22,9,121.5535042,25.04404483
111,5,4,9,3,2,04大安區,大安區延吉街58-4號,0,0,1,2,B01,7,1,5,30,14,9,1,5,4,5,7,4,4,10,4,5,2,16,1,57,3,10,1,1,7,9,1,4,1,1,,43,43,1,22,9,121.5535042,25.04404483
111,5,4,9,13,2,11南港區,南港區市民大道8段與中南街口,0,0,1,1,B01,7,1,5,50,4,1,1,5,4,4,6,2,1,1,4,5,2,12,1,37,3,10,3,4,7,6,1,8,2,2,,9,9,1,22,9,121.6152412,25.05424145
111,5,4,9,13,2,11南港區,南港區市民大道8段與中南街口,0,0,1,2,C03,7,1,5,50,4,1,1,5,4,4,6,2,1,1,4,5,2,12,1,24,2,9,1,1,7,9,1,10,2,14,,44,9,1,22,9,121.6152412,25.05424145
111,5,4,10,19,2,07信義區,信義區忠孝東路4段與逸仙路口,0,0,2,1,C03,7,1,5,50,3,1,1,5,4,5,7,1,1,3,4,5,2,13,1,25,3,10,1,1,7,6,1,10,1,13,,6,6,1,22,9,121.5615403,25.04112488
111,5,4,10,19,2,07信義區,信義區忠孝東路4段與逸仙路口,0,0,2,2,C03,7,1,5,50,3,1,1,5,4,5,7,1,1,3,4,5,2,13,1,31,2,9,1,1,7,9,1,10,1,11,,16,6,1,22,9,121.5615403,25.04112488
111,5,4,10,19,2,07信義區,信義區忠孝東路4段與逸仙路口,0,0,2,3,H02,7,1,5,50,3,1,1,5,4,5,7,1,1,3,4,5,2,13,2,38,2,7,4,5,7,17,8,20,10,16,,67,6,1,22,9,121.5615403,25.04112488
111,5,4,10,40,2,05中正區,中正區重慶南路3段111號,0,0,1,1,C03,8,1,5,30,14,9,1,5,4,3,7,2,1,3,4,5,2,17,1,22,2,9,1,1,7,7,1,10,1,14,,7,7,1,22,9,121.5170526,25.0236934
111,5,4,10,40,2,05中正區,中正區重慶南路3段111號,0,0,1,2,C03,8,1,5,30,14,9,1,5,4,3,7,2,1,3,4,5,2,17,2,29,3,10,1,1,7,9,1,10,1,12,,13,7,1,22,9,121.5170526,25.0236934
111,5,4,10,40,2,05中正區,中正區重慶南路3段111號,0,0,1,3,B03,8,1,5,30,14,9,1,5,4,3,7,2,1,3,4,5,2,17,1,73,3,10,1,1,7,9,1,8,1,5,,13,7,1,22,9,121.5170526,25.0236934
111,5,4,10,40,2,05中正區,中正區重慶南路3段111號,0,0,1,4,B03,8,1,5,30,14,9,1,5,4,3,7,2,1,3,4,5,2,17,1,59,3,10,1,1,7,9,1,8,1,5,,44,7,1,22,9,121.5170526,25.0236934
111,5,4,10,46,2,03中山區,中山區松江路與民生東路2段口,0,0,1,1,B03,8,1,5,50,4,2,1,5,4,5,7,1,1,9,4,5,2,16,1,74,3,10,3,4,7,8,1,8,1,2,,7,7,1,22,9,121.533255,25.05785506
111,5,4,10,46,2,03中山區,中山區松江路與民生東路2段口,0,0,1,2,C03,8,1,5,50,4,2,1,5,4,5,7,1,1,9,4,5,2,16,2,20,2,8,1,1,7,9,1,10,1,11,,13,7,1,22,9,121.533255,25.05785506
111,5,4,10,50,2,09北投區,北投區石牌路2段與裕民一路口,0,0,1,1,F03,7,1,5,50,14,9,1,5,4,5,7,2,1,5,4,5,2,17,2,79,2,9,1,1,7,9,8,20,1,16,,4,4,1,22,9,121.5164371,25.1167303
111,5,4,10,50,2,09北投區,北投區石牌路2段與裕民一路口,0,0,1,2,B02,7,1,5,50,14,9,1,5,4,5,7,2,1,5,4,5,2,17,1,53,3,10,3,4,7,14,1,8,1,7,,44,4,1,22,9,121.5164371,25.1167303
111,5,4,11,23,2,10文山區,文山區木柵路5段102號燈桿,0,0,2,1,C03,7,1,5,50,14,9,1,5,4,5,7,4,4,4,4,5,2,16,1,25,2,9,3,4,7,9,1,10,2,14,,43,43,1,22,9,121.5783387,25.00060207
111,5,4,11,23,2,10文山區,文山區木柵路5段102號燈桿,0,0,2,2,B03,7,1,5,50,14,9,1,5,4,5,7,4,4,4,4,5,2,16,1,43,3,10,3,4,7,13,1,8,9,7,,43,43,1,22,9,121.5783387,25.00060207
111,5,4,11,23,2,10文山區,文山區木柵路5段102號燈桿,0,0,2,3,H02,7,1,5,50,14,9,1,5,4,5,7,4,4,4,4,5,2,16,2,23,2,9,3,4,7,21,8,20,10,16,,67,43,1,22,9,121.5783387,25.00060207
111,5,4,11,32,2,08士林區,士林區中山北路5段647號,0,0,1,1,C03,8,1,5,50,14,9,1,5,4,5,7,4,4,9,4,5,1,17,1,29,2,9,1,1,7,9,1,10,2,11,,16,16,1,22,9,121.5274987,25.09685976
111,5,4,11,32,2,08士林區,士林區中山北路5段647號,0,0,1,2,B03,8,1,5,50,14,9,1,5,4,5,7,4,4,9,4,5,1,17,2,48,3,10,1,1,7,9,1,8,2,3,,44,16,1,22,9,121.5274987,25.09685976
111,5,4,11,32,2,08士林區,士林區中山北路5段647號,0,0,1,3,B02,8,1,5,50,14,9,1,5,4,5,7,4,4,9,4,5,1,17,1,50,3,10,1,1,7,1,1,8,2,15,,19,16,1,22,9,121.5274987,25.09685976
111,5,4,11,45,2,12內湖區,內湖區成功路3段與康寧路1段口,0,0,2,1,C03,7,1,5,50,4,1,1,5,4,5,7,1,1,5,5,5,2,16,2,27,2,8,1,1,7,5,1,10,1,12,,6,6,1,22,9,121.5910354,25.08073641
111,5,4,11,45,2,12內湖區,內湖區成功路3段與康寧路1段口,0,0,2,2,C03,7,1,5,50,4,1,1,5,4,5,7,1,1,5,5,5,2,16,2,63,2,9,1,1,7,9,1,10,1,11,,23,6,1,22,9,121.5910354,25.08073641
111,5,4,11,45,2,07信義區,信義區莊敬路222號前,0,0,1,1,C03,7,1,5,50,14,7,1,5,4,5,7,4,4,9,5,4,2,13,1,28,2,9,1,1,7,9,1,10,1,11,,23,23,1,22,9,121.5619071,25.02999443
111,5,4,11,45,2,07信義區,信義區莊敬路222號前,0,0,1,2,B03,7,1,5,50,14,7,1,5,4,5,7,4,4,9,5,4,2,13,1,29,3,10,1,1,7,9,1,8,1,7,,44,23,1,22,9,121.5619071,25.02999443
111,5,4,11,47,2,08士林區,士林區德行西路21號,0,0,3,1,F01,6,1,5,0,14,9,1,4,4,5,7,4,4,10,5,5,1,17,1,76,2,9,1,1,7,9,8,20,2,15,,43,43,1,22,9,121.5240274,25.10607186
111,5,4,11,47,2,08士林區,士林區德行西路21號,0,0,3,2,B11,6,1,5,0,14,9,1,4,4,5,7,4,4,10,5,5,1,17,1,52,2,7,1,1,7,15,1,4,2,15,,38,43,1,22,9,121.5240274,25.10607186
111,5,4,11,47,2,08士林區,士林區德行西路21號,0,0,3,3,C03,6,1,5,0,14,9,1,4,4,5,7,4,4,10,5,5,1,17,1,57,2,9,1,1,7,9,1,10,2,12,,42,43,1,22,9,121.5240274,25.10607186
111,5,4,12,8,2,03中山區,中山區北安路759巷與劍南路口,0,0,2,1,C03,8,1,5,30,3,1,1,5,4,5,7,4,4,10,5,5,2,16,1,41,2,9,1,1,7,1,1,10,1,14,,19,19,1,5,5,121.554016,25.08572056
111,5,4,12,8,2,03中山區,中山區北安路759巷與劍南路口,0,0,2,2,C03,8,1,5,30,3,1,1,5,4,5,7,4,4,10,5,5,2,16,2,19,2,9,1,1,7,9,1,10,1,11,,14,19,1,22,5,121.554016,25.08572056
111,5,4,12,20,2,03中山區,中山區南京東路2段與建國北路1段口,0,0,1,1,C03,8,1,5,50,4,1,1,5,4,5,7,2,1,1,4,4,2,13,1,27,2,7,1,4,7,4,1,10,1,12,,23,23,1,22,9,121.5364526,25.05192933
111,5,4,12,20,2,03中山區,中山區南京東路2段與建國北路1段口,0,0,1,2,B03,8,1,5,50,4,1,1,5,4,5,7,2,1,1,4,4,2,13,1,45,3,10,3,4,7,9,1,4,1,7,,44,23,1,22,9,121.5364526,25.05192933
111,5,4,13,0,2,12內湖區,內湖區環山路2段137號與港華街29巷口,0,0,1,1,B01,7,1,5,50,3,1,1,5,4,5,7,4,4,10,5,4,2,12,1,60,3,10,1,1,7,5,1,4,1,8,,8,8,1,22,9,121.5770741,25.08402285
111,5,4,13,0,2,12內湖區,內湖區環山路2段137號與港華街29巷口,0,0,1,2,C03,7,1,5,50,3,1,1,5,4,5,7,4,4,10,5,4,2,12,2,21,2,9,1,1,7,9,1,10,1,12,,44,8,1,22,9,121.5770741,25.08402285
111,5,4,13,20,2,07信義區,信義區信義路5段與市府路口,0,0,1,1,C03,6,1,5,50,14,9,1,4,4,5,7,1,1,1,4,5,2,12,2,59,2,9,3,4,7,9,1,10,1,11,,23,23,1,22,9,121.563767,25.03283286
111,5,4,13,20,2,07信義區,信義區信義路5段與市府路口,0,0,1,2,C03,6,1,5,50,14,9,1,4,4,5,7,1,1,1,4,5,2,12,1,58,3,10,3,4,7,8,1,10,1,12,,7,23,1,22,9,121.563767,25.03283286
111,5,4,13,30,2,11南港區,南港區市民大道7段41號,0,0,1,1,B11,8,1,5,50,14,9,1,5,4,5,7,4,4,1,3,5,2,12,1,66,3,10,1,1,7,9,1,8,2,1,,23,23,1,22,9,121.5824697,25.04953691
111,5,4,13,30,2,11南港區,南港區市民大道7段41號,0,0,1,2,C03,8,1,5,50,14,9,1,5,4,5,7,4,4,1,3,5,2,12,2,64,2,3,1,1,7,9,1,10,1,14,,44,23,1,22,9,121.5824697,25.04953691
111,5,4,13,35,2,12內湖區,內湖區潭美街27號,0,0,1,1,B03,8,1,5,50,3,1,1,5,4,5,7,4,4,5,5,5,2,17,1,34,3,10,1,1,7,5,1,8,1,1,,6,6,1,22,9,121.5761663,25.05292451
111,5,4,13,35,2,12內湖區,內湖區潭美街27號,0,0,1,2,C03,8,1,5,50,3,1,1,5,4,5,7,4,4,5,5,5,2,17,1,24,2,9,1,1,7,9,1,10,1,11,,13,6,1,22,9,121.5761663,25.05292451
111,5,4,13,49,2,09北投區,北投區中央北路3段80號,0,0,1,1,C04,8,1,5,50,14,9,1,5,4,5,7,4,4,5,4,5,2,16,2,62,2,8,1,1,7,11,1,11,2,15,,10,10,1,22,9,121.4847325,25.13799144
111,5,4,13,49,2,09北投區,北投區中央北路3段80號,0,0,1,2,C03,8,1,5,50,14,9,1,5,4,5,7,4,4,5,4,5,2,16,1,51,3,10,1,1,7,9,1,10,8,11,,21,10,1,22,9,121.4847325,25.13799144
111,5,4,14,10,2,02萬華區,萬華區環河南路1段與成都路口,0,0,2,1,B03,7,1,5,50,3,1,1,5,4,5,7,3,1,9,5,5,2,13,1,48,3,10,1,1,7,9,1,7,1,1,,23,23,1,22,9,121.5008235,25.04395956
111,5,4,14,10,2,02萬華區,萬華區環河南路1段與成都路口,0,0,2,2,C03,7,1,5,50,3,1,1,5,4,5,7,3,1,9,5,5,2,13,1,21,2,9,1,1,7,15,1,10,1,13,,44,23,1,22,9,121.5008235,25.04395956
111,5,4,14,10,2,02萬華區,萬華區環河南路1段與成都路口,0,0,2,3,H02,7,1,5,50,3,1,1,5,4,5,7,3,1,9,5,5,2,13,1,21,2,9,4,5,7,20,8,20,10,16,,67,23,1,22,9,121.5008235,25.04395956
111,5,4,14,10,2,08士林區,士林區磺溪街23號,0,0,1,1,C03,8,1,5,50,14,9,1,5,4,5,7,4,4,4,5,5,1,17,1,44,2,9,1,1,7,9,1,10,2,11,,42,42,1,22,9,121.5230302,25.10634573
111,5,4,14,10,2,08士林區,士林區磺溪街23號,0,0,1,2,C03,8,1,5,50,14,9,1,5,4,5,7,4,4,4,5,5,1,17,1,45,3,10,1,1,7,5,1,10,2,15,,8,42,1,22,9,121.5230302,25.10634573
111,5,4,14,13,2,05中正區,中正區市民大道2段華山公園旁,0,0,4,1,C03,8,1,5,40,14,9,1,5,4,5,7,4,4,1,4,5,1,13,1,31,2,9,1,1,7,9,1,9,2,11,,23,23,1,22,9,121.5284955,25.0465533
111,5,4,14,13,2,05中正區,中正區市民大道2段華山公園旁,0,0,4,2,C03,8,1,5,40,14,9,1,5,4,5,7,4,4,1,4,5,1,13,1,49,2,9,1,1,7,9,1,10,2,13,,44,23,1,22,9,121.5284955,25.0465533
111,5,4,14,13,2,05中正區,中正區市民大道2段華山公園旁,0,0,4,3,C03,8,1,5,40,14,9,1,5,4,5,7,4,4,1,4,5,1,13,1,25,2,9,1,1,7,9,1,10,2,14,,44,23,1,22,9,121.5284955,25.0465533
111,5,4,14,13,2,05中正區,中正區市民大道2段華山公園旁,0,0,4,4,H02,8,1,5,40,14,9,1,5,4,5,7,4,4,1,4,5,1,13,2,25,2,9,4,5,7,21,8,20,10,16,,67,23,1,22,9,121.5284955,25.0465533
111,5,4,14,34,2,10文山區,文山區興隆路4段54-3號,0,0,1,1,B03,7,1,5,50,14,9,1,5,4,5,7,4,4,1,4,5,2,16,1,50,3,10,3,4,7,11,1,8,1,7,,10,10,1,22,9,121.5610817,24.986067
111,5,4,14,34,2,10文山區,文山區興隆路4段54-3號,0,0,1,2,C03,7,1,5,50,14,9,1,5,4,5,7,4,4,1,4,5,2,16,1,41,2,9,1,4,7,9,1,10,1,11,,44,10,1,22,9,121.5610817,24.986067
111,5,4,14,50,2,04大安區,大安區仁愛路3段與建國南路1段口,0,0,1,1,C03,7,1,5,50,14,9,1,5,4,5,7,4,4,1,4,5,2,16,1,75,2,9,1,1,7,9,1,10,1,14,,44,44,1,22,9,121.5388431,25.03844238
111,5,4,14,50,2,04大安區,大安區仁愛路3段與建國南路1段口,0,0,1,2,B03,7,1,5,50,14,9,1,5,4,5,7,4,4,1,4,5,2,16,1,64,3,10,1,1,7,9,1,8,1,2,,23,44,1,22,9,121.5388431,25.03844238
111,5,4,14,54,2,08士林區,士林區劍潭路55巷2號,0,0,1,1,B12,8,1,5,30,14,9,1,5,4,5,7,4,4,10,5,5,2,17,1,61,3,10,1,1,7,9,1,8,1,2,,43,43,1,22,9,121.5213641,25.08397992