發生年度,發生月,發生日,發生時-Hours,發生分,處理別-編號,區序,肇事地點,死亡人數,2-30日死亡人數,受傷人數,當事人序號,車種,天候,光線,道路類別,速限-速度限制,道路型態,事故位置,路面狀況1,路面狀況2,路面狀況3,道路障礙1,道路障礙2,號誌1,號誌2,車道劃分-分向,車道劃分-分道1,車道劃分-分道2,車道劃分-分道3,事故類型及型態,性別,年齡,受傷程度,主要傷處,安全帽,行動電話,車輛用途,當事者行動狀態,駕駛資格情形,駕駛執照種類,飲酒情形,車輛撞擊部位1,車輛撞擊部位2,肇因碼-個別,肇因碼-主要,個人肇逃否,職業,旅次目的,座標-X,座標-Y
111,5,4,14,54,2,08士林區,士林區劍潭路55巷2號,0,0,1,2,C03,8,1,5,30,14,9,1,5,4,5,7,4,4,10,5,5,2,17,2,55,2,8,1,1,7,9,1,10,1,14,,43,43,1,22,9,121.5213641,25.08397992
111,5,4,15,10,2,11南港區,南港區忠孝東路6段204號,0,0,1,1,C03,6,1,5,50,14,7,1,4,4,5,7,4,4,1,3,1,2,12,1,18,2,9,1,4,7,7,1,10,2,14,,7,7,1,22,9,121.5868645,25.0487219
111,5,4,15,10,2,11南港區,南港區忠孝東路6段204號,0,0,1,2,B12,6,1,5,50,14,7,1,4,4,5,7,4,4,1,3,1,2,12,1,29,3,10,3,4,7,9,1,8,2,2,,17,7,1,22,9,121.5868645,25.0487219
111,5,4,15,40,2,03中山區,中山區市民大道3段與新生北路1段62巷口,0,0,2,1,C03,8,1,5,40,14,9,1,5,4,5,7,1,1,1,3,5,1,13,2,21,3,10,1,1,7,9,1,10,11,13,,23,23,1,22,9,121.5309638,25.04621535
111,5,4,15,40,2,03中山區,中山區市民大道3段與新生北路1段62巷口,0,0,2,2,C03,8,1,5,40,14,9,1,5,4,5,7,1,1,1,3,5,1,13,2,40,2,3,1,1,7,9,1,10,11,11,,44,23,1,22,9,121.5309638,25.04621535
111,5,4,15,40,2,03中山區,中山區市民大道3段與新生北路1段62巷口,0,0,2,3,H02,8,1,5,40,14,9,1,5,4,5,7,1,1,1,3,5,1,13,2,51,2,7,4,5,7,20,8,20,10,16,,67,23,1,22,9,121.5309638,25.04621535
111,5,4,15,40,2,09北投區,北投區吉利街280巷與吉利街280巷27弄口,0,0,1,1,B03,8,1,5,30,4,1,1,5,4,5,7,4,4,10,5,5,2,15,1,71,3,10,1,1,7,9,1,8,1,1,,14,14,1,22,9,121.5104073,25.11766529
111,5,4,15,40,2,09北投區,北投區吉利街280巷與吉利街280巷27弄口,0,0,1,2,C03,8,1,5,30,4,1,1,5,4,5,7,4,4,10,5,5,2,15,1,37,2,9,1,1,7,9,1,10,1,11,,6,14,1,22,9,121.5104073,25.11766529
111,5,4,15,45,2,03中山區,中山區市民大道3段3號,0,0,1,1,B03,8,1,5,0,14,9,1,5,4,5,7,4,4,10,5,5,2,17,1,57,3,10,1,1,7,1,1,8,1,15,,19,19,1,22,9,121.5311825,25.04621305
111,5,4,15,45,2,03中山區,中山區市民大道3段3號,0,0,1,2,C04,8,1,5,0,14,9,1,5,4,5,7,4,4,10,5,5,2,17,1,34,2,9,1,1,7,9,1,10,1,14,,42,19,1,22,9,121.5311825,25.04621305
111,5,4,16,0,2,03中山區,中山區林森北路與長春路口,0,0,1,1,B01,7,1,5,50,4,1,1,5,4,5,7,1,1,5,4,5,2,17,1,44,3,10,1,1,7,5,1,3,1,8,,8,8,1,22,9,121.5254534,25.0549376
111,5,4,16,0,2,03中山區,中山區林森北路與長春路口,0,0,1,2,C03,7,1,5,50,4,1,1,5,4,5,7,1,1,5,4,5,2,17,1,25,2,9,1,1,7,9,1,10,1,12,,44,8,1,22,9,121.5254534,25.0549376
111,5,4,16,4,2,09北投區,北投區明德路337巷13-1號,0,0,2,1,B03,7,1,5,30,14,9,1,5,4,5,7,4,4,10,5,5,2,12,1,71,3,10,1,1,7,3,1,8,1,4,,18,18,1,22,9,121.5195113,25.11686369
111,5,4,16,4,2,09北投區,北投區明德路337巷13-1號,0,0,2,2,C03,7,1,5,30,14,9,1,5,4,5,7,4,4,10,5,5,2,12,2,21,2,9,1,1,7,9,1,10,1,12,,44,18,1,22,9,121.5195113,25.11686369
111,5,4,16,4,2,09北投區,北投區明德路337巷13-1號,0,0,2,3,H02,7,1,5,30,14,9,1,5,4,5,7,4,4,10,5,5,2,12,2,20,2,9,1,1,7,21,8,20,10,16,,67,18,1,22,9,121.5195113,25.11686369
111,5,4,16,6,2,10文山區,文山區興隆路2段與興隆路2段244巷口,0,0,1,1,B03,8,1,5,50,3,1,1,4,4,5,7,4,4,5,4,5,2,16,1,35,3,10,1,1,7,5,1,8,2,4,,6,6,1,22,9,121.5538376,25.00104849
111,5,4,16,6,2,10文山區,文山區興隆路2段與興隆路2段244巷口,0,0,1,2,C03,8,1,5,50,3,1,1,4,4,5,7,4,4,5,4,5,2,16,1,51,2,9,1,1,7,9,1,10,2,11,,44,6,1,22,9,121.5538376,25.00104849
111,5,4,16,6,2,10文山區,文山區興隆路2段與興隆路2段244巷口,0,0,1,3,B12,8,1,5,50,3,1,1,4,4,5,7,4,4,5,4,5,2,16,1,52,3,10,1,1,7,13,1,8,11,15,,38,6,1,22,9,121.5538376,25.00104849
111,5,4,16,27,2,01大同區,大同區延平北路4段195號,0,0,2,1,B12,7,1,5,50,14,9,1,5,4,5,7,1,1,10,5,5,2,16,1,59,3,10,1,1,7,1,1,8,2,8,,19,19,1,22,9,121.5115062,25.07411413
111,5,4,16,27,2,01大同區,大同區延平北路4段195號,0,0,2,2,C03,7,1,5,50,14,9,1,5,4,5,7,1,1,10,5,5,2,16,2,18,2,9,1,1,7,9,1,10,2,11,,14,19,1,22,9,121.5115062,25.07411413
111,5,4,16,27,2,01大同區,大同區延平北路4段195號,0,0,2,3,C03,7,1,5,50,14,9,1,5,4,5,7,1,1,10,5,5,2,16,2,52,2,9,1,1,7,9,1,10,2,11,,44,19,1,22,9,121.5115062,25.07411413
111,5,4,16,30,2,01大同區,大同區延平北路3段與延平北路3段18巷口,0,0,2,1,C03,7,1,5,50,3,1,1,5,4,5,7,4,4,5,4,5,2,16,2,59,2,9,3,4,7,9,1,10,1,12,,44,44,1,22,9,121.5111489,25.06383109
111,5,4,16,30,2,01大同區,大同區延平北路3段與延平北路3段18巷口,0,0,2,2,F01,7,1,5,50,3,1,1,5,4,5,7,4,4,5,4,5,2,16,2,68,2,8,1,1,7,7,8,20,1,16,,7,44,1,22,9,121.5111489,25.06383109
111,5,4,16,30,2,01大同區,大同區延平北路3段與延平北路3段18巷口,0,0,2,3,B12,7,1,5,50,3,1,1,5,4,5,7,4,4,5,4,5,2,16,2,37,3,10,3,4,7,14,1,8,1,2,,44,44,1,22,9,121.5111489,25.06383109
111,5,4,16,30,2,05中正區,中正區中正橋往永和,0,0,1,1,A11,8,1,5,30,8,9,1,5,4,5,7,4,4,1,4,5,2,12,1,41,3,10,1,1,7,8,1,6,1,2,,7,7,1,22,9,121.5162802,25.02097722
111,5,4,16,30,2,05中正區,中正區中正橋往永和,0,0,1,2,C03,8,1,5,30,8,9,1,5,4,5,7,4,4,1,4,5,2,12,1,57,2,9,1,1,7,9,1,10,1,14,,44,7,1,22,9,121.5162802,25.02097722
111,5,4,16,39,2,03中山區,中山區市民大道2段與林森北路口,0,0,2,1,C03,8,1,5,40,4,1,1,5,4,5,7,1,1,1,4,5,2,16,2,30,2,9,1,1,7,7,1,10,1,14,,7,7,1,22,9,121.5241984,25.0476982
111,5,4,16,39,2,03中山區,中山區市民大道2段與林森北路口,0,0,2,2,C03,8,1,5,40,4,1,1,5,4,5,7,1,1,1,4,5,2,16,1,24,2,9,1,1,7,9,1,10,1,11,,13,7,1,22,9,121.5241984,25.0476982
111,5,4,16,40,2,03中山區,中山區松江路188巷與松江路口無名巷,0,0,2,1,C03,8,1,5,30,3,1,1,5,4,5,7,4,4,10,5,5,2,16,2,56,2,9,1,1,7,5,1,10,1,12,,8,8,1,5,3,121.5320629,25.05677978
111,5,4,16,40,2,03中山區,中山區松江路188巷與松江路口無名巷,0,0,2,2,B03,8,1,5,30,3,1,1,5,4,5,7,4,4,10,5,5,2,16,2,53,3,10,2,1,7,9,1,8,1,4,,23,8,1,1,3,121.5320629,25.05677978
111,5,4,16,40,2,03中山區,中山區松江路188巷與松江路口無名巷,0,0,2,3,H02,8,1,5,30,3,1,1,5,4,5,7,4,4,10,5,5,2,16,2,27,2,9,4,5,7,20,8,20,1,16,,67,8,1,5,3,121.5320629,25.05677978
111,5,4,17,24,2,03中山區,中山區龍江路與民權東路3段口,0,0,1,1,B03,8,1,5,50,14,9,1,5,4,5,7,4,4,5,5,5,2,16,1,69,3,10,1,1,7,9,1,8,1,2,,23,23,1,22,9,121.540756,25.06211832
111,5,4,17,24,2,03中山區,中山區龍江路與民權東路3段口,0,0,1,2,C03,8,1,5,50,14,9,1,5,4,5,7,4,4,5,5,5,2,16,1,78,2,9,1,1,7,9,1,10,1,14,,44,23,1,22,9,121.540756,25.06211832
111,5,4,17,30,2,02萬華區,萬華區萬大路195號,0,0,1,1,,8,1,5,30,14,9,1,5,4,1,7,4,4,9,4,5,1,17,4,,4,11,3,4,7,15,7,19,11,15,,43,43,2,22,9,121.5005275,25.02739582
111,5,4,17,30,2,02萬華區,萬華區萬大路195號,0,0,1,2,C03,8,1,5,30,14,9,1,5,4,1,7,4,4,9,4,5,1,17,1,35,2,9,2,1,7,9,1,10,2,11,,43,43,1,22,9,121.5005275,25.02739582
111,5,4,17,30,2,02萬華區,萬華區萬大路195號,0,0,1,3,B01,8,1,5,30,14,9,1,5,4,1,7,4,4,9,4,5,1,17,1,61,3,10,1,1,7,14,1,4,2,4,,43,43,1,22,9,121.5005275,25.02739582
111,5,4,17,30,2,10文山區,文山區木柵路4段與木柵路4段9巷附近口,0,0,1,1,B01,7,1,5,50,14,9,1,5,4,5,7,1,1,5,4,5,2,13,1,62,3,10,3,4,7,9,1,8,2,1,,23,23,1,22,9,121.5712764,24.99246371
111,5,4,17,30,2,10文山區,文山區木柵路4段與木柵路4段9巷附近口,0,0,1,2,B12,7,1,5,50,14,9,1,5,4,5,7,1,1,5,4,5,2,13,1,42,2,2,3,4,7,14,1,8,2,3,,42,23,1,22,9,121.5712764,24.99246371
111,5,4,17,31,2,08士林區,士林區福國路文林橋下,0,0,2,1,B03,8,1,5,30,15,18,1,5,4,5,7,4,4,1,5,5,2,3,2,33,3,10,1,1,7,9,1,8,2,1,,15,15,1,22,9,121.5181598,25.10198399
111,5,4,17,31,2,08士林區,士林區福國路文林橋下,0,0,2,2,H01,8,1,5,30,15,18,1,5,4,5,7,4,4,1,5,5,2,3,2,63,2,9,4,5,8,16,8,20,10,16,,67,15,1,22,9,121.5181598,25.10198399
111,5,4,17,31,2,08士林區,士林區福國路文林橋下,0,0,2,3,H01,8,1,5,30,15,18,1,5,4,5,7,4,4,1,5,5,2,3,2,32,2,9,1,1,8,16,8,20,10,16,,67,15,1,22,9,121.5181598,25.10198399
111,5,4,17,33,2,12內湖區,內湖區成功路2段與成功路2段115巷口,0,0,1,1,B03,7,1,5,50,14,9,1,5,4,5,7,2,1,9,4,4,1,12,1,50,3,10,1,1,7,9,1,8,1,4,,17,17,1,22,9,121.5907641,25.06537185
111,5,4,17,33,2,12內湖區,內湖區成功路2段與成功路2段115巷口,0,0,1,2,C03,7,1,5,50,14,9,1,5,4,5,7,2,1,9,4,4,1,12,2,45,2,9,1,1,7,9,1,10,1,11,,44,17,1,22,9,121.5907641,25.06537185
111,5,4,17,47,2,11南港區,南港區重陽路39巷與向陽路162巷口,0,0,1,1,B03,7,1,5,40,4,1,1,5,4,5,7,4,4,10,5,5,2,15,2,49,3,10,3,4,7,9,1,14,2,1,,6,6,1,22,9,121.5953764,25.05601202
111,5,4,17,47,2,11南港區,南港區重陽路39巷與向陽路162巷口,0,0,1,2,C03,7,1,5,40,4,1,1,5,4,5,7,4,4,10,5,5,2,15,1,28,2,7,1,4,7,9,1,10,2,13,,6,6,1,22,9,121.5953764,25.05601202
111,5,4,17,53,2,03中山區,中山區建國北路1段與長安東路2段口,0,0,1,1,C03,7,3,5,50,4,2,1,5,4,5,7,1,1,5,4,5,1,12,2,41,2,8,1,1,7,8,1,10,1,12,,7,7,1,22,9,121.5362559,25.04838753
111,5,4,17,53,2,03中山區,中山區建國北路1段與長安東路2段口,0,0,1,2,B03,7,3,5,50,4,2,1,5,4,5,7,1,1,5,4,5,1,12,1,49,3,10,1,1,7,9,1,8,1,8,,44,7,1,22,9,121.5362559,25.04838753
111,5,4,18,27,2,02萬華區,萬華區西園路2段320巷55弄與西園路2段320巷口,0,0,1,1,C03,7,1,5,30,4,1,1,5,4,5,7,4,4,10,5,5,2,17,2,38,3,10,1,1,7,9,1,10,2,15,,6,6,1,22,9,121.4909898,25.02748576
111,5,4,18,27,2,02萬華區,萬華區西園路2段320巷55弄與西園路2段320巷口,0,0,1,2,C03,7,1,5,30,4,1,1,5,4,5,7,4,4,10,5,5,2,17,1,23,2,9,1,1,7,9,1,9,2,15,,13,6,1,22,9,121.4909898,25.02748576
111,5,4,18,34,2,07信義區,信義區松仁路與信義路5段150巷14弄口,0,0,1,1,B03,8,3,5,50,4,1,1,5,4,5,7,1,1,9,4,5,2,16,1,49,3,10,3,4,7,9,1,8,1,8,,44,44,1,22,9,121.568362,25.02852143
111,5,4,18,34,2,07信義區,信義區松仁路與信義路5段150巷14弄口,0,0,1,2,C03,8,3,5,50,4,1,1,5,4,5,7,1,1,9,4,5,2,16,2,27,2,9,3,4,7,5,1,10,1,13,,8,44,1,22,9,121.568362,25.02852143
111,5,4,18,35,2,12內湖區,內湖區康寧路1段208號前,0,0,1,1,H01,6,3,5,30,14,9,1,4,4,5,7,4,4,5,5,5,2,9,2,75,3,10,4,1,8,20,8,20,10,16,,60,60,1,22,9,121.595583,25.07851008
111,5,4,18,35,2,12內湖區,內湖區康寧路1段208號前,0,0,1,2,C03,6,3,5,30,14,9,1,4,4,5,7,4,4,5,5,5,2,9,1,61,2,9,1,1,7,9,1,10,1,11,,23,60,1,22,9,121.595583,25.07851008
111,5,4,18,37,2,07信義區,信義區和平東路3段697-12號,0,0,1,1,C03,8,3,5,40,11,9,1,5,4,5,7,4,4,4,4,5,2,12,1,61,2,9,1,1,7,4,1,10,1,14,,1,1,1,22,9,121.563802,25.01118664
111,5,4,18,37,2,07信義區,信義區和平東路3段697-12號,0,0,1,2,A02,8,3,5,40,11,9,1,5,4,5,7,4,4,4,4,5,2,12,1,55,3,10,1,1,7,9,1,2,1,2,,44,1,1,22,9,121.563802,25.01118664
111,5,4,18,38,2,07信義區,信義區松壽路2號前,0,0,1,1,B03,7,3,5,50,14,9,1,5,4,5,7,4,4,5,4,5,2,13,1,21,3,10,1,1,7,9,1,8,1,1,,23,23,1,22,9,121.5628289,25.03589755
111,5,4,18,38,2,07信義區,信義區松壽路2號前,0,0,1,2,B01,7,3,5,50,14,9,1,5,4,5,7,4,4,5,4,5,2,13,1,52,3,10,1,1,7,14,1,4,1,3,,44,23,1,22,9,121.5628289,25.03589755
111,5,4,18,38,2,07信義區,信義區松壽路2號前,0,0,1,3,H02,7,3,5,50,14,9,1,5,4,5,7,4,4,5,4,5,2,13,2,27,2,1,1,1,7,21,8,20,10,15,,67,23,1,22,9,121.5628289,25.03589755
111,5,4,18,44,2,09北投區,北投區福國路與承德路6段口,0,0,1,1,C03,8,3,5,50,4,1,1,5,4,5,7,1,1,5,4,5,2,17,1,22,2,8,1,1,7,5,1,10,1,14,,42,42,1,22,9,121.5122474,25.10149782
111,5,4,18,44,2,09北投區,北投區福國路與承德路6段口,0,0,1,2,B03,8,3,5,50,4,1,1,5,4,5,7,1,1,5,4,5,2,17,1,50,3,10,1,1,7,15,1,8,1,6,,44,42,1,22,9,121.5122474,25.10149782
111,5,4,18,45,2,10文山區,文山區興隆路4段與興隆路4段145巷口,0,0,2,1,C03,8,3,5,50,4,2,1,5,4,5,7,4,4,1,4,4,2,16,2,59,2,9,1,1,7,6,1,10,1,13,,9,9,1,22,9,121.5615506,24.9850563
111,5,4,18,45,2,10文山區,文山區興隆路4段與興隆路4段145巷口,0,0,2,2,C03,8,3,5,50,4,2,1,5,4,5,7,4,4,1,4,4,2,16,2,43,2,9,1,1,7,9,1,10,1,11,,14,9,1,22,9,121.5615506,24.9850563
111,5,4,18,55,2,03中山區,中山區北安路47號,0,0,1,1,B01,7,3,5,50,14,9,1,5,4,5,7,4,4,1,4,5,2,16,1,54,3,10,1,1,7,5,1,4,1,1,,8,8,1,22,9,121.5285656,25.07768933
111,5,4,18,55,2,03中山區,中山區北安路47號,0,0,1,2,C03,7,3,5,50,14,9,1,5,4,5,7,4,4,1,4,5,2,16,2,22,2,7,1,1,7,9,1,10,1,14,,44,8,1,22,9,121.5285656,25.07768933
111,5,4,18,59,2,11南港區,南港區重陽路39巷與向陽路162巷口,0,0,1,1,B03,8,3,5,40,4,1,1,5,4,5,7,4,4,5,5,5,2,3,1,61,3,10,3,4,7,9,1,8,2,5,,15,15,1,22,9,121.5947099,25.0569026
111,5,4,18,59,2,11南港區,南港區重陽路39巷與向陽路162巷口,0,0,1,2,H01,8,3,5,40,4,1,1,5,4,5,7,4,4,5,5,5,2,3,1,27,2,9,4,5,8,16,8,20,10,16,,53,15,1,22,9,121.5947099,25.0569026
111,5,4,19,5,2,04大安區,大安區和平東路3段212巷與和平東路3段212巷13弄口,0,0,1,1,B12,7,3,5,30,3,2,1,5,4,5,7,4,4,10,5,5,2,16,1,59,3,10,1,1,7,9,1,8,1,8,,43,43,1,21,8,121.5538664,25.02226591
111,5,4,19,5,2,04大安區,大安區和平東路3段212巷與和平東路3段212巷13弄口,0,0,1,2,F01,7,3,5,30,3,2,1,5,4,5,7,4,4,10,5,5,2,16,2,41,2,9,1,1,7,5,8,20,1,16,,43,43,1,21,8,121.5538664,25.02226591
111,5,4,19,23,2,03中山區,中山區民權東路2段1號,0,0,1,1,C03,8,3,5,50,14,9,1,5,4,5,7,1,1,1,3,5,1,13,1,30,2,9,1,4,7,9,1,10,1,11,,16,16,1,22,9,121.5280405,25.06268937
111,5,4,19,23,2,03中山區,中山區民權東路2段1號,0,0,1,2,C03,8,3,5,50,14,9,1,5,4,5,7,1,1,1,3,5,1,13,1,22,3,10,1,4,7,9,1,10,1,13,,44,16,1,22,9,121.5280405,25.06268937
111,5,4,20,13,2,03中山區,中山區民生東路1段14號,0,0,1,1,B03,8,3,5,50,14,9,1,5,4,5,7,4,4,10,4,5,2,16,1,30,3,10,3,4,7,13,1,4,1,4,,42,42,1,22,9,121.5237138,25.05799706
111,5,4,20,13,2,03中山區,中山區民生東路1段14號,0,0,1,2,C03,8,3,5,50,14,9,1,5,4,5,7,4,4,10,4,5,2,16,2,48,2,9,3,4,7,9,1,10,1,11,,23,42,1,22,9,121.5237138,25.05799706
111,5,4,20,23,2,07信義區,信義區松智路與松壽路口,0,0,1,1,B03,8,3,5,50,4,1,1,5,4,5,7,1,1,9,4,5,2,11,1,59,3,10,3,4,7,5,1,8,2,15,,6,6,1,22,9,121.5653527,25.0359975
111,5,4,20,23,2,07信義區,信義區松智路與松壽路口,0,0,1,2,B02,8,3,5,50,4,1,1,5,4,5,7,1,1,9,4,5,2,11,1,28,3,10,3,4,7,9,1,8,2,1,,42,6,2,22,9,121.5653527,25.0359975
111,5,4,20,23,2,07信義區,信義區松智路與松壽路口,0,0,1,3,C03,8,3,5,50,4,1,1,5,4,5,7,1,1,9,4,5,2,11,1,40,2,9,3,4,7,14,1,10,2,11,,44,6,1,22,9,121.5653527,25.0359975
111,5,4,20,23,2,07信義區,信義區松智路與松壽路口,0,0,1,4,,8,3,5,50,4,1,1,5,4,5,7,1,1,9,4,5,2,11,3,,,,,,,,,,,,,67,6,1,,,121.5653527,25.0359975
111,5,4,20,23,2,07信義區,信義區松智路與松壽路口,0,0,1,5,,8,3,5,50,4,1,1,5,4,5,7,1,1,9,4,5,2,11,3,,,,,,,,,,,,,67,6,1,,,121.5653527,25.0359975
111,5,4,21,51,2,03中山區,中山區建國北路2段17號前迴轉道,0,0,2,1,C03,7,3,5,50,3,1,1,5,4,5,7,4,4,1,3,5,1,16,1,40,2,9,1,4,7,5,1,10,2,13,,8,8,1,22,9,121.537054,25.05383893
111,5,4,21,51,2,03中山區,中山區建國北路2段17號前迴轉道,0,0,2,2,C03,7,3,5,50,3,1,1,5,4,5,7,4,4,1,3,5,1,16,1,19,2,9,1,1,7,9,1,10,2,11,,26,8,1,22,9,121.537054,25.05383893
111,5,4,22,15,2,11南港區,南港區經貿一路與經貿二路157巷口,0,0,2,1,B02,8,3,5,50,4,2,1,5,4,5,7,2,1,1,2,4,2,13,1,55,3,10,3,4,7,3,1,5,2,1,,18,18,1,22,9,121.6178744,25.06106954
111,5,4,22,15,2,11南港區,南港區經貿一路與經貿二路157巷口,0,0,2,2,C03,8,3,5,50,4,2,1,5,4,5,7,2,1,1,2,4,2,13,2,37,2,8,1,4,7,14,1,10,1,13,,25,18,1,22,9,121.6178744,25.06106954
111,5,4,22,15,2,11南港區,南港區經貿一路與經貿二路157巷口,0,0,2,3,H02,8,3,5,50,4,2,1,5,4,5,7,2,1,1,2,4,2,13,2,38,2,9,4,5,7,20,8,20,10,16,,67,18,1,22,9,121.6178744,25.06106954
111,5,4,23,20,2,03中山區,中山區民族東路與德惠街167巷口,0,0,1,1,B12,7,3,5,50,3,1,1,5,4,5,7,4,4,10,5,5,2,17,1,24,3,10,1,4,7,6,1,8,1,7,,6,6,1,22,9,121.5319499,25.06811606
111,5,4,23,20,2,03中山區,中山區民族東路與德惠街167巷口,0,0,1,2,C04,7,3,5,50,3,1,1,5,4,5,7,4,4,10,5,5,2,17,1,27,2,9,1,4,7,9,1,10,1,11,,23,6,1,22,9,121.5319499,25.06811606
111,5,4,23,20,2,06松山區,松山區觀山河濱公園117號燈桿,0,0,2,1,F01,7,3,8,30,14,9,1,4,4,5,7,4,4,9,4,5,2,9,1,26,2,9,1,1,7,21,8,20,2,16,,23,23,1,22,9,121.5701365,25.06764694
111,5,4,23,20,2,06松山區,松山區觀山河濱公園117號燈桿,0,0,2,2,H01,7,3,8,30,14,9,1,4,4,5,7,4,4,9,4,5,2,9,2,31,2,9,4,5,8,16,8,20,10,16,,60,23,1,22,9,121.5701365,25.06764694
111,5,4,23,25,2,12內湖區,內湖區潭美街與安康路228巷口口,0,0,1,1,C03,8,3,5,40,3,1,1,5,4,5,7,2,1,5,5,5,2,17,1,35,2,9,1,1,7,9,1,10,1,14,,23,23,1,22,9,121.6036921,25.06116591
111,5,4,23,25,2,12內湖區,內湖區潭美街與安康路228巷口口,0,0,1,2,C03,8,3,5,40,3,1,1,5,4,5,7,2,1,5,5,5,2,17,2,30,3,10,1,1,7,9,1,10,1,15,,44,23,1,22,9,121.6036921,25.06116591
111,5,4,23,27,2,05中正區,中正區館前路43號,0,0,2,1,C03,8,3,5,50,14,9,1,5,4,5,7,1,1,9,5,5,2,17,2,19,2,9,1,1,7,9,1,10,1,11,,23,23,1,22,9,121.5150458,25.04541875
111,5,4,23,27,2,05中正區,中正區館前路43號,0,0,2,2,C03,8,3,5,50,14,9,1,5,4,5,7,1,1,9,5,5,2,17,2,22,2,9,1,1,7,14,1,10,1,13,,42,23,1,22,9,121.5150458,25.04541875
111,5,5,0,20,2,03中山區,中山區林森北路與中山北路2段137巷口,0,0,1,1,B01,7,3,5,50,3,1,1,5,4,5,7,3,1,4,5,5,1,16,1,48,3,10,3,4,7,5,1,8,1,4,,44,44,1,22,9,121.5255845,25.06168522
111,5,5,0,20,2,03中山區,中山區林森北路與中山北路2段137巷口,0,0,1,2,C03,7,3,5,50,3,1,1,5,4,5,7,3,1,4,5,5,1,16,1,28,2,8,1,4,7,9,1,10,1,11,,23,44,1,22,9,121.5255845,25.06168522
111,5,5,4,54,2,10文山區,文山區萬芳交流道與木柵路5段口,0,0,1,1,B03,7,2,5,50,3,1,1,5,4,5,7,1,1,3,4,5,2,15,1,26,3,10,1,1,7,9,1,8,1,1,,25,25,1,22,9,121.5768033,25.00016088
111,5,5,4,54,2,10文山區,文山區萬芳交流道與木柵路5段口,0,0,1,2,C03,7,2,5,50,3,1,1,5,4,5,7,1,1,3,4,5,2,15,1,26,2,8,1,1,7,9,1,10,1,12,,44,25,1,22,9,121.5768033,25.00016088
111,5,5,6,35,2,01大同區,大同區延平北路4段99號,0,0,1,5,C03,8,1,5,0,14,9,1,5,4,5,7,4,4,4,4,4,2,17,1,32,4,11,3,4,7,13,7,19,9,13,,44,21,1,22,9,121.5109613,25.07094735
111,5,5,6,35,2,01大同區,大同區延平北路4段99號,0,0,1,2,C03,8,1,5,0,14,9,1,5,4,5,7,4,4,4,4,4,2,17,1,43,4,11,3,1,7,13,7,19,9,13,,38,21,1,22,9,121.5109613,25.07094735
111,5,5,6,35,2,01大同區,大同區延平北路4段99號,0,0,1,3,C03,8,1,5,0,14,9,1,5,4,5,7,4,4,4,4,4,2,17,2,42,4,11,3,4,7,13,7,19,9,13,,44,21,1,22,9,121.5109613,25.07094735
111,5,5,6,35,2,01大同區,大同區延平北路4段99號,0,0,1,4,C03,8,1,5,0,14,9,1,5,4,5,7,4,4,4,4,4,2,17,2,44,4,11,3,4,7,13,7,19,9,13,,44,21,1,22,9,121.5109613,25.07094735
111,5,5,6,35,2,01大同區,大同區延平北路4段99號,0,0,1,1,B03,8,1,5,0,14,9,1,5,4,5,7,4,4,4,4,4,2,17,1,21,2,9,3,4,7,9,1,8,8,1,,21,21,1,22,9,121.5109613,25.07094735
111,5,5,6,35,2,01大同區,大同區延平北路4段99號,0,0,1,6,C03,8,1,5,0,14,9,1,5,4,5,7,4,4,4,4,4,2,17,1,23,4,11,3,4,7,13,7,19,9,13,,44,21,1,22,9,121.5109613,25.07094735
111,5,5,6,35,2,01大同區,大同區延平北路4段99號,0,0,1,7,C03,8,1,5,0,14,9,1,5,4,5,7,4,4,4,4,4,2,17,1,47,4,11,3,4,7,13,7,19,9,13,,44,21,1,22,9,121.5109613,25.07094735
111,5,5,6,35,2,01大同區,大同區延平北路4段99號,0,0,1,8,C03,8,1,5,0,14,9,1,5,4,5,7,4,4,4,4,4,2,17,1,35,4,11,3,4,7,13,7,19,9,13,,44,21,1,22,9,121.5109613,25.07094735
111,5,5,6,35,2,01大同區,大同區延平北路4段99號,0,0,1,9,C03,8,1,5,0,14,9,1,5,4,5,7,4,4,4,4,4,2,17,1,19,4,11,3,4,7,13,7,19,9,13,,44,21,1,22,9,121.5109613,25.07094735
111,5,5,6,35,2,01大同區,大同區延平北路4段99號,0,0,1,10,C03,8,1,5,0,14,9,1,5,4,5,7,4,4,4,4,4,2,17,1,46,4,11,3,4,7,13,7,19,9,13,,44,21,1,22,9,121.5109613,25.07094735
111,5,5,6,35,2,01大同區,大同區延平北路4段99號,0,0,1,11,B12,8,1,5,0,14,9,1,5,4,5,7,4,4,4,4,4,2,17,1,46,4,11,3,4,7,13,7,19,9,3,,44,21,1,22,9,121.5109613,25.07094735
111,5,5,6,35,2,01大同區,大同區延平北路4段99號,0,0,1,12,C03,8,1,5,0,14,9,1,5,4,5,7,4,4,4,4,4,2,17,2,46,4,11,3,4,7,13,7,19,9,13,,44,21,1,22,9,121.5109613,25.07094735
111,5,5,7,45,2,04大安區,大安區金山南路2段6號,0,0,1,1,C03,8,1,5,50,14,9,1,5,4,5,7,4,4,1,4,5,2,17,1,45,3,10,3,4,7,8,1,10,11,15,,7,7,1,22,9,121.5271162,25.03370125
111,5,5,7,45,2,04大安區,大安區金山南路2段6號,0,0,1,2,C03,8,1,5,50,14,9,1,5,4,5,7,4,4,1,4,5,2,17,1,41,2,9,3,4,7,12,1,10,11,12,,44,7,1,22,9,121.5271162,25.03370125