發生年度,發生月,發生日,發生時-Hours,發生分,處理別-編號,區序,肇事地點,死亡人數,2-30日死亡人數,受傷人數,當事人序號,車種,天候,光線,道路類別,速限-速度限制,道路型態,事故位置,路面狀況1,路面狀況2,路面狀況3,道路障礙1,道路障礙2,號誌1,號誌2,車道劃分-分向,車道劃分-分道1,車道劃分-分道2,車道劃分-分道3,事故類型及型態,性別,年齡,受傷程度,主要傷處,安全帽,行動電話,車輛用途,當事者行動狀態,駕駛資格情形,駕駛執照種類,飲酒情形,車輛撞擊部位1,車輛撞擊部位2,肇因碼-個別,肇因碼-主要,個人肇逃否,職業,旅次目的,座標-X,座標-Y
111,5,5,8,3,2,02萬華區,萬華區桂林路與西園路1段口,0,0,2,1,C03,8,1,5,50,4,1,1,5,4,5,7,2,1,5,4,5,2,16,1,23,2,7,1,4,7,5,1,10,1,11,,6,6,1,22,9,121.4997866,25.03848405
111,5,5,8,3,2,02萬華區,萬華區桂林路與西園路1段口,0,0,2,2,C03,8,1,5,50,4,1,1,5,4,5,7,2,1,5,4,5,2,16,1,32,2,7,1,4,7,9,1,10,1,11,,44,6,1,22,9,121.4997866,25.03848405
111,5,5,8,15,2,12內湖區,內湖區內湖路1段91巷38弄與文湖街60巷口,0,0,1,1,C03,8,1,5,30,4,1,1,5,4,5,7,4,4,5,5,5,2,15,2,43,2,9,1,1,7,9,1,10,1,14,,6,6,1,22,9,121.5637929,25.08550676
111,5,5,8,15,2,12內湖區,內湖區內湖路1段91巷38弄與文湖街60巷口,0,0,1,2,B03,8,1,5,30,4,1,1,5,4,5,7,4,4,5,5,5,2,15,2,39,3,10,1,1,7,9,1,8,2,1,,14,6,1,22,9,121.5637929,25.08550676
111,5,5,8,30,2,03中山區,中山區大直街20巷與北安路501巷9弄口,0,0,1,1,B01,8,1,5,50,3,1,1,5,4,5,7,4,4,9,5,5,2,12,1,56,3,10,3,4,7,6,1,1,1,2,,9,9,1,22,9,121.5446953,25.08118837
111,5,5,8,30,2,03中山區,中山區大直街20巷與北安路501巷9弄口,0,0,1,2,C03,8,1,5,50,3,1,1,5,4,5,7,4,4,9,5,5,2,12,1,41,2,9,3,4,7,9,1,10,1,11,,44,9,1,22,9,121.5446953,25.08118837
111,5,5,8,35,2,10文山區,文山區新光路2段西往東(台北市立動物園汙水處理廠)前,0,0,1,1,B12,8,1,5,50,14,9,1,5,4,5,7,4,4,9,4,5,2,13,1,38,3,10,3,4,7,3,1,8,2,6,,27,27,1,21,8,121.5748622,24.99546376
111,5,5,8,35,2,10文山區,文山區新光路2段西往東(台北市立動物園汙水處理廠)前,0,0,1,2,C03,8,1,5,50,14,9,1,5,4,5,7,4,4,9,4,5,2,13,1,32,2,8,3,4,7,9,1,10,2,11,,23,27,1,21,8,121.5748622,24.99546376
111,5,5,8,42,2,09北投區,北投區大度路1段往淡水013號燈桿,0,0,2,1,C03,8,1,5,50,14,12,1,5,4,5,7,4,4,1,4,5,1,13,1,72,2,9,3,4,7,15,1,10,1,12,,30,30,1,22,9,121.496471,25.12152514
111,5,5,8,42,2,09北投區,北投區大度路1段往淡水013號燈桿,0,0,2,2,C03,8,1,5,50,14,12,1,5,4,5,7,4,4,1,4,5,1,13,2,62,2,9,3,4,7,9,1,10,1,14,,44,30,1,22,9,121.496471,25.12152514
111,5,5,8,50,2,08士林區,士林區重陽橋下橋機車道021燈桿,0,0,5,1,C03,8,1,5,25,8,11,1,5,4,5,7,4,4,9,4,5,1,17,2,49,2,8,1,1,7,9,1,10,1,13,,44,44,1,22,9,121.5076939,25.08612388
111,5,5,8,50,2,08士林區,士林區重陽橋下橋機車道021燈桿,0,0,5,2,C03,8,1,5,25,8,11,1,5,4,5,7,4,4,9,4,5,1,17,2,34,2,9,1,1,7,9,1,10,1,13,,44,44,1,22,9,121.5076939,25.08612388
111,5,5,8,50,2,08士林區,士林區重陽橋下橋機車道021燈桿,0,0,5,3,C03,8,1,5,25,8,11,1,5,4,5,7,4,4,9,4,5,1,17,2,24,2,8,1,1,7,9,1,10,1,14,,13,44,1,22,9,121.5076939,25.08612388
111,5,5,8,50,2,08士林區,士林區重陽橋下橋機車道021燈桿,0,0,5,4,C03,8,1,5,25,8,11,1,5,4,5,7,4,4,9,4,5,1,17,2,47,2,9,1,1,7,9,1,10,1,11,,16,44,1,22,9,121.5076939,25.08612388
111,5,5,8,50,2,08士林區,士林區重陽橋下橋機車道021燈桿,0,0,5,5,C03,8,1,5,25,8,11,1,5,4,5,7,4,4,9,4,5,1,17,1,50,2,8,1,1,7,9,1,10,1,11,,16,44,1,22,9,121.5076939,25.08612388
111,5,5,8,51,2,11南港區,南港區忠孝東路6段297號與忠孝東路6段口,0,0,1,1,B03,8,1,5,40,4,2,1,5,4,5,7,1,1,1,4,4,2,16,1,26,3,10,1,1,7,6,1,8,1,5,,9,9,1,22,9,121.5908888,25.0502174
111,5,5,8,51,2,11南港區,南港區忠孝東路6段297號與忠孝東路6段口,0,0,1,2,C03,8,1,5,40,4,2,1,5,4,5,7,1,1,1,4,4,2,16,1,35,2,9,1,1,7,9,1,10,1,14,,23,9,1,22,9,121.5908888,25.0502174
111,5,5,9,20,2,03中山區,中山區民權東路3段與民權東路3段60巷口,0,0,1,1,C03,8,1,5,50,4,1,1,5,4,5,7,1,1,1,4,5,2,12,1,38,3,10,1,1,7,6,1,10,1,12,,9,9,1,22,9,121.5425248,25.0624359
111,5,5,9,20,2,03中山區,中山區民權東路3段與民權東路3段60巷口,0,0,1,2,C03,8,1,5,50,4,1,1,5,4,5,7,1,1,1,4,5,2,12,2,24,2,9,1,1,7,9,1,10,1,14,,13,9,1,22,9,121.5425248,25.0624359
111,5,5,9,48,2,10文山區,文山區文和橋與新光路2段口,0,0,1,1,B03,8,1,5,50,3,1,1,5,4,5,7,3,1,5,4,5,1,17,1,32,3,10,3,4,7,5,1,8,2,1,,6,6,1,22,9,121.5963558,25.00128719
111,5,5,9,48,2,10文山區,文山區文和橋與新光路2段口,0,0,1,2,C03,8,1,5,50,3,1,1,5,4,5,7,3,1,5,4,5,1,17,1,23,2,9,1,4,7,9,1,10,2,11,,42,6,1,22,9,121.5963558,25.00128719
111,5,5,9,50,2,12內湖區,內湖區瑞光路與江南街口,0,0,1,1,C03,7,1,5,50,3,2,1,5,4,5,7,1,1,5,5,5,2,13,1,48,2,9,1,1,7,9,3,18,1,11,,16,16,1,22,9,121.5754785,25.07605011
111,5,5,9,50,2,12內湖區,內湖區瑞光路與江南街口,0,0,1,2,B03,7,1,5,50,3,2,1,5,4,5,7,1,1,5,5,5,2,13,1,30,3,10,1,1,7,14,1,8,2,3,,44,16,1,22,9,121.5754785,25.07605011
111,5,5,9,52,2,10文山區,文山區保儀路與保儀路26巷口,0,0,1,1,B01,8,1,5,50,4,2,1,5,4,5,7,2,1,5,2,5,2,16,1,63,3,10,1,1,7,5,1,4,1,8,,42,42,1,22,9,121.5685456,24.9883312
111,5,5,9,52,2,10文山區,文山區保儀路與保儀路26巷口,0,0,1,2,C03,8,1,5,50,4,2,1,5,4,5,7,2,1,5,2,5,2,16,2,47,2,9,1,1,7,1,1,10,1,13,,19,42,1,22,9,121.5685456,24.9883312
111,5,5,10,0,2,02萬華區,萬華區康定路24號,0,0,2,1,C03,8,1,5,50,14,9,1,5,4,5,7,4,4,5,4,5,2,16,2,26,2,9,1,4,7,11,1,10,1,14,,10,10,1,22,9,121.5029271,25.04466975
111,5,5,10,0,2,02萬華區,萬華區康定路24號,0,0,2,2,C03,8,1,5,50,14,9,1,5,4,5,7,4,4,5,4,5,2,16,1,19,2,9,1,4,7,9,1,10,1,11,,44,10,1,22,9,121.5029271,25.04466975
111,5,5,10,0,2,02萬華區,萬華區康定路24號,0,0,2,3,B03,8,1,5,50,14,9,1,5,4,5,7,4,4,5,4,5,2,16,4,,4,11,3,4,7,13,7,19,11,15,,38,10,2,22,9,121.5029271,25.04466975
111,5,5,10,8,2,02萬華區,萬華區東園街66巷與東園街66巷24弄口,0,0,2,1,C03,7,1,5,30,4,2,1,5,4,5,7,4,4,10,5,5,1,17,2,31,2,7,3,4,7,9,1,10,2,11,,6,6,1,22,9,121.4953108,25.02506044
111,5,5,10,8,2,02萬華區,萬華區東園街66巷與東園街66巷24弄口,0,0,2,2,C03,7,1,5,30,4,2,1,5,4,5,7,4,4,10,5,5,1,17,2,45,2,6,3,4,7,9,1,10,2,13,,14,6,1,22,9,121.4953108,25.02506044
111,5,5,10,50,2,03中山區,中山區濱江街209號,0,0,1,1,B03,8,1,5,50,14,9,1,5,4,5,7,4,4,1,3,5,1,16,1,30,3,10,1,1,7,6,1,8,2,2,,9,9,1,22,9,121.5417366,25.07250209
111,5,5,10,50,2,03中山區,中山區濱江街209號,0,0,1,2,C03,8,1,5,50,14,9,1,5,4,5,7,4,4,1,3,5,1,16,1,41,2,9,1,1,7,9,1,10,2,14,,13,9,1,22,9,121.5417366,25.07250209
111,5,5,10,59,2,10文山區,文山區興隆路3段263號對面,0,0,1,1,C04,8,1,5,0,14,9,1,5,4,5,7,4,4,1,4,5,2,12,2,21,2,9,1,1,7,9,1,10,2,12,,43,43,1,22,9,121.558609,24.99229858
111,5,5,10,59,2,10文山區,文山區興隆路3段263號對面,0,0,1,2,B12,8,1,5,0,14,9,1,5,4,5,7,4,4,1,4,5,2,12,1,42,3,10,3,1,7,13,1,8,9,4,,43,43,1,22,9,121.558609,24.99229858
111,5,5,11,22,2,03中山區,中山區民族東路93號,0,0,2,1,B03,8,1,5,50,14,9,1,5,4,5,7,1,1,1,4,4,2,16,2,63,3,10,1,1,7,15,1,8,1,4,,40,40,1,22,9,121.5362744,25.06829091
111,5,5,11,22,2,03中山區,中山區民族東路93號,0,0,2,2,C03,8,1,5,50,14,9,1,5,4,5,7,1,1,1,4,4,2,16,2,72,2,9,1,1,7,9,1,10,1,12,,44,40,1,22,9,121.5362744,25.06829091
111,5,5,11,22,2,03中山區,中山區民族東路93號,0,0,2,3,C03,8,1,5,50,14,9,1,5,4,5,7,1,1,1,4,4,2,16,1,27,2,9,1,1,7,9,1,10,1,14,,44,40,1,22,9,121.5362744,25.06829091
111,5,5,11,40,2,10文山區,文山區忠順街2段24巷口,0,0,1,1,B03,8,1,5,30,14,9,1,5,4,5,5,4,4,5,2,5,2,16,1,28,3,10,1,1,7,5,1,8,1,1,,6,6,1,22,9,121.563377,24.984783
111,5,5,11,40,2,10文山區,文山區忠順街2段24巷口,0,0,1,2,C03,8,1,5,30,14,9,1,5,4,5,5,4,4,5,2,5,2,16,1,67,2,8,1,1,7,9,1,10,1,11,,14,6,1,22,9,121.563377,24.984783
111,5,5,11,40,2,10文山區,文山區忠順街2段24巷口,0,0,1,3,B02,8,1,5,30,14,9,1,5,4,5,5,4,4,5,2,5,2,16,1,44,4,11,3,4,7,15,7,19,9,15,,38,6,2,22,9,121.563377,24.984783
111,5,5,11,45,2,06松山區,松山區民生東路4段與光復北路口,0,0,1,1,C03,8,1,5,50,4,2,1,5,4,5,7,1,1,1,4,5,2,12,1,32,3,10,1,1,7,8,1,10,1,13,,7,7,1,22,9,121.5552288,25.0583116
111,5,5,11,45,2,06松山區,松山區民生東路4段與光復北路口,0,0,1,2,C03,8,1,5,50,4,2,1,5,4,5,7,1,1,1,4,5,2,12,1,39,2,9,1,1,7,9,1,10,1,11,,44,7,1,22,9,121.5552288,25.0583116
111,5,5,11,45,2,07信義區,信義區基隆路1段37巷30號,0,0,1,1,C03,8,1,5,30,14,9,1,5,4,5,7,4,4,10,5,5,2,11,2,60,2,9,3,4,7,9,1,10,1,11,,4,4,1,22,9,121.5688494,25.04591488
111,5,5,11,45,2,07信義區,信義區基隆路1段37巷30號,0,0,1,2,B03,8,1,5,30,14,9,1,5,4,5,7,4,4,10,5,5,2,11,1,40,3,10,3,4,7,6,1,8,1,5,,44,4,1,22,9,121.5688494,25.04591488
111,5,5,11,56,2,02萬華區,萬華區西園路1段與廣州街口,0,0,1,1,B01,8,1,5,50,4,1,1,5,4,5,7,2,1,5,4,5,2,17,1,56,3,10,1,1,7,5,1,4,1,5,,8,8,1,22,9,121.499398,25.03671638
111,5,5,11,56,2,02萬華區,萬華區西園路1段與廣州街口,0,0,1,2,C03,8,1,5,50,4,1,1,5,4,5,7,2,1,5,4,5,2,17,2,43,2,9,1,1,7,9,5,18,1,11,,44,8,1,22,9,121.499398,25.03671638
111,5,5,11,58,2,02萬華區,萬華區和平西路3段70號,0,0,1,1,C03,8,1,5,50,14,9,1,5,4,5,7,2,1,3,2,5,2,16,1,65,2,9,1,4,7,15,1,10,1,12,,26,26,1,22,9,121.5031055,25.03520096
111,5,5,11,58,2,02萬華區,萬華區和平西路3段70號,0,0,1,2,C03,8,1,5,50,14,9,1,5,4,5,7,2,1,3,2,5,2,16,1,27,3,10,1,4,7,9,1,10,1,11,,44,26,1,22,9,121.5031055,25.03520096
111,5,5,11,58,2,12內湖區,內湖區舊宗路2段121巷與瑞湖街口,0,0,1,1,B02,8,1,5,50,4,1,1,5,4,5,7,1,1,5,5,5,2,16,1,40,3,10,1,1,7,6,1,8,1,5,,6,6,1,22,9,121.576438,25.06899619
111,5,5,11,58,2,12內湖區,內湖區舊宗路2段121巷與瑞湖街口,0,0,1,2,C03,8,1,5,50,4,1,1,5,4,5,7,1,1,5,5,5,2,16,1,32,2,9,1,1,7,9,1,10,1,14,,23,6,1,22,9,121.576438,25.06899619
111,5,5,12,2,2,01大同區,大同區承德路3段與民權西路口,0,0,2,1,C03,8,1,5,50,4,2,1,5,4,5,7,2,1,1,4,5,2,13,1,18,2,9,3,4,7,9,1,10,2,11,,16,16,1,22,9,121.5182325,25.0629867
111,5,5,12,2,2,01大同區,大同區承德路3段與民權西路口,0,0,2,2,C03,8,1,5,50,4,2,1,5,4,5,7,2,1,1,4,5,2,13,1,21,2,9,3,4,7,14,1,10,2,13,,44,16,1,22,9,121.5182325,25.0629867
111,5,5,12,15,2,12內湖區,內湖區陽光街269號,0,0,2,1,C03,8,1,5,50,14,9,1,5,4,5,7,4,4,9,5,5,2,16,1,38,2,7,1,1,7,1,1,10,2,14,,19,19,1,22,9,121.5804183,25.07424835
111,5,5,12,15,2,12內湖區,內湖區陽光街269號,0,0,2,2,C03,8,1,5,50,14,9,1,5,4,5,7,4,4,9,5,5,2,16,2,61,2,7,1,1,7,9,1,10,2,11,,44,19,1,22,9,121.5804183,25.07424835
111,5,5,12,15,2,12內湖區,內湖區陽光街269號,0,0,2,3,C03,8,1,5,50,14,9,1,5,4,5,7,4,4,9,5,5,2,16,2,42,3,10,1,1,7,9,1,10,2,11,,44,19,1,22,9,121.5804183,25.07424835
111,5,5,12,25,2,07信義區,信義區忠孝東路5段210號,0,0,1,1,A04,8,1,5,50,14,9,1,5,4,5,7,4,4,1,4,5,2,16,1,47,3,10,1,1,7,8,1,2,2,6,,7,7,1,22,9,121.5706697,25.04092869
111,5,5,12,25,2,07信義區,信義區忠孝東路5段210號,0,0,1,2,C03,8,1,5,50,14,9,1,5,4,5,7,4,4,1,4,5,2,16,1,66,2,9,1,1,7,9,1,10,2,14,,44,7,1,22,9,121.5706697,25.04092869
111,5,5,12,32,2,09北投區,北投區中和街與中和街441巷口,0,0,1,1,B12,8,1,5,30,4,1,1,5,4,5,7,3,1,10,4,5,2,16,1,42,3,10,3,4,7,5,1,4,1,8,,6,6,1,22,9,121.49769,25.14428596
111,5,5,12,32,2,09北投區,北投區中和街與中和街441巷口,0,0,1,2,C03,8,1,5,30,4,1,1,5,4,5,7,3,1,10,4,5,2,16,1,42,2,9,1,1,7,9,1,10,1,14,,23,6,1,22,9,121.49769,25.14428596
111,5,5,13,30,2,04大安區,大安區敦化南路1段252巷與無名巷口,0,0,1,1,,8,1,5,30,3,1,1,5,4,5,7,4,4,5,5,5,2,17,4,,4,11,3,4,7,15,7,19,11,15,,43,43,2,22,9,121.5480778,25.03978845
111,5,5,13,30,2,04大安區,大安區敦化南路1段252巷與無名巷口,0,0,1,2,C03,8,1,5,30,3,1,1,5,4,5,7,4,4,5,5,5,2,17,2,28,2,9,1,4,7,9,1,10,1,11,,43,43,1,22,9,121.5480778,25.03978845
111,5,5,14,7,2,01大同區,大同區民權西路與大龍街口,0,0,1,1,C03,7,1,5,50,4,1,1,5,4,5,7,2,1,1,4,5,2,17,1,67,3,10,1,1,7,6,1,10,1,12,,25,25,1,22,9,121.5159798,25.06305634
111,5,5,14,7,2,01大同區,大同區民權西路與大龍街口,0,0,1,2,C03,7,1,5,50,4,1,1,5,4,5,7,2,1,1,4,5,2,17,2,57,2,8,1,1,7,9,1,10,1,12,,44,25,1,22,9,121.5159798,25.06305634
111,5,5,14,51,2,03中山區,中山區南京東路2段139號,0,0,1,1,B03,8,1,5,40,14,8,1,5,4,5,7,4,4,1,4,4,2,16,1,59,3,10,3,4,7,6,1,8,2,2,,9,9,1,22,9,121.5355046,25.05209731
111,5,5,14,51,2,03中山區,中山區南京東路2段139號,0,0,1,2,C03,8,1,5,40,14,8,1,5,4,5,7,4,4,1,4,4,2,16,1,31,2,9,3,4,7,9,3,18,2,11,,23,9,1,22,9,121.5355046,25.05209731
111,5,5,14,58,2,06松山區,松山區南京東路4段126號,0,0,1,1,C03,7,1,5,50,14,7,1,5,4,5,7,2,1,9,4,4,2,13,1,55,2,9,1,1,7,9,1,10,1,14,,16,16,1,22,9,121.5552377,25.05150894
111,5,5,14,58,2,06松山區,松山區南京東路4段126號,0,0,1,2,B01,7,1,5,50,14,7,1,5,4,5,7,2,1,9,4,4,2,13,1,46,3,10,1,1,7,14,1,4,1,6,,44,16,1,22,9,121.5552377,25.05150894
111,5,5,15,23,2,01大同區,大同區鄭州路與太原路11巷口,0,0,1,1,B03,7,1,5,30,3,1,1,5,4,5,7,4,4,1,4,5,2,17,1,35,3,10,3,4,7,6,1,8,2,4,,9,9,1,22,9,121.5157464,25.04913361
111,5,5,15,23,2,01大同區,大同區鄭州路與太原路11巷口,0,0,1,2,C03,7,1,5,30,3,1,1,5,4,5,7,4,4,1,4,5,2,17,1,47,2,9,3,4,7,9,1,10,2,11,,13,9,1,22,9,121.5157464,25.04913361
111,5,5,15,40,2,09北投區,北投區天母西路與天母西路130巷口,0,0,2,1,C03,8,1,5,50,4,1,1,5,4,5,7,2,1,5,4,5,1,16,1,37,2,9,1,1,7,5,1,10,1,12,,8,8,1,22,9,121.5223591,25.11910071
111,5,5,15,40,2,09北投區,北投區天母西路與天母西路130巷口,0,0,2,2,C03,8,1,5,50,4,1,1,5,4,5,7,2,1,5,4,5,1,16,1,24,2,9,1,1,7,9,1,9,1,11,,44,8,1,22,9,121.5223591,25.11910071
111,5,5,15,47,2,07信義區,信義區忠孝東路5段與松山路口,0,0,1,1,C03,8,1,5,50,4,2,1,5,4,5,7,1,1,1,4,5,2,17,1,34,2,9,3,4,7,9,1,10,1,14,,42,42,1,22,9,121.5776832,25.04079322
111,5,5,15,47,2,07信義區,信義區忠孝東路5段與松山路口,0,0,1,2,B03,8,1,5,50,4,2,1,5,4,5,7,1,1,1,4,5,2,17,1,39,3,10,3,4,7,14,1,8,1,3,,44,42,1,22,9,121.5776832,25.04079322
111,5,5,15,47,2,07信義區,信義區忠孝東路5段與松山路口,0,0,1,3,B03,8,1,5,50,4,2,1,5,4,5,7,1,1,1,4,5,2,17,2,40,3,10,3,4,7,7,1,8,1,15,,7,42,1,22,9,121.5776832,25.04079322
111,5,5,15,51,2,05中正區,中正區市民大道2段與金山北路口口,0,0,1,1,C03,8,1,5,40,14,9,1,5,4,5,7,2,1,9,4,5,1,13,2,43,2,5,1,1,7,4,1,10,2,11,,16,16,1,21,1,121.5304423,25.04599692
111,5,5,15,51,2,05中正區,中正區市民大道2段與金山北路口口,0,0,1,2,B03,8,1,5,40,14,9,1,5,4,5,7,2,1,9,4,5,1,13,1,31,3,10,1,1,7,12,1,8,2,7,,44,16,1,21,1,121.5304423,25.04599692
111,5,5,15,53,2,03中山區,中山區新生北路2段與錦州街口,0,0,1,1,B01,8,1,5,50,4,1,1,5,4,5,7,1,1,5,4,5,2,13,1,69,3,10,1,1,7,9,1,4,1,8,,23,23,1,22,9,121.5274825,25.06025256
111,5,5,15,53,2,03中山區,中山區新生北路2段與錦州街口,0,0,1,2,C04,8,1,5,50,4,1,1,5,4,5,7,1,1,5,4,5,2,13,2,27,2,7,1,1,7,5,1,10,1,13,14,8,23,1,22,9,121.5274825,25.06025256
111,5,5,16,0,2,11南港區,南港區福德街309巷與福德街251巷7弄口,0,0,1,1,C04,8,1,5,30,14,9,1,5,4,5,6,4,4,10,5,5,2,17,1,47,3,10,1,1,7,7,1,10,1,11,,7,7,1,22,9,121.5880307,25.038486
111,5,5,16,0,2,11南港區,南港區福德街309巷與福德街251巷7弄口,0,0,1,2,C03,8,1,5,30,14,9,1,5,4,5,6,4,4,10,5,5,2,17,2,56,2,9,1,1,7,9,1,10,1,14,,44,7,1,22,9,121.5880307,25.038486
111,5,5,16,0,2,11南港區,南港區福德街309巷與福德街251巷7弄口,0,0,1,3,A12,8,1,5,30,14,9,1,5,4,5,6,4,4,10,5,5,2,17,1,24,3,10,1,1,7,14,1,3,9,15,,38,7,1,22,9,121.5880307,25.038486
111,5,5,16,1,2,02萬華區,萬華區寶興街與寶興街80巷口,0,0,1,1,B12,7,1,5,50,4,1,1,5,4,5,7,2,1,9,4,5,2,9,2,41,3,10,1,1,7,2,1,8,2,3,,12,12,1,22,9,121.4942827,25.02605326
111,5,5,16,1,2,02萬華區,萬華區寶興街與寶興街80巷口,0,0,1,2,H01,7,1,5,50,4,1,1,5,4,5,7,2,1,9,4,5,2,9,2,87,2,9,4,5,8,20,8,20,2,16,,67,12,1,22,9,121.4942827,25.02605326
111,5,5,16,1,2,04大安區,大安區辛亥隧道往西(大安方向),0,0,1,1,C03,7,3,5,40,6,9,1,5,4,5,7,4,4,10,4,5,2,20,2,40,2,9,1,1,7,9,1,10,1,12,,43,43,1,22,9,121.5544157,25.01269077
111,5,5,16,1,2,04大安區,大安區辛亥隧道往西(大安方向),0,0,1,2,,7,3,5,40,6,9,1,5,4,5,7,4,4,10,4,5,2,20,3,,,,,,,,,,,,,67,43,1,,,121.5544157,25.01269077
111,5,5,16,9,2,05中正區,中正區羅斯福路2段與潮州街3巷口口,0,0,1,1,C03,8,1,5,30,5,1,1,5,4,5,7,1,1,1,5,5,2,16,1,67,3,10,1,1,7,5,1,10,1,11,,23,23,1,22,9,121.5203342,25.0297955
111,5,5,16,9,2,05中正區,中正區羅斯福路2段與潮州街3巷口口,0,0,1,2,F01,8,1,5,30,5,1,1,5,4,5,7,1,1,1,5,5,2,16,1,67,2,9,1,1,7,9,8,20,1,16,,26,23,1,22,9,121.5203342,25.0297955
111,5,5,16,11,2,02萬華區,萬華區中華路1段與貴陽街2段口,0,0,1,1,B03,7,1,5,50,4,2,1,5,4,5,7,2,1,5,4,5,1,17,1,80,3,10,3,4,7,5,1,8,1,8,,23,23,1,22,9,121.5072482,25.03916238
111,5,5,16,11,2,02萬華區,萬華區中華路1段與貴陽街2段口,0,0,1,2,C03,7,1,5,50,4,2,1,5,4,5,7,2,1,5,4,5,1,17,2,25,2,9,3,4,7,5,1,10,1,13,,44,23,1,22,9,121.5072482,25.03916238
111,5,5,16,16,2,09北投區,北投區育仁路與大同街口,0,0,1,1,C03,8,1,5,30,5,1,1,5,4,5,7,3,1,10,5,5,2,16,2,36,2,9,1,1,7,5,1,10,2,14,,8,8,1,22,9,121.4985266,25.13393926
111,5,5,16,16,2,09北投區,北投區育仁路與大同街口,0,0,1,2,C03,8,1,5,30,5,1,1,5,4,5,7,3,1,10,5,5,2,16,1,16,3,10,1,1,7,9,2,18,2,11,,13,8,1,22,9,121.4985266,25.13393926
111,5,5,16,21,2,02萬華區,萬華區西藏路125巷22號前,0,0,2,1,C03,7,2,5,30,14,9,1,5,4,5,7,4,4,10,5,5,2,16,1,33,2,5,1,1,7,7,1,10,1,14,,7,7,1,22,9,121.5029645,25.0271972
111,5,5,16,21,2,02萬華區,萬華區西藏路125巷22號前,0,0,2,2,C01,7,2,5,30,14,9,1,5,4,5,7,4,4,10,5,5,2,16,1,51,2,8,1,1,7,9,1,9,1,11,,44,7,1,22,9,121.5029645,25.0271972
111,5,5,16,31,2,04大安區,大安區辛亥路3段與復興南路2段口,0,0,1,1,B03,8,2,5,50,3,1,1,5,4,5,7,2,1,1,4,5,1,11,2,19,3,10,1,4,7,5,1,8,1,4,,17,17,1,22,9,121.543514,25.02101437
111,5,5,16,31,2,04大安區,大安區辛亥路3段與復興南路2段口,0,0,1,2,C03,8,2,5,50,3,1,1,5,4,5,7,2,1,1,4,5,1,11,2,33,2,8,1,4,7,5,1,10,1,11,,23,17,1,22,9,121.543514,25.02101437
111,5,5,16,33,2,10文山區,文山區木柵路2段與興隆路4段口,0,0,3,1,C04,7,1,5,50,14,9,1,5,4,5,7,1,1,5,4,5,2,13,1,22,2,9,1,4,7,9,1,10,2,11,,16,16,1,22,9,121.5601101,24.98871843
111,5,5,16,33,2,10文山區,文山區木柵路2段與興隆路4段口,0,0,3,2,C03,7,1,5,50,14,9,1,5,4,5,7,1,1,5,4,5,2,13,2,41,2,9,1,4,7,14,1,10,2,13,,44,16,1,22,9,121.5601101,24.98871843
111,5,5,16,33,2,10文山區,文山區木柵路2段與興隆路4段口,0,0,3,3,H02,7,1,5,50,14,9,1,5,4,5,7,1,1,5,4,5,2,13,1,21,2,8,1,5,7,21,8,20,10,16,,67,16,1,22,9,121.5601101,24.98871843
111,5,5,16,40,2,08士林區,士林區文昌路與美崙街口,0,0,2,1,C03,8,1,5,30,4,1,1,5,4,5,7,2,1,9,4,5,1,17,1,29,2,9,1,1,7,5,6,18,2,12,,8,8,1,22,9,121.5208508,25.09685246
111,5,5,16,40,2,08士林區,士林區文昌路與美崙街口,0,0,2,2,C03,8,1,5,30,4,1,1,5,4,5,7,2,1,9,4,5,1,17,2,18,2,9,1,1,7,9,1,10,2,14,,13,8,1,22,9,121.5208508,25.09685246
111,5,5,17,20,2,03中山區,中山區八德路2段312巷與復興南路1段30巷口,0,0,1,1,B03,8,1,5,30,3,1,1,5,4,5,7,4,4,8,3,5,1,16,1,61,3,10,1,1,7,5,1,8,1,6,,6,6,1,22,9,121.5429801,25.04641452
111,5,5,17,20,2,03中山區,中山區八德路2段312巷與復興南路1段30巷口,0,0,1,2,C03,8,1,5,30,3,1,1,5,4,5,7,4,4,8,3,5,1,16,1,57,2,6,1,1,7,9,1,10,1,14,,13,6,1,22,9,121.5429801,25.04641452
111,5,5,18,45,2,10文山區,文山區羅斯福路6段與景福街口,0,0,2,1,B03,8,3,5,40,4,1,1,5,4,5,7,2,1,9,5,5,2,9,2,32,3,10,1,1,7,5,1,8,2,1,,15,15,1,22,9,121.5410139,24.99324151
111,5,5,18,45,2,10文山區,文山區羅斯福路6段與景福街口,0,0,2,2,H01,8,3,5,40,4,1,1,5,4,5,7,2,1,9,5,5,2,9,1,21,2,9,4,5,8,16,8,20,10,16,,67,15,1,22,9,121.5410139,24.99324151
111,5,5,18,45,2,10文山區,文山區羅斯福路6段與景福街口,0,0,2,3,H01,8,3,5,40,4,1,1,5,4,5,7,2,1,9,5,5,2,9,2,20,2,9,4,5,8,16,8,20,10,16,,67,15,1,22,9,121.5410139,24.99324151
111,5,5,18,55,2,05中正區,中正區林森南路與青島東路口,0,0,2,2,C03,8,3,5,0,4,1,1,5,4,5,7,1,1,9,4,5,2,17,1,57,2,7,1,4,7,9,1,10,2,11,,13,6,1,22,9,121.5230182,25.0436223
111,5,5,18,55,2,05中正區,中正區林森南路與青島東路口,0,0,2,1,C03,8,3,5,0,4,1,1,5,4,5,7,1,1,9,4,5,2,17,1,45,2,9,1,4,7,5,1,10,2,12,,6,6,1,22,9,121.5230182,25.0436223
111,5,5,19,0,2,08士林區,士林區中山北路5段470巷,0,0,2,1,C03,8,3,8,50,15,22,1,5,4,5,7,4,4,1,5,1,2,17,2,20,2,9,1,1,7,9,1,10,1,14,,44,44,1,22,9,121.527929,25.09221769