發生年度,發生月,發生日,發生時-Hours,發生分,處理別-編號,區序,肇事地點,死亡人數,2-30日死亡人數,受傷人數,當事人序號,車種,天候,光線,道路類別,速限-速度限制,道路型態,事故位置,路面狀況1,路面狀況2,路面狀況3,道路障礙1,道路障礙2,號誌1,號誌2,車道劃分-分向,車道劃分-分道1,車道劃分-分道2,車道劃分-分道3,事故類型及型態,性別,年齡,受傷程度,主要傷處,安全帽,行動電話,車輛用途,當事者行動狀態,駕駛資格情形,駕駛執照種類,飲酒情形,車輛撞擊部位1,車輛撞擊部位2,肇因碼-個別,肇因碼-主要,個人肇逃否,職業,旅次目的,座標-X,座標-Y
111,5,5,19,0,2,08士林區,士林區中山北路5段470巷,0,0,2,2,C03,8,3,8,50,15,22,1,5,4,5,7,4,4,1,5,1,2,17,1,19,2,9,1,1,7,6,1,10,1,13,,27,44,1,22,9,121.527929,25.09221769
111,5,5,19,0,2,09北投區,北投區明德路333巷38號,0,0,1,1,B03,8,3,5,50,14,9,1,5,4,5,7,4,4,10,5,5,2,17,1,30,3,10,1,1,7,1,1,8,1,4,,19,19,1,22,9,121.5181529,25.1166179
111,5,5,19,0,2,09北投區,北投區明德路333巷38號,0,0,1,2,C03,8,3,5,50,14,9,1,5,4,5,7,4,4,10,5,5,2,17,1,48,2,8,1,1,7,14,1,10,1,15,,44,19,1,22,9,121.5181529,25.1166179
111,5,5,19,51,2,01大同區,大同區通河西街1段明倫高中後堤防,0,0,1,1,B03,7,3,5,0,3,2,1,5,4,5,7,4,4,10,5,5,2,17,1,63,4,11,3,4,7,15,7,19,11,15,,44,44,2,22,9,121.5201163,25.07672931
111,5,5,19,51,2,01大同區,大同區通河西街1段明倫高中後堤防,0,0,1,2,C03,7,3,5,0,3,2,1,5,4,5,7,4,4,10,5,5,2,17,2,25,2,9,1,1,7,9,1,10,2,12,,42,44,1,22,9,121.5201163,25.07672931
111,5,5,21,16,2,04大安區,大安區和平東路2段與新生南路2段口,0,0,2,1,C03,7,3,5,50,4,1,1,5,4,5,7,2,1,3,1,5,2,13,1,23,2,7,1,1,7,9,1,10,1,11,,23,16,1,22,9,121.5349474,25.0260704
111,5,5,21,16,2,04大安區,大安區和平東路2段與新生南路2段口,0,0,2,2,C03,7,3,5,50,4,1,1,5,4,5,7,2,1,3,1,5,2,13,2,43,2,9,1,1,7,14,1,10,1,13,,16,16,1,22,9,121.5349474,25.0260704
111,5,5,22,5,2,04大安區,大安區復興南路2段148號,0,0,2,1,C04,8,3,5,50,14,9,1,5,4,5,7,4,4,5,2,5,2,17,2,30,2,9,1,1,7,15,1,10,1,14,,4,4,1,22,9,121.5432032,25.02840869
111,5,5,22,5,2,04大安區,大安區復興南路2段148號,0,0,2,2,C04,8,3,5,50,14,9,1,5,4,5,7,4,4,5,2,5,2,17,2,24,2,9,1,1,7,9,1,10,1,11,,44,4,1,22,9,121.5432032,25.02840869
111,5,5,22,18,2,07信義區,信義區基隆路1段11號,0,0,1,1,C04,8,3,5,50,14,9,1,5,4,5,7,1,1,1,4,5,2,13,2,21,2,9,1,1,7,9,1,10,1,11,,23,23,1,22,9,121.5691803,25.0487882
111,5,5,22,18,2,07信義區,信義區基隆路1段11號,0,0,1,2,B01,8,3,5,50,14,9,1,5,4,5,7,1,1,1,4,5,2,13,1,34,3,10,1,1,7,14,1,4,1,6,,44,23,1,22,9,121.5691803,25.0487882
111,5,5,22,40,2,03中山區,中山區自強隧道南往北往士林,0,0,2,1,C03,7,3,5,50,10,9,1,5,4,5,7,4,4,1,1,1,1,12,2,19,2,9,3,4,7,8,1,10,9,12,,7,7,1,22,9,121.5496173,25.0871547
111,5,5,22,40,2,03中山區,中山區自強隧道南往北往士林,0,0,2,2,C03,7,3,5,50,10,9,1,5,4,5,7,4,4,1,1,1,1,12,1,26,2,7,3,4,7,9,6,18,9,14,,23,7,1,22,9,121.5496173,25.0871547
111,5,5,23,0,2,08士林區,士林區中山北路6段與福國路口旁,0,0,1,1,C03,8,3,5,50,3,2,1,5,4,5,7,4,4,3,4,5,2,13,2,19,2,9,1,4,7,9,1,10,1,11,,16,16,1,22,9,121.5254683,25.10275764
111,5,5,23,0,2,08士林區,士林區中山北路6段與福國路口旁,0,0,1,2,B03,8,3,5,50,3,2,1,5,4,5,7,4,4,3,4,5,2,13,2,44,3,10,3,4,7,9,1,8,1,3,,44,16,1,22,9,121.5254683,25.10275764
111,5,6,0,23,2,03中山區,中山區新生北路2段與新生北路2段137巷口,0,0,1,1,C03,7,3,5,50,3,2,1,5,4,5,7,4,4,1,4,5,2,17,1,22,2,9,1,1,7,9,3,18,2,14,,13,13,1,22,9,121.527881,25.06116512
111,5,6,0,23,2,03中山區,中山區新生北路2段與新生北路2段137巷口,0,0,1,2,B01,7,3,5,50,3,2,1,5,4,5,7,4,4,1,4,5,2,17,1,45,3,10,1,1,7,13,1,4,11,3,,44,13,1,22,9,121.527881,25.06116512
111,5,6,0,28,2,01大同區,大同區鄭州路與西寧北路口,0,0,3,1,C03,7,3,5,40,4,1,1,5,4,5,7,2,1,1,4,5,2,17,1,19,2,8,1,1,7,5,1,10,2,14,,8,8,1,22,9,121.5081544,25.0506002
111,5,6,0,28,2,01大同區,大同區鄭州路與西寧北路口,0,0,3,2,C03,7,3,5,40,4,1,1,5,4,5,7,2,1,1,4,5,2,17,1,20,2,9,1,1,7,9,1,10,2,12,,26,8,1,22,9,121.5081544,25.0506002
111,5,6,0,28,2,01大同區,大同區鄭州路與西寧北路口,0,0,3,3,H02,7,3,5,40,4,1,1,5,4,5,7,2,1,1,4,5,2,17,2,20,2,9,4,5,7,20,8,20,10,16,,67,8,1,22,9,121.5081544,25.0506002
111,5,6,4,43,2,02萬華區,萬華區堤外便道與萬大路口水門口,0,0,1,1,C03,7,2,8,50,3,1,1,5,4,5,7,1,1,1,5,5,1,16,1,62,2,8,3,4,7,11,1,10,1,12,,10,10,1,22,9,121.4881965,25.030935
111,5,6,4,43,2,02萬華區,萬華區堤外便道與萬大路口水門口,0,0,1,2,B12,7,2,8,50,3,1,1,5,4,5,7,1,1,1,5,5,1,16,1,56,3,10,3,4,7,9,1,8,1,1,,44,10,1,22,9,121.4881965,25.030935
111,5,6,7,19,2,04大安區,大安區復興南路1段與復興南路1段297巷口口,0,0,1,1,C03,7,1,5,50,4,2,1,5,4,5,7,2,1,8,4,5,1,13,2,32,2,8,3,4,7,9,1,10,1,11,,16,16,1,22,9,121.5438912,25.0352254
111,5,6,7,19,2,04大安區,大安區復興南路1段與復興南路1段297巷口口,0,0,1,2,B03,7,1,5,50,4,2,1,5,4,5,7,2,1,8,4,5,1,13,1,50,3,10,3,4,7,12,1,8,1,3,,44,16,1,22,9,121.5438912,25.0352254
111,5,6,7,40,2,12內湖區,內湖區陽光街349號前,0,0,2,1,C03,8,1,5,50,14,9,1,5,4,5,7,4,4,5,5,5,2,13,1,26,2,9,1,1,7,9,1,10,1,11,,23,23,1,22,9,121.5775009,25.07314995
111,5,6,7,40,2,12內湖區,內湖區陽光街349號前,0,0,2,2,C03,8,1,5,50,14,9,1,5,4,5,7,4,4,5,5,5,2,13,1,55,2,9,1,1,7,14,1,10,1,13,,44,23,1,22,9,121.5775009,25.07314995
111,5,6,7,40,2,12內湖區,內湖區陽光街349號前,0,0,2,3,B01,8,1,5,50,14,9,1,5,4,5,7,4,4,5,5,5,2,13,1,57,3,10,3,4,7,13,1,4,1,7,,38,23,1,22,9,121.5775009,25.07314995
111,5,6,7,51,2,06松山區,松山區松河街180號,0,0,2,1,F01,7,1,5,30,14,9,1,5,4,5,7,4,4,9,4,5,2,16,2,70,2,9,1,1,7,7,8,20,1,16,,7,7,1,22,9,121.5766748,25.05140906
111,5,6,7,51,2,06松山區,松山區松河街180號,0,0,2,2,C03,7,1,5,30,14,9,1,5,4,5,7,4,4,9,4,5,2,16,2,41,2,9,1,1,7,9,1,10,1,11,,44,7,1,22,9,121.5766748,25.05140906
111,5,6,8,3,2,04大安區,大安區通化街171巷9號,0,0,2,1,C03,8,1,5,50,14,9,1,5,4,5,7,4,4,9,4,5,2,10,1,24,2,8,1,2,7,4,1,10,8,11,,21,21,1,22,9,121.554241,25.0279512
111,5,6,8,3,2,04大安區,大安區通化街171巷9號,0,0,2,2,C03,8,1,5,50,14,9,1,5,4,5,7,4,4,9,4,5,2,10,2,36,2,7,1,1,7,9,1,10,2,11,,44,21,1,22,9,121.554241,25.0279512
111,5,6,8,3,2,04大安區,大安區通化街171巷9號,0,0,2,3,B03,8,1,5,50,14,9,1,5,4,5,7,4,4,9,4,5,2,10,1,55,3,10,1,1,7,13,1,8,1,1,,44,21,1,22,9,121.554241,25.0279512
111,5,6,8,4,2,04大安區,大安區樂利路11巷與通化街200巷口口,0,0,1,1,B12,7,1,5,50,4,2,1,5,4,5,7,4,4,8,4,5,1,17,1,60,3,10,3,4,7,15,1,4,9,4,,35,35,1,22,9,121.5516684,25.0284122
111,5,6,8,4,2,04大安區,大安區樂利路11巷與通化街200巷口口,0,0,1,2,C04,7,1,5,50,4,2,1,5,4,5,7,4,4,8,4,5,1,17,2,29,2,9,3,4,7,15,1,10,1,11,,44,35,1,22,9,121.5516684,25.0284122
111,5,6,8,10,2,08士林區,士林區中山北路4段與通河街口,0,0,3,1,C03,7,1,5,50,3,1,1,5,4,5,7,1,1,1,1,5,1,16,1,37,2,5,1,1,7,6,1,10,1,12,,6,6,1,22,9,121.5242533,25.07990524
111,5,6,8,10,2,08士林區,士林區中山北路4段與通河街口,0,0,3,2,C03,7,1,5,50,3,1,1,5,4,5,7,1,1,1,1,5,1,16,2,24,2,9,1,1,7,9,1,10,1,11,,13,6,1,22,9,121.5242533,25.07990524
111,5,6,8,10,2,08士林區,士林區中山北路4段與通河街口,0,0,3,3,H02,7,1,5,50,3,1,1,5,4,5,7,1,1,1,1,5,1,16,2,29,2,9,1,1,7,20,8,20,10,16,,67,6,1,22,9,121.5242533,25.07990524
111,5,6,8,35,2,12內湖區,內湖區東湖路119巷49弄與東湖路113巷口,0,0,3,1,C03,7,1,5,50,4,1,1,5,4,5,7,1,1,5,5,5,2,16,2,25,2,7,1,1,7,5,1,10,1,14,,8,8,1,22,9,121.6161403,25.0701662
111,5,6,8,35,2,12內湖區,內湖區東湖路119巷49弄與東湖路113巷口,0,0,3,2,C03,7,1,5,50,4,1,1,5,4,5,7,1,1,5,5,5,2,16,2,34,2,9,1,1,7,9,1,10,1,12,,44,8,1,22,9,121.6161403,25.0701662
111,5,6,8,35,2,12內湖區,內湖區東湖路119巷49弄與東湖路113巷口,0,0,3,3,H02,7,1,5,50,4,1,1,5,4,5,7,1,1,5,5,5,2,16,2,5,2,8,1,5,7,21,8,20,10,16,,67,8,1,22,9,121.6161403,25.0701662
111,5,6,8,36,2,02萬華區,萬華區環河快速道路往南(忠孝橋匝道接環快),0,0,1,1,C02,8,1,5,60,10,9,1,5,4,5,7,4,4,2,4,5,2,17,1,49,2,8,1,1,7,7,1,9,1,14,,6,6,1,22,9,121.5041351,25.04734833
111,5,6,8,36,2,02萬華區,萬華區環河快速道路往南(忠孝橋匝道接環快),0,0,1,2,B03,8,1,5,60,10,9,1,5,4,5,7,4,4,2,4,5,2,17,1,32,3,10,1,1,7,9,1,8,1,2,,13,6,1,22,9,121.5041351,25.04734833
111,5,6,8,37,2,01大同區,大同區民樂街與南京西路口,0,0,1,1,C03,8,1,5,50,14,9,1,5,4,5,7,1,1,9,4,5,1,17,1,23,2,9,1,1,7,9,1,10,1,11,,43,43,1,22,9,121.5109739,25.05382067
111,5,6,8,37,2,01大同區,大同區民樂街與南京西路口,0,0,1,2,C03,8,1,5,50,14,9,1,5,4,5,7,1,1,9,4,5,1,17,1,41,3,10,1,1,7,9,1,10,1,14,,43,43,1,22,9,121.5109739,25.05382067
111,5,6,8,50,2,07信義區,信義區永吉路369號,0,0,2,1,C03,7,1,5,50,14,9,1,5,4,5,7,4,4,1,4,4,1,12,1,20,2,9,1,1,7,8,1,10,1,12,,7,7,1,22,9,121.5768128,25.0455601
111,5,6,8,50,2,07信義區,信義區永吉路369號,0,0,2,2,F01,7,1,5,50,14,9,1,5,4,5,7,4,4,1,4,4,1,12,2,65,2,9,1,1,7,9,8,20,1,16,,44,7,1,22,9,121.5768128,25.0455601
111,5,6,8,51,2,08士林區,士林區士商路與基河路240巷口,0,0,1,1,B03,8,1,5,50,4,1,1,5,4,5,7,1,1,5,5,5,2,12,1,70,3,10,1,1,7,5,1,8,1,1,,6,6,1,22,9,121.5202187,25.09055879
111,5,6,8,51,2,08士林區,士林區士商路與基河路240巷口,0,0,1,2,C03,8,1,5,50,4,1,1,5,4,5,7,1,1,5,5,5,2,12,2,24,2,8,1,1,7,9,1,10,1,13,,44,6,1,22,9,121.5202187,25.09055879
111,5,6,9,0,2,02萬華區,萬華區環河南路2段與雙園街口,0,0,1,1,B12,8,1,5,50,4,1,1,5,4,5,7,2,1,1,4,5,2,11,1,54,3,10,1,1,7,5,1,8,1,2,,6,6,1,22,9,121.491429,25.03208099
111,5,6,9,0,2,02萬華區,萬華區環河南路2段與雙園街口,0,0,1,2,C03,8,1,5,50,4,1,1,5,4,5,7,2,1,1,4,5,2,11,1,42,2,9,1,1,7,9,1,10,1,11,,44,6,1,22,9,121.491429,25.03208099
111,5,6,9,35,2,06松山區,松山區南京東路4段與敦化北路口,0,0,1,1,B03,8,1,5,50,4,1,1,5,4,5,7,2,1,1,5,5,2,16,1,35,3,10,1,4,7,6,1,8,1,2,,9,9,1,22,9,121.5489606,25.051827
111,5,6,9,35,2,06松山區,松山區南京東路4段與敦化北路口,0,0,1,2,F06,8,1,5,50,4,1,1,5,4,5,7,2,1,1,5,5,2,16,2,29,2,9,1,1,7,9,8,20,1,16,,26,9,1,22,9,121.5489606,25.051827
111,5,6,9,56,2,04大安區,大安區和平東路2段與建國南路2段口,0,0,1,1,B03,7,1,5,50,14,9,1,5,4,5,7,2,1,9,4,5,2,12,1,41,4,11,3,4,7,15,7,19,11,15,,43,43,2,22,9,121.5377887,25.02553362
111,5,6,9,56,2,04大安區,大安區和平東路2段與建國南路2段口,0,0,1,2,C03,7,1,5,50,14,9,1,5,4,5,7,2,1,9,4,5,2,12,1,29,2,8,1,1,7,9,1,10,2,14,,42,43,1,22,9,121.5377887,25.02553362
111,5,6,10,1,2,09北投區,北投區承德路7段236號,0,0,1,1,C03,8,1,5,60,14,7,1,5,4,4,7,4,4,1,4,4,2,24,1,22,2,9,1,4,7,9,1,10,1,11,,23,23,1,22,9,121.506418,25.11519272
111,5,6,10,1,2,09北投區,北投區承德路7段236號,0,0,1,2,,8,1,5,60,14,7,1,5,4,4,7,4,4,1,4,4,2,24,3,,,,,,,,,,,,,67,23,1,,,121.506418,25.11519272
111,5,6,10,46,2,09北投區,北投區竹子湖路小觀音停車場前,0,0,1,1,B03,4,1,5,40,14,9,1,4,4,5,6,4,4,5,4,5,2,17,2,25,3,10,1,1,7,5,1,8,1,8,,8,8,1,22,9,121.5466959,25.18013532
111,5,6,10,46,2,09北投區,北投區竹子湖路小觀音停車場前,0,0,1,2,C03,4,1,5,40,14,9,1,4,4,5,6,4,4,5,4,5,2,17,1,33,2,9,1,1,7,9,1,10,1,11,,44,8,1,22,9,121.5466959,25.18013532
111,5,6,10,54,2,08士林區,士林區天母東路與天母東路50巷口口,0,0,1,1,B03,8,1,5,50,3,2,1,5,4,5,7,4,4,3,4,5,1,12,1,56,3,10,1,1,7,6,1,8,1,6,,5,5,1,22,9,121.5334485,25.11802923
111,5,6,10,54,2,08士林區,士林區天母東路與天母東路50巷口口,0,0,1,2,C03,8,1,5,50,3,2,1,5,4,5,7,4,4,3,4,5,1,12,2,27,2,8,1,1,7,9,1,10,1,11,,44,5,1,22,9,121.5334485,25.11802923
111,5,6,10,54,2,08士林區,士林區天母東路與天母東路50巷口口,0,0,1,3,B03,8,1,5,50,3,2,1,5,4,5,7,4,4,3,4,5,1,12,2,62,3,10,3,4,7,14,1,8,9,8,,38,5,1,22,9,121.5334485,25.11802923
111,5,6,11,7,2,01大同區,大同區太原路與民生西路口,0,0,1,1,B01,8,1,5,50,3,2,1,5,4,5,7,2,1,5,4,5,2,3,1,57,3,10,3,4,7,5,1,4,2,1,,15,15,1,22,9,121.5168959,25.05716833
111,5,6,11,7,2,01大同區,大同區太原路與民生西路口,0,0,1,2,H01,8,1,5,50,3,2,1,5,4,5,7,2,1,5,4,5,2,3,2,70,2,9,3,4,8,21,8,20,10,16,,67,15,1,22,9,121.5168959,25.05716833
111,5,6,11,15,2,02萬華區,萬華區華中橋往新北市與水源快速道路口匝道,0,0,3,1,C03,7,1,5,40,3,2,1,5,4,5,7,1,1,1,5,5,2,12,1,59,2,9,1,1,7,8,1,10,1,12,,7,7,1,22,9,121.4955018,25.01647626
111,5,6,11,15,2,02萬華區,萬華區華中橋往新北市與水源快速道路口匝道,0,0,3,2,C03,7,1,5,40,3,2,1,5,4,5,7,1,1,1,5,5,2,12,1,46,2,7,1,1,7,9,1,10,1,14,,23,7,1,22,9,121.4955018,25.01647626
111,5,6,11,15,2,02萬華區,萬華區華中橋往新北市與水源快速道路口匝道,0,0,3,3,H02,7,1,5,40,3,2,1,5,4,5,7,1,1,1,5,5,2,12,2,55,2,9,4,5,7,20,8,20,10,16,,67,7,1,22,9,121.4955018,25.01647626
111,5,6,11,17,2,08士林區,士林區至善路2段與故宮路口,0,0,2,1,C03,8,1,5,50,4,4,1,5,4,5,7,2,1,3,2,5,1,13,1,68,2,9,1,1,7,9,1,10,1,11,,43,43,1,22,9,121.5466542,25.09804155
111,5,6,11,17,2,08士林區,士林區至善路2段與故宮路口,0,0,2,2,C03,8,1,5,50,4,4,1,5,4,5,7,2,1,3,2,5,1,13,2,45,2,9,1,1,7,14,1,10,1,14,,43,43,1,22,9,121.5466542,25.09804155
111,5,6,11,19,2,05中正區,中正區中華路2段與愛國西路口,0,0,1,1,A02,8,1,5,50,5,1,1,5,4,5,7,2,1,1,4,5,2,9,1,52,3,10,1,1,7,9,1,2,1,15,,44,44,1,22,9,121.5069331,25.03715763
111,5,6,11,19,2,05中正區,中正區中華路2段與愛國西路口,0,0,1,2,H02,8,1,5,50,5,1,1,5,4,5,7,2,1,1,4,5,2,9,2,54,2,9,2,1,7,19,8,20,10,15,,67,44,1,22,9,121.5069331,25.03715763
111,5,6,11,19,2,05中正區,中正區中華路2段與愛國西路口,0,0,1,3,B03,8,1,5,50,5,1,1,5,4,5,7,2,1,1,4,5,2,9,1,73,3,10,1,1,7,6,1,8,1,15,,9,44,1,22,9,121.5069331,25.03715763
111,5,6,11,30,2,02萬華區,萬華區和平西路3段與康定路口,0,0,2,1,F01,8,1,5,50,4,1,1,5,4,5,7,1,1,1,4,5,1,15,1,77,2,9,1,1,7,9,8,20,1,16,,25,25,1,22,9,121.5012095,25.03518706
111,5,6,11,30,2,02萬華區,萬華區和平西路3段與康定路口,0,0,2,2,C03,8,1,5,50,4,1,1,5,4,5,7,1,1,1,4,5,1,15,1,21,2,9,1,1,7,9,3,18,1,11,,23,25,1,22,9,121.5012095,25.03518706
111,5,6,11,34,2,06松山區,松山區塔悠路基六號水門內,0,0,1,1,B03,8,1,5,30,11,9,1,5,4,5,7,4,4,10,5,5,2,11,2,45,3,10,1,1,7,9,1,8,1,8,,23,23,1,22,9,121.5682324,25.06529372
111,5,6,11,34,2,06松山區,松山區塔悠路基六號水門內,0,0,1,2,C03,8,1,5,30,11,9,1,5,4,5,7,4,4,10,5,5,2,11,1,43,2,9,1,1,7,9,1,10,1,11,,23,23,1,22,9,121.5682324,25.06529372
111,5,6,11,34,2,07信義區,信義區吳興街600巷120號,0,0,1,1,B01,8,1,5,30,14,9,1,5,4,5,7,4,4,10,5,5,2,9,1,50,3,10,3,4,7,2,1,4,2,3,,12,12,1,22,9,121.5722559,25.01841531
111,5,6,11,34,2,07信義區,信義區吳興街600巷120號,0,0,1,2,H03,8,1,5,30,14,9,1,5,4,5,7,4,4,10,5,5,2,9,1,41,2,7,4,5,8,17,8,20,10,16,,60,12,1,22,9,121.5722559,25.01841531
111,5,6,11,39,2,10文山區,文山區木柵路1段與試院路口(單號),0,0,1,1,B03,7,1,5,50,14,9,1,5,4,5,7,2,1,5,4,5,2,13,1,62,3,10,1,1,7,9,1,8,1,1,,23,23,1,22,9,121.549128,24.9873091
111,5,6,11,39,2,10文山區,文山區木柵路1段與試院路口(單號),0,0,1,2,B02,7,1,5,50,14,9,1,5,4,5,7,2,1,5,4,5,2,13,2,50,3,10,1,1,7,15,1,8,1,3,,44,23,1,22,9,121.549128,24.9873091
111,5,6,11,39,2,10文山區,文山區木柵路1段與試院路口(單號),0,0,1,3,H02,7,1,5,50,14,9,1,5,4,5,7,2,1,5,4,5,2,13,2,37,2,1,1,5,7,21,8,20,10,15,,67,23,1,22,9,121.549128,24.9873091
111,5,6,11,50,2,03中山區,中山區長安東路1段27號,0,0,1,1,B03,8,1,5,50,14,9,1,5,4,5,7,4,4,9,4,5,2,17,1,37,3,10,3,4,7,14,1,8,1,4,,40,40,1,22,9,121.5244734,25.04920362
111,5,6,11,50,2,03中山區,中山區長安東路1段27號,0,0,1,2,F01,8,1,5,50,14,9,1,5,4,5,7,4,4,9,4,5,2,17,1,67,2,9,3,4,7,9,8,20,1,16,,44,40,1,22,9,121.5244734,25.04920362
111,5,6,11,50,2,03中山區,中山區長安東路1段27號,0,0,1,3,B12,8,1,5,50,14,9,1,5,4,5,7,4,4,9,4,5,2,17,1,24,3,10,3,4,7,9,1,8,1,2,,44,40,1,22,9,121.5244734,25.04920362
111,5,6,12,30,2,01大同區,大同區通河西街1段,0,0,2,1,C03,8,1,5,25,14,9,1,5,4,5,7,4,4,9,4,5,2,11,1,56,2,9,1,1,7,11,6,18,1,14,,10,10,1,22,9,121.5129318,25.08304211
111,5,6,12,30,2,01大同區,大同區通河西街1段,0,0,2,2,C03,8,1,5,25,14,9,1,5,4,5,7,4,4,9,4,5,2,11,2,26,2,9,1,1,7,9,1,10,1,12,,13,10,1,22,9,121.5129318,25.08304211
111,5,6,12,36,2,02萬華區,萬華區昆明街與內江街口,0,0,2,1,C03,8,1,5,50,4,1,1,5,4,5,7,1,1,10,4,5,1,12,2,48,2,9,1,1,7,5,1,10,1,14,,8,8,1,22,9,121.5045343,25.0414893
111,5,6,12,36,2,02萬華區,萬華區昆明街與內江街口,0,0,2,2,C03,8,1,5,50,4,1,1,5,4,5,7,1,1,10,4,5,1,12,1,22,2,9,1,1,7,9,1,10,1,11,,13,8,1,22,9,121.5045343,25.0414893
111,5,6,12,41,2,04大安區,大安區四維路與四維路154巷口口,0,0,1,1,B02,8,1,5,30,4,2,1,5,4,5,7,1,1,10,5,5,2,9,2,31,3,10,1,1,7,14,1,8,1,2,,38,44,1,22,9,121.5480199,25.0308286
111,5,6,12,41,2,04大安區,大安區四維路與四維路154巷口口,0,0,1,2,H02,8,1,5,30,4,2,1,5,4,5,7,1,1,10,5,5,2,9,1,67,3,10,4,5,7,19,8,20,10,16,,67,44,1,22,9,121.5480199,25.0308286
111,5,6,12,41,2,04大安區,大安區四維路與四維路154巷口口,0,0,1,3,C03,8,1,5,30,4,2,1,5,4,5,7,1,1,10,5,5,2,9,1,36,2,7,1,1,7,9,1,10,1,14,,44,44,1,22,9,121.5480199,25.0308286
111,5,6,12,41,2,04大安區,大安區四維路與四維路154巷口口,0,0,1,4,B03,8,1,5,30,4,2,1,5,4,5,7,1,1,10,5,5,2,9,1,52,3,10,1,1,7,13,1,8,9,4,,44,44,1,22,9,121.5480199,25.0308286
111,5,6,12,44,2,06松山區,松山區敦化北路145巷23弄與南京東路4段53巷3弄口旁,0,0,1,1,B03,8,1,5,30,14,9,1,5,4,5,7,4,4,10,5,5,2,14,1,47,3,10,1,1,7,2,1,8,1,3,,12,12,1,22,9,121.5502615,25.0524804
111,5,6,12,44,2,06松山區,松山區敦化北路145巷23弄與南京東路4段53巷3弄口旁,0,0,1,2,C03,8,1,5,30,14,9,1,5,4,5,7,4,4,10,5,5,2,14,1,48,2,8,1,1,7,5,1,10,1,12,,42,12,1,22,9,121.5502615,25.0524804
111,5,6,12,53,2,09北投區,北投區明德路與西安街1段口,0,0,1,1,C03,8,3,5,50,4,2,1,5,4,5,7,2,1,5,1,5,2,16,1,18,2,9,3,4,7,5,1,10,1,12,,8,8,1,22,9,121.5191239,25.10908927
111,5,6,12,53,2,09北投區,北投區明德路與西安街1段口,0,0,1,2,B03,8,3,5,50,4,2,1,5,4,5,7,2,1,5,1,5,2,16,1,48,3,10,3,4,7,9,1,8,1,5,,44,8,1,22,9,121.5191239,25.10908927
111,5,6,13,16,2,06松山區,松山區松河街3號與無名巷口旁,0,0,2,1,C03,8,1,5,40,3,1,1,5,4,5,7,4,4,9,4,5,2,11,2,24,2,9,1,1,7,5,1,10,2,11,,8,8,1,22,9,121.5721129,25.05085839
111,5,6,13,16,2,06松山區,松山區松河街3號與無名巷口旁,0,0,2,2,C03,8,1,5,40,3,1,1,5,4,5,7,4,4,9,4,5,2,11,2,23,2,9,1,1,7,9,1,10,2,11,,44,8,1,22,9,121.5721129,25.05085839
111,5,6,14,0,2,06松山區,松山區八德路3段199巷1弄1號,0,0,1,1,B03,8,1,5,50,4,2,1,5,4,5,7,4,4,5,4,5,2,16,1,59,3,10,1,1,7,1,1,8,1,5,,19,19,1,22,9,121.5563084,25.04862466
111,5,6,14,0,2,06松山區,松山區八德路3段199巷1弄1號,0,0,1,2,C03,8,1,5,50,4,2,1,5,4,5,7,4,4,5,4,5,2,16,1,29,2,9,1,1,7,9,1,10,1,14,,14,19,1,22,9,121.5563084,25.04862466
111,5,6,15,0,2,10文山區,文山區辛亥路6段與懷恩隧道口,0,0,1,1,C03,8,1,5,50,6,9,1,5,4,1,7,4,4,1,4,5,2,28,1,44,2,9,1,1,7,7,1,10,1,11,,23,23,1,22,9,121.5514143,24.99165216
111,5,6,15,0,2,10文山區,文山區辛亥路6段與懷恩隧道口,0,0,1,2,,8,1,5,50,6,9,1,5,4,1,7,4,4,1,4,5,2,28,3,,,,,,,,,,,,,67,23,1,,,121.5514143,24.99165216
111,5,6,15,11,2,04大安區,大安區忠孝東路4段311號,0,0,1,1,C03,8,1,5,50,14,9,1,5,4,5,7,2,1,8,3,5,1,12,1,50,2,9,1,1,7,7,1,10,1,12,,23,23,1,22,9,121.5558615,25.04141244
111,5,6,15,11,2,04大安區,大安區忠孝東路4段311號,0,0,1,2,B03,8,1,5,50,14,9,1,5,4,5,7,2,1,8,3,5,1,12,1,24,3,10,1,1,7,7,1,8,1,6,,7,23,1,22,9,121.5558615,25.04141244
111,5,6,15,20,2,07信義區,信義區忠孝東路5段615號,0,0,2,1,C03,8,1,5,50,14,9,1,5,4,5,7,4,4,8,3,5,2,13,1,19,2,9,1,1,7,9,1,10,1,11,,23,23,1,22,9,121.578859,25.041645
111,5,6,15,20,2,07信義區,信義區忠孝東路5段615號,0,0,2,2,C03,8,1,5,50,14,9,1,5,4,5,7,4,4,8,3,5,2,13,1,47,2,9,1,1,7,14,1,10,1,13,,44,23,1,22,9,121.578859,25.041645
111,5,6,15,37,2,05中正區,中正區懷寧街與開封街1段口,0,0,3,1,C03,8,1,5,50,4,1,1,5,4,5,7,3,1,10,4,5,2,16,1,18,2,8,1,1,7,9,1,10,2,11,,6,6,1,22,9,121.5142071,25.04597808
111,5,6,15,37,2,05中正區,中正區懷寧街與開封街1段口,0,0,3,2,C03,8,1,5,50,4,1,1,5,4,5,7,3,1,10,4,5,2,16,1,39,2,8,1,1,7,9,1,10,2,11,,23,6,1,22,9,121.5142071,25.04597808
111,5,6,15,37,2,05中正區,中正區懷寧街與開封街1段口,0,0,3,3,H02,8,1,5,50,4,1,1,5,4,5,7,3,1,10,4,5,2,16,2,40,2,9,4,5,7,20,8,20,10,16,,67,6,1,22,9,121.5142071,25.04597808