發生年度,發生月,發生日,發生時-Hours,發生分,處理別-編號,區序,肇事地點,死亡人數,2-30日死亡人數,受傷人數,當事人序號,車種,天候,光線,道路類別,速限-速度限制,道路型態,事故位置,路面狀況1,路面狀況2,路面狀況3,道路障礙1,道路障礙2,號誌1,號誌2,車道劃分-分向,車道劃分-分道1,車道劃分-分道2,車道劃分-分道3,事故類型及型態,性別,年齡,受傷程度,主要傷處,安全帽,行動電話,車輛用途,當事者行動狀態,駕駛資格情形,駕駛執照種類,飲酒情形,車輛撞擊部位1,車輛撞擊部位2,肇因碼-個別,肇因碼-主要,個人肇逃否,職業,旅次目的,座標-X,座標-Y
111,5,6,16,0,2,12內湖區,內湖區康寧路3段169號,0,0,1,1,,8,1,5,50,14,9,1,5,4,5,7,4,4,1,4,5,2,13,4,,4,11,3,4,7,15,7,19,11,15,,43,43,2,22,9,121.6114699,25.07036477
111,5,6,16,0,2,12內湖區,內湖區康寧路3段169號,0,0,1,2,C03,8,1,5,50,14,9,1,5,4,5,7,4,4,1,4,5,2,13,2,42,2,8,1,1,7,9,1,10,1,11,,43,43,1,22,9,121.6114699,25.07036477
111,5,6,16,0,2,12內湖區,內湖區康寧路3段169號,0,0,1,3,B03,8,1,5,50,14,9,1,5,4,5,7,4,4,1,4,5,2,13,1,42,3,10,1,1,7,9,1,8,1,6,,43,43,1,22,9,121.6114699,25.07036477
111,5,6,16,3,2,05中正區,中正區林森南路與濟南路1段口,0,0,2,1,C03,8,1,5,50,4,1,1,5,4,5,7,1,1,9,4,5,2,17,2,28,2,9,1,1,7,5,1,10,2,12,,8,8,1,22,9,121.5225946,25.04239466
111,5,6,16,3,2,05中正區,中正區林森南路與濟南路1段口,0,0,2,2,C03,8,1,5,50,4,1,1,5,4,5,7,1,1,9,4,5,2,17,1,59,2,9,1,1,7,9,1,10,2,11,,44,8,1,22,9,121.5225946,25.04239466
111,5,6,16,17,2,06松山區,松山區撫遠街與撫遠街380巷口口,0,0,1,1,A12,8,1,5,30,4,2,1,5,4,5,7,1,1,1,4,5,2,3,1,52,3,10,3,4,7,5,1,1,2,8,,15,15,1,22,9,121.5657059,25.06429432
111,5,6,16,17,2,06松山區,松山區撫遠街與撫遠街380巷口口,0,0,1,2,H01,8,1,5,30,4,2,1,5,4,5,7,1,1,1,4,5,2,3,2,74,2,9,4,5,8,16,8,20,10,16,,67,15,1,22,9,121.5657059,25.06429432
111,5,6,16,48,2,09北投區,北投區大度路3段168號,0,0,1,1,B03,8,1,5,50,14,9,1,5,4,5,7,4,4,9,4,5,2,16,1,66,3,10,3,4,7,6,1,8,2,5,,9,9,1,22,9,121.4683076,25.12332666
111,5,6,16,48,2,09北投區,北投區大度路3段168號,0,0,1,2,C03,8,1,5,50,14,9,1,5,4,5,7,4,4,9,4,5,2,16,2,50,2,9,3,4,7,9,1,8,2,14,,23,9,1,22,9,121.4683076,25.12332666
111,5,6,16,54,2,05中正區,中正區汀州路2段與金門街12巷23弄口,0,0,1,1,B12,8,1,5,30,4,1,1,5,4,5,6,4,4,5,5,5,2,16,1,50,3,10,1,1,7,5,1,8,1,8,,6,6,1,22,9,121.5230555,25.02301744
111,5,6,16,54,2,05中正區,中正區汀州路2段與金門街12巷23弄口,0,0,1,2,C03,8,1,5,30,4,1,1,5,4,5,6,4,4,5,5,5,2,16,1,23,2,7,1,1,7,9,1,10,1,12,,14,6,1,22,9,121.5230555,25.02301744
111,5,6,17,6,2,01大同區,大同區延平北路2段43巷與南京西路185巷口口,0,0,2,1,C03,8,1,5,30,13,13,1,5,4,5,7,4,4,10,5,5,2,15,1,69,2,9,1,1,7,9,3,18,2,11,,6,6,1,22,9,121.5122287,25.05516083
111,5,6,17,6,2,01大同區,大同區延平北路2段43巷與南京西路185巷口口,0,0,2,2,C03,8,1,5,30,13,13,1,5,4,5,7,4,4,10,5,5,2,15,2,38,2,9,1,1,7,9,1,10,2,12,,13,6,1,22,9,121.5122287,25.05516083
111,5,6,17,15,2,01大同區,大同區迪化街2段與迪化街2段172巷口,0,0,2,1,C03,8,1,5,30,4,2,1,5,4,5,7,3,1,10,5,5,2,15,1,32,2,9,3,4,7,9,1,10,2,12,,6,6,1,22,9,121.5103255,25.06717459
111,5,6,17,15,2,01大同區,大同區迪化街2段與迪化街2段172巷口,0,0,2,2,C03,8,1,5,30,4,2,1,5,4,5,7,3,1,10,5,5,2,15,1,45,2,9,3,4,7,9,6,10,2,11,,13,6,1,22,9,121.5103255,25.06717459
111,5,6,17,30,2,03中山區,中山區吉林路395號,0,0,2,1,C03,8,1,5,50,14,7,1,5,4,5,7,4,4,10,4,4,2,16,1,38,2,9,1,1,7,9,1,10,1,11,,14,14,1,22,9,121.5304397,25.06588211
111,5,6,17,30,2,03中山區,中山區吉林路395號,0,0,2,2,F01,8,1,5,50,14,7,1,5,4,5,7,4,4,10,4,4,2,16,1,77,2,9,1,1,7,5,8,20,1,16,,8,14,1,22,9,121.5304397,25.06588211
111,5,6,17,33,2,08士林區,士林區承德橋往南,0,0,1,1,C03,8,1,5,50,14,11,1,5,4,5,7,4,4,8,3,4,1,18,1,35,2,7,3,4,7,9,1,10,1,11,,42,42,1,22,9,121.5222191,25.0802188
111,5,6,17,33,2,08士林區,士林區承德橋往南,0,0,1,2,,8,1,5,50,14,11,1,5,4,5,7,4,4,8,3,4,1,18,3,,,,,,,,,,,,,67,42,1,,,121.5222191,25.0802188
111,5,6,17,43,2,09北投區,北投區東華街2段404號,0,0,1,1,C03,8,1,5,50,14,9,1,5,4,5,7,4,4,1,4,5,2,12,1,51,3,10,1,1,7,7,1,10,1,14,,7,7,1,22,9,121.5034643,25.12162339
111,5,6,17,43,2,09北投區,北投區東華街2段404號,0,0,1,2,C03,8,1,5,50,14,9,1,5,4,5,7,4,4,1,4,5,2,12,1,22,2,9,1,1,7,9,1,10,1,11,,44,7,1,22,9,121.5034643,25.12162339
111,5,6,17,49,2,09北投區,北投區承德路6段與承德路6段331巷口,0,0,2,1,C03,7,1,5,40,3,1,1,5,4,5,7,1,1,1,4,4,1,12,1,44,2,9,1,1,7,8,1,10,1,12,,7,7,1,22,9,121.5121321,25.10241154
111,5,6,17,49,2,09北投區,北投區承德路6段與承德路6段331巷口,0,0,2,2,C03,7,1,5,40,3,1,1,5,4,5,7,1,1,1,4,4,1,12,1,66,2,9,1,1,7,9,1,10,1,11,,14,7,1,22,9,121.5121321,25.10241154
111,5,6,17,59,2,04大安區,大安區敦化南路1段270巷與仁愛路4段71巷口,0,0,2,1,B03,8,1,5,50,5,2,1,5,4,5,7,4,4,10,3,5,1,15,2,46,3,10,1,1,7,9,1,8,1,4,,6,6,1,22,9,121.5471296,25.03897173
111,5,6,17,59,2,04大安區,大安區敦化南路1段270巷與仁愛路4段71巷口,0,0,2,2,C03,8,1,5,50,5,2,1,5,4,5,7,4,4,10,3,5,1,15,1,25,2,9,1,1,7,9,1,10,1,11,,13,6,1,22,9,121.5471296,25.03897173
111,5,6,17,59,2,04大安區,大安區敦化南路1段270巷與仁愛路4段71巷口,0,0,2,3,H02,8,1,5,50,5,2,1,5,4,5,7,4,4,10,3,5,1,15,2,26,2,9,4,5,7,21,8,20,10,16,,67,6,1,22,9,121.5471296,25.03897173
111,5,6,18,8,2,08士林區,士林區中山北路4段往北近通河街,0,0,1,1,C03,8,1,5,40,14,11,1,5,4,5,7,4,4,1,4,4,2,12,2,56,3,10,1,1,7,8,4,8,1,12,,7,7,1,22,9,121.524578,25.07959536
111,5,6,18,8,2,08士林區,士林區中山北路4段往北近通河街,0,0,1,2,C03,8,1,5,40,14,11,1,5,4,5,7,4,4,1,4,4,2,12,1,53,2,9,1,1,7,4,1,10,1,12,,1,7,1,22,9,121.524578,25.07959536
111,5,6,18,25,2,06松山區,松山區撫遠街451號,0,0,2,1,C03,7,3,5,40,14,8,1,5,4,5,7,4,4,9,4,4,2,13,2,21,2,9,1,1,7,9,1,10,1,11,,16,16,1,22,9,121.5644728,25.07063731
111,5,6,18,25,2,06松山區,松山區撫遠街451號,0,0,2,2,C03,7,3,5,40,14,8,1,5,4,5,7,4,4,9,4,4,2,13,1,39,2,8,1,1,7,9,1,10,1,13,,44,16,1,22,9,121.5644728,25.07063731
111,5,6,18,26,2,01大同區,大同區台北橋機車道往北市,0,0,1,1,C03,7,3,5,40,14,11,1,5,4,5,7,4,4,9,4,5,1,13,1,22,3,10,1,1,7,9,1,10,1,11,,16,16,1,22,9,121.5105022,25.0630729
111,5,6,18,26,2,01大同區,大同區台北橋機車道往北市,0,0,1,2,C03,7,3,5,40,14,11,1,5,4,5,7,4,4,9,4,5,1,13,1,42,3,10,1,1,7,9,1,10,1,13,,16,16,1,22,9,121.5105022,25.0630729
111,5,6,18,26,2,01大同區,大同區台北橋機車道往北市,0,0,1,3,H02,7,3,5,40,14,11,1,5,4,5,7,4,4,9,4,5,1,13,2,29,2,8,1,1,7,17,8,20,10,15,,67,16,1,22,9,121.5105022,25.0630729
111,5,6,18,40,2,01大同區,大同區西寧北路玉泉公園旁,0,0,1,1,B03,8,2,5,50,14,9,1,5,4,5,7,4,4,5,4,5,2,17,2,29,3,10,1,1,7,11,1,8,2,8,,10,10,1,22,9,121.5079446,25.04971189
111,5,6,18,40,2,01大同區,大同區西寧北路玉泉公園旁,0,0,1,2,C03,8,2,5,50,14,9,1,5,4,5,7,4,4,5,4,5,2,17,1,23,2,9,1,1,7,9,1,10,2,11,,23,10,1,22,9,121.5079446,25.04971189
111,5,6,18,40,2,03中山區,中山區樂群二路與植福路口,0,0,1,1,C03,8,3,5,50,4,1,1,5,4,5,7,1,1,1,3,5,1,16,2,29,2,8,1,1,7,9,1,10,1,11,,23,23,1,22,9,121.5619087,25.08011382
111,5,6,18,40,2,03中山區,中山區樂群二路與植福路口,0,0,1,2,B01,8,3,5,50,4,1,1,5,4,5,7,1,1,1,3,5,1,16,1,55,3,10,1,1,7,6,1,4,1,7,,44,23,1,22,9,121.5619087,25.08011382
111,5,6,18,40,2,03中山區,中山區樂群二路與植福路口,0,0,1,3,C03,8,3,5,50,4,1,1,5,4,5,7,1,1,1,3,5,1,16,2,29,3,10,1,1,7,9,1,10,11,15,,44,23,2,22,9,121.5619087,25.08011382
111,5,6,18,45,2,10文山區,文山區木新路1段與指南路1段口口,0,0,1,1,B03,8,3,5,50,4,1,1,5,4,5,7,2,1,4,4,4,2,16,2,53,3,10,1,1,7,5,1,8,1,3,,8,8,1,22,9,121.5707089,24.9877035
111,5,6,18,45,2,10文山區,文山區木新路1段與指南路1段口口,0,0,1,2,C03,8,3,5,50,4,1,1,5,4,5,7,2,1,4,4,4,2,16,1,27,2,9,1,1,7,9,1,10,1,11,,44,8,1,22,9,121.5707089,24.9877035
111,5,6,19,5,2,07信義區,信義區松智路與松勤街口,0,0,1,1,B01,8,1,5,50,4,2,1,5,4,5,7,1,1,5,5,5,2,9,1,47,3,10,3,4,7,5,1,4,1,8,,15,15,1,22,9,121.565387,25.031975
111,5,6,19,5,2,07信義區,信義區松智路與松勤街口,0,0,1,2,H01,8,1,5,50,4,2,1,5,4,5,7,1,1,5,5,5,2,9,1,64,2,9,4,5,8,16,8,20,10,16,,67,15,1,22,9,121.565387,25.031975
111,5,6,19,7,2,07信義區,信義區基隆路1段與基隆路1段364巷口,0,0,1,1,B01,8,3,5,50,3,2,1,5,4,5,7,4,4,1,4,5,2,12,1,48,3,10,1,1,7,6,1,4,1,5,,9,9,1,22,9,121.5608438,25.03543245
111,5,6,19,7,2,07信義區,信義區基隆路1段與基隆路1段364巷口,0,0,1,2,C03,8,3,5,50,3,2,1,5,4,5,7,4,4,1,4,5,2,12,2,25,2,9,1,1,7,9,1,10,1,14,,14,9,1,22,9,121.5608438,25.03543245
111,5,6,19,17,2,03中山區,中山區林森北路與南京東路1段口,0,0,1,1,C03,7,3,5,50,4,2,1,5,4,5,7,1,1,1,1,5,2,17,1,42,3,10,1,1,7,6,1,10,2,13,,9,9,1,22,9,121.5253894,25.05191225
111,5,6,19,17,2,03中山區,中山區林森北路與南京東路1段口,0,0,1,2,C03,7,3,5,50,4,2,1,5,4,5,7,1,1,1,1,5,2,17,1,61,2,9,1,1,7,9,1,10,2,11,,44,9,1,22,9,121.5253894,25.05191225
111,5,6,19,25,2,03中山區,中山區濱江街與大直橋口,0,0,2,1,C03,8,3,5,40,4,1,1,5,4,5,7,1,1,1,3,5,1,13,2,38,2,8,1,1,7,9,1,10,2,11,,23,23,1,22,9,121.5443505,25.07202081
111,5,6,19,25,2,03中山區,中山區濱江街與大直橋口,0,0,2,2,C03,8,3,5,40,4,1,1,5,4,5,7,1,1,1,3,5,1,13,1,33,2,7,1,1,7,9,1,10,2,13,,44,23,1,22,9,121.5443505,25.07202081
111,5,6,19,28,2,06松山區,松山區民生東路5段與新東街口,0,0,2,1,C03,8,3,5,50,4,1,1,5,4,5,7,2,1,1,4,5,2,16,1,56,2,9,1,1,7,5,1,10,2,12,,8,8,1,22,9,121.5659321,25.0591122
111,5,6,19,28,2,06松山區,松山區民生東路5段與新東街口,0,0,2,2,C03,8,3,5,50,4,1,1,5,4,5,7,2,1,1,4,5,2,16,1,45,2,9,1,1,7,9,1,10,2,11,,23,8,1,22,9,121.5659321,25.0591122
111,5,6,19,53,2,07信義區,信義區信義路5段15號前,0,0,1,1,B03,8,3,5,50,14,9,1,5,4,5,7,4,4,2,4,5,1,17,1,47,3,10,1,3,7,6,1,8,1,3,,44,44,1,22,9,121.5666864,25.03296838
111,5,6,19,53,2,07信義區,信義區信義路5段15號前,0,0,1,2,C03,8,3,5,50,14,9,1,5,4,5,7,4,4,2,4,5,1,17,2,26,2,9,1,1,7,9,1,10,1,11,,16,44,1,22,9,121.5666864,25.03296838
111,5,6,19,59,2,12內湖區,內湖區新明路166號前,0,0,1,1,B01,7,3,5,50,14,9,1,5,4,5,7,4,4,5,4,5,2,16,1,56,3,10,1,1,7,1,1,4,2,4,,19,19,1,22,9,121.5857462,25.05750478
111,5,6,19,59,2,12內湖區,內湖區新明路166號前,0,0,1,2,C03,7,3,5,50,14,9,1,5,4,5,7,4,4,5,4,5,2,16,1,47,2,9,1,1,7,9,1,10,2,12,,44,19,1,22,9,121.5857462,25.05750478
111,5,6,20,40,2,12內湖區,內湖區金湖路與金湖路109巷口口,0,0,1,1,A11,8,3,5,50,3,2,1,5,4,5,7,2,1,1,4,4,2,12,1,53,3,10,1,1,7,7,1,1,1,4,,7,7,1,22,9,121.5981906,25.0806471
111,5,6,20,40,2,12內湖區,內湖區金湖路與金湖路109巷口口,0,0,1,2,C03,8,3,5,50,3,2,1,5,4,5,7,2,1,1,4,4,2,12,1,29,2,9,1,1,7,12,1,10,1,14,,42,7,1,22,9,121.5981906,25.0806471
111,5,6,20,40,2,12內湖區,內湖區金湖路與金湖路109巷口口,0,0,1,3,B03,8,3,5,50,3,2,1,5,4,5,7,2,1,1,4,4,2,12,1,49,3,10,3,4,7,14,1,3,1,15,,38,7,1,22,9,121.5981906,25.0806471
111,5,6,20,45,2,04大安區,大安區基隆路3段與辛亥路3段口,0,0,1,1,A02,8,3,5,50,4,1,1,5,4,5,7,1,1,1,5,5,1,12,1,48,3,10,1,1,7,5,1,2,2,8,,8,8,1,22,9,121.5467427,25.0193453
111,5,6,20,45,2,04大安區,大安區基隆路3段與辛亥路3段口,0,0,1,2,C03,8,3,5,50,4,1,1,5,4,5,7,1,1,1,5,5,1,12,1,17,2,9,1,1,7,9,2,18,9,12,,13,8,1,22,9,121.5467427,25.0193453
111,5,6,20,53,2,04大安區,大安區市民大道3段206號前,0,0,1,1,C03,8,3,5,40,14,9,1,5,4,5,7,4,4,8,3,5,1,13,2,23,2,9,1,1,7,12,1,10,1,11,,16,16,1,5,1,121.5401975,25.04451888
111,5,6,20,53,2,04大安區,大安區市民大道3段206號前,0,0,1,2,C03,8,3,5,40,14,9,1,5,4,5,7,4,4,8,3,5,1,13,1,53,3,10,1,1,7,12,1,10,1,13,,44,16,1,5,1,121.5401975,25.04451888
111,5,6,21,33,2,07信義區,信義區松壽路與松高路20巷口,0,0,2,1,B03,8,3,5,30,4,1,1,5,4,5,7,4,4,5,2,5,1,16,2,34,2,1,1,1,7,1,1,8,1,1,,6,6,1,22,9,121.5676438,25.03579956
111,5,6,21,33,2,07信義區,信義區松壽路與松高路20巷口,0,0,2,2,B01,8,3,5,30,4,1,1,5,4,5,7,4,4,5,2,5,1,16,1,52,2,3,1,1,7,9,1,2,1,4,,44,6,1,22,9,121.5676438,25.03579956
111,5,6,23,6,2,03中山區,中山區五常街與民權東路3段39巷口,0,0,1,1,C03,7,3,5,30,3,1,1,5,4,5,7,4,4,4,5,5,1,16,1,40,3,10,3,4,7,5,1,10,1,13,,6,6,1,22,9,121.5425613,25.06439102
111,5,6,23,6,2,03中山區,中山區五常街與民權東路3段39巷口,0,0,1,2,C03,7,3,5,30,3,1,1,5,4,5,7,4,4,4,5,5,1,16,2,18,2,9,3,4,7,9,3,18,1,13,,23,6,1,22,9,121.5425613,25.06439102
111,5,6,23,39,2,02萬華區,萬華區中華路2段與西藏路口,0,0,1,1,C03,8,3,5,50,4,1,1,5,4,5,7,2,1,5,4,4,2,16,1,24,3,10,1,1,7,5,1,10,1,11,,26,26,1,22,9,121.5041046,25.03007062
111,5,6,23,39,2,02萬華區,萬華區中華路2段與西藏路口,0,0,1,2,C03,8,3,5,50,4,1,1,5,4,5,7,2,1,5,4,4,2,16,1,53,2,9,1,1,7,9,1,10,1,11,,44,26,1,22,9,121.5041046,25.03007062
111,5,6,23,40,2,12內湖區,內湖區成功路5段5號附近側附近,0,0,1,1,C03,8,3,5,50,14,9,1,5,4,1,7,4,4,1,4,4,2,29,1,44,2,9,1,1,7,8,1,10,1,14,,44,44,1,22,9,121.6018188,25.08400322
111,5,6,23,40,2,12內湖區,內湖區成功路5段5號附近側附近,0,0,1,2,,8,3,5,50,14,9,1,5,4,1,7,4,4,1,4,4,2,29,3,,,,,,,,,,,,,61,44,1,,,121.6018188,25.08400322
111,5,6,23,44,2,03中山區,中山區八德路2段260號,0,0,1,1,B03,8,3,5,50,14,9,1,5,4,5,7,4,4,4,3,5,2,13,2,38,3,10,1,4,7,9,1,8,1,1,,23,23,1,22,9,121.5407403,25.04677646
111,5,6,23,44,2,03中山區,中山區八德路2段260號,0,0,1,2,F01,8,3,5,50,14,9,1,5,4,5,7,4,4,4,3,5,2,13,1,40,2,9,1,1,7,9,8,20,1,16,,44,23,1,22,9,121.5407403,25.04677646
111,5,6,23,44,2,06松山區,松山區光復南路61號,0,0,1,1,B03,8,3,5,50,14,9,1,5,4,5,7,4,4,1,4,5,2,12,1,54,3,10,3,4,7,9,1,8,9,2,,23,23,2,22,9,121.5578606,25.04563769
111,5,6,23,44,2,06松山區,松山區光復南路61號,0,0,1,2,C03,8,3,5,50,14,9,1,5,4,5,7,4,4,1,4,5,2,12,1,35,2,9,3,4,7,9,1,10,2,14,,17,23,1,22,9,121.5578606,25.04563769
111,5,7,0,16,2,09北投區,北投區陽金公路第012號燈桿前,0,0,1,1,C03,7,3,5,40,11,9,1,5,4,5,1,4,4,4,4,5,2,10,1,21,2,8,1,1,7,9,3,18,2,11,,26,26,1,22,9,121.5470556,25.15370249
111,5,7,0,16,2,09北投區,北投區陽金公路第012號燈桿前,0,0,1,2,B03,7,3,5,40,11,9,1,5,4,5,1,4,4,4,4,5,2,10,1,30,3,10,1,1,7,9,1,8,2,1,,44,26,1,22,9,121.5470556,25.15370249
111,5,7,1,56,2,10文山區,文山區羅斯福路5段與萬盛街口(西北角),0,0,2,1,B01,8,3,5,50,4,1,1,5,4,5,7,1,1,1,4,5,2,16,1,45,3,10,1,1,7,6,1,4,2,2,,9,9,1,22,9,121.5380804,25.0079963
111,5,7,1,56,2,10文山區,文山區羅斯福路5段與萬盛街口(西北角),0,0,2,2,C03,8,3,5,50,4,1,1,5,4,5,7,1,1,1,4,5,2,16,1,19,2,9,1,1,7,9,1,10,4,11,,21,9,1,22,9,121.5380804,25.0079963
111,5,7,1,56,2,10文山區,文山區羅斯福路5段與萬盛街口(西北角),0,0,2,3,H02,8,3,5,50,4,1,1,5,4,5,7,1,1,1,4,5,2,16,2,20,2,9,1,5,7,21,8,20,10,16,,67,9,1,22,9,121.5380804,25.0079963
111,5,7,2,10,2,03中山區,中山區建國高架道往北南京東路匝道,0,0,1,1,B03,8,3,5,40,10,9,1,5,4,5,7,4,4,2,4,5,2,18,2,46,3,10,1,1,7,9,1,8,7,1,,23,23,1,22,9,121.536846,25.04945534
111,5,7,2,10,2,03中山區,中山區建國高架道往北南京東路匝道,0,0,1,2,,8,3,5,40,10,9,1,5,4,5,7,4,4,2,4,5,2,18,3,,,,,,,,,,,,,67,23,1,,,121.536846,25.04945534
111,5,7,2,10,2,03中山區,中山區建國高架道往北南京東路匝道,0,0,1,3,B01,8,3,5,40,10,9,1,5,4,5,7,4,4,2,4,5,2,18,1,54,3,10,1,1,7,9,1,4,2,8,,23,23,1,22,9,121.536846,25.04945534
111,5,7,2,10,2,03中山區,中山區建國高架道往北南京東路匝道,0,0,1,4,B12,8,3,5,40,10,9,1,5,4,5,7,4,4,2,4,5,2,18,1,35,3,10,1,1,7,9,1,8,2,1,,16,23,1,22,9,121.536846,25.04945534
111,5,7,2,10,2,03中山區,中山區建國高架道往北南京東路匝道,0,0,1,5,B01,8,3,5,40,10,9,1,5,4,5,7,4,4,2,4,5,2,18,1,45,2,1,1,1,7,9,1,4,2,3,,44,23,1,22,9,121.536846,25.04945534
111,5,7,3,36,2,03中山區,中山區林森北路與錦州街口,0,0,1,1,C03,8,3,5,50,4,1,1,5,4,5,7,1,1,4,3,5,1,17,1,19,2,9,1,1,7,9,1,10,1,14,,42,42,1,22,9,121.5255492,25.06025286
111,5,7,3,36,2,03中山區,中山區林森北路與錦州街口,0,0,1,2,B01,8,3,5,50,4,1,1,5,4,5,7,1,1,4,3,5,1,17,1,51,3,10,1,1,7,9,1,4,1,7,,44,42,1,22,9,121.5255492,25.06025286
111,5,7,7,8,2,09北投區,北投區承德路7段262號,0,0,1,1,B03,8,1,5,60,14,9,1,5,4,5,7,4,4,8,3,5,2,17,2,37,3,10,1,1,7,1,1,8,1,7,,19,19,1,22,9,121.5055642,25.11590295
111,5,7,7,8,2,09北投區,北投區承德路7段262號,0,0,1,2,C03,8,1,5,60,14,9,1,5,4,5,7,4,4,8,3,5,2,17,1,24,2,9,1,1,7,9,1,9,1,11,,13,19,1,22,9,121.5055642,25.11590295
111,5,7,7,15,2,03中山區,中山區松江路與農安街口,0,0,1,1,B01,8,1,5,50,4,2,1,5,4,5,7,1,1,1,4,5,2,12,1,67,3,10,1,1,7,6,1,4,1,5,,23,23,1,22,9,121.5332217,25.06480946
111,5,7,7,15,2,03中山區,中山區松江路與農安街口,0,0,1,2,C03,8,1,5,50,4,2,1,5,4,5,7,1,1,1,4,5,2,12,1,31,2,9,1,1,7,9,1,10,1,14,,44,23,1,22,9,121.5332217,25.06480946
111,5,7,7,15,2,12內湖區,內湖區成功路2段498巷與成功路2段口,0,0,1,1,B03,8,1,5,50,3,1,1,5,4,5,7,2,1,1,4,5,2,16,1,70,3,10,1,1,7,5,6,4,1,5,,6,6,1,22,9,121.5898447,25.0735308
111,5,7,7,15,2,12內湖區,內湖區成功路2段498巷與成功路2段口,0,0,1,2,C03,8,1,5,50,3,1,1,5,4,5,7,2,1,1,4,5,2,16,1,38,2,8,1,1,7,9,1,10,1,11,,23,6,1,22,9,121.5898447,25.0735308
111,5,7,8,15,2,11南港區,南港區南港路2段34號,0,0,1,1,C03,8,1,5,50,14,8,1,5,4,5,7,4,4,9,4,4,2,11,2,52,2,8,1,1,7,5,1,10,1,12,,8,8,1,22,9,121.6052212,25.0542803
111,5,7,8,15,2,11南港區,南港區南港路2段34號,0,0,1,2,C03,8,1,5,50,14,8,1,5,4,5,7,4,4,9,4,4,2,11,1,65,3,10,1,1,7,9,1,10,1,14,,44,8,1,22,9,121.6052212,25.0542803
111,5,7,8,15,2,11南港區,南港區南港路2段34號,0,0,1,3,C03,8,1,5,50,14,8,1,5,4,5,7,4,4,9,4,4,2,11,1,33,3,10,1,1,7,13,1,10,1,13,,44,8,1,22,9,121.6052212,25.0542803
111,5,7,8,30,2,06松山區,松山區健康路11號,0,0,1,1,B03,8,1,5,50,14,9,1,5,4,5,7,1,1,5,4,5,2,17,2,55,3,10,1,1,7,5,1,8,1,8,,8,8,1,22,9,121.5526482,25.05319233
111,5,7,8,30,2,06松山區,松山區健康路11號,0,0,1,2,C03,8,1,5,50,14,9,1,5,4,5,7,1,1,5,4,5,2,17,2,43,2,9,1,1,7,14,1,10,1,11,,44,8,1,22,9,121.5526482,25.05319233
111,5,7,8,30,2,08士林區,士林區中山北路4段16號與中山北路4段口劍潭活動中心前,0,0,1,1,B03,8,1,5,50,3,2,1,5,4,5,7,4,4,3,4,5,1,12,1,30,3,10,1,1,7,6,1,8,1,2,,9,9,1,22,9,121.5243588,25.07956153
111,5,7,8,30,2,08士林區,士林區中山北路4段16號與中山北路4段口劍潭活動中心前,0,0,1,2,C03,8,1,5,50,3,2,1,5,4,5,7,4,4,3,4,5,1,12,1,22,2,9,1,1,7,9,1,10,1,14,,44,9,1,22,9,121.5243588,25.07956153
111,5,7,8,32,2,07信義區,信義區松平路77號旁,0,0,2,1,C03,8,1,5,50,14,9,1,5,4,5,7,4,4,4,1,5,1,16,1,68,2,9,1,1,7,9,1,10,1,11,,23,23,1,22,9,121.566178,25.03048228
111,5,7,8,32,2,07信義區,信義區松平路77號旁,0,0,2,2,F01,8,1,5,50,14,9,1,5,4,5,7,4,4,4,1,5,1,16,2,80,2,9,1,1,7,9,8,20,1,16,,42,23,1,22,9,121.566178,25.03048228
111,5,7,8,50,2,04大安區,大安區市民大道3段與八德路2段口口,0,0,2,1,B12,8,1,5,40,4,2,1,5,4,5,7,2,1,8,3,5,1,16,1,38,3,10,3,4,7,6,6,18,1,5,,9,9,1,22,9,121.5345091,25.0448936
111,5,7,8,50,2,04大安區,大安區市民大道3段與八德路2段口口,0,0,2,2,C03,8,1,5,40,4,2,1,5,4,5,7,2,1,8,3,5,1,16,1,25,2,9,3,4,7,9,1,10,1,14,,44,9,1,22,9,121.5345091,25.0448936
111,5,7,8,50,2,04大安區,大安區市民大道3段與八德路2段口口,0,0,2,3,H02,8,1,5,40,4,2,1,5,4,5,7,2,1,8,3,5,1,16,2,25,2,9,4,5,7,20,8,20,10,16,,67,9,1,22,9,121.5345091,25.0448936
111,5,7,9,19,2,10文山區,文山區保儀路95號,0,0,1,1,B01,8,1,5,50,14,9,1,5,4,5,7,1,1,9,3,5,2,13,1,47,3,10,3,4,7,1,1,4,2,5,,23,23,1,21,8,121.5682031,24.98662752
111,5,7,9,19,2,10文山區,文山區保儀路95號,0,0,1,2,F01,8,1,5,50,14,9,1,5,4,5,7,1,1,9,3,5,2,13,2,65,2,9,1,1,7,1,8,20,2,16,,44,23,1,21,8,121.5682031,24.98662752
111,5,7,9,20,2,02萬華區,萬華區康定路與成都路口,0,0,1,1,A12,8,1,5,50,4,2,1,5,4,5,7,2,1,10,4,5,2,12,1,45,4,11,3,4,7,15,7,19,11,15,,17,17,2,22,9,121.5027239,25.04355631
111,5,7,9,20,2,02萬華區,萬華區康定路與成都路口,0,0,1,2,C03,8,1,5,50,4,2,1,5,4,5,7,2,1,10,4,5,2,12,2,55,2,9,1,1,7,9,3,18,2,14,,17,17,1,22,9,121.5027239,25.04355631
111,5,7,10,8,2,01大同區,大同區延平北路3段與民權西路口,0,0,1,1,B12,8,1,5,50,4,2,1,5,4,5,7,2,1,1,4,5,2,12,1,38,3,10,3,4,7,8,1,8,1,2,,7,7,1,22,9,121.5107667,25.06310003