發生年度,發生月,發生日,發生時-Hours,發生分,處理別-編號,區序,肇事地點,死亡人數,2-30日死亡人數,受傷人數,當事人序號,車種,天候,光線,道路類別,速限-速度限制,道路型態,事故位置,路面狀況1,路面狀況2,路面狀況3,道路障礙1,道路障礙2,號誌1,號誌2,車道劃分-分向,車道劃分-分道1,車道劃分-分道2,車道劃分-分道3,事故類型及型態,性別,年齡,受傷程度,主要傷處,安全帽,行動電話,車輛用途,當事者行動狀態,駕駛資格情形,駕駛執照種類,飲酒情形,車輛撞擊部位1,車輛撞擊部位2,肇因碼-個別,肇因碼-主要,個人肇逃否,職業,旅次目的,座標-X,座標-Y
111,5,7,10,8,2,01大同區,大同區延平北路3段與民權西路口,0,0,1,2,C03,8,1,5,50,4,2,1,5,4,5,7,2,1,1,4,5,2,12,2,20,2,8,1,4,7,9,1,10,1,11,,44,7,1,22,9,121.5107667,25.06310003
111,5,7,10,21,2,08士林區,士林區中正路221號,0,0,1,1,B03,8,1,5,50,4,1,1,5,4,5,7,2,1,3,4,5,1,17,1,72,3,10,1,1,7,11,1,8,2,2,,10,10,1,22,9,121.5261723,25.09537661
111,5,7,10,21,2,08士林區,士林區中正路221號,0,0,1,2,C03,8,1,5,50,4,1,1,5,4,5,7,2,1,3,4,5,1,17,1,28,2,9,1,1,7,9,1,10,2,11,,13,10,1,22,9,121.5261723,25.09537661
111,5,7,10,33,2,12內湖區,內湖區潭美街785號與安康路324巷口,0,0,1,1,B03,8,1,5,50,3,1,1,5,4,5,7,4,4,9,4,5,1,12,1,64,3,10,1,1,7,6,1,8,1,5,,9,9,1,22,9,121.6098827,25.06348047
111,5,7,10,33,2,12內湖區,內湖區潭美街785號與安康路324巷口,0,0,1,2,C03,8,1,5,50,3,1,1,5,4,5,7,4,4,9,4,5,1,12,1,21,2,9,1,1,7,9,1,10,1,14,,23,9,1,22,9,121.6098827,25.06348047
111,5,7,11,5,2,05中正區,中正區汀州路2段329號前,0,0,1,1,B01,8,1,5,50,14,9,1,5,4,5,7,4,4,9,5,5,1,17,1,61,3,10,1,1,7,11,1,4,2,4,,10,10,1,22,9,121.5250964,25.02136229
111,5,7,11,5,2,05中正區,中正區汀州路2段329號前,0,0,1,2,C03,8,1,5,50,14,9,1,5,4,5,7,4,4,9,5,5,1,17,1,74,2,9,1,1,7,9,1,10,2,12,,4,10,1,22,9,121.5250964,25.02136229
111,5,7,11,14,2,05中正區,中正區寧波西街50號,0,0,1,1,C03,8,1,5,50,14,9,1,5,4,5,7,1,1,10,4,5,2,17,1,37,3,10,1,1,7,3,1,10,1,15,,18,18,1,22,9,121.5177403,25.0308135
111,5,7,11,14,2,05中正區,中正區寧波西街50號,0,0,1,2,C03,8,1,5,50,14,9,1,5,4,5,7,1,1,10,4,5,2,17,1,27,2,9,1,1,7,9,1,10,1,14,,42,18,1,22,9,121.5177403,25.0308135
111,5,7,11,56,2,09北投區,北投區榮華三路與磺溪便道口,0,0,1,1,B03,8,1,5,30,4,2,1,5,4,5,7,4,4,8,3,5,2,17,1,75,3,10,1,1,7,5,1,8,1,8,,43,43,1,22,9,121.5252729,25.11373379
111,5,7,11,56,2,09北投區,北投區榮華三路與磺溪便道口,0,0,1,2,C03,8,1,5,30,4,2,1,5,4,5,7,4,4,8,3,5,2,17,1,23,2,8,1,1,7,14,1,10,1,11,,43,43,1,22,9,121.5252729,25.11373379
111,5,7,11,59,2,12內湖區,內湖區潭美街與安美街口,0,0,2,1,C03,8,1,5,40,4,1,1,5,4,5,7,1,1,5,5,5,2,13,1,33,2,9,1,1,7,9,6,10,1,11,,16,16,1,22,9,121.5968738,25.06048312
111,5,7,11,59,2,12內湖區,內湖區潭美街與安美街口,0,0,2,2,C03,8,1,5,40,4,1,1,5,4,5,7,1,1,5,5,5,2,13,2,19,2,8,1,1,7,9,1,10,1,11,,16,16,1,22,9,121.5968738,25.06048312
111,5,7,11,59,2,12內湖區,內湖區潭美街與安美街口,0,0,2,3,C03,8,1,5,40,4,1,1,5,4,5,7,1,1,5,5,5,2,13,1,65,3,10,1,1,7,9,1,10,1,13,,44,16,1,22,9,121.5968738,25.06048312
111,5,7,12,39,2,08士林區,士林區百齡橋東往西006號桿,0,0,3,1,C03,8,1,5,50,8,11,1,5,4,5,7,4,4,1,5,5,1,17,1,36,2,9,1,1,7,9,1,10,1,11,,16,16,1,22,9,121.5141588,25.08963309
111,5,7,12,39,2,08士林區,士林區百齡橋東往西006號桿,0,0,3,2,C03,8,1,5,50,8,11,1,5,4,5,7,4,4,1,5,5,1,17,1,50,2,9,1,1,7,12,1,10,1,13,,14,16,1,22,9,121.5141588,25.08963309
111,5,7,12,39,2,08士林區,士林區百齡橋東往西006號桿,0,0,3,3,C03,8,1,5,50,8,11,1,5,4,5,7,4,4,1,5,5,1,17,1,33,3,10,1,1,7,9,1,10,1,11,,23,16,1,22,9,121.5141588,25.08963309
111,5,7,12,39,2,08士林區,士林區百齡橋東往西006號桿,0,0,3,4,C03,8,1,5,50,8,11,1,5,4,5,7,4,4,1,5,5,1,17,1,74,2,9,1,1,7,9,1,10,1,11,,23,16,1,22,9,121.5141588,25.08963309
111,5,7,13,15,2,04大安區,大安區辛亥路2段215號,0,0,1,1,C03,8,1,5,40,14,9,1,5,4,5,7,4,4,1,4,4,2,17,1,51,2,8,1,1,7,8,1,10,1,11,,7,7,1,22,9,121.5426392,25.02152308
111,5,7,13,15,2,04大安區,大安區辛亥路2段215號,0,0,1,2,B03,8,1,5,40,14,9,1,5,4,5,7,4,4,1,4,4,2,17,1,63,3,10,1,1,7,14,1,8,1,3,,38,7,1,22,9,121.5426392,25.02152308
111,5,7,14,35,2,06松山區,松山區八德路2段350號,0,0,1,1,B03,8,1,5,50,14,9,1,5,4,5,7,4,4,5,4,5,2,16,1,55,3,10,1,1,7,11,1,8,1,4,,42,42,1,22,9,121.5454036,25.04793107
111,5,7,14,35,2,06松山區,松山區八德路2段350號,0,0,1,2,C03,8,1,5,50,14,9,1,5,4,5,7,4,4,5,4,5,2,16,1,33,2,9,1,1,7,9,1,10,1,11,,44,42,1,22,9,121.5454036,25.04793107
111,5,7,15,22,2,07信義區,信義區吳興街220巷與信安街67巷口口,0,0,2,1,C03,8,1,5,50,3,2,1,5,4,5,7,2,1,5,5,4,2,12,1,28,2,9,1,1,7,5,1,10,1,14,,8,8,1,22,9,121.5607674,25.02590264
111,5,7,15,22,2,07信義區,信義區吳興街220巷與信安街67巷口口,0,0,2,2,B03,8,1,5,50,3,2,1,5,4,5,7,2,1,5,5,4,2,12,1,54,3,10,1,1,7,6,1,8,1,5,,9,8,1,22,9,121.5607674,25.02590264
111,5,7,15,22,2,07信義區,信義區吳興街220巷與信安街67巷口口,0,0,2,3,H02,8,1,5,50,3,2,1,5,4,5,7,2,1,5,5,4,2,12,2,24,2,9,1,5,7,21,8,20,10,16,,67,8,1,22,9,121.5607674,25.02590264
111,5,7,15,23,2,05中正區,中正區林森南路與青島東路口,0,0,2,1,C03,8,1,5,50,4,1,1,5,4,5,7,2,1,5,4,5,2,16,1,20,2,9,1,1,7,9,3,18,2,11,,4,4,1,22,9,121.5230178,25.04361509
111,5,7,15,23,2,05中正區,中正區林森南路與青島東路口,0,0,2,2,C03,8,1,5,50,4,1,1,5,4,5,7,2,1,5,4,5,2,16,2,26,2,7,1,1,7,5,1,10,2,13,,44,4,1,22,9,121.5230178,25.04361509
111,5,7,15,26,2,08士林區,士林區芝玉路2段與芝玉路2段84巷口,0,0,1,1,B03,8,1,5,30,4,2,1,5,4,5,7,4,4,10,5,5,1,15,1,25,3,10,1,1,7,9,1,8,1,1,,13,13,1,22,9,121.5351088,25.11223707
111,5,7,15,26,2,08士林區,士林區芝玉路2段與芝玉路2段84巷口,0,0,1,2,C03,8,1,5,30,4,2,1,5,4,5,7,4,4,10,5,5,1,15,1,61,2,8,1,1,7,9,1,10,1,12,,6,13,1,22,9,121.5351088,25.11223707
111,5,7,15,30,2,05中正區,中正區中正河濱公園,0,0,2,1,C03,8,1,8,30,15,22,1,5,4,5,7,4,4,8,4,5,1,12,1,71,2,9,1,1,7,4,4,7,1,12,,23,23,1,22,9,121.5137811,25.02234189
111,5,7,15,30,2,05中正區,中正區中正河濱公園,0,0,2,2,F01,8,1,8,30,15,22,1,5,4,5,7,4,4,8,4,5,1,12,1,65,2,9,1,1,7,5,8,20,1,16,,8,23,1,22,9,121.5137811,25.02234189
111,5,7,16,45,2,11南港區,南港區三重路與三重路88巷口,0,0,1,1,B03,8,1,5,50,3,1,1,5,4,5,7,2,1,5,4,5,2,16,1,34,3,10,1,1,7,5,1,8,2,5,,8,8,1,22,9,121.6141796,25.05771396
111,5,7,16,45,2,11南港區,南港區三重路與三重路88巷口,0,0,1,2,C03,8,1,5,50,3,1,1,5,4,5,7,2,1,5,4,5,2,16,2,30,2,9,1,1,7,9,1,10,2,11,,44,8,1,22,9,121.6141796,25.05771396
111,5,7,17,3,2,03中山區,中山區明水路397巷7弄,0,0,2,1,B03,8,1,5,30,14,9,1,5,4,5,7,4,4,10,5,5,2,16,1,40,3,10,1,1,7,9,1,8,2,2,,26,26,1,22,9,121.5496359,25.0780041
111,5,7,17,3,2,03中山區,中山區明水路397巷7弄,0,0,2,2,C03,8,1,5,30,14,9,1,5,4,5,7,4,4,10,5,5,2,16,1,37,2,9,1,1,7,9,1,10,2,11,,23,26,1,22,9,121.5496359,25.0780041
111,5,7,17,3,2,03中山區,中山區明水路397巷7弄,0,0,2,3,H02,8,1,5,30,14,9,1,5,4,5,7,4,4,10,5,5,2,16,2,39,2,9,4,5,7,21,8,20,10,16,,67,26,1,22,9,121.5496359,25.0780041
111,5,7,17,4,2,08士林區,士林區中正路17號,0,0,1,1,B03,8,1,5,50,14,9,1,5,4,5,7,4,4,3,4,5,1,17,1,72,3,10,3,4,7,6,1,8,2,15,,9,9,1,22,9,121.5303929,25.09617454
111,5,7,17,4,2,08士林區,士林區中正路17號,0,0,1,2,C03,8,1,5,50,14,9,1,5,4,5,7,4,4,3,4,5,1,17,1,25,2,9,3,4,7,9,1,10,2,12,,42,9,1,22,9,121.5303929,25.09617454
111,5,7,17,52,2,07信義區,信義區忠孝東路5段33號,0,0,2,1,C03,8,1,5,50,14,9,1,5,4,5,7,2,1,1,4,5,2,12,1,60,3,10,1,1,7,9,6,10,2,13,,23,23,1,22,8,121.5659842,25.04120298
111,5,7,17,52,2,07信義區,信義區忠孝東路5段33號,0,0,2,2,C03,8,1,5,50,14,9,1,5,4,5,7,2,1,1,4,5,2,12,1,31,2,7,1,1,7,1,1,10,2,14,,44,23,1,22,8,121.5659842,25.04120298
111,5,7,17,52,2,07信義區,信義區忠孝東路5段33號,0,0,2,3,H02,8,1,5,50,14,9,1,5,4,5,7,2,1,1,4,5,2,12,2,33,2,8,1,5,7,20,8,20,10,16,,67,23,1,22,8,121.5659842,25.04120298
111,5,7,17,54,2,07信義區,信義區吳興街524巷6號,0,0,2,1,C03,8,1,5,30,14,9,1,5,4,5,7,4,4,10,5,5,2,18,1,44,2,9,3,4,7,21,1,10,1,12,,43,43,1,22,9,121.5684318,25.02210642
111,5,7,17,54,2,07信義區,信義區吳興街524巷6號,0,0,2,2,,8,1,5,30,14,9,1,5,4,5,7,4,4,10,5,5,2,18,3,,,,,,,,,,,,,67,43,1,,,121.5684318,25.02210642
111,5,7,17,54,2,07信義區,信義區吳興街524巷6號,0,0,2,3,H02,8,1,5,30,14,9,1,5,4,5,7,4,4,10,5,5,2,18,2,6,2,9,3,4,7,20,8,20,10,16,,67,43,1,22,9,121.5684318,25.02210642
111,5,7,18,33,2,03中山區,中山區中山北路1段與南京西路口,0,0,1,1,C03,7,3,5,50,4,2,1,5,4,5,7,1,1,1,4,4,2,17,1,58,2,9,1,4,7,8,1,10,1,13,,7,7,1,22,9,121.522247,25.05221363
111,5,7,18,33,2,03中山區,中山區中山北路1段與南京西路口,0,0,1,2,B03,7,3,5,50,4,2,1,5,4,5,7,1,1,1,4,4,2,17,1,18,3,10,1,4,7,9,1,8,1,1,,23,7,1,22,9,121.522247,25.05221363
111,5,7,18,35,2,04大安區,大安區八德路2段15號前,0,0,1,1,B03,8,3,5,50,14,9,1,5,4,5,7,4,4,8,3,5,1,12,1,36,3,10,1,1,7,11,1,8,1,4,,26,26,1,21,5,121.5335376,25.04452491
111,5,7,18,35,2,04大安區,大安區八德路2段15號前,0,0,1,2,C03,8,3,5,50,14,9,1,5,4,5,7,4,4,8,3,5,1,12,1,50,2,9,1,1,7,9,1,10,1,12,,44,26,1,21,5,121.5335376,25.04452491
111,5,7,19,25,2,03中山區,中山區林森北路與農安街口,0,0,1,1,B01,8,3,5,50,4,1,1,5,4,5,7,1,1,4,3,5,1,16,1,58,3,10,1,1,7,6,1,4,1,15,,9,9,1,22,9,121.5256858,25.06485336
111,5,7,19,25,2,03中山區,中山區林森北路與農安街口,0,0,1,2,C03,8,3,5,50,4,1,1,5,4,5,7,1,1,4,3,5,1,16,1,39,2,8,1,1,7,9,1,10,1,14,,44,9,1,22,9,121.5256858,25.06485336
111,5,7,19,25,2,05中正區,中正區汀州路2段243號前,0,0,1,1,B03,8,3,5,30,15,9,1,5,4,5,7,4,4,9,5,5,2,16,2,34,3,10,1,1,7,6,1,8,2,5,,9,9,1,22,9,121.5230415,25.0231141
111,5,7,19,25,2,05中正區,中正區汀州路2段243號前,0,0,1,2,C03,8,3,5,30,15,9,1,5,4,5,7,4,4,9,5,5,2,16,2,39,2,9,1,1,7,9,1,10,2,14,,13,9,1,22,9,121.5230415,25.0231141
111,5,7,19,51,2,02萬華區,長順街底水門口堤外便道,0,0,4,1,C03,8,3,5,40,4,1,1,5,4,5,7,1,1,4,3,5,2,12,1,24,2,9,1,1,7,9,1,10,1,12,,4,4,1,22,9,121.488663,25.0324308
111,5,7,19,51,2,02萬華區,長順街底水門口堤外便道,0,0,4,2,C03,8,3,5,40,4,1,1,5,4,5,7,1,1,4,3,5,2,12,1,40,2,7,1,1,7,5,1,10,1,14,,32,4,1,22,9,121.488663,25.0324308
111,5,7,19,51,2,02萬華區,長順街底水門口堤外便道,0,0,4,3,H02,8,3,5,40,4,1,1,5,4,5,7,1,1,4,3,5,2,12,2,40,2,9,1,5,7,21,8,20,10,16,,67,4,1,22,9,121.488663,25.0324308
111,5,7,19,51,2,02萬華區,長順街底水門口堤外便道,0,0,4,4,H02,8,3,5,40,4,1,1,5,4,5,7,1,1,4,3,5,2,12,2,7,2,7,1,5,7,21,8,20,10,16,,67,4,1,22,9,121.488663,25.0324308
111,5,7,20,6,2,04大安區,大安區復興南路2段78巷與瑞安街208巷口,0,0,3,1,C03,8,3,5,50,3,1,1,5,4,5,7,4,4,8,5,5,1,11,1,64,2,8,1,1,7,5,1,10,1,12,,6,6,1,22,9,121.5406204,25.03110419
111,5,7,20,6,2,04大安區,大安區復興南路2段78巷與瑞安街208巷口,0,0,3,2,C03,8,3,5,50,3,1,1,5,4,5,7,4,4,8,5,5,1,11,1,30,2,9,1,1,7,9,1,10,1,11,14,44,6,1,22,9,121.5406204,25.03110419
111,5,7,20,6,2,04大安區,大安區復興南路2段78巷與瑞安街208巷口,0,0,3,3,H02,8,3,5,50,3,1,1,5,4,5,7,4,4,8,5,5,1,11,2,64,2,5,1,1,7,17,8,20,10,16,,67,6,1,22,9,121.5406204,25.03110419
111,5,7,20,55,2,03中山區,中山區松江路與松江路164巷口,0,0,1,1,B01,7,3,5,50,3,2,1,5,4,5,7,4,4,1,4,5,2,17,1,47,3,10,1,4,7,7,1,4,1,15,,7,7,1,22,9,121.5330242,25.05571573
111,5,7,20,55,2,03中山區,中山區松江路與松江路164巷口,0,0,1,2,C03,7,3,5,50,3,2,1,5,4,5,7,4,4,1,4,5,2,17,1,21,2,9,1,4,7,9,1,10,1,14,,13,7,1,22,9,121.5330242,25.05571573
111,5,7,20,55,2,07信義區,信義區基隆路2段115號,0,0,2,1,C03,8,3,5,50,14,9,1,5,4,5,7,4,4,1,4,5,2,13,2,58,2,9,1,1,7,12,1,10,1,11,,23,23,1,22,9,121.5570608,25.02872284
111,5,7,20,55,2,07信義區,信義區基隆路2段115號,0,0,2,2,C03,8,3,5,50,14,9,1,5,4,5,7,4,4,1,4,5,2,13,1,30,2,9,1,1,7,12,1,10,1,13,,44,23,1,22,9,121.5570608,25.02872284
111,5,7,21,29,2,03中山區,中山區八德路2段與八德路2段300巷口,0,0,1,1,C03,8,3,5,50,4,2,1,5,4,5,7,2,1,4,1,1,1,17,1,42,3,10,3,4,7,8,1,10,1,15,,7,7,1,22,9,121.5420487,25.04707725
111,5,7,21,29,2,03中山區,中山區八德路2段與八德路2段300巷口,0,0,1,2,C03,8,3,5,50,4,2,1,5,4,5,7,2,1,4,1,1,1,17,1,30,2,9,3,4,7,9,1,10,1,12,,13,7,1,22,9,121.5420487,25.04707725
111,5,7,22,11,2,04大安區,大安區和平東路2段175巷與復興南路2段160巷口,0,0,1,1,B03,8,3,5,30,4,1,1,5,4,5,7,4,4,9,5,5,1,1,1,57,3,10,1,1,7,6,1,8,1,2,,23,23,1,22,9,121.5418211,25.02781842
111,5,7,22,11,2,04大安區,大安區和平東路2段175巷與復興南路2段160巷口,0,0,1,2,H01,8,3,5,30,4,1,1,5,4,5,7,4,4,9,5,5,1,1,2,66,2,7,4,5,8,16,8,20,10,16,,67,23,1,22,9,121.5418211,25.02781842
111,5,7,22,30,2,12內湖區,內湖區南湖大橋與康寧路3段口,0,0,1,1,B03,8,1,5,50,4,2,1,5,4,5,7,1,1,1,5,5,2,17,1,30,3,10,1,1,7,11,1,8,1,2,,10,10,1,22,9,121.611034,25.06483664
111,5,7,22,30,2,12內湖區,內湖區南湖大橋與康寧路3段口,0,0,1,2,C03,8,1,5,50,4,2,1,5,4,5,7,1,1,1,5,5,2,17,1,18,2,9,1,1,7,9,1,10,1,14,,44,10,1,22,9,121.611034,25.06483664
111,5,7,22,46,2,09北投區,北投區新民路99號,0,0,2,1,C03,8,3,5,30,14,9,1,5,4,5,7,4,4,9,5,5,2,17,2,17,2,9,1,1,7,9,2,18,9,11,,23,23,1,22,9,121.5138173,25.14145983
111,5,7,22,46,2,09北投區,北投區新民路99號,0,0,2,2,C03,8,3,5,30,14,9,1,5,4,5,7,4,4,9,5,5,2,17,2,66,3,10,1,1,7,13,1,10,9,13,,44,23,1,22,9,121.5138173,25.14145983
111,5,7,22,46,2,09北投區,北投區新民路99號,0,0,2,3,C03,8,3,5,30,14,9,1,5,4,5,7,4,4,9,5,5,2,17,2,39,3,10,1,1,7,13,1,10,9,12,,44,23,1,22,9,121.5138173,25.14145983
111,5,7,22,46,2,09北投區,北投區新民路99號,0,0,2,4,C03,8,3,5,30,14,9,1,5,4,5,7,4,4,9,5,5,2,17,2,52,3,10,1,1,7,13,1,10,9,12,,44,23,1,22,9,121.5138173,25.14145983
111,5,7,22,46,2,09北投區,北投區新民路99號,0,0,2,5,H02,8,3,5,30,14,9,1,5,4,5,7,4,4,9,5,5,2,17,1,20,2,8,4,5,7,20,8,20,1,16,,67,23,1,22,9,121.5138173,25.14145983
111,5,7,23,10,2,08士林區,士林區社中街220號,0,0,1,1,C03,7,3,5,30,14,9,1,5,4,5,7,4,4,9,5,5,2,17,1,40,3,10,1,1,7,2,1,10,2,13,,12,12,1,22,9,121.5083581,25.09115134
111,5,7,23,10,2,08士林區,士林區社中街220號,0,0,1,2,C03,7,3,5,30,14,9,1,5,4,5,7,4,4,9,5,5,2,17,1,39,3,10,1,1,7,9,1,10,2,12,,44,12,1,22,9,121.5083581,25.09115134
111,5,7,23,10,2,08士林區,士林區社中街220號,0,0,1,3,H02,7,3,5,30,14,9,1,5,4,5,7,4,4,9,5,5,2,17,2,40,2,8,1,1,7,17,8,20,10,16,,67,12,1,22,9,121.5083581,25.09115134
111,5,7,23,33,2,02萬華區,萬華區萬大路與長泰街口,0,0,1,1,B03,8,3,5,30,4,1,1,5,4,5,7,1,1,1,4,5,2,17,1,32,3,10,1,4,7,9,1,8,1,5,,17,17,1,22,9,121.4992212,25.02259674
111,5,7,23,33,2,02萬華區,萬華區萬大路與長泰街口,0,0,1,2,C03,8,3,5,30,4,1,1,5,4,5,7,1,1,1,4,5,2,17,1,25,2,9,1,4,7,9,1,10,1,14,,17,17,1,22,9,121.4992212,25.02259674
111,5,8,0,31,2,10文山區,文山區木新路2段與保儀路口口,0,0,3,1,C03,8,3,5,50,4,1,1,5,4,5,7,3,1,5,4,4,2,16,2,18,2,9,1,1,7,5,1,10,1,14,,8,8,1,22,9,121.565516,24.9828678
111,5,8,0,31,2,10文山區,文山區木新路2段與保儀路口口,0,0,3,2,C03,8,3,5,50,4,1,1,5,4,5,7,3,1,5,4,4,2,16,1,26,2,9,1,1,7,9,1,10,1,12,,14,8,1,22,9,121.565516,24.9828678
111,5,8,0,31,2,10文山區,文山區木新路2段與保儀路口口,0,0,3,3,H02,8,3,5,50,4,1,1,5,4,5,7,3,1,5,4,4,2,16,2,24,2,9,1,1,7,20,8,20,10,16,,67,8,1,22,9,121.565516,24.9828678
111,5,8,1,38,2,06松山區,松山區民權東路5段3號,0,0,2,1,B12,8,1,5,50,14,9,1,5,4,5,7,1,1,1,3,5,2,17,1,59,3,10,3,4,7,5,1,4,1,4,,8,8,1,22,9,121.5648347,25.063122
111,5,8,1,38,2,06松山區,松山區民權東路5段3號,0,0,2,2,C03,8,1,5,50,14,9,1,5,4,5,7,1,1,1,3,5,2,17,2,24,2,9,3,4,7,9,1,10,1,11,,44,8,1,22,9,121.5648347,25.063122
111,5,8,1,38,2,06松山區,松山區民權東路5段3號,0,0,2,3,H02,8,1,5,50,14,9,1,5,4,5,7,1,1,1,3,5,2,17,1,26,2,9,3,5,7,20,8,20,10,16,,67,8,1,22,9,121.5648347,25.063122
111,5,8,3,47,2,03中山區,中山區中山北路2段與民權西路口,0,0,4,1,B03,7,3,5,50,4,1,1,5,4,5,7,1,1,5,4,5,2,16,2,27,2,9,1,4,7,11,1,8,3,7,,10,10,1,22,9,121.5225556,25.06301131
111,5,8,3,47,2,03中山區,中山區中山北路2段與民權西路口,0,0,4,2,B01,7,3,5,50,4,1,1,5,4,5,7,1,1,5,4,5,2,16,1,59,2,8,1,4,7,9,1,4,2,8,,44,10,1,22,9,121.5225556,25.06301131
111,5,8,3,47,2,03中山區,中山區中山北路2段與民權西路口,0,0,4,3,H02,7,3,5,50,4,1,1,5,4,5,7,1,1,5,4,5,2,16,2,36,2,1,1,5,7,20,8,20,10,16,,67,10,1,22,9,121.5225556,25.06301131
111,5,8,3,47,2,03中山區,中山區中山北路2段與民權西路口,0,0,4,4,H02,7,3,5,50,4,1,1,5,4,5,7,1,1,5,4,5,2,16,1,32,2,1,1,5,7,20,8,20,10,16,,67,10,1,22,9,121.5225556,25.06301131
111,5,8,7,3,2,08士林區,士林區忠義街與忠誠路1段173巷口,0,0,1,1,C03,7,1,5,30,4,1,1,5,4,5,7,3,1,4,5,5,1,15,1,30,2,9,1,1,7,9,1,10,1,11,,6,6,1,22,9,121.5327656,25.10858529
111,5,8,7,3,2,08士林區,士林區忠義街與忠誠路1段173巷口,0,0,1,2,B03,7,1,5,30,4,1,1,5,4,5,7,3,1,4,5,5,1,15,1,54,3,10,1,1,7,9,1,4,1,1,,14,6,1,22,9,121.5327656,25.10858529
111,5,8,8,26,2,03中山區,中山區建國北路3段93巷與建國北路3段口,0,0,2,1,C03,8,1,5,30,3,1,1,5,4,5,7,4,4,9,4,5,2,16,1,78,2,9,1,1,7,1,6,18,2,12,,19,19,1,19,5,121.5365766,25.06572798
111,5,8,8,26,2,03中山區,中山區建國北路3段93巷與建國北路3段口,0,0,2,2,C03,8,1,5,30,3,1,1,5,4,5,7,4,4,9,4,5,2,16,1,26,2,9,1,1,7,9,1,10,2,11,,13,19,1,5,1,121.5365766,25.06572798
111,5,8,8,52,2,07信義區,信義區信義路6段15巷12弄與信義路6段15巷口,0,0,1,1,B03,6,1,5,30,4,1,1,4,4,5,7,4,4,10,5,5,2,15,1,52,3,10,1,1,7,9,1,8,1,1,,6,6,1,22,9,121.5751872,25.03490742
111,5,8,8,52,2,07信義區,信義區信義路6段15巷12弄與信義路6段15巷口,0,0,1,2,C03,6,1,5,30,4,1,1,4,4,5,7,4,4,10,5,5,2,15,1,57,2,9,1,1,7,9,1,10,1,12,,6,6,1,22,9,121.5751872,25.03490742
111,5,8,9,0,2,07信義區,信義區忠孝東路4段與忠孝東路4段559巷口口,0,0,1,1,B12,6,1,5,30,3,2,1,4,4,5,7,4,4,1,4,5,2,17,1,49,3,10,3,4,7,6,1,3,2,4,,6,6,1,22,9,121.5635996,25.04126836
111,5,8,9,0,2,07信義區,信義區忠孝東路4段與忠孝東路4段559巷口口,0,0,1,2,C03,6,1,5,30,3,2,1,4,4,5,7,4,4,1,4,5,2,17,1,49,2,9,3,4,7,9,1,10,2,12,,13,6,1,22,9,121.5635996,25.04126836
111,5,8,9,10,2,03中山區,中山區建國北路3段86巷與建國北路3段口,0,0,1,1,B03,6,1,5,50,3,1,1,4,4,5,7,3,1,5,2,5,2,17,1,48,3,10,1,1,7,6,1,8,1,15,,6,6,1,22,9,121.5353167,25.0660339
111,5,8,9,10,2,03中山區,中山區建國北路3段86巷與建國北路3段口,0,0,1,2,C03,6,1,5,50,3,1,1,4,4,5,7,3,1,5,2,5,2,17,1,26,2,9,1,1,7,9,1,10,1,15,,14,6,1,22,9,121.5353167,25.0660339
111,5,8,9,46,2,04大安區,大安區基隆路3段與辛亥路3段口,0,0,1,1,B03,6,1,5,50,4,2,1,4,4,5,7,1,1,8,3,5,2,16,1,42,3,10,1,1,7,5,1,8,2,4,,8,8,1,22,9,121.5467472,25.01944695
111,5,8,9,46,2,04大安區,大安區基隆路3段與辛亥路3段口,0,0,1,2,C03,6,1,5,50,4,2,1,4,4,5,7,1,1,8,3,5,2,16,1,18,2,9,1,1,7,9,1,10,2,12,,44,8,1,22,9,121.5467472,25.01944695
111,5,8,9,46,2,05中正區,中正區襄陽路與館前路口,0,0,2,1,B12,6,1,5,50,3,2,1,4,4,5,7,2,1,5,4,5,2,12,1,20,3,10,1,1,7,6,1,8,2,2,,6,6,1,22,9,121.5150075,25.04347626
111,5,8,9,46,2,05中正區,中正區襄陽路與館前路口,0,0,2,2,C03,6,1,5,50,3,2,1,4,4,5,7,2,1,5,4,5,2,12,1,25,2,9,1,1,7,7,1,10,2,14,,7,6,1,22,9,121.5150075,25.04347626
111,5,8,9,46,2,05中正區,中正區襄陽路與館前路口,0,0,2,3,H02,6,1,5,50,3,2,1,4,4,5,7,2,1,5,4,5,2,12,2,26,2,8,4,5,7,20,8,20,10,16,,67,6,1,22,9,121.5150075,25.04347626
111,5,8,10,21,2,11南港區,南港區忠孝東路7段415巷與忠孝東路7段口,0,0,1,1,C03,6,1,5,50,3,2,1,4,4,5,7,2,1,1,4,5,2,13,2,22,2,9,1,1,7,9,1,10,1,11,,23,16,1,22,9,121.6091203,25.0524626
111,5,8,10,21,2,11南港區,南港區忠孝東路7段415巷與忠孝東路7段口,0,0,1,2,B03,6,1,5,50,3,2,1,4,4,5,7,2,1,1,4,5,2,13,1,38,3,10,1,1,7,6,1,8,1,6,,44,16,1,22,9,121.6091203,25.0524626
111,5,8,10,32,2,05中正區,中正區和平西路1段與廈門街口,0,0,1,1,C03,8,1,5,50,4,1,1,5,4,5,7,1,1,1,4,5,2,17,2,47,2,9,1,1,7,5,4,11,2,13,,44,44,1,22,9,121.5179711,25.0267151
111,5,8,10,32,2,05中正區,中正區和平西路1段與廈門街口,0,0,1,2,B03,8,1,5,50,4,1,1,5,4,5,7,1,1,1,4,5,2,17,1,40,3,10,1,1,7,9,1,8,2,1,,23,44,1,22,9,121.5179711,25.0267151
111,5,8,10,45,2,10文山區,文山區辛亥路7段與辛亥路7段76巷口口,0,0,1,1,B03,8,1,5,50,3,1,1,5,4,5,7,1,1,5,4,5,2,12,1,71,3,10,1,1,7,9,1,8,1,2,,44,44,1,22,9,121.5537539,24.9819597