發生年度,發生月,發生日,發生時-Hours,發生分,處理別-編號,區序,肇事地點,死亡人數,2-30日死亡人數,受傷人數,當事人序號,車種,天候,光線,道路類別,速限-速度限制,道路型態,事故位置,路面狀況1,路面狀況2,路面狀況3,道路障礙1,道路障礙2,號誌1,號誌2,車道劃分-分向,車道劃分-分道1,車道劃分-分道2,車道劃分-分道3,事故類型及型態,性別,年齡,受傷程度,主要傷處,安全帽,行動電話,車輛用途,當事者行動狀態,駕駛資格情形,駕駛執照種類,飲酒情形,車輛撞擊部位1,車輛撞擊部位2,肇因碼-個別,肇因碼-主要,個人肇逃否,職業,旅次目的,座標-X,座標-Y
111,5,8,10,45,2,10文山區,文山區辛亥路7段與辛亥路7段76巷口口,0,0,1,2,C03,8,1,5,50,3,1,1,5,4,5,7,1,1,5,4,5,2,12,2,42,2,9,1,1,7,9,1,10,1,14,,17,44,1,22,9,121.5537539,24.9819597
111,5,8,11,8,2,08士林區,士林區中山北路5段與文林路口,0,0,1,1,C03,8,1,5,50,3,1,1,5,4,5,7,1,1,1,4,5,2,13,1,33,2,7,3,4,7,9,1,10,9,11,,23,23,2,22,9,121.5255945,25.08599682
111,5,8,11,8,2,08士林區,士林區中山北路5段與文林路口,0,0,1,2,B03,8,1,5,50,3,1,1,5,4,5,7,1,1,1,4,5,2,13,1,57,3,10,3,4,7,12,1,8,9,3,,44,23,1,22,9,121.5255945,25.08599682
111,5,8,11,10,2,04大安區,大安區愛國東路南門市場前,0,0,1,1,B03,8,1,5,40,14,8,1,5,4,5,7,4,4,10,3,4,2,13,1,32,3,10,1,1,7,8,1,8,1,1,,23,23,1,22,9,121.5231345,25.03232301
111,5,8,11,10,2,04大安區,大安區愛國東路南門市場前,0,0,1,2,B03,8,1,5,40,14,8,1,5,4,5,7,4,4,10,3,4,2,13,2,63,2,2,1,1,7,9,1,8,1,3,,44,23,1,22,9,121.5231345,25.03232301
111,5,8,11,55,2,03中山區,中山區中山北路3段與農安街口,0,0,1,1,B01,8,3,5,50,4,1,1,5,4,5,7,2,1,5,5,5,2,2,1,64,3,10,1,1,7,5,1,4,9,4,,15,15,1,22,9,121.5222452,25.0648259
111,5,8,11,55,2,03中山區,中山區中山北路3段與農安街口,0,0,1,2,H01,8,3,5,50,4,1,1,5,4,5,7,2,1,5,5,5,2,2,2,49,2,9,4,5,8,16,8,20,10,16,,67,15,1,22,9,121.5222452,25.0648259
111,5,8,12,22,2,07信義區,(信安街103巷22-5號),0,0,2,1,C03,8,1,5,30,14,9,1,5,4,5,7,4,4,10,5,5,2,16,1,52,2,7,1,1,7,5,1,10,1,14,,6,6,1,22,9,121.5602891,25.02468208
111,5,8,12,22,2,07信義區,(信安街103巷22-5號),0,0,2,2,C03,8,1,5,30,14,9,1,5,4,5,7,4,4,10,5,5,2,16,1,22,2,2,1,1,7,9,1,10,1,11,,14,6,1,22,9,121.5602891,25.02468208
111,5,8,13,5,2,10文山區,文山區景美堤便道與景美河濱公園口景美溪右岸堤內道路(137號路燈),0,0,1,1,F01,8,1,5,0,14,9,1,5,4,5,7,4,4,10,5,5,2,2,1,25,3,10,1,3,7,9,8,20,1,16,,43,43,1,22,9,121.5498129,24.9846016
111,5,8,13,5,2,10文山區,文山區景美堤便道與景美河濱公園口景美溪右岸堤內道路(137號路燈),0,0,1,2,H01,8,1,5,0,14,9,1,5,4,5,7,4,4,10,5,5,2,2,2,51,2,9,4,5,8,16,8,20,1,16,,67,43,1,22,9,121.5498129,24.9846016
111,5,8,13,43,2,05中正區,中正區信義路2段243巷與信義路2段口,0,0,1,1,B03,8,1,5,30,3,1,1,5,4,5,7,4,4,1,2,5,2,11,2,38,3,10,1,1,7,5,1,8,2,5,,26,26,1,22,9,121.5311479,25.03373539
111,5,8,13,43,2,05中正區,中正區信義路2段243巷與信義路2段口,0,0,1,2,F01,8,1,5,30,3,1,1,5,4,5,7,4,4,1,2,5,2,11,2,43,2,9,1,1,7,11,8,20,2,16,,11,26,1,22,9,121.5311479,25.03373539
111,5,8,14,9,2,09北投區,北投區豐年路2段142號237巷,0,0,2,2,C03,8,1,5,30,3,1,1,5,4,5,7,4,4,10,5,5,2,16,1,23,2,9,1,1,7,6,1,10,1,11,,13,8,1,22,9,121.4934562,25.1369077
111,5,8,14,9,2,09北投區,北投區豐年路2段142號237巷,0,0,2,1,C03,8,1,5,30,3,1,1,5,4,5,7,4,4,10,5,5,2,16,1,21,2,9,1,1,7,5,1,10,1,11,,8,8,1,22,9,121.4934562,25.1369077
111,5,8,14,20,2,05中正區,中正區汀州路1段與和平西路2段134巷口,0,0,1,1,C03,8,1,5,30,4,2,1,5,4,5,7,4,4,5,5,5,2,16,1,42,2,9,1,1,7,5,1,10,2,12,,6,6,1,22,9,121.5062829,25.03183
111,5,8,14,20,2,05中正區,中正區汀州路1段與和平西路2段134巷口,0,0,1,2,B03,8,1,5,30,4,2,1,5,4,5,7,4,4,5,5,5,2,16,1,33,3,10,1,1,7,9,1,8,2,8,,13,6,1,22,9,121.5062829,25.03183
111,5,8,15,10,2,04大安區,大安區光復南路676巷與通化街39巷62弄口,0,0,1,1,C03,8,1,5,30,4,1,1,5,4,5,7,4,4,10,5,5,2,15,1,34,3,10,1,1,7,9,1,10,1,12,,6,6,1,22,9,121.5561658,25.0306475
111,5,8,15,10,2,04大安區,大安區光復南路676巷與通化街39巷62弄口,0,0,1,2,B03,8,1,5,30,4,1,1,5,4,5,7,4,4,10,5,5,2,15,2,51,3,10,1,1,7,9,1,8,1,1,,23,6,1,22,9,121.5561658,25.0306475
111,5,8,15,10,2,04大安區,大安區光復南路676巷與通化街39巷62弄口,0,0,1,3,H02,8,1,5,30,4,1,1,5,4,5,7,4,4,10,5,5,2,15,2,35,2,8,1,1,7,21,8,20,10,16,,67,6,1,22,9,121.5561658,25.0306475
111,5,8,15,20,2,08士林區,士林區延平北路5段與葫蘆街口口,0,0,1,1,C03,8,1,5,50,3,1,1,5,4,5,7,2,1,1,4,5,1,16,1,69,2,8,1,1,7,11,1,10,1,13,,10,10,1,22,9,121.5108963,25.08000562
111,5,8,15,20,2,08士林區,士林區延平北路5段與葫蘆街口口,0,0,1,2,C03,8,1,5,50,3,1,1,5,4,5,7,2,1,1,4,5,1,16,1,25,3,10,1,1,7,9,1,10,1,11,,13,10,1,22,9,121.5108963,25.08000562
111,5,8,16,30,2,04大安區,大安區信義路2段與麗水街口,0,0,1,1,C03,8,1,5,50,3,1,1,5,4,5,7,4,4,9,4,5,2,9,2,20,3,10,1,1,7,6,1,10,9,12,,15,15,1,22,9,121.5292092,25.03371047
111,5,8,16,30,2,04大安區,大安區信義路2段與麗水街口,0,0,1,2,H01,8,1,5,50,3,1,1,5,4,5,7,4,4,9,4,5,2,9,2,33,2,9,4,5,8,16,8,20,10,16,,67,15,1,22,9,121.5292092,25.03371047
111,5,8,16,35,2,06松山區,松山區健康路10號,0,0,1,1,F01,7,2,5,30,14,9,1,5,4,5,7,4,4,4,3,5,2,17,2,69,2,9,1,1,7,9,8,20,1,16,,4,4,1,22,9,121.5526054,25.05233009
111,5,8,16,35,2,06松山區,松山區健康路10號,0,0,1,2,C03,7,2,5,30,14,9,1,5,4,5,7,4,4,4,3,5,2,17,1,36,3,10,1,1,7,9,1,10,1,11,,23,4,1,22,9,121.5526054,25.05233009
111,5,8,16,43,2,09北投區,北投區承德路6段與文林北路5巷口,0,0,1,1,B03,7,1,5,40,3,1,1,5,4,5,7,2,1,1,4,4,2,16,1,44,3,10,1,1,7,6,1,8,1,2,,26,26,1,22,9,121.5130072,25.09901452
111,5,8,16,43,2,09北投區,北投區承德路6段與文林北路5巷口,0,0,1,2,C03,7,1,5,40,3,1,1,5,4,5,7,2,1,1,4,4,2,16,1,19,2,7,1,1,7,4,1,10,1,11,,13,26,1,22,9,121.5130072,25.09901452
111,5,8,18,10,2,09北投區,北投區天母西路與磺溪便道口,0,0,1,1,C03,7,3,5,50,4,2,1,5,4,5,7,4,4,5,5,5,1,12,1,65,2,9,1,1,7,8,1,10,1,11,,7,7,1,22,9,121.5236908,25.11872433
111,5,8,18,10,2,09北投區,北投區天母西路與磺溪便道口,0,0,1,2,B03,7,3,5,50,4,2,1,5,4,5,7,4,4,5,5,5,1,12,1,45,3,10,1,1,7,9,1,8,1,15,,23,7,1,22,9,121.5236908,25.11872433
111,5,8,18,10,2,09北投區,北投區天母西路與磺溪便道口,0,0,1,3,B03,7,3,5,50,4,2,1,5,4,5,7,4,4,5,5,5,1,12,1,67,3,10,1,1,7,6,1,8,1,8,,17,7,1,22,9,121.5236908,25.11872433
111,5,8,18,40,2,12內湖區,內湖區南湖大橋往內湖下橋處,0,0,1,1,B03,7,3,5,50,14,9,1,5,4,5,7,1,1,1,4,5,2,16,1,43,3,10,1,1,7,11,1,8,2,5,,10,10,1,22,9,121.611068,25.0648643
111,5,8,18,40,2,12內湖區,內湖區南湖大橋往內湖下橋處,0,0,1,2,F01,7,3,5,50,14,9,1,5,4,5,7,1,1,1,4,5,2,16,1,31,2,9,1,1,7,9,8,20,2,16,,23,10,1,22,9,121.611068,25.0648643
111,5,8,18,57,2,06松山區,松山區松河街168號,0,0,3,1,C03,8,3,5,40,14,9,1,5,4,5,7,1,1,9,4,5,2,12,1,19,2,8,1,1,7,11,1,10,1,14,,10,10,1,22,9,121.5765931,25.05138229
111,5,8,18,57,2,06松山區,松山區松河街168號,0,0,3,3,H02,8,3,5,40,14,9,1,5,4,5,7,1,1,9,4,5,2,12,2,22,2,8,1,5,7,20,8,20,10,16,,67,10,1,22,9,121.5765931,25.05138229
111,5,8,18,57,2,06松山區,松山區松河街168號,0,0,3,2,C03,8,3,5,40,14,9,1,5,4,5,7,1,1,9,4,5,2,12,1,61,2,8,1,1,7,9,1,10,1,11,,23,10,1,22,9,121.5765931,25.05138229
111,5,8,20,20,2,10文山區,文山區木柵路1段292號,0,0,1,1,B03,7,1,5,50,14,9,1,5,4,5,7,3,1,10,4,5,2,16,1,27,3,10,1,1,7,11,1,8,1,4,,11,11,1,22,9,121.5563102,24.98844588
111,5,8,20,20,2,10文山區,文山區木柵路1段292號,0,0,1,2,C03,7,1,5,50,14,9,1,5,4,5,7,3,1,10,4,5,2,16,1,19,2,9,1,1,7,9,1,10,1,11,,44,11,1,22,9,121.5563102,24.98844588
111,5,8,23,30,2,01大同區,大同區環河北路2段153號,0,0,1,1,B01,7,3,5,50,14,9,1,5,4,5,7,4,4,1,4,5,2,13,1,42,3,10,1,1,7,9,1,4,1,1,,23,23,1,22,9,121.5090174,25.06742033
111,5,8,23,30,2,01大同區,大同區環河北路2段153號,0,0,1,2,C03,7,3,5,50,14,9,1,5,4,5,7,4,4,1,4,5,2,13,1,20,2,9,1,1,7,9,1,10,1,13,,44,23,1,22,9,121.5090174,25.06742033
111,5,8,23,30,2,01大同區,大同區環河北路2段153號,0,0,1,3,B01,7,3,5,50,14,9,1,5,4,5,7,4,4,1,4,5,2,13,1,65,3,10,1,1,7,9,1,4,1,1,,23,23,1,22,9,121.5090174,25.06742033
111,5,8,23,30,2,01大同區,大同區環河北路2段153號,0,0,1,4,B01,7,3,5,50,14,9,1,5,4,5,7,4,4,1,4,5,2,13,1,54,3,10,1,1,7,13,1,4,1,7,,44,23,1,22,9,121.5090174,25.06742033
111,5,9,0,36,2,08士林區,士林區大南路與通河東街1段口,0,0,1,1,B02,8,3,5,50,5,1,1,5,4,3,3,3,1,5,5,5,2,17,1,45,3,10,3,4,7,5,6,8,1,1,,8,8,1,22,9,121.5156117,25.08947075
111,5,9,0,36,2,08士林區,士林區大南路與通河東街1段口,0,0,1,2,C03,8,3,5,50,5,1,1,5,4,3,3,3,1,5,5,5,2,17,2,23,2,9,1,4,7,9,1,10,1,12,,44,8,1,22,9,121.5156117,25.08947075
111,5,9,1,34,2,05中正區,中正區重慶南路3段與和平西路1段口,0,0,2,1,C03,8,3,5,50,5,1,1,5,4,5,7,1,1,1,4,5,2,17,1,19,2,9,1,1,7,9,1,10,2,12,,23,23,1,22,9,121.5158312,25.02755758
111,5,9,1,34,2,05中正區,中正區重慶南路3段與和平西路1段口,0,0,2,2,C03,8,3,5,50,5,1,1,5,4,5,7,1,1,1,4,5,2,17,2,49,2,8,1,1,7,14,1,10,2,14,,44,23,1,22,9,121.5158312,25.02755758
111,5,9,1,34,2,05中正區,中正區重慶南路3段與和平西路1段口,0,0,2,3,B03,8,3,5,50,5,1,1,5,4,5,7,1,1,1,4,5,2,17,1,50,3,10,1,1,7,9,6,2,2,8,,23,23,1,22,9,121.5158312,25.02755758
111,5,9,3,45,2,01大同區,大同區重慶北路3段與民族西路口,0,0,3,1,B03,7,3,5,50,4,1,1,5,4,5,7,2,1,1,4,5,2,17,1,19,2,9,1,4,7,5,1,8,2,5,,25,25,1,22,9,121.5138201,25.06865182
111,5,9,3,45,2,01大同區,大同區重慶北路3段與民族西路口,0,0,3,2,B03,7,3,5,50,4,1,1,5,4,5,7,2,1,1,4,5,2,17,1,62,2,7,1,4,7,9,1,8,2,1,,13,25,1,22,9,121.5138201,25.06865182
111,5,9,3,45,2,01大同區,大同區重慶北路3段與民族西路口,0,0,3,3,H02,7,3,5,50,4,1,1,5,4,5,7,2,1,1,4,5,2,17,2,51,2,9,1,4,7,20,8,20,10,16,,67,25,1,22,9,121.5138201,25.06865182
111,5,9,6,53,2,08士林區,士林區格致路與凱旋路口,0,0,1,1,B03,8,1,5,40,4,2,1,5,4,5,7,3,1,4,3,5,1,12,2,38,3,10,1,1,7,1,6,8,1,4,,19,19,1,22,9,121.5463599,25.13673921
111,5,9,6,53,2,08士林區,士林區格致路與凱旋路口,0,0,1,2,C03,8,1,5,40,4,2,1,5,4,5,7,3,1,4,3,5,1,12,2,49,2,8,1,1,7,9,1,10,1,11,,44,19,1,22,9,121.5463599,25.13673921
111,5,9,7,25,2,03中山區,中山區大佳河濱公園迎風河濱公園基隆河53H燈桿,0,0,1,1,F01,8,1,8,50,15,22,1,5,4,5,7,4,4,10,5,5,1,16,1,94,3,10,1,1,7,7,8,20,1,16,,7,7,1,22,9,121.5488066,25.07511572
111,5,9,7,25,2,03中山區,中山區大佳河濱公園迎風河濱公園基隆河53H燈桿,0,0,1,2,F01,8,1,8,50,15,22,1,5,4,5,7,4,4,10,5,5,1,16,1,16,2,9,1,1,7,9,8,20,1,16,,23,7,1,22,9,121.5488066,25.07511572
111,5,9,7,43,2,05中正區,中正區重慶南路1段與凱達格蘭大道口,0,0,1,1,B03,8,1,5,50,3,1,1,5,4,5,7,1,1,10,5,5,1,13,1,69,3,10,1,1,7,5,1,8,2,1,,26,26,1,22,9,121.5129827,25.0400102
111,5,9,7,43,2,05中正區,中正區重慶南路1段與凱達格蘭大道口,0,0,1,2,C03,8,1,5,50,3,1,1,5,4,5,7,1,1,10,5,5,1,13,1,41,2,8,1,1,7,9,1,10,2,11,,16,26,1,22,9,121.5129827,25.0400102
111,5,9,7,43,2,05中正區,中正區重慶南路1段與凱達格蘭大道口,0,0,1,3,C03,8,1,5,50,3,1,1,5,4,5,7,1,1,10,5,5,1,13,1,43,3,10,1,1,7,9,1,10,2,13,,44,26,1,22,9,121.5129827,25.0400102
111,5,9,7,45,2,01大同區,大同區承德路2段35號,0,0,3,1,C03,7,1,5,0,14,9,1,5,4,5,7,1,1,9,4,5,1,16,1,29,2,9,3,4,7,9,1,10,1,14,,16,16,1,22,9,121.518315,25.05474868
111,5,9,7,45,2,01大同區,大同區承德路2段35號,0,0,3,2,C03,7,1,5,0,14,9,1,5,4,5,7,1,1,9,4,5,1,16,1,28,2,9,3,4,7,9,1,10,1,13,,44,16,1,22,9,121.518315,25.05474868
111,5,9,7,45,2,01大同區,大同區承德路2段35號,0,0,3,3,C03,7,1,5,0,14,9,1,5,4,5,7,1,1,9,4,5,1,16,2,40,3,10,3,4,7,9,4,11,1,14,,44,16,1,22,9,121.518315,25.05474868
111,5,9,7,45,2,01大同區,大同區承德路2段35號,0,0,3,4,H02,7,1,5,0,14,9,1,5,4,5,7,1,1,9,4,5,1,16,2,24,2,9,4,5,7,21,8,20,10,15,,67,16,1,22,9,121.518315,25.05474868
111,5,9,7,50,2,03中山區,中山區民權東路2段與吉林路口,0,0,2,1,C03,8,1,5,50,4,1,1,5,4,5,7,2,1,1,4,5,2,12,2,39,2,9,3,4,7,6,1,10,1,12,,9,9,1,22,9,121.5302668,25.06245176
111,5,9,7,50,2,03中山區,中山區民權東路2段與吉林路口,0,0,2,2,C03,8,1,5,50,4,1,1,5,4,5,7,2,1,1,4,5,2,12,1,24,2,9,3,4,7,9,1,10,1,14,,13,9,1,22,9,121.5302668,25.06245176
111,5,9,8,7,2,09北投區,北投區大度路3段往淡水092號燈桿,0,0,1,1,B02,7,1,5,50,14,9,1,5,4,5,7,4,4,1,4,5,2,13,1,44,3,10,1,1,7,7,1,4,1,5,,17,17,1,22,9,121.4655611,25.12344001
111,5,9,8,7,2,09北投區,北投區大度路3段往淡水092號燈桿,0,0,1,2,B12,7,1,5,50,14,9,1,5,4,5,7,4,4,1,4,5,2,13,1,26,2,9,1,1,7,9,1,8,1,7,,44,17,1,22,9,121.4655611,25.12344001
111,5,9,8,7,2,09北投區,北投區大度路3段往淡水092號燈桿,0,0,1,3,B03,7,1,5,50,14,9,1,5,4,5,7,4,4,1,4,5,2,13,1,40,3,10,1,1,7,9,1,8,1,3,,44,17,1,22,9,121.4655611,25.12344001
111,5,9,8,11,2,12內湖區,內湖區康寧路3段70巷與民權東路6段280巷155弄口,0,0,1,1,B03,7,1,5,30,4,1,1,5,4,5,7,3,1,10,5,5,2,16,2,35,3,10,1,1,7,9,1,8,1,1,,6,6,1,22,9,121.6099716,25.0685792
111,5,9,8,11,2,12內湖區,內湖區康寧路3段70巷與民權東路6段280巷155弄口,0,0,1,2,C03,7,1,5,30,4,1,1,5,4,5,7,3,1,10,5,5,2,16,1,46,2,9,1,1,7,9,1,10,1,12,,13,6,1,22,9,121.6099716,25.0685792
111,5,9,8,14,2,01大同區,大同區承德路3段272號,0,0,2,1,C03,7,1,5,50,14,9,1,5,4,5,7,4,4,1,4,5,2,13,1,44,2,8,1,1,7,9,1,10,1,11,,23,23,1,22,9,121.5193837,25.07359244
111,5,9,8,14,2,01大同區,大同區承德路3段272號,0,0,2,2,C03,7,1,5,50,14,9,1,5,4,5,7,4,4,1,4,5,2,13,1,28,2,8,1,4,7,15,1,9,1,13,,44,23,1,22,9,121.5193837,25.07359244
111,5,9,8,26,2,11南港區,南港區松河街316號與松河街口無名巷,0,0,1,1,C03,8,1,5,30,3,1,1,5,4,5,7,4,4,4,3,5,1,16,1,36,3,10,3,4,7,5,1,10,2,11,,8,8,1,22,9,121.5832171,25.0528768
111,5,9,8,26,2,11南港區,南港區松河街316號與松河街口無名巷,0,0,1,2,C04,8,1,5,30,3,1,1,5,4,5,7,4,4,4,3,5,1,16,2,22,2,9,3,4,7,9,1,11,1,12,,23,8,1,22,9,121.5832171,25.0528768
111,5,9,8,27,2,08士林區,士林區菁山路99巷24號,0,0,2,1,C03,8,1,5,30,14,9,5,5,4,5,7,4,4,10,5,5,1,11,2,27,2,7,1,1,7,9,1,10,1,11,,5,5,1,22,9,121.5533858,25.14349222
111,5,9,8,27,2,08士林區,士林區菁山路99巷24號,0,0,2,2,C03,8,1,5,30,14,9,5,5,4,5,7,4,4,10,5,5,1,11,1,24,2,9,1,1,7,9,1,10,1,11,,42,5,1,22,9,121.5533858,25.14349222
111,5,9,8,30,2,10文山區,文山區木柵路1段184號前,0,0,1,1,C03,8,1,5,50,14,9,1,5,4,5,7,1,1,5,3,5,2,16,1,23,2,9,1,1,7,9,1,10,2,11,,23,23,1,22,9,121.5525896,24.98787556
111,5,9,8,30,2,10文山區,文山區木柵路1段184號前,0,0,1,2,C03,8,1,5,50,14,9,1,5,4,5,7,1,1,5,3,5,2,16,1,37,3,10,3,4,7,13,1,10,1,12,,44,23,1,22,9,121.5525896,24.98787556
111,5,9,8,30,2,10文山區,文山區木柵路1段184號前,0,0,1,3,C03,8,1,5,50,14,9,1,5,4,5,7,1,1,5,3,5,2,16,1,23,3,10,3,4,7,13,1,10,1,12,,44,23,1,22,9,121.5525896,24.98787556
111,5,9,8,30,2,10文山區,文山區木柵路1段184號前,0,0,1,4,C03,8,1,5,50,14,9,1,5,4,5,7,1,1,5,3,5,2,16,1,19,3,10,3,4,7,13,1,10,1,12,,44,23,1,22,9,121.5525896,24.98787556
111,5,9,8,45,2,12內湖區,內湖區陽光街與瑞光路口,0,0,1,1,B03,7,1,5,50,4,1,1,5,4,5,7,2,1,9,4,5,2,12,2,65,3,10,1,1,7,9,1,8,2,5,,26,26,1,22,9,121.5791768,25.0737525
111,5,9,8,45,2,12內湖區,內湖區陽光街與瑞光路口,0,0,1,2,C03,7,1,5,50,4,1,1,5,4,5,7,2,1,9,4,5,2,12,2,57,2,8,1,1,7,5,1,10,2,13,,8,26,1,22,9,121.5791768,25.0737525
111,5,9,9,29,2,09北投區,北投區大業路31號,0,0,1,1,B03,7,1,5,50,14,9,1,5,4,5,7,4,4,1,4,5,2,17,1,43,3,10,1,1,7,15,1,8,1,6,,43,43,1,22,9,121.4993521,25.1219785
111,5,9,9,29,2,09北投區,北投區大業路31號,0,0,1,2,C03,7,1,5,50,14,9,1,5,4,5,7,4,4,1,4,5,2,17,1,20,2,8,1,1,7,9,1,10,1,11,,43,43,1,22,9,121.4993521,25.1219785
111,5,9,10,10,2,10文山區,文山區光輝路與下崙路口口,0,0,1,1,B02,8,1,5,30,14,18,1,5,4,5,7,4,4,5,5,5,2,3,1,28,3,10,1,1,7,5,1,8,2,8,,43,43,1,22,9,121.5549843,24.98664973
111,5,9,10,10,2,10文山區,文山區光輝路與下崙路口口,0,0,1,2,H01,8,1,5,30,14,18,1,5,4,5,7,4,4,5,5,5,2,3,2,93,2,8,4,1,8,16,8,20,1,16,,67,43,1,22,9,121.5549843,24.98664973
111,5,9,10,20,2,01大同區,大同區哈密街59巷56弄與哈密街59巷口,0,0,1,1,B03,8,1,5,30,4,1,1,5,4,5,7,4,4,10,5,5,1,16,1,50,3,10,3,4,7,9,1,8,1,1,,6,6,1,22,9,121.5157331,25.075357
111,5,9,10,20,2,01大同區,大同區哈密街59巷56弄與哈密街59巷口,0,0,1,2,C03,8,1,5,30,4,1,1,5,4,5,7,4,4,10,5,5,1,16,2,48,2,9,3,4,7,9,1,10,1,14,,14,6,1,22,9,121.5157331,25.075357
111,5,9,10,29,2,09北投區,北投區承德路7段164巷與無名巷口,0,0,1,1,C03,8,1,5,30,4,1,1,5,4,5,7,4,4,10,5,5,2,15,1,30,2,7,1,1,7,9,1,10,1,11,,6,6,1,22,9,121.5090208,25.11343897
111,5,9,10,29,2,09北投區,北投區承德路7段164巷與無名巷口,0,0,1,2,C03,8,1,5,30,4,1,1,5,4,5,7,4,4,10,5,5,2,15,1,42,3,10,1,1,7,9,1,10,1,14,,44,6,1,22,9,121.5090208,25.11343897
111,5,9,11,0,2,07信義區,信義區永吉路278巷與永吉路200巷81弄口,0,0,1,1,B01,8,1,5,30,4,1,1,5,4,5,7,4,4,5,5,5,2,15,1,68,3,10,1,1,7,9,1,4,2,8,,6,6,1,21,8,121.5741251,25.04340807
111,5,9,11,0,2,07信義區,信義區永吉路278巷與永吉路200巷81弄口,0,0,1,2,C03,8,1,5,30,4,1,1,5,4,5,7,4,4,5,5,5,2,15,1,43,2,9,1,1,7,9,1,10,2,11,,23,6,1,21,8,121.5741251,25.04340807
111,5,9,11,12,2,07信義區,信義區信義路6段15巷與松德路133巷口,0,0,1,1,C03,7,1,5,30,4,1,1,5,4,5,7,4,4,10,5,5,2,15,1,25,2,3,1,1,7,9,1,10,1,11,,6,6,1,22,9,121.5752726,25.03706619
111,5,9,11,12,2,07信義區,信義區信義路6段15巷與松德路133巷口,0,0,1,2,C03,7,1,5,30,4,1,1,5,4,5,7,4,4,10,5,5,2,15,1,55,3,10,1,1,7,9,1,10,1,11,,44,6,1,22,9,121.5752726,25.03706619
111,5,9,11,21,2,04大安區,大安區辛亥路3段81號,0,0,1,1,C03,8,1,5,50,14,9,1,5,4,5,7,4,4,9,4,5,2,17,1,60,3,10,1,1,7,9,1,10,1,15,,37,37,1,22,9,121.5465999,25.0195711
111,5,9,11,21,2,04大安區,大安區辛亥路3段81號,0,0,1,2,C03,8,1,5,50,14,9,1,5,4,5,7,4,4,9,4,5,2,17,2,40,2,9,1,1,7,9,1,10,1,11,,44,37,1,22,9,121.5465999,25.0195711
111,5,9,11,25,2,03中山區,中山區復興北路340號,0,0,1,1,C03,8,1,5,50,14,11,1,5,4,5,7,4,4,9,4,5,2,12,1,70,2,9,1,1,7,9,1,10,1,14,,44,44,1,5,3,121.5440752,25.05983487
111,5,9,11,25,2,03中山區,中山區復興北路340號,0,0,1,2,B03,8,1,5,50,14,11,1,5,4,5,7,4,4,9,4,5,2,12,1,49,3,10,1,1,7,9,5,18,1,2,,23,44,1,5,5,121.5440752,25.05983487
111,5,9,11,27,2,04大安區,大安區基隆路2段329號,0,0,2,1,C03,8,1,5,50,14,9,1,5,4,5,7,4,4,1,4,5,2,13,1,23,2,8,3,4,7,8,1,10,1,14,,7,7,1,22,9,121.5485669,25.02066072
111,5,9,11,27,2,04大安區,大安區基隆路2段329號,0,0,2,2,F01,8,1,5,50,14,9,1,5,4,5,7,4,4,1,4,5,2,13,1,19,2,9,3,4,7,7,8,20,1,16,,7,7,1,22,9,121.5485669,25.02066072
111,5,9,11,57,2,06松山區,松山區八德路4段88號,0,0,1,1,B01,7,1,5,50,14,9,1,5,4,5,7,4,4,5,4,5,2,17,1,42,3,10,3,4,7,14,1,4,2,4,,40,40,1,22,9,121.5604335,25.04843612
111,5,9,11,57,2,06松山區,松山區八德路4段88號,0,0,1,2,C04,7,1,5,50,14,9,1,5,4,5,7,4,4,5,4,5,2,17,1,32,2,8,3,4,7,9,1,10,2,11,,23,40,1,22,9,121.5604335,25.04843612
111,5,9,12,47,2,03中山區,中山區港墘路與堤頂大道2段口,0,0,1,1,B03,8,1,5,70,4,1,1,5,4,5,7,4,4,7,2,5,2,12,2,36,3,10,1,1,7,9,1,8,1,2,,25,25,1,5,5,121.5722204,25.0745733
111,5,9,12,47,2,03中山區,中山區港墘路與堤頂大道2段口,0,0,1,2,C03,8,1,5,70,4,1,1,5,4,5,7,4,4,7,2,5,2,12,1,63,2,9,1,1,7,5,1,10,1,14,,44,25,1,9,9,121.5722204,25.0745733
111,5,9,12,47,2,03中山區,中山區港墘路與堤頂大道2段口,0,0,1,3,C03,8,1,5,70,4,1,1,5,4,5,7,4,4,7,2,5,2,12,1,33,3,10,1,1,7,5,1,10,1,14,,44,25,1,5,3,121.5722204,25.0745733
111,5,9,13,3,2,06松山區,松山區復興南路1段1-1號,0,0,2,1,C03,7,1,5,50,14,9,1,5,4,5,7,4,4,1,4,5,2,13,1,54,2,9,1,1,7,9,1,10,1,11,,23,23,1,22,9,121.5440021,25.04747154
111,5,9,13,3,2,06松山區,松山區復興南路1段1-1號,0,0,2,2,B03,7,1,5,50,14,9,1,5,4,5,7,4,4,1,4,5,2,13,1,50,3,10,1,1,7,14,1,8,1,6,,44,23,1,22,9,121.5440021,25.04747154
111,5,9,13,3,2,06松山區,松山區復興南路1段1-1號,0,0,2,3,H02,7,1,5,50,14,9,1,5,4,5,7,4,4,1,4,5,2,13,2,42,2,7,4,5,7,21,8,20,10,16,,67,23,1,22,9,121.5440021,25.04747154
111,5,9,13,15,2,05中正區,中正區鄭州路與承德路1段口,0,0,2,1,C03,8,1,5,40,4,1,1,5,4,5,7,1,1,10,5,5,2,13,1,26,2,9,1,1,7,9,1,10,2,11,,16,16,1,22,9,121.5163618,25.04862964