發生年度,發生月,發生日,發生時-Hours,發生分,處理別-編號,區序,肇事地點,死亡人數,2-30日死亡人數,受傷人數,當事人序號,車種,天候,光線,道路類別,速限-速度限制,道路型態,事故位置,路面狀況1,路面狀況2,路面狀況3,道路障礙1,道路障礙2,號誌1,號誌2,車道劃分-分向,車道劃分-分道1,車道劃分-分道2,車道劃分-分道3,事故類型及型態,性別,年齡,受傷程度,主要傷處,安全帽,行動電話,車輛用途,當事者行動狀態,駕駛資格情形,駕駛執照種類,飲酒情形,車輛撞擊部位1,車輛撞擊部位2,肇因碼-個別,肇因碼-主要,個人肇逃否,職業,旅次目的,座標-X,座標-Y
111,5,9,13,15,2,05中正區,中正區鄭州路與承德路1段口,0,0,2,2,C03,8,1,5,40,4,1,1,5,4,5,7,1,1,10,5,5,2,13,1,29,2,9,1,1,7,9,1,10,2,13,,13,16,1,22,9,121.5163618,25.04862964
111,5,9,13,15,2,05中正區,中正區鄭州路與承德路1段口,0,0,2,3,F01,8,1,5,40,4,1,1,5,4,5,7,1,1,10,5,5,2,13,2,75,3,10,1,1,7,8,8,20,1,16,,7,16,1,22,9,121.5163618,25.04862964
111,5,9,14,10,2,03中山區,中山區建國北路3段127號,0,0,1,1,C03,7,1,5,40,14,8,1,5,4,5,7,4,4,1,4,4,2,12,2,50,3,10,1,1,7,9,1,10,1,12,,23,23,1,22,9,121.535407,25.0669021
111,5,9,14,10,2,03中山區,中山區建國北路3段127號,0,0,1,2,F01,7,1,5,40,14,8,1,5,4,5,7,4,4,1,4,4,2,12,1,68,2,8,1,1,7,7,8,20,1,16,,7,23,1,22,9,121.535407,25.0669021
111,5,9,14,40,2,08士林區,士林區中山北路6段與忠誠路1段口,0,0,1,1,C03,8,1,5,50,4,2,1,5,4,5,7,1,1,1,4,5,2,13,1,22,2,9,3,4,7,9,1,10,1,11,,16,16,1,22,9,121.5249481,25.10416887
111,5,9,14,40,2,08士林區,士林區中山北路6段與忠誠路1段口,0,0,1,2,B01,8,1,5,50,4,2,1,5,4,5,7,1,1,1,4,5,2,13,1,63,3,10,3,4,7,12,1,4,1,3,,25,16,1,22,9,121.5249481,25.10416887
111,5,9,15,0,2,10文山區,文山區木柵路4段163號對面,0,0,1,1,A02,8,1,5,50,11,9,1,5,4,5,7,4,4,1,2,5,2,13,1,57,3,10,1,1,7,9,1,2,2,6,,44,44,1,22,9,121.5761014,24.9998911
111,5,9,15,0,2,10文山區,文山區木柵路4段163號對面,0,0,1,2,C03,8,1,5,50,11,9,1,5,4,5,7,4,4,1,2,5,2,13,2,37,2,8,1,1,7,9,1,9,2,11,,23,44,1,22,9,121.5761014,24.9998911
111,5,9,15,19,2,03中山區,中山區民權東路2段22號,0,0,2,1,C03,7,1,5,50,14,9,1,5,4,5,7,4,4,1,4,5,2,13,1,30,2,7,1,1,7,9,1,10,1,11,,23,23,1,22,9,121.5284678,25.0624016
111,5,9,15,19,2,03中山區,中山區民權東路2段22號,0,0,2,2,C03,7,1,5,50,14,9,1,5,4,5,7,4,4,1,4,5,2,13,2,67,2,9,1,1,7,7,1,10,1,13,,7,23,1,22,9,121.5284678,25.0624016
111,5,9,15,19,2,03中山區,中山區民權東路2段22號,0,0,2,3,B11,7,1,5,50,14,9,1,5,4,5,7,4,4,1,4,5,2,13,1,55,3,10,1,1,7,1,1,3,1,7,,19,23,1,22,9,121.5284678,25.0624016
111,5,9,15,20,2,01大同區,大同區民權西路106號,0,0,1,1,C03,7,1,5,50,14,9,1,5,4,5,7,4,4,1,4,5,2,17,1,36,2,2,1,4,7,9,1,10,1,11,,44,44,1,22,9,121.5172781,25.06284982
111,5,9,15,20,2,01大同區,大同區民權西路106號,0,0,1,2,C03,7,1,5,50,14,9,1,5,4,5,7,4,4,1,4,5,2,17,1,70,3,10,1,4,7,8,1,10,1,13,,7,44,1,22,9,121.5172781,25.06284982
111,5,9,15,30,2,05中正區,中正區南昌路1段與福州街口,0,0,3,1,C03,8,1,5,50,4,1,1,5,4,5,7,2,1,5,4,5,2,12,1,48,2,8,1,1,7,5,1,10,1,14,,8,8,1,22,9,121.5188034,25.0289459
111,5,9,15,30,2,05中正區,中正區南昌路1段與福州街口,0,0,3,2,C03,8,1,5,50,4,1,1,5,4,5,7,2,1,5,4,5,2,12,1,64,2,7,1,1,7,9,1,10,1,11,,44,8,1,22,9,121.5188034,25.0289459
111,5,9,15,30,2,05中正區,中正區南昌路1段與福州街口,0,0,3,3,H02,8,1,5,50,4,1,1,5,4,5,7,2,1,5,4,5,2,12,2,65,2,8,1,5,7,20,8,20,10,16,,67,8,1,22,9,121.5188034,25.0289459
111,5,9,15,40,2,04大安區,大安區辛亥路3段與辛亥路3段157巷口,0,0,1,1,C03,7,1,5,50,4,2,1,5,4,5,7,1,1,1,4,5,2,29,1,31,2,9,1,1,7,12,1,10,1,15,,42,42,1,22,9,121.5491023,25.01708782
111,5,9,15,40,2,04大安區,大安區辛亥路3段與辛亥路3段157巷口,0,0,1,2,,7,1,5,50,4,2,1,5,4,5,7,1,1,1,4,5,2,29,3,,,,,,,,,,,,,67,42,1,,,121.5491023,25.01708782
111,5,9,15,40,2,04大安區,大安區辛亥路3段與辛亥路3段157巷口,0,0,1,3,B03,7,1,5,50,4,2,1,5,4,5,7,1,1,1,4,5,2,29,1,54,3,10,1,1,7,8,1,8,1,2,,7,42,1,22,9,121.5491023,25.01708782
111,5,9,16,10,2,04大安區,大安區忠孝東路4段147巷與敦化南路1段187巷口,0,0,1,1,B03,6,1,5,30,4,1,1,4,4,5,7,4,4,10,5,5,1,16,1,59,3,10,3,4,7,9,1,8,1,8,,6,6,1,22,9,121.5496604,25.04260502
111,5,9,16,10,2,04大安區,大安區忠孝東路4段147巷與敦化南路1段187巷口,0,0,1,2,C03,6,1,5,30,4,1,1,4,4,5,7,4,4,10,5,5,1,16,1,57,2,8,1,1,7,9,1,10,1,11,,14,6,1,22,9,121.5496604,25.04260502
111,5,9,16,14,2,08士林區,士林區社子街63巷與社子街63巷21弄口,0,0,2,1,C03,6,1,5,30,3,1,1,4,4,5,7,4,4,10,5,5,2,17,1,50,2,8,1,1,7,5,1,10,1,14,,43,43,1,22,9,121.506852,25.08828409
111,5,9,16,14,2,08士林區,士林區社子街63巷與社子街63巷21弄口,0,0,2,2,F01,6,1,5,30,3,1,1,4,4,5,7,4,4,10,5,5,2,17,2,58,2,9,1,1,7,9,8,20,1,16,,43,43,1,22,9,121.506852,25.08828409
111,5,9,16,30,2,09北投區,北投區北投路1段91巷與北投路1段91巷口無名巷,0,0,2,1,C03,8,1,5,30,4,1,1,5,4,5,7,4,4,10,5,5,2,10,1,44,2,7,3,4,7,9,6,10,2,11,,6,6,1,22,9,121.4992015,25.12993912
111,5,9,16,30,2,09北投區,北投區北投路1段91巷與北投路1段91巷口無名巷,0,0,2,2,C03,8,1,5,30,4,1,1,5,4,5,7,4,4,10,5,5,2,10,2,56,2,7,3,4,7,9,1,10,2,11,,14,6,1,22,9,121.4992015,25.12993912
111,5,9,16,56,2,06松山區,松山區市民大道4段35號,0,0,2,1,C03,7,2,5,40,14,9,1,5,4,5,7,4,4,1,3,5,2,17,2,31,2,9,3,4,7,15,1,10,1,12,,6,6,1,22,9,121.5449695,25.04518013
111,5,9,16,56,2,06松山區,松山區市民大道4段35號,0,0,2,2,C03,7,2,5,40,14,9,1,5,4,5,7,4,4,1,3,5,2,17,1,35,2,9,3,4,7,9,1,10,1,14,,13,6,1,22,9,121.5449695,25.04518013
111,5,9,16,57,2,02萬華區,萬華區環河南路1段330號,0,0,1,1,B12,7,1,5,50,11,9,1,5,4,5,7,4,4,9,4,4,2,15,1,60,3,10,1,1,7,11,1,8,1,5,,10,10,1,22,9,121.4983675,25.04068905
111,5,9,16,57,2,02萬華區,萬華區環河南路1段330號,0,0,1,2,C03,7,1,5,50,11,9,1,5,4,5,7,4,4,9,4,4,2,15,1,21,2,9,1,1,7,9,1,10,1,14,,44,10,1,22,9,121.4983675,25.04068905
111,5,9,16,58,2,10文山區,文山區辛亥路4段與萬美街2段口,0,0,2,1,B03,8,1,5,50,3,2,1,5,4,5,7,1,1,5,2,5,2,12,2,47,2,9,1,1,7,7,1,8,1,8,,13,13,1,22,9,121.55815,25.00618051
111,5,9,16,58,2,10文山區,文山區辛亥路4段與萬美街2段口,0,0,2,2,B03,8,1,5,50,3,2,1,5,4,5,7,1,1,5,2,5,2,12,1,69,2,7,1,1,7,14,1,8,1,6,,44,13,1,22,9,121.55815,25.00618051
111,5,9,17,2,2,08士林區,士林區磺溪便道與克強路口,0,0,1,1,C03,8,1,5,30,4,1,1,5,4,5,7,4,4,10,4,5,1,16,2,28,2,9,1,1,7,9,1,10,1,11,,6,6,1,22,9,121.5225049,25.10921792
111,5,9,17,2,2,08士林區,士林區磺溪便道與克強路口,0,0,1,2,B12,8,1,5,30,4,1,1,5,4,5,7,4,4,10,4,5,1,16,1,42,3,10,1,1,7,9,1,8,1,4,,44,6,1,22,9,121.5225049,25.10921792
111,5,9,17,13,2,08士林區,士林區承德路4段2巷與承德路4段6巷口,0,0,1,1,B03,7,1,5,30,14,9,1,5,4,5,7,4,4,10,5,5,2,17,1,45,3,10,1,1,7,1,1,8,1,4,,43,43,1,22,9,121.5190259,25.07997632
111,5,9,17,13,2,08士林區,士林區承德路4段2巷與承德路4段6巷口,0,0,1,2,C03,7,1,5,30,14,9,1,5,4,5,7,4,4,10,5,5,2,17,1,45,2,8,1,1,7,9,1,10,1,12,,43,43,1,22,9,121.5190259,25.07997632
111,5,9,17,15,2,11南港區,南港區南港路2段211號,0,0,1,1,B12,7,1,5,50,14,9,1,5,4,5,7,4,4,5,4,5,2,16,1,40,3,10,1,1,7,1,1,8,1,8,,19,19,1,22,9,121.5929383,25.05430233
111,5,9,17,15,2,11南港區,南港區南港路2段211號,0,0,1,2,C03,7,1,5,50,14,9,1,5,4,5,7,4,4,5,4,5,2,16,1,31,2,8,1,1,7,9,1,10,1,12,,44,19,1,22,9,121.5929383,25.05430233
111,5,9,17,26,2,08士林區,士林區文昌路與美崙街口,0,0,2,1,B03,8,3,5,50,4,1,1,5,4,5,7,1,1,4,4,5,2,16,2,61,2,1,3,1,7,5,1,8,1,2,,6,6,1,22,9,121.5208052,25.09685434
111,5,9,17,26,2,08士林區,士林區文昌路與美崙街口,0,0,2,2,C03,8,3,5,50,4,1,1,5,4,5,7,1,1,4,4,5,2,16,1,57,2,9,1,1,7,9,1,10,1,11,,44,6,1,22,9,121.5208052,25.09685434
111,5,9,17,55,2,12內湖區,內湖區成功路4段與金湖路口,0,0,1,1,C03,7,3,5,50,4,1,1,5,4,5,7,1,1,1,4,5,2,13,1,42,3,10,1,1,7,9,1,10,1,11,,16,16,1,22,9,121.5953361,25.083967
111,5,9,17,55,2,12內湖區,內湖區成功路4段與金湖路口,0,0,1,2,C03,7,3,5,50,4,1,1,5,4,5,7,1,1,1,4,5,2,13,2,31,2,9,1,1,7,9,1,10,1,13,,44,16,1,22,9,121.5953361,25.083967
111,5,9,18,0,2,05中正區,中正區中山南路2巷,0,0,1,1,C03,8,1,5,50,14,9,1,5,4,5,7,4,4,10,4,3,1,12,1,62,2,9,1,1,7,8,1,10,2,12,,7,7,1,22,9,121.5192458,25.04495735
111,5,9,18,0,2,05中正區,中正區中山南路2巷,0,0,1,2,C03,8,1,5,50,14,9,1,5,4,5,7,4,4,10,4,3,1,12,1,23,3,10,1,1,7,9,3,18,2,14,,23,7,1,22,9,121.5192458,25.04495735
111,5,9,18,0,2,12內湖區,內湖區成功路3段與星雲街口,0,0,1,1,C03,8,3,5,50,14,9,1,5,4,5,7,4,4,1,4,5,1,13,1,22,2,7,1,1,7,9,1,10,1,11,,16,16,1,22,9,121.5899762,25.07766987
111,5,9,18,0,2,12內湖區,內湖區成功路3段與星雲街口,0,0,1,2,B03,8,3,5,50,14,9,1,5,4,5,7,4,4,1,4,5,1,13,1,41,3,10,1,3,7,8,1,8,1,7,,44,16,1,22,9,121.5899762,25.07766987
111,5,9,18,5,2,10文山區,文山區興隆路4段與興隆路4段109巷口,0,0,1,1,B03,8,2,5,50,4,1,1,5,4,5,7,1,1,1,4,5,2,16,1,54,3,10,1,1,7,11,1,4,1,6,,10,10,1,22,9,121.5609186,24.986722
111,5,9,18,5,2,10文山區,文山區興隆路4段與興隆路4段109巷口,0,0,1,2,C03,8,2,5,50,4,1,1,5,4,5,7,1,1,1,4,5,2,16,2,27,2,9,1,1,7,9,1,10,1,11,,25,10,1,22,9,121.5609186,24.986722
111,5,9,18,21,2,01大同區,大同區哈密街59巷56弄與哈密街59巷36弄口,0,0,2,1,C03,8,1,5,30,4,1,1,5,4,5,7,4,4,9,5,5,1,16,1,19,2,9,3,4,7,9,1,10,1,11,,6,6,1,22,9,121.5145381,25.0753732
111,5,9,18,21,2,01大同區,大同區哈密街59巷56弄與哈密街59巷36弄口,0,0,2,2,B03,8,1,5,30,4,1,1,5,4,5,7,4,4,9,5,5,1,16,1,46,3,10,3,4,7,9,1,8,1,4,,23,6,1,22,9,121.5145381,25.0753732
111,5,9,18,21,2,01大同區,大同區哈密街59巷56弄與哈密街59巷36弄口,0,0,2,3,H02,8,1,5,30,4,1,1,5,4,5,7,4,4,9,5,5,1,16,2,23,2,9,4,5,8,21,8,20,10,15,,67,6,1,22,9,121.5145381,25.0753732
111,5,9,18,30,2,07信義區,信義區忠孝東路4段400號,0,0,1,1,C03,6,3,5,50,14,9,1,4,4,5,7,1,1,3,3,3,2,13,1,39,2,8,1,1,7,9,1,10,11,11,,23,23,1,22,9,121.5615042,25.0411702
111,5,9,18,30,2,07信義區,信義區忠孝東路4段400號,0,0,1,2,C03,6,3,5,50,14,9,1,4,4,5,7,1,1,3,3,3,2,13,2,21,3,10,1,1,7,12,1,10,11,13,,44,23,1,22,9,121.5615042,25.0411702
111,5,9,19,1,2,06松山區,松山區市民大道4段175號,0,0,1,1,C03,8,3,5,40,14,9,1,5,4,3,7,4,4,1,4,5,2,12,1,26,2,8,1,1,7,9,1,10,1,12,,23,23,1,22,9,121.5518474,25.04465936
111,5,9,19,1,2,06松山區,松山區市民大道4段175號,0,0,1,2,B03,8,3,5,40,14,9,1,5,4,3,7,4,4,1,4,5,2,12,1,38,3,10,1,1,7,14,1,8,1,7,,38,23,1,22,9,121.5518474,25.04465936
111,5,9,19,1,2,06松山區,松山區市民大道4段175號,0,0,1,3,B03,8,3,5,40,14,9,1,5,4,3,7,4,4,1,4,5,2,12,2,39,3,10,1,1,7,9,1,8,1,2,,44,23,1,22,9,121.5518474,25.04465936
111,5,9,19,6,2,01大同區,大同區哈密街59巷56弄與哈密街59巷38弄口,0,0,1,1,C01,7,3,5,30,4,1,1,5,4,5,7,4,4,10,5,5,2,16,1,21,2,9,1,1,7,9,1,9,1,11,,6,6,1,22,9,121.5145392,25.075401
111,5,9,19,6,2,01大同區,大同區哈密街59巷56弄與哈密街59巷38弄口,0,0,1,2,B03,7,3,5,30,4,1,1,5,4,5,7,4,4,10,5,5,2,16,1,55,3,10,1,1,7,9,1,8,1,7,,44,6,1,22,9,121.5145392,25.075401
111,5,9,19,10,2,02萬華區,萬華區青年路與青年路68巷口,0,0,1,1,C03,8,3,5,30,3,1,1,5,4,5,7,1,1,9,1,5,2,17,1,66,2,9,1,4,7,9,1,10,1,11,,23,23,1,22,9,121.5027097,25.02345208
111,5,9,19,10,2,02萬華區,萬華區青年路與青年路68巷口,0,0,1,2,F01,8,3,5,30,3,1,1,5,4,5,7,1,1,9,1,5,2,17,1,42,3,10,1,1,7,9,8,20,1,16,,27,23,1,22,9,121.5027097,25.02345208
111,5,9,19,19,2,01大同區,大同區民權西路與蘭州街口,0,0,3,1,C03,7,3,5,30,4,1,1,5,4,5,7,2,1,10,5,5,2,12,1,18,2,7,3,4,7,7,1,10,1,14,,43,43,1,22,9,121.5146523,25.0627632
111,5,9,19,19,2,01大同區,大同區民權西路與蘭州街口,0,0,3,2,C03,7,3,5,30,4,1,1,5,4,5,7,2,1,10,5,5,2,12,1,31,2,7,3,4,7,9,1,10,1,12,,43,43,1,22,9,121.5146523,25.0627632
111,5,9,19,19,2,01大同區,大同區民權西路與蘭州街口,0,0,3,3,H02,7,3,5,30,4,1,1,5,4,5,7,2,1,10,5,5,2,12,2,29,2,9,3,5,7,21,8,20,10,15,,67,43,1,22,9,121.5146523,25.0627632
111,5,9,19,20,2,03中山區,中山區長安東路2段146號對面,0,0,1,1,B03,7,3,5,50,14,9,1,5,4,5,7,4,4,4,3,5,1,16,1,30,3,10,3,4,7,7,1,8,1,4,,7,7,1,22,9,121.5379048,25.04839424
111,5,9,19,20,2,03中山區,中山區長安東路2段146號對面,0,0,1,2,C03,7,3,5,50,14,9,1,5,4,5,7,4,4,4,3,5,1,16,1,55,2,9,1,4,7,9,1,10,1,11,,44,7,1,22,9,121.5379048,25.04839424
111,5,9,19,26,2,09北投區,北投區公館路與東華街2段口,0,0,1,1,C03,8,1,5,30,4,1,1,5,4,5,7,2,1,5,4,5,2,16,1,34,2,9,1,1,7,6,1,10,1,15,,9,9,1,22,9,121.5027594,25.12184635
111,5,9,19,26,2,09北投區,北投區公館路與東華街2段口,0,0,1,2,C03,8,1,5,30,4,1,1,5,4,5,7,2,1,5,4,5,2,16,1,19,3,10,1,1,7,5,1,10,1,15,,8,9,1,22,9,121.5027594,25.12184635
111,5,9,19,40,2,03中山區,中山區市民大道2段與林森北路口,0,0,3,1,C03,7,3,5,40,4,1,1,5,4,5,7,1,1,10,2,5,2,17,2,36,2,7,1,4,7,9,1,10,2,11,13,16,16,1,22,9,121.5242239,25.04794252
111,5,9,19,40,2,03中山區,中山區市民大道2段與林森北路口,0,0,3,2,C03,7,3,5,40,4,1,1,5,4,5,7,1,1,10,2,5,2,17,1,18,2,9,1,4,7,15,1,10,2,13,,44,16,1,22,9,121.5242239,25.04794252
111,5,9,19,40,2,03中山區,中山區市民大道2段與林森北路口,0,0,3,3,C03,7,3,5,40,4,1,1,5,4,5,7,1,1,10,2,5,2,17,1,42,2,7,2,4,7,9,1,10,2,11,,23,16,1,22,9,121.5242239,25.04794252
111,5,9,21,30,2,05中正區,中正區懷寧街與襄陽路口,0,0,1,1,B03,8,3,5,50,4,1,1,5,4,5,7,2,1,9,4,5,1,3,1,48,3,10,1,1,7,5,1,8,9,1,,15,15,1,22,9,121.5141551,25.04346202
111,5,9,21,30,2,05中正區,中正區懷寧街與襄陽路口,0,0,1,2,H01,8,3,5,50,4,1,1,5,4,5,7,2,1,9,4,5,1,3,2,35,2,5,4,5,8,16,8,20,10,16,,67,15,1,22,9,121.5141551,25.04346202
111,5,9,21,39,2,03中山區,中山區民權東路2段113巷與民權東路2段口,0,0,4,1,C03,8,4,5,50,3,1,1,5,4,5,7,4,4,1,3,5,1,17,1,46,2,9,1,1,7,9,1,10,1,14,,43,43,1,22,9,121.5342789,25.062578
111,5,9,21,39,2,03中山區,中山區民權東路2段113巷與民權東路2段口,0,0,4,2,C03,8,4,5,50,3,1,1,5,4,5,7,4,4,1,3,5,1,17,2,23,2,9,1,1,7,9,1,10,1,12,,43,43,1,22,9,121.5342789,25.062578
111,5,9,21,39,2,03中山區,中山區民權東路2段113巷與民權東路2段口,0,0,4,3,C03,8,4,5,50,3,1,1,5,4,5,7,4,4,1,3,5,1,17,2,32,2,9,1,1,7,9,1,10,1,11,,43,43,1,22,9,121.5342789,25.062578
111,5,9,21,39,2,03中山區,中山區民權東路2段113巷與民權東路2段口,0,0,4,4,H02,8,4,5,50,3,1,1,5,4,5,7,4,4,1,3,5,1,17,2,27,2,9,4,5,7,20,8,20,10,16,,67,43,1,22,9,121.5342789,25.062578
111,5,9,22,28,2,04大安區,大安區通安街與安和路2段35巷口,0,0,3,2,C03,7,3,5,30,4,1,1,5,4,5,7,4,4,10,4,5,2,15,1,18,2,7,1,1,7,9,1,10,1,12,,43,43,1,21,8,121.5532863,25.03169922
111,5,9,22,28,2,04大安區,大安區通安街與安和路2段35巷口,0,0,3,3,H02,7,3,5,30,4,1,1,5,4,5,7,4,4,10,4,5,2,15,2,17,2,7,4,5,7,21,8,20,10,16,,67,43,1,21,8,121.5532863,25.03169922
111,5,9,22,28,2,04大安區,大安區通安街與安和路2段35巷口,0,0,3,1,C03,7,3,5,30,4,1,1,5,4,5,7,4,4,10,4,5,2,15,2,29,2,5,1,1,7,9,1,10,1,11,,43,43,1,21,8,121.5532863,25.03169922
111,5,9,23,19,2,04大安區,大安區和平東路1段與金山南路2段口,0,0,1,1,C03,7,3,5,50,3,2,1,5,4,5,7,1,1,10,4,5,2,17,1,25,2,9,1,1,7,5,1,10,1,14,12,8,8,1,22,9,121.5260766,25.02671512
111,5,9,23,19,2,04大安區,大安區和平東路1段與金山南路2段口,0,0,1,2,B03,7,3,5,50,3,2,1,5,4,5,7,1,1,10,4,5,2,17,1,40,3,10,1,1,7,13,1,8,1,2,,44,8,1,22,9,121.5260766,25.02671512
111,5,9,23,40,2,11南港區,南港區松河街與重陽路347巷口,0,0,2,1,C03,7,3,5,50,3,2,1,5,4,5,7,3,1,8,5,5,2,16,1,17,2,9,3,4,7,5,2,18,1,14,,6,6,1,22,9,121.6064969,25.05904631
111,5,9,23,40,2,11南港區,南港區松河街與重陽路347巷口,0,0,2,2,C03,7,3,5,50,3,2,1,5,4,5,7,3,1,8,5,5,2,16,1,21,2,9,3,4,7,9,1,10,1,11,,14,6,1,22,9,121.6064969,25.05904631
111,5,10,0,19,2,10文山區,文山區木新路3段167號,0,0,3,1,C03,8,3,5,50,14,9,1,5,4,5,7,4,4,5,2,5,2,3,1,20,2,9,1,1,7,9,1,10,2,11,,42,42,1,22,9,121.5607483,24.9816637
111,5,10,0,19,2,10文山區,文山區木新路3段167號,0,0,3,2,H01,8,3,5,50,14,9,1,5,4,5,7,4,4,5,2,5,2,3,2,80,2,9,4,5,8,16,8,20,10,16,,60,42,1,22,9,121.5607483,24.9816637
111,5,10,0,19,2,10文山區,文山區木新路3段167號,0,0,3,3,H02,8,3,5,50,14,9,1,5,4,5,7,4,4,5,2,5,2,3,2,20,2,9,4,5,7,20,8,20,10,15,,67,42,1,22,9,121.5607483,24.9816637
111,5,10,0,50,2,04大安區,大安區仁愛路4段62號,0,0,1,1,,7,3,5,50,14,9,1,5,4,5,7,4,4,9,4,5,2,29,3,,,,,,,,,,,,,61,61,1,,,121.5475124,25.03764152
111,5,10,0,50,2,04大安區,大安區仁愛路4段62號,0,0,1,2,C03,7,3,5,50,14,9,1,5,4,5,7,4,4,9,4,5,2,29,1,24,2,8,1,1,7,9,1,10,2,12,,42,61,2,21,8,121.5475124,25.03764152
111,5,10,1,1,2,12內湖區,內湖區安康路228巷與安康路口,0,0,1,1,C03,7,3,5,40,4,2,1,5,4,5,7,4,4,5,5,5,2,12,1,43,2,8,1,1,7,9,1,10,11,11,,23,23,2,22,9,121.6035284,25.06310228
111,5,10,1,1,2,12內湖區,內湖區安康路228巷與安康路口,0,0,1,2,B03,7,3,5,40,4,2,1,5,4,5,7,4,4,5,5,5,2,12,1,31,3,10,3,4,7,13,1,8,11,4,,44,23,1,22,9,121.6035284,25.06310228
111,5,10,2,14,2,03中山區,中山區吉林路與農安街口,0,0,1,1,B12,7,3,5,50,4,1,1,5,4,5,7,1,1,10,5,4,2,17,1,55,4,11,3,4,7,15,7,19,11,15,,35,35,2,22,9,121.530341,25.06474381
111,5,10,2,14,2,03中山區,中山區吉林路與農安街口,0,0,1,2,C03,7,3,5,50,4,1,1,5,4,5,7,1,1,10,5,4,2,17,1,28,2,9,1,4,7,9,1,10,1,11,,23,35,1,22,9,121.530341,25.06474381
111,5,10,2,14,2,03中山區,中山區吉林路與農安街口,0,0,1,3,C03,7,3,5,50,4,1,1,5,4,5,7,1,1,10,5,4,2,17,4,,4,11,1,4,7,9,7,19,11,11,,23,35,2,22,9,121.530341,25.06474381
111,5,10,6,12,2,10文山區,文山區興隆路2段與辛亥路5段口,0,0,2,1,C03,8,1,5,50,4,1,1,5,4,5,7,1,1,1,4,5,2,15,1,64,2,9,1,1,7,9,1,10,2,11,,25,25,1,22,9,121.5545609,25.00086443
111,5,10,6,12,2,10文山區,文山區興隆路2段與辛亥路5段口,0,0,2,2,B03,8,1,5,50,4,1,1,5,4,5,7,1,1,1,4,5,2,15,1,59,2,3,1,1,7,9,1,8,2,4,,25,25,1,22,9,121.5545609,25.00086443
111,5,10,6,12,2,10文山區,文山區興隆路2段與辛亥路5段口,0,0,2,3,,8,1,5,50,4,1,1,5,4,5,7,1,1,1,4,5,2,15,3,,,,,,,,,,,,,67,25,1,,,121.5545609,25.00086443
111,5,10,6,47,2,02萬華區,萬華區中華路2段606巷與中華路2段口600號停車場出入口,0,0,1,1,B02,7,1,5,50,3,2,1,5,4,5,7,4,4,9,5,5,2,3,1,64,3,10,1,1,7,1,1,8,3,8,,19,19,1,22,9,121.509813,25.02372772
111,5,10,6,47,2,02萬華區,萬華區中華路2段606巷與中華路2段口600號停車場出入口,0,0,1,2,H01,7,1,5,50,3,2,1,5,4,5,7,4,4,9,5,5,2,3,2,52,2,9,4,5,8,16,8,20,10,16,,51,19,1,22,9,121.509813,25.02372772
111,5,10,7,40,2,03中山區,中山區松江路133巷與南京東路2段115巷口,0,0,2,1,C03,8,1,5,30,4,1,1,5,4,5,7,4,4,10,5,5,2,15,1,35,2,5,1,4,7,9,1,10,1,11,,6,6,1,22,9,121.533629,25.054358
111,5,10,7,40,2,03中山區,中山區松江路133巷與南京東路2段115巷口,0,0,2,2,C03,8,1,5,30,4,1,1,5,4,5,7,4,4,10,5,5,2,15,1,52,2,9,1,4,7,9,1,10,1,12,,14,6,1,22,9,121.533629,25.054358
111,5,10,7,40,2,06松山區,松山區三民路82號,0,0,1,1,B03,8,1,5,50,14,9,1,5,4,5,7,4,4,9,4,5,2,16,1,43,3,10,1,1,7,10,1,8,2,2,,23,23,1,22,9,121.5636238,25.05657145
111,5,10,7,40,2,06松山區,松山區三民路82號,0,0,1,2,C03,8,1,5,50,14,9,1,5,4,5,7,4,4,9,4,5,2,16,2,61,2,9,1,1,7,9,1,10,2,14,,44,23,1,22,9,121.5636238,25.05657145
111,5,10,7,47,2,08士林區,士林區中山北路6段與福國路口,0,0,1,1,B03,8,1,5,50,3,1,1,5,4,5,7,1,1,10,5,5,1,16,1,39,3,10,1,1,7,6,1,8,1,2,,17,17,1,22,9,121.5254902,25.10241412
111,5,10,7,47,2,08士林區,士林區中山北路6段與福國路口,0,0,1,2,C03,8,1,5,50,3,1,1,5,4,5,7,1,1,10,5,5,1,16,1,20,2,9,1,1,7,9,1,10,1,14,,44,17,1,22,9,121.5254902,25.10241412
111,5,10,8,19,2,12內湖區,內湖區內湖路3段143巷與內湖路3段191巷口,0,0,1,1,C03,8,1,5,30,4,1,1,5,4,5,7,4,4,10,5,5,2,16,1,78,2,9,3,4,7,9,1,10,1,14,,6,6,1,22,9,121.5884658,25.0877988
111,5,10,8,19,2,12內湖區,內湖區內湖路3段143巷與內湖路3段191巷口,0,0,1,2,B03,8,1,5,30,4,1,1,5,4,5,7,4,4,10,5,5,2,16,1,34,3,10,1,1,7,9,1,8,1,5,,44,6,1,22,9,121.5884658,25.0877988
111,5,10,8,35,2,03中山區,中山區北安路630巷與北安路口,0,0,1,1,B03,8,1,5,50,4,1,1,5,4,5,7,1,1,1,4,5,2,3,1,56,3,10,3,4,7,5,1,8,2,4,,15,15,1,22,9,121.5489677,25.08286054
111,5,10,8,35,2,03中山區,中山區北安路630巷與北安路口,0,0,1,2,H01,8,1,5,50,4,1,1,5,4,5,7,1,1,1,4,5,2,3,2,47,2,9,3,4,8,16,8,20,10,16,,67,15,1,22,9,121.5489677,25.08286054