發生年度,發生月,發生日,發生時-Hours,發生分,處理別-編號,區序,肇事地點,死亡人數,2-30日死亡人數,受傷人數,當事人序號,車種,天候,光線,道路類別,速限-速度限制,道路型態,事故位置,路面狀況1,路面狀況2,路面狀況3,道路障礙1,道路障礙2,號誌1,號誌2,車道劃分-分向,車道劃分-分道1,車道劃分-分道2,車道劃分-分道3,事故類型及型態,性別,年齡,受傷程度,主要傷處,安全帽,行動電話,車輛用途,當事者行動狀態,駕駛資格情形,駕駛執照種類,飲酒情形,車輛撞擊部位1,車輛撞擊部位2,肇因碼-個別,肇因碼-主要,個人肇逃否,職業,旅次目的,座標-X,座標-Y
111,5,10,8,35,2,12內湖區,內湖區新明路460巷與南京東路6段口,0,0,1,1,C03,8,1,5,50,3,2,1,5,4,5,7,4,4,10,5,5,1,12,2,23,3,10,3,4,7,6,1,10,1,12,,44,44,1,22,9,121.5783134,25.0550484
111,5,10,8,35,2,12內湖區,內湖區新明路460巷與南京東路6段口,0,0,1,2,C03,8,1,5,50,3,2,1,5,4,5,7,4,4,10,5,5,1,12,1,76,2,3,3,4,7,1,1,10,1,11,,19,44,1,22,9,121.5783134,25.0550484
111,5,10,8,36,2,04大安區,大安區基隆路4段與羅斯福路4段口,0,0,1,1,C03,8,1,5,50,5,1,1,5,4,5,7,1,1,1,4,5,2,16,1,25,2,9,3,4,7,7,1,10,1,13,,7,7,1,22,9,121.5374558,25.01121274
111,5,10,8,36,2,04大安區,大安區基隆路4段與羅斯福路4段口,0,0,1,2,B03,8,1,5,50,5,1,1,5,4,5,7,1,1,1,4,5,2,16,1,23,3,10,3,4,7,9,1,8,1,5,,44,7,1,22,9,121.5374558,25.01121274
111,5,10,9,0,2,01大同區,大同區南京西路302巷與南京西路口,0,0,1,1,C03,8,1,5,50,4,1,1,5,4,5,7,4,4,9,4,5,2,15,4,,4,11,3,4,7,15,7,19,11,15,,43,43,2,22,9,121.5135108,25.05401463
111,5,10,9,0,2,01大同區,大同區南京西路302巷與南京西路口,0,0,1,2,F01,8,1,5,50,4,1,1,5,4,5,7,4,4,9,4,5,2,15,1,32,2,7,1,1,7,9,8,20,1,16,,43,43,1,22,9,121.5135108,25.05401463
111,5,10,9,44,2,02萬華區,萬華區東園街140巷與東園街154巷9弄口,0,0,1,1,C03,7,1,5,30,4,1,1,5,4,5,7,4,4,10,5,5,2,16,2,56,2,9,1,1,7,9,3,18,1,12,,6,6,1,22,9,121.4969086,25.0231989
111,5,10,9,44,2,02萬華區,萬華區東園街140巷與東園街154巷9弄口,0,0,1,2,B03,7,1,5,30,4,1,1,5,4,5,7,4,4,10,5,5,2,16,1,48,3,10,1,1,7,9,1,8,1,8,,23,6,1,22,9,121.4969086,25.0231989
111,5,10,10,15,2,02萬華區,萬華區東園街73巷84號,0,0,1,1,C03,8,1,5,30,14,9,1,5,4,5,7,4,4,10,5,5,1,17,2,51,2,8,1,4,7,9,1,10,1,11,,23,23,1,22,9,121.4992024,25.02646848
111,5,10,10,15,2,02萬華區,萬華區東園街73巷84號,0,0,1,2,C03,8,1,5,30,14,9,1,5,4,5,7,4,4,10,5,5,1,17,2,42,3,10,3,4,7,15,7,19,11,15,,44,23,1,22,9,121.4992024,25.02646848
111,5,10,10,15,2,02萬華區,萬華區東園街73巷84號,0,0,1,3,C03,8,1,5,30,14,9,1,5,4,5,7,4,4,10,5,5,1,17,2,61,3,10,3,4,7,15,7,19,11,15,,44,23,1,22,9,121.4992024,25.02646848
111,5,10,10,15,2,02萬華區,萬華區東園街73巷84號,0,0,1,4,B03,8,1,5,30,14,9,1,5,4,5,7,4,4,10,5,5,1,17,2,42,3,10,3,4,7,15,7,19,11,15,,44,23,1,22,9,121.4992024,25.02646848
111,5,10,10,25,2,09北投區,北投區立功街100號,0,0,1,1,B03,7,1,5,50,14,9,1,5,4,5,7,4,4,5,5,5,2,16,2,72,3,10,1,1,7,1,1,8,1,8,,19,19,1,22,9,121.4719994,25.12532437
111,5,10,10,25,2,09北投區,北投區立功街100號,0,0,1,2,C03,7,1,5,50,14,9,1,5,4,5,7,4,4,5,5,5,2,16,1,48,2,9,1,1,7,9,1,10,1,11,,44,19,1,22,9,121.4719994,25.12532437
111,5,10,10,26,2,03中山區,中山區北安路往自強隧道機車道,0,0,1,1,C03,8,1,5,50,14,11,1,5,4,5,7,4,4,1,5,5,2,17,1,55,3,10,1,1,7,10,1,10,11,15,,7,7,1,22,9,121.5508418,25.086202
111,5,10,10,26,2,03中山區,中山區北安路往自強隧道機車道,0,0,1,2,C03,8,1,5,50,14,11,1,5,4,5,7,4,4,1,5,5,2,17,2,44,2,9,1,1,7,12,1,10,1,12,,42,7,1,22,9,121.5508418,25.086202
111,5,10,10,38,2,08士林區,士林區德行東路324號,0,0,1,1,B12,7,1,5,30,14,9,1,5,4,5,7,4,4,4,3,5,1,12,1,63,3,10,1,1,7,11,3,18,2,4,,10,10,1,22,9,121.5372861,25.11027615
111,5,10,10,38,2,08士林區,士林區德行東路324號,0,0,1,2,C03,7,1,5,30,14,9,1,5,4,5,7,4,4,4,3,5,1,12,1,80,2,8,1,1,7,9,1,10,2,11,,44,10,1,22,9,121.5372861,25.11027615
111,5,10,10,40,2,03中山區,中山區濱江街與濱江街266巷口,0,0,1,1,B03,8,1,5,50,3,1,1,5,4,5,7,4,4,1,4,5,2,14,1,34,3,10,3,4,7,2,1,8,1,7,,12,12,1,22,9,121.5433566,25.0720945
111,5,10,10,40,2,03中山區,中山區濱江街與濱江街266巷口,0,0,1,2,C03,8,1,5,50,3,1,1,5,4,5,7,4,4,1,4,5,2,14,1,22,2,8,1,4,7,14,1,10,1,12,,44,12,1,22,9,121.5433566,25.0720945
111,5,10,10,40,2,03中山區,中山區北安路與大直街口,0,0,1,1,C03,8,1,5,50,5,1,1,5,4,5,7,1,1,1,4,5,2,16,2,30,2,9,1,1,7,10,1,10,1,14,,7,7,1,22,9,121.5472519,25.0798972
111,5,10,10,40,2,03中山區,中山區北安路與大直街口,0,0,1,2,B03,8,1,5,50,5,1,1,5,4,5,7,1,1,1,4,5,2,16,2,49,3,10,1,1,7,9,1,8,1,2,,44,7,1,22,9,121.5472519,25.0798972
111,5,10,11,26,2,02萬華區,萬華區和平西路3段與西園路1段口,0,0,1,1,C03,8,1,5,50,5,1,1,5,4,5,7,1,1,8,3,5,1,13,2,25,2,7,1,1,7,9,1,10,1,11,,16,16,1,22,9,121.4993463,25.03533673
111,5,10,11,26,2,02萬華區,萬華區和平西路3段與西園路1段口,0,0,1,2,C03,8,1,5,50,5,1,1,5,4,5,7,1,1,8,3,5,1,13,1,56,3,10,1,1,7,9,1,10,1,13,,44,16,1,22,9,121.4993463,25.03533673
111,5,10,11,30,2,12內湖區,內湖區民權東路6段與成功路2段口,0,0,1,1,B12,8,1,5,50,14,9,1,5,4,5,7,1,1,1,4,5,2,13,1,26,3,10,1,1,7,9,1,7,1,1,,23,23,1,22,9,121.5907316,25.06912528
111,5,10,11,30,2,12內湖區,內湖區民權東路6段與成功路2段口,0,0,1,2,C03,8,1,5,50,14,9,1,5,4,5,7,1,1,1,4,5,2,13,1,63,2,8,1,1,7,9,1,10,1,13,,44,23,1,22,9,121.5907316,25.06912528
111,5,10,11,47,2,07信義區,信義區基隆路2段與嘉興街216巷口,0,0,2,1,B03,6,1,5,50,4,1,1,4,4,1,7,1,1,1,4,5,2,16,1,50,3,10,1,1,7,6,1,8,1,5,,44,44,1,22,9,121.5560611,25.02726838
111,5,10,11,47,2,07信義區,信義區基隆路2段與嘉興街216巷口,0,0,2,2,C03,6,1,5,50,4,1,1,4,4,1,7,1,1,1,4,5,2,16,2,42,2,8,1,1,7,9,1,10,1,14,,23,44,1,22,9,121.5560611,25.02726838
111,5,10,11,47,2,07信義區,信義區基隆路2段與嘉興街216巷口,0,0,2,3,H02,6,1,5,50,4,1,1,4,4,1,7,1,1,1,4,5,2,16,1,16,2,7,4,1,7,17,8,20,10,16,,67,44,1,22,9,121.5560611,25.02726838
111,5,10,11,53,2,01大同區,大同區環河堤外便道(三號水門堤外機車道 往南方向),0,0,2,1,C03,8,1,7,30,14,11,1,5,4,5,7,4,4,4,3,5,2,12,1,62,3,10,1,1,7,4,1,10,1,12,,1,1,1,22,9,121.5057502,25.04931963
111,5,10,11,53,2,01大同區,大同區環河堤外便道(三號水門堤外機車道 往南方向),0,0,2,2,C03,8,1,7,30,14,11,1,5,4,5,7,4,4,4,3,5,2,12,1,47,2,9,1,1,7,9,1,10,1,14,,44,1,1,22,9,121.5057502,25.04931963
111,5,10,11,53,2,01大同區,大同區環河堤外便道(三號水門堤外機車道 往南方向),0,0,2,3,H02,8,1,7,30,14,11,1,5,4,5,7,4,4,4,3,5,2,12,2,53,2,9,4,5,7,21,8,20,10,16,,67,1,1,22,9,121.5057502,25.04931963
111,5,10,12,10,2,10文山區,文山區興隆路4段105巷與興隆路4段口口,0,0,1,1,C03,8,1,5,50,4,1,1,5,4,3,7,2,1,1,4,4,2,16,1,29,3,10,1,2,7,5,1,10,1,12,,6,6,1,22,9,121.5604976,24.987682
111,5,10,12,10,2,10文山區,文山區興隆路4段105巷與興隆路4段口口,0,0,1,2,C03,8,1,5,50,4,1,1,5,4,3,7,2,1,1,4,4,2,16,1,20,2,9,1,1,7,9,1,10,1,14,,13,6,1,22,9,121.5604976,24.987682
111,5,10,12,19,2,10文山區,文山區興隆路3段317號對面,0,0,1,1,C03,7,1,5,50,14,9,1,5,4,5,7,4,4,1,4,5,2,17,1,30,2,9,1,1,7,9,3,18,1,12,,42,42,1,22,9,121.5588206,24.99129676
111,5,10,12,19,2,10文山區,文山區興隆路3段317號對面,0,0,1,2,B02,7,1,5,50,14,9,1,5,4,5,7,4,4,1,4,5,2,17,2,43,3,10,3,4,7,13,1,8,11,4,,44,42,1,22,9,121.5588206,24.99129676
111,5,10,12,19,2,10文山區,文山區興隆路3段317號對面,0,0,1,3,B12,7,1,5,50,14,9,1,5,4,5,7,4,4,1,4,5,2,17,1,24,3,10,3,4,7,13,1,8,11,3,,44,42,1,22,9,121.5588206,24.99129676
111,5,10,12,20,2,11南港區,南港區忠孝東路6段與昆陽街口,0,0,1,1,B01,7,1,5,50,4,2,1,5,4,5,6,2,1,1,4,5,2,17,1,44,3,10,1,4,7,6,1,8,1,5,,9,9,1,22,9,121.5940263,25.05039
111,5,10,12,20,2,11南港區,南港區忠孝東路6段與昆陽街口,0,0,1,2,C03,7,1,5,50,4,2,1,5,4,5,6,2,1,1,4,5,2,17,1,20,2,9,1,4,7,9,1,10,1,14,,44,9,1,22,9,121.5940263,25.05039
111,5,10,12,23,2,08士林區,士林區士東路與士東路91巷口,0,0,1,1,B01,7,1,5,50,5,2,1,5,4,5,7,4,4,4,3,5,1,16,2,71,3,10,1,1,7,11,4,8,1,1,,10,10,1,22,9,121.5292466,25.11217298
111,5,10,12,23,2,08士林區,士林區士東路與士東路91巷口,0,0,1,2,C03,7,1,5,50,5,2,1,5,4,5,7,4,4,4,3,5,1,16,1,32,2,8,1,1,7,9,1,10,1,14,,44,10,1,22,9,121.5292466,25.11217298
111,5,10,12,45,2,06松山區,松山區新東街9巷與無名巷口,0,0,2,1,C03,6,1,5,30,4,1,1,4,4,5,7,4,4,10,5,5,2,3,1,33,2,9,1,1,7,9,1,10,2,11,,23,23,1,22,9,121.5647929,25.05782978
111,5,10,12,45,2,06松山區,松山區新東街9巷與無名巷口,0,0,2,2,H01,6,1,5,30,4,1,1,4,4,5,7,4,4,10,5,5,2,3,1,65,2,9,4,1,8,18,8,20,10,16,,51,23,1,22,9,121.5647929,25.05782978
111,5,10,12,48,2,06松山區,松山區塔悠路與撫遠街389巷口6號水門,0,0,1,1,B03,6,1,5,50,4,1,1,4,4,5,7,1,1,1,4,4,2,17,2,51,3,10,1,1,7,5,1,8,1,15,,6,6,1,22,9,121.5680874,25.0653259
111,5,10,12,48,2,06松山區,松山區塔悠路與撫遠街389巷口6號水門,0,0,1,2,C03,6,1,5,50,4,1,1,4,4,5,7,1,1,1,4,4,2,17,1,22,2,3,1,1,7,15,1,10,1,12,,13,6,1,22,9,121.5680874,25.0653259
111,5,10,13,4,2,06松山區,松山區撫遠街399-1號,0,0,1,1,B01,6,2,5,50,14,9,1,4,4,5,7,4,4,1,3,5,2,17,1,51,3,10,3,4,7,15,1,4,1,4,,43,43,1,22,9,121.5656645,25.06559259
111,5,10,13,4,2,06松山區,松山區撫遠街399-1號,0,0,1,2,C03,6,2,5,50,14,9,1,4,4,5,7,4,4,1,3,5,2,17,1,21,2,9,3,4,7,9,1,10,1,12,,43,43,1,22,9,121.5656645,25.06559259
111,5,10,13,9,2,07信義區,信義區福德街與林口街口,0,0,1,1,B01,6,1,5,50,4,1,1,4,4,5,7,2,1,10,4,5,2,17,1,69,3,10,1,1,7,9,1,4,9,15,,42,42,1,22,9,121.5792407,25.03636557
111,5,10,13,9,2,07信義區,信義區福德街與林口街口,0,0,1,2,C03,6,1,5,50,4,1,1,4,4,5,7,2,1,10,4,5,2,17,1,46,2,9,1,1,7,9,1,10,9,14,,42,42,1,22,9,121.5792407,25.03636557
111,5,10,14,9,2,04大安區,大安區金山南路2段與金華街口,0,0,1,1,B03,7,1,5,50,4,1,1,4,4,3,7,1,1,10,5,5,2,17,1,57,3,10,1,1,7,11,1,8,1,2,,10,10,1,22,9,121.5265473,25.03015337
111,5,10,14,9,2,04大安區,大安區金山南路2段與金華街口,0,0,1,2,C03,7,1,5,50,4,1,1,4,4,3,7,1,1,10,5,5,2,17,1,22,2,8,1,1,7,9,1,10,1,11,,44,10,1,22,9,121.5265473,25.03015337
111,5,10,14,10,2,07信義區,信義區和平東路3段531巷與無名巷口防火巷,0,0,1,1,C03,7,1,5,30,3,1,1,4,4,5,7,4,4,10,5,5,2,17,1,63,2,9,1,1,7,1,1,10,2,11,,19,19,1,21,8,121.5606978,25.01655223
111,5,10,14,10,2,07信義區,信義區和平東路3段531巷與無名巷口防火巷,0,0,1,2,B01,7,1,5,30,3,1,1,4,4,5,7,4,4,10,5,5,2,17,1,44,3,10,1,1,7,9,1,4,2,8,,44,19,1,21,8,121.5606978,25.01655223
111,5,10,14,38,2,01大同區,大同區承德路3段85巷與承德路3段口,0,0,1,1,C03,8,1,5,50,3,1,1,5,4,5,7,4,4,1,4,5,2,18,1,28,2,9,1,1,7,9,3,18,1,14,,42,42,1,22,9,121.5184652,25.06605914
111,5,10,14,38,2,01大同區,大同區承德路3段85巷與承德路3段口,0,0,1,2,,8,1,5,50,3,1,1,5,4,5,7,4,4,1,4,5,2,18,3,,,,,,,,,,10,,,67,42,1,,,121.5184652,25.06605914
111,5,10,15,1,2,03中山區,中山區松江路與松江路133巷口,0,0,3,1,C03,8,1,5,50,3,2,1,5,4,5,7,4,4,1,4,5,2,13,1,27,2,9,1,1,7,9,1,10,2,11,,16,16,1,22,9,121.5331533,25.05436812
111,5,10,15,1,2,03中山區,中山區松江路與松江路133巷口,0,0,3,2,C03,8,1,5,50,3,2,1,5,4,5,7,4,4,1,4,5,2,13,1,34,2,9,1,1,7,6,1,10,2,13,,44,16,1,22,9,121.5331533,25.05436812
111,5,10,15,1,2,03中山區,中山區松江路與松江路133巷口,0,0,3,3,H02,8,1,5,50,3,2,1,5,4,5,7,4,4,1,4,5,2,13,2,21,2,9,1,5,7,20,8,20,10,16,,67,16,1,22,9,121.5331533,25.05436812
111,5,10,15,5,2,06松山區,松山區市民大道4段與敦化南路1段口,0,0,1,1,B03,8,1,5,40,4,2,1,5,4,5,7,1,1,1,3,1,2,12,1,38,3,10,1,1,7,6,1,8,2,2,,9,9,1,22,1,121.5491012,25.04499816
111,5,10,15,5,2,06松山區,松山區市民大道4段與敦化南路1段口,0,0,1,2,C03,8,1,5,40,4,2,1,5,4,5,7,1,1,1,3,1,2,12,1,23,2,9,1,1,7,9,1,10,2,14,,23,9,1,22,1,121.5491012,25.04499816
111,5,10,15,12,2,11南港區,南港區東新街209號與東新街口,0,0,1,1,B11,8,1,5,50,3,1,1,5,4,5,7,4,4,5,5,5,2,16,1,61,3,10,3,4,7,5,1,1,2,4,,43,43,1,22,9,121.594169,25.04730246
111,5,10,15,12,2,11南港區,南港區東新街209號與東新街口,0,0,1,2,C03,8,1,5,50,3,1,1,5,4,5,7,4,4,5,5,5,2,16,1,21,2,9,1,4,7,15,6,18,1,12,,43,43,1,22,9,121.594169,25.04730246
111,5,10,15,28,2,08士林區,士林區中正路與士商路口,0,0,2,1,B03,8,1,5,50,14,9,1,5,4,5,7,4,4,3,4,5,2,13,1,46,2,1,1,1,7,9,1,8,1,1,,23,23,1,22,9,121.518415,25.0921693
111,5,10,15,28,2,08士林區,士林區中正路與士商路口,0,0,2,2,B12,8,1,5,50,14,9,1,5,4,5,7,4,4,3,4,5,2,13,1,40,3,10,1,1,7,14,1,8,1,7,,44,23,1,22,9,121.518415,25.0921693
111,5,10,15,28,2,08士林區,士林區中正路與士商路口,0,0,2,3,H02,8,1,5,50,14,9,1,5,4,5,7,4,4,3,4,5,2,13,1,29,2,2,4,5,7,20,8,20,10,16,,67,23,1,22,9,121.518415,25.0921693
111,5,10,15,40,2,05中正區,中正區中華路1段與衡陽路口口,0,0,1,1,B01,7,1,5,50,4,2,1,5,4,5,7,2,1,9,4,5,1,17,1,65,3,10,1,1,7,8,1,4,2,15,,7,7,1,21,1,121.5085707,25.04240046
111,5,10,15,40,2,05中正區,中正區中華路1段與衡陽路口口,0,0,1,2,C03,7,1,5,50,4,2,1,5,4,5,7,2,1,9,4,5,1,17,1,22,2,9,1,1,7,9,1,10,2,12,,14,7,1,21,5,121.5085707,25.04240046
111,5,10,15,40,2,09北投區,北投區稻香路與秀山路口,0,0,1,1,C03,7,1,5,40,5,2,1,5,4,5,7,3,1,5,2,5,1,16,2,23,2,9,1,1,7,5,1,10,1,11,,8,8,1,22,9,121.490455,25.14211962
111,5,10,15,40,2,09北投區,北投區稻香路與秀山路口,0,0,1,2,B03,7,1,5,40,5,2,1,5,4,5,7,3,1,5,2,5,1,16,1,40,3,10,1,1,7,6,1,8,1,4,,6,8,1,22,9,121.490455,25.14211962
111,5,10,15,40,2,09北投區,北投區懷德街與明德路口,0,0,2,1,C03,8,1,5,50,4,1,1,5,4,5,7,1,1,9,4,5,2,11,2,41,2,9,3,4,7,5,1,10,1,11,,43,43,1,22,9,121.5195758,25.1128664
111,5,10,15,40,2,09北投區,北投區懷德街與明德路口,0,0,2,2,C03,8,1,5,50,4,1,1,5,4,5,7,1,1,9,4,5,2,11,2,32,2,9,3,4,7,9,1,10,1,11,,43,43,1,22,9,121.5195758,25.1128664
111,5,10,15,40,2,11南港區,南港區松河街318號,0,0,2,1,C03,7,1,5,40,14,9,1,5,4,5,7,4,4,9,5,5,2,12,1,60,2,9,1,1,7,11,1,10,1,14,,10,10,1,22,9,121.5834707,25.05293822
111,5,10,15,40,2,11南港區,南港區松河街318號,0,0,2,2,C03,7,1,5,40,14,9,1,5,4,5,7,4,4,9,5,5,2,12,1,36,2,9,1,1,7,9,1,10,1,12,,44,10,1,22,9,121.5834707,25.05293822
111,5,10,16,12,2,06松山區,松山區敦化北路197號,0,0,1,1,B03,6,1,5,50,14,9,1,4,4,5,7,4,4,8,3,5,1,17,2,45,3,10,3,1,7,7,1,8,1,15,,7,7,1,22,9,121.5492139,25.05530492
111,5,10,16,12,2,06松山區,松山區敦化北路197號,0,0,1,2,C03,6,1,5,50,14,9,1,4,4,5,7,4,4,8,3,5,1,17,2,48,2,9,3,1,7,9,1,10,1,14,,44,7,1,22,9,121.5492139,25.05530492
111,5,10,16,19,2,05中正區,中正區博愛路與開封街1段口,0,0,1,1,C03,7,1,5,50,4,1,1,5,4,5,7,1,1,10,5,5,2,17,1,26,3,10,1,1,7,7,1,10,2,15,,7,7,1,22,9,121.5113134,25.0459082
111,5,10,16,19,2,05中正區,中正區博愛路與開封街1段口,0,0,1,2,C03,7,1,5,50,4,1,1,5,4,5,7,1,1,10,5,5,2,17,2,44,2,9,1,1,7,9,1,10,2,14,,44,7,1,22,9,121.5113134,25.0459082
111,5,10,17,0,2,03中山區,中山區長春路與遼寧街口,0,0,1,1,B03,6,1,5,50,4,1,1,4,4,5,7,2,1,9,4,5,2,16,2,43,3,10,3,4,7,5,1,8,2,2,,8,8,1,22,9,121.5421061,25.0546247
111,5,10,17,0,2,03中山區,中山區長春路與遼寧街口,0,0,1,2,C03,6,1,5,50,4,1,1,4,4,5,7,2,1,9,4,5,2,16,1,23,2,9,3,4,7,9,1,10,2,11,,23,8,1,22,9,121.5421061,25.0546247
111,5,10,17,49,2,04大安區,大安區安和路2段與樂利路口,0,0,2,1,C03,6,3,5,50,4,1,1,4,4,5,7,1,1,1,4,5,2,16,1,47,2,7,3,4,7,5,1,10,2,13,,8,8,1,22,9,121.550835,25.02895683
111,5,10,17,49,2,04大安區,大安區安和路2段與樂利路口,0,0,2,2,C03,6,3,5,50,4,1,1,4,4,5,7,1,1,1,4,5,2,16,2,22,2,9,3,4,7,9,1,10,2,11,,25,8,1,22,9,121.550835,25.02895683
111,5,10,18,6,2,09北投區,北投區裕民一路40巷與明德路333巷口口,0,0,1,1,C03,8,1,5,30,3,2,1,5,4,5,7,4,4,10,5,5,2,3,1,24,3,10,1,1,7,9,1,10,11,12,,15,15,2,22,9,121.5178999,25.11649159
111,5,10,18,6,2,09北投區,北投區裕民一路40巷與明德路333巷口口,0,0,1,2,H01,8,1,5,30,3,2,1,5,4,5,7,4,4,10,5,5,2,3,2,21,2,7,1,1,8,16,8,20,10,16,,67,15,1,22,9,121.5178999,25.11649159
111,5,10,18,33,2,04大安區,大安區金山南路2段16號,0,0,1,1,B01,6,1,5,50,14,9,1,4,4,5,7,4,4,3,4,5,2,17,1,69,4,11,3,4,7,15,7,19,11,15,,40,40,2,22,9,121.5271652,25.03359069
111,5,10,18,33,2,04大安區,大安區金山南路2段16號,0,0,1,2,C03,6,1,5,50,14,9,1,4,4,5,7,4,4,3,4,5,2,17,2,34,2,8,1,4,7,9,1,10,1,14,,23,40,1,22,9,121.5271652,25.03359069
111,5,10,18,45,2,03中山區,中山區市民大道3段與八德路2段口,0,0,1,1,B03,6,3,5,40,4,1,1,4,4,5,7,1,1,9,4,1,2,16,2,34,3,10,1,1,7,6,1,8,2,6,,9,9,1,22,9,121.5350155,25.04518407
111,5,10,18,45,2,03中山區,中山區市民大道3段與八德路2段口,0,0,1,2,C04,6,3,5,40,4,1,1,4,4,5,7,1,1,9,4,1,2,16,1,28,2,7,1,1,7,9,1,10,2,11,,44,9,1,22,9,121.5350155,25.04518407
111,5,10,18,47,2,10文山區,文山區辛亥路4段與興隆路2段口,0,0,1,1,C03,6,3,5,50,4,1,1,4,4,5,7,2,1,1,4,5,2,16,2,38,2,9,1,1,7,5,1,10,1,14,,8,8,1,22,9,121.5545792,25.00091267
111,5,10,18,47,2,10文山區,文山區辛亥路4段與興隆路2段口,0,0,1,2,B02,6,3,5,50,4,1,1,4,4,5,7,2,1,1,4,5,2,16,2,37,3,10,1,1,7,9,1,8,1,5,,44,8,1,22,9,121.5545792,25.00091267
111,5,10,18,53,2,03中山區,中山區復興北路348號,0,0,1,1,C03,7,3,5,50,14,9,1,5,4,5,7,4,4,1,4,5,2,12,1,56,2,7,1,4,7,15,1,10,1,11,,16,16,1,22,9,121.5440952,25.05989096
111,5,10,18,53,2,03中山區,中山區復興北路348號,0,0,1,2,B03,7,3,5,50,14,9,1,5,4,5,7,4,4,1,4,5,2,12,2,61,3,10,1,4,7,12,1,8,1,6,,42,16,1,22,9,121.5440952,25.05989096
111,5,10,19,3,2,04大安區,大安區和平東路3段與臥龍街口,0,0,1,1,C03,6,3,5,50,3,1,1,4,4,5,7,2,1,1,4,5,1,17,1,32,4,11,3,4,7,9,7,19,11,15,,42,42,2,22,9,121.5604096,25.01628822
111,5,10,19,3,2,04大安區,大安區和平東路3段與臥龍街口,0,0,1,2,C03,6,3,5,50,3,1,1,4,4,5,7,2,1,1,4,5,1,17,2,20,2,9,3,4,7,9,1,10,1,14,,42,42,1,22,9,121.5604096,25.01628822
111,5,10,19,3,2,09北投區,北投區承德路6段與洲美街口,0,0,2,1,C03,8,3,5,60,4,2,1,5,4,5,7,2,1,1,4,4,2,13,1,79,2,9,1,1,7,9,1,10,1,11,,42,42,1,22,9,121.5126608,25.09905899
111,5,10,19,3,2,09北投區,北投區承德路6段與洲美街口,0,0,2,2,C03,8,3,5,60,4,2,1,5,4,5,7,2,1,1,4,4,2,13,2,40,2,9,1,1,7,14,1,10,1,13,,44,42,1,22,9,121.5126608,25.09905899
111,5,10,19,15,2,07信義區,信義區基隆路汽機車混合地下道,0,0,2,1,C03,6,3,5,30,7,11,1,4,4,5,7,1,1,10,4,5,1,13,1,43,2,8,1,1,7,9,1,10,1,11,,16,16,1,22,9,121.5644399,25.04085949
111,5,10,19,15,2,07信義區,信義區基隆路汽機車混合地下道,0,0,2,2,C03,6,3,5,30,7,11,1,4,4,5,7,1,1,10,4,5,1,13,2,44,2,9,1,1,7,9,1,10,1,13,,44,16,1,22,9,121.5644399,25.04085949
111,5,10,19,33,2,01大同區,大同區承德橋機車道(南往北),0,0,2,1,C03,6,3,5,40,8,11,1,4,4,5,7,4,4,1,3,5,2,17,2,44,2,9,3,4,7,21,1,10,2,15,,17,17,1,22,9,121.5205061,25.07587251
111,5,10,19,33,2,01大同區,大同區承德橋機車道(南往北),0,0,2,2,C03,6,3,5,40,8,11,1,4,4,5,7,4,4,1,3,5,2,17,1,63,2,9,3,4,7,9,1,10,2,15,,17,17,1,22,9,121.5205061,25.07587251
111,5,10,19,51,2,04大安區,大安區和平東路3段與基隆路2段口,0,0,1,1,C03,6,3,5,50,5,1,1,4,4,5,7,1,1,3,4,5,2,17,1,49,4,11,3,4,7,6,7,19,11,15,,9,9,2,22,9,121.5525547,25.0248907
111,5,10,19,51,2,04大安區,大安區和平東路3段與基隆路2段口,0,0,1,2,C03,6,3,5,50,5,1,1,4,4,5,7,1,1,3,4,5,2,17,2,57,2,8,1,4,7,9,1,10,1,12,,44,9,1,22,9,121.5525547,25.0248907
111,5,10,20,15,2,05中正區,中正區信義路2段與連雲街口,0,0,1,1,B03,6,3,5,50,4,1,1,4,4,5,7,1,1,1,4,5,2,17,2,63,3,10,1,1,7,5,1,8,2,8,,8,8,1,22,9,121.5301016,25.0337917
111,5,10,20,15,2,05中正區,中正區信義路2段與連雲街口,0,0,1,2,F01,6,3,5,50,4,1,1,4,4,5,7,1,1,1,4,5,2,17,2,61,2,8,1,1,7,9,8,20,1,16,,27,8,1,22,9,121.5301016,25.0337917
111,5,10,20,57,2,01大同區,大同區承德路3段與敦煌路口,0,0,2,1,B03,7,3,5,0,3,2,1,5,4,5,7,1,1,9,4,5,1,17,4,,4,11,3,4,7,15,7,19,11,15,,30,30,2,22,9,121.5200386,25.0751821
111,5,10,20,57,2,01大同區,大同區承德路3段與敦煌路口,0,0,2,2,C03,7,3,5,0,3,2,1,5,4,5,7,1,1,9,4,5,1,17,1,41,2,9,1,1,7,9,1,10,1,11,,44,30,1,22,9,121.5200386,25.0751821
111,5,10,20,57,2,01大同區,大同區承德路3段與敦煌路口,0,0,2,3,C03,7,3,5,0,3,2,1,5,4,5,7,1,1,9,4,5,1,17,1,28,2,9,1,1,7,5,1,10,1,11,,44,30,1,22,9,121.5200386,25.0751821
111,5,10,21,1,2,02萬華區,萬華區成都路81號,0,0,1,1,B03,7,3,5,50,14,9,1,4,4,5,7,4,4,9,4,5,2,17,1,24,3,10,1,1,7,6,1,8,1,5,,9,9,1,22,9,121.5052243,25.04313284
111,5,10,21,1,2,02萬華區,萬華區成都路81號,0,0,1,2,C03,7,3,5,50,14,9,1,4,4,5,7,4,4,9,4,5,2,17,1,24,2,8,1,1,7,9,1,9,1,14,,44,9,1,22,9,121.5052243,25.04313284