發生年度,發生月,發生日,發生時-Hours,發生分,處理別-編號,區序,肇事地點,死亡人數,2-30日死亡人數,受傷人數,當事人序號,車種,天候,光線,道路類別,速限-速度限制,道路型態,事故位置,路面狀況1,路面狀況2,路面狀況3,道路障礙1,道路障礙2,號誌1,號誌2,車道劃分-分向,車道劃分-分道1,車道劃分-分道2,車道劃分-分道3,事故類型及型態,性別,年齡,受傷程度,主要傷處,安全帽,行動電話,車輛用途,當事者行動狀態,駕駛資格情形,駕駛執照種類,飲酒情形,車輛撞擊部位1,車輛撞擊部位2,肇因碼-個別,肇因碼-主要,個人肇逃否,職業,旅次目的,座標-X,座標-Y
111,5,10,21,14,2,11南港區,南港區八德路4段與中坡北路口,0,0,2,1,B01,6,3,5,50,3,1,1,4,4,5,7,1,1,10,5,5,2,12,1,65,3,10,3,4,7,7,1,4,2,4,,7,7,1,22,9,121.5799193,25.05046888
111,5,10,21,14,2,11南港區,南港區八德路4段與中坡北路口,0,0,2,2,C03,6,3,5,50,3,1,1,4,4,5,7,1,1,10,5,5,2,12,1,28,2,7,1,4,7,9,1,10,2,11,,14,7,1,22,9,121.5799193,25.05046888
111,5,10,21,14,2,11南港區,南港區八德路4段與中坡北路口,0,0,2,3,H02,6,3,5,50,3,1,1,4,4,5,7,1,1,10,5,5,2,12,2,27,2,7,1,4,7,21,8,20,10,16,,67,7,1,22,9,121.5799193,25.05046888
111,5,10,21,40,2,05中正區,中正區林森南路與青島東路口,0,0,1,1,C03,7,3,5,50,4,1,1,4,4,5,7,1,1,10,5,5,2,17,1,63,4,11,3,4,7,15,7,19,11,15,,25,25,2,22,9,121.5229401,25.0436867
111,5,10,21,40,2,05中正區,中正區林森南路與青島東路口,0,0,1,2,C03,7,3,5,50,4,1,1,4,4,5,7,1,1,10,5,5,2,17,1,53,2,9,1,1,7,9,1,10,2,14,,44,25,1,22,9,121.5229401,25.0436867
111,5,10,22,5,2,12內湖區,內湖區內湖路1段203巷與環山路1段24巷口口,0,0,2,2,C03,7,1,5,30,4,1,1,4,4,5,7,4,4,5,5,5,2,16,2,25,2,9,1,1,7,9,1,10,1,12,,13,6,1,22,9,121.5635563,25.08453783
111,5,10,22,5,2,12內湖區,內湖區內湖路1段203巷與環山路1段24巷口口,0,0,2,1,C03,7,1,5,30,4,1,1,4,4,5,7,4,4,5,5,5,2,16,1,18,2,9,1,1,7,9,1,10,1,11,,6,6,1,22,9,121.5635563,25.08453783
111,5,10,22,9,2,09北投區,北投區承德路7段與實踐街口,0,0,1,1,C03,7,3,5,60,3,1,1,5,4,5,7,2,1,1,4,4,2,13,1,23,4,11,3,4,7,15,7,19,11,15,,42,42,2,22,9,121.5073692,25.11439268
111,5,10,22,9,2,09北投區,北投區承德路7段與實踐街口,0,0,1,2,C03,7,3,5,60,3,1,1,5,4,5,7,2,1,1,4,4,2,13,2,46,2,9,1,1,7,9,1,10,2,13,,43,42,1,22,9,121.5073692,25.11439268
111,5,10,22,43,2,04大安區,大安區通化街39巷50弄與通化街143巷口,0,0,1,1,C03,7,3,5,30,4,1,1,5,4,5,7,4,4,10,5,5,2,15,2,49,2,7,1,1,7,9,1,10,1,11,,26,26,1,21,8,121.5548659,25.02866782
111,5,10,22,43,2,04大安區,大安區通化街39巷50弄與通化街143巷口,0,0,1,2,B03,7,3,5,30,4,1,1,5,4,5,7,4,4,10,5,5,2,15,1,26,3,10,1,1,7,9,1,8,1,2,,23,26,1,21,8,121.5548659,25.02866782
111,5,10,23,0,2,08士林區,士林區德行西路與福華路口,0,0,1,1,C03,7,3,5,50,4,1,1,5,4,5,7,1,1,5,4,5,2,15,2,19,2,9,1,1,7,9,1,10,2,12,,25,25,1,22,9,121.5223923,25.10482514
111,5,10,23,0,2,08士林區,士林區德行西路與福華路口,0,0,1,2,B03,7,3,5,50,4,1,1,5,4,5,7,1,1,5,4,5,2,15,2,56,3,10,1,1,7,9,1,8,2,1,,44,25,1,22,9,121.5223923,25.10482514
111,5,10,23,40,2,07信義區,信義區基隆路2段與嘉興街216巷口,0,0,1,1,B01,8,3,5,50,4,2,1,4,4,5,7,1,1,9,4,5,2,2,1,46,3,10,1,1,7,5,1,4,1,1,,8,8,1,22,9,121.556297,25.02761714
111,5,10,23,40,2,07信義區,信義區基隆路2段與嘉興街216巷口,0,0,1,2,H01,8,3,5,50,4,2,1,4,4,5,7,1,1,9,4,5,2,2,1,25,2,9,4,5,8,16,8,20,10,16,,67,8,1,22,9,121.556297,25.02761714
111,5,10,23,45,2,08士林區,士林區延平北路6段與社子街口,0,0,2,1,C03,7,3,5,50,4,1,1,5,4,5,7,1,1,5,4,5,2,17,2,26,2,9,1,1,7,5,1,10,2,12,,8,8,1,22,9,121.5089367,25.08779287
111,5,10,23,45,2,08士林區,士林區延平北路6段與社子街口,0,0,2,2,C03,7,3,5,50,4,1,1,5,4,5,7,1,1,5,4,5,2,17,1,46,2,7,1,1,7,9,1,10,2,11,,44,8,1,22,9,121.5089367,25.08779287
111,5,11,3,16,2,02萬華區,華中橋水快往北下萬大路匝道口,0,0,1,1,C03,8,3,5,50,5,1,1,5,4,5,7,2,1,10,4,5,2,15,1,18,2,8,1,4,7,15,1,10,1,12,,25,25,1,22,9,121.4959333,25.01667977
111,5,11,3,16,2,02萬華區,華中橋水快往北下萬大路匝道口,0,0,1,2,B03,8,3,5,50,5,1,1,5,4,5,7,2,1,10,4,5,2,15,1,57,3,10,1,4,7,1,1,8,1,5,,44,25,1,22,9,121.4959333,25.01667977
111,5,11,7,2,2,03中山區,中山區北安路與自強隧道口圓環,0,0,2,1,C03,6,1,5,50,14,9,1,4,4,5,7,1,1,10,4,5,2,17,1,48,2,8,3,4,7,9,1,10,1,14,,16,16,1,22,9,121.5500337,25.08512815
111,5,11,7,2,2,03中山區,中山區北安路與自強隧道口圓環,0,0,2,2,C03,6,1,5,50,14,9,1,4,4,5,7,1,1,10,4,5,2,17,1,58,2,8,3,4,7,14,1,10,1,12,,44,16,1,22,9,121.5500337,25.08512815
111,5,11,7,10,2,08士林區,士林區至善路1段第238號燈桿前,0,0,1,1,C03,8,1,8,50,15,22,1,4,4,5,7,4,4,3,5,5,2,16,1,62,2,8,1,1,7,15,1,10,1,12,,43,43,1,22,9,121.5410727,25.09719016
111,5,11,7,10,2,08士林區,士林區至善路1段第238號燈桿前,0,0,1,2,C03,8,1,8,50,15,22,1,4,4,5,7,4,4,3,5,5,2,16,1,30,3,10,1,1,7,9,1,10,1,12,,13,43,1,22,9,121.5410727,25.09719016
111,5,11,7,30,2,02萬華區,萬華區德昌街25號,0,0,1,1,B03,6,1,5,30,14,9,1,4,4,5,7,4,4,10,5,5,2,17,1,56,3,10,1,1,7,1,1,8,1,4,,19,19,1,22,9,121.4993672,25.02513023
111,5,11,7,30,2,02萬華區,萬華區德昌街25號,0,0,1,2,C03,6,1,5,30,14,9,1,4,4,5,7,4,4,10,5,5,2,17,1,65,2,9,1,1,7,9,1,10,1,14,,23,19,1,22,9,121.4993672,25.02513023
111,5,11,7,30,2,03中山區,中山區中山北路2段52號,0,0,3,1,C03,6,1,5,50,14,8,1,4,4,5,7,4,4,1,4,1,2,17,1,27,2,9,1,1,7,9,1,10,1,14,,23,23,1,22,9,121.5222136,25.0560494
111,5,11,7,30,2,03中山區,中山區中山北路2段52號,0,0,3,2,C03,6,1,5,50,14,8,1,4,4,5,7,4,4,1,4,1,2,17,1,58,2,9,1,1,7,9,1,10,1,14,,44,23,1,22,9,121.5222136,25.0560494
111,5,11,7,30,2,03中山區,中山區中山北路2段52號,0,0,3,3,H02,6,1,5,50,14,8,1,4,4,5,7,4,4,1,4,1,2,17,2,26,2,9,4,5,7,21,8,20,10,15,,67,23,1,22,9,121.5222136,25.0560494
111,5,11,7,35,2,09北投區,北投區中央南路2段與中央南路2段34巷口口,0,0,2,1,C03,6,1,5,40,3,1,1,4,4,5,7,4,4,9,4,5,2,16,1,68,2,7,1,1,7,11,1,10,2,14,,10,10,1,22,9,121.4995686,25.1248153
111,5,11,7,35,2,09北投區,北投區中央南路2段與中央南路2段34巷口口,0,0,2,2,C03,6,1,5,40,3,1,1,4,4,5,7,4,4,9,4,5,2,16,1,55,2,9,1,1,7,9,1,10,1,11,,14,10,1,22,9,121.4995686,25.1248153
111,5,11,7,44,2,01大同區,大同區承德路3段與哈密街23巷口,0,0,1,2,C03,6,1,5,50,4,1,1,4,4,5,7,2,1,1,4,5,2,16,2,46,2,9,1,4,7,11,3,18,2,14,,11,25,1,22,9,121.519742,25.0739425
111,5,11,7,44,2,01大同區,大同區承德路3段與哈密街23巷口,0,0,1,1,B01,6,1,5,50,4,1,1,4,4,5,7,2,1,1,4,5,2,16,1,67,3,10,1,4,7,9,1,4,2,1,,25,25,1,22,9,121.519742,25.0739425
111,5,11,8,6,2,09北投區,北投區東華街2段88號,0,0,1,1,B03,6,1,5,50,14,9,1,4,4,5,7,1,1,9,4,5,2,16,1,22,3,10,1,1,7,1,1,8,1,7,,19,19,1,22,9,121.5135275,25.11773684
111,5,11,8,6,2,09北投區,北投區東華街2段88號,0,0,1,2,C03,6,1,5,50,14,9,1,4,4,5,7,1,1,9,4,5,2,16,1,33,2,9,1,1,7,9,1,10,1,11,,44,19,1,22,9,121.5135275,25.11773684
111,5,11,8,40,2,05中正區,中正區市民大道1段與金山北路口,0,0,1,1,C03,6,1,5,40,4,2,1,4,4,5,7,1,1,9,4,5,2,17,2,26,2,9,1,1,7,9,1,10,2,11,,17,17,1,22,9,121.5305289,25.04598158
111,5,11,8,40,2,05中正區,中正區市民大道1段與金山北路口,0,0,1,2,C03,6,1,5,40,4,2,1,4,4,5,7,1,1,9,4,5,2,17,1,53,3,10,1,1,7,12,1,10,2,13,,44,17,1,22,9,121.5305289,25.04598158
111,5,11,9,0,2,05中正區,中正區仁愛路2段與金山南路1段口,0,0,1,1,C03,6,1,5,50,4,1,1,4,4,5,7,1,1,3,4,5,1,12,1,31,3,10,1,1,7,8,6,10,11,12,,7,7,1,22,9,121.5283703,25.0381125
111,5,11,9,0,2,05中正區,中正區仁愛路2段與金山南路1段口,0,0,1,2,C03,6,1,5,50,4,1,1,4,4,5,7,1,1,3,4,5,1,12,2,28,2,2,1,1,7,9,1,10,11,12,,44,7,1,22,9,121.5283703,25.0381125
111,5,11,9,0,2,07信義區,信義區忠孝東路5段與忠孝東路5段215巷口,0,0,1,1,C03,8,1,5,50,3,1,1,4,4,5,7,1,1,8,3,5,2,15,1,27,2,9,1,1,7,9,1,10,1,11,,44,44,1,22,9,121.5701742,25.0410912
111,5,11,9,0,2,07信義區,信義區忠孝東路5段與忠孝東路5段215巷口,0,0,1,2,B03,8,1,5,50,3,1,1,4,4,5,7,1,1,8,3,5,2,15,1,28,3,10,1,1,7,15,1,8,1,2,,6,44,1,22,9,121.5701742,25.0410912
111,5,11,9,8,2,04大安區,大安區仁愛路3段與仁愛路3段118巷口,0,0,2,2,C03,6,1,5,0,4,2,1,4,4,5,7,2,1,1,4,5,1,16,2,31,2,9,1,1,7,9,1,10,1,11,,23,25,1,22,9,121.5399672,25.03762323
111,5,11,9,8,2,04大安區,大安區仁愛路3段與仁愛路3段118巷口,0,0,2,1,F06,6,1,5,0,4,2,1,4,4,5,7,2,1,1,4,5,1,16,2,47,2,8,1,1,7,9,8,20,1,16,,25,25,1,22,9,121.5399672,25.03762323
111,5,11,9,25,2,03中山區,中山區北安路458巷3號與北安路口,0,0,1,2,C03,6,1,5,50,4,2,1,4,4,5,7,1,1,1,2,4,2,17,1,68,2,9,1,1,7,9,1,10,1,12,,44,25,1,22,9,121.5446486,25.0793452
111,5,11,9,25,2,03中山區,中山區北安路458巷3號與北安路口,0,0,1,1,B12,6,1,5,50,4,2,1,4,4,5,7,1,1,1,2,4,2,17,1,69,4,11,3,4,7,6,1,8,11,15,,25,25,2,22,9,121.5446486,25.0793452
111,5,11,9,50,2,07信義區,信義區忠孝東路5段199號,0,0,1,1,C03,6,1,5,50,14,9,1,4,4,5,7,4,4,1,4,5,2,17,2,21,2,8,3,4,7,9,1,10,1,14,,13,13,1,22,9,121.5696205,25.04110977
111,5,11,9,50,2,07信義區,信義區忠孝東路5段199號,0,0,1,2,B01,6,1,5,50,14,9,1,4,4,5,7,4,4,1,4,5,2,17,1,67,3,10,3,4,7,9,1,4,1,15,,44,13,1,22,9,121.5696205,25.04110977
111,5,11,9,59,2,08士林區,士林區中山北路6段與德行東路口,0,0,1,1,G03,6,1,5,50,4,1,1,4,4,5,7,2,1,1,4,5,2,16,1,60,3,10,1,1,7,5,1,7,1,4,,8,8,1,22,9,121.5248601,25.1064424
111,5,11,9,59,2,08士林區,士林區中山北路6段與德行東路口,0,0,1,2,F01,6,1,5,50,4,1,1,4,4,5,7,2,1,1,4,5,2,16,2,74,2,9,1,1,7,11,8,20,1,16,,11,8,1,22,9,121.5248601,25.1064424
111,5,11,10,0,2,08士林區,士林區至誠路2段40號,0,0,1,1,B03,6,1,8,50,15,22,1,4,4,5,7,4,4,9,5,5,2,16,1,64,3,10,1,1,7,1,1,8,1,8,,19,19,1,22,9,121.528679,25.10178494
111,5,11,10,0,2,08士林區,士林區至誠路2段40號,0,0,1,2,C03,6,1,8,50,15,22,1,4,4,5,7,4,4,9,5,5,2,16,1,27,2,8,1,1,7,9,1,10,1,11,,13,19,1,22,9,121.528679,25.10178494
111,5,11,10,5,2,07信義區,信義區莊敬路245號,0,0,1,1,B01,6,1,5,50,14,8,1,4,4,5,7,4,4,5,4,4,2,17,1,62,3,10,1,1,7,8,1,4,1,2,,7,7,1,22,9,121.5624366,25.02944644
111,5,11,10,5,2,07信義區,信義區莊敬路245號,0,0,1,2,C03,6,1,5,50,14,8,1,4,4,5,7,4,4,5,4,4,2,17,1,23,2,9,1,1,7,9,1,10,1,14,,44,7,1,22,9,121.5624366,25.02944644
111,5,11,10,8,2,01大同區,大同區延平北路2段與南京西路口,0,0,1,1,C03,6,1,5,0,4,1,1,4,4,5,7,2,1,5,4,5,2,13,2,23,2,9,1,4,7,5,1,10,2,13,,8,8,1,22,9,121.5117608,25.05388643
111,5,11,10,8,2,01大同區,大同區延平北路2段與南京西路口,0,0,1,2,A04,6,1,5,0,4,1,1,4,4,5,7,2,1,5,4,5,2,13,1,58,3,10,1,4,7,9,1,2,2,1,,44,8,1,22,9,121.5117608,25.05388643
111,5,11,10,30,2,04大安區,大安區大安路2段與大安路2段27巷口,0,0,1,1,B03,6,1,5,30,4,1,1,4,4,5,7,4,4,9,5,5,2,17,1,22,3,10,3,4,7,6,1,8,1,8,,6,6,1,22,9,121.5460341,25.03207215
111,5,11,10,30,2,04大安區,大安區大安路2段與大安路2段27巷口,0,0,1,2,C03,6,1,5,30,4,1,1,4,4,5,7,4,4,9,5,5,2,17,2,34,2,9,3,4,7,9,1,10,1,12,,44,6,1,22,9,121.5460341,25.03207215
111,5,11,11,10,2,03中山區,中山區吉林路371號,0,0,1,1,B02,6,1,5,50,14,7,1,4,4,5,7,4,4,9,5,4,2,12,1,43,3,10,1,1,7,11,1,8,1,4,,10,10,1,22,9,121.5304933,25.0650386
111,5,11,11,10,2,03中山區,中山區吉林路371號,0,0,1,2,C03,6,1,5,50,14,7,1,4,4,5,7,4,4,9,5,4,2,12,2,70,2,9,1,1,7,9,1,10,1,12,,44,10,1,22,9,121.5304933,25.0650386
111,5,11,11,55,2,05中正區,中正區忠孝東路2段64巷與忠孝東路2段口,0,0,1,1,B12,6,1,5,30,3,2,1,4,4,5,7,4,4,10,3,4,2,17,1,67,3,10,1,1,7,6,1,8,1,15,,9,9,1,22,9,121.5286694,25.04339066
111,5,11,11,55,2,05中正區,中正區忠孝東路2段64巷與忠孝東路2段口,0,0,1,2,C03,6,1,5,30,3,2,1,4,4,5,7,4,4,10,3,4,2,17,1,63,2,9,1,1,7,9,1,10,1,15,,23,9,1,22,9,121.5286694,25.04339066
111,5,11,12,11,2,06松山區,松山區民生東路5段137巷與民生東路5段口,0,0,1,1,B03,6,1,5,30,4,1,1,4,4,5,7,1,1,1,4,5,2,11,2,26,3,10,1,1,7,5,1,8,2,8,,6,6,1,22,9,121.5615746,25.05874502
111,5,11,12,11,2,06松山區,松山區民生東路5段137巷與民生東路5段口,0,0,1,2,F01,6,1,5,30,4,1,1,4,4,5,7,1,1,1,4,5,2,11,1,55,2,9,1,1,7,9,8,20,2,16,,44,6,1,22,9,121.5615746,25.05874502
111,5,11,12,20,2,06松山區,松山區民權東路5段與三民路口口,0,0,2,1,C03,6,1,5,50,3,1,1,4,4,5,7,2,1,1,4,5,2,16,1,55,2,8,1,1,7,9,1,10,1,11,,25,25,1,22,9,121.5629906,25.0628892
111,5,11,12,20,2,06松山區,松山區民權東路5段與三民路口口,0,0,2,2,C03,6,1,5,50,3,1,1,4,4,5,7,2,1,1,4,5,2,16,2,24,2,7,1,1,7,9,1,10,1,14,,44,25,1,22,9,121.5629906,25.0628892
111,5,11,12,20,2,08士林區,士林區重慶北路4段238號,0,0,1,1,B03,6,1,5,50,14,7,1,4,4,5,7,2,1,10,4,4,1,16,1,44,3,10,1,1,7,8,1,8,1,6,,7,7,1,22,9,121.5111608,25.0863238
111,5,11,12,20,2,08士林區,士林區重慶北路4段238號,0,0,1,2,C03,6,1,5,50,14,7,1,4,4,5,7,2,1,10,4,4,1,16,1,52,2,8,1,1,7,9,1,10,1,11,,23,7,1,22,9,121.5111608,25.0863238
111,5,11,12,22,2,03中山區,中山區中山北路2段11巷與中山北路2段口口前,0,0,1,1,B03,6,1,5,50,3,1,1,4,4,5,7,4,4,4,4,4,2,16,2,64,3,10,3,4,7,6,1,8,1,5,,9,9,1,22,9,121.5227488,25.05277681
111,5,11,12,22,2,03中山區,中山區中山北路2段11巷與中山北路2段口口前,0,0,1,2,C03,6,1,5,50,3,1,1,4,4,5,7,4,4,4,4,4,2,16,1,19,2,9,1,4,7,9,1,10,1,14,,44,9,1,22,9,121.5227488,25.05277681
111,5,11,12,30,2,03中山區,中山區錦西街與天祥路口,0,0,1,1,C03,6,1,5,50,3,1,1,4,4,5,7,4,4,5,5,5,2,16,1,34,2,7,1,1,7,1,1,10,2,14,,19,19,1,22,9,121.5210049,25.0603436
111,5,11,12,30,2,03中山區,中山區錦西街與天祥路口,0,0,1,2,B03,6,1,5,50,3,1,1,4,4,5,7,4,4,5,5,5,2,16,1,26,3,10,1,1,7,5,1,8,2,8,,44,19,1,22,9,121.5210049,25.0603436
111,5,11,14,3,2,04大安區,大安區金山南路2段與潮州街口,0,0,1,1,B03,8,1,5,50,4,1,1,4,4,5,7,2,1,3,4,5,2,13,2,73,3,10,3,4,7,9,1,4,1,1,,23,23,1,22,9,121.5262876,25.0288919
111,5,11,14,3,2,04大安區,大安區金山南路2段與潮州街口,0,0,1,2,C03,8,1,5,50,4,1,1,4,4,5,7,2,1,3,4,5,2,13,2,31,2,9,3,4,7,5,1,10,1,13,,26,23,1,22,9,121.5262876,25.0288919
111,5,11,14,39,2,09北投區,北投區石牌路2段304號,0,0,1,1,B01,8,1,5,50,14,9,1,5,4,5,7,4,4,9,4,5,1,12,1,69,3,10,1,1,7,11,1,4,1,8,,10,10,1,22,9,121.5154705,25.11580329
111,5,11,14,39,2,09北投區,北投區石牌路2段304號,0,0,1,2,C03,8,1,5,50,14,9,1,5,4,5,7,4,4,9,4,5,1,12,1,23,2,9,1,1,7,9,1,10,1,12,,44,10,1,22,9,121.5154705,25.11580329
111,5,11,14,48,2,08士林區,士林區福林路193號,0,0,2,1,C03,8,1,5,50,14,9,1,5,4,5,7,4,4,5,4,5,1,16,2,68,2,7,3,4,7,8,1,10,1,12,,7,7,1,22,9,121.5327989,25.09695249
111,5,11,14,48,2,08士林區,士林區福林路193號,0,0,2,2,C03,8,1,5,50,14,9,1,5,4,5,7,4,4,5,4,5,1,16,2,19,2,9,3,4,7,9,1,10,1,14,,44,7,1,22,9,121.5327989,25.09695249
111,5,11,15,6,2,03中山區,中山區北安路與敬業三路口口,0,0,1,1,C03,8,1,5,50,4,1,1,5,4,5,7,2,1,1,4,5,2,17,1,46,2,9,3,4,7,9,1,10,1,12,,23,23,1,22,9,121.5561653,25.08458508
111,5,11,15,6,2,03中山區,中山區北安路與敬業三路口口,0,0,1,2,C03,8,1,5,50,4,1,1,5,4,5,7,2,1,1,4,5,2,17,1,59,3,10,3,4,7,12,1,10,1,14,,44,23,1,22,9,121.5561653,25.08458508
111,5,11,15,11,2,08士林區,士林區中山北路5段與福國路口,0,0,1,1,B03,8,1,5,50,3,1,1,5,4,5,7,1,1,1,4,5,2,16,2,46,3,10,3,4,7,9,1,8,1,5,,44,44,1,22,9,121.5255891,25.10257135
111,5,11,15,11,2,08士林區,士林區中山北路5段與福國路口,0,0,1,2,C03,8,1,5,50,3,1,1,5,4,5,7,1,1,1,4,5,2,16,2,21,2,9,3,4,7,5,1,10,1,14,,25,44,1,22,9,121.5255891,25.10257135
111,5,11,15,19,2,11南港區,南港區玉成街與市民大道7段口,0,0,1,1,C03,7,1,5,50,4,1,1,5,4,5,6,2,1,9,4,5,2,17,1,30,2,9,1,4,7,5,1,10,1,13,,8,8,1,22,9,121.5816435,25.04953
111,5,11,15,19,2,11南港區,南港區玉成街與市民大道7段口,0,0,1,2,B03,7,1,5,50,4,1,1,5,4,5,6,2,1,9,4,5,2,17,1,33,3,10,1,4,7,9,1,8,1,1,,23,8,1,22,9,121.5816435,25.04953
111,5,11,15,26,2,02萬華區,萬華區中華路2段307巷與中華路2段口,0,0,2,1,C03,8,1,5,50,4,1,1,5,4,5,7,1,1,9,4,4,1,13,1,41,2,7,1,1,7,9,1,10,1,11,,16,16,1,22,9,121.5037143,25.02958387
111,5,11,15,26,2,02萬華區,萬華區中華路2段307巷與中華路2段口,0,0,2,2,C03,8,1,5,50,4,1,1,5,4,5,7,1,1,9,4,4,1,13,1,19,2,8,1,1,7,5,1,10,1,13,,44,16,1,22,9,121.5037143,25.02958387
111,5,11,15,42,2,04大安區,大安區辛亥路1段與辛亥路1段34巷口,0,0,1,1,B03,8,1,5,50,3,2,1,5,4,5,7,4,4,1,4,4,2,16,1,26,3,10,3,4,7,8,1,8,2,6,,7,7,1,22,9,121.5299308,25.02002605
111,5,11,15,42,2,04大安區,大安區辛亥路1段與辛亥路1段34巷口,0,0,1,2,C03,8,1,5,50,3,2,1,5,4,5,7,4,4,1,4,4,2,16,1,49,2,9,3,4,7,9,6,10,2,14,,44,7,1,22,9,121.5299308,25.02002605
111,5,11,16,1,2,06松山區,松山區東興路與八德路4段口,0,0,1,1,B03,8,1,5,50,4,2,1,5,4,5,7,2,1,5,4,5,2,16,1,31,3,10,1,1,7,6,1,8,1,5,,23,23,1,22,9,121.5655303,25.0489607
111,5,11,16,1,2,06松山區,松山區東興路與八德路4段口,0,0,1,2,F01,8,1,5,50,4,2,1,5,4,5,7,2,1,5,4,5,2,16,2,41,2,8,1,1,7,9,8,20,1,16,,26,23,1,22,9,121.5655303,25.0489607
111,5,11,17,8,2,04大安區,大安區仁愛路3段與信義路3段147巷口,0,0,1,1,C03,8,1,5,30,3,1,1,5,4,5,7,4,4,1,4,5,2,16,1,28,2,9,1,1,7,5,1,10,1,12,,6,6,1,22,9,121.5419828,25.0377893
111,5,11,17,8,2,04大安區,大安區仁愛路3段與信義路3段147巷口,0,0,1,2,B03,8,1,5,30,3,1,1,5,4,5,7,4,4,1,4,5,2,16,1,43,3,10,1,1,7,9,1,8,1,4,,14,6,1,22,9,121.5419828,25.0377893
111,5,11,17,8,2,09北投區,北投區光明路與磺港路口,0,0,2,1,C03,8,1,5,50,5,1,1,5,4,5,7,3,1,10,4,5,1,11,1,42,2,9,1,1,7,9,1,10,1,11,,43,43,1,22,9,121.501879,25.1334603
111,5,11,17,8,2,09北投區,北投區光明路與磺港路口,0,0,2,2,C03,8,1,5,50,5,1,1,5,4,5,7,3,1,10,4,5,1,11,2,67,2,9,1,1,7,9,1,10,1,11,,43,43,1,22,9,121.501879,25.1334603
111,5,11,17,55,2,03中山區,中山區新生北路2段與民生東路2段口,0,0,1,1,C03,8,1,5,50,14,6,1,3,4,5,7,4,4,10,5,5,2,12,1,33,2,9,3,4,7,9,1,10,1,14,,42,42,1,22,9,121.5277291,25.0576634
111,5,11,17,55,2,03中山區,中山區新生北路2段與民生東路2段口,0,0,1,2,B02,8,1,5,50,14,6,1,3,4,5,7,4,4,10,5,5,2,12,1,37,3,10,3,4,7,9,1,8,1,5,,44,42,1,22,9,121.5277291,25.0576634
111,5,11,18,14,2,03中山區,中山區林森北路與長安東路1段口,0,0,1,1,C03,8,3,5,50,4,2,1,5,4,5,7,1,1,1,4,5,2,12,1,43,3,10,1,1,7,8,1,10,1,12,,7,7,1,22,9,121.5245332,25.04916288
111,5,11,18,14,2,03中山區,中山區林森北路與長安東路1段口,0,0,1,2,C03,8,3,5,50,4,2,1,5,4,5,7,1,1,1,4,5,2,12,2,24,2,9,1,1,7,9,1,10,1,14,,44,7,1,22,9,121.5245332,25.04916288
111,5,11,18,20,2,10文山區,文山區汀州路4段與汀州路4段140巷口,0,0,1,1,C03,8,1,5,50,3,1,1,5,4,5,7,4,4,5,5,5,2,16,1,33,3,10,1,1,7,5,1,10,1,12,,8,8,1,22,9,121.5358378,25.0051445
111,5,11,18,20,2,10文山區,文山區汀州路4段與汀州路4段140巷口,0,0,1,2,C03,8,1,5,50,3,1,1,5,4,5,7,4,4,5,5,5,2,16,1,34,3,10,1,1,7,9,1,10,1,11,,44,8,1,22,9,121.5358378,25.0051445
111,5,11,18,20,2,10文山區,文山區汀州路4段與汀州路4段140巷口,0,0,1,3,H02,8,1,5,50,3,1,1,5,4,5,7,4,4,5,5,5,2,16,2,33,2,7,4,5,7,20,8,20,10,16,,67,8,1,22,9,121.5358378,25.0051445
111,5,11,18,23,2,07信義區,信義區松仁路28號,0,0,1,1,B01,8,3,5,50,14,9,1,5,4,5,7,4,4,1,4,5,2,12,1,35,3,10,1,1,7,9,1,4,2,2,,23,23,1,22,9,121.5683446,25.0392422
111,5,11,18,23,2,07信義區,信義區松仁路28號,0,0,1,2,C03,8,3,5,50,14,9,1,5,4,5,7,4,4,1,4,5,2,12,2,40,2,8,1,1,7,7,1,8,1,14,,7,23,1,22,9,121.5683446,25.0392422
111,5,11,18,38,2,04大安區,大安區四維路170巷43號,0,0,1,1,B03,7,3,5,50,14,9,1,5,4,5,7,4,4,5,5,5,2,17,1,28,3,10,3,4,7,13,1,8,1,4,,40,40,1,22,9,121.5463798,25.02825394
111,5,11,18,38,2,04大安區,大安區四維路170巷43號,0,0,1,2,C03,7,3,5,50,14,9,1,5,4,5,7,4,4,5,5,5,2,17,1,56,2,7,3,4,7,9,1,10,1,11,,44,40,1,22,9,121.5463798,25.02825394
111,5,11,18,44,2,02萬華區,萬華區忠孝西路2段與西寧南路口,0,0,1,1,C03,8,3,5,50,4,1,1,5,4,5,7,2,1,3,4,5,2,16,2,23,2,8,1,4,7,8,1,10,1,12,,7,7,1,22,9,121.5075505,25.0484909
111,5,11,18,44,2,02萬華區,萬華區忠孝西路2段與西寧南路口,0,0,1,2,B02,8,3,5,50,4,1,1,5,4,5,7,2,1,3,4,5,2,16,1,40,3,10,1,4,7,9,1,8,1,4,,44,7,1,22,9,121.5075505,25.0484909
111,5,11,18,50,2,03中山區,中山區林森北路與錦州街口,0,0,1,1,B01,8,3,5,50,4,1,1,5,4,5,7,2,1,5,4,5,2,13,1,60,3,10,1,1,7,9,1,4,1,1,,44,44,1,22,9,121.5255607,25.0603052
111,5,11,18,50,2,03中山區,中山區林森北路與錦州街口,0,0,1,2,C03,8,3,5,50,4,1,1,5,4,5,7,2,1,5,4,5,2,13,1,29,2,9,1,1,7,7,1,10,1,14,,7,44,1,22,9,121.5255607,25.0603052