發生年度,發生月,發生日,發生時-Hours,發生分,處理別-編號,區序,肇事地點,死亡人數,2-30日死亡人數,受傷人數,當事人序號,車種,天候,光線,道路類別,速限-速度限制,道路型態,事故位置,路面狀況1,路面狀況2,路面狀況3,道路障礙1,道路障礙2,號誌1,號誌2,車道劃分-分向,車道劃分-分道1,車道劃分-分道2,車道劃分-分道3,事故類型及型態,性別,年齡,受傷程度,主要傷處,安全帽,行動電話,車輛用途,當事者行動狀態,駕駛資格情形,駕駛執照種類,飲酒情形,車輛撞擊部位1,車輛撞擊部位2,肇因碼-個別,肇因碼-主要,個人肇逃否,職業,旅次目的,座標-X,座標-Y
111,5,11,18,54,2,12內湖區,內湖區康寧路1段與金湖路口,0,0,1,1,B02,8,3,5,50,3,1,1,5,4,5,7,1,1,1,3,4,2,11,2,46,3,10,1,1,7,5,1,10,1,6,,6,6,1,22,9,121.5995946,25.0790043
111,5,11,18,54,2,12內湖區,內湖區康寧路1段與金湖路口,0,0,1,2,C03,8,3,5,50,3,1,1,5,4,5,7,1,1,1,3,4,2,11,1,33,2,7,1,1,7,9,1,10,1,11,,44,6,1,22,9,121.5995946,25.0790043
111,5,11,18,55,2,08士林區,士林區大南路與大南路350巷口,0,0,1,1,B01,7,3,5,50,3,2,1,5,4,5,7,4,4,9,5,5,2,17,1,64,3,10,1,1,7,1,1,4,1,1,,43,43,1,22,9,121.5176943,25.08901157
111,5,11,18,55,2,08士林區,士林區大南路與大南路350巷口,0,0,1,2,C03,7,3,5,50,3,2,1,5,4,5,7,4,4,9,5,5,2,17,1,48,2,9,1,1,7,5,1,10,1,13,,43,43,1,22,9,121.5176943,25.08901157
111,5,11,19,30,2,08士林區,士林區通河街1巷與通河街口,0,0,2,1,C03,8,1,5,50,4,1,1,5,4,5,7,3,1,5,4,5,2,16,2,25,2,8,3,4,7,9,1,10,1,12,,4,4,1,22,9,121.523717,25.07990205
111,5,11,19,30,2,08士林區,士林區通河街1巷與通河街口,0,0,2,2,C03,8,1,5,50,4,1,1,5,4,5,7,3,1,5,4,5,2,16,2,27,2,7,3,4,7,5,1,10,1,14,,8,4,1,22,9,121.523717,25.07990205
111,5,11,19,50,2,08士林區,士林區福華路140號,0,0,1,1,B01,7,3,5,50,14,9,1,5,4,5,7,4,4,10,4,5,2,17,1,32,3,10,1,1,7,2,1,4,1,3,,43,43,1,22,9,121.5226955,25.1030725
111,5,11,19,50,2,08士林區,士林區福華路140號,0,0,1,2,C03,7,3,5,50,14,9,1,5,4,5,7,4,4,10,4,5,2,17,1,60,2,7,1,1,7,2,1,10,1,12,,43,43,1,22,9,121.5226955,25.1030725
111,5,11,20,33,2,01大同區,大同區南京西路123號,0,0,1,1,B03,8,3,5,40,16,8,1,5,4,5,7,1,1,9,4,4,2,12,1,33,3,10,3,4,7,1,1,8,1,5,,44,44,1,22,9,121.5150999,25.05394723
111,5,11,20,33,2,01大同區,大同區南京西路123號,0,0,1,2,C04,8,3,5,40,16,8,1,5,4,5,7,1,1,9,4,4,2,12,2,44,2,9,1,4,7,9,1,11,1,14,,23,44,1,22,9,121.5150999,25.05394723
111,5,11,20,39,2,09北投區,北投區立農街2段與立農街2段口155號,0,0,1,1,B03,8,3,5,30,3,1,1,5,4,5,7,2,1,5,4,5,2,17,1,32,3,10,1,1,7,5,1,8,1,15,,8,8,1,22,9,121.5132415,25.11900614
111,5,11,20,39,2,09北投區,北投區立農街2段與立農街2段口155號,0,0,1,2,C03,8,3,5,30,3,1,1,5,4,5,7,2,1,5,4,5,2,17,1,21,2,9,1,1,7,9,1,10,1,15,,23,8,1,22,9,121.5132415,25.11900614
111,5,11,21,23,2,07信義區,信義區忠孝東路5段與忠孝東路5段423巷口,0,0,1,1,B03,8,3,5,50,4,1,1,5,4,5,7,1,1,3,5,5,2,16,1,28,3,10,3,4,7,5,1,8,1,6,,6,6,1,22,9,121.5753672,25.04093984
111,5,11,21,23,2,07信義區,信義區忠孝東路5段與忠孝東路5段423巷口,0,0,1,2,C03,8,3,5,50,4,1,1,5,4,5,7,1,1,3,5,5,2,16,1,41,2,9,3,4,7,9,1,10,1,11,,23,6,1,22,9,121.5753672,25.04093984
111,5,11,21,26,2,10文山區,文山區興隆路1段251巷與興隆路1段251巷4弄口口,0,0,1,1,C03,7,3,5,30,4,1,1,5,4,5,7,4,4,10,5,5,2,15,2,38,3,10,1,1,7,9,1,10,11,14,,6,6,1,22,9,121.5448851,24.99974988
111,5,11,21,26,2,10文山區,文山區興隆路1段251巷與興隆路1段251巷4弄口口,0,0,1,2,F03,7,3,5,30,4,1,1,5,4,5,7,4,4,10,5,5,2,15,2,15,2,8,1,1,7,9,8,20,11,16,,44,6,1,22,9,121.5448851,24.99974988
111,5,11,22,0,2,06松山區,松山區市民大道6段與松山路口,0,0,3,1,H01,8,3,5,40,4,1,1,5,4,5,7,2,1,1,4,5,2,9,1,17,2,9,4,5,8,20,8,20,10,16,,51,51,1,22,9,121.5778644,25.04953119
111,5,11,22,0,2,06松山區,松山區市民大道6段與松山路口,0,0,3,2,C03,8,3,5,40,4,1,1,5,4,5,7,2,1,1,4,5,2,9,1,28,2,9,1,1,7,9,1,10,1,11,,23,51,1,22,9,121.5778644,25.04953119
111,5,11,22,0,2,06松山區,松山區市民大道6段與松山路口,0,0,3,3,H01,8,3,5,40,4,1,1,5,4,5,7,2,1,1,4,5,2,9,2,17,2,9,4,5,8,20,8,20,10,16,,51,51,1,22,9,121.5778644,25.04953119
111,5,12,6,51,2,01大同區,大同區承德路2段88號,0,0,2,1,C03,8,1,5,50,14,9,1,5,4,5,7,4,4,1,4,5,2,9,2,42,2,9,1,1,7,9,1,10,1,14,,42,42,1,22,9,121.5180845,25.05796691
111,5,12,6,51,2,01大同區,大同區承德路2段88號,0,0,2,2,H02,8,1,5,50,14,9,1,5,4,5,7,4,4,1,4,5,2,9,1,12,2,9,4,5,7,21,8,20,10,16,,67,42,1,22,9,121.5180845,25.05796691
111,5,12,6,51,2,01大同區,大同區承德路2段88號,0,0,2,3,,8,1,5,50,14,9,1,5,4,5,7,4,4,1,4,5,2,9,3,,,,,,,,,,,,,67,42,1,,,121.5180845,25.05796691
111,5,12,7,7,2,02萬華區,萬華區光復橋往台北市003011燈桿,0,0,1,1,B03,8,1,5,50,8,9,1,5,4,5,7,4,4,10,5,5,2,13,1,41,3,10,3,4,7,8,6,18,11,5,,42,42,2,22,9,121.489335,25.02386286
111,5,12,7,7,2,02萬華區,萬華區光復橋往台北市003011燈桿,0,0,1,2,C03,8,1,5,50,8,9,1,5,4,5,7,4,4,10,5,5,2,13,1,49,2,9,3,4,7,9,1,10,1,13,,44,42,1,22,9,121.489335,25.02386286
111,5,12,7,30,2,10文山區,文山區忠順街2段21號前,0,0,2,1,F01,8,1,5,50,14,9,1,5,4,5,7,4,4,8,4,5,2,12,1,68,2,9,1,1,7,7,8,20,9,16,,7,7,1,22,9,121.5627993,24.98468252
111,5,12,7,30,2,10文山區,文山區忠順街2段21號前,0,0,2,2,C03,8,1,5,50,14,9,1,5,4,5,7,4,4,8,4,5,2,12,1,20,2,7,1,1,7,9,1,10,2,11,,23,7,1,22,9,121.5627993,24.98468252
111,5,12,7,34,2,08士林區,士林區雨農路與雨農路7巷口,0,0,1,1,B03,8,1,5,50,3,1,1,5,4,5,7,4,4,10,5,5,1,16,1,67,3,10,1,1,7,5,1,8,2,4,,6,6,1,22,9,121.5321839,25.09717461
111,5,12,7,34,2,08士林區,士林區雨農路與雨農路7巷口,0,0,1,2,C03,8,1,5,50,3,1,1,5,4,5,7,4,4,10,5,5,1,16,2,53,2,9,1,1,7,9,1,10,2,11,,44,6,1,22,9,121.5321839,25.09717461
111,5,12,7,47,2,02萬華區,萬華區華中橋往台北市機車道,0,0,2,1,C03,8,1,5,40,14,11,1,5,4,5,7,4,4,1,3,5,2,12,1,26,2,9,1,1,7,8,1,10,1,12,,7,7,1,22,9,121.4955283,25.01258397
111,5,12,7,47,2,02萬華區,萬華區華中橋往台北市機車道,0,0,2,2,C03,8,1,5,40,14,11,1,5,4,5,7,4,4,1,3,5,2,12,1,43,2,9,1,1,7,9,1,10,1,12,,13,7,1,22,9,121.4955283,25.01258397
111,5,12,8,28,2,06松山區,松山區新東街41-7號,0,0,1,1,B03,8,1,5,50,14,9,1,5,4,5,7,4,4,9,5,5,2,12,1,73,3,10,1,1,7,1,1,8,1,8,,19,19,1,22,9,121.5654729,25.06083965
111,5,12,8,28,2,06松山區,松山區新東街41-7號,0,0,1,2,C03,8,1,5,50,14,9,1,5,4,5,7,4,4,9,5,5,2,12,2,37,2,9,1,1,7,9,1,10,1,15,,44,19,1,22,9,121.5654729,25.06083965
111,5,12,8,45,2,08士林區,士林區通河街2巷與承德路4段3巷口,0,0,2,1,C03,7,1,5,30,3,2,1,5,4,5,7,4,4,10,5,5,1,16,1,49,2,1,3,4,7,5,1,10,1,11,,6,6,1,22,9,121.5229108,25.07844026
111,5,12,8,45,2,08士林區,士林區通河街2巷與承德路4段3巷口,0,0,2,2,C03,7,1,5,30,3,2,1,5,4,5,7,4,4,10,5,5,1,16,1,31,2,8,3,4,7,9,1,10,1,11,,23,6,1,22,9,121.5229108,25.07844026
111,5,12,8,50,2,12內湖區,內湖區成功路5段與成功路5段170巷口,0,0,1,1,C03,8,1,5,50,4,1,1,5,4,5,7,1,1,1,4,4,2,12,2,77,2,9,1,1,7,5,3,18,1,14,,8,8,1,22,9,121.6054446,25.08279354
111,5,12,8,50,2,12內湖區,內湖區成功路5段與成功路5段170巷口,0,0,1,2,B03,8,1,5,50,4,1,1,5,4,5,7,1,1,1,4,4,2,12,1,77,3,10,1,1,7,9,1,10,1,2,,13,8,1,22,9,121.6054446,25.08279354
111,5,12,9,5,2,08士林區,士林區仰德大道1段與仰德大道1段42巷口,0,0,1,1,C03,7,1,5,40,3,2,1,5,4,5,7,3,1,4,5,5,1,17,2,63,2,9,1,1,7,9,1,10,1,11,,23,23,1,22,9,121.5370413,25.10332933
111,5,12,9,5,2,08士林區,士林區仰德大道1段與仰德大道1段42巷口,0,0,1,2,B03,7,1,5,40,3,2,1,5,4,5,7,3,1,4,5,5,1,17,1,57,3,10,1,1,7,9,1,2,1,6,,44,23,1,22,9,121.5370413,25.10332933
111,5,12,9,20,2,12內湖區,內湖區瑞湖街與舊宗路2段121巷口,0,0,1,1,B03,8,1,5,50,4,1,1,5,4,5,7,2,1,5,5,5,1,16,1,25,3,10,1,1,7,6,1,8,1,2,,9,9,1,22,9,121.5764222,25.06901507
111,5,12,9,20,2,12內湖區,內湖區瑞湖街與舊宗路2段121巷口,0,0,1,2,C03,8,1,5,50,4,1,1,5,4,5,7,2,1,5,5,5,1,16,1,40,2,9,1,1,7,9,1,9,1,14,,44,9,1,22,9,121.5764222,25.06901507
111,5,12,9,30,2,04大安區,大安區和平東路1段262號,0,0,1,1,C03,8,1,5,50,14,9,1,5,4,5,7,1,1,3,4,5,1,13,1,27,3,10,1,1,7,9,1,10,1,11,,16,16,1,22,9,121.5340947,25.02606801
111,5,12,9,30,2,04大安區,大安區和平東路1段262號,0,0,1,2,C03,8,1,5,50,14,9,1,5,4,5,7,1,1,3,4,5,1,13,1,68,2,9,1,1,7,9,1,10,1,13,,44,16,1,22,9,121.5340947,25.02606801
111,5,12,9,38,2,03中山區,中山區民族西路花博公園停車場出入口對面,0,0,2,1,C03,7,1,5,50,14,9,1,5,4,5,7,4,4,1,4,5,2,12,1,58,2,9,1,1,7,8,1,10,2,12,,7,7,1,22,9,121.5203439,25.06851461
111,5,12,9,38,2,03中山區,中山區民族西路花博公園停車場出入口對面,0,0,2,2,C03,7,1,5,50,14,9,1,5,4,5,7,4,4,1,4,5,2,12,2,30,2,9,1,1,7,9,1,10,2,14,,13,7,1,22,9,121.5203439,25.06851461
111,5,12,9,50,2,05中正區,中正區重慶南路1段與愛國西路口,0,0,1,1,C03,8,1,5,50,4,1,1,5,4,5,7,1,1,9,4,1,2,17,1,26,3,10,1,4,7,8,1,10,1,13,,7,7,1,22,9,121.5125978,25.03528753
111,5,12,9,50,2,05中正區,中正區重慶南路1段與愛國西路口,0,0,1,2,C03,8,1,5,50,4,1,1,5,4,5,7,1,1,9,4,1,2,17,2,31,2,9,1,4,7,9,1,10,1,15,,44,7,1,22,9,121.5125978,25.03528753
111,5,12,10,45,2,04大安區,大安區信義路4段138號,0,0,1,1,C03,8,1,5,0,14,9,1,5,4,3,7,4,4,10,1,5,2,13,1,53,2,9,1,1,7,9,1,10,1,11,,23,23,1,22,9,121.5497803,25.03312308
111,5,12,10,45,2,04大安區,大安區信義路4段138號,0,0,1,2,B01,8,1,5,0,14,9,1,5,4,3,7,4,4,10,1,5,2,13,1,67,3,10,1,1,7,14,1,4,1,3,,42,23,1,22,9,121.5497803,25.03312308
111,5,12,10,45,2,04大安區,大安區信義路4段138號,0,0,1,3,B02,8,1,5,0,14,9,1,5,4,3,7,4,4,10,1,5,2,13,1,60,3,10,1,1,7,9,1,8,1,2,,44,23,1,22,9,121.5497803,25.03312308
111,5,12,11,50,2,12內湖區,內湖區江南街65巷與江南街71巷65弄口,0,0,3,1,F02,8,1,5,30,3,1,1,5,4,5,7,4,4,5,5,5,2,12,2,70,2,8,1,1,7,5,8,20,1,16,,8,8,1,22,9,121.5791376,25.07630946
111,5,12,11,50,2,12內湖區,內湖區江南街65巷與江南街71巷65弄口,0,0,3,2,C03,8,1,5,30,3,1,1,5,4,5,7,4,4,5,5,5,2,12,2,26,2,8,1,1,7,9,1,10,1,12,,44,8,1,22,9,121.5791376,25.07630946
111,5,12,11,50,2,12內湖區,內湖區江南街65巷與江南街71巷65弄口,0,0,3,3,H02,8,1,5,30,3,1,1,5,4,5,7,4,4,5,5,5,2,12,2,23,2,7,4,5,7,21,8,20,10,16,,67,8,1,22,9,121.5791376,25.07630946
111,5,12,12,5,2,12內湖區,內湖區金龍路與金龍路112巷口,0,0,2,1,C03,8,1,5,50,3,1,1,5,4,5,7,4,4,5,1,4,2,12,1,18,2,3,1,1,7,4,1,10,1,12,,26,26,1,22,9,121.5907119,25.08562034
111,5,12,12,5,2,12內湖區,內湖區金龍路與金龍路112巷口,0,0,2,2,B03,8,1,5,50,3,1,1,5,4,5,7,4,4,5,1,4,2,12,2,29,3,10,1,1,7,5,1,8,1,4,,44,26,1,22,9,121.5907119,25.08562034
111,5,12,12,5,2,12內湖區,內湖區金龍路與金龍路112巷口,0,0,2,3,H02,8,1,5,50,3,1,1,5,4,5,7,4,4,5,1,4,2,12,1,18,2,8,1,5,7,20,8,20,10,15,,67,26,1,22,9,121.5907119,25.08562034
111,5,12,12,11,2,07信義區,信義區忠孝東路4段與逸仙路口口,0,0,1,1,C03,8,1,5,50,3,2,1,5,4,5,7,2,1,1,4,5,2,17,1,25,3,10,3,4,7,6,1,10,1,12,,9,9,1,22,9,121.5615011,25.0411424
111,5,12,12,11,2,07信義區,信義區忠孝東路4段與逸仙路口口,0,0,1,2,C03,8,1,5,50,3,2,1,5,4,5,7,2,1,1,4,5,2,17,2,38,2,8,3,4,7,9,1,10,1,11,,44,9,1,22,9,121.5615011,25.0411424
111,5,12,12,13,2,04大安區,大安區和平東路3段與樂業街口,0,0,2,1,B03,8,1,5,50,5,2,1,5,4,5,7,4,4,8,3,5,1,12,2,44,3,10,1,1,7,14,1,8,1,4,,50,38,1,22,9,121.5499111,25.0244534
111,5,12,12,13,2,04大安區,大安區和平東路3段與樂業街口,0,0,2,2,C03,8,1,5,50,5,2,1,5,4,5,7,4,4,8,3,5,1,12,1,25,2,9,1,1,7,9,1,10,1,11,,23,38,1,22,9,121.5499111,25.0244534
111,5,12,12,13,2,04大安區,大安區和平東路3段與樂業街口,0,0,2,3,B03,8,1,5,50,5,2,1,5,4,5,7,4,4,8,3,5,1,12,1,42,3,10,1,1,7,7,1,8,1,7,,6,38,1,22,9,121.5499111,25.0244534
111,5,12,12,13,2,04大安區,大安區和平東路3段與樂業街口,0,0,2,4,H03,8,1,5,50,5,2,1,5,4,5,7,4,4,8,3,5,1,12,2,22,2,9,4,5,8,21,8,20,10,16,,67,38,1,22,9,121.5499111,25.0244534
111,5,12,12,20,2,01大同區,大同區延平北路2段266號,0,0,1,1,A02,8,1,5,50,14,9,1,5,4,5,7,4,4,5,4,5,2,9,1,49,3,10,1,1,7,1,1,2,1,15,,36,36,1,22,9,121.5113326,25.06138547
111,5,12,12,20,2,01大同區,大同區延平北路2段266號,0,0,1,2,H02,8,1,5,50,14,9,1,5,4,5,7,4,4,5,4,5,2,9,1,82,2,9,4,5,7,19,8,20,10,16,,67,36,1,22,9,121.5113326,25.06138547
111,5,12,12,20,2,03中山區,中山區松江路133巷與南京東路2段115巷口,0,0,2,1,C03,8,1,5,30,4,1,1,5,4,5,7,4,4,10,5,5,2,15,2,33,2,9,1,1,7,9,1,10,1,11,,6,6,1,22,9,121.533639,25.0543609
111,5,12,12,20,2,03中山區,中山區松江路133巷與南京東路2段115巷口,0,0,2,2,C03,8,1,5,30,4,1,1,5,4,5,7,4,4,10,5,5,2,15,2,50,2,9,1,1,7,9,1,10,1,12,,23,6,1,22,9,121.533639,25.0543609
111,5,12,12,23,2,02萬華區,萬華區康定路221號,0,0,2,1,H01,8,1,5,50,14,9,1,5,4,5,7,4,4,5,4,5,2,3,1,54,2,9,4,5,8,16,8,20,10,16,,51,51,1,22,9,121.5013189,25.03559319
111,5,12,12,23,2,02萬華區,萬華區康定路221號,0,0,2,2,C03,8,1,5,50,14,9,1,5,4,5,7,4,4,5,4,5,2,3,2,28,2,8,1,1,7,9,1,10,1,11,,44,51,1,22,9,121.5013189,25.03559319
111,5,12,12,40,2,10文山區,文山區羅斯福路4段與基隆路4段口,0,0,2,1,C03,8,1,5,50,4,1,1,5,4,5,7,1,1,1,4,5,2,13,2,25,2,7,1,4,7,9,1,10,1,11,,23,23,1,22,9,121.5370493,25.01092724
111,5,12,12,40,2,10文山區,文山區羅斯福路4段與基隆路4段口,0,0,2,2,C03,8,1,5,50,4,1,1,5,4,5,7,1,1,1,4,5,2,13,1,40,2,7,1,4,7,9,1,10,1,13,,44,23,1,22,9,121.5370493,25.01092724
111,5,12,13,43,2,11南港區,南港區研究院路2段12巷14弄與研究院路2段34巷口,0,0,2,1,C03,7,1,5,30,4,2,1,5,4,5,7,4,4,10,5,5,2,16,1,69,2,9,1,1,7,9,1,10,1,11,,6,6,1,22,9,121.6147102,25.0469639
111,5,12,13,43,2,11南港區,南港區研究院路2段12巷14弄與研究院路2段34巷口,0,0,2,2,B02,7,1,5,30,4,2,1,5,4,5,7,4,4,10,5,5,2,16,1,53,3,10,1,1,7,9,1,8,1,7,,44,6,1,22,9,121.6147102,25.0469639
111,5,12,13,43,2,11南港區,南港區研究院路2段12巷14弄與研究院路2段34巷口,0,0,2,3,H02,7,1,5,30,4,2,1,5,4,5,7,4,4,10,5,5,2,16,2,6,2,9,4,5,7,21,8,20,10,16,,67,6,1,22,9,121.6147102,25.0469639
111,5,12,13,55,2,01大同區,大同區鄭州路與塔城街口,0,0,1,2,C03,6,1,5,40,4,1,1,4,4,5,7,2,1,1,4,5,2,12,1,39,2,8,1,4,7,9,1,10,2,11,,44,7,1,22,9,121.5105351,25.05027832
111,5,12,13,55,2,01大同區,大同區鄭州路與塔城街口,0,0,1,1,C04,6,1,5,40,4,1,1,4,4,5,7,2,1,1,4,5,2,12,2,26,4,11,3,4,7,8,7,19,11,15,,7,7,2,22,9,121.5105351,25.05027832
111,5,12,14,14,2,09北投區,北投區大度路1段31號,0,0,1,1,B03,7,1,5,60,14,12,1,5,4,5,7,1,1,1,4,4,1,12,1,23,3,10,1,1,7,6,1,8,1,6,,9,9,1,22,9,121.4962562,25.12112162
111,5,12,14,14,2,09北投區,北投區大度路1段31號,0,0,1,2,C03,7,1,5,60,14,12,1,5,4,5,7,1,1,1,4,4,1,12,2,24,2,9,1,1,7,9,1,10,1,11,,44,9,1,22,9,121.4962562,25.12112162
111,5,12,14,27,2,06松山區,松山區復興北路461號,0,0,1,1,A12,6,1,5,50,4,1,1,4,4,5,7,1,1,1,4,4,2,16,2,46,3,10,1,4,7,5,1,8,1,2,,6,6,1,22,9,121.5443958,25.06425457
111,5,12,14,27,2,06松山區,松山區復興北路461號,0,0,1,2,C03,6,1,5,50,4,1,1,4,4,5,7,1,1,1,4,4,2,16,1,22,2,9,1,4,7,9,1,10,1,11,,23,6,1,22,9,121.5443958,25.06425457
111,5,12,14,46,2,05中正區,中正區博愛路與開封街1段口,0,0,1,1,B02,6,1,5,50,4,2,1,4,4,5,7,2,1,9,4,5,2,3,1,51,3,10,1,1,7,5,1,8,2,5,,15,15,1,22,9,121.5112186,25.0459717
111,5,12,14,46,2,05中正區,中正區博愛路與開封街1段口,0,0,1,2,H01,6,1,5,50,4,2,1,4,4,5,7,2,1,9,4,5,2,3,2,59,2,9,4,5,8,16,8,20,10,16,,67,15,1,22,9,121.5112186,25.0459717
111,5,12,14,53,2,04大安區,大安區忠孝東路3段與復興南路1段口,0,0,1,1,C03,6,1,5,50,14,9,1,4,4,5,7,4,4,8,3,5,1,18,1,21,2,9,1,1,7,12,1,10,1,14,,42,42,1,5,1,121.5436926,25.04191894
111,5,12,14,53,2,04大安區,大安區忠孝東路3段與復興南路1段口,0,0,1,2,,6,1,5,50,14,9,1,4,4,5,7,4,4,8,3,5,1,18,3,,,,,,,,,,,,,67,42,1,,,121.5436926,25.04191894
111,5,12,15,19,2,11南港區,南港區中南街與南港路1段口,0,0,1,1,C03,6,1,5,50,3,1,1,4,4,5,6,2,1,5,2,5,2,29,1,74,2,9,1,4,7,5,1,10,9,12,,23,23,1,22,9,121.6153757,25.05527202
111,5,12,15,19,2,11南港區,南港區中南街與南港路1段口,0,0,1,2,,6,1,5,50,3,1,1,4,4,5,6,2,1,5,2,5,2,29,3,,,,,,,,,,,,,67,23,1,,,121.6153757,25.05527202
111,5,12,15,37,2,03中山區,中山區長春路與中原街口,0,0,1,1,B03,6,1,5,50,3,1,1,4,4,5,7,3,1,5,5,4,2,17,1,79,3,10,3,4,7,5,1,8,1,8,,23,23,1,22,9,121.5288382,25.05494663
111,5,12,15,37,2,03中山區,中山區長春路與中原街口,0,0,1,2,C03,6,1,5,50,3,1,1,4,4,5,7,3,1,5,5,4,2,17,2,45,2,8,1,1,7,14,1,10,1,14,,44,23,1,22,9,121.5288382,25.05494663
111,5,12,15,50,2,12內湖區,內湖區民權東路6段與瑞光路口,0,0,1,1,B03,6,1,8,0,4,1,1,4,4,5,7,1,1,1,4,5,2,16,1,25,3,10,1,1,7,5,3,18,1,5,,6,6,1,22,9,121.5844398,25.06875501
111,5,12,15,50,2,12內湖區,內湖區民權東路6段與瑞光路口,0,0,1,2,C03,6,1,8,0,4,1,1,4,4,5,7,1,1,1,4,5,2,16,1,39,2,8,1,1,7,9,1,10,1,11,,44,6,1,22,9,121.5844398,25.06875501
111,5,12,16,25,2,05中正區,中正區金山南路1段82號,0,0,1,1,B01,6,1,5,50,14,9,1,4,4,5,7,4,4,1,4,5,2,17,1,49,4,11,3,4,7,10,7,19,11,15,,7,7,2,22,9,121.5276301,25.0362014
111,5,12,16,25,2,05中正區,中正區金山南路1段82號,0,0,1,2,C03,6,1,5,50,14,9,1,4,4,5,7,4,4,1,4,5,2,17,2,20,2,9,1,1,7,9,1,10,2,14,,44,7,1,22,9,121.5276301,25.0362014
111,5,12,16,51,2,12內湖區,內湖區民權東路6段26號,0,0,2,1,C03,6,1,5,50,14,9,1,4,4,5,7,4,4,1,4,5,2,12,1,71,2,9,1,1,7,4,1,10,1,11,,23,23,1,22,9,121.5793324,25.06684468
111,5,12,16,51,2,12內湖區,內湖區民權東路6段26號,0,0,2,2,C03,6,1,5,50,14,9,1,4,4,5,7,4,4,1,4,5,2,12,1,71,2,9,1,1,7,10,1,10,1,13,,27,23,1,22,9,121.5793324,25.06684468
111,5,12,16,51,2,12內湖區,內湖區民權東路6段26號,0,0,2,3,A05,6,1,5,50,14,9,1,4,4,5,7,4,4,1,4,5,2,12,1,49,3,10,1,1,7,9,1,1,1,6,,44,23,1,22,9,121.5793324,25.06684468
111,5,12,17,21,2,10文山區,文山區興隆路3段115巷與興隆路3段115巷口萬芳醫院停車場出口,0,0,1,1,B03,6,1,5,30,14,9,1,4,4,5,7,4,4,10,5,5,2,16,2,23,3,10,1,1,7,1,1,8,1,8,,19,19,1,22,9,121.5582674,24.99928052
111,5,12,17,21,2,10文山區,文山區興隆路3段115巷與興隆路3段115巷口萬芳醫院停車場出口,0,0,1,2,C03,6,1,5,30,14,9,1,4,4,5,7,4,4,10,5,5,2,16,2,42,2,9,1,1,7,9,4,11,1,15,,44,19,1,22,9,121.5582674,24.99928052
111,5,12,17,35,2,07信義區,信義區忠孝東路4段553巷46弄與忠孝東路4段553巷52弄口,0,0,2,1,C03,6,1,5,30,4,1,1,4,4,5,7,4,4,10,5,5,2,15,2,35,2,8,1,1,7,9,1,10,1,12,,6,6,1,22,9,121.5637106,25.04419743
111,5,12,17,35,2,07信義區,信義區忠孝東路4段553巷46弄與忠孝東路4段553巷52弄口,0,0,2,2,C03,6,1,5,30,4,1,1,4,4,5,7,4,4,10,5,5,2,15,2,51,2,8,1,1,7,9,1,10,1,14,,14,6,1,22,9,121.5637106,25.04419743
111,5,12,17,37,2,03中山區,中山區林森北路500號,0,0,1,1,B03,6,3,5,50,14,9,1,4,4,5,7,1,1,5,5,5,2,12,1,30,3,10,1,1,7,14,1,8,1,4,,40,40,1,22,9,121.5254316,25.0618376
111,5,12,17,37,2,03中山區,中山區林森北路500號,0,0,1,2,C03,6,3,5,50,14,9,1,4,4,5,7,1,1,5,5,5,2,12,1,29,2,9,1,1,7,9,1,10,1,12,,44,40,1,22,9,121.5254316,25.0618376
111,5,12,18,10,2,04大安區,大安區和平東路2段122號,0,0,1,1,B01,1,3,5,0,14,9,1,4,4,5,7,1,1,3,4,5,1,13,1,68,4,11,3,4,7,15,7,19,11,15,,44,44,2,22,9,121.54298,25.02489691
111,5,12,18,10,2,04大安區,大安區和平東路2段122號,0,0,1,2,C03,1,3,5,0,14,9,1,4,4,5,7,1,1,3,4,5,1,13,2,43,2,9,1,1,7,10,1,10,1,13,,7,44,1,22,9,121.54298,25.02489691
111,5,12,18,28,2,04大安區,大安區羅斯福路3段261號,0,0,1,1,B01,6,3,5,50,14,9,1,4,4,5,7,4,4,8,3,5,2,12,1,67,3,10,1,1,7,8,1,8,1,3,,7,7,1,22,9,121.5302903,25.01882985
111,5,12,18,28,2,04大安區,大安區羅斯福路3段261號,0,0,1,2,C03,6,3,5,50,14,9,1,4,4,5,7,4,4,8,3,5,2,12,1,32,2,8,1,1,7,9,1,10,1,11,,23,7,1,22,9,121.5302903,25.01882985
111,5,12,18,35,2,12內湖區,內湖區康寧路3段與康寧路3段75巷口口,0,0,1,1,A02,6,3,5,50,3,1,1,4,4,5,7,2,1,1,4,5,2,12,1,35,4,11,3,4,7,15,7,19,11,15,,42,42,2,22,9,121.6088291,25.07192452
111,5,12,18,35,2,12內湖區,內湖區康寧路3段與康寧路3段75巷口口,0,0,1,2,C03,6,3,5,50,3,1,1,4,4,5,7,2,1,1,4,5,2,12,1,40,2,8,1,1,7,8,1,10,1,12,,7,42,1,22,9,121.6088291,25.07192452
111,5,12,18,43,2,07信義區,信義區松仁路190號,0,0,1,1,B03,1,3,5,40,14,8,1,4,4,5,7,4,4,8,3,4,1,17,1,74,3,10,3,4,7,11,1,8,1,15,,10,10,1,22,9,121.5683147,25.02767856
111,5,12,18,43,2,07信義區,信義區松仁路190號,0,0,1,2,C03,1,3,5,40,14,8,1,4,4,5,7,4,4,8,3,4,1,17,1,66,2,9,1,1,7,9,1,10,1,15,,23,10,1,22,9,121.5683147,25.02767856