發生年度,發生月,發生日,發生時-Hours,發生分,處理別-編號,區序,肇事地點,死亡人數,2-30日死亡人數,受傷人數,當事人序號,車種,天候,光線,道路類別,速限-速度限制,道路型態,事故位置,路面狀況1,路面狀況2,路面狀況3,道路障礙1,道路障礙2,號誌1,號誌2,車道劃分-分向,車道劃分-分道1,車道劃分-分道2,車道劃分-分道3,事故類型及型態,性別,年齡,受傷程度,主要傷處,安全帽,行動電話,車輛用途,當事者行動狀態,駕駛資格情形,駕駛執照種類,飲酒情形,車輛撞擊部位1,車輛撞擊部位2,肇因碼-個別,肇因碼-主要,個人肇逃否,職業,旅次目的,座標-X,座標-Y
111,5,12,18,43,2,07信義區,信義區松仁路190號,0,0,1,3,C03,1,3,5,40,14,8,1,4,4,5,7,4,4,8,3,4,1,17,1,35,3,10,3,4,7,13,1,10,9,12,,44,10,1,22,9,121.5683147,25.02767856
111,5,12,18,48,2,08士林區,士林區福林路東往西013燈桿旁,0,0,2,1,C03,6,3,5,50,14,9,1,4,4,5,7,4,4,5,4,5,2,13,1,52,2,9,3,4,7,9,1,10,1,11,,16,16,1,22,9,121.5320661,25.09634205
111,5,12,18,48,2,08士林區,士林區福林路東往西013燈桿旁,0,0,2,2,C03,6,3,5,50,14,9,1,4,4,5,7,4,4,5,4,5,2,13,1,26,2,6,3,4,7,15,1,10,1,15,,44,16,1,22,9,121.5320661,25.09634205
111,5,12,19,0,2,12內湖區,內湖區瑞光路393巷北向南,0,0,1,1,B03,6,3,5,50,14,9,1,4,4,5,7,4,4,5,4,5,2,11,2,62,3,10,1,1,7,5,5,8,1,8,,8,8,1,22,9,121.57332,25.07864262
111,5,12,19,0,2,12內湖區,內湖區瑞光路393巷北向南,0,0,1,2,C03,6,3,5,50,14,9,1,4,4,5,7,4,4,5,4,5,2,11,2,47,2,9,1,1,7,9,1,10,1,11,,44,8,1,22,9,121.57332,25.07864262
111,5,12,19,38,2,10文山區,文山區興隆路4段與下崙路口,0,0,2,1,C03,6,1,5,50,4,1,1,4,4,5,7,1,1,1,4,5,2,16,1,57,2,9,1,1,7,6,1,10,1,12,,9,9,1,22,9,121.5609003,24.98656379
111,5,12,19,38,2,10文山區,文山區興隆路4段與下崙路口,0,0,2,2,C03,6,1,5,50,4,1,1,4,4,5,7,1,1,1,4,5,2,16,1,18,2,9,1,1,7,9,1,10,1,11,,23,9,1,22,9,121.5609003,24.98656379
111,5,12,19,56,2,06松山區,松山區塔悠路與松信路口,0,0,1,1,C03,6,3,5,50,4,1,1,4,4,5,7,1,1,1,4,5,2,12,1,46,2,9,1,1,7,5,1,10,2,14,,26,26,1,22,9,121.5722125,25.0498088
111,5,12,19,56,2,06松山區,松山區塔悠路與松信路口,0,0,1,2,B03,6,3,5,50,4,1,1,4,4,5,7,1,1,1,4,5,2,12,1,58,3,10,3,4,7,9,1,8,2,2,,44,26,1,22,9,121.5722125,25.0498088
111,5,12,20,31,2,02萬華區,萬華區漢口街2段與漢中街口,0,0,1,1,C04,6,3,5,50,4,2,1,4,4,5,7,3,1,10,4,5,2,16,1,32,2,9,1,1,7,5,1,10,1,12,,6,6,1,22,9,121.5080843,25.04540211
111,5,12,20,31,2,02萬華區,萬華區漢口街2段與漢中街口,0,0,1,2,B03,6,3,5,50,4,2,1,4,4,5,7,3,1,10,4,5,2,16,1,28,3,10,1,1,7,9,1,8,1,4,,23,6,1,22,9,121.5080843,25.04540211
111,5,12,21,38,2,12內湖區,內湖區環東大道往南港方向,0,0,1,1,C02,8,3,5,60,10,9,1,4,4,5,7,4,4,10,4,5,1,18,1,31,2,9,1,1,7,9,1,9,1,14,,23,23,1,22,9,121.591169,25.06091437
111,5,12,21,38,2,12內湖區,內湖區環東大道往南港方向,0,0,1,2,,8,3,5,60,10,9,1,4,4,5,7,4,4,10,4,5,1,18,3,,,,,,,,,,,,,67,23,1,,,121.591169,25.06091437
111,5,12,21,58,2,12內湖區,內湖區金湖路與金湖路347巷口,0,0,1,1,C03,6,3,5,50,4,1,1,4,4,5,7,2,1,3,4,5,2,13,1,22,2,9,1,1,7,9,1,10,1,15,,13,13,1,22,9,121.6018552,25.07409492
111,5,12,21,58,2,12內湖區,內湖區金湖路與金湖路347巷口,0,0,1,2,B03,6,3,5,50,4,1,1,4,4,5,7,2,1,3,4,5,2,13,1,30,3,10,1,1,7,11,1,8,1,7,,44,13,1,22,9,121.6018552,25.07409492
111,5,12,21,59,2,04大安區,大安區通化街與通化街19巷口,0,0,1,1,B01,6,3,5,50,4,1,1,4,4,5,7,4,4,8,3,5,2,17,1,62,3,10,1,1,7,11,1,8,1,5,,10,10,1,22,9,121.5542722,25.0316817
111,5,12,21,59,2,04大安區,大安區通化街與通化街19巷口,0,0,1,2,F01,6,3,5,50,4,1,1,4,4,5,7,4,4,8,3,5,2,17,2,58,2,8,1,1,7,11,8,20,1,16,,11,10,1,22,9,121.5542722,25.0316817
111,5,12,23,3,2,01大同區,大同區延平北路3段與昌吉街口,0,0,1,1,B03,6,3,5,50,4,1,1,4,4,5,7,1,1,9,4,5,2,11,1,23,3,10,1,1,7,5,1,8,1,5,,23,23,1,22,9,121.5111102,25.06595756
111,5,12,23,3,2,01大同區,大同區延平北路3段與昌吉街口,0,0,1,2,F01,6,3,5,50,4,1,1,4,4,5,7,1,1,9,4,5,2,11,2,53,2,9,1,1,7,15,8,20,1,16,,26,23,1,22,9,121.5111102,25.06595756
111,5,13,0,55,2,12內湖區,內湖區安康路93巷與永保街口,0,0,1,2,C03,6,3,5,30,3,1,1,4,4,5,7,4,4,9,4,5,1,17,1,20,2,9,1,1,7,9,1,10,1,11,,13,6,1,22,9,121.5971893,25.06324722
111,5,13,0,55,2,12內湖區,內湖區安康路93巷與永保街口,0,0,1,1,B03,6,3,5,30,3,1,1,4,4,5,7,4,4,9,4,5,1,17,1,20,3,10,1,1,7,5,1,8,1,8,,6,6,1,22,9,121.5971893,25.06324722
111,5,13,0,59,2,08士林區,士林區忠誠路1段138號,0,0,2,1,B03,6,3,5,0,14,9,1,4,4,5,7,4,4,1,4,5,2,17,1,32,2,5,1,1,7,1,3,18,2,3,,19,19,1,22,9,121.5293024,25.10613742
111,5,13,0,59,2,08士林區,士林區忠誠路1段138號,0,0,2,2,C03,6,3,5,0,14,9,1,4,4,5,7,4,4,1,4,5,2,17,1,21,2,8,1,1,7,9,1,10,2,11,,23,19,1,22,9,121.5293024,25.10613742
111,5,13,2,30,2,01大同區,大同區承德路3段與敦煌路口,0,0,1,1,B01,6,3,5,50,4,2,1,4,4,5,7,2,1,1,4,4,2,16,1,46,3,10,1,1,7,9,1,4,1,8,,13,13,1,22,9,121.5200173,25.07533955
111,5,13,2,30,2,01大同區,大同區承德路3段與敦煌路口,0,0,1,2,B03,6,3,5,50,4,2,1,4,4,5,7,2,1,1,4,4,2,16,1,31,2,9,1,1,7,6,1,8,1,5,,25,13,1,22,9,121.5200173,25.07533955
111,5,13,3,58,2,01大同區,大同區民權西路225巷(近路燈057),0,0,2,1,C03,6,3,5,30,3,2,1,4,4,5,7,4,4,10,5,5,2,3,1,41,2,9,1,1,7,9,6,18,1,11,,23,23,1,22,9,121.5121519,25.06376735
111,5,13,3,58,2,01大同區,大同區民權西路225巷(近路燈057),0,0,2,2,H01,6,3,5,30,3,2,1,4,4,5,7,4,4,10,5,5,2,3,2,79,2,9,4,5,8,16,8,20,10,16,,51,23,1,22,9,121.5121519,25.06376735
111,5,13,5,58,2,12內湖區,內湖區成功路2段與成功路2段317巷口,0,0,1,1,B03,6,1,5,50,3,2,1,4,4,5,7,4,4,3,4,5,2,13,1,30,4,11,3,4,7,10,7,19,11,15,,7,7,2,22,9,121.5905377,25.06995069
111,5,13,5,58,2,12內湖區,內湖區成功路2段與成功路2段317巷口,0,0,1,2,B01,6,1,5,50,3,2,1,4,4,5,7,4,4,3,4,5,2,13,1,43,2,9,1,1,7,9,1,4,1,2,,44,7,1,22,9,121.5905377,25.06995069
111,5,13,6,23,2,11南港區,南港區環東大道東往西(南湖大橋上方),0,0,2,1,B03,6,1,5,80,10,7,1,4,4,5,7,4,4,6,1,5,1,13,1,46,2,8,1,1,7,9,1,8,1,1,,42,42,1,22,9,121.6126606,25.0629538
111,5,13,6,23,2,11南港區,南港區環東大道東往西(南湖大橋上方),0,0,2,2,B12,6,1,5,80,10,7,1,4,4,5,7,4,4,6,1,5,1,13,1,47,2,8,1,1,7,9,1,8,1,1,,23,42,1,22,9,121.6126606,25.0629538
111,5,13,6,23,2,11南港區,南港區環東大道東往西(南湖大橋上方),0,0,2,3,B12,6,1,5,80,10,7,1,4,4,5,7,4,4,6,1,5,1,13,1,43,3,10,1,1,7,9,1,8,1,3,,44,42,1,22,9,121.6126606,25.0629538
111,5,13,6,30,2,12內湖區,內湖區大湖街(往五指山上山方向),0,0,1,1,C03,6,1,5,30,11,9,1,4,4,5,7,4,4,10,5,5,2,17,2,70,2,9,1,1,7,15,3,18,1,12,,5,5,1,22,9,121.6077811,25.10360996
111,5,13,6,30,2,12內湖區,內湖區大湖街(往五指山上山方向),0,0,1,2,B03,6,1,5,30,11,9,1,4,4,5,7,4,4,10,5,5,2,17,1,32,3,10,1,3,7,15,1,8,1,8,,5,5,1,22,9,121.6077811,25.10360996
111,5,13,7,45,2,11南港區,南港區忠孝東路7段與研究院路1段口,0,0,1,1,F02,6,1,5,50,3,1,1,4,4,5,7,1,1,1,3,5,2,12,2,59,2,8,1,1,7,9,8,20,1,15,,25,25,1,22,9,121.6163381,25.05313849
111,5,13,7,45,2,11南港區,南港區忠孝東路7段與研究院路1段口,0,0,1,2,B11,6,1,5,50,3,1,1,4,4,5,7,1,1,1,3,5,2,12,1,41,3,10,1,1,7,9,1,8,2,1,,44,25,1,22,9,121.6163381,25.05313849
111,5,13,7,48,2,06松山區,松山區八德路2段366巷35號,0,0,1,1,B02,8,1,5,30,14,9,1,5,4,5,7,4,4,10,5,5,2,16,1,27,3,10,1,1,7,7,1,8,1,4,,7,7,1,22,9,121.5459992,25.04667587
111,5,13,7,48,2,06松山區,松山區八德路2段366巷35號,0,0,1,2,C03,8,1,5,30,14,9,1,5,4,5,7,4,4,10,5,5,2,16,2,46,2,9,1,1,7,9,1,10,1,12,,23,7,1,22,9,121.5459992,25.04667587
111,5,13,7,50,2,08士林區,士林區華齡街與劍潭路口,0,0,1,1,C03,8,1,5,30,4,1,1,5,4,5,7,4,4,5,5,5,1,17,1,69,2,8,1,1,7,5,1,10,2,12,,6,6,1,22,9,121.5195112,25.08238616
111,5,13,7,50,2,08士林區,士林區華齡街與劍潭路口,0,0,1,2,B03,8,1,5,30,4,1,1,5,4,5,7,4,4,5,5,5,1,17,1,39,3,10,1,1,7,9,1,8,2,8,,23,6,1,22,9,121.5195112,25.08238616
111,5,13,8,10,2,10文山區,文山區興隆路3段與興德路口,0,0,1,1,C03,8,1,5,50,3,1,1,5,4,5,7,3,1,3,4,5,2,12,1,34,3,10,1,1,7,7,1,10,2,14,,7,7,1,22,9,121.5551673,25.00066572
111,5,13,8,10,2,10文山區,文山區興隆路3段與興德路口,0,0,1,2,C03,8,1,5,50,3,1,1,5,4,5,7,3,1,3,4,5,2,12,2,40,2,9,1,1,7,9,1,10,2,12,,44,7,1,22,9,121.5551673,25.00066572
111,5,13,8,13,2,08士林區,士林區仰德大道4段174巷與仰德大道4段口,0,0,2,2,C03,8,1,5,40,3,2,1,5,4,5,7,4,4,8,3,5,1,16,2,26,2,9,3,4,7,9,1,10,1,11,,13,8,1,22,9,121.5459712,25.13506486
111,5,13,8,13,2,08士林區,士林區仰德大道4段174巷與仰德大道4段口,0,0,2,1,C03,8,1,5,40,3,2,1,5,4,5,7,4,4,8,3,5,1,16,1,66,2,9,3,4,7,5,1,10,1,14,,8,8,1,22,9,121.5459712,25.13506486
111,5,13,8,16,2,04大安區,大安區辛亥路2段與復興南路2段口,0,0,1,1,B12,8,1,5,50,4,1,1,5,4,5,7,1,1,10,4,5,2,17,1,32,3,10,1,1,7,9,6,18,1,5,,17,17,1,22,9,121.5432952,25.02142717
111,5,13,8,16,2,04大安區,大安區辛亥路2段與復興南路2段口,0,0,1,2,C03,8,1,5,50,4,1,1,5,4,5,7,1,1,10,4,5,2,17,2,31,2,9,1,1,7,15,1,10,1,13,,44,17,1,22,9,121.5432952,25.02142717
111,5,13,8,20,2,08士林區,士林區格致路210號,0,0,2,1,C03,7,1,5,40,14,9,1,5,4,5,7,3,1,5,5,5,1,12,1,21,2,8,1,1,7,6,1,10,9,12,,9,9,1,22,9,121.5495659,25.1425589
111,5,13,8,20,2,08士林區,士林區格致路210號,0,0,2,2,C03,7,1,5,40,14,9,1,5,4,5,7,3,1,5,5,5,1,12,2,35,2,7,1,1,7,9,1,10,9,11,,44,9,1,22,9,121.5495659,25.1425589
111,5,13,8,20,2,08士林區,士林區格致路210號,0,0,2,3,C03,7,1,5,40,14,9,1,5,4,5,7,3,1,5,5,5,1,12,2,20,3,10,3,1,7,13,1,10,9,13,,42,9,1,22,9,121.5495659,25.1425589
111,5,13,8,25,2,10文山區,文山區興隆路4段與興隆路口側附近4段213巷口,0,0,1,1,B12,8,1,5,50,4,1,1,5,4,5,7,1,1,1,4,5,2,11,1,48,3,10,1,1,7,9,6,18,2,1,,25,25,1,22,9,121.562306,24.9826489
111,5,13,8,25,2,10文山區,文山區興隆路4段與興隆路口側附近4段213巷口,0,0,1,2,C03,8,1,5,50,4,1,1,5,4,5,7,1,1,1,4,5,2,11,1,66,2,9,1,1,7,9,1,10,9,12,,44,25,1,22,9,121.562306,24.9826489
111,5,13,8,25,2,10文山區,文山區興隆路4段與興隆路口側附近4段213巷口,0,0,1,3,C03,8,1,5,50,4,1,1,5,4,5,7,1,1,1,4,5,2,11,1,54,3,10,1,1,7,13,1,10,9,14,,50,25,1,22,9,121.562306,24.9826489
111,5,13,8,25,2,10文山區,文山區興隆路4段與興隆路口側附近4段213巷口,0,0,1,4,,8,1,5,50,4,1,1,5,4,5,7,1,1,1,4,5,2,11,3,,,,,,,,,,,,,67,25,1,,,121.562306,24.9826489
111,5,13,8,56,2,04大安區,大安區仁愛路3段與建國南路1段口,0,0,1,1,B03,6,1,5,50,4,1,1,4,4,5,7,1,1,1,4,5,2,15,1,68,3,10,1,1,7,9,1,8,2,7,,25,25,1,22,9,121.5381042,25.0381171
111,5,13,8,56,2,04大安區,大安區仁愛路3段與建國南路1段口,0,0,1,2,C03,6,1,5,50,4,1,1,4,4,5,7,1,1,1,4,5,2,15,2,50,2,1,1,1,7,9,1,10,2,11,,44,25,1,22,9,121.5381042,25.0381171
111,5,13,9,0,2,06松山區,松山區南京東路5段291巷5弄與南京東路5段291巷口,0,0,1,1,F01,8,1,5,30,4,1,1,5,4,5,7,4,4,10,5,5,2,16,2,58,3,10,1,1,7,7,8,20,1,16,,7,7,1,22,9,121.5661628,25.05196281
111,5,13,9,0,2,06松山區,松山區南京東路5段291巷5弄與南京東路5段291巷口,0,0,1,2,F01,8,1,5,30,4,1,1,5,4,5,7,4,4,10,5,5,2,16,1,78,2,9,1,1,7,9,8,20,1,16,,44,7,1,22,9,121.5661628,25.05196281
111,5,13,9,8,2,06松山區,松山區中坡北路與松河街口,0,0,1,1,B03,8,1,5,40,3,1,1,5,4,5,7,1,1,5,5,5,2,16,1,40,3,10,1,1,7,5,1,8,1,1,,6,6,1,22,9,121.5798723,25.05211582
111,5,13,9,8,2,06松山區,松山區中坡北路與松河街口,0,0,1,2,C03,8,1,5,40,3,1,1,5,4,5,7,1,1,5,5,5,2,16,1,28,2,8,1,1,7,9,1,10,1,11,,44,6,1,22,9,121.5798723,25.05211582
111,5,13,9,20,2,03中山區,中山區南京東路2段與建國北路2段口,0,0,1,1,C03,8,1,5,50,4,2,1,5,4,5,7,1,1,10,4,5,2,12,1,46,2,7,1,1,7,6,6,9,1,12,,9,9,1,22,9,121.5365521,25.05210249
111,5,13,9,20,2,03中山區,中山區南京東路2段與建國北路2段口,0,0,1,2,C03,8,1,5,50,4,2,1,5,4,5,7,1,1,10,4,5,2,12,1,38,3,10,1,1,7,9,1,10,1,14,,44,9,1,22,9,121.5365521,25.05210249
111,5,13,9,30,2,03中山區,中山區通北街65巷與通北街62巷2弄口,0,0,1,1,B03,8,1,5,50,3,1,1,5,4,5,7,4,4,9,4,5,2,3,1,54,3,10,3,4,7,5,1,8,1,4,,15,15,1,22,9,121.5398625,25.0831499
111,5,13,9,30,2,03中山區,中山區通北街65巷與通北街62巷2弄口,0,0,1,2,H01,8,1,5,50,3,1,1,5,4,5,7,4,4,9,4,5,2,3,1,75,2,7,4,5,8,16,8,20,10,16,,67,15,1,22,9,121.5398625,25.0831499
111,5,13,9,50,2,12內湖區,內湖區環山路1段與環山路1段24巷口,0,0,1,1,C03,8,1,5,30,4,1,1,5,4,5,7,2,1,9,4,5,2,15,2,36,2,9,1,1,7,9,1,10,2,13,,25,25,1,22,9,121.56548,25.08457729
111,5,13,9,50,2,12內湖區,內湖區環山路1段與環山路1段24巷口,0,0,1,2,B03,8,1,5,30,4,1,1,5,4,5,7,2,1,9,4,5,2,15,1,70,3,10,3,4,7,9,1,8,2,1,,14,25,1,22,9,121.56548,25.08457729
111,5,13,10,0,2,07信義區,信義區吳興街156巷65弄5號,0,0,1,1,C03,8,1,5,50,14,9,1,5,4,5,7,4,4,9,4,5,2,12,1,69,2,7,1,1,7,8,1,10,1,12,,7,7,1,22,8,121.558819,25.0278664
111,5,13,10,0,2,07信義區,信義區吳興街156巷65弄5號,0,0,1,2,B12,8,1,5,50,14,9,1,5,4,5,7,4,4,9,4,5,2,12,2,49,3,10,1,1,7,9,1,8,1,4,,44,7,1,22,8,121.558819,25.0278664
111,5,13,10,0,2,07信義區,信義區莊敬路與莊敬路289巷口,0,0,1,1,B02,8,1,5,40,4,2,1,5,4,5,7,2,1,5,4,4,2,17,1,49,3,10,1,1,7,15,1,8,1,8,,42,42,1,22,9,121.5629422,25.0286504
111,5,13,10,0,2,07信義區,信義區莊敬路與莊敬路289巷口,0,0,1,2,C03,8,1,5,40,4,2,1,5,4,5,7,2,1,5,4,4,2,17,1,66,2,8,1,1,7,14,1,10,1,12,,44,42,1,22,9,121.5629422,25.0286504
111,5,13,10,20,2,12內湖區,內湖區大湖山莊街170號,0,0,1,1,C03,7,1,5,30,14,9,1,5,4,5,7,4,4,5,5,5,2,17,1,57,2,9,1,1,7,1,1,10,1,12,,19,19,1,22,9,121.6013202,25.08766476
111,5,13,10,20,2,12內湖區,內湖區大湖山莊街170號,0,0,1,2,B03,7,1,5,30,14,9,1,5,4,5,7,4,4,5,5,5,2,17,1,51,3,10,1,1,7,11,1,8,1,15,,10,19,1,22,9,121.6013202,25.08766476
111,5,13,10,28,2,07信義區,信義區永吉路與松山路口口,0,0,2,1,B02,8,1,5,50,4,2,1,5,4,5,7,1,1,1,4,5,2,17,1,62,3,10,3,4,7,5,1,8,2,2,,8,8,1,22,9,121.577821,25.04543525
111,5,13,10,28,2,07信義區,信義區永吉路與松山路口口,0,0,2,2,B03,8,1,5,50,4,2,1,5,4,5,7,1,1,1,4,5,2,17,1,48,2,9,3,4,7,9,1,8,2,1,,13,8,1,22,9,121.577821,25.04543525
111,5,13,10,28,2,07信義區,信義區永吉路與松山路口口,0,0,2,3,H02,8,1,5,50,4,2,1,5,4,5,7,1,1,1,4,5,2,17,2,48,2,9,3,4,7,20,8,20,10,16,,67,8,1,22,9,121.577821,25.04543525
111,5,13,10,37,2,01大同區,大同區民權西路與延平北路2段口,0,0,3,1,C03,7,1,5,40,4,1,1,5,4,5,7,1,1,1,4,5,2,17,1,79,2,9,1,1,7,6,6,18,2,12,,25,25,1,22,9,121.5111805,25.06279114
111,5,13,10,37,2,01大同區,大同區民權西路與延平北路2段口,0,0,3,2,C03,7,1,5,40,4,1,1,5,4,5,7,1,1,1,4,5,2,17,1,33,2,9,1,1,7,9,1,10,2,11,,13,25,1,22,9,121.5111805,25.06279114
111,5,13,10,37,2,01大同區,大同區民權西路與延平北路2段口,0,0,3,3,H02,7,1,5,40,4,1,1,5,4,5,7,1,1,1,4,5,2,17,2,73,2,9,4,5,7,20,8,20,10,16,,67,25,1,22,9,121.5111805,25.06279114
111,5,13,10,50,2,03中山區,中山區新生北路2段137巷13號,0,0,1,1,B03,6,1,5,30,14,9,1,4,4,5,7,4,4,10,5,5,2,14,1,43,3,10,1,1,7,2,1,8,1,3,,12,12,1,22,9,121.5281466,25.06128688
111,5,13,10,50,2,03中山區,中山區新生北路2段137巷13號,0,0,1,2,C03,6,1,5,30,14,9,1,4,4,5,7,4,4,10,5,5,2,14,1,26,2,9,1,1,7,9,1,10,1,11,,44,12,1,22,9,121.5281466,25.06128688
111,5,13,10,50,2,03中山區,中山區新生北路2段137巷13號,0,0,1,3,C03,6,1,5,30,14,9,1,4,4,5,7,4,4,10,5,5,2,14,2,28,3,10,1,1,7,13,1,10,1,13,,44,12,1,22,9,121.5281466,25.06128688
111,5,13,10,50,2,03中山區,中山區新生北路2段137巷13號,0,0,1,4,C03,6,1,5,30,14,9,1,4,4,5,7,4,4,10,5,5,2,14,1,51,3,10,1,1,7,13,1,10,1,12,,44,12,1,22,9,121.5281466,25.06128688
111,5,13,11,9,2,06松山區,松山區民權東路3段與敦化北路口,0,1,0,1,F01,7,1,5,50,4,1,1,5,4,5,7,2,1,9,4,3,2,17,1,83,5,9,1,1,7,9,8,20,2,16,,42,42,1,22,9,121.5508622,25.06158612
111,5,13,11,9,2,06松山區,松山區民權東路3段與敦化北路口,0,1,0,2,A04,7,1,5,50,4,1,1,5,4,5,7,2,1,9,4,3,2,17,1,38,3,10,1,1,7,5,1,2,2,1,,23,42,1,22,9,121.5508622,25.06158612
111,5,13,11,32,2,05中正區,中正區中華路1段與長沙街1段口,0,0,3,1,C03,7,1,5,50,4,2,1,5,4,5,7,1,1,2,1,1,2,16,2,21,2,9,1,1,7,8,1,10,2,12,,7,7,1,22,9,121.5080536,25.04044883
111,5,13,11,32,2,05中正區,中正區中華路1段與長沙街1段口,0,0,3,2,C03,7,1,5,50,4,2,1,5,4,5,7,1,1,2,1,1,2,16,2,26,2,9,1,1,7,9,1,10,2,12,,44,7,1,22,9,121.5080536,25.04044883
111,5,13,11,32,2,05中正區,中正區中華路1段與長沙街1段口,0,0,3,3,H02,7,1,5,50,4,2,1,5,4,5,7,1,1,2,1,1,2,16,2,57,2,9,1,5,7,20,8,20,10,16,,67,7,1,22,9,121.5080536,25.04044883
111,5,13,11,35,2,03中山區,中山區林森北路474號與林森北路口,0,0,1,1,B03,8,1,5,50,3,1,1,5,4,5,7,4,4,9,4,5,2,12,1,33,3,10,1,1,7,5,1,8,1,4,,8,8,1,5,5,121.5255952,25.06119149
111,5,13,11,35,2,03中山區,中山區林森北路474號與林森北路口,0,0,1,2,C03,8,1,5,50,3,1,1,5,4,5,7,4,4,9,4,5,2,12,1,38,2,9,1,1,7,9,1,10,1,12,,44,8,1,5,4,121.5255952,25.06119149
111,5,13,11,55,2,01大同區,大同區赤峰街與承德路2段53巷口,0,0,2,1,C03,7,2,5,30,4,1,1,5,4,5,7,4,4,10,5,5,2,15,1,44,2,9,1,1,7,9,3,18,1,12,,6,6,1,22,9,121.5196133,25.0553053
111,5,13,11,55,2,01大同區,大同區赤峰街與承德路2段53巷口,0,0,2,2,C03,7,2,5,30,4,1,1,5,4,5,7,4,4,10,5,5,2,15,2,42,2,9,1,1,7,9,1,10,1,11,,6,6,1,22,9,121.5196133,25.0553053
111,5,13,12,25,2,03中山區,中山區新生北路2段與林森北路259巷口,0,0,2,1,B03,7,1,5,50,3,2,1,5,4,5,7,4,4,1,4,5,2,16,1,36,3,10,3,4,7,6,1,8,1,5,,9,9,1,22,9,121.5273497,25.05429676
111,5,13,12,25,2,03中山區,中山區新生北路2段與林森北路259巷口,0,0,2,2,C03,7,1,5,50,3,2,1,5,4,5,7,4,4,1,4,5,2,16,1,35,2,9,1,4,7,9,1,10,1,14,,44,9,1,22,9,121.5273497,25.05429676
111,5,13,12,25,2,03中山區,中山區新生北路2段與林森北路259巷口,0,0,2,3,H02,7,1,5,50,3,2,1,5,4,5,7,4,4,1,4,5,2,16,1,33,2,9,1,5,7,21,8,20,10,16,,67,9,1,22,9,121.5273497,25.05429676
111,5,13,13,0,2,10文山區,文山區木柵路4段與和平東路4段口,0,0,1,1,B02,7,1,5,50,4,1,1,5,4,5,7,1,1,5,4,5,2,16,1,46,3,10,1,1,7,6,1,4,1,5,,9,9,1,22,9,121.574578,24.99829081
111,5,13,13,0,2,10文山區,文山區木柵路4段與和平東路4段口,0,0,1,2,C03,7,1,5,50,4,1,1,5,4,5,7,1,1,5,4,5,2,16,1,27,2,9,1,1,7,9,1,10,1,11,,44,9,1,22,9,121.574578,24.99829081
111,5,13,13,11,2,03中山區,中山區南京東路1段與林森北路口,0,0,2,1,H01,7,1,5,50,4,1,1,4,4,5,7,2,1,1,5,4,2,3,2,80,2,9,4,5,8,16,8,20,10,16,,52,52,1,22,9,121.5252333,25.05220463
111,5,13,13,11,2,03中山區,中山區南京東路1段與林森北路口,0,0,2,2,C03,7,1,5,50,4,1,1,4,4,5,7,2,1,1,5,4,2,3,1,52,2,9,1,1,7,9,1,10,2,14,,15,52,1,22,9,121.5252333,25.05220463
111,5,13,13,30,2,02萬華區,萬華區忠孝西路2段與忠孝西路2段16巷口,0,0,1,1,B02,8,1,5,50,3,1,1,5,4,5,7,4,4,1,4,5,2,16,1,21,3,10,1,1,7,6,1,8,1,6,,9,9,1,22,9,121.5085428,25.04825226
111,5,13,13,30,2,02萬華區,萬華區忠孝西路2段與忠孝西路2段16巷口,0,0,1,2,C03,8,1,5,50,3,1,1,5,4,5,7,4,4,1,4,5,2,16,1,76,2,9,1,1,7,9,1,10,1,11,,23,9,1,22,9,121.5085428,25.04825226
111,5,13,13,42,2,07信義區,信義區基隆路2段與基隆路2段79巷口,0,0,1,1,B01,7,1,5,50,3,2,1,5,4,5,7,4,4,3,4,5,2,17,1,35,3,10,1,1,7,8,1,4,1,6,,7,7,1,22,9,121.5579921,25.03029461
111,5,13,13,42,2,07信義區,信義區基隆路2段與基隆路2段79巷口,0,0,1,2,C03,7,1,5,50,3,2,1,5,4,5,7,4,4,3,4,5,2,17,1,29,2,9,1,1,7,9,1,10,1,11,,13,7,1,22,9,121.5579921,25.03029461
111,5,13,13,44,2,08士林區,士林區中山北路6段470號,0,0,1,1,B03,6,1,5,50,14,9,1,4,4,5,7,4,4,1,5,5,1,17,2,34,3,10,1,1,7,15,1,8,1,4,,40,40,1,22,9,121.5276312,25.1147841
111,5,13,13,44,2,08士林區,士林區中山北路6段470號,0,0,1,2,F03,6,1,5,50,14,9,1,4,4,5,7,4,4,1,5,5,1,17,2,54,2,9,1,1,7,9,8,20,1,16,,44,40,1,22,9,121.5276312,25.1147841
111,5,13,13,50,2,08士林區,士林區中山北路7段81巷與天玉街口,0,0,1,1,B03,6,1,5,50,4,1,1,4,4,5,7,4,4,10,5,5,2,15,1,64,3,10,1,1,7,9,1,8,1,1,,6,6,1,22,9,121.5307332,25.1217755
111,5,13,13,50,2,08士林區,士林區中山北路7段81巷與天玉街口,0,0,1,2,C03,6,1,5,50,4,1,1,4,4,5,7,4,4,10,5,5,2,15,1,25,2,8,1,1,7,9,1,10,1,11,,23,6,1,22,9,121.5307332,25.1217755
111,5,13,13,56,2,03中山區,中山區南京東路1段與南京東路1段13巷口,0,0,1,1,B03,8,1,5,50,3,1,1,5,4,5,7,4,4,10,5,5,2,16,1,19,3,10,1,1,7,6,1,8,1,2,,9,9,1,22,9,121.5236135,25.05223573
111,5,13,13,56,2,03中山區,中山區南京東路1段與南京東路1段13巷口,0,0,1,2,C03,8,1,5,50,3,1,1,5,4,5,7,4,4,10,5,5,2,16,1,26,2,9,1,1,7,9,1,10,1,14,,13,9,1,22,9,121.5236135,25.05223573