發生年度,發生月,發生日,發生時-Hours,發生分,處理別-編號,區序,肇事地點,死亡人數,2-30日死亡人數,受傷人數,當事人序號,車種,天候,光線,道路類別,速限-速度限制,道路型態,事故位置,路面狀況1,路面狀況2,路面狀況3,道路障礙1,道路障礙2,號誌1,號誌2,車道劃分-分向,車道劃分-分道1,車道劃分-分道2,車道劃分-分道3,事故類型及型態,性別,年齡,受傷程度,主要傷處,安全帽,行動電話,車輛用途,當事者行動狀態,駕駛資格情形,駕駛執照種類,飲酒情形,車輛撞擊部位1,車輛撞擊部位2,肇因碼-個別,肇因碼-主要,個人肇逃否,職業,旅次目的,座標-X,座標-Y
111,5,13,14,0,2,06松山區,松山區寶清街105巷與南京東路5段389巷口,0,0,1,1,C03,7,1,5,30,4,1,1,5,4,5,7,4,4,10,5,5,2,15,1,33,2,9,1,1,7,9,6,10,1,11,,6,6,1,22,9,121.5692508,25.05356661
111,5,13,14,0,2,06松山區,松山區寶清街105巷與南京東路5段389巷口,0,0,1,2,B12,7,1,5,30,4,1,1,5,4,5,7,4,4,10,5,5,2,15,1,38,3,10,1,1,7,9,1,8,1,6,,44,6,1,22,9,121.5692508,25.05356661
111,5,13,14,20,2,04大安區,大安區敦化南路2段200巷與敦化南路2段200巷14弄口,0,0,2,1,C04,7,1,5,0,4,1,1,5,4,5,7,4,4,10,5,5,2,15,2,33,2,9,1,1,7,9,1,10,1,11,,26,26,1,22,9,121.5477681,25.02286634
111,5,13,14,20,2,04大安區,大安區敦化南路2段200巷與敦化南路2段200巷14弄口,0,0,2,2,C03,7,1,5,0,4,1,1,5,4,5,7,4,4,10,5,5,2,15,2,44,2,9,1,1,7,9,1,10,1,12,,26,26,1,22,9,121.5477681,25.02286634
111,5,13,14,20,2,04大安區,大安區敦化南路2段200巷與敦化南路2段200巷14弄口,0,0,2,3,C03,7,1,5,0,4,1,1,5,4,5,7,4,4,10,5,5,2,15,1,41,3,10,1,1,7,13,1,10,1,11,,38,26,1,22,9,121.5477681,25.02286634
111,5,13,15,0,2,03中山區,中山區南京東路1段6號,0,0,2,1,C03,8,1,5,50,14,7,1,5,4,5,7,4,4,1,4,4,2,13,1,76,2,9,3,4,7,9,3,18,1,12,,23,23,1,22,9,121.5228223,25.0521262
111,5,13,15,0,2,03中山區,中山區南京東路1段6號,0,0,2,2,C03,8,1,5,50,14,7,1,5,4,5,7,4,4,1,4,4,2,13,2,21,2,8,3,4,7,9,1,10,1,14,,44,23,1,22,9,121.5228223,25.0521262
111,5,13,15,16,2,05中正區,中正區三元街與南海路口,0,0,1,1,C03,8,1,5,50,4,1,1,5,4,5,7,1,1,3,4,5,2,15,1,34,2,9,1,1,7,1,1,10,1,12,,25,25,1,22,9,121.5088438,25.0295415
111,5,13,15,16,2,05中正區,中正區三元街與南海路口,0,0,1,2,B12,8,1,5,50,4,1,1,5,4,5,7,1,1,3,4,5,2,15,1,41,3,10,1,1,7,9,1,8,1,8,,44,25,1,22,9,121.5088438,25.0295415
111,5,13,16,32,2,10文山區,文山區羅斯福路6段與景文街口,0,0,2,1,C04,7,1,5,50,5,1,1,5,4,5,7,2,1,5,5,5,2,13,2,76,2,8,1,1,7,7,1,11,2,13,,7,7,1,22,9,121.5411938,24.99395342
111,5,13,16,32,2,10文山區,文山區羅斯福路6段與景文街口,0,0,2,2,C03,7,1,5,50,5,1,1,5,4,5,7,2,1,5,5,5,2,13,1,19,3,10,1,1,7,9,1,10,2,11,,23,7,1,22,9,121.5411938,24.99395342
111,5,13,16,32,2,10文山區,文山區羅斯福路6段與景文街口,0,0,2,4,C03,7,1,5,50,5,1,1,5,4,5,7,2,1,5,5,5,2,13,2,63,2,9,1,1,7,9,1,10,1,11,,23,7,1,22,9,121.5411938,24.99395342
111,5,13,16,32,2,10文山區,文山區羅斯福路6段與景文街口,0,0,2,3,C03,7,1,5,50,5,1,1,5,4,5,7,2,1,5,5,5,2,13,2,18,3,10,1,1,7,9,3,18,2,13,,44,7,1,22,9,121.5411938,24.99395342
111,5,13,16,35,2,07信義區,信義區忠孝東路5段790巷與忠孝東路5段790巷22弄口,0,0,2,1,C04,8,1,5,30,4,1,1,5,4,5,7,4,4,10,5,5,1,15,2,43,2,9,1,1,7,9,1,10,1,12,,6,6,1,22,9,121.5824208,25.04267106
111,5,13,16,35,2,07信義區,信義區忠孝東路5段790巷與忠孝東路5段790巷22弄口,0,0,2,2,C04,8,1,5,30,4,1,1,5,4,5,7,4,4,10,5,5,1,15,2,33,2,9,1,1,7,9,1,11,1,11,,44,6,1,22,9,121.5824208,25.04267106
111,5,13,16,36,2,09北投區,北投區自強街120巷25弄與自強街120巷口,0,0,2,1,C03,7,1,5,30,4,1,1,5,4,5,7,4,4,10,5,5,1,16,1,40,2,7,1,1,7,9,1,10,1,11,,6,6,1,22,9,121.5159695,25.10989892
111,5,13,16,36,2,09北投區,北投區自強街120巷25弄與自強街120巷口,0,0,2,2,C03,7,1,5,30,4,1,1,5,4,5,7,4,4,10,5,5,1,16,2,26,2,9,1,1,7,9,1,10,1,14,,23,6,1,22,9,121.5159695,25.10989892
111,5,13,16,37,2,07信義區,信義區松仁路240巷與無名巷口,0,0,2,1,C03,8,1,5,30,3,1,1,5,4,5,7,4,4,10,5,5,2,16,2,42,2,7,3,4,7,5,1,10,2,14,,6,6,1,22,9,121.5684113,25.02441614
111,5,13,16,37,2,07信義區,信義區松仁路240巷與無名巷口,0,0,2,2,C03,8,1,5,30,3,1,1,5,4,5,7,4,4,10,5,5,2,16,2,61,2,9,3,4,7,9,1,10,1,11,,23,6,1,22,9,121.5684113,25.02441614
111,5,13,17,7,2,04大安區,大安區永康街與永康街14巷口,0,0,1,1,B03,7,1,5,30,4,1,1,5,4,5,7,4,4,10,4,5,2,15,1,53,3,10,1,4,7,9,1,8,1,1,,6,6,1,22,9,121.5295104,25.0312904
111,5,13,17,7,2,04大安區,大安區永康街與永康街14巷口,0,0,1,2,F01,7,1,5,30,4,1,1,5,4,5,7,4,4,10,4,5,2,15,2,66,2,5,1,1,7,9,8,20,1,16,,44,6,1,22,9,121.5295104,25.0312904
111,5,13,17,21,2,05中正區,中正區市民大道2段與林森北路口,0,0,1,1,B03,7,1,5,40,14,9,1,5,4,5,7,4,4,1,4,1,2,16,1,32,3,10,1,1,7,8,1,8,2,2,,7,7,1,22,9,121.5234353,25.04771257
111,5,13,17,21,2,05中正區,中正區市民大道2段與林森北路口,0,0,1,2,C03,7,1,5,40,14,9,1,5,4,5,7,4,4,1,4,1,2,16,1,26,2,9,1,1,7,9,1,10,2,14,,16,7,1,22,9,121.5234353,25.04771257
111,5,13,18,0,2,04大安區,大安區溫州街與新生南路3段22巷口,0,0,1,1,B02,6,1,5,30,4,1,1,4,4,5,7,4,4,10,5,5,2,15,1,24,3,10,1,1,7,9,1,8,1,7,,6,6,1,22,9,121.5334089,25.0241356
111,5,13,18,0,2,04大安區,大安區溫州街與新生南路3段22巷口,0,0,1,2,C03,6,1,5,30,4,1,1,4,4,5,7,4,4,10,5,5,2,15,1,44,2,7,1,1,7,9,1,10,1,11,,6,6,1,22,9,121.5334089,25.0241356
111,5,13,18,2,2,08士林區,士林區中山北路5段往南,0,0,1,1,B03,8,1,5,40,14,9,1,5,4,5,7,4,4,9,4,5,2,17,1,22,3,10,1,1,7,9,1,8,1,5,,23,23,1,22,9,121.52537,25.08439959
111,5,13,18,2,2,08士林區,士林區中山北路5段往南,0,0,1,2,C03,8,1,5,40,14,9,1,5,4,5,7,4,4,9,4,5,2,17,1,47,2,8,1,1,7,9,1,10,1,14,,44,23,1,22,9,121.52537,25.08439959
111,5,13,18,11,2,03中山區,中山區民生東路2段與松江路口,0,0,1,1,B03,8,1,5,50,4,1,1,5,4,5,7,2,1,9,4,5,2,17,2,34,3,10,3,4,7,6,1,8,1,15,,5,5,1,22,9,121.5330399,25.05788026
111,5,13,18,11,2,03中山區,中山區民生東路2段與松江路口,0,0,1,2,C03,8,1,5,50,4,1,1,5,4,5,7,2,1,9,4,5,2,17,1,33,2,9,3,4,7,9,1,10,1,14,,23,5,1,22,9,121.5330399,25.05788026
111,5,13,18,30,2,04大安區,信義區和平東路3段與和平東路3段606巷口,0,0,1,1,C03,8,2,5,40,3,2,1,5,4,5,7,4,4,5,5,5,2,18,1,30,2,9,1,1,7,9,1,10,9,11,,13,13,1,22,9,121.5627122,25.01357107
111,5,13,18,30,2,04大安區,信義區和平東路3段與和平東路3段606巷口,0,0,1,2,,8,2,5,40,3,2,1,5,4,5,7,4,4,5,5,5,2,18,3,,,,,,,,,,,,,67,13,1,,,121.5627122,25.01357107
111,5,13,18,35,2,07信義區,信義區松隆路與基隆路1段147巷5弄口,0,0,1,1,B03,6,3,5,50,3,1,1,4,4,5,7,4,4,3,3,5,1,16,1,25,3,10,3,4,7,6,1,8,1,6,,9,9,1,22,9,121.5664326,25.04321748
111,5,13,18,35,2,07信義區,信義區松隆路與基隆路1段147巷5弄口,0,0,1,2,C03,6,3,5,50,3,1,1,4,4,5,7,4,4,3,3,5,1,16,1,44,2,9,1,1,7,9,1,10,1,11,,44,9,1,22,9,121.5664326,25.04321748
111,5,13,18,36,2,07信義區,信義區松仁路與松高路口,0,0,2,1,C04,8,3,5,50,4,2,1,5,4,5,7,4,4,10,4,5,2,17,2,20,2,9,1,1,7,9,1,10,1,11,,16,16,1,22,9,121.5685485,25.03902408
111,5,13,18,36,2,07信義區,信義區松仁路與松高路口,0,0,2,2,C03,8,3,5,50,4,2,1,5,4,5,7,4,4,10,4,5,2,17,1,32,2,9,1,1,7,9,1,10,1,13,,44,16,1,22,9,121.5685485,25.03902408
111,5,13,18,36,2,07信義區,信義區松仁路與松高路口,0,0,2,3,C03,8,3,5,50,4,2,1,5,4,5,7,4,4,10,4,5,2,17,1,29,3,10,1,1,7,8,1,10,1,15,,7,16,1,22,9,121.5685485,25.03902408
111,5,13,18,49,2,04大安區,大安區仁愛路3段與建國南路1段口,0,0,1,1,B03,6,3,5,50,4,1,1,4,4,5,7,1,1,1,4,5,2,15,2,50,3,10,1,1,7,9,1,8,1,4,,25,25,1,22,9,121.5388935,25.0384197
111,5,13,18,49,2,04大安區,大安區仁愛路3段與建國南路1段口,0,0,1,2,C03,6,3,5,50,4,1,1,4,4,5,7,1,1,1,4,5,2,15,1,41,2,9,2,1,7,9,1,10,1,11,,44,25,1,22,9,121.5388935,25.0384197
111,5,13,18,51,2,06松山區,松山區延壽街330巷16弄2號前,0,0,2,1,B01,6,3,5,30,14,9,1,4,4,5,7,4,4,10,5,5,2,15,1,67,2,7,1,1,7,1,1,4,2,1,,19,19,1,22,9,121.5599539,25.05532261
111,5,13,18,51,2,06松山區,松山區延壽街330巷16弄2號前,0,0,2,2,C03,6,3,5,30,14,9,1,4,4,5,7,4,4,10,5,5,2,15,1,33,2,9,1,1,7,9,1,10,2,14,,44,19,1,22,9,121.5599539,25.05532261
111,5,13,19,13,2,05中正區,中正區北平東路與林森北路口,0,0,1,1,B12,6,3,5,50,4,2,1,4,4,5,7,1,1,10,4,5,2,13,1,30,3,10,1,1,7,6,1,4,2,6,,9,9,1,22,9,121.5238509,25.04631014
111,5,13,19,13,2,05中正區,中正區北平東路與林森北路口,0,0,1,2,C03,6,3,5,50,4,2,1,4,4,5,7,1,1,10,4,5,2,13,1,23,2,7,1,1,7,9,1,10,2,11,,23,9,1,22,9,121.5238509,25.04631014
111,5,13,19,17,2,09北投區,北投區大興街與大興街24巷口,0,0,1,1,B03,6,3,5,50,4,1,1,4,4,5,7,3,1,5,5,5,2,9,1,38,3,10,1,1,7,5,1,8,1,8,,23,23,1,22,9,121.4985733,25.129905
111,5,13,19,17,2,09北投區,北投區大興街與大興街24巷口,0,0,1,2,H01,6,3,5,50,4,1,1,4,4,5,7,3,1,5,5,5,2,9,2,62,2,9,4,5,8,16,8,20,10,16,,60,23,1,22,9,121.4985733,25.129905
111,5,13,19,32,2,05中正區,中正區漢口街1段110號,0,0,1,1,C03,7,3,5,50,14,9,1,4,4,5,7,4,4,10,4,5,2,17,1,18,2,9,1,1,7,9,1,10,2,14,,42,42,1,22,9,121.5107589,25.0451267
111,5,13,19,32,2,05中正區,中正區漢口街1段110號,0,0,1,2,B01,7,3,5,50,14,9,1,4,4,5,7,4,4,10,4,5,2,17,1,63,3,10,1,1,7,14,1,4,2,15,,38,42,1,22,9,121.5107589,25.0451267
111,5,13,19,38,2,07信義區,信義區基隆路1段與松隆路口,0,0,1,1,C03,6,3,5,50,14,9,1,4,4,5,7,2,1,3,3,5,1,18,1,31,2,9,1,4,7,9,1,10,1,14,,42,42,1,22,9,121.5658305,25.04318846
111,5,13,19,38,2,07信義區,信義區基隆路1段與松隆路口,0,0,1,2,,6,3,5,50,14,9,1,4,4,5,7,2,1,3,3,5,1,18,3,,,,,,,,,,,,,67,42,1,,,121.5658305,25.04318846
111,5,13,19,50,2,04大安區,大安區通化街與通化街39巷口,0,0,1,1,C03,6,3,5,50,4,2,1,4,4,5,7,4,4,8,3,5,2,17,1,25,2,9,1,1,7,12,1,10,1,14,,13,13,1,22,9,121.5542424,25.0308906
111,5,13,19,50,2,04大安區,大安區通化街與通化街39巷口,0,0,1,2,B03,6,3,5,50,4,2,1,4,4,5,7,4,4,8,3,5,2,17,1,34,4,11,3,4,7,11,7,19,11,15,,10,13,2,22,9,121.5542424,25.0308906
111,5,13,19,51,2,01大同區,大同區民生西路236號對面,0,0,1,1,B03,7,3,5,50,14,9,1,5,4,5,7,4,4,9,4,5,1,17,1,43,3,10,3,4,7,8,1,8,1,15,,7,7,1,22,9,121.5148978,25.05703857
111,5,13,19,51,2,01大同區,大同區民生西路236號對面,0,0,1,2,C03,7,3,5,50,14,9,1,5,4,5,7,4,4,9,4,5,1,17,1,40,2,9,3,4,7,9,1,10,1,14,,42,7,1,22,9,121.5148978,25.05703857
111,5,13,20,7,2,02萬華區,萬華區中華路1段166號,0,0,1,1,C03,6,3,5,50,14,9,1,4,4,5,7,4,4,9,4,5,2,17,1,36,3,10,1,1,7,7,1,10,1,15,,7,7,1,22,9,121.5079008,25.04161639
111,5,13,20,7,2,02萬華區,萬華區中華路1段166號,0,0,1,2,C03,6,3,5,50,14,9,1,4,4,5,7,4,4,9,4,5,2,17,1,30,2,9,1,1,7,9,1,10,1,14,,23,7,1,22,9,121.5079008,25.04161639
111,5,13,21,30,2,04大安區,大安區忠孝東路3段與建國南路1段口,0,0,2,1,B02,6,3,5,50,4,1,1,4,4,5,7,1,1,1,4,5,2,16,1,38,3,10,1,1,7,6,1,8,1,2,,23,23,1,22,9,121.5367388,25.0418417
111,5,13,21,30,2,04大安區,大安區忠孝東路3段與建國南路1段口,0,0,2,2,C03,6,3,5,50,4,1,1,4,4,5,7,1,1,1,4,5,2,16,1,21,2,9,1,1,7,6,1,10,1,14,,17,23,1,22,9,121.5367388,25.0418417
111,5,13,21,30,2,04大安區,大安區忠孝東路3段與建國南路1段口,0,0,2,3,H02,6,3,5,50,4,1,1,4,4,5,7,1,1,1,4,5,2,16,2,19,2,9,4,5,7,20,8,20,10,16,,67,23,1,22,9,121.5367388,25.0418417
111,5,13,21,32,2,04大安區,大安區復興南路1段257號,0,0,1,1,B01,6,3,5,50,14,9,1,4,4,5,7,4,4,8,3,5,1,12,1,56,3,10,1,1,7,8,1,8,1,3,,7,7,1,22,9,121.5437785,25.03658469
111,5,13,21,32,2,04大安區,大安區復興南路1段257號,0,0,1,2,C03,6,3,5,50,14,9,1,4,4,5,7,4,4,8,3,5,1,12,2,22,2,9,1,1,7,8,1,10,1,11,,23,7,1,22,9,121.5437785,25.03658469
111,5,13,21,55,2,11南港區,南港區向陽路162巷與重陽路57巷口,0,0,2,1,C03,6,3,5,50,4,1,1,4,4,5,7,4,4,10,5,5,2,15,2,29,2,9,3,4,7,9,1,10,1,11,,6,6,1,22,9,121.5962847,25.0563448
111,5,13,21,55,2,11南港區,南港區向陽路162巷與重陽路57巷口,0,0,2,2,B01,6,3,5,50,4,1,1,4,4,5,7,4,4,10,5,5,2,15,1,55,3,10,3,4,7,9,1,4,1,8,,44,6,1,22,9,121.5962847,25.0563448
111,5,13,21,55,2,11南港區,南港區向陽路162巷與重陽路57巷口,0,0,2,3,H02,6,3,5,50,4,1,1,4,4,5,7,4,4,10,5,5,2,15,2,36,2,9,4,5,7,20,8,20,10,16,,67,6,1,22,9,121.5962847,25.0563448
111,5,13,22,14,2,03中山區,中山區中山北路1段與長安西路口,0,0,1,1,B01,6,3,5,50,4,1,1,4,4,5,7,1,1,4,3,3,1,17,1,65,3,10,3,4,7,5,1,4,9,15,,25,25,1,22,9,121.5215991,25.0498201
111,5,13,22,14,2,03中山區,中山區中山北路1段與長安西路口,0,0,1,2,C03,6,3,5,50,4,1,1,4,4,5,7,1,1,4,3,3,1,17,2,19,2,9,1,1,7,9,1,10,1,14,,44,25,1,22,9,121.5215991,25.0498201
111,5,13,22,17,2,07信義區,信義區忠孝東路5段372巷與忠孝東路5段口,0,0,4,1,B03,6,3,5,50,4,1,1,4,4,5,7,2,1,3,4,5,2,17,2,36,3,10,1,1,7,7,1,8,2,4,,7,7,1,22,9,121.5740413,25.04094208
111,5,13,22,17,2,07信義區,信義區忠孝東路5段372巷與忠孝東路5段口,0,0,4,2,C03,6,3,5,50,4,1,1,4,4,5,7,2,1,3,4,5,2,17,1,21,2,9,1,1,7,13,1,10,2,11,,16,7,1,22,9,121.5740413,25.04094208
111,5,13,22,17,2,07信義區,信義區忠孝東路5段372巷與忠孝東路5段口,0,0,4,3,H02,6,3,5,50,4,1,1,4,4,5,7,2,1,3,4,5,2,17,1,22,2,9,1,1,7,20,8,20,10,16,,67,7,1,22,9,121.5740413,25.04094208
111,5,13,22,17,2,07信義區,信義區忠孝東路5段372巷與忠孝東路5段口,0,0,4,4,C03,6,3,5,50,4,1,1,4,4,5,7,2,1,3,4,5,2,17,1,30,2,9,1,1,7,9,1,10,2,11,,23,7,1,22,9,121.5740413,25.04094208
111,5,13,22,17,2,07信義區,信義區忠孝東路5段372巷與忠孝東路5段口,0,0,4,5,H02,6,3,5,50,4,1,1,4,4,5,7,2,1,3,4,5,2,17,2,32,2,9,1,5,7,20,8,20,10,16,,67,7,1,22,9,121.5740413,25.04094208
111,5,13,23,11,2,02萬華區,萬華區艋舺大道與康定路口,0,0,1,1,C03,6,3,5,50,4,1,1,4,4,5,7,1,1,1,4,5,2,16,1,20,3,10,1,1,7,8,1,10,1,13,,7,7,1,22,9,121.500683,25.03309844
111,5,13,23,11,2,02萬華區,萬華區艋舺大道與康定路口,0,0,1,2,C03,6,3,5,50,4,1,1,4,4,5,7,1,1,1,4,5,2,16,1,20,2,9,1,1,7,9,1,10,1,11,,44,7,1,22,9,121.500683,25.03309844
111,5,13,23,30,2,10文山區,文山區秀明路2段115巷1-13號,0,0,1,1,C03,6,3,5,50,14,9,1,4,3,5,7,4,4,4,5,5,2,18,1,27,2,9,1,1,7,9,1,10,9,11,,61,61,1,22,9,121.5767212,24.9911639
111,5,13,23,30,2,10文山區,文山區秀明路2段115巷1-13號,0,0,1,2,,6,3,5,50,14,9,1,4,3,5,7,4,4,4,5,5,2,18,3,,,,,,,,,,,,,61,61,1,,,121.5767212,24.9911639
111,5,14,0,35,2,01大同區,大同區哈密街59巷56弄與哈密街59巷38弄口口,0,0,1,1,C03,8,1,5,30,4,1,1,5,4,5,7,4,4,9,4,5,2,15,1,45,2,9,1,1,7,9,1,10,1,11,,6,,1,22,9,121.5145381,25.0753732
111,5,14,0,35,2,01大同區,大同區哈密街59巷56弄與哈密街59巷38弄口口,0,0,1,2,B03,8,1,5,30,4,1,1,5,4,5,7,4,4,9,4,5,2,15,2,36,3,10,1,1,7,9,1,8,1,7,,44,,1,22,9,121.5145381,25.0753732
111,5,14,1,44,2,03中山區,中山區市民大道2段與長安東路1段30巷口,0,0,1,1,B03,6,3,5,40,3,1,1,4,4,5,7,2,1,1,5,5,1,12,1,23,3,10,3,4,7,6,1,8,2,6,,9,9,1,22,9,121.526047,25.047554
111,5,14,1,44,2,03中山區,中山區市民大道2段與長安東路1段30巷口,0,0,1,2,C03,6,3,5,40,3,1,1,4,4,5,7,2,1,1,5,5,1,12,2,29,2,9,3,4,7,9,1,10,2,14,,13,9,1,22,9,121.526047,25.047554
111,5,14,3,45,2,07信義區,信義區市民高架道276號燈桿,0,0,1,1,B01,6,3,5,80,10,9,1,4,4,5,7,4,4,10,3,5,1,25,1,62,2,3,3,4,7,9,1,4,1,1,,23,23,1,22,9,121.5583252,25.04518498
111,5,14,3,45,2,07信義區,信義區市民高架道276號燈桿,0,0,1,2,,6,3,5,80,10,9,1,4,4,5,7,4,4,10,3,5,1,25,3,,,,,,,,,,,,,67,23,1,,,121.5583252,25.04518498
111,5,14,8,10,2,08士林區,士林區天母西路3號與天母西路口,0,0,1,1,B03,6,1,5,50,3,2,1,4,4,5,7,4,4,5,5,5,1,13,2,37,3,10,1,1,7,15,1,8,11,1,,23,23,1,22,9,121.5296364,25.11844246
111,5,14,8,10,2,08士林區,士林區天母西路3號與天母西路口,0,0,1,2,C03,6,1,5,50,3,2,1,4,4,5,7,4,4,5,5,5,1,13,2,38,2,9,1,1,7,6,1,9,9,13,,44,23,1,22,9,121.5296364,25.11844246
111,5,14,8,11,2,01大同區,大同區承德路3段60-1號與承德路3段口60-1號旁無名巷,0,0,2,1,C03,6,1,5,50,3,2,1,4,4,5,7,4,4,1,4,5,2,13,1,25,2,8,1,1,7,9,1,10,2,11,,16,16,1,22,9,121.5182779,25.06535967
111,5,14,8,11,2,01大同區,大同區承德路3段60-1號與承德路3段口60-1號旁無名巷,0,0,2,2,C03,6,1,5,50,3,2,1,4,4,5,7,4,4,1,4,5,2,13,2,22,2,9,1,1,7,9,1,10,2,13,,44,16,1,22,9,121.5182779,25.06535967
111,5,14,8,39,2,03中山區,中山區民生東路1段70號,0,0,2,1,C03,6,1,5,50,14,9,1,4,4,5,7,4,4,5,4,5,2,17,1,28,2,9,1,1,7,12,1,10,1,11,,13,13,1,22,9,121.526306,25.0580637
111,5,14,8,39,2,03中山區,中山區民生東路1段70號,0,0,2,2,C03,6,1,5,50,14,9,1,4,4,5,7,4,4,5,4,5,2,17,1,54,2,9,1,1,7,7,1,10,1,13,,42,13,1,22,9,121.526306,25.0580637
111,5,14,9,31,2,09北投區,北投區承德路7段與承德路7段32巷口口,0,0,1,1,B03,6,1,5,50,3,2,1,4,4,5,7,4,4,1,4,4,2,17,1,49,3,10,1,1,7,6,1,8,1,2,,9,9,1,22,9,121.5111534,25.11098341
111,5,14,9,31,2,09北投區,北投區承德路7段與承德路7段32巷口口,0,0,1,2,C03,6,1,5,50,3,2,1,4,4,5,7,4,4,1,4,4,2,17,2,58,2,9,1,1,7,9,1,10,1,14,,44,9,1,22,9,121.5111534,25.11098341
111,5,14,9,50,2,04大安區,大安區大安路1段與仁愛路4段91巷口,0,0,1,1,B12,6,1,5,0,4,1,1,4,4,5,7,4,4,10,5,5,2,15,1,27,3,10,1,1,7,9,1,8,1,1,,6,6,1,22,9,121.546344,25.041152
111,5,14,9,50,2,04大安區,大安區大安路1段與仁愛路4段91巷口,0,0,1,2,C03,6,1,5,0,4,1,1,4,4,5,7,4,4,10,5,5,2,15,2,31,2,9,1,1,7,9,1,10,1,12,,13,6,1,22,9,121.546344,25.041152
111,5,14,9,57,2,03中山區,中山區長春路與吉林路口,0,0,1,1,C03,6,1,5,50,4,1,1,4,4,5,7,1,3,5,4,4,2,15,2,35,2,9,1,1,7,9,1,10,2,11,,23,23,1,22,9,121.530081,25.054844
111,5,14,9,57,2,03中山區,中山區長春路與吉林路口,0,0,1,2,B03,6,1,5,50,4,1,1,4,4,5,7,1,3,5,4,4,2,15,1,53,3,10,1,1,7,9,1,8,2,7,,23,23,1,22,9,121.530081,25.054844
111,5,14,10,15,2,05中正區,中正區市民大道2段與天津街口,0,0,2,1,C03,6,1,5,40,4,1,1,4,4,5,7,1,1,10,5,5,2,12,2,41,2,9,1,1,7,6,1,10,2,13,,9,9,1,22,9,121.5223106,25.04775503
111,5,14,10,15,2,05中正區,中正區市民大道2段與天津街口,0,0,2,2,C03,6,1,5,40,4,1,1,4,4,5,7,1,1,10,5,5,2,12,1,21,2,9,1,1,7,9,1,10,2,11,,23,9,1,22,9,121.5223106,25.04775503
111,5,14,11,17,2,02萬華區,萬華區康定路與貴陽街2段口,0,0,1,1,B01,6,1,5,50,4,2,1,4,4,5,7,1,1,5,4,5,2,12,1,51,3,10,1,1,7,6,1,4,1,2,,9,9,1,22,9,121.5020015,25.0400361
111,5,14,11,17,2,02萬華區,萬華區康定路與貴陽街2段口,0,0,1,2,A02,6,1,5,50,4,2,1,4,4,5,7,1,1,5,4,5,2,12,1,58,3,10,1,1,7,1,1,2,1,8,,19,9,1,22,9,121.5020015,25.0400361
111,5,14,11,17,2,02萬華區,萬華區康定路與貴陽街2段口,0,0,1,3,H02,6,1,5,50,4,2,1,4,4,5,7,1,1,5,4,5,2,12,2,78,2,1,4,5,7,21,8,20,10,16,,67,9,1,22,9,121.5020015,25.0400361
111,5,14,11,50,2,03中山區,中山區北安路530號,0,0,1,1,B03,6,1,5,50,14,9,1,4,4,5,7,4,4,1,4,5,2,12,1,56,3,10,3,4,7,7,1,8,1,7,,7,7,1,22,9,121.5465384,25.07982924
111,5,14,11,50,2,03中山區,中山區北安路530號,0,0,1,2,C03,6,1,5,50,14,9,1,4,4,5,7,4,4,1,4,5,2,12,1,30,2,9,1,4,7,9,1,10,1,12,,26,7,1,22,9,121.5465384,25.07982924
111,5,14,12,12,2,01大同區,大同區延平北路2段255-43號民權西路側,0,0,1,1,B03,6,1,5,50,14,9,1,4,4,5,7,4,4,1,5,5,2,13,1,49,3,10,1,1,7,9,1,8,1,8,,23,23,1,22,9,121.511636,25.06278008
111,5,14,12,12,2,01大同區,大同區延平北路2段255-43號民權西路側,0,0,1,2,C03,6,1,5,50,14,9,1,4,4,5,7,4,4,1,5,5,2,13,1,40,2,9,1,1,7,8,1,10,1,13,,7,23,1,22,9,121.511636,25.06278008
111,5,14,12,34,2,03中山區,中山區南京東路3段與復興北路口,0,0,2,1,C03,6,1,5,50,4,2,1,4,4,5,7,1,1,3,4,5,2,12,1,22,2,9,1,1,7,9,1,10,1,11,14,16,16,1,22,9,121.5438389,25.0517993
111,5,14,12,34,2,03中山區,中山區南京東路3段與復興北路口,0,0,2,2,C03,6,1,5,50,4,2,1,4,4,5,7,1,1,3,4,5,2,12,2,44,2,9,1,1,7,7,1,10,1,13,14,7,16,1,22,9,121.5438389,25.0517993
111,5,14,12,34,2,03中山區,中山區南京東路3段與復興北路口,0,0,2,3,B03,6,1,5,50,4,2,1,4,4,5,7,1,1,3,4,5,2,12,2,46,3,10,1,1,7,9,1,8,11,15,,44,16,1,22,9,121.5438389,25.0517993
111,5,14,12,35,2,12內湖區,內湖區內湖路2段177號,0,0,1,1,B03,6,1,5,50,14,9,1,4,4,5,7,4,4,5,5,5,2,16,1,53,3,10,1,1,7,5,1,8,1,8,,8,8,1,22,9,121.5867163,25.08117108
111,5,14,12,35,2,12內湖區,內湖區內湖路2段177號,0,0,1,2,C03,6,1,5,50,14,9,1,4,4,5,7,4,4,5,5,5,2,16,2,33,2,8,1,1,7,9,1,10,1,14,,23,8,1,22,9,121.5867163,25.08117108
111,5,14,12,48,2,04大安區,大安區敦化南路1段262號,0,0,1,1,B03,6,1,5,50,14,7,1,4,4,5,7,2,1,1,4,5,2,17,2,25,3,10,1,1,7,9,1,8,1,1,,16,16,1,22,9,121.5488641,25.03927881