發生年度,發生月,發生日,發生時-Hours,發生分,處理別-編號,區序,肇事地點,死亡人數,2-30日死亡人數,受傷人數,當事人序號,車種,天候,光線,道路類別,速限-速度限制,道路型態,事故位置,路面狀況1,路面狀況2,路面狀況3,道路障礙1,道路障礙2,號誌1,號誌2,車道劃分-分向,車道劃分-分道1,車道劃分-分道2,車道劃分-分道3,事故類型及型態,性別,年齡,受傷程度,主要傷處,安全帽,行動電話,車輛用途,當事者行動狀態,駕駛資格情形,駕駛執照種類,飲酒情形,車輛撞擊部位1,車輛撞擊部位2,肇因碼-個別,肇因碼-主要,個人肇逃否,職業,旅次目的,座標-X,座標-Y
111,5,14,12,48,2,04大安區,大安區敦化南路1段262號,0,0,1,2,B12,6,1,5,50,14,7,1,4,4,5,7,2,1,1,4,5,2,17,1,35,3,10,1,1,7,14,1,8,1,3,,44,16,1,22,9,121.5488641,25.03927881
111,5,14,12,48,2,04大安區,大安區敦化南路1段262號,0,0,1,3,H02,6,1,5,50,14,7,1,4,4,5,7,2,1,1,4,5,2,17,2,40,2,9,4,5,7,21,8,20,10,16,,67,16,1,22,9,121.5488641,25.03927881
111,5,14,13,13,2,03中山區,中山區市民大道2段與林森北路口,0,0,1,1,B03,6,1,5,40,4,1,1,4,4,5,7,1,1,1,4,5,2,16,1,36,3,10,3,4,7,5,1,8,1,4,,8,8,1,22,9,121.5242484,25.04789834
111,5,14,13,13,2,03中山區,中山區市民大道2段與林森北路口,0,0,1,2,C03,6,1,5,40,4,1,1,4,4,5,7,1,1,1,4,5,2,16,1,34,2,9,1,1,7,9,1,10,1,12,,23,8,1,22,9,121.5242484,25.04789834
111,5,14,13,36,2,01大同區,大同區民權西路120號,0,0,3,1,C03,6,1,5,50,14,9,1,4,4,5,7,4,4,6,3,5,1,13,1,33,2,8,1,1,7,9,1,10,1,11,,16,16,1,22,9,121.516789,25.06299354
111,5,14,13,36,2,01大同區,大同區民權西路120號,0,0,3,2,C03,6,1,5,50,14,9,1,4,4,5,7,4,4,6,3,5,1,13,1,53,2,7,1,1,7,9,1,10,1,13,,23,16,1,22,9,121.516789,25.06299354
111,5,14,13,36,2,01大同區,大同區民權西路120號,0,0,3,3,C03,6,1,5,50,14,9,1,4,4,5,7,4,4,6,3,5,1,13,1,49,2,8,1,1,7,9,1,10,11,11,,16,16,1,22,9,121.516789,25.06299354
111,5,14,13,46,2,06松山區,松山區市民大道5段與東寧路口,0,0,2,1,B03,6,2,5,40,3,1,1,4,4,5,7,3,1,1,3,5,2,17,2,45,3,10,3,4,7,6,1,8,1,8,,9,9,1,22,9,121.5627731,25.04731178
111,5,14,13,46,2,06松山區,松山區市民大道5段與東寧路口,0,0,2,2,C03,6,2,5,40,3,1,1,4,4,5,7,3,1,1,3,5,2,17,1,35,2,9,1,1,7,5,1,10,1,12,,44,9,1,22,9,121.5627731,25.04731178
111,5,14,13,46,2,06松山區,松山區市民大道5段與東寧路口,0,0,2,3,H02,6,2,5,40,3,1,1,4,4,5,7,3,1,1,3,5,2,17,2,28,2,9,1,5,7,20,8,20,10,16,,67,9,1,22,9,121.5627731,25.04731178
111,5,14,13,55,2,05中正區,中正區中華路1段與貴陽街1段口,0,0,1,1,B12,6,1,5,50,4,2,1,4,4,5,7,1,1,10,5,5,2,16,2,20,3,10,1,1,7,6,1,8,2,2,,9,9,1,22,9,121.5076773,25.0392584
111,5,14,13,55,2,05中正區,中正區中華路1段與貴陽街1段口,0,0,1,2,C03,6,1,5,50,4,2,1,4,4,5,7,1,1,10,5,5,2,16,1,51,2,9,1,1,7,9,1,9,2,11,,44,9,1,22,9,121.5076773,25.0392584
111,5,14,14,6,2,10文山區,文山區木新路3段50巷與木新路3段50巷7弄口口,0,0,1,1,C03,6,1,5,30,4,1,1,4,4,5,5,4,4,10,5,5,2,16,1,24,2,7,1,1,7,9,1,10,1,11,,6,6,1,22,9,121.5640469,24.9830156
111,5,14,14,6,2,10文山區,文山區木新路3段50巷與木新路3段50巷7弄口口,0,0,1,2,B12,6,1,5,30,4,1,1,4,4,5,5,4,4,10,5,5,2,16,1,65,3,10,1,1,7,9,1,8,1,4,,42,6,1,22,9,121.5640469,24.9830156
111,5,14,14,20,2,12內湖區,內湖區成美橋往內湖,0,0,2,1,F01,6,1,5,50,8,9,1,4,4,5,7,4,4,5,4,5,2,16,2,75,2,9,1,1,7,7,8,20,2,16,,7,7,1,22,9,121.5829,25.05361679
111,5,14,14,20,2,12內湖區,內湖區成美橋往內湖,0,0,2,2,C03,6,1,5,50,8,9,1,4,4,5,7,4,4,5,4,5,2,16,1,24,2,9,1,1,7,9,1,9,2,12,,23,7,1,22,9,121.5829,25.05361679
111,5,14,14,45,2,04大安區,大安區敦化南路2段與四維路170巷口,0,0,1,1,C03,6,1,5,50,4,1,1,4,4,5,7,1,1,10,4,5,2,17,1,37,2,9,1,1,7,9,1,10,1,12,,44,44,1,22,9,121.5484562,25.0281656
111,5,14,14,45,2,04大安區,大安區敦化南路2段與四維路170巷口,0,0,1,2,B01,6,1,5,50,4,1,1,4,4,5,7,1,1,10,4,5,2,17,1,52,3,10,1,1,7,5,1,4,1,8,,8,44,1,22,9,121.5484562,25.0281656
111,5,14,14,49,2,08士林區,士林區文林路770巷與克強路口明德橋口,0,0,1,1,C03,6,1,5,0,4,2,1,4,4,5,7,4,4,9,4,5,1,16,1,47,2,9,3,4,7,9,4,11,1,11,,23,23,1,22,9,121.5225038,25.10919517
111,5,14,14,49,2,08士林區,士林區文林路770巷與克強路口明德橋口,0,0,1,2,B03,6,1,5,0,4,2,1,4,4,5,7,4,4,9,4,5,1,16,2,45,3,10,3,4,7,9,1,8,1,8,,6,23,1,22,9,121.5225038,25.10919517
111,5,14,15,13,2,07信義區,信義區松山路與松隆路口,0,0,2,1,C03,7,1,5,50,4,1,1,4,4,5,7,1,1,1,4,5,1,18,2,33,2,9,3,4,7,9,1,10,2,12,,42,42,1,22,9,121.5778591,25.04794214
111,5,14,15,13,2,07信義區,信義區松山路與松隆路口,0,0,2,2,,7,1,5,50,4,1,1,4,4,5,7,1,1,1,4,5,1,18,3,,,,,,,,,,,,,67,42,1,,,121.5778591,25.04794214
111,5,14,15,13,2,07信義區,信義區松山路與松隆路口,0,0,2,3,B03,7,1,5,50,4,1,1,4,4,5,7,1,1,1,4,5,1,18,1,27,4,11,3,4,7,5,7,19,11,15,,8,42,2,22,9,121.5778591,25.04794214
111,5,14,15,13,2,07信義區,信義區松山路與松隆路口,0,0,2,4,H02,7,1,5,50,4,1,1,4,4,5,7,1,1,1,4,5,1,18,2,35,2,9,3,5,7,20,8,20,10,16,,67,42,1,22,9,121.5778591,25.04794214
111,5,14,15,26,2,04大安區,大安區通化街與通化街24巷口,0,0,1,1,C03,6,1,5,50,4,2,1,4,4,5,7,4,4,5,4,5,2,16,1,29,2,9,1,4,7,4,1,10,1,12,,23,23,1,22,9,121.5542699,25.03182729
111,5,14,15,26,2,04大安區,大安區通化街與通化街24巷口,0,0,1,2,B01,6,1,5,50,4,2,1,4,4,5,7,4,4,5,4,5,2,16,2,50,3,10,1,4,7,5,1,4,1,15,,44,23,1,22,9,121.5542699,25.03182729
111,5,14,16,10,2,10文山區,文山區興隆路4段122巷與興隆路4段口,0,0,1,1,B12,6,1,5,50,4,2,1,4,4,5,7,1,1,1,4,5,2,17,4,,4,11,3,4,7,15,7,19,11,15,,43,43,2,22,9,121.5623177,24.98264752
111,5,14,16,10,2,10文山區,文山區興隆路4段122巷與興隆路4段口,0,0,1,2,C03,6,1,5,50,4,2,1,4,4,5,7,1,1,1,4,5,2,17,1,78,2,9,1,1,7,9,1,10,1,12,,43,43,1,22,9,121.5623177,24.98264752
111,5,14,16,30,2,04大安區,大安區仁愛路3段與復興南路1段口,0,0,1,1,B02,6,1,5,50,4,1,1,4,4,5,7,1,1,1,4,4,1,16,1,33,3,10,1,1,7,6,1,8,1,2,,9,9,1,22,9,121.5435948,25.03817213
111,5,14,16,30,2,04大安區,大安區仁愛路3段與復興南路1段口,0,0,1,2,C03,6,1,5,50,4,1,1,4,4,5,7,1,1,1,4,4,1,16,1,47,2,9,1,1,7,9,1,10,1,11,,44,9,1,22,9,121.5435948,25.03817213
111,5,14,16,37,2,08士林區,士林區中山北路5段與劍潭路口口,0,0,2,1,B03,7,1,5,50,3,1,1,4,4,5,7,2,1,1,4,5,2,12,2,45,3,10,1,1,7,8,1,8,1,5,,7,7,1,22,9,121.5253541,25.08415972
111,5,14,16,37,2,08士林區,士林區中山北路5段與劍潭路口口,0,0,2,2,C03,7,1,5,50,3,1,1,4,4,5,7,2,1,1,4,5,2,12,1,22,2,9,1,1,7,9,1,10,1,14,,14,7,1,22,9,121.5253541,25.08415972
111,5,14,16,37,2,08士林區,士林區中山北路5段與劍潭路口口,0,0,2,3,H02,7,1,5,50,3,1,1,4,4,5,7,2,1,1,4,5,2,12,2,29,2,9,1,5,7,20,8,20,10,16,,67,7,1,22,9,121.5253541,25.08415972
111,5,14,16,57,2,01大同區,大同區重慶北路3段43號,0,0,1,1,B02,6,1,5,50,14,9,1,4,4,5,7,4,4,1,4,5,2,17,2,49,3,10,1,4,7,13,1,8,2,4,,40,40,1,22,9,121.513791,25.06552812
111,5,14,16,57,2,01大同區,大同區重慶北路3段43號,0,0,1,2,C03,6,1,5,50,14,9,1,4,4,5,7,4,4,1,4,5,2,17,1,41,2,9,1,4,7,9,1,10,2,12,,44,40,1,22,9,121.513791,25.06552812
111,5,14,17,39,2,03中山區,中山區中山北路2段77巷與林森北路口,0,0,1,1,B03,7,1,5,50,4,1,1,5,4,5,7,4,4,9,5,5,2,16,1,56,3,10,3,4,7,5,1,8,1,8,,8,8,1,22,9,121.5254885,25.05744489
111,5,14,17,39,2,03中山區,中山區中山北路2段77巷與林森北路口,0,0,1,2,C03,7,1,5,50,4,1,1,5,4,5,7,4,4,9,5,5,2,16,1,25,2,9,1,1,7,9,1,10,1,11,,13,8,1,22,9,121.5254885,25.05744489
111,5,14,18,13,2,05中正區,中正區汀州路2段與廈門街口,0,0,2,1,B01,7,1,5,50,4,2,1,5,4,5,7,1,1,5,4,5,2,17,1,60,3,10,1,1,7,9,1,4,2,8,,23,23,1,22,9,121.5175052,25.0253995
111,5,14,18,13,2,05中正區,中正區汀州路2段與廈門街口,0,0,2,2,C03,7,1,5,50,4,2,1,5,4,5,7,1,1,5,4,5,2,17,2,45,2,9,1,1,7,14,1,10,2,11,,44,23,1,22,9,121.5175052,25.0253995
111,5,14,18,13,2,05中正區,中正區汀州路2段與廈門街口,0,0,2,3,H02,7,1,5,50,4,2,1,5,4,5,7,1,1,5,4,5,2,17,2,46,2,9,1,5,7,20,8,20,10,16,,67,23,1,22,9,121.5175052,25.0253995
111,5,14,18,20,2,05中正區,中正區重慶南路1段與開封街1段口,0,0,1,1,C03,6,1,5,50,4,1,1,4,4,5,7,1,1,10,5,5,2,12,1,26,2,9,1,1,7,7,1,10,2,11,,16,16,1,22,9,121.5133082,25.04596844
111,5,14,18,20,2,05中正區,中正區重慶南路1段與開封街1段口,0,0,1,2,C03,6,1,5,50,4,1,1,4,4,5,7,1,1,10,5,5,2,12,2,44,3,10,1,1,7,5,1,10,2,13,,44,16,1,22,9,121.5133082,25.04596844
111,5,14,18,29,2,06松山區,松山區民生東路5段133號,0,0,1,1,A02,7,3,5,50,14,9,1,4,4,5,7,2,1,1,4,5,2,13,1,32,3,10,1,1,7,9,1,1,1,1,,23,23,1,22,9,121.5615462,25.05879739
111,5,14,18,29,2,06松山區,松山區民生東路5段133號,0,0,1,2,C03,7,3,5,50,14,9,1,4,4,5,7,2,1,1,4,5,2,13,1,35,2,9,1,1,7,12,1,10,1,13,,42,23,1,22,9,121.5615462,25.05879739
111,5,14,18,45,2,06松山區,松山區光復南路68號,0,0,1,1,B01,8,3,5,50,14,9,1,5,4,5,7,1,1,1,4,5,2,13,1,40,3,10,1,1,7,9,1,4,1,1,,23,23,1,22,9,121.5576736,25.04539365
111,5,14,18,45,2,06松山區,松山區光復南路68號,0,0,1,2,C03,8,3,5,50,14,9,1,5,4,5,7,1,1,1,4,5,2,13,2,31,2,9,1,1,7,14,1,10,1,13,,44,23,1,22,9,121.5576736,25.04539365
111,5,14,19,0,2,02萬華區,萬華區西園路2段與西藏路口,0,0,1,1,B03,7,3,5,50,4,2,1,5,4,5,7,1,1,3,4,5,2,16,1,57,3,10,1,1,7,6,1,8,1,2,,9,9,1,22,9,121.4956157,25.02851415
111,5,14,19,0,2,02萬華區,萬華區西園路2段與西藏路口,0,0,1,2,C03,7,3,5,50,4,2,1,5,4,5,7,1,1,3,4,5,2,16,1,20,2,9,1,1,7,9,1,10,1,11,,44,9,1,22,9,121.4956157,25.02851415
111,5,14,19,2,2,12內湖區,內湖區文德路210巷30弄與無名巷口前,0,0,1,1,C03,7,3,5,30,3,2,1,5,4,5,7,4,4,9,5,5,2,9,1,28,3,10,1,1,7,9,1,10,2,11,,23,23,1,22,9,121.5842745,25.07715647
111,5,14,19,2,2,12內湖區,內湖區文德路210巷30弄與無名巷口前,0,0,1,2,H01,7,3,5,30,3,2,1,5,4,5,7,4,4,9,5,5,2,9,2,65,2,9,4,5,8,20,8,20,10,16,,53,23,1,22,9,121.5842745,25.07715647
111,5,14,19,9,2,01大同區,大同區西寧北路79號,0,0,3,1,C03,7,3,5,50,14,9,1,5,4,5,7,4,4,5,5,5,2,13,1,26,2,8,1,4,7,9,1,10,1,11,,16,16,1,22,9,121.5089621,25.05560825
111,5,14,19,9,2,01大同區,大同區西寧北路79號,0,0,3,2,C03,7,3,5,50,14,9,1,5,4,5,7,4,4,5,5,5,2,13,1,56,2,8,1,4,7,9,1,10,1,13,,16,16,1,22,9,121.5089621,25.05560825
111,5,14,19,9,2,01大同區,大同區西寧北路79號,0,0,3,3,C03,7,3,5,50,14,9,1,5,4,5,7,4,4,5,5,5,2,13,2,57,3,10,1,4,7,8,1,10,1,15,,7,16,1,22,9,121.5089621,25.05560825
111,5,14,19,9,2,01大同區,大同區西寧北路79號,0,0,3,4,H02,7,3,5,50,14,9,1,5,4,5,7,4,4,5,5,5,2,13,2,54,2,8,1,5,7,20,8,20,10,16,,67,16,1,22,9,121.5089621,25.05560825
111,5,14,19,25,2,03中山區,中山區民權東路2段6號,0,0,1,1,C03,7,3,5,50,14,9,1,5,4,5,7,4,4,1,3,5,1,13,2,49,2,8,1,4,7,9,1,10,1,11,,23,23,1,22,9,121.5281052,25.06251324
111,5,14,19,25,2,03中山區,中山區民權東路2段6號,0,0,1,2,B03,7,3,5,50,14,9,1,5,4,5,7,4,4,1,3,5,1,13,1,35,3,10,3,4,7,14,1,8,1,7,,38,23,1,22,9,121.5281052,25.06251324
111,5,14,19,25,2,12內湖區,內湖區南京東路6段與行善路59巷口,0,0,1,1,B02,6,3,5,50,4,2,1,4,4,5,7,1,1,1,4,5,1,16,2,54,3,10,1,1,7,9,1,8,2,1,,25,25,1,22,9,121.5788873,25.05597082
111,5,14,19,25,2,12內湖區,內湖區南京東路6段與行善路59巷口,0,0,1,2,C03,6,3,5,50,4,2,1,4,4,5,7,1,1,1,4,5,1,16,1,39,2,9,1,1,7,9,1,10,1,12,,44,25,1,22,9,121.5788873,25.05597082
111,5,14,20,2,2,04大安區,大安區通化街171巷與通化街171巷30弄口,0,0,2,1,F01,7,3,5,50,4,2,1,5,4,5,7,4,4,8,3,5,2,12,2,67,2,9,1,1,7,5,8,20,1,16,,8,8,1,22,9,121.5551203,25.02767401
111,5,14,20,2,2,04大安區,大安區通化街171巷與通化街171巷30弄口,0,0,2,2,C03,7,3,5,50,4,2,1,5,4,5,7,4,4,8,3,5,2,12,1,18,2,8,1,1,7,9,1,10,1,11,,23,8,1,22,9,121.5551203,25.02767401
111,5,14,22,9,2,11南港區,南港區忠孝東路6段與東新街口,0,0,2,1,C03,6,3,5,50,4,1,1,4,4,5,7,1,1,10,5,5,2,13,2,21,2,9,3,4,7,5,1,10,1,14,,8,8,1,22,9,121.5850803,25.04797392
111,5,14,22,9,2,11南港區,南港區忠孝東路6段與東新街口,0,0,2,2,C03,6,3,5,50,4,1,1,4,4,5,7,1,1,10,5,5,2,13,1,28,2,9,3,4,7,9,1,10,1,11,,44,8,1,22,9,121.5850803,25.04797392
111,5,14,22,14,2,04大安區,大安區樂利路與樂利路86巷口,0,0,1,1,C03,6,3,5,40,3,1,1,4,4,5,7,4,4,5,4,5,2,17,2,34,2,8,1,1,7,1,1,10,1,14,,19,19,1,22,9,121.5521348,25.02547079
111,5,14,22,14,2,04大安區,大安區樂利路與樂利路86巷口,0,0,1,2,B12,6,3,5,40,3,1,1,4,4,5,7,4,4,5,4,5,2,17,1,34,3,10,1,1,7,5,1,8,1,1,,23,19,1,22,9,121.5521348,25.02547079
111,5,14,22,50,2,03中山區,中山區建國北路1段與長安東路2段口,0,0,1,1,B03,8,3,5,50,4,1,1,5,4,5,7,1,1,4,3,5,1,17,1,36,3,10,1,1,7,6,1,8,1,15,,9,9,1,22,9,121.5369426,25.04842048
111,5,14,22,50,2,03中山區,中山區建國北路1段與長安東路2段口,0,0,1,2,C03,8,3,5,50,4,1,1,5,4,5,7,1,1,4,3,5,1,17,1,28,2,9,1,1,7,9,1,10,1,14,,26,9,1,22,9,121.5369426,25.04842048
111,5,15,0,20,2,02萬華區,萬華區忠孝橋往台北市機車道下橋處,0,0,1,1,C04,6,3,5,50,12,11,1,4,4,5,7,1,1,3,4,5,2,13,1,21,2,9,1,1,7,9,1,10,1,11,,23,23,1,22,9,121.5074537,25.04860916
111,5,15,0,20,2,02萬華區,萬華區忠孝橋往台北市機車道下橋處,0,0,1,2,C03,6,3,5,50,12,11,1,4,4,5,7,1,1,3,4,5,2,13,1,27,3,10,1,1,7,14,1,10,1,13,,44,23,1,22,9,121.5074537,25.04860916
111,5,15,6,50,2,04大安區,大安區辛亥路3段157巷與辛亥路3段口,0,0,1,1,B03,6,1,5,50,4,1,1,4,4,5,7,2,1,1,3,5,2,17,1,48,3,10,1,4,7,6,1,8,2,6,,9,9,1,22,9,121.5491304,25.01710259
111,5,15,6,50,2,04大安區,大安區辛亥路3段157巷與辛亥路3段口,0,0,1,2,C03,6,1,5,50,4,1,1,4,4,5,7,2,1,1,3,5,2,17,1,37,2,9,1,1,7,9,1,10,2,11,,44,9,1,22,9,121.5491304,25.01710259
111,5,15,7,28,2,07信義區,信義區崇德街與信安街口口,0,0,1,1,B12,6,1,5,50,4,1,1,4,4,5,7,2,1,5,5,5,2,1,2,23,3,10,1,1,7,5,1,8,1,1,,15,15,1,22,9,121.5557761,25.0240178
111,5,15,7,28,2,07信義區,信義區崇德街與信安街口口,0,0,1,2,H01,6,1,5,50,4,1,1,4,4,5,7,2,1,5,5,5,2,1,2,76,2,9,4,5,8,16,8,20,10,16,,67,15,1,22,9,121.5557761,25.0240178
111,5,15,7,35,2,06松山區,松山區市民大道4段與敦化南路1段口,0,0,1,1,C03,7,1,5,40,4,1,1,4,4,5,7,1,1,1,4,5,2,17,1,53,3,10,3,4,7,7,5,10,2,15,,7,7,1,22,9,121.5487087,25.04499167
111,5,15,7,35,2,06松山區,松山區市民大道4段與敦化南路1段口,0,0,1,2,C03,7,1,5,40,4,1,1,4,4,5,7,1,1,1,4,5,2,17,1,28,2,9,3,4,7,9,1,10,2,12,,44,7,1,22,9,121.5487087,25.04499167
111,5,15,8,19,2,06松山區,松山區健康路325巷5弄與延壽街72巷口,0,0,1,1,C03,7,1,5,30,14,9,1,4,3,5,7,4,4,10,5,5,2,18,2,48,2,9,1,1,7,9,1,10,2,14,,13,13,1,22,9,121.56557,25.05477444
111,5,15,8,19,2,06松山區,松山區健康路325巷5弄與延壽街72巷口,0,0,1,2,,7,1,5,30,14,9,1,4,3,5,7,4,4,10,5,5,2,18,3,,,,,,,,,,,,,67,13,1,,,121.56557,25.05477444
111,5,15,8,49,2,07信義區,信義區基隆路1段139號,0,0,1,1,B03,6,1,5,50,14,9,1,4,4,5,7,2,1,1,4,5,2,16,1,65,3,10,1,1,7,6,1,8,1,2,,9,9,1,22,8,121.5659143,25.04332608
111,5,15,8,49,2,07信義區,信義區基隆路1段139號,0,0,1,2,C03,6,1,5,50,14,9,1,4,4,5,7,2,1,1,4,5,2,16,1,27,2,8,1,1,7,9,1,10,1,14,,44,9,1,22,8,121.5659143,25.04332608
111,5,15,9,4,2,10文山區,文山區景華街與景華街97巷口,0,0,1,1,B03,6,1,5,30,3,1,1,4,4,5,7,4,4,5,5,5,2,16,1,40,3,10,1,1,7,5,1,8,1,4,,8,8,1,22,9,121.5463543,24.99555841
111,5,15,9,4,2,10文山區,文山區景華街與景華街97巷口,0,0,1,2,C03,6,1,5,30,3,1,1,4,4,5,7,4,4,5,5,5,2,16,2,36,2,9,1,1,7,9,1,10,1,11,,23,8,1,22,9,121.5463543,24.99555841
111,5,15,11,3,2,12內湖區,內湖區東湖路與東湖路106巷口,0,0,1,1,B12,6,1,5,50,3,2,1,4,4,5,7,4,4,5,4,5,2,16,1,67,3,10,1,1,7,1,1,8,1,4,,19,19,1,22,9,121.615496,25.0684344
111,5,15,11,3,2,12內湖區,內湖區東湖路與東湖路106巷口,0,0,1,2,C03,6,1,5,50,3,2,1,4,4,5,7,4,4,5,4,5,2,16,2,73,2,9,1,1,7,9,1,10,1,12,,44,19,1,22,9,121.615496,25.0684344
111,5,15,11,13,2,02萬華區,萬華區康定路與艋舺大道口,0,0,2,1,B03,7,1,5,50,4,1,1,4,4,5,7,1,1,5,4,5,2,11,1,55,3,10,1,1,7,5,1,8,1,6,,6,6,1,22,9,121.5005355,25.03299928
111,5,15,11,13,2,02萬華區,萬華區康定路與艋舺大道口,0,0,2,2,C03,7,1,5,50,4,1,1,4,4,5,7,1,1,5,4,5,2,11,1,69,2,9,1,1,7,9,4,8,1,11,,44,6,1,22,9,121.5005355,25.03299928
111,5,15,11,13,2,02萬華區,萬華區康定路與艋舺大道口,0,0,2,3,H02,7,1,5,50,4,1,1,4,4,5,7,1,1,5,4,5,2,11,2,73,2,9,1,5,7,21,8,20,10,15,,67,6,1,22,9,121.5005355,25.03299928
111,5,15,12,10,2,03中山區,中山區民族東路與濱江街180巷口,0,0,2,1,C03,7,1,5,50,3,1,1,5,4,5,7,1,1,3,4,4,2,17,1,29,2,9,1,1,7,9,1,10,1,11,,23,23,1,22,9,121.5381245,25.06810711
111,5,15,12,10,2,03中山區,中山區民族東路與濱江街180巷口,0,0,2,2,C04,7,1,5,50,3,1,1,5,4,5,7,1,1,3,4,4,2,17,1,70,2,9,1,1,7,5,1,8,1,13,,8,23,1,22,9,121.5381245,25.06810711
111,5,15,12,20,2,03中山區,中山區中山北路2段與民生東路1段口,0,0,1,1,B03,8,1,5,50,4,1,1,5,4,5,7,2,1,9,4,5,2,17,1,28,3,10,3,4,7,5,1,8,1,2,,6,6,1,22,9,121.5229256,25.05795337
111,5,15,12,20,2,03中山區,中山區中山北路2段與民生東路1段口,0,0,1,2,C03,8,1,5,50,4,1,1,5,4,5,7,2,1,9,4,5,2,17,1,55,2,9,3,4,7,9,6,18,1,12,,42,6,1,22,9,121.5229256,25.05795337
111,5,15,12,32,2,07信義區,信義區松壽路與松高路20巷口,0,0,1,1,C03,6,1,5,50,4,1,1,4,4,5,7,4,4,10,4,5,1,17,1,36,2,9,1,1,7,5,1,10,1,12,,6,6,1,22,9,121.5675841,25.0358347
111,5,15,12,32,2,07信義區,信義區松壽路與松高路20巷口,0,0,1,2,B01,6,1,5,50,4,1,1,4,4,5,7,4,4,10,4,5,1,17,1,63,3,10,1,1,7,9,1,4,1,8,,44,6,1,22,9,121.5675841,25.0358347
111,5,15,13,31,2,02萬華區,萬華區西園路1段214號,0,0,1,1,B03,7,1,5,40,14,9,1,5,4,5,7,4,4,1,4,5,2,17,1,44,3,10,1,1,7,9,1,8,1,1,,23,23,1,22,9,121.4993257,25.03572795
111,5,15,13,31,2,02萬華區,萬華區西園路1段214號,0,0,1,2,C03,7,1,5,40,14,9,1,5,4,5,7,4,4,1,4,5,2,17,1,29,2,7,1,1,7,10,1,10,1,13,,6,23,1,22,9,121.4993257,25.03572795
111,5,15,13,31,2,02萬華區,萬華區西園路1段214號,0,0,1,3,B01,7,1,5,40,14,9,1,5,4,5,7,4,4,1,4,5,2,17,1,60,3,10,1,1,7,9,1,4,1,3,,44,23,1,22,9,121.4993257,25.03572795
111,5,15,13,50,2,07信義區,信義區吳興街345巷與吳興街281巷口,0,0,1,1,B01,7,1,5,50,3,1,1,5,4,5,7,4,4,10,5,5,2,17,1,66,3,10,1,1,7,5,1,4,1,2,,6,6,1,22,9,121.5659355,25.0264735
111,5,15,13,50,2,07信義區,信義區吳興街345巷與吳興街281巷口,0,0,1,2,F03,7,1,5,50,3,1,1,5,4,5,7,4,4,10,5,5,2,17,2,67,2,9,1,1,7,15,8,20,1,16,,44,6,1,22,9,121.5659355,25.0264735
111,5,15,14,42,2,07信義區,信義區松仁路與松仁路202巷口,0,0,2,1,C03,6,1,5,50,3,1,1,4,4,5,7,4,4,9,5,4,2,16,1,31,2,9,1,1,7,5,1,10,1,12,,6,6,1,22,9,121.5683084,25.02729961
111,5,15,14,42,2,07信義區,信義區松仁路與松仁路202巷口,0,0,2,2,C03,6,1,5,50,3,1,1,4,4,5,7,4,4,9,5,4,2,16,1,33,2,8,1,1,7,9,1,10,1,11,,14,6,1,22,9,121.5683084,25.02729961
111,5,15,14,42,2,07信義區,信義區松仁路與松仁路202巷口,0,0,2,3,B03,6,1,5,50,3,1,1,4,4,5,7,4,4,9,5,4,2,16,1,49,3,10,3,1,7,15,1,8,9,15,,26,6,1,22,9,121.5683084,25.02729961
111,5,15,15,10,2,12內湖區,內湖區民權東路6段與行愛路口,0,0,1,1,B03,7,1,5,50,4,1,1,4,4,5,7,1,1,1,4,5,2,16,1,42,3,10,1,1,7,5,1,8,1,7,,8,8,1,22,9,121.5785038,25.06658432
111,5,15,15,10,2,12內湖區,內湖區民權東路6段與行愛路口,0,0,1,2,C03,7,1,5,50,4,1,1,4,4,5,7,1,1,1,4,5,2,16,1,43,2,9,1,1,7,9,1,9,11,11,,44,8,1,22,9,121.5785038,25.06658432
111,5,15,15,13,2,04大安區,大安區仁愛路4段與敦化南路1段口,0,0,1,1,B01,7,2,5,50,5,2,1,5,4,5,7,2,1,1,4,5,1,11,1,64,2,7,1,4,7,6,1,4,1,2,,9,9,1,22,9,121.5485377,25.03704059
111,5,15,15,13,2,04大安區,大安區仁愛路4段與敦化南路1段口,0,0,1,2,B01,7,2,5,50,5,2,1,5,4,5,7,2,1,1,4,5,1,11,1,63,3,10,1,4,7,6,1,4,1,8,,23,9,1,22,9,121.5485377,25.03704059
111,5,15,15,20,2,08士林區,士林區中山北路5段與文林路口,0,0,1,1,B03,6,1,5,40,3,1,1,4,4,5,7,1,1,1,1,1,1,12,2,60,3,10,1,1,7,6,1,8,1,5,,9,9,1,22,9,121.5256236,25.0860234
111,5,15,15,20,2,08士林區,士林區中山北路5段與文林路口,0,0,1,2,C03,6,1,5,40,3,1,1,4,4,5,7,1,1,1,1,1,1,12,2,49,2,9,1,1,7,9,1,10,1,14,,44,9,1,22,9,121.5256236,25.0860234
111,5,15,15,55,2,05中正區,中正區羅斯福路1段與金華街口,0,0,1,1,C03,6,1,5,50,3,2,1,4,4,5,7,4,4,2,4,4,2,13,2,62,2,7,1,1,7,9,1,10,2,11,,23,23,1,22,9,121.5186488,25.0323526
111,5,15,15,55,2,05中正區,中正區羅斯福路1段與金華街口,0,0,1,2,B03,6,1,5,50,3,2,1,4,4,5,7,4,4,2,4,4,2,13,1,37,3,10,1,1,7,14,1,8,2,6,,44,23,1,22,9,121.5186488,25.0323526
111,5,15,16,9,2,01大同區,大同區延平北路2段與延平北路2段144巷口,0,0,1,1,B03,6,1,5,50,3,2,1,4,4,5,7,4,4,9,4,5,1,16,1,29,3,10,1,1,7,5,1,8,1,8,,6,6,1,22,9,121.5115032,25.05766768