發生年度,發生月,發生日,發生時-Hours,發生分,處理別-編號,區序,肇事地點,死亡人數,2-30日死亡人數,受傷人數,當事人序號,車種,天候,光線,道路類別,速限-速度限制,道路型態,事故位置,路面狀況1,路面狀況2,路面狀況3,道路障礙1,道路障礙2,號誌1,號誌2,車道劃分-分向,車道劃分-分道1,車道劃分-分道2,車道劃分-分道3,事故類型及型態,性別,年齡,受傷程度,主要傷處,安全帽,行動電話,車輛用途,當事者行動狀態,駕駛資格情形,駕駛執照種類,飲酒情形,車輛撞擊部位1,車輛撞擊部位2,肇因碼-個別,肇因碼-主要,個人肇逃否,職業,旅次目的,座標-X,座標-Y
111,5,15,16,9,2,01大同區,大同區延平北路2段與延平北路2段144巷口,0,0,1,2,C03,6,1,5,50,3,2,1,4,4,5,7,4,4,9,4,5,1,16,1,31,2,9,1,1,7,9,1,10,1,12,,16,6,1,22,9,121.5115032,25.05766768
111,5,15,17,25,2,02萬華區,萬華區忠孝橋往台北市下橋處,0,0,1,1,C03,6,1,5,50,15,11,1,4,4,5,7,2,1,1,4,5,2,17,1,30,2,8,1,1,7,1,1,10,9,12,,43,43,1,22,9,121.5075034,25.04853954
111,5,15,17,25,2,02萬華區,萬華區忠孝橋往台北市下橋處,0,0,1,2,,6,1,5,50,15,11,1,4,4,5,7,2,1,1,4,5,2,17,4,,4,11,3,4,7,15,7,19,11,15,,43,43,2,22,9,121.5075034,25.04853954
111,5,15,18,30,2,08士林區,士林區中正路與重慶北路4段口,0,0,2,1,B03,6,3,5,50,3,1,1,4,4,5,7,4,4,1,4,5,1,16,1,35,3,10,1,1,7,6,1,8,1,5,,9,9,1,21,8,121.5098506,25.0867268
111,5,15,18,30,2,08士林區,士林區中正路與重慶北路4段口,0,0,2,2,C03,6,3,5,50,3,1,1,4,4,5,7,4,4,1,4,5,1,16,2,42,2,9,1,1,7,9,1,10,1,14,,44,9,1,21,8,121.5098506,25.0867268
111,5,15,18,30,2,08士林區,士林區中正路與重慶北路4段口,0,0,2,3,H02,6,3,5,50,3,1,1,4,4,5,7,4,4,1,4,5,1,16,2,63,2,9,1,5,7,17,8,20,10,16,,67,9,1,21,8,121.5098506,25.0867268
111,5,15,18,30,2,11南港區,南港區南港路1段與南港路1段277巷口,0,0,1,1,B03,6,3,5,50,5,1,1,4,4,5,7,1,1,4,3,5,1,16,1,61,3,10,3,4,7,5,1,8,2,8,,8,8,1,22,9,121.6086009,25.05464739
111,5,15,18,30,2,11南港區,南港區南港路1段與南港路1段277巷口,0,0,1,2,C03,6,3,5,50,5,1,1,4,4,5,7,1,1,4,3,5,1,16,1,17,2,9,3,4,7,9,2,18,2,11,,44,8,1,22,9,121.6086009,25.05464739
111,5,15,18,45,2,12內湖區,內湖區碧山路第038燈桿,0,0,2,1,C03,6,3,5,40,12,9,1,4,4,5,7,4,4,9,5,5,2,2,1,34,2,7,1,1,7,9,6,10,1,11,,23,23,1,22,9,121.5878427,25.09417578
111,5,15,18,45,2,12內湖區,內湖區碧山路第038燈桿,0,0,2,2,H01,6,3,5,40,12,9,1,4,4,5,7,4,4,9,5,5,2,2,1,34,2,9,4,5,8,16,8,20,10,16,,67,23,1,22,9,121.5878427,25.09417578
111,5,15,19,0,2,11南港區,南港區富康街13號,0,0,1,1,B03,6,3,5,30,14,9,1,4,4,5,7,4,4,8,3,5,2,3,1,48,3,10,3,4,7,9,1,8,2,1,,23,23,1,22,9,121.6172969,25.05395926
111,5,15,19,0,2,11南港區,南港區富康街13號,0,0,1,2,H01,6,3,5,30,14,9,1,4,4,5,7,4,4,8,3,5,2,3,2,36,2,8,4,5,8,16,8,20,10,16,,60,23,1,22,9,121.6172969,25.05395926
111,5,15,19,2,2,08士林區,士林區大南路353號前,0,0,2,1,C03,6,3,5,50,14,9,1,4,4,5,7,4,4,9,5,5,1,3,1,67,2,7,1,1,7,9,1,10,1,11,,23,23,1,21,8,121.5169123,25.0891249
111,5,15,19,2,2,08士林區,士林區大南路353號前,0,0,2,2,H01,6,3,5,50,14,9,1,4,4,5,7,4,4,9,5,5,1,3,1,74,2,1,4,5,8,16,8,20,10,16,,53,23,1,21,8,121.5169123,25.0891249
111,5,15,19,5,2,11南港區,南港區重陽路與惠民街口口,0,0,1,1,B02,6,3,5,50,3,1,1,4,4,5,7,2,1,5,4,5,2,17,1,52,3,10,1,1,7,5,1,8,1,15,,8,8,1,22,9,121.6098066,25.0591219
111,5,15,19,5,2,11南港區,南港區重陽路與惠民街口口,0,0,1,2,C03,6,3,5,50,3,1,1,4,4,5,7,2,1,5,4,5,2,17,2,37,2,9,1,1,7,9,1,10,1,14,,13,8,1,22,9,121.6098066,25.0591219
111,5,15,19,49,2,02萬華區,萬華區萬大路與莒光路口,0,0,1,1,C03,6,3,5,50,4,2,1,4,4,5,7,1,1,3,4,5,2,13,1,43,3,10,1,1,7,9,3,18,5,14,,17,17,1,22,9,121.5005611,25.03128155
111,5,15,19,49,2,02萬華區,萬華區萬大路與莒光路口,0,0,1,2,C03,6,3,5,50,4,2,1,4,4,5,7,1,1,3,4,5,2,13,1,63,2,3,1,1,7,14,1,10,2,14,,17,17,1,22,9,121.5005611,25.03128155
111,5,15,19,50,2,06松山區,松山區八德路4段162號,0,0,1,1,B01,6,3,5,50,14,9,1,4,4,5,7,4,4,4,3,5,2,13,1,61,3,10,1,1,7,5,1,4,1,7,,8,8,1,22,9,121.5629043,25.04874159
111,5,15,19,50,2,06松山區,松山區八德路4段162號,0,0,1,2,C03,6,3,5,50,14,9,1,4,4,5,7,4,4,4,3,5,2,13,1,19,2,9,1,1,7,9,1,10,1,11,,26,8,1,22,9,121.5629043,25.04874159
111,5,15,21,5,2,10文山區,文山區指南路2段137號,0,0,1,1,C03,6,3,5,50,14,9,1,4,4,5,7,4,4,5,5,5,2,17,2,42,2,9,1,1,7,9,4,8,1,11,,23,23,1,22,9,121.5770437,24.98742361
111,5,15,21,5,2,10文山區,文山區指南路2段137號,0,0,1,2,B03,6,3,5,50,14,9,1,4,4,5,7,4,4,5,5,5,2,17,2,38,3,10,1,1,7,13,1,8,1,3,,38,23,1,22,9,121.5770437,24.98742361
111,5,15,21,20,2,06松山區,松山區敦化北路155巷66弄與敦化北路165巷口,0,0,1,1,B01,6,3,5,30,4,1,1,4,4,5,7,4,4,10,5,5,2,15,1,62,3,10,1,1,7,9,1,4,1,5,,6,6,1,22,9,121.551279,25.05472626
111,5,15,21,20,2,06松山區,松山區敦化北路155巷66弄與敦化北路165巷口,0,0,1,2,C03,6,3,5,30,4,1,1,4,4,5,7,4,4,10,5,5,2,15,2,27,2,8,1,1,7,9,1,10,1,14,,13,6,1,22,9,121.551279,25.05472626
111,5,15,22,5,2,12內湖區,內湖區金湖路與金湖路358巷口,0,0,1,1,B02,6,3,5,50,4,1,1,4,4,5,7,2,1,3,4,5,2,17,1,26,3,10,1,1,7,11,1,8,1,3,,10,10,1,22,9,121.6040738,25.07352034
111,5,15,22,5,2,12內湖區,內湖區金湖路與金湖路358巷口,0,0,1,2,C03,6,3,5,50,4,1,1,4,4,5,7,2,1,3,4,5,2,17,1,31,2,9,1,1,7,9,1,10,1,11,,23,10,1,22,9,121.6040738,25.07352034
111,5,15,23,20,2,02萬華區,萬華區康定路與貴陽街2段口,0,0,1,1,C03,6,4,5,50,4,1,1,4,4,5,7,1,1,9,4,5,2,16,1,38,3,10,1,1,7,5,1,10,1,13,,6,6,1,22,9,121.5020549,25.0400834
111,5,15,23,20,2,02萬華區,萬華區康定路與貴陽街2段口,0,0,1,2,C03,6,4,5,50,4,1,1,4,4,5,7,1,1,9,4,5,2,16,1,21,3,10,1,1,7,9,1,10,1,11,,44,6,1,22,9,121.5020549,25.0400834
111,5,15,23,20,2,02萬華區,萬華區康定路與貴陽街2段口,0,0,1,3,C03,6,4,5,50,4,1,1,4,4,5,7,1,1,9,4,5,2,16,1,27,2,8,1,1,7,9,1,10,1,11,,23,6,1,22,9,121.5020549,25.0400834
111,5,16,7,35,2,10文山區,文山區新光路1段與秀明路2段口口,0,0,1,1,B03,6,1,5,50,4,1,2,4,4,5,7,1,1,4,5,5,2,15,1,71,3,10,1,1,7,9,1,8,2,5,,25,25,1,22,9,121.5736678,24.99169669
111,5,16,7,35,2,10文山區,文山區新光路1段與秀明路2段口口,0,0,1,2,C03,6,1,5,50,4,1,2,4,4,5,7,1,1,4,5,5,2,15,1,20,2,9,1,1,7,9,1,10,2,11,,26,25,1,22,9,121.5736678,24.99169669
111,5,16,7,45,2,12內湖區,內湖區瑞光路196號,0,0,1,1,C03,6,1,5,50,14,9,1,4,4,5,7,4,4,5,4,5,2,13,2,26,2,9,1,1,7,9,1,10,1,11,,13,13,1,22,9,121.5772085,25.074918
111,5,16,7,45,2,12內湖區,內湖區瑞光路196號,0,0,1,2,B01,6,1,5,50,14,9,1,4,4,5,7,4,4,5,4,5,2,13,1,59,3,10,2,1,7,8,1,4,1,3,,7,13,1,22,9,121.5772085,25.074918
111,5,16,8,25,2,02萬華區,萬華區環河南路2段280巷與長順街89巷口,0,0,1,1,C03,6,1,5,30,4,1,1,4,4,5,7,4,4,9,5,5,2,15,1,24,2,9,1,1,7,9,1,10,2,14,,6,6,1,22,9,121.4909731,25.03238297
111,5,16,8,25,2,02萬華區,萬華區環河南路2段280巷與長順街89巷口,0,0,1,2,A12,6,1,5,30,4,1,1,4,4,5,7,4,4,9,5,5,2,15,1,52,3,10,1,1,7,9,1,3,2,1,,13,6,1,22,9,121.4909731,25.03238297
111,5,16,8,26,2,06松山區,松山區南京東路5段285號,0,0,1,1,C03,6,1,5,50,14,9,1,4,4,5,7,1,1,1,4,5,2,13,1,24,2,9,3,4,7,9,1,10,2,11,,16,16,1,22,9,121.565934,25.05144822
111,5,16,8,26,2,06松山區,松山區南京東路5段285號,0,0,1,2,B03,6,1,5,50,14,9,1,4,4,5,7,1,1,1,4,5,2,13,1,45,3,10,3,4,7,12,1,8,2,6,,44,16,1,22,9,121.565934,25.05144822
111,5,16,8,40,2,12內湖區,內湖區成功路2段與民權東路6段口口,0,0,1,1,B02,6,1,5,50,4,1,1,4,4,5,7,2,1,1,4,5,2,16,2,63,3,10,1,1,7,6,1,8,2,15,,9,9,1,22,9,121.5910181,25.06883421
111,5,16,8,40,2,12內湖區,內湖區成功路2段與民權東路6段口口,0,0,1,2,C03,6,1,5,50,4,1,1,4,4,5,7,2,1,1,4,5,2,16,2,37,2,9,1,1,7,12,1,10,2,12,,42,9,1,22,9,121.5910181,25.06883421
111,5,16,8,47,2,05中正區,中正區公園路與青島西路口口,0,0,1,1,A02,6,1,5,50,14,9,1,4,4,5,7,1,1,4,3,5,2,9,1,44,3,10,1,1,7,9,1,2,1,15,,43,43,1,22,9,121.5171371,25.04494852
111,5,16,8,47,2,05中正區,中正區公園路與青島西路口口,0,0,1,2,H02,6,1,5,50,14,9,1,4,4,5,7,1,1,4,3,5,2,9,2,71,2,7,4,1,7,20,8,20,10,16,,60,43,1,22,9,121.5171371,25.04494852
111,5,16,8,49,2,06松山區,松山區南京東路5段123巷與南京東路5段123巷1弄口,0,0,2,1,C04,6,1,5,30,4,1,1,4,4,5,7,4,4,9,5,5,2,10,2,45,2,9,1,1,7,9,1,11,1,11,,6,6,1,22,9,121.5607973,25.05208405
111,5,16,8,49,2,06松山區,松山區南京東路5段123巷與南京東路5段123巷1弄口,0,0,2,2,C03,6,1,5,30,4,1,1,4,4,5,7,4,4,9,5,5,2,10,1,39,2,9,1,1,7,9,1,10,1,12,,4,6,1,22,9,121.5607973,25.05208405
111,5,16,9,0,2,05中正區,中正區重慶南路1段與貴陽街1段口,0,0,1,1,C03,6,1,5,50,4,1,1,4,4,5,7,1,1,5,4,5,2,17,1,57,3,10,1,1,7,15,1,10,2,13,,6,6,2,22,9,121.5129371,25.03871593
111,5,16,9,0,2,05中正區,中正區重慶南路1段與貴陽街1段口,0,0,1,2,C03,6,1,5,50,4,1,1,4,4,5,7,1,1,5,4,5,2,17,2,28,2,8,1,1,7,9,1,10,2,11,,44,6,1,22,9,121.5129371,25.03871593
111,5,16,9,0,2,10文山區,文山區木柵路4段與木柵路4段33巷口,0,0,1,1,C03,6,1,5,50,3,2,1,4,4,5,7,1,1,5,4,4,2,18,2,35,2,9,1,1,7,9,1,10,1,12,,44,44,1,22,9,121.5715494,24.9940766
111,5,16,9,0,2,10文山區,文山區木柵路4段與木柵路4段33巷口,0,0,1,2,,6,1,5,50,3,2,1,4,4,5,7,1,1,5,4,4,2,18,3,,,,,,,,,,,,,67,44,1,,,121.5715494,24.9940766
111,5,16,9,5,2,10文山區,文山區萬盛街與萬盛街52巷口,0,0,2,1,C03,6,1,5,30,3,1,1,4,4,5,7,4,4,9,5,5,2,16,2,35,2,9,1,1,7,5,1,10,2,14,,8,8,1,22,9,121.5398111,25.00689824
111,5,16,9,5,2,10文山區,文山區萬盛街與萬盛街52巷口,0,0,2,2,C03,6,1,5,30,3,1,1,4,4,5,7,4,4,9,5,5,2,16,2,42,2,9,1,1,7,9,1,10,2,12,,13,8,1,22,9,121.5398111,25.00689824
111,5,16,9,24,2,06松山區,松山區市民大道4段35號,0,0,1,1,B03,6,1,5,40,14,9,1,4,4,5,7,4,4,1,3,5,2,17,1,50,3,10,3,4,7,5,1,8,9,15,,8,8,2,22,9,121.5449585,25.04515375
111,5,16,9,24,2,06松山區,松山區市民大道4段35號,0,0,1,2,C03,6,1,5,40,14,9,1,4,4,5,7,4,4,1,3,5,2,17,2,23,2,9,1,1,7,9,1,10,1,12,,23,8,1,22,9,121.5449585,25.04515375
111,5,16,9,39,2,05中正區,中正區中山南路與信義路1段口,0,0,1,1,B03,6,1,5,50,5,1,1,4,4,5,7,3,1,1,4,5,2,17,1,23,3,10,1,1,7,9,1,8,2,15,,25,25,1,22,9,121.5177432,25.03849278
111,5,16,9,39,2,05中正區,中正區中山南路與信義路1段口,0,0,1,2,C03,6,1,5,50,5,1,1,4,4,5,7,3,1,1,4,5,2,17,1,33,2,9,1,1,7,9,1,10,2,14,,44,25,1,22,9,121.5177432,25.03849278
111,5,16,10,10,2,03中山區,中山區林森北路485巷與林森北路口,0,0,1,1,B03,6,1,5,50,3,1,1,4,4,5,7,4,4,5,2,5,2,16,1,62,3,10,1,1,7,5,1,8,1,2,,8,8,1,1,5,121.525593,25.06123521
111,5,16,10,10,2,03中山區,中山區林森北路485巷與林森北路口,0,0,1,2,C03,6,1,5,50,3,1,1,4,4,5,7,4,4,5,2,5,2,16,2,32,2,9,1,1,7,9,1,10,1,11,,44,8,1,5,3,121.525593,25.06123521
111,5,16,10,25,2,02萬華區,萬華區西園路2段與西藏路口,0,0,1,1,B02,6,1,5,50,4,1,1,4,4,5,7,1,1,1,4,5,1,16,1,45,3,10,1,1,7,5,1,8,1,5,,6,6,1,22,9,121.4955624,25.02878171
111,5,16,10,25,2,02萬華區,萬華區西園路2段與西藏路口,0,0,1,2,C03,6,1,5,50,4,1,1,4,4,5,7,1,1,1,4,5,1,16,1,25,2,9,1,1,7,9,1,10,1,11,,13,6,1,22,9,121.4955624,25.02878171
111,5,16,11,5,2,07信義區,信義區永吉路278巷58弄與永吉路278巷口,0,0,1,2,F01,7,1,5,30,4,1,1,4,4,5,7,4,4,8,4,5,2,17,2,57,2,9,1,1,7,15,8,20,1,16,,44,6,1,22,9,121.5741132,25.04341607
111,5,16,11,5,2,07信義區,信義區永吉路278巷58弄與永吉路278巷口,0,0,1,1,B03,7,1,5,30,4,1,1,4,4,5,7,4,4,8,4,5,2,17,1,54,3,10,1,1,7,15,1,8,1,8,,6,6,1,22,9,121.5741132,25.04341607
111,5,16,11,10,2,07信義區,信義區忠孝東路5段23號對面,0,0,1,1,B12,6,1,5,50,14,9,1,4,4,5,7,4,4,10,4,5,2,13,1,49,3,10,1,1,7,15,1,8,1,1,,42,42,1,22,9,121.5659193,25.04106942
111,5,16,11,10,2,07信義區,信義區忠孝東路5段23號對面,0,0,1,2,B03,6,1,5,50,14,9,1,4,4,5,7,4,4,10,4,5,2,13,2,62,3,10,1,1,7,14,1,8,1,3,,44,42,1,22,9,121.5659193,25.04106942
111,5,16,11,10,2,07信義區,信義區忠孝東路5段23號對面,0,0,1,3,H02,6,1,5,50,14,9,1,4,4,5,7,4,4,10,4,5,2,13,1,67,2,6,1,5,7,21,8,20,10,16,,67,42,1,22,9,121.5659193,25.04106942
111,5,16,11,13,2,10文山區,文山區萬利街2巷前,0,0,1,1,B03,6,1,5,40,12,9,1,4,4,5,7,4,4,8,5,5,2,11,2,63,3,10,1,1,7,7,1,8,2,1,,23,23,1,22,9,121.5683371,24.99944157
111,5,16,11,13,2,10文山區,文山區萬利街2巷前,0,0,1,2,C03,6,1,5,40,12,9,1,4,4,5,7,4,4,8,5,5,2,11,2,23,2,9,1,1,7,9,1,10,9,11,,23,23,1,22,9,121.5683371,24.99944157
111,5,16,11,35,2,04大安區,大安區金華街與金華街102巷口,0,0,1,1,B01,6,1,5,50,3,1,1,4,4,3,7,4,4,9,5,5,2,11,1,58,3,10,1,1,7,8,1,4,1,2,,7,7,1,22,9,121.5256946,25.03033823
111,5,16,11,35,2,04大安區,大安區金華街與金華街102巷口,0,0,1,2,F01,6,1,5,50,3,1,1,4,4,3,7,4,4,9,5,5,2,11,2,81,2,9,1,1,7,9,8,20,1,16,,44,7,1,22,9,121.5256946,25.03033823
111,5,16,11,51,2,04大安區,大安區敦化南路1段與敦化南路1段236巷口,0,0,1,1,B03,6,1,5,50,3,1,1,4,4,5,7,4,4,1,4,5,2,12,1,52,3,10,1,1,7,6,1,8,2,2,,9,9,1,21,8,121.5485898,25.04052167
111,5,16,11,51,2,04大安區,大安區敦化南路1段與敦化南路1段236巷口,0,0,1,2,C04,6,1,5,50,3,1,1,4,4,5,7,4,4,1,4,5,2,12,2,68,2,9,1,1,7,9,1,8,2,11,,44,9,1,21,8,121.5485898,25.04052167
111,5,16,12,36,2,05中正區,中正區忠孝東路1段與林森南路口,0,0,1,1,C03,6,1,5,50,14,9,1,4,4,5,7,1,1,3,4,5,2,16,1,22,2,9,1,1,7,8,1,10,2,12,,7,7,1,22,9,121.5229939,25.04481
111,5,16,12,36,2,05中正區,中正區忠孝東路1段與林森南路口,0,0,1,2,B03,6,1,5,50,14,9,1,4,4,5,7,1,1,3,4,5,2,16,1,35,3,10,1,1,7,9,1,8,2,8,,44,7,1,22,9,121.5229939,25.04481
111,5,16,12,55,2,11南港區,南港區中坡北路40巷與中坡北路口口,0,0,2,1,B01,6,1,5,50,3,2,1,4,4,5,7,4,4,1,3,5,2,12,1,50,3,10,1,1,7,1,1,8,1,4,,19,19,1,22,9,121.5807554,25.04615324
111,5,16,12,55,2,11南港區,南港區中坡北路40巷與中坡北路口口,0,0,2,2,C03,6,1,5,50,3,2,1,4,4,5,7,4,4,1,3,5,2,12,2,44,2,8,1,1,7,9,1,10,1,12,,44,19,1,22,9,121.5807554,25.04615324
111,5,16,12,55,2,11南港區,南港區中坡北路40巷與中坡北路口口,0,0,2,3,H02,6,1,5,50,3,2,1,4,4,5,7,4,4,1,3,5,2,12,1,3,2,1,1,1,7,20,8,20,10,15,,67,19,1,22,9,121.5807554,25.04615324
111,5,16,13,0,2,07信義區,信義區基隆路1段與東興路口,0,0,1,1,B03,6,1,5,50,4,2,1,4,4,5,7,2,1,8,3,5,2,17,1,52,3,10,1,1,7,15,1,8,1,15,,26,26,1,22,9,121.5669711,25.04557414
111,5,16,13,0,2,07信義區,信義區基隆路1段與東興路口,0,0,1,2,C03,6,1,5,50,4,2,1,4,4,5,7,2,1,8,3,5,2,17,2,31,2,8,1,1,7,9,1,10,1,11,,23,26,1,22,9,121.5669711,25.04557414
111,5,16,13,23,2,09北投區,北投區大度路1段與中央北路2段257巷口,0,0,1,1,C03,6,1,5,50,5,1,1,4,4,1,7,1,1,1,4,1,1,15,1,26,2,7,1,1,7,9,1,10,1,12,,25,25,1,22,9,121.4862955,25.1221165
111,5,16,13,23,2,09北投區,北投區大度路1段與中央北路2段257巷口,0,0,1,2,B03,6,1,5,50,5,1,1,4,4,1,7,1,1,1,4,1,1,15,1,40,3,10,3,4,7,9,1,8,1,8,,44,25,1,22,9,121.4862955,25.1221165
111,5,16,14,0,2,04大安區,"大安區基隆路3段(北往南,國立臺灣大學旁)",0,0,1,1,C03,6,1,5,50,14,9,1,4,4,5,7,4,4,1,4,5,2,13,1,67,4,11,3,4,7,8,7,19,11,15,,7,7,2,22,9,121.5444864,25.01751523
111,5,16,14,0,2,04大安區,"大安區基隆路3段(北往南,國立臺灣大學旁)",0,0,1,2,C03,6,1,5,50,14,9,1,4,4,5,7,4,4,1,4,5,2,13,1,31,2,9,1,1,7,12,1,10,1,11,,23,7,1,22,9,121.5444864,25.01751523
111,5,16,14,7,2,07信義區,信義區基隆路2段113號,0,0,1,1,B03,6,1,5,50,14,9,1,4,4,5,7,4,4,1,4,5,2,12,2,61,3,10,1,1,7,8,1,8,1,2,,6,6,1,22,9,121.5570651,25.02875416
111,5,16,14,7,2,07信義區,信義區基隆路2段113號,0,0,1,2,C03,6,1,5,50,14,9,1,4,4,5,7,4,4,1,4,5,2,12,2,23,2,9,1,1,7,9,1,10,1,14,,44,6,1,22,9,121.5570651,25.02875416
111,5,16,14,30,2,06松山區,松山區南京東路5段250巷與南京東路5段250巷2弄口,0,0,1,1,B03,6,1,5,30,4,1,1,4,4,5,7,4,4,10,5,5,2,15,1,38,3,10,1,1,7,9,1,8,1,5,,6,6,1,22,9,121.5661166,25.05071626
111,5,16,14,30,2,06松山區,松山區南京東路5段250巷與南京東路5段250巷2弄口,0,0,1,2,C03,6,1,5,30,4,1,1,4,4,5,7,4,4,10,5,5,2,15,1,45,2,9,1,1,7,9,1,10,1,14,,6,6,1,22,9,121.5661166,25.05071626
111,5,16,14,50,2,05中正區,中正區市民大道1段M1出口前,0,0,1,2,C03,6,1,5,40,14,9,1,4,4,5,7,4,4,1,4,5,1,12,1,26,2,9,1,1,7,9,1,10,2,12,,44,7,1,22,9,121.5180455,25.04843463
111,5,16,14,50,2,05中正區,中正區市民大道1段M1出口前,0,0,1,1,C03,6,1,5,40,14,9,1,4,4,5,7,4,4,1,4,5,1,12,1,46,3,10,1,1,7,7,1,10,2,14,,7,7,1,22,9,121.5180455,25.04843463
111,5,16,14,59,2,03中山區,中山區農安街與雙城街口,0,0,1,1,B01,6,1,5,50,4,2,1,4,4,5,7,4,4,5,5,5,2,3,1,64,3,10,1,1,7,9,1,4,1,5,,15,15,1,22,9,121.5244373,25.0650387
111,5,16,14,59,2,03中山區,中山區農安街與雙城街口,0,0,1,2,H01,6,1,5,50,4,2,1,4,4,5,7,4,4,5,5,5,2,3,2,23,2,9,4,5,8,16,8,20,10,15,,67,15,1,22,9,121.5244373,25.0650387
111,5,16,15,32,2,04大安區,大安區敦化南路1段270巷與仁愛路4段71巷口,0,0,1,1,B03,6,1,5,30,4,1,1,4,4,5,7,4,4,10,5,5,1,15,1,36,3,10,1,1,7,9,1,8,1,1,,6,6,1,22,9,121.5471297,25.03897491
111,5,16,15,32,2,04大安區,大安區敦化南路1段270巷與仁愛路4段71巷口,0,0,1,2,C03,6,1,5,30,4,1,1,4,4,5,7,4,4,10,5,5,1,15,2,34,2,8,1,1,7,9,1,10,1,12,,14,6,1,22,9,121.5471297,25.03897491
111,5,16,16,20,2,08士林區,士林區中山北路6段與福國路口,0,0,1,1,B03,6,1,5,50,3,2,1,4,4,5,7,4,4,9,4,5,1,17,1,56,3,10,1,1,7,6,1,8,1,6,,9,9,1,22,9,121.5253437,25.10275421
111,5,16,16,20,2,08士林區,士林區中山北路6段與福國路口,0,0,1,2,C03,6,1,5,50,3,2,1,4,4,5,7,4,4,9,4,5,1,17,2,25,2,9,1,1,7,9,1,10,1,14,,44,9,1,22,9,121.5253437,25.10275421
111,5,16,16,38,2,02萬華區,萬華區桂林路133號,0,0,1,1,C04,6,1,5,40,14,8,1,4,4,5,7,4,4,5,4,4,2,16,2,70,2,7,1,4,7,7,3,18,2,14,,7,7,1,22,9,121.5000267,25.03849407
111,5,16,16,38,2,02萬華區,萬華區桂林路133號,0,0,1,2,B03,6,1,5,40,14,8,1,4,4,5,7,4,4,5,4,4,2,16,1,34,3,10,1,4,7,9,1,8,2,5,,44,7,1,22,9,121.5000267,25.03849407
111,5,16,18,26,2,10文山區,文山區政大一街89號旁,0,0,2,1,B03,6,1,5,30,14,9,1,4,4,5,7,4,4,9,4,5,2,17,1,52,4,11,3,4,7,5,7,19,11,15,,8,8,2,22,9,121.5818753,24.98522583
111,5,16,18,26,2,10文山區,文山區政大一街89號旁,0,0,2,2,C03,6,1,5,30,14,9,1,4,4,5,7,4,4,9,4,5,2,17,1,25,2,8,3,4,7,9,1,10,9,12,,44,8,1,21,8,121.5818753,24.98522583
111,5,16,18,26,2,10文山區,文山區政大一街89號旁,0,0,2,3,H02,6,1,5,30,14,9,1,4,4,5,7,4,4,9,4,5,2,17,1,20,2,1,4,5,7,20,8,20,9,16,,67,8,1,21,8,121.5818753,24.98522583
111,5,16,18,30,2,08士林區,士林區中山北路6段與天母東路口,0,0,1,1,C03,6,3,5,50,4,1,1,4,4,5,7,2,1,1,5,5,2,17,1,20,2,8,1,1,7,9,1,10,1,12,,17,17,1,22,9,121.5301021,25.1182298
111,5,16,18,30,2,08士林區,士林區中山北路6段與天母東路口,0,0,1,2,C03,6,3,5,50,4,1,1,4,4,5,7,2,1,1,5,5,2,17,1,67,3,10,1,1,7,7,1,10,1,14,,7,17,1,22,9,121.5301021,25.1182298
111,5,16,18,45,2,05中正區,中正區羅斯福路1段與寧波西街口,0,0,1,1,B01,6,3,5,50,4,1,1,4,4,5,7,1,1,10,2,5,2,3,1,44,3,10,1,1,7,5,1,4,1,1,,8,8,1,22,9,121.519026,25.0317049
111,5,16,18,45,2,05中正區,中正區羅斯福路1段與寧波西街口,0,0,1,2,C03,6,3,5,50,4,1,1,4,4,5,7,1,1,10,2,5,2,3,2,41,2,9,3,4,7,15,1,10,1,12,,25,8,1,22,9,121.519026,25.0317049
111,5,16,19,0,2,12內湖區,內湖區港墘路與堤頂大道1段口,0,0,2,1,B03,6,3,5,0,3,1,1,4,4,5,7,1,1,1,4,1,2,12,1,48,3,10,1,1,7,5,1,8,1,5,,17,17,1,22,9,121.572079,25.0757019
111,5,16,19,0,2,12內湖區,內湖區港墘路與堤頂大道1段口,0,0,2,2,C03,6,3,5,0,3,1,1,4,4,5,7,1,1,1,4,1,2,12,1,53,2,8,1,1,7,5,1,10,1,14,,17,17,1,22,9,121.572079,25.0757019
111,5,16,19,0,2,12內湖區,內湖區港墘路與堤頂大道1段口,0,0,2,3,H02,6,3,5,0,3,1,1,4,4,5,7,1,1,1,4,1,2,12,2,54,2,8,1,5,7,21,8,20,10,16,,67,17,1,22,9,121.572079,25.0757019
111,5,16,19,8,2,12內湖區,內湖區江南街96巷10號,0,0,1,1,B03,6,3,5,30,14,9,1,4,4,5,7,4,4,10,5,5,2,17,1,48,3,10,1,1,7,1,1,8,1,1,,19,19,1,22,9,121.5765633,25.07724403
111,5,16,19,8,2,12內湖區,內湖區江南街96巷10號,0,0,1,2,C03,6,3,5,30,14,9,1,4,4,5,7,4,4,10,5,5,2,17,1,35,2,9,1,1,7,9,1,10,1,12,,23,19,1,22,9,121.5765633,25.07724403
111,5,16,20,0,2,07信義區,信義區忠孝東路5段236巷27弄21號附近側附近,0,0,1,1,C03,6,3,5,30,14,9,1,4,4,5,7,4,4,9,4,5,2,3,2,20,3,10,1,1,7,9,1,10,1,11,,23,23,1,22,9,121.5724259,25.0385083
111,5,16,20,0,2,07信義區,信義區忠孝東路5段236巷27弄21號附近側附近,0,0,1,2,H01,6,3,5,30,14,9,1,4,4,5,7,4,4,9,4,5,2,3,2,45,2,9,4,5,8,16,8,20,10,16,,53,23,1,22,9,121.5724259,25.0385083