發生年度,發生月,發生日,發生時-Hours,發生分,處理別-編號,區序,肇事地點,死亡人數,2-30日死亡人數,受傷人數,當事人序號,車種,天候,光線,道路類別,速限-速度限制,道路型態,事故位置,路面狀況1,路面狀況2,路面狀況3,道路障礙1,道路障礙2,號誌1,號誌2,車道劃分-分向,車道劃分-分道1,車道劃分-分道2,車道劃分-分道3,事故類型及型態,性別,年齡,受傷程度,主要傷處,安全帽,行動電話,車輛用途,當事者行動狀態,駕駛資格情形,駕駛執照種類,飲酒情形,車輛撞擊部位1,車輛撞擊部位2,肇因碼-個別,肇因碼-主要,個人肇逃否,職業,旅次目的,座標-X,座標-Y
111,5,16,20,29,2,03中山區,中山區民生東路3段與建國北路2段口,0,0,1,1,B03,6,3,5,50,4,1,1,4,4,5,7,1,1,1,4,5,2,12,1,63,3,10,1,1,7,6,1,8,11,5,,9,9,1,22,9,121.5372321,25.0545258
111,5,16,20,29,2,03中山區,中山區民生東路3段與建國北路2段口,0,0,1,2,C03,6,3,5,50,4,1,1,4,4,5,7,1,1,1,4,5,2,12,1,67,2,9,1,1,7,9,1,9,11,14,,26,9,1,22,9,121.5372321,25.0545258
111,5,16,21,5,2,01大同區,大同區承德路3段與昌吉街口,0,0,1,1,B03,6,3,5,50,3,1,1,4,4,5,7,2,1,9,4,5,2,3,1,59,3,10,1,1,7,6,1,8,1,1,,15,15,1,22,9,121.5182742,25.06585874
111,5,16,21,5,2,01大同區,大同區承德路3段與昌吉街口,0,0,1,2,H01,6,3,5,50,3,1,1,4,4,5,7,2,1,9,4,5,2,3,2,30,2,9,1,5,8,16,8,20,10,16,,67,15,1,22,9,121.5182742,25.06585874
111,5,16,21,31,2,12內湖區,內湖區民權東路6段19巷與民權東路6段口,0,0,1,1,B03,6,3,5,50,4,1,1,4,4,5,7,2,1,1,4,5,2,3,1,64,3,10,1,1,7,5,1,8,2,1,,15,15,1,22,9,121.5813621,25.06796191
111,5,16,21,31,2,12內湖區,內湖區民權東路6段19巷與民權東路6段口,0,0,1,2,H01,6,3,5,50,4,1,1,4,4,5,7,2,1,1,4,5,2,3,1,29,2,8,4,5,8,16,8,20,10,16,,67,15,1,22,9,121.5813621,25.06796191
111,5,16,21,40,2,07信義區,信義區忠孝東路5段456號,0,0,1,1,C03,6,3,5,50,14,9,1,4,4,5,7,4,4,1,4,5,2,13,1,25,2,8,3,4,7,9,1,10,1,11,,43,43,1,22,9,121.5763743,25.04077876
111,5,16,21,40,2,07信義區,信義區忠孝東路5段456號,0,0,1,2,B03,6,3,5,50,14,9,1,4,4,5,7,4,4,1,4,5,2,13,1,32,3,10,3,4,7,9,1,8,1,3,,43,43,1,22,9,121.5763743,25.04077876
111,5,16,22,41,2,01大同區,大同區民權西路與蘭州街口,0,0,2,1,C03,6,3,5,50,4,1,1,4,4,5,7,2,1,1,4,5,2,12,1,65,2,8,1,4,7,7,1,10,2,14,,7,7,1,22,9,121.5147988,25.0630835
111,5,16,22,41,2,01大同區,大同區民權西路與蘭州街口,0,0,2,2,C03,6,3,5,50,4,1,1,4,4,5,7,2,1,1,4,5,2,12,1,27,2,1,1,4,7,9,1,10,2,11,,13,7,1,22,9,121.5147988,25.0630835
111,5,17,1,50,2,02萬華區,萬華區西寧南路與長沙街2段口,0,0,2,1,C03,6,3,5,50,4,1,1,4,4,5,7,1,1,8,3,5,1,15,1,15,2,9,3,4,7,9,2,18,1,11,,13,13,1,22,9,121.5060476,25.0406677
111,5,17,1,50,2,02萬華區,萬華區西寧南路與長沙街2段口,0,0,2,2,B03,6,3,5,50,4,1,1,4,4,5,7,1,1,8,3,5,1,15,1,27,3,10,3,4,7,9,1,8,1,6,,44,13,1,22,9,121.5060476,25.0406677
111,5,17,1,50,2,02萬華區,萬華區西寧南路與長沙街2段口,0,0,2,3,H02,6,3,5,50,4,1,1,4,4,5,7,1,1,8,3,5,1,15,1,11,2,9,3,5,7,21,8,20,10,15,,67,13,1,22,9,121.5060476,25.0406677
111,5,17,2,19,2,02萬華區,萬華區環河南路1段158號,0,0,1,1,C03,6,4,5,50,14,9,1,4,4,5,7,4,4,9,5,5,2,13,2,25,2,9,1,1,7,9,1,10,1,11,,23,23,1,22,9,121.5026548,25.04761556
111,5,17,2,19,2,02萬華區,萬華區環河南路1段158號,0,0,1,2,B02,6,4,5,50,14,9,1,4,4,5,7,4,4,9,5,5,2,13,1,25,3,10,1,1,7,14,1,8,1,3,,38,23,1,22,9,121.5026548,25.04761556
111,5,17,7,5,2,10文山區,文山區辛亥路7段與辛亥路7段65巷口,0,0,1,1,C03,7,1,5,40,3,2,1,4,4,5,7,4,4,5,5,4,2,18,1,18,2,9,1,1,7,9,1,10,9,14,,42,42,1,22,9,121.5541979,24.9836941
111,5,17,7,5,2,10文山區,文山區辛亥路7段與辛亥路7段65巷口,0,0,1,2,,7,1,5,40,3,2,1,4,4,5,7,4,4,5,5,4,2,18,3,,,,,,,,,,,,,67,42,1,,,121.5541979,24.9836941
111,5,17,7,28,2,11南港區,南港區南港路3段268號與南港路3段口,0,0,1,1,A02,7,1,5,50,3,2,1,4,4,5,7,4,4,5,4,5,2,15,1,41,3,10,1,1,7,9,1,2,1,2,,44,44,1,22,9,121.5838302,25.05208208
111,5,17,7,28,2,11南港區,南港區南港路3段268號與南港路3段口,0,0,1,2,C03,7,1,5,50,3,2,1,4,4,5,7,4,4,5,4,5,2,15,1,21,2,9,1,1,7,15,1,10,1,11,,6,44,1,22,9,121.5838302,25.05208208
111,5,17,7,28,2,07信義區,信義區信義路6段與信義路6段76巷口,0,0,2,1,C03,7,1,5,50,4,1,1,4,4,5,7,2,1,5,4,5,2,17,1,70,2,1,1,1,7,5,1,10,2,12,,43,43,1,22,9,121.5768146,25.03527783
111,5,17,7,28,2,07信義區,信義區信義路6段與信義路6段76巷口,0,0,2,2,C03,7,1,5,50,4,1,1,4,4,5,7,2,1,5,4,5,2,17,1,47,2,9,1,1,7,9,1,10,2,11,,43,43,1,22,9,121.5768146,25.03527783
111,5,17,7,50,2,07信義區,信義區忠孝東路5段與基隆路1段口,0,0,1,1,C03,8,1,5,50,4,2,1,5,4,5,7,1,1,9,4,5,2,18,2,33,2,9,1,1,7,9,1,10,1,12,,42,42,1,22,9,121.5646889,25.04118561
111,5,17,7,50,2,07信義區,信義區忠孝東路5段與基隆路1段口,0,0,1,2,,8,1,5,50,4,2,1,5,4,5,7,1,1,9,4,5,2,18,3,,,,,,,,,,,,,67,42,1,,,121.5646889,25.04118561
111,5,17,7,56,2,05中正區,中正區汀州路1段370號與汀州路1段口,0,0,1,1,C03,7,1,5,30,3,2,1,5,4,3,5,4,4,5,2,5,2,15,1,35,3,10,3,4,7,9,1,10,2,11,,6,6,1,22,9,121.5135365,25.0263004
111,5,17,7,56,2,05中正區,中正區汀州路1段370號與汀州路1段口,0,0,1,2,C03,7,1,5,30,3,2,1,5,4,3,5,4,4,5,2,5,2,15,2,62,2,9,3,4,7,9,1,10,2,11,,44,6,1,22,9,121.5135365,25.0263004
111,5,17,7,56,2,05中正區,中正區汀州路1段370號與汀州路1段口,0,0,1,3,B03,7,1,5,30,3,2,1,5,4,3,5,4,4,5,2,5,2,15,1,38,3,10,3,4,7,13,1,8,9,15,,38,6,1,22,9,121.5135365,25.0263004
111,5,17,7,58,2,03中山區,中山區中山北路1段53巷與天津街口,0,0,1,1,B03,8,1,5,30,4,1,1,5,4,5,7,3,1,10,5,5,2,16,1,48,3,10,3,4,7,9,1,8,1,8,,6,6,1,22,9,121.5227158,25.04907359
111,5,17,7,58,2,03中山區,中山區中山北路1段53巷與天津街口,0,0,1,2,C03,8,1,5,30,4,1,1,5,4,5,7,3,1,10,5,5,2,16,2,28,2,9,1,1,7,9,1,10,1,12,,14,6,1,22,9,121.5227158,25.04907359
111,5,17,7,58,2,03中山區,中山區中山北路1段53巷與天津街口,0,0,1,3,B02,8,1,5,30,4,1,1,5,4,5,7,3,1,10,5,5,2,16,1,63,4,11,3,4,7,15,7,19,9,15,,38,6,2,22,9,121.5227158,25.04907359
111,5,17,8,3,2,09北投區,北投區承德路7段380號,0,0,3,1,C04,7,1,5,60,14,9,1,5,4,5,7,4,4,3,4,5,2,13,2,47,2,9,1,1,7,8,1,10,1,13,,7,7,1,22,9,121.5025731,25.11875109
111,5,17,8,3,2,09北投區,北投區承德路7段380號,0,0,3,2,C03,7,1,5,60,14,9,1,5,4,5,7,4,4,3,4,5,2,13,1,48,2,9,1,1,7,9,1,10,1,11,,44,7,1,22,9,121.5025731,25.11875109
111,5,17,8,3,2,09北投區,北投區承德路7段380號,0,0,3,3,C03,7,1,5,60,14,9,1,5,4,5,7,4,4,3,4,5,2,13,2,31,2,9,1,1,7,9,1,10,1,11,,44,7,1,22,9,121.5025731,25.11875109
111,5,17,8,10,2,05中正區,中正區忠孝東路1段與紹興南街口,0,0,3,3,H02,7,1,5,40,4,2,1,5,4,5,7,1,1,10,4,5,2,17,2,19,2,8,1,5,7,20,8,20,10,16,,67,7,1,22,9,121.5249783,25.0440701
111,5,17,8,10,2,05中正區,中正區忠孝東路1段與紹興南街口,0,0,3,2,C03,7,1,5,40,4,2,1,5,4,5,7,1,1,10,4,5,2,17,2,34,2,8,1,1,7,9,1,10,2,14,,44,7,1,22,9,121.5249783,25.0440701
111,5,17,8,10,2,05中正區,中正區忠孝東路1段與紹興南街口,0,0,3,1,C03,7,1,5,40,4,2,1,5,4,5,7,1,1,10,4,5,2,17,1,19,2,9,1,1,7,8,1,10,2,12,,7,7,1,22,9,121.5249783,25.0440701
111,5,17,8,15,2,10文山區,文山區羅斯福路6段185-1號,0,0,1,1,B03,7,1,5,50,14,9,1,4,4,5,7,4,4,1,4,5,2,12,1,25,3,10,1,1,7,7,1,8,1,7,,7,7,1,22,9,121.5411593,24.99621993
111,5,17,8,15,2,10文山區,文山區羅斯福路6段185-1號,0,0,1,2,C03,7,1,5,50,14,9,1,4,4,5,7,4,4,1,4,5,2,12,1,31,2,9,1,1,7,9,1,10,1,12,,44,7,1,22,9,121.5411593,24.99621993
111,5,17,8,20,2,10文山區,文山區辛亥路7段20巷20號,0,0,1,1,C03,7,1,5,30,14,9,1,4,4,5,7,4,4,10,5,5,2,11,1,43,2,9,1,1,7,9,1,10,1,14,,17,17,1,22,9,121.5543073,24.98671941
111,5,17,8,20,2,10文山區,文山區辛亥路7段20巷20號,0,0,1,2,C03,7,1,5,30,14,9,1,4,4,5,7,4,4,10,5,5,2,11,1,33,3,10,1,1,7,9,1,10,1,14,,17,17,1,22,9,121.5543073,24.98671941
111,5,17,8,23,2,10文山區,文山區辛亥路6段82號,0,0,1,1,C03,8,1,5,50,14,7,1,5,4,5,7,4,4,1,4,4,2,13,2,26,2,9,1,1,7,7,1,10,1,11,,23,23,1,22,9,121.5523601,24.98897427
111,5,17,8,23,2,10文山區,文山區辛亥路6段82號,0,0,1,2,B03,8,1,5,50,14,7,1,5,4,5,7,4,4,1,4,4,2,13,1,43,3,10,1,1,7,9,1,8,1,6,,44,23,1,22,9,121.5523601,24.98897427
111,5,17,8,25,2,09北投區,北投區承德路7段第29號停車格前,0,0,2,1,C03,7,1,5,60,14,7,1,5,4,5,7,4,4,1,4,4,2,13,2,34,2,9,1,1,7,9,1,10,1,11,,16,16,1,22,9,121.5058468,25.11581761
111,5,17,8,25,2,09北投區,北投區承德路7段第29號停車格前,0,0,2,2,C03,7,1,5,60,14,7,1,5,4,5,7,4,4,1,4,4,2,13,1,29,2,9,1,1,7,9,1,10,1,13,,44,16,1,22,9,121.5058468,25.11581761
111,5,17,8,30,2,04大安區,大安區新生南路3段往北第40號燈桿前,0,0,2,1,C03,7,1,5,50,14,7,1,4,4,5,7,4,4,1,4,4,2,17,1,23,2,9,1,1,7,9,1,10,1,11,,16,16,1,22,9,121.5335491,25.0176172
111,5,17,8,30,2,04大安區,大安區新生南路3段往北第40號燈桿前,0,0,2,2,C04,7,1,5,50,14,7,1,4,4,5,7,4,4,1,4,4,2,17,2,74,2,9,1,1,7,9,1,11,1,13,,44,16,1,22,9,121.5335491,25.0176172
111,5,17,8,41,2,07信義區,信義區永吉路與永吉路225巷口,0,0,1,1,B03,8,1,5,50,4,1,1,5,4,5,7,4,4,1,4,5,2,17,1,64,3,10,1,1,7,5,1,8,1,8,,8,8,1,21,8,121.5741995,25.0455954
111,5,17,8,41,2,07信義區,信義區永吉路與永吉路225巷口,0,0,1,2,C03,8,1,5,50,4,1,1,5,4,5,7,4,4,1,4,5,2,17,2,20,2,9,1,1,7,9,1,10,1,11,,13,8,1,21,8,121.5741995,25.0455954
111,5,17,8,52,2,12內湖區,內湖區陽光街與文德路22巷44弄口,0,0,1,1,B03,7,1,5,30,3,1,1,5,4,5,7,4,4,9,5,5,1,16,1,40,3,10,1,1,7,5,1,8,1,4,,6,6,1,22,9,121.581607,25.07479246
111,5,17,8,52,2,12內湖區,內湖區陽光街與文德路22巷44弄口,0,0,1,2,C03,7,1,5,30,3,1,1,5,4,5,7,4,4,9,5,5,1,16,1,39,2,8,1,1,7,9,1,10,1,14,,44,6,1,22,9,121.581607,25.07479246
111,5,17,9,0,2,10文山區,文山區新光路1段98號,0,0,1,1,B12,8,1,5,50,14,9,1,5,4,5,7,4,4,9,5,5,2,17,1,59,3,10,3,1,7,13,1,8,1,15,,61,61,1,22,9,121.573651,24.99130696
111,5,17,9,0,2,10文山區,文山區新光路1段98號,0,0,1,2,C03,8,1,5,50,14,9,1,5,4,5,7,4,4,9,5,5,2,17,2,29,2,9,1,1,7,9,1,10,1,11,,23,61,1,22,9,121.573651,24.99130696
111,5,17,9,0,2,07信義區,信義區松仁路9號,0,0,2,1,C03,8,1,5,50,14,9,1,5,4,5,7,4,4,9,4,5,2,13,2,50,2,9,1,1,7,9,1,10,1,11,,16,16,1,22,9,121.5685079,25.03842668
111,5,17,9,0,2,07信義區,信義區松仁路9號,0,0,2,2,C03,8,1,5,50,14,9,1,5,4,5,7,4,4,9,4,5,2,13,2,37,2,9,1,1,7,9,1,10,1,12,,16,16,1,22,9,121.5685079,25.03842668
111,5,17,9,0,2,07信義區,信義區松仁路9號,0,0,2,3,B01,8,1,5,50,14,9,1,5,4,5,7,4,4,9,4,5,2,13,1,48,3,10,1,1,7,14,1,8,1,4,,44,16,1,22,9,121.5685079,25.03842668
111,5,17,9,0,2,07信義區,信義區松仁路9號,0,0,2,4,B03,8,1,5,50,14,9,1,5,4,5,7,4,4,9,4,5,2,13,1,59,3,10,1,1,7,1,1,8,1,15,,19,16,1,22,9,121.5685079,25.03842668
111,5,17,9,5,2,12內湖區,內湖區基湖路35巷49號前,0,0,2,1,H01,8,1,5,50,14,9,1,5,4,5,7,4,4,9,5,5,2,3,2,30,2,9,4,5,8,18,8,20,10,16,,51,51,1,22,9,121.566661,25.07921618
111,5,17,9,5,2,12內湖區,內湖區基湖路35巷49號前,0,0,2,2,C03,8,1,5,50,14,9,1,5,4,5,7,4,4,9,5,5,2,3,2,34,2,9,1,1,7,9,1,10,2,11,,23,51,1,22,9,121.566661,25.07921618
111,5,17,9,6,2,06松山區,松山區塔悠路221號,0,0,1,1,C03,7,1,5,40,14,9,1,5,4,5,7,1,1,1,3,4,2,13,1,19,2,9,1,1,7,9,1,10,1,11,,43,43,1,22,9,121.5691517,25.05922163
111,5,17,9,6,2,06松山區,松山區塔悠路221號,0,0,1,2,C03,7,1,5,40,14,9,1,5,4,5,7,1,1,1,3,4,2,13,2,22,3,10,1,1,7,15,1,10,1,13,,43,43,1,22,9,121.5691517,25.05922163
111,5,17,9,11,2,03中山區,中山區南京東路1段2號,0,0,1,1,C04,7,1,5,50,14,7,1,5,4,5,7,4,4,1,4,4,2,13,1,24,2,9,1,1,7,7,1,10,1,11,,23,23,1,22,9,121.5228932,25.05213549
111,5,17,9,11,2,03中山區,中山區南京東路1段2號,0,0,1,2,C03,7,1,5,50,14,7,1,5,4,5,7,4,4,1,4,4,2,13,1,21,3,10,1,1,7,9,3,18,1,13,,44,23,1,22,9,121.5228932,25.05213549
111,5,17,9,17,2,05中正區,中正區漢口街1段與懷寧街口,0,0,1,2,C03,7,1,5,50,4,1,1,5,4,5,7,3,1,9,4,5,2,17,1,38,2,8,1,1,7,9,1,10,2,14,,14,6,1,22,9,121.5141591,25.04519259
111,5,17,9,17,2,05中正區,中正區漢口街1段與懷寧街口,0,0,1,1,B03,7,1,5,50,4,1,1,5,4,5,7,3,1,9,4,5,2,17,2,51,3,10,1,1,7,9,1,8,2,5,,6,6,1,22,9,121.5141591,25.04519259
111,5,17,9,44,2,04大安區,大安區信義路4段265巷20弄與安和路1段127巷口口,0,0,2,1,C03,8,1,5,30,3,2,1,5,4,5,7,4,4,10,5,5,2,17,1,29,2,9,3,4,7,5,1,10,1,14,,6,6,1,22,9,121.5540129,25.03510873
111,5,17,9,44,2,04大安區,大安區信義路4段265巷20弄與安和路1段127巷口口,0,0,2,2,C03,8,1,5,30,3,2,1,5,4,5,7,4,4,10,5,5,2,17,1,31,2,9,3,4,7,9,1,10,1,11,,13,6,1,22,9,121.5540129,25.03510873
111,5,17,10,4,2,06松山區,松山區塔悠路與堤外便道口15K+800牌旁,0,0,1,1,B01,8,1,5,30,14,9,1,5,4,5,7,4,4,10,4,5,2,10,1,65,3,10,1,1,7,9,1,4,2,1,,4,4,1,22,9,121.5708154,25.05183076
111,5,17,10,4,2,06松山區,松山區塔悠路與堤外便道口15K+800牌旁,0,0,1,2,C03,8,1,5,30,14,9,1,5,4,5,7,4,4,10,4,5,2,10,1,39,2,9,1,1,7,9,1,10,2,11,,44,4,1,22,9,121.5708154,25.05183076
111,5,17,10,26,2,03中山區,中山區濱江街246號,0,0,1,1,B03,7,1,5,50,14,9,1,5,4,5,7,4,4,10,5,5,2,16,2,38,3,10,3,4,7,6,1,8,1,2,,9,9,1,22,9,121.5410822,25.07228546
111,5,17,10,26,2,03中山區,中山區濱江街246號,0,0,1,2,C03,7,1,5,50,14,9,1,5,4,5,7,4,4,10,5,5,2,16,1,30,2,9,1,1,7,9,1,10,1,11,,44,9,1,22,9,121.5410822,25.07228546
111,5,17,10,35,2,07信義區,信義區虎林街82巷5號,0,0,1,1,B03,8,1,5,30,14,9,1,5,4,5,7,4,4,10,5,5,2,17,1,70,4,11,3,4,7,2,7,19,11,15,,12,12,2,22,9,121.5768466,25.0425067
111,5,17,10,35,2,07信義區,信義區虎林街82巷5號,0,0,1,2,C03,8,1,5,30,14,9,1,5,4,5,7,4,4,10,5,5,2,17,2,64,2,9,1,1,7,14,1,10,1,11,,44,12,1,22,9,121.5768466,25.0425067
111,5,17,10,45,2,03中山區,中山區北安路139號,0,0,1,1,B03,8,1,5,50,16,9,1,5,4,5,7,4,4,9,4,5,2,17,1,37,4,11,3,4,7,15,7,19,11,15,,42,42,2,22,9,121.5331143,25.078188
111,5,17,10,45,2,03中山區,中山區北安路139號,0,0,1,2,C03,8,1,5,50,16,9,1,5,4,5,7,4,4,9,4,5,2,17,1,50,2,9,2,1,7,9,1,10,1,15,,44,42,1,5,3,121.5331143,25.078188
111,5,17,11,9,2,04大安區,大安區新生南路1段與新生南路1段151巷口,0,0,1,1,B03,7,1,5,50,3,2,1,5,4,5,7,4,4,1,2,5,2,13,2,43,2,1,1,1,7,7,1,8,2,3,,7,7,1,21,8,121.5327767,25.03557554
111,5,17,11,9,2,04大安區,大安區新生南路1段與新生南路1段151巷口,0,0,1,2,B03,7,1,5,50,3,2,1,5,4,5,7,4,4,1,2,5,2,13,2,67,3,10,1,1,7,9,1,8,2,1,,23,7,1,21,8,121.5327767,25.03557554
111,5,17,11,33,2,03中山區,中山區合江街61巷,0,0,2,1,C03,8,1,5,50,4,1,1,5,4,5,7,4,4,9,5,5,2,16,2,50,2,9,1,1,7,1,1,10,1,12,14,19,19,1,22,9,121.5391667,25.0572874
111,5,17,11,33,2,03中山區,中山區合江街61巷,0,0,2,2,C03,8,1,5,50,4,1,1,5,4,5,7,4,4,9,5,5,2,16,1,32,2,9,1,1,7,9,1,10,1,11,14,44,19,1,22,9,121.5391667,25.0572874
111,5,17,11,45,2,02萬華區,萬華區富民路155巷17號,0,0,2,1,C03,7,1,5,30,14,9,1,5,4,3,5,4,4,10,5,5,2,12,1,46,2,7,1,1,7,9,1,10,2,11,,4,4,1,22,9,121.5006414,25.01810304
111,5,17,11,45,2,02萬華區,萬華區富民路155巷17號,0,0,2,2,C03,7,1,5,30,14,9,1,5,4,3,5,4,4,10,5,5,2,12,1,62,2,8,1,1,7,15,1,10,2,11,,44,4,1,22,9,121.5006414,25.01810304
111,5,17,11,45,2,02萬華區,萬華區富民路155巷17號,0,0,2,3,B12,7,1,5,30,14,9,1,5,4,3,5,4,4,10,5,5,2,12,1,45,3,10,3,1,7,13,1,8,11,15,,38,4,1,22,9,121.5006414,25.01810304
111,5,17,12,39,2,05中正區,中正區仁愛路2段34號前,0,0,1,1,C03,8,1,5,50,14,9,1,5,4,5,7,4,4,1,3,5,2,17,1,74,2,1,1,1,7,9,1,10,2,11,,23,23,1,22,9,121.5286872,25.03836769
111,5,17,12,39,2,05中正區,中正區仁愛路2段34號前,0,0,1,2,B11,8,1,5,50,14,9,1,5,4,5,7,4,4,1,3,5,2,17,1,57,3,10,1,1,7,13,1,8,1,6,,44,23,1,22,9,121.5286872,25.03836769
111,5,17,14,0,2,07信義區,信義區崇德街348號,0,0,1,1,C03,8,1,5,30,14,9,1,5,4,5,7,4,4,10,5,5,2,18,1,54,2,9,1,1,7,9,1,10,1,14,,44,44,1,22,9,121.5696772,25.01377805
111,5,17,14,0,2,07信義區,信義區崇德街348號,0,0,1,2,,8,1,5,30,14,9,1,5,4,5,7,4,4,10,5,5,2,18,3,,,,,,,,,,,,,67,44,1,,,121.5696772,25.01377805
111,5,17,14,18,2,09北投區,北投區大業路157號,0,0,1,1,B12,8,1,5,30,3,2,1,5,4,5,7,4,4,10,5,5,2,16,1,53,3,10,3,4,7,1,1,2,1,5,,19,19,1,22,9,121.4987368,25.12461586
111,5,17,14,18,2,09北投區,北投區大業路157號,0,0,1,2,F01,8,1,5,30,3,2,1,5,4,5,7,4,4,10,5,5,2,16,1,78,2,9,1,1,7,9,8,20,1,16,,44,19,1,22,9,121.4987368,25.12461586
111,5,17,14,21,2,10文山區,文山區景美河濱公園景美溪右岸河堤126號燈桿,0,0,1,1,F03,8,1,8,0,15,22,1,5,4,5,7,4,4,5,5,5,2,27,1,37,2,7,1,1,7,9,8,20,1,16,,44,44,1,22,9,121.5595311,24.98019316
111,5,17,14,21,2,10文山區,文山區景美河濱公園景美溪右岸河堤126號燈桿,0,0,1,2,,8,1,8,0,15,22,1,5,4,5,7,4,4,5,5,5,2,27,3,,,,,,,,,,,,,66,44,1,,,121.5595311,24.98019316
111,5,17,14,25,2,07信義區,信義區忠孝東路5段22巷與忠孝東路口側附近5段口,0,0,1,1,C03,8,1,5,50,3,1,1,5,4,5,7,2,1,8,3,5,2,12,1,23,3,10,1,1,7,8,1,9,1,13,,7,7,1,22,9,121.5661547,25.04104578
111,5,17,14,25,2,07信義區,信義區忠孝東路5段22巷與忠孝東路口側附近5段口,0,0,1,2,C03,8,1,5,50,3,1,1,5,4,5,7,2,1,8,3,5,2,12,2,39,2,9,1,1,7,9,1,10,1,11,,23,7,1,22,9,121.5661547,25.04104578
111,5,17,14,44,2,01大同區,大同區重慶北路3段與民族西路口,0,0,1,1,C03,7,1,5,50,4,1,1,5,4,5,7,2,1,5,4,5,2,16,1,44,2,9,3,4,7,8,1,10,1,11,,7,7,1,22,9,121.5136834,25.07206384
111,5,17,14,44,2,01大同區,大同區重慶北路3段與民族西路口,0,0,1,2,B01,7,1,5,50,4,1,1,5,4,5,7,2,1,5,4,5,2,16,1,52,3,10,3,4,7,9,1,4,1,4,,44,7,1,22,9,121.5136834,25.07206384
111,5,17,14,55,2,05中正區,中正區中山北路1段與北平西路口,0,0,1,1,B01,8,1,5,50,4,1,1,5,4,5,7,1,1,10,5,5,2,17,1,61,3,10,1,1,7,5,1,4,2,1,,25,25,1,22,9,121.5201934,25.0472522
111,5,17,14,55,2,05中正區,中正區中山北路1段與北平西路口,0,0,1,2,C03,8,1,5,50,4,1,1,5,4,5,7,1,1,10,5,5,2,17,1,52,2,9,1,1,7,9,1,10,2,14,,13,25,1,22,9,121.5201934,25.0472522
111,5,17,15,15,2,06松山區,松山區寶清街32號,0,0,1,1,C03,8,1,5,50,14,9,1,5,4,3,5,4,4,5,4,5,2,16,1,55,3,10,1,1,7,11,6,10,2,14,,10,10,1,22,9,121.5678965,25.0525728
111,5,17,15,15,2,06松山區,松山區寶清街32號,0,0,1,2,C03,8,1,5,50,14,9,1,5,4,3,5,4,4,5,4,5,2,16,1,33,2,9,1,1,7,9,1,10,2,11,,44,10,1,22,9,121.5678965,25.0525728
111,5,17,15,15,2,06松山區,松山區寶清街32號,0,0,1,3,B03,8,1,5,50,14,9,1,5,4,3,5,4,4,5,4,5,2,16,1,48,3,10,3,4,7,14,1,4,2,15,,38,10,1,22,9,121.5678965,25.0525728
111,5,17,15,23,2,03中山區,中山區大直橋往北P05號燈桿前,0,0,1,1,C03,8,1,5,50,8,11,1,5,4,5,7,4,4,1,4,5,2,16,1,61,3,10,3,4,7,9,1,10,1,11,,44,44,1,22,9,121.5444498,25.0760885
111,5,17,15,23,2,03中山區,中山區大直橋往北P05號燈桿前,0,0,1,2,C03,8,1,5,50,8,11,1,5,4,5,7,4,4,1,4,5,2,16,2,50,2,9,3,4,7,9,1,10,1,11,,13,44,1,22,9,121.5444498,25.0760885
111,5,17,15,23,2,03中山區,中山區大直橋往北P05號燈桿前,0,0,1,3,,8,1,5,50,8,11,1,5,4,5,7,4,4,1,4,5,2,16,3,,,,,,,,,,,,,67,44,1,,,121.5444498,25.0760885
111,5,17,15,50,2,04大安區,大安區和平東路3段與安和路2段口,0,0,1,1,B03,7,2,5,50,4,1,1,5,4,5,7,2,1,1,4,5,2,16,2,35,3,10,1,4,7,5,1,8,2,6,,25,25,1,22,9,121.5502391,25.0245539
111,5,17,15,50,2,04大安區,大安區和平東路3段與安和路2段口,0,0,1,2,C03,7,2,5,50,4,1,1,5,4,5,7,2,1,1,4,5,2,16,1,24,2,9,1,4,7,9,1,10,2,11,,13,25,1,22,9,121.5502391,25.0245539
111,5,17,15,55,2,08士林區,士林區美崙街與美崙街口新光醫院後門,0,0,1,1,C03,8,1,5,50,3,1,1,5,4,5,7,4,4,10,5,5,1,16,2,62,3,10,1,1,7,7,1,10,1,14,,7,7,1,22,9,121.5192492,25.09597544
111,5,17,15,55,2,08士林區,士林區美崙街與美崙街口新光醫院後門,0,0,1,2,C03,8,1,5,50,3,1,1,5,4,5,7,4,4,10,5,5,1,16,2,30,2,8,1,1,7,9,1,10,1,11,,44,7,1,22,9,121.5192492,25.09597544
111,5,17,15,58,2,03中山區,中山區南京東路3段與龍江路口,0,0,3,1,C03,8,1,5,50,4,2,1,5,4,5,7,1,1,3,4,5,2,12,1,35,2,9,1,1,7,8,1,10,1,12,,7,7,1,22,9,121.5404004,25.05183822
111,5,17,15,58,2,03中山區,中山區南京東路3段與龍江路口,0,0,3,2,C03,8,1,5,50,4,2,1,5,4,5,7,1,1,3,4,5,2,12,1,37,2,7,1,1,7,9,1,10,1,11,12,44,7,1,22,9,121.5404004,25.05183822
111,5,17,15,58,2,03中山區,中山區南京東路3段與龍江路口,0,0,3,3,C03,8,1,5,50,4,2,1,5,4,5,7,1,1,3,4,5,2,12,2,61,2,9,1,1,7,9,4,8,1,11,12,44,7,1,22,9,121.5404004,25.05183822
111,5,17,16,5,2,05中正區,中正區忠孝西路1段與中山南路口口,0,0,1,1,C03,8,1,5,50,14,8,1,5,4,5,7,4,4,9,4,1,1,12,1,59,2,9,1,1,7,9,4,11,2,14,,17,17,1,21,3,121.5193577,25.04524336