發生年度,發生月,發生日,發生時-Hours,發生分,處理別-編號,區序,肇事地點,死亡人數,2-30日死亡人數,受傷人數,當事人序號,車種,天候,光線,道路類別,速限-速度限制,道路型態,事故位置,路面狀況1,路面狀況2,路面狀況3,道路障礙1,道路障礙2,號誌1,號誌2,車道劃分-分向,車道劃分-分道1,車道劃分-分道2,車道劃分-分道3,事故類型及型態,性別,年齡,受傷程度,主要傷處,安全帽,行動電話,車輛用途,當事者行動狀態,駕駛資格情形,駕駛執照種類,飲酒情形,車輛撞擊部位1,車輛撞擊部位2,肇因碼-個別,肇因碼-主要,個人肇逃否,職業,旅次目的,座標-X,座標-Y
111,5,17,16,5,2,05中正區,中正區忠孝西路1段與中山南路口口,0,0,1,2,B03,8,1,5,50,14,8,1,5,4,5,7,4,4,9,4,1,1,12,2,22,3,10,1,2,7,9,1,8,2,5,,16,17,1,21,1,121.5193577,25.04524336
111,5,17,16,23,2,07信義區,信義區松信路與市民大道6段口,0,0,2,1,C02,8,1,5,50,4,1,1,5,4,5,7,1,1,9,4,4,2,16,1,23,2,9,3,4,7,6,1,9,1,12,,9,9,1,22,9,121.5723075,25.0491875
111,5,17,16,23,2,07信義區,信義區松信路與市民大道6段口,0,0,2,2,C03,8,1,5,50,4,1,1,5,4,5,7,1,1,9,4,4,2,16,2,56,2,9,3,4,7,9,1,10,1,14,,44,9,1,22,9,121.5723075,25.0491875
111,5,17,16,24,2,12內湖區,內湖區陽光街與陽光街68巷102弄口,0,0,2,1,C03,8,1,5,30,3,1,1,5,4,5,7,4,4,9,5,5,1,16,1,27,2,9,1,1,7,5,1,10,1,11,,8,8,1,22,9,121.5838131,25.07502146
111,5,17,16,24,2,12內湖區,內湖區陽光街與陽光街68巷102弄口,0,0,2,2,C03,8,1,5,30,3,1,1,5,4,5,7,4,4,9,5,5,1,16,1,45,2,9,1,1,7,9,1,10,1,11,,44,8,1,22,9,121.5838131,25.07502146
111,5,17,16,25,2,09北投區,北投區承德路7段162-1號,0,0,1,1,B03,8,1,5,60,14,9,1,5,4,5,7,4,4,1,4,4,2,16,1,39,3,10,3,4,7,9,1,8,1,5,,17,17,1,22,9,121.5087771,25.11307245
111,5,17,16,25,2,09北投區,北投區承德路7段162-1號,0,0,1,2,C03,8,1,5,60,14,9,1,5,4,5,7,4,4,1,4,4,2,16,2,35,2,9,3,4,7,9,1,10,1,14,,17,17,1,22,9,121.5087771,25.11307245
111,5,17,16,30,2,05中正區,中正區重慶南路2段與寧波西街口,0,0,2,1,C03,8,1,5,50,14,9,1,5,4,5,7,2,1,10,4,5,2,12,2,45,2,9,1,1,7,8,1,10,1,12,,7,7,1,22,9,121.5151229,25.0297508
111,5,17,16,30,2,05中正區,中正區重慶南路2段與寧波西街口,0,0,2,2,C03,8,1,5,50,14,9,1,5,4,5,7,2,1,10,4,5,2,12,1,47,2,7,1,1,7,9,1,10,1,14,,44,7,1,22,9,121.5151229,25.0297508
111,5,17,16,45,2,05中正區,中正區新生南路1段170巷與信義路2段243巷口,0,0,1,1,C03,8,1,5,30,4,1,1,5,4,5,7,4,4,10,5,5,2,15,1,23,2,8,1,1,7,9,1,10,2,14,,6,6,1,22,9,121.5311706,25.03421448
111,5,17,16,45,2,05中正區,中正區新生南路1段170巷與信義路2段243巷口,0,0,1,2,B03,8,1,5,30,4,1,1,5,4,5,7,4,4,10,5,5,2,15,1,26,3,10,1,1,7,9,1,8,2,1,,44,6,1,22,9,121.5311706,25.03421448
111,5,17,16,45,2,05中正區,中正區新生南路1段170巷與信義路2段243巷口,0,0,1,3,B03,8,1,5,30,4,1,1,5,4,5,7,4,4,10,5,5,2,15,1,61,4,11,3,4,7,13,7,19,11,15,,38,6,1,22,9,121.5311706,25.03421448
111,5,17,16,53,2,05中正區,中正區重慶南路1段與貴陽街1段口,0,0,1,1,C03,8,1,5,50,4,2,1,5,4,5,7,1,1,5,4,5,1,12,1,18,2,9,1,1,7,8,1,10,2,12,,26,25,1,22,9,121.5128259,25.03899008
111,5,17,16,53,2,05中正區,中正區重慶南路1段與貴陽街1段口,0,0,1,2,B12,8,1,5,50,4,2,1,5,4,5,7,1,1,5,4,5,1,12,1,38,3,10,1,1,7,9,1,8,2,4,,25,25,1,22,9,121.5128259,25.03899008
111,5,17,16,55,2,08士林區,士林區承德路4段10巷與通河街76巷口,0,0,2,1,C03,8,1,5,30,4,1,1,5,4,5,7,4,4,5,5,5,2,15,1,33,2,9,1,1,7,9,1,10,1,14,,6,6,1,22,9,121.5201487,25.0801317
111,5,17,16,55,2,08士林區,士林區承德路4段10巷與通河街76巷口,0,0,2,2,C03,8,1,5,30,4,1,1,5,4,5,7,4,4,5,5,5,2,15,1,24,2,9,1,1,7,9,1,10,1,11,,42,6,1,22,9,121.5201487,25.0801317
111,5,17,17,9,2,02萬華區,萬華區華中橋往新北市機車道,0,0,2,1,C03,8,1,5,40,14,11,1,5,4,5,7,4,4,9,5,5,2,17,1,54,2,9,1,1,7,15,1,10,1,14,,17,17,1,22,9,121.4954309,25.01546034
111,5,17,17,9,2,02萬華區,萬華區華中橋往新北市機車道,0,0,2,2,C03,8,1,5,40,14,11,1,5,4,5,7,4,4,9,5,5,2,17,1,58,2,9,1,1,7,9,1,10,1,12,,13,17,1,22,9,121.4954309,25.01546034
111,5,17,17,11,2,10文山區,文山區秀明路1段129巷與秀明路1段口,0,0,1,1,B03,7,1,5,50,3,2,1,5,4,1,7,4,4,1,3,4,2,16,2,51,3,10,1,1,7,6,1,8,1,5,,5,5,1,22,9,121.5670737,24.99107458
111,5,17,17,11,2,10文山區,文山區秀明路1段129巷與秀明路1段口,0,0,1,2,C03,7,1,5,50,3,2,1,5,4,1,7,4,4,1,3,4,2,16,1,23,2,9,1,1,7,9,1,10,1,14,,44,5,1,22,9,121.5670737,24.99107458
111,5,17,17,20,2,12內湖區,內湖區成功路2段與民權東路6段口西南角,0,0,1,1,C03,8,1,5,40,3,2,1,5,4,5,7,4,4,1,4,5,2,12,1,33,2,9,1,1,7,6,1,10,1,14,,6,6,1,22,9,121.5907627,25.0682819
111,5,17,17,20,2,12內湖區,內湖區成功路2段與民權東路6段口西南角,0,0,1,2,A05,8,1,5,40,3,2,1,5,4,5,7,4,4,1,4,5,2,12,1,44,3,10,1,1,7,9,1,2,1,2,,44,6,1,22,9,121.5907627,25.0682819
111,5,17,17,40,2,03中山區,中山區市民大道3段與八德路2段口,0,0,1,1,B03,8,1,5,40,4,1,1,5,4,5,7,2,1,1,4,5,2,12,1,40,3,10,3,4,7,6,1,8,1,2,,9,9,1,22,9,121.5349412,25.04506685
111,5,17,17,40,2,03中山區,中山區市民大道3段與八德路2段口,0,0,1,2,C03,8,1,5,40,4,1,1,5,4,5,7,2,1,1,4,5,2,12,1,48,2,9,1,4,7,9,1,10,1,14,,13,9,1,22,9,121.5349412,25.04506685
111,5,17,17,54,2,08士林區,士林區中山北路5段與福林路口,0,0,1,1,C03,8,1,5,50,4,2,1,5,4,5,7,1,1,4,3,5,1,13,1,69,3,10,1,1,7,9,1,10,1,11,,23,23,1,22,9,121.5280358,25.09317673
111,5,17,17,54,2,08士林區,士林區中山北路5段與福林路口,0,0,1,2,C03,8,1,5,50,4,2,1,5,4,5,7,1,1,4,3,5,1,13,2,30,2,9,1,1,7,9,1,10,1,13,,44,23,1,22,9,121.5280358,25.09317673
111,5,17,18,22,2,02萬華區,萬華區艋舺大道242巷1號,0,0,1,1,B03,8,1,5,30,14,9,1,5,4,5,7,4,4,10,5,5,2,12,2,35,3,10,1,1,7,5,1,8,1,4,,8,8,1,22,9,121.4989305,25.03277154
111,5,17,18,22,2,02萬華區,萬華區艋舺大道242巷1號,0,0,1,2,C03,8,1,5,30,14,9,1,5,4,5,7,4,4,10,5,5,2,12,2,60,2,9,1,1,7,9,1,10,1,11,,13,8,1,22,9,121.4989305,25.03277154
111,5,17,18,22,2,05中正區,中正區重慶南路3段與汀州路2段口,0,0,1,1,,8,3,5,50,4,1,1,5,4,5,7,1,1,3,4,5,2,17,4,,4,11,3,4,7,15,7,19,11,15,,43,43,2,22,9,121.5164801,25.0256667
111,5,17,18,22,2,05中正區,中正區重慶南路3段與汀州路2段口,0,0,1,2,C03,8,3,5,50,4,1,1,5,4,5,7,1,1,3,4,5,2,17,1,48,2,9,1,1,7,9,1,10,1,11,,43,43,1,22,9,121.5164801,25.0256667
111,5,17,18,25,2,03中山區,中山區松江路與松江路108巷口,0,0,2,1,C03,8,2,5,50,3,2,1,5,4,1,7,4,4,3,4,5,2,12,1,80,2,9,1,1,7,9,1,10,1,12,,23,23,1,22,9,121.5329125,25.05150913
111,5,17,18,25,2,03中山區,中山區松江路與松江路108巷口,0,0,2,2,C03,8,2,5,50,3,2,1,5,4,1,7,4,4,3,4,5,2,12,1,35,2,9,1,1,7,7,1,10,1,14,,7,23,1,22,9,121.5329125,25.05150913
111,5,17,18,25,2,03中山區,中山區松江路與松江路108巷口,0,0,2,3,H03,8,2,5,50,3,2,1,5,4,1,7,4,4,3,4,5,2,12,1,52,3,10,4,5,8,20,8,20,10,16,,67,23,1,22,9,121.5329125,25.05150913
111,5,17,18,52,2,06松山區,松山區民生東路3段101號與復興北路口,0,0,1,1,B01,8,3,5,50,4,2,1,5,4,5,7,2,1,1,4,5,2,13,1,64,3,10,1,4,7,6,1,4,1,8,,16,16,1,22,9,121.5443509,25.05787403
111,5,17,18,52,2,06松山區,松山區民生東路3段101號與復興北路口,0,0,1,2,C03,8,3,5,50,4,2,1,5,4,5,7,2,1,1,4,5,2,13,1,37,2,8,1,4,7,9,1,10,1,13,,44,16,1,22,9,121.5443509,25.05787403
111,5,17,18,52,2,06松山區,松山區民生東路3段101號與復興北路口,0,0,1,3,B03,8,3,5,50,4,2,1,5,4,5,7,2,1,1,4,5,2,13,1,43,3,10,1,4,7,6,1,8,1,15,,44,16,1,22,9,121.5443509,25.05787403
111,5,17,18,57,2,03中山區,中山區松江路與農安街口,0,0,2,1,H01,7,3,5,0,4,1,1,5,4,5,7,2,1,1,1,1,1,9,1,59,2,9,4,5,8,18,8,20,10,16,,52,52,1,22,9,121.5331351,25.06485615
111,5,17,18,57,2,03中山區,中山區松江路與農安街口,0,0,2,2,C03,7,3,5,0,4,1,1,5,4,5,7,2,1,1,1,1,1,9,1,35,2,9,3,4,7,9,1,10,2,11,,15,52,1,22,9,121.5331351,25.06485615
111,5,17,19,0,2,10文山區,文山區木柵路1段145號前,0,0,1,1,A05,8,3,5,50,14,9,1,5,4,5,7,4,4,4,5,5,2,13,1,45,3,10,1,1,7,9,1,2,1,5,,43,43,1,22,9,121.5504828,24.9875587
111,5,17,19,0,2,10文山區,文山區木柵路1段145號前,0,0,1,2,C03,8,3,5,50,14,9,1,5,4,5,7,4,4,4,5,5,2,13,2,46,2,9,1,1,7,9,1,10,1,13,,43,43,1,22,9,121.5504828,24.9875587
111,5,17,19,0,2,10文山區,文山區木柵路1段145號前,0,0,1,3,C03,8,3,5,50,14,9,1,5,4,5,7,4,4,4,5,5,2,13,1,45,3,10,1,1,7,9,1,10,1,15,,43,43,1,22,9,121.5504828,24.9875587
111,5,17,19,10,2,07信義區,信義區基隆路1段往環東大道引道,0,0,3,1,B01,8,3,5,40,14,9,1,5,4,5,7,4,4,10,4,5,1,13,1,57,2,3,3,4,7,9,1,4,1,1,,16,16,1,22,9,121.5661556,25.0438837
111,5,17,19,10,2,07信義區,信義區基隆路1段往環東大道引道,0,0,3,2,B03,8,3,5,40,14,9,1,5,4,5,7,4,4,10,4,5,1,13,1,35,2,9,3,4,7,14,1,8,1,3,,44,16,1,22,9,121.5661556,25.0438837
111,5,17,19,10,2,07信義區,信義區基隆路1段往環東大道引道,0,0,3,3,H02,8,3,5,40,14,9,1,5,4,5,7,4,4,10,4,5,1,13,2,35,2,9,3,5,7,20,8,20,10,16,,67,16,1,22,9,121.5661556,25.0438837
111,5,17,19,50,2,11南港區,南港區重陽路39巷香榭帝寶,0,0,1,1,B03,8,3,5,40,14,9,1,5,4,5,6,4,4,5,4,5,2,16,1,68,3,10,1,4,7,9,1,8,2,6,,23,23,1,22,9,121.5957517,25.05547909
111,5,17,19,50,2,11南港區,南港區重陽路39巷香榭帝寶,0,0,1,2,C03,8,3,5,40,14,9,1,5,4,5,6,4,4,5,4,5,2,16,2,65,2,9,1,4,7,5,1,10,2,14,,8,23,1,22,9,121.5957517,25.05547909
111,5,17,19,52,2,09北投區,北投區三合街2段與磺港路口,0,0,2,1,C02,8,1,5,50,4,1,1,5,4,5,7,1,1,7,4,5,1,11,1,29,2,9,1,1,7,5,1,9,2,12,,8,8,1,22,9,121.5035953,25.1267073
111,5,17,19,52,2,09北投區,北投區三合街2段與磺港路口,0,0,2,2,C03,8,1,5,50,4,1,1,5,4,5,7,1,1,7,4,5,1,11,1,19,2,9,1,1,7,9,1,10,2,11,,13,8,1,22,9,121.5035953,25.1267073
111,5,17,20,28,2,03中山區,中山區民權東路3段75巷與復興北路430巷口,0,0,1,1,C03,7,3,5,30,4,1,1,5,4,5,7,3,1,8,5,5,1,17,1,27,3,10,1,4,7,9,1,10,1,15,,6,6,1,22,9,121.5436729,25.06335908
111,5,17,20,28,2,03中山區,中山區民權東路3段75巷與復興北路430巷口,0,0,1,2,C03,7,3,5,30,4,1,1,5,4,5,7,3,1,8,5,5,1,17,2,37,2,9,1,4,7,9,1,10,1,12,,13,6,1,22,9,121.5436729,25.06335908
111,5,17,20,29,2,04大安區,大安區信義路4段與敦化南路1段口,0,0,3,1,F01,7,3,5,50,5,1,1,5,4,5,7,2,1,1,4,5,2,15,1,31,2,9,1,1,7,11,8,20,2,16,,25,25,1,21,8,121.5488459,25.03345287
111,5,17,20,29,2,04大安區,大安區信義路4段與敦化南路1段口,0,0,3,2,C02,7,3,5,50,5,1,1,5,4,5,7,2,1,1,4,5,2,15,1,38,2,9,1,1,7,9,1,9,2,11,,23,25,1,21,8,121.5488459,25.03345287
111,5,17,20,29,2,04大安區,大安區信義路4段與敦化南路1段口,0,0,3,3,H02,7,3,5,50,5,1,1,5,4,5,7,2,1,1,4,5,2,15,2,38,2,9,4,5,7,20,8,20,10,16,,67,25,1,21,8,121.5488459,25.03345287
111,5,17,20,41,2,12內湖區,內湖區內湖路2段179巷與金龍隧道口,0,0,1,1,B03,7,1,5,50,4,2,1,5,4,5,7,1,1,5,4,5,2,13,1,57,3,10,1,1,7,9,1,8,1,1,,23,23,1,22,9,121.5848337,25.08435572
111,5,17,20,41,2,12內湖區,內湖區內湖路2段179巷與金龍隧道口,0,0,1,2,B01,7,1,5,50,4,2,1,5,4,5,7,1,1,5,4,5,2,13,1,61,3,10,1,1,7,14,1,4,1,3,,44,23,1,22,9,121.5848337,25.08435572
111,5,17,20,41,2,12內湖區,內湖區內湖路2段179巷與金龍隧道口,0,0,1,3,H02,7,1,5,50,4,2,1,5,4,5,7,1,1,5,4,5,2,13,2,65,2,2,1,1,7,21,8,20,10,16,,67,23,1,22,9,121.5848337,25.08435572
111,5,17,21,0,2,03中山區,中山區市民高架道與建國南路1段口上方,0,0,1,1,B03,8,3,5,80,10,7,1,5,4,5,7,4,4,1,3,5,1,12,1,51,3,10,1,1,7,9,1,8,1,8,,23,23,1,22,9,121.5383608,25.0448796
111,5,17,21,0,2,03中山區,中山區市民高架道與建國南路1段口上方,0,0,1,2,C02,8,3,5,80,10,7,1,5,4,5,7,4,4,1,3,5,1,12,1,49,2,8,1,1,7,7,1,9,1,13,,44,23,1,22,9,121.5383608,25.0448796
111,5,17,21,19,2,11南港區,南港區向陽路與南港路2段口,0,0,1,1,C03,7,3,5,50,5,2,1,5,4,5,7,1,1,1,4,5,2,16,2,20,2,8,1,1,7,8,1,10,1,12,,7,7,1,22,9,121.5946826,25.05431351
111,5,17,21,19,2,11南港區,南港區向陽路與南港路2段口,0,0,1,2,F01,7,3,5,50,5,2,1,5,4,5,7,1,1,1,4,5,2,16,1,17,3,10,1,1,7,9,8,20,1,16,,44,7,1,22,9,121.5946826,25.05431351
111,5,17,22,17,2,02萬華區,萬華區內江街與雅江街口,0,0,1,1,F01,8,3,5,30,4,1,1,5,4,5,7,4,4,10,5,5,1,15,2,65,2,1,1,1,7,9,8,20,1,16,,6,6,1,22,9,121.5015779,25.0417543
111,5,17,22,17,2,02萬華區,萬華區內江街與雅江街口,0,0,1,2,B01,8,3,5,30,4,1,1,5,4,5,7,4,4,10,5,5,1,15,1,67,3,10,1,1,7,9,1,4,1,1,,44,6,1,22,9,121.5015779,25.0417543
111,5,17,23,0,2,11南港區,南港區研究院路3段與研究院路3段20巷口,0,0,1,1,B11,8,3,5,50,3,1,1,5,4,5,7,3,1,4,3,5,2,9,1,39,3,10,3,4,7,6,1,4,2,1,,15,15,1,22,9,121.6157017,25.03467781
111,5,17,23,0,2,11南港區,南港區研究院路3段與研究院路3段20巷口,0,0,1,2,H01,8,3,5,50,3,1,1,5,4,5,7,3,1,4,3,5,2,9,2,24,2,9,3,4,8,16,8,20,10,16,,67,15,1,22,9,121.6157017,25.03467781
111,5,17,23,19,2,04大安區,大安區仁愛路4段與敦化南路1段口,0,0,1,1,C03,8,3,5,50,5,1,1,5,4,5,7,1,1,1,4,4,2,18,1,34,2,9,1,4,7,6,1,9,8,12,,21,21,1,22,9,121.5481944,25.03833222
111,5,17,23,19,2,04大安區,大安區仁愛路4段與敦化南路1段口,0,0,1,2,,8,3,5,50,5,1,1,5,4,5,7,1,1,1,4,4,2,18,3,,,,,,,,,,,,,67,21,1,,,121.5481944,25.03833222
111,5,18,0,43,2,05中正區,中正區重慶南路2段與南海路口,0,0,2,1,B03,8,3,5,50,4,1,1,5,4,5,7,1,1,1,4,5,2,16,2,31,3,10,1,1,7,5,1,8,2,2,,6,6,1,22,9,121.514269,25.0319137
111,5,18,0,43,2,05中正區,中正區重慶南路2段與南海路口,0,0,2,2,C03,8,3,5,50,4,1,1,5,4,5,7,1,1,1,4,5,2,16,2,20,2,9,1,1,7,9,1,10,2,11,,44,6,1,22,9,121.514269,25.0319137
111,5,18,0,43,2,05中正區,中正區重慶南路2段與南海路口,0,0,2,3,H02,8,3,5,50,4,1,1,5,4,5,7,1,1,1,4,5,2,16,2,21,2,9,1,5,7,20,8,20,10,16,,67,6,1,22,9,121.514269,25.0319137
111,5,18,6,22,2,04大安區,大安區基隆路4段73巷與基隆路4段口口,0,0,1,1,A04,7,1,5,50,3,2,1,5,4,5,7,1,1,10,3,4,2,13,1,47,3,10,1,1,7,9,1,2,1,1,,23,23,1,22,9,121.5395783,25.01293844
111,5,18,6,22,2,04大安區,大安區基隆路4段73巷與基隆路4段口口,0,0,1,2,C03,7,1,5,50,3,2,1,5,4,5,7,1,1,10,3,4,2,13,1,24,2,8,1,1,7,14,1,10,1,13,,44,23,1,22,9,121.5395783,25.01293844
111,5,18,6,51,2,04大安區,大安區復興南路2段與復興南路2段78巷口,0,0,1,1,B01,8,1,5,50,4,1,1,5,4,5,7,2,1,1,4,4,2,17,1,47,3,10,3,4,7,5,1,4,2,2,,6,6,1,22,9,121.54366,25.03105721
111,5,18,6,51,2,04大安區,大安區復興南路2段與復興南路2段78巷口,0,0,1,2,C03,8,1,5,50,4,1,1,5,4,5,7,2,1,1,4,4,2,17,1,68,2,9,3,4,7,9,1,9,11,11,,44,6,1,22,9,121.54366,25.03105721
111,5,18,6,55,2,07信義區,信義區和平東路3段391巷與和平東路3段391巷8弄口,0,0,2,1,C03,7,1,5,30,4,1,1,5,4,5,7,4,4,9,5,5,2,15,1,47,2,3,1,1,7,9,1,10,1,14,,6,6,1,22,9,121.5579516,25.0200706
111,5,18,6,55,2,07信義區,信義區和平東路3段391巷與和平東路3段391巷8弄口,0,0,2,2,C03,7,1,5,30,4,1,1,5,4,5,7,4,4,9,5,5,2,15,2,26,2,1,1,1,7,9,1,10,1,11,,23,6,1,22,9,121.5579516,25.0200706
111,5,18,7,31,2,03中山區,中山區松江路402巷7弄與農安街口,0,0,1,1,B03,8,1,5,30,3,1,1,5,4,5,7,4,4,10,5,5,2,16,1,35,3,10,1,1,7,5,1,8,1,8,,6,6,1,22,9,121.5326049,25.0647647
111,5,18,7,31,2,03中山區,中山區松江路402巷7弄與農安街口,0,0,1,2,C03,8,1,5,30,3,1,1,5,4,5,7,4,4,10,5,5,2,16,1,22,2,9,1,1,7,9,1,10,1,11,,23,6,1,22,9,121.5326049,25.0647647
111,5,18,7,35,2,03中山區,中山區民族東路與林森北路口,0,0,1,1,B01,8,1,5,50,4,2,1,5,4,5,7,1,1,1,4,5,1,15,1,55,3,10,1,1,7,9,1,4,2,4,,25,25,1,22,9,121.5257364,25.0683527
111,5,18,7,35,2,03中山區,中山區民族東路與林森北路口,0,0,1,2,C03,8,1,5,50,4,2,1,5,4,5,7,1,1,1,4,5,1,15,1,26,2,9,1,1,7,1,1,10,2,12,,44,25,1,22,9,121.5257364,25.0683527
111,5,18,7,35,2,07信義區,信義區松隆路368號,0,0,1,1,C03,7,1,5,50,14,9,1,5,4,5,7,4,4,3,4,5,2,12,2,47,3,10,1,1,7,6,1,10,1,12,,9,9,1,22,9,121.5794976,25.04814453
111,5,18,7,35,2,07信義區,信義區松隆路368號,0,0,1,2,C03,7,1,5,50,14,9,1,5,4,5,7,4,4,3,4,5,2,12,2,44,2,9,1,1,7,9,1,10,1,11,,44,9,1,22,9,121.5794976,25.04814453
111,5,18,7,55,2,12內湖區,內湖區舊宗路2段171巷與瑞湖街口,0,0,1,1,B03,8,1,5,50,3,1,1,5,4,5,7,4,4,5,5,5,2,12,1,52,3,10,1,1,7,6,1,8,1,2,,9,9,1,22,9,121.5764092,25.0712322
111,5,18,7,55,2,12內湖區,內湖區舊宗路2段171巷與瑞湖街口,0,0,1,2,C03,8,1,5,50,3,1,1,5,4,5,7,4,4,5,5,5,2,12,1,39,2,9,1,1,7,9,1,10,1,14,,44,9,1,22,9,121.5764092,25.0712322
111,5,18,8,2,2,03中山區,中山區長春路與龍江路口口,0,0,2,1,C03,7,1,5,50,4,1,1,5,4,5,7,2,1,5,4,5,2,16,1,48,2,9,3,4,7,5,1,9,1,14,,44,44,1,22,9,121.5403522,25.0546643
111,5,18,8,2,2,03中山區,中山區長春路與龍江路口口,0,0,2,2,C03,7,1,5,50,4,1,1,5,4,5,7,2,1,5,4,5,2,16,1,24,3,10,3,4,7,4,1,10,1,12,,1,44,1,22,9,121.5403522,25.0546643
111,5,18,8,2,2,03中山區,中山區長春路與龍江路口口,0,0,2,3,H02,7,1,5,50,4,1,1,5,4,5,7,2,1,5,4,5,2,16,2,44,2,9,4,5,7,17,8,20,10,16,,67,44,1,22,9,121.5403522,25.0546643
111,5,18,8,10,2,02萬華區,萬華區華中橋機車道(往台北市),0,0,1,1,C03,8,1,7,30,8,11,1,5,4,5,7,4,4,3,4,5,1,17,2,51,3,10,1,1,7,7,1,10,1,15,,7,7,1,22,9,121.4958128,25.01580354
111,5,18,8,10,2,02萬華區,萬華區華中橋機車道(往台北市),0,0,1,2,C03,8,1,7,30,8,11,1,5,4,5,7,4,4,3,4,5,1,17,1,30,2,9,1,1,7,9,1,10,1,15,,44,7,1,22,9,121.4958128,25.01580354
111,5,18,8,16,2,12內湖區,內湖區民權東路6段296巷66號前,0,0,1,1,B03,7,1,5,30,14,9,1,5,4,5,7,4,4,9,4,5,2,17,1,43,3,10,3,4,7,1,1,8,1,15,,19,19,1,22,9,121.608428,25.07049573
111,5,18,8,16,2,12內湖區,內湖區民權東路6段296巷66號前,0,0,1,2,C03,7,1,5,30,14,9,1,5,4,5,7,4,4,9,4,5,2,17,2,28,2,8,1,1,7,9,1,10,1,15,,44,19,1,22,9,121.608428,25.07049573
111,5,18,9,29,2,01大同區,大同區民生西路53號,0,0,1,1,C03,8,1,5,50,14,9,1,5,4,5,7,2,1,5,4,5,2,16,1,60,2,9,3,4,7,7,1,10,2,13,,7,7,1,22,9,121.5205126,25.05765861
111,5,18,9,29,2,01大同區,大同區民生西路53號,0,0,1,2,B03,8,1,5,50,14,9,1,5,4,5,7,2,1,5,4,5,2,16,1,32,3,10,3,4,7,9,1,8,2,5,,13,7,1,22,9,121.5205126,25.05765861
111,5,18,9,47,2,06松山區,松山區南京東路5段370號,0,0,1,1,C03,8,1,5,50,14,9,1,5,4,5,7,2,1,9,4,1,2,12,1,35,2,8,1,1,7,7,1,10,1,14,,7,7,1,22,9,121.5701709,25.05113828
111,5,18,9,47,2,06松山區,松山區南京東路5段370號,0,0,1,2,B03,8,1,5,50,14,9,1,5,4,5,7,2,1,9,4,1,2,12,1,47,3,10,1,1,7,9,1,8,1,2,,44,7,1,22,9,121.5701709,25.05113828
111,5,18,9,52,2,04大安區,大安區市民大道4段28號,0,0,3,1,C03,8,1,5,40,14,9,1,5,4,5,7,4,4,1,4,5,2,17,1,22,2,9,3,4,7,7,1,10,1,13,,7,7,1,22,9,121.5451364,25.04490811
111,5,18,9,52,2,04大安區,大安區市民大道4段28號,0,0,3,2,C03,8,1,5,40,14,9,1,5,4,5,7,4,4,1,4,5,2,17,1,32,2,9,3,4,7,9,1,10,1,11,,13,7,1,22,9,121.5451364,25.04490811
111,5,18,9,52,2,04大安區,大安區市民大道4段28號,0,0,3,3,H02,8,1,5,40,14,9,1,5,4,5,7,4,4,1,4,5,2,17,2,24,2,9,3,5,7,21,8,20,10,16,,67,7,1,22,9,121.5451364,25.04490811
111,5,18,10,13,2,04大安區,大安區瑞安街與復興南路2段口,0,0,1,1,B01,8,1,5,50,3,2,1,5,4,5,7,2,1,5,5,5,2,17,1,56,3,10,1,1,7,9,1,4,1,5,,23,23,1,22,9,121.5432668,25.02983635
111,5,18,10,13,2,04大安區,大安區瑞安街與復興南路2段口,0,0,1,2,C02,8,1,5,50,3,2,1,5,4,5,7,2,1,5,5,5,2,17,1,23,2,8,1,1,7,14,1,9,1,13,,44,23,1,22,9,121.5432668,25.02983635
111,5,18,10,55,2,04大安區,大安區和平東路3段與基隆路2段口,0,0,1,1,B03,8,1,5,50,4,2,1,5,4,5,7,2,1,8,3,5,1,12,1,38,3,10,1,1,7,6,1,8,1,5,,9,9,1,21,5,121.552417,25.02410313
111,5,18,10,55,2,04大安區,大安區和平東路3段與基隆路2段口,0,0,1,2,C03,8,1,5,50,4,2,1,5,4,5,7,2,1,8,3,5,1,12,2,23,2,8,1,1,7,9,1,10,1,11,,44,9,1,5,1,121.552417,25.02410313
111,5,18,10,55,2,10文山區,文山區木柵路5段84號,0,0,1,1,B01,8,1,5,30,14,9,1,5,4,5,7,4,4,10,5,5,2,16,1,57,3,10,1,1,7,11,1,4,1,2,,11,11,1,22,9,121.5844456,25.00336814
111,5,18,10,55,2,10文山區,文山區木柵路5段84號,0,0,1,2,C03,8,1,5,30,14,9,1,5,4,5,7,4,4,10,5,5,2,16,1,31,2,9,1,1,7,9,1,10,1,11,,13,11,1,22,9,121.5844456,25.00336814
111,5,18,11,0,2,02萬華區,萬華區環河南路1段與長沙街2段口,0,0,2,2,C03,7,1,5,50,3,2,1,5,4,5,7,1,1,5,4,5,2,16,1,74,2,9,1,1,7,9,1,10,1,11,,44,6,1,22,9,121.4996855,25.0415247
111,5,18,11,0,2,02萬華區,萬華區環河南路1段與長沙街2段口,0,0,2,1,C03,7,1,5,50,3,2,1,5,4,5,7,1,1,5,4,5,2,16,1,31,2,9,1,1,7,5,1,10,1,12,,6,6,1,22,9,121.4996855,25.0415247
111,5,18,11,8,2,02萬華區,萬華區廣州街與西昌街口,0,0,1,1,C03,8,1,5,30,4,1,1,5,4,5,5,4,4,9,4,5,2,15,2,26,2,9,1,1,7,9,1,10,1,11,,6,6,1,22,9,121.5005589,25.036651
111,5,18,11,8,2,02萬華區,萬華區廣州街與西昌街口,0,0,1,2,B12,8,1,5,30,4,1,1,5,4,5,5,4,4,9,4,5,2,15,1,42,3,10,1,1,7,9,1,4,1,8,,14,6,1,22,9,121.5005589,25.036651