發生年度,發生月,發生日,發生時-Hours,發生分,處理別-編號,區序,肇事地點,死亡人數,2-30日死亡人數,受傷人數,當事人序號,車種,天候,光線,道路類別,速限-速度限制,道路型態,事故位置,路面狀況1,路面狀況2,路面狀況3,道路障礙1,道路障礙2,號誌1,號誌2,車道劃分-分向,車道劃分-分道1,車道劃分-分道2,車道劃分-分道3,事故類型及型態,性別,年齡,受傷程度,主要傷處,安全帽,行動電話,車輛用途,當事者行動狀態,駕駛資格情形,駕駛執照種類,飲酒情形,車輛撞擊部位1,車輛撞擊部位2,肇因碼-個別,肇因碼-主要,個人肇逃否,職業,旅次目的,座標-X,座標-Y
111,5,18,11,11,2,09北投區,北投區石牌路1段51號,0,0,1,1,C03,8,1,5,50,14,9,1,5,4,5,7,4,4,5,4,5,1,12,1,63,2,9,1,1,7,8,1,10,1,12,,7,7,1,22,9,121.5107633,25.1132112
111,5,18,11,11,2,09北投區,北投區石牌路1段51號,0,0,1,2,B02,8,1,5,50,14,9,1,5,4,5,7,4,4,5,4,5,1,12,1,25,3,10,1,1,7,9,1,4,1,8,,44,7,1,22,9,121.5107633,25.1132112
111,5,18,11,25,2,12內湖區,內湖區成功路4段與成功路4段61巷口,0,0,1,1,B01,8,1,5,50,3,1,1,5,4,5,7,2,1,10,5,5,2,16,1,64,3,10,1,1,7,1,1,4,1,2,,19,19,1,22,9,121.5923362,25.0821277
111,5,18,11,25,2,12內湖區,內湖區成功路4段與成功路4段61巷口,0,0,1,2,C03,8,1,5,50,3,1,1,5,4,5,7,2,1,10,5,5,2,16,1,31,2,9,1,1,7,9,1,10,1,11,,26,19,1,22,9,121.5923362,25.0821277
111,5,18,11,48,2,06松山區,松山區復興北路375號,0,0,1,1,C03,8,1,5,30,14,9,1,5,4,5,7,4,4,10,5,5,2,13,2,71,2,8,1,1,7,9,1,10,1,11,,16,16,1,22,9,121.5443457,25.0627026
111,5,18,11,48,2,06松山區,松山區復興北路375號,0,0,1,2,B02,8,1,5,30,14,9,1,5,4,5,7,4,4,10,5,5,2,13,1,58,3,10,1,1,7,9,1,8,1,6,,44,16,1,22,9,121.5443457,25.0627026
111,5,18,12,20,2,03中山區,中山區民權西路與天祥路口,0,0,1,1,B03,8,1,5,50,4,1,1,5,4,5,7,2,1,5,2,5,2,1,1,80,3,10,1,1,7,5,1,8,1,1,,16,16,1,5,9,121.5209294,25.06283897
111,5,18,12,20,2,03中山區,中山區民權西路與天祥路口,0,0,1,2,H01,8,1,5,50,4,1,1,5,4,5,7,2,1,5,2,5,2,1,2,30,2,9,4,5,8,16,8,20,1,16,,67,16,1,5,5,121.5209294,25.06283897
111,5,18,12,25,2,12內湖區,內湖區安康路第52號停車格,0,0,1,1,C03,8,1,5,50,14,9,1,5,4,5,7,4,4,5,4,5,1,12,2,41,2,9,1,1,7,9,1,10,1,12,,23,23,1,22,9,121.5936367,25.06260729
111,5,18,12,25,2,12內湖區,內湖區安康路第52號停車格,0,0,1,2,B03,8,1,5,50,14,9,1,5,4,5,7,4,4,5,4,5,1,12,1,23,4,11,3,4,7,15,7,19,9,15,,44,23,2,22,9,121.5936367,25.06260729
111,5,18,13,0,2,03中山區,中山區市民大道3段與八德路2段口,0,0,1,1,B12,8,1,5,50,4,1,1,5,4,5,7,2,1,1,4,5,2,1,2,44,3,10,3,4,7,6,1,8,1,1,,15,15,1,22,9,121.5346876,25.04510185
111,5,18,13,0,2,03中山區,中山區市民大道3段與八德路2段口,0,0,1,2,H01,8,1,5,50,4,1,1,5,4,5,7,2,1,1,4,5,2,1,2,18,2,9,4,4,8,16,8,20,10,16,,67,15,1,22,9,121.5346876,25.04510185
111,5,18,13,4,2,12內湖區,內湖區民權東路6段180巷與民權東路6段180巷21弄口,0,0,1,1,B03,8,1,5,30,3,1,1,5,4,4,6,4,4,5,4,5,1,17,2,26,3,10,1,1,7,5,1,8,1,5,,6,6,1,22,9,121.5927587,25.06810712
111,5,18,13,4,2,12內湖區,內湖區民權東路6段180巷與民權東路6段180巷21弄口,0,0,1,2,C03,8,1,5,30,3,1,1,5,4,4,6,4,4,5,4,5,1,17,2,55,2,9,1,1,7,9,1,10,1,14,,44,6,1,22,9,121.5927587,25.06810712
111,5,18,14,3,2,03中山區,中山區復興北路50號前,0,0,1,1,B01,8,1,5,50,14,9,1,5,4,5,7,4,4,1,4,5,2,16,1,64,3,10,3,4,7,8,1,4,1,5,,7,7,1,22,9,121.5438935,25.04977369
111,5,18,14,3,2,03中山區,中山區復興北路50號前,0,0,1,2,C03,8,1,5,50,14,9,1,5,4,5,7,4,4,1,4,5,2,16,2,38,2,9,3,4,7,9,1,10,1,14,,16,7,1,22,9,121.5438935,25.04977369
111,5,18,14,22,2,04大安區,大安區和平東路2段134號前,0,0,2,1,C03,8,1,5,50,14,9,1,5,4,5,7,2,1,8,3,5,1,12,1,22,2,8,1,1,7,12,1,10,1,14,,23,23,1,5,5,121.544889,25.0247159
111,5,18,14,22,2,04大安區,大安區和平東路2段134號前,0,0,2,2,C03,8,1,5,50,14,9,1,5,4,5,7,2,1,8,3,5,1,12,1,24,3,10,1,1,7,12,1,10,1,12,,44,23,1,21,5,121.544889,25.0247159
111,5,18,14,22,2,04大安區,大安區和平東路2段134號前,0,0,2,3,H02,8,1,5,50,14,9,1,5,4,5,7,2,1,8,3,5,1,12,2,22,2,7,1,1,7,20,8,20,10,16,,67,23,1,21,5,121.544889,25.0247159
111,5,18,14,40,2,04大安區,大安區永康街2巷與麗水街口,0,0,3,1,C03,8,3,5,30,4,1,1,5,4,5,7,4,4,1,4,5,2,15,2,20,2,9,1,1,7,9,1,10,1,14,,6,6,1,22,9,121.529601,25.030595
111,5,18,14,40,2,04大安區,大安區永康街2巷與麗水街口,0,0,3,2,C03,8,3,5,30,4,1,1,5,4,5,7,4,4,1,4,5,2,15,1,47,2,9,1,1,7,9,1,10,1,11,,23,6,1,22,9,121.529601,25.030595
111,5,18,14,40,2,04大安區,大安區永康街2巷與麗水街口,0,0,3,3,H02,8,3,5,30,4,1,1,5,4,5,7,4,4,1,4,5,2,15,2,22,2,9,4,5,7,20,8,20,10,16,,67,6,1,22,9,121.529601,25.030595
111,5,18,14,42,2,09北投區,北投區大度路3段與關渡路口,0,0,1,1,B03,8,1,5,50,3,1,1,5,4,5,7,1,1,1,4,5,2,16,2,25,3,10,3,4,7,6,1,8,1,5,,9,9,1,22,9,121.4694934,25.12289109
111,5,18,14,42,2,09北投區,北投區大度路3段與關渡路口,0,0,1,2,C03,8,1,5,50,3,1,1,5,4,5,7,1,1,1,4,5,2,16,2,23,2,9,1,4,7,9,1,10,1,14,,44,9,1,22,9,121.4694934,25.12289109
111,5,18,14,50,2,02萬華區,萬華區萬大路423巷18號與萬大路423巷20弄口,0,0,1,1,B03,8,1,5,50,3,2,1,5,4,5,7,4,4,9,5,5,2,12,1,73,3,10,1,1,7,5,1,8,1,15,,8,8,1,22,9,121.4994048,25.02132472
111,5,18,14,50,2,02萬華區,萬華區萬大路423巷18號與萬大路423巷20弄口,0,0,1,2,C03,8,1,5,50,3,2,1,5,4,5,7,4,4,9,5,5,2,12,1,18,2,9,1,1,7,9,1,10,1,12,,44,8,1,22,9,121.4994048,25.02132472
111,5,18,15,4,2,09北投區,北投區中央南路1段1號,0,0,1,1,C03,8,1,5,50,14,9,1,5,4,5,7,3,1,5,5,5,2,17,2,24,3,10,1,1,7,5,1,10,1,14,,8,8,1,22,9,121.5014984,25.13304707
111,5,18,15,4,2,09北投區,北投區中央南路1段1號,0,0,1,2,C03,8,1,5,50,14,9,1,5,4,5,7,3,1,5,5,5,2,17,2,48,2,9,1,1,7,9,1,10,1,12,,44,8,1,22,9,121.5014984,25.13304707
111,5,18,15,15,2,12內湖區,內湖區民權東路6段與民權東路6段11巷口,0,0,1,1,B01,8,1,5,50,4,1,1,5,4,5,7,2,1,1,4,5,2,16,1,66,3,10,1,1,7,8,1,4,1,5,,7,7,1,22,9,121.5782237,25.06673308
111,5,18,15,15,2,12內湖區,內湖區民權東路6段與民權東路6段11巷口,0,0,1,2,C03,8,1,5,50,4,1,1,5,4,5,7,2,1,1,4,5,2,16,1,59,2,9,1,1,7,9,1,10,1,14,,44,7,1,22,9,121.5782237,25.06673308
111,5,18,15,23,2,12內湖區,內湖區堤外便道(五分吊橋),0,0,2,1,C03,8,1,5,50,15,18,1,5,4,5,7,3,1,10,5,5,2,3,2,73,2,8,1,1,7,11,3,18,2,11,,25,25,1,22,9,121.6138707,25.06536689
111,5,18,15,23,2,12內湖區,內湖區堤外便道(五分吊橋),0,0,2,2,H01,8,1,5,50,15,18,1,5,4,5,7,3,1,10,5,5,2,3,2,52,2,9,4,5,8,16,8,20,10,16,,67,25,1,22,9,121.6138707,25.06536689
111,5,18,15,40,2,04大安區,大安區敦化南路1段與仁愛路4段口,0,0,1,1,C03,8,1,5,50,5,2,1,5,4,5,7,2,1,10,5,5,2,16,1,76,2,9,3,4,7,6,1,10,1,14,,6,6,1,22,9,121.5490886,25.03885894
111,5,18,15,40,2,04大安區,大安區敦化南路1段與仁愛路4段口,0,0,1,2,B01,8,1,5,50,5,2,1,5,4,5,7,2,1,10,5,5,2,16,2,65,3,10,3,4,7,9,1,4,1,2,,44,6,1,22,9,121.5490886,25.03885894
111,5,18,15,40,2,08士林區,士林區士東路91巷與士東路91巷26弄口,0,0,2,1,B02,8,1,8,30,15,22,1,5,4,3,5,4,4,9,5,5,2,16,2,37,3,10,1,1,7,5,1,8,1,1,,26,26,1,22,9,121.5294863,25.11315826
111,5,18,15,40,2,08士林區,士林區士東路91巷與士東路91巷26弄口,0,0,2,2,C03,8,1,8,30,15,22,1,5,4,3,5,4,4,9,5,5,2,16,1,18,2,9,1,1,7,9,1,10,1,12,,23,26,1,22,9,121.5294863,25.11315826
111,5,18,15,40,2,08士林區,士林區士東路91巷與士東路91巷26弄口,0,0,2,3,B03,8,1,8,30,15,22,1,5,4,3,5,4,4,9,5,5,2,16,1,39,3,10,3,1,7,13,7,19,1,1,,38,26,1,22,9,121.5294863,25.11315826
111,5,18,15,40,2,08士林區,士林區士東路91巷與士東路91巷26弄口,0,0,2,4,H02,8,1,8,30,15,22,1,5,4,3,5,4,4,9,5,5,2,16,2,17,2,9,1,5,7,20,8,20,10,16,,67,26,1,22,9,121.5294863,25.11315826
111,5,18,15,40,2,08士林區,士林區士東路91巷與士東路91巷26弄口,0,0,2,5,B11,8,1,8,30,15,22,1,5,4,3,5,4,4,9,5,5,2,16,1,34,3,10,1,1,7,13,1,4,9,15,,38,26,1,22,9,121.5294863,25.11315826
111,5,18,15,44,2,09北投區,北投區磺港路與崇仁路1段155巷口,0,0,1,1,C03,8,1,5,30,4,1,1,5,4,5,7,2,1,10,5,5,2,15,1,35,2,7,1,1,7,9,1,10,1,12,,43,43,1,22,9,121.5028759,25.12388322
111,5,18,15,44,2,09北投區,北投區磺港路與崇仁路1段155巷口,0,0,1,2,B03,8,1,5,30,4,1,1,5,4,5,7,2,1,10,5,5,2,15,1,37,3,10,1,1,7,9,1,8,1,8,,43,43,1,22,9,121.5028759,25.12388322
111,5,18,15,47,2,01大同區,大同區昌吉街164號,0,0,1,1,B03,8,1,5,50,14,9,1,5,4,5,7,4,4,9,5,5,2,17,1,39,3,10,3,4,7,1,1,8,1,15,,19,19,1,22,9,121.512713,25.06593124
111,5,18,15,47,2,01大同區,大同區昌吉街164號,0,0,1,2,B01,8,1,5,50,14,9,1,5,4,5,7,4,4,9,5,5,2,17,1,58,3,10,3,4,7,7,1,8,1,1,,42,19,1,22,9,121.512713,25.06593124
111,5,18,15,47,2,01大同區,大同區昌吉街164號,0,0,1,3,C03,8,1,5,50,14,9,1,5,4,5,7,4,4,9,5,5,2,17,1,48,2,8,1,1,7,9,1,10,1,11,,44,19,1,22,9,121.512713,25.06593124
111,5,18,16,7,2,03中山區,中山區中山北路2段與民權東路1段口,0,0,1,2,C03,8,1,5,50,4,1,1,5,4,5,7,1,1,1,4,5,2,16,1,48,2,9,1,1,7,1,1,10,1,11,,44,25,1,22,9,121.5227203,25.06289239
111,5,18,16,7,2,03中山區,中山區中山北路2段與民權東路1段口,0,0,1,1,C03,8,1,5,50,4,1,1,5,4,5,7,1,1,1,4,5,2,16,1,63,3,10,1,1,7,9,1,10,1,12,,25,25,1,22,9,121.5227203,25.06289239
111,5,18,16,20,2,05中正區,中正區重慶南路3段與汀州路2段口,0,0,1,1,C03,8,1,5,50,4,1,1,5,4,5,7,1,1,5,4,5,2,12,2,19,3,10,1,1,7,6,1,10,1,12,,9,9,1,22,9,121.5164878,25.02566521
111,5,18,16,20,2,05中正區,中正區重慶南路3段與汀州路2段口,0,0,1,2,C03,8,1,5,50,4,1,1,5,4,5,7,1,1,5,4,5,2,12,2,21,2,9,1,1,7,9,1,10,1,11,,44,9,1,22,9,121.5164878,25.02566521
111,5,18,16,57,2,05中正區,中正區延平南路258巷與中華路2段81巷口,0,0,1,1,C03,8,1,5,30,4,2,1,5,4,5,7,4,4,10,5,5,2,11,2,30,2,9,1,1,7,9,1,10,1,14,,23,23,1,22,9,121.5066939,25.0327663
111,5,18,16,57,2,05中正區,中正區延平南路258巷與中華路2段81巷口,0,0,1,2,C03,8,1,5,30,4,2,1,5,4,5,7,4,4,10,5,5,2,11,1,30,3,10,1,1,7,9,1,10,1,14,,5,23,1,22,9,121.5066939,25.0327663
111,5,18,17,20,2,09北投區,北投區大度路1段與中央北路2段257巷口,0,0,1,1,B03,8,1,5,50,5,1,1,5,4,5,7,2,1,1,4,5,2,15,1,51,3,10,1,1,7,9,1,8,2,2,,26,26,1,22,9,121.4862793,25.12215773
111,5,18,17,20,2,09北投區,北投區大度路1段與中央北路2段257巷口,0,0,1,2,C03,8,1,5,50,5,1,1,5,4,5,7,2,1,1,4,5,2,15,1,53,2,9,1,1,7,9,1,10,2,11,,44,26,1,22,9,121.4862793,25.12215773
111,5,18,17,24,2,02萬華區,萬華區西園路2段與西藏路口,0,0,1,1,B03,8,1,5,50,4,1,1,5,4,5,7,1,1,1,1,5,1,16,1,65,3,10,1,1,7,5,1,8,1,1,,43,43,1,22,9,121.4956456,25.028624
111,5,18,17,24,2,02萬華區,萬華區西園路2段與西藏路口,0,0,1,2,C03,8,1,5,50,4,1,1,5,4,5,7,1,1,1,1,5,1,16,1,57,2,9,1,1,7,9,1,10,1,12,,44,43,1,22,9,121.4956456,25.028624
111,5,18,17,35,2,04大安區,大安區市民大道4段與光復南路口,0,0,1,1,B03,8,1,5,50,5,1,1,5,4,5,7,2,1,10,5,5,2,15,1,40,3,10,3,4,7,9,1,8,9,1,,25,25,1,22,9,121.5574376,25.04506929
111,5,18,17,35,2,04大安區,大安區市民大道4段與光復南路口,0,0,1,2,F01,8,1,5,50,5,1,1,5,4,5,7,2,1,10,5,5,2,15,2,35,2,7,1,1,7,11,8,20,2,16,,11,25,1,22,9,121.5574376,25.04506929
111,5,18,17,48,2,09北投區,北投區承德路7段91號停車格,0,0,1,1,C03,8,1,5,40,14,8,1,5,4,5,7,4,4,1,4,4,2,13,1,18,3,10,1,1,7,9,1,10,1,11,,16,16,1,22,9,121.5054746,25.11569805
111,5,18,17,48,2,09北投區,北投區承德路7段91號停車格,0,0,1,2,C03,8,1,5,40,14,8,1,5,4,5,7,4,4,1,4,4,2,13,2,41,2,9,1,1,7,9,1,10,1,13,,44,16,1,22,9,121.5054746,25.11569805
111,5,18,18,26,2,10文山區,文山區興隆路2段134號,0,0,1,1,B03,7,3,5,50,14,9,1,5,4,5,7,4,4,1,4,5,2,12,1,62,3,10,1,1,7,1,1,8,1,4,,19,19,1,22,9,121.5505961,25.00117994
111,5,18,18,26,2,10文山區,文山區興隆路2段134號,0,0,1,2,A02,7,3,5,50,14,9,1,5,4,5,7,4,4,1,4,5,2,12,1,48,3,10,1,1,7,9,1,2,1,8,,43,19,1,22,9,121.5505961,25.00117994
111,5,18,18,26,2,10文山區,文山區興隆路2段134號,0,0,1,3,H02,7,3,5,50,14,9,1,5,4,5,7,4,4,1,4,5,2,12,2,52,2,9,4,5,7,17,8,20,10,16,,67,19,1,22,9,121.5505961,25.00117994
111,5,18,18,27,2,02萬華區,萬華區昆明街與隆昌街口,0,0,1,1,B03,8,3,5,50,4,2,1,5,4,5,7,4,4,8,3,5,1,13,1,29,3,10,1,1,7,9,1,8,2,1,,16,16,1,22,9,121.5044541,25.0410544
111,5,18,18,27,2,02萬華區,萬華區昆明街與隆昌街口,0,0,1,2,C03,8,3,5,50,4,2,1,5,4,5,7,4,4,8,3,5,1,13,1,49,2,9,1,1,7,9,1,10,2,13,,44,16,1,22,9,121.5044541,25.0410544
111,5,18,19,0,2,12內湖區,內湖區康寧路3段與五分街口,0,0,1,1,C03,7,3,5,50,4,2,1,4,4,5,7,1,1,9,4,5,1,16,1,59,2,9,1,1,7,5,1,10,1,13,,25,25,1,22,9,121.6119084,25.067707
111,5,18,19,0,2,12內湖區,內湖區康寧路3段與五分街口,0,0,1,2,B03,7,3,5,50,4,2,1,4,4,5,7,1,1,9,4,5,1,16,1,50,3,10,1,1,7,6,1,8,1,8,,44,25,1,22,9,121.6119084,25.067707
111,5,18,19,12,2,02萬華區,萬華區青年路152巷與青年路168巷49弄口,0,0,1,1,F01,8,3,5,30,3,1,1,5,4,5,7,4,4,5,5,5,2,15,2,65,2,9,1,1,7,1,8,20,1,16,,19,19,1,22,9,121.5015671,25.02050791
111,5,18,19,12,2,02萬華區,萬華區青年路152巷與青年路168巷49弄口,0,0,1,2,C04,8,3,5,30,3,1,1,5,4,5,7,4,4,5,5,5,2,15,2,28,3,10,1,1,7,9,1,10,1,12,,44,19,1,22,9,121.5015671,25.02050791
111,5,18,19,15,2,12內湖區,內湖區民權東路6段與瑞光路口,0,0,1,1,C03,8,3,5,50,4,2,1,5,4,5,7,1,1,4,5,5,1,12,1,30,2,9,3,4,7,8,1,10,1,12,,7,7,1,22,9,121.5843593,25.068744
111,5,18,19,15,2,12內湖區,內湖區民權東路6段與瑞光路口,0,0,1,2,C03,8,3,5,50,4,2,1,5,4,5,7,1,1,4,5,5,1,12,2,26,3,10,3,4,7,9,1,10,1,14,,23,7,1,22,9,121.5843593,25.068744
111,5,18,19,38,2,05中正區,中正區中華路2段307巷與惠安街口,0,0,1,1,C03,8,3,5,30,3,1,1,5,4,5,7,4,4,5,4,5,2,17,1,45,3,10,1,1,7,9,1,10,1,11,,23,23,1,22,9,121.5065248,25.02964503
111,5,18,19,38,2,05中正區,中正區中華路2段307巷與惠安街口,0,0,1,2,C03,8,3,5,30,3,1,1,5,4,5,7,4,4,5,4,5,2,17,1,35,2,8,1,1,7,11,1,10,1,13,,44,23,1,22,9,121.5065248,25.02964503
111,5,18,19,54,2,08士林區,士林區延平北路6段與環河北路3段口,0,0,1,1,B02,8,3,5,50,5,2,1,5,4,5,7,2,1,1,4,4,1,17,1,25,3,10,1,1,7,9,1,8,2,5,,25,25,1,22,9,121.5011535,25.09040508
111,5,18,19,54,2,08士林區,士林區延平北路6段與環河北路3段口,0,0,1,2,C03,8,3,5,50,5,2,1,5,4,5,7,2,1,1,4,4,1,17,1,68,2,9,1,1,7,5,3,18,2,11,,25,25,1,22,9,121.5011535,25.09040508
111,5,18,21,18,2,09北投區,北投區光明路與磺港路口,0,0,1,1,A05,8,3,5,50,3,1,1,5,4,5,7,3,1,9,5,5,2,3,1,42,3,10,1,4,7,5,1,2,1,4,,15,15,1,22,9,121.5019499,25.13341569
111,5,18,21,18,2,09北投區,北投區光明路與磺港路口,0,0,1,2,H01,8,3,5,50,3,1,1,5,4,5,7,3,1,9,5,5,2,3,1,67,2,9,4,5,8,16,8,20,10,16,,67,15,1,22,9,121.5019499,25.13341569
111,5,18,21,36,2,05中正區,中正區牯嶺街與南海路口,0,0,2,1,C03,8,3,5,30,4,1,1,5,4,5,7,1,1,10,4,5,2,17,2,30,2,7,1,1,7,5,1,10,2,14,,8,8,1,22,9,121.5149614,25.03200953
111,5,18,21,36,2,05中正區,中正區牯嶺街與南海路口,0,0,2,2,C03,8,3,5,30,4,1,1,5,4,5,7,1,1,10,4,5,2,17,2,36,2,9,1,1,7,9,1,10,2,12,,44,8,1,22,9,121.5149614,25.03200953
111,5,18,21,42,2,08士林區,士林區中正路與文林路口,0,0,1,1,C03,8,3,5,0,4,1,1,2,4,5,7,1,1,1,4,5,2,29,1,24,2,8,1,1,7,5,1,10,1,14,,23,23,1,22,9,121.5246226,25.09505611
111,5,18,21,42,2,08士林區,士林區中正路與文林路口,0,0,1,2,,8,3,5,0,4,1,1,2,4,5,7,1,1,1,4,5,2,29,3,,,,,,,,,,,,,67,23,1,,,121.5246226,25.09505611
111,5,18,21,42,2,08士林區,士林區中正路與文林路口,0,0,1,3,B12,8,3,5,0,4,1,1,2,4,5,7,1,1,1,4,5,2,29,4,,4,11,3,4,7,15,7,19,11,15,,35,23,2,22,9,121.5246226,25.09505611
111,5,18,22,13,2,04大安區,大安區文昌街與文昌街250巷口,0,0,1,1,C03,8,3,5,30,4,2,1,5,4,5,7,4,4,10,5,5,1,12,1,24,2,8,1,1,7,9,1,10,1,12,,44,44,1,22,9,121.5558153,25.0322619
111,5,18,22,13,2,04大安區,大安區文昌街與文昌街250巷口,0,0,1,2,C03,8,3,5,30,4,2,1,5,4,5,7,4,4,10,5,5,1,12,1,18,3,10,1,1,7,5,1,10,1,14,,8,44,1,22,9,121.5558153,25.0322619
111,5,19,3,19,2,03中山區,中山區中山北路2段與民生西路口,0,0,1,1,C03,8,3,5,50,14,8,1,5,3,1,7,1,1,1,3,4,1,28,1,64,2,9,1,1,7,9,1,10,2,11,,23,23,1,22,9,121.5227345,25.05749222
111,5,19,3,19,2,03中山區,中山區中山北路2段與民生西路口,0,0,1,2,,8,3,5,50,14,8,1,5,3,1,7,1,1,1,3,4,1,28,3,,,,,,,,,,,,,67,23,1,,,121.5227345,25.05749222
111,5,19,3,30,2,11南港區,南港區南港路3段與南港路3段67巷口口,0,0,3,1,C03,7,3,5,30,4,1,1,5,4,5,7,3,1,5,4,5,2,15,1,20,2,9,1,1,7,11,5,10,2,14,,6,6,1,22,9,121.5884251,25.0530265
111,5,19,3,30,2,11南港區,南港區南港路3段與南港路3段67巷口口,0,0,3,2,C03,7,3,5,30,4,1,1,5,4,5,7,3,1,5,4,5,2,15,1,18,2,9,1,1,7,9,3,18,2,11,,42,6,1,22,9,121.5884251,25.0530265
111,5,19,3,30,2,11南港區,南港區南港路3段與南港路3段67巷口口,0,0,3,3,H02,7,3,5,30,4,1,1,5,4,5,7,3,1,5,4,5,2,15,1,17,2,9,4,5,7,20,8,20,10,16,,67,6,1,22,9,121.5884251,25.0530265
111,5,19,5,25,2,08士林區,士林區東山路25巷81弄,0,0,1,1,B02,7,1,5,30,12,9,1,5,4,5,7,3,1,10,5,5,1,10,1,42,3,10,1,1,7,9,1,8,2,8,,5,5,1,22,9,121.5414103,25.12211497
111,5,19,5,25,2,08士林區,士林區東山路25巷81弄,0,0,1,2,C03,7,1,5,30,12,9,1,5,4,5,7,3,1,10,5,5,1,10,1,39,2,9,1,1,7,9,6,10,2,11,,14,5,1,22,9,121.5414103,25.12211497
111,5,19,5,53,2,03中山區,中山區南京東路2段21巷與南京東路2段口,0,0,1,1,B03,8,1,5,30,4,2,1,5,4,5,7,4,4,1,3,5,1,11,1,58,3,10,1,1,7,9,1,8,1,1,,6,6,1,22,9,121.5287884,25.05220249
111,5,19,5,53,2,03中山區,中山區南京東路2段21巷與南京東路2段口,0,0,1,2,F01,8,1,5,30,4,2,1,5,4,5,7,4,4,1,3,5,1,11,1,52,2,7,1,1,7,11,8,20,1,16,,11,6,1,22,9,121.5287884,25.05220249
111,5,19,7,13,2,04大安區,大安區安和路2段59巷與安和路2段口,0,0,1,1,B01,6,1,5,50,4,1,1,4,4,5,7,1,1,1,3,5,2,17,1,59,3,10,1,1,7,6,1,4,1,15,,25,25,1,22,9,121.5523653,25.030939
111,5,19,7,13,2,04大安區,大安區安和路2段59巷與安和路2段口,0,0,1,2,C03,6,1,5,50,4,1,1,4,4,5,7,1,1,1,3,5,2,17,2,33,2,9,1,1,7,9,1,10,1,14,,44,25,1,22,9,121.5523653,25.030939
111,5,19,7,26,2,06松山區,松山區饒河街與塔悠路口,0,0,2,1,F01,6,1,5,0,5,2,1,4,4,5,7,1,1,1,1,5,2,16,1,45,2,9,1,1,7,9,8,20,1,16,,25,25,1,22,1,121.5724204,25.05008523
111,5,19,7,26,2,06松山區,松山區饒河街與塔悠路口,0,0,2,2,C03,6,1,5,0,5,2,1,4,4,5,7,1,1,1,1,5,2,16,1,31,2,9,1,1,7,6,1,10,1,11,,14,25,1,22,9,121.5724204,25.05008523
111,5,19,7,48,2,08士林區,士林區通河西街1段引道百齡左岸032號電燈桿,0,0,1,1,B02,7,1,5,30,14,9,1,5,4,5,7,4,4,10,5,5,2,10,2,34,3,10,1,1,7,9,1,8,1,1,,5,5,1,22,9,121.5122308,25.08673248
111,5,19,7,48,2,08士林區,士林區通河西街1段引道百齡左岸032號電燈桿,0,0,1,2,C03,7,1,5,30,14,9,1,5,4,5,7,4,4,10,5,5,2,10,1,29,2,9,1,1,7,9,1,10,1,11,,26,5,1,22,9,121.5122308,25.08673248
111,5,19,7,50,2,07信義區,信義區和平東路3段627巷旁,0,0,1,1,B01,6,1,5,40,14,9,1,4,4,5,7,4,4,5,5,5,2,12,1,51,3,10,1,1,7,8,1,4,1,2,,7,7,1,22,9,121.5631511,25.01335399
111,5,19,7,50,2,07信義區,信義區和平東路3段627巷旁,0,0,1,2,C03,6,1,5,40,14,9,1,4,4,5,7,4,4,5,5,5,2,12,1,41,2,9,1,1,7,9,1,10,1,11,,17,7,1,22,9,121.5631511,25.01335399
111,5,19,8,20,2,03中山區,中山區民族東路68號,0,0,1,1,B02,7,1,5,50,14,9,1,5,4,5,7,4,4,5,4,5,2,12,1,60,3,10,1,1,7,9,1,5,1,2,,17,17,1,22,9,121.526157,25.0683705
111,5,19,8,20,2,03中山區,中山區民族東路68號,0,0,1,2,C03,7,1,5,50,14,9,1,5,4,5,7,4,4,5,4,5,2,12,2,24,2,9,1,1,7,9,1,10,1,14,,44,17,1,22,9,121.526157,25.0683705
111,5,19,8,22,2,02萬華區,萬華區西藏路與西園路2段320巷55弄口,0,0,1,1,C03,7,1,5,50,5,1,1,5,4,5,7,2,1,9,4,5,2,17,2,40,2,9,1,1,7,7,1,10,1,14,,43,43,1,22,9,121.4921505,25.02847797
111,5,19,8,22,2,02萬華區,萬華區西藏路與西園路2段320巷55弄口,0,0,1,2,C03,7,1,5,50,5,1,1,5,4,5,7,2,1,9,4,5,2,17,1,29,3,10,1,1,7,9,1,10,1,12,,43,43,1,22,9,121.4921505,25.02847797
111,5,19,8,38,2,03中山區,中山區錦州街與民生東路3段73巷口,0,0,2,1,C03,8,1,5,30,4,1,1,5,4,5,7,4,4,9,4,5,2,16,1,19,2,9,1,1,7,9,1,10,1,12,,6,6,1,5,5,121.5436457,25.06105896
111,5,19,8,38,2,03中山區,中山區錦州街與民生東路3段73巷口,0,0,2,2,C03,8,1,5,30,4,1,1,5,4,5,7,4,4,9,4,5,2,16,1,25,2,9,1,1,7,9,1,10,1,11,,14,6,1,5,1,121.5436457,25.06105896
111,5,19,8,48,2,06松山區,松山區饒河街與饒河街221巷口,0,0,2,1,C03,6,1,5,30,4,1,1,4,4,5,7,4,4,10,5,5,2,15,1,25,2,9,1,1,7,9,1,10,1,14,,6,6,1,22,9,121.5767625,25.05078294
111,5,19,8,48,2,06松山區,松山區饒河街與饒河街221巷口,0,0,2,2,C03,6,1,5,30,4,1,1,4,4,5,7,4,4,10,5,5,2,15,1,32,2,9,1,1,7,9,1,10,1,11,,13,6,1,22,9,121.5767625,25.05078294