發生年度,發生月,發生日,發生時-Hours,發生分,處理別-編號,區序,肇事地點,死亡人數,2-30日死亡人數,受傷人數,當事人序號,車種,天候,光線,道路類別,速限-速度限制,道路型態,事故位置,路面狀況1,路面狀況2,路面狀況3,道路障礙1,道路障礙2,號誌1,號誌2,車道劃分-分向,車道劃分-分道1,車道劃分-分道2,車道劃分-分道3,事故類型及型態,性別,年齡,受傷程度,主要傷處,安全帽,行動電話,車輛用途,當事者行動狀態,駕駛資格情形,駕駛執照種類,飲酒情形,車輛撞擊部位1,車輛撞擊部位2,肇因碼-個別,肇因碼-主要,個人肇逃否,職業,旅次目的,座標-X,座標-Y
111,5,19,8,48,2,06松山區,松山區饒河街與饒河街221巷口,0,0,2,3,B03,6,1,5,30,4,1,1,4,4,5,7,4,4,10,5,5,2,15,1,38,3,10,1,1,7,13,1,8,1,3,,44,6,1,22,9,121.5767625,25.05078294
111,5,19,8,50,2,07信義區,信義區福德街151巷對面,0,0,1,1,C03,6,1,5,30,14,9,1,4,4,5,7,4,4,10,4,5,2,13,1,38,3,10,1,1,7,9,6,18,1,11,,43,43,1,22,9,121.5830303,25.03775995
111,5,19,8,50,2,07信義區,信義區福德街151巷對面,0,0,1,2,C03,6,1,5,30,14,9,1,4,4,5,7,4,4,10,4,5,2,13,1,43,2,9,1,1,7,9,1,10,1,13,,43,43,1,22,9,121.5830303,25.03775995
111,5,19,8,51,2,02萬華區,萬華區萬大路與艋舺大道120巷38弄口口,0,0,1,1,B03,7,1,5,50,3,2,1,5,4,5,7,4,4,5,4,5,2,12,1,37,3,10,1,1,7,6,1,8,1,5,,9,9,1,22,9,121.5006274,25.03167413
111,5,19,8,51,2,02萬華區,萬華區萬大路與艋舺大道120巷38弄口口,0,0,1,2,C03,7,1,5,50,3,2,1,5,4,5,7,4,4,5,4,5,2,12,1,46,2,9,1,1,7,9,1,10,1,14,,14,9,1,22,9,121.5006274,25.03167413
111,5,19,9,20,2,01大同區,大同區赤峰街與赤峰街53巷口口,0,0,1,1,C03,6,1,5,30,4,1,1,4,4,5,7,4,4,10,5,5,2,15,1,57,2,3,1,1,7,9,1,10,1,11,,6,6,1,22,9,121.5196964,25.05620418
111,5,19,9,20,2,01大同區,大同區赤峰街與赤峰街53巷口口,0,0,1,2,C03,6,1,5,30,4,1,1,4,4,5,7,4,4,10,5,5,2,15,1,44,3,10,1,1,7,9,1,10,1,12,,14,6,1,22,9,121.5196964,25.05620418
111,5,19,9,30,2,07信義區,信義區市府路與松壽路口口,0,0,1,1,F01,6,1,5,50,4,2,1,4,4,5,7,1,1,5,4,5,2,17,1,30,2,9,1,1,7,1,8,20,1,16,,19,19,1,22,9,121.5634814,25.03584901
111,5,19,9,30,2,07信義區,信義區市府路與松壽路口口,0,0,1,2,B03,6,1,5,50,4,2,1,4,4,5,7,1,1,5,4,5,2,17,1,48,3,10,1,1,7,6,1,8,1,5,,23,19,1,22,9,121.5634814,25.03584901
111,5,19,10,17,2,04大安區,大安區敦化南路1段161巷與忠孝東路4段205巷口,0,0,1,1,C03,6,1,5,30,4,2,1,4,4,5,7,4,4,10,5,5,1,15,1,43,2,9,1,1,7,9,1,10,1,14,,6,6,1,21,3,121.5519514,25.04348237
111,5,19,10,17,2,04大安區,大安區敦化南路1段161巷與忠孝東路4段205巷口,0,0,1,2,B12,6,1,5,30,4,2,1,4,4,5,7,4,4,10,5,5,1,15,1,67,3,10,1,1,7,12,1,8,1,1,,14,6,1,21,3,121.5519514,25.04348237
111,5,19,10,30,2,01大同區,大同區民生西路與環河北路1段口,0,0,2,1,C03,6,1,5,50,5,1,1,4,4,5,7,1,1,1,4,5,2,15,1,57,2,9,1,1,7,9,1,10,2,12,,25,25,1,22,9,121.50838,25.05688406
111,5,19,10,30,2,01大同區,大同區民生西路與環河北路1段口,0,0,2,2,C03,6,1,5,50,5,1,1,4,4,5,7,1,1,1,4,5,2,15,1,27,2,9,1,1,7,9,1,10,2,11,,44,25,1,22,9,121.50838,25.05688406
111,5,19,11,3,2,12內湖區,內湖區新明路與新明路246巷口,0,0,1,1,B03,6,1,5,50,4,1,1,4,4,5,7,1,1,5,2,5,1,11,1,32,3,10,1,1,7,11,1,8,1,5,,10,10,1,22,9,121.5836725,25.05667946
111,5,19,11,3,2,12內湖區,內湖區新明路與新明路246巷口,0,0,1,2,C03,6,1,5,50,4,1,1,4,4,5,7,1,1,5,2,5,1,11,2,69,2,9,1,1,7,9,1,10,1,14,,44,10,1,22,9,121.5836725,25.05667946
111,5,19,11,5,2,12內湖區,內湖區民權東路6段99號,0,0,1,1,B12,6,1,5,50,14,7,1,4,4,5,7,4,4,1,4,4,2,17,1,52,3,10,1,1,7,7,1,4,1,7,,7,7,1,22,9,121.5888893,25.06909144
111,5,19,11,5,2,12內湖區,內湖區民權東路6段99號,0,0,1,2,C03,6,1,5,50,14,7,1,4,4,5,7,4,4,1,4,4,2,17,1,25,2,9,1,1,7,9,1,9,1,12,,44,7,1,22,9,121.5888893,25.06909144
111,5,19,11,6,2,09北投區,北投區承德路7段90號,0,0,1,1,B03,7,1,5,60,14,9,1,5,4,5,7,4,4,1,4,5,2,17,1,62,3,10,1,1,7,1,1,4,9,15,,19,19,1,22,9,121.510321,25.111628
111,5,19,11,6,2,09北投區,北投區承德路7段90號,0,0,1,2,C03,7,1,5,60,14,9,1,5,4,5,7,4,4,1,4,5,2,17,1,68,2,9,1,1,7,9,6,10,1,14,,44,19,1,22,9,121.510321,25.111628
111,5,19,11,7,2,03中山區,中山區北安路595巷17號,0,0,1,1,B03,8,1,5,30,14,9,1,5,4,5,7,4,4,10,4,5,1,17,1,30,3,10,1,1,7,14,1,8,1,4,,40,40,1,22,9,121.5476118,25.0822138
111,5,19,11,7,2,03中山區,中山區北安路595巷17號,0,0,1,2,C03,8,1,5,30,14,9,1,5,4,5,7,4,4,10,4,5,1,17,1,70,2,9,1,1,7,9,1,8,1,12,,44,40,1,22,9,121.5476118,25.0822138
111,5,19,11,31,2,01大同區,大同區大龍街與民族西路口,0,0,1,1,B03,8,1,5,50,4,1,1,5,4,5,7,2,1,5,4,5,2,16,1,45,3,10,3,4,7,5,1,8,1,2,,6,6,1,22,9,121.5158653,25.0685862
111,5,19,11,31,2,01大同區,大同區大龍街與民族西路口,0,0,1,2,C03,8,1,5,50,4,1,1,5,4,5,7,2,1,5,4,5,2,16,2,23,2,8,1,1,7,9,1,10,1,11,,44,6,1,22,9,121.5158653,25.0685862
111,5,19,11,33,2,11南港區,南港區中坡北路與中坡北路50巷口,0,0,1,1,C03,6,1,5,50,4,1,1,4,4,5,7,2,1,1,3,5,1,13,2,46,2,9,1,4,7,7,3,18,1,13,,7,7,1,22,9,121.5806908,25.0464149
111,5,19,11,33,2,11南港區,南港區中坡北路與中坡北路50巷口,0,0,1,2,B03,6,1,5,50,4,1,1,4,4,5,7,2,1,1,3,5,1,13,1,44,3,10,3,4,7,9,1,8,1,1,,44,7,1,22,9,121.5806908,25.0464149
111,5,19,11,38,2,05中正區,中正區重慶南路3段與重慶南路3段27巷附近口,0,0,2,1,C03,7,1,5,50,3,2,1,4,4,5,7,4,4,1,4,5,1,17,1,26,2,9,1,1,7,9,1,10,2,11,,16,16,1,22,9,121.5156581,25.02868234
111,5,19,11,38,2,05中正區,中正區重慶南路3段與重慶南路3段27巷附近口,0,0,2,2,C03,7,1,5,50,3,2,1,4,4,5,7,4,4,1,4,5,1,17,1,36,2,9,1,1,7,9,1,10,2,11,,16,16,1,22,9,121.5156581,25.02868234
111,5,19,11,38,2,05中正區,中正區重慶南路3段與重慶南路3段27巷附近口,0,0,2,3,C03,7,1,5,50,3,2,1,4,4,5,7,4,4,1,4,5,1,17,1,57,3,10,1,1,7,9,1,10,2,13,,44,16,1,22,9,121.5156581,25.02868234
111,5,19,11,40,2,04大安區,大安區金山南路2段30巷27號前,0,0,1,1,B11,7,1,5,30,14,9,1,5,4,5,7,4,4,8,3,5,1,14,1,41,3,10,1,1,7,2,1,4,1,7,,12,12,1,5,3,121.526124,25.03317534
111,5,19,11,40,2,04大安區,大安區金山南路2段30巷27號前,0,0,1,2,C03,7,1,5,30,14,9,1,5,4,5,7,4,4,8,3,5,1,14,2,45,3,10,1,1,7,9,1,10,1,11,,23,12,1,21,7,121.526124,25.03317534
111,5,19,11,40,2,04大安區,大安區金山南路2段30巷27號前,0,0,1,3,H02,7,1,5,30,14,9,1,5,4,5,7,4,4,8,3,5,1,14,2,5,2,1,1,1,7,20,8,20,10,16,,67,12,1,13,7,121.526124,25.03317534
111,5,19,12,9,2,08士林區,士林區重慶北路4段與葫東街口,0,0,1,1,B11,8,1,5,50,14,19,1,5,4,5,7,2,1,1,4,4,1,3,1,56,3,10,1,1,7,9,1,8,2,1,,25,25,1,22,9,121.5120528,25.08394149
111,5,19,12,9,2,08士林區,士林區重慶北路4段與葫東街口,0,0,1,2,H01,8,1,5,50,14,19,1,5,4,5,7,2,1,1,4,4,1,3,1,63,2,1,4,5,8,16,8,20,10,16,,67,25,1,22,9,121.5120528,25.08394149
111,5,19,12,18,2,08士林區,士林區延平北路7段106巷331臨-6號,0,0,1,1,C03,8,1,5,30,14,9,1,5,4,5,7,4,4,10,5,5,2,11,1,18,2,7,3,4,7,9,1,10,1,14,,23,23,1,22,9,121.4956823,25.10494934
111,5,19,12,18,2,08士林區,士林區延平北路7段106巷331臨-6號,0,0,1,2,B12,8,1,5,30,14,9,1,5,4,5,7,4,4,10,5,5,2,11,1,38,3,10,3,4,7,9,1,8,1,4,,44,23,1,22,9,121.4956823,25.10494934
111,5,19,13,10,2,12內湖區,內湖區潭美街與安康路328巷口,0,0,1,1,B03,6,1,5,50,3,2,1,4,4,5,7,3,1,10,5,5,1,13,1,20,3,10,1,1,7,5,1,8,1,1,,16,16,1,22,9,121.6114302,25.06404551
111,5,19,13,10,2,12內湖區,內湖區潭美街與安康路328巷口,0,0,1,2,C03,6,1,5,50,3,2,1,4,4,5,7,3,1,10,5,5,1,13,1,44,2,9,1,1,7,5,1,10,1,13,,44,16,1,22,9,121.6114302,25.06404551
111,5,19,13,20,2,09北投區,北投區西安街1段329號,0,0,1,1,F01,8,1,5,50,14,9,1,5,4,5,7,4,4,10,4,5,2,17,1,67,3,10,1,1,7,5,8,20,1,16,,8,8,1,22,9,121.5151539,25.11464277
111,5,19,13,20,2,09北投區,北投區西安街1段329號,0,0,1,2,C03,8,1,5,50,14,9,1,5,4,5,7,4,4,10,4,5,2,17,2,28,2,9,1,1,7,9,1,10,1,12,,23,8,1,22,9,121.5151539,25.11464277
111,5,19,13,39,2,07信義區,信義區松仁路28號,0,0,1,1,C03,7,1,5,50,14,9,1,4,4,5,7,4,4,1,4,5,2,13,2,71,2,9,3,4,7,9,1,10,1,11,,16,16,1,22,9,121.5683393,25.039799
111,5,19,13,39,2,07信義區,信義區松仁路28號,0,0,1,2,C03,7,1,5,50,14,9,1,4,4,5,7,4,4,1,4,5,2,13,1,55,3,10,3,4,7,9,1,10,1,13,,44,16,1,22,9,121.5683393,25.039799
111,5,19,13,39,2,07信義區,信義區松仁路28號,0,0,1,3,A02,7,1,5,50,14,9,1,4,4,5,7,4,4,1,4,5,2,13,1,49,3,10,3,4,7,14,1,1,9,15,,38,16,1,22,9,121.5683393,25.039799
111,5,19,14,1,2,07信義區,信義區基隆路2段55號,0,0,1,1,C04,8,1,5,50,14,9,1,5,4,5,7,4,4,1,4,5,2,13,2,28,2,9,3,4,7,9,1,10,1,11,,23,23,1,22,9,121.5583695,25.03095991
111,5,19,14,1,2,07信義區,信義區基隆路2段55號,0,0,1,2,B01,8,1,5,50,14,9,1,5,4,5,7,4,4,1,4,5,2,13,1,64,3,10,3,4,7,14,1,4,1,6,,44,23,1,22,9,121.5583695,25.03095991
111,5,19,14,11,2,02萬華區,萬華區西園路2段與西藏路口,0,0,1,1,C03,8,1,5,50,4,2,1,5,4,5,7,2,1,3,4,5,2,17,2,56,2,9,1,1,7,7,1,10,1,14,,7,7,1,22,9,121.4958474,25.0287224
111,5,19,14,11,2,02萬華區,萬華區西園路2段與西藏路口,0,0,1,2,B03,8,1,5,50,4,2,1,5,4,5,7,2,1,3,4,5,2,17,1,79,3,10,1,1,7,9,6,8,1,5,,44,7,1,22,9,121.4958474,25.0287224
111,5,19,15,1,2,03中山區,中山區建國北路3段113巷35號,0,0,1,1,C04,8,1,5,50,14,9,1,5,4,5,7,4,4,9,5,5,2,16,1,38,2,9,3,4,7,11,1,10,1,12,,10,10,1,22,9,121.536286,25.0678334
111,5,19,15,1,2,03中山區,中山區建國北路3段113巷35號,0,0,1,2,B03,8,1,5,50,14,9,1,5,4,5,7,4,4,9,5,5,2,16,1,36,3,10,3,4,7,9,1,8,1,8,,44,10,1,22,9,121.536286,25.0678334
111,5,19,15,3,2,11南港區,南港區興中路與興中路12巷口,0,0,1,1,B03,6,1,5,50,3,1,1,4,4,5,7,4,4,4,5,5,2,16,1,40,3,10,1,1,7,11,1,8,1,4,,10,10,1,22,9,121.607365,25.0550521
111,5,19,15,3,2,11南港區,南港區興中路與興中路12巷口,0,0,1,2,C03,6,1,5,50,3,1,1,4,4,5,7,4,4,4,5,5,2,16,2,48,2,7,1,1,7,9,1,10,1,12,,44,10,1,22,9,121.607365,25.0550521
111,5,19,15,9,2,10文山區,文山區新光路2段8號旁,0,0,1,1,C03,6,1,5,50,14,9,1,4,4,5,7,4,4,10,4,5,2,13,1,28,2,9,1,1,7,8,1,10,1,11,,23,23,1,22,9,121.5766354,24.9964711
111,5,19,15,9,2,10文山區,文山區新光路2段8號旁,0,0,1,2,B02,6,1,5,50,14,9,1,4,4,5,7,4,4,10,4,5,2,13,2,36,3,10,1,1,7,14,1,8,1,6,,44,23,1,22,9,121.5766354,24.9964711
111,5,19,16,0,2,05中正區,中正區重慶南路1段10號,0,0,1,1,B03,7,1,5,50,14,9,1,5,4,5,7,4,4,10,4,5,2,16,1,19,3,10,1,1,7,8,1,8,2,4,,7,7,1,22,9,121.5132281,25.0467173
111,5,19,16,0,2,05中正區,中正區重慶南路1段10號,0,0,1,2,C03,7,1,5,50,14,9,1,5,4,5,7,4,4,10,4,5,2,16,1,24,2,9,1,1,7,9,1,10,2,12,,44,7,1,22,9,121.5132281,25.0467173
111,5,19,16,5,2,04大安區,大安區和平東路3段與和平東路3段1巷口,0,0,2,1,C03,7,1,5,50,4,1,1,5,4,5,7,2,1,1,4,5,2,17,2,25,2,9,1,1,7,5,1,10,2,12,,8,8,1,22,9,121.5467108,25.02479997
111,5,19,16,5,2,04大安區,大安區和平東路3段與和平東路3段1巷口,0,0,2,2,C03,7,1,5,50,4,1,1,5,4,5,7,2,1,1,4,5,2,17,1,25,2,7,1,1,7,9,1,10,2,11,,44,8,1,22,9,121.5467108,25.02479997
111,5,19,16,9,2,02萬華區,萬華區環河南路2段與環河南路2段71巷口,0,0,1,1,B01,7,1,5,50,4,2,1,5,4,5,7,2,1,2,4,5,2,12,1,63,3,10,1,1,7,9,1,4,1,2,,17,17,1,22,9,121.4964267,25.0376326
111,5,19,16,9,2,02萬華區,萬華區環河南路2段與環河南路2段71巷口,0,0,1,2,C03,7,1,5,50,4,2,1,5,4,5,7,2,1,2,4,5,2,12,1,70,2,9,1,1,7,9,1,10,1,14,,17,17,1,22,9,121.4964267,25.0376326
111,5,19,16,13,2,03中山區,中山區松江路235巷與錦州街242巷口,0,0,1,1,B03,8,1,5,30,3,1,1,5,4,5,7,4,4,10,5,5,2,12,1,52,3,10,3,4,7,1,1,4,11,5,,19,19,1,22,9,121.5338334,25.05884931
111,5,19,16,13,2,03中山區,中山區松江路235巷與錦州街242巷口,0,0,1,2,C03,8,1,5,30,3,1,1,5,4,5,7,4,4,10,5,5,2,12,2,56,2,9,1,4,7,9,1,10,11,14,,44,19,1,22,9,121.5338334,25.05884931
111,5,19,16,29,2,06松山區,松山區敦化北路與敦化北路222巷口口,0,0,1,1,B03,8,1,5,30,3,1,1,5,4,5,7,4,4,1,4,4,2,16,2,54,3,10,1,1,7,6,1,8,1,6,,9,9,1,22,9,121.5490304,25.05857195
111,5,19,16,29,2,06松山區,松山區敦化北路與敦化北路222巷口口,0,0,1,2,C03,8,1,5,30,3,1,1,5,4,5,7,4,4,1,4,4,2,16,1,64,2,9,1,1,7,9,1,10,1,11,,14,9,1,22,9,121.5490304,25.05857195
111,5,19,16,30,2,09北投區,北投區西安街2段與致遠三路口,0,0,1,1,B03,8,1,5,50,3,1,1,5,4,5,7,2,1,10,4,5,2,16,2,40,3,10,1,1,7,1,1,8,9,8,,19,19,1,22,9,121.507981,25.12027151
111,5,19,16,30,2,09北投區,北投區西安街2段與致遠三路口,0,0,1,2,C03,8,1,5,50,3,1,1,5,4,5,7,2,1,10,4,5,2,16,2,58,2,7,1,1,7,9,1,10,9,11,,44,19,1,22,9,121.507981,25.12027151
111,5,19,16,55,2,04大安區,大安區新生南路1段與信義路3段口,0,0,1,1,C03,8,1,5,40,4,1,1,5,4,5,7,2,1,10,5,5,2,29,1,43,2,9,1,4,7,9,3,18,7,15,,23,23,1,22,9,121.5328446,25.03388856
111,5,19,16,55,2,04大安區,大安區新生南路1段與信義路3段口,0,0,1,2,,8,1,5,40,4,1,1,5,4,5,7,2,1,10,5,5,2,29,3,,,,,,,,,,,,,67,23,1,,,121.5328446,25.03388856
111,5,19,17,19,2,10文山區,文山區木柵路2段與木柵路2段67巷口,0,0,2,1,C03,6,1,5,50,3,1,1,4,4,5,7,4,4,9,4,5,2,15,1,63,2,9,1,1,7,9,1,10,9,11,,23,23,1,22,9,121.5606715,24.98874399
111,5,19,17,19,2,10文山區,文山區木柵路2段與木柵路2段67巷口,0,0,2,2,C03,6,1,5,50,3,1,1,4,4,5,7,4,4,9,4,5,2,15,2,53,2,9,1,1,7,9,1,10,1,14,,6,23,1,22,9,121.5606715,24.98874399
111,5,19,17,45,2,07信義區,信義區忠孝東路5段與松山路口,0,0,1,1,B03,8,1,5,50,4,2,1,5,4,5,7,1,1,1,4,5,1,17,1,69,3,10,1,1,7,6,1,8,1,2,,9,9,1,22,9,121.5777961,25.04069718
111,5,19,17,45,2,07信義區,信義區忠孝東路5段與松山路口,0,0,1,2,F01,8,1,5,50,4,2,1,5,4,5,7,1,1,1,4,5,1,17,1,17,2,7,1,1,7,9,8,20,1,16,,44,9,1,22,9,121.5777961,25.04069718
111,5,19,18,0,2,12內湖區,內湖區內湖路2段與文德路口,0,0,1,1,B03,8,1,5,50,3,2,1,5,4,5,7,1,1,10,3,1,1,16,1,31,3,10,1,1,7,6,1,8,1,4,,9,9,1,22,9,121.5790686,25.07867294
111,5,19,18,0,2,12內湖區,內湖區內湖路2段與文德路口,0,0,1,2,C03,8,1,5,50,3,2,1,5,4,5,7,1,1,10,3,1,1,16,1,45,2,9,1,1,7,9,1,10,1,11,,14,9,1,22,9,121.5790686,25.07867294
111,5,19,18,16,2,06松山區,松山區復興北路與復興北路361巷口,0,0,1,1,C03,8,3,5,50,3,2,1,5,4,5,7,4,4,1,4,5,2,17,1,46,2,9,1,1,7,9,1,10,2,11,,13,42,1,22,9,121.5443287,25.06052396
111,5,19,18,16,2,06松山區,松山區復興北路與復興北路361巷口,0,0,1,2,B03,8,3,5,50,3,2,1,5,4,5,7,4,4,1,4,5,2,17,2,68,3,10,1,1,7,6,1,8,2,7,,6,42,1,22,9,121.5443287,25.06052396
111,5,19,18,26,2,01大同區,大同區民權西路與延平北路2段口,0,0,1,1,F01,8,1,5,50,4,1,1,5,4,5,7,2,1,1,3,5,2,15,1,71,2,8,1,1,7,11,8,20,2,16,,25,25,1,22,9,121.5112205,25.0627882
111,5,19,18,26,2,01大同區,大同區民權西路與延平北路2段口,0,0,1,2,C03,8,1,5,50,4,1,1,5,4,5,7,2,1,1,3,5,2,15,1,36,3,10,1,1,7,9,1,10,2,11,,44,25,1,22,9,121.5112205,25.0627882
111,5,19,18,39,2,03中山區,中山區林森北路與民生東路1段口,0,0,1,1,B03,8,3,5,50,4,1,1,5,4,5,7,1,1,4,3,5,1,16,1,40,3,10,1,1,7,5,1,8,1,4,,8,8,1,22,9,121.5254773,25.05802606
111,5,19,18,39,2,03中山區,中山區林森北路與民生東路1段口,0,0,1,2,C03,8,3,5,50,4,1,1,5,4,5,7,1,1,4,3,5,1,16,1,53,2,8,1,1,7,9,1,10,1,14,,44,8,1,22,9,121.5254773,25.05802606
111,5,19,19,6,2,05中正區,中正區汀州路3段與汀州路3段2巷口口,0,0,1,1,F03,8,3,5,0,15,20,2,5,4,5,7,4,4,10,5,5,2,11,2,65,4,11,3,4,7,15,7,19,11,15,,26,26,2,22,9,121.5261915,25.01952315
111,5,19,19,6,2,05中正區,中正區汀州路3段與汀州路3段2巷口口,0,0,1,2,F01,8,3,5,0,15,20,2,5,4,5,7,4,4,10,5,5,2,11,2,67,2,9,1,1,7,9,8,20,1,16,,44,26,1,22,9,121.5261915,25.01952315
111,5,19,19,18,2,07信義區,信義區基隆路1段176-1號前,0,0,1,1,C03,8,3,5,50,14,9,1,5,4,5,7,4,4,1,4,5,2,18,1,21,2,9,1,1,7,9,1,10,1,12,,43,43,1,22,9,121.5653431,25.0426936
111,5,19,19,18,2,07信義區,信義區基隆路1段176-1號前,0,0,1,2,,8,3,5,50,14,9,1,5,4,5,7,4,4,1,4,5,2,18,3,,,,,,,,,,,,,67,43,1,,,121.5653431,25.0426936
111,5,19,19,48,2,10文山區,文山區木新路3段332號前,0,0,1,1,A02,8,3,5,50,14,9,2,5,4,5,7,4,4,5,4,5,2,17,1,45,2,1,1,1,7,9,1,1,2,1,,43,43,1,22,9,121.5552406,24.98033249
111,5,19,19,48,2,10文山區,文山區木新路3段332號前,0,0,1,2,B03,8,3,5,50,14,9,2,5,4,5,7,4,4,5,4,5,2,17,1,55,3,10,3,1,7,13,1,8,1,3,,43,43,1,22,9,121.5552406,24.98033249
111,5,19,19,48,2,10文山區,文山區木新路3段332號前,0,0,1,3,C03,8,3,5,50,14,9,2,5,4,5,7,4,4,5,4,5,2,17,1,26,3,10,1,1,7,13,1,10,1,14,,43,43,1,22,9,121.5552406,24.98033249
111,5,19,19,48,2,10文山區,文山區木新路3段332號前,0,0,1,4,C04,8,3,5,50,14,9,2,5,4,5,7,4,4,5,4,5,2,17,1,25,3,10,1,1,7,13,1,9,1,14,,43,43,1,22,9,121.5552406,24.98033249
111,5,19,19,48,2,10文山區,文山區木新路3段332號前,0,0,1,5,C03,8,3,5,50,14,9,2,5,4,5,7,4,4,5,4,5,2,17,2,26,3,10,1,1,7,13,1,10,1,14,,43,43,1,22,9,121.5552406,24.98033249
111,5,19,19,48,2,10文山區,文山區木新路3段332號前,0,0,1,6,C03,8,3,5,50,14,9,2,5,4,5,7,4,4,5,4,5,2,17,1,29,3,10,1,1,7,13,1,10,1,12,,43,43,1,22,9,121.5552406,24.98033249
111,5,19,19,48,2,10文山區,文山區木新路3段332號前,0,0,1,7,C03,8,3,5,50,14,9,2,5,4,5,7,4,4,5,4,5,2,17,1,27,3,10,1,1,7,13,1,10,1,12,,43,43,1,22,9,121.5552406,24.98033249
111,5,19,19,48,2,10文山區,文山區木新路3段332號前,0,0,1,8,F03,8,3,5,50,14,9,2,5,4,5,7,4,4,5,4,5,2,17,1,24,4,11,3,4,7,15,7,19,10,15,,43,43,2,22,9,121.5552406,24.98033249
111,5,19,20,2,2,08士林區,士林區中正路與文昌路口,0,0,1,1,C03,8,3,5,50,3,2,1,5,4,5,7,2,1,1,4,5,1,16,4,,4,11,3,4,7,15,7,19,11,15,,43,43,2,22,9,121.5219115,25.0943616
111,5,19,20,2,2,08士林區,士林區中正路與文昌路口,0,0,1,2,C03,8,3,5,50,3,2,1,5,4,5,7,2,1,1,4,5,1,16,1,31,2,9,1,1,7,1,1,10,9,14,,23,43,1,22,9,121.5219115,25.0943616
111,5,19,20,12,2,06松山區,松山區八德路2段439號,0,0,1,1,A05,6,3,5,50,14,9,1,4,4,5,7,2,1,9,4,5,2,13,1,30,3,10,1,1,7,9,1,2,1,1,,16,16,1,22,9,121.5468659,25.04824416
111,5,19,20,12,2,06松山區,松山區八德路2段439號,0,0,1,2,C03,6,3,5,50,14,9,1,4,4,5,7,2,1,9,4,5,2,13,2,31,2,8,1,1,7,14,1,10,1,13,,23,16,1,22,9,121.5468659,25.04824416
111,5,19,20,25,2,08士林區,士林區通河西街1段128號,0,0,2,1,C03,8,3,5,0,15,9,1,5,4,5,7,4,4,10,5,5,2,17,2,20,2,8,1,1,7,5,1,10,2,11,,23,23,1,22,9,121.5121232,25.08692389
111,5,19,20,25,2,08士林區,士林區通河西街1段128號,0,0,2,2,C04,8,3,5,0,15,9,1,5,4,5,7,4,4,10,5,5,2,17,1,63,3,10,3,1,7,13,1,10,9,11,,44,23,1,22,9,121.5121232,25.08692389
111,5,19,20,25,2,08士林區,士林區通河西街1段128號,0,0,2,3,C03,8,3,5,0,15,9,1,5,4,5,7,4,4,10,5,5,2,17,1,50,3,10,3,1,7,13,1,10,9,14,,44,23,1,22,9,121.5121232,25.08692389
111,5,19,20,25,2,08士林區,士林區通河西街1段128號,0,0,2,4,C03,8,3,5,0,15,9,1,5,4,5,7,4,4,10,5,5,2,17,1,29,3,10,3,1,7,13,1,10,9,14,,44,23,1,22,9,121.5121232,25.08692389
111,5,19,20,25,2,08士林區,士林區通河西街1段128號,0,0,2,5,C03,8,3,5,0,15,9,1,5,4,5,7,4,4,10,5,5,2,17,2,55,3,10,3,1,7,13,1,10,9,14,,44,23,1,22,9,121.5121232,25.08692389
111,5,19,20,25,2,08士林區,士林區通河西街1段128號,0,0,2,6,C03,8,3,5,0,15,9,1,5,4,5,7,4,4,10,5,5,2,17,1,54,3,10,1,1,7,5,1,9,1,15,,44,23,1,22,9,121.5121232,25.08692389
111,5,19,20,25,2,08士林區,士林區通河西街1段128號,0,0,2,7,H02,8,3,5,0,15,9,1,5,4,5,7,4,4,10,5,5,2,17,2,20,2,8,4,5,7,20,8,20,10,16,,67,23,1,22,9,121.5121232,25.08692389
111,5,19,21,55,2,05中正區,中正區羅斯福路1段與林森南路地下道口,0,0,2,1,C03,8,3,5,30,4,1,1,5,4,5,7,1,1,10,4,4,2,16,2,25,2,9,1,1,7,5,1,10,2,14,,8,8,1,22,9,121.5182001,25.032986
111,5,19,21,55,2,05中正區,中正區羅斯福路1段與林森南路地下道口,0,0,2,2,C03,8,3,5,30,4,1,1,5,4,5,7,1,1,10,4,4,2,16,1,28,2,9,1,1,7,9,1,10,2,12,,26,8,1,22,9,121.5182001,25.032986
111,5,19,23,43,2,01大同區,大同區市民高架道下環河北路,0,0,1,1,B03,8,3,5,40,4,2,1,5,4,5,7,1,1,1,5,5,2,12,2,48,3,10,1,1,7,5,1,8,1,4,,17,17,1,22,9,121.5069266,25.05068532
111,5,19,23,43,2,01大同區,大同區市民高架道下環河北路,0,0,1,2,B03,8,3,5,40,4,2,1,5,4,5,7,1,1,1,5,5,2,12,1,21,2,9,1,1,7,5,1,8,1,5,,44,17,1,22,9,121.5069266,25.05068532
111,5,20,0,55,2,08士林區,士林區中山北路6段與中山北路6段776巷口,0,0,1,1,B03,7,3,5,50,3,2,1,5,4,5,7,1,1,10,4,5,2,23,2,25,2,7,1,1,7,9,1,8,1,8,,23,23,1,22,9,121.5283239,25.11611721
111,5,20,0,55,2,08士林區,士林區中山北路6段與中山北路6段776巷口,0,0,1,2,,7,3,5,50,3,2,1,5,4,5,7,1,1,10,4,5,2,23,3,,,,,,,,,,,,,67,23,1,,,121.5283239,25.11611721