發生年度,發生月,發生日,發生時-Hours,發生分,處理別-編號,區序,肇事地點,死亡人數,2-30日死亡人數,受傷人數,當事人序號,車種,天候,光線,道路類別,速限-速度限制,道路型態,事故位置,路面狀況1,路面狀況2,路面狀況3,道路障礙1,道路障礙2,號誌1,號誌2,車道劃分-分向,車道劃分-分道1,車道劃分-分道2,車道劃分-分道3,事故類型及型態,性別,年齡,受傷程度,主要傷處,安全帽,行動電話,車輛用途,當事者行動狀態,駕駛資格情形,駕駛執照種類,飲酒情形,車輛撞擊部位1,車輛撞擊部位2,肇因碼-個別,肇因碼-主要,個人肇逃否,職業,旅次目的,座標-X,座標-Y
111,5,20,1,33,2,07信義區,信義區信義路5段與松仁路口,0,0,1,1,B02,8,3,5,50,4,1,1,5,4,5,7,1,1,3,4,5,2,12,2,20,3,10,3,4,7,9,1,8,1,2,,23,23,1,22,9,121.5683295,25.03289428
111,5,20,1,33,2,07信義區,信義區信義路5段與松仁路口,0,0,1,2,C03,8,3,5,50,4,1,1,5,4,5,7,1,1,3,4,5,2,12,2,19,2,9,3,4,7,7,1,10,1,14,,7,23,1,22,9,121.5683295,25.03289428
111,5,20,5,40,2,07信義區,信義區信義路5段17號,0,0,1,1,C03,8,1,5,50,14,9,1,5,4,5,7,4,4,1,4,5,2,18,2,29,2,9,1,1,7,9,1,10,1,14,,42,42,1,22,9,121.5677699,25.03286594
111,5,20,5,40,2,07信義區,信義區信義路5段17號,0,0,1,2,,8,1,5,50,14,9,1,5,4,5,7,4,4,1,4,5,2,18,3,,,,,,,,,,10,,,61,42,1,,,121.5677699,25.03286594
111,5,20,6,40,2,09北投區,北投區承德路6段427號,0,0,2,1,F03,7,1,5,0,14,9,1,5,4,5,7,4,4,1,4,5,1,12,1,52,2,9,1,1,7,6,8,20,1,16,,9,9,1,22,9,121.511538,25.108074
111,5,20,6,40,2,09北投區,北投區承德路6段427號,0,0,2,2,C03,7,1,5,0,14,9,1,5,4,5,7,4,4,1,4,5,1,12,1,60,2,9,1,1,7,9,1,10,1,11,,23,9,1,22,9,121.511538,25.108074
111,5,20,7,47,2,06松山區,松山區八德路4段與八德路4段204巷口,0,0,1,1,C03,8,1,5,50,4,2,1,5,4,5,7,2,1,5,4,5,2,17,1,47,2,9,1,1,7,9,1,10,1,14,,44,44,1,22,9,121.5640911,25.04881835
111,5,20,7,47,2,06松山區,松山區八德路4段與八德路4段204巷口,0,0,1,2,B12,8,1,5,50,4,2,1,5,4,5,7,2,1,5,4,5,2,17,1,62,3,10,1,1,7,5,1,8,9,1,,8,44,1,22,9,121.5640911,25.04881835
111,5,20,7,55,2,01大同區,大同區民權西路110號,0,0,2,1,C02,8,1,5,50,14,9,1,5,4,5,7,4,4,1,4,5,2,13,1,45,2,9,1,1,7,8,1,9,2,11,,23,23,1,22,9,121.5169225,25.06286493
111,5,20,7,55,2,01大同區,大同區民權西路110號,0,0,2,2,B12,8,1,5,50,14,9,1,5,4,5,7,4,4,1,4,5,2,13,1,57,3,10,1,1,7,14,3,18,2,6,,44,23,1,22,9,121.5169225,25.06286493
111,5,20,7,55,2,01大同區,大同區民權西路110號,0,0,2,3,H02,8,1,5,50,14,9,1,5,4,5,7,4,4,1,4,5,2,13,2,46,2,9,4,5,7,20,8,20,10,16,,67,23,1,22,9,121.5169225,25.06286493
111,5,20,7,55,2,01大同區,大同區民權西路110號,0,0,2,4,C03,8,1,5,50,14,9,1,5,4,5,7,4,4,1,4,5,2,13,2,50,3,10,3,4,7,13,1,10,9,13,,44,23,1,22,9,121.5169225,25.06286493
111,5,20,7,55,2,01大同區,大同區民權西路110號,0,0,2,5,C03,8,1,5,50,14,9,1,5,4,5,7,4,4,1,4,5,2,13,1,57,4,11,3,4,7,10,7,19,11,15,,7,23,2,22,9,121.5169225,25.06286493
111,5,20,8,2,2,02萬華區,萬華區西園路2段152號前,0,0,1,1,B01,8,1,5,50,14,9,1,5,4,5,7,1,1,3,4,5,2,17,1,52,4,11,3,4,7,15,7,19,9,15,,17,17,1,22,9,121.4962368,25.02999379
111,5,20,8,2,2,02萬華區,萬華區西園路2段152號前,0,0,1,2,C03,8,1,5,50,14,9,1,5,4,5,7,1,1,3,4,5,2,17,2,28,2,9,1,1,7,9,1,10,1,14,,17,17,1,22,9,121.4962368,25.02999379
111,5,20,9,7,2,03中山區,中山區建國北路2段與建國北路2段186巷口,0,0,1,1,B03,7,1,5,50,4,1,1,5,4,5,7,1,1,1,4,5,2,12,1,28,3,10,1,1,7,6,1,8,1,2,,9,9,1,22,9,121.5366649,25.0595789
111,5,20,9,7,2,03中山區,中山區建國北路2段與建國北路2段186巷口,0,0,1,2,C03,7,1,5,50,4,1,1,5,4,5,7,1,1,1,4,5,2,12,1,22,2,9,1,1,7,9,1,10,1,14,,13,9,1,22,9,121.5366649,25.0595789
111,5,20,9,14,2,03中山區,中山區市民大道3段與八德路2段300巷口,0,0,2,1,C03,8,1,5,40,14,9,1,5,4,5,7,4,4,1,4,5,2,16,1,55,2,1,1,1,7,9,1,10,2,11,,6,6,1,22,9,121.5428215,25.04484095
111,5,20,9,14,2,03中山區,中山區市民大道3段與八德路2段300巷口,0,0,2,2,C03,8,1,5,40,14,9,1,5,4,5,7,4,4,1,4,5,2,16,2,34,2,9,1,1,7,9,1,10,2,14,,23,6,1,22,9,121.5428215,25.04484095
111,5,20,9,18,2,02萬華區,萬華區長沙街2段64號,0,0,1,1,B02,8,1,5,50,14,9,1,5,4,5,7,4,4,9,5,5,2,16,1,46,3,10,1,1,7,15,1,8,1,4,,40,40,1,22,9,121.5055097,25.04058841
111,5,20,9,18,2,02萬華區,萬華區長沙街2段64號,0,0,1,2,F01,8,1,5,50,14,9,1,5,4,5,7,4,4,9,5,5,2,16,1,58,2,1,1,1,7,9,8,20,1,16,,44,40,1,22,9,121.5055097,25.04058841
111,5,20,9,19,2,04大安區,大安區安和路1段112巷22號,0,0,1,1,B03,7,1,5,30,14,9,1,5,4,5,7,4,4,10,5,5,2,17,1,70,3,10,1,1,7,1,1,8,2,1,,19,19,1,22,9,121.5506226,25.03391901
111,5,20,9,19,2,04大安區,大安區安和路1段112巷22號,0,0,1,2,C03,7,1,5,30,14,9,1,5,4,5,7,4,4,10,5,5,2,17,2,39,2,9,1,1,7,9,1,10,2,12,,44,19,1,22,9,121.5506226,25.03391901
111,5,20,10,2,2,08士林區,士林區延平北路7段106巷349號,0,0,1,1,B12,7,1,5,40,14,9,1,5,4,5,7,4,4,10,5,5,1,10,1,33,3,10,1,1,7,12,1,2,2,1,,5,5,1,22,9,121.4956322,25.10810279
111,5,20,10,2,2,08士林區,士林區延平北路7段106巷349號,0,0,1,2,C03,7,1,5,40,14,9,1,5,4,5,7,4,4,10,5,5,1,10,1,21,2,8,1,1,7,9,1,10,2,11,,23,5,1,22,9,121.4956322,25.10810279
111,5,20,10,14,2,12內湖區,內湖區江南街41巷與江南街口55號,0,0,1,1,B03,7,1,5,30,3,1,1,5,4,5,7,4,4,10,5,5,2,16,1,52,3,10,1,1,7,1,1,8,1,5,,19,19,1,22,9,121.5783267,25.07764325
111,5,20,10,14,2,12內湖區,內湖區江南街41巷與江南街口55號,0,0,1,2,C03,7,1,5,30,3,1,1,5,4,5,7,4,4,10,5,5,2,16,1,55,2,8,1,1,7,9,1,10,1,12,,23,19,1,22,9,121.5783267,25.07764325
111,5,20,10,37,2,01大同區,大同區民生西路與延平北路2段口,0,0,2,1,C03,8,1,5,50,4,1,1,5,4,5,7,2,1,5,4,5,2,16,1,68,2,5,1,1,7,5,1,10,1,12,,6,6,1,22,9,121.5115903,25.05695704
111,5,20,10,37,2,01大同區,大同區民生西路與延平北路2段口,0,0,2,2,C03,8,1,5,50,4,1,1,5,4,5,7,2,1,5,4,5,2,16,1,27,2,8,1,1,7,9,1,10,1,11,,44,6,1,22,9,121.5115903,25.05695704
111,5,20,10,40,2,04大安區,大安區敦化南路2段210號旁,0,0,1,1,C03,8,1,5,50,14,9,1,5,4,5,7,2,1,8,3,5,1,12,2,24,2,9,1,1,7,15,1,10,1,12,,16,16,1,5,1,121.5490012,25.02702724
111,5,20,10,40,2,04大安區,大安區敦化南路2段210號旁,0,0,1,2,B01,8,1,5,50,14,9,1,5,4,5,7,2,1,8,3,5,1,12,1,51,3,10,1,1,7,12,1,4,1,7,,44,16,1,10,4,121.5490012,25.02702724
111,5,20,10,43,2,08士林區,士林區文昌路24號,0,0,1,1,B03,7,1,5,50,14,9,1,5,4,5,7,4,4,5,4,5,2,12,1,70,3,10,1,1,7,8,1,8,1,2,,43,43,1,22,9,121.5215863,25.09513823
111,5,20,10,43,2,08士林區,士林區文昌路24號,0,0,1,2,C03,7,1,5,50,14,9,1,5,4,5,7,4,4,5,4,5,2,12,2,34,2,7,1,1,7,9,1,10,1,14,,43,43,1,22,9,121.5215863,25.09513823
111,5,20,10,44,2,03中山區,中山區民權東路1段與民權東路1段58巷口,0,0,1,1,C03,8,1,5,50,3,1,1,5,4,5,7,4,4,1,4,4,2,17,1,58,3,10,1,4,7,15,1,10,11,13,,42,42,1,22,9,121.5246625,25.06265474
111,5,20,10,44,2,03中山區,中山區民權東路1段與民權東路1段58巷口,0,0,1,2,C03,8,1,5,50,3,1,1,5,4,5,7,4,4,1,4,4,2,17,1,27,2,8,1,4,7,9,1,10,11,11,,42,42,1,22,9,121.5246625,25.06265474
111,5,20,11,16,2,08士林區,士林區至善路2段41號對面264燈桿,0,0,1,1,F01,8,1,5,0,14,9,1,5,4,5,7,4,4,3,4,5,2,17,2,37,2,6,1,1,7,7,8,20,1,16,,7,7,1,22,9,121.5446489,25.09719667
111,5,20,11,16,2,08士林區,士林區至善路2段41號對面264燈桿,0,0,1,2,B03,8,1,5,0,14,9,1,5,4,5,7,4,4,3,4,5,2,17,1,32,3,10,1,1,7,9,1,8,1,5,,23,7,1,22,9,121.5446489,25.09719667
111,5,20,11,58,2,06松山區,松山區市民大道4段微風廣場,0,0,2,1,B03,8,1,5,40,14,9,1,5,4,5,7,4,4,1,4,5,2,13,2,55,3,10,1,1,7,6,1,8,1,7,,9,9,1,22,9,121.5454812,25.0451637
111,5,20,11,58,2,06松山區,松山區市民大道4段微風廣場,0,0,2,2,B03,8,1,5,40,14,9,1,5,4,5,7,4,4,1,4,5,2,13,1,25,3,10,1,1,7,9,1,8,1,5,,16,9,1,22,9,121.5454812,25.0451637
111,5,20,11,58,2,06松山區,松山區市民大道4段微風廣場,0,0,2,3,C03,8,1,5,40,14,9,1,5,4,5,7,4,4,1,4,5,2,13,1,19,2,8,1,1,7,9,1,10,1,11,,16,9,1,22,9,121.5454812,25.0451637
111,5,20,11,58,2,06松山區,松山區市民大道4段微風廣場,0,0,2,4,C03,8,1,5,40,14,9,1,5,4,5,7,4,4,1,4,5,2,13,1,21,3,10,1,1,7,9,1,10,1,11,,16,9,1,22,9,121.5454812,25.0451637
111,5,20,11,58,2,06松山區,松山區市民大道4段微風廣場,0,0,2,5,B03,8,1,5,40,14,9,1,5,4,5,7,4,4,1,4,5,2,13,1,30,3,10,1,1,7,9,1,8,1,2,,44,9,1,22,9,121.5454812,25.0451637
111,5,20,11,58,2,06松山區,松山區市民大道4段微風廣場,0,0,2,6,H02,8,1,5,40,14,9,1,5,4,5,7,4,4,1,4,5,2,13,2,20,2,7,1,1,7,21,8,20,10,15,,67,9,1,22,9,121.5454812,25.0451637
111,5,20,11,58,2,06松山區,松山區市民大道4段微風廣場,0,0,2,7,C03,8,1,5,40,14,9,1,5,4,5,7,4,4,1,4,5,2,13,1,28,3,10,1,1,7,9,1,10,1,14,,44,9,1,22,9,121.5454812,25.0451637
111,5,20,12,10,2,09北投區,北投區紗帽路17號燈桿,0,0,1,1,C03,7,1,5,50,12,9,1,4,4,5,7,4,4,4,5,5,1,11,1,21,2,9,1,1,7,6,1,10,1,14,,26,26,1,22,9,121.545363,25.14241744
111,5,20,12,10,2,09北投區,北投區紗帽路17號燈桿,0,0,1,2,B03,7,1,5,50,12,9,1,4,4,5,7,4,4,4,5,5,1,11,1,69,3,10,1,1,7,5,1,8,1,4,,44,26,1,22,9,121.545363,25.14241744
111,5,20,12,55,2,09北投區,北投區文林北路與文林北路75巷口,0,0,2,1,B03,7,1,5,50,4,1,1,5,4,5,7,1,1,1,4,4,2,16,1,25,3,10,1,1,7,5,1,8,2,1,,26,26,1,22,9,121.5155533,25.1067765
111,5,20,12,55,2,09北投區,北投區文林北路與文林北路75巷口,0,0,2,2,C03,7,1,5,50,4,1,1,5,4,5,7,1,1,1,4,4,2,16,1,32,2,9,1,1,7,9,1,9,2,14,,23,26,1,22,9,121.5155533,25.1067765
111,5,20,12,55,2,09北投區,北投區文林北路與文林北路75巷口,0,0,2,3,H02,7,1,5,50,4,1,1,5,4,5,7,1,1,1,4,4,2,16,2,34,2,9,1,5,7,20,8,20,10,16,,67,26,1,22,9,121.5155533,25.1067765
111,5,20,13,30,2,04大安區,大安區安和路1段102巷與信義路4段199巷口,0,0,1,1,B03,7,1,5,30,4,1,1,5,4,5,7,4,4,4,3,5,1,15,1,39,3,10,1,1,7,9,3,18,1,1,,6,6,1,22,9,121.5516532,25.03429518
111,5,20,13,30,2,04大安區,大安區安和路1段102巷與信義路4段199巷口,0,0,1,2,C03,7,1,5,30,4,1,1,5,4,5,7,4,4,4,3,5,1,15,1,34,2,8,1,1,7,9,1,10,1,14,,13,6,1,22,9,121.5516532,25.03429518
111,5,20,13,33,2,08士林區,士林區格致路與凱旋路口,0,0,2,1,C03,8,1,5,40,4,2,1,5,4,5,7,3,1,10,5,5,2,17,2,49,2,9,1,1,7,5,1,10,1,14,,6,6,1,22,9,121.5463277,25.1367646
111,5,20,13,33,2,08士林區,士林區格致路與凱旋路口,0,0,2,2,C03,8,1,5,40,4,2,1,5,4,5,7,3,1,10,5,5,2,17,1,18,2,9,1,1,7,9,1,10,1,11,,14,6,1,22,9,121.5463277,25.1367646
111,5,20,13,54,2,06松山區,松山區南京東路5段與光復北路口,0,0,1,1,C03,7,1,5,50,4,2,1,5,4,5,7,1,1,3,4,4,1,12,2,56,3,10,1,1,7,9,1,10,1,13,,17,17,1,22,9,121.5573109,25.0516519
111,5,20,13,54,2,06松山區,松山區南京東路5段與光復北路口,0,0,1,2,C03,7,1,5,50,4,2,1,5,4,5,7,1,1,3,4,4,1,12,1,30,2,9,1,1,7,9,6,18,1,11,,44,17,1,22,9,121.5573109,25.0516519
111,5,20,13,58,2,07信義區,信義區忠孝東路5段295巷與虎林街120巷口,0,0,1,1,B03,8,1,5,30,4,2,1,5,4,5,7,4,4,5,2,5,2,15,2,47,3,10,1,1,7,9,1,8,2,2,,6,6,1,22,8,121.5719809,25.0422439
111,5,20,13,58,2,07信義區,信義區忠孝東路5段295巷與虎林街120巷口,0,0,1,2,C03,8,1,5,30,4,2,1,5,4,5,7,4,4,5,2,5,2,15,2,44,2,7,1,1,7,9,1,10,9,11,,23,6,1,22,8,121.5719809,25.0422439
111,5,20,14,33,2,05中正區,中正區中山南路與常德街口,0,0,1,1,B01,7,1,5,50,4,1,1,5,4,5,7,1,1,10,5,5,2,16,1,59,3,10,1,1,7,6,1,4,1,2,,43,43,1,22,9,121.5180033,25.0407285
111,5,20,14,33,2,05中正區,中正區中山南路與常德街口,0,0,1,2,C03,7,1,5,50,4,1,1,5,4,5,7,1,1,10,5,5,2,16,1,49,2,9,1,1,7,9,1,10,1,14,,43,43,1,22,9,121.5180033,25.0407285
111,5,20,14,48,2,05中正區,中正區仁愛路2段與金山南路1段口口,0,0,1,1,C03,8,1,5,50,4,2,1,5,4,5,7,2,1,9,4,4,1,16,4,,4,11,3,4,7,15,7,19,11,15,,43,43,2,22,9,121.5282679,25.0383673
111,5,20,14,48,2,05中正區,中正區仁愛路2段與金山南路1段口口,0,0,1,2,C03,8,1,5,50,4,2,1,5,4,5,7,2,1,9,4,4,1,16,1,28,2,8,1,1,7,9,1,10,1,11,,23,43,1,21,1,121.5282679,25.0383673
111,5,20,15,3,2,05中正區,中正區重慶南路1段與衡陽路口,0,0,2,1,C03,8,1,5,50,4,2,1,5,4,5,7,1,1,9,4,5,1,12,2,20,2,9,1,1,7,8,3,18,2,12,,7,7,1,22,9,121.5132447,25.04219873
111,5,20,15,3,2,05中正區,中正區重慶南路1段與衡陽路口,0,0,2,2,C03,8,1,5,50,4,2,1,5,4,5,7,1,1,9,4,5,1,12,1,21,2,9,1,1,7,9,3,18,2,14,,44,7,1,22,9,121.5132447,25.04219873
111,5,20,15,15,2,12內湖區,內湖區舊宗路2段115號,0,0,1,1,C01,8,1,5,50,14,9,2,5,4,5,7,2,1,10,5,5,2,11,1,52,2,9,1,1,7,9,1,9,2,11,,43,43,1,22,9,121.57499,25.06920549
111,5,20,15,15,2,12內湖區,內湖區舊宗路2段115號,0,0,1,2,B03,8,1,5,50,14,9,2,5,4,5,7,2,1,10,5,5,2,11,1,39,3,10,1,1,7,14,1,8,2,5,,44,43,1,22,9,121.57499,25.06920549
111,5,20,15,45,2,10文山區,文山區木柵路2段與木柵路2段67巷口,0,0,2,1,C04,7,1,5,30,3,1,1,5,4,5,7,4,4,5,4,5,2,16,1,26,2,8,1,4,7,5,1,11,1,12,,6,6,1,22,9,121.5606736,24.98873232
111,5,20,15,45,2,10文山區,文山區木柵路2段與木柵路2段67巷口,0,0,2,2,C03,7,1,5,30,3,1,1,5,4,5,7,4,4,5,4,5,2,16,2,24,2,9,1,4,7,9,1,10,1,11,,42,6,1,22,9,121.5606736,24.98873232
111,5,20,16,11,2,04大安區,大安區永康街75巷與金華街164巷口,0,0,1,1,B03,8,1,5,30,4,1,1,5,4,5,7,4,4,10,5,5,2,17,1,29,3,10,1,1,7,5,1,8,1,4,,8,8,1,22,9,121.5305702,25.0288531
111,5,20,16,11,2,04大安區,大安區永康街75巷與金華街164巷口,0,0,1,2,C03,8,1,5,30,4,1,1,5,4,5,7,4,4,10,5,5,2,17,1,28,2,9,1,1,7,15,1,10,1,11,,44,8,1,22,9,121.5305702,25.0288531
111,5,20,16,11,2,08士林區,士林區通河西街2段與延平北路7段口堤外便道,0,0,1,1,B12,8,1,5,50,3,1,1,5,4,5,7,4,4,10,5,5,1,16,1,40,3,10,1,1,7,5,5,18,2,2,,6,6,1,22,9,121.5026991,25.09399459
111,5,20,16,11,2,08士林區,士林區通河西街2段與延平北路7段口堤外便道,0,0,1,2,C03,8,1,5,50,3,1,1,5,4,5,7,4,4,10,5,5,1,16,2,22,2,9,1,1,7,9,1,10,2,11,,44,6,1,22,9,121.5026991,25.09399459
111,5,20,16,15,2,03中山區,中山區民權東路3段57號,0,0,1,1,B03,8,1,5,50,14,9,1,5,4,5,7,4,4,3,4,5,2,12,2,26,3,10,1,1,7,8,1,8,1,2,,7,7,1,22,9,121.5432015,25.0624409
111,5,20,16,15,2,03中山區,中山區民權東路3段57號,0,0,1,2,C03,8,1,5,50,14,9,1,5,4,5,7,4,4,3,4,5,2,12,1,61,2,9,1,1,7,9,4,8,1,14,,44,7,1,22,9,121.5432015,25.0624409
111,5,20,16,40,2,01大同區,大同區台北橋機車道往台北,0,0,2,1,C03,8,1,5,50,14,11,1,5,4,5,7,4,4,10,5,5,2,13,1,47,2,9,1,1,7,9,1,10,1,11,,43,43,1,22,9,121.5079608,25.0634671
111,5,20,16,40,2,01大同區,大同區台北橋機車道往台北,0,0,2,2,C03,8,1,5,50,14,11,1,5,4,5,7,4,4,10,5,5,2,13,1,81,2,9,1,1,7,13,6,18,1,13,,43,43,1,22,9,121.5079608,25.0634671
111,5,20,16,49,2,10文山區,文山區景興路與景興路282巷口,0,0,1,1,B03,8,1,5,50,3,1,1,5,4,5,7,2,1,5,5,5,2,16,1,66,3,10,1,1,7,6,1,8,9,5,,6,6,1,22,9,121.5423824,24.9895323
111,5,20,16,49,2,10文山區,文山區景興路與景興路282巷口,0,0,1,2,C03,8,1,5,50,3,1,1,5,4,5,7,2,1,5,5,5,2,16,2,19,2,8,1,1,7,9,1,10,9,14,,44,6,1,22,9,121.5423824,24.9895323
111,5,20,16,50,2,05中正區,中正區和平西路1段132號,0,0,4,1,C03,8,1,5,50,14,9,1,5,4,5,7,4,4,1,4,5,2,13,2,45,2,9,1,1,7,9,1,10,2,11,,16,16,1,22,9,121.5163203,25.0271181
111,5,20,16,50,2,05中正區,中正區和平西路1段132號,0,0,4,3,C03,8,1,5,50,14,9,1,5,4,5,7,4,4,1,4,5,2,13,1,23,2,9,2,3,7,9,1,10,2,11,,16,16,1,22,9,121.5163203,25.0271181
111,5,20,16,50,2,05中正區,中正區和平西路1段132號,0,0,4,2,C03,8,1,5,50,14,9,1,5,4,5,7,4,4,1,4,5,2,13,1,57,2,9,1,1,7,9,1,10,2,11,,23,16,1,22,9,121.5163203,25.0271181
111,5,20,16,50,2,05中正區,中正區和平西路1段132號,0,0,4,4,C03,8,1,5,50,14,9,1,5,4,5,7,4,4,1,4,5,2,13,1,43,2,9,1,1,7,9,1,10,2,13,,44,16,1,22,9,121.5163203,25.0271181
111,5,20,16,50,2,05中正區,中正區和平西路1段132號,0,0,4,5,C03,8,1,5,50,14,9,1,5,4,5,7,4,4,1,4,5,2,13,1,57,3,10,1,1,7,1,1,10,11,13,,19,16,2,22,9,121.5163203,25.0271181
111,5,20,17,8,2,07信義區,信義區基隆路1段與一之六號道路口,0,0,1,2,B03,8,1,5,50,3,1,1,5,4,5,7,4,4,10,4,5,2,17,1,32,3,10,1,1,7,9,1,4,2,2,,13,9,1,22,9,121.5605597,25.0343101
111,5,20,17,8,2,07信義區,信義區基隆路1段與一之六號道路口,0,0,1,3,B03,8,1,5,50,3,1,1,5,4,5,7,4,4,10,4,5,2,17,1,50,3,10,1,1,7,6,1,4,2,1,,23,9,1,22,9,121.5605597,25.0343101
111,5,20,17,8,2,07信義區,信義區基隆路1段與一之六號道路口,0,0,1,1,C03,8,1,5,50,3,1,1,5,4,5,7,4,4,10,4,5,2,17,2,20,2,9,1,1,7,6,1,10,2,14,,9,9,1,22,9,121.5605597,25.0343101
111,5,20,17,34,2,04大安區,大安區和平東路1段與泰順街口,0,0,1,1,B01,8,1,5,50,4,1,1,5,4,5,7,2,1,10,5,5,2,17,1,59,4,11,3,4,7,8,1,4,11,15,,7,7,2,22,9,121.5481757,25.0249583
111,5,20,17,34,2,04大安區,大安區和平東路1段與泰順街口,0,0,1,2,C03,8,1,5,50,4,1,1,5,4,5,7,2,1,10,5,5,2,17,1,32,2,8,1,4,7,9,1,10,1,15,,13,7,1,22,9,121.5481757,25.0249583
111,5,20,17,35,2,07信義區,信義區忠孝東路5段784號,0,0,2,1,C03,8,1,5,50,14,9,1,5,4,5,7,4,4,3,3,5,1,18,1,73,2,8,1,1,7,9,1,10,1,14,,42,42,1,22,9,121.5815816,25.04358188
111,5,20,17,35,2,07信義區,信義區忠孝東路5段784號,0,0,2,2,,8,1,5,50,14,9,1,5,4,5,7,4,4,3,3,5,1,18,3,,,,,,,,,,,,,67,42,1,,,121.5815816,25.04358188
111,5,20,17,35,2,07信義區,信義區忠孝東路5段784號,0,0,2,3,H02,8,1,5,50,14,9,1,5,4,5,7,4,4,3,3,5,1,18,2,70,2,9,1,1,7,20,8,20,10,16,,67,42,1,22,9,121.5815816,25.04358188
111,5,20,17,42,2,05中正區,中正區師大路193號,0,0,2,1,B01,8,1,5,40,14,9,1,5,4,5,7,4,4,1,4,4,2,16,1,61,3,10,1,1,7,1,1,4,1,4,,19,19,1,22,9,121.5261292,25.02084843
111,5,20,17,42,2,05中正區,中正區師大路193號,0,0,2,2,C02,8,1,5,40,14,9,1,5,4,5,7,4,4,1,4,4,2,16,1,33,2,9,1,1,7,15,1,9,1,12,,44,19,1,22,9,121.5261292,25.02084843
111,5,20,17,42,2,05中正區,中正區師大路193號,0,0,2,3,H02,8,1,5,40,14,9,1,5,4,5,7,4,4,1,4,4,2,16,1,33,2,9,1,5,7,20,8,20,10,16,,67,19,1,22,9,121.5261292,25.02084843
111,5,20,17,59,2,07信義區,信義區松信路228號,0,0,1,1,C03,8,1,5,50,14,9,4,5,4,5,7,4,4,9,4,5,2,12,1,27,2,9,1,1,7,11,1,10,1,12,,10,10,1,22,9,121.5719553,25.04140447
111,5,20,17,59,2,07信義區,信義區松信路228號,0,0,1,2,B03,8,1,5,50,14,9,4,5,4,5,7,4,4,9,4,5,2,12,1,46,3,10,1,1,7,9,1,8,1,4,,44,10,1,22,9,121.5719553,25.04140447
111,5,20,18,5,2,12內湖區,內湖區民權東路6段21巷與瑞光路66巷口,0,0,2,1,B03,8,1,5,50,3,1,1,5,4,5,7,4,4,5,5,5,2,16,1,54,3,10,1,1,7,5,1,8,1,8,,23,23,1,22,9,121.5811118,25.069187
111,5,20,18,5,2,12內湖區,內湖區民權東路6段21巷與瑞光路66巷口,0,0,2,2,C03,8,1,5,50,3,1,1,5,4,5,7,4,4,5,5,5,2,16,1,18,2,3,1,1,7,4,1,10,1,11,,26,23,1,22,9,121.5811118,25.069187
111,5,20,18,5,2,12內湖區,內湖區民權東路6段21巷與瑞光路66巷口,0,0,2,3,H02,8,1,5,50,3,1,1,5,4,5,7,4,4,5,5,5,2,16,1,18,2,8,1,5,7,21,8,20,10,16,,67,23,1,22,9,121.5811118,25.069187
111,5,20,18,15,2,05中正區,中正區鄭州路與承德路1段口,0,0,1,1,B02,7,2,5,50,4,1,1,5,4,5,7,1,1,10,5,5,2,17,2,25,3,10,1,1,7,1,1,8,2,15,,44,44,1,22,9,121.5163126,25.0486952
111,5,20,18,15,2,05中正區,中正區鄭州路與承德路1段口,0,0,1,2,C03,7,2,5,50,4,1,1,5,4,5,7,1,1,10,5,5,2,17,1,33,2,9,1,1,7,9,1,9,2,14,,13,44,1,22,9,121.5163126,25.0486952
111,5,20,18,20,2,03中山區,中山區民生東路3段與合江街口,0,0,3,1,C03,7,3,5,50,4,2,1,5,4,5,7,4,4,5,5,5,2,3,2,22,2,9,1,1,7,9,1,10,1,12,,23,23,1,22,9,121.5392231,25.0581046
111,5,20,18,20,2,03中山區,中山區民生東路3段與合江街口,0,0,3,2,H01,7,3,5,50,4,2,1,5,4,5,7,4,4,5,5,5,2,3,2,31,2,9,4,5,8,16,8,20,10,16,,51,23,1,22,9,121.5392231,25.0581046
111,5,20,18,20,2,03中山區,中山區民生東路3段與合江街口,0,0,3,3,H02,7,3,5,50,4,2,1,5,4,5,7,4,4,5,5,5,2,3,2,18,2,9,1,5,7,20,8,20,10,16,,67,23,1,22,9,121.5392231,25.0581046
111,5,20,18,45,2,10文山區,文山區新光路2段30號,0,0,1,1,F01,8,3,5,50,14,9,1,4,4,5,7,4,4,9,4,5,1,12,1,49,2,9,1,1,7,9,8,20,9,16,,23,23,1,22,9,121.5805746,24.99885282
111,5,20,18,45,2,10文山區,文山區新光路2段30號,0,0,1,2,B03,8,3,5,50,14,9,1,4,4,5,7,4,4,9,4,5,1,12,1,22,3,10,1,1,7,9,1,8,9,2,,23,23,1,22,9,121.5805746,24.99885282
111,5,20,19,2,2,03中山區,中山區建國北路2段與南京東路3段口,0,0,2,1,C03,8,3,5,50,4,1,1,5,4,5,7,1,1,4,3,4,1,17,2,22,2,8,1,1,7,9,1,10,1,11,,23,23,1,22,9,121.5367876,25.05205745
111,5,20,19,2,2,03中山區,中山區建國北路2段與南京東路3段口,0,0,2,2,C03,8,3,5,50,4,1,1,5,4,5,7,1,1,4,3,4,1,17,1,30,2,8,1,1,7,14,1,10,1,13,,44,23,1,22,9,121.5367876,25.05205745