發生年度,發生月,發生日,發生時-Hours,發生分,處理別-編號,區序,肇事地點,死亡人數,2-30日死亡人數,受傷人數,當事人序號,車種,天候,光線,道路類別,速限-速度限制,道路型態,事故位置,路面狀況1,路面狀況2,路面狀況3,道路障礙1,道路障礙2,號誌1,號誌2,車道劃分-分向,車道劃分-分道1,車道劃分-分道2,車道劃分-分道3,事故類型及型態,性別,年齡,受傷程度,主要傷處,安全帽,行動電話,車輛用途,當事者行動狀態,駕駛資格情形,駕駛執照種類,飲酒情形,車輛撞擊部位1,車輛撞擊部位2,肇因碼-個別,肇因碼-主要,個人肇逃否,職業,旅次目的,座標-X,座標-Y
111,5,20,19,35,2,03中山區,中山區中山北路2段與中山北路2段93巷口,0,0,2,1,C03,8,3,5,50,3,1,1,5,4,5,7,4,4,1,3,5,1,13,1,27,2,9,1,4,7,9,1,10,1,11,,16,16,1,22,9,121.5230331,25.05936002
111,5,20,19,35,2,03中山區,中山區中山北路2段與中山北路2段93巷口,0,0,2,2,C03,8,3,5,50,3,1,1,5,4,5,7,4,4,1,3,5,1,13,1,62,2,9,1,4,7,9,1,10,1,13,,44,16,1,22,9,121.5230331,25.05936002
111,5,20,19,35,2,03中山區,中山區中山北路2段與中山北路2段93巷口,0,0,2,3,B01,8,3,5,50,3,1,1,5,4,5,7,4,4,1,3,5,1,13,1,50,3,10,3,4,7,10,1,8,11,15,,7,16,1,22,9,121.5230331,25.05936002
111,5,20,20,11,2,05中正區,中正區牯嶺街與廈門街口,0,0,1,1,C03,8,3,5,50,3,1,1,5,4,5,7,3,1,5,4,5,2,17,1,30,2,7,1,1,7,7,1,10,2,12,,6,6,1,22,9,121.5182974,25.02748185
111,5,20,20,11,2,05中正區,中正區牯嶺街與廈門街口,0,0,1,2,B01,8,3,5,50,3,1,1,5,4,5,7,3,1,5,4,5,2,17,1,61,3,10,1,1,7,9,1,4,2,4,,44,6,1,22,9,121.5182974,25.02748185
111,5,20,20,11,2,05中正區,中正區牯嶺街與廈門街口,0,0,1,3,H02,8,3,5,50,3,1,1,5,4,5,7,3,1,5,4,5,2,17,1,33,4,11,1,5,7,20,8,20,10,16,,67,6,1,22,9,121.5182974,25.02748185
111,5,20,20,39,2,10文山區,文山區文和橋與新光路2段口,0,0,1,1,B03,8,3,5,50,14,9,2,5,4,5,7,3,1,5,4,5,2,17,2,55,3,10,3,4,7,5,1,8,2,1,,6,6,1,22,9,121.5965166,25.00184265
111,5,20,20,39,2,10文山區,文山區文和橋與新光路2段口,0,0,1,2,C03,8,3,5,50,14,9,2,5,4,5,7,3,1,5,4,5,2,17,1,21,2,9,1,4,7,9,1,10,2,12,,14,6,1,22,9,121.5965166,25.00184265
111,5,20,20,40,2,08士林區,士林區承德路4段10巷與通河街76巷口,0,0,1,1,C03,8,3,5,30,4,1,1,5,4,5,7,4,4,5,5,5,2,15,1,24,2,8,1,1,7,9,1,10,1,12,,6,6,1,21,8,121.5201338,25.08013009
111,5,20,20,40,2,08士林區,士林區承德路4段10巷與通河街76巷口,0,0,1,2,B03,8,3,5,30,4,1,1,5,4,5,7,4,4,5,5,5,2,15,1,44,3,10,1,1,7,9,1,8,1,1,,14,6,1,21,8,121.5201338,25.08013009
111,5,20,20,50,2,11南港區,南港區市民大道8段與南港路1段137巷口,0,0,1,1,C03,7,3,5,30,3,1,1,5,4,4,6,4,4,10,5,5,2,15,2,33,3,10,3,4,7,9,1,10,1,11,,43,43,1,22,9,121.6138254,25.0543454
111,5,20,20,50,2,11南港區,南港區市民大道8段與南港路1段137巷口,0,0,1,2,F01,7,3,5,30,3,1,1,5,4,4,6,4,4,10,5,5,2,15,2,49,2,8,3,4,7,9,8,20,1,16,,43,43,1,22,9,121.6138254,25.0543454
111,5,20,20,58,2,04大安區,大安區信義路2段與永康街口,0,0,2,1,C03,8,3,5,50,5,2,1,5,4,5,7,1,1,1,5,5,2,3,1,48,2,9,1,1,7,9,1,10,2,11,,13,13,1,22,9,121.5299576,25.03364481
111,5,20,20,58,2,04大安區,大安區信義路2段與永康街口,0,0,2,2,H01,8,3,5,50,5,2,1,5,4,5,7,1,1,1,5,5,2,3,2,72,2,9,4,5,8,16,8,20,10,16,,52,13,1,22,9,121.5299576,25.03364481
111,5,20,21,30,2,12內湖區,內湖區環山路2段41號,0,0,2,1,C03,7,3,5,40,14,8,1,5,4,5,7,4,4,5,4,4,2,13,1,18,2,9,1,2,7,9,1,10,1,11,,23,23,1,22,9,121.5733463,25.08547643
111,5,20,21,30,2,12內湖區,內湖區環山路2段41號,0,0,2,2,F01,7,3,5,40,14,8,1,5,4,5,7,4,4,5,4,4,2,13,1,60,2,9,1,1,7,9,8,20,1,16,,27,23,1,22,9,121.5733463,25.08547643
111,5,20,21,30,2,12內湖區,內湖區環山路2段41號,0,0,2,3,B03,7,3,5,40,14,8,1,5,4,5,7,4,4,5,4,4,2,13,2,30,3,10,3,4,7,13,1,8,11,4,,44,23,1,22,9,121.5733463,25.08547643
111,5,20,21,30,2,12內湖區,內湖區環山路2段41號,0,0,2,4,B03,7,3,5,40,14,8,1,5,4,5,7,4,4,5,4,4,2,13,1,72,3,10,3,4,7,13,1,4,11,4,,44,23,1,22,9,121.5733463,25.08547643
111,5,20,21,45,2,10文山區,文山區指南路1段52號,0,0,1,1,F01,8,3,5,50,14,9,1,5,4,5,7,4,4,5,5,5,2,13,1,49,3,10,1,1,7,9,8,20,1,16,,44,44,1,22,9,121.5702093,24.98773624
111,5,20,21,45,2,10文山區,文山區指南路1段52號,0,0,1,2,F01,8,3,5,50,14,9,1,5,4,5,7,4,4,5,5,5,2,13,1,15,2,9,1,1,7,9,8,20,1,16,,44,44,1,22,9,121.5702093,24.98773624
111,5,20,21,50,2,10文山區,文山區木新路2段111巷與木新路2段口,0,0,1,1,C03,8,3,5,30,3,2,1,5,4,5,7,3,1,9,4,5,1,3,1,68,3,10,1,1,7,5,1,10,1,11,,15,15,1,22,9,121.5698164,24.98442499
111,5,20,21,50,2,10文山區,文山區木新路2段111巷與木新路2段口,0,0,1,2,H01,8,3,5,30,3,2,1,5,4,5,7,3,1,9,4,5,1,3,2,30,2,9,4,5,8,16,8,20,1,15,,67,15,1,22,9,121.5698164,24.98442499
111,5,20,22,34,2,03中山區,中山區市民大道2段與天津街口,0,0,1,1,C03,8,3,5,40,4,1,1,5,4,5,7,1,1,1,3,5,1,13,1,52,3,10,1,4,7,7,1,10,1,13,,7,7,1,22,9,121.5224334,25.04800995
111,5,20,22,34,2,03中山區,中山區市民大道2段與天津街口,0,0,1,2,C03,8,3,5,40,4,1,1,5,4,5,7,1,1,1,3,5,1,13,1,23,2,9,1,4,7,9,1,10,1,11,,44,7,1,22,9,121.5224334,25.04800995
111,5,20,22,34,2,03中山區,中山區市民大道2段與天津街口,0,0,1,3,C03,8,3,5,40,4,1,1,5,4,5,7,1,1,1,3,5,1,13,2,30,3,10,1,4,7,9,1,10,1,11,,44,7,1,22,9,121.5224334,25.04800995
111,5,20,22,40,2,02萬華區,萬華區環河快速道路往南,0,0,2,1,A41,8,3,5,60,10,9,1,5,4,5,7,4,4,1,3,5,1,12,1,29,3,10,1,1,7,8,1,1,2,5,,7,7,1,22,9,121.4920159,25.03696306
111,5,20,22,40,2,02萬華區,萬華區環河快速道路往南,0,0,2,2,B03,8,3,5,60,10,9,1,5,4,5,7,4,4,1,3,5,1,12,1,32,2,9,1,1,7,9,1,8,2,4,,44,7,1,22,9,121.4920159,25.03696306
111,5,20,22,40,2,02萬華區,萬華區環河快速道路往南,0,0,2,3,H02,8,3,5,60,10,9,1,5,4,5,7,4,4,1,3,5,1,12,2,31,2,9,4,5,7,20,8,20,1,16,,67,7,1,22,9,121.4920159,25.03696306
111,5,20,22,40,2,02萬華區,萬華區環河快速道路往南,0,0,2,4,,8,3,5,60,10,9,1,5,4,5,7,4,4,1,3,5,1,12,3,,,,,,,,,,,,,67,7,1,,,121.4920159,25.03696306
111,5,20,23,0,2,01大同區,大同區重慶北路3段9巷與蘭州街口,0,0,2,1,B02,7,3,5,30,3,2,1,5,4,5,7,4,4,10,5,5,2,17,1,44,3,10,1,1,7,5,1,8,1,4,,8,8,1,22,9,121.5151399,25.0640944
111,5,20,23,0,2,01大同區,大同區重慶北路3段9巷與蘭州街口,0,0,2,2,C03,7,3,5,30,3,2,1,5,4,5,7,4,4,10,5,5,2,17,2,26,2,8,1,1,7,9,1,10,1,11,,23,8,1,22,9,121.5151399,25.0640944
111,5,20,23,0,2,01大同區,大同區重慶北路3段9巷與蘭州街口,0,0,2,3,H02,7,3,5,30,3,2,1,5,4,5,7,4,4,10,5,5,2,17,2,22,2,8,4,5,7,20,8,20,10,16,,67,8,1,22,9,121.5151399,25.0640944
111,5,20,23,3,2,08士林區,士林區福華路162-1號,0,0,2,1,C03,8,3,5,0,14,9,1,5,4,5,7,4,4,10,4,5,2,12,1,37,2,8,1,1,7,10,1,10,2,14,,7,7,1,22,9,121.5225592,25.10417428
111,5,20,23,3,2,08士林區,士林區福華路162-1號,0,0,2,2,C03,8,3,5,0,14,9,1,5,4,5,7,4,4,10,4,5,2,12,1,41,2,8,1,1,7,9,1,10,2,11,,44,7,1,22,9,121.5225592,25.10417428
111,5,20,23,50,2,08士林區,士林區福華路141巷與德行西路94巷口,0,0,1,1,C03,8,1,5,30,4,1,1,5,4,5,7,4,4,10,5,5,2,15,1,21,2,7,3,4,7,9,1,10,1,12,,6,6,1,22,9,121.5215992,25.1028325
111,5,20,23,50,2,08士林區,士林區福華路141巷與德行西路94巷口,0,0,1,2,B03,8,1,5,30,4,1,1,5,4,5,7,4,4,10,5,5,2,15,1,20,3,10,3,4,7,9,1,8,1,1,,23,6,1,22,9,121.5215992,25.1028325
111,5,20,23,55,2,02萬華區,萬華區漢口街2段74巷與漢口街2段90巷口,0,0,2,1,C03,8,3,5,30,4,1,1,5,4,5,7,4,4,10,5,5,2,15,1,21,2,9,3,4,7,9,2,18,11,15,,14,14,1,22,9,121.5042301,25.0458192
111,5,20,23,55,2,02萬華區,萬華區漢口街2段74巷與漢口街2段90巷口,0,0,2,2,C03,8,3,5,30,4,1,1,5,4,5,7,4,4,10,5,5,2,15,1,71,2,9,1,1,7,9,1,10,11,12,,6,14,1,22,9,121.5042301,25.0458192
111,5,21,0,38,2,05中正區,中正區重慶南路3段與汀州路2段口,0,0,1,1,B02,8,3,5,50,4,1,1,5,4,5,7,1,1,3,4,5,2,16,1,21,3,10,1,1,7,5,1,8,1,8,,6,6,1,22,9,121.5164801,25.0256667
111,5,21,0,38,2,05中正區,中正區重慶南路3段與汀州路2段口,0,0,1,2,C03,8,3,5,50,4,1,1,5,4,5,7,1,1,3,4,5,2,16,1,18,2,9,1,1,7,9,1,10,1,14,,44,6,1,22,9,121.5164801,25.0256667
111,5,21,0,45,2,07信義區,信義區永吉路30巷與松隆路73巷口,0,0,1,1,C03,7,3,5,30,4,1,1,5,4,5,7,4,4,8,5,5,1,15,2,30,3,10,1,1,7,9,1,10,1,11,,13,13,1,22,9,121.5688503,25.04510866
111,5,21,0,45,2,07信義區,信義區永吉路30巷與松隆路73巷口,0,0,1,2,C03,7,3,5,30,4,1,1,5,4,5,7,4,4,8,5,5,1,15,1,38,2,9,1,1,7,9,1,10,1,11,,44,13,1,22,9,121.5688503,25.04510866
111,5,21,1,40,2,10文山區,文山區萬美街2段230號燈桿,0,0,1,1,C03,8,3,5,40,14,13,1,5,4,5,7,4,4,5,5,5,1,13,1,18,2,9,1,1,7,9,1,10,1,11,,23,23,1,22,9,121.5631509,25.00384243
111,5,21,1,40,2,10文山區,文山區萬美街2段230號燈桿,0,0,1,2,B03,8,3,5,40,14,13,1,5,4,5,7,4,4,5,5,5,1,13,1,64,3,10,3,4,7,13,1,8,9,7,,44,23,1,22,9,121.5631509,25.00384243
111,5,21,2,30,2,12內湖區,內湖區石潭路與石潭路131巷口,0,0,1,2,C03,8,3,5,50,4,1,1,5,4,5,7,2,1,9,4,5,2,11,1,47,2,8,1,1,7,9,1,10,2,11,,44,6,1,22,9,121.5889791,25.0630629
111,5,21,2,30,2,12內湖區,內湖區石潭路與石潭路131巷口,0,0,1,1,B03,8,3,5,50,4,1,1,5,4,5,7,2,1,9,4,5,2,11,2,46,3,10,1,1,7,5,1,8,2,1,,6,6,1,22,9,121.5889791,25.0630629
111,5,21,7,40,2,01大同區,大同區重慶北路3段335巷19號,0,0,1,1,C03,8,1,5,30,14,9,1,5,4,5,7,4,4,10,5,5,2,9,1,28,3,10,1,1,7,9,1,10,1,11,,23,23,1,22,9,121.5147553,25.0746269
111,5,21,7,40,2,01大同區,大同區重慶北路3段335巷19號,0,0,1,2,H01,8,1,5,30,14,9,1,5,4,5,7,4,4,10,5,5,2,9,2,76,2,8,4,5,8,16,8,20,10,16,,67,23,1,22,9,121.5147553,25.0746269
111,5,21,8,24,2,10文山區,文山區羅斯福路5段與興隆路1段口,0,0,1,1,C03,8,1,5,50,4,1,1,5,4,5,7,2,1,1,4,5,2,12,2,31,3,10,1,1,7,9,1,10,2,13,,44,44,1,22,9,121.538764,25.004638
111,5,21,8,24,2,10文山區,文山區羅斯福路5段與興隆路1段口,0,0,1,2,C03,8,1,5,50,4,1,1,5,4,5,7,2,1,1,4,5,2,12,1,67,2,9,1,1,7,9,1,10,2,11,,17,44,1,22,9,121.538764,25.004638
111,5,21,8,26,2,03中山區,中山區八德路2段223號,0,0,2,1,C03,7,1,5,50,14,9,1,5,4,5,7,4,4,5,4,5,2,12,1,62,2,9,1,1,7,5,1,10,1,14,,8,8,1,22,9,121.5399403,25.0465854
111,5,21,8,26,2,03中山區,中山區八德路2段223號,0,0,2,2,C03,7,1,5,50,14,9,1,5,4,5,7,4,4,5,4,5,2,12,2,24,2,9,1,1,7,9,1,10,1,12,,13,8,1,22,9,121.5399403,25.0465854
111,5,21,8,29,2,01大同區,大同區迪化街2段與迪化街2段296巷口口,0,0,2,2,C03,8,1,5,30,4,1,1,5,4,5,7,4,4,10,5,5,2,15,1,55,2,9,1,1,7,9,1,10,1,12,,23,6,1,22,9,121.5118425,25.07132661
111,5,21,8,29,2,01大同區,大同區迪化街2段與迪化街2段296巷口口,0,0,2,1,C04,8,1,5,30,4,1,1,5,4,5,7,4,4,10,5,5,2,15,2,22,2,9,1,1,7,9,1,10,1,11,,6,6,1,22,9,121.5118425,25.07132661
111,5,21,8,37,2,09北投區,北投區大同街與育仁路口,0,0,1,1,C03,7,1,5,30,5,2,1,4,4,5,7,4,4,5,5,5,1,12,2,58,3,10,1,1,7,6,1,10,1,15,,9,9,1,22,9,121.498504,25.133888
111,5,21,8,37,2,09北投區,北投區大同街與育仁路口,0,0,1,2,C03,7,1,5,30,5,2,1,4,4,5,7,4,4,5,5,5,1,12,2,29,2,9,1,1,7,9,1,10,1,12,,23,9,1,22,9,121.498504,25.133888
111,5,21,8,40,2,07信義區,信義區基隆路1段與忠孝東路5段口,0,0,4,1,C03,8,1,5,50,4,2,1,5,4,5,7,2,1,1,3,5,2,13,1,62,3,10,3,4,7,12,1,10,1,13,,23,23,1,22,9,121.5648146,25.041519
111,5,21,8,40,2,07信義區,信義區基隆路1段與忠孝東路5段口,0,0,4,2,C03,8,1,5,50,4,2,1,5,4,5,7,2,1,1,3,5,2,13,1,52,2,8,3,4,7,9,1,10,1,11,,16,23,1,22,9,121.5648146,25.041519
111,5,21,8,40,2,07信義區,信義區基隆路1段與忠孝東路5段口,0,0,4,3,C03,8,1,5,50,4,2,1,5,4,5,7,2,1,1,3,5,2,13,2,34,2,8,3,4,7,9,1,10,1,11,,16,23,1,22,9,121.5648146,25.041519
111,5,21,8,40,2,07信義區,信義區基隆路1段與忠孝東路5段口,0,0,4,4,C03,8,1,5,50,4,2,1,5,4,5,7,2,1,1,3,5,2,13,1,28,2,9,3,4,7,9,1,10,1,11,,16,23,1,22,9,121.5648146,25.041519
111,5,21,8,40,2,07信義區,信義區基隆路1段與忠孝東路5段口,0,0,4,5,C03,8,1,5,50,4,2,1,5,4,5,7,2,1,1,3,5,2,13,2,24,2,9,3,4,7,9,1,10,1,11,,16,23,1,22,9,121.5648146,25.041519
111,5,21,8,49,2,12內湖區,內湖區康寧路3段與康寧路3段56巷口,0,0,1,1,B03,8,1,5,50,3,1,1,5,4,5,7,4,4,1,4,4,2,17,2,39,3,10,1,1,7,6,1,8,1,2,,9,9,1,22,9,121.610295,25.07108024
111,5,21,8,49,2,12內湖區,內湖區康寧路3段與康寧路3段56巷口,0,0,1,2,C03,8,1,5,50,3,1,1,5,4,5,7,4,4,1,4,4,2,17,1,34,2,9,1,1,7,9,1,10,1,14,,44,9,1,22,9,121.610295,25.07108024
111,5,21,8,57,2,04大安區,大安區羅斯福路3段229號,0,0,1,1,C03,8,1,5,50,14,9,1,5,4,5,7,2,1,1,4,5,2,13,1,23,2,9,3,4,7,9,1,10,1,11,,23,23,1,22,9,121.5296178,25.01946749
111,5,21,8,57,2,04大安區,大安區羅斯福路3段229號,0,0,1,2,B03,8,1,5,50,14,9,1,5,4,5,7,2,1,1,4,5,2,13,1,53,3,10,3,4,7,14,1,8,1,7,,44,23,1,22,9,121.5296178,25.01946749
111,5,21,9,31,2,12內湖區,內湖區潭美街與安康路228巷口,0,0,1,1,A02,8,1,5,40,3,2,1,5,4,5,7,1,1,5,5,5,2,17,1,62,4,11,3,4,7,1,7,19,11,15,,19,19,2,22,9,121.6035706,25.06116625
111,5,21,9,31,2,12內湖區,內湖區潭美街與安康路228巷口,0,0,1,2,C03,8,1,5,40,3,2,1,5,4,5,7,1,1,5,5,5,2,17,1,20,3,10,1,1,7,14,1,10,1,14,,44,19,1,22,9,121.6035706,25.06116625
111,5,21,9,31,2,12內湖區,內湖區潭美街與安康路228巷口,0,0,1,3,H02,8,1,5,40,3,2,1,5,4,5,7,1,1,5,5,5,2,17,2,20,2,8,1,5,7,20,8,20,10,16,,67,19,1,22,9,121.6035706,25.06116625
111,5,21,9,45,2,08士林區,士林區萬溪產業道路374號燈桿,0,0,2,1,B03,7,1,5,30,12,9,1,4,4,5,7,4,4,10,5,5,1,16,1,68,3,10,3,4,7,9,1,8,1,15,,13,13,1,22,9,121.5937503,25.12753207
111,5,21,9,45,2,08士林區,士林區萬溪產業道路374號燈桿,0,0,2,2,F01,7,1,5,30,12,9,1,4,4,5,7,4,4,10,5,5,1,16,1,16,2,9,3,4,7,6,8,20,1,16,,42,13,1,22,9,121.5937503,25.12753207
111,5,21,9,45,2,08士林區,士林區萬溪產業道路374號燈桿,0,0,2,3,F01,7,1,5,30,12,9,1,4,4,5,7,4,4,10,5,5,1,16,1,41,2,9,3,4,7,9,8,20,1,16,,44,13,1,22,9,121.5937503,25.12753207
111,5,21,10,32,2,02萬華區,萬華區水源路205-2號,0,0,2,1,F01,7,1,5,50,14,9,1,5,4,5,7,4,4,9,5,5,1,17,1,75,2,9,1,1,7,5,8,20,1,16,,8,8,1,22,9,121.5031728,25.0194483
111,5,21,10,32,2,02萬華區,萬華區水源路205-2號,0,0,2,2,C03,7,1,5,50,14,9,1,5,4,5,7,4,4,9,5,5,1,17,1,72,2,9,1,1,7,9,1,10,1,11,,44,8,1,22,9,121.5031728,25.0194483
111,5,21,11,0,2,07信義區,信義區光復南路421巷118號,0,0,2,1,B03,8,1,5,30,14,9,1,5,4,5,7,4,4,10,5,5,1,14,1,47,3,10,1,1,7,2,1,8,1,6,,12,12,1,22,9,121.5601576,25.03611084
111,5,21,11,0,2,07信義區,信義區光復南路421巷118號,0,0,2,2,C03,8,1,5,30,14,9,1,5,4,5,7,4,4,10,5,5,1,14,1,58,2,9,1,1,7,9,1,10,1,12,,44,12,1,22,9,121.5601576,25.03611084
111,5,21,11,0,2,07信義區,信義區光復南路421巷118號,0,0,2,3,H02,8,1,5,30,14,9,1,5,4,5,7,4,4,10,5,5,1,14,1,16,2,9,4,5,7,20,8,20,10,16,,67,12,1,22,9,121.5601576,25.03611084
111,5,21,11,3,2,05中正區,中正區愛國西路2號,0,0,1,1,C03,8,1,5,50,14,9,1,5,4,5,7,4,4,1,4,5,2,13,1,26,2,9,1,1,7,9,1,10,2,11,,23,23,1,22,9,121.5153782,25.0346999
111,5,21,11,3,2,05中正區,中正區愛國西路2號,0,0,1,2,C03,8,1,5,50,14,9,1,5,4,5,7,4,4,1,4,5,2,13,1,61,3,10,1,1,4,9,1,10,2,13,,14,23,1,22,9,121.5153782,25.0346999
111,5,21,11,16,2,03中山區,中山區民生東路3段與復興北路280巷10弄口,0,0,1,1,B03,7,1,5,50,3,2,1,5,4,3,5,4,4,1,4,5,2,17,1,43,3,10,1,1,7,6,1,8,2,4,,6,6,1,22,9,121.5429769,25.0578989
111,5,21,11,16,2,03中山區,中山區民生東路3段與復興北路280巷10弄口,0,0,1,2,C03,7,1,5,50,3,2,1,5,4,3,5,4,4,1,4,5,2,17,1,35,2,9,1,1,7,9,1,10,2,12,,44,6,1,22,9,121.5429769,25.0578989
111,5,21,11,16,2,03中山區,中山區民生東路3段與復興北路280巷10弄口,0,0,1,3,B03,7,1,5,50,3,2,1,5,4,3,5,4,4,1,4,5,2,17,1,45,3,10,1,1,7,14,1,8,11,15,,42,6,1,22,9,121.5429769,25.0578989
111,5,21,12,10,2,09北投區,北投區公館路與公館路423巷口,0,0,1,2,C03,8,1,5,30,3,1,1,5,4,5,7,4,4,9,4,5,2,16,2,35,2,9,3,4,7,9,1,10,1,12,,43,44,1,22,9,121.5024645,25.120873
111,5,21,12,10,2,09北投區,北投區公館路與公館路423巷口,0,0,1,1,B03,8,1,5,30,3,1,1,5,4,5,7,4,4,9,4,5,2,16,1,41,3,10,3,4,7,6,3,18,1,5,,44,44,1,22,9,121.5024645,25.120873
111,5,21,12,11,2,10文山區,文山區木柵路3段與木柵路3段49巷口,0,0,1,1,C04,6,1,5,50,3,2,1,4,4,5,7,4,4,5,5,5,2,18,1,22,2,1,3,4,7,9,1,10,1,14,,42,42,1,21,8,121.5661405,24.9884926
111,5,21,12,11,2,10文山區,文山區木柵路3段與木柵路3段49巷口,0,0,1,2,,6,1,5,50,3,2,1,4,4,5,7,4,4,5,5,5,2,18,3,,,,,,,,,,,,,67,42,1,,,121.5661405,24.9884926
111,5,21,12,13,2,10文山區,文山區興隆路4段109巷與木柵路3段48巷1弄口前,0,0,1,1,B03,6,1,5,30,3,1,1,4,4,5,7,3,1,5,4,5,2,17,1,58,3,10,3,4,7,5,1,8,2,15,,6,6,1,22,9,121.5646874,24.98693605
111,5,21,12,13,2,10文山區,文山區興隆路4段109巷與木柵路3段48巷1弄口前,0,0,1,2,C03,6,1,5,30,3,1,1,4,4,5,7,3,1,5,4,5,2,17,1,35,2,9,1,4,7,9,1,10,2,12,,44,6,1,22,9,121.5646874,24.98693605
111,5,21,12,44,2,02萬華區,萬華區堤外便道光復橋下,0,0,1,1,C03,7,1,5,40,14,9,1,5,4,1,1,3,1,10,5,5,1,17,1,27,2,9,1,1,7,9,1,10,1,14,,44,44,1,22,9,121.4903243,25.02444282
111,5,21,12,44,2,02萬華區,萬華區堤外便道光復橋下,0,0,1,2,B01,7,1,5,40,14,9,1,5,4,1,1,3,1,10,5,5,1,17,2,36,3,10,1,1,7,9,1,4,1,4,,5,44,1,22,9,121.4903243,25.02444282
111,5,21,13,41,2,12內湖區,內湖區舊宗路1段與新湖一路口口,0,0,1,1,C03,7,1,5,50,4,1,1,5,4,5,7,2,1,1,4,5,2,12,1,73,2,7,1,1,7,7,1,10,1,14,,7,7,1,22,9,121.5792801,25.06030514
111,5,21,13,41,2,12內湖區,內湖區舊宗路1段與新湖一路口口,0,0,1,2,B03,7,1,5,50,4,1,1,5,4,5,7,2,1,1,4,5,2,12,1,27,3,10,1,1,7,9,1,8,1,6,,44,7,1,22,9,121.5792801,25.06030514
111,5,21,13,41,2,12內湖區,內湖區舊宗路1段與新湖一路口口,0,0,1,3,C03,7,1,5,50,4,1,1,5,4,5,7,2,1,1,4,5,2,12,1,38,3,10,1,1,7,9,1,10,1,13,,44,7,1,22,9,121.5792801,25.06030514
111,5,21,14,0,2,11南港區,南港區昆陽街157巷與忠孝東路7段口口,0,0,2,1,C03,7,1,5,50,5,1,1,5,4,5,7,2,1,5,5,5,2,16,1,63,2,1,1,1,7,6,1,9,2,11,,25,25,1,22,9,121.5957818,25.0507179
111,5,21,14,0,2,11南港區,南港區昆陽街157巷與忠孝東路7段口口,0,0,2,2,C03,7,1,5,50,5,1,1,5,4,5,7,2,1,5,5,5,2,16,1,20,2,9,1,1,7,1,1,10,2,14,,44,25,1,22,9,121.5957818,25.0507179
111,5,21,14,22,2,05中正區,中正區重慶南路1段與開封街1段口,0,0,1,1,B03,8,1,5,50,4,2,1,5,4,5,7,1,1,10,4,5,1,12,2,69,3,10,1,1,7,9,1,8,2,2,,23,23,1,22,9,121.5132063,25.0462287
111,5,21,14,22,2,05中正區,中正區重慶南路1段與開封街1段口,0,0,1,2,C03,8,1,5,50,4,2,1,5,4,5,7,1,1,10,4,5,1,12,2,52,2,9,1,1,7,9,1,10,2,14,,44,23,1,22,9,121.5132063,25.0462287
111,5,21,14,30,2,03中山區,中山區民族東路與林森北路口,0,0,1,1,B01,7,1,5,50,3,1,1,5,4,5,7,1,1,5,4,5,2,12,1,35,3,10,1,1,7,6,1,4,1,5,,9,9,1,22,9,121.5257257,25.0682634
111,5,21,14,30,2,03中山區,中山區民族東路與林森北路口,0,0,1,2,C03,7,1,5,50,3,1,1,5,4,5,7,1,1,5,4,5,2,12,1,19,2,9,1,1,7,9,6,10,1,14,,44,9,1,22,9,121.5257257,25.0682634
111,5,21,14,37,2,09北投區,北投區中央北路2段與文化三路口,0,0,1,1,C03,7,1,5,50,3,1,1,5,4,5,7,1,1,5,4,5,2,16,1,22,2,9,1,1,7,7,1,10,2,14,,7,7,1,22,9,121.4960804,25.136549
111,5,21,14,37,2,09北投區,北投區中央北路2段與文化三路口,0,0,1,2,C03,7,1,5,50,3,1,1,5,4,5,7,1,1,5,4,5,2,16,1,36,3,10,1,1,7,14,1,10,2,13,,44,7,1,22,9,121.4960804,25.136549
111,5,21,16,40,2,12內湖區,內湖區行善路與行愛路口,0,0,5,1,B03,8,1,5,50,4,1,1,5,4,5,7,1,1,1,5,5,1,16,2,33,3,10,3,4,7,5,1,8,1,2,,8,8,1,22,9,121.5826703,25.0606306
111,5,21,16,40,2,12內湖區,內湖區行善路與行愛路口,0,0,5,2,B03,8,1,5,50,4,1,1,5,4,5,7,1,1,1,5,5,1,16,1,53,2,3,3,4,7,9,1,8,1,1,,23,8,1,22,9,121.5826703,25.0606306
111,5,21,16,40,2,12內湖區,內湖區行善路與行愛路口,0,0,5,3,H02,8,1,5,50,4,1,1,5,4,5,7,1,1,1,5,5,1,16,2,57,2,9,3,5,7,20,8,20,10,16,,67,8,1,22,9,121.5826703,25.0606306
111,5,21,16,40,2,12內湖區,內湖區行善路與行愛路口,0,0,5,4,H02,8,1,5,50,4,1,1,5,4,5,7,1,1,1,5,5,1,16,2,87,2,9,3,5,7,20,8,20,10,16,,67,8,1,22,9,121.5826703,25.0606306
111,5,21,16,40,2,12內湖區,內湖區行善路與行愛路口,0,0,5,5,H02,8,1,5,50,4,1,1,5,4,5,7,1,1,1,5,5,1,16,2,33,2,8,3,5,7,20,8,20,10,16,,67,8,1,22,9,121.5826703,25.0606306
111,5,21,16,40,2,12內湖區,內湖區行善路與行愛路口,0,0,5,6,H02,8,1,5,50,4,1,1,5,4,5,7,1,1,1,5,5,1,16,2,55,2,9,3,5,7,20,8,20,10,16,,67,8,1,22,9,121.5826703,25.0606306
111,5,21,16,45,2,04大安區,大安區新生南路1段103巷33弄與新生南路1段97巷口,0,0,1,1,C03,7,1,5,30,4,1,1,5,4,5,7,4,4,10,5,5,1,16,2,36,2,9,1,1,7,9,1,10,1,12,,6,6,1,22,9,121.5356711,25.04115649