發生年度,發生月,發生日,發生時-Hours,發生分,處理別-編號,區序,肇事地點,死亡人數,2-30日死亡人數,受傷人數,當事人序號,車種,天候,光線,道路類別,速限-速度限制,道路型態,事故位置,路面狀況1,路面狀況2,路面狀況3,道路障礙1,道路障礙2,號誌1,號誌2,車道劃分-分向,車道劃分-分道1,車道劃分-分道2,車道劃分-分道3,事故類型及型態,性別,年齡,受傷程度,主要傷處,安全帽,行動電話,車輛用途,當事者行動狀態,駕駛資格情形,駕駛執照種類,飲酒情形,車輛撞擊部位1,車輛撞擊部位2,肇因碼-個別,肇因碼-主要,個人肇逃否,職業,旅次目的,座標-X,座標-Y
111,5,21,16,45,2,04大安區,大安區新生南路1段103巷33弄與新生南路1段97巷口,0,0,1,2,B03,7,1,5,30,4,1,1,5,4,5,7,4,4,10,5,5,1,16,1,22,3,10,3,4,7,9,1,8,1,1,,14,6,1,22,9,121.5356711,25.04115649
111,5,21,16,50,2,01大同區,大同區重慶北路1段與鄭州路口,0,0,1,1,C03,8,1,5,40,4,1,1,5,4,5,7,2,1,1,2,5,2,12,1,42,2,8,1,1,7,9,6,10,2,12,,17,17,1,22,9,121.513627,25.049577
111,5,21,16,50,2,01大同區,大同區重慶北路1段與鄭州路口,0,0,1,2,C03,8,1,5,40,4,1,1,5,4,5,7,2,1,1,2,5,2,12,1,20,3,10,1,1,7,9,1,10,2,12,,44,17,1,22,9,121.513627,25.049577
111,5,21,16,54,2,08士林區,士林區德行東路與德行東路378巷口,0,0,1,1,C03,8,1,5,30,4,1,1,5,4,5,7,4,4,10,5,5,2,15,1,26,3,10,3,4,7,9,1,10,1,12,,6,6,1,22,9,121.5399016,25.11070515
111,5,21,16,54,2,08士林區,士林區德行東路與德行東路378巷口,0,0,1,2,B03,8,1,5,30,4,1,1,5,4,5,7,4,4,10,5,5,2,15,1,31,3,10,3,4,7,9,1,8,1,8,,42,6,1,22,9,121.5399016,25.11070515
111,5,21,16,54,2,08士林區,士林區德行東路與德行東路378巷口,0,0,1,3,H02,8,1,5,30,4,1,1,5,4,5,7,4,4,10,5,5,2,15,1,26,2,8,3,4,7,20,8,20,10,16,,67,6,1,22,9,121.5399016,25.11070515
111,5,21,17,16,2,02萬華區,萬華區華中橋機車道往中和方向(049燈桿前),0,0,1,1,C03,8,3,5,40,8,11,1,5,4,4,6,4,4,8,4,3,1,17,2,50,2,8,1,1,7,12,1,10,1,11,,23,23,1,22,9,121.4955291,25.01618263
111,5,21,17,16,2,02萬華區,萬華區華中橋機車道往中和方向(049燈桿前),0,0,1,2,C03,8,3,5,40,8,11,1,5,4,4,6,4,4,8,4,3,1,17,1,75,3,10,1,1,7,15,1,10,1,14,,42,23,1,22,9,121.4955291,25.01618263
111,5,21,17,42,2,03中山區,中山區中山北路1段140巷6-1號,0,0,1,1,B03,7,2,5,30,14,9,1,5,4,5,7,4,4,10,5,5,2,2,1,33,4,11,3,4,7,15,7,19,11,15,,23,23,2,22,9,121.5214982,25.05148693
111,5,21,17,42,2,03中山區,中山區中山北路1段140巷6-1號,0,0,1,2,H01,7,2,5,30,14,9,1,5,4,5,7,4,4,10,5,5,2,2,1,22,2,8,4,5,8,16,8,20,10,16,,67,23,1,22,9,121.5214982,25.05148693
111,5,21,18,0,2,05中正區,中正區市民大道1段與中山北路1段口,0,0,1,1,B03,8,1,5,40,4,1,1,5,4,5,7,1,1,1,4,5,2,12,2,67,3,10,1,1,7,6,1,8,2,15,,9,9,1,22,9,121.5206707,25.04789855
111,5,21,18,0,2,05中正區,中正區市民大道1段與中山北路1段口,0,0,1,2,C03,8,1,5,40,4,1,1,5,4,5,7,1,1,1,4,5,2,12,1,24,2,9,1,1,7,9,1,10,2,11,,44,9,1,22,9,121.5206707,25.04789855
111,5,21,18,10,2,05中正區,中正區汀州路3段與羅斯福路4段24巷口,0,0,2,1,C03,7,3,5,50,4,1,1,5,4,5,7,2,1,4,4,5,1,16,2,50,2,9,1,1,7,5,1,10,2,11,,8,8,1,22,9,121.5325906,25.01492661
111,5,21,18,10,2,05中正區,中正區汀州路3段與羅斯福路4段24巷口,0,0,2,2,C03,7,3,5,50,4,1,1,5,4,5,7,2,1,4,4,5,1,16,1,27,2,9,1,1,7,9,1,9,2,14,,44,8,1,22,9,121.5325906,25.01492661
111,5,21,18,11,2,03中山區,中山區松江路133巷與南京東路2段115巷口,0,0,1,1,B03,8,3,5,30,4,1,1,5,4,5,7,4,4,10,5,5,2,15,1,28,3,10,1,1,7,9,1,8,1,1,8,6,6,1,22,9,121.5336459,25.0543597
111,5,21,18,11,2,03中山區,中山區松江路133巷與南京東路2段115巷口,0,0,1,2,C03,8,3,5,30,4,1,1,5,4,5,7,4,4,10,5,5,2,15,1,58,2,9,1,1,7,9,1,10,1,12,14,14,6,1,22,9,121.5336459,25.0543597
111,5,21,18,26,2,10文山區,文山區興隆路1段70巷11弄與興隆路1段70巷11弄口,0,0,2,1,C03,6,1,5,30,4,1,1,4,4,5,7,4,4,10,5,5,2,15,1,37,2,8,1,1,7,9,1,10,2,11,,23,23,1,22,9,121.540604,25.0020951
111,5,21,18,26,2,10文山區,文山區興隆路1段70巷11弄與興隆路1段70巷11弄口,0,0,2,2,C03,6,1,5,30,4,1,1,4,4,5,7,4,4,10,5,5,2,15,2,21,2,9,1,1,7,9,1,10,2,12,,6,23,1,22,9,121.540604,25.0020951
111,5,21,18,45,2,03中山區,中山區民生東路3段32號,0,0,2,1,B03,7,3,5,50,14,9,1,5,4,5,7,4,4,3,4,5,2,13,2,59,3,10,1,1,7,14,1,8,2,7,,38,38,1,22,9,121.5388446,25.05805873
111,5,21,18,45,2,03中山區,中山區民生東路3段32號,0,0,2,2,C03,7,3,5,50,14,9,1,5,4,5,7,4,4,3,4,5,2,13,1,22,2,9,1,1,7,9,1,10,2,11,,23,38,1,22,9,121.5388446,25.05805873
111,5,21,18,45,2,03中山區,中山區民生東路3段32號,0,0,2,3,H02,7,3,5,50,14,9,1,5,4,5,7,4,4,3,4,5,2,13,2,20,2,9,1,1,7,20,8,20,10,16,,67,38,1,22,9,121.5388446,25.05805873
111,5,21,18,56,2,07信義區,信義區信安街與富陽街44巷口,0,0,1,1,C03,8,3,5,50,3,1,1,5,4,5,7,4,4,9,4,5,2,12,1,47,3,10,1,1,7,9,1,10,1,13,,43,43,1,22,9,121.5553896,25.023196
111,5,21,18,56,2,07信義區,信義區信安街與富陽街44巷口,0,0,1,2,C03,8,3,5,50,3,1,1,5,4,5,7,4,4,9,4,5,2,12,1,57,2,9,1,1,7,9,1,10,1,11,,43,43,1,22,9,121.5553896,25.023196
111,5,21,18,57,2,02萬華區,萬華區西園路2段與西園路2段50巷口,0,0,1,1,H01,8,3,5,50,4,1,1,5,4,5,7,2,1,1,5,5,2,3,1,70,3,10,4,5,8,16,8,20,1,16,,52,52,1,22,9,121.4973248,25.03216305
111,5,21,18,57,2,02萬華區,萬華區西園路2段與西園路2段50巷口,0,0,1,2,C04,8,3,5,50,4,1,1,5,4,5,7,2,1,1,5,5,2,3,2,31,2,9,1,1,7,9,1,11,1,14,,15,52,1,22,9,121.4973248,25.03216305
111,5,21,19,53,2,03中山區,中山區長春路與松江路口,0,0,1,1,C03,6,3,5,50,4,1,1,4,4,5,7,1,1,4,3,5,1,13,1,55,2,9,1,4,7,9,1,10,2,11,,23,23,1,22,9,121.5330235,25.05479297
111,5,21,19,53,2,03中山區,中山區長春路與松江路口,0,0,1,2,C03,6,3,5,50,4,1,1,4,4,5,7,1,1,4,3,5,1,13,1,34,3,10,1,4,7,9,1,10,2,13,,44,23,1,22,9,121.5330235,25.05479297
111,5,21,20,13,2,02萬華區,萬華區長沙街2段與康定路口,0,0,1,1,B12,6,3,5,50,4,1,1,4,4,5,7,1,1,8,3,5,2,16,1,27,3,10,3,4,7,5,1,8,1,5,,8,8,1,22,9,121.5020682,25.040505
111,5,21,20,13,2,02萬華區,萬華區長沙街2段與康定路口,0,0,1,2,C03,6,3,5,50,4,1,1,4,4,5,7,1,1,8,3,5,2,16,1,52,2,9,1,4,7,9,1,10,1,11,,44,8,1,22,9,121.5020682,25.040505
111,5,21,20,14,2,04大安區,大安區仁愛路4段與大安路1段口,0,0,1,1,B12,6,1,5,50,4,1,1,4,4,5,7,1,1,1,4,1,2,16,1,25,3,10,3,4,7,5,1,8,1,5,,8,8,1,22,9,121.545925,25.03757418
111,5,21,20,14,2,04大安區,大安區仁愛路4段與大安路1段口,0,0,1,2,C03,6,1,5,50,4,1,1,4,4,5,7,1,1,1,4,1,2,16,1,41,2,9,3,4,7,9,1,10,1,11,,27,8,1,22,9,121.545925,25.03757418
111,5,21,20,31,2,03中山區,中山區民權東路2段與新生北路3段口,0,0,2,1,C03,6,3,5,50,4,1,1,4,4,5,7,1,1,10,4,5,2,12,1,58,2,9,1,4,7,8,1,10,2,12,,7,7,1,22,9,121.5278565,25.06272938
111,5,21,20,31,2,03中山區,中山區民權東路2段與新生北路3段口,0,0,2,2,B03,6,3,5,50,4,1,1,4,4,5,7,1,1,10,4,5,2,12,1,35,3,10,1,4,7,7,1,8,2,4,,23,7,1,22,9,121.5278565,25.06272938
111,5,21,20,31,2,03中山區,中山區民權東路2段與新生北路3段口,0,0,2,3,H02,6,3,5,50,4,1,1,4,4,5,7,1,1,10,4,5,2,12,2,46,2,9,1,5,7,20,8,20,10,16,,67,7,1,22,9,121.5278565,25.06272938
111,5,21,21,15,2,04大安區,大安區光復南路與光復南路346巷口,0,0,2,1,F02,7,3,5,0,14,9,1,5,4,5,7,4,4,1,4,5,2,16,1,76,2,8,3,4,7,11,8,20,1,16,,42,42,1,22,9,121.5575853,25.0383816
111,5,21,21,15,2,04大安區,大安區光復南路與光復南路346巷口,0,0,2,2,C02,7,3,5,0,14,9,1,5,4,5,7,4,4,1,4,5,2,16,1,37,2,9,3,4,7,9,1,9,1,11,,44,42,1,22,9,121.5575853,25.0383816
111,5,21,21,45,2,03中山區,中山區林森北路與林森北路310巷口,0,0,1,1,B03,7,3,5,50,4,1,1,5,4,5,7,1,1,9,5,5,2,16,1,23,3,10,1,1,7,5,1,8,2,4,,8,8,1,22,9,121.5254834,25.05624029
111,5,21,21,45,2,03中山區,中山區林森北路與林森北路310巷口,0,0,1,2,C03,7,3,5,50,4,1,1,5,4,5,7,1,1,9,5,5,2,16,1,70,2,9,1,1,7,9,6,18,2,14,,23,8,1,22,9,121.5254834,25.05624029
111,5,21,23,7,2,03中山區,中山區吉林路與民生東路2段口,0,0,2,1,C03,6,3,5,50,4,1,1,4,4,5,7,1,1,4,3,4,1,16,1,18,2,9,1,4,7,5,1,10,1,11,,8,8,1,22,9,121.5301672,25.05800403
111,5,21,23,7,2,03中山區,中山區吉林路與民生東路2段口,0,0,2,2,B03,6,3,5,50,4,1,1,4,4,5,7,1,1,4,3,4,1,16,1,38,3,10,3,4,7,9,1,8,1,8,,44,8,1,22,9,121.5301672,25.05800403
111,5,21,23,7,2,03中山區,中山區吉林路與民生東路2段口,0,0,2,3,H02,6,3,5,50,4,1,1,4,4,5,7,1,1,4,3,4,1,16,1,19,2,9,1,5,7,21,8,20,10,15,,67,8,1,22,9,121.5301672,25.05800403
111,5,22,0,55,2,03中山區,中山區市民大道2段與長安東路1段30巷口,0,0,2,3,H02,6,3,5,40,3,2,1,4,4,5,7,1,1,1,4,5,2,13,2,43,2,6,1,5,7,20,8,20,10,16,,67,23,1,22,9,121.5261193,25.04759104
111,5,22,0,55,2,03中山區,中山區市民大道2段與長安東路1段30巷口,0,0,2,1,C03,6,3,5,40,3,2,1,4,4,5,7,1,1,1,4,5,2,13,2,30,2,8,1,4,7,9,1,10,2,11,,23,23,1,22,9,121.5261193,25.04759104
111,5,22,0,55,2,03中山區,中山區市民大道2段與長安東路1段30巷口,0,0,2,2,B03,6,3,5,40,3,2,1,4,4,5,7,1,1,1,4,5,2,13,2,43,3,10,1,4,7,14,1,8,2,7,,44,23,1,22,9,121.5261193,25.04759104
111,5,22,2,36,2,06松山區,松山區南京東路5段與吉祥路口,0,0,1,1,B03,7,3,5,50,3,1,1,4,4,5,7,4,4,1,4,4,2,16,1,24,3,10,1,1,7,6,1,8,1,6,,9,9,1,22,9,121.5625615,25.0513441
111,5,22,2,36,2,06松山區,松山區南京東路5段與吉祥路口,0,0,1,2,C03,7,3,5,50,3,1,1,4,4,5,7,4,4,1,4,4,2,16,1,31,2,7,1,1,7,9,1,10,1,11,,23,9,1,22,9,121.5625615,25.0513441
111,5,22,6,50,2,10文山區,文山區辛亥路4段191號,0,0,2,1,B01,7,1,5,50,14,9,1,5,4,5,7,1,1,1,4,5,2,16,1,66,3,10,1,1,7,11,1,4,1,8,,10,10,1,22,9,121.5570251,25.00484485
111,5,22,6,50,2,10文山區,文山區辛亥路4段191號,0,0,2,2,C03,7,1,5,50,14,9,1,5,4,5,7,1,1,1,4,5,2,16,2,19,2,9,1,1,7,7,1,10,1,11,,23,10,1,22,9,121.5570251,25.00484485
111,5,22,6,50,2,10文山區,文山區辛亥路4段191號,0,0,2,3,H02,7,1,5,50,14,9,1,5,4,5,7,1,1,1,4,5,2,16,2,15,2,9,1,1,7,20,8,20,10,15,,67,10,1,22,9,121.5570251,25.00484485
111,5,22,7,23,2,06松山區,松山區撫遠街257號對面,0,0,1,1,C03,7,1,5,50,14,9,1,5,4,5,7,3,1,3,4,5,2,12,2,55,3,10,1,1,7,8,1,10,1,11,,7,7,1,22,9,121.5670826,25.0606162
111,5,22,7,23,2,06松山區,松山區撫遠街257號對面,0,0,1,2,C03,7,1,5,50,14,9,1,5,4,5,7,3,1,3,4,5,2,12,2,64,2,8,1,1,7,9,1,10,1,11,,44,7,1,22,9,121.5670826,25.0606162
111,5,22,8,32,2,05中正區,中正區信義路1段與杭州南路1段口,0,0,1,1,B03,8,1,5,50,4,1,1,5,4,5,7,1,1,1,4,1,2,16,1,65,3,10,1,1,7,6,1,8,1,5,,9,9,1,22,9,121.5244047,25.03546498
111,5,22,8,32,2,05中正區,中正區信義路1段與杭州南路1段口,0,0,1,2,C03,8,1,5,50,4,1,1,5,4,5,7,1,1,1,4,1,2,16,2,60,2,9,1,1,7,9,1,10,1,11,,44,9,1,22,9,121.5244047,25.03546498
111,5,22,8,34,2,04大安區,大安區新生南路2段與青田街7巷口,0,0,1,1,B03,7,1,5,30,3,2,1,5,4,5,7,2,1,10,5,5,2,12,1,79,3,10,3,4,7,5,1,8,1,7,,8,8,1,22,9,121.5344437,25.02826531
111,5,22,8,34,2,04大安區,大安區新生南路2段與青田街7巷口,0,0,1,2,F01,7,1,5,30,3,2,1,5,4,5,7,2,1,10,5,5,2,12,1,12,2,9,1,1,7,9,8,20,1,16,,44,8,1,22,9,121.5344437,25.02826531
111,5,22,8,40,2,10文山區,文山區景豐街與興順街80巷口,0,0,1,1,B03,7,1,5,30,3,1,1,5,4,5,7,4,4,9,4,5,2,15,1,31,3,10,1,1,7,9,1,8,2,5,,6,6,1,22,9,121.544505,25.00214
111,5,22,8,40,2,10文山區,文山區景豐街與興順街80巷口,0,0,1,2,C03,7,1,5,30,3,1,1,5,4,5,7,4,4,9,4,5,2,15,1,54,2,9,1,1,7,9,1,10,2,11,,6,6,1,22,9,121.544505,25.00214
111,5,22,9,37,2,03中山區,中山區民生東路2段115巷與吉林路161巷口,0,0,2,1,C03,7,1,5,30,4,1,1,5,4,5,7,4,4,10,5,5,2,12,2,55,2,9,1,1,7,9,1,10,1,12,,6,6,1,22,9,121.5316472,25.0589211
111,5,22,9,37,2,03中山區,中山區民生東路2段115巷與吉林路161巷口,0,0,2,2,C03,7,1,5,30,4,1,1,5,4,5,7,4,4,10,5,5,2,12,2,53,2,9,1,1,7,9,3,18,1,11,,44,6,1,22,9,121.5316472,25.0589211
111,5,22,10,17,2,04大安區,大安區忠孝東路3段248巷13弄與仁愛路3段143巷口,0,0,1,2,C03,8,1,5,30,3,2,1,5,4,5,7,4,4,10,1,5,2,15,1,21,2,9,1,1,7,9,1,10,1,11,,14,6,1,22,9,121.5430087,25.04070302
111,5,22,10,17,2,04大安區,大安區忠孝東路3段248巷13弄與仁愛路3段143巷口,0,0,1,1,B03,8,1,5,30,3,2,1,5,4,5,7,4,4,10,1,5,2,15,1,51,3,10,1,1,7,9,1,8,1,4,,6,6,1,22,9,121.5430087,25.04070302
111,5,22,10,52,2,05中正區,中正區懷寧街與漢口街1段口,0,0,1,1,B01,6,1,5,50,4,1,1,4,4,5,7,3,1,10,4,5,2,16,1,63,3,10,1,1,7,9,1,4,2,6,,6,6,1,22,9,121.5141755,25.04515216
111,5,22,10,52,2,05中正區,中正區懷寧街與漢口街1段口,0,0,1,2,C03,6,1,5,50,4,1,1,4,4,5,7,3,1,10,4,5,2,16,1,62,2,8,1,1,7,9,1,10,2,11,,14,6,1,22,9,121.5141755,25.04515216
111,5,22,10,54,1,05中正區,中正區北平東路與天津街口,1,0,1,1,C03,7,1,5,50,4,1,1,5,4,5,7,2,1,5,5,5,2,15,1,34,1,9,1,1,7,9,1,10,2,12,,25,25,1,22,9,121.5221163,25.0468031
111,5,22,10,54,1,05中正區,中正區北平東路與天津街口,1,0,1,2,A04,7,1,5,50,4,1,1,5,4,5,7,2,1,5,5,5,2,15,1,52,3,10,1,1,7,9,1,1,2,1,,13,25,1,22,9,121.5221163,25.0468031
111,5,22,10,54,1,05中正區,中正區北平東路與天津街口,1,0,1,3,B03,7,1,5,50,4,1,1,5,4,5,7,2,1,5,5,5,2,15,1,74,3,10,3,4,7,14,1,8,2,4,,38,25,1,22,9,121.5221163,25.0468031
111,5,22,10,54,1,05中正區,中正區北平東路與天津街口,1,0,1,4,B03,7,1,5,50,4,1,1,5,4,5,7,2,1,5,5,5,2,15,1,45,3,10,3,4,7,13,1,8,11,4,,67,25,1,22,9,121.5221163,25.0468031
111,5,22,10,54,1,05中正區,中正區北平東路與天津街口,1,0,1,5,H02,7,1,5,50,4,1,1,5,4,5,7,2,1,5,5,5,2,15,2,28,2,9,1,5,7,20,8,20,10,16,,67,25,1,22,9,121.5221163,25.0468031
111,5,22,11,44,2,12內湖區,內湖區金湖路347巷與金湖路口,0,0,1,2,C03,7,1,5,50,4,1,1,5,4,5,7,1,1,1,4,5,2,12,1,60,2,8,1,1,7,9,1,10,1,14,,44,6,1,22,9,121.6017246,25.07411331
111,5,22,11,44,2,12內湖區,內湖區金湖路347巷與金湖路口,0,0,1,1,B03,7,1,5,50,4,1,1,5,4,5,7,1,1,1,4,5,2,12,1,59,3,10,1,1,7,6,1,8,1,2,,6,6,1,22,9,121.6017246,25.07411331
111,5,22,12,0,2,05中正區,中正區杭州南路1段與丹陽街口,0,0,1,1,B03,7,1,5,50,3,1,1,5,4,5,7,4,4,9,4,5,2,9,1,31,3,10,1,4,7,5,1,8,1,1,,15,15,1,22,9,121.5254342,25.03911085
111,5,22,12,0,2,05中正區,中正區杭州南路1段與丹陽街口,0,0,1,2,H01,7,1,5,50,3,1,1,5,4,5,7,4,4,9,4,5,2,9,1,70,2,9,4,5,8,16,8,20,10,16,,67,15,1,22,9,121.5254342,25.03911085
111,5,22,12,37,2,04大安區,大安區信義路3段與信義路3段111巷口,0,0,1,1,B03,8,1,5,30,4,1,1,5,4,5,7,2,1,1,5,5,1,3,1,52,4,11,3,4,7,5,7,19,11,15,,15,15,2,22,9,121.5396054,25.03342789
111,5,22,12,37,2,04大安區,大安區信義路3段與信義路3段111巷口,0,0,1,2,H01,8,1,5,30,4,1,1,5,4,5,7,2,1,1,5,5,1,3,2,47,2,9,4,5,8,16,8,20,10,16,,67,15,1,22,9,121.5396054,25.03342789
111,5,22,12,48,2,10文山區,文山區興隆路3段192巷8弄與興隆路3段192巷口,0,0,1,1,B01,8,1,5,30,3,1,1,5,4,5,7,4,4,5,4,5,2,11,1,29,3,10,1,1,7,1,1,4,1,4,,19,19,1,22,9,121.5583236,24.9974987
111,5,22,12,48,2,10文山區,文山區興隆路3段192巷8弄與興隆路3段192巷口,0,0,1,2,C03,8,1,5,30,3,1,1,5,4,5,7,4,4,5,4,5,2,11,1,55,2,9,1,1,7,9,1,10,1,12,,14,19,1,22,9,121.5583236,24.9974987
111,5,22,13,45,2,03中山區,中山區吉林路461巷,0,0,1,1,B03,8,1,5,50,4,2,1,5,4,5,7,4,4,5,4,4,2,12,1,35,3,10,1,1,7,11,1,8,1,8,,10,10,1,22,9,121.5304597,25.06776308
111,5,22,13,45,2,03中山區,中山區吉林路461巷,0,0,1,2,C03,8,1,5,50,4,2,1,5,4,5,7,4,4,5,4,4,2,12,1,72,2,9,1,1,7,6,1,10,1,12,,44,10,1,22,9,121.5304597,25.06776308
111,5,22,14,50,2,01大同區,大同區承德路3段與敦煌路口,0,0,2,2,C03,8,1,5,50,4,1,1,5,4,5,7,2,1,1,4,5,2,13,2,20,2,7,1,1,7,9,1,10,1,13,,44,44,1,22,9,121.5203302,25.07531599
111,5,22,14,50,2,01大同區,大同區承德路3段與敦煌路口,0,0,2,3,C03,8,1,5,50,4,1,1,5,4,5,7,2,1,1,4,5,2,13,2,22,2,7,1,1,7,9,1,10,1,11,,16,44,1,22,9,121.5203302,25.07531599
111,5,22,14,50,2,01大同區,大同區承德路3段與敦煌路口,0,0,2,1,C03,8,1,5,50,4,1,1,5,4,5,7,2,1,1,4,5,2,13,2,53,4,11,3,4,7,11,1,10,11,15,,44,44,2,22,9,121.5203302,25.07531599
111,5,22,15,0,2,04大安區,大安區信義路4段233號,0,0,1,1,H01,7,1,5,0,14,20,4,5,4,5,7,4,4,10,5,5,2,9,1,7,3,10,4,5,8,20,8,20,10,16,,54,54,1,22,9,121.553188,25.03340151
111,5,22,15,0,2,04大安區,大安區信義路4段233號,0,0,1,2,F01,7,1,5,0,14,20,4,5,4,5,7,4,4,10,5,5,2,9,2,50,2,9,3,4,7,9,8,20,1,16,,44,54,1,22,9,121.553188,25.03340151
111,5,22,15,14,2,04大安區,大安區仁愛路4段300巷與仁愛路4段300巷9弄口,0,0,1,1,B03,7,1,5,30,4,1,1,5,4,5,7,4,4,10,5,5,1,17,1,33,3,10,3,4,7,6,1,8,1,15,,6,6,1,22,9,121.5544732,25.0370277
111,5,22,15,14,2,04大安區,大安區仁愛路4段300巷與仁愛路4段300巷9弄口,0,0,1,2,C03,7,1,5,30,4,1,1,5,4,5,7,4,4,10,5,5,1,17,1,53,2,8,1,1,7,9,1,10,1,15,,23,6,1,22,9,121.5544732,25.0370277
111,5,22,15,47,2,10文山區,文山區指南路2段與指南路口側附近2段197巷口,0,0,1,1,B12,7,1,5,30,3,1,1,5,4,5,7,3,1,7,5,5,2,16,1,51,3,10,3,4,7,5,1,8,2,5,,6,6,1,21,8,121.5783382,24.98710485
111,5,22,15,47,2,10文山區,文山區指南路2段與指南路口側附近2段197巷口,0,0,1,2,C03,7,1,5,30,3,1,1,5,4,5,7,3,1,7,5,5,2,16,1,19,2,9,3,4,7,9,1,10,2,11,,44,6,1,21,8,121.5783382,24.98710485
111,5,22,15,54,2,01大同區,大同區鄭州路83巷與重慶北路1段口,0,0,1,1,C03,8,1,5,50,3,1,1,5,4,5,7,4,4,1,4,5,2,13,1,29,2,8,1,1,7,9,1,10,1,11,,23,23,1,22,9,121.513627,25.049577
111,5,22,15,54,2,01大同區,大同區鄭州路83巷與重慶北路1段口,0,0,1,2,B03,8,1,5,50,3,1,1,5,4,5,7,4,4,1,4,5,2,13,1,46,3,10,3,4,7,9,1,8,1,3,,44,23,1,22,9,121.513627,25.049577
111,5,22,15,59,2,12內湖區,內湖區康樂街61巷與康樂街85巷口,0,0,1,1,C03,8,1,5,30,4,2,1,5,4,5,7,4,4,10,5,5,2,15,2,21,2,9,1,1,7,9,1,10,1,11,,6,6,1,22,9,121.6194896,25.06955298
111,5,22,15,59,2,12內湖區,內湖區康樂街61巷與康樂街85巷口,0,0,1,2,B01,8,1,5,30,4,2,1,5,4,5,7,4,4,10,5,5,2,15,1,52,3,10,1,1,7,9,1,4,1,8,,6,6,1,22,9,121.6194896,25.06955298
111,5,22,16,13,2,05中正區,中正區愛國東路100號前,0,0,2,1,C03,7,1,5,50,14,7,1,5,4,5,7,1,1,1,4,4,2,12,2,58,2,9,1,1,7,9,1,10,2,12,,44,44,1,22,9,121.5209904,25.03295221
111,5,22,16,13,2,05中正區,中正區愛國東路100號前,0,0,2,2,C03,7,1,5,50,14,7,1,5,4,5,7,1,1,1,4,4,2,12,1,40,2,9,1,1,7,7,1,10,2,14,,7,44,1,22,9,121.5209904,25.03295221
111,5,22,16,13,2,05中正區,中正區愛國東路100號前,0,0,2,3,H02,7,1,5,50,14,7,1,5,4,5,7,1,1,1,4,4,2,12,2,29,4,11,1,1,7,20,8,20,10,16,,67,44,1,22,9,121.5209904,25.03295221
111,5,22,16,14,2,02萬華區,萬華區雙園街與雙園街67巷口,0,0,2,1,C04,8,1,5,30,4,1,1,5,4,5,7,4,4,10,5,5,2,16,1,37,2,7,1,1,7,9,1,10,2,12,,6,6,1,22,9,121.4940196,25.03013493
111,5,22,16,14,2,02萬華區,萬華區雙園街與雙園街67巷口,0,0,2,2,C03,8,1,5,30,4,1,1,5,4,5,7,4,4,10,5,5,2,16,1,42,2,9,1,1,7,9,6,18,1,11,,14,6,1,22,9,121.4940196,25.03013493
111,5,22,16,14,2,02萬華區,萬華區雙園街與雙園街67巷口,0,0,2,3,C03,8,1,5,30,4,1,1,5,4,5,7,4,4,10,5,5,2,16,2,65,3,10,1,1,7,13,1,10,1,13,,44,6,1,22,9,121.4940196,25.03013493
111,5,22,16,19,2,07信義區,信義區信安街與信安街67巷口,0,0,2,1,C03,6,1,5,50,5,1,1,4,4,5,7,1,1,5,4,4,2,11,1,19,2,7,3,4,7,5,1,10,1,11,,6,6,1,22,9,121.5574689,25.0261067
111,5,22,16,19,2,07信義區,信義區信安街與信安街67巷口,0,0,2,2,C03,6,1,5,50,5,1,1,4,4,5,7,1,1,5,4,4,2,11,1,31,2,9,3,4,7,9,1,10,1,11,,44,6,1,22,9,121.5574689,25.0261067
111,5,22,16,20,2,02萬華區,萬華區開封街2段與漢中街口,0,0,1,1,B03,8,1,5,30,3,1,1,5,4,5,7,4,4,10,5,5,1,12,2,46,3,10,1,4,7,5,1,8,1,6,,8,8,1,22,9,121.50592,25.0468371
111,5,22,16,20,2,02萬華區,萬華區開封街2段與漢中街口,0,0,1,2,C03,8,1,5,30,3,1,1,5,4,5,7,4,4,10,5,5,1,12,1,32,2,9,1,4,7,9,1,10,1,11,,44,8,1,22,9,121.50592,25.0468371
111,5,22,16,22,2,04大安區,大安區師大路與師大路39巷口,0,0,1,1,C03,6,1,5,50,3,2,1,4,4,5,7,1,1,5,4,5,2,17,1,45,2,9,1,1,7,9,1,10,1,15,,43,43,1,22,9,121.528583,25.0246588
111,5,22,16,22,2,04大安區,大安區師大路與師大路39巷口,0,0,1,2,B01,6,1,5,50,3,2,1,4,4,5,7,1,1,5,4,5,2,17,1,54,3,10,1,1,7,1,1,4,1,15,,19,43,1,22,9,121.528583,25.0246588
111,5,22,16,40,2,05中正區,中正區羅斯福路3段284巷與羅斯福路3段244巷10弄口,0,0,1,1,C03,6,1,5,30,4,1,1,4,4,5,7,4,4,10,5,5,1,16,1,20,2,9,1,1,7,9,1,10,1,12,,26,26,1,22,9,121.5315007,25.0158858
111,5,22,16,40,2,05中正區,中正區羅斯福路3段284巷與羅斯福路3段244巷10弄口,0,0,1,2,B03,6,1,5,30,4,1,1,4,4,5,7,4,4,10,5,5,1,16,1,57,3,10,1,1,7,9,1,8,1,1,,23,26,1,22,9,121.5315007,25.0158858
111,5,22,17,50,2,12內湖區,內湖區文德路與文德路22巷口,0,0,1,1,B03,8,1,5,50,4,2,1,5,4,5,7,2,1,1,4,5,2,12,1,44,3,10,1,1,7,7,1,8,1,4,,7,7,1,22,9,121.5795917,25.0784431