發生年度,發生月,發生日,發生時-Hours,發生分,處理別-編號,區序,肇事地點,死亡人數,2-30日死亡人數,受傷人數,當事人序號,車種,天候,光線,道路類別,速限-速度限制,道路型態,事故位置,路面狀況1,路面狀況2,路面狀況3,道路障礙1,道路障礙2,號誌1,號誌2,車道劃分-分向,車道劃分-分道1,車道劃分-分道2,車道劃分-分道3,事故類型及型態,性別,年齡,受傷程度,主要傷處,安全帽,行動電話,車輛用途,當事者行動狀態,駕駛資格情形,駕駛執照種類,飲酒情形,車輛撞擊部位1,車輛撞擊部位2,肇因碼-個別,肇因碼-主要,個人肇逃否,職業,旅次目的,座標-X,座標-Y
111,5,22,17,50,2,12內湖區,內湖區文德路與文德路22巷口,0,0,1,2,C01,8,1,5,50,4,2,1,5,4,5,7,2,1,1,4,5,2,12,1,25,2,8,1,1,7,7,1,9,1,12,,44,7,1,22,9,121.5795917,25.0784431
111,5,22,17,55,2,12內湖區,內湖區南京東路6段190號旁,0,0,1,1,B03,7,3,5,50,14,7,1,5,4,5,7,4,4,1,4,5,2,13,1,44,4,11,3,4,7,15,7,19,11,15,,23,23,2,22,9,121.5805972,25.05647374
111,5,22,17,55,2,12內湖區,內湖區南京東路6段190號旁,0,0,1,2,B03,7,3,5,50,14,7,1,5,4,5,7,4,4,1,4,5,2,13,2,34,2,7,1,1,7,8,1,8,1,6,,7,23,1,22,9,121.5805972,25.05647374
111,5,22,18,55,2,04大安區,大安區信義路4段與信義路4段294巷口,0,0,1,1,B03,8,3,5,50,4,2,1,5,4,5,7,2,1,1,4,5,2,17,1,55,4,11,3,4,7,15,7,19,11,15,,15,15,2,22,9,121.5542501,25.03301317
111,5,22,18,55,2,04大安區,大安區信義路4段與信義路4段294巷口,0,0,1,2,F01,8,3,5,50,4,2,1,5,4,5,7,2,1,1,4,5,2,17,2,30,2,7,3,4,7,9,8,20,1,16,,23,15,1,22,9,121.5542501,25.03301317
111,5,22,20,8,2,05中正區,中正區延平南路與開封街1段口,0,0,1,1,B02,8,3,5,50,4,1,1,5,4,5,7,2,1,10,4,5,2,12,1,30,3,10,1,1,7,5,1,8,2,4,,8,8,1,22,5,121.510729,25.0459611
111,5,22,20,8,2,05中正區,中正區延平南路與開封街1段口,0,0,1,2,C03,8,3,5,50,4,1,1,5,4,5,7,2,1,10,4,5,2,12,2,28,2,8,1,1,7,9,1,10,2,11,,44,8,1,22,5,121.510729,25.0459611
111,5,22,20,13,2,03中山區,中山區民族東路與松江路口,0,0,1,1,B03,7,3,5,50,5,1,1,5,4,5,7,2,1,1,5,5,1,12,1,62,3,10,3,4,7,5,1,8,2,7,,6,6,1,22,9,121.5333321,25.06770959
111,5,22,20,13,2,03中山區,中山區民族東路與松江路口,0,0,1,2,C03,7,3,5,50,5,1,1,5,4,5,7,2,1,1,5,5,1,12,1,32,2,9,3,4,7,9,1,10,2,12,,44,6,1,22,9,121.5333321,25.06770959
111,5,22,20,55,2,02萬華區,萬華區西藏路201號對面,0,0,1,1,B03,8,3,5,50,14,9,1,5,4,5,7,4,4,1,4,5,2,17,1,27,3,10,1,1,7,11,1,8,1,7,,10,10,1,22,9,121.4986593,25.02937201
111,5,22,20,55,2,02萬華區,萬華區西藏路201號對面,0,0,1,2,C03,8,3,5,50,14,9,1,5,4,5,7,4,4,1,4,5,2,17,1,23,2,9,1,1,7,9,1,10,1,11,,23,10,1,22,9,121.4986593,25.02937201
111,5,22,22,1,2,02萬華區,萬華區康定路25巷與康定路25巷35弄口,0,0,1,1,B03,8,3,5,30,4,2,1,5,4,5,7,4,4,10,5,5,1,17,1,31,3,10,1,1,7,15,1,4,2,1,,42,42,1,22,9,121.5041451,25.04370435
111,5,22,22,1,2,02萬華區,萬華區康定路25巷與康定路25巷35弄口,0,0,1,2,C03,8,3,5,30,4,2,1,5,4,5,7,4,4,10,5,5,1,17,2,59,2,8,1,1,7,14,1,10,1,13,,38,42,1,22,9,121.5041451,25.04370435
111,5,22,22,1,2,02萬華區,萬華區康定路25巷與康定路25巷35弄口,0,0,1,3,C03,8,3,5,30,4,2,1,5,4,5,7,4,4,10,5,5,1,17,1,25,3,10,1,1,7,13,1,10,1,15,,38,42,1,22,9,121.5041451,25.04370435
111,5,22,22,16,2,06松山區,松山區復興北路與長安東路2段口,0,0,3,1,C03,8,3,5,50,4,2,1,5,4,5,7,1,1,1,4,5,2,13,1,19,2,9,1,4,7,9,1,10,2,11,,23,23,1,22,9,121.5440482,25.0482506
111,5,22,22,16,2,06松山區,松山區復興北路與長安東路2段口,0,0,3,2,C03,8,3,5,50,4,2,1,5,4,5,7,1,1,1,4,5,2,13,2,27,2,9,1,4,7,14,1,10,2,13,,44,23,1,22,9,121.5440482,25.0482506
111,5,22,22,16,2,06松山區,松山區復興北路與長安東路2段口,0,0,3,3,E01,8,3,5,50,4,2,1,5,4,5,7,1,1,1,4,5,2,13,1,30,3,10,1,4,7,14,1,4,2,15,,44,23,1,22,9,121.5440482,25.0482506
111,5,22,22,16,2,06松山區,松山區復興北路與長安東路2段口,0,0,3,4,H02,8,3,5,50,4,2,1,5,4,5,7,1,1,1,4,5,2,13,2,28,2,9,4,5,7,21,8,20,10,15,,67,23,1,22,9,121.5440482,25.0482506
111,5,22,22,23,2,09北投區,北投區天母西路與天母西路101巷口,0,0,1,1,B03,8,3,5,50,4,1,1,5,4,5,7,4,4,5,5,5,2,16,1,59,3,10,3,4,7,5,1,8,1,8,,6,6,1,22,9,121.5238324,25.11875123
111,5,22,22,23,2,09北投區,北投區天母西路與天母西路101巷口,0,0,1,2,C03,8,3,5,50,4,1,1,5,4,5,7,4,4,5,5,5,2,16,1,20,2,8,3,4,7,9,1,10,1,14,,13,6,1,22,9,121.5238324,25.11875123
111,5,22,22,28,2,03中山區,中山區民權東路2段6號,0,0,1,1,B01,8,3,5,50,14,9,1,5,4,5,7,1,1,1,3,5,1,12,1,68,3,10,1,1,7,8,1,4,1,6,,7,7,1,22,9,121.5280455,25.0625986
111,5,22,22,28,2,03中山區,中山區民權東路2段6號,0,0,1,2,C03,8,3,5,50,14,9,1,5,4,5,7,1,1,1,3,5,1,12,2,27,2,7,1,1,7,9,1,10,1,11,,44,7,1,22,9,121.5280455,25.0625986
111,5,23,7,35,2,04大安區,大安區安和路1段135巷與信義路4段239巷口,0,0,1,1,C03,8,1,5,30,4,1,1,5,4,5,7,4,4,10,5,5,2,15,1,23,2,9,1,1,7,9,1,10,1,11,,6,6,1,22,9,121.553407,25.0342219
111,5,23,7,35,2,04大安區,大安區安和路1段135巷與信義路4段239巷口,0,0,1,2,B01,8,1,5,30,4,1,1,5,4,5,7,4,4,10,5,5,2,15,1,65,3,10,1,1,7,9,1,4,1,4,,14,6,1,22,9,121.553407,25.0342219
111,5,23,7,46,2,11南港區,南港區向陽路139號,0,0,1,1,B03,7,1,5,50,14,9,1,5,4,5,7,4,4,1,3,5,2,12,2,55,3,10,3,4,7,9,1,8,2,5,,44,44,1,22,9,121.5941107,25.05550293
111,5,23,7,46,2,11南港區,南港區向陽路139號,0,0,1,2,C04,7,1,5,50,14,9,1,5,4,5,7,4,4,1,3,5,2,12,2,51,2,9,3,4,7,7,1,8,2,14,,7,44,1,22,9,121.5941107,25.05550293
111,5,23,7,53,2,08士林區,士林區中正路與重慶北路4段口(近百齡橋),0,0,1,1,C03,8,1,5,50,3,1,1,5,4,5,7,1,1,10,4,5,2,12,1,49,3,10,1,1,7,9,1,10,2,14,,17,17,1,22,9,121.5113886,25.08735351
111,5,23,7,53,2,08士林區,士林區中正路與重慶北路4段口(近百齡橋),0,0,1,2,C03,8,1,5,50,3,1,1,5,4,5,7,1,1,10,4,5,2,12,2,45,2,9,1,1,7,9,1,10,2,12,,17,17,1,22,9,121.5113886,25.08735351
111,5,23,8,6,2,04大安區,大安區信義路4段1-12號,0,0,1,1,C03,8,1,5,0,14,20,4,5,4,5,7,4,4,10,5,5,2,10,1,47,3,10,3,4,7,1,1,10,1,11,,19,19,1,22,9,121.5439666,25.0335097
111,5,23,8,6,2,04大安區,大安區信義路4段1-12號,0,0,1,2,F01,8,1,5,0,14,20,4,5,4,5,7,4,4,10,5,5,2,10,2,30,2,9,1,1,7,9,8,20,1,16,,23,19,1,22,9,121.5439666,25.0335097
111,5,23,8,9,2,08士林區,士林區堤外便道第068號電線桿前,0,1,0,2,C03,7,1,5,0,14,9,1,5,4,5,7,4,4,9,4,5,1,17,1,47,5,9,1,1,7,4,1,10,2,15,,43,43,1,22,9,121.5134428,25.08270115
111,5,23,8,9,2,08士林區,士林區堤外便道第068號電線桿前,0,1,0,1,B03,7,1,5,0,14,9,1,5,4,5,7,4,4,9,4,5,1,17,1,30,3,10,1,1,7,4,1,8,2,4,,43,43,1,22,9,121.5134428,25.08270115
111,5,23,8,24,2,04大安區,大安區復興南路2段357號,0,0,2,1,C03,8,1,5,40,14,8,1,5,4,5,7,4,4,1,4,4,2,17,2,32,2,9,1,1,7,9,1,10,1,11,,16,16,1,22,9,121.5434439,25.02300559
111,5,23,8,24,2,04大安區,大安區復興南路2段357號,0,0,2,2,C03,8,1,5,40,14,8,1,5,4,5,7,4,4,1,4,4,2,17,1,47,2,8,1,1,7,12,1,10,1,13,,30,16,1,22,9,121.5434439,25.02300559
111,5,23,8,24,2,04大安區,大安區復興南路2段357號,0,0,2,3,B03,8,1,5,40,14,8,1,5,4,5,7,4,4,1,4,4,2,17,1,46,3,10,1,1,7,9,1,8,1,2,,44,16,1,22,9,121.5434439,25.02300559
111,5,23,8,32,2,03中山區,中山區中山北路1段與南京東路1段口,0,0,1,2,C03,7,1,5,50,4,1,1,5,4,5,7,1,1,1,4,5,2,12,1,23,2,9,1,1,7,9,1,10,1,14,,44,9,1,22,9,121.5225155,25.05213059
111,5,23,8,32,2,03中山區,中山區中山北路1段與南京東路1段口,0,0,1,1,B03,7,1,5,50,4,1,1,5,4,5,7,1,1,1,4,5,2,12,2,63,3,10,1,1,7,6,1,8,1,6,,9,9,1,22,9,121.5225155,25.05213059
111,5,23,8,34,2,06松山區,松山區復興北路與民權東路3段口,0,0,1,1,C03,8,1,5,50,4,1,1,5,4,5,7,2,1,1,4,5,2,12,2,26,2,9,1,1,7,9,1,10,1,12,,17,17,1,22,9,121.5443263,25.06208311
111,5,23,8,34,2,06松山區,松山區復興北路與民權東路3段口,0,0,1,2,C03,8,1,5,50,4,1,1,5,4,5,7,2,1,1,4,5,2,12,1,37,3,10,1,1,7,9,1,10,1,14,,17,17,1,22,9,121.5443263,25.06208311
111,5,23,8,36,2,11南港區,南港區研究院路4段第091號燈桿前,0,0,1,1,C03,7,1,5,50,14,9,1,4,4,5,7,4,4,5,4,5,2,18,1,31,2,9,1,1,7,9,1,10,1,14,,43,43,1,22,9,121.5899869,25.0168536
111,5,23,8,36,2,11南港區,南港區研究院路4段第091號燈桿前,0,0,1,2,,7,1,5,50,14,9,1,4,4,5,7,4,4,5,4,5,2,18,3,,,,,,,,,,,,,67,43,1,,,121.5899869,25.0168536
111,5,23,8,40,2,05中正區,中正區延平南路與延平南路口125號出入口,0,0,1,1,B03,8,1,5,50,3,1,1,5,4,5,7,4,4,9,5,5,2,16,1,62,3,10,1,1,7,5,1,8,2,5,,8,8,1,22,9,121.5085973,25.03866415
111,5,23,8,40,2,05中正區,中正區延平南路與延平南路口125號出入口,0,0,1,2,C03,8,1,5,50,3,1,1,5,4,5,7,4,4,9,5,5,2,16,2,35,2,8,1,1,7,9,1,10,2,11,,44,8,1,22,9,121.5085973,25.03866415
111,5,23,8,50,2,07信義區,信義區忠孝東路5段與松信路口,0,0,1,1,B03,8,1,5,50,4,1,1,5,4,5,7,1,1,1,4,5,2,16,1,29,3,10,1,1,7,5,1,8,1,1,,25,25,1,22,9,121.5719951,25.0410413
111,5,23,8,50,2,07信義區,信義區忠孝東路5段與松信路口,0,0,1,2,C03,8,1,5,50,4,1,1,5,4,5,7,1,1,1,4,5,2,16,2,27,2,9,1,1,7,11,1,10,1,14,,44,25,1,22,9,121.5719951,25.0410413
111,5,23,9,5,2,07信義區,信義區市民高架道西向東,0,0,1,1,B12,8,1,5,80,14,7,1,5,4,5,7,4,4,1,4,5,1,13,1,59,3,10,3,1,7,9,1,8,2,1,,16,16,1,22,9,121.5663836,25.04531326
111,5,23,9,5,2,07信義區,信義區市民高架道西向東,0,0,1,2,B03,8,1,5,80,14,7,1,5,4,5,7,4,4,1,4,5,1,13,2,34,2,9,3,1,7,9,1,8,2,1,,16,16,1,22,9,121.5663836,25.04531326
111,5,23,9,5,2,07信義區,信義區市民高架道西向東,0,0,1,3,B01,8,1,5,80,14,7,1,5,4,5,7,4,4,1,4,5,1,13,1,52,3,10,3,1,7,9,1,4,2,3,,44,16,1,22,9,121.5663836,25.04531326
111,5,23,9,5,2,07信義區,信義區市民高架道西向東,0,0,1,4,B03,8,1,5,80,14,7,1,5,4,5,7,4,4,1,4,5,1,13,1,38,3,10,3,1,7,9,1,8,2,1,,16,16,1,22,9,121.5663836,25.04531326
111,5,23,9,5,2,07信義區,信義區市民高架道西向東,0,0,1,5,B03,8,1,5,80,14,7,1,5,4,5,7,4,4,1,4,5,1,13,1,42,3,10,3,1,7,8,1,8,2,15,,44,16,1,22,9,121.5663836,25.04531326
111,5,23,9,6,2,06松山區,松山區民生東路5段120號,0,0,1,1,A02,8,1,5,50,14,9,1,5,4,5,7,4,4,3,4,5,2,9,1,63,3,10,1,1,7,8,1,2,1,15,,42,42,1,22,9,121.5610167,25.05865423
111,5,23,9,6,2,06松山區,松山區民生東路5段120號,0,0,1,2,H02,8,1,5,50,14,9,1,5,4,5,7,4,4,3,4,5,2,9,2,69,2,9,4,1,7,19,8,20,10,16,,67,42,1,22,9,121.5610167,25.05865423
111,5,23,9,51,2,09北投區,北投區自強街120巷15弄與自強街口,0,0,1,1,C03,7,3,5,30,4,1,1,5,4,5,7,4,4,9,5,5,2,16,2,48,2,3,1,1,7,9,1,10,1,14,,43,43,1,22,9,121.516571,25.1104569
111,5,23,9,51,2,09北投區,北投區自強街120巷15弄與自強街口,0,0,1,2,C03,7,3,5,30,4,1,1,5,4,5,7,4,4,9,5,5,2,16,1,59,3,10,1,1,7,9,1,10,1,14,,43,43,1,22,9,121.516571,25.1104569
111,5,23,10,16,2,11南港區,南港區研究院路2段12巷與研究院路2段12巷57弄口,0,0,1,1,B03,8,1,5,30,4,1,1,5,4,5,7,2,1,4,3,5,2,16,1,28,3,10,3,4,7,1,1,8,2,4,,19,19,1,22,9,121.6137609,25.0474924
111,5,23,10,16,2,11南港區,南港區研究院路2段12巷與研究院路2段12巷57弄口,0,0,1,2,C03,8,1,5,30,4,1,1,5,4,5,7,2,1,4,3,5,2,16,1,21,2,9,3,4,7,9,1,10,2,11,,13,19,1,22,9,121.6137609,25.0474924
111,5,23,10,20,2,04大安區,大安區羅斯福路3段與羅斯福路3段283巷口,0,0,1,1,B03,8,1,5,30,3,1,1,5,4,5,7,4,4,1,3,5,2,16,1,37,3,10,1,1,7,6,1,4,1,1,,6,6,1,22,9,121.5313052,25.0177892
111,5,23,10,20,2,04大安區,大安區羅斯福路3段與羅斯福路3段283巷口,0,0,1,2,C03,8,1,5,30,3,1,1,5,4,5,7,4,4,1,3,5,2,16,1,28,2,9,1,1,7,9,1,10,1,12,,14,6,1,22,9,121.5313052,25.0177892
111,5,23,10,20,2,04大安區,大安區羅斯福路3段與羅斯福路3段283巷口,0,0,1,3,B12,8,1,5,30,3,1,1,5,4,5,7,4,4,1,3,5,2,16,1,49,3,10,1,1,7,13,1,8,1,15,,38,6,1,22,9,121.5313052,25.0177892
111,5,23,10,40,2,01大同區,大同區寧夏路87號與寧夏路口對面(家樂福停車場出入口),0,0,1,1,B12,7,1,5,50,3,1,1,5,4,5,7,4,4,5,2,5,2,17,1,49,3,10,1,1,7,1,1,8,2,8,,19,19,1,22,9,121.5148668,25.0591497
111,5,23,10,40,2,01大同區,大同區寧夏路87號與寧夏路口對面(家樂福停車場出入口),0,0,1,2,C03,7,1,5,50,3,1,1,5,4,5,7,4,4,5,2,5,2,17,1,28,2,9,1,1,7,9,3,18,2,11,,23,19,1,22,9,121.5148668,25.0591497
111,5,23,12,10,2,01大同區,大同區雙連街與萬全街口,0,0,2,1,B03,7,1,5,30,4,1,1,5,4,5,7,4,4,10,5,5,2,15,2,40,3,10,1,1,7,9,1,8,2,4,,6,6,1,22,9,121.5190376,25.0585391
111,5,23,12,10,2,01大同區,大同區雙連街與萬全街口,0,0,2,2,C03,7,1,5,30,4,1,1,5,4,5,7,4,4,10,5,5,2,15,1,61,2,9,1,1,7,9,1,10,2,11,,14,6,1,22,9,121.5190376,25.0585391
111,5,23,12,10,2,01大同區,大同區雙連街與萬全街口,0,0,2,3,H02,7,1,5,30,4,1,1,5,4,5,7,4,4,10,5,5,2,15,2,53,2,8,4,5,7,21,8,20,10,16,,67,6,1,22,9,121.5190376,25.0585391
111,5,23,12,25,2,04大安區,大安區建國南路1段與仁愛路3段口,0,0,1,1,B03,7,1,5,50,3,2,1,5,4,5,7,4,4,10,4,5,1,11,1,50,3,10,1,4,7,6,1,8,1,7,,9,9,1,22,9,121.5382176,25.0374689
111,5,23,12,25,2,04大安區,大安區建國南路1段與仁愛路3段口,0,0,1,2,C03,7,1,5,50,3,2,1,5,4,5,7,4,4,10,4,5,1,11,1,22,2,9,1,4,7,9,1,10,1,11,,13,9,1,22,9,121.5382176,25.0374689
111,5,23,12,26,2,10文山區,文山區羅斯福路4段與基隆路4段口,0,0,1,1,C03,8,1,5,50,5,1,1,5,4,5,7,1,1,1,4,5,2,16,1,30,3,10,1,1,7,5,1,10,2,13,,8,8,1,22,9,121.5370308,25.0109835
111,5,23,12,26,2,10文山區,文山區羅斯福路4段與基隆路4段口,0,0,1,2,C03,8,1,5,50,5,1,1,5,4,5,7,1,1,1,4,5,2,16,2,23,2,9,1,1,7,9,1,10,2,11,,26,8,1,22,9,121.5370308,25.0109835
111,5,23,12,46,2,08士林區,士林區忠誠路2段與士東路口,0,0,1,1,B03,7,1,5,50,14,9,1,5,4,5,7,1,1,1,5,5,2,12,1,56,3,10,1,1,7,14,1,4,1,2,,42,42,1,22,9,121.5311439,25.11233111
111,5,23,12,46,2,08士林區,士林區忠誠路2段與士東路口,0,0,1,2,C03,7,1,5,50,14,9,1,5,4,5,7,1,1,1,5,5,2,12,2,60,2,7,1,1,7,9,4,8,1,14,,44,42,1,22,9,121.5311439,25.11233111
111,5,23,12,46,2,08士林區,士林區忠誠路2段與士東路口,0,0,1,3,H02,7,1,5,50,14,9,1,5,4,5,7,1,1,1,5,5,2,12,1,58,3,10,4,5,7,19,8,20,1,16,,56,42,1,22,9,121.5311439,25.11233111
111,5,23,13,10,2,02萬華區,萬華區廣州街200號,0,0,1,1,B12,7,1,5,50,14,9,1,5,4,5,7,4,4,9,5,5,2,16,1,61,3,10,1,1,7,1,1,8,1,8,,19,19,1,22,9,121.4979188,25.03676034
111,5,23,13,10,2,02萬華區,萬華區廣州街200號,0,0,1,2,C03,7,1,5,50,14,9,1,5,4,5,7,4,4,9,5,5,2,16,1,64,2,9,1,1,7,9,1,10,1,11,,23,19,1,22,9,121.4979188,25.03676034
111,5,23,13,28,2,08士林區,士林區天母西路與天母西路83巷口,0,0,1,1,B12,7,1,5,50,3,1,1,5,4,5,7,4,4,4,3,5,1,16,1,67,3,10,1,1,7,5,1,8,2,8,,8,8,1,22,9,121.5249985,25.11846132
111,5,23,13,28,2,08士林區,士林區天母西路與天母西路83巷口,0,0,1,2,C03,7,1,5,50,3,1,1,5,4,5,7,4,4,4,3,5,1,16,1,29,2,8,1,1,7,9,1,10,2,11,,13,8,1,22,9,121.5249985,25.11846132
111,5,23,13,37,2,04大安區,大安區基隆路4段(台大公館平面停車場),0,0,1,1,B02,6,1,5,40,14,8,1,4,4,5,7,4,4,1,4,4,1,12,1,34,3,10,3,4,7,6,1,8,1,5,,9,9,1,22,9,121.5384125,25.01234938
111,5,23,13,37,2,04大安區,大安區基隆路4段(台大公館平面停車場),0,0,1,2,C03,6,1,5,40,14,8,1,4,4,5,7,4,4,1,4,4,1,12,1,25,2,8,3,4,7,9,1,10,1,14,,23,9,1,22,9,121.5384125,25.01234938
111,5,23,14,30,2,03中山區,中山區松江路與民生東路2段口,0,0,1,1,,7,1,5,50,4,2,1,5,4,5,7,1,1,9,4,5,2,17,4,,4,11,3,4,7,15,7,19,11,15,,43,43,2,22,9,121.5329537,25.05789278
111,5,23,14,30,2,03中山區,中山區松江路與民生東路2段口,0,0,1,2,C03,7,1,5,50,4,2,1,5,4,5,7,1,1,9,4,5,2,17,1,72,2,2,1,1,7,12,1,10,9,14,,43,43,1,22,9,121.5329537,25.05789278
111,5,23,14,30,2,07信義區,信義區松仁路206號對面,0,0,1,1,B03,7,1,5,50,14,8,1,5,4,5,7,4,4,9,4,5,2,17,1,54,3,10,1,1,7,8,1,8,1,2,,7,7,1,22,9,121.5684252,25.02697214
111,5,23,14,30,2,07信義區,信義區松仁路206號對面,0,0,1,2,C03,7,1,5,50,14,8,1,5,4,5,7,4,4,9,4,5,2,17,2,68,2,9,1,1,7,9,1,10,1,14,,42,7,1,22,9,121.5684252,25.02697214
111,5,23,14,35,2,05中正區,中正區重慶南路3段與和平西路1段口,0,0,1,1,C03,6,1,5,50,5,1,1,4,4,5,7,2,1,3,4,5,2,12,1,23,3,10,1,1,7,9,1,10,2,12,,17,17,1,22,9,121.51612,25.0272179
111,5,23,14,35,2,05中正區,中正區重慶南路3段與和平西路1段口,0,0,1,2,C03,6,1,5,50,5,1,1,4,4,5,7,2,1,3,4,5,2,12,2,20,2,9,1,1,7,9,1,10,2,14,,42,17,1,22,9,121.51612,25.0272179
111,5,23,14,38,2,02萬華區,萬華區西園路2段99號,0,0,1,1,C03,7,1,5,50,14,9,1,5,4,5,7,4,4,1,4,5,1,17,1,53,3,10,1,1,7,8,1,10,1,15,,7,7,1,22,9,121.4965289,25.03053974
111,5,23,14,38,2,02萬華區,萬華區西園路2段99號,0,0,1,2,C03,7,1,5,50,14,9,1,5,4,5,7,4,4,1,4,5,1,17,1,72,2,9,1,1,7,9,1,10,1,14,,44,7,1,22,9,121.4965289,25.03053974
111,5,23,15,1,2,10文山區,文山區辛亥路7段與辛亥路7段84巷口,0,0,1,1,H02,6,1,5,50,3,2,1,4,4,5,7,4,4,5,4,5,2,9,2,62,3,10,4,5,7,19,8,20,10,16,,56,56,1,22,9,121.5536312,24.9814611
111,5,23,15,1,2,10文山區,文山區辛亥路7段與辛亥路7段84巷口,0,0,1,2,B01,6,1,5,50,3,2,1,4,4,5,7,4,4,5,4,5,2,9,1,60,3,10,1,1,7,14,1,4,1,6,,38,56,1,22,9,121.5536312,24.9814611
111,5,23,15,1,2,10文山區,文山區辛亥路7段與辛亥路7段84巷口,0,0,1,3,F01,6,1,5,50,3,2,1,4,4,5,7,4,4,5,4,5,2,9,2,67,2,9,1,1,7,11,8,20,1,16,,11,56,1,22,9,121.5536312,24.9814611
111,5,23,17,8,2,10文山區,文山區木柵路4段與萬芳路口,0,0,1,1,C03,6,1,5,50,3,2,1,4,4,5,7,2,1,5,4,5,2,18,1,22,2,7,1,1,7,9,1,10,1,12,,42,42,1,22,9,121.5716806,24.9945795
111,5,23,17,8,2,10文山區,文山區木柵路4段與萬芳路口,0,0,1,2,,6,1,5,50,3,2,1,4,4,5,7,2,1,5,4,5,2,18,3,,,,,,,,,,,,,67,42,1,,,121.5716806,24.9945795
111,5,23,17,25,2,08士林區,士林區中山北路4段與通河街口新生高架橋280燈桿,0,0,2,1,B03,7,1,5,50,10,7,1,5,4,5,7,4,4,9,4,5,2,13,1,62,3,10,1,1,7,9,1,8,1,1,,23,23,1,22,9,121.5245167,25.07957963
111,5,23,17,25,2,08士林區,士林區中山北路4段與通河街口新生高架橋280燈桿,0,0,2,2,B03,7,1,5,50,10,7,1,5,4,5,7,4,4,9,4,5,2,13,2,32,2,1,1,1,7,14,1,8,1,3,,44,23,1,22,9,121.5245167,25.07957963
111,5,23,17,25,2,08士林區,士林區中山北路4段與通河街口新生高架橋280燈桿,0,0,2,3,B03,7,1,5,50,10,7,1,5,4,5,7,4,4,9,4,5,2,13,1,51,3,10,1,1,7,14,1,15,1,3,,44,23,1,22,9,121.5245167,25.07957963
111,5,23,17,25,2,08士林區,士林區中山北路4段與通河街口新生高架橋280燈桿,0,0,2,4,H02,7,1,5,50,10,7,1,5,4,5,7,4,4,9,4,5,2,13,2,32,2,1,1,1,7,20,8,20,1,16,,67,23,1,22,9,121.5245167,25.07957963
111,5,23,17,55,2,05中正區,中正區中華路2段與愛國西路口,0,0,1,1,C03,6,2,5,50,14,9,1,4,4,5,7,2,1,3,4,5,2,13,1,28,2,9,1,1,7,9,1,10,1,11,,23,23,1,22,9,121.5067901,25.0367459
111,5,23,17,55,2,05中正區,中正區中華路2段與愛國西路口,0,0,1,2,B03,6,2,5,50,14,9,1,4,4,5,7,2,1,3,4,5,2,13,1,73,3,10,1,1,7,12,1,8,1,7,,42,23,1,22,9,121.5067901,25.0367459
111,5,23,17,57,2,12內湖區,內湖區內湖路1段59號,0,0,1,1,C03,6,3,5,50,14,8,1,4,4,5,7,4,4,10,4,4,1,12,1,19,4,11,3,4,7,15,7,19,11,15,,23,23,2,22,9,121.5598908,25.08497048
111,5,23,17,57,2,12內湖區,內湖區內湖路1段59號,0,0,1,2,C03,6,3,5,50,14,8,1,4,4,5,7,4,4,10,4,4,1,12,1,67,2,9,1,1,7,8,1,10,1,12,,7,23,1,22,9,121.5598908,25.08497048
111,5,23,18,0,2,03中山區,中山區新生北路2段47號,0,0,1,1,C03,6,3,5,50,14,9,1,4,3,5,7,4,4,1,4,5,2,18,1,22,2,9,1,1,7,9,1,10,1,14,,44,44,1,22,9,121.5276903,25.05487078
111,5,23,18,0,2,03中山區,中山區新生北路2段47號,0,0,1,2,,6,3,5,50,14,9,1,4,3,5,7,4,4,1,4,5,2,18,3,,,,,,,,,,,,,61,44,1,,,121.5276903,25.05487078
111,5,23,18,16,2,04大安區,大安區樂業街與嘉興街口,0,0,1,1,C03,7,1,5,50,4,1,1,4,4,5,7,4,4,5,4,5,2,17,1,35,2,8,3,4,7,9,1,10,1,11,,42,42,1,22,9,121.5514004,25.02147652
111,5,23,18,16,2,04大安區,大安區樂業街與嘉興街口,0,0,1,2,B03,7,1,5,50,4,1,1,4,4,5,7,4,4,5,4,5,2,17,1,51,3,10,3,4,7,9,1,8,1,15,,6,42,1,22,9,121.5514004,25.02147652
111,5,23,18,25,2,03中山區,中山區北安路與北安路608巷口,0,0,1,2,C01,7,3,5,50,4,1,1,5,4,5,7,2,1,1,4,5,2,11,1,25,2,9,1,1,7,9,1,9,1,11,,23,6,1,22,9,121.5488552,25.08207024
111,5,23,18,25,2,03中山區,中山區北安路與北安路608巷口,0,0,1,3,B03,7,3,5,50,4,1,1,5,4,5,7,2,1,1,4,5,2,11,1,40,3,10,1,1,7,14,1,8,1,1,,44,6,1,22,9,121.5488552,25.08207024
111,5,23,18,25,2,03中山區,中山區北安路與北安路608巷口,0,0,1,1,B03,7,3,5,50,4,1,1,5,4,5,7,2,1,1,4,5,2,11,1,69,3,10,1,1,7,5,1,8,1,15,,6,6,1,22,9,121.5488552,25.08207024
111,5,23,18,30,2,03中山區,中山區濱江街297號,0,0,1,1,B02,6,3,5,50,14,9,1,4,4,5,7,4,4,5,5,5,2,17,1,30,3,10,1,4,7,7,1,8,1,15,,7,7,1,22,9,121.5450873,25.07239973
111,5,23,18,30,2,03中山區,中山區濱江街297號,0,0,1,2,C03,6,3,5,50,14,9,1,4,4,5,7,4,4,5,5,5,2,17,1,41,2,9,1,4,7,9,1,10,1,14,,42,7,1,22,9,121.5450873,25.07239973