發生年度,發生月,發生日,發生時-Hours,發生分,處理別-編號,區序,肇事地點,死亡人數,2-30日死亡人數,受傷人數,當事人序號,車種,天候,光線,道路類別,速限-速度限制,道路型態,事故位置,路面狀況1,路面狀況2,路面狀況3,道路障礙1,道路障礙2,號誌1,號誌2,車道劃分-分向,車道劃分-分道1,車道劃分-分道2,車道劃分-分道3,事故類型及型態,性別,年齡,受傷程度,主要傷處,安全帽,行動電話,車輛用途,當事者行動狀態,駕駛資格情形,駕駛執照種類,飲酒情形,車輛撞擊部位1,車輛撞擊部位2,肇因碼-個別,肇因碼-主要,個人肇逃否,職業,旅次目的,座標-X,座標-Y
111,5,23,18,30,2,04大安區,大安區新生南路3段6號,0,0,1,1,B03,6,1,5,50,14,9,1,4,4,3,7,4,4,1,4,5,2,12,1,53,3,10,3,4,7,9,1,8,1,5,,44,44,1,22,9,121.5346748,25.02525261
111,5,23,18,30,2,04大安區,大安區新生南路3段6號,0,0,1,2,C03,6,1,5,50,14,9,1,4,4,3,7,4,4,1,4,5,2,12,1,26,2,9,3,4,7,7,1,10,1,14,,7,44,1,22,9,121.5346748,25.02525261
111,5,23,18,30,2,12內湖區,內湖區內湖路2段與成功路3段174巷口,0,0,1,1,C03,6,1,5,50,4,1,1,4,4,5,7,1,1,4,5,5,1,17,2,76,3,10,3,4,7,12,1,10,1,15,,6,6,1,22,9,121.5902823,25.08199037
111,5,23,18,30,2,12內湖區,內湖區內湖路2段與成功路3段174巷口,0,0,1,2,C03,6,1,5,50,4,1,1,4,4,5,7,1,1,4,5,5,1,17,1,28,2,9,3,4,7,9,1,10,1,15,,44,6,1,22,9,121.5902823,25.08199037
111,5,23,18,40,2,04大安區,大安區溫州街74巷與溫州街口,0,0,1,1,C03,6,3,5,30,4,1,1,4,4,5,7,4,4,10,5,5,2,15,2,20,2,9,1,1,7,9,1,10,1,11,,6,6,1,22,9,121.5328839,25.0196366
111,5,23,18,40,2,04大安區,大安區溫州街74巷與溫州街口,0,0,1,2,B03,6,3,5,30,4,1,1,4,4,5,7,4,4,10,5,5,2,15,2,37,3,10,1,1,7,9,1,8,1,4,,44,6,1,22,9,121.5328839,25.0196366
111,5,23,18,40,2,05中正區,中正區公園路與貴陽街1段口,0,0,2,1,C03,6,3,5,50,4,1,1,4,4,5,7,1,1,10,5,5,2,16,1,32,3,10,1,1,7,5,1,10,2,13,,8,8,1,22,9,121.5152784,25.0385285
111,5,23,18,40,2,05中正區,中正區公園路與貴陽街1段口,0,0,2,2,C03,6,3,5,50,4,1,1,4,4,5,7,1,1,10,5,5,2,16,2,23,2,9,2,1,7,9,1,10,2,11,,23,8,2,22,9,121.5152784,25.0385285
111,5,23,18,40,2,05中正區,中正區公園路與貴陽街1段口,0,0,2,3,H02,6,3,5,50,4,1,1,4,4,5,7,1,1,10,5,5,2,16,2,32,2,9,4,5,7,21,8,20,10,16,,67,8,1,22,9,121.5152784,25.0385285
111,5,23,18,40,2,12內湖區,內湖區瑞光路451號前,0,0,1,1,C03,6,1,5,50,14,9,1,4,4,5,7,1,1,5,4,5,2,17,1,19,3,10,1,1,7,8,3,18,1,15,,7,7,1,22,9,121.5695309,25.07886321
111,5,23,18,40,2,12內湖區,內湖區瑞光路451號前,0,0,1,2,C03,6,1,5,50,14,9,1,4,4,5,7,1,1,5,4,5,2,17,1,35,2,9,1,1,7,9,1,10,1,12,,44,7,1,22,9,121.5695309,25.07886321
111,5,23,18,45,2,01大同區,大同區鄭州路與延平北路1段口,0,0,2,1,C03,8,3,5,40,4,1,1,4,4,5,7,2,1,1,4,5,2,15,1,56,2,8,1,1,7,9,1,10,1,12,,25,25,1,22,9,121.5119845,25.05000055
111,5,23,18,45,2,01大同區,大同區鄭州路與延平北路1段口,0,0,2,2,C03,8,3,5,40,4,1,1,4,4,5,7,2,1,1,4,5,2,15,1,33,2,9,1,4,7,1,1,10,1,11,,25,25,1,22,9,121.5119845,25.05000055
111,5,23,18,50,2,05中正區,中正區和平西路1段與南昌路2段口,0,0,2,1,C03,6,3,5,50,4,1,1,4,4,5,7,1,1,1,4,5,2,12,1,54,2,9,1,1,7,6,1,10,1,12,,9,9,1,22,9,121.5211544,25.02677027
111,5,23,18,50,2,05中正區,中正區和平西路1段與南昌路2段口,0,0,2,2,C03,6,3,5,50,4,1,1,4,4,5,7,1,1,1,4,5,2,12,1,21,2,9,1,1,7,9,1,10,1,14,,44,9,1,22,9,121.5211544,25.02677027
111,5,23,18,53,2,01大同區,大同區民權西路(東往西方向),0,0,1,1,C03,8,3,5,50,14,9,1,5,4,5,7,4,4,1,4,5,2,13,2,32,2,8,1,1,7,9,1,10,9,11,,23,23,2,22,9,121.5144375,25.06310235
111,5,23,18,53,2,01大同區,大同區民權西路(東往西方向),0,0,1,2,B03,8,3,5,50,14,9,1,5,4,5,7,4,4,1,4,5,2,13,1,55,3,10,3,4,7,9,1,8,1,7,,44,23,1,22,9,121.5144375,25.06310235
111,5,23,18,56,2,01大同區,大同區鄭州路145號,0,0,1,1,C03,6,3,5,50,14,9,1,4,4,5,7,4,4,9,4,5,1,18,1,38,2,9,1,1,7,9,1,10,1,15,,23,23,1,22,9,121.5091167,25.05047907
111,5,23,18,56,2,01大同區,大同區鄭州路145號,0,0,1,2,,6,3,5,50,14,9,1,4,4,5,7,4,4,9,4,5,1,18,3,,,,,,,,,,,,,67,23,1,,,121.5091167,25.05047907
111,5,23,19,17,2,03中山區,中山區八德路2段316號,0,0,1,1,B01,7,3,5,50,14,8,1,4,4,5,7,4,4,4,3,5,1,17,1,61,4,11,3,4,7,10,7,19,9,15,,7,7,2,22,9,121.5427894,25.04728165
111,5,23,19,17,2,03中山區,中山區八德路2段316號,0,0,1,2,C03,7,3,5,50,14,8,1,4,4,5,7,4,4,4,3,5,1,17,2,20,2,9,3,4,7,9,1,10,1,14,,23,7,1,22,9,121.5427894,25.04728165
111,5,23,19,37,2,05中正區,中正區金山南路2段與濟南路2段口,0,0,1,1,C03,6,3,5,50,4,2,1,4,4,5,7,1,1,5,4,5,2,16,1,33,3,10,1,1,7,8,1,10,2,12,,7,7,1,22,9,121.5289964,25.040853
111,5,23,19,37,2,05中正區,中正區金山南路2段與濟南路2段口,0,0,1,2,C03,6,3,5,50,4,2,1,4,4,5,7,1,1,5,4,5,2,16,1,24,2,9,1,1,7,9,1,10,2,12,,44,7,1,22,9,121.5289964,25.040853
111,5,23,19,38,2,11南港區,南港區重陽路與重陽路187巷口,0,0,1,1,C03,6,3,5,50,3,2,1,4,4,5,7,2,1,5,4,4,2,17,1,33,2,9,1,1,7,9,1,10,1,14,,42,42,1,22,9,121.5990336,25.0565897
111,5,23,19,38,2,11南港區,南港區重陽路與重陽路187巷口,0,0,1,2,B03,6,3,5,50,3,2,1,4,4,5,7,2,1,5,4,4,2,17,2,43,3,10,1,1,7,1,1,8,1,15,,19,42,1,22,9,121.5990336,25.0565897
111,5,23,20,12,2,02萬華區,萬華區康定路與貴陽街2段口,0,0,1,1,B03,7,3,5,50,4,1,1,4,4,5,7,1,1,5,4,5,1,17,1,34,3,10,1,1,7,6,1,8,1,15,,9,9,1,22,9,121.5019907,25.0400613
111,5,23,20,12,2,02萬華區,萬華區康定路與貴陽街2段口,0,0,1,2,C03,7,3,5,50,4,1,1,4,4,5,7,1,1,5,4,5,1,17,2,24,2,9,1,1,7,9,1,10,1,12,,44,9,1,22,9,121.5019907,25.0400613
111,5,23,20,28,2,04大安區,大安區市民大道4段與光復南路口,0,0,1,1,B03,7,3,5,40,4,1,1,4,4,5,7,2,1,1,4,5,2,12,1,22,3,10,1,1,7,8,1,8,1,2,,26,26,1,22,9,121.5577013,25.0451058
111,5,23,20,28,2,04大安區,大安區市民大道4段與光復南路口,0,0,1,2,C03,7,3,5,40,4,1,1,4,4,5,7,2,1,1,4,5,2,12,1,30,2,9,1,1,7,9,1,10,1,14,,26,26,1,22,9,121.5577013,25.0451058
111,5,23,20,30,2,04大安區,大安區延吉街131巷1弄30號,0,0,1,1,C03,7,3,5,30,14,9,1,5,4,5,7,4,4,1,5,5,2,12,1,24,2,8,3,4,7,7,1,10,1,11,,7,7,1,22,9,121.5545634,25.04359473
111,5,23,20,30,2,04大安區,大安區延吉街131巷1弄30號,0,0,1,2,C03,7,3,5,30,14,9,1,5,4,5,7,4,4,1,5,5,2,12,1,31,3,10,3,4,7,4,1,10,1,11,,17,7,1,22,9,121.5545634,25.04359473
111,5,23,20,45,2,10文山區,文山區萬寧街與萬寧街23巷口口,0,0,1,1,C03,6,3,5,30,3,1,1,4,4,5,7,4,4,7,5,5,2,17,1,30,3,10,1,1,7,6,1,10,1,15,,44,44,1,22,9,121.5645448,25.0033087
111,5,23,20,45,2,10文山區,文山區萬寧街與萬寧街23巷口口,0,0,1,2,C03,6,3,5,30,3,1,1,4,4,5,7,4,4,7,5,5,2,17,1,24,2,9,1,1,7,9,1,10,1,14,,44,44,1,22,9,121.5645448,25.0033087
111,5,23,21,9,2,09北投區,北投區大度路2段與立德路口,0,0,1,1,C03,8,1,5,50,3,2,1,5,4,5,7,1,1,1,4,5,2,13,2,48,2,8,1,1,7,9,1,10,1,11,,23,23,1,22,9,121.4716885,25.12296831
111,5,23,21,9,2,09北投區,北投區大度路2段與立德路口,0,0,1,2,C03,8,1,5,50,3,2,1,5,4,5,7,1,1,1,4,5,2,13,1,41,3,10,1,1,7,9,1,10,1,13,,44,23,1,22,9,121.4716885,25.12296831
111,5,23,21,9,2,09北投區,北投區大度路2段與立德路口,0,0,1,3,B03,8,1,5,50,3,2,1,5,4,5,7,1,1,1,4,5,2,13,1,41,3,10,3,4,7,9,1,8,1,2,,42,23,1,22,9,121.4716885,25.12296831
111,5,23,22,18,2,02萬華區,萬華區西寧南路與長沙街2段口,0,0,1,1,G06,7,3,5,50,4,2,1,5,4,5,7,1,1,10,4,5,2,16,4,,4,11,3,4,7,15,7,19,11,15,,43,43,2,22,9,121.5060659,25.04054759
111,5,23,22,18,2,02萬華區,萬華區西寧南路與長沙街2段口,0,0,1,2,C03,7,3,5,50,4,2,1,5,4,5,7,1,1,10,4,5,2,16,1,19,2,9,1,1,7,9,1,10,1,11,,43,43,1,22,9,121.5060659,25.04054759
111,5,23,23,0,2,06松山區,松山區民生東路5段與三民路口,0,0,1,1,B01,8,1,5,50,4,1,1,5,4,5,7,2,1,3,4,3,2,12,1,69,3,10,1,1,7,6,1,4,2,8,,17,17,1,22,9,121.5630567,25.05870088
111,5,23,23,0,2,06松山區,松山區民生東路5段與三民路口,0,0,1,2,C03,8,1,5,50,4,1,1,5,4,5,7,2,1,3,4,3,2,12,1,30,2,9,1,1,7,6,1,10,2,12,,17,17,1,22,9,121.5630567,25.05870088
111,5,23,23,13,2,07信義區,信義區松仁路253巷4弄與松仁路275巷口,0,0,1,1,C03,7,3,5,30,4,1,1,4,4,5,7,4,4,9,5,5,2,15,2,52,2,8,1,1,7,9,6,10,1,11,,6,6,1,22,9,121.5698293,25.02501757
111,5,23,23,13,2,07信義區,信義區松仁路253巷4弄與松仁路275巷口,0,0,1,2,B03,7,3,5,30,4,1,1,4,4,5,7,4,4,9,5,5,2,15,1,21,3,10,1,1,7,9,1,8,1,8,,23,6,1,22,9,121.5698293,25.02501757
111,5,24,0,0,2,03中山區,中山區中山北路2段與民權西路口,0,0,1,1,B01,7,3,5,50,4,1,1,5,4,5,7,1,1,10,2,5,2,17,1,48,3,10,1,4,7,5,1,4,1,1,,8,8,1,10,9,121.5226355,25.06264933
111,5,24,0,0,2,03中山區,中山區中山北路2段與民權西路口,0,0,1,2,C03,7,3,5,50,4,1,1,5,4,5,7,1,1,10,2,5,2,17,1,22,2,9,1,4,7,9,1,10,1,11,,42,8,1,22,9,121.5226355,25.06264933
111,5,24,7,25,2,01大同區,大同區重慶北路1段與天水路口,0,0,1,1,B03,7,2,5,50,3,2,1,5,4,5,7,1,1,1,4,5,2,16,2,27,3,10,1,1,7,9,1,8,1,6,,23,23,1,22,9,121.5141817,25.05353655
111,5,24,7,25,2,01大同區,大同區重慶北路1段與天水路口,0,0,1,2,C03,7,2,5,50,3,2,1,5,4,5,7,1,1,1,4,5,2,16,1,81,2,9,1,1,7,7,1,10,1,14,,7,23,1,22,9,121.5141817,25.05353655
111,5,24,7,50,2,09北投區,北投區公館路420號,0,0,1,1,B03,7,1,5,30,14,9,1,5,4,5,7,4,4,10,5,5,2,10,1,55,3,10,1,1,7,9,1,8,1,5,,5,5,1,22,9,121.5028585,25.12228193
111,5,24,7,50,2,09北投區,北投區公館路420號,0,0,1,2,C03,7,1,5,30,14,9,1,5,4,5,7,4,4,10,5,5,2,10,1,24,2,9,1,1,7,9,1,10,1,11,,23,5,1,22,9,121.5028585,25.12228193
111,5,24,8,19,2,02萬華區,萬華區華中橋機車道往台北市下橋處,0,0,4,1,C03,7,1,5,40,14,11,1,5,4,5,7,4,4,1,4,5,2,13,1,55,3,10,1,4,7,15,1,10,1,13,,38,38,1,22,9,121.4964706,25.01794846
111,5,24,8,19,2,02萬華區,萬華區華中橋機車道往台北市下橋處,0,0,4,2,C03,7,1,5,40,14,11,1,5,4,5,7,4,4,1,4,5,2,13,2,49,2,8,1,4,7,9,4,10,1,13,,44,38,1,22,9,121.4964706,25.01794846
111,5,24,8,19,2,02萬華區,萬華區華中橋機車道往台北市下橋處,0,0,4,3,C03,7,1,5,40,14,11,1,5,4,5,7,4,4,1,4,5,2,13,1,69,2,7,1,4,7,9,6,10,1,11,,16,38,1,22,9,121.4964706,25.01794846
111,5,24,8,19,2,02萬華區,萬華區華中橋機車道往台北市下橋處,0,0,4,4,C03,7,1,5,40,14,11,1,5,4,5,7,4,4,1,4,5,2,13,2,27,2,7,1,4,7,9,1,10,1,13,,44,38,1,22,9,121.4964706,25.01794846
111,5,24,8,19,2,02萬華區,萬華區華中橋機車道往台北市下橋處,0,0,4,5,C03,7,1,5,40,14,11,1,5,4,5,7,4,4,1,4,5,2,13,1,60,2,8,1,4,7,9,1,10,1,13,,44,38,1,22,9,121.4964706,25.01794846
111,5,24,8,19,2,02萬華區,萬華區華中橋機車道往台北市下橋處,0,0,4,6,C03,7,1,5,40,14,11,1,5,4,5,7,4,4,1,4,5,2,13,1,24,3,10,1,4,7,9,1,10,1,11,,16,38,1,22,9,121.4964706,25.01794846
111,5,24,8,20,2,07信義區,信義區東興路45號,0,0,1,1,C03,7,1,5,50,14,9,1,5,4,5,7,4,4,1,4,5,2,13,1,27,2,9,3,4,7,9,1,10,1,11,,23,23,1,22,9,121.565996,25.0482396
111,5,24,8,20,2,07信義區,信義區東興路45號,0,0,1,2,B01,7,1,5,50,14,9,1,5,4,5,7,4,4,1,4,5,2,13,1,41,3,10,3,4,7,9,1,4,1,7,,44,23,1,22,9,121.565996,25.0482396
111,5,24,9,10,2,06松山區,松山區南京東路4段179巷3弄與光復北路口,0,0,1,1,B12,8,1,5,30,4,1,1,5,4,5,7,4,4,5,4,5,2,15,1,28,3,10,1,1,7,9,1,8,1,1,,6,6,1,22,9,121.5571569,25.05218868
111,5,24,9,10,2,06松山區,松山區南京東路4段179巷3弄與光復北路口,0,0,1,2,C03,8,1,5,30,4,1,1,5,4,5,7,4,4,5,4,5,2,15,1,20,2,9,1,1,7,9,1,10,1,14,,13,6,1,22,9,121.5571569,25.05218868
111,5,24,9,20,2,08士林區,士林區磺溪街與磺溪街21巷口,0,0,2,1,C03,7,1,5,50,3,1,1,5,4,5,7,4,4,5,5,5,1,12,2,34,2,8,1,1,7,9,1,10,1,11,,26,26,1,22,9,121.5230372,25.10612796
111,5,24,9,20,2,08士林區,士林區磺溪街與磺溪街21巷口,0,0,2,2,C03,7,1,5,50,3,1,1,5,4,5,7,4,4,5,5,5,1,12,1,36,2,8,1,1,7,7,1,10,1,11,,44,26,1,22,9,121.5230372,25.10612796
111,5,24,9,20,2,10文山區,文山區木新路2段與木新路2段111巷口,0,0,1,1,B03,7,1,5,30,3,1,1,5,4,5,7,3,1,5,4,5,2,16,1,22,3,10,1,1,7,11,1,8,2,4,,10,10,1,22,9,121.5697999,24.9844252
111,5,24,9,20,2,10文山區,文山區木新路2段與木新路2段111巷口,0,0,1,2,C03,7,1,5,30,3,1,1,5,4,5,7,3,1,5,4,5,2,16,1,27,2,8,1,1,7,9,1,10,2,11,,13,10,1,22,9,121.5697999,24.9844252
111,5,24,9,23,2,03中山區,中山區松江路283號,0,0,2,1,C03,7,1,5,50,14,9,1,5,4,3,5,4,4,5,5,5,2,3,1,34,2,9,1,1,7,9,1,10,1,11,,14,14,1,22,9,121.5335404,25.0603195
111,5,24,9,23,2,03中山區,中山區松江路283號,0,0,2,2,H01,7,1,5,50,14,9,1,5,4,3,5,4,4,5,5,5,2,3,2,23,2,9,4,5,8,16,8,20,10,16,,52,14,1,22,9,121.5335404,25.0603195
111,5,24,9,23,2,03中山區,中山區松江路283號,0,0,2,3,B12,7,1,5,50,14,9,1,5,4,3,5,4,4,5,5,5,2,3,1,46,3,10,1,1,7,14,1,4,11,15,,44,14,1,22,9,121.5335404,25.0603195
111,5,24,9,33,2,06松山區,松山區塔悠路159號,0,0,1,1,C03,7,1,5,40,14,7,1,5,4,5,7,4,4,1,4,4,2,12,1,22,2,8,1,1,7,7,1,10,2,14,,7,7,1,22,9,121.5697859,25.05524301
111,5,24,9,33,2,06松山區,松山區塔悠路159號,0,0,1,2,B03,7,1,5,40,14,7,1,5,4,5,7,4,4,1,4,4,2,12,1,61,3,10,1,1,7,9,1,8,2,2,,17,7,1,22,9,121.5697859,25.05524301
111,5,24,9,41,2,12內湖區,內湖區五分街8號,0,0,1,1,B03,7,1,5,40,14,9,1,4,4,5,7,4,4,10,4,5,1,16,1,30,3,10,1,1,7,11,1,8,2,8,,10,10,1,22,9,121.6129982,25.0674635
111,5,24,9,41,2,12內湖區,內湖區五分街8號,0,0,1,2,C03,7,1,5,40,14,9,1,4,4,5,7,4,4,10,4,5,1,16,1,59,2,9,1,1,7,9,1,10,1,11,,44,10,1,22,9,121.6129982,25.0674635
111,5,24,10,50,2,04大安區,大安區羅斯福路4段123巷25號與羅斯福路4段口,0,0,1,1,C03,7,1,5,50,3,2,1,5,4,5,7,4,4,10,5,5,2,17,2,37,2,9,1,1,7,6,1,10,1,14,,23,23,1,22,9,121.5376283,25.0102384
111,5,24,10,50,2,04大安區,大安區羅斯福路4段123巷25號與羅斯福路4段口,0,0,1,3,C03,7,1,5,50,3,2,1,5,4,5,7,4,4,10,5,5,2,17,1,30,3,10,1,1,7,6,1,10,1,15,,44,23,1,22,9,121.5376283,25.0102384
111,5,24,10,50,2,04大安區,大安區羅斯福路4段123巷25號與羅斯福路4段口,0,0,1,2,B03,7,1,5,50,3,2,1,5,4,5,7,4,4,10,5,5,2,17,1,24,3,10,3,1,7,13,1,8,11,15,,44,23,2,22,9,121.5376283,25.0102384
111,5,24,11,0,2,09北投區,北投區石牌路2段與天母西路口,0,0,1,2,C02,7,1,5,50,3,1,1,4,4,5,7,3,1,10,4,5,1,16,1,36,2,9,1,1,7,9,1,9,1,11,,14,6,1,22,9,121.5219221,25.119222
111,5,24,11,0,2,09北投區,北投區石牌路2段與天母西路口,0,0,1,1,B01,7,1,5,50,3,1,1,4,4,5,7,3,1,10,4,5,1,16,1,58,3,10,1,1,7,5,1,4,1,1,,6,6,1,22,9,121.5219221,25.119222
111,5,24,11,29,2,02萬華區,萬華區廣州街263號,0,0,1,1,C03,6,3,5,50,14,9,4,4,4,5,7,4,4,9,5,5,2,18,2,55,2,9,1,1,7,12,1,10,1,12,,43,43,1,22,9,121.4964701,25.03677502
111,5,24,11,29,2,02萬華區,萬華區廣州街263號,0,0,1,2,,6,3,5,50,14,9,4,4,4,5,7,4,4,9,5,5,2,18,3,,,,,,,,,,,,,67,43,1,,,121.4964701,25.03677502
111,5,24,11,29,2,02萬華區,萬華區廣州街263號,0,0,1,3,C03,6,3,5,50,14,9,4,4,4,5,7,4,4,9,5,5,2,18,4,,4,11,3,4,7,15,7,19,11,15,,43,43,2,22,9,121.4964701,25.03677502
111,5,24,11,40,2,04大安區,大安區信義路3段147巷15弄與信義路3段147巷口,0,0,1,1,B01,6,1,5,30,3,1,1,4,4,5,7,4,4,9,5,5,2,16,1,52,3,10,1,1,7,5,1,4,1,1,,8,8,1,22,9,121.5430132,25.035096
111,5,24,11,40,2,04大安區,大安區信義路3段147巷15弄與信義路3段147巷口,0,0,1,2,C03,6,1,5,30,3,1,1,4,4,5,7,4,4,9,5,5,2,16,1,18,2,9,1,1,7,9,1,10,1,11,,13,8,1,22,9,121.5430132,25.035096
111,5,24,12,0,2,12內湖區,內湖區康樂街110巷與康樂街136巷18弄口口,0,0,3,1,C03,6,1,5,30,4,1,1,4,4,5,7,4,4,10,5,5,2,15,1,42,2,8,1,1,7,9,1,10,1,12,,6,6,1,22,9,121.6183027,25.07072929
111,5,24,12,0,2,12內湖區,內湖區康樂街110巷與康樂街136巷18弄口口,0,0,3,2,C03,6,1,5,30,4,1,1,4,4,5,7,4,4,10,5,5,2,15,2,53,2,8,1,1,7,9,1,10,1,11,,14,6,1,22,9,121.6183027,25.07072929
111,5,24,12,0,2,12內湖區,內湖區康樂街110巷與康樂街136巷18弄口口,0,0,3,3,H02,6,1,5,30,4,1,1,4,4,5,7,4,4,10,5,5,2,15,2,58,2,8,1,5,7,21,8,20,10,15,,67,6,1,22,9,121.6183027,25.07072929
111,5,24,12,25,2,03中山區,中山區錦州街215號,0,0,2,1,C03,6,1,5,30,14,9,1,4,4,5,7,4,4,10,5,5,2,3,1,19,2,9,1,4,7,9,1,10,1,11,,23,23,1,22,9,121.5322266,25.0603334
111,5,24,12,25,2,03中山區,中山區錦州街215號,0,0,2,2,H01,6,1,5,30,14,9,1,4,4,5,7,4,4,10,5,5,2,3,2,46,2,9,4,5,8,16,8,20,10,16,,67,23,1,22,9,121.5322266,25.0603334
111,5,24,12,43,2,04大安區,大安區仁愛路3段與復興南路1段口,0,0,1,1,B01,6,1,5,50,5,1,1,4,4,5,7,1,1,8,3,1,2,11,1,52,3,10,1,1,7,6,1,8,1,5,,9,9,1,22,9,121.5435631,25.03777806
111,5,24,12,43,2,04大安區,大安區仁愛路3段與復興南路1段口,0,0,1,2,F01,6,1,5,50,5,1,1,4,4,5,7,1,1,8,3,1,2,11,2,23,2,8,1,1,7,9,8,20,1,16,,44,9,1,22,9,121.5435631,25.03777806
111,5,24,12,59,2,05中正區,中正區南海路56號前,0,0,2,1,C03,6,1,5,30,14,9,1,4,4,5,7,4,4,10,4,5,2,16,2,67,2,9,1,1,7,7,1,10,2,14,,7,7,1,22,9,121.5126139,25.03146565
111,5,24,12,59,2,05中正區,中正區南海路56號前,0,0,2,2,C03,6,1,5,30,14,9,1,4,4,5,7,4,4,10,4,5,2,16,1,18,2,9,1,1,7,9,1,10,2,12,,13,7,1,22,9,121.5126139,25.03146565
111,5,24,12,59,2,05中正區,中正區南海路56號前,0,0,2,3,H02,6,1,5,30,14,9,1,4,4,5,7,4,4,10,4,5,2,16,2,18,4,11,1,1,7,20,8,20,10,16,,67,7,1,22,9,121.5126139,25.03146565
111,5,24,13,17,2,08士林區,士林區社正路33-1號前,0,0,1,1,B12,6,1,5,30,3,2,1,4,4,5,7,4,4,5,4,5,1,11,1,31,3,10,3,4,7,11,1,8,2,8,,10,10,1,22,9,121.5095317,25.08879409
111,5,24,13,17,2,08士林區,士林區社正路33-1號前,0,0,1,2,C03,6,1,5,30,3,2,1,4,4,5,7,4,4,5,4,5,1,11,1,54,2,9,1,1,7,9,1,10,2,11,,14,10,1,22,9,121.5095317,25.08879409
111,5,24,13,25,2,09北投區,北投區福國路文林橋(上橋處),0,0,1,1,B03,6,1,5,50,14,9,1,4,4,5,7,1,1,9,4,5,2,17,1,43,3,10,1,1,7,6,1,8,1,15,,9,9,1,22,9,121.5147105,25.1018024
111,5,24,13,25,2,09北投區,北投區福國路文林橋(上橋處),0,0,1,2,C03,6,1,5,50,14,9,1,4,4,5,7,1,1,9,4,5,2,17,1,49,2,9,1,1,7,9,6,8,1,12,,44,9,1,22,9,121.5147105,25.1018024
111,5,24,13,30,2,07信義區,信義區松山路149巷與松山路口口,0,0,2,1,B12,6,1,5,50,4,2,1,4,4,5,7,1,1,1,4,5,2,17,1,69,2,3,3,4,7,9,1,8,2,1,,42,42,1,22,9,121.5777892,25.04665056
111,5,24,13,30,2,07信義區,信義區松山路149巷與松山路口口,0,0,2,2,C03,6,1,5,50,4,2,1,4,4,5,7,1,1,1,4,5,2,17,1,22,3,10,3,4,7,5,1,10,2,15,,8,42,1,22,9,121.5777892,25.04665056
111,5,24,13,30,2,07信義區,信義區松山路149巷與松山路口口,0,0,2,3,B02,6,1,5,50,4,2,1,4,4,5,7,1,1,1,4,5,2,17,1,27,3,10,3,4,7,13,1,8,1,3,,38,42,1,22,9,121.5777892,25.04665056
111,5,24,13,30,2,07信義區,信義區松山路149巷與松山路口口,0,0,2,4,C03,6,1,5,50,4,2,1,4,4,5,7,1,1,1,4,5,2,17,1,43,3,10,3,4,7,13,1,10,1,12,,38,42,1,22,9,121.5777892,25.04665056
111,5,24,13,30,2,07信義區,信義區松山路149巷與松山路口口,0,0,2,5,C03,6,1,5,50,4,2,1,4,4,5,7,1,1,1,4,5,2,17,2,27,3,10,3,4,7,13,1,10,9,12,,44,42,1,22,9,121.5777892,25.04665056
111,5,24,13,30,2,07信義區,信義區松山路149巷與松山路口口,0,0,2,6,C03,6,1,5,50,4,2,1,4,4,5,7,1,1,1,4,5,2,17,2,30,3,10,3,4,7,13,1,10,9,12,,44,42,1,22,9,121.5777892,25.04665056
111,5,24,13,30,2,07信義區,信義區松山路149巷與松山路口口,0,0,2,7,C03,6,1,5,50,4,2,1,4,4,5,7,1,1,1,4,5,2,17,1,24,3,10,3,4,7,13,1,10,9,12,,44,42,1,22,9,121.5777892,25.04665056
111,5,24,13,30,2,07信義區,信義區松山路149巷與松山路口口,0,0,2,8,C03,6,1,5,50,4,2,1,4,4,5,7,1,1,1,4,5,2,17,2,24,3,10,3,4,7,13,6,10,9,12,,44,42,1,22,9,121.5777892,25.04665056
111,5,24,13,30,2,07信義區,信義區松山路149巷與松山路口口,0,0,2,9,,6,1,5,50,4,2,1,4,4,5,7,1,1,1,4,5,2,17,3,,,,,,,,,,10,,,67,42,1,,,121.5777892,25.04665056
111,5,24,13,30,2,07信義區,信義區松山路149巷與松山路口口,0,0,2,10,H02,6,1,5,50,4,2,1,4,4,5,7,1,1,1,4,5,2,17,2,66,2,1,3,4,7,20,8,20,10,16,,67,42,1,22,9,121.5777892,25.04665056
111,5,24,14,21,2,01大同區,大同區市民大道1段與承德路1段口,0,0,1,1,B03,6,1,5,40,4,1,1,4,4,5,7,1,1,9,4,5,2,17,1,63,3,10,1,1,7,5,1,8,2,4,,8,8,1,22,9,121.5164093,25.0487579
111,5,24,14,21,2,01大同區,大同區市民大道1段與承德路1段口,0,0,1,2,C03,6,1,5,40,4,1,1,4,4,5,7,1,1,9,4,5,2,17,1,44,2,9,1,1,7,9,1,10,2,11,,23,8,1,22,9,121.5164093,25.0487579
111,5,24,14,41,2,11南港區,南港區研究院路1段與中南街123巷口,0,0,1,1,B12,6,1,5,50,4,1,1,4,4,5,6,2,1,1,4,5,2,17,2,60,3,10,1,4,7,5,1,8,1,2,,8,8,1,22,9,121.6159164,25.0520436
111,5,24,14,41,2,11南港區,南港區研究院路1段與中南街123巷口,0,0,1,2,C03,6,1,5,50,4,1,1,4,4,5,6,2,1,1,4,5,2,17,1,28,2,9,1,4,7,9,1,10,1,11,,23,8,1,22,9,121.6159164,25.0520436
111,5,24,14,50,2,02萬華區,萬華區昆明街與內江街口,0,0,1,1,B01,6,1,5,50,4,2,1,4,4,5,7,1,1,10,4,5,2,17,1,47,3,10,1,1,7,1,1,4,1,15,,19,19,1,22,9,121.5045431,25.04146266