發生年度,發生月,發生日,發生時-Hours,發生分,處理別-編號,區序,肇事地點,死亡人數,2-30日死亡人數,受傷人數,當事人序號,車種,天候,光線,道路類別,速限-速度限制,道路型態,事故位置,路面狀況1,路面狀況2,路面狀況3,道路障礙1,道路障礙2,號誌1,號誌2,車道劃分-分向,車道劃分-分道1,車道劃分-分道2,車道劃分-分道3,事故類型及型態,性別,年齡,受傷程度,主要傷處,安全帽,行動電話,車輛用途,當事者行動狀態,駕駛資格情形,駕駛執照種類,飲酒情形,車輛撞擊部位1,車輛撞擊部位2,肇因碼-個別,肇因碼-主要,個人肇逃否,職業,旅次目的,座標-X,座標-Y
111,5,24,14,50,2,02萬華區,萬華區昆明街與內江街口,0,0,1,2,C03,6,1,5,50,4,2,1,4,4,5,7,1,1,10,4,5,2,17,1,36,2,7,1,1,7,9,1,10,1,14,,44,19,1,22,9,121.5045431,25.04146266
111,5,24,14,52,2,07信義區,信義區松仁路與松仁路253巷口口,0,0,1,1,B01,6,1,5,30,4,1,1,4,4,5,7,3,1,10,2,5,1,17,1,65,3,10,3,4,7,9,1,4,1,15,,6,6,1,22,9,121.5695582,25.02562961
111,5,24,14,52,2,07信義區,信義區松仁路與松仁路253巷口口,0,0,1,2,C03,6,1,5,30,4,1,1,4,4,5,7,3,1,10,2,5,1,17,2,26,2,9,3,4,7,12,1,10,1,12,,14,6,1,22,9,121.5695582,25.02562961
111,5,24,14,55,2,05中正區,中正區中山南路與濟南路1段口,0,0,1,1,B03,6,1,5,50,3,2,1,4,4,5,7,1,1,1,3,3,2,16,2,50,3,10,1,4,7,1,1,8,1,4,,19,19,1,22,9,121.5190575,25.04369692
111,5,24,14,55,2,05中正區,中正區中山南路與濟南路1段口,0,0,1,2,C03,6,1,5,50,3,2,1,4,4,5,7,1,1,1,3,3,2,16,1,56,2,8,1,1,7,9,1,10,1,12,,44,19,1,22,9,121.5190575,25.04369692
111,5,24,14,59,2,02萬華區,萬華區西藏路201號,0,0,3,1,F01,6,1,5,50,15,9,1,4,4,5,7,1,1,10,3,5,2,16,2,78,2,9,1,1,7,9,8,20,1,16,,25,25,1,22,9,121.4988341,25.02928417
111,5,24,14,59,2,02萬華區,萬華區西藏路201號,0,0,3,2,C03,6,1,5,50,15,9,1,4,4,5,7,1,1,10,3,5,2,16,1,18,2,9,1,4,7,9,3,18,1,11,,44,25,1,22,9,121.4988341,25.02928417
111,5,24,14,59,2,02萬華區,萬華區西藏路201號,0,0,3,3,H02,6,1,5,50,15,9,1,4,4,5,7,1,1,10,3,5,2,16,2,19,2,9,4,5,7,20,8,20,10,16,,67,25,1,22,9,121.4988341,25.02928417
111,5,24,15,20,2,01大同區,大同區承德路1段與南京西路口,0,0,1,1,B01,6,2,5,50,4,1,1,4,4,5,7,1,1,1,4,5,2,16,1,66,3,10,1,1,7,5,1,4,1,6,,25,25,1,22,9,121.5177153,25.05333191
111,5,24,15,20,2,01大同區,大同區承德路1段與南京西路口,0,0,1,2,C03,6,2,5,50,4,1,1,4,4,5,7,1,1,1,4,5,2,16,2,28,2,9,1,1,7,9,1,10,1,11,,16,25,1,22,9,121.5177153,25.05333191
111,5,24,15,54,2,01大同區,大同區延平北路4段與延平北路4段294巷口,0,0,1,1,C03,6,1,5,50,3,1,1,4,4,5,7,1,1,1,4,5,2,20,1,55,2,9,1,1,7,9,1,10,4,11,,23,23,1,22,9,121.5121119,25.07710865
111,5,24,15,54,2,01大同區,大同區延平北路4段與延平北路4段294巷口,0,0,1,2,,6,1,5,50,3,1,1,4,4,5,7,1,1,1,4,5,2,20,3,,,,,,,,,,,,,67,23,1,,,121.5121119,25.07710865
111,5,24,15,57,2,11南港區,南港區忠孝東路7段與研究院路1段口,0,0,1,1,B03,6,1,5,50,3,1,1,4,4,5,7,2,1,1,4,5,2,13,2,24,3,10,1,1,7,5,1,8,1,1,,16,16,1,21,8,121.6163004,25.05323457
111,5,24,15,57,2,11南港區,南港區忠孝東路7段與研究院路1段口,0,0,1,2,C04,6,1,5,50,3,1,1,4,4,5,7,2,1,1,4,5,2,13,2,57,2,8,1,1,7,5,1,10,1,13,,44,16,1,21,8,121.6163004,25.05323457
111,5,24,16,9,2,04大安區,大安區建國南路1段與八德路2段10巷口口,0,0,1,1,B01,1,1,5,50,3,2,1,4,4,5,7,2,1,8,4,5,1,9,1,36,3,10,3,4,7,9,1,4,8,1,,23,23,1,22,9,121.5364138,25.04388471
111,5,24,16,9,2,04大安區,大安區建國南路1段與八德路2段10巷口口,0,0,1,2,H01,1,1,5,50,3,2,1,4,4,5,7,2,1,8,4,5,1,9,2,64,2,9,4,5,8,16,8,20,10,16,,52,23,1,22,9,121.5364138,25.04388471
111,5,24,16,20,2,03中山區,中山區長春路61號,0,0,1,1,B02,6,1,5,40,14,8,1,4,4,5,7,4,4,9,5,4,2,12,1,71,3,10,1,1,7,11,1,8,1,3,,10,10,1,22,9,121.5262838,25.0550206
111,5,24,16,20,2,03中山區,中山區長春路61號,0,0,1,2,C03,6,1,5,40,14,8,1,4,4,5,7,4,4,9,5,4,2,12,1,40,2,6,1,1,7,12,1,10,1,14,,13,10,1,22,9,121.5262838,25.0550206
111,5,24,17,9,2,04大安區,大安區復興南路1段與信義路3段口,0,0,1,1,B03,6,1,5,50,4,1,1,4,4,5,7,1,1,1,5,5,1,12,1,63,3,10,1,1,7,5,1,8,2,4,,8,8,1,22,9,121.5435837,25.0336517
111,5,24,17,9,2,04大安區,大安區復興南路1段與信義路3段口,0,0,1,2,C03,6,1,5,50,4,1,1,4,4,5,7,1,1,1,5,5,1,12,1,27,2,9,1,1,7,9,1,10,2,12,,13,8,1,22,9,121.5435837,25.0336517
111,5,24,17,45,2,03中山區,中山區市民大道2段東往西(長安東路一段52巷東側),0,0,2,1,C03,6,1,5,40,14,7,1,4,4,5,7,1,1,1,4,4,2,13,1,40,2,9,3,4,7,9,6,10,1,12,,42,42,1,22,9,121.527915,25.047022
111,5,24,17,45,2,03中山區,中山區市民大道2段東往西(長安東路一段52巷東側),0,0,2,2,C03,6,1,5,40,14,7,1,4,4,5,7,1,1,1,4,4,2,13,2,23,2,8,3,4,7,14,1,10,1,14,,44,42,1,22,9,121.527915,25.047022
111,5,24,18,4,2,07信義區,(吳興街200巷33號前),0,0,1,1,B03,6,3,5,50,15,18,1,4,4,5,7,2,1,9,4,5,1,3,1,29,3,10,3,4,7,5,1,8,1,1,,15,15,1,22,9,121.5623966,25.02703193
111,5,24,18,4,2,07信義區,(吳興街200巷33號前),0,0,1,2,H01,6,3,5,50,15,18,1,4,4,5,7,2,1,9,4,5,1,3,1,20,2,9,4,5,8,16,8,20,10,16,,67,15,1,22,9,121.5623966,25.02703193
111,5,24,19,9,2,03中山區,中山區大直橋與北安路口,0,0,2,1,C03,6,3,5,50,4,1,1,4,4,5,7,2,1,1,1,4,1,15,1,21,2,8,3,4,7,9,1,10,2,12,,25,25,1,22,9,121.5445263,25.0798182
111,5,24,19,9,2,03中山區,中山區大直橋與北安路口,0,0,2,2,C04,6,3,5,50,4,1,1,4,4,5,7,2,1,1,1,4,1,15,2,37,2,6,3,4,7,1,1,10,2,14,,44,25,1,22,9,121.5445263,25.0798182
111,5,24,19,29,2,01大同區,大同區延平北路3段與昌吉街口,0,0,1,1,C03,6,3,5,50,4,1,1,4,4,5,7,2,1,5,4,5,2,12,2,34,2,9,1,1,7,5,1,10,1,11,,8,8,1,22,9,121.5110262,25.0659334
111,5,24,19,29,2,01大同區,大同區延平北路3段與昌吉街口,0,0,1,2,C03,6,3,5,50,4,1,1,4,4,5,7,2,1,5,4,5,2,12,1,19,3,10,1,1,7,9,1,10,1,12,,23,8,1,22,9,121.5110262,25.0659334
111,5,24,20,13,2,07信義區,信義區吳興街284巷20弄22號停車場出入口,0,0,1,1,C03,6,3,5,50,14,9,1,4,4,5,7,4,4,10,5,5,2,13,1,26,2,7,1,1,7,9,1,10,1,11,,23,23,1,21,8,121.5628789,25.02521421
111,5,24,20,13,2,07信義區,信義區吳興街284巷20弄22號停車場出入口,0,0,1,2,B03,6,3,5,50,14,9,1,4,4,5,7,4,4,10,5,5,2,13,1,64,3,10,1,1,7,14,1,8,1,6,,38,23,1,21,8,121.5628789,25.02521421
111,5,24,20,31,2,02萬華區,萬華區康定路與和平西路3段口,0,0,1,1,B03,6,3,5,50,4,2,1,4,4,5,7,2,1,5,4,5,1,17,1,64,3,10,3,4,7,6,1,8,7,2,,23,23,1,22,9,121.5012451,25.03545011
111,5,24,20,31,2,02萬華區,萬華區康定路與和平西路3段口,0,0,1,2,C03,6,3,5,50,4,2,1,4,4,5,7,2,1,5,4,5,1,17,1,53,2,8,3,4,7,14,1,10,2,14,,38,23,1,22,9,121.5012451,25.03545011
111,5,24,20,40,2,03中山區,中山區長安東路2段118號,0,0,1,1,B03,6,3,5,50,14,9,1,4,4,5,7,4,4,9,4,5,2,17,2,30,3,10,1,1,7,8,1,8,1,15,,7,7,1,22,9,121.5360594,25.04838894
111,5,24,20,40,2,03中山區,中山區長安東路2段118號,0,0,1,2,C03,6,3,5,50,14,9,1,4,4,5,7,4,4,9,4,5,2,17,1,42,2,8,1,1,7,9,1,10,1,12,,42,7,1,22,9,121.5360594,25.04838894
111,5,24,20,40,2,03中山區,中山區長安東路2段118號,0,0,1,3,B01,6,3,5,50,14,9,1,4,4,5,7,4,4,9,4,5,2,17,1,42,3,10,1,1,7,14,1,4,1,7,,44,7,1,22,9,121.5360594,25.04838894
111,5,24,20,50,2,10文山區,文山區木柵路4段與萬壽橋口,0,0,3,1,C03,6,3,5,50,4,2,1,4,4,5,7,1,1,1,4,5,1,16,1,29,2,9,1,1,7,8,1,10,1,12,,7,7,1,22,9,121.5712385,24.99175977
111,5,24,20,50,2,10文山區,文山區木柵路4段與萬壽橋口,0,0,3,2,C03,6,3,5,50,4,2,1,4,4,5,7,1,1,1,4,5,1,16,1,66,2,9,1,1,7,9,1,10,1,11,,44,7,1,22,9,121.5712385,24.99175977
111,5,24,20,50,2,10文山區,文山區木柵路4段與萬壽橋口,0,0,3,3,H02,6,3,5,50,4,2,1,4,4,5,7,1,1,1,4,5,1,16,2,67,2,9,4,5,7,17,8,20,10,16,,67,7,1,22,9,121.5712385,24.99175977
111,5,24,20,58,2,07信義區,信義區忠孝東路5段236巷6-1號,0,0,1,1,B01,6,3,5,50,14,18,1,4,4,5,7,4,4,9,4,5,2,3,1,59,3,10,1,1,7,9,1,4,1,8,,15,15,1,22,9,121.5718676,25.0403729
111,5,24,20,58,2,07信義區,信義區忠孝東路5段236巷6-1號,0,0,1,2,H01,6,3,5,50,14,18,1,4,4,5,7,4,4,9,4,5,2,3,2,82,2,9,4,5,8,16,8,20,1,16,,67,15,1,22,9,121.5718676,25.0403729
111,5,24,20,58,2,07信義區,信義區忠孝東路5段236巷6-1號,0,0,1,3,C03,6,3,5,50,14,18,1,4,4,5,7,4,4,9,4,5,2,3,1,43,3,10,2,1,7,13,1,10,1,13,,44,15,1,22,9,121.5718676,25.0403729
111,5,24,21,13,2,03中山區,中山區民權東路2段152巷16號,0,0,1,1,F03,6,3,5,30,14,9,1,4,4,5,7,4,4,8,5,5,1,3,1,40,3,10,1,1,7,9,8,20,1,15,,16,16,1,22,9,121.5348873,25.06098476
111,5,24,21,13,2,03中山區,中山區民權東路2段152巷16號,0,0,1,2,H01,6,3,5,30,14,9,1,4,4,5,7,4,4,8,5,5,1,3,2,43,2,8,4,5,8,16,8,20,10,16,,67,16,1,22,9,121.5348873,25.06098476
111,5,24,21,17,2,03中山區,中山區市民大道2段與長安東路1段52巷口,0,0,1,1,B03,6,3,5,40,3,1,1,4,4,5,7,2,1,1,5,5,1,17,1,73,3,10,3,4,7,6,1,8,1,15,,9,9,1,22,9,121.5278104,25.04703928
111,5,24,21,17,2,03中山區,中山區市民大道2段與長安東路1段52巷口,0,0,1,2,C03,6,3,5,40,3,1,1,4,4,5,7,2,1,1,5,5,1,17,2,24,2,8,3,4,7,9,1,10,1,11,,23,9,1,22,9,121.5278104,25.04703928
111,5,24,21,17,2,03中山區,中山區市民大道2段與長安東路1段52巷口,0,0,1,3,C03,6,3,5,40,3,1,1,4,4,5,7,2,1,1,5,5,1,17,1,34,3,10,3,4,7,9,1,10,1,13,,23,9,1,22,9,121.5278104,25.04703928
111,5,24,21,30,2,07信義區,信義區永吉路與松山路口,0,0,1,1,B03,6,3,5,50,4,1,1,4,4,5,7,2,1,1,4,5,2,9,1,66,3,10,1,1,7,5,1,8,2,1,,15,15,1,21,8,121.5776619,25.04550876
111,5,24,21,30,2,07信義區,信義區永吉路與松山路口,0,0,1,2,H01,6,3,5,50,4,1,1,4,4,5,7,2,1,1,4,5,2,9,2,71,2,9,4,5,8,16,8,20,10,16,,67,15,1,21,8,121.5776619,25.04550876
111,5,24,22,36,2,04大安區,大安區信義路4段與信義路4段265巷口,0,0,2,1,C03,6,3,5,50,3,1,1,4,4,5,7,2,1,9,4,5,2,16,1,25,2,3,1,1,7,5,1,10,1,14,,8,8,1,22,9,121.5542556,25.03327757
111,5,24,22,36,2,04大安區,大安區信義路4段與信義路4段265巷口,0,0,2,2,C03,6,3,5,50,3,1,1,4,4,5,7,2,1,9,4,5,2,16,1,45,2,8,1,1,7,9,1,10,1,12,,44,8,1,22,9,121.5542556,25.03327757
111,5,24,23,3,2,05中正區,中正區中山南路往北(監察院前),0,0,1,1,C03,6,3,5,50,14,9,1,4,4,5,7,4,4,1,4,5,2,13,2,32,2,8,1,1,7,9,1,10,1,11,,16,16,1,22,1,121.51962,25.045263
111,5,24,23,3,2,05中正區,中正區中山南路往北(監察院前),0,0,1,2,C03,6,3,5,50,14,9,1,4,4,5,7,4,4,1,4,5,2,13,1,18,3,10,1,1,7,9,1,10,1,13,,44,16,1,22,4,121.51962,25.045263
111,5,24,23,45,2,05中正區,中正區金山南路1段19號,0,0,2,1,C03,6,3,5,50,14,9,1,4,4,5,7,4,4,1,4,5,2,13,2,22,2,9,1,1,7,9,1,10,2,11,,23,23,1,5,1,121.529196,25.0405839
111,5,24,23,45,2,05中正區,中正區金山南路1段19號,0,0,2,2,F01,6,3,5,50,14,9,1,4,4,5,7,4,4,1,4,5,2,13,2,70,2,1,1,1,7,9,8,20,2,16,,44,23,1,20,7,121.529196,25.0405839
111,5,24,23,46,2,05中正區,中正區羅斯福路3段與師大路口,0,0,1,1,B01,6,3,5,50,4,1,1,4,4,5,7,1,1,3,4,5,2,17,1,65,3,10,1,1,7,5,1,4,2,1,,6,6,1,22,9,121.5278175,25.02087176
111,5,24,23,46,2,05中正區,中正區羅斯福路3段與師大路口,0,0,1,2,F01,6,3,5,50,4,1,1,4,4,5,7,1,1,3,4,5,2,17,1,26,2,9,1,1,7,11,8,20,2,16,,27,6,1,22,9,121.5278175,25.02087176
111,5,25,0,1,2,03中山區,中山區市民大道3段與建國南路1段口,0,0,1,1,B03,6,3,5,40,4,1,1,4,4,5,7,2,1,1,1,1,1,12,2,35,3,10,3,4,7,6,1,8,1,2,,9,9,1,22,9,121.5369495,25.04483796
111,5,25,0,1,2,03中山區,中山區市民大道3段與建國南路1段口,0,0,1,2,C03,6,3,5,40,4,1,1,4,4,5,7,2,1,1,1,1,1,12,1,28,2,7,3,4,7,9,1,10,1,11,,23,9,1,22,9,121.5369495,25.04483796
111,5,25,0,22,2,02萬華區,萬華區西園路2段322號,0,0,1,1,C03,6,3,5,50,14,9,1,4,4,5,7,4,4,10,5,5,2,13,1,28,2,8,1,1,7,9,1,10,1,11,,16,16,1,22,9,121.4923498,25.02587898
111,5,25,0,22,2,02萬華區,萬華區西園路2段322號,0,0,1,2,B01,6,3,5,50,14,9,1,4,4,5,7,4,4,10,5,5,2,13,1,57,3,10,1,1,7,15,1,4,1,3,,38,16,1,22,9,121.4923498,25.02587898
111,5,25,3,15,2,03中山區,中山區長春路234號,0,0,2,1,B01,6,3,5,50,14,7,1,4,4,5,7,4,4,8,4,4,1,10,1,57,2,9,1,1,7,9,1,4,2,8,,4,4,1,22,9,121.5378551,25.05473015
111,5,25,3,15,2,03中山區,中山區長春路234號,0,0,2,2,B01,6,3,5,50,14,7,1,4,4,5,7,4,4,8,4,4,1,10,1,65,2,9,1,1,7,9,1,4,2,8,,44,4,1,22,9,121.5378551,25.05473015
111,5,25,3,15,2,03中山區,中山區長春路234號,0,0,2,3,C03,6,3,5,50,14,7,1,4,4,5,7,4,4,8,4,4,1,10,1,41,3,10,3,4,7,13,7,19,11,14,,44,4,1,22,9,121.5378551,25.05473015
111,5,25,6,4,2,08士林區,士林區至善路3段楓香SL0560341186,0,0,1,1,C03,6,1,5,50,14,9,1,4,4,4,7,4,4,5,4,5,2,17,1,57,2,9,1,1,7,9,1,10,2,12,,23,23,1,21,8,121.5763715,25.11872619
111,5,25,6,4,2,08士林區,士林區至善路3段楓香SL0560341186,0,0,1,2,B02,6,1,5,50,14,9,1,4,4,4,7,4,4,5,4,5,2,17,1,36,3,10,1,1,7,9,3,18,9,15,,35,23,1,21,8,121.5763715,25.11872619
111,5,25,7,23,2,10文山區,文山區和平東路4段與和平東路4段66巷口,0,0,1,1,C03,6,1,5,50,4,1,1,4,4,5,7,2,1,5,2,5,2,18,1,42,2,7,1,4,7,9,1,10,1,14,,43,43,1,22,9,121.5671611,25.0055315
111,5,25,7,40,2,06松山區,松山區民權大橋往東22號燈桿前,0,0,2,1,C03,6,1,5,40,8,11,1,4,4,5,7,4,4,1,1,4,2,13,1,22,2,8,1,1,7,9,1,10,2,11,,16,16,1,22,9,121.566783,25.06331074
111,5,25,7,40,2,06松山區,松山區民權大橋往東22號燈桿前,0,0,2,2,C03,6,1,5,40,8,11,1,4,4,5,7,4,4,1,1,4,2,13,1,33,2,9,1,1,7,9,1,10,2,13,,44,16,1,22,9,121.566783,25.06331074
111,5,25,7,48,2,02萬華區,萬華區貴陽街2段與環河南路1段口,0,0,1,1,B03,6,1,5,50,5,1,1,4,4,5,7,2,1,1,3,5,1,12,1,60,3,10,1,1,7,9,1,8,1,5,,26,26,1,22,9,121.4980057,25.0400709
111,5,25,7,48,2,02萬華區,萬華區貴陽街2段與環河南路1段口,0,0,1,2,C03,6,1,5,50,5,1,1,4,4,5,7,2,1,1,3,5,1,12,1,32,2,9,1,1,7,5,1,10,1,14,,13,26,1,22,9,121.4980057,25.0400709
111,5,25,8,35,2,08士林區,士林區承德路4段與承德路4段195巷口,0,0,1,1,B03,6,1,5,50,3,1,1,4,4,5,7,3,1,1,4,5,1,17,1,62,3,10,1,1,7,6,1,8,1,2,,9,9,1,21,8,121.5220753,25.0882021
111,5,25,8,35,2,08士林區,士林區承德路4段與承德路4段195巷口,0,0,1,2,C03,6,1,5,50,3,1,1,4,4,5,7,3,1,1,4,5,1,17,2,61,2,3,1,1,7,9,1,10,1,11,,23,9,1,21,8,121.5220753,25.0882021
111,5,25,8,40,2,02萬華區,萬華區西園路1段與桂林路口,0,0,1,1,B03,6,1,5,50,4,2,1,4,4,5,7,1,1,8,3,4,2,9,1,27,3,10,1,1,7,5,1,8,2,8,,15,15,1,22,9,121.4998323,25.03853785
111,5,25,8,40,2,02萬華區,萬華區西園路1段與桂林路口,0,0,1,2,H01,6,1,5,50,4,2,1,4,4,5,7,1,1,8,3,4,2,9,1,40,2,8,4,5,8,16,8,20,10,16,,67,15,1,22,9,121.4998323,25.03853785
111,5,25,9,27,2,07信義區,信義區吳興街483號,0,0,2,1,C03,6,1,5,30,14,9,1,4,4,5,7,4,4,9,4,5,2,3,2,55,2,9,1,1,7,9,1,10,1,11,,23,23,1,22,9,121.5696227,25.0234986
111,5,25,9,27,2,07信義區,信義區吳興街483號,0,0,2,2,H01,6,1,5,30,14,9,1,4,4,5,7,4,4,9,4,5,2,3,2,70,2,9,4,5,8,16,8,20,10,16,,51,23,1,22,9,121.5696227,25.0234986
111,5,25,9,35,2,11南港區,南港區忠孝東路6段與玉成街口,0,0,1,1,B03,6,1,5,50,3,1,1,4,4,5,7,1,1,1,4,5,2,16,2,48,3,10,1,1,7,6,1,8,1,5,,9,9,1,22,9,121.5831972,25.04604024
111,5,25,9,35,2,11南港區,南港區忠孝東路6段與玉成街口,0,0,1,2,C03,6,1,5,50,3,1,1,4,4,5,7,1,1,1,4,5,2,16,1,70,2,7,1,1,7,9,1,10,1,14,,14,9,1,22,9,121.5831972,25.04604024
111,5,25,10,37,2,07信義區,信義區松隆路123巷與基隆路1段35巷7弄口,0,0,1,1,B03,6,1,5,30,4,1,1,4,4,5,7,4,4,5,5,5,2,10,1,36,3,10,1,1,7,9,1,8,2,8,,6,6,1,22,9,121.5716092,25.047949
111,5,25,10,37,2,07信義區,信義區松隆路123巷與基隆路1段35巷7弄口,0,0,1,2,C03,6,1,5,30,4,1,1,4,4,5,7,4,4,5,5,5,2,10,2,56,2,8,1,1,7,9,1,10,9,11,,14,6,1,22,9,121.5716092,25.047949
111,5,25,10,56,2,08士林區,士林區芝玉路1段與芝玉路1段223巷口,0,0,1,1,B03,6,1,5,50,4,1,1,4,4,5,7,4,4,10,5,5,1,16,1,70,3,10,1,1,7,9,1,8,1,2,,23,23,1,22,9,121.5336071,25.1089281
111,5,25,10,56,2,08士林區,士林區芝玉路1段與芝玉路1段223巷口,0,0,1,2,C03,6,1,5,50,4,1,1,4,4,5,7,4,4,10,5,5,1,16,1,56,2,9,1,1,7,5,1,10,1,14,,44,23,1,22,9,121.5336071,25.1089281
111,5,25,11,20,2,05中正區,中正區濟南路1段2-2號前,0,0,1,1,B03,6,1,5,50,3,2,1,4,4,5,7,4,4,8,3,5,2,9,1,47,3,10,1,1,7,5,1,8,1,8,,43,43,1,22,9,121.5203707,25.0429139
111,5,25,11,20,2,05中正區,中正區濟南路1段2-2號前,0,0,1,2,H01,6,1,5,50,3,2,1,4,4,5,7,4,4,8,3,5,2,9,1,58,2,9,1,1,8,16,8,20,1,15,,67,43,1,22,9,121.5203707,25.0429139
111,5,25,11,42,2,03中山區,中山區龍江路415巷與民族東路512巷口,0,0,3,1,C03,6,1,5,30,4,1,1,4,4,5,7,4,4,5,5,5,2,16,1,34,2,9,1,1,7,9,1,10,1,12,,6,6,1,22,9,121.5420008,25.0664042
111,5,25,11,42,2,03中山區,中山區龍江路415巷與民族東路512巷口,0,0,3,2,C03,6,1,5,30,4,1,1,4,4,5,7,4,4,5,5,5,2,16,1,19,2,7,1,1,7,9,1,10,1,11,,14,6,1,22,9,121.5420008,25.0664042
111,5,25,11,42,2,03中山區,中山區龍江路415巷與民族東路512巷口,0,0,3,3,H02,6,1,5,30,4,1,1,4,4,5,7,4,4,5,5,5,2,16,2,16,2,8,1,5,7,21,8,20,10,16,,67,6,1,22,9,121.5420008,25.0664042
111,5,25,11,51,2,05中正區,中正區濟南路1段3-1號,0,0,1,1,B03,6,1,5,50,14,9,1,4,4,5,7,4,4,8,3,5,2,17,1,40,3,10,1,1,7,5,1,8,1,8,,8,8,1,22,9,121.5211954,25.04275518
111,5,25,11,51,2,05中正區,中正區濟南路1段3-1號,0,0,1,2,C03,6,1,5,50,14,9,1,4,4,5,7,4,4,8,3,5,2,17,1,38,2,7,1,1,7,9,1,10,1,12,,44,8,1,22,9,121.5211954,25.04275518
111,5,25,13,1,2,12內湖區,內湖區陽光街與港墘路221巷口,0,0,1,1,B03,6,1,5,50,3,2,1,4,4,5,7,4,4,10,5,5,1,16,1,29,3,10,1,1,7,5,1,8,2,7,,8,8,1,22,9,121.5752829,25.0726634
111,5,25,13,1,2,12內湖區,內湖區陽光街與港墘路221巷口,0,0,1,2,C03,6,1,5,50,3,2,1,4,4,5,7,4,4,10,5,5,1,16,2,63,2,9,1,1,7,9,1,10,1,11,,44,8,1,22,9,121.5752829,25.0726634
111,5,25,13,37,2,08士林區,士林區延平北路6段511巷(電桿延平幹52L16),0,0,1,1,B12,6,1,5,30,14,9,1,4,4,5,7,4,4,10,5,5,1,16,1,44,3,10,1,1,7,1,1,8,2,1,,19,19,1,22,9,121.4976971,25.09320309
111,5,25,13,37,2,08士林區,士林區延平北路6段511巷(電桿延平幹52L16),0,0,1,2,C03,6,1,5,30,14,9,1,4,4,5,7,4,4,10,5,5,1,16,2,47,2,8,1,1,7,9,1,10,2,11,,44,19,1,22,9,121.4976971,25.09320309
111,5,25,13,52,2,05中正區,中正區福州街與牯嶺街口口,0,0,1,1,B03,6,1,5,50,4,1,1,4,4,5,7,1,1,5,5,5,1,17,1,45,3,10,1,1,7,5,1,8,2,4,,42,42,1,22,9,121.5177664,25.02830198
111,5,25,13,52,2,05中正區,中正區福州街與牯嶺街口口,0,0,1,2,C03,6,1,5,50,4,1,1,4,4,5,7,1,1,5,5,5,1,17,1,30,2,9,1,1,7,9,1,10,2,12,,44,42,1,22,9,121.5177664,25.02830198
111,5,25,14,49,2,04大安區,大安區新生南路3段19巷與和平東路2段18巷口,0,0,1,1,C03,6,1,5,30,4,1,1,4,4,5,7,4,4,9,5,5,1,15,1,24,2,9,3,4,7,9,1,10,1,14,,6,6,1,22,9,121.5359268,25.02496843
111,5,25,14,49,2,04大安區,大安區新生南路3段19巷與和平東路2段18巷口,0,0,1,2,B03,6,1,5,30,4,1,1,4,4,5,7,4,4,9,5,5,1,15,1,49,3,10,3,4,7,9,1,8,1,5,,14,6,1,22,9,121.5359268,25.02496843
111,5,25,15,15,2,03中山區,中山區松江路366號,0,0,1,1,B03,6,1,5,50,14,9,1,4,4,5,7,4,4,3,4,5,2,12,1,58,3,10,1,1,7,15,1,8,1,2,,23,23,1,22,9,121.5331187,25.06210984
111,5,25,15,15,2,03中山區,中山區松江路366號,0,0,1,2,F01,6,1,5,50,14,9,1,4,4,5,7,4,4,3,4,5,2,12,2,65,2,9,1,1,7,9,8,20,1,16,,44,23,1,22,9,121.5331187,25.06210984
111,5,25,15,35,2,04大安區,(愛國東路77號前),0,0,1,1,B02,6,1,5,30,14,18,1,4,4,5,7,2,1,10,5,5,2,3,1,61,3,10,1,1,7,5,1,8,1,4,,15,15,1,22,9,121.526779,25.03147697
111,5,25,15,35,2,04大安區,(愛國東路77號前),0,0,1,2,H01,6,1,5,30,14,18,1,4,4,5,7,2,1,10,5,5,2,3,1,73,2,8,4,5,8,16,8,20,10,16,,67,15,1,22,9,121.526779,25.03147697
111,5,25,15,40,2,05中正區,中正區中華路2段319號前,0,0,1,1,B01,6,1,5,40,14,7,1,4,4,5,7,4,4,9,4,4,2,12,1,61,3,10,1,1,7,14,1,8,1,4,,38,38,1,22,9,121.5062261,25.02764213
111,5,25,15,40,2,05中正區,中正區中華路2段319號前,0,0,1,2,G06,6,1,5,40,14,7,1,4,4,5,7,4,4,9,4,4,2,12,2,72,2,9,1,1,7,7,7,19,1,15,,42,38,1,22,9,121.5062261,25.02764213
111,5,25,15,40,2,05中正區,中正區中華路2段319號前,0,0,1,3,A02,6,1,5,40,14,7,1,4,4,5,7,4,4,9,4,4,2,12,1,50,3,10,1,1,7,9,1,2,1,5,,44,38,1,22,9,121.5062261,25.02764213
111,5,25,16,10,2,04大安區,大安區復興南路1段155巷與忠孝東路4段17巷口,0,0,1,1,B12,6,1,5,30,15,18,1,4,4,5,7,4,4,10,5,5,1,3,1,23,3,10,1,1,7,5,1,8,1,1,,15,15,1,22,9,121.5445344,25.042473
111,5,25,16,10,2,04大安區,大安區復興南路1段155巷與忠孝東路4段17巷口,0,0,1,2,H01,6,1,5,30,15,18,1,4,4,5,7,4,4,10,5,5,1,3,2,24,2,9,4,5,8,16,8,20,10,16,,67,15,1,22,9,121.5445344,25.042473