發生年度,發生月,發生日,發生時-Hours,發生分,處理別-編號,區序,肇事地點,死亡人數,2-30日死亡人數,受傷人數,當事人序號,車種,天候,光線,道路類別,速限-速度限制,道路型態,事故位置,路面狀況1,路面狀況2,路面狀況3,道路障礙1,道路障礙2,號誌1,號誌2,車道劃分-分向,車道劃分-分道1,車道劃分-分道2,車道劃分-分道3,事故類型及型態,性別,年齡,受傷程度,主要傷處,安全帽,行動電話,車輛用途,當事者行動狀態,駕駛資格情形,駕駛執照種類,飲酒情形,車輛撞擊部位1,車輛撞擊部位2,肇因碼-個別,肇因碼-主要,個人肇逃否,職業,旅次目的,座標-X,座標-Y
111,5,25,16,50,2,04大安區,大安區通化街106號,0,0,1,1,B03,6,1,5,50,14,9,1,4,4,5,7,4,4,4,4,5,1,16,1,68,3,10,3,4,7,9,1,8,1,2,,23,23,1,22,9,121.5539582,25.0295759
111,5,25,16,50,2,04大安區,大安區通化街106號,0,0,1,2,F06,6,1,5,50,14,9,1,4,4,5,7,4,4,4,4,5,1,16,2,83,2,9,3,4,7,9,8,20,1,16,,44,23,1,22,9,121.5539582,25.0295759
111,5,25,17,17,2,03中山區,中山區林森北路與錦州街口,0,0,1,1,C03,6,1,5,50,4,1,1,4,4,5,7,1,1,5,4,5,2,17,1,56,4,11,3,4,7,5,7,19,11,15,,8,8,2,22,9,121.5256027,25.0603151
111,5,25,17,17,2,03中山區,中山區林森北路與錦州街口,0,0,1,2,C03,6,1,5,50,4,1,1,4,4,5,7,1,1,5,4,5,2,17,2,27,2,9,1,1,7,12,1,10,1,14,,44,8,1,22,9,121.5256027,25.0603151
111,5,25,17,48,2,06松山區,松山區敦化北路與富錦街口,0,0,1,1,C03,6,3,5,30,14,8,2,4,4,5,7,4,4,3,4,3,2,16,2,30,2,9,1,1,7,6,1,10,1,13,,6,6,1,22,9,121.5505966,25.0606241
111,5,25,17,48,2,06松山區,松山區敦化北路與富錦街口,0,0,1,2,B01,6,3,5,30,14,8,2,4,4,5,7,4,4,3,4,3,2,16,1,61,3,10,1,1,7,9,1,4,1,5,,44,6,1,22,9,121.5505966,25.0606241
111,5,25,17,48,2,06松山區,松山區敦化北路與富錦街口,0,0,1,3,B02,6,3,5,30,14,8,2,4,4,5,7,4,4,3,4,3,2,16,1,49,3,10,1,1,7,14,1,8,1,4,,44,6,1,22,9,121.5505966,25.0606241
111,5,25,17,50,2,04大安區,大安區基隆路高架道敦化上方,0,0,1,1,B03,6,1,5,60,10,7,1,4,4,5,7,4,4,4,4,5,2,13,1,29,3,10,1,1,7,9,1,8,1,1,,16,16,1,22,9,121.5488053,25.02093911
111,5,25,17,50,2,04大安區,大安區基隆路高架道敦化上方,0,0,1,2,B03,6,1,5,60,10,7,1,4,4,5,7,4,4,4,4,5,2,13,2,36,2,2,1,1,7,9,1,8,1,3,,44,16,1,22,9,121.5488053,25.02093911
111,5,25,17,52,2,11南港區,南港區市民大道7段與東新街口,0,0,1,1,B03,6,3,5,50,4,2,1,4,4,5,7,2,1,3,3,5,2,13,1,39,3,10,3,4,7,9,1,8,1,1,,23,23,1,22,9,121.5837643,25.0497359
111,5,25,17,52,2,11南港區,南港區市民大道7段與東新街口,0,0,1,2,C02,6,3,5,50,4,2,1,4,4,5,7,2,1,3,3,5,2,13,1,30,2,9,3,4,7,14,1,9,1,13,,44,23,1,22,9,121.5837643,25.0497359
111,5,25,17,52,2,11南港區,南港區市民大道7段與東新街口,0,0,1,3,B03,6,3,5,50,4,2,1,4,4,5,7,2,1,3,3,5,2,13,2,51,3,10,3,4,7,14,1,8,1,6,,44,23,1,22,9,121.5837643,25.0497359
111,5,25,18,4,2,03中山區,中山區民權東路2段與吉林路口,0,0,1,1,B03,6,2,5,50,4,1,1,4,4,5,7,2,1,5,4,5,2,15,1,28,3,10,3,4,7,9,1,8,1,5,,25,25,1,22,9,121.5303357,25.0626674
111,5,25,18,4,2,03中山區,中山區民權東路2段與吉林路口,0,0,1,2,C03,6,2,5,50,4,1,1,4,4,5,7,2,1,5,4,5,2,15,2,54,2,9,3,4,7,1,1,10,1,14,,25,25,1,22,9,121.5303357,25.0626674
111,5,25,18,40,2,09北投區,北投區立農街1段與吉利街123巷口,0,0,2,1,C03,6,3,5,30,3,1,1,4,4,5,7,4,4,9,4,5,2,3,2,49,2,8,3,4,7,9,1,10,1,11,,6,6,1,22,9,121.5048034,25.1200209
111,5,25,18,40,2,09北投區,北投區立農街1段與吉利街123巷口,0,0,2,2,H01,6,3,5,30,3,1,1,4,4,5,7,4,4,9,4,5,2,3,1,30,2,8,4,5,8,16,8,20,10,16,,51,6,1,22,9,121.5048034,25.1200209
111,5,25,18,57,2,06松山區,松山區健康路325巷與健康路325巷24弄口,0,0,2,1,B01,6,3,5,30,4,1,1,4,4,5,7,4,4,5,5,5,2,15,1,56,3,10,1,1,7,9,1,4,1,1,,6,6,1,22,9,121.5671572,25.05648462
111,5,25,18,57,2,06松山區,松山區健康路325巷與健康路325巷24弄口,0,0,2,2,C03,6,3,5,30,4,1,1,4,4,5,7,4,4,5,5,5,2,15,2,30,2,8,1,1,7,9,1,10,1,14,,13,6,1,22,9,121.5671572,25.05648462
111,5,25,18,57,2,06松山區,松山區健康路325巷與健康路325巷24弄口,0,0,2,3,H02,6,3,5,30,4,1,1,4,4,5,7,4,4,5,5,5,2,15,2,29,2,8,1,5,7,21,8,20,10,16,,67,6,1,22,9,121.5671572,25.05648462
111,5,25,18,58,2,04大安區,大安區仁愛路4段與仁愛路4段151巷口,0,0,1,1,B02,6,1,5,30,3,1,1,4,4,5,7,4,4,8,3,5,2,17,2,36,3,10,1,1,7,6,1,8,1,15,,6,6,1,22,9,121.5517853,25.03797355
111,5,25,18,58,2,04大安區,大安區仁愛路4段與仁愛路4段151巷口,0,0,1,2,B02,6,1,5,30,3,1,1,4,4,5,7,4,4,8,3,5,2,17,1,36,3,10,1,1,7,9,1,8,1,6,,44,6,1,22,9,121.5517853,25.03797355
111,5,25,18,58,2,04大安區,大安區仁愛路4段與仁愛路4段151巷口,0,0,1,3,C03,6,1,5,30,3,1,1,4,4,5,7,4,4,8,3,5,2,17,2,27,2,8,1,1,7,9,1,10,1,14,,44,6,1,22,9,121.5517853,25.03797355
111,5,25,19,0,2,09北投區,北投區承德路7段與石牌路1段口,0,0,1,1,B03,6,3,5,60,4,1,1,4,4,5,7,1,1,1,4,5,1,1,2,57,3,10,1,1,7,5,1,8,1,8,,15,15,1,22,9,121.5092358,25.1126043
111,5,25,19,0,2,09北投區,北投區承德路7段與石牌路1段口,0,0,1,2,H01,6,3,5,60,4,1,1,4,4,5,7,1,1,1,4,5,1,1,2,19,2,9,4,5,8,16,8,20,10,16,,67,15,1,22,9,121.5092358,25.1126043
111,5,25,19,17,2,12內湖區,內湖區瑞光路300號車道出入口前,0,0,1,1,B02,6,3,5,50,14,9,1,4,4,5,7,4,4,1,4,5,2,12,1,43,3,10,1,1,7,6,1,8,1,5,,9,9,1,22,9,121.5746954,25.07609498
111,5,25,19,17,2,12內湖區,內湖區瑞光路300號車道出入口前,0,0,1,2,C03,6,3,5,50,14,9,1,4,4,5,7,4,4,1,4,5,2,12,2,27,2,8,1,1,7,9,1,10,1,14,,44,9,1,22,9,121.5746954,25.07609498
111,5,25,19,30,2,12內湖區,內湖區瑞光路190號,0,0,1,1,C03,6,3,5,50,14,9,1,4,3,5,7,4,4,5,5,5,2,18,2,35,2,9,1,1,7,9,1,10,1,12,,44,44,1,22,9,121.5776533,25.0746354
111,5,25,19,30,2,12內湖區,內湖區瑞光路190號,0,0,1,2,,6,3,5,50,14,9,1,4,3,5,7,4,4,5,5,5,2,18,3,,,,,,,,,,,,,61,44,1,,,121.5776533,25.0746354
111,5,25,21,26,2,03中山區,中山區民族西路花博停車場前,0,0,1,1,C03,6,3,5,50,10,9,1,4,3,5,7,4,4,4,3,5,1,29,2,59,2,8,1,4,7,9,1,10,2,12,,42,42,1,22,9,121.5208775,25.06854942
111,5,25,21,26,2,03中山區,中山區民族西路花博停車場前,0,0,1,2,,6,3,5,50,10,9,1,4,3,5,7,4,4,4,3,5,1,29,3,,,,,,,,,,,,,61,42,1,,,121.5208775,25.06854942
111,5,25,21,28,2,08士林區,士林區德行東路與忠誠路1段口,0,0,1,1,B03,6,3,5,0,4,1,1,4,4,5,7,1,1,1,4,5,2,17,1,51,3,10,1,1,7,5,1,8,1,5,,8,8,1,22,9,121.5301476,25.10826617
111,5,25,21,28,2,08士林區,士林區德行東路與忠誠路1段口,0,0,1,2,C03,6,3,5,0,4,1,1,4,4,5,7,1,1,1,4,5,2,17,2,22,2,8,1,1,7,9,1,10,1,12,,44,8,1,22,9,121.5301476,25.10826617
111,5,25,22,0,2,07信義區,(吳興街252號旁),0,0,1,1,B12,6,3,5,50,3,1,1,4,4,5,7,1,1,5,5,5,2,3,1,56,3,10,1,1,7,5,1,8,2,8,,15,15,1,22,9,121.5623337,25.0269918
111,5,25,22,0,2,07信義區,(吳興街252號旁),0,0,1,2,H01,6,3,5,50,3,1,1,4,4,5,7,1,1,5,5,5,2,3,2,27,2,7,4,5,8,16,8,20,10,16,,67,15,1,22,9,121.5623337,25.0269918
111,5,25,22,1,2,05中正區,中正區新生南路1段與八德路1段口口,0,0,1,1,B02,6,3,5,50,4,2,1,4,4,5,7,1,1,4,3,5,2,18,1,55,2,7,1,2,7,9,1,8,8,5,,23,23,1,22,9,121.5328184,25.04427543
111,5,25,22,1,2,05中正區,中正區新生南路1段與八德路1段口口,0,0,1,2,,6,3,5,50,4,2,1,4,4,5,7,1,1,4,3,5,2,18,3,,,,,,,,,,,,,67,23,1,,,121.5328184,25.04427543
111,5,25,22,25,2,10文山區,文山區木柵路1段與景美溪橋口,0,0,1,1,B03,6,3,5,50,3,1,1,4,4,5,7,1,1,5,5,5,2,16,1,31,3,10,1,1,7,6,1,8,1,2,,44,44,1,22,9,121.5453016,24.98683572
111,5,25,22,25,2,10文山區,文山區木柵路1段與景美溪橋口,0,0,1,2,C03,6,3,5,50,3,1,1,4,4,5,7,1,1,5,5,5,2,16,1,27,2,8,1,1,7,5,1,10,1,11,,23,44,1,22,9,121.5453016,24.98683572
111,5,25,22,38,2,02萬華區,萬華區開封街2段47號對面,0,0,1,1,H02,6,3,5,50,14,9,1,4,4,5,7,4,4,10,4,5,1,9,1,30,3,10,1,5,7,19,8,20,10,16,,56,56,1,22,9,121.5057958,25.04685978
111,5,25,22,38,2,02萬華區,萬華區開封街2段47號對面,0,0,1,2,C03,6,3,5,50,14,9,1,4,4,5,7,4,4,10,4,5,1,9,2,27,2,8,1,1,7,9,1,10,1,11,,44,56,1,22,9,121.5057958,25.04685978
111,5,25,22,38,2,02萬華區,萬華區開封街2段47號對面,0,0,1,3,B01,6,3,5,50,14,9,1,4,4,5,7,4,4,10,4,5,1,9,1,40,3,10,1,1,7,14,1,4,1,2,,40,56,1,22,9,121.5057958,25.04685978
111,5,25,22,55,2,03中山區,中山區市民大道2段與林森北路口,0,0,4,1,C03,6,3,5,40,4,2,1,4,4,5,7,1,1,1,3,5,1,12,2,23,3,10,1,1,7,5,1,10,1,14,,6,6,1,22,9,121.5242605,25.0480322
111,5,25,22,55,2,03中山區,中山區市民大道2段與林森北路口,0,0,4,2,C03,6,3,5,40,4,2,1,4,4,5,7,1,1,1,3,5,1,12,1,28,2,8,1,1,7,9,1,10,1,11,,44,6,1,22,9,121.5242605,25.0480322
111,5,25,22,55,2,03中山區,中山區市民大道2段與林森北路口,0,0,4,5,H02,6,3,5,40,4,2,1,4,4,5,7,1,1,1,3,5,1,12,2,28,2,8,4,5,7,17,8,20,10,16,,67,6,1,22,9,121.5242605,25.0480322
111,5,25,22,55,2,03中山區,中山區市民大道2段與林森北路口,0,0,4,3,C03,6,3,5,40,4,2,1,4,4,5,7,1,1,1,3,5,1,12,1,49,2,8,1,1,7,9,1,10,1,14,,43,6,1,22,9,121.5242605,25.0480322
111,5,25,22,55,2,03中山區,中山區市民大道2段與林森北路口,0,0,4,4,C03,6,3,5,40,4,2,1,4,4,5,7,1,1,1,3,5,1,12,1,19,2,7,1,1,7,9,1,10,1,11,,23,6,1,22,9,121.5242605,25.0480322
111,5,25,23,43,2,03中山區,中山區林森北路與南京東路1段口,0,0,1,1,C03,6,3,5,50,4,1,1,4,4,5,7,2,1,1,1,4,1,12,2,22,2,8,3,4,7,8,1,10,1,12,,7,7,1,22,9,121.5253878,25.05194978
111,5,25,23,43,2,03中山區,中山區林森北路與南京東路1段口,0,0,1,2,B01,6,3,5,50,4,1,1,4,4,5,7,2,1,1,1,4,1,12,1,55,3,10,3,4,7,9,1,4,1,8,,44,7,1,22,9,121.5253878,25.05194978
111,5,25,23,44,2,10文山區,文山區信義快速道路文山隧道(南往北),0,0,1,1,B12,6,3,5,70,14,7,2,4,4,5,7,4,4,6,1,5,1,29,1,39,2,9,3,4,7,9,1,8,2,5,,42,42,1,22,9,121.5780494,25.02110576
111,5,25,23,44,2,10文山區,文山區信義快速道路文山隧道(南往北),0,0,1,2,,6,3,5,70,14,7,2,4,4,5,7,4,4,6,1,5,1,29,3,,,,,,,,,,,,,67,42,1,,,121.5780494,25.02110576
111,5,26,0,4,2,11南港區,南港區忠孝東路6段與忠孝東路6段278巷口,0,0,1,1,B03,6,3,5,50,4,1,1,4,4,5,7,2,1,1,4,5,2,15,1,38,3,10,1,1,7,1,1,8,2,8,,19,19,1,22,9,121.5890793,25.0492176
111,5,26,0,4,2,11南港區,南港區忠孝東路6段與忠孝東路6段278巷口,0,0,1,2,C03,6,3,5,50,4,1,1,4,4,5,7,2,1,1,4,5,2,15,1,26,2,9,1,1,7,9,1,10,2,11,,44,19,1,22,9,121.5890793,25.0492176
111,5,26,6,8,2,06松山區,松山區市民大道4段139號,0,0,2,1,C03,6,1,5,40,14,9,1,4,4,5,7,4,4,1,3,5,2,17,1,58,2,9,1,1,7,9,4,6,1,12,,13,13,1,22,9,121.5504838,25.0448634
111,5,26,6,8,2,06松山區,松山區市民大道4段139號,0,0,2,2,B01,6,1,5,40,14,9,1,4,4,5,7,4,4,1,3,5,2,17,1,50,2,1,1,1,7,12,1,4,1,3,,42,13,1,22,9,121.5504838,25.0448634
111,5,26,7,3,2,10文山區,文山區景文街43號,0,0,1,1,H01,6,1,5,50,14,7,1,4,4,5,7,4,4,5,5,4,2,3,2,74,2,9,4,5,8,16,8,20,10,16,,51,51,1,22,9,121.5413517,24.99205019
111,5,26,7,3,2,10文山區,文山區景文街43號,0,0,1,2,C03,6,1,5,50,14,7,1,4,4,5,7,4,4,5,5,4,2,3,1,24,3,10,1,1,7,9,1,10,2,15,,44,51,1,22,9,121.5413517,24.99205019
111,5,26,7,11,2,09北投區,北投區大度路3段165之1號與大度路3段口,0,0,2,1,C03,6,1,5,50,3,2,1,4,4,5,7,1,1,9,4,5,1,12,1,27,3,10,1,1,7,9,1,10,2,11,,16,16,1,22,9,121.4715474,25.12273508
111,5,26,7,11,2,09北投區,北投區大度路3段165之1號與大度路3段口,0,0,2,2,C03,6,1,5,50,3,2,1,4,4,5,7,1,1,9,4,5,1,12,1,19,2,8,1,1,7,9,1,10,2,13,,44,16,1,22,9,121.4715474,25.12273508
111,5,26,7,11,2,09北投區,北投區大度路3段165之1號與大度路3段口,0,0,2,3,C03,6,1,5,50,3,2,1,4,4,5,7,1,1,9,4,5,1,12,1,31,2,8,1,1,7,9,1,10,2,11,,16,16,1,22,9,121.4715474,25.12273508
111,5,26,7,11,2,09北投區,北投區大度路3段165之1號與大度路3段口,0,0,2,4,C03,6,1,5,50,3,2,1,4,4,5,7,1,1,9,4,5,1,12,1,44,3,10,1,1,7,12,1,10,2,15,,14,16,1,22,9,121.4715474,25.12273508
111,5,26,7,34,2,11南港區,南港區研究院路1段與忠孝東路7段口,0,0,1,1,C03,6,1,5,50,3,1,1,4,4,5,7,2,1,1,4,5,2,16,1,67,3,10,3,4,7,1,1,10,2,15,,19,19,1,22,9,121.6163402,25.05320217
111,5,26,7,34,2,11南港區,南港區研究院路1段與忠孝東路7段口,0,0,1,2,C03,6,1,5,50,3,1,1,4,4,5,7,2,1,1,4,5,2,16,1,55,2,9,3,4,7,9,1,10,2,15,,44,19,1,22,9,121.6163402,25.05320217
111,5,26,8,10,2,09北投區,北投區石牌路1段69號,0,0,1,1,C03,6,1,5,50,14,9,1,4,4,5,7,4,4,9,4,5,1,12,1,26,2,8,1,1,7,9,1,10,1,11,,43,43,1,22,9,121.5111249,25.1135319
111,5,26,8,10,2,09北投區,北投區石牌路1段69號,0,0,1,2,B03,6,1,5,50,14,9,1,4,4,5,7,4,4,9,4,5,1,12,1,43,3,10,1,1,7,9,1,8,1,3,,43,43,1,22,9,121.5111249,25.1135319
111,5,26,8,15,2,10文山區,文山區興隆路2段200號對面,0,0,1,1,A41,6,1,5,50,14,9,1,4,4,5,7,4,4,1,4,5,2,12,1,26,3,10,1,4,7,9,1,1,2,2,,17,17,1,22,9,121.5519946,25.0018136
111,5,26,8,15,2,10文山區,文山區興隆路2段200號對面,0,0,1,2,C03,6,1,5,50,14,9,1,4,4,5,7,4,4,1,4,5,2,12,2,34,2,8,1,4,7,9,1,10,2,14,,17,17,1,22,9,121.5519946,25.0018136
111,5,26,8,15,2,10文山區,文山區興隆路2段200號對面,0,0,1,3,B03,6,1,5,50,14,9,1,4,4,5,7,4,4,1,4,5,2,12,2,55,3,10,1,4,7,13,1,8,11,7,,44,17,1,22,9,121.5519946,25.0018136
111,5,26,8,26,2,07信義區,信義區逸仙路與逸仙路50巷口,0,0,1,1,B01,6,1,5,30,14,9,1,4,4,5,7,4,4,9,4,5,2,17,1,64,3,10,3,4,7,5,1,4,9,15,,6,6,1,22,9,121.5616513,25.0406218
111,5,26,8,26,2,07信義區,信義區逸仙路與逸仙路50巷口,0,0,1,2,C03,6,1,5,30,14,9,1,4,4,5,7,4,4,9,4,5,2,17,1,20,2,9,3,4,7,9,1,10,9,14,,13,6,1,22,9,121.5616513,25.0406218
111,5,26,8,35,2,01大同區,大同區環河北路2段與昌吉街口,0,0,1,1,B12,6,1,5,50,3,1,1,4,4,5,7,4,4,1,4,5,2,17,1,61,4,11,3,4,7,6,7,19,11,15,,9,9,2,22,9,121.5088862,25.06583082
111,5,26,8,35,2,01大同區,大同區環河北路2段與昌吉街口,0,0,1,2,C03,6,1,5,50,3,1,1,4,4,5,7,4,4,1,4,5,2,17,1,37,2,9,1,1,7,9,1,10,1,12,,13,9,1,22,9,121.5088862,25.06583082
111,5,26,8,40,2,10文山區,文山區羅斯福路5段與興隆路1段口,0,0,2,1,C03,6,1,5,50,4,1,1,4,4,5,7,1,1,1,4,5,2,15,1,49,2,8,1,1,7,1,1,10,2,14,,25,25,1,22,9,121.5386652,25.0043768
111,5,26,8,40,2,10文山區,文山區羅斯福路5段與興隆路1段口,0,0,2,2,C03,6,1,5,50,4,1,1,4,4,5,7,1,1,1,4,5,2,15,2,27,2,9,1,1,7,9,1,10,2,11,,13,25,1,22,9,121.5386652,25.0043768
111,5,26,8,45,2,09北投區,北投區石牌路1段188號,0,0,1,1,B12,7,1,5,50,14,9,1,4,4,5,7,1,1,5,4,5,2,17,1,35,3,10,1,1,7,9,1,8,1,5,,16,16,1,22,9,121.514632,25.11498541
111,5,26,8,45,2,09北投區,北投區石牌路1段188號,0,0,1,2,B12,7,1,5,50,14,9,1,4,4,5,7,1,1,5,4,5,2,17,1,63,3,10,1,1,7,7,1,8,1,15,,7,16,1,22,9,121.514632,25.11498541
111,5,26,8,45,2,09北投區,北投區石牌路1段188號,0,0,1,3,C03,7,1,5,50,14,9,1,4,4,5,7,1,1,5,4,5,2,17,1,70,2,8,1,1,7,7,1,10,1,13,,44,16,1,22,9,121.514632,25.11498541
111,5,26,8,50,2,03中山區,中山區新生北路3段與民權東路3段口,0,0,2,1,C03,6,1,5,50,4,2,1,4,4,5,7,1,1,1,4,5,2,16,1,48,3,10,1,1,7,7,1,10,1,12,,7,7,1,22,9,121.5279854,25.06271658
111,5,26,8,50,2,03中山區,中山區新生北路3段與民權東路3段口,0,0,2,2,B03,6,1,5,50,4,2,1,4,4,5,7,1,1,1,4,5,2,16,2,66,3,10,1,1,7,14,1,8,1,7,,44,7,1,22,9,121.5279854,25.06271658
111,5,26,8,50,2,03中山區,中山區新生北路3段與民權東路3段口,0,0,2,3,C03,6,1,5,50,4,2,1,4,4,5,7,1,1,1,4,5,2,16,1,30,2,9,1,1,7,9,1,10,1,11,,16,7,1,22,9,121.5279854,25.06271658
111,5,26,8,50,2,03中山區,中山區新生北路3段與民權東路3段口,0,0,2,4,C03,6,1,5,50,4,2,1,4,4,5,7,1,1,1,4,5,2,16,1,33,2,8,1,1,7,9,1,10,1,12,,42,7,1,22,9,121.5279854,25.06271658
111,5,26,9,0,2,01大同區,大同區承德路3段286號,0,0,1,1,B01,6,1,5,50,14,9,1,4,4,5,7,4,4,1,4,5,2,17,1,59,3,10,1,1,7,8,1,4,2,15,,7,7,1,22,9,121.5194728,25.0738319
111,5,26,9,0,2,01大同區,大同區承德路3段286號,0,0,1,2,C03,6,1,5,50,14,9,1,4,4,5,7,4,4,1,4,5,2,17,2,39,2,9,1,1,7,9,1,10,2,11,,16,7,1,22,9,121.5194728,25.0738319
111,5,26,9,0,2,01大同區,大同區承德路3段286號,0,0,1,3,C03,6,1,5,50,14,9,1,4,4,5,7,4,4,1,4,5,2,17,1,45,3,10,1,1,7,9,1,9,2,13,,44,7,1,22,9,121.5194728,25.0738319
111,5,26,9,0,2,01大同區,大同區承德路3段286號,0,0,1,4,H01,6,1,5,50,14,9,1,4,4,5,7,4,4,1,4,5,2,17,2,52,4,11,4,5,8,21,8,20,11,16,,67,7,2,22,9,121.5194728,25.0738319
111,5,26,9,4,2,12內湖區,內湖區康樂街與康樂街162巷口,0,0,1,1,B03,7,1,5,50,3,1,1,4,4,5,7,4,4,5,5,5,2,3,1,32,3,10,1,1,7,6,1,8,2,5,,15,15,1,22,9,121.6193895,25.07294445
111,5,26,9,4,2,12內湖區,內湖區康樂街與康樂街162巷口,0,0,1,2,H01,7,1,5,50,3,1,1,4,4,5,7,4,4,5,5,5,2,3,2,67,2,9,4,5,8,18,8,20,1,16,,53,15,1,22,9,121.6193895,25.07294445
111,5,26,9,5,2,11南港區,南港區弘道橋與大坑街口,0,0,1,1,B01,7,1,5,50,3,2,1,4,4,5,7,4,4,8,5,5,2,16,1,56,3,10,3,4,7,5,1,4,1,1,,8,8,1,22,9,121.616392,25.04879807
111,5,26,9,5,2,11南港區,南港區弘道橋與大坑街口,0,0,1,2,C03,7,1,5,50,3,2,1,4,4,5,7,4,4,8,5,5,2,16,2,29,2,8,3,4,7,9,1,10,1,14,,14,8,1,22,9,121.616392,25.04879807
111,5,26,9,17,2,12內湖區,內湖區舊宗路2段1號前,0,0,6,1,C03,7,1,5,50,14,9,1,5,4,5,7,4,4,1,4,5,2,17,2,26,2,8,1,1,7,10,1,10,1,12,,7,7,1,22,9,121.5747396,25.06716176
111,5,26,9,17,2,12內湖區,內湖區舊宗路2段1號前,0,0,6,2,C03,7,1,5,50,14,9,1,5,4,5,7,4,4,1,4,5,2,17,1,29,2,8,1,1,7,9,1,10,1,14,,44,7,1,22,9,121.5747396,25.06716176
111,5,26,9,17,2,12內湖區,內湖區舊宗路2段1號前,0,0,6,3,C03,7,1,5,50,14,9,1,5,4,5,7,4,4,1,4,5,2,17,1,49,2,9,1,1,7,9,1,10,1,14,,44,7,1,22,9,121.5747396,25.06716176
111,5,26,9,17,2,12內湖區,內湖區舊宗路2段1號前,0,0,6,4,C03,7,1,5,50,14,9,1,5,4,5,7,4,4,1,4,5,2,17,2,43,2,9,1,1,7,9,1,10,1,11,,44,7,1,22,9,121.5747396,25.06716176
111,5,26,9,17,2,12內湖區,內湖區舊宗路2段1號前,0,0,6,5,C03,7,1,5,50,14,9,1,5,4,5,7,4,4,1,4,5,2,17,2,27,2,5,1,1,7,9,1,10,1,13,,44,7,1,22,9,121.5747396,25.06716176
111,5,26,9,17,2,12內湖區,內湖區舊宗路2段1號前,0,0,6,6,C03,7,1,5,50,14,9,1,5,4,5,7,4,4,1,4,5,2,17,1,38,2,9,1,1,7,15,1,10,1,11,,23,7,1,22,9,121.5747396,25.06716176
111,5,26,9,27,2,05中正區,中正區重慶南路1段與漢口街1段口口,0,0,1,1,C03,8,1,5,50,4,2,1,5,4,5,7,2,1,9,4,5,1,16,2,49,2,9,1,1,7,5,1,10,1,14,,8,8,1,21,5,121.513269,25.0452674
111,5,26,9,27,2,05中正區,中正區重慶南路1段與漢口街1段口口,0,0,1,2,C03,8,1,5,50,4,2,1,5,4,5,7,2,1,9,4,5,1,16,1,45,3,10,1,1,7,9,1,10,1,11,,23,8,1,21,1,121.513269,25.0452674
111,5,26,9,30,2,07信義區,信義區和平東路3段與嘉興街口,0,0,1,1,A11,6,1,5,50,4,1,1,4,4,5,7,2,1,3,4,5,2,11,1,56,3,10,1,1,7,5,1,3,2,10,,6,6,1,22,9,121.5540477,25.0230425
111,5,26,9,30,2,07信義區,信義區和平東路3段與嘉興街口,0,0,1,2,C03,6,1,5,50,4,1,1,4,4,5,7,2,1,3,4,5,2,11,1,21,2,8,1,1,7,9,1,10,2,12,,13,6,1,22,9,121.5540477,25.0230425
111,5,26,9,37,2,09北投區,北投區明德路與榮華二路口,0,0,1,1,C03,8,1,5,50,3,2,1,5,4,5,7,1,1,9,4,5,1,17,1,66,3,10,1,1,7,1,1,10,11,15,,19,19,2,22,9,121.522151,25.1136496
111,5,26,9,37,2,09北投區,北投區明德路與榮華二路口,0,0,1,2,C04,8,1,5,50,3,2,1,5,4,5,7,1,1,9,4,5,1,17,2,35,2,7,1,1,7,9,1,11,1,12,,14,19,1,22,9,121.522151,25.1136496
111,5,26,9,40,2,03中山區,中山區長春路306號,0,0,2,1,B12,8,1,5,50,14,8,1,5,4,5,7,4,4,5,5,4,2,16,1,32,3,10,3,4,7,8,1,8,1,5,,7,7,1,22,9,121.5400379,25.0546347
111,5,26,9,40,2,03中山區,中山區長春路306號,0,0,2,2,C03,8,1,5,50,14,8,1,5,4,5,7,4,4,5,5,4,2,16,2,23,2,9,3,4,7,9,1,10,1,14,,44,7,1,22,9,121.5400379,25.0546347
111,5,26,9,40,2,03中山區,中山區長春路306號,0,0,2,3,H02,8,1,5,50,14,8,1,5,4,5,7,4,4,5,5,4,2,16,2,22,2,9,1,5,7,20,8,20,10,16,,67,7,1,22,9,121.5400379,25.0546347
111,5,26,9,51,2,04大安區,大安區和平東路1段與龍泉街口,0,0,1,1,B12,8,1,5,50,15,19,1,5,4,5,7,4,4,10,5,5,1,3,1,53,3,10,1,1,7,6,1,7,1,1,,15,15,1,22,9,121.5293672,25.0262183
111,5,26,9,51,2,04大安區,大安區和平東路1段與龍泉街口,0,0,1,2,H01,8,1,5,50,15,19,1,5,4,5,7,4,4,10,5,5,1,3,2,52,2,9,4,5,8,16,8,20,10,16,,67,15,1,22,9,121.5293672,25.0262183
111,5,26,9,52,2,07信義區,信義區崇德街與信安街口,0,0,1,1,B03,7,1,5,50,4,1,1,4,4,5,7,1,1,4,5,5,1,17,1,30,3,10,3,4,7,5,1,8,1,1,,8,8,1,22,9,121.5558148,25.0240441
111,5,26,9,52,2,07信義區,信義區崇德街與信安街口,0,0,1,2,C03,7,1,5,50,4,1,1,4,4,5,7,1,1,4,5,5,1,17,2,27,2,9,1,1,7,9,1,10,1,14,,44,8,1,22,9,121.5558148,25.0240441
111,5,26,10,2,2,04大安區,大安區復興南路1段390號,0,0,2,1,C03,7,1,5,50,14,9,1,5,4,5,7,4,4,1,4,1,2,16,2,31,2,9,1,1,7,8,1,10,1,12,,7,7,1,22,9,121.5433029,25.0337025
111,5,26,10,2,2,04大安區,大安區復興南路1段390號,0,0,2,2,C03,7,1,5,50,14,9,1,5,4,5,7,4,4,1,4,1,2,16,1,32,2,9,1,1,7,9,1,10,1,11,,44,7,1,22,9,121.5433029,25.0337025