發生年度,發生月,發生日,發生時-Hours,發生分,處理別-編號,區序,肇事地點,死亡人數,2-30日死亡人數,受傷人數,當事人序號,車種,天候,光線,道路類別,速限-速度限制,道路型態,事故位置,路面狀況1,路面狀況2,路面狀況3,道路障礙1,道路障礙2,號誌1,號誌2,車道劃分-分向,車道劃分-分道1,車道劃分-分道2,車道劃分-分道3,事故類型及型態,性別,年齡,受傷程度,主要傷處,安全帽,行動電話,車輛用途,當事者行動狀態,駕駛資格情形,駕駛執照種類,飲酒情形,車輛撞擊部位1,車輛撞擊部位2,肇因碼-個別,肇因碼-主要,個人肇逃否,職業,旅次目的,座標-X,座標-Y
111,5,26,10,15,2,07信義區,信義區松山路287巷3弄與松山路287巷口,0,0,3,1,C03,6,1,5,30,4,1,1,4,4,5,7,4,4,10,5,5,2,15,1,48,2,7,3,4,7,9,1,10,1,11,,23,23,1,22,9,121.5783874,25.0428968
111,5,26,10,15,2,07信義區,信義區松山路287巷3弄與松山路287巷口,0,0,3,2,C03,6,1,5,30,4,1,1,4,4,5,7,4,4,10,5,5,2,15,1,43,2,7,3,4,7,9,1,10,1,11,,6,23,1,22,9,121.5783874,25.0428968
111,5,26,10,15,2,07信義區,信義區松山路287巷3弄與松山路287巷口,0,0,3,3,H02,6,1,5,30,4,1,1,4,4,5,7,4,4,10,5,5,2,15,2,66,2,7,3,5,7,20,8,20,10,16,,67,23,1,22,9,121.5783874,25.0428968
111,5,26,10,44,2,08士林區,士林區延平北路6段與社子街口,0,0,1,1,B03,6,1,5,50,5,2,1,4,4,5,7,2,1,9,4,5,2,12,2,37,3,10,1,1,7,9,1,8,1,4,,6,6,1,22,9,121.5048665,25.08935634
111,5,26,10,44,2,08士林區,士林區延平北路6段與社子街口,0,0,1,2,C03,6,1,5,50,5,2,1,4,4,5,7,2,1,9,4,5,2,12,1,46,2,9,1,1,7,9,1,10,1,12,,17,6,1,22,9,121.5048665,25.08935634
111,5,26,10,55,2,07信義區,信義區松智路1號市府東大門,0,0,1,1,C03,6,1,5,50,14,9,1,4,4,5,7,2,1,4,3,5,2,12,1,30,2,7,3,4,7,7,1,10,1,14,,7,7,1,22,9,121.5655446,25.0374166
111,5,26,10,55,2,07信義區,信義區松智路1號市府東大門,0,0,1,2,B01,6,1,5,50,14,9,1,4,4,5,7,2,1,4,3,5,2,12,1,65,3,10,3,4,7,9,1,4,1,2,,23,7,1,22,9,121.5655446,25.0374166
111,5,26,11,0,2,01大同區,大同區長安西路與塔城街口口,0,0,1,1,C03,8,1,5,50,14,9,1,5,4,5,7,3,1,5,2,5,2,12,2,29,2,6,2,4,7,8,1,10,1,13,,7,7,1,22,9,121.5104337,25.0520235
111,5,26,11,0,2,01大同區,大同區長安西路與塔城街口口,0,0,1,2,B03,8,1,5,50,14,9,1,5,4,5,7,3,1,5,2,5,2,12,1,70,3,10,3,4,7,9,1,8,1,5,,44,7,1,22,9,121.5104337,25.0520235
111,5,26,11,2,2,01大同區,大同區承德路2段26號,0,0,1,1,B03,7,1,5,50,14,9,1,4,4,5,7,4,4,1,4,5,2,17,1,63,3,10,1,4,7,1,1,7,2,15,,19,19,1,22,9,121.5181101,25.05567432
111,5,26,11,2,2,01大同區,大同區承德路2段26號,0,0,1,2,C03,7,1,5,50,14,9,1,4,4,5,7,4,4,1,4,5,2,17,1,36,2,9,1,4,7,9,1,10,2,14,,42,19,1,22,9,121.5181101,25.05567432
111,5,26,11,20,2,11南港區,南港區福德街373巷南港國宅三到四站之間,0,0,1,2,H02,8,1,5,30,11,9,1,5,4,5,7,4,4,4,5,5,2,9,2,66,2,6,3,1,7,20,8,20,10,16,,67,43,1,22,9,121.593412,25.03893392
111,5,26,11,20,2,11南港區,南港區福德街373巷南港國宅三到四站之間,0,0,1,1,A02,8,1,5,30,11,9,1,5,4,5,7,4,4,4,5,5,2,9,1,45,3,10,1,1,7,6,1,2,9,15,,43,43,1,22,9,121.593412,25.03893392
111,5,26,11,29,2,03中山區,中山區建國北路2段226巷41號與建國北路2段226巷口,0,0,1,1,C03,6,1,5,30,4,1,1,4,4,5,7,4,4,10,5,5,2,15,2,29,2,8,1,1,7,9,1,10,1,11,,6,6,1,22,9,121.5360892,25.0610446
111,5,26,11,29,2,03中山區,中山區建國北路2段226巷41號與建國北路2段226巷口,0,0,1,2,B02,6,1,5,30,4,1,1,4,4,5,7,4,4,10,5,5,2,15,1,24,3,10,1,1,7,9,1,8,1,8,,14,6,1,22,9,121.5360892,25.0610446
111,5,26,11,54,2,01大同區,大同區迪化街2段172巷與迪化街口側附近2段口,0,0,2,1,C03,7,1,5,30,4,1,1,4,4,5,7,3,1,9,4,5,2,17,1,57,2,9,2,4,7,9,1,10,1,14,,43,43,1,22,9,121.5097648,25.0671651
111,5,26,11,54,2,01大同區,大同區迪化街2段172巷與迪化街口側附近2段口,0,0,2,2,C03,7,1,5,30,4,1,1,4,4,5,7,3,1,9,4,5,2,17,1,36,2,8,1,4,7,9,1,10,1,11,,43,43,1,22,9,121.5097648,25.0671651
111,5,26,11,55,2,06松山區,松山區民權東路3段164號,0,0,1,1,C03,6,1,5,50,14,9,1,4,4,5,7,4,4,3,4,5,2,13,1,26,2,9,1,1,7,9,1,10,2,11,,16,16,1,22,9,121.5484377,25.06186218
111,5,26,11,55,2,06松山區,松山區民權東路3段164號,0,0,1,2,B03,6,1,5,50,14,9,1,4,4,5,7,4,4,3,4,5,2,13,1,64,3,10,1,1,7,14,1,8,2,6,,44,16,1,22,9,121.5484377,25.06186218
111,5,26,12,5,2,10文山區,文山區木柵路1段91號前,0,0,1,1,B03,7,1,5,50,14,9,1,5,4,3,7,1,1,4,5,5,2,16,1,45,3,10,1,1,7,1,1,8,1,2,,23,23,1,22,9,121.5474166,24.98703522
111,5,26,12,5,2,10文山區,文山區木柵路1段91號前,0,0,1,2,B03,7,1,5,50,14,9,1,5,4,3,7,1,1,4,5,5,2,16,1,46,3,10,1,1,7,13,1,8,1,15,,38,23,1,22,9,121.5474166,24.98703522
111,5,26,12,5,2,10文山區,文山區木柵路1段91號前,0,0,1,3,C03,7,1,5,50,14,9,1,5,4,3,7,1,1,4,5,5,2,16,2,59,2,9,1,1,7,7,1,10,1,14,,7,23,1,22,9,121.5474166,24.98703522
111,5,26,12,12,2,02萬華區,萬華區東園街與萬大路口,0,0,1,1,B12,6,1,5,30,4,1,1,4,4,5,7,1,1,8,3,5,2,16,1,47,3,10,3,4,7,5,3,18,4,2,,21,21,1,22,9,121.4986577,25.02156631
111,5,26,12,12,2,02萬華區,萬華區東園街與萬大路口,0,0,1,2,C03,6,1,5,30,4,1,1,4,4,5,7,1,1,8,3,5,2,16,2,40,2,9,1,4,7,9,1,10,9,11,,13,21,1,22,9,121.4986577,25.02156631
111,5,26,12,16,2,12內湖區,內湖區金龍路與金龍路13巷口,0,0,2,1,C03,6,1,5,50,3,1,1,4,4,5,7,4,4,5,4,4,2,11,1,32,3,10,2,1,7,5,1,10,2,12,,23,23,1,22,9,121.5948809,25.0845782
111,5,26,12,16,2,12內湖區,內湖區金龍路與金龍路13巷口,0,0,2,2,C03,6,1,5,50,3,1,1,4,4,5,7,4,4,5,4,4,2,11,1,20,2,9,1,1,7,9,1,10,2,11,,13,23,2,22,9,121.5948809,25.0845782
111,5,26,12,16,2,12內湖區,內湖區金龍路與金龍路13巷口,0,0,2,3,H02,6,1,5,50,3,1,1,4,4,5,7,4,4,5,4,4,2,11,2,38,2,9,1,1,7,20,8,20,10,15,,67,23,1,22,9,121.5948809,25.0845782
111,5,26,12,34,2,06松山區,松山區新東街3巷與延壽街119巷口,0,0,2,2,C03,6,1,5,30,4,1,5,4,4,5,7,4,4,10,5,5,2,15,1,31,2,9,1,1,7,9,1,10,1,11,,42,6,1,22,9,121.5648283,25.05750468
111,5,26,12,34,2,06松山區,松山區新東街3巷與延壽街119巷口,0,0,2,1,C03,6,1,5,30,4,1,5,4,4,5,7,4,4,10,5,5,2,15,1,50,2,5,1,1,7,9,1,10,1,12,,6,6,1,22,9,121.5648283,25.05750468
111,5,26,13,30,2,10文山區,文山區下崙路與下崙路33巷口,0,0,1,1,B03,6,1,5,50,3,1,1,4,4,5,7,4,4,5,2,5,2,17,1,20,3,10,3,4,7,5,1,8,1,8,,6,6,1,22,9,121.5585149,24.98636272
111,5,26,13,30,2,10文山區,文山區下崙路與下崙路33巷口,0,0,1,2,C03,6,1,5,50,3,1,1,4,4,5,7,4,4,5,2,5,2,17,1,38,2,9,1,4,7,9,1,10,1,12,,42,6,1,22,9,121.5585149,24.98636272
111,5,26,13,36,2,07信義區,信義區莊敬路242號,0,0,1,1,C03,1,1,5,50,14,7,1,4,4,5,7,1,1,5,5,4,2,11,1,30,2,8,1,1,7,5,1,10,1,12,,6,6,1,22,9,121.5623291,25.02948616
111,5,26,13,36,2,07信義區,信義區莊敬路242號,0,0,1,2,B03,1,1,5,50,14,7,1,4,4,5,7,1,1,5,5,4,2,11,2,52,3,10,1,1,7,9,1,8,1,1,,44,6,1,22,9,121.5623291,25.02948616
111,5,26,14,5,2,08士林區,士林區中山北路6段126號前,0,0,2,1,C03,6,1,5,50,14,9,1,4,4,5,7,4,4,10,5,5,1,16,2,30,2,9,1,1,7,8,1,10,1,12,,6,6,1,22,9,121.5249159,25.10581553
111,5,26,14,5,2,08士林區,士林區中山北路6段126號前,0,0,2,2,C03,6,1,5,50,14,9,1,4,4,5,7,4,4,10,5,5,1,16,1,71,2,9,1,1,7,9,1,10,1,14,,44,6,1,22,9,121.5249159,25.10581553
111,5,26,14,29,2,05中正區,中正區羅斯福路3段244巷10弄與羅斯福路3段284巷口口,0,0,1,1,C03,6,1,5,30,4,1,1,4,4,5,7,4,4,10,5,5,1,15,1,23,2,9,1,1,7,9,1,10,2,12,,6,6,1,22,9,121.5315781,25.01591758
111,5,26,14,29,2,05中正區,中正區羅斯福路3段244巷10弄與羅斯福路3段284巷口口,0,0,1,2,B01,6,1,5,30,4,1,1,4,4,5,7,4,4,10,5,5,1,15,1,57,3,10,1,1,7,9,1,4,2,5,,14,6,1,22,9,121.5315781,25.01591758
111,5,26,15,23,2,06松山區,松山區復興北路231巷與復興北路口,0,0,1,1,C03,6,1,5,50,14,9,1,4,4,5,7,4,4,1,4,5,2,17,1,20,2,9,1,1,7,9,1,10,2,15,,13,13,1,22,9,121.5442119,25.057034
111,5,26,15,23,2,06松山區,松山區復興北路231巷與復興北路口,0,0,1,2,B03,6,1,5,50,14,9,1,4,4,5,7,4,4,1,4,5,2,17,2,53,3,10,1,1,7,7,1,8,2,15,,7,13,1,22,9,121.5442119,25.057034
111,5,26,16,2,2,03中山區,中山區中山北路2段77巷47號,0,0,1,1,B03,6,1,5,30,14,9,1,4,4,5,7,4,4,10,5,5,2,12,1,30,3,10,3,4,7,7,1,8,1,8,,7,7,1,22,9,121.5251211,25.0574399
111,5,26,16,2,2,03中山區,中山區中山北路2段77巷47號,0,0,1,2,C03,6,1,5,30,14,9,1,4,4,5,7,4,4,10,5,5,2,12,1,32,3,10,3,4,7,9,1,10,1,12,,4,7,1,22,9,121.5251211,25.0574399
111,5,26,16,2,2,03中山區,中山區中山北路2段77巷47號,0,0,1,3,H02,6,1,5,30,14,9,1,4,4,5,7,4,4,10,5,5,2,12,2,27,2,8,4,5,7,20,8,20,10,16,,67,7,1,22,9,121.5251211,25.0574399
111,5,26,16,19,2,09北投區,北投區湖底路10-9號附近側附近,0,0,1,1,C03,6,1,5,30,11,9,1,4,4,5,7,4,4,10,5,5,2,18,1,24,2,9,1,1,7,9,1,10,1,11,,43,43,1,22,9,121.5368668,25.1468203
111,5,26,16,19,2,09北投區,北投區湖底路10-9號附近側附近,0,0,1,2,,6,1,5,30,11,9,1,4,4,5,7,4,4,10,5,5,2,18,3,,,,,,,,,,10,,,67,43,1,,,121.5368668,25.1468203
111,5,26,16,23,2,12內湖區,內湖區民權東路6段與堤頂大道1段口,0,0,1,1,B03,6,2,5,70,3,2,1,4,4,5,7,1,1,10,5,5,2,13,1,25,3,10,1,1,7,9,1,8,1,1,,23,23,1,22,9,121.5722287,25.06510949
111,5,26,16,23,2,12內湖區,內湖區民權東路6段與堤頂大道1段口,0,0,1,2,B02,6,2,5,70,3,2,1,4,4,5,7,1,1,10,5,5,2,13,2,44,2,1,1,1,7,14,1,8,1,3,,44,23,1,22,9,121.5722287,25.06510949
111,5,26,16,30,2,05中正區,中正區臨沂街45巷與臨沂街口口,0,0,1,1,B12,6,1,5,30,4,2,1,4,4,5,7,4,4,9,5,5,1,3,1,32,3,10,1,1,7,5,1,8,2,8,,23,23,1,21,1,121.529472,25.0389435
111,5,26,16,30,2,05中正區,中正區臨沂街45巷與臨沂街口口,0,0,1,2,H01,6,1,5,30,4,2,1,4,4,5,7,4,4,9,5,5,1,3,1,73,2,9,4,5,8,16,8,20,10,16,,67,23,1,19,5,121.529472,25.0389435
111,5,26,16,41,2,12內湖區,(瑞光路548巷),0,0,1,1,C03,6,1,5,50,14,9,1,4,4,5,7,4,4,9,4,5,2,16,1,39,2,7,1,1,7,1,1,10,1,12,,19,19,1,22,9,121.5671825,25.07921944
111,5,26,16,41,2,12內湖區,(瑞光路548巷),0,0,1,2,B03,6,1,5,50,14,9,1,4,4,5,7,4,4,9,4,5,2,16,1,50,3,10,1,1,7,7,1,8,1,4,,23,19,1,22,9,121.5671825,25.07921944
111,5,26,17,3,2,08士林區,士林區中山北路6段與中山北路6段776巷口,0,0,1,1,B02,6,1,5,50,3,2,1,4,4,5,7,1,1,1,4,5,2,17,1,69,4,11,3,4,7,6,7,19,11,15,,9,9,2,22,9,121.5285916,25.11638271
111,5,26,17,3,2,08士林區,士林區中山北路6段與中山北路6段776巷口,0,0,1,2,C03,6,1,5,50,3,2,1,4,4,5,7,1,1,1,4,5,2,17,1,39,2,2,1,1,7,9,3,18,1,14,,13,9,1,22,9,121.5285916,25.11638271
111,5,26,17,7,2,01大同區,大同區民生西路與赤峰街口,0,0,1,1,C03,6,1,5,50,4,1,1,4,4,5,7,4,4,8,3,5,1,17,2,30,4,11,3,4,7,15,7,19,11,15,,6,6,2,22,9,121.5197166,25.0575445
111,5,26,17,7,2,01大同區,大同區民生西路與赤峰街口,0,0,1,2,C03,6,1,5,50,4,1,1,4,4,5,7,4,4,8,3,5,1,17,1,53,2,8,1,1,7,9,1,10,1,14,,42,6,1,22,9,121.5197166,25.0575445
111,5,26,17,25,2,01大同區,大同區民權西路108號,0,0,1,1,C03,6,3,5,50,14,9,1,4,4,5,7,4,4,9,4,5,2,13,1,30,3,10,1,1,7,8,1,10,1,13,,7,7,1,22,9,121.5171102,25.06285697
111,5,26,17,25,2,01大同區,大同區民權西路108號,0,0,1,2,C03,6,3,5,50,14,9,1,4,4,5,7,4,4,9,4,5,2,13,1,28,3,10,1,1,7,9,1,10,1,11,,23,7,1,22,9,121.5171102,25.06285697
111,5,26,17,25,2,01大同區,大同區民權西路108號,0,0,1,3,H02,6,3,5,50,14,9,1,4,4,5,7,4,4,9,4,5,2,13,2,30,2,9,1,5,7,20,8,20,10,16,,67,7,1,22,9,121.5171102,25.06285697
111,5,26,17,32,2,03中山區,中山區農安街與雙城街口口,0,0,1,1,B01,6,2,5,50,3,1,1,4,4,5,7,4,4,5,5,5,2,3,1,67,3,10,3,4,7,9,1,4,1,4,,15,15,1,22,9,121.5241953,25.0649138
111,5,26,17,32,2,03中山區,中山區農安街與雙城街口口,0,0,1,2,H01,6,2,5,50,3,1,1,4,4,5,7,4,4,5,5,5,2,3,1,72,2,8,4,5,8,16,8,20,10,16,,67,15,1,22,9,121.5241953,25.0649138
111,5,26,18,13,2,03中山區,中山區農安街271巷,0,0,2,1,B12,6,3,5,50,14,9,1,4,4,5,7,4,4,10,4,5,2,11,1,47,3,10,1,1,7,5,1,8,1,1,,6,6,1,22,9,121.5360607,25.06462312
111,5,26,18,13,2,03中山區,中山區農安街271巷,0,0,2,2,C03,6,3,5,50,14,9,1,4,4,5,7,4,4,10,4,5,2,11,1,56,2,9,1,1,7,9,1,10,1,14,,44,6,1,22,9,121.5360607,25.06462312
111,5,26,18,13,2,03中山區,中山區農安街271巷,0,0,2,3,H02,6,3,5,50,14,9,1,4,4,5,7,4,4,10,4,5,2,11,2,56,2,9,4,5,7,21,8,20,10,16,,67,6,1,22,9,121.5360607,25.06462312
111,5,26,18,21,2,01大同區,大同區台北橋與台北橋口機車道往三重,0,0,1,2,C03,6,3,5,50,10,11,1,4,4,5,7,4,4,9,4,5,2,17,2,40,3,10,1,1,7,7,1,10,1,12,,43,43,1,22,9,121.5085516,25.0635209
111,5,26,18,21,2,01大同區,大同區台北橋與台北橋口機車道往三重,0,0,1,1,,6,3,5,50,10,11,1,4,4,5,7,4,4,9,4,5,2,17,4,,4,11,3,4,7,15,7,19,11,15,,43,43,2,22,9,121.5085516,25.0635209
111,5,26,18,21,2,01大同區,大同區台北橋與台北橋口機車道往三重,0,0,1,3,C03,6,3,5,50,10,11,1,4,4,5,7,4,4,9,4,5,2,17,1,60,3,10,1,1,7,9,1,10,1,11,,43,43,1,22,9,121.5085516,25.0635209
111,5,26,18,21,2,01大同區,大同區台北橋與台北橋口機車道往三重,0,0,1,4,C03,6,3,5,50,10,11,1,4,4,5,7,4,4,9,4,5,2,17,1,42,2,8,1,1,7,9,1,10,1,13,,43,43,1,22,9,121.5085516,25.0635209
111,5,26,18,25,2,10文山區,文山區新光路2段與新光路2段口圓環,0,0,1,1,B03,6,3,5,50,16,9,1,4,4,5,7,4,4,9,4,5,2,16,1,53,3,10,3,4,7,5,1,8,2,8,,23,23,1,21,8,121.5831519,25.00057662
111,5,26,18,25,2,10文山區,文山區新光路2段與新光路2段口圓環,0,0,1,2,C03,6,3,5,50,16,9,1,4,4,5,7,4,4,9,4,5,2,16,2,47,2,7,3,4,7,14,1,10,2,12,,44,23,1,21,8,121.5831519,25.00057662
111,5,26,18,45,2,01大同區,大同區承德路3段與庫倫街口,0,0,2,1,C03,6,3,5,50,4,2,1,4,4,5,7,2,1,1,4,5,2,17,1,23,2,8,1,4,7,9,1,9,1,14,,42,42,1,22,9,121.5187232,25.07199781
111,5,26,18,45,2,01大同區,大同區承德路3段與庫倫街口,0,0,2,2,C03,6,3,5,50,4,2,1,4,4,5,7,2,1,1,4,5,2,17,2,26,2,8,1,4,7,9,1,10,1,14,,42,42,1,22,9,121.5187232,25.07199781
111,5,26,19,20,2,04大安區,大安區忠孝東路4段與仁愛路4段151巷口,0,0,1,1,B03,6,3,5,50,3,1,1,4,4,5,7,4,4,8,3,5,2,17,2,39,3,10,1,1,7,6,1,8,1,2,,9,9,1,22,9,121.5518,25.0413422
111,5,26,19,20,2,04大安區,大安區忠孝東路4段與仁愛路4段151巷口,0,0,1,2,C03,6,3,5,50,3,1,1,4,4,5,7,4,4,8,3,5,2,17,1,19,2,9,3,1,7,21,1,10,1,12,,14,9,1,22,9,121.5518,25.0413422
111,5,26,20,50,2,12內湖區,內湖區康寧路3段70巷與康寧路3段口,0,0,1,1,B03,6,3,5,50,4,1,1,4,4,5,7,2,1,1,4,5,2,3,1,46,3,10,1,1,7,5,1,8,2,1,,15,15,1,22,9,121.6112407,25.0704157
111,5,26,20,50,2,12內湖區,內湖區康寧路3段70巷與康寧路3段口,0,0,1,2,H01,6,3,5,50,4,1,1,4,4,5,7,2,1,1,4,5,2,3,2,30,2,8,4,5,8,16,8,20,10,16,,67,15,1,22,9,121.6112407,25.0704157
111,5,26,21,17,2,04大安區,大安區永康街與永康街17巷口,0,0,1,1,B03,6,3,5,30,4,1,1,4,4,5,7,4,4,8,3,5,2,17,1,42,3,10,1,1,7,9,1,8,1,15,,6,6,1,22,9,121.5297148,25.03224954
111,5,26,21,17,2,04大安區,大安區永康街與永康街17巷口,0,0,1,2,C03,6,3,5,30,4,1,1,4,4,5,7,4,4,8,3,5,2,17,1,25,2,9,1,1,7,9,1,10,1,12,,44,6,1,22,9,121.5297148,25.03224954
111,5,26,21,20,2,03中山區,中山區松江路469巷與建國北路3段86巷口,0,0,1,1,B03,6,3,5,30,4,1,1,4,4,5,7,4,4,8,3,5,1,17,1,69,3,10,1,1,7,9,1,8,1,15,,6,6,1,22,9,121.5350572,25.06573316
111,5,26,21,20,2,03中山區,中山區松江路469巷與建國北路3段86巷口,0,0,1,2,C03,6,3,5,30,4,1,1,4,4,5,7,4,4,8,3,5,1,17,1,37,2,9,1,1,7,9,1,10,1,12,,43,6,1,22,9,121.5350572,25.06573316
111,5,26,21,45,2,09北投區,北投區實踐街與實踐街83巷口,0,0,1,1,C03,6,3,5,30,4,1,1,4,4,5,7,4,4,10,5,5,2,17,1,23,3,10,1,1,7,9,1,10,2,12,,6,6,1,22,9,121.5108236,25.11528166
111,5,26,21,45,2,09北投區,北投區實踐街與實踐街83巷口,0,0,1,2,C03,6,3,5,30,4,1,1,4,4,5,7,4,4,10,5,5,2,17,2,36,2,9,1,1,7,9,1,10,2,12,,23,6,1,22,9,121.5108236,25.11528166
111,5,26,22,0,2,12內湖區,內湖區堤頂大道2段407巷與內湖路1段120巷15弄口口,0,0,1,1,B03,6,3,5,50,3,1,1,4,4,5,7,4,4,5,5,5,2,16,1,47,3,10,1,1,7,5,1,8,1,1,,6,6,1,22,9,121.5641607,25.08120225
111,5,26,22,0,2,12內湖區,內湖區堤頂大道2段407巷與內湖路1段120巷15弄口口,0,0,1,2,C03,6,3,5,50,3,1,1,4,4,5,7,4,4,5,5,5,2,16,1,32,2,9,1,1,7,9,1,10,1,11,,14,6,1,22,9,121.5641607,25.08120225
111,5,26,23,6,2,04大安區,大安區復興南路1段135巷與忠孝東路4段17巷口口,0,0,1,1,F01,6,3,5,30,4,2,1,4,4,3,7,4,4,10,5,5,1,15,1,25,2,9,1,1,7,9,8,20,1,16,,6,6,1,22,9,121.5446543,25.0427996
111,5,26,23,6,2,04大安區,大安區復興南路1段135巷與忠孝東路4段17巷口口,0,0,1,2,B01,6,3,5,30,4,2,1,4,4,3,7,4,4,10,5,5,1,15,1,51,3,10,3,4,7,9,1,4,1,7,,14,6,1,22,9,121.5446543,25.0427996
111,5,26,23,6,2,04大安區,大安區復興南路1段135巷與忠孝東路4段17巷口口,0,0,1,3,B03,6,3,5,30,4,2,1,4,4,3,7,4,4,10,5,5,1,15,1,41,3,10,3,4,7,14,1,8,1,15,,38,6,1,22,9,121.5446543,25.0427996
111,5,26,23,57,2,07信義區,信義區基隆路2段與信義路5段口,0,0,1,1,B03,6,3,5,50,4,4,1,4,4,5,7,2,1,1,4,5,1,13,1,30,3,10,3,4,7,9,1,8,1,1,,23,23,1,22,9,121.5594874,25.03280243
111,5,26,23,57,2,07信義區,信義區基隆路2段與信義路5段口,0,0,1,2,C03,6,3,5,50,4,4,1,4,4,5,7,2,1,1,4,5,1,13,1,24,2,9,3,4,7,14,1,10,1,13,,44,23,1,22,9,121.5594874,25.03280243
111,5,27,0,34,2,05中正區,中正區羅斯福路2段與和平西路1段口,0,0,1,1,B01,6,3,5,50,4,1,1,4,4,5,7,1,1,3,4,5,2,17,1,51,3,10,1,1,7,5,1,4,2,2,,8,8,1,22,9,121.5158464,25.02739067
111,5,27,0,34,2,05中正區,中正區羅斯福路2段與和平西路1段口,0,0,1,2,C03,6,3,5,50,4,1,1,4,4,5,7,1,1,3,4,5,2,17,2,24,2,9,1,1,7,9,1,10,2,12,,14,8,1,22,9,121.5158464,25.02739067
111,5,27,6,52,2,12內湖區,內湖區民權東路6段與民權東路6段180巷口口,0,0,4,1,B12,6,1,5,50,4,2,1,4,4,5,7,1,1,1,5,5,2,13,1,38,2,8,1,1,7,9,1,8,1,1,,23,23,1,22,9,121.5926922,25.0688434
111,5,27,6,52,2,12內湖區,內湖區民權東路6段與民權東路6段180巷口口,0,0,4,2,B03,6,1,5,50,4,2,1,4,4,5,7,1,1,1,5,5,2,13,1,68,2,9,1,1,7,14,1,8,1,3,,44,23,1,22,9,121.5926922,25.0688434
111,5,27,6,52,2,12內湖區,內湖區民權東路6段與民權東路6段180巷口口,0,0,4,3,H02,6,1,5,50,4,2,1,4,4,5,7,1,1,1,5,5,2,13,2,30,2,1,1,5,7,21,8,20,10,16,,67,23,1,22,9,121.5926922,25.0688434
111,5,27,6,52,2,12內湖區,內湖區民權東路6段與民權東路6段180巷口口,0,0,4,4,H02,6,1,5,50,4,2,1,4,4,5,7,1,1,1,5,5,2,13,2,67,2,9,1,5,7,21,8,20,10,16,,67,23,1,22,9,121.5926922,25.0688434
111,5,27,7,25,2,10文山區,文山區木柵路5段43巷與木柵路5段口口,0,0,1,1,C03,6,1,5,30,3,2,5,4,4,5,7,4,4,10,5,5,2,18,1,60,2,9,3,4,7,9,1,10,5,14,,42,42,1,22,9,121.5848915,25.00350837
111,5,27,7,25,2,10文山區,文山區木柵路5段43巷與木柵路5段口口,0,0,1,2,,6,1,5,30,3,2,5,4,4,5,7,4,4,10,5,5,2,18,3,,,,,,,,,,,,,67,42,1,,,121.5848915,25.00350837
111,5,27,7,59,2,05中正區,中正區中山南路與信義路1段口口,0,0,1,1,B03,6,1,5,50,4,1,1,4,4,5,7,1,1,4,3,5,2,17,2,50,3,10,1,1,7,7,1,8,1,15,,7,7,1,22,9,121.5177104,25.03859213
111,5,27,7,59,2,05中正區,中正區中山南路與信義路1段口口,0,0,1,2,C03,6,1,5,50,4,1,1,4,4,5,7,1,1,4,3,5,2,17,2,34,2,8,1,1,7,9,1,10,1,12,,44,7,1,22,9,121.5177104,25.03859213
111,5,27,8,0,2,04大安區,大安區和平東路2段與和平東路3段1巷口,0,0,2,1,C03,6,1,5,50,4,1,1,4,4,5,7,1,1,10,5,5,2,17,1,21,2,7,1,1,7,12,1,10,1,14,,23,23,1,22,9,121.5466921,25.02463281
111,5,27,8,0,2,04大安區,大安區和平東路2段與和平東路3段1巷口,0,0,2,2,C03,6,1,5,50,4,1,1,4,4,5,7,1,1,10,5,5,2,17,1,19,2,8,1,1,7,12,1,10,1,12,,44,23,1,22,9,121.5466921,25.02463281
111,5,27,8,0,2,04大安區,大安區和平東路2段與和平東路3段1巷口,0,0,2,3,B03,6,1,5,50,4,1,1,4,4,5,7,1,1,10,5,5,2,17,1,28,3,10,1,1,7,5,1,8,1,15,,6,23,1,22,9,121.5466921,25.02463281
111,5,27,8,5,2,05中正區,中正區和平西路1段46號,0,0,3,1,C03,6,1,5,40,14,8,1,4,4,5,7,4,4,1,4,4,1,17,1,25,2,8,1,1,7,2,1,10,1,13,,12,12,1,22,9,121.5194553,25.02654667
111,5,27,8,5,2,05中正區,中正區和平西路1段46號,0,0,3,2,C03,6,1,5,40,14,8,1,4,4,5,7,4,4,1,4,4,1,17,1,43,2,9,1,1,7,9,1,10,1,11,,23,12,1,22,9,121.5194553,25.02654667
111,5,27,8,5,2,05中正區,中正區和平西路1段46號,0,0,3,3,C03,6,1,5,40,14,8,1,4,4,5,7,4,4,1,4,4,1,17,1,37,2,8,1,1,7,9,1,10,1,11,,44,12,1,22,9,121.5194553,25.02654667
111,5,27,8,27,2,07信義區,信義區基隆路2段151號,0,0,1,1,C03,6,1,5,50,14,9,1,4,4,5,7,4,4,9,4,5,2,12,2,29,2,8,1,1,7,8,1,10,1,12,,43,43,1,22,9,121.5548087,25.0262841
111,5,27,8,27,2,07信義區,信義區基隆路2段151號,0,0,1,2,B01,6,1,5,50,14,9,1,4,4,5,7,4,4,9,4,5,2,12,1,59,3,10,1,1,7,9,1,4,1,8,,43,43,1,22,9,121.5548087,25.0262841
111,5,27,8,40,2,06松山區,松山區松河街2號前,0,0,3,1,B03,6,1,5,50,14,9,1,4,4,5,7,4,4,10,5,5,2,10,1,47,2,9,1,1,7,3,3,18,1,8,,6,6,1,22,9,121.5710412,25.05142091