發生年度,發生月,發生日,發生時-Hours,發生分,處理別-編號,區序,肇事地點,死亡人數,2-30日死亡人數,受傷人數,當事人序號,車種,天候,光線,道路類別,速限-速度限制,道路型態,事故位置,路面狀況1,路面狀況2,路面狀況3,道路障礙1,道路障礙2,號誌1,號誌2,車道劃分-分向,車道劃分-分道1,車道劃分-分道2,車道劃分-分道3,事故類型及型態,性別,年齡,受傷程度,主要傷處,安全帽,行動電話,車輛用途,當事者行動狀態,駕駛資格情形,駕駛執照種類,飲酒情形,車輛撞擊部位1,車輛撞擊部位2,肇因碼-個別,肇因碼-主要,個人肇逃否,職業,旅次目的,座標-X,座標-Y
111,5,27,8,40,2,06松山區,松山區松河街2號前,0,0,3,2,C03,6,1,5,50,14,9,1,4,4,5,7,4,4,10,5,5,2,10,1,28,2,9,1,1,7,9,1,10,1,11,,44,6,1,22,9,121.5710412,25.05142091
111,5,27,8,40,2,06松山區,松山區松河街2號前,0,0,3,3,H02,6,1,5,50,14,9,1,4,4,5,7,4,4,10,5,5,2,10,1,35,2,9,4,5,7,21,8,20,10,16,,67,6,1,22,9,121.5710412,25.05142091
111,5,27,9,44,2,02萬華區,萬華區康定路166號,0,0,2,1,B12,6,1,5,50,14,9,1,4,4,5,7,4,4,5,4,5,2,17,1,55,3,10,1,1,7,15,1,8,1,5,,40,40,1,22,9,121.5018773,25.03930213
111,5,27,9,44,2,02萬華區,萬華區康定路166號,0,0,2,2,C03,6,1,5,50,14,9,1,4,4,5,7,4,4,5,4,5,2,17,1,27,2,8,1,1,7,9,1,10,1,11,,44,40,1,22,9,121.5018773,25.03930213
111,5,27,9,44,2,02萬華區,萬華區康定路166號,0,0,2,3,B03,6,1,5,50,14,9,1,4,4,5,7,4,4,5,4,5,2,17,1,35,3,10,1,1,7,15,1,8,1,6,,44,40,1,22,9,121.5018773,25.03930213
111,5,27,9,44,2,02萬華區,萬華區康定路166號,0,0,2,4,H02,6,1,5,50,14,9,1,4,4,5,7,4,4,5,4,5,2,17,2,29,2,8,1,5,7,21,8,20,10,16,,67,40,1,22,9,121.5018773,25.03930213
111,5,27,9,55,2,11南港區,與無名巷口(南港路3段266號前),0,0,1,1,B01,6,1,5,50,3,2,1,4,4,5,7,4,4,5,4,5,2,17,1,51,3,10,1,1,7,9,1,4,1,15,,44,44,1,22,9,121.5842328,25.0521556
111,5,27,9,55,2,11南港區,與無名巷口(南港路3段266號前),0,0,1,2,C03,6,1,5,50,3,2,1,4,4,5,7,4,4,5,4,5,2,17,2,26,2,9,1,1,7,7,1,10,1,12,,42,44,1,22,9,121.5842328,25.0521556
111,5,27,10,31,2,03中山區,中山區民生東路2段79號,0,0,1,1,B03,6,1,5,50,14,9,1,4,4,5,7,4,4,5,4,5,2,17,1,42,3,10,1,1,7,11,1,8,2,4,,10,10,1,22,9,121.530691,25.05799336
111,5,27,10,31,2,03中山區,中山區民生東路2段79號,0,0,1,2,C03,6,1,5,50,14,9,1,4,4,5,7,4,4,5,4,5,2,17,1,20,2,9,1,1,7,9,1,10,2,14,,44,10,1,22,9,121.530691,25.05799336
111,5,27,10,55,2,03中山區,中山區中山北路3段49-3號,0,0,1,1,B01,6,1,5,50,14,9,1,4,4,5,7,4,4,1,4,5,2,17,1,60,3,10,1,1,7,7,1,4,1,7,,7,7,1,22,9,121.522617,25.0671509
111,5,27,10,55,2,03中山區,中山區中山北路3段49-3號,0,0,1,2,C03,6,1,5,50,14,9,1,4,4,5,7,4,4,1,4,5,2,17,1,18,2,9,1,1,7,9,1,10,1,12,,13,7,1,22,9,121.522617,25.0671509
111,5,27,10,55,2,12內湖區,內湖區內湖路1段230號前,0,0,1,1,B03,6,1,5,40,14,9,1,4,4,5,7,4,4,1,4,4,2,12,2,30,3,10,1,1,7,6,1,8,1,5,,9,9,1,22,9,121.5648387,25.08250022
111,5,27,10,55,2,12內湖區,內湖區內湖路1段230號前,0,0,1,2,C03,6,1,5,40,14,9,1,4,4,5,7,4,4,1,4,4,2,12,1,22,2,8,1,1,7,9,1,9,1,14,,44,9,1,22,9,121.5648387,25.08250022
111,5,27,10,57,2,04大安區,大安區金山南路2段與信義路2段口,0,0,1,1,C04,6,1,5,50,4,1,1,4,4,1,7,2,1,10,4,5,2,12,2,27,2,8,1,1,7,7,1,10,1,14,,7,7,1,22,9,121.5273041,25.03395516
111,5,27,10,57,2,04大安區,大安區金山南路2段與信義路2段口,0,0,1,2,B12,6,1,5,50,4,1,1,4,4,1,7,2,1,10,4,5,2,12,1,30,3,10,1,1,7,9,1,8,1,6,,44,7,1,22,9,121.5273041,25.03395516
111,5,27,11,10,2,04大安區,大安區忠孝東路4段216巷與忠孝東路4段216巷11弄口,0,0,1,1,B03,6,1,5,30,4,2,1,4,4,5,7,4,4,10,4,5,2,9,1,58,4,11,3,4,7,15,7,19,11,15,,15,15,2,22,9,121.5529981,25.040819
111,5,27,11,10,2,04大安區,大安區忠孝東路4段216巷與忠孝東路4段216巷11弄口,0,0,1,2,H01,6,1,5,30,4,2,1,4,4,5,7,4,4,10,4,5,2,9,2,47,2,7,4,5,8,16,8,20,10,16,,67,15,1,22,9,121.5529981,25.040819
111,5,27,11,40,2,08士林區,士林區承德路5段與士商路口口,0,0,1,1,B03,8,1,5,40,4,2,1,5,4,5,7,2,1,1,4,4,2,16,1,40,3,10,1,1,7,6,1,8,1,5,,9,9,1,22,9,121.5142486,25.09603563
111,5,27,11,40,2,08士林區,士林區承德路5段與士商路口口,0,0,1,2,C03,8,1,5,40,4,2,1,5,4,5,7,2,1,1,4,4,2,16,1,19,2,9,1,1,7,9,1,10,1,14,,13,9,1,22,9,121.5142486,25.09603563
111,5,27,11,40,2,07信義區,(永吉路140號前),0,0,1,1,B03,6,1,5,30,14,18,1,4,4,5,7,2,1,1,4,5,2,3,1,60,3,10,1,1,7,5,1,8,1,5,,15,15,1,22,8,121.5703972,25.04557495
111,5,27,11,40,2,07信義區,(永吉路140號前),0,0,1,2,H01,6,1,5,30,14,18,1,4,4,5,7,2,1,1,4,5,2,3,1,98,2,7,4,5,8,16,8,20,10,16,,52,15,1,22,8,121.5703972,25.04557495
111,5,27,11,52,2,03中山區,中山區中山北路1段7號,0,0,1,1,C03,6,1,5,50,14,9,1,4,4,5,7,4,4,5,4,5,2,13,1,25,3,10,1,1,7,9,1,10,1,11,,23,23,1,22,9,121.5209534,25.048276
111,5,27,11,52,2,03中山區,中山區中山北路1段7號,0,0,1,2,C03,6,1,5,50,14,9,1,4,4,5,7,4,4,5,4,5,2,13,1,24,2,9,1,1,7,9,1,10,1,13,,44,23,1,22,9,121.5209534,25.048276
111,5,27,12,0,2,04大安區,大安區辛亥路3段臥龍公園旁,0,0,1,1,B03,6,1,5,50,14,9,1,4,4,5,7,4,4,1,4,5,2,12,1,27,3,10,3,4,7,9,1,8,1,4,,17,17,1,22,9,121.549794,25.01666345
111,5,27,12,0,2,04大安區,大安區辛亥路3段臥龍公園旁,0,0,1,2,C03,6,1,5,50,14,9,1,4,4,5,7,4,4,1,4,5,2,12,1,39,2,9,3,4,7,10,1,10,1,12,,7,17,1,22,9,121.549794,25.01666345
111,5,27,12,16,2,09北投區,北投區新民路73-5號,0,0,1,1,B02,6,1,5,50,14,9,1,4,4,5,7,4,4,9,4,5,2,17,1,38,3,10,1,1,7,11,1,8,1,15,,10,10,1,22,9,121.5127725,25.14098758
111,5,27,12,16,2,09北投區,北投區新民路73-5號,0,0,1,2,C03,6,1,5,50,14,9,1,4,4,5,7,4,4,9,4,5,2,17,2,24,2,9,1,1,7,9,1,10,1,11,,13,10,1,22,9,121.5127725,25.14098758
111,5,27,12,16,2,09北投區,北投區新民路73-5號,0,0,1,3,C03,6,1,5,50,14,9,1,4,4,5,7,4,4,9,4,5,2,17,1,24,3,10,1,1,7,13,1,10,1,13,,44,10,1,22,9,121.5127725,25.14098758
111,5,27,12,23,2,01大同區,大同區承德路2段與民權西路口,0,0,1,1,B01,6,1,5,50,4,2,1,4,4,5,7,2,1,1,4,5,2,16,1,64,3,10,3,4,7,8,1,4,1,6,,7,7,1,22,9,121.5194634,25.06281679
111,5,27,12,23,2,01大同區,大同區承德路2段與民權西路口,0,0,1,2,C03,6,1,5,50,4,2,1,4,4,5,7,2,1,1,4,5,2,16,2,26,2,9,3,4,7,9,1,10,1,14,,44,7,1,22,9,121.5194634,25.06281679
111,5,27,12,32,2,04大安區,大安區新生南路3段88-2號,0,0,1,1,C03,6,1,5,50,14,9,1,4,4,5,7,4,4,1,4,5,2,13,1,23,2,9,1,1,7,9,1,10,1,11,,23,23,1,22,9,121.5333257,25.018068
111,5,27,12,32,2,04大安區,大安區新生南路3段88-2號,0,0,1,2,C03,6,1,5,50,14,9,1,4,4,5,7,4,4,1,4,5,2,13,2,39,3,10,1,1,7,9,1,10,1,13,,44,23,1,22,9,121.5333257,25.018068
111,5,27,12,32,2,04大安區,大安區新生南路3段88-2號,0,0,1,3,B01,6,1,5,50,14,9,1,4,4,5,7,4,4,1,4,5,2,13,1,42,3,10,1,1,7,9,1,4,1,1,,44,23,1,22,9,121.5333257,25.018068
111,5,27,12,49,2,03中山區,中山區松江路330巷與錦州街175巷口,0,0,1,1,B12,6,1,5,30,4,1,1,4,4,5,5,4,4,10,5,5,2,16,1,62,3,10,3,4,7,9,1,8,1,4,,26,26,1,22,9,121.5307904,25.06118841
111,5,27,12,49,2,03中山區,中山區松江路330巷與錦州街175巷口,0,0,1,2,C03,6,1,5,30,4,1,1,4,4,5,5,4,4,10,5,5,2,16,1,53,2,9,3,4,7,9,1,10,1,11,,23,26,1,22,9,121.5307904,25.06118841
111,5,27,13,0,2,12內湖區,內湖區東湖路113巷3弄與東湖路113巷49弄口,0,0,1,1,B03,6,1,5,30,3,1,1,4,4,5,7,4,4,10,5,5,2,16,1,40,3,10,1,1,7,6,1,8,1,4,,6,6,1,22,9,121.6146714,25.06916984
111,5,27,13,0,2,12內湖區,內湖區東湖路113巷3弄與東湖路113巷49弄口,0,0,1,2,C03,6,1,5,30,3,1,1,4,4,5,7,4,4,10,5,5,2,16,2,22,2,9,1,1,7,9,1,10,1,12,,44,6,1,22,9,121.6146714,25.06916984
111,5,27,13,14,2,04大安區,大安區忠孝東路3段與建國南路1段口口,0,0,1,1,C03,6,1,5,50,14,9,1,4,4,5,7,2,1,1,2,5,2,16,1,53,2,9,3,4,7,7,1,10,1,14,,7,7,1,22,9,121.5374935,25.0418009
111,5,27,13,14,2,04大安區,大安區忠孝東路3段與建國南路1段口口,0,0,1,2,B03,6,1,5,50,14,9,1,4,4,5,7,2,1,1,2,5,2,16,1,24,3,10,3,4,7,9,1,8,1,5,,44,7,1,22,9,121.5374935,25.0418009
111,5,27,13,20,2,09北投區,北投區實踐街與石牌路1段39巷口,0,0,2,1,C03,6,1,5,30,5,1,1,4,4,5,7,4,4,5,5,5,1,15,1,69,2,9,1,1,7,9,1,10,1,11,,6,6,1,22,9,121.5096759,25.1152238
111,5,27,13,20,2,09北投區,北投區實踐街與石牌路1段39巷口,0,0,2,2,C03,6,1,5,30,5,1,1,4,4,5,7,4,4,5,5,5,1,15,1,26,2,9,1,1,7,9,1,10,1,11,,44,6,1,22,9,121.5096759,25.1152238
111,5,27,14,0,2,03中山區,中山區興安街與遼寧街口,0,0,1,1,B12,8,1,5,30,4,2,1,5,4,5,7,1,1,5,5,5,2,16,2,25,3,10,3,4,7,9,1,8,1,1,,44,,1,22,9,121.542141,25.0560819
111,5,27,14,0,2,03中山區,中山區興安街與遼寧街口,0,0,1,2,C03,8,1,5,30,4,2,1,5,4,5,7,1,1,5,5,5,2,16,1,69,2,9,1,1,7,10,1,10,1,13,,7,,1,22,9,121.542141,25.0560819
111,5,27,14,13,2,01大同區,大同區承德路3段與承德路3段51巷口,0,0,2,2,C03,6,1,5,50,14,9,1,4,4,5,7,4,4,9,4,5,1,12,1,50,2,9,1,1,7,9,1,10,1,11,,14,7,1,22,9,121.5189264,25.0646528
111,5,27,14,13,2,01大同區,大同區承德路3段與承德路3段51巷口,0,0,2,1,C03,6,1,5,50,14,9,1,4,4,5,7,4,4,9,4,5,1,12,1,39,2,9,1,1,7,8,1,10,1,11,,7,7,1,22,9,121.5189264,25.0646528
111,5,27,14,21,2,03中山區,中山區民生東路1段與民生東路1段70巷口,0,0,2,1,C03,7,1,5,50,4,1,1,4,4,5,7,4,4,5,4,5,2,16,1,27,2,9,1,4,7,5,1,10,1,12,,42,42,1,22,9,121.5264956,25.058083
111,5,27,14,21,2,03中山區,中山區民生東路1段與民生東路1段70巷口,0,0,2,2,C03,7,1,5,50,4,1,1,4,4,5,7,4,4,5,4,5,2,16,2,46,2,9,1,4,7,5,1,10,1,14,,8,42,1,22,9,121.5264956,25.058083
111,5,27,14,45,2,03中山區,中山區民族東路東往西下坡處,0,0,1,1,C03,6,1,5,50,14,9,1,4,4,5,7,4,4,5,4,5,2,13,2,21,2,9,1,4,7,9,1,10,1,14,,23,23,1,22,9,121.5263304,25.06841087
111,5,27,14,45,2,03中山區,中山區民族東路東往西下坡處,0,0,1,2,B01,6,1,5,50,14,9,1,4,4,5,7,4,4,5,4,5,2,13,1,62,3,10,3,4,7,14,1,4,1,6,,44,23,1,22,9,121.5263304,25.06841087
111,5,27,14,45,2,03中山區,中山區民族東路東往西下坡處,0,0,1,3,A02,6,1,5,50,14,9,1,4,4,5,7,4,4,5,4,5,2,13,1,46,3,10,3,4,7,9,1,1,1,4,,44,23,1,22,9,121.5263304,25.06841087
111,5,27,14,45,2,03中山區,中山區民族東路東往西下坡處,0,0,1,4,B03,6,1,5,50,14,9,1,4,4,5,7,4,4,5,4,5,2,13,1,24,3,10,3,4,7,14,1,8,1,6,,44,23,1,22,9,121.5263304,25.06841087
111,5,27,14,46,2,05中正區,中正區廈門街與廈門街99巷口,0,0,2,1,C03,6,1,5,30,3,2,1,4,4,5,7,4,4,9,4,5,2,16,1,44,2,9,1,1,7,5,1,10,1,14,,6,6,1,22,9,121.517442,25.0239094
111,5,27,14,46,2,05中正區,中正區廈門街與廈門街99巷口,0,0,2,2,C03,6,1,5,30,3,2,1,4,4,5,7,4,4,9,4,5,2,16,1,20,2,9,1,1,7,9,1,10,1,11,,13,6,1,22,9,121.517442,25.0239094
111,5,27,14,48,2,01大同區,大同區民生西路292號,0,0,1,1,B02,6,1,5,50,14,9,1,4,4,5,7,4,4,9,4,5,2,11,1,66,3,10,3,4,7,11,1,8,1,6,,10,10,1,22,9,121.5124634,25.05697379
111,5,27,14,48,2,01大同區,大同區民生西路292號,0,0,1,2,C03,6,1,5,50,14,9,1,4,4,5,7,4,4,9,4,5,2,11,1,39,2,9,1,1,7,9,1,10,1,11,,44,10,1,22,9,121.5124634,25.05697379
111,5,27,14,50,2,04大安區,大安區建國南路2段與新生南路3段19巷口,0,0,2,1,C03,6,1,5,50,14,9,1,4,4,5,7,2,1,1,4,5,2,13,1,83,2,9,3,4,7,7,1,10,1,13,,7,7,1,22,9,121.5374218,25.02496627
111,5,27,14,50,2,04大安區,大安區建國南路2段與新生南路3段19巷口,0,0,2,2,B12,6,1,5,50,14,9,1,4,4,5,7,2,1,1,4,5,2,13,1,58,3,10,3,4,7,9,1,8,1,1,,16,7,1,22,9,121.5374218,25.02496627
111,5,27,14,50,2,04大安區,大安區建國南路2段與新生南路3段19巷口,0,0,2,3,B01,6,1,5,50,14,9,1,4,4,5,7,2,1,1,4,5,2,13,1,61,3,10,3,4,7,12,1,4,1,3,,44,7,1,22,9,121.5374218,25.02496627
111,5,27,14,50,2,04大安區,大安區建國南路2段與新生南路3段19巷口,0,0,2,4,H02,6,1,5,50,14,9,1,4,4,5,7,2,1,1,4,5,2,13,2,26,2,7,3,5,7,21,8,20,1,16,,67,7,1,22,9,121.5374218,25.02496627
111,5,27,15,0,2,09北投區,北投區三合街2段與崇仁路1段口,0,0,1,1,B12,6,1,5,50,4,1,1,4,4,5,7,2,1,5,5,5,1,17,1,27,3,10,1,1,7,5,1,8,1,6,,6,6,1,22,9,121.5014965,25.1263491
111,5,27,15,0,2,09北投區,北投區三合街2段與崇仁路1段口,0,0,1,2,C03,6,1,5,50,4,1,1,4,4,5,7,2,1,5,5,5,1,17,1,18,2,9,1,1,7,9,1,10,1,14,,42,6,1,22,9,121.5014965,25.1263491
111,5,27,15,32,2,02萬華區,萬華區康定路126號,0,0,1,1,B02,7,1,5,50,14,9,1,5,4,5,7,4,4,4,5,5,2,16,1,25,3,10,1,1,7,8,1,8,1,2,,7,7,1,22,9,121.5020842,25.04077096
111,5,27,15,32,2,02萬華區,萬華區康定路126號,0,0,1,2,C03,7,1,5,50,14,9,1,5,4,5,7,4,4,4,5,5,2,16,1,46,2,9,1,1,7,9,1,10,1,14,,44,7,1,22,9,121.5020842,25.04077096
111,5,27,16,5,2,05中正區,中正區中山南路與貴陽街1段口,0,0,3,1,C03,7,1,5,50,3,1,1,5,4,5,7,1,1,1,4,5,2,17,1,17,2,9,1,1,7,9,2,18,2,11,,23,23,1,22,9,121.5173191,25.0382533
111,5,27,16,5,2,05中正區,中正區中山南路與貴陽街1段口,0,0,3,2,C03,7,1,5,50,3,1,1,5,4,5,7,1,1,1,4,5,2,17,1,64,2,9,1,1,7,9,1,10,2,13,,44,23,1,22,9,121.5173191,25.0382533
111,5,27,16,5,2,05中正區,中正區中山南路與貴陽街1段口,0,0,3,3,H02,7,1,5,50,3,1,1,5,4,5,7,1,1,1,4,5,2,17,2,19,2,8,4,5,7,20,8,20,10,16,,67,23,1,22,9,121.5173191,25.0382533
111,5,27,16,15,2,07信義區,信義區中坡北路與市民大道6段口,0,0,1,1,B03,6,1,5,40,4,2,1,4,4,5,7,1,1,1,4,5,2,16,1,43,3,10,1,1,7,8,1,8,1,2,,7,7,1,22,9,121.5800596,25.04886578
111,5,27,16,15,2,07信義區,信義區中坡北路與市民大道6段口,0,0,1,2,C03,6,1,5,40,4,2,1,4,4,5,7,1,1,1,4,5,2,16,2,64,2,9,1,1,7,9,4,8,1,14,,44,7,1,22,9,121.5800596,25.04886578
111,5,27,16,28,2,04大安區,大安區信義路3段147巷36弄與信義路3段147巷口,0,0,1,1,B03,6,1,5,0,4,1,1,4,4,5,7,4,4,9,5,5,2,15,1,62,4,11,3,4,7,15,7,19,11,15,,14,14,2,22,9,121.5420121,25.03716534
111,5,27,16,28,2,04大安區,大安區信義路3段147巷36弄與信義路3段147巷口,0,0,1,2,C03,6,1,5,0,4,1,1,4,4,5,7,4,4,9,5,5,2,15,2,37,2,8,3,4,7,9,1,10,1,11,,6,14,1,22,9,121.5420121,25.03716534
111,5,27,16,40,2,03中山區,中山區長安西路與長安西路19巷2弄口,0,0,1,1,C03,7,1,5,50,4,1,1,4,4,5,7,1,1,5,4,5,2,13,1,39,3,10,1,4,7,9,1,10,1,14,,23,23,1,22,9,121.5202439,25.05019272
111,5,27,16,40,2,03中山區,中山區長安西路與長安西路19巷2弄口,0,0,1,2,C03,7,1,5,50,4,1,1,4,4,5,7,1,1,5,4,5,2,13,2,43,2,1,1,4,7,14,1,10,1,13,,44,23,1,22,9,121.5202439,25.05019272
111,5,27,16,55,2,03中山區,中山區錦西街與民生西路3巷口,0,0,1,1,C05,7,1,5,50,4,1,1,4,4,5,7,4,4,5,4,5,2,16,2,43,2,8,1,4,7,11,1,11,1,13,,10,10,1,22,9,121.5218372,25.0603051
111,5,27,16,55,2,03中山區,中山區錦西街與民生西路3巷口,0,0,1,2,B02,7,1,5,50,4,1,1,4,4,5,7,4,4,5,4,5,2,16,2,32,3,10,3,4,7,9,1,8,1,5,,23,10,1,22,9,121.5218372,25.0603051
111,5,27,17,10,2,01大同區,大同區安西街106號,0,0,1,1,B03,6,1,5,30,14,9,1,4,4,5,7,4,4,10,5,5,2,1,1,47,3,10,3,4,7,9,1,8,2,2,,23,23,1,22,9,121.5098698,25.06109335
111,5,27,17,10,2,01大同區,大同區安西街106號,0,0,1,2,H01,6,1,5,30,14,9,1,4,4,5,7,4,4,10,5,5,2,1,1,36,2,7,4,5,8,16,8,20,10,16,,67,23,1,22,9,121.5098698,25.06109335
111,5,27,17,10,2,03中山區,中山區民族西路與玉門街口,0,0,1,1,B03,8,1,5,30,14,9,1,5,4,5,7,4,4,5,2,5,2,17,1,37,3,10,1,1,7,11,1,8,1,15,,10,10,1,1,5,121.5200767,25.06853343
111,5,27,17,10,2,03中山區,中山區民族西路與玉門街口,0,0,1,2,C03,8,1,5,30,14,9,1,5,4,5,7,4,4,5,2,5,2,17,1,45,2,9,1,1,7,9,1,10,1,15,,44,10,1,7,1,121.5200767,25.06853343
111,5,27,17,27,2,01大同區,大同區重慶北路3段251號,0,0,1,1,C03,7,1,5,50,14,9,1,5,4,5,7,4,4,9,4,5,2,12,2,40,2,9,1,1,7,9,1,10,1,12,,44,44,1,22,9,121.5139707,25.07146394
111,5,27,17,27,2,01大同區,大同區重慶北路3段251號,0,0,1,2,C03,7,1,5,50,14,9,1,5,4,5,7,4,4,9,4,5,2,12,1,31,3,10,1,1,7,9,1,10,1,14,,42,44,1,22,9,121.5139707,25.07146394
111,5,27,17,34,2,07信義區,信義區信義路5段與莊敬路口,0,0,1,1,C03,6,1,5,50,4,1,1,4,4,5,7,2,1,1,4,5,2,16,1,72,2,8,1,1,7,6,1,10,2,12,,9,9,1,22,9,121.5614521,25.0330855
111,5,27,17,34,2,07信義區,信義區信義路5段與莊敬路口,0,0,1,2,C03,6,1,5,50,4,1,1,4,4,5,7,2,1,1,4,5,2,16,1,34,3,10,1,1,7,9,1,10,2,14,,23,9,1,22,9,121.5614521,25.0330855
111,5,27,17,35,2,08士林區,士林區延平北路5段與延平北路5段83巷口,0,0,1,1,C03,6,3,5,50,4,1,1,4,4,5,7,2,1,1,4,5,1,13,1,59,2,7,1,1,7,9,1,10,1,11,,23,23,1,22,9,121.5105713,25.08094548
111,5,27,17,35,2,08士林區,士林區延平北路5段與延平北路5段83巷口,0,0,1,2,B03,6,3,5,50,4,1,1,4,4,5,7,2,1,1,4,5,1,13,1,48,3,10,1,1,7,14,1,8,1,6,,44,23,1,22,9,121.5105713,25.08094548
111,5,27,17,55,2,10文山區,文山區和平東路4段385號,0,0,1,1,H01,6,1,5,50,14,9,1,4,4,5,7,2,1,5,2,5,2,3,1,67,3,10,4,5,8,18,8,20,10,15,,52,52,1,22,9,121.5741312,24.99914725
111,5,27,17,55,2,10文山區,文山區和平東路4段385號,0,0,1,2,C03,6,1,5,50,14,9,1,4,4,5,7,2,1,5,2,5,2,3,2,41,2,9,1,1,7,9,1,10,11,14,,44,52,1,22,9,121.5741312,24.99914725
111,5,27,17,55,2,10文山區,文山區和平東路4段385號,0,0,1,3,A12,6,1,5,50,14,9,1,4,4,5,7,2,1,5,2,5,2,3,1,40,3,10,1,1,7,14,1,1,1,4,,44,52,1,22,9,121.5741312,24.99914725
111,5,27,18,0,2,03中山區,中山區建國高架道往北  下南京東路匝道前,0,0,4,1,B03,6,1,5,70,10,9,1,4,4,5,7,4,4,1,4,5,2,17,1,63,2,8,1,4,7,9,1,8,2,1,,23,23,1,22,9,121.5368549,25.05079188
111,5,27,18,0,2,03中山區,中山區建國高架道往北  下南京東路匝道前,0,0,4,2,B03,6,1,5,70,10,9,1,4,4,5,7,4,4,1,4,5,2,17,1,30,2,9,1,4,7,14,1,8,2,3,1,44,23,1,22,9,121.5368549,25.05079188
111,5,27,18,0,2,03中山區,中山區建國高架道往北  下南京東路匝道前,0,0,4,3,B03,6,1,5,70,10,9,1,4,4,5,7,4,4,1,4,5,2,17,1,32,2,9,1,4,7,14,1,8,2,3,,44,23,1,22,9,121.5368549,25.05079188
111,5,27,18,0,2,03中山區,中山區建國高架道往北  下南京東路匝道前,0,0,4,4,H02,6,1,5,70,10,9,1,4,4,5,7,4,4,1,4,5,2,17,2,33,2,8,1,5,7,20,8,20,10,16,,67,23,1,22,9,121.5368549,25.05079188
111,5,27,18,14,2,06松山區,松山區延壽街327號,0,0,1,1,C03,6,3,5,50,14,20,1,4,4,5,7,4,4,9,4,5,2,16,2,66,4,11,3,4,7,15,1,10,11,15,,23,23,2,22,9,121.5603638,25.05661419
111,5,27,18,14,2,06松山區,松山區延壽街327號,0,0,1,2,F01,6,3,5,50,14,20,1,4,4,5,7,4,4,9,4,5,2,16,1,46,2,5,1,1,7,9,8,20,9,16,,23,23,1,22,9,121.5603638,25.05661419
111,5,27,18,25,2,04大安區,大安區復興南路2段21號,0,0,1,1,B03,6,3,5,50,14,9,1,4,4,5,7,4,4,1,4,4,2,12,1,46,3,10,3,4,7,1,1,8,1,8,,19,19,1,22,9,121.5436994,25.03199584
111,5,27,18,25,2,04大安區,大安區復興南路2段21號,0,0,1,2,C03,6,3,5,50,14,9,1,4,4,5,7,4,4,1,4,4,2,12,1,25,2,9,3,4,7,9,1,10,1,11,,44,19,1,22,9,121.5436994,25.03199584
111,5,27,18,50,2,10文山區,文山區羅斯福路5段與羅斯福路5段236巷口,0,0,1,1,B03,6,3,5,50,3,1,1,4,4,5,7,4,4,1,4,5,2,13,1,33,3,10,1,1,7,1,1,8,2,15,,19,19,1,22,9,121.5390359,25.00153485
111,5,27,18,50,2,10文山區,文山區羅斯福路5段與羅斯福路5段236巷口,0,0,1,2,C03,6,3,5,50,3,1,1,4,4,5,7,4,4,1,4,5,2,13,1,21,3,10,1,1,7,9,1,10,2,13,,44,19,1,22,9,121.5390359,25.00153485
111,5,27,18,50,2,10文山區,文山區羅斯福路5段與羅斯福路5段236巷口,0,0,1,3,C03,6,3,5,50,3,1,1,4,4,5,7,4,4,1,4,5,2,13,2,58,2,9,1,1,7,9,1,10,2,11,,23,19,1,22,9,121.5390359,25.00153485
111,5,27,19,3,2,06松山區,松山區光復北路176號,0,0,1,1,B01,6,3,5,50,14,9,1,4,4,5,7,2,1,1,4,1,2,11,1,62,3,10,1,1,7,5,1,4,9,15,,6,6,1,22,9,121.5566247,25.05356735
111,5,27,19,3,2,06松山區,松山區光復北路176號,0,0,1,2,C03,6,3,5,50,14,9,1,4,4,5,7,2,1,1,4,1,2,11,1,26,2,9,1,1,7,9,1,10,9,14,,44,6,1,22,9,121.5566247,25.05356735
111,5,27,19,15,2,12內湖區,內湖區潭美街與堤外便道口,0,0,1,1,C03,6,1,5,40,3,1,1,4,4,5,7,4,4,5,5,5,2,12,1,47,2,9,1,1,7,6,1,9,1,14,,17,17,1,22,9,121.609487,25.06330801
111,5,27,19,15,2,12內湖區,內湖區潭美街與堤外便道口,0,0,1,2,B03,6,1,5,40,3,1,1,4,4,5,7,4,4,5,5,5,2,12,1,39,3,10,1,1,7,6,1,8,1,2,,17,17,1,22,9,121.609487,25.06330801
111,5,27,19,32,2,03中山區,中山區錦西街與民權西路70巷口,0,0,2,1,C03,6,3,5,50,4,1,1,4,4,5,7,1,1,4,3,5,1,3,1,37,2,9,1,4,7,9,1,10,2,11,,23,23,1,22,9,121.520704,25.06036055
111,5,27,19,32,2,03中山區,中山區錦西街與民權西路70巷口,0,0,2,2,H01,6,3,5,50,4,1,1,4,4,5,7,1,1,4,3,5,1,3,2,76,2,9,4,5,8,16,8,20,10,16,,52,23,1,22,9,121.520704,25.06036055
111,5,27,19,35,2,12內湖區,內湖區新明路與新明路107巷口口,0,0,1,1,C03,6,3,5,30,3,1,1,4,4,5,7,4,4,5,4,5,2,16,1,24,3,10,1,1,7,5,1,10,1,14,,6,6,1,22,9,121.5901387,25.0598398
111,5,27,19,35,2,12內湖區,內湖區新明路與新明路107巷口口,0,0,1,2,C03,6,3,5,30,3,1,1,4,4,5,7,4,4,5,4,5,2,16,1,45,2,7,1,1,7,9,1,10,1,11,,14,6,1,22,9,121.5901387,25.0598398