發生年度,發生月,發生日,發生時-Hours,發生分,處理別-編號,區序,肇事地點,死亡人數,2-30日死亡人數,受傷人數,當事人序號,車種,天候,光線,道路類別,速限-速度限制,道路型態,事故位置,路面狀況1,路面狀況2,路面狀況3,道路障礙1,道路障礙2,號誌1,號誌2,車道劃分-分向,車道劃分-分道1,車道劃分-分道2,車道劃分-分道3,事故類型及型態,性別,年齡,受傷程度,主要傷處,安全帽,行動電話,車輛用途,當事者行動狀態,駕駛資格情形,駕駛執照種類,飲酒情形,車輛撞擊部位1,車輛撞擊部位2,肇因碼-個別,肇因碼-主要,個人肇逃否,職業,旅次目的,座標-X,座標-Y
111,5,27,20,25,2,01大同區,大同區延平北路3段115號前,0,0,2,1,B03,6,3,5,50,4,2,1,4,4,5,7,1,1,7,4,5,2,12,1,26,3,10,1,1,7,1,1,8,1,8,,19,19,1,22,9,121.5108874,25.06822444
111,5,27,20,25,2,01大同區,大同區延平北路3段115號前,0,0,2,2,C03,6,3,5,50,4,2,1,4,4,5,7,1,1,7,4,5,2,12,1,57,2,8,1,1,7,15,1,10,1,12,,44,19,1,22,9,121.5108874,25.06822444
111,5,27,20,25,2,01大同區,大同區延平北路3段115號前,0,0,2,3,H02,6,3,5,50,4,2,1,4,4,5,7,1,1,7,4,5,2,12,2,57,2,8,4,5,7,20,8,20,1,16,,67,19,1,22,9,121.5108874,25.06822444
111,5,27,20,45,2,12內湖區,內湖區堤外便道與五分街口,0,0,1,1,B12,6,3,5,50,3,1,1,4,4,5,7,3,1,5,5,5,2,17,1,25,3,10,1,1,7,5,1,8,1,15,,8,8,1,22,9,121.6179294,25.06637317
111,5,27,20,45,2,12內湖區,內湖區堤外便道與五分街口,0,0,1,2,C03,6,3,5,50,3,1,1,4,4,5,7,3,1,5,5,5,2,17,2,23,2,9,1,1,7,9,1,10,1,14,,13,8,1,22,9,121.6179294,25.06637317
111,5,27,21,30,2,08士林區,士林區延平北路6段與永平街口,0,0,1,1,B03,6,3,5,50,3,2,1,4,4,5,7,2,1,9,4,5,1,3,1,31,3,10,1,1,7,5,1,8,1,4,,15,15,1,22,9,121.5053606,25.08943468
111,5,27,21,30,2,08士林區,士林區延平北路6段與永平街口,0,0,1,2,H01,6,3,5,50,3,2,1,4,4,5,7,2,1,9,4,5,1,3,1,26,2,8,4,5,8,16,8,20,10,16,,67,15,1,22,9,121.5053606,25.08943468
111,5,27,21,32,2,08士林區,士林區承德路5段與士商路口,0,0,1,1,B01,6,3,5,50,4,2,1,4,4,5,7,1,1,10,4,5,2,17,1,59,3,10,1,1,7,6,1,4,2,6,,9,9,1,22,9,121.5141116,25.09606161
111,5,27,21,32,2,08士林區,士林區承德路5段與士商路口,0,0,1,2,C03,6,3,5,50,4,2,1,4,4,5,7,1,1,10,4,5,2,17,1,30,2,9,1,1,7,9,1,10,2,11,,13,9,1,22,9,121.5141116,25.09606161
111,5,27,21,48,2,03中山區,中山區長安東路1段與長安東路1段30巷口,0,0,1,1,B03,6,3,5,50,4,1,1,4,4,5,7,1,1,9,4,5,2,16,1,34,3,10,1,1,7,5,1,8,2,6,,8,8,1,22,9,121.5263383,25.0486953
111,5,27,21,48,2,03中山區,中山區長安東路1段與長安東路1段30巷口,0,0,1,2,C03,6,3,5,50,4,1,1,4,4,5,7,1,1,9,4,5,2,16,1,26,2,9,1,1,7,9,1,10,2,14,,44,8,1,22,9,121.5263383,25.0486953
111,5,27,21,48,2,03中山區,中山區長安東路1段與長安東路1段30巷口,0,0,1,3,B01,6,3,5,50,4,1,1,4,4,5,7,1,1,9,4,5,2,16,1,64,3,10,1,1,7,15,1,4,2,1,,23,8,1,22,9,121.5263383,25.0486953
111,5,27,22,37,2,07信義區,信義區松壽路與松智路口,0,0,2,1,H01,7,3,5,50,4,1,1,5,4,5,7,2,1,9,4,5,2,9,2,27,3,10,4,5,8,18,8,20,10,16,,52,52,1,22,9,121.565413,25.035916
111,5,27,22,37,2,07信義區,信義區松壽路與松智路口,0,0,2,2,H01,7,3,5,50,4,1,1,5,4,5,7,2,1,9,4,5,2,9,2,25,3,10,4,5,8,18,8,20,10,16,,52,52,1,22,9,121.565413,25.035916
111,5,27,22,37,2,07信義區,信義區松壽路與松智路口,0,0,2,3,C03,7,3,5,50,4,1,1,5,4,5,7,2,1,9,4,5,2,9,2,21,2,9,1,1,7,9,1,10,1,14,,13,52,1,22,9,121.565413,25.035916
111,5,27,22,37,2,07信義區,信義區松壽路與松智路口,0,0,2,4,H02,7,3,5,50,4,1,1,5,4,5,7,2,1,9,4,5,2,9,2,21,2,7,4,5,7,21,8,20,10,16,,67,52,1,22,9,121.565413,25.035916
111,5,28,0,50,2,09北投區,北投區致遠一路1段57號,0,0,1,1,C03,6,3,5,50,14,9,1,4,4,5,7,4,4,9,4,5,1,12,1,35,3,10,1,1,7,5,1,10,1,11,,8,8,1,22,9,121.502869,25.134446
111,5,28,0,50,2,09北投區,北投區致遠一路1段57號,0,0,1,2,C03,6,3,5,50,14,9,1,4,4,5,7,4,4,9,4,5,1,12,1,47,2,9,1,1,7,9,1,10,1,11,,23,8,1,22,9,121.502869,25.134446
111,5,28,6,20,2,12內湖區,內湖區東湖路160巷與五分街口,0,0,1,1,C03,7,1,5,30,4,1,1,4,4,5,7,1,1,5,4,5,2,15,2,66,2,9,1,1,7,9,1,10,1,12,,6,6,1,22,9,121.6172614,25.0671675
111,5,28,6,20,2,12內湖區,內湖區東湖路160巷與五分街口,0,0,1,2,B12,7,1,5,30,4,1,1,4,4,5,7,1,1,5,4,5,2,15,2,47,3,10,1,1,7,9,1,8,1,1,,23,6,1,22,9,121.6172614,25.0671675
111,5,28,6,40,2,10文山區,文山區木柵路5段與萬福橋口口,0,0,2,2,A02,7,1,5,50,3,2,1,4,4,5,7,2,1,5,2,5,2,17,1,46,2,9,3,4,7,9,1,2,2,1,,44,1,1,22,9,121.5836832,25.00286944
111,5,28,6,40,2,10文山區,文山區木柵路5段與萬福橋口口,0,0,2,1,B12,7,1,5,50,3,2,1,4,4,5,7,2,1,5,2,5,2,17,1,32,2,9,3,4,7,4,1,8,2,1,,1,1,1,22,9,121.5836832,25.00286944
111,5,28,6,47,2,10文山區,文山區興隆路3段與興隆路3段192巷8弄口,0,0,1,1,B03,7,1,5,50,4,1,1,4,4,5,7,2,1,1,4,5,2,16,1,65,3,10,1,1,7,5,1,8,1,1,,6,6,1,22,9,121.5598755,24.9967642
111,5,28,6,47,2,10文山區,文山區興隆路3段與興隆路3段192巷8弄口,0,0,1,2,C03,7,1,5,50,4,1,1,4,4,5,7,2,1,1,4,5,2,16,1,74,2,9,1,1,7,9,1,10,1,11,,44,6,1,22,9,121.5598755,24.9967642
111,5,28,7,40,2,12內湖區,內湖區港墘路與瑞光路口,0,0,1,1,G03,6,1,5,50,4,1,1,4,4,5,7,1,1,1,5,5,1,1,1,40,3,10,3,4,7,6,1,1,1,1,,15,15,1,22,9,121.5749701,25.076374
111,5,28,7,40,2,12內湖區,內湖區港墘路與瑞光路口,0,0,1,2,H01,6,1,5,50,4,1,1,4,4,5,7,1,1,1,5,5,1,1,2,71,2,5,4,5,8,16,8,20,10,16,,67,15,1,22,9,121.5749701,25.076374
111,5,28,7,42,2,05中正區,中正區思源街1號(自來水園區前),0,0,2,1,C03,6,1,5,50,3,1,1,4,4,5,7,1,1,5,4,5,2,17,1,59,2,9,2,1,7,9,1,10,1,11,,16,16,1,22,9,121.5302301,25.01348615
111,5,28,7,42,2,05中正區,中正區思源街1號(自來水園區前),0,0,2,2,C03,6,1,5,50,3,1,1,4,4,5,7,1,1,5,4,5,2,17,1,37,3,10,1,3,7,9,1,10,11,13,,44,16,1,22,9,121.5302301,25.01348615
111,5,28,7,42,2,05中正區,中正區思源街1號(自來水園區前),0,0,2,3,C03,6,1,5,50,3,1,1,4,4,5,7,1,1,5,4,5,2,17,1,55,3,10,1,1,7,9,1,10,1,12,,44,16,1,22,9,121.5302301,25.01348615
111,5,28,7,42,2,05中正區,中正區思源街1號(自來水園區前),0,0,2,4,H02,6,1,5,50,3,1,1,4,4,5,7,1,1,5,4,5,2,17,2,43,2,8,1,5,7,20,8,20,10,16,,67,16,1,22,9,121.5302301,25.01348615
111,5,28,7,42,2,05中正區,中正區思源街1號(自來水園區前),0,0,2,5,C03,6,1,5,50,3,1,1,4,4,5,7,1,1,5,4,5,2,17,1,77,3,10,1,1,7,9,1,10,11,13,,42,16,1,22,9,121.5302301,25.01348615
111,5,28,8,3,2,07信義區,信義區大道路與忠孝東路5段790巷62弄口,0,0,1,1,F01,6,1,5,0,4,1,1,4,4,5,7,2,1,9,4,5,2,17,4,,4,11,3,4,7,15,7,19,11,15,,43,43,2,22,9,121.5825024,25.04083072
111,5,28,8,3,2,07信義區,信義區大道路與忠孝東路5段790巷62弄口,0,0,1,2,C03,6,1,5,0,4,1,1,4,4,5,7,2,1,9,4,5,2,17,1,25,2,8,1,1,7,9,1,10,1,14,,44,43,1,22,9,121.5825024,25.04083072
111,5,28,8,40,2,10文山區,文山區木柵路4段21巷1-18號,0,0,1,1,C03,6,1,5,50,14,9,2,4,4,5,7,1,1,5,4,5,2,17,1,19,2,9,1,4,7,9,1,10,1,12,,16,16,1,22,9,121.5713993,24.99308653
111,5,28,8,40,2,10文山區,文山區木柵路4段21巷1-18號,0,0,1,2,C03,6,1,5,50,14,9,2,4,4,5,7,1,1,5,4,5,2,17,1,30,3,10,1,4,7,15,1,10,1,14,,14,16,1,22,9,121.5713993,24.99308653
111,5,28,8,47,2,12內湖區,內湖區成功路3段與陽光街口,0,0,1,1,B03,6,1,5,50,4,1,1,4,4,5,7,2,1,1,5,5,2,11,1,27,3,10,1,1,7,5,1,8,1,6,,8,8,1,22,9,121.589891,25.07749774
111,5,28,8,47,2,12內湖區,內湖區成功路3段與陽光街口,0,0,1,2,C03,6,1,5,50,4,1,1,4,4,5,7,2,1,1,5,5,2,11,2,28,2,7,1,1,7,9,1,10,1,11,,44,8,1,22,9,121.589891,25.07749774
111,5,28,8,48,2,05中正區,中正區中華路2段與中華路2段303巷口口,0,0,1,1,B12,6,1,5,40,4,1,1,4,4,5,7,1,1,5,5,5,1,17,1,63,3,10,1,1,7,11,1,8,2,4,,10,10,1,22,9,121.5048042,25.02924879
111,5,28,8,48,2,05中正區,中正區中華路2段與中華路2段303巷口口,0,0,1,2,C03,6,1,5,40,4,1,1,4,4,5,7,1,1,5,5,5,1,17,1,27,2,9,1,1,7,9,1,10,2,11,,42,10,1,22,9,121.5048042,25.02924879
111,5,28,8,53,2,03中山區,中山區民族東路與松江路口,0,0,1,1,B03,6,1,5,50,4,1,1,4,4,5,7,1,1,1,4,5,2,12,1,45,3,10,1,1,7,6,1,8,1,2,,6,6,1,22,9,121.5330113,25.0681724
111,5,28,8,53,2,03中山區,中山區民族東路與松江路口,0,0,1,2,C03,6,1,5,50,4,1,1,4,4,5,7,1,1,1,4,5,2,12,1,41,2,9,1,1,7,9,1,10,1,14,,44,6,1,22,9,121.5330113,25.0681724
111,5,28,9,13,2,07信義區,信義區信安街與和平東路3段口,0,0,1,1,B12,6,1,5,50,4,1,1,4,4,5,7,1,1,9,4,5,2,17,1,43,3,10,1,1,7,5,1,8,2,5,,6,6,1,22,9,121.5546438,25.0223258
111,5,28,9,13,2,07信義區,信義區信安街與和平東路3段口,0,0,1,2,C03,6,1,5,50,4,1,1,4,4,5,7,1,1,9,4,5,2,17,1,62,2,9,1,1,7,9,1,10,2,12,,44,6,1,22,9,121.5546438,25.0223258
111,5,28,9,24,2,04大安區,大安區復興南路1段與東豐街口,0,0,2,3,H02,7,1,5,50,4,1,1,4,4,5,7,1,1,10,5,5,2,16,2,32,2,9,4,5,7,20,8,20,10,16,,67,25,1,22,9,121.5437425,25.03606353
111,5,28,9,24,2,04大安區,大安區復興南路1段與東豐街口,0,0,2,1,B12,7,1,5,50,4,1,1,4,4,5,7,1,1,10,5,5,2,16,1,62,3,10,1,1,7,5,1,8,1,6,,25,25,1,22,9,121.5437425,25.03606353
111,5,28,9,24,2,04大安區,大安區復興南路1段與東豐街口,0,0,2,2,C03,7,1,5,50,4,1,1,4,4,5,7,1,1,10,5,5,2,16,1,35,2,8,1,1,7,9,1,9,1,11,,44,25,1,22,9,121.5437425,25.03606353
111,5,28,10,4,2,01大同區,大同區赤峰街與承德路2段75巷口,0,0,1,1,B03,6,1,5,30,4,1,1,4,4,5,7,4,4,10,5,5,2,15,2,60,3,10,3,4,7,9,1,8,1,2,,6,6,1,22,9,121.5196605,25.05574109
111,5,28,10,4,2,01大同區,大同區赤峰街與承德路2段75巷口,0,0,1,2,C03,6,1,5,30,4,1,1,4,4,5,7,4,4,10,5,5,2,15,2,57,2,7,1,1,7,9,1,10,1,11,,23,6,1,22,9,121.5196605,25.05574109
111,5,28,10,25,2,05中正區,中正區中華路1段91巷與中華路1段口,0,0,1,1,B01,7,1,5,50,3,1,1,4,4,5,7,4,4,1,4,5,2,17,1,48,3,10,1,1,7,6,1,4,2,15,,9,9,1,22,9,121.50729,25.03799296
111,5,28,10,25,2,05中正區,中正區中華路1段91巷與中華路1段口,0,0,1,2,C03,7,1,5,50,3,1,1,4,4,5,7,4,4,1,4,5,2,17,2,21,2,9,1,1,7,9,1,10,2,14,,42,9,1,22,9,121.50729,25.03799296
111,5,28,10,35,2,05中正區,中正區中山南路與徐州路口口,0,0,1,1,B12,8,1,5,50,3,1,1,4,4,5,7,1,1,3,3,5,2,17,1,34,3,10,1,1,7,1,1,8,1,15,,19,19,1,22,9,121.5184067,25.0419574
111,5,28,10,35,2,05中正區,中正區中山南路與徐州路口口,0,0,1,2,C03,8,1,5,50,3,1,1,4,4,5,7,1,1,3,3,5,2,17,1,56,2,9,1,1,7,9,1,10,1,14,,44,19,1,22,9,121.5184067,25.0419574
111,5,28,11,35,2,05中正區,中正區忠孝西路1段與館前路口,0,0,1,1,B03,7,1,5,50,4,1,1,5,4,5,7,1,1,1,4,5,2,13,2,48,2,1,1,1,7,9,1,8,2,1,,16,16,1,22,9,121.5150358,25.04675169
111,5,28,11,35,2,05中正區,中正區忠孝西路1段與館前路口,0,0,1,2,B01,7,1,5,50,4,1,1,5,4,5,7,1,1,1,4,5,2,13,1,67,3,10,1,1,7,14,1,4,2,3,,44,16,1,22,9,121.5150358,25.04675169
111,5,28,12,0,2,03中山區,中山區長春路116號,0,0,1,1,B03,8,1,5,50,14,8,1,5,4,5,7,3,1,5,4,4,2,16,2,45,3,10,1,1,7,11,1,8,1,5,,26,26,1,22,9,121.5296601,25.05482268
111,5,28,12,0,2,03中山區,中山區長春路116號,0,0,1,2,C03,8,1,5,50,14,8,1,5,4,5,7,3,1,5,4,4,2,16,1,61,2,9,1,1,7,9,1,10,1,11,,44,26,1,22,9,121.5296601,25.05482268
111,5,28,12,24,2,05中正區,中正區思源街與思源街口1號前,0,0,2,1,B01,8,1,5,50,3,1,1,5,4,5,7,1,1,5,4,5,1,17,1,47,3,10,1,1,7,5,1,4,2,4,,6,6,1,22,9,121.530198,25.01348832
111,5,28,12,24,2,05中正區,中正區思源街與思源街口1號前,0,0,2,2,C03,8,1,5,50,3,1,1,5,4,5,7,1,1,5,4,5,1,17,1,49,2,9,1,1,7,9,1,10,2,12,,44,6,1,22,9,121.530198,25.01348832
111,5,28,12,24,2,05中正區,中正區思源街與思源街口1號前,0,0,2,3,H02,8,1,5,50,3,1,1,5,4,5,7,1,1,5,4,5,1,17,2,19,2,9,1,5,7,20,8,20,10,16,,67,6,1,22,9,121.530198,25.01348832
111,5,28,12,49,2,12內湖區,內湖區內湖路2段與成功路3段174巷口,0,0,2,1,C03,7,1,5,50,4,1,1,5,4,5,7,1,1,5,5,5,2,11,2,71,2,9,1,1,7,5,1,10,1,12,,8,8,1,22,9,121.5903287,25.08199824
111,5,28,12,49,2,12內湖區,內湖區內湖路2段與成功路3段174巷口,0,0,2,2,C03,7,1,5,50,4,1,1,5,4,5,7,1,1,5,5,5,2,11,1,40,2,7,1,1,7,9,1,10,1,12,,44,8,1,22,9,121.5903287,25.08199824
111,5,28,13,5,2,03中山區,中山區建國北路2段15號與建國北路2段口前迴轉道,0,0,1,1,C03,8,1,5,50,3,1,1,5,4,5,7,4,4,10,4,5,2,16,1,24,2,9,3,4,7,5,1,10,1,13,,8,8,1,22,9,121.537068,25.05397237
111,5,28,13,5,2,03中山區,中山區建國北路2段15號與建國北路2段口前迴轉道,0,0,1,2,B03,8,1,5,50,3,1,1,5,4,5,7,4,4,10,4,5,2,16,1,33,3,10,3,4,7,9,1,8,1,1,,13,8,1,22,9,121.537068,25.05397237
111,5,28,13,41,2,02萬華區,萬華區華江橋機車道往板橋方向,0,0,3,1,C03,8,1,5,40,8,11,1,5,4,5,7,4,4,3,5,5,2,13,1,22,2,8,1,4,7,9,1,10,1,11,,23,23,1,22,9,121.4886681,25.03581002
111,5,28,13,41,2,02萬華區,萬華區華江橋機車道往板橋方向,0,0,3,2,C03,8,1,5,40,8,11,1,5,4,5,7,4,4,3,5,5,2,13,1,41,2,8,1,4,7,9,1,10,1,13,,44,23,1,22,9,121.4886681,25.03581002
111,5,28,13,41,2,02萬華區,萬華區華江橋機車道往板橋方向,0,0,3,3,H02,8,1,5,40,8,11,1,5,4,5,7,4,4,3,5,5,2,13,2,22,2,8,4,5,7,21,8,20,10,16,,67,23,1,22,9,121.4886681,25.03581002
111,5,28,13,53,2,07信義區,信義區永吉路120巷與松隆路口,0,0,1,1,B03,8,1,5,50,5,2,1,5,4,5,7,1,1,5,4,5,2,11,1,57,3,10,1,1,7,5,1,8,1,4,,43,43,1,22,9,121.570207,25.0455972
111,5,28,13,53,2,07信義區,信義區永吉路120巷與松隆路口,0,0,1,2,C02,8,1,5,50,5,2,1,5,4,5,7,1,1,5,4,5,2,11,1,42,2,7,1,1,7,9,1,9,1,14,,43,43,1,22,9,121.570207,25.0455972
111,5,28,14,33,2,02萬華區,萬華區水源路207-2號,0,0,1,1,B03,8,1,5,40,14,9,1,5,4,5,7,4,4,1,4,5,2,17,1,54,3,10,1,1,7,11,1,4,1,5,,10,10,1,22,9,121.5029109,25.01929326
111,5,28,14,33,2,02萬華區,萬華區水源路207-2號,0,0,1,2,C03,8,1,5,40,14,9,1,5,4,5,7,4,4,1,4,5,2,17,1,51,2,9,1,1,7,9,1,9,1,14,,44,10,1,22,9,121.5029109,25.01929326
111,5,28,14,47,2,02萬華區,萬華區環河南路2段與桂林路口,0,0,1,1,C03,8,1,5,50,4,2,1,5,4,5,7,1,1,5,4,4,1,17,1,62,2,9,1,1,7,7,1,10,1,14,,7,7,1,22,9,121.4973076,25.03851556
111,5,28,14,47,2,02萬華區,萬華區環河南路2段與桂林路口,0,0,1,2,B03,8,1,5,50,4,2,1,5,4,5,7,1,1,5,4,4,1,17,1,47,3,10,1,1,7,6,1,8,1,5,,44,7,1,22,9,121.4973076,25.03851556
111,5,28,15,17,2,01大同區,大同區民權西路與蘭州街口,0,0,3,1,C03,7,1,5,50,4,1,1,5,4,5,7,1,1,9,4,5,2,12,1,30,2,9,1,1,7,5,1,10,1,14,,8,8,1,22,9,121.514856,25.06311759
111,5,28,15,17,2,01大同區,大同區民權西路與蘭州街口,0,0,3,2,C03,7,1,5,50,4,1,1,5,4,5,7,1,1,9,4,5,2,12,1,39,3,10,1,1,7,9,1,10,1,11,,44,8,1,22,9,121.514856,25.06311759
111,5,28,15,17,2,01大同區,大同區民權西路與蘭州街口,0,0,3,3,C03,7,1,5,50,4,1,1,5,4,5,7,1,1,9,4,5,2,12,1,23,2,9,1,1,7,9,1,10,1,14,,16,8,1,22,9,121.514856,25.06311759
111,5,28,15,17,2,01大同區,大同區民權西路與蘭州街口,0,0,3,4,C03,7,1,5,50,4,1,1,5,4,5,7,1,1,9,4,5,2,12,1,38,2,9,1,1,7,9,1,10,1,11,,44,8,1,22,9,121.514856,25.06311759
111,5,28,15,22,2,07信義區,信義區和平東路3段與信安街口口,0,0,1,1,B03,8,1,5,50,4,1,1,5,4,5,7,2,1,1,4,5,2,17,1,68,3,10,1,1,7,5,1,8,1,5,,8,8,1,21,8,121.5546968,25.0224229
111,5,28,15,22,2,07信義區,信義區和平東路3段與信安街口口,0,0,1,2,C03,8,1,5,50,4,1,1,5,4,5,7,2,1,1,4,5,2,17,1,22,2,9,1,1,7,9,1,10,1,11,,44,8,1,21,8,121.5546968,25.0224229
111,5,28,15,23,2,05中正區,中正區和平西路1段與廈門街口,0,0,1,1,C03,8,1,5,50,4,2,1,5,4,5,7,1,1,3,4,5,2,17,1,40,2,9,1,1,7,9,1,10,2,14,,16,16,1,22,9,121.5178211,25.026757
111,5,28,15,23,2,05中正區,中正區和平西路1段與廈門街口,0,0,1,2,B03,8,1,5,50,4,2,1,5,4,5,7,1,1,3,4,5,2,17,2,24,3,10,1,1,7,14,1,8,2,6,,44,16,1,22,9,121.5178211,25.026757
111,5,28,15,23,2,05中正區,中正區和平西路1段與廈門街口,0,0,1,3,B03,8,1,5,50,4,2,1,5,4,5,7,1,1,3,4,5,2,17,1,27,3,10,1,1,7,9,1,8,2,4,,44,16,1,22,9,121.5178211,25.026757
111,5,28,15,46,2,04大安區,大安區建國南路2段171號與建國南路2段口迴轉道,0,0,3,1,C03,8,1,5,50,3,1,1,5,4,5,7,4,4,8,3,4,1,16,2,59,2,9,1,1,7,7,1,10,1,14,,7,7,1,22,9,121.5374925,25.02812161
111,5,28,15,46,2,04大安區,大安區建國南路2段171號與建國南路2段口迴轉道,0,0,3,2,C03,8,1,5,50,3,1,1,5,4,5,7,4,4,8,3,4,1,16,1,23,2,9,1,1,7,9,1,10,1,11,,23,7,1,22,9,121.5374925,25.02812161
111,5,28,15,46,2,04大安區,大安區建國南路2段171號與建國南路2段口迴轉道,0,0,3,3,H02,8,1,5,50,3,1,1,5,4,5,7,4,4,8,3,4,1,16,2,56,2,9,1,1,7,20,8,20,10,16,,67,7,1,22,9,121.5374925,25.02812161
111,5,28,15,54,2,03中山區,中山區中山北路2段11巷與南京東路1段1巷口,0,0,1,1,C03,8,1,5,30,4,1,1,5,4,4,3,4,4,10,5,5,2,15,1,40,2,8,1,1,7,9,1,10,1,12,,6,6,1,22,9,121.5230622,25.0527799
111,5,28,15,54,2,03中山區,中山區中山北路2段11巷與南京東路1段1巷口,0,0,1,2,B03,8,1,5,30,4,1,1,5,4,4,3,4,4,10,5,5,2,15,1,40,3,10,1,1,7,9,1,8,1,1,,14,6,1,22,9,121.5230622,25.0527799
111,5,28,15,54,2,04大安區,大安區敦化南路2段與敦化南路2段63巷口,0,0,1,1,B03,8,1,5,50,4,2,1,5,4,5,7,2,1,1,4,5,2,16,1,33,3,10,3,4,7,5,1,8,1,5,,6,6,1,22,9,121.5491057,25.0309472
111,5,28,15,54,2,04大安區,大安區敦化南路2段與敦化南路2段63巷口,0,0,1,2,C03,8,1,5,50,4,2,1,5,4,5,7,2,1,1,4,5,2,16,1,39,2,9,3,4,7,9,1,10,1,11,,23,6,1,22,9,121.5491057,25.0309472
111,5,28,16,15,2,08士林區,士林區通河西街1段堤外機車練習場,0,0,4,1,C03,8,1,5,50,14,9,1,5,4,5,7,4,4,9,5,5,2,17,1,50,2,9,1,1,7,5,1,10,1,14,,8,8,1,22,9,121.5132649,25.08317968
111,5,28,16,15,2,08士林區,士林區通河西街1段堤外機車練習場,0,0,4,2,C03,8,1,5,50,14,9,1,5,4,5,7,4,4,9,5,5,2,17,1,41,2,9,1,1,7,9,1,10,1,12,,23,8,1,22,9,121.5132649,25.08317968
111,5,28,16,15,2,08士林區,士林區通河西街1段堤外機車練習場,0,0,4,3,H02,8,1,5,50,14,9,1,5,4,5,7,4,4,9,5,5,2,17,2,45,2,9,1,5,7,20,8,20,10,16,,67,8,1,22,9,121.5132649,25.08317968
111,5,28,16,15,2,08士林區,士林區通河西街1段堤外機車練習場,0,0,4,4,H02,8,1,5,50,14,9,1,5,4,5,7,4,4,9,5,5,2,17,2,43,2,9,1,1,7,20,8,20,10,16,,67,8,1,22,9,121.5132649,25.08317968
111,5,28,16,17,2,01大同區,大同區環河快速道路(北往南),0,0,1,1,B03,7,1,5,60,14,9,1,5,4,5,7,4,4,1,3,5,2,13,1,55,3,10,3,4,7,9,1,8,1,1,,16,16,1,22,9,121.5090236,25.07306028
111,5,28,16,17,2,01大同區,大同區環河快速道路(北往南),0,0,1,2,B03,7,1,5,60,14,9,1,5,4,5,7,4,4,1,3,5,2,13,2,34,2,1,3,4,7,14,1,8,1,3,,44,16,1,22,9,121.5090236,25.07306028
111,5,28,16,17,2,01大同區,大同區環河快速道路(北往南),0,0,1,3,B12,7,1,5,60,14,9,1,5,4,5,7,4,4,1,3,5,2,13,1,50,3,10,3,4,7,14,1,8,1,3,,44,16,1,22,9,121.5090236,25.07306028
111,5,28,16,44,2,08士林區,士林區仰德大道2段與仰德大道2段100巷口,0,0,2,1,C03,8,1,5,40,3,2,1,5,4,5,7,1,1,4,5,5,1,13,1,21,2,9,1,1,7,9,3,18,1,11,,16,16,1,22,9,121.5455496,25.10754544
111,5,28,16,44,2,08士林區,士林區仰德大道2段與仰德大道2段100巷口,0,0,2,2,C03,8,1,5,40,3,2,1,5,4,5,7,1,1,4,5,5,1,13,1,31,2,9,1,1,7,9,1,9,1,13,,44,16,1,22,9,121.5455496,25.10754544
111,5,28,17,39,2,04大安區,大安區羅斯福路3段273號,0,0,1,1,B02,8,1,5,50,14,9,1,5,4,5,7,4,4,9,4,5,1,16,1,43,3,10,1,1,7,8,1,8,1,2,,7,7,1,22,9,121.5308004,25.0187226
111,5,28,17,39,2,04大安區,大安區羅斯福路3段273號,0,0,1,2,C03,8,1,5,50,14,9,1,5,4,5,7,4,4,9,4,5,1,16,1,41,2,9,1,1,7,9,1,10,1,14,,44,7,1,22,9,121.5308004,25.0187226
111,5,28,18,5,2,12內湖區,內湖區環山路3段與內湖路2段103巷口,0,0,1,1,C03,8,1,5,50,3,1,1,5,4,5,7,2,1,5,4,4,1,16,1,39,3,10,1,1,7,5,1,10,1,11,,8,8,1,22,9,121.5809158,25.08468337
111,5,28,18,5,2,12內湖區,內湖區環山路3段與內湖路2段103巷口,0,0,1,2,C03,8,1,5,50,3,1,1,5,4,5,7,2,1,5,4,4,1,16,1,21,2,9,1,1,7,9,1,10,1,14,,13,8,1,22,9,121.5809158,25.08468337
111,5,28,18,10,2,11南港區,南港區市民大道7段與玉成街口,0,0,1,1,B03,8,1,5,50,4,1,1,5,4,5,7,1,1,1,4,5,2,16,1,28,3,10,1,1,7,6,1,8,1,5,,9,9,1,22,9,121.5814155,25.0490507
111,5,28,18,10,2,11南港區,南港區市民大道7段與玉成街口,0,0,1,2,C03,8,1,5,50,4,1,1,5,4,5,7,1,1,1,4,5,2,16,1,73,2,9,1,1,7,9,1,10,1,14,,44,9,1,22,9,121.5814155,25.0490507
111,5,28,18,15,2,08士林區,士林區中正路與華光街口,0,0,1,1,C03,8,1,5,50,3,1,1,5,4,5,7,4,4,3,4,5,2,17,2,24,2,9,1,1,7,7,1,10,1,14,,43,43,1,22,9,121.5231924,25.0947468
111,5,28,18,15,2,08士林區,士林區中正路與華光街口,0,0,1,2,B03,8,1,5,50,3,1,1,5,4,5,7,4,4,3,4,5,2,17,1,32,3,10,1,1,7,9,1,8,1,6,,43,43,1,22,9,121.5231924,25.0947468
111,5,28,18,32,2,05中正區,中正區羅斯福路3段與辛亥路1段口,0,0,1,1,B03,7,1,5,50,4,1,1,5,4,5,7,1,1,2,4,5,2,12,1,32,4,11,3,4,7,10,7,19,11,15,,7,7,2,22,9,121.5291914,25.01964724
111,5,28,18,32,2,05中正區,中正區羅斯福路3段與辛亥路1段口,0,0,1,2,C03,7,1,5,50,4,1,1,5,4,5,7,1,1,2,4,5,2,12,2,36,3,10,1,1,7,9,1,10,2,14,,44,7,1,22,9,121.5291914,25.01964724