發生年度,發生月,發生日,發生時-Hours,發生分,處理別-編號,區序,肇事地點,死亡人數,2-30日死亡人數,受傷人數,當事人序號,車種,天候,光線,道路類別,速限-速度限制,道路型態,事故位置,路面狀況1,路面狀況2,路面狀況3,道路障礙1,道路障礙2,號誌1,號誌2,車道劃分-分向,車道劃分-分道1,車道劃分-分道2,車道劃分-分道3,事故類型及型態,性別,年齡,受傷程度,主要傷處,安全帽,行動電話,車輛用途,當事者行動狀態,駕駛資格情形,駕駛執照種類,飲酒情形,車輛撞擊部位1,車輛撞擊部位2,肇因碼-個別,肇因碼-主要,個人肇逃否,職業,旅次目的,座標-X,座標-Y
111,5,28,18,32,2,05中正區,中正區羅斯福路3段與辛亥路1段口,0,0,1,3,H02,7,1,5,50,4,1,1,5,4,5,7,1,1,2,4,5,2,12,2,41,2,8,1,1,7,20,8,20,10,16,,67,7,1,22,9,121.5291914,25.01964724
111,5,28,18,40,2,12內湖區,內湖區新明路與新明路273巷口,0,0,1,1,B03,8,1,5,30,3,2,1,5,4,5,7,4,4,5,5,4,2,17,1,64,3,10,1,1,7,2,1,8,2,7,,12,12,1,22,9,121.5861307,25.0575474
111,5,28,18,40,2,12內湖區,內湖區新明路與新明路273巷口,0,0,1,2,C03,8,1,5,30,3,2,1,5,4,5,7,4,4,5,5,4,2,17,1,59,2,9,1,1,7,9,3,18,9,12,,44,12,1,22,9,121.5861307,25.0575474
111,5,28,18,40,2,12內湖區,內湖區新明路與新明路273巷口,0,0,1,3,B03,8,1,5,30,3,2,1,5,4,5,7,4,4,5,5,4,2,17,1,51,3,10,1,1,7,13,1,8,1,15,,42,12,1,22,9,121.5861307,25.0575474
111,5,28,19,0,2,11南港區,南港區玉成街46號與玉成街42巷口,0,0,1,1,B03,8,3,5,30,3,1,1,5,4,5,7,4,4,5,5,5,2,3,1,29,3,10,3,4,7,1,1,8,2,1,,19,19,1,22,9,121.5815062,25.04841522
111,5,28,19,0,2,11南港區,南港區玉成街46號與玉成街42巷口,0,0,1,2,H01,8,3,5,30,3,1,1,5,4,5,7,4,4,5,5,5,2,3,1,44,2,7,4,5,8,16,8,20,10,16,,67,19,1,22,9,121.5815062,25.04841522
111,5,28,19,45,2,10文山區,文山區忠順街1段9巷與光輝路口,0,0,1,1,B03,7,3,5,50,4,1,1,5,4,5,7,4,4,5,5,5,2,15,1,32,3,10,3,4,7,9,1,8,2,5,,6,6,1,21,8,121.5566018,24.9849273
111,5,28,19,45,2,10文山區,文山區忠順街1段9巷與光輝路口,0,0,1,2,C03,7,3,5,50,4,1,1,5,4,5,7,4,4,5,5,5,2,15,1,23,3,10,3,4,7,9,1,9,2,11,,23,6,1,21,8,121.5566018,24.9849273
111,5,28,19,45,2,10文山區,文山區忠順街1段9巷與光輝路口,0,0,1,3,H02,7,3,5,50,4,1,1,5,4,5,7,4,4,5,5,5,2,15,2,26,2,1,3,5,7,20,8,20,10,16,,67,6,1,21,8,121.5566018,24.9849273
111,5,28,20,10,2,03中山區,中山區長安東路2段178號,0,0,1,1,B03,7,3,5,50,14,9,1,5,4,5,7,4,4,5,4,5,2,17,1,32,3,10,1,4,7,1,1,8,1,8,,19,19,1,22,9,121.5406285,25.0482057
111,5,28,20,10,2,03中山區,中山區長安東路2段178號,0,0,1,2,C03,7,3,5,50,14,9,1,5,4,5,7,4,4,5,4,5,2,17,1,69,2,9,1,4,7,9,1,10,1,14,11,44,19,1,22,9,121.5406285,25.0482057
111,5,28,20,50,2,02萬華區,萬華區和平西路3段214號,0,0,2,1,C03,7,3,5,30,15,9,1,5,4,5,7,4,4,1,4,5,2,17,1,39,2,9,1,1,7,6,1,10,1,14,,6,6,1,22,9,121.4967207,25.0352074
111,5,28,20,50,2,02萬華區,萬華區和平西路3段214號,0,0,2,2,C03,7,3,5,30,15,9,1,5,4,5,7,4,4,1,4,5,2,17,2,45,2,9,1,1,7,9,1,10,1,11,,44,6,1,22,9,121.4967207,25.0352074
111,5,28,20,55,2,08士林區,士林區凱旋路61巷4弄33號,0,0,1,1,B03,8,3,5,30,14,9,1,5,4,5,7,4,4,10,5,5,2,17,1,25,4,11,3,4,7,15,7,19,11,15,,5,5,2,22,9,121.5391536,25.13379592
111,5,28,20,55,2,08士林區,士林區凱旋路61巷4弄33號,0,0,1,2,C03,8,3,5,30,14,9,1,5,4,5,7,4,4,10,5,5,2,17,1,20,2,9,1,1,7,9,1,10,1,11,,22,5,1,21,8,121.5391536,25.13379592
111,5,28,20,55,2,08士林區,士林區凱旋路61巷4弄33號,0,0,1,3,C03,8,3,5,30,14,9,1,5,4,5,7,4,4,10,5,5,2,17,1,32,3,10,1,1,7,13,1,10,1,13,,44,5,1,21,8,121.5391536,25.13379592
111,5,28,20,55,2,08士林區,士林區凱旋路61巷4弄33號,0,0,1,4,B03,8,3,5,30,14,9,1,5,4,5,7,4,4,10,5,5,2,17,2,30,3,10,1,1,7,13,1,8,1,6,,44,5,1,21,8,121.5391536,25.13379592
111,5,28,21,13,2,05中正區,中正區中華路1段與漢口街1段口,0,0,1,1,C03,8,3,5,50,4,2,1,5,4,5,7,1,1,1,3,1,2,13,1,53,2,9,1,1,7,9,1,10,1,11,,44,44,1,22,9,121.5093653,25.04528476
111,5,28,21,13,2,05中正區,中正區中華路1段與漢口街1段口,0,0,1,2,B02,8,3,5,50,4,2,1,5,4,5,7,1,1,1,3,1,2,13,1,51,3,10,1,4,7,12,1,8,1,3,,14,44,1,22,9,121.5093653,25.04528476
111,5,28,21,13,2,06松山區,松山區民生東路4段103號,0,0,1,1,F01,8,3,5,50,14,9,1,5,3,5,7,4,4,1,4,5,2,18,1,32,2,1,1,1,7,9,8,20,9,16,,42,42,1,22,9,121.5527522,25.05808977
111,5,28,21,13,2,06松山區,松山區民生東路4段103號,0,0,1,2,,8,3,5,50,14,9,1,5,3,5,7,4,4,1,4,5,2,18,3,,,,,,,,,,,,,61,42,1,,,121.5527522,25.05808977
111,5,28,21,29,2,10文山區,文山區老泉街45巷燈桿178號,0,0,1,1,C03,7,3,5,30,11,9,1,4,4,5,7,4,4,10,5,5,1,18,1,32,2,9,3,4,7,6,1,10,2,12,,13,13,1,22,9,121.5794691,24.97010302
111,5,28,21,29,2,10文山區,文山區老泉街45巷燈桿178號,0,0,1,2,,7,3,5,30,11,9,1,4,4,5,7,4,4,10,5,5,1,18,3,,,,,,,,,,10,,,67,13,1,,,121.5794691,24.97010302
111,5,28,21,40,2,12內湖區,內湖區康寧路3段70巷與康寧路3段165巷口,0,0,2,1,C03,8,3,5,50,4,2,1,5,4,1,7,1,1,1,4,4,2,11,1,17,2,8,1,1,7,5,2,18,9,12,,6,6,1,22,9,121.6112075,25.07036154
111,5,28,21,40,2,12內湖區,內湖區康寧路3段70巷與康寧路3段165巷口,0,0,2,2,B01,8,3,5,50,4,2,1,5,4,1,7,1,1,1,4,4,2,11,1,45,3,10,1,3,7,11,1,4,1,1,,44,6,1,22,9,121.6112075,25.07036154
111,5,28,21,40,2,12內湖區,內湖區康寧路3段70巷與康寧路3段165巷口,0,0,2,3,H02,8,3,5,50,4,2,1,5,4,1,7,1,1,1,4,4,2,11,1,18,2,8,1,1,7,21,8,20,11,15,,67,6,1,22,9,121.6112075,25.07036154
111,5,28,21,50,2,05中正區,中正區八德路1段與臨沂街口,0,0,1,1,B01,8,3,5,50,3,1,1,5,4,5,7,2,1,5,4,5,2,17,1,55,3,10,1,1,7,5,1,4,2,15,,8,8,1,22,9,121.5307447,25.04384683
111,5,28,21,50,2,05中正區,中正區八德路1段與臨沂街口,0,0,1,2,C03,8,3,5,50,3,1,1,5,4,5,7,2,1,5,4,5,2,17,1,48,2,9,1,1,7,9,1,10,2,14,,13,8,1,22,9,121.5307447,25.04384683
111,5,28,22,28,2,09北投區,北投區湖山路1段與湖山路1段6巷口,0,0,2,1,B03,8,3,5,40,3,1,1,5,4,5,7,4,4,4,5,5,2,19,1,27,2,9,1,4,7,15,1,2,1,1,,23,23,1,22,9,121.5489001,25.1522471
111,5,28,22,28,2,09北投區,北投區湖山路1段與湖山路1段6巷口,0,0,2,2,,8,3,5,40,3,1,1,5,4,5,7,4,4,4,5,5,2,19,3,,,,,,,,,,,,,67,23,1,,,121.5489001,25.1522471
111,5,28,22,28,2,09北投區,北投區湖山路1段與湖山路1段6巷口,0,0,2,3,H02,8,3,5,40,3,1,1,5,4,5,7,4,4,4,5,5,2,19,2,26,2,9,1,5,7,20,8,20,10,16,,67,23,1,22,9,121.5489001,25.1522471
111,5,28,23,42,2,02萬華區,萬華區民和街與民和街81巷口,0,0,2,1,C03,8,4,5,30,4,1,5,5,4,5,7,4,4,10,5,5,1,16,1,35,2,8,1,1,7,9,1,10,2,14,,6,6,1,22,9,121.4979787,25.02556537
111,5,28,23,42,2,02萬華區,萬華區民和街與民和街81巷口,0,0,2,2,C03,8,4,5,30,4,1,5,5,4,5,7,4,4,10,5,5,1,16,1,33,2,9,1,1,7,9,1,10,2,11,,13,6,1,22,9,121.4979787,25.02556537
111,5,29,0,35,2,08士林區,士林區仰德大道4段與仁民路口,0,0,1,1,C03,8,3,5,40,3,2,1,5,4,5,7,4,4,9,4,5,1,17,1,18,3,10,1,1,7,5,1,10,1,14,,8,8,1,22,9,121.5458711,25.13398922
111,5,29,0,35,2,08士林區,士林區仰德大道4段與仁民路口,0,0,1,2,C02,8,3,5,40,3,2,1,5,4,5,7,4,4,9,4,5,1,17,1,42,2,5,1,1,7,9,1,9,1,11,,23,8,1,22,9,121.5458711,25.13398922
111,5,29,4,44,2,02萬華區,萬華區中華路2段416巷與西藏路125巷口,0,0,1,1,B01,7,3,5,30,4,1,1,5,4,5,7,3,1,9,5,5,2,15,1,48,3,10,1,1,7,9,1,4,1,1,,6,6,1,22,9,121.5031273,25.0267893
111,5,29,4,44,2,02萬華區,萬華區中華路2段416巷與西藏路125巷口,0,0,1,2,C03,7,3,5,30,4,1,1,5,4,5,7,3,1,9,5,5,2,15,1,38,2,9,1,1,7,9,1,10,1,12,,44,6,1,22,9,121.5031273,25.0267893
111,5,29,4,52,2,07信義區,信義區信義路5段180號,0,0,1,1,B01,8,1,5,40,14,9,1,5,4,5,7,4,4,10,4,5,2,13,1,49,3,10,1,1,7,9,1,4,2,1,,23,23,1,22,9,121.5743014,25.0332874
111,5,29,4,52,2,07信義區,信義區信義路5段180號,0,0,1,2,C03,8,1,5,40,14,9,1,5,4,5,7,4,4,10,4,5,2,13,1,40,2,6,1,1,7,14,1,10,2,13,,44,23,1,22,9,121.5743014,25.0332874
111,5,29,7,34,2,05中正區,中正區汀州路3段與基隆路4段口口,0,0,1,1,B03,8,1,5,50,14,8,1,5,4,5,7,1,1,1,4,1,2,15,1,43,3,10,1,1,7,9,1,8,1,1,,25,25,1,22,9,121.5362709,25.0110025
111,5,29,7,34,2,05中正區,中正區汀州路3段與基隆路4段口口,0,0,1,2,C03,8,1,5,50,14,8,1,5,4,5,7,1,1,1,4,1,2,15,1,25,2,9,1,1,7,9,1,10,1,14,,44,25,1,22,9,121.5362709,25.0110025
111,5,29,8,39,2,03中山區,中山區市民大道2段無名巷,0,0,1,1,B12,8,1,5,40,15,9,1,5,4,5,7,4,4,10,5,5,2,16,1,62,3,10,1,1,7,5,1,8,1,2,,6,6,1,22,9,121.5236167,25.04811246
111,5,29,8,39,2,03中山區,中山區市民大道2段無名巷,0,0,1,2,C03,8,1,5,40,15,9,1,5,4,5,7,4,4,10,5,5,2,16,1,30,2,9,1,1,7,9,1,10,1,14,,44,6,1,22,9,121.5236167,25.04811246
111,5,29,9,34,2,02萬華區,萬華區堤外便道近雙園039燈桿,0,0,1,1,C03,8,1,5,40,14,9,1,5,4,5,7,4,4,10,5,5,1,17,1,58,3,10,1,1,7,1,1,10,2,13,,19,19,1,22,9,121.489128,25.03381292
111,5,29,9,34,2,02萬華區,萬華區堤外便道近雙園039燈桿,0,0,1,2,C03,8,1,5,40,14,9,1,5,4,5,7,4,4,10,5,5,1,17,2,26,2,9,1,1,7,9,1,10,2,11,,44,19,1,22,9,121.489128,25.03381292
111,5,29,10,17,2,08士林區,士林區文林路與文林路404巷口,0,0,2,1,C03,8,1,5,50,3,1,1,5,4,5,7,4,4,5,5,5,1,17,1,24,3,10,1,4,7,11,1,9,1,13,,10,10,1,22,9,121.5249438,25.094265
111,5,29,10,17,2,08士林區,士林區文林路與文林路404巷口,0,0,2,2,C03,8,1,5,50,3,1,1,5,4,5,7,4,4,5,5,5,1,17,1,67,2,9,1,1,7,9,1,10,1,11,,44,10,1,22,9,121.5249438,25.094265
111,5,29,10,17,2,08士林區,士林區文林路與文林路404巷口,0,0,2,3,H02,8,1,5,50,3,1,1,5,4,5,7,4,4,5,5,5,1,17,2,64,2,9,4,5,7,20,8,20,10,16,,67,10,1,22,9,121.5249438,25.094265
111,5,29,10,26,2,09北投區,北投區新市街與磺港路口,0,0,1,1,C03,8,1,5,50,3,2,1,5,4,5,7,4,4,5,5,5,2,16,2,61,2,7,3,4,7,1,1,10,1,14,,19,19,1,22,9,121.5028109,25.13289439
111,5,29,10,26,2,09北投區,北投區新市街與磺港路口,0,0,1,2,B03,8,1,5,50,3,2,1,5,4,5,7,4,4,5,5,5,2,16,2,44,3,10,3,4,7,9,1,8,1,2,,44,19,1,22,9,121.5028109,25.13289439
111,5,29,10,38,2,04大安區,大安區建國南路2段與瑞安街256巷口口,0,0,1,1,C03,8,1,5,30,3,1,1,5,4,5,7,3,1,1,4,5,2,15,1,56,3,10,3,4,7,9,1,10,1,11,,23,23,1,22,9,121.5380507,25.02773166
111,5,29,10,38,2,04大安區,大安區建國南路2段與瑞安街256巷口口,0,0,1,2,F01,8,1,5,30,3,1,1,5,4,5,7,3,1,1,4,5,2,15,2,21,2,8,1,1,7,9,8,20,1,16,,42,23,1,22,9,121.5380507,25.02773166
111,5,29,11,2,2,03中山區,中山區中山北路2段與長春路口,0,0,1,1,C03,8,1,5,50,4,1,1,5,4,5,7,1,1,5,4,4,2,17,1,26,2,9,1,1,7,12,6,18,2,12,,13,13,1,22,9,121.5227461,25.0549589
111,5,29,11,2,2,03中山區,中山區中山北路2段與長春路口,0,0,1,2,C03,8,1,5,50,4,1,1,5,4,5,7,1,1,5,4,4,2,17,1,52,3,10,1,1,7,9,1,10,2,15,,44,13,1,22,9,121.5227461,25.0549589
111,5,29,11,8,2,02萬華區,萬華區雁鴨雙園河濱公園(自行車道),0,0,1,1,F01,8,1,7,0,14,9,1,5,4,5,7,4,4,10,5,5,1,11,1,10,3,10,1,1,7,9,8,20,1,16,,17,17,1,22,9,121.4936072,25.03832107
111,5,29,11,8,2,02萬華區,萬華區雁鴨雙園河濱公園(自行車道),0,0,1,2,F01,8,1,7,0,14,9,1,5,4,5,7,4,4,10,5,5,1,11,1,16,2,9,1,1,7,9,8,20,1,16,,17,17,1,22,9,121.4936072,25.03832107
111,5,29,11,18,2,03中山區,中山區建國北路2段與四平街口,0,0,2,1,B12,8,1,5,50,3,2,1,5,4,5,7,4,4,9,4,5,1,12,1,60,3,10,1,1,7,8,1,8,1,2,,7,7,1,22,9,121.536595,25.05358294
111,5,29,11,18,2,03中山區,中山區建國北路2段與四平街口,0,0,2,2,C03,8,1,5,50,3,2,1,5,4,5,7,4,4,9,4,5,1,12,1,56,2,9,1,1,7,9,1,10,1,14,,44,7,1,22,9,121.536595,25.05358294
111,5,29,11,18,2,03中山區,中山區建國北路2段與四平街口,0,0,2,3,H02,8,1,5,50,3,2,1,5,4,5,7,4,4,9,4,5,1,12,2,52,2,7,1,5,7,21,8,20,10,15,,67,7,1,22,9,121.536595,25.05358294
111,5,29,11,35,2,04大安區,大安區和平東路3段與敦化南路2段口,0,0,1,1,B03,8,1,5,50,4,2,1,5,4,5,7,1,1,1,4,5,2,17,1,63,3,10,1,1,7,5,1,8,1,4,,43,43,1,22,9,121.549,25.024583
111,5,29,11,35,2,04大安區,大安區和平東路3段與敦化南路2段口,0,0,1,2,C03,8,1,5,50,4,2,1,5,4,5,7,1,1,1,4,5,2,17,1,22,2,9,1,1,7,9,1,10,1,12,,43,43,1,22,9,121.549,25.024583
111,5,29,11,35,2,06松山區,松山區新中街與民權東路4段口往西,0,0,2,1,C03,8,1,5,40,14,8,1,5,4,5,7,4,4,1,4,4,2,17,2,44,3,10,1,4,7,8,1,10,2,15,,7,7,1,22,9,121.5598851,25.06249885
111,5,29,11,35,2,06松山區,松山區新中街與民權東路4段口往西,0,0,2,2,C03,8,1,5,40,14,8,1,5,4,5,7,4,4,1,4,4,2,17,2,35,2,8,1,4,7,9,1,10,2,15,,16,7,1,22,9,121.5598851,25.06249885
111,5,29,11,35,2,06松山區,松山區新中街與民權東路4段口往西,0,0,2,3,H02,8,1,5,40,14,8,1,5,4,5,7,4,4,1,4,4,2,17,1,44,2,8,1,5,7,20,8,20,10,16,,67,7,1,22,9,121.5598851,25.06249885
111,5,29,11,40,2,03中山區,中山區建國北路2段與建國北路2段33巷口,0,0,1,1,C03,8,1,5,50,5,1,1,5,4,5,7,4,4,1,4,5,2,16,1,18,2,9,1,4,7,1,1,10,2,14,,19,19,1,22,9,121.5371301,25.05538962
111,5,29,11,40,2,03中山區,中山區建國北路2段與建國北路2段33巷口,0,0,1,2,A12,8,1,5,50,5,1,1,5,4,5,7,4,4,1,4,5,2,16,1,23,3,10,3,4,7,9,1,3,2,2,,44,19,1,22,9,121.5371301,25.05538962
111,5,29,11,56,2,04大安區,大安區和平東路1段與和平東路1段141巷口,0,0,1,1,C03,8,1,5,50,4,1,1,5,4,5,7,2,1,1,4,4,2,13,2,35,2,9,1,1,7,9,1,10,2,11,,16,16,1,22,9,121.5304155,25.02648198
111,5,29,11,56,2,04大安區,大安區和平東路1段與和平東路1段141巷口,0,0,1,2,B01,8,1,5,50,4,1,1,5,4,5,7,2,1,1,4,4,2,13,1,65,3,10,1,1,7,6,1,8,2,7,,9,16,1,22,9,121.5304155,25.02648198
111,5,29,11,57,2,10文山區,文山區木柵路5段與文和橋口,0,0,3,1,B03,8,1,5,50,14,9,2,5,4,5,7,1,1,5,4,5,2,17,1,33,2,6,3,4,7,5,1,8,2,2,,6,6,1,22,9,121.5951012,25.00205558
111,5,29,11,57,2,10文山區,文山區木柵路5段與文和橋口,0,0,3,2,C03,8,1,5,50,14,9,2,5,4,5,7,1,1,5,4,5,2,17,1,19,2,9,1,4,7,9,1,10,2,11,,23,6,1,22,9,121.5951012,25.00205558
111,5,29,11,57,2,10文山區,文山區木柵路5段與文和橋口,0,0,3,3,B01,8,1,5,50,14,9,2,5,4,5,7,1,1,5,4,5,2,17,1,67,3,10,3,4,7,14,1,4,2,8,,44,6,1,22,9,121.5951012,25.00205558
111,5,29,11,57,2,10文山區,文山區木柵路5段與文和橋口,0,0,3,4,H02,8,1,5,50,14,9,2,5,4,5,7,1,1,5,4,5,2,17,2,16,2,9,1,5,7,17,8,20,10,16,,67,6,1,22,9,121.5951012,25.00205558
111,5,29,11,57,2,12內湖區,內湖區安康路25巷與成功路2段115巷49弄口,0,0,1,1,B12,8,1,5,50,4,2,1,5,4,5,7,3,1,5,5,5,2,16,1,58,3,10,1,1,7,5,6,18,2,4,,23,23,1,22,9,121.5933933,25.06442192
111,5,29,11,57,2,12內湖區,內湖區安康路25巷與成功路2段115巷49弄口,0,0,1,2,C03,8,1,5,50,4,2,1,5,4,5,7,3,1,5,5,5,2,16,1,35,2,9,1,1,7,14,1,10,2,11,,6,23,1,22,9,121.5933933,25.06442192
111,5,29,12,15,2,04大安區,大安區敦化南路2段與敦化南路2段63巷口無名巷,0,0,1,1,C04,8,1,5,30,4,1,1,5,4,5,7,4,4,10,4,5,2,17,2,47,3,10,1,1,7,9,1,10,1,15,,6,6,1,22,9,121.5507766,25.0309344
111,5,29,12,15,2,04大安區,大安區敦化南路2段與敦化南路2段63巷口無名巷,0,0,1,2,C03,8,1,5,30,4,1,1,5,4,5,7,4,4,10,4,5,2,17,1,43,2,9,1,1,7,9,1,10,1,15,,44,6,1,22,9,121.5507766,25.0309344
111,5,29,12,15,2,08士林區,士林區中山北路5段與中正路口,0,0,2,1,C03,8,1,5,50,4,2,1,5,4,5,7,1,1,1,4,5,2,13,1,56,2,9,1,1,7,9,1,10,1,11,,23,23,1,22,9,121.5278118,25.09570309
111,5,29,12,15,2,08士林區,士林區中山北路5段與中正路口,0,0,2,2,B03,8,1,5,50,4,2,1,5,4,5,7,1,1,1,4,5,2,13,1,31,3,10,1,1,7,14,1,8,1,7,,44,23,1,22,9,121.5278118,25.09570309
111,5,29,12,15,2,08士林區,士林區中山北路5段與中正路口,0,0,2,3,H02,8,1,5,50,4,2,1,5,4,5,7,1,1,1,4,5,2,13,2,50,2,9,1,1,7,20,8,20,10,16,,67,23,1,22,9,121.5278118,25.09570309
111,5,29,12,21,2,12內湖區,內湖區環山路1段56號,0,0,2,1,C03,8,1,5,50,14,9,1,5,4,5,7,4,4,10,5,5,1,12,1,40,2,9,1,1,7,11,1,10,2,14,,10,10,1,22,9,121.5659635,25.08638403
111,5,29,12,21,2,12內湖區,內湖區環山路1段56號,0,0,2,2,C01,8,1,5,50,14,9,1,5,4,5,7,4,4,10,5,5,1,12,1,32,2,9,1,1,7,9,1,9,2,12,,44,10,1,22,9,121.5659635,25.08638403
111,5,29,12,30,2,03中山區,中山區吉林路371號,0,0,1,1,B03,8,1,5,50,14,7,1,5,4,5,7,4,4,9,4,4,2,12,2,46,3,10,3,4,7,8,1,8,1,2,,7,7,1,22,9,121.5303812,25.06498066
111,5,29,12,30,2,03中山區,中山區吉林路371號,0,0,1,2,C03,8,1,5,50,14,7,1,5,4,5,7,4,4,9,4,4,2,12,2,31,2,9,3,4,7,9,1,10,1,14,,44,7,1,22,9,121.5303812,25.06498066
111,5,29,12,33,2,05中正區,中正區汀州路3段142號,0,0,2,1,C03,8,1,5,50,14,9,1,5,4,5,7,4,4,9,4,5,2,12,1,44,2,9,1,1,7,11,1,10,2,14,,10,10,1,22,9,121.5341141,25.0139087
111,5,29,12,33,2,05中正區,中正區汀州路3段142號,0,0,2,2,C03,8,1,5,50,14,9,1,5,4,5,7,4,4,9,4,5,2,12,2,20,2,9,1,1,7,9,1,10,2,11,,44,10,1,22,9,121.5341141,25.0139087
111,5,29,12,45,2,02萬華區,萬華區西園路2段139號,0,0,2,1,C03,8,1,5,50,14,9,1,5,4,5,7,4,4,1,4,5,2,17,1,20,2,9,1,1,7,7,1,10,1,14,,7,7,1,22,9,121.4961058,25.02961267
111,5,29,12,45,2,02萬華區,萬華區西園路2段139號,0,0,2,2,C03,8,1,5,50,14,9,1,5,4,5,7,4,4,1,4,5,2,17,2,73,2,8,1,1,7,9,1,10,1,12,,26,7,1,22,9,121.4961058,25.02961267
111,5,29,13,0,2,07信義區,信義區基隆路車行地下道北向南,0,0,2,1,C02,8,3,5,50,14,7,1,5,4,5,7,4,4,10,1,5,2,13,1,34,2,7,1,1,7,9,1,9,2,11,,16,16,1,22,9,121.5629585,25.0386891
111,5,29,13,0,2,07信義區,信義區基隆路車行地下道北向南,0,0,2,2,B01,8,3,5,50,14,7,1,5,4,5,7,4,4,10,1,5,2,13,1,52,3,10,1,1,7,9,1,4,2,3,,44,16,1,22,9,121.5629585,25.0386891
111,5,29,13,0,2,07信義區,信義區基隆路車行地下道北向南,0,0,2,3,H02,8,3,5,50,14,7,1,5,4,5,7,4,4,10,1,5,2,13,1,49,2,9,4,5,7,20,8,20,10,16,,67,16,1,22,9,121.5629585,25.0386891
111,5,29,13,2,2,08士林區,士林區格致路7號對面,0,0,1,1,C03,8,1,5,30,14,9,1,5,4,5,7,4,4,10,5,5,1,17,1,25,3,10,1,1,7,9,1,10,1,11,,16,16,1,22,9,121.5461921,25.13694503
111,5,29,13,2,2,08士林區,士林區格致路7號對面,0,0,1,2,C03,8,1,5,30,14,9,1,5,4,5,7,4,4,10,5,5,1,17,2,26,2,7,1,1,7,9,1,10,1,13,,44,16,1,22,9,121.5461921,25.13694503
111,5,29,13,8,2,03中山區,中山區新生北路1段與長安東路1段口北側迴轉道,0,0,1,1,B02,8,1,5,50,4,2,1,5,4,5,7,1,1,1,4,5,2,12,2,22,3,10,1,1,7,5,1,8,1,4,,8,8,1,22,9,121.528074,25.0504408
111,5,29,13,8,2,03中山區,中山區新生北路1段與長安東路1段口北側迴轉道,0,0,1,2,C03,8,1,5,50,4,2,1,5,4,5,7,1,1,1,4,5,2,12,1,31,2,9,1,1,7,9,1,10,1,12,,44,8,1,22,9,121.528074,25.0504408
111,5,29,13,52,2,02萬華區,萬華區光復橋往台北市,0,0,2,1,C03,7,1,5,50,11,9,1,5,4,5,7,4,4,1,5,5,2,16,1,43,2,9,1,1,7,9,1,10,9,15,,43,43,1,22,9,121.4907274,25.02436716
111,5,29,13,52,2,02萬華區,萬華區光復橋往台北市,0,0,2,2,C03,7,1,5,50,11,9,1,5,4,5,7,4,4,1,5,5,2,16,1,46,2,9,1,1,7,9,1,10,2,14,,43,43,1,22,9,121.4907274,25.02436716
111,5,29,13,59,2,03中山區,中山區松江路133巷與南京東路2段115巷口,0,0,1,1,C03,8,1,5,30,4,1,1,5,4,5,7,4,4,1,5,5,2,15,1,55,2,9,1,4,7,9,1,10,1,11,,6,6,1,22,9,121.5336329,25.05433019
111,5,29,13,59,2,03中山區,中山區松江路133巷與南京東路2段115巷口,0,0,1,2,B01,8,1,5,30,4,1,1,5,4,5,7,4,4,1,5,5,2,15,1,35,3,10,3,4,7,9,1,4,1,2,,23,6,1,22,9,121.5336329,25.05433019
111,5,29,14,30,2,05中正區,中正區博愛路與廣州街口,0,0,1,1,B03,8,1,5,30,4,1,1,5,4,5,7,4,4,1,4,5,2,17,1,60,3,10,1,1,7,5,1,8,1,15,,6,6,1,22,9,121.5106698,25.03496841
111,5,29,14,30,2,05中正區,中正區博愛路與廣州街口,0,0,1,2,C03,8,1,5,30,4,1,1,5,4,5,7,4,4,1,4,5,2,17,1,32,2,9,1,1,7,9,1,10,1,14,,14,6,1,22,9,121.5106698,25.03496841
111,5,29,14,38,2,08士林區,士林區仰德大道2段與仰德大道2段33巷口,0,0,2,1,B03,8,1,5,40,14,9,1,5,4,5,7,4,4,4,5,5,1,12,1,20,3,10,1,1,7,9,1,8,2,2,,23,23,1,22,9,121.5428817,25.10427567
111,5,29,14,38,2,08士林區,士林區仰德大道2段與仰德大道2段33巷口,0,0,2,2,C03,8,1,5,40,14,9,1,5,4,5,7,4,4,4,5,5,1,12,1,39,2,9,1,1,7,9,1,10,2,14,,44,23,1,22,9,121.5428817,25.10427567
111,5,29,14,38,2,08士林區,士林區仰德大道2段與仰德大道2段33巷口,0,0,2,3,H02,8,1,5,40,14,9,1,5,4,5,7,4,4,4,5,5,1,12,2,38,2,9,4,5,7,20,8,20,10,16,,67,23,1,22,9,121.5428817,25.10427567
111,5,29,14,40,2,04大安區,大安區新生南路2段與金華街口人行道,0,0,1,1,C03,8,1,8,0,15,20,4,5,4,5,7,4,4,10,5,5,2,17,2,38,3,10,1,1,7,3,1,10,1,15,,26,26,1,22,9,121.5338867,25.03065267
111,5,29,14,40,2,04大安區,大安區新生南路2段與金華街口人行道,0,0,1,2,F01,8,1,8,0,15,20,4,5,4,5,7,4,4,10,5,5,2,17,1,36,2,7,1,1,7,9,8,20,1,16,,44,26,1,22,9,121.5338867,25.03065267
111,5,29,14,40,2,04大安區,大安區新生南路2段與金華街口人行道,0,0,1,3,H02,8,1,8,0,15,20,4,5,4,5,7,4,4,10,5,5,2,17,2,43,3,10,1,1,7,20,8,20,10,16,,67,26,1,22,9,121.5338867,25.03065267
111,5,29,15,10,2,07信義區,信義區松信路與市民大道6段口,0,0,1,1,C03,8,1,5,50,4,1,1,5,4,5,7,1,1,9,4,5,2,16,1,40,3,10,1,1,7,5,1,10,1,14,,8,8,1,22,9,121.5722256,25.0492172