發生年度,發生月,發生日,發生時-Hours,發生分,處理別-編號,區序,肇事地點,死亡人數,2-30日死亡人數,受傷人數,當事人序號,車種,天候,光線,道路類別,速限-速度限制,道路型態,事故位置,路面狀況1,路面狀況2,路面狀況3,道路障礙1,道路障礙2,號誌1,號誌2,車道劃分-分向,車道劃分-分道1,車道劃分-分道2,車道劃分-分道3,事故類型及型態,性別,年齡,受傷程度,主要傷處,安全帽,行動電話,車輛用途,當事者行動狀態,駕駛資格情形,駕駛執照種類,飲酒情形,車輛撞擊部位1,車輛撞擊部位2,肇因碼-個別,肇因碼-主要,個人肇逃否,職業,旅次目的,座標-X,座標-Y
111,5,29,15,10,2,07信義區,信義區松信路與市民大道6段口,0,0,1,2,C04,8,1,5,50,4,1,1,5,4,5,7,1,1,9,4,5,2,16,2,32,2,9,1,1,7,9,1,10,1,11,,44,8,1,22,9,121.5722256,25.0492172
111,5,29,15,18,2,04大安區,大安區建國南路2段75號對面,0,0,2,1,C03,8,1,5,50,14,9,1,5,4,5,7,1,1,9,4,5,1,13,1,33,2,9,1,1,7,9,1,10,1,11,,16,16,1,22,9,121.537459,25.0280963
111,5,29,15,18,2,04大安區,大安區建國南路2段75號對面,0,0,2,2,C03,8,1,5,50,14,9,1,5,4,5,7,1,1,9,4,5,1,13,1,19,3,10,1,1,7,14,1,10,1,13,,44,16,1,22,9,121.537459,25.0280963
111,5,29,15,18,2,04大安區,大安區建國南路2段75號對面,0,0,2,3,C03,8,1,5,50,14,9,1,5,4,5,7,1,1,9,4,5,1,13,1,19,2,8,1,1,7,14,1,10,1,13,,44,16,1,22,9,121.537459,25.0280963
111,5,29,15,30,2,09北投區,北投區致遠一路1段46巷與西安街1段口,0,0,2,1,C03,8,1,5,50,4,1,1,5,4,5,7,2,1,5,5,5,1,16,1,35,2,9,1,1,7,5,1,10,1,12,,6,6,1,22,9,121.5180641,25.1104211
111,5,29,15,30,2,09北投區,北投區致遠一路1段46巷與西安街1段口,0,0,2,2,C03,8,1,5,50,4,1,1,5,4,5,7,2,1,5,5,5,1,16,1,19,2,9,1,1,7,9,1,10,1,11,,13,6,1,22,9,121.5180641,25.1104211
111,5,29,15,44,2,10文山區,文山區羅斯福路6段與景華街口,0,0,1,1,B03,8,1,5,50,4,1,1,5,4,5,7,2,1,1,4,5,2,16,1,67,3,10,1,1,7,6,1,8,1,5,,9,9,1,22,9,121.5413124,24.9949103
111,5,29,15,44,2,10文山區,文山區羅斯福路6段與景華街口,0,0,1,2,C03,8,1,5,50,4,1,1,5,4,5,7,2,1,1,4,5,2,16,1,33,2,8,1,1,7,9,1,10,1,14,,44,9,1,22,9,121.5413124,24.9949103
111,5,29,15,50,2,03中山區,中山區崇實路62號停車格,0,0,3,1,B03,8,1,5,40,14,9,1,5,4,4,7,4,4,1,4,5,1,5,1,57,2,3,1,1,7,9,3,18,2,5,,23,23,1,22,9,121.5443776,25.08078581
111,5,29,15,50,2,03中山區,中山區崇實路62號停車格,0,0,3,2,H01,8,1,5,40,14,9,1,5,4,4,7,4,4,1,4,5,1,5,1,39,2,9,4,5,8,17,8,20,10,16,,59,23,1,22,9,121.5443776,25.08078581
111,5,29,15,50,2,03中山區,中山區崇實路62號停車格,0,0,3,3,H01,8,1,5,40,14,9,1,5,4,4,7,4,4,1,4,5,1,5,1,19,2,7,4,5,8,17,8,20,10,16,,59,23,1,22,9,121.5443776,25.08078581
111,5,29,15,51,2,07信義區,信義區基隆路2段與嘉興街216巷口,0,0,1,2,C03,8,1,5,50,4,1,1,5,4,5,7,2,1,9,4,5,1,16,2,20,2,4,1,1,7,9,1,10,2,11,,44,25,1,22,9,121.5560654,25.02731232
111,5,29,15,51,2,07信義區,信義區基隆路2段與嘉興街216巷口,0,0,1,1,C03,8,1,5,50,4,1,1,5,4,5,7,2,1,9,4,5,1,16,2,58,3,10,1,1,7,9,3,18,9,14,,25,25,2,22,9,121.5560654,25.02731232
111,5,29,16,0,2,05中正區,中正區水源路169-1號前,0,0,1,1,B03,8,1,5,50,14,9,1,5,4,5,7,4,4,3,4,3,2,12,1,24,3,10,1,1,7,9,1,8,1,2,,17,17,1,22,9,121.5145015,25.02405405
111,5,29,16,0,2,05中正區,中正區水源路169-1號前,0,0,1,2,C03,8,1,5,50,14,9,1,5,4,5,7,4,4,3,4,3,2,12,1,67,2,9,1,1,7,9,1,10,1,14,,17,17,1,22,9,121.5145015,25.02405405
111,5,29,16,8,2,12內湖區,內湖區大湖街137號,0,0,1,1,C03,8,1,5,30,11,9,1,5,4,5,7,4,4,10,5,5,1,10,2,58,2,9,1,1,7,9,1,10,1,11,,5,5,1,22,9,121.6051144,25.09969363
111,5,29,16,8,2,12內湖區,內湖區大湖街137號,0,0,1,2,B03,8,1,5,30,11,9,1,5,4,5,7,4,4,10,5,5,1,10,1,40,3,10,1,1,7,12,1,8,1,8,,44,5,1,22,9,121.6051144,25.09969363
111,5,29,16,26,2,09北投區,北投區立賢路與承德路7段口,0,0,3,1,C03,8,1,5,60,4,2,1,5,4,5,7,2,1,1,4,4,1,13,1,34,2,9,1,1,7,9,1,10,1,11,,23,23,1,22,9,121.5048985,25.1162523
111,5,29,16,26,2,09北投區,北投區立賢路與承德路7段口,0,0,3,2,C03,8,1,5,60,4,2,1,5,4,5,7,2,1,1,4,4,1,13,2,38,2,9,1,1,7,14,1,10,1,13,,44,23,1,22,9,121.5048985,25.1162523
111,5,29,16,26,2,09北投區,北投區立賢路與承德路7段口,0,0,3,3,H02,8,1,5,60,4,2,1,5,4,5,7,2,1,1,4,4,1,13,2,42,2,9,4,5,7,20,8,20,10,16,,67,23,1,22,9,121.5048985,25.1162523
111,5,29,16,41,2,10文山區,文山區景文街56號前,0,0,1,1,B01,8,1,5,40,14,8,1,5,4,5,7,4,4,5,5,4,2,17,1,48,3,10,1,1,7,15,1,8,2,4,,40,40,1,22,9,121.5412596,24.9910284
111,5,29,16,41,2,10文山區,文山區景文街56號前,0,0,1,2,C03,8,1,5,40,14,8,1,5,4,5,7,4,4,5,5,4,2,17,1,59,2,9,1,1,7,9,1,10,2,12,,44,40,1,22,9,121.5412596,24.9910284
111,5,29,16,49,2,12內湖區,內湖區堤外便道近五分吊橋,0,0,1,1,F01,8,1,5,50,14,9,1,5,4,5,7,4,4,9,5,5,2,17,2,5,3,10,1,1,7,7,8,20,1,16,,7,7,1,22,9,121.6137132,25.06527164
111,5,29,16,49,2,12內湖區,內湖區堤外便道近五分吊橋,0,0,1,2,F01,8,1,5,50,14,9,1,5,4,5,7,4,4,9,5,5,2,17,1,58,2,5,1,1,7,9,8,20,1,16,,42,7,1,22,9,121.6137132,25.06527164
111,5,29,16,50,2,10文山區,文山區新光路2段與新光路2段口30號側門,0,0,2,1,C03,8,1,5,50,11,9,1,5,4,5,1,4,4,9,4,5,1,13,1,22,2,9,1,1,7,9,1,10,2,11,,44,44,1,22,9,121.5865143,24.99948137
111,5,29,16,50,2,10文山區,文山區新光路2段與新光路2段口30號側門,0,0,2,2,C03,8,1,5,50,11,9,1,5,4,5,1,4,4,9,4,5,1,13,1,37,2,8,1,1,7,11,1,10,2,14,,10,44,1,22,9,121.5865143,24.99948137
111,5,29,17,10,2,08士林區,士林區中山北路6段與忠誠路1段口,0,0,1,2,C01,8,1,5,50,4,1,1,5,4,5,7,2,1,1,3,5,1,11,1,49,2,9,1,1,7,5,1,9,2,12,,17,17,1,22,9,121.524916,25.10410123
111,5,29,17,10,2,08士林區,士林區中山北路6段與忠誠路1段口,0,0,1,1,B02,8,1,5,50,4,1,1,5,4,5,7,2,1,1,3,5,1,11,1,42,3,10,1,1,7,5,1,8,2,7,,17,17,1,22,9,121.524916,25.10410123
111,5,29,17,20,2,02萬華區,萬華區西園路2段320巷與西園路2段320巷55弄口,0,0,1,1,C03,8,1,5,30,4,2,1,5,4,5,7,4,4,10,5,5,1,17,2,28,2,9,3,4,7,9,1,10,1,12,,6,6,1,22,9,121.4910128,25.02747707
111,5,29,17,20,2,02萬華區,萬華區西園路2段320巷與西園路2段320巷55弄口,0,0,1,2,B03,8,1,5,30,4,2,1,5,4,5,7,4,4,10,5,5,1,17,1,37,3,10,3,4,7,9,1,4,1,8,,23,6,1,22,9,121.4910128,25.02747707
111,5,29,17,40,2,12內湖區,內湖區民權東路6段與民權東路6段245巷口,0,0,1,1,C01,8,1,5,50,4,2,1,5,4,5,7,1,1,1,4,4,2,16,1,59,2,7,1,1,7,7,1,9,1,14,,7,7,1,22,9,121.6005207,25.06703616
111,5,29,17,40,2,12內湖區,內湖區民權東路6段與民權東路6段245巷口,0,0,1,2,B03,8,1,5,50,4,2,1,5,4,5,7,1,1,1,4,4,2,16,1,28,3,10,1,1,7,9,1,8,1,2,,44,7,1,22,9,121.6005207,25.06703616
111,5,29,17,40,2,12內湖區,內湖區民權東路6段與民權東路6段245巷口,0,0,1,3,B03,8,1,5,50,4,2,1,5,4,5,7,1,1,1,4,4,2,16,2,55,3,10,1,1,7,9,1,8,9,15,,44,7,2,22,9,121.6005207,25.06703616
111,5,29,17,54,2,02萬華區,萬華區環河南路2段與環河南路2段175巷口口,0,0,1,1,B12,8,1,5,50,4,1,1,5,4,5,7,2,1,1,4,5,2,17,1,41,3,10,1,1,7,5,5,8,1,15,,8,8,1,22,9,121.4922554,25.03278828
111,5,29,17,54,2,02萬華區,萬華區環河南路2段與環河南路2段175巷口口,0,0,1,2,B03,8,1,5,50,4,1,1,5,4,5,7,2,1,1,4,5,2,17,1,29,3,10,1,1,7,15,1,8,1,8,,44,8,1,22,9,121.4922554,25.03278828
111,5,29,17,54,2,02萬華區,萬華區環河南路2段與環河南路2段175巷口口,0,0,1,3,C03,8,1,5,50,4,1,1,5,4,5,7,2,1,1,4,5,2,17,1,37,2,9,1,1,7,14,1,10,1,11,,44,8,1,22,9,121.4922554,25.03278828
111,5,29,18,0,2,05中正區,中正區林森南路地下道,0,0,1,1,C03,8,1,5,50,7,7,1,5,4,5,7,2,1,10,3,4,1,16,1,20,2,9,1,1,7,9,1,10,2,11,,23,23,1,22,9,121.5187894,25.03346002
111,5,29,18,0,2,05中正區,中正區林森南路地下道,0,0,1,2,B01,8,1,5,50,7,7,1,5,4,5,7,2,1,10,3,4,1,16,1,55,3,10,1,1,7,9,1,4,2,6,,44,23,1,22,9,121.5187894,25.03346002
111,5,29,18,0,2,05中正區,中正區林森南路地下道,0,0,1,3,B03,8,1,5,50,7,7,1,5,4,5,7,2,1,10,3,4,1,16,2,65,3,10,1,1,7,14,1,8,2,6,,44,23,1,22,9,121.5187894,25.03346002
111,5,29,18,25,2,05中正區,中正區博愛路與衡陽路口,0,0,2,1,C03,8,1,5,50,4,1,1,5,4,5,7,1,1,10,5,5,2,12,2,20,2,9,1,1,7,5,1,10,2,14,,8,8,1,22,9,121.5114789,25.04228627
111,5,29,18,25,2,05中正區,中正區博愛路與衡陽路口,0,0,2,2,C03,8,1,5,50,4,1,1,5,4,5,7,1,1,10,5,5,2,12,1,24,2,9,1,1,7,9,1,10,2,11,,13,8,1,22,9,121.5114789,25.04228627
111,5,29,18,30,2,01大同區,大同區民權西路與民權西路225巷口,0,0,2,1,C03,7,3,5,50,3,1,1,5,4,5,7,1,1,9,4,5,2,13,2,24,2,9,1,1,7,9,1,10,2,11,,23,23,1,22,9,121.5120581,25.0628268
111,5,29,18,30,2,01大同區,大同區民權西路與民權西路225巷口,0,0,2,2,C03,7,3,5,50,3,1,1,5,4,5,7,1,1,9,4,5,2,13,1,31,2,9,1,1,7,9,1,10,2,13,,44,23,1,22,9,121.5120581,25.0628268
111,5,29,19,6,2,07信義區,信義區和平東路3段596號,0,0,2,1,C03,7,3,5,50,14,9,1,5,4,5,7,4,4,10,5,5,2,9,1,37,2,9,1,1,7,9,3,18,2,11,,23,23,1,22,9,121.5626429,25.01372142
111,5,29,19,6,2,07信義區,信義區和平東路3段596號,0,0,2,2,H01,7,3,5,50,14,9,1,5,4,5,7,4,4,10,5,5,2,9,2,62,2,9,4,5,8,16,8,20,10,16,,51,23,1,22,9,121.5626429,25.01372142
111,5,29,19,18,2,10文山區,文山區指南路3段38巷(樟湖幹127A燈桿),0,0,1,1,C03,8,3,5,30,11,9,1,5,4,5,1,4,4,10,5,5,2,18,1,22,2,9,3,4,7,5,1,10,1,14,,42,42,1,22,9,121.5895944,24.96666119
111,5,29,19,18,2,10文山區,文山區指南路3段38巷(樟湖幹127A燈桿),0,0,1,2,,8,3,5,30,11,9,1,5,4,5,1,4,4,10,5,5,2,18,3,,,,,,,,,,,,,67,42,1,,,121.5895944,24.96666119
111,5,29,19,47,2,12內湖區,內湖區成功路2段376號旁,0,0,1,1,B02,8,3,5,50,16,9,1,5,4,5,7,4,4,1,4,5,2,12,1,53,3,10,1,1,7,6,1,4,1,8,,9,9,1,22,9,121.5905868,25.06930412
111,5,29,19,47,2,12內湖區,內湖區成功路2段376號旁,0,0,1,2,C03,8,3,5,50,16,9,1,5,4,5,7,4,4,1,4,5,2,12,1,53,3,10,1,1,7,9,1,10,1,13,,44,9,1,22,9,121.5905868,25.06930412
111,5,29,19,47,2,12內湖區,內湖區成功路2段376號旁,0,0,1,3,H02,8,3,5,50,16,9,1,5,4,5,7,4,4,1,4,5,2,12,2,60,2,5,1,5,7,21,8,20,10,15,,67,9,1,22,9,121.5905868,25.06930412
111,5,29,19,56,2,08士林區,士林區基河路與劍潭路口,0,0,3,1,B03,7,3,5,50,4,1,1,5,4,5,7,2,1,1,4,5,1,17,1,25,2,9,1,1,7,5,1,8,1,1,,6,6,1,22,9,121.5247442,25.0842567
111,5,29,19,56,2,08士林區,士林區基河路與劍潭路口,0,0,3,2,B03,7,3,5,50,4,1,1,5,4,5,7,2,1,1,4,5,1,17,2,58,2,9,1,1,7,9,1,8,1,8,,44,6,1,22,9,121.5247442,25.0842567
111,5,29,19,56,2,08士林區,士林區基河路與劍潭路口,0,0,3,3,H02,7,3,5,50,4,1,1,5,4,5,7,2,1,1,4,5,1,17,2,21,2,9,4,5,7,17,8,20,10,16,,67,6,1,22,9,121.5247442,25.0842567
111,5,29,20,16,2,10文山區,文山區木柵路4段與秀明路1段口,0,0,1,1,B03,8,3,5,50,4,1,1,5,4,5,7,1,1,5,4,5,2,12,1,70,3,10,3,4,7,9,1,8,2,1,,23,23,1,21,8,121.5711253,24.9917041
111,5,29,20,16,2,10文山區,文山區木柵路4段與秀明路1段口,0,0,1,2,C03,8,3,5,50,4,1,1,5,4,5,7,1,1,5,4,5,2,12,2,54,2,9,3,4,7,7,1,10,2,13,,7,23,1,21,8,121.5711253,24.9917041
111,5,29,21,9,2,02萬華區,萬華區長沙街2段136號與貴陽街2段115巷口,0,0,1,1,B03,8,3,5,50,4,1,1,5,4,5,7,4,4,9,5,5,2,12,1,19,3,10,1,1,7,5,1,8,1,4,,6,6,1,22,9,121.5033152,25.04042995
111,5,29,21,9,2,02萬華區,萬華區長沙街2段136號與貴陽街2段115巷口,0,0,1,2,C03,8,3,5,50,4,1,1,5,4,5,7,4,4,9,5,5,2,12,1,29,2,9,1,1,7,4,1,10,1,12,,14,6,1,22,9,121.5033152,25.04042995
111,5,29,21,30,2,09北投區,北投區東華街1段360號,0,0,2,1,C03,8,3,5,50,14,9,1,5,4,5,7,4,4,10,4,5,2,13,1,26,2,9,1,1,7,9,1,10,1,11,,43,43,1,22,9,121.5192377,25.10957174
111,5,29,21,30,2,09北投區,北投區東華街1段360號,0,0,2,2,C03,8,3,5,50,14,9,1,5,4,5,7,4,4,10,4,5,2,13,2,40,2,7,1,1,7,9,1,10,1,13,,43,43,1,22,9,121.5192377,25.10957174
111,5,29,21,56,2,07信義區,信義區忠孝東路4段東向西(大巨蛋旁),0,0,2,1,H01,8,3,5,50,14,9,1,5,4,5,7,4,4,1,4,5,1,9,1,40,2,8,4,5,8,20,8,20,1,16,,60,60,1,22,9,121.5586703,25.04141728
111,5,29,21,56,2,07信義區,信義區忠孝東路4段東向西(大巨蛋旁),0,0,2,2,C03,8,3,5,50,14,9,1,5,4,5,7,4,4,1,4,5,1,9,2,51,2,9,1,1,7,9,1,10,1,11,,44,60,1,22,9,121.5586703,25.04141728
111,5,29,22,10,2,07信義區,信義區松山路654號,0,0,1,1,C03,8,3,5,30,14,9,1,5,4,5,7,3,1,10,4,5,1,18,1,58,2,9,1,1,7,9,6,10,7,12,,21,21,1,22,9,121.5791416,25.0328547
111,5,29,22,10,2,07信義區,信義區松山路654號,0,0,1,2,,8,3,5,30,14,9,1,5,4,5,7,3,1,10,4,5,1,18,3,,,,,,,,,,,,,67,21,1,,,121.5791416,25.0328547
111,5,29,22,25,2,10文山區,文山區忠順街1段26巷與忠順街1段26巷3弄口,0,0,1,1,C03,8,3,5,30,4,1,1,5,4,5,7,4,4,5,5,5,2,15,1,20,2,9,3,4,7,9,1,10,2,14,,6,6,1,21,8,121.5593357,24.98348084
111,5,29,22,25,2,10文山區,文山區忠順街1段26巷與忠順街1段26巷3弄口,0,0,1,2,B03,8,3,5,30,4,1,1,5,4,5,7,4,4,5,5,5,2,15,1,27,3,10,3,4,7,9,1,8,2,1,,23,6,1,21,8,121.5593357,24.98348084
111,5,29,23,58,2,03中山區,中山區建國北路1段15號,0,0,2,1,B01,8,3,5,50,15,6,1,5,4,5,7,4,4,10,4,5,2,16,1,58,2,9,1,1,7,5,1,4,2,2,,6,6,1,22,9,121.5369205,25.04660616
111,5,29,23,58,2,03中山區,中山區建國北路1段15號,0,0,2,2,B03,8,3,5,50,15,6,1,5,4,5,7,4,4,10,4,5,2,16,1,25,2,9,1,1,7,9,1,8,2,1,,14,6,1,22,9,121.5369205,25.04660616
111,5,30,0,10,2,02萬華區,萬華區康定路與貴陽街2段口,0,0,2,1,C03,8,3,5,30,4,1,1,5,4,5,7,1,1,8,3,5,1,17,2,53,2,8,1,1,7,5,1,10,1,11,,8,8,1,22,9,121.5019607,25.0401281
111,5,30,0,10,2,02萬華區,萬華區康定路與貴陽街2段口,0,0,2,2,C03,8,3,5,30,4,1,1,5,4,5,7,1,1,8,3,5,1,17,1,29,2,8,1,1,7,9,1,10,1,12,,44,8,1,22,9,121.5019607,25.0401281
111,5,30,0,57,2,02萬華區,萬華區內江街與內江街110巷口,0,0,1,1,B12,8,3,5,50,3,2,1,5,4,5,7,3,1,10,4,5,2,17,4,,4,11,3,4,7,15,7,19,11,15,,43,43,2,22,9,121.5035245,25.0415732
111,5,30,0,57,2,02萬華區,萬華區內江街與內江街110巷口,0,0,1,2,C03,8,3,5,50,3,2,1,5,4,5,7,3,1,10,4,5,2,17,1,35,2,8,1,1,7,14,1,10,1,11,,44,43,1,22,9,121.5035245,25.0415732
111,5,30,1,2,2,09北投區,北投區承德路7段與公館路口,0,0,1,1,C03,8,3,5,60,4,2,1,5,4,5,7,2,1,5,4,5,2,17,1,16,3,10,1,1,7,6,2,18,11,14,,9,9,2,22,9,121.5014912,25.11963683
111,5,30,1,2,2,09北投區,北投區承德路7段與公館路口,0,0,1,2,C03,8,3,5,60,4,2,1,5,4,5,7,2,1,5,4,5,2,17,1,19,2,9,1,1,7,5,1,10,11,12,,8,9,1,22,9,121.5014912,25.11963683
111,5,30,4,45,2,09北投區,北投區大度路1段034燈桿(往淡水),0,0,1,1,C03,8,1,5,50,14,12,1,5,4,5,7,4,4,9,4,4,1,27,1,21,2,9,1,1,7,9,1,10,1,11,,23,23,1,22,9,121.4883272,25.1219962
111,5,30,4,45,2,09北投區,北投區大度路1段034燈桿(往淡水),0,0,1,2,,8,1,5,50,14,12,1,5,4,5,7,4,4,9,4,4,1,27,3,,,,,,,,,,,,,67,23,1,,,121.4883272,25.1219962
111,5,30,7,45,2,05中正區,中正區中華路2段309巷2號,0,0,1,1,C03,8,1,5,40,14,9,1,5,4,5,7,4,4,8,4,4,1,16,1,43,3,10,1,1,7,11,1,10,1,11,,26,26,1,22,9,121.5055551,25.02853925
111,5,30,7,45,2,05中正區,中正區中華路2段309巷2號,0,0,1,2,C03,8,1,5,40,14,9,1,5,4,5,7,4,4,8,4,4,1,16,1,41,2,8,1,1,7,9,1,10,1,14,,44,26,1,22,9,121.5055551,25.02853925
111,5,30,7,50,2,09北投區,北投區中央北路2段229號,0,0,1,1,F03,8,1,5,50,14,9,1,5,4,3,5,4,4,5,4,5,2,17,2,72,2,9,1,1,7,7,8,20,1,15,,7,7,1,22,9,121.4917954,25.13825921
111,5,30,7,50,2,09北投區,北投區中央北路2段229號,0,0,1,2,A41,8,1,5,50,14,9,1,5,4,3,5,4,4,5,4,5,2,17,1,52,3,10,1,1,7,14,1,3,1,7,,42,7,1,22,9,121.4917954,25.13825921
111,5,30,7,50,2,09北投區,北投區中央北路2段229號,0,0,1,3,B03,8,1,5,50,14,9,1,5,4,3,5,4,4,5,4,5,2,17,1,82,3,10,1,1,7,9,1,8,1,15,,44,7,1,22,9,121.4917954,25.13825921
111,5,30,7,58,2,09北投區,北投區承德路6段與福國路口,0,0,3,1,C03,8,1,5,60,4,2,1,5,4,5,7,1,1,1,4,5,2,13,1,50,2,9,1,1,7,9,1,10,1,12,,16,16,1,22,9,121.5121827,25.10183923
111,5,30,7,58,2,09北投區,北投區承德路6段與福國路口,0,0,3,2,C03,8,1,5,60,4,2,1,5,4,5,7,1,1,1,4,5,2,13,2,40,2,8,1,1,7,9,1,10,1,14,,44,16,1,22,9,121.5121827,25.10183923
111,5,30,7,58,2,09北投區,北投區承德路6段與福國路口,0,0,3,3,C03,8,1,5,60,4,2,1,5,4,5,7,1,1,1,4,5,2,13,1,65,2,7,1,1,7,9,1,10,1,11,,42,16,1,22,9,121.5121827,25.10183923
111,5,30,8,6,2,04大安區,大安區新生南路3段南往北024燈桿,0,0,2,1,C03,8,1,5,50,14,9,1,5,4,5,7,4,4,1,4,4,2,13,2,64,2,9,1,4,7,15,1,10,1,12,,16,16,1,22,9,121.534295,25.02122769
111,5,30,8,6,2,04大安區,大安區新生南路3段南往北024燈桿,0,0,2,2,C03,8,1,5,50,14,9,1,5,4,5,7,4,4,1,4,4,2,13,2,27,2,7,1,4,7,12,1,10,1,13,,44,16,1,22,9,121.534295,25.02122769
111,5,30,8,10,2,07信義區,信義區吳興街與吳興街7巷口,0,0,1,1,C03,8,1,5,30,4,1,1,5,4,5,7,4,4,10,5,5,2,15,1,31,3,10,1,1,7,9,1,10,1,12,,6,6,1,22,9,121.5594034,25.0317212
111,5,30,8,10,2,07信義區,信義區吳興街與吳興街7巷口,0,0,1,2,C03,8,1,5,30,4,1,1,5,4,5,7,4,4,10,5,5,2,15,1,52,2,9,1,1,7,9,1,10,1,12,,13,6,1,22,9,121.5594034,25.0317212
111,5,30,8,10,2,07信義區,信義區吳興街與吳興街7巷口,0,0,1,3,B12,8,1,5,30,4,1,1,5,4,5,7,4,4,10,5,5,2,15,1,51,3,10,3,4,7,13,1,8,9,15,,38,6,1,22,9,121.5594034,25.0317212
111,5,30,8,12,2,09北投區,北投區大度路1段185號燈桿,0,0,1,1,C03,8,1,5,50,14,12,1,5,4,5,7,1,1,1,4,4,1,19,2,29,2,9,1,1,7,9,1,10,2,11,,23,23,1,22,9,121.4936023,25.12130237
111,5,30,8,12,2,09北投區,北投區大度路1段185號燈桿,0,0,1,2,,8,1,5,50,14,12,1,5,4,5,7,1,1,1,4,4,1,19,3,,,,,,,,,,,,,67,23,1,,,121.4936023,25.12130237
111,5,30,8,19,2,04大安區,大安區新生南路2段62號前,0,0,1,1,C03,8,1,5,40,14,9,1,5,4,5,7,4,4,8,3,5,1,18,2,28,2,9,1,1,7,9,1,10,1,14,,22,22,1,5,1,121.534427,25.0280205
111,5,30,8,19,2,04大安區,大安區新生南路2段62號前,0,0,1,2,,8,1,5,40,14,9,1,5,4,5,7,4,4,8,3,5,1,18,3,,,,,,,,,,,,,67,22,1,,,121.534427,25.0280205
111,5,30,8,20,2,06松山區,松山區南京東路3段344號,0,0,1,1,B03,8,1,5,50,14,5,1,5,4,5,7,2,1,1,4,1,2,13,2,25,3,10,1,4,7,9,1,8,1,5,,23,23,1,22,9,121.5481146,25.05166143
111,5,30,8,20,2,06松山區,松山區南京東路3段344號,0,0,1,2,C03,8,1,5,50,14,5,1,5,4,5,7,2,1,1,4,1,2,13,1,50,2,9,1,4,7,7,1,10,1,13,,44,23,1,22,9,121.5481146,25.05166143
111,5,30,8,40,2,03中山區,中山區民生東路3段32號,0,0,3,1,C03,8,1,5,50,14,9,1,5,4,5,7,4,4,9,4,5,1,17,1,21,2,9,1,1,7,9,1,10,2,11,,16,16,1,22,9,121.5398189,25.0575992
111,5,30,8,40,2,03中山區,中山區民生東路3段32號,0,0,3,2,B12,8,1,5,50,14,9,1,5,4,5,7,4,4,9,4,5,1,17,1,55,3,10,1,1,7,15,1,8,2,7,,44,16,1,22,9,121.5398189,25.0575992
111,5,30,8,40,2,03中山區,中山區民生東路3段32號,0,0,3,3,C03,8,1,5,50,14,9,1,5,4,5,7,4,4,9,4,5,1,17,1,49,2,7,1,1,7,9,1,10,2,14,,13,16,1,22,9,121.5398189,25.0575992
111,5,30,8,40,2,03中山區,中山區民生東路3段32號,0,0,3,4,C03,8,1,5,50,14,9,1,5,4,5,7,4,4,9,4,5,1,17,1,45,2,8,1,1,7,9,1,10,2,12,,44,16,1,22,9,121.5398189,25.0575992
111,5,30,8,41,2,01大同區,大同區大龍街3號,0,0,2,1,C03,8,1,5,50,14,9,1,5,4,5,7,4,4,5,5,5,2,3,2,28,2,9,3,4,7,9,1,10,2,11,,23,23,1,22,9,121.516005,25.06327147
111,5,30,8,41,2,01大同區,大同區大龍街3號,0,0,2,2,H01,8,1,5,50,14,9,1,5,4,5,7,4,4,5,5,5,2,3,1,28,2,9,4,5,8,16,8,20,10,16,,53,23,1,22,9,121.516005,25.06327147
111,5,30,8,54,2,01大同區,大同區錦西街與興城街口,0,0,1,1,B12,8,1,5,50,3,2,1,5,4,5,7,4,4,9,4,5,1,12,1,72,3,10,1,1,7,5,1,8,1,6,,8,8,1,22,9,121.5173285,25.0601497
111,5,30,8,54,2,01大同區,大同區錦西街與興城街口,0,0,1,2,C03,8,1,5,50,3,2,1,5,4,5,7,4,4,9,4,5,1,12,2,34,2,9,1,1,7,9,1,10,1,11,,44,8,1,22,9,121.5173285,25.0601497
111,5,30,8,58,2,04大安區,大安區永康街17巷與信義路2段198巷口,0,0,1,1,B01,8,1,5,30,4,2,1,5,4,5,7,4,4,10,5,5,1,15,1,60,3,10,1,1,7,9,1,4,1,8,,6,6,1,10,4,121.5307223,25.0323733
111,5,30,8,58,2,04大安區,大安區永康街17巷與信義路2段198巷口,0,0,1,2,B03,8,1,5,30,4,2,1,5,4,5,7,4,4,10,5,5,1,15,2,32,3,10,1,1,7,9,1,8,1,5,,23,6,1,21,5,121.5307223,25.0323733
111,5,30,8,58,2,04大安區,大安區永康街17巷與信義路2段198巷口,0,0,1,3,H02,8,1,5,30,4,2,1,5,4,5,7,4,4,10,5,5,1,15,2,28,2,7,1,1,7,20,8,20,10,16,,67,6,1,21,5,121.5307223,25.0323733
111,5,30,9,0,2,10文山區,文山區木柵路2段與興隆路4段口,0,0,1,1,B02,8,1,5,50,4,2,1,5,4,5,7,2,1,9,4,5,1,16,1,23,3,10,1,1,7,5,1,8,2,5,,6,6,1,22,9,121.560134,24.9887244
111,5,30,9,0,2,10文山區,文山區木柵路2段與興隆路4段口,0,0,1,2,C02,8,1,5,50,4,2,1,5,4,5,7,2,1,9,4,5,1,16,1,36,2,9,1,1,7,9,4,9,3,11,,23,6,1,22,9,121.560134,24.9887244