發生年度,發生月,發生日,發生時-Hours,發生分,處理別-編號,區序,肇事地點,死亡人數,2-30日死亡人數,受傷人數,當事人序號,車種,天候,光線,道路類別,速限-速度限制,道路型態,事故位置,路面狀況1,路面狀況2,路面狀況3,道路障礙1,道路障礙2,號誌1,號誌2,車道劃分-分向,車道劃分-分道1,車道劃分-分道2,車道劃分-分道3,事故類型及型態,性別,年齡,受傷程度,主要傷處,安全帽,行動電話,車輛用途,當事者行動狀態,駕駛資格情形,駕駛執照種類,飲酒情形,車輛撞擊部位1,車輛撞擊部位2,肇因碼-個別,肇因碼-主要,個人肇逃否,職業,旅次目的,座標-X,座標-Y
111,5,30,9,40,2,02萬華區,萬華區西寧南路與忠孝西路2段口,0,0,2,1,C03,8,1,5,50,4,1,1,5,4,5,7,2,1,3,4,5,2,17,1,22,2,9,1,1,7,8,1,10,1,12,,26,26,1,22,9,121.5075938,25.04851286
111,5,30,9,40,2,02萬華區,萬華區西寧南路與忠孝西路2段口,0,0,2,2,B03,8,1,5,50,4,1,1,5,4,5,7,2,1,3,4,5,2,17,2,44,3,10,1,1,7,9,1,8,1,1,,44,26,1,22,9,121.5075938,25.04851286
111,5,30,9,40,2,02萬華區,萬華區西寧南路與忠孝西路2段口,0,0,2,3,H02,8,1,5,50,4,1,1,5,4,5,7,2,1,3,4,5,2,17,2,21,2,9,4,5,7,21,8,20,10,16,,67,26,1,22,9,121.5075938,25.04851286
111,5,30,10,0,2,04大安區,大安區基隆路4段73巷與基隆路4段口,0,0,1,1,B01,8,1,5,50,4,2,1,5,4,5,7,2,1,8,3,4,1,12,1,65,3,10,1,1,7,9,1,4,1,2,,23,23,1,10,4,121.5396427,25.01309961
111,5,30,10,0,2,04大安區,大安區基隆路4段73巷與基隆路4段口,0,0,1,2,C03,8,1,5,50,4,2,1,5,4,5,7,2,1,8,3,4,1,12,1,26,3,10,1,1,7,9,1,10,1,14,,44,23,1,21,1,121.5396427,25.01309961
111,5,30,10,0,2,04大安區,大安區基隆路4段73巷與基隆路4段口,0,0,1,3,H02,8,1,5,50,4,2,1,5,4,5,7,2,1,8,3,4,1,12,2,27,2,8,1,1,7,20,8,20,10,16,,67,23,1,21,1,121.5396427,25.01309961
111,5,30,10,10,2,12內湖區,內湖區行善路41號,0,0,2,2,H01,7,1,5,50,14,9,1,5,4,5,7,4,4,9,4,5,2,3,2,70,2,9,4,5,8,16,8,20,10,16,,51,23,1,22,9,121.5754473,25.05649991
111,5,30,10,10,2,12內湖區,內湖區行善路41號,0,0,2,1,C03,7,1,5,50,14,9,1,5,4,5,7,4,4,9,4,5,2,3,2,31,2,9,1,1,7,9,1,10,9,15,,23,23,1,22,9,121.5754473,25.05649991
111,5,30,10,16,2,02萬華區,萬華區西園路2段與東園街口,0,0,2,1,C03,8,1,5,50,3,1,1,5,4,5,7,1,1,1,4,5,1,15,1,66,2,9,1,1,7,9,1,10,1,15,,26,26,1,22,9,121.4951967,25.02821493
111,5,30,10,16,2,02萬華區,萬華區西園路2段與東園街口,0,0,2,2,C03,8,1,5,50,3,1,1,5,4,5,7,1,1,1,4,5,1,15,1,55,2,9,1,1,7,9,1,10,1,14,,44,26,1,22,9,121.4951967,25.02821493
111,5,30,11,7,2,03中山區,中山區長安東路2段38號,0,0,1,1,C03,8,1,5,50,14,9,1,5,4,3,5,4,4,5,4,5,2,13,1,46,2,9,1,1,7,9,1,10,1,11,,23,23,1,22,9,121.5315467,25.0484294
111,5,30,11,7,2,03中山區,中山區長安東路2段38號,0,0,1,2,B03,8,1,5,50,14,9,1,5,4,3,5,4,4,5,4,5,2,13,1,27,3,10,1,1,7,13,1,8,1,7,,38,23,1,22,9,121.5315467,25.0484294
111,5,30,11,13,2,08士林區,士林區中正路與志成街口,0,0,1,1,B01,8,1,5,50,3,1,1,5,4,5,7,3,1,3,3,5,1,12,1,67,3,10,1,1,7,9,1,4,2,2,,23,23,1,22,9,121.5302987,25.0961479
111,5,30,11,13,2,08士林區,士林區中正路與志成街口,0,0,1,2,C03,8,1,5,50,3,1,1,5,4,5,7,3,1,3,3,5,1,12,2,60,2,8,1,1,7,9,1,10,2,14,,17,23,1,22,9,121.5302987,25.0961479
111,5,30,11,15,2,03中山區,中山區中山北路2段65巷與中山北路2段口口,0,0,1,1,B02,8,1,5,50,3,2,4,5,4,5,7,4,4,5,3,5,2,13,1,38,3,10,3,4,7,9,1,8,1,5,,16,16,1,22,9,121.5229658,25.05708492
111,5,30,11,15,2,03中山區,中山區中山北路2段65巷與中山北路2段口口,0,0,1,2,C03,8,1,5,50,3,2,4,5,4,5,7,4,4,5,3,5,2,13,1,34,2,8,3,4,7,14,1,10,1,13,,44,16,1,3,9,121.5229658,25.05708492
111,5,30,11,16,2,10文山區,文山區木柵路5段100號旁,0,0,1,1,B12,8,1,5,50,14,9,1,5,4,5,7,4,4,9,4,5,2,14,1,57,3,10,1,1,7,2,1,8,11,7,,12,12,2,22,9,121.5913204,24.99986927
111,5,30,11,16,2,10文山區,文山區木柵路5段100號旁,0,0,1,2,C03,8,1,5,50,14,9,1,5,4,5,7,4,4,9,4,5,2,14,2,73,2,9,1,1,7,9,1,10,1,11,,44,12,1,22,9,121.5913204,24.99986927
111,5,30,11,50,2,02萬華區,萬華區昆明街與貴陽街2段口,0,0,2,1,B03,8,1,5,50,4,2,1,5,4,5,7,2,1,10,4,5,1,17,1,62,3,10,3,4,7,14,1,8,2,4,,40,40,1,22,9,121.504209,25.03968858
111,5,30,11,50,2,02萬華區,萬華區昆明街與貴陽街2段口,0,0,2,2,C03,8,1,5,50,4,2,1,5,4,5,7,2,1,10,4,5,1,17,2,28,2,9,3,4,7,9,1,10,2,12,,44,40,1,22,9,121.504209,25.03968858
111,5,30,11,50,2,02萬華區,萬華區昆明街與貴陽街2段口,0,0,2,3,H02,8,1,5,50,4,2,1,5,4,5,7,2,1,10,4,5,1,17,2,5,2,9,3,4,7,20,8,20,10,16,,67,40,1,22,9,121.504209,25.03968858
111,5,30,11,57,2,02萬華區,萬華區桂林路與昆明街口,0,0,1,1,C03,8,1,5,50,4,1,1,5,4,5,7,2,1,5,4,4,2,16,1,63,2,1,1,4,7,5,1,10,1,12,,8,8,1,22,9,121.5038377,25.0380071
111,5,30,11,57,2,02萬華區,萬華區桂林路與昆明街口,0,0,1,2,B01,8,1,5,50,4,1,1,5,4,5,7,2,1,5,4,4,2,16,1,49,3,10,1,4,7,5,1,3,1,8,,8,8,1,22,9,121.5038377,25.0380071
111,5,30,12,26,2,03中山區,中山區民權東路2段76號,0,0,1,1,C03,8,1,5,50,14,9,1,5,4,5,7,1,1,1,4,5,2,13,1,18,2,9,1,1,7,9,1,10,2,11,,16,16,1,22,9,121.5312476,25.0623577
111,5,30,12,26,2,03中山區,中山區民權東路2段76號,0,0,1,2,B01,8,1,5,50,14,9,1,5,4,5,7,1,1,1,4,5,2,13,1,64,3,10,1,1,7,1,1,4,2,7,,44,16,1,22,9,121.5312476,25.0623577
111,5,30,12,30,2,12內湖區,內湖區內湖路2段355巷與內湖路2段口,0,0,1,1,C03,8,1,5,50,4,1,1,5,4,5,7,2,1,9,5,5,2,11,2,58,3,10,1,1,7,5,1,10,2,14,,6,6,1,22,9,121.5921675,25.0834773
111,5,30,12,30,2,12內湖區,內湖區內湖路2段355巷與內湖路2段口,0,0,1,2,C03,8,1,5,50,4,1,1,5,4,5,7,2,1,9,5,5,2,11,1,51,2,9,1,1,7,9,1,10,2,14,,44,6,1,22,9,121.5921675,25.0834773
111,5,30,12,35,2,04大安區,大安區建國南路1段336號,0,0,2,1,C03,8,1,5,50,14,9,1,5,4,5,7,2,1,9,4,5,2,12,2,30,2,9,1,1,7,9,1,10,1,11,,16,16,1,22,9,121.5375927,25.03475489
111,5,30,12,35,2,04大安區,大安區建國南路1段336號,0,0,2,2,C03,8,1,5,50,14,9,1,5,4,5,7,2,1,9,4,5,2,12,1,64,2,9,1,1,7,9,1,9,1,13,,26,16,1,22,9,121.5375927,25.03475489
111,5,30,13,25,2,03中山區,中山區龍江路408號,0,0,2,1,C04,7,1,5,50,14,9,1,5,4,5,7,4,4,9,5,5,2,17,2,71,2,9,1,1,7,1,1,8,1,12,,19,19,1,22,9,121.541028,25.0675202
111,5,30,13,25,2,03中山區,中山區龍江路408號,0,0,2,2,C03,7,1,5,50,14,9,1,5,4,5,7,4,4,9,5,5,2,17,1,54,2,9,1,1,7,9,1,10,1,14,,44,19,1,22,9,121.541028,25.0675202
111,5,30,13,40,2,05中正區,中正區南海路與牯嶺街口,0,0,1,1,B12,8,1,5,30,4,1,1,5,4,5,7,2,1,10,4,5,2,12,1,34,4,11,3,4,7,5,7,19,11,15,,8,8,2,22,9,121.5150036,25.0320056
111,5,30,13,40,2,05中正區,中正區南海路與牯嶺街口,0,0,1,2,C03,8,1,5,30,4,1,1,5,4,5,7,2,1,10,4,5,2,12,2,32,2,8,1,1,7,9,1,10,1,11,,44,8,1,22,9,121.5150036,25.0320056
111,5,30,13,46,2,08士林區,士林區承德路4段198號,0,0,2,1,C03,8,1,5,40,14,8,1,5,4,5,7,4,4,1,4,4,2,17,1,24,2,9,1,1,7,8,1,10,1,13,,7,7,1,22,9,121.5221209,25.08777107
111,5,30,13,46,2,08士林區,士林區承德路4段198號,0,0,2,2,C03,8,1,5,40,14,8,1,5,4,5,7,4,4,1,4,4,2,17,1,41,2,9,1,1,7,9,1,10,1,11,,13,7,1,22,9,121.5221209,25.08777107
111,5,30,13,46,2,08士林區,士林區承德路4段198號,0,0,2,3,C03,8,1,5,40,14,8,1,5,4,5,7,4,4,1,4,4,2,17,2,31,3,10,1,1,7,9,1,10,1,11,,23,7,1,22,9,121.5221209,25.08777107
111,5,30,13,54,2,02萬華區,萬華區寶興街與東園街28巷口,0,0,2,1,F03,8,1,5,30,4,1,1,5,4,5,7,2,1,9,5,5,2,17,1,56,2,8,1,1,7,5,8,20,1,16,,8,8,1,22,9,121.4943948,25.02612741
111,5,30,13,54,2,02萬華區,萬華區寶興街與東園街28巷口,0,0,2,2,C03,8,1,5,30,4,1,1,5,4,5,7,2,1,9,5,5,2,17,1,26,2,8,1,2,7,9,1,10,1,11,,44,8,1,22,9,121.4943948,25.02612741
111,5,30,14,15,2,03中山區,中山區農安街227巷與農安街口,0,0,2,1,C03,8,1,5,30,4,1,1,5,4,5,7,4,4,10,5,5,2,15,1,45,2,9,1,1,7,9,1,10,2,12,,6,6,1,22,9,121.5338671,25.064238
111,5,30,14,15,2,03中山區,中山區農安街227巷與農安街口,0,0,2,2,C03,8,1,5,30,4,1,1,5,4,5,7,4,4,10,5,5,2,15,2,24,2,9,1,1,7,9,1,10,2,11,,44,6,1,22,9,121.5338671,25.064238
111,5,30,14,30,2,08士林區,士林區通河東街2段17號前,0,0,1,1,C03,8,1,5,30,14,9,1,5,4,5,7,4,4,10,5,5,1,3,1,32,3,10,1,1,7,9,1,10,1,11,,23,23,1,22,9,121.5144236,25.09262937
111,5,30,14,30,2,08士林區,士林區通河東街2段17號前,0,0,1,2,H01,8,1,5,30,14,9,1,5,4,5,7,4,4,10,5,5,1,3,2,61,2,8,4,5,8,16,8,20,10,15,,53,23,1,22,9,121.5144236,25.09262937
111,5,30,15,0,2,04大安區,大安區復興南路1段(忠孝復興捷運站2號出口前),0,0,4,1,B01,8,1,5,50,14,9,1,5,4,5,7,4,4,9,4,5,2,17,1,64,3,10,1,1,7,1,1,4,1,8,,19,19,1,22,9,121.5436702,25.04119168
111,5,30,15,0,2,04大安區,大安區復興南路1段(忠孝復興捷運站2號出口前),0,0,4,2,C03,8,1,5,50,14,9,1,5,4,5,7,4,4,9,4,5,2,17,2,45,2,9,1,1,7,9,1,10,1,13,,44,19,1,22,9,121.5436702,25.04119168
111,5,30,15,0,2,04大安區,大安區復興南路1段(忠孝復興捷運站2號出口前),0,0,4,3,C03,8,1,5,50,14,9,1,5,4,5,7,4,4,9,4,5,2,17,2,22,2,9,1,1,7,15,1,10,1,11,,23,19,1,22,9,121.5436702,25.04119168
111,5,30,15,0,2,04大安區,大安區復興南路1段(忠孝復興捷運站2號出口前),0,0,4,4,C03,8,1,5,50,14,9,1,5,4,5,7,4,4,9,4,5,2,17,1,31,2,9,1,1,7,9,1,10,1,11,,44,19,1,22,9,121.5436702,25.04119168
111,5,30,15,0,2,04大安區,大安區復興南路1段(忠孝復興捷運站2號出口前),0,0,4,5,H02,8,1,5,50,14,9,1,5,4,5,7,4,4,9,4,5,2,17,1,29,2,9,1,1,7,20,8,20,10,16,,67,19,1,22,9,121.5436702,25.04119168
111,5,30,15,59,2,08士林區,士林區基河路劍潭捷運站3號出口公車站牌,0,0,1,1,A02,8,1,5,50,14,9,1,5,4,5,7,4,4,1,4,5,2,9,1,34,3,10,1,1,7,1,1,2,9,2,,19,19,1,22,9,121.5248942,25.08457812
111,5,30,15,59,2,08士林區,士林區基河路劍潭捷運站3號出口公車站牌,0,0,1,2,H02,8,1,5,50,14,9,1,5,4,5,7,4,4,1,4,5,2,9,2,81,2,9,4,5,7,19,8,20,10,16,,67,19,1,22,9,121.5248942,25.08457812
111,5,30,16,16,2,07信義區,信義區忠孝東路5段372巷29弄與忠孝東路5段372巷27弄口,0,0,1,1,B03,8,1,5,30,4,1,1,5,4,5,7,4,4,9,5,5,2,17,1,67,3,10,1,1,7,9,1,8,1,15,,44,44,1,22,9,121.573961,25.038934
111,5,30,16,16,2,07信義區,信義區忠孝東路5段372巷29弄與忠孝東路5段372巷27弄口,0,0,1,2,C03,8,1,5,30,4,1,1,5,4,5,7,4,4,9,5,5,2,17,1,31,2,9,1,1,7,9,1,10,1,14,,6,44,1,22,9,121.573961,25.038934
111,5,30,16,19,2,03中山區,中山區南京東路3段與建國北路2段口,0,0,1,1,C03,8,1,5,50,4,1,1,5,4,5,7,1,1,1,4,5,2,12,1,48,3,10,1,1,7,6,1,10,2,11,,25,25,1,22,9,121.5370753,25.05209442
111,5,30,16,19,2,03中山區,中山區南京東路3段與建國北路2段口,0,0,1,2,C03,8,1,5,50,4,1,1,5,4,5,7,1,1,1,4,5,2,12,2,28,2,8,1,1,7,9,1,10,2,12,,26,25,1,22,9,121.5370753,25.05209442
111,5,30,16,21,2,04大安區,大安區辛亥路3段與敦南街76巷口,0,0,1,1,B03,8,1,5,50,3,2,1,5,4,5,7,4,4,8,3,5,1,17,2,38,3,10,1,1,7,15,1,8,1,2,,44,44,1,21,8,121.5461354,25.02007478
111,5,30,16,21,2,04大安區,大安區辛亥路3段與敦南街76巷口,0,0,1,2,C03,8,1,5,50,3,2,1,5,4,5,7,4,4,8,3,5,1,17,1,27,2,9,1,1,7,9,1,10,1,14,,23,44,1,21,5,121.5461354,25.02007478
111,5,30,16,21,2,04大安區,大安區復興南路2段104號與復興南路2段口,0,0,1,1,B02,7,1,5,50,4,2,1,5,4,5,7,1,1,1,4,5,2,12,1,18,3,10,1,1,7,9,1,8,1,1,,23,23,1,22,9,121.5431443,25.0219841
111,5,30,16,21,2,04大安區,大安區復興南路2段104號與復興南路2段口,0,0,1,2,C03,7,1,5,50,4,2,1,5,4,5,7,1,1,1,4,5,2,12,1,31,2,9,1,1,7,14,1,10,1,13,,44,23,1,22,9,121.5431443,25.0219841
111,5,30,16,24,2,02萬華區,萬華區西寧南路6號,0,0,2,1,C03,8,1,5,50,14,9,1,5,4,5,7,4,4,5,4,5,2,16,1,57,2,9,1,1,7,7,1,10,1,14,,7,7,1,22,9,121.5071828,25.04702785
111,5,30,16,24,2,02萬華區,萬華區西寧南路6號,0,0,2,2,C03,8,1,5,50,14,9,1,5,4,5,7,4,4,5,4,5,2,16,1,29,2,9,1,1,7,9,1,10,1,11,,23,7,1,22,9,121.5071828,25.04702785
111,5,30,16,24,2,02萬華區,萬華區西寧南路6號,0,0,2,3,B03,8,1,5,50,14,9,1,5,4,5,7,4,4,5,4,5,2,16,1,56,3,10,3,1,7,13,1,8,9,4,,44,7,1,22,9,121.5071828,25.04702785
111,5,30,16,45,2,03中山區,中山區民族東路17號憲兵指揮部前,0,0,3,1,C03,7,1,5,50,14,9,1,5,4,5,7,1,1,5,5,5,2,12,2,49,2,9,1,1,7,8,1,10,1,12,,7,7,1,22,9,121.5258386,25.0684686
111,5,30,16,45,2,03中山區,中山區民族東路17號憲兵指揮部前,0,0,3,2,C03,7,1,5,50,14,9,1,5,4,5,7,1,1,5,5,5,2,12,1,28,2,9,1,1,7,9,1,10,1,14,,44,7,1,22,9,121.5258386,25.0684686
111,5,30,16,45,2,03中山區,中山區民族東路17號憲兵指揮部前,0,0,3,3,H02,7,1,5,50,14,9,1,5,4,5,7,1,1,5,5,5,2,12,2,50,2,9,1,5,7,20,8,20,10,16,,67,7,1,22,9,121.5258386,25.0684686
111,5,30,16,45,2,09北投區,北投區石牌路2段90巷15號,0,0,2,1,H01,8,1,5,30,14,9,1,5,4,5,7,4,4,10,5,5,2,3,2,39,2,9,1,1,8,16,8,20,10,16,,53,53,1,22,9,121.5170935,25.11711589
111,5,30,16,45,2,09北投區,北投區石牌路2段90巷15號,0,0,2,2,C04,8,1,5,30,14,9,1,5,4,5,7,4,4,10,5,5,2,3,1,26,2,8,1,1,7,9,1,10,1,12,,23,53,1,22,9,121.5170935,25.11711589
111,5,30,16,57,2,04大安區,大安區通化街與通化街101巷口,0,0,2,1,C03,8,1,5,50,4,2,1,5,4,5,7,4,4,5,5,5,2,15,1,24,2,7,1,4,7,9,3,18,1,11,,23,23,1,22,9,121.5550895,25.0294203
111,5,30,16,57,2,04大安區,大安區通化街與通化街101巷口,0,0,2,2,F01,8,1,5,50,4,2,1,5,4,5,7,4,4,5,5,5,2,15,2,24,2,9,1,1,7,11,8,20,1,16,,11,23,1,22,9,121.5550895,25.0294203
111,5,30,17,2,2,03中山區,中山區民生東路2段149號,0,0,1,1,C03,8,1,5,50,14,9,1,5,4,5,7,2,1,3,4,5,2,13,1,54,2,9,1,1,7,9,1,10,1,14,,42,42,1,22,9,121.5349721,25.05798231
111,5,30,17,2,2,03中山區,中山區民生東路2段149號,0,0,1,2,B03,8,1,5,50,14,9,1,5,4,5,7,2,1,3,4,5,2,13,1,34,3,10,1,1,7,9,1,8,1,7,,44,42,1,22,9,121.5349721,25.05798231
111,5,30,17,10,2,01大同區,大同區承德路3段與承德路3段129巷口,0,0,1,1,B03,8,1,5,50,3,2,1,5,4,5,7,1,1,9,4,5,1,12,1,52,3,10,1,1,7,5,1,8,2,2,,8,8,1,22,9,121.5184845,25.06727967
111,5,30,17,10,2,01大同區,大同區承德路3段與承德路3段129巷口,0,0,1,2,C03,8,1,5,50,3,2,1,5,4,5,7,1,1,9,4,5,1,12,1,66,2,9,1,1,7,9,1,10,1,11,,13,8,1,22,9,121.5184845,25.06727967
111,5,30,17,15,2,03中山區,中山區建國北路2段與錦州街口,0,0,1,1,B03,8,1,5,50,4,1,1,5,4,5,7,2,1,10,4,5,2,2,1,39,3,10,1,1,7,5,1,8,2,1,,15,15,1,22,9,121.5367298,25.060287
111,5,30,17,15,2,03中山區,中山區建國北路2段與錦州街口,0,0,1,2,H01,8,1,5,50,4,1,1,5,4,5,7,2,1,10,4,5,2,2,2,64,2,9,4,5,8,16,8,20,10,16,,67,15,1,22,9,121.5367298,25.060287
111,5,30,17,25,2,03中山區,中山區中原街與新生北路2段141巷口,0,0,2,1,C03,8,1,5,30,4,1,1,5,4,5,7,4,4,9,4,5,2,16,1,52,2,9,1,1,7,9,1,10,1,12,,6,6,1,5,9,121.528949,25.06163987
111,5,30,17,25,2,03中山區,中山區中原街與新生北路2段141巷口,0,0,2,2,C03,8,1,5,30,4,1,1,5,4,5,7,4,4,9,4,5,2,16,1,46,2,9,1,1,7,9,1,10,1,11,,44,6,1,5,5,121.528949,25.06163987
111,5,30,17,25,2,03中山區,中山區中原街與新生北路2段141巷口,0,0,2,3,C03,8,1,5,30,4,1,1,5,4,5,7,4,4,9,4,5,2,16,1,33,3,10,1,1,7,13,1,10,1,13,,44,6,1,5,5,121.528949,25.06163987
111,5,30,18,32,2,04大安區,大安區新生南路3段台大停車場出入口,0,0,1,1,B03,6,3,5,40,14,20,1,4,4,5,7,4,4,1,4,4,2,17,2,52,3,10,1,1,7,6,1,8,1,8,,23,23,1,22,9,121.5339942,25.01918064
111,5,30,18,32,2,04大安區,大安區新生南路3段台大停車場出入口,0,0,1,2,F01,6,3,5,40,14,20,1,4,4,5,7,4,4,1,4,4,2,17,2,20,2,9,1,1,7,9,8,20,1,16,,42,23,1,22,9,121.5339942,25.01918064
111,5,30,18,40,2,06松山區,松山區民權東路4段東向西049號燈桿處,0,0,1,1,B03,6,3,5,50,14,9,1,4,4,5,7,1,1,1,4,5,2,12,1,45,3,10,3,4,7,9,1,8,1,5,,44,44,1,22,9,121.5512289,25.06158795
111,5,30,18,40,2,06松山區,松山區民權東路4段東向西049號燈桿處,0,0,1,2,C03,6,3,5,50,14,9,1,4,4,5,7,1,1,1,4,5,2,12,2,44,2,9,3,4,7,10,1,10,1,14,,7,44,1,22,9,121.5512289,25.06158795
111,5,30,18,40,2,06松山區,松山區民權東路4段東向西049號燈桿處,0,0,1,3,B03,6,3,5,50,14,9,1,4,4,5,7,1,1,1,4,5,2,12,1,35,3,10,3,4,7,14,1,8,1,4,,44,44,1,22,9,121.5512289,25.06158795
111,5,30,18,40,2,07信義區,信義區基隆路1段北向南,0,0,2,1,C03,6,3,5,50,14,9,1,4,4,5,7,4,4,8,3,5,2,12,1,63,2,9,1,1,7,1,1,10,1,13,,19,19,1,22,9,121.5648146,25.041519
111,5,30,18,40,2,07信義區,信義區基隆路1段北向南,0,0,2,2,C03,6,3,5,50,14,9,1,4,4,5,7,4,4,8,3,5,2,12,1,37,2,9,1,1,7,9,1,10,1,12,,44,19,1,22,9,121.5648146,25.041519
111,5,30,18,40,2,07信義區,信義區莊敬路423巷8弄與松仁路202巷2弄口,0,0,3,1,C03,6,1,5,50,3,2,1,4,4,5,7,4,4,10,5,5,2,9,1,69,2,9,1,1,7,9,1,10,1,11,,15,15,1,22,9,121.5678836,25.0285125
111,5,30,18,40,2,07信義區,信義區莊敬路423巷8弄與松仁路202巷2弄口,0,0,3,2,H01,6,1,5,50,3,2,1,4,4,5,7,4,4,10,5,5,2,9,1,69,2,9,4,5,8,16,8,20,10,15,,51,15,1,22,9,121.5678836,25.0285125
111,5,30,18,40,2,07信義區,信義區莊敬路423巷8弄與松仁路202巷2弄口,0,0,3,3,H01,6,1,5,50,3,2,1,4,4,5,7,4,4,10,5,5,2,9,2,61,2,1,4,5,8,16,8,20,10,15,,51,15,1,22,9,121.5678836,25.0285125
111,5,30,18,43,2,08士林區,士林區德行東路109巷與忠誠路2段10巷口,0,0,2,1,C03,7,3,5,40,4,2,1,5,4,5,7,4,4,9,5,5,1,16,1,34,2,8,1,1,7,11,1,10,1,12,,43,43,1,21,8,121.5284066,25.1088783
111,5,30,18,43,2,08士林區,士林區德行東路109巷與忠誠路2段10巷口,0,0,2,2,C03,7,3,5,40,4,2,1,5,4,5,7,4,4,9,5,5,1,16,2,20,2,8,1,1,7,9,1,10,1,11,,43,43,1,21,8,121.5284066,25.1088783
111,5,30,18,50,2,04大安區,大安區和平東路3段與樂業街口,0,0,1,1,B01,6,4,5,50,3,2,1,4,4,5,7,4,4,9,4,5,2,17,1,58,3,10,1,1,7,6,1,4,1,15,,26,26,1,22,9,121.5499954,25.02451444
111,5,30,18,50,2,04大安區,大安區和平東路3段與樂業街口,0,0,1,2,C03,6,4,5,50,3,2,1,4,4,5,7,4,4,9,4,5,2,17,1,25,2,9,1,1,7,9,1,10,1,14,,26,26,1,22,9,121.5499954,25.02451444
111,5,30,19,10,2,06松山區,松山區民生東路5段36巷8弄與民生東路5段36巷口,0,0,1,1,F01,7,3,5,50,3,1,1,5,4,5,7,4,4,5,4,5,2,17,1,13,2,8,1,1,7,5,8,20,2,16,,8,8,1,22,9,121.5571207,25.05703659
111,5,30,19,10,2,06松山區,松山區民生東路5段36巷8弄與民生東路5段36巷口,0,0,1,2,B12,7,3,5,50,3,1,1,5,4,5,7,4,4,5,4,5,2,17,1,58,3,10,1,1,7,9,1,8,2,5,,44,8,1,22,9,121.5571207,25.05703659
111,5,30,20,0,2,08士林區,士林區承德路5段與中正路口,0,0,1,1,B01,7,3,5,30,3,2,1,5,4,5,7,4,4,1,4,5,1,12,1,44,3,10,1,1,7,15,1,3,1,4,,6,6,1,22,9,121.515596,25.0905613
111,5,30,20,0,2,08士林區,士林區承德路5段與中正路口,0,0,1,2,C03,7,3,5,30,3,2,1,5,4,5,7,4,4,1,4,5,1,12,1,32,2,9,1,1,7,9,1,10,1,12,,44,6,1,22,9,121.515596,25.0905613
111,5,30,20,30,2,08士林區,往西 百齡橋014燈桿旁,0,0,1,1,C03,7,1,5,50,14,11,1,5,4,5,7,4,4,1,4,5,1,16,2,61,3,10,1,1,7,9,1,10,1,12,,17,17,1,21,8,121.512661,25.08857659
111,5,30,20,30,2,08士林區,往西 百齡橋014燈桿旁,0,0,1,2,F01,7,1,5,50,14,11,1,5,4,5,7,4,4,1,4,5,1,16,2,76,2,9,1,1,7,15,8,20,1,16,,17,17,1,21,8,121.512661,25.08857659
111,5,30,21,0,2,02萬華區,萬華區環河南路2段與廣州街口,0,0,1,1,C03,8,3,5,50,5,1,1,5,4,5,7,2,1,1,5,5,2,16,1,21,2,9,1,1,7,5,1,10,1,13,,8,8,1,22,9,121.4957283,25.03698059
111,5,30,21,0,2,02萬華區,萬華區環河南路2段與廣州街口,0,0,1,2,B03,8,3,5,50,5,1,1,5,4,5,7,2,1,1,5,5,2,16,1,53,3,10,1,1,7,9,1,8,1,1,,44,8,1,22,9,121.4957283,25.03698059
111,5,30,22,25,2,04大安區,大安區復興南路2段148巷與復興南路2段口,0,0,1,1,B03,8,3,5,50,4,1,1,5,4,5,7,1,1,1,4,5,2,17,2,43,3,10,1,1,7,5,1,8,1,6,,8,8,1,22,9,121.5434182,25.02837462
111,5,30,22,25,2,04大安區,大安區復興南路2段148巷與復興南路2段口,0,0,1,2,C03,8,3,5,50,4,1,1,5,4,5,7,1,1,1,4,5,2,17,1,33,2,8,1,1,7,9,1,10,1,11,,44,8,1,22,9,121.5434182,25.02837462
111,5,30,22,25,2,04大安區,大安區復興南路2段148巷與復興南路2段口,0,0,1,3,B01,8,3,5,50,4,1,1,5,4,5,7,1,1,1,4,5,2,17,1,54,3,10,1,1,7,9,1,4,1,1,,23,8,1,22,9,121.5434182,25.02837462
111,5,31,0,31,2,07信義區,信義區吳興街與吳興街99巷口口,0,0,1,1,B01,6,3,5,30,3,1,1,4,4,5,7,4,4,5,5,5,2,17,1,38,3,10,1,1,7,5,1,4,1,8,,8,8,1,21,8,121.5608579,25.0304262
111,5,31,0,31,2,07信義區,信義區吳興街與吳興街99巷口口,0,0,1,2,C03,6,3,5,30,3,1,1,4,4,5,7,4,4,5,5,5,2,17,2,22,2,9,1,1,7,9,1,10,1,11,,14,8,1,21,8,121.5608579,25.0304262
111,5,31,4,23,2,07信義區,信義區基隆路1段與市民大道6段口,0,0,1,1,B12,8,3,5,50,5,1,1,4,4,5,7,2,1,8,3,5,2,17,1,63,3,10,1,1,7,5,1,8,2,5,,25,25,1,22,9,121.5693332,25.0490545
111,5,31,4,23,2,07信義區,信義區基隆路1段與市民大道6段口,0,0,1,2,C03,8,3,5,50,5,1,1,4,4,5,7,2,1,8,3,5,2,17,1,23,2,9,1,1,7,9,1,10,2,11,,13,25,1,22,9,121.5693332,25.0490545
111,5,31,6,38,2,11南港區,南港區市民大道7段與東新街口,0,0,2,1,C03,7,1,5,50,4,1,1,5,4,5,7,2,1,1,5,5,2,13,2,43,2,9,1,1,7,9,1,10,2,11,,16,16,1,22,9,121.5838366,25.0496965