發生年度,發生月,發生日,發生時-Hours,發生分,處理別-編號,區序,肇事地點,死亡人數,2-30日死亡人數,受傷人數,當事人序號,車種,天候,光線,道路類別,速限-速度限制,道路型態,事故位置,路面狀況1,路面狀況2,路面狀況3,道路障礙1,道路障礙2,號誌1,號誌2,車道劃分-分向,車道劃分-分道1,車道劃分-分道2,車道劃分-分道3,事故類型及型態,性別,年齡,受傷程度,主要傷處,安全帽,行動電話,車輛用途,當事者行動狀態,駕駛資格情形,駕駛執照種類,飲酒情形,車輛撞擊部位1,車輛撞擊部位2,肇因碼-個別,肇因碼-主要,個人肇逃否,職業,旅次目的,座標-X,座標-Y
111,5,31,6,38,2,11南港區,南港區市民大道7段與東新街口,0,0,2,2,C03,7,1,5,50,4,1,1,5,4,5,7,2,1,1,5,5,2,13,1,45,2,9,1,1,7,9,1,10,2,13,,44,16,1,22,9,121.5838366,25.0496965
111,5,31,6,38,2,11南港區,南港區市民大道7段與東新街口,0,0,2,3,C03,7,1,5,50,4,1,1,5,4,5,7,2,1,1,5,5,2,13,1,61,3,10,1,1,7,9,1,10,2,12,,44,16,1,22,9,121.5838366,25.0496965
111,5,31,6,38,2,11南港區,南港區市民大道7段與東新街口,0,0,2,4,C03,7,1,5,50,4,1,1,5,4,5,7,2,1,1,5,5,2,13,2,43,3,10,1,4,7,9,1,10,9,15,,30,16,1,22,9,121.5838366,25.0496965
111,5,31,7,7,2,10文山區,文山區木柵路4段26號,0,0,1,1,B03,7,1,5,50,14,8,1,5,4,5,7,1,1,4,4,4,2,13,1,52,3,10,1,1,7,1,1,8,1,5,,43,43,1,22,9,121.5735356,24.99724784
111,5,31,7,7,2,10文山區,文山區木柵路4段26號,0,0,1,2,C03,7,1,5,50,14,8,1,5,4,5,7,1,1,4,4,4,2,13,1,58,2,8,1,1,7,14,1,10,1,13,,43,43,1,22,9,121.5735356,24.99724784
111,5,31,7,40,2,12內湖區,內湖區民權東路6段206巷121弄與民權東路6段206巷口,0,0,1,1,B01,6,1,5,50,4,1,1,4,4,5,7,4,4,9,5,5,2,15,1,68,3,10,1,1,7,9,1,4,1,4,,44,44,1,22,9,121.5956474,25.0650017
111,5,31,7,40,2,12內湖區,內湖區民權東路6段206巷121弄與民權東路6段206巷口,0,0,1,2,C03,6,1,5,50,4,1,1,4,4,5,7,4,4,9,5,5,2,15,1,62,2,7,1,1,7,9,1,10,1,11,,6,44,1,22,9,121.5956474,25.0650017
111,5,31,7,42,2,09北投區,北投區大度路3段與立德路口,0,0,1,1,C03,7,1,5,50,3,1,1,5,4,5,7,1,1,1,4,5,2,17,1,50,3,10,1,1,7,9,1,10,1,12,,16,16,1,22,9,121.4710883,25.1227262
111,5,31,7,42,2,09北投區,北投區大度路3段與立德路口,0,0,1,2,C03,7,1,5,50,3,1,1,5,4,5,7,1,1,1,4,5,2,17,1,48,2,9,1,1,7,9,1,10,1,12,,16,16,1,22,9,121.4710883,25.1227262
111,5,31,7,42,2,09北投區,北投區大度路3段與立德路口,0,0,1,3,C03,7,1,5,50,3,1,1,5,4,5,7,1,1,1,4,5,2,17,2,39,3,10,1,1,7,15,1,9,1,13,,44,16,1,22,9,121.4710883,25.1227262
111,5,31,7,45,2,05中正區,中正區汀州路3段與汀州路3段230巷口,0,0,1,1,B03,6,1,5,50,4,1,1,4,4,5,7,4,4,5,5,5,2,15,1,31,3,10,1,1,7,9,1,8,2,5,,6,6,1,22,9,121.535943,25.01154473
111,5,31,7,45,2,05中正區,中正區汀州路3段與汀州路3段230巷口,0,0,1,2,C03,6,1,5,50,4,1,1,4,4,5,7,4,4,5,5,5,2,15,1,23,2,9,1,1,7,9,1,10,2,11,,13,6,1,22,9,121.535943,25.01154473
111,5,31,7,50,2,08士林區,士林區格致路與愛富一街口,0,0,1,1,B03,7,1,5,40,3,1,1,5,4,5,7,4,4,5,5,5,1,17,2,59,4,11,3,4,7,5,7,19,11,15,,8,8,2,22,9,121.5465552,25.1382314
111,5,31,7,50,2,08士林區,士林區格致路與愛富一街口,0,0,1,2,C03,7,1,5,40,3,1,1,5,4,5,7,4,4,5,5,5,1,17,2,46,2,9,1,1,7,9,1,10,9,14,,42,8,1,21,8,121.5465552,25.1382314
111,5,31,8,25,2,04大安區,大安區新生南路3段36號斜對面,0,0,1,1,B12,6,1,5,50,14,9,1,4,4,5,7,4,4,1,4,4,2,12,1,50,3,10,3,4,7,9,1,4,1,4,,23,23,1,22,9,121.5343591,25.0214511
111,5,31,8,25,2,04大安區,大安區新生南路3段36號斜對面,0,0,1,2,C03,6,1,5,50,14,9,1,4,4,5,7,4,4,1,4,4,2,12,2,33,2,7,1,4,7,10,1,10,1,12,,7,23,1,22,9,121.5343591,25.0214511
111,5,31,8,30,2,06松山區,松山區塔悠路與八德路4段口口,0,0,1,1,C03,6,1,5,50,5,1,1,4,4,5,7,2,1,3,4,5,2,12,1,36,2,9,1,1,7,5,1,10,1,11,,44,44,1,22,9,121.5721454,25.04991559
111,5,31,8,30,2,06松山區,松山區塔悠路與八德路4段口口,0,0,1,2,B03,6,1,5,50,5,1,1,4,4,5,7,2,1,3,4,5,2,12,1,49,3,10,1,1,7,6,1,8,1,6,,6,44,1,22,9,121.5721454,25.04991559
111,5,31,8,34,2,04大安區,大安區大安路2段與大安路2段142巷口,0,0,1,1,B01,7,1,5,50,3,1,1,4,4,5,7,4,4,5,5,5,2,16,1,56,3,10,1,4,7,11,1,4,1,6,,10,10,1,22,9,121.5460239,25.02951665
111,5,31,8,34,2,04大安區,大安區大安路2段與大安路2段142巷口,0,0,1,2,C03,7,1,5,50,3,1,1,4,4,5,7,4,4,5,5,5,2,16,1,27,2,9,1,4,7,9,1,10,1,14,,14,10,1,22,9,121.5460239,25.02951665
111,5,31,8,42,2,04大安區,大安區基隆路2段188號前,0,0,1,1,C03,6,1,5,50,14,9,1,4,4,5,7,4,4,8,3,5,1,17,1,23,2,9,1,1,7,12,1,10,1,14,,42,42,1,5,1,121.55314,25.02500984
111,5,31,8,42,2,04大安區,大安區基隆路2段188號前,0,0,1,2,B03,6,1,5,50,14,9,1,4,4,5,7,4,4,8,3,5,1,17,1,53,3,10,1,1,7,9,1,8,1,3,,44,42,1,5,1,121.55314,25.02500984
111,5,31,8,46,2,05中正區,中正區羅斯福路4段196巷與汀州路3段口口,0,0,1,1,C03,6,1,5,50,14,9,1,4,4,5,7,4,4,9,4,5,2,12,2,48,3,10,1,1,7,11,1,10,2,14,,42,42,1,22,9,121.5360529,25.0113248
111,5,31,8,46,2,05中正區,中正區羅斯福路4段196巷與汀州路3段口口,0,0,1,2,C03,6,1,5,50,14,9,1,4,4,5,7,4,4,9,4,5,2,12,2,22,2,9,1,1,7,9,1,10,2,11,,42,42,1,22,9,121.5360529,25.0113248
111,5,31,8,55,2,09北投區,北投區致遠一路2段112巷23號,0,0,1,1,B03,6,1,5,30,15,9,1,4,4,5,7,4,4,10,5,5,2,17,1,43,3,10,3,4,7,5,1,8,1,5,,6,6,1,22,9,121.5134371,25.1123525
111,5,31,8,55,2,09北投區,北投區致遠一路2段112巷23號,0,0,1,2,C03,6,1,5,30,15,9,1,4,4,5,7,4,4,10,5,5,2,17,2,26,2,8,3,4,7,9,1,10,1,14,,44,6,1,22,9,121.5134371,25.1123525
111,5,31,8,59,2,11南港區,南港區忠孝東路7段與研究院路1段口,0,0,2,1,C03,6,1,5,40,14,11,1,4,4,5,7,4,4,9,4,5,2,12,2,33,2,8,1,1,7,9,1,10,1,11,,44,44,1,22,9,121.6159488,25.0532314
111,5,31,8,59,2,11南港區,南港區忠孝東路7段與研究院路1段口,0,0,2,2,C03,6,1,5,40,14,11,1,4,4,5,7,4,4,9,4,5,2,12,2,59,2,9,1,1,7,8,1,10,1,12,,7,44,1,22,9,121.6159488,25.0532314
111,5,31,9,14,2,09北投區,北投區立德路15號,0,0,2,1,B03,7,1,5,50,14,9,1,5,4,5,7,4,4,5,4,5,2,17,1,49,3,10,1,1,7,5,1,8,1,1,,8,8,1,22,9,121.4715089,25.1244328
111,5,31,9,14,2,09北投區,北投區立德路15號,0,0,2,2,C03,7,1,5,50,14,9,1,5,4,5,7,4,4,5,4,5,2,17,2,22,2,8,1,1,7,9,1,10,1,14,,23,8,1,22,9,121.4715089,25.1244328
111,5,31,9,14,2,09北投區,北投區立德路15號,0,0,2,3,H02,7,1,5,50,14,9,1,5,4,5,7,4,4,5,4,5,2,17,2,22,2,9,1,5,7,20,8,20,10,16,,67,8,1,22,9,121.4715089,25.1244328
111,5,31,9,22,2,10文山區,文山區興隆路3段185巷與興隆路3段口口,0,0,1,1,B03,7,1,5,50,3,1,1,4,4,5,7,3,1,1,4,5,2,17,2,41,3,10,1,1,7,6,1,8,2,15,,6,6,1,22,9,121.5600071,24.99596155
111,5,31,9,22,2,10文山區,文山區興隆路3段185巷與興隆路3段口口,0,0,1,2,C02,7,1,5,50,3,1,1,4,4,5,7,3,1,1,4,5,2,17,1,50,2,1,1,1,7,9,1,9,2,11,,44,6,1,22,9,121.5600071,24.99596155
111,5,31,9,22,2,10文山區,文山區興隆路3段185巷與興隆路3段口口,0,0,1,3,,7,1,5,50,3,1,1,4,4,5,7,3,1,1,4,5,2,17,3,,,,,,,,,,,,,67,6,1,,,121.5600071,24.99596155
111,5,31,9,26,2,10文山區,文山區木柵路1段160號前,0,0,1,1,C03,8,1,5,50,14,9,1,5,4,5,7,4,4,9,4,5,2,11,2,59,2,9,1,1,7,7,3,18,1,14,,7,7,1,22,9,121.5520356,24.98772026
111,5,31,9,26,2,10文山區,文山區木柵路1段160號前,0,0,1,2,B03,8,1,5,50,14,9,1,5,4,5,7,4,4,9,4,5,2,11,2,31,3,10,1,1,7,9,1,8,1,2,,44,7,1,22,9,121.5520356,24.98772026
111,5,31,9,26,2,10文山區,文山區木柵路1段160號前,0,0,1,3,A02,8,1,5,50,14,9,1,5,4,5,7,4,4,9,4,5,2,11,1,57,3,10,1,1,7,1,1,6,1,4,,19,7,1,22,9,121.5520356,24.98772026
111,5,31,9,40,2,05中正區,中正區羅斯福路1段41號旁,0,0,1,1,B01,6,1,5,40,14,9,1,4,4,5,7,4,4,3,4,4,2,17,1,63,4,11,3,4,7,10,7,19,11,15,,7,7,2,22,9,121.5187501,25.0322432
111,5,31,9,40,2,05中正區,中正區羅斯福路1段41號旁,0,0,1,2,C03,6,1,5,40,14,9,1,4,4,5,7,4,4,3,4,4,2,17,1,41,3,10,1,1,7,9,1,10,11,15,,44,7,1,22,9,121.5187501,25.0322432
111,5,31,9,40,2,05中正區,中正區羅斯福路1段41號旁,0,0,1,3,C03,6,1,5,40,14,9,1,4,4,5,7,4,4,3,4,4,2,17,2,33,2,9,1,1,7,9,1,10,11,14,,42,7,1,22,9,121.5187501,25.0322432
111,5,31,10,7,2,01大同區,大同區鄭州路與延平北路1段口,0,0,1,1,C03,7,1,5,40,4,1,1,4,4,5,7,2,1,1,4,5,2,13,1,28,2,8,1,1,7,9,1,10,1,11,,16,16,1,22,9,121.5118464,25.04977004
111,5,31,10,7,2,01大同區,大同區鄭州路與延平北路1段口,0,0,1,2,C03,7,1,5,40,4,1,1,4,4,5,7,2,1,1,4,5,2,13,1,31,3,10,1,1,7,9,1,10,1,13,,44,16,1,22,9,121.5118464,25.04977004
111,5,31,10,9,2,09北投區,北投區民權街10號,0,0,1,1,B03,7,1,5,30,14,9,1,5,4,3,7,4,4,10,5,5,2,9,1,63,3,10,3,4,7,9,1,8,2,6,,23,23,1,22,9,121.5016038,25.1291976
111,5,31,10,9,2,09北投區,北投區民權街10號,0,0,1,2,H03,7,1,5,30,14,9,1,5,4,3,7,4,4,10,5,5,2,9,1,83,2,8,4,5,8,20,8,20,10,16,,54,23,1,22,9,121.5016038,25.1291976
111,5,31,10,10,2,08士林區,士林區華齡街27號,0,0,2,1,H01,6,1,5,50,14,9,1,4,4,5,7,4,4,5,5,5,2,3,1,62,2,9,4,5,8,16,8,20,10,16,,51,51,2,22,9,121.5194267,25.08351286
111,5,31,10,10,2,08士林區,士林區華齡街27號,0,0,2,2,C03,6,1,5,50,14,9,1,4,4,5,7,4,4,5,5,5,2,3,2,63,2,9,1,1,7,9,1,10,1,11,,23,51,1,22,9,121.5194267,25.08351286
111,5,31,10,14,2,02萬華區,萬華區西園路2段320巷56弄與艋舺大道口,0,0,1,1,B03,7,1,5,30,3,1,1,5,4,5,7,1,1,5,4,5,2,16,1,38,3,10,1,1,7,5,1,8,2,4,,44,44,1,22,9,121.4906924,25.02801529
111,5,31,10,14,2,02萬華區,萬華區西園路2段320巷56弄與艋舺大道口,0,0,1,2,C03,7,1,5,30,3,1,1,5,4,5,7,1,1,5,4,5,2,16,2,63,2,9,1,1,7,9,1,10,1,11,,25,44,1,22,9,121.4906924,25.02801529
111,5,31,10,17,2,03中山區,中山區龍江路168號,0,0,2,1,F01,7,1,5,50,14,9,1,5,4,5,7,4,4,5,5,5,2,16,1,74,2,9,1,1,7,5,8,20,1,16,,8,8,1,22,9,121.5405036,25.05515221
111,5,31,10,17,2,03中山區,中山區龍江路168號,0,0,2,2,C03,7,1,5,50,14,9,1,5,4,5,7,4,4,5,5,5,2,16,1,34,2,9,1,1,7,9,1,10,1,14,,42,8,1,22,9,121.5405036,25.05515221
111,5,31,10,20,2,07信義區,信義區福德街300巷與福德街268巷26弄口,0,0,1,1,C03,8,1,5,30,4,1,1,5,4,5,7,4,4,10,5,5,1,15,2,59,2,9,3,4,7,9,1,10,1,11,,6,6,1,22,9,121.5868421,25.03998192
111,5,31,10,20,2,07信義區,信義區福德街300巷與福德街268巷26弄口,0,0,1,2,B12,8,1,5,30,4,1,1,5,4,5,7,4,4,10,5,5,1,15,1,46,3,10,3,4,7,9,1,8,1,5,,44,6,1,22,9,121.5868421,25.03998192
111,5,31,10,25,1,01大同區,大同區通河西街1段明倫高中後方堤外便道,1,0,0,1,F01,6,1,5,30,14,9,1,4,4,5,7,4,4,10,5,5,1,12,1,71,1,9,4,5,7,7,8,20,1,16,,7,7,1,22,9,121.5178509,25.07768747
111,5,31,10,25,1,01大同區,大同區通河西街1段明倫高中後方堤外便道,1,0,0,2,C03,6,1,5,30,14,9,1,4,4,5,7,4,4,10,5,5,1,12,1,31,3,10,3,4,7,9,1,10,1,12,,13,7,1,22,9,121.5178509,25.07768747
111,5,31,10,25,2,05中正區,中正區廣州街與博愛路口,0,0,2,1,B01,7,1,5,30,4,1,1,5,4,5,7,4,4,1,4,5,2,16,1,61,3,10,1,1,7,5,1,4,2,8,,6,6,1,22,9,121.5106846,25.0349034
111,5,31,10,25,2,05中正區,中正區廣州街與博愛路口,0,0,2,2,C03,7,1,5,30,4,1,1,5,4,5,7,4,4,1,4,5,2,16,2,30,2,9,1,3,7,9,1,10,2,11,,14,6,1,22,9,121.5106846,25.0349034
111,5,31,10,25,2,05中正區,中正區廣州街與博愛路口,0,0,2,3,H02,7,1,5,30,4,1,1,5,4,5,7,4,4,1,4,5,2,16,2,45,2,9,1,1,7,20,8,20,10,16,,67,6,1,22,9,121.5106846,25.0349034
111,5,31,10,43,2,03中山區,中山區民權東路3段與龍江路口,0,0,1,1,B03,8,1,5,50,14,11,1,5,4,5,7,4,4,7,2,5,2,14,1,76,3,10,1,1,7,2,1,8,1,8,,12,12,1,19,6,121.5400901,25.06243488
111,5,31,10,43,2,03中山區,中山區民權東路3段與龍江路口,0,0,1,2,C03,8,1,5,50,14,11,1,5,4,5,7,4,4,7,2,5,2,14,2,35,2,9,1,1,7,9,1,10,1,12,,23,12,1,5,5,121.5400901,25.06243488
111,5,31,10,55,2,03中山區,中山區吉林路與吉林路315巷口,0,0,1,1,B03,6,1,5,40,4,1,1,4,4,5,7,4,4,9,5,4,2,14,1,45,3,10,1,1,7,2,1,8,1,7,,12,12,1,22,9,121.5303623,25.0635592
111,5,31,10,55,2,03中山區,中山區吉林路與吉林路315巷口,0,0,1,2,C03,6,1,5,40,4,1,1,4,4,5,7,4,4,9,5,4,2,14,2,27,2,9,1,1,7,9,1,10,1,11,,23,12,1,22,9,121.5303623,25.0635592
111,5,31,10,58,2,03中山區,中山區中山北路2段與民生東路1段口,0,0,1,1,B01,6,1,5,50,4,2,1,4,4,5,7,1,1,1,3,5,2,12,1,63,3,10,1,1,7,8,1,4,1,5,,7,7,1,22,9,121.5229813,25.0578679
111,5,31,10,58,2,03中山區,中山區中山北路2段與民生東路1段口,0,0,1,2,C03,6,1,5,50,4,2,1,4,4,5,7,1,1,1,3,5,2,12,2,62,2,9,1,1,7,9,1,10,1,14,,44,7,1,22,9,121.5229813,25.0578679
111,5,31,11,0,2,02萬華區,萬華區雙和街31巷,0,0,1,1,B02,7,3,5,30,14,9,1,5,4,5,7,4,4,10,5,5,2,9,1,21,3,10,1,1,7,2,1,8,2,5,,12,12,1,22,9,121.5021654,25.02677064
111,5,31,11,0,2,02萬華區,萬華區雙和街31巷,0,0,1,2,H01,7,3,5,30,14,9,1,5,4,5,7,4,4,10,5,5,2,9,2,69,2,9,4,1,8,16,8,20,10,16,,67,12,1,22,9,121.5021654,25.02677064
111,5,31,11,8,2,02萬華區,萬華區西園路1段與桂林路口,0,0,1,1,C03,7,1,5,40,4,2,1,5,4,5,7,2,1,5,4,4,2,17,1,29,2,9,1,1,7,9,1,10,1,15,,42,42,1,22,9,121.4997015,25.03849566
111,5,31,11,8,2,02萬華區,萬華區西園路1段與桂林路口,0,0,1,2,C03,7,1,5,40,4,2,1,5,4,5,7,2,1,5,4,4,2,17,1,61,3,10,1,1,7,9,1,10,1,15,,44,42,1,22,9,121.4997015,25.03849566
111,5,31,11,8,2,02萬華區,萬華區西園路1段與桂林路口,0,0,1,3,F01,7,1,5,40,4,2,1,5,4,5,7,2,1,5,4,4,2,17,1,82,3,10,1,1,7,7,8,20,1,16,,7,42,1,22,9,121.4997015,25.03849566
111,5,31,11,8,2,06松山區,松山區南京東路5段250巷36弄與南京東路5段286巷口,0,0,1,1,B12,7,1,5,30,4,1,1,5,4,5,7,4,4,10,5,5,2,15,1,47,3,10,1,1,7,9,1,8,1,1,,6,6,1,22,9,121.5672659,25.04970852
111,5,31,11,8,2,06松山區,松山區南京東路5段250巷36弄與南京東路5段286巷口,0,0,1,2,C02,7,1,5,30,4,1,1,5,4,5,7,4,4,10,5,5,2,15,1,37,2,9,1,1,7,9,1,9,1,12,,14,6,1,22,9,121.5672659,25.04970852
111,5,31,12,10,2,03中山區,中山區新生北路1段與新生北路1段76巷口,0,0,1,1,B03,7,1,5,30,3,1,1,5,4,5,7,4,4,1,4,5,2,16,1,59,3,10,1,1,7,6,1,8,1,8,,6,6,1,22,9,121.530261,25.04731489
111,5,31,12,10,2,03中山區,中山區新生北路1段與新生北路1段76巷口,0,0,1,2,C03,7,1,5,30,3,1,1,5,4,5,7,4,4,1,4,5,2,16,1,66,2,9,1,1,7,9,1,10,1,11,,14,6,1,22,9,121.530261,25.04731489
111,5,31,12,20,2,10文山區,文山區木柵路1段25號旁,0,0,1,1,C03,6,1,5,50,11,9,1,4,4,5,7,4,4,9,4,5,2,18,1,18,2,9,1,1,7,9,1,10,1,11,,43,43,1,22,9,121.544544,24.98832107
111,5,31,12,20,2,10文山區,文山區木柵路1段25號旁,0,0,1,2,,6,1,5,50,11,9,1,4,4,5,7,4,4,9,4,5,2,18,3,,,,,,,,,,,,,67,43,1,,,121.544544,24.98832107
111,5,31,12,28,2,05中正區,中正區汀州路2段75號前,0,0,1,1,C03,6,1,5,30,14,9,1,4,4,5,7,4,4,9,4,5,2,11,2,55,2,9,1,1,7,11,1,10,2,12,,6,6,1,22,9,121.5168821,25.02561057
111,5,31,12,28,2,05中正區,中正區汀州路2段75號前,0,0,1,2,B12,6,1,5,30,14,9,1,4,4,5,7,4,4,9,4,5,2,11,1,58,3,10,1,1,7,9,1,8,2,8,,44,6,1,22,9,121.5168821,25.02561057
111,5,31,13,2,2,04大安區,大安區和平東路3段與四維路口,0,0,1,1,C03,6,1,5,50,3,2,1,4,4,5,7,4,4,1,5,5,2,13,1,45,2,9,1,1,7,8,1,10,1,12,,23,23,1,22,9,121.5478163,25.02470574
111,5,31,13,2,2,04大安區,大安區和平東路3段與四維路口,0,0,1,2,B01,6,1,5,50,3,2,1,4,4,5,7,4,4,1,5,5,2,13,1,57,3,10,1,1,7,14,1,3,1,7,,44,23,1,22,9,121.5478163,25.02470574
111,5,31,13,30,2,08士林區,士林區中山北路4段67號,0,0,1,1,B12,7,1,5,50,14,9,1,5,4,5,7,4,4,2,4,5,1,12,1,24,3,10,1,1,7,8,1,8,1,5,,7,7,1,22,9,121.524357,25.0804106
111,5,31,13,30,2,08士林區,士林區中山北路4段67號,0,0,1,2,C03,7,1,5,50,14,9,1,5,4,5,7,4,4,2,4,5,1,12,1,21,2,9,1,1,7,9,1,10,1,14,,13,7,1,22,9,121.524357,25.0804106
111,5,31,13,55,2,09北投區,北投區中央北路2段19號,0,0,3,1,C03,7,1,5,50,14,9,1,5,4,5,7,2,1,5,4,5,2,13,1,81,2,9,1,1,7,9,3,18,1,11,,23,23,1,22,9,121.495944,25.1365838
111,5,31,13,55,2,09北投區,北投區中央北路2段19號,0,0,3,2,C03,7,1,5,50,14,9,1,5,4,5,7,2,1,5,4,5,2,13,1,60,2,8,1,1,7,14,1,10,1,13,,44,23,1,22,9,121.495944,25.1365838
111,5,31,13,55,2,09北投區,北投區中央北路2段19號,0,0,3,3,H02,7,1,5,50,14,9,1,5,4,5,7,2,1,5,4,5,2,13,2,31,2,8,1,1,7,20,8,20,10,15,,67,23,1,22,9,121.495944,25.1365838
111,5,31,14,6,2,03中山區,中山區錦州街232巷15號,0,0,2,1,C03,6,1,5,30,14,9,1,4,4,5,7,4,4,10,5,5,2,12,2,40,2,8,1,1,7,6,1,10,1,12,,9,9,1,22,9,121.5325462,25.05980848
111,5,31,14,6,2,03中山區,中山區錦州街232巷15號,0,0,2,2,C03,6,1,5,30,14,9,1,4,4,5,7,4,4,10,5,5,2,12,1,19,2,9,1,1,7,9,1,10,1,14,12,13,9,1,22,9,121.5325462,25.05980848
111,5,31,14,30,2,09北投區,北投區立農街1段與西安街2段275巷口,0,0,2,1,C03,7,1,5,30,4,1,1,5,4,5,7,4,4,10,5,5,1,16,1,45,3,10,1,1,7,9,1,10,1,11,,6,6,1,22,9,121.506745,25.119482
111,5,31,14,30,2,09北投區,北投區立農街1段與西安街2段275巷口,0,0,2,2,C03,7,1,5,30,4,1,1,5,4,5,7,4,4,10,5,5,1,16,1,79,2,9,1,1,7,9,1,10,1,12,,44,6,1,22,9,121.506745,25.119482
111,5,31,14,30,2,09北投區,北投區立農街1段與西安街2段275巷口,0,0,2,3,H02,7,1,5,30,4,1,1,5,4,5,7,4,4,10,5,5,1,16,2,72,2,9,1,5,7,20,8,20,10,16,,67,6,1,22,9,121.506745,25.119482
111,5,31,15,9,2,05中正區,中正區衡陽路與懷寧街口,0,0,1,1,B12,6,1,5,50,3,2,1,4,4,5,7,2,1,8,3,5,2,17,1,54,3,10,1,1,7,5,1,8,2,8,,8,8,1,22,9,121.5140118,25.04231432
111,5,31,15,9,2,05中正區,中正區衡陽路與懷寧街口,0,0,1,2,C03,6,1,5,50,3,2,1,4,4,5,7,2,1,8,3,5,2,17,1,34,2,7,1,1,7,9,1,10,2,11,,44,8,1,22,9,121.5140118,25.04231432
111,5,31,15,44,2,01大同區,大同區延平北路3段與民族西路口,0,0,1,1,C03,6,1,5,0,4,1,1,4,4,5,7,2,1,5,4,5,2,17,1,47,2,8,1,1,7,14,1,10,1,11,,38,38,1,22,9,121.5108572,25.0686588
111,5,31,15,44,2,01大同區,大同區延平北路3段與民族西路口,0,0,1,2,B03,6,1,5,0,4,1,1,4,4,5,7,2,1,5,4,5,2,17,2,44,3,10,3,4,7,5,1,4,1,8,,23,38,1,22,9,121.5108572,25.0686588
111,5,31,15,50,2,04大安區,大安區復興南路2段173號,0,0,1,1,C03,7,1,5,50,14,9,1,4,4,5,7,4,4,1,4,4,2,13,1,54,2,1,1,4,7,9,3,18,1,11,,23,23,1,22,9,121.5436432,25.02751575
111,5,31,15,50,2,04大安區,大安區復興南路2段173號,0,0,1,2,B02,7,1,5,50,14,9,1,4,4,5,7,4,4,1,4,4,2,13,1,58,3,10,1,4,7,14,1,8,1,3,,44,23,1,22,9,121.5436432,25.02751575
111,5,31,16,0,2,03中山區,中山區南京東路2段與伊通街口,0,0,1,1,B03,6,1,5,50,4,1,1,4,4,5,7,1,1,9,4,4,2,16,2,37,3,10,3,4,7,9,1,8,1,8,,23,23,1,22,9,121.5347546,25.05191416
111,5,31,16,0,2,03中山區,中山區南京東路2段與伊通街口,0,0,1,2,C03,6,1,5,50,4,1,1,4,4,5,7,1,1,9,4,4,2,16,1,42,2,9,1,1,7,6,1,10,1,12,,9,23,1,22,9,121.5347546,25.05191416
111,5,31,16,42,2,08士林區,士林區中山北路6段405巷29號,0,0,1,1,B03,6,1,5,30,11,9,1,4,4,5,5,4,4,9,5,5,1,17,2,61,3,10,1,1,7,9,1,8,2,5,,23,23,1,22,9,121.5256371,25.11449972
111,5,31,16,42,2,08士林區,士林區中山北路6段405巷29號,0,0,1,2,C03,6,1,5,30,11,9,1,4,4,5,5,4,4,9,5,5,1,17,1,30,2,9,1,1,7,9,1,10,2,11,,5,23,1,22,9,121.5256371,25.11449972
111,5,31,16,42,2,08士林區,士林區中山北路6段405巷29號,0,0,1,3,B02,6,1,5,30,11,9,1,4,4,5,5,4,4,9,5,5,1,17,1,51,3,10,1,1,7,13,1,8,9,15,,38,23,1,22,9,121.5256371,25.11449972
111,5,31,16,45,2,08士林區,士林區延平北路5段與延平北路5段1巷口,0,0,2,1,C03,6,1,5,50,4,1,1,4,4,5,7,1,1,1,5,5,2,3,2,46,2,9,1,1,7,9,1,10,1,11,,15,15,1,22,9,121.5112642,25.07901068
111,5,31,16,45,2,08士林區,士林區延平北路5段與延平北路5段1巷口,0,0,2,2,H01,6,1,5,50,4,1,1,4,4,5,7,1,1,1,5,5,2,3,1,15,2,9,4,5,8,16,8,20,10,16,,52,15,1,22,9,121.5112642,25.07901068
111,5,31,16,52,2,10文山區,文山區忠順街1段9巷與光輝路口口,0,0,1,1,C03,7,1,5,30,4,1,1,4,4,5,7,4,4,5,5,5,2,16,1,66,2,9,1,1,7,9,1,10,1,12,,6,6,1,22,9,121.5566053,24.9849312
111,5,31,16,52,2,10文山區,文山區忠順街1段9巷與光輝路口口,0,0,1,2,B12,7,1,5,30,4,1,1,4,4,5,7,4,4,5,5,5,2,16,1,47,3,10,1,1,7,9,1,8,1,1,,44,6,1,22,9,121.5566053,24.9849312
111,5,31,17,18,2,03中山區,中山區中山北路3段54號,0,0,1,1,C03,6,1,5,50,14,9,1,4,4,5,7,1,1,4,3,5,2,12,1,47,2,9,1,1,7,7,1,10,1,11,,23,23,1,22,9,121.5226215,25.0680445
111,5,31,17,18,2,03中山區,中山區中山北路3段54號,0,0,1,2,B03,6,1,5,50,14,9,1,4,4,5,7,1,1,4,3,5,2,12,1,52,3,10,1,1,7,14,1,8,1,7,,44,23,1,22,9,121.5226215,25.0680445
111,5,31,17,18,2,03中山區,中山區中山北路3段54號,0,0,1,3,C03,6,1,5,50,14,9,1,4,4,5,7,1,1,4,3,5,2,12,1,68,3,10,1,1,7,9,3,18,1,11,,44,23,1,22,9,121.5226215,25.0680445
111,5,31,17,30,2,12內湖區,內湖區瑞光路478巷18弄內,0,0,1,1,B03,6,1,5,50,14,9,1,4,4,5,7,4,4,9,5,5,2,3,2,41,3,10,1,1,7,1,1,8,1,15,,19,19,1,22,9,121.5673987,25.0789521
111,5,31,17,30,2,12內湖區,內湖區瑞光路478巷18弄內,0,0,1,2,H01,6,1,5,50,14,9,1,4,4,5,7,4,4,9,5,5,2,3,1,29,2,7,4,5,8,16,8,20,10,16,,67,19,1,22,9,121.5673987,25.0789521