發生年度,發生月,發生日,發生時-Hours,發生分,處理別-編號,區序,肇事地點,死亡人數,2-30日死亡人數,受傷人數,當事人序號,車種,天候,光線,道路類別,速限-速度限制,道路型態,事故位置,路面狀況1,路面狀況2,路面狀況3,道路障礙1,道路障礙2,號誌1,號誌2,車道劃分-分向,車道劃分-分道1,車道劃分-分道2,車道劃分-分道3,事故類型及型態,性別,年齡,受傷程度,主要傷處,安全帽,行動電話,車輛用途,當事者行動狀態,駕駛資格情形,駕駛執照種類,飲酒情形,車輛撞擊部位1,車輛撞擊部位2,肇因碼-個別,肇因碼-主要,個人肇逃否,職業,旅次目的,座標-X,座標-Y
111,5,31,17,40,2,03中山區,中山區復興北路234號,0,0,1,1,C03,6,1,5,50,14,9,1,4,4,5,7,4,4,1,4,5,2,13,1,25,2,6,1,4,7,9,1,10,1,11,,23,23,1,22,9,121.5440523,25.05722379
111,5,31,17,40,2,03中山區,中山區復興北路234號,0,0,1,2,B03,6,1,5,50,14,9,1,4,4,5,7,4,4,1,4,5,2,13,1,33,3,10,3,4,7,9,1,8,1,7,,44,23,1,22,9,121.5440523,25.05722379
111,5,31,17,47,2,02萬華區,萬華區長泰街246巷與寶興街222巷口,0,0,2,1,C03,6,1,5,30,4,1,1,4,4,5,5,4,4,10,5,5,2,15,2,42,2,8,1,4,7,9,1,10,1,11,,6,6,1,22,9,121.4946914,25.0220593
111,5,31,17,47,2,02萬華區,萬華區長泰街246巷與寶興街222巷口,0,0,2,2,C03,6,1,5,30,4,1,1,4,4,5,5,4,4,10,5,5,2,15,2,39,2,8,1,4,7,9,1,10,1,11,,14,6,1,22,9,121.4946914,25.0220593
111,5,31,17,47,2,02萬華區,萬華區長泰街246巷與寶興街222巷口,0,0,2,3,B12,6,1,5,30,4,1,1,4,4,5,5,4,4,10,5,5,2,15,1,35,3,10,1,4,7,13,1,8,9,15,,38,6,1,22,9,121.4946914,25.0220593
111,5,31,17,50,2,12內湖區,內湖區潭美街199號,0,0,1,1,B01,6,1,5,40,14,9,1,4,4,5,7,4,4,5,5,5,2,17,1,57,3,10,1,1,7,2,1,8,1,3,,12,12,1,22,9,121.5841534,25.05551444
111,5,31,17,50,2,12內湖區,內湖區潭美街199號,0,0,1,2,C03,6,1,5,40,14,9,1,4,4,5,7,4,4,5,5,5,2,17,2,34,2,9,1,1,7,14,1,10,1,11,,44,12,1,22,9,121.5841534,25.05551444
111,5,31,18,0,2,12內湖區,內湖區堤頂大道1段33號,0,0,2,1,C03,6,1,5,50,14,8,1,4,4,5,7,4,4,1,4,3,2,13,1,31,2,8,1,1,7,9,1,10,1,11,,44,44,1,22,9,121.5737955,25.05706548
111,5,31,18,0,2,12內湖區,內湖區堤頂大道1段33號,0,0,2,2,C03,6,1,5,50,14,8,1,4,4,5,7,4,4,1,4,3,2,13,2,51,2,7,1,1,7,8,1,10,1,13,,7,44,1,22,9,121.5737955,25.05706548
111,5,31,18,0,2,12內湖區,內湖區成功路2段與民權東路6段口,0,0,1,1,C03,6,1,5,50,4,1,1,4,4,5,7,1,1,1,4,5,2,17,1,25,3,10,1,1,7,8,1,10,2,15,,7,7,1,22,9,121.5913987,25.06877939
111,5,31,18,0,2,12內湖區,內湖區成功路2段與民權東路6段口,0,0,1,2,C03,6,1,5,50,4,1,1,4,4,5,7,1,1,1,4,5,2,17,1,26,2,9,1,1,7,9,1,10,2,12,,44,7,1,22,9,121.5913987,25.06877939
111,5,31,18,2,2,04大安區,大安區仁愛路4段與復興南路1段口,0,0,1,1,C03,6,1,5,50,4,1,1,4,4,5,7,2,1,10,5,5,2,12,1,28,2,8,3,4,7,9,1,10,1,15,,17,17,1,22,9,121.5436166,25.03826948
111,5,31,18,2,2,04大安區,大安區仁愛路4段與復興南路1段口,0,0,1,2,A05,6,1,5,50,4,1,1,4,4,5,7,2,1,10,5,5,2,12,1,58,3,10,3,4,7,9,1,2,1,7,,44,17,1,22,9,121.5436166,25.03826948
111,5,31,18,50,2,08士林區,士林區福華路164巷SOGO停車場出入口,0,0,1,1,B03,6,3,5,0,3,1,1,4,4,5,7,4,4,5,5,5,2,17,1,41,3,10,3,4,7,1,1,8,1,5,,19,19,1,22,9,121.5238648,25.10440231
111,5,31,18,50,2,08士林區,士林區福華路164巷SOGO停車場出入口,0,0,1,2,C03,6,3,5,0,3,1,1,4,4,5,7,4,4,5,5,5,2,17,1,30,2,9,1,4,7,9,1,10,1,14,,44,19,1,22,9,121.5238648,25.10440231
111,5,31,18,54,2,06松山區,松山區市民大道4段151號,0,0,3,1,C03,6,3,5,40,14,9,1,4,4,5,7,1,1,1,3,5,2,13,1,22,2,9,3,4,7,9,1,10,1,11,,16,16,1,22,9,121.5509173,25.04486163
111,5,31,18,54,2,06松山區,松山區市民大道4段151號,0,0,3,2,C03,6,3,5,40,14,9,1,4,4,5,7,1,1,1,3,5,2,13,1,18,2,9,3,4,7,9,1,10,1,13,,44,16,1,22,9,121.5509173,25.04486163
111,5,31,18,54,2,06松山區,松山區市民大道4段151號,0,0,3,3,H02,6,3,5,40,14,9,1,4,4,5,7,1,1,1,3,5,2,13,2,26,2,9,3,5,7,20,8,20,10,16,,60,16,1,22,9,121.5509173,25.04486163
111,5,31,18,56,2,04大安區,大安區辛亥路1段與新生南路3段口,0,0,1,1,B01,6,3,5,50,4,2,1,4,4,5,7,2,1,8,3,5,2,16,1,65,2,2,1,1,7,5,1,4,9,7,,8,8,1,22,9,121.53444,25.0222712
111,5,31,18,56,2,04大安區,大安區辛亥路1段與新生南路3段口,0,0,1,2,B01,6,3,5,50,4,2,1,4,4,5,7,2,1,8,3,5,2,16,1,66,3,10,1,1,7,9,1,4,9,5,,44,8,1,22,9,121.53444,25.0222712
111,5,31,19,19,2,04大安區,大安區仁愛路3段8號,0,0,1,1,B03,7,3,5,50,14,9,1,4,4,5,7,4,4,1,4,5,2,17,1,23,2,7,3,4,7,8,1,8,1,2,,7,7,1,22,9,121.5337643,25.03798537
111,5,31,19,19,2,04大安區,大安區仁愛路3段8號,0,0,1,2,B03,7,3,5,50,14,9,1,4,4,5,7,4,4,1,4,5,2,17,2,40,3,10,3,4,7,9,1,8,1,8,,44,7,1,22,9,121.5337643,25.03798537
111,5,31,19,24,2,03中山區,中山區建國北路2段114號,0,0,1,1,B01,6,3,5,50,14,9,1,4,4,5,7,4,4,1,3,5,1,16,1,76,3,10,1,1,7,1,6,18,2,8,,19,19,1,22,9,121.5366941,25.05879037
111,5,31,19,24,2,03中山區,中山區建國北路2段114號,0,0,1,2,C03,6,3,5,50,14,9,1,4,4,5,7,4,4,1,3,5,1,16,1,37,2,9,1,1,7,6,1,10,2,12,,9,19,1,22,9,121.5366941,25.05879037
111,5,31,19,30,2,06松山區,松山區南京東路4段23號,0,0,1,1,C03,6,3,5,50,14,7,1,4,4,5,7,4,4,9,4,4,2,29,1,33,2,9,1,1,7,9,1,10,1,14,,42,42,1,22,9,121.5504291,25.05179662
111,5,31,19,30,2,06松山區,松山區南京東路4段23號,0,0,1,2,,6,3,5,50,14,7,1,4,4,5,7,4,4,9,4,4,2,29,3,,,,,,,,,,,,,67,42,1,,,121.5504291,25.05179662
111,5,31,19,58,2,04大安區,大安區忠孝東路4段216巷與忠孝東路4段216巷32弄口,0,0,1,1,B03,6,3,5,30,4,1,1,4,4,5,7,4,4,5,5,5,2,17,1,47,3,10,1,1,7,9,1,8,1,15,,6,6,1,22,9,121.5529203,25.0398582
111,5,31,19,58,2,04大安區,大安區忠孝東路4段216巷與忠孝東路4段216巷32弄口,0,0,1,2,C04,6,3,5,30,4,1,1,4,4,5,7,4,4,5,5,5,2,17,2,28,2,9,1,1,7,12,1,10,1,14,,13,6,1,22,9,121.5529203,25.0398582
111,5,31,20,21,2,12內湖區,內湖區堤頂大道2段與港墘路口,0,0,2,1,B03,7,3,5,70,3,2,1,4,4,5,7,1,1,1,4,1,2,12,2,45,3,10,1,1,7,9,1,8,1,2,,25,25,1,22,9,121.5722614,25.07461048
111,5,31,20,21,2,12內湖區,內湖區堤頂大道2段與港墘路口,0,0,2,2,C03,7,3,5,70,3,2,1,4,4,5,7,1,1,1,4,1,2,12,2,26,2,9,1,1,7,5,1,10,1,14,,44,25,1,22,9,121.5722614,25.07461048
111,5,31,20,21,2,12內湖區,內湖區堤頂大道2段與港墘路口,0,0,2,3,H02,7,3,5,70,3,2,1,4,4,5,7,1,1,1,4,1,2,12,2,28,2,9,4,5,7,21,8,20,10,15,,67,25,1,22,9,121.5722614,25.07461048
111,5,31,21,1,2,08士林區,士林區仰德大道2段與仰德大道2段2巷口,0,0,1,1,B11,8,3,5,40,3,2,1,5,4,5,1,2,1,4,5,5,1,20,1,32,2,8,3,4,7,15,1,4,2,1,,23,23,1,22,9,121.5396233,25.10187469
111,5,31,21,1,2,08士林區,士林區仰德大道2段與仰德大道2段2巷口,0,0,1,2,,8,3,5,40,3,2,1,5,4,5,1,2,1,4,5,5,1,20,3,,,,,,,,,,,,,67,23,1,,,121.5396233,25.10187469
111,5,31,21,1,2,08士林區,士林區仰德大道2段與仰德大道2段2巷口,0,0,1,3,,8,3,5,40,3,2,1,5,4,5,1,2,1,4,5,5,1,20,3,,,,,,,,,,10,,,67,23,1,,,121.5396233,25.10187469
111,5,31,21,13,2,07信義區,信義區仁愛路4段與一號道路口,0,0,1,1,B03,7,3,5,50,4,1,1,4,4,5,7,2,1,10,5,5,2,17,1,27,3,10,1,1,7,9,1,8,1,2,,25,25,1,22,9,121.5619796,25.0374701
111,5,31,21,13,2,07信義區,信義區仁愛路4段與一號道路口,0,0,1,2,C03,7,3,5,50,4,1,1,4,4,5,7,2,1,10,5,5,2,17,2,27,2,9,1,1,7,9,1,10,1,11,,44,25,1,22,9,121.5619796,25.0374701
111,5,31,22,38,2,08士林區,士林區文林路與文林路404巷口,0,0,2,1,C03,8,3,5,30,3,2,1,5,4,5,7,4,4,5,2,5,2,16,1,20,2,9,1,1,7,5,1,10,1,11,,6,6,1,22,9,121.52493,25.09389347
111,5,31,22,38,2,08士林區,士林區文林路與文林路404巷口,0,0,2,2,C03,8,3,5,30,3,2,1,5,4,5,7,4,4,5,2,5,2,16,1,25,2,9,1,1,7,9,1,10,1,11,,13,6,1,22,9,121.52493,25.09389347
111,5,31,23,39,2,02萬華區,萬華區漢口街2段與昆明街口,0,0,1,1,B01,8,3,5,50,4,1,1,5,4,5,7,2,1,10,5,5,2,3,1,68,3,10,1,1,7,5,1,4,1,1,,15,15,1,22,9,121.5056596,25.04608416
111,5,31,23,39,2,02萬華區,萬華區漢口街2段與昆明街口,0,0,1,2,H01,8,3,5,50,4,1,1,5,4,5,7,2,1,10,5,5,2,3,2,26,2,9,4,5,8,16,8,20,1,16,,67,15,1,22,9,121.5056596,25.04608416
111,6,1,0,10,2,08士林區,士林區福國路15巷與雙溪街口,0,0,2,1,C03,7,3,5,30,3,1,1,5,4,5,7,4,4,5,5,5,1,17,1,20,2,9,1,1,7,5,1,10,1,11,,6,6,1,22,9,121.5245779,25.1004301
111,6,1,0,10,2,08士林區,士林區福國路15巷與雙溪街口,0,0,2,2,C03,7,3,5,30,3,1,1,5,4,5,7,4,4,5,5,5,1,17,1,29,2,9,1,1,7,9,1,10,1,11,,13,6,1,22,9,121.5245779,25.1004301
111,6,1,1,32,1,02萬華區,萬華區萬大路427號,1,0,0,1,C03,8,3,5,30,14,9,1,5,4,5,7,4,4,1,4,5,2,29,1,19,1,9,1,1,7,9,3,18,9,11,,13,13,1,22,9,121.4986079,25.02132552
111,6,1,1,32,1,02萬華區,萬華區萬大路427號,1,0,0,2,,8,3,5,30,14,9,1,5,4,5,7,4,4,1,4,5,2,29,3,,,,,,,,,,10,,,67,13,1,,,121.4986079,25.02132552
111,6,1,1,43,2,11南港區,南港區忠孝東路6段442號,0,0,1,1,B01,8,3,5,50,14,9,1,5,4,5,7,4,4,1,4,5,2,16,1,66,3,10,3,4,7,8,1,4,2,2,,7,7,1,22,9,121.5938096,25.05031807
111,6,1,1,43,2,11南港區,南港區忠孝東路6段442號,0,0,1,2,C03,8,3,5,50,14,9,1,5,4,5,7,4,4,1,4,5,2,16,1,52,2,9,3,4,7,9,1,10,2,14,,44,7,1,22,9,121.5938096,25.05031807
111,6,1,3,30,2,02萬華區,萬華區和平西路2段與中華路2段口,0,0,1,1,G03,8,3,5,50,4,1,1,4,4,5,7,1,1,1,4,4,2,17,1,28,3,10,1,1,7,1,7,19,1,1,,19,19,1,22,9,121.5051894,25.03344855
111,6,1,3,30,2,02萬華區,萬華區和平西路2段與中華路2段口,0,0,1,2,C03,8,3,5,50,4,1,1,4,4,5,7,1,1,1,4,4,2,17,1,18,2,9,1,3,7,9,3,18,1,11,,13,19,1,22,9,121.5051894,25.03344855
111,6,1,7,15,2,11南港區,南港區重陽路39巷與向陽路162巷口,0,0,1,1,C03,8,1,5,50,4,1,1,5,4,5,7,4,4,5,5,5,1,15,2,63,2,9,1,1,7,9,3,18,1,12,,6,6,1,22,9,121.5953565,25.0560124
111,6,1,7,15,2,11南港區,南港區重陽路39巷與向陽路162巷口,0,0,1,2,B03,8,1,5,50,4,1,1,5,4,5,7,4,4,5,5,5,1,15,1,68,3,10,3,4,7,9,1,8,1,1,,6,6,1,22,9,121.5953565,25.0560124
111,6,1,7,24,2,08士林區,士林區中正路與士商路口,0,0,2,1,B01,8,1,5,50,4,1,1,5,4,5,7,2,1,1,1,4,1,17,1,43,2,9,1,1,7,5,1,3,1,1,,16,16,1,22,9,121.5180205,25.0924631
111,6,1,7,24,2,08士林區,士林區中正路與士商路口,0,0,2,2,B03,8,1,5,50,4,1,1,5,4,5,7,2,1,1,1,4,1,17,1,27,2,9,1,1,7,5,1,8,1,6,,44,16,1,22,9,121.5180205,25.0924631
111,6,1,7,36,2,03中山區,中山區中山北路2段與民生西路口,0,0,2,1,C03,8,1,5,50,4,2,1,5,4,5,7,2,1,5,4,5,1,3,2,49,2,8,1,1,7,1,1,10,1,12,,44,44,1,22,9,121.5226416,25.05788607
111,6,1,7,36,2,03中山區,中山區中山北路2段與民生西路口,0,0,2,2,H01,8,1,5,50,4,2,1,5,4,5,7,2,1,5,4,5,1,3,2,59,2,7,4,5,8,18,8,20,10,16,,52,44,1,22,9,121.5226416,25.05788607
111,6,1,7,37,2,02萬華區,萬華區環河南路1段135號,0,0,1,1,C03,8,1,5,50,11,9,1,5,4,5,7,4,4,10,5,5,1,12,1,69,2,9,1,4,7,7,1,10,1,14,,7,7,1,22,9,121.5001933,25.04203169
111,6,1,7,37,2,02萬華區,萬華區環河南路1段135號,0,0,1,2,B03,8,1,5,50,11,9,1,5,4,5,7,4,4,10,5,5,1,12,2,51,3,10,1,4,7,9,1,8,1,2,,44,7,1,22,9,121.5001933,25.04203169
111,6,1,7,48,2,03中山區,中山區北安路554巷與北安路口,0,0,1,1,B02,8,1,5,50,3,1,1,5,4,5,7,1,1,5,4,5,2,2,1,26,3,10,1,1,7,5,1,8,2,8,,15,15,1,22,9,121.5481008,25.0804693
111,6,1,7,48,2,03中山區,中山區北安路554巷與北安路口,0,0,1,2,H01,8,1,5,50,3,1,1,5,4,5,7,1,1,5,4,5,2,2,2,85,2,9,4,5,8,16,8,20,10,16,,67,15,1,22,9,121.5481008,25.0804693
111,6,1,8,2,2,02萬華區,萬華區貴陽街2段120-1號,0,0,1,1,C03,8,1,5,0,14,20,4,5,4,5,7,4,4,10,5,5,1,9,1,21,3,10,1,1,7,9,1,10,1,11,,42,42,1,22,9,121.5039151,25.0397428
111,6,1,8,2,2,02萬華區,萬華區貴陽街2段120-1號,0,0,1,2,H01,8,1,5,0,14,20,4,5,4,5,7,4,4,10,5,5,1,9,2,43,2,8,4,5,8,16,8,20,10,16,,67,42,1,22,9,121.5039151,25.0397428
111,6,1,8,3,2,12內湖區,內湖區東湖路與東湖路160巷口,0,0,1,1,F03,8,1,5,50,14,9,1,5,4,5,7,1,1,5,4,5,2,12,2,51,2,9,1,1,7,7,8,20,1,16,,7,7,1,22,9,121.6171357,25.06798939
111,6,1,8,3,2,12內湖區,內湖區東湖路與東湖路160巷口,0,0,1,2,B03,8,1,5,50,14,9,1,5,4,5,7,1,1,5,4,5,2,12,1,24,3,10,1,1,7,9,1,8,2,2,,44,7,1,22,9,121.6171357,25.06798939
111,6,1,8,24,2,06松山區,松山區南京東路5段141號前,0,0,1,1,C03,8,1,5,40,14,8,1,5,4,5,7,4,4,10,5,5,2,12,1,33,3,10,1,1,7,6,1,10,1,13,,9,9,1,22,9,121.5617543,25.05154677
111,6,1,8,24,2,06松山區,松山區南京東路5段141號前,0,0,1,2,C03,8,1,5,40,14,8,1,5,4,5,7,4,4,10,5,5,2,12,2,75,2,9,1,1,7,9,1,10,1,11,,23,9,1,22,9,121.5617543,25.05154677
111,6,1,8,28,2,02萬華區,萬華區堤外便道與水源快速道路口匝道,0,0,2,1,B02,8,1,7,50,3,1,1,5,4,5,7,4,4,3,5,5,1,16,1,37,3,10,1,4,7,6,1,8,1,2,,9,9,1,22,9,121.4989259,25.0165229
111,6,1,8,28,2,02萬華區,萬華區堤外便道與水源快速道路口匝道,0,0,2,2,C03,8,1,7,50,3,1,1,5,4,5,7,4,4,3,5,5,1,16,1,63,2,7,1,4,7,9,1,10,1,14,,44,9,1,22,9,121.4989259,25.0165229
111,6,1,8,28,2,02萬華區,萬華區堤外便道與水源快速道路口匝道,0,0,2,3,H02,8,1,7,50,3,1,1,5,4,5,7,4,4,3,5,5,1,16,2,44,2,9,1,5,7,20,8,20,10,16,,67,9,1,22,9,121.4989259,25.0165229
111,6,1,8,45,2,03中山區,中山區建國北路2段96號,0,0,1,1,C03,8,1,5,50,14,9,1,5,4,5,7,4,4,1,4,5,2,13,2,46,2,9,1,1,7,9,1,10,1,11,,16,16,1,22,9,121.5365888,25.05746083
111,6,1,8,45,2,03中山區,中山區建國北路2段96號,0,0,1,2,B12,8,1,5,50,14,9,1,5,4,5,7,4,4,1,4,5,2,13,1,63,3,10,1,1,7,9,1,8,1,3,,44,16,1,22,9,121.5365888,25.05746083
111,6,1,8,50,2,01大同區,大同區南京西路與塔城街口,0,0,2,1,C03,8,1,5,50,5,1,1,5,4,5,7,4,4,5,4,5,2,12,1,78,2,9,1,4,7,5,1,10,1,14,,8,8,1,22,9,121.5102375,25.0537846
111,6,1,8,50,2,01大同區,大同區南京西路與塔城街口,0,0,2,2,C03,8,1,5,50,5,1,1,5,4,5,7,4,4,5,4,5,2,12,1,46,2,7,1,4,7,6,1,10,1,12,,44,8,1,22,9,121.5102375,25.0537846
111,6,1,9,0,2,04大安區,大安區仁愛路4段230號,0,0,1,1,B03,7,1,5,50,14,9,1,5,4,3,5,4,4,1,4,5,2,17,1,59,3,10,1,1,7,13,1,8,9,4,,40,40,1,22,9,121.5521108,25.03757663
111,6,1,9,0,2,04大安區,大安區仁愛路4段230號,0,0,1,2,F01,7,1,5,50,14,9,1,5,4,3,5,4,4,1,4,5,2,17,1,64,2,9,1,1,7,9,8,20,9,16,,44,40,2,22,9,121.5521108,25.03757663
111,6,1,9,0,2,12內湖區,內湖區金湖路336號,0,0,1,1,C03,8,1,5,40,14,8,1,5,4,5,7,4,4,1,4,4,2,13,1,22,2,9,1,1,7,9,1,10,1,11,,16,16,1,22,9,121.6035456,25.0736309
111,6,1,9,0,2,12內湖區,內湖區金湖路336號,0,0,1,2,C03,8,1,5,40,14,8,1,5,4,5,7,4,4,1,4,4,2,13,1,29,3,10,1,1,7,12,1,10,1,13,,44,16,1,22,9,121.6035456,25.0736309
111,6,1,9,0,2,12內湖區,內湖區金湖路336號,0,0,1,3,C03,8,1,5,40,14,8,1,5,4,5,7,4,4,1,4,4,2,13,2,30,3,10,1,1,7,9,1,10,1,14,,44,16,1,22,9,121.6035456,25.0736309
111,6,1,9,0,2,12內湖區,內湖區金湖路336號,0,0,1,4,H02,8,1,5,40,14,8,1,5,4,5,7,4,4,1,4,4,2,13,2,21,3,10,1,5,7,21,8,20,10,16,,67,16,1,22,9,121.6035456,25.0736309
111,6,1,9,12,2,06松山區,松山區復興北路與民族東路口,0,0,2,1,C03,8,1,5,50,4,1,1,5,4,5,7,1,1,1,4,4,2,17,1,58,2,5,1,1,7,8,1,10,1,12,,7,7,1,22,9,121.5444113,25.0664162
111,6,1,9,12,2,06松山區,松山區復興北路與民族東路口,0,0,2,2,C03,8,1,5,50,4,1,1,5,4,5,7,1,1,1,4,4,2,17,2,28,2,9,1,1,7,9,1,10,1,14,,44,7,1,22,9,121.5444113,25.0664162
111,6,1,9,24,2,04大安區,大安區仁愛路4段27巷與大安路1段106巷口,0,0,1,1,C03,8,1,5,30,14,9,1,5,4,5,7,4,4,10,5,5,1,3,2,26,3,10,1,1,7,12,1,10,1,11,,23,23,1,5,1,121.544435,25.04021485
111,6,1,9,24,2,04大安區,大安區仁愛路4段27巷與大安路1段106巷口,0,0,1,2,H01,8,1,5,30,14,9,1,5,4,5,7,4,4,10,5,5,1,3,2,52,2,8,4,1,8,16,8,20,1,16,,53,23,1,5,1,121.544435,25.04021485
111,6,1,9,30,2,07信義區,信義區嘉興街302號,0,0,1,1,H01,8,1,5,0,15,9,1,5,4,5,7,4,4,8,3,5,2,3,2,73,2,8,4,5,8,16,8,20,10,16,,53,53,1,22,9,121.5548534,25.0235748
111,6,1,9,30,2,07信義區,信義區嘉興街302號,0,0,1,2,C03,8,1,5,0,15,9,1,5,4,5,7,4,4,8,3,5,2,3,1,26,3,10,3,4,7,9,1,10,9,11,,23,53,1,22,9,121.5548534,25.0235748
111,6,1,9,34,2,05中正區,中正區館前路與漢口街1段口口,0,0,1,1,C04,8,1,5,50,3,1,1,5,4,5,7,1,1,10,4,5,2,17,2,73,2,7,1,1,7,7,1,10,1,14,,43,43,1,22,9,121.5150012,25.04514001
111,6,1,9,34,2,05中正區,中正區館前路與漢口街1段口口,0,0,1,2,B03,8,1,5,50,3,1,1,5,4,5,7,1,1,10,4,5,2,17,2,53,3,10,1,1,7,9,1,8,1,2,,43,43,1,22,9,121.5150012,25.04514001
111,6,1,9,47,2,07信義區,信義區基隆路2段39巷35號與基隆路2段39巷37弄口,0,0,1,1,A12,8,1,5,30,3,1,1,5,4,5,7,4,4,9,5,5,2,16,1,45,3,10,1,1,7,2,1,8,1,2,,12,12,1,22,9,121.5598545,25.0302515
111,6,1,9,47,2,07信義區,信義區基隆路2段39巷35號與基隆路2段39巷37弄口,0,0,1,2,C03,8,1,5,30,3,1,1,5,4,5,7,4,4,9,5,5,2,16,2,43,2,9,1,1,7,9,1,10,1,11,,44,12,1,22,9,121.5598545,25.0302515
111,6,1,9,47,2,07信義區,信義區基隆路2段39巷35號與基隆路2段39巷37弄口,0,0,1,3,B01,8,1,5,30,3,1,1,5,4,5,7,4,4,9,5,5,2,16,1,60,4,11,3,4,7,15,7,19,11,15,,38,12,2,22,9,121.5598545,25.0302515
111,6,1,9,50,2,03中山區,中山區植福路與植福路286巷口,0,0,1,1,C03,8,1,5,50,4,1,1,5,4,5,7,1,1,5,4,5,1,12,1,22,2,9,1,1,7,5,1,10,1,12,,17,17,1,22,9,121.5611438,25.08162005
111,6,1,9,50,2,03中山區,中山區植福路與植福路286巷口,0,0,1,2,B03,8,1,5,50,4,1,1,5,4,5,7,1,1,5,4,5,1,12,2,49,3,10,1,1,7,5,3,18,1,4,,17,17,1,22,9,121.5611438,25.08162005
111,6,1,9,53,2,06松山區,松山區民生東路5段188號,0,0,1,1,B01,8,1,5,50,16,9,1,5,4,5,7,2,1,3,4,5,2,16,1,65,3,10,1,1,7,8,1,4,1,2,,7,7,1,22,9,121.5637913,25.05874618
111,6,1,9,53,2,06松山區,松山區民生東路5段188號,0,0,1,2,C04,8,1,5,50,16,9,1,5,4,5,7,2,1,3,4,5,2,16,2,28,2,9,1,1,7,9,1,10,1,11,,6,7,1,22,9,121.5637913,25.05874618
111,6,1,9,54,2,09北投區,北投區振華街與裕民一路40巷口,0,0,1,1,B03,8,1,5,50,3,1,1,5,4,5,7,4,4,5,4,5,2,16,1,45,3,10,1,1,7,5,1,8,1,7,,6,6,1,22,9,121.5177835,25.1158989
111,6,1,9,54,2,09北投區,北投區振華街與裕民一路40巷口,0,0,1,2,C04,8,1,5,50,3,1,1,5,4,5,7,4,4,5,4,5,2,16,2,64,2,8,1,1,7,9,1,10,1,14,,44,6,1,22,9,121.5177835,25.1158989
111,6,1,10,6,2,10文山區,文山區辛亥路5段與辛亥路5段25巷口,0,0,2,1,C03,8,1,5,50,4,1,1,5,4,5,7,1,1,1,4,5,2,16,1,34,2,8,1,1,7,6,1,10,1,12,,9,9,1,22,9,121.5541382,24.99989144
111,6,1,10,6,2,10文山區,文山區辛亥路5段與辛亥路5段25巷口,0,0,2,2,C03,8,1,5,50,4,1,1,5,4,5,7,1,1,1,4,5,2,16,2,21,2,9,1,1,7,9,1,10,1,11,,44,9,1,22,9,121.5541382,24.99989144
111,6,1,10,45,2,12內湖區,內湖區民權東路6段與行愛路口,0,0,1,1,B03,8,1,5,50,4,2,1,5,4,5,7,1,1,1,1,4,2,16,1,70,3,10,1,1,7,6,1,8,1,2,,26,26,1,22,9,121.5785172,25.066696
111,6,1,10,45,2,12內湖區,內湖區民權東路6段與行愛路口,0,0,1,2,C03,8,1,5,50,4,2,1,5,4,5,7,1,1,1,1,4,2,16,1,29,2,9,1,1,7,9,1,10,1,14,,44,26,1,22,9,121.5785172,25.066696
111,6,1,11,4,2,06松山區,松山區敦化北路4巷與南京東路3段256巷口,0,0,1,1,C03,8,1,5,30,4,1,1,5,4,5,7,4,4,10,5,5,2,15,1,66,2,9,1,1,7,9,1,10,1,14,,6,6,1,22,9,121.5446925,25.0502104
111,6,1,11,4,2,06松山區,松山區敦化北路4巷與南京東路3段256巷口,0,0,1,2,B02,8,1,5,30,4,1,1,5,4,5,7,4,4,10,5,5,2,15,1,62,3,10,1,1,7,9,1,8,1,8,,14,6,1,22,9,121.5446925,25.0502104
111,6,1,11,10,2,09北投區,北投區大業路527巷與大業路口,0,0,1,1,C03,8,1,5,40,4,1,1,5,4,5,7,1,1,5,2,5,2,16,1,48,3,10,1,1,7,5,1,10,1,13,,6,6,1,22,9,121.4962941,25.1344445
111,6,1,11,10,2,09北投區,北投區大業路527巷與大業路口,0,0,1,2,C03,8,1,5,40,4,1,1,5,4,5,7,1,1,5,2,5,2,16,2,20,2,8,1,1,7,9,1,10,1,11,,23,6,1,22,9,121.4962941,25.1344445
111,6,1,11,10,2,09北投區,北投區中央北路4段264-1號,0,0,1,1,C03,8,1,5,50,14,9,1,5,4,5,7,4,4,4,4,5,2,13,1,43,2,9,1,1,7,9,1,10,1,11,,23,23,1,22,9,121.473855,25.13174232
111,6,1,11,10,2,09北投區,北投區中央北路4段264-1號,0,0,1,2,B03,8,1,5,50,14,9,1,5,4,5,7,4,4,4,4,5,2,13,1,45,3,10,1,1,7,14,1,8,1,3,,44,23,1,22,9,121.473855,25.13174232
111,6,1,11,31,2,08士林區,士林區天母西路50巷與天母西路口,0,0,1,1,B03,8,1,5,30,4,2,1,5,4,5,7,4,4,10,5,5,1,16,2,61,3,10,3,4,7,9,1,8,1,8,,6,6,1,22,9,121.5248136,25.11790159
111,6,1,11,31,2,08士林區,士林區天母西路50巷與天母西路口,0,0,1,2,C03,8,1,5,30,4,2,1,5,4,5,7,4,4,10,5,5,1,16,1,43,2,9,3,4,7,9,1,10,1,11,,14,6,1,22,9,121.5248136,25.11790159
111,6,1,12,1,2,03中山區,中山區民權東路2段92巷與民權東路2段92巷1弄口,0,0,1,1,C03,8,1,5,30,4,1,1,5,4,5,7,4,4,10,5,5,1,15,1,26,3,10,1,4,7,9,1,10,1,12,,6,6,1,22,9,121.5317279,25.06156118
111,6,1,12,1,2,03中山區,中山區民權東路2段92巷與民權東路2段92巷1弄口,0,0,1,2,C03,8,1,5,30,4,1,1,5,4,5,7,4,4,10,5,5,1,15,2,32,2,8,1,4,7,9,1,10,1,11,,44,6,1,22,9,121.5317279,25.06156118