發生年度,發生月,發生日,發生時-Hours,發生分,處理別-編號,區序,肇事地點,死亡人數,2-30日死亡人數,受傷人數,當事人序號,車種,天候,光線,道路類別,速限-速度限制,道路型態,事故位置,路面狀況1,路面狀況2,路面狀況3,道路障礙1,道路障礙2,號誌1,號誌2,車道劃分-分向,車道劃分-分道1,車道劃分-分道2,車道劃分-分道3,事故類型及型態,性別,年齡,受傷程度,主要傷處,安全帽,行動電話,車輛用途,當事者行動狀態,駕駛資格情形,駕駛執照種類,飲酒情形,車輛撞擊部位1,車輛撞擊部位2,肇因碼-個別,肇因碼-主要,個人肇逃否,職業,旅次目的,座標-X,座標-Y
111,6,1,12,3,2,04大安區,大安區延吉街108號,0,0,2,1,C03,8,1,5,50,14,9,1,5,4,5,7,4,4,8,3,5,2,16,1,35,2,7,1,1,7,6,1,10,2,14,,9,9,1,22,9,121.5546414,25.0408436
111,6,1,12,3,2,04大安區,大安區延吉街108號,0,0,2,2,C03,8,1,5,50,14,9,1,5,4,5,7,4,4,8,3,5,2,16,1,36,2,9,1,1,7,9,1,10,2,11,,26,9,1,22,9,121.5546414,25.0408436
111,6,1,12,14,2,12內湖區,內湖區內湖路2段與內湖路2段336巷口,0,0,1,1,B03,7,1,5,50,3,1,1,5,4,5,7,4,4,9,5,5,2,12,2,40,3,10,1,1,7,1,1,8,1,8,,19,19,1,22,9,121.5889959,25.08163747
111,6,1,12,14,2,12內湖區,內湖區內湖路2段與內湖路2段336巷口,0,0,1,2,C03,7,1,5,50,3,1,1,5,4,5,7,4,4,9,5,5,2,12,2,47,2,9,1,1,7,6,1,10,1,12,,44,19,1,22,9,121.5889959,25.08163747
111,6,1,12,34,2,03中山區,中山區新生北路2段66號,0,0,2,1,C03,8,1,5,30,14,9,1,5,4,5,7,4,4,10,5,5,2,11,1,51,2,9,1,1,7,4,1,10,1,11,,1,1,1,22,9,121.5273282,25.05631817
111,6,1,12,34,2,03中山區,中山區新生北路2段66號,0,0,2,2,C03,8,1,5,30,14,9,1,5,4,5,7,4,4,10,5,5,2,11,1,49,2,9,2,1,7,9,1,10,1,11,,13,1,1,22,9,121.5273282,25.05631817
111,6,1,12,34,2,03中山區,中山區新生北路2段66號,0,0,2,3,B03,8,1,5,30,14,9,1,5,4,5,7,4,4,10,5,5,2,11,1,69,3,10,1,1,7,9,1,8,9,15,,44,1,1,22,9,121.5273282,25.05631817
111,6,1,12,47,2,10文山區,文山區羅斯福路6段與萬慶街口,0,0,1,1,B01,8,1,5,50,4,1,1,5,4,5,7,1,1,1,4,5,2,16,1,64,3,10,1,1,7,5,1,2,1,5,,6,6,1,22,9,121.5403967,24.99216944
111,6,1,12,47,2,10文山區,文山區羅斯福路6段與萬慶街口,0,0,1,2,C03,8,1,5,50,4,1,1,5,4,5,7,1,1,1,4,5,2,16,1,16,2,9,1,1,7,9,2,18,1,11,,23,6,1,22,9,121.5403967,24.99216944
111,6,1,12,58,2,05中正區,中正區市民大道2段與天津街1段口,0,0,1,1,B11,8,1,5,40,4,2,1,5,4,5,7,1,1,1,4,5,2,13,1,39,3,10,1,1,7,9,1,4,2,5,,16,16,1,22,9,121.522353,25.04779108
111,6,1,12,58,2,05中正區,中正區市民大道2段與天津街1段口,0,0,1,2,C03,8,1,5,40,4,2,1,5,4,5,7,1,1,1,4,5,2,13,1,75,2,9,1,1,7,12,1,10,2,13,,44,16,1,22,9,121.522353,25.04779108
111,6,1,13,11,2,03中山區,中山區錦州街50號,0,0,2,1,C03,8,1,5,50,14,9,1,5,4,5,7,4,4,5,4,5,2,12,2,34,2,8,3,4,7,1,1,10,1,14,,19,19,1,10,9,121.5262918,25.06026564
111,6,1,13,11,2,03中山區,中山區錦州街50號,0,0,2,2,C03,8,1,5,50,14,9,1,5,4,5,7,4,4,5,4,5,2,12,1,42,2,8,3,4,7,9,1,10,1,11,,23,19,1,11,9,121.5262918,25.06026564
111,6,1,13,13,2,06松山區,松山區民生東路5段257號,0,0,2,1,C03,8,1,5,50,14,9,1,5,4,5,7,1,1,1,3,5,2,13,1,47,2,9,1,1,7,9,1,10,1,11,,23,23,1,22,9,121.5688833,25.0594182
111,6,1,13,13,2,06松山區,松山區民生東路5段257號,0,0,2,2,C03,8,1,5,50,14,9,1,5,4,5,7,1,1,1,3,5,2,13,2,41,2,9,1,1,7,14,4,11,1,13,,44,23,1,22,9,121.5688833,25.0594182
111,6,1,13,20,2,04大安區,大安區基隆路2段與基隆路2段144巷口,0,0,1,2,B12,8,1,5,50,3,2,1,5,4,5,7,4,4,1,4,5,2,13,1,40,3,10,1,1,7,9,1,8,2,6,,44,7,1,22,9,121.5565416,25.02803767
111,6,1,13,20,2,04大安區,大安區基隆路2段與基隆路2段144巷口,0,0,1,1,C02,8,1,5,50,3,2,1,5,4,5,7,4,4,1,4,5,2,13,2,29,2,9,1,1,7,7,4,10,2,11,,7,7,1,22,9,121.5565416,25.02803767
111,6,1,13,34,2,02萬華區,萬華區西園路2段與艋舺大道口,0,0,1,1,C03,8,1,5,50,4,1,1,5,4,5,7,1,1,1,4,4,1,12,1,19,3,10,1,1,7,6,1,10,1,12,,9,9,1,22,9,121.498002,25.03301739
111,6,1,13,34,2,02萬華區,萬華區西園路2段與艋舺大道口,0,0,1,2,C03,8,1,5,50,4,1,1,5,4,5,7,1,1,1,4,4,1,12,2,58,2,9,1,1,7,9,1,10,1,14,,44,9,1,22,9,121.498002,25.03301739
111,6,1,14,22,2,06松山區,松山區敦化北路199巷與敦化北路口口,0,0,1,1,B03,8,1,5,50,4,1,1,5,4,5,7,2,1,1,4,4,2,16,1,71,3,10,1,1,7,5,1,8,1,4,,8,8,1,22,9,121.5492139,25.05577211
111,6,1,14,22,2,06松山區,松山區敦化北路199巷與敦化北路口口,0,0,1,2,C03,8,1,5,50,4,1,1,5,4,5,7,2,1,1,4,4,2,16,1,55,2,9,1,1,7,9,1,10,1,11,,23,8,1,22,9,121.5492139,25.05577211
111,6,1,14,30,2,08士林區,士林區永平街與永平街20巷口口,0,0,2,1,C03,8,1,5,50,3,1,1,5,4,5,7,4,4,10,2,5,1,16,1,75,2,8,1,1,7,15,1,10,1,11,,4,4,1,22,9,121.5051755,25.09003652
111,6,1,14,30,2,08士林區,士林區永平街與永平街20巷口口,0,0,2,2,C03,8,1,5,50,3,1,1,5,4,5,7,4,4,10,2,5,1,16,1,38,2,8,1,1,7,6,1,10,1,12,,14,4,1,22,9,121.5051755,25.09003652
111,6,1,14,45,2,01大同區,大同區長安西路286號,0,0,2,1,C03,8,1,5,50,14,9,1,5,4,5,7,4,4,9,4,5,1,16,1,67,2,9,1,4,7,9,1,10,1,11,,23,23,1,22,9,121.5127842,25.05197652
111,6,1,14,45,2,01大同區,大同區長安西路286號,0,0,2,2,C04,8,1,5,50,14,9,1,5,4,5,7,4,4,9,4,5,1,16,1,32,2,9,1,4,7,14,1,11,1,13,,44,23,1,22,9,121.5127842,25.05197652
111,6,1,15,30,2,05中正區,中正區青島東路50號停車格,0,0,1,1,C03,8,1,5,40,14,8,1,5,4,5,7,4,4,5,5,4,2,17,1,22,2,9,1,1,7,9,1,10,2,12,,23,23,1,22,9,121.5201744,25.04429923
111,6,1,15,30,2,05中正區,中正區青島東路50號停車格,0,0,1,2,B03,8,1,5,40,14,8,1,5,4,5,7,4,4,5,5,4,2,17,2,59,3,10,3,1,7,13,1,8,9,4,,44,23,1,22,9,121.5201744,25.04429923
111,6,1,15,45,2,10文山區,文山區羅斯福路4段與基隆路4段口,0,0,1,1,C03,8,1,5,50,4,1,1,5,4,5,7,1,1,1,4,5,2,16,1,18,2,9,1,1,7,5,1,10,2,14,,26,26,1,22,9,121.537116,25.010891
111,6,1,15,45,2,10文山區,文山區羅斯福路4段與基隆路4段口,0,0,1,2,B02,8,1,5,50,4,1,1,5,4,5,7,1,1,1,4,5,2,16,1,40,3,10,1,1,7,9,1,8,2,2,,44,26,1,22,9,121.537116,25.010891
111,6,1,15,47,2,01大同區,大同區南京西路與民樂街口,0,0,1,1,C03,8,1,5,0,3,1,1,5,4,5,7,2,1,5,4,5,2,11,1,38,4,11,3,4,7,15,7,19,11,15,,42,42,2,22,9,121.511041,25.05383628
111,6,1,15,47,2,01大同區,大同區南京西路與民樂街口,0,0,1,2,C03,8,1,5,0,3,1,1,5,4,5,7,2,1,5,4,5,2,11,1,24,2,9,3,4,7,11,1,10,1,11,,10,42,1,22,9,121.511041,25.05383628
111,6,1,16,0,2,09北投區,北投區北投路2段與大業路516巷口,0,0,1,1,B03,8,1,5,50,5,1,1,5,4,5,7,1,1,5,4,5,1,12,1,48,3,10,1,1,7,6,1,8,1,5,,9,9,1,22,9,121.497507,25.13259067
111,6,1,16,0,2,09北投區,北投區北投路2段與大業路516巷口,0,0,1,2,C03,8,1,5,50,5,1,1,5,4,5,7,1,1,5,4,5,1,12,1,20,2,9,1,1,7,9,1,10,1,11,,23,9,1,22,9,121.497507,25.13259067
111,6,1,16,23,2,04大安區,大安區復興南路2段125巷與復興南路2段151巷35弄口,0,0,1,1,B12,8,1,5,30,4,1,1,5,4,5,7,4,4,10,4,5,2,15,1,33,3,10,1,4,7,9,1,8,1,1,,6,6,1,22,9,121.5450884,25.02913768
111,6,1,16,23,2,04大安區,大安區復興南路2段125巷與復興南路2段151巷35弄口,0,0,1,2,C03,8,1,5,30,4,1,1,5,4,5,7,4,4,10,4,5,2,15,2,45,2,9,1,4,7,9,1,10,1,14,,44,6,1,22,9,121.5450884,25.02913768
111,6,1,16,47,2,05中正區,中正區愛國西路與重慶南路2段口,0,0,2,1,C03,8,1,5,50,4,1,1,5,4,5,7,1,1,1,4,5,2,17,2,18,2,8,1,1,7,6,3,18,2,11,,23,23,1,22,9,121.512405,25.03505781
111,6,1,16,47,2,05中正區,中正區愛國西路與重慶南路2段口,0,0,2,2,F01,8,1,5,50,4,1,1,5,4,5,7,1,1,1,4,5,2,17,2,18,2,9,1,1,7,9,8,20,2,16,,44,23,1,22,9,121.512405,25.03505781
111,6,1,16,59,2,06松山區,松山區敦化北路4巷與八德路2段451巷口,0,0,1,1,C03,8,1,5,30,4,1,1,5,4,5,7,1,1,10,5,5,2,16,1,28,2,9,1,1,7,5,1,10,2,14,,6,6,1,22,9,121.5474963,25.0501332
111,6,1,16,59,2,06松山區,松山區敦化北路4巷與八德路2段451巷口,0,0,1,2,C03,8,1,5,30,4,1,1,5,4,5,7,1,1,10,5,5,2,16,1,41,3,10,1,1,7,9,1,10,2,12,,23,6,1,22,9,121.5474963,25.0501332
111,6,1,17,0,2,04大安區,大安區敦化南路1段263號與敦化南路1段口,0,0,1,1,B01,8,1,5,0,14,9,1,5,4,5,7,4,4,1,4,5,2,17,1,55,3,10,1,1,7,1,1,4,1,8,,19,19,1,22,9,121.5532584,25.0378231
111,6,1,17,0,2,04大安區,大安區敦化南路1段263號與敦化南路1段口,0,0,1,2,C03,8,1,5,0,14,9,1,5,4,5,7,4,4,1,4,5,2,17,1,29,2,9,1,1,7,9,1,10,1,12,,13,19,1,22,9,121.5532584,25.0378231
111,6,1,17,26,2,10文山區,文山區興隆路4段與下崙路口,0,0,1,1,B03,8,1,5,30,4,1,1,5,4,5,7,2,1,1,4,5,2,1,1,29,3,10,1,1,7,5,1,8,1,8,,15,15,1,22,9,121.5609087,24.9866928
111,6,1,17,26,2,10文山區,文山區興隆路4段與下崙路口,0,0,1,2,H01,8,1,5,30,4,1,1,5,4,5,7,2,1,1,4,5,2,1,1,84,2,9,4,5,8,16,8,20,10,16,,67,15,1,22,9,121.5609087,24.9866928
111,6,1,17,29,2,05中正區,中正區愛國西路與公園路口口,0,0,2,1,C03,8,1,5,50,4,1,1,5,4,5,7,1,1,1,4,5,2,17,2,19,3,10,1,1,7,6,1,10,1,12,,8,8,1,22,9,121.5153101,25.03523024
111,6,1,17,29,2,05中正區,中正區愛國西路與公園路口口,0,0,2,2,C03,8,1,5,50,4,1,1,5,4,5,7,1,1,1,4,5,2,17,1,43,2,7,1,1,7,9,1,10,1,14,,44,8,1,22,9,121.5153101,25.03523024
111,6,1,17,29,2,05中正區,中正區愛國西路與公園路口口,0,0,2,3,H02,8,1,5,50,4,1,1,5,4,5,7,1,1,1,4,5,2,17,2,31,2,7,1,5,7,21,8,20,10,15,,67,8,1,22,9,121.5153101,25.03523024
111,6,1,17,36,2,04大安區,大安區基隆路3段與敦南街口,0,0,1,1,B02,8,1,5,0,3,2,1,5,4,5,7,4,4,8,3,5,1,17,2,42,3,10,1,1,7,6,1,8,1,1,,6,6,1,5,1,121.5481545,25.0205904
111,6,1,17,36,2,04大安區,大安區基隆路3段與敦南街口,0,0,1,2,F01,8,1,5,0,3,2,1,5,4,5,7,4,4,8,3,5,1,17,1,59,2,7,1,1,7,9,8,20,1,16,,44,6,1,5,1,121.5481545,25.0205904
111,6,1,17,50,2,03中山區,中山區復興北路448號,0,0,1,1,C03,8,1,5,50,14,9,1,5,4,5,7,4,4,1,3,5,1,13,1,30,2,9,1,4,7,9,1,10,2,11,,23,23,1,22,9,121.5441726,25.06403186
111,6,1,17,50,2,03中山區,中山區復興北路448號,0,0,1,2,B03,8,1,5,50,14,9,1,5,4,5,7,4,4,1,3,5,1,13,1,53,3,10,3,4,7,9,1,8,2,6,,44,23,1,22,9,121.5441726,25.06403186
111,6,1,17,50,2,12內湖區,內湖區民權東路6段15巷與瑞湖街口,0,0,2,1,C03,8,1,5,50,4,1,1,5,4,5,7,1,1,5,4,5,2,16,2,71,2,9,1,1,7,5,1,10,1,14,,8,8,1,22,9,121.5765792,25.06895759
111,6,1,17,50,2,12內湖區,內湖區民權東路6段15巷與瑞湖街口,0,0,2,2,C03,8,1,5,50,4,1,1,5,4,5,7,1,1,5,4,5,2,16,1,34,2,9,1,1,7,9,1,9,1,11,,44,8,1,22,9,121.5765792,25.06895759
111,6,1,17,58,2,01大同區,大同區重慶北路3段高公橋下(往士林),0,0,1,1,C03,8,3,5,30,11,12,1,5,4,4,4,4,4,10,5,5,2,26,1,34,3,10,1,1,7,8,1,10,1,12,,7,7,1,22,9,121.5156718,25.07679327
111,6,1,17,58,2,01大同區,大同區重慶北路3段高公橋下(往士林),0,0,1,3,C03,8,3,5,30,11,12,1,5,4,4,4,4,4,10,5,5,2,26,1,26,2,8,1,1,7,9,1,10,1,14,,44,7,1,22,9,121.5156718,25.07679327
111,6,1,17,58,2,01大同區,大同區重慶北路3段高公橋下(往士林),0,0,1,2,,8,3,5,30,11,12,1,5,4,4,4,4,4,10,5,5,2,26,3,,,,,,,,,,,,,61,7,1,,,121.5156718,25.07679327
111,6,1,18,2,2,02萬華區,萬華區華中橋機車道往新北市,0,0,2,1,C03,8,1,5,40,14,11,1,5,4,5,7,4,4,3,4,5,2,16,2,45,2,9,1,1,7,7,1,10,1,14,,7,7,1,22,9,121.4954428,25.01530007
111,6,1,18,2,2,02萬華區,萬華區華中橋機車道往新北市,0,0,2,2,C03,8,1,5,40,14,11,1,5,4,5,7,4,4,3,4,5,2,16,1,30,2,9,1,1,7,9,1,10,1,12,,13,7,1,22,9,121.4954428,25.01530007
111,6,1,18,2,2,12內湖區,內湖區瑞光路120巷2號對面,0,0,2,1,C03,8,3,5,50,14,9,1,5,4,5,7,4,4,9,4,5,2,12,1,18,2,7,1,1,7,7,3,18,1,14,,7,7,1,22,9,121.5805651,25.0724397
111,6,1,18,2,2,12內湖區,內湖區瑞光路120巷2號對面,0,0,2,2,C03,8,3,5,50,14,9,1,5,4,5,7,4,4,9,4,5,2,12,1,37,2,9,1,1,7,9,1,10,1,12,,44,7,1,22,9,121.5805651,25.0724397
111,6,1,18,11,2,04大安區,大安區臥龍街220號,0,0,1,1,C04,8,1,5,30,11,8,1,5,4,5,7,4,4,4,5,4,2,17,1,72,2,9,1,1,7,9,1,8,2,11,,23,23,1,22,9,121.5540256,25.0183245
111,6,1,18,11,2,04大安區,大安區臥龍街220號,0,0,1,2,B02,8,1,5,30,11,8,1,5,4,5,7,4,4,4,5,4,2,17,1,48,3,10,1,1,7,13,1,8,1,7,,44,23,1,22,9,121.5540256,25.0183245
111,6,1,18,11,2,04大安區,大安區臥龍街220號,0,0,1,3,B03,8,1,5,30,11,8,1,5,4,5,7,4,4,4,5,4,2,17,1,50,4,11,3,4,7,13,7,19,11,8,,44,23,1,22,9,121.5540256,25.0183245
111,6,1,18,41,2,03中山區,中山區長春路與松江路口,0,0,1,1,B01,8,3,5,50,4,1,1,5,4,5,7,1,1,9,4,4,2,16,1,53,4,11,3,4,7,15,7,19,11,15,,25,25,2,22,9,121.5331665,25.0548153
111,6,1,18,41,2,03中山區,中山區長春路與松江路口,0,0,1,2,C03,8,3,5,50,4,1,1,5,4,5,7,1,1,9,4,4,2,16,1,20,2,9,1,1,7,9,3,18,1,11,,44,25,1,22,9,121.5331665,25.0548153
111,6,1,18,45,2,10文山區,文山區和興路44巷52號對面堤外自行車道,0,0,2,1,F01,8,3,8,30,15,22,1,5,4,5,7,4,4,10,5,5,2,16,2,32,2,8,1,1,7,9,8,20,1,16,,23,23,1,22,9,121.5450911,24.98501819
111,6,1,18,45,2,10文山區,文山區和興路44巷52號對面堤外自行車道,0,0,2,2,F01,8,3,8,30,15,22,1,5,4,5,7,4,4,10,5,5,2,16,2,69,2,9,1,1,7,5,8,20,1,16,,44,23,1,22,9,121.5450911,24.98501819
111,6,1,19,30,2,10文山區,文山區景明街與景隆街口,0,0,2,1,C03,8,3,5,30,3,2,1,5,4,5,7,4,4,10,5,5,2,16,1,40,2,9,1,1,7,5,1,10,1,11,,6,6,1,22,9,121.5405001,25.00015339
111,6,1,19,30,2,10文山區,文山區景明街與景隆街口,0,0,2,2,C03,8,3,5,30,3,2,1,5,4,5,7,4,4,10,5,5,2,16,2,22,2,9,1,1,7,9,1,10,1,11,,13,6,1,22,9,121.5405001,25.00015339
111,6,1,19,48,2,06松山區,松山區民生東路4段與敦化北路口,0,0,1,1,B01,8,3,5,50,4,2,1,5,4,5,7,4,4,1,4,5,2,17,1,55,3,10,3,4,7,12,1,4,1,7,,14,14,1,22,9,121.5495575,25.05771838
111,6,1,19,48,2,06松山區,松山區民生東路4段與敦化北路口,0,0,1,2,C03,8,3,5,50,4,2,1,5,4,5,7,4,4,1,4,5,2,17,2,29,2,9,3,4,7,9,1,10,1,11,,23,14,1,22,9,121.5495575,25.05771838
111,6,1,19,52,2,05中正區,中正區青島西路15號,0,0,1,1,C03,8,3,5,50,14,9,1,5,4,5,7,4,4,10,4,5,2,13,1,65,2,8,1,1,7,9,1,10,2,11,,16,16,1,22,9,121.5176472,25.04490845
111,6,1,19,52,2,05中正區,中正區青島西路15號,0,0,1,2,B03,8,3,5,50,14,9,1,5,4,5,7,4,4,10,4,5,2,13,2,39,3,10,1,1,7,9,1,8,2,3,,44,16,1,22,9,121.5176472,25.04490845
111,6,1,20,0,2,03中山區,中山區八德路2段與安東街口,0,0,1,1,B03,8,3,5,50,3,1,1,5,4,5,7,2,1,5,2,4,2,12,2,71,3,10,1,1,7,5,1,8,1,8,,8,8,1,5,5,121.5416053,25.04699653
111,6,1,20,0,2,03中山區,中山區八德路2段與安東街口,0,0,1,2,C03,8,3,5,50,3,1,1,5,4,5,7,2,1,5,2,4,2,12,1,34,2,9,1,1,7,9,1,10,1,12,,23,8,1,5,5,121.5416053,25.04699653
111,6,1,20,25,2,10文山區,文山區新光路1段與指南路2段口,0,0,1,1,B03,8,3,5,50,3,1,1,5,4,5,7,2,1,5,2,5,2,2,1,28,3,10,3,4,7,5,1,8,1,1,,43,43,1,22,9,121.5736627,24.98808582
111,6,1,20,25,2,10文山區,文山區新光路1段與指南路2段口,0,0,1,2,H01,8,3,5,50,3,1,1,5,4,5,7,2,1,5,2,5,2,2,2,29,2,9,4,5,8,16,8,20,10,16,,67,43,1,22,9,121.5736627,24.98808582
111,6,1,20,36,2,06松山區,松山區南京東路5段250巷2弄22號,0,0,1,1,C03,7,3,5,30,14,9,1,5,4,5,7,4,4,10,5,5,2,17,1,26,3,10,3,4,7,13,1,10,9,13,,42,42,1,22,9,121.5677095,25.05075013
111,6,1,20,36,2,06松山區,松山區南京東路5段250巷2弄22號,0,0,1,2,C03,7,3,5,30,14,9,1,5,4,5,7,4,4,10,5,5,2,17,1,28,2,9,3,4,7,9,1,10,2,11,,44,42,1,22,9,121.5677095,25.05075013
111,6,1,20,50,2,05中正區,中正區牯嶺街與牯嶺街無名巷口,0,0,1,1,C03,8,1,5,30,4,1,1,5,4,5,7,4,4,9,5,5,2,16,2,47,3,10,1,1,7,5,1,10,1,15,,8,8,1,22,9,121.5162052,25.03036438
111,6,1,20,50,2,05中正區,中正區牯嶺街與牯嶺街無名巷口,0,0,1,2,F01,8,1,5,30,4,1,1,5,4,5,7,4,4,9,5,5,2,16,2,62,2,9,1,1,7,9,8,20,1,16,,44,8,1,22,9,121.5162052,25.03036438
111,6,1,20,54,2,03中山區,中山區復興北路422號與民權東路口引道,0,0,2,1,C03,8,3,5,50,3,2,1,5,4,5,7,4,4,1,4,5,2,16,1,38,2,9,3,4,7,6,1,10,1,12,,9,9,1,22,9,121.5441506,25.0626942
111,6,1,20,54,2,03中山區,中山區復興北路422號與民權東路口引道,0,0,2,2,C03,8,3,5,50,3,2,1,5,4,5,7,4,4,1,4,5,2,16,1,52,2,9,3,4,7,9,1,10,1,14,,23,9,1,22,9,121.5441506,25.0626942
111,6,1,21,35,2,12內湖區,內湖區東湖路115號(東湖國小側門),0,0,1,1,B03,8,1,5,30,14,9,1,5,4,5,7,3,1,5,5,5,2,17,2,39,3,10,1,1,7,11,1,8,1,5,,10,10,1,22,9,121.6154486,25.06923493
111,6,1,21,35,2,12內湖區,內湖區東湖路115號(東湖國小側門),0,0,1,2,C03,8,1,5,30,14,9,1,5,4,5,7,3,1,5,5,5,2,17,1,35,2,8,1,1,7,9,1,10,1,11,,44,10,1,22,9,121.6154486,25.06923493
111,6,1,22,31,2,06松山區,松山區八德路3段8巷與八德路3段12巷52弄口口,0,0,1,1,C03,7,3,5,30,4,1,1,5,4,5,7,3,1,10,5,5,2,15,2,29,2,9,3,4,7,9,1,10,2,11,,6,6,1,22,9,121.5496916,25.04617906
111,6,1,22,31,2,06松山區,松山區八德路3段8巷與八德路3段12巷52弄口口,0,0,1,2,B12,7,3,5,30,4,1,1,5,4,5,7,3,1,10,5,5,2,15,1,58,3,10,3,4,7,9,1,8,2,2,,23,6,1,22,9,121.5496916,25.04617906
111,6,1,23,32,2,01大同區,大同區民權西路與承德路3段口,0,0,2,1,B03,7,3,5,50,4,2,1,5,4,5,7,1,1,1,4,5,2,17,1,43,3,10,1,1,7,15,6,18,7,1,,23,23,1,22,9,121.518183,25.0631738
111,6,1,23,32,2,01大同區,大同區民權西路與承德路3段口,0,0,2,2,C03,7,3,5,50,4,2,1,5,4,5,7,1,1,1,4,5,2,17,1,42,2,9,1,1,7,14,1,10,2,13,,44,23,1,22,9,121.518183,25.0631738
111,6,1,23,32,2,01大同區,大同區民權西路與承德路3段口,0,0,2,3,C03,7,3,5,50,4,2,1,5,4,5,7,1,1,1,4,5,2,17,1,22,2,4,1,1,7,14,1,10,2,12,,44,23,1,22,9,121.518183,25.0631738
111,6,2,0,10,2,10文山區,文山區興隆路1段與興隆路1段70巷口,0,0,2,1,C03,8,3,5,50,4,1,1,5,4,5,7,2,1,1,4,5,2,15,1,16,2,9,1,1,7,9,2,18,2,11,,25,25,1,22,9,121.5407426,25.0038635
111,6,2,0,10,2,10文山區,文山區興隆路1段與興隆路1段70巷口,0,0,2,2,C03,8,3,5,50,4,1,1,5,4,5,7,2,1,1,4,5,2,15,1,27,2,9,1,1,7,9,1,10,2,11,,44,25,1,22,9,121.5407426,25.0038635
111,6,2,5,50,2,03中山區,中山區中山北路2段128巷與中山北路2段口,0,0,3,1,C03,8,1,5,50,3,1,1,5,4,5,7,4,4,1,4,5,2,16,2,60,2,9,1,1,7,6,1,10,1,13,,6,6,1,22,9,121.5227429,25.06175072
111,6,2,5,50,2,03中山區,中山區中山北路2段128巷與中山北路2段口,0,0,3,2,C03,8,1,5,50,3,1,1,5,4,5,7,4,4,1,4,5,2,16,2,25,2,9,1,1,7,9,1,10,1,11,,13,6,1,22,9,121.5227429,25.06175072
111,6,2,5,50,2,03中山區,中山區中山北路2段128巷與中山北路2段口,0,0,3,3,H02,8,1,5,50,3,1,1,5,4,5,7,4,4,1,4,5,2,16,2,26,2,9,1,5,7,17,8,20,10,16,,67,6,1,22,9,121.5227429,25.06175072
111,6,2,6,30,2,01大同區,大同區民權西路179號,0,0,1,2,C03,8,1,5,50,14,9,1,5,4,5,7,4,4,9,4,5,2,12,1,21,2,9,1,1,7,9,1,10,1,14,,44,7,1,22,9,121.5158073,25.0630606
111,6,2,6,30,2,01大同區,大同區民權西路179號,0,0,1,1,C04,8,1,5,50,14,9,1,5,4,5,7,4,4,9,4,5,2,12,1,71,4,11,3,4,7,10,7,19,11,15,,7,7,2,22,9,121.5158073,25.0630606
111,6,2,7,30,2,01大同區,大同區重慶北路1段與長安西路口口,0,0,2,1,C03,8,1,5,50,4,1,1,5,4,5,7,2,1,5,5,5,2,16,1,22,2,9,1,1,7,5,1,10,9,14,,8,8,1,22,9,121.5139398,25.0516011
111,6,2,7,30,2,01大同區,大同區重慶北路1段與長安西路口口,0,0,2,2,C03,8,1,5,50,4,1,1,5,4,5,7,2,1,5,5,5,2,16,1,32,3,10,1,1,7,9,1,9,2,12,,44,8,1,22,9,121.5139398,25.0516011
111,6,2,7,30,2,01大同區,大同區重慶北路1段與長安西路口口,0,0,2,3,H02,8,1,5,50,4,1,1,5,4,5,7,2,1,5,5,5,2,16,2,26,2,9,1,5,7,20,8,20,10,16,,67,8,1,22,9,121.5139398,25.0516011
111,6,2,7,40,2,12內湖區,內湖區成功路2段(往南京東路六段匝道口),0,0,1,1,B03,8,1,5,50,3,1,1,5,4,5,7,4,4,1,4,5,2,16,1,33,3,10,1,1,7,6,1,8,2,5,,9,9,1,22,9,121.5909828,25.06278188
111,6,2,7,40,2,12內湖區,內湖區成功路2段(往南京東路六段匝道口),0,0,1,2,C03,8,1,5,50,3,1,1,5,4,5,7,4,4,1,4,5,2,16,1,47,2,9,1,1,7,9,1,10,2,14,,44,9,1,22,9,121.5909828,25.06278188
111,6,2,7,50,2,01大同區,大同區南京西路262巷與南京西路口,0,0,1,1,C03,8,1,5,50,16,9,1,5,4,5,7,2,1,9,4,5,1,17,1,81,2,9,1,1,7,9,1,10,1,14,,17,17,1,22,9,121.5148799,25.05408903
111,6,2,7,50,2,01大同區,大同區南京西路262巷與南京西路口,0,0,1,2,C03,8,1,5,50,16,9,1,5,4,5,7,2,1,9,4,5,1,17,1,28,3,10,1,1,7,9,1,10,1,15,,23,17,1,22,9,121.5148799,25.05408903
111,6,2,8,7,2,05中正區,中正區中華路2段與艋舺大道口,0,0,1,1,B03,8,1,5,50,3,2,1,5,4,5,7,1,1,1,4,5,2,12,2,45,3,10,1,1,7,9,1,8,1,2,,23,23,1,22,9,121.5057581,25.034541
111,6,2,8,7,2,05中正區,中正區中華路2段與艋舺大道口,0,0,1,2,C03,8,1,5,50,3,2,1,5,4,5,7,1,1,1,4,5,2,12,2,26,2,9,1,1,7,7,1,10,1,14,,7,23,1,22,9,121.5057581,25.034541
111,6,2,8,10,2,10文山區,文山區興隆路3段與興隆路3段112巷口,0,0,1,1,A02,8,1,5,50,4,2,1,5,4,5,7,2,1,1,4,5,2,9,1,47,3,10,1,1,7,1,1,6,2,15,,43,43,1,22,9,121.5576707,24.9992548
111,6,2,8,10,2,10文山區,文山區興隆路3段與興隆路3段112巷口,0,0,1,2,H02,8,1,5,50,4,2,1,5,4,5,7,2,1,1,4,5,2,9,2,72,2,8,4,5,7,19,8,20,10,15,,67,43,1,22,9,121.5576707,24.9992548
111,6,2,8,12,2,12內湖區,內湖區麗山街與內湖路2段737巷51弄口,0,0,1,1,B03,8,1,5,30,4,1,1,5,4,5,7,4,4,5,5,5,2,16,1,58,3,10,1,1,7,9,1,8,1,7,,6,6,1,22,9,121.5806212,25.08046222