發生年度,發生月,發生日,發生時-Hours,發生分,處理別-編號,區序,肇事地點,死亡人數,2-30日死亡人數,受傷人數,當事人序號,車種,天候,光線,道路類別,速限-速度限制,道路型態,事故位置,路面狀況1,路面狀況2,路面狀況3,道路障礙1,道路障礙2,號誌1,號誌2,車道劃分-分向,車道劃分-分道1,車道劃分-分道2,車道劃分-分道3,事故類型及型態,性別,年齡,受傷程度,主要傷處,安全帽,行動電話,車輛用途,當事者行動狀態,駕駛資格情形,駕駛執照種類,飲酒情形,車輛撞擊部位1,車輛撞擊部位2,肇因碼-個別,肇因碼-主要,個人肇逃否,職業,旅次目的,座標-X,座標-Y
111,6,2,8,12,2,12內湖區,內湖區麗山街與內湖路2段737巷51弄口,0,0,1,2,C03,8,1,5,30,4,1,1,5,4,5,7,4,4,5,5,5,2,16,1,30,2,8,1,1,7,9,1,10,1,11,,23,6,1,22,9,121.5806212,25.08046222
111,6,2,8,45,2,06松山區,松山區光復北路81號,0,0,1,1,C03,8,1,5,50,14,9,1,5,4,5,7,4,4,1,3,5,2,16,2,37,2,9,1,1,7,14,1,10,1,13,,6,6,1,22,9,121.5579705,25.05030941
111,6,2,8,45,2,06松山區,松山區光復北路81號,0,0,1,2,B01,8,1,5,50,14,9,1,5,4,5,7,4,4,1,3,5,2,16,1,59,3,10,1,1,7,14,1,4,1,8,,23,6,1,22,9,121.5579705,25.05030941
111,6,2,8,45,2,12內湖區,內湖區瑞光路550號前,0,0,1,1,B01,8,1,5,50,14,9,1,5,4,5,7,4,4,5,4,5,2,16,1,51,3,10,1,1,7,11,1,4,1,5,,10,10,1,22,9,121.566399,25.0802176
111,6,2,8,45,2,12內湖區,內湖區瑞光路550號前,0,0,1,2,C03,8,1,5,50,14,9,1,5,4,5,7,4,4,5,4,5,2,16,2,24,2,9,1,1,7,9,1,10,1,11,,44,10,1,22,9,121.566399,25.0802176
111,6,2,8,55,2,12內湖區,內湖區成功路3段12巷1號對面,0,0,1,1,B03,8,1,5,50,14,9,1,5,4,5,7,4,4,1,4,5,2,13,1,33,3,10,1,1,7,9,1,8,2,1,,23,23,1,22,9,121.5902775,25.07560093
111,6,2,8,55,2,12內湖區,內湖區成功路3段12巷1號對面,0,0,1,2,C03,8,1,5,50,14,9,1,5,4,5,7,4,4,1,4,5,2,13,1,51,2,9,1,1,7,7,1,10,2,13,,7,23,1,22,9,121.5902775,25.07560093
111,6,2,8,55,2,12內湖區,內湖區成功路3段12巷1號對面,0,0,1,3,A31,8,1,5,50,14,9,1,5,4,5,7,4,4,1,4,5,2,13,1,58,4,11,3,4,7,15,7,19,11,15,,42,23,2,22,9,121.5902775,25.07560093
111,6,2,8,56,2,04大安區,大安區和平東路2段76巷19弄前,0,0,1,1,F01,8,1,5,0,15,9,1,5,4,5,7,4,4,5,4,5,2,17,2,60,2,9,1,1,7,7,8,20,1,16,,7,7,1,22,9,121.5394853,25.023215
111,6,2,8,56,2,04大安區,大安區和平東路2段76巷19弄前,0,0,1,2,B03,8,1,5,0,15,9,1,5,4,5,7,4,4,5,4,5,2,17,2,48,3,10,1,1,7,9,1,8,1,2,,44,7,1,22,9,121.5394853,25.023215
111,6,2,9,42,2,01大同區,大同區環河北路1段與迪化街1段224巷口口,0,0,1,1,C03,8,1,5,50,3,2,1,5,4,5,7,4,4,3,4,5,2,12,1,71,2,9,1,1,7,7,1,10,9,14,,7,7,1,22,9,121.5076187,25.05985703
111,6,2,9,42,2,01大同區,大同區環河北路1段與迪化街1段224巷口口,0,0,1,2,B03,8,1,5,50,3,2,1,5,4,5,7,4,4,3,4,5,2,12,2,67,3,10,1,1,7,9,1,8,1,5,,23,7,1,22,9,121.5076187,25.05985703
111,6,2,9,45,2,03中山區,中山區民權東路3段與復興北路口,0,0,2,1,C03,8,1,5,50,4,1,1,5,4,5,7,1,1,1,4,5,2,16,2,52,2,9,3,4,7,6,1,10,1,12,,9,9,1,22,1,121.5440746,25.06268334
111,6,2,9,45,2,03中山區,中山區民權東路3段與復興北路口,0,0,2,2,C03,8,1,5,50,4,1,1,5,4,5,7,1,1,1,4,5,2,16,2,26,2,9,3,4,7,9,1,10,1,14,,23,9,1,22,9,121.5440746,25.06268334
111,6,2,9,53,2,06松山區,松山區塔悠路21號,0,0,1,1,C03,8,1,5,40,14,8,1,5,4,5,7,3,1,3,4,4,2,13,1,24,2,9,1,1,7,9,1,10,1,11,,23,23,1,22,9,121.5717197,25.05047845
111,6,2,9,53,2,06松山區,松山區塔悠路21號,0,0,1,2,B03,8,1,5,40,14,8,1,5,4,5,7,3,1,3,4,4,2,13,2,43,3,10,1,1,7,6,1,8,1,3,,44,23,1,22,9,121.5717197,25.05047845
111,6,2,10,11,2,03中山區,中山區濱江街與大直橋口,0,0,2,1,C03,8,1,5,50,14,9,1,5,4,5,7,1,1,1,4,5,2,13,1,65,2,9,1,1,7,9,1,10,1,11,,16,16,1,22,9,121.5442185,25.0726392
111,6,2,10,11,2,03中山區,中山區濱江街與大直橋口,0,0,2,2,C03,8,1,5,50,14,9,1,5,4,5,7,1,1,1,4,5,2,13,2,40,2,9,1,1,7,14,1,10,1,13,,44,16,1,22,9,121.5442185,25.0726392
111,6,2,10,13,2,05中正區,中正區汀州路1段195號,0,0,1,1,C03,8,1,5,50,14,9,1,5,4,5,7,4,4,5,4,5,2,17,1,21,3,10,1,1,7,1,1,10,1,11,,19,19,1,22,9,121.5118194,25.02677486
111,6,2,10,13,2,05中正區,中正區汀州路1段195號,0,0,1,2,C03,8,1,5,50,14,9,1,5,4,5,7,4,4,5,4,5,2,17,1,70,2,9,1,1,7,9,1,10,1,12,,44,19,1,22,9,121.5118194,25.02677486
111,6,2,10,13,2,05中正區,中正區汀州路1段195號,0,0,1,3,H02,8,1,5,50,14,9,1,5,4,5,7,4,4,5,4,5,2,17,2,66,4,11,1,5,7,20,8,20,10,16,,67,19,1,22,9,121.5118194,25.02677486
111,6,2,11,0,2,03中山區,中山區建國北路2段151巷,0,0,1,1,B03,8,1,5,50,14,9,1,5,4,5,7,4,4,10,4,5,1,12,2,52,3,10,1,1,7,8,1,8,1,5,,7,7,1,22,9,121.5371985,25.06184949
111,6,2,11,0,2,03中山區,中山區建國北路2段151巷,0,0,1,2,C03,8,1,5,50,14,9,1,5,4,5,7,4,4,10,4,5,1,12,1,79,2,8,1,1,7,9,6,18,1,14,,44,7,1,22,9,121.5371985,25.06184949
111,6,2,11,2,2,05中正區,中正區重慶南路1段136巷與博愛路口,0,0,1,1,C03,8,1,5,30,3,1,1,5,4,5,3,4,4,7,4,5,2,15,1,39,3,10,1,1,7,9,1,10,2,14,,23,23,1,22,9,121.5108978,25.03638525
111,6,2,11,2,2,05中正區,中正區重慶南路1段136巷與博愛路口,0,0,1,2,F01,8,1,5,30,3,1,1,5,4,5,3,4,4,7,4,5,2,15,2,63,2,7,1,1,7,11,8,20,2,16,,11,23,1,22,9,121.5108978,25.03638525
111,6,2,11,3,2,01大同區,大同區迪化街1段與民權西路口,0,0,1,1,B01,7,1,5,30,4,1,1,5,4,5,7,4,4,1,4,5,2,15,1,63,3,10,3,4,7,9,1,4,1,1,,6,6,1,22,9,121.5088583,25.06353613
111,6,2,11,3,2,01大同區,大同區迪化街1段與民權西路口,0,0,1,2,C03,7,1,5,30,4,1,1,5,4,5,7,4,4,1,4,5,2,15,1,28,2,1,1,4,7,9,1,10,1,12,,14,6,1,22,9,121.5088583,25.06353613
111,6,2,11,14,2,01大同區,大同區承德路2段167號,0,0,3,1,C03,8,1,5,50,14,9,1,5,4,5,7,4,4,1,4,5,2,17,2,24,2,9,1,1,7,9,1,9,1,12,,23,23,1,22,9,121.5183145,25.05852268
111,6,2,11,14,2,01大同區,大同區承德路2段167號,0,0,3,2,C03,8,1,5,50,14,9,1,5,4,5,7,4,4,1,4,5,2,17,1,64,2,9,1,1,7,9,1,10,1,14,,23,23,1,22,9,121.5183145,25.05852268
111,6,2,11,14,2,01大同區,大同區承德路2段167號,0,0,3,3,H02,8,1,5,50,14,9,1,5,4,5,7,4,4,1,4,5,2,17,2,28,2,9,1,5,7,20,8,20,10,16,,67,23,1,22,9,121.5183145,25.05852268
111,6,2,11,20,2,12內湖區,內湖區民權東路6段與民權東路6段232巷口,0,0,1,1,C03,8,1,5,50,4,2,1,5,4,5,7,1,1,1,5,5,2,13,2,45,2,9,1,1,7,9,1,10,1,11,,23,23,1,22,9,121.60063,25.06693833
111,6,2,11,20,2,12內湖區,內湖區民權東路6段與民權東路6段232巷口,0,0,1,2,B03,8,1,5,50,4,2,1,5,4,5,7,1,1,1,5,5,2,13,1,66,3,10,1,1,7,14,1,8,1,3,,42,23,1,22,9,121.60063,25.06693833
111,6,2,11,22,2,03中山區,中山區建國北路1段66號,0,0,2,1,C04,8,1,5,50,14,9,1,5,4,5,7,4,4,1,3,5,2,12,2,23,2,9,3,4,7,6,1,10,1,13,,9,9,1,22,9,121.5365072,25.04894791
111,6,2,11,22,2,03中山區,中山區建國北路1段66號,0,0,2,3,B02,8,1,5,50,14,9,1,5,4,5,7,4,4,1,3,5,2,12,1,51,3,10,3,4,7,14,1,8,1,5,,44,9,1,22,9,121.5365072,25.04894791
111,6,2,11,22,2,03中山區,中山區建國北路1段66號,0,0,2,2,C03,8,1,5,50,14,9,1,5,4,5,7,4,4,1,3,5,2,12,1,20,2,8,3,4,7,9,3,18,1,11,,44,9,1,22,9,121.5365072,25.04894791
111,6,2,11,22,2,03中山區,中山區建國北路1段66號,0,0,2,4,B03,8,1,5,50,14,9,1,5,4,5,7,4,4,1,3,5,2,12,1,58,3,10,3,4,7,13,1,8,1,8,,38,9,1,22,9,121.5365072,25.04894791
111,6,2,11,39,2,04大安區,大安區復興南路2段148巷與復興南路2段口,0,0,1,1,B03,8,1,5,50,4,1,1,5,4,5,7,2,1,1,4,4,2,17,1,63,3,10,1,1,7,5,1,8,1,1,,8,8,1,22,9,121.5435664,25.0283835
111,6,2,11,39,2,04大安區,大安區復興南路2段148巷與復興南路2段口,0,0,1,2,C03,8,1,5,50,4,1,1,5,4,5,7,2,1,1,4,4,2,17,1,24,2,9,1,1,7,9,1,9,1,14,,26,8,1,22,9,121.5435664,25.0283835
111,6,2,12,40,2,11南港區,南港區向陽路162巷與重陽路57巷口,0,0,1,1,B01,8,1,5,50,4,1,1,5,4,5,7,4,4,10,5,5,2,15,1,64,3,10,1,1,7,9,1,8,1,1,,6,6,1,22,9,121.5962847,25.0563448
111,6,2,12,40,2,11南港區,南港區向陽路162巷與重陽路57巷口,0,0,1,2,C03,8,1,5,50,4,1,1,5,4,5,7,4,4,10,5,5,2,15,1,44,2,8,1,1,7,9,1,10,1,12,,6,6,1,22,9,121.5962847,25.0563448
111,6,2,12,45,2,09北投區,北投區行義路101號,0,0,1,2,,8,1,5,50,11,9,1,5,4,5,1,4,4,4,3,5,1,18,3,,,,,,,,,,,,,67,42,1,,,121.5278124,25.12799482
111,6,2,12,45,2,09北投區,北投區行義路101號,0,0,1,1,C03,8,1,5,50,11,9,1,5,4,5,1,4,4,4,3,5,1,18,1,63,2,9,1,1,7,5,1,10,1,14,,42,42,1,22,9,121.5278124,25.12799482
111,6,2,12,53,2,09北投區,北投區清江路69巷5號與無名巷口,0,0,1,1,C03,8,1,5,30,3,1,1,5,4,5,7,4,4,9,5,5,2,16,1,68,3,10,3,4,7,6,1,10,1,11,,6,6,1,22,9,121.50225,25.130442
111,6,2,12,53,2,09北投區,北投區清江路69巷5號與無名巷口,0,0,1,2,C03,8,1,5,30,3,1,1,5,4,5,7,4,4,9,5,5,2,16,2,50,2,9,3,4,7,9,3,18,1,14,,23,6,1,22,9,121.50225,25.130442
111,6,2,13,0,2,09北投區,北投區振華街2號與明德路口,0,0,1,1,B03,8,1,5,50,4,1,1,5,4,5,7,2,1,5,5,5,2,3,1,29,3,10,1,4,7,5,1,8,11,1,,15,15,2,2,9,121.5200934,25.1155862
111,6,2,13,0,2,09北投區,北投區振華街2號與明德路口,0,0,1,2,H01,8,1,5,50,4,1,1,5,4,5,7,2,1,5,5,5,2,3,2,21,2,8,4,5,8,16,8,20,10,16,,67,15,1,2,9,121.5200934,25.1155862
111,6,2,13,16,2,04大安區,大安區羅斯福路4段85號,0,0,1,1,B12,8,1,5,50,14,9,1,5,4,5,7,4,4,1,4,5,2,12,1,35,3,10,3,4,7,8,1,8,2,2,,7,7,1,22,9,121.5363197,25.01286413
111,6,2,13,16,2,04大安區,大安區羅斯福路4段85號,0,0,1,2,C03,8,1,5,50,14,9,1,5,4,5,7,4,4,1,4,5,2,12,1,50,2,9,3,4,7,9,1,10,2,14,,44,7,1,22,9,121.5363197,25.01286413
111,6,2,13,19,2,08士林區,士林區中山北路6段195巷與克強路15巷口,0,0,2,1,C03,8,1,5,30,4,1,1,5,4,5,7,4,4,10,5,5,1,15,1,22,2,9,3,4,7,9,1,10,1,14,,6,6,1,22,9,121.5243349,25.10783182
111,6,2,13,19,2,08士林區,士林區中山北路6段195巷與克強路15巷口,0,0,2,2,B03,8,1,5,30,4,1,1,5,4,5,7,4,4,10,5,5,1,15,1,47,3,10,3,4,7,9,1,8,1,1,,44,6,1,22,9,121.5243349,25.10783182
111,6,2,13,19,2,08士林區,士林區中山北路6段195巷與克強路15巷口,0,0,2,3,H02,8,1,5,30,4,1,1,5,4,5,7,4,4,10,5,5,1,15,2,57,2,7,3,5,7,20,8,20,10,16,,67,6,1,22,9,121.5243349,25.10783182
111,6,2,13,27,2,09北投區,北投區中山北路7段219巷3弄273號,0,0,1,1,B03,8,1,5,30,14,9,1,5,4,5,7,4,4,10,5,5,2,17,1,22,3,10,1,1,7,5,1,8,1,8,,8,8,1,22,9,121.5304132,25.13249085
111,6,2,13,27,2,09北投區,北投區中山北路7段219巷3弄273號,0,0,1,2,C03,8,1,5,30,14,9,1,5,4,5,7,4,4,10,5,5,2,17,2,31,2,9,1,1,7,9,1,10,1,12,,44,8,1,22,9,121.5304132,25.13249085
111,6,2,13,31,2,02萬華區,萬華區東園街與東園街14巷口,0,0,3,1,C03,8,1,5,50,3,1,1,5,4,5,7,4,4,5,4,5,2,9,1,29,2,9,1,1,7,9,6,18,1,11,,23,23,1,22,9,121.4955986,25.0275962
111,6,2,13,31,2,02萬華區,萬華區東園街與東園街14巷口,0,0,3,2,H02,8,1,5,50,3,1,1,5,4,5,7,4,4,5,4,5,2,9,2,27,2,9,4,5,7,21,8,20,10,16,,67,23,1,22,9,121.4955986,25.0275962
111,6,2,13,31,2,02萬華區,萬華區東園街與東園街14巷口,0,0,3,3,C03,8,1,5,50,3,1,1,5,4,5,7,4,4,5,4,5,2,9,2,67,2,9,1,1,7,9,1,10,1,14,,6,23,1,22,9,121.4955986,25.0275962
111,6,2,13,31,2,02萬華區,萬華區東園街與東園街14巷口,0,0,3,4,C03,8,1,5,50,3,1,1,5,4,5,7,4,4,5,4,5,2,9,1,52,3,10,1,1,7,9,1,10,1,11,,23,23,1,22,9,121.4955986,25.0275962
111,6,2,13,31,2,02萬華區,萬華區東園街與東園街14巷口,0,0,3,5,B03,8,1,5,50,3,1,1,5,4,5,7,4,4,5,4,5,2,9,1,33,3,10,1,1,7,14,1,8,1,4,,38,23,1,22,9,121.4955986,25.0275962
111,6,2,13,31,2,02萬華區,萬華區東園街與東園街14巷口,0,0,3,6,B12,8,1,5,50,3,1,1,5,4,5,7,4,4,5,4,5,2,9,1,29,3,10,1,1,7,14,1,8,11,15,,38,23,1,22,9,121.4955986,25.0275962
111,6,2,13,44,2,07信義區,信義區信安街42號,0,0,1,1,C04,8,1,5,30,11,9,1,5,4,5,7,4,4,9,4,5,2,16,2,26,2,8,1,1,7,9,1,8,9,12,,13,13,2,22,9,121.5580993,25.02748782
111,6,2,13,44,2,07信義區,信義區信安街42號,0,0,1,2,B03,8,1,5,30,11,9,1,5,4,5,7,4,4,9,4,5,2,16,2,43,3,10,1,1,7,13,1,8,1,4,,44,13,1,22,9,121.5580993,25.02748782
111,6,2,13,58,2,01大同區,大同區台北橋機車道,0,0,3,2,F01,8,1,5,50,14,11,1,5,4,5,7,4,4,1,4,5,2,13,1,60,2,8,1,1,7,9,8,20,1,16,,33,23,1,22,9,121.5082645,25.06371149
111,6,2,13,58,2,01大同區,大同區台北橋機車道,0,0,3,1,C03,8,1,5,50,14,11,1,5,4,5,7,4,4,1,4,5,2,13,1,22,2,9,1,1,7,9,1,10,1,11,,23,23,1,22,9,121.5082645,25.06371149
111,6,2,13,58,2,01大同區,大同區台北橋機車道,0,0,3,3,H02,8,1,5,50,14,11,1,5,4,5,7,4,4,1,4,5,2,13,2,22,2,9,1,5,7,20,8,20,10,16,,67,23,1,22,9,121.5082645,25.06371149
111,6,2,13,58,2,04大安區,大安區忠孝東路4段223巷與敦化南路1段187巷口,0,0,1,1,B02,8,1,5,50,4,1,1,5,4,5,7,4,4,5,5,5,2,16,1,32,3,10,3,4,7,5,1,8,1,8,,6,6,1,22,9,121.5529864,25.04249535
111,6,2,13,58,2,04大安區,大安區忠孝東路4段223巷與敦化南路1段187巷口,0,0,1,2,C03,8,1,5,50,4,1,1,5,4,5,7,4,4,5,5,5,2,16,1,19,2,9,1,4,7,9,1,10,1,14,,14,6,1,22,9,121.5529864,25.04249535
111,6,2,14,32,2,04大安區,大安區永康街17巷與信義路2段198巷口,0,0,1,1,B03,7,1,5,30,4,1,1,5,4,5,7,4,4,10,4,5,2,15,1,45,3,10,1,1,7,9,1,8,1,4,,6,6,1,22,9,121.5307223,25.0323733
111,6,2,14,32,2,04大安區,大安區永康街17巷與信義路2段198巷口,0,0,1,2,C03,7,1,5,30,4,1,1,5,4,5,7,4,4,10,4,5,2,15,1,24,2,9,1,1,7,9,1,10,1,11,,13,6,1,22,9,121.5307223,25.0323733
111,6,2,14,45,2,08士林區,士林區通河街與通河街2巷口,0,0,2,1,C03,8,1,5,50,4,1,1,5,4,5,7,3,1,5,5,5,2,16,1,39,2,9,1,1,7,4,1,10,2,12,,1,1,1,22,9,121.5236913,25.0799019
111,6,2,14,45,2,08士林區,士林區通河街與通河街2巷口,0,0,2,2,C03,8,1,5,50,4,1,1,5,4,5,7,3,1,5,5,5,2,16,1,56,2,9,1,1,7,5,1,10,2,14,,44,1,1,22,9,121.5236913,25.0799019
111,6,2,14,48,2,07信義區,信義區忠孝東路5段494號,0,0,1,1,B12,8,1,5,50,14,9,1,5,4,5,7,4,4,3,4,5,2,23,1,63,2,8,1,1,7,10,1,8,2,8,,42,42,1,22,9,121.5782479,25.04097205
111,6,2,14,48,2,07信義區,信義區忠孝東路5段494號,0,0,1,2,,8,1,5,50,14,9,1,5,4,5,7,4,4,3,4,5,2,23,3,,,,,,,,,,,,,67,42,1,,,121.5782479,25.04097205
111,6,2,15,5,2,04大安區,大安區信義路4段265巷與信義路4段口,0,0,1,1,C03,7,1,5,50,4,1,1,5,4,1,7,2,1,5,4,5,2,5,1,46,4,11,3,4,7,15,7,19,11,15,,43,43,2,22,9,121.5542927,25.03326856
111,6,2,15,5,2,04大安區,大安區信義路4段265巷與信義路4段口,0,0,1,2,H03,7,1,5,50,4,1,1,5,4,1,7,2,1,5,4,5,2,5,1,52,2,7,4,5,8,17,8,20,10,16,,67,43,1,22,9,121.5542927,25.03326856
111,6,2,15,5,2,05中正區,中正區汀州路3段212號前,0,0,1,1,C03,8,1,5,50,14,9,1,5,4,5,7,4,4,9,4,5,2,12,1,38,3,10,1,1,7,9,1,10,1,11,,4,4,1,22,9,121.5354274,25.012517
111,6,2,15,5,2,05中正區,中正區汀州路3段212號前,0,0,1,2,C03,8,1,5,50,14,9,1,5,4,5,7,4,4,9,4,5,2,12,1,24,2,9,1,1,7,5,1,10,1,14,,44,4,1,22,9,121.5354274,25.012517
111,6,2,15,24,2,08士林區,士林區百齡橋與百齡橋口引道,0,0,1,1,B03,8,1,5,50,3,1,1,5,4,5,7,4,4,3,2,5,1,12,1,37,3,10,1,1,7,6,1,8,1,2,,9,9,1,22,9,121.5156961,25.09044036
111,6,2,15,24,2,08士林區,士林區百齡橋與百齡橋口引道,0,0,1,2,C04,8,1,5,50,3,1,1,5,4,5,7,4,4,3,2,5,1,12,1,74,2,8,1,1,7,9,6,10,1,14,,44,9,1,22,9,121.5156961,25.09044036
111,6,2,15,40,2,09北投區,北投區西安街2段與石牌路1段口,0,0,2,1,C03,8,1,5,50,4,1,1,5,4,5,7,2,1,8,3,5,2,13,1,58,2,9,1,1,7,9,1,10,1,11,,43,43,1,22,9,121.5148358,25.11505427
111,6,2,15,40,2,09北投區,北投區西安街2段與石牌路1段口,0,0,2,2,C03,8,1,5,50,4,1,1,5,4,5,7,2,1,8,3,5,2,13,1,60,2,9,1,1,7,9,1,10,1,13,,43,43,1,22,9,121.5148358,25.11505427
111,6,2,15,50,2,03中山區,中山區松江路124巷與松江路口,0,0,1,1,C03,8,1,5,30,3,1,1,5,4,5,7,4,4,10,3,5,1,16,1,33,3,10,3,4,7,9,1,10,1,11,,6,6,1,22,9,121.5329032,25.05257847
111,6,2,15,50,2,03中山區,中山區松江路124巷與松江路口,0,0,1,2,F02,8,1,5,30,3,1,1,5,4,5,7,4,4,10,3,5,1,16,2,48,2,9,3,4,7,9,8,20,1,16,,43,6,1,22,9,121.5329032,25.05257847
111,6,2,16,32,2,04大安區,大安區建國高架道136燈桿,0,0,2,1,B03,8,1,5,40,10,16,1,5,4,5,7,4,4,1,1,5,1,23,2,51,2,9,3,4,7,21,1,8,7,1,,21,21,1,22,9,121.5377893,25.03722848
111,6,2,16,32,2,04大安區,大安區建國高架道136燈桿,0,0,2,2,,8,1,5,40,10,16,1,5,4,5,7,4,4,1,1,5,1,23,3,,,,,,,,,,,,,67,21,1,,,121.5377893,25.03722848
111,6,2,16,32,2,04大安區,大安區建國高架道136燈桿,0,0,2,3,H02,8,1,5,40,10,16,1,5,4,5,7,4,4,1,1,5,1,23,1,51,2,9,3,4,7,21,8,20,10,15,,67,21,1,22,9,121.5377893,25.03722848
111,6,2,16,32,2,09北投區,北投區洲美快速道路147燈桿,0,0,2,1,B03,8,1,5,80,10,7,1,5,4,5,7,4,4,8,3,5,1,13,1,44,2,9,1,1,7,7,1,8,2,5,,16,16,1,22,9,121.4989279,25.11321752
111,6,2,16,32,2,09北投區,北投區洲美快速道路147燈桿,0,0,2,2,B03,8,1,5,80,10,7,1,5,4,5,7,4,4,8,3,5,1,13,2,59,2,9,1,1,7,9,1,8,2,7,,44,16,1,22,9,121.4989279,25.11321752
111,6,2,16,55,2,09北投區,北投區東華街2段與致遠二路口,0,0,1,1,B03,7,1,5,50,4,1,1,5,4,5,7,1,1,9,4,5,1,12,2,40,3,10,1,1,7,9,1,8,1,1,,23,23,1,22,9,121.513506,25.1177847
111,6,2,16,55,2,09北投區,北投區東華街2段與致遠二路口,0,0,1,2,C03,7,1,5,50,4,1,1,5,4,5,7,1,1,9,4,5,1,12,2,55,2,9,1,1,7,5,1,10,1,14,,8,23,1,22,9,121.513506,25.1177847
111,6,2,17,2,2,10文山區,文山區試院路8號,0,0,1,1,C03,7,1,5,30,14,9,2,5,4,5,7,4,4,7,4,5,2,17,1,22,2,9,1,4,7,1,1,10,1,11,,19,19,1,22,9,121.5494639,24.98844715
111,6,2,17,2,2,10文山區,文山區試院路8號,0,0,1,2,B03,7,1,5,30,14,9,2,5,4,5,7,4,4,7,4,5,2,17,1,44,3,10,3,4,7,9,1,7,1,5,,44,19,1,22,9,121.5494639,24.98844715
111,6,2,17,24,2,02萬華區,萬華區環河南路2段與桂林路口,0,0,2,1,C03,8,1,5,50,4,1,1,5,4,5,7,2,1,1,4,5,2,12,1,27,3,10,1,1,7,8,1,10,1,12,,7,7,1,22,9,121.4971238,25.038617
111,6,2,17,24,2,02萬華區,萬華區環河南路2段與桂林路口,0,0,2,2,C03,8,1,5,50,4,1,1,5,4,5,7,2,1,1,4,5,2,12,2,18,2,9,1,1,7,9,1,10,1,11,,44,7,1,22,9,121.4971238,25.038617
111,6,2,17,24,2,02萬華區,萬華區環河南路2段與桂林路口,0,0,2,3,H02,8,1,5,50,4,1,1,5,4,5,7,2,1,1,4,5,2,12,2,17,2,9,4,5,7,20,8,20,10,15,,67,7,1,22,9,121.4971238,25.038617
111,6,2,17,40,2,08士林區,士林區至誠路1段66號,0,0,1,1,C03,8,1,5,50,11,9,1,5,4,5,7,4,4,5,5,5,2,18,2,24,2,7,1,1,7,9,1,10,1,12,,23,23,1,22,9,121.5360178,25.10157516
111,6,2,17,40,2,08士林區,士林區至誠路1段66號,0,0,1,2,,8,1,5,50,11,9,1,5,4,5,7,4,4,5,5,5,2,18,3,,,,,,,,,,,,,67,23,1,,,121.5360178,25.10157516
111,6,2,17,42,2,03中山區,中山區市民大道3段與八德路2段88巷口,0,0,1,1,C03,7,1,5,40,3,2,1,5,4,5,7,4,4,1,1,1,1,12,1,36,3,10,3,4,7,9,1,10,1,12,,33,33,1,22,9,121.5359858,25.04491551
111,6,2,17,42,2,03中山區,中山區市民大道3段與八德路2段88巷口,0,0,1,2,C03,7,1,5,40,3,2,1,5,4,5,7,4,4,1,1,1,1,12,1,26,2,9,3,4,7,9,1,10,1,14,,23,33,1,22,9,121.5359858,25.04491551
111,6,2,17,58,2,05中正區,中正區汀州路2段與同安街30巷口,0,0,2,1,C03,7,1,5,30,4,1,1,5,4,5,7,4,4,10,5,5,2,15,1,37,2,7,1,1,7,9,1,9,1,11,,6,6,1,22,9,121.5212643,25.0243415
111,6,2,17,58,2,05中正區,中正區汀州路2段與同安街30巷口,0,0,2,2,C03,7,1,5,30,4,1,1,5,4,5,7,4,4,10,5,5,2,15,1,35,2,9,1,1,7,9,1,10,1,14,,13,6,1,22,9,121.5212643,25.0243415
111,6,2,18,25,2,05中正區,中正區中華路1段與武昌街1段口,0,0,1,1,B01,8,2,5,50,4,2,1,5,4,5,7,1,1,1,4,5,2,17,1,64,3,10,1,1,7,7,1,4,2,7,,7,7,1,22,9,121.5091137,25.0444765
111,6,2,18,25,2,05中正區,中正區中華路1段與武昌街1段口,0,0,1,2,C03,8,2,5,50,4,2,1,5,4,5,7,1,1,1,4,5,2,17,1,22,2,9,1,1,7,9,1,10,2,14,,44,7,1,22,9,121.5091137,25.0444765
111,6,2,18,35,2,04大安區,大安區復興南路1段與市民大道3段口,0,0,3,1,C03,8,3,5,50,14,9,1,5,4,5,7,4,4,1,4,5,2,17,2,46,2,9,1,1,7,9,1,10,1,14,,17,17,1,22,9,121.5437814,25.04457047
111,6,2,18,35,2,04大安區,大安區復興南路1段與市民大道3段口,0,0,3,2,C03,8,3,5,50,14,9,1,5,4,5,7,4,4,1,4,5,2,17,2,50,2,9,1,1,7,9,1,10,1,12,,17,17,1,22,9,121.5437814,25.04457047
111,6,2,18,35,2,04大安區,大安區復興南路1段與市民大道3段口,0,0,3,3,H02,8,3,5,50,14,9,1,5,4,5,7,4,4,1,4,5,2,17,2,40,2,8,4,5,7,17,8,20,10,16,,67,17,1,22,9,121.5437814,25.04457047
111,6,2,18,40,2,12內湖區,內湖區文德路22巷53弄與江南街71巷75弄口,0,0,1,1,B01,8,1,5,30,4,1,1,5,4,5,7,4,4,10,5,5,2,15,1,53,3,10,1,1,7,9,1,8,1,5,,6,6,1,22,9,121.57977,25.07551594
111,6,2,18,40,2,12內湖區,內湖區文德路22巷53弄與江南街71巷75弄口,0,0,1,2,C03,8,1,5,30,4,1,1,5,4,5,7,4,4,10,5,5,2,15,1,37,2,9,1,1,7,9,1,10,1,14,,6,6,1,22,9,121.57977,25.07551594
111,6,2,18,45,2,04大安區,大安區仁愛路3段與建國南路1段口,0,0,1,1,B03,7,3,5,50,14,9,1,5,4,5,7,4,4,7,3,5,2,12,1,50,3,10,1,1,7,9,1,8,1,5,,23,23,1,22,9,121.5376223,25.038296