發生年度,發生月,發生日,發生時-Hours,發生分,處理別-編號,區序,肇事地點,死亡人數,2-30日死亡人數,受傷人數,當事人序號,車種,天候,光線,道路類別,速限-速度限制,道路型態,事故位置,路面狀況1,路面狀況2,路面狀況3,道路障礙1,道路障礙2,號誌1,號誌2,車道劃分-分向,車道劃分-分道1,車道劃分-分道2,車道劃分-分道3,事故類型及型態,性別,年齡,受傷程度,主要傷處,安全帽,行動電話,車輛用途,當事者行動狀態,駕駛資格情形,駕駛執照種類,飲酒情形,車輛撞擊部位1,車輛撞擊部位2,肇因碼-個別,肇因碼-主要,個人肇逃否,職業,旅次目的,座標-X,座標-Y
111,6,2,18,45,2,04大安區,大安區仁愛路3段與建國南路1段口,0,0,1,2,C03,7,3,5,50,14,9,1,5,4,5,7,4,4,7,3,5,2,12,1,24,2,8,1,1,7,7,1,10,1,14,,7,23,1,22,9,121.5376223,25.038296
111,6,2,18,52,2,12內湖區,內湖區舊宗路1段與舊宗路1段150巷口口,0,0,1,1,B03,8,3,5,50,3,1,1,5,4,5,7,4,4,1,4,5,2,12,1,35,3,10,1,1,7,6,1,8,1,5,,6,6,1,22,9,121.5773015,25.0626433
111,6,2,18,52,2,12內湖區,內湖區舊宗路1段與舊宗路1段150巷口口,0,0,1,2,C03,8,3,5,50,3,1,1,5,4,5,7,4,4,1,4,5,2,12,2,29,2,8,1,1,7,9,1,10,1,14,,13,6,1,22,9,121.5773015,25.0626433
111,6,2,18,53,2,04大安區,大安區青田街7巷與和平東路1段183巷口,0,0,2,1,C03,7,3,5,30,4,1,1,5,4,5,7,4,4,10,5,5,2,15,2,49,2,9,3,4,7,9,1,10,1,11,,6,6,1,22,9,121.5330219,25.0280937
111,6,2,18,53,2,04大安區,大安區青田街7巷與和平東路1段183巷口,0,0,2,2,C02,7,3,5,30,4,1,1,5,4,5,7,4,4,10,5,5,2,15,1,38,2,9,3,4,7,9,1,9,1,14,,14,6,1,22,9,121.5330219,25.0280937
111,6,2,19,0,2,07信義區,信義區松山路480號,0,0,1,1,C03,8,1,5,50,14,9,1,5,4,5,7,4,4,1,4,5,2,16,2,65,2,8,1,1,7,6,3,18,1,12,,17,17,1,22,8,121.5777761,25.03980928
111,6,2,19,0,2,07信義區,信義區松山路480號,0,0,1,2,B01,8,1,5,50,14,9,1,5,4,5,7,4,4,1,4,5,2,16,1,47,3,10,1,1,7,1,1,4,1,1,,16,17,1,22,9,121.5777761,25.03980928
111,6,2,19,30,2,05中正區,中正區中山北路1段與市民大道2段口往東,0,0,1,1,C03,8,3,5,40,4,2,1,5,4,5,7,2,1,1,4,5,2,27,1,46,2,9,1,1,7,9,1,10,2,11,,23,23,1,22,9,121.5208332,25.04794038
111,6,2,19,30,2,05中正區,中正區中山北路1段與市民大道2段口往東,0,0,1,2,,8,3,5,40,4,2,1,5,4,5,7,2,1,1,4,5,2,27,3,,,,,,,,,,,,,66,23,1,,,121.5208332,25.04794038
111,6,2,20,40,2,01大同區,大同區承德路1段與長安西路口,0,0,2,1,B01,7,3,5,50,4,1,1,5,4,5,7,1,1,1,4,5,2,12,1,64,3,10,1,1,7,6,1,4,2,2,,9,9,1,22,9,121.5172017,25.05082076
111,6,2,20,40,2,01大同區,大同區承德路1段與長安西路口,0,0,2,2,C03,7,3,5,50,4,1,1,5,4,5,7,1,1,1,4,5,2,12,1,34,2,9,1,1,7,9,1,10,2,14,,43,9,1,22,9,121.5172017,25.05082076
111,6,2,20,40,2,01大同區,大同區承德路1段與長安西路口,0,0,2,3,H02,7,3,5,50,4,1,1,5,4,5,7,1,1,1,4,5,2,12,2,39,2,9,4,5,7,20,8,20,10,16,,67,9,1,22,9,121.5172017,25.05082076
111,6,2,20,45,2,05中正區,中正區重慶南路2段與南海路口,0,0,1,1,B03,8,3,5,50,4,2,1,5,4,5,7,1,1,1,4,5,2,12,2,45,3,10,1,1,7,9,1,8,11,5,,17,17,2,22,9,121.5144583,25.03187939
111,6,2,20,45,2,05中正區,中正區重慶南路2段與南海路口,0,0,1,2,C03,8,3,5,50,4,2,1,5,4,5,7,1,1,1,4,5,2,12,2,45,2,8,2,1,7,9,1,10,1,14,,17,17,1,22,9,121.5144583,25.03187939
111,6,2,20,48,2,08士林區,士林區承德路4段與大南路口,0,0,1,1,C03,8,3,5,50,5,2,1,5,4,5,7,2,1,1,4,5,1,17,2,19,2,9,1,1,7,8,1,10,2,12,,7,7,1,22,9,121.5215048,25.08898725
111,6,2,20,48,2,08士林區,士林區承德路4段與大南路口,0,0,1,2,C03,8,3,5,50,5,2,1,5,4,5,7,2,1,1,4,5,1,17,1,25,3,10,1,1,7,9,1,10,2,14,,44,7,1,22,9,121.5215048,25.08898725
111,6,2,21,41,2,12內湖區,內湖區文德路與文德路22巷口口,0,0,1,1,B03,8,3,5,50,4,1,1,5,4,5,7,2,1,1,4,5,2,11,1,70,3,10,1,1,7,11,1,8,2,1,,10,10,1,22,9,121.5795628,25.07843588
111,6,2,21,41,2,12內湖區,內湖區文德路與文德路22巷口口,0,0,1,2,C03,8,3,5,50,4,1,1,5,4,5,7,2,1,1,4,5,2,11,2,24,2,9,1,1,7,9,1,10,2,14,,44,10,1,22,9,121.5795628,25.07843588
111,6,2,21,41,2,12內湖區,內湖區文德路與文德路22巷口口,0,0,1,3,C03,8,3,5,50,4,1,1,5,4,5,7,2,1,1,4,5,2,11,2,25,3,10,1,1,7,9,1,10,2,14,,44,10,1,22,9,121.5795628,25.07843588
111,6,2,22,20,2,07信義區,信義區和平東路3段與崇德街口口,0,0,3,1,C03,8,3,5,50,4,2,1,5,4,5,7,1,1,1,4,5,2,17,1,19,2,9,3,4,7,6,1,10,1,12,,9,9,1,22,9,121.5528668,25.0242196
111,6,2,22,20,2,07信義區,信義區和平東路3段與崇德街口口,0,0,3,2,C03,8,3,5,50,4,2,1,5,4,5,7,1,1,1,4,5,2,17,1,44,2,9,3,4,7,9,1,10,1,11,,44,9,1,22,9,121.5528668,25.0242196
111,6,2,22,20,2,07信義區,信義區和平東路3段與崇德街口口,0,0,3,3,H02,8,3,5,50,4,2,1,5,4,5,7,1,1,1,4,5,2,17,2,18,2,9,3,5,7,20,8,20,10,16,,67,9,1,22,9,121.5528668,25.0242196
111,6,2,22,50,2,04大安區,大安區忠孝東路4段與大安路1段口,0,0,1,1,B01,8,3,5,50,4,1,1,5,4,5,7,2,1,1,4,5,2,16,1,35,3,10,3,4,7,5,1,4,1,7,,8,8,1,22,9,121.5461791,25.041674
111,6,2,22,50,2,04大安區,大安區忠孝東路4段與大安路1段口,0,0,1,2,C04,8,3,5,50,4,1,1,5,4,5,7,2,1,1,4,5,2,16,2,31,2,9,1,4,7,9,1,10,1,11,,44,8,1,22,9,121.5461791,25.041674
111,6,2,22,58,2,01大同區,大同區民生西路與西寧北路口,0,0,2,1,C03,8,3,5,50,4,1,1,5,4,5,7,2,1,6,4,5,2,15,2,26,2,9,1,1,7,15,1,10,1,11,,25,25,1,22,9,121.5090342,25.0568625
111,6,2,22,58,2,01大同區,大同區民生西路與西寧北路口,0,0,2,2,C03,8,3,5,50,4,1,1,5,4,5,7,2,1,6,4,5,2,15,2,24,2,7,1,1,7,9,1,10,1,14,,25,25,1,22,9,121.5090342,25.0568625
111,6,2,23,55,2,03中山區,中山區長安東路2段與新生北路1段口,0,0,1,1,B03,7,3,5,50,4,1,1,5,4,5,7,1,1,10,4,5,2,16,1,46,3,10,1,4,7,5,1,10,2,6,,8,8,1,22,9,121.5296729,25.04841173
111,6,2,23,55,2,03中山區,中山區長安東路2段與新生北路1段口,0,0,1,2,C04,7,3,5,50,4,1,1,5,4,5,7,1,1,10,4,5,2,16,1,38,2,9,1,4,7,9,1,10,2,11,,44,8,1,22,9,121.5296729,25.04841173
111,6,2,23,59,2,08士林區,士林區承德路4段80巷與劍潭路口,0,0,2,1,C03,8,1,5,30,4,1,1,5,4,3,5,4,4,10,5,5,2,15,1,21,2,8,3,4,7,9,1,10,1,11,,6,6,1,22,9,121.5214172,25.08339752
111,6,2,23,59,2,08士林區,士林區承德路4段80巷與劍潭路口,0,0,2,2,B03,8,1,5,30,4,1,1,5,4,3,5,4,4,10,5,5,2,15,1,65,3,10,3,4,7,9,1,8,1,8,,6,6,1,22,9,121.5214172,25.08339752
111,6,2,23,59,2,08士林區,士林區承德路4段80巷與劍潭路口,0,0,2,3,B11,8,1,5,30,4,1,1,5,4,3,5,4,4,10,5,5,2,15,1,61,3,10,3,4,7,14,1,8,1,15,,38,6,1,22,9,121.5214172,25.08339752
111,6,2,23,59,2,08士林區,士林區承德路4段80巷與劍潭路口,0,0,2,4,H02,8,1,5,30,4,1,1,5,4,3,5,4,4,10,5,5,2,15,2,21,2,8,3,5,7,20,8,20,10,16,,67,6,1,22,9,121.5214172,25.08339752
111,6,3,0,45,2,07信義區,信義區虎林街30巷與虎林街46巷口,0,0,1,1,C03,8,1,5,30,4,1,1,5,4,5,7,4,4,10,5,5,2,15,1,26,2,9,1,1,7,9,1,10,1,12,,6,6,1,22,9,121.575882,25.0471825
111,6,3,0,45,2,07信義區,信義區虎林街30巷與虎林街46巷口,0,0,1,2,B03,8,1,5,30,4,1,1,5,4,5,7,4,4,10,5,5,2,15,1,40,3,10,1,1,7,9,1,8,1,1,,23,6,1,22,9,121.575882,25.0471825
111,6,3,1,4,2,03中山區,中山區市民大道3段與八德路2段口,0,0,1,1,C01,7,3,5,40,4,1,1,5,4,5,7,1,2,10,4,5,2,12,1,44,2,8,1,4,7,9,1,9,1,11,,23,23,1,22,9,121.5349333,25.04511097
111,6,3,1,4,2,03中山區,中山區市民大道3段與八德路2段口,0,0,1,2,B03,7,3,5,40,4,1,1,5,4,5,7,1,2,10,4,5,2,12,2,38,3,10,1,4,7,15,1,8,1,6,,44,23,1,22,9,121.5349333,25.04511097
111,6,3,6,48,2,08士林區,士林區福林路與至善路1段口,0,0,2,1,C03,8,1,5,50,3,2,1,5,4,5,7,1,1,10,5,5,1,13,1,62,2,9,1,1,7,9,1,10,2,11,,16,16,1,22,9,121.5364894,25.09935857
111,6,3,6,48,2,08士林區,士林區福林路與至善路1段口,0,0,2,2,C03,8,1,5,50,3,2,1,5,4,5,7,1,1,10,5,5,1,13,1,71,2,7,1,1,7,14,1,10,2,13,,44,16,1,22,9,121.5364894,25.09935857
111,6,3,7,43,2,04大安區,大安區和平東路2段305號,0,0,1,1,A41,8,1,5,50,14,9,1,5,4,5,7,4,4,1,4,5,2,17,1,30,3,10,1,1,7,9,1,3,11,15,,44,44,1,22,9,121.5449869,25.02488713
111,6,3,7,43,2,04大安區,大安區和平東路2段305號,0,0,1,2,C03,8,1,5,50,14,9,1,5,4,5,7,4,4,1,4,5,2,17,1,24,2,8,1,1,7,10,1,10,1,11,,7,44,1,22,9,121.5449869,25.02488713
111,6,3,7,43,2,04大安區,大安區和平東路2段305號,0,0,1,3,A04,8,1,5,50,14,9,1,5,4,5,7,4,4,1,4,5,2,17,1,64,3,10,1,1,7,9,1,2,1,3,,44,44,1,22,9,121.5449869,25.02488713
111,6,3,8,19,2,03中山區,中山區大佳河濱公園與大直橋口東側停車場出入口,0,0,1,1,B02,8,1,5,50,3,1,1,5,4,5,7,4,4,5,5,5,2,11,1,42,3,10,1,1,7,5,1,8,1,5,,8,8,1,22,9,121.5500966,25.07367117
111,6,3,8,19,2,03中山區,中山區大佳河濱公園與大直橋口東側停車場出入口,0,0,1,2,C03,8,1,5,50,3,1,1,5,4,5,7,4,4,5,5,5,2,11,1,60,2,9,1,1,7,9,1,10,1,11,14,44,8,1,22,9,121.5500966,25.07367117
111,6,3,8,20,2,08士林區,士林區承德路4段與承德路4段6巷口,0,0,1,1,C03,8,1,5,30,4,1,1,5,4,5,7,4,4,10,5,5,1,15,2,57,2,7,3,4,7,9,1,10,1,11,,6,6,1,22,9,121.5213674,25.07911227
111,6,3,8,20,2,08士林區,士林區承德路4段與承德路4段6巷口,0,0,1,2,B01,8,1,5,30,4,1,1,5,4,5,7,4,4,10,5,5,1,15,1,48,3,10,3,4,7,9,1,4,2,4,,44,6,1,22,9,121.5213674,25.07911227
111,6,3,8,25,2,02萬華區,萬華區中興橋機車道往新北市,0,0,2,1,C03,8,1,5,30,14,11,1,5,4,5,7,4,4,10,5,5,1,12,2,30,2,9,3,4,7,9,1,10,1,14,,43,43,1,22,9,121.5017641,25.04545336
111,6,3,8,25,2,02萬華區,萬華區中興橋機車道往新北市,0,0,2,2,C03,8,1,5,30,14,11,1,5,4,5,7,4,4,10,5,5,1,12,1,76,2,9,3,4,7,9,1,10,1,14,,43,43,1,22,9,121.5017641,25.04545336
111,6,3,8,48,2,04大安區,大安區和平東路3段228巷與安居街34巷口,0,0,1,1,B03,8,1,5,30,3,1,1,5,4,5,7,4,4,5,5,5,2,16,1,69,3,10,1,1,7,5,1,8,1,7,,6,6,1,22,9,121.5538877,25.021185
111,6,3,8,48,2,04大安區,大安區和平東路3段228巷與安居街34巷口,0,0,1,2,C03,8,1,5,30,3,1,1,5,4,5,7,4,4,5,5,5,2,16,1,45,2,9,1,1,7,9,1,9,1,14,,23,6,1,22,9,121.5538877,25.021185
111,6,3,9,32,2,12內湖區,內湖區南京東路6段與新明路298巷口,0,0,1,1,B03,8,1,5,50,4,1,1,5,4,5,7,1,1,5,4,5,2,16,1,45,3,10,1,1,7,6,1,8,1,5,,6,6,1,22,9,121.5816133,25.05700788
111,6,3,9,32,2,12內湖區,內湖區南京東路6段與新明路298巷口,0,0,1,2,C03,8,1,5,50,4,1,1,5,4,5,7,1,1,5,4,5,2,16,1,34,2,9,1,1,7,9,1,10,1,14,,44,6,1,22,9,121.5816133,25.05700788
111,6,3,9,38,2,07信義區,信義區吳興街156巷65弄5號,0,0,1,1,B03,8,1,5,30,13,9,1,5,4,5,7,4,4,10,5,5,2,9,1,43,3,10,3,4,7,2,1,8,9,3,,12,12,1,22,9,121.5590587,25.02803164
111,6,3,9,38,2,07信義區,信義區吳興街156巷65弄5號,0,0,1,2,H01,8,1,5,30,13,9,1,5,4,5,7,4,4,10,5,5,2,9,2,58,2,9,4,5,8,17,8,20,10,16,,67,12,1,22,9,121.5590587,25.02803164
111,6,3,9,45,2,08士林區,士林區至誠路2段與雨聲街口,0,0,1,1,A12,7,1,5,40,4,2,1,5,4,5,7,2,1,5,5,5,1,17,1,41,3,10,1,1,7,5,1,6,1,6,,8,8,1,21,8,121.5291082,25.1018544
111,6,3,9,45,2,08士林區,士林區至誠路2段與雨聲街口,0,0,1,2,C03,7,1,5,40,4,2,1,5,4,5,7,2,1,5,5,5,1,17,1,64,2,8,1,1,7,9,1,10,1,11,,44,8,1,21,8,121.5291082,25.1018544
111,6,3,10,10,2,04大安區,大安區東豐街與四維路52巷19弄口,0,0,1,1,F01,8,1,5,50,4,2,1,5,4,5,7,4,4,10,5,4,2,17,1,42,3,10,1,1,7,6,8,20,1,16,,6,6,1,22,9,121.5470942,25.03590479
111,6,3,10,10,2,04大安區,大安區東豐街與四維路52巷19弄口,0,0,1,2,F01,8,1,5,50,4,2,1,5,4,5,7,4,4,10,5,4,2,17,2,67,2,9,1,1,7,9,8,20,1,16,,44,6,1,22,9,121.5470942,25.03590479
111,6,3,10,27,2,09北投區,北投區中央南路1段161號,0,0,1,1,C03,8,1,5,50,14,9,1,5,4,5,7,4,4,5,5,5,2,13,1,20,2,8,1,1,7,9,1,10,1,11,,43,43,1,22,9,121.5010929,25.1293879
111,6,3,10,27,2,09北投區,北投區中央南路1段161號,0,0,1,2,B03,8,1,5,50,14,9,1,5,4,5,7,4,4,5,5,5,2,13,1,31,3,10,1,1,7,9,1,8,1,3,,43,43,1,22,9,121.5010929,25.1293879
111,6,3,10,28,2,05中正區,中正區延平南路258巷與延平南路口,0,0,1,1,C03,8,1,5,50,4,1,1,5,4,5,7,4,4,5,5,5,2,13,1,43,3,10,1,1,7,9,1,10,1,11,,23,23,1,22,9,121.507322,25.0329311
111,6,3,10,28,2,05中正區,中正區延平南路258巷與延平南路口,0,0,1,2,C03,8,1,5,50,4,1,1,5,4,5,7,4,4,5,5,5,2,13,1,39,2,9,1,1,7,6,1,10,1,13,,9,23,1,22,9,121.507322,25.0329311
111,6,3,10,30,2,02萬華區,萬華區寶興街與寶興街140巷口,0,0,2,1,C03,8,1,5,30,4,1,1,5,4,5,7,2,1,5,5,5,2,15,2,58,2,9,1,1,7,9,1,10,1,11,,25,25,1,22,9,121.4949217,25.02481279
111,6,3,10,30,2,02萬華區,萬華區寶興街與寶興街140巷口,0,0,2,2,C03,8,1,5,30,4,1,1,5,4,5,7,2,1,5,5,5,2,15,1,50,2,9,1,1,7,9,1,10,1,11,,44,25,1,22,9,121.4949217,25.02481279
111,6,3,10,35,2,02萬華區,萬華區環河南路2段與桂林路口,0,0,1,1,F03,8,1,5,50,4,1,1,5,4,5,7,1,1,9,4,4,2,16,1,61,2,9,1,1,7,9,8,20,5,16,,25,25,1,22,9,121.4972257,25.03851271
111,6,3,10,35,2,02萬華區,萬華區環河南路2段與桂林路口,0,0,1,2,B03,8,1,5,50,4,1,1,5,4,5,7,1,1,9,4,4,2,16,1,52,3,10,1,1,7,5,1,8,2,7,,44,25,1,22,9,121.4972257,25.03851271
111,6,3,10,57,2,07信義區,信義區基隆路2段141號,0,0,1,1,C03,8,1,5,50,14,9,1,5,4,5,7,4,4,6,3,4,2,13,1,18,2,5,1,1,7,8,1,10,1,11,,16,16,1,22,9,121.5558941,25.02719802
111,6,3,10,57,2,07信義區,信義區基隆路2段141號,0,0,1,2,B03,8,1,5,50,14,9,1,5,4,5,7,4,4,6,3,4,2,13,1,41,3,10,1,1,7,12,1,8,1,6,,44,16,1,22,9,121.5558941,25.02719802
111,6,3,11,11,2,07信義區,信義區永吉路與虎林街口,0,0,1,1,B03,8,1,5,50,4,1,1,5,4,5,7,2,1,3,4,4,2,11,1,66,2,7,1,1,7,5,1,8,1,1,,6,6,1,22,9,121.5769104,25.04550895
111,6,3,11,11,2,07信義區,信義區永吉路與虎林街口,0,0,1,2,B03,8,1,5,50,4,1,1,5,4,5,7,2,1,3,4,4,2,11,1,38,3,10,1,1,7,9,1,8,1,4,,13,6,1,22,9,121.5769104,25.04550895
111,6,3,11,11,2,07信義區,信義區忠孝東路5段790巷與忠孝東路5段24弄口,0,0,2,1,C03,8,1,5,30,4,1,1,5,4,5,7,4,4,9,5,5,2,17,1,50,2,9,1,1,7,9,1,10,1,11,,26,26,1,22,9,121.5827245,25.04239894
111,6,3,11,11,2,07信義區,信義區忠孝東路5段790巷與忠孝東路5段24弄口,0,0,2,2,C03,8,1,5,30,4,1,1,5,4,5,7,4,4,9,5,5,2,17,2,43,2,9,1,1,7,9,1,10,1,14,,14,26,1,22,9,121.5827245,25.04239894
111,6,3,11,22,2,07信義區,信義區忠孝東路5段372巷與忠孝東路5段372巷29弄口,0,0,1,1,C03,8,1,5,30,4,1,1,5,4,5,7,4,4,10,4,5,2,15,2,31,2,9,3,4,7,9,1,10,1,11,,6,6,1,22,9,121.5739928,25.03895495
111,6,3,11,22,2,07信義區,信義區忠孝東路5段372巷與忠孝東路5段372巷29弄口,0,0,1,2,B01,8,1,5,30,4,1,1,5,4,5,7,4,4,10,4,5,2,15,1,32,3,10,3,4,7,9,1,4,1,2,,44,6,1,22,9,121.5739928,25.03895495
111,6,3,11,25,2,09北投區,北投區明德路331巷與無名巷口,0,0,2,1,C03,8,1,5,30,4,1,1,5,4,5,7,4,4,10,5,5,2,15,1,37,2,8,1,1,7,9,1,10,2,14,,26,26,1,22,9,121.5190719,25.1160401
111,6,3,11,25,2,09北投區,北投區明德路331巷與無名巷口,0,0,2,2,C03,8,1,5,30,4,1,1,5,4,5,7,4,4,10,5,5,2,15,2,64,2,8,1,1,7,9,1,10,2,11,,23,26,1,22,9,121.5190719,25.1160401
111,6,3,11,48,2,10文山區,文山區興隆路1段70巷與羅斯福路5段269巷口,0,0,1,1,C03,8,1,5,30,4,1,1,5,4,5,7,4,4,10,5,5,2,15,1,63,2,8,1,1,7,9,1,10,1,12,,6,6,1,22,9,121.539798,25.001131
111,6,3,11,48,2,10文山區,文山區興隆路1段70巷與羅斯福路5段269巷口,0,0,1,2,B03,8,1,5,30,4,1,1,5,4,5,7,4,4,10,5,5,2,15,1,25,3,10,1,1,7,9,1,8,1,8,,14,6,1,22,9,121.539798,25.001131
111,6,3,12,17,2,05中正區,中正區市民大道2段與天津街口,0,0,1,1,B03,8,1,5,40,4,2,1,5,4,5,7,2,1,1,4,5,2,17,1,45,3,10,1,1,7,15,1,8,2,15,,27,27,1,22,9,121.5223695,25.04781988
111,6,3,12,17,2,05中正區,中正區市民大道2段與天津街口,0,0,1,2,C03,8,1,5,40,4,2,1,5,4,5,7,2,1,1,4,5,2,17,1,36,3,10,1,1,7,9,1,10,2,15,,44,27,1,22,9,121.5223695,25.04781988
111,6,3,12,17,2,05中正區,中正區市民大道2段與天津街口,0,0,1,3,C03,8,1,5,40,4,2,1,5,4,5,7,2,1,1,4,5,2,17,1,21,2,9,1,1,7,12,1,10,2,15,,42,27,1,22,9,121.5223695,25.04781988
111,6,3,12,37,2,04大安區,大安區仁愛路4段222巷與仁愛路4段口,0,0,1,1,B01,8,1,5,50,3,1,1,5,4,5,7,4,4,5,4,5,2,17,1,50,3,10,1,1,7,6,1,4,1,5,,6,6,1,22,9,121.5517482,25.0376084
111,6,3,12,37,2,04大安區,大安區仁愛路4段222巷與仁愛路4段口,0,0,1,2,F01,8,1,5,50,3,1,1,5,4,5,7,4,4,5,4,5,2,17,2,57,2,6,1,1,7,9,8,20,1,16,,44,6,1,22,9,121.5517482,25.0376084
111,6,3,13,5,2,08士林區,士林區社中街250巷與社中街250巷1弄口,0,0,2,1,C03,8,1,5,30,4,1,1,5,4,5,7,4,4,10,5,5,2,15,1,16,2,9,1,1,7,9,2,18,1,12,,6,6,1,22,9,121.50772,25.0922556
111,6,3,13,5,2,08士林區,士林區社中街250巷與社中街250巷1弄口,0,0,2,2,B03,8,1,5,30,4,1,1,5,4,5,7,4,4,10,5,5,2,15,1,51,3,10,1,1,7,9,1,8,1,1,,44,6,1,22,9,121.50772,25.0922556
111,6,3,13,5,2,08士林區,士林區社中街250巷與社中街250巷1弄口,0,0,2,3,H02,8,1,5,30,4,1,1,5,4,5,7,4,4,10,5,5,2,15,1,9,2,9,1,5,7,17,8,20,10,16,,67,6,1,22,9,121.50772,25.0922556
111,6,3,13,12,2,08士林區,士林區延平北路6段240巷與永平街9巷口,0,0,1,1,C03,8,1,5,30,4,1,1,5,4,5,7,4,4,10,5,5,2,15,1,23,2,8,1,1,7,9,1,10,1,11,,6,6,1,22,9,121.5042957,25.0896893
111,6,3,13,12,2,08士林區,士林區延平北路6段240巷與永平街9巷口,0,0,1,2,B03,8,1,5,30,4,1,1,5,4,5,7,4,4,10,5,5,2,15,1,40,3,10,1,1,7,9,1,7,1,8,,44,6,1,22,9,121.5042957,25.0896893
111,6,3,13,14,2,12內湖區,內湖區金龍路與金龍路191巷口,0,0,1,1,B03,7,1,5,30,3,1,1,5,4,5,7,4,4,5,4,4,2,16,1,55,3,10,1,1,7,5,1,8,1,4,,6,6,1,22,9,121.5877952,25.0872697
111,6,3,13,14,2,12內湖區,內湖區金龍路與金龍路191巷口,0,0,1,2,C03,7,1,5,30,3,1,1,5,4,5,7,4,4,5,4,4,2,16,1,21,2,9,1,1,7,9,1,10,1,11,,23,6,1,22,9,121.5877952,25.0872697
111,6,3,13,14,2,12內湖區,內湖區金龍路與金龍路191巷口,0,0,1,3,B03,7,1,5,30,3,1,1,5,4,5,7,4,4,5,4,4,2,16,1,31,3,10,3,4,7,14,1,8,11,15,,38,6,1,22,9,121.5877952,25.0872697
111,6,3,13,30,2,08士林區,士林區德行東路283巷與士東路266巷6弄口,0,0,2,1,B03,8,1,5,30,4,1,1,5,4,5,7,4,4,10,5,5,2,17,1,64,3,10,3,4,7,9,1,8,11,5,,6,6,1,22,9,121.5358305,25.11235615
111,6,3,13,30,2,08士林區,士林區德行東路283巷與士東路266巷6弄口,0,0,2,2,C03,8,1,5,30,4,1,1,5,4,5,7,4,4,10,5,5,2,17,1,43,2,9,3,4,7,9,1,10,11,14,,14,6,1,22,9,121.5358305,25.11235615
111,6,3,13,30,2,08士林區,士林區德行東路283巷與士東路266巷6弄口,0,0,2,3,H02,8,1,5,30,4,1,1,5,4,5,7,4,4,10,5,5,2,17,1,15,2,9,3,5,7,20,8,20,10,16,,67,6,1,22,9,121.5358305,25.11235615
111,6,3,13,38,2,10文山區,文山區福和橋(機車道永和往台北),0,0,2,1,C03,7,1,5,40,8,11,1,5,4,5,7,4,4,9,4,1,2,12,1,19,2,9,1,1,7,9,1,10,2,11,,43,43,1,22,9,121.533797,25.009502
111,6,3,13,38,2,10文山區,文山區福和橋(機車道永和往台北),0,0,2,2,C03,7,1,5,40,8,11,1,5,4,5,7,4,4,9,4,1,2,12,1,49,3,10,1,1,7,9,1,10,2,14,,43,43,1,22,9,121.533797,25.009502
111,6,3,13,38,2,10文山區,文山區福和橋(機車道永和往台北),0,0,2,3,H02,7,1,5,40,8,11,1,5,4,5,7,4,4,9,4,1,2,12,2,16,2,7,1,1,7,20,8,20,10,15,,67,43,1,22,9,121.533797,25.009502
111,6,3,13,46,2,05中正區,中正區三元街與寧波西街口口,0,0,1,1,B01,8,1,5,50,4,1,1,5,4,5,7,1,1,1,4,4,1,16,1,53,3,10,1,1,7,9,1,4,2,8,,25,25,1,22,9,121.5113637,25.028011
111,6,3,13,46,2,05中正區,中正區三元街與寧波西街口口,0,0,1,2,C03,8,1,5,50,4,1,1,5,4,5,7,1,1,1,4,4,1,16,1,32,2,9,1,1,7,5,1,10,2,12,,44,25,1,22,9,121.5113637,25.028011
111,6,3,14,41,2,02萬華區,萬華區環河南路1段與內江街口,0,0,1,1,C03,8,1,5,50,3,1,1,5,4,5,7,2,1,10,5,5,1,15,1,19,2,9,1,4,7,11,1,10,1,12,,25,25,1,22,9,121.5000873,25.04188561
111,6,3,14,41,2,02萬華區,萬華區環河南路1段與內江街口,0,0,1,2,B12,8,1,5,50,3,1,1,5,4,5,7,2,1,10,5,5,1,15,1,23,3,10,1,4,7,9,1,8,1,4,,25,25,1,22,9,121.5000873,25.04188561
111,6,3,14,43,2,06松山區,松山區南京東路5段25號,0,0,1,1,B03,7,1,5,50,14,8,1,5,4,5,7,2,1,9,4,4,2,17,1,39,3,10,1,1,7,6,1,8,1,6,,6,6,1,22,9,121.558014,25.05161356
111,6,3,14,43,2,06松山區,松山區南京東路5段25號,0,0,1,2,C03,7,1,5,50,14,8,1,5,4,5,7,2,1,9,4,4,2,17,1,24,2,8,1,1,7,9,1,10,1,14,,23,6,1,22,9,121.558014,25.05161356
111,6,3,14,43,2,06松山區,松山區南京東路5段25號,0,0,1,3,B03,7,1,5,50,14,8,1,5,4,5,7,2,1,9,4,4,2,17,1,32,3,10,1,1,7,14,1,8,1,15,,38,6,1,22,9,121.558014,25.05161356
111,6,3,15,0,2,12內湖區,內湖區內湖路1段550號前,0,0,1,1,B03,7,1,5,50,15,9,1,5,4,5,7,2,1,1,4,5,2,16,1,42,3,10,3,4,7,6,1,8,2,5,,9,9,1,22,9,121.5767103,25.07898882
111,6,3,15,0,2,12內湖區,內湖區內湖路1段550號前,0,0,1,2,C03,7,1,5,50,15,9,1,5,4,5,7,2,1,1,4,5,2,16,2,63,2,9,1,1,7,9,1,10,2,14,,14,9,1,22,9,121.5767103,25.07898882
111,6,3,15,45,2,11南港區,南港區三重路41巷與三重路口,0,0,1,1,B03,8,1,5,50,3,1,1,5,4,5,7,4,4,5,4,5,2,16,1,47,3,10,3,4,7,11,1,8,1,8,,6,6,1,22,9,121.6142652,25.0599641
111,6,3,15,45,2,11南港區,南港區三重路41巷與三重路口,0,0,1,2,C03,8,1,5,50,3,1,1,5,4,5,7,4,4,5,4,5,2,16,1,24,2,9,1,1,7,11,1,10,1,11,,44,6,1,22,9,121.6142652,25.0599641