發生年度,發生月,發生日,發生時-Hours,發生分,處理別-編號,區序,肇事地點,死亡人數,2-30日死亡人數,受傷人數,當事人序號,車種,天候,光線,道路類別,速限-速度限制,道路型態,事故位置,路面狀況1,路面狀況2,路面狀況3,道路障礙1,道路障礙2,號誌1,號誌2,車道劃分-分向,車道劃分-分道1,車道劃分-分道2,車道劃分-分道3,事故類型及型態,性別,年齡,受傷程度,主要傷處,安全帽,行動電話,車輛用途,當事者行動狀態,駕駛資格情形,駕駛執照種類,飲酒情形,車輛撞擊部位1,車輛撞擊部位2,肇因碼-個別,肇因碼-主要,個人肇逃否,職業,旅次目的,座標-X,座標-Y
111,6,3,15,50,2,01大同區,大同區延平北路2段與延平北路2段61巷口,0,0,1,1,B01,7,1,5,50,4,1,1,5,4,5,7,2,1,5,4,5,2,11,1,63,3,10,3,4,7,5,1,4,1,5,,6,6,1,22,9,121.5116758,25.05545845
111,6,3,15,50,2,01大同區,大同區延平北路2段與延平北路2段61巷口,0,0,1,2,C03,7,1,5,50,4,1,1,5,4,5,7,2,1,5,4,5,2,11,1,24,2,9,1,4,7,9,1,10,1,11,,44,6,1,22,9,121.5116758,25.05545845
111,6,3,15,55,2,10文山區,文山區木柵路4段26號,0,0,1,1,C03,6,1,5,50,14,9,1,4,4,5,7,4,4,9,4,5,1,13,2,16,2,9,1,1,7,9,2,18,2,11,,23,23,1,22,9,121.573454,24.99714253
111,6,3,15,55,2,10文山區,文山區木柵路4段26號,0,0,1,2,B03,6,1,5,50,14,9,1,4,4,5,7,4,4,9,4,5,1,13,1,59,3,10,1,1,7,14,1,8,2,3,,44,23,1,22,9,121.573454,24.99714253
111,6,3,16,22,2,08士林區,士林區中正路116號,0,0,1,1,B03,8,1,5,40,14,8,1,5,4,5,7,4,4,1,4,4,2,16,2,39,3,10,1,1,7,6,1,8,1,2,,6,6,1,22,9,121.5291412,25.09609687
111,6,3,16,22,2,08士林區,士林區中正路116號,0,0,1,2,C03,8,1,5,40,14,8,1,5,4,5,7,4,4,1,4,4,2,16,1,38,2,7,1,1,7,9,1,9,1,14,,44,6,1,22,9,121.5291412,25.09609687
111,6,3,16,22,2,08士林區,士林區中正路116號,0,0,1,3,B03,8,1,5,40,14,8,1,5,4,5,7,4,4,1,4,4,2,16,2,49,3,10,3,1,7,13,1,8,1,8,,44,6,1,22,9,121.5291412,25.09609687
111,6,3,16,30,2,05中正區,中正區杭州南路1段101巷與仁愛路2段38巷口,0,0,1,1,B01,8,1,5,30,4,1,1,5,4,5,7,4,4,10,5,5,2,15,1,60,3,10,1,1,7,9,1,4,2,5,,6,6,1,22,9,121.52723,25.0373761
111,6,3,16,30,2,05中正區,中正區杭州南路1段101巷與仁愛路2段38巷口,0,0,1,2,C03,8,1,5,30,4,1,1,5,4,5,7,4,4,10,5,5,2,15,2,35,2,9,1,1,7,9,1,10,2,11,,23,6,1,22,9,121.52723,25.0373761
111,6,3,17,2,2,04大安區,大安區復興南路1段與忠孝東路4段口,0,0,1,1,C03,8,1,5,50,4,1,1,5,4,5,7,1,1,1,4,5,2,13,1,24,2,9,1,1,7,9,1,10,1,11,,16,16,1,22,9,121.5438795,25.0417262
111,6,3,17,2,2,04大安區,大安區復興南路1段與忠孝東路4段口,0,0,1,2,C03,8,1,5,50,4,1,1,5,4,5,7,1,1,1,4,5,2,13,1,53,3,10,1,1,7,8,1,10,1,13,,7,16,1,22,9,121.5438795,25.0417262
111,6,3,17,4,2,03中山區,中山區明水路往西北安國中前191號停車格,0,0,1,1,C03,8,1,5,50,14,9,1,5,4,5,7,4,4,3,4,5,2,13,1,43,2,7,1,1,7,9,6,10,1,11,12,16,16,1,22,9,121.5440879,25.07751847
111,6,3,17,4,2,03中山區,中山區明水路往西北安國中前191號停車格,0,0,1,2,C03,8,1,5,50,14,9,1,5,4,5,7,4,4,3,4,5,2,13,1,63,3,10,1,1,7,12,1,10,1,13,14,44,16,1,22,9,121.5440879,25.07751847
111,6,3,17,4,2,03中山區,中山區明水路往西北安國中前191號停車格,0,0,1,3,B03,8,1,5,50,14,9,1,5,4,5,7,4,4,3,4,5,2,13,1,47,3,10,1,1,7,13,1,8,1,8,,44,16,1,22,9,121.5440879,25.07751847
111,6,3,17,10,2,02萬華區,萬華區環河南路2段與雙園街口,0,0,1,1,B03,8,1,5,50,4,1,1,5,4,5,7,2,1,3,5,5,1,11,1,59,3,10,1,4,7,5,1,8,1,8,,6,6,1,22,9,121.4914542,25.03204817
111,6,3,17,10,2,02萬華區,萬華區環河南路2段與雙園街口,0,0,1,2,C03,8,1,5,50,4,1,1,5,4,5,7,2,1,3,5,5,1,11,1,25,2,9,1,4,7,9,1,10,1,11,,44,6,1,22,9,121.4914542,25.03204817
111,6,3,17,10,2,02萬華區,萬華區環河南路2段與雙園街口,0,0,1,3,B03,8,1,5,50,4,1,1,5,4,5,7,2,1,3,5,5,1,11,2,40,3,10,3,4,7,13,1,8,9,3,,44,6,1,22,9,121.4914542,25.03204817
111,6,3,17,45,2,07信義區,信義區莊敬路與吳興街156巷口,0,0,1,1,C03,7,1,5,50,4,2,1,5,4,5,7,1,1,9,2,5,2,17,1,21,2,9,3,4,7,5,1,10,1,11,,8,8,1,22,9,121.5622152,25.0295685
111,6,3,17,45,2,07信義區,信義區莊敬路與吳興街156巷口,0,0,1,2,B03,7,1,5,50,4,2,1,5,4,5,7,1,1,9,2,5,2,17,1,72,3,10,3,4,7,9,1,8,1,8,,23,8,1,22,9,121.5622152,25.0295685
111,6,3,17,50,2,03中山區,中山區松江路與南京東路2段口,0,0,1,1,B03,8,1,5,50,4,1,1,5,4,5,7,1,1,3,4,4,1,17,1,40,3,10,1,1,7,6,1,8,2,5,,9,9,1,22,9,121.5331343,25.05213341
111,6,3,17,50,2,03中山區,中山區松江路與南京東路2段口,0,0,1,2,C03,8,1,5,50,4,1,1,5,4,5,7,1,1,3,4,4,1,17,1,44,2,9,1,1,7,9,1,10,2,14,,13,9,1,22,9,121.5331343,25.05213341
111,6,3,17,51,2,03中山區,中山區復興北路與長安東路2段口,0,0,1,1,B03,7,1,5,50,4,1,1,5,4,5,7,1,1,1,4,5,2,12,2,51,3,10,1,1,7,6,1,8,1,2,,9,9,1,22,9,121.5438311,25.0483877
111,6,3,17,51,2,03中山區,中山區復興北路與長安東路2段口,0,0,1,2,C03,7,1,5,50,4,1,1,5,4,5,7,1,1,1,4,5,2,12,1,26,2,9,1,1,7,9,1,10,1,14,,44,9,1,22,9,121.5438311,25.0483877
111,6,3,17,57,2,08士林區,士林區至善路3段30號,0,0,1,1,B03,8,1,5,50,14,9,1,5,4,5,7,4,4,5,4,5,2,17,1,65,3,10,3,4,7,11,1,8,2,4,,10,10,1,22,9,121.5636487,25.11257475
111,6,3,17,57,2,08士林區,士林區至善路3段30號,0,0,1,2,C03,8,1,5,50,14,9,1,5,4,5,7,4,4,5,4,5,2,17,1,25,2,9,3,4,7,9,1,10,2,15,,44,10,1,22,9,121.5636487,25.11257475
111,6,3,21,25,2,03中山區,中山區中山北路1段與市民大道1段口西側迴轉道,0,0,1,1,B03,7,3,5,40,3,1,1,5,4,5,7,4,4,10,4,5,2,16,1,55,3,10,1,4,7,1,1,8,2,8,,19,19,1,22,9,121.5190235,25.04853508
111,6,3,21,25,2,03中山區,中山區中山北路1段與市民大道1段口西側迴轉道,0,0,1,2,C03,7,3,5,40,3,1,1,5,4,5,7,4,4,10,4,5,2,16,1,21,2,9,1,4,7,9,3,18,2,11,,44,19,1,22,9,121.5190235,25.04853508
111,6,3,21,25,2,03中山區,中山區中山北路1段與市民大道1段口西側迴轉道,0,0,1,3,B01,7,3,5,40,3,1,1,5,4,5,7,4,4,10,4,5,2,16,1,47,3,10,3,4,7,14,1,4,11,15,,42,19,1,10,9,121.5190235,25.04853508
111,6,3,21,51,2,09北投區,北投區公館路與磺港路口,0,0,1,1,C03,8,3,5,50,4,1,1,5,4,5,7,1,1,5,5,5,2,16,1,16,3,10,1,1,7,6,2,18,1,12,,6,6,1,22,9,121.5029464,25.12259977
111,6,3,21,51,2,09北投區,北投區公館路與磺港路口,0,0,1,2,C03,8,3,5,50,4,1,1,5,4,5,7,1,1,5,5,5,2,16,1,25,2,9,1,1,7,9,1,10,1,14,,44,6,1,22,9,121.5029464,25.12259977
111,6,3,22,20,2,03中山區,中山區民權東路1段與新生北路2段口,0,0,2,1,C03,8,3,5,50,4,2,1,5,4,5,7,1,1,9,4,5,2,13,1,17,2,9,1,1,7,9,2,18,1,11,,23,23,1,22,9,121.5275831,25.06258036
111,6,3,22,20,2,03中山區,中山區民權東路1段與新生北路2段口,0,0,2,2,C03,8,3,5,50,4,2,1,5,4,5,7,1,1,9,4,5,2,13,1,29,2,9,1,1,7,14,1,10,1,13,,44,23,1,22,9,121.5275831,25.06258036
111,6,3,22,23,2,08士林區,士林區中山北路5段378巷與中山北路5段口,0,0,1,1,B03,7,3,5,30,4,1,1,5,4,5,7,1,1,10,5,5,2,17,1,41,3,10,1,1,7,5,1,8,2,1,,43,43,1,22,9,121.5275266,25.09026418
111,6,3,22,23,2,08士林區,士林區中山北路5段378巷與中山北路5段口,0,0,1,2,C03,7,3,5,30,4,1,1,5,4,5,7,1,1,10,5,5,2,17,1,64,2,9,1,1,7,9,1,10,2,11,,43,43,1,22,9,121.5275266,25.09026418
111,6,3,23,24,2,08士林區,士林區重慶北路4段與通河西街2段口,0,0,1,1,C02,8,3,5,50,3,2,1,5,4,5,7,2,1,9,5,5,1,17,1,25,2,8,1,1,7,9,1,9,2,11,,25,25,1,22,9,121.5119506,25.08769535
111,6,3,23,24,2,08士林區,士林區重慶北路4段與通河西街2段口,0,0,1,2,B03,8,3,5,50,3,2,1,5,4,5,7,2,1,9,5,5,1,17,1,35,3,10,1,1,7,5,1,8,2,1,,44,25,1,22,9,121.5119506,25.08769535
111,6,4,0,42,2,06松山區,松山區八德路3段與延吉街口,0,0,2,1,B03,7,3,5,50,3,1,1,5,4,5,7,2,1,9,4,5,2,9,1,52,3,10,1,1,7,5,1,8,2,8,,15,15,1,22,9,121.5533327,25.04819545
111,6,4,0,42,2,06松山區,松山區八德路3段與延吉街口,0,0,2,2,H01,7,3,5,50,3,1,1,5,4,5,7,2,1,9,4,5,2,9,1,22,2,9,4,5,8,16,8,20,10,16,,67,15,1,22,9,121.5533327,25.04819545
111,6,4,0,42,2,06松山區,松山區八德路3段與延吉街口,0,0,2,3,H01,7,3,5,50,3,1,1,5,4,5,7,2,1,9,4,5,2,9,2,24,2,9,4,5,8,16,8,20,10,16,,67,15,1,22,9,121.5533327,25.04819545
111,6,4,1,22,2,01大同區,大同區承德路3段263號,0,0,1,1,C03,7,3,5,50,14,9,1,5,4,5,7,4,4,1,4,5,2,12,1,25,2,9,1,1,7,9,1,10,1,12,,23,23,1,22,9,121.5188193,25.07208864
111,6,4,1,22,2,01大同區,大同區承德路3段263號,0,0,1,2,B03,7,3,5,50,14,9,1,5,4,5,7,4,4,1,4,5,2,12,1,22,3,10,1,1,7,8,1,8,1,3,,7,23,1,22,9,121.5188193,25.07208864
111,6,4,4,34,2,02萬華區,萬華區堤外便道果菜市場疏散門,0,0,2,1,G06,8,2,8,30,15,22,1,5,4,5,7,4,4,10,5,5,2,13,1,38,2,8,4,4,7,9,7,19,1,15,,16,16,1,22,9,121.4994202,25.01660354
111,6,4,4,34,2,02萬華區,萬華區堤外便道果菜市場疏散門,0,0,2,2,C03,8,2,8,30,15,22,1,5,4,5,7,4,4,10,5,5,2,13,1,64,2,8,1,4,7,14,1,10,1,13,,44,16,1,22,9,121.4994202,25.01660354
111,6,4,4,50,2,03中山區,中山區德惠街與林森北路口,0,0,1,1,B01,8,3,5,50,4,1,1,5,4,5,7,2,1,10,5,5,2,16,1,48,3,10,1,1,7,5,1,4,2,8,,8,8,1,22,9,121.5257193,25.0667108
111,6,4,4,50,2,03中山區,中山區德惠街與林森北路口,0,0,1,2,F02,8,3,5,50,4,1,1,5,4,5,7,2,1,10,5,5,2,16,2,59,2,5,1,1,7,9,8,20,2,16,,44,8,1,22,9,121.5257193,25.0667108
111,6,4,5,40,2,12內湖區,內湖區瑞湖街與陽光街口,0,0,1,1,B03,8,1,5,50,4,1,1,4,4,5,7,3,1,5,4,5,1,15,1,27,3,10,1,1,7,9,1,8,2,5,,6,6,1,22,9,121.5761379,25.0728317
111,6,4,5,40,2,12內湖區,內湖區瑞湖街與陽光街口,0,0,1,2,C03,8,1,5,50,4,1,1,4,4,5,7,3,1,5,4,5,1,15,1,33,2,9,1,1,7,9,1,10,2,11,,13,6,1,22,9,121.5761379,25.0728317
111,6,4,6,35,2,05中正區,中正區汀州路3段與師大路口,0,0,1,1,C03,8,1,5,50,4,2,1,5,4,5,7,1,1,1,4,5,2,12,1,63,3,10,1,1,7,11,1,10,1,14,,25,25,1,22,9,121.5257622,25.0207149
111,6,4,6,35,2,05中正區,中正區汀州路3段與師大路口,0,0,1,2,C03,8,1,5,50,4,2,1,5,4,5,7,1,1,1,4,5,2,12,2,46,2,9,1,1,7,9,1,10,1,12,,25,25,1,22,9,121.5257622,25.0207149
111,6,4,6,54,2,04大安區,大安區基隆路3段155巷與基隆路3段口,0,0,2,1,C03,8,1,5,50,4,1,1,5,4,5,7,1,1,1,4,5,2,16,1,24,2,9,1,1,7,5,1,10,1,14,,6,6,1,22,9,121.5426113,25.015622
111,6,4,6,54,2,04大安區,大安區基隆路3段155巷與基隆路3段口,0,0,2,2,C03,8,1,5,50,4,1,1,5,4,5,7,1,1,1,4,5,2,16,2,29,2,9,1,1,7,9,1,10,1,11,,44,6,1,22,9,121.5426113,25.015622
111,6,4,8,54,2,03中山區,中山區濱江街180巷與濱江街口,0,0,2,1,B03,8,1,5,50,4,1,1,5,4,5,7,1,1,1,4,4,2,15,2,43,2,3,1,1,7,9,1,8,1,1,,25,25,1,22,9,121.5385991,25.0724346
111,6,4,8,54,2,03中山區,中山區濱江街180巷與濱江街口,0,0,2,2,B01,8,1,5,50,4,1,1,5,4,5,7,1,1,1,4,4,2,15,1,47,2,2,1,1,7,11,1,3,1,5,,44,25,1,22,9,121.5385991,25.0724346
111,6,4,8,59,2,02萬華區,萬華區堤外便道光復橋下自行車道,0,0,1,1,C03,8,1,7,30,14,9,1,5,4,5,7,4,4,9,5,5,2,16,1,53,3,10,1,1,7,5,1,10,1,13,,8,8,1,22,9,121.4903794,25.02405365
111,6,4,8,59,2,02萬華區,萬華區堤外便道光復橋下自行車道,0,0,1,2,F01,8,1,7,30,14,9,1,5,4,5,7,4,4,9,5,5,2,16,1,25,2,7,1,1,7,9,8,20,1,16,,44,8,1,22,9,121.4903794,25.02405365
111,6,4,9,45,2,10文山區,文山區景興路175號,0,0,1,1,B03,8,1,5,50,14,9,1,5,4,5,7,4,4,1,4,5,2,12,1,29,3,10,1,1,7,1,1,8,2,4,,19,19,1,22,9,121.54446,24.99308434
111,6,4,9,45,2,10文山區,文山區景興路175號,0,0,1,2,C03,8,1,5,50,14,9,1,5,4,5,7,4,4,1,4,5,2,12,1,73,2,9,1,1,7,9,1,10,2,12,,23,19,1,22,9,121.54446,24.99308434
111,6,4,10,12,2,07信義區,信義區基隆路1段與松高路口,0,0,2,1,C04,8,1,5,50,4,1,1,5,4,5,7,1,1,3,4,5,2,16,2,29,2,9,1,1,7,5,1,10,1,14,,8,8,1,22,9,121.563635,25.0391819
111,6,4,10,12,2,07信義區,信義區基隆路1段與松高路口,0,0,2,2,B02,8,1,5,50,4,1,1,5,4,5,7,1,1,3,4,5,2,16,1,55,3,10,1,1,7,9,1,8,1,2,,26,8,1,22,9,121.563635,25.0391819
111,6,4,10,12,2,07信義區,信義區基隆路1段與松高路口,0,0,2,3,H02,8,1,5,50,4,1,1,5,4,5,7,1,1,3,4,5,2,16,2,29,2,9,1,5,7,20,8,20,10,16,,67,8,1,22,9,121.563635,25.0391819
111,6,4,10,50,2,04大安區,大安區信義路3段33號對面,0,0,1,1,C03,8,1,5,50,14,9,1,5,4,5,7,4,4,8,3,4,1,12,1,45,2,9,1,1,7,9,1,10,1,11,,23,23,1,22,9,121.5347088,25.03343217
111,6,4,10,50,2,04大安區,大安區信義路3段33號對面,0,0,1,2,B03,8,1,5,50,14,9,1,5,4,5,7,4,4,8,3,4,1,12,1,23,3,10,1,1,7,14,1,8,1,7,,38,23,1,22,9,121.5347088,25.03343217
111,6,4,10,54,2,07信義區,信義區永吉路30巷與永吉路口,0,0,1,1,B03,8,1,5,40,4,1,1,5,4,5,7,1,1,1,3,4,2,15,2,32,3,10,1,1,7,9,1,8,1,2,,25,25,1,22,9,121.5688534,25.04564774
111,6,4,10,54,2,07信義區,信義區永吉路30巷與永吉路口,0,0,1,2,C03,8,1,5,40,4,1,1,5,4,5,7,1,1,1,3,4,2,15,1,41,2,9,1,1,7,9,1,10,1,11,,44,25,1,22,9,121.5688534,25.04564774
111,6,4,11,10,2,06松山區,松山區八德路4段245巷13弄與八德路4段245巷口,0,0,2,1,C03,8,1,5,30,3,1,1,5,4,5,7,4,4,10,5,5,2,16,2,48,2,9,1,1,7,5,1,10,1,12,,6,6,1,22,9,121.5647707,25.0493195
111,6,4,11,10,2,06松山區,松山區八德路4段245巷13弄與八德路4段245巷口,0,0,2,2,C03,8,1,5,30,3,1,1,5,4,5,7,4,4,10,5,5,2,16,2,38,2,9,1,1,7,9,1,10,1,11,,23,6,1,22,9,121.5647707,25.0493195
111,6,4,11,10,2,09北投區,北投區中興路與竹子湖路口,0,0,1,1,B12,8,1,5,40,3,2,1,5,4,5,7,4,4,4,1,5,1,16,1,60,3,10,1,1,7,6,1,8,1,5,,9,9,1,22,9,121.5447942,25.16311418
111,6,4,11,10,2,09北投區,北投區中興路與竹子湖路口,0,0,1,2,F01,8,1,5,40,3,2,1,5,4,5,7,4,4,4,1,5,1,16,1,34,2,9,1,1,7,9,8,20,1,16,,44,9,1,22,9,121.5447942,25.16311418
111,6,4,11,40,2,08士林區,士林區中山北路6段與德行東路口,0,0,1,1,B03,7,1,5,50,4,1,1,5,4,5,7,1,1,5,5,5,2,17,1,21,3,10,1,1,7,9,1,10,1,1,,23,23,1,22,9,121.5249495,25.10648919
111,6,4,11,40,2,08士林區,士林區中山北路6段與德行東路口,0,0,1,2,C03,7,1,5,50,4,1,1,5,4,5,7,1,1,5,5,5,2,17,1,37,2,7,1,1,7,5,1,10,1,13,,8,23,1,22,9,121.5249495,25.10648919
111,6,4,11,40,2,07信義區,信義區信安街67巷85號口側附近停車場出入口,0,0,1,1,B03,8,1,5,50,14,9,1,5,4,5,7,4,4,9,4,5,2,17,2,40,3,10,1,1,7,1,1,8,1,5,,19,19,1,22,9,121.5602396,25.02592026
111,6,4,11,40,2,07信義區,信義區信安街67巷85號口側附近停車場出入口,0,0,1,2,C03,8,1,5,50,14,9,1,5,4,5,7,4,4,9,4,5,2,17,2,30,2,9,1,1,7,9,1,10,1,14,,44,19,1,22,9,121.5602396,25.02592026
111,6,4,11,57,2,12內湖區,內湖區行善路25巷與行善路口,0,0,1,1,C03,8,1,5,50,3,1,1,5,4,5,7,4,4,9,5,5,2,16,1,45,3,10,1,1,7,5,1,10,1,11,,44,44,1,22,9,121.5768234,25.05723036
111,6,4,11,57,2,12內湖區,內湖區行善路25巷與行善路口,0,0,1,2,C03,8,1,5,50,3,1,1,5,4,5,7,4,4,9,5,5,2,16,2,51,2,9,1,1,7,4,1,10,1,12,,1,44,1,22,9,121.5768234,25.05723036
111,6,4,12,3,2,02萬華區,萬華區雙園街與雙園街18巷口,0,0,1,1,C03,8,1,5,30,4,1,1,5,4,5,7,4,4,5,5,5,2,15,1,64,3,10,1,1,7,9,1,10,1,12,,6,6,1,22,9,121.4947697,25.02932671
111,6,4,12,3,2,02萬華區,萬華區雙園街與雙園街18巷口,0,0,1,2,C03,8,1,5,30,4,1,1,5,4,5,7,4,4,5,5,5,2,15,1,81,2,9,1,1,7,9,1,10,1,11,,44,6,1,22,9,121.4947697,25.02932671
111,6,4,12,3,2,02萬華區,萬華區雙園街與雙園街18巷口,0,0,1,3,C03,8,1,5,30,4,1,1,5,4,5,7,4,4,5,5,5,2,15,2,47,3,10,1,1,7,13,1,10,9,14,,38,6,1,22,9,121.4947697,25.02932671
111,6,4,12,3,2,02萬華區,萬華區雙園街與雙園街18巷口,0,0,1,4,B03,8,1,5,30,4,1,1,5,4,5,7,4,4,5,5,5,2,15,2,47,3,10,1,1,7,15,1,8,9,3,,38,6,1,22,9,121.4947697,25.02932671
111,6,4,12,4,2,01大同區,大同區民權西路245巷31號,0,0,1,1,C03,8,1,5,30,14,9,1,5,4,5,7,4,4,9,5,5,2,18,1,78,2,9,1,4,7,9,6,18,7,14,,21,21,1,22,9,121.5103095,25.0638745
111,6,4,12,4,2,01大同區,大同區民權西路245巷31號,0,0,1,2,,8,1,5,30,14,9,1,5,4,5,7,4,4,9,5,5,2,18,3,,,,,,,,,,,,,67,21,1,,,121.5103095,25.0638745
111,6,4,12,30,2,08士林區,士林區仰德大道3段250巷與仰德大道3段口,0,0,1,1,B03,7,1,5,40,3,2,1,5,4,5,7,1,1,5,5,5,1,13,4,,4,11,3,4,7,15,7,19,11,15,,43,43,2,22,9,121.5497702,25.1256917
111,6,4,12,30,2,08士林區,士林區仰德大道3段250巷與仰德大道3段口,0,0,1,2,C03,7,1,5,40,3,2,1,5,4,5,7,1,1,5,5,5,1,13,1,30,2,7,1,1,7,9,1,10,1,11,,23,43,1,22,9,121.5497702,25.1256917
111,6,4,12,30,2,08士林區,士林區仰德大道3段250巷與仰德大道3段口,0,0,1,3,C03,7,1,5,40,3,2,1,5,4,5,7,1,1,5,5,5,1,13,1,30,3,10,1,1,7,9,1,10,1,13,,44,43,1,22,9,121.5497702,25.1256917
111,6,4,12,40,2,05中正區,中正區廣州街8巷與延平南路163巷口口,0,0,1,1,C04,8,1,5,30,3,1,1,5,4,5,7,4,4,10,5,5,2,16,1,58,2,9,1,1,7,5,1,10,1,12,,8,8,1,22,9,121.5082751,25.03500279
111,6,4,12,40,2,05中正區,中正區廣州街8巷與延平南路163巷口口,0,0,1,2,B03,8,1,5,30,3,1,1,5,4,5,7,4,4,10,5,5,2,16,2,40,3,10,1,1,7,9,1,8,1,5,,14,8,1,22,9,121.5082751,25.03500279
111,6,4,12,40,2,05中正區,中正區廣州街8巷與延平南路163巷口口,0,0,1,3,B03,8,1,5,30,3,1,1,5,4,5,7,4,4,10,5,5,2,16,1,63,3,10,1,1,7,14,1,8,1,15,,38,8,1,22,9,121.5082751,25.03500279
111,6,4,12,49,2,08士林區,士林區中山北路4段劍潭公車亭,0,0,2,1,C03,8,1,5,50,11,9,1,5,4,5,7,4,4,2,4,5,2,13,1,39,2,8,1,1,7,9,1,9,1,11,,16,16,1,22,9,121.524348,25.08069547
111,6,4,12,49,2,08士林區,士林區中山北路4段劍潭公車亭,0,0,2,2,C03,8,1,5,50,11,9,1,5,4,5,7,4,4,2,4,5,2,13,1,43,2,9,1,1,7,9,1,10,1,13,,44,16,1,22,9,121.524348,25.08069547
111,6,4,12,57,2,07信義區,信義區松仁路與松仁路228巷口,0,0,2,1,C03,8,1,5,30,4,1,1,5,4,5,7,3,1,5,5,5,2,15,1,62,2,9,3,4,7,9,1,10,1,12,,6,6,1,22,9,121.5691217,25.02543876
111,6,4,12,57,2,07信義區,信義區松仁路與松仁路228巷口,0,0,2,2,C03,8,1,5,30,4,1,1,5,4,5,7,3,1,5,5,5,2,15,1,24,2,9,3,4,7,9,1,10,1,11,,14,6,1,22,9,121.5691217,25.02543876
111,6,4,13,3,2,08士林區,士林區中正路212巷與中正路223巷口口,0,0,1,1,B03,8,1,5,50,4,1,1,5,4,5,7,2,1,3,4,5,2,16,1,62,3,10,1,1,7,5,1,8,1,8,,8,8,1,22,9,121.5263344,25.09544493
111,6,4,13,3,2,08士林區,士林區中正路212巷與中正路223巷口口,0,0,1,2,C03,8,1,5,50,4,1,1,5,4,5,7,2,1,3,4,5,2,16,1,43,2,8,1,1,7,9,1,10,1,14,,14,8,1,22,9,121.5263344,25.09544493
111,6,4,13,10,2,07信義區,信義區莊敬路423巷8弄16號,0,0,1,1,B03,8,1,5,50,14,9,1,5,4,5,7,4,4,4,1,5,2,12,1,43,3,10,1,1,7,1,1,8,1,8,,19,19,1,22,9,121.5676116,25.02855769
111,6,4,13,10,2,07信義區,信義區莊敬路423巷8弄16號,0,0,1,2,C04,8,1,5,50,14,9,1,5,4,5,7,4,4,4,1,5,2,12,2,32,2,9,1,1,7,9,1,10,1,12,,13,19,1,22,9,121.5676116,25.02855769
111,6,4,13,20,2,06松山區,松山區延壽街與延壽街356巷口,0,0,1,1,B03,8,1,5,30,3,1,1,5,4,5,7,4,4,5,5,5,2,16,1,36,3,10,1,1,7,5,1,15,1,4,,6,6,1,22,9,121.5589163,25.05649504
111,6,4,13,20,2,06松山區,松山區延壽街與延壽街356巷口,0,0,1,2,C03,8,1,5,30,3,1,1,5,4,5,7,4,4,5,5,5,2,16,1,22,2,8,1,1,7,9,1,10,1,11,,44,6,1,22,9,121.5589163,25.05649504
111,6,4,13,35,2,01大同區,大同區承德路3段與昌吉街口,0,0,1,1,B03,8,1,5,50,4,1,1,5,4,5,7,1,1,1,4,5,2,16,1,52,3,10,1,1,7,5,1,8,1,5,,6,6,1,22,9,121.5182327,25.06585224
111,6,4,13,35,2,01大同區,大同區承德路3段與昌吉街口,0,0,1,2,C03,8,1,5,50,4,1,1,5,4,5,7,1,1,1,4,5,2,16,1,32,2,9,1,1,7,9,1,10,1,11,,23,6,1,22,9,121.5182327,25.06585224
111,6,4,13,45,2,10文山區,文山區木新路3段與寶橋口,0,0,1,1,C03,7,1,5,50,5,1,1,5,4,5,7,1,1,1,4,5,1,16,2,26,3,10,1,1,7,5,1,10,1,11,,25,25,1,21,8,121.5540676,24.9800517
111,6,4,13,45,2,10文山區,文山區木新路3段與寶橋口,0,0,1,2,C03,7,1,5,50,5,1,1,5,4,5,7,1,1,1,4,5,1,16,2,44,2,9,1,1,7,9,1,10,1,11,,44,25,1,22,9,121.5540676,24.9800517
111,6,4,13,50,2,09北投區,北投區承德路7段97號,0,0,1,1,B03,8,1,5,60,14,9,1,5,4,5,7,4,4,1,4,5,1,12,2,54,3,10,1,1,7,6,1,8,1,2,,9,9,1,22,9,121.5097814,25.11183293
111,6,4,13,50,2,09北投區,北投區承德路7段97號,0,0,1,2,C03,8,1,5,60,14,9,1,5,4,5,7,4,4,1,4,5,1,12,1,41,2,7,1,1,7,9,1,10,1,14,,23,9,1,22,9,121.5097814,25.11183293
111,6,4,13,55,2,03中山區,中山區民權東路3段與合江街口,0,0,1,1,B03,8,1,5,50,14,9,1,5,4,5,7,4,4,3,4,5,2,17,1,74,3,10,1,1,7,6,1,8,11,6,,9,9,1,22,9,121.5391727,25.06225196
111,6,4,13,55,2,03中山區,中山區民權東路3段與合江街口,0,0,1,2,C03,8,1,5,50,14,9,1,5,4,5,7,4,4,3,4,5,2,17,1,18,2,9,1,1,7,9,1,10,11,12,,14,9,1,22,9,121.5391727,25.06225196
111,6,4,14,2,2,08士林區,士林區中山北路5段與中正路口,0,0,3,1,C03,8,1,5,50,4,1,1,5,4,5,7,1,1,1,5,5,1,16,1,59,2,8,1,1,7,9,1,10,2,12,,25,25,1,22,9,121.527792,25.09578988
111,6,4,14,2,2,08士林區,士林區中山北路5段與中正路口,0,0,3,2,C03,8,1,5,50,4,1,1,5,4,5,7,1,1,1,5,5,1,16,1,22,2,7,1,1,7,9,1,10,2,11,,44,25,1,22,9,121.527792,25.09578988
111,6,4,14,2,2,08士林區,士林區中山北路5段與中正路口,0,0,3,3,H02,8,1,5,50,4,1,1,5,4,5,7,1,1,1,5,5,1,16,2,21,2,7,4,5,7,20,8,20,10,16,,67,25,1,22,9,121.527792,25.09578988
111,6,4,14,10,2,08士林區,士林區凱旋路33號,0,0,1,1,C03,8,1,5,30,11,9,1,5,4,5,7,4,4,10,5,5,2,17,1,21,2,9,1,1,7,9,1,10,9,15,,13,13,1,22,9,121.5442613,25.13614233