發生年度,發生月,發生日,發生時-Hours,發生分,處理別-編號,區序,肇事地點,死亡人數,2-30日死亡人數,受傷人數,當事人序號,車種,天候,光線,道路類別,速限-速度限制,道路型態,事故位置,路面狀況1,路面狀況2,路面狀況3,道路障礙1,道路障礙2,號誌1,號誌2,車道劃分-分向,車道劃分-分道1,車道劃分-分道2,車道劃分-分道3,事故類型及型態,性別,年齡,受傷程度,主要傷處,安全帽,行動電話,車輛用途,當事者行動狀態,駕駛資格情形,駕駛執照種類,飲酒情形,車輛撞擊部位1,車輛撞擊部位2,肇因碼-個別,肇因碼-主要,個人肇逃否,職業,旅次目的,座標-X,座標-Y
111,6,4,14,10,2,08士林區,士林區凱旋路33號,0,0,1,2,C03,8,1,5,30,11,9,1,5,4,5,7,4,4,10,5,5,2,17,2,20,3,10,1,1,7,13,1,10,9,13,,44,13,1,22,9,121.5442613,25.13614233
111,6,4,14,10,2,08士林區,士林區凱旋路33號,0,0,1,3,C03,8,1,5,30,11,9,1,5,4,5,7,4,4,10,5,5,2,17,1,20,3,10,1,1,7,13,1,10,9,12,,44,13,1,22,9,121.5442613,25.13614233
111,6,4,14,10,2,08士林區,士林區凱旋路33號,0,0,1,4,C03,8,1,5,30,11,9,1,5,4,5,7,4,4,10,5,5,2,17,1,23,3,10,1,1,7,13,1,10,9,12,,44,13,1,22,9,121.5442613,25.13614233
111,6,4,14,10,2,08士林區,士林區凱旋路33號,0,0,1,5,B03,8,1,5,30,11,9,1,5,4,5,7,4,4,10,5,5,2,17,1,48,3,10,1,1,7,9,1,8,9,15,,44,13,1,22,9,121.5442613,25.13614233
111,6,4,14,28,2,09北投區,北投區大度路3段與中央北路4段口,0,0,1,1,B03,8,1,5,50,4,2,1,5,4,5,7,2,1,1,4,5,1,12,1,31,3,10,1,1,7,6,1,8,1,6,,6,6,1,22,9,121.4644672,25.12386321
111,6,4,14,28,2,09北投區,北投區大度路3段與中央北路4段口,0,0,1,2,C03,8,1,5,50,4,2,1,5,4,5,7,2,1,1,4,5,1,12,1,28,2,8,1,1,7,9,1,10,1,12,,13,6,1,22,9,121.4644672,25.12386321
111,6,4,14,28,2,09北投區,北投區大度路3段與中央北路4段口,0,0,1,3,B01,8,1,5,50,4,2,1,5,4,5,7,2,1,1,4,5,1,12,3,,,,,,,,,,,,,67,6,1,,,121.4644672,25.12386321
111,6,4,14,57,2,04大安區,大安區信義路2段198巷與永康街23巷口,0,0,2,1,B12,8,1,5,30,4,1,1,5,4,5,7,4,4,10,5,5,1,17,1,51,3,10,3,4,7,21,1,8,2,15,,6,6,1,22,9,121.5316471,25.0320003
111,6,4,14,57,2,04大安區,大安區信義路2段198巷與永康街23巷口,0,0,2,2,C03,8,1,5,30,4,1,1,5,4,5,7,4,4,10,5,5,1,17,2,39,2,9,3,4,7,21,1,10,2,15,,23,6,1,22,9,121.5316471,25.0320003
111,6,4,14,57,2,04大安區,大安區信義路2段198巷與永康街23巷口,0,0,2,3,H02,8,1,5,30,4,1,1,5,4,5,7,4,4,10,5,5,1,17,2,2,2,9,3,4,7,21,8,20,10,15,,67,6,1,22,9,121.5316471,25.0320003
111,6,4,15,47,2,04大安區,大安區金華街與麗水街口,0,0,1,1,B01,8,1,5,50,4,1,1,5,4,5,7,2,1,5,5,5,2,15,1,69,3,10,1,1,7,9,1,4,1,2,,25,25,1,22,9,121.5285366,25.0298649
111,6,4,15,47,2,04大安區,大安區金華街與麗水街口,0,0,1,2,C03,8,1,5,50,4,1,1,5,4,5,7,2,1,5,5,5,2,15,1,27,2,9,1,1,7,9,1,10,1,11,,44,25,1,22,9,121.5285366,25.0298649
111,6,4,16,5,2,03中山區,中山區中山北路4段與圓山涵洞口上新生高架處,0,0,1,1,E01,8,1,5,50,4,1,1,5,4,5,7,1,1,10,4,5,2,15,1,26,3,10,1,1,7,9,1,8,2,4,,44,44,1,22,9,121.5250081,25.0768802
111,6,4,16,5,2,03中山區,中山區中山北路4段與圓山涵洞口上新生高架處,0,0,1,2,B03,8,1,5,50,4,1,1,5,4,5,7,1,1,10,4,5,2,15,1,36,3,10,1,1,7,9,1,8,2,1,,6,44,1,22,9,121.5250081,25.0768802
111,6,4,16,5,2,03中山區,中山區中山北路4段與圓山涵洞口上新生高架處,0,0,1,3,H02,8,1,5,50,4,1,1,5,4,5,7,1,1,10,4,5,2,15,1,49,2,1,4,5,7,20,8,20,10,16,,67,44,1,22,9,121.5250081,25.0768802
111,6,4,16,41,2,04大安區,大安區忠孝東路4段與忠孝東路4段77巷口,0,0,1,1,C03,8,1,5,50,4,2,1,5,4,5,7,2,1,1,4,5,2,17,1,18,2,9,1,4,7,15,1,10,1,11,,23,23,1,22,9,121.5471209,25.04164869
111,6,4,16,41,2,04大安區,大安區忠孝東路4段與忠孝東路4段77巷口,0,0,1,2,B01,8,1,5,50,4,2,1,5,4,5,7,2,1,1,4,5,2,17,1,50,3,10,3,4,7,14,1,4,1,7,,38,23,1,22,9,121.5471209,25.04164869
111,6,4,17,4,2,09北投區,北投區大業路與大興街口,0,0,1,1,C03,8,1,5,50,3,1,1,5,4,5,7,2,1,1,4,5,1,12,1,67,2,9,1,1,7,5,5,18,1,13,,26,26,1,22,9,121.4970319,25.1296077
111,6,4,17,4,2,09北投區,北投區大業路與大興街口,0,0,1,2,B03,8,1,5,50,3,1,1,5,4,5,7,2,1,1,4,5,1,12,2,64,3,10,1,1,7,9,1,8,1,1,,23,26,1,22,9,121.4970319,25.1296077
111,6,4,17,4,2,09北投區,北投區大業路與大興街口,0,0,1,3,B02,8,1,5,50,3,1,1,5,4,5,7,2,1,1,4,5,1,12,2,26,3,10,1,1,7,14,1,8,1,1,,44,26,1,22,9,121.4970319,25.1296077
111,6,4,17,5,2,10文山區,文山區興隆路2段與興隆路2段244巷口,0,0,1,1,B03,8,1,5,50,3,1,1,5,4,5,7,4,4,1,4,5,2,16,1,43,3,10,1,1,7,5,1,8,1,1,,6,6,1,22,9,121.5538499,25.00108101
111,6,4,17,5,2,10文山區,文山區興隆路2段與興隆路2段244巷口,0,0,1,2,C03,8,1,5,50,3,1,1,5,4,5,7,4,4,1,4,5,2,16,2,21,2,9,1,1,7,9,1,10,1,12,,44,6,1,22,9,121.5538499,25.00108101
111,6,4,18,10,1,04大安區,大安區忠孝東路4段與忠孝東路4段77巷口,1,0,0,1,C03,8,1,5,50,4,1,1,5,4,5,7,2,1,3,4,5,2,13,1,55,1,9,1,1,7,9,1,10,2,11,,23,23,1,22,9,121.5471922,25.04161534
111,6,4,18,10,1,04大安區,大安區忠孝東路4段與忠孝東路4段77巷口,1,0,0,2,B03,8,1,5,50,4,1,1,5,4,5,7,2,1,3,4,5,2,13,1,28,3,10,3,4,7,5,1,8,2,6,,26,23,1,22,9,121.5471922,25.04161534
111,6,4,18,10,1,04大安區,大安區忠孝東路4段與忠孝東路4段77巷口,1,0,0,3,B03,8,1,5,50,4,1,1,5,4,5,7,2,1,3,4,5,2,13,2,34,3,10,3,4,7,9,1,8,2,4,,44,23,1,22,9,121.5471922,25.04161534
111,6,4,18,51,2,02萬華區,萬華區康定路(西門町派出所前),0,0,1,1,A02,7,3,5,50,14,9,1,5,4,5,7,4,4,9,4,5,2,9,1,59,3,10,1,1,7,1,1,1,2,2,,36,36,1,22,9,121.5031275,25.04512031
111,6,4,18,51,2,02萬華區,萬華區康定路(西門町派出所前),0,0,1,2,H02,7,3,5,50,14,9,1,5,4,5,7,4,4,9,4,5,2,9,1,66,2,9,1,1,7,19,8,20,2,16,,67,36,1,22,9,121.5031275,25.04512031
111,6,4,18,53,2,05中正區,中正區中山北路1段與北平東路口口,0,0,1,1,C03,8,3,5,50,4,1,1,5,4,5,7,1,1,3,4,5,2,17,1,40,2,9,1,1,7,9,1,10,2,11,,16,16,1,22,9,121.5204589,25.04719327
111,6,4,18,53,2,05中正區,中正區中山北路1段與北平東路口口,0,0,1,2,C03,8,3,5,50,4,1,1,5,4,5,7,1,1,3,4,5,2,17,1,23,3,10,1,1,7,9,1,10,2,13,,44,16,1,22,9,121.5204589,25.04719327
111,6,4,18,53,2,05中正區,中正區中山北路1段與北平東路口口,0,0,1,3,E01,8,3,5,50,4,1,1,5,4,5,7,1,1,3,4,5,2,17,1,41,3,10,1,1,7,6,1,8,2,15,,44,16,1,22,9,121.5204589,25.04719327
111,6,4,19,20,2,12內湖區,內湖區成功路3段南往北,0,0,1,1,C04,8,3,5,50,14,9,1,5,4,5,7,4,4,1,4,5,2,13,2,19,2,9,1,1,7,9,1,10,1,11,,23,23,1,22,9,121.5902198,25.07665407
111,6,4,19,20,2,12內湖區,內湖區成功路3段南往北,0,0,1,2,C03,8,3,5,50,14,9,1,5,4,5,7,4,4,1,4,5,2,13,1,33,3,10,1,1,7,9,1,10,1,14,,44,23,1,22,9,121.5902198,25.07665407
111,6,4,19,28,2,12內湖區,內湖區港墘路與瑞光路口,0,0,1,1,B03,8,3,5,50,4,2,1,5,4,5,7,1,1,1,4,5,2,12,1,34,3,10,1,1,7,6,1,8,1,6,,9,9,1,22,9,121.5749792,25.07630873
111,6,4,19,28,2,12內湖區,內湖區港墘路與瑞光路口,0,0,1,2,C03,8,3,5,50,4,2,1,5,4,5,7,1,1,1,4,5,2,12,1,48,2,9,1,1,7,9,1,10,1,11,,44,9,1,22,9,121.5749792,25.07630873
111,6,4,19,35,2,10文山區,文山區景興路202巷10號,0,0,2,3,H02,8,3,5,50,14,9,1,5,4,5,7,4,4,5,5,5,2,17,1,12,2,7,1,1,7,21,8,20,11,15,,67,26,1,22,9,121.5432678,24.99198866
111,6,4,19,35,2,10文山區,文山區景興路202巷10號,0,0,2,4,C04,8,3,5,50,14,9,1,5,4,5,7,4,4,5,5,5,2,17,2,35,3,10,3,4,7,15,7,19,11,14,,44,26,1,22,9,121.5432678,24.99198866
111,6,4,19,35,2,10文山區,文山區景興路202巷10號,0,0,2,1,F01,8,3,5,50,14,9,1,5,4,5,7,4,4,5,5,5,2,17,1,12,3,10,1,1,7,5,8,20,2,16,,26,26,1,22,9,121.5432678,24.99198866
111,6,4,19,35,2,10文山區,文山區景興路202巷10號,0,0,2,2,C03,8,3,5,50,14,9,1,5,4,5,7,4,4,5,5,5,2,17,2,48,2,9,1,1,7,9,1,10,2,12,,4,26,1,22,9,121.5432678,24.99198866
111,6,4,20,30,2,03中山區,中山區大直街20巷與大直街口,0,0,1,1,B02,8,3,5,30,4,1,1,5,4,5,7,4,4,10,5,5,2,16,1,68,3,10,1,1,7,5,1,8,1,8,,6,6,1,22,9,121.5463937,25.08135578
111,6,4,20,30,2,03中山區,中山區大直街20巷與大直街口,0,0,1,2,C03,8,3,5,30,4,1,1,5,4,5,7,4,4,10,5,5,2,16,2,56,2,9,1,1,7,9,1,10,1,12,,44,6,1,22,9,121.5463937,25.08135578
111,6,4,20,31,2,03中山區,中山區建國北路1段23巷與八德路2段167巷口,0,0,1,1,B03,8,3,5,30,4,1,1,5,4,5,7,4,4,10,5,5,2,16,1,67,3,10,3,4,7,9,1,8,1,2,,6,6,1,22,9,121.5379793,25.04733776
111,6,4,20,31,2,03中山區,中山區建國北路1段23巷與八德路2段167巷口,0,0,1,2,C03,8,3,5,30,4,1,1,5,4,5,7,4,4,10,5,5,2,16,1,25,2,9,3,4,7,9,1,10,1,11,,13,6,1,22,9,121.5379793,25.04733776
111,6,4,21,54,2,08士林區,士林區至誠路2段與至誠路2段60巷口,0,0,1,2,C03,8,3,5,40,3,2,1,5,4,5,7,4,4,9,5,5,1,17,1,36,2,5,1,1,7,9,1,10,2,11,,13,6,1,22,9,121.5285604,25.10167862
111,6,4,21,54,2,08士林區,士林區至誠路2段與至誠路2段60巷口,0,0,1,1,B01,8,3,5,40,3,2,1,5,4,5,7,4,4,9,5,5,1,17,1,47,3,10,1,1,7,5,1,4,2,5,,6,6,1,22,9,121.5285604,25.10167862
111,6,4,23,43,2,01大同區,大同區民生西路與寧夏路口,0,0,1,1,B02,8,3,5,50,4,1,1,5,4,5,7,2,1,4,4,5,2,16,1,29,3,10,3,4,7,5,1,8,1,6,,8,8,1,22,9,121.5155229,25.05705082
111,6,4,23,43,2,01大同區,大同區民生西路與寧夏路口,0,0,1,2,C03,8,3,5,50,4,1,1,5,4,5,7,2,1,4,4,5,2,16,2,30,2,9,3,4,7,9,1,10,1,11,,44,8,1,22,9,121.5155229,25.05705082
111,6,5,0,26,2,02萬華區,萬華區萬大路與萬大路186巷口,0,0,1,1,C04,8,3,5,30,4,1,2,5,4,5,7,1,1,1,5,5,2,12,1,65,2,9,1,1,7,1,1,10,2,14,,19,19,1,22,9,121.5005157,25.02789413
111,6,5,0,26,2,02萬華區,萬華區萬大路與萬大路186巷口,0,0,1,2,B03,8,3,5,30,4,1,2,5,4,5,7,1,1,1,5,5,2,12,1,57,3,10,1,1,7,9,1,8,2,5,,23,19,1,22,9,121.5005157,25.02789413
111,6,5,0,44,2,01大同區,大同區民生西路與寧夏路口,0,0,2,1,B01,8,3,5,50,4,2,1,5,4,5,7,2,1,5,4,5,2,12,1,64,3,10,3,4,7,5,1,4,2,4,,8,8,1,22,9,121.5155442,25.0570371
111,6,5,0,44,2,01大同區,大同區民生西路與寧夏路口,0,0,2,2,C03,8,3,5,50,4,2,1,5,4,5,7,2,1,5,4,5,2,12,2,19,2,9,3,4,7,9,1,10,2,11,,16,8,1,22,9,121.5155442,25.0570371
111,6,5,0,44,2,01大同區,大同區民生西路與寧夏路口,0,0,2,3,H02,8,3,5,50,4,2,1,5,4,5,7,2,1,5,4,5,2,12,2,20,2,9,3,4,7,20,8,20,10,16,,67,8,1,22,9,121.5155442,25.0570371
111,6,5,1,43,2,07信義區,信義區永吉路30巷與永吉路30巷158弄口,0,0,2,1,C03,8,3,5,30,4,2,1,5,4,5,7,4,4,9,4,5,2,15,1,25,2,9,1,1,7,9,1,10,2,11,,6,6,1,22,9,121.568749,25.0422834
111,6,5,1,43,2,07信義區,信義區永吉路30巷與永吉路30巷158弄口,0,0,2,2,B03,8,3,5,30,4,2,1,5,4,5,7,4,4,9,4,5,2,15,1,30,2,1,1,1,7,9,1,8,2,4,,14,6,1,22,9,121.568749,25.0422834
111,6,5,2,9,2,08士林區,士林區中山北路4段與通河街口,0,0,3,1,C03,8,3,5,0,4,1,1,5,4,5,7,1,1,1,4,5,2,17,2,34,2,8,1,1,7,5,6,10,1,12,,25,25,1,22,9,121.524311,25.07981126
111,6,5,2,9,2,08士林區,士林區中山北路4段與通河街口,0,0,3,2,C03,8,3,5,0,4,1,1,5,4,5,7,1,1,1,4,5,2,17,1,18,2,8,1,1,7,9,1,10,1,11,,13,25,1,22,9,121.524311,25.07981126
111,6,5,2,9,2,08士林區,士林區中山北路4段與通河街口,0,0,3,3,H02,8,3,5,0,4,1,1,5,4,5,7,1,1,1,4,5,2,17,2,18,2,8,4,5,7,20,8,20,1,16,,67,25,1,22,9,121.524311,25.07981126
111,6,5,9,20,2,12內湖區,內湖區金湖路與康寧路1段口,0,0,2,1,B03,8,1,5,50,3,1,1,5,4,5,7,4,4,1,4,4,2,16,1,63,3,10,3,4,7,11,1,8,1,4,,10,10,1,22,9,121.6005292,25.07707163
111,6,5,9,20,2,12內湖區,內湖區金湖路與康寧路1段口,0,0,2,2,C03,8,1,5,50,3,1,1,5,4,5,7,4,4,1,4,4,2,16,2,26,2,9,1,4,7,9,1,10,1,12,,14,10,1,22,9,121.6005292,25.07707163
111,6,5,9,20,2,12內湖區,內湖區金湖路與康寧路1段口,0,0,2,3,H02,8,1,5,50,3,1,1,5,4,5,7,4,4,1,4,4,2,16,2,32,2,8,1,5,7,21,8,20,10,15,,60,10,1,22,9,121.6005292,25.07707163
111,6,5,10,41,2,04大安區,大安區市民大道4段與市民大道4段68巷口,0,0,1,1,B03,8,1,5,40,5,2,1,5,4,5,7,4,4,1,5,5,2,16,1,26,3,10,1,1,7,6,1,8,1,6,,6,6,1,22,9,121.5472788,25.0449407
111,6,5,10,41,2,04大安區,大安區市民大道4段與市民大道4段68巷口,0,0,1,2,C03,8,1,5,40,5,2,1,5,4,5,7,4,4,1,5,5,2,16,1,27,2,7,1,1,7,9,1,10,1,14,,13,6,1,22,9,121.5472788,25.0449407
111,6,5,10,54,2,08士林區,士林區陽金公路,0,0,2,1,B03,8,1,5,40,11,9,1,5,4,5,1,4,4,4,5,5,1,10,2,52,3,10,1,1,7,9,1,8,1,8,,42,42,1,22,9,121.5752487,25.18170707
111,6,5,10,54,2,08士林區,士林區陽金公路,0,0,2,2,B03,8,1,5,40,11,9,1,5,4,5,1,4,4,4,5,5,1,10,1,48,2,7,1,1,7,9,1,8,1,8,,44,42,1,22,9,121.5752487,25.18170707
111,6,5,10,54,2,08士林區,士林區陽金公路,0,0,2,3,H02,8,1,5,40,11,9,1,5,4,5,1,4,4,4,5,5,1,10,2,43,2,8,1,5,7,21,8,20,10,16,,67,42,1,22,9,121.5752487,25.18170707
111,6,5,10,55,2,07信義區,信義區崇德街32號電線桿,0,0,2,1,C03,8,1,5,30,11,9,1,5,4,5,7,4,4,10,5,5,2,10,1,35,2,8,1,1,7,9,1,10,2,11,,26,26,1,22,9,121.5663604,25.016539
111,6,5,10,55,2,07信義區,信義區崇德街32號電線桿,0,0,2,2,C03,8,1,5,30,11,9,1,5,4,5,7,4,4,10,5,5,2,10,1,21,2,9,1,1,7,9,1,10,8,11,,21,26,1,22,9,121.5663604,25.016539
111,6,5,11,58,2,03中山區,中山區中山北路2段42號,0,0,1,1,C03,8,1,5,50,14,11,1,5,4,5,7,4,4,5,4,5,2,29,1,28,2,9,1,1,7,9,1,10,1,12,,44,44,1,22,9,121.5225923,25.0547458
111,6,5,11,58,2,03中山區,中山區中山北路2段42號,0,0,1,2,,8,1,5,50,14,11,1,5,4,5,7,4,4,5,4,5,2,29,3,,,,,,,,,,,,,61,44,1,,,121.5225923,25.0547458
111,6,5,12,16,2,12內湖區,內湖區內湖路1段與港墘路口,0,0,1,1,B03,8,1,5,50,4,1,1,5,4,5,7,1,1,9,5,5,2,12,1,49,3,10,1,1,7,6,1,8,9,15,,9,9,1,22,9,121.5767262,25.07896148
111,6,5,12,16,2,12內湖區,內湖區內湖路1段與港墘路口,0,0,1,2,C03,8,1,5,50,4,1,1,5,4,5,7,1,1,9,5,5,2,12,2,24,2,9,1,1,7,9,1,10,2,15,,42,9,1,22,9,121.5767262,25.07896148
111,6,5,12,18,2,09北投區,北投區石牌路1段166巷與石牌路1段口,0,0,1,1,C03,8,1,5,50,3,1,1,5,4,5,7,1,1,9,4,5,2,16,1,78,2,9,1,1,7,5,1,10,1,14,,8,8,1,22,9,121.521436,25.120726
111,6,5,12,18,2,09北投區,北投區石牌路1段166巷與石牌路1段口,0,0,1,2,B03,8,1,5,50,3,1,1,5,4,5,7,1,1,9,4,5,2,16,1,58,3,10,1,1,7,9,1,8,1,5,,23,8,1,22,9,121.521436,25.120726
111,6,5,12,18,2,09北投區,北投區石牌路1段166巷與石牌路1段口,0,0,1,3,H02,8,1,5,50,3,1,1,5,4,5,7,1,1,9,4,5,2,16,2,40,3,10,1,5,7,21,8,20,10,16,,67,8,1,22,9,121.521436,25.120726
111,6,5,12,51,2,01大同區,大同區南京西路與延平北路2段口,0,0,1,1,B12,8,1,5,50,4,2,1,5,4,5,7,1,1,5,2,5,2,13,1,55,3,10,1,1,7,9,1,8,1,1,,23,23,1,22,9,121.5119237,25.0539231
111,6,5,12,51,2,01大同區,大同區南京西路與延平北路2段口,0,0,1,2,C03,8,1,5,50,4,2,1,5,4,5,7,1,1,5,2,5,2,13,1,42,2,7,1,1,7,14,1,9,1,13,,44,23,1,22,9,121.5119237,25.0539231
111,6,5,12,52,2,04大安區,大安區建國高架道往南(忠孝匝道),0,0,2,1,B03,8,1,5,40,10,9,1,5,4,5,7,1,1,10,4,5,2,17,1,51,3,10,1,1,7,8,1,8,1,6,,7,7,1,22,9,121.5367898,25.04209029
111,6,5,12,52,2,04大安區,大安區建國高架道往南(忠孝匝道),0,0,2,2,B03,8,1,5,40,10,9,1,5,4,5,7,1,1,10,4,5,2,17,1,49,2,9,1,1,7,15,1,8,1,3,,44,7,1,22,9,121.5367898,25.04209029
111,6,5,12,52,2,04大安區,大安區建國高架道往南(忠孝匝道),0,0,2,3,A12,8,1,5,40,10,9,1,5,4,5,7,1,1,10,4,5,2,17,1,40,3,10,1,1,7,9,1,2,1,1,,23,7,1,22,9,121.5367898,25.04209029
111,6,5,12,52,2,04大安區,大安區建國高架道往南(忠孝匝道),0,0,2,4,H02,8,1,5,40,10,9,1,5,4,5,7,1,1,10,4,5,2,17,2,46,2,9,1,1,7,20,8,20,10,16,,67,7,1,22,9,121.5367898,25.04209029
111,6,5,13,12,2,11南港區,南港區南深路330燈桿,0,0,1,1,F01,8,1,5,40,14,8,1,5,4,5,7,4,4,8,3,4,2,18,1,43,2,9,1,1,7,9,8,20,1,16,,43,43,1,22,9,121.6244563,25.0247058
111,6,5,13,12,2,11南港區,南港區南深路330燈桿,0,0,1,2,,8,1,5,40,14,8,1,5,4,5,7,4,4,8,3,4,2,18,3,,,,,,,,,,,,,67,43,1,,,121.6244563,25.0247058
111,6,5,13,32,2,05中正區,中正區重慶南路2段與南海路口,0,0,2,1,C03,8,1,5,50,4,1,1,5,4,5,7,1,1,10,4,5,2,12,1,62,2,9,1,1,7,7,3,18,2,11,,7,7,1,22,9,121.514333,25.03190358
111,6,5,13,32,2,05中正區,中正區重慶南路2段與南海路口,0,0,2,2,B03,8,1,5,50,4,1,1,5,4,5,7,1,1,10,4,5,2,12,1,24,2,9,1,1,7,9,1,8,2,6,,23,7,1,22,9,121.514333,25.03190358
111,6,5,14,13,2,10文山區,文山區辛亥路4段與辛亥路4段77巷口,0,0,2,1,B03,8,1,5,50,3,1,1,5,4,5,7,1,1,1,4,5,2,16,1,22,3,10,1,1,7,5,1,8,2,2,,6,6,1,22,9,121.5586568,25.00738615
111,6,5,14,13,2,10文山區,文山區辛亥路4段與辛亥路4段77巷口,0,0,2,2,C03,8,1,5,50,3,1,1,5,4,5,7,1,1,1,4,5,2,16,2,17,2,9,1,1,7,9,2,18,2,11,,44,6,1,22,9,121.5586568,25.00738615
111,6,5,14,13,2,10文山區,文山區辛亥路4段與辛亥路4段77巷口,0,0,2,3,H02,8,1,5,50,3,1,1,5,4,5,7,1,1,1,4,5,2,16,1,23,2,9,4,5,7,20,8,20,10,16,,67,6,1,22,9,121.5586568,25.00738615
111,6,5,14,47,2,03中山區,中山區林森北路與南京東路1段口,0,0,1,1,B03,8,1,5,40,4,2,1,5,4,5,7,1,1,1,3,4,1,16,1,32,3,10,3,4,7,6,1,8,1,5,,9,9,1,22,9,121.5254634,25.05219122
111,6,5,14,47,2,03中山區,中山區林森北路與南京東路1段口,0,0,1,2,C03,8,1,5,40,4,2,1,5,4,5,7,1,1,1,3,4,1,16,1,27,2,9,1,4,7,9,1,10,1,11,,44,9,1,22,9,121.5254634,25.05219122
111,6,5,14,50,2,09北投區,北投區承德路7段404-1號,0,0,2,1,C03,8,1,5,60,14,11,1,5,4,5,7,4,4,8,4,5,1,12,1,18,3,10,1,1,7,7,1,10,1,13,,43,43,1,22,9,121.5002454,25.12075235
111,6,5,14,50,2,09北投區,北投區承德路7段404-1號,0,0,2,2,C03,8,1,5,60,14,11,1,5,4,5,7,4,4,8,4,5,1,12,1,25,2,8,1,1,7,9,1,10,1,11,,43,43,1,22,9,121.5002454,25.12075235
111,6,5,14,50,2,09北投區,北投區承德路7段404-1號,0,0,2,3,C03,8,1,5,60,14,11,1,5,4,5,7,4,4,8,4,5,1,12,1,20,2,7,1,1,7,9,1,10,1,11,,43,43,1,22,9,121.5002454,25.12075235
111,6,5,15,4,2,11南港區,南港區市民大道8段與南港路1段277巷口口,0,0,1,1,B12,8,1,5,50,4,1,1,5,4,5,7,2,1,5,5,5,2,16,1,46,3,10,1,1,7,5,6,8,2,1,,8,8,1,22,9,121.6088087,25.0535637
111,6,5,15,4,2,11南港區,南港區市民大道8段與南港路1段277巷口口,0,0,1,2,C03,8,1,5,50,4,1,1,5,4,5,7,2,1,5,5,5,2,16,1,19,2,9,1,4,7,9,1,10,11,11,,13,8,1,22,9,121.6088087,25.0535637
111,6,5,15,25,2,09北投區,北投區中央北路4段515巷與立功街口,0,0,1,1,B03,8,1,5,50,3,1,1,5,4,5,7,2,1,7,4,5,2,11,1,37,3,10,1,1,7,5,1,8,1,1,,6,6,1,22,9,121.4684017,25.12817241
111,6,5,15,25,2,09北投區,北投區中央北路4段515巷與立功街口,0,0,1,2,C03,8,1,5,50,3,1,1,5,4,5,7,2,1,7,4,5,2,11,1,19,2,9,1,1,7,9,1,10,1,11,,14,6,1,22,9,121.4684017,25.12817241
111,6,5,15,50,2,05中正區,中正區北平東路30號,0,0,1,1,C01,8,1,5,50,14,9,1,5,4,5,7,1,1,10,4,4,2,16,1,31,2,8,1,1,7,7,1,9,2,14,,7,7,1,22,9,121.525766,25.04592594
111,6,5,15,50,2,05中正區,中正區北平東路30號,0,0,1,2,B01,8,1,5,50,14,9,1,5,4,5,7,1,1,10,4,4,2,16,1,50,3,10,1,1,7,9,1,4,2,5,,44,7,1,22,9,121.525766,25.04592594
111,6,5,16,4,2,07信義區,信義區松山路314號,0,0,1,1,C03,8,1,5,50,14,9,1,5,4,5,7,4,4,10,4,5,2,17,2,37,2,9,1,1,7,9,1,10,1,11,,23,23,1,22,9,121.5777417,25.04245872
111,6,5,16,4,2,07信義區,信義區松山路314號,0,0,1,2,B03,8,1,5,50,14,9,1,5,4,5,7,4,4,10,4,5,2,17,1,42,3,10,1,1,7,14,1,8,1,3,,44,23,1,22,9,121.5777417,25.04245872
111,6,5,16,15,2,11南港區,南港區研究院路1段88號,0,0,2,1,C03,8,1,5,50,14,9,1,5,4,5,7,4,4,1,4,5,2,12,2,25,2,7,1,1,7,9,3,18,1,11,,23,23,1,22,9,121.6161125,25.05259442
111,6,5,16,15,2,11南港區,南港區研究院路1段88號,0,0,2,2,B12,8,1,5,50,14,9,1,5,4,5,7,4,4,1,4,5,2,12,2,44,3,10,1,1,7,9,1,8,1,3,,44,23,1,22,9,121.6161125,25.05259442
111,6,5,16,15,2,11南港區,南港區研究院路1段88號,0,0,2,3,H02,8,1,5,50,14,9,1,5,4,5,7,4,4,1,4,5,2,12,1,6,2,9,1,1,7,21,8,20,10,15,,67,23,1,22,9,121.6161125,25.05259442
111,6,5,16,33,2,07信義區,信義區光復南路587號,0,0,1,1,C03,8,1,5,40,14,8,1,5,4,5,7,4,4,10,4,4,2,17,2,25,2,9,1,1,7,9,1,10,2,11,,23,23,1,22,9,121.5575245,25.03043598
111,6,5,16,33,2,07信義區,信義區光復南路587號,0,0,1,2,B03,8,1,5,40,14,8,1,5,4,5,7,4,4,10,4,4,2,17,2,53,3,10,3,1,7,13,1,8,9,7,,44,23,1,22,9,121.5575245,25.03043598
111,6,5,16,36,2,01大同區,大同區民權西路110號,0,0,2,1,B01,8,1,5,50,14,9,1,5,4,5,7,4,4,1,4,5,2,17,1,55,4,11,3,4,7,15,7,19,11,15,,38,38,2,22,9,121.5175108,25.0628985
111,6,5,16,36,2,01大同區,大同區民權西路110號,0,0,2,2,B03,8,1,5,50,14,9,1,5,4,5,7,4,4,1,4,5,2,17,1,40,4,11,3,4,7,15,7,19,11,15,,44,38,2,22,9,121.5175108,25.0628985
111,6,5,16,36,2,01大同區,大同區民權西路110號,0,0,2,3,C04,8,1,5,50,14,9,1,5,4,5,7,4,4,1,4,5,2,17,2,20,3,10,1,4,7,9,1,10,2,11,,44,38,1,22,9,121.5175108,25.0628985
111,6,5,16,36,2,01大同區,大同區民權西路110號,0,0,2,4,C03,8,1,5,50,14,9,1,5,4,5,7,4,4,1,4,5,2,17,1,25,3,10,1,4,7,10,1,10,2,13,,16,38,1,22,9,121.5175108,25.0628985