發生年度,發生月,發生日,發生時-Hours,發生分,處理別-編號,區序,肇事地點,死亡人數,2-30日死亡人數,受傷人數,當事人序號,車種,天候,光線,道路類別,速限-速度限制,道路型態,事故位置,路面狀況1,路面狀況2,路面狀況3,道路障礙1,道路障礙2,號誌1,號誌2,車道劃分-分向,車道劃分-分道1,車道劃分-分道2,車道劃分-分道3,事故類型及型態,性別,年齡,受傷程度,主要傷處,安全帽,行動電話,車輛用途,當事者行動狀態,駕駛資格情形,駕駛執照種類,飲酒情形,車輛撞擊部位1,車輛撞擊部位2,肇因碼-個別,肇因碼-主要,個人肇逃否,職業,旅次目的,座標-X,座標-Y
111,6,5,16,36,2,01大同區,大同區民權西路110號,0,0,2,5,C03,8,1,5,50,14,9,1,5,4,5,7,4,4,1,4,5,2,17,1,19,2,8,1,4,7,9,1,10,2,12,,16,38,1,22,9,121.5175108,25.0628985
111,6,5,16,36,2,01大同區,大同區民權西路110號,0,0,2,6,H02,8,1,5,50,14,9,1,5,4,5,7,4,4,1,4,5,2,17,2,18,2,5,1,5,7,21,8,20,10,16,,67,38,1,22,9,121.5175108,25.0628985
111,6,5,16,38,2,04大安區,大安區復興南路2段203號,0,0,2,1,B03,8,1,5,50,14,9,1,5,4,5,7,4,4,1,5,4,2,16,1,41,3,10,1,1,7,8,1,8,1,5,,7,7,1,22,9,121.5435472,25.02628383
111,6,5,16,38,2,04大安區,大安區復興南路2段203號,0,0,2,2,C03,8,1,5,50,14,9,1,5,4,5,7,4,4,1,5,4,2,16,1,40,2,5,1,1,7,9,1,9,1,14,,44,7,1,22,9,121.5435472,25.02628383
111,6,5,16,38,2,04大安區,大安區復興南路2段203號,0,0,2,3,H02,8,1,5,50,14,9,1,5,4,5,7,4,4,1,5,4,2,16,2,27,2,8,1,5,7,20,8,20,10,16,,67,7,1,22,9,121.5435472,25.02628383
111,6,5,16,45,2,12內湖區,內湖區舊宗路1段86號前,0,0,1,1,B02,8,3,5,50,14,9,1,5,4,5,7,4,4,1,4,5,2,16,1,21,3,10,3,4,7,6,1,8,1,2,,9,9,1,22,9,121.5796275,25.05959382
111,6,5,16,45,2,12內湖區,內湖區舊宗路1段86號前,0,0,1,2,C03,8,3,5,50,14,9,1,5,4,5,7,4,4,1,4,5,2,16,2,22,2,9,1,1,7,9,1,10,1,14,,23,9,1,22,9,121.5796275,25.05959382
111,6,5,17,15,2,01大同區,大同區承德路3段74號,0,0,2,1,B03,8,1,5,50,14,9,1,5,4,5,7,4,4,9,4,5,2,16,1,46,3,10,3,4,7,13,1,8,1,4,,40,40,1,22,9,121.5180965,25.0659783
111,6,5,17,15,2,01大同區,大同區承德路3段74號,0,0,2,2,C03,8,1,5,50,14,9,1,5,4,5,7,4,4,9,4,5,2,16,1,32,2,7,1,4,7,9,1,10,1,12,,44,40,1,22,9,121.5180965,25.0659783
111,6,5,17,15,2,01大同區,大同區承德路3段74號,0,0,2,3,H02,8,1,5,50,14,9,1,5,4,5,7,4,4,9,4,5,2,16,2,65,2,1,4,5,7,21,8,20,10,16,,67,40,1,22,9,121.5180965,25.0659783
111,6,5,17,18,2,09北投區,北投區承德路6段與福國路口,0,0,2,1,C03,8,1,5,40,4,2,1,5,4,5,7,1,1,1,2,4,2,13,1,30,2,9,1,1,7,9,1,10,2,14,,16,16,1,22,9,121.5123154,25.10333992
111,6,5,17,18,2,09北投區,北投區承德路6段與福國路口,0,0,2,2,C03,8,1,5,40,4,2,1,5,4,5,7,1,1,1,2,4,2,13,1,57,2,8,1,1,7,14,1,10,2,13,,44,16,1,22,9,121.5123154,25.10333992
111,6,5,17,20,2,01大同區,大同區重慶北路2段175號,0,0,1,1,B03,8,1,5,50,14,9,1,5,4,5,7,4,4,1,4,5,2,17,2,43,3,10,1,1,7,1,1,8,2,15,,19,19,1,22,9,121.5137308,25.05949812
111,6,5,17,20,2,01大同區,大同區重慶北路2段175號,0,0,1,2,C03,8,1,5,50,14,9,1,5,4,5,7,4,4,1,4,5,2,17,1,32,2,9,1,1,7,9,1,10,2,14,,13,19,1,22,9,121.5137308,25.05949812
111,6,5,17,28,2,10文山區,文山區羅斯福路6段與景隆街口,0,0,2,1,C03,8,1,5,50,4,1,1,5,4,5,7,2,1,5,5,5,2,16,1,23,2,9,1,1,7,5,1,10,1,14,,8,8,1,22,9,121.539635,25.00040992
111,6,5,17,28,2,10文山區,文山區羅斯福路6段與景隆街口,0,0,2,2,C03,8,1,5,50,4,1,1,5,4,5,7,2,1,5,5,5,2,16,1,23,2,9,1,1,7,9,1,10,1,12,,44,8,1,22,9,121.539635,25.00040992
111,6,5,17,35,2,12內湖區,內湖區內湖路1段285巷65弄28號,0,0,2,1,C03,8,1,5,50,14,9,1,5,4,5,7,4,4,9,5,5,2,17,1,54,2,8,1,1,7,1,1,10,1,14,,19,19,1,22,9,121.5685881,25.0845404
111,6,5,17,35,2,12內湖區,內湖區內湖路1段285巷65弄28號,0,0,2,2,C03,8,1,5,50,14,9,1,5,4,5,7,4,4,9,5,5,2,17,1,35,2,8,1,1,7,9,1,10,1,11,,44,19,1,22,9,121.5685881,25.0845404
111,6,5,17,50,2,12內湖區,內湖區瑞光路104號,0,0,1,1,B12,8,1,5,50,14,9,1,5,4,5,7,4,4,5,4,5,2,12,1,66,3,10,1,1,7,1,1,8,1,8,,19,19,1,22,9,121.5810761,25.07187811
111,6,5,17,50,2,12內湖區,內湖區瑞光路104號,0,0,1,2,C03,8,1,5,50,14,9,1,5,4,5,7,4,4,5,4,5,2,12,1,18,2,9,1,1,7,9,1,10,1,11,,13,19,1,22,9,121.5810761,25.07187811
111,6,5,17,54,2,01大同區,大同區承德路3段與民族西路口,0,0,1,1,B03,8,1,5,50,4,1,1,5,4,5,7,1,1,8,3,5,1,16,1,34,3,10,1,1,7,5,1,8,1,2,,8,8,1,22,9,121.5184725,25.0685374
111,6,5,17,54,2,01大同區,大同區承德路3段與民族西路口,0,0,1,2,C03,8,1,5,50,4,1,1,5,4,5,7,1,1,8,3,5,1,16,2,20,2,9,1,1,7,9,1,10,11,11,,14,8,1,22,9,121.5184725,25.0685374
111,6,5,18,2,2,03中山區,中山區松江路與新生北路1段口,0,0,3,1,C03,8,1,5,50,4,1,1,5,4,5,7,1,1,1,4,5,2,16,1,26,2,9,1,1,7,5,1,10,1,14,,8,8,1,22,9,121.5328822,25.0458345
111,6,5,18,2,2,03中山區,中山區松江路與新生北路1段口,0,0,3,2,C03,8,1,5,50,4,1,1,5,4,5,7,1,1,1,4,5,2,16,2,33,2,9,1,1,7,9,1,10,1,11,,44,8,1,22,9,121.5328822,25.0458345
111,6,5,18,2,2,03中山區,中山區松江路與新生北路1段口,0,0,3,3,H02,8,1,5,50,4,1,1,5,4,5,7,1,1,1,4,5,2,16,2,25,2,9,4,5,7,20,8,20,10,16,,67,8,1,22,9,121.5328822,25.0458345
111,6,5,18,10,2,06松山區,松山區民生東路5段167號,0,0,1,1,B01,8,2,5,50,14,9,1,5,4,5,7,4,4,1,3,3,2,12,1,55,3,10,3,4,7,9,1,4,1,4,,23,23,1,22,9,121.564559,25.05909257
111,6,5,18,10,2,06松山區,松山區民生東路5段167號,0,0,1,2,C04,8,2,5,50,14,9,1,5,4,5,7,4,4,1,3,3,2,12,1,83,2,9,1,1,7,8,1,10,1,12,,7,23,1,22,9,121.564559,25.05909257
111,6,5,18,19,2,02萬華區,萬華區中華路2段416巷84號對面,0,0,2,1,C03,8,1,5,50,14,9,1,5,4,5,7,4,4,8,5,5,2,13,2,24,2,7,1,1,7,12,1,10,1,11,,23,23,1,22,9,121.4978351,25.02893219
111,6,5,18,19,2,02萬華區,萬華區中華路2段416巷84號對面,0,0,2,2,C03,8,1,5,50,14,9,1,5,4,5,7,4,4,8,5,5,2,13,1,58,2,7,1,1,7,8,1,10,1,13,,7,23,1,22,9,121.4978351,25.02893219
111,6,5,18,19,2,02萬華區,萬華區中華路2段416巷84號對面,0,0,2,3,C03,8,1,5,50,14,9,1,5,4,5,7,4,4,8,5,5,2,13,4,,4,11,3,4,7,13,7,19,11,13,,44,23,1,22,9,121.4978351,25.02893219
111,6,5,18,19,2,02萬華區,萬華區中華路2段416巷84號對面,0,0,2,4,C03,8,1,5,50,14,9,1,5,4,5,7,4,4,8,5,5,2,13,1,36,3,10,1,1,7,13,1,10,1,12,,44,23,1,22,9,121.4978351,25.02893219
111,6,5,18,19,2,02萬華區,萬華區中華路2段416巷84號對面,0,0,2,5,C03,8,1,5,50,14,9,1,5,4,5,7,4,4,8,5,5,2,13,4,,4,11,3,4,7,13,7,19,11,12,,44,23,1,22,9,121.4978351,25.02893219
111,6,5,19,21,2,12內湖區,內湖區新明路355號,0,0,1,1,B03,8,3,5,50,14,7,1,5,4,5,7,4,4,5,2,4,2,12,1,47,3,10,1,1,7,11,1,8,1,4,,10,10,1,22,9,121.5827378,25.05603079
111,6,5,19,21,2,12內湖區,內湖區新明路355號,0,0,1,2,C03,8,3,5,50,14,7,1,5,4,5,7,4,4,5,2,4,2,12,1,26,2,9,1,1,7,9,1,10,1,12,,44,10,1,22,9,121.5827378,25.05603079
111,6,5,19,40,2,10文山區,文山區木新路2段66巷與木新路2段口,0,0,1,1,C03,8,3,5,50,4,2,1,5,4,5,7,4,4,9,4,5,1,17,1,27,2,8,1,1,7,5,1,10,1,11,,6,6,1,22,9,121.5706001,24.98566633
111,6,5,19,40,2,10文山區,文山區木新路2段66巷與木新路2段口,0,0,1,2,B03,8,3,5,50,4,2,1,5,4,5,7,4,4,9,4,5,1,17,1,60,3,10,1,1,7,1,1,8,1,8,,19,6,1,22,9,121.5706001,24.98566633
111,6,5,20,10,2,09北投區,北投區承德路7段與承德路7段393巷口,0,0,3,1,C03,8,3,5,60,4,2,1,5,4,5,7,2,1,1,4,5,2,17,2,24,2,9,3,4,7,9,1,10,1,11,,16,16,1,22,9,121.5012819,25.11950639
111,6,5,20,10,2,09北投區,北投區承德路7段與承德路7段393巷口,0,0,3,2,C03,8,3,5,60,4,2,1,5,4,5,7,2,1,1,4,5,2,17,1,28,2,5,3,4,7,12,1,10,1,13,,44,16,1,22,9,121.5012819,25.11950639
111,6,5,20,10,2,09北投區,北投區承德路7段與承德路7段393巷口,0,0,3,3,H02,8,3,5,60,4,2,1,5,4,5,7,2,1,1,4,5,2,17,1,24,2,9,3,5,7,21,8,20,10,16,,67,16,1,22,9,121.5012819,25.11950639
111,6,5,20,30,2,03中山區,中山區北安路與崇實路口,0,0,1,1,B03,8,3,5,50,4,1,1,5,4,5,7,1,1,3,2,5,2,17,1,62,3,10,1,1,7,9,1,8,1,1,,42,42,1,22,9,121.5444426,25.07976101
111,6,5,20,30,2,03中山區,中山區北安路與崇實路口,0,0,1,2,C03,8,3,5,50,4,1,1,5,4,5,7,1,1,3,2,5,2,17,2,22,2,9,1,1,7,5,1,10,1,13,,42,42,1,22,9,121.5444426,25.07976101
111,6,5,20,40,2,05中正區,中正區重慶南路3段與寧波西街口,0,0,2,1,C03,8,3,5,50,4,1,1,5,4,5,7,1,1,1,4,5,2,16,1,18,2,8,1,1,7,6,1,10,1,12,,6,6,1,22,9,121.5153613,25.02983857
111,6,5,20,40,2,05中正區,中正區重慶南路3段與寧波西街口,0,0,2,2,C03,8,3,5,50,4,1,1,5,4,5,7,1,1,1,4,5,2,16,2,25,2,8,1,1,7,9,1,10,1,14,,13,6,1,22,9,121.5153613,25.02983857
111,6,5,20,40,2,05中正區,中正區重慶南路3段與寧波西街口,0,0,2,3,H02,8,3,5,50,4,1,1,5,4,5,7,1,1,1,4,5,2,16,2,18,4,11,1,1,7,20,8,20,10,16,,67,6,1,22,9,121.5153613,25.02983857
111,6,5,21,20,2,10文山區,文山區木柵路5段停車格1號,0,0,3,1,C03,8,3,5,0,14,9,1,5,4,5,7,4,4,9,4,5,1,13,1,27,2,9,1,1,7,9,1,10,1,11,,23,23,1,22,9,121.5782219,25.00052683
111,6,5,21,20,2,10文山區,文山區木柵路5段停車格1號,0,0,3,2,B03,8,3,5,0,14,9,1,5,4,5,7,4,4,9,4,5,1,13,1,52,3,10,1,1,7,13,1,8,1,7,,44,23,1,22,9,121.5782219,25.00052683
111,6,5,21,20,2,10文山區,文山區木柵路5段停車格1號,0,0,3,3,C03,8,3,5,0,14,9,1,5,4,5,7,4,4,9,4,5,1,13,2,27,2,9,1,1,7,9,1,10,1,11,,44,23,1,22,9,121.5782219,25.00052683
111,6,5,21,20,2,10文山區,文山區木柵路5段停車格1號,0,0,3,4,H02,8,3,5,0,14,9,1,5,4,5,7,4,4,9,4,5,1,13,2,22,2,9,1,1,7,21,8,20,10,15,,67,23,1,22,9,121.5782219,25.00052683
111,6,5,21,31,2,05中正區,中正區中華路2段與愛國西路口,0,0,1,1,C03,8,3,5,50,5,1,1,5,4,5,7,1,1,3,4,5,2,16,1,55,3,10,1,1,7,6,1,10,2,12,,9,9,1,22,9,121.5068642,25.03712535
111,6,5,21,31,2,05中正區,中正區中華路2段與愛國西路口,0,0,1,2,C03,8,3,5,50,5,1,1,5,4,5,7,1,1,3,4,5,2,16,2,61,2,9,1,1,7,9,1,10,2,11,,26,9,1,22,9,121.5068642,25.03712535
111,6,5,22,31,2,01大同區,大同區環河北路1段與鄭州路口,0,0,2,1,B03,8,3,5,50,4,2,1,5,4,5,7,2,1,10,4,5,2,16,1,39,3,10,3,4,7,6,1,8,2,8,,9,9,1,22,9,121.5068948,25.05091703
111,6,5,22,31,2,01大同區,大同區環河北路1段與鄭州路口,0,0,2,2,C03,8,3,5,50,4,2,1,5,4,5,7,2,1,10,4,5,2,16,1,61,2,9,3,4,7,5,1,10,2,12,,8,9,1,22,9,121.5068948,25.05091703
111,6,5,22,31,2,01大同區,大同區環河北路1段與鄭州路口,0,0,2,3,H02,8,3,5,50,4,2,1,5,4,5,7,2,1,10,4,5,2,16,2,59,2,9,3,4,7,21,8,20,10,16,,67,9,1,22,9,121.5068948,25.05091703
111,6,5,23,17,2,02萬華區,萬華區中華路2段與艋舺大道口,0,0,3,1,C03,8,3,5,50,3,1,1,5,4,5,7,2,1,1,4,4,2,12,2,20,2,9,1,1,7,9,1,10,1,15,,25,25,1,22,9,121.5056393,25.03467576
111,6,5,23,17,2,02萬華區,萬華區中華路2段與艋舺大道口,0,0,3,2,C03,8,3,5,50,3,1,1,5,4,5,7,2,1,1,4,4,2,12,1,32,2,9,1,1,7,5,1,10,1,14,,8,25,1,22,9,121.5056393,25.03467576
111,6,5,23,17,2,02萬華區,萬華區中華路2段與艋舺大道口,0,0,3,3,H02,8,3,5,50,3,1,1,5,4,5,7,2,1,1,4,4,2,12,1,34,2,9,1,5,7,21,8,20,10,16,,67,25,1,22,9,121.5056393,25.03467576
111,6,6,6,8,2,12內湖區,內湖區南京東路6段與堤頂大道1段口口,0,0,3,1,B03,8,1,5,50,4,1,1,5,4,5,7,2,1,1,4,5,2,16,1,57,3,10,1,1,7,5,1,8,2,1,,25,25,1,22,9,121.5764865,25.05461206
111,6,6,6,8,2,12內湖區,內湖區南京東路6段與堤頂大道1段口口,0,0,3,2,B01,8,1,5,50,4,1,1,5,4,5,7,2,1,1,4,5,2,16,1,45,2,2,1,1,7,9,1,2,2,4,,44,25,1,22,9,121.5764865,25.05461206
111,6,6,6,8,2,12內湖區,內湖區南京東路6段與堤頂大道1段口口,0,0,3,3,H02,8,1,5,50,4,1,1,5,4,5,7,2,1,1,4,5,2,16,2,58,2,1,4,5,7,21,8,20,10,15,,67,25,1,22,9,121.5764865,25.05461206
111,6,6,6,8,2,12內湖區,內湖區南京東路6段與堤頂大道1段口口,0,0,3,4,H02,8,1,5,50,4,1,1,5,4,5,7,2,1,1,4,5,2,16,2,69,2,9,4,5,7,21,8,20,10,15,,67,25,1,22,9,121.5764865,25.05461206
111,6,6,6,30,2,12內湖區,內湖區基湖路與基湖路3巷口,0,0,1,1,C03,8,1,5,50,4,1,1,5,4,5,7,1,1,5,5,5,2,17,1,22,3,10,1,1,7,9,1,10,1,11,,23,23,1,22,9,121.5653105,25.08141368
111,6,6,6,30,2,12內湖區,內湖區基湖路與基湖路3巷口,0,0,1,2,C03,8,1,5,50,4,1,1,5,4,5,7,1,1,5,5,5,2,17,1,34,2,9,1,1,7,8,1,10,1,13,,7,23,1,22,9,121.5653105,25.08141368
111,6,6,6,50,2,04大安區,大安區忠孝東路4段221號,0,0,1,1,C03,8,1,5,50,14,9,1,5,4,5,7,4,4,1,4,5,2,18,1,68,2,9,1,1,7,15,1,10,2,11,,42,42,1,22,9,121.5527586,25.04158331
111,6,6,6,50,2,04大安區,大安區忠孝東路4段221號,0,0,1,2,C03,8,1,5,50,14,9,1,5,4,5,7,4,4,1,4,5,2,18,3,,,,,,,,,,,,,67,42,1,,,121.5527586,25.04158331
111,6,6,6,50,2,04大安區,大安區忠孝東路4段221號,0,0,1,3,C03,8,1,5,50,14,9,1,5,4,5,7,4,4,1,4,5,2,18,3,,,,,,,,,,,,,67,42,1,,,121.5527586,25.04158331
111,6,6,6,50,2,04大安區,大安區忠孝東路4段221號,0,0,1,4,C03,8,1,5,50,14,9,1,5,4,5,7,4,4,1,4,5,2,18,3,,,,,,,,,,,,,67,42,1,,,121.5527586,25.04158331
111,6,6,7,17,2,08士林區,士林區承德路5段與士商路口,0,0,1,1,B03,8,1,5,50,4,2,1,5,4,5,7,1,1,1,4,5,1,16,1,52,3,10,3,4,7,6,1,8,1,2,,6,6,1,22,9,121.5141637,25.09610591
111,6,6,7,17,2,08士林區,士林區承德路5段與士商路口,0,0,1,2,C03,8,1,5,50,4,2,1,5,4,5,7,1,1,1,4,5,1,16,2,26,2,9,3,4,7,9,1,10,1,11,,44,6,1,22,9,121.5141637,25.09610591
111,6,6,7,24,2,02萬華區,萬華區東園街145號,0,0,3,1,C03,8,1,5,50,14,9,1,5,4,5,7,4,4,8,3,5,2,16,1,74,2,9,1,4,7,1,1,10,1,14,,19,19,1,22,9,121.497132,25.02455894
111,6,6,7,24,2,02萬華區,萬華區東園街145號,0,0,3,2,C03,8,1,5,50,14,9,1,5,4,5,7,4,4,8,3,5,2,16,1,46,2,9,1,1,7,9,1,10,1,11,,13,19,1,22,9,121.497132,25.02455894
111,6,6,7,24,2,02萬華區,萬華區東園街145號,0,0,3,3,H02,8,1,5,50,14,9,1,5,4,5,7,4,4,8,3,5,2,16,2,16,2,9,4,5,7,20,8,20,10,16,,67,19,1,22,9,121.497132,25.02455894
111,6,6,7,25,2,03中山區,中山區中山北路1段與南京東路1段口旁,0,0,1,3,A04,8,1,5,50,14,9,1,5,4,5,7,1,1,1,4,5,2,12,1,57,3,10,1,1,7,9,1,2,11,8,,44,44,1,22,9,121.5224613,25.05168961
111,6,6,7,25,2,03中山區,中山區中山北路1段與南京東路1段口旁,0,0,1,2,C03,8,1,5,50,14,9,1,5,4,5,7,1,1,1,4,5,2,12,2,30,2,8,1,1,7,8,1,10,1,12,,7,44,1,22,9,121.5224613,25.05168961
111,6,6,7,25,2,03中山區,中山區中山北路1段與南京東路1段口旁,0,0,1,1,A04,8,1,5,50,14,9,1,5,4,5,7,1,1,1,4,5,2,12,1,56,3,10,1,1,7,14,1,2,1,4,,44,44,1,22,9,121.5224613,25.05168961
111,6,6,7,27,2,05中正區,中正區杭州南路1段與青島東路口,0,0,1,1,B03,8,1,5,50,4,1,1,5,4,5,7,1,1,5,4,5,2,1,1,50,3,10,1,1,7,5,1,8,2,8,,15,15,1,22,9,121.5265558,25.04286821
111,6,6,7,27,2,05中正區,中正區杭州南路1段與青島東路口,0,0,1,2,H01,8,1,5,50,4,1,1,5,4,5,7,1,1,5,4,5,2,1,2,79,2,9,4,5,8,16,8,20,10,16,,67,15,1,22,9,121.5265558,25.04286821
111,6,6,8,30,2,10文山區,文山區景華街與景興路口,0,0,2,3,B02,8,1,5,50,4,1,1,5,4,5,7,1,1,1,4,5,2,16,1,39,3,10,2,1,7,21,7,19,9,3,,44,6,1,22,9,121.5447247,24.9951273
111,6,6,8,30,2,10文山區,文山區景華街與景興路口,0,0,2,1,C03,8,1,5,50,4,1,1,5,4,5,7,1,1,1,4,5,2,16,2,41,2,9,1,1,7,5,1,10,1,11,,6,6,1,22,9,121.5447247,24.9951273
111,6,6,8,30,2,10文山區,文山區景華街與景興路口,0,0,2,2,C03,8,1,5,50,4,1,1,5,4,5,7,1,1,1,4,5,2,16,2,29,2,9,1,1,7,9,1,10,1,14,,44,6,1,22,9,121.5447247,24.9951273
111,6,6,8,50,2,03中山區,中山區天祥路與撫順街口,0,0,1,1,C03,8,1,5,50,4,1,1,5,4,5,7,4,4,5,5,5,2,15,1,29,2,9,1,1,7,9,1,10,1,12,,6,6,1,22,9,121.520743,25.0636172
111,6,6,8,50,2,03中山區,中山區天祥路與撫順街口,0,0,1,2,B03,8,1,5,50,4,1,1,5,4,5,7,4,4,5,5,5,2,15,1,35,3,10,1,1,7,9,1,8,1,1,,6,6,1,22,9,121.520743,25.0636172
111,6,6,9,0,2,04大安區,大安區和平東路1段與溫州街口,0,0,1,1,C03,8,1,5,50,5,1,1,5,4,5,7,4,4,1,5,5,2,16,1,22,3,10,2,2,7,5,3,18,2,14,,8,8,1,22,9,121.5336174,25.02616131
111,6,6,9,0,2,04大安區,大安區和平東路1段與溫州街口,0,0,1,2,C03,8,1,5,50,5,1,1,5,4,5,7,4,4,1,5,5,2,16,1,58,2,9,1,1,7,9,1,10,2,14,,44,8,1,22,9,121.5336174,25.02616131
111,6,6,9,5,2,04大安區,大安區忠孝東路3段248巷19弄與仁愛路3段123巷口,0,0,2,1,C03,8,1,5,30,14,9,1,5,4,5,7,4,4,8,3,5,1,16,1,40,2,7,1,1,7,8,1,10,1,12,,7,7,1,21,8,121.5420265,25.04019149
111,6,6,9,5,2,04大安區,大安區忠孝東路3段248巷19弄與仁愛路3段123巷口,0,0,2,2,C03,8,1,5,30,14,9,1,5,4,5,7,4,4,8,3,5,1,16,2,27,2,9,1,1,7,12,1,10,1,11,,44,7,1,5,1,121.5420265,25.04019149
111,6,6,9,40,2,03中山區,中山區農安街202之1號,0,0,1,1,B01,7,1,5,50,4,1,1,5,4,5,7,4,4,4,5,5,1,12,1,56,3,10,3,4,7,9,1,8,2,2,,17,17,1,22,9,121.5360481,25.06461568
111,6,6,9,40,2,03中山區,中山區農安街202之1號,0,0,1,2,C03,7,1,5,50,4,1,1,5,4,5,7,4,4,4,5,5,1,12,1,39,2,9,1,4,7,9,1,10,2,11,,17,17,1,22,9,121.5360481,25.06461568
111,6,6,9,42,2,04大安區,大安區敦化南路1段159號,0,0,1,1,F01,7,1,5,50,14,9,1,5,4,5,7,2,1,1,4,5,2,17,2,52,2,9,1,1,7,11,8,20,1,16,,11,11,1,22,9,121.5489206,25.04418244
111,6,6,9,42,2,04大安區,大安區敦化南路1段159號,0,0,1,2,B03,7,1,5,50,14,9,1,5,4,5,7,2,1,1,4,5,2,17,2,32,3,10,1,1,7,9,1,8,1,1,,23,11,1,22,9,121.5489206,25.04418244
111,6,6,9,43,2,08士林區,士林區承德路5段與通河東街2段口,0,0,2,1,C03,8,1,5,50,4,2,1,5,4,5,7,2,1,1,4,5,1,16,1,19,2,9,3,4,7,6,1,10,1,14,,17,17,1,22,9,121.5139406,25.09598007
111,6,6,9,43,2,08士林區,士林區承德路5段與通河東街2段口,0,0,2,2,C03,8,1,5,50,4,2,1,5,4,5,7,2,1,1,4,5,1,16,1,18,2,9,3,4,7,5,1,10,1,12,,17,17,1,22,9,121.5139406,25.09598007
111,6,6,9,52,2,03中山區,中山區樂群二路與敬業四路口,0,0,1,1,C03,8,1,5,50,4,2,1,5,4,5,7,1,1,1,3,5,1,12,1,33,2,7,1,1,7,5,1,10,1,13,,8,8,1,22,9,121.5584972,25.07995504
111,6,6,9,52,2,03中山區,中山區樂群二路與敬業四路口,0,0,1,2,B03,8,1,5,50,4,2,1,5,4,5,7,1,1,1,3,5,1,12,1,66,3,10,1,1,7,9,1,8,1,8,,42,8,1,22,9,121.5584972,25.07995504
111,6,6,9,53,2,07信義區,信義區松壽路與一號道路口,0,0,2,1,C03,8,1,5,50,4,1,1,5,4,5,7,2,1,5,4,5,2,13,1,70,3,10,1,1,7,9,1,10,1,13,,44,44,1,21,8,121.5620926,25.03590833
111,6,6,9,53,2,07信義區,信義區松壽路與一號道路口,0,0,2,2,C03,8,1,5,50,4,1,1,5,4,5,7,2,1,5,4,5,2,13,2,21,2,9,1,1,7,9,1,10,1,11,,16,44,1,21,8,121.5620926,25.03590833
111,6,6,9,53,2,07信義區,信義區松壽路與一號道路口,0,0,2,3,H02,8,1,5,50,4,1,1,5,4,5,7,2,1,5,4,5,2,13,2,61,2,1,4,5,7,20,8,20,10,16,,67,44,1,21,8,121.5620926,25.03590833
111,6,6,9,58,2,04大安區,大安區安和路2段與安和路2段59巷口,0,0,2,1,B01,7,1,5,50,4,1,1,5,4,5,7,1,1,10,4,5,2,17,1,64,3,10,1,1,7,7,1,4,1,15,,7,7,1,22,9,121.5524809,25.0309334
111,6,6,9,58,2,04大安區,大安區安和路2段與安和路2段59巷口,0,0,2,2,C03,7,1,5,50,4,1,1,5,4,5,7,1,1,10,4,5,2,17,1,65,2,9,1,1,7,9,1,10,1,12,,44,7,1,22,9,121.5524809,25.0309334
111,6,6,9,58,2,04大安區,大安區安和路2段與安和路2段59巷口,0,0,2,3,H02,7,1,5,50,4,1,1,5,4,5,7,1,1,10,4,5,2,17,2,64,2,9,1,5,7,20,8,20,10,16,,67,7,1,22,9,121.5524809,25.0309334
111,6,6,10,19,2,05中正區,中正區重慶南路1段與衡陽路口,0,0,1,1,A02,8,1,5,50,4,2,1,5,4,5,7,2,1,10,4,5,1,2,1,58,3,10,1,1,7,6,1,1,2,5,,15,15,1,22,9,121.51309,25.04231326
111,6,6,10,19,2,05中正區,中正區重慶南路1段與衡陽路口,0,0,1,2,H01,8,1,5,50,4,2,1,5,4,5,7,2,1,10,4,5,1,2,1,79,2,1,4,5,8,16,8,20,10,16,,67,15,1,22,9,121.51309,25.04231326
111,6,6,11,35,2,10文山區,文山區木新路3段與興隆路4段口,0,0,1,1,B03,7,1,5,50,3,2,1,5,4,5,7,2,1,1,4,5,2,17,1,27,3,10,3,4,7,11,1,8,1,4,,10,10,1,22,9,121.5625713,24.9821481
111,6,6,11,35,2,10文山區,文山區木新路3段與興隆路4段口,0,0,1,2,G06,7,1,5,50,3,2,1,5,4,5,7,2,1,1,4,5,2,17,2,39,2,8,4,4,7,9,7,19,1,15,,42,10,1,22,9,121.5625713,24.9821481
111,6,6,11,36,2,06松山區,松山區民生東路5段191號,0,0,1,1,C03,7,1,5,50,14,9,1,5,4,5,7,2,1,9,4,5,2,17,2,47,2,8,1,1,7,5,1,10,1,12,,6,6,1,22,9,121.5659293,25.05910467
111,6,6,11,36,2,06松山區,松山區民生東路5段191號,0,0,1,2,B03,7,1,5,50,14,9,1,5,4,5,7,2,1,9,4,5,2,17,2,38,3,10,1,1,7,9,1,8,1,1,,44,6,1,22,9,121.5659293,25.05910467
111,6,6,11,40,2,04大安區,大安區信義路4段與敦化南路2段口,0,0,1,1,B12,8,1,5,50,14,9,1,5,4,5,7,2,1,1,4,5,2,17,1,34,3,10,1,1,7,7,1,8,1,7,,7,7,1,22,9,121.5481488,25.03322508
111,6,6,11,40,2,04大安區,大安區信義路4段與敦化南路2段口,0,0,1,2,C04,8,1,5,50,14,9,1,5,4,5,7,2,1,1,4,5,2,17,1,20,2,9,1,1,7,9,1,10,1,11,,23,7,1,22,9,121.5481488,25.03322508
111,6,6,12,2,2,02萬華區,萬華區德昌街與民和街82巷口,0,0,1,1,C03,7,1,5,30,4,1,1,5,4,5,7,4,4,10,5,5,2,15,1,57,3,10,1,4,7,9,1,10,1,11,,6,6,1,22,9,121.4982261,25.02479701