發生年度,發生月,發生日,發生時-Hours,發生分,處理別-編號,區序,肇事地點,死亡人數,2-30日死亡人數,受傷人數,當事人序號,車種,天候,光線,道路類別,速限-速度限制,道路型態,事故位置,路面狀況1,路面狀況2,路面狀況3,道路障礙1,道路障礙2,號誌1,號誌2,車道劃分-分向,車道劃分-分道1,車道劃分-分道2,車道劃分-分道3,事故類型及型態,性別,年齡,受傷程度,主要傷處,安全帽,行動電話,車輛用途,當事者行動狀態,駕駛資格情形,駕駛執照種類,飲酒情形,車輛撞擊部位1,車輛撞擊部位2,肇因碼-個別,肇因碼-主要,個人肇逃否,職業,旅次目的,座標-X,座標-Y
111,6,6,12,2,2,02萬華區,萬華區德昌街與民和街82巷口,0,0,1,2,C03,7,1,5,30,4,1,1,5,4,5,7,4,4,10,5,5,2,15,2,30,2,9,1,4,7,9,1,10,1,11,,14,6,1,22,9,121.4982261,25.02479701
111,6,6,12,9,2,08士林區,士林區德行東路與德行東路378巷口,0,0,2,1,C03,8,1,5,30,4,1,1,5,4,5,7,4,4,10,5,5,2,15,1,40,2,9,1,1,7,9,1,10,9,12,,6,6,1,22,9,121.5399007,25.11070525
111,6,6,12,9,2,08士林區,士林區德行東路與德行東路378巷口,0,0,2,2,C03,8,1,5,30,4,1,1,5,4,5,7,4,4,10,5,5,2,15,2,70,2,9,1,1,7,9,1,10,9,11,,42,6,1,22,9,121.5399007,25.11070525
111,6,6,12,30,2,08士林區,士林區德行東路90巷與德行東路90巷27弄口,0,0,2,1,C03,8,1,5,30,4,2,1,5,4,5,7,4,4,10,5,5,2,17,2,20,2,9,1,1,7,11,1,10,9,12,,10,10,1,22,9,121.5280791,25.10633831
111,6,6,12,30,2,08士林區,士林區德行東路90巷與德行東路90巷27弄口,0,0,2,2,C03,8,1,5,30,4,2,1,5,4,5,7,4,4,10,5,5,2,17,2,32,2,9,1,1,7,5,1,10,9,11,,6,10,1,22,9,121.5280791,25.10633831
111,6,6,12,31,2,08士林區,士林區格致路與愛富一街口,0,0,1,1,C03,7,1,5,40,4,2,1,5,4,5,7,4,4,9,4,5,1,17,1,25,2,8,1,1,7,5,1,10,1,11,,6,6,1,22,9,121.5465525,25.13822537
111,6,6,12,31,2,08士林區,士林區格致路與愛富一街口,0,0,1,2,B01,7,1,5,40,4,2,1,5,4,5,7,4,4,9,4,5,1,17,1,68,3,10,1,1,7,9,1,4,1,8,,44,6,1,22,9,121.5465525,25.13822537
111,6,6,12,49,2,03中山區,中山區北安路與大直街口,0,0,2,1,C03,8,1,5,50,5,1,1,5,4,2,7,1,1,1,4,5,2,16,1,19,2,9,3,4,7,5,1,10,1,14,,8,8,1,18,9,121.5472076,25.07987396
111,6,6,12,49,2,03中山區,中山區北安路與大直街口,0,0,2,2,B12,8,1,5,50,5,1,1,5,4,2,7,1,1,1,4,5,2,16,1,41,3,10,3,4,7,9,1,8,1,5,,44,8,1,11,9,121.5472076,25.07987396
111,6,6,12,49,2,03中山區,中山區北安路與大直街口,0,0,2,3,H02,8,1,5,50,5,1,1,5,4,2,7,1,1,1,4,5,2,16,2,18,2,9,4,5,7,20,8,20,10,16,,67,8,1,18,9,121.5472076,25.07987396
111,6,6,12,51,2,05中正區,中正區中山南路與中山南路2巷口,0,0,1,1,B03,8,1,5,50,3,2,1,5,4,5,7,4,4,10,4,5,1,12,2,53,4,11,3,4,7,6,7,19,11,15,,9,9,2,22,9,121.5192334,25.0450131
111,6,6,12,51,2,05中正區,中正區中山南路與中山南路2巷口,0,0,1,2,C04,8,1,5,50,3,2,1,5,4,5,7,4,4,10,4,5,1,12,1,18,2,8,1,1,7,9,1,10,2,14,,23,9,1,22,9,121.5192334,25.0450131
111,6,6,12,51,2,08士林區,士林區延平北路7段106巷社子大橋下橋處,0,0,1,1,B03,7,1,5,30,15,9,1,4,4,5,7,1,1,1,5,5,1,17,1,26,3,10,1,1,7,11,1,8,1,8,,10,10,1,22,9,121.4921326,25.1119126
111,6,6,12,51,2,08士林區,士林區延平北路7段106巷社子大橋下橋處,0,0,1,2,C03,7,1,5,30,15,9,1,4,4,5,7,1,1,1,5,5,1,17,2,51,2,9,1,1,7,9,1,10,1,11,,44,10,1,22,9,121.4921326,25.1119126
111,6,6,13,14,2,04大安區,大安區仁愛路3段30號,0,0,1,1,B12,7,1,5,0,14,9,1,4,4,5,7,4,4,1,4,5,2,12,1,36,4,11,3,4,7,10,7,19,11,15,,7,7,2,22,9,121.5367727,25.0375816
111,6,6,13,14,2,04大安區,大安區仁愛路3段30號,0,0,1,2,C03,7,1,5,0,14,9,1,4,4,5,7,4,4,1,4,5,2,12,1,45,2,9,1,1,7,9,1,10,1,14,,44,7,1,22,9,121.5367727,25.0375816
111,6,6,14,0,2,03中山區,中山區中山北路1段與長安西路口,0,0,1,1,B03,6,1,5,50,4,1,1,4,4,5,7,2,1,1,4,5,2,1,1,31,3,10,3,4,7,5,1,8,2,1,,15,15,1,22,9,121.5215325,25.04974878
111,6,6,14,0,2,03中山區,中山區中山北路1段與長安西路口,0,0,1,2,H01,6,1,5,50,4,1,1,4,4,5,7,2,1,1,4,5,2,1,2,31,2,9,4,5,8,16,8,20,10,16,,67,15,1,22,9,121.5215325,25.04974878
111,6,6,14,10,2,12內湖區,內湖區內湖路1段120巷與基湖路10巷口,0,0,2,1,B03,6,1,5,50,3,1,1,4,4,5,7,4,4,9,5,5,2,11,1,55,2,7,1,1,7,5,1,8,1,8,,6,6,1,22,9,121.5629233,25.08268978
111,6,6,14,10,2,12內湖區,內湖區內湖路1段120巷與基湖路10巷口,0,0,2,2,C03,6,1,5,50,3,1,1,4,4,5,7,4,4,9,5,5,2,11,1,39,2,9,1,1,7,9,1,10,1,14,,44,6,1,22,9,121.5629233,25.08268978
111,6,6,14,15,2,07信義區,信義區市民大道6段與永吉路127巷口,0,0,1,1,C03,6,1,5,40,3,1,1,4,4,5,7,4,4,1,4,5,2,18,1,30,2,9,3,4,7,6,1,10,1,12,,43,43,1,22,9,121.5704672,25.04916982
111,6,6,14,15,2,07信義區,信義區市民大道6段與永吉路127巷口,0,0,1,2,,6,1,5,40,3,1,1,4,4,5,7,4,4,1,4,5,2,18,3,,,,,,,,,,,,,67,43,1,,,121.5704672,25.04916982
111,6,6,14,57,2,04大安區,大安區基隆路3段與辛亥路3段口,0,0,1,1,C03,6,1,5,50,4,1,1,4,4,5,7,1,1,10,3,5,2,17,1,19,3,10,1,1,7,5,1,10,1,15,,8,8,1,22,9,121.5463807,25.0190762
111,6,6,14,57,2,04大安區,大安區基隆路3段與辛亥路3段口,0,0,1,2,C03,6,1,5,50,4,1,1,4,4,5,7,1,1,10,3,5,2,17,1,25,2,9,1,1,7,9,1,10,1,14,,42,8,1,22,9,121.5463807,25.0190762
111,6,6,15,30,2,12內湖區,內湖區民權東路6段232巷內,0,0,1,1,C03,6,1,5,30,13,9,1,4,4,5,7,4,4,10,5,5,2,17,2,28,2,9,1,1,7,9,1,10,1,12,,43,43,1,22,9,121.6000016,25.06637599
111,6,6,15,30,2,12內湖區,內湖區民權東路6段232巷內,0,0,1,2,B12,6,1,5,30,13,9,1,4,4,5,7,4,4,10,5,5,2,17,1,22,3,10,1,1,7,13,1,8,1,4,,44,43,1,22,9,121.6000016,25.06637599
111,6,6,16,0,2,07信義區,信義區基隆路1段與松壽路口,0,0,1,2,C03,6,1,5,0,4,2,1,4,4,5,7,1,1,1,4,5,2,17,1,33,2,9,3,4,7,9,1,10,9,11,,43,43,1,22,9,121.5611206,25.0358319
111,6,6,16,0,2,07信義區,信義區基隆路1段與松壽路口,0,0,1,1,F01,6,1,5,0,4,2,1,4,4,5,7,1,1,1,4,5,2,17,4,,4,11,3,4,7,15,7,19,11,15,,43,43,2,22,9,121.5611206,25.0358319
111,6,6,16,24,2,08士林區,士林區重慶北路4段49巷與重慶北路4段49巷15弄口,0,0,1,1,C03,6,1,5,30,4,2,1,4,4,5,7,4,4,10,5,5,2,17,1,26,3,10,1,1,7,6,1,10,1,11,,23,23,1,22,9,121.5116928,25.08098872
111,6,6,16,24,2,08士林區,士林區重慶北路4段49巷與重慶北路4段49巷15弄口,0,0,1,2,C02,6,1,5,30,4,2,1,4,4,5,7,4,4,10,5,5,2,17,1,24,2,9,1,1,7,14,1,10,1,14,,44,23,1,22,9,121.5116928,25.08098872
111,6,6,17,0,2,08士林區,士林區中正路302號,0,0,1,1,A02,6,1,5,50,14,9,1,4,4,5,7,4,4,1,5,5,1,17,1,48,3,10,1,1,7,14,1,2,1,9,,44,44,1,22,9,121.5233631,25.09478996
111,6,6,17,0,2,08士林區,士林區中正路302號,0,0,1,2,B03,6,1,5,50,14,9,1,4,4,5,7,4,4,1,5,5,1,17,2,71,2,2,1,1,7,14,1,8,1,10,,44,44,1,22,9,121.5233631,25.09478996
111,6,6,17,0,2,08士林區,士林區中正路302號,0,0,1,4,B03,6,1,5,50,14,9,1,4,4,5,7,4,4,1,5,5,1,17,1,51,3,10,1,1,7,14,1,8,1,9,,44,44,1,22,9,121.5233631,25.09478996
111,6,6,17,0,2,08士林區,士林區中正路302號,0,0,1,3,B03,6,1,5,50,14,9,1,4,4,5,7,4,4,1,5,5,1,17,2,46,3,10,1,1,7,9,1,8,1,9,,44,44,1,22,9,121.5233631,25.09478996
111,6,6,17,0,2,08士林區,士林區中正路302號,0,0,1,5,,6,1,5,50,14,9,1,4,4,5,7,4,4,1,5,5,1,17,3,,,,,,,,,,,,,61,44,1,,,121.5233631,25.09478996
111,6,6,17,10,2,10文山區,文山區木新路2段161巷12弄與木新路2段161巷口,0,0,1,1,C03,6,1,5,30,4,1,1,4,4,5,7,1,1,10,5,5,2,12,1,18,3,10,3,4,7,5,1,10,2,14,,6,6,1,21,8,121.5691527,24.98313722
111,6,6,17,10,2,10文山區,文山區木新路2段161巷12弄與木新路2段161巷口,0,0,1,2,C03,6,1,5,30,4,1,1,4,4,5,7,1,1,10,5,5,2,12,1,24,3,10,3,4,7,4,1,10,2,12,,23,6,1,21,8,121.5691527,24.98313722
111,6,6,17,10,2,10文山區,文山區木新路2段161巷12弄與木新路2段161巷口,0,0,1,3,H02,6,1,5,30,4,1,1,4,4,5,7,1,1,10,5,5,2,12,1,17,2,8,3,5,7,20,8,20,10,16,,67,6,1,21,8,121.5691527,24.98313722
111,6,6,17,50,2,09北投區,北投區光明路223號與光明路口,0,0,1,1,B03,6,1,5,50,3,2,1,4,4,5,7,1,1,7,4,5,1,12,1,33,3,10,1,1,7,11,1,8,1,7,,6,6,1,22,9,121.5043092,25.13643444
111,6,6,17,50,2,09北投區,北投區光明路223號與光明路口,0,0,1,2,C03,6,1,5,50,3,2,1,4,4,5,7,1,1,7,4,5,1,12,1,27,2,7,1,1,7,9,1,10,1,11,,16,6,1,22,9,121.5043092,25.13643444
111,6,6,18,6,2,06松山區,松山區民權東路4段121號,0,0,1,1,B03,6,2,5,50,14,9,1,4,4,5,7,4,4,1,3,4,2,17,1,50,3,10,3,4,7,15,1,8,1,2,,43,43,1,22,9,121.5565022,25.06204405
111,6,6,18,6,2,06松山區,松山區民權東路4段121號,0,0,1,2,C03,6,2,5,50,14,9,1,4,4,5,7,4,4,1,3,4,2,17,2,61,2,9,1,1,7,9,1,10,1,14,,43,43,1,22,9,121.5565022,25.06204405
111,6,6,18,13,2,04大安區,大安區市民大道3段224號,0,0,1,1,C03,6,1,5,40,14,9,1,4,4,5,7,4,4,8,3,5,2,13,1,37,2,8,1,1,7,9,3,18,1,11,,16,16,1,22,9,121.5409857,25.04445092
111,6,6,18,13,2,04大安區,大安區市民大道3段224號,0,0,1,2,B03,6,1,5,40,14,9,1,4,4,5,7,4,4,8,3,5,2,13,1,49,3,10,1,1,7,12,1,8,1,3,,44,16,1,22,9,121.5409857,25.04445092
111,6,6,18,16,2,08士林區,士林區承德路4段40巷105號,0,0,2,1,C03,6,1,5,50,14,9,1,4,4,5,7,4,4,9,4,5,2,3,1,20,2,7,1,2,7,9,3,18,1,11,,41,41,1,22,9,121.5206228,25.08157004
111,6,6,18,16,2,08士林區,士林區承德路4段40巷105號,0,0,2,2,H01,6,1,5,50,14,9,1,4,4,5,7,4,4,9,4,5,2,3,2,31,2,9,4,5,8,16,8,20,1,16,,51,41,1,22,9,121.5206228,25.08157004
111,6,6,18,20,2,07信義區,信義區永吉路與虎林街口,0,0,2,1,C03,6,1,5,50,4,2,1,4,4,5,7,2,1,10,5,5,2,17,2,21,2,9,1,1,7,11,1,10,1,12,,10,10,1,22,9,121.576987,25.04546475
111,6,6,18,20,2,07信義區,信義區永吉路與虎林街口,0,0,2,2,C03,6,1,5,50,4,2,1,4,4,5,7,2,1,10,5,5,2,17,1,40,2,9,1,1,7,9,1,10,1,14,,42,10,1,22,9,121.576987,25.04546475
111,6,6,18,28,2,06松山區,松山區光復北路與民生東路4段112巷3弄口,0,0,1,1,C03,6,3,5,30,4,2,1,4,4,5,7,1,1,8,3,5,1,16,1,55,2,8,3,1,7,6,1,10,2,14,,6,6,1,22,9,121.5553783,25.05739923
111,6,6,18,28,2,06松山區,松山區光復北路與民生東路4段112巷3弄口,0,0,1,2,B01,6,3,5,30,4,2,1,4,4,5,7,1,1,8,3,5,1,16,1,21,3,10,3,1,7,9,1,4,2,5,,44,6,1,22,9,121.5553783,25.05739923
111,6,6,18,30,2,05中正區,中正區中華路1段與貴陽街1段口口,0,0,1,1,C03,6,3,5,50,4,2,1,4,4,5,7,2,1,9,4,4,1,10,2,61,4,11,3,4,7,15,7,19,11,15,,25,25,2,22,9,121.5073904,25.03920731
111,6,6,18,30,2,05中正區,中正區中華路1段與貴陽街1段口口,0,0,1,2,C03,6,3,5,50,4,2,1,4,4,5,7,2,1,9,4,4,1,10,1,28,2,7,1,1,7,9,1,10,1,14,,25,25,1,21,1,121.5073904,25.03920731
111,6,6,18,32,2,06松山區,松山區南京東路4段75巷與南京東路4段75巷14弄口口,0,0,1,1,B03,6,3,5,30,4,1,1,4,4,5,7,4,4,10,5,5,2,15,1,56,3,10,3,4,7,9,1,8,2,1,,6,6,1,22,9,121.5536953,25.0522422
111,6,6,18,32,2,06松山區,松山區南京東路4段75巷與南京東路4段75巷14弄口口,0,0,1,2,C03,6,3,5,30,4,1,1,4,4,5,7,4,4,10,5,5,2,15,2,42,2,9,3,4,7,9,1,10,2,12,,23,6,1,22,9,121.5536953,25.0522422
111,6,6,18,47,2,04大安區,大安區辛亥路1段與辛亥路1段77巷口,0,0,1,1,B03,6,3,5,50,3,2,1,4,4,5,7,4,4,1,4,4,2,17,1,68,4,11,3,4,7,15,7,19,11,15,,6,6,2,22,9,121.5305723,25.0211689
111,6,6,18,47,2,04大安區,大安區辛亥路1段與辛亥路1段77巷口,0,0,1,2,C03,6,3,5,50,3,2,1,4,4,5,7,4,4,1,4,4,2,17,2,25,2,9,1,1,7,9,1,10,1,12,,14,6,1,22,9,121.5305723,25.0211689
111,6,6,18,48,2,06松山區,松山區民生東路5段127號,0,0,1,1,C03,6,3,5,50,14,9,1,4,4,5,7,4,4,3,4,5,2,12,1,29,2,9,1,1,7,7,1,10,1,14,,7,7,1,22,9,121.5612184,25.05876214
111,6,6,18,48,2,06松山區,松山區民生東路5段127號,0,0,1,2,B03,6,3,5,50,14,9,1,4,4,5,7,4,4,3,4,5,2,12,1,59,3,10,1,1,7,9,1,8,1,5,,44,7,1,22,9,121.5612184,25.05876214
111,6,6,19,0,2,05中正區,中正區濟南路1段2-2號,0,0,1,1,C03,6,3,5,50,14,18,1,4,4,5,7,4,4,9,4,5,2,3,1,51,3,10,1,4,7,9,6,10,2,11,,15,15,1,22,9,121.5198524,25.04310847
111,6,6,19,0,2,05中正區,中正區濟南路1段2-2號,0,0,1,2,H01,6,3,5,50,14,18,1,4,4,5,7,4,4,9,4,5,2,3,1,26,2,9,4,5,8,16,8,20,10,16,,67,15,1,22,9,121.5198524,25.04310847
111,6,6,19,5,2,12內湖區,內湖區新湖一路與新湖一路36巷口,0,0,1,1,B03,6,3,5,50,4,1,1,4,4,5,7,4,4,5,5,5,2,16,1,34,2,9,1,1,7,9,1,8,1,2,,6,6,1,22,9,121.5748526,25.05833554
111,6,6,19,5,2,12內湖區,內湖區新湖一路與新湖一路36巷口,0,0,1,2,B01,6,3,5,50,4,1,1,4,4,5,7,4,4,5,5,5,2,16,1,57,3,10,1,1,7,9,1,4,1,1,,23,6,1,22,9,121.5748526,25.05833554
111,6,6,19,5,2,12內湖區,內湖區新湖一路與新湖一路36巷口,0,0,1,3,B03,6,3,5,50,4,1,1,4,4,5,7,4,4,5,5,5,2,16,2,38,3,10,3,4,7,13,7,19,11,1,,44,6,1,22,9,121.5748526,25.05833554
111,6,6,19,5,2,12內湖區,內湖區新湖一路與新湖一路36巷口,0,0,1,4,B03,6,3,5,50,4,1,1,4,4,5,7,4,4,5,5,5,2,16,1,58,3,10,3,4,7,13,7,19,11,1,,44,6,1,22,9,121.5748526,25.05833554
111,6,6,19,52,2,10文山區,文山區景文街與景文街142巷口,0,0,1,1,C03,6,3,5,50,5,2,1,4,4,5,7,1,1,5,5,4,2,13,1,44,2,9,1,1,7,9,1,10,1,11,,23,23,1,22,9,121.540861,24.988408
111,6,6,19,52,2,10文山區,文山區景文街與景文街142巷口,0,0,1,2,B03,6,3,5,50,5,2,1,4,4,5,7,1,1,5,5,4,2,13,2,42,3,10,1,1,7,9,1,8,1,3,,44,23,1,22,9,121.540861,24.988408
111,6,6,19,57,2,11南港區,南港區經貿二路157巷36弄與經貿二路235巷口,0,0,1,2,H01,6,3,5,50,4,1,1,4,4,5,7,2,1,4,5,5,2,2,2,33,2,8,4,1,8,16,8,20,10,16,,51,15,1,22,9,121.6153215,25.06135034
111,6,6,19,57,2,11南港區,南港區經貿二路157巷36弄與經貿二路235巷口,0,0,1,1,B12,6,3,5,50,4,1,1,4,4,5,7,2,1,4,5,5,2,2,1,50,3,10,1,1,7,5,1,8,2,1,,15,15,1,22,9,121.6153215,25.06135034
111,6,6,20,0,2,06松山區,松山區南京東路5段123巷與南京東路5段123巷2弄口,0,0,1,1,C03,6,3,5,30,4,1,1,4,4,5,7,4,4,10,5,5,2,15,1,25,2,7,1,1,7,9,1,10,1,11,,6,6,1,22,9,121.5607978,25.05208611
111,6,6,20,0,2,06松山區,松山區南京東路5段123巷與南京東路5段123巷2弄口,0,0,1,2,B01,6,3,5,30,4,1,1,4,4,5,7,4,4,10,5,5,2,15,1,53,3,10,1,1,7,9,1,3,1,4,,44,6,1,22,9,121.5607978,25.05208611
111,6,6,20,40,2,10文山區,文山區木新路3段95號,0,0,1,1,B03,6,3,5,30,3,2,1,4,4,5,7,4,4,4,3,5,2,17,2,39,3,10,1,1,7,5,1,8,1,15,,8,8,1,22,9,121.5628257,24.9821689
111,6,6,20,40,2,10文山區,文山區木新路3段95號,0,0,1,2,C03,6,3,5,30,3,2,1,4,4,5,7,4,4,4,3,5,2,17,2,24,2,8,1,1,7,9,1,10,1,15,,16,8,1,22,9,121.5628257,24.9821689
111,6,6,21,55,2,12內湖區,內湖區麗山街68巷與麗山街口,0,0,2,1,C03,6,3,5,50,4,2,1,4,4,5,7,4,4,5,5,5,2,12,1,36,2,9,1,1,7,9,1,10,1,11,,23,23,1,22,9,121.5776026,25.08291941
111,6,6,21,55,2,12內湖區,內湖區麗山街68巷與麗山街口,0,0,2,2,C03,6,3,5,50,4,2,1,4,4,5,7,4,4,5,5,5,2,12,1,25,2,9,1,1,7,11,1,10,1,14,,10,23,1,22,9,121.5776026,25.08291941
111,6,6,22,10,2,02萬華區,萬華區桂林路214號,0,0,1,1,B02,6,3,5,50,14,9,1,4,4,5,7,4,4,5,5,5,2,16,2,28,3,10,1,1,7,11,1,8,1,8,,10,10,1,22,9,121.4967224,25.03858642
111,6,6,22,10,2,02萬華區,萬華區桂林路214號,0,0,1,2,C03,6,3,5,50,14,9,1,4,4,5,7,4,4,5,5,5,2,16,1,25,2,9,1,1,7,9,1,10,1,12,,44,10,1,22,9,121.4967224,25.03858642
111,6,7,0,29,2,02萬華區,萬華區寶興街34號,0,0,1,1,B12,6,3,5,50,14,9,1,4,4,5,7,4,4,5,4,5,2,10,1,54,3,10,1,4,7,15,1,7,2,1,,4,4,1,22,9,121.4935623,25.02723468
111,6,7,0,29,2,02萬華區,萬華區寶興街34號,0,0,1,2,C03,6,3,5,50,14,9,1,4,4,5,7,4,4,5,4,5,2,10,2,19,2,9,1,4,7,12,3,18,2,11,,44,4,1,22,9,121.4935623,25.02723468
111,6,7,0,45,2,04大安區,大安區忠孝東路3段與建國南路1段口,0,0,1,1,C03,6,3,5,50,4,1,1,4,4,5,7,1,1,10,5,5,2,21,1,28,2,9,1,1,7,9,1,10,1,11,,23,23,1,22,9,121.5366437,25.0418786
111,6,7,0,45,2,04大安區,大安區忠孝東路3段與建國南路1段口,0,0,1,2,,6,3,5,50,4,1,1,4,4,5,7,1,1,10,5,5,2,21,3,,,,,,,,,,,,,67,23,1,,,121.5366437,25.0418786
111,6,7,1,35,2,12內湖區,內湖區瑞光路與江南街71巷16弄口,0,0,1,1,B03,6,3,5,50,4,1,1,4,4,5,7,3,1,5,4,5,2,15,1,41,3,10,1,1,7,9,1,8,1,5,,6,6,1,22,9,121.5769395,25.0751418
111,6,7,1,35,2,12內湖區,內湖區瑞光路與江南街71巷16弄口,0,0,1,2,C03,6,3,5,50,4,1,1,4,4,5,7,3,1,5,4,5,2,15,1,43,2,5,1,1,7,9,1,10,1,14,,23,6,1,22,9,121.5769395,25.0751418
111,6,7,5,53,2,09北投區,北投區中央北路1段與大同街口,0,0,1,1,C03,6,1,5,50,4,1,1,4,4,5,7,1,1,10,5,5,2,16,1,19,3,10,1,1,7,1,6,10,1,14,,19,19,1,22,9,121.4988215,25.13523964
111,6,7,5,53,2,09北投區,北投區中央北路1段與大同街口,0,0,1,2,C03,6,1,5,50,4,1,1,4,4,5,7,1,1,10,5,5,2,16,1,24,2,9,1,1,7,9,1,10,1,11,,44,19,1,22,9,121.4988215,25.13523964
111,6,7,6,10,2,03中山區,中山區市民大道3段與建國南路1段口,0,0,1,1,B03,6,1,5,40,4,1,1,4,4,5,7,1,1,10,4,5,2,16,1,64,3,10,1,4,7,6,1,8,2,5,,25,25,1,22,9,121.5369692,25.04494868
111,6,7,6,10,2,03中山區,中山區市民大道3段與建國南路1段口,0,0,1,2,C03,6,1,5,40,4,1,1,4,4,5,7,1,1,10,4,5,2,16,1,25,2,9,1,4,7,9,1,10,2,11,,44,25,1,22,9,121.5369692,25.04494868
111,6,7,6,31,2,05中正區,中正區市民大道1段與承德路1段口,0,0,2,1,C03,6,1,5,40,4,1,1,4,4,5,7,1,1,1,4,1,2,16,2,64,2,9,1,1,7,9,1,10,2,11,,25,25,1,22,9,121.5164495,25.04864623
111,6,7,6,31,2,05中正區,中正區市民大道1段與承德路1段口,0,0,2,2,C03,6,1,5,40,4,1,1,4,4,5,7,1,1,1,4,1,2,16,1,67,2,7,1,1,7,9,1,10,2,11,,44,25,1,22,9,121.5164495,25.04864623
111,6,7,6,40,2,07信義區,信義區松山路與松隆路口,0,0,1,1,B12,6,1,5,50,4,1,1,4,4,5,7,2,1,1,4,5,1,12,1,58,3,10,3,4,7,8,1,4,1,2,,7,7,1,22,9,121.5778678,25.0480287
111,6,7,6,40,2,07信義區,信義區松山路與松隆路口,0,0,1,2,C03,6,1,5,50,4,1,1,4,4,5,7,2,1,1,4,5,1,12,2,51,2,9,3,4,7,9,1,10,1,14,,44,7,1,22,9,121.5778678,25.0480287
111,6,7,6,55,2,09北投區,北投區大度路1段9號前機慢車優先道,0,0,1,1,C03,6,1,5,0,14,11,1,4,4,5,7,4,4,1,2,4,2,17,4,,4,11,3,4,7,15,7,19,11,15,,43,43,2,22,9,121.4992872,25.12098661
111,6,7,6,55,2,09北投區,北投區大度路1段9號前機慢車優先道,0,0,1,2,C03,6,1,5,0,14,11,1,4,4,5,7,4,4,1,2,4,2,17,2,42,2,9,1,1,7,9,1,10,2,13,,43,43,1,22,9,121.4992872,25.12098661
111,6,7,7,35,2,06松山區,松山區南京東路5段與塔悠路口,0,0,1,1,C03,7,1,5,50,3,1,1,4,4,5,7,1,1,10,5,5,2,16,1,53,2,9,1,1,7,5,1,10,1,14,,8,8,1,22,9,121.5704529,25.05155195
111,6,7,7,35,2,06松山區,松山區南京東路5段與塔悠路口,0,0,1,2,B03,7,1,5,50,3,1,1,4,4,5,7,1,1,10,5,5,2,16,1,33,3,10,1,1,7,9,1,8,1,5,,44,8,1,22,9,121.5704529,25.05155195
111,6,7,7,45,1,03中山區,中山區民權東路1段69號,1,0,1,3,C03,7,1,5,50,14,9,1,4,4,5,7,4,4,3,4,5,2,13,1,28,2,8,1,1,7,9,1,10,2,12,,42,7,1,22,9,121.5262675,25.06272059
111,6,7,7,45,1,03中山區,中山區民權東路1段69號,1,0,1,1,B03,7,1,5,50,14,9,1,4,4,5,7,4,4,3,4,5,2,13,1,57,3,10,1,1,7,7,6,8,2,7,,7,7,1,22,9,121.5262675,25.06272059
111,6,7,7,45,1,03中山區,中山區民權東路1段69號,1,0,1,2,C03,7,1,5,50,14,9,1,4,4,5,7,4,4,3,4,5,2,13,1,53,1,9,1,1,7,9,1,9,2,11,,13,7,1,22,9,121.5262675,25.06272059
111,6,7,7,50,2,04大安區,大安區金山南路2段218號,0,0,1,1,C03,6,1,5,50,14,9,1,4,4,5,7,4,4,1,5,5,2,13,1,36,2,8,1,1,7,9,1,10,1,11,,16,16,1,22,9,121.5260547,25.02769634
111,6,7,7,50,2,04大安區,大安區金山南路2段218號,0,0,1,2,B01,6,1,5,50,14,9,1,4,4,5,7,4,4,1,5,5,2,13,1,68,3,10,1,1,7,9,1,4,1,3,,44,16,1,22,9,121.5260547,25.02769634
111,6,7,7,52,2,08士林區,士林區承德路4段與中正路口,0,0,1,1,C03,8,1,5,0,4,2,1,5,4,5,7,1,1,9,4,5,1,17,1,45,4,11,3,4,7,8,7,19,11,15,,7,7,2,22,9,121.5165948,25.09100374
111,6,7,7,52,2,08士林區,士林區承德路4段與中正路口,0,0,1,2,C03,8,1,5,0,4,2,1,5,4,5,7,1,1,9,4,5,1,17,1,52,2,9,1,1,7,9,1,10,1,11,,44,7,1,22,9,121.5165948,25.09100374
111,6,7,8,5,2,10文山區,文山區木柵路2段204巷與興隆路4段105巷口,0,0,2,1,C03,6,1,5,30,14,9,1,4,4,5,7,4,4,5,2,5,2,16,2,55,2,9,1,1,7,9,1,10,2,11,12,23,23,1,22,9,121.5636916,24.98810517
111,6,7,8,5,2,10文山區,文山區木柵路2段204巷與興隆路4段105巷口,0,0,2,2,C03,6,1,5,30,14,9,1,4,4,5,7,4,4,5,2,5,2,16,1,43,2,9,1,1,7,9,1,10,2,11,12,44,23,1,22,9,121.5636916,24.98810517
111,6,7,8,12,2,04大安區,大安區信義路4段與復興南路1段口,0,0,1,1,C03,6,1,5,50,5,2,1,4,4,5,7,1,1,8,3,5,2,13,2,54,2,8,1,1,7,9,1,10,1,11,,16,16,1,22,9,121.5436772,25.03319613
111,6,7,8,12,2,04大安區,大安區信義路4段與復興南路1段口,0,0,1,2,B03,6,1,5,50,5,2,1,4,4,5,7,1,1,8,3,5,2,13,1,44,3,10,1,1,7,9,1,8,1,3,,44,16,1,22,9,121.5436772,25.03319613
111,6,7,8,14,2,07信義區,信義區和平東路3段559號(麟光公車站牌),0,0,2,1,C03,6,3,5,50,14,9,1,4,4,5,7,4,4,9,4,5,1,13,1,31,2,8,3,4,7,9,1,10,1,11,,16,16,1,22,9,121.5607254,25.01598336
111,6,7,8,14,2,07信義區,信義區和平東路3段559號(麟光公車站牌),0,0,2,2,C03,6,3,5,50,14,9,1,4,4,5,7,4,4,9,4,5,1,13,1,65,2,8,3,4,7,14,1,10,1,13,,44,16,1,22,9,121.5607254,25.01598336
111,6,7,8,14,2,07信義區,信義區和平東路3段559號(麟光公車站牌),0,0,2,3,C03,6,3,5,50,14,9,1,4,4,5,7,4,4,9,4,5,1,13,1,30,3,10,3,4,7,9,1,10,9,15,,42,16,2,22,9,121.5607254,25.01598336