發生年度,發生月,發生日,發生時-Hours,發生分,處理別-編號,區序,肇事地點,死亡人數,2-30日死亡人數,受傷人數,當事人序號,車種,天候,光線,道路類別,速限-速度限制,道路型態,事故位置,路面狀況1,路面狀況2,路面狀況3,道路障礙1,道路障礙2,號誌1,號誌2,車道劃分-分向,車道劃分-分道1,車道劃分-分道2,車道劃分-分道3,事故類型及型態,性別,年齡,受傷程度,主要傷處,安全帽,行動電話,車輛用途,當事者行動狀態,駕駛資格情形,駕駛執照種類,飲酒情形,車輛撞擊部位1,車輛撞擊部位2,肇因碼-個別,肇因碼-主要,個人肇逃否,職業,旅次目的,座標-X,座標-Y
111,6,7,8,51,2,11南港區,南港區成美橋上橋處南往北方向,0,0,1,1,C03,6,1,5,50,14,9,1,4,4,5,7,4,4,4,3,5,2,12,2,64,2,3,1,1,7,9,1,10,2,11,,43,43,1,22,9,121.582955,25.05221
111,6,7,8,51,2,11南港區,南港區成美橋上橋處南往北方向,0,0,1,2,C03,6,1,5,50,14,9,1,4,4,5,7,4,4,4,3,5,2,12,1,37,3,10,1,1,7,9,1,10,2,13,,43,43,1,22,9,121.582955,25.05221
111,6,7,8,52,2,03中山區,中山區林森北路與民生東路1段口,0,0,2,1,C03,6,1,5,50,4,1,1,4,4,5,7,2,1,5,4,5,2,11,2,18,4,11,3,4,7,15,7,19,11,15,,23,23,2,22,9,121.5255402,25.0580815
111,6,7,8,52,2,03中山區,中山區林森北路與民生東路1段口,0,0,2,2,C03,6,1,5,50,4,1,1,4,4,5,7,2,1,5,4,5,2,11,2,28,2,7,1,4,7,14,1,10,1,12,,6,23,1,22,9,121.5255402,25.0580815
111,6,7,8,52,2,03中山區,中山區林森北路與民生東路1段口,0,0,2,3,H02,6,1,5,50,4,1,1,4,4,5,7,2,1,5,4,5,2,11,2,28,2,8,4,5,7,20,8,20,10,16,,67,23,1,22,9,121.5255402,25.0580815
111,6,7,8,54,2,09北投區,北投區立德路15號,0,0,1,1,B03,6,1,5,50,14,9,1,4,4,5,7,4,4,9,4,5,2,17,1,43,3,10,1,1,7,8,1,8,1,15,,7,7,1,22,9,121.4716301,25.12437071
111,6,7,8,54,2,09北投區,北投區立德路15號,0,0,1,2,C03,6,1,5,50,14,9,1,4,4,5,7,4,4,9,4,5,2,17,1,23,2,9,1,1,7,9,1,10,1,12,,42,7,1,22,9,121.4716301,25.12437071
111,6,7,8,56,2,12內湖區,內湖區安康路22巷33號前,0,0,1,1,B03,7,1,5,50,14,9,1,4,4,5,7,4,4,9,5,5,2,12,2,46,3,10,1,1,7,6,1,8,1,5,,9,9,1,22,9,121.593881,25.0612492
111,6,7,8,56,2,12內湖區,內湖區安康路22巷33號前,0,0,1,2,C03,7,1,5,50,14,9,1,4,4,5,7,4,4,9,5,5,2,12,1,24,2,9,1,1,7,9,1,10,1,14,,44,9,1,22,9,121.593881,25.0612492
111,6,7,8,57,2,09北投區,北投區行義路與行義路170巷口,0,0,1,1,B01,6,1,5,40,3,1,1,4,4,5,7,4,4,8,5,5,1,12,1,65,3,10,1,1,7,5,1,4,2,4,,8,8,1,22,9,121.5281706,25.1314373
111,6,7,8,57,2,09北投區,北投區行義路與行義路170巷口,0,0,1,2,C03,6,1,5,40,3,1,1,4,4,5,7,4,4,8,5,5,1,12,1,50,2,9,1,1,7,4,1,10,2,11,,13,8,1,22,9,121.5281706,25.1314373
111,6,7,9,5,2,06松山區,松山區市民高架道東向西,0,0,1,1,B03,8,1,5,50,14,7,1,5,4,5,7,4,4,10,3,5,2,13,1,42,3,10,1,1,7,7,1,8,1,1,,16,16,1,22,9,121.5676991,25.04666387
111,6,7,9,5,2,06松山區,松山區市民高架道東向西,0,0,1,2,B12,8,1,5,50,14,7,1,5,4,5,7,4,4,10,3,5,2,13,1,48,2,9,1,1,7,12,1,8,1,3,,44,16,1,22,9,121.5676991,25.04666387
111,6,7,9,5,2,06松山區,松山區市民高架道東向西,0,0,1,3,B02,8,1,5,50,14,7,1,5,4,5,7,4,4,10,3,5,2,13,1,41,3,10,1,1,7,12,1,8,1,3,,44,16,1,22,9,121.5676991,25.04666387
111,6,7,9,18,2,10文山區,文山區景美舊橋與景美街口,0,0,1,1,B03,6,1,5,50,4,1,1,4,4,5,7,1,1,5,5,5,2,15,1,34,3,10,1,1,7,9,1,8,1,8,,25,25,1,22,9,121.5408645,24.98838172
111,6,7,9,18,2,10文山區,文山區景美舊橋與景美街口,0,0,1,2,C03,6,1,5,50,4,1,1,4,4,5,7,1,1,5,5,5,2,15,2,52,2,9,1,1,7,9,1,10,1,12,,25,25,1,22,9,121.5408645,24.98838172
111,6,7,9,40,2,05中正區,中正區和平西路1段26號前,0,0,1,1,B01,6,1,5,50,14,8,1,4,4,5,7,4,4,1,4,4,2,12,1,69,3,10,1,1,7,8,1,8,1,2,,7,7,1,22,9,121.5206076,25.0266528
111,6,7,9,40,2,05中正區,中正區和平西路1段26號前,0,0,1,2,C03,6,1,5,50,14,8,1,4,4,5,7,4,4,1,4,4,2,12,1,25,2,9,1,1,7,9,1,10,1,14,,44,7,1,22,9,121.5206076,25.0266528
111,6,7,9,43,2,02萬華區,萬華區環河南路1段與峨眉街口口,0,0,1,1,C03,6,1,5,30,3,1,1,4,4,5,7,4,4,10,5,5,2,17,2,53,4,11,3,4,7,1,7,19,11,15,,19,19,2,22,9,121.5014593,25.0448129
111,6,7,9,43,2,02萬華區,萬華區環河南路1段與峨眉街口口,0,0,1,2,C03,6,1,5,30,3,1,1,4,4,5,7,4,4,10,5,5,2,17,2,33,2,7,3,1,7,9,1,10,1,11,,13,19,1,22,9,121.5014593,25.0448129
111,6,7,9,49,2,05中正區,中正區開封街1段與博愛路口,0,0,1,1,B03,6,1,5,50,4,1,1,4,4,5,7,1,1,10,4,5,2,17,2,53,3,10,1,1,7,1,1,8,2,15,,19,19,1,22,9,121.5114053,25.04600162
111,6,7,9,49,2,05中正區,中正區開封街1段與博愛路口,0,0,1,2,C03,6,1,5,50,4,1,1,4,4,5,7,1,1,10,4,5,2,17,1,43,2,9,1,1,7,9,1,10,2,14,,44,19,1,22,9,121.5114053,25.04600162
111,6,7,10,18,2,03中山區,中山區南京東路3段與龍江路口,0,0,1,1,B01,6,1,5,50,4,2,1,4,4,5,7,1,1,1,4,4,2,17,4,,4,11,3,4,7,15,7,19,11,15,,43,43,2,22,9,121.5403532,25.0518209
111,6,7,10,18,2,03中山區,中山區南京東路3段與龍江路口,0,0,1,2,C03,6,1,5,50,4,2,1,4,4,5,7,1,1,1,4,4,2,17,1,49,2,9,1,1,7,9,1,10,1,14,,44,43,1,22,9,121.5403532,25.0518209
111,6,7,10,18,2,05中正區,中正區濟南路1段15號對面51號停車格,0,0,1,1,B02,6,1,5,50,14,9,1,4,4,5,7,4,4,10,4,4,2,9,1,46,3,10,1,1,7,11,1,8,2,5,,23,23,1,22,9,121.5224126,25.04249818
111,6,7,10,18,2,05中正區,中正區濟南路1段15號對面51號停車格,0,0,1,2,H03,6,1,5,50,14,9,1,4,4,5,7,4,4,10,4,4,2,9,1,61,2,8,4,5,8,17,8,20,10,16,,63,23,1,22,9,121.5224126,25.04249818
111,6,7,10,35,2,05中正區,中正區南昌路2段與同安街口,0,0,1,1,B12,6,1,5,50,4,1,1,4,4,5,7,2,1,4,4,5,1,16,1,47,3,10,1,1,7,11,1,8,2,5,,10,10,1,22,9,121.5225426,25.0256563
111,6,7,10,35,2,05中正區,中正區南昌路2段與同安街口,0,0,1,2,C03,6,1,5,50,4,1,1,4,4,5,7,2,1,4,4,5,1,16,2,25,2,9,1,1,7,9,1,10,2,12,,44,10,1,22,9,121.5225426,25.0256563
111,6,7,10,38,2,07信義區,信義區莊敬路與莊敬路341巷口,0,0,1,3,H02,6,1,5,30,3,1,1,4,4,5,7,4,4,9,4,4,2,16,2,70,2,9,4,5,7,20,8,20,10,16,,67,44,1,22,9,121.5642526,25.0278705
111,6,7,10,38,2,07信義區,信義區莊敬路與莊敬路341巷口,0,0,1,1,B02,6,1,5,30,3,1,1,4,4,5,7,4,4,9,4,4,2,16,2,46,3,10,1,1,7,5,1,8,2,1,,44,44,1,22,9,121.5642526,25.0278705
111,6,7,10,38,2,07信義區,信義區莊敬路與莊敬路341巷口,0,0,1,2,C03,6,1,5,30,3,1,1,4,4,5,7,4,4,9,4,4,2,16,1,74,3,10,1,1,7,9,1,10,2,12,,4,44,1,22,9,121.5642526,25.0278705
111,6,7,10,51,2,05中正區,中正區中山北路1段與市民大道2段口,0,0,2,1,,6,1,5,50,5,2,1,4,4,5,7,2,1,1,4,5,2,13,4,,4,11,3,4,7,15,7,19,11,15,,43,43,2,22,9,121.5206606,25.0477125
111,6,7,10,51,2,05中正區,中正區中山北路1段與市民大道2段口,0,0,2,2,C03,6,1,5,50,5,2,1,4,4,5,7,2,1,1,4,5,2,13,1,32,2,8,1,1,7,9,1,10,2,13,,44,43,1,22,9,121.5206606,25.0477125
111,6,7,10,51,2,05中正區,中正區中山北路1段與市民大道2段口,0,0,2,3,,6,1,5,50,5,2,1,4,4,5,7,2,1,1,4,5,2,13,4,,4,11,3,4,7,15,7,19,11,15,,43,43,2,22,9,121.5206606,25.0477125
111,6,7,10,51,2,05中正區,中正區中山北路1段與市民大道2段口,0,0,2,4,,6,1,5,50,5,2,1,4,4,5,7,2,1,1,4,5,2,13,4,,4,11,3,4,7,15,7,19,11,15,,43,43,2,22,9,121.5206606,25.0477125
111,6,7,10,51,2,05中正區,中正區中山北路1段與市民大道2段口,0,0,2,5,C03,6,1,5,50,5,2,1,4,4,5,7,2,1,1,4,5,2,13,2,23,2,8,1,1,7,12,1,10,2,12,,50,43,1,22,9,121.5206606,25.0477125
111,6,7,10,51,2,05中正區,中正區中山北路1段與市民大道2段口,0,0,2,6,,6,1,5,50,5,2,1,4,4,5,7,2,1,1,4,5,2,13,3,,,,,,,,,,,,,67,43,1,,,121.5206606,25.0477125
111,6,7,11,10,2,01大同區,大同區民權西路144巷與民權西路144巷5弄口,0,0,1,1,C03,6,1,5,30,4,1,1,4,4,5,7,4,4,10,5,5,2,15,1,30,2,9,1,1,7,9,1,10,1,11,,6,6,1,22,9,121.5159588,25.0621688
111,6,7,11,10,2,01大同區,大同區民權西路144巷與民權西路144巷5弄口,0,0,1,2,B03,6,1,5,30,4,1,1,4,4,5,7,4,4,10,5,5,2,15,1,42,3,10,1,1,7,9,1,8,1,4,,13,6,1,22,9,121.5159588,25.0621688
111,6,7,11,32,2,03中山區,中山區濱江街341號,0,0,2,2,C03,6,1,5,40,14,8,1,4,4,5,7,4,4,1,3,4,1,13,1,52,2,9,3,4,7,9,1,10,1,13,,13,16,1,22,9,121.549161,25.0723296
111,6,7,11,32,2,03中山區,中山區濱江街341號,0,0,2,1,C03,6,1,5,40,14,8,1,4,4,5,7,4,4,1,3,4,1,13,1,23,2,9,3,4,7,9,1,10,1,11,,16,16,1,22,9,121.549161,25.0723296
111,6,7,12,7,2,05中正區,中正區新生南路1段48號前,0,0,2,1,C03,6,1,5,50,14,8,1,4,4,5,7,4,4,9,4,4,1,13,1,44,2,9,1,1,7,9,1,10,1,11,,23,23,1,21,1,121.5327113,25.04191326
111,6,7,12,7,2,05中正區,中正區新生南路1段48號前,0,0,2,2,C03,6,1,5,50,14,8,1,4,4,5,7,4,4,9,4,4,1,13,1,64,2,8,1,1,7,14,1,10,1,13,,26,23,1,21,1,121.5327113,25.04191326
111,6,7,12,44,2,01大同區,大同區民族西路與承德路3段口,0,0,1,1,C03,6,1,5,50,4,1,1,4,4,5,7,2,1,5,5,5,2,16,1,75,2,9,1,1,7,10,1,10,2,13,,7,7,1,22,9,121.5183398,25.06848987
111,6,7,12,44,2,01大同區,大同區民族西路與承德路3段口,0,0,1,2,B03,6,1,5,50,4,1,1,4,4,5,7,2,1,5,5,5,2,16,1,28,3,10,1,1,7,9,1,8,2,5,,23,7,1,22,9,121.5183398,25.06848987
111,6,7,13,55,2,10文山區,文山區木柵路3段85巷23弄18號,0,0,1,1,B03,6,1,5,30,14,9,1,4,4,5,7,4,4,9,4,5,2,17,1,30,3,10,3,4,7,21,1,8,2,4,,42,42,1,21,8,121.5682967,24.989708
111,6,7,13,55,2,10文山區,文山區木柵路3段85巷23弄18號,0,0,1,2,C03,6,1,5,30,14,9,1,4,4,5,7,4,4,9,4,5,2,17,1,57,2,8,3,4,7,9,1,10,2,12,,44,42,1,23,3,121.5682967,24.989708
111,6,7,14,2,2,05中正區,中正區重慶南路1段與忠孝西路1段口口,0,0,1,1,B12,6,1,5,50,4,2,1,4,4,5,7,2,1,9,4,4,1,2,1,27,3,10,1,1,7,5,1,8,1,1,,43,43,1,21,1,121.5134152,25.0471634
111,6,7,14,2,2,05中正區,中正區重慶南路1段與忠孝西路1段口口,0,0,1,2,H01,6,1,5,50,4,2,1,4,4,5,7,2,1,9,4,4,1,2,1,42,2,8,4,5,8,16,8,20,10,16,,67,43,1,21,1,121.5134152,25.0471634
111,6,7,15,6,2,06松山區,松山區健康路96號,0,0,1,1,B03,6,1,5,50,14,9,1,4,4,5,7,1,1,4,5,5,2,17,1,50,3,10,3,4,7,5,1,8,1,4,,8,8,1,22,9,121.5550396,25.05350444
111,6,7,15,6,2,06松山區,松山區健康路96號,0,0,1,2,C03,6,1,5,50,14,9,1,4,4,5,7,1,1,4,5,5,2,17,2,54,2,9,1,1,7,4,3,18,1,11,,1,8,1,22,9,121.5550396,25.05350444
111,6,7,15,28,2,08士林區,士林區士商路100號,0,0,1,1,B03,6,1,5,50,14,9,1,4,4,5,7,4,4,4,3,5,1,12,1,38,3,10,1,1,7,3,1,8,1,4,,18,18,1,22,9,121.5191445,25.09189205
111,6,7,15,28,2,08士林區,士林區士商路100號,0,0,1,2,C03,6,1,5,50,14,9,1,4,4,5,7,4,4,4,3,5,1,12,1,56,2,8,1,1,7,9,1,9,1,12,,4,18,1,22,9,121.5191445,25.09189205
111,6,7,15,30,2,07信義區,信義區莊敬路423巷8弄2號與莊敬路423巷口,0,0,2,1,C03,6,1,5,30,3,2,1,4,4,5,7,4,4,10,5,5,2,18,1,58,2,9,3,4,7,5,1,10,1,14,,43,43,1,22,9,121.566999,25.0285266
111,6,7,15,30,2,07信義區,信義區莊敬路423巷8弄2號與莊敬路423巷口,0,0,2,2,,6,1,5,30,3,2,1,4,4,5,7,4,4,10,5,5,2,18,3,,,,,,,,,,,,,67,43,1,,,121.566999,25.0285266
111,6,7,15,30,2,07信義區,信義區莊敬路423巷8弄2號與莊敬路423巷口,0,0,2,3,H02,6,1,5,30,3,2,1,4,4,5,7,4,4,10,5,5,2,18,2,64,2,9,3,4,7,20,8,20,10,16,,67,43,1,22,9,121.566999,25.0285266
111,6,7,15,49,2,03中山區,中山區錦州街與民權東路3段60巷口,0,0,1,1,B03,6,1,5,50,4,2,1,4,4,5,7,4,4,5,5,5,2,17,1,30,3,10,1,1,7,11,1,8,1,15,,11,11,1,22,9,121.5424173,25.0602158
111,6,7,15,49,2,03中山區,中山區錦州街與民權東路3段60巷口,0,0,1,2,C03,6,1,5,50,4,2,1,4,4,5,7,4,4,5,5,5,2,17,1,21,2,9,1,1,7,9,1,10,1,12,,42,11,1,22,9,121.5424173,25.0602158
111,6,7,16,30,2,10文山區,文山區景文街46號,0,0,1,1,B03,6,1,5,50,14,7,1,4,4,5,7,4,4,5,5,4,2,17,1,38,3,10,1,1,7,14,1,8,2,8,,40,40,1,22,9,121.5413078,24.99163143
111,6,7,16,30,2,10文山區,文山區景文街46號,0,0,1,2,C03,6,1,5,50,14,7,1,4,4,5,7,4,4,5,5,4,2,17,1,37,2,9,1,1,7,9,1,10,2,12,,44,40,1,22,9,121.5413078,24.99163143
111,6,7,17,20,2,07信義區,信義區信義路5段與松智路口,0,0,1,1,C03,6,1,5,50,4,1,1,4,4,5,7,2,1,8,3,5,2,12,2,55,2,9,1,1,7,8,1,10,1,13,,7,7,1,22,9,121.5654019,25.0329662
111,6,7,17,20,2,07信義區,信義區信義路5段與松智路口,0,0,1,2,B02,6,1,5,50,4,1,1,4,4,5,7,2,1,8,3,5,2,12,2,58,3,10,1,1,7,6,1,8,1,8,,44,7,1,22,9,121.5654019,25.0329662
111,6,7,17,30,2,06松山區,松山區敦化北路218號,0,0,1,1,C03,6,2,5,30,14,8,1,4,4,5,7,4,4,4,3,4,2,18,1,62,2,9,3,4,7,15,1,10,1,14,,43,43,1,22,9,121.5489118,25.05824222
111,6,7,17,30,2,06松山區,松山區敦化北路218號,0,0,1,2,,6,2,5,30,14,8,1,4,4,5,7,4,4,4,3,4,2,18,3,,,,,,,,,,,,,67,43,1,,,121.5489118,25.05824222
111,6,7,17,30,2,11南港區,南港區南港路3段與南港路3段80巷口,0,0,1,1,B03,6,1,5,50,3,1,1,4,4,4,6,4,4,5,4,5,2,11,1,46,3,10,3,4,7,5,1,8,2,1,,6,6,1,22,9,121.5911019,25.05388148
111,6,7,17,30,2,11南港區,南港區南港路3段與南港路3段80巷口,0,0,1,2,C03,6,1,5,50,3,1,1,4,4,4,6,4,4,5,4,5,2,11,1,34,2,1,1,4,7,9,1,10,2,14,,42,6,1,22,9,121.5911019,25.05388148
111,6,7,17,35,2,05中正區,中正區汀州路1段252巷1號,0,0,1,1,B03,6,2,5,50,14,20,1,4,4,5,7,4,4,5,4,5,2,17,1,54,3,10,1,1,7,14,1,8,1,2,,40,40,1,22,9,121.5106014,25.0271153
111,6,7,17,35,2,05中正區,中正區汀州路1段252巷1號,0,0,1,2,F01,6,2,5,50,14,20,1,4,4,5,7,4,4,5,4,5,2,17,1,58,2,8,1,1,7,9,8,20,1,16,,42,40,1,22,9,121.5106014,25.0271153
111,6,7,17,35,2,05中正區,中正區汀州路1段252巷1號,0,0,1,3,H02,6,2,5,50,14,20,1,4,4,5,7,4,4,5,4,5,2,17,2,51,3,10,4,5,7,19,8,20,10,16,,56,40,1,22,9,121.5106014,25.0271153
111,6,7,17,35,2,10文山區,文山區新光路1段與秀明路2段口,0,0,1,2,C03,6,1,5,50,4,1,1,4,4,5,7,1,1,1,1,5,2,16,1,33,2,9,1,1,7,9,1,10,1,11,,44,8,1,22,9,121.5736389,24.99172925
111,6,7,17,35,2,10文山區,文山區新光路1段與秀明路2段口,0,0,1,1,B03,6,1,5,50,4,1,1,4,4,5,7,1,1,1,1,5,2,16,1,24,3,10,1,1,7,5,1,8,1,1,,8,8,1,22,9,121.5736389,24.99172925
111,6,7,17,35,2,07信義區,信義區松壽路2號,0,0,1,1,B01,6,1,5,50,14,9,1,4,4,5,7,4,4,5,4,5,2,17,1,45,3,10,1,1,7,5,1,4,1,1,,6,6,1,22,9,121.5623486,25.0358534
111,6,7,17,35,2,07信義區,信義區松壽路2號,0,0,1,2,C03,6,1,5,50,14,9,1,4,4,5,7,4,4,5,4,5,2,17,1,23,2,8,1,1,7,9,1,10,1,14,,44,6,1,22,9,121.5623486,25.0358534
111,6,7,17,36,2,06松山區,松山區健康路325巷18弄與塔悠路188巷口,0,0,2,1,B03,6,1,5,30,5,1,1,4,4,5,7,3,1,10,5,5,2,15,1,23,3,10,3,4,7,9,1,8,2,8,,6,6,1,22,9,121.5687276,25.0566003
111,6,7,17,36,2,06松山區,松山區健康路325巷18弄與塔悠路188巷口,0,0,2,2,C03,6,1,5,30,5,1,1,4,4,5,7,3,1,10,5,5,2,15,1,36,2,8,3,4,7,9,1,10,2,11,,42,6,1,22,9,121.5687276,25.0566003
111,6,7,17,36,2,06松山區,松山區健康路325巷18弄與塔悠路188巷口,0,0,2,3,H02,6,1,5,30,5,1,1,4,4,5,7,3,1,10,5,5,2,15,1,39,2,5,4,5,7,21,8,20,2,15,,67,6,1,22,9,121.5687276,25.0566003
111,6,7,17,43,2,03中山區,中山區復興北路514巷,0,0,2,1,C03,6,1,5,50,14,9,1,4,4,5,7,4,4,1,4,5,2,13,1,29,2,8,1,1,7,9,1,10,1,11,,16,16,1,22,9,121.544209,25.0659463
111,6,7,17,43,2,03中山區,中山區復興北路514巷,0,0,2,2,C03,6,1,5,50,14,9,1,4,4,5,7,4,4,1,4,5,2,13,2,31,2,9,1,1,7,9,1,10,1,11,,16,16,1,22,9,121.544209,25.0659463
111,6,7,17,43,2,03中山區,中山區復興北路514巷,0,0,2,3,C03,6,1,5,50,14,9,1,4,4,5,7,4,4,1,4,5,2,13,1,49,3,10,1,1,7,12,1,10,1,13,,44,16,1,22,9,121.544209,25.0659463
111,6,7,17,47,2,12內湖區,內湖區行善路417巷與行善路口,0,0,1,1,B03,6,1,5,50,4,1,1,4,4,5,7,2,1,1,4,4,2,3,2,64,3,10,1,1,7,5,1,8,2,4,,15,15,1,22,9,121.5857237,25.06480192
111,6,7,17,47,2,12內湖區,內湖區行善路417巷與行善路口,0,0,1,2,H01,6,1,5,50,4,1,1,4,4,5,7,2,1,1,4,4,2,3,2,31,2,8,4,5,8,16,8,20,10,16,,67,15,1,22,9,121.5857237,25.06480192
111,6,7,17,55,2,07信義區,信義區基隆路1段與忠孝東路4段口,0,0,1,1,B03,6,1,5,50,4,2,1,4,4,5,7,1,1,1,4,5,2,12,1,42,3,10,3,4,7,9,1,8,1,2,,23,23,1,22,9,121.5642604,25.0410374
111,6,7,17,55,2,07信義區,信義區基隆路1段與忠孝東路4段口,0,0,1,2,C03,6,1,5,50,4,2,1,4,4,5,7,1,1,1,4,5,2,12,2,22,2,9,3,4,7,9,1,10,1,14,,17,23,1,22,9,121.5642604,25.0410374
111,6,7,18,10,2,08士林區,士林區士東路190號,0,0,1,1,B03,6,3,5,50,14,9,1,4,4,5,7,4,4,1,3,1,1,16,2,48,3,10,3,4,7,1,1,8,1,1,,19,19,1,22,9,121.5333428,25.111825
111,6,7,18,10,2,08士林區,士林區士東路190號,0,0,1,2,C03,6,3,5,50,14,9,1,4,4,5,7,4,4,1,3,1,1,16,1,42,2,8,3,4,7,9,1,10,1,12,,23,19,1,22,9,121.5333428,25.111825
111,6,7,18,10,2,08士林區,士林區士東路190號,0,0,1,3,B03,6,3,5,50,14,9,1,4,4,5,7,4,4,1,3,1,1,16,1,55,3,10,3,1,7,13,1,8,9,15,,38,19,1,22,9,121.5333428,25.111825
111,6,7,18,10,2,11南港區,南港區東新街80巷10弄與成福路口,0,0,1,1,B03,6,3,5,30,4,1,1,4,4,5,7,3,1,10,5,5,2,12,2,46,3,10,3,4,7,6,1,8,1,1,,6,6,1,22,9,121.5862365,25.04543378
111,6,7,18,10,2,11南港區,南港區東新街80巷10弄與成福路口,0,0,1,2,C03,6,3,5,30,4,1,1,4,4,5,7,3,1,10,5,5,2,12,1,64,2,9,1,4,7,9,1,10,1,12,,23,6,1,22,9,121.5862365,25.04543378
111,6,7,18,45,2,04大安區,大安區大安路1段215號,0,0,2,1,F01,6,3,5,0,14,9,1,4,4,5,7,4,4,9,4,4,2,17,1,76,2,9,1,1,7,11,8,20,2,16,,11,11,1,22,9,121.5460109,25.03470966
111,6,7,18,45,2,04大安區,大安區大安路1段215號,0,0,2,2,C03,6,3,5,0,14,9,1,4,4,5,7,4,4,9,4,4,2,17,1,33,2,7,1,1,7,9,1,10,2,11,,44,11,1,22,9,121.5460109,25.03470966
111,6,7,19,0,2,09北投區,北投區西安街2段159號,0,0,1,1,,6,1,5,0,3,2,1,4,4,5,7,4,4,10,4,5,2,13,4,,4,11,3,4,7,15,7,19,11,15,,43,43,2,22,9,121.5121041,25.11891282
111,6,7,19,0,2,09北投區,北投區西安街2段159號,0,0,1,2,,6,1,5,0,3,2,1,4,4,5,7,4,4,10,4,5,2,13,4,,4,11,3,4,7,15,7,19,11,15,,43,43,2,22,9,121.5121041,25.11891282
111,6,7,19,0,2,09北投區,北投區西安街2段159號,0,0,1,3,C03,6,1,5,0,3,2,1,4,4,5,7,4,4,10,4,5,2,13,2,48,2,9,3,4,7,9,1,10,11,12,,16,43,1,22,9,121.5121041,25.11891282
111,6,7,19,14,2,03中山區,中山區長春路258巷與龍江路132巷口,0,0,1,1,B03,6,3,5,30,4,1,1,4,4,5,7,4,4,9,3,5,1,16,2,42,3,10,1,1,7,5,1,8,1,4,,6,6,1,22,9,121.5390556,25.05419985
111,6,7,19,14,2,03中山區,中山區長春路258巷與龍江路132巷口,0,0,1,2,C03,6,3,5,30,4,1,1,4,4,5,7,4,4,9,3,5,1,16,1,57,2,7,1,1,7,9,1,10,1,14,,5,6,1,22,9,121.5390556,25.05419985
111,6,7,19,23,2,04大安區,大安區市民大道3段與八德路2段口,0,0,1,1,B03,6,3,5,40,4,1,1,4,4,5,7,1,1,10,4,5,2,17,2,41,3,10,1,1,7,6,1,8,1,6,,9,9,1,22,9,121.5343174,25.04489682
111,6,7,19,23,2,04大安區,大安區市民大道3段與八德路2段口,0,0,1,2,C03,6,3,5,40,4,1,1,4,4,5,7,1,1,10,4,5,2,17,1,39,2,9,1,3,7,15,1,10,1,11,,23,9,1,22,9,121.5343174,25.04489682
111,6,7,19,41,2,10文山區,文山區木柵路1段與辛亥路口側附近7段口,0,0,1,1,C04,6,3,5,50,4,1,1,4,4,5,7,2,1,9,4,5,2,17,1,19,3,10,1,1,7,14,1,11,1,11,,6,6,1,22,9,121.5523381,24.98776926
111,6,7,19,41,2,10文山區,文山區木柵路1段與辛亥路口側附近7段口,0,0,1,2,C03,6,3,5,50,4,1,1,4,4,5,7,2,1,9,4,5,2,17,1,41,2,9,1,1,7,9,1,10,1,11,,23,6,1,22,9,121.5523381,24.98776926
111,6,7,20,36,2,10文山區,文山區興隆路3段與萬芳路口,0,0,1,1,B03,6,3,5,50,4,1,1,4,4,5,7,2,1,5,2,5,2,15,1,47,3,10,1,1,7,9,1,8,2,2,,25,25,1,22,9,121.5598383,24.996783
111,6,7,20,36,2,10文山區,文山區興隆路3段與萬芳路口,0,0,1,2,C03,6,3,5,50,4,1,1,4,4,5,7,2,1,5,2,5,2,15,1,37,2,9,1,1,7,9,1,10,2,11,,44,25,1,22,9,121.5598383,24.996783
111,6,7,20,52,2,12內湖區,內湖區民權東路6段與民權東路6段296巷口,0,0,1,1,B03,6,3,5,30,3,1,1,4,4,5,7,2,1,10,5,5,2,3,2,48,3,10,1,1,7,5,1,8,2,1,,15,15,1,22,9,121.605109,25.07255602
111,6,7,20,52,2,12內湖區,內湖區民權東路6段與民權東路6段296巷口,0,0,1,2,H01,6,3,5,30,3,1,1,4,4,5,7,2,1,10,5,5,2,3,2,56,2,9,4,5,8,16,8,20,10,16,,67,15,1,22,9,121.605109,25.07255602
111,6,7,23,2,2,02萬華區,萬華區西園路2段與西藏路口,0,0,1,1,B03,6,3,5,50,4,1,1,4,4,5,7,1,1,3,4,5,2,16,1,61,3,10,1,1,7,6,1,8,2,5,,9,9,1,22,9,121.4956901,25.02854852
111,6,7,23,2,2,02萬華區,萬華區西園路2段與西藏路口,0,0,1,2,C03,6,3,5,50,4,1,1,4,4,5,7,1,1,3,4,5,2,16,2,57,2,9,1,1,7,9,1,10,2,14,,27,9,1,22,9,121.4956901,25.02854852
111,6,8,6,46,2,05中正區,中正區市民大道2段與林森北路口,0,0,2,1,C03,6,1,5,40,4,1,1,4,4,5,7,2,1,1,4,5,2,13,2,24,2,9,1,1,7,5,1,10,2,14,,8,8,1,22,9,121.5241903,25.04770036
111,6,8,6,46,2,05中正區,中正區市民大道2段與林森北路口,0,0,2,2,C03,6,1,5,40,4,1,1,4,4,5,7,2,1,1,4,5,2,13,2,34,2,9,1,1,7,9,1,10,2,12,,23,8,1,22,9,121.5241903,25.04770036
111,6,8,6,48,2,08士林區,士林區通河街2巷與通河街口,0,0,2,1,C03,6,1,5,50,4,1,1,4,4,5,7,3,1,5,4,5,1,12,2,62,2,9,1,1,7,5,1,10,1,11,,8,8,1,22,9,121.52366,25.07987524