發生年度,發生月,發生日,發生時-Hours,發生分,處理別-編號,區序,肇事地點,死亡人數,2-30日死亡人數,受傷人數,當事人序號,車種,天候,光線,道路類別,速限-速度限制,道路型態,事故位置,路面狀況1,路面狀況2,路面狀況3,道路障礙1,道路障礙2,號誌1,號誌2,車道劃分-分向,車道劃分-分道1,車道劃分-分道2,車道劃分-分道3,事故類型及型態,性別,年齡,受傷程度,主要傷處,安全帽,行動電話,車輛用途,當事者行動狀態,駕駛資格情形,駕駛執照種類,飲酒情形,車輛撞擊部位1,車輛撞擊部位2,肇因碼-個別,肇因碼-主要,個人肇逃否,職業,旅次目的,座標-X,座標-Y
111,6,8,6,48,2,08士林區,士林區通河街2巷與通河街口,0,0,2,2,C03,6,1,5,50,4,1,1,4,4,5,7,3,1,5,4,5,1,12,2,22,2,9,1,1,7,9,1,10,1,11,,26,8,1,22,9,121.52366,25.07987524
111,6,8,7,35,2,12內湖區,內湖區潭美街與無名巷口,0,0,1,1,C03,6,1,5,40,3,1,1,4,4,5,7,1,1,5,5,5,2,17,1,70,2,9,1,1,7,9,1,10,1,14,,23,23,1,22,9,121.5825732,25.05484163
111,6,8,7,35,2,12內湖區,內湖區潭美街與無名巷口,0,0,1,2,B03,6,1,5,40,3,1,1,4,4,5,7,1,1,5,5,5,2,17,1,70,3,10,1,1,7,5,1,8,1,15,,6,23,1,22,9,121.5825732,25.05484163
111,6,8,8,8,2,09北投區,北投區承德路6段427號,0,0,2,1,C03,6,1,5,60,14,12,1,4,4,5,7,4,4,1,4,5,1,9,2,57,2,9,1,1,7,9,1,10,1,11,,23,23,1,22,9,121.5114953,25.10809114
111,6,8,8,8,2,09北投區,北投區承德路6段427號,0,0,2,2,H01,6,1,5,60,14,12,1,4,4,5,7,4,4,1,4,5,1,9,1,29,2,9,4,5,8,20,8,20,1,16,,54,23,1,22,9,121.5114953,25.10809114
111,6,8,8,9,2,09北投區,北投區承德路6段429號,0,0,1,1,C03,6,1,5,60,14,12,1,4,4,5,7,4,4,1,4,4,2,13,1,41,2,9,1,1,7,9,1,10,2,11,,23,23,1,22,9,121.5115129,25.10823462
111,6,8,8,9,2,09北投區,北投區承德路6段429號,0,0,1,2,C03,6,1,5,60,14,12,1,4,4,5,7,4,4,1,4,4,2,13,1,45,3,10,1,1,7,9,1,10,2,13,,44,23,1,22,9,121.5115129,25.10823462
111,6,8,8,41,2,06松山區,松山區民生東路5段188號,0,0,1,1,B12,6,1,5,50,16,9,1,4,4,5,7,4,4,10,4,5,2,16,1,61,3,10,1,1,7,6,1,8,1,2,,9,9,1,22,9,121.5637486,25.0587454
111,6,8,8,41,2,06松山區,松山區民生東路5段188號,0,0,1,2,C03,6,1,5,50,16,9,1,4,4,5,7,4,4,10,4,5,2,16,2,31,2,9,1,1,7,9,1,10,1,14,,6,9,1,22,9,121.5637486,25.0587454
111,6,8,8,56,2,07信義區,信義區基隆路1段與信義路4段口,0,0,1,1,C03,6,1,5,50,4,2,1,4,4,5,7,2,1,1,4,5,2,17,1,20,2,9,3,4,7,7,1,10,1,11,,23,23,1,22,9,121.5597219,25.0333966
111,6,8,8,56,2,07信義區,信義區基隆路1段與信義路4段口,0,0,1,2,B03,6,1,5,50,4,2,1,4,4,5,7,2,1,1,4,5,2,17,1,61,3,10,3,4,7,8,1,8,1,7,,7,23,1,22,9,121.5597219,25.0333966
111,6,8,9,9,2,05中正區,中正區新生南路1段102號前,0,0,1,1,C03,6,1,5,50,14,8,1,4,4,5,7,4,4,9,4,4,1,13,2,26,2,8,1,1,7,9,1,10,1,11,,16,16,1,21,1,121.5326692,25.0399564
111,6,8,9,9,2,05中正區,中正區新生南路1段102號前,0,0,1,2,B01,6,1,5,50,14,8,1,4,4,5,7,4,4,9,4,4,1,13,1,60,3,10,1,1,7,14,1,4,1,3,,44,16,1,21,1,121.5326692,25.0399564
111,6,8,9,32,2,12內湖區,內湖區新明路172號,0,0,2,1,C03,6,1,5,50,3,1,1,4,4,5,7,2,1,9,4,4,2,13,1,17,2,4,1,1,7,9,2,18,1,11,,16,16,1,22,9,121.5855693,25.05743055
111,6,8,9,32,2,12內湖區,內湖區新明路172號,0,0,2,2,C03,6,1,5,50,3,1,1,4,4,5,7,2,1,9,4,4,2,13,2,28,2,9,1,1,7,9,1,10,1,13,,44,16,1,22,9,121.5855693,25.05743055
111,6,8,9,55,2,07信義區,信義區松山路與福德街口口,0,0,1,1,B03,6,1,5,30,4,1,1,4,4,5,7,1,1,5,4,5,2,16,1,20,3,10,1,1,7,6,3,18,2,5,,17,17,1,22,9,121.5784638,25.03620618
111,6,8,9,55,2,07信義區,信義區松山路與福德街口口,0,0,1,2,C03,6,1,5,30,4,1,1,4,4,5,7,1,1,5,4,5,2,16,1,85,2,9,1,1,7,15,1,9,9,14,,16,17,1,22,9,121.5784638,25.03620618
111,6,8,10,25,2,10文山區,文山區木柵路1段59巷與木柵路1段口,0,0,2,1,C03,6,1,5,50,4,2,1,4,4,5,7,2,1,5,4,5,2,13,2,27,2,7,1,1,7,9,1,10,2,11,,16,16,1,22,9,121.546173,24.98679945
111,6,8,10,25,2,10文山區,文山區木柵路1段59巷與木柵路1段口,0,0,2,2,B03,6,1,5,50,4,2,1,4,4,5,7,2,1,5,4,5,2,13,1,49,3,10,1,1,7,12,1,8,2,6,,44,16,1,22,9,121.546173,24.98679945
111,6,8,10,25,2,10文山區,文山區木柵路1段59巷與木柵路1段口,0,0,2,3,H02,6,1,5,50,4,2,1,4,4,5,7,2,1,5,4,5,2,13,2,29,2,8,1,5,7,21,8,20,10,15,,67,16,1,22,9,121.546173,24.98679945
111,6,8,10,30,2,09北投區,北投區大度路3段與知行路口,0,0,1,1,B03,6,1,5,50,3,1,1,4,4,5,7,2,1,5,4,5,2,16,2,62,3,10,1,1,7,5,1,8,1,1,,8,8,1,22,9,121.4669612,25.12332833
111,6,8,10,30,2,09北投區,北投區大度路3段與知行路口,0,0,1,2,C03,6,1,5,50,3,1,1,4,4,5,7,2,1,5,4,5,2,16,1,41,2,9,1,1,7,9,1,10,1,11,,44,8,1,22,9,121.4669612,25.12332833
111,6,8,10,48,2,07信義區,信義區一之六號道路與基隆路1段口,0,0,1,1,B02,6,1,5,50,3,2,1,4,4,5,7,4,4,10,4,5,2,17,1,64,4,11,3,4,7,10,7,19,11,15,,7,7,2,22,9,121.5605234,25.0343031
111,6,8,10,48,2,07信義區,信義區一之六號道路與基隆路1段口,0,0,1,2,C03,6,1,5,50,3,2,1,4,4,5,7,4,4,10,4,5,2,17,2,25,2,7,1,1,7,9,1,10,1,12,,14,7,1,22,9,121.5605234,25.0343031
111,6,8,10,50,2,01大同區,大同區民族西路與民族西路75巷口,0,0,1,1,B01,6,1,5,50,4,1,1,4,4,5,7,4,4,5,4,5,2,11,1,67,3,10,3,4,7,5,1,4,2,6,,8,8,1,22,9,121.5179641,25.06861625
111,6,8,10,50,2,01大同區,大同區民族西路與民族西路75巷口,0,0,1,2,C03,6,1,5,50,4,1,1,4,4,5,7,4,4,5,4,5,2,11,1,30,2,8,3,4,7,9,1,10,2,11,,44,8,1,22,9,121.5179641,25.06861625
111,6,8,11,19,2,03中山區,中山區新生北路3段與濱江街口前105號車格,0,0,2,1,B03,6,1,5,50,14,9,1,4,4,5,7,4,4,1,4,5,2,12,2,38,3,10,1,1,7,1,1,8,1,4,,19,19,1,22,9,121.5281081,25.06981423
111,6,8,11,19,2,03中山區,中山區新生北路3段與濱江街口前105號車格,0,0,2,2,C03,6,1,5,50,14,9,1,4,4,5,7,4,4,1,4,5,2,12,1,19,2,9,1,1,7,9,1,10,1,12,,23,19,1,22,9,121.5281081,25.06981423
111,6,8,11,19,2,03中山區,中山區新生北路3段與濱江街口前105號車格,0,0,2,3,H02,6,1,5,50,14,9,1,4,4,5,7,4,4,1,4,5,2,12,2,17,2,9,4,5,7,21,8,20,10,16,,67,19,1,22,9,121.5281081,25.06981423
111,6,8,11,30,2,03中山區,中山區長春路306號,0,0,1,1,B03,6,1,5,50,14,9,1,4,4,5,7,4,4,9,4,5,2,17,1,30,3,10,1,1,7,1,1,8,1,15,,19,19,1,22,9,121.5400487,25.0546766
111,6,8,11,30,2,03中山區,中山區長春路306號,0,0,1,2,C03,6,1,5,50,14,9,1,4,4,5,7,4,4,9,4,5,2,17,1,32,2,9,1,1,7,12,1,10,1,14,,44,19,1,22,9,121.5400487,25.0546766
111,6,8,11,30,2,12內湖區,內湖區瑞湖街與陽光街321巷口,0,0,1,1,B03,6,1,5,50,4,1,1,4,4,5,7,2,1,9,5,5,2,12,1,34,3,10,1,1,7,6,1,8,1,5,,6,6,1,22,9,121.5764089,25.07122752
111,6,8,11,30,2,12內湖區,內湖區瑞湖街與陽光街321巷口,0,0,1,2,C03,6,1,5,50,4,1,1,4,4,5,7,2,1,9,5,5,2,12,1,27,2,8,1,1,7,9,1,10,1,14,,44,6,1,22,9,121.5764089,25.07122752
111,6,8,11,33,2,09北投區,北投區明德路與明德路18巷口,0,0,1,1,B01,6,1,5,50,4,2,1,4,4,5,7,4,4,5,5,5,1,16,1,53,3,10,1,1,7,11,1,4,1,5,,10,10,1,22,9,121.5175071,25.10695037
111,6,8,11,33,2,09北投區,北投區明德路與明德路18巷口,0,0,1,2,C03,6,1,5,50,4,2,1,4,4,5,7,4,4,5,5,5,1,16,1,18,2,9,1,1,7,9,1,10,1,14,,14,10,1,22,9,121.5175071,25.10695037
111,6,8,11,45,2,10文山區,文山區萬安街與萬安街37巷口,0,0,1,1,B12,6,1,5,50,4,2,1,4,4,5,7,4,4,9,5,5,2,16,1,39,3,10,1,1,7,11,1,8,1,4,,10,10,1,22,9,121.5708027,25.0002903
111,6,8,11,45,2,10文山區,文山區萬安街與萬安街37巷口,0,0,1,2,C03,6,1,5,50,4,2,1,4,4,5,7,4,4,9,5,5,2,16,1,55,2,8,1,1,7,9,1,10,1,11,,44,10,1,22,9,121.5708027,25.0002903
111,6,8,12,20,2,03中山區,中山區民權東路3段16號對面,0,0,1,1,B03,6,1,5,50,14,9,1,4,4,5,7,4,4,3,4,5,2,12,1,56,3,10,1,1,7,1,1,8,1,4,,19,19,1,22,9,121.5402121,25.06246174
111,6,8,12,20,2,03中山區,中山區民權東路3段16號對面,0,0,1,2,C03,6,1,5,50,14,9,1,4,4,5,7,4,4,3,4,5,2,12,1,21,2,9,1,1,7,9,1,10,1,12,,44,19,1,22,9,121.5402121,25.06246174
111,6,8,12,25,2,06松山區,松山區敦化北路2號,0,0,2,1,C03,6,1,5,50,14,7,1,4,4,5,7,4,4,1,4,4,2,13,2,18,2,9,1,1,7,9,1,10,1,11,,23,23,1,22,9,121.5487064,25.04917545
111,6,8,12,25,2,06松山區,松山區敦化北路2號,0,0,2,2,C03,6,1,5,50,14,7,1,4,4,5,7,4,4,1,4,4,2,13,1,55,3,10,1,1,7,9,1,10,1,13,,44,23,1,22,9,121.5487064,25.04917545
111,6,8,12,25,2,06松山區,松山區敦化北路2號,0,0,2,3,H02,6,1,5,50,14,7,1,4,4,5,7,4,4,1,4,4,2,13,2,16,2,9,4,5,7,17,8,20,10,16,,67,23,1,22,9,121.5487064,25.04917545
111,6,8,12,43,2,05中正區,中正區市民大道1段168號前迴轉道,0,0,3,1,C03,6,1,5,40,10,6,1,4,4,5,7,4,4,1,4,5,2,17,2,26,4,11,3,4,7,15,7,19,11,15,,44,44,2,22,9,121.5184771,25.04836803
111,6,8,12,43,2,05中正區,中正區市民大道1段168號前迴轉道,0,0,3,2,C03,6,1,5,40,10,6,1,4,4,5,7,4,4,1,4,5,2,17,1,25,2,9,1,1,7,9,1,10,2,11,,16,44,1,22,9,121.5184771,25.04836803
111,6,8,12,43,2,05中正區,中正區市民大道1段168號前迴轉道,0,0,3,3,C03,6,1,5,40,10,6,1,4,4,5,7,4,4,1,4,5,2,17,2,32,2,7,1,1,7,9,1,10,2,14,,42,44,1,22,9,121.5184771,25.04836803
111,6,8,12,43,2,05中正區,中正區市民大道1段168號前迴轉道,0,0,3,4,C03,6,1,5,40,10,6,1,4,4,5,7,4,4,1,4,5,2,17,2,25,2,8,1,1,7,9,1,10,2,11,,16,44,1,22,9,121.5184771,25.04836803
111,6,8,13,0,2,12內湖區,內湖區堤頂大道2段407巷與內湖路1段120巷15弄口,0,0,1,1,B12,6,1,5,50,3,1,1,4,4,5,7,4,4,10,5,5,2,16,1,47,3,10,1,1,7,5,1,8,1,4,,8,8,1,22,9,121.5641409,25.08121878
111,6,8,13,0,2,12內湖區,內湖區堤頂大道2段407巷與內湖路1段120巷15弄口,0,0,1,2,C03,6,1,5,50,3,1,1,4,4,5,7,4,4,10,5,5,2,16,1,23,2,8,1,1,7,9,1,10,1,11,,44,8,1,22,9,121.5641409,25.08121878
111,6,8,13,34,2,07信義區,松山區延壽街330巷與延壽街330巷8弄口,0,0,1,1,E03,6,1,5,40,4,1,1,4,4,5,7,2,1,9,4,5,2,16,1,50,3,10,1,1,7,5,1,8,2,8,,8,8,1,22,9,121.5603318,25.055943
111,6,8,13,34,2,07信義區,松山區延壽街330巷與延壽街330巷8弄口,0,0,1,2,F01,6,1,5,40,4,1,1,4,4,5,7,2,1,9,4,5,2,16,1,94,2,9,1,1,7,9,8,20,1,16,,43,8,1,22,9,121.5603318,25.055943
111,6,8,13,57,2,03中山區,中山區長春路348-4號,0,0,1,1,B03,6,1,5,40,14,7,1,4,4,5,7,4,4,9,5,4,2,12,1,40,3,10,1,1,7,11,1,8,1,4,,10,10,1,22,9,121.541647,25.0546149
111,6,8,13,57,2,03中山區,中山區長春路348-4號,0,0,1,2,C03,6,1,5,40,14,7,1,4,4,5,7,4,4,9,5,4,2,12,1,28,2,9,1,1,7,9,1,10,1,11,,44,10,1,22,9,121.541647,25.0546149
111,6,8,14,40,2,01大同區,大同區忠孝西路1段與西寧北路口,0,0,2,1,B03,6,1,5,50,4,1,1,4,4,5,7,1,1,1,4,1,2,12,1,39,4,11,3,4,7,8,6,8,11,15,,7,7,2,22,9,121.5077239,25.04874568
111,6,8,14,40,2,01大同區,大同區忠孝西路1段與西寧北路口,0,0,2,2,C03,6,1,5,50,4,1,1,4,4,5,7,1,1,1,4,1,2,12,1,25,2,9,1,1,7,9,1,10,1,11,,16,7,1,22,9,121.5077239,25.04874568
111,6,8,14,40,2,01大同區,大同區忠孝西路1段與西寧北路口,0,0,2,3,C03,6,1,5,50,4,1,1,4,4,5,7,1,1,1,4,1,2,12,1,40,2,9,1,1,7,9,1,10,1,13,,44,7,1,22,9,121.5077239,25.04874568
111,6,8,14,41,2,09北投區,北投區竹子湖路35-1號,0,0,2,1,C03,6,1,5,30,14,9,1,4,4,5,7,4,4,10,5,5,2,3,2,49,2,9,1,1,7,9,1,10,1,11,,23,23,1,22,9,121.5330323,25.17412872
111,6,8,14,41,2,09北投區,北投區竹子湖路35-1號,0,0,2,2,H01,6,1,5,30,14,9,1,4,4,5,7,4,4,10,5,5,2,3,1,77,2,9,4,5,8,16,8,20,10,16,,53,23,1,22,9,121.5330323,25.17412872
111,6,8,14,55,2,07信義區,信義區松智路與松高路口,0,0,1,2,C03,6,1,5,50,3,2,1,4,4,5,7,1,1,5,4,5,2,17,1,32,2,9,3,4,7,9,1,10,1,12,,23,6,1,22,9,121.5654915,25.0389576
111,6,8,14,55,2,07信義區,信義區松智路與松高路口,0,0,1,1,B03,6,1,5,50,3,2,1,4,4,5,7,1,1,5,4,5,2,17,1,31,3,10,3,4,7,6,1,8,1,8,,6,6,1,22,9,121.5654915,25.0389576
111,6,8,15,13,2,08士林區,士林區劍南路074號桿,0,0,1,1,B12,6,1,5,30,11,9,1,4,4,5,7,4,4,10,5,5,1,10,1,32,3,10,1,1,7,9,1,4,1,8,,5,5,1,22,9,121.5556734,25.0947809
111,6,8,15,13,2,08士林區,士林區劍南路074號桿,0,0,1,2,B03,6,1,5,30,11,9,1,4,4,5,7,4,4,10,5,5,1,10,1,56,2,9,1,1,7,9,1,8,1,1,,44,5,1,22,9,121.5556734,25.0947809
111,6,8,15,30,2,01大同區,大同區延平北路2段與民權西路口,0,0,3,2,C03,8,1,5,0,3,2,1,5,4,5,7,1,1,9,4,5,1,12,2,47,2,9,1,1,7,9,1,10,9,11,,43,43,1,22,9,121.5112205,25.0627882
111,6,8,15,30,2,01大同區,大同區延平北路2段與民權西路口,0,0,3,1,C03,8,1,5,0,3,2,1,5,4,5,7,1,1,9,4,5,1,12,4,,4,11,3,4,7,15,7,19,11,15,,43,43,2,22,9,121.5112205,25.0627882
111,6,8,15,30,2,01大同區,大同區延平北路2段與民權西路口,0,0,3,3,H02,8,1,5,0,3,2,1,5,4,5,7,1,1,9,4,5,1,12,1,12,2,8,1,1,7,17,8,20,10,15,,67,43,1,22,9,121.5112205,25.0627882
111,6,8,15,30,2,01大同區,大同區延平北路2段與民權西路口,0,0,3,4,H02,8,1,5,0,3,2,1,5,4,5,7,1,1,9,4,5,1,12,1,14,2,8,1,5,7,17,8,20,10,16,,67,43,1,22,9,121.5112205,25.0627882
111,6,8,16,5,2,09北投區,北投區大度路1段11-1號與大度路1段口私有道路,0,0,1,1,B12,6,1,5,30,3,1,1,4,4,5,7,4,4,10,5,5,2,16,1,66,3,10,1,1,7,1,1,7,2,8,,19,19,1,22,9,121.4988368,25.12081637
111,6,8,16,5,2,09北投區,北投區大度路1段11-1號與大度路1段口私有道路,0,0,1,2,C03,6,1,5,30,3,1,1,4,4,5,7,4,4,10,5,5,2,16,1,43,2,9,1,1,7,9,1,10,2,11,,44,19,1,22,9,121.4988368,25.12081637
111,6,8,16,37,2,09北投區,北投區民族街與公館路口,0,0,1,1,B03,6,1,5,30,4,1,1,4,4,5,7,4,4,10,5,5,2,16,1,46,3,10,3,4,7,9,1,8,2,1,,6,6,1,22,9,121.5039125,25.13249009
111,6,8,16,37,2,09北投區,北投區民族街與公館路口,0,0,1,2,C01,6,1,5,30,4,1,1,4,4,5,7,4,4,10,5,5,2,16,1,51,2,7,1,1,7,6,1,9,2,12,,44,6,1,22,9,121.5039125,25.13249009
111,6,8,16,44,2,05中正區,中正區杭州南路1段與銅山街口,0,0,1,1,B01,6,1,5,50,4,2,1,4,4,5,7,2,1,10,4,5,2,13,1,50,3,10,1,1,7,1,1,4,2,15,,19,19,1,22,9,121.5257622,25.04022063
111,6,8,16,44,2,05中正區,中正區杭州南路1段與銅山街口,0,0,1,2,C03,6,1,5,50,4,2,1,4,4,5,7,2,1,10,4,5,2,13,1,30,3,10,1,1,7,9,1,10,2,13,,44,19,1,22,9,121.5257622,25.04022063
111,6,8,16,44,2,05中正區,中正區杭州南路1段與銅山街口,0,0,1,3,C03,6,1,5,50,4,2,1,4,4,5,7,2,1,10,4,5,2,13,1,50,2,9,1,1,7,9,1,10,2,11,,16,19,1,22,9,121.5257622,25.04022063
111,6,8,16,50,2,04大安區,大安區麗水街與永康街2巷口,0,0,1,1,C03,1,1,5,30,4,1,1,4,4,5,7,4,4,5,2,5,2,17,1,58,2,8,1,1,7,9,1,10,1,15,,42,22,1,22,9,121.5291498,25.03322146
111,6,8,16,50,2,04大安區,大安區麗水街與永康街2巷口,0,0,1,2,B01,1,1,5,30,4,1,1,4,4,5,7,4,4,5,2,5,2,17,1,65,3,10,1,1,7,9,1,4,1,15,,6,22,1,22,9,121.5291498,25.03322146
111,6,8,16,50,2,06松山區,松山區市民大道4段99號,0,0,1,1,C03,6,1,5,40,14,9,1,4,4,5,7,4,4,1,4,5,2,12,1,48,4,11,3,4,7,15,7,19,11,15,,23,23,2,22,9,121.5478611,25.04518099
111,6,8,16,50,2,06松山區,松山區市民大道4段99號,0,0,1,2,C03,6,1,5,40,14,9,1,4,4,5,7,4,4,1,4,5,2,12,1,36,2,7,1,4,7,8,1,10,1,13,,7,23,1,22,9,121.5478611,25.04518099
111,6,8,16,58,2,07信義區,信義區忠孝東路4段553巷46弄與忠孝東路4段553巷52弄口,0,0,1,1,F02,6,1,5,30,4,1,1,4,4,5,7,4,4,10,5,5,2,15,2,62,2,9,3,4,7,9,8,20,2,16,,6,6,1,22,9,121.563637,25.0443048
111,6,8,16,58,2,07信義區,信義區忠孝東路4段553巷46弄與忠孝東路4段553巷52弄口,0,0,1,2,B03,6,1,5,30,4,1,1,4,4,5,7,4,4,10,5,5,2,15,2,36,3,10,3,4,7,9,1,8,2,8,,14,6,1,22,9,121.563637,25.0443048
111,6,8,17,0,2,03中山區,中山區中山北路3段與民族西路口,0,0,1,1,C03,6,1,5,50,4,1,1,4,4,5,7,2,1,1,1,1,1,17,1,20,2,9,3,4,7,9,1,10,1,11,,23,23,1,22,9,121.5228171,25.06858183
111,6,8,17,0,2,03中山區,中山區中山北路3段與民族西路口,0,0,1,2,C03,6,1,5,50,4,1,1,4,4,5,7,2,1,1,1,1,1,17,1,66,3,10,3,4,7,9,1,10,1,13,,23,23,1,22,9,121.5228171,25.06858183
111,6,8,17,28,2,08士林區,士林區中山北路4段與通河街口,0,0,1,1,C03,6,1,5,50,3,2,1,4,4,5,7,2,1,4,5,5,1,17,1,29,2,9,1,1,7,10,1,10,1,14,,26,26,1,22,9,121.5245913,25.07993
111,6,8,17,28,2,08士林區,士林區中山北路4段與通河街口,0,0,1,2,B03,6,1,5,50,3,2,1,4,4,5,7,2,1,4,5,5,1,17,1,51,3,10,1,1,7,9,1,8,1,1,,44,26,1,22,9,121.5245913,25.07993
111,6,8,18,20,2,04大安區,大安區瑞安街155-3號,0,0,1,1,B12,6,1,5,30,13,9,1,4,4,5,7,4,4,10,5,5,1,13,1,48,3,10,1,1,7,9,1,8,1,1,,23,23,1,22,9,121.5390131,25.0258229
111,6,8,18,20,2,04大安區,大安區瑞安街155-3號,0,0,1,2,C03,6,1,5,30,13,9,1,4,4,5,7,4,4,10,5,5,1,13,2,31,2,2,1,1,7,14,1,10,1,13,,44,23,1,22,9,121.5390131,25.0258229
111,6,8,18,40,2,12內湖區,內湖區瑞光路66巷與瑞光路口,0,0,1,1,B03,6,2,5,50,4,1,1,4,4,5,7,2,1,5,4,5,2,16,1,30,3,10,1,1,7,5,1,8,1,5,,6,6,1,22,9,121.5822473,25.0707594
111,6,8,18,40,2,12內湖區,內湖區瑞光路66巷與瑞光路口,0,0,1,2,C03,6,2,5,50,4,1,1,4,4,5,7,2,1,5,4,5,2,16,2,24,2,9,1,1,7,9,1,10,1,11,,44,6,1,22,9,121.5822473,25.0707594
111,6,8,18,45,2,05中正區,中正區新生南路1段120巷與濟南路2段62巷口,0,0,1,1,C03,6,3,5,30,4,1,1,4,4,5,7,4,4,10,5,5,2,15,1,57,2,5,1,1,7,9,1,10,2,12,,6,6,1,22,9,121.5322231,25.0389988
111,6,8,18,45,2,05中正區,中正區新生南路1段120巷與濟南路2段62巷口,0,0,1,2,B03,6,3,5,30,4,1,1,4,4,5,7,4,4,10,5,5,2,15,2,60,3,10,1,1,7,9,1,8,2,1,,23,6,1,22,9,121.5322231,25.0389988
111,6,8,18,45,2,05中正區,中正區新生南路1段120巷與濟南路2段62巷口,0,0,1,3,B03,6,3,5,30,4,1,1,4,4,5,7,4,4,10,5,5,2,15,1,55,3,10,1,1,7,14,1,8,9,15,,38,6,1,22,9,121.5322231,25.0389988
111,6,8,18,45,2,12內湖區,內湖區內湖路1段155號斜前,0,0,1,1,C03,6,4,5,40,14,7,1,4,4,5,7,4,4,1,4,4,2,16,1,50,2,9,1,1,7,15,1,10,1,14,,23,23,1,22,9,121.5630909,25.08356524
111,6,8,18,45,2,12內湖區,內湖區內湖路1段155號斜前,0,0,1,2,B02,6,4,5,40,14,7,1,4,4,5,7,4,4,1,4,4,2,16,1,33,3,10,1,1,7,14,1,8,1,6,,44,23,1,22,9,121.5630909,25.08356524
111,6,8,18,50,2,05中正區,中正區汀州路2段與廈門街口,0,0,1,1,C03,6,3,5,50,4,1,1,4,4,5,6,2,1,5,4,5,2,11,2,48,2,7,1,1,7,5,1,10,1,11,,8,8,1,22,9,121.5174413,25.0254391
111,6,8,18,50,2,05中正區,中正區汀州路2段與廈門街口,0,0,1,2,C03,6,3,5,50,4,1,1,4,4,5,6,2,1,5,4,5,2,11,1,24,3,10,1,1,7,9,1,10,1,11,,23,8,1,22,9,121.5174413,25.0254391
111,6,8,19,31,2,05中正區,中正區仁愛路1段與林森南路口,0,0,1,1,C03,6,3,5,50,4,1,1,4,4,5,7,1,1,10,5,5,2,16,1,28,2,8,1,1,7,5,1,10,1,14,,44,44,1,22,9,121.5216081,25.0386715
111,6,8,19,31,2,05中正區,中正區仁愛路1段與林森南路口,0,0,1,2,B02,6,3,5,50,4,1,1,4,4,5,7,1,1,10,5,5,2,16,1,35,3,10,1,1,7,9,1,8,1,1,,44,44,1,22,9,121.5216081,25.0386715
111,6,8,19,33,2,03中山區,中山區北安路與北安路759巷口,0,0,1,1,C03,6,3,5,40,5,2,1,4,4,5,7,1,1,1,4,5,2,17,1,46,2,9,1,1,7,12,1,10,8,14,,21,21,1,22,9,121.5527276,25.08584235
111,6,8,19,33,2,03中山區,中山區北安路與北安路759巷口,0,0,1,2,C03,6,3,5,40,5,2,1,4,4,5,7,1,1,1,4,5,2,17,1,44,3,10,1,1,7,12,1,10,2,15,,44,21,1,22,9,121.5527276,25.08584235
111,6,8,19,33,2,03中山區,中山區北安路與北安路759巷口,0,0,1,3,B02,6,3,5,40,5,2,1,4,4,5,7,1,1,1,4,5,2,17,2,27,3,10,1,1,7,9,1,8,2,5,,44,21,1,22,9,121.5527276,25.08584235
111,6,8,20,9,2,02萬華區,萬華區堤外便道市民桂林與堤外便道口自行車道龍山033桿,0,0,2,1,F02,6,3,7,0,14,8,1,4,4,5,7,4,4,9,5,5,2,2,1,72,2,7,1,1,7,9,8,20,2,16,,23,23,1,22,9,121.500079,25.04350943
111,6,8,20,9,2,02萬華區,萬華區堤外便道市民桂林與堤外便道口自行車道龍山033桿,0,0,2,2,H01,6,3,7,0,14,8,1,4,4,5,7,4,4,9,5,5,2,2,1,66,2,9,4,5,8,16,8,20,2,16,,51,23,1,22,9,121.500079,25.04350943
111,6,8,20,44,2,02萬華區,萬華區雙和街與雙和街31巷口,0,0,2,1,C03,6,3,5,30,3,2,1,4,4,5,7,4,4,10,5,5,2,16,1,28,2,9,1,1,7,5,1,10,2,14,,8,8,1,22,9,121.5018522,25.02783067
111,6,8,20,44,2,02萬華區,萬華區雙和街與雙和街31巷口,0,0,2,2,C03,6,3,5,30,3,2,1,4,4,5,7,4,4,10,5,5,2,16,1,49,2,8,1,1,7,9,1,10,2,11,,13,8,1,22,9,121.5018522,25.02783067
111,6,8,21,59,2,06松山區,松山區市民大道4段與八德路3段8巷口,0,0,1,1,B03,6,1,5,50,3,1,1,4,4,5,7,4,4,9,5,5,2,12,1,19,3,10,1,1,7,6,1,8,1,2,,6,6,1,22,9,121.549673,25.04487915
111,6,8,21,59,2,06松山區,松山區市民大道4段與八德路3段8巷口,0,0,1,2,C03,6,1,5,50,3,1,1,4,4,5,7,4,4,9,5,5,2,12,1,55,2,9,1,1,7,9,1,10,9,11,,16,6,1,22,9,121.549673,25.04487915
111,6,8,22,29,2,03中山區,中山區錦州街與合江街口,0,0,2,1,C03,6,3,5,50,4,1,1,4,4,5,7,1,1,4,3,5,1,13,1,31,2,9,1,1,7,9,1,10,1,12,,23,23,1,22,9,121.5392392,25.06024317
111,6,8,22,29,2,03中山區,中山區錦州街與合江街口,0,0,2,2,C03,6,3,5,50,4,1,1,4,4,5,7,1,1,4,3,5,1,13,2,45,2,5,1,1,7,5,1,10,1,13,,44,23,1,22,9,121.5392392,25.06024317
111,6,8,22,50,2,12內湖區,內湖區南京東路6段與新明路426巷口,0,0,1,1,C03,6,3,5,50,4,1,1,4,4,5,7,1,1,1,2,5,2,12,2,25,2,9,1,1,7,9,1,10,1,11,,23,23,1,22,9,121.5792037,25.05552408