發生年度,發生月,發生日,發生時-Hours,發生分,處理別-編號,區序,肇事地點,死亡人數,2-30日死亡人數,受傷人數,當事人序號,車種,天候,光線,道路類別,速限-速度限制,道路型態,事故位置,路面狀況1,路面狀況2,路面狀況3,道路障礙1,道路障礙2,號誌1,號誌2,車道劃分-分向,車道劃分-分道1,車道劃分-分道2,車道劃分-分道3,事故類型及型態,性別,年齡,受傷程度,主要傷處,安全帽,行動電話,車輛用途,當事者行動狀態,駕駛資格情形,駕駛執照種類,飲酒情形,車輛撞擊部位1,車輛撞擊部位2,肇因碼-個別,肇因碼-主要,個人肇逃否,職業,旅次目的,座標-X,座標-Y
111,6,8,22,50,2,12內湖區,內湖區南京東路6段與新明路426巷口,0,0,1,2,C03,6,3,5,50,4,1,1,4,4,5,7,1,1,1,2,5,2,12,1,36,3,10,1,1,7,5,1,10,1,13,,8,23,1,22,9,121.5792037,25.05552408
111,6,8,22,52,2,05中正區,中正區羅斯福路1段與林森南路口,0,0,1,1,C03,8,3,5,30,5,1,1,5,4,5,7,2,1,10,4,5,2,17,2,30,3,10,1,1,7,5,1,10,11,15,,8,8,1,22,9,121.5181274,25.032932
111,6,8,22,52,2,05中正區,中正區羅斯福路1段與林森南路口,0,0,1,2,C04,8,3,5,30,5,1,1,5,4,5,7,2,1,10,4,5,2,17,2,22,2,7,1,1,7,9,1,10,11,12,,44,8,1,22,9,121.5181274,25.032932
111,6,9,0,15,2,04大安區,大安區辛亥路2段與建國南路2段口,0,0,1,1,B03,6,3,5,40,5,1,1,4,4,5,7,2,1,1,4,4,2,17,1,48,4,11,3,4,7,15,7,19,11,15,,25,25,2,22,9,121.5377996,25.02251978
111,6,9,0,15,2,04大安區,大安區辛亥路2段與建國南路2段口,0,0,1,2,C03,6,3,5,40,5,1,1,4,4,5,7,2,1,1,4,4,2,17,1,19,2,9,1,1,7,5,1,10,1,14,,44,25,1,22,9,121.5377996,25.02251978
111,6,9,7,0,2,10文山區,文山區木柵路4段與和平東路4段口,0,0,1,1,C03,6,1,5,50,3,1,1,4,4,5,7,2,1,5,2,5,2,17,1,43,2,8,3,4,7,5,1,10,1,14,,8,8,1,22,9,121.5746088,24.99819791
111,6,9,7,0,2,10文山區,文山區木柵路4段與和平東路4段口,0,0,1,2,B03,6,1,5,50,3,1,1,4,4,5,7,2,1,5,2,5,2,17,1,42,3,10,3,4,7,5,1,8,1,8,,42,8,1,22,9,121.5746088,24.99819791
111,6,9,7,1,2,03中山區,中山區市民大道2段與林森北路口西側迴轉道,0,0,1,1,A04,6,1,5,40,3,1,1,4,4,5,7,4,4,10,5,5,2,16,1,36,3,10,1,1,7,5,1,2,1,2,,6,6,1,22,9,121.5238137,25.0481156
111,6,9,7,1,2,03中山區,中山區市民大道2段與林森北路口西側迴轉道,0,0,1,2,C03,6,1,5,40,3,1,1,4,4,5,7,4,4,10,5,5,2,16,1,57,2,9,1,1,7,9,6,18,1,11,,13,6,1,22,9,121.5238137,25.0481156
111,6,9,7,5,2,02萬華區,萬華區華中橋往新北市與環河快速道路口往南接華中橋匝道交叉口,0,0,1,1,B03,6,1,5,40,3,1,1,4,4,5,7,1,1,3,4,5,2,17,1,47,3,10,1,4,7,6,1,8,1,8,,44,44,1,22,9,121.4955161,25.01656361
111,6,9,7,5,2,02萬華區,萬華區華中橋往新北市與環河快速道路口往南接華中橋匝道交叉口,0,0,1,2,C03,6,1,5,40,3,1,1,4,4,5,7,1,1,3,4,5,2,17,2,46,2,9,1,4,7,9,1,10,1,12,,25,44,1,22,9,121.4955161,25.01656361
111,6,9,7,15,2,04大安區,大安區忠孝東路4段與復興南路1段口,0,0,1,1,C03,6,1,5,50,4,1,1,4,4,5,7,1,1,1,4,4,2,16,1,50,3,10,1,1,7,8,1,10,1,12,,7,7,1,22,9,121.5438578,25.0414796
111,6,9,7,15,2,04大安區,大安區忠孝東路4段與復興南路1段口,0,0,1,2,C03,6,1,5,50,4,1,1,4,4,5,7,1,1,1,4,4,2,16,2,46,2,9,1,1,7,9,1,10,1,11,,44,7,1,22,9,121.5438578,25.0414796
111,6,9,7,33,2,09北投區,北投區承德路7段145號,0,0,1,1,B03,8,1,5,60,14,9,1,4,4,5,7,4,4,1,4,4,2,12,1,48,3,10,1,1,7,8,1,8,1,2,,7,7,1,22,9,121.5086176,25.11291891
111,6,9,7,33,2,09北投區,北投區承德路7段145號,0,0,1,2,C03,8,1,5,60,14,9,1,4,4,5,7,4,4,1,4,4,2,12,1,42,2,9,1,1,7,8,1,10,1,14,,23,7,1,22,9,121.5086176,25.11291891
111,6,9,7,41,2,08士林區,士林區福林路與自祥街口,0,0,2,1,C03,6,1,5,50,3,2,1,4,4,5,7,2,1,4,5,5,1,17,1,74,2,9,1,1,7,5,1,10,1,11,,8,8,1,22,9,121.5325451,25.0967826
111,6,9,7,41,2,08士林區,士林區福林路與自祥街口,0,0,2,2,C03,6,1,5,50,3,2,1,4,4,5,7,2,1,4,5,5,1,17,1,27,2,9,1,1,7,9,1,10,1,11,,44,8,1,22,9,121.5325451,25.0967826
111,6,9,7,44,2,04大安區,大安區復興南路2段304號,0,0,2,1,C03,6,1,5,40,14,8,1,4,4,5,7,4,4,1,4,4,2,16,1,57,2,9,3,4,7,7,1,10,1,14,,42,42,1,22,9,121.5432266,25.0237308
111,6,9,7,44,2,04大安區,大安區復興南路2段304號,0,0,2,2,C03,6,1,5,40,14,8,1,4,4,5,7,4,4,1,4,4,2,16,2,49,2,9,3,4,7,9,1,10,1,12,,44,42,1,22,9,121.5432266,25.0237308
111,6,9,7,47,2,07信義區,信義區松仁路130號,0,0,3,1,C03,6,1,5,50,14,9,1,4,4,5,7,4,4,1,4,5,2,17,1,40,2,9,3,4,7,9,1,10,1,13,,42,42,1,22,9,121.5683854,25.0334003
111,6,9,7,47,2,07信義區,信義區松仁路130號,0,0,3,2,C03,6,1,5,50,14,9,1,4,4,5,7,4,4,1,4,5,2,17,1,25,2,9,3,4,7,9,1,10,1,11,,23,42,1,22,9,121.5683854,25.0334003
111,6,9,7,47,2,07信義區,信義區松仁路130號,0,0,3,3,C03,6,1,5,50,14,9,1,4,4,5,7,4,4,1,4,5,2,17,1,36,3,10,3,4,7,9,1,10,1,13,,44,42,1,22,9,121.5683854,25.0334003
111,6,9,7,47,2,07信義區,信義區松仁路130號,0,0,3,4,C03,6,1,5,50,14,9,1,4,4,5,7,4,4,1,4,5,2,17,1,26,2,9,3,4,7,9,1,10,1,11,,16,42,1,22,9,121.5683854,25.0334003
111,6,9,7,50,2,03中山區,中山區民生東路3段與遼寧街口,0,0,1,1,C03,6,1,5,50,3,1,1,4,4,5,7,1,1,1,4,5,2,12,1,32,2,9,1,1,7,8,1,10,1,14,,16,16,1,22,9,121.5421116,25.0577377
111,6,9,7,50,2,03中山區,中山區民生東路3段與遼寧街口,0,0,1,2,B02,6,1,5,50,3,1,1,4,4,5,7,1,1,1,4,5,2,12,1,26,3,10,1,1,7,14,1,8,1,6,,44,16,1,22,9,121.5421116,25.0577377
111,6,9,8,0,2,04大安區,大安區和平東路2段76巷19弄與和平東路2段76巷30弄口,0,0,1,1,B03,6,1,5,30,4,1,1,4,4,5,7,4,4,5,2,5,1,15,1,57,3,10,3,4,7,9,1,8,1,8,,6,6,1,22,9,121.5395404,25.02324536
111,6,9,8,0,2,04大安區,大安區和平東路2段76巷19弄與和平東路2段76巷30弄口,0,0,1,2,C03,6,1,5,30,4,1,1,4,4,5,7,4,4,5,2,5,1,15,1,38,2,7,1,1,7,9,1,10,1,11,,14,6,1,22,9,121.5395404,25.02324536
111,6,9,8,1,2,04大安區,大安區永康街17巷與信義路2段198巷口,0,0,1,2,C03,6,1,5,30,4,1,1,4,4,5,7,4,4,10,4,5,2,15,1,23,2,9,1,1,7,9,1,10,1,11,,23,6,1,22,9,121.5307223,25.0323733
111,6,9,8,1,2,04大安區,大安區永康街17巷與信義路2段198巷口,0,0,1,1,B03,6,1,5,30,4,1,1,4,4,5,7,4,4,10,4,5,2,15,1,40,3,10,1,1,7,9,1,8,1,4,,6,6,1,22,9,121.5307223,25.0323733
111,6,9,8,10,2,08士林區,士林區延平北路6段308號,0,0,2,1,C03,6,1,5,50,15,9,1,4,4,5,7,4,4,9,4,5,2,17,2,27,2,9,1,1,7,5,1,10,1,14,,6,6,1,22,9,121.5031494,25.08953035
111,6,9,8,10,2,08士林區,士林區延平北路6段308號,0,0,2,2,C03,6,1,5,50,15,9,1,4,4,5,7,4,4,9,4,5,2,17,2,46,2,7,1,1,7,9,1,10,1,11,,14,6,1,22,9,121.5031494,25.08953035
111,6,9,8,11,2,02萬華區,萬華區華中橋往新北市(華中061),0,0,3,3,H02,6,1,5,40,8,11,1,4,4,5,7,4,4,3,4,5,1,13,1,5,2,1,4,5,7,20,8,20,10,16,,67,16,1,22,9,121.4953922,25.00958276
111,6,9,8,11,2,02萬華區,萬華區華中橋往新北市(華中061),0,0,3,2,C03,6,1,5,40,8,11,1,4,4,5,7,4,4,3,4,5,1,13,2,43,2,8,1,1,7,9,1,10,1,13,,13,16,1,22,9,121.4953922,25.00958276
111,6,9,8,11,2,02萬華區,萬華區華中橋往新北市(華中061),0,0,3,1,C03,6,1,5,40,8,11,1,4,4,5,7,4,4,3,4,5,1,13,2,39,2,8,1,1,7,9,1,10,1,11,,16,16,1,22,9,121.4953922,25.00958276
111,6,9,8,12,2,05中正區,中正區汀州路1段與泉州街口口,0,0,1,1,B03,6,1,5,50,5,1,1,4,4,5,7,1,1,5,5,5,1,17,1,30,3,10,1,1,7,6,1,4,2,5,,42,42,1,22,9,121.5137869,25.02623425
111,6,9,8,12,2,05中正區,中正區汀州路1段與泉州街口口,0,0,1,2,C03,6,1,5,50,5,1,1,4,4,5,7,1,1,5,5,5,1,17,1,48,2,9,1,1,7,9,1,9,2,14,,44,42,1,22,9,121.5137869,25.02623425
111,6,9,8,13,2,06松山區,松山區民權東路4段與光復北路口口,0,0,1,1,B12,7,1,5,50,4,1,1,4,4,5,7,2,1,1,4,5,2,3,1,24,3,10,1,1,7,5,1,8,2,4,,15,15,1,22,9,121.5545614,25.06197564
111,6,9,8,13,2,06松山區,松山區民權東路4段與光復北路口口,0,0,1,2,H01,7,1,5,50,4,1,1,4,4,5,7,2,1,1,4,5,2,3,1,44,2,9,4,5,8,16,8,20,10,16,,67,15,1,22,9,121.5545614,25.06197564
111,6,9,8,17,2,10文山區,文山區興隆路1段與羅斯福路5段口,0,0,1,1,B01,6,1,5,50,4,1,1,4,4,5,7,1,1,1,4,5,2,13,1,61,3,10,1,1,7,9,1,4,2,1,,16,16,1,22,9,121.5388126,25.0042793
111,6,9,8,17,2,10文山區,文山區興隆路1段與羅斯福路5段口,0,0,1,2,C03,6,1,5,50,4,1,1,4,4,5,7,1,1,1,4,5,2,13,1,37,2,8,1,1,7,9,1,10,2,13,,44,16,1,22,9,121.5388126,25.0042793
111,6,9,8,18,2,11南港區,南港區三重路與經貿二路口,0,0,2,1,B03,6,1,5,50,5,2,1,4,4,5,7,1,1,4,3,5,1,12,1,54,3,10,1,1,7,6,1,8,2,2,,9,9,1,22,9,121.6142459,25.0601319
111,6,9,8,18,2,11南港區,南港區三重路與經貿二路口,0,0,2,2,C03,6,1,5,50,5,2,1,4,4,5,7,1,1,4,3,5,1,12,2,65,2,9,1,1,7,6,1,10,2,14,,17,9,1,22,9,121.6142459,25.0601319
111,6,9,8,18,2,11南港區,南港區三重路與經貿二路口,0,0,2,3,H02,6,1,5,50,5,2,1,4,4,5,7,1,1,4,3,5,1,12,2,32,2,9,1,1,7,21,8,20,10,15,,67,9,1,22,9,121.6142459,25.0601319
111,6,9,8,20,2,04大安區,大安區忠孝東路4段250號,0,0,1,1,C03,6,1,5,50,14,9,1,4,4,5,7,4,4,1,4,5,2,17,1,35,2,9,3,4,7,9,1,10,1,11,,42,42,1,22,9,121.5541451,25.0413108
111,6,9,8,20,2,04大安區,大安區忠孝東路4段250號,0,0,1,2,B03,6,1,5,50,14,9,1,4,4,5,7,4,4,1,4,5,2,17,1,31,3,10,3,4,7,8,1,8,9,15,,7,42,2,22,9,121.5541451,25.0413108
111,6,9,8,30,2,10文山區,文山區羅斯福路6段與車前路口,0,0,1,1,C03,6,1,5,50,3,2,1,4,4,5,7,1,1,1,4,5,2,13,2,22,3,10,1,1,7,9,1,10,1,11,,23,23,1,22,9,121.5403442,24.99140917
111,6,9,8,30,2,10文山區,文山區羅斯福路6段與車前路口,0,0,1,2,C03,6,1,5,50,3,2,1,4,4,5,7,1,1,1,4,5,2,13,1,41,2,9,1,1,7,14,1,10,1,13,,44,23,1,22,9,121.5403442,24.99140917
111,6,9,8,35,2,05中正區,中正區金山北路與八德路1段口,0,0,1,1,B12,6,1,5,50,4,1,1,4,4,5,7,1,1,4,4,5,2,1,1,38,3,10,1,4,7,5,1,8,1,1,,15,15,1,22,9,121.5301059,25.04366384
111,6,9,8,35,2,05中正區,中正區金山北路與八德路1段口,0,0,1,2,H01,6,1,5,50,4,1,1,4,4,5,7,1,1,4,4,5,2,1,2,56,2,9,4,5,8,16,8,20,10,16,,67,15,1,22,9,121.5301059,25.04366384
111,6,9,8,39,2,03中山區,中山區市民大道2段與長安東路1段30巷口,0,0,2,1,C03,6,1,5,40,14,9,1,4,4,5,7,4,4,1,4,5,2,17,2,18,2,9,1,1,7,9,1,10,1,14,,17,17,1,22,9,121.5259793,25.0476037
111,6,9,8,39,2,03中山區,中山區市民大道2段與長安東路1段30巷口,0,0,2,2,C03,6,1,5,40,14,9,1,4,4,5,7,4,4,1,4,5,2,17,1,48,2,9,1,1,7,9,1,10,1,14,,13,17,1,22,9,121.5259793,25.0476037
111,6,9,8,40,2,03中山區,中山區大直街2巷與崇實路口,0,0,1,1,B03,6,1,5,30,3,1,1,4,4,5,7,4,4,1,4,5,2,17,1,61,3,10,1,1,7,6,1,8,1,7,,6,6,1,22,9,121.5445119,25.0808019
111,6,9,8,40,2,03中山區,中山區大直街2巷與崇實路口,0,0,1,2,C04,6,1,5,30,3,1,1,4,4,5,7,4,4,1,4,5,2,17,2,19,2,9,1,1,7,9,1,10,1,12,,13,6,1,22,9,121.5445119,25.0808019
111,6,9,8,41,2,09北投區,北投區大度路1段與大業路口,0,0,1,1,B03,6,1,5,60,5,1,1,4,4,5,7,2,1,1,4,4,1,17,1,43,3,10,1,1,7,6,1,8,1,1,,23,23,1,22,9,121.4995899,25.12109466
111,6,9,8,41,2,09北投區,北投區大度路1段與大業路口,0,0,1,2,C03,6,1,5,60,5,1,1,4,4,5,7,2,1,1,4,4,1,17,2,31,2,9,1,1,7,9,1,10,1,12,,23,23,1,22,9,121.4995899,25.12109466
111,6,9,8,45,2,07信義區,信義區忠孝東路5段與虎林街口,0,0,1,1,B03,7,1,5,50,4,1,1,4,4,5,7,1,1,3,3,5,1,17,1,38,3,10,3,4,7,5,1,8,1,15,,6,6,1,22,9,121.5769363,25.0407406
111,6,9,8,45,2,07信義區,信義區忠孝東路5段與虎林街口,0,0,1,2,C03,7,1,5,50,4,1,1,4,4,5,7,1,1,3,3,5,1,17,1,50,2,9,1,1,7,9,1,10,1,12,,44,6,1,22,9,121.5769363,25.0407406
111,6,9,8,48,2,12內湖區,內湖區南京東路6段與堤頂大道1段口,0,0,1,1,B03,6,1,5,50,3,2,1,4,4,5,7,4,4,10,4,5,2,12,1,51,3,10,1,1,7,6,1,8,1,6,,17,17,1,22,9,121.5765332,25.05498183
111,6,9,8,48,2,12內湖區,內湖區南京東路6段與堤頂大道1段口,0,0,1,2,C03,6,1,5,50,3,2,1,4,4,5,7,4,4,10,4,5,2,12,2,30,2,9,1,1,7,6,1,10,1,14,,17,17,1,22,9,121.5765332,25.05498183
111,6,9,8,50,2,09北投區,北投區中正街與中正街49巷口,0,0,1,1,C03,7,1,5,30,3,1,1,4,4,5,7,4,4,10,5,5,2,17,1,35,3,10,1,1,7,5,1,10,1,15,,8,8,1,22,9,121.500282,25.13220881
111,6,9,8,50,2,09北投區,北投區中正街與中正街49巷口,0,0,1,2,C03,7,1,5,30,3,1,1,4,4,5,7,4,4,10,5,5,2,17,2,40,2,9,1,1,7,9,1,10,1,15,,14,8,1,22,9,121.500282,25.13220881
111,6,9,8,54,2,05中正區,中正區信義路2段與金山南路1段口,0,0,1,1,C03,7,1,5,50,4,1,1,4,4,5,7,2,1,3,4,5,2,17,1,66,4,11,3,4,7,15,7,19,11,15,,42,42,2,22,9,121.527222,25.0341603
111,6,9,8,54,2,05中正區,中正區信義路2段與金山南路1段口,0,0,1,2,C03,7,1,5,50,4,1,1,4,4,5,7,2,1,3,4,5,2,17,1,41,2,9,1,1,7,9,1,10,1,14,,42,42,1,22,9,121.527222,25.0341603
111,6,9,8,54,2,05中正區,中正區信義路2段與金山南路1段口,0,0,1,3,C03,7,1,5,50,4,1,1,4,4,5,7,2,1,3,4,5,2,17,1,45,4,11,3,4,7,15,7,19,11,15,,42,42,2,22,9,121.527222,25.0341603
111,6,9,9,15,2,03中山區,中山區內湖路1段32巷口旁,0,0,1,1,B12,7,1,5,50,11,9,1,5,4,5,7,4,4,1,4,5,2,17,1,65,3,10,1,1,7,8,1,8,1,3,,7,7,1,22,9,121.5592839,25.08486644
111,6,9,9,15,2,03中山區,中山區內湖路1段32巷口旁,0,0,1,2,C03,7,1,5,50,11,9,1,5,4,5,7,4,4,1,4,5,2,17,2,24,2,9,1,1,7,9,1,10,1,11,,13,7,1,22,9,121.5592839,25.08486644
111,6,9,9,37,2,02萬華區,萬華區中華路2段與西藏路口,0,0,1,1,C03,7,1,5,50,14,9,1,5,4,5,7,2,1,5,4,5,2,17,2,58,3,10,1,4,7,12,4,11,1,12,,37,37,1,22,9,121.5040937,25.03020465
111,6,9,9,37,2,02萬華區,萬華區中華路2段與西藏路口,0,0,1,2,C03,7,1,5,50,14,9,1,5,4,5,7,2,1,5,4,5,2,17,2,62,2,8,1,4,7,14,1,10,1,14,,44,37,1,22,9,121.5040937,25.03020465
111,6,9,9,37,2,02萬華區,萬華區長沙街2段與漢中街147巷口,0,0,1,1,B03,6,1,5,50,3,1,1,4,4,5,7,4,4,5,4,5,1,14,1,38,3,10,1,1,7,2,1,8,2,3,,12,12,1,22,9,121.507017,25.04061233
111,6,9,9,37,2,02萬華區,萬華區長沙街2段與漢中街147巷口,0,0,1,2,C03,6,1,5,50,3,1,1,4,4,5,7,4,4,5,4,5,1,14,1,62,2,9,1,1,7,9,1,10,2,12,,23,12,1,22,9,121.507017,25.04061233
111,6,9,9,40,2,10文山區,文山區秀明路1段88號,0,0,2,1,C03,7,1,5,50,14,9,1,4,4,5,7,1,1,1,5,4,2,13,1,58,2,9,1,1,7,9,1,10,1,11,,43,43,1,22,9,121.5662987,24.9904926
111,6,9,9,40,2,10文山區,文山區秀明路1段88號,0,0,2,2,C03,7,1,5,50,14,9,1,4,4,5,7,1,1,1,5,4,2,13,1,37,2,9,1,1,7,9,1,10,1,13,,43,43,1,22,9,121.5662987,24.9904926
111,6,9,9,44,2,10文山區,文山區興隆路1段189號,0,0,1,1,B03,6,1,5,50,14,9,1,4,4,5,7,4,4,1,4,5,2,12,1,51,3,10,1,1,7,1,1,8,2,8,,19,19,1,22,9,121.5430343,25.0008668
111,6,9,9,44,2,10文山區,文山區興隆路1段189號,0,0,1,2,C03,6,1,5,50,14,9,1,4,4,5,7,4,4,1,4,5,2,12,2,44,2,9,1,1,7,9,1,10,2,12,,44,19,1,22,9,121.5430343,25.0008668
111,6,9,10,7,2,09北投區,北投區大度路3段與立德路口,0,0,1,1,B03,8,1,5,50,3,1,1,5,4,5,7,2,1,1,4,4,2,13,1,50,3,10,1,1,7,9,1,8,1,1,,16,16,1,22,9,121.4713774,25.12281892
111,6,9,10,7,2,09北投區,北投區大度路3段與立德路口,0,0,1,2,B01,8,1,5,50,3,1,1,5,4,5,7,2,1,1,4,4,2,13,1,41,2,7,1,1,7,9,1,4,1,3,,44,16,1,22,9,121.4713774,25.12281892
111,6,9,10,38,2,10文山區,文山區木柵路4段157-1號,0,0,2,1,B03,7,1,5,50,14,9,1,5,4,5,7,4,4,5,4,5,2,17,1,63,3,10,1,1,7,5,1,3,2,1,,8,8,1,22,9,121.5754483,24.9994846
111,6,9,10,38,2,10文山區,文山區木柵路4段157-1號,0,0,2,2,C03,7,1,5,50,14,9,1,5,4,5,7,4,4,5,4,5,2,17,2,19,2,1,1,1,7,9,1,10,2,11,,44,8,1,22,9,121.5754483,24.9994846
111,6,9,10,38,2,10文山區,文山區木柵路4段157-1號,0,0,2,3,H02,7,1,5,50,14,9,1,5,4,5,7,4,4,5,4,5,2,17,2,18,2,7,1,5,7,21,8,20,10,15,,67,8,1,22,9,121.5754483,24.9994846
111,6,9,10,38,2,10文山區,文山區木柵路4段157-1號,0,0,2,4,,7,1,5,50,14,9,1,5,4,5,7,4,4,5,4,5,2,17,3,,,,,,,,,,,,,67,8,1,,,121.5754483,24.9994846
111,6,9,10,38,2,10文山區,文山區木柵路4段157-1號,0,0,2,5,,7,1,5,50,14,9,1,5,4,5,7,4,4,5,4,5,2,17,3,,,,,,,,,,,,,67,8,1,,,121.5754483,24.9994846
111,6,9,10,40,2,09北投區,北投區行義路114巷,0,0,1,1,B03,7,1,5,40,11,9,1,5,4,5,1,2,1,5,4,5,2,13,1,64,3,10,3,4,7,9,1,8,2,1,,23,23,1,22,9,121.5292941,25.12824657
111,6,9,10,40,2,09北投區,北投區行義路114巷,0,0,1,2,C03,7,1,5,40,11,9,1,5,4,5,1,2,1,5,4,5,2,13,1,33,2,9,3,4,7,12,1,10,2,13,,44,23,1,22,9,121.5292941,25.12824657
111,6,9,10,40,2,09北投區,北投區行義路114巷,0,0,1,3,B03,7,1,5,40,11,9,1,5,4,5,1,2,1,5,4,5,2,13,2,45,3,10,3,4,7,9,1,8,2,1,,23,23,1,22,9,121.5292941,25.12824657
111,6,9,10,45,2,05中正區,中正區鄭州路與重慶北路1段口,0,0,2,1,C03,7,1,5,40,5,2,1,5,4,5,7,2,1,1,4,5,2,17,1,50,2,9,1,1,7,9,1,10,2,12,,13,42,1,22,9,121.5131722,25.0493573
111,6,9,10,45,2,05中正區,中正區鄭州路與重慶北路1段口,0,0,2,2,C03,7,1,5,40,5,2,1,5,4,5,7,2,1,1,4,5,2,17,1,26,2,8,1,1,7,9,1,10,2,13,,44,42,1,22,9,121.5131722,25.0493573
111,6,9,10,45,2,05中正區,中正區鄭州路與重慶北路1段口,0,0,2,3,C03,7,1,5,40,5,2,1,5,4,5,7,2,1,1,4,5,2,17,1,52,3,10,1,1,7,14,1,10,2,13,,44,42,1,22,9,121.5131722,25.0493573
111,6,9,11,11,2,07信義區,信義區忠孝東路5段與中坡北路口,0,0,2,1,C03,7,1,5,50,4,1,1,5,4,5,7,2,1,9,4,5,1,16,1,19,2,9,1,1,7,5,1,10,1,13,,8,8,1,22,9,121.5819232,25.0442112
111,6,9,11,11,2,07信義區,信義區忠孝東路5段與中坡北路口,0,0,2,2,C03,7,1,5,50,4,1,1,5,4,5,7,2,1,9,4,5,1,16,1,36,3,10,1,1,7,9,1,10,1,11,,16,8,1,22,9,121.5819232,25.0442112
111,6,9,11,11,2,07信義區,信義區忠孝東路5段與中坡北路口,0,0,2,3,H02,7,1,5,50,4,1,1,5,4,5,7,2,1,9,4,5,1,16,2,48,2,9,1,5,7,20,8,20,10,16,,67,8,1,22,9,121.5819232,25.0442112
111,6,9,11,38,2,07信義區,信義區信安街192號,0,0,1,1,C03,8,1,5,50,14,9,1,5,4,5,7,4,4,9,4,5,2,13,1,64,2,9,1,1,7,9,1,10,1,11,,16,16,1,22,9,121.555134,25.02288553
111,6,9,11,38,2,07信義區,信義區信安街192號,0,0,1,2,B03,8,1,5,50,14,9,1,5,4,5,7,4,4,9,4,5,2,13,1,44,3,10,1,1,7,12,1,8,1,3,,44,16,1,22,9,121.555134,25.02288553
111,6,9,12,28,2,06松山區,松山區市民大道4段243號,0,0,1,1,B12,7,1,5,40,14,9,1,4,4,3,7,4,4,1,4,5,2,12,1,42,3,10,1,1,7,9,1,8,1,2,,23,23,1,22,9,121.5540143,25.04457665
111,6,9,12,28,2,06松山區,松山區市民大道4段243號,0,0,1,2,C03,7,1,5,40,14,9,1,4,4,3,7,4,4,1,4,5,2,12,2,41,2,9,1,1,7,7,1,9,1,14,,7,23,1,22,9,121.5540143,25.04457665
111,6,9,12,28,2,06松山區,松山區市民大道4段243號,0,0,1,3,B03,7,1,5,40,14,9,1,4,4,3,7,4,4,1,4,5,2,12,1,51,3,10,1,1,7,14,1,8,1,15,,38,23,1,22,9,121.5540143,25.04457665
111,6,9,12,53,2,08士林區,士林區中正路與基河路口,0,0,2,1,C03,7,1,5,50,4,2,1,4,4,5,7,1,1,1,5,5,1,12,1,43,2,9,1,1,7,5,1,10,1,13,,8,8,1,22,9,121.5203025,25.093432
111,6,9,12,53,2,08士林區,士林區中正路與基河路口,0,0,2,2,C03,7,1,5,50,4,2,1,4,4,5,7,1,1,1,5,5,1,12,1,25,2,9,1,1,7,6,1,10,1,11,,23,8,1,22,9,121.5203025,25.093432
111,6,9,12,56,2,03中山區,中山區林森北路409號,0,0,2,1,C03,7,1,5,50,14,9,1,5,4,5,7,4,4,5,5,5,2,16,1,55,2,9,1,1,7,9,1,9,1,12,,23,23,1,22,9,121.5255833,25.0594097
111,6,9,12,56,2,03中山區,中山區林森北路409號,0,0,2,2,F01,7,1,5,50,14,9,1,5,4,5,7,4,4,5,5,5,2,16,2,42,2,9,1,1,7,9,8,20,1,16,,44,23,1,22,9,121.5255833,25.0594097
111,6,9,13,34,2,05中正區,中正區羅斯福路3段128巷與羅斯福路3段128巷36弄口口,0,0,1,1,C03,8,1,5,30,4,1,1,5,4,5,7,4,4,10,5,5,1,15,2,22,2,9,1,1,7,9,1,10,2,12,,6,6,1,22,9,121.5270034,25.02023193
111,6,9,13,34,2,05中正區,中正區羅斯福路3段128巷與羅斯福路3段128巷36弄口口,0,0,1,2,B01,8,1,5,30,4,1,1,5,4,5,7,4,4,10,5,5,1,15,1,54,3,10,1,1,7,9,1,4,2,8,,14,6,1,22,9,121.5270034,25.02023193
111,6,9,13,39,2,09北投區,北投區公館路與大興街口,0,0,1,1,B12,7,1,5,40,4,1,1,5,4,5,7,1,1,5,5,5,2,16,1,62,3,10,3,4,7,5,1,8,1,6,,6,6,1,22,9,121.504619,25.13108555
111,6,9,13,39,2,09北投區,北投區公館路與大興街口,0,0,1,2,C03,7,1,5,40,4,1,1,5,4,5,7,1,1,5,5,5,2,16,1,23,2,9,1,1,7,9,1,10,1,11,,23,6,1,22,9,121.504619,25.13108555
111,6,9,13,50,2,09北投區,北投區大度路3段112號燈桿,0,0,3,1,B12,8,1,5,50,14,9,1,5,4,5,7,1,1,1,4,5,2,13,1,30,2,1,1,1,7,9,1,8,1,1,,23,23,1,22,9,121.4693336,25.12298085
111,6,9,13,50,2,09北投區,北投區大度路3段112號燈桿,0,0,3,2,B03,8,1,5,50,14,9,1,5,4,5,7,1,1,1,4,5,2,13,1,64,2,7,1,1,7,14,1,8,1,3,,44,23,1,22,9,121.4693336,25.12298085
111,6,9,13,50,2,09北投區,北投區大度路3段112號燈桿,0,0,3,3,B03,8,1,5,50,14,9,1,5,4,5,7,1,1,1,4,5,2,13,2,35,2,7,1,1,7,14,1,8,1,3,,44,23,1,22,9,121.4693336,25.12298085
111,6,9,13,50,2,07信義區,信義區光復南路與光復南路443巷口,0,0,1,1,B03,7,1,5,50,4,1,1,5,4,5,7,2,1,1,4,5,2,17,2,51,3,10,1,1,7,11,1,8,1,15,,10,10,1,22,9,121.5576172,25.0357913
111,6,9,13,50,2,07信義區,信義區光復南路與光復南路443巷口,0,0,1,2,C03,7,1,5,50,4,1,1,5,4,5,7,2,1,1,4,5,2,17,2,26,2,9,1,1,7,9,1,10,1,11,,44,10,1,22,9,121.5576172,25.0357913
111,6,9,14,0,2,07信義區,信義區信義路5段與莊敬路口,0,0,1,1,B01,8,1,5,50,4,2,1,5,4,5,7,2,1,9,4,5,1,16,1,55,3,10,1,1,7,6,1,4,1,2,,9,9,1,22,9,121.5614162,25.0329246