發生年度,發生月,發生日,發生時-Hours,發生分,處理別-編號,區序,肇事地點,死亡人數,2-30日死亡人數,受傷人數,當事人序號,車種,天候,光線,道路類別,速限-速度限制,道路型態,事故位置,路面狀況1,路面狀況2,路面狀況3,道路障礙1,道路障礙2,號誌1,號誌2,車道劃分-分向,車道劃分-分道1,車道劃分-分道2,車道劃分-分道3,事故類型及型態,性別,年齡,受傷程度,主要傷處,安全帽,行動電話,車輛用途,當事者行動狀態,駕駛資格情形,駕駛執照種類,飲酒情形,車輛撞擊部位1,車輛撞擊部位2,肇因碼-個別,肇因碼-主要,個人肇逃否,職業,旅次目的,座標-X,座標-Y
111,6,9,14,0,2,07信義區,信義區信義路5段與莊敬路口,0,0,1,2,C03,8,1,5,50,4,2,1,5,4,5,7,2,1,9,4,5,1,16,1,19,2,9,1,1,7,9,1,10,1,11,,44,9,1,22,9,121.5614162,25.0329246
111,6,9,14,14,2,03中山區,中山區民生東路2段與新生北路2段口,0,0,2,1,B03,8,1,5,50,4,1,1,5,4,5,7,1,1,5,4,5,1,17,2,32,3,10,1,1,7,6,1,8,1,5,,9,9,1,22,9,121.5278059,25.05797425
111,6,9,14,14,2,03中山區,中山區民生東路2段與新生北路2段口,0,0,2,2,C03,8,1,5,50,4,1,1,5,4,5,7,1,1,5,4,5,1,17,1,34,2,8,1,1,7,9,1,10,1,14,,44,9,1,22,9,121.5278059,25.05797425
111,6,9,14,14,2,03中山區,中山區民生東路2段與新生北路2段口,0,0,2,3,H02,8,1,5,50,4,1,1,5,4,5,7,1,1,5,4,5,1,17,2,32,2,9,1,5,7,21,8,20,10,16,,67,9,1,22,9,121.5278059,25.05797425
111,6,9,14,16,2,02萬華區,萬華區國興路12號對面,0,0,1,1,F03,7,1,5,50,14,9,1,5,4,5,7,4,4,5,5,5,2,11,2,68,2,9,1,1,7,9,8,20,1,16,,23,23,1,22,9,121.5087943,25.02465215
111,6,9,14,16,2,02萬華區,萬華區國興路12號對面,0,0,1,2,A02,7,1,5,50,14,9,1,5,4,5,7,4,4,5,5,5,2,11,1,60,3,10,1,4,7,14,1,2,1,8,,44,23,1,22,9,121.5087943,25.02465215
111,6,9,14,39,2,08士林區,士林區延平北路8段2巷171號,0,0,1,1,C03,8,1,5,30,14,9,1,5,4,5,7,4,4,10,5,5,1,16,1,45,2,9,3,4,7,9,4,11,1,11,,23,23,1,22,9,121.4874113,25.11054458
111,6,9,14,39,2,08士林區,士林區延平北路8段2巷171號,0,0,1,2,B03,8,1,5,30,14,9,1,5,4,5,7,4,4,10,5,5,1,16,1,60,3,10,3,4,7,1,1,8,1,8,,19,23,1,22,9,121.4874113,25.11054458
111,6,9,14,52,2,09北投區,北投區文林北路與文林北路94巷口對面,0,0,1,1,B03,8,1,5,50,4,1,1,5,4,5,7,1,1,1,4,4,2,16,1,47,3,10,3,4,7,6,1,8,1,6,,43,43,1,22,9,121.5174526,25.10528934
111,6,9,14,52,2,09北投區,北投區文林北路與文林北路94巷口對面,0,0,1,2,C03,8,1,5,50,4,1,1,5,4,5,7,1,1,1,4,4,2,16,1,20,2,9,3,4,7,9,1,9,1,11,,43,43,1,22,9,121.5174526,25.10528934
111,6,9,15,11,2,06松山區,松山區八德路4段453巷與八德路4段口,0,0,1,1,B03,8,1,5,50,3,1,1,5,4,5,7,1,1,8,3,5,2,16,1,51,3,10,1,1,7,5,1,8,2,8,,8,8,1,22,3,121.5706521,25.04986056
111,6,9,15,11,2,06松山區,松山區八德路4段453巷與八德路4段口,0,0,1,2,C03,8,1,5,50,3,1,1,5,4,5,7,1,1,8,3,5,2,16,1,23,2,9,1,1,7,9,1,10,2,11,,14,8,1,22,7,121.5706521,25.04986056
111,6,9,15,25,2,11南港區,南港區中坡北路與永吉路口,0,0,1,1,C03,7,1,5,50,4,2,1,5,4,5,7,2,1,3,1,4,2,13,1,20,3,10,3,4,7,9,1,10,1,11,,23,23,1,22,9,121.5808748,25.0452553
111,6,9,15,25,2,11南港區,南港區中坡北路與永吉路口,0,0,1,2,F03,7,1,5,50,4,2,1,5,4,5,7,2,1,3,1,4,2,13,2,39,2,9,1,4,7,9,8,20,1,16,,44,23,1,22,9,121.5808748,25.0452553
111,6,9,15,54,2,08士林區,士林區通河街35號,0,0,3,1,C03,8,1,5,30,14,9,1,5,4,5,7,2,1,9,5,5,1,17,1,17,2,7,1,1,7,11,2,18,2,11,,16,16,1,22,9,121.5228824,25.08007171
111,6,9,15,54,2,08士林區,士林區通河街35號,0,0,3,2,C03,8,1,5,30,14,9,1,5,4,5,7,2,1,9,5,5,1,17,1,37,2,8,1,1,7,14,1,10,2,13,,44,16,1,22,9,121.5228824,25.08007171
111,6,9,15,54,2,08士林區,士林區通河街35號,0,0,3,3,H02,8,1,5,30,14,9,1,5,4,5,7,2,1,9,5,5,1,17,2,18,2,8,4,5,7,20,8,20,10,16,,67,16,1,22,9,121.5228824,25.08007171
111,6,9,16,16,2,01大同區,大同區長安西路與長安西路172巷口,0,0,2,1,C03,8,1,5,30,3,1,1,5,4,5,7,4,4,10,5,5,2,16,2,24,2,9,1,1,7,5,1,10,1,12,,6,6,1,22,9,121.5161076,25.05109915
111,6,9,16,16,2,01大同區,大同區長安西路與長安西路172巷口,0,0,2,2,C03,8,1,5,30,3,1,1,5,4,5,7,4,4,10,5,5,2,16,2,37,2,9,1,1,7,9,1,10,1,11,,44,6,1,22,9,121.5161076,25.05109915
111,6,9,16,23,2,03中山區,中山區民生西路與中山北路2段口口,0,0,1,1,B03,8,1,5,50,4,1,1,5,4,5,7,2,1,5,4,5,2,3,1,55,3,10,3,4,7,1,1,8,2,1,,15,15,1,22,9,121.5226262,25.0579013
111,6,9,16,23,2,03中山區,中山區民生西路與中山北路2段口口,0,0,1,2,H01,8,1,5,50,4,1,1,5,4,5,7,2,1,5,4,5,2,3,2,79,2,8,4,5,8,16,8,20,10,16,,52,15,1,22,9,121.5226262,25.0579013
111,6,9,16,35,2,07信義區,信義區虎林街120巷與忠孝東路5段345巷口,0,0,1,1,C03,6,1,5,30,4,1,1,4,4,5,7,4,4,10,5,5,2,15,2,40,2,9,3,4,7,9,1,10,1,11,,6,6,1,22,9,121.5740838,25.0422171
111,6,9,16,35,2,07信義區,信義區虎林街120巷與忠孝東路5段345巷口,0,0,1,2,C03,6,1,5,30,4,1,1,4,4,5,7,4,4,10,5,5,2,15,2,64,3,10,3,4,7,9,4,4,1,14,,14,6,1,22,9,121.5740838,25.0422171
111,6,9,16,41,2,08士林區,士林區仰德大道2段043號燈桿,0,0,2,1,C03,8,1,5,0,14,9,1,5,4,5,7,4,4,4,3,5,1,9,1,19,2,9,3,4,7,9,1,10,1,15,,13,13,1,22,9,121.5496729,25.11189259
111,6,9,16,41,2,08士林區,士林區仰德大道2段043號燈桿,0,0,2,2,H02,8,1,5,0,14,9,1,5,4,5,7,4,4,4,3,5,1,9,2,23,2,9,3,5,7,21,8,20,10,15,,67,13,1,22,9,121.5496729,25.11189259
111,6,9,16,41,2,08士林區,士林區仰德大道2段043號燈桿,0,0,2,3,,8,1,5,0,14,9,1,5,4,5,7,4,4,4,3,5,1,9,3,,,,,,,,,,,,,61,13,1,,,121.5496729,25.11189259
111,6,9,16,45,2,04大安區,大安區新生南路2段18號,0,0,1,1,C03,8,1,5,40,14,12,1,5,4,5,7,4,4,1,4,5,2,13,1,59,2,9,1,1,7,9,1,10,1,11,,23,23,1,22,9,121.5328505,25.03256663
111,6,9,16,45,2,04大安區,大安區新生南路2段18號,0,0,1,2,B03,8,1,5,40,14,12,1,5,4,5,7,4,4,1,4,5,2,13,1,50,3,10,1,1,7,9,1,8,1,6,,44,23,1,22,9,121.5328505,25.03256663
111,6,9,16,53,2,11南港區,南港區成美橋往北,0,0,2,1,C03,6,1,5,50,8,9,1,4,4,5,7,4,4,4,3,5,1,2,1,18,2,9,1,1,7,9,1,10,2,11,,23,23,1,22,9,121.5829843,25.05319712
111,6,9,16,53,2,11南港區,南港區成美橋往北,0,0,2,2,H01,6,1,5,50,8,9,1,4,4,5,7,4,4,4,3,5,1,2,2,74,2,9,4,1,8,16,8,20,2,15,,60,23,1,22,9,121.5829843,25.05319712
111,6,9,17,0,2,08士林區,士林區仰德大道4段75號,0,0,1,1,C03,6,1,5,40,14,9,1,4,4,5,7,1,1,4,5,5,1,12,2,35,2,9,1,1,7,9,1,10,1,11,,17,17,1,22,9,121.5468591,25.13121217
111,6,9,17,0,2,08士林區,士林區仰德大道4段75號,0,0,1,2,A12,6,1,5,40,14,9,1,4,4,5,7,1,1,4,5,5,1,12,1,25,3,10,1,1,7,8,1,3,1,3,,7,17,1,22,9,121.5468591,25.13121217
111,6,9,17,2,2,08士林區,士林區承德路4段77巷與承德路4段口,0,0,1,1,B03,7,1,5,50,5,1,1,4,4,5,7,2,1,3,4,5,1,17,1,74,3,10,1,1,7,5,1,8,2,2,,8,8,1,22,9,121.5232513,25.08216786
111,6,9,17,2,2,08士林區,士林區承德路4段77巷與承德路4段口,0,0,1,2,C03,7,1,5,50,5,1,1,4,4,5,7,2,1,3,4,5,1,17,1,43,2,9,1,1,7,9,1,10,2,11,,23,8,1,22,9,121.5232513,25.08216786
111,6,9,17,20,2,10文山區,文山區興隆路2段與福興路口,0,0,1,1,B12,8,1,5,30,3,1,1,5,4,5,7,1,1,5,5,5,2,3,1,58,3,10,1,1,7,5,1,8,2,8,,15,15,1,22,9,121.5518272,25.00180342
111,6,9,17,20,2,10文山區,文山區興隆路2段與福興路口,0,0,1,2,H01,8,1,5,30,3,1,1,5,4,5,7,1,1,5,5,5,2,3,2,76,2,9,4,5,8,16,8,20,10,16,,67,15,1,22,9,121.5518272,25.00180342
111,6,9,17,34,2,09北投區,北投區大度路3段與中央北路4段口,0,0,1,1,A42,6,1,5,50,14,9,1,4,4,5,7,4,4,3,4,5,2,13,2,39,3,10,1,1,7,9,1,1,11,5,,23,23,2,22,9,121.4647299,25.12380924
111,6,9,17,34,2,09北投區,北投區大度路3段與中央北路4段口,0,0,1,2,C03,6,1,5,50,14,9,1,4,4,5,7,4,4,3,4,5,2,13,1,27,2,8,1,1,7,9,1,10,1,13,,44,23,1,22,9,121.4647299,25.12380924
111,6,9,17,40,2,04大安區,大安區基隆路4段148號,0,0,1,1,C03,8,2,5,50,14,9,1,5,4,5,7,2,1,1,4,5,2,12,1,59,3,10,1,1,7,4,1,10,2,11,,23,23,1,21,9,121.537787,25.0118672
111,6,9,17,40,2,04大安區,大安區基隆路4段148號,0,0,1,2,C03,8,2,5,50,14,9,1,5,4,5,7,2,1,1,4,5,2,12,1,43,2,9,1,1,7,9,1,10,2,11,,44,23,1,21,8,121.537787,25.0118672
111,6,9,17,41,2,12內湖區,內湖區潭美街與安康路228巷口,0,0,1,1,B03,7,3,5,40,3,1,1,5,4,5,7,1,1,5,5,5,2,16,1,70,3,10,1,1,7,5,1,8,11,6,,6,6,1,22,9,121.6035797,25.0611664
111,6,9,17,41,2,12內湖區,內湖區潭美街與安康路228巷口,0,0,1,2,C03,7,3,5,40,3,1,1,5,4,5,7,1,1,5,5,5,2,16,1,19,2,9,1,1,7,9,1,10,1,11,,13,6,1,22,9,121.6035797,25.0611664
111,6,9,17,42,2,07信義區,信義區基隆路2段與吳興街口,0,0,1,1,B03,7,1,5,50,4,2,1,5,4,5,7,2,1,1,4,5,2,13,2,48,3,10,1,1,7,9,1,8,1,5,,16,16,1,22,8,121.5589491,25.03197594
111,6,9,17,42,2,07信義區,信義區基隆路2段與吳興街口,0,0,1,2,F03,7,1,5,50,4,2,1,5,4,5,7,2,1,1,4,5,2,13,2,49,2,8,1,1,7,9,8,20,1,16,,44,16,1,22,8,121.5589491,25.03197594
111,6,9,18,12,2,07信義區,信義區忠孝東路5段236巷3弄與忠孝東路5段372巷口口,0,0,1,1,B03,7,1,5,30,4,1,1,5,4,5,7,4,4,5,5,5,2,16,1,25,3,10,1,1,7,5,1,8,1,4,,8,8,1,22,9,121.5739719,25.0403566
111,6,9,18,12,2,07信義區,信義區忠孝東路5段236巷3弄與忠孝東路5段372巷口口,0,0,1,2,C03,7,1,5,30,4,1,1,5,4,5,7,4,4,5,5,5,2,16,2,57,2,8,1,1,7,14,1,10,1,11,,44,8,1,22,9,121.5739719,25.0403566
111,6,9,18,40,2,09北投區,北投區承德路7段303號台塑加油站入口,0,0,1,1,B03,6,1,5,60,15,8,1,4,4,5,7,4,4,3,4,3,2,12,1,51,3,10,3,4,7,6,1,8,1,6,,9,9,1,22,9,121.5042368,25.11691221
111,6,9,18,40,2,09北投區,北投區承德路7段303號台塑加油站入口,0,0,1,2,C03,6,1,5,60,15,8,1,4,4,5,7,4,4,3,4,3,2,12,1,22,2,9,3,4,7,9,1,10,1,14,,44,9,1,22,9,121.5042368,25.11691221
111,6,9,19,0,2,09北投區,北投區大興街16號,0,0,1,1,C03,6,3,5,50,14,9,1,4,4,5,7,4,4,9,4,5,1,16,2,26,2,9,1,1,7,1,1,10,1,11,,19,19,1,22,9,121.4982409,25.1298874
111,6,9,19,0,2,09北投區,北投區大興街16號,0,0,1,2,B03,6,3,5,50,14,9,1,4,4,5,7,4,4,9,4,5,1,16,1,33,3,10,1,1,7,9,1,8,1,5,,23,19,1,22,9,121.4982409,25.1298874
111,6,9,19,9,2,02萬華區,萬華區成都路49號,0,0,1,1,A02,6,3,5,50,14,9,1,4,4,5,7,4,4,10,4,5,2,9,1,47,3,10,1,1,7,9,1,2,2,2,,23,23,1,22,9,121.506381,25.042776
111,6,9,19,9,2,02萬華區,萬華區成都路49號,0,0,1,2,H01,6,3,5,50,14,9,1,4,4,5,7,4,4,10,4,5,2,9,1,67,2,9,4,5,8,17,8,20,10,16,,67,23,1,22,9,121.506381,25.042776
111,6,9,19,19,2,10文山區,文山區興隆路2段與興隆路2段95巷口口,0,0,1,1,B03,6,3,5,50,5,2,1,4,4,5,7,2,1,5,5,5,2,3,2,41,3,10,1,1,7,5,1,8,11,1,,15,15,1,22,9,121.5473119,24.99929139
111,6,9,19,19,2,10文山區,文山區興隆路2段與興隆路2段95巷口口,0,0,1,2,H01,6,3,5,50,5,2,1,4,4,5,7,2,1,5,5,5,2,3,2,28,2,9,1,1,8,16,8,20,10,16,,67,15,1,22,9,121.5473119,24.99929139
111,6,9,19,55,2,09北投區,北投區北投路1段與中央南路1段口,0,0,3,1,B01,6,3,5,50,4,1,1,4,4,5,7,1,1,9,4,5,2,16,1,59,3,10,3,4,7,9,1,4,2,8,,25,25,1,22,9,121.4996714,25.13021539
111,6,9,19,55,2,09北投區,北投區北投路1段與中央南路1段口,0,0,3,2,C03,6,3,5,50,4,1,1,4,4,5,7,1,1,9,4,5,2,16,1,23,2,9,3,4,7,1,1,10,2,12,,25,25,1,22,9,121.4996714,25.13021539
111,6,9,19,55,2,09北投區,北投區北投路1段與中央南路1段口,0,0,3,3,B01,6,3,5,50,4,1,1,4,4,5,7,1,1,9,4,5,2,16,1,60,3,10,3,4,7,9,1,4,2,10,,23,25,1,22,9,121.4996714,25.13021539
111,6,9,19,55,2,09北投區,北投區北投路1段與中央南路1段口,0,0,3,4,H02,6,3,5,50,4,1,1,4,4,5,7,1,1,9,4,5,2,16,2,21,2,9,4,5,7,20,8,20,10,16,,67,25,1,22,9,121.4996714,25.13021539
111,6,9,19,55,2,09北投區,北投區北投路1段與中央南路1段口,0,0,3,5,H02,6,3,5,50,4,1,1,4,4,5,7,1,1,9,4,5,2,16,1,0,2,9,4,5,7,20,8,20,10,16,,67,25,1,22,9,121.4996714,25.13021539
111,6,9,20,3,2,01大同區,大同區長安西路與重慶北路1段口,0,0,1,1,,6,3,5,50,4,1,1,4,4,5,7,2,1,1,4,5,2,27,3,,,,,,,,,,,,,66,66,1,,,121.5140027,25.05158057
111,6,9,20,3,2,01大同區,大同區長安西路與重慶北路1段口,0,0,1,2,C03,6,3,5,50,4,1,1,4,4,5,7,2,1,1,4,5,2,27,1,28,2,9,1,1,7,9,1,10,1,11,,44,66,1,22,9,121.5140027,25.05158057
111,6,9,20,16,2,02萬華區,萬華區華江橋機車道往新北市(DSR-266牌面前),0,0,3,1,C03,6,3,5,40,14,11,1,4,4,5,7,4,4,10,5,5,1,17,1,59,2,8,1,1,7,12,1,10,1,11,13,42,42,1,22,9,121.488753,25.03575908
111,6,9,20,16,2,02萬華區,萬華區華江橋機車道往新北市(DSR-266牌面前),0,0,3,2,C03,6,3,5,40,14,11,1,4,4,5,7,4,4,10,5,5,1,17,2,32,2,9,1,1,7,12,1,10,1,13,,44,42,1,22,9,121.488753,25.03575908
111,6,9,20,16,2,02萬華區,萬華區華江橋機車道往新北市(DSR-266牌面前),0,0,3,3,C03,6,3,5,40,14,11,1,4,4,5,7,4,4,10,5,5,1,17,1,36,3,10,1,1,7,12,1,10,1,15,,44,42,1,22,9,121.488753,25.03575908
111,6,9,20,16,2,02萬華區,萬華區華江橋機車道往新北市(DSR-266牌面前),0,0,3,4,C03,6,3,5,40,14,11,1,4,4,5,7,4,4,10,5,5,1,17,2,33,3,10,1,1,7,12,1,10,1,15,,44,42,1,22,9,121.488753,25.03575908
111,6,9,20,16,2,02萬華區,萬華區華江橋機車道往新北市(DSR-266牌面前),0,0,3,5,C03,6,3,5,40,14,11,1,4,4,5,7,4,4,10,5,5,1,17,1,25,2,9,1,1,7,12,1,10,1,11,,13,42,1,22,9,121.488753,25.03575908
111,6,9,20,20,2,04大安區,大安區和平東路3段510號,0,0,2,1,,6,3,5,40,14,9,4,4,4,5,7,4,4,5,5,5,2,17,4,,4,11,3,4,7,15,7,19,11,15,,43,43,2,22,9,121.5608144,25.01581
111,6,9,20,20,2,04大安區,大安區和平東路3段510號,0,0,2,2,,6,3,5,40,14,9,4,4,4,5,7,4,4,5,5,5,2,17,4,,4,11,3,4,7,15,7,19,11,15,,43,43,2,22,9,121.5608144,25.01581
111,6,9,20,20,2,04大安區,大安區和平東路3段510號,0,0,2,3,C03,6,3,5,40,14,9,4,4,4,5,7,4,4,5,5,5,2,17,1,23,2,8,1,1,7,12,1,10,1,11,,43,43,1,22,9,121.5608144,25.01581
111,6,9,20,20,2,04大安區,大安區和平東路3段510號,0,0,2,4,H02,6,3,5,40,14,9,4,4,4,5,7,4,4,5,5,5,2,17,2,47,2,9,4,5,7,20,8,20,10,16,,67,43,1,22,9,121.5608144,25.01581
111,6,9,20,20,2,07信義區,信義區松仁路與松平路口,0,0,1,1,B03,6,3,5,50,4,1,1,4,4,5,7,2,1,5,4,4,1,2,1,66,3,10,1,1,7,5,1,8,1,8,,15,15,1,21,9,121.5683328,25.03046671
111,6,9,20,20,2,07信義區,信義區松仁路與松平路口,0,0,1,2,H01,6,3,5,50,4,1,1,4,4,5,7,2,1,5,4,4,1,2,2,41,2,9,4,1,8,16,8,20,10,16,,67,15,1,21,9,121.5683328,25.03046671
111,6,9,20,35,2,05中正區,中正區林森南路與青島東路口,0,0,1,1,B01,6,3,5,50,4,1,1,4,4,5,7,1,1,9,4,5,2,12,1,63,3,10,1,1,7,5,1,4,2,6,,8,8,1,22,9,121.5229639,25.0436258
111,6,9,20,35,2,05中正區,中正區林森南路與青島東路口,0,0,1,2,C03,6,3,5,50,4,1,1,4,4,5,7,1,1,9,4,5,2,12,1,19,2,9,1,1,7,9,1,10,2,11,,14,8,1,22,9,121.5229639,25.0436258
111,6,9,20,59,2,01大同區,大同區重慶北路2段與歸綏街口,0,0,2,1,F01,6,3,5,50,4,1,1,4,4,5,7,2,1,1,4,5,2,15,1,70,2,1,1,1,7,9,8,20,1,16,,25,25,1,22,9,121.5135844,25.0582026
111,6,9,20,59,2,01大同區,大同區重慶北路2段與歸綏街口,0,0,2,2,C03,6,3,5,50,4,1,1,4,4,5,7,2,1,1,4,5,2,15,1,51,2,9,1,1,7,9,1,10,1,11,,13,25,1,22,9,121.5135844,25.0582026
111,6,9,21,15,2,12內湖區,內湖區新明路與新明路298巷口,0,0,1,1,B03,6,3,5,50,4,1,1,4,4,5,7,2,1,5,4,5,2,17,2,64,3,10,1,1,7,5,1,8,2,2,,8,8,1,22,9,121.5822104,25.05562609
111,6,9,21,15,2,12內湖區,內湖區新明路與新明路298巷口,0,0,1,2,C03,6,3,5,50,4,1,1,4,4,5,7,2,1,5,4,5,2,17,1,28,2,9,1,1,7,9,1,10,2,11,,13,8,1,22,9,121.5822104,25.05562609
111,6,9,21,30,2,10文山區,文山區興隆路3段219號對面,0,0,1,1,C03,6,3,5,50,14,9,1,4,4,5,7,4,4,1,4,5,2,17,2,53,2,9,1,1,7,9,1,10,1,11,11,13,13,1,22,9,121.5595673,24.99429476
111,6,9,21,30,2,10文山區,文山區興隆路3段219號對面,0,0,1,2,B03,6,3,5,50,14,9,1,4,4,5,7,4,4,1,4,5,2,17,2,56,3,10,1,1,7,1,1,8,1,8,8,19,13,1,22,9,121.5595673,24.99429476
111,6,9,22,0,2,09北投區,北投區中央北路1段42-1號,0,0,2,1,C03,6,3,5,50,14,9,1,4,4,5,7,4,4,9,4,5,1,16,2,49,2,9,1,1,7,1,1,10,1,13,,19,19,1,22,9,121.5006612,25.1340667
111,6,9,22,0,2,09北投區,北投區中央北路1段42-1號,0,0,2,2,C03,6,3,5,50,14,9,1,4,4,5,7,4,4,9,4,5,1,16,2,45,2,9,1,1,7,9,1,10,1,11,,44,19,1,22,9,121.5006612,25.1340667
111,6,9,22,29,2,04大安區,大安區和平東路3段與基隆路2段口,0,0,1,1,B03,6,3,5,50,4,1,1,4,4,5,7,1,1,10,5,5,2,16,1,21,3,10,1,1,7,8,1,8,1,2,,7,7,1,22,9,121.552467,25.0244187
111,6,9,22,29,2,04大安區,大安區和平東路3段與基隆路2段口,0,0,1,2,C03,6,3,5,50,4,1,1,4,4,5,7,1,1,10,5,5,2,16,1,32,2,7,1,1,7,9,1,9,1,14,,44,7,1,22,9,121.552467,25.0244187
111,6,9,22,40,2,05中正區,中正區和平西路1段與南昌路2段口,0,0,2,1,B01,6,3,5,50,5,2,1,4,4,5,7,1,1,1,4,5,2,17,1,55,3,10,1,1,7,8,1,4,1,15,,7,7,1,22,9,121.5209945,25.02685678
111,6,9,22,40,2,05中正區,中正區和平西路1段與南昌路2段口,0,0,2,2,C03,6,3,5,50,5,2,1,4,4,5,7,1,1,1,4,5,2,17,1,41,2,9,1,1,7,9,1,10,1,15,,42,7,1,22,9,121.5209945,25.02685678
111,6,9,22,40,2,05中正區,中正區和平西路1段與南昌路2段口,0,0,2,3,C03,6,3,5,50,5,2,1,4,4,5,7,1,1,1,4,5,2,17,2,30,2,9,1,1,7,9,1,10,1,15,,44,7,1,22,9,121.5209945,25.02685678
111,6,9,22,42,2,01大同區,大同區重慶北路3段294巷與重慶北路3段口,0,0,2,1,C03,6,3,5,50,3,1,1,4,4,5,7,2,1,9,4,4,1,15,1,32,3,10,1,1,7,9,1,10,1,11,,25,25,1,22,9,121.5137544,25.07354108
111,6,9,22,42,2,01大同區,大同區重慶北路3段294巷與重慶北路3段口,0,0,2,2,C03,6,3,5,50,3,1,1,4,4,5,7,2,1,9,4,4,1,15,1,25,2,9,1,1,7,9,1,10,1,14,,44,25,1,22,9,121.5137544,25.07354108
111,6,9,22,42,2,01大同區,大同區重慶北路3段294巷與重慶北路3段口,0,0,2,3,H02,6,3,5,50,3,1,1,4,4,5,7,2,1,9,4,4,1,15,2,30,2,9,1,5,7,20,8,20,10,16,,67,25,1,22,9,121.5137544,25.07354108
111,6,10,0,10,2,03中山區,中山區林森北路與新生北路3段88巷口,0,0,2,1,C03,7,3,5,30,4,1,1,5,4,5,5,4,4,10,5,5,2,16,1,40,2,8,1,4,7,5,1,10,1,11,,6,6,1,22,9,121.5257798,25.06791034
111,6,10,0,10,2,03中山區,中山區林森北路與新生北路3段88巷口,0,0,2,2,C03,7,3,5,30,4,1,1,5,4,5,5,4,4,10,5,5,2,16,2,53,2,5,1,4,7,9,1,10,1,11,,14,6,1,22,9,121.5257798,25.06791034
111,6,10,0,24,2,01大同區,大同區鄭州路與西寧北路口,0,0,1,1,C03,7,3,5,40,4,1,1,5,4,5,7,2,1,9,4,5,1,12,2,54,2,9,1,1,7,5,1,10,1,14,,8,8,1,22,9,121.5082021,25.0506052
111,6,10,0,24,2,01大同區,大同區鄭州路與西寧北路口,0,0,1,2,B02,7,3,5,40,4,1,1,5,4,5,7,2,1,9,4,5,1,12,1,33,3,10,3,4,7,9,1,8,1,1,,26,8,1,22,9,121.5082021,25.0506052
111,6,10,3,19,2,03中山區,中山區建國高架道往南第102號燈桿,0,0,2,1,B03,7,3,5,70,8,9,1,5,4,5,1,4,4,1,4,5,2,17,1,32,2,7,1,4,7,9,1,4,2,1,,23,23,1,22,9,121.534194,25.06730668
111,6,10,3,19,2,03中山區,中山區建國高架道往南第102號燈桿,0,0,2,2,B12,7,3,5,70,8,9,1,5,4,5,1,4,4,1,4,5,2,17,1,47,2,1,3,4,7,14,6,8,9,7,,39,23,1,22,9,121.534194,25.06730668
111,6,10,6,39,2,02萬華區,萬華區堤外便道北向南(第092號燈桿處),0,0,1,1,C03,6,1,5,40,14,11,1,4,4,5,7,4,4,2,4,5,2,17,1,35,3,10,1,1,7,9,1,10,2,12,,17,17,1,22,9,121.5032027,25.0465142
111,6,10,6,39,2,02萬華區,萬華區堤外便道北向南(第092號燈桿處),0,0,1,2,C03,6,1,5,40,14,11,1,4,4,5,7,4,4,2,4,5,2,17,1,33,2,9,1,1,7,9,1,10,2,14,,17,17,1,22,9,121.5032027,25.0465142
111,6,10,6,44,2,07信義區,信義區基隆路2段與吳興街口,0,0,1,1,B01,8,1,5,30,4,1,1,5,4,5,7,2,1,10,4,5,2,3,1,60,3,10,2,1,7,5,1,4,2,1,,15,15,1,22,9,121.5588778,25.03199873
111,6,10,6,44,2,07信義區,信義區基隆路2段與吳興街口,0,0,1,2,H01,8,1,5,30,4,1,1,5,4,5,7,2,1,10,4,5,2,3,2,70,2,9,4,1,8,16,8,20,10,16,,67,15,1,22,9,121.5588778,25.03199873
111,6,10,6,50,2,03中山區,中山區民權東路2段與民權東路2段135巷口,0,0,2,1,C03,6,1,5,50,4,2,1,4,4,5,7,2,1,1,4,5,2,13,1,60,2,9,1,4,7,9,1,10,1,15,,16,16,1,22,9,121.5351473,25.06249764
111,6,10,6,50,2,03中山區,中山區民權東路2段與民權東路2段135巷口,0,0,2,2,B03,6,1,5,50,4,2,1,4,4,5,7,2,1,1,4,5,2,13,1,53,3,10,3,4,7,15,1,8,1,3,,43,16,1,22,9,121.5351473,25.06249764
111,6,10,6,50,2,03中山區,中山區民權東路2段與民權東路2段135巷口,0,0,2,3,C03,6,1,5,50,4,2,1,4,4,5,7,2,1,1,4,5,2,13,1,47,2,9,1,4,7,9,1,10,1,11,,42,16,1,22,9,121.5351473,25.06249764
111,6,10,6,50,2,03中山區,中山區民權東路2段與民權東路2段135巷口,0,0,2,4,A05,6,1,5,50,4,2,1,4,4,5,7,2,1,1,4,5,2,13,1,61,3,10,3,4,7,1,1,2,11,15,,19,16,1,22,9,121.5351473,25.06249764
111,6,10,7,59,2,12內湖區,內湖區成功路2段456巷與成功路2段456巷口,0,0,2,1,C03,6,1,5,30,3,1,1,4,4,5,7,4,4,10,5,5,2,17,1,30,2,9,1,1,7,9,1,10,1,15,,44,44,1,22,9,121.5886191,25.07311606
111,6,10,7,59,2,12內湖區,內湖區成功路2段456巷與成功路2段456巷口,0,0,2,2,C03,6,1,5,30,3,1,1,4,4,5,7,4,4,10,5,5,2,17,1,26,3,10,1,1,7,5,1,10,1,15,,6,44,1,22,9,121.5886191,25.07311606
111,6,10,7,59,2,12內湖區,內湖區成功路2段456巷與成功路2段456巷口,0,0,2,3,H02,6,1,5,30,3,1,1,4,4,5,7,4,4,10,5,5,2,17,2,26,2,9,1,5,7,20,8,20,10,16,,67,44,1,22,9,121.5886191,25.07311606