發生年度,發生月,發生日,發生時-Hours,發生分,處理別-編號,區序,肇事地點,死亡人數,2-30日死亡人數,受傷人數,當事人序號,車種,天候,光線,道路類別,速限-速度限制,道路型態,事故位置,路面狀況1,路面狀況2,路面狀況3,道路障礙1,道路障礙2,號誌1,號誌2,車道劃分-分向,車道劃分-分道1,車道劃分-分道2,車道劃分-分道3,事故類型及型態,性別,年齡,受傷程度,主要傷處,安全帽,行動電話,車輛用途,當事者行動狀態,駕駛資格情形,駕駛執照種類,飲酒情形,車輛撞擊部位1,車輛撞擊部位2,肇因碼-個別,肇因碼-主要,個人肇逃否,職業,旅次目的,座標-X,座標-Y
111,6,10,8,6,2,12內湖區,內湖區基湖路3巷與洲子街口,0,0,1,1,C03,6,1,5,50,3,1,1,4,4,5,7,4,4,5,5,5,2,17,2,28,3,10,1,1,7,8,1,10,9,15,,7,7,1,22,9,121.5658959,25.08114163
111,6,10,8,6,2,12內湖區,內湖區基湖路3巷與洲子街口,0,0,1,2,C03,6,1,5,50,3,1,1,4,4,5,7,4,4,5,5,5,2,17,1,29,2,9,1,1,7,12,1,10,1,12,,42,7,1,22,9,121.5658959,25.08114163
111,6,10,8,18,2,02萬華區,萬華區康定路與永福街口,0,0,1,1,B03,6,1,5,30,4,2,1,4,4,5,7,2,1,5,4,5,2,17,1,57,3,10,1,1,7,5,1,4,1,5,,43,43,1,22,9,121.5018628,25.0390007
111,6,10,8,18,2,02萬華區,萬華區康定路與永福街口,0,0,1,2,C03,6,1,5,30,4,2,1,4,4,5,7,2,1,5,4,5,2,17,1,26,2,9,1,1,7,9,1,10,1,14,,44,43,1,22,9,121.5018628,25.0390007
111,6,10,8,47,2,01大同區,大同區承德路3段與承德路3段285巷口,0,0,1,1,B03,6,1,5,50,4,1,1,4,4,5,7,1,1,1,4,1,2,15,1,70,3,10,1,1,7,9,1,8,1,1,,23,23,1,22,9,121.5197285,25.07402088
111,6,10,8,47,2,01大同區,大同區承德路3段與承德路3段285巷口,0,0,1,2,C04,6,1,5,50,4,1,1,4,4,5,7,1,1,1,4,1,2,15,2,67,2,9,1,1,7,11,1,10,1,14,,11,23,1,22,9,121.5197285,25.07402088
111,6,10,8,53,2,09北投區,北投區承德路7段1號,0,0,1,1,B12,6,1,5,50,14,9,1,4,4,5,7,1,1,1,4,5,2,13,1,39,3,10,1,1,7,9,1,8,1,5,,16,16,1,22,9,121.5109421,25.11052449
111,6,10,8,53,2,09北投區,北投區承德路7段1號,0,0,1,2,C03,6,1,5,50,14,9,1,4,4,5,7,1,1,1,4,5,2,13,2,46,2,9,1,1,7,12,1,10,1,13,,44,16,1,22,9,121.5109421,25.11052449
111,6,10,8,53,2,12內湖區,內湖區石潭路131巷與石潭路口151號,0,0,1,1,C03,6,1,5,50,3,1,1,4,4,5,7,4,4,5,5,5,2,12,1,53,2,9,1,1,7,9,1,10,2,12,,17,17,1,22,9,121.5889523,25.0642943
111,6,10,8,53,2,12內湖區,內湖區石潭路131巷與石潭路口151號,0,0,1,2,B03,6,1,5,50,3,1,1,4,4,5,7,4,4,5,5,5,2,12,2,50,3,10,1,1,7,5,1,8,2,4,,17,17,1,22,9,121.5889523,25.0642943
111,6,10,8,58,2,02萬華區,萬華區環河南路2段與桂林路口,0,0,1,1,C04,6,1,5,50,4,1,1,4,4,5,7,1,1,5,4,5,2,16,1,46,3,10,1,1,7,5,1,10,9,15,,6,6,1,22,9,121.4969945,25.03847323
111,6,10,8,58,2,02萬華區,萬華區環河南路2段與桂林路口,0,0,1,2,C03,6,1,5,50,4,1,1,4,4,5,7,1,1,5,4,5,2,16,1,30,2,9,1,1,7,9,1,10,9,15,,17,6,1,22,9,121.4969945,25.03847323
111,6,10,8,59,2,01大同區,大同區民權西路與承德路2段口,0,0,1,1,C03,6,1,5,50,4,2,1,4,4,5,7,2,1,1,4,5,2,13,2,18,2,8,3,4,7,9,1,10,2,11,,16,16,1,22,9,121.5179922,25.06274714
111,6,10,8,59,2,01大同區,大同區民權西路與承德路2段口,0,0,1,2,C03,6,1,5,50,4,2,1,4,4,5,7,2,1,1,4,5,2,13,1,28,3,10,3,4,7,9,1,10,2,13,,44,16,1,22,9,121.5179922,25.06274714
111,6,10,9,1,2,08士林區,士林區士東路32號,0,0,1,1,A12,6,1,5,50,14,9,1,4,4,5,7,4,4,9,5,5,2,17,1,48,4,11,3,4,7,15,7,19,11,15,,42,42,2,22,9,121.5273266,25.11188894
111,6,10,9,1,2,08士林區,士林區士東路32號,0,0,1,2,C03,6,1,5,50,14,9,1,4,4,5,7,4,4,9,5,5,2,17,2,45,2,9,1,1,7,9,1,10,1,12,,42,42,1,22,9,121.5273266,25.11188894
111,6,10,9,10,2,02萬華區,萬華區和平西路3段120號,0,0,1,1,A02,6,1,5,40,14,7,1,4,4,5,7,4,4,3,4,4,2,17,1,57,3,10,1,4,7,1,1,2,11,15,,19,19,1,22,9,121.4999716,25.03516232
111,6,10,9,10,2,02萬華區,萬華區和平西路3段120號,0,0,1,2,C03,6,1,5,40,14,7,1,4,4,5,7,4,4,3,4,4,2,17,2,25,2,8,1,4,7,9,1,10,1,14,,44,19,1,22,9,121.4999716,25.03516232
111,6,10,9,10,2,09北投區,北投區大興街24巷與大興街24巷6弄口,0,0,1,1,B03,6,1,5,30,4,1,1,4,4,5,7,4,4,10,5,5,1,15,1,36,3,10,1,1,7,9,1,10,1,1,,6,6,1,22,9,121.4988197,25.12911835
111,6,10,9,10,2,09北投區,北投區大興街24巷與大興街24巷6弄口,0,0,1,2,C03,6,1,5,30,4,1,1,4,4,5,7,4,4,10,5,5,1,15,2,54,2,9,1,1,7,9,1,10,1,12,,44,6,1,22,9,121.4988197,25.12911835
111,6,10,9,27,2,03中山區,中山區林森北路與錦州街口,0,0,2,1,C03,6,1,5,50,4,1,1,4,4,5,7,1,1,4,3,5,1,15,1,33,2,9,3,4,7,9,3,18,2,11,,25,25,1,22,9,121.5256104,25.06035912
111,6,10,9,27,2,03中山區,中山區林森北路與錦州街口,0,0,2,2,C03,6,1,5,50,4,1,1,4,4,5,7,1,1,4,3,5,1,15,1,29,2,9,3,4,7,9,1,10,2,14,,44,25,1,22,9,121.5256104,25.06035912
111,6,10,9,38,2,04大安區,大安區仁愛路4段27巷與忠孝東路4段口,0,0,1,1,B03,6,1,5,0,3,2,1,4,4,5,7,4,4,8,3,5,1,17,2,46,3,10,1,1,7,15,1,8,11,15,,6,6,1,21,1,121.5446668,25.04148349
111,6,10,9,38,2,04大安區,大安區仁愛路4段27巷與忠孝東路4段口,0,0,1,2,C03,6,1,5,0,3,2,1,4,4,5,7,4,4,8,3,5,1,17,1,24,2,9,1,1,7,12,1,10,11,14,,13,6,1,5,1,121.5446668,25.04148349
111,6,10,9,50,2,04大安區,大安區基隆路2段與樂業街口,0,0,1,1,B03,6,1,5,40,4,1,1,4,4,5,7,1,1,1,4,5,2,16,1,55,3,10,1,1,7,6,1,8,1,2,,26,26,1,22,9,121.5503044,25.0223113
111,6,10,9,50,2,04大安區,大安區基隆路2段與樂業街口,0,0,1,2,C03,6,1,5,40,4,1,1,4,4,5,7,1,1,1,4,5,2,16,1,23,2,9,1,1,7,9,1,10,1,14,,44,26,1,22,9,121.5503044,25.0223113
111,6,10,10,10,2,02萬華區,萬華區環河南路1段155巷與無名巷口,0,0,2,1,H01,6,1,5,30,3,1,1,4,4,5,7,4,4,10,5,5,2,9,1,47,2,7,4,5,8,16,8,20,1,16,,53,53,1,22,9,121.4994158,25.0411524
111,6,10,10,10,2,02萬華區,萬華區環河南路1段155巷與無名巷口,0,0,2,2,C03,6,1,5,30,3,1,1,4,4,5,7,4,4,10,5,5,2,9,1,26,2,8,1,1,7,9,1,10,1,14,,23,53,1,22,9,121.4994158,25.0411524
111,6,10,10,18,2,09北投區,北投區大度路1段31號,0,0,2,1,C03,6,1,5,50,14,12,1,4,4,5,7,4,4,3,5,5,1,17,1,21,2,9,1,1,7,9,1,10,1,14,,13,13,1,22,9,121.4960993,25.121124
111,6,10,10,18,2,09北投區,北投區大度路1段31號,0,0,2,2,C03,6,1,5,50,14,12,1,4,4,5,7,4,4,3,5,5,1,17,2,23,2,9,1,1,7,9,1,10,1,12,,42,13,1,22,9,121.4960993,25.121124
111,6,10,10,19,2,03中山區,中山區內湖路1段32巷與內湖路1段口,0,0,1,1,C03,6,1,5,50,3,1,1,4,4,5,7,4,4,1,3,5,1,16,1,74,2,9,3,4,7,6,1,10,2,14,,9,9,1,22,9,121.5596081,25.08475835
111,6,10,10,19,2,03中山區,中山區內湖路1段32巷與內湖路1段口,0,0,1,2,B03,6,1,5,50,3,1,1,4,4,5,7,4,4,1,3,5,1,16,1,42,3,10,3,4,7,9,1,10,2,2,,13,9,1,22,9,121.5596081,25.08475835
111,6,10,11,5,2,06松山區,松山區民生東路5段與新中街口,0,0,1,1,B12,7,1,5,50,4,1,1,5,4,5,7,2,1,9,4,5,2,17,1,31,3,10,1,1,7,6,1,8,1,8,,9,9,1,22,9,121.5605033,25.05870405
111,6,10,11,5,2,06松山區,松山區民生東路5段與新中街口,0,0,1,2,C03,7,1,5,50,4,1,1,5,4,5,7,2,1,9,4,5,2,17,1,24,2,9,1,1,7,5,1,10,1,12,,44,9,1,22,9,121.5605033,25.05870405
111,6,10,11,5,2,09北投區,北投區光明路217號,0,0,2,1,B01,7,1,5,50,14,9,1,5,4,5,7,4,4,9,5,5,2,16,1,50,3,10,3,4,7,11,1,4,2,7,,10,10,1,22,9,121.5040153,25.13625346
111,6,10,11,5,2,09北投區,北投區光明路217號,0,0,2,2,C03,7,1,5,50,14,9,1,5,4,5,7,4,4,9,5,5,2,16,1,18,2,9,3,4,7,9,1,10,2,11,,44,10,1,22,9,121.5040153,25.13625346
111,6,10,11,5,2,09北投區,北投區光明路217號,0,0,2,3,H02,7,1,5,50,14,9,1,5,4,5,7,4,4,9,5,5,2,16,2,19,2,9,4,5,7,20,8,20,10,16,,67,10,1,22,9,121.5040153,25.13625346
111,6,10,11,30,2,10文山區,文山區木柵路3段33號,0,0,1,1,H01,8,1,5,50,14,9,1,5,4,5,7,4,4,10,4,5,2,9,1,65,2,9,4,5,8,20,8,20,10,16,,51,51,1,22,9,121.5655246,24.988404
111,6,10,11,30,2,10文山區,文山區木柵路3段33號,0,0,1,2,B03,8,1,5,50,14,9,1,5,4,5,7,4,4,10,4,5,2,9,1,54,3,10,3,4,7,9,1,8,2,5,,23,51,1,22,9,121.5655246,24.988404
111,6,10,11,36,2,04大安區,大安區師大路105巷與龍泉街口,0,0,1,1,C03,8,1,5,30,4,1,1,5,4,5,7,4,4,10,5,5,1,17,1,19,2,8,3,4,7,21,1,10,1,15,,6,6,1,22,9,121.5293187,25.02234115
111,6,10,11,36,2,04大安區,大安區師大路105巷與龍泉街口,0,0,1,2,B01,8,1,5,30,4,1,1,5,4,5,7,4,4,10,5,5,1,17,1,57,3,10,3,4,7,21,1,4,1,15,,14,6,1,22,9,121.5293187,25.02234115
111,6,10,11,50,2,07信義區,信義區莊敬路與莊敬路口側附近197巷口,0,0,1,1,B03,8,1,5,50,4,1,1,5,4,5,7,2,1,9,4,4,1,16,2,34,3,10,1,1,7,11,1,8,1,4,,10,10,1,22,9,121.5612785,25.0308159
111,6,10,11,50,2,07信義區,信義區莊敬路與莊敬路口側附近197巷口,0,0,1,2,C03,8,1,5,50,4,1,1,5,4,5,7,2,1,9,4,4,1,16,1,25,2,7,1,1,7,9,1,10,1,11,,16,10,1,22,9,121.5612785,25.0308159
111,6,10,12,0,2,11南港區,南港區南港路2段6號,0,0,2,1,C03,8,1,5,40,14,8,1,5,4,5,7,4,4,5,5,4,2,12,1,37,2,9,1,1,7,8,1,10,1,13,,44,44,1,22,9,121.6059405,25.0542562
111,6,10,12,0,2,11南港區,南港區南港路2段6號,0,0,2,2,C03,8,1,5,40,14,8,1,5,4,5,7,4,4,5,5,4,2,12,1,24,2,9,1,1,7,9,1,10,1,11,,16,44,1,22,9,121.6059405,25.0542562
111,6,10,12,0,2,11南港區,南港區南港路2段6號,0,0,2,3,C03,8,1,5,40,14,8,1,5,4,5,7,4,4,5,5,4,2,12,4,,4,11,3,4,7,15,7,19,11,15,,44,44,2,22,9,121.6059405,25.0542562
111,6,10,12,0,2,11南港區,南港區南港路2段6號,0,0,2,4,C03,8,1,5,40,14,8,1,5,4,5,7,4,4,5,5,4,2,12,4,,4,11,3,4,7,15,7,19,11,15,,44,44,2,22,9,121.6059405,25.0542562
111,6,10,12,0,2,11南港區,南港區南港路2段6號,0,0,2,5,C03,8,1,5,40,14,8,1,5,4,5,7,4,4,5,5,4,2,12,4,,4,11,3,4,7,15,7,19,11,15,,44,44,2,22,9,121.6059405,25.0542562
111,6,10,12,47,2,04大安區,大安區信義路4段1-15號,0,0,1,1,B01,7,1,5,50,14,9,1,5,4,5,7,4,4,4,4,5,2,17,1,61,3,10,1,1,7,7,1,4,2,4,,7,7,1,22,9,121.5440974,25.03346302
111,6,10,12,47,2,04大安區,大安區信義路4段1-15號,0,0,1,2,C03,7,1,5,50,14,9,1,5,4,5,7,4,4,4,4,5,2,17,2,23,2,9,1,1,7,9,1,10,2,12,,13,7,1,22,9,121.5440974,25.03346302
111,6,10,12,47,2,09北投區,北投區光明路43號,0,0,1,1,C03,7,1,5,30,14,9,2,4,4,5,7,4,4,9,5,5,2,17,2,47,2,9,1,1,7,9,1,10,1,11,,42,42,1,22,9,121.4994915,25.13279005
111,6,10,12,47,2,09北投區,北投區光明路43號,0,0,1,2,C03,7,1,5,30,14,9,2,4,4,5,7,4,4,9,5,5,2,17,2,29,3,10,1,1,7,13,1,10,11,13,,44,42,1,22,9,121.4994915,25.13279005
111,6,10,12,51,2,07信義區,信義區忠孝東路5段790巷25弄與忠孝東路5段790巷口口,0,0,2,1,C03,8,1,5,30,4,1,1,5,4,5,7,4,4,10,5,5,2,15,1,66,2,7,1,1,7,9,1,10,2,11,,6,6,1,21,8,121.582757,25.04238757
111,6,10,12,51,2,07信義區,信義區忠孝東路5段790巷25弄與忠孝東路5段790巷口口,0,0,2,2,C03,8,1,5,30,4,1,1,5,4,5,7,4,4,10,5,5,2,15,2,27,2,9,1,1,7,9,1,10,2,14,,14,6,1,21,8,121.582757,25.04238757
111,6,10,13,16,2,08士林區,士林區文林路667號,0,0,2,1,C04,8,1,5,50,14,9,1,5,4,5,7,4,4,5,4,5,2,17,2,21,2,7,1,1,7,7,1,8,1,14,,7,7,1,22,9,121.5223137,25.1009376
111,6,10,13,16,2,08士林區,士林區文林路667號,0,0,2,2,B03,8,1,5,50,14,9,1,5,4,5,7,4,4,5,4,5,2,17,1,20,3,10,1,1,7,9,1,8,1,2,,44,7,1,22,9,121.5223137,25.1009376
111,6,10,13,16,2,08士林區,士林區文林路667號,0,0,2,3,H02,8,1,5,50,14,9,1,5,4,5,7,4,4,5,4,5,2,17,2,20,2,1,1,5,7,20,8,20,10,16,,67,7,1,22,9,121.5223137,25.1009376
111,6,10,13,58,2,10文山區,文山區興隆路3段與興隆路3段221巷口,0,0,1,1,B02,8,1,5,50,3,1,1,5,4,5,7,4,4,1,4,5,2,12,1,26,3,10,1,1,7,8,1,8,2,2,,7,7,1,22,9,121.5595737,24.99428577
111,6,10,13,58,2,10文山區,文山區興隆路3段與興隆路3段221巷口,0,0,1,2,C03,8,1,5,50,3,1,1,5,4,5,7,4,4,1,4,5,2,12,1,22,2,9,1,1,7,9,1,10,2,11,,44,7,1,22,9,121.5595737,24.99428577
111,6,10,13,59,2,02萬華區,萬華區萬大路423巷87號,0,0,1,1,B12,8,1,5,50,14,9,1,5,4,5,7,4,4,9,5,5,1,17,1,43,3,10,3,4,7,14,1,8,2,4,,40,40,1,22,9,121.5013826,25.02185394
111,6,10,13,59,2,02萬華區,萬華區萬大路423巷87號,0,0,1,2,C03,8,1,5,50,14,9,1,5,4,5,7,4,4,9,5,5,1,17,1,36,3,10,3,4,7,9,1,10,2,12,,44,40,1,22,9,121.5013826,25.02185394
111,6,10,13,59,2,02萬華區,萬華區萬大路423巷87號,0,0,1,3,H02,8,1,5,50,14,9,1,5,4,5,7,4,4,9,5,5,1,17,2,35,2,8,3,5,7,20,8,20,10,16,,67,40,1,22,9,121.5013826,25.02185394
111,6,10,14,35,2,11南港區,南港區市民大道7段與向陽路口,0,0,1,1,B03,8,1,5,50,4,1,1,5,4,5,7,2,1,3,3,5,2,17,1,61,3,10,1,1,7,5,1,8,1,1,,23,23,1,22,9,121.5954955,25.0513764
111,6,10,14,35,2,11南港區,南港區市民大道7段與向陽路口,0,0,1,2,F01,8,1,5,50,4,1,1,5,4,5,7,2,1,3,3,5,2,17,1,14,2,9,1,1,7,11,8,20,1,16,,11,23,1,22,9,121.5954955,25.0513764
111,6,10,14,35,2,11南港區,南港區市民大道7段與向陽路口,0,0,1,3,B01,8,1,5,50,4,1,1,5,4,5,7,2,1,3,3,5,2,17,1,60,3,10,1,1,7,5,1,4,1,4,,44,23,1,22,9,121.5954955,25.0513764
111,6,10,15,10,2,01大同區,大同區承德路1段與長安西路口,0,0,1,1,C04,8,1,5,50,4,2,1,5,4,5,7,2,1,1,4,5,2,12,1,18,2,9,3,4,7,7,1,10,1,14,,7,7,1,22,9,121.5170591,25.05085383
111,6,10,15,10,2,01大同區,大同區承德路1段與長安西路口,0,0,1,2,B03,8,1,5,50,4,2,1,5,4,5,7,2,1,1,4,5,2,12,1,47,3,10,3,4,7,9,1,8,1,6,,44,7,1,22,9,121.5170591,25.05085383
111,6,10,16,38,2,06松山區,松山區塔悠路41號,0,0,1,1,C03,8,1,5,50,14,7,1,5,4,5,7,2,1,1,4,4,2,16,1,68,2,9,1,1,7,7,6,10,2,14,,7,7,1,22,9,121.5712436,25.05077803
111,6,10,16,38,2,06松山區,松山區塔悠路41號,0,0,1,2,B01,8,1,5,50,14,7,1,5,4,5,7,2,1,1,4,4,2,16,2,60,3,10,1,1,7,9,1,4,2,5,,44,7,1,22,9,121.5712436,25.05077803
111,6,10,16,40,2,07信義區,信義區忠孝東路5段790巷25弄1號,0,0,2,1,C03,7,1,5,30,14,9,1,5,4,5,7,4,4,10,5,5,2,16,1,24,2,7,1,1,7,9,1,10,1,11,,6,6,1,22,8,121.5827858,25.04241742
111,6,10,16,40,2,07信義區,信義區忠孝東路5段790巷25弄1號,0,0,2,2,C03,7,1,5,30,14,9,1,5,4,5,7,4,4,10,5,5,2,16,1,60,2,8,1,1,7,9,1,10,1,14,,23,6,1,22,8,121.5827858,25.04241742
111,6,10,16,47,2,12內湖區,內湖區民權東路6段90巷6弄7號,0,0,1,1,C03,7,1,5,30,14,9,1,5,4,5,7,4,4,10,5,5,2,11,1,20,2,9,1,1,7,15,1,10,1,11,,23,23,1,22,9,121.5855037,25.06839092
111,6,10,16,47,2,12內湖區,內湖區民權東路6段90巷6弄7號,0,0,1,3,B03,7,1,5,30,14,9,1,5,4,5,7,4,4,10,5,5,2,11,1,43,3,10,3,4,7,15,7,19,11,15,,44,23,1,22,9,121.5855037,25.06839092
111,6,10,16,47,2,12內湖區,內湖區民權東路6段90巷6弄7號,0,0,1,2,B03,7,1,5,30,14,9,1,5,4,5,7,4,4,10,5,5,2,11,1,46,3,10,1,1,7,9,1,8,1,8,,26,23,1,22,9,121.5855037,25.06839092
111,6,10,16,57,2,05中正區,中正區寶慶路67號,0,0,1,1,C03,8,1,5,50,14,9,1,5,4,5,7,4,4,10,4,5,2,12,2,61,3,10,1,1,7,7,1,10,1,11,,43,43,1,22,9,121.5091025,25.04183674
111,6,10,16,57,2,05中正區,中正區寶慶路67號,0,0,1,2,C03,8,1,5,50,14,9,1,5,4,5,7,4,4,10,4,5,2,12,2,62,2,9,1,1,7,9,1,10,1,14,,43,43,1,22,9,121.5091025,25.04183674
111,6,10,16,57,2,05中正區,中正區寶慶路67號,0,0,1,3,C03,8,1,5,50,14,9,1,5,4,5,7,4,4,10,4,5,2,12,1,22,3,10,1,1,7,15,1,10,1,12,,43,43,1,22,9,121.5091025,25.04183674
111,6,10,17,5,2,04大安區,大安區和平東路2段與建國南路2段口,0,0,1,2,C03,7,1,5,50,4,2,1,5,4,5,7,2,1,1,4,5,1,12,2,51,3,10,1,1,7,9,1,10,1,15,,17,17,1,22,9,121.5379333,25.02543032
111,6,10,17,5,2,04大安區,大安區和平東路2段與建國南路2段口,0,0,1,1,C04,7,1,5,50,4,2,1,5,4,5,7,2,1,1,4,5,1,12,1,65,2,7,1,1,7,9,1,8,1,15,,17,17,1,22,9,121.5379333,25.02543032
111,6,10,17,20,2,03中山區,中山區松江路133巷與南京東路2段115巷口,0,0,2,1,C03,7,1,5,30,4,1,1,5,4,5,7,4,4,10,5,5,1,16,1,48,2,9,1,4,7,9,1,10,2,11,,6,6,1,22,9,121.5336431,25.05435297
111,6,10,17,20,2,03中山區,中山區松江路133巷與南京東路2段115巷口,0,0,2,2,C03,7,1,5,30,4,1,1,5,4,5,7,4,4,10,5,5,1,16,2,36,2,9,1,4,7,9,3,18,2,12,,23,6,1,22,9,121.5336431,25.05435297
111,6,10,17,23,2,07信義區,信義區中坡南路215巷20號,0,0,1,1,B12,7,1,5,30,14,9,1,5,4,3,5,4,4,10,5,5,2,2,1,18,3,10,1,1,7,9,1,8,1,2,,23,23,1,22,8,121.5861834,25.04118004
111,6,10,17,23,2,07信義區,信義區中坡南路215巷20號,0,0,1,2,H01,7,1,5,30,14,9,1,5,4,3,5,4,4,10,5,5,2,2,2,36,2,7,4,5,8,16,8,20,10,16,,67,23,1,22,8,121.5861834,25.04118004
111,6,10,17,31,2,08士林區,士林區文林路與文林路495巷口,0,0,1,1,C03,7,1,5,50,3,1,1,5,4,5,7,4,4,5,5,5,2,13,2,27,2,9,1,1,7,9,1,10,1,11,,43,43,1,22,9,121.5242446,25.09644809
111,6,10,17,31,2,08士林區,士林區文林路與文林路495巷口,0,0,1,2,B01,7,1,5,50,3,1,1,5,4,5,7,4,4,5,5,5,2,13,1,58,3,10,1,1,7,9,1,4,1,3,,43,43,1,22,9,121.5242446,25.09644809
111,6,10,18,20,2,12內湖區,內湖區港華街與港墘路口,0,0,1,1,H01,6,3,5,50,4,2,1,4,4,5,7,2,1,10,4,5,1,3,1,57,3,10,4,5,8,16,8,20,10,16,,52,52,1,22,9,121.5781108,25.08219974
111,6,10,18,20,2,12內湖區,內湖區港華街與港墘路口,0,0,1,2,C03,6,3,5,50,4,2,1,4,4,5,7,2,1,10,4,5,1,3,1,64,2,9,1,1,7,9,1,10,1,14,,42,52,1,22,9,121.5781108,25.08219974
111,6,10,18,35,2,04大安區,大安區愛國東路與金山南路2段口,0,0,1,1,B03,6,1,5,50,4,1,1,4,4,5,7,1,1,10,5,5,2,16,1,42,3,10,1,1,7,6,1,8,1,2,,9,9,1,22,9,121.5267904,25.0318292
111,6,10,18,35,2,04大安區,大安區愛國東路與金山南路2段口,0,0,1,2,C03,6,1,5,50,4,1,1,4,4,5,7,1,1,10,5,5,2,16,2,34,2,9,1,1,7,9,4,11,1,14,,26,9,1,22,9,121.5267904,25.0318292
111,6,10,18,42,2,07信義區,信義區福德街251巷30號,0,0,1,1,A12,8,1,5,30,14,9,1,5,4,5,7,4,4,10,5,5,1,29,1,26,3,10,3,4,7,9,1,2,2,9,,23,23,1,22,9,121.5867027,25.0373036
111,6,10,18,42,2,07信義區,信義區福德街251巷30號,0,0,1,2,,8,1,5,30,14,9,1,5,4,5,7,4,4,10,5,5,1,29,3,,,,,,,,,,10,,,61,23,1,,,121.5867027,25.0373036
111,6,10,18,42,2,07信義區,信義區福德街251巷30號,0,0,1,3,H01,8,1,5,30,14,9,1,5,4,5,7,4,4,10,5,5,1,29,2,39,2,9,4,5,8,16,8,20,10,16,,67,23,1,22,9,121.5867027,25.0373036
111,6,10,19,0,2,03中山區,中山區合江街180巷與合江街口,0,0,1,1,C03,6,3,5,30,4,1,1,4,4,5,7,4,4,9,4,5,2,16,1,49,2,9,1,1,7,9,1,10,1,12,,6,6,1,5,4,121.5392658,25.06107742
111,6,10,19,0,2,03中山區,中山區合江街180巷與合江街口,0,0,1,2,B03,6,3,5,30,4,1,1,4,4,5,7,4,4,9,4,5,2,16,1,36,3,10,1,1,7,9,1,8,1,1,,44,6,1,5,5,121.5392658,25.06107742
111,6,10,19,26,2,03中山區,中山區松江路與民權東路2段口,0,0,1,1,C03,6,3,5,50,4,1,1,4,4,5,7,1,1,1,4,4,2,16,2,20,2,7,1,1,7,5,3,18,1,13,,8,8,1,22,9,121.5332783,25.06245749
111,6,10,19,26,2,03中山區,中山區松江路與民權東路2段口,0,0,1,2,B01,6,3,5,50,4,1,1,4,4,5,7,1,1,1,4,4,2,16,1,59,3,10,3,4,7,5,1,4,1,1,,23,8,1,22,9,121.5332783,25.06245749
111,6,10,19,38,2,04大安區,大安區仁愛路3段與復興南路1段口,0,0,1,1,B01,6,3,5,50,15,18,1,4,4,5,7,1,1,10,5,5,2,3,1,64,3,10,1,1,7,6,1,4,1,2,,15,15,1,22,9,121.5434604,25.0377939
111,6,10,19,38,2,04大安區,大安區仁愛路3段與復興南路1段口,0,0,1,2,H01,6,3,5,50,15,18,1,4,4,5,7,1,1,10,5,5,2,3,2,74,2,7,4,5,8,16,8,20,10,16,,67,15,1,22,9,121.5434604,25.0377939
111,6,10,20,0,2,12內湖區,內湖區舊宗路2段與舊宗路2段213巷口,0,0,1,1,B12,7,3,5,50,3,1,1,4,4,5,7,4,4,1,4,5,2,12,1,72,3,10,1,1,7,6,1,10,1,2,,9,9,1,22,9,121.5735701,25.07308255
111,6,10,20,0,2,12內湖區,內湖區舊宗路2段與舊宗路2段213巷口,0,0,1,2,C03,7,3,5,50,3,1,1,4,4,5,7,4,4,1,4,5,2,12,1,36,2,9,1,1,7,9,1,10,1,11,,44,9,1,22,9,121.5735701,25.07308255
111,6,10,20,20,2,05中正區,中正區仁愛路1段與中山南路口,0,0,1,1,B03,6,3,5,50,5,2,1,4,4,5,7,1,1,1,4,1,1,12,1,22,3,10,1,1,7,6,1,8,1,5,,9,9,1,22,9,121.5179461,25.03940042
111,6,10,20,20,2,05中正區,中正區仁愛路1段與中山南路口,0,0,1,2,C03,6,3,5,50,5,2,1,4,4,5,7,1,1,1,4,1,1,12,1,35,2,9,1,1,7,9,1,10,1,14,,44,9,1,22,9,121.5179461,25.03940042
111,6,10,20,22,2,05中正區,中正區公園路與許昌街口口,0,0,1,1,C03,6,3,5,30,4,1,1,4,4,5,7,3,1,4,4,5,2,15,2,33,2,8,1,1,7,9,1,10,1,12,,6,6,1,22,9,121.5172411,25.04546566
111,6,10,20,22,2,05中正區,中正區公園路與許昌街口口,0,0,1,2,B02,6,3,5,30,4,1,1,4,4,5,7,3,1,4,4,5,2,15,1,48,3,10,1,1,7,9,1,8,1,8,,44,6,1,22,9,121.5172411,25.04546566
111,6,10,20,40,2,04大安區,大安區建國南路2段與建國南路2段123巷口,0,0,1,1,C03,6,3,5,50,3,1,1,4,4,5,7,4,4,1,4,5,2,16,1,18,2,9,1,4,7,7,1,10,1,12,,23,23,1,22,9,121.5379843,25.029497
111,6,10,20,40,2,04大安區,大安區建國南路2段與建國南路2段123巷口,0,0,1,2,B03,6,3,5,50,3,1,1,4,4,5,7,4,4,1,4,5,2,16,2,66,3,10,3,4,7,7,1,8,1,8,,17,23,1,22,9,121.5379843,25.029497
111,6,10,20,40,2,04大安區,大安區建國南路2段與建國南路2段123巷口,0,0,1,3,B01,6,3,5,50,3,1,1,4,4,5,7,4,4,1,4,5,2,16,1,66,3,10,3,4,7,7,1,4,11,15,,7,23,2,22,9,121.5379843,25.029497