發生年度,發生月,發生日,發生時-Hours,發生分,處理別-編號,區序,肇事地點,死亡人數,2-30日死亡人數,受傷人數,當事人序號,車種,天候,光線,道路類別,速限-速度限制,道路型態,事故位置,路面狀況1,路面狀況2,路面狀況3,道路障礙1,道路障礙2,號誌1,號誌2,車道劃分-分向,車道劃分-分道1,車道劃分-分道2,車道劃分-分道3,事故類型及型態,性別,年齡,受傷程度,主要傷處,安全帽,行動電話,車輛用途,當事者行動狀態,駕駛資格情形,駕駛執照種類,飲酒情形,車輛撞擊部位1,車輛撞擊部位2,肇因碼-個別,肇因碼-主要,個人肇逃否,職業,旅次目的,座標-X,座標-Y
111,6,10,21,9,2,11南港區,南港區忠孝東路7段與研究院路1段口,0,0,1,1,B01,6,3,5,50,3,1,1,4,4,5,7,2,1,1,3,5,2,17,1,63,3,10,3,4,7,9,1,4,1,1,,26,26,1,22,9,121.6163252,25.0530914
111,6,10,21,9,2,11南港區,南港區忠孝東路7段與研究院路1段口,0,0,1,2,C03,6,3,5,50,3,1,1,4,4,5,7,2,1,1,3,5,2,17,1,52,2,9,3,4,7,5,1,10,1,13,,8,26,1,22,9,121.6163252,25.0530914
111,6,10,21,26,2,08士林區,士林區通河街2巷與通河街口,0,0,1,1,C03,8,1,5,50,4,1,1,5,4,5,7,3,1,5,4,5,2,16,4,,4,11,3,4,7,15,7,19,11,15,,43,43,2,22,9,121.5237167,25.07989634
111,6,10,21,26,2,08士林區,士林區通河街2巷與通河街口,0,0,1,2,C03,8,1,5,50,4,1,1,5,4,5,7,3,1,5,4,5,2,16,1,31,2,8,3,4,7,5,1,10,1,14,,42,43,1,22,9,121.5237167,25.07989634
111,6,10,21,36,2,01大同區,大同區承德路3段208巷與承德路3段口,0,0,1,2,C03,7,3,5,50,4,1,1,4,4,5,7,1,1,1,4,5,2,13,1,21,2,9,1,1,7,9,1,10,1,11,,13,42,1,22,9,121.5183697,25.0704829
111,6,10,21,36,2,01大同區,大同區承德路3段208巷與承德路3段口,0,0,1,1,B01,7,3,5,50,4,1,1,4,4,5,7,1,1,1,4,5,2,13,1,64,4,11,3,4,7,15,7,19,11,15,,42,42,2,22,9,121.5183697,25.0704829
111,6,10,22,10,2,03中山區,中山區林森北路與民生東路1段口,0,0,1,1,B01,8,3,5,50,4,2,1,5,4,5,7,2,1,9,4,5,2,12,1,57,3,10,2,1,7,1,1,4,1,8,,23,23,1,22,9,121.5255366,25.05799433
111,6,10,22,10,2,03中山區,中山區林森北路與民生東路1段口,0,0,1,2,C03,8,3,5,50,4,2,1,5,4,5,7,2,1,9,4,5,2,12,1,23,2,9,1,1,7,14,1,10,1,12,,44,23,1,22,9,121.5255366,25.05799433
111,6,10,22,39,2,05中正區,中正區中華路1段與忠孝西路1段口,0,0,1,1,C03,6,3,5,50,4,2,1,4,4,5,7,1,1,1,4,5,2,17,2,45,3,10,1,1,7,15,1,10,11,15,,14,14,1,22,9,121.5102745,25.0472336
111,6,10,22,39,2,05中正區,中正區中華路1段與忠孝西路1段口,0,0,1,2,C03,6,3,5,50,4,2,1,4,4,5,7,1,1,1,4,5,2,17,1,35,2,9,1,1,7,15,1,10,2,12,,16,14,1,22,9,121.5102745,25.0472336
111,6,11,0,58,2,05中正區,中正區忠孝西路1段6號,0,0,2,1,B02,6,3,5,50,14,5,1,4,4,5,7,4,4,2,2,5,2,25,1,24,2,9,1,1,7,8,1,8,2,8,,23,23,1,22,9,121.5181561,25.0459887
111,6,11,0,58,2,05中正區,中正區忠孝西路1段6號,0,0,2,2,,6,3,5,50,14,5,1,4,4,5,7,4,4,2,2,5,2,25,3,,,,,,,,,,,,,67,23,1,,,121.5181561,25.0459887
111,6,11,0,58,2,05中正區,中正區忠孝西路1段6號,0,0,2,3,H02,6,3,5,50,14,5,1,4,4,5,7,4,4,2,2,5,2,25,1,22,2,9,4,5,7,20,8,20,10,16,,67,23,1,22,9,121.5181561,25.0459887
111,6,11,5,22,2,04大安區,大安區大安路1段與敦化南路1段190巷口,0,0,1,1,C03,8,1,5,30,4,1,1,5,4,5,7,4,4,9,4,5,1,15,1,24,2,9,1,1,7,9,1,10,2,14,,6,6,1,22,9,121.5461832,25.0426766
111,6,11,5,22,2,04大安區,大安區大安路1段與敦化南路1段190巷口,0,0,1,2,B01,8,1,5,30,4,1,1,5,4,5,7,4,4,9,4,5,1,15,1,63,3,10,1,1,7,9,1,4,2,2,,14,6,1,22,9,121.5461832,25.0426766
111,6,11,5,55,2,08士林區,士林區中正路與文林路口,0,0,2,1,C03,7,1,5,50,4,1,1,5,4,5,7,1,1,1,4,5,2,17,1,34,2,9,1,1,7,9,1,10,1,11,,16,16,1,21,8,121.5246215,25.09505914
111,6,11,5,55,2,08士林區,士林區中正路與文林路口,0,0,2,2,C03,7,1,5,50,4,1,1,5,4,5,7,1,1,1,4,5,2,17,2,22,2,9,1,1,7,5,1,10,1,13,,8,16,1,21,8,121.5246215,25.09505914
111,6,11,8,10,2,09北投區,北投區石牌路2段201號與石牌路2段口,0,0,1,1,B03,8,1,8,50,3,1,1,5,4,5,7,2,1,4,3,5,1,16,2,64,3,10,3,1,7,5,1,8,1,5,,8,8,1,22,9,121.521436,25.120726
111,6,11,8,10,2,09北投區,北投區石牌路2段201號與石牌路2段口,0,0,1,2,C02,8,1,8,50,3,1,1,5,4,5,7,2,1,4,3,5,1,16,1,49,2,8,1,1,7,9,1,9,1,11,,44,8,1,22,9,121.521436,25.120726
111,6,11,8,19,2,03中山區,中山區建國北路3段113巷與民族東路口,0,0,1,1,B03,8,1,5,50,3,1,1,5,4,5,7,1,1,5,5,5,2,17,1,45,3,10,1,1,7,6,1,8,1,5,,17,17,1,22,9,121.536341,25.0680252
111,6,11,8,19,2,03中山區,中山區建國北路3段113巷與民族東路口,0,0,1,2,C03,8,1,5,50,3,1,1,5,4,5,7,1,1,5,5,5,2,17,2,57,2,9,1,1,7,6,1,10,1,14,,17,17,1,22,9,121.536341,25.0680252
111,6,11,8,44,2,03中山區,中山區林森北路102號,0,0,1,11,C03,8,1,5,30,14,9,1,5,4,5,7,4,4,1,4,5,1,17,1,32,4,11,3,4,7,13,7,19,11,15,,44,42,1,22,9,121.52487,25.0507225
111,6,11,8,44,2,03中山區,中山區林森北路102號,0,0,1,12,C03,8,1,5,30,14,9,1,5,4,5,7,4,4,1,4,5,1,17,2,46,4,11,3,4,7,13,7,19,11,15,,44,42,1,22,9,121.52487,25.0507225
111,6,11,8,44,2,03中山區,中山區林森北路102號,0,0,1,1,B01,8,1,5,30,14,9,1,5,4,5,7,4,4,1,4,5,1,17,1,58,3,10,1,1,7,8,1,4,5,1,,42,42,1,22,9,121.52487,25.0507225
111,6,11,8,44,2,03中山區,中山區林森北路102號,0,0,1,2,C03,8,1,5,30,14,9,1,5,4,5,7,4,4,1,4,5,1,17,1,66,2,8,1,1,7,13,1,10,2,15,,38,42,1,22,9,121.52487,25.0507225
111,6,11,8,44,2,03中山區,中山區林森北路102號,0,0,1,3,F01,8,1,5,30,14,9,1,5,4,5,7,4,4,1,4,5,1,17,1,65,4,11,3,4,7,13,8,20,11,16,,44,42,1,22,9,121.52487,25.0507225
111,6,11,8,44,2,03中山區,中山區林森北路102號,0,0,1,4,F02,8,1,5,30,14,9,1,5,4,5,7,4,4,1,4,5,1,17,2,75,4,11,3,4,7,13,8,20,11,15,,44,42,1,22,9,121.52487,25.0507225
111,6,11,8,44,2,03中山區,中山區林森北路102號,0,0,1,5,F01,8,1,5,30,14,9,1,5,4,5,7,4,4,1,4,5,1,17,3,,,,,,,,,,,,,67,42,1,,,121.52487,25.0507225
111,6,11,8,44,2,03中山區,中山區林森北路102號,0,0,1,6,C03,8,1,5,30,14,9,1,5,4,5,7,4,4,1,4,5,1,17,2,32,4,11,3,4,7,13,7,19,11,15,,44,42,1,22,9,121.52487,25.0507225
111,6,11,8,44,2,03中山區,中山區林森北路102號,0,0,1,7,C03,8,1,5,30,14,9,1,5,4,5,7,4,4,1,4,5,1,17,1,65,4,11,3,4,7,13,7,19,11,15,,44,42,1,22,9,121.52487,25.0507225
111,6,11,8,44,2,03中山區,中山區林森北路102號,0,0,1,8,C03,8,1,5,30,14,9,1,5,4,5,7,4,4,1,4,5,1,17,2,45,4,11,3,4,7,13,7,19,11,15,,44,42,1,22,9,121.52487,25.0507225
111,6,11,8,44,2,03中山區,中山區林森北路102號,0,0,1,9,C03,8,1,5,30,14,9,1,5,4,5,7,4,4,1,4,5,1,17,2,25,4,11,3,4,7,13,7,19,11,15,,44,42,1,22,9,121.52487,25.0507225
111,6,11,8,44,2,03中山區,中山區林森北路102號,0,0,1,10,C03,8,1,5,30,14,9,1,5,4,5,7,4,4,1,4,5,1,17,1,27,4,11,3,4,7,13,7,19,11,15,,44,42,1,22,9,121.52487,25.0507225
111,6,11,8,44,2,03中山區,中山區林森北路102號,0,0,1,13,C03,8,1,5,30,14,9,1,5,4,5,7,4,4,1,4,5,1,17,1,42,4,11,3,4,7,13,7,19,11,15,,44,42,1,22,9,121.52487,25.0507225
111,6,11,8,44,2,03中山區,中山區林森北路102號,0,0,1,14,C03,8,1,5,30,14,9,1,5,4,5,7,4,4,1,4,5,1,17,2,39,4,11,3,4,7,13,7,19,11,15,,44,42,1,22,9,121.52487,25.0507225
111,6,11,8,44,2,03中山區,中山區林森北路102號,0,0,1,15,C03,8,1,5,30,14,9,1,5,4,5,7,4,4,1,4,5,1,17,1,35,4,11,3,4,7,13,7,19,11,15,,44,42,1,22,9,121.52487,25.0507225
111,6,11,8,44,2,03中山區,中山區林森北路102號,0,0,1,16,C03,8,1,5,30,14,9,1,5,4,5,7,4,4,1,4,5,1,17,1,31,4,11,3,4,7,13,7,19,11,15,,44,42,1,22,9,121.52487,25.0507225
111,6,11,8,44,2,03中山區,中山區林森北路102號,0,0,1,17,C03,8,1,5,30,14,9,1,5,4,5,7,4,4,1,4,5,1,17,1,55,4,11,3,4,7,13,7,19,11,15,,44,42,1,22,9,121.52487,25.0507225
111,6,11,8,44,2,03中山區,中山區林森北路102號,0,0,1,18,C03,8,1,5,30,14,9,1,5,4,5,7,4,4,1,4,5,1,17,1,57,4,11,3,4,7,13,7,19,11,15,,44,42,1,22,9,121.52487,25.0507225
111,6,11,8,44,2,03中山區,中山區林森北路102號,0,0,1,19,C03,8,1,5,30,14,9,1,5,4,5,7,4,4,1,4,5,1,17,1,35,4,11,3,4,7,13,7,19,11,15,,44,42,1,22,9,121.52487,25.0507225
111,6,11,8,48,2,01大同區,大同區重慶北路3段與民族西路口,0,0,1,1,B01,8,1,5,50,4,1,1,5,4,5,7,2,1,5,4,5,2,11,1,66,3,10,3,4,7,5,1,4,1,1,,6,6,1,22,9,121.5136354,25.06863384
111,6,11,8,48,2,01大同區,大同區重慶北路3段與民族西路口,0,0,1,2,C03,8,1,5,50,4,1,1,5,4,5,7,2,1,5,4,5,2,11,1,23,2,9,1,1,7,9,1,10,1,11,,44,6,1,22,9,121.5136354,25.06863384
111,6,11,8,52,2,02萬華區,萬華區華中橋機車道往新北市方向上橋處,0,0,2,1,C03,8,1,5,40,14,11,1,5,4,5,7,4,4,10,4,5,2,17,1,24,3,10,1,1,7,7,1,10,2,13,,23,23,1,22,9,121.496498,25.01822243
111,6,11,8,52,2,02萬華區,萬華區華中橋機車道往新北市方向上橋處,0,0,2,2,C03,8,1,5,40,14,11,1,5,4,5,7,4,4,10,4,5,2,17,1,55,2,9,1,1,7,9,1,10,2,11,,13,23,1,22,9,121.496498,25.01822243
111,6,11,8,52,2,02萬華區,萬華區華中橋機車道往新北市方向上橋處,0,0,2,3,,8,1,5,40,14,11,1,5,4,5,7,4,4,10,4,5,2,17,4,,4,11,3,4,7,15,7,19,11,15,,43,23,2,22,9,121.496498,25.01822243
111,6,11,8,52,2,02萬華區,萬華區華中橋機車道往新北市方向上橋處,0,0,2,4,H02,8,1,5,40,14,11,1,5,4,5,7,4,4,10,4,5,2,17,2,53,2,1,4,5,7,20,8,20,10,16,,67,23,1,22,9,121.496498,25.01822243
111,6,11,9,10,2,05中正區,中正區忠孝東路2段與新生南路1段口口,0,0,2,1,F01,8,1,5,50,4,2,1,5,4,5,7,2,1,9,4,4,1,17,1,32,3,10,1,1,7,12,8,20,2,16,,44,44,1,21,1,121.5327077,25.0425723
111,6,11,9,10,2,05中正區,中正區忠孝東路2段與新生南路1段口口,0,0,2,2,C03,8,1,5,50,4,2,1,5,4,5,7,2,1,9,4,4,1,17,1,65,2,9,1,1,7,9,1,10,2,15,,42,44,1,20,5,121.5327077,25.0425723
111,6,11,9,10,2,05中正區,中正區忠孝東路2段與新生南路1段口口,0,0,2,3,H02,8,1,5,50,4,2,1,5,4,5,7,2,1,9,4,4,1,17,2,49,2,8,4,5,7,20,8,20,10,16,,67,44,1,21,5,121.5327077,25.0425723
111,6,11,9,28,2,01大同區,大同區重慶北路2段160號,0,0,1,1,B12,8,1,5,50,14,9,1,5,4,5,7,4,4,9,4,5,1,16,1,37,3,10,1,1,7,1,1,8,1,7,,19,19,1,22,9,121.513479,25.059008
111,6,11,9,28,2,01大同區,大同區重慶北路2段160號,0,0,1,2,C03,8,1,5,50,14,9,1,5,4,5,7,4,4,9,4,5,1,16,1,23,2,9,1,1,7,9,1,10,1,11,,14,19,1,22,9,121.513479,25.059008
111,6,11,9,40,2,04大安區,大安區建國高架道(建國高架168燈桿),0,0,1,1,B03,8,1,5,70,10,9,1,5,4,5,7,4,4,9,3,5,1,13,2,24,2,7,1,1,7,9,1,8,2,1,,16,16,1,22,9,121.5376353,25.0267093
111,6,11,9,40,2,04大安區,大安區建國高架道(建國高架168燈桿),0,0,1,2,B03,8,1,5,70,10,9,1,5,4,5,7,4,4,9,3,5,1,13,1,54,3,10,1,1,7,15,1,8,2,3,,44,16,1,22,9,121.5376353,25.0267093
111,6,11,9,41,2,03中山區,中山區建國北路2段與錦州街口,0,0,2,1,C03,8,1,5,50,4,1,1,5,4,5,7,1,1,1,4,5,2,15,1,39,2,9,1,1,7,1,1,10,2,14,,25,25,1,22,9,121.5371722,25.0603037
111,6,11,9,41,2,03中山區,中山區建國北路2段與錦州街口,0,0,2,2,C03,8,1,5,50,4,1,1,5,4,5,7,1,1,1,4,5,2,15,1,36,2,9,1,1,7,9,1,10,2,11,,13,25,1,22,9,121.5371722,25.0603037
111,6,11,10,14,2,02萬華區,萬華區東園街18號,0,0,1,1,B01,8,1,5,50,14,9,1,5,4,5,7,2,1,5,4,5,2,13,1,64,3,10,1,1,7,9,1,4,1,5,,23,23,1,22,9,121.4956669,25.0274911
111,6,11,10,14,2,02萬華區,萬華區東園街18號,0,0,1,2,C03,8,1,5,50,14,9,1,5,4,5,7,2,1,5,4,5,2,13,1,47,2,9,1,1,7,15,1,9,1,13,,44,23,1,22,9,121.4956669,25.0274911
111,6,11,11,10,2,03中山區,中山區南京東路3段133號,0,0,1,1,C03,8,1,5,40,14,8,1,5,4,5,7,4,4,1,4,4,2,17,1,27,2,9,1,4,7,9,1,10,2,15,,13,13,1,22,9,121.540943,25.0520249
111,6,11,11,10,2,03中山區,中山區南京東路3段133號,0,0,1,2,B03,8,1,5,40,14,8,1,5,4,5,7,4,4,1,4,4,2,17,1,34,3,10,3,4,7,9,1,8,2,3,,44,13,1,22,9,121.540943,25.0520249
111,6,11,11,30,2,07信義區,信義區忠孝東路5段159號,0,0,1,1,A02,8,1,5,50,14,9,1,5,4,5,7,1,1,1,4,5,2,9,1,47,3,10,1,1,7,9,1,2,1,15,,44,44,1,22,9,121.5683922,25.0411108
111,6,11,11,30,2,07信義區,信義區忠孝東路5段159號,0,0,1,2,H02,8,1,5,50,14,9,1,5,4,5,7,1,1,1,4,5,2,9,2,66,2,1,4,5,7,17,8,20,10,15,,67,44,1,22,9,121.5683922,25.0411108
111,6,11,11,30,2,07信義區,信義區忠孝東路5段159號,0,0,1,3,C03,8,1,5,50,14,9,1,5,4,5,7,1,1,1,4,5,2,9,1,72,3,10,1,1,7,6,1,10,9,15,,25,44,1,22,9,121.5683922,25.0411108
111,6,11,11,40,2,04大安區,大安區和平東路3段與基隆路2段口,0,0,1,1,B12,8,1,5,50,4,1,1,5,4,5,7,2,1,1,4,5,2,17,2,35,3,10,1,1,7,5,1,8,2,8,,8,8,1,22,9,121.5528075,25.02460468
111,6,11,11,40,2,04大安區,大安區和平東路3段與基隆路2段口,0,0,1,2,C03,8,1,5,50,4,1,1,5,4,5,7,2,1,1,4,5,2,17,2,51,2,9,1,1,7,9,1,10,2,12,,44,8,1,22,9,121.5528075,25.02460468
111,6,11,11,53,2,03中山區,中山區中山北路1段與中山北路1段112巷口,0,0,1,1,B12,8,1,5,50,3,1,1,5,4,5,7,4,4,1,3,5,1,16,1,24,3,10,3,4,7,6,1,8,1,5,,9,9,1,22,9,121.5217439,25.05042384
111,6,11,11,53,2,03中山區,中山區中山北路1段與中山北路1段112巷口,0,0,1,2,C04,8,1,5,50,3,1,1,5,4,5,7,4,4,1,3,5,1,16,2,30,2,9,1,4,7,9,1,10,1,14,,27,9,1,22,9,121.5217439,25.05042384
111,6,11,12,5,2,05中正區,中正區林森南路與徐州路口,0,0,1,1,C03,8,1,5,50,4,2,1,5,4,5,7,1,1,5,4,4,2,17,1,29,2,9,1,1,7,9,1,10,2,11,,23,23,1,22,9,121.5222986,25.0413219
111,6,11,12,5,2,05中正區,中正區林森南路與徐州路口,0,0,1,2,B03,8,1,5,50,4,2,1,5,4,5,7,1,1,5,4,4,2,17,2,31,3,10,1,1,7,7,1,8,2,3,,44,23,1,22,9,121.5222986,25.0413219
111,6,11,12,40,2,09北投區,北投區立農街1段與立農街1段187巷口,0,0,2,1,C03,8,1,5,30,4,1,1,5,4,5,7,3,1,10,5,5,1,15,2,45,2,9,1,3,7,9,1,10,1,11,,6,6,1,22,9,121.5038165,25.12008131
111,6,11,12,40,2,09北投區,北投區立農街1段與立農街1段187巷口,0,0,2,2,C03,8,1,5,30,4,1,1,5,4,5,7,3,1,10,5,5,1,15,1,67,2,9,1,1,7,9,1,10,1,11,,44,6,1,22,9,121.5038165,25.12008131
111,6,11,12,45,2,10文山區,文山區木柵路4段18號,0,0,1,1,C03,8,1,5,50,14,9,1,5,4,5,7,2,1,5,3,5,1,13,1,27,2,7,1,4,7,9,1,10,1,11,,16,16,1,22,9,121.5720146,24.99570624
111,6,11,12,45,2,10文山區,文山區木柵路4段18號,0,0,1,2,B03,8,1,5,50,14,9,1,5,4,5,7,2,1,5,3,5,1,13,1,21,3,10,3,4,7,9,1,8,1,3,,44,16,1,22,9,121.5720146,24.99570624
111,6,11,13,21,2,08士林區,士林區福德路與基河路251巷口,0,0,2,1,C03,7,1,5,30,4,1,1,5,4,5,7,4,4,10,5,5,1,17,1,30,2,9,1,1,7,9,1,10,1,12,,6,6,1,21,8,121.5226041,25.09225071
111,6,11,13,21,2,08士林區,士林區福德路與基河路251巷口,0,0,2,2,B03,7,1,5,30,4,1,1,5,4,5,7,4,4,10,5,5,1,17,2,47,3,10,1,1,7,9,1,8,1,1,,42,6,1,21,9,121.5226041,25.09225071
111,6,11,13,21,2,08士林區,士林區福德路與基河路251巷口,0,0,2,3,H02,7,1,5,30,4,1,1,5,4,5,7,4,4,10,5,5,1,17,2,28,2,8,4,5,7,20,8,20,10,16,,67,6,1,21,8,121.5226041,25.09225071
111,6,11,13,25,2,07信義區,信義區市民大道5段與東興路口,0,0,1,1,B03,8,1,5,50,4,1,1,5,4,5,7,1,1,1,2,5,2,11,2,36,3,10,1,1,7,5,1,8,1,1,,6,6,1,22,9,121.5658176,25.0482123
111,6,11,13,25,2,07信義區,信義區市民大道5段與東興路口,0,0,1,2,C03,8,1,5,50,4,1,1,5,4,5,7,1,1,1,2,5,2,11,1,19,2,9,1,1,7,9,1,10,9,14,,44,6,1,22,9,121.5658176,25.0482123
111,6,11,13,40,2,03中山區,中山區農安街與農安街227巷口,0,0,1,1,C03,8,1,5,30,4,1,1,5,4,5,7,4,4,5,4,5,2,15,1,22,2,9,1,4,7,9,1,10,1,12,,6,6,1,22,9,121.533886,25.06469594
111,6,11,13,40,2,03中山區,中山區農安街與農安街227巷口,0,0,1,2,B12,8,1,5,30,4,1,1,5,4,5,7,4,4,5,4,5,2,15,1,45,3,10,3,4,7,9,1,2,1,8,,44,6,1,22,9,121.533886,25.06469594
111,6,11,13,46,2,05中正區,中正區中山北路1段與市民大道1段口,0,0,1,1,C03,7,1,5,40,4,2,1,5,4,5,7,1,1,1,3,5,2,24,1,30,2,7,1,1,7,9,1,10,2,11,,23,23,1,22,9,121.5205276,25.04799538
111,6,11,13,46,2,05中正區,中正區中山北路1段與市民大道1段口,0,0,1,2,,7,1,5,40,4,2,1,5,4,5,7,1,1,1,3,5,2,24,3,,,,,,,,,,,,,67,23,1,,,121.5205276,25.04799538
111,6,11,14,8,2,09北投區,北投區三合街2段與崇仁路1段口,0,0,2,2,C03,8,1,5,50,4,1,1,5,4,5,7,2,1,5,4,5,2,15,1,27,2,9,1,1,7,9,1,10,1,15,,44,25,1,22,9,121.5015201,25.12638354
111,6,11,14,8,2,09北投區,北投區三合街2段與崇仁路1段口,0,0,2,1,C03,8,1,5,50,4,1,1,5,4,5,7,2,1,5,4,5,2,15,2,71,2,9,1,1,7,9,3,18,1,15,,25,25,1,22,9,121.5015201,25.12638354
111,6,11,14,20,2,03中山區,中山區中山橋北向南,0,0,1,1,C03,8,1,5,25,8,8,1,5,4,5,7,4,4,1,4,5,2,13,1,35,3,10,1,4,7,9,1,10,1,11,,23,23,1,22,9,121.5249895,25.07426263
111,6,11,14,20,2,03中山區,中山區中山橋北向南,0,0,1,2,F01,8,1,5,25,8,8,1,5,4,5,7,4,4,1,4,5,2,13,2,53,2,9,3,4,7,11,8,20,1,16,,44,23,1,22,9,121.5249895,25.07426263
111,6,11,14,30,2,12內湖區,內湖區舊宗路1段與舊宗路1段30巷口,0,0,1,1,C03,8,1,5,50,14,9,1,5,4,5,7,4,4,1,4,5,2,12,1,67,2,9,1,1,7,8,1,10,1,14,,7,7,1,22,9,121.5808207,25.05793483
111,6,11,14,30,2,12內湖區,內湖區舊宗路1段與舊宗路1段30巷口,0,0,1,2,B03,8,1,5,50,14,9,1,5,4,5,7,4,4,1,4,5,2,12,1,36,3,10,1,1,7,9,1,8,1,5,,44,7,1,22,9,121.5808207,25.05793483
111,6,11,14,32,2,05中正區,中正區重慶南路1段與愛國西路口口,0,0,2,1,C03,7,1,5,50,14,8,1,5,4,5,7,4,4,9,4,4,1,13,2,49,2,1,1,1,7,9,1,10,2,11,,23,23,1,21,5,121.5125963,25.0356834
111,6,11,14,32,2,05中正區,中正區重慶南路1段與愛國西路口口,0,0,2,2,F01,7,1,5,50,14,8,1,5,4,5,7,4,4,9,4,4,1,13,1,24,2,8,1,1,7,9,8,20,2,16,,44,23,1,3,6,121.5125963,25.0356834
111,6,11,15,8,2,12內湖區,內湖區文德路208巷6弄與文德路208巷口,0,0,1,1,C03,7,1,5,50,3,1,1,5,4,5,7,4,4,9,5,5,2,17,1,50,2,9,1,1,7,5,1,10,1,11,,8,8,1,22,9,121.5835816,25.07792138
111,6,11,15,8,2,12內湖區,內湖區文德路208巷6弄與文德路208巷口,0,0,1,2,B03,7,1,5,50,3,1,1,5,4,5,7,4,4,9,5,5,2,17,1,43,3,10,1,1,7,6,1,8,1,1,,44,8,1,22,9,121.5835816,25.07792138
111,6,11,15,8,2,12內湖區,內湖區文德路208巷6弄與文德路208巷口,0,0,1,3,B03,7,1,5,50,3,1,1,5,4,5,7,4,4,9,5,5,2,17,1,55,3,10,3,4,7,13,1,8,11,15,,38,8,1,22,9,121.5835816,25.07792138
111,6,11,15,18,2,08士林區,士林區福華路與德行西路口,0,0,2,1,B01,8,1,5,50,14,9,1,5,4,5,7,1,1,10,4,5,1,13,1,61,2,7,1,1,7,9,1,4,2,8,,23,23,1,22,9,121.5223798,25.10488214
111,6,11,15,18,2,08士林區,士林區福華路與德行西路口,0,0,2,2,B12,8,1,5,50,14,9,1,5,4,5,7,1,1,10,4,5,1,13,1,44,3,10,1,1,7,14,1,8,3,6,,44,23,1,22,9,121.5223798,25.10488214
111,6,11,15,18,2,08士林區,士林區福華路與德行西路口,0,0,2,3,H02,8,1,5,50,14,9,1,5,4,5,7,1,1,10,4,5,1,13,1,39,2,1,4,5,7,21,8,20,10,16,,67,23,1,22,9,121.5223798,25.10488214
111,6,11,15,46,2,04大安區,大安區市民大道4段與敦化南路1段口,0,0,1,1,B03,7,1,5,50,14,9,1,5,4,5,7,2,1,10,5,5,2,12,1,52,3,10,1,1,7,6,1,8,2,5,,9,9,1,22,9,121.5486214,25.04477258
111,6,11,15,46,2,04大安區,大安區市民大道4段與敦化南路1段口,0,0,1,2,C03,7,1,5,50,14,9,1,5,4,5,7,2,1,10,5,5,2,12,2,26,2,9,1,1,7,9,1,10,2,11,,44,9,1,22,9,121.5486214,25.04477258
111,6,11,15,54,2,06松山區,松山區八德路4段與吉祥路口,0,0,1,1,B03,7,1,5,50,4,1,1,5,4,5,7,2,1,9,4,5,2,16,1,44,3,10,1,1,7,5,1,8,1,2,,25,25,1,22,9,121.5628562,25.04850302
111,6,11,15,54,2,06松山區,松山區八德路4段與吉祥路口,0,0,1,2,C03,7,1,5,50,4,1,1,5,4,5,7,2,1,9,4,5,2,16,2,69,2,8,1,1,7,9,1,10,1,11,,25,25,1,22,9,121.5628562,25.04850302
111,6,11,16,15,2,04大安區,大安區信義路2段198巷與永康街17巷口口,0,0,2,1,C03,6,1,5,30,4,2,1,4,4,5,7,4,4,9,5,5,1,15,1,32,2,9,3,4,7,9,1,10,2,14,,6,6,1,22,9,121.5306729,25.03242595
111,6,11,16,15,2,04大安區,大安區信義路2段198巷與永康街17巷口口,0,0,2,2,C03,6,1,5,30,4,2,1,4,4,5,7,4,4,9,5,5,1,15,2,21,2,9,3,4,7,9,1,10,2,11,,23,6,1,22,9,121.5306729,25.03242595
111,6,11,16,30,2,10文山區,文山區木新路3段303巷與木新路3段口,0,0,2,1,C03,6,1,5,50,4,1,1,4,4,5,7,2,1,5,4,5,2,17,2,32,2,6,3,4,7,5,1,10,11,13,,6,6,1,22,9,121.5571791,24.9807778
111,6,11,16,30,2,10文山區,文山區木新路3段303巷與木新路3段口,0,0,2,2,C03,6,1,5,50,4,1,1,4,4,5,7,2,1,5,4,5,2,17,1,20,2,9,1,1,7,9,1,10,11,11,,44,6,1,22,9,121.5571791,24.9807778
111,6,11,16,39,2,11南港區,南港區東新街與忠孝東路6段口,0,0,1,1,B03,7,1,5,50,14,9,1,5,4,5,7,4,4,1,4,5,2,12,1,37,3,10,3,4,7,9,1,8,9,5,,23,23,1,22,9,121.5844062,25.0490162
111,6,11,16,39,2,11南港區,南港區東新街與忠孝東路6段口,0,0,1,2,C03,7,1,5,50,14,9,1,5,4,5,7,4,4,1,4,5,2,12,1,51,2,9,1,1,7,7,1,10,9,14,,7,23,1,22,9,121.5844062,25.0490162
111,6,11,16,39,2,11南港區,南港區東新街與忠孝東路6段口,0,0,1,3,B12,7,1,5,50,14,9,1,5,4,5,7,4,4,1,4,5,2,12,1,55,4,11,3,4,7,1,7,19,9,15,,19,23,2,22,9,121.5844062,25.0490162
111,6,11,16,50,2,07信義區,信義區莊敬路392號前,0,0,1,1,C03,6,1,5,50,14,7,1,4,4,5,7,2,1,5,5,4,2,16,1,24,3,10,1,1,7,8,1,10,1,13,,7,7,1,22,9,121.5654484,25.0274887
111,6,11,16,50,2,07信義區,信義區莊敬路392號前,0,0,1,2,C03,6,1,5,50,14,7,1,4,4,5,7,2,1,5,5,4,2,16,2,26,2,8,1,1,7,9,1,10,1,11,,44,7,1,22,9,121.5654484,25.0274887