發生年度,發生月,發生日,發生時-Hours,發生分,處理別-編號,區序,肇事地點,死亡人數,2-30日死亡人數,受傷人數,當事人序號,車種,天候,光線,道路類別,速限-速度限制,道路型態,事故位置,路面狀況1,路面狀況2,路面狀況3,道路障礙1,道路障礙2,號誌1,號誌2,車道劃分-分向,車道劃分-分道1,車道劃分-分道2,車道劃分-分道3,事故類型及型態,性別,年齡,受傷程度,主要傷處,安全帽,行動電話,車輛用途,當事者行動狀態,駕駛資格情形,駕駛執照種類,飲酒情形,車輛撞擊部位1,車輛撞擊部位2,肇因碼-個別,肇因碼-主要,個人肇逃否,職業,旅次目的,座標-X,座標-Y
111,6,11,16,55,2,08士林區,士林區至善路2段與力行街口,0,0,2,1,C03,7,1,5,40,3,2,1,5,4,5,7,1,1,1,4,4,2,13,2,22,2,9,1,1,7,9,1,10,1,11,,23,23,1,22,9,121.5475987,25.09878391
111,6,11,16,55,2,08士林區,士林區至善路2段與力行街口,0,0,2,2,C03,7,1,5,40,3,2,1,5,4,5,7,1,1,1,4,4,2,13,1,19,2,9,1,1,7,14,1,10,1,13,,44,23,1,22,9,121.5475987,25.09878391
111,6,11,17,19,2,03中山區,中山區林森北路與民權東路2段口,0,0,1,1,B02,6,1,5,50,14,9,1,4,4,5,7,4,4,4,5,5,1,16,1,54,3,10,3,4,7,8,1,8,1,6,,7,7,1,22,9,121.5256607,25.06300893
111,6,11,17,19,2,03中山區,中山區林森北路與民權東路2段口,0,0,1,2,C03,6,1,5,50,14,9,1,4,4,5,7,4,4,4,5,5,1,16,1,18,2,9,3,4,7,9,1,10,1,11,,44,7,1,22,9,121.5256607,25.06300893
111,6,11,17,29,2,06松山區,松山區敦化北路與民權東路4段口,0,0,1,1,B02,6,3,5,50,4,1,1,4,4,5,7,1,1,1,4,5,2,16,1,33,3,10,1,1,7,6,1,8,1,2,,9,9,1,22,9,121.5510234,25.06144576
111,6,11,17,29,2,06松山區,松山區敦化北路與民權東路4段口,0,0,1,2,C03,6,3,5,50,4,1,1,4,4,5,7,1,1,1,4,5,2,16,2,43,2,9,1,1,7,9,1,10,1,14,,44,9,1,22,9,121.5510234,25.06144576
111,6,11,18,4,2,02萬華區,萬華區桂林路246巷與環河南路2段130巷口,0,0,1,1,B03,6,1,5,30,3,1,1,4,4,5,7,4,4,10,5,5,1,17,1,33,3,10,1,1,7,6,1,8,1,15,,9,9,1,22,9,121.4934955,25.03736177
111,6,11,18,4,2,02萬華區,萬華區桂林路246巷與環河南路2段130巷口,0,0,1,2,C03,6,1,5,30,3,1,1,4,4,5,7,4,4,10,5,5,1,17,1,25,2,9,1,1,7,9,1,10,1,12,,13,9,1,22,9,121.4934955,25.03736177
111,6,11,18,13,2,03中山區,中山區市民大道1段往西過中山北路142號燈桿,0,0,2,1,B03,8,1,5,50,4,1,1,5,4,5,7,4,4,1,3,5,1,16,1,25,3,10,1,1,7,9,1,8,2,2,,17,17,1,22,9,121.5192551,25.04848455
111,6,11,18,13,2,03中山區,中山區市民大道1段往西過中山北路142號燈桿,0,0,2,2,C03,8,1,5,50,4,1,1,5,4,5,7,4,4,1,3,5,1,16,2,41,2,9,1,1,7,9,1,10,2,14,,17,17,1,22,9,121.5192551,25.04848455
111,6,11,18,13,2,03中山區,中山區市民大道1段往西過中山北路142號燈桿,0,0,2,3,H02,8,1,5,50,4,1,1,5,4,5,7,4,4,1,3,5,1,16,2,8,2,9,1,1,7,20,8,20,10,16,,67,17,1,22,9,121.5192551,25.04848455
111,6,11,18,21,2,01大同區,大同區承德路1段與長安西路口,0,0,1,1,C03,6,3,5,50,4,1,1,4,4,5,7,1,1,1,4,1,2,12,1,59,2,9,1,1,7,6,1,10,1,12,,9,9,1,22,9,121.5170088,25.05080646
111,6,11,18,21,2,01大同區,大同區承德路1段與長安西路口,0,0,1,2,B03,6,3,5,50,4,1,1,4,4,5,7,1,1,1,4,1,2,12,1,20,3,10,1,1,7,9,1,8,1,8,,44,9,1,22,9,121.5170088,25.05080646
111,6,11,18,24,2,10文山區,文山區木柵路1段81號,0,0,1,1,C03,6,1,5,50,14,9,1,4,4,5,7,4,4,4,3,5,1,13,1,30,2,8,1,4,7,9,1,10,1,11,,16,16,1,22,9,121.5467221,24.98691157
111,6,11,18,24,2,10文山區,文山區木柵路1段81號,0,0,1,2,B03,6,1,5,50,14,9,1,4,4,5,7,4,4,4,3,5,1,13,1,34,3,10,3,4,7,9,1,8,1,3,,44,16,1,22,9,121.5467221,24.98691157
111,6,11,18,29,2,05中正區,中正區愛國東路與寧波東街口,0,0,2,1,B03,6,2,5,50,3,2,1,4,4,5,7,1,1,10,5,5,2,3,1,45,3,10,1,1,7,5,1,8,2,5,,15,15,1,22,9,121.5204107,25.0333543
111,6,11,18,29,2,05中正區,中正區愛國東路與寧波東街口,0,0,2,2,H01,6,2,5,50,3,2,1,4,4,5,7,1,1,10,5,5,2,3,1,64,2,9,4,5,8,16,8,20,10,16,,67,15,1,22,9,121.5204107,25.0333543
111,6,11,18,29,2,05中正區,中正區愛國東路與寧波東街口,0,0,2,3,H01,6,2,5,50,3,2,1,4,4,5,7,1,1,10,5,5,2,3,2,56,2,9,4,5,8,16,8,20,10,16,,67,15,1,22,9,121.5204107,25.0333543
111,6,11,19,21,2,11南港區,南港區市民大道8段與中南街口口,0,0,1,1,C03,6,3,5,50,4,1,1,4,4,5,7,2,1,1,4,5,2,16,1,21,2,9,1,1,7,7,1,10,1,12,,6,6,1,22,9,121.6152405,25.0543537
111,6,11,19,21,2,11南港區,南港區市民大道8段與中南街口口,0,0,1,2,B03,6,3,5,50,4,1,1,4,4,5,7,2,1,1,4,5,2,16,1,61,3,10,1,1,7,9,3,18,1,8,,42,6,1,22,9,121.6152405,25.0543537
111,6,11,19,45,2,10文山區,文山區木新路3段330號,0,0,1,1,H01,6,3,5,50,14,9,1,4,4,5,7,4,4,5,2,5,2,3,1,51,2,9,4,5,8,16,8,20,10,16,,67,67,1,22,9,121.5553263,24.98032373
111,6,11,19,45,2,10文山區,文山區木新路3段330號,0,0,1,2,B02,6,3,5,50,14,9,1,4,4,5,7,4,4,5,2,5,2,3,1,70,3,10,1,1,7,9,1,8,2,4,,43,67,1,22,9,121.5553263,24.98032373
111,6,11,19,49,2,07信義區,信義區光復南路415巷84號與光復南路415巷口,0,0,1,1,C03,6,3,5,30,4,1,1,4,4,5,7,4,4,10,5,5,2,16,1,33,2,9,1,1,7,9,1,10,1,12,,43,43,1,22,9,121.5584181,25.03714477
111,6,11,19,49,2,07信義區,信義區光復南路415巷84號與光復南路415巷口,0,0,1,2,B03,6,3,5,30,4,1,1,4,4,5,7,4,4,10,5,5,2,16,2,55,3,10,1,1,7,9,1,8,1,1,,43,43,1,22,9,121.5584181,25.03714477
111,6,11,20,19,2,09北投區,北投區裕民二路與裕民四路口,0,0,1,1,B03,6,1,5,50,3,2,1,4,4,5,7,4,4,7,4,5,1,12,1,39,3,10,1,1,7,5,1,8,2,8,,8,8,1,22,9,121.5167816,25.11508561
111,6,11,20,19,2,09北投區,北投區裕民二路與裕民四路口,0,0,1,2,C03,6,1,5,50,3,2,1,4,4,5,7,4,4,7,4,5,1,12,2,23,2,9,1,1,7,9,1,10,2,12,,25,8,1,22,9,121.5167816,25.11508561
111,6,11,20,55,2,06松山區,松山區健康路325巷與健康路325巷25弄口,0,0,1,1,B03,6,1,5,30,4,1,1,4,4,5,7,4,4,9,4,5,2,15,1,51,3,10,1,1,7,9,1,8,2,8,,6,6,1,22,9,121.5671551,25.05648414
111,6,11,20,55,2,06松山區,松山區健康路325巷與健康路325巷25弄口,0,0,1,2,C03,6,1,5,30,4,1,1,4,4,5,7,4,4,9,4,5,2,15,1,29,2,9,1,1,7,9,1,10,2,12,,14,6,1,22,9,121.5671551,25.05648414
111,6,11,21,33,2,04大安區,大安區忠孝東路4段53號,0,0,1,1,B03,6,3,5,50,14,9,1,4,4,5,7,4,4,1,3,5,2,17,1,21,2,9,1,1,7,7,1,8,1,8,,7,7,1,22,9,121.54547,25.041808
111,6,11,21,33,2,04大安區,大安區忠孝東路4段53號,0,0,1,2,B01,6,3,5,50,14,9,1,4,4,5,7,4,4,1,3,5,2,17,1,55,3,10,1,1,7,9,1,4,1,2,,44,7,1,22,9,121.54547,25.041808
111,6,11,21,46,2,04大安區,大安區新生南路1段97巷與新生南路1段103巷33弄口,0,0,1,1,C03,7,1,5,30,4,1,1,4,4,5,7,4,4,10,5,5,2,15,1,34,2,5,1,4,7,9,1,10,1,12,,6,6,1,22,9,121.5356907,25.04115671
111,6,11,21,46,2,04大安區,大安區新生南路1段97巷與新生南路1段103巷33弄口,0,0,1,2,B03,7,1,5,30,4,1,1,4,4,5,7,4,4,10,5,5,2,15,1,21,3,10,1,4,7,9,1,8,1,1,,14,6,1,22,9,121.5356907,25.04115671
111,6,11,23,11,2,07信義區,信義區忠孝東路5段與松山路口口,0,0,1,1,F01,6,3,5,0,4,2,1,4,4,5,7,2,1,10,5,5,2,16,1,59,2,9,1,1,7,11,8,20,1,16,,25,25,1,22,9,121.5776264,25.0408773
111,6,11,23,11,2,07信義區,信義區忠孝東路5段與松山路口口,0,0,1,2,C03,6,3,5,0,4,2,1,4,4,5,7,2,1,10,5,5,2,16,1,21,3,10,1,1,7,9,1,10,1,11,,13,25,1,22,9,121.5776264,25.0408773
111,6,11,23,12,2,11南港區,南港區忠孝東路6段與玉成街口,0,0,1,1,C03,6,3,5,50,5,2,1,4,4,5,7,1,1,1,4,4,2,18,1,25,2,9,1,1,7,9,1,10,1,12,,43,43,1,22,9,121.5826868,25.0455492
111,6,11,23,12,2,11南港區,南港區忠孝東路6段與玉成街口,0,0,1,2,,6,3,5,50,5,2,1,4,4,5,7,1,1,1,4,4,2,18,3,,,,,,,,,,,,,67,43,1,,,121.5826868,25.0455492
111,6,11,23,12,2,11南港區,南港區忠孝東路6段與玉成街口,0,0,1,3,B03,6,3,5,50,5,2,1,4,4,5,7,1,1,1,4,4,2,18,4,,4,11,3,4,7,15,7,19,11,15,,43,43,2,22,9,121.5826868,25.0455492
111,6,11,23,18,2,06松山區,松山區市民大道4段與虎林街口,0,0,1,1,H01,6,3,5,40,4,1,1,4,4,5,7,2,1,10,4,5,2,3,2,36,3,10,4,5,8,16,8,20,1,16,,52,52,1,22,9,121.5760291,25.04940673
111,6,11,23,18,2,06松山區,松山區市民大道4段與虎林街口,0,0,1,2,C03,6,3,5,40,4,1,1,4,4,5,7,2,1,10,4,5,2,3,1,20,2,9,1,1,7,9,1,10,1,14,,14,52,1,22,9,121.5760291,25.04940673
111,6,12,0,10,2,09北投區,北投區洲美街215巷16號,0,0,1,1,,6,4,5,20,14,9,1,4,3,5,7,4,4,5,2,5,2,18,3,,,,,,,,,,,,,61,61,1,,,121.5039459,25.1004215
111,6,12,0,10,2,09北投區,北投區洲美街215巷16號,0,0,1,2,C03,6,4,5,20,14,9,1,4,3,5,7,4,4,5,2,5,2,18,1,38,2,9,1,1,7,9,1,10,1,14,,23,61,1,22,9,121.5039459,25.1004215
111,6,12,3,54,2,01大同區,大同區鄭州路141號,0,0,1,1,C03,6,3,5,40,14,9,1,4,4,5,7,4,4,1,4,5,2,17,2,41,2,9,1,4,7,21,1,10,2,11,,42,42,1,22,9,121.5098189,25.0503978
111,6,12,3,54,2,01大同區,大同區鄭州路141號,0,0,1,2,C03,6,3,5,40,14,9,1,4,4,5,7,4,4,1,4,5,2,17,1,38,3,10,3,4,7,13,1,10,1,14,,44,42,1,22,9,121.5098189,25.0503978
111,6,12,3,54,2,01大同區,大同區鄭州路141號,0,0,1,3,C03,6,3,5,40,14,9,1,4,4,5,7,4,4,1,4,5,2,17,2,28,3,10,3,4,7,13,1,10,1,12,,44,42,1,22,9,121.5098189,25.0503978
111,6,12,3,56,2,06松山區,松山區八德路2段與復興南路1段口,0,0,1,1,B01,6,3,5,50,15,18,1,4,4,5,7,2,1,3,4,5,2,3,1,51,3,10,1,1,7,6,1,4,2,2,,15,15,1,21,9,121.5440317,25.04758254
111,6,12,3,56,2,06松山區,松山區八德路2段與復興南路1段口,0,0,1,2,H01,6,3,5,50,15,18,1,4,4,5,7,2,1,3,4,5,2,3,1,21,2,9,4,5,8,16,8,20,10,15,,67,15,1,22,9,121.5440317,25.04758254
111,6,12,5,54,2,10文山區,文山區木新路3段與辛亥路7段口,0,0,1,1,B03,6,1,5,50,3,1,1,4,4,5,7,1,1,1,3,5,2,17,2,61,3,10,3,4,7,5,1,8,2,15,,25,25,1,22,9,121.5540594,24.98005346
111,6,12,5,54,2,10文山區,文山區木新路3段與辛亥路7段口,0,0,1,2,C03,6,1,5,50,3,1,1,4,4,5,7,1,1,1,3,5,2,17,1,20,2,9,1,4,7,9,1,10,2,12,,44,25,1,22,9,121.5540594,24.98005346
111,6,12,6,24,2,03中山區,中山區民族東路與新生北路3段口,0,0,1,1,C03,6,1,5,50,4,2,1,4,4,5,7,1,1,4,4,5,2,12,1,17,3,10,1,1,7,8,2,18,1,12,,7,7,1,22,9,121.5280002,25.06828262
111,6,12,6,24,2,03中山區,中山區民族東路與新生北路3段口,0,0,1,2,C03,6,1,5,50,4,2,1,4,4,5,7,1,1,4,4,5,2,12,1,33,2,9,1,1,7,9,1,10,1,11,,44,7,1,22,9,121.5280002,25.06828262
111,6,12,6,55,2,02萬華區,萬華區萬大路與興寧街口,0,0,2,1,C03,6,1,5,50,4,2,1,4,4,5,7,3,1,9,4,5,1,17,1,29,2,9,3,4,7,9,1,10,2,11,,23,23,1,22,9,121.5005793,25.03221834
111,6,12,6,55,2,02萬華區,萬華區萬大路與興寧街口,0,0,2,2,C03,6,1,5,50,4,2,1,4,4,5,7,3,1,9,4,5,1,17,1,69,2,9,3,4,7,9,1,10,2,13,,44,23,1,22,9,121.5005793,25.03221834
111,6,12,7,50,2,08士林區,士林區延平北路7段與洲美快速道路口,0,0,1,1,B03,7,1,5,50,3,1,1,4,4,5,7,1,1,2,2,5,2,17,1,31,3,10,1,1,7,5,1,3,1,15,,25,25,1,22,9,121.4971927,25.09462416
111,6,12,7,50,2,08士林區,士林區延平北路7段與洲美快速道路口,0,0,1,2,C03,7,1,5,50,3,1,1,4,4,5,7,1,1,2,2,5,2,17,1,48,2,7,1,1,7,9,1,10,1,14,,44,25,1,22,9,121.4971927,25.09462416
111,6,12,8,49,2,11南港區,南港區市民大道8段與南港路1段277巷口,0,0,1,1,C03,6,1,5,50,4,1,1,4,4,5,7,2,1,4,3,5,2,18,2,33,2,9,1,1,7,5,1,10,1,14,,42,42,1,22,9,121.6090957,25.053621
111,6,12,8,49,2,11南港區,南港區市民大道8段與南港路1段277巷口,0,0,1,2,,6,1,5,50,4,1,1,4,4,5,7,2,1,4,3,5,2,18,3,,,,,,,,,,,,,67,42,1,,,121.6090957,25.053621
111,6,12,8,59,2,04大安區,大安區和平東路2段18巷與新生南路3段19巷口口,0,0,1,1,C03,6,1,5,30,4,2,1,4,4,5,7,4,4,9,5,5,1,15,1,37,3,10,3,4,7,9,1,10,1,13,,6,6,1,22,9,121.5359296,25.02491086
111,6,12,8,59,2,04大安區,大安區和平東路2段18巷與新生南路3段19巷口口,0,0,1,2,C03,6,1,5,30,4,2,1,4,4,5,7,4,4,9,5,5,1,15,1,49,2,9,3,4,7,9,1,10,1,11,,14,6,1,22,9,121.5359296,25.02491086
111,6,12,9,40,2,11南港區,南港區同德路與同德路85巷口,0,0,1,1,C03,7,1,5,50,4,2,1,4,4,1,7,2,1,5,2,5,2,5,1,23,2,9,1,1,7,9,1,10,1,12,,23,23,1,22,9,121.5858462,25.04604628
111,6,12,9,40,2,11南港區,南港區同德路與同德路85巷口,0,0,1,2,H01,7,1,5,50,4,2,1,4,4,1,7,2,1,5,2,5,2,5,1,58,3,10,4,5,8,16,8,20,1,16,,52,23,1,22,9,121.5858462,25.04604628
111,6,12,10,3,2,04大安區,大安區復興南路2段與復興南路2段148巷口,0,0,2,1,C03,6,1,5,40,4,1,1,4,4,5,7,2,1,9,3,5,2,16,1,66,2,7,1,1,7,5,1,10,2,13,,8,8,1,22,9,121.5434551,25.02827518
111,6,12,10,3,2,04大安區,大安區復興南路2段與復興南路2段148巷口,0,0,2,2,B01,6,1,5,40,4,1,1,4,4,5,7,2,1,9,3,5,2,16,1,69,3,10,1,1,7,6,1,4,2,1,,9,8,1,22,9,121.5434551,25.02827518
111,6,12,10,3,2,04大安區,大安區復興南路2段與復興南路2段148巷口,0,0,2,3,H02,6,1,5,40,4,1,1,4,4,5,7,2,1,9,3,5,2,16,2,65,2,8,1,1,7,20,8,20,10,15,,67,8,1,22,9,121.5434551,25.02827518
111,6,12,10,10,2,09北投區,北投區西安街1段313巷與西安街1段313巷16弄口,0,0,1,1,C03,6,1,5,30,4,1,1,4,4,5,7,4,4,10,5,5,1,16,1,51,2,9,1,1,7,9,1,10,1,13,,6,6,1,22,9,121.5147297,25.11451081
111,6,12,10,10,2,09北投區,北投區西安街1段313巷與西安街1段313巷16弄口,0,0,1,2,B03,6,1,5,30,4,1,1,4,4,5,7,4,4,10,5,5,1,16,2,40,3,10,1,1,7,9,1,8,1,5,,23,6,1,22,9,121.5147297,25.11451081
111,6,12,10,15,2,05中正區,中正區延平北路與鄭州路口,0,0,2,2,C03,6,1,5,50,14,9,1,4,4,5,7,1,1,9,4,5,2,17,2,45,2,9,1,4,7,9,1,10,1,15,,44,23,1,22,9,121.5119303,25.049775
111,6,12,10,15,2,05中正區,中正區延平北路與鄭州路口,0,0,2,1,C03,6,1,5,50,14,9,1,4,4,5,7,1,1,9,4,5,2,17,2,61,2,9,1,4,7,9,1,10,1,15,,23,23,1,22,9,121.5119303,25.049775
111,6,12,11,0,2,03中山區,中山區建國北路3段與建國北路3段93巷口,0,0,1,1,B01,6,1,5,50,3,1,1,4,4,5,7,4,4,1,4,5,2,12,1,57,3,10,3,4,7,6,1,8,2,2,,6,6,1,22,9,121.5366119,25.06572493
111,6,12,11,0,2,03中山區,中山區建國北路3段與建國北路3段93巷口,0,0,1,2,F01,6,1,5,50,3,1,1,4,4,5,7,4,4,1,4,5,2,12,2,69,2,9,3,4,7,9,8,20,2,16,,44,6,1,22,9,121.5366119,25.06572493
111,6,12,11,50,2,09北投區,北投區西安街2段與立農街2段202巷口,0,0,1,1,B03,6,1,5,50,4,1,1,4,4,5,7,1,1,5,4,5,1,3,1,46,3,10,1,1,7,5,1,8,1,8,,15,15,1,22,9,121.5132396,25.1174709
111,6,12,11,50,2,09北投區,北投區西安街2段與立農街2段202巷口,0,0,1,2,H01,6,1,5,50,4,1,1,4,4,5,7,1,1,5,4,5,1,3,2,74,2,9,4,5,8,16,8,20,10,16,,67,15,1,22,9,121.5132396,25.1174709
111,6,12,11,53,2,07信義區,信義區永吉路180巷與虎林街120巷口,0,0,1,1,B03,6,1,5,30,4,1,1,4,4,5,7,4,4,10,5,5,2,15,1,36,3,10,1,1,7,9,1,8,1,1,,6,6,1,21,8,121.5714064,25.0422515
111,6,12,11,53,2,07信義區,信義區永吉路180巷與虎林街120巷口,0,0,1,2,C03,6,1,5,30,4,1,1,4,4,5,7,4,4,10,5,5,2,15,1,55,2,9,1,1,7,9,1,10,1,14,,23,6,1,21,8,121.5714064,25.0422515
111,6,12,12,25,2,07信義區,信義區忠孝東路5段236巷2弄15號,0,0,1,1,B01,6,1,5,30,14,9,1,4,4,5,7,4,4,10,5,5,1,9,1,48,3,10,3,4,7,14,1,4,1,2,,42,42,1,22,9,121.5711038,25.04044533
111,6,12,12,25,2,07信義區,信義區忠孝東路5段236巷2弄15號,0,0,1,2,H02,6,1,5,30,14,9,1,4,4,5,7,4,4,10,5,5,1,9,2,25,3,10,4,5,7,19,8,20,10,16,,60,42,1,22,9,121.5711038,25.04044533
111,6,12,12,25,2,07信義區,信義區忠孝東路5段236巷2弄15號,0,0,1,3,C03,6,1,5,30,14,9,1,4,4,5,7,4,4,10,5,5,1,9,1,42,2,7,3,4,7,9,1,10,1,11,,44,42,1,22,9,121.5711038,25.04044533
111,6,12,13,22,2,11南港區,南港區南港路1段53號,0,0,1,1,B03,7,1,5,50,14,9,1,4,4,5,7,4,4,9,4,5,2,12,1,50,3,10,1,1,7,7,1,8,1,4,,7,7,1,22,9,121.6161759,25.0552071
111,6,12,13,22,2,11南港區,南港區南港路1段53號,0,0,1,2,C03,7,1,5,50,14,9,1,4,4,5,7,4,4,9,4,5,2,12,1,52,2,9,1,1,7,9,1,10,1,12,,44,7,1,22,9,121.6161759,25.0552071
111,6,12,13,28,2,06松山區,松山區光復北路與南京東路4段口,0,0,1,1,C03,6,1,5,50,5,1,1,4,4,5,7,1,1,8,3,5,2,17,2,59,2,9,1,1,7,15,1,10,1,14,,17,17,1,22,9,121.5572821,25.05167507
111,6,12,13,28,2,06松山區,松山區光復北路與南京東路4段口,0,0,1,2,B03,6,1,5,50,5,1,1,4,4,5,7,1,1,8,3,5,2,17,1,59,3,10,3,4,7,15,1,4,1,5,,23,17,1,22,9,121.5572821,25.05167507
111,6,12,13,56,2,03中山區,中山區建國北路1段與南京東路3段口,0,0,1,1,B03,7,1,5,50,4,2,1,4,4,5,7,1,1,1,4,5,2,12,2,61,3,10,1,1,7,6,1,8,1,5,,9,9,1,22,9,121.5370733,25.0518244
111,6,12,13,56,2,03中山區,中山區建國北路1段與南京東路3段口,0,0,1,2,C03,7,1,5,50,4,2,1,4,4,5,7,1,1,1,4,5,2,12,1,39,2,9,1,1,7,9,1,10,1,14,,44,9,1,22,9,121.5370733,25.0518244
111,6,12,13,56,2,05中正區,中正區牯嶺街與牯嶺街60巷口,0,0,1,1,B01,6,1,5,50,3,1,1,4,4,5,7,4,4,9,4,5,2,17,1,53,3,10,1,1,7,6,1,4,2,6,,9,9,1,22,9,121.518011,25.02783468
111,6,12,13,56,2,05中正區,中正區牯嶺街與牯嶺街60巷口,0,0,1,2,C03,6,1,5,50,3,1,1,4,4,5,7,4,4,9,4,5,2,17,2,53,2,9,1,1,7,9,1,10,2,11,,14,9,1,22,9,121.518011,25.02783468
111,6,12,14,55,2,03中山區,中山區中山北路2段與農安街口,0,0,1,1,C03,6,1,5,50,4,1,1,4,3,5,7,1,1,1,4,5,2,29,2,25,2,9,1,1,7,9,1,10,1,12,,13,13,1,22,9,121.5223392,25.06488865
111,6,12,14,55,2,03中山區,中山區中山北路2段與農安街口,0,0,1,2,,6,1,5,50,4,1,1,4,3,5,7,1,1,1,4,5,2,29,3,,,,,,,,,,10,,,60,13,1,,,121.5223392,25.06488865
111,6,12,15,0,2,07信義區,信義區松勤街140巷與信義路5段150巷口,0,0,2,1,F01,7,1,5,30,3,1,1,4,4,5,7,4,4,10,5,5,2,16,1,25,2,7,1,1,7,1,8,20,1,16,,19,19,1,22,9,121.5697051,25.03086395
111,6,12,15,0,2,07信義區,信義區松勤街140巷與信義路5段150巷口,0,0,2,2,C03,7,1,5,30,3,1,1,4,4,5,7,4,4,10,5,5,2,16,1,23,2,8,1,1,7,9,1,10,1,11,,13,19,1,22,9,121.5697051,25.03086395
111,6,12,15,45,2,04大安區,大安區金山南路2段30巷與金山南路2段口,0,0,2,1,B03,7,1,5,50,14,9,1,4,4,5,7,4,4,10,5,5,2,13,1,72,3,10,1,1,7,9,1,8,2,1,,23,23,1,22,9,121.5270275,25.03290623
111,6,12,15,45,2,04大安區,大安區金山南路2段30巷與金山南路2段口,0,0,2,2,B03,7,1,5,50,14,9,1,4,4,5,7,4,4,10,5,5,2,13,1,47,3,10,1,1,7,14,1,8,2,3,,44,23,1,22,9,121.5270275,25.03290623
111,6,12,15,45,2,04大安區,大安區金山南路2段30巷與金山南路2段口,0,0,2,3,B03,7,1,5,50,14,9,1,4,4,5,7,4,4,10,5,5,2,13,1,24,3,10,1,1,7,14,1,8,2,3,,44,23,1,22,9,121.5270275,25.03290623
111,6,12,15,45,2,04大安區,大安區金山南路2段30巷與金山南路2段口,0,0,2,4,H02,7,1,5,50,14,9,1,4,4,5,7,4,4,10,5,5,2,13,2,71,2,1,4,5,7,21,8,20,10,16,,67,23,1,22,9,121.5270275,25.03290623
111,6,12,15,45,2,04大安區,大安區金山南路2段30巷與金山南路2段口,0,0,2,5,H02,7,1,5,50,14,9,1,4,4,5,7,4,4,10,5,5,2,13,2,23,2,1,4,5,7,21,8,20,10,16,,67,23,1,22,9,121.5270275,25.03290623
111,6,12,16,13,2,10文山區,文山區辛亥路4段162號前,0,0,1,1,C03,8,1,5,50,14,9,1,5,4,5,7,2,1,1,4,5,2,13,1,47,2,9,1,1,7,9,1,10,2,11,,23,23,1,22,9,121.556436,25.00385042
111,6,12,16,13,2,10文山區,文山區辛亥路4段162號前,0,0,1,2,B03,8,1,5,50,14,9,1,5,4,5,7,2,1,1,4,5,2,13,1,43,3,10,1,1,7,14,1,8,2,6,,44,23,1,22,9,121.556436,25.00385042
111,6,12,16,19,2,03中山區,中山區復興北路402巷與民權東路3段60巷口,0,0,1,1,B01,7,1,5,30,4,1,1,5,4,5,7,4,4,9,5,5,2,15,1,49,3,10,1,1,7,9,1,4,1,1,,6,6,1,22,9,121.5423916,25.0617926
111,6,12,16,19,2,03中山區,中山區復興北路402巷與民權東路3段60巷口,0,0,1,2,C03,7,1,5,30,4,1,1,5,4,5,7,4,4,9,5,5,2,15,2,41,2,9,1,1,7,9,1,10,1,14,,44,6,1,22,9,121.5423916,25.0617926
111,6,12,16,30,2,02萬華區,萬華區西藏路與西藏路125巷口,0,0,1,1,B01,7,1,5,50,3,2,1,5,4,5,7,2,1,3,4,5,2,17,1,54,3,10,1,1,7,7,6,18,1,15,,7,7,1,22,9,121.5023016,25.0297598
111,6,12,16,30,2,02萬華區,萬華區西藏路與西藏路125巷口,0,0,1,2,C03,7,1,5,50,3,2,1,5,4,5,7,2,1,3,4,5,2,17,1,24,2,9,1,1,7,9,1,10,1,15,,42,7,1,22,9,121.5023016,25.0297598
111,6,12,16,30,2,11南港區,南港區研究院路2段3巷與研究院路2段口,0,0,2,1,B03,7,1,5,50,3,1,1,5,4,5,7,4,4,1,3,5,2,16,2,37,3,10,1,1,7,6,1,8,1,2,,9,9,1,22,9,121.6159043,25.0479703
111,6,12,16,30,2,11南港區,南港區研究院路2段3巷與研究院路2段口,0,0,2,2,C03,7,1,5,50,3,1,1,5,4,5,7,4,4,1,3,5,2,16,1,76,2,7,1,1,7,9,1,10,1,14,,44,9,1,22,9,121.6159043,25.0479703
111,6,12,16,30,2,11南港區,南港區研究院路2段3巷與研究院路2段口,0,0,2,3,H02,7,1,5,50,3,1,1,5,4,5,7,4,4,1,3,5,2,16,2,59,2,8,4,5,7,21,8,20,10,16,,67,9,1,22,9,121.6159043,25.0479703
111,6,12,16,40,2,12內湖區,內湖區港華街與港華街85巷口口,0,0,1,1,C03,7,1,5,30,3,1,1,4,4,5,7,4,4,9,4,5,2,16,1,38,3,10,1,1,7,5,6,10,1,13,,6,6,1,22,9,121.5742994,25.08326436
111,6,12,16,40,2,12內湖區,內湖區港華街與港華街85巷口口,0,0,1,2,C03,7,1,5,30,3,1,1,4,4,5,7,4,4,9,4,5,2,16,1,19,2,8,1,1,7,9,1,10,1,11,,14,6,1,22,9,121.5742994,25.08326436
111,6,12,17,25,2,03中山區,中山區民權東路2段71巷與松江路402巷口,0,0,2,1,C03,8,1,5,50,4,1,1,5,4,5,7,4,4,9,5,5,2,15,2,43,2,9,3,4,7,9,1,10,1,11,,6,6,1,22,9,121.5317337,25.06387019
111,6,12,17,25,2,03中山區,中山區民權東路2段71巷與松江路402巷口,0,0,2,2,B03,8,1,5,50,4,1,1,5,4,5,7,4,4,9,5,5,2,15,1,36,3,10,3,4,7,9,1,8,1,4,,6,6,1,22,9,121.5317337,25.06387019