發生年度,發生月,發生日,發生時-Hours,發生分,處理別-編號,區序,肇事地點,死亡人數,2-30日死亡人數,受傷人數,當事人序號,車種,天候,光線,道路類別,速限-速度限制,道路型態,事故位置,路面狀況1,路面狀況2,路面狀況3,道路障礙1,道路障礙2,號誌1,號誌2,車道劃分-分向,車道劃分-分道1,車道劃分-分道2,車道劃分-分道3,事故類型及型態,性別,年齡,受傷程度,主要傷處,安全帽,行動電話,車輛用途,當事者行動狀態,駕駛資格情形,駕駛執照種類,飲酒情形,車輛撞擊部位1,車輛撞擊部位2,肇因碼-個別,肇因碼-主要,個人肇逃否,職業,旅次目的,座標-X,座標-Y
111,6,12,17,25,2,03中山區,中山區民權東路2段71巷與松江路402巷口,0,0,2,3,H02,8,1,5,50,4,1,1,5,4,5,7,4,4,9,5,5,2,15,2,61,2,1,3,4,7,17,8,20,10,16,,67,6,1,22,9,121.5317337,25.06387019
111,6,12,17,50,2,07信義區,信義區松壽路與市府路口,0,0,1,1,C03,6,1,5,50,4,1,1,4,4,5,7,1,1,9,4,5,2,17,1,18,2,9,1,1,7,9,1,10,1,12,,13,13,1,22,9,121.563648,25.0359703
111,6,12,17,50,2,07信義區,信義區松壽路與市府路口,0,0,1,2,B03,6,1,5,50,4,1,1,4,4,5,7,1,1,9,4,5,2,17,1,31,3,10,1,1,7,5,1,8,1,15,,6,13,1,22,9,121.563648,25.0359703
111,6,12,18,0,2,01大同區,大同區寧夏路與萬全街口口,0,0,1,1,C03,8,2,5,50,3,1,1,5,4,5,7,4,4,5,5,5,2,16,1,19,3,10,1,1,7,5,1,10,2,12,14,6,6,1,22,9,121.5154445,25.05753607
111,6,12,18,0,2,01大同區,大同區寧夏路與萬全街口口,0,0,1,2,F01,8,2,5,50,3,1,1,5,4,5,7,4,4,5,5,5,2,16,1,16,2,9,1,1,7,9,8,20,2,16,,44,6,1,22,9,121.5154445,25.05753607
111,6,12,18,0,2,01大同區,大同區寧夏路與萬全街口口,0,0,1,3,B03,8,2,5,50,3,1,1,5,4,5,7,4,4,5,5,5,2,16,1,42,3,10,1,1,7,14,1,8,2,7,,38,6,1,22,9,121.5154445,25.05753607
111,6,12,18,45,2,06松山區,松山區南京東路5段59巷與南京東路5段59巷30弄口,0,0,1,1,B03,7,1,5,30,4,1,1,4,4,5,7,4,4,1,5,5,2,17,1,65,3,10,1,1,7,6,1,8,1,15,,44,44,1,22,9,121.5592089,25.0530328
111,6,12,18,45,2,06松山區,松山區南京東路5段59巷與南京東路5段59巷30弄口,0,0,1,2,C03,7,1,5,30,4,1,1,4,4,5,7,4,4,1,5,5,2,17,1,46,2,9,1,1,7,9,1,10,1,14,,13,44,1,22,9,121.5592089,25.0530328
111,6,12,19,5,2,08士林區,士林區前港街21號,0,0,1,1,B03,8,3,5,0,15,9,1,5,4,5,7,4,4,9,5,5,2,17,1,36,3,10,1,1,7,11,1,8,1,8,,10,10,1,22,9,121.5221885,25.08470687
111,6,12,19,5,2,08士林區,士林區前港街21號,0,0,1,2,C03,8,3,5,0,15,9,1,5,4,5,7,4,4,9,5,5,2,17,1,41,2,8,1,1,7,9,1,10,1,12,,23,10,1,22,9,121.5221885,25.08470687
111,6,12,19,20,2,03中山區,中山區民族東路與濱江街180巷口,0,0,1,1,B12,7,3,5,50,5,1,1,5,4,5,7,1,1,10,4,4,2,16,1,73,3,10,1,4,7,5,1,8,2,6,,8,8,1,22,9,121.5381309,25.06822372
111,6,12,19,20,2,03中山區,中山區民族東路與濱江街180巷口,0,0,1,2,C04,7,3,5,50,5,1,1,5,4,5,7,1,1,10,4,4,2,16,2,26,2,9,1,4,7,9,1,10,2,11,,44,8,1,22,9,121.5381309,25.06822372
111,6,12,19,47,2,07信義區,信義區仁愛路4段與光復南路附近口,0,0,1,1,F01,6,3,5,0,4,2,1,4,4,5,7,4,4,10,5,5,2,18,1,30,2,9,1,1,7,21,8,20,9,16,,13,13,1,22,9,121.5578504,25.03786176
111,6,12,19,47,2,07信義區,信義區仁愛路4段與光復南路附近口,0,0,1,2,,6,3,5,0,4,2,1,4,4,5,7,4,4,10,5,5,2,18,3,,,,,,,,,,,,,67,13,1,,,121.5578504,25.03786176
111,6,12,19,49,2,09北投區,北投區中央北路4段與中央北路4段316巷口,0,0,1,1,C03,8,3,5,50,14,9,1,5,4,5,7,1,1,9,3,5,2,18,1,25,2,9,1,1,7,9,1,10,1,14,,42,42,1,22,9,121.4727125,25.13087595
111,6,12,19,49,2,09北投區,北投區中央北路4段與中央北路4段316巷口,0,0,1,2,,8,3,5,50,14,9,1,5,4,5,7,1,1,9,3,5,2,18,3,,,,,,,,,,,,,60,42,1,,,121.4727125,25.13087595
111,6,12,19,57,2,03中山區,中山區中山北路2段50號,0,0,1,1,C03,8,3,5,50,14,9,1,5,4,5,7,4,4,9,4,5,2,12,4,,4,11,3,4,7,15,7,19,11,15,,43,43,2,22,9,121.5226628,25.0561368
111,6,12,19,57,2,03中山區,中山區中山北路2段50號,0,0,1,2,C03,8,3,5,50,14,9,1,5,4,5,7,4,4,9,4,5,2,12,1,20,2,9,1,1,7,9,6,18,1,12,,43,43,1,5,5,121.5226628,25.0561368
111,6,12,20,5,2,11南港區,南港區三重路與南港路1段口,0,0,1,1,B03,6,3,5,50,4,1,1,4,4,5,7,1,1,4,3,5,2,11,2,19,3,10,1,1,7,5,1,8,2,8,,8,8,1,22,9,121.613962,25.055376
111,6,12,20,5,2,11南港區,南港區三重路與南港路1段口,0,0,1,2,C03,6,3,5,50,4,1,1,4,4,5,7,1,1,4,3,5,2,11,1,29,2,7,1,1,7,9,1,10,2,11,,44,8,1,22,9,121.613962,25.055376
111,6,12,20,55,2,11南港區,南港區昆陽街157巷與忠孝東路6段口,0,0,1,1,B03,7,3,5,50,5,1,1,4,4,4,6,2,1,5,5,5,2,16,1,26,3,10,3,4,7,5,1,8,1,4,,27,27,1,22,9,121.5955487,25.0507431
111,6,12,20,55,2,11南港區,南港區昆陽街157巷與忠孝東路6段口,0,0,1,2,C03,7,3,5,50,5,1,1,4,4,4,6,2,1,5,5,5,2,16,1,19,2,7,1,4,7,9,1,10,1,12,,23,27,1,22,9,121.5955487,25.0507431
111,6,12,21,20,2,12內湖區,內湖區民權東路6段232巷與民權東路6段口,0,0,2,1,B03,7,3,5,50,4,1,1,4,4,5,7,2,1,1,4,5,2,16,1,42,2,2,1,1,7,5,1,8,1,6,,8,8,1,22,9,121.6004001,25.06680963
111,6,12,21,20,2,12內湖區,內湖區民權東路6段232巷與民權東路6段口,0,0,2,2,C03,7,3,5,50,4,1,1,4,4,5,7,2,1,1,4,5,2,16,1,26,2,9,1,1,7,9,1,10,1,11,,13,8,1,22,9,121.6004001,25.06680963
111,6,12,21,34,2,10文山區,文山區辛亥路4段204號,0,0,1,1,C03,8,3,5,50,14,9,1,5,4,5,7,4,4,1,4,5,2,13,2,25,2,9,1,1,7,9,1,10,1,11,,43,43,1,22,9,121.5556909,25.0025781
111,6,12,21,34,2,10文山區,文山區辛亥路4段204號,0,0,1,2,B12,8,3,5,50,14,9,1,5,4,5,7,4,4,1,4,5,2,13,1,37,3,10,1,1,7,14,1,8,1,3,,43,43,1,22,9,121.5556909,25.0025781
111,6,12,21,41,2,04大安區,大安區敦化南路1段與市民大道4段口,0,0,1,1,C03,7,3,5,50,14,9,1,5,4,5,7,2,1,8,3,5,1,17,1,18,3,10,1,1,7,6,1,10,1,15,,9,9,1,21,8,121.5491298,25.04446963
111,6,12,21,41,2,04大安區,大安區敦化南路1段與市民大道4段口,0,0,1,2,C03,7,3,5,50,14,9,1,5,4,5,7,2,1,8,3,5,1,17,2,47,2,9,1,1,7,12,1,10,1,13,,44,9,1,5,1,121.5491298,25.04446963
111,6,12,21,41,2,04大安區,大安區敦化南路1段與市民大道4段口,0,0,1,3,A02,7,3,5,50,14,9,1,5,4,5,7,2,1,8,3,5,1,17,1,35,3,10,1,1,7,12,1,2,1,1,,23,9,1,10,4,121.5491298,25.04446963
111,6,12,21,43,2,03中山區,中山區松江路與民族東路口,0,0,1,1,B02,8,3,5,50,5,1,1,5,4,5,7,1,1,3,4,5,2,16,1,33,3,10,1,1,7,5,1,8,2,2,,8,8,1,22,9,121.5334288,25.06831733
111,6,12,21,43,2,03中山區,中山區松江路與民族東路口,0,0,1,2,C03,8,3,5,50,5,1,1,5,4,5,7,1,1,3,4,5,2,16,1,39,2,9,1,1,7,9,3,18,2,11,,13,8,1,22,9,121.5334288,25.06831733
111,6,12,22,1,2,10文山區,文山區萬慶街(P335柱子 ),0,0,1,1,A02,7,3,5,30,14,9,1,4,4,5,7,4,4,10,5,5,2,17,1,47,3,10,1,1,7,1,1,2,2,5,,19,19,1,22,9,121.5356616,24.99644152
111,6,12,22,1,2,10文山區,文山區萬慶街(P335柱子 ),0,0,1,2,C03,7,3,5,30,14,9,1,4,4,5,7,4,4,10,5,5,2,17,1,32,2,9,1,1,7,9,1,10,2,12,,13,19,1,22,9,121.5356616,24.99644152
111,6,12,22,17,2,10文山區,文山區羅斯福路4段與基隆路4段口,0,0,3,3,H02,7,3,5,50,5,2,1,5,4,5,7,1,1,1,4,5,2,17,2,7,2,9,4,5,7,21,8,20,10,16,16,67,42,1,22,9,121.5371558,25.01094301
111,6,12,22,17,2,10文山區,文山區羅斯福路4段與基隆路4段口,0,0,3,4,H02,7,3,5,50,5,2,1,5,4,5,7,1,1,1,4,5,2,17,1,6,2,9,4,5,7,21,8,20,10,16,16,67,42,1,22,9,121.5371558,25.01094301
111,6,12,22,17,2,10文山區,文山區羅斯福路4段與基隆路4段口,0,0,3,1,C03,7,3,5,50,5,2,1,5,4,5,7,1,1,1,4,5,2,17,2,23,3,10,1,1,7,12,1,10,1,14,14,42,42,1,22,9,121.5371558,25.01094301
111,6,12,22,17,2,10文山區,文山區羅斯福路4段與基隆路4段口,0,0,3,2,C03,7,3,5,50,5,2,1,5,4,5,7,1,1,1,4,5,2,17,2,26,2,9,1,1,7,9,1,10,1,12,12,23,42,1,22,9,121.5371558,25.01094301
111,6,12,22,18,2,07信義區,信義區光復南路567號,0,0,1,1,B03,8,3,5,50,14,7,1,5,4,5,7,4,4,1,4,4,2,12,1,53,3,10,1,1,7,1,1,8,2,8,,19,19,1,22,9,121.5575242,25.03076695
111,6,12,22,18,2,07信義區,信義區光復南路567號,0,0,1,2,C03,8,3,5,50,14,7,1,5,4,5,7,4,4,1,4,4,2,12,2,26,2,9,1,1,7,9,1,10,2,12,,44,19,1,22,9,121.5575242,25.03076695
111,6,12,22,53,2,10文山區,文山區木新路3段95巷46號,0,0,1,1,C03,7,3,5,30,14,9,1,4,4,5,7,4,4,10,5,5,2,17,1,19,2,9,1,4,7,9,3,18,1,12,,23,23,1,22,9,121.5627399,24.98070854
111,6,12,22,53,2,10文山區,文山區木新路3段95巷46號,0,0,1,2,B12,7,3,5,30,14,9,1,4,4,5,7,4,4,10,5,5,2,17,1,19,3,10,3,4,7,13,1,8,1,4,,42,23,1,22,9,121.5627399,24.98070854
111,6,12,22,54,2,05中正區,中正區中山北路1段與市民大道2段口,0,0,3,1,C03,8,1,5,40,3,2,1,5,4,5,7,1,1,1,4,5,1,17,1,61,2,9,1,1,7,5,1,10,2,13,,6,6,1,22,9,121.5212866,25.04791246
111,6,12,22,54,2,05中正區,中正區中山北路1段與市民大道2段口,0,0,3,2,C03,8,1,5,40,3,2,1,5,4,5,7,1,1,1,4,5,1,17,1,25,2,9,1,1,7,9,1,10,2,11,,23,6,1,22,9,121.5212866,25.04791246
111,6,12,22,54,2,05中正區,中正區中山北路1段與市民大道2段口,0,0,3,3,H02,8,1,5,40,3,2,1,5,4,5,7,1,1,1,4,5,1,17,2,41,2,9,1,5,7,20,8,20,10,16,,67,6,1,22,9,121.5212866,25.04791246
111,6,13,6,32,2,06松山區,松山區南京東路5段286巷與南京東路5段250巷18弄口,0,0,2,1,C03,8,1,5,30,4,1,1,5,4,5,7,4,4,10,5,5,2,15,1,34,2,9,1,1,7,9,1,10,1,13,,6,6,1,22,9,121.5672256,25.0502242
111,6,13,6,32,2,06松山區,松山區南京東路5段286巷與南京東路5段250巷18弄口,0,0,2,2,C03,8,1,5,30,4,1,1,5,4,5,7,4,4,10,5,5,2,15,1,52,2,9,2,1,7,9,1,10,1,11,,23,6,1,22,9,121.5672256,25.0502242
111,6,13,6,49,2,06松山區,松山區民權大橋西向東第6燈桿處,0,0,1,1,C03,7,1,5,40,14,9,1,5,4,5,7,4,4,1,4,5,2,17,1,56,2,9,3,4,7,9,1,10,2,15,,42,42,1,22,9,121.5691121,25.06385754
111,6,13,6,49,2,06松山區,松山區民權大橋西向東第6燈桿處,0,0,1,2,B01,7,1,5,40,14,9,1,5,4,5,7,4,4,1,4,5,2,17,1,33,3,10,3,4,7,9,1,2,2,5,,44,42,1,22,9,121.5691121,25.06385754
111,6,13,7,4,2,10文山區,文山區萬芳路(80號汽車停車格前),0,0,1,1,B01,8,1,5,50,14,9,2,5,4,5,7,4,4,5,4,5,2,17,1,56,2,9,3,4,7,15,1,4,2,1,,16,16,1,22,9,121.5668845,24.99904279
111,6,13,7,4,2,10文山區,文山區萬芳路(80號汽車停車格前),0,0,1,2,B03,8,1,5,50,14,9,2,5,4,5,7,4,4,5,4,5,2,17,1,53,3,10,3,4,7,15,1,8,2,7,,44,16,1,22,9,121.5668845,24.99904279
111,6,13,7,4,2,10文山區,文山區萬芳路(80號汽車停車格前),0,0,1,3,B03,8,1,5,50,14,9,2,5,4,5,7,4,4,5,4,5,2,17,2,29,3,10,1,1,7,13,1,8,1,1,,44,16,1,22,9,121.5668845,24.99904279
111,6,13,7,4,2,10文山區,文山區萬芳路(80號汽車停車格前),0,0,1,4,B03,8,1,5,50,14,9,2,5,4,5,7,4,4,5,4,5,2,17,2,55,3,10,1,1,7,13,1,8,1,1,,44,16,1,22,9,121.5668845,24.99904279
111,6,13,7,50,2,09北投區,北投區承德路6段449-5號,0,0,1,1,C03,7,1,5,40,14,8,1,5,4,5,7,4,4,1,4,4,1,11,2,68,2,9,1,1,7,7,3,18,1,11,,7,7,1,22,9,121.5116742,25.10892404
111,6,13,7,50,2,09北投區,北投區承德路6段449-5號,0,0,1,2,B03,7,1,5,40,14,8,1,5,4,5,7,4,4,1,4,4,1,11,2,63,3,10,1,1,7,9,1,8,1,2,,17,7,1,22,9,121.5116742,25.10892404
111,6,13,7,50,2,07信義區,信義區基隆路2段39巷與吳興街50巷口,0,0,1,1,B03,8,1,5,30,4,1,1,5,4,5,7,4,4,8,3,5,2,15,1,54,3,10,1,1,7,9,1,8,1,8,,6,6,1,22,9,121.5595173,25.0305903
111,6,13,7,50,2,07信義區,信義區基隆路2段39巷與吳興街50巷口,0,0,1,2,C03,8,1,5,30,4,1,1,5,4,5,7,4,4,8,3,5,2,15,1,53,2,8,1,1,7,9,1,10,1,11,,14,6,1,22,9,121.5595173,25.0305903
111,6,13,7,56,2,06松山區,松山區民權東路3段109號,0,0,1,1,C03,8,1,5,50,14,9,1,5,4,5,7,4,4,1,4,5,2,16,1,51,2,9,1,1,7,7,1,10,1,13,,7,7,1,22,9,121.5452134,25.06218931
111,6,13,7,56,2,06松山區,松山區民權東路3段109號,0,0,1,2,B03,8,1,5,50,14,9,1,5,4,5,7,4,4,1,4,5,2,16,1,28,3,10,1,1,7,9,1,8,1,5,,44,7,1,22,9,121.5452134,25.06218931
111,6,13,8,8,2,01大同區,大同區延平北路4段239號,0,0,1,1,C03,8,1,5,50,14,9,1,5,4,5,7,4,4,5,5,5,2,13,1,46,2,9,1,1,7,9,1,10,2,12,,16,16,1,22,9,121.5119196,25.07605936
111,6,13,8,8,2,01大同區,大同區延平北路4段239號,0,0,1,2,B01,8,1,5,50,14,9,1,5,4,5,7,4,4,5,5,5,2,13,1,68,3,10,1,1,7,14,1,4,2,7,,44,16,1,22,9,121.5119196,25.07605936
111,6,13,8,8,2,01大同區,大同區延平北路4段239號,0,0,1,3,B03,8,1,5,50,14,9,1,5,4,5,7,4,4,5,5,5,2,13,1,48,3,10,1,1,7,9,1,8,2,5,,44,16,1,22,9,121.5119196,25.07605936
111,6,13,8,8,2,05中正區,中正區忠孝東路2段與新生南路1段口,0,0,1,1,F01,8,1,5,50,4,1,1,5,4,5,7,2,1,9,4,4,1,16,1,39,2,9,1,1,7,9,8,20,2,16,,25,25,1,21,1,121.5326317,25.0423834
111,6,13,8,8,2,05中正區,中正區忠孝東路2段與新生南路1段口,0,0,1,2,B03,8,1,5,50,4,1,1,5,4,5,7,2,1,9,4,4,1,16,1,42,3,10,1,1,7,9,1,8,2,1,,44,25,1,21,1,121.5326317,25.0423834
111,6,13,8,9,2,10文山區,文山區水源快速道路南往北040接縫處,0,0,1,1,B03,8,1,5,60,14,7,1,5,4,5,7,4,4,1,4,5,2,17,1,28,3,10,1,1,7,7,1,8,1,8,,23,23,1,22,9,121.5353096,25.0009768
111,6,13,8,9,2,10文山區,文山區水源快速道路南往北040接縫處,0,0,1,2,B03,8,1,5,60,14,7,1,5,4,5,7,4,4,1,4,5,2,17,1,36,3,10,1,1,7,9,1,8,1,6,,44,23,1,22,9,121.5353096,25.0009768
111,6,13,8,9,2,10文山區,文山區水源快速道路南往北040接縫處,0,0,1,3,B03,8,1,5,60,14,7,1,5,4,5,7,4,4,1,4,5,2,17,2,56,3,10,1,1,7,14,1,8,1,3,,44,23,1,22,9,121.5353096,25.0009768
111,6,13,8,9,2,10文山區,文山區水源快速道路南往北040接縫處,0,0,1,4,H02,8,1,5,60,14,7,1,5,4,5,7,4,4,1,4,5,2,17,1,5,2,1,1,1,7,20,8,20,10,16,,67,23,1,22,9,121.5353096,25.0009768
111,6,13,8,15,2,05中正區,中正區汀州路3段與思源街口,0,0,1,1,C03,8,1,5,50,3,2,1,5,4,5,7,4,4,5,4,5,2,12,2,29,3,10,1,1,7,6,1,10,1,13,,9,9,1,22,9,121.5320773,25.0148586
111,6,13,8,15,2,05中正區,中正區汀州路3段與思源街口,0,0,1,2,C03,8,1,5,50,3,2,1,5,4,5,7,4,4,5,4,5,2,12,1,33,2,9,1,1,7,9,1,10,1,11,,23,9,1,22,9,121.5320773,25.0148586
111,6,13,8,25,2,08士林區,士林區至善路2段34號旁,0,0,1,1,C03,8,1,5,50,14,9,1,5,4,5,7,4,4,1,4,5,1,13,2,25,2,8,1,1,7,9,1,10,1,11,,16,16,1,22,9,121.5445105,25.09713365
111,6,13,8,25,2,08士林區,士林區至善路2段34號旁,0,0,1,2,B03,8,1,5,50,14,9,1,5,4,5,7,4,4,1,4,5,1,13,2,57,3,10,1,1,7,9,1,8,1,3,,44,16,1,22,9,121.5445105,25.09713365
111,6,13,8,30,2,05中正區,大同區鄭州路往東(近延平北),0,0,1,1,A02,8,1,5,40,14,9,1,5,4,5,7,4,4,1,4,5,2,9,1,57,3,10,1,1,7,12,1,1,9,15,,42,42,1,10,4,121.5117526,25.0498176
111,6,13,8,30,2,05中正區,大同區鄭州路往東(近延平北),0,0,1,2,H02,8,1,5,40,14,9,1,5,4,5,7,4,4,1,4,5,2,9,2,66,2,6,4,4,7,17,8,20,9,16,,58,42,1,19,5,121.5117526,25.0498176
111,6,13,8,38,2,06松山區,松山區市民大道4段微風廣場,0,0,1,1,B01,8,1,5,30,14,9,1,5,4,5,7,4,4,9,5,5,2,17,1,48,3,10,3,4,7,6,1,4,2,7,,6,6,1,22,9,121.5455232,25.04526131
111,6,13,8,38,2,06松山區,松山區市民大道4段微風廣場,0,0,1,2,C03,8,1,5,30,14,9,1,5,4,5,7,4,4,9,5,5,2,17,1,36,2,9,3,4,7,9,1,10,2,11,,14,6,1,22,9,121.5455232,25.04526131
111,6,13,8,40,2,12內湖區,內湖區港墘路與港華街口,0,0,1,1,B03,8,1,5,50,4,1,1,5,4,5,7,1,1,1,5,5,2,12,1,56,3,10,1,1,7,6,1,8,1,2,,9,9,1,22,9,121.5783318,25.0821951
111,6,13,8,40,2,12內湖區,內湖區港墘路與港華街口,0,0,1,2,C03,8,1,5,50,4,1,1,5,4,5,7,1,1,1,5,5,2,12,1,35,2,9,1,1,7,9,1,10,1,14,,44,9,1,22,9,121.5783318,25.0821951
111,6,13,8,52,2,12內湖區,內湖區內湖路2段235巷6號,0,0,1,1,C03,8,1,5,30,14,9,1,5,4,5,7,4,4,10,5,5,2,17,2,28,2,9,1,1,7,12,1,10,1,12,,42,42,1,22,9,121.5891683,25.08228456
111,6,13,8,52,2,12內湖區,內湖區內湖路2段235巷6號,0,0,1,2,B03,8,1,5,30,14,9,1,5,4,5,7,4,4,10,5,5,2,17,1,63,3,10,1,1,7,9,1,8,1,15,,44,42,1,22,9,121.5891683,25.08228456
111,6,13,9,0,2,05中正區,中正區中山南路與中山南路2巷口,0,0,1,1,C03,8,1,5,50,3,2,1,5,4,5,7,4,4,1,4,1,2,17,1,22,3,10,1,1,7,8,1,10,2,13,,7,7,2,22,9,121.5193155,25.0451705
111,6,13,9,0,2,05中正區,中正區中山南路與中山南路2巷口,0,0,1,2,C04,8,1,5,50,3,2,1,5,4,5,7,4,4,1,4,1,2,17,2,27,2,9,1,1,7,9,1,10,2,11,,44,7,1,22,9,121.5193155,25.0451705
111,6,13,9,13,2,07信義區,信義區吳興街156巷65弄與信安街15巷口,0,0,2,1,B01,8,1,5,50,4,1,1,5,4,5,7,4,4,8,3,5,2,15,1,67,2,9,1,1,7,9,1,4,2,4,,14,14,1,22,9,121.5591142,25.0278521
111,6,13,9,13,2,07信義區,信義區吳興街156巷65弄與信安街15巷口,0,0,2,2,B01,8,1,5,50,4,1,1,5,4,5,7,4,4,8,3,5,2,15,1,64,2,9,1,1,7,9,1,4,2,1,,6,14,1,22,9,121.5591142,25.0278521
111,6,13,9,13,2,07信義區,信義區吳興街156巷65弄與信安街15巷口,0,0,2,3,,8,1,5,50,4,1,1,5,4,5,7,4,4,8,3,5,2,15,3,,,,,,,,,,,,,67,14,1,,,121.5591142,25.0278521
111,6,13,9,40,2,09北投區,北投區大度路2段45號燈桿,0,0,4,1,C03,8,1,5,50,14,12,1,5,4,5,7,4,4,3,4,3,2,13,2,34,2,9,3,4,7,9,1,10,1,11,,23,23,1,22,9,121.478369,25.122366
111,6,13,9,40,2,09北投區,北投區大度路2段45號燈桿,0,0,4,2,C03,8,1,5,50,14,12,1,5,4,5,7,4,4,3,4,3,2,13,1,79,2,9,3,4,7,9,1,10,1,11,,23,23,1,22,9,121.478369,25.122366
111,6,13,9,40,2,09北投區,北投區大度路2段45號燈桿,0,0,4,3,C03,8,1,5,50,14,12,1,5,4,5,7,4,4,3,4,3,2,13,1,31,2,9,3,4,7,9,1,10,1,13,,23,23,1,22,9,121.478369,25.122366
111,6,13,9,40,2,09北投區,北投區大度路2段45號燈桿,0,0,4,4,C03,8,1,5,50,14,12,1,5,4,5,7,4,4,3,4,3,2,13,1,19,2,9,3,4,7,9,1,10,1,14,,23,23,1,22,9,121.478369,25.122366
111,6,13,9,44,2,12內湖區,內湖區瑞光路26巷,0,0,1,1,B03,8,1,5,50,3,2,1,5,4,5,7,1,1,5,4,5,2,12,1,30,3,10,1,1,7,1,1,8,1,5,,19,19,1,22,9,121.583214,25.0698534
111,6,13,9,44,2,12內湖區,內湖區瑞光路26巷,0,0,1,2,C03,8,1,5,50,3,2,1,5,4,5,7,1,1,5,4,5,2,12,2,25,2,9,1,1,7,7,1,10,1,13,,7,19,1,22,9,121.583214,25.0698534
111,6,13,9,44,2,12內湖區,內湖區瑞光路26巷,0,0,1,3,A41,8,1,5,50,3,2,1,5,4,5,7,1,1,5,4,5,2,12,3,,,,,,,,,,9,,,67,19,1,,,121.583214,25.0698534
111,6,13,9,56,2,03中山區,中山區中山北路1段與市民大道2段口,0,0,1,1,C03,8,1,5,50,14,9,1,5,4,5,7,2,1,1,3,5,2,23,1,49,2,1,1,1,7,9,1,10,9,12,,43,43,1,22,9,121.5209588,25.0481364
111,6,13,9,56,2,03中山區,中山區中山北路1段與市民大道2段口,0,0,1,2,,8,1,5,50,14,9,1,5,4,5,7,2,1,1,3,5,2,23,3,,,,,,,,,,,,,67,43,1,,,121.5209588,25.0481364
111,6,13,10,16,2,04大安區,大安區和平東路1段101號,0,0,1,1,B03,8,1,5,40,14,8,1,5,4,5,7,2,1,8,3,4,1,13,2,20,3,10,3,4,7,8,1,8,1,8,,42,42,1,22,9,121.5262559,25.02687308
111,6,13,10,16,2,04大安區,大安區和平東路1段101號,0,0,1,2,B03,8,1,5,40,14,8,1,5,4,5,7,2,1,8,3,4,1,13,1,43,3,10,3,4,7,9,1,8,1,6,,44,42,1,22,9,121.5262559,25.02687308
111,6,13,10,16,2,04大安區,大安區和平東路1段101號,0,0,1,3,H02,8,1,5,40,14,8,1,5,4,5,7,2,1,8,3,4,1,13,2,42,2,9,4,5,7,20,8,20,10,16,,67,42,1,22,9,121.5262559,25.02687308
111,6,13,10,18,2,04大安區,大安區復興南路1段135巷與忠孝東路4段17巷口,0,0,2,1,C03,8,1,5,30,5,2,1,5,4,5,7,4,4,8,3,5,1,15,2,63,2,3,1,1,7,9,1,10,1,11,,6,6,1,22,9,121.5444912,25.042666
111,6,13,10,18,2,04大安區,大安區復興南路1段135巷與忠孝東路4段17巷口,0,0,2,2,C04,8,1,5,30,5,2,1,5,4,5,7,4,4,8,3,5,1,15,1,46,2,9,1,1,7,9,1,10,1,14,,44,6,1,22,9,121.5444912,25.042666
111,6,13,10,27,2,04大安區,大安區建國南路2段與辛亥路2段口,0,0,1,1,B03,8,1,5,40,3,1,1,5,4,5,7,1,1,1,3,5,2,17,1,61,3,10,1,1,7,6,1,8,1,5,,26,26,1,22,9,121.5379332,25.0229154
111,6,13,10,27,2,04大安區,大安區建國南路2段與辛亥路2段口,0,0,1,2,C03,8,1,5,40,3,1,1,5,4,5,7,1,1,1,3,5,2,17,1,20,2,9,1,1,7,9,1,10,1,11,,44,26,1,22,9,121.5379332,25.0229154
111,6,13,10,27,2,04大安區,大安區忠孝東路4段77巷與敦化南路1段190巷口,0,0,1,1,C03,8,1,5,30,4,1,1,5,4,5,7,4,4,10,5,5,2,15,2,37,2,9,3,4,7,9,1,10,1,11,,6,6,1,22,9,121.5472162,25.04263924
111,6,13,10,27,2,04大安區,大安區忠孝東路4段77巷與敦化南路1段190巷口,0,0,1,2,B01,8,1,5,30,4,1,1,5,4,5,7,4,4,10,5,5,2,15,1,59,3,10,3,4,7,9,1,4,1,4,,14,6,1,22,9,121.5472162,25.04263924
111,6,13,10,51,2,04大安區,大安區忠孝東路3段與復興南路1段口,0,0,1,1,C03,8,1,5,50,4,1,1,5,4,5,7,2,1,1,4,5,2,17,1,30,2,8,1,1,7,9,1,9,1,11,,16,16,1,22,9,121.5436386,25.04155952
111,6,13,10,51,2,04大安區,大安區忠孝東路3段與復興南路1段口,0,0,1,2,B03,8,1,5,50,4,1,1,5,4,5,7,2,1,1,4,5,2,17,2,36,3,10,1,3,7,9,1,8,1,4,,44,16,1,22,9,121.5436386,25.04155952
111,6,13,11,19,2,10文山區,文山區興隆路3段與興隆路3段115巷口口,0,0,1,1,B01,8,1,5,50,3,1,1,5,4,5,6,2,1,1,4,5,2,16,2,62,3,10,1,1,7,5,1,8,2,1,,6,6,1,22,9,121.5580121,24.9990004
111,6,13,11,19,2,10文山區,文山區興隆路3段與興隆路3段115巷口口,0,0,1,2,C03,8,1,5,50,3,1,1,5,4,5,6,2,1,1,4,5,2,16,1,68,2,6,1,1,7,9,1,10,2,14,,44,6,1,22,9,121.5580121,24.9990004
111,6,13,11,32,2,03中山區,中山區民生東路2段127巷與松江路226巷口,0,0,1,1,C03,8,1,5,30,4,1,1,5,4,3,5,4,4,10,5,5,2,15,2,18,2,9,1,1,7,9,1,10,1,11,,6,6,1,22,9,121.5322237,25.0584902