發生年度,發生月,發生日,發生時-Hours,發生分,處理別-編號,區序,肇事地點,死亡人數,2-30日死亡人數,受傷人數,當事人序號,車種,天候,光線,道路類別,速限-速度限制,道路型態,事故位置,路面狀況1,路面狀況2,路面狀況3,道路障礙1,道路障礙2,號誌1,號誌2,車道劃分-分向,車道劃分-分道1,車道劃分-分道2,車道劃分-分道3,事故類型及型態,性別,年齡,受傷程度,主要傷處,安全帽,行動電話,車輛用途,當事者行動狀態,駕駛資格情形,駕駛執照種類,飲酒情形,車輛撞擊部位1,車輛撞擊部位2,肇因碼-個別,肇因碼-主要,個人肇逃否,職業,旅次目的,座標-X,座標-Y
111,6,13,11,32,2,03中山區,中山區民生東路2段127巷與松江路226巷口,0,0,1,2,B03,8,1,5,30,4,1,1,5,4,3,5,4,4,10,5,5,2,15,1,42,3,10,1,1,7,9,1,8,1,8,,23,6,1,22,9,121.5322237,25.0584902
111,6,13,11,32,2,03中山區,中山區民生東路2段127巷與松江路226巷口,0,0,1,3,B03,8,1,5,30,4,1,1,5,4,3,5,4,4,10,5,5,2,15,1,24,3,10,1,1,7,14,1,8,11,15,,38,6,1,22,9,121.5322237,25.0584902
111,6,13,11,34,2,03中山區,中山區農安街35號,0,0,1,1,C03,8,1,5,50,14,9,1,5,4,5,7,4,4,9,5,5,2,3,1,28,3,10,1,1,7,9,1,10,1,14,,23,23,1,22,9,121.525255,25.0649978
111,6,13,11,34,2,03中山區,中山區農安街35號,0,0,1,2,H01,8,1,5,50,14,9,1,5,4,5,7,4,4,9,5,5,2,3,2,81,2,9,4,5,8,16,8,20,10,16,,51,23,1,22,9,121.525255,25.0649978
111,6,13,12,6,2,05中正區,中正區福州街14號,0,0,1,1,B03,8,1,5,50,14,9,1,5,4,5,7,4,4,9,5,5,2,17,1,39,3,10,1,1,7,1,1,8,1,2,,19,19,1,22,9,121.5184034,25.0287189
111,6,13,12,6,2,05中正區,中正區福州街14號,0,0,1,2,C03,8,1,5,50,14,9,1,5,4,5,7,4,4,9,5,5,2,17,1,47,2,9,1,1,7,9,1,10,1,14,,44,19,1,22,9,121.5184034,25.0287189
111,6,13,12,10,2,03中山區,中山區復興北路與長安東路2段口,0,0,1,1,C03,8,1,5,50,4,1,1,5,4,5,7,2,1,1,1,5,1,13,2,41,2,9,3,4,7,9,1,10,1,11,,23,23,1,22,9,121.5438455,25.04837238
111,6,13,12,10,2,03中山區,中山區復興北路與長安東路2段口,0,0,1,2,B01,8,1,5,50,4,1,1,5,4,5,7,2,1,1,1,5,1,13,1,45,3,10,3,4,7,14,1,2,1,7,,44,23,1,22,9,121.5438455,25.04837238
111,6,13,12,59,2,04大安區,大安區延吉街與光復南路280巷口,0,0,1,1,B03,8,1,5,30,4,1,1,5,4,5,7,4,4,5,5,5,2,15,1,56,3,10,1,1,7,9,1,1,1,8,,6,6,1,22,9,121.5549334,25.03982871
111,6,13,12,59,2,04大安區,大安區延吉街與光復南路280巷口,0,0,1,2,C03,8,1,5,30,4,1,1,5,4,5,7,4,4,5,5,5,2,15,1,45,2,9,1,1,7,9,1,10,1,11,,44,6,1,22,9,121.5549334,25.03982871
111,6,13,12,59,2,04大安區,大安區延吉街與光復南路280巷口,0,0,1,3,B03,8,1,5,30,4,1,1,5,4,5,7,4,4,5,5,5,2,15,1,70,3,10,3,1,7,13,1,8,9,15,,38,6,1,22,9,121.5549334,25.03982871
111,6,13,13,0,2,10文山區,文山區辛亥路7段26巷與辛亥路7段口,0,0,2,1,C03,8,1,5,50,3,1,1,5,4,5,7,3,1,5,5,4,2,17,1,22,2,7,1,1,7,5,1,10,9,12,,6,6,1,22,9,121.5533496,24.9862087
111,6,13,13,0,2,10文山區,文山區辛亥路7段26巷與辛亥路7段口,0,0,2,2,C03,8,1,5,50,3,1,1,5,4,5,7,3,1,5,5,4,2,17,1,57,2,8,1,1,7,9,1,10,9,11,,44,6,1,22,9,121.5533496,24.9862087
111,6,13,13,12,2,09北投區,北投區立農街1段與立農街1段320巷口,0,0,2,1,C03,8,1,5,30,4,1,1,5,4,5,7,4,4,10,5,5,2,16,2,33,2,9,1,1,7,9,1,10,2,12,,6,6,1,22,9,121.5067397,25.11949486
111,6,13,13,12,2,09北投區,北投區立農街1段與立農街1段320巷口,0,0,2,2,C03,8,1,5,30,4,1,1,5,4,5,7,4,4,10,5,5,2,16,1,39,2,9,1,1,7,9,1,10,2,11,,14,6,1,22,9,121.5067397,25.11949486
111,6,13,13,25,2,07信義區,信義區基隆路1段102巷與基隆路1段口,0,0,2,1,C03,8,1,5,50,3,1,1,5,4,5,7,4,4,1,4,5,1,12,1,28,2,9,3,4,7,6,1,9,1,12,,6,6,1,22,9,121.5668099,25.04532728
111,6,13,13,25,2,07信義區,信義區基隆路1段102巷與基隆路1段口,0,0,2,2,C03,8,1,5,50,3,1,1,5,4,5,7,4,4,1,4,5,1,12,1,38,2,9,3,4,7,9,1,9,1,11,,14,6,1,22,9,121.5668099,25.04532728
111,6,13,14,20,2,02萬華區,萬華區忠孝西路2段與西寧南路口,0,0,1,1,C04,8,1,5,50,4,1,1,5,4,5,7,1,1,3,4,5,2,16,2,53,2,9,1,1,7,6,1,8,11,12,,9,9,1,22,9,121.5074888,25.04850077
111,6,13,14,20,2,02萬華區,萬華區忠孝西路2段與西寧南路口,0,0,1,2,B03,8,1,5,50,4,1,1,5,4,5,7,1,1,3,4,5,2,16,1,35,3,10,1,1,7,9,1,8,1,1,,44,9,1,22,9,121.5074888,25.04850077
111,6,13,14,29,2,08士林區,士林區中山北路6段與中山北路6段405巷口,0,0,1,1,B03,8,1,5,50,4,1,1,5,4,5,7,1,1,1,4,5,2,12,1,32,3,10,1,1,7,6,1,8,2,2,,6,6,1,22,9,121.527755,25.11521779
111,6,13,14,29,2,08士林區,士林區中山北路6段與中山北路6段405巷口,0,0,1,2,C03,8,1,5,50,4,1,1,5,4,5,7,1,1,1,4,5,2,12,1,55,2,9,1,1,7,9,1,10,2,14,,44,6,1,22,9,121.527755,25.11521779
111,6,13,14,35,2,05中正區,中正區延平南路179巷與延平南路口,0,0,1,1,B03,8,1,5,50,4,2,1,5,4,5,7,4,4,5,5,5,2,12,1,60,3,10,1,1,7,1,1,8,1,4,,19,19,1,22,9,121.5075464,25.0345146
111,6,13,14,35,2,05中正區,中正區延平南路179巷與延平南路口,0,0,1,2,C03,8,1,5,50,4,2,1,5,4,5,7,4,4,5,5,5,2,12,1,24,2,9,1,1,7,9,1,10,1,12,,23,19,1,22,9,121.5075464,25.0345146
111,6,13,14,40,2,12內湖區,內湖區成功路4段10號前,0,0,1,1,B03,8,1,5,50,14,9,1,5,4,5,7,4,4,1,4,5,2,12,1,78,4,11,3,4,7,15,7,19,11,15,,23,23,2,22,9,121.5911068,25.08110296
111,6,13,14,40,2,12內湖區,內湖區成功路4段10號前,0,0,1,2,C03,8,1,5,50,14,9,1,5,4,5,7,4,4,1,4,5,2,12,2,56,2,9,1,1,7,13,1,10,1,13,,44,23,1,22,9,121.5911068,25.08110296
111,6,13,14,45,2,03中山區,中山區南京東路2段與新生北路2段口,0,0,3,1,C03,8,1,5,50,4,1,1,5,4,5,7,1,1,10,4,5,2,12,1,21,3,10,1,1,7,5,1,10,1,15,,25,25,1,22,9,121.5278493,25.05211994
111,6,13,14,45,2,03中山區,中山區南京東路2段與新生北路2段口,0,0,3,2,C03,8,1,5,50,4,1,1,5,4,5,7,1,1,10,4,5,2,12,2,28,2,8,1,1,7,9,1,10,1,14,,44,25,1,22,9,121.5278493,25.05211994
111,6,13,14,45,2,03中山區,中山區南京東路2段與新生北路2段口,0,0,3,3,C03,8,1,5,50,4,1,1,5,4,5,7,1,1,10,4,5,2,12,1,73,2,9,1,1,7,9,1,10,1,11,12,44,25,1,22,9,121.5278493,25.05211994
111,6,13,14,45,2,03中山區,中山區南京東路2段與新生北路2段口,0,0,3,4,H02,8,1,5,50,4,1,1,5,4,5,7,1,1,10,4,5,2,12,2,71,2,9,4,5,7,20,8,20,10,16,,67,25,1,22,9,121.5278493,25.05211994
111,6,13,15,5,2,04大安區,大安區市民大道3段86號,0,0,1,1,C03,8,1,5,40,14,9,1,5,4,5,7,4,4,8,3,5,2,12,1,69,3,10,1,1,7,1,1,10,9,15,,19,19,1,22,9,121.5333614,25.04515627
111,6,13,15,5,2,04大安區,大安區市民大道3段86號,0,0,1,2,C03,8,1,5,40,14,9,1,5,4,5,7,4,4,8,3,5,2,12,1,27,2,7,1,1,7,9,1,10,9,12,,16,19,1,22,9,121.5333614,25.04515627
111,6,13,15,5,2,04大安區,大安區市民大道3段86號,0,0,1,3,B12,8,1,5,40,14,9,1,5,4,5,7,4,4,8,3,5,2,12,1,19,3,10,1,1,7,9,1,8,9,7,,44,19,1,22,9,121.5333614,25.04515627
111,6,13,15,55,2,04大安區,大安區復興南路2段與瑞安街23巷口,0,0,1,1,B03,6,1,5,50,4,1,1,4,4,5,7,1,1,9,4,5,1,3,1,58,3,10,1,1,7,5,1,8,9,1,,15,15,1,22,9,121.5434426,25.0310371
111,6,13,15,55,2,04大安區,大安區復興南路2段與瑞安街23巷口,0,0,1,2,H01,6,1,5,50,4,1,1,4,4,5,7,1,1,9,4,5,1,3,2,66,2,9,4,5,8,16,8,20,9,16,,67,15,1,22,9,121.5434426,25.0310371
111,6,13,15,55,2,05中正區,中正區汀州路2段25號,0,0,3,1,C03,8,1,5,50,14,9,1,5,4,5,7,4,4,8,4,5,1,16,1,61,2,9,1,1,7,5,1,10,1,12,,8,8,1,22,9,121.5149682,25.02606323
111,6,13,15,55,2,05中正區,中正區汀州路2段25號,0,0,3,2,C03,8,1,5,50,14,9,1,5,4,5,7,4,4,8,4,5,1,16,2,33,2,9,1,1,7,9,1,10,1,11,,44,8,1,22,9,121.5149682,25.02606323
111,6,13,15,55,2,05中正區,中正區汀州路2段25號,0,0,3,3,H02,8,1,5,50,14,9,1,5,4,5,7,4,4,8,4,5,1,16,2,53,2,9,4,5,7,17,8,20,10,16,,67,8,1,22,9,121.5149682,25.02606323
111,6,13,15,59,2,05中正區,中正區中山南路與凱達格蘭大道口,0,0,2,1,C03,8,1,5,50,5,1,1,5,4,5,7,2,1,1,4,1,2,13,1,40,2,7,1,1,7,9,1,10,1,11,,16,16,1,22,9,121.5173329,25.0387783
111,6,13,15,59,2,05中正區,中正區中山南路與凱達格蘭大道口,0,0,2,2,C03,8,1,5,50,5,1,1,5,4,5,7,2,1,1,4,1,2,13,2,53,2,9,1,1,7,14,1,10,1,13,,44,16,1,22,9,121.5173329,25.0387783
111,6,13,16,12,2,02萬華區,萬華區中華路1段與成都路口,0,0,2,1,H01,8,1,5,0,4,1,1,5,4,5,7,1,1,1,4,1,2,6,1,75,2,9,4,5,8,18,8,20,10,16,,52,52,1,22,9,121.5081852,25.04238575
111,6,13,16,12,2,02萬華區,萬華區中華路1段與成都路口,0,0,2,2,C03,8,1,5,0,4,1,1,5,4,5,7,1,1,1,4,1,2,6,1,45,2,9,1,1,7,9,1,10,2,14,,44,52,1,22,9,121.5081852,25.04238575
111,6,13,16,22,2,03中山區,中山區建國北路2段129號,0,0,1,1,B03,7,1,5,50,14,9,1,5,4,5,7,1,1,1,4,5,2,12,2,59,3,10,1,1,7,1,1,8,1,4,,19,19,1,22,9,121.5371676,25.0600833
111,6,13,16,22,2,03中山區,中山區建國北路2段129號,0,0,1,2,C03,7,1,5,50,14,9,1,5,4,5,7,1,1,1,4,5,2,12,2,53,2,7,1,1,7,9,1,10,1,12,,44,19,1,22,9,121.5371676,25.0600833
111,6,13,16,24,2,04大安區,大安區市民大道4段與延吉街口,0,0,2,1,B01,7,1,5,50,4,1,1,5,4,5,7,1,1,8,3,5,1,15,1,57,3,10,1,1,7,9,1,4,1,5,,25,25,1,22,9,121.5537495,25.04425999
111,6,13,16,24,2,04大安區,大安區市民大道4段與延吉街口,0,0,2,2,C03,7,1,5,50,4,1,1,5,4,5,7,1,1,8,3,5,1,15,1,34,2,7,1,1,7,9,1,10,1,14,,44,25,1,22,9,121.5537495,25.04425999
111,6,13,16,24,2,04大安區,大安區市民大道4段與延吉街口,0,0,2,3,H02,7,1,5,50,4,1,1,5,4,5,7,1,1,8,3,5,1,15,2,28,2,9,4,5,7,21,8,20,10,15,,67,25,1,22,9,121.5537495,25.04425999
111,6,13,16,33,2,10文山區,文山區木柵路1段與景美溪橋口,0,0,1,1,B03,8,1,5,50,3,1,1,5,4,5,7,1,1,5,5,5,2,12,2,38,3,10,1,1,7,6,1,8,1,2,,43,43,1,22,9,121.5453106,24.9868349
111,6,13,16,33,2,10文山區,文山區木柵路1段與景美溪橋口,0,0,1,2,C03,8,1,5,50,3,1,1,5,4,5,7,1,1,5,5,5,2,12,1,65,2,8,2,1,7,5,1,10,1,14,,43,43,1,22,9,121.5453106,24.9868349
111,6,13,16,40,2,05中正區,中正區忠孝西路1段4號,0,0,2,1,B02,8,1,5,50,14,9,1,5,4,5,7,4,4,1,4,5,2,13,1,54,2,8,1,1,7,9,1,8,2,1,,23,23,1,22,9,121.5189234,25.0457499
111,6,13,16,40,2,05中正區,中正區忠孝西路1段4號,0,0,2,2,B03,8,1,5,50,14,9,1,5,4,5,7,4,4,1,4,5,2,13,1,59,3,10,1,1,7,14,1,8,2,3,,44,23,1,22,9,121.5189234,25.0457499
111,6,13,16,40,2,05中正區,中正區忠孝西路1段4號,0,0,2,3,H02,8,1,5,50,14,9,1,5,4,5,7,4,4,1,4,5,2,13,2,59,2,2,1,5,7,17,8,20,10,16,,67,23,1,22,9,121.5189234,25.0457499
111,6,13,17,10,2,02萬華區,萬華區雙和街31號,0,0,1,1,B03,8,1,5,30,14,9,1,5,4,5,7,4,4,10,5,5,2,2,1,62,3,10,1,1,7,9,1,8,1,5,,23,23,1,22,9,121.5016995,25.02780759
111,6,13,17,10,2,02萬華區,萬華區雙和街31號,0,0,1,2,H01,8,1,5,30,14,9,1,5,4,5,7,4,4,10,5,5,2,2,2,28,2,8,4,5,8,16,8,20,10,16,,67,23,1,22,9,121.5016995,25.02780759
111,6,13,17,11,2,09北投區,北投區石牌路2段與石牌路2段口201號出入道路口,0,0,1,1,B03,7,1,5,50,3,1,1,5,4,5,7,1,1,10,4,5,2,16,1,63,3,10,1,1,7,5,1,8,1,2,,6,6,1,22,9,121.5199324,25.11872545
111,6,13,17,11,2,09北投區,北投區石牌路2段與石牌路2段口201號出入道路口,0,0,1,2,B12,7,1,5,50,3,1,1,5,4,5,7,1,1,10,4,5,2,16,1,20,2,7,1,1,7,9,1,8,1,5,,23,6,1,22,9,121.5199324,25.11872545
111,6,13,17,11,2,10文山區,文山區景文街與車前路口,0,0,1,1,B03,8,1,5,50,4,2,1,5,4,5,7,1,1,5,5,4,2,16,1,38,3,10,1,1,7,5,1,8,1,7,,44,44,1,22,9,121.5413113,24.9912354
111,6,13,17,11,2,10文山區,文山區景文街與車前路口,0,0,1,2,C03,8,1,5,50,4,2,1,5,4,5,7,1,1,5,5,4,2,16,1,73,2,3,1,1,7,9,6,18,1,11,,26,44,1,22,9,121.5413113,24.9912354
111,6,13,17,34,2,05中正區,中正區莒光路32號前,0,0,1,1,B03,8,1,5,50,14,9,1,5,4,5,5,4,4,3,4,5,2,16,1,46,3,10,1,1,7,1,1,8,1,8,,19,19,1,22,9,121.5062334,25.03127495
111,6,13,17,34,2,05中正區,中正區莒光路32號前,0,0,1,2,C03,8,1,5,50,14,9,1,5,4,5,5,4,4,3,4,5,2,16,1,65,2,9,1,1,7,9,1,10,1,12,,44,19,1,22,9,121.5062334,25.03127495
111,6,13,17,34,2,05中正區,中正區莒光路32號前,0,0,1,3,B03,8,1,5,50,14,9,1,5,4,5,5,4,4,3,4,5,2,16,1,51,3,10,1,1,7,14,1,8,11,15,,38,19,1,22,9,121.5062334,25.03127495
111,6,13,17,50,2,10文山區,文山區景興路153巷與景興路82巷口,0,0,1,1,F01,8,1,5,30,4,2,1,5,4,5,7,4,4,10,5,5,2,11,2,18,2,7,1,1,7,9,8,20,1,16,,5,5,1,22,9,121.5455728,24.9937803
111,6,13,17,50,2,10文山區,文山區景興路153巷與景興路82巷口,0,0,1,2,B03,8,1,5,30,4,2,1,5,4,5,7,4,4,10,5,5,2,11,1,47,3,10,1,1,7,9,1,8,1,4,,44,5,1,22,9,121.5455728,24.9937803
111,6,13,17,56,2,06松山區,松山區富錦街與新中街口,0,0,3,2,C03,7,1,5,50,4,1,1,5,4,5,7,2,1,9,5,5,2,11,2,36,2,8,1,1,7,9,1,10,1,14,,32,6,1,22,9,121.5603443,25.0606873
111,6,13,17,56,2,06松山區,松山區富錦街與新中街口,0,0,3,3,H02,7,1,5,50,4,1,1,5,4,5,7,2,1,9,5,5,2,11,1,6,2,8,4,5,7,20,8,20,10,16,,67,6,1,22,9,121.5603443,25.0606873
111,6,13,17,56,2,06松山區,松山區富錦街與新中街口,0,0,3,4,H02,7,1,5,50,4,1,1,5,4,5,7,2,1,9,5,5,2,11,1,2,2,8,1,5,7,20,8,20,10,16,,67,6,1,22,9,121.5603443,25.0606873
111,6,13,17,56,2,06松山區,松山區富錦街與新中街口,0,0,3,1,B03,7,1,5,50,4,1,1,5,4,5,7,2,1,9,5,5,2,11,1,36,3,10,1,1,7,5,3,18,1,8,,6,6,1,22,9,121.5603443,25.0606873
111,6,13,17,58,2,04大安區,大安區基隆路2段與通化街171巷口,0,0,1,1,C03,8,1,5,50,5,2,1,5,4,5,7,1,1,8,3,5,2,12,1,23,2,9,1,1,7,7,1,10,1,14,,7,7,1,22,9,121.5560729,25.02748744
111,6,13,17,58,2,04大安區,大安區基隆路2段與通化街171巷口,0,0,1,2,B01,8,1,5,50,5,2,1,5,4,5,7,1,1,8,3,5,2,12,1,62,3,10,1,1,7,9,1,8,1,2,,44,7,1,22,9,121.5560729,25.02748744
111,6,13,18,7,2,12內湖區,內湖區瑞光路513巷22弄17號,0,0,1,1,C04,8,1,5,0,14,9,1,5,4,5,7,4,4,9,5,5,2,3,2,42,4,11,3,4,7,15,7,19,11,15,,23,23,2,22,9,121.5684797,25.08011773
111,6,13,18,7,2,12內湖區,內湖區瑞光路513巷22弄17號,0,0,1,2,H01,8,1,5,0,14,9,1,5,4,5,7,4,4,9,5,5,2,3,2,38,2,7,4,5,8,16,8,20,10,16,,67,23,1,22,9,121.5684797,25.08011773
111,6,13,18,45,2,08士林區,士林區中正路285號,0,0,1,1,C03,8,3,5,50,14,9,1,5,4,5,7,4,4,1,4,5,2,17,1,20,2,9,1,1,7,7,1,10,1,14,,6,6,1,21,8,121.5240075,25.09492282
111,6,13,18,45,2,08士林區,士林區中正路285號,0,0,1,2,B03,8,3,5,50,14,9,1,5,4,5,7,4,4,1,4,5,2,17,2,28,3,10,1,1,7,9,1,8,1,7,,44,6,1,21,8,121.5240075,25.09492282
111,6,13,18,53,2,04大安區,大安區羅斯福路4段與基隆路4段口,0,0,2,1,C03,8,3,5,50,4,2,1,5,4,5,7,2,1,8,3,5,1,17,1,25,2,7,1,1,7,6,1,10,1,11,,23,23,1,5,1,121.5374197,25.01121126
111,6,13,18,53,2,04大安區,大安區羅斯福路4段與基隆路4段口,0,0,2,2,C03,8,3,5,50,4,2,1,5,4,5,7,2,1,8,3,5,1,17,1,49,2,7,1,1,7,9,1,10,1,14,,23,23,1,5,1,121.5374197,25.01121126
111,6,13,19,0,2,03中山區,中山區南京東路2段90號,0,0,1,1,C03,7,3,5,50,14,9,1,5,4,5,7,4,4,1,4,4,2,13,1,26,2,8,1,4,7,9,1,10,1,11,,16,16,1,22,9,121.5311894,25.05195606
111,6,13,19,0,2,03中山區,中山區南京東路2段90號,0,0,1,2,B01,7,3,5,50,14,9,1,5,4,5,7,4,4,1,4,4,2,13,1,65,3,10,1,4,7,15,1,4,1,7,,42,16,1,22,9,121.5311894,25.05195606
111,6,13,19,0,2,12內湖區,內湖區成功路5段與康湖路口口,0,0,1,1,B03,8,3,5,50,4,1,1,5,4,5,7,2,1,1,4,4,2,12,1,73,3,10,1,1,7,5,1,8,1,5,,44,44,1,22,9,121.6064839,25.08188592
111,6,13,19,0,2,12內湖區,內湖區成功路5段與康湖路口口,0,0,1,2,C03,8,3,5,50,4,1,1,5,4,5,7,2,1,1,4,4,2,12,2,41,2,9,1,1,7,5,1,10,1,14,,8,44,1,22,9,121.6064839,25.08188592
111,6,13,19,5,2,12內湖區,內湖區陽光街321巷與瑞湖街口,0,0,1,1,B03,8,3,5,50,4,1,1,5,4,5,7,2,1,5,5,5,2,16,1,25,3,10,1,1,7,5,1,8,1,4,,8,8,1,22,9,121.5764387,25.07123159
111,6,13,19,5,2,12內湖區,內湖區陽光街321巷與瑞湖街口,0,0,1,2,C03,8,3,5,50,4,1,1,5,4,5,7,2,1,5,5,5,2,16,1,64,2,8,1,1,7,9,1,10,1,12,,44,8,1,22,9,121.5764387,25.07123159
111,6,13,19,12,2,12內湖區,內湖區江南街71巷16弄與江南街71巷口,0,0,1,1,C03,8,3,5,30,3,2,1,5,4,5,7,4,4,5,5,5,2,13,2,40,2,9,1,1,7,9,1,10,1,11,,16,16,1,22,9,121.5783011,25.07583396
111,6,13,19,12,2,12內湖區,內湖區江南街71巷16弄與江南街71巷口,0,0,1,2,B03,8,3,5,30,3,2,1,5,4,5,7,4,4,5,5,5,2,13,2,66,3,10,1,1,7,12,1,8,1,3,,44,16,1,22,9,121.5783011,25.07583396
111,6,13,19,12,2,12內湖區,內湖區江南街71巷16弄與江南街71巷口,0,0,1,3,C03,8,3,5,30,3,2,1,5,4,5,7,4,4,5,5,5,2,13,2,58,3,10,1,1,7,11,1,10,1,15,,10,16,1,22,9,121.5783011,25.07583396
111,6,13,19,42,2,12內湖區,內湖區東湖路與東湖路94巷口,0,0,1,1,B03,7,3,5,50,4,2,1,5,4,5,7,1,1,5,4,5,2,12,2,56,3,10,1,1,7,9,1,8,1,1,,44,44,1,22,9,121.6152297,25.06842808
111,6,13,19,42,2,12內湖區,內湖區東湖路與東湖路94巷口,0,0,1,2,C03,7,3,5,50,4,2,1,5,4,5,7,1,1,5,4,5,2,12,1,48,2,9,1,1,7,14,1,10,1,13,,44,44,1,22,9,121.6152297,25.06842808
111,6,13,19,42,2,12內湖區,內湖區東湖路與東湖路94巷口,0,0,1,3,B03,7,3,5,50,4,2,1,5,4,5,7,1,1,5,4,5,2,12,2,55,3,10,1,1,7,7,1,8,1,4,,7,44,1,22,9,121.6152297,25.06842808
111,6,13,20,0,2,03中山區,中山區龍江路356巷與五常街53巷口,0,0,2,1,H01,8,3,5,30,14,9,1,5,4,5,7,4,4,4,4,5,1,3,2,71,2,9,4,5,8,16,8,20,10,16,,52,52,1,22,9,121.5399006,25.0659633
111,6,13,20,0,2,03中山區,中山區龍江路356巷與五常街53巷口,0,0,2,2,C03,8,3,5,30,14,9,1,5,4,5,7,4,4,4,4,5,1,3,1,34,2,9,1,1,7,9,1,10,9,12,,23,52,1,22,9,121.5399006,25.0659633
111,6,13,20,30,2,12內湖區,內湖區環山路1段與內湖路1段285巷65弄口,0,0,2,1,C03,8,3,5,50,4,1,1,5,4,5,7,1,1,5,4,5,2,16,1,20,2,9,1,1,7,5,3,18,1,12,,6,6,1,22,9,121.5655639,25.08460453
111,6,13,20,30,2,12內湖區,內湖區環山路1段與內湖路1段285巷65弄口,0,0,2,2,B03,8,3,5,50,4,1,1,5,4,5,7,1,1,5,4,5,2,16,1,60,3,10,1,1,7,9,1,8,1,5,,44,6,1,22,9,121.5655639,25.08460453
111,6,13,20,30,2,12內湖區,內湖區環山路1段與內湖路1段285巷65弄口,0,0,2,3,H02,8,3,5,50,4,1,1,5,4,5,7,1,1,5,4,5,2,16,2,20,2,9,1,5,7,21,8,20,10,16,,67,6,1,22,9,121.5655639,25.08460453
111,6,13,20,57,2,08士林區,士林區格致路與凱旋路口,0,0,3,1,C03,8,3,5,40,3,1,1,5,4,5,7,4,4,5,5,5,2,17,1,16,2,9,1,1,7,9,2,18,2,11,,23,23,1,21,8,121.5463858,25.13697325
111,6,13,20,57,2,08士林區,士林區格致路與凱旋路口,0,0,3,2,C03,8,3,5,40,3,1,1,5,4,5,7,4,4,5,5,5,2,17,1,23,2,9,1,1,7,5,1,10,2,14,,2,23,1,21,8,121.5463858,25.13697325
111,6,13,20,57,2,08士林區,士林區格致路與凱旋路口,0,0,3,3,H02,8,3,5,40,3,1,1,5,4,5,7,4,4,5,5,5,2,17,1,23,2,7,4,5,7,20,8,20,10,16,,67,23,1,21,8,121.5463858,25.13697325
111,6,13,21,59,2,08士林區,士林區福林路與福林路254巷口,0,0,1,2,C03,8,3,5,50,4,2,1,5,4,5,7,2,1,9,4,5,1,17,1,24,3,10,1,1,7,6,1,9,1,12,,9,13,1,22,9,121.5346313,25.09789475
111,6,13,21,59,2,08士林區,士林區福林路與福林路254巷口,0,0,1,1,C03,8,3,5,50,4,2,1,5,4,5,7,2,1,9,4,5,1,17,1,19,2,9,1,1,7,9,1,10,1,11,,13,13,1,22,9,121.5346313,25.09789475
111,6,13,22,13,2,04大安區,大安區泰順街38巷與龍泉街口,0,0,2,1,C03,8,3,5,30,4,1,1,5,4,5,3,4,4,10,5,5,1,15,1,29,2,8,1,1,7,9,1,10,1,12,,6,6,1,22,9,121.5294044,25.0245804
111,6,13,22,13,2,04大安區,大安區泰順街38巷與龍泉街口,0,0,2,2,C03,8,3,5,30,4,1,1,5,4,5,3,4,4,10,5,5,1,15,2,23,2,9,1,1,7,9,1,10,1,11,,23,6,1,22,9,121.5294044,25.0245804
111,6,13,23,5,2,04大安區,大安區基隆路3段155巷與無名巷口,0,0,2,1,C03,7,3,5,30,14,9,1,5,4,5,7,4,4,10,5,5,2,16,1,24,2,9,1,3,7,5,1,10,1,11,,6,6,1,22,9,121.5467599,25.01147351
111,6,13,23,5,2,04大安區,大安區基隆路3段155巷與無名巷口,0,0,2,2,C03,7,3,5,30,14,9,1,5,4,5,7,4,4,10,5,5,2,16,1,24,2,9,1,1,7,9,1,10,1,11,,13,6,1,22,9,121.5467599,25.01147351
111,6,13,23,52,2,02萬華區,萬華區中華路2段與中華路2段606巷口口,0,0,2,1,C03,8,1,5,50,4,1,1,5,4,5,7,1,1,10,5,5,2,17,1,19,2,9,3,4,7,1,1,10,1,14,,19,19,1,22,9,121.510126,25.02462512
111,6,13,23,52,2,02萬華區,萬華區中華路2段與中華路2段606巷口口,0,0,2,2,C02,8,1,5,50,4,1,1,5,4,5,7,1,1,10,5,5,2,17,1,45,2,9,3,4,7,9,1,9,1,11,,44,19,1,22,9,121.510126,25.02462512
111,6,14,0,8,2,10文山區,文山區羅斯福路6段159巷與三福街5巷口,0,0,1,1,C03,8,3,5,30,4,1,1,5,4,5,7,3,1,10,5,5,2,15,1,26,2,9,1,1,7,9,1,10,2,11,,6,6,1,22,9,121.5411965,24.9972842
111,6,14,0,8,2,10文山區,文山區羅斯福路6段159巷與三福街5巷口,0,0,1,2,B01,8,3,5,30,4,1,1,5,4,5,7,3,1,10,5,5,2,15,1,61,3,10,1,1,7,9,1,4,2,7,,44,6,1,22,9,121.5411965,24.9972842
111,6,14,1,0,2,12內湖區,內湖區內湖路1段91巷與內湖路1段口,0,0,2,1,C03,8,3,5,50,4,1,1,5,4,5,7,2,1,1,4,4,2,12,1,20,2,9,1,1,7,9,1,10,2,11,,13,13,1,22,9,121.5612416,25.08454195
111,6,14,1,0,2,12內湖區,內湖區內湖路1段91巷與內湖路1段口,0,0,2,2,C03,8,3,5,50,4,1,1,5,4,5,7,2,1,1,4,4,2,12,1,19,2,9,1,1,7,5,1,10,2,13,,26,13,1,22,9,121.5612416,25.08454195
111,6,14,5,15,2,04大安區,大安區辛亥路2段與新生南路3段口,0,0,2,1,C03,8,2,5,50,14,7,1,5,4,5,7,4,4,8,3,4,1,13,1,20,2,9,1,1,7,12,1,10,1,11,,16,16,1,21,8,121.5342032,25.022677