發生年度,發生月,發生日,發生時-Hours,發生分,處理別-編號,區序,肇事地點,死亡人數,2-30日死亡人數,受傷人數,當事人序號,車種,天候,光線,道路類別,速限-速度限制,道路型態,事故位置,路面狀況1,路面狀況2,路面狀況3,道路障礙1,道路障礙2,號誌1,號誌2,車道劃分-分向,車道劃分-分道1,車道劃分-分道2,車道劃分-分道3,事故類型及型態,性別,年齡,受傷程度,主要傷處,安全帽,行動電話,車輛用途,當事者行動狀態,駕駛資格情形,駕駛執照種類,飲酒情形,車輛撞擊部位1,車輛撞擊部位2,肇因碼-個別,肇因碼-主要,個人肇逃否,職業,旅次目的,座標-X,座標-Y
111,6,14,5,15,2,04大安區,大安區辛亥路2段與新生南路3段口,0,0,2,2,C03,8,2,5,50,14,7,1,5,4,5,7,4,4,8,3,4,1,13,2,58,2,9,1,1,7,12,1,10,1,13,,44,16,1,21,8,121.5342032,25.022677
111,6,14,5,50,2,02萬華區,萬華區萬大路與西藏路口,0,0,1,1,B03,8,1,5,50,4,1,1,5,4,5,7,1,1,1,5,5,2,11,1,52,3,10,1,1,7,5,1,8,2,2,,25,25,1,22,9,121.5006176,25.02939359
111,6,14,5,50,2,02萬華區,萬華區萬大路與西藏路口,0,0,1,2,C03,8,1,5,50,4,1,1,5,4,5,7,1,1,1,5,5,2,11,1,50,2,9,1,1,7,9,1,9,2,11,,44,25,1,22,9,121.5006176,25.02939359
111,6,14,6,30,2,05中正區,中正區市民大道2段與林森北路口,0,0,3,1,C03,8,3,5,40,4,2,1,5,4,5,7,1,1,10,3,5,2,13,2,57,2,9,1,1,7,9,1,10,2,11,,16,16,1,22,9,121.5243938,25.0476556
111,6,14,6,30,2,05中正區,中正區市民大道2段與林森北路口,0,0,3,2,C03,8,3,5,40,4,2,1,5,4,5,7,1,1,10,3,5,2,13,2,47,2,9,1,1,7,12,1,10,2,13,,30,16,1,22,9,121.5243938,25.0476556
111,6,14,6,30,2,05中正區,中正區市民大道2段與林森北路口,0,0,3,3,C03,8,3,5,40,4,2,1,5,4,5,7,1,1,10,3,5,2,13,2,27,2,9,1,1,7,9,1,10,2,12,,44,16,1,22,9,121.5243938,25.0476556
111,6,14,6,36,2,02萬華區,萬華區中華路1段與貴陽街2段口,0,0,2,1,C03,8,1,5,50,4,1,1,5,4,5,7,1,1,10,4,5,2,13,1,35,2,9,1,1,7,9,1,10,1,11,,23,23,1,22,9,121.5074872,25.04051563
111,6,14,6,36,2,02萬華區,萬華區中華路1段與貴陽街2段口,0,0,2,2,C03,8,1,5,50,4,1,1,5,4,5,7,1,1,10,4,5,2,13,2,26,2,9,1,1,7,12,1,10,1,13,,44,23,1,22,9,121.5074872,25.04051563
111,6,14,7,9,2,01大同區,大同區哈密街59巷56弄與哈密街59巷38弄口,0,0,1,1,C03,8,1,5,30,4,1,1,5,4,5,7,4,4,10,5,5,2,15,1,66,2,8,1,4,7,9,1,10,1,12,,6,6,1,22,9,121.5145389,25.07537279
111,6,14,7,9,2,01大同區,大同區哈密街59巷56弄與哈密街59巷38弄口,0,0,1,2,B03,8,1,5,30,4,1,1,5,4,5,7,4,4,10,5,5,2,15,2,39,3,10,3,4,7,9,1,8,1,1,,14,6,1,22,9,121.5145389,25.07537279
111,6,14,7,12,2,04大安區,大安區信義路4段與敦化南路2段口,0,0,1,1,B03,8,1,5,50,4,1,1,5,4,5,7,2,1,4,4,5,2,17,2,38,3,10,1,1,7,6,1,8,1,2,,9,9,1,22,9,121.5490685,25.03318385
111,6,14,7,12,2,04大安區,大安區信義路4段與敦化南路2段口,0,0,1,2,C03,8,1,5,50,4,1,1,5,4,5,7,2,1,4,4,5,2,17,2,44,2,9,1,1,7,9,1,10,1,14,,44,9,1,22,9,121.5490685,25.03318385
111,6,14,7,28,2,05中正區,中正區中山南路與信義路1段口,0,0,1,1,B03,8,1,5,50,5,1,1,5,4,5,7,2,1,1,4,1,2,15,2,29,3,10,1,1,7,9,1,8,2,6,,25,25,1,22,9,121.5178743,25.0386489
111,6,14,7,28,2,05中正區,中正區中山南路與信義路1段口,0,0,1,2,C03,8,1,5,50,5,1,1,5,4,5,7,2,1,1,4,1,2,15,1,28,2,9,1,1,7,9,1,9,2,11,,44,25,1,22,9,121.5178743,25.0386489
111,6,14,7,34,2,10文山區,文山區福興路4巷15弄與福興路78巷20弄口,0,0,1,1,B03,8,1,5,30,3,1,1,5,4,5,7,4,4,10,5,5,2,16,1,49,3,10,1,1,7,6,1,8,1,8,,6,6,1,22,9,121.5514798,25.004153
111,6,14,7,34,2,10文山區,文山區福興路4巷15弄與福興路78巷20弄口,0,0,1,2,C03,8,1,5,30,3,1,1,5,4,5,7,4,4,10,5,5,2,16,1,24,2,9,1,1,7,9,1,10,1,12,,42,6,1,22,9,121.5514798,25.004153
111,6,14,7,43,2,03中山區,中山區民權東路1段與中山北路2段口,0,0,2,1,C03,8,1,5,50,4,1,1,5,4,5,7,1,1,1,3,4,1,13,1,40,2,9,1,4,7,9,1,10,1,11,,16,16,1,22,9,121.5228825,25.06266699
111,6,14,7,43,2,03中山區,中山區民權東路1段與中山北路2段口,0,0,2,2,C03,8,1,5,50,4,1,1,5,4,5,7,1,1,1,3,4,1,13,1,29,3,10,1,4,7,9,1,10,1,13,,44,16,1,22,9,121.5228825,25.06266699
111,6,14,7,43,2,03中山區,中山區民權東路1段與中山北路2段口,0,0,2,3,H02,8,1,5,50,4,1,1,5,4,5,7,1,1,1,3,4,1,13,1,7,2,7,1,5,7,17,8,20,10,16,,67,16,1,22,9,121.5228825,25.06266699
111,6,14,7,45,2,12內湖區,內湖區內湖路1段與內湖路1段120巷口口,0,0,2,1,C03,8,1,5,50,4,4,1,5,4,5,7,2,1,1,4,5,2,13,2,24,2,9,1,1,7,9,1,10,1,14,,16,16,1,22,9,121.5633665,25.08322465
111,6,14,7,45,2,12內湖區,內湖區內湖路1段與內湖路1段120巷口口,0,0,2,2,B12,8,1,5,50,4,4,1,5,4,5,7,2,1,1,4,5,2,13,1,58,3,10,1,1,7,12,1,8,1,6,,44,16,1,22,9,121.5633665,25.08322465
111,6,14,7,45,2,12內湖區,內湖區內湖路1段與內湖路1段120巷口口,0,0,2,3,C03,8,1,5,50,4,4,1,5,4,5,7,2,1,1,4,5,2,13,1,23,2,8,1,1,7,9,1,10,1,11,,16,16,1,22,9,121.5633665,25.08322465
111,6,14,7,53,2,04大安區,大安區市民大道3段86號,0,0,1,1,B12,8,1,5,40,14,9,1,5,4,5,7,2,1,1,4,5,2,12,1,41,3,10,3,4,7,9,1,8,1,2,,17,17,1,22,9,121.5333289,25.04520911
111,6,14,7,53,2,04大安區,大安區市民大道3段86號,0,0,1,2,C03,8,1,5,40,14,9,1,5,4,5,7,2,1,1,4,5,2,12,1,61,2,9,3,4,7,9,1,10,1,14,,17,17,1,22,9,121.5333289,25.04520911
111,6,14,8,21,2,06松山區,松山區南京東路5段59巷29弄2號,0,0,1,1,B03,8,1,5,30,14,9,1,5,4,5,7,4,4,10,5,5,2,2,1,58,3,10,3,4,7,9,1,8,1,1,,23,23,1,22,9,121.5596221,25.05302573
111,6,14,8,21,2,06松山區,松山區南京東路5段59巷29弄2號,0,0,1,2,H01,8,1,5,30,14,9,1,5,4,5,7,4,4,10,5,5,2,2,1,43,2,9,4,5,8,16,8,20,10,16,,60,23,1,22,9,121.5596221,25.05302573
111,6,14,8,22,2,06松山區,松山區八德路4段與八德路4段36巷口口,0,0,3,1,C03,8,1,5,50,3,1,1,5,4,5,7,4,4,5,4,5,2,16,1,43,2,9,3,4,7,6,1,9,2,12,,9,9,1,22,9,121.5591198,25.04831286
111,6,14,8,22,2,06松山區,松山區八德路4段與八德路4段36巷口口,0,0,3,2,C03,8,1,5,50,3,1,1,5,4,5,7,4,4,5,4,5,2,16,1,25,2,9,3,4,7,9,1,10,2,11,,14,9,1,22,9,121.5591198,25.04831286
111,6,14,8,22,2,06松山區,松山區八德路4段與八德路4段36巷口口,0,0,3,3,H02,8,1,5,50,3,1,1,5,4,5,7,4,4,5,4,5,2,16,2,25,2,9,3,4,7,21,8,20,10,15,,67,9,1,22,9,121.5591198,25.04831286
111,6,14,8,34,2,06松山區,松山區基隆路1段6號,0,0,1,1,A05,8,1,5,50,15,8,1,5,4,5,7,2,1,1,4,5,2,3,1,47,3,10,1,1,7,6,1,2,2,2,,15,15,1,22,9,121.5701791,25.05110699
111,6,14,8,34,2,06松山區,松山區基隆路1段6號,0,0,1,2,H01,8,1,5,50,15,8,1,5,4,5,7,2,1,1,4,5,2,3,2,72,2,9,4,5,8,16,8,20,10,16,,67,15,1,22,9,121.5701791,25.05110699
111,6,14,8,58,2,02萬華區,萬華區華中橋機車道往新北市,0,0,1,1,,8,1,5,40,14,11,1,5,4,5,7,4,4,9,4,5,2,13,4,,4,11,3,4,7,15,7,19,11,15,,43,43,2,22,9,121.495419,25.01184893
111,6,14,8,58,2,02萬華區,萬華區華中橋機車道往新北市,0,0,1,2,C03,8,1,5,40,14,11,1,5,4,5,7,4,4,9,4,5,2,13,1,28,2,9,1,1,7,12,1,10,1,13,,44,43,1,22,9,121.495419,25.01184893
111,6,14,8,58,2,02萬華區,萬華區華中橋機車道與華中橋往新北市口華中051牌面,0,0,2,1,C03,8,1,7,40,14,11,1,5,4,5,7,4,4,10,5,5,1,13,2,31,2,9,1,4,7,7,1,10,1,11,,23,23,1,22,9,121.4953674,25.01160939
111,6,14,8,58,2,02萬華區,萬華區華中橋機車道與華中橋往新北市口華中051牌面,0,0,2,2,C03,8,1,7,40,14,11,1,5,4,5,7,4,4,10,5,5,1,13,2,47,2,9,1,4,7,9,1,10,1,13,,13,23,1,22,9,121.4953674,25.01160939
111,6,14,9,0,2,01大同區,大同區塔城街2號出口前,0,0,2,1,C03,8,1,5,50,14,9,1,5,4,5,7,4,4,9,4,5,2,12,2,50,2,9,1,1,7,8,1,10,2,12,,7,7,1,22,9,121.5102712,25.04920049
111,6,14,9,0,2,01大同區,大同區塔城街2號出口前,0,0,2,2,C03,8,1,5,50,14,9,1,5,4,5,7,4,4,9,4,5,2,12,1,22,2,9,1,1,7,9,1,10,2,14,,13,7,1,22,9,121.5102712,25.04920049
111,6,14,9,7,2,12內湖區,內湖區康樂街107號,0,0,1,1,B03,8,1,5,50,14,9,1,5,4,5,7,4,4,5,4,5,2,11,2,65,3,10,1,1,7,9,1,8,1,8,,4,4,1,22,9,121.619049,25.07052418
111,6,14,9,7,2,12內湖區,內湖區康樂街107號,0,0,1,2,C03,8,1,5,50,14,9,1,5,4,5,7,4,4,5,4,5,2,11,1,30,2,2,1,1,7,9,1,10,1,11,,44,4,1,22,9,121.619049,25.07052418
111,6,14,9,15,2,07信義區,信義區永吉路469號,0,0,1,1,C03,8,1,5,40,14,9,1,5,4,5,7,4,4,1,4,5,2,17,1,21,3,10,1,1,7,1,1,10,1,13,,19,19,1,22,9,121.5789829,25.0454186
111,6,14,9,15,2,07信義區,信義區永吉路469號,0,0,1,2,C03,8,1,5,40,14,9,1,5,4,5,7,4,4,1,4,5,2,17,2,60,2,9,1,1,7,9,1,10,1,11,,23,19,1,22,9,121.5789829,25.0454186
111,6,14,9,28,2,12內湖區,內湖區大湖街五指幹56附近,0,0,1,1,C03,8,1,5,30,14,9,1,5,4,5,7,4,4,10,5,5,1,2,1,18,3,10,1,1,7,9,1,10,1,11,,23,23,1,22,9,121.6050364,25.09971773
111,6,14,9,28,2,12內湖區,內湖區大湖街五指幹56附近,0,0,1,2,H01,8,1,5,30,14,9,1,5,4,5,7,4,4,10,5,5,1,2,2,65,2,9,4,5,8,16,8,20,1,16,,67,23,1,22,9,121.6050364,25.09971773
111,6,14,9,35,2,08士林區,士林區通河東街1段與和豐街口,0,0,1,1,C03,8,1,5,30,3,1,1,5,4,5,7,4,4,10,5,5,1,11,1,29,2,9,1,1,7,5,1,10,1,11,,8,8,1,22,9,121.5171092,25.08231616
111,6,14,9,35,2,08士林區,士林區通河東街1段與和豐街口,0,0,1,2,B03,8,1,5,30,3,1,1,5,4,5,7,4,4,10,5,5,1,11,2,43,3,10,1,1,7,9,1,8,1,5,,14,8,1,22,9,121.5171092,25.08231616
111,6,14,9,47,2,03中山區,中山區松江路124巷與一江街口,0,0,1,1,C04,8,1,5,30,4,1,1,5,4,5,7,4,4,4,3,5,1,16,2,24,2,9,1,4,7,9,1,10,2,12,,6,6,1,22,9,121.5315211,25.05259321
111,6,14,9,47,2,03中山區,中山區松江路124巷與一江街口,0,0,1,2,B03,8,1,5,30,4,1,1,5,4,5,7,4,4,4,3,5,1,16,1,45,3,10,3,4,7,9,1,8,2,8,,23,6,1,22,9,121.5315211,25.05259321
111,6,14,9,50,2,05中正區,中正區汀州路3段104巷18號前,0,0,1,1,B01,8,1,5,30,3,2,1,5,4,5,7,4,4,10,5,5,2,12,1,69,3,10,1,1,7,14,1,4,1,2,,40,40,1,22,9,121.5343261,25.01258565
111,6,14,9,50,2,05中正區,中正區汀州路3段104巷18號前,0,0,1,3,C03,8,1,5,30,3,2,1,5,4,5,7,4,4,10,5,5,2,12,1,38,3,10,3,4,7,13,7,19,11,15,,44,40,1,22,9,121.5343261,25.01258565
111,6,14,9,50,2,05中正區,中正區汀州路3段104巷18號前,0,0,1,2,C03,8,1,5,30,3,2,1,5,4,5,7,4,4,10,5,5,2,12,2,31,2,9,1,1,7,9,1,10,1,14,,23,40,1,22,9,121.5343261,25.01258565
111,6,14,9,50,2,05中正區,中正區汀州路3段104巷18號前,0,0,1,4,H02,8,1,5,30,3,2,1,5,4,5,7,4,4,10,5,5,2,12,2,75,3,10,4,5,7,19,8,20,10,16,,56,40,1,22,9,121.5343261,25.01258565
111,6,14,9,50,2,11南港區,南港區興華路與重陽路口口,0,0,1,1,B03,8,1,5,50,4,1,1,5,4,5,7,1,1,5,5,5,2,16,1,42,3,10,1,1,7,5,1,8,1,8,,6,6,1,22,9,121.6053375,25.0578843
111,6,14,9,50,2,11南港區,南港區興華路與重陽路口口,0,0,1,2,C03,8,1,5,50,4,1,1,5,4,5,7,1,1,5,5,5,2,16,1,27,2,7,1,1,7,9,1,10,1,14,,13,6,1,22,9,121.6053375,25.0578843
111,6,14,10,1,2,06松山區,松山區迎風河濱公園49C燈桿,0,0,1,1,F01,8,1,8,30,15,22,1,5,4,5,7,4,4,10,4,5,2,29,1,71,2,9,1,1,7,9,8,20,1,16,,23,23,1,22,9,121.5474422,25.07351223
111,6,14,10,1,2,06松山區,松山區迎風河濱公園49C燈桿,0,0,1,2,,8,1,8,30,15,22,1,5,4,5,7,4,4,10,4,5,2,29,3,,,,,,,,,,,,,67,23,1,,,121.5474422,25.07351223
111,6,14,10,12,2,05中正區,中正區辛亥路1段22號,0,0,1,1,B01,8,1,5,40,14,8,1,5,4,5,7,1,1,1,4,4,2,12,1,60,3,10,1,1,7,14,1,4,1,2,,40,40,1,22,9,121.5287298,25.01894216
111,6,14,10,12,2,05中正區,中正區辛亥路1段22號,0,0,1,2,C03,8,1,5,40,14,8,1,5,4,5,7,1,1,1,4,4,2,12,1,44,2,9,1,1,7,9,1,10,1,11,,13,40,1,22,9,121.5287298,25.01894216
111,6,14,10,12,2,05中正區,中正區辛亥路1段22號,0,0,1,3,H02,8,1,5,40,14,8,1,5,4,5,7,1,1,1,4,4,2,12,1,30,3,10,4,5,7,21,8,20,10,15,,60,40,1,22,9,121.5287298,25.01894216
111,6,14,10,13,2,04大安區,大安區羅斯福路3段245號,0,0,1,1,B01,8,1,5,50,14,9,1,5,4,5,7,1,1,8,3,4,1,16,1,66,3,10,1,1,7,8,1,4,1,6,,7,7,1,22,9,121.5298694,25.01920259
111,6,14,10,13,2,04大安區,大安區羅斯福路3段245號,0,0,1,2,C03,8,1,5,50,14,9,1,5,4,5,7,1,1,8,3,4,1,16,2,19,2,9,1,1,7,9,1,10,1,11,,23,7,1,22,9,121.5298694,25.01920259
111,6,14,11,8,2,09北投區,北投區承德路6段雙溪橋(往士林),0,0,1,1,C03,8,1,5,50,14,11,1,5,4,5,7,4,4,8,3,5,2,18,2,37,2,9,1,1,7,9,1,10,1,14,,43,43,1,22,9,121.5130049,25.09830852
111,6,14,11,8,2,09北投區,北投區承德路6段雙溪橋(往士林),0,0,1,2,,8,1,5,50,14,11,1,5,4,5,7,4,4,8,3,5,2,18,3,,,,,,,,,,,,,67,43,1,,,121.5130049,25.09830852
111,6,14,11,10,2,01大同區,大同區環河快速道路與環河快速道路口高架道路燈011前,0,0,1,1,B12,8,1,5,60,14,7,1,5,4,3,7,4,4,10,5,5,2,13,1,23,2,9,1,1,7,9,1,8,2,5,,23,23,1,22,9,121.5078353,25.05569755
111,6,14,11,10,2,01大同區,大同區環河快速道路與環河快速道路口高架道路燈011前,0,0,1,2,B12,8,1,5,60,14,7,1,5,4,3,7,4,4,10,5,5,2,13,1,51,3,10,1,1,7,9,1,1,2,2,,26,23,1,22,9,121.5078353,25.05569755
111,6,14,11,10,2,01大同區,大同區環河快速道路與環河快速道路口高架道路燈011前,0,0,1,3,B12,8,1,5,60,14,7,1,5,4,3,7,4,4,10,5,5,2,13,1,59,3,10,1,1,7,13,1,8,2,7,,44,23,1,22,9,121.5078353,25.05569755
111,6,14,11,15,2,04大安區,大安區基隆路2段134號,0,0,1,1,C03,8,1,5,50,14,9,1,5,4,5,7,4,4,1,3,5,2,12,1,45,2,9,3,4,7,9,1,10,1,14,,23,23,1,22,9,121.5568403,25.02860286
111,6,14,11,15,2,04大安區,大安區基隆路2段134號,0,0,1,2,B03,8,1,5,50,14,9,1,5,4,5,7,4,4,1,3,5,2,12,1,76,3,10,3,4,7,9,1,8,1,6,,14,23,1,22,9,121.5568403,25.02860286
111,6,14,11,20,2,08士林區,士林區士商路與基河路240巷口口,0,0,2,1,C03,8,1,5,50,3,1,1,5,4,3,5,2,1,5,5,5,1,16,1,62,3,10,1,1,4,5,1,10,1,11,,6,6,1,22,9,121.5202076,25.0905549
111,6,14,11,20,2,08士林區,士林區士商路與基河路240巷口口,0,0,2,2,C03,8,1,5,50,3,1,1,5,4,3,5,2,1,5,5,5,1,16,1,42,2,8,1,1,7,9,1,10,1,11,,44,6,1,22,9,121.5202076,25.0905549
111,6,14,11,20,2,08士林區,士林區士商路與基河路240巷口口,0,0,2,3,H02,8,1,5,50,3,1,1,5,4,3,5,2,1,5,5,5,1,16,2,22,2,8,1,1,7,20,8,20,10,15,,67,6,1,22,9,121.5202076,25.0905549
111,6,14,11,30,2,05中正區,中正區重慶南路2段8巷口,0,0,1,1,B02,8,1,5,30,14,9,1,5,4,5,7,4,4,10,5,5,1,16,1,64,3,10,1,1,7,9,1,8,2,1,,23,23,1,22,9,121.5130347,25.03375282
111,6,14,11,30,2,05中正區,中正區重慶南路2段8巷口,0,0,1,2,F01,8,1,5,30,14,9,1,5,4,5,7,4,4,10,5,5,1,16,2,59,2,9,1,1,7,11,8,20,2,16,,11,23,1,22,9,121.5130347,25.03375282
111,6,14,11,49,2,11南港區,南港區昆陽街64號,0,0,1,1,B03,8,1,5,30,14,9,1,5,4,5,7,4,4,9,4,5,2,16,2,43,3,10,1,1,7,11,1,8,2,1,,10,10,1,21,8,121.5930756,25.05248216
111,6,14,11,49,2,11南港區,南港區昆陽街64號,0,0,1,2,C04,8,1,5,30,14,9,1,5,4,5,7,4,4,9,4,5,2,16,1,26,2,8,1,1,7,9,1,11,2,14,,44,10,1,21,8,121.5930756,25.05248216
111,6,14,12,14,2,05中正區,中正區中山南路往北(台大醫院前),0,0,1,2,C03,8,1,5,50,14,9,1,5,4,5,7,4,4,1,4,5,2,13,1,35,2,8,1,1,7,12,1,10,1,13,,44,16,1,2,3,121.5180585,25.039869
111,6,14,12,14,2,05中正區,中正區中山南路往北(台大醫院前),0,0,1,1,C03,8,1,5,50,14,9,1,5,4,5,7,4,4,1,4,5,2,13,1,20,3,10,1,1,7,9,1,10,1,11,,16,16,1,18,5,121.5180585,25.039869
111,6,14,12,39,2,10文山區,文山區新光路2段8號旁(117號燈桿),0,0,1,1,B03,8,1,5,50,14,7,2,5,4,5,7,4,4,5,4,4,2,17,1,47,3,10,3,4,7,15,1,7,2,2,,17,17,1,22,9,121.5739341,24.99454971
111,6,14,12,39,2,10文山區,文山區新光路2段8號旁(117號燈桿),0,0,1,2,C03,8,1,5,50,14,7,2,5,4,5,7,4,4,5,4,4,2,17,2,48,2,9,1,4,7,15,1,10,2,14,,17,17,1,22,9,121.5739341,24.99454971
111,6,14,12,45,2,03中山區,中山區松江路362巷與民權東路2段92巷口,0,0,2,1,B12,8,1,5,30,4,1,1,5,4,5,7,4,4,10,5,5,2,16,1,53,3,10,1,1,7,9,1,8,1,2,,6,6,1,22,9,121.5317285,25.0619696
111,6,14,12,45,2,03中山區,中山區松江路362巷與民權東路2段92巷口,0,0,2,2,C03,8,1,5,30,4,1,1,5,4,5,7,4,4,10,5,5,2,16,1,19,2,9,1,1,7,9,1,10,1,11,,13,6,1,22,9,121.5317285,25.0619696
111,6,14,12,45,2,03中山區,中山區松江路362巷與民權東路2段92巷口,0,0,2,3,H02,8,1,5,30,4,1,1,5,4,5,7,4,4,10,5,5,2,16,2,20,2,9,1,1,7,21,8,20,10,16,,67,6,1,22,9,121.5317285,25.0619696
111,6,14,12,45,2,03中山區,中山區松江路362巷與民權東路2段92巷口,0,0,2,4,B12,8,1,5,30,4,1,1,5,4,5,7,4,4,10,5,5,2,16,4,,4,11,3,4,7,15,7,19,11,15,,38,6,2,22,9,121.5317285,25.0619696
111,6,14,12,47,2,08士林區,士林區重慶北路4段與葫東街口口,0,0,1,1,B03,8,1,5,50,3,2,1,5,4,5,7,2,1,1,2,4,1,16,1,18,3,10,1,1,7,9,3,18,2,4,,25,25,1,22,9,121.512042,25.08393261
111,6,14,12,47,2,08士林區,士林區重慶北路4段與葫東街口口,0,0,1,2,C03,8,1,5,50,3,2,1,5,4,5,7,2,1,1,2,4,1,16,2,47,2,7,1,1,7,9,1,10,2,12,,44,25,1,22,9,121.512042,25.08393261
111,6,14,12,51,2,04大安區,大安區青田街7巷與青田街口,0,0,1,1,B03,8,1,5,30,4,1,1,5,4,5,7,4,4,9,5,5,2,15,1,47,3,10,1,1,7,9,1,8,1,4,,6,6,1,22,9,121.5319716,25.02808198
111,6,14,12,51,2,04大安區,大安區青田街7巷與青田街口,0,0,1,2,C01,8,1,5,30,4,1,1,5,4,5,7,4,4,9,5,5,2,15,1,24,2,9,1,1,7,9,1,9,1,11,,23,6,1,22,9,121.5319716,25.02808198
111,6,14,12,52,2,03中山區,中山區興安街60號,0,0,1,1,B03,8,1,5,50,14,8,1,5,4,5,7,4,4,9,5,4,2,12,1,31,3,10,1,1,7,6,1,8,2,6,,9,9,1,22,9,121.5397026,25.0559763
111,6,14,12,52,2,03中山區,中山區興安街60號,0,0,1,2,C03,8,1,5,50,14,8,1,5,4,5,7,4,4,9,5,4,2,12,1,57,2,9,1,1,7,8,1,10,2,11,,16,9,1,22,9,121.5397026,25.0559763
111,6,14,12,55,2,02萬華區,萬華區華中橋機車道往新北華中031牌面旁,0,0,2,1,C03,8,1,8,40,8,11,1,5,4,5,7,4,4,3,4,3,2,17,1,29,2,9,1,1,7,9,1,10,1,11,,23,23,1,22,9,121.495419,25.01234444
111,6,14,12,55,2,02萬華區,萬華區華中橋機車道往新北華中031牌面旁,0,0,2,2,C03,8,1,8,40,8,11,1,5,4,5,7,4,4,3,4,3,2,17,1,22,2,9,1,1,7,15,1,10,1,13,,44,23,1,22,9,121.495419,25.01234444
111,6,14,13,26,2,03中山區,中山區新生北路2段127巷與吉林路口,0,0,1,1,G03,8,1,5,50,14,9,1,5,4,1,7,4,4,10,5,5,1,14,1,58,3,10,3,4,7,2,7,19,2,15,,12,12,1,22,9,121.5300866,25.05978222
111,6,14,13,26,2,03中山區,中山區新生北路2段127巷與吉林路口,0,0,1,2,C03,8,1,5,50,14,9,1,5,4,1,7,4,4,10,5,5,1,14,2,46,2,8,1,4,7,9,1,10,2,14,,44,12,1,22,9,121.5300866,25.05978222
111,6,14,13,45,2,01大同區,大同區安西街與涼州街口,0,0,1,2,C03,8,1,5,30,4,1,1,5,4,5,7,4,4,5,5,5,2,15,1,25,3,10,1,1,7,9,1,10,1,14,,44,6,1,22,9,121.5099179,25.0605779
111,6,14,13,45,2,01大同區,大同區安西街與涼州街口,0,0,1,1,C03,8,1,5,30,4,1,1,5,4,5,7,4,4,5,5,5,2,15,1,64,2,8,1,1,7,9,1,10,1,11,,6,6,1,22,9,121.5099179,25.0605779
111,6,14,13,51,2,07信義區,信義區中坡南路與中坡南路98巷口口,0,0,1,1,C03,8,1,5,30,5,1,1,5,4,5,7,2,1,9,4,5,1,17,2,39,3,10,3,4,7,6,1,10,1,15,,9,9,1,22,9,121.5849895,25.04081927
111,6,14,13,51,2,07信義區,信義區中坡南路與中坡南路98巷口口,0,0,1,2,C04,8,1,5,30,5,1,1,5,4,5,7,2,1,9,4,5,1,17,2,48,2,8,3,4,7,9,1,10,1,14,,44,9,1,22,9,121.5849895,25.04081927
111,6,14,14,10,2,03中山區,中山區長春路116號,0,0,1,1,C03,8,1,5,40,14,8,1,5,4,5,7,3,1,5,5,4,2,16,2,32,2,8,1,1,7,1,1,10,1,12,,19,19,1,22,9,121.5296183,25.05483556
111,6,14,14,10,2,03中山區,中山區長春路116號,0,0,1,2,B03,8,1,5,40,14,8,1,5,4,5,7,3,1,5,5,4,2,16,2,30,3,10,1,1,7,9,1,8,1,8,,14,19,1,22,9,121.5296183,25.05483556
111,6,14,14,10,2,03中山區,中山區長春路116號,0,0,1,3,C03,8,1,5,40,14,8,1,5,4,5,7,3,1,5,5,4,2,16,2,35,3,10,1,1,7,13,1,10,1,13,,44,19,1,22,9,121.5296183,25.05483556
111,6,14,14,30,2,09北投區,北投區中央北路3段與中央北路3段92巷口,0,0,1,1,C03,8,1,5,50,3,1,1,5,4,5,7,4,4,4,4,5,2,16,2,43,3,10,1,1,7,5,1,10,1,12,,6,6,1,22,9,121.4843223,25.1378662
111,6,14,14,30,2,09北投區,北投區中央北路3段與中央北路3段92巷口,0,0,1,2,C03,8,1,5,50,3,1,1,5,4,5,7,4,4,4,4,5,2,16,2,72,2,7,1,1,7,9,4,11,1,11,,14,6,1,22,9,121.4843223,25.1378662
111,6,14,14,40,2,11南港區,南港區大坑街(舊莊公園),0,0,1,1,C03,8,1,5,50,14,9,1,5,2,5,7,4,4,5,4,5,2,16,1,40,2,8,1,1,7,9,1,10,1,14,,44,44,1,21,8,121.6211431,25.04067329
111,6,14,14,40,2,11南港區,南港區大坑街(舊莊公園),0,0,1,2,B01,8,1,5,50,14,9,1,5,2,5,7,4,4,5,4,5,2,16,1,40,3,10,1,1,7,9,1,4,1,4,,44,44,1,21,8,121.6211431,25.04067329
111,6,14,14,40,2,11南港區,南港區大坑街(舊莊公園),0,0,1,3,,8,1,5,50,14,9,1,5,2,5,7,4,4,5,4,5,2,16,3,,,,,,,,,,,,,61,44,1,,,121.6211431,25.04067329
111,6,14,14,57,2,08士林區,士林區中山北路6段392號,0,0,1,1,C03,8,1,5,50,14,9,1,5,4,5,7,4,4,1,5,5,1,17,2,35,2,9,1,1,7,7,1,10,1,12,,7,7,1,22,9,121.5268281,25.11310179
111,6,14,14,57,2,08士林區,士林區中山北路6段392號,0,0,1,2,B01,8,1,5,50,14,9,1,5,4,5,7,4,4,1,5,5,1,17,1,45,3,10,1,1,7,7,1,4,1,2,,23,7,1,22,9,121.5268281,25.11310179
111,6,14,15,8,2,07信義區,信義區松德路133巷與虎林街202巷口,0,0,2,1,C03,8,1,5,30,4,1,1,5,4,5,7,4,4,10,5,5,2,15,1,39,2,9,1,1,7,9,1,10,1,11,,6,6,1,22,9,121.5752739,25.03705827