發生年度,發生月,發生日,發生時-Hours,發生分,處理別-編號,區序,肇事地點,死亡人數,2-30日死亡人數,受傷人數,當事人序號,車種,天候,光線,道路類別,速限-速度限制,道路型態,事故位置,路面狀況1,路面狀況2,路面狀況3,道路障礙1,道路障礙2,號誌1,號誌2,車道劃分-分向,車道劃分-分道1,車道劃分-分道2,車道劃分-分道3,事故類型及型態,性別,年齡,受傷程度,主要傷處,安全帽,行動電話,車輛用途,當事者行動狀態,駕駛資格情形,駕駛執照種類,飲酒情形,車輛撞擊部位1,車輛撞擊部位2,肇因碼-個別,肇因碼-主要,個人肇逃否,職業,旅次目的,座標-X,座標-Y
111,6,14,15,8,2,07信義區,信義區松德路133巷與虎林街202巷口,0,0,2,2,C03,8,1,5,30,4,1,1,5,4,5,7,4,4,10,5,5,2,15,1,42,2,9,1,1,7,9,1,10,1,14,,14,6,1,22,9,121.5752739,25.03705827
111,6,14,15,17,2,05中正區,中正區中山南路2巷與中山南路口,0,0,1,1,C03,8,1,5,50,3,2,1,5,4,5,7,4,4,1,4,1,2,12,1,76,2,8,1,1,7,7,1,10,2,14,,7,7,1,22,9,121.5192161,25.0448026
111,6,14,15,17,2,05中正區,中正區中山南路2巷與中山南路口,0,0,1,2,B03,8,1,5,50,3,2,1,5,4,5,7,4,4,1,4,1,2,12,1,48,3,10,1,1,7,9,1,8,2,5,,44,7,1,22,9,121.5192161,25.0448026
111,6,14,16,48,2,04大安區,大安區辛亥路3段E81號燈桿,0,0,1,1,C03,8,1,5,50,14,9,1,5,4,5,7,2,1,1,4,5,2,17,1,43,2,7,1,1,7,15,1,10,2,15,,16,16,1,22,9,121.5525647,25.01476327
111,6,14,16,48,2,04大安區,大安區辛亥路3段E81號燈桿,0,0,1,2,B12,8,1,5,50,14,9,1,5,4,5,7,2,1,1,4,5,2,17,1,37,3,10,1,1,7,15,1,8,2,15,,44,16,1,22,9,121.5525647,25.01476327
111,6,14,16,53,2,04大安區,大安區忠孝東路3段與建國南路1段口,0,0,1,1,B03,8,1,5,50,4,1,1,5,4,5,7,1,1,8,3,4,1,12,1,25,3,10,1,1,7,9,1,8,1,5,,16,16,1,22,9,121.5372846,25.04178854
111,6,14,16,53,2,04大安區,大安區忠孝東路3段與建國南路1段口,0,0,1,2,C03,8,1,5,50,4,1,1,5,4,5,7,1,1,8,3,4,1,12,2,32,2,8,1,1,7,3,1,10,1,14,,44,16,1,22,9,121.5372846,25.04178854
111,6,14,17,8,2,03中山區,中山區建國北路2段17號,0,0,1,1,B03,7,1,5,50,14,9,1,5,4,5,7,4,4,1,3,5,1,16,2,47,3,10,3,4,7,14,1,8,2,6,,38,38,1,22,9,121.5370906,25.05421438
111,6,14,17,8,2,03中山區,中山區建國北路2段17號,0,0,1,2,C03,7,1,5,50,14,9,1,5,4,5,7,4,4,1,3,5,1,16,1,22,2,9,1,4,7,9,1,10,2,14,,30,38,1,22,9,121.5370906,25.05421438
111,6,14,17,8,2,03中山區,中山區建國北路2段17號,0,0,1,3,H02,7,1,5,50,14,9,1,5,4,5,7,4,4,1,3,5,1,16,1,46,3,10,4,5,7,19,8,20,10,16,,56,38,1,22,9,121.5370906,25.05421438
111,6,14,17,10,2,01大同區,大同區長安西路與塔城街口,0,0,2,1,C03,8,1,5,50,4,1,1,5,4,5,7,2,1,5,4,5,2,16,1,28,2,8,1,1,7,5,1,10,1,12,,8,8,1,22,9,121.5104337,25.0520235
111,6,14,17,10,2,01大同區,大同區長安西路與塔城街口,0,0,2,2,C03,8,1,5,50,4,1,1,5,4,5,7,2,1,5,4,5,2,16,1,46,2,8,1,1,7,9,6,10,1,11,,26,8,1,22,9,121.5104337,25.0520235
111,6,14,17,17,2,03中山區,中山區龍江路91巷與龍江路口,0,0,1,1,B03,8,1,5,30,4,2,1,5,4,5,7,4,4,8,5,5,1,17,1,50,3,10,1,1,7,5,1,4,1,1,,8,8,1,22,9,121.5404557,25.05128749
111,6,14,17,17,2,03中山區,中山區龍江路91巷與龍江路口,0,0,1,2,C04,8,1,5,30,4,2,1,5,4,5,7,4,4,8,5,5,1,17,1,30,2,7,1,1,7,9,1,10,1,12,,44,8,1,22,9,121.5404557,25.05128749
111,6,14,17,19,2,02萬華區,萬華區堤外便道市民桂林,0,0,2,1,C03,7,1,7,0,14,11,1,5,4,5,7,4,4,4,3,5,1,17,4,,4,11,3,4,7,15,7,19,11,15,,43,43,2,22,9,121.4881965,25.030935
111,6,14,17,19,2,02萬華區,萬華區堤外便道市民桂林,0,0,2,2,C03,7,1,7,0,14,11,1,5,4,5,7,4,4,4,3,5,1,17,1,27,2,9,3,4,7,9,1,10,2,15,,44,43,1,22,9,121.4881965,25.030935
111,6,14,17,19,2,02萬華區,萬華區堤外便道市民桂林,0,0,2,3,H02,7,1,7,0,14,11,1,5,4,5,7,4,4,4,3,5,1,17,2,27,2,9,3,5,7,20,8,20,10,16,,67,43,1,22,9,121.4881965,25.030935
111,6,14,17,50,2,03中山區,中山區松江路133巷與南京東路2段115巷口,0,0,1,1,B01,8,2,5,30,4,1,1,5,4,5,7,4,4,10,5,5,2,15,1,40,3,10,1,1,7,9,1,4,1,8,,6,6,1,22,9,121.5336412,25.0543633
111,6,14,17,50,2,03中山區,中山區松江路133巷與南京東路2段115巷口,0,0,1,2,C03,8,2,5,30,4,1,1,5,4,5,7,4,4,10,5,5,2,15,2,40,2,9,1,1,7,9,1,10,1,11,14,14,6,1,22,9,121.5336412,25.0543633
111,6,14,17,52,2,11南港區,南港區市民大道8段,0,0,2,1,C03,8,2,5,50,14,9,1,5,4,5,7,4,4,9,5,5,2,12,1,28,2,8,1,1,7,6,1,10,1,12,,42,42,1,22,9,121.6109253,25.05387147
111,6,14,17,52,2,11南港區,南港區市民大道8段,0,0,2,2,C03,8,2,5,50,14,9,1,5,4,5,7,4,4,9,5,5,2,12,1,62,2,8,1,1,7,9,1,10,1,14,,44,42,1,22,9,121.6109253,25.05387147
111,6,14,18,1,2,01大同區,大同區民權西路與重慶北路3段口,0,0,1,1,B03,7,1,5,0,14,9,1,5,4,5,7,1,1,9,4,5,1,16,1,57,3,10,3,4,7,6,1,8,1,2,,9,9,1,22,9,121.5135672,25.0631413
111,6,14,18,1,2,01大同區,大同區民權西路與重慶北路3段口,0,0,1,2,C03,7,1,5,0,14,9,1,5,4,5,7,1,1,9,4,5,1,16,1,61,2,7,3,4,7,9,1,10,1,14,,44,9,1,22,9,121.5135672,25.0631413
111,6,14,18,23,2,12內湖區,內湖區瑞光路423號,0,0,1,1,B03,8,3,5,50,14,9,1,5,4,5,7,2,1,5,2,5,2,12,1,46,3,10,1,1,7,5,1,8,1,4,,8,8,1,22,9,121.5711666,25.077819
111,6,14,18,23,2,12內湖區,內湖區瑞光路423號,0,0,1,2,C03,8,3,5,50,14,9,1,5,4,5,7,2,1,5,2,5,2,12,1,22,2,9,1,1,7,9,1,10,1,12,,23,8,1,22,9,121.5711666,25.077819
111,6,14,18,35,2,07信義區,信義區基隆路1段147巷27號,0,0,1,1,C03,8,1,5,30,14,9,1,5,4,5,7,4,4,10,5,5,1,12,2,28,3,10,1,1,7,5,1,10,1,14,,8,8,1,22,9,121.5657789,25.0425453
111,6,14,18,35,2,07信義區,信義區基隆路1段147巷27號,0,0,1,2,C03,8,1,5,30,14,9,1,5,4,5,7,4,4,10,5,5,1,12,1,52,2,9,1,1,7,9,1,10,1,11,,13,8,1,22,9,121.5657789,25.0425453
111,6,14,18,43,2,04大安區,大安區辛亥路1段與泰順街口,0,0,2,1,B03,8,3,5,50,5,1,1,5,4,5,7,2,1,1,4,4,2,15,2,42,3,10,1,1,7,9,1,8,1,5,,25,25,1,22,9,121.531869,25.02168795
111,6,14,18,43,2,04大安區,大安區辛亥路1段與泰順街口,0,0,2,2,C03,8,3,5,50,5,1,1,5,4,5,7,2,1,1,4,4,2,15,1,26,2,9,1,1,7,9,1,10,1,14,,44,25,1,22,9,121.531869,25.02168795
111,6,14,18,43,2,04大安區,大安區辛亥路1段與泰順街口,0,0,2,3,C03,8,3,5,50,5,1,1,5,4,5,7,2,1,1,4,4,2,15,1,42,2,9,1,1,7,9,1,10,1,11,,44,25,1,22,9,121.531869,25.02168795
111,6,14,19,3,2,09北投區,北投區實踐街14號,0,0,2,1,C03,8,3,5,30,14,9,1,5,4,5,7,4,4,9,5,5,2,16,1,65,2,9,1,1,7,9,3,18,1,12,,4,42,1,22,9,121.507869,25.11485449
111,6,14,19,3,2,09北投區,北投區實踐街14號,0,0,2,2,C03,8,3,5,30,14,9,1,5,4,5,7,4,4,9,5,5,2,16,1,26,2,8,1,1,7,5,1,10,1,14,,44,42,1,22,9,121.507869,25.11485449
111,6,14,19,4,2,04大安區,大安區基隆路3段與基隆路3段22巷口,0,0,1,1,C03,8,3,5,50,3,2,1,5,4,5,7,4,4,10,4,5,1,12,1,39,3,10,1,4,7,9,1,10,1,15,,14,14,1,22,9,121.5472466,25.0197948
111,6,14,19,4,2,04大安區,大安區基隆路3段與基隆路3段22巷口,0,0,1,2,C03,8,3,5,50,3,2,1,5,4,5,7,4,4,10,4,5,1,12,2,28,2,9,1,4,7,9,1,10,1,13,,14,14,1,22,9,121.5472466,25.0197948
111,6,14,19,5,2,03中山區,中山區中山北路2段與民權西路口,0,0,1,1,C03,8,3,5,50,4,1,1,5,4,5,7,1,1,1,4,5,2,16,2,27,3,10,1,1,7,8,1,10,1,13,,43,43,1,22,9,121.522512,25.06271248
111,6,14,19,5,2,03中山區,中山區中山北路2段與民權西路口,0,0,1,2,C03,8,3,5,50,4,1,1,5,4,5,7,1,1,1,4,5,2,16,1,40,2,9,1,4,7,9,1,10,1,11,,43,43,1,22,9,121.522512,25.06271248
111,6,14,19,10,2,05中正區,中正區師大路166號,0,0,1,1,B03,8,3,5,50,14,8,1,5,4,5,7,4,4,1,4,4,2,12,1,27,3,10,1,1,7,8,1,8,1,5,,7,7,1,22,9,121.5258989,25.0210127
111,6,14,19,10,2,05中正區,中正區師大路166號,0,0,1,2,C03,8,3,5,50,14,8,1,5,4,5,7,4,4,1,4,4,2,12,1,23,2,9,1,1,7,9,1,10,1,14,,44,7,1,22,9,121.5258989,25.0210127
111,6,14,19,58,2,02萬華區,萬華區中華路1段與南寧路口,0,0,1,1,B03,8,3,5,50,5,1,1,5,4,5,7,2,1,1,5,5,2,16,1,45,3,10,1,1,7,6,1,8,1,5,,9,9,1,22,9,121.5066969,25.03725325
111,6,14,19,58,2,02萬華區,萬華區中華路1段與南寧路口,0,0,1,2,C03,8,3,5,50,5,1,1,5,4,5,7,2,1,1,5,5,2,16,2,53,2,9,1,1,7,9,1,10,1,14,,44,9,1,22,9,121.5066969,25.03725325
111,6,14,21,5,2,10文山區,文山區辛亥路4段與辛亥路4段222巷口,0,0,2,1,C03,8,3,5,50,3,1,1,5,4,5,7,1,1,1,4,5,2,16,2,36,2,7,1,1,7,5,1,10,2,13,,8,8,1,22,9,121.5554452,25.0021951
111,6,14,21,5,2,10文山區,文山區辛亥路4段與辛亥路4段222巷口,0,0,2,2,C03,8,3,5,50,3,1,1,5,4,5,7,1,1,1,4,5,2,16,1,22,2,9,1,1,7,9,1,10,2,11,,14,8,1,22,9,121.5554452,25.0021951
111,6,14,23,0,2,06松山區,松山區敦化北路1號,0,0,1,1,C03,6,3,5,30,14,8,1,4,4,5,7,3,1,1,4,4,2,17,1,28,3,10,1,1,7,1,1,10,1,15,,19,19,1,22,9,121.5492083,25.04965313
111,6,14,23,0,2,06松山區,松山區敦化北路1號,0,0,1,2,C03,6,3,5,30,14,8,1,4,4,5,7,3,1,1,4,4,2,17,1,51,2,8,1,1,7,9,1,10,1,14,,44,19,1,22,9,121.5492083,25.04965313
111,6,14,23,13,2,11南港區,南港區東新街170巷32號,0,0,1,1,B03,6,3,5,50,11,9,1,4,4,5,7,4,4,8,4,5,2,17,1,67,3,10,1,1,7,6,1,8,9,15,,23,23,2,22,9,121.5927285,25.04348466
111,6,14,23,13,2,11南港區,南港區東新街170巷32號,0,0,1,2,C03,6,3,5,50,11,9,1,4,4,5,7,4,4,8,4,5,2,17,1,21,2,9,1,1,7,5,1,10,1,15,,23,23,1,22,9,121.5927285,25.04348466
111,6,14,23,13,2,11南港區,南港區東新街170巷32號,0,0,1,3,B03,6,3,5,50,11,9,1,4,4,5,7,4,4,8,4,5,2,17,1,56,3,10,3,4,7,13,1,8,9,4,,44,23,1,22,9,121.5927285,25.04348466
111,6,14,23,20,2,09北投區,北投區大度路1段與大度路1段口往淡水機車道,0,0,3,1,C03,8,3,5,50,14,12,1,5,4,5,7,4,4,10,5,5,1,13,1,21,2,9,1,4,7,4,1,10,1,11,,16,16,1,22,9,121.4983182,25.12098783
111,6,14,23,20,2,09北投區,北投區大度路1段與大度路1段口往淡水機車道,0,0,3,2,C03,8,3,5,50,14,12,1,5,4,5,7,4,4,10,5,5,1,13,2,22,2,9,1,4,7,9,1,10,1,11,,16,16,1,22,9,121.4983182,25.12098783
111,6,14,23,20,2,09北投區,北投區大度路1段與大度路1段口往淡水機車道,0,0,3,3,C03,8,3,5,50,14,12,1,5,4,5,7,4,4,10,5,5,1,13,1,52,2,9,1,4,7,9,1,10,1,13,,61,16,1,22,9,121.4983182,25.12098783
111,6,15,0,20,2,11南港區,南港區南港路3段130巷與松河街口,0,0,1,1,B03,7,3,5,30,3,1,1,4,4,5,7,4,4,4,3,5,2,17,1,27,3,10,1,1,7,5,1,8,2,1,,6,6,1,22,9,121.5878312,25.05453947
111,6,15,0,20,2,11南港區,南港區南港路3段130巷與松河街口,0,0,1,2,C03,7,3,5,30,3,1,1,4,4,5,7,4,4,4,3,5,2,17,1,22,2,7,1,1,7,9,1,10,2,11,,13,6,1,22,9,121.5878312,25.05453947
111,6,15,0,24,2,02萬華區,萬華區昆明街與開封街2段口,0,0,1,1,B03,8,3,5,50,4,2,1,5,4,5,7,1,1,10,4,5,2,3,1,22,3,10,1,4,7,5,3,18,2,4,,15,15,1,22,9,121.5058448,25.04684199
111,6,15,0,24,2,02萬華區,萬華區昆明街與開封街2段口,0,0,1,2,H01,8,3,5,50,4,2,1,5,4,5,7,1,1,10,4,5,2,3,1,63,2,9,4,4,8,16,8,20,10,16,,67,15,1,22,9,121.5058448,25.04684199
111,6,15,3,7,2,01大同區,大同區太原路與華陰街口,0,0,1,1,B01,7,3,5,30,4,2,1,5,4,5,7,1,1,10,5,5,2,1,1,57,3,10,3,4,7,5,1,4,2,1,,15,15,1,22,9,121.5151443,25.05025467
111,6,15,3,7,2,01大同區,大同區太原路與華陰街口,0,0,1,2,H01,7,3,5,30,4,2,1,5,4,5,7,1,1,10,5,5,2,1,1,65,2,9,4,5,8,16,8,20,10,16,,67,15,1,22,9,121.5151443,25.05025467
111,6,15,3,20,2,10文山區,文山區木新路3段232巷7弄與木新路3段278巷口,0,0,1,1,B12,8,3,5,30,3,1,1,5,4,5,7,4,4,10,5,5,2,10,1,51,3,10,1,1,7,9,1,8,2,5,,23,23,1,22,9,121.5579787,24.9816058
111,6,15,3,20,2,10文山區,文山區木新路3段232巷7弄與木新路3段278巷口,0,0,1,2,C03,8,3,5,30,3,1,1,5,4,5,7,4,4,10,5,5,2,10,1,60,2,9,1,1,7,9,1,10,2,11,,44,23,1,22,9,121.5579787,24.9816058
111,6,15,4,19,2,11南港區,南港區忠孝東路6段與向陽路口,0,0,1,1,C03,8,3,5,50,5,1,1,5,4,5,7,2,1,1,4,5,2,16,2,19,2,8,1,1,7,5,1,10,1,12,,8,8,1,21,8,121.5955487,25.0507431
111,6,15,4,19,2,11南港區,南港區忠孝東路6段與向陽路口,0,0,1,2,C02,8,3,5,50,5,1,1,5,4,5,7,2,1,1,4,5,2,16,1,37,3,10,1,1,7,9,1,9,1,11,,23,8,1,21,8,121.5955487,25.0507431
111,6,15,5,36,2,01大同區,大同區民族西路與環河北路2段口,0,0,1,1,B12,8,1,5,50,3,2,1,5,4,5,7,2,1,4,2,5,2,11,1,64,4,11,3,4,7,15,7,19,11,15,,26,26,2,22,9,121.509223,25.06849515
111,6,15,5,36,2,01大同區,大同區民族西路與環河北路2段口,0,0,1,2,C03,8,1,5,50,3,2,1,5,4,5,7,2,1,4,2,5,2,11,1,64,2,9,1,1,7,6,1,10,9,11,,44,26,1,22,9,121.509223,25.06849515
111,6,15,6,21,2,04大安區,大安區光復南路308巷與延吉街口,0,0,1,1,F01,8,1,5,50,4,2,1,5,4,3,7,4,4,5,5,5,2,15,2,31,2,5,1,1,7,9,8,20,9,16,,6,6,1,22,9,121.5551616,25.038922
111,6,15,6,21,2,04大安區,大安區光復南路308巷與延吉街口,0,0,1,2,B03,8,1,5,50,4,2,1,5,4,3,7,4,4,5,5,5,2,15,2,35,3,10,1,1,7,9,1,8,9,1,,44,6,1,22,9,121.5551616,25.038922
111,6,15,6,21,2,04大安區,大安區光復南路308巷與延吉街口,0,0,1,3,A11,8,1,5,50,4,2,1,5,4,3,7,4,4,5,5,5,2,15,1,32,3,10,3,4,7,13,1,2,9,15,,38,6,1,22,9,121.5551616,25.038922
111,6,15,8,0,2,07信義區,信義區忠孝東路5段236巷68號,0,0,1,1,B03,6,1,5,30,14,9,1,4,4,5,7,4,4,9,4,5,2,17,2,37,3,10,1,1,7,1,1,8,1,15,,19,19,1,22,9,121.5718392,25.03717759
111,6,15,8,0,2,07信義區,信義區忠孝東路5段236巷68號,0,0,1,2,C03,6,1,5,30,14,9,1,4,4,5,7,4,4,9,4,5,2,17,1,35,2,9,1,1,7,9,1,10,1,14,,44,19,1,22,9,121.5718392,25.03717759
111,6,15,8,22,2,02萬華區,萬華區萬大路423巷與萬大路423巷20弄口,0,0,2,1,C04,6,1,5,30,3,2,1,4,4,5,7,4,4,9,5,5,2,16,2,64,2,9,1,1,7,5,1,11,1,11,,6,6,1,22,9,121.4994377,25.02130299
111,6,15,8,22,2,02萬華區,萬華區萬大路423巷與萬大路423巷20弄口,0,0,2,2,C03,6,1,5,30,3,2,1,4,4,5,7,4,4,9,5,5,2,16,1,28,2,9,1,1,7,9,1,10,1,11,,44,6,1,22,9,121.4994377,25.02130299
111,6,15,8,46,2,04大安區,大安區市民大道4段與市民大道4段68巷口,0,0,2,1,C03,6,1,5,40,4,2,1,4,4,5,7,4,4,3,4,5,2,17,1,61,2,7,1,1,7,11,1,10,1,12,,6,6,1,22,9,121.5472455,25.04495143
111,6,15,8,46,2,04大安區,大安區市民大道4段與市民大道4段68巷口,0,0,2,2,C03,6,1,5,40,4,2,1,4,4,5,7,4,4,3,4,5,2,17,1,39,2,9,1,1,7,9,6,10,1,11,,23,6,1,22,9,121.5472455,25.04495143
111,6,15,8,49,2,06松山區,松山區光復北路157號,0,0,1,1,B01,6,1,5,50,14,9,1,4,4,5,7,2,1,9,4,5,2,12,1,47,3,10,1,1,7,11,1,4,1,4,,10,10,1,22,9,121.5557275,25.0554866
111,6,15,8,49,2,06松山區,松山區光復北路157號,0,0,1,2,C03,6,1,5,50,14,9,1,4,4,5,7,2,1,9,4,5,2,12,1,25,2,9,1,1,7,9,1,10,1,11,,13,10,1,22,9,121.5557275,25.0554866
111,6,15,9,0,2,01大同區,大同區環河北路2段161巷與環河北路2段口,0,0,1,2,C03,6,1,5,50,3,2,1,4,4,5,7,4,4,1,4,5,2,17,2,27,2,8,1,1,7,9,1,10,1,14,,42,7,1,22,9,121.5090399,25.0676199
111,6,15,9,0,2,01大同區,大同區環河北路2段161巷與環河北路2段口,0,0,1,1,B12,6,1,5,50,3,2,1,4,4,5,7,4,4,1,4,5,2,17,1,45,4,11,3,4,7,10,7,19,11,15,,7,7,2,22,9,121.5090399,25.0676199
111,6,15,9,12,2,01大同區,大同區萬全街與民生西路171巷口,0,0,2,1,C03,6,1,5,30,4,1,1,4,4,5,7,4,4,10,5,5,2,15,1,54,2,9,1,1,7,9,1,10,1,11,,6,6,1,22,9,121.5167043,25.0580044
111,6,15,9,12,2,01大同區,大同區萬全街與民生西路171巷口,0,0,2,2,C03,6,1,5,30,4,1,1,4,4,5,7,4,4,10,5,5,2,15,1,35,2,8,1,1,7,9,1,10,1,11,,44,6,1,22,9,121.5167043,25.0580044
111,6,15,9,30,2,07信義區,信義區松仁路105號,0,0,1,2,C03,6,1,5,50,14,9,1,4,4,5,7,4,4,1,4,5,2,17,1,19,2,7,1,1,7,9,1,10,1,14,,43,43,1,22,8,121.5685918,25.0351993
111,6,15,9,30,2,07信義區,信義區松仁路105號,0,0,1,1,B01,6,1,5,50,14,9,1,4,4,5,7,4,4,1,4,5,2,17,4,,4,11,3,4,7,15,7,19,11,15,,43,43,2,22,9,121.5685918,25.0351993
111,6,15,10,2,2,10文山區,文山區興隆路4段與興隆路4段109巷口,0,0,1,1,B03,6,1,5,50,14,9,2,4,4,5,7,1,2,1,4,5,2,17,1,57,3,10,3,4,7,9,1,8,1,15,,23,23,1,22,9,121.5608752,24.9866234
111,6,15,10,2,2,10文山區,文山區興隆路4段與興隆路4段109巷口,0,0,1,2,C03,6,1,5,50,14,9,2,4,4,5,7,1,2,1,4,5,2,17,1,35,2,7,1,4,7,9,1,10,1,12,,44,23,1,22,9,121.5608752,24.9866234
111,6,15,10,17,2,06松山區,松山區塔悠路332號,0,0,1,1,B03,6,1,5,50,14,9,1,4,4,5,7,2,1,9,4,1,2,12,1,60,3,10,1,1,7,7,1,8,1,4,,7,7,1,22,9,121.5678439,25.06555777
111,6,15,10,17,2,06松山區,松山區塔悠路332號,0,0,1,2,C03,6,1,5,50,14,9,1,4,4,5,7,2,1,9,4,1,2,12,1,27,2,9,1,1,7,9,1,10,1,12,,44,7,1,22,9,121.5678439,25.06555777
111,6,15,10,21,2,01大同區,大同區民族西路225巷與迪化街2段191巷口,0,0,2,1,C03,6,1,5,30,3,1,1,4,4,5,7,4,4,10,5,5,2,3,2,68,2,8,1,1,7,9,1,10,1,11,,23,23,1,22,9,121.5122625,25.0692695
111,6,15,10,21,2,01大同區,大同區民族西路225巷與迪化街2段191巷口,0,0,2,2,H01,6,1,5,30,3,1,1,4,4,5,7,4,4,10,5,5,2,3,1,35,2,7,4,5,8,16,8,20,10,16,,51,23,1,22,9,121.5122625,25.0692695
111,6,15,10,53,2,05中正區,中正區中山南路與信義路1段口,0,0,1,1,B03,6,1,5,40,16,9,1,4,4,5,7,1,1,10,3,5,2,16,1,60,3,10,1,1,7,8,1,8,2,2,,25,25,1,22,9,121.5178934,25.03843829
111,6,15,10,53,2,05中正區,中正區中山南路與信義路1段口,0,0,1,2,C03,6,1,5,40,16,9,1,4,4,5,7,1,1,10,3,5,2,16,1,28,2,9,1,1,7,9,1,10,2,14,,6,25,1,22,9,121.5178934,25.03843829
111,6,15,10,58,2,04大安區,大安區杭州南路2段與杭州南路2段93巷口,0,0,2,1,C03,6,1,5,50,3,2,1,4,4,5,7,4,4,5,4,5,2,12,2,59,2,9,1,1,7,6,1,10,2,14,,17,17,1,21,8,121.521877,25.02857378
111,6,15,10,58,2,04大安區,大安區杭州南路2段與杭州南路2段93巷口,0,0,2,2,C03,6,1,5,50,3,2,1,4,4,5,7,4,4,5,4,5,2,12,2,25,2,9,1,1,7,9,1,10,2,12,,17,17,1,21,8,121.521877,25.02857378
111,6,15,10,58,2,05中正區,中正區公園路15-3號,0,0,2,1,C03,6,1,5,30,14,9,1,4,4,1,7,4,4,5,4,5,2,16,1,54,2,9,1,1,7,1,1,10,2,14,,19,19,1,22,9,121.5159273,25.0407195
111,6,15,10,58,2,05中正區,中正區公園路15-3號,0,0,2,2,C03,6,1,5,30,14,9,1,4,4,1,7,4,4,5,4,5,2,16,1,26,2,9,1,1,7,9,1,10,2,11,,44,19,1,22,9,121.5159273,25.0407195
111,6,15,11,7,2,11南港區,南港區南港路2段280號,0,0,1,1,B03,6,1,5,50,14,8,1,4,4,5,7,4,4,5,4,4,2,9,1,70,3,10,1,1,7,8,1,8,2,2,,23,23,1,21,8,121.596238,25.05440645
111,6,15,11,7,2,11南港區,南港區南港路2段280號,0,0,1,2,H01,6,1,5,50,14,8,1,4,4,5,7,4,4,5,4,4,2,9,2,44,2,7,4,5,8,16,8,20,10,16,,67,23,1,21,8,121.596238,25.05440645
111,6,15,11,42,2,03中山區,中山區建國北路2段與長春路口,0,0,1,1,B03,6,1,5,50,14,7,1,4,4,5,7,2,1,5,4,4,2,11,2,27,3,10,1,1,7,5,1,8,1,1,,6,6,1,22,9,121.5371121,25.05480948
111,6,15,11,42,2,03中山區,中山區建國北路2段與長春路口,0,0,1,2,C03,6,1,5,50,14,7,1,4,4,5,7,2,1,5,4,4,2,11,1,35,2,9,1,1,7,9,1,10,1,14,,14,6,1,22,9,121.5371121,25.05480948
111,6,15,12,0,2,09北投區,北投區行義路186巷26弄6號轉角旁,0,0,1,1,C03,6,1,5,30,13,9,1,4,4,3,6,4,4,10,5,5,2,10,1,30,2,9,1,1,7,1,1,9,1,11,,19,19,1,22,9,121.5297323,25.1321081
111,6,15,12,0,2,09北投區,北投區行義路186巷26弄6號轉角旁,0,0,1,2,B03,6,1,5,30,13,9,1,4,4,3,6,4,4,10,5,5,2,10,1,32,3,10,1,1,7,9,1,8,1,8,,44,19,1,22,9,121.5297323,25.1321081
111,6,15,12,0,2,09北投區,北投區行義路186巷26弄6號轉角旁,0,0,1,3,B03,6,1,5,30,13,9,1,4,4,3,6,4,4,10,5,5,2,10,1,60,3,10,1,1,7,13,1,8,1,4,,44,19,1,22,9,121.5297323,25.1321081
111,6,15,12,15,2,05中正區,中正區汀州路1段328號前,0,0,1,1,C03,6,1,5,50,14,9,1,4,4,5,7,1,1,5,5,5,2,17,2,42,3,10,1,1,7,5,1,10,1,15,,6,6,1,22,9,121.5124218,25.02655585
111,6,15,12,15,2,05中正區,中正區汀州路1段328號前,0,0,1,2,C03,6,1,5,50,14,9,1,4,4,5,7,1,1,5,5,5,2,17,1,23,2,9,1,1,7,9,1,10,1,14,,42,6,1,22,9,121.5124218,25.02655585
111,6,15,12,51,2,10文山區,文山區木柵路3段燈桿編號030號旁,0,0,2,1,B03,8,1,5,30,14,9,1,5,4,5,7,2,1,9,4,5,2,13,1,44,3,10,1,1,7,1,1,8,1,1,,19,19,1,22,9,121.5708202,24.99057054
111,6,15,12,51,2,10文山區,文山區木柵路3段燈桿編號030號旁,0,0,2,2,C03,8,1,5,30,14,9,1,5,4,5,7,2,1,9,4,5,2,13,2,40,2,9,1,1,7,1,1,10,1,13,,44,19,1,22,9,121.5708202,24.99057054
111,6,15,12,51,2,10文山區,文山區木柵路3段燈桿編號030號旁,0,0,2,3,H02,8,1,5,30,14,9,1,5,4,5,7,2,1,9,4,5,2,13,1,10,2,7,1,5,7,21,8,20,10,15,,67,19,1,22,9,121.5708202,24.99057054
111,6,15,13,0,2,10文山區,文山區木新路3段155巷7號(力行國小後門),0,0,1,1,C03,6,1,5,30,15,9,1,4,4,5,7,4,4,10,5,5,2,18,2,67,2,9,3,4,7,9,1,10,9,14,,42,42,1,22,9,121.5608224,24.980137
111,6,15,13,0,2,10文山區,文山區木新路3段155巷7號(力行國小後門),0,0,1,2,,6,1,5,30,15,9,1,4,4,5,7,4,4,10,5,5,2,18,3,,,,,,,,,,,,,67,42,1,,,121.5608224,24.980137
111,6,15,13,50,2,10文山區,文山區下崙路與光輝路口,0,0,1,1,C03,6,1,5,50,4,2,1,4,4,5,7,4,4,9,4,5,1,15,1,20,2,9,1,1,7,9,1,10,1,11,,6,6,1,22,9,121.5535544,24.9873159
111,6,15,13,50,2,10文山區,文山區下崙路與光輝路口,0,0,1,2,B03,6,1,5,50,4,2,1,4,4,5,7,4,4,9,4,5,1,15,1,42,3,10,1,1,7,9,1,8,1,8,,23,6,1,22,9,121.5535544,24.9873159