發生年度,發生月,發生日,發生時-Hours,發生分,處理別-編號,區序,肇事地點,死亡人數,2-30日死亡人數,受傷人數,當事人序號,車種,天候,光線,道路類別,速限-速度限制,道路型態,事故位置,路面狀況1,路面狀況2,路面狀況3,道路障礙1,道路障礙2,號誌1,號誌2,車道劃分-分向,車道劃分-分道1,車道劃分-分道2,車道劃分-分道3,事故類型及型態,性別,年齡,受傷程度,主要傷處,安全帽,行動電話,車輛用途,當事者行動狀態,駕駛資格情形,駕駛執照種類,飲酒情形,車輛撞擊部位1,車輛撞擊部位2,肇因碼-個別,肇因碼-主要,個人肇逃否,職業,旅次目的,座標-X,座標-Y
111,6,15,13,58,2,05中正區,中正區中華路2段與南海路口,0,0,1,1,B01,6,1,5,50,4,1,1,4,4,5,7,1,1,5,4,5,2,2,1,47,4,11,3,4,7,15,7,19,11,15,,15,15,2,22,9,121.5070301,25.0268892
111,6,15,13,58,2,05中正區,中正區中華路2段與南海路口,0,0,1,2,H01,6,1,5,50,4,1,1,4,4,5,7,1,1,5,4,5,2,2,2,63,2,9,4,5,8,20,8,20,10,16,,52,15,1,22,9,121.5070301,25.0268892
111,6,15,14,7,2,04大安區,大安區復興南路2段84號,0,0,2,1,C03,6,1,5,50,14,9,1,4,4,5,7,4,4,1,4,5,2,13,1,21,2,9,1,1,7,9,1,10,1,11,,16,16,1,22,9,121.5434304,25.03085796
111,6,15,14,7,2,04大安區,大安區復興南路2段84號,0,0,2,2,C03,6,1,5,50,14,9,1,4,4,5,7,4,4,1,4,5,2,13,1,21,2,9,1,1,7,9,1,10,1,13,,44,16,1,22,9,121.5434304,25.03085796
111,6,15,14,7,2,04大安區,大安區復興南路2段84號,0,0,2,3,B03,6,1,5,50,14,9,1,4,4,5,7,4,4,1,4,5,2,13,1,45,3,10,1,1,7,8,1,8,1,15,,7,16,1,22,9,121.5434304,25.03085796
111,6,15,14,7,2,04大安區,大安區復興南路2段84號,0,0,2,4,A12,6,1,5,50,14,9,1,4,4,5,7,4,4,1,4,5,2,13,1,53,3,10,1,1,7,14,1,3,1,15,,38,16,1,22,9,121.5434304,25.03085796
111,6,15,15,25,2,10文山區,文山區指南路2段149號前,0,0,1,1,B03,6,1,5,50,14,9,1,4,4,5,7,3,1,4,5,5,2,17,1,62,3,10,1,4,7,9,1,8,1,15,,23,23,1,22,9,121.5772123,24.9873964
111,6,15,15,25,2,10文山區,文山區指南路2段149號前,0,0,1,2,C03,6,1,5,50,14,9,1,4,4,5,7,3,1,4,5,5,2,17,1,37,2,9,1,1,7,9,1,10,1,15,,23,23,1,22,9,121.5772123,24.9873964
111,6,15,15,30,2,01大同區,大同區重慶北路2段與保安街口,0,0,2,1,C03,6,1,5,50,4,1,1,4,4,5,7,2,1,1,4,5,2,13,2,27,2,8,1,4,7,9,1,10,1,11,,23,23,1,22,9,121.5135681,25.0592374
111,6,15,15,30,2,01大同區,大同區重慶北路2段與保安街口,0,0,2,2,C03,6,1,5,50,4,1,1,4,4,5,7,2,1,1,4,5,2,13,1,47,2,8,1,4,7,7,1,9,1,13,,7,23,1,22,9,121.5135681,25.0592374
111,6,15,15,40,2,01大同區,大同區錦西街38巷與錦西街口,0,0,2,1,C03,6,2,5,50,3,1,1,4,4,5,7,1,1,9,4,5,1,11,1,51,2,9,3,4,7,5,1,10,1,12,,6,6,1,22,9,121.5203407,25.06033106
111,6,15,15,40,2,01大同區,大同區錦西街38巷與錦西街口,0,0,2,2,C03,6,2,5,50,3,1,1,4,4,5,7,1,1,9,4,5,1,11,2,19,2,9,3,4,7,9,3,18,1,11,,44,6,1,22,9,121.5203407,25.06033106
111,6,15,15,53,2,04大安區,大安區光復南路408號,0,0,1,1,B01,6,1,5,50,14,9,1,4,4,5,7,4,4,1,4,5,2,17,1,54,3,10,1,1,7,1,1,4,2,4,,19,19,1,22,9,121.5574823,25.0365303
111,6,15,15,53,2,04大安區,大安區光復南路408號,0,0,1,2,C03,6,1,5,50,14,9,1,4,4,5,7,4,4,1,4,5,2,17,1,23,2,9,1,1,7,9,1,10,2,11,,44,19,1,22,9,121.5574823,25.0365303
111,6,15,16,0,2,04大安區,大安區復興南路1段與仁愛路3段123巷9弄口,0,0,1,1,A12,6,1,5,30,3,1,1,4,4,5,7,4,4,8,3,4,1,17,1,57,4,11,3,4,7,15,7,19,11,15,,6,6,2,22,9,121.5436412,25.03903126
111,6,15,16,0,2,04大安區,大安區復興南路1段與仁愛路3段123巷9弄口,0,0,1,2,C03,6,1,5,30,3,1,1,4,4,5,7,4,4,8,3,4,1,17,1,26,2,9,1,1,7,9,1,10,1,15,,14,6,1,22,9,121.5436412,25.03903126
111,6,15,16,20,2,05中正區,中正區汀州路2段與廈門街口,0,0,2,1,C03,6,1,5,50,4,1,1,4,4,3,6,2,1,5,4,5,2,16,1,29,2,7,1,1,7,5,1,10,1,11,,8,8,1,22,9,121.5174195,25.0254652
111,6,15,16,20,2,05中正區,中正區汀州路2段與廈門街口,0,0,2,2,C03,6,1,5,50,4,1,1,4,4,3,6,2,1,5,4,5,2,16,1,50,2,7,1,1,7,9,1,10,1,11,,44,8,1,22,9,121.5174195,25.0254652
111,6,15,16,30,2,07信義區,信義區松仁路與松高路口口,0,0,2,1,B01,6,1,5,50,4,1,1,4,4,5,7,2,1,1,4,4,1,12,1,62,3,10,1,1,7,6,1,8,1,5,,9,9,1,22,9,121.5685182,25.0390693
111,6,15,16,30,2,07信義區,信義區松仁路與松高路口口,0,0,2,3,C03,6,1,5,50,4,1,1,4,4,5,7,2,1,1,4,4,1,12,2,46,2,9,1,1,7,14,1,10,1,14,,44,9,1,22,9,121.5685182,25.0390693
111,6,15,16,30,2,07信義區,信義區松仁路與松高路口口,0,0,2,2,C03,6,1,5,50,4,1,1,4,4,5,7,2,1,1,4,4,1,12,1,25,2,9,1,1,7,9,1,10,1,14,,44,9,1,22,9,121.5685182,25.0390693
111,6,15,17,0,2,11南港區,南港區松河街469號停車格號,0,0,2,1,C03,7,1,5,40,14,9,1,4,4,5,7,4,4,4,3,5,2,17,2,41,2,8,3,4,7,1,1,10,2,15,,19,19,1,22,9,121.5985616,25.05824659
111,6,15,17,0,2,11南港區,南港區松河街469號停車格號,0,0,2,2,C03,7,1,5,40,14,9,1,4,4,5,7,4,4,4,3,5,2,17,2,47,2,9,3,4,7,9,1,10,2,15,,23,19,1,22,9,121.5985616,25.05824659
111,6,15,17,0,2,11南港區,南港區松河街469號停車格號,0,0,2,3,B01,7,1,5,40,14,9,1,4,4,5,7,4,4,4,3,5,2,17,1,57,3,10,3,4,7,14,1,8,2,15,,44,19,1,22,9,121.5985616,25.05824659
111,6,15,17,7,2,12內湖區,內湖區民權東路6段276號,0,0,1,1,C03,6,1,5,50,14,7,1,4,4,5,7,4,4,1,4,4,2,13,1,27,2,9,1,1,7,9,1,10,1,11,,23,23,1,22,9,121.6047818,25.07195027
111,6,15,17,7,2,12內湖區,內湖區民權東路6段276號,0,0,1,2,B12,6,1,5,50,14,7,1,4,4,5,7,4,4,1,4,4,2,13,1,52,3,10,1,1,7,9,1,8,1,6,,44,23,1,22,9,121.6047818,25.07195027
111,6,15,17,13,2,10文山區,文山區木新路3段181號與木新路3段183巷口,0,0,1,1,B03,6,1,5,50,3,1,1,4,4,5,7,4,4,9,4,5,2,16,1,39,3,10,1,1,7,5,1,8,1,5,,8,8,1,22,9,121.5602654,24.98156189
111,6,15,17,13,2,10文山區,文山區木新路3段181號與木新路3段183巷口,0,0,1,2,C03,6,1,5,50,3,1,1,4,4,5,7,4,4,9,4,5,2,16,1,25,2,9,1,1,7,9,1,10,1,11,,6,8,1,22,9,121.5602654,24.98156189
111,6,15,17,15,2,09北投區,北投區承德路7段139號,0,0,1,1,B12,6,1,5,60,14,8,1,4,4,5,7,4,4,1,4,4,2,16,1,40,3,10,1,1,7,6,1,8,1,2,,9,9,1,22,9,121.5087726,25.1126695
111,6,15,17,15,2,09北投區,北投區承德路7段139號,0,0,1,2,C03,6,1,5,60,14,8,1,4,4,5,7,4,4,1,4,4,2,16,1,25,2,9,1,1,7,9,1,9,1,14,,44,9,1,22,9,121.5087726,25.1126695
111,6,15,17,30,2,08士林區,士林區中山北路6段與士東路口,0,0,1,1,B03,8,1,5,50,3,2,1,5,4,5,7,2,1,1,4,5,1,16,2,42,3,10,3,4,7,11,1,8,1,5,,10,10,1,22,9,121.5259455,25.1117817
111,6,15,17,30,2,08士林區,士林區中山北路6段與士東路口,0,0,1,2,C03,8,1,5,50,3,2,1,5,4,5,7,2,1,1,4,5,1,16,2,24,2,9,3,4,7,9,1,10,1,11,,44,10,1,22,9,121.5259455,25.1117817
111,6,15,17,39,2,01大同區,大同區延平北路2段與民權西路口,0,0,2,1,C03,6,3,5,40,4,1,1,4,4,5,7,2,1,9,4,5,1,17,1,46,2,9,1,1,7,9,1,10,1,14,,13,13,1,22,9,121.5110876,25.06283475
111,6,15,17,39,2,01大同區,大同區延平北路2段與民權西路口,0,0,2,2,C03,6,3,5,40,4,1,1,4,4,5,7,2,1,9,4,5,1,17,1,37,2,9,1,1,7,9,1,10,1,14,,42,13,1,22,9,121.5110876,25.06283475
111,6,15,17,48,2,03中山區,中山區市民大道3段與新生北路1段口,0,0,2,1,C03,7,1,5,40,4,1,1,4,4,5,7,1,1,1,3,5,2,16,1,23,3,10,3,4,7,6,1,10,1,13,,9,9,1,22,9,121.5309499,25.04611641
111,6,15,17,48,2,03中山區,中山區市民大道3段與新生北路1段口,0,0,2,2,C03,7,1,5,40,4,1,1,4,4,5,7,1,1,1,3,5,2,16,1,25,2,9,3,4,7,9,1,10,1,15,,13,9,1,22,9,121.5309499,25.04611641
111,6,15,17,48,2,03中山區,中山區市民大道3段與新生北路1段口,0,0,2,3,H02,7,1,5,40,4,1,1,4,4,5,7,1,1,1,3,5,2,16,2,25,2,9,4,5,7,17,8,20,10,15,,67,9,1,22,9,121.5309499,25.04611641
111,6,15,18,10,2,10文山區,文山區秀明路1段31號對面,0,0,1,1,B03,8,1,5,50,14,9,1,4,4,5,7,4,4,5,5,5,2,16,1,54,3,10,1,4,7,8,1,8,1,2,,43,43,1,22,9,121.5643879,24.98948254
111,6,15,18,10,2,10文山區,文山區秀明路1段31號對面,0,0,1,2,C03,8,1,5,50,14,9,1,4,4,5,7,4,4,5,5,5,2,16,2,23,2,9,1,1,7,9,1,10,1,14,,43,43,1,22,9,121.5643879,24.98948254
111,6,15,18,40,2,11南港區,南港區研究院路2段27號,0,0,1,1,C03,6,3,5,50,14,9,1,4,4,5,7,1,1,3,3,5,2,12,2,28,2,8,1,1,7,9,1,10,1,11,,16,16,1,22,9,121.6151878,25.04618563
111,6,15,18,40,2,11南港區,南港區研究院路2段27號,0,0,1,2,B01,6,3,5,50,14,9,1,4,4,5,7,1,1,3,3,5,2,12,1,66,3,10,1,1,7,8,1,4,1,15,,7,16,1,22,9,121.6151878,25.04618563
111,6,15,18,40,2,11南港區,南港區研究院路2段27號,0,0,1,3,B03,6,3,5,50,14,9,1,4,4,5,7,1,1,3,3,5,2,12,1,23,3,10,1,1,7,9,1,8,1,3,,23,16,1,22,9,121.6151878,25.04618563
111,6,15,19,0,2,08士林區,士林區通河東街1段與三腳渡堤外停車場口三腳渡堤外便道,0,0,1,1,B12,7,3,5,30,3,2,1,4,4,5,7,4,4,10,5,5,2,17,1,49,3,10,1,1,7,5,1,8,1,1,,6,6,1,22,9,121.5170015,25.08167675
111,6,15,19,0,2,08士林區,士林區通河東街1段與三腳渡堤外停車場口三腳渡堤外便道,0,0,1,2,F01,7,3,5,30,3,2,1,4,4,5,7,4,4,10,5,5,2,17,1,40,2,9,1,1,7,9,8,20,1,16,,42,6,1,22,9,121.5170015,25.08167675
111,6,15,19,0,2,12內湖區,內湖區陽光街68巷與陽光街92巷口,0,0,1,1,B03,8,3,5,30,4,1,1,5,4,5,7,4,4,10,4,5,2,16,1,51,3,10,1,1,7,5,1,8,11,8,,23,23,1,22,9,121.5852337,25.07651005
111,6,15,19,0,2,12內湖區,內湖區陽光街68巷與陽光街92巷口,0,0,1,2,C03,8,3,5,30,4,1,1,5,4,5,7,4,4,10,4,5,2,16,1,38,2,9,1,1,7,14,1,10,11,11,,44,23,1,22,9,121.5852337,25.07651005
111,6,15,19,5,2,12內湖區,內湖區民權東路6段與民權東路6段120巷口,0,0,1,1,C03,6,3,5,50,3,2,1,4,4,5,7,4,4,1,4,4,1,17,1,41,3,10,3,4,7,6,1,10,1,13,,6,6,1,22,9,121.5873021,25.0688711
111,6,15,19,5,2,12內湖區,內湖區民權東路6段與民權東路6段120巷口,0,0,1,2,C03,6,3,5,50,3,2,1,4,4,5,7,4,4,1,4,4,1,17,1,27,2,7,3,4,7,9,1,10,1,11,,23,6,1,22,9,121.5873021,25.0688711
111,6,15,19,17,2,07信義區,信義區松壽路13號旁,0,0,2,1,C03,7,3,5,50,14,9,1,4,4,5,7,2,1,1,3,5,1,13,1,20,2,9,1,1,7,9,1,10,1,11,,16,16,1,22,9,121.5683071,25.0360559
111,6,15,19,17,2,07信義區,信義區松壽路13號旁,0,0,2,2,B03,7,3,5,50,14,9,1,4,4,5,7,2,1,1,3,5,1,13,1,42,3,10,3,4,7,12,1,8,1,6,,44,16,1,22,9,121.5683071,25.0360559
111,6,15,19,17,2,07信義區,信義區松壽路13號旁,0,0,2,3,H02,7,3,5,50,14,9,1,4,4,5,7,2,1,1,3,5,1,13,2,20,2,4,1,1,7,20,8,20,10,16,,67,16,1,22,9,121.5683071,25.0360559
111,6,15,19,46,2,08士林區,士林區大南路與大南路285巷口,0,0,1,1,B03,7,3,5,50,4,1,1,5,4,5,7,2,1,5,5,5,2,16,1,47,3,10,1,1,7,5,1,8,1,4,,8,8,1,22,9,121.5190517,25.08876364
111,6,15,19,46,2,08士林區,士林區大南路與大南路285巷口,0,0,1,2,C03,7,3,5,50,4,1,1,5,4,5,7,2,1,5,5,5,2,16,1,45,2,9,1,1,7,9,1,10,1,12,,44,8,1,22,9,121.5190517,25.08876364
111,6,15,20,11,2,02萬華區,萬華區西園路2段與莒光路口,0,0,1,3,C03,8,3,5,50,3,1,1,5,4,5,7,1,1,1,4,5,1,17,1,50,3,10,1,1,7,1,1,9,1,15,,19,16,1,22,9,121.4968563,25.03100913
111,6,15,20,11,2,02萬華區,萬華區西園路2段與莒光路口,0,0,1,2,B02,8,3,5,50,3,1,1,5,4,5,7,1,1,1,4,5,1,17,1,49,3,10,1,1,7,6,1,8,1,7,,9,16,1,22,9,121.4968563,25.03100913
111,6,15,20,11,2,02萬華區,萬華區西園路2段與莒光路口,0,0,1,1,C03,8,3,5,50,3,1,1,5,4,5,7,1,1,1,4,5,1,17,2,60,2,7,1,1,7,9,1,10,1,12,,16,16,1,22,9,121.4968563,25.03100913
111,6,15,20,36,2,08士林區,士林區承德路4段與通河街口,0,0,3,1,C03,7,3,5,50,4,1,1,5,4,5,7,2,1,5,4,5,1,16,1,24,3,10,1,1,7,6,1,10,1,13,,9,9,1,21,8,121.5222191,25.0802188
111,6,15,20,36,2,08士林區,士林區承德路4段與通河街口,0,0,3,2,C03,7,3,5,50,4,1,1,5,4,5,7,2,1,5,4,5,1,16,2,41,2,9,1,1,7,9,1,10,1,11,,44,9,1,21,8,121.5222191,25.0802188
111,6,15,20,36,2,08士林區,士林區承德路4段與通河街口,0,0,3,3,C03,7,3,5,50,4,1,1,5,4,5,7,2,1,5,4,5,1,16,2,20,2,8,1,1,7,5,1,10,1,12,,44,9,1,21,8,121.5222191,25.0802188
111,6,15,20,36,2,08士林區,士林區承德路4段與通河街口,0,0,3,4,H02,7,3,5,50,4,1,1,5,4,5,7,2,1,5,4,5,1,16,1,9,2,9,1,1,7,17,8,20,10,16,,67,9,1,21,8,121.5222191,25.0802188
111,6,15,22,54,2,03中山區,中山區中山北路3段與民族東路口,0,0,1,1,B03,8,3,5,50,4,1,1,5,4,5,7,1,1,1,4,5,2,16,1,51,3,10,2,4,7,6,3,18,1,2,,9,9,1,22,9,121.5229526,25.06837586
111,6,15,22,54,2,03中山區,中山區中山北路3段與民族東路口,0,0,1,2,C03,8,3,5,50,4,1,1,5,4,5,7,1,1,1,4,5,2,16,1,62,2,9,1,4,7,9,6,18,1,11,,23,9,1,22,9,121.5229526,25.06837586
111,6,15,23,20,2,03中山區,中山區五常街53巷與龍江路356巷口,0,0,1,1,C03,7,3,5,50,4,1,1,5,4,5,3,4,4,10,5,5,2,16,1,22,2,9,1,4,7,9,1,10,1,12,,6,6,1,22,9,121.5396284,25.06598813
111,6,15,23,20,2,03中山區,中山區五常街53巷與龍江路356巷口,0,0,1,2,B01,7,3,5,50,4,1,1,5,4,5,3,4,4,10,5,5,2,16,1,57,3,10,1,4,7,9,1,4,1,1,,26,6,1,10,9,121.5396284,25.06598813
111,6,15,23,43,2,02萬華區,萬華區中華路2段602號,0,0,1,1,C03,7,3,5,50,14,9,1,5,4,5,7,4,4,5,4,5,2,13,1,18,2,9,1,1,7,9,1,10,1,11,,23,23,1,22,9,121.5100498,25.02442218
111,6,15,23,43,2,02萬華區,萬華區中華路2段602號,0,0,1,2,B03,7,3,5,50,14,9,1,5,4,5,7,4,4,5,4,5,2,13,1,18,3,10,1,1,7,13,1,8,1,7,,38,23,1,22,9,121.5100498,25.02442218
111,6,16,0,50,2,12內湖區,內湖區民權東路6段與行愛路口,0,0,1,1,B01,8,3,5,50,4,1,1,5,4,5,7,1,1,1,4,5,2,16,1,59,3,10,1,1,7,6,1,4,2,5,,26,26,1,22,9,121.5785581,25.06662402
111,6,16,0,50,2,12內湖區,內湖區民權東路6段與行愛路口,0,0,1,2,B01,8,3,5,50,4,1,1,5,4,5,7,1,1,1,4,5,2,16,1,67,2,9,1,1,7,9,1,4,2,4,,44,26,1,22,9,121.5785581,25.06662402
111,6,16,3,55,2,08士林區,士林區至善路2段至善幹13 B6855 HA13,0,0,1,1,C03,7,3,5,50,14,9,1,4,4,5,7,4,4,1,4,5,1,12,1,34,2,9,1,1,7,15,6,10,7,12,,21,21,1,21,8,121.5544949,25.10336567
111,6,16,3,55,2,08士林區,士林區至善路2段至善幹13 B6855 HA13,0,0,1,2,B03,7,3,5,50,14,9,1,4,4,5,7,4,4,1,4,5,1,12,1,59,3,10,3,4,7,13,1,8,9,7,,44,21,1,21,8,121.5544949,25.10336567
111,6,16,7,0,2,09北投區,北投區西安街2段335號,0,0,1,1,C03,6,1,5,50,14,9,1,4,4,5,7,4,4,10,4,5,2,18,2,55,2,9,1,1,7,9,1,10,1,11,,42,42,1,22,9,121.505734,25.1206656
111,6,16,7,0,2,09北投區,北投區西安街2段335號,0,0,1,2,,6,1,5,50,14,9,1,4,4,5,7,4,4,10,4,5,2,18,3,,,,,,,,,,,,,67,42,1,,,121.505734,25.1206656
111,6,16,7,17,2,01大同區,大同區重慶北路2段與南京西路口,0,0,1,1,C03,7,2,5,50,4,1,1,5,4,5,7,1,1,1,4,5,2,15,1,28,2,7,1,1,7,9,1,10,2,11,,25,25,1,22,9,121.5143241,25.05410926
111,6,16,7,17,2,01大同區,大同區重慶北路2段與南京西路口,0,0,1,2,B03,7,2,5,50,4,1,1,5,4,5,7,1,1,1,4,5,2,15,1,39,3,10,1,1,7,9,1,4,2,4,,25,25,1,22,9,121.5143241,25.05410926
111,6,16,8,41,2,02萬華區,萬華區西園路2段11巷與西園路2段13巷口,0,0,2,1,C03,6,1,5,30,4,1,1,4,4,5,7,4,4,10,5,5,2,15,2,27,2,9,1,1,7,9,1,10,1,11,,6,6,1,22,9,121.4981518,25.03221815
111,6,16,8,41,2,02萬華區,萬華區西園路2段11巷與西園路2段13巷口,0,0,2,2,C03,6,1,5,30,4,1,1,4,4,5,7,4,4,10,5,5,2,15,1,27,2,9,1,1,7,9,1,10,1,11,,14,6,1,22,9,121.4981518,25.03221815
111,6,16,8,43,2,09北投區,北投區中央北路4段與自立路口,0,0,1,1,B03,6,1,5,50,14,9,1,4,4,5,7,4,4,9,4,5,2,12,1,42,3,10,1,1,7,7,1,8,1,2,,23,23,1,22,9,121.4655793,25.1257993
111,6,16,8,43,2,09北投區,北投區中央北路4段與自立路口,0,0,1,2,C04,6,1,5,50,14,9,1,4,4,5,7,4,4,9,4,5,2,12,2,67,2,9,1,1,7,9,1,8,1,14,,17,23,1,22,9,121.4655793,25.1257993
111,6,16,8,52,2,12內湖區,內湖區內湖路1段608號,0,0,1,1,C03,7,1,5,50,14,9,1,4,4,5,7,4,4,1,4,5,2,12,1,19,2,7,1,1,7,7,1,10,1,14,,17,17,1,22,9,121.5785351,25.07865932
111,6,16,8,52,2,12內湖區,內湖區內湖路1段608號,0,0,1,2,B03,7,1,5,50,14,9,1,4,4,5,7,4,4,1,4,5,2,12,1,31,3,10,1,1,7,9,1,8,1,5,,17,17,1,22,9,121.5785351,25.07865932
111,6,16,8,55,2,05中正區,中正區重慶南路3段168號與重慶南路3段174巷附近口,0,0,2,1,C03,6,1,5,30,4,2,1,4,4,1,7,1,1,1,4,5,1,17,1,28,2,9,1,1,7,15,1,10,2,12,,13,42,1,22,9,121.5167517,25.02317677
111,6,16,8,55,2,05中正區,中正區重慶南路3段168號與重慶南路3段174巷附近口,0,0,2,2,C03,6,1,5,30,4,2,1,4,4,1,7,1,1,1,4,5,1,17,1,33,2,9,1,1,7,9,1,10,2,11,,23,42,1,22,9,121.5167517,25.02317677
111,6,16,9,26,2,05中正區,中正區羅斯福路3段128巷與羅斯福路3段口,0,0,2,1,C03,6,1,5,50,3,2,1,4,4,5,7,4,4,3,4,5,2,16,2,38,2,8,1,1,7,6,3,18,1,12,,9,9,1,22,9,121.5281088,25.02058321
111,6,16,9,26,2,05中正區,中正區羅斯福路3段128巷與羅斯福路3段口,0,0,2,2,C03,6,1,5,50,3,2,1,4,4,5,7,4,4,3,4,5,2,16,2,37,2,9,1,1,7,9,1,10,1,14,,14,9,1,22,9,121.5281088,25.02058321
111,6,16,10,0,2,06松山區,松山區復興北路461號,0,0,1,1,B03,6,1,5,50,14,9,1,4,4,5,7,2,1,1,4,1,2,11,1,26,3,10,1,1,7,5,1,8,1,6,,6,6,1,22,9,121.5443582,25.0643304
111,6,16,10,0,2,06松山區,松山區復興北路461號,0,0,1,2,C03,6,1,5,50,14,9,1,4,4,5,7,2,1,1,4,1,2,11,1,30,2,9,1,1,7,9,1,10,1,11,,44,6,1,22,9,121.5443582,25.0643304
111,6,16,10,15,2,09北投區,北投區大度路3段與關渡路口,0,0,1,1,B03,6,1,5,50,3,1,1,4,4,5,7,1,1,9,4,5,2,12,2,42,3,10,1,1,7,6,1,8,1,3,,44,44,1,22,9,121.4694218,25.12289566
111,6,16,10,15,2,09北投區,北投區大度路3段與關渡路口,0,0,1,2,C03,6,1,5,50,3,1,1,4,4,5,7,1,1,9,4,5,2,12,1,21,2,9,1,1,7,9,1,10,1,11,,16,44,1,22,9,121.4694218,25.12289566
111,6,16,10,27,2,04大安區,大安區和平東路3段與敦化南路2段口,0,0,3,1,C03,7,1,5,50,5,4,1,5,4,5,7,2,1,1,4,5,2,13,1,39,2,8,1,1,7,9,1,10,1,11,,23,23,1,21,8,121.5483098,25.02451595
111,6,16,10,27,2,04大安區,大安區和平東路3段與敦化南路2段口,0,0,3,2,C03,7,1,5,50,5,4,1,5,4,5,7,2,1,1,4,5,2,13,1,37,2,7,1,1,7,3,1,10,1,13,,44,23,1,21,8,121.5483098,25.02451595
111,6,16,10,27,2,04大安區,大安區和平東路3段與敦化南路2段口,0,0,3,3,H02,7,1,5,50,5,4,1,5,4,5,7,2,1,1,4,5,2,13,2,68,2,9,1,5,7,20,8,20,10,16,,67,23,1,21,8,121.5483098,25.02451595
111,6,16,10,30,2,07信義區,信義區市民大道5段與市民大道5段14巷口,0,0,1,1,B01,6,1,5,30,14,9,1,4,4,5,7,3,1,1,4,5,2,13,1,59,3,10,1,1,7,6,1,4,1,7,,6,6,1,22,8,121.5581571,25.04521439
111,6,16,10,30,2,07信義區,信義區市民大道5段與市民大道5段14巷口,0,0,1,2,C03,6,1,5,30,14,9,1,4,4,5,7,3,1,1,4,5,2,13,1,38,2,8,1,1,7,9,1,10,1,11,,13,6,1,22,8,121.5581571,25.04521439
111,6,16,10,31,2,05中正區,中正區中華路2段1號,0,0,1,1,B01,6,1,5,50,14,9,1,4,4,5,7,4,4,1,4,5,1,17,1,66,3,10,1,1,7,8,1,4,2,9,,7,7,1,22,9,121.5067515,25.03649232
111,6,16,10,31,2,05中正區,中正區中華路2段1號,0,0,1,2,C03,6,1,5,50,14,9,1,4,4,5,7,4,4,1,4,5,1,17,1,64,2,9,1,1,7,9,1,10,2,12,,44,7,1,22,9,121.5067515,25.03649232
111,6,16,11,0,2,03中山區,中山區松江路132巷,0,0,1,1,C03,6,1,5,50,14,9,1,4,4,5,7,4,4,1,4,5,1,13,1,28,2,7,1,1,7,9,1,10,1,11,,16,16,1,22,9,121.5329472,25.05288755
111,6,16,11,0,2,03中山區,中山區松江路132巷,0,0,1,2,B03,6,1,5,50,14,9,1,4,4,5,7,4,4,1,4,5,1,13,1,38,3,10,1,1,7,15,1,8,1,6,,44,16,1,22,9,121.5329472,25.05288755
111,6,16,11,1,2,04大安區,大安區安和路2段60號,0,0,2,1,C03,8,1,5,50,14,9,1,5,4,5,7,4,4,1,4,5,2,13,1,59,2,9,3,4,7,9,1,10,1,11,,23,23,1,22,9,121.5522128,25.03039918
111,6,16,11,1,2,04大安區,大安區安和路2段60號,0,0,2,2,C03,8,1,5,50,14,9,1,5,4,5,7,4,4,1,4,5,2,13,1,54,2,9,3,4,7,1,1,10,1,13,,19,23,1,22,9,121.5522128,25.03039918
111,6,16,11,5,2,12內湖區,內湖區新明路與新明路298巷口,0,0,1,1,B03,8,1,5,50,4,1,1,5,4,5,7,1,1,4,5,5,1,15,2,37,3,10,3,4,7,9,1,6,1,1,,25,25,1,22,9,121.5822236,25.0556652
111,6,16,11,5,2,12內湖區,內湖區新明路與新明路298巷口,0,0,1,2,C03,8,1,5,50,4,1,1,5,4,5,7,1,1,4,5,5,1,15,2,25,2,9,3,4,7,15,1,10,1,12,,25,25,1,22,9,121.5822236,25.0556652
111,6,16,11,15,2,04大安區,大安區和平東路3段66號,0,0,2,1,C03,8,1,5,50,14,9,1,5,4,5,7,2,1,1,3,5,2,12,1,69,2,9,1,1,7,6,1,10,1,13,,9,9,1,22,9,121.5496014,25.02459768
111,6,16,11,15,2,04大安區,大安區和平東路3段66號,0,0,2,2,C03,8,1,5,50,14,9,1,5,4,5,7,2,1,1,3,5,2,12,2,70,2,9,1,1,7,9,1,10,1,11,,23,9,1,22,9,121.5496014,25.02459768
111,6,16,11,20,2,12內湖區,內湖區民權東路6段2號旁,0,0,1,1,C03,7,1,5,40,11,9,1,4,3,5,7,4,4,10,4,5,2,18,1,24,2,9,1,1,7,6,1,10,11,12,,43,43,1,22,9,121.5726439,25.06470666
111,6,16,11,20,2,12內湖區,內湖區民權東路6段2號旁,0,0,1,2,,7,1,5,40,11,9,1,4,3,5,7,4,4,10,4,5,2,18,3,,,,,,,,,,,,,61,43,1,,,121.5726439,25.06470666
111,6,16,11,24,2,03中山區,中山區北安路與內湖路1段1巷口,0,0,1,1,B03,7,1,5,50,14,9,1,5,4,5,7,4,4,1,4,5,2,17,1,45,3,10,1,1,7,8,1,8,1,15,,7,7,1,22,9,121.558047,25.0847231
111,6,16,11,24,2,03中山區,中山區北安路與內湖路1段1巷口,0,0,1,2,C03,7,1,5,50,14,9,1,5,4,5,7,4,4,1,4,5,2,17,1,35,2,9,1,1,7,9,1,10,1,12,,13,7,1,22,9,121.558047,25.0847231