發生年度,發生月,發生日,發生時-Hours,發生分,處理別-編號,區序,肇事地點,死亡人數,2-30日死亡人數,受傷人數,當事人序號,車種,天候,光線,道路類別,速限-速度限制,道路型態,事故位置,路面狀況1,路面狀況2,路面狀況3,道路障礙1,道路障礙2,號誌1,號誌2,車道劃分-分向,車道劃分-分道1,車道劃分-分道2,車道劃分-分道3,事故類型及型態,性別,年齡,受傷程度,主要傷處,安全帽,行動電話,車輛用途,當事者行動狀態,駕駛資格情形,駕駛執照種類,飲酒情形,車輛撞擊部位1,車輛撞擊部位2,肇因碼-個別,肇因碼-主要,個人肇逃否,職業,旅次目的,座標-X,座標-Y
111,6,16,11,28,2,04大安區,大安區基隆路2段142號,0,0,2,1,C03,8,1,5,50,14,9,1,5,4,5,7,4,4,1,4,5,2,12,2,65,2,9,3,4,7,7,1,10,1,14,,7,7,1,22,9,121.5566696,25.0283717
111,6,16,11,28,2,04大安區,大安區基隆路2段142號,0,0,2,3,A11,8,1,5,50,14,9,1,5,4,5,7,4,4,1,4,5,2,12,2,42,3,10,3,4,7,9,1,3,1,2,,44,7,1,22,9,121.5566696,25.0283717
111,6,16,11,28,2,04大安區,大安區基隆路2段142號,0,0,2,2,A02,8,1,5,50,14,9,1,5,4,5,7,4,4,1,4,5,2,12,1,52,3,10,3,4,7,14,1,2,1,15,,44,7,1,22,9,121.5566696,25.0283717
111,6,16,11,28,2,04大安區,大安區基隆路2段142號,0,0,2,4,H02,8,1,5,50,14,9,1,5,4,5,7,4,4,1,4,5,2,12,2,73,2,9,3,4,7,21,8,20,10,15,,67,7,1,22,9,121.5566696,25.0283717
111,6,16,11,30,2,03中山區,中山區北安路與崇實路口口,0,0,1,1,C03,8,1,5,50,4,1,1,5,4,5,7,2,1,1,4,5,2,17,1,18,2,7,1,1,7,5,1,10,2,14,,8,8,1,22,9,121.5444251,25.07971887
111,6,16,11,30,2,03中山區,中山區北安路與崇實路口口,0,0,1,2,B02,8,1,5,50,4,1,1,5,4,5,7,2,1,1,4,5,2,17,1,49,3,10,3,4,7,9,1,8,2,5,,26,8,1,22,9,121.5444251,25.07971887
111,6,16,11,52,2,01大同區,大同區鄭州路87號,0,0,1,1,C03,8,1,5,40,14,9,1,5,4,5,7,4,4,8,3,5,1,17,1,53,2,9,1,1,7,7,1,10,1,12,,23,23,1,22,9,121.5120991,25.0501025
111,6,16,11,52,2,01大同區,大同區鄭州路87號,0,0,1,2,B03,8,1,5,40,14,9,1,5,4,5,7,4,4,8,3,5,1,17,2,61,3,10,1,1,7,1,1,8,1,3,,44,23,1,22,9,121.5120991,25.0501025
111,6,16,12,20,2,12內湖區,內湖區五分街與安康路口,0,0,1,1,B03,8,1,5,30,4,2,1,5,4,3,7,4,4,10,5,5,2,1,1,80,3,10,1,1,7,9,1,8,1,5,,23,23,1,22,9,121.6153631,25.06730888
111,6,16,12,20,2,12內湖區,內湖區五分街與安康路口,0,0,1,2,H01,8,1,5,30,4,2,1,5,4,3,7,4,4,10,5,5,2,1,2,65,2,8,4,5,8,16,8,20,10,16,,67,23,1,22,9,121.6153631,25.06730888
111,6,16,12,48,2,10文山區,文山區木新路3段172巷與忠順街1段26巷27弄口,0,0,2,1,C03,8,1,5,30,4,1,1,5,4,5,3,4,4,10,5,5,2,15,2,20,2,9,1,1,7,9,1,10,1,11,,6,6,1,22,9,121.5605463,24.98223257
111,6,16,12,48,2,10文山區,文山區木新路3段172巷與忠順街1段26巷27弄口,0,0,2,2,C03,8,1,5,30,4,1,1,5,4,5,3,4,4,10,5,5,2,15,1,45,2,9,1,1,7,9,1,10,1,12,,23,6,1,22,9,121.5605463,24.98223257
111,6,16,12,53,2,05中正區,中正區重慶南路2段與愛國西路口,0,0,1,1,B03,8,1,5,50,5,1,1,5,4,5,7,1,1,1,4,5,2,16,1,78,4,11,3,4,7,6,7,19,11,15,,9,9,2,22,9,121.5126032,25.0351584
111,6,16,12,53,2,05中正區,中正區重慶南路2段與愛國西路口,0,0,1,2,C03,8,1,5,50,5,1,1,5,4,5,7,1,1,1,4,5,2,16,2,44,2,9,1,1,7,9,1,10,2,14,,44,9,1,22,9,121.5126032,25.0351584
111,6,16,13,16,2,09北投區,北投區承德路7段143-1號旁,0,0,1,1,C03,8,1,5,30,11,9,1,5,4,5,1,4,4,10,5,5,2,27,1,38,2,9,1,1,7,9,1,9,2,14,,13,13,1,22,9,121.5064203,25.11217321
111,6,16,13,16,2,09北投區,北投區承德路7段143-1號旁,0,0,1,2,,8,1,5,30,11,9,1,5,4,5,1,4,4,10,5,5,2,27,3,,,,,,,,,,,,,66,13,1,,,121.5064203,25.11217321
111,6,16,13,30,2,10文山區,文山區景文街108號,0,0,1,1,B01,8,1,5,50,14,9,1,5,4,5,7,4,4,5,5,5,2,16,1,66,3,10,1,1,7,11,1,4,1,7,,10,10,1,22,9,121.540898,24.98945134
111,6,16,13,30,2,10文山區,文山區景文街108號,0,0,1,2,C03,8,1,5,50,14,9,1,5,4,5,7,4,4,5,5,5,2,16,1,22,2,8,1,1,7,9,1,10,1,11,,23,10,1,22,9,121.540898,24.98945134
111,6,16,13,45,2,10文山區,文山區羅斯福路5段與羅斯福路5段97巷口,0,0,1,1,B03,8,1,5,30,3,2,1,5,4,5,7,4,4,5,5,5,2,17,1,26,3,10,1,1,7,6,1,8,1,5,5,6,6,1,22,9,121.5390839,25.0056891
111,6,16,13,45,2,10文山區,文山區羅斯福路5段與羅斯福路5段97巷口,0,0,1,2,F01,8,1,5,30,3,2,1,5,4,5,7,4,4,5,5,5,2,17,2,47,2,9,1,1,7,9,8,20,1,16,,23,6,1,22,9,121.5390839,25.0056891
111,6,16,14,15,2,01大同區,大同區環河北路1段與忠孝西路2段口,0,0,1,1,C03,7,1,5,50,5,2,1,5,4,5,7,2,1,5,5,5,2,16,2,27,3,10,1,1,7,9,1,10,1,12,,43,43,1,22,9,121.5048613,25.04964931
111,6,16,14,15,2,01大同區,大同區環河北路1段與忠孝西路2段口,0,0,1,2,C03,7,1,5,50,5,2,1,5,4,5,7,2,1,5,5,5,2,16,1,18,2,9,1,1,7,6,1,10,1,11,,43,43,1,22,9,121.5048613,25.04964931
111,6,16,14,30,2,05中正區,中正區寧波西街83-7號,0,0,1,2,C03,8,1,5,50,14,9,1,5,4,5,7,4,4,10,4,5,2,17,1,38,2,9,1,1,7,4,1,10,1,14,,23,27,1,22,9,121.5162029,25.0300168
111,6,16,14,30,2,05中正區,中正區寧波西街83-7號,0,0,1,1,C03,8,1,5,50,14,9,1,5,4,5,7,4,4,10,4,5,2,17,1,67,3,10,1,1,7,7,1,10,11,15,,27,27,1,22,9,121.5162029,25.0300168
111,6,16,14,40,2,04大安區,大安區和平東路2段311巷43弄與和平東路3段1巷口,0,0,2,1,C03,8,1,5,30,5,1,1,5,4,5,7,4,4,10,5,5,2,15,2,21,2,8,1,4,7,9,1,10,1,12,,6,6,1,22,9,121.5467304,25.0255816
111,6,16,14,40,2,04大安區,大安區和平東路2段311巷43弄與和平東路3段1巷口,0,0,2,2,C03,8,1,5,30,5,1,1,5,4,5,7,4,4,10,5,5,2,15,1,41,2,8,1,4,7,9,1,10,1,14,,44,6,1,22,9,121.5467304,25.0255816
111,6,16,15,0,2,08士林區,士林區社正路43號,0,0,1,1,B03,7,1,5,50,14,9,1,5,4,5,7,4,4,9,4,5,2,17,1,40,3,10,1,1,7,1,1,8,1,8,,19,19,1,22,9,121.5096765,25.08883812
111,6,16,15,0,2,08士林區,士林區社正路43號,0,0,1,2,C03,7,1,5,50,14,9,1,5,4,5,7,4,4,9,4,5,2,17,1,70,2,9,1,1,7,9,1,10,1,12,,44,19,1,22,9,121.5096765,25.08883812
111,6,16,15,5,2,12內湖區,內湖區文德路22巷與文德路22巷59弄口,0,0,1,1,C03,7,1,5,30,4,1,1,5,4,5,7,4,4,10,5,5,2,16,1,83,2,9,1,1,7,5,1,10,1,12,,6,6,1,22,9,121.5806675,25.0754411
111,6,16,15,5,2,12內湖區,內湖區文德路22巷與文德路22巷59弄口,0,0,1,2,B03,7,1,5,30,4,1,1,5,4,5,7,4,4,10,5,5,2,16,1,56,3,10,1,1,7,9,1,8,1,4,,44,6,1,22,9,121.5806675,25.0754411
111,6,16,15,25,2,03中山區,中山區遼寧街與龍江路21巷口,0,0,1,1,B03,7,1,5,50,4,1,1,5,4,5,7,4,4,9,5,5,2,14,1,41,3,10,1,1,7,2,1,8,1,3,,12,12,1,22,9,121.5421072,25.04752579
111,6,16,15,25,2,03中山區,中山區遼寧街與龍江路21巷口,0,0,1,2,C03,7,1,5,50,4,1,1,5,4,5,7,4,4,9,5,5,2,14,1,45,2,8,1,1,7,9,1,10,1,11,,23,12,1,22,9,121.5421072,25.04752579
111,6,16,16,10,2,10文山區,文山區景仁街20巷19號,0,0,1,1,F01,8,1,5,30,14,9,1,5,4,5,7,4,4,10,5,5,2,16,1,74,2,9,1,1,7,7,8,20,1,16,,7,7,1,22,9,121.5398566,24.99801714
111,6,16,16,10,2,10文山區,文山區景仁街20巷19號,0,0,1,2,C03,8,1,5,30,14,9,1,5,4,5,7,4,4,10,5,5,2,16,2,46,3,10,1,1,7,9,1,10,1,12,,44,7,1,22,9,121.5398566,24.99801714
111,6,16,16,25,2,09北投區,北投區大業路264號前,0,0,1,1,B03,8,1,5,60,14,9,1,5,4,5,7,1,1,10,5,5,2,12,1,34,3,10,1,1,7,1,1,8,2,8,,44,44,1,22,9,121.4982313,25.12696929
111,6,16,16,25,2,09北投區,北投區大業路264號前,0,0,1,2,C03,8,1,5,60,14,9,1,5,4,5,7,1,1,10,5,5,2,12,1,48,2,9,1,1,7,9,1,10,2,12,,25,44,1,22,9,121.4982313,25.12696929
111,6,16,16,47,2,04大安區,大安區安和路2段與安和路2段171巷口,0,0,1,1,C03,8,1,5,50,5,1,1,5,4,5,7,1,1,9,4,5,2,12,1,79,2,8,1,4,7,7,1,10,1,14,,7,7,1,22,9,121.5498691,25.0280369
111,6,16,16,47,2,04大安區,大安區安和路2段與安和路2段171巷口,0,0,1,2,B02,8,1,5,50,5,1,1,5,4,5,7,1,1,9,4,5,2,12,2,42,3,10,1,4,7,9,1,8,1,5,,16,7,1,22,9,121.5498691,25.0280369
111,6,16,17,0,2,04大安區,大安區和平東路3段594號,0,0,1,1,C03,6,1,5,40,14,9,1,4,4,5,7,2,1,8,3,5,1,16,1,60,2,9,1,1,7,8,1,10,1,12,,7,7,1,22,9,121.5624263,25.0140234
111,6,16,17,0,2,04大安區,大安區和平東路3段594號,0,0,1,2,C03,6,1,5,40,14,9,1,4,4,5,7,2,1,8,3,5,1,16,1,26,3,10,1,1,7,9,1,10,1,14,,44,7,1,22,9,121.5624263,25.0140234
111,6,16,17,9,2,10文山區,文山區木柵路1段與試院路口口,0,0,2,1,B01,6,1,5,50,3,1,1,4,4,5,7,2,1,4,4,5,1,12,1,39,3,10,3,4,7,6,1,4,1,5,,6,6,1,22,9,121.5499386,24.98749231
111,6,16,17,9,2,10文山區,文山區木柵路1段與試院路口口,0,0,2,2,C03,6,1,5,50,3,1,1,4,4,5,7,2,1,4,4,5,1,12,1,59,2,8,1,4,7,9,1,10,1,14,,23,6,1,22,9,121.5499386,24.98749231
111,6,16,17,9,2,10文山區,文山區木柵路1段與試院路口口,0,0,2,3,H01,6,1,5,50,3,1,1,4,4,5,7,2,1,4,4,5,1,12,1,50,2,8,4,5,8,17,8,20,10,16,,67,6,1,22,9,121.5499386,24.98749231
111,6,16,17,18,2,10文山區,文山區羅斯福路4段與基隆路4段口,0,0,1,1,B03,7,2,5,50,4,1,1,5,4,5,7,2,1,1,4,5,2,12,2,48,3,10,1,1,7,8,1,8,9,15,,7,7,2,22,9,121.5369588,25.01093607
111,6,16,17,18,2,10文山區,文山區羅斯福路4段與基隆路4段口,0,0,1,2,B03,7,2,5,50,4,1,1,5,4,5,7,2,1,1,4,5,2,12,1,50,3,10,1,1,7,9,1,8,1,2,,44,7,1,22,9,121.5369588,25.01093607
111,6,16,17,18,2,10文山區,文山區羅斯福路4段與基隆路4段口,0,0,1,3,C03,7,2,5,50,4,1,1,5,4,5,7,2,1,1,4,5,2,12,1,69,2,9,1,1,7,9,1,10,1,14,,44,7,1,22,9,121.5369588,25.01093607
111,6,16,17,19,2,02萬華區,萬華區光復橋往台北市,0,0,1,1,C03,7,1,5,50,14,9,1,4,4,5,7,4,4,1,1,5,1,13,2,33,2,9,3,4,7,9,1,10,1,11,,23,23,1,22,9,121.4901021,25.02404814
111,6,16,17,19,2,02萬華區,萬華區光復橋往台北市,0,0,1,2,B01,7,1,5,50,14,9,1,4,4,5,7,4,4,1,1,5,1,13,2,64,3,10,3,4,7,14,1,4,1,3,,44,23,1,22,9,121.4901021,25.02404814
111,6,16,17,19,2,02萬華區,萬華區光復橋往台北市,0,0,1,3,G06,7,1,5,50,14,9,1,4,4,5,7,4,4,1,1,5,1,13,3,,,,,,,,,,,,,67,23,1,,,121.4901021,25.02404814
111,6,16,17,20,2,08士林區,士林區延平北路8段2巷與延平北路8段2巷153弄口,0,0,1,1,B12,8,1,5,0,4,1,1,5,4,5,7,4,4,10,5,5,1,26,1,61,4,11,3,4,7,9,1,8,1,1,,46,46,1,22,9,121.4862821,25.1105003
111,6,16,17,20,2,08士林區,士林區延平北路8段2巷與延平北路8段2巷153弄口,0,0,1,2,,8,1,5,0,4,1,1,5,4,5,7,4,4,10,5,5,1,26,3,,,,,,,,,,,,,67,46,1,,,121.4862821,25.1105003
111,6,16,17,20,2,08士林區,士林區延平北路8段2巷與延平北路8段2巷153弄口,0,0,1,3,B12,8,1,5,0,4,1,1,5,4,5,7,4,4,10,5,5,1,26,3,,,,,,,,,,,,,67,46,1,,,121.4862821,25.1105003
111,6,16,17,20,2,08士林區,士林區延平北路8段2巷與延平北路8段2巷153弄口,0,0,1,4,H01,8,1,5,0,4,1,1,5,4,5,7,4,4,10,5,5,1,26,1,31,2,9,3,5,8,17,8,20,10,16,,67,46,1,22,9,121.4862821,25.1105003
111,6,16,17,20,2,08士林區,士林區延平北路8段2巷與延平北路8段2巷153弄口,0,0,1,5,C03,8,1,5,0,4,1,1,5,4,5,7,4,4,10,5,5,1,26,3,,,,,,,,,,,,,67,46,1,,,121.4862821,25.1105003
111,6,16,17,28,2,04大安區,大安區新生南路3段33號,0,0,1,1,B03,7,1,5,50,14,9,1,5,4,5,7,4,4,9,4,5,1,16,2,56,2,1,1,1,7,1,1,8,1,8,,19,19,1,22,9,121.5347456,25.0245271
111,6,16,17,28,2,04大安區,大安區新生南路3段33號,0,0,1,2,B03,7,1,5,50,14,9,1,5,4,5,7,4,4,9,4,5,1,16,1,43,3,10,1,1,7,9,1,8,1,5,,44,19,1,22,9,121.5347456,25.0245271
111,6,16,17,28,2,04大安區,大安區新生南路3段33號,0,0,1,3,B01,7,1,5,50,14,9,1,5,4,5,7,4,4,9,4,5,1,16,1,47,3,10,1,1,7,14,1,4,1,4,,38,19,1,22,9,121.5347456,25.0245271
111,6,16,17,28,2,04大安區,大安區新生南路3段33號,0,0,1,4,B03,7,1,5,50,14,9,1,5,4,5,7,4,4,9,4,5,1,16,2,34,4,11,3,4,7,13,7,19,11,15,,38,19,2,22,9,121.5347456,25.0245271
111,6,16,17,45,2,03中山區,中山區八德路2段223號,0,0,1,1,B03,6,1,5,50,3,1,1,4,4,5,7,4,4,9,4,5,2,17,1,52,3,10,3,4,7,5,1,8,1,15,,8,8,1,22,9,121.5401079,25.04665365
111,6,16,17,45,2,03中山區,中山區八德路2段223號,0,0,1,2,C03,6,1,5,50,3,1,1,4,4,5,7,4,4,9,4,5,2,17,2,52,2,9,3,4,7,9,1,9,1,14,,23,8,1,22,9,121.5401079,25.04665365
111,6,16,17,45,2,05中正區,中正區中山南路與愛國西路口口,0,0,1,1,B03,6,1,5,50,5,1,1,4,4,5,7,1,1,3,4,3,2,17,1,41,3,10,1,1,7,6,1,8,1,15,,44,44,1,22,9,121.5165956,25.03491556
111,6,16,17,45,2,05中正區,中正區中山南路與愛國西路口口,0,0,1,2,C03,6,1,5,50,5,1,1,4,4,5,7,1,1,3,4,3,2,17,1,30,2,7,1,1,7,9,1,10,1,14,,44,44,1,22,9,121.5165956,25.03491556
111,6,16,18,10,2,04大安區,大安區羅斯福路2段79-2號,0,0,1,1,B01,6,3,5,0,14,9,1,4,4,5,7,4,4,3,4,5,2,17,1,58,3,10,1,1,7,8,1,4,1,15,,7,7,1,22,9,121.5234724,25.02587639
111,6,16,18,10,2,04大安區,大安區羅斯福路2段79-2號,0,0,1,2,C03,6,3,5,0,14,9,1,4,4,5,7,4,4,3,4,5,2,17,2,23,2,9,1,1,7,12,1,10,1,14,,14,7,1,22,9,121.5234724,25.02587639
111,6,16,18,20,2,10文山區,文山區辛亥路4段北往南015燈桿附近,0,0,1,2,C03,6,3,5,50,14,9,1,4,4,5,7,4,4,1,4,5,2,12,2,56,2,8,1,1,7,9,1,10,9,14,,17,17,1,22,9,121.5580794,25.00894525
111,6,16,18,20,2,10文山區,文山區辛亥路4段北往南015燈桿附近,0,0,1,1,B03,6,3,5,50,14,9,1,4,4,5,7,4,4,1,4,5,2,12,1,59,3,10,1,1,7,9,1,8,9,2,,17,17,1,22,9,121.5580794,25.00894525
111,6,16,18,28,2,05中正區,中正區忠孝西路1段與館前路口,0,0,4,1,B03,6,1,5,50,4,2,1,4,4,5,7,1,1,3,4,5,2,13,1,17,2,3,1,4,7,9,2,18,2,1,,16,16,1,22,9,121.5148199,25.04683762
111,6,16,18,28,2,05中正區,中正區忠孝西路1段與館前路口,0,0,4,2,B03,6,1,5,50,4,2,1,4,4,5,7,1,1,3,4,5,2,13,2,49,2,3,1,1,7,14,1,8,2,3,,44,16,1,22,9,121.5148199,25.04683762
111,6,16,18,28,2,05中正區,中正區忠孝西路1段與館前路口,0,0,4,3,B03,6,1,5,50,4,2,1,4,4,5,7,1,1,3,4,5,2,13,1,41,3,10,1,1,7,14,1,8,2,3,,44,16,1,22,9,121.5148199,25.04683762
111,6,16,18,28,2,05中正區,中正區忠孝西路1段與館前路口,0,0,4,4,B03,6,1,5,50,4,2,1,4,4,5,7,1,1,3,4,5,2,13,1,33,2,1,1,1,7,14,1,8,2,3,,44,16,1,22,9,121.5148199,25.04683762
111,6,16,18,28,2,05中正區,中正區忠孝西路1段與館前路口,0,0,4,5,B01,6,1,5,50,4,2,1,4,4,5,7,1,1,3,4,5,2,13,1,46,3,10,1,1,7,14,1,4,2,3,,44,16,1,22,9,121.5148199,25.04683762
111,6,16,18,28,2,05中正區,中正區忠孝西路1段與館前路口,0,0,4,6,B03,6,1,5,50,4,2,1,4,4,5,7,1,1,3,4,5,2,13,1,32,2,1,1,1,7,14,1,8,2,3,,44,16,1,22,9,121.5148199,25.04683762
111,6,16,18,54,2,07信義區,信義區光復南路417號,0,0,1,1,B03,6,3,8,50,15,22,1,4,4,5,7,2,1,3,4,5,2,16,1,38,3,10,1,1,7,9,1,8,2,1,,25,25,1,22,9,121.5575757,25.0364133
111,6,16,18,54,2,07信義區,信義區光復南路417號,0,0,1,2,F01,6,3,8,50,15,22,1,4,4,5,7,2,1,3,4,5,2,16,1,56,2,7,1,1,7,11,8,20,2,16,,11,25,1,22,9,121.5575757,25.0364133
111,6,16,18,55,2,10文山區,文山區木新路2段與恆光街口,0,0,1,1,C03,6,3,5,50,4,2,1,4,4,5,7,2,1,5,2,5,2,18,2,60,2,9,1,4,7,9,1,10,1,14,,43,43,1,22,9,121.5667849,24.983314
111,6,16,18,55,2,10文山區,文山區木新路2段與恆光街口,0,0,1,2,,6,3,5,50,4,2,1,4,4,5,7,2,1,5,2,5,2,18,3,,,,,,,,,,,,,67,43,1,,,121.5667849,24.983314
111,6,16,19,6,2,03中山區,中山區民族東路與五常街53巷口,0,0,2,1,B02,6,3,5,50,3,2,1,4,4,5,7,4,4,1,4,4,2,16,1,39,3,10,3,4,7,6,1,8,2,5,,9,9,1,22,9,121.5396657,25.06807249
111,6,16,19,6,2,03中山區,中山區民族東路與五常街53巷口,0,0,2,2,C03,6,3,5,50,3,2,1,4,4,5,7,4,4,1,4,4,2,16,1,20,2,1,1,4,7,9,1,10,2,14,,44,9,1,22,9,121.5396657,25.06807249
111,6,16,19,6,2,03中山區,中山區民族東路與五常街53巷口,0,0,2,3,H02,6,3,5,50,3,2,1,4,4,5,7,4,4,1,4,4,2,16,2,20,2,1,3,5,7,20,8,20,10,16,,67,9,1,22,9,121.5396657,25.06807249
111,6,16,19,20,2,11南港區,南港區南港路2段與南港路2段60巷口口,0,0,1,1,C03,6,3,5,50,3,1,1,4,4,5,7,2,1,5,4,4,1,12,1,37,2,7,1,4,7,6,1,10,1,12,,17,17,1,22,9,121.6041747,25.05387339
111,6,16,19,20,2,11南港區,南港區南港路2段與南港路2段60巷口口,0,0,1,2,B03,6,3,5,50,3,1,1,4,4,5,7,2,1,5,4,4,1,12,1,52,3,10,1,4,7,9,1,8,1,4,,44,17,1,22,9,121.6041747,25.05387339
111,6,16,19,29,2,03中山區,中山區建國北路3段與民權東路3段口迴轉道,0,0,1,1,B03,8,3,5,50,3,1,1,5,4,5,7,2,1,5,2,5,2,2,1,27,3,10,1,1,7,5,1,8,1,1,,15,15,1,5,5,121.5372867,25.06371577
111,6,16,19,29,2,03中山區,中山區建國北路3段與民權東路3段口迴轉道,0,0,1,2,H01,8,3,5,50,3,1,1,5,4,5,7,2,1,5,2,5,2,2,1,86,2,9,4,5,8,16,8,20,1,16,,67,15,1,19,5,121.5372867,25.06371577
111,6,16,19,44,2,05中正區,中正區仁愛路1段與林森南路口,0,0,1,1,B03,6,3,5,50,4,1,1,4,4,5,7,1,1,1,1,1,2,17,1,64,3,10,1,4,7,6,1,8,2,1,,26,26,1,22,9,121.5217149,25.03892438
111,6,16,19,44,2,05中正區,中正區仁愛路1段與林森南路口,0,0,1,2,C03,6,3,5,50,4,1,1,4,4,5,7,1,1,1,1,1,2,17,1,30,2,9,1,1,7,9,1,10,2,14,,44,26,1,22,9,121.5217149,25.03892438
111,6,16,19,48,2,05中正區,中正區水源路與師大路口,0,0,1,1,B03,6,3,5,50,4,1,1,4,4,5,7,1,1,1,4,5,2,17,1,32,3,10,1,1,7,6,1,8,2,4,,9,9,1,22,9,121.5227445,25.02021174
111,6,16,19,48,2,05中正區,中正區水源路與師大路口,0,0,1,2,C03,6,3,5,50,4,1,1,4,4,5,7,1,1,1,4,5,2,17,1,27,2,8,1,1,7,5,1,10,2,11,,8,9,1,22,9,121.5227445,25.02021174
111,6,16,20,49,2,03中山區,中山區林森北路與市民大道2段口,0,0,1,1,C03,8,3,5,40,4,1,1,5,4,5,7,2,1,9,4,5,2,17,2,18,3,10,1,1,7,7,1,10,1,13,,6,6,1,5,5,121.524227,25.04790247
111,6,16,20,49,2,03中山區,中山區林森北路與市民大道2段口,0,0,1,2,C03,8,3,5,40,4,1,1,5,4,5,7,2,1,9,4,5,2,17,2,30,2,9,1,1,7,9,1,10,1,11,,44,6,1,5,5,121.524227,25.04790247
111,6,16,21,0,2,08士林區,士林區承德路4段與福港街口,0,0,1,1,B03,8,3,5,50,4,1,1,5,4,5,7,2,1,1,4,5,2,12,1,23,3,10,3,4,7,6,1,8,1,6,,9,9,1,22,9,121.5184695,25.08997887
111,6,16,21,0,2,08士林區,士林區承德路4段與福港街口,0,0,1,2,C03,8,3,5,50,4,1,1,5,4,5,7,2,1,1,4,5,2,12,2,21,2,8,1,4,7,9,1,10,1,14,,44,9,1,22,9,121.5184695,25.08997887
111,6,16,21,29,2,08士林區,士林區克強路13號,0,0,1,1,B03,6,3,8,50,15,9,1,4,4,5,7,4,4,4,5,5,2,17,1,39,3,10,1,1,7,1,1,8,1,15,,19,19,1,22,9,121.5243738,25.10880313
111,6,16,21,29,2,08士林區,士林區克強路13號,0,0,1,2,C03,6,3,8,50,15,9,1,4,4,5,7,4,4,4,5,5,2,17,1,39,2,9,1,1,7,9,1,10,1,12,,44,19,1,22,9,121.5243738,25.10880313
111,6,16,21,49,2,04大安區,大安區新生南路1段97巷與忠孝東路3段44巷口,0,0,1,1,B01,6,3,5,30,4,1,1,4,4,5,7,4,4,10,5,5,1,15,1,39,3,10,3,4,7,9,1,4,1,5,,6,6,1,22,9,121.5346254,25.0411883
111,6,16,21,49,2,04大安區,大安區新生南路1段97巷與忠孝東路3段44巷口,0,0,1,2,C03,6,3,5,30,4,1,1,4,4,5,7,4,4,10,5,5,1,15,2,23,2,9,3,4,7,9,1,10,1,14,,14,6,1,22,9,121.5346254,25.0411883
111,6,16,22,15,2,01大同區,大同區民權西路102巷33弄與民權西路102巷口口,0,0,2,1,C03,6,3,5,30,4,1,1,4,4,5,7,4,4,9,5,5,2,15,1,43,2,9,1,1,7,9,1,10,1,12,,6,6,1,22,9,121.5177139,25.06155649
111,6,16,22,15,2,01大同區,大同區民權西路102巷33弄與民權西路102巷口口,0,0,2,2,B03,6,3,5,30,4,1,1,4,4,5,7,4,4,9,5,5,2,15,1,32,2,9,1,1,7,9,1,8,1,8,,14,6,1,22,9,121.5177139,25.06155649
111,6,16,22,30,2,12內湖區,內湖區南京東路6段與新明路426巷口口,0,0,1,1,B03,6,3,5,50,4,1,1,4,4,5,7,1,1,1,4,5,2,15,1,28,3,10,1,1,7,9,1,8,2,1,,25,25,1,22,9,121.579142,25.05584585
111,6,16,22,30,2,12內湖區,內湖區南京東路6段與新明路426巷口口,0,0,1,2,C03,6,3,5,50,4,1,1,4,4,5,7,1,1,1,4,5,2,15,2,29,2,9,1,1,7,9,1,10,2,14,,44,25,1,22,9,121.579142,25.05584585
111,6,16,22,55,2,04大安區,大安區和平東路3段68號,0,0,1,2,C03,6,3,5,50,14,9,1,4,4,5,7,1,1,9,4,5,1,17,1,22,2,7,1,1,7,9,1,10,1,15,,13,7,1,22,9,121.5500522,25.0244189
111,6,16,22,55,2,04大安區,大安區和平東路3段68號,0,0,1,1,B01,6,3,5,50,14,9,1,4,4,5,7,1,1,9,4,5,1,17,1,44,4,11,3,4,7,8,7,19,11,15,,7,7,2,22,9,121.5500522,25.0244189
111,6,16,22,57,2,12內湖區,內湖區民權東路6段280巷45弄39號,0,0,1,1,B03,6,3,5,0,14,9,1,4,4,5,7,4,4,10,5,5,1,2,1,38,4,11,3,4,7,15,7,19,11,15,,23,23,2,22,9,121.6060147,25.07022763
111,6,16,22,57,2,12內湖區,內湖區民權東路6段280巷45弄39號,0,0,1,2,H01,6,3,5,0,14,9,1,4,4,5,7,4,4,10,5,5,1,2,1,45,2,7,4,5,8,16,8,20,10,16,,67,23,1,22,9,121.6060147,25.07022763
111,6,16,23,0,2,10文山區,文山區木柵路1段與辛亥路7段口,0,0,1,1,C03,6,3,5,0,4,1,1,4,4,5,7,2,1,5,2,5,2,17,1,55,4,11,3,4,7,15,7,19,11,15,,6,6,2,22,9,121.5523592,24.98782008
111,6,16,23,0,2,10文山區,文山區木柵路1段與辛亥路7段口,0,0,1,2,C03,6,3,5,0,4,1,1,4,4,5,7,2,1,5,2,5,2,17,1,29,2,9,1,4,7,9,1,10,2,14,,42,6,1,22,9,121.5523592,24.98782008
111,6,16,23,29,2,02萬華區,萬華區西園路2段與艋舺大道口,0,0,2,1,C03,8,3,5,50,4,1,1,4,4,5,7,1,1,1,4,4,1,17,2,22,2,7,1,1,7,9,1,10,2,11,,25,25,1,22,9,121.4980059,25.03309907
111,6,16,23,29,2,02萬華區,萬華區西園路2段與艋舺大道口,0,0,2,2,B03,8,3,5,50,4,1,1,4,4,5,7,1,1,1,4,4,1,17,1,23,3,10,1,1,7,5,1,8,2,4,,44,25,1,22,9,121.4980059,25.03309907