發生年度,發生月,發生日,發生時-Hours,發生分,處理別-編號,區序,肇事地點,死亡人數,2-30日死亡人數,受傷人數,當事人序號,車種,天候,光線,道路類別,速限-速度限制,道路型態,事故位置,路面狀況1,路面狀況2,路面狀況3,道路障礙1,道路障礙2,號誌1,號誌2,車道劃分-分向,車道劃分-分道1,車道劃分-分道2,車道劃分-分道3,事故類型及型態,性別,年齡,受傷程度,主要傷處,安全帽,行動電話,車輛用途,當事者行動狀態,駕駛資格情形,駕駛執照種類,飲酒情形,車輛撞擊部位1,車輛撞擊部位2,肇因碼-個別,肇因碼-主要,個人肇逃否,職業,旅次目的,座標-X,座標-Y
111,6,16,23,29,2,02萬華區,萬華區西園路2段與艋舺大道口,0,0,2,3,H02,8,3,5,50,4,1,1,4,4,5,7,1,1,1,4,4,1,17,1,23,2,8,1,5,7,20,8,20,10,16,,67,25,1,22,9,121.4980059,25.03309907
111,6,17,0,13,2,05中正區,中正區忠孝東路1段與鎮江街口口,0,0,1,1,B03,7,3,5,50,4,2,1,4,4,5,7,2,1,9,4,4,1,17,1,47,3,10,1,1,7,6,1,8,2,15,,9,9,1,21,6,121.5216528,25.0450805
111,6,17,0,13,2,05中正區,中正區忠孝東路1段與鎮江街口口,0,0,1,2,C03,7,3,5,50,4,2,1,4,4,5,7,2,1,9,4,4,1,17,1,38,2,9,1,1,7,9,1,10,2,12,,14,9,1,21,5,121.5216528,25.0450805
111,6,17,4,30,2,08士林區,士林區至善路1段與福林路254巷口,0,0,1,1,C03,6,3,5,50,3,2,1,4,4,5,7,3,1,1,5,5,2,12,1,19,2,9,1,1,7,9,1,10,1,12,,17,17,1,22,9,121.5377571,25.09818842
111,6,17,4,30,2,08士林區,士林區至善路1段與福林路254巷口,0,0,1,2,B12,6,3,5,50,3,2,1,4,4,5,7,3,1,1,5,5,2,12,1,38,3,10,1,1,7,9,1,8,1,2,,17,17,1,22,9,121.5377571,25.09818842
111,6,17,6,13,2,03中山區,中山區中山北路3段與民族東路口,0,0,1,1,B03,8,2,5,50,4,1,1,5,4,5,7,2,1,5,2,5,2,12,2,34,3,10,1,1,7,6,1,8,1,2,,9,9,1,5,5,121.5229526,25.06837678
111,6,17,6,13,2,03中山區,中山區中山北路3段與民族東路口,0,0,1,2,C03,8,2,5,50,4,1,1,5,4,5,7,2,1,5,2,5,2,12,1,69,2,9,1,1,7,9,1,10,1,11,,44,9,1,5,1,121.5229526,25.06837678
111,6,17,6,25,2,01大同區,大同區民權西路238號,0,0,1,1,C03,8,1,5,50,14,9,1,5,4,5,7,4,4,10,4,5,2,16,2,35,2,9,3,4,7,9,4,11,1,11,,23,23,1,22,9,121.5129705,25.06283807
111,6,17,6,25,2,01大同區,大同區民權西路238號,0,0,1,2,C03,8,1,5,50,14,9,1,5,4,5,7,4,4,10,4,5,2,16,2,18,3,10,3,4,7,8,1,10,1,13,,7,23,1,22,9,121.5129705,25.06283807
111,6,17,7,15,2,11南港區,南港區研究院路2段7號,0,0,1,1,C03,8,1,5,50,14,9,1,5,4,5,7,4,4,1,4,5,2,16,1,46,2,8,1,1,7,7,1,10,1,14,,7,7,1,22,9,121.6156679,25.0474983
111,6,17,7,15,2,11南港區,南港區研究院路2段7號,0,0,1,2,B03,8,1,5,50,14,9,1,5,4,5,7,4,4,1,4,5,2,16,2,49,3,10,3,4,7,15,1,8,1,5,,23,7,1,22,9,121.6156679,25.0474983
111,6,17,7,15,2,11南港區,南港區研究院路2段7號,0,0,1,3,A02,8,1,5,50,14,9,1,5,4,5,7,4,4,1,4,5,2,16,1,47,3,10,3,4,7,14,1,2,9,15,,44,7,1,22,9,121.6156679,25.0474983
111,6,17,7,32,2,07信義區,信義區松智路與松勤街口口,0,0,1,1,C03,8,1,5,50,4,2,1,5,4,5,7,2,1,5,5,5,2,18,2,66,2,8,1,1,7,14,1,10,1,14,,44,44,1,22,9,121.5652847,25.0319422
111,6,17,7,32,2,07信義區,信義區松智路與松勤街口口,0,0,1,2,,8,1,5,50,4,2,1,5,4,5,7,2,1,5,5,5,2,18,3,,,,,,,,,,,,,67,44,1,,,121.5652847,25.0319422
111,6,17,7,41,2,12內湖區,內湖區環東大道,0,0,1,1,C02,8,1,5,60,14,9,1,5,4,5,7,4,4,9,4,5,2,12,2,28,2,9,1,1,7,9,1,9,1,12,,23,23,1,22,9,121.5828673,25.05797399
111,6,17,7,41,2,12內湖區,內湖區環東大道,0,0,1,2,C02,8,1,5,60,14,9,1,5,4,5,7,4,4,9,4,5,2,12,1,37,3,10,1,1,7,9,1,9,1,14,,44,23,1,22,9,121.5828673,25.05797399
111,6,17,7,57,2,08士林區,士林區中山北路5段台電北區營業處公車站,0,0,1,1,C03,8,1,5,50,14,9,1,4,2,5,7,4,4,1,5,5,2,18,2,61,2,9,1,1,7,6,3,18,1,12,,23,23,1,22,9,121.5275008,25.09136307
111,6,17,7,57,2,08士林區,士林區中山北路5段台電北區營業處公車站,0,0,1,2,,8,1,5,50,14,9,1,4,2,5,7,4,4,1,5,5,2,18,3,,,,,,,,,,,,,67,23,1,,,121.5275008,25.09136307
111,6,17,8,10,2,08士林區,士林區大南路與華齡街口,0,0,1,1,B03,8,1,5,0,4,2,1,5,4,5,7,4,4,5,5,5,2,1,2,38,3,10,1,1,7,5,1,8,1,1,,15,,1,22,9,121.5199046,25.0886225
111,6,17,8,10,2,08士林區,士林區大南路與華齡街口,0,0,1,2,H01,8,1,5,0,4,2,1,5,4,5,7,4,4,5,5,5,2,1,1,39,2,7,4,5,8,16,8,20,10,16,,67,,1,22,9,121.5199046,25.0886225
111,6,17,8,16,2,03中山區,中山區北安路514-1號,0,0,1,1,C03,8,1,5,50,14,9,1,5,4,5,7,4,4,3,4,5,2,11,1,45,2,9,1,1,7,7,1,10,1,11,,7,7,1,22,9,121.5453186,25.07975786
111,6,17,8,16,2,03中山區,中山區北安路514-1號,0,0,1,2,B03,8,1,5,50,14,9,1,5,4,5,7,4,4,3,4,5,2,11,1,57,3,10,1,1,7,9,1,8,1,8,,23,7,1,22,9,121.5453186,25.07975786
111,6,17,8,18,2,03中山區,中山區北安路往東過劍南路,0,0,1,1,B03,8,1,5,50,14,9,1,5,4,5,7,4,4,1,4,5,2,13,1,25,3,10,1,1,7,9,1,8,1,1,,16,16,1,22,9,121.5539024,25.0852962
111,6,17,8,18,2,03中山區,中山區北安路往東過劍南路,0,0,1,2,B03,8,1,5,50,14,9,1,5,4,5,7,4,4,1,4,5,2,13,1,27,3,10,1,1,7,14,1,8,1,3,,44,16,1,22,9,121.5539024,25.0852962
111,6,17,8,18,2,03中山區,中山區北安路往東過劍南路,0,0,1,3,B03,8,1,5,50,14,9,1,5,4,5,7,4,4,1,4,5,2,13,2,40,3,10,1,1,7,14,1,8,1,3,,44,16,1,22,9,121.5539024,25.0852962
111,6,17,8,18,2,03中山區,中山區北安路往東過劍南路,0,0,1,4,H02,8,1,5,50,14,9,1,5,4,5,7,4,4,1,4,5,2,13,2,25,2,8,1,5,7,20,8,20,10,16,,67,16,1,22,9,121.5539024,25.0852962
111,6,17,8,30,2,04大安區,大安區和平東路3段70巷與和平東路3段口,0,0,2,1,C03,8,1,5,30,4,1,1,5,4,5,7,1,1,1,4,5,1,15,2,44,2,7,1,1,7,9,1,10,1,11,,25,25,1,22,9,121.5510275,25.0246831
111,6,17,8,30,2,04大安區,大安區和平東路3段70巷與和平東路3段口,0,0,2,2,C03,8,1,5,30,4,1,1,5,4,5,7,1,1,1,4,5,1,15,2,70,2,8,1,1,7,9,1,10,1,11,,44,25,1,22,9,121.5510275,25.0246831
111,6,17,8,30,2,12內湖區,內湖區民權東路6段15巷與瑞光路76巷口,0,0,1,1,C03,8,1,5,50,4,1,1,5,4,5,7,2,1,5,5,5,2,17,1,26,3,10,1,1,7,5,1,9,1,13,,8,8,1,22,9,121.5786685,25.0683293
111,6,17,8,30,2,12內湖區,內湖區民權東路6段15巷與瑞光路76巷口,0,0,1,2,C03,8,1,5,50,4,1,1,5,4,5,7,2,1,5,5,5,2,17,2,32,2,9,1,1,7,9,1,10,1,11,,44,8,1,22,9,121.5786685,25.0683293
111,6,17,8,35,2,05中正區,中正區市民大道1段與中山北路1段口口,0,0,2,1,C03,8,1,5,40,14,9,1,5,4,5,7,1,1,1,4,5,2,13,1,35,2,8,1,1,7,9,1,10,1,11,,23,23,1,22,9,121.521116,25.04789455
111,6,17,8,35,2,05中正區,中正區市民大道1段與中山北路1段口口,0,0,2,2,C03,8,1,5,40,14,9,1,5,4,5,7,1,1,1,4,5,2,13,2,55,2,8,1,1,7,14,1,10,1,13,,44,23,1,22,9,121.521116,25.04789455
111,6,17,8,35,2,05中正區,中正區重慶南路3段132巷口,0,0,1,1,B12,8,1,5,30,14,9,1,5,4,5,7,1,1,3,4,5,2,12,1,48,3,10,1,1,7,4,1,8,1,2,,1,1,1,22,9,121.5165974,25.024367
111,6,17,8,35,2,05中正區,中正區重慶南路3段132巷口,0,0,1,2,C03,8,1,5,30,14,9,1,5,4,5,7,1,1,3,4,5,2,12,1,62,2,9,1,1,7,9,1,10,1,14,,44,1,1,22,9,121.5165974,25.024367
111,6,17,8,39,2,12內湖區,內湖區康寧路3段189巷與康寧路3段189巷80弄口口,0,0,1,1,C03,8,1,5,30,3,1,1,5,4,5,7,4,4,10,5,5,2,16,2,36,2,9,1,1,7,5,1,10,1,11,,6,6,1,22,9,121.6125682,25.07253886
111,6,17,8,39,2,12內湖區,內湖區康寧路3段189巷與康寧路3段189巷80弄口口,0,0,1,2,B03,8,1,5,30,3,1,1,5,4,5,7,4,4,10,5,5,2,16,1,47,3,10,1,1,7,9,1,4,1,1,,14,6,1,22,9,121.6125682,25.07253886
111,6,17,8,40,2,07信義區,信義區信安街67巷81號,0,0,2,1,C03,8,1,5,40,14,7,1,5,4,5,7,4,4,9,4,4,2,13,1,26,2,9,1,1,7,8,1,10,1,13,,44,44,1,22,9,121.5596424,25.02594706
111,6,17,8,40,2,07信義區,信義區信安街67巷81號,0,0,2,2,C03,8,1,5,40,14,7,1,5,4,5,7,4,4,9,4,4,2,13,1,24,2,9,1,1,7,6,1,10,1,11,,9,44,1,22,9,121.5596424,25.02594706
111,6,17,8,45,2,10文山區,文山區和平東路4段113號,0,0,2,1,C03,8,1,5,50,14,9,1,5,4,5,7,4,4,8,5,5,1,13,1,19,2,8,1,1,7,9,1,10,2,11,,23,23,1,22,9,121.5683748,25.00488243
111,6,17,8,45,2,10文山區,文山區和平東路4段113號,0,0,2,2,C03,8,1,5,50,14,9,1,5,4,5,7,4,4,8,5,5,1,13,1,67,2,9,1,1,7,5,1,10,2,13,,8,23,1,22,9,121.5683748,25.00488243
111,6,17,8,47,2,12內湖區,內湖區文湖街與文湖街60巷口,0,0,2,1,B03,8,1,5,50,4,1,1,5,4,5,7,1,1,4,5,5,1,16,1,26,3,10,1,1,7,5,1,8,1,4,,44,44,1,22,9,121.5637878,25.085506
111,6,17,8,47,2,12內湖區,內湖區文湖街與文湖街60巷口,0,0,2,2,C03,8,1,5,50,4,1,1,5,4,5,7,1,1,4,5,5,1,16,1,77,2,7,1,1,7,4,1,10,1,12,,4,44,1,22,9,121.5637878,25.085506
111,6,17,8,47,2,12內湖區,內湖區文湖街與文湖街60巷口,0,0,2,3,H02,8,1,5,50,4,1,1,5,4,5,7,1,1,4,5,5,1,16,2,70,2,8,1,1,7,20,8,20,1,16,,67,44,1,22,9,121.5637878,25.085506
111,6,17,8,50,2,11南港區,南港區研究院路1段與忠孝東路7段口,0,0,2,1,C03,8,1,5,50,3,1,1,5,4,5,7,2,1,1,4,5,2,16,2,37,2,8,1,1,7,1,1,10,1,14,,19,19,1,21,8,121.6163169,25.05301885
111,6,17,8,50,2,11南港區,南港區研究院路1段與忠孝東路7段口,0,0,2,2,C03,8,1,5,50,3,1,1,5,4,5,7,2,1,1,4,5,2,16,2,25,2,7,1,1,7,9,1,10,1,12,,42,19,1,21,8,121.6163169,25.05301885
111,6,17,9,0,2,10文山區,文山區木柵路1段233號附近側附近6段,0,0,1,1,C03,8,1,5,50,14,9,1,5,4,5,7,2,1,1,4,5,2,13,2,32,2,9,1,1,7,9,1,10,1,11,,16,16,1,22,9,121.552268,24.9879959
111,6,17,9,0,2,10文山區,文山區木柵路1段233號附近側附近6段,0,0,1,2,B12,8,1,5,50,14,9,1,5,4,5,7,2,1,1,4,5,2,13,1,47,3,10,1,1,7,14,1,8,1,3,,44,16,1,22,9,121.552268,24.9879959
111,6,17,9,15,2,04大安區,大安區基隆路4段與羅斯福路4段口,0,0,5,4,H02,8,1,5,0,4,2,1,5,4,5,7,1,1,1,4,5,2,12,2,76,2,9,4,5,7,20,8,20,10,16,,67,23,1,22,9,121.5375013,25.01123438
111,6,17,9,15,2,04大安區,大安區基隆路4段與羅斯福路4段口,0,0,5,5,H02,8,1,5,0,4,2,1,5,4,5,7,1,1,1,4,5,2,12,2,52,2,9,4,5,7,20,8,20,10,16,,67,23,1,22,9,121.5375013,25.01123438
111,6,17,9,15,2,04大安區,大安區基隆路4段與羅斯福路4段口,0,0,5,1,B01,8,1,5,0,4,2,1,5,4,5,7,1,1,1,4,5,2,12,1,56,2,3,1,1,7,9,1,4,1,5,,23,23,1,22,9,121.5375013,25.01123438
111,6,17,9,15,2,04大安區,大安區基隆路4段與羅斯福路4段口,0,0,5,2,B03,8,1,5,0,4,2,1,5,4,5,7,1,1,1,4,5,2,12,1,47,2,3,1,1,7,7,1,8,1,8,,7,23,1,22,9,121.5375013,25.01123438
111,6,17,9,15,2,04大安區,大安區基隆路4段與羅斯福路4段口,0,0,5,3,H02,8,1,5,0,4,2,1,5,4,5,7,1,1,1,4,5,2,12,1,52,2,9,4,5,7,20,8,20,10,16,,67,23,1,22,9,121.5375013,25.01123438
111,6,17,9,18,2,01大同區,大同區環河北路2段與民族西路口,0,0,2,1,B03,8,1,5,50,3,1,1,5,4,5,7,2,1,1,4,5,2,16,1,68,3,10,1,1,7,6,1,8,1,2,,9,9,1,22,9,121.5092512,25.0686445
111,6,17,9,18,2,01大同區,大同區環河北路2段與民族西路口,0,0,2,2,C03,8,1,5,50,3,1,1,5,4,5,7,2,1,1,4,5,2,16,2,32,2,9,1,1,7,9,1,10,1,11,,26,9,1,22,9,121.5092512,25.0686445
111,6,17,9,18,2,01大同區,大同區環河北路2段與民族西路口,0,0,2,3,H02,8,1,5,50,3,1,1,5,4,5,7,2,1,1,4,5,2,16,1,36,2,8,4,5,7,21,8,20,10,16,,67,9,1,22,9,121.5092512,25.0686445
111,6,17,9,32,2,02萬華區,萬華區艋舺大道與西園路2段372巷口,0,0,1,1,B12,8,1,5,30,3,1,1,5,4,5,7,4,4,5,5,5,2,16,1,43,3,10,1,1,7,5,1,8,1,4,,6,6,1,22,9,121.4899176,25.02763701
111,6,17,9,32,2,02萬華區,萬華區艋舺大道與西園路2段372巷口,0,0,1,2,C03,8,1,5,30,3,1,1,5,4,5,7,4,4,5,5,5,2,16,1,56,2,9,1,1,7,9,1,10,1,11,,23,6,1,22,9,121.4899176,25.02763701
111,6,17,9,40,2,11南港區,南港區中坡南路與玉成街166巷口,0,0,1,1,B03,8,1,5,30,4,1,1,5,4,5,7,4,4,5,5,4,2,15,1,65,3,10,3,4,7,9,1,8,2,1,,6,6,1,22,9,121.5828392,25.0434321
111,6,17,9,40,2,11南港區,南港區中坡南路與玉成街166巷口,0,0,1,2,F01,8,1,5,30,4,1,1,5,4,5,7,4,4,5,5,4,2,15,1,16,2,9,1,1,7,9,8,20,2,16,,2,6,1,22,9,121.5828392,25.0434321
111,6,17,10,26,2,08士林區,士林區至誠路2段101號與無名巷口,0,0,3,1,F01,7,1,5,40,3,2,1,5,4,5,7,4,4,5,5,5,1,16,1,75,2,9,1,1,7,1,8,20,1,16,,19,19,1,22,9,121.5275412,25.10129013
111,6,17,10,26,2,08士林區,士林區至誠路2段101號與無名巷口,0,0,3,2,C03,7,1,5,40,3,2,1,5,4,5,7,4,4,5,5,5,1,16,2,23,2,9,1,1,7,9,1,10,1,11,,13,19,1,22,9,121.5275412,25.10129013
111,6,17,10,26,2,08士林區,士林區至誠路2段101號與無名巷口,0,0,3,3,H02,7,1,5,40,3,2,1,5,4,5,7,4,4,5,5,5,1,16,2,23,2,9,1,1,7,20,8,20,10,16,,67,19,1,22,9,121.5275412,25.10129013
111,6,17,11,5,2,12內湖區,內湖區新湖二路與新湖一路358巷口,0,0,2,1,B03,8,1,5,50,4,1,1,5,4,5,7,4,4,5,5,5,2,15,1,63,3,10,1,1,7,9,1,8,1,1,,6,6,1,22,9,121.5818724,25.06395811
111,6,17,11,5,2,12內湖區,內湖區新湖二路與新湖一路358巷口,0,0,2,2,C03,8,1,5,50,4,1,1,5,4,5,7,4,4,5,5,5,2,15,1,43,2,9,1,1,7,9,1,10,1,12,,44,6,1,22,9,121.5818724,25.06395811
111,6,17,11,5,2,12內湖區,內湖區新湖二路與新湖一路358巷口,0,0,2,3,C03,8,1,5,50,4,1,1,5,4,5,7,4,4,5,5,5,2,15,1,35,2,9,1,1,7,9,1,10,1,12,,44,6,1,22,9,121.5818724,25.06395811
111,6,17,11,27,2,07信義區,信義區虎林街120巷與忠孝東路5段345巷口,0,0,1,1,B03,8,1,5,30,4,1,1,5,4,5,7,4,4,10,5,5,2,17,1,54,3,10,1,1,7,9,1,8,1,1,,6,6,1,22,9,121.5740189,25.04215649
111,6,17,11,27,2,07信義區,信義區虎林街120巷與忠孝東路5段345巷口,0,0,1,2,C03,8,1,5,30,4,1,1,5,4,5,7,4,4,10,5,5,2,17,2,22,2,9,1,1,7,9,1,10,1,14,,6,6,1,22,9,121.5740189,25.04215649
111,6,17,11,35,2,07信義區,信義區松隆路322號,0,0,1,1,C03,8,1,5,50,14,9,1,5,4,5,7,4,4,1,4,5,2,17,1,42,2,7,1,1,7,9,1,10,2,11,,23,23,1,22,9,121.5769015,25.0479641
111,6,17,11,35,2,07信義區,信義區松隆路322號,0,0,1,2,B11,8,1,5,50,14,9,1,5,4,5,7,4,4,1,4,5,2,17,1,50,3,10,1,1,7,14,1,1,2,3,,38,23,1,22,9,121.5769015,25.0479641
111,6,17,11,35,2,07信義區,信義區松隆路322號,0,0,1,3,C03,8,1,5,50,14,9,1,5,4,5,7,4,4,1,4,5,2,17,1,59,3,10,3,4,7,13,7,19,9,12,,44,23,1,22,9,121.5769015,25.0479641
111,6,17,11,35,2,07信義區,信義區松隆路322號,0,0,1,4,C03,8,1,5,50,14,9,1,5,4,5,7,4,4,1,4,5,2,17,1,70,3,10,3,4,7,13,7,19,9,12,,44,23,1,22,9,121.5769015,25.0479641
111,6,17,11,35,2,07信義區,信義區松隆路322號,0,0,1,5,C04,8,1,5,50,14,9,1,5,4,5,7,4,4,1,4,5,2,17,2,41,3,10,3,4,7,13,7,19,9,12,,44,23,1,22,9,121.5769015,25.0479641
111,6,17,11,35,2,07信義區,信義區松隆路322號,0,0,1,6,C03,8,1,5,50,14,9,1,5,4,5,7,4,4,1,4,5,2,17,2,30,3,10,3,4,7,13,7,19,9,12,,44,23,1,22,9,121.5769015,25.0479641
111,6,17,11,35,2,07信義區,信義區松隆路322號,0,0,1,7,C03,8,1,5,50,14,9,1,5,4,5,7,4,4,1,4,5,2,17,1,48,3,10,3,4,7,13,7,19,9,12,,44,23,1,22,9,121.5769015,25.0479641
111,6,17,11,35,2,07信義區,信義區松隆路322號,0,0,1,8,C03,8,1,5,50,14,9,1,5,4,5,7,4,4,1,4,5,2,17,2,38,3,10,3,4,7,13,7,19,9,12,,44,23,1,22,9,121.5769015,25.0479641
111,6,17,11,49,2,01大同區,大同區重慶北路2段與民生西路口,0,0,1,1,C03,8,1,5,50,4,1,1,5,4,5,7,1,1,5,5,5,2,13,1,41,2,8,1,1,7,9,1,10,2,11,,16,16,1,22,9,121.5137802,25.05698036
111,6,17,11,49,2,01大同區,大同區重慶北路2段與民生西路口,0,0,1,2,B01,8,1,5,50,4,1,1,5,4,5,7,1,1,5,5,5,2,13,1,59,3,10,1,1,7,9,1,4,2,6,,44,16,1,22,9,121.5137802,25.05698036
111,6,17,11,54,2,03中山區,中山區松江路133巷與南京東路2段115巷口,0,0,1,1,B03,8,1,5,30,4,1,1,5,4,5,7,4,4,10,5,5,2,15,1,31,3,10,1,1,7,9,1,8,1,8,,6,6,1,22,9,121.5336463,25.054351
111,6,17,11,54,2,03中山區,中山區松江路133巷與南京東路2段115巷口,0,0,1,2,C03,8,1,5,30,4,1,1,5,4,5,7,4,4,10,5,5,2,15,1,25,2,9,1,1,7,9,1,10,1,11,,14,6,1,22,9,121.5336463,25.054351
111,6,17,11,59,2,07信義區,信義區忠孝東路5段與中坡北路口,0,0,2,1,C03,8,1,5,50,4,1,1,5,4,5,7,2,1,10,4,5,2,17,1,59,2,9,1,1,7,5,1,10,1,14,,8,8,1,22,9,121.5819034,25.0442501
111,6,17,11,59,2,07信義區,信義區忠孝東路5段與中坡北路口,0,0,2,2,C03,8,1,5,50,4,1,1,5,4,5,7,2,1,10,4,5,2,17,1,20,2,6,1,1,7,9,1,10,1,12,,23,8,1,22,9,121.5819034,25.0442501
111,6,17,12,20,2,07信義區,信義區忠孝東路5段236巷與松高路口,0,0,1,1,B03,8,1,5,50,4,1,1,5,4,5,7,2,1,10,5,5,2,17,1,62,3,10,1,1,7,5,1,8,1,8,,6,6,1,22,9,121.5717505,25.0390183
111,6,17,12,20,2,07信義區,信義區忠孝東路5段236巷與松高路口,0,0,1,2,C03,8,1,5,50,4,1,1,5,4,5,7,2,1,10,5,5,2,17,2,28,2,9,1,1,7,9,1,10,1,11,,44,6,1,22,9,121.5717505,25.0390183
111,6,17,12,40,2,12內湖區,內湖區舊宗路2段與民權東路6段11巷口,0,0,2,1,C04,8,1,5,50,3,2,1,5,4,5,7,2,1,1,4,5,2,13,1,23,2,8,1,1,7,9,1,10,1,11,,16,16,1,22,9,121.5747484,25.06741582
111,6,17,12,40,2,12內湖區,內湖區舊宗路2段與民權東路6段11巷口,0,0,2,2,C03,8,1,5,50,3,2,1,5,4,5,7,2,1,1,4,5,2,13,1,32,2,8,1,1,7,14,1,10,1,13,,44,16,1,22,9,121.5747484,25.06741582
111,6,17,13,8,2,02萬華區,萬華區內江街140號,0,0,1,1,B01,8,1,5,50,14,9,1,5,4,5,7,4,4,10,5,5,2,12,1,55,3,10,1,1,7,6,1,4,1,5,,9,9,1,22,9,121.502681,25.04166365
111,6,17,13,8,2,02萬華區,萬華區內江街140號,0,0,1,2,C04,8,1,5,50,14,9,1,5,4,5,7,4,4,10,5,5,2,12,1,39,2,9,1,1,7,9,1,10,1,14,,44,9,1,22,9,121.502681,25.04166365
111,6,17,13,45,2,12內湖區,內湖區瑞光路與瑞湖街口,0,0,1,1,B01,8,1,5,50,4,1,1,5,4,5,7,1,1,5,4,5,2,17,1,65,3,10,1,1,7,1,1,4,1,4,,19,19,1,22,9,121.5769413,25.07516441
111,6,17,13,45,2,12內湖區,內湖區瑞光路與瑞湖街口,0,0,1,2,C03,8,1,5,50,4,1,1,5,4,5,7,1,1,5,4,5,2,17,1,65,2,9,1,1,7,9,6,10,1,11,,23,19,1,22,9,121.5769413,25.07516441
111,6,17,14,49,2,06松山區,松山區健康路225巷與延壽街330巷17弄口口,0,0,2,2,C03,7,1,5,30,4,1,1,5,4,5,7,4,4,10,5,5,2,15,2,37,2,9,1,1,7,9,1,10,2,14,,23,6,1,22,9,121.5623443,25.05490334
111,6,17,14,49,2,06松山區,松山區健康路225巷與延壽街330巷17弄口口,0,0,2,1,C03,7,1,5,30,4,1,1,5,4,5,7,4,4,10,5,5,2,15,1,34,2,8,1,1,7,9,1,10,2,11,,6,6,1,22,9,121.5623443,25.05490334
111,6,17,15,3,2,09北投區,北投區光明路與中山路口,0,0,1,1,B12,8,1,5,50,5,1,1,5,4,5,7,2,1,5,4,5,2,12,1,57,3,10,1,1,7,8,1,8,1,2,,7,7,2,22,9,121.5040743,25.13701338
111,6,17,15,3,2,09北投區,北投區光明路與中山路口,0,0,1,2,C03,8,1,5,50,5,1,1,5,4,5,7,2,1,5,4,5,2,12,1,84,2,9,1,1,7,5,6,10,1,14,,8,7,1,22,9,121.5040743,25.13701338
111,6,17,15,45,2,12內湖區,內湖區港墘路與環山路2段口口,0,0,2,1,C03,8,1,5,50,3,1,1,5,4,5,7,2,1,5,4,5,2,16,1,24,2,8,1,1,7,1,1,10,1,14,,19,19,1,22,9,121.5782315,25.0840241
111,6,17,15,45,2,12內湖區,內湖區港墘路與環山路2段口口,0,0,2,2,C03,8,1,5,50,3,1,1,5,4,5,7,2,1,5,4,5,2,16,1,37,2,8,1,1,7,9,1,10,1,11,,13,19,1,22,9,121.5782315,25.0840241
111,6,17,15,45,2,11南港區,南港區研究院路1段2號對面,0,0,1,1,C03,8,1,5,50,14,9,1,5,4,5,7,4,4,1,2,5,2,17,1,21,3,10,3,4,7,7,1,10,1,15,,7,7,1,22,9,121.6166279,25.0548257
111,6,17,15,45,2,11南港區,南港區研究院路1段2號對面,0,0,1,2,C03,8,1,5,50,14,9,1,5,4,5,7,4,4,1,2,5,2,17,1,20,2,7,1,4,7,9,1,10,1,14,,42,7,1,22,9,121.6166279,25.0548257
111,6,17,16,1,2,03中山區,中山區中山北路2段與錦西街口,0,0,1,1,B03,7,1,5,50,4,1,1,5,4,5,7,2,1,1,1,1,1,17,1,66,3,10,3,4,7,9,1,8,1,15,,23,23,1,22,9,121.52309,25.06032226
111,6,17,16,1,2,03中山區,中山區中山北路2段與錦西街口,0,0,1,2,C03,7,1,5,50,4,1,1,5,4,5,7,2,1,1,1,1,1,17,1,62,2,9,3,4,7,1,1,10,1,12,,23,23,1,22,9,121.52309,25.06032226
111,6,17,16,10,2,07信義區,信義區虎林街66巷2號,0,0,3,1,C03,8,1,5,30,14,9,1,5,4,5,7,4,4,10,5,5,2,14,1,44,2,7,1,1,7,2,1,10,1,13,,12,12,1,22,9,121.576841,25.04480265
111,6,17,16,10,2,07信義區,信義區虎林街66巷2號,0,0,3,2,G06,8,1,5,30,14,9,1,5,4,5,7,4,4,10,5,5,2,14,2,43,2,9,4,1,7,9,7,19,1,15,,23,12,1,22,9,121.576841,25.04480265
111,6,17,16,10,2,07信義區,信義區虎林街66巷2號,0,0,3,3,H02,8,1,5,30,14,9,1,5,4,5,7,4,4,10,5,5,2,14,2,65,2,9,4,5,7,20,8,20,10,16,,67,12,1,22,9,121.576841,25.04480265
111,6,17,16,35,2,09北投區,北投區石牌路1段71巷與石牌路1段71巷9弄口,0,0,1,1,C03,8,1,5,30,4,1,1,5,4,5,7,4,4,10,5,5,2,16,1,52,2,9,1,1,7,9,1,9,1,11,,6,6,1,22,9,121.5110481,25.11409139
111,6,17,16,35,2,09北投區,北投區石牌路1段71巷與石牌路1段71巷9弄口,0,0,1,2,B03,8,1,5,30,4,1,1,5,4,5,7,4,4,10,5,5,2,16,2,49,3,10,1,1,7,9,1,8,1,5,,23,6,1,22,9,121.5110481,25.11409139
111,6,17,16,45,2,06松山區,松山區南京東路5段與塔悠路口口,0,0,1,1,B03,7,1,5,50,5,1,1,5,4,5,7,2,1,10,5,4,2,11,1,34,3,10,1,1,7,8,1,8,2,5,,7,7,1,22,9,121.5704902,25.05143235
111,6,17,16,45,2,06松山區,松山區南京東路5段與塔悠路口口,0,0,1,2,C03,7,1,5,50,5,1,1,5,4,5,7,2,1,10,5,4,2,11,1,46,2,9,1,1,7,7,1,10,2,14,,7,7,1,22,9,121.5704902,25.05143235
111,6,17,17,17,2,11南港區,南港區昆陽街161號,0,0,1,1,B03,8,1,5,50,14,9,1,5,4,5,7,4,4,5,4,5,2,16,2,40,3,10,1,1,7,5,1,8,1,2,,8,8,1,21,8,121.5943059,25.04916552
111,6,17,17,17,2,11南港區,南港區昆陽街161號,0,0,1,2,C03,8,1,5,50,14,9,1,5,4,5,7,4,4,5,4,5,2,16,1,41,2,8,1,1,7,9,1,10,1,11,,44,8,1,21,8,121.5943059,25.04916552