發生年度,發生月,發生日,發生時-Hours,發生分,處理別-編號,區序,肇事地點,死亡人數,2-30日死亡人數,受傷人數,當事人序號,車種,天候,光線,道路類別,速限-速度限制,道路型態,事故位置,路面狀況1,路面狀況2,路面狀況3,道路障礙1,道路障礙2,號誌1,號誌2,車道劃分-分向,車道劃分-分道1,車道劃分-分道2,車道劃分-分道3,事故類型及型態,性別,年齡,受傷程度,主要傷處,安全帽,行動電話,車輛用途,當事者行動狀態,駕駛資格情形,駕駛執照種類,飲酒情形,車輛撞擊部位1,車輛撞擊部位2,肇因碼-個別,肇因碼-主要,個人肇逃否,職業,旅次目的,座標-X,座標-Y
111,6,17,17,22,2,03中山區,中山區南京東路2段115巷與松江路123巷口,0,0,1,1,C03,8,1,5,30,14,9,1,5,4,5,5,4,4,10,5,5,2,16,1,38,2,9,1,1,7,9,1,10,1,12,,6,6,1,22,9,121.5336305,25.05290851
111,6,17,17,22,2,03中山區,中山區南京東路2段115巷與松江路123巷口,0,0,1,2,B03,8,1,5,30,14,9,1,5,4,5,5,4,4,10,5,5,2,16,1,59,3,10,1,1,7,9,1,8,1,1,,44,6,1,22,9,121.5336305,25.05290851
111,6,17,17,22,2,03中山區,中山區南京東路2段115巷與松江路123巷口,0,0,1,3,B02,8,1,5,30,14,9,1,5,4,5,5,4,4,10,5,5,2,16,1,69,3,10,1,1,7,13,1,8,9,15,,38,6,1,22,9,121.5336305,25.05290851
111,6,17,17,30,2,06松山區,松山區南京東路5段與基隆路1段口,0,0,1,2,C03,8,2,5,50,5,2,1,5,4,5,7,2,1,1,5,5,2,12,1,19,2,9,3,4,7,6,1,10,11,12,,9,42,1,22,9,121.5702103,25.0510828
111,6,17,17,30,2,06松山區,松山區南京東路5段與基隆路1段口,0,0,1,1,C03,8,2,5,50,5,2,1,5,4,5,7,2,1,1,5,5,2,12,1,59,4,11,3,4,7,15,7,19,11,15,,42,42,2,22,9,121.5702103,25.0510828
111,6,17,17,36,2,03中山區,中山區松江路133巷與南京東路2段115巷口,0,0,2,1,C03,8,1,5,30,4,1,1,5,4,5,7,4,4,10,3,5,1,16,2,30,2,8,1,1,7,9,1,10,1,13,,6,6,1,22,9,121.5336371,25.0543568
111,6,17,17,36,2,03中山區,中山區松江路133巷與南京東路2段115巷口,0,0,2,2,C03,8,1,5,30,4,1,1,5,4,5,7,4,4,10,3,5,1,16,2,24,2,9,1,1,7,9,1,10,1,11,,23,6,1,22,9,121.5336371,25.0543568
111,6,17,17,37,2,08士林區,士林區德行東路109巷與士東路46巷口,0,0,1,1,C03,8,1,5,30,4,2,1,5,4,5,7,4,4,9,4,5,2,8,1,57,3,10,1,1,7,9,1,10,2,11,,23,23,1,22,9,121.5287798,25.11090844
111,6,17,17,37,2,08士林區,士林區德行東路109巷與士東路46巷口,0,0,1,2,H01,8,1,5,30,4,2,1,5,4,5,7,4,4,9,4,5,2,8,2,68,2,9,4,5,8,17,8,20,2,16,,67,23,1,22,9,121.5287798,25.11090844
111,6,17,17,45,2,11南港區,南港區南港路3段104號與南港路3段口,0,0,1,1,C03,8,1,5,50,3,1,1,5,4,5,7,4,4,9,4,5,2,12,1,19,2,9,1,1,7,7,1,10,1,14,,23,23,1,22,9,121.5901398,25.0535151
111,6,17,17,45,2,11南港區,南港區南港路3段104號與南港路3段口,0,0,1,2,B03,8,1,5,50,3,1,1,5,4,5,7,4,4,9,4,5,2,12,1,53,3,10,3,4,7,14,1,8,1,2,,44,23,1,22,9,121.5901398,25.0535151
111,6,17,17,57,2,11南港區,南港區大坑街與舊莊街1段91巷口,0,0,1,1,B01,8,1,5,30,4,2,1,5,4,5,7,4,4,5,4,5,2,15,1,59,3,10,1,1,7,9,1,8,1,1,,6,6,1,22,9,121.6202833,25.0418546
111,6,17,17,57,2,11南港區,南港區大坑街與舊莊街1段91巷口,0,0,1,2,C03,8,1,5,30,4,2,1,5,4,5,7,4,4,5,4,5,2,15,2,39,2,9,1,1,7,9,1,10,1,11,,23,6,1,22,9,121.6202833,25.0418546
111,6,17,18,2,2,07信義區,信義區永吉路278巷與永吉路278巷57弄口,0,0,2,1,C03,8,1,8,30,4,1,1,5,4,5,7,4,4,5,5,5,1,15,1,56,2,9,1,1,7,9,1,10,1,11,,6,6,1,22,9,121.5741515,25.0445969
111,6,17,18,2,2,07信義區,信義區永吉路278巷與永吉路278巷57弄口,0,0,2,2,C03,8,1,8,30,4,1,1,5,4,5,7,4,4,5,5,5,1,15,1,19,2,7,1,4,7,4,1,10,1,11,,26,6,1,22,9,121.5741515,25.0445969
111,6,17,18,6,2,12內湖區,內湖區金龍路與內湖路3段115巷口口,0,0,2,1,C03,8,3,5,50,3,1,1,5,4,5,7,2,1,5,4,5,2,16,1,58,2,8,1,1,7,5,1,10,1,12,,6,6,1,22,9,121.590271,25.08582368
111,6,17,18,6,2,12內湖區,內湖區金龍路與內湖路3段115巷口口,0,0,2,2,C03,8,3,5,50,3,1,1,5,4,5,7,2,1,5,4,5,2,16,2,20,2,9,1,1,7,9,1,10,1,11,,43,6,1,22,9,121.590271,25.08582368
111,6,17,18,11,2,01大同區,大同區長安西路78巷與長安西路78巷2弄口,0,0,1,1,C03,8,1,5,30,4,1,1,5,4,5,7,4,4,8,5,5,1,15,1,19,2,9,1,1,7,9,1,10,2,12,,6,6,1,22,9,121.5196403,25.0499537
111,6,17,18,11,2,01大同區,大同區長安西路78巷與長安西路78巷2弄口,0,0,1,2,B01,8,1,5,30,4,1,1,5,4,5,7,4,4,8,5,5,1,15,1,30,3,10,1,1,7,9,1,8,2,1,,23,6,1,22,9,121.5196403,25.0499537
111,6,17,18,12,2,10文山區,文山區羅斯福路6段280號,0,0,1,1,B03,8,1,5,30,14,9,1,5,4,5,7,4,4,10,5,5,2,2,1,47,3,10,1,1,7,9,1,8,2,5,,23,23,1,22,9,121.5399685,24.99136169
111,6,17,18,12,2,10文山區,文山區羅斯福路6段280號,0,0,1,2,H01,8,1,5,30,14,9,1,5,4,5,7,4,4,10,5,5,2,2,1,91,2,8,4,5,8,16,8,20,10,16,,67,23,1,22,9,121.5399685,24.99136169
111,6,17,18,12,2,10文山區,文山區羅斯福路6段280號,0,0,1,3,B03,8,1,5,30,14,9,1,5,4,5,7,4,4,10,5,5,2,2,1,53,3,10,1,1,7,14,1,8,9,15,,44,23,1,22,9,121.5399685,24.99136169
111,6,17,18,24,2,01大同區,大同區民權西路104-1號對面,0,0,1,1,C03,8,3,5,50,14,9,1,5,4,5,7,4,4,1,4,5,2,12,4,,4,11,3,4,7,15,7,19,11,15,,43,43,2,22,9,121.5178579,25.06299004
111,6,17,18,24,2,01大同區,大同區民權西路104-1號對面,0,0,1,2,C03,8,3,5,50,14,9,1,5,4,5,7,4,4,1,4,5,2,12,2,32,2,7,1,4,7,9,1,10,2,11,,43,43,1,22,9,121.5178579,25.06299004
111,6,17,18,27,2,08士林區,士林區德行西路7號,0,0,1,1,C04,7,1,5,50,14,9,1,5,4,5,7,4,4,5,4,5,1,17,1,42,2,8,1,1,7,7,1,10,1,13,,7,7,1,22,9,121.524461,25.10626991
111,6,17,18,27,2,08士林區,士林區德行西路7號,0,0,1,2,B03,7,1,5,50,14,9,1,5,4,5,7,4,4,5,4,5,1,17,2,45,3,10,1,1,7,9,1,8,1,5,,44,7,1,22,9,121.524461,25.10626991
111,6,17,18,48,2,05中正區,中正區羅斯福路1段4號,0,0,1,1,B03,8,3,5,30,14,9,1,5,4,5,7,4,4,10,5,5,2,16,1,54,3,10,1,1,7,1,1,8,2,1,,19,19,1,22,9,121.5171529,25.03409896
111,6,17,18,48,2,05中正區,中正區羅斯福路1段4號,0,0,1,2,F01,8,3,5,30,14,9,1,5,4,5,7,4,4,10,5,5,2,16,1,24,2,9,1,1,7,9,8,20,2,16,,26,19,1,22,9,121.5171529,25.03409896
111,6,17,18,50,2,03中山區,中山區民權東路1段12巷與民權東路1段口,0,0,1,1,B03,8,3,5,50,3,1,1,5,4,5,7,4,4,7,2,5,2,2,1,67,3,10,1,1,7,6,1,8,1,1,,15,15,1,5,5,121.5236252,25.0626182
111,6,17,18,50,2,03中山區,中山區民權東路1段12巷與民權東路1段口,0,0,1,2,H01,8,3,5,50,3,1,1,5,4,5,7,4,4,7,2,5,2,2,2,47,2,9,4,5,8,16,8,20,1,16,,67,15,1,5,5,121.5236252,25.0626182
111,6,17,19,50,2,02萬華區,萬華區環河南路1段與內江街口,0,0,1,1,C03,8,3,5,50,3,2,1,5,4,4,7,1,1,5,4,5,1,24,1,31,3,10,1,1,7,9,1,9,2,12,,43,43,1,22,9,121.5000596,25.04186845
111,6,17,19,50,2,02萬華區,萬華區環河南路1段與內江街口,0,0,1,2,H03,8,3,5,50,3,2,1,5,4,4,7,1,1,5,4,5,1,24,1,63,3,10,3,5,8,20,8,20,11,16,,67,43,1,22,9,121.5000596,25.04186845
111,6,17,19,50,2,02萬華區,萬華區環河南路1段與內江街口,0,0,1,3,H02,8,3,5,50,3,2,1,5,4,4,7,1,1,5,4,5,1,24,2,40,2,8,1,5,7,20,8,20,10,16,,67,43,1,22,9,121.5000596,25.04186845
111,6,17,20,0,2,04大安區,大安區市民大道3段與復興南路1段口,0,0,1,1,B02,7,3,5,40,5,1,1,5,4,5,7,1,1,8,3,5,2,13,1,59,3,10,1,1,7,9,1,8,1,5,,23,23,1,22,9,121.5439426,25.04475979
111,6,17,20,0,2,04大安區,大安區市民大道3段與復興南路1段口,0,0,1,2,C03,7,3,5,40,5,1,1,5,4,5,7,1,1,8,3,5,2,13,1,35,2,9,1,1,7,9,1,10,1,14,,44,23,1,22,9,121.5439426,25.04475979
111,6,17,20,20,2,10文山區,文山區老泉街26巷大春幹37號燈桿,0,0,1,1,C03,8,3,5,30,14,9,1,5,4,5,7,4,4,10,5,5,1,18,1,22,2,7,3,4,7,9,1,10,1,14,,43,43,1,22,9,121.5671383,24.96745243
111,6,17,20,20,2,10文山區,文山區老泉街26巷大春幹37號燈桿,0,0,1,2,,8,3,5,30,14,9,1,5,4,5,7,4,4,10,5,5,1,18,3,,,,,,,,,,,,,67,43,1,,,121.5671383,24.96745243
111,6,17,20,36,2,07信義區,信義區松壽路與松高路20巷口,0,0,1,1,B03,8,3,5,30,4,1,1,5,4,5,7,4,4,9,4,5,2,17,1,43,2,3,1,1,7,5,1,8,1,2,,8,8,1,22,9,121.5675947,25.03586745
111,6,17,20,36,2,07信義區,信義區松壽路與松高路20巷口,0,0,1,2,B03,8,3,5,30,4,1,1,5,4,5,7,4,4,9,4,5,2,17,2,20,3,10,1,1,7,7,1,8,1,8,,7,8,1,22,9,121.5675947,25.03586745
111,6,17,21,45,2,09北投區,北投區義理街與義理街49巷口,0,0,1,1,B03,8,3,5,50,4,1,1,5,4,5,7,4,4,5,5,5,1,17,1,24,3,10,1,1,7,1,1,8,1,8,,19,19,1,22,9,121.5155844,25.1169263
111,6,17,21,45,2,09北投區,北投區義理街與義理街49巷口,0,0,1,2,C03,8,3,5,50,4,1,1,5,4,5,7,4,4,5,5,5,1,17,1,47,2,9,1,1,7,9,1,10,1,12,,44,19,1,22,9,121.5155844,25.1169263
111,6,17,22,8,2,01大同區,大同區平陽街22號,0,0,1,1,B03,7,3,5,50,14,9,1,5,4,5,7,4,4,9,4,5,1,14,1,29,3,10,1,1,7,2,1,8,1,3,,12,12,1,22,9,121.5160203,25.05530987
111,6,17,22,8,2,01大同區,大同區平陽街22號,0,0,1,2,C03,7,3,5,50,14,9,1,5,4,5,7,4,4,9,4,5,1,14,1,32,2,9,1,1,7,14,1,10,1,11,,44,12,1,22,9,121.5160203,25.05530987
111,6,17,22,36,2,06松山區,松山區塔悠路105號,0,0,2,1,C03,8,3,5,50,14,9,1,5,4,5,7,2,1,1,4,5,2,13,1,18,2,9,1,1,7,9,1,10,1,11,,23,23,1,22,9,121.5699896,25.0543535
111,6,17,22,36,2,06松山區,松山區塔悠路105號,0,0,2,2,C03,8,3,5,50,14,9,1,5,4,5,7,2,1,1,4,5,2,13,1,19,2,9,1,1,7,14,1,10,1,13,,44,23,1,22,9,121.5699896,25.0543535
111,6,17,23,5,2,06松山區,松山區三民路與三民路29巷口口,0,0,2,1,B03,7,3,5,50,4,1,1,5,4,5,7,4,4,5,5,5,2,16,1,66,3,10,1,1,7,5,1,8,2,5,,8,8,1,22,9,121.5637822,25.05501601
111,6,17,23,5,2,06松山區,松山區三民路與三民路29巷口口,0,0,2,2,C03,7,3,5,50,4,1,1,5,4,5,7,4,4,5,5,5,2,16,1,18,2,9,1,1,7,9,3,18,2,11,,27,8,1,22,9,121.5637822,25.05501601
111,6,17,23,5,2,06松山區,松山區三民路與三民路29巷口口,0,0,2,3,H02,7,3,5,50,4,1,1,5,4,5,7,4,4,5,5,5,2,16,2,17,2,9,4,5,7,21,8,20,10,16,,67,8,1,22,9,121.5637822,25.05501601
111,6,17,23,21,2,05中正區,中正區中華路2段291號,0,0,2,1,C03,8,3,5,30,14,8,1,5,4,5,7,4,4,9,4,4,2,3,2,50,2,9,1,1,7,9,1,10,2,11,,23,23,1,22,9,121.5044944,25.02959111
111,6,17,23,21,2,05中正區,中正區中華路2段291號,0,0,2,2,H01,8,3,5,30,14,8,1,5,4,5,7,4,4,9,4,4,2,3,2,53,2,9,4,5,8,16,8,20,10,16,,53,23,1,22,9,121.5044944,25.02959111
111,6,17,23,42,2,03中山區,中山區中山北路2段183號,0,0,1,1,B01,8,3,5,50,14,9,1,5,4,5,7,4,4,9,4,5,2,12,1,49,3,10,1,1,7,9,1,4,2,4,,43,43,1,10,4,121.5225675,25.06351103
111,6,17,23,42,2,03中山區,中山區中山北路2段183號,0,0,1,2,C03,8,3,5,50,14,9,1,5,4,5,7,4,4,9,4,5,2,12,1,32,2,9,1,1,7,9,1,10,2,12,,43,43,1,5,8,121.5225675,25.06351103
111,6,18,0,10,2,12內湖區,內湖區文德路與文德路101巷口,0,0,2,1,C03,8,1,5,50,4,1,1,5,4,5,7,2,1,1,4,5,2,16,2,26,2,8,1,1,7,1,1,10,1,14,,19,19,1,22,9,121.5835561,25.07854485
111,6,18,0,10,2,12內湖區,內湖區文德路與文德路101巷口,0,0,2,2,C03,8,1,5,50,4,1,1,5,4,5,7,2,1,1,4,5,2,16,1,39,2,9,1,1,7,9,1,10,1,11,,14,19,1,22,9,121.5835561,25.07854485
111,6,18,5,23,2,02萬華區,萬華區大理街159巷與和平西路3段218巷口,0,0,1,1,B12,8,1,5,30,3,1,1,5,4,5,7,4,4,10,5,5,1,17,1,53,3,10,1,1,7,9,1,8,9,2,,42,42,2,22,9,121.4958922,25.03464826
111,6,18,5,23,2,02萬華區,萬華區大理街159巷與和平西路3段218巷口,0,0,1,2,C03,8,1,5,30,3,1,1,5,4,5,7,4,4,10,5,5,1,17,1,18,2,8,1,1,7,5,1,10,2,12,,6,42,1,22,9,121.4958922,25.03464826
111,6,18,6,36,2,08士林區,士林區仰德大道3段120號,0,0,1,1,C01,8,1,5,40,14,9,1,5,4,5,7,4,4,4,5,5,1,13,1,32,3,10,1,1,7,9,1,9,1,11,,43,43,1,22,9,121.5517778,25.12262293
111,6,18,6,36,2,08士林區,士林區仰德大道3段120號,0,0,1,2,F01,8,1,5,40,14,9,1,5,4,5,7,4,4,4,5,5,1,13,1,36,2,9,1,1,7,9,8,20,1,16,,43,43,1,22,9,121.5517778,25.12262293
111,6,18,7,25,2,12內湖區,內湖區新湖一路200號對面,0,0,1,1,B03,8,1,5,50,14,9,1,5,4,5,7,4,4,7,4,5,2,16,1,27,3,10,1,1,7,5,1,8,1,5,,8,8,1,22,9,121.5806354,25.06114492
111,6,18,7,25,2,12內湖區,內湖區新湖一路200號對面,0,0,1,2,C03,8,1,5,50,14,9,1,5,4,5,7,4,4,7,4,5,2,16,1,24,2,9,1,1,7,9,1,10,1,11,,13,8,1,22,9,121.5806354,25.06114492
111,6,18,7,50,2,10文山區,文山區辛亥路7段與光輝路21巷口,0,0,1,1,B03,8,1,5,50,3,2,1,5,4,5,7,3,1,5,4,4,2,17,1,26,3,10,1,1,7,5,1,8,1,15,,6,6,1,22,9,121.553884,24.98549895
111,6,18,7,50,2,10文山區,文山區辛亥路7段與光輝路21巷口,0,0,1,2,C03,8,1,5,50,3,2,1,5,4,5,7,3,1,5,4,4,2,17,1,27,2,9,1,1,7,9,1,10,1,12,,14,6,1,22,9,121.553884,24.98549895
111,6,18,8,14,2,09北投區,北投區泉源路014燈桿,0,0,1,1,B02,8,1,5,40,11,9,1,5,4,5,1,4,4,10,4,5,1,11,1,64,3,10,1,1,7,5,1,8,1,4,,4,4,1,22,9,121.5294583,25.14544782
111,6,18,8,14,2,09北投區,北投區泉源路014燈桿,0,0,1,2,F02,8,1,5,40,11,9,1,5,4,5,1,4,4,10,4,5,1,11,1,64,2,6,1,1,7,6,8,20,1,16,,44,4,1,22,9,121.5294583,25.14544782
111,6,18,9,0,2,12內湖區,內湖區安康路28-1號前,0,0,1,1,B12,8,1,5,50,14,9,1,5,4,5,7,4,4,5,4,5,2,16,1,62,3,10,1,1,7,11,1,8,1,4,,10,10,1,22,9,121.5938848,25.06260088
111,6,18,9,0,2,12內湖區,內湖區安康路28-1號前,0,0,1,2,C03,8,1,5,50,14,9,1,5,4,5,7,4,4,5,4,5,2,16,1,39,2,9,1,1,7,9,1,10,1,11,,44,10,1,22,9,121.5938848,25.06260088
111,6,18,9,36,2,07信義區,信義區永吉路與松山路口口,0,0,1,1,C03,8,1,5,50,4,2,1,5,4,5,7,2,1,1,4,5,2,12,2,66,2,6,1,1,7,9,1,10,1,14,,43,43,1,22,9,121.577751,25.0452199
111,6,18,9,36,2,07信義區,信義區永吉路與松山路口口,0,0,1,2,B02,8,1,5,50,4,2,1,5,4,5,7,2,1,1,4,5,2,12,1,32,3,10,1,1,7,9,1,8,1,2,,43,43,1,22,9,121.577751,25.0452199
111,6,18,9,36,2,07信義區,信義區永吉路與松山路口口,0,0,1,3,B03,8,1,5,50,4,2,1,5,4,5,7,2,1,1,4,5,2,12,1,67,3,10,1,1,7,14,1,8,9,15,,43,43,1,22,9,121.577751,25.0452199
111,6,18,10,36,2,11南港區,南港區研究院路2段12巷5號與研究院路2段12巷14弄口,0,0,1,1,C03,8,1,5,30,3,2,1,5,4,5,7,4,4,8,4,5,2,16,2,72,2,9,1,1,7,6,4,8,1,11,,6,6,1,22,9,121.6149351,25.04761321
111,6,18,10,36,2,11南港區,南港區研究院路2段12巷5號與研究院路2段12巷14弄口,0,0,1,2,B03,8,1,5,30,3,2,1,5,4,5,7,4,4,8,4,5,2,16,2,47,3,10,1,1,7,9,1,8,1,5,,23,6,1,22,9,121.6149351,25.04761321
111,6,18,10,37,2,06松山區,松山區八德路3段106巷與八德路3段口,0,0,1,1,B03,8,1,5,30,3,2,1,5,4,5,7,4,4,8,5,5,2,11,1,55,3,10,1,1,7,14,1,8,1,15,,40,40,1,22,9,121.5536652,25.04795795
111,6,18,10,37,2,06松山區,松山區八德路3段106巷與八德路3段口,0,0,1,2,C03,8,1,5,30,3,2,1,5,4,5,7,4,4,8,5,5,2,11,1,32,2,9,1,1,7,4,1,10,1,12,,1,40,1,22,9,121.5536652,25.04795795
111,6,18,10,37,2,06松山區,松山區八德路3段106巷與八德路3段口,0,0,1,3,B03,8,1,5,30,3,2,1,5,4,5,7,4,4,8,5,5,2,11,1,62,3,10,1,1,7,14,1,8,1,15,,44,40,1,22,9,121.5536652,25.04795795
111,6,18,10,37,2,06松山區,松山區八德路3段106巷與八德路3段口,0,0,1,4,B12,8,1,5,30,3,2,1,5,4,5,7,4,4,8,5,5,2,11,1,53,3,10,1,1,7,14,1,8,1,4,,44,40,1,22,9,121.5536652,25.04795795
111,6,18,10,38,2,08士林區,士林區天母西路與天母西路83巷口,0,0,2,1,C03,8,1,5,50,3,2,1,5,4,5,7,4,4,9,5,5,1,16,2,42,2,7,1,1,7,11,1,10,1,14,,10,10,1,22,9,121.5249956,25.1184783
111,6,18,10,38,2,08士林區,士林區天母西路與天母西路83巷口,0,0,2,2,C03,8,1,5,50,3,2,1,5,4,5,7,4,4,9,5,5,1,16,2,21,2,4,1,1,7,9,1,10,1,11,,44,10,1,22,9,121.5249956,25.1184783
111,6,18,10,40,2,03中山區,中山區濱江街136號與濱江街口,0,0,1,2,C03,8,1,5,50,3,1,1,5,4,5,7,4,4,10,4,5,2,9,2,34,2,1,1,4,7,6,1,9,1,15,,44,59,1,22,9,121.5352124,25.07228916
111,6,18,10,40,2,03中山區,中山區濱江街136號與濱江街口,0,0,1,1,H03,8,1,5,50,3,1,1,5,4,5,7,4,4,10,4,5,2,9,1,52,3,10,4,5,8,20,8,20,10,16,,59,59,1,22,9,121.5352124,25.07228916
111,6,18,10,45,2,12內湖區,內湖區康樂街與康樂街131巷口,0,0,1,1,B12,8,1,5,30,3,1,1,5,4,5,7,4,4,9,4,5,2,16,1,64,3,10,1,1,7,5,6,8,1,1,,6,6,1,22,9,121.6196617,25.07389725
111,6,18,10,45,2,12內湖區,內湖區康樂街與康樂街131巷口,0,0,1,2,C03,8,1,5,30,3,1,1,5,4,5,7,4,4,9,4,5,2,16,1,21,2,9,1,1,7,9,1,10,1,12,,44,6,1,22,9,121.6196617,25.07389725
111,6,18,10,47,2,07信義區,信義區松信路103號,0,0,3,1,B03,8,1,5,0,14,11,1,5,4,5,7,4,4,8,3,5,2,17,1,29,2,1,1,1,7,14,1,8,1,4,,40,40,1,22,9,121.572129,25.04507619
111,6,18,10,47,2,07信義區,信義區松信路103號,0,0,3,2,C03,8,1,5,0,14,11,1,5,4,5,7,4,4,8,3,5,2,17,1,35,2,9,1,1,7,9,1,10,1,12,,44,40,1,22,9,121.572129,25.04507619
111,6,18,10,47,2,07信義區,信義區松信路103號,0,0,3,3,H02,8,1,5,0,14,11,1,5,4,5,7,4,4,8,3,5,2,17,2,33,2,9,4,5,7,20,8,20,10,16,,67,40,1,22,9,121.572129,25.04507619
111,6,18,10,50,2,05中正區,中正區金山南路1段與臨沂街32巷口,0,0,1,1,B03,8,1,5,50,3,1,1,5,4,3,7,4,4,1,4,5,2,17,1,37,3,10,1,1,7,6,1,8,2,5,,9,9,1,22,9,121.528987,25.03985389
111,6,18,10,50,2,05中正區,中正區金山南路1段與臨沂街32巷口,0,0,1,2,C03,8,1,5,50,3,1,1,5,4,3,7,4,4,1,4,5,2,17,2,24,2,9,1,1,7,9,1,10,2,14,,23,9,1,22,9,121.528987,25.03985389
111,6,18,10,50,2,05中正區,中正區金山南路1段與臨沂街32巷口,0,0,1,3,B12,8,1,5,50,3,1,1,5,4,3,7,4,4,1,4,5,2,17,1,50,3,10,1,1,7,14,1,8,2,15,,38,9,1,22,9,121.528987,25.03985389
111,6,18,11,45,2,12內湖區,內湖區成功路3段與成功路3段76巷口,0,0,2,1,C03,8,1,5,50,3,1,1,5,4,5,7,4,4,1,4,5,2,13,2,46,2,9,1,1,7,9,1,10,1,11,,16,16,1,22,9,121.5896429,25.07825579
111,6,18,11,45,2,12內湖區,內湖區成功路3段與成功路3段76巷口,0,0,2,2,B03,8,1,5,50,3,1,1,5,4,5,7,4,4,1,4,5,2,13,1,24,3,10,1,1,7,14,1,8,1,6,,44,16,1,22,9,121.5896429,25.07825579
111,6,18,11,45,2,12內湖區,內湖區成功路3段與成功路3段76巷口,0,0,2,3,H02,8,1,5,50,3,1,1,5,4,5,7,4,4,1,4,5,2,13,2,15,2,9,1,1,7,21,8,20,10,16,,67,16,1,22,9,121.5896429,25.07825579
111,6,18,11,49,2,08士林區,士林區延平北路7段106巷327弄與延平北路7段106巷口,0,0,1,1,C03,8,1,5,30,3,1,1,5,4,5,7,1,1,10,5,5,1,16,1,66,3,10,1,1,7,5,1,10,1,11,,8,8,1,22,9,121.4959292,25.10453472
111,6,18,11,49,2,08士林區,士林區延平北路7段106巷327弄與延平北路7段106巷口,0,0,1,2,C03,8,1,5,30,3,1,1,5,4,5,7,1,1,10,5,5,1,16,1,20,2,7,1,1,7,9,1,10,1,12,,44,8,1,22,9,121.4959292,25.10453472
111,6,18,12,0,2,03中山區,中山區民生東路2段與合江街口,0,0,4,2,C03,8,1,5,50,4,1,1,5,4,5,7,1,1,3,4,5,2,12,1,23,2,9,1,1,7,9,1,10,1,11,12,23,7,1,22,9,121.5391975,25.05774169
111,6,18,12,0,2,03中山區,中山區民生東路2段與合江街口,0,0,4,3,C03,8,1,5,50,4,1,1,5,4,5,7,1,1,3,4,5,2,12,2,49,2,9,1,1,7,9,1,10,1,11,14,44,7,1,22,9,121.5391975,25.05774169
111,6,18,12,0,2,03中山區,中山區民生東路2段與合江街口,0,0,4,4,H02,8,1,5,50,4,1,1,5,4,5,7,1,1,3,4,5,2,12,1,23,2,8,4,5,7,20,8,20,10,16,,67,7,1,22,9,121.5391975,25.05774169
111,6,18,12,0,2,03中山區,中山區民生東路2段與合江街口,0,0,4,5,H02,8,1,5,50,4,1,1,5,4,5,7,1,1,3,4,5,2,12,2,69,2,9,4,5,7,20,8,20,10,16,,67,7,1,22,9,121.5391975,25.05774169
111,6,18,12,0,2,03中山區,中山區民生東路2段與合江街口,0,0,4,1,B01,8,1,5,50,4,1,1,5,4,5,7,1,1,3,4,5,2,12,1,64,3,10,1,1,7,8,1,4,1,7,,7,7,1,22,9,121.5391975,25.05774169
111,6,18,12,10,2,08士林區,士林區重慶北路4段與延平北路5段136巷口,0,0,1,1,C03,8,1,5,40,14,7,1,5,4,5,7,4,4,1,4,4,1,13,1,31,2,9,1,1,7,7,1,10,1,11,,16,16,1,22,9,121.5123896,25.08240633
111,6,18,12,10,2,08士林區,士林區重慶北路4段與延平北路5段136巷口,0,0,1,2,B03,8,1,5,40,14,7,1,5,4,5,7,4,4,1,4,4,1,13,1,45,3,10,1,1,7,7,1,8,1,7,,7,16,1,22,9,121.5123896,25.08240633
111,6,18,12,38,2,05中正區,中正區濟南路2段37號前,0,0,1,2,H01,8,1,8,0,15,22,1,5,4,5,7,4,4,9,5,5,1,9,2,44,2,8,4,5,8,16,8,20,11,16,,67,23,1,22,9,121.5297311,25.04080198
111,6,18,12,38,2,05中正區,中正區濟南路2段37號前,0,0,1,1,F01,8,1,8,0,15,22,1,5,4,5,7,4,4,9,5,5,1,9,1,39,4,11,3,4,7,15,8,20,11,15,,23,23,2,22,9,121.5297311,25.04080198
111,6,18,12,42,2,07信義區,信義區基隆路1段139號,0,0,2,1,C03,8,1,5,50,14,9,1,5,4,5,7,1,1,10,4,5,2,13,2,36,2,8,1,1,7,9,1,10,1,11,,16,16,1,22,9,121.5659811,25.0431931
111,6,18,12,42,2,07信義區,信義區基隆路1段139號,0,0,2,2,C03,8,1,5,50,14,9,1,5,4,5,7,1,1,10,4,5,2,13,2,27,2,7,1,1,7,9,1,10,1,11,,16,16,1,22,9,121.5659811,25.0431931
111,6,18,12,42,2,07信義區,信義區基隆路1段139號,0,0,2,3,C03,8,1,5,50,14,9,1,5,4,5,7,1,1,10,4,5,2,13,2,47,3,10,1,1,7,14,1,10,11,13,,23,16,1,22,9,121.5659811,25.0431931
111,6,18,12,50,2,10文山區,文山區木新路3段50巷與木新路3段50巷10弄口,0,0,1,1,B03,8,1,5,30,4,1,1,5,4,5,7,4,4,10,5,5,2,16,1,52,3,10,1,1,7,9,1,8,1,1,,6,6,1,22,9,121.5640842,24.98303
111,6,18,12,50,2,10文山區,文山區木新路3段50巷與木新路3段50巷10弄口,0,0,1,2,C03,8,1,5,30,4,1,1,5,4,5,7,4,4,10,5,5,2,16,1,29,2,9,1,1,7,9,1,10,1,14,,23,6,1,22,9,121.5640842,24.98303