發生年度,發生月,發生日,發生時-Hours,發生分,處理別-編號,區序,肇事地點,死亡人數,2-30日死亡人數,受傷人數,當事人序號,車種,天候,光線,道路類別,速限-速度限制,道路型態,事故位置,路面狀況1,路面狀況2,路面狀況3,道路障礙1,道路障礙2,號誌1,號誌2,車道劃分-分向,車道劃分-分道1,車道劃分-分道2,車道劃分-分道3,事故類型及型態,性別,年齡,受傷程度,主要傷處,安全帽,行動電話,車輛用途,當事者行動狀態,駕駛資格情形,駕駛執照種類,飲酒情形,車輛撞擊部位1,車輛撞擊部位2,肇因碼-個別,肇因碼-主要,個人肇逃否,職業,旅次目的,座標-X,座標-Y
111,6,18,13,5,2,04大安區,大安區安和路2段與安和路2段171巷口,0,0,1,1,B03,8,1,5,50,4,1,1,5,4,5,7,1,1,1,5,5,1,15,1,48,3,10,1,1,7,11,6,8,1,5,,25,25,1,22,9,121.5497981,25.0280291
111,6,18,13,5,2,04大安區,大安區安和路2段與安和路2段171巷口,0,0,1,2,C02,8,1,5,50,4,1,1,5,4,5,7,1,1,1,5,5,1,15,1,36,2,5,1,1,7,9,1,9,1,12,,44,25,1,22,9,121.5497981,25.0280291
111,6,18,13,42,2,05中正區,中正區中華路2段與中華路2段381巷口口,0,0,1,1,C03,8,1,5,30,3,1,1,5,4,1,6,4,4,10,5,5,1,17,2,56,2,8,1,1,7,6,1,10,2,14,,6,6,1,22,9,121.507639,25.02635307
111,6,18,13,42,2,05中正區,中正區中華路2段與中華路2段381巷口口,0,0,1,2,B03,8,1,5,30,3,1,1,5,4,1,6,4,4,10,5,5,1,17,2,38,3,10,1,1,7,9,1,8,2,2,,44,6,1,22,9,121.507639,25.02635307
111,6,18,13,55,2,08士林區,士林區至善路2段與故宮路口,0,0,1,1,C04,8,1,5,50,4,1,1,5,4,5,7,2,1,1,4,4,1,16,2,73,2,6,1,1,7,5,1,11,1,12,,17,17,1,22,9,121.5465563,25.09813195
111,6,18,13,55,2,08士林區,士林區至善路2段與故宮路口,0,0,1,2,B03,8,1,5,50,4,1,1,5,4,5,7,2,1,1,4,4,1,16,2,41,3,10,1,1,7,6,1,8,1,4,,6,17,1,22,9,121.5465563,25.09813195
111,6,18,14,0,2,03中山區,中山區南京東路2段65號,0,0,1,1,B02,8,1,5,40,14,8,1,5,4,5,7,1,1,1,4,4,2,17,1,20,3,10,3,4,7,13,1,8,1,4,,40,40,1,22,9,121.5304427,25.05214817
111,6,18,14,0,2,03中山區,中山區南京東路2段65號,0,0,1,2,C03,8,1,5,40,14,8,1,5,4,5,7,1,1,1,4,4,2,17,2,42,2,9,3,4,7,9,1,10,1,11,,44,40,1,22,9,121.5304427,25.05214817
111,6,18,14,6,2,04大安區,大安區仁愛路3段143巷與仁愛路3段123巷9弄口,0,0,1,2,C03,8,1,5,30,4,1,1,5,4,5,7,4,4,10,5,5,2,15,1,25,2,9,1,1,7,9,1,10,1,11,,23,6,1,22,9,121.5430263,25.03903146
111,6,18,14,6,2,04大安區,大安區仁愛路3段143巷與仁愛路3段123巷9弄口,0,0,1,1,B03,8,1,5,30,4,1,1,5,4,5,7,4,4,10,5,5,2,15,1,49,3,10,1,1,7,9,1,8,1,2,,6,6,1,22,9,121.5430263,25.03903146
111,6,18,14,11,2,09北投區,北投區中央北路4段與中央北路4段515巷口,0,0,1,1,B03,8,1,5,50,3,4,1,5,4,5,7,1,1,10,5,5,2,13,1,22,3,10,1,1,7,9,1,8,1,5,,23,23,1,22,9,121.468264,25.12810085
111,6,18,14,11,2,09北投區,北投區中央北路4段與中央北路4段515巷口,0,0,1,2,C03,8,1,5,50,3,4,1,5,4,5,7,1,1,10,5,5,2,13,1,57,2,9,1,1,7,14,1,10,1,13,,44,23,1,22,9,121.468264,25.12810085
111,6,18,14,30,2,03中山區,中山區中山北路2段與撫順街口,0,0,1,1,B03,8,1,5,50,3,1,1,5,4,5,7,4,4,5,5,5,2,11,1,39,3,10,1,1,7,5,1,8,1,8,,6,6,1,22,9,121.5221628,25.06384268
111,6,18,14,30,2,03中山區,中山區中山北路2段與撫順街口,0,0,1,2,C03,8,1,5,50,3,1,1,5,4,5,7,4,4,5,5,5,2,11,2,31,2,8,1,1,7,9,1,10,1,11,12,44,6,1,22,9,121.5221628,25.06384268
111,6,18,14,46,2,09北投區,北投區中央北路4段178號,0,0,2,1,B03,8,1,5,50,14,9,1,5,4,5,7,4,4,4,4,5,2,16,1,36,3,10,1,1,7,11,1,8,1,4,,10,10,1,22,9,121.4750907,25.13263301
111,6,18,14,46,2,09北投區,北投區中央北路4段178號,0,0,2,2,C03,8,1,5,50,14,9,1,5,4,5,7,4,4,4,4,5,2,16,1,41,2,9,1,1,7,9,1,10,1,11,,44,10,1,22,9,121.4750907,25.13263301
111,6,18,14,46,2,09北投區,北投區中央北路4段178號,0,0,2,3,C03,8,1,5,50,14,9,1,5,4,5,7,4,4,4,4,5,2,16,1,31,2,9,1,1,7,9,1,10,1,11,,44,10,1,22,9,121.4750907,25.13263301
111,6,18,14,57,2,07信義區,信義區松山路與市民大道6段口,0,0,1,1,C03,8,1,5,50,14,7,1,5,4,5,7,4,4,1,4,4,2,13,1,24,2,9,1,1,7,9,1,10,1,11,,43,43,1,22,9,121.577736,25.04915797
111,6,18,14,57,2,07信義區,信義區松山路與市民大道6段口,0,0,1,2,B03,8,1,5,50,14,7,1,5,4,5,7,4,4,1,4,4,2,13,2,33,3,10,1,1,7,9,1,8,1,3,,43,43,1,22,9,121.577736,25.04915797
111,6,18,15,0,2,10文山區,文山區羅斯福路4段200-2號,0,0,1,1,C03,8,1,5,50,14,9,1,5,4,5,7,2,1,1,4,1,2,12,1,27,2,9,1,1,7,9,1,10,2,12,,23,23,1,22,9,121.5368411,25.0109392
111,6,18,15,0,2,10文山區,文山區羅斯福路4段200-2號,0,0,1,2,C03,8,1,5,50,14,9,1,5,4,5,7,2,1,1,4,1,2,12,1,67,3,10,1,1,7,9,1,10,2,14,,44,23,1,22,9,121.5368411,25.0109392
111,6,18,15,40,2,05中正區,中正區汀州路2段與同安街口,0,0,1,1,C03,8,1,5,50,4,1,1,5,4,5,7,1,1,5,4,5,2,17,1,32,2,8,1,1,7,9,1,10,2,11,,16,16,1,22,9,121.5217578,25.02407212
111,6,18,15,40,2,05中正區,中正區汀州路2段與同安街口,0,0,1,2,B03,8,1,5,50,4,1,1,5,4,5,7,1,1,5,4,5,2,17,1,59,3,10,1,1,7,6,1,8,2,7,,44,16,1,22,9,121.5217578,25.02407212
111,6,18,16,1,2,02萬華區,萬華區堤外便道(標牌:DSR422),0,0,2,1,C03,8,1,5,40,11,11,1,5,4,5,7,4,4,8,5,5,2,29,1,36,2,9,1,1,7,9,1,10,1,14,,13,13,1,22,9,121.505423,25.04847572
111,6,18,16,1,2,02萬華區,萬華區堤外便道(標牌:DSR422),0,0,2,2,C03,8,1,5,40,11,11,1,5,4,5,7,4,4,8,5,5,2,29,3,,,,,,,,,,,,,67,13,1,,,121.505423,25.04847572
111,6,18,16,1,2,02萬華區,萬華區堤外便道(標牌:DSR422),0,0,2,3,H02,8,1,5,40,11,11,1,5,4,5,7,4,4,8,5,5,2,29,1,30,2,9,1,5,7,20,8,20,10,16,,67,13,1,22,9,121.505423,25.04847572
111,6,18,16,3,2,10文山區,文山區羅斯福路4段與基隆路4段口,0,0,1,1,C03,8,1,5,50,4,1,1,5,4,5,7,1,1,1,4,4,2,16,1,21,3,10,1,1,7,5,1,10,1,14,,26,26,1,22,9,121.5370451,25.01098614
111,6,18,16,3,2,10文山區,文山區羅斯福路4段與基隆路4段口,0,0,1,2,C03,8,1,5,50,4,1,1,5,4,5,7,1,1,1,4,4,2,16,1,28,2,9,1,1,7,9,1,10,1,12,,26,26,1,22,9,121.5370451,25.01098614
111,6,18,16,7,2,03中山區,中山區濱江街與濱江街180巷口口,0,0,1,1,B01,8,1,5,50,3,2,1,5,4,5,7,1,1,5,5,5,2,11,1,65,3,10,1,1,7,9,1,4,2,2,,4,4,1,22,9,121.538561,25.0721279
111,6,18,16,7,2,03中山區,中山區濱江街與濱江街180巷口口,0,0,1,2,C03,8,1,5,50,3,2,1,5,4,5,7,1,1,5,5,5,2,11,1,63,2,8,1,1,7,14,1,10,2,12,,44,4,1,22,9,121.538561,25.0721279
111,6,18,16,20,2,09北投區,北投區承德路7段與尊賢街243巷口,0,0,3,1,C03,8,1,5,60,4,1,1,5,4,5,7,1,1,10,5,5,2,12,1,61,2,9,1,3,7,12,1,10,1,13,,35,35,1,22,9,121.5053029,25.11623837
111,6,18,16,20,2,09北投區,北投區承德路7段與尊賢街243巷口,0,0,3,2,C03,8,1,5,60,4,1,1,5,4,5,7,1,1,10,5,5,2,12,1,23,2,9,1,1,7,9,1,10,1,11,,23,35,1,22,9,121.5053029,25.11623837
111,6,18,16,20,2,09北投區,北投區承德路7段與尊賢街243巷口,0,0,3,3,H02,8,1,5,60,4,1,1,5,4,5,7,1,1,10,5,5,2,12,2,23,2,8,4,5,7,20,8,20,10,16,,67,35,1,22,9,121.5053029,25.11623837
111,6,18,16,28,2,09北投區,北投區磺港路與新市街口口附近,0,0,1,1,C03,8,1,8,50,15,22,5,5,4,5,7,4,4,10,5,5,2,9,2,60,3,10,1,1,7,9,1,10,2,15,,15,15,1,22,9,121.5027739,25.13292298
111,6,18,16,28,2,09北投區,北投區磺港路與新市街口口附近,0,0,1,2,H01,8,1,8,50,15,22,5,5,4,5,7,4,4,10,5,5,2,9,2,59,2,9,4,5,8,16,8,20,10,15,,67,15,1,22,9,121.5027739,25.13292298
111,6,18,16,50,2,12內湖區,內湖區成功路3段187巷與康寧路1段86巷口,0,0,1,1,B12,8,1,5,30,4,2,1,5,4,5,7,4,4,10,5,5,1,16,2,42,3,10,1,1,7,9,1,8,1,1,,23,23,1,22,9,121.5921533,25.07926034
111,6,18,16,50,2,12內湖區,內湖區成功路3段187巷與康寧路1段86巷口,0,0,1,2,C03,8,1,5,30,4,2,1,5,4,5,7,4,4,10,5,5,1,16,1,34,2,7,1,1,7,5,1,10,1,14,,8,23,1,22,9,121.5921533,25.07926034
111,6,18,16,51,2,09北投區,北投區大度路3段往淡水方向第097號燈桿旁,0,0,1,1,B11,8,1,5,50,14,9,1,5,4,5,7,4,4,1,4,5,2,13,1,36,3,10,1,1,7,9,1,4,1,1,,23,23,1,22,9,121.4651879,25.12357277
111,6,18,16,51,2,09北投區,北投區大度路3段往淡水方向第097號燈桿旁,0,0,1,2,B03,8,1,5,50,14,9,1,5,4,5,7,4,4,1,4,5,2,13,1,25,2,3,1,1,7,9,1,8,1,3,,44,23,1,22,9,121.4651879,25.12357277
111,6,18,17,6,2,04大安區,大安區忠孝東路3段232號,0,0,2,1,B03,8,1,5,50,14,9,1,5,4,5,7,4,4,1,4,5,2,17,1,48,3,10,3,4,7,8,1,8,1,15,,7,7,1,22,9,121.5407064,25.04164654
111,6,18,17,6,2,04大安區,大安區忠孝東路3段232號,0,0,2,2,C03,8,1,5,50,14,9,1,5,4,5,7,4,4,1,4,5,2,17,1,30,2,9,3,4,7,9,1,10,1,14,,44,7,1,22,9,121.5407064,25.04164654
111,6,18,17,6,2,04大安區,大安區忠孝東路3段232號,0,0,2,3,H02,8,1,5,50,14,9,1,5,4,5,7,4,4,1,4,5,2,17,2,20,2,9,3,5,7,20,8,20,10,16,,67,7,1,22,9,121.5407064,25.04164654
111,6,18,17,8,2,06松山區,松山區敦化北路與長春路口,0,0,1,1,B03,8,1,5,50,4,2,1,5,4,5,7,1,1,1,4,4,2,16,2,43,3,10,3,4,7,7,1,8,1,4,,43,43,1,22,9,121.5487488,25.05446275
111,6,18,17,8,2,06松山區,松山區敦化北路與長春路口,0,0,1,2,C03,8,1,5,50,4,2,1,5,4,5,7,1,1,1,4,4,2,16,1,35,2,9,3,4,7,9,1,10,1,11,,43,43,1,22,9,121.5487488,25.05446275
111,6,18,17,16,2,10文山區,文山區興隆路2段96巷15號旁72號停車格,0,0,1,1,C03,8,1,5,30,14,9,1,5,4,5,7,4,4,10,5,5,2,11,1,33,2,9,1,1,7,9,1,10,2,12,,42,42,1,22,9,121.5505972,24.99976905
111,6,18,17,16,2,10文山區,文山區興隆路2段96巷15號旁72號停車格,0,0,1,2,B03,8,1,5,30,14,9,1,5,4,5,7,4,4,10,5,5,2,11,1,47,3,10,3,4,7,13,1,8,11,5,,44,42,1,22,9,121.5505972,24.99976905
111,6,18,17,40,2,07信義區,信義區吳興街467巷2弄與吳興街467巷口,0,0,1,1,C03,8,1,5,30,3,1,1,5,4,5,7,4,4,10,5,5,2,18,1,62,2,8,1,1,7,6,1,10,9,12,,42,42,1,22,9,121.5692657,25.02395976
111,6,18,17,40,2,07信義區,信義區吳興街467巷2弄與吳興街467巷口,0,0,1,2,,8,1,5,30,3,1,1,5,4,5,7,4,4,10,5,5,2,18,3,,,,,,,,,,,,,67,42,1,,,121.5692657,25.02395976
111,6,18,17,41,2,03中山區,中山區吉林路407巷與德惠街170巷口,0,0,1,1,C03,8,1,5,30,4,1,1,5,4,5,7,4,4,10,5,5,2,15,1,81,2,9,1,3,7,9,6,10,1,14,,6,6,1,22,9,121.5317578,25.0660638
111,6,18,17,41,2,03中山區,中山區吉林路407巷與德惠街170巷口,0,0,1,2,B03,8,1,5,30,4,1,1,5,4,5,7,4,4,10,5,5,2,15,1,27,3,10,1,1,7,9,1,8,1,5,,23,6,1,22,9,121.5317578,25.0660638
111,6,18,17,45,2,07信義區,信義區忠孝東路4段與忠孝東路3段553巷口,0,0,1,1,C03,8,1,5,50,14,7,1,5,4,5,7,3,1,1,4,5,2,17,1,21,2,9,2,1,7,10,1,10,2,14,,13,13,1,22,9,121.5627626,25.04122456
111,6,18,17,45,2,07信義區,信義區忠孝東路4段與忠孝東路3段553巷口,0,0,1,2,B03,8,1,5,50,14,7,1,5,4,5,7,3,1,1,4,5,2,17,1,42,3,10,1,1,7,7,1,8,2,3,,7,13,1,22,9,121.5627626,25.04122456
111,6,18,18,14,2,01大同區,大同區承德路3段與民權西路口,0,0,2,3,H02,8,1,5,50,4,1,1,5,4,5,7,2,1,1,4,5,2,13,2,34,2,8,4,5,7,21,8,20,10,16,,67,16,1,22,9,121.5181396,25.06298574
111,6,18,18,14,2,01大同區,大同區承德路3段與民權西路口,0,0,2,1,C03,8,1,5,50,4,1,1,5,4,5,7,2,1,1,4,5,2,13,1,28,2,9,1,1,7,9,1,10,2,11,,16,16,1,22,9,121.5181396,25.06298574
111,6,18,18,14,2,01大同區,大同區承德路3段與民權西路口,0,0,2,2,B03,8,1,5,50,4,1,1,5,4,5,7,2,1,1,4,5,2,13,1,61,3,10,1,1,7,14,1,8,2,6,,44,16,1,22,9,121.5181396,25.06298574
111,6,18,18,49,2,05中正區,中正區羅斯福路3段與新生南路3段口,0,0,1,1,C03,8,3,5,50,4,1,1,5,4,5,7,1,1,3,4,5,2,17,1,24,2,9,1,1,7,5,1,10,2,11,,8,8,1,22,9,121.5325038,25.01634916
111,6,18,18,49,2,05中正區,中正區羅斯福路3段與新生南路3段口,0,0,1,2,B03,8,3,5,50,4,1,1,5,4,5,7,1,1,3,4,5,2,17,1,28,3,10,1,1,7,9,1,8,2,5,,44,8,1,22,9,121.5325038,25.01634916
111,6,18,19,1,2,04大安區,大安區忠孝東路3段與復興南路1段口,0,0,2,1,B03,7,3,5,50,5,4,1,5,4,5,7,1,1,8,3,5,2,13,2,34,2,4,1,1,7,6,1,8,1,1,,23,23,1,22,9,121.5436056,25.04151915
111,6,18,19,1,2,04大安區,大安區忠孝東路3段與復興南路1段口,0,0,2,2,C03,7,3,5,50,5,4,1,5,4,5,7,1,1,8,3,5,2,13,1,47,2,9,1,1,7,3,1,10,1,13,,44,23,1,22,9,121.5436056,25.04151915
111,6,18,19,20,2,08士林區,士林區文林路與文林路654巷口,0,0,1,1,C03,7,3,5,50,3,2,1,5,4,5,7,1,1,10,4,5,2,18,2,19,2,9,1,1,7,9,1,10,1,12,,42,42,1,22,9,121.5225235,25.10080353
111,6,18,19,20,2,08士林區,士林區文林路與文林路654巷口,0,0,1,2,,7,3,5,50,3,2,1,5,4,5,7,1,1,10,4,5,2,18,3,,,,,,,,,,,,,67,42,1,,,121.5225235,25.10080353
111,6,18,19,20,2,12內湖區,內湖區內湖路1段與內湖路1段47巷口,0,0,1,1,B03,8,3,5,50,3,1,1,5,4,5,7,4,4,1,4,4,1,16,1,40,3,10,1,1,7,8,1,8,1,2,,7,7,1,22,9,121.559346,25.0851112
111,6,18,19,20,2,12內湖區,內湖區內湖路1段與內湖路1段47巷口,0,0,1,2,C03,8,3,5,50,3,1,1,5,4,5,7,4,4,1,4,4,1,16,1,20,2,9,1,1,7,9,1,9,1,14,,13,7,1,22,9,121.559346,25.0851112
111,6,18,19,25,2,10文山區,文山區木柵路4段35-4號,0,0,1,1,C03,8,3,5,50,14,9,1,5,4,5,7,4,4,4,4,5,1,13,1,26,2,8,1,4,7,9,1,10,2,11,,23,23,1,22,9,121.5717053,24.99448367
111,6,18,19,25,2,10文山區,文山區木柵路4段35-4號,0,0,1,2,B03,8,3,5,50,14,9,1,5,4,5,7,4,4,4,4,5,1,13,1,63,3,10,3,4,7,14,1,14,2,3,,44,23,1,22,9,121.5717053,24.99448367
111,6,18,20,23,2,01大同區,大同區環河北路1段與鄭州路口,0,0,1,1,B03,8,3,5,50,4,1,1,5,4,5,7,2,1,1,4,5,2,16,1,51,3,10,3,4,7,5,1,8,1,5,,44,44,1,22,9,121.5086512,25.0779224
111,6,18,20,23,2,01大同區,大同區環河北路1段與鄭州路口,0,0,1,2,C03,8,3,5,50,4,1,1,5,4,5,7,2,1,1,4,5,2,16,1,75,2,9,1,1,7,5,1,10,1,14,,17,44,1,22,9,121.5086512,25.0779224
111,6,18,20,25,2,06松山區,松山區市民大道5段與東寧路口,0,0,1,1,B03,8,3,5,50,3,1,1,5,4,5,7,2,1,1,4,5,2,16,2,45,3,10,1,1,7,6,1,8,1,4,,6,6,1,22,9,121.5629823,25.04734949
111,6,18,20,25,2,06松山區,松山區市民大道5段與東寧路口,0,0,1,2,B03,8,3,5,50,3,1,1,5,4,5,7,2,1,1,4,5,2,16,1,27,2,7,1,1,7,11,1,8,1,1,,25,6,1,22,9,121.5629823,25.04734949
111,6,18,20,54,2,02萬華區,萬華區堤外便道自行車道雙園023燈桿,0,0,1,1,F01,7,3,8,30,15,22,1,5,4,5,7,4,4,10,5,5,1,17,1,32,3,10,3,4,7,4,8,20,1,16,,1,1,1,22,9,121.4866735,25.03508249
111,6,18,20,54,2,02萬華區,萬華區堤外便道自行車道雙園023燈桿,0,0,1,2,F01,7,3,8,30,15,22,1,5,4,5,7,4,4,10,5,5,1,17,1,16,2,8,1,1,7,9,8,20,1,16,,44,1,1,22,9,121.4866735,25.03508249
111,6,18,21,15,2,07信義區,信義區崇德街024燈桿,0,0,1,1,B03,8,3,5,30,14,9,1,5,4,5,7,4,4,10,5,5,2,29,2,53,2,9,3,4,7,9,1,8,1,4,,43,43,1,22,9,121.5659788,25.0171692
111,6,18,21,15,2,07信義區,信義區崇德街024燈桿,0,0,1,2,,8,3,5,30,14,9,1,5,4,5,7,4,4,10,5,5,2,29,3,,,,,,,,,,,,,67,43,1,,,121.5659788,25.0171692
111,6,18,21,20,2,09北投區,北投區公館路與公館路350巷口,0,0,3,1,C03,8,3,5,50,3,1,1,5,4,5,7,4,4,8,3,5,2,17,1,16,2,9,1,1,7,4,2,18,1,11,,4,4,1,22,9,121.5048343,25.1232
111,6,18,21,20,2,09北投區,北投區公館路與公館路350巷口,0,0,3,2,C03,8,3,5,50,3,1,1,5,4,5,7,4,4,8,3,5,2,17,1,25,2,9,1,1,7,5,1,10,1,14,,6,4,1,22,9,121.5048343,25.1232
111,6,18,21,20,2,09北投區,北投區公館路與公館路350巷口,0,0,3,3,H02,8,3,5,50,3,1,1,5,4,5,7,4,4,8,3,5,2,17,2,24,2,9,1,5,7,20,8,20,10,16,,67,4,1,22,9,121.5048343,25.1232
111,6,18,21,35,2,02萬華區,萬華區西寧南路與成都路口,0,0,1,1,B03,8,4,5,50,4,1,1,5,4,5,7,2,1,10,4,5,2,16,2,26,3,10,1,4,7,6,1,8,1,8,,25,25,1,22,9,121.5058488,25.04282611
111,6,18,21,35,2,02萬華區,萬華區西寧南路與成都路口,0,0,1,2,C03,8,4,5,50,4,1,1,5,4,5,7,2,1,10,4,5,2,16,1,38,2,8,1,4,7,9,1,10,1,12,,23,25,1,22,9,121.5058488,25.04282611
111,6,18,22,20,2,03中山區,中山區民權東路2段與建國北路2段口,0,0,1,1,F01,7,3,5,50,4,2,1,5,4,5,7,1,1,1,4,5,2,17,1,68,3,10,1,1,7,7,8,20,2,15,,7,7,1,22,9,121.5363867,25.06232606
111,6,18,22,20,2,03中山區,中山區民權東路2段與建國北路2段口,0,0,1,2,C03,7,3,5,50,4,2,1,5,4,5,7,1,1,1,4,5,2,17,2,26,3,10,1,4,7,9,1,10,2,15,,44,7,1,22,9,121.5363867,25.06232606
111,6,18,22,20,2,03中山區,中山區民權東路2段與建國北路2段口,0,0,1,3,C03,7,3,5,50,4,2,1,5,4,5,7,1,1,1,4,5,2,17,1,21,2,9,1,2,7,9,1,10,2,12,,42,7,1,22,9,121.5363867,25.06232606
111,6,18,22,49,2,05中正區,中正區中華路1段144號,0,0,2,1,H01,7,3,5,50,14,9,1,5,4,5,7,4,4,9,4,5,2,3,2,62,2,9,4,5,8,16,8,20,10,16,,51,51,1,22,9,121.509688,25.045152
111,6,18,22,49,2,05中正區,中正區中華路1段144號,0,0,2,2,C03,7,3,5,50,14,9,1,5,4,5,7,4,4,9,4,5,2,3,1,19,2,9,1,1,7,9,1,10,2,11,,23,51,1,22,9,121.509688,25.045152
111,6,18,22,51,2,04大安區,大安區忠孝東路3段與建國南路1段口,0,0,2,1,C03,8,1,5,50,4,1,1,5,4,5,7,2,1,1,2,5,2,16,2,18,2,9,1,4,7,21,1,10,1,11,,25,25,1,22,9,121.5372775,25.04184275
111,6,18,22,51,2,04大安區,大安區忠孝東路3段與建國南路1段口,0,0,2,2,B01,8,1,5,50,4,1,1,5,4,5,7,2,1,1,2,5,2,16,1,58,3,10,1,4,7,6,1,4,1,6,,25,25,1,22,9,121.5372775,25.04184275
111,6,18,22,51,2,04大安區,大安區忠孝東路3段與建國南路1段口,0,0,2,3,H02,8,1,5,50,4,1,1,5,4,5,7,2,1,1,2,5,2,16,1,19,2,9,1,4,7,20,8,20,10,16,,67,25,1,22,9,121.5372775,25.04184275
111,6,18,23,25,2,03中山區,中山區民權東路3段39巷與民權東路3段口,0,0,1,1,B03,8,1,5,50,4,1,4,5,4,5,7,2,1,7,2,5,2,17,2,61,3,10,1,1,7,6,1,8,1,15,,9,9,1,5,9,121.5425337,25.06244673
111,6,18,23,25,2,03中山區,中山區民權東路3段39巷與民權東路3段口,0,0,1,2,C03,8,1,5,50,4,1,4,5,4,5,7,2,1,7,2,5,2,17,1,19,2,9,1,1,7,9,1,10,1,15,,44,9,1,5,5,121.5425337,25.06244673
111,6,18,23,44,2,04大安區,大安區安東街與忠孝東路3段口,0,0,1,1,B01,7,3,5,50,3,2,1,5,4,5,7,4,4,1,4,4,2,16,1,57,3,10,3,4,7,8,1,4,1,6,,7,7,1,22,9,121.5430482,25.0416914
111,6,18,23,44,2,04大安區,大安區安東街與忠孝東路3段口,0,0,1,2,C03,7,3,5,50,3,2,1,5,4,5,7,4,4,1,4,4,2,16,1,31,2,9,1,4,7,9,1,10,1,14,,14,7,1,22,9,121.5430482,25.0416914
111,6,19,0,40,2,04大安區,大安區辛亥路3段西往東(大安運動中心對面),0,0,2,1,C03,8,1,5,50,15,9,1,5,4,5,7,4,4,1,4,5,2,12,2,24,2,9,1,4,7,9,1,10,1,14,,44,44,1,22,9,121.5450875,25.02032318
111,6,19,0,40,2,04大安區,大安區辛亥路3段西往東(大安運動中心對面),0,0,2,2,C03,8,1,5,50,15,9,1,5,4,5,7,4,4,1,4,5,2,12,1,22,2,7,1,4,7,8,1,10,1,12,,7,44,1,22,9,121.5450875,25.02032318
111,6,19,0,50,2,11南港區,南港區南港路2段與興南街口口,0,0,1,1,B03,8,3,5,50,4,1,1,5,4,5,7,2,1,5,4,5,1,16,1,59,3,10,3,4,7,5,1,8,2,1,,8,8,1,22,9,121.5975973,25.0540588
111,6,19,0,50,2,11南港區,南港區南港路2段與興南街口口,0,0,1,2,C03,8,3,5,50,4,1,1,5,4,5,7,2,1,5,4,5,1,16,1,21,2,9,1,4,7,9,1,10,2,11,,13,8,1,22,9,121.5975973,25.0540588
111,6,19,2,46,2,04大安區,大安區忠孝東路4段與忠孝東路4段223巷口,0,0,1,1,B01,7,3,5,50,5,1,1,5,4,5,7,1,1,8,3,5,2,3,1,40,3,10,1,1,7,5,1,8,1,5,,15,15,1,22,9,121.553013,25.04134037
111,6,19,2,46,2,04大安區,大安區忠孝東路4段與忠孝東路4段223巷口,0,0,1,2,H01,7,3,5,50,5,1,1,5,4,5,7,1,1,8,3,5,2,3,2,29,2,9,4,5,8,16,8,20,10,16,,67,15,1,22,9,121.553013,25.04134037
111,6,19,4,20,2,03中山區,中山區林森北路與雙城街23巷口,0,0,1,1,B03,7,3,5,50,4,1,1,5,4,5,5,4,4,10,5,5,2,16,4,,4,11,3,4,7,15,7,19,11,15,,43,43,2,22,9,121.5256779,25.06580753
111,6,19,4,20,2,03中山區,中山區林森北路與雙城街23巷口,0,0,1,2,C03,7,3,5,50,4,1,1,5,4,5,5,4,4,10,5,5,2,16,1,19,2,9,1,4,7,5,3,18,2,14,,6,43,1,22,9,121.5256779,25.06580753
111,6,19,4,20,2,03中山區,中山區林森北路與雙城街23巷口,0,0,1,3,B11,7,3,5,50,4,1,1,5,4,5,5,4,4,10,5,5,2,16,4,,4,11,3,4,7,15,7,19,11,15,,38,43,1,22,9,121.5256779,25.06580753
111,6,19,5,36,2,01大同區,大同區民生西路與環河北路1段口,0,0,1,1,B01,7,1,5,50,4,1,1,5,4,5,7,2,1,9,4,4,1,12,1,51,3,10,3,4,7,5,1,4,1,8,,8,8,1,22,9,121.5082189,25.05692907
111,6,19,5,36,2,01大同區,大同區民生西路與環河北路1段口,0,0,1,2,F01,7,1,5,50,4,1,1,5,4,5,7,2,1,9,4,4,1,12,2,40,2,8,1,1,7,10,8,20,1,16,,25,8,1,22,9,121.5082189,25.05692907
111,6,19,7,20,2,05中正區,中正區忠孝西路1段與重慶北路1段口,0,0,1,1,B01,8,1,5,50,4,1,1,5,4,5,7,1,1,3,4,5,2,2,1,67,3,10,1,1,7,6,1,4,2,5,,15,15,1,22,9,121.5131138,25.0473877
111,6,19,7,20,2,05中正區,中正區忠孝西路1段與重慶北路1段口,0,0,1,2,H01,8,1,5,50,4,1,1,5,4,5,7,1,1,3,4,5,2,2,2,59,2,9,4,5,8,16,8,20,10,16,,67,15,1,22,9,121.5131138,25.0473877
111,6,19,7,54,2,02萬華區,萬華區忠孝西路2段與忠孝西路2段16巷口,0,0,1,1,B03,8,1,5,50,3,2,1,5,4,5,7,4,4,1,4,5,2,12,1,65,3,10,1,1,7,6,1,8,1,5,,6,6,1,22,9,121.508567,25.04824545
111,6,19,7,54,2,02萬華區,萬華區忠孝西路2段與忠孝西路2段16巷口,0,0,1,2,C03,8,1,5,50,3,2,1,5,4,5,7,4,4,1,4,5,2,12,2,20,2,9,1,1,7,9,1,10,1,14,,23,6,1,22,9,121.508567,25.04824545
111,6,19,8,40,2,08士林區,士林區德行東路137號,0,0,1,1,,8,1,5,0,14,9,1,5,4,5,7,4,4,5,5,5,2,17,4,,4,11,3,4,7,15,7,19,11,15,,43,43,2,22,9,121.5293436,25.10805294
111,6,19,8,40,2,08士林區,士林區德行東路137號,0,0,1,2,C03,8,1,5,0,14,9,1,5,4,5,7,4,4,5,5,5,2,17,2,38,2,9,1,1,7,9,1,10,1,11,,43,43,1,22,9,121.5293436,25.10805294