發生年度,發生月,發生日,發生時-Hours,發生分,處理別-編號,區序,肇事地點,死亡人數,2-30日死亡人數,受傷人數,當事人序號,車種,天候,光線,道路類別,速限-速度限制,道路型態,事故位置,路面狀況1,路面狀況2,路面狀況3,道路障礙1,道路障礙2,號誌1,號誌2,車道劃分-分向,車道劃分-分道1,車道劃分-分道2,車道劃分-分道3,事故類型及型態,性別,年齡,受傷程度,主要傷處,安全帽,行動電話,車輛用途,當事者行動狀態,駕駛資格情形,駕駛執照種類,飲酒情形,車輛撞擊部位1,車輛撞擊部位2,肇因碼-個別,肇因碼-主要,個人肇逃否,職業,旅次目的,座標-X,座標-Y
111,6,19,9,0,2,04大安區,大安區臥龍街151巷與辛亥路3段157巷口,0,0,2,1,B03,8,1,5,50,5,1,1,5,4,5,7,2,1,5,5,5,2,17,2,44,3,10,1,1,7,9,1,8,1,1,,23,23,1,22,9,121.5509548,25.01821901
111,6,19,9,0,2,04大安區,大安區臥龍街151巷與辛亥路3段157巷口,0,0,2,2,C03,8,1,5,50,5,1,1,5,4,5,7,2,1,5,5,5,2,17,2,44,2,9,1,1,7,9,1,10,1,12,,23,23,1,22,9,121.5509548,25.01821901
111,6,19,9,0,2,04大安區,大安區臥龍街151巷與辛亥路3段157巷口,0,0,2,3,H02,8,1,5,50,5,1,1,5,4,5,7,2,1,5,5,5,2,17,2,66,2,9,1,5,7,21,8,20,10,16,,67,23,1,22,9,121.5509548,25.01821901
111,6,19,9,14,2,08士林區,士林區中山北路6段19號對面,0,0,1,1,C04,8,1,5,50,14,9,1,5,4,5,7,4,4,1,4,5,1,16,2,68,2,9,1,1,7,7,1,11,2,14,,7,7,1,22,9,121.5251669,25.10328086
111,6,19,9,14,2,08士林區,士林區中山北路6段19號對面,0,0,1,2,E01,8,1,5,50,14,9,1,5,4,5,7,4,4,1,4,5,1,16,1,30,3,10,1,1,7,9,1,8,2,5,,44,7,1,22,9,121.5251669,25.10328086
111,6,19,10,0,2,06松山區,松山區復興北路145號,0,0,1,1,B01,8,1,5,50,14,9,1,5,4,5,7,4,4,1,4,5,2,17,1,68,3,10,1,1,7,8,1,4,11,6,,6,6,1,22,9,121.5442149,25.05373973
111,6,19,10,0,2,06松山區,松山區復興北路145號,0,0,1,2,C04,8,1,5,50,14,9,1,5,4,5,7,4,4,1,4,5,2,17,2,22,2,9,1,1,7,9,1,10,11,11,,13,6,1,22,9,121.5442149,25.05373973
111,6,19,10,5,2,08士林區,士林區中正路與基河路口,0,0,1,1,C03,8,1,5,50,4,1,1,5,4,5,7,1,1,1,4,5,2,12,2,53,2,9,1,1,7,9,1,10,1,11,,44,44,1,22,9,121.5199977,25.09342549
111,6,19,10,5,2,08士林區,士林區中正路與基河路口,0,0,1,2,C03,8,1,5,50,4,1,1,5,4,5,7,1,1,1,4,5,2,12,1,23,3,10,1,1,7,6,1,10,1,13,,9,44,1,22,9,121.5199977,25.09342549
111,6,19,10,35,2,04大安區,大安區師大路與師大路49巷口,0,0,2,1,C03,8,1,5,50,3,1,1,5,4,5,7,4,4,5,5,5,1,13,2,25,3,10,1,1,7,9,1,10,1,11,,16,16,1,22,9,121.5286198,25.024684
111,6,19,10,35,2,04大安區,大安區師大路與師大路49巷口,0,0,2,2,C03,8,1,5,50,3,1,1,5,4,5,7,4,4,5,5,5,1,13,2,54,2,9,1,1,7,7,1,10,1,13,,7,16,1,22,9,121.5286198,25.024684
111,6,19,10,35,2,04大安區,大安區師大路與師大路49巷口,0,0,2,3,H02,8,1,5,50,3,1,1,5,4,5,7,4,4,5,5,5,1,13,2,47,2,7,1,5,7,17,8,20,10,16,,67,16,1,22,9,121.5286198,25.024684
111,6,19,11,0,2,10文山區,文山區木新路3段310巷與木新路3段310巷12弄口,0,0,2,1,C04,8,1,5,30,3,2,1,5,4,3,5,4,4,5,5,5,2,1,2,20,2,9,1,1,7,9,1,11,1,12,,23,23,1,22,9,121.5567317,24.98235089
111,6,19,11,0,2,10文山區,文山區木新路3段310巷與木新路3段310巷12弄口,0,0,2,2,H01,8,1,5,30,3,2,1,5,4,3,5,4,4,5,5,5,2,1,1,69,2,9,4,5,8,16,8,20,10,16,,67,23,1,22,9,121.5567317,24.98235089
111,6,19,11,0,2,10文山區,文山區木新路3段310巷與木新路3段310巷12弄口,0,0,2,3,B03,8,1,5,30,3,2,1,5,4,3,5,4,4,5,5,5,2,1,1,69,3,10,1,1,7,14,1,8,1,15,,26,23,1,22,9,121.5567317,24.98235089
111,6,19,11,45,2,07信義區,信義區忠孝東路5段與松山路口,0,0,5,1,C03,8,1,5,50,4,2,1,5,4,5,7,2,1,1,4,5,2,17,1,56,2,9,1,1,7,7,1,10,1,14,,7,7,1,22,9,121.5781035,25.0410503
111,6,19,11,45,2,07信義區,信義區忠孝東路5段與松山路口,0,0,5,2,C03,8,1,5,50,4,2,1,5,4,5,7,2,1,1,4,5,2,17,1,45,2,9,1,1,7,9,1,10,1,12,,44,7,1,22,9,121.5781035,25.0410503
111,6,19,11,45,2,07信義區,信義區忠孝東路5段與松山路口,0,0,5,3,H02,8,1,5,50,4,2,1,5,4,5,7,2,1,1,4,5,2,17,2,46,2,9,4,1,7,20,8,20,10,16,,67,7,1,22,9,121.5781035,25.0410503
111,6,19,11,45,2,07信義區,信義區忠孝東路5段與松山路口,0,0,5,4,H02,8,1,5,50,4,2,1,5,4,5,7,2,1,1,4,5,2,17,1,3,2,7,4,5,7,20,8,20,10,16,,67,7,1,22,9,121.5781035,25.0410503
111,6,19,11,45,2,07信義區,信義區忠孝東路5段與松山路口,0,0,5,5,H02,8,1,5,50,4,2,1,5,4,5,7,2,1,1,4,5,2,17,2,40,2,9,4,5,7,20,8,20,10,16,,67,7,1,22,9,121.5781035,25.0410503
111,6,19,12,10,2,10文山區,文山區景華街130號,0,0,2,1,C03,8,1,5,30,14,9,1,5,4,5,7,4,4,10,5,5,2,13,2,45,2,8,1,1,7,9,1,10,1,11,,43,43,1,22,9,121.547285,24.9960242
111,6,19,12,10,2,10文山區,文山區景華街130號,0,0,2,2,C03,8,1,5,30,14,9,1,5,4,5,7,4,4,10,5,5,2,13,2,60,2,9,1,1,7,9,1,10,1,12,,43,43,1,22,9,121.547285,24.9960242
111,6,19,12,14,2,06松山區,松山區八德路3段與八德路3段155巷口口,0,0,1,1,C03,8,1,5,50,4,2,1,5,4,5,7,1,1,5,4,5,2,12,2,30,2,9,3,4,7,5,1,10,1,14,,8,8,1,22,9,121.5550711,25.04809059
111,6,19,12,14,2,06松山區,松山區八德路3段與八德路3段155巷口口,0,0,1,2,B11,8,1,5,50,4,2,1,5,4,5,7,1,1,5,4,5,2,12,1,32,3,10,3,4,7,9,1,1,1,2,,44,8,1,22,9,121.5550711,25.04809059
111,6,19,12,21,2,04大安區,大安區龍泉街與泰順街38巷口,0,0,2,1,C03,8,1,5,30,4,1,1,5,4,5,7,4,4,10,5,5,1,15,1,40,2,8,1,1,7,9,1,10,1,11,,6,6,1,22,9,121.5294044,25.0245804
111,6,19,12,21,2,04大安區,大安區龍泉街與泰順街38巷口,0,0,2,2,C03,8,1,5,30,4,1,1,5,4,5,7,4,4,10,5,5,1,15,2,31,2,9,1,1,7,9,1,10,1,14,,23,6,1,22,9,121.5294044,25.0245804
111,6,19,12,23,2,05中正區,中正區鄭州路與承德路1段口,0,0,2,1,C03,8,1,5,40,5,2,1,5,4,5,7,2,1,1,4,5,2,16,2,27,2,9,1,1,7,6,1,10,2,12,,9,9,1,22,9,121.5163347,25.04865082
111,6,19,12,23,2,05中正區,中正區鄭州路與承德路1段口,0,0,2,2,C03,8,1,5,40,5,2,1,5,4,5,7,2,1,1,4,5,2,16,1,55,2,9,1,1,7,9,1,10,2,11,,23,9,1,22,9,121.5163347,25.04865082
111,6,19,12,28,2,11南港區,南港區忠孝東路6段410號,0,0,1,1,B03,8,1,5,40,14,12,1,5,4,5,7,4,4,8,3,4,2,13,1,46,3,10,3,4,7,1,1,8,1,3,,19,19,1,22,9,121.5927661,25.0499349
111,6,19,12,28,2,11南港區,南港區忠孝東路6段410號,0,0,1,2,C03,8,1,5,40,14,12,1,5,4,5,7,4,4,8,3,4,2,13,1,34,2,7,1,4,7,9,1,10,1,11,,23,19,1,22,9,121.5927661,25.0499349
111,6,19,12,50,2,11南港區,南港區南深路與南深路口往深坑,0,0,1,1,B12,8,1,6,50,3,1,1,5,4,5,1,4,4,1,5,4,1,16,1,57,3,10,1,1,7,11,1,8,1,7,,10,10,1,22,9,121.6230613,25.03307704
111,6,19,12,50,2,11南港區,南港區南深路與南深路口往深坑,0,0,1,2,C03,8,1,6,50,3,1,1,5,4,5,1,4,4,1,5,4,1,16,1,18,2,7,1,1,7,9,1,10,1,11,,44,10,1,22,9,121.6230613,25.03307704
111,6,19,12,59,2,09北投區,北投區中央北路1段68號,0,0,2,1,C03,8,1,5,50,14,9,1,5,4,5,7,3,1,5,5,5,2,16,2,19,2,9,1,1,7,1,1,10,1,14,,19,19,1,22,9,121.5003544,25.1342626
111,6,19,12,59,2,09北投區,北投區中央北路1段68號,0,0,2,2,C03,8,1,5,50,14,9,1,5,4,5,7,3,1,5,5,5,2,16,1,18,2,9,1,1,7,9,1,10,1,11,,44,19,1,22,9,121.5003544,25.1342626
111,6,19,12,59,2,09北投區,北投區中央北路1段68號,0,0,2,3,C03,8,1,5,50,14,9,1,5,4,5,7,3,1,5,5,5,2,16,1,19,3,10,1,1,7,9,1,10,1,11,,16,19,1,22,9,121.5003544,25.1342626
111,6,19,14,16,2,06松山區,松山區八德路3段74巷與八德路3段12巷51弄口口,0,0,1,1,B03,8,1,5,50,4,1,1,5,4,5,7,4,4,10,5,5,2,15,1,27,2,8,1,1,7,9,1,8,1,2,,6,6,1,22,9,121.5524841,25.0461713
111,6,19,14,16,2,06松山區,松山區八德路3段74巷與八德路3段12巷51弄口口,0,0,1,2,B03,8,1,5,50,4,1,1,5,4,5,7,4,4,10,5,5,2,15,1,59,3,10,1,1,7,9,1,8,1,1,,23,6,1,22,9,121.5524841,25.0461713
111,6,19,14,20,2,08士林區,士林區菁山路101巷與冷水坑口第一停車場,0,0,1,1,B03,8,1,5,50,14,9,1,5,4,5,7,4,4,4,5,5,1,16,1,34,3,10,1,1,7,11,1,8,2,4,,10,10,1,22,9,121.5635769,25.16547159
111,6,19,14,20,2,08士林區,士林區菁山路101巷與冷水坑口第一停車場,0,0,1,2,C03,8,1,5,50,14,9,1,5,4,5,7,4,4,4,5,5,1,16,1,27,2,9,1,1,7,9,1,10,2,12,,44,10,1,22,9,121.5635769,25.16547159
111,6,19,14,30,2,02萬華區,萬華區堤外便道大理華中往北近晨光足球場,0,0,2,1,C03,8,1,5,40,14,9,1,5,4,5,7,4,4,10,5,5,2,17,1,25,2,9,1,4,7,7,1,10,11,14,,7,7,1,22,9,121.4916898,25.02123669
111,6,19,14,30,2,02萬華區,萬華區堤外便道大理華中往北近晨光足球場,0,0,2,2,C03,8,1,5,40,14,9,1,5,4,5,7,4,4,10,5,5,2,17,1,18,2,9,1,4,7,9,1,10,1,11,,13,7,1,22,9,121.4916898,25.02123669
111,6,19,14,50,2,04大安區,大安區新生南路1段97巷與忠孝東路3段80巷口,0,0,1,1,B03,8,1,5,30,4,1,1,5,4,5,7,4,4,10,5,5,2,15,1,40,3,10,3,4,7,9,1,8,1,1,,6,6,1,22,9,121.5356617,25.04118625
111,6,19,14,50,2,04大安區,大安區新生南路1段97巷與忠孝東路3段80巷口,0,0,1,2,C03,8,1,5,30,4,1,1,5,4,5,7,4,4,10,5,5,2,15,1,23,2,9,1,4,7,9,1,10,1,14,,23,6,1,22,9,121.5356617,25.04118625
111,6,19,15,16,2,08士林區,士林區延平北路6段與中正路口,0,0,1,1,C03,8,1,5,50,4,1,1,5,4,5,7,1,1,1,4,5,2,12,2,19,3,10,1,1,7,5,1,10,1,14,,8,8,1,22,9,121.5092954,25.08689291
111,6,19,15,16,2,08士林區,士林區延平北路6段與中正路口,0,0,1,2,C03,8,1,5,50,4,1,1,5,4,5,7,1,1,1,4,5,2,12,2,54,2,9,1,1,7,9,1,10,1,12,,44,8,1,22,9,121.5092954,25.08689291
111,6,19,15,22,2,08士林區,士林區通河街325巷與通河東街1段口,0,0,3,1,C03,7,1,5,30,3,1,1,5,4,5,7,4,4,10,5,5,1,17,1,17,2,9,1,1,7,12,2,18,1,11,,23,23,1,21,8,121.5178248,25.08128004
111,6,19,15,22,2,08士林區,士林區通河街325巷與通河東街1段口,0,0,3,2,C03,7,1,5,30,3,1,1,5,4,5,7,4,4,10,5,5,1,17,2,32,2,5,1,1,7,5,1,9,1,13,,14,23,1,21,8,121.5178248,25.08128004
111,6,19,15,22,2,08士林區,士林區通河街325巷與通河東街1段口,0,0,3,3,H02,7,1,5,30,3,1,1,5,4,5,7,4,4,10,5,5,1,17,1,18,2,9,4,5,7,20,8,20,10,16,,67,23,1,21,8,121.5178248,25.08128004
111,6,19,15,37,2,11南港區,南港區忠孝東路6段與忠孝東路6段口無名巷,0,0,1,1,B03,6,1,5,40,4,2,1,4,4,5,7,2,1,3,1,4,2,16,1,25,3,10,3,4,7,6,1,8,1,1,,9,9,1,22,9,121.5908619,25.0500168
111,6,19,15,37,2,11南港區,南港區忠孝東路6段與忠孝東路6段口無名巷,0,0,1,2,F01,6,1,5,40,4,2,1,4,4,5,7,2,1,3,1,4,2,16,2,18,2,9,1,1,7,11,8,20,1,16,,11,9,1,22,9,121.5908619,25.0500168
111,6,19,15,45,2,04大安區,大安區辛亥路2段與和平東路2段118巷口,0,0,1,1,C04,7,1,5,50,3,1,1,5,4,5,7,4,4,1,4,4,2,13,2,28,2,9,1,4,7,9,1,10,1,12,,23,23,1,22,9,121.5428613,25.02146096
111,6,19,15,45,2,04大安區,大安區辛亥路2段與和平東路2段118巷口,0,0,1,2,B03,7,1,5,50,3,1,1,5,4,5,7,4,4,1,4,4,2,13,1,76,3,10,1,4,7,12,1,8,1,7,,44,23,1,22,9,121.5428613,25.02146096
111,6,19,15,45,2,05中正區,中正區林森南路與濟南路1段口,0,0,2,1,B01,8,1,5,50,15,18,1,5,4,5,7,1,1,9,4,5,2,3,1,65,3,10,1,4,7,5,1,4,1,1,,15,15,1,22,9,121.5226514,25.0424335
111,6,19,15,45,2,05中正區,中正區林森南路與濟南路1段口,0,0,2,2,H01,8,1,5,50,15,18,1,5,4,5,7,1,1,9,4,5,2,3,2,54,2,9,4,5,8,16,8,20,10,16,,67,15,1,22,9,121.5226514,25.0424335
111,6,19,15,45,2,05中正區,中正區林森南路與濟南路1段口,0,0,2,3,H02,8,1,5,50,15,18,1,5,4,5,7,1,1,9,4,5,2,3,2,40,2,9,4,5,7,21,8,20,10,16,,67,15,1,22,9,121.5226514,25.0424335
111,6,19,16,10,2,03中山區,中山區民生東路3段與民生東路3段65巷口,0,0,1,1,F01,8,1,5,50,3,1,1,5,4,5,7,4,4,1,4,5,2,15,2,24,2,9,1,1,7,9,8,20,1,16,,6,6,1,22,9,121.5418856,25.05796204
111,6,19,16,10,2,03中山區,中山區民生東路3段與民生東路3段65巷口,0,0,1,2,B03,8,1,5,50,3,1,1,5,4,5,7,4,4,1,4,5,2,15,1,54,3,10,3,4,7,9,1,7,1,8,,23,6,1,22,9,121.5418856,25.05796204
111,6,19,16,30,2,08士林區,士林區福林路254巷與至善路1段口,0,0,2,1,B03,8,1,5,50,14,8,1,5,4,5,7,3,1,1,4,4,1,12,2,53,3,10,3,4,7,6,1,8,2,2,,6,6,1,22,9,121.5379374,25.09812163
111,6,19,16,30,2,08士林區,士林區福林路254巷與至善路1段口,0,0,2,2,C03,8,1,5,50,14,8,1,5,4,5,7,3,1,1,4,4,1,12,1,24,2,9,3,4,7,6,1,10,2,14,,13,6,1,22,9,121.5379374,25.09812163
111,6,19,16,30,2,08士林區,士林區福林路254巷與至善路1段口,0,0,2,3,H02,8,1,5,50,14,8,1,5,4,5,7,3,1,1,4,4,1,12,2,24,2,9,3,5,7,20,8,20,10,16,,67,6,1,22,9,121.5379374,25.09812163
111,6,19,17,16,2,07信義區,信義區虎林街與虎林街222巷口,0,0,1,1,B01,8,1,5,30,4,1,1,5,4,5,7,4,4,9,5,5,2,15,1,56,3,10,3,4,7,9,1,4,1,5,,6,6,1,22,9,121.5772189,25.0373066
111,6,19,17,16,2,07信義區,信義區虎林街與虎林街222巷口,0,0,1,2,C03,8,1,5,30,4,1,1,5,4,5,7,4,4,9,5,5,2,15,1,30,2,9,3,4,7,9,1,10,1,11,,23,6,1,22,9,121.5772189,25.0373066
111,6,19,17,49,2,10文山區,文山區辛亥路4段128號與辛亥路4段口,0,0,1,1,B03,8,1,5,50,3,1,1,5,4,5,7,2,1,1,4,5,2,16,1,43,3,10,1,1,7,11,1,8,1,8,,10,10,1,22,9,121.5571298,25.00508059
111,6,19,17,49,2,10文山區,文山區辛亥路4段128號與辛亥路4段口,0,0,1,2,C03,8,1,5,50,3,1,1,5,4,5,7,2,1,1,4,5,2,16,1,47,2,9,1,1,7,9,1,10,1,12,,44,10,1,22,9,121.5571298,25.00508059
111,6,19,17,54,2,12內湖區,內湖區舊宗路1段135號,0,0,1,1,C04,8,1,5,0,14,20,4,5,4,5,7,4,4,1,4,5,2,16,2,51,2,8,1,1,7,9,1,8,1,11,,42,42,1,22,9,121.5790368,25.06063068
111,6,19,17,54,2,12內湖區,內湖區舊宗路1段135號,0,0,1,2,B03,8,1,5,0,14,20,4,5,4,5,7,4,4,1,4,5,2,16,1,51,3,10,1,1,7,1,1,8,1,5,,19,42,1,22,9,121.5790368,25.06063068
111,6,19,17,56,2,02萬華區,萬華區東園街與德昌街口,0,0,1,1,C03,8,1,5,50,4,1,1,5,4,5,7,1,1,10,5,5,2,17,1,63,3,10,1,4,7,5,1,10,1,11,,6,6,1,22,9,121.4971901,25.02441211
111,6,19,17,56,2,02萬華區,萬華區東園街與德昌街口,0,0,1,2,C03,8,1,5,50,4,1,1,5,4,5,7,1,1,10,5,5,2,17,1,19,2,7,1,4,7,9,1,10,1,11,,23,6,1,22,9,121.4971901,25.02441211
111,6,19,18,18,2,05中正區,中正區中山南路與信義路1段口,0,0,2,1,C03,8,1,5,50,14,9,1,5,4,5,7,2,1,10,3,5,2,17,1,19,2,9,1,1,7,6,3,18,2,11,,23,23,1,22,9,121.517866,25.03848662
111,6,19,18,18,2,05中正區,中正區中山南路與信義路1段口,0,0,2,2,F01,8,1,5,50,14,9,1,5,4,5,7,2,1,10,3,5,2,17,1,26,2,9,1,1,7,11,8,20,2,16,,11,23,1,22,9,121.517866,25.03848662
111,6,19,18,20,2,02萬華區,萬華區環河南路2段280巷與長順街89巷口,0,0,3,1,C03,8,1,5,30,4,1,1,5,4,5,5,4,4,10,5,5,2,16,1,40,2,9,1,4,7,9,1,10,1,14,,6,6,1,22,9,121.4909216,25.0323797
111,6,19,18,20,2,02萬華區,萬華區環河南路2段280巷與長順街89巷口,0,0,3,2,C03,8,1,5,30,4,1,1,5,4,5,5,4,4,10,5,5,2,16,1,31,2,9,1,4,7,9,1,10,1,11,,13,6,1,22,9,121.4909216,25.0323797
111,6,19,18,20,2,02萬華區,萬華區環河南路2段280巷與長順街89巷口,0,0,3,3,H02,8,1,5,30,4,1,1,5,4,5,5,4,4,10,5,5,2,16,2,25,2,9,1,5,7,20,8,20,10,16,,67,6,1,22,9,121.4909216,25.0323797
111,6,19,18,20,2,02萬華區,萬華區環河南路2段280巷與長順街89巷口,0,0,3,4,B12,8,1,5,30,4,1,1,5,4,5,5,4,4,10,5,5,2,16,1,54,3,10,2,1,7,13,1,8,11,15,,38,6,1,22,9,121.4909216,25.0323797
111,6,19,18,20,2,02萬華區,萬華區環河南路2段280巷與長順街89巷口,0,0,3,5,B12,8,1,5,30,4,1,1,5,4,5,5,4,4,10,5,5,2,16,1,59,3,10,2,1,7,13,1,8,11,15,,38,6,1,22,9,121.4909216,25.0323797
111,6,19,18,20,2,09北投區,北投區建民路91巷,0,0,1,1,C03,8,1,5,30,14,9,1,5,4,5,7,4,4,10,5,5,2,29,1,29,2,9,1,1,7,9,1,10,11,14,,42,42,1,22,9,121.5169673,25.10892807
111,6,19,18,20,2,09北投區,北投區建民路91巷,0,0,1,2,,8,1,5,30,14,9,1,5,4,5,7,4,4,10,5,5,2,29,3,,,,,,,,,,,,,67,42,1,,,121.5169673,25.10892807
111,6,19,19,0,2,12內湖區,內湖區內湖路1段91巷與內湖路1段91巷102弄口,0,0,1,1,B03,8,3,5,30,4,1,1,5,4,5,7,4,4,10,5,5,2,2,2,46,3,10,3,4,7,5,1,8,2,4,,23,23,1,22,9,121.5629301,25.08743429
111,6,19,19,0,2,12內湖區,內湖區內湖路1段91巷與內湖路1段91巷102弄口,0,0,1,2,H01,8,3,5,30,4,1,1,5,4,5,7,4,4,10,5,5,2,2,2,82,2,9,4,5,8,16,8,20,10,16,,60,23,1,22,9,121.5629301,25.08743429
111,6,19,19,10,2,12內湖區,內湖區大湖山莊街148號,0,0,3,1,C03,8,3,5,30,14,9,1,5,4,5,7,4,4,9,5,5,2,12,1,34,2,5,1,1,7,5,1,10,1,14,,8,8,1,22,9,121.6016057,25.0861821
111,6,19,19,10,2,12內湖區,內湖區大湖山莊街148號,0,0,3,2,C03,8,3,5,30,14,9,1,5,4,5,7,4,4,9,5,5,2,12,1,18,2,9,1,1,7,9,1,10,1,11,,13,8,1,22,9,121.6016057,25.0861821
111,6,19,19,10,2,12內湖區,內湖區大湖山莊街148號,0,0,3,3,H02,8,3,5,30,14,9,1,5,4,5,7,4,4,9,5,5,2,12,2,25,2,5,4,5,7,21,8,20,10,16,,67,8,1,22,9,121.6016057,25.0861821
111,6,19,19,20,2,07信義區,信義區忠孝東路4段501號前,0,0,2,1,B03,8,3,5,50,14,9,1,5,4,5,7,4,4,1,4,5,2,12,1,56,3,10,1,1,7,8,6,18,1,6,,23,23,1,22,9,121.5587731,25.0413614
111,6,19,19,20,2,07信義區,信義區忠孝東路4段501號前,0,0,2,2,C03,8,3,5,50,14,9,1,5,4,5,7,4,4,1,4,5,2,12,1,21,2,9,1,1,7,9,1,10,1,14,,13,23,1,22,9,121.5587731,25.0413614
111,6,19,19,20,2,07信義區,信義區忠孝東路4段501號前,0,0,2,3,H02,8,3,5,50,14,9,1,5,4,5,7,4,4,1,4,5,2,12,2,22,2,9,4,5,7,17,8,20,10,16,,67,23,1,22,9,121.5587731,25.0413614
111,6,19,19,38,2,02萬華區,萬華區忠孝西路2段與忠孝西路2段16巷口,0,0,1,1,B03,8,3,5,50,3,1,1,5,4,5,7,4,4,3,4,5,2,16,1,46,3,10,1,1,7,6,1,8,1,5,,9,9,1,22,9,121.5085571,25.04816033
111,6,19,19,38,2,02萬華區,萬華區忠孝西路2段與忠孝西路2段16巷口,0,0,1,2,C03,8,3,5,50,3,1,1,5,4,5,7,4,4,3,4,5,2,16,1,64,2,9,1,1,7,9,1,10,1,14,,23,9,1,22,9,121.5085571,25.04816033
111,6,19,19,50,2,03中山區,中山區林森北路與中山北路2段137巷口,0,0,2,1,B03,7,3,5,50,3,1,1,5,4,5,7,1,1,10,5,5,2,17,1,23,3,10,1,4,7,5,1,8,2,8,,8,8,1,22,9,121.5255894,25.06173245
111,6,19,19,50,2,03中山區,中山區林森北路與中山北路2段137巷口,0,0,2,2,C03,7,3,5,50,3,1,1,5,4,5,7,1,1,10,5,5,2,17,2,25,2,9,1,4,7,9,1,10,2,12,13,25,8,1,22,9,121.5255894,25.06173245
111,6,19,19,50,2,03中山區,中山區林森北路與中山北路2段137巷口,0,0,2,3,C03,7,3,5,50,3,1,1,5,4,5,7,1,1,10,5,5,2,17,1,43,2,8,1,4,7,14,1,10,2,11,,44,8,1,22,9,121.5255894,25.06173245
111,6,19,19,55,2,02萬華區,萬華區長順街60巷12號,0,0,1,1,C03,8,3,5,30,14,9,1,5,4,3,5,4,4,10,5,5,1,17,1,24,2,9,1,1,7,9,1,10,2,11,,23,23,1,22,9,121.4887471,25.03194783
111,6,19,19,55,2,02萬華區,萬華區長順街60巷12號,0,0,1,2,B03,8,3,5,30,14,9,1,5,4,3,5,4,4,10,5,5,1,17,1,24,3,10,1,1,7,13,1,8,11,1,,38,23,1,22,9,121.4887471,25.03194783
111,6,19,20,40,2,08士林區,士林區中山北路5段北往南第513號燈桿前,0,0,1,1,B01,8,1,5,50,14,9,1,5,4,5,7,4,4,1,4,5,2,13,1,45,3,10,3,4,7,9,1,4,1,1,,16,16,1,22,9,121.5265448,25.08716325
111,6,19,20,40,2,08士林區,士林區中山北路5段北往南第513號燈桿前,0,0,1,2,C01,8,1,5,50,14,9,1,5,4,5,7,4,4,1,4,5,2,13,2,20,2,7,3,4,7,12,1,9,1,13,,44,16,1,22,9,121.5265448,25.08716325
111,6,19,20,40,2,08士林區,士林區中山北路5段北往南第513號燈桿前,0,0,1,3,C01,8,1,5,50,14,9,1,5,4,5,7,4,4,1,4,5,2,13,1,62,3,10,3,4,7,12,1,9,1,13,,44,16,1,22,9,121.5265448,25.08716325
111,6,19,21,0,2,12內湖區,內湖區康寧路3段189巷與東湖路43巷口,0,0,1,1,C03,8,3,5,30,4,1,1,5,4,5,7,4,4,9,5,5,2,15,1,33,3,10,1,1,7,9,1,10,1,11,,6,6,1,22,9,121.6129429,25.0705861
111,6,19,21,0,2,12內湖區,內湖區康寧路3段189巷與東湖路43巷口,0,0,1,2,C03,8,3,5,30,4,1,1,5,4,5,7,4,4,9,5,5,2,15,1,33,3,10,1,1,7,9,1,10,1,12,,14,6,1,22,9,121.6129429,25.0705861
111,6,19,21,0,2,12內湖區,內湖區康寧路3段189巷與東湖路43巷口,0,0,1,3,H02,8,3,5,30,4,1,1,5,4,5,7,4,4,9,5,5,2,15,2,32,2,8,4,5,7,20,8,20,10,16,,67,6,1,22,9,121.6129429,25.0705861
111,6,19,21,33,2,04大安區,大安區通化街與通化街171巷口,0,0,2,1,C03,7,3,5,50,4,1,1,5,4,5,7,1,1,8,3,5,2,12,1,18,2,9,1,1,7,5,1,10,1,13,,43,43,1,22,9,121.5536223,25.0280815
111,6,19,21,33,2,04大安區,大安區通化街與通化街171巷口,0,0,2,2,C03,7,3,5,50,4,1,1,5,4,5,7,1,1,8,3,5,2,12,1,19,2,8,1,1,7,9,1,10,1,14,,43,43,1,22,9,121.5536223,25.0280815
111,6,19,21,40,2,11南港區,南港區市民大道7段與向陽路口口,0,0,3,1,C02,8,3,5,50,4,1,1,5,4,5,7,2,1,1,4,5,1,16,2,25,2,9,1,4,7,5,1,9,1,12,,6,6,1,22,9,121.595437,25.0514615
111,6,19,21,40,2,11南港區,南港區市民大道7段與向陽路口口,0,0,3,2,C03,8,3,5,50,4,1,1,5,4,5,7,2,1,1,4,5,1,16,1,26,2,9,1,4,7,9,1,10,1,11,,44,6,1,22,9,121.595437,25.0514615
111,6,19,21,40,2,11南港區,南港區市民大道7段與向陽路口口,0,0,3,3,C03,8,3,5,50,4,1,1,5,4,5,7,2,1,1,4,5,1,16,1,23,2,9,1,4,7,9,1,10,1,11,,44,6,1,22,9,121.595437,25.0514615
111,6,19,21,40,2,11南港區,南港區市民大道7段與向陽路口口,0,0,3,4,H02,8,3,5,50,4,1,1,5,4,5,7,2,1,1,4,5,1,16,2,25,4,11,3,4,7,20,8,20,10,16,,67,6,1,22,9,121.595437,25.0514615
111,6,19,21,42,2,01大同區,大同區忠孝西路2段與塔城街口,0,0,2,1,C03,7,3,5,50,4,2,1,5,4,5,7,2,1,5,4,5,2,17,1,61,2,1,1,4,7,9,1,10,2,12,,16,16,1,22,9,121.5099246,25.04822514