發生年度,發生月,發生日,發生時-Hours,發生分,處理別-編號,區序,肇事地點,死亡人數,2-30日死亡人數,受傷人數,當事人序號,車種,天候,光線,道路類別,速限-速度限制,道路型態,事故位置,路面狀況1,路面狀況2,路面狀況3,道路障礙1,道路障礙2,號誌1,號誌2,車道劃分-分向,車道劃分-分道1,車道劃分-分道2,車道劃分-分道3,事故類型及型態,性別,年齡,受傷程度,主要傷處,安全帽,行動電話,車輛用途,當事者行動狀態,駕駛資格情形,駕駛執照種類,飲酒情形,車輛撞擊部位1,車輛撞擊部位2,肇因碼-個別,肇因碼-主要,個人肇逃否,職業,旅次目的,座標-X,座標-Y
111,6,19,21,42,2,01大同區,大同區忠孝西路2段與塔城街口,0,0,2,2,C03,7,3,5,50,4,2,1,5,4,5,7,2,1,5,4,5,2,17,1,63,3,10,1,4,7,12,1,10,2,14,,44,16,1,22,9,121.5099246,25.04822514
111,6,19,21,42,2,01大同區,大同區忠孝西路2段與塔城街口,0,0,2,3,H02,7,3,5,50,4,2,1,5,4,5,7,2,1,5,4,5,2,17,2,59,2,8,1,5,7,20,8,20,10,16,,67,16,1,22,9,121.5099246,25.04822514
111,6,19,21,46,2,03中山區,中山區明水路581巷23號,0,0,1,1,B12,8,3,5,50,14,9,1,5,4,5,7,4,4,9,5,5,2,16,1,56,3,10,3,4,7,13,1,8,1,3,,34,34,1,22,9,121.5505409,25.08001681
111,6,19,21,46,2,03中山區,中山區明水路581巷23號,0,0,1,2,C03,8,3,5,50,14,9,1,5,4,5,7,4,4,9,5,5,2,16,1,39,2,9,1,1,7,9,1,10,1,11,,23,34,1,22,9,121.5505409,25.08001681
111,6,19,21,46,2,03中山區,中山區明水路581巷23號,0,0,1,3,B03,8,3,5,50,14,9,1,5,4,5,7,4,4,9,5,5,2,16,1,41,3,10,3,4,7,9,1,8,1,2,,44,34,1,22,9,121.5505409,25.08001681
111,6,19,22,0,2,12內湖區,內湖區東湖路與康樂街口,0,0,1,1,B01,8,3,5,50,4,1,1,5,4,5,7,2,1,9,4,5,2,16,1,61,3,10,3,4,7,11,1,1,1,1,,10,10,1,22,9,121.6176408,25.06789789
111,6,19,22,0,2,12內湖區,內湖區東湖路與康樂街口,0,0,1,2,C03,8,3,5,50,4,1,1,5,4,5,7,2,1,9,4,5,2,16,1,26,2,9,1,1,7,9,1,9,1,14,,44,10,1,22,9,121.6176408,25.06789789
111,6,19,23,0,2,10文山區,文山區新光路2段高氏宗祠,0,0,2,1,B03,8,3,5,50,11,13,1,5,4,5,1,4,4,9,4,4,1,26,1,21,2,9,1,1,7,9,1,8,2,1,,42,42,1,22,9,121.5738803,24.99462712
111,6,19,23,0,2,10文山區,文山區新光路2段高氏宗祠,0,0,2,2,,8,3,5,50,11,13,1,5,4,5,1,4,4,9,4,4,1,26,3,,,,,,,,,,,,,67,42,1,,,121.5738803,24.99462712
111,6,19,23,0,2,10文山區,文山區新光路2段高氏宗祠,0,0,2,3,C04,8,3,5,50,11,13,1,5,4,5,1,4,4,9,4,4,1,26,3,,,,,,,,,,,,,67,42,1,,,121.5738803,24.99462712
111,6,19,23,0,2,10文山區,文山區新光路2段高氏宗祠,0,0,2,4,H02,8,3,5,50,11,13,1,5,4,5,1,4,4,9,4,4,1,26,2,18,2,9,1,1,7,21,8,20,10,15,,67,42,1,22,9,121.5738803,24.99462712
111,6,20,1,25,2,02萬華區,萬華區西園路1段99號,0,0,3,1,C03,8,3,5,50,4,2,1,5,4,5,7,1,1,5,4,5,2,16,1,26,2,9,1,1,7,6,1,10,2,12,,9,9,1,22,9,121.4997938,25.03851453
111,6,20,1,25,2,02萬華區,萬華區西園路1段99號,0,0,3,2,C03,8,3,5,50,4,2,1,5,4,5,7,1,1,5,4,5,2,16,1,38,2,9,1,1,7,9,1,10,2,11,,44,9,1,22,9,121.4997938,25.03851453
111,6,20,1,25,2,02萬華區,萬華區西園路1段99號,0,0,3,3,H03,8,3,5,50,4,2,1,5,4,5,7,1,1,5,4,5,2,16,1,80,2,8,4,5,8,17,8,20,10,16,,67,9,1,22,9,121.4997938,25.03851453
111,6,20,6,15,2,05中正區,中正區仁愛路1段與林森南路口,0,0,1,1,B03,8,1,5,50,14,9,1,5,4,5,7,4,4,10,3,1,1,13,1,65,3,10,1,3,7,9,1,8,2,1,,23,23,1,22,9,121.5211468,25.03894534
111,6,20,6,15,2,05中正區,中正區仁愛路1段與林森南路口,0,0,1,2,B12,8,1,5,50,14,9,1,5,4,5,7,4,4,10,3,1,1,13,1,32,2,8,1,1,7,15,1,8,2,3,,44,23,2,22,9,121.5211468,25.03894534
111,6,20,6,45,2,05中正區,中正區市民大道1段往東(捷運M2出入口),0,0,2,1,C03,8,1,5,40,14,9,1,5,4,5,7,4,4,1,4,5,2,12,1,55,2,9,1,1,7,9,6,10,2,12,,23,23,1,22,9,121.5192619,25.04816899
111,6,20,6,45,2,05中正區,中正區市民大道1段往東(捷運M2出入口),0,0,2,2,C03,8,1,5,40,14,9,1,5,4,5,7,4,4,1,4,5,2,12,1,59,2,9,1,1,7,15,1,10,2,14,,44,23,1,22,9,121.5192619,25.04816899
111,6,20,6,50,2,09北投區,北投區中央北路2段與稻香路口,0,0,4,1,C03,8,1,5,50,4,1,1,5,4,5,7,1,1,5,4,5,2,16,1,18,2,8,1,1,7,5,1,10,1,12,,6,6,1,22,9,121.4912751,25.13859884
111,6,20,6,50,2,09北投區,北投區中央北路2段與稻香路口,0,0,4,2,C03,8,1,5,50,4,1,1,5,4,5,7,1,1,5,4,5,2,16,1,55,2,9,1,1,7,9,1,10,1,11,,44,6,1,22,9,121.4912751,25.13859884
111,6,20,6,50,2,09北投區,北投區中央北路2段與稻香路口,0,0,4,3,H02,8,1,5,50,4,1,1,5,4,5,7,1,1,5,4,5,2,16,2,14,2,8,4,5,7,21,8,20,10,15,,67,6,1,22,9,121.4912751,25.13859884
111,6,20,6,50,2,09北投區,北投區中央北路2段與稻香路口,0,0,4,4,H02,8,1,5,50,4,1,1,5,4,5,7,1,1,5,4,5,2,16,2,54,2,9,4,5,7,21,8,20,1,15,,67,6,1,22,9,121.4912751,25.13859884
111,6,20,6,56,2,03中山區,中山區建國北路1段中山女高旁,0,0,1,1,B03,8,1,5,50,14,9,1,5,4,5,7,4,4,1,4,5,2,12,1,48,3,10,1,1,7,8,1,8,1,7,,7,7,1,22,9,121.5369801,25.04906302
111,6,20,6,56,2,03中山區,中山區建國北路1段中山女高旁,0,0,1,2,C03,8,1,5,50,14,9,1,5,4,5,7,4,4,1,4,5,2,12,1,32,2,9,1,1,7,9,1,10,1,14,,44,7,1,22,9,121.5369801,25.04906302
111,6,20,7,3,2,07信義區,信義區永吉路127巷與永吉路127巷11弄口口,0,0,1,1,B03,8,1,5,30,4,1,1,5,4,5,7,4,4,10,5,5,2,17,1,46,3,10,1,1,7,6,1,8,1,15,,6,6,1,22,9,121.5703649,25.0461948
111,6,20,7,3,2,07信義區,信義區永吉路127巷與永吉路127巷11弄口口,0,0,1,2,C03,8,1,5,30,4,1,1,5,4,5,7,4,4,10,5,5,2,17,1,69,2,9,1,1,7,9,4,10,1,14,,14,6,1,22,9,121.5703649,25.0461948
111,6,20,7,20,2,11南港區,南港區市民大道7段與東新街口,0,0,1,1,B03,8,1,5,50,4,2,1,5,4,5,7,1,1,1,4,4,2,16,2,62,3,10,1,1,7,5,1,8,1,2,,8,8,1,22,9,121.5839265,25.0496451
111,6,20,7,20,2,11南港區,南港區市民大道7段與東新街口,0,0,1,2,C03,8,1,5,50,4,2,1,5,4,5,7,1,1,1,4,4,2,16,1,23,2,9,1,1,7,9,1,10,1,12,,23,8,1,22,9,121.5839265,25.0496451
111,6,20,7,30,2,12內湖區,內湖區潭美街往西083燈柱,0,0,2,1,C03,8,1,5,40,14,9,1,5,4,5,7,4,4,5,5,5,1,13,2,30,2,9,3,4,7,4,1,10,1,11,,23,23,1,22,9,121.6066265,25.0622547
111,6,20,7,30,2,12內湖區,內湖區潭美街往西083燈柱,0,0,2,2,F01,8,1,5,40,14,9,1,5,4,5,7,4,4,5,5,5,1,13,2,73,2,8,3,4,7,9,8,20,1,16,,44,23,1,22,9,121.6066265,25.0622547
111,6,20,8,30,2,12內湖區,內湖區潭美街與安美街175巷口,0,0,1,1,C03,8,1,5,40,3,1,1,5,4,5,7,4,4,5,5,5,2,13,2,43,2,8,1,1,7,9,1,10,1,11,,23,23,1,22,9,121.6008494,25.06084555
111,6,20,8,30,2,12內湖區,內湖區潭美街與安美街175巷口,0,0,1,2,B03,8,1,5,40,3,1,1,5,4,5,7,4,4,5,5,5,2,13,1,53,3,10,1,1,7,14,1,8,1,3,,44,23,1,22,9,121.6008494,25.06084555
111,6,20,8,35,2,12內湖區,內湖區潭美街211號前,0,0,1,1,B11,8,1,5,40,14,9,1,5,4,5,7,4,4,5,5,5,2,12,1,45,3,10,1,1,7,9,1,8,1,5,,23,23,1,22,9,121.584663,25.05570091
111,6,20,8,35,2,12內湖區,內湖區潭美街211號前,0,0,1,2,C03,8,1,5,40,14,9,1,5,4,5,7,4,4,5,5,5,2,12,1,41,2,8,1,1,7,14,1,10,1,14,,42,23,1,22,9,121.584663,25.05570091
111,6,20,8,35,2,12內湖區,內湖區潭美街211號前,0,0,1,3,B03,8,1,5,40,14,9,1,5,4,5,7,4,4,5,5,5,2,12,1,46,4,11,3,4,7,13,7,19,11,15,,44,23,2,22,9,121.584663,25.05570091
111,6,20,8,38,2,01大同區,大同區通河西街1段明倫高中堤外車道,0,0,2,1,C03,8,1,5,30,14,9,1,5,4,5,7,4,4,9,4,5,2,16,1,40,2,9,3,4,7,11,1,10,11,14,,10,10,1,22,9,121.5138819,25.0809233
111,6,20,8,38,2,01大同區,大同區通河西街1段明倫高中堤外車道,0,0,2,2,C03,8,1,5,30,14,9,1,5,4,5,7,4,4,9,4,5,2,16,1,21,2,9,3,4,7,9,1,10,2,14,,13,10,1,22,9,121.5138819,25.0809233
111,6,20,8,38,2,09北投區,北投區榮華三路與明德路22巷口,0,0,1,1,C03,8,1,5,30,4,2,1,5,4,5,7,4,4,10,5,5,2,16,1,31,2,8,3,4,7,5,1,10,1,14,,8,8,1,22,9,121.5219284,25.11389797
111,6,20,8,38,2,09北投區,北投區榮華三路與明德路22巷口,0,0,1,2,C03,8,1,5,30,4,2,1,5,4,5,7,4,4,10,5,5,2,16,1,43,3,10,3,4,7,9,1,10,1,11,,44,8,1,22,9,121.5219284,25.11389797
111,6,20,9,4,2,10文山區,文山區木新路2段與指南路1段口,0,0,1,1,C03,8,1,5,50,4,1,1,5,4,5,7,2,1,5,2,5,2,12,2,19,3,10,1,1,7,5,1,10,1,14,,8,8,1,22,9,121.5706464,24.9878316
111,6,20,9,4,2,10文山區,文山區木新路2段與指南路1段口,0,0,1,2,C03,8,1,5,50,4,1,1,5,4,5,7,2,1,5,2,5,2,12,2,71,2,8,1,1,7,9,3,18,1,12,,23,8,1,22,9,121.5706464,24.9878316
111,6,20,9,5,2,10文山區,文山區汀州路4段25號,0,0,1,1,B03,8,1,5,30,14,9,1,5,4,5,7,4,4,10,5,5,2,12,1,51,3,10,1,1,7,1,1,8,1,2,,19,19,1,22,9,121.5367125,25.0097746
111,6,20,9,5,2,10文山區,文山區汀州路4段25號,0,0,1,2,C03,8,1,5,30,14,9,1,5,4,5,7,4,4,10,5,5,2,12,1,68,2,7,1,1,7,9,1,10,1,14,,13,19,1,22,9,121.5367125,25.0097746
111,6,20,9,5,2,10文山區,文山區汀州路4段25號,0,0,1,3,C03,8,1,5,30,14,9,1,5,4,5,7,4,4,10,5,5,2,12,1,30,3,10,3,4,7,13,1,10,11,13,,44,19,1,22,9,121.5367125,25.0097746
111,6,20,9,5,2,10文山區,文山區汀州路4段25號,0,0,1,4,B12,8,1,5,30,14,9,1,5,4,5,7,4,4,10,5,5,2,12,1,54,3,10,3,4,7,13,1,8,11,3,,44,19,1,22,9,121.5367125,25.0097746
111,6,20,9,14,2,08士林區,士林區忠誠路1段100巷15弄6號,0,0,1,2,C03,8,1,5,30,14,9,1,5,4,5,7,4,4,10,5,5,1,16,1,35,2,7,1,1,7,9,1,10,1,11,,44,6,1,22,9,121.5279765,25.10597472
111,6,20,9,14,2,08士林區,士林區忠誠路1段100巷15弄6號,0,0,1,1,B03,8,1,5,30,14,9,1,5,4,5,7,4,4,10,5,5,1,16,2,39,3,10,1,1,7,6,1,8,1,5,,6,6,1,22,9,121.5279765,25.10597472
111,6,20,9,22,2,03中山區,中山區林森北路與長春路口,0,0,2,1,C03,8,1,5,50,4,1,1,5,4,5,7,1,1,4,3,5,1,16,1,39,3,10,1,4,7,5,1,10,1,12,,8,8,1,22,9,121.5255229,25.05490925
111,6,20,9,22,2,03中山區,中山區林森北路與長春路口,0,0,2,2,C03,8,1,5,50,4,1,1,5,4,5,7,1,1,4,3,5,1,16,1,52,2,9,3,4,7,9,1,10,1,11,,44,8,1,22,9,121.5255229,25.05490925
111,6,20,9,22,2,03中山區,中山區林森北路與長春路口,0,0,2,3,H02,8,1,5,50,4,1,1,5,4,5,7,1,1,4,3,5,1,16,2,26,2,8,4,5,7,17,8,20,10,15,,67,8,1,22,9,121.5255229,25.05490925
111,6,20,9,27,2,09北投區,北投區立德路與立功街口,0,0,1,1,B03,8,1,5,50,4,1,1,5,4,5,7,1,1,5,4,5,2,13,1,65,3,10,3,4,7,9,1,8,1,5,,23,23,1,22,9,121.4717022,25.12527063
111,6,20,9,27,2,09北投區,北投區立德路與立功街口,0,0,1,2,C03,8,1,5,50,4,1,1,5,4,5,7,1,1,5,4,5,2,13,2,34,2,9,1,1,7,10,1,10,1,13,,7,23,1,22,9,121.4717022,25.12527063
111,6,20,9,38,2,03中山區,中山區明水路357號對面,0,0,2,1,C03,8,1,5,50,14,9,1,5,4,5,7,4,4,1,4,5,2,13,2,19,2,9,3,4,7,9,1,10,1,11,,17,17,1,22,9,121.544923,25.07742609
111,6,20,9,38,2,03中山區,中山區明水路357號對面,0,0,2,2,C03,8,1,5,50,14,9,1,5,4,5,7,4,4,1,4,5,2,13,1,35,2,8,3,4,7,9,1,10,1,13,,44,17,1,22,9,121.544923,25.07742609
111,6,20,9,38,2,03中山區,中山區明水路357號對面,0,0,2,3,B01,8,1,5,50,14,9,1,5,4,5,7,4,4,1,4,5,2,13,1,50,3,10,3,4,7,9,1,4,1,5,,44,17,1,22,9,121.544923,25.07742609
111,6,20,9,50,2,06松山區,松山區敦化北路5號小巨蛋停車場出入口,0,0,1,2,C03,8,1,5,50,14,8,1,5,4,5,7,3,1,9,4,4,1,13,1,26,3,10,1,1,7,12,1,10,1,13,,44,9,1,22,9,121.5491934,25.0496408
111,6,20,9,50,2,06松山區,松山區敦化北路5號小巨蛋停車場出入口,0,0,1,1,B03,8,1,5,50,14,8,1,5,4,5,7,3,1,9,4,4,1,13,1,50,3,10,3,4,7,6,1,8,1,15,,9,9,1,22,9,121.5491934,25.0496408
111,6,20,9,50,2,06松山區,松山區敦化北路5號小巨蛋停車場出入口,0,0,1,3,C03,8,1,5,50,14,8,1,5,4,5,7,3,1,9,4,4,1,13,1,50,2,8,1,1,7,9,1,10,1,11,,23,9,1,22,9,121.5491934,25.0496408
111,6,20,10,3,2,03中山區,中山區中山北路1段135巷,0,0,1,1,B01,8,1,5,30,3,1,1,5,4,5,7,4,4,5,4,5,2,16,1,44,3,10,1,1,7,6,1,4,1,8,,6,6,1,22,9,121.5225379,25.0517451
111,6,20,10,3,2,03中山區,中山區中山北路1段135巷,0,0,1,2,C03,8,1,5,30,3,1,1,5,4,5,7,4,4,5,4,5,2,16,2,22,2,8,1,1,7,9,1,10,1,11,14,14,6,1,22,9,121.5225379,25.0517451
111,6,20,10,3,2,03中山區,中山區中山北路1段135巷,0,0,1,3,A04,8,1,5,30,3,1,1,5,4,5,7,4,4,5,4,5,2,16,1,57,3,10,1,1,7,14,1,2,1,5,,44,6,1,22,9,121.5225379,25.0517451
111,6,20,10,28,2,12內湖區,內湖區民權東路6段423巷與民權東路6段423巷9弄口,0,0,2,1,C03,8,1,5,30,4,1,1,5,4,5,7,4,4,10,5,5,2,16,1,71,2,9,1,1,7,9,1,10,1,11,,6,6,1,22,9,121.6037278,25.07142875
111,6,20,10,28,2,12內湖區,內湖區民權東路6段423巷與民權東路6段423巷9弄口,0,0,2,2,B03,8,1,5,30,4,1,1,5,4,5,7,4,4,10,5,5,2,16,1,27,3,10,1,1,7,9,1,8,1,5,,14,6,1,22,9,121.6037278,25.07142875
111,6,20,10,28,2,12內湖區,內湖區民權東路6段423巷與民權東路6段423巷9弄口,0,0,2,3,H02,8,1,5,30,4,1,1,5,4,5,7,4,4,10,5,5,2,16,2,67,2,9,1,1,7,20,8,20,10,16,,67,6,1,22,9,121.6037278,25.07142875
111,6,20,10,33,2,07信義區,信義區松高路9號,0,0,1,1,B02,8,1,5,50,14,9,1,5,4,5,7,4,4,5,4,5,2,13,1,45,3,10,3,4,7,9,1,4,1,1,,16,16,1,22,9,121.5646994,25.0390674
111,6,20,10,33,2,07信義區,信義區松高路9號,0,0,1,2,B03,8,1,5,50,14,9,1,5,4,5,7,4,4,5,4,5,2,13,2,44,2,2,3,4,7,12,1,8,1,3,,44,16,1,22,9,121.5646994,25.0390674
111,6,20,10,55,2,10文山區,文山區景文街與景美街口,0,0,1,1,F01,8,1,5,50,5,2,1,5,4,5,7,4,4,5,5,4,2,16,1,79,2,9,1,1,7,7,8,20,1,16,,6,6,1,22,9,121.5413685,24.99166057
111,6,20,10,55,2,10文山區,文山區景文街與景美街口,0,0,1,2,B03,8,1,5,50,5,2,1,5,4,5,7,4,4,5,5,4,2,16,1,43,3,10,1,1,7,9,1,8,1,5,,23,6,1,22,9,121.5413685,24.99166057
111,6,20,11,10,2,12內湖區,內湖區金龍路100號,0,0,2,1,C03,8,1,5,50,14,9,1,5,4,5,7,2,1,9,4,4,2,16,1,42,2,9,1,1,7,9,1,10,2,11,,23,23,1,22,9,121.5912538,25.08540928
111,6,20,11,10,2,12內湖區,內湖區金龍路100號,0,0,2,2,F01,8,1,5,50,14,9,1,5,4,5,7,2,1,9,4,4,2,16,1,65,2,8,1,1,7,1,8,20,2,16,,19,23,1,22,9,121.5912538,25.08540928
111,6,20,11,17,2,09北投區,北投區清江路與清江路151巷口,0,0,2,1,C03,8,1,5,30,4,1,1,5,4,5,7,4,4,10,5,5,2,15,2,43,2,9,3,4,7,9,1,10,1,14,,6,6,1,22,9,121.5019357,25.12869871
111,6,20,11,17,2,09北投區,北投區清江路與清江路151巷口,0,0,2,2,C03,8,1,5,30,4,1,1,5,4,5,7,4,4,10,5,5,2,15,2,55,2,9,3,4,7,9,1,10,1,11,,14,6,1,22,9,121.5019357,25.12869871
111,6,20,11,19,2,01大同區,大同區西寧北路與長安西路口,0,0,2,1,C03,8,1,5,50,4,1,1,5,4,5,7,2,1,4,4,5,2,16,2,55,2,9,3,4,7,5,1,10,1,11,,8,8,1,22,9,121.5085536,25.052032
111,6,20,11,19,2,01大同區,大同區西寧北路與長安西路口,0,0,2,2,C03,8,1,5,50,4,1,1,5,4,5,7,2,1,4,4,5,2,16,1,51,2,9,3,4,7,9,1,10,1,11,,44,8,1,22,9,121.5085536,25.052032
111,6,20,11,37,2,06松山區,松山區健康路與健康路7巷口,0,0,1,1,B01,8,1,5,50,3,1,1,5,4,5,7,4,4,4,3,5,2,12,1,39,3,10,1,1,7,11,1,2,1,4,,10,10,1,22,9,121.5526175,25.05280463
111,6,20,11,37,2,06松山區,松山區健康路與健康路7巷口,0,0,1,2,C03,8,1,5,50,3,1,1,5,4,5,7,4,4,4,3,5,2,12,2,27,2,9,1,1,7,9,1,10,1,11,,16,10,1,22,9,121.5526175,25.05280463
111,6,20,11,50,2,03中山區,中山區南京東路1段與新生北路1段口,0,0,1,1,B03,8,1,5,50,4,1,1,5,4,5,7,1,1,5,4,4,2,15,2,56,3,10,3,4,7,1,1,8,2,1,,25,25,1,22,9,121.5274914,25.05217232
111,6,20,11,50,2,03中山區,中山區南京東路1段與新生北路1段口,0,0,1,2,C03,8,1,5,50,4,1,1,5,4,5,7,1,1,5,4,4,2,15,2,31,2,9,3,4,7,9,1,10,2,14,,44,25,1,3,9,121.5274914,25.05217232
111,6,20,12,1,2,03中山區,中山區遼寧街與興安街口,0,0,2,1,C03,8,1,5,50,4,2,1,5,4,5,7,1,1,5,5,5,2,12,2,26,2,9,1,1,7,8,1,10,1,12,,7,7,1,22,9,121.5421241,25.0562472
111,6,20,12,1,2,03中山區,中山區遼寧街與興安街口,0,0,2,2,C03,8,1,5,50,4,2,1,5,4,5,7,1,1,5,5,5,2,12,2,18,3,10,1,1,7,9,1,10,1,14,,44,7,1,22,9,121.5421241,25.0562472
111,6,20,12,1,2,03中山區,中山區遼寧街與興安街口,0,0,2,3,H02,8,1,5,50,4,2,1,5,4,5,7,1,1,5,5,5,2,12,2,29,2,9,4,5,7,21,8,20,10,15,,67,7,1,22,9,121.5421241,25.0562472
111,6,20,12,12,2,09北投區,北投區石牌路1段156號,0,0,2,1,B03,8,1,5,50,14,9,1,5,4,5,7,4,4,5,4,5,2,16,2,38,3,10,3,4,7,5,1,8,1,1,,8,8,1,22,9,121.5132372,25.11445178
111,6,20,12,12,2,09北投區,北投區石牌路1段156號,0,0,2,2,C03,8,1,5,50,14,9,1,5,4,5,7,4,4,5,4,5,2,16,2,25,2,9,3,4,7,9,1,10,1,14,,44,8,1,22,9,121.5132372,25.11445178
111,6,20,12,12,2,09北投區,北投區石牌路1段156號,0,0,2,3,H02,8,1,5,50,14,9,1,5,4,5,7,4,4,5,4,5,2,16,2,54,2,9,4,5,7,21,8,20,10,15,,67,8,1,22,9,121.5132372,25.11445178
111,6,20,12,21,2,05中正區,中正區中山南路與信義路1段口,0,0,1,1,B02,8,1,5,50,4,2,1,5,4,5,7,1,1,1,4,1,2,3,1,58,3,10,1,1,7,6,1,4,9,5,,15,15,1,22,9,121.5179427,25.03860005
111,6,20,12,21,2,05中正區,中正區中山南路與信義路1段口,0,0,1,2,H01,8,1,5,50,4,2,1,5,4,5,7,1,1,1,4,1,2,3,2,29,2,9,4,5,8,18,8,20,9,16,,67,15,1,22,9,121.5179427,25.03860005
111,6,20,12,33,2,08士林區,士林區中正路與承德路5段口,0,0,1,1,C03,8,1,5,50,4,2,1,5,4,5,7,1,1,1,4,5,2,13,1,18,2,9,1,1,7,9,1,10,1,11,,23,23,1,22,9,121.5166394,25.09126429
111,6,20,12,33,2,08士林區,士林區中正路與承德路5段口,0,0,1,2,C03,8,1,5,50,4,2,1,5,4,5,7,1,1,1,4,5,2,13,1,21,3,10,1,1,7,12,1,10,1,13,,44,23,1,22,9,121.5166394,25.09126429
111,6,20,12,40,2,05中正區,中正區中山南路與凱達格蘭大道口,0,0,1,1,B03,8,1,5,50,5,1,1,5,4,5,7,3,1,1,3,1,2,12,1,60,3,10,1,1,7,6,1,7,1,2,,43,43,1,22,9,121.517254,25.0391471
111,6,20,12,40,2,05中正區,中正區中山南路與凱達格蘭大道口,0,0,1,2,C03,8,1,5,50,5,1,1,5,4,5,7,3,1,1,3,1,2,12,1,30,2,9,1,1,7,9,1,10,1,11,,43,43,1,22,9,121.517254,25.0391471
111,6,20,12,45,2,10文山區,文山區木柵路4段3號,0,0,1,1,C03,8,1,5,50,14,9,1,5,4,5,7,2,1,5,2,5,2,12,1,52,2,8,1,1,7,9,1,10,2,14,,23,23,1,22,9,121.5711321,24.9917226
111,6,20,12,45,2,10文山區,文山區木柵路4段3號,0,0,1,2,B02,8,1,5,50,14,9,1,5,4,5,7,2,1,5,2,5,2,12,1,41,3,10,1,1,7,9,1,8,2,5,,42,23,1,22,9,121.5711321,24.9917226
111,6,20,13,5,2,12內湖區,內湖區舊宗路2段與港墘路口,0,0,1,1,B03,8,1,5,50,4,2,1,5,4,5,7,4,4,3,4,5,2,16,1,53,3,10,1,1,7,1,1,8,1,5,,26,26,1,22,9,121.5724852,25.07454983
111,6,20,13,5,2,12內湖區,內湖區舊宗路2段與港墘路口,0,0,1,2,C03,8,1,5,50,4,2,1,5,4,5,7,4,4,3,4,5,2,16,2,30,2,7,1,1,7,7,1,10,1,14,,7,26,1,22,9,121.5724852,25.07454983
111,6,20,13,42,2,06松山區,松山區八德路4段633號,0,0,1,1,B01,8,1,5,40,14,8,1,5,4,5,7,4,4,1,3,4,2,12,1,61,3,10,1,1,7,15,1,4,1,2,,6,6,1,22,9,121.5750808,25.05005629
111,6,20,13,42,2,06松山區,松山區八德路4段633號,0,0,1,2,C03,8,1,5,40,14,8,1,5,4,5,7,4,4,1,3,4,2,12,1,19,2,9,1,1,7,9,1,10,1,14,,44,6,1,22,9,121.5750808,25.05005629
111,6,20,14,0,2,03中山區,中山區長春路247號,0,0,1,1,B01,8,1,5,50,14,7,1,5,4,5,7,4,4,9,4,4,2,17,2,58,3,10,1,1,7,11,1,4,1,8,,10,10,1,22,9,121.5395665,25.0546864
111,6,20,14,0,2,03中山區,中山區長春路247號,0,0,1,2,C03,8,1,5,50,14,7,1,5,4,5,7,4,4,9,4,4,2,17,2,64,2,9,1,1,7,9,1,10,1,12,,44,10,1,22,9,121.5395665,25.0546864
111,6,20,14,11,2,02萬華區,萬華區西園路2段140巷與西園路2段96巷口,0,0,2,1,C03,8,1,5,50,3,1,1,5,4,5,7,4,4,9,5,5,2,17,1,29,2,9,1,4,7,5,1,10,1,11,,8,8,1,22,9,121.4952781,25.03131538
111,6,20,14,11,2,02萬華區,萬華區西園路2段140巷與西園路2段96巷口,0,0,2,2,C03,8,1,5,50,3,1,1,5,4,5,7,4,4,9,5,5,2,17,1,43,2,9,1,4,7,5,1,10,1,11,,14,8,1,22,9,121.4952781,25.03131538
111,6,20,14,23,2,07信義區,信義區松壽路9號,0,0,2,1,B03,8,1,5,50,14,9,1,5,4,5,7,4,4,5,4,5,2,17,1,72,3,10,3,4,7,9,1,8,1,5,,43,43,1,22,9,121.5667389,25.0358948
111,6,20,14,23,2,07信義區,信義區松壽路9號,0,0,2,2,C04,8,1,5,50,14,9,1,5,4,5,7,4,4,5,4,5,2,17,1,70,2,9,3,4,7,9,1,10,1,13,,43,43,1,22,9,121.5667389,25.0358948
111,6,20,14,23,2,07信義區,信義區松壽路9號,0,0,2,3,H02,8,1,5,50,14,9,1,5,4,5,7,4,4,5,4,5,2,17,2,64,2,9,3,4,7,20,8,20,10,16,,67,43,1,22,9,121.5667389,25.0358948
111,6,20,14,37,2,01大同區,大同區環河北路1段1段(北往南方向),0,0,2,1,C03,8,1,5,50,14,9,1,5,4,5,7,4,4,9,4,5,2,13,1,24,2,9,1,1,7,9,1,10,1,11,,16,16,1,22,9,121.5064323,25.04980156
111,6,20,14,37,2,01大同區,大同區環河北路1段1段(北往南方向),0,0,2,2,C03,8,1,5,50,14,9,1,5,4,5,7,4,4,9,4,5,2,13,1,64,2,9,1,1,7,9,1,10,1,13,,44,16,1,22,9,121.5064323,25.04980156
111,6,20,14,38,2,05中正區,中正區金山南路1段與齊東街口,0,0,1,1,B03,8,1,5,50,3,2,1,5,4,5,7,4,4,1,5,5,2,16,2,53,3,10,1,1,7,6,1,8,2,2,,44,44,1,22,9,121.5296509,25.0429003
111,6,20,14,38,2,05中正區,中正區金山南路1段與齊東街口,0,0,1,2,C03,8,1,5,50,3,2,1,5,4,5,7,4,4,1,5,5,2,16,1,31,2,9,1,1,7,9,1,10,2,14,,44,44,1,22,9,121.5296509,25.0429003
111,6,20,14,56,2,09北投區,北投區建民路與無名巷口,0,0,2,1,C03,8,1,5,30,5,1,1,5,4,5,7,4,4,10,5,5,2,15,2,39,2,9,1,1,7,9,1,10,1,11,,6,6,1,22,9,121.5165353,25.10771381
111,6,20,14,56,2,09北投區,北投區建民路與無名巷口,0,0,2,2,C03,8,1,5,30,5,1,1,5,4,5,7,4,4,10,5,5,2,15,2,57,2,9,1,1,7,9,1,10,1,11,,14,6,1,22,9,121.5165353,25.10771381