發生年度,發生月,發生日,發生時-Hours,發生分,處理別-編號,區序,肇事地點,死亡人數,2-30日死亡人數,受傷人數,當事人序號,車種,天候,光線,道路類別,速限-速度限制,道路型態,事故位置,路面狀況1,路面狀況2,路面狀況3,道路障礙1,道路障礙2,號誌1,號誌2,車道劃分-分向,車道劃分-分道1,車道劃分-分道2,車道劃分-分道3,事故類型及型態,性別,年齡,受傷程度,主要傷處,安全帽,行動電話,車輛用途,當事者行動狀態,駕駛資格情形,駕駛執照種類,飲酒情形,車輛撞擊部位1,車輛撞擊部位2,肇因碼-個別,肇因碼-主要,個人肇逃否,職業,旅次目的,座標-X,座標-Y
111,6,20,14,58,2,05中正區,中正區福州街與和平西路1段口,0,0,1,1,B03,8,1,5,50,5,1,1,5,4,5,7,1,1,2,4,4,2,16,1,49,3,10,1,1,7,5,1,8,1,8,,8,8,1,22,9,121.5157079,25.02722862
111,6,20,14,58,2,05中正區,中正區福州街與和平西路1段口,0,0,1,2,F01,8,1,5,50,5,1,1,5,4,5,7,1,1,2,4,4,2,16,2,60,2,9,1,1,7,1,8,20,1,16,,19,8,1,22,9,121.5157079,25.02722862
111,6,20,15,5,2,07信義區,信義區松仁路與松高路口,0,0,2,1,B03,8,1,5,50,4,2,1,5,4,5,7,2,1,3,3,5,1,12,2,24,2,3,3,4,7,8,1,8,1,5,,7,7,1,22,9,121.5684783,25.0389265
111,6,20,15,5,2,07信義區,信義區松仁路與松高路口,0,0,2,2,B03,8,1,5,50,4,2,1,5,4,5,7,2,1,3,3,5,1,12,2,49,2,9,3,4,7,7,1,8,1,8,,7,7,1,22,9,121.5684783,25.0389265
111,6,20,15,25,2,12內湖區,內湖區潭美街與新明路321巷口,0,0,1,1,C03,7,1,5,40,3,1,1,5,4,5,7,1,1,5,4,5,2,17,1,60,3,10,1,1,7,1,1,10,1,15,,19,19,1,22,9,121.5848966,25.05581424
111,6,20,15,25,2,12內湖區,內湖區潭美街與新明路321巷口,0,0,1,2,C04,7,1,5,40,3,1,1,5,4,5,7,1,1,5,4,5,2,17,1,35,2,9,1,1,7,9,1,10,1,14,,44,19,1,22,9,121.5848966,25.05581424
111,6,20,15,55,2,11南港區,南港區八德路4段與中坡北路口,0,0,1,1,E05,8,1,5,50,4,2,1,5,4,1,5,1,1,1,4,5,2,16,1,40,3,10,1,1,7,5,1,4,2,2,,8,8,1,22,9,121.5798884,25.05045042
111,6,20,15,55,2,11南港區,南港區八德路4段與中坡北路口,0,0,1,2,C03,8,1,5,50,4,2,1,5,4,1,5,1,1,1,4,5,2,16,2,41,2,9,1,1,7,9,1,10,2,11,,14,8,1,22,9,121.5798884,25.05045042
111,6,20,15,55,2,11南港區,南港區八德路4段與中坡北路口,0,0,1,3,B12,8,1,5,50,4,2,1,5,4,1,5,1,1,1,4,5,2,16,1,39,3,10,1,1,7,15,1,8,2,15,,65,8,1,22,9,121.5798884,25.05045042
111,6,20,16,7,2,03中山區,中山區吉林路與民權東路2段口,0,0,1,1,B03,8,1,5,50,4,1,1,5,4,5,7,1,1,1,4,5,2,12,1,68,3,10,1,1,7,6,1,8,1,2,,9,9,1,22,9,121.5302977,25.0626586
111,6,20,16,7,2,03中山區,中山區吉林路與民權東路2段口,0,0,1,2,C03,8,1,5,50,4,1,1,5,4,5,7,1,1,1,4,5,2,12,1,57,2,9,1,1,7,9,1,10,1,14,,44,9,1,22,9,121.5302977,25.0626586
111,6,20,16,33,2,10文山區,文山區辛亥路7段82號對面128號停車格,0,0,2,1,C03,8,1,5,50,14,9,1,5,4,5,7,4,4,9,4,5,2,17,1,53,2,9,1,1,7,9,1,10,1,11,,23,23,1,22,9,121.5536088,24.98169842
111,6,20,16,33,2,10文山區,文山區辛亥路7段82號對面128號停車格,0,0,2,2,B03,8,1,5,50,14,9,1,5,4,5,7,4,4,9,4,5,2,17,1,38,3,10,1,1,7,13,1,8,9,7,,38,23,1,22,9,121.5536088,24.98169842
111,6,20,16,33,2,10文山區,文山區辛亥路7段82號對面128號停車格,0,0,2,3,H02,8,1,5,50,14,9,1,5,4,5,7,4,4,9,4,5,2,17,2,59,2,9,3,4,7,21,8,20,10,16,,67,23,1,22,9,121.5536088,24.98169842
111,6,20,16,34,2,12內湖區,內湖區東湖路119巷50弄9號前,0,0,1,1,B03,8,1,5,50,14,9,1,5,4,5,7,4,4,9,5,5,2,17,2,20,4,11,3,4,7,15,7,19,11,15,,13,13,2,22,9,121.6174751,25.06967049
111,6,20,16,34,2,12內湖區,內湖區東湖路119巷50弄9號前,0,0,1,2,C03,8,1,5,50,14,9,1,5,4,5,7,4,4,9,5,5,2,17,2,38,2,9,1,1,7,9,1,10,2,12,,42,13,1,22,9,121.6174751,25.06967049
111,6,20,16,34,2,12內湖區,內湖區東湖路119巷50弄9號前,0,0,1,3,F03,8,1,5,50,14,9,1,5,4,5,7,4,4,9,5,5,2,17,2,52,4,11,3,4,7,15,8,20,11,16,,26,13,2,22,9,121.6174751,25.06967049
111,6,20,16,44,2,08士林區,士林區重慶北路4段與重慶北路4段1巷口,0,0,1,1,B03,8,1,5,40,3,1,1,5,4,5,7,4,4,1,4,4,2,12,1,55,3,10,1,1,7,6,1,8,1,5,,9,9,1,22,9,121.5133307,25.07999174
111,6,20,16,44,2,08士林區,士林區重慶北路4段與重慶北路4段1巷口,0,0,1,2,C03,8,1,5,40,3,1,1,5,4,5,7,4,4,1,4,4,2,12,1,63,2,8,1,1,7,6,1,10,1,14,,14,9,1,22,9,121.5133307,25.07999174
111,6,20,17,25,2,12內湖區,內湖區新明路與南京東路6段368巷口,0,0,1,1,B12,8,1,5,50,3,1,1,5,4,5,7,1,1,5,4,4,2,12,1,53,3,10,1,1,7,5,1,8,1,5,,8,8,1,22,9,121.5871136,25.0580434
111,6,20,17,25,2,12內湖區,內湖區新明路與南京東路6段368巷口,0,0,1,2,C03,8,1,5,50,3,1,1,5,4,5,7,1,1,5,4,4,2,12,1,35,2,9,1,1,7,9,3,18,1,11,,44,8,1,22,9,121.5871136,25.0580434
111,6,20,17,30,2,12內湖區,內湖區民權東路6段296巷與康寧路3段26巷口,0,0,1,1,B03,8,1,5,30,4,1,1,5,4,5,7,4,4,4,5,5,1,15,2,43,3,10,3,4,7,9,1,8,1,8,,6,6,1,22,9,121.6075026,25.0712755
111,6,20,17,30,2,12內湖區,內湖區民權東路6段296巷與康寧路3段26巷口,0,0,1,2,C04,8,1,5,30,4,1,1,5,4,5,7,4,4,4,5,5,1,15,2,60,2,9,3,4,7,9,1,8,1,12,,13,6,1,22,9,121.6075026,25.0712755
111,6,20,17,32,2,05中正區,中正區公園路與貴陽街1段口,0,0,3,1,C03,8,2,5,50,4,1,1,5,4,5,7,2,1,10,5,5,2,16,1,69,2,9,1,1,7,5,3,18,2,12,,6,6,1,22,9,121.5152461,25.0386166
111,6,20,17,32,2,05中正區,中正區公園路與貴陽街1段口,0,0,3,2,C03,8,2,5,50,4,1,1,5,4,5,7,2,1,10,5,5,2,16,2,37,2,9,1,1,7,9,1,10,2,11,,44,6,1,22,9,121.5152461,25.0386166
111,6,20,17,32,2,05中正區,中正區公園路與貴陽街1段口,0,0,3,3,H02,8,2,5,50,4,1,1,5,4,5,7,2,1,10,5,5,2,16,2,59,2,8,4,5,7,21,8,20,10,16,,67,6,1,22,9,121.5152461,25.0386166
111,6,20,17,39,2,06松山區,松山區民權東路3段與敦化北路口,0,0,1,1,C03,8,1,5,50,4,1,1,5,4,5,7,2,1,1,4,4,2,13,1,63,2,8,1,4,7,9,1,10,1,11,,16,16,1,22,9,121.5506083,25.06148389
111,6,20,17,39,2,06松山區,松山區民權東路3段與敦化北路口,0,0,1,2,B03,8,1,5,50,4,1,1,5,4,5,7,2,1,1,4,4,2,13,1,60,3,10,1,4,7,14,1,8,1,6,,44,16,1,22,9,121.5506083,25.06148389
111,6,20,17,42,2,10文山區,文山區木柵路4段18-2號,0,0,1,1,B03,8,1,5,50,14,9,1,5,4,5,7,4,4,5,2,5,2,16,1,73,3,10,1,1,7,11,1,8,2,5,,26,26,1,22,9,121.5730932,24.99686166
111,6,20,17,42,2,10文山區,文山區木柵路4段18-2號,0,0,1,2,C03,8,1,5,50,14,9,1,5,4,5,7,4,4,5,2,5,2,16,1,18,2,9,1,1,7,9,1,10,2,14,,13,26,1,22,9,121.5730932,24.99686166
111,6,20,17,50,2,04大安區,大安區仁愛路4段101號,0,0,1,1,C03,8,1,5,50,14,9,1,5,4,5,7,1,1,9,4,5,1,12,1,51,3,10,1,1,7,7,1,10,11,15,,7,7,1,22,9,121.5484088,25.0385457
111,6,20,17,50,2,04大安區,大安區仁愛路4段101號,0,0,1,2,C03,8,1,5,50,14,9,1,5,4,5,7,1,1,9,4,5,1,12,1,62,2,3,1,1,7,9,1,10,11,12,,44,7,1,22,9,121.5484088,25.0385457
111,6,20,17,50,2,12內湖區,內湖區安康路32巷24弄與安康路32巷口,0,0,2,1,C03,8,1,5,30,4,1,1,5,4,5,7,4,4,10,5,5,2,15,1,25,2,9,1,1,7,9,1,10,1,12,,6,6,1,22,9,121.5949678,25.0619197
111,6,20,17,50,2,12內湖區,內湖區安康路32巷24弄與安康路32巷口,0,0,2,2,C03,8,1,5,30,4,1,1,5,4,5,7,4,4,10,5,5,2,15,1,56,2,9,1,1,7,9,1,10,1,11,,6,6,1,22,9,121.5949678,25.0619197
111,6,20,17,55,2,09北投區,北投區公館路與西安街2段口,0,0,1,1,C03,8,1,5,50,4,1,1,5,4,5,7,2,1,8,3,5,2,16,2,20,2,9,1,1,7,5,1,10,11,11,,8,8,1,22,9,121.5026903,25.12136918
111,6,20,17,55,2,09北投區,北投區公館路與西安街2段口,0,0,1,2,B03,8,1,5,50,4,1,1,5,4,5,7,2,1,8,3,5,2,16,1,37,3,10,1,1,7,5,1,8,11,2,,44,8,1,22,9,121.5026903,25.12136918
111,6,20,17,59,2,10文山區,文山區木柵路3段57號前,0,0,2,1,C03,8,1,5,50,14,9,1,5,4,5,7,4,4,9,5,5,2,3,1,19,2,9,1,1,7,9,1,10,1,11,,43,43,1,22,9,121.5665615,24.988545
111,6,20,17,59,2,10文山區,文山區木柵路3段57號前,0,0,2,2,H01,8,1,5,50,14,9,1,5,4,5,7,4,4,9,5,5,2,3,1,12,2,8,1,1,8,16,8,20,10,15,,67,43,1,22,9,121.5665615,24.988545
111,6,20,18,20,2,09北投區,北投區光明路200-8號,0,0,1,1,C03,8,1,5,50,14,9,1,5,4,5,7,4,4,9,5,5,2,3,1,23,3,10,1,1,7,9,1,10,1,11,,43,43,1,22,9,121.5035965,25.13598659
111,6,20,18,20,2,09北投區,北投區光明路200-8號,0,0,1,2,H01,8,1,5,50,14,9,1,5,4,5,7,4,4,9,5,5,2,3,1,51,2,9,4,5,8,16,8,20,10,16,,67,43,1,22,9,121.5035965,25.13598659
111,6,20,18,29,2,03中山區,中山區長安東路1段23號,0,0,1,1,C03,8,1,5,50,14,9,1,5,4,5,7,4,4,5,4,5,2,16,2,61,2,9,1,1,7,9,1,10,1,11,,16,16,1,22,9,121.5232021,25.04948216
111,6,20,18,29,2,03中山區,中山區長安東路1段23號,0,0,1,2,B01,8,1,5,50,14,9,1,5,4,5,7,4,4,5,4,5,2,16,1,51,3,10,3,4,7,14,1,4,1,3,,44,16,1,22,9,121.5232021,25.04948216
111,6,20,19,30,2,12內湖區,內湖區港墘路與港華街口,0,0,1,1,B03,8,3,5,50,4,1,1,5,4,5,7,1,1,5,5,5,2,1,1,51,3,10,1,1,7,5,1,8,1,4,,15,15,1,22,9,121.5781882,25.08215003
111,6,20,19,30,2,12內湖區,內湖區港墘路與港華街口,0,0,1,2,H01,8,3,5,50,4,1,1,5,4,5,7,1,1,5,5,5,2,1,1,74,2,9,1,1,8,16,8,20,10,16,,67,15,1,22,9,121.5781882,25.08215003
111,6,20,20,56,2,04大安區,大安區大安路1段101巷與大安路1段口,0,0,1,1,B03,7,3,5,50,4,2,1,5,4,5,7,4,4,10,5,5,2,16,1,58,3,10,1,1,7,1,1,4,1,1,,19,19,1,22,9,121.5461062,25.0402156
111,6,20,20,56,2,04大安區,大安區大安路1段101巷與大安路1段口,0,0,1,2,C03,7,3,5,50,4,2,1,5,4,5,7,4,4,10,5,5,2,16,1,22,2,9,1,1,7,9,1,10,1,11,,44,19,1,22,9,121.5461062,25.0402156
111,6,20,20,56,2,04大安區,大安區大安路1段101巷與大安路1段口,0,0,1,3,B03,7,3,5,50,4,2,1,5,4,5,7,4,4,10,5,5,2,16,1,31,3,10,1,1,7,14,1,8,1,4,,44,19,1,22,9,121.5461062,25.0402156
111,6,20,21,11,2,10文山區,文山區新光路2段100號前,0,0,1,1,B03,8,3,5,50,14,9,2,5,4,5,7,4,4,5,4,5,2,17,1,34,3,10,3,4,7,5,1,7,1,15,,8,8,1,22,9,121.5963368,25.00117194
111,6,20,21,11,2,10文山區,文山區新光路2段100號前,0,0,1,2,C03,8,3,5,50,14,9,2,5,4,5,7,4,4,5,4,5,2,17,1,23,2,9,1,4,7,9,1,10,1,14,,44,8,1,22,9,121.5963368,25.00117194
111,6,20,21,20,2,05中正區,中正區南海路與三元街口,0,0,2,1,C04,8,3,5,50,4,1,1,5,4,5,7,2,1,5,4,5,2,17,2,49,2,7,1,1,7,6,1,11,1,11,,9,9,1,22,9,121.5088228,25.0297171
111,6,20,21,20,2,05中正區,中正區南海路與三元街口,0,0,2,2,F01,8,3,5,50,4,1,1,5,4,5,7,2,1,5,4,5,2,17,1,25,3,10,1,1,7,11,8,20,1,16,,11,9,1,22,9,121.5088228,25.0297171
111,6,20,21,20,2,05中正區,中正區南海路與三元街口,0,0,2,3,C03,8,3,5,50,4,1,1,5,4,5,7,2,1,5,4,5,2,17,1,18,2,8,1,1,7,14,1,10,1,11,,44,9,1,22,9,121.5088228,25.0297171
111,6,20,21,30,2,10文山區,文山區辛亥路4段114號前,0,0,1,1,H01,8,3,5,50,14,9,1,5,4,5,7,4,4,1,4,5,2,9,1,75,2,9,4,5,8,16,8,20,10,16,,60,60,1,22,9,121.5572886,25.0054761
111,6,20,21,30,2,10文山區,文山區辛亥路4段114號前,0,0,1,2,A12,8,3,5,50,14,9,1,5,4,5,7,4,4,1,4,5,2,9,1,63,3,10,1,1,7,14,1,2,2,2,,44,60,1,22,9,121.5572886,25.0054761
111,6,20,22,0,2,10文山區,文山區木新路3段232巷6弄與木新路3段232巷口,0,0,1,1,B03,8,4,5,30,4,1,1,5,4,5,7,4,4,10,5,5,2,16,1,30,3,10,3,4,7,9,1,6,2,5,,6,6,1,22,9,121.5590264,24.98182289
111,6,20,22,0,2,10文山區,文山區木新路3段232巷6弄與木新路3段232巷口,0,0,1,2,C03,8,4,5,30,4,1,1,5,4,5,7,4,4,10,5,5,2,16,2,28,2,9,3,4,7,9,1,10,2,14,,44,6,1,22,9,121.5590264,24.98182289
111,6,20,22,3,2,03中山區,中山區中山北路1段105巷與天津街口,0,0,1,1,B01,8,3,5,50,4,1,1,5,4,5,7,4,4,9,5,5,2,16,1,67,3,10,3,4,7,9,1,4,1,1,,26,26,1,22,9,121.5231972,25.05076715
111,6,20,22,3,2,03中山區,中山區中山北路1段105巷與天津街口,0,0,1,2,C03,8,3,5,50,4,1,1,5,4,5,7,4,4,9,5,5,2,16,2,20,2,9,1,1,7,9,1,10,1,12,,23,26,1,22,9,121.5231972,25.05076715
111,6,20,22,14,2,05中正區,中正區中山南路與忠孝東路1段口,0,0,2,1,B03,8,3,5,50,4,1,1,5,4,5,7,1,1,8,4,3,1,16,2,28,3,10,1,1,7,5,1,8,2,5,,8,8,1,22,9,121.5197313,25.0455761
111,6,20,22,14,2,05中正區,中正區中山南路與忠孝東路1段口,0,0,2,2,C03,8,3,5,50,4,1,1,5,4,5,7,1,1,8,4,3,1,16,1,22,2,9,1,1,7,9,1,10,2,11,,44,8,1,22,9,121.5197313,25.0455761
111,6,20,22,14,2,05中正區,中正區中山南路與忠孝東路1段口,0,0,2,3,C03,8,3,5,50,4,1,1,5,4,5,7,1,1,8,4,3,1,16,2,20,2,9,1,1,7,9,1,10,1,11,,44,8,1,22,9,121.5197313,25.0455761
111,6,20,22,18,2,03中山區,中山區中原街與錦州街口,0,0,1,1,C03,7,3,5,50,4,2,1,5,4,5,7,1,1,5,5,5,2,17,1,77,3,10,1,4,7,5,1,10,2,11,,26,26,1,22,9,121.5289387,25.0603434
111,6,20,22,18,2,03中山區,中山區中原街與錦州街口,0,0,1,2,C03,7,3,5,50,4,2,1,5,4,5,7,1,1,5,5,5,2,17,1,25,2,9,1,4,7,9,1,10,2,11,,44,26,1,22,9,121.5289387,25.0603434
111,6,20,22,23,2,05中正區,中正區中山南路與愛國東路口,0,0,1,1,C04,8,1,5,50,11,9,1,5,4,5,7,4,4,10,3,5,2,16,2,26,2,9,1,1,7,9,1,10,2,13,,17,17,1,22,9,121.5167623,25.03534432
111,6,20,22,23,2,05中正區,中正區中山南路與愛國東路口,0,0,1,2,C03,8,1,5,50,11,9,1,5,4,5,7,4,4,10,3,5,2,16,1,22,3,10,1,1,7,9,1,10,2,11,,17,17,1,22,9,121.5167623,25.03534432
111,6,20,22,45,2,01大同區,大同區環河北路1段玉泉公園停車場旁,0,0,1,1,B03,8,3,5,50,14,9,1,5,4,5,7,4,4,5,4,5,2,12,1,57,3,10,3,4,7,8,1,8,1,5,,23,23,1,22,9,121.5072107,25.05183392
111,6,20,22,45,2,01大同區,大同區環河北路1段玉泉公園停車場旁,0,0,1,2,C03,8,3,5,50,14,9,1,5,4,5,7,4,4,5,4,5,2,12,1,29,2,9,1,1,7,9,1,10,1,13,,44,23,1,22,9,121.5072107,25.05183392
111,6,20,23,20,2,07信義區,信義區忠孝東路5段與大道路口,0,0,2,1,C03,7,3,5,50,4,1,1,5,4,5,7,1,1,5,5,5,1,17,1,30,2,9,1,1,7,21,1,10,1,15,,23,23,1,22,9,121.5811424,25.04303893
111,6,20,23,20,2,07信義區,信義區忠孝東路5段與大道路口,0,0,2,2,F01,7,3,5,50,4,1,1,5,4,5,7,1,1,5,5,5,1,17,2,49,2,9,1,1,7,5,8,20,1,16,,6,23,1,22,9,121.5811424,25.04303893
111,6,20,23,42,2,08士林區,士林區芝玉路1段38號電桿,0,0,1,1,B03,8,1,5,30,14,9,1,5,4,5,7,4,4,10,5,5,2,11,1,52,3,10,3,4,7,9,1,8,2,4,,17,17,1,22,9,121.534689,25.10604046
111,6,20,23,42,2,08士林區,士林區芝玉路1段38號電桿,0,0,1,2,C04,8,1,5,30,14,9,1,5,4,5,7,4,4,10,5,5,2,11,1,50,2,8,3,4,7,9,1,10,2,14,,17,17,1,22,9,121.534689,25.10604046
111,6,21,1,40,2,05中正區,中正區羅斯福路1段與南海路口,0,0,1,1,C03,8,3,5,30,4,2,1,5,4,1,7,1,1,10,4,5,2,18,1,29,2,1,1,1,7,9,1,10,7,14,,23,23,1,22,9,121.5176866,25.03270546
111,6,21,1,40,2,05中正區,中正區羅斯福路1段與南海路口,0,0,1,2,,8,3,5,30,4,2,1,5,4,1,7,1,1,10,4,5,2,18,3,,,,,,,,,,,,,67,23,1,,,121.5176866,25.03270546
111,6,21,5,30,2,06松山區,松山區民權東路5段94號,0,0,2,1,C03,8,1,5,30,3,2,1,5,4,5,7,4,4,10,5,5,2,17,1,60,2,9,1,1,7,1,6,10,1,11,,19,19,1,22,9,121.5673046,25.06327526
111,6,21,5,30,2,06松山區,松山區民權東路5段94號,0,0,2,2,C03,8,1,5,30,3,2,1,5,4,5,7,4,4,10,5,5,2,17,1,20,2,9,1,1,7,9,1,10,1,11,,44,19,1,22,9,121.5673046,25.06327526
111,6,21,6,30,2,12內湖區,內湖區內湖路1段91巷35弄7號前,0,0,1,1,C03,8,1,5,30,14,9,1,5,4,5,7,4,4,10,5,5,2,10,2,55,2,9,1,1,7,9,1,10,1,11,,23,23,1,22,9,121.562564,25.08744019
111,6,21,6,30,2,12內湖區,內湖區內湖路1段91巷35弄7號前,0,0,1,2,B03,8,1,5,30,14,9,1,5,4,5,7,4,4,10,5,5,2,10,1,48,3,10,1,1,7,9,1,8,1,8,,44,23,1,22,9,121.562564,25.08744019
111,6,21,6,40,2,12內湖區,內湖區內湖路2段與內湖路2段76巷口,0,0,1,1,C03,8,1,5,50,3,1,1,5,4,5,7,1,1,4,5,5,1,12,1,54,2,9,3,4,7,9,1,8,1,12,,16,16,1,22,9,121.581548,25.07936648
111,6,21,6,40,2,12內湖區,內湖區內湖路2段與內湖路2段76巷口,0,0,1,2,B03,8,1,5,50,3,1,1,5,4,5,7,1,1,4,5,5,1,12,1,39,3,10,3,4,7,5,1,8,1,4,,8,16,1,22,9,121.581548,25.07936648
111,6,21,7,25,2,05中正區,中正區南海路與和平西路2段口,0,0,1,1,B03,8,1,5,50,4,1,1,5,4,5,7,1,1,1,4,4,2,12,2,40,3,10,1,1,7,9,1,8,1,2,,44,44,1,22,9,121.5091713,25.0305934
111,6,21,7,25,2,05中正區,中正區南海路與和平西路2段口,0,0,1,2,C03,8,1,5,50,4,1,1,5,4,5,7,1,1,1,4,4,2,12,2,56,2,9,1,1,7,7,1,10,1,14,,7,44,1,22,9,121.5091713,25.0305934
111,6,21,7,30,2,10文山區,文山區興隆路3段112巷2弄10號,0,0,1,1,C03,8,1,5,30,14,9,1,5,4,5,7,4,4,10,5,5,2,3,2,37,3,10,1,1,7,9,1,10,1,11,,23,23,1,22,9,121.5569279,24.9992523
111,6,21,7,30,2,10文山區,文山區興隆路3段112巷2弄10號,0,0,1,2,H01,8,1,5,30,14,9,1,5,4,5,7,4,4,10,5,5,2,3,2,10,2,8,4,5,8,16,8,20,10,16,,51,23,1,22,9,121.5569279,24.9992523
111,6,21,7,48,2,10文山區,文山區景文街153號,0,0,1,1,B03,8,1,5,50,14,7,1,5,4,5,7,4,4,5,5,5,2,16,1,43,3,10,1,1,7,11,1,8,1,8,,10,10,1,22,9,121.5409122,24.989425
111,6,21,7,48,2,10文山區,文山區景文街153號,0,0,1,2,C03,8,1,5,50,14,7,1,5,4,5,7,4,4,5,5,5,2,16,2,27,2,9,1,1,7,9,1,10,1,12,,44,10,1,22,9,121.5409122,24.989425
111,6,21,8,0,2,07信義區,信義區忠孝東路4段561號,0,0,1,1,C04,8,1,5,50,14,9,1,5,4,5,7,4,4,3,4,5,2,17,2,49,2,9,1,1,7,7,1,11,1,14,,7,7,1,22,9,121.5639347,25.04130358
111,6,21,8,0,2,07信義區,信義區忠孝東路4段561號,0,0,1,2,B03,8,1,5,50,14,9,1,5,4,5,7,4,4,3,4,5,2,17,1,28,3,10,1,1,7,9,1,8,1,2,,44,7,1,22,9,121.5639347,25.04130358
111,6,21,8,10,2,10文山區,文山區興隆路4段109巷與興隆路4段109巷32弄口,0,0,2,1,C03,8,1,5,30,4,2,1,5,4,5,7,1,1,5,4,5,2,17,1,79,2,9,1,4,7,6,1,10,1,12,,9,9,1,22,9,121.5627023,24.98673983
111,6,21,8,10,2,10文山區,文山區興隆路4段109巷與興隆路4段109巷32弄口,0,0,2,2,C03,8,1,5,30,4,2,1,5,4,5,7,1,1,5,4,5,2,17,2,23,2,9,1,4,7,9,1,10,1,11,,23,9,1,22,9,121.5627023,24.98673983
111,6,21,8,30,2,07信義區,信義區松信路164號,0,0,2,1,C03,8,1,5,40,14,8,1,5,4,5,7,4,4,9,4,4,2,17,2,46,2,9,1,1,7,1,1,10,1,13,,19,19,1,22,9,121.5719753,25.04305398
111,6,21,8,30,2,07信義區,信義區松信路164號,0,0,2,2,C03,8,1,5,40,14,8,1,5,4,5,7,4,4,9,4,4,2,17,2,43,2,9,1,1,7,9,1,10,1,12,,44,19,1,22,9,121.5719753,25.04305398
111,6,21,8,33,2,01大同區,大同區承德路2段與民權西路口,0,0,2,1,C03,8,1,5,50,4,2,1,5,4,5,7,2,1,1,4,5,2,13,1,70,2,8,3,4,7,9,1,10,1,12,,23,23,1,22,9,121.5181097,25.06285278
111,6,21,8,33,2,01大同區,大同區承德路2段與民權西路口,0,0,2,2,C03,8,1,5,50,4,2,1,5,4,5,7,2,1,1,4,5,2,13,2,48,2,8,3,4,7,12,1,10,1,14,,44,23,1,22,9,121.5181097,25.06285278
111,6,21,8,37,2,03中山區,中山區北安路海軍司令部側門,0,0,1,2,C03,8,1,5,50,11,9,1,5,4,5,7,1,1,1,3,5,1,17,2,53,3,10,1,4,7,5,1,10,2,15,,44,8,1,22,9,121.5389719,25.07903587
111,6,21,8,37,2,03中山區,中山區北安路海軍司令部側門,0,0,1,1,C03,8,1,5,50,11,9,1,5,4,5,7,1,1,1,3,5,1,17,1,19,2,9,1,4,7,5,1,10,2,14,,8,8,1,22,9,121.5389719,25.07903587
111,6,21,8,40,2,10文山區,文山區辛亥路4段93號,0,0,1,1,C03,8,1,5,50,14,9,1,5,4,5,7,4,4,1,4,5,2,13,2,56,2,9,1,1,7,9,1,10,1,11,,16,16,1,22,9,121.5586171,25.00691886
111,6,21,8,40,2,10文山區,文山區辛亥路4段93號,0,0,1,2,B01,8,1,5,50,14,9,1,5,4,5,7,4,4,1,4,5,2,13,1,69,3,10,1,1,7,9,1,4,1,3,,44,16,1,22,9,121.5586171,25.00691886
111,6,21,8,45,2,11南港區,南港區忠孝東路6段與東新街口,0,0,1,1,B03,8,1,5,30,3,1,1,5,4,5,7,4,4,10,3,5,2,3,1,42,3,10,3,4,7,6,1,8,2,5,,23,23,1,22,9,121.5849969,25.04829453
111,6,21,8,45,2,11南港區,南港區忠孝東路6段與東新街口,0,0,1,2,H01,8,1,5,30,3,1,1,5,4,5,7,4,4,10,3,5,2,3,2,67,2,8,4,5,8,16,8,20,10,16,,60,23,1,22,9,121.5849969,25.04829453
111,6,21,8,47,2,09北投區,北投區大度路1段機車道往台北,0,0,1,1,C03,8,1,5,50,14,12,1,5,4,5,7,1,1,2,5,2,1,17,2,27,2,9,1,1,7,9,1,10,1,11,,43,43,1,22,9,121.4981895,25.1207723
111,6,21,8,47,2,09北投區,北投區大度路1段機車道往台北,0,0,1,2,C03,8,1,5,50,14,12,1,5,4,5,7,1,1,2,5,2,1,17,2,26,3,10,1,1,7,9,1,10,1,15,,43,43,1,22,9,121.4981895,25.1207723
111,6,21,8,47,2,09北投區,北投區大度路1段機車道往台北,0,0,1,3,,8,1,5,50,14,12,1,5,4,5,7,1,1,2,5,2,1,17,3,,,,,,,,,,,,,67,43,1,,,121.4981895,25.1207723
111,6,21,8,50,2,12內湖區,內湖區行善路與堤頂大道1段口,0,0,2,1,C03,8,1,5,50,3,1,1,5,4,5,7,4,4,3,4,5,2,13,2,27,2,9,1,1,7,9,1,10,1,11,,16,16,1,22,9,121.5744052,25.05593605
111,6,21,8,50,2,12內湖區,內湖區行善路與堤頂大道1段口,0,0,2,2,C03,8,1,5,50,3,1,1,5,4,5,7,4,4,3,4,5,2,13,2,40,2,9,1,1,7,9,1,10,1,14,,44,16,1,22,9,121.5744052,25.05593605
111,6,21,8,50,2,12內湖區,內湖區行善路與堤頂大道1段口,0,0,2,3,B03,8,1,5,50,3,1,1,5,4,5,7,4,4,3,4,5,2,13,2,41,3,10,1,1,7,9,1,8,1,7,,44,16,1,22,9,121.5744052,25.05593605
111,6,21,9,1,2,08士林區,士林區天母西路62巷與磺溪便道口,0,0,1,1,B03,8,1,8,30,15,22,1,5,4,5,7,4,4,10,5,5,2,16,1,42,3,10,1,1,7,11,1,8,1,5,,10,10,1,22,9,121.5240639,25.118143
111,6,21,9,1,2,08士林區,士林區天母西路62巷與磺溪便道口,0,0,1,2,C03,8,1,8,30,15,22,1,5,4,5,7,4,4,10,5,5,2,16,1,26,2,9,1,1,7,9,1,10,1,14,,44,10,1,22,9,121.5240639,25.118143