發生年度,發生月,發生日,發生時-Hours,發生分,處理別-編號,區序,肇事地點,死亡人數,2-30日死亡人數,受傷人數,當事人序號,車種,天候,光線,道路類別,速限-速度限制,道路型態,事故位置,路面狀況1,路面狀況2,路面狀況3,道路障礙1,道路障礙2,號誌1,號誌2,車道劃分-分向,車道劃分-分道1,車道劃分-分道2,車道劃分-分道3,事故類型及型態,性別,年齡,受傷程度,主要傷處,安全帽,行動電話,車輛用途,當事者行動狀態,駕駛資格情形,駕駛執照種類,飲酒情形,車輛撞擊部位1,車輛撞擊部位2,肇因碼-個別,肇因碼-主要,個人肇逃否,職業,旅次目的,座標-X,座標-Y
111,6,21,9,15,2,10文山區,文山區景文街167號,0,0,1,1,B01,8,1,5,50,14,7,1,5,4,5,7,4,4,5,5,4,2,16,1,53,3,10,1,1,7,11,1,4,2,8,,26,26,1,22,9,121.5408978,24.989168
111,6,21,9,15,2,10文山區,文山區景文街167號,0,0,1,2,C03,8,1,5,50,14,7,1,5,4,5,7,4,4,5,5,4,2,16,1,24,2,9,1,1,7,9,1,10,2,11,,44,26,1,22,9,121.5408978,24.989168
111,6,21,9,20,2,03中山區,中山區中山北路2段與中山北路2段11巷口,0,0,1,1,B03,8,1,5,50,3,1,1,5,4,5,7,4,4,1,4,5,2,17,2,32,3,10,3,4,7,7,1,8,1,15,,7,7,1,22,9,121.5227467,25.0527258
111,6,21,9,20,2,03中山區,中山區中山北路2段與中山北路2段11巷口,0,0,1,2,C03,8,1,5,50,3,1,1,5,4,5,7,4,4,1,4,5,2,17,1,32,2,8,1,4,7,9,1,9,1,14,,42,7,1,22,9,121.5227467,25.0527258
111,6,21,9,20,2,03中山區,中山區中山北路2段與中山北路2段11巷口,0,0,1,3,,8,1,5,50,3,1,1,5,4,5,7,4,4,1,4,5,2,17,3,,,,,,,,,,,,,67,7,1,,,121.5227467,25.0527258
111,6,21,9,29,2,04大安區,大安區羅斯福路3段3號,0,0,1,1,C03,8,1,5,50,14,9,1,5,4,5,7,2,1,1,3,5,2,13,1,35,2,9,1,1,7,7,1,10,1,11,,23,23,1,22,9,121.531751,25.017603
111,6,21,9,29,2,04大安區,大安區羅斯福路3段3號,0,0,1,2,B01,8,1,5,50,14,9,1,5,4,5,7,2,1,1,3,5,2,13,1,61,3,10,1,1,7,9,1,4,1,7,,44,23,1,22,9,121.531751,25.017603
111,6,21,9,37,2,11南港區,南港區昆陽街157巷21號,0,0,1,1,B03,8,1,5,50,14,9,1,5,4,5,7,4,4,5,4,5,2,16,1,60,3,10,1,1,7,5,1,8,1,4,,8,8,1,22,9,121.594923,25.05005044
111,6,21,9,37,2,11南港區,南港區昆陽街157巷21號,0,0,1,2,C03,8,1,5,50,14,9,1,5,4,5,7,4,4,5,4,5,2,16,1,25,2,9,1,1,7,9,1,8,1,12,,23,8,1,22,9,121.594923,25.05005044
111,6,21,9,42,2,02萬華區,萬華區青年路172號,0,0,1,1,C03,8,1,5,30,14,9,1,5,4,5,7,4,4,9,4,5,2,17,2,40,3,10,1,1,7,5,1,10,1,12,,8,8,1,22,9,121.5027677,25.02097161
111,6,21,9,42,2,02萬華區,萬華區青年路172號,0,0,1,2,C03,8,1,5,30,14,9,1,5,4,5,7,4,4,9,4,5,2,17,1,62,2,8,1,1,7,9,1,10,1,11,,44,8,1,22,9,121.5027677,25.02097161
111,6,21,9,53,2,03中山區,中山區長春路258巷與龍江路132巷口,0,0,1,1,C03,8,1,5,30,4,2,1,5,4,5,7,4,4,10,5,5,2,17,1,34,2,9,1,1,7,12,1,10,1,12,,43,43,1,22,9,121.5390917,25.0542485
111,6,21,9,53,2,03中山區,中山區長春路258巷與龍江路132巷口,0,0,1,2,B01,8,1,5,30,4,2,1,5,4,5,7,4,4,10,5,5,2,17,1,57,3,10,1,1,7,12,1,4,1,15,,6,43,1,22,9,121.5390917,25.0542485
111,6,21,9,55,2,07信義區,信義區松仁路198號,0,0,1,1,A02,8,1,5,50,14,7,1,5,4,5,7,4,4,8,3,4,1,9,1,57,3,10,3,1,7,1,1,2,9,15,,43,43,1,22,9,121.5683336,25.02745161
111,6,21,9,55,2,07信義區,信義區松仁路198號,0,0,1,2,H02,8,1,5,50,14,7,1,5,4,5,7,4,4,8,3,4,1,9,2,80,2,7,4,1,7,19,8,20,10,16,,67,43,1,22,9,121.5683336,25.02745161
111,6,21,10,25,2,02萬華區,萬華區光復橋往新北市,0,0,1,1,B12,8,1,5,50,8,9,1,5,4,5,7,4,4,1,4,5,2,17,1,59,3,10,1,1,7,9,1,8,11,15,,35,35,1,22,9,121.489308,25.02391278
111,6,21,10,25,2,02萬華區,萬華區光復橋往新北市,0,0,1,2,C03,8,1,5,50,8,9,1,5,4,5,7,4,4,1,4,5,2,17,1,61,2,9,1,1,7,9,1,10,2,11,,23,35,1,22,9,121.489308,25.02391278
111,6,21,10,25,2,10文山區,文山區木柵路1段與木柵路1段231巷口,0,0,1,1,C03,8,1,5,50,3,2,1,5,4,5,7,4,4,5,4,5,2,12,1,58,2,9,1,1,7,7,1,10,1,13,,7,7,1,21,8,121.5520938,24.9878325
111,6,21,10,25,2,10文山區,文山區木柵路1段與木柵路1段231巷口,0,0,1,2,B02,8,1,5,50,3,2,1,5,4,5,7,4,4,5,4,5,2,12,2,32,3,10,1,1,7,9,1,8,1,5,,23,7,1,21,8,121.5520938,24.9878325
111,6,21,10,25,2,07信義區,信義區松智路9巷與松智路口,0,0,1,1,C03,8,1,5,50,3,2,1,5,4,5,7,4,4,9,4,5,2,17,1,20,3,10,1,1,7,11,1,10,1,14,,10,10,1,22,9,121.5655122,25.0380652
111,6,21,10,25,2,07信義區,信義區松智路9巷與松智路口,0,0,1,2,C03,8,1,5,50,3,2,1,5,4,5,7,4,4,9,4,5,2,17,2,43,2,8,1,1,7,5,1,10,1,11,,44,10,1,22,9,121.5655122,25.0380652
111,6,21,10,30,2,04大安區,大安區忠孝東路3段與建國南路1段口,0,0,1,2,B03,8,1,5,40,5,1,1,5,4,5,7,1,1,1,4,5,2,16,2,30,3,10,1,4,7,9,1,8,1,1,,23,8,1,22,9,121.5369323,25.0416372
111,6,21,10,30,2,04大安區,大安區忠孝東路3段與建國南路1段口,0,0,1,1,B03,8,1,5,40,5,1,1,5,4,5,7,1,1,1,4,5,2,16,1,34,2,2,1,4,7,5,3,18,1,4,,8,8,1,22,9,121.5369323,25.0416372
111,6,21,10,50,2,04大安區,大安區龍泉街與師大路105巷口,0,0,1,1,C04,8,1,5,30,4,1,1,5,4,5,7,4,4,10,5,5,2,15,2,25,2,7,1,1,7,9,1,10,1,12,,6,6,1,22,9,121.5292554,25.0224937
111,6,21,10,50,2,04大安區,大安區龍泉街與師大路105巷口,0,0,1,2,B01,8,1,5,30,4,1,1,5,4,5,7,4,4,10,5,5,2,15,1,62,3,10,1,1,7,9,1,4,1,1,,23,6,1,22,9,121.5292554,25.0224937
111,6,21,10,54,2,03中山區,中山區民族東路137號,0,0,3,1,C03,8,1,5,40,14,8,1,5,4,5,7,4,4,1,3,4,1,16,1,31,2,7,1,4,7,8,1,10,1,12,,7,7,1,22,9,121.5396512,25.06822302
111,6,21,10,54,2,03中山區,中山區民族東路137號,0,0,3,2,C03,8,1,5,40,14,8,1,5,4,5,7,4,4,1,3,4,1,16,1,36,2,7,1,4,7,9,1,10,1,14,,44,7,1,22,9,121.5396512,25.06822302
111,6,21,10,54,2,03中山區,中山區民族東路137號,0,0,3,3,H02,8,1,5,40,14,8,1,5,4,5,7,4,4,1,3,4,1,16,2,32,2,6,1,4,7,17,8,20,10,16,,67,7,1,22,9,121.5396512,25.06822302
111,6,21,11,22,2,01大同區,大同區台北橋機車道(往西方向),0,0,1,1,B03,8,1,5,50,14,11,1,5,4,5,7,4,4,1,4,5,2,13,1,47,3,10,3,4,7,9,1,8,1,3,,26,26,1,22,9,121.510535,25.06313826
111,6,21,11,22,2,01大同區,大同區台北橋機車道(往西方向),0,0,1,2,C03,8,1,5,50,14,11,1,5,4,5,7,4,4,1,4,5,2,13,1,37,2,9,1,1,7,9,1,10,1,11,,16,26,1,22,9,121.510535,25.06313826
111,6,21,11,27,2,08士林區,士林區中山北路4段16號,0,0,2,1,C03,8,1,5,50,14,9,1,5,4,5,7,4,4,1,4,5,2,17,1,51,3,10,1,1,7,6,1,10,1,12,,6,6,1,22,9,121.5243165,25.07958083
111,6,21,11,27,2,08士林區,士林區中山北路4段16號,0,0,2,2,C03,8,1,5,50,14,9,1,5,4,5,7,4,4,1,4,5,2,17,2,22,2,8,1,1,7,9,1,10,1,11,,44,6,1,22,9,121.5243165,25.07958083
111,6,21,11,27,2,08士林區,士林區中山北路4段16號,0,0,2,3,C03,8,1,5,50,14,9,1,5,4,5,7,4,4,1,4,5,2,17,2,43,2,8,1,1,7,9,1,10,1,11,,16,6,1,22,9,121.5243165,25.07958083
111,6,21,11,38,2,09北投區,北投區東華街2段與公館路口,0,0,1,1,B03,8,1,5,40,14,9,1,5,4,5,7,1,1,10,4,5,2,12,1,82,3,10,3,4,7,9,1,8,1,5,,17,17,1,22,9,121.503038,25.12179264
111,6,21,11,38,2,09北投區,北投區東華街2段與公館路口,0,0,1,2,C03,8,1,5,40,14,9,1,5,4,5,7,1,1,10,4,5,2,12,2,56,2,8,1,4,7,9,1,10,1,14,,17,17,1,22,9,121.503038,25.12179264
111,6,21,11,53,2,02萬華區,萬華區西寧南路123號,0,0,1,1,B01,8,1,5,50,14,9,1,5,4,5,7,4,4,10,4,5,2,17,1,55,3,10,1,1,7,3,1,8,9,8,,23,23,1,22,9,121.5064683,25.04453709
111,6,21,11,53,2,02萬華區,萬華區西寧南路123號,0,0,1,2,C03,8,1,5,50,14,9,1,5,4,5,7,4,4,10,4,5,2,17,2,28,3,10,1,1,7,14,1,4,9,15,,38,23,1,22,9,121.5064683,25.04453709
111,6,21,11,53,2,02萬華區,萬華區西寧南路123號,0,0,1,3,H02,8,1,5,50,14,9,1,5,4,5,7,4,4,10,4,5,2,17,2,33,2,8,4,5,7,19,8,20,9,16,,67,23,1,22,9,121.5064683,25.04453709
111,6,21,12,7,2,11南港區,南港區東新街170巷41號,0,0,1,1,B03,8,1,5,50,14,9,1,5,4,5,7,4,4,8,3,5,2,13,1,43,3,10,3,4,7,11,1,8,1,4,,10,10,1,22,9,121.5928848,25.0426842
111,6,21,12,7,2,11南港區,南港區東新街170巷41號,0,0,1,2,C03,8,1,5,50,14,9,1,5,4,5,7,4,4,8,3,5,2,13,1,20,2,8,1,4,7,9,1,10,1,11,,44,10,1,22,9,121.5928848,25.0426842
111,6,21,12,30,2,07信義區,信義區吳興街247號,0,0,2,1,C03,8,1,5,30,14,9,1,5,4,5,7,4,4,9,5,5,2,17,1,31,3,10,3,4,7,1,1,10,1,11,,19,19,1,22,9,121.5634614,25.0273452
111,6,21,12,30,2,07信義區,信義區吳興街247號,0,0,2,2,C03,8,1,5,30,14,9,1,5,4,5,7,4,4,9,5,5,2,17,1,20,2,9,3,4,7,9,1,10,1,11,,4,19,1,22,9,121.5634614,25.0273452
111,6,21,12,30,2,07信義區,信義區吳興街247號,0,0,2,3,H02,8,1,5,30,14,9,1,5,4,5,7,4,4,9,5,5,2,17,2,19,2,9,3,4,7,20,8,20,10,16,,67,19,1,22,9,121.5634614,25.0273452
111,6,21,12,33,2,03中山區,中山區明水路與北安路口路口附近,0,0,3,1,C03,8,1,5,50,14,9,1,5,4,5,7,4,4,1,4,5,2,13,1,41,2,9,1,1,7,9,1,10,1,11,,23,23,1,22,9,121.5396803,25.07776809
111,6,21,12,33,2,03中山區,中山區明水路與北安路口路口附近,0,0,3,2,C04,8,1,5,50,14,9,1,5,4,5,7,4,4,1,4,5,2,13,1,32,2,8,1,1,7,14,1,10,1,13,,44,23,1,22,9,121.5396803,25.07776809
111,6,21,12,33,2,03中山區,中山區明水路與北安路口路口附近,0,0,3,3,H02,8,1,5,50,14,9,1,5,4,5,7,4,4,1,4,5,2,13,2,55,2,8,1,1,7,21,8,20,1,16,,67,23,1,22,9,121.5396803,25.07776809
111,6,21,13,4,2,02萬華區,萬華區德昌街與德昌街261巷口,0,0,1,1,C03,8,1,5,30,4,1,1,5,4,5,7,4,4,10,5,5,1,15,1,22,2,9,1,1,7,9,1,10,1,11,,6,6,1,22,9,121.4921255,25.02297593
111,6,21,13,4,2,02萬華區,萬華區德昌街與德昌街261巷口,0,0,1,2,B03,8,1,5,30,4,1,1,5,4,5,7,4,4,10,5,5,1,15,1,59,3,10,1,1,7,9,1,7,1,4,,14,6,1,22,9,121.4921255,25.02297593
111,6,21,13,40,2,05中正區,中正區忠孝東路1段23號,0,0,1,1,B03,8,1,5,50,14,9,1,5,4,5,7,4,4,3,4,5,2,12,2,37,3,10,1,1,7,6,1,8,2,5,,9,9,1,22,9,121.5251407,25.0446208
111,6,21,13,40,2,05中正區,中正區忠孝東路1段23號,0,0,1,2,C03,8,1,5,50,14,9,1,5,4,5,7,4,4,3,4,5,2,12,2,25,2,9,1,1,7,9,1,10,2,14,,44,9,1,22,9,121.5251407,25.0446208
111,6,21,14,5,2,08士林區,士林區至善路1段,0,0,1,1,B03,8,1,5,50,11,9,1,5,4,5,7,4,4,1,2,5,2,17,1,52,3,10,1,1,7,7,6,8,1,4,,26,26,1,22,9,121.5378085,25.09795322
111,6,21,14,5,2,08士林區,士林區至善路1段,0,0,1,2,C03,8,1,5,50,11,9,1,5,4,5,7,4,4,1,2,5,2,17,1,58,2,9,1,1,7,9,3,18,1,12,,44,26,1,22,9,121.5378085,25.09795322
111,6,21,14,44,2,10文山區,文山區木柵路2段138巷與興隆路4段101巷口,0,0,1,1,C03,8,1,5,50,4,1,1,5,4,5,7,3,1,5,2,5,2,15,2,23,2,9,1,1,7,9,1,10,1,11,,6,6,1,22,9,121.5619973,24.9883289
111,6,21,14,44,2,10文山區,文山區木柵路2段138巷與興隆路4段101巷口,0,0,1,2,B03,8,1,5,50,4,1,1,5,4,5,7,3,1,5,2,5,2,15,1,70,3,10,1,1,7,9,1,8,1,4,,44,6,1,22,9,121.5619973,24.9883289
111,6,21,15,3,2,11南港區,南港區松河街與南港路3段80巷口,0,0,1,1,C03,8,1,5,40,3,1,1,5,4,5,7,4,4,4,3,5,2,3,1,46,3,10,3,4,7,9,1,10,2,11,,15,15,1,22,9,121.5900456,25.05606093
111,6,21,15,3,2,11南港區,南港區松河街與南港路3段80巷口,0,0,1,2,H01,8,1,5,40,3,1,1,5,4,5,7,4,4,4,3,5,2,3,2,65,2,9,4,5,8,16,8,20,10,16,,67,15,1,22,9,121.5900456,25.05606093
111,6,21,15,27,2,01大同區,大同區環河北路2段與環河北路2段161巷口,0,0,1,1,B03,8,1,5,50,3,1,1,5,4,5,7,4,4,1,4,5,2,16,2,26,3,10,3,4,7,8,1,8,1,2,,7,7,1,22,9,121.5090944,25.0675738
111,6,21,15,27,2,01大同區,大同區環河北路2段與環河北路2段161巷口,0,0,1,2,C03,8,1,5,50,3,1,1,5,4,5,7,4,4,1,4,5,2,16,1,61,2,9,3,4,7,9,1,10,1,11,,13,7,1,22,9,121.5090944,25.0675738
111,6,21,15,32,2,11南港區,南港區南港路2段與興華路口,0,0,1,1,B03,6,1,5,50,4,2,1,4,4,5,7,1,1,5,4,4,2,17,2,48,3,10,1,1,7,5,1,8,1,8,,8,8,1,22,9,121.6061766,25.05426638
111,6,21,15,32,2,11南港區,南港區南港路2段與興華路口,0,0,1,2,C03,6,1,5,50,4,2,1,4,4,5,7,1,1,5,4,4,2,17,1,63,2,9,1,1,7,9,1,10,1,12,,42,8,1,22,9,121.6061766,25.05426638
111,6,21,15,50,2,03中山區,中山區民族東路與雙城街口,0,0,1,1,C03,8,1,5,50,3,2,1,5,4,5,7,1,1,3,4,5,2,9,1,67,3,10,1,1,7,9,6,10,1,11,,15,15,1,22,9,121.5246439,25.0684493
111,6,21,15,50,2,03中山區,中山區民族東路與雙城街口,0,0,1,2,H01,8,1,5,50,3,2,1,5,4,5,7,1,1,3,4,5,2,9,2,53,2,9,4,5,8,16,8,20,1,16,,67,15,1,22,9,121.5246439,25.0684493
111,6,21,15,52,2,11南港區,南港區東新街77巷與東新街77巷4弄口,0,0,1,1,C05,6,1,5,30,4,1,1,4,4,5,7,4,4,5,5,5,2,16,2,64,2,9,3,4,7,9,3,18,1,11,,6,6,1,22,9,121.5884255,25.04710977
111,6,21,15,52,2,11南港區,南港區東新街77巷與東新街77巷4弄口,0,0,1,2,B03,6,1,5,30,4,1,1,4,4,5,7,4,4,5,5,5,2,16,1,34,3,10,3,4,7,9,1,8,1,4,,23,6,1,22,9,121.5884255,25.04710977
111,6,21,16,15,2,03中山區,中山區林森北路與長安東路1段口,0,0,2,1,C03,8,1,5,50,4,2,1,5,4,5,7,2,1,1,4,5,2,17,2,30,2,9,3,4,7,9,1,10,1,12,,17,17,1,22,9,121.5217745,25.04983719
111,6,21,16,15,2,03中山區,中山區林森北路與長安東路1段口,0,0,2,2,C03,8,1,5,50,4,2,1,5,4,5,7,2,1,1,4,5,2,17,1,63,3,10,3,4,7,9,1,10,1,15,,17,17,1,22,9,121.5217745,25.04983719
111,6,21,16,15,2,03中山區,中山區林森北路與長安東路1段口,0,0,2,3,H02,8,1,5,50,4,2,1,5,4,5,7,2,1,1,4,5,2,17,2,45,2,7,4,4,7,17,8,20,10,16,,67,17,1,22,9,121.5217745,25.04983719
111,6,21,16,31,2,03中山區,中山區新生北路1段47巷口,0,0,1,1,C03,8,1,5,30,14,9,1,5,4,5,7,1,1,10,4,5,2,12,1,40,2,9,1,1,7,6,1,10,1,14,,6,6,1,22,9,121.5300353,25.04801487
111,6,21,16,31,2,03中山區,中山區新生北路1段47巷口,0,0,1,2,B03,8,1,5,30,14,9,1,5,4,5,7,1,1,10,4,5,2,12,1,54,3,10,1,1,7,6,1,8,1,5,,44,6,1,22,9,121.5300353,25.04801487
111,6,21,17,21,2,04大安區,大安區龍泉街62號,0,0,1,1,B11,7,1,5,30,14,9,1,5,4,5,7,4,4,10,5,5,2,2,1,50,3,10,1,1,7,9,1,4,1,5,,23,23,1,22,9,121.5293699,25.02364035
111,6,21,17,21,2,04大安區,大安區龍泉街62號,0,0,1,2,H01,7,1,5,30,14,9,1,5,4,5,7,4,4,10,5,5,2,2,2,41,2,9,4,5,8,16,8,20,10,16,,67,23,1,22,9,121.5293699,25.02364035
111,6,21,17,22,2,03中山區,中山區復興北路488巷1弄與龍江路397巷口,0,0,2,1,B02,8,1,5,30,3,1,1,5,4,5,7,4,4,10,5,5,2,16,2,50,3,10,1,1,7,13,1,8,1,8,,40,40,1,22,9,121.543712,25.0655339
111,6,21,17,22,2,03中山區,中山區復興北路488巷1弄與龍江路397巷口,0,0,2,2,C03,8,1,5,30,3,1,1,5,4,5,7,4,4,10,5,5,2,16,2,65,2,7,1,1,7,9,1,10,1,12,,44,40,1,22,9,121.543712,25.0655339
111,6,21,17,22,2,03中山區,中山區復興北路488巷1弄與龍江路397巷口,0,0,2,3,H02,8,1,5,30,3,1,1,5,4,5,7,4,4,10,5,5,2,16,2,7,2,7,1,5,7,21,8,20,10,16,,67,40,1,22,9,121.543712,25.0655339
111,6,21,17,22,2,03中山區,中山區復興北路488巷1弄與龍江路397巷口,0,0,2,4,B02,8,1,5,30,3,1,1,5,4,5,7,4,4,10,5,5,2,16,1,41,3,10,1,1,7,13,1,8,1,5,,38,40,1,22,9,121.543712,25.0655339
111,6,21,17,26,2,03中山區,中山區復興北路與民權東路3段口,0,0,1,1,B01,8,1,5,50,3,1,1,5,4,5,7,4,4,3,4,5,2,17,1,64,3,10,1,1,7,6,1,8,1,5,,9,9,1,22,9,121.5441515,25.062682
111,6,21,17,26,2,03中山區,中山區復興北路與民權東路3段口,0,0,1,2,C03,8,1,5,50,3,1,1,5,4,5,7,4,4,3,4,5,2,17,2,21,2,9,1,1,7,9,1,10,1,14,,44,9,1,22,9,121.5441515,25.062682
111,6,21,18,7,2,01大同區,大同區長安西路149號,0,0,2,1,F02,8,3,5,50,14,9,1,5,4,5,7,2,1,5,4,5,2,11,1,68,2,9,1,1,7,5,8,20,1,15,,6,6,1,22,9,121.5147377,25.05142144
111,6,21,18,7,2,01大同區,大同區長安西路149號,0,0,2,2,C03,8,3,5,50,14,9,1,5,4,5,7,2,1,5,4,5,2,11,1,23,2,9,1,1,7,9,1,10,1,11,,44,6,1,22,9,121.5147377,25.05142144
111,6,21,18,12,2,12內湖區,內湖區新明路108號,0,0,1,1,C03,8,1,5,50,14,9,1,5,4,5,7,4,4,5,5,5,2,17,1,19,3,10,1,1,7,9,1,10,1,11,,16,16,1,22,9,121.589405,25.05943928
111,6,21,18,12,2,12內湖區,內湖區新明路108號,0,0,1,2,C03,8,1,5,50,14,9,1,5,4,5,7,4,4,5,5,5,2,17,1,51,2,9,1,1,7,15,1,10,1,13,,44,16,1,22,9,121.589405,25.05943928
111,6,21,18,30,2,08士林區,士林區文昌路18號,0,0,1,1,B03,7,2,5,50,14,9,1,5,4,5,7,4,4,5,4,5,2,17,1,37,3,10,1,1,7,11,1,8,1,8,,10,10,1,22,9,121.5218424,25.09450512
111,6,21,18,30,2,08士林區,士林區文昌路18號,0,0,1,2,C03,7,2,5,50,14,9,1,5,4,5,7,4,4,5,4,5,2,17,1,22,2,9,1,1,7,4,1,10,1,12,,23,10,1,22,9,121.5218424,25.09450512
111,6,21,18,44,2,02萬華區,萬華區三水街與和平西路3段13巷口,0,0,1,1,C03,8,1,6,30,4,1,1,5,4,5,7,4,4,10,5,5,1,15,1,50,3,10,1,4,7,9,1,10,1,11,,6,6,1,22,9,121.5044768,25.03479407
111,6,21,18,44,2,02萬華區,萬華區三水街與和平西路3段13巷口,0,0,1,2,C03,8,1,6,30,4,1,1,5,4,5,7,4,4,10,5,5,1,15,2,62,2,8,1,4,7,9,1,10,1,14,,23,6,1,22,9,121.5044768,25.03479407
111,6,21,18,45,2,02萬華區,萬華區南寧路與和平西路3段口,0,0,1,1,C03,7,2,5,50,5,1,1,5,4,5,7,1,1,1,1,5,1,16,1,61,2,9,3,4,7,5,1,10,1,13,,26,26,1,22,9,121.503358,25.0350138
111,6,21,18,45,2,02萬華區,萬華區南寧路與和平西路3段口,0,0,1,2,B02,7,2,5,50,5,1,1,5,4,5,7,1,1,1,1,5,1,16,2,24,3,10,3,4,7,6,1,8,1,5,,9,26,1,22,9,121.503358,25.0350138
111,6,21,19,44,2,03中山區,中山區敬業三路與樂群三路口,0,0,1,1,C03,8,3,5,50,4,1,1,5,4,5,7,1,1,9,4,5,2,17,2,38,3,10,1,1,7,5,1,10,1,15,,6,6,1,22,9,121.5563439,25.0826297
111,6,21,19,44,2,03中山區,中山區敬業三路與樂群三路口,0,0,1,2,C03,8,3,5,50,4,1,1,5,4,5,7,1,1,9,4,5,2,17,1,20,2,9,1,1,7,9,1,10,1,14,,13,6,1,22,9,121.5563439,25.0826297
111,6,21,19,56,2,02萬華區,萬華區長沙街2段與西寧南路口,0,0,2,1,C03,8,3,5,50,4,1,1,5,4,5,7,2,1,10,4,5,2,12,1,27,2,9,1,1,7,5,1,10,1,14,,6,6,1,22,9,121.5060476,25.0406677
111,6,21,19,56,2,02萬華區,萬華區長沙街2段與西寧南路口,0,0,2,2,C03,8,3,5,50,4,1,1,5,4,5,7,2,1,10,4,5,2,12,1,18,2,9,1,1,7,9,1,10,1,12,,44,6,1,22,9,121.5060476,25.0406677
111,6,21,20,40,2,11南港區,南港區成福路與成福路15巷口口,0,0,1,1,B03,8,3,5,50,4,1,1,5,4,5,7,3,1,5,5,5,2,17,1,75,3,10,1,1,7,11,1,8,1,8,,10,10,1,22,9,121.5864328,25.0450535
111,6,21,20,40,2,11南港區,南港區成福路與成福路15巷口口,0,0,1,2,C03,8,3,5,50,4,1,1,5,4,5,7,3,1,5,5,5,2,17,1,24,2,9,1,1,7,9,1,10,1,11,,14,10,1,22,9,121.5864328,25.0450535
111,6,21,21,10,2,05中正區,中正區漢口街1段與懷寧街口,0,0,2,1,C03,8,3,5,50,4,1,1,5,4,5,7,3,1,10,4,5,2,15,1,26,2,9,1,1,7,9,1,10,2,11,,6,6,1,22,9,121.5141487,25.0451524
111,6,21,21,10,2,05中正區,中正區漢口街1段與懷寧街口,0,0,2,2,C03,8,3,5,50,4,1,1,5,4,5,7,3,1,10,4,5,2,15,1,51,2,9,1,1,7,9,1,10,2,14,,14,6,1,22,9,121.5141487,25.0451524
111,6,21,21,22,2,08士林區,士林區百齡橋往西,0,0,1,1,C03,7,3,5,50,14,11,1,5,4,5,7,4,4,10,5,5,2,12,1,25,3,10,1,1,7,9,1,10,1,12,,23,23,1,22,9,121.5140115,25.0894898
111,6,21,21,22,2,08士林區,士林區百齡橋往西,0,0,1,2,F01,7,3,5,50,14,11,1,5,4,5,7,4,4,10,5,5,2,12,2,41,2,9,1,1,7,9,8,20,1,16,,44,23,1,22,9,121.5140115,25.0894898
111,6,21,23,18,2,03中山區,中山區明水路與樂群二路口,0,0,1,1,C03,7,3,5,50,4,2,1,5,4,5,7,1,1,5,5,5,2,17,1,34,2,9,1,4,7,9,1,10,2,11,,23,23,1,22,7,121.5517854,25.08003683
111,6,21,23,18,2,03中山區,中山區明水路與樂群二路口,0,0,1,2,B02,7,3,5,50,4,2,1,5,4,5,7,1,1,5,5,5,2,17,1,40,3,10,3,4,7,13,1,2,11,3,,44,23,1,22,9,121.5517854,25.08003683
111,6,22,0,49,2,02萬華區,萬華區昆明街79號,0,0,2,1,H01,7,1,5,50,14,9,1,5,4,5,7,4,4,10,4,5,2,3,1,59,2,9,4,5,8,16,8,20,10,16,,51,51,1,22,9,121.5047841,25.04279743
111,6,22,0,49,2,02萬華區,萬華區昆明街79號,0,0,2,2,C03,7,1,5,50,14,9,1,5,4,5,7,4,4,10,4,5,2,3,1,21,2,9,1,1,7,9,1,10,1,11,,23,51,1,22,9,121.5047841,25.04279743
111,6,22,2,0,2,06松山區,松山區南京東路5段與南京東路5段123巷口,0,0,1,1,B03,8,3,5,50,4,1,1,5,4,5,7,2,1,3,4,5,2,17,1,58,3,10,1,1,7,5,1,8,1,2,,26,26,1,22,9,121.5607882,25.05155475
111,6,22,2,0,2,06松山區,松山區南京東路5段與南京東路5段123巷口,0,0,1,2,C03,8,3,5,50,4,1,1,5,4,5,7,2,1,3,4,5,2,17,1,19,2,9,1,1,7,9,1,10,1,11,,13,26,1,22,9,121.5607882,25.05155475
111,6,22,4,17,2,07信義區,信義區基隆路2段107-5號,0,0,1,1,C03,7,3,5,50,14,9,1,5,4,5,7,4,4,1,4,5,2,13,1,32,2,9,1,1,7,9,1,10,2,11,,16,16,1,22,9,121.5573039,25.0291792
111,6,22,4,17,2,07信義區,信義區基隆路2段107-5號,0,0,1,2,C03,7,3,5,50,14,9,1,5,4,5,7,4,4,1,4,5,2,13,1,24,3,10,1,1,7,9,1,10,2,13,,13,16,1,22,9,121.5573039,25.0291792
111,6,22,7,23,2,02萬華區,萬華區堤外便道雙園抽水站,0,0,2,1,B12,8,1,5,50,12,9,1,5,4,5,2,4,4,9,5,5,2,17,1,42,2,7,1,4,7,7,1,8,1,7,,7,7,1,22,9,121.4881965,25.030935
111,6,22,7,23,2,02萬華區,萬華區堤外便道雙園抽水站,0,0,2,2,C03,8,1,5,50,12,9,1,5,4,5,2,4,4,9,5,5,2,17,1,54,2,9,1,4,7,9,1,10,1,12,,44,7,1,22,9,121.4881965,25.030935
111,6,22,7,23,2,02萬華區,萬華區堤外便道雙園抽水站,0,0,2,3,B03,8,1,5,50,12,9,1,5,4,5,2,4,4,9,5,5,2,17,1,54,3,10,1,4,7,11,1,8,9,15,,44,7,1,22,9,121.4881965,25.030935