發生年度,發生月,發生日,發生時-Hours,發生分,處理別-編號,區序,肇事地點,死亡人數,2-30日死亡人數,受傷人數,當事人序號,車種,天候,光線,道路類別,速限-速度限制,道路型態,事故位置,路面狀況1,路面狀況2,路面狀況3,道路障礙1,道路障礙2,號誌1,號誌2,車道劃分-分向,車道劃分-分道1,車道劃分-分道2,車道劃分-分道3,事故類型及型態,性別,年齡,受傷程度,主要傷處,安全帽,行動電話,車輛用途,當事者行動狀態,駕駛資格情形,駕駛執照種類,飲酒情形,車輛撞擊部位1,車輛撞擊部位2,肇因碼-個別,肇因碼-主要,個人肇逃否,職業,旅次目的,座標-X,座標-Y
111,6,22,7,40,2,02萬華區,萬華區環河快速道路與萬大路口,0,0,1,1,B03,8,1,5,50,4,1,1,5,4,5,7,2,1,9,4,5,2,17,2,39,3,10,1,1,7,5,1,8,9,5,,8,8,1,22,9,121.495488,25.01663275
111,6,22,7,40,2,02萬華區,萬華區環河快速道路與萬大路口,0,0,1,2,C03,8,1,5,50,4,1,1,5,4,5,7,2,1,9,4,5,2,17,2,58,2,9,1,1,7,9,1,10,9,14,,44,8,1,22,9,121.495488,25.01663275
111,6,22,8,15,2,08士林區,士林區文林路與福國路口口,0,0,2,1,B03,8,1,5,50,5,1,1,5,4,5,7,2,1,1,4,5,1,12,1,54,3,10,1,1,7,9,1,8,1,5,,44,44,1,22,9,121.5209457,25.10196004
111,6,22,8,15,2,08士林區,士林區文林路與福國路口口,0,0,2,3,H02,8,1,5,50,5,1,1,5,4,5,7,2,1,1,4,5,1,12,2,56,2,9,1,1,7,21,8,20,10,15,,67,44,1,22,9,121.5209457,25.10196004
111,6,22,8,15,2,08士林區,士林區文林路與福國路口口,0,0,2,2,C03,8,1,5,50,5,1,1,5,4,5,7,2,1,1,4,5,1,12,2,64,2,7,1,1,7,6,1,10,1,12,,9,44,1,22,9,121.5209457,25.10196004
111,6,22,8,22,2,05中正區,中正區中山南路與信義路1段口,0,0,1,1,C03,8,1,5,50,4,1,1,5,4,5,7,1,1,10,5,5,2,12,1,22,2,9,1,1,7,9,1,10,2,11,,26,26,1,22,9,121.5142231,25.0408209
111,6,22,8,22,2,05中正區,中正區中山南路與信義路1段口,0,0,1,2,C03,8,1,5,50,4,1,1,5,4,5,7,1,1,10,5,5,2,12,1,47,3,10,1,1,7,9,1,10,2,12,,44,26,1,22,9,121.5142231,25.0408209
111,6,22,8,30,2,06松山區,松山區塔悠路與撫遠街255巷口,0,0,1,1,B03,8,1,5,50,3,1,1,5,4,5,7,4,4,9,4,5,2,13,1,67,3,10,1,1,7,6,1,8,1,6,,44,44,1,22,9,121.5684996,25.0617026
111,6,22,8,30,2,06松山區,松山區塔悠路與撫遠街255巷口,0,0,1,2,C01,8,1,5,50,3,1,1,5,4,5,7,4,4,9,4,5,2,13,1,64,2,9,1,1,7,9,1,9,1,11,,23,44,1,22,9,121.5684996,25.0617026
111,6,22,8,30,2,12內湖區,內湖區舊宗路1段與舊宗路1段30巷口,0,0,1,1,B03,8,1,5,50,3,1,1,5,4,5,7,4,4,1,4,5,2,12,2,28,3,10,1,1,7,6,1,8,1,5,,9,9,1,22,9,121.5807347,25.05812976
111,6,22,8,30,2,12內湖區,內湖區舊宗路1段與舊宗路1段30巷口,0,0,1,2,C03,8,1,5,50,3,1,1,5,4,5,7,4,4,1,4,5,2,12,1,41,2,9,1,1,7,9,1,10,1,14,,44,9,1,22,9,121.5807347,25.05812976
111,6,22,8,40,2,03中山區,中山區長春路258巷與龍江路132巷口,0,0,1,1,B03,8,1,5,30,4,1,1,5,4,5,7,4,4,10,4,5,1,15,1,72,3,10,1,1,7,9,1,8,1,5,,6,6,1,22,9,121.5390778,25.05420913
111,6,22,8,40,2,03中山區,中山區長春路258巷與龍江路132巷口,0,0,1,2,C03,8,1,5,30,4,1,1,5,4,5,7,4,4,10,4,5,1,15,2,29,2,9,1,1,7,9,1,10,1,14,,44,6,1,22,9,121.5390778,25.05420913
111,6,22,8,40,2,12內湖區,內湖區民權東路6段三民國中前,0,0,3,1,C03,8,1,5,40,14,8,1,5,4,5,7,4,4,1,4,4,2,12,1,26,2,7,1,1,7,8,1,10,1,12,,7,7,1,22,9,121.585397,25.06897707
111,6,22,8,40,2,12內湖區,內湖區民權東路6段三民國中前,0,0,3,2,C03,8,1,5,40,14,8,1,5,4,5,7,4,4,1,4,4,2,12,1,64,2,8,1,1,7,9,1,10,1,14,,44,7,1,22,9,121.585397,25.06897707
111,6,22,8,40,2,12內湖區,內湖區民權東路6段三民國中前,0,0,3,3,B03,8,1,5,40,14,8,1,5,4,5,7,4,4,1,4,4,2,12,1,48,3,10,1,1,7,9,1,8,1,5,,44,7,1,22,9,121.585397,25.06897707
111,6,22,8,40,2,12內湖區,內湖區民權東路6段三民國中前,0,0,3,4,H02,8,1,5,40,14,8,1,5,4,5,7,4,4,1,4,4,2,12,2,24,2,9,4,5,7,20,8,20,10,15,,67,7,1,22,9,121.585397,25.06897707
111,6,22,8,45,2,02萬華區,萬華區堤外便道往北(過華翠橋往北),0,0,1,1,C03,8,1,5,40,14,9,1,5,4,5,7,4,4,9,4,5,1,17,1,57,2,9,1,1,7,21,6,10,2,15,,44,44,1,22,9,121.4888139,25.0277137
111,6,22,8,45,2,02萬華區,萬華區堤外便道往北(過華翠橋往北),0,0,1,2,A12,8,1,5,40,14,9,1,5,4,5,7,4,4,9,4,5,1,17,1,54,3,10,1,1,7,13,1,2,1,7,,43,44,1,22,9,121.4888139,25.0277137
111,6,22,8,50,2,12內湖區,內湖區安康路與安康路22巷口,0,0,1,1,B03,8,1,5,50,4,1,1,5,4,5,7,1,1,5,5,5,2,16,1,46,3,10,1,1,7,6,1,8,1,8,,9,9,1,22,9,121.5934748,25.06249271
111,6,22,8,50,2,12內湖區,內湖區安康路與安康路22巷口,0,0,1,2,C03,8,1,5,50,4,1,1,5,4,5,7,1,1,5,5,5,2,16,2,32,2,9,1,1,7,5,1,10,1,14,,5,9,1,22,9,121.5934748,25.06249271
111,6,22,8,56,2,04大安區,大安區忠孝東路3段251巷4弄與忠孝東路3段251巷口,0,0,1,1,B12,8,1,5,30,4,1,1,5,4,5,7,4,4,10,5,5,2,15,2,29,3,10,1,1,7,9,1,8,1,1,,6,6,1,22,9,121.5416568,25.04234856
111,6,22,8,56,2,04大安區,大安區忠孝東路3段251巷4弄與忠孝東路3段251巷口,0,0,1,2,B01,8,1,5,30,4,1,1,5,4,5,7,4,4,10,5,5,2,15,1,50,3,10,1,1,7,9,1,4,1,2,,44,6,1,22,9,121.5416568,25.04234856
111,6,22,8,56,2,04大安區,大安區忠孝東路3段251巷4弄與忠孝東路3段251巷口,0,0,1,3,H02,8,1,5,30,4,1,1,5,4,5,7,4,4,10,5,5,2,15,1,24,2,9,2,5,7,17,8,20,10,16,,67,6,1,22,9,121.5416568,25.04234856
111,6,22,9,15,2,07信義區,信義區莊敬路與莊敬路239巷口,0,0,2,1,H01,8,1,5,0,4,2,1,5,4,5,7,1,1,5,5,5,2,6,2,33,2,8,4,5,8,18,8,20,10,16,,51,51,1,22,9,121.562264,25.0295769
111,6,22,9,15,2,07信義區,信義區莊敬路與莊敬路239巷口,0,0,2,2,C03,8,1,5,0,4,2,1,5,4,5,7,1,1,5,5,5,2,6,2,30,2,8,1,1,7,9,1,10,1,11,,44,51,1,22,9,121.562264,25.0295769
111,6,22,9,16,2,07信義區,信義區松平路30巷與莊敬路239巷口,0,0,1,1,B03,8,1,5,30,3,1,1,5,4,5,7,2,1,8,3,5,2,17,1,24,3,10,3,4,7,5,1,8,2,8,,6,6,1,22,9,121.5632003,25.0301986
111,6,22,9,16,2,07信義區,信義區松平路30巷與莊敬路239巷口,0,0,1,2,C03,8,1,5,30,3,1,1,5,4,5,7,2,1,8,3,5,2,17,1,29,2,9,3,4,7,9,1,10,2,14,,13,6,1,22,9,121.5632003,25.0301986
111,6,22,9,22,2,11南港區,南港區南港路1段與中南街口,0,0,1,1,B03,8,1,5,50,4,1,1,5,4,5,7,2,1,4,4,5,2,17,1,42,3,10,3,4,7,9,1,8,1,1,,44,44,1,22,9,121.6152897,25.0553135
111,6,22,9,22,2,11南港區,南港區南港路1段與中南街口,0,0,1,2,C03,8,1,5,50,4,1,1,5,4,5,7,2,1,4,4,5,2,17,2,60,2,9,3,4,7,7,1,10,1,13,,7,44,1,22,9,121.6152897,25.0553135
111,6,22,9,32,2,09北投區,北投區承德路7段與承德路7段143巷口,0,0,1,1,C03,8,1,5,40,14,8,1,5,4,5,7,4,4,1,4,4,2,13,1,23,3,10,1,4,7,9,1,10,1,11,,16,16,1,22,9,121.5082955,25.11313895
111,6,22,9,32,2,09北投區,北投區承德路7段與承德路7段143巷口,0,0,1,2,F01,8,1,5,40,14,8,1,5,4,5,7,4,4,1,4,4,2,13,1,81,2,9,1,1,7,9,8,20,1,16,,44,16,1,22,9,121.5082955,25.11313895
111,6,22,9,54,2,12內湖區,內湖區無名巷與港華街口,0,0,1,1,B12,8,1,5,30,4,1,1,5,4,3,3,4,4,5,4,5,1,17,1,24,3,10,1,1,7,1,1,8,1,8,,19,19,1,22,9,121.575134,25.083016
111,6,22,9,54,2,12內湖區,內湖區無名巷與港華街口,0,0,1,2,C03,8,1,5,30,4,1,1,5,4,3,3,4,4,5,4,5,1,17,1,46,2,9,1,1,7,9,1,10,1,11,,14,19,1,22,9,121.575134,25.083016
111,6,22,9,54,2,12內湖區,內湖區無名巷與港華街口,0,0,1,3,B11,8,1,5,30,4,1,1,5,4,3,3,4,4,5,4,5,1,17,1,47,3,10,1,1,7,13,1,4,11,15,,38,19,1,22,9,121.575134,25.083016
111,6,22,10,5,2,03中山區,中山區民權東路2段144號,0,0,1,1,C03,8,1,5,50,14,9,1,5,4,5,7,1,1,1,4,5,2,13,2,31,2,3,1,1,7,9,1,10,1,11,,16,16,1,22,9,121.533594,25.0622215
111,6,22,10,5,2,03中山區,中山區民權東路2段144號,0,0,1,2,B03,8,1,5,50,14,9,1,5,4,5,7,1,1,1,4,5,2,13,1,28,3,10,1,1,7,12,1,8,1,7,,44,16,1,22,9,121.533594,25.0622215
111,6,22,10,30,2,09北投區,北投區中央北路4段406號對面,0,0,2,1,C03,8,1,5,50,14,9,1,5,4,5,7,2,1,5,4,5,2,17,1,73,3,10,1,1,7,7,1,10,2,15,,7,7,1,22,9,121.4709334,25.12935731
111,6,22,10,30,2,09北投區,北投區中央北路4段406號對面,0,0,2,2,C03,8,1,5,50,14,9,1,5,4,5,7,2,1,5,4,5,2,17,1,71,2,9,1,1,7,9,1,10,2,14,,44,7,1,22,9,121.4709334,25.12935731
111,6,22,10,30,2,09北投區,北投區中央北路4段406號對面,0,0,2,3,H02,8,1,5,50,14,9,1,5,4,5,7,2,1,5,4,5,2,17,2,70,2,9,1,5,7,21,8,20,10,16,,67,7,1,22,9,121.4709334,25.12935731
111,6,22,11,30,2,03中山區,中山區中山北路3段大同大學站牌前,0,0,3,1,C03,8,1,5,50,14,9,1,5,4,5,7,4,4,1,4,1,1,13,1,19,2,9,1,1,7,9,1,10,1,11,,16,16,1,22,9,121.5227731,25.06758059
111,6,22,11,30,2,03中山區,中山區中山北路3段大同大學站牌前,0,0,3,2,C03,8,1,5,50,14,9,1,5,4,5,7,4,4,1,4,1,1,13,1,24,2,8,1,1,7,12,1,10,1,13,,44,16,1,22,9,121.5227731,25.06758059
111,6,22,11,30,2,03中山區,中山區中山北路3段大同大學站牌前,0,0,3,4,H02,8,1,5,50,14,9,1,5,4,5,7,4,4,1,4,1,1,13,2,21,2,8,1,5,7,20,8,20,10,15,,67,16,1,22,9,121.5227731,25.06758059
111,6,22,11,30,2,03中山區,中山區中山北路3段大同大學站牌前,0,0,3,3,A02,8,1,5,50,14,9,1,5,4,5,7,4,4,1,4,1,1,13,2,63,3,10,1,1,7,8,1,2,9,15,,44,16,1,22,9,121.5227731,25.06758059
111,6,22,11,44,2,08士林區,士林區中山北路4段與通河街口,0,0,1,1,B12,8,1,8,50,15,22,1,5,4,5,7,4,4,3,5,5,2,9,1,51,3,10,1,1,7,5,1,10,2,1,,15,15,1,22,9,121.5244576,25.07974012
111,6,22,11,44,2,08士林區,士林區中山北路4段與通河街口,0,0,1,2,H01,8,1,8,50,15,22,1,5,4,5,7,4,4,3,5,5,2,9,2,67,2,9,4,5,8,16,8,20,10,16,,67,15,1,22,9,121.5244576,25.07974012
111,6,22,11,55,2,04大安區,大安區忠孝東路4段172號,0,0,1,1,C03,8,1,5,50,14,9,1,5,4,5,7,4,4,1,4,5,2,16,1,36,3,10,1,1,7,8,1,10,1,12,,7,7,1,22,9,121.5509294,25.0413708
111,6,22,11,55,2,04大安區,大安區忠孝東路4段172號,0,0,1,2,C03,8,1,5,50,14,9,1,5,4,5,7,4,4,1,4,5,2,16,2,39,2,8,1,1,7,9,6,10,1,11,,44,7,1,22,9,121.5509294,25.0413708
111,6,22,11,55,2,08士林區,士林區中山北路4段往南(新生高架往南第二燈桿),0,0,2,1,C03,8,1,5,30,14,11,1,5,4,5,7,4,4,1,3,4,1,16,1,70,2,9,1,1,7,7,1,10,2,14,,7,7,1,22,9,121.52508,25.07662523
111,6,22,11,55,2,08士林區,士林區中山北路4段往南(新生高架往南第二燈桿),0,0,2,2,C03,8,1,5,30,14,11,1,5,4,5,7,4,4,1,3,4,1,16,1,61,2,9,1,1,7,9,1,10,2,12,,44,7,1,22,9,121.52508,25.07662523
111,6,22,12,0,2,06松山區,松山區延壽街330巷16弄5號,0,0,1,1,C03,8,1,5,30,14,9,1,5,4,4,5,4,4,10,5,5,2,10,1,30,3,10,1,2,7,9,1,10,2,14,,41,41,1,22,9,121.559247,25.05525502
111,6,22,12,0,2,06松山區,松山區延壽街330巷16弄5號,0,0,1,2,C03,8,1,5,30,14,9,1,5,4,4,5,4,4,10,5,5,2,10,1,46,2,9,1,1,7,1,1,10,2,14,,19,41,1,22,9,121.559247,25.05525502
111,6,22,12,0,2,06松山區,松山區延壽街330巷16弄5號,0,0,1,3,H03,8,1,5,30,14,9,1,5,4,4,5,4,4,10,5,5,2,10,1,64,3,10,4,5,8,20,8,20,10,16,,60,41,1,22,9,121.559247,25.05525502
111,6,22,12,0,2,12內湖區,內湖區潭美街與安康路32巷口,0,0,1,1,C03,8,1,5,40,3,2,1,5,4,5,7,4,4,5,5,5,2,17,1,16,2,9,1,1,7,9,2,18,1,14,,23,23,1,22,9,121.5949325,25.06107997
111,6,22,12,0,2,12內湖區,內湖區潭美街與安康路32巷口,0,0,1,2,B12,8,1,5,40,3,2,1,5,4,5,7,4,4,5,5,5,2,17,1,60,3,10,3,4,7,13,1,8,9,3,,44,23,1,22,9,121.5949325,25.06107997
111,6,22,12,20,2,01大同區,大同區歸綏街171號,0,0,2,1,C03,8,1,5,30,15,19,1,5,4,5,7,2,1,10,5,5,2,9,1,41,2,9,1,1,7,9,1,10,1,11,,23,23,1,22,9,121.5137708,25.05818731
111,6,22,12,20,2,01大同區,大同區歸綏街171號,0,0,2,2,H01,8,1,5,30,15,19,1,5,4,5,7,2,1,10,5,5,2,9,1,54,2,9,4,1,8,16,8,20,10,15,,51,23,1,22,9,121.5137708,25.05818731
111,6,22,12,30,2,12內湖區,內湖區舊宗路1段285號前,0,0,1,1,F01,8,1,5,50,14,9,1,5,4,5,7,4,4,1,4,5,2,16,2,16,2,9,2,1,7,1,8,20,1,16,,19,19,1,22,9,121.5766059,25.06381613
111,6,22,12,30,2,12內湖區,內湖區舊宗路1段285號前,0,0,1,2,B03,8,1,5,50,14,9,1,5,4,5,7,4,4,1,4,5,2,16,1,48,3,10,1,1,7,9,1,8,1,5,,44,19,1,22,9,121.5766059,25.06381613
111,6,22,12,38,2,03中山區,中山區民權東路2段82號,0,0,2,1,C03,8,1,5,50,14,9,1,5,4,5,7,1,1,1,3,5,1,13,1,24,2,9,1,4,7,9,1,10,2,11,,16,16,1,22,9,121.531566,25.06247319
111,6,22,12,38,2,03中山區,中山區民權東路2段82號,0,0,2,2,B01,8,1,5,50,14,9,1,5,4,5,7,1,1,1,3,5,1,13,2,42,2,9,3,4,7,9,1,8,2,3,,44,16,1,22,9,121.531566,25.06247319
111,6,22,12,47,2,12內湖區,內湖區康寧路1段與星雲街口,0,0,1,1,A11,8,1,5,40,4,1,1,5,4,5,7,2,1,5,5,5,2,3,1,63,3,10,1,1,7,5,1,3,2,1,,15,15,1,22,9,121.5935305,25.0794273
111,6,22,12,47,2,12內湖區,內湖區康寧路1段與星雲街口,0,0,1,2,H01,8,1,5,40,4,1,1,5,4,5,7,2,1,5,5,5,2,3,2,75,2,9,4,5,8,16,8,20,10,16,,67,15,1,22,9,121.5935305,25.0794273
111,6,22,12,49,2,05中正區,中正區牯嶺街與牯嶺街95巷口口,0,0,1,1,C03,8,1,5,30,14,9,1,5,4,1,7,4,4,10,5,5,2,16,2,34,2,9,1,1,7,9,1,10,1,14,,13,13,1,22,9,121.5190132,25.02600433
111,6,22,12,49,2,05中正區,中正區牯嶺街與牯嶺街95巷口口,0,0,1,2,B01,8,1,5,30,14,9,1,5,4,1,7,4,4,10,5,5,2,16,1,70,3,10,1,1,7,9,1,4,1,1,,6,13,1,22,9,121.5190132,25.02600433
111,6,22,12,59,2,07信義區,信義區永吉路66號前,0,0,1,1,C03,8,1,5,50,14,9,1,5,4,5,7,2,1,1,4,5,2,13,2,48,2,8,1,1,7,9,1,10,1,11,,23,23,1,22,9,121.5699685,25.0455727
111,6,22,12,59,2,07信義區,信義區永吉路66號前,0,0,1,2,B03,8,1,5,50,14,9,1,5,4,5,7,2,1,1,4,5,2,13,1,66,3,10,1,1,7,6,1,8,1,3,,44,23,1,22,9,121.5699685,25.0455727
111,6,22,13,2,2,04大安區,大安區辛亥路1段104號,0,0,1,1,B03,8,1,5,50,14,9,1,5,4,5,7,4,4,1,4,4,2,16,2,39,3,10,1,4,7,7,1,8,1,8,,7,7,1,22,9,121.5320451,25.0217774
111,6,22,13,2,2,04大安區,大安區辛亥路1段104號,0,0,1,2,C03,8,1,5,50,14,9,1,5,4,5,7,4,4,1,4,4,2,16,1,35,2,8,1,4,7,9,1,10,1,14,,16,7,1,22,9,121.5320451,25.0217774
111,6,22,13,30,2,05中正區,中正區忠孝東路1段(地下道西往東),0,0,1,1,B03,8,3,5,50,7,7,1,5,4,5,7,1,1,9,4,5,2,13,1,48,3,10,1,4,7,9,1,8,1,1,,16,16,1,22,9,121.5200499,25.04557762
111,6,22,13,30,2,05中正區,中正區忠孝東路1段(地下道西往東),0,0,1,2,B03,8,3,5,50,7,7,1,5,4,5,7,1,1,9,4,5,2,13,2,39,2,1,1,4,7,9,1,8,1,3,,44,16,1,22,9,121.5200499,25.04557762
111,6,22,13,30,2,10文山區,文山區木柵路1段329號前,0,0,2,1,C03,8,1,5,50,14,9,1,5,4,5,7,4,4,5,4,5,2,16,1,19,2,8,3,4,7,11,1,10,1,14,,10,10,1,21,8,121.5565944,24.98848206
111,6,22,13,30,2,10文山區,文山區木柵路1段329號前,0,0,2,2,C03,8,1,5,50,14,9,1,5,4,5,7,4,4,5,4,5,2,16,1,20,2,9,3,4,7,9,1,10,1,12,,23,10,1,21,8,121.5565944,24.98848206
111,6,22,13,35,2,12內湖區,內湖區新湖一路與新湖二路口,0,0,1,1,B03,8,1,5,40,4,1,1,5,4,5,7,4,4,5,5,5,2,15,1,41,2,2,1,1,7,9,1,8,1,2,,6,6,1,22,9,121.5846783,25.0650208
111,6,22,13,35,2,12內湖區,內湖區新湖一路與新湖二路口,0,0,1,2,B11,8,1,5,40,4,1,1,5,4,5,7,4,4,5,5,5,2,15,1,20,3,10,1,1,7,9,1,4,1,1,,14,6,1,22,9,121.5846783,25.0650208
111,6,22,13,43,2,09北投區,北投區西安街1段281巷2號,0,0,1,1,B03,8,1,5,30,15,9,1,5,4,4,7,4,4,10,5,5,2,11,1,67,3,10,3,1,7,9,1,8,1,4,,23,23,1,22,9,121.5149997,25.1145778
111,6,22,13,43,2,09北投區,北投區西安街1段281巷2號,0,0,1,2,C03,8,1,5,30,15,9,1,5,4,4,7,4,4,10,5,5,2,11,1,38,2,9,1,1,7,14,1,10,1,14,,44,23,1,22,9,121.5149997,25.1145778
111,6,22,13,43,2,07信義區,信義區信義路4段與光復南路口,0,0,1,3,H02,8,1,5,50,4,2,1,5,4,5,7,2,1,1,4,5,2,12,2,19,2,8,1,5,7,20,8,20,10,16,,67,7,1,22,8,121.5575217,25.03298539
111,6,22,13,43,2,07信義區,信義區信義路4段與光復南路口,0,0,1,1,C03,8,1,5,50,4,2,1,5,4,5,7,2,1,1,4,5,2,12,2,21,3,10,1,1,7,7,1,10,1,14,,7,7,1,22,9,121.5575217,25.03298539
111,6,22,13,43,2,07信義區,信義區信義路4段與光復南路口,0,0,1,2,B01,8,1,5,50,4,2,1,5,4,5,7,2,1,1,4,5,2,12,1,59,3,10,1,1,7,9,1,3,1,2,,44,7,1,22,8,121.5575217,25.03298539
111,6,22,14,6,2,05中正區,中正區中華路2段與和平西路2段口,0,0,1,1,F01,8,1,5,50,4,1,1,5,4,5,7,1,1,5,4,5,2,10,2,68,3,10,1,1,7,9,8,20,2,16,,4,4,1,22,9,121.5053816,25.03350339
111,6,22,14,6,2,05中正區,中正區中華路2段與和平西路2段口,0,0,1,2,C04,8,1,5,50,4,1,1,5,4,5,7,1,1,5,4,5,2,10,2,53,2,9,1,1,7,9,1,11,2,15,,23,4,1,22,9,121.5053816,25.03350339
111,6,22,14,36,2,10文山區,文山區木柵路4段與木柵路4段159巷口,0,0,1,1,B03,8,1,5,50,3,1,1,5,4,5,7,1,1,5,4,5,2,17,1,37,3,10,3,4,7,6,1,8,1,5,,9,9,1,22,9,121.5756283,24.99977622
111,6,22,14,36,2,10文山區,文山區木柵路4段與木柵路4段159巷口,0,0,1,2,C03,8,1,5,50,3,1,1,5,4,5,7,1,1,5,4,5,2,17,1,24,2,9,3,4,7,9,1,10,1,14,,44,9,1,22,9,121.5756283,24.99977622
111,6,22,15,3,2,06松山區,松山區敦化北路1號,0,0,1,1,B03,8,1,5,50,14,9,1,5,4,5,7,2,1,9,5,5,2,17,1,45,3,10,3,4,7,5,1,8,2,5,,8,8,1,22,9,121.5505605,25.0482554
111,6,22,15,3,2,06松山區,松山區敦化北路1號,0,0,1,2,C03,8,1,5,50,14,9,1,5,4,5,7,2,1,9,5,5,2,17,1,43,2,9,3,4,7,9,1,10,2,11,,44,8,1,22,9,121.5505605,25.0482554
111,6,22,15,40,2,08士林區,士林區中山北路5段劍潭捷運站,0,0,1,1,C03,8,1,5,50,14,9,1,5,4,5,7,4,4,4,4,5,2,13,1,31,2,9,1,1,7,9,1,10,1,11,,16,16,1,22,9,121.5253689,25.08453009
111,6,22,15,40,2,08士林區,士林區中山北路5段劍潭捷運站,0,0,1,2,C03,8,1,5,50,14,9,1,5,4,5,7,4,4,4,4,5,2,13,1,39,3,10,1,1,7,12,1,9,1,13,,42,16,1,22,9,121.5253689,25.08453009
111,6,22,15,40,2,08士林區,士林區中山北路5段劍潭捷運站,0,0,1,3,B01,8,1,5,50,14,9,1,5,4,5,7,4,4,4,4,5,2,13,1,59,3,10,3,4,7,12,1,4,1,15,,42,16,1,22,9,121.5253689,25.08453009
111,6,22,15,40,2,08士林區,士林區中山北路5段劍潭捷運站,0,0,1,4,B01,8,1,5,50,14,9,1,5,4,5,7,4,4,4,4,5,2,13,2,66,3,10,3,4,7,7,1,4,1,15,,7,16,1,22,9,121.5253689,25.08453009
111,6,22,15,56,2,08士林區,士林區文林路587巷與美崙街152巷口,0,0,1,1,B03,8,1,5,30,3,1,1,5,4,5,7,4,4,5,5,5,2,17,1,56,3,10,1,1,7,11,1,8,1,4,,10,10,1,22,9,121.5185058,25.09889894
111,6,22,15,56,2,08士林區,士林區文林路587巷與美崙街152巷口,0,0,1,2,C03,8,1,5,30,3,1,1,5,4,5,7,4,4,5,5,5,2,17,1,19,2,7,1,1,7,9,1,10,1,12,,13,10,1,22,9,121.5185058,25.09889894
111,6,22,16,37,2,03中山區,中山區復興北路與八德路2段口,0,0,2,1,C03,7,1,5,50,4,1,1,5,4,5,7,2,1,1,1,4,1,12,2,46,2,9,3,4,7,8,1,10,9,12,,7,7,1,22,9,121.5438086,25.04754935
111,6,22,16,37,2,03中山區,中山區復興北路與八德路2段口,0,0,2,2,C03,7,1,5,50,4,1,1,5,4,5,7,2,1,1,1,4,1,12,1,24,2,9,3,4,7,11,1,10,1,14,,44,7,1,22,9,121.5438086,25.04754935
111,6,22,16,40,2,09北投區,北投區復興三路212號,0,0,1,1,C03,8,1,5,50,11,13,1,5,2,5,7,4,4,5,4,5,2,18,1,24,2,9,1,1,7,9,1,10,1,11,,44,44,1,22,9,121.5038678,25.15088724
111,6,22,16,40,2,09北投區,北投區復興三路212號,0,0,1,2,,8,1,5,50,11,13,1,5,2,5,7,4,4,5,4,5,2,18,3,,,,,,,,,,10,,,61,44,1,,,121.5038678,25.15088724
111,6,22,16,42,2,06松山區,松山區民權東路3段170號旁,0,0,1,1,C03,8,1,5,50,14,9,1,5,4,5,7,4,4,1,4,5,2,12,2,44,2,9,3,4,7,8,1,10,2,12,,7,7,1,22,9,121.5494209,25.06165931
111,6,22,16,42,2,06松山區,松山區民權東路3段170號旁,0,0,1,2,C03,8,1,5,50,14,9,1,5,4,5,7,4,4,1,4,5,2,12,1,70,3,10,3,4,7,9,1,10,2,14,,23,7,1,22,9,121.5494209,25.06165931
111,6,22,16,50,2,10文山區,文山區景興路與景興路153巷口,0,0,1,1,C03,8,1,5,50,3,1,1,5,4,5,7,1,1,1,4,5,2,16,1,18,3,10,1,1,7,11,3,18,1,11,,10,10,1,22,9,121.5445605,24.9936998
111,6,22,16,50,2,10文山區,文山區景興路與景興路153巷口,0,0,1,2,C03,8,1,5,50,3,1,1,5,4,5,7,1,1,1,4,5,2,16,1,30,2,7,1,1,7,9,1,9,1,11,,44,10,1,22,9,121.5445605,24.9936998
111,6,22,16,52,2,05中正區,中正區汀州路3段與師大路口,0,0,1,1,F01,6,1,5,50,5,1,1,4,4,5,7,1,1,3,4,5,2,17,1,14,2,9,1,1,7,9,8,20,1,16,,25,25,1,22,9,121.5254196,25.0207307
111,6,22,16,52,2,05中正區,中正區汀州路3段與師大路口,0,0,1,2,B02,6,1,5,50,5,1,1,4,4,5,7,1,1,3,4,5,2,17,1,46,3,10,1,1,7,6,1,8,1,1,,23,25,1,22,9,121.5254196,25.0207307
111,6,22,17,4,2,03中山區,中山區建國北路3段6號,0,0,1,2,B03,8,1,5,50,3,2,1,5,4,5,7,1,1,1,4,5,2,12,1,43,3,10,1,1,7,7,1,8,2,4,,23,25,1,22,9,121.5368373,25.0636656
111,6,22,17,4,2,03中山區,中山區建國北路3段6號,0,0,1,1,C03,8,1,5,50,3,2,1,5,4,5,7,1,1,1,4,5,2,12,2,51,2,9,1,1,7,9,6,11,11,12,,25,25,1,22,9,121.5368373,25.0636656
111,6,22,17,4,2,07信義區,信義區松山路與松德路口,0,0,1,1,B02,8,1,5,50,4,1,1,5,4,5,7,2,1,9,4,5,2,17,1,34,3,10,1,1,7,6,1,8,1,6,,9,9,1,22,9,121.5778134,25.0395268
111,6,22,17,4,2,07信義區,信義區松山路與松德路口,0,0,1,2,C03,8,1,5,50,4,1,1,5,4,5,7,2,1,9,4,5,2,17,1,71,2,7,1,1,7,9,1,10,1,14,,26,9,1,22,9,121.5778134,25.0395268
111,6,22,17,10,2,01大同區,大同區忠孝橋往三重機車道,0,0,1,1,C03,8,1,7,50,14,11,1,5,4,5,7,4,4,9,4,5,1,13,2,43,2,9,1,1,7,9,1,10,1,12,,16,16,1,22,9,121.5075729,25.04872527