發生年度,發生月,發生日,發生時-Hours,發生分,處理別-編號,區序,肇事地點,死亡人數,2-30日死亡人數,受傷人數,當事人序號,車種,天候,光線,道路類別,速限-速度限制,道路型態,事故位置,路面狀況1,路面狀況2,路面狀況3,道路障礙1,道路障礙2,號誌1,號誌2,車道劃分-分向,車道劃分-分道1,車道劃分-分道2,車道劃分-分道3,事故類型及型態,性別,年齡,受傷程度,主要傷處,安全帽,行動電話,車輛用途,當事者行動狀態,駕駛資格情形,駕駛執照種類,飲酒情形,車輛撞擊部位1,車輛撞擊部位2,肇因碼-個別,肇因碼-主要,個人肇逃否,職業,旅次目的,座標-X,座標-Y
111,6,22,17,10,2,01大同區,大同區忠孝橋往三重機車道,0,0,1,2,C03,8,1,7,50,14,11,1,5,4,5,7,4,4,9,4,5,1,13,1,57,3,10,1,1,7,9,1,10,1,13,,16,16,1,22,9,121.5075729,25.04872527
111,6,22,17,37,2,08士林區,士林區故宮路外雙溪故宮公車站,0,0,1,1,A02,8,1,5,50,14,9,1,5,4,5,7,4,4,3,5,5,1,9,1,47,3,10,1,1,7,14,1,2,1,2,,40,40,1,22,9,121.5468454,25.0973288
111,6,22,17,37,2,08士林區,士林區故宮路外雙溪故宮公車站,0,0,1,2,H02,8,1,5,50,14,9,1,5,4,5,7,4,4,3,5,5,1,9,2,6,2,9,1,1,7,19,8,20,10,16,,67,40,1,22,9,121.5468454,25.0973288
111,6,22,18,30,2,07信義區,信義區信安街186號,0,0,1,1,C03,7,3,5,50,14,20,1,5,4,5,7,4,4,9,5,5,2,17,1,28,3,10,1,1,7,9,1,10,1,11,,42,42,1,22,9,121.55533,25.02310451
111,6,22,18,30,2,07信義區,信義區信安街186號,0,0,1,2,A02,7,3,5,50,14,20,1,5,4,5,7,4,4,9,5,5,2,17,1,38,3,10,1,1,7,14,1,1,1,15,,38,42,1,22,9,121.55533,25.02310451
111,6,22,18,30,2,07信義區,信義區信安街186號,0,0,1,3,H02,7,3,5,50,14,20,1,5,4,5,7,4,4,9,5,5,2,17,2,66,2,7,4,5,7,19,8,20,10,16,,67,42,1,22,9,121.55533,25.02310451
111,6,22,19,18,2,04大安區,大安區敦化南路1段261號,0,0,2,1,C03,7,3,5,50,14,9,1,5,4,5,7,4,4,1,4,5,2,17,2,35,2,9,1,1,7,9,1,10,1,11,,43,43,1,22,9,121.5490709,25.03662652
111,6,22,19,18,2,04大安區,大安區敦化南路1段261號,0,0,2,2,C03,7,3,5,50,14,9,1,5,4,5,7,4,4,1,4,5,2,17,1,40,2,9,1,3,7,9,1,10,1,14,,43,43,1,22,9,121.5490709,25.03662652
111,6,22,19,18,2,04大安區,大安區敦化南路1段261號,0,0,2,3,B01,7,3,5,50,14,9,1,5,4,5,7,4,4,1,4,5,2,17,1,59,3,10,1,1,7,15,1,4,11,15,,43,43,1,22,9,121.5490709,25.03662652
111,6,22,19,22,2,05中正區,中正區濟南路1段與杭州南路1段口,0,0,1,1,B03,8,3,5,50,4,1,1,5,4,5,7,1,1,7,4,5,2,17,1,33,3,10,1,4,7,5,1,8,1,5,,8,8,1,22,9,121.5261159,25.04162027
111,6,22,19,22,2,05中正區,中正區濟南路1段與杭州南路1段口,0,0,1,2,C03,8,3,5,50,4,1,1,5,4,5,7,1,1,7,4,5,2,17,1,45,2,9,1,4,7,9,1,10,1,11,,44,8,1,22,9,121.5261159,25.04162027
111,6,22,20,34,2,07信義區,信義區光復南路419巷與無名巷口,0,0,3,1,C03,7,1,5,30,4,1,1,5,4,5,7,4,4,10,5,5,2,16,1,39,2,9,1,1,7,9,1,10,1,11,,6,6,1,22,9,121.558419,25.0365221
111,6,22,20,34,2,07信義區,信義區光復南路419巷與無名巷口,0,0,3,2,C03,7,1,5,30,4,1,1,5,4,5,7,4,4,10,5,5,2,16,1,47,2,9,1,1,7,9,1,10,1,12,,14,6,1,22,9,121.558419,25.0365221
111,6,22,20,34,2,07信義區,信義區光復南路419巷與無名巷口,0,0,3,3,H02,7,1,5,30,4,1,1,5,4,5,7,4,4,10,5,5,2,16,2,45,2,9,4,5,7,21,8,20,10,16,,67,6,1,22,9,121.558419,25.0365221
111,6,22,20,53,2,10文山區,文山區景文街與景文街103巷口,0,0,2,1,C03,8,3,5,50,3,1,1,5,4,5,7,4,4,5,5,4,2,3,1,21,3,10,1,1,7,9,1,10,2,11,,15,15,1,22,9,121.5411798,24.9908196
111,6,22,20,53,2,10文山區,文山區景文街與景文街103巷口,0,0,2,2,H01,8,3,5,50,3,1,1,5,4,5,7,4,4,5,5,4,2,3,2,22,2,9,4,5,8,18,8,20,10,16,,67,15,1,22,9,121.5411798,24.9908196
111,6,22,20,53,2,10文山區,文山區景文街與景文街103巷口,0,0,2,3,H01,8,3,5,50,3,1,1,5,4,5,7,4,4,5,5,4,2,3,2,22,2,8,4,5,8,18,8,20,10,16,,67,15,1,22,9,121.5411798,24.9908196
111,6,22,20,55,2,02萬華區,萬華區西園路1段與和平西路3段口,0,0,2,1,C03,7,3,5,50,5,1,1,5,4,5,7,1,1,1,3,5,1,16,1,29,2,9,3,4,7,6,1,10,1,11,,9,9,1,22,9,121.4993923,25.03514588
111,6,22,20,55,2,02萬華區,萬華區西園路1段與和平西路3段口,0,0,2,2,C03,7,3,5,50,5,1,1,5,4,5,7,1,1,1,3,5,1,16,1,65,2,9,3,4,7,9,1,10,1,11,,26,9,1,22,9,121.4993923,25.03514588
111,6,22,21,34,2,03中山區,中山區北安路與大直街口,0,0,1,1,B03,8,3,5,50,4,1,1,5,4,5,7,2,1,9,4,5,2,11,2,25,3,10,1,1,7,5,1,8,1,2,,8,8,1,5,5,121.5492746,25.08413088
111,6,22,21,34,2,03中山區,中山區北安路與大直街口,0,0,1,2,C03,8,3,5,50,4,1,1,5,4,5,7,2,1,9,4,5,2,11,2,20,2,9,1,1,7,9,1,10,1,11,,44,8,1,5,5,121.5492746,25.08413088
111,6,22,21,40,2,06松山區,松山區南京東路4段與南京東路4段158巷口,0,0,1,1,C03,8,3,5,30,3,1,1,5,4,5,7,4,4,10,5,5,2,17,1,42,3,10,1,1,7,6,1,10,2,15,,26,26,2,22,9,121.5563821,25.05137076
111,6,22,21,40,2,06松山區,松山區南京東路4段與南京東路4段158巷口,0,0,1,2,F01,8,3,5,30,3,1,1,5,4,5,7,4,4,10,5,5,2,17,2,50,2,8,1,1,7,9,8,20,2,16,,23,26,1,22,9,121.5563821,25.05137076
111,6,22,22,47,2,03中山區,中山區長春路與新生北路2段口,0,0,1,1,C03,7,3,5,40,5,2,1,5,4,5,7,1,1,9,4,5,1,17,1,33,3,10,1,1,7,1,1,10,9,15,,19,19,1,22,9,121.5272317,25.05498709
111,6,22,22,47,2,03中山區,中山區長春路與新生北路2段口,0,0,1,2,C04,7,3,5,40,5,2,1,5,4,5,7,1,1,9,4,5,1,17,1,33,2,9,1,1,7,9,1,10,9,14,,44,19,1,22,9,121.5272317,25.05498709
111,6,22,23,36,2,06松山區,松山區民權東路5段16號,0,0,1,1,C03,8,3,5,50,14,9,1,5,4,5,7,2,1,1,4,5,2,13,1,17,2,9,3,4,7,9,2,18,1,11,,23,23,1,22,9,121.5636788,25.06284768
111,6,22,23,36,2,06松山區,松山區民權東路5段16號,0,0,1,2,B03,8,3,5,50,14,9,1,5,4,5,7,2,1,1,4,5,2,13,1,31,3,10,3,4,7,7,1,8,1,7,,7,23,1,22,9,121.5636788,25.06284768
111,6,23,0,2,2,04大安區,大安區文昌街與文昌街278巷口,0,0,1,1,C03,8,3,5,30,4,1,1,5,4,5,7,4,4,10,5,5,2,15,2,23,2,2,1,1,7,9,1,10,1,11,,6,6,1,22,9,121.5565871,25.0321931
111,6,23,0,2,2,04大安區,大安區文昌街與文昌街278巷口,0,0,1,2,B01,8,3,5,30,4,1,1,5,4,5,7,4,4,10,5,5,2,15,1,61,3,10,1,1,7,9,1,4,1,8,,23,6,1,22,9,121.5565871,25.0321931
111,6,23,0,7,2,02萬華區,萬華區昆明街214號,0,0,1,1,B01,8,3,5,50,14,9,1,5,4,5,7,4,4,10,4,5,2,17,1,64,3,10,1,1,7,8,1,4,1,15,,7,7,1,22,9,121.5042795,25.0406497
111,6,23,0,7,2,02萬華區,萬華區昆明街214號,0,0,1,2,C03,8,3,5,50,14,9,1,5,4,5,7,4,4,10,4,5,2,17,1,35,2,9,1,1,7,9,1,10,1,15,,42,7,1,22,9,121.5042795,25.0406497
111,6,23,0,11,2,03中山區,中山區北安路與大直街口口,0,0,2,1,C03,8,3,5,50,5,1,1,5,4,5,7,1,1,1,4,5,2,16,2,24,2,9,1,4,7,5,1,10,1,11,,8,8,1,22,9,121.547458,25.0799737
111,6,23,0,11,2,03中山區,中山區北安路與大直街口口,0,0,2,2,C03,8,3,5,50,5,1,1,5,4,5,7,1,1,1,4,5,2,16,1,28,2,9,1,2,7,9,1,10,1,14,,13,8,1,22,9,121.547458,25.0799737
111,6,23,0,48,2,05中正區,中正區羅斯福路4段與基隆路4段口,0,0,2,1,C03,8,3,5,50,5,1,1,5,4,5,7,1,1,10,4,5,2,12,1,19,2,9,1,1,7,5,1,10,1,14,,8,8,1,22,9,121.5369015,25.0112436
111,6,23,0,48,2,05中正區,中正區羅斯福路4段與基隆路4段口,0,0,2,2,C03,8,3,5,50,5,1,1,5,4,5,7,1,1,10,4,5,2,12,2,18,2,9,1,1,7,9,1,10,1,12,,13,8,1,22,9,121.5369015,25.0112436
111,6,23,6,26,2,02萬華區,萬華區德昌街67巷與德昌街口,0,0,2,2,C03,8,1,5,30,4,1,1,5,4,5,7,4,4,10,5,5,1,17,1,26,2,2,1,1,7,9,1,10,1,12,,23,8,1,22,9,121.492203,25.02301703
111,6,23,6,26,2,02萬華區,萬華區德昌街67巷與德昌街口,0,0,2,1,C03,8,1,5,30,4,1,1,5,4,5,7,4,4,10,5,5,1,17,2,49,2,9,1,1,7,5,1,10,1,14,,8,8,1,22,9,121.492203,25.02301703
111,6,23,6,54,2,12內湖區,內湖區民權東路6段與行愛路口,0,0,1,1,B01,8,1,5,50,4,1,1,5,4,5,7,2,1,1,4,5,2,16,1,69,3,10,1,1,7,9,1,4,2,4,,25,25,1,22,9,121.5785172,25.066696
111,6,23,6,54,2,12內湖區,內湖區民權東路6段與行愛路口,0,0,1,2,C03,8,1,5,50,4,1,1,5,4,5,7,2,1,1,4,5,2,16,1,27,2,9,1,1,7,9,1,10,1,12,,44,25,1,22,9,121.5785172,25.066696
111,6,23,7,17,2,04大安區,大安區敦化南路2段與和平東路3段口,0,0,1,1,C03,8,1,5,50,4,4,1,5,4,5,7,2,1,1,4,5,2,12,1,23,2,9,1,1,7,9,1,10,9,11,,23,23,1,22,9,121.5491503,25.0246098
111,6,23,7,17,2,04大安區,大安區敦化南路2段與和平東路3段口,0,0,1,2,C03,8,1,5,50,4,4,1,5,4,5,7,2,1,1,4,5,2,12,2,55,3,10,1,1,7,14,1,10,9,13,,44,23,1,22,9,121.5491503,25.0246098
111,6,23,7,40,2,12內湖區,內湖區成美橋與潭美街口橋下,0,0,3,1,C03,8,1,5,40,3,2,1,5,4,5,7,2,1,5,5,5,2,13,1,52,2,1,1,1,7,9,1,10,1,11,,16,16,1,22,9,121.5824601,25.05475383
111,6,23,7,40,2,12內湖區,內湖區成美橋與潭美街口橋下,0,0,3,2,C03,8,1,5,40,3,2,1,5,4,5,7,2,1,5,5,5,2,13,2,47,2,9,1,1,7,14,1,10,1,13,,44,16,1,22,9,121.5824601,25.05475383
111,6,23,7,40,2,12內湖區,內湖區成美橋與潭美街口橋下,0,0,3,3,H02,8,1,5,40,3,2,1,5,4,5,7,2,1,5,5,5,2,13,2,46,2,9,4,5,7,20,8,20,10,16,,67,16,1,22,9,121.5824601,25.05475383
111,6,23,7,55,2,01大同區,大同區承德路2段與平陽街口,0,0,1,1,C03,8,1,5,50,14,9,1,5,4,5,7,4,4,9,4,5,1,13,1,22,2,9,1,1,7,9,1,10,1,11,,41,41,1,22,9,121.5180945,25.05442702
111,6,23,7,55,2,01大同區,大同區承德路2段與平陽街口,0,0,1,2,B01,8,1,5,50,14,9,1,5,4,5,7,4,4,9,4,5,1,13,1,58,3,10,1,1,7,7,1,8,1,7,,7,41,1,22,9,121.5180945,25.05442702
111,6,23,8,5,2,10文山區,文山區木新路3段243巷3弄與木新路3段243巷口前,0,0,1,1,B03,8,1,5,30,4,1,1,5,4,5,7,4,4,10,5,5,2,17,2,55,3,10,1,1,7,6,1,8,1,2,,9,9,1,22,9,121.5589178,24.9805505
111,6,23,8,5,2,10文山區,文山區木新路3段243巷3弄與木新路3段243巷口前,0,0,1,2,C03,8,1,5,30,4,1,1,5,4,5,7,4,4,10,5,5,2,17,2,45,2,8,1,1,7,9,1,10,1,11,,14,9,1,22,9,121.5589178,24.9805505
111,6,23,8,22,2,08士林區,士林區延平北路5段1巷4號,0,0,1,1,C03,8,1,5,30,14,9,1,5,4,5,7,4,4,10,5,5,1,17,1,19,2,8,1,1,7,9,1,10,1,11,,23,23,1,22,9,121.5111076,25.07897189
111,6,23,8,22,2,08士林區,士林區延平北路5段1巷4號,0,0,1,2,B03,8,1,5,30,14,9,1,5,4,5,7,4,4,10,5,5,1,17,1,41,3,10,1,1,7,14,1,8,1,8,,44,23,1,22,9,121.5111076,25.07897189
111,6,23,8,30,2,09北投區,北投區登山路70號燈桿,0,0,2,1,C03,8,1,5,40,14,9,1,5,4,5,7,4,4,5,4,5,2,18,2,58,2,9,1,1,7,9,1,10,11,15,,42,42,1,22,9,121.5116125,25.14740881
111,6,23,8,30,2,09北投區,北投區登山路70號燈桿,0,0,2,2,,8,1,5,40,14,9,1,5,4,5,7,4,4,5,4,5,2,18,3,,,,,,,,,,,,,67,42,1,,,121.5116125,25.14740881
111,6,23,8,30,2,09北投區,北投區登山路70號燈桿,0,0,2,3,H02,8,1,5,40,14,9,1,5,4,5,7,4,4,5,4,5,2,18,2,72,2,9,1,5,7,20,8,20,10,16,,67,42,1,22,9,121.5116125,25.14740881
111,6,23,8,32,2,02萬華區,萬華區寶興街140巷17弄與寶興街140巷口,0,0,2,1,C03,8,1,5,30,4,2,1,5,4,5,7,4,4,10,5,5,1,17,1,30,2,7,3,4,7,9,1,10,2,11,,6,6,1,22,9,121.4943266,25.02431435
111,6,23,8,32,2,02萬華區,萬華區寶興街140巷17弄與寶興街140巷口,0,0,2,2,C03,8,1,5,30,4,2,1,5,4,5,7,4,4,10,5,5,1,17,2,72,2,9,3,4,7,9,1,10,2,11,,23,6,1,22,9,121.4943266,25.02431435
111,6,23,8,45,2,03中山區,中山區內湖路1段32巷與內湖路1段口,0,0,1,1,C03,8,1,5,50,3,1,1,5,4,5,7,4,4,1,4,5,2,16,1,24,3,10,1,1,7,6,1,10,1,12,,9,9,1,22,9,121.5594649,25.08476498
111,6,23,8,45,2,03中山區,中山區內湖路1段32巷與內湖路1段口,0,0,1,2,C03,8,1,5,50,3,1,1,5,4,5,7,4,4,1,4,5,2,16,2,29,2,9,1,1,7,9,1,10,1,11,,14,9,1,22,9,121.5594649,25.08476498
111,6,23,8,51,2,09北投區,北投區行義路B6564AD82電線桿,0,0,1,1,C03,8,1,5,40,11,9,1,5,4,5,7,4,4,9,4,5,2,19,1,24,2,9,1,1,7,9,1,10,2,11,,43,43,1,22,9,121.5251396,25.14608331
111,6,23,8,51,2,09北投區,北投區行義路B6564AD82電線桿,0,0,1,2,,8,1,5,40,11,9,1,5,4,5,7,4,4,9,4,5,2,19,3,,,,,,,,,,,,,67,43,1,,,121.5251396,25.14608331
111,6,23,9,25,2,12內湖區,內湖區麥帥一橋機車道東向西,0,0,1,1,C03,8,1,5,50,14,9,1,5,4,5,7,4,4,1,4,5,2,12,1,27,3,10,1,1,7,9,1,9,1,13,,17,17,1,22,9,121.5725767,25.05257471
111,6,23,9,25,2,12內湖區,內湖區麥帥一橋機車道東向西,0,0,1,2,C03,8,1,5,50,14,9,1,5,4,5,7,4,4,1,4,5,2,12,2,25,2,9,1,1,7,9,1,10,1,13,,44,17,1,22,9,121.5725767,25.05257471
111,6,23,9,39,2,07信義區,信義區莊敬路196號,0,0,1,1,B03,8,1,5,50,14,7,1,5,4,5,7,4,4,5,4,4,1,12,1,39,3,10,1,1,7,10,1,8,2,2,,26,26,1,22,9,121.5613534,25.0306094
111,6,23,9,39,2,07信義區,信義區莊敬路196號,0,0,1,2,B03,8,1,5,50,14,7,1,5,4,5,7,4,4,5,4,4,1,12,1,43,2,1,1,1,7,9,1,8,2,8,,44,26,1,22,9,121.5613534,25.0306094
111,6,23,9,50,2,03中山區,中山區北安路與大直街口,0,0,1,1,B03,8,1,5,50,4,2,1,5,4,5,7,1,1,5,5,5,2,2,1,52,3,10,1,1,7,5,1,8,1,8,1,15,15,1,22,9,121.5492929,25.08416805
111,6,23,9,50,2,03中山區,中山區北安路與大直街口,0,0,1,2,H01,8,1,5,50,4,2,1,5,4,5,7,1,1,5,5,5,2,2,2,60,2,9,4,5,8,16,8,20,10,15,,67,15,1,22,9,121.5492929,25.08416805
111,6,23,10,16,2,03中山區,中山區民生東路1段70號前27停車格,0,0,2,1,C03,8,1,5,50,14,9,1,5,4,5,7,4,4,5,4,5,2,13,2,31,2,9,1,1,7,9,1,10,1,11,,16,16,1,22,9,121.5260323,25.0580086
111,6,23,10,16,2,03中山區,中山區民生東路1段70號前27停車格,0,0,2,2,C03,8,1,5,50,14,9,1,5,4,5,7,4,4,5,4,5,2,13,1,51,2,9,1,1,7,9,1,10,1,13,,44,16,1,22,9,121.5260323,25.0580086
111,6,23,10,35,2,03中山區,中山區復興北路212號,0,0,1,1,C03,8,1,5,50,14,9,1,5,4,5,7,4,4,1,4,5,2,16,2,53,2,9,1,1,7,1,1,10,1,11,,19,19,1,22,9,121.5440717,25.05652531
111,6,23,10,35,2,03中山區,中山區復興北路212號,0,0,1,2,B01,8,1,5,50,14,9,1,5,4,5,7,4,4,1,4,5,2,16,1,44,3,10,1,1,7,9,1,4,1,2,,44,19,1,22,9,121.5440717,25.05652531
111,6,23,11,0,2,03中山區,中山區新生北路1段與市民大道2段口,0,0,1,1,B12,8,1,5,50,4,1,1,5,4,5,7,2,1,1,5,5,2,16,1,59,3,10,3,4,7,6,1,8,1,2,,9,9,1,22,9,121.530642,25.0461082
111,6,23,11,0,2,03中山區,中山區新生北路1段與市民大道2段口,0,0,1,2,C03,8,1,5,50,4,1,1,5,4,5,7,2,1,1,5,5,2,16,2,51,2,9,3,4,7,9,1,10,1,14,,44,9,1,22,9,121.530642,25.0461082
111,6,23,11,0,2,04大安區,大安區仁愛路3段118巷與仁愛路3段口,0,0,1,1,C03,8,1,5,50,4,1,1,5,4,5,7,2,1,10,5,5,2,15,1,57,2,9,1,4,7,9,1,10,1,11,,25,25,1,22,9,121.5398038,25.03809339
111,6,23,11,0,2,04大安區,大安區仁愛路3段118巷與仁愛路3段口,0,0,1,2,B01,8,1,5,50,4,1,1,5,4,5,7,2,1,10,5,5,2,15,1,61,3,10,3,4,7,9,1,2,1,5,,44,25,1,22,9,121.5398038,25.03809339
111,6,23,11,15,2,12內湖區,內湖區康寧路3段與康寧路3段265巷口,0,0,1,1,C03,8,1,5,50,3,1,1,5,4,5,7,4,4,1,4,5,1,16,2,41,3,10,1,1,7,6,1,10,1,12,,9,9,1,22,9,121.6111649,25.06645695
111,6,23,11,15,2,12內湖區,內湖區康寧路3段與康寧路3段265巷口,0,0,1,2,C03,8,1,5,50,3,1,1,5,4,5,7,4,4,1,4,5,1,16,1,51,2,9,1,1,7,9,1,10,1,14,,44,9,1,22,9,121.6111649,25.06645695
111,6,23,11,30,2,12內湖區,內湖區麥帥一橋機慢車道,0,0,1,1,C03,8,1,5,40,8,11,1,5,4,5,7,4,4,1,4,1,2,17,1,31,2,9,1,1,7,9,1,10,1,12,,43,43,1,22,9,121.5726789,25.05225617
111,6,23,11,30,2,12內湖區,內湖區麥帥一橋機慢車道,0,0,1,2,,8,1,5,40,8,11,1,5,4,5,7,4,4,1,4,1,2,17,4,,4,11,3,4,7,15,7,19,11,15,,43,43,2,22,9,121.5726789,25.05225617
111,6,23,11,30,2,07信義區,信義區松信路與虎林街120巷口,0,0,1,1,F02,8,1,5,30,4,1,1,5,4,5,7,1,1,9,4,5,2,12,2,38,2,9,1,1,7,5,8,20,1,16,,8,8,1,22,9,121.572033,25.0422505
111,6,23,11,30,2,07信義區,信義區松信路與虎林街120巷口,0,0,1,2,C03,8,1,5,30,4,1,1,5,4,5,7,1,1,9,4,5,2,12,1,24,3,10,1,1,7,9,1,10,1,12,,44,8,1,22,9,121.572033,25.0422505
111,6,23,11,40,2,11南港區,南港區南港路3段68號,0,0,2,2,C03,8,1,5,50,14,9,1,5,4,5,7,4,4,5,3,5,2,16,1,47,2,9,1,1,7,9,1,10,1,14,,43,43,1,22,9,121.5913579,25.0539667
111,6,23,11,40,2,11南港區,南港區南港路3段68號,0,0,2,1,C03,8,1,5,50,14,9,1,5,4,5,7,4,4,5,3,5,2,16,1,30,2,9,1,1,7,9,1,10,1,11,,43,43,1,22,9,121.5913579,25.0539667
111,6,23,11,41,2,11南港區,南港區忠孝東路6段與向陽路口,0,0,1,1,C03,8,1,5,50,5,1,1,5,4,5,7,2,1,1,3,5,2,13,1,58,3,10,1,1,7,9,1,10,1,11,,23,23,1,22,9,121.5955487,25.0507431
111,6,23,11,41,2,11南港區,南港區忠孝東路6段與向陽路口,0,0,1,3,C03,8,1,5,50,5,1,1,5,4,5,7,2,1,1,3,5,2,13,1,18,3,10,1,1,7,9,1,10,1,13,,44,23,1,22,9,121.5955487,25.0507431
111,6,23,11,41,2,11南港區,南港區忠孝東路6段與向陽路口,0,0,1,2,C03,8,1,5,50,5,1,1,5,4,5,7,2,1,1,3,5,2,13,1,61,2,8,1,1,7,9,1,10,1,13,,44,23,1,22,9,121.5955487,25.0507431
111,6,23,12,17,2,03中山區,中山區合江街與錦州街口,0,0,1,1,B01,8,1,5,50,4,1,1,5,4,5,7,2,1,4,5,5,1,13,1,66,3,10,3,4,7,9,1,4,1,1,,23,23,1,22,9,121.5392556,25.06005928
111,6,23,12,17,2,03中山區,中山區合江街與錦州街口,0,0,1,2,C03,8,1,5,50,4,1,1,5,4,5,7,2,1,4,5,5,1,13,2,38,2,7,3,4,7,14,1,10,1,13,,44,23,1,22,9,121.5392556,25.06005928
111,6,23,12,20,2,09北投區,北投區中央北路2段與中央北路2段320巷口,0,0,1,1,B03,8,1,5,50,3,1,1,5,4,5,7,2,1,5,4,5,1,13,1,70,3,10,1,1,7,1,6,18,1,5,,23,23,1,22,9,121.4897503,25.13851165
111,6,23,12,20,2,09北投區,北投區中央北路2段與中央北路2段320巷口,0,0,1,2,C03,8,1,5,50,3,1,1,5,4,5,7,2,1,5,4,5,1,13,1,35,2,9,1,1,7,14,1,10,1,14,,38,23,1,22,9,121.4897503,25.13851165
111,6,23,12,51,2,10文山區,文山區秀明路2段5號,0,0,1,1,C03,8,1,5,50,15,9,1,5,4,5,7,4,4,5,4,5,2,18,1,47,2,9,1,4,7,9,1,10,2,14,,42,42,1,22,9,121.574478,24.99176117
111,6,23,12,51,2,10文山區,文山區秀明路2段5號,0,0,1,2,,8,1,5,50,15,9,1,5,4,5,7,4,4,5,4,5,2,18,3,,,,,,,,,,,,,67,42,1,,,121.574478,24.99176117
111,6,23,13,15,2,03中山區,中山區民權東路3段2號,0,0,1,1,B12,8,1,5,50,14,9,1,5,4,5,7,4,4,1,4,5,2,16,1,60,3,10,3,4,7,8,1,8,1,2,,7,7,1,22,9,121.5376557,25.0622766
111,6,23,13,15,2,03中山區,中山區民權東路3段2號,0,0,1,2,C03,8,1,5,50,14,9,1,5,4,5,7,4,4,1,4,5,2,16,2,33,2,9,3,4,7,9,1,10,1,14,,44,7,1,22,9,121.5376557,25.0622766
111,6,23,13,22,2,04大安區,大安區敦化南路2段269號前,0,0,1,1,C03,8,1,5,50,14,9,1,5,4,1,7,4,4,8,3,5,1,29,1,49,4,11,3,4,7,15,7,19,11,15,,43,43,2,22,9,121.5489812,25.02515202
111,6,23,13,22,2,04大安區,大安區敦化南路2段269號前,0,0,1,2,C03,8,1,5,50,14,9,1,5,4,1,7,4,4,8,3,5,1,29,1,26,2,9,1,1,7,15,1,10,1,15,,43,43,1,5,1,121.5489812,25.02515202
111,6,23,13,45,2,08士林區,士林區中山北路5段北往南過劍潭路,0,0,2,1,B03,8,1,5,50,14,9,1,5,4,5,7,4,4,3,3,5,2,11,2,47,3,10,3,4,7,8,1,8,2,2,,7,7,1,22,9,121.5253946,25.08375569
111,6,23,13,45,2,08士林區,士林區中山北路5段北往南過劍潭路,0,0,2,2,C03,8,1,5,50,14,9,1,5,4,5,7,4,4,3,3,5,2,11,1,20,2,9,1,1,7,9,1,10,2,14,,23,7,1,22,9,121.5253946,25.08375569
111,6,23,13,45,2,08士林區,士林區中山北路5段北往南過劍潭路,0,0,2,3,H02,8,1,5,50,14,9,1,5,4,5,7,4,4,3,3,5,2,11,2,19,2,9,1,5,7,20,8,20,10,16,,67,7,1,22,9,121.5253946,25.08375569
111,6,23,13,45,2,08士林區,士林區中山北路5段北往南過劍潭路,0,0,2,4,C03,8,1,5,50,14,9,1,5,4,5,7,4,4,3,3,5,2,11,2,38,3,10,3,4,7,13,7,19,11,11,,44,7,1,22,9,121.5253946,25.08375569
111,6,23,13,45,2,08士林區,士林區中山北路5段北往南過劍潭路,0,0,2,5,C03,8,1,5,50,14,9,1,5,4,5,7,4,4,3,3,5,2,11,2,56,3,10,3,4,7,13,7,19,11,11,,44,7,1,22,9,121.5253946,25.08375569
111,6,23,13,45,2,08士林區,士林區中山北路5段北往南過劍潭路,0,0,2,6,C03,8,1,5,50,14,9,1,5,4,5,7,4,4,3,3,5,2,11,2,51,3,10,3,4,7,13,7,19,11,11,,44,7,1,22,9,121.5253946,25.08375569
111,6,23,13,45,2,08士林區,士林區中山北路5段北往南過劍潭路,0,0,2,7,C03,8,1,5,50,14,9,1,5,4,5,7,4,4,3,3,5,2,11,1,49,3,10,3,4,7,13,7,19,11,15,,44,7,1,22,9,121.5253946,25.08375569
111,6,23,13,46,2,11南港區,南港區重陽路57巷與向陽路258巷口,0,0,1,1,C03,8,1,5,40,4,1,1,5,4,5,7,2,1,4,5,5,2,16,1,19,2,9,1,1,7,4,1,10,1,12,,1,1,1,22,9,121.5957052,25.0583429
111,6,23,13,46,2,11南港區,南港區重陽路57巷與向陽路258巷口,0,0,1,2,B12,8,1,5,40,4,1,1,5,4,5,7,2,1,4,5,5,2,16,1,66,3,10,1,1,7,5,1,2,1,4,,44,1,1,22,9,121.5957052,25.0583429
111,6,23,14,2,2,07信義區,信義區基隆路2段155號前,0,0,1,1,C03,8,1,5,50,14,9,1,5,4,5,7,2,1,3,4,5,2,13,1,50,2,8,1,1,7,9,1,10,1,11,,23,23,1,22,9,121.5542439,25.0258043
111,6,23,14,2,2,07信義區,信義區基隆路2段155號前,0,0,1,2,B01,8,1,5,50,14,9,1,5,4,5,7,2,1,3,4,5,2,13,1,67,3,10,1,1,7,9,1,8,1,7,,44,23,1,22,9,121.5542439,25.0258043
111,6,23,14,12,2,04大安區,大安區建國高架道,0,0,1,1,B12,8,1,5,40,10,16,1,5,4,5,7,4,4,8,3,5,1,12,1,25,3,10,1,1,7,12,1,8,1,8,,23,23,1,21,5,121.536605,25.04449389
111,6,23,14,12,2,04大安區,大安區建國高架道,0,0,1,2,B02,8,1,5,40,10,16,1,5,4,5,7,4,4,8,3,5,1,12,2,52,2,2,1,1,7,12,1,8,1,6,,44,23,1,1,3,121.536605,25.04449389
111,6,23,14,16,2,05中正區,中正區仁愛路1段53巷與杭州南路1段18巷口,0,0,1,2,C03,8,1,5,30,4,1,1,5,4,5,7,4,4,10,4,5,2,17,1,36,2,9,1,4,7,9,1,10,1,11,,13,6,1,22,9,121.5246426,25.03892775