發生年度,發生月,發生日,發生時-Hours,發生分,處理別-編號,區序,肇事地點,死亡人數,2-30日死亡人數,受傷人數,當事人序號,車種,天候,光線,道路類別,速限-速度限制,道路型態,事故位置,路面狀況1,路面狀況2,路面狀況3,道路障礙1,道路障礙2,號誌1,號誌2,車道劃分-分向,車道劃分-分道1,車道劃分-分道2,車道劃分-分道3,事故類型及型態,性別,年齡,受傷程度,主要傷處,安全帽,行動電話,車輛用途,當事者行動狀態,駕駛資格情形,駕駛執照種類,飲酒情形,車輛撞擊部位1,車輛撞擊部位2,肇因碼-個別,肇因碼-主要,個人肇逃否,職業,旅次目的,座標-X,座標-Y
111,6,23,14,16,2,05中正區,中正區仁愛路1段53巷與杭州南路1段18巷口,0,0,1,1,B03,8,1,5,30,4,1,1,5,4,5,7,4,4,10,4,5,2,17,2,51,3,10,1,4,7,9,1,8,1,8,,6,6,1,22,9,121.5246426,25.03892775
111,6,23,14,23,2,05中正區,中正區濟南路2段8巷與濟南路2段口口,0,0,1,1,B01,7,1,5,50,4,1,1,5,4,5,7,4,4,9,4,5,1,16,1,60,3,10,1,1,7,1,1,4,1,1,,43,43,1,21,1,121.5269971,25.04134273
111,6,23,14,23,2,05中正區,中正區濟南路2段8巷與濟南路2段口口,0,0,1,2,C03,7,1,5,50,4,1,1,5,4,5,7,4,4,9,4,5,1,16,1,20,2,8,1,1,7,6,1,10,1,15,,43,43,1,21,5,121.5269971,25.04134273
111,6,23,14,35,2,06松山區,松山區光復北路與延壽街口,0,0,1,1,B02,8,1,5,50,4,1,1,5,4,5,7,2,1,9,3,5,2,9,2,41,3,10,1,1,7,5,1,8,1,8,,15,15,1,22,9,121.5556037,25.0562387
111,6,23,14,35,2,06松山區,松山區光復北路與延壽街口,0,0,1,2,H01,8,1,5,50,4,1,1,5,4,5,7,2,1,9,3,5,2,9,2,44,2,9,4,5,8,16,8,20,10,16,,67,15,1,22,9,121.5556037,25.0562387
111,6,23,14,40,2,12內湖區,內湖區安康路22巷與安康路32巷24弄口,0,0,1,1,B03,8,1,5,30,3,1,1,5,4,5,7,4,4,5,5,5,1,16,1,43,3,10,1,1,7,5,1,8,1,7,,8,8,1,22,9,121.5936986,25.0618305
111,6,23,14,40,2,12內湖區,內湖區安康路22巷與安康路32巷24弄口,0,0,1,2,C03,8,1,5,30,3,1,1,5,4,5,7,4,4,5,5,5,1,16,1,24,2,9,1,1,7,9,1,10,1,12,,13,8,1,22,9,121.5936986,25.0618305
111,6,23,14,47,2,01大同區,大同區重慶北路3段與哈密街口,0,0,1,1,C03,7,1,5,30,4,2,1,5,4,5,7,2,1,10,4,5,2,12,1,38,2,9,3,4,7,10,1,10,1,14,,7,7,1,22,9,121.5136725,25.07288803
111,6,23,14,47,2,01大同區,大同區重慶北路3段與哈密街口,0,0,1,2,C02,7,1,5,30,4,2,1,5,4,5,7,2,1,10,4,5,2,12,1,37,3,10,3,4,7,9,1,9,1,12,,44,7,1,22,9,121.5136725,25.07288803
111,6,23,14,47,2,01大同區,大同區重慶北路3段與哈密街口,0,0,1,3,B03,7,1,5,30,4,2,1,5,4,5,7,2,1,10,4,5,2,12,3,,,,,,,,,,,,,67,7,1,,,121.5136725,25.07288803
111,6,23,16,44,2,04大安區,大安區基隆路2段246號,0,0,1,1,C03,7,1,5,50,14,9,1,5,4,5,7,4,4,1,4,5,2,29,2,39,2,8,1,1,7,9,1,10,1,12,,22,22,1,22,9,121.5504669,25.02267249
111,6,23,16,44,2,04大安區,大安區基隆路2段246號,0,0,1,2,H03,7,1,5,50,14,9,1,5,4,5,7,4,4,1,4,5,2,29,3,,,,,,,,,,,,,67,22,1,,,121.5504669,25.02267249
111,6,23,16,52,2,12內湖區,內湖區內湖路1段與內湖路1段91巷口,0,0,1,1,C03,8,1,5,50,4,1,1,5,4,5,7,2,1,1,4,1,2,12,2,19,2,7,1,1,7,7,1,10,1,13,,7,7,1,22,9,121.560431,25.08462982
111,6,23,16,52,2,12內湖區,內湖區內湖路1段與內湖路1段91巷口,0,0,1,2,B03,8,1,5,50,4,1,1,5,4,5,7,2,1,1,4,1,2,12,2,41,3,10,1,1,7,9,1,8,1,1,,44,7,1,22,9,121.560431,25.08462982
111,6,23,17,5,2,05中正區,中正區臨沂街與臨沂街19巷口,0,0,1,1,C03,6,1,5,30,4,1,1,4,4,5,7,4,4,10,5,5,2,15,1,22,2,8,1,1,7,9,1,10,1,11,,6,6,1,18,2,121.5305022,25.0419808
111,6,23,17,5,2,05中正區,中正區臨沂街與臨沂街19巷口,0,0,1,2,B03,6,1,5,30,4,1,1,4,4,5,7,4,4,10,5,5,2,15,1,34,3,10,1,1,7,9,1,8,1,5,,44,6,1,22,3,121.5305022,25.0419808
111,6,23,17,8,2,01大同區,大同區延平北路2段與延平北路2段272巷口,0,0,1,1,B03,6,1,5,50,3,2,1,4,4,5,7,2,1,4,4,5,2,17,1,51,3,10,3,4,7,8,1,8,1,15,,7,7,1,22,9,121.5112685,25.06212804
111,6,23,17,8,2,01大同區,大同區延平北路2段與延平北路2段272巷口,0,0,1,2,C03,6,1,5,50,3,2,1,4,4,5,7,2,1,4,4,5,2,17,2,64,2,9,3,4,7,9,1,10,1,14,,23,7,1,22,9,121.5112685,25.06212804
111,6,23,17,30,2,03中山區,中山區民權東路2段與民權東路2段135巷口,0,0,1,1,B03,7,1,5,50,4,2,1,4,4,5,7,1,1,1,4,5,2,17,2,55,3,10,1,1,7,6,1,8,1,15,,9,9,1,22,9,121.5349836,25.0625759
111,6,23,17,30,2,03中山區,中山區民權東路2段與民權東路2段135巷口,0,0,1,2,C03,7,1,5,50,4,2,1,4,4,5,7,1,1,1,4,5,2,17,1,27,2,9,1,1,7,9,1,10,1,15,,13,9,1,22,9,121.5349836,25.0625759
111,6,23,17,51,2,03中山區,中山區建國北路2段與合江街36巷口,0,0,1,1,C03,8,1,5,50,4,1,1,5,4,5,7,4,4,1,4,5,2,12,1,21,2,9,3,4,7,5,1,10,1,13,,8,8,1,18,9,121.5370955,25.05553797
111,6,23,17,51,2,03中山區,中山區建國北路2段與合江街36巷口,0,0,1,2,B01,8,1,5,50,4,1,1,5,4,5,7,4,4,1,4,5,2,12,1,43,3,10,3,4,7,9,1,4,1,5,,23,8,1,10,9,121.5370955,25.05553797
111,6,23,17,58,2,04大安區,大安區和平東路3段與基隆路2段口,0,0,1,1,B03,7,1,5,50,5,1,1,4,4,5,7,4,4,1,5,5,2,17,1,54,3,10,1,1,7,6,1,8,2,5,,9,9,1,22,9,121.552259,25.02400225
111,6,23,17,58,2,04大安區,大安區和平東路3段與基隆路2段口,0,0,1,2,C03,7,1,5,50,5,1,1,4,4,5,7,4,4,1,5,5,2,17,2,22,2,9,1,1,7,9,1,10,2,15,,13,9,1,22,9,121.552259,25.02400225
111,6,23,18,24,2,03中山區,中山區民生東路3段61號與遼寧街口台北大學 門口,0,0,2,1,B01,8,2,5,50,4,2,1,5,4,5,7,1,1,1,4,4,2,21,1,69,2,4,3,4,7,9,1,4,1,5,,44,44,1,22,9,121.5413981,25.05800777
111,6,23,18,24,2,03中山區,中山區民生東路3段61號與遼寧街口台北大學 門口,0,0,2,2,,8,2,5,50,4,2,1,5,4,5,7,1,1,1,4,4,2,21,3,,,,,,,,,,,,,67,44,1,,,121.5413981,25.05800777
111,6,23,18,24,2,03中山區,中山區民生東路3段61號與遼寧街口台北大學 門口,0,0,2,3,H02,8,2,5,50,4,2,1,5,4,5,7,1,1,1,4,4,2,21,1,69,2,5,4,5,7,20,8,20,10,16,,67,44,1,22,9,121.5413981,25.05800777
111,6,23,18,25,2,04大安區,大安區辛亥路1段與溫州街48巷口口,0,0,1,1,B03,8,1,5,50,4,1,1,5,4,5,7,2,1,6,3,4,1,17,1,49,4,11,3,4,7,8,7,19,9,15,,7,7,2,22,9,121.5331074,25.02224146
111,6,23,18,25,2,04大安區,大安區辛亥路1段與溫州街48巷口口,0,0,1,2,C03,8,1,5,50,4,1,1,5,4,5,7,2,1,6,3,4,1,17,2,38,2,9,3,4,7,9,1,10,2,14,,14,7,1,22,9,121.5331074,25.02224146
111,6,23,18,35,2,12內湖區,內湖區內湖路1段597號,0,0,1,1,B03,8,3,5,40,14,8,1,5,4,5,7,4,4,1,4,4,2,13,1,44,3,10,1,1,7,1,1,8,1,7,,19,19,1,22,9,121.5735666,25.08073455
111,6,23,18,35,2,12內湖區,內湖區內湖路1段597號,0,0,1,2,C03,8,3,5,40,14,8,1,5,4,5,7,4,4,1,4,4,2,13,2,46,2,8,1,1,7,9,1,10,1,13,,44,19,1,22,9,121.5735666,25.08073455
111,6,23,18,35,2,12內湖區,內湖區內湖路1段597號,0,0,1,3,C03,8,3,5,40,14,8,1,5,4,5,7,4,4,1,4,4,2,13,1,27,3,10,1,1,7,9,1,10,1,11,,16,19,1,22,9,121.5735666,25.08073455
111,6,23,18,43,2,11南港區,南港區市民大道8段與向陽路口,0,0,1,1,B03,8,3,5,50,4,1,1,5,4,5,6,2,1,5,2,5,2,17,2,51,3,10,1,4,7,5,1,8,2,2,,8,8,1,22,9,121.595437,25.0514615
111,6,23,18,43,2,11南港區,南港區市民大道8段與向陽路口,0,0,1,2,C03,8,3,5,50,4,1,1,5,4,5,6,2,1,5,2,5,2,17,1,23,2,9,1,4,7,9,1,10,2,11,,23,8,1,22,9,121.595437,25.0514615
111,6,23,18,45,2,06松山區,松山區健康路325巷5弄9號,0,0,1,1,B03,7,3,5,30,14,9,1,5,4,5,7,4,4,10,5,5,2,16,2,44,3,10,1,1,7,11,1,8,1,4,,10,10,1,22,9,121.5663909,25.05483869
111,6,23,18,45,2,06松山區,松山區健康路325巷5弄9號,0,0,1,2,C04,7,3,5,30,14,9,1,5,4,5,7,4,4,10,5,5,2,16,1,33,2,9,1,1,7,9,1,10,1,12,,44,10,1,22,9,121.5663909,25.05483869
111,6,23,18,45,2,06松山區,松山區健康路325巷5弄9號,0,0,1,3,B03,7,3,5,30,14,9,1,5,4,5,7,4,4,10,5,5,2,16,1,68,3,10,1,1,7,14,1,8,1,1,,38,10,1,22,9,121.5663909,25.05483869
111,6,23,18,47,2,01大同區,大同區環河北路1段與歸綏街口,0,0,1,1,B03,8,1,5,50,3,2,1,5,4,5,7,4,4,1,4,5,2,17,2,44,4,11,3,4,7,15,7,19,11,15,,44,44,2,22,9,121.508514,25.05788758
111,6,23,18,47,2,01大同區,大同區環河北路1段與歸綏街口,0,0,1,2,C03,8,1,5,50,3,2,1,5,4,5,7,4,4,1,4,5,2,17,1,42,2,9,1,1,7,9,1,10,1,12,,42,44,1,22,9,121.508514,25.05788758
111,6,23,18,47,2,01大同區,大同區環河北路1段與歸綏街口,0,0,1,3,A12,8,1,5,50,3,2,1,5,4,5,7,4,4,1,4,5,2,17,1,33,3,10,1,1,7,3,1,7,11,15,,44,44,1,22,9,121.508514,25.05788758
111,6,23,18,49,2,09北投區,北投區承德路7段384號,0,0,1,1,B03,8,3,5,50,14,8,1,5,4,5,7,4,4,1,4,5,2,17,2,37,3,10,1,1,7,8,1,8,1,6,,7,7,1,22,9,121.5019882,25.11922883
111,6,23,18,49,2,09北投區,北投區承德路7段384號,0,0,1,2,C03,8,3,5,50,14,8,1,5,4,5,7,4,4,1,4,5,2,17,1,47,2,9,1,1,7,9,1,10,1,14,,23,7,1,22,9,121.5019882,25.11922883
111,6,23,19,18,2,04大安區,大安區基隆路3段與辛亥路3段口北往南001燈桿(過辛亥路),0,0,1,1,C03,8,1,5,0,14,9,1,5,4,5,7,4,4,1,4,4,2,17,2,34,4,11,3,4,7,8,7,19,11,15,,7,7,2,22,9,121.5461651,25.01895839
111,6,23,19,18,2,04大安區,大安區基隆路3段與辛亥路3段口北往南001燈桿(過辛亥路),0,0,1,2,C03,8,1,5,0,14,9,1,5,4,5,7,4,4,1,4,4,2,17,1,35,2,9,1,4,7,9,1,10,1,12,,23,7,1,22,9,121.5461651,25.01895839
111,6,23,19,49,2,02萬華區,萬華區和平西路3段與和平西路3段286巷口,0,0,2,1,H01,8,3,5,0,4,1,1,5,4,5,7,4,4,10,5,5,2,3,2,69,2,9,4,5,8,16,8,20,10,16,,51,51,1,22,9,121.4949565,25.03531646
111,6,23,19,49,2,02萬華區,萬華區和平西路3段與和平西路3段286巷口,0,0,2,2,C03,8,3,5,0,4,1,1,5,4,5,7,4,4,10,5,5,2,3,2,28,2,9,1,4,7,9,3,18,1,11,,23,51,1,22,9,121.4949565,25.03531646
111,6,23,20,11,2,04大安區,大安區忠孝東路4段216巷與敦化南路1段233巷口,0,0,3,2,H01,7,3,5,30,4,1,1,5,4,5,7,4,4,8,3,5,2,3,2,85,2,9,1,1,8,16,8,20,10,16,,67,15,1,22,9,121.5529419,25.04074712
111,6,23,20,11,2,04大安區,大安區忠孝東路4段216巷與敦化南路1段233巷口,0,0,3,1,C04,7,3,5,30,4,1,1,5,4,5,7,4,4,8,3,5,2,3,1,18,2,5,1,1,7,9,1,10,9,14,,15,15,1,22,9,121.5529419,25.04074712
111,6,23,20,11,2,04大安區,大安區忠孝東路4段216巷與敦化南路1段233巷口,0,0,3,3,H02,7,3,5,30,4,1,1,5,4,5,7,4,4,8,3,5,2,3,1,58,2,8,1,1,7,20,8,20,2,15,,67,15,1,22,9,121.5529419,25.04074712
111,6,23,21,16,2,09北投區,(文林北路75巷目前為北科路),0,0,1,1,C03,8,3,5,50,4,2,1,5,4,5,7,4,4,5,5,5,2,18,1,41,2,9,1,1,7,9,1,10,8,11,,42,42,1,22,9,121.5158134,25.1052718
111,6,23,21,16,2,09北投區,(文林北路75巷目前為北科路),0,0,1,2,,8,3,5,50,4,2,1,5,4,5,7,4,4,5,5,5,2,18,3,,,,,,,,,,,,,67,42,1,,,121.5158134,25.1052718
111,6,23,21,25,2,09北投區,北投區磺溪便道與榮華三路口,0,0,1,1,B03,7,3,5,30,4,1,1,5,4,5,7,4,4,10,5,5,2,16,2,54,3,10,1,1,7,9,1,8,2,5,,6,6,1,22,9,121.525223,25.11375981
111,6,23,21,25,2,09北投區,北投區磺溪便道與榮華三路口,0,0,1,2,C03,7,3,5,30,4,1,1,5,4,5,7,4,4,10,5,5,2,16,1,21,2,9,1,1,7,9,1,10,2,14,,44,6,1,22,9,121.525223,25.11375981
111,6,23,22,6,2,03中山區,中山區中山北路2段183巷口,0,0,1,1,C03,8,3,5,50,14,9,1,5,4,5,7,4,4,1,3,5,1,13,1,42,2,7,1,1,7,9,1,10,1,12,,16,16,1,22,9,121.5224821,25.0635801
111,6,23,22,6,2,03中山區,中山區中山北路2段183巷口,0,0,1,2,B03,8,3,5,50,14,9,1,5,4,5,7,4,4,1,3,5,1,13,1,26,3,10,1,1,7,9,1,8,1,7,,44,16,1,22,9,121.5224821,25.0635801
111,6,23,22,50,2,03中山區,中山區民族東路與新生北路3段口,0,0,1,1,C03,7,3,5,0,4,2,1,5,4,5,7,2,1,5,4,5,2,15,4,,4,11,3,4,7,15,7,19,11,15,,43,43,2,22,9,121.527665,25.06835973
111,6,23,22,50,2,03中山區,中山區民族東路與新生北路3段口,0,0,1,2,C03,7,3,5,0,4,2,1,5,4,5,7,2,1,5,4,5,2,15,1,25,2,9,3,4,7,9,1,10,1,12,,43,43,1,22,9,121.527665,25.06835973
111,6,23,22,50,2,10文山區,文山區指南路1段與木新路2段口,0,0,1,1,C03,7,1,5,50,4,1,1,5,4,5,7,1,1,5,5,5,2,16,2,22,3,10,1,1,7,5,1,10,1,11,,8,8,1,22,9,121.570651,24.98774853
111,6,23,22,50,2,10文山區,文山區指南路1段與木新路2段口,0,0,1,2,C03,7,1,5,50,4,1,1,5,4,5,7,1,1,5,5,5,2,16,1,46,2,9,1,1,7,9,1,10,1,14,,27,8,1,22,9,121.570651,24.98774853
111,6,23,23,20,2,01大同區,大同區伊寧街與民權西路245巷口,0,0,2,1,C03,7,3,5,30,4,1,1,5,4,5,7,4,4,10,5,5,2,15,1,30,2,9,1,4,7,9,1,10,2,11,,6,6,1,22,9,121.5103881,25.0646426
111,6,23,23,20,2,01大同區,大同區伊寧街與民權西路245巷口,0,0,2,2,C03,7,3,5,30,4,1,1,5,4,5,7,4,4,10,5,5,2,15,1,41,2,9,1,4,7,9,1,10,2,12,,23,6,1,22,9,121.5103881,25.0646426
111,6,24,0,0,2,03中山區,中山區市民大道3段與松江路口,0,0,1,1,C03,8,1,5,40,4,1,1,5,4,5,7,2,1,10,5,5,2,17,1,18,3,10,1,1,7,6,1,10,1,15,,9,9,1,22,9,121.5330581,25.04556635
111,6,24,0,0,2,03中山區,中山區市民大道3段與松江路口,0,0,1,2,C03,8,1,5,40,4,1,1,5,4,5,7,2,1,10,5,5,2,17,1,30,2,9,1,1,7,9,1,10,1,14,,17,9,1,22,9,121.5330581,25.04556635
111,6,24,0,12,2,07信義區,信義區忠孝東路5段與忠孝東路5段345巷口,0,0,1,1,B01,8,3,5,50,4,1,1,5,4,5,7,2,1,3,4,5,2,17,1,60,3,10,1,1,7,6,1,8,2,15,,9,9,1,22,9,121.5739337,25.04103656
111,6,24,0,12,2,07信義區,信義區忠孝東路5段與忠孝東路5段345巷口,0,0,1,2,B03,8,3,5,50,4,1,1,5,4,5,7,2,1,3,4,5,2,17,1,25,2,7,1,1,7,9,1,8,2,1,,13,9,1,22,9,121.5739337,25.04103656
111,6,24,0,12,2,07信義區,信義區忠孝東路5段與忠孝東路5段345巷口,0,0,1,3,C03,8,3,5,50,4,1,1,5,4,5,7,2,1,3,4,5,2,17,1,26,3,10,3,1,7,13,1,10,11,14,,44,9,1,22,9,121.5739337,25.04103656
111,6,24,0,12,2,07信義區,信義區忠孝東路5段與忠孝東路5段345巷口,0,0,1,4,,8,3,5,50,4,1,1,5,4,5,7,2,1,3,4,5,2,17,3,,,,,,,,,,1,,,67,9,1,,,121.5739337,25.04103656
111,6,24,0,12,2,07信義區,信義區忠孝東路5段與忠孝東路5段345巷口,0,0,1,5,F01,8,3,5,50,4,1,1,5,4,5,7,2,1,3,4,5,2,17,4,,4,11,3,4,7,15,7,19,11,15,,44,9,2,22,9,121.5739337,25.04103656
111,6,24,0,12,2,07信義區,信義區忠孝東路5段與忠孝東路5段345巷口,0,0,1,6,F01,8,3,5,50,4,1,1,5,4,5,7,2,1,3,4,5,2,17,1,58,3,10,3,1,7,15,8,20,10,16,,44,9,1,22,9,121.5739337,25.04103656
111,6,24,0,12,2,07信義區,信義區忠孝東路5段與忠孝東路5段345巷口,0,0,1,7,F01,8,3,5,50,4,1,1,5,4,5,7,2,1,3,4,5,2,17,1,58,3,10,3,1,7,13,8,20,1,15,,44,9,1,22,9,121.5739337,25.04103656
111,6,24,0,50,2,10文山區,文山區木新路3段與木新路3段278巷口,0,0,2,1,B03,7,1,5,50,3,1,1,5,4,5,7,1,1,5,3,5,2,16,1,34,3,10,1,1,7,6,1,8,1,6,,9,9,1,22,9,121.5580648,24.98113828
111,6,24,0,50,2,10文山區,文山區木新路3段與木新路3段278巷口,0,0,2,2,C03,7,1,5,50,3,1,1,5,4,5,7,1,1,5,3,5,2,16,1,18,2,9,1,1,7,9,1,10,1,11,,44,9,1,22,9,121.5580648,24.98113828
111,6,24,0,50,2,10文山區,文山區木新路3段與木新路3段278巷口,0,0,2,3,H02,7,1,5,50,3,1,1,5,4,5,7,1,1,5,3,5,2,16,2,18,2,9,4,5,7,17,8,20,10,16,,67,9,1,22,9,121.5580648,24.98113828
111,6,24,0,50,2,10文山區,文山區木新路3段與木新路3段278巷口,0,0,2,4,B03,7,1,5,50,3,1,1,5,4,5,7,1,1,5,3,5,2,16,1,58,4,11,3,4,7,14,7,19,11,15,,38,9,1,22,9,121.5580648,24.98113828
111,6,24,6,56,2,01大同區,大同區民權西路與重慶北路2段口,0,0,1,1,C03,8,1,5,50,5,1,1,5,4,5,7,1,1,1,4,5,2,13,1,62,3,10,1,1,7,9,6,10,1,11,,16,16,1,22,9,121.5133734,25.06307728
111,6,24,6,56,2,01大同區,大同區民權西路與重慶北路2段口,0,0,1,2,C03,8,1,5,50,5,1,1,5,4,5,7,1,1,1,4,5,2,13,1,61,2,9,1,1,7,14,1,10,1,13,,44,16,1,22,9,121.5133734,25.06307728
111,6,24,7,19,2,02萬華區,萬華區民和街與東園街66巷24弄口,0,0,1,1,C03,8,1,5,30,4,1,1,5,4,5,7,4,4,10,5,5,2,15,1,61,2,9,1,1,7,9,6,18,1,11,,6,6,1,22,9,121.4956902,25.024528
111,6,24,7,19,2,02萬華區,萬華區民和街與東園街66巷24弄口,0,0,1,2,C03,8,1,5,30,4,1,1,5,4,5,7,4,4,10,5,5,2,15,1,40,3,10,1,1,7,9,1,10,1,12,,44,6,1,22,9,121.4956902,25.024528
111,6,24,7,30,2,06松山區,松山區寧安街9巷與八德路3段155巷口,0,0,2,1,C03,8,1,5,30,4,1,1,5,4,5,7,3,1,9,5,5,2,15,1,16,2,8,1,1,7,9,2,18,2,11,,6,6,1,22,9,121.5550861,25.0498052
111,6,24,7,30,2,06松山區,松山區寧安街9巷與八德路3段155巷口,0,0,2,2,C03,8,1,5,30,4,1,1,5,4,5,7,3,1,9,5,5,2,15,1,32,2,9,1,1,7,9,1,10,2,14,,14,6,1,22,9,121.5550861,25.0498052
111,6,24,7,35,2,01大同區,大同區承德路2段94號,0,0,1,1,C03,8,1,5,50,14,9,1,5,4,5,7,4,4,1,4,5,2,12,2,71,2,8,1,4,7,9,1,10,1,11,,44,44,1,22,9,121.5181242,25.05812602
111,6,24,7,35,2,01大同區,大同區承德路2段94號,0,0,1,2,C03,8,1,5,50,14,9,1,5,4,5,7,4,4,1,4,5,2,12,1,60,3,10,1,4,7,8,6,10,1,13,,7,44,1,22,9,121.5181242,25.05812602
111,6,24,7,46,2,12內湖區,內湖區潭美街530號,0,0,1,1,C03,8,1,5,50,14,9,1,5,4,5,7,4,4,9,4,5,2,18,2,47,2,9,1,1,7,9,1,10,1,12,,42,42,1,22,9,121.5982891,25.0604603
111,6,24,7,46,2,12內湖區,內湖區潭美街530號,0,0,1,2,,8,1,5,50,14,9,1,5,4,5,7,4,4,9,4,5,2,18,3,,,,,,,,,,,,,67,42,1,,,121.5982891,25.0604603
111,6,24,7,50,2,01大同區,大同區萬全街與雙連街口,0,0,1,1,B03,8,1,5,30,4,1,1,5,4,5,7,4,4,9,4,5,2,15,1,67,3,10,1,1,7,9,1,8,2,8,,6,6,1,22,9,121.5190376,25.0585391
111,6,24,7,50,2,01大同區,大同區萬全街與雙連街口,0,0,1,2,C03,8,1,5,30,4,1,1,5,4,5,7,4,4,9,4,5,2,15,1,38,2,9,1,1,7,9,6,10,2,11,,14,6,1,22,9,121.5190376,25.0585391
111,6,24,7,50,2,03中山區,中山區南京東路2段與松江路口,0,0,1,1,B03,8,1,5,50,4,1,1,5,4,5,7,2,1,1,4,4,2,16,1,36,3,10,3,4,7,6,1,8,2,6,,9,9,1,22,9,121.5328015,25.0519254
111,6,24,7,50,2,03中山區,中山區南京東路2段與松江路口,0,0,1,2,C03,8,1,5,50,4,1,1,5,4,5,7,2,1,1,4,4,2,16,1,48,2,9,1,4,7,9,1,10,2,14,,13,9,1,22,9,121.5328015,25.0519254
111,6,24,7,51,2,02萬華區,萬華區和平西路3段與桂林路246巷口,0,0,1,1,C03,8,1,5,30,3,2,1,5,4,5,7,1,1,10,5,5,1,13,2,33,2,9,1,1,7,9,1,10,2,11,,16,16,1,22,9,121.4910775,25.03580469
111,6,24,7,51,2,02萬華區,萬華區和平西路3段與桂林路246巷口,0,0,1,2,C03,8,1,5,30,3,2,1,5,4,5,7,1,1,10,5,5,1,13,2,38,4,11,3,4,7,15,7,19,11,15,,44,16,2,22,9,121.4910775,25.03580469
111,6,24,8,0,2,09北投區,北投區大度路3段與聖景路口,0,0,1,1,B03,8,1,5,50,4,1,1,5,4,5,7,2,1,8,3,5,2,16,2,38,3,10,1,1,7,6,1,8,1,5,,6,6,1,22,9,121.4642374,25.12376695
111,6,24,8,0,2,09北投區,北投區大度路3段與聖景路口,0,0,1,2,C03,8,1,5,50,4,1,1,5,4,5,7,2,1,8,3,5,2,16,2,42,2,9,1,1,7,9,1,10,1,14,,44,6,1,22,9,121.4642374,25.12376695
111,6,24,8,2,2,05中正區,中正區信義路1段東門國小前,0,0,1,1,C03,7,1,5,40,14,8,1,5,4,5,7,4,4,1,4,1,2,16,1,42,2,5,1,1,7,1,1,10,2,13,,19,19,1,22,9,121.519834,25.03776262
111,6,24,8,2,2,05中正區,中正區信義路1段東門國小前,0,0,1,2,B01,7,1,5,40,14,8,1,5,4,5,7,4,4,1,4,1,2,16,1,57,3,10,1,1,7,9,1,4,2,1,,23,19,1,22,9,121.519834,25.03776262
111,6,24,8,2,2,05中正區,中正區信義路1段東門國小前,0,0,1,3,B03,7,1,5,40,14,8,1,5,4,5,7,4,4,1,4,1,2,16,1,45,3,10,1,1,7,9,1,8,2,15,,42,19,1,22,9,121.519834,25.03776262
111,6,24,8,7,2,04大安區,大安區復興南路1段322號,0,0,2,1,C03,8,1,5,50,14,9,1,5,4,5,7,2,1,1,4,5,2,12,1,26,2,9,3,4,7,9,1,10,1,14,,16,16,1,22,9,121.5436043,25.0363702
111,6,24,8,7,2,04大安區,大安區復興南路1段322號,0,0,2,2,C03,8,1,5,50,14,9,1,5,4,5,7,2,1,1,4,5,2,12,1,38,2,9,3,4,7,9,1,10,1,13,,44,16,1,22,9,121.5436043,25.0363702
111,6,24,8,11,2,08士林區,士林區中正路與士商路口,0,0,1,1,C03,8,1,5,50,14,9,1,5,4,5,7,2,1,5,4,5,1,17,1,62,2,9,1,1,7,1,1,10,1,14,,19,19,1,22,9,121.5184715,25.09260582
111,6,24,8,11,2,08士林區,士林區中正路與士商路口,0,0,1,2,B03,8,1,5,50,14,9,1,5,4,5,7,2,1,5,4,5,1,17,2,55,3,10,1,1,7,9,1,8,1,5,,44,19,1,22,9,121.5184715,25.09260582
111,6,24,8,14,2,03中山區,中山區南京東路3段與建國北路2段口,0,0,1,1,B03,8,1,5,50,4,2,1,5,4,5,7,1,1,3,4,5,2,12,1,47,3,10,1,1,7,6,1,8,1,5,,9,9,1,22,9,121.5370163,25.05212038
111,6,24,8,14,2,03中山區,中山區南京東路3段與建國北路2段口,0,0,1,2,F01,8,1,5,50,4,2,1,5,4,5,7,1,1,3,4,5,2,12,1,44,2,9,1,1,7,11,8,20,1,16,,11,9,1,22,9,121.5370163,25.05212038
111,6,24,8,14,2,04大安區,大安區復興南路1段318號,0,0,1,1,B01,8,1,5,50,14,9,1,5,4,5,7,4,4,1,4,5,2,12,1,64,3,10,3,4,7,8,1,4,1,7,,44,44,1,22,9,121.5435644,25.03685425
111,6,24,8,14,2,04大安區,大安區復興南路1段318號,0,0,1,2,C03,8,1,5,50,14,9,1,5,4,5,7,4,4,1,4,5,2,12,1,24,3,10,3,4,7,9,1,10,1,11,,16,44,1,22,9,121.5435644,25.03685425
111,6,24,8,14,2,04大安區,大安區復興南路1段318號,0,0,1,3,C03,8,1,5,50,14,9,1,5,4,5,7,4,4,1,4,5,2,12,1,32,2,7,3,4,7,8,1,10,1,12,,7,44,1,22,9,121.5435644,25.03685425
111,6,24,8,15,2,02萬華區,萬華區環河南路1段與西昌街29巷口,0,0,1,1,C03,8,1,5,30,3,2,1,5,4,5,7,4,4,5,4,5,2,17,1,32,4,11,3,4,7,15,7,19,11,15,,6,6,2,22,9,121.5005182,25.04276197
111,6,24,8,15,2,02萬華區,萬華區環河南路1段與西昌街29巷口,0,0,1,2,C03,8,1,5,30,3,2,1,5,4,5,7,4,4,5,4,5,2,17,1,27,2,9,1,1,7,9,1,10,1,11,,42,6,1,22,9,121.5005182,25.04276197
111,6,24,8,15,2,02萬華區,萬華區環河南路1段與西昌街29巷口,0,0,1,3,C03,8,1,5,30,3,2,1,5,4,5,7,4,4,5,4,5,2,17,1,25,3,10,1,1,7,9,1,10,1,13,,44,6,1,22,9,121.5005182,25.04276197