發生年度,發生月,發生日,發生時-Hours,發生分,處理別-編號,區序,肇事地點,死亡人數,2-30日死亡人數,受傷人數,當事人序號,車種,天候,光線,道路類別,速限-速度限制,道路型態,事故位置,路面狀況1,路面狀況2,路面狀況3,道路障礙1,道路障礙2,號誌1,號誌2,車道劃分-分向,車道劃分-分道1,車道劃分-分道2,車道劃分-分道3,事故類型及型態,性別,年齡,受傷程度,主要傷處,安全帽,行動電話,車輛用途,當事者行動狀態,駕駛資格情形,駕駛執照種類,飲酒情形,車輛撞擊部位1,車輛撞擊部位2,肇因碼-個別,肇因碼-主要,個人肇逃否,職業,旅次目的,座標-X,座標-Y
111,6,24,8,16,2,01大同區,大同區延平北路2段與涼州街口,0,0,1,1,C03,8,1,5,50,4,1,1,5,4,5,7,1,1,5,4,5,2,12,1,72,3,10,1,1,7,7,1,10,1,15,,7,7,1,22,9,121.5113618,25.0606575
111,6,24,8,16,2,01大同區,大同區延平北路2段與涼州街口,0,0,1,2,C03,8,1,5,50,4,1,1,5,4,5,7,1,1,5,4,5,2,12,1,49,2,9,1,1,7,9,1,10,1,12,,42,7,1,22,9,121.5113618,25.0606575
111,6,24,8,24,2,05中正區,中正區林森北路11號西側,0,0,2,1,C03,8,1,5,50,14,9,1,5,4,5,7,4,4,5,4,5,2,12,2,42,2,9,1,1,7,5,1,10,2,14,,8,8,1,22,9,121.5237812,25.04626409
111,6,24,8,24,2,05中正區,中正區林森北路11號西側,0,0,2,2,C03,8,1,5,50,14,9,1,5,4,5,7,4,4,5,4,5,2,12,2,31,2,9,1,1,7,9,1,10,2,12,,4,8,1,22,9,121.5237812,25.04626409
111,6,24,8,48,2,04大安區,大安區和平東路3段67巷與和平東路3段口,0,0,1,1,C03,8,1,5,50,5,2,1,5,4,5,7,2,1,8,3,5,1,12,1,34,3,10,1,1,7,9,1,10,1,11,,23,23,1,22,9,121.5495285,25.02462515
111,6,24,8,48,2,04大安區,大安區和平東路3段67巷與和平東路3段口,0,0,1,2,C03,8,1,5,50,5,2,1,5,4,5,7,2,1,8,3,5,1,12,2,24,2,9,1,1,7,6,1,10,1,13,,9,23,1,22,9,121.5495285,25.02462515
111,6,24,8,50,2,12內湖區,內湖區內湖路1段737巷3號前,0,0,1,1,C04,8,1,5,50,14,9,1,5,4,5,7,1,1,9,4,5,2,16,2,55,2,8,1,1,7,11,1,10,2,12,,10,10,1,22,9,121.5783088,25.07908252
111,6,24,8,50,2,12內湖區,內湖區內湖路1段737巷3號前,0,0,1,2,C03,8,1,5,50,14,9,1,5,4,5,7,1,1,9,4,5,2,16,2,54,3,10,1,1,7,9,1,10,2,11,,44,10,1,22,9,121.5783088,25.07908252
111,6,24,9,1,2,12內湖區,內湖區新明路與新明路298巷口口附近,0,0,1,1,C03,8,1,5,50,14,9,1,5,4,5,7,4,4,5,4,5,2,12,2,46,2,9,1,1,7,7,1,10,1,14,,7,7,1,22,9,121.5825981,25.05606008
111,6,24,9,1,2,12內湖區,內湖區新明路與新明路298巷口口附近,0,0,1,2,C03,8,1,5,50,14,9,1,5,4,5,7,4,4,5,4,5,2,12,1,23,3,10,1,1,7,9,1,10,1,12,,44,7,1,22,9,121.5825981,25.05606008
111,6,24,9,25,2,09北投區,北投區聖景路與中央北路4段601巷口,0,0,1,1,B03,8,1,5,40,15,9,1,5,4,5,1,4,4,10,5,5,2,10,2,60,3,10,1,1,7,15,1,8,2,8,,17,17,1,22,9,121.4638607,25.1230974
111,6,24,9,25,2,09北投區,北投區聖景路與中央北路4段601巷口,0,0,1,2,C03,8,1,5,40,15,9,1,5,4,5,1,4,4,10,5,5,2,10,2,19,2,9,1,1,7,15,1,10,2,11,,17,17,1,22,9,121.4638607,25.1230974
111,6,24,9,35,2,10文山區,文山區木柵路1段292號,0,0,1,1,C03,8,1,5,50,14,9,1,5,4,5,7,4,4,5,4,5,2,12,2,17,2,9,1,1,7,9,2,18,1,12,,23,23,1,22,9,121.5559109,24.9882995
111,6,24,9,35,2,10文山區,文山區木柵路1段292號,0,0,1,2,B01,8,1,5,50,14,9,1,5,4,5,7,4,4,5,4,5,2,12,1,68,3,10,3,4,7,13,1,4,11,4,,44,23,1,22,9,121.5559109,24.9882995
111,6,24,9,38,2,04大安區,大安區市民大道3段與新生北路1段口,0,0,2,1,B12,8,1,5,40,4,2,1,5,4,5,7,2,1,1,4,5,2,17,1,27,4,11,3,4,7,9,1,4,11,6,,17,17,2,22,9,121.5335093,25.0453433
111,6,24,9,38,2,04大安區,大安區市民大道3段與新生北路1段口,0,0,2,2,C03,8,1,5,40,4,2,1,5,4,5,7,2,1,1,4,5,2,17,1,23,2,9,1,4,7,9,1,10,1,14,,17,17,1,22,9,121.5335093,25.0453433
111,6,24,9,38,2,04大安區,大安區市民大道3段與新生北路1段口,0,0,2,3,H02,8,1,5,40,4,2,1,5,4,5,7,2,1,1,4,5,2,17,2,32,2,9,1,5,7,17,8,20,10,16,,67,17,1,22,9,121.5335093,25.0453433
111,6,24,9,46,2,02萬華區,萬華區康定路與桂林路口,0,0,2,1,C03,8,1,5,50,4,1,1,5,4,5,7,2,1,5,4,5,2,16,1,22,2,9,1,4,7,5,1,10,1,14,,8,8,1,22,9,121.5017775,25.0383898
111,6,24,9,46,2,02萬華區,萬華區康定路與桂林路口,0,0,2,2,C03,8,1,5,50,4,1,1,5,4,5,7,2,1,5,4,5,2,16,1,32,2,9,1,4,7,9,1,10,1,14,,44,8,1,22,9,121.5017775,25.0383898
111,6,24,9,48,2,05中正區,中正區中山南路與凱達格蘭大道口口,0,0,2,1,C03,8,1,5,50,4,2,1,5,4,5,7,2,1,9,4,4,1,13,1,54,2,8,1,1,7,9,1,10,2,11,,23,23,1,21,1,121.5174742,25.0393536
111,6,24,9,48,2,05中正區,中正區中山南路與凱達格蘭大道口口,0,0,2,2,C03,8,1,5,50,4,2,1,5,4,5,7,2,1,9,4,4,1,13,2,42,2,7,1,1,7,14,1,10,3,13,,21,23,1,21,1,121.5174742,25.0393536
111,6,24,9,57,2,06松山區,松山區市民大道6段與松山路口,0,0,1,1,B03,8,1,5,40,4,2,1,5,4,5,7,1,1,10,4,5,2,16,2,42,3,10,1,1,7,6,1,8,1,2,,9,9,1,22,9,121.5778612,25.04898309
111,6,24,9,57,2,06松山區,松山區市民大道6段與松山路口,0,0,1,2,C03,8,1,5,40,4,2,1,5,4,5,7,1,1,10,4,5,2,16,1,20,2,8,1,1,7,9,1,10,1,14,,13,9,1,22,9,121.5778612,25.04898309
111,6,24,10,5,2,03中山區,中山區民族東路與新生北路3段口,0,0,1,2,C03,8,1,5,50,4,1,1,5,4,5,7,2,1,5,4,5,2,12,2,62,4,11,1,4,7,15,1,10,11,15,,42,7,2,22,9,121.527611,25.06830453
111,6,24,10,5,2,03中山區,中山區民族東路與新生北路3段口,0,0,1,1,C03,8,1,5,50,4,1,1,5,4,5,7,2,1,5,4,5,2,12,1,28,2,8,1,4,7,8,1,10,1,15,,7,7,1,22,9,121.527611,25.06830453
111,6,24,10,45,2,04大安區,大安區信義路4段與敦化南路2段口,0,0,1,1,C03,8,1,5,50,4,1,1,5,4,5,7,2,1,5,4,5,2,12,2,28,2,9,1,1,7,6,1,10,1,12,,9,9,1,22,9,121.5490535,25.0331812
111,6,24,10,45,2,04大安區,大安區信義路4段與敦化南路2段口,0,0,1,2,C03,8,1,5,50,4,1,1,5,4,5,7,2,1,5,4,5,2,12,1,60,3,10,1,1,7,9,1,10,1,14,,23,9,1,22,9,121.5490535,25.0331812
111,6,24,11,10,2,03中山區,中山區北安路573巷與北安路595巷20弄口,0,0,1,1,C03,8,1,5,30,4,2,1,5,4,5,7,4,4,10,5,5,2,17,2,58,2,9,1,1,7,9,1,10,1,11,14,13,13,1,22,9,121.5477158,25.08133257
111,6,24,11,10,2,03中山區,中山區北安路573巷與北安路595巷20弄口,0,0,1,2,B12,8,1,5,30,4,2,1,5,4,5,7,4,4,10,5,5,2,17,1,41,3,10,1,1,7,9,1,8,1,1,,14,13,1,22,9,121.5477158,25.08133257
111,6,24,11,10,2,03中山區,中山區北安路573巷與北安路595巷20弄口,0,0,1,3,C03,8,1,5,30,4,2,1,5,4,5,7,4,4,10,5,5,2,17,2,35,3,10,1,1,7,13,1,10,1,14,13,44,13,1,22,9,121.5477158,25.08133257
111,6,24,11,10,2,03中山區,中山區北安路573巷與北安路595巷20弄口,0,0,1,4,B03,8,1,5,30,4,2,1,5,4,5,7,4,4,10,5,5,2,17,1,50,3,10,1,1,7,13,1,8,1,3,6,44,13,1,22,9,121.5477158,25.08133257
111,6,24,11,30,2,03中山區,中山區中山北路3段181號,0,0,1,1,B03,8,1,5,50,14,9,1,5,4,5,7,4,4,1,4,5,2,16,2,52,3,10,3,4,7,7,1,8,1,2,,7,7,1,22,9,121.523843,25.0716909
111,6,24,11,30,2,03中山區,中山區中山北路3段181號,0,0,1,2,C03,8,1,5,50,14,9,1,5,4,5,7,4,4,1,4,5,2,16,1,41,2,9,3,4,7,9,1,10,1,14,,16,7,1,22,9,121.523843,25.0716909
111,6,24,11,30,2,11南港區,南港區南港路2段與南港路2段41巷口,0,0,1,1,C03,8,1,5,40,3,1,1,5,4,5,7,2,1,4,3,4,2,17,1,35,2,9,1,1,7,5,1,10,2,14,,4,4,1,22,9,121.6026611,25.0535528
111,6,24,11,30,2,11南港區,南港區南港路2段與南港路2段41巷口,0,0,1,2,B02,8,1,5,40,3,1,1,5,4,5,7,2,1,4,3,4,2,17,1,41,3,10,1,1,7,9,1,8,11,15,,44,4,1,22,9,121.6026611,25.0535528
111,6,24,11,40,2,10文山區,文山區木柵路4段與木柵路4段33巷口口,0,0,1,1,B03,8,1,5,50,3,1,1,5,4,5,7,3,1,5,4,5,2,16,1,29,3,10,3,4,7,5,1,8,2,2,,6,6,1,21,8,121.5715851,24.99403542
111,6,24,11,40,2,10文山區,文山區木柵路4段與木柵路4段33巷口口,0,0,1,2,C03,8,1,5,50,3,1,1,5,4,5,7,3,1,5,4,5,2,16,2,39,2,4,3,4,7,9,1,10,2,11,,44,6,1,21,8,121.5715851,24.99403542
111,6,24,12,0,2,01大同區,大同區赤峰街與赤峰街41巷口,0,0,2,1,C03,8,1,5,30,4,1,1,5,4,5,7,4,4,10,5,5,2,15,1,32,2,7,1,1,7,9,1,10,1,14,,6,6,1,22,9,121.5196077,25.0548927
111,6,24,12,0,2,01大同區,大同區赤峰街與赤峰街41巷口,0,0,2,2,C03,8,1,5,30,4,1,1,5,4,5,7,4,4,10,5,5,2,15,1,23,2,8,1,1,7,9,1,10,1,11,,14,6,1,22,9,121.5196077,25.0548927
111,6,24,12,5,2,05中正區,中正區中華路2段與中華路2段315巷口,0,0,1,1,C03,8,1,5,50,13,9,1,5,4,5,7,4,4,8,3,4,1,16,2,32,3,10,1,1,7,5,1,10,1,11,,8,8,1,22,9,121.5060754,25.0277946
111,6,24,12,5,2,05中正區,中正區中華路2段與中華路2段315巷口,0,0,1,2,F01,8,1,5,50,13,9,1,5,4,5,7,4,4,8,3,4,1,16,2,65,2,8,1,1,7,9,8,20,1,16,,44,8,1,22,9,121.5060754,25.0277946
111,6,24,12,8,2,08士林區,士林區德行西路57號,0,0,2,1,G06,8,1,5,0,15,20,2,5,4,5,7,4,4,10,5,5,2,9,1,44,2,8,4,4,7,9,7,19,11,15,,42,42,1,22,9,121.5226575,25.10517492
111,6,24,12,8,2,08士林區,士林區德行西路57號,0,0,2,2,H01,8,1,5,0,15,20,2,5,4,5,7,4,4,10,5,5,2,9,1,68,2,9,4,5,8,20,8,20,10,16,,67,42,1,22,9,121.5226575,25.10517492
111,6,24,12,15,2,09北投區,北投區承德路6段120號與無名路口,0,0,1,1,A41,8,1,5,40,3,1,1,5,4,5,7,4,4,1,4,4,2,12,1,39,3,10,1,1,7,8,1,1,1,2,,7,7,1,10,9,121.5122907,25.1034157
111,6,24,12,15,2,09北投區,北投區承德路6段120號與無名路口,0,0,1,2,C03,8,1,5,40,3,1,1,5,4,5,7,4,4,1,4,4,2,12,1,69,2,9,1,1,7,9,6,18,1,14,,13,7,1,22,9,121.5122907,25.1034157
111,6,24,12,34,2,08士林區,士林區承德路4段10巷與通河街76巷口,0,0,2,1,C03,8,1,5,30,4,1,1,5,4,5,7,4,4,5,4,5,1,15,1,21,2,3,3,4,7,9,1,10,1,14,,6,6,1,22,9,121.5201841,25.08016232
111,6,24,12,34,2,08士林區,士林區承德路4段10巷與通河街76巷口,0,0,2,2,C03,8,1,5,30,4,1,1,5,4,5,7,4,4,5,4,5,1,15,1,29,2,8,3,4,7,9,1,10,1,11,,14,6,1,22,9,121.5201841,25.08016232
111,6,24,12,34,2,08士林區,士林區承德路4段10巷與通河街76巷口,0,0,2,3,B03,8,1,5,30,4,1,1,5,4,5,7,4,4,5,4,5,1,15,1,33,4,11,3,4,7,13,7,19,11,15,,44,6,1,22,9,121.5201841,25.08016232
111,6,24,12,45,2,04大安區,大安區仁愛路4段151巷與仁愛路4段345巷4弄口,0,0,1,1,B01,8,1,5,30,4,1,1,5,4,5,7,4,4,10,5,5,2,15,1,43,3,10,3,4,7,9,1,3,1,5,,6,6,1,22,9,121.5521601,25.039076
111,6,24,12,45,2,04大安區,大安區仁愛路4段151巷與仁愛路4段345巷4弄口,0,0,1,2,C03,8,1,5,30,4,1,1,5,4,5,7,4,4,10,5,5,2,15,2,38,2,9,1,4,7,9,1,10,1,11,,23,6,1,22,9,121.5521601,25.039076
111,6,24,12,45,2,11南港區,南港區重陽路39巷與向陽路162巷口,0,0,2,1,C03,8,1,5,40,4,1,1,5,4,4,6,4,4,5,4,5,2,15,1,36,2,9,1,4,7,9,1,10,1,12,,6,6,1,22,9,121.5953548,25.0560315
111,6,24,12,45,2,11南港區,南港區重陽路39巷與向陽路162巷口,0,0,2,2,C03,8,1,5,40,4,1,1,5,4,4,6,4,4,5,4,5,2,15,1,47,2,7,1,4,7,9,1,10,1,11,,6,6,1,22,9,121.5953548,25.0560315
111,6,24,12,50,2,09北投區,北投區大業路527巷53號燈桿前,0,0,1,1,C03,8,1,5,50,14,9,1,5,4,5,7,4,4,9,4,5,2,18,1,43,2,1,3,4,7,9,1,10,1,12,,43,43,1,22,9,121.4843256,25.1342393
111,6,24,12,50,2,09北投區,北投區大業路527巷53號燈桿前,0,0,1,2,,8,1,5,50,14,9,1,5,4,5,7,4,4,9,4,5,2,18,3,,,,,,,,,,,,,67,43,1,,,121.4843256,25.1342393
111,6,24,13,10,2,08士林區,士林區大南路與小西街口,0,0,2,1,C03,8,1,5,30,4,1,1,5,4,5,7,4,4,10,5,5,2,15,1,20,2,9,1,1,7,9,1,10,2,11,,6,6,1,22,9,121.5233628,25.089779
111,6,24,13,10,2,08士林區,士林區大南路與小西街口,0,0,2,2,C04,8,1,5,30,4,1,1,5,4,5,7,4,4,10,5,5,2,15,2,77,2,9,3,4,7,9,1,11,2,14,,14,6,1,22,9,121.5233628,25.089779
111,6,24,13,22,2,02萬華區,萬華區中華路1段114巷與中華路1段口,0,0,1,1,B03,6,1,5,50,3,2,1,4,4,5,7,4,4,10,4,5,1,17,1,22,3,10,3,4,7,1,1,8,2,8,,19,19,1,22,9,121.5085552,25.04373494
111,6,24,13,22,2,02萬華區,萬華區中華路1段114巷與中華路1段口,0,0,1,2,C03,6,1,5,50,3,2,1,4,4,5,7,4,4,10,4,5,1,17,1,45,2,9,3,4,7,9,1,10,2,12,,44,19,1,22,9,121.5085552,25.04373494
111,6,24,13,28,2,02萬華區,萬華區環河南路1段與漢口街2段口,0,0,1,1,B03,1,1,5,50,3,1,1,4,4,5,7,3,1,5,4,5,2,17,2,56,3,10,3,4,7,11,1,8,11,15,,10,10,1,22,9,121.5036342,25.04649374
111,6,24,13,28,2,02萬華區,萬華區環河南路1段與漢口街2段口,0,0,1,2,C03,1,1,5,50,3,1,1,4,4,5,7,3,1,5,4,5,2,17,2,22,2,9,1,4,7,9,1,10,11,12,,44,10,1,22,9,121.5036342,25.04649374
111,6,24,13,33,2,04大安區,大安區敦化南路1段與敦化南路1段329巷口,0,0,3,1,C03,7,1,5,50,3,1,1,5,4,5,7,4,4,1,4,5,2,16,1,47,2,9,3,4,7,6,3,18,1,13,,9,9,1,22,9,121.5494417,25.0342775
111,6,24,13,33,2,04大安區,大安區敦化南路1段與敦化南路1段329巷口,0,0,3,2,C03,7,1,5,50,3,1,1,5,4,5,7,4,4,1,4,5,2,16,1,20,2,9,3,4,7,9,1,10,1,11,,14,9,1,22,9,121.5494417,25.0342775
111,6,24,13,33,2,04大安區,大安區敦化南路1段與敦化南路1段329巷口,0,0,3,3,H02,7,1,5,50,3,1,1,5,4,5,7,4,4,1,4,5,2,16,2,21,2,9,3,5,7,17,8,20,10,16,,67,9,1,22,9,121.5494417,25.0342775
111,6,24,13,53,2,03中山區,中山區八德路2段322號,0,0,2,1,C03,6,1,5,50,14,9,1,4,4,5,7,4,4,5,4,5,2,16,2,29,2,9,1,4,7,7,1,10,1,14,,7,7,1,22,9,121.5429286,25.0473007
111,6,24,13,53,2,03中山區,中山區八德路2段322號,0,0,2,2,C03,6,1,5,50,14,9,1,4,4,5,7,4,4,5,4,5,2,16,1,40,2,9,1,4,7,9,1,10,1,12,,13,7,1,22,9,121.5429286,25.0473007
111,6,24,13,53,2,04大安區,大安區大安路1段116巷與復興南路1段口,0,0,1,1,C03,6,1,5,50,5,1,1,4,4,5,7,2,1,1,4,5,2,12,1,20,2,8,1,1,7,5,1,10,1,12,,44,44,1,21,9,121.5437983,25.03981046
111,6,24,13,53,2,04大安區,大安區大安路1段116巷與復興南路1段口,0,0,1,2,B03,6,1,5,50,5,1,1,4,4,5,7,2,1,1,4,5,2,12,1,40,3,10,1,1,7,6,1,8,1,4,,9,44,1,21,8,121.5437983,25.03981046
111,6,24,14,4,2,12內湖區,內湖區五分街與堤外便道口,0,0,2,1,C03,6,1,5,40,4,2,1,4,4,5,7,3,1,5,4,5,2,12,2,54,2,9,1,1,7,9,1,10,1,11,,17,17,1,22,9,121.6178138,25.0658069
111,6,24,14,4,2,12內湖區,內湖區五分街與堤外便道口,0,0,2,2,C03,6,1,5,40,4,2,1,4,4,5,7,3,1,5,4,5,2,12,2,26,2,7,1,1,7,9,1,10,1,11,,17,17,1,22,9,121.6178138,25.0658069
111,6,24,14,11,2,05中正區,中正區林森南路與青島東路口旁,0,0,1,1,B03,6,1,5,40,14,9,1,4,4,5,7,4,4,9,4,5,1,17,2,52,3,10,1,1,7,13,1,8,1,4,,40,40,1,21,3,121.5235487,25.0435361
111,6,24,14,11,2,05中正區,中正區林森南路與青島東路口旁,0,0,1,2,C03,6,1,5,40,14,9,1,4,4,5,7,4,4,9,4,5,1,17,1,21,2,9,1,1,7,9,1,10,1,11,,13,40,1,21,1,121.5235487,25.0435361
111,6,24,14,25,2,03中山區,中山區民權西路16號,0,0,1,1,B12,6,1,5,50,14,9,1,4,4,5,7,4,4,1,4,5,2,13,1,28,3,10,3,4,7,14,1,7,2,7,,44,44,1,22,9,121.5218895,25.0626951
111,6,24,14,25,2,03中山區,中山區民權西路16號,0,0,1,2,C03,6,1,5,50,14,9,1,4,4,5,7,4,4,1,4,5,2,13,2,26,2,1,1,4,7,9,1,10,2,11,,23,44,1,22,9,121.5218895,25.0626951
111,6,24,14,50,2,01大同區,大同區民權西路120號,0,0,2,1,C03,6,2,5,50,14,9,1,4,4,5,7,4,4,9,5,5,1,12,2,26,2,9,1,1,7,8,1,10,1,12,,7,7,1,22,9,121.5168689,25.06316361
111,6,24,14,50,2,01大同區,大同區民權西路120號,0,0,2,2,C03,6,2,5,50,14,9,1,4,4,5,7,4,4,9,5,5,1,12,2,22,2,9,1,4,7,9,1,10,1,11,,44,7,1,22,9,121.5168689,25.06316361
111,6,24,14,50,2,09北投區,北投區大業路640號,0,0,1,1,C03,8,1,5,50,14,9,1,5,4,5,7,4,4,1,4,5,2,18,1,64,2,7,1,1,7,9,1,10,11,14,,42,42,1,22,9,121.4983508,25.13686438
111,6,24,14,50,2,09北投區,北投區大業路640號,0,0,1,2,,8,1,5,50,14,9,1,5,4,5,7,4,4,1,4,5,2,18,3,,,,,,,,,,,,,67,42,1,,,121.4983508,25.13686438
111,6,24,15,10,2,09北投區,北投區大度路1段2號,0,0,1,1,B12,6,1,5,50,15,9,1,4,4,5,7,4,4,1,4,5,1,17,1,57,3,10,1,1,7,1,1,7,11,7,,19,19,1,22,9,121.4989293,25.1213299
111,6,24,15,10,2,09北投區,北投區大度路1段2號,0,0,1,2,C03,6,1,5,50,15,9,1,4,4,5,7,4,4,1,4,5,1,17,1,33,2,9,1,1,7,9,1,10,1,11,,44,19,1,22,9,121.4989293,25.1213299
111,6,24,15,20,2,12內湖區,內湖區文德路與內湖路2段口,0,0,1,1,C03,6,1,5,50,4,2,1,4,4,5,7,1,1,1,5,5,2,17,1,44,2,7,1,1,7,9,1,10,1,14,,13,13,1,22,9,121.5797041,25.07853674
111,6,24,15,20,2,12內湖區,內湖區文德路與內湖路2段口,0,0,1,2,B03,6,1,5,50,4,2,1,4,4,5,7,1,1,1,5,5,2,17,1,41,3,10,1,1,7,6,1,8,1,2,,9,13,1,22,9,121.5797041,25.07853674
111,6,24,16,30,2,08士林區,士林區文林路549巷與文林路口,0,0,1,1,B03,6,1,5,40,4,1,1,4,4,5,7,3,1,5,5,4,1,16,1,39,3,10,1,1,7,6,1,8,1,2,,9,9,1,22,9,121.5237988,25.09847097
111,6,24,16,30,2,08士林區,士林區文林路549巷與文林路口,0,0,1,2,C03,6,1,5,40,4,1,1,4,4,5,7,3,1,5,5,4,1,16,1,66,2,9,1,1,7,9,1,10,1,14,,44,9,1,22,9,121.5237988,25.09847097
111,6,24,16,49,2,05中正區,中正區羅斯福路3段284巷與羅斯福路3段口,0,0,2,1,C03,6,1,5,50,3,1,1,4,4,5,7,1,1,3,4,5,2,17,1,18,2,8,1,1,7,9,1,10,2,11,,16,16,1,22,9,121.5322875,25.01653891
111,6,24,16,49,2,05中正區,中正區羅斯福路3段284巷與羅斯福路3段口,0,0,2,2,C03,6,1,5,50,3,1,1,4,4,5,7,1,1,3,4,5,2,17,2,61,2,8,2,1,7,9,1,10,2,13,,26,16,1,22,9,121.5322875,25.01653891
111,6,24,16,49,2,05中正區,中正區羅斯福路3段284巷與羅斯福路3段口,0,0,2,3,B03,6,1,5,50,3,1,1,4,4,5,7,1,1,3,4,5,2,17,1,63,3,10,3,1,7,7,1,8,11,7,,7,16,1,22,9,121.5322875,25.01653891
111,6,24,16,51,2,05中正區,市民大道停車場林森-金山段入口附近,0,0,1,2,C03,6,1,5,40,14,9,1,4,4,5,7,4,4,1,4,5,2,13,1,32,2,9,1,1,7,9,1,10,1,11,,23,43,1,22,9,121.5294514,25.04629691
111,6,24,16,51,2,05中正區,市民大道停車場林森-金山段入口附近,0,0,1,1,C03,6,1,5,40,14,9,1,4,4,5,7,4,4,1,4,5,2,13,4,,4,11,3,4,7,15,7,19,11,15,,43,43,2,22,9,121.5294514,25.04629691
111,6,24,16,51,2,05中正區,市民大道停車場林森-金山段入口附近,0,0,1,3,B03,6,1,5,40,14,9,1,4,4,5,7,4,4,1,4,5,2,13,1,44,3,10,1,1,7,9,1,8,1,6,,44,43,1,22,9,121.5294514,25.04629691
111,6,24,17,12,2,04大安區,大安區信義路2段與信義路2段228巷口,0,0,1,1,B01,6,2,5,50,14,9,1,4,4,5,7,4,4,1,4,5,2,17,1,63,3,10,1,1,7,7,1,4,2,15,,7,7,1,21,8,121.5315517,25.0335405
111,6,24,17,12,2,04大安區,大安區信義路2段與信義路2段228巷口,0,0,1,2,C03,6,2,5,50,14,9,1,4,4,5,7,4,4,1,4,5,2,17,2,42,2,3,1,1,7,9,1,10,2,13,,44,7,1,21,8,121.5315517,25.0335405
111,6,24,17,12,2,04大安區,大安區信義路2段與信義路2段228巷口,0,0,1,3,C03,6,2,5,50,14,9,1,4,4,5,7,4,4,1,4,5,2,17,1,29,3,10,1,1,7,9,1,10,9,11,,16,7,1,21,8,121.5315517,25.0335405
111,6,24,17,40,2,07信義區,信義區莊敬路與莊敬路391巷口,0,0,1,1,B03,6,1,5,30,3,2,1,4,4,5,7,1,1,5,5,4,2,2,1,80,3,10,3,4,7,5,1,8,2,1,,44,44,1,22,9,121.5656622,25.027393
111,6,24,17,40,2,07信義區,信義區莊敬路與莊敬路391巷口,0,0,1,2,H01,6,1,5,30,3,2,1,4,4,5,7,1,1,5,5,4,2,2,2,58,2,9,4,5,8,16,8,20,10,16,,67,44,1,22,9,121.5656622,25.027393
111,6,24,17,57,2,09北投區,北投區石牌路1段與西安街1段口,0,0,1,1,C03,6,1,5,50,4,2,1,4,4,5,7,1,1,5,4,5,2,16,1,33,3,10,1,1,7,7,1,10,2,13,,7,7,1,22,9,121.5147406,25.11500433
111,6,24,17,57,2,09北投區,北投區石牌路1段與西安街1段口,0,0,1,2,C03,6,1,5,50,4,2,1,4,4,5,7,1,1,5,4,5,2,16,1,27,2,9,1,1,7,9,1,10,2,12,,17,7,1,22,9,121.5147406,25.11500433
111,6,24,18,11,2,10文山區,文山區木新路3段19號,0,0,1,1,C03,6,2,5,50,14,9,1,4,4,5,7,4,4,5,4,5,2,18,2,39,2,9,1,1,7,9,1,10,1,14,,42,42,1,22,9,121.5648556,24.9826341
111,6,24,18,11,2,10文山區,文山區木新路3段19號,0,0,1,2,,6,2,5,50,14,9,1,4,4,5,7,4,4,5,4,5,2,18,3,,,,,,,,,,,,,67,42,1,,,121.5648556,24.9826341
111,6,24,18,19,2,03中山區,中山區撫順街30號,0,0,1,1,C03,6,1,5,50,14,9,1,4,4,5,7,4,4,4,5,5,1,3,2,24,3,10,3,4,7,9,1,10,1,11,,44,44,1,22,9,121.5194782,25.06339211
111,6,24,18,19,2,03中山區,中山區撫順街30號,0,0,1,2,H01,6,1,5,50,14,9,1,4,4,5,7,4,4,4,5,5,1,3,2,38,2,9,4,5,8,16,8,20,10,16,,51,44,1,22,9,121.5194782,25.06339211
111,6,24,18,45,2,04大安區,大安區復興南路2段與復興南路2段337巷口,0,0,1,1,B03,7,1,5,30,3,1,1,4,4,5,7,4,4,1,4,4,2,17,1,61,3,10,1,1,7,6,1,8,1,15,,6,6,1,22,9,121.5434746,25.0236035
111,6,24,18,45,2,04大安區,大安區復興南路2段與復興南路2段337巷口,0,0,1,2,C03,7,1,5,30,3,1,1,4,4,5,7,4,4,1,4,4,2,17,1,40,2,9,1,1,7,12,1,9,1,14,,44,6,1,22,9,121.5434746,25.0236035
111,6,24,18,48,2,01大同區,大同區重慶北路1段與南京西路口,0,0,2,1,C03,8,3,5,50,5,1,1,5,4,5,7,1,1,8,3,5,1,16,2,42,2,9,1,1,7,7,1,10,1,11,,7,7,1,22,9,121.5144813,25.05409374
111,6,24,18,48,2,01大同區,大同區重慶北路1段與南京西路口,0,0,2,2,C04,8,3,5,50,5,1,1,5,4,5,7,1,1,8,3,5,1,16,1,32,3,10,1,1,7,9,1,10,1,12,,44,7,1,22,9,121.5144813,25.05409374
111,6,24,18,48,2,01大同區,大同區重慶北路1段與南京西路口,0,0,2,3,H02,8,3,5,50,5,1,1,5,4,5,7,1,1,8,3,5,1,16,2,12,2,9,4,5,7,21,8,20,10,15,,67,7,1,22,9,121.5144813,25.05409374
111,6,24,18,50,2,10文山區,文山區羅斯福路5段與萬盛街口,0,0,1,1,F01,7,3,5,50,4,2,2,4,4,5,7,1,1,1,4,5,2,17,1,42,2,9,1,1,7,9,8,20,2,16,,23,23,1,22,9,121.5381124,25.0079268