發生年度,發生月,發生日,發生時-Hours,發生分,處理別-編號,區序,肇事地點,死亡人數,2-30日死亡人數,受傷人數,當事人序號,車種,天候,光線,道路類別,速限-速度限制,道路型態,事故位置,路面狀況1,路面狀況2,路面狀況3,道路障礙1,道路障礙2,號誌1,號誌2,車道劃分-分向,車道劃分-分道1,車道劃分-分道2,車道劃分-分道3,事故類型及型態,性別,年齡,受傷程度,主要傷處,安全帽,行動電話,車輛用途,當事者行動狀態,駕駛資格情形,駕駛執照種類,飲酒情形,車輛撞擊部位1,車輛撞擊部位2,肇因碼-個別,肇因碼-主要,個人肇逃否,職業,旅次目的,座標-X,座標-Y
111,6,24,18,50,2,10文山區,文山區羅斯福路5段與萬盛街口,0,0,1,2,C03,7,3,5,50,4,2,2,4,4,5,7,1,1,1,4,5,2,17,1,47,3,10,1,1,7,15,1,10,2,15,,42,23,1,22,9,121.5381124,25.0079268
111,6,24,18,52,2,07信義區,信義區林口街114巷1號,0,0,1,1,C03,8,1,5,30,14,9,1,5,4,5,7,4,4,9,5,5,1,16,1,62,2,9,1,1,7,6,1,10,2,14,,6,6,1,22,9,121.58038,25.0396603
111,6,24,18,52,2,07信義區,信義區林口街114巷1號,0,0,1,2,B03,8,1,5,30,14,9,1,5,4,5,7,4,4,9,5,5,1,16,2,36,3,10,1,1,7,9,1,8,2,2,,44,6,1,22,9,121.58038,25.0396603
111,6,24,19,0,2,05中正區,中正區重慶南路1段與凱達格蘭大道口,0,0,1,1,B01,6,3,5,50,3,1,1,4,4,5,7,1,1,10,5,5,2,16,1,63,3,10,1,1,7,5,1,4,2,1,,25,25,1,22,9,121.5130165,25.04008253
111,6,24,19,0,2,05中正區,中正區重慶南路1段與凱達格蘭大道口,0,0,1,2,C03,6,3,5,50,3,1,1,4,4,5,7,1,1,10,5,5,2,16,1,45,2,9,1,1,7,9,1,10,2,14,,44,25,1,22,9,121.5130165,25.04008253
111,6,24,19,20,2,10文山區,文山區興隆路4段109巷與忠順街2段85巷口口,0,0,2,1,C03,7,3,5,50,4,1,1,4,4,5,7,1,1,5,4,5,2,16,1,61,2,3,1,1,7,5,1,10,1,12,,6,6,1,22,9,121.5657245,24.9870157
111,6,24,19,20,2,10文山區,文山區興隆路4段109巷與忠順街2段85巷口口,0,0,2,2,C03,7,3,5,50,4,1,1,4,4,5,7,1,1,5,4,5,2,16,1,43,2,9,1,1,7,9,1,10,1,11,,23,6,1,22,9,121.5657245,24.9870157
111,6,24,19,30,2,07信義區,信義區松壽路與松高路20巷口,0,0,1,1,C03,8,3,5,30,4,1,1,5,4,5,7,4,4,9,4,5,2,17,1,36,2,9,1,1,7,5,1,10,2,14,,8,8,1,22,9,121.5675931,25.03585201
111,6,24,19,30,2,07信義區,信義區松壽路與松高路20巷口,0,0,1,2,B03,8,3,5,30,4,1,1,5,4,5,7,4,4,9,4,5,2,17,1,25,3,10,1,1,7,9,1,8,2,1,,23,8,1,22,9,121.5675931,25.03585201
111,6,24,19,51,2,07信義區,信義區市民大道5段與東寧路口,0,0,1,1,C03,8,3,5,50,3,2,1,5,4,5,7,2,1,3,4,5,2,12,2,40,3,10,1,1,7,9,1,10,1,14,,17,17,1,22,9,121.5630041,25.04717764
111,6,24,19,51,2,07信義區,信義區市民大道5段與東寧路口,0,0,1,2,C03,8,3,5,50,3,2,1,5,4,5,7,2,1,3,4,5,2,12,1,39,2,7,1,1,7,9,1,10,1,12,,17,17,1,22,9,121.5630041,25.04717764
111,6,24,20,5,2,05中正區,中正區和平西路2段與南海路口,0,0,1,1,B03,8,3,5,30,4,1,1,5,4,5,7,1,1,10,4,5,2,16,2,43,3,10,1,1,7,6,1,8,2,5,,9,9,1,22,9,121.5093168,25.0305782
111,6,24,20,5,2,05中正區,中正區和平西路2段與南海路口,0,0,1,2,C03,8,3,5,30,4,1,1,5,4,5,7,1,1,10,4,5,2,16,1,54,2,9,1,1,7,9,3,18,2,14,,13,9,1,22,9,121.5093168,25.0305782
111,6,24,21,0,2,03中山區,中山區北安路與大直橋口,0,0,3,1,C03,8,3,5,50,4,1,1,5,4,5,7,1,1,1,3,5,1,16,2,24,2,8,1,1,7,5,1,10,1,11,,8,8,1,22,9,121.5444308,25.079674
111,6,24,21,0,2,03中山區,中山區北安路與大直橋口,0,0,3,2,C03,8,3,5,50,4,1,1,5,4,5,7,1,1,1,3,5,1,16,1,28,2,9,1,1,7,9,1,10,1,14,,44,8,1,22,9,121.5444308,25.079674
111,6,24,21,0,2,03中山區,中山區北安路與大直橋口,0,0,3,3,H02,8,3,5,50,4,1,1,5,4,5,7,1,1,1,3,5,1,16,2,27,2,9,1,5,7,20,8,20,10,16,,67,8,1,22,9,121.5444308,25.079674
111,6,24,21,28,2,04大安區,大安區忠孝東路3段與建國南路1段口,0,0,2,1,C03,8,3,5,50,4,2,1,5,4,5,7,2,1,1,4,5,2,12,1,21,2,9,1,1,7,9,1,15,1,14,,42,42,1,22,9,121.536796,25.0419262
111,6,24,21,28,2,04大安區,大安區忠孝東路3段與建國南路1段口,0,0,2,2,C03,8,3,5,50,4,2,1,5,4,5,7,2,1,1,4,5,2,12,2,29,2,9,1,1,7,9,1,10,1,13,,44,42,1,22,9,121.536796,25.0419262
111,6,24,21,28,2,04大安區,大安區忠孝東路3段與建國南路1段口,0,0,2,3,C03,8,3,5,50,4,2,1,5,4,5,7,2,1,1,4,5,2,12,1,53,3,10,1,1,7,9,1,10,1,12,,44,42,1,22,9,121.536796,25.0419262
111,6,24,21,29,2,04大安區,大安區基隆路3段與基隆路3段156巷口,0,0,1,1,C03,8,3,5,50,4,1,1,4,4,5,7,1,1,10,5,5,2,16,1,19,2,9,1,1,7,5,3,18,1,14,,8,8,1,22,9,121.5426047,25.0158075
111,6,24,21,29,2,04大安區,大安區基隆路3段與基隆路3段156巷口,0,0,1,2,B03,8,3,5,50,4,1,1,4,4,5,7,1,1,10,5,5,2,16,2,59,3,10,1,1,7,9,1,8,1,2,,44,8,1,22,9,121.5426047,25.0158075
111,6,24,21,30,2,10文山區,文山區羅斯福路6段159巷與羅斯福路6段159巷5弄口,0,0,1,1,B02,7,3,5,30,4,1,1,5,4,5,7,4,4,10,5,5,2,16,1,48,3,10,1,1,7,9,1,8,3,5,,6,6,1,22,9,121.5415412,24.9974692
111,6,24,21,30,2,10文山區,文山區羅斯福路6段159巷與羅斯福路6段159巷5弄口,0,0,1,2,C03,7,3,5,30,4,1,1,5,4,5,7,4,4,10,5,5,2,16,2,40,2,9,1,1,7,8,1,10,2,12,,14,6,1,22,9,121.5415412,24.9974692
111,6,24,22,20,2,09北投區,北投區石牌路1段與石牌路1段33巷口,0,0,1,1,B03,8,3,5,50,5,1,1,5,4,5,7,1,1,5,4,5,2,16,1,49,3,10,3,4,7,11,1,4,1,4,,10,10,1,22,9,121.5101752,25.11295137
111,6,24,22,20,2,09北投區,北投區石牌路1段與石牌路1段33巷口,0,0,1,2,C03,8,3,5,50,5,1,1,5,4,5,7,1,1,5,4,5,2,16,1,55,2,9,1,1,7,9,1,10,1,12,,44,10,1,22,9,121.5101752,25.11295137
111,6,24,22,28,2,03中山區,中山區北安路535號,0,0,2,1,C03,8,3,5,50,14,9,1,5,4,5,7,1,1,1,3,5,1,16,1,23,2,9,1,1,7,5,1,10,1,14,,8,8,1,22,9,121.5473668,25.0799473
111,6,24,22,28,2,03中山區,中山區北安路535號,0,0,2,2,B03,8,3,5,50,14,9,1,5,4,5,7,1,1,1,3,5,1,16,1,54,3,10,1,1,7,9,1,8,1,2,,44,8,1,22,9,121.5473668,25.0799473
111,6,24,22,28,2,03中山區,中山區北安路535號,0,0,2,3,H02,8,3,5,50,14,9,1,5,4,5,7,1,1,1,3,5,1,16,2,24,2,9,1,5,7,20,8,20,10,16,,67,8,1,22,9,121.5473668,25.0799473
111,6,24,22,40,2,09北投區,北投區北投路1段89巷2號,0,0,1,1,C03,8,3,5,50,14,9,1,5,4,5,7,4,4,5,5,5,2,13,2,53,2,9,1,1,7,9,1,10,1,11,,23,23,1,22,9,121.5000664,25.12921526
111,6,24,22,40,2,09北投區,北投區北投路1段89巷2號,0,0,1,2,B03,8,3,5,50,14,9,1,5,4,5,7,4,4,5,5,5,2,13,1,40,3,10,1,1,7,13,1,8,1,7,,44,23,1,22,9,121.5000664,25.12921526
111,6,24,22,48,2,10文山區,文山區木柵路4段與萬芳交流道口,0,0,1,1,B03,8,3,5,50,3,1,1,5,4,5,7,1,1,1,4,5,2,16,1,22,3,10,1,1,7,5,1,8,2,1,,25,25,1,21,8,121.5768774,25.0002479
111,6,24,22,48,2,10文山區,文山區木柵路4段與萬芳交流道口,0,0,1,2,C03,8,3,5,50,3,1,1,5,4,5,7,1,1,1,4,5,2,16,2,30,2,9,1,1,7,9,1,10,9,14,,42,25,1,22,9,121.5768774,25.0002479
111,6,24,22,50,2,04大安區,大安區通化街與通化街28巷口,0,0,1,1,B01,8,3,5,50,3,1,1,5,4,5,7,4,4,9,4,5,2,17,1,43,3,10,1,1,7,11,1,4,1,4,,10,10,1,22,9,121.5542439,25.0313081
111,6,24,22,50,2,04大安區,大安區通化街與通化街28巷口,0,0,1,2,C03,8,3,5,50,3,1,1,5,4,5,7,4,4,9,4,5,2,17,1,31,2,3,1,1,7,9,1,10,1,15,,44,10,1,22,9,121.5542439,25.0313081
111,6,24,23,40,2,01大同區,大同區太原路與南京西路口,0,0,1,1,C03,8,3,5,50,4,1,4,5,4,5,7,1,1,5,4,5,2,17,1,21,2,9,1,1,7,9,1,10,2,11,,44,44,1,22,9,121.5161045,25.0535851
111,6,24,23,40,2,01大同區,大同區太原路與南京西路口,0,0,1,2,B01,8,3,5,50,4,1,4,5,4,5,7,1,1,5,4,5,2,17,1,67,3,10,1,1,7,5,1,4,2,6,,6,44,1,22,9,121.5161045,25.0535851
111,6,24,23,42,2,05中正區,中正區和平西路1段與南昌路2段口,0,0,1,1,B01,8,3,5,50,5,1,1,5,4,5,7,1,1,1,4,5,2,3,1,58,3,10,1,1,7,5,1,4,2,1,,15,15,1,22,9,121.5210235,25.02692046
111,6,24,23,42,2,05中正區,中正區和平西路1段與南昌路2段口,0,0,1,2,H01,8,3,5,50,5,1,1,5,4,5,7,1,1,1,4,5,2,3,2,37,2,9,4,5,8,16,8,20,1,16,,67,15,1,22,9,121.5210235,25.02692046
111,6,25,5,25,2,02萬華區,萬華區昆明街與內江街口,0,0,1,1,B12,8,1,5,50,4,1,1,5,4,5,7,2,1,10,5,5,2,15,1,57,3,10,1,1,7,9,1,8,2,4,,25,25,1,22,9,121.5045115,25.04153355
111,6,25,5,25,2,02萬華區,萬華區昆明街與內江街口,0,0,1,2,C03,8,1,5,50,4,1,1,5,4,5,7,2,1,10,5,5,2,15,1,52,2,9,1,1,7,9,1,10,1,11,,44,25,1,22,9,121.5045115,25.04153355
111,6,25,5,26,2,07信義區,信義區忠孝東路5段71巷與永吉路30巷148弄口,0,0,1,1,B01,8,1,5,30,4,1,1,5,4,5,7,4,4,10,5,5,1,15,1,58,3,10,1,1,7,9,1,4,2,1,,6,6,1,22,9,121.5673557,25.0427639
111,6,25,5,26,2,07信義區,信義區忠孝東路5段71巷與永吉路30巷148弄口,0,0,1,2,B01,8,1,5,30,4,1,1,5,4,5,7,4,4,10,5,5,1,15,1,46,3,10,1,1,7,9,1,4,2,2,,14,6,1,22,9,121.5673557,25.0427639
111,6,25,5,26,2,07信義區,信義區忠孝東路5段71巷與永吉路30巷148弄口,0,0,1,3,H02,8,1,5,30,4,1,1,5,4,5,7,4,4,10,5,5,1,15,2,56,2,9,4,5,7,20,8,20,10,16,,67,6,1,22,9,121.5673557,25.0427639
111,6,25,8,45,2,08士林區,士林區文昌路106號前,0,0,2,1,C03,8,1,5,50,14,9,1,5,4,5,7,2,1,4,4,5,2,16,1,60,2,7,1,1,7,7,1,10,1,14,,7,7,1,22,9,121.5210202,25.09658942
111,6,25,8,45,2,08士林區,士林區文昌路106號前,0,0,2,2,C04,8,1,5,50,14,9,1,5,4,5,7,2,1,4,4,5,2,16,1,42,2,5,1,1,7,9,1,10,1,11,,44,7,1,22,9,121.5210202,25.09658942
111,6,25,8,50,2,08士林區,士林區承德路5段與士商路口,0,0,1,1,B03,8,1,5,60,4,1,1,5,4,5,7,1,1,3,3,4,2,11,1,61,3,10,3,4,7,6,1,8,1,5,,9,9,1,22,9,121.5141386,25.09610719
111,6,25,8,50,2,08士林區,士林區承德路5段與士商路口,0,0,1,2,C03,8,1,5,60,4,1,1,5,4,5,7,1,1,3,3,4,2,11,1,20,2,9,1,1,7,9,1,10,1,14,,13,9,1,22,9,121.5141386,25.09610719
111,6,25,9,12,2,08士林區,士林區文林路與美崙街口,0,0,2,1,C03,8,1,5,50,4,2,1,5,4,5,7,2,1,9,5,5,1,17,2,43,2,9,1,1,7,5,1,10,2,14,,8,8,1,22,9,121.5240155,25.0973259
111,6,25,9,12,2,08士林區,士林區文林路與美崙街口,0,0,2,2,C03,8,1,5,50,4,2,1,5,4,5,7,2,1,9,5,5,1,17,1,26,2,9,1,1,7,9,1,10,2,11,,23,8,1,22,9,121.5240155,25.0973259
111,6,25,9,47,2,11南港區,南港區重陽路39巷與向陽路162巷口,0,0,1,1,B02,8,1,5,50,4,2,1,5,4,5,7,4,4,8,5,5,2,16,1,37,3,10,3,4,7,9,1,8,1,1,,6,6,1,22,9,121.5959523,25.0560302
111,6,25,9,47,2,11南港區,南港區重陽路39巷與向陽路162巷口,0,0,1,2,C03,8,1,5,50,4,2,1,5,4,5,7,4,4,8,5,5,2,16,1,31,2,9,3,4,7,9,1,10,1,14,,6,6,1,22,9,121.5959523,25.0560302
111,6,25,9,55,2,08士林區,士林區中山北路6段730號前,0,0,1,1,B03,8,1,5,50,14,9,1,5,4,5,7,2,1,1,4,5,2,16,2,44,3,10,1,1,7,10,1,8,1,5,,10,10,1,22,9,121.5278894,25.11525169
111,6,25,9,55,2,08士林區,士林區中山北路6段730號前,0,0,1,2,C03,8,1,5,50,14,9,1,5,4,5,7,2,1,1,4,5,2,16,1,20,2,3,1,1,7,9,1,10,1,11,,23,10,1,22,9,121.5278894,25.11525169
111,6,25,9,58,2,03中山區,中山區龍江路412巷與五常街53巷口,0,0,2,1,C03,8,1,5,30,4,1,1,5,4,3,7,4,4,9,4,5,2,15,1,62,2,8,1,4,7,9,1,10,2,14,,6,6,1,22,9,121.5396802,25.0675998
111,6,25,9,58,2,03中山區,中山區龍江路412巷與五常街53巷口,0,0,2,2,C03,8,1,5,30,4,1,1,5,4,3,7,4,4,9,4,5,2,15,2,21,2,9,1,4,7,9,1,10,2,11,,14,6,1,22,9,121.5396802,25.0675998
111,6,25,9,58,2,03中山區,中山區龍江路412巷與五常街53巷口,0,0,2,3,B11,8,1,5,30,4,1,1,5,4,3,7,4,4,9,4,5,2,15,1,42,3,10,3,4,7,13,1,4,2,15,,38,6,1,22,9,121.5396802,25.0675998
111,6,25,10,0,2,05中正區,中正區忠孝西路1段與公園路口,0,0,1,1,A02,8,1,5,0,14,9,1,5,4,5,7,4,4,3,4,5,2,9,1,67,3,10,1,1,7,1,1,2,11,15,,36,36,1,22,9,121.5171744,25.0461254
111,6,25,10,0,2,05中正區,中正區忠孝西路1段與公園路口,0,0,1,2,H02,8,1,5,0,14,9,1,5,4,5,7,4,4,3,4,5,2,9,2,68,2,1,4,1,7,20,8,20,10,16,,60,36,1,22,9,121.5171744,25.0461254
111,6,25,10,16,2,04大安區,大安區和平東路2段76巷2弄與建國南路2段口,0,0,1,1,C03,8,1,5,50,14,9,1,5,4,5,7,2,1,1,4,5,2,13,2,66,2,9,1,1,7,15,1,10,1,11,,16,16,1,22,9,121.5379064,25.0250429
111,6,25,10,16,2,04大安區,大安區和平東路2段76巷2弄與建國南路2段口,0,0,1,2,B12,8,1,5,50,14,9,1,5,4,5,7,2,1,1,4,5,2,13,1,46,3,10,1,1,7,14,1,8,1,3,,44,16,1,22,9,121.5379064,25.0250429
111,6,25,11,23,2,12內湖區,內湖區港墘路155巷與江南街112巷口,0,0,2,1,C03,8,1,5,30,4,1,1,5,4,5,7,4,4,10,5,5,2,15,1,34,2,9,1,1,7,9,1,9,1,11,,6,6,1,22,9,121.5759304,25.0769786
111,6,25,11,23,2,12內湖區,內湖區港墘路155巷與江南街112巷口,0,0,2,2,C03,8,1,5,30,4,1,1,5,4,5,7,4,4,10,5,5,2,15,1,49,2,9,1,1,7,9,1,10,1,15,,6,6,1,22,9,121.5759304,25.0769786
111,6,25,11,25,2,12內湖區,內湖區港墘路221巷,0,0,1,1,B03,8,1,5,50,14,9,1,5,4,5,7,4,4,9,5,5,2,17,1,44,3,10,3,4,7,5,1,8,1,1,,6,6,1,22,9,121.5737982,25.07480457
111,6,25,11,25,2,12內湖區,內湖區港墘路221巷,0,0,1,2,C02,8,1,5,50,14,9,1,5,4,5,7,4,4,9,5,5,2,17,1,33,2,7,1,4,7,9,4,10,1,11,,44,6,1,22,9,121.5737982,25.07480457
111,6,25,11,28,2,04大安區,大安區忠孝東路4段183號,0,0,1,1,C03,8,1,5,50,14,9,1,5,4,5,7,2,1,1,3,5,2,12,1,61,2,9,1,1,7,7,1,10,1,11,,7,7,1,22,9,121.5509032,25.0417138
111,6,25,11,28,2,04大安區,大安區忠孝東路4段183號,0,0,1,2,B03,8,1,5,50,14,9,1,5,4,5,7,2,1,1,3,5,2,12,1,45,3,10,1,1,7,9,1,8,1,7,,44,7,1,22,9,121.5509032,25.0417138
111,6,25,11,28,2,04大安區,大安區忠孝東路4段183號,0,0,1,3,B03,8,1,5,50,14,9,1,5,4,5,7,2,1,1,3,5,2,12,2,19,3,10,1,1,7,9,1,8,1,6,,13,7,1,22,9,121.5509032,25.0417138
111,6,25,11,30,2,09北投區,北投區承德路7段139號,0,0,1,1,B03,8,1,5,60,14,8,1,5,4,5,7,4,4,1,4,4,2,17,2,41,3,10,1,1,7,15,1,8,1,6,,6,6,1,22,9,121.5087366,25.1126996
111,6,25,11,30,2,09北投區,北投區承德路7段139號,0,0,1,2,C03,8,1,5,60,14,8,1,5,4,5,7,4,4,1,4,4,2,17,1,23,2,7,1,1,7,9,1,10,1,11,,44,6,1,22,9,121.5087366,25.1126996
111,6,25,11,32,2,01大同區,大同區民權西路245巷與延平北路3段18巷口,0,0,2,1,C03,8,1,5,0,4,1,1,5,4,5,7,4,4,10,5,5,2,15,2,35,2,8,1,4,7,9,1,10,2,11,,6,6,1,22,9,121.5103638,25.0639405
111,6,25,11,32,2,01大同區,大同區民權西路245巷與延平北路3段18巷口,0,0,2,2,C03,8,1,5,0,4,1,1,5,4,5,7,4,4,10,5,5,2,15,2,45,2,8,1,4,7,9,1,10,2,12,,44,6,1,22,9,121.5103638,25.0639405
111,6,25,11,45,2,12內湖區,內湖區洲子街與瑞光路393巷口,0,0,1,1,B03,8,1,5,50,4,1,1,5,4,5,7,3,1,10,5,5,2,16,1,61,3,10,1,1,7,9,1,8,1,2,,6,6,1,22,9,121.5735292,25.0790725
111,6,25,11,45,2,12內湖區,內湖區洲子街與瑞光路393巷口,0,0,1,2,C03,8,1,5,50,4,1,1,5,4,5,7,3,1,10,5,5,2,16,2,29,2,9,1,1,7,9,1,10,1,11,,44,6,1,22,9,121.5735292,25.0790725
111,6,25,11,46,2,10文山區,文山區羅斯福路5段與羅斯福路5段269巷口口,0,0,1,1,C03,8,1,5,50,3,1,1,5,4,5,7,4,4,1,4,5,2,13,1,28,2,9,1,1,7,9,1,10,1,11,,23,23,1,22,9,121.5394155,25.00100859
111,6,25,11,46,2,10文山區,文山區羅斯福路5段與羅斯福路5段269巷口口,0,0,1,2,B01,8,1,5,50,3,1,1,5,4,5,7,4,4,1,4,5,2,13,1,53,3,10,1,1,7,14,1,8,1,3,,38,23,1,22,9,121.5394155,25.00100859
111,6,25,12,33,2,10文山區,文山區辛亥路7段與光輝路21巷口,0,0,3,1,C03,7,1,5,50,3,1,1,5,4,5,7,3,1,5,5,4,2,17,1,27,2,9,1,1,7,5,1,10,2,12,,6,6,1,22,9,121.553838,24.9855458
111,6,25,12,33,2,10文山區,文山區辛亥路7段與光輝路21巷口,0,0,3,2,C03,7,1,5,50,3,1,1,5,4,5,7,3,1,5,5,4,2,17,1,37,2,9,1,1,7,9,1,10,2,11,,13,6,1,22,9,121.553838,24.9855458
111,6,25,12,33,2,10文山區,文山區辛亥路7段與光輝路21巷口,0,0,3,3,C03,7,1,5,50,3,1,1,5,4,5,7,3,1,5,5,4,2,17,1,33,2,9,1,1,7,9,1,10,2,11,,44,6,1,22,9,121.553838,24.9855458
111,6,25,12,46,2,02萬華區,萬華區西寧南路與開封街2段口,0,0,1,1,B03,8,1,5,50,4,2,1,5,4,5,7,1,1,9,4,5,2,12,2,50,3,10,1,1,7,6,1,8,2,5,,9,9,1,22,9,121.5069953,25.04660222
111,6,25,12,46,2,02萬華區,萬華區西寧南路與開封街2段口,0,0,1,2,C03,8,1,5,50,4,2,1,5,4,5,7,1,1,9,4,5,2,12,2,30,2,9,1,1,7,9,1,10,2,14,,23,9,1,22,9,121.5069953,25.04660222
111,6,25,12,46,2,07信義區,信義區忠孝東路4段554號與逸仙路50巷口,0,0,1,1,B12,8,1,5,50,4,2,1,5,4,5,7,4,4,10,5,5,2,17,1,56,3,10,1,1,7,6,1,8,2,2,,9,9,1,22,9,121.5634016,25.04061411
111,6,25,12,46,2,07信義區,信義區忠孝東路4段554號與逸仙路50巷口,0,0,1,2,C03,8,1,5,50,4,2,1,5,4,5,7,4,4,10,5,5,2,17,2,37,2,9,1,1,7,14,1,10,2,11,,44,9,1,22,9,121.5634016,25.04061411
111,6,25,12,56,2,09北投區,北投區承德路7段212號,0,0,1,1,C03,8,1,5,50,14,8,1,5,4,5,7,4,4,3,4,3,2,13,1,23,2,9,3,4,7,9,1,10,1,11,,23,23,1,22,9,121.506805,25.1147501
111,6,25,12,56,2,09北投區,北投區承德路7段212號,0,0,1,2,B12,8,1,5,50,14,8,1,5,4,5,7,4,4,3,4,3,2,13,1,49,3,10,3,4,7,9,1,8,1,7,,44,23,1,22,9,121.506805,25.1147501
111,6,25,12,57,2,03中山區,中山區中原街與新生北路3段3巷口,0,0,1,1,B12,8,1,5,50,4,1,1,5,4,5,7,4,4,9,5,5,2,12,1,20,3,10,1,1,7,11,1,8,1,4,,10,10,1,22,9,121.5289972,25.06313045
111,6,25,12,57,2,03中山區,中山區中原街與新生北路3段3巷口,0,0,1,2,C02,8,1,5,50,4,1,1,5,4,5,7,4,4,9,5,5,2,12,1,38,2,9,1,1,7,9,1,9,1,11,12,44,10,1,22,9,121.5289972,25.06313045
111,6,25,12,59,2,04大安區,大安區復興南路1段295巷與信義路4段53巷口,0,0,1,1,C03,6,1,5,30,4,1,1,4,4,5,7,4,4,10,3,5,2,15,1,40,2,9,1,1,7,9,1,10,1,11,,6,6,1,22,9,121.545384,25.0350665
111,6,25,12,59,2,04大安區,大安區復興南路1段295巷與信義路4段53巷口,0,0,1,2,C03,6,1,5,30,4,1,1,4,4,5,7,4,4,10,3,5,2,15,1,31,3,10,1,1,7,9,1,10,1,12,,13,6,1,22,9,121.545384,25.0350665
111,6,25,13,0,2,02萬華區,萬華區康定路66號,0,0,1,1,B02,7,1,5,50,14,9,1,5,4,5,7,4,4,5,4,5,2,12,1,27,3,10,1,1,7,11,1,8,1,4,,26,26,1,22,9,121.5023739,25.04235681
111,6,25,13,0,2,02萬華區,萬華區康定路66號,0,0,1,2,C03,7,1,5,50,14,9,1,5,4,5,7,4,4,5,4,5,2,12,2,31,2,9,1,1,7,9,1,10,1,12,,44,26,1,22,9,121.5023739,25.04235681
111,6,25,13,10,2,03中山區,中山區中原街與新生北路2段149巷口,0,0,1,2,C03,7,1,5,30,4,1,1,5,4,5,7,4,4,10,5,5,2,15,2,42,2,9,1,1,7,9,1,10,1,11,,44,6,1,22,9,121.5289745,25.0620543
111,6,25,13,10,2,03中山區,中山區中原街與新生北路2段149巷口,0,0,1,1,B03,7,1,5,30,4,1,1,5,4,5,7,4,4,10,5,5,2,15,2,49,3,10,1,1,7,9,1,8,1,8,,6,6,1,22,9,121.5289745,25.0620543
111,6,25,13,14,2,06松山區,松山區麥帥一橋機車道往內湖,0,0,3,1,C03,6,1,5,40,14,9,1,4,4,5,7,4,4,1,4,2,2,17,1,49,2,9,1,1,7,13,1,10,1,14,,38,38,1,22,9,121.5708926,25.05145732
111,6,25,13,14,2,06松山區,松山區麥帥一橋機車道往內湖,0,0,3,2,C03,6,1,5,40,14,9,1,4,4,5,7,4,4,1,4,2,2,17,1,58,2,7,1,1,7,9,1,10,1,12,,23,38,1,22,9,121.5708926,25.05145732
111,6,25,13,14,2,06松山區,松山區麥帥一橋機車道往內湖,0,0,3,3,C03,6,1,5,40,14,9,1,4,4,5,7,4,4,1,4,2,2,17,1,42,2,9,1,1,7,9,1,10,1,12,,44,38,1,22,9,121.5708926,25.05145732
111,6,25,13,35,2,04大安區,大安區四維路76巷與四維路口,0,0,4,1,C03,6,1,5,30,4,1,1,4,4,5,7,4,4,10,5,5,2,15,1,63,2,9,3,4,7,9,1,10,1,12,,6,6,1,22,9,121.5480839,25.03423827
111,6,25,13,35,2,04大安區,大安區四維路76巷與四維路口,0,0,4,2,C03,6,1,5,30,4,1,1,4,4,5,7,4,4,10,5,5,2,15,1,37,2,9,3,4,7,9,1,10,1,11,,13,6,1,22,9,121.5480839,25.03423827
111,6,25,13,35,2,04大安區,大安區四維路76巷與四維路口,0,0,4,3,H02,6,1,5,30,4,1,1,4,4,5,7,4,4,10,5,5,2,15,2,37,2,9,3,5,7,21,8,20,10,16,,67,6,1,22,9,121.5480839,25.03423827
111,6,25,13,35,2,04大安區,大安區四維路76巷與四維路口,0,0,4,4,H02,6,1,5,30,4,1,1,4,4,5,7,4,4,10,5,5,2,15,1,3,2,9,3,5,7,21,8,20,10,15,,67,6,1,22,9,121.5480839,25.03423827
111,6,25,14,15,2,05中正區,中正區北平東路與林森北路口,0,0,2,1,C03,6,1,5,50,4,1,1,4,4,5,7,1,1,10,5,5,2,12,1,54,2,9,1,1,7,8,1,10,2,13,,27,27,1,22,9,121.5236901,25.04630936
111,6,25,14,15,2,05中正區,中正區北平東路與林森北路口,0,0,2,2,C03,6,1,5,50,4,1,1,4,4,5,7,1,1,10,5,5,2,12,1,19,2,9,1,1,7,9,1,10,2,11,,25,27,1,22,9,121.5236901,25.04630936
111,6,25,14,58,2,07信義區,信義區市民大道4段與光復南路口,0,0,1,1,B01,6,1,5,40,5,1,1,4,4,5,7,1,1,10,4,5,2,12,1,54,3,10,1,1,7,9,1,4,2,2,,26,26,1,22,9,121.5576081,25.0449583
111,6,25,14,58,2,07信義區,信義區市民大道4段與光復南路口,0,0,1,2,C03,6,1,5,40,5,1,1,4,4,5,7,1,1,10,4,5,2,12,1,72,2,9,1,1,7,9,1,10,2,14,,26,26,1,22,9,121.5576081,25.0449583
111,6,25,15,48,2,04大安區,大安區辛亥路3段與基隆路3段口,0,0,1,1,C03,6,1,5,50,4,1,1,4,4,5,7,1,1,10,4,5,2,17,1,25,2,9,1,1,7,9,1,10,1,11,,23,23,1,22,9,121.5463809,25.01909989
111,6,25,15,48,2,04大安區,大安區辛亥路3段與基隆路3段口,0,0,1,2,C03,6,1,5,50,4,1,1,4,4,5,7,1,1,10,4,5,2,17,1,21,3,10,1,1,7,14,1,10,1,11,,44,23,1,22,9,121.5463809,25.01909989
111,6,25,16,0,2,09北投區,北投區大度路3段與知行路口,0,0,1,1,B03,6,1,5,50,4,1,1,4,4,5,7,2,1,8,3,5,2,16,1,64,3,10,1,1,7,5,1,8,1,4,,23,23,1,22,9,121.4669376,25.12327173
111,6,25,16,0,2,09北投區,北投區大度路3段與知行路口,0,0,1,2,C03,6,1,5,50,4,1,1,4,4,5,7,2,1,8,3,5,2,16,2,49,2,9,1,1,7,14,1,10,1,11,,44,23,1,22,9,121.4669376,25.12327173