發生年度,發生月,發生日,發生時-Hours,發生分,處理別-編號,區序,肇事地點,死亡人數,2-30日死亡人數,受傷人數,當事人序號,車種,天候,光線,道路類別,速限-速度限制,道路型態,事故位置,路面狀況1,路面狀況2,路面狀況3,道路障礙1,道路障礙2,號誌1,號誌2,車道劃分-分向,車道劃分-分道1,車道劃分-分道2,車道劃分-分道3,事故類型及型態,性別,年齡,受傷程度,主要傷處,安全帽,行動電話,車輛用途,當事者行動狀態,駕駛資格情形,駕駛執照種類,飲酒情形,車輛撞擊部位1,車輛撞擊部位2,肇因碼-個別,肇因碼-主要,個人肇逃否,職業,旅次目的,座標-X,座標-Y
111,6,25,16,9,2,02萬華區,萬華區環河南路1段與漢口街2段口,0,0,1,1,C03,6,1,5,50,3,1,1,4,4,5,7,3,1,9,5,5,2,17,4,,4,11,3,4,7,15,7,19,11,15,,43,43,2,22,9,121.5036941,25.0465302
111,6,25,16,9,2,02萬華區,萬華區環河南路1段與漢口街2段口,0,0,1,2,C03,6,1,5,50,3,1,1,4,4,5,7,3,1,9,5,5,2,17,2,48,2,9,1,1,7,9,1,10,1,12,,44,43,1,22,9,121.5036941,25.0465302
111,6,25,16,20,2,03中山區,中山區民權東路3段與民權東路3段75巷口,0,0,1,1,C03,6,1,5,50,3,2,1,4,4,5,7,4,4,1,4,5,2,17,2,62,2,9,3,4,7,9,3,18,1,15,,23,23,1,22,9,121.5436593,25.06243167
111,6,25,16,20,2,03中山區,中山區民權東路3段與民權東路3段75巷口,0,0,1,2,C02,6,1,5,50,3,2,1,4,4,5,7,4,4,1,4,5,2,17,1,39,3,10,3,4,7,6,1,9,1,15,,9,23,1,22,9,121.5436593,25.06243167
111,6,25,16,22,2,05中正區,中正區中華路1段67號,0,0,1,1,B03,6,3,5,50,14,7,1,4,4,5,7,4,4,4,5,1,2,17,2,41,3,10,1,1,7,7,1,8,9,15,,7,7,1,22,9,121.5081234,25.04084155
111,6,25,16,22,2,05中正區,中正區中華路1段67號,0,0,1,3,C03,6,3,5,50,14,7,1,4,4,5,7,4,4,4,5,1,2,17,2,26,2,7,1,1,7,12,1,10,9,14,,42,7,1,22,9,121.5081234,25.04084155
111,6,25,16,22,2,05中正區,中正區中華路1段67號,0,0,1,2,B03,6,3,5,50,14,7,1,4,4,5,7,4,4,4,5,1,2,17,1,43,3,10,1,1,7,9,1,8,9,1,,44,7,1,22,9,121.5081234,25.04084155
111,6,25,16,40,2,11南港區,南港區研究院路3段161巷第005號燈桿處,0,0,1,1,C03,6,1,6,30,11,9,1,4,4,5,1,4,4,10,5,5,2,10,1,27,2,7,1,1,7,9,1,10,1,11,,13,13,1,22,8,121.6136084,25.03328207
111,6,25,16,40,2,11南港區,南港區研究院路3段161巷第005號燈桿處,0,0,1,2,B03,6,1,6,30,11,9,1,4,4,5,1,4,4,10,5,5,2,10,1,54,3,10,1,1,7,9,1,8,1,8,,44,13,1,20,8,121.6136084,25.03328207
111,6,25,17,5,2,02萬華區,萬華區內江街89號,0,0,1,1,B03,8,1,5,50,14,9,1,4,4,5,7,4,4,10,5,5,1,12,1,22,3,10,1,4,7,5,1,8,1,4,,8,8,1,22,9,121.5031991,25.04162725
111,6,25,17,5,2,02萬華區,萬華區內江街89號,0,0,1,2,C03,8,1,5,50,14,9,1,4,4,5,7,4,4,10,5,5,1,12,1,40,2,9,1,4,7,9,1,10,1,11,,44,8,1,22,9,121.5031991,25.04162725
111,6,25,17,15,2,10文山區,文山區保儀路93號,0,0,1,1,F01,6,1,5,50,14,9,1,4,4,5,7,4,4,9,4,5,2,12,1,51,2,7,1,1,7,9,8,20,8,16,,21,21,1,22,9,121.5682225,24.98668133
111,6,25,17,15,2,10文山區,文山區保儀路93號,0,0,1,2,C03,6,1,5,50,14,9,1,4,4,5,7,4,4,9,4,5,2,12,1,54,3,10,1,4,7,9,1,10,2,12,,44,21,1,22,9,121.5682225,24.98668133
111,6,25,17,16,2,02萬華區,萬華區中華路2段與廣州街口,0,0,2,1,B03,7,1,5,50,4,2,1,4,4,5,7,1,1,1,4,4,2,12,1,28,3,10,1,1,7,6,1,8,1,2,,9,9,1,22,9,121.5065374,25.03605306
111,6,25,17,16,2,02萬華區,萬華區中華路2段與廣州街口,0,0,2,2,C03,7,1,5,50,4,2,1,4,4,5,7,1,1,1,4,4,2,12,2,42,2,9,1,1,7,9,1,10,1,11,,44,9,1,22,9,121.5065374,25.03605306
111,6,25,17,16,2,02萬華區,萬華區中華路2段與廣州街口,0,0,2,3,H02,7,1,5,50,4,2,1,4,4,5,7,1,1,1,4,4,2,12,1,12,2,9,4,5,7,20,8,20,10,16,,67,9,1,22,9,121.5065374,25.03605306
111,6,25,17,38,2,12內湖區,內湖區洲子街與瑞光路513巷口口,0,0,1,1,B03,8,1,5,50,4,2,1,5,4,5,7,2,1,5,5,5,2,11,1,40,3,10,1,1,7,5,1,8,1,1,,6,6,1,22,9,121.5708539,25.0814638
111,6,25,17,38,2,12內湖區,內湖區洲子街與瑞光路513巷口口,0,0,1,2,C03,8,1,5,50,4,2,1,5,4,5,7,2,1,5,5,5,2,11,2,57,2,9,1,1,7,9,1,10,1,14,,44,6,1,22,9,121.5708539,25.0814638
111,6,25,17,46,2,02萬華區,萬華區西園路2段320巷55弄與西藏路口,0,0,1,1,B02,8,1,5,50,5,1,1,5,4,5,7,1,1,3,3,5,2,16,1,38,3,10,3,4,7,5,1,8,1,5,,6,6,1,22,9,121.4921255,25.0284757
111,6,25,17,46,2,02萬華區,萬華區西園路2段320巷55弄與西藏路口,0,0,1,2,C03,8,1,5,50,5,1,1,5,4,5,7,1,1,3,3,5,2,16,1,59,2,9,1,4,7,9,1,10,1,11,,44,6,1,22,9,121.4921255,25.0284757
111,6,25,17,55,2,09北投區,北投區承德路6段與洲美路口,0,0,1,1,B03,7,1,5,60,4,1,1,5,4,5,7,1,1,3,4,3,2,16,1,60,3,10,3,4,7,6,1,8,1,2,,9,9,1,22,9,121.5122626,25.10137526
111,6,25,17,55,2,09北投區,北投區承德路6段與洲美路口,0,0,1,2,C03,7,1,5,60,4,1,1,5,4,5,7,1,1,3,4,3,2,16,1,52,2,9,3,4,7,9,1,10,1,11,,44,9,1,22,9,121.5122626,25.10137526
111,6,25,18,8,2,04大安區,大安區光復南路346巷與廢鐵道,0,0,1,1,B01,8,2,8,30,15,22,4,5,4,5,7,4,4,10,4,5,2,15,1,51,3,10,1,1,7,9,1,4,1,4,,6,6,1,21,8,121.5571672,25.03842788
111,6,25,18,8,2,04大安區,大安區光復南路346巷與廢鐵道,0,0,1,2,C03,8,2,8,30,15,22,4,5,4,5,7,4,4,10,4,5,2,15,2,19,2,7,1,1,7,9,1,10,1,11,,13,6,1,21,8,121.5571672,25.03842788
111,6,25,18,8,2,04大安區,大安區光復南路346巷與廢鐵道,0,0,1,3,A12,8,2,8,30,15,22,4,5,4,5,7,4,4,10,4,5,2,15,1,60,3,10,1,1,7,14,1,2,9,15,,44,6,1,21,3,121.5571672,25.03842788
111,6,25,18,25,2,03中山區,中山區錦西街1號,0,0,3,1,C03,7,3,5,50,14,9,1,5,4,5,7,4,4,5,4,5,1,12,1,25,2,8,1,1,7,5,1,10,1,14,,8,8,1,22,9,121.52233,25.0603992
111,6,25,18,25,2,03中山區,中山區錦西街1號,0,0,3,2,C03,7,3,5,50,14,9,1,5,4,5,7,4,4,5,4,5,1,12,2,24,2,9,1,1,7,9,1,10,1,11,,13,8,1,22,9,121.52233,25.0603992
111,6,25,18,25,2,03中山區,中山區錦西街1號,0,0,3,3,H02,7,3,5,50,14,9,1,5,4,5,7,4,4,5,4,5,1,12,2,21,2,8,1,1,7,21,8,20,10,15,,67,8,1,22,9,121.52233,25.0603992
111,6,25,19,20,2,09北投區,北投區承德路7段與實踐街口,0,0,2,1,B03,8,3,5,50,3,1,1,5,4,5,7,2,1,1,4,5,2,17,1,26,3,10,1,1,7,6,1,8,1,6,,9,9,1,22,9,121.5072217,25.1144096
111,6,25,19,20,2,09北投區,北投區承德路7段與實踐街口,0,0,2,2,C03,8,3,5,50,3,1,1,5,4,5,7,2,1,1,4,5,2,17,2,18,2,9,1,1,7,9,1,10,1,11,,44,9,1,22,9,121.5072217,25.1144096
111,6,25,19,20,2,09北投區,北投區承德路7段與實踐街口,0,0,2,3,H02,8,3,5,50,3,1,1,5,4,5,7,2,1,1,4,5,2,17,2,19,2,9,1,5,7,21,8,20,10,16,,67,9,1,22,9,121.5072217,25.1144096
111,6,25,19,39,2,02萬華區,萬華區桂林路與柳州街口,0,0,1,1,C03,8,3,5,50,4,2,1,5,4,5,7,1,1,5,1,5,2,17,1,61,2,8,1,4,7,15,1,10,1,12,,26,26,1,22,9,121.5039635,25.0386016
111,6,25,19,39,2,02萬華區,萬華區桂林路與柳州街口,0,0,1,2,B03,8,3,5,50,4,2,1,5,4,5,7,1,1,5,1,5,2,17,2,40,3,10,1,4,7,9,1,8,1,8,,44,26,1,22,9,121.5039635,25.0386016
111,6,25,20,15,2,05中正區,中正區博愛路與博愛路口進寶慶路,0,0,1,1,C03,7,3,5,50,14,9,1,5,4,5,7,4,4,5,4,5,2,18,1,22,2,7,1,1,7,15,1,10,2,12,,44,44,1,22,9,121.5114065,25.04073445
111,6,25,20,15,2,05中正區,中正區博愛路與博愛路口進寶慶路,0,0,1,2,,7,3,5,50,14,9,1,5,4,5,7,4,4,5,4,5,2,18,3,,,,,,,,,,,,,61,44,1,,,121.5114065,25.04073445
111,6,25,20,59,2,02萬華區,萬華區中興橋機車道往新北市,0,0,1,1,C03,8,3,5,30,14,11,1,5,4,5,7,4,4,10,5,5,2,18,1,42,2,1,1,1,7,9,1,10,8,14,,42,42,1,22,9,121.5015444,25.04524428
111,6,25,20,59,2,02萬華區,萬華區中興橋機車道往新北市,0,0,1,2,,8,3,5,30,14,11,1,5,4,5,7,4,4,10,5,5,2,18,3,,,,,,,,,,,,,67,42,1,,,121.5015444,25.04524428
111,6,25,22,33,2,07信義區,信義區永吉路30巷與松隆路口,0,0,1,1,C03,8,3,5,50,4,1,1,5,4,5,7,2,1,3,3,4,2,13,1,32,2,9,1,1,7,7,1,10,1,13,,7,7,1,22,9,121.5688169,25.0444958
111,6,25,22,33,2,07信義區,信義區永吉路30巷與松隆路口,0,0,1,2,B01,8,3,5,50,4,1,1,5,4,5,7,2,1,3,3,4,2,13,1,31,3,10,1,1,7,9,1,4,1,5,,25,7,1,22,9,121.5688169,25.0444958
111,6,25,23,2,2,01大同區,大同區承德路3段與民權西路口,0,0,1,1,B01,8,3,5,50,4,1,1,5,4,5,7,2,1,1,5,5,2,16,1,57,3,10,1,1,7,6,1,4,1,6,,9,9,1,22,9,121.5184481,25.0629776
111,6,25,23,2,2,01大同區,大同區承德路3段與民權西路口,0,0,1,2,C03,8,3,5,50,4,1,1,5,4,5,7,2,1,1,5,5,2,16,1,19,2,9,1,1,7,9,1,10,1,14,,26,9,1,22,9,121.5184481,25.0629776
111,6,25,23,10,2,02萬華區,萬華區西寧南路與漢口街2段口,0,0,2,2,C03,8,3,5,50,4,2,1,5,4,5,7,2,1,10,5,5,2,15,1,22,2,9,1,1,7,9,1,10,1,11,,25,25,1,22,9,121.5069219,25.04562639
111,6,25,23,10,2,02萬華區,萬華區西寧南路與漢口街2段口,0,0,2,1,F01,8,3,5,50,4,2,1,5,4,5,7,2,1,10,5,5,2,15,1,72,2,7,1,1,7,11,8,20,1,16,,25,25,1,22,9,121.5069219,25.04562639
111,6,25,23,25,2,05中正區,中正區中山北路1段與市民大道2段口往東迴轉道,0,0,3,1,B03,8,3,5,40,15,9,1,5,4,5,7,4,4,1,4,5,2,13,1,42,3,10,1,1,7,11,1,8,2,15,,6,6,1,22,9,121.5212572,25.0479165
111,6,25,23,25,2,05中正區,中正區中山北路1段與市民大道2段口往東迴轉道,0,0,3,2,C03,8,3,5,40,15,9,1,5,4,5,7,4,4,1,4,5,2,13,2,26,2,8,1,1,7,9,1,10,2,13,,44,6,1,22,9,121.5212572,25.0479165
111,6,25,23,25,2,05中正區,中正區中山北路1段與市民大道2段口往東迴轉道,0,0,3,3,C03,8,3,5,40,15,9,1,5,4,5,7,4,4,1,4,5,2,13,1,20,2,9,1,1,7,9,1,10,2,11,,13,6,1,22,9,121.5212572,25.0479165
111,6,25,23,25,2,05中正區,中正區中山北路1段與市民大道2段口往東迴轉道,0,0,3,4,H02,8,3,5,40,15,9,1,5,4,5,7,4,4,1,4,5,2,13,1,28,2,9,1,5,7,20,8,20,10,16,,67,6,1,22,9,121.5212572,25.0479165
111,6,25,23,34,2,03中山區,中山區民權東路3段與民權東路3段60巷口口,0,0,1,1,C03,8,3,5,50,4,1,1,5,4,3,7,1,1,1,3,5,1,17,1,25,2,9,1,1,7,6,1,10,1,12,,42,42,1,22,9,121.542988,25.0621821
111,6,25,23,34,2,03中山區,中山區民權東路3段與民權東路3段60巷口口,0,0,1,2,A11,8,3,5,50,4,1,1,5,4,3,7,1,1,1,3,5,1,17,1,49,3,10,1,1,7,14,1,3,1,15,,38,42,1,22,9,121.542988,25.0621821
111,6,26,0,35,2,03中山區,中山區林森北路100號,0,0,1,1,C03,8,3,5,50,14,9,1,5,4,5,7,1,1,1,3,5,1,13,1,20,2,9,1,1,7,9,1,10,1,12,,23,23,1,22,9,121.5248955,25.0503822
111,6,26,0,35,2,03中山區,中山區林森北路100號,0,0,1,2,B01,8,3,5,50,14,9,1,5,4,5,7,1,1,1,3,5,1,13,1,60,3,10,1,1,7,14,1,4,1,4,,44,23,1,22,9,121.5248955,25.0503822
111,6,26,1,3,2,02萬華區,萬華區萬大路與艋舺大道口,0,0,1,1,C03,8,3,5,50,4,2,1,5,4,5,7,1,1,1,4,5,2,29,1,25,2,9,1,4,7,9,1,10,1,11,,23,23,1,22,9,121.5006966,25.03324509
111,6,26,1,3,2,02萬華區,萬華區萬大路與艋舺大道口,0,0,1,2,,8,3,5,50,4,2,1,5,4,5,7,1,1,1,4,5,2,29,3,,,,,,,,,,,,,67,23,1,,,121.5006966,25.03324509
111,6,26,7,37,2,12內湖區,內湖區南湖大橋(往南港方向),0,0,1,1,C03,8,1,5,50,8,9,1,5,4,5,7,4,4,1,4,5,2,12,2,61,2,9,3,4,7,21,1,10,1,15,,44,44,1,22,9,121.6115543,25.06330999
111,6,26,7,37,2,12內湖區,內湖區南湖大橋(往南港方向),0,0,1,2,B12,8,1,5,50,8,9,1,5,4,5,7,4,4,1,4,5,2,12,2,24,3,10,1,1,7,9,1,8,11,2,,17,44,1,22,9,121.6115543,25.06330999
111,6,26,7,40,2,01大同區,大同區鄭州路與西寧北路口,0,0,1,1,B03,8,1,5,40,4,1,1,5,4,5,7,1,2,1,4,5,2,15,2,23,3,10,1,1,7,9,1,8,2,2,,14,14,1,22,9,121.5081978,25.05060985
111,6,26,7,40,2,01大同區,大同區鄭州路與西寧北路口,0,0,1,2,C03,8,1,5,40,4,1,1,5,4,5,7,1,2,1,4,5,2,15,1,24,2,9,1,1,7,9,1,10,2,11,,44,14,1,22,9,121.5081978,25.05060985
111,6,26,7,41,2,08士林區,士林區福林路240號,0,0,1,1,B03,8,1,5,50,14,9,1,5,4,5,7,3,1,5,4,5,2,17,1,37,3,10,1,1,7,6,1,8,2,5,,9,9,1,21,8,121.5338329,25.09750021
111,6,26,7,41,2,08士林區,士林區福林路240號,0,0,1,2,C03,8,1,5,50,14,9,1,5,4,5,7,3,1,5,4,5,2,17,1,43,2,9,1,1,7,9,1,10,2,14,,13,9,1,21,8,121.5338329,25.09750021
111,6,26,7,52,2,01大同區,大同區民權西路與延平北路2段口,0,0,1,1,B01,8,1,5,50,5,2,1,5,4,5,7,1,1,1,5,5,2,17,1,50,3,10,1,1,7,6,1,4,2,1,,23,23,1,22,9,121.5113109,25.0628144
111,6,26,7,52,2,01大同區,大同區民權西路與延平北路2段口,0,0,1,2,F01,8,1,5,50,5,2,1,5,4,5,7,1,1,1,5,5,2,17,2,70,2,9,1,1,7,11,8,20,9,16,,11,23,1,22,9,121.5113109,25.0628144
111,6,26,7,52,2,05中正區,中正區中山南路與信義路1段口,0,0,2,1,C03,8,1,5,50,5,2,1,5,4,5,7,2,1,9,4,1,1,13,1,23,2,9,1,1,7,9,1,10,2,11,,23,23,1,22,9,121.5176107,25.0382855
111,6,26,7,52,2,05中正區,中正區中山南路與信義路1段口,0,0,2,2,C03,8,1,5,50,5,2,1,5,4,5,7,2,1,9,4,1,1,13,2,31,2,9,1,1,7,14,1,10,2,13,,44,23,1,22,9,121.5176107,25.0382855
111,6,26,9,5,2,08士林區,士林區福華路與磺溪街21巷口,0,0,1,1,B02,8,1,5,50,3,2,1,5,4,5,7,2,1,1,4,5,1,17,4,,4,11,3,4,7,15,7,19,11,15,,43,43,2,22,9,121.5215896,25.10620141
111,6,26,9,5,2,08士林區,士林區福華路與磺溪街21巷口,0,0,1,2,C03,8,1,5,50,3,2,1,5,4,5,7,2,1,1,4,5,1,17,1,55,2,7,1,1,7,9,1,10,11,14,,43,43,1,22,9,121.5215896,25.10620141
111,6,26,9,5,2,08士林區,士林區福華路與磺溪街21巷口,0,0,1,3,H02,8,1,5,50,3,2,1,5,4,5,7,2,1,1,4,5,1,17,2,50,3,10,4,5,7,20,8,20,10,16,,67,43,1,22,9,121.5215896,25.10620141
111,6,26,9,30,2,10文山區,文山區木新路3段321號前,0,0,1,1,C03,8,1,5,50,14,9,4,5,4,5,7,1,1,5,5,5,2,29,1,48,2,9,1,1,7,9,1,10,2,12,,42,42,1,22,9,121.5565524,24.98062239
111,6,26,9,30,2,10文山區,文山區木新路3段321號前,0,0,1,2,,8,1,5,50,14,9,4,5,4,5,7,1,1,5,5,5,2,29,3,,,,,,,,,,,,,67,42,1,,,121.5565524,24.98062239
111,6,26,9,45,2,02萬華區,萬華區青年路152巷與富民路145巷35弄口,0,0,2,1,C03,8,1,5,30,4,1,1,5,4,5,7,4,4,10,5,5,2,15,2,59,2,9,1,1,7,9,1,10,1,11,,6,6,1,22,9,121.5007267,25.01967709
111,6,26,9,45,2,02萬華區,萬華區青年路152巷與富民路145巷35弄口,0,0,2,2,C03,8,1,5,30,4,1,1,5,4,5,7,4,4,10,5,5,2,15,1,61,2,9,1,1,7,9,1,10,9,14,,14,6,1,22,9,121.5007267,25.01967709
111,6,26,9,57,2,10文山區,文山區興隆路4段與興隆路4段145巷口,0,0,1,1,F01,8,1,5,50,4,1,1,5,4,5,7,4,4,1,4,5,2,12,1,69,2,9,1,1,7,5,8,20,2,16,,8,8,1,22,9,121.5615699,24.9849408
111,6,26,9,57,2,10文山區,文山區興隆路4段與興隆路4段145巷口,0,0,1,2,C03,8,1,5,50,4,1,1,5,4,5,7,4,4,1,4,5,2,12,1,25,3,10,1,4,7,9,1,10,2,12,,14,8,1,22,9,121.5615699,24.9849408
111,6,26,10,20,2,06松山區,松山區基隆路1段與八德路4段口,0,0,2,1,C03,8,1,5,50,5,1,1,5,4,5,7,2,1,1,4,5,2,13,1,82,3,10,1,1,7,5,1,10,2,15,,25,25,2,22,9,121.5694904,25.04949486
111,6,26,10,20,2,06松山區,松山區基隆路1段與八德路4段口,0,0,2,2,C03,8,1,5,50,5,1,1,5,4,5,7,2,1,1,4,5,2,13,2,25,2,8,1,1,7,9,1,10,2,11,,44,25,1,23,9,121.5694904,25.04949486
111,6,26,10,20,2,06松山區,松山區基隆路1段與八德路4段口,0,0,2,3,C03,8,1,5,50,5,1,1,5,4,5,7,2,1,1,4,5,2,13,1,30,2,5,1,1,7,9,1,10,2,13,,44,25,1,23,9,121.5694904,25.04949486
111,6,26,10,23,2,09北投區,北投區裕民一路40巷5號,0,0,1,1,B03,8,1,5,30,14,9,1,5,4,5,7,4,4,10,5,5,1,9,1,73,3,10,1,1,7,9,1,8,2,5,,23,23,1,22,9,121.5178554,25.11639601
111,6,26,10,23,2,09北投區,北投區裕民一路40巷5號,0,0,1,2,H01,8,1,5,30,14,9,1,5,4,5,7,4,4,10,5,5,1,9,1,31,2,8,4,5,8,16,8,20,10,16,,60,23,1,22,9,121.5178554,25.11639601
111,6,26,10,38,2,10文山區,文山區木新路3段172巷與忠順街1段26巷27弄口,0,0,1,1,B01,8,1,5,30,4,1,1,5,4,3,5,4,4,10,5,5,2,15,1,61,3,10,1,1,7,9,1,4,1,1,,6,6,1,22,9,121.5605492,24.98222084
111,6,26,10,38,2,10文山區,文山區木新路3段172巷與忠順街1段26巷27弄口,0,0,1,2,C03,8,1,5,30,4,1,1,5,4,3,5,4,4,10,5,5,2,15,2,56,2,9,1,1,7,9,1,10,1,12,,23,6,1,22,9,121.5605492,24.98222084
111,6,26,10,38,2,10文山區,文山區木新路3段172巷與忠順街1段26巷27弄口,0,0,1,3,B03,8,1,5,30,4,1,1,5,4,3,5,4,4,10,5,5,2,15,1,66,3,10,1,1,7,13,1,8,11,15,,38,6,1,22,9,121.5605492,24.98222084
111,6,26,10,38,2,07信義區,信義區和平東路3段391巷8弄2號與和平東路3段391巷口,0,0,1,1,C03,8,1,5,30,4,1,1,5,4,5,7,4,4,10,1,5,2,15,1,58,2,9,1,1,7,9,1,10,1,12,,6,6,1,22,9,121.5579871,25.02004168
111,6,26,10,38,2,07信義區,信義區和平東路3段391巷8弄2號與和平東路3段391巷口,0,0,1,2,B01,8,1,5,30,4,1,1,5,4,5,7,4,4,10,1,5,2,15,1,59,3,10,1,1,7,9,1,4,1,8,,13,6,1,22,9,121.5579871,25.02004168
111,6,26,11,35,2,12內湖區,內湖區民權東路6段296巷與康寧路3段26巷口,0,0,1,1,B03,8,1,5,30,4,1,1,5,4,5,7,4,4,4,5,5,1,17,2,67,3,10,3,4,7,9,1,8,1,2,,6,6,1,22,9,121.6074945,25.07129651
111,6,26,11,35,2,12內湖區,內湖區民權東路6段296巷與康寧路3段26巷口,0,0,1,2,C03,8,1,5,30,4,1,1,5,4,5,7,4,4,4,5,5,1,17,2,60,2,8,3,4,7,9,1,10,1,11,,44,6,1,22,9,121.6074945,25.07129651
111,6,26,11,41,2,12內湖區,內湖區內湖路1段737巷與環山路3段口口,0,0,1,2,C03,8,1,5,50,3,1,1,5,4,5,7,4,4,10,5,5,2,17,2,30,2,9,1,1,7,14,1,10,9,12,,44,12,1,22,9,121.5790251,25.084351
111,6,26,11,41,2,12內湖區,內湖區內湖路1段737巷與環山路3段口口,0,0,1,1,B03,8,1,5,50,3,1,1,5,4,5,7,4,4,10,5,5,2,17,1,56,4,11,3,4,7,2,7,19,11,15,,12,12,2,22,9,121.5790251,25.084351
111,6,26,11,43,2,04大安區,大安區和平東路2段134號,0,0,1,1,C03,8,1,5,50,14,9,1,5,4,5,7,2,1,1,4,5,2,17,1,24,2,8,1,1,7,9,1,10,1,11,,16,16,1,22,9,121.5446233,25.02473961
111,6,26,11,43,2,04大安區,大安區和平東路2段134號,0,0,1,2,B03,8,1,5,50,14,9,1,5,4,5,7,2,1,1,4,5,2,17,1,45,3,10,1,1,7,14,1,8,1,3,,44,16,1,22,9,121.5446233,25.02473961
111,6,26,11,50,2,11南港區,南港區向陽路與重陽路口口,0,0,1,1,B03,8,1,5,50,4,1,1,5,4,5,7,2,1,1,4,5,2,12,1,51,3,10,1,1,7,9,1,8,1,8,,26,26,1,22,9,121.5945031,25.0548281
111,6,26,11,50,2,11南港區,南港區向陽路與重陽路口口,0,0,1,2,C03,8,1,5,50,4,1,1,5,4,5,7,2,1,1,4,5,2,12,1,18,2,8,1,1,7,8,1,10,1,12,,7,26,1,22,9,121.5945031,25.0548281
111,6,26,13,13,2,04大安區,大安區基隆路4段41巷68弄(軍營前),0,0,1,1,C03,8,1,5,30,14,9,1,5,4,5,7,2,1,8,3,5,2,12,2,59,2,4,1,1,7,9,1,10,1,11,,16,16,1,22,9,121.5411315,25.01135928
111,6,26,13,13,2,04大安區,大安區基隆路4段41巷68弄(軍營前),0,0,1,2,B03,8,1,5,30,14,9,1,5,4,5,7,2,1,8,3,5,2,12,1,49,3,10,1,1,7,9,1,8,1,6,,44,16,1,22,9,121.5411315,25.01135928
111,6,26,13,13,2,04大安區,大安區基隆路4段41巷68弄(軍營前),0,0,1,3,,8,1,5,30,14,9,1,5,4,5,7,2,1,8,3,5,2,12,3,,,,,,,,,,,,,67,16,1,,,121.5411315,25.01135928
111,6,26,14,10,2,04大安區,大安區延吉街126巷與延吉街口口,0,0,1,1,B01,8,1,5,30,4,1,1,5,4,5,7,4,4,10,3,5,2,15,1,38,3,10,1,1,7,9,1,4,1,1,,6,6,1,22,9,121.5547681,25.0403004
111,6,26,14,10,2,04大安區,大安區延吉街126巷與延吉街口口,0,0,1,2,C03,8,1,5,30,4,1,1,5,4,5,7,4,4,10,3,5,2,15,1,19,2,9,1,1,7,9,1,10,1,12,,23,6,1,22,9,121.5547681,25.0403004
111,6,26,14,45,2,04大安區,大安區潮州街與潮州街98巷口,0,0,2,1,C03,8,1,5,50,3,1,1,5,4,5,7,4,4,9,5,5,2,16,1,37,2,9,1,1,7,7,1,10,1,14,,7,7,1,22,9,121.5252578,25.0290512
111,6,26,14,45,2,04大安區,大安區潮州街與潮州街98巷口,0,0,2,2,C03,8,1,5,50,3,1,1,5,4,5,7,4,4,9,5,5,2,16,2,27,2,9,1,1,7,9,1,10,1,12,,44,7,1,22,9,121.5252578,25.0290512
111,6,26,15,21,2,04大安區,大安區金山南路2段52號,0,0,1,1,B03,6,1,5,0,14,9,1,4,4,5,7,4,4,1,4,5,2,12,1,47,3,10,1,1,7,8,1,8,1,5,,7,7,1,22,9,121.5265628,25.0325262
111,6,26,15,21,2,04大安區,大安區金山南路2段52號,0,0,1,2,C03,6,1,5,0,14,9,1,4,4,5,7,4,4,1,4,5,2,12,1,25,2,9,1,3,7,9,1,10,1,14,,44,7,1,22,9,121.5265628,25.0325262
111,6,26,15,27,2,09北投區,北投區豐年路2段142-1號,0,0,2,1,C03,8,1,5,40,14,9,1,5,4,5,7,4,4,9,5,5,2,12,2,18,2,9,3,1,7,9,1,10,1,11,,16,16,1,22,9,121.4934353,25.13698926
111,6,26,15,27,2,09北投區,北投區豐年路2段142-1號,0,0,2,2,B03,8,1,5,40,14,9,1,5,4,5,7,4,4,9,5,5,2,12,1,60,3,10,1,1,7,9,1,8,1,3,,44,16,1,22,9,121.4934353,25.13698926
111,6,26,15,27,2,09北投區,北投區豐年路2段142-1號,0,0,2,3,H02,8,1,5,40,14,9,1,5,4,5,7,4,4,9,5,5,2,12,1,18,2,9,4,5,7,21,8,20,10,16,,67,16,1,22,9,121.4934353,25.13698926
111,6,26,15,40,2,05中正區,中正區重慶北路1段與北平西路口,0,0,2,1,B01,6,1,5,50,4,1,1,4,4,5,7,1,1,10,4,5,1,12,1,67,3,10,1,1,7,5,1,4,2,8,,23,23,1,22,9,121.5133754,25.048244
111,6,26,15,40,2,05中正區,中正區重慶北路1段與北平西路口,0,0,2,2,C03,6,1,5,50,4,1,1,4,4,5,7,1,1,10,4,5,1,12,1,23,2,8,1,1,7,5,1,10,2,13,,44,23,1,22,9,121.5133754,25.048244
111,6,26,15,40,2,05中正區,中正區重慶北路1段與北平西路口,0,0,2,3,H02,6,1,5,50,4,1,1,4,4,5,7,1,1,10,4,5,1,12,2,19,2,1,1,1,7,21,8,20,10,16,,67,23,1,22,9,121.5133754,25.048244
111,6,26,16,44,2,02萬華區,萬華區西園路2段39號前,0,0,4,1,C03,8,1,5,50,14,9,1,5,4,5,7,1,1,3,4,5,2,16,1,29,2,8,1,1,7,6,1,10,1,12,,9,9,1,22,9,121.4973929,25.03192628
111,6,26,16,44,2,02萬華區,萬華區西園路2段39號前,0,0,4,2,C03,8,1,5,50,14,9,1,5,4,5,7,1,1,3,4,5,2,16,2,52,2,9,1,1,7,9,1,10,1,14,,44,9,1,22,9,121.4973929,25.03192628
111,6,26,16,44,2,02萬華區,萬華區西園路2段39號前,0,0,4,3,H02,8,1,5,50,14,9,1,5,4,5,7,1,1,3,4,5,2,16,2,28,2,9,4,5,7,20,8,20,10,16,,67,9,1,22,9,121.4973929,25.03192628