發生年度,發生月,發生日,發生時-Hours,發生分,處理別-編號,區序,肇事地點,死亡人數,2-30日死亡人數,受傷人數,當事人序號,車種,天候,光線,道路類別,速限-速度限制,道路型態,事故位置,路面狀況1,路面狀況2,路面狀況3,道路障礙1,道路障礙2,號誌1,號誌2,車道劃分-分向,車道劃分-分道1,車道劃分-分道2,車道劃分-分道3,事故類型及型態,性別,年齡,受傷程度,主要傷處,安全帽,行動電話,車輛用途,當事者行動狀態,駕駛資格情形,駕駛執照種類,飲酒情形,車輛撞擊部位1,車輛撞擊部位2,肇因碼-個別,肇因碼-主要,個人肇逃否,職業,旅次目的,座標-X,座標-Y
111,6,26,16,44,2,02萬華區,萬華區西園路2段39號前,0,0,4,4,H02,8,1,5,50,14,9,1,5,4,5,7,1,1,3,4,5,2,16,1,13,2,9,4,5,7,20,8,20,10,16,,67,9,1,22,9,121.4973929,25.03192628
111,6,26,17,0,2,12內湖區,內湖區成功路3段與成功路3段157巷口,0,0,2,1,C03,8,1,5,50,3,1,1,5,4,5,7,4,4,1,4,4,1,16,1,27,2,8,1,1,7,6,1,10,1,12,,9,9,1,22,9,121.5900448,25.07972755
111,6,26,17,0,2,12內湖區,內湖區成功路3段與成功路3段157巷口,0,0,2,2,C03,8,1,5,50,3,1,1,5,4,5,7,4,4,1,4,4,1,16,1,50,3,10,1,1,7,9,1,10,1,11,,44,9,1,22,9,121.5900448,25.07972755
111,6,26,17,0,2,12內湖區,內湖區成功路3段與成功路3段157巷口,0,0,2,3,H02,8,1,5,50,3,1,1,5,4,5,7,4,4,1,4,4,1,16,1,15,2,3,1,5,7,21,8,20,10,16,,67,9,1,22,9,121.5900448,25.07972755
111,6,26,17,46,2,02萬華區,萬華區華中橋往新北市機車道,0,0,3,1,C03,8,1,5,40,14,11,1,5,4,5,7,4,4,10,5,5,2,13,1,59,2,9,1,1,7,9,6,18,1,11,,23,23,1,22,9,121.4954566,25.0138094
111,6,26,17,46,2,02萬華區,萬華區華中橋往新北市機車道,0,0,3,2,C03,8,1,5,40,14,11,1,5,4,5,7,4,4,10,5,5,2,13,1,24,2,9,1,1,7,9,1,10,1,14,,44,23,1,22,9,121.4954566,25.0138094
111,6,26,17,46,2,02萬華區,萬華區華中橋往新北市機車道,0,0,3,3,C03,8,1,5,40,14,11,1,5,4,5,7,4,4,10,5,5,2,13,2,26,3,10,1,1,7,9,1,10,1,13,,44,23,1,22,9,121.4954566,25.0138094
111,6,26,17,46,2,02萬華區,萬華區華中橋往新北市機車道,0,0,3,4,H02,8,1,5,40,14,11,1,5,4,5,7,4,4,10,5,5,2,13,2,29,2,9,4,5,7,20,8,20,10,16,,67,23,1,22,9,121.4954566,25.0138094
111,6,26,18,0,2,12內湖區,內湖區成功交流道與成功路2段口,0,0,2,1,C03,8,1,5,50,5,1,1,5,4,5,7,1,1,1,5,4,2,13,2,25,2,9,1,1,7,9,1,10,2,11,,16,16,1,22,9,121.5900632,25.0657536
111,6,26,18,0,2,12內湖區,內湖區成功交流道與成功路2段口,0,0,2,2,C03,8,1,5,50,5,1,1,5,4,5,7,1,1,1,5,4,2,13,2,41,3,10,1,1,7,14,1,10,2,13,,44,16,1,22,9,121.5900632,25.0657536
111,6,26,18,0,2,12內湖區,內湖區成功交流道與成功路2段口,0,0,2,3,H02,8,1,5,50,5,1,1,5,4,5,7,1,1,1,5,4,2,13,1,15,2,7,1,5,7,21,8,20,10,16,,67,16,1,22,9,121.5900632,25.0657536
111,6,26,18,6,2,04大安區,大安區基隆路2段160號,0,0,1,1,C03,8,1,5,50,14,9,1,5,4,5,7,4,4,1,4,5,2,18,1,24,2,9,1,1,7,12,1,10,1,14,,13,13,1,22,9,121.5561492,25.0276011
111,6,26,18,6,2,04大安區,大安區基隆路2段160號,0,0,1,2,,8,1,5,50,14,9,1,5,4,5,7,4,4,1,4,5,2,18,3,,,,,,,,,,,,,67,13,1,,,121.5561492,25.0276011
111,6,26,18,23,2,03中山區,中山區民生東路2段與中原街口,0,0,1,1,B03,8,1,5,50,4,1,1,5,4,5,7,1,1,5,4,5,2,12,1,47,3,10,1,1,7,6,1,8,1,2,,9,9,1,22,9,121.5289771,25.0580835
111,6,26,18,23,2,03中山區,中山區民生東路2段與中原街口,0,0,1,2,C03,8,1,5,50,4,1,1,5,4,5,7,1,1,5,4,5,2,12,2,21,2,9,1,1,7,9,1,10,1,14,,44,9,1,22,9,121.5289771,25.0580835
111,6,26,18,45,2,12內湖區,內湖區內湖路1段679號前,0,0,1,1,A02,8,3,5,40,14,8,1,5,4,5,7,4,4,1,4,4,2,12,1,24,3,10,1,1,7,8,1,2,11,2,,7,7,2,22,9,121.5762125,25.07973882
111,6,26,18,45,2,12內湖區,內湖區內湖路1段679號前,0,0,1,2,C04,8,3,5,40,14,8,1,5,4,5,7,4,4,1,4,4,2,12,2,58,2,9,1,1,7,9,1,11,1,14,,44,7,1,22,9,121.5762125,25.07973882
111,6,26,19,10,2,07信義區,信義區吳興街284巷35號,0,0,1,1,C03,8,3,5,30,14,9,1,5,4,5,7,4,4,10,5,5,2,10,2,39,2,8,1,1,7,1,1,10,1,11,,19,19,1,22,9,121.5636507,25.0229099
111,6,26,19,10,2,07信義區,信義區吳興街284巷35號,0,0,1,2,B03,8,3,5,30,14,9,1,5,4,5,7,4,4,10,5,5,2,10,1,30,3,10,1,1,7,9,1,8,1,1,,44,19,1,22,9,121.5636507,25.0229099
111,6,26,19,50,2,05中正區,中正區汀州路3段197號前,0,0,2,1,C03,8,3,5,50,14,12,1,5,4,5,7,4,4,5,5,5,2,13,1,33,2,8,1,1,7,9,1,10,2,11,,16,16,1,22,9,121.5330854,25.01454776
111,6,26,19,50,2,05中正區,中正區汀州路3段197號前,0,0,2,2,C03,8,3,5,50,14,12,1,5,4,5,7,4,4,5,5,5,2,13,2,28,2,8,1,1,7,9,1,10,2,13,,44,16,1,22,9,121.5330854,25.01454776
111,6,26,19,50,2,05中正區,中正區汀州路3段197號前,0,0,2,3,C03,8,3,5,50,14,12,1,5,4,5,7,4,4,5,5,5,2,13,1,20,3,10,1,1,7,9,1,10,2,15,,37,16,1,22,9,121.5330854,25.01454776
111,6,26,20,45,2,10文山區,文山區木柵路1段與辛亥路6段口,0,0,3,1,C03,8,3,5,50,4,2,1,5,4,5,7,2,1,1,4,5,2,16,2,26,2,8,1,1,7,5,1,10,2,12,,6,6,1,22,9,121.5523931,24.9878863
111,6,26,20,45,2,10文山區,文山區木柵路1段與辛亥路6段口,0,0,3,2,C03,8,3,5,50,4,2,1,5,4,5,7,2,1,1,4,5,2,16,1,44,2,7,1,1,7,9,1,9,2,11,,44,6,1,21,8,121.5523931,24.9878863
111,6,26,20,45,2,10文山區,文山區木柵路1段與辛亥路6段口,0,0,3,3,H02,8,3,5,50,4,2,1,5,4,5,7,2,1,1,4,5,2,16,2,25,2,8,1,1,7,17,8,20,10,16,,67,6,1,21,8,121.5523931,24.9878863
111,6,26,21,0,2,07信義區,信義區松隆路與松信路口,0,0,3,1,H01,8,3,5,50,4,2,1,5,4,5,7,1,1,1,5,5,2,3,1,73,2,9,4,5,8,16,8,20,10,16,,52,52,1,22,9,121.5721141,25.0470793
111,6,26,21,0,2,07信義區,信義區松隆路與松信路口,0,0,3,2,C03,8,3,5,50,4,2,1,5,4,5,7,1,1,1,5,5,2,3,2,40,2,9,3,4,7,9,1,10,2,11,,15,52,1,22,9,121.5721141,25.0470793
111,6,26,21,0,2,07信義區,信義區松隆路與松信路口,0,0,3,3,H02,8,3,5,50,4,2,1,5,4,5,7,1,1,1,5,5,2,3,1,40,2,9,3,4,7,20,8,20,10,16,,67,52,1,22,9,121.5721141,25.0470793
111,6,26,21,20,2,10文山區,文山區辛亥路7段(近寶橋),0,0,1,1,C03,8,3,5,50,11,9,1,5,4,5,7,4,4,1,5,5,2,18,1,25,2,9,3,4,7,9,1,10,2,12,,43,43,1,22,9,121.5539964,24.98038343
111,6,26,21,20,2,10文山區,文山區辛亥路7段(近寶橋),0,0,1,2,,8,3,5,50,11,9,1,5,4,5,7,4,4,1,5,5,2,18,3,,,,,,,,,,,,,67,43,1,,,121.5539964,24.98038343
111,6,26,21,27,2,07信義區,信義區大道路115號,0,0,1,1,,8,3,5,50,14,9,1,5,4,5,7,4,4,9,4,5,1,9,4,,4,11,3,4,7,15,7,19,11,15,,43,43,2,22,9,121.5830811,25.03959237
111,6,26,21,27,2,07信義區,信義區大道路115號,0,0,1,2,H01,8,3,5,50,14,9,1,5,4,5,7,4,4,9,4,5,1,9,1,38,2,8,4,5,8,16,8,20,10,16,,51,43,1,22,9,121.5830811,25.03959237
111,6,26,21,52,2,05中正區,中正區北平東路與林森北路口口,0,0,1,1,B03,8,3,5,50,4,2,1,5,4,5,7,1,1,5,4,5,2,17,1,43,3,10,1,1,7,5,1,8,1,2,,8,8,1,22,9,121.5236689,25.0461999
111,6,26,21,52,2,05中正區,中正區北平東路與林森北路口口,0,0,1,2,F01,8,3,5,50,4,2,1,5,4,5,7,1,1,5,4,5,2,17,2,54,2,8,1,1,7,6,8,20,1,15,,44,8,1,22,9,121.5236689,25.0461999
111,6,26,22,15,2,03中山區,中山區南京東路3段與建國北路1段口,0,0,2,1,C03,7,3,5,50,4,1,1,5,4,5,7,1,1,10,2,5,2,12,2,20,2,9,1,4,7,9,1,10,2,14,,42,42,1,22,9,121.5370691,25.05181413
111,6,26,22,15,2,03中山區,中山區南京東路3段與建國北路1段口,0,0,2,2,B03,7,3,5,50,4,1,1,5,4,5,7,1,1,10,2,5,2,12,1,19,3,10,1,4,7,6,1,8,2,5,,9,42,1,22,9,121.5370691,25.05181413
111,6,26,22,15,2,03中山區,中山區南京東路3段與建國北路1段口,0,0,2,3,H02,7,3,5,50,4,1,1,5,4,5,7,1,1,10,2,5,2,12,2,22,2,9,2,4,7,20,8,20,10,16,,67,42,1,22,9,121.5370691,25.05181413
111,6,26,22,33,2,04大安區,大安區仁愛路4段與大安路1段口,0,0,1,1,B01,8,3,5,50,4,2,1,5,4,5,7,1,1,10,3,5,2,17,1,59,3,10,1,1,7,9,1,4,1,15,,17,17,1,22,9,121.5461816,25.035479
111,6,26,22,33,2,04大安區,大安區仁愛路4段與大安路1段口,0,0,1,2,C03,8,3,5,50,4,2,1,5,4,5,7,1,1,10,3,5,2,17,1,38,2,8,1,1,7,14,1,10,1,15,,44,17,1,22,9,121.5461816,25.035479
111,6,27,0,50,2,03中山區,中山區中山北路2段與民權西路口,0,0,1,1,B03,7,3,5,50,4,1,1,5,4,5,7,3,1,10,4,5,2,16,1,33,3,10,1,4,7,5,1,8,1,5,,8,8,1,22,9,121.5225533,25.06287479
111,6,27,0,50,2,03中山區,中山區中山北路2段與民權西路口,0,0,1,2,C03,7,3,5,50,4,1,1,5,4,5,7,3,1,10,4,5,2,16,1,44,2,9,1,4,7,9,1,10,1,11,,13,8,1,22,9,121.5225533,25.06287479
111,6,27,1,0,2,10文山區,文山區木柵路1段與試院路口(單號),0,0,1,1,B01,8,3,5,50,4,1,1,5,4,5,7,1,1,5,4,5,2,17,1,59,3,10,3,4,7,5,1,4,1,4,,8,8,1,22,9,121.5489508,24.98724348
111,6,27,1,0,2,10文山區,文山區木柵路1段與試院路口(單號),0,0,1,2,C03,8,3,5,50,4,1,1,5,4,5,7,1,1,5,4,5,2,17,1,58,2,7,3,4,7,9,1,10,1,11,,44,8,1,22,9,121.5489508,24.98724348
111,6,27,5,14,2,07信義區,信義區忠孝東路5段236巷68號,0,0,1,1,B03,8,1,5,30,14,9,1,5,4,5,7,4,4,9,4,5,1,29,2,46,2,8,3,4,7,9,1,8,2,5,,23,23,1,22,9,121.57191,25.03717782
111,6,27,5,14,2,07信義區,信義區忠孝東路5段236巷68號,0,0,1,2,,8,1,5,30,14,9,1,5,4,5,7,4,4,9,4,5,1,29,3,,,,,,,,,,,,,67,23,1,,,121.57191,25.03717782
111,6,27,5,48,2,07信義區,信義區和平東路3段557號,0,0,2,1,C04,8,1,5,40,14,18,1,5,4,5,7,2,1,9,4,5,1,3,2,61,2,8,3,4,7,9,1,11,1,11,,15,15,1,22,9,121.5608991,25.01580132
111,6,27,5,48,2,07信義區,信義區和平東路3段557號,0,0,2,2,H01,8,1,5,40,14,18,1,5,4,5,7,2,1,9,4,5,1,3,1,98,2,9,4,5,8,16,8,20,10,16,,52,15,1,22,9,121.5608991,25.01580132
111,6,27,7,0,2,09北投區,(文林北路300號前),0,0,1,1,B03,8,1,8,50,15,22,1,5,4,5,7,4,4,2,3,2,1,17,1,45,3,10,3,4,7,1,1,8,1,1,,6,6,1,22,9,121.5119062,25.1104393
111,6,27,7,0,2,09北投區,(文林北路300號前),0,0,1,2,C03,8,1,8,50,15,22,1,5,4,5,7,4,4,2,3,2,1,17,1,70,2,9,1,4,7,9,1,10,1,11,,44,6,1,22,9,121.5119062,25.1104393
111,6,27,7,28,2,05中正區,中正區南海路49號,0,0,1,1,C03,8,1,5,30,14,9,1,5,4,5,7,1,1,10,4,5,2,20,1,59,2,9,1,1,7,9,1,10,2,14,,13,13,1,22,9,121.5114145,25.03107238
111,6,27,7,28,2,05中正區,中正區南海路49號,0,0,1,2,,8,1,5,30,14,9,1,5,4,5,7,1,1,10,4,5,2,20,3,,,,,,,,,,,,,67,13,1,,,121.5114145,25.03107238
111,6,27,7,30,2,07信義區,信義區松信路與永吉路200巷24弄口,0,0,1,2,F01,8,1,5,50,4,1,1,5,4,5,7,1,1,9,4,4,2,15,1,81,2,9,1,1,7,9,8,20,1,16,,44,25,1,22,9,121.5720821,25.0446747
111,6,27,7,30,2,07信義區,信義區松信路與永吉路200巷24弄口,0,0,1,1,B03,8,1,5,50,4,1,1,5,4,5,7,1,1,9,4,4,2,15,1,46,3,10,3,4,7,9,1,8,1,5,,25,25,1,22,9,121.5720821,25.0446747
111,6,27,7,43,2,04大安區,大安區信義路4段54號,0,0,1,1,B01,8,1,5,50,14,9,1,5,4,5,7,4,4,1,4,5,2,12,1,42,3,10,2,1,7,9,1,4,2,5,,23,23,1,22,9,121.5449312,25.03315
111,6,27,7,43,2,04大安區,大安區信義路4段54號,0,0,1,2,C03,8,1,5,50,14,9,1,5,4,5,7,4,4,1,4,5,2,12,1,60,2,9,1,1,7,7,1,10,2,14,,7,23,1,22,9,121.5449312,25.03315
111,6,27,7,47,2,09北投區,北投區西安街1段313巷與西安街1段313巷16弄口,0,0,2,1,C03,8,1,5,30,4,1,1,5,4,5,7,4,4,10,5,5,2,15,1,61,2,9,1,1,7,9,1,10,2,11,,6,6,1,22,9,121.5156047,25.11257266
111,6,27,7,47,2,09北投區,北投區西安街1段313巷與西安街1段313巷16弄口,0,0,2,2,C03,8,1,5,30,4,1,1,5,4,5,7,4,4,10,5,5,2,15,2,26,2,9,1,1,7,9,1,10,2,14,,23,6,1,22,9,121.5156047,25.11257266
111,6,27,8,31,2,04大安區,大安區和平東路2段與復興南路2段口,0,0,1,1,C04,8,1,5,50,4,1,1,5,4,5,7,1,1,10,4,5,2,17,2,30,2,9,1,1,7,8,1,10,1,12,,7,7,1,22,9,121.5433547,25.02481159
111,6,27,8,31,2,04大安區,大安區和平東路2段與復興南路2段口,0,0,1,2,C03,8,1,5,50,4,1,1,5,4,5,7,1,1,10,4,5,2,17,1,75,3,10,1,1,7,9,1,10,1,14,,44,7,1,22,9,121.5433547,25.02481159
111,6,27,8,33,2,02萬華區,萬華區康定路與康定路372巷口,0,0,2,1,C03,8,1,5,50,4,1,1,5,4,5,7,2,1,4,4,5,2,17,1,40,2,9,1,1,7,5,1,10,9,11,,6,6,1,22,9,121.500974,25.03408504
111,6,27,8,33,2,02萬華區,萬華區康定路與康定路372巷口,0,0,2,2,C03,8,1,5,50,4,1,1,5,4,5,7,2,1,4,4,5,2,17,2,19,2,9,1,1,7,9,1,10,9,14,,13,6,1,22,9,121.500974,25.03408504
111,6,27,8,37,2,08士林區,士林區福國路文林橋東向西,0,0,1,1,B03,8,1,5,50,14,9,1,5,4,5,7,4,4,3,4,5,1,17,1,66,3,10,1,1,7,4,1,8,2,5,,23,23,1,22,9,121.5179175,25.10196007
111,6,27,8,37,2,08士林區,士林區福國路文林橋東向西,0,0,1,2,C03,8,1,5,50,14,9,1,5,4,5,7,4,4,3,4,5,1,17,2,58,2,9,1,1,7,21,1,10,9,14,,44,23,1,22,9,121.5179175,25.10196007
111,6,27,8,52,2,11南港區,南港區忠孝東路7段506號,0,0,2,1,H03,8,1,5,0,14,9,1,5,4,1,7,4,4,1,4,5,2,9,1,62,3,10,4,5,8,20,8,20,10,16,,60,60,1,21,8,121.5970959,25.05084139
111,6,27,8,52,2,11南港區,南港區忠孝東路7段506號,0,0,2,2,C03,8,1,5,0,14,9,1,5,4,1,7,4,4,1,4,5,2,9,1,27,2,7,1,1,7,9,1,10,2,11,,44,60,1,21,8,121.5970959,25.05084139
111,6,27,8,52,2,11南港區,南港區忠孝東路7段506號,0,0,2,3,F01,8,1,5,0,14,9,1,5,4,1,7,4,4,1,4,5,2,9,1,38,2,7,1,1,7,8,8,20,2,16,,7,60,1,21,8,121.5970959,25.05084139
111,6,27,8,57,2,05中正區,中正區中山南路與仁愛路1段口,0,0,1,1,C03,8,1,5,50,14,9,1,5,4,5,7,4,4,8,3,1,2,13,1,24,2,9,1,1,7,9,1,10,2,11,,16,16,1,22,9,121.5179447,25.03949696
111,6,27,8,57,2,05中正區,中正區中山南路與仁愛路1段口,0,0,1,2,C03,8,1,5,50,14,9,1,5,4,5,7,4,4,8,3,1,2,13,1,31,3,10,1,1,7,9,1,10,2,13,,44,16,1,22,9,121.5179447,25.03949696
111,6,27,8,58,2,04大安區,大安區信義路2段116號,0,0,1,1,B01,8,1,5,50,14,9,1,5,4,5,7,4,4,9,4,5,2,12,1,62,3,10,1,1,7,1,1,8,1,4,,19,19,1,22,9,121.5278728,25.03388379
111,6,27,8,58,2,04大安區,大安區信義路2段116號,0,0,1,2,C03,8,1,5,50,14,9,1,5,4,5,7,4,4,9,4,5,2,12,1,34,2,9,1,1,7,9,1,10,1,12,,13,19,1,22,9,121.5278728,25.03388379
111,6,27,9,15,2,10文山區,文山區木柵路4段與秀明路1段口口,0,0,1,1,C03,8,1,5,50,4,1,1,5,4,5,7,2,1,4,4,5,1,13,2,51,2,7,1,4,7,9,1,10,1,11,,23,23,1,22,9,121.5711526,24.99183945
111,6,27,9,15,2,10文山區,文山區木柵路4段與秀明路1段口口,0,0,1,2,C03,8,1,5,50,4,1,1,5,4,5,7,2,1,4,4,5,1,13,1,40,3,10,1,4,7,5,1,10,1,13,,8,23,1,22,9,121.5711526,24.99183945
111,6,27,9,25,2,10文山區,文山區光輝路與光輝路21巷口口前,0,0,1,1,C03,8,1,5,30,4,1,1,5,4,5,7,4,4,10,5,5,2,16,1,18,2,9,1,1,7,9,1,10,1,12,,6,6,1,22,9,121.5549414,24.98584287
111,6,27,9,25,2,10文山區,文山區光輝路與光輝路21巷口口前,0,0,1,2,B01,8,1,5,30,4,1,1,5,4,5,7,4,4,10,5,5,2,16,1,49,3,10,1,4,7,9,1,4,1,5,,14,6,1,22,9,121.5549414,24.98584287
111,6,27,10,5,2,12內湖區,內湖區康樂街與康樂街72巷口,0,0,1,1,B03,8,1,5,50,4,1,1,5,4,5,7,2,1,5,5,5,1,16,2,53,3,10,1,1,7,5,1,8,1,2,,25,25,1,22,9,121.6186331,25.06946411
111,6,27,10,5,2,12內湖區,內湖區康樂街與康樂街72巷口,0,0,1,2,C03,8,1,5,50,4,1,1,5,4,5,7,2,1,5,5,5,1,16,2,70,2,8,1,1,7,9,4,8,1,11,,25,25,1,22,9,121.6186331,25.06946411
111,6,27,10,12,2,03中山區,中山區復興北路與五常街口,0,0,2,1,B03,8,1,5,50,4,2,1,5,4,5,7,1,1,1,3,5,1,12,1,36,3,10,1,1,7,6,1,8,2,2,,9,9,1,22,9,121.5441705,25.06426198
111,6,27,10,12,2,03中山區,中山區復興北路與五常街口,0,0,2,2,C03,8,1,5,50,4,2,1,5,4,5,7,1,1,1,3,5,1,12,1,23,2,8,1,1,7,9,1,10,2,11,,44,9,1,22,9,121.5441705,25.06426198
111,6,27,10,12,2,03中山區,中山區復興北路與五常街口,0,0,2,3,C03,8,1,5,50,4,2,1,5,4,5,7,1,1,1,3,5,1,12,2,61,2,8,1,1,7,14,1,10,2,14,,44,9,1,22,9,121.5441705,25.06426198
111,6,27,11,0,2,06松山區,松山區南京東路5段163號,0,0,1,1,B12,8,1,5,40,14,7,1,5,4,5,7,4,4,3,3,4,2,17,1,49,3,10,1,1,7,1,1,8,2,15,,19,19,1,22,9,121.562654,25.05151487
111,6,27,11,0,2,06松山區,松山區南京東路5段163號,0,0,1,2,C03,8,1,5,40,14,7,1,5,4,5,7,4,4,3,3,4,2,17,1,21,2,9,1,1,7,8,1,10,2,12,,7,19,1,22,9,121.562654,25.05151487
111,6,27,11,0,2,06松山區,松山區南京東路5段163號,0,0,1,3,B12,8,1,5,40,14,7,1,5,4,5,7,4,4,3,3,4,2,17,1,58,3,10,1,1,7,13,1,8,2,15,,42,19,1,22,9,121.562654,25.05151487
111,6,27,11,10,2,06松山區,松山區光復北路與民權東路4段口,0,0,1,1,C03,8,1,5,40,4,2,1,5,4,5,7,2,1,1,4,4,2,13,2,35,2,9,1,4,7,9,1,10,1,11,,16,16,1,22,9,121.5545711,25.06181324
111,6,27,11,10,2,06松山區,松山區光復北路與民權東路4段口,0,0,1,2,C03,8,1,5,40,4,2,1,5,4,5,7,2,1,1,4,4,2,13,1,69,3,10,1,4,7,9,1,10,1,13,,44,16,1,22,9,121.5545711,25.06181324
111,6,27,12,4,2,05中正區,中正區中山南路與信義路1段口,0,0,1,1,B03,8,1,5,50,5,1,1,5,4,5,7,1,1,1,3,1,2,17,1,34,3,10,2,4,7,6,1,8,2,2,,44,44,1,22,9,121.5177819,25.03856532
111,6,27,12,4,2,05中正區,中正區中山南路與信義路1段口,0,0,1,2,C03,8,1,5,50,5,1,1,5,4,5,7,1,1,1,3,1,2,17,1,29,2,9,1,1,7,9,1,10,2,14,,44,44,1,22,9,121.5177819,25.03856532
111,6,27,12,11,2,09北投區,北投區義理街63巷4弄與立農街2段202巷3弄口,0,0,3,1,C03,8,1,5,30,4,1,1,5,4,5,7,4,4,10,5,5,2,15,2,51,2,9,1,1,7,11,1,10,11,11,,43,43,1,22,9,121.5154369,25.1181547
111,6,27,12,11,2,09北投區,北投區義理街63巷4弄與立農街2段202巷3弄口,0,0,3,2,C03,8,1,5,30,4,1,1,5,4,5,7,4,4,10,5,5,2,15,1,59,2,8,1,1,7,9,1,10,11,14,,43,43,1,22,9,121.5154369,25.1181547
111,6,27,12,11,2,09北投區,北投區義理街63巷4弄與立農街2段202巷3弄口,0,0,3,3,H02,8,1,5,30,4,1,1,5,4,5,7,4,4,10,5,5,2,15,2,25,2,8,1,1,7,20,8,20,10,15,,67,43,1,22,9,121.5154369,25.1181547
111,6,27,12,18,2,06松山區,松山區民權東路3段與民族東路口,0,0,1,1,C03,8,1,5,50,3,1,1,5,4,5,7,4,4,1,4,1,2,17,1,46,2,7,1,4,7,9,1,10,1,14,,13,13,1,22,9,121.5499506,25.06177446
111,6,27,12,18,2,06松山區,松山區民權東路3段與民族東路口,0,0,1,2,C03,8,1,5,50,3,1,1,5,4,5,7,4,4,1,4,1,2,17,1,31,3,10,1,4,7,6,1,10,1,15,,9,13,1,22,9,121.5499506,25.06177446
111,6,27,13,5,2,03中山區,中山區五常街與民族東路410巷口,0,0,1,1,B12,8,1,5,30,3,1,1,5,4,5,7,4,4,4,5,5,1,12,1,22,3,10,3,4,7,5,1,8,1,8,,8,8,1,22,9,121.5383033,25.0643556
111,6,27,13,5,2,03中山區,中山區五常街與民族東路410巷口,0,0,1,2,C03,8,1,5,30,3,1,1,5,4,5,7,4,4,4,5,5,1,12,2,43,2,9,3,4,7,9,1,10,1,12,,44,8,1,22,9,121.5383033,25.0643556
111,6,27,13,7,2,08士林區,士林區東山路25巷與東山路口,0,0,2,1,B03,8,1,5,50,3,2,1,5,4,5,7,3,1,1,4,5,1,17,1,54,3,10,1,1,7,11,1,8,2,5,,10,10,1,21,8,121.5390799,25.11644736
111,6,27,13,7,2,08士林區,士林區東山路25巷與東山路口,0,0,2,2,C03,8,1,5,50,3,2,1,5,4,5,7,3,1,1,4,5,1,17,1,18,2,9,1,1,7,9,1,10,2,11,,13,10,1,21,8,121.5390799,25.11644736
111,6,27,13,7,2,08士林區,士林區東山路25巷與東山路口,0,0,2,4,A12,8,1,5,50,3,2,1,5,4,5,7,3,1,1,4,5,1,17,1,53,3,10,1,1,7,13,1,3,2,4,,38,10,1,21,8,121.5390799,25.11644736
111,6,27,13,7,2,08士林區,士林區東山路25巷與東山路口,0,0,2,3,H02,8,1,5,50,3,2,1,5,4,5,7,3,1,1,4,5,1,17,2,53,2,9,4,5,7,20,8,20,10,16,,67,10,1,21,8,121.5390799,25.11644736
111,6,27,13,10,2,03中山區,中山區長春路與建國北路2段口,0,0,1,1,B03,8,1,5,50,4,1,1,5,4,5,7,1,1,1,4,5,2,15,2,54,3,10,1,1,7,1,1,8,1,1,,25,25,1,22,9,121.5366352,25.05474889
111,6,27,13,10,2,03中山區,中山區長春路與建國北路2段口,0,0,1,2,B02,8,1,5,50,4,1,1,5,4,5,7,1,1,1,4,5,2,15,1,41,2,9,1,1,7,9,1,8,1,4,1,44,25,1,22,9,121.5366352,25.05474889
111,6,27,13,19,2,09北投區,北投區文林北路244巷與致遠一路1段口,0,0,2,1,C03,8,1,5,30,3,1,1,5,4,5,7,4,4,10,5,5,2,16,2,33,2,8,1,1,7,15,1,10,1,11,,6,6,1,22,9,121.515299,25.1093219
111,6,27,13,19,2,09北投區,北投區文林北路244巷與致遠一路1段口,0,0,2,2,C03,8,1,5,30,3,1,1,5,4,5,7,4,4,10,5,5,2,16,1,41,2,7,1,1,7,9,1,10,1,11,,44,6,1,22,9,121.515299,25.1093219
111,6,27,13,54,2,02萬華區,萬華區大理街108號對面,0,0,2,1,F01,6,1,5,30,14,9,1,4,4,5,7,4,4,10,5,5,2,17,2,57,2,8,1,1,7,1,8,20,10,16,,19,19,1,22,9,121.497906,25.03431091
111,6,27,13,54,2,02萬華區,萬華區大理街108號對面,0,0,2,2,C03,6,1,5,30,14,9,1,4,4,5,7,4,4,10,5,5,2,17,2,27,2,9,1,1,7,9,1,10,1,12,,13,19,1,22,9,121.497906,25.03431091
111,6,27,14,22,2,09北投區,北投區西安街2段與致遠二路口,0,0,1,1,A41,8,1,5,50,4,2,1,5,4,5,7,1,1,7,3,5,1,12,1,47,3,10,1,1,7,6,1,1,2,2,,42,42,1,22,9,121.5131694,25.11746312
111,6,27,14,22,2,09北投區,北投區西安街2段與致遠二路口,0,0,1,2,C03,8,1,5,50,4,2,1,5,4,5,7,1,1,7,3,5,1,12,2,21,2,9,1,1,7,9,1,10,2,14,,23,42,1,22,9,121.5131694,25.11746312
111,6,27,14,35,2,05中正區,中正區臨沂街與金山南路1段53巷口,0,0,1,1,B03,7,1,6,30,4,1,1,5,4,5,7,4,4,10,5,5,2,15,1,37,3,10,1,1,7,9,1,8,2,1,,6,6,1,22,9,121.5294459,25.03896867
111,6,27,14,35,2,05中正區,中正區臨沂街與金山南路1段53巷口,0,0,1,2,C03,7,1,6,30,4,1,1,5,4,5,7,4,4,10,5,5,2,15,1,66,2,9,1,1,7,9,1,10,2,11,,14,6,1,22,9,121.5294459,25.03896867