發生年度,發生月,發生日,發生時-Hours,發生分,處理別-編號,區序,肇事地點,死亡人數,2-30日死亡人數,受傷人數,當事人序號,車種,天候,光線,道路類別,速限-速度限制,道路型態,事故位置,路面狀況1,路面狀況2,路面狀況3,道路障礙1,道路障礙2,號誌1,號誌2,車道劃分-分向,車道劃分-分道1,車道劃分-分道2,車道劃分-分道3,事故類型及型態,性別,年齡,受傷程度,主要傷處,安全帽,行動電話,車輛用途,當事者行動狀態,駕駛資格情形,駕駛執照種類,飲酒情形,車輛撞擊部位1,車輛撞擊部位2,肇因碼-個別,肇因碼-主要,個人肇逃否,職業,旅次目的,座標-X,座標-Y
111,6,27,14,40,2,01大同區,大同區酒泉街與酒泉街50巷口,0,0,2,1,C03,7,1,5,30,4,1,1,5,4,5,7,4,4,9,4,5,2,15,1,18,2,8,1,4,7,9,1,10,1,11,,6,6,1,22,9,121.5166533,25.0717029
111,6,27,14,40,2,01大同區,大同區酒泉街與酒泉街50巷口,0,0,2,2,C03,7,1,5,30,4,1,1,5,4,5,7,4,4,9,4,5,2,15,1,73,2,8,1,4,7,9,1,10,1,14,,14,6,1,22,9,121.5166533,25.0717029
111,6,27,14,40,2,10文山區,文山區羅斯福路6段159巷與羅斯福路6段159巷1弄口,0,0,1,1,C03,7,1,5,30,4,1,1,4,4,5,7,3,1,10,5,5,2,15,2,30,2,9,1,1,7,9,1,10,2,12,,6,6,1,22,9,121.5412075,24.9972433
111,6,27,14,40,2,10文山區,文山區羅斯福路6段159巷與羅斯福路6段159巷1弄口,0,0,1,2,B12,7,1,5,30,4,1,1,4,4,5,7,3,1,10,5,5,2,15,1,25,3,10,1,1,7,9,1,8,2,1,,23,6,1,22,9,121.5412075,24.9972433
111,6,27,15,29,2,12內湖區,內湖區瑞光路與江南街口,0,0,1,1,C03,8,1,5,50,3,1,1,5,4,5,7,2,1,9,4,5,2,16,1,49,2,9,1,1,7,5,1,9,2,13,,25,25,1,22,9,121.5754364,25.0760766
111,6,27,15,29,2,12內湖區,內湖區瑞光路與江南街口,0,0,1,2,B03,8,1,5,50,3,1,1,5,4,5,7,2,1,9,4,5,2,16,1,31,3,10,3,4,7,9,1,8,2,8,,14,25,1,22,9,121.5754364,25.0760766
111,6,27,15,40,2,02萬華區,萬華區堤外便道大理華中光復橋旁,0,0,2,1,C03,7,1,5,40,14,9,1,5,4,5,7,4,4,10,5,5,1,16,1,57,2,9,3,4,7,9,1,10,2,11,,44,44,1,22,9,121.4907715,25.02328966
111,6,27,15,40,2,02萬華區,萬華區堤外便道大理華中光復橋旁,0,0,2,2,F01,7,1,5,40,14,9,1,5,4,5,7,4,4,10,5,5,1,16,2,81,2,9,1,1,7,21,8,20,1,16,,44,44,1,22,9,121.4907715,25.02328966
111,6,27,15,56,2,03中山區,中山區民權西路與中山北路2段口,0,0,2,1,C03,7,1,5,50,4,2,1,5,4,5,7,1,1,1,4,5,2,13,1,70,2,8,1,1,7,9,1,10,1,11,,16,16,1,22,9,121.5224415,25.06256522
111,6,27,15,56,2,03中山區,中山區民權西路與中山北路2段口,0,0,2,2,C03,7,1,5,50,4,2,1,5,4,5,7,1,1,1,4,5,2,13,1,23,2,8,1,1,7,9,1,10,1,13,,44,16,1,22,9,121.5224415,25.06256522
111,6,27,16,45,2,12內湖區,內湖區安康路32巷與潭美街口口,0,0,1,1,B12,8,1,5,40,3,1,1,5,4,5,7,4,4,10,5,5,2,15,1,39,4,11,3,4,7,15,7,19,11,15,,42,42,2,22,9,121.5949477,25.06109709
111,6,27,16,45,2,12內湖區,內湖區安康路32巷與潭美街口口,0,0,1,2,C03,8,1,5,40,3,1,1,5,4,5,7,4,4,10,5,5,2,15,2,17,2,8,1,1,7,1,2,18,1,14,,6,42,1,22,9,121.5949477,25.06109709
111,6,27,16,55,2,06松山區,松山區民權東路4段084燈桿,0,0,1,1,B03,6,1,5,50,14,8,1,4,4,5,7,4,4,1,4,4,2,16,1,49,3,10,1,1,7,8,1,8,1,5,,7,,1,22,9,121.5573346,25.06197897
111,6,27,16,55,2,06松山區,松山區民權東路4段084燈桿,0,0,1,2,C03,6,1,5,50,14,8,1,4,4,5,7,4,4,1,4,4,2,16,2,52,2,9,1,1,7,9,1,10,1,14,,44,,1,22,9,121.5573346,25.06197897
111,6,27,16,55,2,09北投區,北投區知行路260巷與知行路292巷4弄口,0,0,2,1,C03,8,1,5,30,4,1,1,5,4,5,7,4,4,5,5,5,2,15,1,18,2,7,1,1,7,9,1,10,2,11,,6,6,1,22,9,121.4681607,25.1209496
111,6,27,16,55,2,09北投區,北投區知行路260巷與知行路292巷4弄口,0,0,2,2,C03,8,1,5,30,4,1,1,5,4,5,7,4,4,5,5,5,2,15,1,48,2,7,1,1,7,9,6,18,2,11,,23,6,1,22,9,121.4681607,25.1209496
111,6,27,16,58,2,04大安區,大安區泰順街50巷與雲和街72巷口,0,0,1,1,C03,6,1,5,30,4,1,1,4,4,5,7,4,4,10,5,5,2,15,2,53,2,9,1,1,7,9,1,10,1,12,,6,6,1,22,9,121.5301003,25.02315649
111,6,27,16,58,2,04大安區,大安區泰順街50巷與雲和街72巷口,0,0,1,2,B03,6,1,5,30,4,1,1,4,4,5,7,4,4,10,5,5,2,15,2,42,3,10,1,1,7,9,1,8,1,1,,14,6,1,22,9,121.5301003,25.02315649
111,6,27,17,5,2,11南港區,南港區南港路3段130巷5弄與南港路3段130巷3弄口,0,0,1,1,F03,8,1,5,30,3,1,1,5,4,5,7,4,4,10,5,5,2,16,2,43,3,10,1,1,7,5,8,20,1,16,,6,6,1,21,8,121.5871149,25.05383263
111,6,27,17,5,2,11南港區,南港區南港路3段130巷5弄與南港路3段130巷3弄口,0,0,1,2,C03,8,1,5,30,3,1,1,5,4,5,7,4,4,10,5,5,2,16,1,24,2,8,1,1,7,9,1,10,1,12,,44,6,1,21,8,121.5871149,25.05383263
111,6,27,17,40,2,12內湖區,內湖區碧山路40-6號前,0,0,1,1,C03,8,2,5,30,11,9,1,5,4,5,7,4,4,10,5,5,2,17,1,53,2,9,2,1,7,9,1,10,1,11,,43,43,1,22,9,121.5889672,25.10348955
111,6,27,17,40,2,12內湖區,內湖區碧山路40-6號前,0,0,1,2,B12,8,2,5,30,11,9,1,5,4,5,7,4,4,10,5,5,2,17,1,64,3,10,1,1,7,9,1,7,1,5,,43,43,1,22,9,121.5889672,25.10348955
111,6,27,18,30,2,06松山區,松山區市民大道4段與敦化南路1段口,0,0,4,1,C03,8,3,5,40,4,4,1,5,4,5,7,1,1,1,4,5,2,12,2,20,2,7,1,1,7,7,1,10,1,14,,7,7,1,22,9,121.5491728,25.04492056
111,6,27,18,30,2,06松山區,松山區市民大道4段與敦化南路1段口,0,0,4,2,B03,8,3,5,40,4,4,1,5,4,5,7,1,1,1,4,5,2,12,2,56,3,10,1,1,7,15,1,8,1,5,,23,7,1,22,9,121.5491728,25.04492056
111,6,27,18,30,2,06松山區,松山區市民大道4段與敦化南路1段口,0,0,4,3,C03,8,3,5,40,4,4,1,5,4,5,7,1,1,1,4,5,2,12,2,29,2,5,1,1,7,15,1,10,1,14,,42,7,1,22,9,121.5491728,25.04492056
111,6,27,18,30,2,06松山區,松山區市民大道4段與敦化南路1段口,0,0,4,4,C03,8,3,5,40,4,4,1,5,4,5,7,1,1,1,4,5,2,12,2,36,2,9,1,1,7,9,4,11,1,15,,42,7,1,22,9,121.5491728,25.04492056
111,6,27,18,30,2,06松山區,松山區市民大道4段與敦化南路1段口,0,0,4,5,H02,8,3,5,40,4,4,1,5,4,5,7,1,1,1,4,5,2,12,2,7,2,8,1,5,7,21,8,20,10,16,,67,7,1,22,9,121.5491728,25.04492056
111,6,27,18,40,2,03中山區,中山區民權東路1段與林森北路口,0,0,1,1,C03,7,1,5,50,4,1,1,5,4,5,7,1,1,10,4,5,2,12,2,23,2,9,1,4,7,15,1,10,1,11,,17,17,1,22,9,121.5255679,25.06278683
111,6,27,18,40,2,03中山區,中山區民權東路1段與林森北路口,0,0,1,2,C03,7,1,5,50,4,1,1,5,4,5,7,1,1,10,4,5,2,12,1,36,3,10,1,4,7,9,1,10,1,14,,17,17,1,22,9,121.5255679,25.06278683
111,6,27,18,44,2,05中正區,中正區市民大道1段與承德路1段口,0,0,1,2,C03,7,3,5,50,4,1,1,5,4,5,7,1,1,1,4,1,2,17,1,28,2,9,1,1,7,9,1,10,2,11,,43,43,1,22,9,121.5164183,25.048655
111,6,27,18,44,2,05中正區,中正區市民大道1段與承德路1段口,0,0,1,1,C03,7,3,5,50,4,1,1,5,4,5,7,1,1,1,4,1,2,17,4,,4,11,3,4,7,15,7,19,11,15,,43,43,2,22,9,121.5164183,25.048655
111,6,27,19,3,2,10文山區,文山區羅斯福路5段與萬盛街口口,0,0,1,1,G03,8,3,5,50,4,1,1,5,4,5,7,2,1,1,4,5,2,16,1,21,3,10,3,1,7,5,4,8,1,1,,6,6,1,22,9,121.5382412,25.0080692
111,6,27,19,3,2,10文山區,文山區羅斯福路5段與萬盛街口口,0,0,1,2,C04,8,3,5,50,4,1,1,5,4,5,7,2,1,1,4,5,2,16,1,23,2,9,1,1,7,9,1,10,1,11,,44,6,1,22,9,121.5382412,25.0080692
111,6,27,19,13,2,09北投區,北投區光明路212號前,0,0,1,1,C03,7,3,5,50,14,9,1,5,4,5,7,4,4,9,5,5,2,16,1,39,3,10,1,1,7,9,1,10,2,12,,43,43,1,22,9,121.503936,25.1360785
111,6,27,19,13,2,09北投區,北投區光明路212號前,0,0,1,2,C03,7,3,5,50,14,9,1,5,4,5,7,4,4,9,5,5,2,16,1,58,2,7,1,1,7,9,1,10,2,14,,43,43,1,22,9,121.503936,25.1360785
111,6,27,19,15,2,07信義區,信義區基隆路1段156號,0,0,1,1,B02,7,1,5,50,14,9,1,5,4,5,7,1,1,1,2,5,2,13,1,58,3,10,1,1,7,9,1,8,1,1,,16,16,1,22,9,121.5659619,25.0438375
111,6,27,19,15,2,07信義區,信義區基隆路1段156號,0,0,1,2,B01,7,1,5,50,14,9,1,5,4,5,7,1,1,1,2,5,2,13,1,35,2,7,1,1,7,9,1,4,1,3,,44,16,1,22,9,121.5659619,25.0438375
111,6,27,19,15,2,07信義區,信義區基隆路1段156號,0,0,1,3,B02,7,1,5,50,14,9,1,5,4,5,7,1,1,1,2,5,2,13,1,55,3,10,1,1,7,9,1,8,1,3,,44,16,1,22,9,121.5659619,25.0438375
111,6,27,19,19,2,04大安區,大安區和平東路1段與溫州街口,0,0,2,1,B03,8,3,5,50,3,1,1,5,4,5,7,2,1,1,4,5,2,17,1,61,3,10,1,1,7,6,1,8,1,2,,9,9,1,22,9,121.5336096,25.02602901
111,6,27,19,19,2,04大安區,大安區和平東路1段與溫州街口,0,0,2,2,C03,8,3,5,50,3,1,1,5,4,5,7,2,1,1,4,5,2,17,1,19,2,9,1,1,7,9,1,10,1,14,,44,9,1,22,9,121.5336096,25.02602901
111,6,27,19,19,2,04大安區,大安區和平東路1段與溫州街口,0,0,2,3,H02,8,3,5,50,3,1,1,5,4,5,7,2,1,1,4,5,2,17,2,19,2,9,1,5,7,21,8,20,10,16,,67,9,1,22,9,121.5336096,25.02602901
111,6,27,19,43,2,10文山區,文山區新光路2段74巷1號,0,0,1,1,C03,7,3,5,40,11,9,1,5,4,5,7,4,4,5,4,5,1,19,2,20,2,9,3,4,7,6,1,10,2,14,,42,42,1,22,9,121.5936898,24.99618669
111,6,27,19,43,2,10文山區,文山區新光路2段74巷1號,0,0,1,2,,7,3,5,40,11,9,1,5,4,5,7,4,4,5,4,5,1,19,3,,,,,,,,,,,,,67,42,1,,,121.5936898,24.99618669
111,6,27,20,6,2,04大安區,大安區溫州街與溫州街74巷口,0,0,1,1,C03,7,3,5,30,4,1,1,5,4,5,7,4,4,10,5,5,2,15,1,25,2,9,1,1,7,9,1,10,1,12,,6,6,1,22,9,121.5328836,25.0196651
111,6,27,20,6,2,04大安區,大安區溫州街與溫州街74巷口,0,0,1,2,B03,7,3,5,30,4,1,1,5,4,5,7,4,4,10,5,5,2,15,1,49,3,10,1,1,7,9,1,8,1,1,,23,6,1,22,9,121.5328836,25.0196651
111,6,27,20,19,2,01大同區,大同區承德路3段與敦煌路口,0,0,1,1,C03,7,3,5,50,3,2,1,5,4,5,7,1,1,9,4,5,1,12,1,27,2,9,1,1,7,5,1,10,1,14,,8,8,1,22,9,121.5200386,25.0751821
111,6,27,20,19,2,01大同區,大同區承德路3段與敦煌路口,0,0,1,2,B12,7,3,5,50,3,2,1,5,4,5,7,1,1,9,4,5,1,12,1,31,3,10,1,1,7,9,1,8,1,2,,16,8,1,22,9,121.5200386,25.0751821
111,6,27,20,23,2,10文山區,文山區景興路293號,0,0,1,1,B03,8,3,5,50,14,9,1,5,4,5,7,4,4,5,5,5,2,16,2,40,3,10,1,1,7,1,1,8,2,4,,19,19,1,22,9,121.5422671,24.9892512
111,6,27,20,23,2,10文山區,文山區景興路293號,0,0,1,2,C03,8,3,5,50,14,9,1,5,4,5,7,4,4,5,5,5,2,16,1,24,2,9,1,1,7,9,1,10,2,11,,44,19,1,22,9,121.5422671,24.9892512
111,6,27,20,30,2,11南港區,南港區重陽路與園區街58巷口,0,0,1,1,B03,8,3,5,50,4,2,1,5,4,5,7,1,1,5,4,4,2,16,1,43,3,10,1,1,7,11,1,3,9,5,,10,10,1,22,9,121.611363,25.06007041
111,6,27,20,30,2,11南港區,南港區重陽路與園區街58巷口,0,0,1,2,C03,8,3,5,50,4,2,1,5,4,5,7,1,1,5,4,4,2,16,1,56,2,8,1,1,7,9,1,10,9,14,,44,10,1,22,9,121.611363,25.06007041
111,6,27,20,41,2,03中山區,中山區新生北路3段65號前,0,0,1,1,B03,8,3,5,50,14,9,1,5,4,5,7,4,4,1,4,5,2,12,1,66,3,10,3,4,7,1,1,8,1,4,,19,19,1,22,9,121.5279789,25.06599238
111,6,27,20,41,2,03中山區,中山區新生北路3段65號前,0,0,1,2,C03,8,3,5,50,14,9,1,5,4,5,7,4,4,1,4,5,2,12,1,29,2,7,3,4,7,9,1,10,1,12,,2,19,1,20,9,121.5279789,25.06599238
111,6,27,20,50,2,05中正區,中正區羅斯福路4段與基隆路4段口,0,0,1,1,C03,8,3,5,50,4,1,1,5,4,5,7,2,1,1,4,5,2,12,1,18,3,10,1,1,7,5,1,10,1,14,,8,,1,22,9,121.5369241,25.0112427
111,6,27,20,50,2,05中正區,中正區羅斯福路4段與基隆路4段口,0,0,1,2,C03,8,3,5,50,4,1,1,5,4,5,7,2,1,1,4,5,2,12,2,27,2,9,1,1,7,9,1,10,1,11,,23,,1,22,9,121.5369241,25.0112427
111,6,27,21,21,2,03中山區,中山區中山北路2段63號前,0,0,1,1,B01,8,3,5,50,14,9,1,5,4,5,7,4,4,5,4,5,2,12,1,56,3,10,3,4,7,7,1,4,1,7,,7,7,1,10,9,121.5229057,25.05640277
111,6,27,21,21,2,03中山區,中山區中山北路2段63號前,0,0,1,2,C03,8,3,5,50,14,9,1,5,4,5,7,4,4,5,4,5,2,12,1,25,2,9,3,4,7,9,1,10,1,11,,14,7,1,20,9,121.5229057,25.05640277
111,6,27,21,21,2,03中山區,中山區中山北路2段63號前,0,0,1,3,B01,8,3,5,50,14,9,1,5,4,5,7,4,4,5,4,5,2,12,1,61,3,10,3,4,7,6,1,4,1,15,,44,7,1,22,9,121.5229057,25.05640277
111,6,27,21,35,2,09北投區,北投區東華街2段與立農街1段187巷口,0,0,1,1,C03,8,3,5,40,3,1,1,5,4,5,7,2,1,1,4,5,2,17,2,53,4,11,1,1,7,5,1,10,11,14,,8,8,2,22,9,121.5049264,25.1212672
111,6,27,21,35,2,09北投區,北投區東華街2段與立農街1段187巷口,0,0,1,2,F01,8,3,5,40,3,1,1,5,4,5,7,2,1,1,4,5,2,17,1,27,2,9,1,1,7,9,8,20,11,16,,23,8,1,22,9,121.5049264,25.1212672
111,6,27,21,52,2,04大安區,大安區師大路115號,0,0,1,1,C03,8,3,5,0,14,9,1,5,4,5,7,4,4,9,2,5,2,16,1,22,3,10,1,1,7,7,1,10,1,14,,7,7,1,22,9,121.5283333,25.02221936
111,6,27,21,52,2,04大安區,大安區師大路115號,0,0,1,2,C03,8,3,5,0,14,9,1,5,4,5,7,4,4,9,2,5,2,16,2,44,2,9,1,1,7,9,1,10,1,12,,23,7,1,22,9,121.5283333,25.02221936
111,6,27,21,53,2,07信義區,信義區松信路與永吉路200巷56弄口,0,0,1,1,C03,8,3,5,50,4,1,1,5,4,5,7,2,1,9,4,5,1,16,1,19,2,8,3,4,7,5,1,10,1,14,,8,8,1,22,9,121.5720135,25.04346237
111,6,27,21,53,2,07信義區,信義區松信路與永吉路200巷56弄口,0,0,1,2,B02,8,3,5,50,4,1,1,5,4,5,7,2,1,9,4,5,1,16,1,41,3,10,3,4,7,9,1,8,1,1,,13,8,1,22,9,121.5720135,25.04346237
111,6,27,23,2,2,02萬華區,萬華區萬大路與東園街口,0,0,1,1,F01,8,3,5,0,4,1,1,5,4,5,7,2,1,5,4,5,2,17,2,55,2,6,1,1,7,9,8,20,1,16,,42,42,1,22,9,121.4986978,25.0215201
111,6,27,23,2,2,02萬華區,萬華區萬大路與東園街口,0,0,1,2,B12,8,3,5,0,4,1,1,5,4,5,7,2,1,5,4,5,2,17,1,19,3,10,1,1,7,5,1,8,1,8,,44,42,1,22,9,121.4986978,25.0215201
111,6,28,0,9,2,02萬華區,萬華區廣州街245號,0,0,2,1,C03,8,3,5,30,14,9,4,5,4,5,7,4,4,10,5,5,2,17,1,34,2,8,1,1,7,7,1,10,1,14,,7,7,1,22,9,121.4970374,25.0367767
111,6,28,0,9,2,02萬華區,萬華區廣州街245號,0,0,2,2,C03,8,3,5,30,14,9,4,5,4,5,7,4,4,10,5,5,2,17,2,26,2,9,1,1,7,9,1,10,1,12,,44,7,1,22,9,121.4970374,25.0367767
111,6,28,7,8,2,07信義區,信義區忠孝東路5段790巷15號對面,0,0,1,1,C03,8,1,5,30,14,9,1,5,4,5,7,4,4,10,5,5,2,11,1,53,2,9,3,4,7,9,6,10,2,11,,23,23,1,22,9,121.5817872,25.0431745
111,6,28,7,8,2,07信義區,信義區忠孝東路5段790巷15號對面,0,0,1,2,B03,8,1,5,30,14,9,1,5,4,5,7,4,4,10,5,5,2,11,2,50,3,10,3,4,7,13,1,8,1,8,,44,23,1,22,9,121.5817872,25.0431745
111,6,28,7,27,2,10文山區,文山區木柵路5段與文和橋口口,0,0,2,1,C03,8,1,5,50,3,2,1,5,4,5,7,4,4,1,4,1,2,13,1,48,2,9,3,4,7,9,1,10,2,11,,16,16,1,22,9,121.5948766,25.00158882
111,6,28,7,27,2,10文山區,文山區木柵路5段與文和橋口口,0,0,2,2,C03,8,1,5,50,3,2,1,5,4,5,7,4,4,1,4,1,2,13,1,58,2,9,3,4,7,9,1,10,2,13,,44,16,1,22,9,121.5948766,25.00158882
111,6,28,7,29,2,04大安區,大安區芳蘭路與基隆路4段41巷68弄口,0,0,1,1,C03,8,1,5,50,3,1,1,5,4,1,7,4,4,5,5,5,2,16,2,41,2,9,1,4,7,5,1,10,1,14,,6,6,1,22,9,121.5444376,25.0121005
111,6,28,7,29,2,04大安區,大安區芳蘭路與基隆路4段41巷68弄口,0,0,1,2,B03,8,1,5,50,3,1,1,5,4,1,7,4,4,5,5,5,2,16,1,35,3,10,3,4,7,9,1,8,1,1,,44,6,1,22,9,121.5444376,25.0121005
111,6,28,7,41,2,05中正區,中正區寧波西街90號,0,0,1,1,C03,8,1,5,50,14,9,1,5,4,5,7,4,4,10,4,5,2,12,2,61,2,9,1,1,7,9,1,10,1,12,,23,23,1,22,9,121.5159062,25.0298447
111,6,28,7,41,2,05中正區,中正區寧波西街90號,0,0,1,2,B12,8,1,5,50,14,9,1,5,4,5,7,4,4,10,4,5,2,12,1,53,3,10,1,1,7,9,1,8,1,7,,42,23,1,22,9,121.5159062,25.0298447
111,6,28,7,45,2,02萬華區,萬華區青年路與西藏路125巷口口,0,0,1,1,B01,8,1,5,30,4,1,1,5,4,5,7,1,1,8,3,5,1,16,1,40,3,10,3,4,7,11,1,4,1,4,,10,10,1,22,9,121.503756,25.02517218
111,6,28,7,45,2,02萬華區,萬華區青年路與西藏路125巷口口,0,0,1,2,C03,8,1,5,30,4,1,1,5,4,5,7,1,1,8,3,5,1,16,1,48,2,9,3,4,7,9,1,10,1,11,,13,10,1,22,9,121.503756,25.02517218
111,6,28,8,0,2,11南港區,南港區東新街與東新街77巷4弄口,0,0,1,1,C03,8,1,5,50,3,2,1,5,4,5,7,4,4,5,4,5,2,17,2,28,2,9,1,1,7,5,1,10,1,13,,6,6,1,22,9,121.587572,25.0468223
111,6,28,8,0,2,11南港區,南港區東新街與東新街77巷4弄口,0,0,1,2,B03,8,1,5,50,3,2,1,5,4,5,7,4,4,5,4,5,2,17,1,50,3,10,1,1,7,9,1,8,1,15,,14,6,1,22,9,121.587572,25.0468223
111,6,28,8,6,2,01大同區,大同區承德路3段與民權西路口,0,0,1,1,A02,8,1,5,50,4,2,1,5,4,5,7,1,1,1,1,5,2,12,1,51,3,10,1,1,7,9,1,2,2,2,,25,25,1,22,9,121.5182322,25.06301947
111,6,28,8,6,2,01大同區,大同區承德路3段與民權西路口,0,0,1,2,C03,8,1,5,50,4,2,1,5,4,5,7,1,1,1,1,5,2,12,2,62,2,9,1,1,7,7,1,10,2,14,,7,25,1,22,9,121.5182322,25.06301947
111,6,28,8,30,2,12內湖區,內湖區康寧路3段與安康路口(涵洞內),0,0,4,1,C03,8,3,5,50,14,9,1,5,4,5,7,4,4,1,5,5,1,13,1,47,2,8,1,1,7,9,1,10,1,11,,16,16,1,22,9,121.6099498,25.06490544
111,6,28,8,30,2,12內湖區,內湖區康寧路3段與安康路口(涵洞內),0,0,4,2,C03,8,3,5,50,14,9,1,5,4,5,7,4,4,1,5,5,1,13,1,26,2,8,1,1,7,9,1,10,1,13,,44,16,1,22,9,121.6099498,25.06490544
111,6,28,8,30,2,12內湖區,內湖區康寧路3段與安康路口(涵洞內),0,0,4,3,C03,8,3,5,50,14,9,1,5,4,5,7,4,4,1,5,5,1,13,1,32,2,7,1,1,7,9,1,10,1,11,,16,16,1,22,9,121.6099498,25.06490544
111,6,28,8,30,2,12內湖區,內湖區康寧路3段與安康路口(涵洞內),0,0,4,4,H02,8,3,5,50,14,9,1,5,4,5,7,4,4,1,5,5,1,13,2,32,2,7,1,5,7,21,8,20,10,16,,67,16,1,22,9,121.6099498,25.06490544
111,6,28,8,30,2,12內湖區,內湖區內湖路3段343巷與內湖路3段343巷1弄口,0,0,2,2,C03,8,1,5,30,4,1,1,5,4,5,7,4,4,10,5,5,2,16,2,33,2,9,1,1,7,9,1,10,1,11,,44,6,1,22,9,121.5844213,25.08887973
111,6,28,8,30,2,12內湖區,內湖區內湖路3段343巷與內湖路3段343巷1弄口,0,0,2,3,H02,8,1,5,30,4,1,1,5,4,5,7,4,4,10,5,5,2,16,2,1,2,9,3,1,7,20,8,20,10,16,,67,6,1,22,9,121.5844213,25.08887973
111,6,28,8,30,2,12內湖區,內湖區內湖路3段343巷與內湖路3段343巷1弄口,0,0,2,1,C03,8,1,5,30,4,1,1,5,4,5,7,4,4,10,5,5,2,16,1,58,3,10,1,1,7,9,1,10,1,12,,6,6,1,22,9,121.5844213,25.08887973
111,6,28,8,31,2,10文山區,文山區汀州路4段229號對面,0,0,1,1,B02,8,1,5,50,14,9,1,5,4,5,7,4,4,5,5,5,2,17,1,28,3,10,1,1,7,1,1,8,2,15,,19,19,1,22,9,121.535549,25.00252038
111,6,28,8,31,2,10文山區,文山區汀州路4段229號對面,0,0,1,2,C03,8,1,5,50,14,9,1,5,4,5,7,4,4,5,5,5,2,17,1,35,2,9,1,1,7,9,1,10,2,12,,13,19,1,22,9,121.535549,25.00252038
111,6,28,9,5,2,05中正區,中正區信義路1段與紹興南街口,0,0,2,1,C03,8,1,5,50,3,2,1,5,4,5,7,1,1,1,4,5,2,13,1,27,2,9,1,1,7,9,1,10,2,11,,16,16,1,22,9,121.5226699,25.03612035
111,6,28,9,5,2,05中正區,中正區信義路1段與紹興南街口,0,0,2,2,C03,8,1,5,50,3,2,1,5,4,5,7,1,1,1,4,5,2,13,1,18,2,9,1,1,7,14,1,10,2,13,,44,16,1,22,9,121.5226699,25.03612035
111,6,28,9,5,2,11南港區,南港區南港路2段與興華路口,0,0,1,1,B12,8,1,5,50,4,2,1,5,4,5,7,1,1,10,5,5,2,16,1,27,3,10,3,4,7,11,1,8,1,8,,10,10,1,22,9,121.6062081,25.0542667
111,6,28,9,5,2,11南港區,南港區南港路2段與興華路口,0,0,1,2,C03,8,1,5,50,4,2,1,5,4,5,7,1,1,10,5,5,2,16,2,27,2,9,3,4,7,5,1,10,1,11,,44,10,1,22,9,121.6062081,25.0542667
111,6,28,9,30,2,06松山區,松山區八德路3段12巷51弄35號,0,0,2,1,C03,8,1,5,50,14,9,1,5,4,5,7,4,4,7,2,5,2,3,2,37,2,9,1,1,7,9,1,10,2,11,,23,23,1,22,9,121.5523396,25.04617078
111,6,28,9,30,2,06松山區,松山區八德路3段12巷51弄35號,0,0,2,2,H01,8,1,5,50,14,9,1,5,4,5,7,4,4,7,2,5,2,3,2,82,2,9,4,5,8,16,8,20,10,16,,53,23,1,22,9,121.5523396,25.04617078
111,6,28,9,35,2,12內湖區,內湖區舊宗路2段與民權東路6段口,0,0,2,1,C03,8,1,5,50,3,2,1,5,4,5,7,1,1,1,5,5,1,13,2,27,2,9,3,4,7,9,1,10,1,11,,16,16,1,22,9,121.5789859,25.0598147
111,6,28,9,35,2,12內湖區,內湖區舊宗路2段與民權東路6段口,0,0,2,2,C03,8,1,5,50,3,2,1,5,4,5,7,1,1,1,5,5,1,13,1,42,2,9,3,4,7,9,1,10,1,13,,44,16,1,22,9,121.5789859,25.0598147
111,6,28,9,37,2,06松山區,松山區長春路與敦化北路120巷7弄口,0,0,1,1,C03,8,1,5,30,4,1,1,5,4,5,7,4,4,5,4,5,2,15,2,21,2,9,1,1,7,15,1,10,2,12,,6,6,1,22,9,121.5479989,25.05446383
111,6,28,9,37,2,06松山區,松山區長春路與敦化北路120巷7弄口,0,0,1,2,B01,8,1,5,30,4,1,1,5,4,5,7,4,4,5,4,5,2,15,1,46,3,10,3,4,7,9,1,1,2,4,,44,6,1,22,9,121.5479989,25.05446383
111,6,28,10,20,2,03中山區,中山區民權東路2段與松江路口,0,0,1,1,A12,8,1,5,50,4,1,1,5,4,5,7,1,1,1,3,5,1,16,1,35,3,10,3,4,7,8,1,7,1,2,,7,7,1,22,9,121.5332029,25.06255185
111,6,28,10,20,2,03中山區,中山區民權東路2段與松江路口,0,0,1,2,B01,8,1,5,50,4,1,1,5,4,5,7,1,1,1,3,5,1,16,1,44,2,3,3,4,7,9,1,8,1,4,,44,7,1,22,9,121.5332029,25.06255185
111,6,28,10,27,2,08士林區,士林區格致路與凱旋路口,0,0,1,1,A02,8,1,5,40,4,2,1,5,4,5,7,3,1,8,5,5,1,9,1,57,3,10,1,1,7,9,1,2,1,15,,15,15,1,22,9,121.5463409,25.13679871
111,6,28,10,27,2,08士林區,士林區格致路與凱旋路口,0,0,1,2,H01,8,1,5,40,4,2,1,5,4,5,7,3,1,8,5,5,1,9,1,81,3,10,4,5,8,16,8,20,10,16,,67,15,1,22,9,121.5463409,25.13679871
111,6,28,10,27,2,08士林區,士林區格致路與凱旋路口,0,0,1,3,H02,8,1,5,40,4,2,1,5,4,5,7,3,1,8,5,5,1,9,2,61,2,9,4,5,7,20,8,20,10,16,,67,15,1,22,9,121.5463409,25.13679871
111,6,28,10,30,2,04大安區,大安區信義路3段與信義路3段134巷口,0,0,1,1,C03,8,1,5,50,4,2,1,5,4,5,7,2,1,1,4,5,2,17,1,42,4,11,3,4,7,15,7,19,11,15,,23,23,2,22,9,121.5394636,25.0333511