發生年度,發生月,發生日,發生時-Hours,發生分,處理別-編號,區序,肇事地點,死亡人數,2-30日死亡人數,受傷人數,當事人序號,車種,天候,光線,道路類別,速限-速度限制,道路型態,事故位置,路面狀況1,路面狀況2,路面狀況3,道路障礙1,道路障礙2,號誌1,號誌2,車道劃分-分向,車道劃分-分道1,車道劃分-分道2,車道劃分-分道3,事故類型及型態,性別,年齡,受傷程度,主要傷處,安全帽,行動電話,車輛用途,當事者行動狀態,駕駛資格情形,駕駛執照種類,飲酒情形,車輛撞擊部位1,車輛撞擊部位2,肇因碼-個別,肇因碼-主要,個人肇逃否,職業,旅次目的,座標-X,座標-Y
111,6,28,10,30,2,04大安區,大安區信義路3段與信義路3段134巷口,0,0,1,2,C03,8,1,5,50,4,2,1,5,4,5,7,2,1,1,4,5,2,17,1,29,2,7,3,4,7,9,1,10,1,13,,44,23,1,22,9,121.5394636,25.0333511
111,6,28,10,43,2,03中山區,中山區遼寧街與遼寧街170巷口口,0,0,1,2,H01,8,1,5,30,3,1,1,5,4,5,7,4,4,10,4,5,2,3,2,75,2,9,4,5,8,16,8,20,10,16,,67,12,1,22,9,121.5420883,25.05540361
111,6,28,10,43,2,03中山區,中山區遼寧街與遼寧街170巷口口,0,0,1,1,B12,8,1,5,30,3,1,1,5,4,5,7,4,4,10,4,5,2,3,1,48,4,11,3,4,7,2,7,19,11,15,,12,12,2,22,9,121.5420883,25.05540361
111,6,28,10,44,2,03中山區,中山區民權東路3段69號,0,0,1,1,B03,8,1,5,50,14,9,1,5,4,5,7,4,4,1,3,5,1,12,2,38,3,10,1,1,7,13,1,8,1,4,,40,40,1,22,9,121.5433669,25.06254468
111,6,28,10,44,2,03中山區,中山區民權東路3段69號,0,0,1,2,C03,8,1,5,50,14,9,1,5,4,5,7,4,4,1,3,5,1,12,1,62,2,8,1,1,7,9,1,10,1,11,,44,40,1,22,9,121.5433669,25.06254468
111,6,28,10,45,2,06松山區,松山區南京東路5段251巷與南京東路5段251巷32弄口,0,0,2,1,C03,8,1,5,30,4,1,1,5,4,5,7,4,4,10,5,5,2,15,2,27,2,9,1,1,7,9,1,10,1,14,,6,6,1,22,9,121.5651308,25.05292636
111,6,28,10,45,2,06松山區,松山區南京東路5段251巷與南京東路5段251巷32弄口,0,0,2,2,C04,8,1,5,30,4,1,1,5,4,5,7,4,4,10,5,5,2,15,2,56,2,9,1,1,7,9,1,11,1,11,,23,6,1,22,9,121.5651308,25.05292636
111,6,28,11,30,2,01大同區,大同區環河堤外便道,0,0,1,2,C03,8,1,5,50,14,11,1,5,4,5,7,4,4,5,4,5,2,12,1,63,2,9,1,1,7,9,3,18,1,14,,17,17,1,22,9,121.5048823,25.04982599
111,6,28,11,30,2,01大同區,大同區環河堤外便道,0,0,1,1,C03,8,1,5,50,14,11,1,5,4,5,7,4,4,5,4,5,2,12,1,49,3,10,1,1,7,9,1,10,9,12,,17,17,1,22,9,121.5048823,25.04982599
111,6,28,11,46,2,07信義區,信義區林口街36號前,0,0,1,1,C03,8,1,5,50,14,9,1,5,4,5,7,4,4,5,5,4,2,12,1,33,3,10,1,1,7,1,1,10,1,14,,19,19,1,22,9,121.5793456,25.03779963
111,6,28,11,46,2,07信義區,信義區林口街36號前,0,0,1,2,B02,8,1,5,50,14,9,1,5,4,5,7,4,4,5,5,4,2,12,1,57,3,10,1,1,7,9,1,8,1,5,,44,19,1,22,9,121.5793456,25.03779963
111,6,28,11,46,2,07信義區,信義區林口街36號前,0,0,1,3,C03,8,1,5,50,14,9,1,5,4,5,7,4,4,5,5,4,2,12,1,71,2,8,1,1,7,13,1,10,1,13,,38,19,1,22,9,121.5793456,25.03779963
111,6,28,12,40,2,12內湖區,內湖區環山路3段山腳公園入口,0,0,1,1,B03,8,1,5,50,14,9,1,5,4,5,7,4,4,5,5,5,2,12,1,38,3,10,3,4,7,7,1,8,1,4,,7,7,1,22,9,121.5800563,25.08464872
111,6,28,12,40,2,12內湖區,內湖區環山路3段山腳公園入口,0,0,1,2,C03,8,1,5,50,14,9,1,5,4,5,7,4,4,5,5,5,2,12,1,46,2,9,3,4,7,9,1,10,1,12,,14,7,1,22,9,121.5800563,25.08464872
111,6,28,12,47,2,07信義區,信義區信義路5段150巷2號,0,0,1,1,C03,8,1,5,30,14,9,1,5,4,5,7,4,4,10,5,5,1,12,1,23,2,9,1,1,7,4,1,10,1,12,,13,13,1,22,9,121.5706657,25.02818452
111,6,28,12,47,2,07信義區,信義區信義路5段150巷2號,0,0,1,2,B01,8,1,5,30,14,9,1,5,4,5,7,4,4,10,5,5,1,12,1,44,3,10,1,1,7,5,1,8,1,8,,8,13,1,22,9,121.5706657,25.02818452
111,6,28,13,15,2,09北投區,北投區大度路1段(第2迴轉道往台北106m機車道前),0,0,2,1,C03,8,1,5,50,14,11,1,5,4,5,7,1,1,9,4,4,1,13,1,31,2,9,1,1,7,9,1,10,2,11,,16,16,1,22,9,121.478369,25.122366
111,6,28,13,15,2,09北投區,北投區大度路1段(第2迴轉道往台北106m機車道前),0,0,2,2,C03,8,1,5,50,14,11,1,5,4,5,7,1,1,9,4,4,1,13,1,55,2,9,1,1,7,9,1,10,2,13,,37,16,1,22,9,121.478369,25.122366
111,6,28,13,36,2,08士林區,士林區文林路與福國路口,0,0,1,1,C03,8,1,5,50,5,4,1,5,4,5,7,4,4,4,5,5,1,17,4,,4,11,3,4,7,15,7,19,11,15,,43,43,2,22,9,121.5219675,25.101534
111,6,28,13,36,2,08士林區,士林區文林路與福國路口,0,0,1,2,C03,8,1,5,50,5,4,1,5,4,5,7,4,4,4,5,5,1,17,2,35,2,9,1,1,7,14,1,10,1,14,,43,43,1,22,9,121.5219675,25.101534
111,6,28,13,36,2,08士林區,士林區文林路與福國路口,0,0,1,3,C03,8,1,5,50,5,4,1,5,4,5,7,4,4,4,5,5,1,17,1,42,3,10,1,1,7,14,1,10,1,12,,43,43,1,22,9,121.5219675,25.101534
111,6,28,14,10,2,12內湖區,內湖區民權東路6段與舊宗路2段口,0,0,1,1,C03,8,1,5,50,4,2,1,5,4,5,7,1,1,4,5,5,1,12,1,31,2,9,3,4,7,10,1,10,1,12,,7,7,1,22,9,121.5750471,25.06580926
111,6,28,14,10,2,12內湖區,內湖區民權東路6段與舊宗路2段口,0,0,1,2,C03,8,1,5,50,4,2,1,5,4,5,7,1,1,4,5,5,1,12,1,32,3,10,3,4,7,9,1,10,1,14,,44,7,1,22,9,121.5750471,25.06580926
111,6,28,14,30,2,01大同區,大同區台北橋與台北橋口往三重機車道,0,0,1,1,C03,8,1,7,50,14,11,1,5,4,5,7,4,4,10,4,5,2,16,1,73,3,10,1,1,7,7,1,10,2,13,,26,26,1,22,9,121.5089015,25.06345223
111,6,28,14,30,2,01大同區,大同區台北橋與台北橋口往三重機車道,0,0,1,2,C03,8,1,7,50,14,11,1,5,4,5,7,4,4,10,4,5,2,16,2,20,2,9,1,1,7,9,1,10,2,13,,23,26,1,22,9,121.5089015,25.06345223
111,6,28,14,31,2,08士林區,士林區福國路與文林路口口,0,0,1,1,C04,8,1,5,50,5,1,1,5,4,5,7,2,1,1,2,5,1,17,1,65,2,7,1,1,7,5,1,8,2,11,,8,8,1,22,9,121.521906,25.10188148
111,6,28,14,31,2,08士林區,士林區福國路與文林路口口,0,0,1,2,B03,8,1,5,50,5,1,1,5,4,5,7,2,1,1,2,5,1,17,1,37,3,10,1,1,7,1,1,8,2,5,,44,8,1,22,9,121.521906,25.10188148
111,6,28,14,35,2,09北投區,北投區崇仰一路27號,0,0,1,1,C03,8,1,5,30,11,9,1,5,4,5,7,4,4,9,4,5,1,10,1,43,2,9,1,1,7,9,1,10,1,11,,23,23,1,22,9,121.5136719,25.12799648
111,6,28,14,35,2,09北投區,北投區崇仰一路27號,0,0,1,2,B02,8,1,5,30,11,9,1,5,4,5,7,4,4,9,4,5,1,10,1,53,3,10,1,1,7,9,1,8,1,1,,44,23,1,22,9,121.5136719,25.12799648
111,6,28,14,47,2,02萬華區,萬華區東園街67巷與東園街35巷口,0,0,3,1,C03,8,1,5,30,3,1,1,5,4,5,7,4,4,10,5,5,1,17,1,35,2,9,1,1,7,5,1,10,1,11,,6,6,1,22,9,121.4961982,25.02740871
111,6,28,14,47,2,02萬華區,萬華區東園街67巷與東園街35巷口,0,0,3,2,C03,8,1,5,30,3,1,1,5,4,5,7,4,4,10,5,5,1,17,2,58,2,9,1,1,7,9,1,10,1,11,,23,6,1,22,9,121.4961982,25.02740871
111,6,28,14,47,2,02萬華區,萬華區東園街67巷與東園街35巷口,0,0,3,3,H02,8,1,5,30,3,1,1,5,4,5,7,4,4,10,5,5,1,17,2,38,2,9,4,5,7,21,8,20,10,16,,67,6,1,22,9,121.4961982,25.02740871
111,6,28,15,7,2,12內湖區,內湖區金湖路與康寧路1段口,0,0,1,1,C04,8,1,5,50,3,2,1,5,4,5,7,1,1,1,4,4,2,12,1,19,3,10,1,1,7,8,1,10,1,13,,7,7,1,22,9,121.5996259,25.07899742
111,6,28,15,7,2,12內湖區,內湖區金湖路與康寧路1段口,0,0,1,2,C03,8,1,5,50,3,2,1,5,4,5,7,1,1,1,4,4,2,12,2,29,2,9,1,1,7,9,1,10,1,11,,44,7,1,22,9,121.5996259,25.07899742
111,6,28,15,15,2,08士林區,士林區文昌路24號,0,0,2,1,C03,8,1,5,50,14,9,1,5,4,5,7,4,4,5,4,5,2,17,2,56,2,9,1,4,7,9,1,10,1,11,,23,23,1,22,9,121.5216029,25.09518203
111,6,28,15,15,2,08士林區,士林區文昌路24號,0,0,2,2,C03,8,1,5,50,14,9,1,5,4,5,7,4,4,5,4,5,2,17,2,28,2,9,1,4,7,11,1,9,1,13,,44,23,1,22,9,121.5216029,25.09518203
111,6,28,16,11,2,08士林區,士林區中正路與延平北路6段口,0,0,2,1,C03,8,1,5,50,3,1,1,5,4,5,7,4,4,1,5,5,2,12,1,44,3,10,1,1,7,5,1,9,1,13,,8,8,1,22,9,121.5095148,25.08694186
111,6,28,16,11,2,08士林區,士林區中正路與延平北路6段口,0,0,2,2,C03,8,1,5,50,3,1,1,5,4,5,7,4,4,1,5,5,2,12,1,60,2,9,1,1,7,5,6,10,1,13,,42,8,1,22,9,121.5095148,25.08694186
111,6,28,16,11,2,08士林區,士林區中正路與延平北路6段口,0,0,2,3,C03,8,1,5,50,3,1,1,5,4,5,7,4,4,1,5,5,2,12,1,31,2,9,1,1,7,9,6,10,1,11,,42,8,1,22,9,121.5095148,25.08694186
111,6,28,16,11,2,08士林區,士林區中正路與延平北路6段口,0,0,2,4,H02,8,1,5,50,3,1,1,5,4,5,7,4,4,1,5,5,2,12,2,52,3,10,4,5,7,20,8,20,10,16,,67,8,1,22,9,121.5095148,25.08694186
111,6,28,16,55,2,09北投區,北投區公館路與北投路1段口,0,0,2,1,B03,8,1,5,50,4,1,1,5,4,5,7,1,1,9,4,5,1,12,1,35,3,10,1,1,7,6,1,8,1,6,,9,9,1,22,9,121.5026742,25.12151836
111,6,28,16,55,2,09北投區,北投區公館路與北投路1段口,0,0,2,2,C03,8,1,5,50,4,1,1,5,4,5,7,1,1,9,4,5,1,12,1,43,2,9,1,1,7,6,1,10,1,11,,44,9,1,22,9,121.5026742,25.12151836
111,6,28,16,55,2,09北投區,北投區公館路與北投路1段口,0,0,2,3,H02,8,1,5,50,4,1,1,5,4,5,7,1,1,9,4,5,1,12,2,82,2,9,1,5,7,20,8,20,10,16,,67,9,1,22,9,121.5026742,25.12151836
111,6,28,17,10,2,03中山區,中山區天津街與中山北路1段53巷口,0,0,1,1,B03,8,1,5,50,4,2,1,5,4,5,7,1,1,5,4,5,2,13,2,39,3,10,3,4,7,9,1,8,1,1,,16,16,1,22,9,121.5227523,25.04912042
111,6,28,17,10,2,03中山區,中山區天津街與中山北路1段53巷口,0,0,1,2,B03,8,1,5,50,4,2,1,5,4,5,7,1,1,5,4,5,2,13,2,51,2,1,3,4,7,9,1,8,1,3,,44,16,1,22,9,121.5227523,25.04912042
111,6,28,17,10,2,04大安區,大安區和平東路1段41巷與和平東路1段口,0,0,1,1,B02,8,1,5,50,4,1,4,5,4,5,7,1,1,1,1,1,2,16,2,26,3,10,1,1,7,11,1,8,1,1,,25,25,1,22,9,121.5481757,25.0249583
111,6,28,17,10,2,04大安區,大安區和平東路1段41巷與和平東路1段口,0,0,1,2,C03,8,1,5,50,4,1,4,5,4,5,7,1,1,1,1,1,2,16,1,24,2,9,1,1,7,11,1,10,1,14,,44,25,1,22,9,121.5481757,25.0249583
111,6,28,17,10,2,05中正區,中正區泰安街與銅山街口,0,0,2,1,B02,8,1,5,30,4,1,1,5,4,5,7,4,4,10,5,5,2,15,1,24,2,1,1,4,7,9,1,8,2,8,,6,6,1,22,9,121.5279412,25.0396709
111,6,28,17,10,2,05中正區,中正區泰安街與銅山街口,0,0,2,2,B01,8,1,5,30,4,1,1,5,4,5,7,4,4,10,5,5,2,15,1,37,2,4,1,4,7,9,1,4,2,1,,13,6,1,22,9,121.5279412,25.0396709
111,6,28,17,17,2,09北投區,北投區三合街2段與清江路口,0,0,1,1,B03,7,1,5,30,3,1,1,5,4,5,7,4,4,10,5,5,2,16,2,51,3,10,1,1,7,5,1,8,1,4,,6,6,1,22,9,121.5021616,25.1265229
111,6,28,17,17,2,09北投區,北投區三合街2段與清江路口,0,0,1,2,C03,7,1,5,30,3,1,1,5,4,5,7,4,4,10,5,5,2,16,1,58,2,9,1,1,7,9,1,10,1,11,,14,6,1,22,9,121.5021616,25.1265229
111,6,28,17,30,2,08士林區,士林區通河東街2段與通河東街2段10巷口,0,0,3,1,C03,8,1,5,30,3,1,1,5,4,5,7,4,4,10,5,5,2,13,1,19,2,9,1,4,7,9,1,10,1,11,,23,23,1,22,9,121.5150678,25.09128747
111,6,28,17,30,2,08士林區,士林區通河東街2段與通河東街2段10巷口,0,0,3,2,C03,8,1,5,30,3,1,1,5,4,5,7,4,4,10,5,5,2,13,1,19,3,10,1,4,7,12,1,10,1,13,,14,23,1,22,9,121.5150678,25.09128747
111,6,28,17,30,2,08士林區,士林區通河東街2段與通河東街2段10巷口,0,0,3,3,H02,8,1,5,30,3,1,1,5,4,5,7,4,4,10,5,5,2,13,1,19,2,9,1,5,7,20,8,20,10,16,,67,23,1,22,9,121.5150678,25.09128747
111,6,28,17,30,2,08士林區,士林區通河東街2段與通河東街2段10巷口,0,0,3,4,H02,8,1,5,30,3,1,1,5,4,5,7,4,4,10,5,5,2,13,1,19,2,9,1,5,7,20,8,20,10,16,,67,23,1,22,9,121.5150678,25.09128747
111,6,28,17,45,2,12內湖區,內湖區金龍路與內湖路3段115巷口,0,0,1,1,C03,8,1,5,40,3,1,1,5,4,5,7,2,1,5,4,4,2,16,1,19,2,9,1,1,7,9,1,10,1,11,,25,25,1,22,9,121.5902589,25.08582047
111,6,28,17,45,2,12內湖區,內湖區金龍路與內湖路3段115巷口,0,0,1,2,C03,8,1,5,40,3,1,1,5,4,5,7,2,1,5,4,4,2,16,1,28,3,10,1,1,7,9,1,10,1,11,,44,25,1,22,9,121.5902589,25.08582047
111,6,28,17,55,2,11南港區,南港區凌雲街凌雲五村停車場出入口前,0,0,1,1,B03,8,2,5,30,14,9,1,5,4,5,7,4,4,10,5,5,2,1,2,32,3,10,1,1,7,5,1,8,1,1,,43,43,1,22,9,121.6149071,25.0355588
111,6,28,17,55,2,11南港區,南港區凌雲街凌雲五村停車場出入口前,0,0,1,2,H01,8,2,5,30,14,9,1,5,4,5,7,4,4,10,5,5,2,1,2,88,2,9,4,5,8,16,8,20,1,16,,67,43,1,22,9,121.6149071,25.0355588
111,6,28,19,5,2,04大安區,大安區羅斯福路4段與基隆路4段口,0,0,1,1,C03,7,3,5,50,4,2,1,5,4,5,7,1,1,1,4,5,2,18,1,48,2,9,1,1,7,9,1,10,1,15,,43,43,1,22,9,121.5373102,25.0107947
111,6,28,19,5,2,04大安區,大安區羅斯福路4段與基隆路4段口,0,0,1,2,,7,3,5,50,4,2,1,5,4,5,7,1,1,1,4,5,2,18,3,,,,,,,,,,,,,67,43,1,,,121.5373102,25.0107947
111,6,28,19,16,2,11南港區,南港區興華路與東明街口,0,0,1,1,H01,8,3,5,0,4,2,1,5,4,5,7,4,4,5,4,5,2,3,1,32,2,9,4,5,8,18,8,20,10,16,,67,67,1,22,9,121.6057792,25.05604933
111,6,28,19,16,2,11南港區,南港區興華路與東明街口,0,0,1,2,B01,8,3,5,0,4,2,1,5,4,5,7,4,4,5,4,5,2,3,1,59,3,10,1,1,7,9,1,3,1,4,,15,67,1,22,9,121.6057792,25.05604933
111,6,28,19,47,2,06松山區,松山區敦化北路199巷與敦化北路口,0,0,1,1,F01,7,3,5,50,4,2,1,5,4,5,7,1,1,1,4,4,2,16,2,75,2,9,3,4,7,11,8,20,2,16,,11,11,1,22,9,121.5493209,25.05577502
111,6,28,19,47,2,06松山區,松山區敦化北路199巷與敦化北路口,0,0,1,2,B03,7,3,5,50,4,2,1,5,4,5,7,1,1,1,4,4,2,16,1,44,3,10,3,4,7,1,1,8,2,8,,23,11,1,22,9,121.5493209,25.05577502
111,6,28,20,28,2,03中山區,中山區南京東路1段132巷30號,0,0,1,1,H01,8,3,5,30,14,9,1,5,4,5,7,4,4,10,5,5,2,2,1,33,2,8,4,5,8,16,8,20,10,16,,51,51,1,22,9,121.5267824,25.05016761
111,6,28,20,28,2,03中山區,中山區南京東路1段132巷30號,0,0,1,2,B01,8,3,5,30,14,9,1,5,4,5,7,4,4,10,5,5,2,2,1,66,3,10,3,4,7,9,1,4,1,2,,23,51,1,22,9,121.5267824,25.05016761
111,6,28,21,14,2,04大安區,大安區基隆路2段與基隆路2段291巷口,0,0,2,1,C03,8,3,5,30,4,2,1,5,4,5,7,4,4,1,5,5,1,16,1,34,2,9,1,1,7,11,1,10,2,12,,6,6,1,22,9,121.5494616,25.0215442
111,6,28,21,14,2,04大安區,大安區基隆路2段與基隆路2段291巷口,0,0,2,2,C03,8,3,5,30,4,2,1,5,4,5,7,4,4,1,5,5,1,16,1,22,2,9,1,1,7,9,1,10,2,11,14,13,6,1,22,9,121.5494616,25.0215442
111,6,28,21,57,2,10文山區,文山區新光路2段與新光路2段口圓環,0,0,1,1,B01,8,1,5,50,16,9,1,5,4,5,7,3,1,1,3,5,1,16,1,47,3,10,3,4,7,8,1,4,11,1,,6,6,1,22,9,121.5831078,25.00055685
111,6,28,21,57,2,10文山區,文山區新光路2段與新光路2段口圓環,0,0,1,2,C03,8,1,5,50,16,9,1,5,4,5,7,3,1,1,3,5,1,16,2,22,2,7,1,4,7,5,1,10,9,14,,44,6,1,22,9,121.5831078,25.00055685
111,6,28,22,11,2,07信義區,信義區嘉興街181巷7號,0,0,1,1,C03,8,3,5,50,14,9,1,5,4,5,7,4,4,9,4,5,1,17,1,27,2,9,3,4,7,9,1,10,1,11,,42,42,1,22,9,121.5567299,25.02633797
111,6,28,22,11,2,07信義區,信義區嘉興街181巷7號,0,0,1,2,B03,8,3,5,50,14,9,1,5,4,5,7,4,4,9,4,5,1,17,2,24,3,10,3,4,7,2,1,8,1,3,,44,42,1,22,9,121.5567299,25.02633797
111,6,28,22,25,2,12內湖區,內湖區新明路與新明路451巷口,0,0,3,1,C03,8,1,5,30,4,1,1,5,4,5,7,4,4,10,5,5,2,16,2,23,2,9,1,1,7,9,1,10,1,11,,6,6,1,22,9,121.5804085,25.05475277
111,6,28,22,25,2,12內湖區,內湖區新明路與新明路451巷口,0,0,3,2,C03,8,1,5,30,4,1,1,5,4,5,7,4,4,10,5,5,2,16,1,60,2,9,1,1,7,9,1,10,1,14,,44,6,1,22,9,121.5804085,25.05475277
111,6,28,22,25,2,12內湖區,內湖區新明路與新明路451巷口,0,0,3,3,H02,8,1,5,30,4,1,1,5,4,5,7,4,4,10,5,5,2,16,2,23,2,9,1,5,7,21,8,20,10,16,,67,6,1,22,9,121.5804085,25.05475277
111,6,28,23,10,2,01大同區,大同區台北橋機車道往台北方向,0,0,1,2,C03,7,3,5,40,14,11,1,5,4,5,7,4,4,10,5,5,2,17,1,63,2,9,3,4,7,9,1,10,2,15,,44,43,1,22,9,121.5065983,25.06369597
111,6,28,23,10,2,01大同區,大同區台北橋機車道往台北方向,0,0,1,1,,7,3,5,40,14,11,1,5,4,5,7,4,4,10,5,5,2,17,4,,4,11,3,4,7,15,7,19,11,15,,43,43,2,22,9,121.5065983,25.06369597
111,6,28,23,15,2,05中正區,中正區中山南路與愛國東路口,0,0,2,1,B03,7,3,5,50,14,8,1,5,4,5,7,1,1,1,4,1,2,16,1,28,3,10,1,1,7,9,1,8,2,2,,17,17,1,22,9,121.5167452,25.0353848
111,6,28,23,15,2,05中正區,中正區中山南路與愛國東路口,0,0,2,3,H02,7,3,5,50,14,8,1,5,4,5,7,1,1,1,4,1,2,16,1,21,2,9,4,5,7,21,8,20,2,16,,67,17,1,22,9,121.5167452,25.0353848
111,6,28,23,15,2,05中正區,中正區中山南路與愛國東路口,0,0,2,2,C03,7,3,5,50,14,8,1,5,4,5,7,1,1,1,4,1,2,16,2,20,2,9,1,1,7,9,3,18,2,14,,17,17,1,22,9,121.5167452,25.0353848
111,6,28,23,39,2,04大安區,大安區濟南路3段5巷與濟南路3段口口,0,0,1,1,B01,8,3,5,30,4,1,1,5,4,5,7,4,4,4,5,5,2,15,1,35,3,10,1,1,7,9,1,4,1,2,,6,6,1,22,9,121.5334529,25.0401607
111,6,28,23,39,2,04大安區,大安區濟南路3段5巷與濟南路3段口口,0,0,1,2,B12,8,3,5,30,4,1,1,5,4,5,7,4,4,4,5,5,2,15,1,42,3,10,1,1,7,9,1,8,1,1,,14,6,1,22,9,121.5334529,25.0401607
111,6,28,23,39,2,04大安區,大安區濟南路3段5巷與濟南路3段口口,0,0,1,3,H02,8,3,5,30,4,1,1,5,4,5,7,4,4,4,5,5,2,15,2,28,2,1,4,5,7,20,8,20,10,16,,67,6,1,22,9,121.5334529,25.0401607
111,6,29,2,27,2,09北投區,北投區承德路7段與實踐街口,0,0,1,1,A12,8,3,5,60,3,1,1,5,4,5,7,1,1,1,4,4,2,16,1,53,2,3,1,1,7,9,1,1,7,8,,25,25,1,22,9,121.5072292,25.11436492
111,6,29,2,27,2,09北投區,北投區承德路7段與實踐街口,0,0,1,2,B03,8,3,5,60,3,1,1,5,4,5,7,1,1,1,4,4,2,16,1,33,3,10,1,1,7,5,1,8,2,7,,44,25,1,22,9,121.5072292,25.11436492
111,6,29,2,27,2,09北投區,北投區承德路7段與實踐街口,0,0,1,3,B03,8,3,5,60,3,1,1,5,4,5,7,1,1,1,4,4,2,16,3,,,,,,,,,,,,,67,25,1,,,121.5072292,25.11436492
111,6,29,2,27,2,09北投區,北投區承德路7段與實踐街口,0,0,1,4,B03,8,3,5,60,3,1,1,5,4,5,7,1,1,1,4,4,2,16,3,,,,,,,,,,,,,67,25,1,,,121.5072292,25.11436492
111,6,29,2,27,2,09北投區,北投區承德路7段與實踐街口,0,0,1,5,,8,3,5,60,3,1,1,5,4,5,7,1,1,1,4,4,2,16,3,,,,,,,,,,,,,67,25,1,,,121.5072292,25.11436492
111,6,29,2,27,2,09北投區,北投區承德路7段與實踐街口,0,0,1,6,B03,8,3,5,60,3,1,1,5,4,5,7,1,1,1,4,4,2,16,3,,,,,,,,,,,,,67,25,1,,,121.5072292,25.11436492
111,6,29,2,27,2,09北投區,北投區承德路7段與實踐街口,0,0,1,7,C03,8,3,5,60,3,1,1,5,4,5,7,1,1,1,4,4,2,16,3,,,,,,,,,,,,,67,25,1,,,121.5072292,25.11436492
111,6,29,2,27,2,09北投區,北投區承德路7段與實踐街口,0,0,1,8,C03,8,3,5,60,3,1,1,5,4,5,7,1,1,1,4,4,2,16,3,,,,,,,,,,,,,67,25,1,,,121.5072292,25.11436492
111,6,29,3,35,2,05中正區,中正區中華路1段與衡陽路口,0,0,1,1,A12,7,3,5,50,4,1,1,5,4,5,7,1,1,1,4,1,2,16,1,33,3,10,1,1,7,6,1,2,2,2,,9,9,1,22,9,121.5084838,25.04215785
111,6,29,3,35,2,05中正區,中正區中華路1段與衡陽路口,0,0,1,2,C03,7,3,5,50,4,1,1,5,4,5,7,1,1,1,4,1,2,16,1,18,2,7,1,1,7,9,1,10,3,14,,44,9,1,22,9,121.5084838,25.04215785
111,6,29,6,44,2,09北投區,北投區立農街1段413巷與西安街2段口,0,0,1,1,B03,8,1,5,30,3,2,1,5,4,5,7,1,1,10,5,5,2,12,1,65,3,10,3,4,7,9,1,8,1,5,,23,23,1,22,9,121.5099041,25.11981029
111,6,29,6,44,2,09北投區,北投區立農街1段413巷與西安街2段口,0,0,1,2,F01,8,1,5,30,3,2,1,5,4,5,7,1,1,10,5,5,2,12,1,86,2,8,1,1,7,9,8,20,1,16,,17,23,1,22,9,121.5099041,25.11981029
111,6,29,6,50,2,01大同區,大同區重慶北路3段與民權西路口,0,0,1,1,B03,8,1,5,50,4,1,1,5,4,5,7,2,1,1,4,5,2,12,1,55,3,10,1,1,7,8,1,8,2,2,,7,7,1,22,9,121.5135482,25.06310411
111,6,29,6,50,2,01大同區,大同區重慶北路3段與民權西路口,0,0,1,2,C03,8,1,5,50,4,1,1,5,4,5,7,2,1,1,4,5,2,12,1,50,2,9,1,1,7,9,1,10,2,14,,17,7,1,22,9,121.5135482,25.06310411
111,6,29,7,16,2,05中正區,中正區思源街與汀州路3段口,0,0,1,1,B03,8,1,5,50,3,1,1,5,4,5,7,1,1,5,4,5,2,13,2,47,3,10,2,1,7,9,1,8,1,5,,23,23,1,22,9,121.532302,25.0150269
111,6,29,7,16,2,05中正區,中正區思源街與汀州路3段口,0,0,1,2,C03,8,1,5,50,3,1,1,5,4,5,7,1,1,5,4,5,2,13,1,29,2,9,2,1,7,9,1,9,1,13,,44,23,1,22,9,121.532302,25.0150269
111,6,29,7,35,2,02萬華區,萬華區萬大路423巷與萬大路423巷20弄口,0,0,1,1,C03,8,1,5,30,3,2,1,5,4,5,7,4,4,8,5,5,2,17,1,78,2,9,1,1,7,6,3,18,1,14,,6,6,1,22,9,121.499437,25.0212746
111,6,29,7,35,2,02萬華區,萬華區萬大路423巷與萬大路423巷20弄口,0,0,1,2,B03,8,1,5,30,3,2,1,5,4,5,7,4,4,8,5,5,2,17,1,44,3,10,1,1,7,9,1,8,1,15,,23,6,1,22,9,121.499437,25.0212746
111,6,29,7,35,2,04大安區,大安區麗水街26-2號,0,0,1,1,B03,8,1,5,0,14,9,1,5,4,5,7,4,4,10,5,5,2,13,2,42,3,10,1,1,7,9,1,8,1,1,,42,42,1,22,9,121.5284172,25.0292419
111,6,29,7,35,2,04大安區,大安區麗水街26-2號,0,0,1,2,B03,8,1,5,0,14,9,1,5,4,5,7,4,4,10,5,5,2,13,2,48,2,6,1,1,7,14,1,8,1,3,,44,42,1,22,9,121.5284172,25.0292419
111,6,29,7,47,2,11南港區,南港區忠孝東路6段與東新街口,0,0,1,1,B03,8,1,5,50,4,1,1,5,4,5,7,2,1,1,3,4,2,2,2,41,3,10,1,1,7,5,1,8,2,1,,15,15,1,22,9,121.5849615,25.0479743
111,6,29,7,47,2,11南港區,南港區忠孝東路6段與東新街口,0,0,1,2,H01,8,1,5,50,4,1,1,5,4,5,7,2,1,1,3,4,2,2,2,68,2,9,1,1,8,16,8,20,1,16,,67,15,1,22,9,121.5849615,25.0479743
111,6,29,7,48,2,03中山區,中山區八德路2段199巷與八德路2段口,0,0,1,1,B03,8,1,5,50,4,1,1,5,4,5,7,1,1,5,4,5,2,16,2,43,3,10,1,1,7,5,1,8,1,2,,6,6,1,22,9,121.5391226,25.0465563
111,6,29,7,48,2,03中山區,中山區八德路2段199巷與八德路2段口,0,0,1,2,C03,8,1,5,50,4,1,1,5,4,5,7,1,1,5,4,5,2,16,1,26,2,9,1,1,7,9,1,10,1,14,,13,6,1,22,9,121.5391226,25.0465563