發生年度,發生月,發生日,發生時-Hours,發生分,處理別-編號,區序,肇事地點,死亡人數,2-30日死亡人數,受傷人數,當事人序號,車種,天候,光線,道路類別,速限-速度限制,道路型態,事故位置,路面狀況1,路面狀況2,路面狀況3,道路障礙1,道路障礙2,號誌1,號誌2,車道劃分-分向,車道劃分-分道1,車道劃分-分道2,車道劃分-分道3,事故類型及型態,性別,年齡,受傷程度,主要傷處,安全帽,行動電話,車輛用途,當事者行動狀態,駕駛資格情形,駕駛執照種類,飲酒情形,車輛撞擊部位1,車輛撞擊部位2,肇因碼-個別,肇因碼-主要,個人肇逃否,職業,旅次目的,座標-X,座標-Y
111,6,29,7,51,2,09北投區,北投區榮華三路與磺溪便道口,0,0,1,1,B03,8,1,5,50,4,2,1,5,4,5,7,4,4,9,4,5,1,3,2,39,3,10,1,1,7,5,1,8,2,8,,15,15,1,22,9,121.5252146,25.11369025
111,6,29,7,51,2,09北投區,北投區榮華三路與磺溪便道口,0,0,1,2,H01,8,1,5,50,4,2,1,5,4,5,7,4,4,9,4,5,1,3,2,78,2,8,4,5,8,16,8,20,10,15,,67,15,1,22,9,121.5252146,25.11369025
111,6,29,7,54,2,09北投區,北投區大業路與豐年路2段口,0,0,1,1,C03,8,1,5,60,5,1,1,5,4,5,7,2,1,1,4,5,2,16,1,44,3,10,1,1,7,6,1,10,1,12,,9,9,1,22,9,121.4964303,25.13490777
111,6,29,7,54,2,09北投區,北投區大業路與豐年路2段口,0,0,1,2,C03,8,1,5,60,5,1,1,5,4,5,7,2,1,1,4,5,2,16,2,29,2,9,1,1,7,9,1,10,1,11,,44,9,1,22,9,121.4964303,25.13490777
111,6,29,8,0,2,11南港區,南港區忠孝東路7段與忠孝東路7段596巷口,0,0,2,1,C03,8,1,5,50,3,1,1,5,4,5,7,2,1,1,4,5,2,16,1,37,2,9,1,1,7,6,1,10,1,12,,9,9,1,22,9,121.6149403,25.0529267
111,6,29,8,0,2,11南港區,南港區忠孝東路7段與忠孝東路7段596巷口,0,0,2,2,C04,8,1,5,50,3,1,1,5,4,5,7,2,1,1,4,5,2,16,2,29,2,9,1,1,7,9,1,10,1,11,,44,9,1,22,9,121.6149403,25.0529267
111,6,29,8,30,2,12內湖區,內湖區康寧路3段189巷與康寧路3段189巷21弄口,0,0,1,1,C03,8,1,5,30,4,1,1,5,4,5,7,4,4,10,5,5,1,15,1,51,2,9,1,1,7,9,1,10,1,12,,6,6,1,22,9,121.6129424,25.07058649
111,6,29,8,30,2,12內湖區,內湖區康寧路3段189巷與康寧路3段189巷21弄口,0,0,1,2,B03,8,1,5,30,4,1,1,5,4,5,7,4,4,10,5,5,1,15,2,36,3,10,1,1,7,9,1,8,1,1,,14,6,1,22,9,121.6129424,25.07058649
111,6,29,8,43,2,02萬華區,萬華區寶興街與民和街口,0,0,1,1,F02,8,1,5,30,3,1,1,5,4,5,7,4,4,10,5,5,2,15,1,84,3,10,1,1,7,11,8,20,1,16,,6,6,1,22,9,121.4951389,25.02432531
111,6,29,8,43,2,02萬華區,萬華區寶興街與民和街口,0,0,1,2,C03,8,1,5,30,3,1,1,5,4,5,7,4,4,10,5,5,2,15,2,53,2,8,3,4,7,9,1,10,1,11,,44,6,1,22,9,121.4951389,25.02432531
111,6,29,8,45,2,08士林區,士林區文林路與福國路口,0,0,1,1,C03,8,1,5,50,14,9,1,5,4,5,7,2,1,1,1,5,1,12,1,56,2,9,1,1,7,9,1,10,1,11,,16,16,1,21,8,121.5219053,25.10188528
111,6,29,8,45,2,08士林區,士林區文林路與福國路口,0,0,1,2,B03,8,1,5,50,14,9,1,5,4,5,7,2,1,1,1,5,1,12,1,37,3,10,1,1,7,12,1,8,1,6,,26,16,1,21,8,121.5219053,25.10188528
111,6,29,8,45,2,08士林區,士林區文林路與福國路口,0,0,1,3,C03,8,1,5,50,14,9,1,5,4,5,7,2,1,1,1,5,1,12,1,27,3,10,1,1,7,14,1,10,1,15,,26,16,1,21,8,121.5219053,25.10188528
111,6,29,9,18,2,04大安區,大安區羅斯福路5段與萬盛街口,0,0,1,1,B02,8,1,5,50,4,1,1,5,4,5,7,2,1,1,4,5,2,3,2,53,3,10,1,1,7,5,1,8,1,1,,15,15,1,21,8,121.5382089,25.00812794
111,6,29,9,18,2,04大安區,大安區羅斯福路5段與萬盛街口,0,0,1,2,H01,8,1,5,50,4,1,1,5,4,5,7,2,1,1,4,5,2,3,2,24,2,9,4,5,8,16,8,20,10,16,,67,15,1,21,8,121.5382089,25.00812794
111,6,29,9,20,2,10文山區,文山區木柵路5段與木柵路5段口100之3號旁無名巷口,0,0,1,1,C03,8,1,5,50,14,9,2,5,4,5,7,4,4,5,4,5,2,13,1,21,3,10,1,4,7,9,1,10,1,11,,16,16,1,22,9,121.5910617,24.9994537
111,6,29,9,20,2,10文山區,文山區木柵路5段與木柵路5段口100之3號旁無名巷口,0,0,1,2,B03,8,1,5,50,14,9,2,5,4,5,7,4,4,5,4,5,2,13,1,54,3,10,3,4,7,14,1,8,1,6,,44,16,1,22,9,121.5910617,24.9994537
111,6,29,9,20,2,10文山區,文山區木柵路5段與木柵路5段口100之3號旁無名巷口,0,0,1,3,H02,8,1,5,50,14,9,2,5,4,5,7,4,4,5,4,5,2,13,2,16,2,8,1,5,7,17,8,20,10,16,,67,16,1,22,9,121.5910617,24.9994537
111,6,29,10,0,2,08士林區,士林區中正路與延平北路5段口,0,0,2,1,C03,8,1,5,50,4,1,1,5,4,5,7,2,1,1,5,5,1,17,2,28,2,9,1,1,7,5,1,10,1,14,,8,8,1,22,9,121.5087428,25.0866225
111,6,29,10,0,2,08士林區,士林區中正路與延平北路5段口,0,0,2,2,C03,8,1,5,50,4,1,1,5,4,5,7,2,1,1,5,5,1,17,1,44,2,9,1,1,7,9,1,10,1,11,,44,8,1,22,9,121.5087428,25.0866225
111,6,29,10,46,2,03中山區,中山區市民大道2段與林森北路口,0,0,1,1,C03,8,1,5,40,14,9,1,5,4,5,7,4,4,1,3,5,1,13,2,55,2,9,1,4,7,7,1,10,2,14,,7,7,1,22,9,121.5244325,25.04784114
111,6,29,10,46,2,03中山區,中山區市民大道2段與林森北路口,0,0,1,2,C03,8,1,5,40,14,9,1,5,4,5,7,4,4,1,3,5,1,13,1,48,3,10,1,4,7,9,1,10,1,13,,44,7,1,22,9,121.5244325,25.04784114
111,6,29,10,50,2,01大同區,大同區大龍街242號對面,0,0,1,1,B03,8,1,5,50,14,9,1,5,4,5,7,4,4,9,4,5,1,12,1,52,3,10,1,1,7,13,1,8,1,4,,40,40,1,22,9,121.5158324,25.0699618
111,6,29,10,50,2,01大同區,大同區大龍街242號對面,0,0,1,2,F01,8,1,5,50,14,9,1,5,4,5,7,4,4,9,4,5,1,12,2,42,2,9,1,1,7,9,8,20,1,16,,16,40,1,22,9,121.5158324,25.0699618
111,6,29,11,5,2,12內湖區,內湖區環山路2段50巷與環山路2段口,0,0,2,1,C03,8,1,5,50,4,1,1,5,4,5,7,2,1,9,4,5,2,12,1,18,2,9,1,1,7,5,1,10,1,14,,8,8,1,22,9,121.5737808,25.08534223
111,6,29,11,5,2,12內湖區,內湖區環山路2段50巷與環山路2段口,0,0,2,2,C03,8,1,5,50,4,1,1,5,4,5,7,2,1,9,4,5,2,12,1,22,2,9,1,1,7,9,3,18,1,11,,13,8,1,22,9,121.5737808,25.08534223
111,6,29,11,30,2,11南港區,南港區南港路2段與向陽路口,0,0,2,1,C03,8,1,5,50,4,1,1,5,4,5,7,1,1,10,5,5,2,17,1,67,2,9,3,4,7,6,1,10,1,11,,9,9,1,22,9,121.5948324,25.05448718
111,6,29,11,30,2,11南港區,南港區南港路2段與向陽路口,0,0,2,2,C03,8,1,5,50,4,1,1,5,4,5,7,1,1,10,5,5,2,17,2,69,2,9,3,4,7,9,1,10,1,14,,44,9,1,22,9,121.5948324,25.05448718
111,6,29,11,32,2,02萬華區,萬華區環河南路1段與漢口街2段口,0,0,1,1,C03,8,1,5,50,3,2,1,5,4,5,7,3,1,5,5,5,2,12,1,35,2,9,1,1,7,9,1,10,1,12,,26,26,1,22,9,121.5035597,25.04643324
111,6,29,11,32,2,02萬華區,萬華區環河南路1段與漢口街2段口,0,0,1,2,B02,8,1,5,50,3,2,1,5,4,5,7,3,1,5,5,5,2,12,1,59,3,10,1,1,7,5,1,8,1,4,,26,26,1,22,9,121.5035597,25.04643324
111,6,29,11,47,2,10文山區,文山區辛亥路4段與辛亥路4段202巷口,0,0,1,1,B12,8,1,5,50,3,2,1,5,4,5,7,4,4,1,4,5,2,16,1,66,3,10,1,1,7,11,1,8,11,7,,10,10,1,22,9,121.5557147,25.00262976
111,6,29,11,47,2,10文山區,文山區辛亥路4段與辛亥路4段202巷口,0,0,1,2,C03,8,1,5,50,3,2,1,5,4,5,7,4,4,1,4,5,2,16,2,23,2,9,1,1,7,9,1,10,1,12,,44,10,1,22,9,121.5557147,25.00262976
111,6,29,11,55,2,06松山區,松山區八德路4段785號,0,0,1,1,C03,8,1,5,30,14,9,1,5,4,5,7,4,4,10,4,5,2,16,1,45,2,9,1,1,7,11,1,10,1,14,,37,37,1,22,9,121.5783862,25.05114916
111,6,29,11,55,2,06松山區,松山區八德路4段785號,0,0,1,2,C03,8,1,5,30,14,9,1,5,4,5,7,4,4,10,4,5,2,16,1,32,3,10,1,1,7,9,1,10,1,12,,4,37,1,22,9,121.5783862,25.05114916
111,6,29,12,5,2,10文山區,文山區興隆路1段與景明街口,0,0,2,1,C03,8,1,5,30,4,1,1,5,4,5,7,1,1,10,5,5,2,16,2,31,2,9,1,1,7,5,1,10,1,11,,6,6,1,22,9,121.541939,25.0019791
111,6,29,12,5,2,10文山區,文山區興隆路1段與景明街口,0,0,2,2,C03,8,1,5,30,4,1,1,5,4,5,7,1,1,10,5,5,2,16,1,30,2,7,1,1,7,9,1,10,1,11,,44,6,1,22,9,121.541939,25.0019791
111,6,29,12,25,2,12內湖區,內湖區金龍路64號,0,0,1,1,C03,8,1,5,40,4,1,1,5,4,5,7,4,4,9,5,4,2,17,1,32,2,9,1,1,7,9,1,10,2,15,,13,13,1,22,9,121.5929506,25.08492672
111,6,29,12,25,2,12內湖區,內湖區金龍路64號,0,0,1,2,B01,8,1,5,40,4,1,1,5,4,5,7,4,4,9,5,4,2,17,1,52,3,10,1,1,7,8,6,18,2,15,,7,13,1,22,9,121.5929506,25.08492672
111,6,29,12,45,2,07信義區,信義區松高路19號,0,0,1,1,B02,8,1,5,50,14,9,1,5,4,5,7,4,4,9,4,5,2,12,2,46,3,10,1,1,7,7,1,8,1,4,,7,7,1,22,9,121.5671544,25.03975822
111,6,29,12,45,2,07信義區,信義區松高路19號,0,0,1,2,C03,8,1,5,50,14,9,1,5,4,5,7,4,4,9,4,5,2,12,1,26,2,9,1,1,7,9,1,10,1,11,,43,7,1,22,9,121.5671544,25.03975822
111,6,29,12,49,2,05中正區,中正區中山北路1段30號前,0,0,1,1,C03,8,1,5,50,14,8,1,5,4,5,7,2,1,9,4,4,1,16,1,20,2,9,1,1,7,7,1,10,2,14,,7,7,1,21,5,121.5199576,25.0466418
111,6,29,12,49,2,05中正區,中正區中山北路1段30號前,0,0,1,2,A02,8,1,5,50,14,8,1,5,4,5,7,2,1,9,4,4,1,16,1,49,3,10,1,1,7,9,1,2,2,2,,44,7,1,21,1,121.5199576,25.0466418
111,6,29,12,49,2,05中正區,中正區中山北路1段30號前,0,0,1,3,B01,8,1,5,50,14,8,1,5,4,5,7,2,1,9,4,4,1,16,1,58,3,10,1,1,7,9,1,4,2,4,,44,7,1,21,1,121.5199576,25.0466418
111,6,29,13,5,2,03中山區,中山區林森北路與長春路口,0,0,1,1,C03,8,3,5,50,4,1,1,5,4,5,7,2,1,5,4,4,2,11,1,41,3,10,1,4,7,5,1,10,1,13,,6,6,1,22,9,121.5253963,25.05497197
111,6,29,13,5,2,03中山區,中山區林森北路與長春路口,0,0,1,2,C03,8,3,5,50,4,1,1,5,4,5,7,2,1,5,4,4,2,11,1,21,2,9,1,4,7,9,1,10,1,11,,44,6,1,22,9,121.5253963,25.05497197
111,6,29,13,7,2,03中山區,中山區林森北路與南京東路1段口,0,0,1,1,B03,8,1,5,50,14,9,1,5,4,5,7,2,1,1,4,5,2,12,1,28,3,10,1,1,7,6,1,8,1,2,,26,26,1,22,9,121.5253376,25.0521997
111,6,29,13,7,2,03中山區,中山區林森北路與南京東路1段口,0,0,1,2,C03,8,1,5,50,14,9,1,5,4,5,7,2,1,1,4,5,2,12,1,39,2,9,1,1,7,11,1,10,1,11,,13,26,1,22,9,121.5253376,25.0521997
111,6,29,13,26,2,02萬華區,萬華區漢口街2段90巷與武昌街2段口,0,0,2,1,C03,8,1,5,30,4,1,1,5,4,5,7,4,4,10,5,5,2,15,1,61,2,8,1,1,7,9,3,18,1,14,,6,6,1,22,9,121.5041117,25.0453631
111,6,29,13,26,2,02萬華區,萬華區漢口街2段90巷與武昌街2段口,0,0,2,2,C03,8,1,5,30,4,1,1,5,4,5,7,4,4,10,5,5,2,15,1,18,2,8,1,1,7,9,1,10,1,11,,13,6,1,22,9,121.5041117,25.0453631
111,6,29,13,27,2,07信義區,(吳興街252號前),0,0,1,1,B03,8,1,5,50,14,9,1,5,4,5,7,2,1,8,3,5,2,11,2,73,3,10,3,4,7,5,1,8,1,8,,6,6,1,22,9,121.5623092,25.0270097
111,6,29,13,27,2,07信義區,(吳興街252號前),0,0,1,2,C03,8,1,5,50,14,9,1,5,4,5,7,2,1,8,3,5,2,11,2,21,2,9,3,4,7,9,1,10,1,14,,44,6,1,22,9,121.5623092,25.0270097
111,6,29,13,33,2,04大安區,大安區大安路1段與復興南路1段107巷口,0,0,2,1,B03,8,1,5,30,4,1,1,5,4,5,7,4,4,9,4,5,2,15,2,51,3,10,1,1,7,9,1,8,2,1,,26,26,1,21,8,121.5462265,25.04364285
111,6,29,13,33,2,04大安區,大安區大安路1段與復興南路1段107巷口,0,0,2,2,C03,8,1,5,30,4,1,1,5,4,5,7,4,4,9,4,5,2,15,2,24,2,9,1,1,7,9,1,10,2,14,,14,26,1,21,8,121.5462265,25.04364285
111,6,29,13,33,2,04大安區,大安區大安路1段與復興南路1段107巷口,0,0,2,3,H01,8,1,5,30,4,1,1,5,4,5,7,4,4,9,4,5,2,15,1,53,2,9,4,5,8,17,8,20,10,16,,51,26,1,21,8,121.5462265,25.04364285
111,6,29,13,33,2,04大安區,大安區大安路1段與復興南路1段107巷口,0,0,2,4,C03,8,1,5,30,4,1,1,5,4,5,7,4,4,9,4,5,2,15,3,,4,11,3,4,7,15,7,19,11,15,,67,26,1,22,9,121.5462265,25.04364285
111,6,29,13,33,2,04大安區,大安區大安路1段與復興南路1段107巷口,0,0,2,5,C04,8,1,5,30,4,1,1,5,4,5,7,4,4,9,4,5,2,15,1,30,4,11,3,4,7,13,7,19,11,15,,44,26,1,22,9,121.5462265,25.04364285
111,6,29,13,33,2,04大安區,大安區大安路1段與復興南路1段107巷口,0,0,2,6,C04,8,1,5,30,4,1,1,5,4,5,7,4,4,9,4,5,2,15,1,30,4,11,3,4,7,13,7,19,11,15,,44,26,1,22,9,121.5462265,25.04364285
111,6,29,13,33,2,04大安區,大安區大安路1段與復興南路1段107巷口,0,0,2,7,C03,8,1,5,30,4,1,1,5,4,5,7,4,4,9,4,5,2,15,3,,4,11,3,4,7,15,7,19,11,15,,67,26,1,22,9,121.5462265,25.04364285
111,6,29,13,33,2,04大安區,大安區大安路1段與復興南路1段107巷口,0,0,2,8,C03,8,1,5,30,4,1,1,5,4,5,7,4,4,9,4,5,2,15,2,38,3,10,1,1,7,13,1,10,9,12,,44,26,1,22,9,121.5462265,25.04364285
111,6,29,13,33,2,04大安區,大安區大安路1段與復興南路1段107巷口,0,0,2,9,C04,8,1,5,30,4,1,1,5,4,5,7,4,4,9,4,5,2,15,1,30,4,11,3,4,7,13,7,19,11,15,,44,26,1,22,9,121.5462265,25.04364285
111,6,29,13,48,2,06松山區,松山區南京東路4段與敦化北路口,0,0,2,1,B01,8,1,5,50,4,1,1,5,4,1,7,1,1,1,4,5,2,16,1,58,3,10,1,1,7,6,1,4,1,2,,9,9,1,22,9,121.5491572,25.05182616
111,6,29,13,48,2,06松山區,松山區南京東路4段與敦化北路口,0,0,2,2,C04,8,1,5,50,4,1,1,5,4,1,7,1,1,1,4,5,2,16,1,49,2,7,1,1,7,9,1,10,1,14,,23,9,1,22,9,121.5491572,25.05182616
111,6,29,13,48,2,06松山區,松山區南京東路4段與敦化北路口,0,0,2,3,H02,8,1,5,50,4,1,1,5,4,1,7,1,1,1,4,5,2,16,1,28,2,1,1,5,7,21,8,20,10,16,,67,9,1,22,9,121.5491572,25.05182616
111,6,29,14,24,2,04大安區,大安區忠孝東路4段與光復南路口,0,0,1,1,B01,8,1,5,50,4,1,1,5,4,5,7,1,1,1,3,5,2,13,1,67,3,10,1,1,7,9,1,4,1,1,,23,23,1,22,9,121.5575728,25.0415877
111,6,29,14,24,2,04大安區,大安區忠孝東路4段與光復南路口,0,0,1,2,C03,8,1,5,50,4,1,1,5,4,5,7,1,1,1,3,5,2,13,1,19,2,9,1,1,7,14,1,10,1,13,,44,23,1,22,9,121.5575728,25.0415877
111,6,29,15,40,2,12內湖區,內湖區民權東路6段123巷34弄28號,0,0,2,1,C03,8,1,5,30,3,1,1,5,4,5,7,4,4,9,5,5,2,16,1,42,2,8,1,1,7,5,1,10,1,11,,6,6,1,22,9,121.5916187,25.07041833
111,6,29,15,40,2,12內湖區,內湖區民權東路6段123巷34弄28號,0,0,2,2,C03,8,1,5,30,3,1,1,5,4,5,7,4,4,9,5,5,2,16,1,21,2,9,1,1,7,9,1,10,1,11,,23,6,1,22,9,121.5916187,25.07041833
111,6,29,15,49,2,04大安區,大安區辛亥路3段81號,0,0,3,1,C03,8,1,5,50,14,9,1,5,4,5,7,4,4,9,4,5,1,17,1,49,3,10,1,1,7,8,1,10,1,13,,7,7,1,22,9,121.5466225,25.0195079
111,6,29,15,49,2,04大安區,大安區辛亥路3段81號,0,0,3,2,C03,8,1,5,50,14,9,1,5,4,5,7,4,4,9,4,5,1,17,1,23,2,7,1,1,7,9,1,10,1,11,,44,7,1,22,9,121.5466225,25.0195079
111,6,29,15,49,2,04大安區,大安區辛亥路3段81號,0,0,3,3,C03,8,1,5,50,14,9,1,5,4,5,7,4,4,9,4,5,1,17,1,30,2,8,1,1,7,9,1,10,1,11,,44,7,1,22,9,121.5466225,25.0195079
111,6,29,15,49,2,04大安區,大安區辛亥路3段81號,0,0,3,4,H02,8,1,5,50,14,9,1,5,4,5,7,4,4,9,4,5,1,17,2,18,2,8,1,1,7,20,8,20,10,15,,67,7,1,22,9,121.5466225,25.0195079
111,6,29,15,51,2,12內湖區,內湖區南京東路6段與新明路298巷口,0,0,4,1,B12,8,1,5,50,4,2,1,5,4,5,7,2,1,1,4,5,2,15,1,29,2,7,1,1,7,9,1,8,2,1,,25,25,1,22,9,121.5816515,25.05698075
111,6,29,15,51,2,12內湖區,內湖區南京東路6段與新明路298巷口,0,0,4,2,C03,8,1,5,50,4,2,1,5,4,5,7,2,1,1,4,5,2,15,2,41,2,9,1,1,7,9,1,10,2,11,,44,25,1,22,9,121.5816515,25.05698075
111,6,29,15,51,2,12內湖區,內湖區南京東路6段與新明路298巷口,0,0,4,3,C02,8,1,5,50,4,2,1,5,4,5,7,2,1,1,4,5,2,15,1,44,2,9,1,1,7,9,1,9,2,11,,44,25,1,22,9,121.5816515,25.05698075
111,6,29,15,51,2,12內湖區,內湖區南京東路6段與新明路298巷口,0,0,4,4,C03,8,1,5,50,4,2,1,5,4,5,7,2,1,1,4,5,2,15,1,48,2,9,1,1,7,9,1,10,2,11,,44,25,1,22,9,121.5816515,25.05698075
111,6,29,15,55,2,07信義區,信義區吳興街與吳興街583巷口,0,0,2,1,C03,8,1,5,50,4,1,1,5,4,5,7,4,4,10,4,5,2,16,1,56,2,9,1,1,7,5,1,10,1,11,,8,8,1,22,9,121.5692365,25.0223402
111,6,29,15,55,2,07信義區,信義區吳興街與吳興街583巷口,0,0,2,2,C03,8,1,5,50,4,1,1,5,4,5,7,4,4,10,4,5,2,16,1,22,2,9,1,1,7,9,1,10,1,14,,23,8,1,22,9,121.5692365,25.0223402
111,6,29,16,7,2,03中山區,中山區市民大道2段與林森北路口,0,0,1,1,A05,8,1,5,50,3,1,1,5,4,5,7,4,4,1,4,5,2,17,1,49,3,10,1,1,7,5,1,2,1,5,,6,6,1,22,9,121.5238656,25.0479403
111,6,29,16,7,2,03中山區,中山區市民大道2段與林森北路口,0,0,1,2,C03,8,1,5,50,3,1,1,5,4,5,7,4,4,1,4,5,2,17,2,65,2,9,1,1,7,9,1,10,1,12,,23,6,1,22,9,121.5238656,25.0479403
111,6,29,16,10,2,03中山區,中山區建國北路3段與民權東路2段口,0,0,3,1,C03,8,1,5,50,14,9,1,5,4,5,7,1,1,4,3,5,1,13,1,18,2,9,1,4,7,9,3,18,1,11,,23,23,1,22,9,121.5369582,25.06249413
111,6,29,16,10,2,03中山區,中山區建國北路3段與民權東路2段口,0,0,3,2,C03,8,1,5,50,14,9,1,5,4,5,7,1,1,4,3,5,1,13,1,18,2,9,1,4,7,9,1,10,1,13,,44,23,1,22,9,121.5369582,25.06249413
111,6,29,16,10,2,03中山區,中山區建國北路3段與民權東路2段口,0,0,3,3,H02,8,1,5,50,14,9,1,5,4,5,7,1,1,4,3,5,1,13,1,18,2,7,4,4,7,17,8,20,10,16,,67,23,1,22,9,121.5369582,25.06249413
111,6,29,16,25,2,11南港區,南港區南港路1段與惠民街口,0,0,1,1,B03,8,1,5,50,3,2,1,5,4,5,7,2,1,4,3,4,2,16,1,25,3,10,1,1,7,8,1,8,1,6,,7,7,1,22,9,121.6100922,25.0549027
111,6,29,16,25,2,11南港區,南港區南港路1段與惠民街口,0,0,1,2,C03,8,1,5,50,3,2,1,5,4,5,7,2,1,4,3,4,2,16,2,61,2,9,1,1,7,9,1,10,1,11,,44,7,1,22,9,121.6100922,25.0549027
111,6,29,16,44,2,02萬華區,萬華區民和街85號,0,0,2,1,F01,8,1,5,30,14,9,1,5,4,5,7,4,4,10,5,5,2,17,2,26,3,10,1,1,7,5,8,20,1,16,,8,8,1,22,9,121.4976841,25.02546177
111,6,29,16,44,2,02萬華區,萬華區民和街85號,0,0,2,2,C03,8,1,5,30,14,9,1,5,4,5,7,4,4,10,5,5,2,17,1,18,2,9,3,4,7,4,1,10,1,14,,13,8,1,22,9,121.4976841,25.02546177
111,6,29,16,44,2,02萬華區,萬華區民和街85號,0,0,2,3,H02,8,1,5,30,14,9,1,5,4,5,7,4,4,10,5,5,2,17,1,18,2,9,4,5,7,21,8,20,10,16,,67,8,1,22,9,121.4976841,25.02546177
111,6,29,17,24,2,11南港區,南港區研究院路1段與南港路1段口,0,0,2,1,C03,7,2,5,50,4,2,1,5,4,5,7,2,1,5,4,5,1,13,1,22,2,8,1,4,7,9,1,10,1,11,,16,16,1,22,9,121.6164521,25.05511074
111,6,29,17,24,2,11南港區,南港區研究院路1段與南港路1段口,0,0,2,2,C03,7,2,5,50,4,2,1,5,4,5,7,2,1,5,4,5,1,13,2,36,2,7,1,4,7,14,1,10,1,13,,44,16,1,22,9,121.6164521,25.05511074
111,6,29,17,54,2,04大安區,大安區忠孝東路4段與敦化南路1段口,0,0,1,1,C03,8,1,5,50,4,1,1,5,4,5,7,1,1,1,3,1,2,15,2,61,2,9,1,1,7,1,1,10,1,11,,25,25,1,22,9,121.5485982,25.0415902
111,6,29,17,54,2,04大安區,大安區忠孝東路4段與敦化南路1段口,0,0,1,2,B02,8,1,5,50,4,1,1,5,4,5,7,1,1,1,3,1,2,15,1,43,3,10,1,1,7,9,1,8,1,6,,23,25,1,22,9,121.5485982,25.0415902
111,6,29,18,19,2,07信義區,信義區基隆路2段99-1號,0,0,1,1,C03,8,1,5,50,14,9,1,5,4,5,7,1,1,1,4,5,2,18,1,33,2,9,1,1,7,9,1,10,9,12,,42,42,1,22,9,121.5576014,25.0297072
111,6,29,18,19,2,07信義區,信義區基隆路2段99-1號,0,0,1,2,,8,1,5,50,14,9,1,5,4,5,7,1,1,1,4,5,2,18,3,,,,,,,,,,,,,67,42,1,,,121.5576014,25.0297072
111,6,29,18,30,2,06松山區,松山區光復南路33巷15號,0,0,2,1,B03,8,1,5,30,14,9,2,5,4,5,7,4,4,7,5,5,2,12,1,55,3,10,1,1,7,1,1,8,1,5,,19,19,1,22,9,121.5589192,25.04680398
111,6,29,18,30,2,06松山區,松山區光復南路33巷15號,0,0,2,2,F02,8,1,5,30,14,9,2,5,4,5,7,4,4,7,5,5,2,12,2,27,2,8,1,1,7,9,8,20,1,16,,42,19,1,22,9,121.5589192,25.04680398
111,6,29,18,30,2,06松山區,松山區光復南路33巷15號,0,0,2,3,H02,8,1,5,30,14,9,2,5,4,5,7,4,4,7,5,5,2,12,2,2,2,1,4,5,7,20,8,20,1,16,,67,19,1,22,9,121.5589192,25.04680398
111,6,29,18,35,2,01大同區,大同區鄭州路與西寧北路口,0,0,1,1,B03,8,3,5,40,4,1,1,5,4,5,7,2,1,1,4,5,2,12,1,46,3,10,3,4,7,9,1,8,2,5,,26,26,1,22,9,121.5082021,25.0506052
111,6,29,18,35,2,01大同區,大同區鄭州路與西寧北路口,0,0,1,2,C03,8,3,5,40,4,1,1,5,4,5,7,2,1,1,4,5,2,12,2,37,2,9,1,1,7,5,1,10,2,13,,26,26,1,22,9,121.5082021,25.0506052
111,6,29,18,57,2,01大同區,大同區台北橋機車道(往三重),0,0,1,1,C03,7,3,5,50,14,11,1,5,4,5,7,4,4,1,4,5,2,13,2,46,2,9,3,4,7,9,1,10,1,11,,23,23,1,22,9,121.5107273,25.06312823
111,6,29,18,57,2,01大同區,大同區台北橋機車道(往三重),0,0,1,2,C03,7,3,5,50,14,11,1,5,4,5,7,4,4,1,4,5,2,13,1,39,3,10,3,4,7,14,1,10,1,13,,44,23,1,22,9,121.5107273,25.06312823
111,6,29,19,0,2,03中山區,中山區龍江路223巷與龍江路口,0,0,1,1,F06,8,3,5,30,4,1,1,5,4,5,7,4,4,10,5,5,2,16,2,57,2,9,1,1,7,9,8,20,1,16,,4,4,1,20,5,121.5405971,25.0568455
111,6,29,19,0,2,03中山區,中山區龍江路223巷與龍江路口,0,0,1,2,B01,8,3,5,30,4,1,1,5,4,5,7,4,4,10,5,5,2,16,1,37,3,10,1,1,7,5,1,4,1,4,,44,4,1,10,4,121.5405971,25.0568455
111,6,29,19,5,2,04大安區,大安區忠孝東路4段與光復南路口,0,0,2,1,C03,7,3,5,50,4,2,1,5,4,5,7,1,1,1,4,5,2,13,1,20,2,9,1,1,7,9,1,10,1,11,,23,23,1,22,9,121.5575901,25.0415663
111,6,29,19,5,2,04大安區,大安區忠孝東路4段與光復南路口,0,0,2,2,F03,7,3,5,50,4,2,1,5,4,5,7,1,1,1,4,5,2,13,1,45,2,9,1,1,7,9,8,20,1,16,,44,23,1,22,9,121.5575901,25.0415663
111,6,29,19,5,2,05中正區,中正區開封街1段與懷寧街口,0,0,1,1,B01,8,3,5,50,4,1,1,5,4,5,7,4,4,10,4,5,2,15,1,64,3,10,1,1,7,9,1,4,2,4,,6,6,1,10,4,121.5141738,25.0459773
111,6,29,19,5,2,05中正區,中正區開封街1段與懷寧街口,0,0,1,2,C03,8,3,5,50,4,1,1,5,4,5,7,4,4,10,4,5,2,15,1,46,2,9,1,1,7,9,1,10,2,11,,23,6,1,22,1,121.5141738,25.0459773
111,6,29,19,6,2,12內湖區,內湖區內湖路3段與碧山路口口,0,0,2,1,B03,7,3,5,50,4,1,1,4,4,5,7,4,4,9,4,5,2,16,1,44,3,10,1,1,7,5,1,8,1,8,,8,8,1,22,9,121.5913559,25.08625684