發生年度,發生月,發生日,發生時-Hours,發生分,處理別-編號,區序,肇事地點,死亡人數,2-30日死亡人數,受傷人數,當事人序號,車種,天候,光線,道路類別,速限-速度限制,道路型態,事故位置,路面狀況1,路面狀況2,路面狀況3,道路障礙1,道路障礙2,號誌1,號誌2,車道劃分-分向,車道劃分-分道1,車道劃分-分道2,車道劃分-分道3,事故類型及型態,性別,年齡,受傷程度,主要傷處,安全帽,行動電話,車輛用途,當事者行動狀態,駕駛資格情形,駕駛執照種類,飲酒情形,車輛撞擊部位1,車輛撞擊部位2,肇因碼-個別,肇因碼-主要,個人肇逃否,職業,旅次目的,座標-X,座標-Y
111,6,29,19,6,2,12內湖區,內湖區內湖路3段與碧山路口口,0,0,2,2,C03,7,3,5,50,4,1,1,4,4,5,7,4,4,9,4,5,2,16,1,80,2,9,1,1,7,6,1,10,1,14,,9,8,1,22,9,121.5913559,25.08625684
111,6,29,19,6,2,12內湖區,內湖區內湖路3段與碧山路口口,0,0,2,3,H02,7,3,5,50,4,1,1,4,4,5,7,4,4,9,4,5,2,16,2,41,2,8,4,5,7,21,8,20,10,15,,67,8,1,22,9,121.5913559,25.08625684
111,6,29,19,7,2,11南港區,南港區舊莊街1段166號,0,0,1,1,C03,8,3,5,50,14,9,1,5,4,5,7,4,4,4,3,5,2,17,2,25,3,10,3,4,7,5,1,10,1,14,,8,8,1,22,9,121.6208788,25.03949743
111,6,29,19,7,2,11南港區,南港區舊莊街1段166號,0,0,1,2,C03,8,3,5,50,14,9,1,5,4,5,7,4,4,4,3,5,2,17,1,18,2,9,3,4,7,9,1,10,1,11,,44,8,1,22,9,121.6208788,25.03949743
111,6,29,19,12,2,10文山區,文山區景文街與景文街142巷口,0,0,1,1,B03,8,3,5,30,5,1,1,5,4,5,7,2,1,5,5,5,2,16,1,58,3,10,1,1,7,6,1,8,11,5,,6,6,1,22,9,121.5408345,24.9883196
111,6,29,19,12,2,10文山區,文山區景文街與景文街142巷口,0,0,1,2,F01,8,3,5,30,5,1,1,5,4,5,7,2,1,5,5,5,2,16,1,46,2,8,1,1,7,9,8,20,11,16,,44,6,1,22,9,121.5408345,24.9883196
111,6,29,19,20,2,09北投區,北投區三合街1段與磺港路口,0,0,2,1,C03,6,3,5,30,4,1,1,4,4,5,7,1,1,9,4,5,1,16,1,24,2,9,1,1,7,9,1,10,1,11,,25,25,1,22,9,121.5035757,25.12671723
111,6,29,19,20,2,09北投區,北投區三合街1段與磺港路口,0,0,2,2,C03,6,3,5,30,4,1,1,4,4,5,7,1,1,9,4,5,1,16,1,68,2,9,1,1,7,9,1,10,1,14,,23,25,1,22,9,121.5035757,25.12671723
111,6,29,19,24,2,09北投區,北投區文林北路與文林北路221巷口,0,0,1,1,C03,8,3,5,50,14,9,1,5,4,5,7,4,4,9,4,4,2,13,1,26,3,10,1,1,7,8,1,10,1,13,,7,7,1,22,9,121.5135399,25.10846558
111,6,29,19,24,2,09北投區,北投區文林北路與文林北路221巷口,0,0,1,2,C03,8,3,5,50,14,9,1,5,4,5,7,4,4,9,4,4,2,13,1,27,2,7,1,1,7,9,1,10,1,11,,44,7,1,22,9,121.5135399,25.10846558
111,6,29,19,26,2,03中山區,中山區明水路435號,0,0,2,1,C03,8,3,5,50,14,9,1,5,4,5,7,4,4,1,3,5,1,13,1,26,2,9,1,1,7,9,1,10,1,11,,23,23,1,22,9,121.549117,25.0774628
111,6,29,19,26,2,03中山區,中山區明水路435號,0,0,2,2,B03,8,3,5,50,14,9,1,5,4,5,7,4,4,1,3,5,1,13,1,50,3,10,1,1,7,9,1,8,1,3,,44,23,1,22,9,121.549117,25.0774628
111,6,29,19,26,2,03中山區,中山區明水路435號,0,0,2,3,H02,8,3,5,50,14,9,1,5,4,5,7,4,4,1,3,5,1,13,2,26,2,9,1,1,7,20,8,20,10,16,,67,23,1,22,9,121.549117,25.0774628
111,6,29,19,35,2,04大安區,大安區仁愛路4段151巷與仁愛路4段345巷4弄口,0,0,1,1,C03,8,3,5,30,4,2,1,5,4,5,7,4,4,10,5,5,1,15,2,23,2,8,1,1,7,9,1,10,1,11,,6,6,1,5,1,121.5517921,25.038979
111,6,29,19,35,2,04大安區,大安區仁愛路4段151巷與仁愛路4段345巷4弄口,0,0,1,2,B03,8,3,5,30,4,2,1,5,4,5,7,4,4,10,5,5,1,15,1,26,3,10,1,1,7,9,1,8,1,4,,14,6,1,21,5,121.5517921,25.038979
111,6,29,19,45,2,04大安區,大安區市民大道4段與忠孝東路4段223巷口,0,0,1,1,B03,8,1,5,40,4,2,1,5,4,5,7,1,1,1,5,5,1,13,1,28,3,10,1,1,7,1,1,8,2,1,,23,23,1,22,9,121.5525927,25.04431279
111,6,29,19,45,2,04大安區,大安區市民大道4段與忠孝東路4段223巷口,0,0,1,2,B03,8,1,5,40,4,2,1,5,4,5,7,1,1,1,5,5,1,13,2,24,2,1,1,3,7,14,1,8,2,3,,44,23,1,22,9,121.5525927,25.04431279
111,6,29,20,2,2,10文山區,文山區景文街與羅斯福路6段455巷口,0,0,1,1,H01,8,3,5,0,5,1,1,5,4,5,7,2,1,5,5,4,2,3,2,65,2,9,4,1,8,16,8,20,1,16,,51,51,1,22,9,121.5410001,24.9899931
111,6,29,20,2,2,10文山區,文山區景文街與羅斯福路6段455巷口,0,0,1,2,B03,8,3,5,0,5,1,1,5,4,5,7,2,1,5,5,4,2,3,1,26,3,10,1,1,7,1,1,8,1,1,,23,51,1,22,9,121.5410001,24.9899931
111,6,29,20,5,2,12內湖區,內湖區成功路2段與成功路2段486巷口,0,0,1,1,C03,8,3,5,50,3,1,1,5,4,5,7,1,1,1,4,5,2,13,2,23,2,9,1,1,7,9,1,10,1,11,,16,16,1,22,9,121.5899245,25.07315097
111,6,29,20,5,2,12內湖區,內湖區成功路2段與成功路2段486巷口,0,0,1,2,B03,8,3,5,50,3,1,1,5,4,5,7,1,1,1,4,5,2,13,1,42,3,10,1,1,7,14,1,8,1,7,,44,16,1,22,9,121.5899245,25.07315097
111,6,29,20,10,2,09北投區,北投區承德路6段與福國路口,0,0,1,1,,7,3,5,60,4,2,1,5,4,5,7,1,1,1,4,5,2,17,4,,4,11,3,4,7,15,7,19,11,15,,43,43,2,22,9,121.5124801,25.10145345
111,6,29,20,10,2,09北投區,北投區承德路6段與福國路口,0,0,1,2,C03,7,3,5,60,4,2,1,5,4,5,7,1,1,1,4,5,2,17,2,18,2,9,1,1,7,9,1,10,2,12,,43,43,1,22,9,121.5124801,25.10145345
111,6,29,20,30,2,03中山區,中山區北安路537號,0,0,1,1,H01,8,3,5,0,14,9,1,5,4,5,7,2,1,9,4,5,2,3,2,68,2,9,4,5,8,16,8,20,1,16,,52,52,1,20,5,121.5474623,25.0800499
111,6,29,20,30,2,03中山區,中山區北安路537號,0,0,1,2,C03,8,3,5,0,14,9,1,5,4,5,7,2,1,9,4,5,2,3,1,25,3,10,1,3,7,9,1,10,1,11,,44,52,1,5,4,121.5474623,25.0800499
111,6,29,21,8,2,04大安區,大安區新生南路1段145巷與新生南路1段口,0,0,1,1,C03,8,3,5,30,15,20,4,5,4,5,7,4,4,10,5,5,1,17,1,33,3,10,1,1,7,15,1,10,1,15,,4,4,1,5,1,121.5329543,25.03551471
111,6,29,21,8,2,04大安區,大安區新生南路1段145巷與新生南路1段口,0,0,1,2,F01,8,3,5,30,15,20,4,5,4,5,7,4,4,10,5,5,1,17,2,24,2,7,1,1,7,12,8,20,1,15,,44,4,1,5,1,121.5329543,25.03551471
111,6,29,21,32,2,07信義區,信義區吳興街與吳興街269巷口,0,0,2,1,B01,8,3,5,30,4,1,1,5,4,5,7,4,4,9,4,5,2,15,1,57,3,10,1,1,7,9,1,4,1,1,,6,6,1,22,9,121.5638945,25.0267733
111,6,29,21,32,2,07信義區,信義區吳興街與吳興街269巷口,0,0,2,2,C03,8,3,5,30,4,1,1,5,4,5,7,4,4,9,4,5,2,15,1,19,2,9,1,1,7,9,1,10,1,14,,44,6,1,22,9,121.5638945,25.0267733
111,6,29,21,32,2,07信義區,信義區吳興街與吳興街269巷口,0,0,2,3,H02,8,3,5,30,4,1,1,5,4,5,7,4,4,9,4,5,2,15,2,17,2,7,4,5,7,20,8,20,10,16,,67,6,1,22,9,121.5638945,25.0267733
111,6,29,21,44,2,11南港區,南港區重陽路與重陽路口重陽停車場出入口,0,0,1,1,B03,8,3,5,50,3,1,1,5,4,5,7,4,4,8,3,4,2,16,1,59,3,10,3,4,7,1,1,8,2,8,,19,19,1,22,9,121.5977232,25.05606431
111,6,29,21,44,2,11南港區,南港區重陽路與重陽路口重陽停車場出入口,0,0,1,2,C03,8,3,5,50,3,1,1,5,4,5,7,4,4,8,3,4,2,16,2,22,2,9,3,4,7,9,1,10,2,11,,27,19,1,22,9,121.5977232,25.05606431
111,6,29,22,2,2,07信義區,信義區忠孝東路5段500號,0,0,1,1,C03,8,3,5,50,14,9,1,5,4,5,7,4,4,1,4,5,2,17,1,24,3,10,3,4,7,9,1,10,2,11,,16,16,1,22,9,121.578471,25.04104391
111,6,29,22,2,2,07信義區,信義區忠孝東路5段500號,0,0,1,2,C03,8,3,5,50,14,9,1,5,4,5,7,4,4,1,4,5,2,17,2,34,2,5,3,4,7,9,1,10,2,13,,44,16,1,22,9,121.578471,25.04104391
111,6,29,22,5,2,06松山區,松山區民生東路3段與復興北路口,0,0,2,1,C03,8,3,5,50,4,1,1,5,4,5,7,2,1,9,4,5,2,17,1,31,2,9,1,1,7,8,1,10,1,15,,7,7,1,22,9,121.5442759,25.05783587
111,6,29,22,5,2,06松山區,松山區民生東路3段與復興北路口,0,0,2,2,C03,8,3,5,50,4,1,1,5,4,5,7,2,1,9,4,5,2,17,2,32,2,9,1,1,7,9,1,10,1,14,,44,7,1,22,9,121.5442759,25.05783587
111,6,29,22,30,2,08士林區,士林區士東路266巷6弄6號,0,0,1,1,C03,8,3,5,30,13,9,1,5,4,5,7,4,4,10,5,5,2,2,1,56,3,10,1,1,7,9,1,10,2,15,,42,42,1,22,9,121.5365936,25.11257207
111,6,29,22,30,2,08士林區,士林區士東路266巷6弄6號,0,0,1,2,H01,8,3,5,30,13,9,1,5,4,5,7,4,4,10,5,5,2,2,1,35,2,9,4,5,8,17,8,20,10,16,,60,42,1,22,9,121.5365936,25.11257207
111,6,29,23,55,2,10文山區,文山區木柵路1段237號,0,0,1,1,C03,8,3,5,50,14,9,1,5,4,5,7,1,1,1,4,5,2,23,1,28,2,9,1,1,7,9,1,10,1,11,,23,23,1,22,9,121.5523315,24.9879376
111,6,29,23,55,2,10文山區,文山區木柵路1段237號,0,0,1,2,,8,3,5,50,14,9,1,5,4,5,7,1,1,1,4,5,2,23,3,,,,,,,,,,,,,67,23,1,,,121.5523315,24.9879376
111,6,30,2,52,2,03中山區,中山區市民大道2段與長安東路1段30巷口,0,0,1,1,C03,8,3,5,40,3,1,1,5,4,5,7,1,1,1,3,5,1,13,1,33,2,9,1,1,7,9,1,10,2,11,,23,23,1,22,9,121.5260476,25.0475383
111,6,30,2,52,2,03中山區,中山區市民大道2段與長安東路1段30巷口,0,0,1,2,B01,8,3,5,40,3,1,1,5,4,5,7,1,1,1,3,5,1,13,1,36,3,10,1,1,7,14,1,4,2,3,,44,23,1,22,9,121.5260476,25.0475383
111,6,30,6,20,2,08士林區,士林區延平北路9段356號,0,0,1,1,C03,8,1,5,50,14,9,1,5,4,5,7,4,4,9,4,5,1,9,2,18,2,9,1,1,7,9,1,10,11,12,,44,44,1,22,9,121.4674415,25.10953249
111,6,30,6,20,2,08士林區,士林區延平北路9段356號,0,0,1,2,,8,1,5,50,14,9,1,5,4,5,7,4,4,9,4,5,1,9,3,,,,,,,,,,,,,60,44,1,,,121.4674415,25.10953249
111,6,30,6,40,2,12內湖區,內湖區洲子街與內湖路1段518巷口口,0,0,2,1,C03,8,1,5,30,4,1,1,5,4,5,7,3,1,5,4,5,2,15,1,29,2,7,1,1,7,9,1,10,1,12,,6,6,1,22,9,121.5735495,25.07906731
111,6,30,6,40,2,12內湖區,內湖區洲子街與內湖路1段518巷口口,0,0,2,2,C03,8,1,5,30,4,1,1,5,4,5,7,3,1,5,4,5,2,15,1,25,2,9,1,1,7,9,1,10,1,11,,13,6,1,22,9,121.5735495,25.07906731
111,6,30,7,0,2,07信義區,信義區吳興街與吳興街281巷口,0,0,1,1,F01,8,1,5,30,4,1,1,5,4,5,7,4,4,9,4,5,2,17,2,76,2,9,1,1,7,9,8,20,1,16,,6,6,1,22,9,121.5641653,25.0265291
111,6,30,7,0,2,07信義區,信義區吳興街與吳興街281巷口,0,0,1,2,B01,8,1,5,30,4,1,1,5,4,5,7,4,4,9,4,5,2,17,1,66,3,10,1,1,7,6,1,4,1,4,,9,6,1,22,9,121.5641653,25.0265291
111,6,30,7,25,2,08士林區,士林區文林路與德行西路口,0,0,1,1,B12,8,1,5,50,4,1,1,5,4,5,7,1,1,1,4,5,2,17,4,,4,11,3,4,7,15,7,19,11,15,,43,43,2,22,9,121.5196694,25.10331204
111,6,30,7,25,2,08士林區,士林區文林路與德行西路口,0,0,1,2,C03,8,1,5,50,4,1,1,5,4,5,7,1,1,1,4,5,2,17,2,43,2,9,1,1,7,9,1,10,1,11,,43,43,1,22,9,121.5196694,25.10331204
111,6,30,7,34,2,09北投區,北投區承德路6段洲美蜆仔港公園前,0,0,2,1,C03,8,1,5,60,14,12,1,5,4,5,7,4,4,1,4,5,2,12,1,58,3,10,3,4,7,8,1,10,1,12,,7,7,1,22,9,121.5123314,25.10000292
111,6,30,7,34,2,09北投區,北投區承德路6段洲美蜆仔港公園前,0,0,2,2,C03,8,1,5,60,14,12,1,5,4,5,7,4,4,1,4,5,2,12,1,37,2,9,3,4,7,9,1,10,1,14,,44,7,1,22,9,121.5123314,25.10000292
111,6,30,7,34,2,09北投區,北投區承德路6段洲美蜆仔港公園前,0,0,2,3,H02,8,1,5,60,14,12,1,5,4,5,7,4,4,1,4,5,2,12,2,36,2,7,4,5,7,21,8,20,10,15,,67,7,1,22,9,121.5123314,25.10000292
111,6,30,7,46,2,10文山區,文山區木柵路1段155號,0,0,1,1,C03,8,1,5,50,14,9,2,5,4,5,7,1,1,5,4,5,2,13,2,56,2,9,1,4,7,15,1,10,1,14,,43,43,1,22,9,121.5504525,24.98751184
111,6,30,7,46,2,10文山區,文山區木柵路1段155號,0,0,1,2,B03,8,1,5,50,14,9,2,5,4,5,7,1,1,5,4,5,2,13,1,41,3,10,3,4,7,14,1,8,1,6,,43,43,1,22,9,121.5504525,24.98751184
111,6,30,8,17,2,06松山區,松山區民族東路706號,0,0,1,1,H01,8,1,5,30,14,9,2,5,4,5,7,4,4,7,5,5,2,3,2,72,2,9,4,1,8,16,8,20,1,16,,51,51,1,22,9,121.5474538,25.06402261
111,6,30,8,17,2,06松山區,松山區民族東路706號,0,0,1,2,C03,8,1,5,30,14,9,2,5,4,5,7,4,4,7,5,5,2,3,1,53,3,10,1,1,7,9,1,10,1,11,,23,51,1,22,9,121.5474538,25.06402261
111,6,30,8,30,2,02萬華區,萬華區忠孝西路2段與忠孝西路2段16巷口,0,0,1,1,C03,8,1,5,50,14,9,1,5,4,5,7,4,4,1,4,5,2,12,1,23,3,10,1,1,7,9,1,10,1,14,,23,23,1,22,9,121.5086089,25.04830912
111,6,30,8,30,2,02萬華區,萬華區忠孝西路2段與忠孝西路2段16巷口,0,0,1,2,C03,8,1,5,50,14,9,1,5,4,5,7,4,4,1,4,5,2,12,2,34,2,8,1,1,7,6,1,10,1,12,,9,23,1,22,9,121.5086089,25.04830912
111,6,30,8,30,2,07信義區,信義區嘉興街219巷與嘉興街口,0,0,2,1,C03,8,1,5,30,3,2,1,5,4,5,7,4,4,5,4,5,2,11,1,30,2,8,1,1,7,5,1,10,1,14,,26,26,1,22,9,121.5562297,25.025661
111,6,30,8,30,2,07信義區,信義區嘉興街219巷與嘉興街口,0,0,2,2,C03,8,1,5,30,3,2,1,5,4,5,7,4,4,5,4,5,2,11,1,60,2,8,1,1,7,4,1,10,1,11,,1,26,1,22,9,121.5562297,25.025661
111,6,30,8,37,2,01大同區,大同區環河北路1段與忠孝西路2段口,0,0,2,1,C03,8,1,5,50,14,9,1,5,4,5,7,4,4,8,3,5,1,13,2,35,2,9,1,1,7,9,1,10,1,11,,16,16,1,22,9,121.5063553,25.04921929
111,6,30,8,37,2,01大同區,大同區環河北路1段與忠孝西路2段口,0,0,2,2,B12,8,1,5,50,14,9,1,5,4,5,7,4,4,8,3,5,1,13,1,36,3,10,1,1,7,9,1,8,1,3,,44,16,1,22,9,121.5063553,25.04921929
111,6,30,8,37,2,01大同區,大同區環河北路1段與忠孝西路2段口,0,0,2,3,C03,8,1,5,50,14,9,1,5,4,5,7,4,4,8,3,5,1,13,1,29,2,9,1,1,7,9,1,10,1,14,,44,16,1,22,9,121.5063553,25.04921929
111,6,30,8,39,2,04大安區,大安區基隆路4段43號,0,0,1,1,C03,8,1,5,50,14,9,1,5,4,5,7,4,4,1,3,1,1,17,2,43,2,9,1,1,7,9,1,10,1,15,,43,43,1,22,9,121.5411776,25.01435686
111,6,30,8,39,2,04大安區,大安區基隆路4段43號,0,0,1,2,C03,8,1,5,50,14,9,1,5,4,5,7,4,4,1,3,1,1,17,2,49,3,10,1,1,7,9,1,10,1,15,,43,43,1,22,9,121.5411776,25.01435686
111,6,30,8,49,2,01大同區,大同區重慶北路1段與南京西路口,0,0,1,1,C03,8,1,5,50,3,2,1,5,4,5,7,1,1,9,4,5,1,12,1,23,2,9,1,1,7,9,1,10,1,11,,14,14,1,22,9,121.5134714,25.0512412
111,6,30,8,49,2,01大同區,大同區重慶北路1段與南京西路口,0,0,1,2,B11,8,1,5,50,3,2,1,5,4,5,7,1,1,9,4,5,1,12,1,57,3,10,1,1,7,5,1,8,1,8,,8,14,1,22,9,121.5134714,25.0512412
111,6,30,9,5,2,08士林區,士林區承德路4段354號,0,0,1,1,C03,8,1,5,50,15,9,1,5,4,5,7,4,4,1,5,4,1,17,2,45,2,9,1,1,7,7,1,10,1,13,,7,7,1,22,9,121.5169594,25.0905593
111,6,30,9,5,2,08士林區,士林區承德路4段354號,0,0,1,2,C03,8,1,5,50,15,9,1,5,4,5,7,4,4,1,5,4,1,17,1,22,3,10,1,1,7,9,1,10,1,11,,44,7,1,22,9,121.5169594,25.0905593
111,6,30,9,10,2,05中正區,中正區泉州街與重慶南路3段4巷口,0,0,1,1,C03,8,1,5,50,3,1,1,5,4,5,7,4,4,10,4,5,2,16,1,21,2,8,1,1,7,5,1,10,1,14,,8,8,1,22,9,121.5143662,25.0292699
111,6,30,9,10,2,05中正區,中正區泉州街與重慶南路3段4巷口,0,0,1,2,B03,8,1,5,50,3,1,1,5,4,5,7,4,4,10,4,5,2,16,2,38,3,10,1,1,7,9,1,8,1,1,,23,8,1,22,9,121.5143662,25.0292699
111,6,30,9,13,2,02萬華區,萬華區武成街與武成街35巷口,0,0,1,1,C03,8,1,5,30,4,1,1,5,4,5,7,4,4,10,5,5,2,15,2,64,2,9,1,1,7,9,1,10,1,12,,6,6,1,22,9,121.4953779,25.01860853
111,6,30,9,13,2,02萬華區,萬華區武成街與武成街35巷口,0,0,1,2,B03,8,1,5,30,4,1,1,5,4,5,7,4,4,10,5,5,2,15,1,48,3,10,1,1,7,9,1,8,1,1,,23,6,1,22,9,121.4953779,25.01860853
111,6,30,9,14,2,11南港區,南港區市民大道8段東向西94號路燈桿前,0,0,1,1,C02,8,1,5,50,14,9,1,5,4,5,7,4,4,5,4,5,1,16,1,44,3,10,1,4,7,6,1,9,1,12,,9,9,1,22,9,121.6108639,25.05390868
111,6,30,9,14,2,11南港區,南港區市民大道8段東向西94號路燈桿前,0,0,1,2,C03,8,1,5,50,14,9,1,5,4,5,7,4,4,5,4,5,1,16,2,71,2,9,1,4,7,9,1,10,1,11,,44,9,1,22,9,121.6108639,25.05390868
111,6,30,9,23,2,04大安區,大安區臥龍街188巷21號,0,0,2,1,C03,8,1,5,50,14,9,1,5,4,5,7,4,4,10,5,5,2,13,1,46,2,9,3,4,7,11,1,10,1,13,,44,44,1,22,9,121.5508086,25.01740713
111,6,30,9,23,2,04大安區,大安區臥龍街188巷21號,0,0,2,2,C03,8,1,5,50,14,9,1,5,4,5,7,4,4,10,5,5,2,13,2,21,2,9,3,4,7,11,1,10,1,11,,10,44,1,22,9,121.5508086,25.01740713
111,6,30,9,30,2,03中山區,中山區建國高架道(南往北)(民權東路上方),0,0,2,1,B12,8,1,5,70,10,9,1,5,4,5,7,4,4,1,4,5,2,13,1,57,2,9,3,4,7,9,1,8,2,1,,16,16,1,22,9,121.5370592,25.06249847
111,6,30,9,30,2,03中山區,中山區建國高架道(南往北)(民權東路上方),0,0,2,2,B03,8,1,5,70,10,9,1,5,4,5,7,4,4,1,4,5,2,13,1,29,3,10,3,4,7,14,1,8,2,3,,44,16,1,22,9,121.5370592,25.06249847
111,6,30,9,30,2,03中山區,中山區建國高架道(南往北)(民權東路上方),0,0,2,3,B03,8,1,5,70,10,9,1,5,4,5,7,4,4,1,4,5,2,13,1,28,3,10,3,4,7,9,1,8,2,3,,44,16,1,22,9,121.5370592,25.06249847
111,6,30,9,30,2,03中山區,中山區建國高架道(南往北)(民權東路上方),0,0,2,4,H02,8,1,5,70,10,9,1,5,4,5,7,4,4,1,4,5,2,13,1,41,2,9,3,4,7,17,8,20,10,16,,67,16,1,22,9,121.5370592,25.06249847
111,6,30,10,45,2,05中正區,中正區重慶南路3段與和平西路1段口口,0,0,1,1,C03,8,1,5,30,5,1,1,5,4,5,7,1,1,1,4,5,1,17,1,58,4,11,3,4,7,6,7,19,11,15,,9,9,2,22,9,121.5161809,25.02698724
111,6,30,10,45,2,05中正區,中正區重慶南路3段與和平西路1段口口,0,0,1,2,C03,8,1,5,30,5,1,1,5,4,5,7,1,1,1,4,5,1,17,2,54,2,9,1,1,7,9,1,10,1,11,,44,9,1,22,9,121.5161809,25.02698724
111,6,30,11,0,2,03中山區,中山區民權東路1段中山國小站2號出口,0,0,2,1,C03,8,1,5,50,14,9,1,5,4,5,7,4,4,9,4,5,1,17,1,39,3,10,1,1,7,8,1,10,1,12,,7,7,1,22,9,121.526115,25.06255609
111,6,30,11,0,2,03中山區,中山區民權東路1段中山國小站2號出口,0,0,2,2,C03,8,1,5,50,14,9,1,5,4,5,7,4,4,9,4,5,1,17,2,62,2,9,1,1,7,9,1,10,1,14,,44,7,1,22,9,121.526115,25.06255609
111,6,30,11,0,2,03中山區,中山區民權東路1段中山國小站2號出口,0,0,2,4,H02,8,1,5,50,14,9,1,5,4,5,7,4,4,9,4,5,1,17,2,37,2,8,1,1,7,20,8,20,10,16,,67,7,1,22,9,121.526115,25.06255609
111,6,30,11,0,2,03中山區,中山區民權東路1段中山國小站2號出口,0,0,2,3,H03,8,1,5,50,14,9,1,5,4,5,7,4,4,9,4,5,1,17,1,47,3,10,4,5,8,20,8,20,10,16,,60,7,1,22,9,121.526115,25.06255609
111,6,30,11,46,2,04大安區,大安區忠孝東路3段192號,0,0,1,1,A04,8,1,5,50,14,9,1,5,4,5,7,4,4,1,4,5,2,17,1,54,3,10,1,1,7,9,1,2,1,15,,44,44,1,21,8,121.53912,25.04159789
111,6,30,11,46,2,04大安區,大安區忠孝東路3段192號,0,0,1,2,C03,8,1,5,50,14,9,1,5,4,5,7,4,4,1,4,5,2,17,1,69,2,9,1,1,7,10,1,10,1,11,,7,44,1,21,8,121.53912,25.04159789
111,6,30,11,55,2,07信義區,信義區福德街268巷7弄與福德街268巷口,0,0,1,1,B03,8,1,5,30,4,2,1,5,4,5,7,4,4,10,5,5,2,11,1,41,3,10,1,1,7,9,1,8,1,4,,42,42,1,22,9,121.5857241,25.0397384
111,6,30,11,55,2,07信義區,信義區福德街268巷7弄與福德街268巷口,0,0,1,2,F01,8,1,5,30,4,2,1,5,4,5,7,4,4,10,5,5,2,11,2,78,2,9,1,1,7,9,8,20,1,16,,42,42,1,22,9,121.5857241,25.0397384
111,6,30,11,55,2,07信義區,信義區福德街268巷7弄與福德街268巷口,0,0,1,3,B03,8,1,5,30,4,2,1,5,4,5,7,4,4,10,5,5,2,11,2,60,3,10,1,1,7,13,1,8,9,15,,38,42,1,22,9,121.5857241,25.0397384
111,6,30,11,58,2,02萬華區,萬華區堤外便道(29臺北農產採購專區),0,0,2,1,C03,8,1,5,50,14,9,1,5,4,5,7,4,4,9,5,5,2,17,1,57,2,8,1,4,7,1,1,10,1,14,,19,19,1,22,9,121.5003024,25.01703801
111,6,30,11,58,2,02萬華區,萬華區堤外便道(29臺北農產採購專區),0,0,2,2,C03,8,1,5,50,14,9,1,5,4,5,7,4,4,9,5,5,2,17,1,28,2,9,1,4,7,9,1,10,1,11,,44,19,1,22,9,121.5003024,25.01703801
111,6,30,12,0,2,12內湖區,內湖區民權東路6段與瑞光路口,0,0,1,1,B03,8,1,5,50,4,1,1,5,4,5,7,2,1,1,4,5,2,11,1,52,3,10,1,1,7,5,1,8,2,2,,6,6,1,22,9,121.5843593,25.068744
111,6,30,12,0,2,12內湖區,內湖區民權東路6段與瑞光路口,0,0,1,2,C03,8,1,5,50,4,1,1,5,4,5,7,2,1,1,4,5,2,11,1,18,2,9,1,1,7,9,1,10,2,11,,44,6,1,22,9,121.5843593,25.068744
111,6,30,12,15,2,06松山區,松山區南京東路5段250巷與南京東路5段250巷2弄口,0,0,1,2,B03,8,1,5,30,4,1,1,5,4,5,7,4,4,10,5,5,2,15,2,55,3,10,3,4,7,9,1,8,1,8,,44,6,1,22,9,121.5661052,25.0507211
111,6,30,12,15,2,06松山區,松山區南京東路5段250巷與南京東路5段250巷2弄口,0,0,1,1,C03,8,1,5,30,4,1,1,5,4,5,7,4,4,10,5,5,2,15,1,28,2,9,1,1,7,9,1,10,1,11,,6,6,1,22,9,121.5661052,25.0507211
111,6,30,12,17,2,03中山區,中山區長安東路2段31號,0,0,1,1,B01,8,1,5,50,14,9,1,5,4,5,7,4,4,5,4,5,2,17,1,57,3,10,3,4,7,14,1,4,1,4,,40,40,1,22,9,121.5311441,25.0485269
111,6,30,12,17,2,03中山區,中山區長安東路2段31號,0,0,1,2,C03,8,1,5,50,14,9,1,5,4,5,7,4,4,5,4,5,2,17,1,21,2,7,1,1,7,9,1,10,1,12,,44,40,1,22,9,121.5311441,25.0485269
111,6,30,12,17,2,12內湖區,內湖區行愛路151號,0,0,1,1,B12,8,1,5,50,14,7,1,5,4,5,7,4,4,5,4,4,2,13,1,27,3,10,1,1,7,9,1,8,1,1,,16,16,1,22,9,121.5799447,25.06434849
111,6,30,12,17,2,12內湖區,內湖區行愛路151號,0,0,1,2,B12,8,1,5,50,14,7,1,5,4,5,7,4,4,5,4,4,2,13,2,33,2,1,1,1,7,9,1,8,1,3,,44,16,1,22,9,121.5799447,25.06434849
111,6,30,12,20,2,06松山區,松山區復興北路233號,0,0,1,1,C03,8,1,5,50,14,9,1,5,4,5,7,1,1,1,3,5,2,17,1,33,2,8,1,1,7,1,1,10,1,11,,19,19,1,22,9,121.5443021,25.05734856
111,6,30,12,20,2,06松山區,松山區復興北路233號,0,0,1,2,B12,8,1,5,50,14,9,1,5,4,5,7,1,1,1,3,5,2,17,1,51,3,10,1,1,7,9,1,2,1,15,,44,19,1,22,9,121.5443021,25.05734856
111,6,30,12,50,2,10文山區,文山區興隆路1段與興隆路1段251巷口,0,0,1,1,B02,8,1,5,50,3,2,1,5,4,5,7,1,1,1,4,5,2,16,1,72,3,10,1,1,7,5,1,8,1,8,,8,8,1,22,9,121.5440319,24.99947283