發生年度,發生月,發生日,發生時-Hours,發生分,處理別-編號,區序,肇事地點,死亡人數,2-30日死亡人數,受傷人數,當事人序號,車種,天候,光線,道路類別,速限-速度限制,道路型態,事故位置,路面狀況1,路面狀況2,路面狀況3,道路障礙1,道路障礙2,號誌1,號誌2,車道劃分-分向,車道劃分-分道1,車道劃分-分道2,車道劃分-分道3,事故類型及型態,性別,年齡,受傷程度,主要傷處,安全帽,行動電話,車輛用途,當事者行動狀態,駕駛資格情形,駕駛執照種類,飲酒情形,車輛撞擊部位1,車輛撞擊部位2,肇因碼-個別,肇因碼-主要,個人肇逃否,職業,旅次目的,座標-X,座標-Y
111,6,30,12,50,2,10文山區,文山區興隆路1段與興隆路1段251巷口,0,0,1,2,C03,8,1,5,50,3,2,1,5,4,5,7,1,1,1,4,5,2,16,1,50,2,9,1,1,7,9,1,10,1,12,,44,8,1,22,9,121.5440319,24.99947283
111,6,30,12,54,2,01大同區,大同區鄭州路55號,0,0,1,1,B03,8,1,5,40,14,9,1,5,4,5,7,4,4,1,4,5,2,13,1,36,3,10,1,4,7,9,3,18,1,1,,23,23,1,22,9,121.5129918,25.04964386
111,6,30,12,54,2,01大同區,大同區鄭州路55號,0,0,1,2,B03,8,1,5,40,14,9,1,5,4,5,7,4,4,1,4,5,2,13,1,35,2,9,1,4,7,9,1,8,1,3,,44,23,1,22,9,121.5129918,25.04964386
111,6,30,13,5,2,05中正區,中正區延平南路與愛國西路口,0,0,1,1,B03,8,1,5,50,4,1,1,5,4,5,7,1,1,1,4,4,2,12,1,49,4,11,3,4,7,6,7,19,11,15,,9,9,2,22,9,121.5079812,25.0366571
111,6,30,13,5,2,05中正區,中正區延平南路與愛國西路口,0,0,1,2,C03,8,1,5,50,4,1,1,5,4,5,7,1,1,1,4,4,2,12,1,23,2,9,1,1,7,9,1,10,1,11,,44,9,1,22,9,121.5079812,25.0366571
111,6,30,13,25,2,05中正區,中正區杭州南路1段與青島東路口,0,0,1,1,B12,8,1,5,50,3,1,1,5,4,5,7,1,1,5,4,4,2,1,1,25,3,10,1,1,7,5,1,8,2,1,,15,15,1,22,9,121.5264053,25.0427997
111,6,30,13,25,2,05中正區,中正區杭州南路1段與青島東路口,0,0,1,2,H01,8,1,5,50,3,1,1,5,4,5,7,1,1,5,4,4,2,1,2,34,2,9,4,5,8,16,8,20,10,16,,67,15,1,22,9,121.5264053,25.0427997
111,6,30,13,30,2,01大同區,大同區錦西街38巷14-2號,0,0,2,1,B01,8,1,5,30,14,9,1,5,4,5,7,4,4,10,5,5,2,9,1,43,3,10,1,1,7,14,1,4,2,2,,38,38,1,22,9,121.520402,25.05987271
111,6,30,13,30,2,01大同區,大同區錦西街38巷14-2號,0,0,2,2,H02,8,1,5,30,14,9,1,5,4,5,7,4,4,10,5,5,2,9,1,53,2,7,4,5,7,19,8,20,10,16,,56,38,1,22,9,121.520402,25.05987271
111,6,30,13,30,2,01大同區,大同區錦西街38巷14-2號,0,0,2,3,C03,8,1,5,30,14,9,1,5,4,5,7,4,4,10,5,5,2,9,2,21,2,7,1,1,7,9,1,10,2,14,,44,38,1,22,9,121.520402,25.05987271
111,6,30,13,30,2,01大同區,大同區錦西街38巷14-2號,0,0,2,4,C03,8,1,5,30,14,9,1,5,4,5,7,4,4,10,5,5,2,9,1,29,3,10,3,4,7,13,1,10,11,12,,44,38,1,22,9,121.520402,25.05987271
111,6,30,13,30,2,08士林區,士林區承德路4段10巷與通河街76巷口,0,0,1,1,C03,8,1,5,30,4,1,1,5,4,5,7,4,4,5,5,5,1,15,1,43,2,7,1,1,7,9,1,10,1,11,,6,6,1,21,8,121.5201487,25.0801317
111,6,30,13,30,2,08士林區,士林區承德路4段10巷與通河街76巷口,0,0,1,2,B02,8,1,5,30,4,1,1,5,4,5,7,4,4,5,5,5,1,15,1,22,3,10,1,1,7,9,1,8,1,4,,44,6,1,21,8,121.5201487,25.0801317
111,6,30,13,30,2,09北投區,北投區榮華三路51號,0,0,1,1,F01,8,1,5,50,14,9,1,5,4,5,7,4,4,5,5,5,1,12,2,49,2,9,1,1,7,7,8,20,1,16,,7,7,1,22,9,121.5199907,25.11416136
111,6,30,13,30,2,09北投區,北投區榮華三路51號,0,0,1,2,C03,8,1,5,50,14,9,1,5,4,5,7,4,4,5,5,5,1,12,2,35,3,10,1,1,7,9,1,10,1,12,,23,7,1,22,9,121.5199907,25.11416136
111,6,30,13,35,2,12內湖區,內湖區成功路2段與安康路口,0,0,1,1,B02,8,1,5,50,4,1,1,5,4,5,7,2,1,1,4,5,2,16,2,62,3,10,1,1,7,9,1,8,2,4,,25,25,1,22,9,121.5913008,25.06060742
111,6,30,13,35,2,12內湖區,內湖區成功路2段與安康路口,0,0,1,2,C03,8,1,5,50,4,1,1,5,4,5,7,2,1,1,4,5,2,16,1,40,2,9,1,1,7,9,1,10,2,11,,44,25,1,22,9,121.5913008,25.06060742
111,6,30,14,12,2,09北投區,北投區稻香路與石仙路口,0,0,1,1,C03,8,1,5,50,3,1,1,5,4,5,7,3,1,8,1,5,1,17,2,37,2,9,1,4,7,5,1,10,1,12,,6,6,1,22,9,121.4892387,25.1426132
111,6,30,14,12,2,09北投區,北投區稻香路與石仙路口,0,0,1,2,B03,8,1,5,50,3,1,1,5,4,5,7,3,1,8,1,5,1,17,1,33,3,10,3,4,7,9,1,8,1,1,,14,6,1,22,9,121.4892387,25.1426132
111,6,30,14,50,2,09北投區,北投區公館路224巷與公館路334巷口,0,0,1,1,B02,8,1,5,30,4,1,1,5,4,5,7,4,4,10,5,5,2,15,1,48,3,10,1,1,7,9,1,8,1,1,,43,43,1,22,9,121.504743,25.12463184
111,6,30,14,50,2,09北投區,北投區公館路224巷與公館路334巷口,0,0,1,2,C03,8,1,5,30,4,1,1,5,4,5,7,4,4,10,5,5,2,15,2,55,2,9,1,1,7,9,1,10,1,12,,43,43,1,22,9,121.504743,25.12463184
111,6,30,14,55,2,10文山區,文山區羅斯福路6段159巷與三福街口,0,0,1,1,C03,8,1,5,30,4,1,1,5,4,5,7,4,4,10,5,5,2,15,1,68,2,9,1,1,7,9,1,10,1,11,,6,6,1,22,9,121.5423704,24.9971375
111,6,30,14,55,2,10文山區,文山區羅斯福路6段159巷與三福街口,0,0,1,2,B03,8,1,5,30,4,1,1,5,4,5,7,4,4,10,5,5,2,15,1,49,3,10,1,1,7,9,1,8,1,8,,4,6,1,22,9,121.5423704,24.9971375
111,6,30,15,2,2,07信義區,信義區基隆路1段126號,0,0,1,1,B01,8,1,5,50,14,9,1,5,4,5,7,4,4,7,4,5,1,16,1,55,3,10,1,1,7,6,1,4,2,5,,9,9,1,22,9,121.5667735,25.04529136
111,6,30,15,2,2,07信義區,信義區基隆路1段126號,0,0,1,2,C03,8,1,5,50,14,9,1,5,4,5,7,4,4,7,4,5,1,16,1,19,2,9,1,1,7,9,3,18,2,14,,13,9,1,22,9,121.5667735,25.04529136
111,6,30,15,24,2,10文山區,文山區羅斯福路4段與基隆路4段口,0,0,1,1,C03,8,1,5,50,4,1,1,5,4,5,7,1,1,1,4,5,2,12,1,26,2,8,1,1,7,7,1,10,2,14,,7,7,1,22,9,121.5371112,25.01092422
111,6,30,15,24,2,10文山區,文山區羅斯福路4段與基隆路4段口,0,0,1,2,C03,8,1,5,50,4,1,1,5,4,5,7,1,1,1,4,5,2,12,2,22,3,10,1,1,7,9,1,10,2,12,,26,7,1,22,9,121.5371112,25.01092422
111,6,30,15,27,2,04大安區,大安區新生南路3段66號,0,0,1,1,C03,8,1,5,50,14,9,1,5,4,5,7,4,4,1,4,5,2,18,1,61,2,9,1,4,7,9,1,10,1,15,,43,43,1,22,9,121.5338204,25.01969436
111,6,30,15,27,2,04大安區,大安區新生南路3段66號,0,0,1,2,,8,1,5,50,14,9,1,5,4,5,7,4,4,1,4,5,2,18,3,,,,,,,,,,,,,67,43,1,,,121.5338204,25.01969436
111,6,30,15,45,2,10文山區,文山區木柵路1段52號,0,0,1,1,C03,8,1,5,50,14,9,2,5,4,5,7,4,4,5,4,5,2,17,2,26,2,7,1,4,7,4,1,10,1,11,,43,43,1,22,9,121.546843,24.98687474
111,6,30,15,45,2,10文山區,文山區木柵路1段52號,0,0,1,2,C03,8,1,5,50,14,9,2,5,4,5,7,4,4,5,4,5,2,17,4,,4,11,3,4,7,15,7,19,11,15,,43,43,2,22,9,121.546843,24.98687474
111,6,30,16,0,2,09北投區,北投區榮華三路與富貴一路1巷口,0,0,2,1,B01,8,1,5,30,4,1,1,5,4,5,7,4,4,8,1,5,1,16,1,42,3,10,3,4,7,1,1,4,1,2,,6,6,1,22,9,121.5236857,25.1136252
111,6,30,16,0,2,09北投區,北投區榮華三路與富貴一路1巷口,0,0,2,2,C03,8,1,5,30,4,1,1,5,4,5,7,4,4,8,1,5,1,16,2,35,2,9,1,4,7,9,1,10,1,11,,44,6,1,22,9,121.5236857,25.1136252
111,6,30,16,0,2,09北投區,北投區榮華三路與富貴一路1巷口,0,0,2,3,H02,8,1,5,30,4,1,1,5,4,5,7,4,4,8,1,5,1,16,2,9,2,9,1,4,7,20,8,20,1,16,,67,6,1,22,9,121.5236857,25.1136252
111,6,30,16,22,2,05中正區,中正區忠孝東路2段與杭州北路口,0,0,3,1,C03,8,1,5,50,4,2,1,5,4,5,7,2,1,1,4,4,2,13,1,34,2,9,1,1,7,12,1,10,2,11,,23,23,1,3,4,121.5270485,25.0439939
111,6,30,16,22,2,05中正區,中正區忠孝東路2段與杭州北路口,0,0,3,3,H02,8,1,5,50,4,2,1,5,4,5,7,2,1,1,4,4,2,13,1,32,2,8,4,5,7,20,8,20,10,16,,67,23,1,22,1,121.5270485,25.0439939
111,6,30,16,22,2,05中正區,中正區忠孝東路2段與杭州北路口,0,0,3,2,C03,8,1,5,50,4,2,1,5,4,5,7,2,1,1,4,4,2,13,1,40,2,9,1,1,7,9,1,10,2,15,,44,23,1,3,4,121.5270485,25.0439939
111,6,30,16,24,2,03中山區,中山區中山北路3段181號,0,0,1,2,C03,8,1,5,50,14,9,1,5,4,5,7,4,4,1,4,5,2,17,1,49,2,9,1,1,7,12,1,10,1,14,,43,43,1,22,9,121.5241224,25.07262777
111,6,30,16,24,2,03中山區,中山區中山北路3段181號,0,0,1,1,C03,8,1,5,50,14,9,1,5,4,5,7,4,4,1,4,5,2,17,4,,4,11,3,4,7,15,7,19,11,15,,43,43,2,22,9,121.5241224,25.07262777
111,6,30,16,25,2,05中正區,中正區重慶南路2段與寧波西街口,0,0,1,1,B12,8,1,5,50,4,2,1,5,4,5,7,1,1,10,2,5,2,1,1,44,3,10,1,1,7,5,1,8,2,4,,15,15,1,22,9,121.5153142,25.0298891
111,6,30,16,25,2,05中正區,中正區重慶南路2段與寧波西街口,0,0,1,2,H01,8,1,5,50,4,2,1,5,4,5,7,1,1,10,2,5,2,1,2,29,2,9,4,5,8,16,8,20,10,16,,67,15,1,22,9,121.5153142,25.0298891
111,6,30,16,50,2,03中山區,中山區北安路630巷與北安路608巷5弄口,0,0,2,1,F01,8,1,5,30,4,2,1,5,4,5,7,1,1,5,4,5,1,17,1,68,3,10,1,1,7,15,8,20,1,15,,4,4,1,22,9,121.5495763,25.0827748
111,6,30,16,50,2,03中山區,中山區北安路630巷與北安路608巷5弄口,0,0,2,2,C03,8,1,5,30,4,2,1,5,4,5,7,1,1,5,4,5,1,17,1,18,2,9,1,1,7,5,1,10,1,14,,42,4,1,22,9,121.5495763,25.0827748
111,6,30,16,50,2,03中山區,中山區北安路630巷與北安路608巷5弄口,0,0,2,3,B02,8,1,5,30,4,2,1,5,4,5,7,1,1,5,4,5,1,17,3,,,,,,,,,,,,,67,4,1,,,121.5495763,25.0827748
111,6,30,16,50,2,03中山區,中山區北安路630巷與北安路608巷5弄口,0,0,2,4,H02,8,1,5,30,4,2,1,5,4,5,7,1,1,5,4,5,1,17,2,11,2,9,1,5,7,20,8,20,10,15,,67,4,1,22,9,121.5495763,25.0827748
111,6,30,16,52,2,02萬華區,萬華區西藏路與雙園街口,0,0,2,1,C03,8,1,5,50,3,1,1,5,4,5,7,3,1,1,4,5,2,17,1,67,2,9,1,4,7,5,1,10,1,14,,6,6,1,22,9,121.4959816,25.0288893
111,6,30,16,52,2,02萬華區,萬華區西藏路與雙園街口,0,0,2,2,C03,8,1,5,50,3,1,1,5,4,5,7,3,1,1,4,5,2,17,1,22,2,9,1,4,7,9,1,10,1,11,,23,6,1,22,9,121.4959816,25.0288893
111,6,30,17,0,2,12內湖區,內湖區文湖街50號前,0,0,1,1,B03,8,1,5,50,14,9,1,5,4,5,7,4,4,9,5,5,2,12,1,74,3,10,1,1,7,6,1,8,1,5,,9,9,1,22,9,121.5635833,25.0865587
111,6,30,17,0,2,12內湖區,內湖區文湖街50號前,0,0,1,2,C03,8,1,5,50,14,9,1,5,4,5,7,4,4,9,5,5,2,12,1,59,2,9,1,1,7,9,1,9,1,14,,23,9,1,22,9,121.5635833,25.0865587
111,6,30,17,5,2,08士林區,士林區中正路社正公園港一幹31電桿旁,0,0,1,1,B03,8,1,5,30,14,9,1,5,4,3,5,4,4,10,5,5,2,17,1,72,3,10,3,4,7,14,1,8,1,4,,40,40,1,22,9,121.5104675,25.08730166
111,6,30,17,5,2,08士林區,士林區中正路社正公園港一幹31電桿旁,0,0,1,2,C03,8,1,5,30,14,9,1,5,4,3,5,4,4,10,5,5,2,17,1,21,2,9,1,4,7,9,1,10,1,12,,44,40,1,22,9,121.5104675,25.08730166
111,6,30,17,5,2,08士林區,士林區大南路330號,0,0,2,1,C03,8,1,5,50,14,9,1,5,4,5,7,4,4,5,4,5,2,3,1,68,2,1,3,4,7,9,1,10,2,11,,23,23,1,22,9,121.5179509,25.08902356
111,6,30,17,5,2,08士林區,士林區大南路330號,0,0,2,2,H01,8,1,5,50,14,9,1,5,4,5,7,4,4,5,4,5,2,3,2,71,2,1,4,5,8,16,8,20,10,16,,51,23,1,22,9,121.5179509,25.08902356
111,6,30,17,10,2,05中正區,中正區林森南路地下道,0,0,1,2,C04,8,1,5,50,6,11,1,5,4,5,7,4,4,10,4,4,1,12,2,21,2,9,1,1,7,9,1,10,1,11,,44,7,1,22,9,121.5192698,25.03398675
111,6,30,17,10,2,05中正區,中正區林森南路地下道,0,0,1,1,C03,8,1,5,50,6,11,1,5,4,5,7,4,4,10,4,4,1,12,1,66,4,11,3,4,7,10,7,19,11,15,,7,7,2,22,9,121.5192698,25.03398675
111,6,30,17,20,2,08士林區,士林區中正路與文昌路口,0,0,2,1,C03,8,1,5,50,4,1,1,5,4,5,7,1,1,10,4,5,2,17,1,18,2,9,1,1,7,9,1,10,1,11,,16,16,1,22,9,121.5218443,25.09449656
111,6,30,17,20,2,08士林區,士林區中正路與文昌路口,0,0,2,2,C03,8,1,5,50,4,1,1,5,4,5,7,1,1,10,4,5,2,17,2,36,2,8,1,1,7,12,1,10,1,12,,25,16,1,22,9,121.5218443,25.09449656
111,6,30,17,20,2,08士林區,士林區中正路與文昌路口,0,0,2,3,H02,8,1,5,50,4,1,1,5,4,5,7,1,1,10,4,5,2,17,2,18,3,10,1,5,7,17,8,20,10,16,,67,16,1,22,9,121.5218443,25.09449656
111,6,30,17,30,2,10文山區,文山區指南路3段77巷與指南路3段口,0,0,2,1,F01,8,1,6,30,4,2,1,5,4,5,2,4,4,10,5,5,1,13,1,14,2,9,1,1,7,9,8,20,1,16,,23,23,1,22,9,121.5804094,24.9825805
111,6,30,17,30,2,10文山區,文山區指南路3段77巷與指南路3段口,0,0,2,2,B03,8,1,6,30,4,2,1,5,4,5,2,4,4,10,5,5,1,13,2,43,2,8,1,1,7,6,1,8,1,3,,6,23,1,22,9,121.5804094,24.9825805
111,6,30,18,0,2,12內湖區,內湖區康寧路3段235號,0,0,2,1,B03,8,2,5,50,14,9,1,5,4,5,7,4,4,1,4,5,2,17,1,53,3,10,1,1,7,10,1,8,1,2,,7,7,1,22,9,121.6115588,25.0671406
111,6,30,18,0,2,12內湖區,內湖區康寧路3段235號,0,0,2,2,C03,8,2,5,50,14,9,1,5,4,5,7,4,4,1,4,5,2,17,1,26,2,9,1,1,7,12,1,9,1,12,,42,7,1,22,9,121.6115588,25.0671406
111,6,30,18,0,2,12內湖區,內湖區康寧路3段235號,0,0,2,3,C03,8,2,5,50,14,9,1,5,4,5,7,4,4,1,4,5,2,17,2,53,2,9,1,1,7,12,1,10,1,14,,16,7,1,22,9,121.6115588,25.0671406
111,6,30,18,33,2,03中山區,中山區民權東路2段152巷與民權東路2段口,0,0,1,1,C03,7,1,5,50,4,1,1,5,4,5,7,1,1,1,4,5,2,13,1,27,2,7,1,4,7,9,1,10,1,11,,16,16,1,22,9,121.5350214,25.0621598
111,6,30,18,33,2,03中山區,中山區民權東路2段152巷與民權東路2段口,0,0,1,2,B03,7,1,5,50,4,1,1,5,4,5,7,1,1,1,4,5,2,13,1,49,3,10,1,4,7,9,1,8,1,3,,44,16,1,22,9,121.5350214,25.0621598
111,6,30,19,4,2,03中山區,中山區中山北路2段20巷與中山北路2段口,0,0,1,1,B03,8,3,5,30,3,1,1,5,4,5,7,4,4,1,4,5,1,16,1,68,3,10,1,1,7,6,1,8,1,7,,6,6,1,22,9,121.5223601,25.0535067
111,6,30,19,4,2,03中山區,中山區中山北路2段20巷與中山北路2段口,0,0,1,2,C03,8,3,5,30,3,1,1,5,4,5,7,4,4,1,4,5,1,16,1,19,2,8,1,1,7,9,1,10,1,11,,27,6,1,22,9,121.5223601,25.0535067
111,6,30,19,10,2,05中正區,中正區羅斯福路1段與林森南路口,0,0,2,1,C03,8,3,5,30,4,1,1,5,4,5,7,1,1,10,4,4,2,17,1,72,2,9,1,1,7,5,1,10,2,11,,8,8,1,22,9,121.5180677,25.032954
111,6,30,19,10,2,05中正區,中正區羅斯福路1段與林森南路口,0,0,2,2,C03,8,3,5,30,4,1,1,5,4,5,7,1,1,10,4,4,2,17,2,24,3,10,1,1,7,9,1,10,2,13,,44,8,1,22,9,121.5180677,25.032954
111,6,30,19,10,2,05中正區,中正區羅斯福路1段與林森南路口,0,0,2,3,H02,8,3,5,30,4,1,1,5,4,5,7,1,1,10,4,4,2,17,2,67,2,9,1,5,7,20,8,20,10,16,,67,8,1,22,9,121.5180677,25.032954
111,6,30,19,11,2,04大安區,大安區永康街與潮州街口,0,0,1,1,B03,8,1,5,30,4,1,1,5,4,5,7,4,4,10,5,5,2,15,1,58,3,10,1,4,7,9,1,8,1,1,,6,6,1,22,9,121.5296113,25.0283591
111,6,30,19,11,2,04大安區,大安區永康街與潮州街口,0,0,1,2,C03,8,1,5,30,4,1,1,5,4,5,7,4,4,10,5,5,2,15,1,30,2,9,1,4,7,9,1,10,1,12,,23,6,1,22,9,121.5296113,25.0283591
111,6,30,19,12,2,02萬華區,萬華區桂林路與康定路口,0,0,2,1,C03,7,3,5,50,4,2,1,5,4,5,7,2,1,5,4,5,1,17,2,25,2,9,3,4,7,6,1,10,1,12,,6,6,1,22,9,121.5017453,25.03841906
111,6,30,19,12,2,02萬華區,萬華區桂林路與康定路口,0,0,2,2,C03,7,3,5,50,4,2,1,5,4,5,7,2,1,5,4,5,1,17,1,44,2,9,3,4,7,9,1,10,1,14,,23,6,1,22,9,121.5017453,25.03841906
111,6,30,19,17,2,07信義區,信義區永吉路30巷與永吉路30巷83弄口,0,0,1,1,C03,8,3,5,30,3,1,1,5,4,5,7,4,4,9,5,5,2,17,2,51,2,9,1,1,7,5,1,10,1,14,,6,6,1,22,9,121.5688062,25.0439738
111,6,30,19,17,2,07信義區,信義區永吉路30巷與永吉路30巷83弄口,0,0,1,2,B03,8,3,5,30,3,1,1,5,4,5,7,4,4,9,5,5,2,17,1,40,3,10,1,1,7,9,1,8,1,1,,23,6,1,22,9,121.5688062,25.0439738
111,6,30,19,21,2,05中正區,中正區杭州南路1段與濟南路1段口,0,0,1,1,C03,8,3,5,50,4,1,1,5,4,5,7,1,1,10,5,5,1,18,1,38,2,8,1,1,7,9,1,10,2,14,,42,42,1,22,9,121.5261968,25.0415922
111,6,30,19,21,2,05中正區,中正區杭州南路1段與濟南路1段口,0,0,1,2,,8,3,5,50,4,1,1,5,4,5,7,1,1,10,5,5,1,18,3,,,,,,,,,,,,,67,42,1,,,121.5261968,25.0415922
111,6,30,19,30,2,08士林區,士林區至誠路2段與中山北路6段口,0,0,1,1,B03,7,3,5,50,4,2,1,5,4,5,7,1,1,5,5,5,2,17,1,25,3,10,1,1,7,7,1,8,1,8,,7,7,1,22,9,121.5265926,25.10096794
111,6,30,19,30,2,08士林區,士林區至誠路2段與中山北路6段口,0,0,1,2,C03,7,3,5,50,4,2,1,5,4,5,7,1,1,5,5,5,2,17,1,49,2,9,1,1,7,9,1,10,1,12,,44,7,1,22,9,121.5265926,25.10096794
111,6,30,20,39,2,04大安區,大安區延吉街與仁愛路4段345巷5弄口,0,0,1,1,B02,8,3,5,30,4,2,1,5,4,5,7,4,4,4,3,5,1,15,2,50,3,10,1,1,7,1,1,8,1,8,,6,6,1,21,5,121.5552835,25.03839236
111,6,30,20,39,2,04大安區,大安區延吉街與仁愛路4段345巷5弄口,0,0,1,2,C03,8,3,5,30,4,2,1,5,4,5,7,4,4,4,3,5,1,15,2,29,2,8,1,1,7,9,1,10,1,12,,44,6,1,5,1,121.5552835,25.03839236
111,6,30,20,45,2,08士林區,士林區故宮路與力行街口,0,0,2,1,C03,8,3,5,0,3,1,1,5,4,5,1,3,1,1,4,5,2,12,2,28,2,8,1,1,7,9,1,10,2,12,,42,42,1,22,9,121.5485355,25.09586937
111,6,30,20,45,2,08士林區,士林區故宮路與力行街口,0,0,2,2,C03,8,3,5,0,3,1,1,5,4,5,1,3,1,1,4,5,2,12,1,50,2,8,1,1,7,9,1,10,2,14,,44,42,1,22,9,121.5485355,25.09586937
111,6,30,21,27,2,10文山區,文山區木柵路4段與木柵路4段149巷口,0,0,1,1,B03,8,3,5,50,3,2,1,5,4,5,7,1,1,5,4,5,2,16,2,24,3,10,3,4,7,5,1,8,2,2,,26,26,1,21,8,121.575034,24.99867913
111,6,30,21,27,2,10文山區,文山區木柵路4段與木柵路4段149巷口,0,0,1,2,C03,8,3,5,50,3,2,1,5,4,5,7,1,1,5,4,5,2,16,1,20,2,9,3,4,7,9,1,10,2,11,,13,26,1,21,8,121.575034,24.99867913
111,6,30,21,28,2,09北投區,北投區紗帽路往北第42號燈桿,0,0,1,1,C03,8,3,5,50,11,9,1,5,4,5,7,4,4,4,5,5,1,11,1,21,2,9,1,1,7,6,1,10,2,12,,9,9,1,22,9,121.5328659,25.1487821
111,6,30,21,28,2,09北投區,北投區紗帽路往北第42號燈桿,0,0,1,2,B01,8,3,5,50,11,9,1,5,4,5,7,4,4,4,5,5,1,11,1,64,3,10,1,1,7,9,1,4,2,8,,44,9,1,22,9,121.5328659,25.1487821
111,6,30,21,30,2,12內湖區,內湖區成功路2段與南京東路6段口,0,0,2,1,C03,8,3,5,50,3,2,1,5,4,5,7,4,4,1,4,5,2,17,2,51,2,9,1,1,7,12,1,10,1,13,,30,30,1,22,9,121.5909263,25.0628891
111,6,30,21,30,2,12內湖區,內湖區成功路2段與南京東路6段口,0,0,2,2,C03,8,3,5,50,3,2,1,5,4,5,7,4,4,1,4,5,2,17,1,25,2,8,1,1,7,9,1,10,1,11,,23,30,1,22,9,121.5909263,25.0628891
111,6,30,21,36,2,06松山區,松山區民權東路4段121號,0,0,2,1,C03,7,3,5,40,3,4,1,5,4,5,7,1,1,1,4,4,2,13,1,18,2,9,3,4,7,9,1,10,1,11,,16,16,1,22,9,121.559155,25.06241079
111,6,30,21,36,2,06松山區,松山區民權東路4段121號,0,0,2,2,C03,7,3,5,40,3,4,1,5,4,5,7,1,1,1,4,4,2,13,1,39,2,9,3,4,7,14,1,10,1,13,,44,16,1,22,9,121.559155,25.06241079
111,6,30,21,42,2,02萬華區,萬華區華江橋機車道往新北市方向(第001052號燈桿處),0,0,3,1,C03,7,3,5,40,14,8,1,5,4,5,7,4,4,3,4,3,2,17,1,26,2,9,1,1,7,7,1,10,2,13,,23,23,1,22,9,121.4837942,25.03596776
111,6,30,21,42,2,02萬華區,萬華區華江橋機車道往新北市方向(第001052號燈桿處),0,0,3,2,F01,7,3,5,40,14,8,1,5,4,5,7,4,4,3,4,3,2,17,1,37,2,9,2,1,7,9,8,20,2,16,,29,23,1,22,9,121.4837942,25.03596776
111,6,30,21,42,2,02萬華區,萬華區華江橋機車道往新北市方向(第001052號燈桿處),0,0,3,3,C03,7,3,5,40,14,8,1,5,4,5,7,4,4,3,4,3,2,17,1,31,2,9,1,1,7,7,1,10,2,11,,13,23,1,22,9,121.4837942,25.03596776
111,6,30,21,42,2,02萬華區,萬華區華江橋機車道往新北市方向(第001052號燈桿處),0,0,3,4,C03,7,3,5,40,14,8,1,5,4,5,7,4,4,3,4,3,2,17,1,30,3,10,1,1,7,9,1,10,2,11,,23,23,1,22,9,121.4837942,25.03596776
111,6,30,22,12,2,06松山區,松山區塔悠路與松河街口,0,0,1,1,B01,7,3,5,50,4,1,1,5,4,5,7,1,1,1,4,5,2,16,2,32,3,10,1,1,7,6,1,4,1,5,,9,9,1,22,9,121.57078,25.051133
111,6,30,22,12,2,06松山區,松山區塔悠路與松河街口,0,0,1,2,C03,7,3,5,50,4,1,1,5,4,5,7,1,1,1,4,5,2,16,2,18,2,9,1,1,7,9,1,10,1,14,,44,9,1,22,9,121.57078,25.051133
111,6,30,22,20,2,09北投區,北投區豐年路2段142-1號,0,0,1,1,B03,8,3,5,30,14,9,1,5,4,5,7,4,4,9,4,5,2,17,1,31,3,10,1,1,7,9,1,8,11,15,,6,6,1,22,9,121.4934467,25.13695737
111,6,30,22,20,2,09北投區,北投區豐年路2段142-1號,0,0,1,2,C03,8,3,5,30,14,9,1,5,4,5,7,4,4,9,4,5,2,17,2,53,2,9,1,1,7,9,1,10,11,14,,23,6,1,22,9,121.4934467,25.13695737
111,6,30,22,20,2,09北投區,北投區石牌路2段320號與天母西路130巷口,0,0,1,1,C03,8,3,5,50,3,1,1,5,4,5,7,4,4,9,5,5,2,12,2,40,2,8,1,1,7,5,1,10,1,14,,44,44,1,22,9,121.5224746,25.11947598
111,6,30,22,20,2,09北投區,北投區石牌路2段320號與天母西路130巷口,0,0,1,2,B03,8,3,5,50,3,1,1,5,4,5,7,4,4,9,5,5,2,12,2,61,3,10,1,1,7,9,1,8,1,2,,23,44,1,22,9,121.5224746,25.11947598
111,6,30,22,48,2,07信義區,信義區基隆路1段102巷與基隆路1段口,0,0,1,1,B01,7,3,5,50,5,2,1,5,4,5,7,4,4,7,4,5,2,17,1,46,3,10,1,1,7,8,1,2,1,3,,7,7,1,22,9,121.566822,25.0453482
111,6,30,22,48,2,07信義區,信義區基隆路1段102巷與基隆路1段口,0,0,1,2,C03,7,3,5,50,5,2,1,5,4,5,7,4,4,7,4,5,2,17,1,21,2,9,1,1,7,9,1,10,1,11,,14,7,1,22,9,121.566822,25.0453482
111,6,30,22,59,2,10文山區,文山區興隆路4段57巷與興隆路4段口,0,0,3,1,C03,7,3,5,50,3,2,1,5,4,5,7,3,1,1,4,5,2,9,1,30,2,7,1,1,7,9,1,10,2,11,,15,15,1,22,9,121.5598419,24.9895985
111,6,30,22,59,2,10文山區,文山區興隆路4段57巷與興隆路4段口,0,0,3,2,H01,7,3,5,50,3,2,1,5,4,5,7,3,1,1,4,5,2,9,2,42,2,9,4,5,8,16,8,20,10,15,,67,15,1,22,9,121.5598419,24.9895985
111,6,30,22,59,2,10文山區,文山區興隆路4段57巷與興隆路4段口,0,0,3,3,H02,7,3,5,50,3,2,1,5,4,5,7,3,1,1,4,5,2,9,2,22,2,7,1,5,7,21,8,20,10,16,,67,15,1,22,9,121.5598419,24.9895985
111,6,30,23,13,2,07信義區,信義區基隆路2段151-7號,0,0,1,1,C03,7,3,5,50,14,9,1,5,4,5,7,4,4,3,4,5,2,13,1,35,2,8,1,1,7,9,1,10,1,11,,16,16,1,22,9,121.5548016,25.02624556