發生年度,發生月,發生日,發生時-Hours,發生分,處理別-編號,區序,肇事地點,死亡人數,2-30日死亡人數,受傷人數,當事人序號,車種,天候,光線,道路類別,速限-速度限制,道路型態,事故位置,路面狀況1,路面狀況2,路面狀況3,道路障礙1,道路障礙2,號誌1,號誌2,車道劃分-分向,車道劃分-分道1,車道劃分-分道2,車道劃分-分道3,事故類型及型態,性別,年齡,受傷程度,主要傷處,安全帽,行動電話,車輛用途,當事者行動狀態,駕駛資格情形,駕駛執照種類,飲酒情形,車輛撞擊部位1,車輛撞擊部位2,肇因碼-個別,肇因碼-主要,個人肇逃否,職業,旅次目的,座標-X,座標-Y
111,6,30,23,13,2,07信義區,信義區基隆路2段151-7號,0,0,1,2,C03,7,3,5,50,14,9,1,5,4,5,7,4,4,3,4,5,2,13,2,40,3,10,1,1,7,9,4,11,1,13,,44,16,1,22,9,121.5548016,25.02624556
111,6,30,23,13,2,07信義區,信義區基隆路2段151-7號,0,0,1,3,B03,7,3,5,50,14,9,1,5,4,5,7,4,4,3,4,5,2,13,1,36,3,10,1,1,7,14,1,8,1,4,,38,16,1,22,9,121.5548016,25.02624556
111,6,30,23,13,2,07信義區,信義區基隆路2段151-7號,0,0,1,4,F01,7,3,5,50,14,9,1,5,4,5,7,4,4,3,4,5,2,13,4,,4,11,3,4,7,15,8,20,11,15,,43,16,2,22,9,121.5548016,25.02624556
111,6,30,23,53,2,12內湖區,內湖區堤外便道與無名巷口(往東湖路160巷口),0,0,3,1,C03,8,3,5,50,4,1,1,5,4,5,7,3,1,10,5,5,2,16,1,46,2,9,1,1,7,5,1,10,1,11,,6,6,1,22,9,121.6178777,25.06580822
111,6,30,23,53,2,12內湖區,內湖區堤外便道與無名巷口(往東湖路160巷口),0,0,3,2,C03,8,3,5,50,4,1,1,5,4,5,7,3,1,10,5,5,2,16,1,19,2,9,1,1,7,9,1,10,1,11,,14,6,1,22,9,121.6178777,25.06580822
111,6,30,23,53,2,12內湖區,內湖區堤外便道與無名巷口(往東湖路160巷口),0,0,3,3,H02,8,3,5,50,4,1,1,5,4,5,7,3,1,10,5,5,2,16,1,17,2,9,1,1,7,20,8,20,10,16,,67,6,1,22,9,121.6178777,25.06580822
111,7,1,0,9,2,04大安區,大安區復興南路2段292號,0,0,3,1,C03,8,3,5,50,14,9,1,5,4,5,7,4,4,1,4,4,2,12,2,33,4,11,3,4,7,8,7,19,11,15,,7,7,2,22,9,121.5432313,25.0239172
111,7,1,0,9,2,04大安區,大安區復興南路2段292號,0,0,3,2,B01,8,3,5,50,14,9,1,5,4,5,7,4,4,1,4,4,2,12,1,32,3,10,1,1,7,9,1,4,1,8,,44,7,1,22,9,121.5432313,25.0239172
111,7,1,0,9,2,04大安區,大安區復興南路2段292號,0,0,3,3,C03,8,3,5,50,14,9,1,5,4,5,7,4,4,1,4,4,2,12,1,43,2,9,1,1,7,9,1,10,1,11,,16,7,1,22,9,121.5432313,25.0239172
111,7,1,0,9,2,04大安區,大安區復興南路2段292號,0,0,3,4,C03,8,3,5,50,14,9,1,5,4,5,7,4,4,1,4,4,2,12,1,60,2,9,1,1,7,9,1,10,1,13,,44,7,1,22,9,121.5432313,25.0239172
111,7,1,0,9,2,04大安區,大安區復興南路2段292號,0,0,3,5,H02,8,3,5,50,14,9,1,5,4,5,7,4,4,1,4,4,2,12,2,39,2,9,4,5,7,20,8,20,10,16,,67,7,1,22,9,121.5432313,25.0239172
111,7,1,0,12,2,09北投區,北投區石牌路1段與承德路7段口,0,0,1,1,B03,8,3,5,50,4,1,1,5,4,5,7,2,1,1,4,4,2,11,1,29,3,10,1,1,7,6,1,8,2,1,,25,25,1,22,9,121.5091265,25.1123857
111,7,1,0,12,2,09北投區,北投區石牌路1段與承德路7段口,0,0,1,2,C03,8,3,5,50,4,1,1,5,4,5,7,2,1,1,4,4,2,11,2,65,2,9,1,1,7,5,3,18,2,12,,44,25,1,22,9,121.5091265,25.1123857
111,7,1,0,40,2,12內湖區,內湖區內湖路3段18巷與內湖路3段口,0,0,1,1,C03,8,3,5,30,4,1,1,5,4,5,7,4,4,9,5,5,2,16,2,18,3,10,1,1,7,9,3,18,1,12,,26,26,1,22,9,121.5927538,25.08461943
111,7,1,0,40,2,12內湖區,內湖區內湖路3段18巷與內湖路3段口,0,0,1,2,C02,8,3,5,30,4,1,1,5,4,5,7,4,4,9,5,5,2,16,1,31,2,9,1,1,7,9,1,9,1,11,,44,26,1,22,9,121.5927538,25.08461943
111,7,1,6,18,2,07信義區,信義區吳興街269巷16號,0,0,2,1,C03,8,1,5,30,14,9,1,5,4,5,7,4,4,10,5,5,1,17,2,63,2,9,1,1,7,11,1,10,1,12,,10,10,1,22,9,121.5645023,25.0271019
111,7,1,6,18,2,07信義區,信義區吳興街269巷16號,0,0,2,2,C03,8,1,5,30,14,9,1,5,4,5,7,4,4,10,5,5,1,17,2,43,2,9,1,1,7,9,1,10,1,11,,44,10,1,22,9,121.5645023,25.0271019
111,7,1,6,50,2,01大同區,大同區承德路3段與敦煌路口,0,0,2,1,C03,8,1,5,0,14,9,1,5,4,5,7,1,1,9,4,5,1,16,1,64,2,9,3,4,7,5,1,10,1,14,,8,8,1,22,9,121.5200386,25.0751821
111,7,1,6,50,2,01大同區,大同區承德路3段與敦煌路口,0,0,2,2,A05,8,1,5,0,14,9,1,5,4,5,7,1,1,9,4,5,1,16,1,35,3,10,3,4,7,9,1,2,1,5,,44,8,1,22,9,121.5200386,25.0751821
111,7,1,6,50,2,01大同區,大同區承德路3段與敦煌路口,0,0,2,3,H02,8,1,5,0,14,9,1,5,4,5,7,1,1,9,4,5,1,16,2,54,2,9,4,5,7,20,8,20,10,16,,67,8,1,22,9,121.5200386,25.0751821
111,7,1,7,8,2,02萬華區,萬華區萬大路423巷14號,0,0,1,1,B12,8,1,5,50,14,9,1,5,4,5,7,4,4,9,5,5,2,12,1,28,3,10,1,1,7,11,1,8,1,4,,10,10,1,22,9,121.4993059,25.02122
111,7,1,7,8,2,02萬華區,萬華區萬大路423巷14號,0,0,1,2,C03,8,1,5,50,14,9,1,5,4,5,7,4,4,9,5,5,2,12,2,45,2,9,1,1,7,9,1,10,1,11,,44,10,1,22,9,121.4993059,25.02122
111,7,1,7,30,2,12內湖區,內湖區安康路22巷與潭美街口,0,0,1,1,B03,8,1,5,40,3,1,1,5,4,5,7,2,1,9,5,5,2,11,2,40,3,10,1,1,7,5,1,8,2,6,,6,6,1,22,9,121.5939075,25.06102194
111,7,1,7,30,2,12內湖區,內湖區安康路22巷與潭美街口,0,0,1,2,C03,8,1,5,40,3,1,1,5,4,5,7,2,1,9,5,5,2,11,1,28,2,7,1,1,7,9,1,10,2,11,,13,6,1,22,9,121.5939075,25.06102194
111,7,1,7,57,2,10文山區,文山區羅斯福路6段142巷84號,0,0,1,2,H01,8,1,5,30,14,8,1,5,4,5,7,4,4,10,5,4,2,3,2,75,2,8,4,5,8,16,8,20,10,16,,51,23,1,22,9,121.538567,24.997436
111,7,1,7,57,2,10文山區,文山區羅斯福路6段142巷84號,0,0,1,1,C03,8,1,5,30,14,8,1,5,4,5,7,4,4,10,5,4,2,3,1,66,3,10,3,4,7,9,1,10,9,11,,23,23,1,22,9,121.538567,24.997436
111,7,1,8,10,2,12內湖區,內湖區康寧路3段189巷與東湖路43巷口,0,0,1,1,B03,8,1,5,30,4,2,1,5,4,5,7,4,4,10,5,5,1,12,1,40,4,11,3,4,7,1,7,19,11,15,,19,19,2,22,9,121.6129059,25.07054045
111,7,1,8,10,2,12內湖區,內湖區康寧路3段189巷與東湖路43巷口,0,0,1,2,C03,8,1,5,30,4,2,1,5,4,5,7,4,4,10,5,5,1,12,2,31,2,9,3,4,7,5,1,10,11,12,,44,19,1,22,9,121.6129059,25.07054045
111,7,1,8,18,2,09北投區,北投區磺港路與公館路口,0,0,1,1,C03,8,1,5,50,4,1,1,5,4,5,7,1,1,10,5,5,2,16,2,38,2,9,1,1,7,5,1,10,2,12,,6,6,1,22,9,121.5028984,25.1226922
111,7,1,8,18,2,09北投區,北投區磺港路與公館路口,0,0,1,2,B03,8,1,5,50,4,1,1,5,4,5,7,1,1,10,5,5,2,16,1,38,3,10,1,1,7,1,1,8,2,5,,23,6,1,22,9,121.5028984,25.1226922
111,7,1,8,20,2,03中山區,中山區明水路397巷與明水路397巷7弄口,0,0,2,1,C03,8,1,5,30,4,1,1,5,4,5,7,4,4,5,5,5,2,16,2,23,2,8,1,1,7,9,1,10,1,11,,14,14,1,22,9,121.5476987,25.0780502
111,7,1,8,20,2,03中山區,中山區明水路397巷與明水路397巷7弄口,0,0,2,2,C03,8,1,5,30,4,1,1,5,4,5,7,4,4,5,5,5,2,16,1,26,2,9,1,1,7,6,1,10,1,12,,9,14,1,22,9,121.5476987,25.0780502
111,7,1,8,20,2,12內湖區,內湖區舊宗路2段與舊宗路2段121巷口,0,0,3,1,C03,8,1,5,50,4,2,1,5,4,5,7,1,1,1,5,5,2,17,1,44,3,10,1,1,7,9,1,10,1,11,,16,16,1,22,9,121.5748253,25.06902176
111,7,1,8,20,2,12內湖區,內湖區舊宗路2段與舊宗路2段121巷口,0,0,3,2,C03,8,1,5,50,4,2,1,5,4,5,7,1,1,1,5,5,2,17,1,37,3,10,1,1,7,9,1,10,1,11,,16,16,1,22,9,121.5748253,25.06902176
111,7,1,8,20,2,12內湖區,內湖區舊宗路2段與舊宗路2段121巷口,0,0,3,3,C03,8,1,5,50,4,2,1,5,4,5,7,1,1,1,5,5,2,17,1,24,2,8,1,1,7,9,1,10,1,11,,16,16,1,22,9,121.5748253,25.06902176
111,7,1,8,20,2,12內湖區,內湖區舊宗路2段與舊宗路2段121巷口,0,0,3,4,C03,8,1,5,50,4,2,1,5,4,5,7,1,1,1,5,5,2,17,2,26,2,8,1,1,7,9,1,10,1,11,,16,16,1,22,9,121.5748253,25.06902176
111,7,1,8,20,2,12內湖區,內湖區舊宗路2段與舊宗路2段121巷口,0,0,3,5,C04,8,1,5,50,4,2,1,5,4,5,7,1,1,1,5,5,2,17,2,24,2,8,1,1,7,12,1,11,1,13,,14,16,1,22,9,121.5748253,25.06902176
111,7,1,8,30,2,12內湖區,內湖區內湖路1段283號,0,0,1,1,C02,8,1,5,40,3,2,1,5,4,5,7,4,4,1,4,4,2,12,1,46,3,10,1,1,7,6,1,9,2,13,,6,6,1,22,9,121.566297,25.08228894
111,7,1,8,30,2,12內湖區,內湖區內湖路1段283號,0,0,1,2,C03,8,1,5,40,3,2,1,5,4,5,7,4,4,1,4,4,2,12,1,31,2,9,1,1,7,9,1,10,2,11,,17,6,1,22,9,121.566297,25.08228894
111,7,1,8,35,2,01大同區,大同區環河北路1段113-2號,0,0,1,1,B03,8,1,5,50,14,9,1,5,4,5,7,4,4,9,4,5,2,17,1,69,3,10,1,1,7,2,1,8,1,3,,12,12,1,22,9,121.507508,25.05376007
111,7,1,8,35,2,01大同區,大同區環河北路1段113-2號,0,0,1,2,C03,8,1,5,50,14,9,1,5,4,5,7,4,4,9,4,5,2,17,1,47,2,9,1,1,7,9,1,10,1,12,,44,12,1,22,9,121.507508,25.05376007
111,7,1,8,37,2,05中正區,中正區汀州路3段與汀州路3段230巷口口,0,0,2,1,C03,8,1,5,30,4,1,1,5,4,5,7,4,4,10,5,5,1,15,1,47,2,7,1,1,7,9,1,10,2,11,,6,6,1,22,9,121.5359394,25.0115574
111,7,1,8,37,2,05中正區,中正區汀州路3段與汀州路3段230巷口口,0,0,2,2,C03,8,1,5,30,4,1,1,5,4,5,7,4,4,10,5,5,1,15,2,34,2,9,1,1,7,9,1,10,2,14,,44,6,1,22,9,121.5359394,25.0115574
111,7,1,8,37,2,05中正區,中正區汀州路3段與汀州路3段230巷口口,0,0,2,3,,8,1,5,30,4,1,1,5,4,5,7,4,4,10,5,5,1,15,3,,,,,,,,,,,,,67,6,1,,,121.5359394,25.0115574
111,7,1,8,39,2,06松山區,松山區復興北路365號,0,0,1,1,C03,8,1,5,50,14,9,1,5,4,5,7,4,4,1,4,5,2,13,2,30,2,9,3,4,7,9,1,10,1,11,,16,16,1,22,9,121.5443557,25.06107286
111,7,1,8,39,2,06松山區,松山區復興北路365號,0,0,1,2,C03,8,1,5,50,14,9,1,5,4,5,7,4,4,1,4,5,2,13,1,52,3,10,3,4,7,9,1,10,1,13,,44,16,1,22,9,121.5443557,25.06107286
111,7,1,8,42,2,04大安區,大安區建國南路1段290號,0,0,1,1,B12,8,1,5,50,14,9,1,5,4,4,7,4,4,1,3,5,2,17,1,61,3,10,1,1,7,9,1,3,1,15,,49,49,1,22,9,121.5373008,25.0360173
111,7,1,8,42,2,04大安區,大安區建國南路1段290號,0,0,1,2,C03,8,1,5,50,14,9,1,5,4,4,7,4,4,1,3,5,2,17,2,26,2,9,1,1,7,9,1,10,1,15,,13,49,1,22,9,121.5373008,25.0360173
111,7,1,9,0,2,12內湖區,內湖區舊宗路1段135號旁停車場,0,0,1,1,B03,8,1,5,50,14,9,1,5,4,5,7,4,4,9,5,5,2,12,2,42,3,10,1,1,7,6,1,8,1,2,,9,9,1,22,9,121.579812,25.06056487
111,7,1,9,0,2,12內湖區,內湖區舊宗路1段135號旁停車場,0,0,1,2,C03,8,1,5,50,14,9,1,5,4,5,7,4,4,9,5,5,2,12,2,38,2,7,1,1,7,9,1,10,1,14,,16,9,1,22,9,121.579812,25.06056487
111,7,1,9,2,2,01大同區,大同區延平北路4段與迪化街2段口,0,0,2,1,B03,8,1,5,50,3,1,1,5,4,5,7,2,1,5,5,5,2,13,1,50,3,10,1,1,7,9,1,8,5,1,,21,21,1,22,9,121.511544,25.07426991
111,7,1,9,2,2,01大同區,大同區延平北路4段與迪化街2段口,0,0,2,2,C03,8,1,5,50,3,1,1,5,4,5,7,2,1,5,5,5,2,13,2,19,2,9,1,1,7,5,1,10,2,13,,8,21,1,22,9,121.511544,25.07426991
111,7,1,9,2,2,01大同區,大同區延平北路4段與迪化街2段口,0,0,2,3,C03,8,1,5,50,3,1,1,5,4,5,7,2,1,5,5,5,2,13,1,36,2,9,1,1,7,9,1,10,2,11,,16,21,1,22,9,121.511544,25.07426991
111,7,1,9,8,2,04大安區,大安區通化街與通化街143巷口,0,0,1,1,C03,8,1,5,30,4,1,1,5,4,5,7,4,4,5,5,5,2,15,2,61,2,9,1,4,7,9,1,10,1,11,,6,6,1,22,9,121.5542971,25.0288504
111,7,1,9,8,2,04大安區,大安區通化街與通化街143巷口,0,0,1,2,B01,8,1,5,30,4,1,1,5,4,5,7,4,4,5,5,5,2,15,1,68,3,10,3,4,7,9,1,4,1,1,,44,6,1,22,9,121.5542971,25.0288504
111,7,1,9,15,2,07信義區,信義區松信路61號,0,0,1,1,A02,8,1,5,50,14,8,1,5,4,5,7,4,4,9,4,4,2,12,1,56,4,11,3,4,7,15,7,19,11,15,,44,44,2,22,9,121.5721943,25.0473811
111,7,1,9,15,2,07信義區,信義區松信路61號,0,0,1,2,C04,8,1,5,50,14,8,1,5,4,5,7,4,4,9,4,4,2,12,1,23,2,9,1,1,7,9,1,10,1,14,,23,44,1,22,9,121.5721943,25.0473811
111,7,1,9,15,2,07信義區,信義區松信路61號,0,0,1,3,C03,8,1,5,50,14,8,1,5,4,5,7,4,4,9,4,4,2,12,3,,,,,,,,,,,,,67,44,1,,,121.5721943,25.0473811
111,7,1,9,15,2,07信義區,信義區松信路61號,0,0,1,4,C03,8,1,5,50,14,8,1,5,4,5,7,4,4,9,4,4,2,12,3,,,,,,,,,,,,,67,44,1,,,121.5721943,25.0473811
111,7,1,9,17,2,02萬華區,萬華區萬大路413號,0,0,1,1,B01,8,1,5,50,14,9,1,5,4,5,7,4,4,9,5,5,2,17,1,58,3,10,1,1,7,14,1,4,1,2,,38,38,1,22,9,121.4990604,25.02142846
111,7,1,9,17,2,02萬華區,萬華區萬大路413號,0,0,1,2,C03,8,1,5,50,14,9,1,5,4,5,7,4,4,9,5,5,2,17,2,68,2,9,1,1,7,14,1,10,1,14,,44,38,1,22,9,121.4990604,25.02142846
111,7,1,9,17,2,02萬華區,萬華區萬大路413號,0,0,1,3,H02,8,1,5,50,14,9,1,5,4,5,7,4,4,9,5,5,2,17,2,66,3,10,4,5,7,19,8,20,10,16,,56,38,1,22,9,121.4990604,25.02142846
111,7,1,9,20,2,02萬華區,萬華區康定路164號,0,0,1,1,B03,8,1,5,50,14,9,1,5,4,5,7,4,4,5,4,5,2,16,1,35,3,10,1,1,7,5,1,8,11,8,,43,43,1,22,9,121.5018997,25.0393659
111,7,1,9,20,2,02萬華區,萬華區康定路164號,0,0,1,2,C03,8,1,5,50,14,9,1,5,4,5,7,4,4,5,4,5,2,16,1,20,2,9,1,1,7,9,1,10,11,12,,43,43,1,22,9,121.5018997,25.0393659
111,7,1,9,50,2,12內湖區,內湖區金湖路與成功路4段167巷6弄口口,0,0,2,1,C03,8,1,5,50,3,2,1,5,4,5,7,4,4,1,4,5,2,13,1,37,3,10,1,1,7,9,1,10,1,13,,44,44,1,22,9,121.595414,25.0837797
111,7,1,9,50,2,12內湖區,內湖區金湖路與成功路4段167巷6弄口口,0,0,2,2,C03,8,1,5,50,3,2,1,5,4,5,7,4,4,1,4,5,2,13,2,73,2,9,1,1,7,9,1,10,1,11,14,23,44,1,22,9,121.595414,25.0837797
111,7,1,9,50,2,12內湖區,內湖區金湖路與成功路4段167巷6弄口口,0,0,2,3,C03,8,1,5,50,3,2,1,5,4,5,7,4,4,1,4,5,2,13,2,49,2,9,1,1,7,9,1,10,1,12,,44,44,1,22,9,121.595414,25.0837797
111,7,1,10,0,2,06松山區,松山區新東街51巷13號,0,0,1,1,C04,8,1,5,30,13,9,1,5,4,5,7,4,4,10,5,5,2,1,1,35,3,10,1,1,7,9,1,10,1,11,,23,23,1,22,9,121.5645268,25.06158858
111,7,1,10,0,2,06松山區,松山區新東街51巷13號,0,0,1,2,H01,8,1,5,30,13,9,1,5,4,5,7,4,4,10,5,5,2,1,2,66,2,9,4,5,8,16,8,20,10,16,,67,23,1,22,9,121.5645268,25.06158858
111,7,1,10,34,2,04大安區,大安區忠孝東路4段107號,0,0,1,1,C03,8,1,5,50,14,9,1,5,4,5,7,4,4,1,4,5,2,12,2,21,3,10,1,1,7,8,1,10,1,12,,7,,1,22,9,121.5482152,25.0416546
111,7,1,10,34,2,04大安區,大安區忠孝東路4段107號,0,0,1,2,C03,8,1,5,50,14,9,1,5,4,5,7,4,4,1,4,5,2,12,1,29,2,9,1,1,7,9,1,10,1,14,,44,,1,22,9,121.5482152,25.0416546
111,7,1,10,50,2,08士林區,士林區通河西街1段堤外062號燈桿,0,0,2,1,C03,8,1,5,50,14,9,1,5,4,5,7,4,4,9,4,5,1,16,1,18,2,9,3,4,7,5,1,10,1,14,,8,8,1,22,9,121.5132601,25.08318685
111,7,1,10,50,2,08士林區,士林區通河西街1段堤外062號燈桿,0,0,2,2,C03,8,1,5,50,14,9,1,5,4,5,7,4,4,9,4,5,1,16,1,40,2,9,3,4,7,9,1,10,1,11,,13,8,1,22,9,121.5132601,25.08318685
111,7,1,10,55,2,08士林區,士林區至善路1段249號電燈桿,0,0,1,1,C03,8,1,5,40,14,8,1,5,4,5,7,4,4,1,4,4,2,17,1,49,2,9,1,1,7,9,1,10,1,11,,23,23,1,22,9,121.5421118,25.09730529
111,7,1,10,55,2,08士林區,士林區至善路1段249號電燈桿,0,0,1,2,B03,8,1,5,40,14,8,1,5,4,5,7,4,4,1,4,4,2,17,1,45,3,10,1,1,7,13,1,8,11,3,,44,23,1,22,9,121.5421118,25.09730529
111,7,1,11,28,2,06松山區,松山區市民大道6段與松山路口,0,0,1,1,C03,8,1,5,50,4,1,1,5,4,5,7,2,1,1,4,5,2,16,2,67,2,9,1,1,7,7,1,10,1,14,,7,7,1,22,9,121.5776912,25.04896791
111,7,1,11,28,2,06松山區,松山區市民大道6段與松山路口,0,0,1,2,C03,8,1,5,50,4,1,1,5,4,5,7,2,1,1,4,5,2,16,1,19,3,10,1,1,7,9,1,10,1,12,,44,7,1,22,9,121.5776912,25.04896791
111,7,1,11,29,2,03中山區,中山區民權東路1段與林森北路口,0,0,1,1,C03,8,1,5,50,4,1,1,5,4,5,7,1,1,1,4,5,2,12,1,33,3,10,1,1,7,8,1,10,1,13,,7,7,1,22,9,121.5255973,25.0625763
111,7,1,11,29,2,03中山區,中山區民權東路1段與林森北路口,0,0,1,2,C03,8,1,5,50,4,1,1,5,4,5,7,1,1,1,4,5,2,12,2,28,2,9,1,1,7,9,1,10,1,11,,44,7,1,22,9,121.5255973,25.0625763
111,7,1,11,30,2,12內湖區,內湖區民權東路6段11巷與舊宗路2段口,0,0,1,1,B03,8,1,5,50,3,2,1,5,4,5,7,2,1,5,4,5,2,13,1,55,3,10,1,1,7,5,1,8,1,5,,44,44,1,22,9,121.5746025,25.06744664
111,7,1,11,30,2,12內湖區,內湖區民權東路6段11巷與舊宗路2段口,0,0,1,2,C04,8,1,5,50,3,2,1,5,4,5,7,2,1,5,4,5,2,13,2,56,2,9,1,1,7,5,1,10,1,13,,8,44,1,22,9,121.5746025,25.06744664
111,7,1,11,30,2,12內湖區,內湖區民權東路6段11巷與舊宗路2段口,0,0,1,3,B03,8,1,5,50,3,2,1,5,4,5,7,2,1,5,4,5,2,13,1,47,3,10,1,1,7,5,1,8,1,1,,23,44,1,22,9,121.5746025,25.06744664
111,7,1,11,35,2,04大安區,大安區和平東路2段與復興南路2段口,0,0,1,1,C03,8,1,5,50,4,4,1,5,4,5,7,1,1,10,4,5,2,13,1,24,2,7,1,1,7,12,1,10,1,11,,43,43,1,22,9,121.5434828,25.0245757
111,7,1,11,35,2,04大安區,大安區和平東路2段與復興南路2段口,0,0,1,2,B03,8,1,5,50,4,4,1,5,4,5,7,1,1,10,4,5,2,13,2,45,3,10,1,1,7,12,1,8,1,7,,43,43,1,22,9,121.5434828,25.0245757
111,7,1,11,45,2,08士林區,士林區重陽橋與重慶北路4段口匝道,0,0,1,1,B01,8,1,5,40,3,1,1,5,4,5,7,4,4,10,3,5,1,17,1,55,3,10,1,1,7,7,1,4,1,4,,7,7,1,22,9,121.5108353,25.08727162
111,7,1,11,45,2,08士林區,士林區重陽橋與重慶北路4段口匝道,0,0,1,2,A41,8,1,5,40,3,1,1,5,4,5,7,4,4,10,3,5,1,17,1,28,2,3,1,1,7,9,1,5,1,5,,44,7,1,22,9,121.5108353,25.08727162
111,7,1,11,45,2,10文山區,文山區指南路3段38巷5-2號旁,0,0,1,1,B03,8,1,5,30,11,9,1,5,4,5,1,3,1,10,5,5,2,10,1,19,3,10,1,1,7,9,1,8,1,4,,5,5,1,22,9,121.5836569,24.97662642
111,7,1,11,45,2,10文山區,文山區指南路3段38巷5-2號旁,0,0,1,2,C03,8,1,5,30,11,9,1,5,4,5,1,3,1,10,5,5,2,10,2,43,2,8,1,1,7,9,1,10,1,11,,44,5,1,22,9,121.5836569,24.97662642
111,7,1,11,54,2,01大同區,大同區承德路1段與長安西路口,0,0,1,2,H01,8,3,5,50,14,18,1,5,4,5,7,1,3,9,4,5,2,7,1,57,2,7,4,5,8,16,8,20,10,15,,51,15,1,22,9,121.5170607,25.0501343
111,7,1,11,54,2,01大同區,大同區承德路1段與長安西路口,0,0,1,1,A11,8,3,5,50,14,18,1,5,4,5,7,1,3,9,4,5,2,7,1,40,3,10,3,4,7,9,1,3,1,1,,15,15,1,22,9,121.5170607,25.0501343
111,7,1,12,1,2,03中山區,中山區南京東路3段89巷與南京東路3段89巷15弄口,0,0,1,1,C03,8,1,5,30,4,1,1,5,4,5,7,4,4,10,5,5,2,15,1,34,2,9,3,4,7,9,1,10,2,14,,6,6,1,22,9,121.5383211,25.05303267
111,7,1,12,1,2,03中山區,中山區南京東路3段89巷與南京東路3段89巷15弄口,0,0,1,2,B12,8,1,5,30,4,1,1,5,4,5,7,4,4,10,5,5,2,15,1,30,3,10,3,4,7,9,1,8,2,1,,23,6,1,22,9,121.5383211,25.05303267
111,7,1,12,2,2,12內湖區,內湖區南京東路6段與舊宗路1段口,0,0,1,1,C03,8,1,5,50,4,1,1,5,4,5,7,1,1,10,5,5,2,12,1,51,4,11,3,4,7,8,7,19,11,15,,7,7,2,22,9,121.5814857,25.05719239
111,7,1,12,2,2,12內湖區,內湖區南京東路6段與舊宗路1段口,0,0,1,2,C03,8,1,5,50,4,1,1,5,4,5,7,1,1,10,5,5,2,12,1,71,2,9,1,1,7,9,1,10,1,14,,44,7,1,22,9,121.5814857,25.05719239
111,7,1,12,10,2,06松山區,松山區敦化北路244巷與敦化北路244巷6弄口,0,0,1,1,B03,8,1,5,30,4,1,1,5,4,5,7,4,4,7,5,5,2,16,1,32,3,10,1,1,7,9,1,8,1,2,,6,6,1,22,9,121.5494168,25.06063814
111,7,1,12,10,2,06松山區,松山區敦化北路244巷與敦化北路244巷6弄口,0,0,1,2,C03,8,1,5,30,4,1,1,5,4,5,7,4,4,7,5,5,2,16,1,21,2,1,1,1,7,9,1,10,1,11,,23,6,1,22,9,121.5494168,25.06063814
111,7,1,12,25,2,05中正區,中正區中山南路與徐州路口,0,0,1,1,B01,8,1,5,50,4,2,1,5,4,5,7,1,1,1,4,5,2,12,1,69,3,10,1,1,7,6,1,4,2,8,,6,6,1,22,9,121.5186705,25.042059
111,7,1,12,25,2,05中正區,中正區中山南路與徐州路口,0,0,1,2,C03,8,1,5,50,4,2,1,5,4,5,7,1,1,1,4,5,2,12,2,63,2,9,1,1,7,5,1,10,2,12,,8,6,1,22,9,121.5186705,25.042059
111,7,1,12,35,2,04大安區,大安區和平東路3段228巷27號前人行道,0,0,1,1,C03,8,1,5,0,15,20,1,5,4,5,7,4,4,10,5,5,2,9,4,,4,11,3,4,7,15,7,19,11,15,,43,43,2,22,9,121.5539706,25.0212462
111,7,1,12,35,2,04大安區,大安區和平東路3段228巷27號前人行道,0,0,1,2,H01,8,1,5,0,15,20,1,5,4,5,7,4,4,10,5,5,2,9,2,20,2,7,4,5,8,16,8,20,10,16,,67,43,1,22,9,121.5539706,25.0212462
111,7,1,12,37,2,01大同區,大同區台北橋汽車道往台北下重慶,0,0,1,1,C02,8,1,5,40,14,16,1,5,4,5,7,1,1,5,5,5,2,13,1,24,2,9,1,1,7,9,4,10,1,11,,16,16,1,22,9,121.5128223,25.06313676
111,7,1,12,37,2,01大同區,大同區台北橋汽車道往台北下重慶,0,0,1,2,B03,8,1,5,40,14,16,1,5,4,5,7,1,1,5,5,5,2,13,1,32,3,10,1,1,7,9,1,8,1,3,,44,16,1,22,9,121.5128223,25.06313676
111,7,1,12,51,2,03中山區,中山區吉林路與民生東路2段口,0,0,1,1,B12,8,1,5,50,4,2,1,5,4,5,7,1,1,5,4,5,2,13,1,46,3,10,1,1,7,9,1,8,1,1,,23,23,1,22,9,121.5301996,25.0584036
111,7,1,12,51,2,03中山區,中山區吉林路與民生東路2段口,0,0,1,2,C03,8,1,5,50,4,2,1,5,4,5,7,1,1,5,4,5,2,13,1,33,2,6,1,1,7,9,1,9,1,13,,44,23,1,22,9,121.5301996,25.0584036
111,7,1,13,18,2,05中正區,中正區中山南路與徐州路口,0,0,1,1,C03,8,1,5,50,4,2,1,5,4,5,7,4,4,5,5,5,2,13,1,38,2,9,1,1,7,9,1,10,2,11,,16,16,1,22,9,121.5186999,25.041838
111,7,1,13,18,2,05中正區,中正區中山南路與徐州路口,0,0,1,2,B03,8,1,5,50,4,2,1,5,4,5,7,4,4,5,5,5,2,13,1,57,3,10,1,1,7,15,1,8,2,3,,44,16,1,22,9,121.5186999,25.041838
111,7,1,13,18,2,07信義區,信義區忠孝東路5段與林口街口,0,0,1,1,C03,8,1,5,50,5,1,1,5,4,5,7,1,1,1,4,5,2,12,1,14,3,10,1,1,7,6,2,18,1,13,,9,9,1,22,9,121.5811077,25.04292565