發生年度,發生月,發生日,發生時-Hours,發生分,處理別-編號,區序,肇事地點,死亡人數,2-30日死亡人數,受傷人數,當事人序號,車種,天候,光線,道路類別,速限-速度限制,道路型態,事故位置,路面狀況1,路面狀況2,路面狀況3,道路障礙1,道路障礙2,號誌1,號誌2,車道劃分-分向,車道劃分-分道1,車道劃分-分道2,車道劃分-分道3,事故類型及型態,性別,年齡,受傷程度,主要傷處,安全帽,行動電話,車輛用途,當事者行動狀態,駕駛資格情形,駕駛執照種類,飲酒情形,車輛撞擊部位1,車輛撞擊部位2,肇因碼-個別,肇因碼-主要,個人肇逃否,職業,旅次目的,座標-X,座標-Y
111,7,1,13,18,2,07信義區,信義區忠孝東路5段與林口街口,0,0,1,2,C03,8,1,5,50,5,1,1,5,4,5,7,1,1,1,4,5,2,12,1,57,2,9,1,1,7,9,1,10,1,11,,13,9,1,22,9,121.5811077,25.04292565
111,7,1,13,27,2,10文山區,文山區福興路4巷3號,0,0,1,1,B03,8,1,5,30,14,9,1,5,4,5,7,4,4,10,5,5,2,17,1,20,3,10,1,1,7,15,3,18,9,7,,40,40,1,22,9,121.5515701,25.00294003
111,7,1,13,27,2,10文山區,文山區福興路4巷3號,0,0,1,2,C03,8,1,5,30,14,9,1,5,4,5,7,4,4,10,5,5,2,17,2,28,2,9,1,1,7,9,1,10,2,12,,44,40,1,22,9,121.5515701,25.00294003
111,7,1,13,45,2,09北投區,北投區中央南路1段與中央南路1段25巷口,0,0,1,1,C03,8,1,5,50,3,1,1,5,4,5,7,4,4,9,4,5,2,13,1,56,2,7,1,1,7,9,1,10,1,14,,16,16,1,22,9,121.5014443,25.13246789
111,7,1,13,45,2,09北投區,北投區中央南路1段與中央南路1段25巷口,0,0,1,2,B03,8,1,5,50,3,1,1,5,4,5,7,4,4,9,4,5,2,13,1,42,3,10,1,1,7,9,1,8,1,6,,44,16,1,22,9,121.5014443,25.13246789
111,7,1,13,45,2,09北投區,北投區中央南路1段與中央南路1段25巷口,0,0,1,3,,8,1,5,50,3,1,1,5,4,5,7,4,4,9,4,5,2,13,3,,,,,,,,,,,,,66,16,1,,,121.5014443,25.13246789
111,7,1,13,49,2,01大同區,大同區環河北路1段(玉泉公園旁),0,0,1,1,C03,8,1,5,50,14,9,1,5,4,5,7,4,4,5,4,5,2,13,2,47,2,9,1,4,7,9,6,18,2,11,,16,16,1,22,9,121.5065173,25.04967056
111,7,1,13,49,2,01大同區,大同區環河北路1段(玉泉公園旁),0,0,1,2,C03,8,1,5,50,14,9,1,5,4,5,7,4,4,5,4,5,2,13,1,20,3,10,1,4,7,9,1,10,2,13,,44,16,1,22,9,121.5065173,25.04967056
111,7,1,13,54,2,04大安區,大安區市民大道4段76號,0,0,1,1,B02,8,1,5,40,14,9,1,5,4,5,7,4,4,1,4,5,2,13,1,28,3,10,1,1,7,9,1,8,1,1,,23,23,1,22,9,121.5477823,25.0448279
111,7,1,13,54,2,04大安區,大安區市民大道4段76號,0,0,1,2,C03,8,1,5,40,14,9,1,5,4,5,7,4,4,1,4,5,2,13,1,43,2,8,1,1,7,9,1,10,1,13,,44,23,2,22,9,121.5477823,25.0448279
111,7,1,14,0,2,08士林區,士林區至誠路2段60巷與至誠路2段92巷口,0,0,2,1,C03,8,1,5,30,4,1,1,5,4,5,7,4,4,10,5,5,2,17,1,58,2,8,1,1,7,9,1,10,2,11,,6,6,1,22,9,121.5282932,25.10237461
111,7,1,14,0,2,08士林區,士林區至誠路2段60巷與至誠路2段92巷口,0,0,2,2,C04,8,1,5,30,4,1,1,5,4,5,7,4,4,10,5,5,2,17,2,61,2,8,1,1,7,9,1,11,2,14,,23,6,1,22,9,121.5282932,25.10237461
111,7,1,14,26,2,04大安區,大安區辛亥路3段與敦南街76巷口,0,0,1,1,B03,8,1,5,30,5,1,1,5,4,5,7,4,4,9,4,5,2,17,1,20,3,10,1,4,7,6,1,8,1,8,,6,6,1,22,9,121.5460453,25.0200795
111,7,1,14,26,2,04大安區,大安區辛亥路3段與敦南街76巷口,0,0,1,2,C03,8,1,5,30,5,1,1,5,4,5,7,4,4,9,4,5,2,17,2,34,2,8,1,4,7,9,1,10,1,12,,44,6,1,22,9,121.5460453,25.0200795
111,7,1,14,36,2,03中山區,中山區建國北路2段54號,0,0,3,1,C03,8,1,5,50,14,9,1,5,4,5,7,4,4,10,4,5,2,13,1,23,2,9,1,1,7,9,1,10,1,11,,16,16,1,22,9,121.5364409,25.0539411
111,7,1,14,36,2,03中山區,中山區建國北路2段54號,0,0,3,2,C03,8,1,5,50,14,9,1,5,4,5,7,4,4,10,4,5,2,13,2,55,2,9,1,1,7,3,1,10,1,13,,44,16,1,22,9,121.5364409,25.0539411
111,7,1,14,36,2,03中山區,中山區建國北路2段54號,0,0,3,3,H02,8,1,5,50,14,9,1,5,4,5,7,4,4,10,4,5,2,13,1,22,2,7,1,5,7,21,8,20,10,15,,67,16,1,22,9,121.5364409,25.0539411
111,7,1,14,58,2,08士林區,士林區德行東路338巷35-1號,0,0,1,2,B03,8,1,5,50,12,9,1,5,4,5,7,4,4,10,5,5,2,10,2,35,3,10,1,1,7,9,1,8,1,1,,44,26,1,22,9,121.5410094,25.10782327
111,7,1,14,58,2,08士林區,士林區德行東路338巷35-1號,0,0,1,1,C03,8,1,5,50,12,9,1,5,4,5,7,4,4,10,5,5,2,10,1,18,2,9,1,1,7,9,1,10,1,11,,26,26,1,22,9,121.5410094,25.10782327
111,7,1,15,20,2,12內湖區,內湖區康寧路1段與康寧路1段86巷口口,0,0,2,1,C03,8,1,5,30,4,1,1,5,4,5,7,4,4,10,5,5,2,16,2,53,2,8,1,1,7,1,1,10,1,14,,19,19,1,22,9,121.5927061,25.07987431
111,7,1,15,20,2,12內湖區,內湖區康寧路1段與康寧路1段86巷口口,0,0,2,2,C03,8,1,5,30,4,1,1,5,4,5,7,4,4,10,5,5,2,16,1,23,2,8,1,1,7,9,1,10,1,11,,13,19,1,22,9,121.5927061,25.07987431
111,7,1,15,25,2,05中正區,中正區杭州南路1段73號,0,0,2,1,C03,8,1,5,50,14,7,1,5,4,5,7,4,4,10,3,5,2,16,2,51,2,9,1,1,7,1,1,10,2,14,,19,19,1,22,9,121.525593,25.03968369
111,7,1,15,25,2,05中正區,中正區杭州南路1段73號,0,0,2,2,C03,8,1,5,50,14,7,1,5,4,5,7,4,4,10,3,5,2,16,1,47,2,1,1,1,7,11,1,10,2,11,,44,19,1,22,9,121.525593,25.03968369
111,7,1,15,30,2,09北投區,北投區石牌路2段113巷與立農街2段口,0,0,2,1,C03,8,1,5,50,5,1,1,5,4,5,7,2,1,5,4,5,2,16,1,47,2,9,1,1,7,5,1,10,2,13,,8,8,1,22,9,121.5168985,25.11860244
111,7,1,15,30,2,09北投區,北投區石牌路2段113巷與立農街2段口,0,0,2,2,C03,8,1,5,50,5,1,1,5,4,5,7,2,1,5,4,5,2,16,2,31,2,9,1,1,7,9,1,10,2,11,,23,8,1,22,9,121.5168985,25.11860244
111,7,1,15,35,2,04大安區,大安區辛亥路3段與基隆路3段口,0,0,1,1,B03,8,1,5,50,4,1,1,5,4,5,7,2,1,1,4,5,2,17,1,24,3,10,1,1,7,6,1,8,1,2,,9,9,1,22,9,121.5464883,25.0188395
111,7,1,15,35,2,04大安區,大安區辛亥路3段與基隆路3段口,0,0,1,2,C03,8,1,5,50,4,1,1,5,4,5,7,2,1,1,4,5,2,17,1,46,3,10,1,1,7,8,1,10,1,14,,44,9,1,22,9,121.5464883,25.0188395
111,7,1,15,35,2,04大安區,大安區辛亥路3段與基隆路3段口,0,0,1,3,C03,8,1,5,50,4,1,1,5,4,5,7,2,1,1,4,5,2,17,2,36,2,9,1,1,7,9,1,10,1,14,,44,9,1,22,9,121.5464883,25.0188395
111,7,1,15,35,2,08士林區,士林區中正路與重慶北路4段口,0,0,2,1,C03,8,1,5,50,4,1,1,5,4,5,7,4,4,1,2,5,2,16,1,22,2,7,3,4,7,8,1,9,1,15,,7,7,1,22,9,121.5100868,25.08672323
111,7,1,15,35,2,08士林區,士林區中正路與重慶北路4段口,0,0,2,2,C03,8,1,5,50,4,1,1,5,4,5,7,4,4,1,2,5,2,16,2,59,2,8,3,4,7,9,1,10,1,11,,44,7,1,22,9,121.5100868,25.08672323
111,7,1,16,15,2,08士林區,士林區承德路5段與士商路口,0,0,1,1,B03,8,1,5,50,4,2,1,5,4,5,7,2,1,1,4,4,1,17,1,43,3,10,1,1,7,6,1,8,2,6,,9,9,1,22,9,121.5142508,25.09604726
111,7,1,16,15,2,08士林區,士林區承德路5段與士商路口,0,0,1,2,C03,8,1,5,50,4,2,1,5,4,5,7,2,1,1,4,4,1,17,1,46,2,9,1,1,7,9,1,10,2,11,,13,9,1,22,9,121.5142508,25.09604726
111,7,1,16,20,2,02萬華區,萬華區和平西路3段與梧州街口,0,0,2,1,G06,8,1,5,30,4,1,1,5,4,5,7,2,1,3,5,5,1,15,1,42,2,9,2,4,7,9,7,19,1,15,,25,25,1,22,9,121.4975722,25.03537136
111,7,1,16,20,2,02萬華區,萬華區和平西路3段與梧州街口,0,0,2,2,C03,8,1,5,30,4,1,1,5,4,5,7,2,1,3,5,5,1,15,1,49,2,9,1,4,7,9,1,10,1,11,,44,25,1,22,9,121.4975722,25.03537136
111,7,1,16,23,2,06松山區,松山區民權東路3段162號,0,0,1,1,B02,8,1,5,30,14,9,1,5,4,5,7,1,1,1,5,5,2,3,1,31,3,10,1,1,7,5,1,8,2,8,,15,15,1,22,9,121.547959,25.06195468
111,7,1,16,23,2,06松山區,松山區民權東路3段162號,0,0,1,2,H01,8,1,5,30,14,9,1,5,4,5,7,1,1,1,5,5,2,3,2,60,2,9,4,5,8,16,8,20,10,16,,67,15,1,22,9,121.547959,25.06195468
111,7,1,16,24,2,08士林區,士林區延平北路7段106巷與洲美快速道路口橋下道路,0,0,2,1,F01,8,1,5,50,3,2,1,5,4,5,7,4,4,5,5,5,1,16,1,16,2,9,1,1,7,1,8,20,1,16,,19,19,1,22,9,121.4971971,25.09687838
111,7,1,16,24,2,08士林區,士林區延平北路7段106巷與洲美快速道路口橋下道路,0,0,2,2,C03,8,1,5,50,3,2,1,5,4,5,7,4,4,5,5,5,1,16,2,47,2,9,1,1,7,9,1,10,1,11,,44,19,1,22,9,121.4971971,25.09687838
111,7,1,16,30,2,04大安區,大安區信義路4段與敦化南路2段口,0,0,1,1,B03,8,1,5,50,14,7,1,5,4,5,7,1,1,5,3,1,1,13,1,53,3,10,1,1,7,9,1,8,1,1,,16,16,1,22,9,121.5488443,25.03280926
111,7,1,16,30,2,04大安區,大安區信義路4段與敦化南路2段口,0,0,1,2,B03,8,1,5,50,14,7,1,5,4,5,7,1,1,5,3,1,1,13,2,56,2,9,1,1,7,14,1,8,1,3,,44,16,1,22,9,121.5488443,25.03280926
111,7,1,16,30,2,04大安區,大安區信義路4段與敦化南路2段口,0,0,1,3,B02,8,1,5,50,14,7,1,5,4,5,7,1,1,5,3,1,1,13,1,36,3,10,1,1,7,14,1,8,1,3,,44,16,1,22,9,121.5488443,25.03280926
111,7,1,16,30,2,04大安區,大安區信義路4段與敦化南路2段口,0,0,1,4,B03,8,1,5,50,14,7,1,5,4,5,7,1,1,5,3,1,1,13,1,71,3,10,1,1,7,14,1,8,1,3,,44,16,1,22,9,121.5488443,25.03280926
111,7,1,16,30,2,04大安區,大安區信義路4段與敦化南路2段口,0,0,1,5,B03,8,1,5,50,14,7,1,5,4,5,7,1,1,5,3,1,1,13,1,59,3,10,1,1,7,14,1,8,1,3,,44,16,1,22,9,121.5488443,25.03280926
111,7,1,16,55,2,12內湖區,內湖區成功路2段426巷51號,0,0,1,1,B03,8,1,5,30,14,9,1,5,4,5,7,4,4,10,5,5,2,2,2,30,3,10,1,1,7,9,1,8,2,2,,23,23,1,22,9,121.5880717,25.07021522
111,7,1,16,55,2,12內湖區,內湖區成功路2段426巷51號,0,0,1,2,H01,8,1,5,30,14,9,1,5,4,5,7,4,4,10,5,5,2,2,1,30,2,7,4,5,8,16,8,20,10,16,,67,23,1,22,9,121.5880717,25.07021522
111,7,1,17,25,2,03中山區,中山區八德路2段與復興北路口,0,0,1,1,B03,8,1,5,50,4,1,1,5,4,5,7,1,1,1,4,5,1,15,2,45,3,10,1,1,7,9,1,8,2,1,,25,25,1,22,9,121.5438735,25.0476181
111,7,1,17,25,2,03中山區,中山區八德路2段與復興北路口,0,0,1,2,C03,8,1,5,50,4,1,1,5,4,5,7,1,1,1,4,5,1,15,1,19,2,9,1,1,7,1,1,10,2,14,,44,25,1,22,9,121.5438735,25.0476181
111,7,1,17,26,2,02萬華區,萬華區西園路2段與西園路2段320巷口,0,0,3,1,C03,8,2,5,50,3,1,1,5,4,5,7,1,1,1,4,5,2,12,1,51,2,9,1,1,7,8,1,10,1,12,,7,7,1,22,9,121.4925166,25.0259673
111,7,1,17,26,2,02萬華區,萬華區西園路2段與西園路2段320巷口,0,0,3,2,C04,8,2,5,50,3,1,1,5,4,5,7,1,1,1,4,5,2,12,2,18,2,9,1,1,7,9,1,10,1,11,,44,7,1,22,9,121.4925166,25.0259673
111,7,1,17,26,2,02萬華區,萬華區西園路2段與西園路2段320巷口,0,0,3,3,H02,8,2,5,50,3,1,1,5,4,5,7,1,1,1,4,5,2,12,2,17,2,9,4,5,7,20,8,20,10,16,,67,7,1,22,9,121.4925166,25.0259673
111,7,1,17,33,2,02萬華區,萬華區民和街與德昌街154巷口,0,0,3,2,C03,8,1,5,50,4,1,1,5,4,5,7,4,4,10,5,5,1,10,2,50,2,9,1,1,7,9,1,10,1,13,,44,6,1,22,9,121.4956902,25.024528
111,7,1,17,33,2,02萬華區,萬華區民和街與德昌街154巷口,0,0,3,1,C03,8,1,5,50,4,1,1,5,4,5,7,4,4,10,5,5,1,10,2,52,2,9,1,4,7,9,1,10,1,15,,6,6,1,22,9,121.4956902,25.024528
111,7,1,17,33,2,02萬華區,萬華區民和街與德昌街154巷口,0,0,3,3,H02,8,1,5,50,4,1,1,5,4,5,7,4,4,10,5,5,1,10,2,12,2,9,1,5,7,20,8,20,10,16,,67,6,1,22,9,121.4956902,25.024528
111,7,1,17,40,2,04大安區,大安區基隆路2段170號,0,0,1,1,C03,8,1,5,50,14,9,1,5,4,5,7,4,4,3,4,5,2,12,1,20,2,7,1,4,7,7,1,10,1,14,,7,7,1,22,9,121.5555704,25.027089
111,7,1,17,40,2,04大安區,大安區基隆路2段170號,0,0,1,2,B03,8,1,5,50,14,9,1,5,4,5,7,4,4,3,4,5,2,12,1,42,3,10,1,4,7,9,1,8,1,2,,44,7,1,22,9,121.5555704,25.027089
111,7,1,17,40,2,04大安區,大安區基隆路2段170號,0,0,1,3,B03,8,1,5,50,14,9,1,5,4,5,7,4,4,3,4,5,2,12,1,60,3,10,1,4,7,15,1,8,1,8,,42,7,1,22,9,121.5555704,25.027089
111,7,1,17,50,2,12內湖區,內湖區民權東路6段191巷62弄14號,0,0,1,1,B01,8,1,5,30,14,9,1,5,4,5,7,4,4,10,5,5,2,17,1,43,3,10,1,1,7,1,1,8,1,8,,19,19,1,22,9,121.5979356,25.06955035
111,7,1,17,50,2,12內湖區,內湖區民權東路6段191巷62弄14號,0,0,1,2,C03,8,1,5,30,14,9,1,5,4,5,7,4,4,10,5,5,2,17,1,19,2,9,1,1,7,9,1,10,1,12,,44,19,1,22,9,121.5979356,25.06955035
111,7,1,17,50,2,12內湖區,內湖區民權東路6段191巷62弄14號,0,0,1,3,C03,8,1,5,30,14,9,1,5,4,5,7,4,4,10,5,5,2,17,4,,4,11,3,4,7,15,7,19,11,15,,44,19,2,22,9,121.5979356,25.06955035
111,7,1,17,50,2,12內湖區,內湖區民權東路6段191巷62弄14號,0,0,1,4,C03,8,1,5,30,14,9,1,5,4,5,7,4,4,10,5,5,2,17,1,56,3,10,3,4,7,13,1,10,11,14,,44,19,1,22,9,121.5979356,25.06955035
111,7,1,17,50,2,12內湖區,內湖區民權東路6段191巷62弄14號,0,0,1,5,C03,8,1,5,30,14,9,1,5,4,5,7,4,4,10,5,5,2,17,2,65,3,10,3,4,7,13,1,10,11,14,,44,19,1,22,9,121.5979356,25.06955035
111,7,1,18,5,2,02萬華區,萬華區西藏路與雙園街口,0,0,1,1,B01,8,1,5,50,3,2,1,5,4,5,7,3,1,1,4,5,2,12,1,61,3,10,1,1,7,6,1,4,1,2,,9,9,1,22,9,121.4951916,25.02888116
111,7,1,18,5,2,02萬華區,萬華區西藏路與雙園街口,0,0,1,2,C03,8,1,5,50,3,2,1,5,4,5,7,3,1,1,4,5,2,12,2,21,2,8,1,1,7,9,1,10,1,14,,44,9,1,22,9,121.4951916,25.02888116
111,7,1,18,5,2,04大安區,大安區光復南路與文昌街口,0,0,1,1,B03,8,3,5,0,4,1,1,5,4,5,7,2,1,10,5,5,2,11,1,39,3,10,1,1,7,5,1,8,1,5,,6,6,1,22,9,121.5574323,25.03215996
111,7,1,18,5,2,04大安區,大安區光復南路與文昌街口,0,0,1,2,C03,8,3,5,0,4,1,1,5,4,5,7,2,1,10,5,5,2,11,1,60,2,9,1,1,7,9,1,10,1,11,,44,6,1,22,9,121.5574323,25.03215996
111,7,1,18,20,2,08士林區,士林區承德路5段與士商路口,0,0,2,1,C03,8,1,5,40,4,1,1,5,4,5,7,1,1,1,4,4,2,12,1,18,2,9,1,1,7,6,1,10,1,13,,9,9,1,22,9,121.5141404,25.09610026
111,7,1,18,20,2,08士林區,士林區承德路5段與士商路口,0,0,2,2,C03,8,1,5,40,4,1,1,5,4,5,7,1,1,1,4,4,2,12,1,29,2,9,1,1,7,9,1,10,1,11,,13,9,1,22,9,121.5141404,25.09610026
111,7,1,18,22,2,04大安區,大安區仁愛路4段417號,0,0,3,1,C03,8,1,5,50,14,9,1,5,4,5,7,4,4,1,4,5,2,17,2,20,2,9,1,4,7,9,1,10,1,11,,23,23,1,22,9,121.5562132,25.03778983
111,7,1,18,22,2,04大安區,大安區仁愛路4段417號,0,0,3,2,C03,8,1,5,50,14,9,1,5,4,5,7,4,4,1,4,5,2,17,2,25,2,7,1,4,7,12,1,10,1,12,,44,23,1,22,9,121.5562132,25.03778983
111,7,1,18,22,2,04大安區,大安區仁愛路4段417號,0,0,3,3,C03,8,1,5,50,14,9,1,5,4,5,7,4,4,1,4,5,2,17,2,32,2,9,3,4,7,12,1,10,1,13,,44,23,1,22,9,121.5562132,25.03778983
111,7,1,18,38,2,03中山區,中山區朱崙街39號,0,0,1,1,B03,8,2,5,50,14,9,1,5,4,3,5,4,4,9,5,5,2,17,1,56,3,10,3,4,7,5,1,8,1,8,,8,8,1,22,9,121.5410365,25.0500146
111,7,1,18,38,2,03中山區,中山區朱崙街39號,0,0,1,2,C04,8,2,5,50,14,9,1,5,4,3,5,4,4,9,5,5,2,17,1,30,2,7,1,1,7,9,1,10,1,14,,44,8,1,22,9,121.5410365,25.0500146
111,7,1,19,7,2,04大安區,大安區復興南路2段369號前,0,0,2,1,C03,8,3,5,40,14,8,1,5,4,5,7,2,1,8,3,4,1,12,1,53,2,7,1,1,7,7,3,18,1,14,,7,7,1,21,5,121.5434646,25.02268265
111,7,1,19,7,2,04大安區,大安區復興南路2段369號前,0,0,2,2,B01,8,3,5,40,14,8,1,5,4,5,7,2,1,8,3,4,1,12,1,41,3,10,1,1,7,1,1,4,1,5,,23,7,1,10,4,121.5434646,25.02268265
111,7,1,19,7,2,04大安區,大安區復興南路2段369號前,0,0,2,3,H02,8,3,5,40,14,8,1,5,4,5,7,2,1,8,3,4,1,12,2,54,2,9,1,1,7,20,8,20,10,16,,67,7,1,21,5,121.5434646,25.02268265
111,7,1,19,20,2,06松山區,松山區光復北路163-1號,0,0,3,1,C03,8,3,5,50,14,9,1,5,4,5,7,1,1,8,3,5,2,17,1,44,2,9,3,4,7,5,1,10,1,12,,43,43,1,22,9,121.5556424,25.05623614
111,7,1,19,20,2,06松山區,松山區光復北路163-1號,0,0,3,2,C03,8,3,5,50,14,9,1,5,4,5,7,1,1,8,3,5,2,17,1,41,2,9,3,4,7,9,1,10,1,11,,43,43,1,22,9,121.5556424,25.05623614
111,7,1,19,20,2,06松山區,松山區光復北路163-1號,0,0,3,3,H02,8,3,5,50,14,9,1,5,4,5,7,1,1,8,3,5,2,17,2,72,2,9,3,5,7,21,8,20,10,16,,67,43,1,22,9,121.5556424,25.05623614
111,7,1,19,35,2,12內湖區,內湖區康寧路3段168號(麥當勞前),0,0,1,1,B01,8,3,5,50,15,7,1,5,4,5,7,4,4,1,4,4,2,17,1,64,3,10,1,1,7,10,1,4,1,2,,7,7,1,22,9,121.6119223,25.06960241
111,7,1,19,35,2,12內湖區,內湖區康寧路3段168號(麥當勞前),0,0,1,2,C03,8,3,5,50,15,7,1,5,4,5,7,4,4,1,4,4,2,17,1,41,3,10,1,1,7,15,1,10,1,14,,44,7,1,22,9,121.6119223,25.06960241
111,7,1,19,35,2,12內湖區,內湖區康寧路3段168號(麥當勞前),0,0,1,3,C03,8,3,5,50,15,7,1,5,4,5,7,4,4,1,4,4,2,17,1,41,3,10,1,1,7,15,1,9,1,11,,16,7,1,22,9,121.6119223,25.06960241
111,7,1,19,35,2,12內湖區,內湖區康寧路3段168號(麥當勞前),0,0,1,4,H02,8,3,5,50,15,7,1,5,4,5,7,4,4,1,4,4,2,17,2,32,2,5,1,5,7,20,8,20,10,16,,67,7,1,22,9,121.6119223,25.06960241
111,7,1,19,41,2,03中山區,與無名巷口(遼寧街185巷7弄3號前),0,0,1,1,C03,7,3,5,30,3,1,1,5,4,3,7,4,4,10,5,5,2,17,1,19,2,9,1,1,7,5,3,18,1,12,,8,8,1,22,9,121.5425848,25.0536084
111,7,1,19,41,2,03中山區,與無名巷口(遼寧街185巷7弄3號前),0,0,1,2,B03,7,3,5,30,3,1,1,5,4,3,7,4,4,10,5,5,2,17,1,30,3,10,3,4,7,14,1,8,1,8,,38,8,1,22,9,121.5425848,25.0536084
111,7,1,19,41,2,06松山區,松山區迎風河濱公園214燈桿,0,0,1,1,B03,8,1,5,40,14,9,1,5,4,5,7,4,4,10,5,5,2,17,1,49,3,10,3,4,7,13,1,8,1,15,,43,43,1,22,9,121.5685057,25.06713746
111,7,1,19,41,2,06松山區,松山區迎風河濱公園214燈桿,0,0,1,2,F01,8,1,5,40,14,9,1,5,4,5,7,4,4,10,5,5,2,17,1,39,2,9,1,1,7,9,8,20,1,15,,43,43,1,22,9,121.5685057,25.06713746
111,7,1,20,19,2,04大安區,大安區辛亥路1段與溫州街口,0,0,2,1,B12,8,3,5,50,15,18,1,5,4,5,7,1,1,10,5,5,2,3,1,65,3,10,1,1,7,5,1,8,1,1,,15,15,1,22,9,121.5331525,25.0226069
111,7,1,20,19,2,04大安區,大安區辛亥路1段與溫州街口,0,0,2,2,H01,8,3,5,50,15,18,1,5,4,5,7,1,1,10,5,5,2,3,2,47,2,7,4,5,8,16,8,20,10,16,,67,15,1,22,9,121.5331525,25.0226069
111,7,1,20,19,2,04大安區,大安區辛亥路1段與溫州街口,0,0,2,3,H01,8,3,5,50,15,18,1,5,4,5,7,1,1,10,5,5,2,3,2,42,2,9,4,5,8,16,8,20,10,16,,67,15,1,22,9,121.5331525,25.0226069
111,7,1,20,50,2,10文山區,文山區指南路3段38巷26-2號,0,0,3,1,B03,7,3,5,30,14,9,1,5,4,5,7,4,4,10,5,5,1,17,2,41,2,3,1,1,7,1,1,8,2,8,,19,19,1,22,9,121.5870248,24.96706566
111,7,1,20,50,2,10文山區,文山區指南路3段38巷26-2號,0,0,3,2,C03,7,3,5,30,14,9,1,5,4,5,7,4,4,10,5,5,1,17,1,39,2,8,1,1,7,9,1,10,2,11,,44,19,1,22,9,121.5870248,24.96706566
111,7,1,20,50,2,10文山區,文山區指南路3段38巷26-2號,0,0,3,3,H02,7,3,5,30,14,9,1,5,4,5,7,4,4,10,5,5,1,17,2,32,2,8,1,5,7,21,8,20,10,15,,67,19,1,22,9,121.5870248,24.96706566
111,7,1,21,26,2,02萬華區,萬華區華江橋機車道往板橋方向(DSR249牌面前),0,0,3,1,C03,8,3,5,40,14,11,1,5,4,5,7,4,4,10,5,5,1,12,1,64,2,7,1,1,7,9,3,18,1,12,,42,42,1,22,9,121.4951016,25.03844802
111,7,1,21,26,2,02萬華區,萬華區華江橋機車道往板橋方向(DSR249牌面前),0,0,3,2,C03,8,3,5,40,14,11,1,5,4,5,7,4,4,10,5,5,1,12,1,74,2,8,1,1,7,9,1,10,1,14,,44,42,1,22,9,121.4951016,25.03844802
111,7,1,21,26,2,02萬華區,萬華區華江橋機車道往板橋方向(DSR249牌面前),0,0,3,3,H02,8,3,5,40,14,11,1,5,4,5,7,4,4,10,5,5,1,12,2,75,2,9,4,5,7,21,8,20,10,16,,67,42,1,22,9,121.4951016,25.03844802
111,7,1,21,42,2,12內湖區,內湖區成功路2段與石潭路口,0,0,1,1,C03,8,3,5,50,14,9,1,5,4,5,7,1,1,10,4,4,1,18,1,36,2,9,1,1,7,9,1,10,5,14,,21,21,1,22,9,121.5906616,25.0635375
111,7,1,21,42,2,12內湖區,內湖區成功路2段與石潭路口,0,0,1,2,,8,3,5,50,14,9,1,5,4,5,7,1,1,10,4,4,1,18,3,,,,,,,,,,,,,67,21,1,,,121.5906616,25.0635375
111,7,1,21,43,2,08士林區,士林區社中街346巷與社中街346巷3弄口,0,0,1,1,C03,8,3,5,30,4,1,1,5,4,5,7,4,4,10,5,5,1,15,1,24,2,7,2,1,7,9,1,10,1,12,,6,6,1,22,9,121.5046109,25.09292972
111,7,1,21,43,2,08士林區,士林區社中街346巷與社中街346巷3弄口,0,0,1,2,B03,8,3,5,30,4,1,1,5,4,5,7,4,4,10,5,5,1,15,1,37,3,10,1,1,7,9,1,8,1,1,,14,6,1,22,9,121.5046109,25.09292972
111,7,1,22,0,2,12內湖區,內湖區成功路5段與康寧路3段口引道口,0,0,1,1,C03,8,3,5,50,3,1,1,5,4,5,7,3,1,1,5,5,2,17,1,30,2,9,1,1,7,7,1,10,1,13,,7,7,1,22,9,121.606076,25.07370829
111,7,1,22,0,2,12內湖區,內湖區成功路5段與康寧路3段口引道口,0,0,1,2,B03,8,3,5,50,3,1,1,5,4,5,7,3,1,1,5,5,2,17,2,34,3,10,1,1,7,9,1,8,1,1,,44,7,1,22,9,121.606076,25.07370829
111,7,1,22,10,2,05中正區,中正區牯嶺街與廈門街71巷口,0,0,1,2,C03,8,3,5,30,4,1,1,5,4,5,7,4,4,10,5,5,2,17,1,35,2,9,1,1,7,9,1,9,2,14,,44,6,1,22,9,121.5190223,25.02475097
111,7,1,22,10,2,05中正區,中正區牯嶺街與廈門街71巷口,0,0,1,1,B01,8,3,5,30,4,1,1,5,4,5,7,4,4,10,5,5,2,17,1,51,3,10,1,1,7,5,1,4,2,8,,6,6,1,22,9,121.5190223,25.02475097
111,7,1,22,10,2,11南港區,南港區興南街與重陽路166巷口,0,0,1,1,B03,7,3,5,30,4,2,1,5,4,5,7,3,1,9,5,5,2,17,1,35,3,10,1,1,7,9,1,8,1,8,,14,14,1,22,9,121.601662,25.056154
111,7,1,22,10,2,11南港區,南港區興南街與重陽路166巷口,0,0,1,2,C03,7,3,5,30,4,2,1,5,4,5,7,3,1,9,5,5,2,17,2,30,2,9,1,1,7,5,1,10,1,14,,8,14,1,22,9,121.601662,25.056154
111,7,1,22,23,2,10文山區,文山區木柵路1段與試院路口,0,0,1,1,B01,8,3,5,50,3,1,1,5,4,5,7,1,1,5,4,5,2,16,1,54,3,10,1,1,7,5,1,4,1,4,,42,42,1,22,9,121.5498741,24.9874297
111,7,1,22,23,2,10文山區,文山區木柵路1段與試院路口,0,0,1,2,C03,8,3,5,50,3,1,1,5,4,5,7,1,1,5,4,5,2,16,1,38,2,9,1,1,7,9,1,10,1,12,,42,42,1,22,9,121.5498741,24.9874297