發生年度,發生月,發生日,發生時-Hours,發生分,處理別-編號,區序,肇事地點,死亡人數,2-30日死亡人數,受傷人數,當事人序號,車種,天候,光線,道路類別,速限-速度限制,道路型態,事故位置,路面狀況1,路面狀況2,路面狀況3,道路障礙1,道路障礙2,號誌1,號誌2,車道劃分-分向,車道劃分-分道1,車道劃分-分道2,車道劃分-分道3,事故類型及型態,性別,年齡,受傷程度,主要傷處,安全帽,行動電話,車輛用途,當事者行動狀態,駕駛資格情形,駕駛執照種類,飲酒情形,車輛撞擊部位1,車輛撞擊部位2,肇因碼-個別,肇因碼-主要,個人肇逃否,職業,旅次目的,座標-X,座標-Y
111,7,1,23,6,2,07信義區,信義區信義路5段16號,0,0,1,1,C03,8,3,5,50,14,9,1,5,4,5,7,1,1,1,4,5,2,13,1,39,3,10,1,1,7,9,1,10,2,11,,23,23,1,22,9,121.5635471,25.0328445
111,7,1,23,6,2,07信義區,信義區信義路5段16號,0,0,1,2,C03,8,3,5,50,14,9,1,5,4,5,7,1,1,1,4,5,2,13,2,65,2,9,1,1,7,14,1,10,2,13,,42,23,1,22,9,121.5635471,25.0328445
111,7,1,23,40,2,07信義區,信義區松仁路北向南(燈桿0921),0,0,1,1,C03,7,3,5,50,14,9,1,5,4,1,7,4,4,9,4,5,2,16,4,,4,11,3,4,7,15,7,19,11,15,,43,43,2,22,9,121.568328,25.0295455
111,7,1,23,40,2,07信義區,信義區松仁路北向南(燈桿0921),0,0,1,2,C03,7,3,5,50,14,9,1,5,4,1,7,4,4,9,4,5,2,16,2,22,2,9,1,1,7,7,1,10,2,13,,43,43,1,22,9,121.568328,25.0295455
111,7,2,3,40,2,09北投區,北投區中央北路2段207號,0,0,1,1,C03,8,3,5,50,14,9,1,5,4,4,7,4,4,9,4,5,2,29,1,20,2,9,1,1,7,9,1,10,1,11,,23,23,1,22,9,121.4931906,25.13808878
111,7,2,3,40,2,09北投區,北投區中央北路2段207號,0,0,1,2,,8,3,5,50,14,9,1,5,4,4,7,4,4,9,4,5,2,29,3,,,,,,,,,,,,,61,23,1,,,121.4931906,25.13808878
111,7,2,4,41,1,08士林區,士林區承德路4段與中正路口,1,0,2,1,B03,8,1,5,50,4,2,1,5,4,5,7,2,1,3,4,5,1,13,1,51,2,9,1,1,7,9,1,7,2,1,,23,23,1,22,9,121.5166117,25.09101322
111,7,2,4,41,1,08士林區,士林區承德路4段與中正路口,1,0,2,2,B03,8,1,5,50,4,2,1,5,4,5,7,2,1,3,4,5,1,13,1,55,2,9,1,1,7,14,1,8,2,3,,44,23,1,22,9,121.5166117,25.09101322
111,7,2,4,41,1,08士林區,士林區承德路4段與中正路口,1,0,2,3,C03,8,1,5,50,4,2,1,5,4,5,7,2,1,3,4,5,1,13,1,67,1,1,1,1,7,9,1,10,9,11,,44,23,1,22,9,121.5166117,25.09101322
111,7,2,4,41,1,08士林區,士林區承德路4段與中正路口,1,0,2,4,B03,8,1,5,50,4,2,1,5,4,5,7,2,1,3,4,5,1,13,2,30,3,10,1,1,7,9,1,8,2,5,,23,23,1,22,9,121.5166117,25.09101322
111,7,2,4,41,1,08士林區,士林區承德路4段與中正路口,1,0,2,5,,8,1,5,50,4,2,1,5,4,5,7,2,1,3,4,5,1,13,3,,,,,,,,,,,,,67,23,1,,,121.5166117,25.09101322
111,7,2,5,7,2,02萬華區,萬華區堤外便道富民路底,0,0,1,1,C03,8,1,5,50,15,9,1,5,4,5,7,4,4,10,5,5,2,13,1,42,3,10,3,4,7,9,6,18,7,11,,23,23,1,22,9,121.5006341,25.01725452
111,7,2,5,7,2,02萬華區,萬華區堤外便道富民路底,0,0,1,2,C03,8,1,5,50,15,9,1,5,4,5,7,4,4,10,5,5,2,13,1,27,2,8,3,4,7,9,1,10,2,13,,44,23,1,22,9,121.5006341,25.01725452
111,7,2,5,7,2,02萬華區,萬華區堤外便道富民路底,0,0,1,3,B03,8,1,5,50,15,9,1,5,4,5,7,4,4,10,5,5,2,13,1,60,3,10,3,4,7,9,1,8,2,5,,44,23,1,22,9,121.5006341,25.01725452
111,7,2,5,14,2,05中正區,中正區汀州路3段與基隆路4段口,0,0,1,1,C03,8,1,5,50,4,2,1,5,4,5,7,1,1,5,2,5,2,13,1,72,2,9,1,1,7,9,1,10,2,11,,16,16,1,22,9,121.5361261,25.01114044
111,7,2,5,14,2,05中正區,中正區汀州路3段與基隆路4段口,0,0,1,2,B03,8,1,5,50,4,2,1,5,4,5,7,1,1,5,2,5,2,13,1,70,3,10,1,1,7,9,1,8,2,3,,44,16,1,22,9,121.5361261,25.01114044
111,7,2,5,35,2,10文山區,文山區興隆路4段與忠順街1段口,0,0,2,1,F01,8,1,5,50,4,1,1,5,4,5,7,2,1,1,4,5,2,12,1,28,2,9,1,1,7,5,8,20,1,16,,42,42,1,22,9,121.5616891,24.98449782
111,7,2,5,35,2,10文山區,文山區興隆路4段與忠順街1段口,0,0,2,2,F01,8,1,5,50,4,1,1,5,4,5,7,2,1,1,4,5,2,12,1,58,2,9,1,1,7,9,8,20,1,16,,44,42,1,22,9,121.5616891,24.98449782
111,7,2,6,57,2,05中正區,中正區羅斯福路3段150號,0,0,1,2,F01,7,1,5,50,14,9,1,5,4,5,7,4,4,10,4,5,2,13,1,33,2,9,1,1,7,9,8,20,1,16,,5,7,1,22,9,121.5285186,25.0202657
111,7,2,6,57,2,05中正區,中正區羅斯福路3段150號,0,0,1,1,B03,7,1,5,50,14,9,1,5,4,5,7,4,4,10,4,5,2,13,2,64,3,10,1,1,7,8,1,8,1,1,,7,7,1,22,9,121.5285186,25.0202657
111,7,2,7,17,2,03中山區,中山區民權東路1段捷運中山國小3號出口,0,0,1,1,B02,7,1,5,50,14,9,1,5,4,5,7,1,1,1,3,5,1,16,1,59,3,10,3,4,7,7,1,8,2,8,,7,7,1,22,9,121.5271649,25.06256805
111,7,2,7,17,2,03中山區,中山區民權東路1段捷運中山國小3號出口,0,0,1,2,C03,7,1,5,50,14,9,1,5,4,5,7,1,1,1,3,5,1,16,1,62,2,9,3,4,7,9,1,10,2,12,,13,7,1,22,9,121.5271649,25.06256805
111,7,2,7,41,2,02萬華區,萬華區寶興街與東園街140巷口,0,0,2,1,C03,8,1,5,30,4,1,1,5,4,5,7,3,1,9,4,5,2,17,2,76,2,9,1,1,7,9,1,10,2,11,,6,6,1,22,9,121.4957539,25.02280053
111,7,2,7,41,2,02萬華區,萬華區寶興街與東園街140巷口,0,0,2,2,C03,8,1,5,30,4,1,1,5,4,5,7,3,1,9,4,5,2,17,1,34,2,9,1,1,7,9,1,10,2,12,,14,6,1,22,9,121.4957539,25.02280053
111,7,2,7,58,2,10文山區,文山區和平東路4段030號燈桿,0,0,1,1,C03,8,1,5,40,14,9,1,5,4,5,7,4,4,5,2,5,1,18,1,35,2,9,1,1,7,9,1,10,1,12,,43,43,1,22,9,121.5719685,25.0018324
111,7,2,7,58,2,10文山區,文山區和平東路4段030號燈桿,0,0,1,2,,8,1,5,40,14,9,1,5,4,5,7,4,4,5,2,5,1,18,3,,,,,,,,,,,,,67,43,1,,,121.5719685,25.0018324
111,7,2,8,14,2,04大安區,大安區新生南路3段與新生南路3段11巷口,0,0,1,1,C04,8,1,5,50,3,2,1,5,4,5,7,4,4,1,4,5,2,17,1,30,3,10,1,1,7,8,1,10,1,15,,7,7,1,22,9,121.5348976,25.0253122
111,7,2,8,14,2,04大安區,大安區新生南路3段與新生南路3段11巷口,0,0,1,2,C03,8,1,5,50,3,2,1,5,4,5,7,4,4,1,4,5,2,17,1,25,2,9,1,1,7,9,1,9,1,14,,44,7,1,22,9,121.5348976,25.0253122
111,7,2,8,21,2,08士林區,士林區忠誠路2段與天母東路8巷31弄口,0,0,1,1,B03,6,1,5,50,3,1,1,4,4,5,7,4,4,1,4,5,1,16,1,63,3,10,1,1,7,6,1,8,1,8,,6,6,1,22,9,121.5341802,25.11690125
111,7,2,8,21,2,08士林區,士林區忠誠路2段與天母東路8巷31弄口,0,0,1,2,C03,6,1,5,50,3,1,1,4,4,5,7,4,4,1,4,5,1,16,1,18,2,9,1,1,7,9,1,10,1,12,,14,6,1,22,9,121.5341802,25.11690125
111,7,2,8,22,2,07信義區,信義區福德街268巷7弄1號,0,0,1,1,B01,8,1,5,30,13,9,1,5,4,5,7,4,4,10,5,5,2,2,1,69,3,10,1,1,7,4,6,4,2,2,,23,23,1,22,9,121.5856511,25.03970067
111,7,2,8,22,2,07信義區,信義區福德街268巷7弄1號,0,0,1,2,H01,8,1,5,30,13,9,1,5,4,5,7,4,4,10,5,5,2,2,1,90,2,8,4,5,8,16,8,20,10,16,,60,23,1,22,9,121.5856511,25.03970067
111,7,2,8,27,2,02萬華區,萬華區和平西路2段與艋舺大道口,0,0,1,2,H01,7,1,5,40,4,2,1,5,4,5,7,1,1,1,4,4,1,9,1,71,2,1,4,5,8,20,8,20,10,16,,67,43,1,22,9,121.5048266,25.03376591
111,7,2,8,27,2,02萬華區,萬華區和平西路2段與艋舺大道口,0,0,1,1,,7,1,5,40,4,2,1,5,4,5,7,1,1,1,4,4,1,9,4,,4,11,3,4,7,15,7,19,11,15,,43,43,2,22,9,121.5048266,25.03376591
111,7,2,9,6,2,09北投區,北投區明德路221號,0,0,1,1,B12,6,1,5,50,14,9,1,4,4,5,7,4,4,9,4,5,2,17,1,28,3,10,1,1,7,1,1,8,2,4,,19,19,1,22,9,121.5218404,25.11269253
111,7,2,9,6,2,09北投區,北投區明德路221號,0,0,1,2,C04,6,1,5,50,14,9,1,4,4,5,7,4,4,9,4,5,2,17,2,19,2,9,1,1,7,9,1,10,2,14,,44,19,1,22,9,121.5218404,25.11269253
111,7,2,9,12,2,09北投區,北投區石牌路2段與石牌路2段113巷口,0,0,1,1,B03,6,1,5,50,4,1,1,4,4,5,7,1,1,10,5,5,2,13,2,34,3,10,1,1,7,9,1,8,2,8,,23,23,1,22,9,121.5176215,25.1181629
111,7,2,9,12,2,09北投區,北投區石牌路2段與石牌路2段113巷口,0,0,1,2,C03,6,1,5,50,4,1,1,4,4,5,7,1,1,10,5,5,2,13,1,39,2,8,1,1,7,5,1,10,2,13,,8,23,1,22,9,121.5176215,25.1181629
111,7,2,9,12,2,09北投區,北投區石牌路2段與石牌路2段113巷口,0,0,1,3,B01,6,1,5,50,4,1,1,4,4,5,7,1,1,10,5,5,2,13,1,46,3,10,1,1,7,9,1,4,2,8,,44,23,1,22,9,121.5176215,25.1181629
111,7,2,9,15,2,03中山區,中山區北安路與大直街口,0,0,2,1,C03,8,1,5,50,4,1,1,5,4,5,7,2,1,1,4,5,2,12,2,23,3,10,3,4,7,6,1,10,1,13,,9,9,1,22,9,121.5492411,25.08415804
111,7,2,9,15,2,03中山區,中山區北安路與大直街口,0,0,2,2,C03,8,1,5,50,4,1,1,5,4,5,7,2,1,1,4,5,2,12,2,26,2,9,3,4,7,9,1,10,1,11,,44,9,1,22,9,121.5492411,25.08415804
111,7,2,9,15,2,03中山區,中山區北安路與大直街口,0,0,2,3,H02,8,1,5,50,4,1,1,5,4,5,7,2,1,1,4,5,2,12,2,26,2,9,4,5,7,17,8,20,10,16,,67,9,1,22,9,121.5492411,25.08415804
111,7,2,9,19,2,08士林區,士林區中正路660號重陽橋機車道,0,0,1,1,C03,6,1,5,50,14,11,1,4,4,5,7,4,4,10,5,5,1,13,1,61,2,9,1,1,7,9,1,10,2,11,,23,23,1,22,9,121.5075735,25.08638609
111,7,2,9,19,2,08士林區,士林區中正路660號重陽橋機車道,0,0,1,2,B03,6,1,5,50,14,11,1,4,4,5,7,4,4,10,5,5,1,13,1,43,3,10,1,1,7,12,1,8,2,3,,26,23,1,22,9,121.5075735,25.08638609
111,7,2,9,44,2,04大安區,大安區愛國東路與杭州南路2段口,0,0,2,3,B12,8,1,5,50,4,1,1,5,4,5,7,2,1,1,4,5,2,17,2,32,2,3,1,1,7,9,1,8,1,3,,44,43,1,22,9,121.5226066,25.0323908
111,7,2,9,44,2,04大安區,大安區愛國東路與杭州南路2段口,0,0,2,1,,8,1,5,50,4,1,1,5,4,5,7,2,1,1,4,5,2,17,4,,4,11,3,4,7,15,7,19,11,15,,43,43,2,22,9,121.5226066,25.0323908
111,7,2,9,44,2,04大安區,大安區愛國東路與杭州南路2段口,0,0,2,2,B03,8,1,5,50,4,1,1,5,4,5,7,2,1,1,4,5,2,17,2,58,2,3,1,1,7,9,1,8,1,1,,42,43,1,22,9,121.5226066,25.0323908
111,7,2,9,47,2,05中正區,中正區中華路2段與西藏路口口,0,0,2,1,B03,8,1,5,30,4,1,1,5,4,5,7,1,1,5,5,4,1,17,2,61,3,10,1,1,7,9,1,8,2,5,,23,23,2,22,9,121.5041521,25.0305715
111,7,2,9,47,2,05中正區,中正區中華路2段與西藏路口口,0,0,2,2,C03,8,1,5,30,4,1,1,5,4,5,7,1,1,5,5,4,1,17,2,32,2,9,1,1,7,7,1,10,2,11,,7,23,1,22,9,121.5041521,25.0305715
111,7,2,9,47,2,05中正區,中正區中華路2段與西藏路口口,0,0,2,3,H02,8,1,5,30,4,1,1,5,4,5,7,1,1,5,5,4,1,17,2,5,2,8,1,1,7,20,8,20,10,16,,67,23,1,22,9,121.5041521,25.0305715
111,7,2,9,52,2,12內湖區,內湖區麗山街348巷與麗山街口,0,0,1,1,C03,8,1,5,0,4,1,1,5,4,5,7,3,1,10,4,5,2,15,2,65,4,11,3,4,7,15,7,19,11,15,,23,23,2,22,9,121.5728055,25.08224265
111,7,2,9,52,2,12內湖區,內湖區麗山街348巷與麗山街口,0,0,1,2,F01,8,1,5,0,4,1,1,5,4,5,7,3,1,10,4,5,2,15,2,84,2,9,1,1,7,9,8,20,11,16,,6,23,1,22,9,121.5728055,25.08224265
111,7,2,10,11,2,02萬華區,萬華區艋舺大道與和平西路2段190巷口,0,0,2,1,B02,8,1,5,50,5,1,1,5,4,5,7,2,1,1,4,5,2,17,1,39,3,10,1,1,7,6,1,8,1,5,,26,26,1,22,9,121.5047439,25.0338318
111,7,2,10,11,2,02萬華區,萬華區艋舺大道與和平西路2段190巷口,0,0,2,2,C03,8,1,5,50,5,1,1,5,4,5,7,2,1,1,4,5,2,17,2,22,2,9,1,1,7,9,1,10,1,11,,44,26,1,22,9,121.5047439,25.0338318
111,7,2,10,11,2,02萬華區,萬華區艋舺大道與和平西路2段190巷口,0,0,2,3,H02,8,1,5,50,5,1,1,5,4,5,7,2,1,1,4,5,2,17,2,47,2,9,4,5,7,20,8,20,10,16,,67,26,1,22,9,121.5047439,25.0338318
111,7,2,10,25,2,12內湖區,內湖區五分街47號前,0,0,1,2,H01,8,1,5,40,14,9,1,5,4,4,6,4,4,5,5,5,2,5,2,55,2,8,4,5,8,17,8,20,10,16,,67,43,1,22,9,121.6139069,25.06750823
111,7,2,10,25,2,12內湖區,內湖區五分街47號前,0,0,1,1,C03,8,1,5,40,14,9,1,5,4,4,6,4,4,5,5,5,2,5,1,66,4,11,3,4,7,15,7,19,11,15,,43,43,2,22,9,121.6139069,25.06750823
111,7,2,10,25,2,07信義區,信義區基隆路1段與松隆路口,0,0,1,1,B01,8,1,5,50,4,1,1,5,4,5,7,1,1,1,2,5,2,13,1,53,3,10,3,4,7,9,1,4,1,5,,16,16,1,22,9,121.5657776,25.0431065
111,7,2,10,25,2,07信義區,信義區基隆路1段與松隆路口,0,0,1,2,C03,8,1,5,50,4,1,1,5,4,5,7,1,1,1,2,5,2,13,1,27,2,8,3,4,7,9,1,10,1,13,,44,16,1,22,9,121.5657776,25.0431065
111,7,2,10,51,2,04大安區,大安區樂業街65巷與樂業街口,0,0,1,2,C03,7,1,5,50,4,1,1,5,4,5,7,4,4,4,5,5,2,17,2,67,2,9,1,1,7,9,1,10,1,11,,44,6,1,22,9,121.5517898,25.0229102
111,7,2,10,51,2,04大安區,大安區樂業街65巷與樂業街口,0,0,1,1,B03,7,1,5,50,4,1,1,5,4,5,7,4,4,4,5,5,2,17,1,37,3,10,1,1,7,5,1,8,1,5,,6,6,1,22,9,121.5517898,25.0229102
111,7,2,11,10,2,07信義區,信義區信安街與崇德街口,0,0,1,1,C03,6,1,5,50,4,1,1,4,4,5,7,1,1,5,4,5,2,13,2,74,2,8,1,1,7,5,1,10,1,13,,8,8,1,22,9,121.5557761,25.0240178
111,7,2,11,10,2,07信義區,信義區信安街與崇德街口,0,0,1,2,B03,6,1,5,50,4,1,1,4,4,5,7,1,1,5,4,5,2,13,1,22,3,10,1,1,7,5,1,8,1,1,,44,8,1,22,9,121.5557761,25.0240178
111,7,2,11,13,2,08士林區,士林區中山北路6段2巷與中山北路5段口,0,0,1,1,F01,6,1,5,0,3,2,1,4,4,5,7,4,4,10,5,5,1,17,2,63,2,7,1,1,7,15,8,20,2,15,,42,42,1,22,9,121.526409,25.10266595
111,7,2,11,13,2,08士林區,士林區中山北路6段2巷與中山北路5段口,0,0,1,2,B03,6,1,5,0,3,2,1,4,4,5,7,4,4,10,5,5,1,17,1,62,3,10,1,1,7,5,1,8,2,15,,44,42,1,22,9,121.526409,25.10266595
111,7,2,11,20,2,07信義區,信義區和平東路3段341巷與富陽街21巷口,0,0,1,1,B03,6,1,5,30,4,1,1,4,4,5,7,4,4,5,5,5,1,17,1,37,3,10,1,1,7,9,1,8,1,1,,6,6,1,22,9,121.5580857,25.02154748
111,7,2,11,20,2,07信義區,信義區和平東路3段341巷與富陽街21巷口,0,0,1,2,C03,6,1,5,30,4,1,1,4,4,5,7,4,4,5,5,5,1,17,1,27,2,7,1,1,7,9,1,10,1,14,,13,6,1,22,9,121.5580857,25.02154748
111,7,2,11,28,2,10文山區,文山區木柵路3段與萬壽橋口,0,0,2,1,B03,6,1,5,50,4,1,1,4,4,5,7,2,1,3,4,5,2,16,1,46,3,10,1,1,7,6,1,8,1,2,,9,9,1,22,9,121.571189,24.99158946
111,7,2,11,28,2,10文山區,文山區木柵路3段與萬壽橋口,0,0,2,2,C03,6,1,5,50,4,1,1,4,4,5,7,2,1,3,4,5,2,16,1,32,2,7,1,1,7,9,1,10,1,11,,43,9,1,22,9,121.571189,24.99158946
111,7,2,11,28,2,10文山區,文山區木柵路3段與萬壽橋口,0,0,2,3,H02,6,1,5,50,4,1,1,4,4,5,7,2,1,3,4,5,2,16,2,59,2,9,4,5,7,21,8,20,10,15,,67,9,1,22,9,121.571189,24.99158946
111,7,2,12,10,2,12內湖區,內湖區南京東路6段(正義橋上),0,0,1,1,B03,6,1,5,50,14,9,1,4,4,5,7,4,4,1,4,5,2,13,1,53,3,10,1,1,7,9,1,8,2,1,,23,23,1,22,9,121.5910255,25.06220187
111,7,2,12,10,2,12內湖區,內湖區南京東路6段(正義橋上),0,0,1,2,B03,6,1,5,50,14,9,1,4,4,5,7,4,4,1,4,5,2,13,2,40,2,1,1,1,7,14,1,8,2,3,,44,23,1,22,9,121.5910255,25.06220187
111,7,2,12,42,2,12內湖區,內湖區潭美街558號前,0,0,1,1,C03,7,1,5,40,14,9,1,5,4,5,7,4,4,9,5,5,2,17,1,18,2,8,1,1,7,9,1,10,1,14,,42,42,1,22,9,121.5989198,25.06061858
111,7,2,12,42,2,12內湖區,內湖區潭美街558號前,0,0,1,2,A12,7,1,5,40,14,9,1,5,4,5,7,4,4,9,5,5,2,17,1,47,3,10,1,1,7,1,1,5,1,15,,19,42,1,22,9,121.5989198,25.06061858
111,7,2,12,43,2,10文山區,文山區興隆路3段與興隆路3段112巷口,0,0,1,1,B01,7,1,5,50,4,1,1,5,4,5,7,1,1,1,4,5,2,16,1,55,3,10,1,1,7,6,1,4,2,5,,9,9,1,22,9,121.5575493,24.99934636
111,7,2,12,43,2,10文山區,文山區興隆路3段與興隆路3段112巷口,0,0,1,2,C04,7,1,5,50,4,1,1,5,4,5,7,1,1,1,4,5,2,16,1,23,2,9,1,1,7,9,1,10,2,14,,44,9,1,22,9,121.5575493,24.99934636
111,7,2,13,16,2,08士林區,士林區承德路4段與大南路口,0,0,1,1,B03,8,1,5,50,5,2,1,5,4,5,7,2,1,1,4,5,1,3,1,51,3,10,1,1,7,6,1,8,2,1,,15,15,1,22,9,121.5165254,25.09056954
111,7,2,13,16,2,08士林區,士林區承德路4段與大南路口,0,0,1,2,H01,8,1,5,50,5,2,1,5,4,5,7,2,1,1,4,5,1,3,2,80,2,5,4,5,8,16,8,20,10,16,,52,15,1,22,9,121.5165254,25.09056954
111,7,2,13,17,2,03中山區,中山區林森北路與新生北路2段28巷口,0,0,1,1,B01,7,1,5,50,4,1,1,4,4,5,7,2,1,4,5,5,1,17,1,61,3,10,3,4,7,8,1,4,1,15,,7,7,1,22,9,121.5254876,25.0539664
111,7,2,13,17,2,03中山區,中山區林森北路與新生北路2段28巷口,0,0,1,2,C03,7,1,5,50,4,1,1,4,4,5,7,2,1,4,5,5,1,17,1,25,2,9,3,4,7,9,1,10,1,14,,42,7,1,22,9,121.5254876,25.0539664
111,7,2,13,18,2,04大安區,大安區忠孝東路4段與光復南路口,0,0,1,1,C03,8,1,5,50,4,1,1,5,4,5,7,1,1,10,5,5,2,15,1,59,3,10,1,1,7,9,1,10,1,11,,25,25,1,22,9,121.5576015,25.0413649
111,7,2,13,18,2,04大安區,大安區忠孝東路4段與光復南路口,0,0,1,2,C03,8,1,5,50,4,1,1,5,4,5,7,1,1,10,5,5,2,15,1,27,2,9,1,1,7,9,1,10,1,11,,44,25,1,22,9,121.5576015,25.0413649
111,7,2,13,21,2,02萬華區,萬華區桂林路240號,0,0,2,1,C03,6,1,5,50,14,9,1,4,4,5,7,1,1,9,4,5,2,16,1,46,3,10,1,1,7,9,1,10,2,12,,17,17,1,22,9,121.4952469,25.0382292
111,7,2,13,21,2,02萬華區,萬華區桂林路240號,0,0,2,2,C03,6,1,5,50,14,9,1,4,4,5,7,1,1,9,4,5,2,16,1,33,2,9,1,1,7,9,1,10,2,14,,17,17,1,22,9,121.4952469,25.0382292
111,7,2,13,21,2,02萬華區,萬華區桂林路240號,0,0,2,3,H02,6,1,5,50,14,9,1,4,4,5,7,1,1,9,4,5,2,16,2,63,2,9,4,5,7,20,8,20,10,16,,67,17,1,22,9,121.4952469,25.0382292
111,7,2,13,30,2,05中正區,中正區濟南路2段與臨沂街口,0,0,1,1,B03,8,1,5,50,4,1,1,5,4,5,7,4,4,5,4,5,2,12,1,39,3,10,1,1,7,11,1,8,2,8,,10,10,1,22,9,121.530152,25.0406032
111,7,2,13,30,2,05中正區,中正區濟南路2段與臨沂街口,0,0,1,2,C03,8,1,5,50,4,1,1,5,4,5,7,4,4,5,4,5,2,12,1,41,2,9,1,1,7,9,1,10,2,12,,23,10,1,22,9,121.530152,25.0406032
111,7,2,13,38,2,02萬華區,萬華區環河快速道路往北過內江街,0,0,1,1,C01,8,1,5,0,14,9,1,5,4,5,7,4,4,10,3,5,2,13,1,26,2,9,1,4,7,8,1,9,1,11,,13,13,1,22,9,121.4999585,25.04215479
111,7,2,13,38,2,02萬華區,萬華區環河快速道路往北過內江街,0,0,1,2,B03,8,1,5,0,14,9,1,5,4,5,7,4,4,10,3,5,2,13,1,44,3,10,3,4,7,9,1,8,1,3,,44,13,1,22,9,121.4999585,25.04215479
111,7,2,14,0,2,03中山區,中山區松江路133巷與南京東路2段115巷口,0,0,2,1,C03,8,1,5,30,4,1,1,5,4,5,7,4,4,10,5,5,2,15,2,53,2,9,3,4,7,9,1,10,1,11,,14,14,1,22,9,121.533639,25.0543609
111,7,2,14,0,2,03中山區,中山區松江路133巷與南京東路2段115巷口,0,0,2,2,C03,8,1,5,30,4,1,1,5,4,5,7,4,4,10,5,5,2,15,1,30,2,9,3,4,7,9,1,10,1,11,,6,14,1,22,9,121.533639,25.0543609
111,7,2,14,1,2,04大安區,大安區羅斯福路2段39號,0,0,1,1,B12,8,1,5,50,14,9,1,5,4,5,7,4,4,3,4,5,2,12,1,47,3,10,1,1,7,9,1,8,1,2,,23,23,1,22,9,121.5220854,25.02774826
111,7,2,14,1,2,04大安區,大安區羅斯福路2段39號,0,0,1,2,C03,8,1,5,50,14,9,1,5,4,5,7,4,4,3,4,5,2,12,2,37,2,7,1,1,7,9,1,10,1,14,,44,23,1,22,9,121.5220854,25.02774826
111,7,2,14,19,2,08士林區,士林區忠誠路2段98巷7弄與忠誠路2段98巷口,0,0,1,1,C03,8,1,5,30,4,1,1,5,4,5,7,4,4,10,5,5,1,17,1,40,2,9,1,1,7,9,1,10,2,12,,6,6,1,21,8,121.5305583,25.11337731
111,7,2,14,19,2,08士林區,士林區忠誠路2段98巷7弄與忠誠路2段98巷口,0,0,1,2,B01,8,1,5,30,4,1,1,5,4,5,7,4,4,10,5,5,1,17,1,63,3,10,1,1,7,9,1,4,2,1,,14,6,1,21,8,121.5305583,25.11337731
111,7,2,14,40,2,06松山區,松山區市民大道6段與松山路口,0,0,1,1,B11,7,1,5,40,14,9,1,5,4,5,7,2,1,9,4,5,2,12,1,24,4,11,3,4,7,15,7,19,11,15,,23,23,2,22,9,121.5776471,25.04955117
111,7,2,14,40,2,06松山區,松山區市民大道6段與松山路口,0,0,1,2,C03,7,1,5,40,14,9,1,5,4,5,7,2,1,9,4,5,2,12,1,52,2,9,1,1,7,7,1,10,2,14,,7,23,1,22,9,121.5776471,25.04955117
111,7,2,14,42,2,03中山區,中山區民生東路3段與合江街口,0,0,1,1,C03,8,1,5,50,4,1,1,5,4,5,7,2,1,5,4,5,2,12,2,32,3,10,1,4,7,9,1,10,11,12,,26,26,1,22,9,121.5391837,25.05799003
111,7,2,14,42,2,03中山區,中山區民生東路3段與合江街口,0,0,1,2,C03,8,1,5,50,4,1,1,5,4,5,7,2,1,5,4,5,2,12,2,20,2,8,1,4,7,5,1,10,1,14,,44,26,1,22,9,121.5391837,25.05799003
111,7,2,14,50,2,03中山區,中山區復興北路與長春路口,0,0,2,1,C03,8,1,5,50,4,1,1,5,4,5,7,1,1,1,3,5,1,16,1,38,2,9,1,4,7,5,1,10,1,14,,44,44,1,22,9,121.5440764,25.05455589
111,7,2,14,50,2,03中山區,中山區復興北路與長春路口,0,0,2,2,C03,8,1,5,50,4,1,1,5,4,5,7,1,1,1,3,5,1,16,1,25,2,9,1,4,7,9,1,10,1,12,,4,44,1,22,9,121.5440764,25.05455589
111,7,2,15,17,2,09北投區,北投區承德路7段139號石牌加油站入口處,0,0,1,1,B03,8,1,5,0,14,9,1,5,4,5,7,4,4,9,4,4,1,12,1,42,3,10,1,1,7,6,1,8,2,5,,9,9,1,22,9,121.5089381,25.11258872
111,7,2,15,17,2,09北投區,北投區承德路7段139號石牌加油站入口處,0,0,1,2,C03,8,1,5,0,14,9,1,5,4,5,7,4,4,9,4,4,1,12,1,24,2,8,1,1,7,9,1,10,2,14,,13,9,1,22,9,121.5089381,25.11258872
111,7,2,15,50,2,09北投區,北投區承德路6段與五分產業道路口,0,0,1,1,B03,8,1,5,60,3,1,1,5,4,5,7,4,4,1,4,4,2,17,1,48,3,10,1,1,7,6,1,8,1,5,,9,9,1,22,9,121.5114363,25.10872704
111,7,2,15,50,2,09北投區,北投區承德路6段與五分產業道路口,0,0,1,2,C03,8,1,5,60,3,1,1,5,4,5,7,4,4,1,4,4,2,17,1,19,2,9,1,1,7,9,1,10,1,14,,44,9,1,22,9,121.5114363,25.10872704
111,7,2,16,0,2,03中山區,中山區市民大道2段與中山北路1段口,0,0,2,1,C03,8,1,5,40,4,1,1,5,4,5,7,2,1,1,4,5,2,13,1,56,2,9,3,4,7,9,1,10,2,14,,23,23,1,22,9,121.520934,25.04820044
111,7,2,16,0,2,03中山區,中山區市民大道2段與中山北路1段口,0,0,2,2,C03,8,1,5,40,4,1,1,5,4,5,7,2,1,1,4,5,2,13,1,24,2,8,3,4,7,9,1,10,2,12,,44,23,1,22,9,121.520934,25.04820044
111,7,2,16,0,2,09北投區,北投區稻香路007燈桿處,0,0,1,1,C03,8,1,5,50,11,9,1,2,4,5,7,4,4,5,5,5,1,29,1,24,3,10,1,1,7,5,1,10,1,15,,43,43,1,22,9,121.4859907,25.1439184
111,7,2,16,0,2,09北投區,北投區稻香路007燈桿處,0,0,1,2,,8,1,5,50,11,9,1,2,4,5,7,4,4,5,5,5,1,29,3,,,,,,,,,,,,,61,43,1,,,121.4859907,25.1439184