發生年度,發生月,發生日,發生時-Hours,發生分,處理別-編號,區序,肇事地點,死亡人數,2-30日死亡人數,受傷人數,當事人序號,車種,天候,光線,道路類別,速限-速度限制,道路型態,事故位置,路面狀況1,路面狀況2,路面狀況3,道路障礙1,道路障礙2,號誌1,號誌2,車道劃分-分向,車道劃分-分道1,車道劃分-分道2,車道劃分-分道3,事故類型及型態,性別,年齡,受傷程度,主要傷處,安全帽,行動電話,車輛用途,當事者行動狀態,駕駛資格情形,駕駛執照種類,飲酒情形,車輛撞擊部位1,車輛撞擊部位2,肇因碼-個別,肇因碼-主要,個人肇逃否,職業,旅次目的,座標-X,座標-Y
111,7,2,16,0,2,09北投區,北投區稻香路007燈桿處,0,0,1,3,H02,8,1,5,50,11,9,1,2,4,5,7,4,4,5,5,5,1,29,2,23,2,9,1,1,7,20,8,20,10,15,,67,43,1,22,9,121.4859907,25.1439184
111,7,2,16,9,2,11南港區,南港區南港路2段146號對面,0,0,1,1,A41,8,1,5,50,14,9,1,5,4,5,7,4,4,5,4,5,2,17,1,53,3,10,1,1,1,9,1,1,9,15,,35,35,1,22,9,121.5998463,25.05340172
111,7,2,16,9,2,11南港區,南港區南港路2段146號對面,0,0,1,2,C03,8,1,5,50,14,9,1,5,4,5,7,4,4,5,4,5,2,17,2,60,2,9,1,1,7,9,6,18,1,11,,44,35,1,22,9,121.5998463,25.05340172
111,7,2,16,11,2,05中正區,中正區中華路2段與汀州路1段口,0,0,1,1,A02,8,1,5,50,4,2,1,5,4,5,7,1,1,5,4,5,2,9,1,56,3,10,1,1,7,15,1,6,11,15,,43,43,1,22,9,121.505095,25.0329292
111,7,2,16,11,2,05中正區,中正區中華路2段與汀州路1段口,0,0,1,2,H02,8,1,5,50,4,2,1,5,4,5,7,1,1,5,4,5,2,9,2,63,2,9,4,5,7,17,8,20,10,16,,67,43,1,22,9,121.505095,25.0329292
111,7,2,16,26,2,03中山區,中山區北安路與崇實路口,0,0,1,1,B03,8,1,5,50,4,1,1,5,4,5,7,1,1,1,3,5,1,16,1,71,4,11,3,4,7,8,7,19,11,15,,7,7,2,22,9,121.5448315,25.07982874
111,7,2,16,26,2,03中山區,中山區北安路與崇實路口,0,0,1,2,C03,8,1,5,50,4,1,1,5,4,5,7,1,1,1,3,5,1,16,1,30,2,9,1,4,7,9,1,10,1,14,,44,7,1,22,9,121.5448315,25.07982874
111,7,2,16,28,2,04大安區,大安區復興南路1段與東豐街口,0,0,1,1,C03,8,1,5,50,4,2,1,5,4,5,7,2,1,9,4,5,1,13,1,24,2,7,1,4,7,9,1,10,1,11,,16,16,1,22,9,121.5437206,25.0358399
111,7,2,16,28,2,04大安區,大安區復興南路1段與東豐街口,0,0,1,2,B03,8,1,5,50,4,2,1,5,4,5,7,2,1,9,4,5,1,13,1,43,3,10,1,4,7,9,1,8,1,3,,44,16,1,22,9,121.5437206,25.0358399
111,7,2,16,28,2,04大安區,大安區復興南路1段與東豐街口,0,0,1,3,B03,8,1,5,50,4,2,1,5,4,5,7,2,1,9,4,5,1,13,1,21,3,10,1,4,7,8,1,8,9,15,,7,16,1,22,9,121.5437206,25.0358399
111,7,2,16,30,2,12內湖區,內湖區成功路3段與星雲街口口,0,0,1,1,C03,8,1,5,40,14,9,1,5,4,4,7,4,4,5,5,5,2,26,1,53,2,9,1,1,7,9,1,10,1,12,,23,23,1,22,9,121.5902421,25.07756987
111,7,2,16,30,2,12內湖區,內湖區成功路3段與星雲街口口,0,0,1,2,,8,1,5,40,14,9,1,5,4,4,7,4,4,5,5,5,2,26,3,,,,,,,,,,,,,67,23,1,,,121.5902421,25.07756987
111,7,2,16,48,2,08士林區,士林區至善路3段263號,0,0,1,1,C03,8,1,5,50,14,9,1,5,4,5,7,4,4,9,4,5,2,16,2,58,2,8,3,4,7,9,1,10,2,11,,23,23,1,22,9,121.5753319,25.1182202
111,7,2,16,48,2,08士林區,士林區至善路3段263號,0,0,1,2,E03,8,1,5,50,14,9,1,5,4,5,7,4,4,9,4,5,2,16,4,,4,11,3,4,7,15,7,19,11,15,,43,23,2,22,9,121.5753319,25.1182202
111,7,2,16,50,2,03中山區,中山區吉林路與農安街125巷口,0,0,1,1,B03,8,1,5,50,4,1,1,5,4,5,7,4,4,9,4,4,2,3,1,21,3,10,3,4,7,5,4,10,2,5,,15,15,1,22,9,121.5303968,25.06568574
111,7,2,16,50,2,03中山區,中山區吉林路與農安街125巷口,0,0,1,2,H01,8,1,5,50,4,1,1,5,4,5,7,4,4,9,4,4,2,3,2,67,2,9,4,5,8,16,8,20,10,16,,67,15,1,22,9,121.5303968,25.06568574
111,7,2,17,11,2,07信義區,信義區和平東路3段與信安街口,0,0,1,1,B03,8,1,5,50,4,1,1,5,4,5,7,2,1,1,4,5,2,17,2,64,3,10,1,1,7,5,1,8,1,1,,6,6,1,21,8,121.5547117,25.02244629
111,7,2,17,11,2,07信義區,信義區和平東路3段與信安街口,0,0,1,2,C03,8,1,5,50,4,1,1,5,4,5,7,2,1,1,4,5,2,17,1,59,2,9,1,1,7,9,1,10,1,14,,44,6,1,21,8,121.5547117,25.02244629
111,7,2,17,15,2,05中正區,中正區忠孝西路1段與館前路口,0,0,1,1,C03,8,1,5,50,4,2,1,5,4,5,7,1,1,7,3,5,2,13,1,41,2,9,1,1,7,9,6,18,2,11,,23,23,1,22,9,121.5150419,25.04668563
111,7,2,17,15,2,05中正區,中正區忠孝西路1段與館前路口,0,0,1,2,B03,8,1,5,50,4,2,1,5,4,5,7,1,1,7,3,5,2,13,1,51,3,10,1,1,7,9,1,8,2,3,,44,23,1,22,9,121.5150419,25.04668563
111,7,2,17,15,2,05中正區,中正區忠孝西路1段與館前路口,0,0,1,3,B12,8,1,5,50,4,2,1,5,4,5,7,1,1,7,3,5,2,13,1,47,3,10,1,1,7,9,1,8,2,8,,44,23,1,22,9,121.5150419,25.04668563
111,7,2,17,15,2,05中正區,中正區忠孝西路1段與館前路口,0,0,1,4,C03,8,1,5,50,4,2,1,5,4,5,7,1,1,7,3,5,2,13,1,24,3,10,1,1,7,9,1,10,9,12,,44,23,1,22,9,121.5150419,25.04668563
111,7,2,17,35,2,05中正區,中正區和平西路1段與重慶南路3段口,0,0,2,1,C03,8,1,5,50,5,1,1,5,4,5,7,1,1,3,4,5,2,17,1,68,2,9,2,1,7,5,1,10,2,11,,26,26,1,22,9,121.5158369,25.02728112
111,7,2,17,35,2,05中正區,中正區和平西路1段與重慶南路3段口,0,0,2,2,C03,8,1,5,50,5,1,1,5,4,5,7,1,1,3,4,5,2,17,1,38,2,9,2,1,7,9,1,10,2,12,,44,26,1,22,9,121.5158369,25.02728112
111,7,2,17,40,2,06松山區,松山區八德路3段與八德路3段12巷口,0,0,1,1,C03,8,1,5,50,3,1,1,5,4,5,7,1,1,9,4,5,2,13,1,33,2,9,1,1,7,9,1,10,1,11,,16,16,1,22,9,121.5507225,25.0481883
111,7,2,17,40,2,06松山區,松山區八德路3段與八德路3段12巷口,0,0,1,2,B03,8,1,5,50,3,1,1,5,4,5,7,1,1,9,4,5,2,13,2,49,3,10,1,1,7,6,1,8,1,7,,44,16,1,22,9,121.5507225,25.0481883
111,7,2,17,40,2,06松山區,松山區八德路3段與八德路3段12巷口,0,0,1,3,C03,8,1,5,50,3,1,1,5,4,5,7,1,1,9,4,5,2,13,1,37,4,11,3,4,7,15,1,10,11,15,,44,16,2,22,9,121.5507225,25.0481883
111,7,2,17,50,2,05中正區,中正區中華路1段與寶慶路口,0,0,1,1,B03,8,1,5,50,5,1,1,5,4,5,7,1,1,1,4,4,2,12,1,56,3,10,1,1,7,6,1,8,2,6,,9,9,1,22,9,121.5084434,25.0420975
111,7,2,17,50,2,05中正區,中正區中華路1段與寶慶路口,0,0,1,2,C03,8,1,5,50,5,1,1,5,4,5,7,1,1,1,4,4,2,12,1,23,2,9,1,1,7,9,1,10,2,11,,44,9,1,22,9,121.5084434,25.0420975
111,7,2,18,8,2,05中正區,中正區忠孝東路1段12號,0,0,1,1,B03,8,1,5,50,14,9,1,5,4,5,7,4,4,9,4,5,2,12,2,53,3,10,1,4,7,9,1,8,1,5,,23,23,1,22,9,121.5219638,25.04506096
111,7,2,18,8,2,05中正區,中正區忠孝東路1段12號,0,0,1,2,B01,8,1,5,50,14,9,1,5,4,5,7,4,4,9,4,5,2,12,1,62,2,8,1,4,7,14,1,4,1,4,,38,23,1,22,9,121.5219638,25.04506096
111,7,2,18,8,2,05中正區,中正區忠孝東路1段12號,0,0,1,3,A02,8,1,5,50,14,9,1,5,4,5,7,4,4,9,4,5,2,12,1,58,3,10,1,1,7,8,1,2,1,15,,7,23,1,22,9,121.5219638,25.04506096
111,7,2,18,40,2,03中山區,中山區濱江街355號,0,0,2,1,B03,8,1,5,50,14,9,1,5,4,5,7,1,1,1,3,4,2,17,1,30,2,2,1,1,7,9,1,8,2,5,,13,13,1,22,9,121.5505505,25.07238947
111,7,2,18,40,2,03中山區,中山區濱江街355號,0,0,2,2,B02,8,1,5,50,14,9,1,5,4,5,7,1,1,1,3,4,2,17,1,39,3,10,3,4,7,13,7,19,11,3,,44,13,1,22,9,121.5505505,25.07238947
111,7,2,18,40,2,03中山區,中山區濱江街355號,0,0,2,3,B03,8,1,5,50,14,9,1,5,4,5,7,1,1,1,3,4,2,17,1,29,3,10,1,1,7,8,1,6,2,2,,7,13,1,22,9,121.5505505,25.07238947
111,7,2,18,40,2,03中山區,中山區濱江街355號,0,0,2,4,B03,8,1,5,50,14,9,1,5,4,5,7,1,1,1,3,4,2,17,1,60,4,11,3,4,7,15,7,19,11,15,,26,13,2,22,9,121.5505505,25.07238947
111,7,2,18,40,2,03中山區,中山區濱江街355號,0,0,2,5,B03,8,1,5,50,14,9,1,5,4,5,7,1,1,1,3,4,2,17,1,35,3,10,3,4,7,13,1,8,11,3,,44,13,1,22,9,121.5505505,25.07238947
111,7,2,18,40,2,03中山區,中山區濱江街355號,0,0,2,6,B11,8,1,5,50,14,9,1,5,4,5,7,1,1,1,3,4,2,17,1,40,3,10,3,1,7,13,1,7,10,3,,44,13,1,22,9,121.5505505,25.07238947
111,7,2,18,40,2,03中山區,中山區濱江街355號,0,0,2,7,C04,8,1,5,50,14,9,1,5,4,5,7,1,1,1,3,4,2,17,1,42,3,10,3,4,7,13,1,11,11,13,,44,13,1,22,8,121.5505505,25.07238947
111,7,2,18,40,2,03中山區,中山區濱江街355號,0,0,2,8,C03,8,1,5,50,14,9,1,5,4,5,7,1,1,1,3,4,2,17,1,55,3,10,3,4,7,13,1,10,11,13,,44,13,1,22,9,121.5505505,25.07238947
111,7,2,18,40,2,03中山區,中山區濱江街355號,0,0,2,9,C04,8,1,5,50,14,9,1,5,4,5,7,1,1,1,3,4,2,17,3,,,,,,,,,,10,,,67,13,1,,,121.5505505,25.07238947
111,7,2,18,40,2,03中山區,中山區濱江街355號,0,0,2,10,C04,8,1,5,50,14,9,1,5,4,5,7,1,1,1,3,4,2,17,3,,,,,,,,,,,,,67,13,1,,,121.5505505,25.07238947
111,7,2,18,40,2,03中山區,中山區濱江街355號,0,0,2,11,C03,8,1,5,50,14,9,1,5,4,5,7,1,1,1,3,4,2,17,2,61,3,10,3,4,7,13,7,19,11,13,,44,13,1,22,9,121.5505505,25.07238947
111,7,2,18,40,2,03中山區,中山區濱江街355號,0,0,2,12,C04,8,1,5,50,14,9,1,5,4,5,7,1,1,1,3,4,2,17,1,42,3,10,3,4,7,13,1,11,11,13,,44,13,1,22,9,121.5505505,25.07238947
111,7,2,18,40,2,03中山區,中山區濱江街355號,0,0,2,13,C03,8,1,5,50,14,9,1,5,4,5,7,1,1,1,3,4,2,17,1,41,3,10,3,4,7,13,1,10,11,13,,44,13,1,22,9,121.5505505,25.07238947
111,7,2,18,40,2,03中山區,中山區濱江街355號,0,0,2,14,B03,8,1,5,50,14,9,1,5,4,5,7,1,1,1,3,4,2,17,1,35,3,10,3,4,7,13,1,8,11,3,,44,13,1,22,9,121.5505505,25.07238947
111,7,2,18,40,2,03中山區,中山區濱江街355號,0,0,2,15,B12,8,1,5,50,14,9,1,5,4,5,7,1,1,1,3,4,2,17,1,38,3,10,3,4,7,13,1,8,11,4,,44,13,1,22,9,121.5505505,25.07238947
111,7,2,18,40,2,03中山區,中山區濱江街355號,0,0,2,16,B12,8,1,5,50,14,9,1,5,4,5,7,1,1,1,3,4,2,17,1,38,3,10,3,4,7,13,1,8,11,4,,44,13,1,22,9,121.5505505,25.07238947
111,7,2,18,40,2,03中山區,中山區濱江街355號,0,0,2,17,B03,8,1,5,50,14,9,1,5,4,5,7,1,1,1,3,4,2,17,1,48,3,10,3,4,7,13,1,8,11,3,,44,13,1,22,9,121.5505505,25.07238947
111,7,2,18,40,2,03中山區,中山區濱江街355號,0,0,2,18,B03,8,1,5,50,14,9,1,5,4,5,7,1,1,1,3,4,2,17,1,35,3,10,3,4,7,13,1,8,11,3,,44,13,1,22,9,121.5505505,25.07238947
111,7,2,18,40,2,03中山區,中山區濱江街355號,0,0,2,19,B03,8,1,5,50,14,9,1,5,4,5,7,1,1,1,3,4,2,17,1,59,3,10,3,4,7,13,1,8,11,3,,44,13,1,22,9,121.5505505,25.07238947
111,7,2,18,40,2,03中山區,中山區濱江街355號,0,0,2,20,H02,8,1,5,50,14,9,1,5,4,5,7,1,1,1,3,4,2,17,2,21,2,9,4,5,7,21,8,20,10,15,,67,13,1,22,9,121.5505505,25.07238947
111,7,2,18,50,2,06松山區,松山區八德路2段451巷與八德路2段口,0,0,2,1,C03,7,3,5,50,3,1,1,5,4,5,7,1,1,8,5,5,2,12,2,32,2,9,1,1,7,8,1,10,2,12,,14,14,1,5,1,121.54737,25.04824776
111,7,2,18,50,2,06松山區,松山區八德路2段451巷與八德路2段口,0,0,2,2,C03,7,3,5,50,3,1,1,5,4,5,7,1,1,8,5,5,2,12,1,24,2,9,1,1,7,9,6,18,2,11,,42,14,1,5,1,121.54737,25.04824776
111,7,2,19,14,2,05中正區,中正區中華路1段85號與中華路1段口,0,0,1,1,B01,8,3,5,50,3,1,1,5,4,5,7,4,4,9,4,1,2,17,1,54,3,10,1,4,7,6,1,4,1,2,,9,9,1,22,9,121.5074277,25.03834206
111,7,2,19,14,2,05中正區,中正區中華路1段85號與中華路1段口,0,0,1,2,C03,8,3,5,50,3,1,1,5,4,5,7,4,4,9,4,1,2,17,1,20,2,9,1,4,7,9,1,10,1,14,,23,9,1,22,9,121.5074277,25.03834206
111,7,2,21,6,2,08士林區,士林區延平北路5段與中正路口,0,0,1,1,B03,8,3,5,50,4,1,1,5,4,5,7,1,1,1,3,5,2,12,2,52,3,10,3,4,7,5,1,8,2,4,,8,8,1,22,9,121.5094126,25.0866061
111,7,2,21,6,2,08士林區,士林區延平北路5段與中正路口,0,0,1,2,C03,8,3,5,50,4,1,1,5,4,5,7,1,1,1,3,5,2,12,2,41,2,9,1,1,7,9,1,10,2,12,,44,8,1,22,9,121.5094126,25.0866061
111,7,2,21,17,2,04大安區,大安區和平東路3段66號,0,0,4,1,C03,8,1,5,50,14,9,1,5,4,3,5,4,4,1,4,5,2,12,2,43,2,9,1,4,7,7,1,10,1,11,,7,7,1,22,9,121.5495971,25.02442786
111,7,2,21,17,2,04大安區,大安區和平東路3段66號,0,0,4,2,C03,8,1,5,50,14,9,1,5,4,3,5,4,4,1,4,5,2,12,2,54,2,9,1,4,7,9,1,10,1,13,,44,7,1,22,9,121.5495971,25.02442786
111,7,2,21,17,2,04大安區,大安區和平東路3段66號,0,0,4,3,H02,8,1,5,50,14,9,1,5,4,3,5,4,4,1,4,5,2,12,2,10,2,9,1,4,7,20,8,20,10,16,,67,7,1,22,9,121.5495971,25.02442786
111,7,2,21,17,2,04大安區,大安區和平東路3段66號,0,0,4,4,H02,8,1,5,50,14,9,1,5,4,3,5,4,4,1,4,5,2,12,2,64,2,7,1,4,7,20,8,20,10,16,,67,7,1,22,9,121.5495971,25.02442786
111,7,2,21,25,2,01大同區,大同區承德路1段與長安西路口,0,0,2,1,C03,8,3,5,50,4,1,1,5,4,1,7,1,1,1,4,5,2,17,1,23,2,7,1,1,7,6,1,10,1,12,,9,9,1,22,9,121.5171294,25.0508392
111,7,2,21,25,2,01大同區,大同區承德路1段與長安西路口,0,0,2,2,C03,8,3,5,50,4,1,1,5,4,1,7,1,1,1,4,5,2,17,1,34,3,10,1,1,7,9,1,10,1,14,,23,9,1,22,9,121.5171294,25.0508392
111,7,2,21,25,2,01大同區,大同區承德路1段與長安西路口,0,0,2,3,H02,8,3,5,50,4,1,1,5,4,1,7,1,1,1,4,5,2,17,2,23,2,8,1,1,7,21,8,20,10,16,,67,9,1,22,9,121.5171294,25.0508392
111,7,2,21,35,2,03中山區,中山區建國北路2段與長春路口,0,0,1,1,B03,7,3,5,50,4,1,1,5,4,5,7,2,1,1,3,5,1,12,1,45,3,10,3,4,7,6,1,4,1,6,,9,9,1,22,9,121.5369741,25.0547358
111,7,2,21,35,2,03中山區,中山區建國北路2段與長春路口,0,0,1,2,C03,7,3,5,50,4,1,1,5,4,5,7,2,1,1,3,5,1,12,1,18,2,8,3,4,7,9,1,10,1,11,,44,9,1,22,9,121.5369741,25.0547358
111,7,2,21,35,2,04大安區,大安區基隆路2段與和平東路3段口,0,0,2,4,H02,8,3,5,50,5,2,1,5,4,5,7,2,1,9,4,5,1,12,1,27,2,8,4,5,7,20,8,20,10,16,,67,7,1,22,9,121.5527316,25.02462699
111,7,2,21,35,2,04大安區,大安區基隆路2段與和平東路3段口,0,0,2,1,C03,8,3,5,50,5,2,1,5,4,5,7,2,1,9,4,5,1,12,1,42,3,10,1,1,7,8,1,10,1,15,,7,7,1,22,9,121.5527316,25.02462699
111,7,2,21,35,2,04大安區,大安區基隆路2段與和平東路3段口,0,0,2,2,C03,8,3,5,50,5,2,1,5,4,5,7,2,1,9,4,5,1,12,2,25,2,8,1,1,7,9,1,10,1,14,,16,7,1,22,9,121.5527316,25.02462699
111,7,2,21,35,2,04大安區,大安區基隆路2段與和平東路3段口,0,0,2,3,C03,8,3,5,50,5,2,1,5,4,5,7,2,1,9,4,5,1,12,2,45,3,10,1,1,7,12,1,10,1,12,,42,7,1,22,9,121.5527316,25.02462699
111,7,2,21,40,2,10文山區,文山區羅斯福路5段157號,0,0,1,1,C03,8,3,5,50,14,9,1,5,4,5,7,1,1,1,4,5,2,12,2,43,2,9,1,1,7,7,1,10,1,14,,7,7,1,22,9,121.5387204,25.00355791
111,7,2,21,40,2,10文山區,文山區羅斯福路5段157號,0,0,1,2,B03,8,3,5,50,14,9,1,5,4,5,7,1,1,1,4,5,2,12,1,40,3,10,1,1,7,9,1,8,1,5,,44,7,1,22,9,121.5387204,25.00355791
111,7,2,21,53,2,10文山區,文山區景文街149號,0,0,1,1,F01,8,3,5,50,14,9,1,5,4,5,7,4,4,5,5,5,2,17,1,27,2,7,1,1,7,9,8,20,2,16,,23,23,1,22,9,121.5409438,24.98966048
111,7,2,21,53,2,10文山區,文山區景文街149號,0,0,1,2,B03,8,3,5,50,14,9,1,5,4,5,7,4,4,5,5,5,2,17,1,31,3,10,1,1,7,14,1,8,2,4,,38,23,1,22,9,121.5409438,24.98966048
111,7,2,21,55,2,08士林區,士林區至善路1段與福林路254巷口,0,0,1,1,C03,8,1,5,40,3,2,1,5,4,5,7,3,1,10,4,4,2,12,1,39,2,9,1,1,7,6,1,10,2,14,,17,17,1,22,9,121.5376769,25.0982416
111,7,2,21,55,2,08士林區,士林區至善路1段與福林路254巷口,0,0,1,2,C03,8,1,5,40,3,2,1,5,4,5,7,3,1,10,4,4,2,12,1,28,3,10,1,1,7,6,1,10,2,14,,17,17,1,22,9,121.5376769,25.0982416
111,7,2,21,55,2,08士林區,士林區至善路1段與福林路254巷口,0,0,1,3,H02,8,1,5,40,3,2,1,5,4,5,7,3,1,10,4,4,2,12,2,54,3,10,1,5,7,17,8,20,10,16,,67,17,1,22,9,121.5376769,25.0982416
111,7,2,22,16,2,09北投區,北投區大屯路與大屯路21巷口,0,0,1,1,C03,8,3,5,30,4,2,1,5,4,5,7,4,4,10,5,5,1,17,2,17,2,9,1,1,7,6,2,18,1,12,,23,23,1,22,9,121.5001992,25.14310453
111,7,2,22,16,2,09北投區,北投區大屯路與大屯路21巷口,0,0,1,2,B03,8,3,5,30,4,2,1,5,4,5,7,4,4,10,5,5,1,17,2,39,3,10,1,1,7,9,1,8,1,5,,5,23,1,22,9,121.5001992,25.14310453
111,7,2,22,20,2,08士林區,士林區基河路15號,0,0,2,1,C03,8,3,5,50,14,9,1,5,4,5,7,4,4,5,4,5,2,12,2,29,2,8,1,1,7,9,1,10,1,11,,23,23,1,22,9,121.5245268,25.08680932
111,7,2,22,20,2,08士林區,士林區基河路15號,0,0,2,2,B03,8,3,5,50,14,9,1,5,4,5,7,4,4,5,4,5,2,12,1,41,3,10,1,1,7,14,1,8,1,6,,44,23,1,22,9,121.5245268,25.08680932
111,7,2,22,20,2,08士林區,士林區基河路15號,0,0,2,3,H02,8,3,5,50,14,9,1,5,4,5,7,4,4,5,4,5,2,12,2,29,2,8,1,1,7,21,8,20,10,16,,67,23,1,22,9,121.5245268,25.08680932
111,7,2,22,27,2,05中正區,中正區重慶南路1段與寶慶路口,0,0,3,1,C03,8,3,5,50,4,1,1,5,4,5,7,1,1,9,4,5,2,17,1,18,2,9,1,4,7,8,1,10,1,13,,7,7,1,22,9,121.5129671,25.04107097
111,7,2,22,27,2,05中正區,中正區重慶南路1段與寶慶路口,0,0,3,3,H02,8,3,5,50,4,1,1,5,4,5,7,1,1,9,4,5,2,17,2,25,2,9,4,5,7,20,8,20,10,16,,67,7,1,22,9,121.5129671,25.04107097
111,7,2,22,27,2,05中正區,中正區重慶南路1段與寶慶路口,0,0,3,2,C03,8,3,5,50,4,1,1,5,4,5,7,1,1,9,4,5,2,17,1,25,2,9,1,4,7,9,1,10,1,11,,13,7,1,22,9,121.5129671,25.04107097
111,7,2,22,31,2,12內湖區,內湖區新明路與新明路380巷口,0,0,1,1,B03,8,3,5,30,4,1,1,5,4,5,7,4,4,9,5,5,2,17,2,49,3,10,1,1,7,9,1,8,1,1,,6,6,1,22,9,121.5804345,25.054747
111,7,2,22,31,2,12內湖區,內湖區新明路與新明路380巷口,0,0,1,2,C03,8,3,5,30,4,1,1,5,4,5,7,4,4,9,5,5,2,17,2,34,2,8,1,1,7,9,1,10,1,12,,44,6,1,22,9,121.5804345,25.054747
111,7,2,23,10,2,03中山區,中山區中山北路2段與民權西路口,0,0,1,1,B01,8,3,5,50,4,1,1,5,4,5,7,2,1,10,5,5,2,16,1,53,3,10,1,1,7,5,1,4,1,2,,6,6,1,22,9,121.5224431,25.06290182
111,7,2,23,10,2,03中山區,中山區中山北路2段與民權西路口,0,0,1,2,C03,8,3,5,50,4,1,1,5,4,5,7,2,1,10,5,5,2,16,2,28,2,9,1,1,7,9,1,10,1,11,,44,6,1,22,9,121.5224431,25.06290182
111,7,2,23,30,2,12內湖區,內湖區金龍隧道與內湖路2段179巷口,0,0,2,1,B03,8,3,5,50,3,1,1,5,4,5,7,1,1,5,4,5,2,13,1,21,2,7,1,1,7,5,1,8,2,1,,13,13,1,22,9,121.5853654,25.08444837
111,7,2,23,30,2,12內湖區,內湖區金龍隧道與內湖路2段179巷口,0,0,2,2,B03,8,3,5,50,3,1,1,5,4,5,7,1,1,5,4,5,2,13,1,41,4,11,3,4,7,13,7,19,11,3,,44,13,1,22,9,121.5853654,25.08444837
111,7,2,23,30,2,12內湖區,內湖區金龍隧道與內湖路2段179巷口,0,0,2,3,B12,8,3,5,50,3,1,1,5,4,5,7,1,1,5,4,5,2,13,1,73,4,11,3,4,7,13,7,19,11,3,,44,13,1,22,9,121.5853654,25.08444837
111,7,2,23,30,2,12內湖區,內湖區金龍隧道與內湖路2段179巷口,0,0,2,4,B03,8,3,5,50,3,1,1,5,4,5,7,1,1,5,4,5,2,13,2,65,4,11,3,4,7,13,7,19,11,3,,44,13,1,22,9,121.5853654,25.08444837
111,7,2,23,30,2,12內湖區,內湖區金龍隧道與內湖路2段179巷口,0,0,2,5,B03,8,3,5,50,3,1,1,5,4,5,7,1,1,5,4,5,2,13,1,48,4,11,3,4,7,15,7,19,11,15,,44,13,2,22,9,121.5853654,25.08444837
111,7,2,23,30,2,12內湖區,內湖區金龍隧道與內湖路2段179巷口,0,0,2,6,B03,8,3,5,50,3,1,1,5,4,5,7,1,1,5,4,5,2,13,1,46,4,11,3,4,7,13,7,19,11,3,,44,13,1,22,9,121.5853654,25.08444837
111,7,2,23,30,2,12內湖區,內湖區金龍隧道與內湖路2段179巷口,0,0,2,7,H02,8,3,5,50,3,1,1,5,4,5,7,1,1,5,4,5,2,13,1,21,2,1,4,5,7,21,8,20,10,16,,67,13,1,22,9,121.5853654,25.08444837
111,7,3,0,15,2,12內湖區,內湖區內湖路2段與內湖路2段103巷口,0,0,3,1,C03,8,1,5,50,4,1,1,5,4,5,7,1,1,5,5,5,1,15,1,19,2,9,3,4,7,15,1,10,1,11,,25,42,1,22,9,121.5828157,25.0797795
111,7,3,0,15,2,12內湖區,內湖區內湖路2段與內湖路2段103巷口,0,0,3,2,C03,8,1,5,50,4,1,1,5,4,5,7,1,1,5,5,5,1,15,1,29,2,9,3,4,7,9,1,10,1,12,,44,42,1,22,9,121.5828157,25.0797795
111,7,3,0,15,2,12內湖區,內湖區內湖路2段與內湖路2段103巷口,0,0,3,3,H02,8,1,5,50,4,1,1,5,4,5,7,1,1,5,5,5,1,15,1,19,2,9,3,5,7,20,8,20,10,16,,67,42,1,22,9,121.5828157,25.0797795
111,7,3,0,16,2,02萬華區,萬華區西寧南路235號,0,0,2,1,C03,8,3,5,50,14,9,1,5,4,5,7,4,4,10,4,5,2,16,1,25,2,8,1,1,7,7,1,10,1,14,,7,7,1,22,9,121.5061551,25.04022874
111,7,3,0,16,2,02萬華區,萬華區西寧南路235號,0,0,2,2,C03,8,3,5,50,14,9,1,5,4,5,7,4,4,10,4,5,2,16,1,23,2,9,1,1,7,9,1,10,1,11,,14,7,1,22,9,121.5061551,25.04022874
111,7,3,0,16,2,02萬華區,萬華區西寧南路235號,0,0,2,3,B03,8,3,5,50,14,9,1,5,4,5,7,4,4,10,4,5,2,16,1,42,3,10,2,1,7,13,1,8,11,2,,44,7,1,22,9,121.5061551,25.04022874
111,7,3,0,30,2,08士林區,士林區中正路與重慶北路4段口,0,0,1,1,B03,8,3,5,50,3,1,1,5,4,5,7,4,4,1,4,5,2,17,1,25,3,10,3,4,7,5,1,8,2,2,,6,6,1,22,9,121.5098417,25.08671929
111,7,3,0,30,2,08士林區,士林區中正路與重慶北路4段口,0,0,1,2,C03,8,3,5,50,3,1,1,5,4,5,7,4,4,1,4,5,2,17,1,20,2,9,1,1,7,9,1,10,2,14,,23,6,1,22,9,121.5098417,25.08671929
111,7,3,0,30,2,08士林區,士林區中正路與重慶北路4段口,0,0,1,3,C03,8,3,5,50,3,1,1,5,4,5,7,4,4,1,4,5,2,17,1,45,3,10,3,4,7,13,7,19,11,14,,38,6,1,22,9,121.5098417,25.08671929
111,7,3,0,30,2,08士林區,士林區中正路與重慶北路4段口,0,0,1,4,C03,8,3,5,50,3,1,1,5,4,5,7,4,4,1,4,5,2,17,2,25,3,10,3,4,7,13,7,19,11,14,,38,6,1,22,9,121.5098417,25.08671929
111,7,3,1,40,2,08士林區,士林區士東路與德行東路109巷口,0,0,1,1,C03,7,3,5,50,5,1,1,5,4,5,7,3,1,5,5,5,1,16,1,39,2,7,1,1,7,9,1,10,9,12,,6,6,1,22,9,121.5289788,25.112123