發生年度,發生月,發生日,發生時-Hours,發生分,處理別-編號,區序,肇事地點,死亡人數,2-30日死亡人數,受傷人數,當事人序號,車種,天候,光線,道路類別,速限-速度限制,道路型態,事故位置,路面狀況1,路面狀況2,路面狀況3,道路障礙1,道路障礙2,號誌1,號誌2,車道劃分-分向,車道劃分-分道1,車道劃分-分道2,車道劃分-分道3,事故類型及型態,性別,年齡,受傷程度,主要傷處,安全帽,行動電話,車輛用途,當事者行動狀態,駕駛資格情形,駕駛執照種類,飲酒情形,車輛撞擊部位1,車輛撞擊部位2,肇因碼-個別,肇因碼-主要,個人肇逃否,職業,旅次目的,座標-X,座標-Y
111,7,3,1,40,2,08士林區,士林區士東路與德行東路109巷口,0,0,1,2,B03,7,3,5,50,5,1,1,5,4,5,7,3,1,5,5,5,1,16,1,20,3,10,1,1,7,9,1,8,9,5,,44,6,1,22,9,121.5289788,25.112123
111,7,3,2,35,2,04大安區,大安區大安路1段與敦化南路1段252巷口,0,0,2,1,B01,7,3,5,30,4,1,1,5,4,5,7,3,1,10,5,5,2,15,1,48,2,3,3,4,7,9,1,4,1,8,,6,6,1,22,9,121.5461033,25.03973614
111,7,3,2,35,2,04大安區,大安區大安路1段與敦化南路1段252巷口,0,0,2,2,B01,7,3,5,30,4,1,1,5,4,5,7,3,1,10,5,5,2,15,1,50,2,3,3,4,7,9,1,4,1,5,,14,6,1,22,9,121.5461033,25.03973614
111,7,3,6,45,2,01大同區,大同區民權西路與蘭州街口,0,0,2,1,C03,8,1,5,50,3,2,1,5,4,5,7,1,1,9,4,5,1,12,1,33,2,9,1,1,7,5,1,10,1,13,,8,8,1,22,9,121.514132,25.06280106
111,7,3,6,45,2,01大同區,大同區民權西路與蘭州街口,0,0,2,2,C03,8,1,5,50,3,2,1,5,4,5,7,1,1,9,4,5,1,12,1,27,2,2,1,1,7,9,1,10,1,11,,14,8,1,22,9,121.514132,25.06280106
111,7,3,6,59,2,09北投區,北投區三合街2段與崇仁路1段口,0,0,1,2,C03,8,1,5,50,4,1,1,5,4,5,7,2,1,5,5,5,2,15,1,54,2,9,1,1,7,9,1,10,2,12,,44,25,1,22,9,121.5015425,25.12637529
111,7,3,6,59,2,09北投區,北投區三合街2段與崇仁路1段口,0,0,1,1,B03,8,1,5,50,4,1,1,5,4,5,7,2,1,5,5,5,2,15,1,68,3,10,1,1,7,9,1,8,2,1,,25,25,1,22,9,121.5015425,25.12637529
111,7,3,7,2,2,10文山區,文山區興隆路2段153巷與興隆路2段153巷6弄口,0,0,1,1,B03,8,1,5,30,4,1,1,5,4,3,5,4,4,10,5,5,2,16,1,21,3,10,2,1,7,6,1,8,2,8,,9,9,1,22,9,121.5480349,25.0011583
111,7,3,7,2,2,10文山區,文山區興隆路2段153巷與興隆路2段153巷6弄口,0,0,1,2,C03,8,1,5,30,4,1,1,5,4,3,5,4,4,10,5,5,2,16,2,35,2,9,1,1,7,9,1,10,9,11,,14,9,1,22,9,121.5480349,25.0011583
111,7,3,7,2,2,10文山區,文山區興隆路2段153巷與興隆路2段153巷6弄口,0,0,1,3,B03,8,1,5,30,4,1,1,5,4,3,5,4,4,10,5,5,2,16,1,25,3,10,3,1,7,13,1,8,9,15,,38,9,1,22,9,121.5480349,25.0011583
111,7,3,7,23,2,07信義區,信義區松山路615巷與松山路541巷14弄口,0,0,1,1,C03,8,1,5,30,3,1,1,5,4,3,5,4,4,10,5,5,2,16,1,31,3,10,1,1,7,6,1,10,1,11,,6,6,1,22,9,121.5788108,25.036801
111,7,3,7,23,2,07信義區,信義區松山路615巷與松山路541巷14弄口,0,0,1,2,C03,8,1,5,30,3,1,1,5,4,3,5,4,4,10,5,5,2,16,1,45,2,9,1,1,7,9,1,10,1,14,,44,6,1,22,9,121.5788108,25.036801
111,7,3,7,23,2,07信義區,信義區松山路615巷與松山路541巷14弄口,0,0,1,3,B12,8,1,5,30,3,1,1,5,4,3,5,4,4,10,5,5,2,16,1,63,3,10,3,4,7,13,1,8,11,15,,38,6,1,22,9,121.5788108,25.036801
111,7,3,9,15,2,01大同區,大同區民權西路與延平北路2段口,0,0,1,2,C03,8,1,5,50,3,2,1,5,4,5,7,1,1,9,4,5,1,13,2,29,2,2,1,1,7,9,1,10,1,13,,43,43,1,22,9,121.5112205,25.0627882
111,7,3,9,15,2,01大同區,大同區民權西路與延平北路2段口,0,0,1,1,C03,8,1,5,50,3,2,1,5,4,5,7,1,1,9,4,5,1,13,1,22,3,10,1,1,7,9,1,10,1,11,,43,43,1,22,9,121.5112205,25.0627882
111,7,3,9,50,2,07信義區,信義區永吉路120巷與永吉路120巷22弄口,0,0,2,1,F01,8,1,5,30,4,1,1,5,4,5,7,4,4,9,4,5,2,15,2,73,2,9,1,1,7,9,8,20,1,16,,6,6,1,22,9,121.570258,25.0446978
111,7,3,9,50,2,07信義區,信義區永吉路120巷與永吉路120巷22弄口,0,0,2,2,C04,8,1,5,30,4,1,1,5,4,5,7,4,4,9,4,5,2,15,2,63,2,9,3,4,7,9,1,11,1,11,,14,6,1,22,9,121.570258,25.0446978
111,7,3,10,5,2,08士林區,士林區至誠路2段與雨聲街口,0,0,1,1,B03,8,1,5,30,4,2,1,5,4,5,7,2,1,9,5,5,1,17,1,46,3,10,1,1,7,11,1,8,1,8,,10,10,1,22,9,121.5291384,25.10185669
111,7,3,10,5,2,08士林區,士林區至誠路2段與雨聲街口,0,0,1,2,C03,8,1,5,30,4,2,1,5,4,5,7,2,1,9,5,5,1,17,1,34,2,8,1,1,7,9,1,10,1,12,,23,10,1,22,9,121.5291384,25.10185669
111,7,3,10,17,2,10文山區,文山區羅斯福路5段185號,0,0,1,1,A02,8,1,5,50,14,9,1,5,4,5,7,4,4,1,4,5,2,13,1,41,3,10,1,1,7,8,1,2,1,6,,7,7,1,22,9,121.5388368,25.00275835
111,7,3,10,17,2,10文山區,文山區羅斯福路5段185號,0,0,1,2,C03,8,1,5,50,14,9,1,5,4,5,7,4,4,1,4,5,2,13,2,32,2,9,1,1,7,9,1,10,1,11,,23,7,1,22,9,121.5388368,25.00275835
111,7,3,10,19,2,05中正區,中正區羅斯福路3段126號,0,0,1,1,B03,8,1,5,50,14,9,1,5,4,5,7,4,4,1,4,5,2,12,1,64,3,10,1,1,7,8,1,8,2,2,,7,7,1,22,9,121.5274676,25.02119841
111,7,3,10,19,2,05中正區,中正區羅斯福路3段126號,0,0,1,2,C03,8,1,5,50,14,9,1,5,4,5,7,4,4,1,4,5,2,12,2,18,2,9,1,1,7,9,1,10,2,14,,44,7,1,22,9,121.5274676,25.02119841
111,7,3,10,19,2,05中正區,中正區羅斯福路3段126號,0,0,1,3,C03,8,1,5,50,14,9,1,5,4,5,7,4,4,1,4,5,2,12,1,31,3,10,1,1,7,13,1,10,9,11,,44,7,1,22,9,121.5274676,25.02119841
111,7,3,10,33,2,08士林區,士林區中正路270號,0,0,1,1,B03,8,1,5,50,14,9,4,5,4,5,7,4,4,3,4,5,2,17,1,83,3,10,1,1,7,1,1,8,1,1,,43,43,1,22,9,121.5241354,25.09495505
111,7,3,10,33,2,08士林區,士林區中正路270號,0,0,1,2,C03,8,1,5,50,14,9,4,5,4,5,7,4,4,3,4,5,2,17,1,59,2,8,1,1,7,14,1,10,1,15,,43,43,1,22,9,121.5241354,25.09495505
111,7,3,10,40,2,08士林區,士林區延平北路7段社子堤外自行車道,0,0,1,1,F01,8,1,8,0,15,22,1,5,4,5,7,4,4,10,5,5,1,10,2,11,3,10,1,1,7,1,8,20,1,16,,19,19,1,22,9,121.4972279,25.09695912
111,7,3,10,40,2,08士林區,士林區延平北路7段社子堤外自行車道,0,0,1,2,F01,8,1,8,0,15,22,1,5,4,5,7,4,4,10,5,5,1,10,2,41,2,9,1,1,7,9,8,20,1,16,,44,19,1,22,9,121.4972279,25.09695912
111,7,3,12,0,2,01大同區,大同區承德路3段172號,0,0,1,1,B01,8,1,5,50,14,9,1,5,4,5,7,4,4,1,4,5,2,12,1,63,3,10,3,4,7,7,1,4,1,7,,7,7,1,22,9,121.5183703,25.06904846
111,7,3,12,0,2,01大同區,大同區承德路3段172號,0,0,1,2,C03,8,1,5,50,14,9,1,5,4,5,7,4,4,1,4,5,2,12,1,42,2,9,1,4,7,9,1,10,1,12,,16,7,1,22,9,121.5183703,25.06904846
111,7,3,13,50,2,01大同區,大同區忠孝西路2段與環河北路1段口,0,0,3,1,C03,8,1,5,50,3,2,1,5,4,5,7,2,1,5,4,5,2,17,1,23,2,8,1,4,7,9,1,10,1,12,,43,43,1,22,9,121.5062366,25.04927513
111,7,3,13,50,2,01大同區,大同區忠孝西路2段與環河北路1段口,0,0,3,2,C03,8,1,5,50,3,2,1,5,4,5,7,2,1,5,4,5,2,17,2,44,2,8,1,4,7,6,1,10,1,14,,43,43,1,22,9,121.5062366,25.04927513
111,7,3,13,50,2,01大同區,大同區忠孝西路2段與環河北路1段口,0,0,3,3,H02,8,1,5,50,3,2,1,5,4,5,7,2,1,5,4,5,2,17,1,31,2,8,1,5,7,20,8,20,10,16,,67,43,1,22,9,121.5062366,25.04927513
111,7,3,13,50,2,07信義區,信義區信義路5段與基隆路1段口,0,0,1,1,B03,8,1,5,50,4,1,1,5,4,5,7,1,1,1,4,5,1,12,1,67,3,10,1,1,7,6,1,8,1,2,,9,9,1,22,9,121.5596231,25.032937
111,7,3,13,50,2,07信義區,信義區信義路5段與基隆路1段口,0,0,1,2,C03,8,1,5,50,4,1,1,5,4,5,7,1,1,1,4,5,1,12,1,58,2,7,1,1,7,9,1,10,1,14,,26,9,1,22,9,121.5596231,25.032937
111,7,3,14,20,2,03中山區,中山區吉林路與新生北路2段149巷口,0,0,1,1,B03,8,1,5,30,4,1,1,5,4,5,7,4,4,9,4,4,2,15,2,65,3,10,3,4,7,9,1,8,1,1,,6,6,1,22,9,121.5302673,25.0620123
111,7,3,14,20,2,03中山區,中山區吉林路與新生北路2段149巷口,0,0,1,2,C03,8,1,5,30,4,1,1,5,4,5,7,4,4,9,4,4,2,15,2,25,2,7,3,4,7,9,1,10,1,14,,44,6,1,6,9,121.5302673,25.0620123
111,7,3,14,33,2,03中山區,中山區錦州街與松江路口,0,0,2,1,C03,8,1,5,50,4,1,1,5,4,5,7,1,1,3,4,5,2,15,1,51,2,9,1,1,7,9,1,10,1,12,,25,25,1,22,9,121.5331036,25.06032595
111,7,3,14,33,2,03中山區,中山區錦州街與松江路口,0,0,2,2,C03,8,1,5,50,4,1,1,5,4,5,7,1,1,3,4,5,2,15,1,20,2,9,1,1,7,9,1,10,1,11,,13,25,1,22,9,121.5331036,25.06032595
111,7,3,14,38,2,12內湖區,內湖區內湖路1段與內湖路1段518巷口,0,0,1,1,B03,8,1,5,50,3,2,1,5,4,5,7,4,4,1,4,4,2,17,2,31,3,10,1,1,7,6,1,8,1,6,,9,9,1,22,9,121.5740811,25.0803802
111,7,3,14,38,2,12內湖區,內湖區內湖路1段與內湖路1段518巷口,0,0,1,2,C03,8,1,5,50,3,2,1,5,4,5,7,4,4,1,4,4,2,17,1,30,2,9,1,1,7,9,1,10,1,11,,44,9,1,22,9,121.5740811,25.0803802
111,7,3,14,43,2,06松山區,松山區八德路4段399號,0,0,2,1,B12,8,1,5,50,14,9,1,5,4,5,7,2,1,9,4,5,2,17,1,40,3,10,1,1,7,6,1,8,2,1,,23,23,1,22,9,121.5690216,25.04937201
111,7,3,14,43,2,06松山區,松山區八德路4段399號,0,0,2,2,C03,8,1,5,50,14,9,1,5,4,5,7,2,1,9,4,5,2,17,1,26,2,9,1,1,7,5,1,9,2,14,,8,23,1,22,9,121.5690216,25.04937201
111,7,3,14,43,2,06松山區,松山區八德路4段399號,0,0,2,3,H02,8,1,5,50,14,9,1,5,4,5,7,2,1,9,4,5,2,17,2,26,2,9,4,5,7,21,8,20,10,16,,67,23,1,22,9,121.5690216,25.04937201
111,7,3,15,0,2,09北投區,北投區知行路212號,0,0,1,1,B03,8,1,5,50,14,9,1,5,4,5,7,4,4,5,4,5,2,12,1,39,3,10,1,1,7,11,1,8,2,4,,10,10,1,22,9,121.4669843,25.1197126
111,7,3,15,0,2,09北投區,北投區知行路212號,0,0,1,2,C03,8,1,5,50,14,9,1,5,4,5,7,4,4,5,4,5,2,12,1,36,2,7,1,1,7,9,1,10,2,11,,44,10,1,22,9,121.4669843,25.1197126
111,7,3,15,3,2,12內湖區,內湖區康樂隧道東向西,0,0,1,1,C03,8,3,5,50,6,11,1,5,4,5,7,4,4,5,4,4,2,18,1,26,2,9,1,1,7,9,1,10,1,14,,42,42,1,22,9,121.620514,25.0793186
111,7,3,15,3,2,12內湖區,內湖區康樂隧道東向西,0,0,1,2,,8,3,5,50,6,11,1,5,4,5,7,4,4,5,4,4,2,18,3,,,,,,,,,,,,,67,42,1,,,121.620514,25.0793186
111,7,3,15,30,2,05中正區,中正區羅斯福路4段16號,0,0,1,1,C03,8,1,5,50,14,9,1,5,4,5,7,4,4,3,4,5,2,13,1,65,2,7,1,1,7,9,1,10,1,11,,16,16,1,22,9,121.5331512,25.01578353
111,7,3,15,30,2,05中正區,中正區羅斯福路4段16號,0,0,1,2,B03,8,1,5,50,14,9,1,5,4,5,7,4,4,3,4,5,2,13,1,29,3,10,1,1,7,9,1,8,1,6,,44,16,1,22,9,121.5331512,25.01578353
111,7,3,15,35,2,01大同區,大同區重慶北路2段與蘭州街口,0,0,1,1,B03,8,1,5,50,3,2,1,5,4,5,7,4,4,9,4,5,1,12,1,44,3,10,1,1,7,6,1,8,1,2,,9,9,1,22,9,121.5136999,25.06180459
111,7,3,15,35,2,01大同區,大同區重慶北路2段與蘭州街口,0,0,1,2,C03,8,1,5,50,3,2,1,5,4,5,7,4,4,9,4,5,1,12,1,18,2,9,1,1,7,9,1,10,1,14,,14,9,1,22,9,121.5136999,25.06180459
111,7,3,16,4,2,03中山區,中山區北安路與劍南路口,0,0,2,1,F01,8,1,5,50,3,1,1,5,4,5,7,1,1,1,4,5,2,16,1,21,2,9,3,4,7,9,8,20,1,16,,25,25,1,22,9,121.5538614,25.085274
111,7,3,16,4,2,03中山區,中山區北安路與劍南路口,0,0,2,2,C03,8,1,5,50,3,1,1,5,4,5,7,1,1,1,4,5,2,16,2,73,2,9,3,4,7,1,1,10,1,11,,44,25,1,22,9,121.5538614,25.085274
111,7,3,17,18,2,04大安區,大安區羅斯福路5段與羅斯福路4段123巷口,0,0,1,1,C03,8,3,5,50,3,1,1,5,4,5,7,4,4,1,4,5,2,17,2,63,3,10,3,4,7,6,1,10,1,13,,9,9,1,22,9,121.5374845,25.01007526
111,7,3,17,18,2,04大安區,大安區羅斯福路5段與羅斯福路4段123巷口,0,0,1,2,C04,8,3,5,50,3,1,1,5,4,5,7,4,4,1,4,5,2,17,2,24,2,9,3,4,7,9,1,10,1,11,,44,9,1,22,9,121.5374845,25.01007526
111,7,3,17,45,2,05中正區,中正區汀州路3段90號,0,0,2,1,C03,8,1,5,50,14,9,1,5,4,5,7,4,4,5,4,5,2,6,1,28,2,9,1,1,7,9,1,10,2,11,,23,23,1,22,9,121.5326905,25.01472275
111,7,3,17,45,2,05中正區,中正區汀州路3段90號,0,0,2,2,H01,8,1,5,50,14,9,1,5,4,5,7,4,4,5,4,5,2,6,1,16,2,9,4,5,8,18,8,20,1,16,,51,23,1,22,9,121.5326905,25.01472275
111,7,3,18,16,2,05中正區,中正區忠孝東路1段與林森北路口,0,0,1,1,C03,8,1,5,50,4,2,1,5,4,5,7,2,1,3,4,5,1,3,1,54,3,10,1,1,7,9,1,9,1,12,,15,15,1,22,9,121.5235121,25.0448656
111,7,3,18,16,2,05中正區,中正區忠孝東路1段與林森北路口,0,0,1,2,H01,8,1,5,50,4,2,1,5,4,5,7,2,1,3,4,5,1,3,1,22,2,8,4,5,8,20,8,20,10,16,,67,15,1,22,9,121.5235121,25.0448656
111,7,3,18,30,2,09北投區,北投區致遠二路118號前,0,0,1,1,B01,7,3,5,50,14,9,1,5,4,5,7,1,1,5,5,5,2,13,1,42,3,10,1,1,7,9,1,3,1,5,,23,23,1,22,9,121.5129823,25.1173226
111,7,3,18,30,2,09北投區,北投區致遠二路118號前,0,0,1,2,C03,7,3,5,50,14,9,1,5,4,5,7,1,1,5,5,5,2,13,2,56,2,8,2,1,7,14,1,10,1,13,,44,23,1,22,9,121.5129823,25.1173226
111,7,3,18,40,2,07信義區,信義區市民大道5段與東興路口,0,0,1,1,C04,8,1,5,50,4,2,1,5,4,5,7,2,1,1,4,5,2,17,2,28,2,9,3,4,7,9,1,8,11,12,,25,25,1,22,9,121.5657498,25.0481461
111,7,3,18,40,2,07信義區,信義區市民大道5段與東興路口,0,0,1,2,B01,8,1,5,50,4,2,1,5,4,5,7,2,1,1,4,5,2,17,1,49,3,10,3,4,7,5,1,4,11,1,,23,25,1,22,9,121.5657498,25.0481461
111,7,3,19,10,2,04大安區,大安區延吉街與延吉街126巷口口,0,0,2,1,C03,8,3,5,30,4,1,1,5,4,5,7,4,4,5,5,5,2,15,2,37,2,9,3,4,7,9,1,10,1,15,,6,6,1,22,9,121.5547536,25.04028773
111,7,3,19,10,2,04大安區,大安區延吉街與延吉街126巷口口,0,0,2,2,C03,8,3,5,30,4,1,1,5,4,5,7,4,4,5,5,5,2,15,1,23,2,9,3,4,7,9,1,10,1,12,,14,6,1,22,9,121.5547536,25.04028773
111,7,3,19,50,2,06松山區,松山區南京東路4段186-1號,0,0,1,1,B03,8,3,5,50,14,9,1,5,4,5,7,2,1,1,4,1,2,16,2,32,3,10,1,1,7,11,1,8,11,1,,10,10,1,22,9,121.557864,25.05131415
111,7,3,19,50,2,06松山區,松山區南京東路4段186-1號,0,0,1,2,C03,8,3,5,50,14,9,1,5,4,5,7,2,1,1,4,1,2,16,1,40,2,9,1,1,7,9,1,10,11,14,,44,10,1,22,9,121.557864,25.05131415
111,7,3,19,58,2,06松山區,松山區光復北路與民生東路4段口,0,0,3,1,C03,8,3,5,50,4,2,1,5,4,5,7,4,4,8,3,4,2,12,1,27,2,9,1,1,7,8,1,10,2,12,,7,7,1,9,5,121.5551638,25.05836459
111,7,3,19,58,2,06松山區,松山區光復北路與民生東路4段口,0,0,3,2,C03,8,3,5,50,4,2,1,5,4,5,7,4,4,8,3,4,2,12,2,19,2,9,1,1,7,9,1,10,2,14,,23,7,1,18,2,121.5551638,25.05836459
111,7,3,19,58,2,06松山區,松山區光復北路與民生東路4段口,0,0,3,3,H02,8,3,5,50,4,2,1,5,4,5,7,4,4,8,3,4,2,12,2,28,2,9,4,5,7,21,8,20,10,16,,67,7,1,5,5,121.5551638,25.05836459
111,7,3,20,30,2,08士林區,士林區中山北路4段與通河街口,0,0,4,1,C03,8,1,5,50,3,2,1,5,4,5,7,1,1,9,4,5,1,16,1,27,2,8,1,1,7,11,1,10,1,14,,10,10,1,22,9,121.5244324,25.07986645
111,7,3,20,30,2,08士林區,士林區中山北路4段與通河街口,0,0,4,2,C03,8,1,5,50,3,2,1,5,4,5,7,1,1,9,4,5,1,16,2,27,2,9,1,1,7,11,1,10,1,11,,23,10,1,22,9,121.5244324,25.07986645
111,7,3,20,30,2,08士林區,士林區中山北路4段與通河街口,0,0,4,3,H02,8,1,5,50,3,2,1,5,4,5,7,1,1,9,4,5,1,16,1,27,2,9,1,1,7,20,8,20,10,16,,67,10,1,22,9,121.5244324,25.07986645
111,7,3,20,30,2,08士林區,士林區中山北路4段與通河街口,0,0,4,4,H02,8,1,5,50,3,2,1,5,4,5,7,1,1,9,4,5,1,16,1,12,2,9,1,1,7,20,8,20,10,16,,67,10,1,22,9,121.5244324,25.07986645
111,7,3,20,42,2,02萬華區,萬華區中華路2段與和平西路2段口,0,0,1,1,A12,8,3,5,50,4,1,1,5,4,5,7,1,1,1,4,5,2,17,1,53,3,10,1,4,7,5,1,7,2,5,,6,6,1,22,9,121.5052448,25.0333752
111,7,3,20,42,2,02萬華區,萬華區中華路2段與和平西路2段口,0,0,1,2,C03,8,3,5,50,4,1,1,5,4,5,7,1,1,1,4,5,2,17,1,46,2,9,1,4,7,9,1,10,2,11,,13,6,1,22,9,121.5052448,25.0333752
111,7,3,21,27,2,03中山區,中山區市民高架道金山北路上方(西向),0,0,1,1,C02,7,3,5,60,10,7,1,5,4,5,7,4,4,1,3,5,2,13,1,21,2,8,1,1,7,9,4,10,2,11,,16,16,1,22,9,121.5306516,25.04610842
111,7,3,21,27,2,03中山區,中山區市民高架道金山北路上方(西向),0,0,1,2,B02,7,3,5,60,10,7,1,5,4,5,7,4,4,1,3,5,2,13,1,41,3,10,1,1,7,9,1,8,2,3,,44,16,1,22,9,121.5306516,25.04610842
111,7,3,21,51,2,05中正區,中正區汀州路1段與西藏路口,0,0,1,1,B03,8,3,5,50,4,1,1,5,4,5,7,1,1,5,4,5,2,17,1,35,3,10,1,1,7,5,1,8,2,8,,6,6,1,22,9,121.5071157,25.03068278
111,7,3,21,51,2,05中正區,中正區汀州路1段與西藏路口,0,0,1,2,F01,8,3,5,50,4,1,1,5,4,5,7,1,1,5,4,5,2,17,1,61,2,9,1,1,7,9,8,20,2,16,,29,6,1,22,9,121.5071157,25.03068278
111,7,3,21,55,2,11南港區,南港區玉成街52巷2弄1號與玉成街口,0,0,1,1,B03,8,3,5,30,4,1,1,5,4,5,7,4,4,4,5,5,2,15,2,33,3,10,3,4,7,1,1,8,1,5,,19,19,1,22,9,121.5814694,25.0480064
111,7,3,21,55,2,11南港區,南港區玉成街52巷2弄1號與玉成街口,0,0,1,2,C03,8,3,5,30,4,1,1,5,4,5,7,4,4,4,5,5,2,15,1,28,2,9,1,4,7,9,1,10,1,11,,13,19,1,22,9,121.5814694,25.0480064
111,7,3,21,58,2,09北投區,北投區三合街1段117巷38弄18號,0,0,1,2,H01,8,3,5,30,11,9,1,5,4,5,7,4,4,10,5,5,1,8,1,52,2,9,4,5,8,17,8,20,1,16,,67,43,1,22,9,121.5035821,25.12527494
111,7,3,21,58,2,09北投區,北投區三合街1段117巷38弄18號,0,0,1,1,B03,8,3,5,30,11,9,1,5,4,5,7,4,4,10,5,5,1,8,1,32,3,10,1,1,7,9,1,8,1,8,,43,43,1,22,9,121.5035821,25.12527494
111,7,3,22,10,2,05中正區,中正區惠安街與南海路口,0,0,1,1,B01,7,3,5,50,15,18,1,5,4,5,7,2,1,4,4,5,1,2,1,64,3,10,1,1,7,5,1,4,1,1,,15,15,1,22,9,121.5081087,25.02816103
111,7,3,22,10,2,05中正區,中正區惠安街與南海路口,0,0,1,2,H01,7,3,5,50,15,18,1,5,4,5,7,2,1,4,4,5,1,2,1,30,2,9,4,5,8,16,8,20,10,16,,67,15,1,22,9,121.5081087,25.02816103
111,7,3,22,25,2,10文山區,文山區汀州路4段與溪洲街口,0,0,1,1,C03,8,3,5,50,14,9,1,5,4,5,7,3,1,5,5,5,2,13,2,19,2,9,1,1,7,9,1,10,1,11,,16,16,1,22,9,121.5361658,25.00613317
111,7,3,22,25,2,10文山區,文山區汀州路4段與溪洲街口,0,0,1,2,C04,8,3,5,50,14,9,1,5,4,5,7,3,1,5,5,5,2,13,2,23,3,10,1,1,7,9,1,11,1,13,,44,16,1,22,9,121.5361658,25.00613317
111,7,3,22,47,2,02萬華區,萬華區忠孝西路2段與忠孝西路2段16巷口,0,0,1,1,B03,8,3,5,50,3,1,1,5,4,5,7,4,4,1,5,5,2,16,1,22,3,10,1,1,7,6,1,8,1,2,,9,9,1,22,9,121.508559,25.04824892
111,7,3,22,47,2,02萬華區,萬華區忠孝西路2段與忠孝西路2段16巷口,0,0,1,2,C03,8,3,5,50,3,1,1,5,4,5,7,4,4,1,5,5,2,16,1,23,2,9,1,1,7,9,1,10,1,11,,23,9,1,22,9,121.508559,25.04824892
111,7,3,23,17,2,05中正區,中正區忠孝東路2段與八德路1段口,0,0,1,1,B02,8,3,5,50,3,1,1,5,4,5,7,1,1,3,4,4,2,17,1,23,3,10,1,4,7,5,1,8,2,1,,25,25,1,22,9,121.5288769,25.04344021
111,7,3,23,17,2,05中正區,中正區忠孝東路2段與八德路1段口,0,0,1,2,C03,8,3,5,50,3,1,1,5,4,5,7,1,1,3,4,4,2,17,2,24,2,9,1,4,7,9,1,10,2,11,,13,25,1,22,9,121.5288769,25.04344021
111,7,3,23,33,2,05中正區,中正區汀州路3段與基隆路4段口,0,0,1,1,C03,8,3,5,50,4,2,1,5,4,5,7,1,1,1,4,5,2,17,1,16,3,10,1,1,7,6,2,18,1,15,,9,9,1,22,9,121.5363029,25.0110578
111,7,3,23,33,2,05中正區,中正區汀州路3段與基隆路4段口,0,0,1,2,C03,8,3,5,50,4,2,1,5,4,5,7,1,1,1,4,5,2,17,1,21,2,9,1,1,7,9,1,10,1,12,,42,9,1,22,9,121.5363029,25.0110578
111,7,3,23,33,2,05中正區,中正區汀州路3段與基隆路4段口,0,0,1,3,H02,8,3,5,50,4,2,1,5,4,5,7,1,1,1,4,5,2,17,2,20,4,11,1,5,7,20,8,20,10,16,,67,9,1,22,9,121.5363029,25.0110578
111,7,4,3,14,2,08士林區,士林區通河西街2段245號,0,0,2,1,C03,8,3,5,30,14,9,1,5,4,5,7,4,4,9,5,5,2,1,2,68,2,1,1,1,7,9,3,18,2,11,,23,23,1,22,9,121.4995851,25.09400876
111,7,4,3,14,2,08士林區,士林區通河西街2段245號,0,0,2,2,H01,8,3,5,30,14,9,1,5,4,5,7,4,4,9,5,5,2,1,2,22,2,9,4,5,8,16,8,20,10,16,,67,23,1,22,9,121.4995851,25.09400876
111,7,4,7,21,2,08士林區,士林區忠誠路1段173巷與德行東路190巷口,0,0,1,1,B03,8,1,5,30,4,1,1,5,4,5,7,4,4,10,5,5,2,15,1,37,3,10,1,1,7,9,1,8,1,1,,6,6,1,22,9,121.5313545,25.10803172
111,7,4,7,21,2,08士林區,士林區忠誠路1段173巷與德行東路190巷口,0,0,1,2,C03,8,1,5,30,4,1,1,5,4,5,7,4,4,10,5,5,2,15,1,33,2,8,1,1,7,9,1,10,1,12,,13,6,1,22,9,121.5313545,25.10803172
111,7,4,7,48,2,03中山區,中山區松江路237號,0,0,1,1,C03,8,1,5,50,14,9,1,5,4,5,7,4,4,1,3,5,1,16,2,21,2,7,1,1,7,9,1,10,1,12,,23,23,1,22,9,121.5332551,25.058979
111,7,4,7,48,2,03中山區,中山區松江路237號,0,0,1,2,B01,8,1,5,50,14,9,1,5,4,5,7,4,4,1,3,5,1,16,1,61,3,10,1,1,7,14,1,4,1,4,,38,23,1,22,9,121.5332551,25.058979
111,7,4,7,50,2,08士林區,士林區延平北路7段106巷與延平北路7段176巷44弄口,0,0,1,1,C03,8,1,5,30,3,2,1,5,4,5,7,4,4,10,5,5,1,17,1,52,3,10,1,1,7,12,6,18,11,11,,6,6,2,21,8,121.4959864,25.10328834
111,7,4,7,50,2,08士林區,士林區延平北路7段106巷與延平北路7段176巷44弄口,0,0,1,2,C03,8,1,5,30,3,2,1,5,4,5,7,4,4,10,5,5,1,17,2,47,2,8,1,1,7,9,1,10,1,11,,14,6,1,21,8,121.4959864,25.10328834
111,7,4,8,6,2,02萬華區,萬華區康定路與廣州街口,0,0,2,1,C03,8,1,5,50,4,2,1,5,4,5,7,1,1,5,4,5,2,12,2,18,2,9,1,1,7,9,1,10,1,14,,23,23,1,22,9,121.5014526,25.03663442
111,7,4,8,6,2,02萬華區,萬華區康定路與廣州街口,0,0,2,2,C03,8,1,5,50,4,2,1,5,4,5,7,1,1,5,4,5,2,12,1,42,2,8,1,1,7,14,1,10,1,12,,44,23,1,22,9,121.5014526,25.03663442
111,7,4,8,10,2,04大安區,大安區信義路4段與信義路4段74巷口,0,0,1,1,B03,8,1,5,50,3,1,1,5,4,5,7,4,4,1,4,5,2,17,2,37,3,10,1,1,7,6,1,8,1,2,,44,44,1,22,9,121.5470322,25.03318967
111,7,4,8,10,2,04大安區,大安區信義路4段與信義路4段74巷口,0,0,1,2,C03,8,1,5,50,3,1,1,5,4,5,7,4,4,1,4,5,2,17,2,21,2,9,1,1,7,9,1,10,1,14,,23,44,1,22,9,121.5470322,25.03318967