發生年度,發生月,發生日,發生時-Hours,發生分,處理別-編號,區序,肇事地點,死亡人數,2-30日死亡人數,受傷人數,當事人序號,車種,天候,光線,道路類別,速限-速度限制,道路型態,事故位置,路面狀況1,路面狀況2,路面狀況3,道路障礙1,道路障礙2,號誌1,號誌2,車道劃分-分向,車道劃分-分道1,車道劃分-分道2,車道劃分-分道3,事故類型及型態,性別,年齡,受傷程度,主要傷處,安全帽,行動電話,車輛用途,當事者行動狀態,駕駛資格情形,駕駛執照種類,飲酒情形,車輛撞擊部位1,車輛撞擊部位2,肇因碼-個別,肇因碼-主要,個人肇逃否,職業,旅次目的,座標-X,座標-Y
111,7,4,8,10,2,05中正區,中正區林森南路與信義路1段口,0,0,1,2,C02,8,1,5,50,14,9,1,5,4,5,7,1,1,1,4,5,2,29,1,34,2,8,1,1,7,9,1,9,2,11,,23,61,1,22,9,121.5206184,25.03723318
111,7,4,8,10,2,05中正區,中正區林森南路與信義路1段口,0,0,1,1,,8,1,5,50,14,9,1,5,4,5,7,1,1,1,4,5,2,29,3,,,,,,,,,,,,,61,61,1,,,121.5206184,25.03723318
111,7,4,8,10,2,05中正區,中正區林森南路與信義路1段口,0,0,1,3,A42,8,1,5,50,14,9,1,5,4,5,7,1,1,1,4,5,2,29,1,55,3,10,1,1,1,9,1,7,9,15,,30,61,1,22,9,121.5206184,25.03723318
111,7,4,8,10,2,05中正區,中正區信陽街與公園路口,0,0,1,1,C03,8,1,5,30,3,2,1,5,4,5,3,4,4,5,4,5,2,17,1,47,3,10,1,1,7,5,1,10,11,15,,6,6,1,22,9,121.5170456,25.04462642
111,7,4,8,10,2,05中正區,中正區信陽街與公園路口,0,0,1,2,C03,8,1,5,30,3,2,1,5,4,5,3,4,4,5,4,5,2,17,1,44,2,9,1,1,7,9,1,10,1,14,,42,6,1,22,9,121.5170456,25.04462642
111,7,4,8,20,2,03中山區,中山區八德路2段與八德路2段267巷口,0,0,2,1,C03,8,1,5,50,4,1,1,5,4,5,7,2,1,5,4,5,2,16,2,51,2,9,1,4,7,5,1,10,1,14,,8,8,1,22,9,121.5414957,25.04699724
111,7,4,8,20,2,03中山區,中山區八德路2段與八德路2段267巷口,0,0,2,2,C03,8,1,5,50,4,1,1,5,4,5,7,2,1,5,4,5,2,16,1,28,2,9,1,4,7,9,1,9,1,12,,26,8,1,22,9,121.5414957,25.04699724
111,7,4,8,25,2,07信義區,信義區基隆路1段與基隆路1段101巷口,0,0,1,1,C03,8,1,5,50,3,1,1,5,4,5,7,4,4,1,4,5,2,12,2,27,2,9,1,1,7,7,1,10,1,14,,7,7,1,22,9,121.5671564,25.04541689
111,7,4,8,25,2,07信義區,信義區基隆路1段與基隆路1段101巷口,0,0,1,2,B03,8,1,5,50,3,1,1,5,4,5,7,4,4,1,4,5,2,12,1,22,3,10,1,1,7,9,1,8,1,6,,44,7,1,22,9,121.5671564,25.04541689
111,7,4,8,25,2,07信義區,信義區基隆路1段與基隆路1段101巷口,0,0,1,3,,8,1,5,50,3,1,1,5,4,5,7,4,4,1,4,5,2,12,4,,4,11,3,4,7,15,7,19,11,15,,43,7,2,22,9,121.5671564,25.04541689
111,7,4,8,30,2,12內湖區,內湖區康寧路3段75巷與康寧路3段75巷24弄口口,0,0,1,1,B01,8,1,5,50,3,1,1,5,4,5,7,4,4,10,5,5,2,16,1,68,3,10,1,1,7,11,1,4,1,8,,10,10,1,22,9,121.6091461,25.07291465
111,7,4,8,30,2,12內湖區,內湖區康寧路3段75巷與康寧路3段75巷24弄口口,0,0,1,2,C03,8,1,5,50,3,1,1,5,4,5,7,4,4,10,5,5,2,16,1,18,2,9,1,1,7,9,1,10,1,12,,44,10,1,22,9,121.6091461,25.07291465
111,7,4,8,32,2,08士林區,士林區中山北路4段圓山保齡球館旁,0,0,1,1,C03,8,1,5,40,14,9,1,5,4,5,7,4,4,10,5,5,2,23,1,74,2,9,1,1,7,9,1,10,2,14,,23,23,1,22,9,121.5253308,25.08216035
111,7,4,8,32,2,08士林區,士林區中山北路4段圓山保齡球館旁,0,0,1,2,,8,1,5,40,14,9,1,5,4,5,7,4,4,10,5,5,2,23,3,,,,,,,,,,,,,67,23,1,,,121.5253308,25.08216035
111,7,4,8,33,2,11南港區,南港區松河街與中坡北路口,0,0,1,1,B12,8,1,5,30,3,1,1,5,4,5,7,4,4,5,5,5,2,17,1,36,3,10,3,4,7,5,1,8,1,15,,6,6,1,22,9,121.5801608,25.0521422
111,7,4,8,33,2,11南港區,南港區松河街與中坡北路口,0,0,1,2,C03,8,1,5,30,3,1,1,5,4,5,7,4,4,5,5,5,2,17,1,32,2,9,1,1,7,9,1,10,1,14,,42,6,1,22,9,121.5801608,25.0521422
111,7,4,8,39,2,11南港區,南港區富康街19號,0,0,1,1,B12,8,1,5,30,14,9,1,5,4,5,6,4,4,9,4,5,2,17,1,40,3,10,1,4,7,2,1,8,1,7,,12,12,1,22,9,121.617397,25.053796
111,7,4,8,39,2,11南港區,南港區富康街19號,0,0,1,2,C03,8,1,5,30,14,9,1,5,4,5,6,4,4,9,4,5,2,17,1,55,2,9,1,4,7,9,1,10,1,11,,23,12,1,22,9,121.617397,25.053796
111,7,4,8,54,2,12內湖區,內湖區成功路2段與成功路2段323巷口,0,0,1,1,B12,8,1,5,50,3,1,1,5,4,5,7,1,1,1,4,5,2,16,2,40,3,10,1,1,7,9,1,8,1,5,,25,25,1,22,9,121.5901891,25.07042655
111,7,4,8,54,2,12內湖區,內湖區成功路2段與成功路2段323巷口,0,0,1,2,C03,8,1,5,50,3,1,1,5,4,5,7,1,1,1,4,5,2,16,1,29,2,9,1,1,7,1,1,10,1,14,,42,25,1,22,9,121.5901891,25.07042655
111,7,4,9,25,2,04大安區,大安區和平東路2段與復興南路2段口,0,0,1,1,C03,8,1,5,50,4,1,1,5,4,5,7,2,1,1,4,5,2,17,1,26,2,9,1,1,7,8,1,10,1,12,,7,7,1,22,9,121.5432932,25.02481266
111,7,4,9,25,2,04大安區,大安區和平東路2段與復興南路2段口,0,0,1,2,C03,8,1,5,50,4,1,1,5,4,5,7,2,1,1,4,5,2,17,1,28,3,10,1,1,7,9,1,10,1,14,,44,7,1,22,9,121.5432932,25.02481266
111,7,4,9,30,2,03中山區,中山區松江路與松江路226巷口,0,0,1,1,B12,8,1,5,50,14,9,1,5,4,5,7,4,4,3,4,5,2,3,1,48,3,10,1,1,7,6,1,4,1,2,,15,15,1,22,9,121.5330313,25.05846632
111,7,4,9,30,2,03中山區,中山區松江路與松江路226巷口,0,0,1,2,H01,8,1,5,50,14,9,1,5,4,5,7,4,4,3,4,5,2,3,2,19,2,9,4,5,8,16,8,20,10,16,,67,15,1,22,9,121.5330313,25.05846632
111,7,4,9,52,2,07信義區,信義區忠孝東路4段510號,0,0,1,1,,8,1,5,50,14,9,1,5,4,5,7,4,4,3,3,5,1,9,4,,4,11,3,4,7,15,7,19,11,15,,43,43,2,22,9,121.5623363,25.04108068
111,7,4,9,52,2,07信義區,信義區忠孝東路4段510號,0,0,1,2,H02,8,1,5,50,14,9,1,5,4,5,7,4,4,3,3,5,1,9,2,28,2,8,4,5,7,19,8,20,10,16,,67,43,1,22,9,121.5623363,25.04108068
111,7,4,9,52,2,07信義區,信義區忠孝東路4段510號,0,0,1,3,A02,8,1,5,50,14,9,1,5,4,5,7,4,4,3,3,5,1,9,1,56,3,10,3,4,7,14,1,2,11,15,,43,43,1,22,9,121.5623363,25.04108068
111,7,4,10,30,2,10文山區,文山區興順街(臺電7號燈桿),0,0,1,1,B03,8,1,5,30,14,9,1,5,4,5,7,4,4,5,5,5,2,2,1,53,3,10,1,2,7,9,1,8,2,1,,23,23,1,22,9,121.5466177,25.00250916
111,7,4,10,30,2,10文山區,文山區興順街(臺電7號燈桿),0,0,1,2,H01,8,1,5,30,14,9,1,5,4,5,7,4,4,5,5,5,2,2,2,65,2,9,4,1,8,16,8,20,10,16,,67,23,1,22,9,121.5466177,25.00250916
111,7,4,10,41,2,08士林區,士林區芝玉路1段97號,0,0,1,1,C03,8,1,5,30,11,9,1,5,4,5,7,4,4,10,5,5,1,17,4,,4,11,3,4,7,15,7,19,11,15,,43,43,2,22,9,121.5359271,25.10448965
111,7,4,10,41,2,08士林區,士林區芝玉路1段97號,0,0,1,2,C03,8,1,5,30,11,9,1,5,4,5,7,4,4,10,5,5,1,17,2,39,2,5,1,1,7,6,1,10,9,11,,23,43,1,22,9,121.5359271,25.10448965
111,7,4,11,15,2,04大安區,大安區富陽街144號,0,0,1,1,B01,8,1,5,30,14,9,1,5,4,5,7,4,4,4,5,5,2,17,1,60,3,10,1,1,7,13,1,4,1,4,,40,40,1,22,9,121.5568475,25.0188542
111,7,4,11,15,2,04大安區,大安區富陽街144號,0,0,1,2,F01,8,1,5,30,14,9,1,5,4,5,7,4,4,4,5,5,2,17,1,12,2,9,1,1,7,9,8,20,1,16,,44,40,1,22,9,121.5568475,25.0188542
111,7,4,11,28,2,10文山區,文山區興隆路4段46巷與興隆路4段口,0,0,1,1,B03,8,1,5,50,4,1,1,5,4,3,7,1,1,1,4,4,2,16,1,53,3,10,1,1,7,5,1,8,1,2,,8,8,1,22,9,121.5604815,24.987662
111,7,4,11,28,2,10文山區,文山區興隆路4段46巷與興隆路4段口,0,0,1,2,B03,8,1,5,50,4,1,1,5,4,3,7,1,1,1,4,4,2,16,1,22,3,10,1,1,7,9,1,8,1,1,,23,8,1,22,9,121.5604815,24.987662
111,7,4,11,28,2,10文山區,文山區興隆路4段46巷與興隆路4段口,0,0,1,3,H02,8,1,5,50,4,1,1,5,4,3,7,1,1,1,4,4,2,16,2,40,2,7,1,5,7,20,8,20,10,16,,67,8,1,22,9,121.5604815,24.987662
111,7,4,11,35,2,01大同區,大同區民生西路319-1號,0,0,1,1,B03,8,1,5,50,14,9,1,5,4,5,7,4,4,9,4,5,1,17,1,57,3,10,1,1,7,13,1,8,1,4,,40,40,1,22,9,121.5122355,25.05709
111,7,4,11,35,2,01大同區,大同區民生西路319-1號,0,0,1,2,C03,8,1,5,50,14,9,1,5,4,5,7,4,4,9,4,5,1,17,1,34,2,9,1,1,7,9,1,10,1,11,,44,40,1,22,9,121.5122355,25.05709
111,7,4,11,39,2,04大安區,大安區新生南路1段87號,0,0,1,1,B03,7,1,5,50,14,9,1,5,4,1,7,4,4,1,1,5,2,12,1,42,3,10,1,1,7,8,6,18,1,6,,7,7,1,22,9,121.5329719,25.04153263
111,7,4,11,39,2,04大安區,大安區新生南路1段87號,0,0,1,2,C03,7,1,5,50,14,9,1,5,4,1,7,4,4,1,1,5,2,12,1,34,2,9,1,1,7,9,1,10,1,11,,13,7,1,22,9,121.5329719,25.04153263
111,7,4,11,41,2,02萬華區,萬華區西園路2段298號,0,0,1,1,C03,8,1,5,50,14,9,1,5,4,5,7,4,4,3,4,5,2,13,1,70,2,8,1,4,7,9,1,10,1,11,,23,23,1,22,9,121.492977,25.0263694
111,7,4,11,41,2,02萬華區,萬華區西園路2段298號,0,0,1,2,B03,8,1,5,50,14,9,1,5,4,5,7,4,4,3,4,5,2,13,1,39,3,10,1,4,7,9,1,8,1,3,,44,23,1,22,9,121.492977,25.0263694
111,7,4,11,46,2,03中山區,中山區市民大道2段與長安東路1段30巷口東側迴轉道處,0,0,3,1,C03,8,1,5,40,14,9,1,5,4,5,7,4,4,10,4,5,2,12,2,28,2,9,1,1,7,8,1,10,1,12,14,7,7,1,22,9,121.5265817,25.04740193
111,7,4,11,46,2,03中山區,中山區市民大道2段與長安東路1段30巷口東側迴轉道處,0,0,3,3,C04,8,1,5,40,14,9,1,5,4,5,7,4,4,10,4,5,2,12,1,62,2,9,1,1,7,9,1,10,1,13,12,44,7,1,22,9,121.5265817,25.04740193
111,7,4,11,46,2,03中山區,中山區市民大道2段與長安東路1段30巷口東側迴轉道處,0,0,3,2,C03,8,1,5,40,14,9,1,5,4,5,7,4,4,10,4,5,2,12,2,25,2,9,1,1,7,9,1,10,1,14,,23,7,1,22,9,121.5265817,25.04740193
111,7,4,11,46,2,03中山區,中山區錦州街396號,0,0,1,1,B02,8,1,5,50,14,9,1,5,4,5,7,4,4,9,5,5,2,12,2,64,3,10,1,1,7,9,1,8,1,5,,23,23,1,22,9,121.5416361,25.0601704
111,7,4,11,46,2,03中山區,中山區錦州街396號,0,0,1,2,B03,8,1,5,50,14,9,1,5,4,5,7,4,4,9,5,5,2,12,2,62,2,8,3,4,7,13,1,8,1,4,,40,23,1,22,9,121.5416361,25.0601704
111,7,4,12,15,2,02萬華區,萬華區康定路與廣州街口,0,0,1,1,B03,8,1,5,50,4,1,1,5,4,5,7,2,1,5,4,5,2,16,1,38,3,10,1,4,7,5,1,8,1,8,,8,8,1,22,9,121.501482,25.0366245
111,7,4,12,15,2,02萬華區,萬華區康定路與廣州街口,0,0,1,2,C03,8,1,5,50,4,1,1,5,4,5,7,2,1,5,4,5,2,16,2,46,2,8,1,4,7,9,3,18,1,14,,44,8,1,22,9,121.501482,25.0366245
111,7,4,12,30,2,05中正區,中正區基隆路4段與羅斯福路4段口,0,0,1,1,C03,8,1,5,50,4,1,1,5,4,5,7,1,1,1,4,5,2,12,1,32,3,10,1,1,7,7,6,18,2,13,,7,7,1,22,9,121.536884,25.01122199
111,7,4,12,30,2,05中正區,中正區基隆路4段與羅斯福路4段口,0,0,1,2,C03,8,1,5,50,4,1,1,5,4,5,7,1,1,1,4,5,2,12,1,27,2,9,1,1,7,9,1,10,2,11,,44,7,1,22,9,121.536884,25.01122199
111,7,4,12,39,2,10文山區,文山區木新路3段280號,0,0,2,1,C03,8,1,5,50,3,2,1,5,4,5,7,1,1,4,3,5,2,16,1,34,2,9,1,1,7,5,6,18,1,12,,8,8,1,22,9,121.5580791,24.981107
111,7,4,12,39,2,10文山區,文山區木新路3段280號,0,0,2,2,C03,8,1,5,50,3,2,1,5,4,5,7,1,1,4,3,5,2,16,1,19,2,9,1,1,7,9,1,10,1,11,,44,8,1,22,9,121.5580791,24.981107
111,7,4,13,21,2,03中山區,中山區中山北路1段與長安西路口,0,0,3,1,C03,7,1,5,50,4,1,1,5,4,5,7,1,1,1,4,5,2,13,1,31,2,9,1,1,7,9,1,10,1,11,,16,16,1,22,9,121.521548,25.049973
111,7,4,13,21,2,03中山區,中山區中山北路1段與長安西路口,0,0,3,2,C03,7,1,5,50,4,1,1,5,4,5,7,1,1,1,4,5,2,13,2,22,2,8,1,1,7,8,1,10,1,13,,7,16,1,22,9,121.521548,25.049973
111,7,4,13,21,2,03中山區,中山區中山北路1段與長安西路口,0,0,3,3,H02,7,1,5,50,4,1,1,5,4,5,7,1,1,1,4,5,2,13,1,30,2,9,4,5,7,21,8,20,10,15,,67,16,1,22,9,121.521548,25.049973
111,7,4,13,26,2,02萬華區,萬華區和平西路3段382巷與和平西路3段口,0,0,2,1,C03,8,1,5,50,5,2,1,5,3,1,6,1,1,10,5,5,2,18,1,40,2,9,1,1,7,9,1,10,1,14,,42,42,1,22,9,121.4915038,25.03529776
111,7,4,13,26,2,02萬華區,萬華區和平西路3段382巷與和平西路3段口,0,0,2,2,,8,1,5,50,5,2,1,5,3,1,6,1,1,10,5,5,2,18,3,,,,,,,,,,,,,61,42,1,,,121.4915038,25.03529776
111,7,4,13,26,2,02萬華區,萬華區和平西路3段382巷與和平西路3段口,0,0,2,3,H02,8,1,5,50,5,2,1,5,3,1,6,1,1,10,5,5,2,18,1,9,2,8,1,5,7,20,8,20,10,16,,67,42,1,22,9,121.4915038,25.03529776
111,7,4,13,40,2,02萬華區,萬華區華中橋機車道往中和方向華中035伸縮縫,0,0,1,2,C03,8,1,5,40,8,11,1,5,4,5,7,4,4,3,4,5,2,16,2,47,2,9,1,4,7,9,4,11,1,14,,44,43,1,22,9,121.4953813,25.01186247
111,7,4,13,40,2,02萬華區,萬華區華中橋機車道往中和方向華中035伸縮縫,0,0,1,1,,8,1,5,40,8,11,1,5,4,5,7,4,4,3,4,5,2,16,4,,4,11,3,4,7,15,7,19,11,15,,43,43,2,22,9,121.4953813,25.01186247
111,7,4,13,40,2,02萬華區,萬華區華中橋機車道往中和方向華中035伸縮縫,0,0,1,3,C03,8,1,5,40,8,11,1,5,4,5,7,4,4,3,4,5,2,16,1,67,3,10,1,4,7,9,1,10,1,12,,44,43,1,22,9,121.4953813,25.01186247
111,7,4,13,40,2,02萬華區,萬華區西藏路125巷與西藏路口,0,0,1,1,B03,8,1,5,50,3,2,1,5,4,3,7,2,1,1,4,5,2,17,1,61,3,10,1,1,7,6,1,8,2,2,,9,9,1,22,9,121.5022652,25.02976112
111,7,4,13,40,2,02萬華區,萬華區西藏路125巷與西藏路口,0,0,1,2,C03,8,1,5,50,3,2,1,5,4,3,7,2,1,1,4,5,2,17,1,20,2,9,1,1,7,9,1,10,2,11,,44,9,1,22,9,121.5022652,25.02976112
111,7,4,13,40,2,02萬華區,萬華區西藏路125巷與西藏路口,0,0,1,3,A11,8,1,5,50,3,2,1,5,4,3,7,2,1,1,4,5,2,17,1,24,3,10,1,1,7,14,1,2,9,15,,38,9,1,22,9,121.5022652,25.02976112
111,7,4,14,0,2,07信義區,信義區忠孝東路5段509號,0,0,1,1,C03,6,1,8,0,15,22,4,4,4,5,7,4,4,10,5,5,2,29,2,25,2,8,1,1,7,15,1,10,11,12,,43,43,1,22,9,121.578741,25.041586
111,7,4,14,0,2,07信義區,信義區忠孝東路5段509號,0,0,1,2,,6,1,8,0,15,22,4,4,4,5,7,4,4,10,5,5,2,29,3,,,,,,,,,,,,,67,43,1,,,121.578741,25.041586
111,7,4,14,3,2,03中山區,中山區五常街95號對面,0,0,1,1,B12,6,1,5,50,14,9,1,4,4,5,7,4,4,10,4,5,2,12,1,63,3,10,1,1,7,1,1,6,9,4,,19,19,2,22,9,121.541517,25.06431038
111,7,4,14,3,2,03中山區,中山區五常街95號對面,0,0,1,2,C03,6,1,5,50,14,9,1,4,4,5,7,4,4,10,4,5,2,12,1,60,2,9,1,1,7,9,1,10,9,11,,23,19,1,22,9,121.541517,25.06431038
111,7,4,14,34,2,05中正區,中正區汀州路2段與同安街口,0,0,1,1,B11,6,1,5,30,4,1,1,4,4,5,7,1,1,10,5,5,2,17,1,31,3,10,1,1,7,6,1,4,2,5,,9,9,1,22,9,121.5217109,25.02414211
111,7,4,14,34,2,05中正區,中正區汀州路2段與同安街口,0,0,1,2,C03,6,1,5,30,4,1,1,4,4,5,7,1,1,10,5,5,2,17,1,67,2,9,1,1,7,9,1,10,2,14,,44,9,1,22,9,121.5217109,25.02414211
111,7,4,14,35,2,09北投區,北投區竹子湖路第110燈桿,0,0,2,1,C03,6,1,5,40,14,9,1,4,4,5,7,4,4,9,4,5,2,17,1,26,2,9,1,1,7,4,1,10,2,14,,42,42,1,22,9,121.5442023,25.17916598
111,7,4,14,35,2,09北投區,北投區竹子湖路第110燈桿,0,0,2,2,B03,6,1,5,40,14,9,1,4,4,5,7,4,4,9,4,5,2,17,1,78,3,10,1,1,7,9,1,8,2,15,,44,42,1,22,9,121.5442023,25.17916598
111,7,4,14,35,2,09北投區,北投區竹子湖路第110燈桿,0,0,2,3,H02,6,1,5,40,14,9,1,4,4,5,7,4,4,9,4,5,2,17,2,24,2,9,1,1,7,20,8,20,2,16,,67,42,1,22,9,121.5442023,25.17916598
111,7,4,15,0,2,08士林區,士林區延平北路8段堤防道、延平河濱243號燈桿,0,0,1,1,C03,6,1,5,40,14,9,1,4,4,5,7,4,4,10,5,5,2,11,2,20,2,9,1,4,7,4,1,10,1,11,,23,23,1,22,9,121.4794996,25.11026791
111,7,4,15,0,2,08士林區,士林區延平北路8段堤防道、延平河濱243號燈桿,0,0,1,2,B03,6,1,5,40,14,9,1,4,4,5,7,4,4,10,5,5,2,11,1,57,3,10,3,4,7,9,1,8,1,8,,44,23,1,22,9,121.4794996,25.11026791
111,7,4,15,5,2,01大同區,大同區承德路3段與敦煌路口,0,0,1,1,B03,6,1,5,50,4,1,1,4,4,5,7,2,1,1,3,5,2,17,4,,4,11,3,4,7,15,7,19,11,15,,43,43,2,22,9,121.5201025,25.07526671
111,7,4,15,5,2,01大同區,大同區承德路3段與敦煌路口,0,0,1,2,C03,6,1,5,50,4,1,1,4,4,5,7,2,1,1,3,5,2,17,1,64,2,9,3,4,7,9,1,10,2,11,,44,43,1,22,9,121.5201025,25.07526671
111,7,4,15,5,2,01大同區,大同區承德路3段與敦煌路口,0,0,1,3,H02,6,1,5,50,4,1,1,4,4,5,7,2,1,1,3,5,2,17,1,48,3,10,4,5,7,21,8,20,2,15,,67,43,1,22,9,121.5201025,25.07526671
111,7,4,15,31,2,12內湖區,內湖區行善路456號,0,0,1,1,B03,6,1,5,50,14,7,1,4,4,5,7,4,4,1,4,4,2,17,1,32,3,10,1,1,7,1,1,8,2,5,,19,19,1,22,9,121.5854985,25.06457086
111,7,4,15,31,2,12內湖區,內湖區行善路456號,0,0,1,2,C03,6,1,5,50,14,7,1,4,4,5,7,4,4,1,4,4,2,17,1,26,2,9,1,1,7,9,1,10,2,12,,13,19,1,22,9,121.5854985,25.06457086
111,7,4,15,36,2,08士林區,士林區重陽橋機慢車道往三重(北第024燈桿),0,0,2,1,H01,6,1,5,50,14,11,1,4,4,5,7,4,4,1,4,5,2,2,1,49,2,9,4,5,8,16,8,20,10,16,,52,52,1,22,9,121.5056231,25.0858057
111,7,4,15,36,2,08士林區,士林區重陽橋機慢車道往三重(北第024燈桿),0,0,2,2,C03,6,1,5,50,14,11,1,4,4,5,7,4,4,1,4,5,2,2,2,20,2,9,3,4,7,9,1,10,1,11,,23,52,1,22,9,121.5056231,25.0858057
111,7,4,15,40,2,07信義區,信義區信義路5段與市府路口,0,0,1,1,B01,6,1,5,50,3,1,1,4,4,5,7,2,1,1,4,5,1,12,1,49,3,10,3,4,7,6,1,4,1,6,,9,9,1,22,9,121.5635457,25.03302875
111,7,4,15,40,2,07信義區,信義區信義路5段與市府路口,0,0,1,2,C03,6,1,5,50,3,1,1,4,4,5,7,2,1,1,4,5,1,12,1,27,2,8,3,4,7,9,1,10,1,14,,44,9,1,22,9,121.5635457,25.03302875
111,7,4,15,49,2,05中正區,中正區中山南路與仁愛路1段口口,0,0,1,1,B03,6,1,5,50,4,2,1,4,4,5,7,2,1,9,4,4,1,16,1,26,2,7,1,1,7,7,1,8,2,4,,6,6,1,21,1,121.5176116,25.0392485
111,7,4,15,49,2,05中正區,中正區中山南路與仁愛路1段口口,0,0,1,2,B03,6,1,5,50,4,2,1,4,4,5,7,2,1,9,4,4,1,16,1,64,3,10,1,1,7,8,1,8,2,5,,44,6,1,21,1,121.5176116,25.0392485
111,7,4,15,54,2,06松山區,松山區南京東路5段250巷18弄26號,0,0,1,1,C03,6,2,5,30,14,9,1,4,4,5,7,4,4,10,5,5,2,17,1,49,2,9,3,4,7,9,1,10,1,12,,43,43,1,22,9,121.5672621,25.05022096
111,7,4,15,54,2,06松山區,松山區南京東路5段250巷18弄26號,0,0,1,2,B03,6,2,5,30,14,9,1,4,4,5,7,4,4,10,5,5,2,17,1,23,3,10,3,4,7,9,1,8,1,1,,43,43,1,22,9,121.5672621,25.05022096
111,7,4,16,23,2,09北投區,北投區自強街120巷與致遠一路1段104巷口,0,0,1,1,C03,8,1,5,30,14,9,1,4,4,5,7,4,4,9,5,5,2,18,2,56,2,9,1,1,7,6,1,10,11,12,,43,43,1,22,9,121.5159652,25.10991564
111,7,4,16,23,2,09北投區,北投區自強街120巷與致遠一路1段104巷口,0,0,1,2,,8,1,5,30,14,9,1,4,4,5,7,4,4,9,5,5,2,18,3,,,,,,,,,,,,,67,43,1,,,121.5159652,25.10991564
111,7,4,16,35,2,09北投區,北投區大度路3段往淡水方向機慢車優先道,0,0,1,1,C03,6,1,5,50,14,12,1,4,4,5,7,4,4,1,4,1,1,20,2,50,2,9,1,1,7,9,4,8,1,11,,42,45,1,22,9,121.4746478,25.12283123
111,7,4,16,35,2,09北投區,北投區大度路3段往淡水方向機慢車優先道,0,0,1,2,,6,1,5,50,14,12,1,4,4,5,7,4,4,1,4,1,1,20,3,,,,,,,,,,,,,67,45,1,,,121.4746478,25.12283123
111,7,4,16,38,2,08士林區,士林區文昌路169巷與無名巷口,0,0,1,1,C03,6,1,5,30,4,2,1,4,4,5,7,4,4,10,5,5,2,15,2,64,2,9,1,1,7,9,1,10,1,14,,6,6,1,22,9,121.5195842,25.09798845
111,7,4,16,38,2,08士林區,士林區文昌路169巷與無名巷口,0,0,1,2,B01,6,1,5,30,4,2,1,4,4,5,7,4,4,10,5,5,2,15,1,57,3,10,1,1,7,9,1,4,1,1,,44,6,1,22,9,121.5195842,25.09798845
111,7,4,17,12,2,02萬華區,萬華區昆明街171號,0,0,2,1,F01,6,1,5,50,14,9,1,4,4,5,7,4,4,10,5,5,2,12,1,60,2,9,1,1,7,8,8,20,1,16,,7,7,1,22,9,121.5042865,25.04000575
111,7,4,17,12,2,02萬華區,萬華區昆明街171號,0,0,2,2,C03,6,1,5,50,14,9,1,4,4,5,7,4,4,10,5,5,2,12,1,18,2,9,1,1,7,9,1,10,1,11,,44,7,1,22,9,121.5042865,25.04000575
111,7,4,17,12,2,02萬華區,萬華區昆明街171號,0,0,2,3,C03,6,1,5,50,14,9,1,4,4,5,7,4,4,10,5,5,2,12,1,52,3,10,1,1,7,13,7,19,11,13,,44,7,1,22,9,121.5042865,25.04000575
111,7,4,17,12,2,02萬華區,萬華區昆明街171號,0,0,2,4,C03,6,1,5,50,14,9,1,4,4,5,7,4,4,10,5,5,2,12,1,47,4,11,3,4,7,13,7,19,11,13,,44,7,1,22,9,121.5042865,25.04000575
111,7,4,17,12,2,02萬華區,萬華區昆明街171號,0,0,2,5,C03,6,1,5,50,14,9,1,4,4,5,7,4,4,10,5,5,2,12,2,28,3,10,1,1,7,13,1,10,11,14,,44,7,1,22,9,121.5042865,25.04000575
111,7,4,17,19,2,02萬華區,萬華區西寧南路與漢口街2段口,0,0,2,1,C03,6,1,5,50,4,1,1,4,4,5,7,1,1,10,5,5,1,12,1,20,2,9,1,4,7,5,1,10,1,14,,8,8,1,22,9,121.5068146,25.0456834
111,7,4,17,19,2,02萬華區,萬華區西寧南路與漢口街2段口,0,0,2,2,C03,6,1,5,50,4,1,1,4,4,5,7,1,1,10,5,5,1,12,1,65,2,9,1,4,7,9,1,10,1,11,,44,8,1,22,9,121.5068146,25.0456834
111,7,4,17,24,2,03中山區,中山區堤頂大道2段與樂群一路口,0,0,1,1,B03,6,1,5,50,14,8,1,4,4,5,7,2,1,1,4,1,2,11,1,53,3,10,1,1,7,5,1,8,1,2,,8,8,1,22,9,121.5685206,25.077312
111,7,4,17,24,2,03中山區,中山區堤頂大道2段與樂群一路口,0,0,1,2,C03,6,1,5,50,14,8,1,4,4,5,7,2,1,1,4,1,2,11,1,33,2,9,1,1,7,11,1,10,1,11,,23,8,1,22,9,121.5685206,25.077312
111,7,4,17,30,2,08士林區,士林區中正路與文林路口,0,0,1,1,B03,6,2,5,50,4,1,1,4,4,5,7,2,1,3,4,5,2,12,1,21,3,10,3,4,7,6,3,18,2,2,,9,9,1,22,9,121.5246758,25.09515191
111,7,4,17,30,2,08士林區,士林區中正路與文林路口,0,0,1,2,C03,6,2,5,50,4,1,1,4,4,5,7,2,1,3,4,5,2,12,1,55,2,9,1,4,7,9,1,10,2,11,,23,9,1,22,9,121.5246758,25.09515191
111,7,4,18,0,2,05中正區,中正區愛國西路與博愛路口,0,0,1,1,A02,6,1,5,50,14,9,1,4,4,5,7,4,4,3,3,5,2,9,1,43,3,10,1,1,7,12,1,2,11,15,,26,26,1,22,9,121.5093973,25.03621247
111,7,4,18,0,2,05中正區,中正區愛國西路與博愛路口,0,0,1,2,H02,6,1,5,50,14,9,1,4,4,5,7,4,4,3,3,5,2,9,2,30,2,6,4,5,7,20,8,20,10,16,,67,26,1,22,9,121.5093973,25.03621247