發生年度,發生月,發生日,發生時-Hours,發生分,處理別-編號,區序,肇事地點,死亡人數,2-30日死亡人數,受傷人數,當事人序號,車種,天候,光線,道路類別,速限-速度限制,道路型態,事故位置,路面狀況1,路面狀況2,路面狀況3,道路障礙1,道路障礙2,號誌1,號誌2,車道劃分-分向,車道劃分-分道1,車道劃分-分道2,車道劃分-分道3,事故類型及型態,性別,年齡,受傷程度,主要傷處,安全帽,行動電話,車輛用途,當事者行動狀態,駕駛資格情形,駕駛執照種類,飲酒情形,車輛撞擊部位1,車輛撞擊部位2,肇因碼-個別,肇因碼-主要,個人肇逃否,職業,旅次目的,座標-X,座標-Y
111,7,4,18,0,2,07信義區,信義區基隆路1段200號(短隧道往北),0,0,2,1,C03,6,3,5,40,7,11,1,4,4,5,7,1,1,7,2,5,1,13,1,27,2,9,3,4,7,9,1,10,1,12,,42,42,1,22,9,121.5641107,25.04061162
111,7,4,18,0,2,07信義區,信義區基隆路1段200號(短隧道往北),0,0,2,2,C03,6,3,5,40,7,11,1,4,4,5,7,1,1,7,2,5,1,13,1,46,2,8,3,4,7,9,1,10,1,12,,16,42,1,22,9,121.5641107,25.04061162
111,7,4,18,0,2,07信義區,信義區基隆路1段200號(短隧道往北),0,0,2,3,C03,6,3,5,40,7,11,1,4,4,5,7,1,1,7,2,5,1,13,1,60,3,10,3,4,7,9,1,10,1,11,,16,42,1,22,9,121.5641107,25.04061162
111,7,4,18,10,2,11南港區,南港區成福路91號,0,0,1,1,C03,8,1,5,50,14,9,1,5,4,5,7,4,4,9,5,5,2,16,1,28,2,9,3,4,7,9,1,10,2,11,,23,23,1,22,9,121.586951,25.04272595
111,7,4,18,10,2,11南港區,南港區成福路91號,0,0,1,2,F01,8,1,5,50,14,9,1,5,4,5,7,4,4,9,5,5,2,16,1,74,4,11,1,1,7,5,8,20,2,16,,8,23,1,22,9,121.586951,25.04272595
111,7,4,18,40,2,03中山區,中山區新生北路1段林森公園地下停車場出口,0,0,1,1,B03,6,1,5,50,14,9,1,4,4,5,7,4,4,1,4,5,2,16,1,42,3,10,3,4,7,9,1,8,1,1,,23,23,1,22,9,121.5273976,25.05299352
111,7,4,18,40,2,03中山區,中山區新生北路1段林森公園地下停車場出口,0,0,1,2,F01,6,1,5,50,14,9,1,4,4,5,7,4,4,1,4,5,2,16,1,70,2,9,1,1,7,9,8,20,1,16,,42,23,1,22,9,121.5273976,25.05299352
111,7,4,18,40,2,03中山區,中山區新生北路1段林森公園地下停車場出口,0,0,1,3,F01,6,1,5,50,14,9,1,4,4,5,7,4,4,1,4,5,2,16,4,,4,11,3,4,7,15,7,19,11,15,,43,23,2,22,9,121.5273976,25.05299352
111,7,4,19,0,2,03中山區,中山區復興北路420號與復興北路口,0,0,2,1,C03,8,1,5,50,3,1,1,5,4,5,7,4,4,9,4,5,2,12,1,21,2,9,1,1,7,6,1,10,1,12,,9,9,1,21,5,121.544118,25.0626461
111,7,4,19,0,2,03中山區,中山區復興北路420號與復興北路口,0,0,2,2,C03,8,1,5,50,3,1,1,5,4,5,7,4,4,9,4,5,2,12,1,20,2,9,1,1,7,9,1,10,1,14,,23,9,1,21,5,121.544118,25.0626461
111,7,4,19,0,2,07信義區,信義區松信路與松隆路口,0,0,1,1,B01,7,3,5,50,4,2,1,4,4,5,7,1,1,1,4,5,2,17,1,60,3,10,3,4,7,5,1,4,1,1,,6,6,1,22,9,121.5721632,25.0470066
111,7,4,19,0,2,07信義區,信義區松信路與松隆路口,0,0,1,2,C03,7,3,5,50,4,2,1,4,4,5,7,1,1,1,4,5,2,17,1,23,2,9,3,4,7,9,6,10,1,11,,13,6,1,22,9,121.5721632,25.0470066
111,7,4,19,32,2,03中山區,中山區市民大道3段美麗信酒店前,0,0,2,1,B03,7,3,5,40,15,9,1,5,4,5,7,1,1,1,4,1,1,13,1,49,3,10,1,1,7,9,6,18,1,1,,16,16,1,22,9,121.5373947,25.04494526
111,7,4,19,32,2,03中山區,中山區市民大道3段美麗信酒店前,0,0,2,2,C03,7,3,5,40,15,9,1,5,4,5,7,1,1,1,4,1,1,13,2,35,2,8,1,1,7,14,1,10,1,13,,44,16,1,22,9,121.5373947,25.04494526
111,7,4,19,32,2,03中山區,中山區市民大道3段美麗信酒店前,0,0,2,3,H02,7,3,5,40,15,9,1,5,4,5,7,1,1,1,4,1,1,13,2,33,2,6,1,5,7,21,8,20,10,16,,67,16,1,22,9,121.5373947,25.04494526
111,7,4,19,39,2,08士林區,士林區福林路254巷與至善路1段口,0,0,1,1,B03,6,3,5,40,3,2,1,4,4,5,7,3,1,1,5,5,1,17,1,29,4,11,3,4,7,8,1,8,11,15,,7,7,2,22,9,121.5377476,25.09797266
111,7,4,19,39,2,08士林區,士林區福林路254巷與至善路1段口,0,0,1,2,C03,6,3,5,40,3,2,1,4,4,5,7,3,1,1,5,5,1,17,1,23,2,9,1,1,7,9,1,10,1,12,,17,7,1,22,9,121.5377476,25.09797266
111,7,4,19,40,2,11南港區,南港區重陽路57巷與向陽路258巷口,0,0,1,1,B03,8,3,5,40,4,1,1,5,4,5,7,1,1,4,5,5,2,11,1,51,3,10,3,4,7,5,1,8,2,6,,8,8,1,22,9,121.5957509,25.05831408
111,7,4,19,40,2,11南港區,南港區重陽路57巷與向陽路258巷口,0,0,1,2,C03,8,3,5,40,4,1,1,5,4,5,7,1,1,4,5,5,2,11,1,21,2,9,1,4,7,9,1,10,2,11,,23,8,1,22,9,121.5957509,25.05831408
111,7,4,20,7,2,11南港區,南港區經貿二路與三重路口,0,0,1,1,B03,7,1,5,50,5,1,1,4,4,5,7,2,1,1,1,5,2,16,1,45,3,10,1,1,7,9,1,8,2,2,,25,25,1,22,9,121.6143668,25.0604184
111,7,4,20,7,2,11南港區,南港區經貿二路與三重路口,0,0,1,2,C03,7,1,5,50,5,1,1,4,4,5,7,2,1,1,1,5,2,16,2,28,2,9,1,1,7,9,1,10,9,11,,44,25,1,22,9,121.6143668,25.0604184
111,7,4,20,58,2,03中山區,中山區龍江路298巷與龍江路口,0,0,1,1,C03,8,3,5,50,3,1,1,5,4,5,7,4,4,9,5,5,2,16,1,34,2,9,3,4,7,9,1,10,1,11,,16,16,1,22,9,121.5407659,25.06184557
111,7,4,20,58,2,03中山區,中山區龍江路298巷與龍江路口,0,0,1,2,B03,8,3,5,50,3,1,1,5,4,5,7,4,4,9,5,5,2,16,1,62,3,10,3,4,7,6,1,8,1,3,,44,16,1,22,9,121.5407659,25.06184557
111,7,4,21,9,2,10文山區,文山區羅斯福路5段與羅斯福路5段170巷口,0,0,2,1,C03,7,3,5,50,4,2,1,4,4,5,7,1,1,1,4,5,2,17,1,33,2,9,1,1,7,9,1,10,2,11,,42,42,1,22,9,121.538797,25.004619
111,7,4,21,9,2,10文山區,文山區羅斯福路5段與羅斯福路5段170巷口,0,0,2,2,C03,7,3,5,50,4,2,1,4,4,5,7,1,1,1,4,5,2,17,2,33,2,8,1,1,7,14,1,10,2,13,,44,42,1,22,9,121.538797,25.004619
111,7,4,21,39,2,04大安區,大安區復興南路2段340巷,0,0,1,1,B02,8,3,5,50,14,9,1,5,4,5,7,1,1,1,4,4,2,13,1,73,3,10,1,1,7,9,1,8,2,5,,23,23,1,22,9,121.5431694,25.0225325
111,7,4,21,39,2,04大安區,大安區復興南路2段340巷,0,0,1,2,C03,8,3,5,50,14,9,1,5,4,5,7,1,1,1,4,4,2,13,2,22,2,9,1,1,7,14,1,10,2,13,,44,23,1,22,9,121.5431694,25.0225325
111,7,4,22,35,2,08士林區,士林區大南路307號,0,0,1,1,C03,8,3,5,50,14,9,1,5,4,3,5,4,4,5,5,5,2,13,1,17,2,8,1,1,7,5,2,18,2,11,,23,23,1,22,9,121.5184186,25.08891259
111,7,4,22,35,2,08士林區,士林區大南路307號,0,0,1,2,B03,8,3,5,50,14,9,1,5,4,3,5,4,4,5,5,5,2,13,1,23,3,10,1,1,7,14,1,8,2,3,,38,23,1,22,9,121.5184186,25.08891259
111,7,4,22,53,2,07信義區,信義區忠孝東路5段484號,0,0,1,1,B03,7,3,5,50,14,9,1,5,4,5,7,2,1,1,4,5,1,13,1,60,3,10,3,4,7,9,1,8,1,1,,23,23,1,22,9,121.5778858,25.04065121
111,7,4,22,53,2,07信義區,信義區忠孝東路5段484號,0,0,1,2,C03,7,3,5,50,14,9,1,5,4,5,7,2,1,1,4,5,1,13,1,20,2,8,3,4,7,14,1,10,1,13,,44,23,1,22,9,121.5778858,25.04065121
111,7,5,5,36,2,01大同區,大同區重慶北路3段與民族西路口,0,0,2,1,C03,8,1,5,50,5,1,1,5,4,5,7,1,1,8,3,5,1,16,2,43,2,9,1,1,7,8,1,10,1,12,,7,7,1,22,9,121.5136168,25.06869695
111,7,5,5,36,2,01大同區,大同區重慶北路3段與民族西路口,0,0,2,2,C03,8,1,5,50,5,1,1,5,4,5,7,1,1,8,3,5,1,16,2,18,2,9,1,1,7,9,1,10,1,11,,44,7,1,22,9,121.5136168,25.06869695
111,7,5,5,40,2,05中正區,中正區新生南路1段與濟南路2段口,0,0,1,1,B03,8,1,5,50,4,1,1,5,4,5,7,2,1,1,2,1,2,17,1,61,3,10,1,1,7,5,1,8,2,6,,25,25,1,22,9,121.5326645,25.0402009
111,7,5,5,40,2,05中正區,中正區新生南路1段與濟南路2段口,0,0,1,2,C03,8,1,5,50,4,1,1,5,4,5,7,2,1,1,2,1,2,17,1,32,2,9,1,1,7,9,1,10,2,11,,44,25,1,22,9,121.5326645,25.0402009
111,7,5,5,49,2,02萬華區,萬華區堤外便道與堤外便道華中青年口之間,0,0,1,1,C03,8,1,5,50,4,1,1,5,4,5,7,4,4,1,5,5,2,16,1,34,3,10,1,1,7,1,1,10,1,11,,19,19,1,22,9,121.4881965,25.030935
111,7,5,5,49,2,02萬華區,萬華區堤外便道與堤外便道華中青年口之間,0,0,1,2,C03,8,1,5,50,4,1,1,5,4,5,7,4,4,1,5,5,2,16,1,73,2,9,1,1,7,9,1,10,1,11,,23,19,1,22,9,121.4881965,25.030935
111,7,5,6,55,2,11南港區,南港區南港路2段與南港路2段60巷口,0,0,2,1,G06,8,1,5,50,3,1,1,5,4,5,7,1,1,10,5,5,2,16,1,28,2,9,4,4,7,5,7,19,1,15,,42,42,1,22,9,121.6041289,25.0538962
111,7,5,6,55,2,11南港區,南港區南港路2段與南港路2段60巷口,0,0,2,2,C03,8,1,5,50,3,1,1,5,4,5,7,1,1,10,5,5,2,16,1,23,2,9,3,4,7,9,1,10,1,11,,44,42,1,22,9,121.6041289,25.0538962
111,7,5,7,1,2,03中山區,中山區中山北路3段與撫順街口,0,0,1,1,C03,8,1,5,50,3,1,1,5,4,5,7,4,4,5,4,1,2,16,2,60,2,8,1,1,7,6,6,18,1,14,,6,6,1,22,9,121.5222454,25.0637867
111,7,5,7,1,2,03中山區,中山區中山北路3段與撫順街口,0,0,1,2,B03,8,1,5,50,3,1,1,5,4,5,7,4,4,5,4,1,2,16,2,70,3,10,3,4,7,9,1,8,1,2,,23,6,1,22,9,121.5222454,25.0637867
111,7,5,7,18,2,03中山區,中山區南京東路2段115巷,0,0,1,1,B03,8,1,5,30,14,8,1,5,4,5,7,4,4,2,4,4,2,16,1,57,3,10,1,1,7,6,1,8,1,8,,6,6,1,22,9,121.5335941,25.05210826
111,7,5,7,18,2,03中山區,中山區南京東路2段115巷,0,0,1,2,C03,8,1,5,30,14,8,1,5,4,5,7,4,4,2,4,4,2,16,1,35,2,9,1,1,7,9,1,10,1,12,,14,6,1,22,9,121.5335941,25.05210826
111,7,5,7,20,2,06松山區,松山區復興北路497號,0,0,2,1,C03,8,1,5,50,14,9,1,5,4,5,7,4,4,1,4,5,2,13,1,39,2,9,1,1,7,9,1,9,1,11,,16,16,1,22,9,121.5443869,25.06532497
111,7,5,7,20,2,06松山區,松山區復興北路497號,0,0,2,2,C03,8,1,5,50,14,9,1,5,4,5,7,4,4,1,4,5,2,13,1,52,2,9,1,1,7,9,1,10,1,13,,44,16,1,22,9,121.5443869,25.06532497
111,7,5,7,20,2,06松山區,松山區復興北路497號,0,0,2,3,C03,8,1,5,50,14,9,1,5,4,5,7,4,4,1,4,5,2,13,1,59,3,10,1,1,7,6,3,18,11,15,,27,16,1,22,9,121.5443869,25.06532497
111,7,5,7,39,2,08士林區,士林區環河北路3段177號,0,0,2,1,C03,8,1,5,40,14,8,1,5,4,5,7,4,4,1,4,4,2,13,2,19,2,9,1,1,7,9,1,10,1,11,,23,23,1,22,9,121.5047862,25.08703231
111,7,5,7,39,2,08士林區,士林區環河北路3段177號,0,0,2,2,B03,8,1,5,40,14,8,1,5,4,5,7,4,4,1,4,4,2,13,1,52,3,10,1,1,7,13,1,8,1,7,,44,23,1,22,9,121.5047862,25.08703231
111,7,5,7,39,2,08士林區,士林區環河北路3段177號,0,0,2,3,H02,8,1,5,40,14,8,1,5,4,5,7,4,4,1,4,4,2,13,2,22,2,1,1,1,7,17,8,20,10,16,,67,23,1,22,9,121.5047862,25.08703231
111,7,5,8,18,2,08士林區,士林區雙溪街與福國路15巷口,0,0,1,1,B03,8,1,5,30,3,2,1,5,4,5,7,4,4,9,4,5,2,17,2,58,3,10,1,1,7,5,1,8,1,8,,6,6,1,22,9,121.5245762,25.10042993
111,7,5,8,18,2,08士林區,士林區雙溪街與福國路15巷口,0,0,1,2,C03,8,1,5,30,3,2,1,5,4,5,7,4,4,9,4,5,2,17,1,32,2,8,1,1,7,9,1,10,1,11,,44,6,1,22,9,121.5245762,25.10042993
111,7,5,8,25,2,04大安區,大安區和平東路2段與新生南路2段口,0,0,1,1,B03,8,1,5,0,14,9,1,5,4,5,7,4,4,1,4,5,2,17,2,43,3,10,1,1,7,8,1,8,1,5,,7,7,1,22,9,121.5348119,25.0260913
111,7,5,8,25,2,04大安區,大安區和平東路2段與新生南路2段口,0,0,1,2,C03,8,1,5,0,14,9,1,5,4,5,7,4,4,1,4,5,2,17,2,39,2,9,1,1,7,9,1,10,1,14,,44,7,1,22,9,121.5348119,25.0260913
111,7,5,8,37,2,07信義區,信義區松平路74號,0,0,2,1,C03,8,1,5,50,14,9,1,5,4,5,7,4,4,9,4,5,1,13,1,47,2,9,3,4,7,9,1,10,1,11,,23,23,1,22,9,121.5659094,25.03047234
111,7,5,8,37,2,07信義區,信義區松平路74號,0,0,2,2,B01,8,1,5,50,14,9,1,5,4,5,7,4,4,9,4,5,1,13,1,64,3,10,3,4,7,14,1,4,1,7,,42,23,1,22,9,121.5659094,25.03047234
111,7,5,8,37,2,07信義區,信義區松平路74號,0,0,2,3,H02,8,1,5,50,14,9,1,5,4,5,7,4,4,9,4,5,1,13,2,43,2,1,4,5,7,17,8,20,10,16,,67,23,1,22,9,121.5659094,25.03047234
111,7,5,8,46,2,05中正區,中正區中山南路與愛國西路口,0,0,1,1,A02,8,1,5,50,4,2,1,5,4,5,7,1,1,8,4,1,1,12,1,53,3,10,1,1,7,5,1,2,2,5,,23,23,1,22,9,121.5163838,25.03507947
111,7,5,8,46,2,05中正區,中正區中山南路與愛國西路口,0,0,1,2,F01,8,1,5,50,4,2,1,5,4,5,7,1,1,8,4,1,1,12,2,24,2,1,1,1,7,9,8,20,9,16,,44,23,1,22,9,121.5163838,25.03507947
111,7,5,8,46,2,06松山區,松山區南京東路4段23號,0,0,1,1,B03,8,1,5,40,14,8,1,5,4,5,7,4,4,9,4,4,2,16,1,43,3,10,1,1,7,1,1,14,1,7,,19,19,1,22,9,121.5504152,25.05180698
111,7,5,8,46,2,06松山區,松山區南京東路4段23號,0,0,1,2,C03,8,1,5,40,14,8,1,5,4,5,7,4,4,9,4,4,2,16,2,38,2,8,1,1,7,9,1,10,1,11,,23,19,1,22,9,121.5504152,25.05180698
111,7,5,8,53,2,08士林區,士林區中山北路6段與忠誠路1段口,0,0,1,1,C03,8,1,5,50,14,9,1,5,4,5,7,4,4,9,4,5,2,12,1,40,3,10,1,1,7,10,1,10,1,12,,7,7,1,22,9,121.5251372,25.10395642
111,7,5,8,53,2,08士林區,士林區中山北路6段與忠誠路1段口,0,0,1,2,C03,8,1,5,50,14,9,1,5,4,5,7,4,4,9,4,5,2,12,1,48,2,9,1,1,7,9,1,10,1,14,,44,7,1,22,9,121.5251372,25.10395642
111,7,5,8,53,2,08士林區,士林區中山北路6段與忠誠路1段口,0,0,1,3,A02,8,1,5,50,14,9,1,5,4,5,7,4,4,9,4,5,2,12,1,34,3,10,1,1,7,8,1,2,9,15,,44,7,1,22,9,121.5251372,25.10395642
111,7,5,9,0,2,07信義區,信義區光復南路415巷86號,0,0,1,1,C03,8,1,5,30,14,9,1,5,4,5,7,4,4,10,5,5,2,16,1,29,2,8,1,1,7,9,1,10,1,12,,6,6,1,22,9,121.5584407,25.03715858
111,7,5,9,0,2,07信義區,信義區光復南路415巷86號,0,0,1,2,B01,8,1,5,30,14,9,1,5,4,5,7,4,4,10,5,5,2,16,1,43,3,10,1,1,7,9,1,4,1,1,,6,6,1,22,9,121.5584407,25.03715858
111,7,5,9,10,2,05中正區,中正區重慶南路2段與愛國西路口,0,0,1,1,C03,8,1,5,50,14,9,1,5,4,5,7,4,4,3,4,5,2,12,1,20,2,9,1,1,7,15,1,10,1,11,,26,26,1,22,9,121.5119925,25.0351797
111,7,5,9,10,2,05中正區,中正區重慶南路2段與愛國西路口,0,0,1,2,C03,8,1,5,50,14,9,1,5,4,5,7,4,4,3,4,5,2,12,1,50,3,10,1,1,7,8,1,10,1,13,,7,26,1,22,9,121.5119925,25.0351797
111,7,5,9,15,2,07信義區,信義區信義路5段20號,0,0,1,1,B01,8,1,5,50,14,9,1,5,4,5,7,4,4,3,4,5,2,13,1,68,3,10,1,1,7,3,1,8,1,7,,18,18,1,22,9,121.5618425,25.03292879
111,7,5,9,15,2,07信義區,信義區信義路5段20號,0,0,1,2,C03,8,1,5,50,14,9,1,5,4,5,7,4,4,3,4,5,2,13,1,22,2,9,1,1,7,9,1,10,1,11,,23,18,1,22,9,121.5618425,25.03292879
111,7,5,9,20,2,07信義區,信義區忠孝東路4段554巷與逸仙路50巷口,0,0,1,1,C03,8,1,5,30,4,1,1,5,4,5,7,4,4,9,5,5,2,12,1,29,3,10,1,1,7,10,1,10,1,15,,42,42,1,22,9,121.5633808,25.0406045
111,7,5,9,20,2,07信義區,信義區忠孝東路4段554巷與逸仙路50巷口,0,0,1,2,C03,8,1,5,30,4,1,1,5,4,5,7,4,4,9,5,5,2,12,2,22,2,8,1,1,7,9,1,10,1,11,,14,42,1,22,9,121.5633808,25.0406045
111,7,5,9,20,2,07信義區,信義區忠孝東路4段554巷與逸仙路50巷口,0,0,1,3,,8,1,5,30,4,1,1,5,4,5,7,4,4,9,5,5,2,12,4,,4,11,3,4,7,15,7,19,11,15,,6,42,2,22,9,121.5633808,25.0406045
111,7,5,9,29,2,10文山區,文山區三福街7-1號,0,0,1,1,F01,8,1,5,30,14,9,1,5,4,5,7,4,4,10,5,5,2,17,2,71,2,9,1,1,7,9,8,20,2,16,,23,23,1,22,9,121.5416459,24.9966925
111,7,5,9,29,2,10文山區,文山區三福街7-1號,0,0,1,2,B03,8,1,5,30,14,9,1,5,4,5,7,4,4,10,5,5,2,17,1,46,3,10,1,1,7,9,1,8,2,1,,23,23,1,22,9,121.5416459,24.9966925
111,7,5,9,35,2,02萬華區,萬華區康定路與大理街口,0,0,2,1,B01,8,1,5,50,4,1,1,5,4,5,7,1,1,9,4,4,2,15,1,51,2,1,1,1,7,11,1,4,2,1,,6,6,1,22,9,121.5010918,25.03458826
111,7,5,9,35,2,02萬華區,萬華區康定路與大理街口,0,0,2,2,C03,8,1,5,50,4,1,1,5,4,5,7,1,1,9,4,4,2,15,2,19,2,9,1,1,7,9,1,10,2,11,,13,6,1,22,9,121.5010918,25.03458826
111,7,5,9,36,2,07信義區,信義區信義路6段與松山路口,0,0,1,1,B12,8,1,5,50,4,1,1,5,4,5,7,2,1,9,4,5,1,16,1,47,3,10,3,4,7,8,1,8,1,6,,7,7,1,22,9,121.5784228,25.036196
111,7,5,9,36,2,07信義區,信義區信義路6段與松山路口,0,0,1,2,C03,8,1,5,50,4,1,1,5,4,5,7,2,1,9,4,5,1,16,1,25,2,9,3,4,7,9,1,10,1,14,,44,7,1,22,9,121.5784228,25.036196
111,7,5,9,43,2,02萬華區,萬華區興義街與環河南路3段口,0,0,1,1,B12,8,1,5,50,3,1,1,5,4,3,7,3,1,1,4,5,2,16,1,72,3,10,1,1,7,6,1,8,2,2,,6,6,1,22,9,121.4903653,25.02562409
111,7,5,9,43,2,02萬華區,萬華區興義街與環河南路3段口,0,0,1,2,C03,8,1,5,50,3,1,1,5,4,3,7,3,1,1,4,5,2,16,2,19,2,9,1,1,7,9,1,10,2,11,,23,6,1,22,9,121.4903653,25.02562409
111,7,5,9,43,2,04大安區,大安區敦化南路1段190巷與忠孝東路4段77巷口,0,0,2,1,C03,8,1,5,30,4,1,1,5,4,5,7,4,4,10,5,5,2,15,2,19,2,8,1,1,7,9,1,10,9,11,,26,26,1,21,8,121.5472245,25.04261921
111,7,5,9,43,2,04大安區,大安區敦化南路1段190巷與忠孝東路4段77巷口,0,0,2,2,B12,8,1,5,30,4,1,1,5,4,5,7,4,4,10,5,5,2,15,1,48,4,11,3,4,7,15,7,19,11,15,,13,26,2,22,9,121.5472245,25.04261921
111,7,5,9,43,2,04大安區,大安區敦化南路1段190巷與忠孝東路4段77巷口,0,0,2,3,H02,8,1,5,30,4,1,1,5,4,5,7,4,4,10,5,5,2,15,2,17,2,9,1,5,7,20,8,20,10,16,,67,26,1,21,8,121.5472245,25.04261921
111,7,5,10,0,2,10文山區,文山區忠順街2段85巷1弄1號車庫前,0,0,1,1,C03,8,1,5,50,14,9,1,5,4,5,7,4,4,9,5,5,2,17,2,64,2,1,1,1,7,9,1,10,1,15,,22,22,1,19,8,121.5655193,24.98520635
111,7,5,10,0,2,10文山區,文山區忠順街2段85巷1弄1號車庫前,0,0,1,2,C03,8,1,5,50,14,9,1,5,4,5,7,4,4,9,5,5,2,17,2,54,3,10,1,1,7,13,1,10,11,15,,44,22,1,22,9,121.5655193,24.98520635
111,7,5,10,0,2,10文山區,文山區秀明路1段221號,0,0,1,1,C03,8,1,5,50,14,9,1,5,4,5,7,1,1,5,4,5,2,12,2,19,2,9,1,1,7,10,1,10,1,12,,7,7,1,22,9,121.5709109,24.99165544
111,7,5,10,0,2,10文山區,文山區秀明路1段221號,0,0,1,2,B12,8,1,5,50,14,9,1,5,4,5,7,1,1,5,4,5,2,12,1,76,3,10,1,1,7,9,1,8,1,8,,44,7,1,22,9,121.5709109,24.99165544
111,7,5,10,27,2,08士林區,士林區中山北路6段與德行西路口,0,0,1,1,B03,8,1,5,50,4,1,1,5,4,5,7,1,1,5,5,5,2,16,2,65,3,10,1,1,7,9,1,8,1,8,,25,,1,22,9,121.5248201,25.10641689
111,7,5,10,27,2,08士林區,士林區中山北路6段與德行西路口,0,0,1,2,C03,8,1,5,50,4,1,1,5,4,5,7,1,1,5,5,5,2,16,2,55,2,9,1,1,7,9,1,10,1,11,,44,,1,22,9,121.5248201,25.10641689
111,7,5,10,35,2,10文山區,文山區木新路2段161巷與木新路2段161巷19弄口,0,0,1,2,C03,8,1,5,30,3,1,1,5,4,5,7,4,4,10,5,5,2,17,1,66,2,3,1,1,7,9,1,10,1,14,,13,6,1,21,8,121.5694002,24.98258623
111,7,5,10,35,2,10文山區,文山區木新路2段161巷與木新路2段161巷19弄口,0,0,1,1,B03,8,1,5,30,3,1,1,5,4,5,7,4,4,10,5,5,2,17,1,61,3,10,1,1,7,5,1,8,1,15,,6,6,1,21,8,121.5694002,24.98258623
111,7,5,10,45,2,05中正區,中正區愛國西路與愛國西路42巷口,0,0,1,1,C03,8,1,5,50,3,2,1,5,4,5,7,4,4,10,4,5,2,13,2,48,2,9,1,1,7,9,1,10,2,11,,23,23,1,22,9,121.5086609,25.0362944
111,7,5,10,45,2,05中正區,中正區愛國西路與愛國西路42巷口,0,0,1,2,B03,8,1,5,50,3,2,1,5,4,5,7,4,4,10,4,5,2,13,1,46,3,10,1,1,7,7,1,8,2,3,,44,23,1,22,9,121.5086609,25.0362944
111,7,5,11,10,2,12內湖區,內湖區新湖三路與新湖三路219巷口,0,0,1,1,B03,8,1,5,50,4,1,1,5,4,5,7,4,4,10,5,5,2,16,1,48,3,10,1,1,7,9,1,8,1,5,,6,6,1,22,9,121.5807797,25.0655103
111,7,5,11,10,2,12內湖區,內湖區新湖三路與新湖三路219巷口,0,0,1,2,C03,8,1,5,50,4,1,1,5,4,5,7,4,4,10,5,5,2,16,1,56,2,8,1,1,7,9,1,10,1,12,,44,6,1,22,9,121.5807797,25.0655103
111,7,5,11,40,2,12內湖區,內湖區民權東路6段與民權東路6段11巷口,0,0,1,1,B12,8,1,5,50,4,2,1,5,4,5,7,1,1,1,5,5,2,17,1,55,3,10,1,1,7,8,1,8,1,3,,7,7,1,22,9,121.5783939,25.0667422
111,7,5,11,40,2,12內湖區,內湖區民權東路6段與民權東路6段11巷口,0,0,1,2,C03,8,1,5,50,4,2,1,5,4,5,7,1,1,1,5,5,2,17,1,28,2,9,1,1,7,9,1,10,1,11,,23,7,1,22,9,121.5783939,25.0667422
111,7,5,11,52,2,08士林區,士林區文林路421巷與文林路口,0,0,1,1,B02,8,1,5,50,3,1,1,5,4,5,7,4,4,8,5,5,1,16,1,22,3,10,1,1,7,5,1,8,1,4,,8,8,1,22,9,121.5247968,25.09435788
111,7,5,11,52,2,08士林區,士林區文林路421巷與文林路口,0,0,1,2,C03,8,1,5,50,3,1,1,5,4,5,7,4,4,8,5,5,1,16,1,48,2,9,1,1,7,9,1,10,1,12,,44,8,1,22,9,121.5247968,25.09435788
111,7,5,12,10,2,01大同區,大同區台北橋往三重,0,0,1,2,C03,6,1,7,50,14,11,1,4,4,5,7,4,4,9,4,5,1,13,2,20,3,10,1,1,7,9,1,10,1,13,,14,16,1,22,9,121.5105022,25.0630729
111,7,5,12,10,2,01大同區,大同區台北橋往三重,0,0,1,1,C03,6,1,7,50,14,11,1,4,4,5,7,4,4,9,4,5,1,13,2,20,2,9,1,1,7,9,1,10,1,11,,16,16,1,22,9,121.5105022,25.0630729
111,7,5,12,13,2,04大安區,大安區復興南路2段151巷與大安路2段口,0,0,1,1,B01,8,1,5,40,3,2,1,5,4,5,7,1,1,4,5,5,2,9,1,60,3,10,1,1,7,14,6,4,1,2,,23,23,1,22,9,121.546134,25.0282417
111,7,5,12,13,2,04大安區,大安區復興南路2段151巷與大安路2段口,0,0,1,2,H02,8,1,5,40,3,2,1,5,4,5,7,1,1,4,5,5,2,9,2,42,3,10,4,5,7,19,8,20,10,16,,60,23,1,22,9,121.546134,25.0282417
111,7,5,12,13,2,04大安區,大安區復興南路2段151巷與大安路2段口,0,0,1,3,C03,8,1,5,40,3,2,1,5,4,5,7,1,1,4,5,5,2,9,2,35,2,9,1,1,7,9,1,10,1,14,,44,23,1,22,9,121.546134,25.0282417
111,7,5,12,30,2,02萬華區,萬華區昆明街201巷20弄與昆明街201巷口,0,0,1,1,H01,1,1,5,30,4,1,1,4,4,5,7,4,4,10,5,5,2,3,1,40,2,9,4,5,8,16,8,20,10,16,,53,53,1,22,9,121.5051436,25.0388923
111,7,5,12,30,2,02萬華區,萬華區昆明街201巷20弄與昆明街201巷口,0,0,1,2,C03,1,1,5,30,4,1,1,4,4,5,7,4,4,10,5,5,2,3,1,24,3,10,1,1,7,9,1,10,1,11,,14,53,1,22,9,121.5051436,25.0388923
111,7,5,12,35,2,10文山區,文山區羅斯福路6段與景福街口,0,0,1,1,C03,6,1,5,50,4,1,1,4,4,5,7,2,1,1,4,5,2,17,1,29,3,10,1,1,7,8,1,10,2,15,,7,7,1,22,9,121.5398469,24.9994942