發生年度,發生月,發生日,發生時-Hours,發生分,處理別-編號,區序,肇事地點,死亡人數,2-30日死亡人數,受傷人數,當事人序號,車種,天候,光線,道路類別,速限-速度限制,道路型態,事故位置,路面狀況1,路面狀況2,路面狀況3,道路障礙1,道路障礙2,號誌1,號誌2,車道劃分-分向,車道劃分-分道1,車道劃分-分道2,車道劃分-分道3,事故類型及型態,性別,年齡,受傷程度,主要傷處,安全帽,行動電話,車輛用途,當事者行動狀態,駕駛資格情形,駕駛執照種類,飲酒情形,車輛撞擊部位1,車輛撞擊部位2,肇因碼-個別,肇因碼-主要,個人肇逃否,職業,旅次目的,座標-X,座標-Y
111,7,5,12,35,2,10文山區,文山區羅斯福路6段與景福街口,0,0,1,2,C03,6,1,5,50,4,1,1,4,4,5,7,2,1,1,4,5,2,17,2,53,2,8,1,1,7,1,1,10,2,12,,42,7,1,22,9,121.5398469,24.9994942
111,7,5,12,50,2,12內湖區,內湖區南京東路6段與南京東路6段368巷口,0,0,1,1,B11,7,1,5,50,14,7,1,5,4,5,7,4,4,1,4,5,2,13,1,26,2,9,1,1,7,9,1,2,1,1,,16,16,1,22,9,121.585998,25.05970629
111,7,5,12,50,2,12內湖區,內湖區南京東路6段與南京東路6段368巷口,0,0,1,2,A02,7,1,5,50,14,7,1,5,4,5,7,4,4,1,4,5,2,13,1,55,3,10,1,1,7,15,1,2,1,3,,44,16,1,22,9,121.585998,25.05970629
111,7,5,13,0,2,09北投區,北投區承德路6段與福國路口,0,0,2,1,B03,6,1,5,50,14,9,1,4,4,5,7,4,4,9,4,4,2,13,2,39,2,9,1,1,7,9,1,8,2,1,,23,23,1,22,9,121.5122764,25.10100548
111,7,5,13,0,2,09北投區,北投區承德路6段與福國路口,0,0,2,2,B03,6,1,5,50,14,9,1,4,4,5,7,4,4,9,4,4,2,13,1,75,3,10,1,1,7,9,1,8,2,3,,44,23,1,22,9,121.5122764,25.10100548
111,7,5,13,0,2,09北投區,北投區承德路6段與福國路口,0,0,2,3,B12,6,1,5,50,14,9,1,4,4,5,7,4,4,9,4,4,2,13,1,63,3,10,1,1,7,9,1,8,2,3,,44,23,1,22,9,121.5122764,25.10100548
111,7,5,13,0,2,09北投區,北投區承德路6段與福國路口,0,0,2,4,H02,6,1,5,50,14,9,1,4,4,5,7,4,4,9,4,4,2,13,1,39,2,9,4,1,7,20,8,20,10,16,,67,23,1,22,9,121.5122764,25.10100548
111,7,5,13,7,2,11南港區,南港區研究院路2段70巷與研究院路2段70巷37弄口,0,0,2,1,C03,8,1,5,30,3,2,1,5,4,5,7,4,4,10,5,5,2,17,1,30,2,9,3,4,7,6,1,10,1,14,,23,23,1,22,9,121.6138663,25.045609
111,7,5,13,7,2,11南港區,南港區研究院路2段70巷與研究院路2段70巷37弄口,0,0,2,2,B01,8,1,5,30,3,2,1,5,4,5,7,4,4,10,5,5,2,17,1,56,2,9,3,4,7,9,1,4,1,4,,44,23,1,22,9,121.6138663,25.045609
111,7,5,14,0,2,05中正區,中正區詔安街38巷與水源路口,0,0,1,1,C03,6,1,5,50,3,1,1,4,4,5,7,4,4,10,4,5,2,12,1,50,3,10,1,1,7,8,1,10,2,12,,7,7,1,22,9,121.5147269,25.0240904
111,7,5,14,0,2,05中正區,中正區詔安街38巷與水源路口,0,0,1,2,C03,6,1,5,50,3,1,1,4,4,5,7,4,4,10,4,5,2,12,2,57,2,9,1,1,7,9,1,10,2,11,,44,7,1,22,9,121.5147269,25.0240904
111,7,5,14,18,2,05中正區,中正區忠孝東路2段與臨沂街口,0,0,1,1,B03,7,1,5,50,4,2,1,4,4,5,7,2,1,1,4,5,2,17,1,61,3,10,1,1,7,8,1,8,2,15,,7,7,1,22,9,121.5307955,25.04295641
111,7,5,14,18,2,05中正區,中正區忠孝東路2段與臨沂街口,0,0,1,2,C03,7,1,5,50,4,2,1,4,4,5,7,2,1,1,4,5,2,17,1,28,2,9,1,1,7,9,1,10,2,14,,44,7,1,22,9,121.5307955,25.04295641
111,7,5,14,18,2,09北投區,北投區尊賢街243巷與承德路7段口口,0,0,2,1,C03,6,1,5,30,4,1,1,4,4,5,7,1,1,1,4,4,2,16,1,25,2,7,1,1,7,5,1,10,1,14,,8,8,1,22,9,121.5051513,25.11618614
111,7,5,14,18,2,09北投區,北投區尊賢街243巷與承德路7段口口,0,0,2,2,C03,6,1,5,30,4,1,1,4,4,5,7,1,1,1,4,4,2,16,1,23,2,7,1,1,7,9,1,10,1,11,,44,8,1,22,9,121.5051513,25.11618614
111,7,5,14,28,2,05中正區,中正區漢口街1段與懷寧街口,0,0,1,1,C03,6,1,5,50,4,1,1,4,4,5,7,3,1,10,4,5,2,16,1,45,2,9,1,1,7,9,1,10,2,11,,6,6,1,22,9,121.5141738,25.04516048
111,7,5,14,28,2,05中正區,中正區漢口街1段與懷寧街口,0,0,1,2,B03,6,1,5,50,4,1,1,4,4,5,7,3,1,10,4,5,2,16,1,27,3,10,1,1,7,9,1,8,2,1,,26,6,1,22,9,121.5141738,25.04516048
111,7,5,14,36,2,01大同區,大同區環河北路1段與歸綏街口,0,0,1,1,C03,6,1,5,50,3,2,1,4,4,5,7,4,4,1,4,5,2,17,1,36,2,9,1,1,7,9,1,10,1,11,,23,23,1,22,9,121.5085324,25.0579633
111,7,5,14,36,2,01大同區,大同區環河北路1段與歸綏街口,0,0,1,2,B12,6,1,5,50,3,2,1,4,4,5,7,4,4,1,4,5,2,17,1,32,3,10,1,1,7,6,1,8,1,6,,9,23,1,22,9,121.5085324,25.0579633
111,7,5,14,47,2,03中山區,中山區松江路與長春路口,0,0,1,1,B03,6,1,5,50,4,1,1,4,4,5,7,2,1,5,4,5,2,1,1,75,3,10,3,4,7,5,1,8,1,1,,15,15,1,22,9,121.5331377,25.0549213
111,7,5,14,47,2,03中山區,中山區松江路與長春路口,0,0,1,2,H01,6,1,5,50,4,1,1,4,4,5,7,2,1,5,4,5,2,1,2,36,2,1,4,5,8,16,8,20,10,16,,51,15,1,22,9,121.5331377,25.0549213
111,7,5,15,25,2,08士林區,士林區中正路601號,0,0,1,1,B03,6,1,5,50,14,9,1,4,4,5,7,4,4,1,2,5,2,12,2,48,3,10,1,1,7,7,1,8,1,8,,26,26,1,22,9,121.5098274,25.08670597
111,7,5,15,25,2,08士林區,士林區中正路601號,0,0,1,2,C03,6,1,5,50,14,9,1,4,4,5,7,4,4,1,2,5,2,12,2,27,2,9,1,1,7,8,1,10,1,12,,44,26,1,22,9,121.5098274,25.08670597
111,7,5,15,25,2,11南港區,南港區南港路2段19號,0,0,1,1,H01,6,1,5,0,15,19,1,4,4,5,7,2,1,10,4,4,2,9,1,83,2,9,4,5,8,16,8,20,10,16,,52,52,1,22,9,121.6032749,25.0537114
111,7,5,15,25,2,11南港區,南港區南港路2段19號,0,0,1,2,B03,6,1,5,0,15,19,1,4,4,5,7,2,1,10,4,4,2,9,1,52,3,10,3,4,7,7,1,8,2,4,,7,52,1,22,9,121.6032749,25.0537114
111,7,5,15,25,2,11南港區,南港區南港路2段19號,0,0,1,3,A11,6,1,5,0,15,19,1,4,4,5,7,2,1,10,4,4,2,9,1,60,3,10,3,4,7,9,1,3,2,1,,44,52,1,22,9,121.6032749,25.0537114
111,7,5,15,31,2,04大安區,大安區基隆路3段與基隆路3段155巷口,0,0,1,1,C03,6,1,5,50,4,1,1,4,4,5,7,2,1,1,4,4,2,17,1,34,2,9,1,1,7,9,1,10,1,14,,44,44,1,22,9,121.5426191,25.01566654
111,7,5,15,31,2,04大安區,大安區基隆路3段與基隆路3段155巷口,0,0,1,2,C03,6,1,5,50,4,1,1,4,4,5,7,2,1,1,4,4,2,17,1,20,3,10,1,1,7,5,1,10,1,13,,44,44,1,22,9,121.5426191,25.01566654
111,7,5,15,35,2,05中正區,中正區中山南路與凱達格蘭大道口,0,0,1,1,B03,6,1,5,50,16,9,1,4,4,5,7,1,1,1,4,5,2,17,2,71,2,7,1,1,7,9,1,8,2,8,,25,25,1,22,9,121.5174139,25.0388988
111,7,5,15,35,2,05中正區,中正區中山南路與凱達格蘭大道口,0,0,1,2,B02,6,1,5,50,16,9,1,4,4,5,7,1,1,1,4,5,2,17,1,40,3,10,1,1,7,9,1,8,2,5,,44,25,1,22,9,121.5174139,25.0388988
111,7,5,15,50,2,06松山區,松山區南京東路4段181號,0,0,1,1,B01,6,2,5,40,14,8,1,4,4,5,7,1,1,1,3,4,2,17,1,27,3,10,3,4,7,6,1,8,1,5,,9,9,1,22,9,121.5564043,25.0517415
111,7,5,15,50,2,06松山區,松山區南京東路4段181號,0,0,1,2,C03,6,2,5,40,14,8,1,4,4,5,7,1,1,1,3,4,2,17,1,25,2,8,1,1,7,9,1,10,1,14,,23,9,1,22,9,121.5564043,25.0517415
111,7,5,16,26,2,01大同區,大同區鄭州路與西寧北路口,0,0,1,1,B03,6,1,5,40,4,1,1,4,4,5,7,1,1,9,4,5,2,12,2,37,3,10,1,1,7,9,1,8,1,1,,26,26,1,22,9,121.5082021,25.0506052
111,7,5,16,26,2,01大同區,大同區鄭州路與西寧北路口,0,0,1,2,C03,6,1,5,40,4,1,1,4,4,5,7,1,1,9,4,5,2,12,2,29,2,9,1,1,7,5,1,10,1,13,,44,26,1,22,9,121.5082021,25.0506052
111,7,5,17,0,2,12內湖區,內湖區東湖路與安康路口,0,0,1,1,B03,6,1,5,50,4,1,1,4,4,5,7,1,1,10,5,5,2,17,1,20,3,10,1,1,7,5,1,8,1,1,,6,6,1,22,9,121.6160609,25.06827806
111,7,5,17,0,2,12內湖區,內湖區東湖路與安康路口,0,0,1,2,C03,6,1,5,50,4,1,1,4,4,5,7,1,1,10,5,5,2,17,1,29,2,9,1,1,7,9,1,10,1,11,,42,6,1,22,9,121.6160609,25.06827806
111,7,5,17,35,2,12內湖區,內湖區康寧路1段與無名巷口,0,0,1,1,C03,8,1,5,30,3,2,1,5,4,5,7,4,4,9,5,5,2,17,2,29,3,10,1,1,7,15,1,10,1,12,,6,6,1,22,9,121.5914658,25.08046207
111,7,5,17,35,2,12內湖區,內湖區康寧路1段與無名巷口,0,0,1,2,C03,8,1,5,30,3,2,1,5,4,5,7,4,4,9,5,5,2,17,1,59,2,9,1,1,7,9,1,10,1,14,,13,6,1,22,9,121.5914658,25.08046207
111,7,5,17,42,2,03中山區,中山區市民大道3段與建國南路1段口,0,0,1,1,B03,6,1,5,50,4,1,1,4,4,5,7,2,1,1,4,5,2,17,1,66,3,10,3,4,7,6,1,8,1,15,,9,9,1,22,9,121.5363771,25.04488795
111,7,5,17,42,2,03中山區,中山區市民大道3段與建國南路1段口,0,0,1,2,C03,6,1,5,50,4,1,1,4,4,5,7,2,1,1,4,5,2,17,2,24,2,9,3,4,7,9,1,10,1,12,,44,9,1,22,9,121.5363771,25.04488795
111,7,5,17,44,2,11南港區,南港區研究院路3段247號,0,0,1,1,C03,7,1,5,50,15,9,1,4,4,5,6,4,4,5,4,5,2,17,1,38,2,9,1,4,7,6,1,10,1,11,,23,23,1,22,9,121.6102452,25.0309817
111,7,5,17,44,2,11南港區,南港區研究院路3段247號,0,0,1,2,A12,7,1,5,50,15,9,1,4,4,5,6,4,4,5,4,5,2,17,1,58,3,10,1,4,7,9,1,3,1,15,,23,23,1,22,9,121.6102452,25.0309817
111,7,5,17,45,2,03中山區,中山區市民大道3段與建國南路1段口,0,0,1,1,B03,6,1,5,40,4,1,1,4,4,5,7,2,1,1,4,5,2,5,1,24,3,10,3,4,7,8,1,8,1,4,,23,23,1,22,9,121.536332,25.04485574
111,7,5,17,45,2,03中山區,中山區市民大道3段與建國南路1段口,0,0,1,2,H01,6,1,5,40,4,1,1,4,4,5,7,2,1,1,4,5,2,5,1,66,2,8,4,5,8,17,8,20,1,16,,67,23,1,22,9,121.536332,25.04485574
111,7,5,17,50,2,09北投區,北投區大度路1段11-1號,0,0,1,1,B12,8,1,5,70,14,9,1,4,4,5,7,4,4,8,3,5,2,17,1,37,3,10,1,1,7,8,1,4,1,15,,7,7,1,22,9,121.4978963,25.12104792
111,7,5,17,50,2,09北投區,北投區大度路1段11-1號,0,0,1,2,C03,8,1,5,70,14,9,1,4,4,5,7,4,4,8,3,5,2,17,1,39,2,7,1,1,7,9,1,10,1,12,,44,7,1,22,9,121.4978963,25.12104792
111,7,5,17,54,2,08士林區,士林區延平北路7段堤內道延平河濱251號燈桿,0,0,1,1,C03,8,1,5,30,14,9,1,5,4,5,6,4,4,10,5,5,2,13,1,18,2,9,1,1,7,9,1,10,1,11,,23,23,1,22,9,121.4908382,25.11283074
111,7,5,17,54,2,08士林區,士林區延平北路7段堤內道延平河濱251號燈桿,0,0,1,2,A11,8,1,5,30,14,9,1,5,4,5,6,4,4,10,5,5,2,13,1,55,3,10,3,4,7,14,1,2,1,3,,44,23,1,22,9,121.4908382,25.11283074
111,7,5,18,12,2,04大安區,大安區羅斯福路3段281號,0,0,1,1,C04,6,1,5,50,14,9,1,4,4,5,7,4,4,1,4,5,2,13,1,21,2,9,3,4,7,9,1,10,1,11,,23,23,1,22,9,121.531211,25.01786015
111,7,5,18,12,2,04大安區,大安區羅斯福路3段281號,0,0,1,2,B01,6,1,5,50,14,9,1,4,4,5,7,4,4,1,4,5,2,13,1,61,3,10,3,4,7,9,1,4,1,7,,44,23,1,22,9,121.531211,25.01786015
111,7,5,18,14,2,02萬華區,萬華區西昌街與長沙街2段口,0,0,1,1,C03,8,1,5,50,4,1,1,5,4,5,7,2,1,5,5,5,2,16,4,,4,11,3,4,7,15,7,19,11,15,,43,43,2,22,9,121.5008153,25.0409616
111,7,5,18,14,2,02萬華區,萬華區西昌街與長沙街2段口,0,0,1,2,C03,8,1,5,50,4,1,1,5,4,5,7,2,1,5,5,5,2,16,1,44,2,8,1,4,7,9,1,10,1,14,,43,43,1,22,9,121.5008153,25.0409616
111,7,5,18,17,2,06松山區,松山區八德路3段10號,0,0,1,1,B01,7,3,5,50,14,9,1,5,4,5,7,4,4,5,4,5,2,17,1,69,3,10,3,4,7,11,1,8,2,15,,10,10,1,22,9,121.5498075,25.04817208
111,7,5,18,17,2,06松山區,松山區八德路3段10號,0,0,1,2,C03,7,3,5,50,14,9,1,5,4,5,7,4,4,5,4,5,2,17,1,46,2,9,3,4,7,9,1,10,2,14,,44,10,1,22,9,121.5498075,25.04817208
111,7,5,18,19,2,04大安區,大安區基隆路2段230號,0,0,1,2,B03,7,1,5,50,14,9,1,5,4,5,7,4,4,8,3,5,2,13,2,54,3,10,1,1,7,9,1,8,1,3,,43,43,1,22,9,121.551301,25.02328104
111,7,5,18,19,2,04大安區,大安區基隆路2段230號,0,0,1,3,H02,7,1,5,50,14,9,1,5,4,5,7,4,4,8,3,5,2,13,2,50,2,6,4,5,7,20,8,20,10,16,,67,43,1,22,9,121.551301,25.02328104
111,7,5,18,19,2,04大安區,大安區基隆路2段230號,0,0,1,1,B03,7,1,5,50,14,9,1,5,4,5,7,4,4,8,3,5,2,13,1,36,3,10,1,1,7,9,1,8,1,1,,43,43,1,22,9,121.551301,25.02328104
111,7,5,18,32,2,02萬華區,萬華區武昌街2段與武昌街2段120巷口,0,0,1,1,C03,7,1,5,30,4,1,1,5,4,5,7,4,4,10,5,5,2,17,1,32,3,10,1,1,7,9,1,10,1,12,,43,43,1,22,9,121.5041169,25.0454632
111,7,5,18,32,2,02萬華區,萬華區武昌街2段與武昌街2段120巷口,0,0,1,2,C03,7,1,5,30,4,1,1,5,4,5,7,4,4,10,5,5,2,17,1,50,2,9,1,1,7,9,1,10,1,12,,43,43,1,22,9,121.5041169,25.0454632
111,7,5,18,57,2,05中正區,中正區仁愛路1段與林森南路口,0,0,1,1,C03,7,3,5,50,4,1,1,5,4,5,7,1,1,10,3,5,2,12,2,35,3,10,1,1,7,5,1,10,1,13,,8,8,1,22,9,121.5216282,25.03861566
111,7,5,18,57,2,05中正區,中正區仁愛路1段與林森南路口,0,0,1,2,C03,7,3,5,50,4,1,1,5,4,5,7,1,1,10,3,5,2,12,2,28,2,7,1,1,7,9,1,10,1,11,,44,8,1,22,9,121.5216282,25.03861566
111,7,5,19,2,2,09北投區,北投區承德路7段與石牌路1段口,0,0,1,1,B03,7,3,5,50,3,1,1,5,4,5,7,2,1,9,4,5,1,12,2,28,3,10,1,1,7,6,1,8,1,5,,43,43,1,22,9,121.5093147,25.11252592
111,7,5,19,2,2,09北投區,北投區承德路7段與石牌路1段口,0,0,1,2,F01,7,3,5,50,3,1,1,5,4,5,7,2,1,9,4,5,1,12,2,24,2,9,1,1,7,9,8,20,1,16,,43,43,1,22,9,121.5093147,25.11252592
111,7,5,19,15,2,09北投區,北投區大度路2段032燈桿,0,0,1,1,C03,7,3,5,50,14,11,1,5,4,5,7,4,4,1,4,5,2,12,1,27,2,9,1,1,7,9,1,10,1,11,,23,23,1,22,9,121.47847,25.12260026
111,7,5,19,15,2,09北投區,北投區大度路2段032燈桿,0,0,1,2,C03,7,3,5,50,14,11,1,5,4,5,7,4,4,1,4,5,2,12,1,33,3,10,1,1,7,9,1,10,1,13,,44,23,1,22,9,121.47847,25.12260026
111,7,5,19,16,2,10文山區,文山區興隆路2段與興隆路2段154巷口,0,0,1,1,C03,7,3,5,50,3,2,1,4,4,5,7,1,1,1,4,5,2,16,2,44,2,9,1,1,7,7,1,10,2,14,,7,7,1,22,9,121.5509147,25.00153576
111,7,5,19,16,2,10文山區,文山區興隆路2段與興隆路2段154巷口,0,0,1,2,B03,7,3,5,50,3,2,1,4,4,5,7,1,1,1,4,5,2,16,1,60,3,10,1,1,7,9,1,8,11,2,,44,7,1,22,9,121.5509147,25.00153576
111,7,5,19,30,2,12內湖區,內湖區成功路2段183號,0,0,1,1,C03,8,1,5,50,14,9,1,5,4,5,7,4,4,1,5,5,1,13,1,36,3,10,3,4,7,12,1,10,1,13,,14,14,1,22,9,121.5907124,25.0664417
111,7,5,19,30,2,12內湖區,內湖區成功路2段183號,0,0,1,2,C03,8,1,5,50,14,9,1,5,4,5,7,4,4,1,5,5,1,13,1,23,2,9,3,4,7,9,1,10,1,11,,16,14,1,22,9,121.5907124,25.0664417
111,7,5,19,35,2,04大安區,大安區泰順街與泰順街16段口,0,0,1,1,C03,7,3,5,30,4,1,1,4,4,5,7,4,4,10,5,5,2,17,1,42,2,9,1,1,7,5,1,10,1,11,,8,8,1,22,9,121.5315041,25.02541159
111,7,5,19,35,2,04大安區,大安區泰順街與泰順街16段口,0,0,1,2,B02,7,3,5,30,4,1,1,4,4,5,7,4,4,10,5,5,2,17,1,39,3,10,1,1,7,9,1,8,1,8,,23,8,1,22,9,121.5315041,25.02541159
111,7,5,19,45,2,04大安區,大安區信義路3段162-3號,0,0,1,1,C03,7,3,5,50,14,9,1,5,4,5,7,4,4,9,4,5,1,13,1,26,2,9,1,1,7,9,1,10,11,11,,23,23,1,22,9,121.5419013,25.0333364
111,7,5,19,45,2,04大安區,大安區信義路3段162-3號,0,0,1,2,B03,7,3,5,50,14,9,1,5,4,5,7,4,4,9,4,5,1,13,1,62,3,10,1,1,7,13,1,8,11,3,,38,23,1,22,9,121.5419013,25.0333364
111,7,5,20,10,2,07信義區,信義區松仁路38號,0,0,1,1,C03,7,1,5,50,14,9,1,5,4,5,7,4,4,1,4,5,2,13,1,18,2,8,3,4,7,9,1,10,1,11,,23,23,1,22,9,121.5683165,25.03830134
111,7,5,20,10,2,07信義區,信義區松仁路38號,0,0,1,2,B01,7,1,5,50,14,9,1,5,4,5,7,4,4,1,4,5,2,13,1,40,3,10,3,4,7,14,1,4,1,3,,38,23,1,22,9,121.5683165,25.03830134
111,7,5,20,37,2,03中山區,中山區市民大道2段與林森北路口,0,0,2,1,C03,8,3,5,40,4,1,1,5,4,5,7,1,1,1,4,5,2,17,2,21,2,9,1,1,7,5,1,10,1,13,,8,8,1,22,9,121.524248,25.04790123
111,7,5,20,37,2,03中山區,中山區市民大道2段與林森北路口,0,0,2,2,C03,8,3,5,40,4,1,1,5,4,5,7,1,1,1,4,5,2,17,2,25,2,9,1,1,7,9,1,10,1,11,,23,8,1,22,9,121.524248,25.04790123
111,7,5,21,44,2,06松山區,松山區光復北路與民生東路5段口,0,0,1,1,B01,8,3,5,50,4,1,1,5,4,5,7,2,1,9,4,5,2,16,1,54,3,10,1,1,7,5,1,4,2,8,,8,8,1,22,9,121.5552326,25.05831318
111,7,5,21,44,2,06松山區,松山區光復北路與民生東路5段口,0,0,1,2,C03,8,3,5,50,4,1,1,5,4,5,7,2,1,9,4,5,2,16,1,27,2,8,1,1,7,9,1,10,2,14,,13,8,1,22,9,121.5552326,25.05831318
111,7,5,21,44,2,06松山區,松山區光復北路與民生東路5段口,0,0,1,3,C03,8,3,5,50,4,1,1,5,4,5,7,2,1,9,4,5,2,16,2,19,3,10,3,4,7,13,7,19,9,11,,44,8,1,22,9,121.5552326,25.05831318
111,7,5,21,44,2,06松山區,松山區光復北路與民生東路5段口,0,0,1,4,C03,8,3,5,50,4,1,1,5,4,5,7,2,1,9,4,5,2,16,1,45,3,10,3,4,7,13,7,19,9,11,,44,8,1,22,9,121.5552326,25.05831318
111,7,5,21,44,2,06松山區,松山區光復北路與民生東路5段口,0,0,1,5,C03,8,3,5,50,4,1,1,5,4,5,7,2,1,9,4,5,2,16,1,35,3,10,3,4,7,13,7,19,9,15,,44,8,1,22,9,121.5552326,25.05831318
111,7,5,21,44,2,06松山區,松山區光復北路與民生東路5段口,0,0,1,6,C03,8,3,5,50,4,1,1,5,4,5,7,2,1,9,4,5,2,16,1,68,3,10,3,4,7,13,7,19,9,11,,44,8,1,22,9,121.5552326,25.05831318
111,7,5,22,7,2,03中山區,中山區長安東路1段與林森北路口,0,0,1,1,B01,7,3,5,50,4,1,1,5,4,5,7,2,1,10,2,5,2,3,1,55,3,10,1,4,7,6,1,4,11,5,,15,15,1,10,9,121.5244733,25.04921548
111,7,5,22,7,2,03中山區,中山區長安東路1段與林森北路口,0,0,1,2,H01,7,3,5,50,4,1,1,5,4,5,7,2,1,10,2,5,2,3,2,20,2,7,4,5,8,16,8,20,11,16,,67,15,1,22,9,121.5244733,25.04921548
111,7,6,1,30,2,07信義區,信義區忠孝東路4段501號口,0,0,2,1,C03,8,3,5,50,14,9,1,5,4,5,7,4,4,1,4,5,2,9,1,25,2,9,1,1,7,9,1,10,1,12,,42,42,1,22,9,121.5606704,25.04133959
111,7,6,1,30,2,07信義區,信義區忠孝東路4段501號口,0,0,2,2,H02,8,3,5,50,14,9,1,5,4,5,7,4,4,1,4,5,2,9,2,27,2,9,1,5,7,20,8,20,10,16,,67,42,1,22,9,121.5606704,25.04133959
111,7,6,1,30,2,07信義區,信義區忠孝東路4段501號口,0,0,2,3,,8,3,5,50,14,9,1,5,4,5,7,4,4,1,4,5,2,9,3,,,,,,,,,,,,,61,42,1,,,121.5606704,25.04133959
111,7,6,1,44,2,03中山區,中山區中山北路3段與民權西路口,0,0,2,1,B01,8,3,5,50,4,1,1,5,4,5,7,1,1,1,4,5,2,16,1,54,2,2,3,4,7,5,1,4,2,6,,8,8,1,22,9,121.5225104,25.06272339
111,7,6,1,44,2,03中山區,中山區中山北路3段與民權西路口,0,0,2,2,C03,8,3,5,50,4,1,1,5,4,5,7,1,1,1,4,5,2,16,1,26,2,9,3,4,7,9,3,18,2,11,,44,8,1,22,9,121.5225104,25.06272339
111,7,6,5,0,2,12內湖區,內湖區金湖路與康寧路1段口,0,0,1,1,C03,8,2,5,50,3,2,1,5,4,4,7,2,1,1,4,4,2,29,2,30,2,9,1,1,7,9,1,10,1,15,,43,43,1,22,9,121.599594,25.07897311
111,7,6,5,0,2,12內湖區,內湖區金湖路與康寧路1段口,0,0,1,2,B12,8,2,5,50,3,2,1,5,4,4,7,2,1,1,4,4,2,29,4,,,,,,,,,,11,,,43,43,1,,,121.599594,25.07897311
111,7,6,5,40,2,10文山區,文山區汀州路4段(溪洲景二號疏散門),0,0,2,1,C03,8,1,8,30,15,22,1,5,4,5,7,3,1,10,5,5,2,12,2,52,2,9,1,1,7,5,3,18,1,14,,8,8,1,22,9,121.5354715,24.99846276
111,7,6,5,40,2,10文山區,文山區汀州路4段(溪洲景二號疏散門),0,0,2,2,C03,8,1,8,30,15,22,1,5,4,5,7,3,1,10,5,5,2,12,2,58,2,9,1,1,7,5,1,10,1,12,,14,8,1,22,9,121.5354715,24.99846276
111,7,6,5,50,2,03中山區,中山區民權東路2段63號,0,0,1,1,C03,8,1,5,50,14,9,1,5,4,5,7,4,4,1,4,5,1,13,1,51,2,9,1,1,7,9,1,10,1,12,,23,23,1,22,9,121.5311999,25.0627676
111,7,6,5,50,2,03中山區,中山區民權東路2段63號,0,0,1,2,B03,8,1,5,50,14,9,1,5,4,5,7,4,4,1,4,5,1,13,1,40,3,10,1,1,7,9,1,8,1,7,,44,23,1,22,9,121.5311999,25.0627676
111,7,6,6,9,2,11南港區,南港區東新街與東新街118巷口,0,0,1,1,B03,8,1,5,50,3,1,1,5,4,5,7,2,1,4,5,5,2,11,1,53,3,10,1,1,7,11,1,8,2,5,,10,10,1,22,9,121.588235,25.0465495
111,7,6,6,9,2,11南港區,南港區東新街與東新街118巷口,0,0,1,2,C03,8,1,5,50,3,1,1,5,4,5,7,2,1,4,5,5,2,11,1,78,2,9,1,1,7,9,1,10,2,14,,23,10,1,22,9,121.588235,25.0465495
111,7,6,7,33,2,08士林區,士林區中正路329號,0,0,1,1,C03,8,1,5,50,14,9,1,5,4,5,7,4,4,10,5,5,1,13,2,57,2,8,1,1,7,9,1,10,2,12,,23,23,1,22,9,121.5225614,25.09450136
111,7,6,7,33,2,08士林區,士林區中正路329號,0,0,1,2,A02,8,1,5,50,14,9,1,5,4,5,7,4,4,10,5,5,1,13,1,46,3,10,1,1,7,14,1,2,2,3,,44,23,1,22,9,121.5225614,25.09450136
111,7,6,7,38,2,10文山區,文山區木柵路1段與試院路口,0,0,1,1,B03,8,1,5,50,3,1,1,5,4,5,7,2,1,5,2,5,2,16,1,37,3,10,1,1,7,5,1,8,2,2,,8,8,1,22,9,121.5498818,24.9874843
111,7,6,7,38,2,10文山區,文山區木柵路1段與試院路口,0,0,1,2,C03,8,1,5,50,3,1,1,5,4,5,7,2,1,5,2,5,2,16,1,60,2,9,1,1,7,9,1,10,2,11,,23,8,1,22,9,121.5498818,24.9874843
111,7,6,8,0,2,06松山區,松山區健康路156號,0,0,1,1,B03,8,1,5,40,14,9,1,5,4,5,7,1,1,1,3,4,2,17,1,68,3,10,1,1,7,13,1,8,1,4,,40,40,1,22,9,121.5573658,25.0537171
111,7,6,8,0,2,06松山區,松山區健康路156號,0,0,1,2,C03,8,1,5,40,14,9,1,5,4,5,7,1,1,1,3,4,2,17,2,24,2,9,1,1,7,9,1,10,1,12,,44,40,1,22,9,121.5573658,25.0537171
111,7,6,8,4,2,03中山區,中山區民權西路與中山北路1段口,0,0,1,1,C03,8,1,5,50,4,2,1,5,4,5,7,1,1,1,4,5,2,12,2,40,3,10,1,1,7,8,1,10,11,12,,7,7,2,22,9,121.5226197,25.0626326
111,7,6,8,4,2,03中山區,中山區民權西路與中山北路1段口,0,0,1,2,C03,8,1,5,50,4,2,1,5,4,5,7,1,1,1,4,5,2,12,2,28,2,9,1,1,7,9,1,10,1,14,,44,7,1,22,9,121.5226197,25.0626326
111,7,6,8,7,2,03中山區,中山區吉林路150號,0,0,2,1,C03,8,1,5,50,14,8,1,5,4,5,7,4,4,5,4,4,2,12,1,45,2,7,1,1,7,8,1,10,1,12,,7,7,1,22,9,121.5301269,25.05643317
111,7,6,8,7,2,03中山區,中山區吉林路150號,0,0,2,2,C03,8,1,5,50,14,8,1,5,4,5,7,4,4,5,4,4,2,12,1,41,2,9,1,1,7,9,1,10,1,14,,17,7,1,22,9,121.5301269,25.05643317
111,7,6,8,11,2,03中山區,中山區民權東路1段與林森北路口,0,0,1,1,B12,8,1,5,50,4,2,1,5,4,5,7,2,1,1,4,5,2,13,1,38,3,10,3,4,7,9,1,8,1,1,,16,16,1,22,9,121.5253767,25.0626123