發生年度,發生月,發生日,發生時-Hours,發生分,處理別-編號,區序,肇事地點,死亡人數,2-30日死亡人數,受傷人數,當事人序號,車種,天候,光線,道路類別,速限-速度限制,道路型態,事故位置,路面狀況1,路面狀況2,路面狀況3,道路障礙1,道路障礙2,號誌1,號誌2,車道劃分-分向,車道劃分-分道1,車道劃分-分道2,車道劃分-分道3,事故類型及型態,性別,年齡,受傷程度,主要傷處,安全帽,行動電話,車輛用途,當事者行動狀態,駕駛資格情形,駕駛執照種類,飲酒情形,車輛撞擊部位1,車輛撞擊部位2,肇因碼-個別,肇因碼-主要,個人肇逃否,職業,旅次目的,座標-X,座標-Y
111,7,6,8,11,2,03中山區,中山區民權東路1段與林森北路口,0,0,1,2,C03,8,1,5,50,4,2,1,5,4,5,7,2,1,1,4,5,2,13,1,37,2,9,3,4,7,12,1,10,1,13,,44,16,1,22,9,121.5253767,25.0626123
111,7,6,8,11,2,10文山區,文山區萬壽路25巷與萬壽路口,0,0,1,1,B03,8,1,5,30,3,2,1,5,4,5,7,4,4,9,5,5,2,12,1,27,3,10,1,1,7,6,1,8,1,2,,43,43,1,22,9,121.5762548,24.9881884
111,7,6,8,11,2,10文山區,文山區萬壽路25巷與萬壽路口,0,0,1,2,C03,8,1,5,30,3,2,1,5,4,5,7,4,4,9,5,5,2,12,1,28,2,8,1,1,7,6,1,10,1,11,,43,43,1,21,1,121.5762548,24.9881884
111,7,6,8,28,2,02萬華區,萬華區華中橋機車道往台北市,0,0,3,1,C03,8,1,5,30,14,11,1,5,4,5,7,4,4,3,4,5,2,16,1,21,2,9,1,1,7,8,1,10,2,11,,43,43,1,22,9,121.4958921,25.01540107
111,7,6,8,28,2,02萬華區,萬華區華中橋機車道往台北市,0,0,3,2,C03,8,1,5,30,14,11,1,5,4,5,7,4,4,3,4,5,2,16,1,91,2,1,1,1,7,9,1,10,2,13,,43,43,1,22,9,121.4958921,25.01540107
111,7,6,8,28,2,02萬華區,萬華區華中橋機車道往台北市,0,0,3,3,H02,8,1,5,30,14,11,1,5,4,5,7,4,4,3,4,5,2,16,2,18,2,7,4,5,7,20,8,20,10,16,,67,43,1,22,9,121.4958921,25.01540107
111,7,6,8,44,2,03中山區,中山區林森北路與中山北路2段65巷口,0,0,1,1,C03,8,1,5,30,4,1,1,5,4,5,7,4,4,10,5,5,2,17,2,74,2,9,1,4,7,5,1,10,1,12,,6,6,1,22,9,121.5255243,25.05706389
111,7,6,8,44,2,03中山區,中山區林森北路與中山北路2段65巷口,0,0,1,2,B01,8,1,5,30,4,1,1,5,4,5,7,4,4,10,5,5,2,17,1,68,3,10,1,1,7,9,1,8,1,8,,44,6,1,22,9,121.5255243,25.05706389
111,7,6,8,45,2,09北投區,北投區東華街1段536號,0,0,1,1,A04,8,1,5,40,14,9,1,5,4,5,7,4,4,9,4,5,2,9,1,44,3,10,1,1,7,1,1,2,2,15,,36,36,1,22,9,121.5157368,25.11466767
111,7,6,8,45,2,09北投區,北投區東華街1段536號,0,0,1,2,H02,8,1,5,40,14,9,1,5,4,5,7,4,4,9,4,5,2,9,1,82,2,1,4,5,7,19,8,20,10,16,,67,36,1,22,9,121.5157368,25.11466767
111,7,6,8,49,2,03中山區,中山區民權東路2段84號,0,0,1,1,C03,8,1,5,50,14,9,1,5,4,5,7,1,1,1,4,5,2,13,1,31,2,9,1,1,7,9,1,10,1,12,,23,23,1,22,9,121.5314201,25.0624816
111,7,6,8,49,2,03中山區,中山區民權東路2段84號,0,0,1,2,B01,8,1,5,50,14,9,1,5,4,5,7,1,1,1,4,5,2,13,1,56,3,10,1,1,7,9,1,4,1,7,,44,23,1,22,9,121.5314201,25.0624816
111,7,6,8,55,2,03中山區,中山區中山北路1段與民權西路口,0,0,2,1,C03,8,1,5,50,4,2,1,5,4,5,7,1,1,1,3,5,1,9,1,38,2,8,1,1,7,9,1,10,1,11,,23,23,1,22,9,121.5223981,25.06272495
111,7,6,8,55,2,03中山區,中山區中山北路1段與民權西路口,0,0,2,2,H03,8,1,5,50,4,2,1,5,4,5,7,1,1,1,3,5,1,9,2,44,2,7,4,5,8,17,8,20,10,16,,67,23,1,22,9,121.5223981,25.06272495
111,7,6,9,0,2,05中正區,中正區信義路2段271號,0,0,1,1,C03,8,1,5,50,14,9,1,5,4,5,7,4,4,1,4,5,2,12,2,70,2,9,1,1,7,9,1,10,2,12,,17,17,1,22,9,121.5321282,25.0336923
111,7,6,9,0,2,05中正區,中正區信義路2段271號,0,0,1,2,B01,8,1,5,50,14,9,1,5,4,5,7,4,4,1,4,5,2,12,2,38,3,10,1,1,7,9,1,8,2,4,,17,17,1,22,9,121.5321282,25.0336923
111,7,6,9,12,2,12內湖區,內湖區堤外便道012燈桿處,0,0,1,1,C03,8,1,5,50,14,9,1,5,3,5,7,4,4,9,5,5,2,18,1,32,2,9,1,1,7,15,1,10,1,14,,44,44,1,22,9,121.6142034,25.06540717
111,7,6,9,12,2,12內湖區,內湖區堤外便道012燈桿處,0,0,1,2,,8,1,5,50,14,9,1,5,3,5,7,4,4,9,5,5,2,18,3,,,,,,,,,,,,,61,44,1,,,121.6142034,25.06540717
111,7,6,9,18,2,01大同區,大同區承德路1段與華陰街口,0,0,1,1,C03,8,1,5,50,3,2,1,5,4,5,7,1,1,9,4,5,1,13,1,31,2,8,1,1,7,9,1,10,1,12,,16,16,1,22,9,121.5171717,25.0493012
111,7,6,9,18,2,01大同區,大同區承德路1段與華陰街口,0,0,1,2,C03,8,1,5,50,3,2,1,5,4,5,7,1,1,9,4,5,1,13,1,51,3,10,1,1,7,9,1,10,1,14,,42,16,1,22,9,121.5171717,25.0493012
111,7,6,9,28,2,07信義區,信義區信安街67巷力揚停車場前,0,0,1,1,B01,8,1,5,50,14,7,1,5,4,5,7,4,4,9,4,4,2,12,1,66,3,10,1,1,7,5,1,4,2,8,,8,8,1,22,9,121.5593752,25.02593738
111,7,6,9,28,2,07信義區,信義區信安街67巷力揚停車場前,0,0,1,2,C03,8,1,5,50,14,7,1,5,4,5,7,4,4,9,4,4,2,12,1,26,2,9,1,1,7,9,1,10,2,12,,44,8,1,22,9,121.5593752,25.02593738
111,7,6,10,11,2,12內湖區,內湖區星雲街與星雲街123巷口口,0,0,3,1,C03,8,1,5,50,4,2,1,5,4,5,7,1,1,5,5,5,2,12,2,39,2,9,1,1,7,9,1,10,1,12,,17,17,1,22,9,121.5955389,25.08019654
111,7,6,10,11,2,12內湖區,內湖區星雲街與星雲街123巷口口,0,0,3,2,C03,8,1,5,50,4,2,1,5,4,5,7,1,1,5,5,5,2,12,1,66,2,9,1,1,7,10,1,10,1,14,,17,17,1,22,9,121.5955389,25.08019654
111,7,6,10,11,2,12內湖區,內湖區星雲街與星雲街123巷口口,0,0,3,3,H02,8,1,5,50,4,2,1,5,4,5,7,1,1,5,5,5,2,12,2,64,2,9,4,5,7,21,8,20,10,15,,67,17,1,22,9,121.5955389,25.08019654
111,7,6,10,20,2,05中正區,中正區中山北路1段與北平東路口,0,0,1,1,B01,8,1,5,50,4,1,1,5,4,5,7,1,1,5,4,5,2,12,1,62,3,10,1,1,7,6,1,4,2,8,,9,9,1,22,9,121.5204225,25.047075
111,7,6,10,20,2,05中正區,中正區中山北路1段與北平東路口,0,0,1,2,C03,8,1,5,50,4,1,1,5,4,5,7,1,1,5,4,5,2,12,1,31,2,9,1,1,7,4,1,10,2,14,,23,9,1,22,9,121.5204225,25.047075
111,7,6,10,34,2,03中山區,中山區中山北路2段183號,0,0,1,1,C03,8,1,5,50,14,9,1,5,4,5,7,4,4,5,4,5,2,13,1,39,2,9,1,1,7,9,1,10,1,11,,16,16,1,22,9,121.5226522,25.0631432
111,7,6,10,34,2,03中山區,中山區中山北路2段183號,0,0,1,2,B03,8,1,5,50,14,9,1,5,4,5,7,4,4,5,4,5,2,13,1,74,3,10,1,1,7,9,1,8,1,3,,44,16,1,22,9,121.5226522,25.0631432
111,7,6,10,42,2,07信義區,信義區忠孝東路5段71巷9號,0,0,1,1,B03,8,1,5,50,14,9,1,5,4,5,7,4,4,10,5,5,2,1,1,43,3,10,1,1,7,9,1,8,1,2,,23,23,1,22,9,121.5673818,25.04189391
111,7,6,10,42,2,07信義區,信義區忠孝東路5段71巷9號,0,0,1,2,H01,8,1,5,50,14,9,1,5,4,5,7,4,4,10,5,5,2,1,1,58,2,7,4,5,8,16,8,20,10,16,,67,23,1,22,9,121.5673818,25.04189391
111,7,6,10,45,2,12內湖區,內湖區安康路與五分街口,0,0,1,1,B12,8,1,5,30,4,1,1,5,4,5,7,4,4,10,5,5,2,9,2,69,3,10,1,1,7,9,1,8,1,6,,23,23,1,22,9,121.6152613,25.06733989
111,7,6,10,45,2,12內湖區,內湖區安康路與五分街口,0,0,1,2,H01,8,1,5,30,4,1,1,5,4,5,7,4,4,10,5,5,2,9,1,67,2,9,4,5,8,16,8,20,10,16,,51,23,1,22,9,121.6152613,25.06733989
111,7,6,10,48,2,12內湖區,內湖區民權東路6段136巷與民權東路6段136巷1弄口,0,0,1,1,C03,8,1,5,30,3,1,1,5,4,5,7,4,4,10,4,5,2,16,2,50,3,10,1,1,7,1,1,10,1,14,,19,19,1,22,9,121.5877574,25.06859012
111,7,6,10,48,2,12內湖區,內湖區民權東路6段136巷與民權東路6段136巷1弄口,0,0,1,2,C03,8,1,5,30,3,1,1,5,4,5,7,4,4,10,4,5,2,16,1,63,2,8,1,1,7,9,1,10,1,14,,14,19,1,22,9,121.5877574,25.06859012
111,7,6,10,48,2,12內湖區,內湖區民權東路6段136巷與民權東路6段136巷1弄口,0,0,1,3,B03,8,1,5,30,3,1,1,5,4,5,7,4,4,10,4,5,2,16,2,56,3,10,3,1,7,13,1,8,1,15,,38,19,1,22,9,121.5877574,25.06859012
111,7,6,11,6,2,05中正區,中正區臨沂街與臨沂街19巷口,0,0,1,1,C03,8,1,5,30,4,1,1,5,4,5,7,4,4,9,5,5,1,16,1,31,2,1,1,1,7,9,1,10,2,14,,6,6,1,22,9,121.530498,25.042014
111,7,6,11,6,2,05中正區,中正區臨沂街與臨沂街19巷口,0,0,1,2,B12,8,1,5,30,4,1,1,5,4,5,7,4,4,9,5,5,1,16,1,36,3,10,1,1,7,9,1,8,2,1,,23,6,1,22,9,121.530498,25.042014
111,7,6,11,10,2,08士林區,士林區福林橋往北,0,0,1,1,C03,8,1,8,50,15,9,5,5,4,5,7,4,4,1,5,5,2,17,1,42,2,8,1,1,7,10,1,10,1,12,,7,7,1,22,9,121.5260151,25.1017613
111,7,6,11,10,2,08士林區,士林區福林橋往北,0,0,1,2,C03,8,1,8,50,15,9,5,5,4,5,7,4,4,1,5,5,2,17,1,26,3,10,1,1,7,9,1,10,1,11,,44,7,1,22,9,121.5260151,25.1017613
111,7,6,11,20,2,03中山區,中山區吉林路與民生東路2段口,0,0,1,1,B03,8,1,5,50,4,1,1,5,4,5,7,1,1,5,4,5,2,17,1,65,3,10,1,1,7,5,1,8,1,2,,25,25,1,22,9,121.5302027,25.0579794
111,7,6,11,20,2,03中山區,中山區吉林路與民生東路2段口,0,0,1,2,C03,8,1,5,50,4,1,1,5,4,5,7,1,1,5,4,5,2,17,1,34,2,9,1,1,7,9,1,10,1,11,12,25,25,1,22,9,121.5302027,25.0579794
111,7,6,11,21,2,04大安區,大安區信義路3段與建國南路1段口,0,0,1,1,B02,8,1,5,50,4,1,1,5,4,5,7,1,1,9,4,5,1,16,1,20,3,10,1,1,7,5,1,8,2,4,,8,8,1,22,9,121.538077,25.0336122
111,7,6,11,21,2,04大安區,大安區信義路3段與建國南路1段口,0,0,1,2,C03,8,1,5,50,4,1,1,5,4,5,7,1,1,9,4,5,1,16,2,30,2,9,1,1,7,9,1,10,2,11,,44,8,1,22,9,121.538077,25.0336122
111,7,6,11,42,2,04大安區,大安區和平東路1段與麗水街口,0,0,1,2,B01,8,3,5,50,14,9,1,5,4,5,7,4,4,1,4,4,2,13,1,59,3,10,1,1,7,6,1,4,1,6,,44,23,1,22,9,121.5280835,25.0267397
111,7,6,11,42,2,04大安區,大安區和平東路1段與麗水街口,0,0,1,1,C03,8,3,5,50,14,9,1,5,4,5,7,4,4,1,4,4,2,13,1,21,2,8,1,1,7,9,1,10,1,11,,23,23,1,22,9,121.5280835,25.0267397
111,7,6,12,12,2,09北投區,北投區立農街1段與吉利街123巷口,0,0,2,1,C03,8,1,5,30,14,9,1,5,4,5,7,4,4,9,4,5,2,16,1,55,3,10,1,1,7,9,1,10,1,11,,26,26,1,22,9,121.5058492,25.11934172
111,7,6,12,12,2,09北投區,北投區立農街1段與吉利街123巷口,0,0,2,2,C03,8,1,5,30,14,9,1,5,4,5,7,4,4,9,4,5,2,16,1,46,2,7,1,1,7,5,1,10,1,12,,6,26,1,22,9,121.5058492,25.11934172
111,7,6,12,12,2,09北投區,北投區立農街1段與吉利街123巷口,0,0,2,3,H02,8,1,5,30,14,9,1,5,4,5,7,4,4,9,4,5,2,16,1,17,2,7,1,1,7,20,8,20,10,16,,67,26,1,22,9,121.5058492,25.11934172
111,7,6,12,39,2,09北投區,北投區大業路與大業路527巷口,0,0,2,1,F01,8,1,5,50,4,2,1,5,4,5,7,1,1,1,4,4,2,16,1,66,2,9,1,1,7,6,8,20,1,16,,4,4,1,22,9,121.4961652,25.13435045
111,7,6,12,39,2,09北投區,北投區大業路與大業路527巷口,0,0,2,2,C03,8,1,5,50,4,2,1,5,4,5,7,1,1,1,4,4,2,16,1,43,2,8,1,1,7,6,1,10,1,11,,44,4,1,22,9,121.4961652,25.13435045
111,7,6,12,50,2,03中山區,中山區濱江街與松江路口涵洞前,0,0,1,1,C03,8,1,5,50,3,2,1,5,4,5,7,1,1,1,4,5,2,16,1,37,2,9,1,4,7,7,1,10,1,13,,7,7,1,22,9,121.5362002,25.0724777
111,7,6,12,50,2,03中山區,中山區濱江街與松江路口涵洞前,0,0,1,2,B03,8,1,5,50,3,2,1,5,4,5,7,1,1,1,4,5,2,16,1,44,3,10,3,4,7,9,1,8,1,8,,44,7,1,22,9,121.5362002,25.0724777
111,7,6,12,52,2,12內湖區,內湖區安康路22巷1號,0,0,1,1,B03,8,1,5,50,14,9,1,4,4,5,7,4,4,9,5,5,2,17,1,33,3,10,1,1,7,1,1,8,1,4,,19,19,1,22,9,121.5936646,25.0620351
111,7,6,12,52,2,12內湖區,內湖區安康路22巷1號,0,0,1,2,C04,8,1,5,50,14,9,1,4,4,5,7,4,4,9,5,5,2,17,1,36,2,9,1,1,7,9,1,10,1,12,,44,19,1,22,9,121.5936646,25.0620351
111,7,6,13,19,2,01大同區,大同區大稻埕堤外便道,0,0,2,1,F01,8,1,8,0,15,22,1,5,4,5,7,4,4,10,5,5,2,13,1,18,2,9,1,1,7,9,8,20,2,15,,43,43,1,22,9,121.5083477,25.06160771
111,7,6,13,19,2,01大同區,大同區大稻埕堤外便道,0,0,2,2,G06,8,1,8,0,15,22,1,5,4,5,7,4,4,10,5,5,2,13,1,23,2,9,4,1,7,9,7,19,2,15,,43,43,1,22,9,121.5083477,25.06160771
111,7,6,13,31,2,03中山區,中山區錦西街5號,0,0,1,1,C03,8,1,5,50,14,9,1,5,4,5,7,4,4,4,5,5,1,16,2,59,2,9,1,4,7,7,1,10,1,14,,7,7,1,22,9,121.5219572,25.06034119
111,7,6,13,31,2,03中山區,中山區錦西街5號,0,0,1,2,B01,8,1,5,50,14,9,1,5,4,5,7,4,4,4,5,5,1,16,1,61,3,10,3,4,7,9,1,8,1,5,,17,7,1,22,9,121.5219572,25.06034119
111,7,6,14,16,2,03中山區,中山區錦州街與中原街口,0,0,1,1,B01,8,1,5,50,4,1,1,5,4,5,7,1,1,9,4,4,2,16,1,61,3,10,3,4,7,6,1,4,1,5,,9,9,1,22,9,121.5289501,25.06035002
111,7,6,14,16,2,03中山區,中山區錦州街與中原街口,0,0,1,2,C03,8,1,5,50,4,1,1,5,4,5,7,1,1,9,4,4,2,16,1,34,2,9,1,1,7,9,1,10,1,14,,23,9,1,22,9,121.5289501,25.06035002
111,7,6,14,20,2,03中山區,中山區民權東路3段75巷與復興北路430巷口,0,0,1,1,C03,8,1,5,30,4,1,1,5,4,5,7,3,1,9,4,5,2,15,1,52,2,9,1,4,7,9,1,10,2,12,,6,6,1,22,9,121.5436682,25.0633644
111,7,6,14,20,2,03中山區,中山區民權東路3段75巷與復興北路430巷口,0,0,1,2,B03,8,1,5,30,4,1,1,5,4,5,7,3,1,9,4,5,2,15,1,27,3,10,3,4,7,9,1,8,2,1,,14,6,1,22,9,121.5436682,25.0633644
111,7,6,15,12,2,10文山區,文山區木柵路5段燈桿編號深坑幹95B7433BA2213對面,0,0,1,1,C03,8,1,5,50,11,9,1,5,4,5,1,4,4,9,4,5,2,18,2,21,2,9,1,1,7,9,1,10,1,11,,43,43,1,22,9,121.5955411,25.00296673
111,7,6,15,12,2,10文山區,文山區木柵路5段燈桿編號深坑幹95B7433BA2213對面,0,0,1,2,,8,1,5,50,11,9,1,5,4,5,1,4,4,9,4,5,2,18,3,,,,,,,,,,,,,67,43,1,,,121.5955411,25.00296673
111,7,6,15,15,2,03中山區,中山區吉林路與民權東路2段口,0,0,1,2,C03,8,1,5,50,4,1,1,5,4,5,7,1,1,1,3,5,1,15,1,44,2,9,1,4,7,9,6,10,1,11,,44,25,1,22,9,121.5302017,25.06254589
111,7,6,15,15,2,03中山區,中山區吉林路與民權東路2段口,0,0,1,1,B03,8,1,5,50,4,1,1,5,4,5,7,1,1,1,3,5,1,15,1,45,3,10,3,4,7,9,1,8,1,2,,25,25,1,22,9,121.5302017,25.06254589
111,7,6,15,21,2,05中正區,中正區中華路1段15號,0,0,1,1,B01,8,1,5,50,14,9,1,5,4,5,7,4,4,1,4,5,2,13,1,66,3,10,1,4,7,8,1,4,1,5,,23,23,1,10,4,121.509848,25.0467602
111,7,6,15,21,2,05中正區,中正區中華路1段15號,0,0,1,2,C03,8,1,5,50,14,9,1,5,4,5,7,4,4,1,4,5,2,13,1,68,2,7,1,1,7,9,1,10,1,13,,44,23,1,4,4,121.509848,25.0467602
111,7,6,15,56,2,01大同區,大同區哈密街23巷與哈密街45巷口,0,0,1,1,B03,8,1,5,30,4,1,1,5,4,5,7,4,4,10,5,5,2,15,1,36,3,10,1,4,7,9,1,8,2,2,,6,6,1,22,9,121.517334,25.0746724
111,7,6,15,56,2,01大同區,大同區哈密街23巷與哈密街45巷口,0,0,1,2,C03,8,1,5,30,4,1,1,5,4,5,7,4,4,10,5,5,2,15,1,58,2,9,1,4,7,9,1,10,2,11,,23,6,1,22,9,121.517334,25.0746724
111,7,6,16,0,2,01大同區,大同區興城街與歸綏街口,0,0,2,1,C03,8,2,5,30,4,1,1,5,4,5,7,4,4,9,5,5,1,15,1,44,2,9,1,1,7,9,1,10,1,11,,6,6,1,22,9,121.517509,25.05926931
111,7,6,16,0,2,01大同區,大同區興城街與歸綏街口,0,0,2,2,C03,8,2,5,30,4,1,1,5,4,5,7,4,4,9,5,5,1,15,1,31,2,9,1,1,7,9,1,10,1,14,,14,6,1,22,9,121.517509,25.05926931
111,7,6,16,10,2,05中正區,中正區和平西路2段133號,0,0,1,1,C03,8,1,5,40,14,9,1,5,4,3,7,4,4,3,4,4,2,17,2,21,2,9,1,1,7,7,1,10,1,14,,7,7,1,22,9,121.5059677,25.0329263
111,7,6,16,10,2,05中正區,中正區和平西路2段133號,0,0,1,2,B01,8,1,5,40,14,9,1,5,4,3,7,4,4,3,4,4,2,17,1,62,3,10,1,1,7,9,1,4,1,5,,44,7,1,22,9,121.5059677,25.0329263
111,7,6,16,10,2,05中正區,中正區和平西路2段133號,0,0,1,3,A02,8,1,5,40,14,9,1,5,4,3,7,4,4,3,4,4,2,17,2,45,3,10,1,1,7,14,1,2,1,4,,44,7,1,22,9,121.5059677,25.0329263
111,7,6,16,26,2,12內湖區,內湖區文德路與文德路90巷口,0,0,1,1,B03,7,1,5,40,3,1,1,5,4,5,7,4,4,1,4,5,2,16,2,25,3,10,1,1,7,6,1,8,1,2,,9,9,1,22,9,121.5824728,25.07842028
111,7,6,16,26,2,12內湖區,內湖區文德路與文德路90巷口,0,0,1,2,C03,7,1,5,40,3,1,1,5,4,5,7,4,4,1,4,5,2,16,1,66,2,9,1,1,7,9,1,10,1,14,,23,9,1,22,9,121.5824728,25.07842028
111,7,6,16,30,2,03中山區,中山區樂群一路與敬業三路口,0,0,1,1,B03,8,1,5,50,3,1,1,5,4,5,7,2,1,1,4,5,2,13,1,71,3,10,3,4,7,9,1,4,1,5,,23,23,1,22,9,121.5562519,25.07713254
111,7,6,16,30,2,03中山區,中山區樂群一路與敬業三路口,0,0,1,2,C03,8,1,5,50,3,1,1,5,4,5,7,2,1,1,4,5,2,13,2,55,2,9,1,4,7,14,1,10,1,13,,26,23,1,22,9,121.5562519,25.07713254
111,7,6,16,40,2,04大安區,大安區信義路4段88號,0,0,1,1,C03,8,1,5,50,14,9,1,5,4,5,7,4,4,8,3,5,2,13,1,48,2,9,1,1,7,9,1,10,1,11,,23,23,1,22,9,121.5567555,25.0330018
111,7,6,16,40,2,04大安區,大安區信義路4段88號,0,0,1,2,B01,8,1,5,50,14,9,1,5,4,5,7,4,4,8,3,5,2,13,1,69,3,10,1,1,7,14,1,4,1,3,,38,23,1,22,9,121.5567555,25.0330018
111,7,6,16,40,2,08士林區,士林區至誠路2段92弄與至誠路2段口,0,0,2,1,C03,8,1,5,50,3,1,1,5,4,5,7,4,4,5,5,5,2,12,1,69,2,8,3,4,7,5,1,10,1,12,,8,8,1,22,9,121.5277668,25.10136492
111,7,6,16,40,2,08士林區,士林區至誠路2段92弄與至誠路2段口,0,0,2,2,C03,8,1,5,50,3,1,1,5,4,5,7,4,4,5,5,5,2,12,2,19,2,8,3,4,7,9,1,10,1,11,,13,8,1,22,9,121.5277668,25.10136492
111,7,6,16,41,2,07信義區,信義區基隆路1段與東興路口口,0,0,1,1,B12,8,1,5,50,5,2,1,5,4,5,7,2,1,1,4,5,2,17,1,44,3,10,3,4,7,9,1,8,1,6,,26,26,1,22,9,121.5668623,25.04537538
111,7,6,16,41,2,07信義區,信義區基隆路1段與東興路口口,0,0,1,2,C03,8,1,5,50,5,2,1,5,4,5,7,2,1,1,4,5,2,17,1,31,2,9,3,4,7,6,1,10,1,14,,44,26,1,22,9,121.5668623,25.04537538
111,7,6,16,54,2,07信義區,信義區忠孝東路5段與忠孝東路5段345巷口,0,0,1,1,B03,8,1,5,50,4,1,1,5,4,5,7,1,1,10,4,5,2,15,1,22,3,10,1,1,7,9,1,8,2,1,,25,25,1,22,9,121.5740057,25.0409329
111,7,6,16,54,2,07信義區,信義區忠孝東路5段與忠孝東路5段345巷口,0,0,1,2,C03,8,1,5,50,4,1,1,5,4,5,7,1,1,10,4,5,2,15,2,20,2,9,1,1,7,9,1,10,2,14,,44,25,1,22,9,121.5740057,25.0409329
111,7,6,17,15,2,06松山區,松山區民權東路3段103巷11號,0,0,1,1,B03,7,2,5,30,14,9,1,5,4,5,7,4,4,10,5,5,2,17,1,53,3,10,3,4,7,9,1,8,1,2,,43,43,1,22,9,121.5450017,25.06336951
111,7,6,17,15,2,06松山區,松山區民權東路3段103巷11號,0,0,1,2,C04,7,2,5,30,14,9,1,5,4,5,7,4,4,10,5,5,2,17,1,62,2,9,3,4,7,9,1,10,1,11,,43,43,1,22,9,121.5450017,25.06336951
111,7,6,17,56,2,10文山區,文山區木新路1段與指南路1段51巷口,0,0,1,1,B03,8,1,5,50,3,1,1,5,4,5,7,2,1,9,4,5,2,16,2,43,3,10,1,1,7,6,1,8,1,5,,9,9,1,22,9,121.5705951,24.98857987
111,7,6,17,56,2,10文山區,文山區木新路1段與指南路1段51巷口,0,0,1,2,C03,8,1,5,50,3,1,1,5,4,5,7,2,1,9,4,5,2,16,1,21,2,9,1,1,7,9,1,10,1,11,,44,9,1,22,9,121.5705951,24.98857987
111,7,6,18,8,2,04大安區,大安區敦化南路2段與敦化南路2段63巷口,0,0,3,1,B01,7,2,5,50,5,1,1,5,4,5,7,2,1,1,4,5,2,15,2,49,2,3,1,1,7,11,1,4,2,5,,10,10,1,21,8,121.5488305,25.03099002
111,7,6,18,8,2,04大安區,大安區敦化南路2段與敦化南路2段63巷口,0,0,3,2,B12,7,2,5,50,5,1,1,5,4,5,7,2,1,1,4,5,2,15,1,44,2,9,1,1,7,9,1,4,2,1,,44,10,1,21,8,121.5488305,25.03099002
111,7,6,18,8,2,04大安區,大安區敦化南路2段與敦化南路2段63巷口,0,0,3,3,H02,7,2,5,50,5,1,1,5,4,5,7,2,1,1,4,5,2,15,2,44,2,9,4,5,7,20,8,20,10,16,,67,10,1,21,8,121.5488305,25.03099002
111,7,6,18,16,2,01大同區,大同區民權西路與延平北路3段口,0,0,1,1,C03,6,1,5,50,4,2,1,4,4,5,7,2,1,1,4,5,2,12,2,22,3,10,1,4,7,8,1,10,1,12,,7,7,1,22,9,121.5108389,25.06311545
111,7,6,18,16,2,01大同區,大同區民權西路與延平北路3段口,0,0,1,2,C03,6,1,5,50,4,2,1,4,4,5,7,2,1,1,4,5,2,12,1,19,2,9,1,4,7,9,1,10,1,14,,44,7,1,22,9,121.5108389,25.06311545
111,7,6,18,20,2,03中山區,中山區建國北路2段與長春路口,0,0,1,1,C03,8,1,5,50,14,9,1,5,4,5,7,1,1,1,3,5,1,16,2,19,2,9,1,4,7,7,1,10,9,12,,7,7,1,22,9,121.5366014,25.05498769
111,7,6,18,20,2,03中山區,中山區建國北路2段與長春路口,0,0,1,2,B03,8,1,5,50,14,9,1,5,4,5,7,1,1,1,3,5,1,16,2,48,3,10,3,4,7,14,1,8,9,7,,44,7,1,22,9,121.5366014,25.05498769
111,7,6,18,20,2,03中山區,中山區建國北路2段與長春路口,0,0,1,3,B01,8,1,5,50,14,9,1,5,4,5,7,1,1,1,3,5,1,16,1,65,3,10,3,4,7,9,1,8,9,5,,44,7,1,22,9,121.5366014,25.05498769
111,7,6,18,30,2,10文山區,文山區木柵路2段129號對面,0,0,2,1,C03,8,1,5,50,14,9,1,5,4,5,7,4,4,5,2,5,2,13,1,38,2,9,1,1,7,15,1,10,2,11,,42,42,1,22,9,121.5624322,24.98890628
111,7,6,18,30,2,10文山區,文山區木柵路2段129號對面,0,0,2,2,C03,8,1,5,50,14,9,1,5,4,5,7,4,4,5,2,5,2,13,2,23,2,8,1,1,7,14,1,10,2,13,,44,42,1,22,9,121.5624322,24.98890628
111,7,6,18,51,2,11南港區,南港區福德街373巷全家超商前,0,0,1,2,,6,3,5,30,11,9,1,4,4,5,7,4,4,4,5,5,2,18,3,,,,,,,,,,,,,67,42,1,,,121.5922282,25.0400715
111,7,6,18,51,2,11南港區,南港區福德街373巷全家超商前,0,0,1,1,C03,6,3,5,30,11,9,1,4,4,5,7,4,4,4,5,5,2,18,2,29,2,9,1,1,7,9,1,10,1,14,,42,42,1,22,9,121.5922282,25.0400715
111,7,6,18,57,2,04大安區,大安區和平東路1段與和平東路1段199巷口,0,0,1,1,C03,7,3,5,50,3,2,1,5,4,5,7,4,4,8,3,5,2,13,2,35,2,9,1,1,7,9,1,10,1,11,,43,43,1,22,9,121.5342104,25.02617546
111,7,6,18,57,2,04大安區,大安區和平東路1段與和平東路1段199巷口,0,0,1,2,C03,7,3,5,50,3,2,1,5,4,5,7,4,4,8,3,5,2,13,1,48,3,10,1,1,7,9,1,10,1,13,,43,43,1,22,9,121.5342104,25.02617546
111,7,6,18,57,2,09北投區,北投區懷德街56巷與無名巷口,0,0,1,1,C03,6,3,5,30,4,1,5,4,4,5,7,4,4,10,5,5,2,15,1,49,2,8,1,1,7,9,1,10,1,11,,6,6,1,22,9,121.5204254,25.1127283
111,7,6,18,57,2,09北投區,北投區懷德街56巷與無名巷口,0,0,1,2,B02,6,3,5,30,4,1,5,4,4,5,7,4,4,10,5,5,2,15,1,54,3,10,1,1,7,9,1,8,1,2,,14,6,1,22,9,121.5204254,25.1127283