發生年度,發生月,發生日,發生時-Hours,發生分,處理別-編號,區序,肇事地點,死亡人數,2-30日死亡人數,受傷人數,當事人序號,車種,天候,光線,道路類別,速限-速度限制,道路型態,事故位置,路面狀況1,路面狀況2,路面狀況3,道路障礙1,道路障礙2,號誌1,號誌2,車道劃分-分向,車道劃分-分道1,車道劃分-分道2,車道劃分-分道3,事故類型及型態,性別,年齡,受傷程度,主要傷處,安全帽,行動電話,車輛用途,當事者行動狀態,駕駛資格情形,駕駛執照種類,飲酒情形,車輛撞擊部位1,車輛撞擊部位2,肇因碼-個別,肇因碼-主要,個人肇逃否,職業,旅次目的,座標-X,座標-Y
111,7,6,19,20,2,12內湖區,內湖區康寧路1段與金湖路口,0,0,2,1,C03,8,1,5,50,3,1,1,5,4,5,7,1,1,1,4,4,2,16,1,23,2,9,1,1,7,5,1,10,2,12,,8,8,1,22,9,121.599543,25.078961
111,7,6,19,20,2,12內湖區,內湖區康寧路1段與金湖路口,0,0,2,2,C03,8,1,5,50,3,1,1,5,4,5,7,1,1,1,4,4,2,16,2,34,2,9,1,1,7,9,1,10,2,11,,25,8,1,22,9,121.599543,25.078961
111,7,6,19,22,2,12內湖區,內湖區內湖路3段59巷與金龍路口,0,0,1,1,B03,6,3,5,50,14,8,1,4,4,5,7,2,1,10,5,4,1,12,2,60,3,10,1,1,7,9,1,8,1,5,,44,44,1,22,9,121.5917221,25.08527473
111,7,6,19,22,2,12內湖區,內湖區內湖路3段59巷與金龍路口,0,0,1,2,C03,6,3,5,50,14,8,1,4,4,5,7,2,1,10,5,4,1,12,1,71,2,9,1,1,7,7,1,10,1,13,,7,44,1,22,9,121.5917221,25.08527473
111,7,6,19,26,2,01大同區,大同區承德路3段與敦煌路口,0,0,1,1,B02,7,3,5,50,4,1,1,5,4,5,7,1,1,1,4,5,2,16,2,50,3,10,1,1,7,6,1,8,1,6,,25,25,1,22,9,121.5200386,25.0751821
111,7,6,19,26,2,01大同區,大同區承德路3段與敦煌路口,0,0,1,2,C03,7,3,5,50,4,1,1,5,4,5,7,1,1,1,4,5,2,16,1,33,2,7,1,1,7,9,1,10,1,11,,23,25,1,22,9,121.5200386,25.0751821
111,7,6,19,26,2,05中正區,中正區市民大道1段與承德路1段口口,0,0,1,1,B01,8,3,5,50,5,1,1,5,4,5,7,1,1,3,4,5,2,13,1,50,3,10,1,1,7,6,1,8,2,1,,23,23,1,22,9,121.5164204,25.0486137
111,7,6,19,26,2,05中正區,中正區市民大道1段與承德路1段口口,0,0,1,2,C03,8,3,5,50,5,1,1,5,4,5,7,1,1,3,4,5,2,13,1,32,2,7,1,1,7,14,1,10,2,13,,44,23,1,22,9,121.5164204,25.0486137
111,7,6,19,30,2,04大安區,大安區和平東路1段與和平東路1段141巷口,0,0,1,1,B03,8,3,5,50,4,1,1,5,4,5,7,1,1,9,4,5,1,11,2,39,3,10,1,1,7,5,1,8,1,6,,6,6,1,22,9,121.5303631,25.0265539
111,7,6,19,30,2,04大安區,大安區和平東路1段與和平東路1段141巷口,0,0,1,2,C04,8,3,5,50,4,1,1,5,4,5,7,1,1,9,4,5,1,11,2,22,2,7,1,1,7,9,1,10,1,11,,44,6,1,22,9,121.5303631,25.0265539
111,7,6,19,40,2,09北投區,北投區中央北路2段131巷與中央北路2段口,0,0,1,1,B03,6,3,5,30,3,1,1,4,4,5,7,4,4,5,4,4,2,16,1,23,3,10,1,1,7,5,1,8,2,1,,6,6,1,22,9,121.4942004,25.1373745
111,7,6,19,40,2,09北投區,北投區中央北路2段131巷與中央北路2段口,0,0,1,2,C03,6,3,5,30,3,1,1,4,4,5,7,4,4,5,4,4,2,16,1,25,2,7,1,1,7,9,1,10,2,11,,14,6,1,22,9,121.4942004,25.1373745
111,7,6,19,49,2,05中正區,中正區中正橋(往新北市方向剛上橋處),0,0,1,1,B01,7,3,5,30,8,9,1,5,4,5,7,4,4,2,4,5,2,17,1,64,4,11,3,4,7,8,7,19,11,15,,7,7,2,22,9,121.516777,25.02269698
111,7,6,19,49,2,05中正區,中正區中正橋(往新北市方向剛上橋處),0,0,1,2,C03,7,3,5,30,8,9,1,5,4,5,7,4,4,2,4,5,2,17,1,33,2,8,1,1,7,9,1,10,2,15,,44,7,1,22,9,121.516777,25.02269698
111,7,6,20,43,2,04大安區,大安區光復南路266號,0,0,1,1,C03,7,4,5,50,14,9,1,5,4,5,7,4,4,8,3,5,2,17,1,35,2,9,1,1,7,9,1,10,1,11,,23,23,1,22,9,121.5575465,25.03984007
111,7,6,20,43,2,04大安區,大安區光復南路266號,0,0,1,2,B03,7,4,5,50,14,9,1,5,4,5,7,4,4,8,3,5,2,17,1,43,3,10,1,1,7,5,1,8,1,15,,44,23,1,22,9,121.5575465,25.03984007
111,7,6,21,19,2,01大同區,大同區長安西路129號,0,0,1,1,C03,7,3,5,50,14,9,1,5,4,5,7,4,4,5,2,5,2,13,1,56,2,9,1,4,7,9,1,10,1,11,,23,23,1,22,9,121.5153007,25.05129573
111,7,6,21,19,2,01大同區,大同區長安西路129號,0,0,1,2,B02,7,3,5,50,14,9,1,5,4,5,7,4,4,5,2,5,2,13,1,26,3,10,1,4,7,9,1,8,1,6,,44,23,1,22,9,121.5153007,25.05129573
111,7,6,21,21,2,01大同區,大同區太原路與華陰街口,0,0,1,1,B03,7,3,5,30,4,1,1,5,4,5,7,1,1,10,4,5,2,3,1,41,3,10,1,1,7,5,1,8,2,1,,15,15,1,22,9,121.5151766,25.0502994
111,7,6,21,21,2,01大同區,大同區太原路與華陰街口,0,0,1,2,H01,7,3,5,30,4,1,1,5,4,5,7,1,1,10,4,5,2,3,2,57,2,9,4,5,8,16,8,20,10,16,,67,15,1,22,9,121.5151766,25.0502994
111,7,6,22,4,2,03中山區,中山區濱江街180巷與濱江街150巷21弄口,0,0,2,1,C03,8,4,5,50,14,9,1,5,4,5,6,4,4,9,5,5,2,2,1,29,2,9,1,1,7,9,1,9,1,11,,23,23,1,22,9,121.5385189,25.0703875
111,7,6,22,4,2,03中山區,中山區濱江街180巷與濱江街150巷21弄口,0,0,2,2,H01,8,4,5,50,14,9,1,5,4,5,6,4,4,9,5,5,2,2,1,75,2,9,4,5,8,16,8,20,10,16,,67,23,1,22,9,121.5385189,25.0703875
111,7,6,23,13,2,01大同區,大同區鄭州路與西寧北路口,0,0,1,1,C03,8,3,5,40,4,1,1,5,4,5,7,2,1,1,5,5,2,16,2,35,2,9,1,1,7,9,1,10,2,11,,26,26,1,22,9,121.5082021,25.0506052
111,7,6,23,13,2,01大同區,大同區鄭州路與西寧北路口,0,0,1,2,C03,8,3,5,40,4,1,1,5,4,5,7,2,1,1,5,5,2,16,1,26,3,10,1,1,7,5,1,10,2,13,,44,26,1,22,9,121.5082021,25.0506052
111,7,6,23,30,2,10文山區,文山區試院路與試院路4段口,0,0,1,1,C03,8,3,5,30,14,9,5,5,2,1,7,4,4,10,5,5,2,18,1,67,2,9,1,4,7,9,1,10,9,14,,23,23,1,22,9,121.5496933,24.98809942
111,7,6,23,30,2,10文山區,文山區試院路與試院路4段口,0,0,1,2,,8,3,5,30,14,9,5,5,2,1,7,4,4,10,5,5,2,18,3,,,,,,,,,,,,,67,23,1,,,121.5496933,24.98809942
111,7,6,23,31,2,01大同區,大同區南京西路與環河北路1段口,0,0,1,1,C03,7,3,5,50,3,2,1,5,4,5,7,2,1,7,4,5,2,12,2,22,3,10,1,4,7,6,1,10,1,11,,9,9,1,22,9,121.5075049,25.05372235
111,7,6,23,31,2,01大同區,大同區南京西路與環河北路1段口,0,0,1,2,C03,7,3,5,50,3,2,1,5,4,5,7,2,1,7,4,5,2,12,1,20,2,8,1,4,7,9,1,10,1,11,,23,9,1,22,9,121.5075049,25.05372235
111,7,6,23,33,2,07信義區,信義區松高路19號,0,0,1,1,C04,8,3,5,50,14,18,1,5,4,5,7,2,1,9,4,5,2,3,1,18,3,10,3,4,7,9,1,10,2,11,,15,15,1,22,9,121.567136,25.03910366
111,7,6,23,33,2,07信義區,信義區松高路19號,0,0,1,2,H01,8,3,5,50,14,18,1,5,4,5,7,2,1,9,4,5,2,3,2,22,2,9,3,4,8,16,8,20,1,16,,52,15,1,22,9,121.567136,25.03910366
111,7,6,23,46,2,09北投區,北投區中央北路2段335號,0,0,1,1,B03,8,3,5,50,14,9,1,5,4,5,7,2,1,4,4,5,2,17,1,71,3,10,1,1,7,2,1,8,2,7,,12,12,1,22,9,121.4883293,25.1383441
111,7,6,23,46,2,09北投區,北投區中央北路2段335號,0,0,1,2,C03,8,3,5,50,14,9,1,5,4,5,7,2,1,4,4,5,2,17,1,22,2,9,1,1,7,9,1,10,2,11,,23,12,1,22,9,121.4883293,25.1383441
111,7,7,0,30,2,10文山區,文山區興隆路3段與興隆路3段304巷口,0,0,1,1,C03,8,3,5,50,3,1,1,5,4,5,7,4,4,1,4,5,2,18,1,21,2,9,1,1,7,9,1,10,2,15,,43,43,1,22,9,121.5589595,24.99328692
111,7,7,0,30,2,10文山區,文山區興隆路3段與興隆路3段304巷口,0,0,1,2,,8,3,5,50,3,1,1,5,4,5,7,4,4,1,4,5,2,18,3,,,,,,,,,,,,,67,43,1,,,121.5589595,24.99328692
111,7,7,0,43,2,07信義區,信義區忠孝東路5段與松仁路口口,0,0,1,1,B01,8,3,5,50,4,1,1,5,4,5,7,2,1,1,4,5,2,17,1,65,3,10,3,4,7,1,1,4,2,8,,19,19,1,22,9,121.5683972,25.0411054
111,7,7,0,43,2,07信義區,信義區忠孝東路5段與松仁路口口,0,0,1,2,C03,8,3,5,50,4,1,1,5,4,5,7,2,1,1,4,5,2,17,1,24,2,9,3,4,7,9,1,10,2,11,,13,19,1,22,9,121.5683972,25.0411054
111,7,7,6,0,2,10文山區,文山區辛亥路7段78號,0,0,1,1,C03,8,1,5,50,14,8,1,5,4,5,7,2,1,9,4,4,1,13,2,61,3,10,1,1,7,9,1,10,1,12,,23,23,1,22,9,121.5537336,24.9819143
111,7,7,6,0,2,10文山區,文山區辛亥路7段78號,0,0,1,2,C03,8,1,5,50,14,8,1,5,4,5,7,2,1,9,4,4,1,13,2,50,2,8,1,1,7,9,1,10,1,14,,43,23,1,22,9,121.5537336,24.9819143
111,7,7,6,17,2,09北投區,北投區磺港路與清江路25巷口,0,0,1,1,B12,8,1,5,50,3,1,1,5,4,5,7,2,1,5,4,5,1,3,1,44,3,10,1,1,7,5,1,8,1,8,,15,15,1,22,9,121.5033462,25.1317422
111,7,7,6,17,2,09北投區,北投區磺港路與清江路25巷口,0,0,1,2,H01,8,1,5,50,3,1,1,5,4,5,7,2,1,5,4,5,1,3,2,88,2,9,4,5,8,16,8,20,10,16,,67,15,1,22,9,121.5033462,25.1317422
111,7,7,6,36,2,03中山區,中山區民生東路1段60號,0,0,2,1,B03,8,1,5,50,14,9,1,5,4,5,7,4,4,5,4,5,2,16,1,61,3,10,3,4,7,11,1,8,11,4,,10,10,1,22,9,121.5262438,25.05805058
111,7,7,6,36,2,03中山區,中山區民生東路1段60號,0,0,2,2,C03,8,1,5,50,14,9,1,5,4,5,7,4,4,5,4,5,2,16,2,22,2,1,1,1,7,9,3,18,2,11,,44,10,1,22,9,121.5262438,25.05805058
111,7,7,6,36,2,03中山區,中山區民生東路1段60號,0,0,2,3,H02,8,1,5,50,14,9,1,5,4,5,7,4,4,5,4,5,2,16,2,24,2,1,1,5,7,21,8,20,10,15,,67,10,1,22,9,121.5262438,25.05805058
111,7,7,7,10,2,09北投區,北投區建民路與建民路29巷口,0,0,1,1,B01,8,1,5,30,5,1,1,5,4,5,7,4,4,10,5,5,2,14,1,33,3,10,3,4,7,2,1,4,11,7,,12,12,1,22,9,121.5161656,25.1080003
111,7,7,7,10,2,09北投區,北投區建民路與建民路29巷口,0,0,1,2,C03,8,1,5,30,5,1,1,5,4,5,7,4,4,10,5,5,2,14,2,64,2,8,3,4,7,9,4,11,11,12,,44,12,1,22,9,121.5161656,25.1080003
111,7,7,7,12,2,05中正區,中正區市民大道2段與林森北路口,0,0,2,1,C03,8,1,5,40,4,1,1,5,4,5,7,1,1,10,5,5,2,12,1,61,2,7,1,1,7,7,1,10,2,14,,7,7,1,22,9,121.5246167,25.0476946
111,7,7,7,12,2,05中正區,中正區市民大道2段與林森北路口,0,0,2,2,C03,8,1,5,40,4,1,1,5,4,5,7,1,1,10,5,5,2,12,2,44,2,8,1,1,7,9,1,10,2,12,,44,7,1,22,9,121.5246167,25.0476946
111,7,7,7,16,2,10文山區,文山區秀明路1段77號,0,0,1,1,B03,8,1,5,30,15,9,1,5,4,5,7,4,4,1,4,4,2,17,1,54,3,10,3,4,7,6,1,8,2,4,,6,6,1,22,9,121.565887,24.99029768
111,7,7,7,16,2,10文山區,文山區秀明路1段77號,0,0,1,2,C03,8,1,5,30,15,9,1,5,4,5,7,4,4,1,4,4,2,17,1,38,2,9,1,4,7,9,1,10,2,11,,14,6,1,22,9,121.565887,24.99029768
111,7,7,7,50,2,12內湖區,內湖區舊宗路1段155號,0,0,1,2,C03,8,1,5,50,14,9,1,5,4,5,7,4,4,1,5,5,2,17,1,40,2,9,1,1,7,15,1,10,1,13,,44,43,1,22,9,121.5786998,25.06106725
111,7,7,7,50,2,12內湖區,內湖區舊宗路1段155號,0,0,2,1,C03,8,1,5,50,14,9,1,5,4,5,7,4,4,1,5,5,2,17,2,39,2,9,1,1,7,9,1,10,1,11,,23,23,1,22,9,121.5788351,25.06091079
111,7,7,7,50,2,12內湖區,內湖區舊宗路1段155號,0,0,2,2,C03,8,1,5,50,14,9,1,5,4,5,7,4,4,1,5,5,2,17,2,29,2,9,1,1,7,9,1,10,1,11,,16,23,1,22,9,121.5788351,25.06091079
111,7,7,7,50,2,12內湖區,內湖區舊宗路1段155號,0,0,2,3,C03,8,1,5,50,14,9,1,5,4,5,7,4,4,1,5,5,2,17,1,21,3,10,1,1,7,8,1,10,1,13,,44,23,1,22,9,121.5788351,25.06091079
111,7,7,7,50,2,12內湖區,內湖區舊宗路1段155號,0,0,1,1,,8,1,5,50,14,9,1,5,4,5,7,4,4,1,5,5,2,17,4,,4,11,3,4,7,15,7,19,11,15,,43,43,2,22,9,121.5786998,25.06106725
111,7,7,7,54,2,12內湖區,內湖區民權大橋下橋處(西向東),0,0,2,1,C03,8,1,5,40,14,11,1,5,4,5,7,4,4,1,4,4,2,12,2,19,2,9,1,4,7,21,1,10,11,15,,23,23,1,22,9,121.5766985,25.06619731
111,7,7,7,54,2,12內湖區,內湖區民權大橋下橋處(西向東),0,0,2,2,C03,8,1,5,40,14,11,1,5,4,5,7,4,4,1,4,4,2,12,2,64,2,9,1,1,7,9,1,10,2,15,,44,23,1,22,9,121.5766985,25.06619731
111,7,7,8,0,2,06松山區,松山區塔悠路140號,0,0,1,1,A02,8,1,5,40,14,9,1,5,4,5,7,4,4,1,4,5,2,9,1,53,3,10,1,1,7,1,1,2,1,2,,36,36,1,22,9,121.5695689,25.05555415
111,7,7,8,0,2,06松山區,松山區塔悠路140號,0,0,1,2,H02,8,1,5,40,14,9,1,5,4,5,7,4,4,1,4,5,2,9,1,53,2,1,4,5,7,19,8,20,10,16,,67,36,1,22,9,121.5695689,25.05555415
111,7,7,8,11,2,05中正區,中正區中華路1段與長沙街1段口,0,0,1,1,B03,8,1,5,50,4,1,1,5,4,5,7,2,1,5,4,5,2,12,2,50,3,10,1,1,7,8,1,8,2,5,,7,7,1,22,9,121.507986,25.04047367
111,7,7,8,11,2,05中正區,中正區中華路1段與長沙街1段口,0,0,1,2,C03,8,1,5,50,4,1,1,5,4,5,7,2,1,5,4,5,2,12,1,21,2,9,1,1,7,9,1,10,2,14,,44,7,1,22,9,121.507986,25.04047367
111,7,7,8,17,2,05中正區,中正區羅斯福路4段與基隆路4段口口,0,0,2,1,C03,8,1,5,50,5,1,1,5,4,5,7,1,1,1,4,5,1,17,1,33,2,9,1,1,7,9,1,9,1,11,,44,44,1,22,9,121.5368487,25.01141742
111,7,7,8,17,2,05中正區,中正區羅斯福路4段與基隆路4段口口,0,0,2,2,C03,8,1,5,50,5,1,1,5,4,5,7,1,1,1,4,5,1,17,2,26,2,8,1,1,7,9,1,10,1,11,,16,44,1,22,9,121.5368487,25.01141742
111,7,7,8,17,2,05中正區,中正區羅斯福路4段與基隆路4段口口,0,0,2,3,B03,8,1,5,50,5,1,1,5,4,5,7,1,1,1,4,5,1,17,2,45,3,10,1,1,7,15,1,8,1,7,,44,44,1,22,9,121.5368487,25.01141742
111,7,7,8,20,2,09北投區,北投區大度路2段與承德路7段401巷620弄口,0,0,2,1,C03,8,1,5,50,5,2,1,5,4,5,7,2,1,1,4,4,1,13,1,34,2,9,1,1,7,9,1,10,1,11,,43,43,1,22,9,121.4860761,25.12181353
111,7,7,8,20,2,09北投區,北投區大度路2段與承德路7段401巷620弄口,0,0,2,2,C03,8,1,5,50,5,2,1,5,4,5,7,2,1,1,4,4,1,13,2,44,2,9,1,1,7,9,1,10,1,13,,43,43,1,22,9,121.4860761,25.12181353
111,7,7,8,41,2,02萬華區,萬華區環河南路1段與內江街口,0,0,2,1,C03,8,1,5,50,3,2,1,5,4,5,7,2,1,5,4,5,1,17,2,59,2,8,3,4,7,5,1,10,1,13,,8,8,1,22,9,121.5001019,25.0419051
111,7,7,8,41,2,02萬華區,萬華區環河南路1段與內江街口,0,0,2,2,C03,8,1,5,50,3,2,1,5,4,5,7,2,1,5,4,5,1,17,2,29,2,9,3,4,7,9,1,10,1,11,,44,8,1,22,9,121.5001019,25.0419051
111,7,7,8,43,2,04大安區,大安區麗水街與麗水街14巷口,0,0,1,1,C03,8,1,5,30,4,1,1,5,4,5,7,4,4,9,4,5,2,15,1,26,2,9,1,1,7,9,1,10,2,11,,26,26,1,21,8,121.5289253,25.03204354
111,7,7,8,43,2,04大安區,大安區麗水街與麗水街14巷口,0,0,1,2,B01,8,1,5,30,4,1,1,5,4,5,7,4,4,9,4,5,2,15,1,54,3,10,1,1,7,9,1,4,2,8,,23,26,1,21,8,121.5289253,25.03204354
111,7,7,8,44,2,02萬華區,萬華區西藏路與莒光路299巷口,0,0,1,1,C03,8,1,5,50,3,1,1,5,4,5,7,1,1,1,4,5,1,13,2,37,2,8,1,1,7,9,1,10,1,11,,23,23,1,22,9,121.4992039,25.02926925
111,7,7,8,44,2,02萬華區,萬華區西藏路與莒光路299巷口,0,0,1,2,B03,8,1,5,50,3,1,1,5,4,5,7,1,1,1,4,5,1,13,1,47,3,10,1,1,7,14,1,8,1,3,,44,23,1,22,9,121.4992039,25.02926925
111,7,7,9,0,2,06松山區,松山區南京東路4段106號,0,0,1,1,C03,8,1,5,50,14,9,1,5,4,5,7,1,1,1,3,4,2,13,1,68,2,7,1,1,7,9,3,18,1,11,,16,16,1,22,9,121.5544758,25.05155296
111,7,7,9,0,2,06松山區,松山區南京東路4段106號,0,0,1,2,B01,8,1,5,50,14,9,1,5,4,5,7,1,1,1,3,4,2,13,1,24,3,10,1,1,7,14,1,4,1,3,,44,16,1,22,9,121.5544758,25.05155296
111,7,7,9,10,2,12內湖區,內湖區康寧路3段75巷218弄6號地下停車場出入口,0,0,1,1,C03,8,1,5,30,15,9,1,5,4,5,7,4,4,10,5,5,2,16,2,63,2,9,1,1,7,1,4,8,1,11,,19,19,1,22,9,121.6140034,25.076081
111,7,7,9,10,2,12內湖區,內湖區康寧路3段75巷218弄6號地下停車場出入口,0,0,1,2,B12,8,1,5,30,15,9,1,5,4,5,7,4,4,10,5,5,2,16,1,60,3,10,1,1,7,9,1,8,1,4,,44,19,1,22,9,121.6140034,25.076081
111,7,7,9,22,2,03中山區,中山區明水路與樂群一路口,0,0,2,1,C03,8,1,5,50,14,9,1,5,4,5,7,1,1,1,4,5,2,13,2,24,2,9,1,1,7,9,1,10,1,11,,16,16,1,22,9,121.5507651,25.0772418
111,7,7,9,22,2,03中山區,中山區明水路與樂群一路口,0,0,2,2,C03,8,1,5,50,14,9,1,5,4,5,7,1,1,1,4,5,2,13,1,28,2,9,1,1,7,14,1,10,1,13,,44,16,1,22,9,121.5507651,25.0772418
111,7,7,9,22,2,03中山區,中山區明水路與樂群一路口,0,0,2,3,B01,8,1,5,50,14,9,1,5,4,5,7,1,1,1,4,5,2,13,1,41,3,10,1,1,7,14,1,4,1,3,,44,16,1,22,9,121.5507651,25.0772418
111,7,7,9,30,2,04大安區,大安區市民大道3段與建國南路1段口,0,0,2,1,C03,8,1,5,40,4,1,1,5,4,5,7,1,1,10,5,5,2,17,1,36,2,9,1,1,7,12,1,10,1,11,13,23,23,1,22,9,121.536911,25.0446548
111,7,7,9,30,2,04大安區,大安區市民大道3段與建國南路1段口,0,0,2,2,C03,8,1,5,40,4,1,1,5,4,5,7,1,1,10,5,5,2,17,2,34,3,10,1,1,7,12,1,10,1,13,,44,23,1,22,9,121.536911,25.0446548
111,7,7,9,30,2,04大安區,大安區市民大道3段與建國南路1段口,0,0,2,3,C03,8,1,5,40,4,1,1,5,4,5,7,1,1,10,5,5,2,17,1,55,2,9,1,1,7,12,6,10,1,11,,23,23,1,22,9,121.536911,25.0446548
111,7,7,9,30,2,04大安區,大安區市民大道3段與建國南路1段口,0,0,2,4,B03,8,1,5,40,4,1,1,5,4,5,7,1,1,10,5,5,2,17,1,48,3,10,1,1,7,9,1,8,1,2,,44,23,1,22,9,121.536911,25.0446548
111,7,7,9,30,2,05中正區,中正區市民大道3段與新生北路1段口,0,0,1,1,B03,8,1,5,40,14,11,1,5,4,5,7,1,1,4,5,1,2,12,1,55,3,10,1,1,7,9,1,8,2,2,,17,17,1,22,9,121.5327189,25.04533446
111,7,7,9,30,2,05中正區,中正區市民大道3段與新生北路1段口,0,0,1,2,C03,8,1,5,40,14,11,1,5,4,5,7,1,1,4,5,1,2,12,2,63,2,9,1,1,7,9,1,10,2,14,,17,17,1,22,9,121.5327189,25.04533446
111,7,7,10,13,2,10文山區,文山區木柵路1段與木柵路1段76巷口,0,0,2,1,C04,8,1,5,50,3,1,1,5,4,5,7,1,1,5,4,5,2,16,2,60,2,8,3,4,7,5,1,4,2,12,,8,8,1,22,9,121.5501676,24.9874599
111,7,7,10,13,2,10文山區,文山區木柵路1段與木柵路1段76巷口,0,0,2,2,C03,8,1,5,50,3,1,1,5,4,5,7,1,1,5,4,5,2,16,1,18,2,7,3,4,7,9,1,10,2,11,,44,8,1,22,9,121.5501676,24.9874599
111,7,7,10,24,2,05中正區,中正區紹興南街第24號停車格,0,0,1,1,B01,8,1,5,40,14,9,1,5,4,5,7,4,4,10,4,5,2,17,1,46,3,10,1,4,7,1,1,4,1,5,,19,19,1,10,4,121.5242751,25.0415269
111,7,7,10,24,2,05中正區,中正區紹興南街第24號停車格,0,0,1,2,C03,8,1,5,40,14,9,1,5,4,5,7,4,4,10,4,5,2,17,1,41,2,8,1,1,7,9,1,10,1,14,,13,19,1,5,4,121.5242751,25.0415269
111,7,7,11,0,2,03中山區,中山區朱崙街與龍江路口,0,0,2,1,B03,8,1,5,50,4,1,1,5,4,5,7,2,1,5,4,5,1,9,1,49,3,10,1,1,7,5,1,8,2,8,,15,15,1,22,9,121.5404454,25.0499857
111,7,7,11,0,2,03中山區,中山區朱崙街與龍江路口,0,0,2,2,H01,8,1,5,50,4,1,1,5,4,5,7,2,1,5,4,5,1,9,2,84,2,9,4,5,8,16,8,20,10,15,,67,15,1,22,9,121.5404454,25.0499857
111,7,7,11,0,2,03中山區,中山區朱崙街與龍江路口,0,0,2,3,H01,8,1,5,50,4,1,1,5,4,5,7,2,1,5,4,5,1,9,1,83,2,1,4,5,8,16,8,20,10,16,,67,15,1,22,9,121.5404454,25.0499857
111,7,7,11,0,2,06松山區,松山區敦化北路100號,0,0,1,1,C03,7,1,5,30,14,8,1,5,4,5,7,4,4,8,3,4,2,17,2,36,2,9,1,1,7,9,1,10,1,11,,23,23,1,22,9,121.5487612,25.05355006
111,7,7,11,0,2,06松山區,松山區敦化北路100號,0,0,1,2,B03,7,1,5,30,14,8,1,5,4,5,7,4,4,8,3,4,2,17,1,45,3,10,3,4,7,14,1,2,1,7,,38,23,1,22,9,121.5487612,25.05355006
111,7,7,11,5,2,09北投區,北投區重三路與新興路口,0,0,1,1,C03,8,1,5,30,4,1,1,5,4,5,7,4,4,10,5,5,1,16,1,46,2,9,1,1,7,6,1,10,1,11,,6,6,1,22,9,121.4883492,25.1403262
111,7,7,11,5,2,09北投區,北投區重三路與新興路口,0,0,1,2,B03,8,1,5,30,4,1,1,5,4,5,7,4,4,10,5,5,1,16,1,48,3,10,1,1,7,9,1,8,1,8,,23,6,1,22,9,121.4883492,25.1403262
111,7,7,11,11,2,09北投區,北投區公館路161巷與公館路166巷口,0,0,3,1,C03,8,1,5,30,4,2,1,5,4,5,7,4,4,9,4,5,1,15,1,59,2,9,1,1,7,9,1,10,2,11,,6,6,1,22,9,121.5062777,25.12895979
111,7,7,11,11,2,09北投區,北投區公館路161巷與公館路166巷口,0,0,3,2,C03,8,1,5,30,4,2,1,5,4,5,7,4,4,9,4,5,1,15,1,16,2,9,1,1,7,9,2,18,2,11,,23,6,1,22,9,121.5062777,25.12895979
111,7,7,11,11,2,09北投區,北投區公館路161巷與公館路166巷口,0,0,3,3,B11,8,1,5,30,4,2,1,5,4,5,7,4,4,9,4,5,1,15,1,33,2,8,1,1,7,13,1,4,2,7,,38,6,1,22,9,121.5062777,25.12895979
111,7,7,11,52,2,06松山區,松山區市民大道4段299號,0,0,2,1,C03,7,1,5,40,14,9,1,4,4,5,7,4,4,1,3,5,2,17,1,33,2,9,1,1,7,7,1,10,1,14,,7,7,1,22,9,121.5567815,25.04507959
111,7,7,11,52,2,06松山區,松山區市民大道4段299號,0,0,2,2,C03,7,1,5,40,14,9,1,4,4,5,7,4,4,1,3,5,2,17,2,29,2,8,1,1,7,9,1,10,1,12,,43,7,1,22,9,121.5567815,25.04507959
111,7,7,11,58,2,07信義區,信義區永吉路30巷167弄與永吉路30巷口,0,0,1,1,C03,8,1,5,30,4,1,1,5,4,5,7,4,4,9,4,5,2,15,2,64,3,10,1,1,7,9,1,10,1,11,,6,6,1,22,9,121.5687345,25.0419528
111,7,7,11,58,2,07信義區,信義區永吉路30巷167弄與永吉路30巷口,0,0,1,2,B03,8,1,5,30,4,1,1,5,4,5,7,4,4,9,4,5,2,15,1,51,3,10,1,1,7,9,1,8,1,8,,13,6,1,22,9,121.5687345,25.0419528
111,7,7,11,58,2,07信義區,信義區永吉路30巷167弄與永吉路30巷口,0,0,1,3,H02,8,1,5,30,4,1,1,5,4,5,7,4,4,9,4,5,2,15,2,15,2,8,1,5,7,20,8,20,10,16,,67,6,1,22,9,121.5687345,25.0419528
111,7,7,12,8,2,01大同區,大同區延平北路2段與民權西路口,0,0,1,1,C03,8,1,5,50,4,1,1,5,4,5,7,2,1,1,4,5,2,13,1,19,3,10,1,4,7,9,1,10,1,11,,16,16,1,22,9,121.5112205,25.0627882
111,7,7,12,8,2,01大同區,大同區延平北路2段與民權西路口,0,0,1,2,C03,8,1,5,50,4,1,1,5,4,5,7,2,1,1,4,5,2,13,2,39,2,8,1,4,7,9,1,10,1,13,,26,16,1,22,9,121.5112205,25.0627882
111,7,7,12,9,2,12內湖區,(文德路232號前),0,0,1,1,B03,8,1,5,50,14,7,1,5,4,5,7,2,1,1,4,4,2,12,1,46,3,10,1,1,7,11,1,8,1,4,,10,10,1,22,9,121.5882093,25.07881026
111,7,7,12,9,2,12內湖區,(文德路232號前),0,0,1,2,C03,8,1,5,50,14,7,1,5,4,5,7,2,1,1,4,4,2,12,1,26,2,9,1,1,7,9,1,9,1,12,,13,10,1,22,9,121.5882093,25.07881026
111,7,7,12,10,2,06松山區,松山區民權東路5段與撫遠街口,0,0,3,1,B01,8,1,5,50,4,1,1,5,4,5,7,2,1,1,4,5,2,11,2,54,3,10,1,1,7,5,1,4,1,2,,8,8,1,22,9,121.5660064,25.06318418