發生年度,發生月,發生日,發生時-Hours,發生分,處理別-編號,區序,肇事地點,死亡人數,2-30日死亡人數,受傷人數,當事人序號,車種,天候,光線,道路類別,速限-速度限制,道路型態,事故位置,路面狀況1,路面狀況2,路面狀況3,道路障礙1,道路障礙2,號誌1,號誌2,車道劃分-分向,車道劃分-分道1,車道劃分-分道2,車道劃分-分道3,事故類型及型態,性別,年齡,受傷程度,主要傷處,安全帽,行動電話,車輛用途,當事者行動狀態,駕駛資格情形,駕駛執照種類,飲酒情形,車輛撞擊部位1,車輛撞擊部位2,肇因碼-個別,肇因碼-主要,個人肇逃否,職業,旅次目的,座標-X,座標-Y
111,7,7,12,10,2,06松山區,松山區民權東路5段與撫遠街口,0,0,3,2,B11,8,1,5,50,4,1,1,5,4,5,7,2,1,1,4,5,2,11,1,33,3,10,1,1,7,9,1,4,1,5,,25,8,1,22,9,121.5660064,25.06318418
111,7,7,12,10,2,06松山區,松山區民權東路5段與撫遠街口,0,0,3,3,H02,8,1,5,50,4,1,1,5,4,5,7,2,1,1,4,5,2,11,1,49,2,9,4,5,7,20,8,20,10,16,,67,8,1,22,9,121.5660064,25.06318418
111,7,7,12,10,2,06松山區,松山區民權東路5段與撫遠街口,0,0,3,4,H02,8,1,5,50,4,1,1,5,4,5,7,2,1,1,4,5,2,11,2,74,2,9,4,5,7,20,8,20,10,16,,67,8,1,22,9,121.5660064,25.06318418
111,7,7,12,10,2,06松山區,松山區民權東路5段與撫遠街口,0,0,3,5,H02,8,1,5,50,4,1,1,5,4,5,7,2,1,1,4,5,2,11,2,51,2,9,4,1,7,20,8,20,10,16,,67,8,1,22,9,121.5660064,25.06318418
111,7,7,12,25,2,03中山區,中山區長春路與龍江路口,0,0,1,1,C03,7,1,5,50,4,1,1,5,4,5,7,1,1,5,5,5,2,12,2,19,2,9,1,1,7,5,1,10,1,14,,8,8,1,22,9,121.5405085,25.0546666
111,7,7,12,25,2,03中山區,中山區長春路與龍江路口,0,0,1,2,B03,7,1,5,50,4,1,1,5,4,5,7,1,1,5,5,5,2,12,1,42,3,10,1,1,7,9,1,8,1,2,,44,8,1,22,9,121.5405085,25.0546666
111,7,7,12,27,2,05中正區,中正區師大路與汀州路3段口口,0,0,1,1,B03,8,1,5,50,5,1,1,5,4,5,7,1,1,1,4,5,1,17,1,44,3,10,1,1,7,6,1,8,2,4,,25,25,1,22,9,121.5255491,25.02067818
111,7,7,12,27,2,05中正區,中正區師大路與汀州路3段口口,0,0,1,2,C03,8,1,5,50,5,1,1,5,4,5,7,1,1,1,4,5,1,17,2,44,2,9,1,1,7,9,4,11,2,12,,42,25,1,22,9,121.5255491,25.02067818
111,7,7,12,30,2,03中山區,中山區建國北路2段與錦州街口南側迴轉道,0,0,1,1,B03,8,1,5,50,4,1,1,5,4,5,7,1,1,10,4,5,2,12,2,71,3,10,1,4,7,11,1,8,1,7,,10,10,1,22,9,121.5371793,25.0595656
111,7,7,12,30,2,03中山區,中山區建國北路2段與錦州街口南側迴轉道,0,0,1,2,C03,8,1,5,50,4,1,1,5,4,5,7,1,1,10,4,5,2,12,1,43,2,8,1,4,7,9,1,9,1,11,,23,10,1,22,9,121.5371793,25.0595656
111,7,7,12,30,2,08士林區,士林區至善路2段中影前,0,0,1,1,C03,7,1,5,50,14,9,1,5,4,5,7,4,4,1,5,5,2,17,2,30,2,9,1,1,7,15,1,10,1,12,,43,43,1,22,9,121.5441073,25.09705325
111,7,7,12,30,2,08士林區,士林區至善路2段中影前,0,0,1,2,C03,7,1,5,50,14,9,1,5,4,5,7,4,4,1,5,5,2,17,1,31,3,10,1,1,7,9,1,10,1,11,,43,43,1,22,9,121.5441073,25.09705325
111,7,7,12,40,2,04大安區,大安區信義路3段134巷與建國南路2段69巷口,0,0,2,1,C03,7,1,5,30,4,1,1,5,4,5,7,1,1,9,4,5,1,11,1,30,2,8,1,4,7,5,1,10,1,11,,6,6,1,22,9,121.5394333,25.03117
111,7,7,12,40,2,04大安區,大安區信義路3段134巷與建國南路2段69巷口,0,0,2,2,C03,7,1,5,30,4,1,1,5,4,5,7,1,1,9,4,5,1,11,2,61,2,9,1,4,7,9,1,10,1,11,,44,6,1,22,9,121.5394333,25.03117
111,7,7,12,40,2,06松山區,松山區民生東路3段127巷與民生東路3段113巷7弄口,0,0,2,1,C03,6,1,5,30,4,1,1,4,4,5,7,4,4,10,5,5,2,15,1,28,2,9,1,1,7,9,1,10,1,11,,23,23,1,22,9,121.5474647,25.0584527
111,7,7,12,40,2,06松山區,松山區民生東路3段127巷與民生東路3段113巷7弄口,0,0,2,2,C03,6,1,5,30,4,1,1,4,4,5,7,4,4,10,5,5,2,15,1,27,2,8,1,1,7,9,1,10,1,14,,6,23,1,22,9,121.5474647,25.0584527
111,7,7,12,45,2,03中山區,中山區北安路與敬業二路口,0,0,1,1,B03,6,1,5,50,3,1,1,4,4,5,7,4,4,1,3,5,1,16,2,63,3,10,1,1,7,6,1,8,1,2,,9,9,1,22,9,121.554316,25.08510932
111,7,7,12,45,2,03中山區,中山區北安路與敬業二路口,0,0,1,2,C03,6,1,5,50,3,1,1,4,4,5,7,4,4,1,3,5,1,16,2,30,2,9,1,1,7,9,1,10,1,14,,23,9,1,22,9,121.554316,25.08510932
111,7,7,12,51,2,02萬華區,萬華區萬大路與莒光路口,0,0,1,1,B03,8,1,5,50,4,1,1,5,4,5,7,1,1,3,5,5,1,15,1,24,3,10,1,4,7,9,1,8,1,6,,25,25,1,22,9,121.5005156,25.03120335
111,7,7,12,51,2,02萬華區,萬華區萬大路與莒光路口,0,0,1,2,C03,8,1,5,50,4,1,1,5,4,5,7,1,1,3,5,5,1,15,2,78,2,9,1,4,7,9,6,10,1,11,,44,25,1,22,9,121.5005156,25.03120335
111,7,7,12,56,2,06松山區,松山區撫遠街400巷2號,0,0,1,1,C03,6,2,5,30,14,9,1,4,4,5,7,4,4,1,3,5,2,17,1,23,2,9,1,1,7,5,1,10,1,13,,8,8,1,22,9,121.5655767,25.06545919
111,7,7,12,56,2,06松山區,松山區撫遠街400巷2號,0,0,1,2,B03,6,2,5,30,14,9,1,4,4,5,7,4,4,1,3,5,2,17,1,44,3,10,3,4,7,11,1,8,1,8,,23,8,1,22,9,121.5655767,25.06545919
111,7,7,13,28,2,11南港區,南港區研究院路1段與研究院路1段101巷口,0,0,1,2,C03,7,1,5,50,4,2,1,5,4,5,7,2,1,3,3,5,2,16,1,21,2,9,3,4,7,9,1,10,2,14,,44,6,1,22,9,121.6168209,25.0517708
111,7,7,13,28,2,11南港區,南港區研究院路1段與研究院路1段101巷口,0,0,1,1,B02,7,1,5,50,4,2,1,5,4,5,7,2,1,3,3,5,2,16,2,70,3,10,3,4,7,5,1,8,2,8,,6,6,1,22,9,121.6168209,25.0517708
111,7,7,13,30,2,08士林區,士林區福國路與福華路口,0,0,1,2,B03,6,1,5,30,4,2,1,4,4,5,7,1,1,10,5,5,2,17,1,47,3,10,1,1,7,6,3,18,1,2,,44,19,1,22,9,121.5224685,25.10179997
111,7,7,13,30,2,08士林區,士林區福國路與福華路口,0,0,1,1,C03,6,1,5,30,4,2,1,4,4,5,7,1,1,10,5,5,2,17,1,40,2,7,1,1,7,1,1,10,1,14,,19,19,1,22,9,121.5224685,25.10179997
111,7,7,13,34,2,02萬華區,萬華區桂林路與桂林路127巷口,0,0,1,1,C03,7,1,5,50,3,2,1,5,4,5,7,4,4,9,5,4,2,16,1,64,2,9,1,1,7,1,1,10,1,12,,19,19,1,22,9,121.500217,25.03849714
111,7,7,13,34,2,02萬華區,萬華區桂林路與桂林路127巷口,0,0,1,2,A02,7,1,5,50,3,2,1,5,4,5,7,4,4,9,5,4,2,16,1,60,3,10,1,1,7,9,1,1,1,5,,23,19,1,22,9,121.500217,25.03849714
111,7,7,13,58,2,01大同區,大同區重慶北路2段184號,0,0,2,1,C04,6,1,5,50,14,9,1,4,4,5,7,4,4,9,4,5,2,12,1,61,2,9,1,1,7,9,1,10,1,12,,44,44,1,22,9,121.5134832,25.06205861
111,7,7,13,58,2,01大同區,大同區重慶北路2段184號,0,0,2,2,C03,6,1,5,50,14,9,1,4,4,5,7,4,4,9,4,5,2,12,2,42,2,9,1,1,7,7,1,10,1,14,,7,44,1,22,9,121.5134832,25.06205861
111,7,7,14,9,2,08士林區,士林區中山北路6段與中山北路6段763巷口,0,0,1,1,C03,8,1,5,50,3,2,1,5,4,5,7,4,4,1,4,5,1,17,2,58,3,10,1,1,7,7,1,10,1,13,,7,7,1,22,9,121.5278622,25.11537218
111,7,7,14,9,2,08士林區,士林區中山北路6段與中山北路6段763巷口,0,0,1,2,C03,8,1,5,50,3,2,1,5,4,5,7,4,4,1,4,5,1,17,1,18,2,9,1,1,7,9,1,10,1,12,,44,7,1,22,9,121.5278622,25.11537218
111,7,7,14,19,2,03中山區,中山區遼寧街與遼寧街128巷口,0,0,1,1,B01,6,1,5,50,4,1,1,4,4,5,7,1,1,5,4,5,2,13,1,58,3,10,1,1,7,9,1,4,1,5,,16,16,1,22,9,121.5420643,25.0533045
111,7,7,14,19,2,03中山區,中山區遼寧街與遼寧街128巷口,0,0,1,2,F01,6,1,5,50,4,1,1,4,4,5,7,1,1,5,4,5,2,13,2,69,2,8,1,1,7,9,8,20,1,16,,44,16,1,22,9,121.5420643,25.0533045
111,7,7,15,20,2,02萬華區,萬華區西園路2段189號,0,0,1,1,C03,7,1,5,50,14,9,1,4,4,5,7,4,4,1,4,5,2,13,1,30,2,9,1,1,7,9,1,10,1,11,,16,16,1,22,9,121.4949203,25.02780523
111,7,7,15,20,2,02萬華區,萬華區西園路2段189號,0,0,1,2,C03,7,1,5,50,14,9,1,4,4,5,7,4,4,1,4,5,2,13,2,20,3,10,1,1,7,9,1,10,1,11,,16,16,1,22,9,121.4949203,25.02780523
111,7,7,15,20,2,02萬華區,萬華區西園路2段189號,0,0,1,3,B03,7,1,5,50,14,9,1,4,4,5,7,4,4,1,4,5,2,13,1,57,3,10,1,1,7,9,1,8,1,3,,44,16,1,22,9,121.4949203,25.02780523
111,7,7,15,20,2,02萬華區,萬華區西園路2段189號,0,0,1,4,B03,7,1,5,50,14,9,1,4,4,5,7,4,4,1,4,5,2,13,2,52,3,10,1,4,7,1,1,8,9,15,,19,16,2,22,9,121.4949203,25.02780523
111,7,7,15,25,2,02萬華區,萬華區西藏路與艋舺大道口,0,0,1,1,C03,6,1,5,50,4,1,1,4,4,5,7,1,1,1,1,5,2,12,2,63,2,3,1,1,7,5,1,10,1,14,,6,6,1,22,9,121.4914776,25.0290007
111,7,7,15,25,2,02萬華區,萬華區西藏路與艋舺大道口,0,0,1,2,B01,6,1,5,50,4,1,1,4,4,5,7,1,1,1,1,5,2,12,1,65,3,10,1,1,7,9,1,4,1,8,,44,6,1,22,9,121.4914776,25.0290007
111,7,7,15,35,2,01大同區,大同區南京西路與南京西路107巷口,0,0,1,1,C03,8,1,5,50,3,1,1,5,4,5,7,4,4,1,4,5,2,12,1,62,3,10,1,1,7,6,1,10,1,11,,9,9,1,22,9,121.5156867,25.0538376
111,7,7,15,35,2,01大同區,大同區南京西路與南京西路107巷口,0,0,1,2,F02,8,1,5,50,3,1,1,5,4,5,7,4,4,1,4,5,2,12,1,46,2,7,1,1,7,9,8,20,1,16,,44,9,1,22,9,121.5156867,25.0538376
111,7,7,15,35,2,01大同區,大同區南京西路與南京西路107巷口,0,0,1,3,B11,8,1,5,50,3,1,1,5,4,5,7,4,4,1,4,5,2,12,1,38,3,10,3,4,7,13,1,7,9,15,,38,9,2,10,4,121.5156867,25.0538376
111,7,7,15,50,2,04大安區,大安區忠孝東路3段214號,0,0,1,1,C03,7,1,5,50,14,9,1,4,4,5,7,4,4,1,4,5,2,13,1,38,2,9,1,1,7,12,1,10,1,14,11,42,42,1,22,9,121.5399088,25.0415869
111,7,7,15,50,2,04大安區,大安區忠孝東路3段214號,0,0,1,2,B03,7,1,5,50,14,9,1,4,4,5,7,4,4,1,4,5,2,13,1,39,3,10,1,1,7,14,1,8,1,3,,44,42,1,22,9,121.5399088,25.0415869
111,7,7,15,50,2,04大安區,大安區忠孝東路3段214號,0,0,1,3,B01,7,1,5,50,14,9,1,4,4,5,7,4,4,1,4,5,2,13,1,61,3,10,1,1,7,9,1,4,9,15,,44,42,2,22,9,121.5399088,25.0415869
111,7,7,16,3,2,12內湖區,內湖區內湖路1段與內湖路1段360巷口,0,0,3,2,C03,8,1,5,50,4,2,1,5,4,5,7,2,1,1,4,5,2,13,1,21,2,8,1,1,7,14,1,10,2,13,,44,23,1,22,9,121.5707131,25.08148829
111,7,7,16,3,2,12內湖區,內湖區內湖路1段與內湖路1段360巷口,0,0,3,3,C03,8,1,5,50,4,2,1,5,4,5,7,2,1,1,4,5,2,13,2,21,2,9,1,1,7,14,1,10,2,15,,44,23,1,22,9,121.5707131,25.08148829
111,7,7,16,3,2,12內湖區,內湖區內湖路1段與內湖路1段360巷口,0,0,3,1,C03,8,1,5,50,4,2,1,5,4,5,7,2,1,1,4,5,2,13,1,42,2,9,1,1,7,9,1,10,2,11,,23,23,1,22,9,121.5707131,25.08148829
111,7,7,16,18,2,09北投區,北投區杏林二路38-1號,0,0,1,1,F01,7,1,5,30,14,9,1,5,4,5,7,4,4,10,5,5,2,16,2,62,2,9,1,1,7,7,8,20,1,16,,43,43,1,22,9,121.4976613,25.14218636
111,7,7,16,18,2,09北投區,北投區杏林二路38-1號,0,0,1,2,C03,7,1,5,30,14,9,1,5,4,5,7,4,4,10,5,5,2,16,2,47,3,10,1,1,7,9,1,10,1,15,,43,43,1,22,9,121.4976613,25.14218636
111,7,7,16,20,2,09北投區,北投區育仁路145號,0,0,1,1,C03,8,1,5,30,14,9,1,5,4,5,7,4,4,5,5,5,2,27,2,54,2,9,1,1,7,9,1,10,2,12,,42,42,1,22,9,121.5007164,25.13634078
111,7,7,16,20,2,09北投區,北投區育仁路145號,0,0,1,2,,8,1,5,30,14,9,1,5,4,5,7,4,4,5,5,5,2,27,3,,,,,,,,,,,,,66,42,1,,,121.5007164,25.13634078
111,7,7,16,35,2,05中正區,中正區中山北路1段與北平西路口,0,0,2,1,C03,8,1,5,50,4,1,1,5,4,5,7,1,1,10,4,5,1,12,1,61,2,8,1,1,7,5,1,9,2,14,,44,44,1,22,9,121.5203202,25.0471114
111,7,7,16,35,2,05中正區,中正區中山北路1段與北平西路口,0,0,2,2,B02,8,1,5,50,4,1,1,5,4,5,7,1,1,10,4,5,1,12,2,42,3,10,1,1,7,1,1,8,2,5,,19,44,1,22,9,121.5203202,25.0471114
111,7,7,16,35,2,05中正區,中正區中山北路1段與北平西路口,0,0,2,3,H02,8,1,5,50,4,1,1,5,4,5,7,1,1,10,4,5,1,12,2,56,2,8,1,5,7,20,8,20,10,16,,67,44,1,22,9,121.5203202,25.0471114
111,7,7,16,45,2,10文山區,文山區木柵路5段與木柵路5段21巷口口,0,0,1,1,C03,8,1,5,50,3,2,1,4,4,5,7,1,1,1,4,4,2,13,1,18,2,7,1,1,7,9,1,10,1,11,,16,16,1,22,9,121.5810733,25.00208697
111,7,7,16,45,2,10文山區,文山區木柵路5段與木柵路5段21巷口口,0,0,1,2,B03,8,1,5,50,3,2,1,4,4,5,7,1,1,1,4,4,2,13,1,58,3,10,1,1,7,14,1,8,1,6,,44,16,1,22,9,121.5810733,25.00208697
111,7,7,16,50,2,05中正區,中正區重慶南路1段與凱達格蘭大道口,0,0,2,1,C03,8,1,5,50,3,1,1,5,4,5,7,1,1,10,5,5,2,13,1,22,2,8,1,1,7,9,1,10,2,11,,16,16,1,22,9,121.5129772,25.03970879
111,7,7,16,50,2,05中正區,中正區重慶南路1段與凱達格蘭大道口,0,0,2,2,C03,8,1,5,50,3,1,1,5,4,5,7,1,1,10,5,5,2,13,2,20,2,8,1,1,7,12,1,10,2,13,,44,16,1,22,9,121.5129772,25.03970879
111,7,7,16,50,2,05中正區,中正區重慶南路1段與凱達格蘭大道口,0,0,2,3,H03,8,1,5,50,3,1,1,5,4,5,7,1,1,10,5,5,2,13,1,43,3,10,4,5,8,17,8,20,10,16,,67,16,1,22,9,121.5129772,25.03970879
111,7,7,17,10,2,12內湖區,內湖區新明路460巷與新明路428巷口,0,0,2,1,C03,8,1,5,30,4,1,1,5,4,5,7,1,1,10,5,5,2,16,1,31,2,9,1,1,7,5,1,10,1,14,,6,6,1,22,9,121.5785368,25.0542241
111,7,7,17,10,2,12內湖區,內湖區新明路460巷與新明路428巷口,0,0,2,2,C03,8,1,5,30,4,1,1,5,4,5,7,1,1,10,5,5,2,16,1,20,2,9,1,1,7,4,1,10,1,12,,42,6,1,22,9,121.5785368,25.0542241
111,7,7,17,40,2,03中山區,中山區長春路20號前,0,0,2,1,C03,8,1,5,40,14,7,1,5,4,5,7,4,4,9,4,4,2,16,1,29,2,6,3,4,7,5,1,10,1,14,,8,8,1,9,9,121.5237857,25.0549499
111,7,7,17,40,2,03中山區,中山區長春路20號前,0,0,2,2,C03,8,1,5,40,14,7,1,5,4,5,7,4,4,9,4,4,2,16,1,62,2,9,3,4,7,9,1,10,1,11,,44,8,1,22,9,121.5237857,25.0549499
111,7,7,17,55,2,10文山區,文山區木柵路1段與試院路口口,0,0,1,1,C03,8,1,5,50,4,4,1,5,4,5,7,1,1,5,4,4,2,17,1,66,3,10,1,1,7,9,1,10,9,15,,44,44,1,22,9,121.5503351,24.9875187
111,7,7,17,55,2,10文山區,文山區木柵路1段與試院路口口,0,0,1,2,C03,8,1,5,50,4,4,1,5,4,5,7,1,1,5,4,4,2,17,2,51,2,9,1,1,7,9,1,10,9,12,,16,44,1,22,9,121.5503351,24.9875187
111,7,7,17,55,2,10文山區,文山區木柵路5段43巷(富德公墓第27區),0,0,1,1,,8,1,5,50,14,9,2,5,2,2,7,4,4,5,4,5,2,18,3,,,,,,,,,,,,,61,61,1,,,121.5893263,25.01236848
111,7,7,17,55,2,10文山區,文山區木柵路5段43巷(富德公墓第27區),0,0,1,2,C03,8,1,5,50,14,9,2,5,2,2,7,4,4,5,4,5,2,18,1,25,2,9,1,4,7,9,1,10,1,12,,44,61,1,22,9,121.5893263,25.01236848
111,7,7,18,11,2,04大安區,大安區忠孝東路3段忠孝新生捷運站4號出口,0,0,1,1,C03,8,1,5,50,14,9,1,5,4,5,7,4,4,1,4,5,2,17,1,23,3,10,1,1,7,9,1,10,1,14,12,16,16,1,22,9,121.5332304,25.0423359
111,7,7,18,11,2,04大安區,大安區忠孝東路3段忠孝新生捷運站4號出口,0,0,1,2,B01,8,1,5,50,14,9,1,5,4,5,7,4,4,1,4,5,2,17,1,51,3,10,1,1,7,14,1,2,1,6,,44,16,1,22,9,121.5332304,25.0423359
111,7,7,18,11,2,04大安區,大安區忠孝東路3段忠孝新生捷運站4號出口,0,0,1,3,C03,8,1,5,50,14,9,1,5,4,5,7,4,4,1,4,5,2,17,1,42,3,10,1,1,7,14,1,10,1,14,12,44,16,1,22,9,121.5332304,25.0423359
111,7,7,18,11,2,04大安區,大安區忠孝東路3段忠孝新生捷運站4號出口,0,0,1,4,A02,8,1,5,50,14,9,1,5,4,5,7,4,4,1,4,5,2,17,1,40,3,10,1,1,7,14,1,2,1,4,,44,16,1,22,9,121.5332304,25.0423359
111,7,7,18,11,2,04大安區,大安區忠孝東路3段忠孝新生捷運站4號出口,0,0,1,5,H02,8,1,5,50,14,9,1,5,4,5,7,4,4,1,4,5,2,17,2,37,2,8,4,5,7,17,8,20,10,16,,67,16,1,22,9,121.5332304,25.0423359
111,7,7,18,15,2,03中山區,中山區北安路與大直街口,0,0,1,1,C03,8,1,5,50,4,1,1,5,4,5,7,1,1,1,4,5,2,13,1,25,3,10,1,1,7,6,1,10,11,13,,9,9,2,22,9,121.5492605,25.08411071
111,7,7,18,15,2,03中山區,中山區北安路與大直街口,0,0,1,2,G06,8,1,5,50,4,1,1,5,4,5,7,1,1,1,4,5,2,13,1,51,2,9,4,1,7,9,1,8,11,15,,42,9,1,22,9,121.5492605,25.08411071
111,7,7,18,15,2,03中山區,中山區民族東路與林森北路口,0,0,1,1,C03,8,1,5,50,3,1,1,5,4,5,7,2,1,1,4,5,2,12,1,31,2,9,3,4,7,8,1,10,1,12,,7,7,1,22,9,121.5257351,25.06844927
111,7,7,18,15,2,03中山區,中山區民族東路與林森北路口,0,0,1,2,C03,8,1,5,50,3,1,1,5,4,5,7,2,1,1,4,5,2,12,1,20,3,10,3,4,7,9,1,10,1,14,,44,7,1,22,9,121.5257351,25.06844927
111,7,7,18,25,2,02萬華區,萬華區康定路與康定路188巷口,0,0,2,1,C03,8,1,5,50,4,1,1,5,4,5,7,2,1,5,4,5,2,11,2,26,2,7,1,1,7,5,1,10,1,12,,8,8,1,22,9,121.5018135,25.03895625
111,7,7,18,25,2,02萬華區,萬華區康定路與康定路188巷口,0,0,2,2,C03,8,1,5,50,4,1,1,5,4,5,7,2,1,5,4,5,2,11,1,30,2,9,1,1,7,9,1,10,1,15,,44,8,1,22,9,121.5018135,25.03895625
111,7,7,18,25,2,04大安區,大安區信義路3段大安森林公園捷運站5號出口,0,0,1,1,F01,8,3,8,0,15,22,4,5,4,5,7,4,4,10,5,5,2,9,2,48,3,10,1,1,7,9,8,20,11,16,,23,23,1,22,9,121.5364236,25.03334247
111,7,7,18,25,2,04大安區,大安區信義路3段大安森林公園捷運站5號出口,0,0,1,2,H01,8,3,8,0,15,22,4,5,4,5,7,4,4,10,5,5,2,9,2,67,2,9,4,5,8,16,8,20,10,16,,67,23,1,22,9,121.5364236,25.03334247
111,7,7,18,45,2,06松山區,松山區八德路3段與延吉街口,0,0,1,1,B01,8,1,5,50,3,1,1,5,4,5,7,2,1,5,2,5,2,11,1,60,3,10,1,1,7,5,1,8,1,8,,6,6,1,22,9,121.5533435,25.0481942
111,7,7,18,45,2,06松山區,松山區八德路3段與延吉街口,0,0,1,2,C03,8,1,5,50,3,1,1,5,4,5,7,2,1,5,2,5,2,11,2,24,2,8,1,1,7,9,1,4,1,11,,44,6,1,22,9,121.5533435,25.0481942
111,7,7,19,6,2,09北投區,北投區承德路7段262號,0,0,1,1,B03,8,1,5,60,14,8,1,5,4,5,7,4,4,1,4,4,2,16,1,54,3,10,3,4,7,8,1,8,1,5,,7,7,1,22,9,121.5057187,25.11592231
111,7,7,19,6,2,09北投區,北投區承德路7段262號,0,0,1,2,C03,8,1,5,60,14,8,1,5,4,5,7,4,4,1,4,4,2,16,1,19,2,7,1,1,7,9,1,10,1,14,,13,7,1,22,9,121.5057187,25.11592231
111,7,7,19,22,2,03中山區,中山區林森北路399巷與林森北路口,0,0,1,1,B03,8,3,5,50,4,1,1,5,4,5,7,1,1,5,5,5,2,16,1,36,3,10,1,1,7,5,1,8,1,5,,6,6,1,22,9,121.5255882,25.059121
111,7,7,19,22,2,03中山區,中山區林森北路399巷與林森北路口,0,0,1,2,C03,8,3,5,50,4,1,1,5,4,5,7,1,1,5,5,5,2,16,1,25,2,9,1,1,7,9,1,10,1,11,,44,6,1,22,9,121.5255882,25.059121
111,7,7,19,44,2,02萬華區,萬華區環河南路2段與桂林路口,0,0,1,1,B03,7,3,5,40,4,1,1,5,4,5,7,2,1,3,2,5,2,17,1,41,3,10,1,1,7,6,1,8,1,5,,9,9,1,22,9,121.4970138,25.03851588
111,7,7,19,44,2,02萬華區,萬華區環河南路2段與桂林路口,0,0,1,2,C03,7,3,5,40,4,1,1,5,4,5,7,2,1,3,2,5,2,17,1,29,2,9,1,1,7,9,1,10,1,14,,13,9,1,22,9,121.4970138,25.03851588
111,7,7,19,44,2,02萬華區,萬華區環河南路2段與桂林路口,0,0,1,3,C03,7,3,5,40,4,1,1,5,4,5,7,2,1,3,2,5,2,17,1,48,3,10,1,1,7,14,1,9,1,11,,44,9,1,22,9,121.4970138,25.03851588
111,7,7,20,0,2,08士林區,士林區中正路與重慶北路4段口,0,0,1,1,B03,8,3,5,0,3,1,1,5,4,5,7,4,4,1,4,5,2,17,1,48,3,10,1,1,7,6,1,8,1,5,,9,9,1,22,9,121.5099436,25.08674411
111,7,7,20,0,2,08士林區,士林區中正路與重慶北路4段口,0,0,1,2,C03,8,3,5,0,3,1,1,5,4,5,7,4,4,1,4,5,2,17,1,18,2,5,2,1,7,9,1,10,1,14,,44,9,1,22,9,121.5099436,25.08674411
111,7,7,20,47,2,02萬華區,萬華區環河南路1段與長沙街2段口,0,0,3,1,C03,8,3,5,50,3,1,1,5,4,5,7,1,1,5,4,5,2,11,1,31,2,7,1,1,7,5,1,10,1,12,,6,6,1,22,9,121.4996122,25.0415017
111,7,7,20,47,2,02萬華區,萬華區環河南路1段與長沙街2段口,0,0,3,2,C03,8,3,5,50,3,1,1,5,4,5,7,1,1,5,4,5,2,11,1,21,2,8,1,1,7,9,1,10,1,11,,44,6,1,22,9,121.4996122,25.0415017
111,7,7,20,47,2,02萬華區,萬華區環河南路1段與長沙街2段口,0,0,3,3,H02,8,3,5,50,3,1,1,5,4,5,7,1,1,5,4,5,2,11,1,33,2,8,1,5,7,21,8,20,10,16,,67,6,1,22,9,121.4996122,25.0415017
111,7,7,21,3,2,05中正區,中正區公園路與貴陽街1段口口,0,0,1,1,C03,8,3,5,50,4,2,1,5,4,5,7,2,1,9,4,5,1,18,2,32,2,9,1,1,7,9,1,10,1,14,,13,13,1,21,1,121.5153243,25.0385419
111,7,7,21,3,2,05中正區,中正區公園路與貴陽街1段口口,0,0,1,2,,8,3,5,50,4,2,1,5,4,5,7,2,1,9,4,5,1,18,3,,,,,,,,,,,,,67,13,1,,,121.5153243,25.0385419
111,7,7,21,40,2,05中正區,中正區北平西路與館前路口口,0,0,1,1,C03,8,3,5,50,3,2,1,5,4,5,7,2,1,9,4,5,1,16,2,32,2,8,1,1,7,9,1,10,1,14,,23,23,1,21,2,121.5151125,25.0474847
111,7,7,21,40,2,05中正區,中正區北平西路與館前路口口,0,0,1,2,C03,8,3,5,50,3,2,1,5,4,5,7,2,1,9,4,5,1,16,1,27,3,10,1,1,7,6,1,10,1,12,,9,23,1,21,5,121.5151125,25.0474847
111,7,7,22,15,2,04大安區,大安區溫州街22巷16號,0,0,1,1,C03,7,3,5,30,14,9,1,5,4,5,7,4,4,9,5,5,2,9,2,61,3,10,1,1,7,9,1,10,1,15,,44,44,1,22,9,121.531872,25.02367258
111,7,7,22,15,2,04大安區,大安區溫州街22巷16號,0,0,1,2,H01,7,3,5,30,14,9,1,5,4,5,7,4,4,9,5,5,2,9,2,64,2,9,4,5,8,16,8,20,10,16,,60,44,1,22,9,121.531872,25.02367258
111,7,7,22,19,2,07信義區,信義區林口街176號,0,0,1,1,B03,7,3,5,50,14,7,1,5,4,5,7,3,1,5,5,4,2,13,1,24,3,10,1,1,7,9,1,8,1,5,,23,23,1,22,9,121.5806919,25.04067295
111,7,7,22,19,2,07信義區,信義區林口街176號,0,0,1,2,C03,7,3,5,50,14,7,1,5,4,5,7,3,1,5,5,4,2,13,1,73,2,8,1,1,7,9,1,10,1,13,,14,23,1,22,9,121.5806919,25.04067295
111,7,7,22,27,2,09北投區,北投區行義路300巷與行義路口,0,0,2,1,C03,8,3,5,40,3,1,1,5,4,5,7,4,4,5,4,5,2,16,1,61,2,9,1,1,7,5,1,10,2,11,,6,6,1,22,9,121.5282585,25.13802039
111,7,7,22,27,2,09北投區,北投區行義路300巷與行義路口,0,0,2,2,C03,8,3,5,40,3,1,1,5,4,5,7,4,4,5,4,5,2,16,1,19,2,9,1,1,7,9,1,10,2,11,,23,6,1,22,9,121.5282585,25.13802039
111,7,7,22,47,2,10文山區,文山區辛亥路7段21號,0,0,1,1,B03,8,3,5,50,14,9,1,5,4,5,7,4,4,5,4,4,2,16,1,41,3,10,1,1,7,11,1,8,1,4,,10,10,1,22,9,121.5532481,24.986392
111,7,7,22,47,2,10文山區,文山區辛亥路7段21號,0,0,1,2,C03,8,3,5,50,14,9,1,5,4,5,7,4,4,5,4,4,2,16,1,23,2,7,1,1,7,9,1,10,1,11,,44,10,1,22,9,121.5532481,24.986392