發生年度,發生月,發生日,發生時-Hours,發生分,處理別-編號,區序,肇事地點,死亡人數,2-30日死亡人數,受傷人數,當事人序號,車種,天候,光線,道路類別,速限-速度限制,道路型態,事故位置,路面狀況1,路面狀況2,路面狀況3,道路障礙1,道路障礙2,號誌1,號誌2,車道劃分-分向,車道劃分-分道1,車道劃分-分道2,車道劃分-分道3,事故類型及型態,性別,年齡,受傷程度,主要傷處,安全帽,行動電話,車輛用途,當事者行動狀態,駕駛資格情形,駕駛執照種類,飲酒情形,車輛撞擊部位1,車輛撞擊部位2,肇因碼-個別,肇因碼-主要,個人肇逃否,職業,旅次目的,座標-X,座標-Y
111,7,7,23,55,2,05中正區,中正區福和橋往永和機車道,0,0,1,1,C03,8,3,5,50,8,11,1,5,4,5,7,4,4,10,1,5,2,18,1,20,2,9,1,1,7,8,1,10,1,12,,13,13,1,22,9,121.5343951,25.010099
111,7,7,23,55,2,05中正區,中正區福和橋往永和機車道,0,0,1,2,,8,3,5,50,8,11,1,5,4,5,7,4,4,10,1,5,2,18,3,,,,,,,,,,,,,61,13,1,,,121.5343951,25.010099
111,7,8,1,20,2,09北投區,北投區竹子湖路2號,0,0,2,1,B03,7,3,5,40,11,9,1,5,4,5,1,4,4,5,4,5,1,11,1,32,3,10,1,1,7,6,1,8,1,8,,26,26,1,22,9,121.5440922,25.16230778
111,7,8,1,20,2,09北投區,北投區竹子湖路2號,0,0,2,2,B03,7,3,5,40,11,9,1,5,4,5,1,4,4,5,4,5,1,11,1,22,2,9,1,1,7,5,1,8,1,4,,44,26,1,22,9,121.5440922,25.16230778
111,7,8,1,20,2,09北投區,北投區竹子湖路2號,0,0,2,3,H02,7,3,5,40,11,9,1,5,4,5,1,4,4,5,4,5,1,11,2,23,2,9,1,5,7,20,8,20,10,16,,67,26,1,22,9,121.5440922,25.16230778
111,7,8,3,7,2,05中正區,中正區仁愛路1段與凱達格蘭大道口,0,0,1,1,B03,8,3,5,50,5,1,1,5,4,5,7,1,1,3,4,1,2,15,1,30,3,10,1,1,7,9,1,8,2,1,,25,25,1,22,9,121.5173586,25.0390041
111,7,8,3,7,2,05中正區,中正區仁愛路1段與凱達格蘭大道口,0,0,1,2,B03,8,3,5,50,5,1,1,5,4,5,7,1,1,3,4,1,2,15,1,50,2,8,1,1,7,9,1,8,2,4,,44,25,1,22,9,121.5173586,25.0390041
111,7,8,6,37,2,03中山區,中山區建國北路1段90號,0,0,1,1,A41,8,1,5,50,14,9,1,5,4,2,7,4,4,9,4,5,2,17,1,48,3,10,1,1,7,9,1,1,1,15,,35,35,1,10,4,121.5365243,25.05023812
111,7,8,6,37,2,03中山區,中山區建國北路1段90號,0,0,1,2,C03,8,1,5,50,14,9,1,5,4,2,7,4,4,9,4,5,2,17,2,26,2,9,1,1,7,9,1,10,1,15,,44,35,1,5,1,121.5365243,25.05023812
111,7,8,6,45,2,09北投區,北投區中央北路4段與自立路口,0,0,1,2,C03,8,1,5,0,4,1,1,5,4,5,7,2,1,5,4,5,2,16,2,20,3,10,3,4,7,5,1,10,1,13,,43,43,1,22,9,121.4654531,25.12608557
111,7,8,6,45,2,09北投區,北投區中央北路4段與自立路口,0,0,1,1,C03,8,1,5,0,4,1,1,5,4,5,7,2,1,5,4,5,2,16,1,74,2,9,3,4,7,9,1,10,1,11,,43,43,1,22,9,121.4654531,25.12608557
111,7,8,7,31,2,09北投區,北投區中山路6號,0,0,1,1,H01,8,1,5,40,14,9,1,5,4,5,7,4,4,5,5,5,1,3,1,71,2,9,4,5,8,16,8,20,10,16,,51,51,1,22,9,121.5084587,25.13703915
111,7,8,7,31,2,09北投區,北投區中山路6號,0,0,1,2,B03,8,1,5,40,14,9,1,5,4,5,7,4,4,5,5,5,1,3,1,36,3,10,1,1,7,9,1,8,2,5,,13,51,1,22,9,121.5084587,25.13703915
111,7,8,7,35,2,08士林區,士林區忠義街91巷與芝玉路1段197巷口,0,0,2,1,C03,8,1,5,30,4,1,1,5,4,3,5,4,4,10,5,5,2,15,2,27,2,9,1,4,7,9,1,9,1,12,,6,6,1,22,9,121.5329088,25.10612068
111,7,8,7,35,2,08士林區,士林區忠義街91巷與芝玉路1段197巷口,0,0,2,2,C03,8,1,5,30,4,1,1,5,4,3,5,4,4,10,5,5,2,15,2,51,2,9,1,4,7,9,1,10,1,11,,23,6,1,22,9,121.5329088,25.10612068
111,7,8,7,35,2,10文山區,文山區木柵路1段與木柵路1段59巷口,0,0,1,1,C03,8,1,5,50,4,2,1,5,4,5,7,1,1,5,4,5,2,13,1,17,2,9,3,4,7,9,2,18,2,11,,23,23,1,21,8,121.5460063,24.98673497
111,7,8,7,35,2,10文山區,文山區木柵路1段與木柵路1段59巷口,0,0,1,2,B03,8,1,5,50,4,2,1,5,4,5,7,1,1,5,4,5,2,13,2,40,3,10,3,4,7,14,1,8,2,6,,44,23,1,21,8,121.5460063,24.98673497
111,7,8,7,45,2,03中山區,中山區市民大道2段與長安東路1段52巷口,0,0,1,1,B03,8,1,5,40,5,2,1,5,4,5,7,1,1,10,4,5,2,12,1,49,3,10,1,1,7,8,1,8,1,5,,7,7,1,22,9,121.5277916,25.04704898
111,7,8,7,45,2,03中山區,中山區市民大道2段與長安東路1段52巷口,0,0,1,2,C03,8,1,5,40,5,2,1,5,4,5,7,1,1,10,4,5,2,12,2,26,2,9,1,1,7,9,1,10,1,14,12,13,7,1,22,9,121.5277916,25.04704898
111,7,8,7,54,2,08士林區,士林區格致路與凱旋路口,0,0,1,1,C03,8,1,5,40,3,1,1,5,4,5,7,4,4,4,5,5,2,17,1,18,3,10,1,1,7,5,1,10,1,11,,6,6,1,22,9,121.5464168,25.13700884
111,7,8,7,54,2,08士林區,士林區格致路與凱旋路口,0,0,1,2,F01,8,1,5,40,3,1,1,5,4,5,7,4,4,4,5,5,2,17,1,33,2,9,1,1,7,9,8,20,1,16,,44,6,1,22,9,121.5464168,25.13700884
111,7,8,7,58,2,02萬華區,萬華區華江橋機車道往台北市,0,0,2,1,C03,8,1,5,40,14,11,1,5,4,5,7,4,4,3,4,5,2,13,1,25,2,9,1,1,7,9,1,10,1,11,,23,23,1,22,9,121.4863431,25.0354592
111,7,8,7,58,2,02萬華區,萬華區華江橋機車道往台北市,0,0,2,2,C03,8,1,5,40,14,11,1,5,4,5,7,4,4,3,4,5,2,13,2,28,2,9,1,1,7,9,1,10,1,11,,16,23,1,22,9,121.4863431,25.0354592
111,7,8,7,58,2,02萬華區,萬華區華江橋機車道往台北市,0,0,2,3,C03,8,1,5,40,14,11,1,5,4,5,7,4,4,3,4,5,2,13,1,34,3,10,1,1,7,12,1,10,1,13,,44,23,1,22,9,121.4863431,25.0354592
111,7,8,8,10,2,04大安區,大安區羅斯福路3段293號,0,0,1,1,,8,1,5,0,14,9,1,5,4,5,7,4,4,9,4,5,1,17,4,,4,11,3,4,7,15,7,19,11,15,,43,43,2,22,9,121.5313811,25.018002
111,7,8,8,10,2,04大安區,大安區羅斯福路3段293號,0,0,1,2,C03,8,1,5,0,14,9,1,5,4,5,7,4,4,9,4,5,1,17,1,34,2,8,1,1,7,9,1,10,11,12,,43,43,1,22,9,121.5313811,25.018002
111,7,8,8,17,2,12內湖區,內湖區潭美街與安康路106巷口,0,0,1,1,B03,8,1,5,40,4,2,1,5,4,5,7,2,1,5,5,5,2,12,1,34,3,10,1,1,7,6,1,8,1,2,,9,9,1,22,9,121.5992892,25.06068065
111,7,8,8,17,2,12內湖區,內湖區潭美街與安康路106巷口,0,0,1,2,C03,8,1,5,40,4,2,1,5,4,5,7,2,1,5,5,5,2,12,1,24,2,9,1,1,7,9,1,10,1,14,,44,9,1,22,9,121.5992892,25.06068065
111,7,8,8,20,2,07信義區,信義區忠孝東路5段372巷與忠孝東路5段236巷3弄口,0,0,1,1,B03,8,1,5,30,4,1,1,5,4,5,7,4,4,5,5,5,2,15,1,49,3,10,1,1,7,9,1,8,2,8,,23,23,1,21,8,121.5740211,25.04033188
111,7,8,8,20,2,07信義區,信義區忠孝東路5段372巷與忠孝東路5段236巷3弄口,0,0,1,2,C03,8,1,5,30,4,1,1,5,4,5,7,4,4,5,5,5,2,15,2,38,2,9,1,1,7,9,1,10,2,11,,6,23,1,21,8,121.5740211,25.04033188
111,7,8,8,26,2,03中山區,中山區樂群一路往東未到敬業三路,0,0,1,1,B03,8,1,5,50,14,8,1,5,4,5,7,4,4,1,5,5,1,13,2,52,3,10,3,4,7,9,1,8,1,1,,23,23,1,22,9,121.5558979,25.07711137
111,7,8,8,26,2,03中山區,中山區樂群一路往東未到敬業三路,0,0,1,2,B03,8,1,5,50,14,8,1,5,4,5,7,4,4,1,5,5,1,13,2,58,2,6,3,4,7,14,1,8,1,3,,44,23,1,22,9,121.5558979,25.07711137
111,7,8,8,27,2,12內湖區,內湖區舊宗路1段與民權東路6段口,0,0,1,1,C03,8,1,5,50,14,9,1,5,4,5,7,4,4,1,4,5,2,13,2,30,2,7,1,1,7,9,1,10,1,11,,16,16,1,22,9,121.5752872,25.06559602
111,7,8,8,27,2,12內湖區,內湖區舊宗路1段與民權東路6段口,0,0,1,2,C03,8,1,5,50,14,9,1,5,4,5,7,4,4,1,4,5,2,13,2,41,3,10,1,1,7,9,1,10,1,13,,44,16,1,22,9,121.5752872,25.06559602
111,7,8,8,40,2,01大同區,大同區承德路2段與平陽街口,0,0,1,2,C03,8,1,5,0,4,2,1,5,4,5,7,2,1,1,4,5,2,12,2,25,2,8,1,1,7,9,1,10,9,14,,17,43,1,22,9,121.518129,25.05480802
111,7,8,8,40,2,01大同區,大同區承德路2段與平陽街口,0,0,1,1,,8,1,5,0,4,2,1,5,4,5,7,2,1,1,4,5,2,12,4,,4,11,3,4,7,15,7,19,11,15,,43,43,2,22,9,121.518129,25.05480802
111,7,8,8,45,2,09北投區,北投區大業路與北投路2段口,0,0,1,1,B03,8,1,5,50,4,1,1,5,4,5,7,2,1,1,4,5,2,16,1,68,3,10,3,4,7,5,1,8,2,5,,8,8,1,22,9,121.4963607,25.13433056
111,7,8,8,45,2,09北投區,北投區大業路與北投路2段口,0,0,1,2,C03,8,1,5,50,4,1,1,5,4,5,7,2,1,1,4,5,2,16,1,24,2,9,3,4,7,9,1,10,2,11,,13,8,1,22,9,121.4963607,25.13433056
111,7,8,8,46,2,03中山區,中山區龍江路333號,0,0,2,1,C03,8,1,5,50,14,9,1,5,4,5,7,4,4,5,4,5,2,7,2,24,2,9,1,1,7,9,1,10,2,11,,23,23,1,22,9,121.5410058,25.0631333
111,7,8,8,46,2,03中山區,中山區龍江路333號,0,0,2,2,H01,8,1,5,50,14,9,1,5,4,5,7,4,4,5,4,5,2,7,2,25,2,9,4,5,8,16,8,20,10,16,,53,23,1,22,9,121.5410058,25.0631333
111,7,8,8,46,2,07信義區,信義區福德街84巷與林口街38巷口,0,0,2,1,C03,8,1,5,30,4,1,1,5,4,5,7,4,4,9,5,5,2,16,1,46,2,8,1,1,7,5,6,18,9,14,,6,6,1,22,9,121.5808711,25.0384538
111,7,8,8,46,2,07信義區,信義區福德街84巷與林口街38巷口,0,0,2,2,C03,8,1,5,30,4,1,1,5,4,5,7,4,4,9,5,5,2,16,2,38,2,9,1,1,7,9,1,10,9,11,,14,6,1,22,9,121.5808711,25.0384538
111,7,8,8,55,2,10文山區,文山區指南路2段64號政大校門口,0,0,1,1,B03,8,1,5,50,14,9,1,5,4,5,7,1,1,9,5,5,2,16,1,71,3,10,1,4,7,6,1,8,2,5,,9,9,1,22,9,121.5759402,24.98761918
111,7,8,8,55,2,10文山區,文山區指南路2段64號政大校門口,0,0,1,2,C03,8,1,5,50,14,9,1,5,4,5,7,1,1,9,5,5,2,16,1,47,2,8,1,1,7,9,1,9,2,14,,13,9,1,22,9,121.5759402,24.98761918
111,7,8,8,57,2,05中正區,中正區汀州路2段與泉州街口口,0,0,1,1,B03,8,1,5,50,5,1,1,5,4,5,7,1,1,5,5,5,1,16,1,42,3,10,1,1,7,5,1,8,2,1,,6,6,1,22,9,121.5139088,25.02626511
111,7,8,8,57,2,05中正區,中正區汀州路2段與泉州街口口,0,0,1,2,C03,8,1,5,50,5,1,1,5,4,5,7,1,1,5,5,5,1,16,2,37,2,8,1,1,7,9,1,10,2,11,,23,6,1,22,9,121.5139088,25.02626511
111,7,8,8,57,2,12內湖區,內湖區金龍路與內湖路3段口,0,0,2,1,C03,8,1,5,50,4,1,1,5,4,5,7,1,1,10,5,5,2,17,1,20,3,10,1,1,7,11,1,10,1,14,,10,10,1,22,9,121.5926636,25.08500145
111,7,8,8,57,2,12內湖區,內湖區金龍路與內湖路3段口,0,0,2,2,C03,8,1,5,50,4,1,1,5,4,5,7,1,1,10,5,5,2,17,2,25,2,9,1,1,7,9,1,10,1,11,,44,10,1,22,9,121.5926636,25.08500145
111,7,8,8,57,2,12內湖區,內湖區金龍路與內湖路3段口,0,0,2,3,B03,8,1,5,50,4,1,1,5,4,5,7,1,1,10,5,5,2,17,1,44,3,10,1,1,7,9,1,8,1,4,,44,10,1,22,9,121.5926636,25.08500145
111,7,8,8,57,2,12內湖區,內湖區金龍路與內湖路3段口,0,0,2,4,H02,8,1,5,50,4,1,1,5,4,5,7,1,1,10,5,5,2,17,2,7,2,9,1,1,7,20,8,20,10,16,,67,10,1,22,9,121.5926636,25.08500145
111,7,8,9,15,2,08士林區,士林區中正路115號,0,0,1,1,C03,8,1,5,50,14,9,1,5,4,3,5,4,4,3,4,5,2,12,2,63,2,9,1,4,7,7,1,10,1,13,,7,7,1,22,9,121.5285185,25.09578384
111,7,8,9,15,2,08士林區,士林區中正路115號,0,0,1,2,B03,8,1,5,50,14,9,1,5,4,3,5,4,4,3,4,5,2,12,1,25,3,10,3,4,7,9,1,8,1,5,,23,7,1,22,9,121.5285185,25.09578384
111,7,8,9,43,2,03中山區,中山區堤頂大道2段376號,0,0,1,1,B03,8,1,5,40,14,9,1,5,4,5,7,4,4,10,5,5,2,12,2,41,3,10,1,1,7,1,1,8,1,4,,19,19,1,5,5,121.562835,25.0801331
111,7,8,9,43,2,03中山區,中山區堤頂大道2段376號,0,0,1,2,C03,8,1,5,40,14,9,1,5,4,5,7,4,4,10,5,5,2,12,1,30,2,9,1,1,7,9,1,10,1,12,,44,19,1,5,4,121.562835,25.0801331
111,7,8,9,53,2,04大安區,大安區敦化南路2段與敦化南路2段11巷口,0,0,2,1,C03,8,1,5,50,14,9,1,5,4,5,7,4,4,1,4,5,2,9,2,28,2,9,1,1,7,9,1,10,2,11,,43,43,1,21,8,121.5490901,25.03247053
111,7,8,9,53,2,04大安區,大安區敦化南路2段與敦化南路2段11巷口,0,0,2,2,H02,8,1,5,50,14,9,1,5,4,5,7,4,4,1,4,5,2,9,1,77,2,9,4,5,7,16,8,20,10,16,,67,43,1,21,8,121.5490901,25.03247053
111,7,8,9,53,2,04大安區,大安區敦化南路2段與敦化南路2段11巷口,0,0,2,3,A02,8,1,5,50,14,9,1,5,4,5,7,4,4,1,4,5,2,9,4,,4,11,3,4,7,15,7,19,11,15,,43,43,2,22,9,121.5490901,25.03247053
111,7,8,10,5,2,06松山區,松山區延壽街391號,0,0,1,1,B03,8,1,5,50,14,9,1,5,4,5,7,4,4,9,5,5,2,17,2,51,3,10,1,1,7,13,1,8,1,4,,40,40,1,22,9,121.5575567,25.05639043
111,7,8,10,5,2,06松山區,松山區延壽街391號,0,0,1,2,C03,8,1,5,50,14,9,1,5,4,5,7,4,4,9,5,5,2,17,1,57,2,9,1,1,7,9,1,10,1,11,,44,40,1,22,9,121.5575567,25.05639043
111,7,8,10,23,2,05中正區,中正區中山南路與凱達格蘭大道口,0,0,1,1,C03,8,1,5,50,4,1,1,5,4,5,7,1,1,10,4,1,1,13,1,30,2,9,1,1,7,9,1,9,2,11,,23,23,1,22,9,121.5174395,25.0393383
111,7,8,10,23,2,05中正區,中正區中山南路與凱達格蘭大道口,0,0,1,2,C03,8,1,5,50,4,1,1,5,4,5,7,1,1,10,4,1,1,13,1,53,3,10,1,1,7,12,1,10,2,13,,44,23,1,22,9,121.5174395,25.0393383
111,7,8,10,26,2,03中山區,中山區天津街與中山北路1段121巷口,0,0,1,1,B01,8,1,5,50,4,1,1,5,4,5,7,4,4,8,5,5,1,12,1,33,3,10,3,4,7,5,1,2,1,8,,4,4,1,22,9,121.5232808,25.05116976
111,7,8,10,26,2,03中山區,中山區天津街與中山北路1段121巷口,0,0,1,2,C03,8,1,5,50,4,1,1,5,4,5,7,4,4,8,5,5,1,12,1,22,2,9,3,4,7,4,1,10,1,12,,14,4,1,22,9,121.5232808,25.05116976
111,7,8,10,35,2,05中正區,中正區市民大道2段與林森北路口,0,0,3,1,C03,8,1,5,40,4,1,1,5,4,5,7,1,1,10,5,5,2,16,2,18,2,8,1,1,7,6,1,10,1,12,,44,44,1,22,9,121.5241543,25.04763977
111,7,8,10,35,2,05中正區,中正區市民大道2段與林森北路口,0,0,3,2,C03,8,1,5,40,4,1,1,5,4,5,7,1,1,10,5,5,2,16,1,37,2,8,1,1,7,9,1,9,1,14,,44,44,1,22,9,121.5241543,25.04763977
111,7,8,10,35,2,05中正區,中正區市民大道2段與林森北路口,0,0,3,3,H02,8,1,5,40,4,1,1,5,4,5,7,1,1,10,5,5,2,16,2,18,2,7,4,5,7,20,8,20,10,16,,67,44,1,22,9,121.5241543,25.04763977
111,7,8,10,48,2,03中山區,中山區林森北路85巷29號,0,0,1,1,C03,8,1,5,30,14,9,1,5,4,5,7,4,4,10,5,5,2,3,2,37,2,9,1,1,7,9,1,10,1,14,,23,23,1,22,9,121.5258521,25.0495954
111,7,8,10,48,2,03中山區,中山區林森北路85巷29號,0,0,1,2,H01,8,1,5,30,14,9,1,5,4,5,7,4,4,10,5,5,2,3,2,43,3,10,4,5,8,16,8,20,10,16,,53,23,1,22,9,121.5258521,25.0495954
111,7,8,11,45,2,02萬華區,萬華區西園路1段與大理街口,0,0,1,1,B03,8,1,5,50,4,1,1,5,4,5,7,2,1,1,4,5,2,11,1,53,3,10,1,1,7,5,1,8,2,2,,6,6,1,22,9,121.4986412,25.03438715
111,7,8,11,45,2,02萬華區,萬華區西園路1段與大理街口,0,0,1,2,C03,8,1,5,50,4,1,1,5,4,5,7,2,1,1,4,5,2,11,1,29,2,9,1,1,7,9,1,10,2,11,,23,6,1,22,9,121.4986412,25.03438715
111,7,8,11,50,2,03中山區,中山區北安路(北往南)(自強隧道出口往大直),0,0,2,1,C03,8,1,5,50,14,9,1,5,4,5,7,1,1,1,4,5,2,13,1,38,2,9,3,4,7,9,1,10,1,11,,16,16,1,22,9,121.5493871,25.08589149
111,7,8,11,50,2,03中山區,中山區北安路(北往南)(自強隧道出口往大直),0,0,2,2,C03,8,1,5,50,14,9,1,5,4,5,7,1,1,1,4,5,2,13,1,30,2,9,3,4,7,9,1,10,1,13,,44,16,1,22,9,121.5493871,25.08589149
111,7,8,11,53,2,03中山區,中山區龍江路342巷6號,0,0,1,1,C03,8,1,5,30,14,9,1,5,4,5,7,4,4,10,5,5,2,17,2,42,2,9,1,1,7,11,1,10,2,14,,23,23,1,22,9,121.5404425,25.0655683
111,7,8,11,53,2,03中山區,中山區龍江路342巷6號,0,0,1,2,B03,8,1,5,30,14,9,1,5,4,5,7,4,4,10,5,5,2,17,1,41,3,10,1,1,7,13,1,8,9,4,,44,23,1,22,9,121.5404425,25.0655683
111,7,8,11,53,2,03中山區,中山區龍江路342巷6號,0,0,1,3,C03,8,1,5,30,14,9,1,5,4,5,7,4,4,10,5,5,2,17,1,41,4,11,3,4,7,13,7,19,11,15,,44,23,1,22,9,121.5404425,25.0655683
111,7,8,12,0,2,12內湖區,內湖區環山路2段53巷與環山路2段53巷6弄口,0,0,1,1,B03,8,1,5,30,4,1,1,5,4,5,7,4,4,10,5,5,2,16,2,59,3,10,1,1,7,9,1,8,1,2,,6,6,1,22,9,121.573565,25.08488413
111,7,8,12,0,2,12內湖區,內湖區環山路2段53巷與環山路2段53巷6弄口,0,0,1,2,C03,8,1,5,30,4,1,1,5,4,5,7,4,4,10,5,5,2,16,1,74,2,8,1,1,7,9,1,10,1,11,,14,6,1,22,9,121.573565,25.08488413
111,7,8,12,15,2,06松山區,松山區八德路3段12巷51弄與八德路3段12巷口,0,0,2,1,C03,8,1,5,30,4,1,1,5,4,5,7,4,4,8,3,5,1,15,1,19,2,9,3,1,7,9,1,10,1,11,,6,6,1,22,9,121.5507245,25.04619979
111,7,8,12,15,2,06松山區,松山區八德路3段12巷51弄與八德路3段12巷口,0,0,2,2,B03,8,1,5,30,4,1,1,5,4,5,7,4,4,8,3,5,1,15,1,47,2,9,3,1,7,9,1,4,1,2,,23,6,1,22,9,121.5507245,25.04619979
111,7,8,12,22,2,07信義區,信義區福德街與大道路口,0,0,1,1,C03,8,1,5,30,4,1,1,5,4,3,5,1,1,1,4,5,2,16,1,21,3,10,1,1,7,5,1,10,1,11,,6,6,1,22,9,121.5837574,25.03801211
111,7,8,12,22,2,07信義區,信義區福德街與大道路口,0,0,1,2,C03,8,1,5,30,4,1,1,5,4,3,5,1,1,1,4,5,2,16,2,28,2,9,1,1,7,9,1,10,1,14,,44,6,1,22,9,121.5837574,25.03801211
111,7,8,12,38,2,07信義區,信義區和平東路3段565號,0,0,1,1,B03,8,1,5,40,14,9,1,5,4,5,7,4,4,9,5,5,2,13,2,63,3,10,3,4,7,9,1,8,1,5,,44,44,1,22,9,121.5614478,25.0151939
111,7,8,12,38,2,07信義區,信義區和平東路3段565號,0,0,1,2,G01,8,1,5,40,14,9,1,5,4,5,7,4,4,9,5,5,2,13,1,53,2,9,4,4,7,7,1,10,1,15,,7,44,1,22,9,121.5614478,25.0151939
111,7,8,12,38,2,07信義區,信義區和平東路3段565號,0,0,1,3,,8,1,5,40,14,9,1,5,4,5,7,4,4,9,5,5,2,13,3,,,,,,,,,,,,,67,44,1,,,121.5614478,25.0151939
111,7,8,12,45,2,06松山區,松山區敦化北路100號,0,0,1,1,B03,8,1,5,50,14,8,1,5,4,5,7,4,4,1,4,1,2,17,2,65,3,10,1,1,7,6,1,8,1,2,,9,9,1,22,9,121.5487428,25.05262901
111,7,8,12,45,2,06松山區,松山區敦化北路100號,0,0,1,2,C03,8,1,5,50,14,8,1,5,4,5,7,4,4,1,4,1,2,17,2,25,2,9,1,1,7,9,1,10,1,14,,44,9,1,22,9,121.5487428,25.05262901
111,7,8,12,52,2,03中山區,中山區林森北路與錦州街口,0,0,1,1,C04,8,1,5,50,4,1,1,5,4,5,7,2,1,4,5,5,1,12,1,67,2,9,3,4,7,9,1,10,1,14,,17,17,1,22,9,121.5255659,25.0604336
111,7,8,12,52,2,03中山區,中山區林森北路與錦州街口,0,0,1,2,B03,8,1,5,50,4,1,1,5,4,5,7,2,1,4,5,5,1,12,2,45,3,10,3,4,7,9,1,8,1,5,,17,17,1,22,9,121.5255659,25.0604336
111,7,8,13,5,2,07信義區,信義區松高路與松智路口,0,0,1,1,B03,8,1,5,50,3,2,1,5,4,5,7,1,1,5,4,5,2,12,1,24,3,10,3,4,7,8,1,8,1,5,,7,7,1,22,9,121.5652089,25.03905497
111,7,8,13,5,2,07信義區,信義區松高路與松智路口,0,0,1,2,C03,8,1,5,50,3,2,1,5,4,5,7,1,1,5,4,5,2,12,2,27,2,9,3,4,7,9,1,10,1,14,,44,7,1,22,9,121.5652089,25.03905497
111,7,8,13,15,2,05中正區,中正區忠孝東路2段與忠孝東路2段64巷口,0,0,1,1,F01,8,1,5,0,3,2,1,5,4,5,7,4,4,9,4,5,2,17,2,17,2,8,1,1,7,11,8,20,1,16,,11,11,1,22,9,121.5286417,25.04339522
111,7,8,13,15,2,05中正區,中正區忠孝東路2段與忠孝東路2段64巷口,0,0,1,2,C03,8,1,5,0,3,2,1,5,4,5,7,4,4,9,4,5,2,17,2,44,3,10,1,1,7,9,1,10,1,13,,14,11,1,22,9,121.5286417,25.04339522
111,7,8,13,15,2,07信義區,信義區和平東路3段697-12號,0,0,1,1,B03,8,1,5,40,11,9,1,5,4,5,1,4,4,9,5,5,2,12,1,68,3,10,3,4,7,6,1,8,1,2,,16,16,1,22,9,121.5637384,25.01122154
111,7,8,13,15,2,07信義區,信義區和平東路3段697-12號,0,0,1,2,C03,8,1,5,40,11,9,1,5,4,5,1,4,4,9,5,5,2,12,2,19,2,9,3,4,7,6,1,10,1,14,,16,16,1,22,9,121.5637384,25.01122154
111,7,8,13,21,2,10文山區,文山區萬美街1段與萬和街口口,0,0,1,1,B03,8,1,5,50,3,1,1,5,4,5,7,3,1,5,4,5,2,17,1,50,3,10,3,4,7,5,1,8,1,4,,44,44,1,22,9,121.5667913,25.0020652
111,7,8,13,21,2,10文山區,文山區萬美街1段與萬和街口口,0,0,1,2,C03,8,1,5,50,3,1,1,5,4,5,7,3,1,5,4,5,2,17,1,18,2,7,3,4,7,9,1,10,1,12,,26,44,1,22,9,121.5667913,25.0020652
111,7,8,13,23,2,07信義區,信義區忠孝東路5段790巷與忠孝東路5段790巷47弄口,0,0,1,1,B12,8,1,5,30,4,1,1,5,4,5,7,4,4,10,5,5,2,16,1,35,3,10,1,1,7,9,1,4,1,1,,6,6,1,22,9,121.5833121,25.041134
111,7,8,13,23,2,07信義區,信義區忠孝東路5段790巷與忠孝東路5段790巷47弄口,0,0,1,2,C03,8,1,5,30,4,1,1,5,4,5,7,4,4,10,5,5,2,16,2,53,2,9,1,1,7,9,1,10,1,12,,14,6,1,22,9,121.5833121,25.041134
111,7,8,14,0,2,02萬華區,萬華區中華路1段與漢口街2段口,0,0,1,1,H01,8,1,5,0,4,2,1,5,4,5,7,2,1,1,4,5,2,3,4,,2,9,4,5,8,18,8,20,9,16,,52,52,1,22,9,121.50903,25.04513652
111,7,8,14,0,2,02萬華區,萬華區中華路1段與漢口街2段口,0,0,1,2,C03,8,1,5,0,4,2,1,5,4,5,7,2,1,1,4,5,2,3,1,33,3,10,1,1,7,9,1,10,1,11,,23,52,1,22,9,121.50903,25.04513652
111,7,8,14,0,2,09北投區,北投區中央北路1段2號,0,0,1,1,C03,8,1,5,50,3,1,1,5,4,5,7,3,1,9,4,5,2,16,2,53,2,9,1,1,7,5,1,9,2,12,,8,8,1,22,9,121.5011789,25.1334553
111,7,8,14,0,2,09北投區,北投區中央北路1段2號,0,0,1,2,B02,8,1,5,50,3,1,1,5,4,5,7,3,1,9,4,5,2,16,1,60,3,10,1,1,7,6,1,4,2,4,,23,8,1,22,9,121.5011789,25.1334553
111,7,8,14,0,2,12內湖區,內湖區民權東路6段75號與民權東路6段81巷口,0,0,1,1,B03,8,1,5,50,4,1,1,5,4,5,7,1,1,1,4,5,2,12,1,32,3,10,1,1,7,8,1,8,1,6,,7,7,1,22,9,121.5877705,25.06910531
111,7,8,14,0,2,12內湖區,內湖區民權東路6段75號與民權東路6段81巷口,0,0,1,2,C03,8,1,5,50,4,1,1,5,4,5,7,1,1,1,4,5,2,12,1,54,2,7,1,1,7,9,1,10,1,14,,44,7,1,22,9,121.5877705,25.06910531
111,7,8,14,0,2,12內湖區,內湖區民權東路6段75號與民權東路6段81巷口,0,0,1,3,B02,8,1,5,50,4,1,1,5,4,5,7,1,1,1,4,5,2,12,2,26,3,10,1,1,7,11,1,8,11,15,,10,7,2,22,9,121.5877705,25.06910531
111,7,8,14,20,2,04大安區,大安區辛亥隧道(東往西),0,0,1,1,C03,8,1,5,50,6,9,1,5,4,5,7,4,4,10,2,5,2,20,1,19,2,9,1,1,7,9,1,10,1,12,,23,23,1,22,9,121.5548502,25.0126735
111,7,8,14,20,2,04大安區,大安區辛亥隧道(東往西),0,0,1,2,,8,1,5,50,6,9,1,5,4,5,7,4,4,10,2,5,2,20,3,,,,,,,,,,,,,67,23,1,,,121.5548502,25.0126735
111,7,8,14,30,2,04大安區,大安區瑞安街266號,0,0,1,1,B02,8,1,5,30,14,9,1,5,4,3,7,4,4,10,5,5,1,16,1,53,3,10,3,1,7,5,1,8,1,8,,6,6,1,22,9,121.5393942,25.0264415