發生年度,發生月,發生日,發生時-Hours,發生分,處理別-編號,區序,肇事地點,死亡人數,2-30日死亡人數,受傷人數,當事人序號,車種,天候,光線,道路類別,速限-速度限制,道路型態,事故位置,路面狀況1,路面狀況2,路面狀況3,道路障礙1,道路障礙2,號誌1,號誌2,車道劃分-分向,車道劃分-分道1,車道劃分-分道2,車道劃分-分道3,事故類型及型態,性別,年齡,受傷程度,主要傷處,安全帽,行動電話,車輛用途,當事者行動狀態,駕駛資格情形,駕駛執照種類,飲酒情形,車輛撞擊部位1,車輛撞擊部位2,肇因碼-個別,肇因碼-主要,個人肇逃否,職業,旅次目的,座標-X,座標-Y
111,7,8,14,30,2,04大安區,大安區瑞安街266號,0,0,1,2,C03,8,1,5,30,14,9,1,5,4,3,7,4,4,10,5,5,1,16,1,23,2,9,1,1,7,9,1,10,1,12,,23,6,1,22,9,121.5393942,25.0264415
111,7,8,14,30,2,04大安區,大安區瑞安街266號,0,0,1,3,G03,8,1,5,30,14,9,1,5,4,3,7,4,4,10,5,5,1,16,1,47,3,10,3,1,7,14,1,2,1,15,,42,6,1,22,9,121.5393942,25.0264415
111,7,8,14,30,2,05中正區,中正區愛國西路與博愛路口,0,0,1,1,A04,8,1,5,40,14,8,1,5,4,5,7,4,4,1,4,1,2,12,1,58,3,10,1,1,7,8,1,2,1,2,,7,7,1,22,9,121.5106683,25.03547316
111,7,8,14,30,2,05中正區,中正區愛國西路與博愛路口,0,0,1,2,C03,8,1,5,40,14,8,1,5,4,5,7,4,4,1,4,1,2,12,1,27,2,9,1,1,7,9,1,10,1,11,,44,7,1,22,9,121.5106683,25.03547316
111,7,8,14,30,2,05中正區,中正區愛國西路與博愛路口,0,0,1,3,B01,8,1,5,40,14,8,1,5,4,5,7,4,4,1,4,1,2,12,1,27,3,10,1,1,7,14,1,4,1,7,,38,7,1,22,9,121.5106683,25.03547316
111,7,8,15,15,2,04大安區,大安區和平東路1段與新生南路2段口,0,0,3,1,C03,8,1,5,40,4,2,1,5,4,5,7,1,1,1,3,4,2,17,1,39,2,9,1,1,7,9,1,9,2,11,,23,23,1,22,9,121.5345591,25.0262224
111,7,8,15,15,2,04大安區,大安區和平東路1段與新生南路2段口,0,0,3,2,B12,8,1,5,40,4,2,1,5,4,5,7,1,1,1,3,4,2,17,1,35,2,9,1,1,7,14,1,8,2,3,,38,23,1,22,9,121.5345591,25.0262224
111,7,8,15,15,2,04大安區,大安區和平東路1段與新生南路2段口,0,0,3,3,H02,8,1,5,40,4,2,1,5,4,5,7,1,1,1,3,4,2,17,2,20,2,9,4,5,7,20,8,20,10,16,,67,23,1,22,9,121.5345591,25.0262224
111,7,8,15,18,2,08士林區,士林區忠誠路2段118巷與忠誠路2段118巷11弄口,0,0,1,1,F02,8,1,5,30,4,2,1,5,4,3,5,4,4,10,5,5,1,15,2,60,2,9,1,1,7,9,8,20,1,16,,6,6,1,22,9,121.5309301,25.11390169
111,7,8,15,18,2,08士林區,士林區忠誠路2段118巷與忠誠路2段118巷11弄口,0,0,1,2,B03,8,1,5,30,4,2,1,5,4,3,5,4,4,10,5,5,1,15,2,56,3,10,1,1,7,9,1,8,1,4,,23,6,1,22,9,121.5309301,25.11390169
111,7,8,15,18,2,08士林區,士林區忠誠路2段118巷與忠誠路2段118巷11弄口,0,0,1,3,B12,8,1,5,30,4,2,1,5,4,3,5,4,4,10,5,5,1,15,1,54,3,10,1,1,7,13,1,8,11,15,,38,6,1,22,9,121.5309301,25.11390169
111,7,8,15,21,2,05中正區,中正區青島東路37號,0,0,1,1,B03,8,1,5,50,14,9,1,5,4,5,7,4,4,9,4,4,1,12,1,53,3,10,1,1,7,11,1,8,2,8,,10,10,1,22,9,121.5251442,25.04322345
111,7,8,15,21,2,05中正區,中正區青島東路37號,0,0,1,2,C03,8,1,5,50,14,9,1,5,4,5,7,4,4,9,4,4,1,12,1,38,2,7,1,1,7,9,1,10,2,12,,44,10,1,22,9,121.5251442,25.04322345
111,7,8,15,30,2,07信義區,信義區永吉路與松山路口,0,0,1,1,B02,8,1,5,50,4,1,1,5,4,5,7,2,1,10,5,5,2,17,1,51,3,10,1,1,7,11,1,8,1,6,,10,10,1,22,9,121.577833,25.0456086
111,7,8,15,30,2,07信義區,信義區永吉路與松山路口,0,0,1,2,C03,8,1,5,50,4,1,1,5,4,5,7,2,1,10,5,5,2,17,2,19,2,9,1,1,7,9,1,10,1,11,,23,10,1,22,9,121.577833,25.0456086
111,7,8,15,35,2,07信義區,信義區忠孝東路4段與基隆路1段口,0,0,1,2,B03,8,1,5,50,4,1,1,5,4,5,7,1,1,10,4,5,2,13,1,41,3,10,1,1,7,9,1,8,2,3,,44,23,1,22,9,121.5644729,25.0414
111,7,8,15,35,2,07信義區,信義區忠孝東路4段與基隆路1段口,0,0,1,1,C03,8,1,5,50,4,1,1,5,4,5,7,1,1,10,4,5,2,13,1,26,2,9,1,1,7,9,1,10,2,11,,23,23,1,22,9,121.5644729,25.0414
111,7,8,16,24,2,03中山區,中山區長安東路1段99號,0,0,1,1,B12,8,1,5,50,11,9,1,5,4,5,7,4,4,5,4,5,2,12,4,,4,11,3,4,7,15,7,19,11,15,,43,43,2,22,9,121.5290969,25.0481669
111,7,8,16,24,2,03中山區,中山區長安東路1段99號,0,0,1,2,C03,8,1,5,50,11,9,1,5,4,5,7,4,4,5,4,5,2,12,2,25,2,9,1,1,7,9,1,10,1,14,,43,43,1,22,9,121.5290969,25.0481669
111,7,8,16,29,2,09北投區,北投區實踐街與實踐街83巷口,0,0,2,1,C03,8,1,5,30,14,9,1,5,4,5,7,4,4,9,4,5,2,16,1,46,2,8,1,1,7,5,1,10,11,14,,6,6,1,22,9,121.5107582,25.11525368
111,7,8,16,29,2,09北投區,北投區實踐街與實踐街83巷口,0,0,2,2,C03,8,1,5,30,14,9,1,5,4,5,7,4,4,9,4,5,2,16,2,26,2,9,1,1,7,9,1,10,11,11,,44,6,1,22,9,121.5107582,25.11525368
111,7,8,16,48,2,07信義區,信義區永吉路與中坡北路口,0,0,1,1,C01,8,1,5,50,4,1,1,5,4,5,7,1,1,9,4,5,2,23,1,21,2,9,1,1,7,5,1,9,1,11,,8,8,1,22,9,121.5806893,25.045491
111,7,8,16,48,2,07信義區,信義區永吉路與中坡北路口,0,0,1,2,,8,1,5,50,4,1,1,5,4,5,7,1,1,9,4,5,2,23,3,,,,,,,,,,,,,67,8,1,,,121.5806893,25.045491
111,7,8,16,59,2,03中山區,中山區民權東路2段6號,0,0,2,1,C04,8,1,5,50,14,9,1,5,4,5,7,4,4,1,4,5,2,13,2,29,2,9,1,1,7,9,1,10,1,11,,16,16,1,22,9,121.5281257,25.0625399
111,7,8,16,59,2,03中山區,中山區民權東路2段6號,0,0,2,2,C03,8,1,5,50,14,9,1,5,4,5,7,4,4,1,4,5,2,13,1,58,3,10,1,1,7,9,1,10,1,13,,44,16,1,22,9,121.5281257,25.0625399
111,7,8,16,59,2,03中山區,中山區民權東路2段6號,0,0,2,3,C03,8,1,5,50,14,9,1,5,4,5,7,4,4,1,4,5,2,13,1,21,2,8,1,1,7,9,1,10,1,11,,16,16,1,22,9,121.5281257,25.0625399
111,7,8,17,0,2,05中正區,中正區重慶南路3段與廈門街34巷口,0,0,1,1,B12,8,1,5,50,3,1,1,5,4,5,7,4,4,10,4,5,2,12,1,49,3,10,1,1,7,6,1,8,1,2,,9,9,1,22,9,121.5163828,25.0260752
111,7,8,17,0,2,05中正區,中正區重慶南路3段與廈門街34巷口,0,0,1,2,C03,8,1,5,50,3,1,1,5,4,5,7,4,4,10,4,5,2,12,2,21,2,9,1,1,7,9,1,10,1,14,,44,9,1,22,9,121.5163828,25.0260752
111,7,8,17,11,2,07信義區,信義區吳興街220巷67號,0,0,1,1,A05,8,1,5,50,14,9,1,5,4,5,7,4,4,9,5,5,2,17,1,63,3,10,1,1,7,1,1,1,2,5,,19,19,1,22,9,121.5612616,25.02627763
111,7,8,17,11,2,07信義區,信義區吳興街220巷67號,0,0,1,2,F02,8,1,5,50,14,9,1,5,4,5,7,4,4,9,5,5,2,17,1,78,2,9,1,1,7,9,8,20,2,16,,44,19,1,22,9,121.5612616,25.02627763
111,7,8,17,24,2,05中正區,中正區中山南路與信義路1段口,0,0,1,1,C03,8,2,5,50,5,1,1,5,4,5,7,1,1,1,4,5,1,12,1,26,2,9,1,1,7,5,1,10,1,14,,26,26,1,22,9,121.5179442,25.03869824
111,7,8,17,24,2,05中正區,中正區中山南路與信義路1段口,0,0,1,2,B03,8,2,5,50,5,1,1,5,4,5,7,1,1,1,4,5,1,12,1,67,3,10,1,1,7,9,1,8,1,5,,44,26,1,22,9,121.5179442,25.03869824
111,7,8,17,30,2,03中山區,中山區長安東路2段與長安東路2段153巷口,0,0,1,1,C03,8,1,5,50,4,1,1,5,4,5,7,2,1,5,4,5,2,17,1,18,3,10,1,4,7,6,1,10,1,15,,9,9,1,22,9,121.5389764,25.0484659
111,7,8,17,30,2,03中山區,中山區長安東路2段與長安東路2段153巷口,0,0,1,2,C03,8,1,5,50,4,1,1,5,4,5,7,2,1,5,4,5,2,17,1,65,2,9,1,4,7,9,1,10,1,15,,44,9,1,22,9,121.5389764,25.0484659
111,7,8,17,36,2,08士林區,士林區百齡橋(東向西)015燈桿,0,0,1,1,A12,8,1,5,0,14,9,1,5,4,5,7,4,4,9,4,5,1,17,1,31,3,10,1,1,7,9,1,3,9,15,,30,30,1,22,9,121.5123352,25.08835731
111,7,8,17,36,2,08士林區,士林區百齡橋(東向西)015燈桿,0,0,1,2,C03,8,1,5,0,14,9,1,5,4,5,7,4,4,9,4,5,1,17,2,37,2,9,1,1,7,9,1,11,1,15,,13,30,1,22,9,121.5123352,25.08835731
111,7,8,17,39,2,04大安區,大安區市民大道4段與敦化南路1段口,0,0,1,1,A02,8,2,5,50,14,9,1,5,4,5,7,4,4,1,4,5,1,12,1,62,3,10,1,4,7,7,1,2,9,7,,7,7,1,22,9,121.5491105,25.0443584
111,7,8,17,39,2,04大安區,大安區市民大道4段與敦化南路1段口,0,0,1,2,A02,8,2,5,50,14,9,1,5,4,5,7,4,4,1,4,5,1,12,1,38,3,10,1,4,7,9,1,2,9,5,,23,7,1,22,9,121.5491105,25.0443584
111,7,8,17,39,2,04大安區,大安區市民大道4段與敦化南路1段口,0,0,1,3,H02,8,2,5,50,14,9,1,5,4,5,7,4,4,1,4,5,1,12,2,34,2,2,4,5,7,17,8,20,10,16,,67,7,1,22,9,121.5491105,25.0443584
111,7,8,17,40,2,03中山區,中山區南京西路23巷3號,0,0,1,1,F01,8,1,5,30,14,9,1,5,4,5,7,4,4,1,5,5,1,11,2,47,2,9,1,1,7,9,8,20,1,16,,4,4,1,22,9,121.52058,25.05334245
111,7,8,17,40,2,03中山區,中山區南京西路23巷3號,0,0,1,2,B01,8,1,5,30,14,9,1,5,4,5,7,4,4,1,5,5,1,11,1,54,3,10,3,4,7,9,1,8,1,6,,44,4,1,22,9,121.52058,25.05334245
111,7,8,17,50,2,03中山區,中山區龍江路與龍江路132巷口,0,0,1,1,B03,8,1,5,50,4,1,1,5,4,5,7,4,4,8,5,5,1,12,2,58,3,10,3,4,7,6,1,8,1,5,,9,9,1,22,9,121.5404552,25.0542361
111,7,8,17,50,2,03中山區,中山區龍江路與龍江路132巷口,0,0,1,2,C03,8,1,5,50,4,1,1,5,4,5,7,4,4,8,5,5,1,12,2,20,2,9,3,4,7,9,1,10,1,14,,14,9,1,22,9,121.5404552,25.0542361
111,7,8,18,13,2,07信義區,信義區松山路483號,0,0,3,1,C03,8,2,5,50,14,9,1,5,4,5,7,4,4,9,5,5,2,16,1,47,2,3,1,1,7,1,1,9,1,14,,19,19,1,22,9,121.5779266,25.03912974
111,7,8,18,13,2,07信義區,信義區松山路483號,0,0,3,2,C03,8,2,5,50,14,9,1,5,4,5,7,4,4,9,5,5,2,16,1,21,2,2,1,1,7,9,1,10,1,11,,44,19,1,22,9,121.5779266,25.03912974
111,7,8,18,13,2,07信義區,信義區松山路483號,0,0,3,3,H02,8,2,5,50,14,9,1,5,4,5,7,4,4,9,5,5,2,16,2,45,2,2,1,1,7,17,8,20,10,16,,67,19,1,22,9,121.5779266,25.03912974
111,7,8,18,23,2,12內湖區,內湖區民權大橋編號9路燈桿,0,0,1,1,C03,8,3,5,50,8,9,1,5,4,5,7,4,4,3,4,4,2,13,2,22,2,9,1,1,7,21,1,10,1,11,,23,23,1,22,9,121.5721909,25.0648832
111,7,8,18,23,2,12內湖區,內湖區民權大橋編號9路燈桿,0,0,1,2,B03,8,3,5,50,8,9,1,5,4,5,7,4,4,3,4,4,2,13,1,47,3,10,1,1,7,14,1,8,1,6,,44,23,1,22,9,121.5721909,25.0648832
111,7,8,18,32,2,03中山區,中山區樂群二路與敬業二路口,0,0,1,1,B03,8,1,5,50,4,1,1,5,4,5,7,1,1,1,3,5,1,16,1,31,3,10,3,4,7,5,1,8,1,1,,8,8,2,22,9,121.5544485,25.07998298
111,7,8,18,32,2,03中山區,中山區樂群二路與敬業二路口,0,0,1,2,C03,8,1,5,50,4,1,1,5,4,5,7,1,1,1,3,5,1,16,1,30,2,7,1,4,7,9,1,10,1,14,,44,8,1,22,9,121.5544485,25.07998298
111,7,8,18,38,2,03中山區,中山區民族東路512巷與民族東路512巷13弄口,0,0,1,1,C03,8,2,5,30,4,1,1,5,4,5,7,4,4,5,4,5,2,15,1,39,3,10,1,4,7,9,1,10,1,14,,6,6,1,22,9,121.5420219,25.06682333
111,7,8,18,38,2,03中山區,中山區民族東路512巷與民族東路512巷13弄口,0,0,1,2,C04,8,2,5,30,4,1,1,5,4,5,7,4,4,5,4,5,2,15,2,28,2,8,1,4,7,9,1,10,1,12,,14,6,1,22,9,121.5420219,25.06682333
111,7,8,18,41,2,03中山區,中山區長安東路1段與新生北路1段口,0,0,1,1,C03,8,3,5,50,4,1,1,5,4,5,7,1,1,1,4,5,2,15,2,30,2,9,1,1,7,9,1,10,1,14,,25,25,1,22,9,121.5295743,25.0481217
111,7,8,18,41,2,03中山區,中山區長安東路1段與新生北路1段口,0,0,1,2,B03,8,3,5,50,4,1,1,5,4,5,7,1,1,1,4,5,2,15,1,30,3,10,1,1,7,9,1,8,1,1,,44,25,1,22,9,121.5295743,25.0481217
111,7,8,18,43,2,08士林區,士林區中正路與中正路586巷口,0,0,3,1,B03,8,3,5,30,3,1,1,5,4,5,7,4,4,1,4,5,2,12,1,35,3,10,3,4,7,7,1,8,2,4,,7,7,1,22,9,121.5100977,25.08710396
111,7,8,18,43,2,08士林區,士林區中正路與中正路586巷口,0,0,3,2,C03,8,3,5,30,3,1,1,5,4,5,7,4,4,1,4,5,2,12,2,69,2,9,1,1,7,9,3,18,2,12,,42,7,1,22,9,121.5100977,25.08710396
111,7,8,18,43,2,08士林區,士林區中正路與中正路586巷口,0,0,3,3,B03,8,3,5,30,3,1,1,5,4,5,7,4,4,1,4,5,2,12,1,64,3,10,3,4,7,21,7,19,11,15,,42,7,1,22,9,121.5100977,25.08710396
111,7,8,18,43,2,08士林區,士林區中正路與中正路586巷口,0,0,3,4,H02,8,3,5,30,3,1,1,5,4,5,7,4,4,1,4,5,2,12,1,11,2,9,1,5,7,20,8,20,10,16,,67,7,1,22,9,121.5100977,25.08710396
111,7,8,18,43,2,08士林區,士林區中正路與中正路586巷口,0,0,3,5,H02,8,3,5,30,3,1,1,5,4,5,7,4,4,1,4,5,2,12,2,10,2,9,1,5,7,21,8,20,10,16,,67,7,1,22,9,121.5100977,25.08710396
111,7,8,19,6,2,03中山區,中山區中山北路2段20巷與中山北路2段口,0,0,1,3,C03,8,3,5,30,3,1,1,5,4,5,7,4,4,1,4,5,1,17,1,18,3,10,1,1,7,9,1,10,1,11,,16,19,1,22,9,121.5223719,25.0533885
111,7,8,19,6,2,03中山區,中山區中山北路2段20巷與中山北路2段口,0,0,1,2,C04,8,3,5,30,3,1,1,5,4,5,7,4,4,1,4,5,1,17,2,28,2,9,1,1,7,9,1,10,1,14,,42,19,1,22,9,121.5223719,25.0533885
111,7,8,19,6,2,03中山區,中山區中山北路2段20巷與中山北路2段口,0,0,1,1,C03,8,3,5,30,3,1,1,5,4,5,7,4,4,1,4,5,1,17,1,36,3,10,1,1,7,1,1,10,11,15,,19,19,1,22,9,121.5223719,25.0533885
111,7,8,19,42,2,03中山區,中山區民生東路1段與林森北路口,0,0,2,1,B03,8,1,5,50,14,9,1,5,4,5,7,1,1,4,3,5,1,13,1,39,3,10,3,4,7,9,1,8,2,1,,16,16,1,22,9,121.52538,25.05804812
111,7,8,19,42,2,03中山區,中山區民生東路1段與林森北路口,0,0,2,2,B03,8,1,5,50,14,9,1,5,4,5,7,1,1,4,3,5,1,13,1,25,2,1,3,4,7,9,1,8,2,3,,44,16,1,22,9,121.52538,25.05804812
111,7,8,19,42,2,03中山區,中山區民生東路1段與林森北路口,0,0,2,3,B03,8,1,5,50,14,9,1,5,4,5,7,1,1,4,3,5,1,13,1,48,3,10,3,4,7,14,1,8,2,3,,44,16,1,22,9,121.52538,25.05804812
111,7,8,19,42,2,03中山區,中山區民生東路1段與林森北路口,0,0,2,4,H02,8,1,5,50,14,9,1,5,4,5,7,1,1,4,3,5,1,13,2,26,2,9,4,5,7,17,8,20,10,16,,67,16,1,22,9,121.52538,25.05804812
111,7,8,20,11,2,07信義區,信義區吳興街與吳興街284巷口,0,0,1,1,C03,8,3,5,30,3,1,1,5,4,5,7,4,4,5,5,5,2,10,2,22,3,10,1,1,7,15,1,9,1,11,,6,6,1,22,9,121.5642006,25.0264775
111,7,8,20,11,2,07信義區,信義區吳興街與吳興街284巷口,0,0,1,2,F01,8,3,5,30,3,1,1,5,4,5,7,4,4,5,5,5,2,10,1,62,2,9,1,1,7,15,8,20,1,16,,42,6,1,22,9,121.5642006,25.0264775
111,7,8,20,20,2,03中山區,中山區北安路821巷4弄6號,0,0,1,1,H01,7,3,5,0,14,9,1,5,4,5,7,4,4,10,5,5,2,3,2,80,2,9,4,5,8,16,8,20,10,16,,53,53,1,22,9,121.5561332,25.0856534
111,7,8,20,20,2,03中山區,中山區北安路821巷4弄6號,0,0,1,2,C03,7,3,5,0,14,9,1,5,4,5,7,4,4,10,5,5,2,3,1,35,3,10,1,4,7,9,1,10,2,11,,23,53,1,22,9,121.5561332,25.0856534
111,7,8,20,20,2,06松山區,松山區民生東路3段127巷與民生東路3段113巷7弄口,0,0,2,1,C03,8,3,5,30,4,1,1,5,4,5,7,4,4,10,5,5,2,15,1,33,3,10,1,1,7,9,1,10,1,11,,6,6,1,22,9,121.5474647,25.0584527
111,7,8,20,20,2,06松山區,松山區民生東路3段127巷與民生東路3段113巷7弄口,0,0,2,2,C03,8,3,5,30,4,1,1,5,4,5,7,4,4,10,5,5,2,15,1,31,2,9,1,1,7,9,1,10,1,12,,14,6,1,22,9,121.5474647,25.0584527
111,7,8,20,20,2,06松山區,松山區民生東路3段127巷與民生東路3段113巷7弄口,0,0,2,3,H02,8,3,5,30,4,1,1,5,4,5,7,4,4,10,5,5,2,15,2,30,2,9,1,1,7,17,8,20,10,16,,67,6,1,22,9,121.5474647,25.0584527
111,7,8,20,29,2,02萬華區,萬華區昆明街169號,0,0,2,1,C04,8,3,5,50,14,9,1,5,4,5,7,4,4,10,5,5,2,13,2,19,2,8,1,1,7,12,1,10,1,11,,16,16,1,22,9,121.5042997,25.04005414
111,7,8,20,29,2,02萬華區,萬華區昆明街169號,0,0,2,2,F01,8,3,5,50,14,9,1,5,4,5,7,4,4,10,5,5,2,13,1,73,2,8,1,1,7,9,8,20,1,16,,44,16,1,22,9,121.5042997,25.04005414
111,7,8,20,36,2,03中山區,中山區大佳河濱公園9號水門內,0,0,1,1,F01,8,3,5,50,14,9,1,5,4,5,7,4,4,4,3,5,1,17,1,57,2,9,1,1,7,5,8,20,2,16,,23,23,1,22,9,121.5404781,25.0736539
111,7,8,20,36,2,03中山區,中山區大佳河濱公園9號水門內,0,0,1,2,B01,8,3,5,50,14,9,1,5,4,5,7,4,4,4,3,5,1,17,1,40,3,10,1,1,7,9,1,4,2,1,,23,23,1,22,9,121.5404781,25.0736539
111,7,8,21,12,2,09北投區,北投區大業路與中央北路1段口,0,0,1,2,C03,7,3,5,50,4,1,1,5,4,5,7,1,1,9,4,5,2,11,1,23,2,9,1,1,7,9,1,10,1,14,,23,6,1,22,9,121.4970303,25.13627145
111,7,8,21,12,2,09北投區,北投區大業路與中央北路1段口,0,0,1,1,B03,7,3,5,50,4,1,1,5,4,5,7,1,1,9,4,5,2,11,1,46,3,10,1,1,7,5,1,8,1,8,,6,6,1,22,9,121.4970303,25.13627145
111,7,8,21,20,2,02萬華區,萬華區康定路與桂林路口,0,0,1,1,B03,7,3,5,40,4,2,1,5,4,5,7,2,1,5,4,4,2,17,1,47,3,10,1,1,7,7,1,8,1,4,,7,7,1,22,9,121.5015033,25.03852678
111,7,8,21,20,2,02萬華區,萬華區康定路與桂林路口,0,0,1,2,C03,7,3,5,40,4,2,1,5,4,5,7,2,1,5,4,4,2,17,1,38,2,7,1,1,7,9,1,9,1,12,,13,7,1,22,9,121.5015033,25.03852678
111,7,8,21,24,2,04大安區,大安區仁愛路3段53號,0,0,1,1,B03,7,3,5,50,14,9,1,5,4,5,7,4,4,1,4,1,2,16,2,48,3,10,3,4,7,9,1,8,1,2,,23,23,1,22,9,121.5368618,25.03845649
111,7,8,21,24,2,04大安區,大安區仁愛路3段53號,0,0,1,2,C03,7,3,5,50,14,9,1,5,4,5,7,4,4,1,4,1,2,16,2,27,2,9,3,4,7,9,1,10,1,14,,44,23,1,22,9,121.5368618,25.03845649
111,7,8,21,38,2,10文山區,文山區景隆街36巷5號,0,0,1,1,C03,8,3,5,30,14,9,1,5,4,5,7,4,4,10,5,5,2,10,1,62,2,9,1,1,7,9,1,10,1,11,,5,5,1,22,9,121.5434675,24.9985857
111,7,8,21,38,2,10文山區,文山區景隆街36巷5號,0,0,1,2,B03,8,3,5,30,14,9,1,5,4,5,7,4,4,10,5,5,2,10,1,19,3,10,1,1,7,9,1,8,1,8,,27,5,1,22,9,121.5434675,24.9985857
111,7,8,22,0,2,03中山區,中山區市民高架道松江路上方,0,0,1,1,C02,8,3,5,80,10,9,1,5,4,5,7,4,4,1,3,4,2,17,1,46,2,9,1,1,7,9,1,9,2,14,,16,16,1,22,9,121.5329141,25.04533823
111,7,8,22,0,2,03中山區,中山區市民高架道松江路上方,0,0,1,2,B03,8,3,5,80,10,9,1,5,4,5,7,4,4,1,3,4,2,17,1,30,3,10,1,1,7,9,1,8,2,6,,44,16,1,22,9,121.5329141,25.04533823
111,7,8,22,5,2,05中正區,中正區南海路與南海路2巷口,0,0,2,1,C03,8,3,5,30,3,1,1,5,4,5,7,4,4,10,4,5,2,17,1,20,2,7,2,3,7,7,1,10,2,14,,7,7,1,22,9,121.5175895,25.03267273
111,7,8,22,5,2,05中正區,中正區南海路與南海路2巷口,0,0,2,2,C03,8,3,5,30,3,1,1,5,4,5,7,4,4,10,4,5,2,17,1,23,2,9,1,1,7,9,1,10,2,12,,44,7,1,22,9,121.5175895,25.03267273
111,7,8,22,5,2,05中正區,中正區南海路與南海路2巷口,0,0,2,3,H02,8,3,5,30,3,1,1,5,4,5,7,4,4,10,4,5,2,17,2,22,4,11,1,5,7,20,8,20,10,16,,67,7,1,22,9,121.5175895,25.03267273
111,7,8,23,10,2,07信義區,信義區仁愛路4段505號,0,0,1,1,B03,8,1,5,50,14,9,1,5,4,5,7,1,1,10,5,5,1,13,1,25,3,10,1,1,7,9,1,8,2,5,,23,23,1,22,9,121.5607166,25.03769861
111,7,8,23,10,2,07信義區,信義區仁愛路4段505號,0,0,1,2,C03,8,1,5,50,14,9,1,5,4,5,7,1,1,10,5,5,1,13,1,38,2,9,1,1,7,14,1,10,2,13,,44,23,1,22,9,121.5607166,25.03769861
111,7,8,23,47,2,03中山區,中山區吉林路與松江路170巷口,0,0,1,1,B01,8,1,5,50,4,1,1,5,4,5,7,1,1,4,3,4,1,16,1,42,3,10,3,4,7,5,1,8,2,1,,6,6,1,22,9,121.5301996,25.05604003
111,7,8,23,47,2,03中山區,中山區吉林路與松江路170巷口,0,0,1,2,C03,8,1,5,50,4,1,1,5,4,5,7,1,1,4,3,4,1,16,2,23,2,9,1,4,7,9,1,10,2,14,,44,6,1,22,9,121.5301996,25.05604003
111,7,8,23,54,2,09北投區,北投區承德路7段與承德路7段344巷口,0,0,1,1,C03,8,3,5,50,3,1,1,5,4,5,7,1,1,3,4,3,2,16,1,25,3,10,3,4,7,5,1,10,1,12,,25,25,1,22,9,121.5038403,25.11738971
111,7,8,23,54,2,09北投區,北投區承德路7段與承德路7段344巷口,0,0,1,2,C03,8,3,5,50,3,1,1,5,4,5,7,1,1,3,4,3,2,16,2,33,3,10,3,4,7,1,1,10,1,11,,44,25,1,22,9,121.5038403,25.11738971
111,7,8,23,54,2,09北投區,北投區承德路7段與承德路7段344巷口,0,0,1,3,C03,8,3,5,50,3,1,1,5,4,5,7,1,1,3,4,3,2,16,2,25,2,9,3,4,7,1,1,10,1,11,,44,25,1,22,9,121.5038403,25.11738971
111,7,9,3,23,2,04大安區,大安區光復南路290巷與無名巷口廢鐵道,0,0,1,2,B03,8,3,5,30,5,1,1,5,4,5,7,4,4,10,5,5,2,15,1,32,3,10,1,1,7,9,1,8,1,1,,13,6,1,22,9,121.5567586,25.03934412
111,7,9,3,23,2,04大安區,大安區光復南路290巷與無名巷口廢鐵道,0,0,1,1,C03,8,3,5,30,5,1,1,5,4,5,7,4,4,10,5,5,2,15,1,28,2,9,1,1,7,9,1,10,1,12,,6,6,1,22,9,121.5567586,25.03934412
111,7,9,4,10,2,09北投區,北投區竹子湖路013燈桿,0,0,2,1,B03,7,3,5,40,11,9,1,5,4,5,1,4,4,5,4,5,1,11,1,27,2,9,1,1,7,9,1,8,1,8,,26,26,1,22,9,121.5479046,25.15420805
111,7,9,4,10,2,09北投區,北投區竹子湖路013燈桿,0,0,2,2,B03,7,3,5,40,11,9,1,5,4,5,1,4,4,5,4,5,1,11,1,22,3,10,1,1,7,9,1,8,1,8,,44,26,1,22,9,121.5479046,25.15420805
111,7,9,4,10,2,09北投區,北投區竹子湖路013燈桿,0,0,2,3,H02,7,3,5,40,11,9,1,5,4,5,1,4,4,5,4,5,1,11,1,22,2,9,1,5,7,20,8,20,10,16,,67,26,1,22,9,121.5479046,25.15420805
111,7,9,5,25,2,08士林區,士林區光華路61巷4弄,0,0,2,1,B03,8,1,5,30,11,9,1,5,4,5,7,4,4,10,5,5,1,10,1,23,3,10,1,1,7,15,1,8,9,8,,17,17,1,22,9,121.539217,25.12549677
111,7,9,5,25,2,08士林區,士林區光華路61巷4弄,0,0,2,2,C03,8,1,5,30,11,9,1,5,4,5,7,4,4,10,5,5,1,10,1,20,2,9,1,1,7,15,3,18,9,11,,17,17,1,22,9,121.539217,25.12549677
111,7,9,5,25,2,08士林區,士林區光華路61巷4弄,0,0,2,3,H02,8,1,5,30,11,9,1,5,4,5,7,4,4,10,5,5,1,10,1,22,2,9,4,5,7,17,8,20,10,16,,67,17,1,22,9,121.539217,25.12549677
111,7,9,5,39,2,08士林區,士林區故宮路與力行街口口,0,0,2,1,C03,8,1,5,40,3,1,1,5,4,5,7,3,1,1,2,5,1,12,1,41,2,9,1,1,7,8,1,10,2,12,,17,17,1,22,9,121.5485007,25.0958708
111,7,9,5,39,2,08士林區,士林區故宮路與力行街口口,0,0,2,2,C03,8,1,5,40,3,1,1,5,4,5,7,3,1,1,2,5,1,12,1,36,2,8,1,1,7,7,1,10,2,14,,17,17,1,22,9,121.5485007,25.0958708
111,7,9,6,3,2,02萬華區,萬華區中華路2段與西藏路口,0,0,1,1,A05,8,1,5,50,4,2,1,5,4,5,7,2,1,1,4,4,2,3,1,60,3,10,1,1,7,5,1,1,1,8,,15,15,1,22,9,121.5041309,25.03009401