發生年度,發生月,發生日,發生時-Hours,發生分,處理別-編號,區序,肇事地點,死亡人數,2-30日死亡人數,受傷人數,當事人序號,車種,天候,光線,道路類別,速限-速度限制,道路型態,事故位置,路面狀況1,路面狀況2,路面狀況3,道路障礙1,道路障礙2,號誌1,號誌2,車道劃分-分向,車道劃分-分道1,車道劃分-分道2,車道劃分-分道3,事故類型及型態,性別,年齡,受傷程度,主要傷處,安全帽,行動電話,車輛用途,當事者行動狀態,駕駛資格情形,駕駛執照種類,飲酒情形,車輛撞擊部位1,車輛撞擊部位2,肇因碼-個別,肇因碼-主要,個人肇逃否,職業,旅次目的,座標-X,座標-Y
111,7,9,6,3,2,02萬華區,萬華區中華路2段與西藏路口,0,0,1,2,H01,8,1,5,50,4,2,1,5,4,5,7,2,1,1,4,4,2,3,2,48,2,1,4,5,8,16,8,20,10,16,,67,15,1,22,9,121.5041309,25.03009401
111,7,9,6,41,2,02萬華區,萬華區中華路1段126號,0,0,2,1,C03,8,1,5,50,14,9,1,5,4,5,7,4,4,1,4,5,2,16,1,18,2,9,1,1,7,8,1,10,1,11,,23,23,1,22,9,121.5084435,25.0434518
111,7,9,6,41,2,02萬華區,萬華區中華路1段126號,0,0,2,2,B11,8,1,5,50,14,9,1,5,4,5,7,4,4,1,4,5,2,16,1,56,3,10,1,1,7,13,1,4,1,7,,38,23,1,22,9,121.5084435,25.0434518
111,7,9,6,41,2,02萬華區,萬華區中華路1段126號,0,0,2,3,C03,8,1,5,50,14,9,1,5,4,5,7,4,4,1,4,5,2,16,1,18,3,10,1,1,7,8,1,10,1,11,,44,23,1,22,9,121.5084435,25.0434518
111,7,9,6,41,2,02萬華區,萬華區中華路1段126號,0,0,2,4,H02,8,1,5,50,14,9,1,5,4,5,7,4,4,1,4,5,2,16,1,17,2,9,4,5,7,20,8,20,10,16,,67,23,1,22,9,121.5084435,25.0434518
111,7,9,6,41,2,02萬華區,萬華區中華路1段126號,0,0,2,5,A02,8,1,5,50,14,9,1,5,4,5,7,4,4,1,4,5,2,16,1,32,3,10,1,1,7,9,1,2,9,15,,44,23,1,22,9,121.5084435,25.0434518
111,7,9,8,25,2,05中正區,中正區中華路2段與寧波西街口,0,0,2,1,C03,8,1,5,50,4,1,1,5,4,5,7,1,1,5,5,4,2,11,1,26,2,9,1,1,7,5,1,10,1,11,,6,6,1,22,9,121.5101189,25.0246801
111,7,9,8,25,2,05中正區,中正區中華路2段與寧波西街口,0,0,2,2,C02,8,1,5,50,4,1,1,5,4,5,7,1,1,5,5,4,2,11,1,32,2,9,1,1,7,9,1,9,1,14,,44,6,1,22,9,121.5101189,25.0246801
111,7,9,8,26,2,06松山區,松山區市民大道5段與東寧路口,0,0,1,1,B03,8,1,5,40,3,1,1,5,4,5,7,1,1,1,4,5,2,16,2,43,3,10,1,1,7,11,1,8,1,4,,25,25,1,22,9,121.5629234,25.04744091
111,7,9,8,26,2,06松山區,松山區市民大道5段與東寧路口,0,0,1,2,C03,8,1,5,40,3,1,1,5,4,5,7,1,1,1,4,5,2,16,2,25,2,9,1,1,7,9,1,10,1,12,,44,25,1,22,9,121.5629234,25.04744091
111,7,9,10,23,2,11南港區,南港區市民大道8段與興華路口,0,0,1,1,B03,8,1,5,50,3,2,1,5,4,5,7,1,1,1,4,5,2,17,2,52,3,10,1,1,7,5,1,4,1,15,,8,8,1,22,9,121.6064726,25.0532043
111,7,9,10,23,2,11南港區,南港區市民大道8段與興華路口,0,0,1,2,C03,8,1,5,50,3,2,1,5,4,5,7,1,1,1,4,5,2,17,1,26,2,9,1,1,7,9,1,10,1,12,,42,8,1,22,9,121.6064726,25.0532043
111,7,9,10,28,2,06松山區,松山區市民大道5段與光復南路口,0,0,1,1,C03,8,1,5,40,4,1,1,5,4,5,7,1,1,1,4,5,2,16,1,46,2,9,3,4,7,9,6,10,9,11,,25,25,1,22,9,121.5578361,25.0452284
111,7,9,10,28,2,06松山區,松山區市民大道5段與光復南路口,0,0,1,2,B03,8,1,5,40,4,1,1,5,4,5,7,1,1,1,4,5,2,16,2,68,3,10,3,4,7,5,1,8,9,5,,44,25,1,22,9,121.5578361,25.0452284
111,7,9,10,35,2,07信義區,信義區虎林街104巷140弄1號,0,0,1,1,C03,8,1,5,30,14,9,1,5,4,5,7,4,4,10,5,5,1,29,2,28,2,9,3,4,7,9,1,10,9,11,,23,23,1,22,9,121.5740763,25.04262543
111,7,9,10,35,2,07信義區,信義區虎林街104巷140弄1號,0,0,1,2,C03,8,1,5,30,14,9,1,5,4,5,7,4,4,10,5,5,1,29,3,,,,,,,,,,,,,67,23,1,,,121.5740763,25.04262543
111,7,9,10,35,2,07信義區,信義區虎林街104巷140弄1號,0,0,1,3,C04,8,1,5,30,14,9,1,5,4,5,7,4,4,10,5,5,1,29,3,,,,,,,,,,,,,67,23,1,,,121.5740763,25.04262543
111,7,9,10,47,2,04大安區,大安區忠孝東路3段與忠孝東路3段217巷口,0,0,1,1,C03,8,1,5,50,3,2,1,5,4,5,7,1,1,10,5,5,2,13,1,21,2,9,1,1,7,12,1,10,1,12,11,16,16,1,22,9,121.5398652,25.0417379
111,7,9,10,47,2,04大安區,大安區忠孝東路3段與忠孝東路3段217巷口,0,0,1,2,C03,8,1,5,50,3,2,1,5,4,5,7,1,1,10,5,5,2,13,1,33,3,10,1,1,7,12,1,10,1,13,,44,16,1,22,9,121.5398652,25.0417379
111,7,9,11,0,2,10文山區,文山區興隆路4段109巷與木柵路3段48巷1弄口,0,0,1,1,B03,8,1,5,50,3,1,1,5,4,5,7,4,4,5,5,5,2,17,1,25,3,10,1,1,7,1,1,8,2,4,,19,19,1,22,9,121.56474,24.9869454
111,7,9,11,0,2,10文山區,文山區興隆路4段109巷與木柵路3段48巷1弄口,0,0,1,2,C03,8,1,5,50,3,1,1,5,4,5,7,4,4,5,5,5,2,17,1,20,2,7,1,1,7,9,1,10,2,11,,13,19,1,22,9,121.56474,24.9869454
111,7,9,11,25,2,11南港區,南港區興中路與興中路74巷口,0,0,1,1,C03,8,1,6,50,14,9,1,5,4,5,7,4,4,5,5,5,2,13,2,20,2,8,1,1,7,9,1,9,1,11,,23,23,1,22,1,121.6068772,25.05723747
111,7,9,11,25,2,11南港區,南港區興中路與興中路74巷口,0,0,1,2,B03,8,1,6,50,14,9,1,5,4,5,7,4,4,5,5,5,2,13,1,27,3,10,1,1,7,8,1,8,1,6,,7,23,1,22,8,121.6068772,25.05723747
111,7,9,11,37,2,06松山區,松山區敦化南路1段5號,0,0,1,1,B01,8,1,5,30,14,8,1,5,4,5,7,4,4,9,4,4,2,13,1,29,3,10,1,1,7,6,1,4,1,7,,42,42,1,22,9,121.5491458,25.04715962
111,7,9,11,37,2,06松山區,松山區敦化南路1段5號,0,0,1,2,C03,8,1,5,30,14,8,1,5,4,5,7,4,4,9,4,4,2,13,1,46,2,9,1,1,7,9,1,10,1,11,,16,42,1,22,9,121.5491458,25.04715962
111,7,9,11,43,2,01大同區,大同區承德路3段與承德路3段247巷口口,0,0,3,2,C04,8,1,5,50,3,2,1,5,4,5,7,4,4,1,4,5,2,13,1,63,2,9,1,1,7,9,1,10,1,13,,43,43,1,22,9,121.518568,25.07119842
111,7,9,11,43,2,01大同區,大同區承德路3段與承德路3段247巷口口,0,0,3,3,H02,8,1,5,50,3,2,1,5,4,5,7,4,4,1,4,5,2,13,2,60,2,9,4,5,7,21,8,20,10,16,,67,43,1,22,9,121.518568,25.07119842
111,7,9,11,43,2,01大同區,大同區承德路3段與承德路3段247巷口口,0,0,3,1,C03,8,1,5,50,3,2,1,5,4,5,7,4,4,1,4,5,2,13,2,29,2,9,1,1,7,9,1,10,1,11,,43,43,1,22,9,121.518568,25.07119842
111,7,9,12,32,2,09北投區,北投區立農街1段與立農街1段187巷口,0,0,2,1,C03,8,1,5,30,4,1,1,5,4,5,7,3,1,10,5,5,1,15,2,26,2,9,1,1,7,9,1,10,1,14,,25,25,1,22,9,121.5038087,25.12008192
111,7,9,12,32,2,09北投區,北投區立農街1段與立農街1段187巷口,0,0,2,2,C03,8,1,5,30,4,1,1,5,4,5,7,3,1,10,5,5,1,15,2,57,2,9,1,1,7,9,1,10,1,11,,44,25,1,22,9,121.5038087,25.12008192
111,7,9,13,4,2,03中山區,中山區中山北路3段往南、水晶情人橋前,0,0,2,1,C03,8,1,5,50,14,9,1,5,4,5,7,4,4,1,3,5,1,13,1,48,2,7,1,4,7,9,1,10,1,11,,16,16,1,22,9,121.5235845,25.07132521
111,7,9,13,4,2,03中山區,中山區中山北路3段往南、水晶情人橋前,0,0,2,2,C03,8,1,5,50,14,9,1,5,4,5,7,4,4,1,3,5,1,13,1,25,2,8,1,4,7,9,1,10,1,13,,44,16,1,22,9,121.5235845,25.07132521
111,7,9,13,4,2,03中山區,中山區中山北路3段往南、水晶情人橋前,0,0,2,3,B03,8,1,5,50,14,9,1,5,4,5,7,4,4,1,3,5,1,13,1,20,3,10,3,4,7,14,1,8,1,15,,44,16,1,22,9,121.5235845,25.07132521
111,7,9,13,19,2,10文山區,文山區汀州路4段與基隆路4段口,0,0,1,1,B03,8,1,5,50,4,2,1,5,4,5,7,2,1,1,4,5,2,17,2,47,3,10,1,1,7,5,1,8,1,8,8,8,8,1,22,9,121.5363677,25.01092171
111,7,9,13,19,2,10文山區,文山區汀州路4段與基隆路4段口,0,0,1,2,F01,8,1,5,50,4,2,1,5,4,5,7,2,1,1,4,5,2,17,1,22,2,9,1,1,7,11,8,20,1,16,16,11,8,1,22,9,121.5363677,25.01092171
111,7,9,13,23,2,07信義區,信義區基隆路1段368號,0,0,1,1,C03,8,1,5,50,14,9,1,5,4,5,7,4,4,1,4,5,2,13,1,25,2,8,1,1,7,9,1,10,1,11,,43,43,1,22,9,121.5607393,25.0352599
111,7,9,13,23,2,07信義區,信義區基隆路1段368號,0,0,1,2,B03,8,1,5,50,14,9,1,5,4,5,7,4,4,1,4,5,2,13,4,,4,11,3,4,7,15,7,19,11,15,,43,43,2,22,9,121.5607393,25.0352599
111,7,9,13,31,2,10文山區,文山區木柵路5段58號,0,0,1,1,C03,8,1,5,50,14,9,1,3,2,5,7,4,4,5,4,5,2,18,1,20,2,9,3,4,7,9,1,9,2,11,,23,23,1,21,8,121.5889369,25.00130853
111,7,9,13,31,2,10文山區,文山區木柵路5段58號,0,0,1,2,,8,1,5,50,14,9,1,3,2,5,7,4,4,5,4,5,2,18,3,,,,,,,,,,,,,61,23,1,,,121.5889369,25.00130853
111,7,9,13,34,2,06松山區,松山區南京東路3段253號,0,0,2,1,C03,8,1,5,50,14,9,1,5,4,5,7,2,1,9,4,4,2,12,1,36,2,9,1,1,7,9,1,10,1,14,,23,23,1,22,9,121.5441615,25.05194434
111,7,9,13,34,2,06松山區,松山區南京東路3段253號,0,0,2,2,C03,8,1,5,50,14,9,1,5,4,5,7,2,1,9,4,4,2,12,1,60,2,9,1,1,7,9,1,10,1,15,,44,23,1,22,9,121.5441615,25.05194434
111,7,9,13,52,2,09北投區,北投區大業路與大業路280巷口,0,0,1,1,B11,8,1,5,60,3,1,1,5,4,5,7,2,1,1,4,4,1,12,1,26,3,10,1,1,7,6,1,4,1,2,,9,9,1,22,9,121.4981591,25.12722591
111,7,9,13,52,2,09北投區,北投區大業路與大業路280巷口,0,0,1,2,C03,8,1,5,60,3,1,1,5,4,5,7,2,1,1,4,4,1,12,1,31,2,9,1,1,7,9,1,10,1,14,,44,9,1,22,9,121.4981591,25.12722591
111,7,9,13,52,2,09北投區,北投區大業路與大業路280巷口,0,0,1,3,A11,8,1,5,60,3,1,1,5,4,5,7,2,1,1,4,4,1,12,1,24,3,10,1,1,7,14,1,1,9,4,,38,9,1,22,9,121.4981591,25.12722591
111,7,9,14,17,2,10文山區,文山區木新路3段與樟新街口口,0,0,1,1,C04,8,1,5,50,4,1,1,5,4,5,7,2,1,5,4,5,2,17,2,35,3,10,1,1,7,5,1,8,1,15,,6,6,1,22,9,121.5549323,24.9801744
111,7,9,14,17,2,10文山區,文山區木新路3段與樟新街口口,0,0,1,2,C03,8,1,5,50,4,1,1,5,4,5,7,2,1,5,4,5,2,17,1,26,2,7,1,1,7,9,1,10,1,11,,13,6,1,22,9,121.5549323,24.9801744
111,7,9,14,27,2,05中正區,中正區重慶南路1段與愛國西路口,0,0,1,1,C03,8,1,5,50,4,2,1,5,4,5,7,1,1,9,4,5,1,12,2,64,2,9,1,1,7,9,1,10,2,12,,17,17,1,22,9,121.5125691,25.035591
111,7,9,14,27,2,05中正區,中正區重慶南路1段與愛國西路口,0,0,1,2,C03,8,1,5,50,4,2,1,5,4,5,7,1,1,9,4,5,1,12,1,56,3,10,1,1,7,9,1,10,2,14,,17,17,1,22,9,121.5125691,25.035591
111,7,9,14,50,2,02萬華區,萬華區康定路與廣州街口,0,0,2,1,C03,8,1,5,50,4,2,1,5,4,5,7,1,1,9,4,4,1,16,1,29,2,8,1,1,7,11,1,10,2,12,,10,10,1,22,9,121.5014154,25.03650662
111,7,9,14,50,2,02萬華區,萬華區康定路與廣州街口,0,0,2,2,C03,8,1,5,50,4,2,1,5,4,5,7,1,1,9,4,4,1,16,2,58,2,8,1,1,7,9,1,10,2,14,,44,10,1,22,9,121.5014154,25.03650662
111,7,9,15,5,2,10文山區,文山區興隆路2段217巷與興隆路2段217巷2弄口,0,0,1,1,C03,8,1,5,30,4,1,1,5,4,5,7,4,4,10,5,5,2,15,2,29,2,9,1,1,7,9,1,10,1,12,,6,6,1,22,9,121.5499493,25.001484
111,7,9,15,5,2,10文山區,文山區興隆路2段217巷與興隆路2段217巷2弄口,0,0,1,2,B01,8,1,5,30,4,1,1,5,4,5,7,4,4,10,5,5,2,15,1,56,3,10,1,1,7,9,1,4,1,1,,14,6,1,22,9,121.5499493,25.001484
111,7,9,15,5,2,12內湖區,內湖區環山路2段10巷與環山路2段口,0,0,1,1,B03,8,1,5,50,3,1,1,5,4,5,7,1,1,5,4,5,2,16,1,30,3,10,1,1,7,11,1,8,11,7,,10,10,1,22,9,121.5711008,25.0863672
111,7,9,15,5,2,12內湖區,內湖區環山路2段10巷與環山路2段口,0,0,1,2,C03,8,1,5,50,3,1,1,5,4,5,7,1,1,5,4,5,2,16,1,67,2,6,1,1,7,9,1,10,11,11,,44,10,1,22,9,121.5711008,25.0863672
111,7,9,15,10,2,06松山區,松山區光復北路191號,0,0,1,1,B03,8,1,5,50,3,1,1,5,4,5,7,4,4,5,4,4,2,16,1,68,3,10,1,1,7,6,1,8,1,5,,9,9,1,22,9,121.5550643,25.05923158
111,7,9,15,10,2,06松山區,松山區光復北路191號,0,0,1,2,C05,8,1,5,50,3,1,1,5,4,5,7,4,4,5,4,4,2,16,1,21,2,9,1,1,7,9,1,8,1,14,,16,9,1,22,9,121.5550643,25.05923158
111,7,9,15,23,2,02萬華區,萬華區艋舺大道182號,0,0,2,1,C03,8,1,5,50,14,9,1,5,4,5,7,4,4,3,5,5,1,16,2,62,3,10,1,4,7,8,1,10,1,12,,7,7,1,22,9,121.500226,25.03285768
111,7,9,15,23,2,02萬華區,萬華區艋舺大道182號,0,0,2,2,C03,8,1,5,50,14,9,1,5,4,5,7,4,4,3,5,5,1,16,2,19,2,9,1,4,7,9,1,10,1,11,,23,7,1,22,9,121.500226,25.03285768
111,7,9,15,23,2,02萬華區,萬華區艋舺大道182號,0,0,2,3,H02,8,1,5,50,14,9,1,5,4,5,7,4,4,3,5,5,1,16,1,38,2,9,4,5,7,20,8,20,10,16,,67,7,1,22,9,121.500226,25.03285768
111,7,9,16,2,2,07信義區,信義區基隆路1段與松壽路口,0,0,1,1,C03,8,1,5,50,4,2,1,5,4,5,7,2,1,1,4,5,2,13,2,55,2,9,1,1,7,9,1,10,1,11,,16,16,1,22,9,121.5615039,25.0359521
111,7,9,16,2,2,07信義區,信義區基隆路1段與松壽路口,0,0,1,2,C03,8,1,5,50,4,2,1,5,4,5,7,2,1,1,4,5,2,13,1,58,3,10,1,1,7,9,1,10,1,13,,44,16,1,22,9,121.5615039,25.0359521
111,7,9,16,4,2,05中正區,中正區市民大道1段與承德路1段口,0,0,4,1,C03,8,1,5,40,4,1,1,5,4,5,7,1,1,3,4,5,2,17,1,28,2,7,1,1,7,1,1,10,2,14,,25,25,1,22,9,121.516422,25.0486656
111,7,9,16,4,2,05中正區,中正區市民大道1段與承德路1段口,0,0,4,2,C03,8,1,5,40,4,1,1,5,4,5,7,1,1,3,4,5,2,17,1,35,2,8,1,1,7,1,1,10,2,14,,25,25,1,22,9,121.516422,25.0486656
111,7,9,16,4,2,05中正區,中正區市民大道1段與承德路1段口,0,0,4,3,C03,8,1,5,40,4,1,1,5,4,5,7,1,1,3,4,5,2,17,2,26,2,9,1,1,7,9,1,10,2,11,,44,25,1,22,9,121.516422,25.0486656
111,7,9,16,4,2,05中正區,中正區市民大道1段與承德路1段口,0,0,4,4,H02,8,1,5,40,4,1,1,5,4,5,7,1,1,3,4,5,2,17,2,29,2,8,1,1,7,20,8,20,10,15,,67,25,1,22,9,121.516422,25.0486656
111,7,9,16,30,2,02萬華區,萬華區萬板大橋往新北市機車道上橋處,0,0,1,1,B03,8,1,7,50,14,11,1,5,4,5,7,4,4,8,3,2,1,13,1,27,3,10,1,1,7,12,1,8,1,3,,26,26,1,22,9,121.4914223,25.02902445
111,7,9,16,30,2,02萬華區,萬華區萬板大橋往新北市機車道上橋處,0,0,1,2,C03,8,1,7,50,14,11,1,5,4,5,7,4,4,8,3,2,1,13,1,51,2,8,1,1,7,9,1,10,1,11,,16,26,1,22,9,121.4914223,25.02902445
111,7,9,16,31,2,02萬華區,萬華區永福街與貴陽街2段96巷口,0,0,1,1,B03,8,1,5,30,4,1,1,5,4,5,7,4,4,10,5,5,2,16,1,42,3,10,1,1,7,5,1,8,1,8,,6,6,1,22,9,121.5025965,25.03894754
111,7,9,16,31,2,02萬華區,萬華區永福街與貴陽街2段96巷口,0,0,1,2,C03,8,1,5,30,4,1,1,5,4,5,7,4,4,10,5,5,2,16,2,57,2,9,1,1,7,9,1,10,1,11,,44,6,1,22,9,121.5025965,25.03894754
111,7,9,16,43,2,03中山區,中山區松江路235巷與松江路口,0,0,2,1,C03,8,1,5,50,3,1,1,5,4,5,7,4,4,1,4,5,2,16,1,20,2,9,3,4,7,6,1,10,1,12,,9,9,1,22,9,121.5332489,25.05884437
111,7,9,16,43,2,03中山區,中山區松江路235巷與松江路口,0,0,2,2,C03,8,1,5,50,3,1,1,5,4,5,7,4,4,1,4,5,2,16,1,40,2,9,3,4,7,9,1,10,1,11,,44,9,1,22,9,121.5332489,25.05884437
111,7,9,17,14,2,09北投區,北投區大度路3段與關渡路口,0,0,1,1,B02,8,1,5,50,14,9,1,5,4,5,7,1,1,9,4,5,2,12,1,53,3,10,1,1,7,8,1,8,1,2,,7,7,1,22,9,121.4696742,25.12288453
111,7,9,17,14,2,09北投區,北投區大度路3段與關渡路口,0,0,1,2,C03,8,1,5,50,14,9,1,5,4,5,7,1,1,9,4,5,2,12,1,21,2,9,1,1,7,9,1,10,1,14,,44,7,1,22,9,121.4696742,25.12288453
111,7,9,17,16,2,10文山區,文山區木新路2段218巷與木新路2段口旁,0,0,2,1,A12,8,1,5,50,3,2,1,5,4,5,7,4,4,5,4,5,2,17,1,63,3,10,1,1,7,8,1,3,2,5,,7,7,1,22,9,121.5671055,24.9834562
111,7,9,17,16,2,10文山區,文山區木新路2段218巷與木新路2段口旁,0,0,2,2,C03,8,1,5,50,3,2,1,5,4,5,7,4,4,5,4,5,2,17,1,53,2,9,1,1,7,9,1,10,2,14,,44,7,1,22,9,121.5671055,24.9834562
111,7,9,17,16,2,10文山區,文山區木新路2段218巷與木新路2段口旁,0,0,2,3,B03,8,1,5,50,3,2,1,5,4,5,7,4,4,5,4,5,2,17,1,23,3,10,3,4,7,13,1,8,11,4,,44,7,1,22,9,121.5671055,24.9834562
111,7,9,17,16,2,10文山區,文山區木新路2段218巷與木新路2段口旁,0,0,2,4,H02,8,1,5,50,3,2,1,5,4,5,7,4,4,5,4,5,2,17,1,21,2,7,1,5,7,21,8,20,10,15,,67,7,1,22,9,121.5671055,24.9834562
111,7,9,17,45,2,03中山區,中山區天祥路43號,0,0,1,1,B03,8,1,5,50,14,9,1,5,4,5,7,4,4,5,5,5,2,12,2,32,3,10,1,1,7,9,1,8,1,2,,23,23,1,22,9,121.5210285,25.06191957
111,7,9,17,45,2,03中山區,中山區天祥路43號,0,0,1,2,C03,8,1,5,50,14,9,1,5,4,5,7,4,4,5,5,5,2,12,2,25,2,9,1,1,7,7,1,10,1,14,,7,23,1,22,9,121.5210285,25.06191957
111,7,9,17,46,2,09北投區,北投區致遠一路1段46巷與自強街180巷口,0,0,2,1,C03,8,1,5,30,4,1,1,5,4,5,7,4,4,10,5,5,2,16,1,18,3,10,1,1,7,5,1,10,1,11,,8,8,1,22,9,121.5179219,25.1103664
111,7,9,17,46,2,09北投區,北投區致遠一路1段46巷與自強街180巷口,0,0,2,2,C03,8,1,5,30,4,1,1,5,4,5,7,4,4,10,5,5,2,16,1,66,2,8,1,1,7,9,1,10,1,12,,6,8,1,22,9,121.5179219,25.1103664
111,7,9,17,46,2,09北投區,北投區致遠一路1段46巷與自強街180巷口,0,0,2,3,H02,8,1,5,30,4,1,1,5,4,5,7,4,4,10,5,5,2,16,2,62,2,8,4,5,7,20,8,20,10,16,,67,8,1,22,9,121.5179219,25.1103664
111,7,9,17,51,2,06松山區,松山區健康路204號,0,0,1,1,C04,8,1,5,40,14,8,1,5,4,5,7,4,4,1,3,4,2,18,2,41,2,9,1,1,7,9,1,11,1,11,,13,13,1,2,7,121.5600512,25.0539144
111,7,9,17,51,2,06松山區,松山區健康路204號,0,0,1,2,,8,1,5,40,14,8,1,5,4,5,7,4,4,1,3,4,2,18,3,,,,,,,,,,,,,61,13,1,,,121.5600512,25.0539144
111,7,9,18,0,2,03中山區,中山區民族東路17號,0,0,2,1,C03,8,2,5,50,15,9,1,5,4,5,6,4,4,5,4,5,2,16,1,23,2,9,1,1,7,8,1,10,1,12,,7,7,1,22,9,121.5263098,25.0684554
111,7,9,18,0,2,03中山區,中山區民族東路17號,0,0,2,2,B03,8,2,5,50,15,9,1,5,4,5,6,4,4,5,4,5,2,16,1,59,3,10,3,4,7,9,1,8,1,4,,44,7,1,22,9,121.5263098,25.0684554
111,7,9,18,0,2,03中山區,中山區民族東路17號,0,0,2,3,H02,8,2,5,50,15,9,1,5,4,5,6,4,4,5,4,5,2,16,2,22,2,9,4,5,7,17,8,20,10,16,,67,7,1,22,9,121.5263098,25.0684554
111,7,9,18,7,2,10文山區,文山區景興路與景華街口,0,0,1,1,B01,8,1,5,30,4,1,1,5,4,5,7,2,1,10,5,5,2,16,1,50,3,10,1,1,7,6,1,4,2,2,,6,6,1,22,9,121.5447697,24.9951643
111,7,9,18,7,2,10文山區,文山區景興路與景華街口,0,0,1,2,C03,8,1,5,30,4,1,1,5,4,5,7,2,1,10,5,5,2,16,2,56,2,9,1,1,7,9,1,10,2,14,,44,6,1,22,9,121.5447697,24.9951643
111,7,9,18,15,2,09北投區,北投區泉源路17號,0,0,2,1,B03,8,1,5,40,14,9,1,5,4,5,7,4,4,5,4,5,2,12,2,45,3,10,3,4,7,4,1,8,2,5,,1,1,1,22,9,121.5051754,25.1383735
111,7,9,18,15,2,09北投區,北投區泉源路17號,0,0,2,2,C03,8,1,5,40,14,9,1,5,4,5,7,4,4,5,4,5,2,12,2,58,2,9,3,4,7,9,1,10,2,14,,44,1,1,22,9,121.5051754,25.1383735
111,7,9,18,15,2,09北投區,北投區泉源路17號,0,0,2,3,H02,8,1,5,40,14,9,1,5,4,5,7,4,4,5,4,5,2,12,1,13,2,9,4,5,7,20,8,20,10,16,,67,1,1,22,9,121.5051754,25.1383735
111,7,9,18,27,2,07信義區,信義區市民大道6段與虎林街口,0,0,2,1,C03,8,1,5,40,4,2,1,5,4,5,7,2,1,1,4,5,2,17,1,24,3,10,1,1,7,5,1,10,1,14,,43,43,1,22,9,121.5760055,25.0491744
111,7,9,18,27,2,07信義區,信義區市民大道6段與虎林街口,0,0,2,2,C03,8,1,5,40,4,2,1,5,4,5,7,2,1,1,4,5,2,17,2,28,2,9,1,1,7,9,1,10,1,12,,43,43,1,22,9,121.5760055,25.0491744
111,7,9,18,27,2,07信義區,信義區市民大道6段與虎林街口,0,0,2,3,H02,8,1,5,40,4,2,1,5,4,5,7,2,1,1,4,5,2,17,2,23,2,9,4,5,7,20,8,20,10,16,,67,43,1,22,9,121.5760055,25.0491744
111,7,9,19,2,2,01大同區,大同區長安西路與長安西路19巷2弄口,0,0,1,1,C03,7,3,5,50,3,2,1,5,4,5,7,1,1,9,4,5,1,13,1,29,2,9,1,1,7,9,1,10,1,11,,43,43,1,22,9,121.5203925,25.0514009
111,7,9,19,2,2,01大同區,大同區長安西路與長安西路19巷2弄口,0,0,1,2,C03,7,3,5,50,3,2,1,5,4,5,7,1,1,9,4,5,1,13,1,37,3,10,1,1,7,9,1,10,1,13,,43,43,1,22,9,121.5203925,25.0514009
111,7,9,19,24,2,10文山區,文山區木新路2段與無名巷口,0,0,1,1,C03,8,1,5,50,3,1,1,5,4,5,7,4,4,5,4,4,2,13,2,23,3,10,1,1,7,5,1,10,2,13,,43,43,1,22,9,121.5692431,24.98412063
111,7,9,19,24,2,10文山區,文山區木新路2段與無名巷口,0,0,1,2,,8,1,5,50,3,1,1,5,4,5,7,4,4,5,4,4,2,13,4,,4,11,3,4,7,15,7,19,11,15,,43,43,2,22,9,121.5692431,24.98412063
111,7,9,19,24,2,10文山區,文山區木新路2段與無名巷口,0,0,1,3,H02,8,1,5,50,3,1,1,5,4,5,7,4,4,5,4,4,2,13,2,23,2,9,1,1,7,20,8,20,9,15,,67,43,1,22,9,121.5692431,24.98412063
111,7,9,19,46,2,02萬華區,萬華區環河南路1段與成都路口,0,0,1,1,C03,8,3,5,50,3,1,1,5,4,5,7,3,1,5,5,5,2,13,1,23,2,9,1,1,7,9,1,10,1,11,,23,23,1,22,9,121.5008128,25.04391965
111,7,9,19,46,2,02萬華區,萬華區環河南路1段與成都路口,0,0,1,2,B03,8,3,5,50,3,1,1,5,4,5,7,3,1,5,5,5,2,13,1,26,3,10,1,1,7,14,1,8,1,3,,44,23,1,22,9,121.5008128,25.04391965
111,7,9,19,50,2,09北投區,北投區永興路1段與文化三路口,0,0,2,1,B03,7,3,5,30,3,1,1,5,4,5,7,4,4,5,4,5,1,3,1,38,3,10,1,1,7,5,1,8,1,8,,15,15,1,22,9,121.4985698,25.13758301
111,7,9,19,50,2,09北投區,北投區永興路1段與文化三路口,0,0,2,2,H01,7,3,5,30,3,1,1,5,4,5,7,4,4,5,4,5,1,3,2,58,2,9,4,5,8,16,8,20,10,16,,67,15,1,22,9,121.4985698,25.13758301
111,7,9,19,50,2,09北投區,北投區永興路1段與文化三路口,0,0,2,3,H01,7,3,5,30,3,1,1,5,4,5,7,4,4,5,4,5,1,3,1,62,2,9,4,5,8,16,8,20,10,16,,67,15,1,22,9,121.4985698,25.13758301
111,7,9,20,29,2,02萬華區,萬華區東園街與東園街73巷口,0,0,1,1,C03,7,3,5,50,4,1,1,5,4,5,7,2,1,5,4,5,2,17,2,19,3,10,1,1,7,5,1,10,9,15,,6,6,1,22,9,121.4964927,25.02596168
111,7,9,20,29,2,02萬華區,萬華區東園街與東園街73巷口,0,0,1,2,C03,7,3,5,50,4,1,1,5,4,5,7,2,1,5,4,5,2,17,1,18,2,9,1,1,7,9,1,10,9,12,,44,6,1,22,9,121.4964927,25.02596168
111,7,9,20,33,2,05中正區,中正區中華路2段與南海路口,0,0,1,1,B01,8,3,5,50,4,1,1,5,4,5,7,1,1,5,4,4,2,16,1,68,3,10,1,1,7,5,1,4,1,5,,8,8,1,22,9,121.5071746,25.02678222