發生年度,發生月,發生日,發生時-Hours,發生分,處理別-編號,區序,肇事地點,死亡人數,2-30日死亡人數,受傷人數,當事人序號,車種,天候,光線,道路類別,速限-速度限制,道路型態,事故位置,路面狀況1,路面狀況2,路面狀況3,道路障礙1,道路障礙2,號誌1,號誌2,車道劃分-分向,車道劃分-分道1,車道劃分-分道2,車道劃分-分道3,事故類型及型態,性別,年齡,受傷程度,主要傷處,安全帽,行動電話,車輛用途,當事者行動狀態,駕駛資格情形,駕駛執照種類,飲酒情形,車輛撞擊部位1,車輛撞擊部位2,肇因碼-個別,肇因碼-主要,個人肇逃否,職業,旅次目的,座標-X,座標-Y
111,7,9,20,33,2,05中正區,中正區中華路2段與南海路口,0,0,1,2,C03,8,3,5,50,4,1,1,5,4,5,7,1,1,5,4,4,2,16,1,39,2,8,1,1,7,9,1,10,1,11,,13,8,1,22,9,121.5071746,25.02678222
111,7,9,21,50,2,04大安區,大安區光復南路與光復南路676巷口,0,0,1,1,B03,8,3,5,40,3,1,1,5,4,5,7,4,4,1,5,4,2,16,2,34,3,10,1,1,7,6,1,8,1,5,,9,9,1,22,9,121.5573206,25.0306507
111,7,9,21,50,2,04大安區,大安區光復南路與光復南路676巷口,0,0,1,2,C03,8,3,5,40,3,1,1,5,4,5,7,4,4,1,5,4,2,16,1,32,2,9,1,1,7,9,1,10,1,14,,14,9,1,22,9,121.5573206,25.0306507
111,7,9,22,0,2,03中山區,中山區錦州街與錦州街157巷口,0,0,1,1,B01,7,3,5,50,3,1,1,5,4,5,7,4,4,5,4,4,2,12,1,51,3,10,1,4,7,11,1,4,2,8,,10,10,1,10,9,121.5298095,25.06029224
111,7,9,22,0,2,03中山區,中山區錦州街與錦州街157巷口,0,0,1,2,C03,7,3,5,50,3,1,1,5,4,5,7,4,4,5,4,4,2,12,1,24,2,9,1,4,7,9,1,10,2,11,,23,10,1,5,9,121.5298095,25.06029224
111,7,9,22,5,2,03中山區,中山區市民大道3段與新生北路1段口,0,0,1,1,C03,8,3,5,40,4,2,1,5,4,5,7,1,1,5,4,5,2,13,1,25,2,9,1,1,7,9,1,10,1,11,,23,23,1,22,9,121.5310595,25.0460745
111,7,9,22,5,2,03中山區,中山區市民大道3段與新生北路1段口,0,0,1,2,B03,8,3,5,40,4,2,1,5,4,5,7,1,1,5,4,5,2,13,1,57,3,10,1,1,7,14,1,8,1,7,,44,23,1,22,9,121.5310595,25.0460745
111,7,9,23,45,2,05中正區,中正區館前路與漢口街1段口,0,0,1,1,B03,8,3,5,50,3,1,1,5,4,5,7,1,1,10,4,5,2,17,1,46,3,10,1,1,7,7,1,8,2,4,,7,7,1,22,9,121.5150257,25.0454353
111,7,9,23,45,2,05中正區,中正區館前路與漢口街1段口,0,0,1,2,C03,8,3,5,50,3,1,1,5,4,5,7,1,1,10,4,5,2,17,2,19,2,9,1,1,7,8,1,10,2,12,,7,7,1,22,9,121.5150257,25.0454353
111,7,10,2,35,2,01大同區,大同區延平北路2段83號,0,0,1,1,B01,8,3,5,50,14,9,1,5,4,5,7,4,4,5,4,5,2,16,1,42,3,10,3,4,7,5,1,4,2,1,,8,8,1,22,9,121.5115038,25.0583047
111,7,10,2,35,2,01大同區,大同區延平北路2段83號,0,0,1,2,C03,8,3,5,50,14,9,1,5,4,5,7,4,4,5,4,5,2,16,2,34,2,8,3,4,7,9,1,10,2,14,,44,8,1,22,9,121.5115038,25.0583047
111,7,10,4,36,2,02萬華區,萬華區中華路2段484巷與國興路口,0,0,2,1,F01,8,3,5,50,4,2,1,5,4,5,7,2,1,5,5,5,2,17,1,62,2,9,1,1,7,11,8,20,1,16,,25,25,1,22,9,121.5065325,25.02614213
111,7,10,4,36,2,02萬華區,萬華區中華路2段484巷與國興路口,0,0,2,2,C03,8,3,5,50,4,2,1,5,4,5,7,2,1,5,5,5,2,17,1,36,2,9,1,1,7,9,1,10,1,11,,44,25,1,22,9,121.5065325,25.02614213
111,7,10,6,0,2,04大安區,大安區基隆路3段與敦南街口,0,0,1,1,B03,8,1,5,30,3,1,1,5,4,5,7,4,4,1,4,5,2,17,1,39,3,10,1,1,7,6,1,8,1,7,,6,6,1,22,9,121.5481545,25.0205904
111,7,10,6,0,2,04大安區,大安區基隆路3段與敦南街口,0,0,1,2,C03,8,1,5,30,3,1,1,5,4,5,7,4,4,1,4,5,2,17,1,17,2,9,1,1,7,9,2,18,1,11,,14,6,1,22,9,121.5481545,25.0205904
111,7,10,6,50,2,10文山區,文山區辛亥路7段與光輝路21巷口,0,0,2,1,B01,8,1,5,50,3,1,1,5,4,5,7,3,1,5,5,4,2,17,1,66,3,10,1,1,7,6,1,4,1,3,,9,9,1,22,9,121.5538913,24.9854909
111,7,10,6,50,2,10文山區,文山區辛亥路7段與光輝路21巷口,0,0,2,2,C03,8,1,5,50,3,1,1,5,4,5,7,3,1,5,5,4,2,17,1,36,2,9,1,1,7,9,1,10,1,11,,23,9,1,22,9,121.5538913,24.9854909
111,7,10,6,50,2,10文山區,文山區辛亥路7段與光輝路21巷口,0,0,2,3,C03,8,1,5,50,3,1,1,5,4,5,7,3,1,5,5,4,2,17,1,67,2,9,1,1,7,9,1,10,1,13,,44,9,1,22,9,121.5538913,24.9854909
111,7,10,7,20,2,09北投區,北投區承德路6段與福國路口第11號停車格,0,0,2,2,C03,7,1,5,40,14,8,1,5,4,5,7,4,4,1,4,4,1,12,1,81,2,9,1,1,7,9,1,10,1,11,,16,16,1,22,9,121.5125343,25.10110937
111,7,10,7,20,2,09北投區,北投區承德路6段與福國路口第11號停車格,0,0,2,1,C04,7,1,5,40,14,8,1,5,4,5,7,4,4,1,4,4,1,12,2,41,2,9,1,1,7,9,1,8,1,13,,16,16,1,22,9,121.5125343,25.10110937
111,7,10,7,40,2,05中正區,中正區博愛路216號前,0,0,1,1,C03,8,1,5,40,14,9,1,5,4,5,7,4,4,1,4,4,2,16,1,24,2,9,1,1,7,8,3,18,1,15,,23,23,1,22,9,121.5106049,25.03434308
111,7,10,7,40,2,05中正區,中正區博愛路216號前,0,0,1,2,B01,8,1,5,40,14,9,1,5,4,5,7,4,4,1,4,4,2,16,4,,4,11,3,4,7,13,7,19,11,4,,44,23,2,22,9,121.5106049,25.03434308
111,7,10,7,40,2,05中正區,中正區博愛路216號前,0,0,1,3,B03,8,1,5,40,14,9,1,5,4,5,7,4,4,1,4,4,2,16,1,47,4,11,3,4,7,13,7,19,11,4,,44,23,1,22,9,121.5106049,25.03434308
111,7,10,7,53,2,12內湖區,內湖區東湖路與東湖路94巷口,0,0,3,1,C03,8,1,5,50,4,2,1,5,4,5,7,2,1,9,2,5,1,11,1,77,2,9,1,1,7,5,1,10,2,15,,6,6,1,22,9,121.6150994,25.0685208
111,7,10,7,53,2,12內湖區,內湖區東湖路與東湖路94巷口,0,0,3,2,C03,8,1,5,50,4,2,1,5,4,5,7,2,1,9,2,5,1,11,1,18,2,9,1,1,7,9,1,10,2,15,,44,6,1,22,9,121.6150994,25.0685208
111,7,10,7,53,2,12內湖區,內湖區東湖路與東湖路94巷口,0,0,3,3,H02,8,1,5,50,4,2,1,5,4,5,7,2,1,9,2,5,1,11,2,17,2,9,1,5,7,20,8,20,10,16,,67,6,1,22,9,121.6150994,25.0685208
111,7,10,8,21,2,09北投區,北投區懷德街與榮華三路口,0,0,1,1,B03,8,1,5,50,4,1,1,5,4,5,7,2,1,5,4,5,2,16,2,32,3,10,1,1,7,5,1,8,2,8,,8,8,1,22,9,121.5198547,25.11420759
111,7,10,8,21,2,09北投區,北投區懷德街與榮華三路口,0,0,1,2,C02,8,1,5,50,4,1,1,5,4,5,7,2,1,5,4,5,2,16,1,22,2,8,1,1,7,9,1,9,2,14,,44,8,1,22,9,121.5198547,25.11420759
111,7,10,9,10,2,04大安區,大安區和平東路3段308巷4號,0,0,1,1,B03,8,1,5,50,14,9,1,5,4,5,7,4,4,9,4,5,2,2,1,65,3,10,1,1,7,9,1,8,1,5,,23,23,1,22,9,121.556193,25.020365
111,7,10,9,10,2,04大安區,大安區和平東路3段308巷4號,0,0,1,2,H01,8,1,5,50,14,9,1,5,4,5,7,4,4,9,4,5,2,2,2,58,2,9,1,1,8,16,8,20,10,16,,51,23,1,22,9,121.556193,25.020365
111,7,10,9,39,2,10文山區,文山區羅斯福路4段與羅斯福路4段206巷口口,0,0,1,1,B01,8,1,5,50,3,2,1,5,4,5,7,4,4,1,4,5,2,12,1,66,3,10,1,1,7,9,1,4,1,2,,43,43,1,22,9,121.5371237,25.01058609
111,7,10,9,39,2,10文山區,文山區羅斯福路4段與羅斯福路4段206巷口口,0,0,1,2,C03,8,1,5,50,3,2,1,5,4,5,7,4,4,1,4,5,2,12,2,19,2,9,1,1,7,9,1,10,1,14,,43,43,1,22,9,121.5371237,25.01058609
111,7,10,10,6,2,10文山區,文山區木柵路2段與興隆路4段口,0,0,1,1,B02,8,1,5,50,4,2,1,5,4,5,7,1,1,1,4,5,2,17,1,45,3,10,1,1,7,6,1,8,11,15,,9,9,2,22,9,121.5602929,24.9885962
111,7,10,10,6,2,10文山區,文山區木柵路2段與興隆路4段口,0,0,1,2,F01,8,1,5,50,4,2,1,5,4,5,7,1,1,1,4,5,2,17,1,14,2,9,1,1,7,9,8,20,9,16,,42,9,1,22,9,121.5602929,24.9885962
111,7,10,10,20,2,08士林區,士林區中山北路6段與克強路口,0,0,1,1,B03,8,1,5,50,4,1,1,5,4,5,7,1,1,10,5,5,2,17,1,18,3,10,1,1,7,5,1,8,1,1,,6,6,1,22,9,121.525272,25.10876127
111,7,10,10,20,2,08士林區,士林區中山北路6段與克強路口,0,0,1,2,F01,8,1,5,50,4,1,1,5,4,5,7,1,1,10,5,5,2,17,1,31,2,8,1,1,7,11,8,20,1,16,,11,6,1,22,9,121.525272,25.10876127
111,7,10,10,53,2,09北投區,北投區磺港路與崇仁路1段155巷口,0,0,1,1,B12,8,1,5,30,4,1,5,5,4,5,6,1,1,10,5,5,1,12,1,41,3,10,1,1,7,5,1,8,1,1,,8,8,1,22,9,121.5028702,25.12386428
111,7,10,10,53,2,09北投區,北投區磺港路與崇仁路1段155巷口,0,0,1,2,C03,8,1,5,30,4,1,5,5,4,5,6,1,1,10,5,5,1,12,1,63,2,9,1,1,7,9,1,10,1,14,,44,8,1,22,9,121.5028702,25.12386428
111,7,10,11,25,2,02萬華區,萬華區西園路1段306巷與大理街口,0,0,2,1,C03,8,1,5,50,4,1,4,5,4,5,7,4,4,9,5,5,2,15,1,73,2,9,1,1,7,9,1,10,1,11,,6,6,1,22,9,121.499377,25.03449003
111,7,10,11,25,2,02萬華區,萬華區西園路1段306巷與大理街口,0,0,2,2,B03,8,1,5,50,4,1,4,5,4,5,7,4,4,9,5,5,2,15,1,60,3,10,1,1,7,9,1,8,1,4,,23,6,1,22,9,121.499377,25.03449003
111,7,10,11,25,2,02萬華區,萬華區西園路1段306巷與大理街口,0,0,2,3,H02,8,1,5,50,4,1,4,5,4,5,7,4,4,9,5,5,2,15,2,73,2,9,4,5,7,20,8,20,10,16,,67,6,1,22,9,121.499377,25.03449003
111,7,10,11,33,2,08士林區,士林區至誠路2段17號,0,0,2,1,F01,8,1,5,50,11,9,1,5,4,5,7,4,4,9,4,5,2,17,1,28,2,9,1,1,7,15,8,20,1,15,,4,4,1,22,9,121.5300366,25.10226184
111,7,10,11,33,2,08士林區,士林區至誠路2段17號,0,0,2,2,F02,8,1,5,50,11,9,1,5,4,5,7,4,4,9,4,5,2,17,2,64,2,9,1,1,7,9,8,20,1,16,,44,4,1,22,9,121.5300366,25.10226184
111,7,10,11,52,2,12內湖區,內湖區東湖路160巷與汐湖二橋口,0,0,1,1,C03,8,1,5,50,3,2,1,5,4,5,7,4,4,5,4,5,2,12,1,21,2,9,1,1,7,9,1,10,1,12,,44,44,1,22,9,121.6172401,25.0664255
111,7,10,11,52,2,12內湖區,內湖區東湖路160巷與汐湖二橋口,0,0,1,2,B12,8,1,5,50,3,2,1,5,4,5,7,4,4,5,4,5,2,12,1,55,3,10,1,1,7,7,1,8,1,4,,7,44,1,22,9,121.6172401,25.0664255
111,7,10,12,10,2,12內湖區,內湖區新明路220號,0,0,2,1,C03,8,1,5,50,4,2,1,5,4,5,7,2,1,5,4,5,1,15,1,54,2,9,1,1,7,1,1,10,1,11,,19,19,1,22,9,121.5843841,25.05695209
111,7,10,12,10,2,12內湖區,內湖區新明路220號,0,0,2,2,C03,8,1,5,50,4,2,1,5,4,5,7,2,1,5,4,5,1,15,2,31,2,9,1,1,7,9,1,10,1,11,,25,19,1,22,9,121.5843841,25.05695209
111,7,10,12,10,2,11南港區,南港區南港路1段與南港路1段277巷口,0,0,1,1,B03,8,1,5,50,3,1,1,5,4,5,7,1,1,5,4,5,2,16,1,35,3,10,1,1,7,5,1,8,1,5,,6,6,1,21,9,121.6085997,25.05472599
111,7,10,12,10,2,11南港區,南港區南港路1段與南港路1段277巷口,0,0,1,2,C03,8,1,5,50,3,1,1,5,4,5,7,1,1,5,4,5,2,16,1,24,2,8,1,1,7,9,1,10,1,11,,23,6,1,5,8,121.6085997,25.05472599
111,7,10,12,20,2,12內湖區,內湖區瑞光路與瑞光路26巷口口,0,0,3,1,C03,8,1,5,50,3,1,1,5,4,5,7,2,1,5,4,5,2,12,1,52,2,9,1,1,7,8,1,10,1,12,,7,7,1,22,9,121.5832613,25.06972511
111,7,10,12,20,2,12內湖區,內湖區瑞光路與瑞光路26巷口口,0,0,3,2,C03,8,1,5,50,3,1,1,5,4,5,7,2,1,5,4,5,2,12,1,60,2,9,1,1,7,9,1,10,1,14,,16,7,1,22,9,121.5832613,25.06972511
111,7,10,12,20,2,12內湖區,內湖區瑞光路與瑞光路26巷口口,0,0,3,3,H02,8,1,5,50,3,1,1,5,4,5,7,2,1,5,4,5,2,12,2,56,2,1,4,5,7,20,8,20,10,16,,67,7,1,22,9,121.5832613,25.06972511
111,7,10,12,31,2,07信義區,信義區吳興街118巷25弄4號,0,0,1,1,C03,8,1,5,50,15,9,1,5,2,5,7,4,4,5,4,5,2,18,2,59,2,7,1,1,7,9,1,10,2,14,,42,42,1,22,9,121.5604176,25.02938092
111,7,10,12,31,2,07信義區,信義區吳興街118巷25弄4號,0,0,1,2,,8,1,5,50,15,9,1,5,2,5,7,4,4,5,4,5,2,18,3,,,,,,,,,,,,,61,42,1,,,121.5604176,25.02938092
111,7,10,13,15,2,08士林區,士林區故宮路與力行街口,0,0,2,1,C03,8,1,5,50,3,1,1,5,4,5,7,4,4,1,2,5,2,18,1,23,2,9,1,1,7,9,1,10,11,12,,42,42,1,22,9,121.5485007,25.0958708
111,7,10,13,15,2,08士林區,士林區故宮路與力行街口,0,0,2,2,,8,1,5,50,3,1,1,5,4,5,7,4,4,1,2,5,2,18,3,,,,,,,,,,,,,67,42,1,,,121.5485007,25.0958708
111,7,10,13,15,2,08士林區,士林區故宮路與力行街口,0,0,2,3,H02,8,1,5,50,3,1,1,5,4,5,7,4,4,1,2,5,2,18,2,49,2,9,4,5,7,20,8,20,10,16,,67,42,1,22,9,121.5485007,25.0958708
111,7,10,13,31,2,10文山區,文山區木柵路1段與和興路口,0,0,1,2,C03,8,1,5,50,4,2,1,5,4,5,7,1,1,5,4,5,2,17,1,22,2,9,3,4,7,9,1,10,11,12,,23,7,1,21,8,121.5459736,24.98672463
111,7,10,13,31,2,10文山區,文山區木柵路1段與和興路口,0,0,1,1,C03,8,1,5,50,4,2,1,5,4,5,7,1,1,5,4,5,2,17,1,61,3,10,3,4,7,8,1,10,11,15,,7,7,1,21,8,121.5459736,24.98672463
111,7,10,13,50,2,06松山區,松山區民權東路5段與撫遠街口,0,0,2,1,B03,8,1,5,50,4,1,1,5,4,5,7,1,1,1,4,5,2,16,1,58,3,10,1,1,7,6,1,8,1,2,,6,6,1,22,9,121.5659147,25.0631778
111,7,10,13,50,2,06松山區,松山區民權東路5段與撫遠街口,0,0,2,2,C03,8,1,5,50,4,1,1,5,4,5,7,1,1,1,4,5,2,16,1,42,2,9,1,1,7,9,1,10,1,14,,44,6,1,22,9,121.5659147,25.0631778
111,7,10,13,50,2,06松山區,松山區民權東路5段與撫遠街口,0,0,2,3,H02,8,1,5,50,4,1,1,5,4,5,7,1,1,1,4,5,2,16,1,11,2,9,1,1,7,21,8,20,10,16,,67,6,1,22,9,121.5659147,25.0631778
111,7,10,13,54,2,02萬華區,萬華區中華路1段200號,0,0,1,1,C03,8,1,5,50,14,9,1,5,4,5,7,4,4,1,5,1,2,13,1,22,2,9,1,1,7,9,1,10,1,11,,23,23,1,22,9,121.5069329,25.03812591
111,7,10,13,54,2,02萬華區,萬華區中華路1段200號,0,0,1,2,C03,8,1,5,50,14,9,1,5,4,5,7,4,4,1,5,1,2,13,1,31,3,10,1,1,7,12,1,10,1,13,,44,23,1,22,9,121.5069329,25.03812591
111,7,10,13,58,2,09北投區,北投區溫泉路與溫泉路73巷口,0,0,2,1,C03,8,1,5,30,3,1,1,5,4,5,7,4,4,10,5,5,2,16,1,28,2,8,1,1,7,9,1,10,1,11,,6,6,1,22,9,121.5051571,25.13548998
111,7,10,13,58,2,09北投區,北投區溫泉路與溫泉路73巷口,0,0,2,2,C03,8,1,5,30,3,1,1,5,4,5,7,4,4,10,5,5,2,16,2,33,2,9,1,1,7,9,1,10,1,14,,23,6,1,22,9,121.5051571,25.13548998
111,7,10,14,0,2,05中正區,中正區重慶南路2段與南海路口,0,0,1,1,B03,8,1,5,50,4,1,1,5,4,5,7,1,1,1,4,5,2,12,1,48,3,10,1,1,7,9,1,8,1,5,,44,44,1,22,9,121.5144659,25.0319026
111,7,10,14,0,2,05中正區,中正區重慶南路2段與南海路口,0,0,1,2,C03,8,1,5,50,4,1,1,5,4,5,7,1,1,1,4,5,2,12,1,22,2,9,1,1,7,5,1,10,1,14,,8,44,1,22,9,121.5144659,25.0319026
111,7,10,14,35,2,10文山區,文山區新光路2段30號動物園旁(002號路燈),0,0,1,1,B03,8,1,5,50,14,9,1,5,4,5,7,4,4,5,5,5,2,12,1,49,3,10,1,1,7,11,1,8,1,4,,10,10,1,22,9,121.5841157,25.0000143
111,7,10,14,35,2,10文山區,文山區新光路2段30號動物園旁(002號路燈),0,0,1,2,C03,8,1,5,50,14,9,1,5,4,5,7,4,4,5,5,5,2,12,2,55,2,9,1,1,7,9,1,10,1,12,,44,10,1,22,9,121.5841157,25.0000143
111,7,10,14,39,2,04大安區,大安區復興南路1段與東豐街口,0,0,2,1,C03,8,1,5,50,4,1,1,5,4,5,7,1,1,1,5,5,1,12,1,55,2,9,1,1,7,8,1,10,1,12,,7,7,1,22,9,121.5442606,25.036027
111,7,10,14,39,2,04大安區,大安區復興南路1段與東豐街口,0,0,2,2,C03,8,1,5,50,4,1,1,5,4,5,7,1,1,1,5,5,1,12,2,26,2,9,1,1,7,9,1,10,1,14,12,44,7,1,22,9,121.5442606,25.036027
111,7,10,14,48,2,03中山區,中山區市民大道3段與八德路2段口,0,0,2,1,B01,8,1,5,40,4,1,1,5,4,5,7,1,1,1,4,5,2,12,1,63,3,10,1,1,7,6,1,4,1,5,,9,9,1,22,9,121.5345091,25.0448936
111,7,10,14,48,2,03中山區,中山區市民大道3段與八德路2段口,0,0,2,2,C03,8,1,5,40,4,1,1,5,4,5,7,1,1,1,4,5,2,12,1,18,2,9,1,1,7,9,1,10,1,14,,23,9,1,22,9,121.5345091,25.0448936
111,7,10,14,48,2,03中山區,中山區市民大道3段與八德路2段口,0,0,2,3,H02,8,1,5,40,4,1,1,5,4,5,7,1,1,1,4,5,2,12,2,17,2,9,1,5,7,21,8,20,10,16,,67,9,1,22,9,121.5345091,25.0448936
111,7,10,14,51,2,08士林區,士林區中山北路6段43-2號,0,0,2,1,C03,8,1,5,50,14,9,1,5,4,5,7,1,1,1,4,5,2,12,1,40,2,8,1,1,7,1,1,10,2,14,,19,19,1,22,9,121.5247658,25.1039485
111,7,10,14,51,2,08士林區,士林區中山北路6段43-2號,0,0,2,2,C03,8,1,5,50,14,9,1,5,4,5,7,1,1,1,4,5,2,12,2,28,2,8,1,1,7,8,1,10,2,12,,7,19,1,22,9,121.5247658,25.1039485
111,7,10,15,15,2,01大同區,大同區環河北路1段與鄭州路口,0,0,1,1,B03,8,1,5,50,4,2,1,5,4,5,7,2,1,10,4,5,2,11,1,38,3,10,3,4,7,6,1,8,2,1,,9,9,1,22,9,121.5070355,25.05102816
111,7,10,15,15,2,01大同區,大同區環河北路1段與鄭州路口,0,0,1,2,C03,8,1,5,50,4,2,1,5,4,5,7,2,1,10,4,5,2,11,1,36,2,9,3,4,7,5,1,10,2,13,,44,9,1,22,9,121.5070355,25.05102816
111,7,10,15,15,2,10文山區,文山區萬美街1段與萬安街口,0,0,2,1,B03,8,1,5,50,3,2,1,5,4,5,7,3,1,5,5,5,1,16,1,65,3,10,1,1,7,5,1,8,2,7,,6,6,1,22,7,121.5704664,25.0022575
111,7,10,15,15,2,10文山區,文山區萬美街1段與萬安街口,0,0,2,2,C03,8,1,5,50,3,2,1,5,4,5,7,3,1,5,5,5,1,16,1,24,2,9,1,1,7,9,1,10,2,11,,23,6,1,22,9,121.5704664,25.0022575
111,7,10,15,15,2,10文山區,文山區萬美街1段與萬安街口,0,0,2,3,H02,8,1,5,50,3,2,1,5,4,5,7,3,1,5,5,5,1,16,2,23,2,9,4,5,7,20,8,20,10,16,,67,6,1,22,9,121.5704664,25.0022575
111,7,10,16,0,2,11南港區,南港區大坑街與研究院路2段口,0,0,1,1,F01,8,1,5,0,4,2,1,5,4,5,7,1,1,1,4,5,2,16,1,24,2,7,1,1,7,5,8,20,1,16,,8,8,1,22,9,121.6158136,25.04879127
111,7,10,16,0,2,11南港區,南港區大坑街與研究院路2段口,0,0,1,2,C03,8,1,5,0,4,2,1,5,4,5,7,1,1,1,4,5,2,16,1,20,3,10,1,1,7,9,1,10,1,12,,44,8,1,22,9,121.6158136,25.04879127
111,7,10,16,30,2,07信義區,信義區信義路5段與松仁路口,0,0,1,1,C03,8,1,5,50,4,2,1,5,4,5,7,1,1,1,4,5,2,17,1,23,2,8,3,4,7,5,1,10,1,14,,8,8,1,22,9,121.5681919,25.0328098
111,7,10,16,30,2,07信義區,信義區信義路5段與松仁路口,0,0,1,2,B03,8,1,5,50,4,2,1,5,4,5,7,1,1,1,4,5,2,17,1,40,3,10,3,4,7,9,1,8,1,5,,44,8,1,22,9,121.5681919,25.0328098
111,7,10,16,31,2,01大同區,大同區環河北路1段往北玉泉公園旁,0,0,1,1,B03,8,1,5,50,14,9,1,5,4,5,7,4,4,5,4,5,2,17,1,36,3,10,1,1,7,6,1,8,1,6,,9,9,1,22,9,121.5066449,25.04998229
111,7,10,16,31,2,01大同區,大同區環河北路1段往北玉泉公園旁,0,0,1,2,C03,8,1,5,50,14,9,1,5,4,5,7,4,4,5,4,5,2,17,1,45,2,8,1,1,7,9,1,10,1,14,,44,9,1,22,9,121.5066449,25.04998229
111,7,10,16,51,2,08士林區,士林區劍潭路與華齡街口,0,0,1,1,B01,8,1,5,50,4,2,1,5,4,5,7,4,4,5,5,5,2,16,1,59,3,10,1,1,7,5,1,4,1,8,,6,6,1,22,9,121.5195741,25.08217518
111,7,10,16,51,2,08士林區,士林區劍潭路與華齡街口,0,0,1,2,C03,8,1,5,50,4,2,1,5,4,5,7,4,4,5,5,5,2,16,2,34,2,9,1,1,7,9,1,10,1,14,,44,6,1,22,9,121.5195741,25.08217518
111,7,10,17,4,2,03中山區,中山區建國北路1段與建國北路1段78巷口,0,0,1,1,B02,8,1,5,50,3,1,1,5,4,5,7,4,4,1,4,5,2,12,2,27,3,10,1,1,7,6,1,8,1,5,,9,9,1,22,9,121.5365097,25.04929225
111,7,10,17,4,2,03中山區,中山區建國北路1段與建國北路1段78巷口,0,0,1,2,C03,8,1,5,50,3,1,1,5,4,5,7,4,4,1,4,5,2,12,1,29,2,9,1,1,7,9,1,10,1,14,,14,9,1,22,9,121.5365097,25.04929225
111,7,10,17,6,2,02萬華區,萬華區萬大路215號,0,0,1,1,C03,6,1,5,30,15,9,2,4,4,5,7,4,4,10,5,5,2,18,1,67,2,9,1,1,7,12,1,10,1,14,,13,13,1,22,9,121.5005387,25.02678568
111,7,10,17,6,2,02萬華區,萬華區萬大路215號,0,0,1,2,,6,1,5,30,15,9,2,4,4,5,7,4,4,10,5,5,2,18,3,,,,,,,,,,,,,67,13,1,,,121.5005387,25.02678568
111,7,10,17,6,2,02萬華區,萬華區萬大路215號,0,0,1,3,B12,6,1,5,30,15,9,2,4,4,5,7,4,4,10,5,5,2,18,1,46,3,10,1,1,7,6,1,8,1,15,,9,13,1,22,9,121.5005387,25.02678568
111,7,10,17,45,2,12內湖區,內湖區潭美街與新明路298巷口,0,0,3,1,C03,8,1,5,40,3,1,1,5,4,5,7,1,1,1,5,5,2,13,1,35,2,9,1,1,7,9,1,10,1,11,,16,16,1,22,9,121.5826581,25.05398129
111,7,10,17,45,2,12內湖區,內湖區潭美街與新明路298巷口,0,0,3,2,C03,8,1,5,40,3,1,1,5,4,5,7,1,1,1,5,5,2,13,1,31,2,9,1,1,7,14,1,10,1,13,,44,16,1,22,9,121.5826581,25.05398129
111,7,10,17,45,2,12內湖區,內湖區潭美街與新明路298巷口,0,0,3,3,H02,8,1,5,40,3,1,1,5,4,5,7,1,1,1,5,5,2,13,1,46,2,9,1,5,7,21,8,20,10,16,,67,16,1,22,9,121.5826581,25.05398129
111,7,10,17,50,2,02萬華區,萬華區西園路2段與東園街口,0,0,1,1,B03,8,1,5,50,4,1,1,5,4,5,7,1,1,1,4,4,2,17,1,27,3,10,1,1,7,11,1,8,9,15,,10,10,2,22,9,121.4950871,25.02814397
111,7,10,17,50,2,02萬華區,萬華區西園路2段與東園街口,0,0,1,2,C03,8,1,5,50,4,1,1,5,4,5,7,1,1,1,4,4,2,17,1,37,2,9,1,1,7,9,1,10,1,12,,44,10,1,22,9,121.4950871,25.02814397
111,7,10,17,50,2,05中正區,中正區延平南路與武昌街1段口,0,0,1,1,B03,8,1,5,50,4,2,1,5,4,5,7,4,4,10,4,5,2,3,1,57,3,10,1,1,7,2,1,8,2,7,,12,12,1,22,9,121.5101604,25.04415756
111,7,10,17,50,2,05中正區,中正區延平南路與武昌街1段口,0,0,1,2,H01,8,1,5,50,4,2,1,5,4,5,7,4,4,10,4,5,2,3,2,60,2,9,4,5,8,16,8,20,10,16,,51,12,1,22,9,121.5101604,25.04415756
111,7,10,18,15,2,03中山區,中山區市民大道2段與天津街口,0,0,2,1,C03,8,2,5,40,4,4,1,5,4,5,7,2,1,1,4,5,2,13,1,27,2,8,1,4,7,9,1,10,1,11,,16,16,1,22,9,121.5225618,25.0480116
111,7,10,18,15,2,03中山區,中山區市民大道2段與天津街口,0,0,2,2,C03,8,2,5,40,4,4,1,5,4,5,7,2,1,1,4,5,2,13,2,35,2,7,1,4,7,14,1,10,1,12,,44,16,1,22,9,121.5225618,25.0480116
111,7,10,18,58,2,05中正區,中正區仁愛路1段第49號停車格,0,0,1,1,C03,8,1,5,50,14,9,1,5,4,5,7,4,4,1,4,5,2,17,2,50,2,9,1,1,7,9,1,10,11,11,,23,23,1,22,9,121.5190694,25.0392596
111,7,10,18,58,2,05中正區,中正區仁愛路1段第49號停車格,0,0,1,2,B12,8,1,5,50,14,9,1,5,4,5,7,4,4,1,4,5,2,17,1,35,4,11,3,4,4,15,7,19,11,15,,44,23,2,22,9,121.5190694,25.0392596
111,7,10,19,40,2,05中正區,中正區思源街1號,0,0,2,1,C03,7,3,5,50,15,9,1,5,4,5,7,2,1,2,4,5,1,16,2,19,2,9,1,1,7,5,1,10,1,11,,16,16,1,22,9,121.5302865,25.01356505
111,7,10,19,40,2,05中正區,中正區思源街1號,0,0,2,2,C03,7,3,5,50,15,9,1,5,4,5,7,2,1,2,4,5,1,16,1,55,2,9,1,1,7,5,1,10,1,13,,44,16,1,22,9,121.5302865,25.01356505