發生年度,發生月,發生日,發生時-Hours,發生分,處理別-編號,區序,肇事地點,死亡人數,2-30日死亡人數,受傷人數,當事人序號,車種,天候,光線,道路類別,速限-速度限制,道路型態,事故位置,路面狀況1,路面狀況2,路面狀況3,道路障礙1,道路障礙2,號誌1,號誌2,車道劃分-分向,車道劃分-分道1,車道劃分-分道2,車道劃分-分道3,事故類型及型態,性別,年齡,受傷程度,主要傷處,安全帽,行動電話,車輛用途,當事者行動狀態,駕駛資格情形,駕駛執照種類,飲酒情形,車輛撞擊部位1,車輛撞擊部位2,肇因碼-個別,肇因碼-主要,個人肇逃否,職業,旅次目的,座標-X,座標-Y
111,7,10,19,40,2,05中正區,中正區思源街1號,0,0,2,3,H02,7,3,5,50,15,9,1,5,4,5,7,2,1,2,4,5,1,16,2,49,4,11,1,5,7,17,8,20,10,16,,67,16,1,22,9,121.5302865,25.01356505
111,7,10,21,35,2,01大同區,大同區延平北路2段與民生西路口,0,0,1,1,B03,7,3,5,50,4,1,1,5,4,5,7,1,1,5,2,5,2,13,1,33,3,10,1,1,7,9,1,8,1,1,,23,23,1,22,9,121.5117485,25.0569703
111,7,10,21,35,2,01大同區,大同區延平北路2段與民生西路口,0,0,1,2,C03,7,3,5,50,4,1,1,5,4,5,7,1,1,5,2,5,2,13,1,23,2,8,1,1,7,12,1,10,1,13,,44,23,1,22,9,121.5117485,25.0569703
111,7,10,21,40,2,09北投區,北投區東華街2段與致遠三路口,0,0,2,1,C03,8,3,5,50,4,1,1,5,4,5,7,1,1,7,4,5,2,12,1,45,2,9,3,4,7,5,1,10,1,11,,8,8,1,22,9,121.5081519,25.1206829
111,7,10,21,40,2,09北投區,北投區東華街2段與致遠三路口,0,0,2,2,C03,8,3,5,50,4,1,1,5,4,5,7,1,1,7,4,5,2,12,1,50,2,9,3,4,7,9,1,10,1,11,,44,8,1,22,9,121.5081519,25.1206829
111,7,10,21,54,2,02萬華區,萬華區康定路與和平西路3段口,0,0,1,1,B03,8,3,5,50,4,1,1,5,4,5,7,1,1,1,4,5,1,17,1,48,3,10,1,1,7,15,6,8,2,5,,43,43,1,22,9,121.5012145,25.03518426
111,7,10,21,54,2,02萬華區,萬華區康定路與和平西路3段口,0,0,1,2,B03,8,3,5,50,4,1,1,5,4,5,7,1,1,1,4,5,1,17,1,25,2,1,1,1,7,14,1,8,3,1,,43,43,1,22,9,121.5012145,25.03518426
111,7,10,21,54,2,02萬華區,萬華區康定路與和平西路3段口,0,0,1,3,B01,8,3,5,50,4,1,1,5,4,5,7,1,1,1,4,5,1,17,4,,4,11,3,4,7,15,7,19,11,15,,43,43,2,22,9,121.5012145,25.03518426
111,7,10,22,5,2,08士林區,士林區延平北路6段與社正路口,0,0,2,1,B01,8,3,5,50,3,1,1,5,4,5,7,4,4,5,4,5,1,16,1,66,3,10,1,1,7,5,1,4,1,1,,8,8,1,21,8,121.5088264,25.08798298
111,7,10,22,5,2,08士林區,士林區延平北路6段與社正路口,0,0,2,2,C03,8,3,5,50,3,1,1,5,4,5,7,4,4,5,4,5,1,16,2,28,2,9,1,1,7,9,1,10,1,12,,44,8,1,21,8,121.5088264,25.08798298
111,7,10,22,5,2,08士林區,士林區延平北路6段與社正路口,0,0,2,3,H02,8,3,5,50,3,1,1,5,4,5,7,4,4,5,4,5,1,16,1,32,2,8,1,1,7,17,8,20,10,16,,67,8,1,21,8,121.5088264,25.08798298
111,7,10,22,30,2,12內湖區,內湖區內湖路1段與堤頂大道2段口,0,0,1,1,B03,8,3,5,50,4,1,1,5,4,5,7,1,1,1,4,5,2,17,1,35,4,11,3,4,7,15,1,3,11,15,,23,23,2,22,9,121.5607015,25.08468509
111,7,10,22,30,2,12內湖區,內湖區內湖路1段與堤頂大道2段口,0,0,1,2,C03,8,3,5,50,4,1,1,5,4,5,7,1,1,1,4,5,2,17,1,34,2,9,1,1,7,15,1,10,1,15,,44,23,1,22,9,121.5607015,25.08468509
111,7,10,22,39,2,03中山區,中山區北安路567號,0,0,1,1,B03,8,3,5,0,14,9,1,5,4,5,7,1,1,1,3,5,1,13,1,35,4,11,3,4,7,15,7,19,11,15,,23,23,2,22,9,121.5482204,25.08063696
111,7,10,22,39,2,03中山區,中山區北安路567號,0,0,1,2,C03,8,3,5,0,14,9,1,5,4,5,7,1,1,1,3,5,1,13,1,30,2,8,1,1,7,14,1,10,1,13,,44,23,1,22,9,121.5482204,25.08063696
111,7,10,22,49,2,04大安區,大安區市民大道3段與建國南路1段口,0,0,2,1,C03,7,3,5,40,4,2,1,5,4,5,7,1,1,1,4,4,2,17,1,30,3,10,1,1,7,6,1,10,1,13,,9,9,1,22,9,121.5363779,25.0446405
111,7,10,22,49,2,04大安區,大安區市民大道3段與建國南路1段口,0,0,2,2,C03,7,3,5,40,4,2,1,5,4,5,7,1,1,1,4,4,2,17,2,21,2,9,1,1,7,11,1,10,1,11,,44,9,1,22,9,121.5363779,25.0446405
111,7,10,22,49,2,04大安區,大安區市民大道3段與建國南路1段口,0,0,2,3,C03,7,3,5,40,4,2,1,5,4,5,7,1,1,1,4,4,2,17,2,20,2,9,1,1,7,9,1,10,1,11,,44,9,1,22,9,121.5363779,25.0446405
111,7,10,22,50,2,12內湖區,內湖區康寧路3段與五分街口,0,0,1,1,C03,8,3,5,50,3,2,1,5,4,5,7,2,1,1,4,5,1,13,1,21,2,9,1,1,7,9,1,10,1,11,,23,23,1,22,9,121.6117218,25.06776164
111,7,10,22,50,2,12內湖區,內湖區康寧路3段與五分街口,0,0,1,2,C03,8,3,5,50,3,2,1,5,4,5,7,2,1,1,4,5,1,13,1,31,3,10,1,1,7,9,6,18,1,13,,44,23,1,22,9,121.6117218,25.06776164
111,7,10,23,27,2,09北投區,北投區行義路與泉源路口,0,0,1,1,C03,8,3,5,40,14,9,1,5,4,5,7,4,4,5,5,5,1,18,1,22,2,9,1,1,7,9,1,10,1,14,,13,13,1,22,9,121.5268751,25.1437774
111,7,10,23,27,2,09北投區,北投區行義路與泉源路口,0,0,1,2,,8,3,5,40,14,9,1,5,4,5,7,4,4,5,5,5,1,18,3,,,,,,,,,,,,,66,13,1,,,121.5268751,25.1437774
111,7,11,2,20,2,11南港區,南港區忠孝東路6段298號,0,0,1,1,C03,8,3,5,50,14,8,1,5,4,5,7,4,4,1,4,4,2,12,1,19,2,9,3,4,7,9,1,10,2,12,,23,23,2,22,9,121.58981,25.04940282
111,7,11,2,20,2,11南港區,南港區忠孝東路6段298號,0,0,1,2,B03,8,3,5,50,14,8,1,5,4,5,7,4,4,1,4,4,2,12,1,49,3,10,3,4,7,15,1,8,2,4,,38,23,1,22,9,121.58981,25.04940282
111,7,11,6,34,2,03中山區,中山區民權東路1段與林森北路口,0,0,1,1,B03,8,1,5,50,4,2,1,5,4,5,7,1,1,5,4,5,1,17,1,30,3,10,1,1,7,6,1,8,1,5,,9,9,1,22,9,121.5256034,25.06290547
111,7,11,6,34,2,03中山區,中山區民權東路1段與林森北路口,0,0,1,2,C03,8,1,5,50,4,2,1,5,4,5,7,1,1,5,4,5,1,17,2,27,2,9,1,1,7,9,1,10,1,14,,13,9,1,22,9,121.5256034,25.06290547
111,7,11,6,44,2,11南港區,南港區南湖大橋與三重路口,0,0,1,1,C03,8,1,5,50,5,1,1,5,4,5,7,2,1,1,3,5,2,12,2,59,2,9,3,4,7,8,1,10,2,12,,7,7,1,22,9,121.6141412,25.0605113
111,7,11,6,44,2,11南港區,南港區南湖大橋與三重路口,0,0,1,2,B03,8,1,5,50,5,1,1,5,4,5,7,2,1,1,3,5,2,12,1,38,3,10,3,4,7,6,1,8,2,4,,44,7,1,22,9,121.6141412,25.0605113
111,7,11,8,10,2,08士林區,士林區中山北路5段647號,0,0,1,1,B11,8,1,5,50,14,9,1,5,4,5,7,4,4,4,3,5,1,12,1,42,3,10,1,1,7,14,1,8,1,15,,40,40,1,22,9,121.5273216,25.09742052
111,7,11,8,10,2,08士林區,士林區中山北路5段647號,0,0,1,2,F01,8,1,5,50,14,9,1,5,4,5,7,4,4,4,3,5,1,12,1,59,2,9,1,1,7,9,8,20,1,16,,44,40,1,22,9,121.5273216,25.09742052
111,7,11,8,17,2,12內湖區,內湖區康寧路1段207號,0,0,1,1,B03,8,1,5,40,14,9,4,5,4,5,7,4,4,9,5,5,2,16,1,72,3,10,1,1,7,1,1,8,1,5,,19,19,1,22,9,121.5976316,25.07859495
111,7,11,8,17,2,12內湖區,內湖區康寧路1段207號,0,0,1,2,C03,8,1,5,40,14,9,4,5,4,5,7,4,4,9,5,5,2,16,2,52,2,9,1,1,7,9,1,10,1,11,,44,19,1,22,9,121.5976316,25.07859495
111,7,11,8,22,2,06松山區,松山區敦化北路3號台北田徑場出入口,0,0,1,3,B03,8,1,5,50,14,8,1,5,4,5,7,4,4,9,4,4,2,13,2,56,3,10,3,1,7,8,1,8,1,15,,7,16,1,22,9,121.5491686,25.04960991
111,7,11,8,22,2,06松山區,松山區敦化北路3號台北田徑場出入口,0,0,1,1,C03,8,1,5,50,14,8,1,5,4,5,7,4,4,9,4,4,2,13,1,36,2,9,1,1,7,9,1,10,1,11,,16,16,1,22,9,121.5491686,25.04960991
111,7,11,8,22,2,06松山區,松山區敦化北路3號台北田徑場出入口,0,0,1,2,B03,8,1,5,50,14,8,1,5,4,5,7,4,4,9,4,4,2,13,1,50,3,10,1,1,7,9,1,8,1,3,,44,16,1,22,9,121.5491686,25.04960991
111,7,11,8,22,2,07信義區,信義區林口街6號,0,0,1,1,C03,8,1,6,40,15,13,1,5,4,5,7,4,4,5,4,4,2,17,2,46,4,11,3,4,7,15,7,19,11,15,,4,4,2,22,9,121.57918,25.03668848
111,7,11,8,22,2,07信義區,信義區林口街6號,0,0,1,2,C03,8,1,6,40,15,13,1,5,4,5,7,4,4,5,4,4,2,17,2,47,2,9,1,1,7,9,1,10,9,11,,44,4,1,22,9,121.57918,25.03668848
111,7,11,8,23,2,11南港區,南港區松河街370號,0,0,1,1,C03,8,1,5,40,14,9,1,5,4,5,7,4,4,8,3,5,2,13,1,21,2,7,3,4,7,9,1,10,1,11,,16,16,1,22,9,121.5874616,25.0543433
111,7,11,8,23,2,11南港區,南港區松河街370號,0,0,1,2,B03,8,1,5,40,14,9,1,5,4,5,7,4,4,8,3,5,2,13,1,45,3,10,3,4,7,15,1,8,1,3,,44,16,1,22,9,121.5874616,25.0543433
111,7,11,8,31,2,02萬華區,萬華區康定路與環河南路1段口,0,0,1,1,B03,8,1,5,50,3,1,1,5,4,5,7,1,1,5,4,5,2,16,1,40,3,10,1,1,7,5,1,8,2,2,,6,6,1,22,9,121.5033476,25.04614963
111,7,11,8,31,2,02萬華區,萬華區康定路與環河南路1段口,0,0,1,2,C03,8,1,5,50,3,1,1,5,4,5,7,1,1,5,4,5,2,16,2,21,2,9,1,1,7,9,1,10,2,11,,23,6,1,22,9,121.5033476,25.04614963
111,7,11,8,37,2,02萬華區,萬華區堤外便道近華中橋,0,0,1,1,B12,8,1,5,0,14,9,1,5,4,5,7,4,4,5,4,5,1,12,4,,4,11,3,4,7,15,7,19,11,15,,43,43,2,22,9,121.4882015,25.03064712
111,7,11,8,37,2,02萬華區,萬華區堤外便道近華中橋,0,0,1,2,C03,8,1,5,0,14,9,1,5,4,5,7,4,4,5,4,5,1,12,1,86,2,9,1,1,7,9,6,10,11,12,,43,43,1,22,9,121.4882015,25.03064712
111,7,11,8,38,2,06松山區,松山區民權東路4段100號,0,0,2,1,C03,8,1,5,50,14,9,1,5,4,5,7,3,1,1,4,5,2,13,2,24,2,8,1,1,7,9,1,10,1,11,,23,23,1,22,9,121.5563297,25.06195948
111,7,11,8,38,2,06松山區,松山區民權東路4段100號,0,0,2,2,C03,8,1,5,50,14,9,1,5,4,5,7,3,1,1,4,5,2,13,1,48,3,10,1,1,7,8,1,10,1,13,,7,23,1,22,9,121.5563297,25.06195948
111,7,11,8,38,2,06松山區,松山區民權東路4段100號,0,0,2,3,C03,8,1,5,50,14,9,1,5,4,5,7,3,1,1,4,5,2,13,1,43,2,8,1,1,7,14,1,10,1,15,,44,23,1,22,9,121.5563297,25.06195948
111,7,11,8,40,2,03中山區,中山區民權東路2段115號,0,0,2,2,C03,8,1,5,50,14,9,1,5,4,5,7,4,4,1,4,5,2,13,2,25,2,9,1,1,7,9,1,10,1,12,,44,7,1,22,9,121.5343845,25.0626587
111,7,11,8,40,2,03中山區,中山區民權東路2段115號,0,0,2,3,C03,8,1,5,50,14,9,1,5,4,5,7,4,4,1,4,5,2,13,2,26,2,9,1,1,7,9,1,10,1,11,,44,7,1,22,9,121.5343845,25.0626587
111,7,11,8,40,2,03中山區,中山區民權東路2段115號,0,0,2,1,C03,8,1,5,50,14,9,1,5,4,5,7,4,4,1,4,5,2,13,1,36,3,10,1,1,7,8,1,10,1,14,,7,7,1,22,9,121.5343845,25.0626587
111,7,11,8,59,2,12內湖區,內湖區舊宗路2段181巷與舊宗路2段口,0,0,1,1,C03,8,1,5,50,3,2,1,5,4,5,7,4,4,1,4,5,2,17,1,49,2,8,1,1,7,12,1,10,9,13,,43,43,1,22,9,121.5745694,25.07160428
111,7,11,8,59,2,12內湖區,內湖區舊宗路2段181巷與舊宗路2段口,0,0,1,2,B03,8,1,5,50,3,2,1,5,4,5,7,4,4,1,4,5,2,17,1,39,3,10,1,1,7,14,1,8,1,4,,44,43,1,22,9,121.5745694,25.07160428
111,7,11,8,59,2,12內湖區,內湖區舊宗路2段181巷與舊宗路2段口,0,0,1,3,C03,8,1,5,50,3,2,1,5,4,5,7,4,4,1,4,5,2,17,4,,4,11,3,4,7,15,7,19,11,15,,43,43,2,22,9,121.5745694,25.07160428
111,7,11,9,15,2,03中山區,中山區林森北路與新生北路3段82巷口,0,0,1,1,B01,8,1,5,50,4,2,1,5,4,5,7,4,4,9,5,5,2,16,1,65,3,10,3,4,7,2,1,4,1,3,,12,12,1,22,9,121.5257482,25.06709865
111,7,11,9,15,2,03中山區,中山區林森北路與新生北路3段82巷口,0,0,1,2,C03,8,1,5,50,4,2,1,5,4,5,7,4,4,9,5,5,2,16,2,43,2,9,1,1,7,5,1,10,1,14,,44,12,1,22,9,121.5257482,25.06709865
111,7,11,9,26,2,03中山區,中山區民生東路2段與松江路口,0,0,2,1,C03,8,1,5,50,4,1,1,5,4,5,7,2,1,1,3,5,2,12,1,67,2,9,3,4,7,7,1,10,2,14,,7,7,1,22,9,121.5327937,25.0580367
111,7,11,9,26,2,03中山區,中山區民生東路2段與松江路口,0,0,2,2,C03,8,1,5,50,4,1,1,5,4,5,7,2,1,1,3,5,2,12,1,38,2,9,3,4,7,9,1,10,2,12,,44,7,1,22,9,121.5327937,25.0580367
111,7,11,9,32,2,08士林區,士林區雙溪街16號,0,0,2,2,C03,8,1,5,50,14,9,1,5,4,5,7,4,4,10,5,5,1,12,2,20,2,9,1,1,7,9,1,10,1,11,,44,8,1,22,9,121.5308443,25.10070807
111,7,11,9,32,2,08士林區,士林區雙溪街16號,0,0,2,1,F01,8,1,5,50,14,9,1,5,4,5,7,4,4,10,5,5,1,12,2,45,2,9,1,1,7,5,8,20,1,16,,8,8,1,22,9,121.5308443,25.10070807
111,7,11,9,32,2,08士林區,士林區雙溪街16號,0,0,2,3,C03,8,1,5,50,14,9,1,5,4,5,7,4,4,10,5,5,1,12,1,54,3,10,3,4,7,13,7,19,11,15,,44,8,1,22,9,121.5308443,25.10070807
111,7,11,9,32,2,08士林區,士林區雙溪街16號,0,0,2,4,B03,8,1,5,50,14,9,1,5,4,5,7,4,4,10,5,5,1,12,1,38,4,11,3,4,7,13,7,19,11,15,,44,8,1,22,9,121.5308443,25.10070807
111,7,11,9,45,2,06松山區,松山區南京東路5段355號,0,0,1,1,A02,8,1,5,50,14,9,1,5,4,5,7,4,4,9,4,5,2,17,1,54,3,10,1,1,7,9,1,2,2,2,,44,44,1,22,9,121.5679287,25.05145224
111,7,11,9,45,2,06松山區,松山區南京東路5段355號,0,0,1,2,C03,8,1,5,50,14,9,1,5,4,5,7,4,4,9,4,5,2,17,1,64,2,9,1,1,7,7,1,10,2,14,,7,44,1,22,9,121.5679287,25.05145224
111,7,11,9,45,2,06松山區,松山區南京東路5段355號,0,0,1,3,B01,8,1,5,50,14,9,1,5,4,5,7,4,4,9,4,5,2,17,1,69,3,10,1,1,7,9,1,4,2,4,,44,44,1,22,9,121.5679287,25.05145224
111,7,11,9,48,2,07信義區,信義區松山路409號,0,0,1,1,A02,8,1,5,50,14,9,1,5,4,5,7,4,4,1,4,5,2,17,1,34,3,10,3,4,7,9,1,2,2,2,,23,23,1,22,9,121.5779007,25.0413548
111,7,11,9,48,2,07信義區,信義區松山路409號,0,0,1,2,C04,8,1,5,50,14,9,1,5,4,5,7,4,4,1,4,5,2,17,2,64,2,9,3,4,7,7,1,8,9,14,,7,23,1,22,9,121.5779007,25.0413548
111,7,11,9,48,2,07信義區,信義區松山路409號,0,0,1,3,C03,8,1,5,50,14,9,1,5,4,5,7,4,4,1,4,5,2,17,1,59,4,11,3,4,7,13,7,19,9,15,,44,23,2,22,9,121.5779007,25.0413548
111,7,11,9,50,2,03中山區,中山區中山北路2段與民權西路口,0,0,1,1,B01,8,1,5,50,4,1,1,5,4,5,7,2,1,1,4,5,2,13,1,61,3,10,3,4,7,9,1,4,1,5,,23,23,1,22,9,121.5225319,25.06270085
111,7,11,9,50,2,03中山區,中山區中山北路2段與民權西路口,0,0,1,2,C03,8,1,5,50,4,1,1,5,4,5,7,2,1,1,4,5,2,13,2,45,2,9,3,4,7,9,1,10,1,13,,44,23,1,22,9,121.5225319,25.06270085
111,7,11,9,51,2,08士林區,士林區承德路4段與大南路口,0,0,1,1,B12,8,1,5,50,3,2,1,5,4,5,7,1,1,9,4,5,2,16,1,33,3,10,1,1,7,6,1,8,1,2,,9,9,1,22,9,121.5165163,25.09058741
111,7,11,9,51,2,08士林區,士林區承德路4段與大南路口,0,0,1,2,F01,8,1,5,50,3,2,1,5,4,5,7,1,1,9,4,5,2,16,1,15,2,9,1,1,7,6,8,20,1,16,,44,9,1,22,9,121.5165163,25.09058741
111,7,11,10,0,2,08士林區,士林區文林路740巷與文林路740巷9弄口,0,0,2,1,C03,8,1,5,30,4,1,1,5,4,5,7,4,4,10,5,5,1,16,2,55,2,9,1,1,7,9,1,10,1,12,,6,6,1,22,9,121.5208501,25.10322784
111,7,11,10,0,2,08士林區,士林區文林路740巷與文林路740巷9弄口,0,0,2,2,C03,8,1,5,30,4,1,1,5,4,5,7,4,4,10,5,5,1,16,2,36,2,9,1,1,7,9,1,10,1,11,,23,6,1,22,9,121.5208501,25.10322784
111,7,11,10,1,2,04大安區,大安區光復南路420巷1弄與光復南路420巷口,0,0,1,1,C03,8,1,5,30,4,1,1,5,4,5,7,4,4,10,5,5,2,15,1,35,2,8,1,1,7,9,1,10,1,11,,6,6,1,22,9,121.55689,25.036475
111,7,11,10,1,2,04大安區,大安區光復南路420巷1弄與光復南路420巷口,0,0,1,2,C03,8,1,5,30,4,1,1,5,4,5,7,4,4,10,5,5,2,15,1,27,3,10,1,1,7,9,1,10,1,14,,23,6,1,22,9,121.55689,25.036475
111,7,11,10,25,2,07信義區,信義區吳興街220巷84號,0,0,1,1,B03,8,1,5,50,14,8,1,5,4,5,7,4,4,9,4,4,2,11,1,21,3,10,1,1,7,5,3,18,2,8,,8,8,1,22,9,121.560381,25.0259057
111,7,11,10,25,2,07信義區,信義區吳興街220巷84號,0,0,1,2,C03,8,1,5,50,14,8,1,5,4,5,7,4,4,9,4,4,2,11,1,64,2,9,1,1,7,9,1,10,2,11,,44,8,1,22,9,121.560381,25.0259057
111,7,11,10,44,2,09北投區,北投區中和街與復興四路口,0,0,1,1,C03,8,1,5,50,4,1,1,5,4,5,7,2,1,5,5,5,1,13,2,82,2,9,1,1,7,9,3,18,1,11,,23,23,1,22,9,121.4994471,25.14126999
111,7,11,10,44,2,09北投區,北投區中和街與復興四路口,0,0,1,2,B03,8,1,5,50,4,1,1,5,4,5,7,2,1,5,5,5,1,13,1,60,3,10,1,1,7,6,1,8,1,7,,44,23,1,22,9,121.4994471,25.14126999
111,7,11,10,53,2,05中正區,中正區汀州路2段279號,0,0,1,1,B03,8,1,5,50,14,9,1,5,4,5,7,4,4,9,4,5,2,17,1,23,3,10,2,1,7,6,1,8,2,6,,9,9,1,22,9,121.5241191,25.02214973
111,7,11,10,53,2,05中正區,中正區汀州路2段279號,0,0,1,2,C03,8,1,5,50,14,9,1,5,4,5,7,4,4,9,4,5,2,17,1,81,2,9,1,1,7,9,1,10,2,14,,44,9,1,22,9,121.5241191,25.02214973
111,7,11,11,2,2,09北投區,北投區中央北路2段與中央北路2段257巷口,0,0,1,1,C03,8,1,5,50,4,1,1,5,4,5,7,1,1,10,5,5,1,11,1,64,2,1,1,1,7,9,1,10,1,14,,25,25,1,22,9,121.4910877,25.13850095
111,7,11,11,2,2,09北投區,北投區中央北路2段與中央北路2段257巷口,0,0,1,2,B03,8,1,5,50,4,1,1,5,4,5,7,1,1,10,5,5,1,11,1,27,3,10,1,1,7,9,1,8,1,4,,44,25,1,22,9,121.4910877,25.13850095
111,7,11,11,19,2,07信義區,信義區忠孝東路5段729號,0,0,2,1,C03,8,1,5,50,14,9,1,5,4,5,7,4,4,1,4,5,1,17,2,22,2,9,3,4,7,9,1,10,1,11,,17,17,1,22,9,121.58086,25.04297785
111,7,11,11,19,2,07信義區,信義區忠孝東路5段729號,0,0,2,2,B03,8,1,5,50,14,9,1,5,4,5,7,4,4,1,4,5,1,17,1,47,4,11,3,4,7,13,7,19,11,15,,44,17,2,22,9,121.58086,25.04297785
111,7,11,11,19,2,07信義區,信義區忠孝東路5段729號,0,0,2,3,H02,8,1,5,50,14,9,1,5,4,5,7,4,4,1,4,5,1,17,2,21,2,9,3,5,7,20,8,20,10,16,,67,17,1,22,9,121.58086,25.04297785
111,7,11,11,27,2,07信義區,信義區林口街114巷3號,0,0,1,1,C03,8,1,5,50,14,9,1,5,4,5,7,4,4,9,5,5,2,16,1,33,3,10,1,1,7,5,1,10,1,14,,8,8,1,22,9,121.580377,25.03960243
111,7,11,11,27,2,07信義區,信義區林口街114巷3號,0,0,1,2,C03,8,1,5,50,14,9,1,5,4,5,7,4,4,9,5,5,2,16,1,26,2,9,1,1,7,9,1,10,1,12,,44,8,1,22,9,121.580377,25.03960243
111,7,11,11,27,2,07信義區,信義區林口街114巷3號,0,0,1,3,C03,8,1,5,50,14,9,1,5,4,5,7,4,4,9,5,5,2,16,1,62,3,10,1,1,7,13,1,10,1,14,,44,8,1,22,9,121.580377,25.03960243
111,7,11,11,43,2,08士林區,士林區至善路3段與至善路3段口11號,0,0,1,1,B03,8,1,5,50,3,2,1,5,4,5,7,4,4,4,5,5,1,16,1,44,3,10,1,1,7,11,1,8,2,4,,10,10,1,22,9,121.5627745,25.11229426
111,7,11,11,43,2,08士林區,士林區至善路3段與至善路3段口11號,0,0,1,2,C03,8,1,5,50,3,2,1,5,4,5,7,4,4,4,5,5,1,16,1,53,2,9,1,1,7,9,1,10,2,11,,14,10,1,22,9,121.5627745,25.11229426
111,7,11,11,50,2,04大安區,大安區建國南路2段P22L柱,0,0,2,1,C03,8,1,5,50,14,9,1,5,4,5,7,2,1,1,4,5,2,17,2,47,2,9,1,1,7,8,1,10,1,12,,7,7,1,22,9,121.5375224,25.03075482
111,7,11,11,50,2,04大安區,大安區建國南路2段P22L柱,0,0,2,2,C03,8,1,5,50,14,9,1,5,4,5,7,2,1,1,4,5,2,17,1,36,2,9,1,1,7,9,1,10,1,11,,44,7,1,22,9,121.5375224,25.03075482
111,7,11,11,50,2,10文山區,文山區木柵路4段與秀明路1段口,0,0,2,1,B03,8,1,5,50,4,1,1,5,4,5,7,2,1,5,2,5,2,17,1,46,3,10,3,4,7,5,1,8,2,6,,6,6,1,22,9,121.5702654,24.99258671
111,7,11,11,50,2,10文山區,文山區木柵路4段與秀明路1段口,0,0,2,2,C03,8,1,5,50,4,1,1,5,4,5,7,2,1,5,2,5,2,17,1,18,2,9,1,4,7,9,1,10,2,11,,42,6,1,22,9,121.5702654,24.99258671
111,7,11,11,50,2,10文山區,文山區木柵路4段與秀明路1段口,0,0,2,3,H02,8,1,5,50,4,1,1,5,4,5,7,2,1,5,2,5,2,17,1,17,2,9,1,5,7,20,8,20,10,16,,67,6,1,22,9,121.5702654,24.99258671
111,7,11,11,55,2,07信義區,信義區虎林街164巷3號,0,0,2,1,C03,8,1,5,30,14,9,1,5,4,5,7,4,4,10,5,5,1,3,1,52,2,9,3,4,7,9,1,10,1,11,,23,23,1,22,9,121.5762837,25.0391539
111,7,11,11,55,2,07信義區,信義區虎林街164巷3號,0,0,2,2,H01,8,1,5,30,14,9,1,5,4,5,7,4,4,10,5,5,1,3,1,26,2,7,4,5,8,16,8,20,10,16,,53,23,1,22,9,121.5762837,25.0391539
111,7,11,11,57,2,02萬華區,萬華區環河南路1段25巷4號,0,0,1,1,C03,8,1,5,50,14,9,1,5,4,5,7,4,4,8,3,5,1,13,2,53,2,3,1,1,7,9,1,10,1,11,,16,16,1,22,9,121.5037589,25.04658727
111,7,11,11,57,2,02萬華區,萬華區環河南路1段25巷4號,0,0,1,2,B03,8,1,5,50,14,9,1,5,4,5,7,4,4,8,3,5,1,13,1,38,3,10,1,3,7,15,1,8,1,3,,44,16,1,22,9,121.5037589,25.04658727
111,7,11,12,47,2,01大同區,大同區民權西路136號,0,0,1,1,B03,8,1,5,40,4,2,1,5,4,5,7,2,1,1,4,5,2,16,2,52,3,10,3,4,7,8,1,8,2,5,,7,7,1,22,9,121.5160296,25.0626752
111,7,11,12,47,2,01大同區,大同區民權西路136號,0,0,1,2,C03,8,1,5,40,4,2,1,5,4,5,7,2,1,1,4,5,2,16,1,20,2,9,3,4,7,9,1,10,2,11,,44,7,1,22,9,121.5160296,25.0626752
111,7,11,12,53,2,06松山區,松山區市民大道4段183號,0,0,2,1,B03,8,1,5,30,14,9,1,5,4,5,7,4,4,1,4,5,2,13,2,49,3,10,3,4,7,6,1,8,2,15,,6,6,1,22,9,121.5519212,25.04464461
111,7,11,12,53,2,06松山區,松山區市民大道4段183號,0,0,2,2,C03,8,1,5,30,14,9,1,5,4,5,7,4,4,1,4,5,2,13,2,41,2,8,3,4,7,9,1,10,2,11,,44,6,1,22,9,121.5519212,25.04464461
111,7,11,12,53,2,06松山區,松山區市民大道4段183號,0,0,2,3,C03,8,1,5,30,14,9,1,5,4,5,7,4,4,1,4,5,2,13,1,28,2,8,3,4,7,7,1,9,2,13,,7,6,1,22,9,121.5519212,25.04464461
111,7,11,12,55,2,02萬華區,萬華區內江街86號,0,0,2,1,C03,8,1,5,50,14,9,1,5,4,5,7,4,4,10,4,5,2,16,1,65,2,9,1,4,7,5,1,10,1,14,,8,8,1,22,9,121.503849,25.04168379
111,7,11,12,55,2,02萬華區,萬華區內江街86號,0,0,2,2,C03,8,1,5,50,14,9,1,5,4,5,7,4,4,10,4,5,2,16,2,43,2,9,1,4,7,9,1,10,1,12,,44,8,1,22,9,121.503849,25.04168379
111,7,11,13,10,2,03中山區,中山區北安路139號忠烈祠對面,0,0,1,2,C03,8,1,5,30,16,9,1,5,4,5,7,4,4,1,4,5,2,17,1,21,2,9,1,1,7,9,1,9,1,12,,43,43,1,22,9,121.5331146,25.07790882
111,7,11,13,10,2,03中山區,中山區北安路139號忠烈祠對面,0,0,1,1,B03,8,1,5,30,16,9,1,5,4,5,7,4,4,1,4,5,2,17,1,55,4,11,3,4,7,15,7,19,11,15,,43,43,2,22,9,121.5331146,25.07790882