發生年度,發生月,發生日,發生時-Hours,發生分,處理別-編號,區序,肇事地點,死亡人數,2-30日死亡人數,受傷人數,當事人序號,車種,天候,光線,道路類別,速限-速度限制,道路型態,事故位置,路面狀況1,路面狀況2,路面狀況3,道路障礙1,道路障礙2,號誌1,號誌2,車道劃分-分向,車道劃分-分道1,車道劃分-分道2,車道劃分-分道3,事故類型及型態,性別,年齡,受傷程度,主要傷處,安全帽,行動電話,車輛用途,當事者行動狀態,駕駛資格情形,駕駛執照種類,飲酒情形,車輛撞擊部位1,車輛撞擊部位2,肇因碼-個別,肇因碼-主要,個人肇逃否,職業,旅次目的,座標-X,座標-Y
111,7,11,13,11,2,03中山區,中山區市民大道2段(東往西)(長安東路一段52巷西側),0,0,2,1,C03,8,1,5,40,3,1,1,5,4,5,7,4,4,1,4,5,2,16,1,25,2,9,3,4,7,5,1,10,1,14,,8,8,1,22,9,121.5268581,25.04730391
111,7,11,13,11,2,03中山區,中山區市民大道2段(東往西)(長安東路一段52巷西側),0,0,2,2,C03,8,1,5,40,3,1,1,5,4,5,7,4,4,1,4,5,2,16,1,25,2,9,3,4,7,9,1,10,1,12,,13,8,1,22,9,121.5268581,25.04730391
111,7,11,13,25,2,09北投區,北投區承德路7段153號,0,0,2,1,C03,8,1,5,60,14,9,1,5,4,5,7,4,4,1,4,4,2,18,1,77,2,9,3,4,7,9,1,10,1,12,,42,42,1,22,9,121.5076793,25.11372012
111,7,11,13,25,2,09北投區,北投區承德路7段153號,0,0,2,2,,8,1,5,60,14,9,1,5,4,5,7,4,4,1,4,4,2,18,3,,,,,,,,,,,,,67,42,1,,,121.5076793,25.11372012
111,7,11,13,25,2,09北投區,北投區承德路7段153號,0,0,2,3,H02,8,1,5,60,14,9,1,5,4,5,7,4,4,1,4,4,2,18,2,68,2,9,3,4,7,20,8,20,10,16,,67,42,1,22,9,121.5076793,25.11372012
111,7,11,13,40,2,03中山區,中山區中山北路3段與民族東路口,0,0,1,2,A02,8,1,5,50,4,2,1,5,4,5,7,4,4,1,4,5,2,7,1,47,3,10,3,4,7,9,1,2,1,2,,23,67,1,22,9,121.5230008,25.06836722
111,7,11,13,40,2,03中山區,中山區中山北路3段與民族東路口,0,0,1,1,H01,8,1,5,50,4,2,1,5,4,5,7,4,4,1,4,5,2,7,1,56,2,1,4,5,8,16,8,20,10,16,,67,67,1,22,9,121.5230008,25.06836722
111,7,11,13,40,2,03中山區,中山區中山北路3段與民族東路口,0,0,1,3,B03,8,1,5,50,4,2,1,5,4,5,7,4,4,1,4,5,2,7,3,,,,,,,,,,10,,,67,67,1,,,121.5230008,25.06836722
111,7,11,13,50,2,09北投區,北投區中央北路3段40巷20弄6號,0,0,1,1,C03,8,1,5,30,14,9,1,5,4,5,7,4,4,10,5,5,2,17,1,52,3,10,1,1,7,1,1,10,2,12,,19,19,1,22,9,121.4857189,25.1390512
111,7,11,13,50,2,09北投區,北投區中央北路3段40巷20弄6號,0,0,1,2,C03,8,1,5,30,14,9,1,5,4,5,7,4,4,10,5,5,2,17,2,29,2,9,1,1,7,9,1,10,2,14,,23,19,1,22,9,121.4857189,25.1390512
111,7,11,14,0,2,09北投區,北投區溫泉路與溫泉路58巷口,0,0,1,1,C03,8,1,5,30,4,1,1,5,4,5,7,4,4,10,5,5,1,16,2,31,2,9,1,1,7,9,1,10,2,11,,6,6,1,22,9,121.503739,25.13409512
111,7,11,14,0,2,09北投區,北投區溫泉路與溫泉路58巷口,0,0,1,2,B03,8,1,5,30,4,1,1,5,4,5,7,4,4,10,5,5,1,16,1,59,3,10,1,1,7,9,1,7,2,8,,6,6,1,22,9,121.503739,25.13409512
111,7,11,14,10,2,12內湖區,內湖區金湖路363巷與金湖路口引道口,0,0,1,1,B01,8,1,5,30,3,1,1,5,4,5,7,4,4,10,5,5,2,17,1,55,4,11,3,4,7,15,7,19,11,15,,13,13,2,22,9,121.6024389,25.0734008
111,7,11,14,10,2,12內湖區,內湖區金湖路363巷與金湖路口引道口,0,0,1,2,C03,8,1,5,30,3,1,1,5,4,5,7,4,4,10,5,5,2,17,1,19,2,9,1,1,7,6,1,10,1,12,,44,13,1,22,9,121.6024389,25.0734008
111,7,11,14,30,2,04大安區,大安區辛亥路3段239號,0,0,2,1,C03,8,1,5,50,14,18,1,5,4,5,7,2,1,9,4,5,1,3,1,19,2,9,1,1,7,9,1,10,1,14,,15,15,1,22,9,121.551537,25.015955
111,7,11,14,30,2,04大安區,大安區辛亥路3段239號,0,0,2,2,H01,8,1,5,50,14,18,1,5,4,5,7,2,1,9,4,5,1,3,2,56,2,9,4,5,8,18,8,20,10,16,,52,15,1,22,9,121.551537,25.015955
111,7,11,14,30,2,05中正區,中正區重慶南路3段92號,0,0,1,1,B03,8,1,5,30,15,9,1,5,4,5,7,2,1,1,4,5,1,16,2,36,3,10,1,1,7,5,1,8,1,1,,8,8,1,22,9,121.516306,25.02562643
111,7,11,14,30,2,05中正區,中正區重慶南路3段92號,0,0,1,2,F01,8,1,5,30,15,9,1,5,4,5,7,2,1,1,4,5,1,16,2,75,2,9,1,1,7,9,8,20,1,16,,44,8,1,22,9,121.516306,25.02562643
111,7,11,14,30,2,10文山區,文山區秀明路2段167號對面,0,0,1,1,A02,8,3,5,50,14,9,1,5,4,5,7,4,4,5,4,5,2,9,1,57,3,10,1,1,7,12,1,2,1,15,,43,43,1,22,9,121.5768294,24.99001784
111,7,11,14,30,2,10文山區,文山區秀明路2段167號對面,0,0,1,2,H02,8,3,5,50,14,9,1,5,4,5,7,4,4,5,4,5,2,9,2,49,2,1,4,5,7,21,8,20,10,15,,67,43,1,22,9,121.5768294,24.99001784
111,7,11,14,39,2,04大安區,大安區安和路1段135巷與信義路4段265巷口,0,0,1,1,H01,8,1,5,30,11,9,1,5,4,5,7,4,4,8,3,5,1,3,2,55,3,10,4,1,8,18,8,20,1,16,,51,51,1,21,5,121.5543745,25.03411908
111,7,11,14,39,2,04大安區,大安區安和路1段135巷與信義路4段265巷口,0,0,1,2,C03,8,1,5,30,11,9,1,5,4,5,7,4,4,8,3,5,1,3,1,29,2,8,1,1,7,12,1,10,1,12,,13,51,1,5,3,121.5543745,25.03411908
111,7,11,14,45,2,12內湖區,內湖區民權東路6段46巷與行忠路口,0,0,1,1,B03,8,1,5,50,4,1,1,5,4,5,7,4,4,5,4,5,2,12,1,64,3,10,1,1,7,6,1,8,1,2,,9,9,1,22,9,121.582851,25.06740439
111,7,11,14,45,2,12內湖區,內湖區民權東路6段46巷與行忠路口,0,0,1,2,C03,8,1,5,50,4,1,1,5,4,5,7,4,4,5,4,5,2,12,1,43,2,9,1,1,7,9,1,10,1,14,,44,9,1,22,9,121.582851,25.06740439
111,7,11,14,57,2,08士林區,士林區中山北路7段14巷東和公園停車場出口,0,0,1,1,B03,8,1,5,30,14,9,1,5,4,5,7,4,4,9,5,5,2,14,1,67,3,10,1,1,7,2,1,8,1,7,,12,12,1,22,9,121.533716,25.12033161
111,7,11,14,57,2,08士林區,士林區中山北路7段14巷東和公園停車場出口,0,0,1,2,C03,8,1,5,30,14,9,1,5,4,5,7,4,4,9,5,5,2,14,1,78,2,9,1,1,7,9,3,18,1,12,,44,12,1,22,9,121.533716,25.12033161
111,7,11,15,30,2,08士林區,士林區中正路601號,0,0,1,1,B03,8,1,5,50,15,9,1,5,4,5,7,4,4,8,3,5,1,12,2,38,3,10,1,1,7,6,1,8,1,2,,9,9,1,22,9,121.5098829,25.08672023
111,7,11,15,30,2,08士林區,士林區中正路601號,0,0,1,2,C04,8,1,5,50,15,9,1,5,4,5,7,4,4,8,3,5,1,12,2,63,2,8,1,1,7,9,1,10,1,14,,16,9,1,22,9,121.5098829,25.08672023
111,7,11,15,34,2,09北投區,北投區大度路3段與關渡路口,0,0,2,3,H02,8,1,5,50,14,9,1,5,4,5,7,1,1,9,4,5,2,16,2,17,2,9,1,1,7,21,8,20,10,16,,67,6,1,22,9,121.4695232,25.12288783
111,7,11,15,34,2,09北投區,北投區大度路3段與關渡路口,0,0,2,1,B03,8,1,5,50,14,9,1,5,4,5,7,1,1,9,4,5,2,16,1,59,3,10,1,1,7,6,1,8,1,2,,6,6,1,22,9,121.4695232,25.12288783
111,7,11,15,34,2,09北投區,北投區大度路3段與關渡路口,0,0,2,2,C03,8,1,5,50,14,9,1,5,4,5,7,1,1,9,4,5,2,16,1,18,2,9,1,1,7,9,1,10,1,11,,23,6,1,22,9,121.4695232,25.12288783
111,7,11,15,50,2,07信義區,信義區松德路157號,0,0,1,1,B01,8,1,5,50,14,8,1,5,4,5,7,4,4,1,4,4,2,12,1,60,3,10,1,1,7,8,1,4,1,6,,6,6,1,22,8,121.5747571,25.03656425
111,7,11,15,50,2,07信義區,信義區松德路157號,0,0,1,2,C03,8,1,5,50,14,8,1,5,4,5,7,4,4,1,4,4,2,12,2,51,2,8,1,1,7,9,1,10,1,11,,44,6,1,22,8,121.5747571,25.03656425
111,7,11,15,56,2,11南港區,南港區市民大道8段與興中路口,0,0,3,1,C03,8,1,5,50,4,1,1,5,4,5,7,2,1,4,3,5,2,16,2,22,2,9,3,4,7,5,1,10,2,11,,6,6,1,22,9,121.6076795,25.0533369
111,7,11,15,56,2,11南港區,南港區市民大道8段與興中路口,0,0,3,2,C03,8,1,5,50,4,1,1,5,4,5,7,2,1,4,3,5,2,16,1,18,2,9,3,4,7,9,1,10,2,14,,44,6,1,22,9,121.6076795,25.0533369
111,7,11,15,56,2,11南港區,南港區市民大道8段與興中路口,0,0,3,3,H02,8,1,5,50,4,1,1,5,4,5,7,2,1,4,3,5,2,16,1,18,2,9,3,4,7,21,8,20,10,16,,67,6,1,22,9,121.6076795,25.0533369
111,7,11,16,0,2,03中山區,中山區建國北路3段與民權東路3段口東北側橋墩(P129R)前,0,0,1,1,C03,8,1,5,50,14,9,1,5,4,5,7,4,4,1,4,5,2,12,2,56,2,1,1,1,7,8,1,10,2,12,,7,7,1,22,9,121.5372511,25.06286854
111,7,11,16,0,2,03中山區,中山區建國北路3段與民權東路3段口東北側橋墩(P129R)前,0,0,1,2,A21,8,1,5,50,14,9,1,5,4,5,7,4,4,1,4,5,2,12,1,51,3,10,1,1,7,9,1,1,2,4,,44,7,1,22,9,121.5372511,25.06286854
111,7,11,16,8,2,01大同區,大同區承德路2段與承德路2段1巷口,0,0,2,1,B12,8,1,5,50,14,9,1,5,4,5,7,4,4,8,3,5,1,17,1,64,3,10,1,1,7,14,1,8,1,4,,40,40,1,22,9,121.5179972,25.05374741
111,7,11,16,8,2,01大同區,大同區承德路2段與承德路2段1巷口,0,0,2,2,C03,8,1,5,50,14,9,1,5,4,5,7,4,4,8,3,5,1,17,1,36,2,9,1,1,7,9,1,10,1,11,,44,40,1,22,9,121.5179972,25.05374741
111,7,11,16,8,2,01大同區,大同區承德路2段與承德路2段1巷口,0,0,2,3,C04,8,1,5,50,14,9,1,5,4,5,7,4,4,8,3,5,1,17,2,27,2,9,1,1,7,9,1,10,1,11,,44,40,1,22,9,121.5179972,25.05374741
111,7,11,16,28,2,01大同區,大同區民樂街33號,0,0,1,1,B03,8,1,5,50,14,9,1,5,4,5,7,4,4,9,4,5,2,12,1,68,3,10,1,1,7,1,1,8,1,4,,19,19,1,22,9,121.5109979,25.0544821
111,7,11,16,28,2,01大同區,大同區民樂街33號,0,0,1,2,C03,8,1,5,50,14,9,1,5,4,5,7,4,4,9,4,5,2,12,1,37,2,9,1,1,7,9,1,10,1,11,,44,19,1,22,9,121.5109979,25.0544821
111,7,11,16,51,2,04大安區,大安區敦化南路1段111號,0,0,1,1,C03,8,1,5,50,14,9,1,5,4,5,7,1,1,9,4,5,1,13,1,27,2,8,1,1,7,9,1,8,1,11,,16,16,1,22,9,121.5491092,25.0444983
111,7,11,16,51,2,04大安區,大安區敦化南路1段111號,0,0,1,2,B03,8,1,5,50,14,9,1,5,4,5,7,1,1,9,4,5,1,13,2,47,3,10,1,1,7,9,1,8,9,6,,44,16,1,22,9,121.5491092,25.0444983
111,7,11,17,0,2,05中正區,中正區忠孝西路1段與延平北路1段口,0,0,1,1,B03,8,1,5,50,3,2,1,5,4,5,7,1,1,3,4,5,2,17,2,26,3,10,1,1,7,8,1,8,2,15,,7,7,1,22,9,121.5116473,25.04800674
111,7,11,17,0,2,05中正區,中正區忠孝西路1段與延平北路1段口,0,0,1,2,A01,8,1,5,50,3,2,1,5,4,5,7,1,1,3,4,5,2,17,1,61,3,10,1,1,7,9,1,2,2,15,,23,7,1,22,9,121.5116473,25.04800674
111,7,11,17,0,2,05中正區,中正區忠孝西路1段與延平北路1段口,0,0,1,3,H02,8,1,5,50,3,2,1,5,4,5,7,1,1,3,4,5,2,17,1,22,2,5,2,5,7,17,8,20,10,16,,67,7,1,22,9,121.5116473,25.04800674
111,7,11,17,9,2,08士林區,士林區後港街100號,0,0,1,1,C04,8,1,5,30,14,9,1,5,4,5,7,4,4,10,5,5,1,13,1,34,2,9,3,4,7,9,1,10,1,11,,16,16,1,22,9,121.5214116,25.08584054
111,7,11,17,9,2,08士林區,士林區後港街100號,0,0,1,2,B03,8,1,5,30,14,9,1,5,4,5,7,4,4,10,5,5,1,13,1,26,3,10,3,4,7,6,1,8,1,6,,9,16,1,22,9,121.5214116,25.08584054
111,7,11,17,10,2,07信義區,信義區忠孝東路4段560號,0,0,1,1,C03,8,1,5,50,14,9,1,5,4,5,7,2,1,1,4,5,2,13,1,44,3,10,1,1,7,6,1,10,1,13,,17,17,1,22,8,121.5641433,25.0410682
111,7,11,17,10,2,07信義區,信義區忠孝東路4段560號,0,0,1,2,C03,8,1,5,50,14,9,1,5,4,5,7,2,1,1,4,5,2,13,1,20,2,8,1,1,7,9,1,10,1,11,,16,17,1,22,8,121.5641433,25.0410682
111,7,11,17,15,2,04大安區,大安區忠孝東路4段339號,0,0,2,1,C03,8,1,5,50,14,9,1,5,4,5,7,4,4,1,4,5,2,12,1,66,3,10,1,1,7,7,1,10,1,13,,7,7,1,22,9,121.5571941,25.0414431
111,7,11,17,15,2,04大安區,大安區忠孝東路4段339號,0,0,2,2,C04,8,1,5,50,14,9,1,5,4,5,7,4,4,1,4,5,2,12,2,46,2,9,1,1,7,9,1,8,1,12,,44,7,1,22,9,121.5571941,25.0414431
111,7,11,17,15,2,04大安區,大安區忠孝東路4段339號,0,0,2,3,C03,8,1,5,50,14,9,1,5,4,5,7,4,4,1,4,5,2,12,2,25,2,9,1,1,7,9,1,10,1,11,,23,7,1,22,9,121.5571941,25.0414431
111,7,11,17,25,2,06松山區,松山區撫遠街388號,0,0,1,1,B03,8,1,5,30,4,1,1,5,4,5,7,4,4,7,5,5,2,3,1,64,3,10,1,4,7,5,1,8,1,1,,15,15,1,22,9,121.5656464,25.06476615
111,7,11,17,25,2,06松山區,松山區撫遠街388號,0,0,1,2,H01,8,1,5,30,4,1,1,5,4,5,7,4,4,7,5,5,2,3,1,70,2,7,4,1,8,16,8,20,1,16,,51,15,1,22,9,121.5656464,25.06476615
111,7,11,17,26,2,02萬華區,萬華區西寧南路與永福街口,0,0,1,1,C03,8,1,5,50,3,1,1,5,4,5,7,4,4,5,5,5,2,17,2,54,2,9,1,1,7,1,1,10,2,13,,19,19,1,22,9,121.5063765,25.03801306
111,7,11,17,26,2,02萬華區,萬華區西寧南路與永福街口,0,0,1,2,B01,8,1,5,50,3,1,1,5,4,5,7,4,4,5,5,5,2,17,1,69,3,10,1,1,7,9,1,4,2,8,,23,19,1,22,9,121.5063765,25.03801306
111,7,11,17,32,2,01大同區,大同區承德路3段與民族西路口,0,0,1,1,C03,8,1,5,50,4,1,1,5,4,5,7,1,1,1,4,5,2,17,1,19,3,10,1,1,7,6,1,10,1,12,,6,6,1,22,9,121.5184801,25.06852774
111,7,11,17,32,2,01大同區,大同區承德路3段與民族西路口,0,0,1,2,C03,8,1,5,50,4,1,1,5,4,5,7,1,1,1,4,5,2,17,1,68,2,9,1,1,7,1,1,10,1,14,,44,6,1,22,9,121.5184801,25.06852774
111,7,11,17,35,2,04大安區,大安區信義路4段與敦化南路1段口,0,0,1,1,C03,8,1,5,50,4,1,1,5,4,5,7,1,1,9,4,5,1,17,1,63,4,11,3,4,7,15,7,19,11,15,,23,23,2,22,9,121.549701,25.0328066
111,7,11,17,35,2,04大安區,大安區信義路4段與敦化南路1段口,0,0,1,2,F01,8,1,5,50,4,1,1,5,4,5,7,1,1,9,4,5,1,17,2,68,2,1,1,1,7,9,8,20,1,16,,44,23,1,22,9,121.549701,25.0328066
111,7,11,17,35,2,10文山區,文山區一壽街與一壽街3巷口,0,0,1,1,F01,8,1,5,30,4,1,1,5,4,5,7,4,4,9,4,5,2,15,1,50,2,9,1,1,7,9,8,20,2,16,,42,42,1,22,9,121.5565635,24.97991322
111,7,11,17,35,2,10文山區,文山區一壽街與一壽街3巷口,0,0,1,2,B03,8,1,5,30,4,1,1,5,4,5,7,4,4,9,4,5,2,15,1,53,3,10,3,4,7,9,1,8,2,1,,23,42,1,22,9,121.5565635,24.97991322
111,7,11,17,40,2,05中正區,中正區重慶南路2段與愛國西路口,0,0,1,1,C03,8,1,5,50,5,2,1,5,4,5,7,1,1,1,4,5,2,16,1,37,2,7,1,1,7,7,1,10,1,14,,7,7,1,22,9,121.5123089,25.0351932
111,7,11,17,40,2,05中正區,中正區重慶南路2段與愛國西路口,0,0,1,2,B03,8,1,5,50,5,2,1,5,4,5,7,1,1,1,4,5,2,16,1,30,3,10,1,1,7,9,1,8,1,5,,44,7,1,22,9,121.5123089,25.0351932
111,7,11,17,46,2,01大同區,大同區環河北路1段與民生西路423巷口,0,0,1,1,C03,8,1,5,50,3,2,1,5,4,5,7,4,4,9,4,5,2,17,1,22,2,9,1,1,7,6,1,10,1,11,,6,6,1,22,9,121.5085433,25.05775995
111,7,11,17,46,2,01大同區,大同區環河北路1段與民生西路423巷口,0,0,1,2,C03,8,1,5,50,3,2,1,5,4,5,7,4,4,9,4,5,2,17,1,23,3,10,1,1,7,9,1,10,1,11,,14,6,1,22,9,121.5085433,25.05775995
111,7,11,17,46,2,01大同區,大同區環河北路1段與民生西路423巷口,0,0,1,3,B03,8,1,5,50,3,2,1,5,4,5,7,4,4,9,4,5,2,17,1,48,3,10,1,1,7,14,1,8,1,3,,38,6,1,22,9,121.5085433,25.05775995
111,7,11,17,46,2,01大同區,大同區環河北路1段與民生西路423巷口,0,0,1,4,B01,8,1,5,50,3,2,1,5,4,5,7,4,4,9,4,5,2,17,2,57,3,10,1,1,7,14,1,4,9,15,,38,6,1,22,9,121.5085433,25.05775995
111,7,11,17,46,2,04大安區,大安區基隆路4段43號對面,0,0,1,1,B03,8,1,5,50,3,1,1,5,4,5,7,1,1,1,5,4,1,13,2,64,3,10,1,1,7,9,1,8,1,1,,23,23,1,22,9,121.5402054,25.0140854
111,7,11,17,46,2,04大安區,大安區基隆路4段43號對面,0,0,1,2,C03,8,1,5,50,3,1,1,5,4,5,7,1,1,1,5,4,1,13,2,36,2,9,1,1,7,14,1,10,1,13,12,44,23,1,22,9,121.5402054,25.0140854
111,7,11,17,50,2,09北投區,北投區公館路與西安街2段口,0,0,2,1,C03,8,1,5,50,4,1,1,5,4,5,7,1,1,5,4,4,2,16,1,37,2,7,1,1,7,5,6,18,2,11,,6,6,1,22,9,121.5027722,25.12146115
111,7,11,17,50,2,09北投區,北投區公館路與西安街2段口,0,0,2,2,C03,8,1,5,50,4,1,1,5,4,5,7,1,1,5,4,4,2,16,1,46,2,9,1,1,7,9,1,10,2,11,,23,6,1,22,9,121.5027722,25.12146115
111,7,11,17,50,2,12內湖區,內湖區新明路460巷與新明路428巷口,0,0,3,1,C03,8,1,5,30,4,1,1,5,4,5,7,1,1,10,5,5,2,16,1,26,2,7,1,1,7,5,1,10,1,14,,8,8,1,22,9,121.5785417,25.05420344
111,7,11,17,50,2,12內湖區,內湖區新明路460巷與新明路428巷口,0,0,3,2,C03,8,1,5,30,4,1,1,5,4,5,7,1,1,10,5,5,2,16,2,40,2,9,1,1,7,15,1,10,1,11,,44,8,1,22,9,121.5785417,25.05420344
111,7,11,17,50,2,12內湖區,內湖區新明路460巷與新明路428巷口,0,0,3,3,H02,8,1,5,30,4,1,1,5,4,5,7,1,1,10,5,5,2,16,2,20,2,9,1,1,7,20,8,20,10,16,,67,8,1,22,9,121.5785417,25.05420344
111,7,11,17,58,2,02萬華區,萬華區西園路2段與東園街口,0,0,1,1,C03,8,1,5,50,3,1,1,5,4,5,7,2,1,1,4,5,2,17,1,19,3,10,1,1,7,6,1,10,1,13,,9,9,1,22,9,121.4952659,25.02811234
111,7,11,17,58,2,02萬華區,萬華區西園路2段與東園街口,0,0,1,2,C04,8,1,5,50,3,1,1,5,4,5,7,2,1,1,4,5,2,17,2,43,2,9,1,1,7,9,1,10,1,11,,44,9,1,22,9,121.4952659,25.02811234
111,7,11,17,58,2,09北投區,北投區秀山路近貴子坑露營區,0,0,3,1,C03,8,1,5,30,14,9,1,5,4,5,7,4,4,10,5,5,2,16,1,34,2,9,3,4,7,7,1,10,1,14,,7,7,1,22,9,121.4915013,25.15056272
111,7,11,17,58,2,09北投區,北投區秀山路近貴子坑露營區,0,0,3,2,C03,8,1,5,30,14,9,1,5,4,5,7,4,4,10,5,5,2,16,2,20,2,8,3,4,7,9,1,10,1,11,,44,7,1,22,9,121.4915013,25.15056272
111,7,11,17,58,2,09北投區,北投區秀山路近貴子坑露營區,0,0,3,3,H02,8,1,5,30,14,9,1,5,4,5,7,4,4,10,5,5,2,16,2,19,2,8,3,5,7,20,8,20,10,16,,67,7,1,22,9,121.4915013,25.15056272
111,7,11,18,3,2,12內湖區,內湖區潭美街575號,0,0,2,1,C03,8,1,5,40,14,9,1,5,4,5,7,4,4,5,5,5,1,16,1,47,2,9,1,1,7,5,1,10,1,14,,8,8,1,22,9,121.6015106,25.06092951
111,7,11,18,3,2,12內湖區,內湖區潭美街575號,0,0,2,2,C03,8,1,5,40,14,9,1,5,4,5,7,4,4,5,5,5,1,16,2,70,2,9,1,1,7,9,1,10,1,11,,44,8,1,22,9,121.6015106,25.06092951
111,7,11,18,18,2,03中山區,中山區南京東路2段101號,0,0,2,1,F01,8,1,8,0,14,20,2,5,4,5,7,4,4,10,5,5,2,2,2,24,2,8,1,1,7,9,8,20,1,16,,23,23,1,22,9,121.5325902,25.0523083
111,7,11,18,18,2,03中山區,中山區南京東路2段101號,0,0,2,2,H01,8,1,8,0,14,20,2,5,4,5,7,4,4,10,5,5,2,2,2,69,2,9,4,5,8,16,8,20,10,16,,67,23,1,22,9,121.5325902,25.0523083
111,7,11,18,20,2,03中山區,中山區合江街與長春路口,0,0,2,1,C03,8,2,5,50,4,2,1,5,4,5,7,2,1,5,5,5,2,17,1,53,2,7,1,1,7,9,1,10,2,11,,4,4,1,22,9,121.539091,25.0548039
111,7,11,18,20,2,03中山區,中山區合江街與長春路口,0,0,2,2,F01,8,2,5,50,4,2,1,5,4,5,7,2,1,5,5,5,2,17,2,69,2,1,1,1,7,11,8,20,2,16,,25,4,1,22,9,121.539091,25.0548039
111,7,11,18,20,2,03中山區,中山區合江街與長春路口,0,0,2,3,A12,8,2,5,50,4,2,1,5,4,5,7,2,1,5,5,5,2,17,1,43,3,10,3,4,7,1,1,2,2,1,,44,4,1,22,9,121.539091,25.0548039
111,7,11,18,40,2,12內湖區,內湖區成功路2段320巷與成功路2段320巷21弄口,0,0,3,1,C03,8,1,5,30,3,2,1,5,4,5,7,4,4,10,5,5,2,16,2,24,2,9,1,1,7,5,1,10,1,14,,8,8,1,22,9,121.5896779,25.0677215
111,7,11,18,40,2,12內湖區,內湖區成功路2段320巷與成功路2段320巷21弄口,0,0,3,2,C03,8,1,5,30,3,2,1,5,4,5,7,4,4,10,5,5,2,16,1,67,2,9,1,1,7,9,1,10,1,11,,44,8,1,22,9,121.5896779,25.0677215
111,7,11,18,40,2,12內湖區,內湖區成功路2段320巷與成功路2段320巷21弄口,0,0,3,3,H02,8,1,5,30,3,2,1,5,4,5,7,4,4,10,5,5,2,16,2,32,2,9,1,5,7,21,8,20,10,16,,67,8,1,22,9,121.5896779,25.0677215
111,7,11,18,50,2,12內湖區,內湖區洲子街12號旁(宏匯停車場出入口),0,0,1,1,B03,8,3,5,50,14,9,1,5,4,5,7,4,4,5,4,5,2,16,2,43,3,10,1,1,7,1,1,8,1,1,,19,19,1,22,9,121.5753963,25.07833009
111,7,11,18,50,2,12內湖區,內湖區洲子街12號旁(宏匯停車場出入口),0,0,1,2,C03,8,3,5,50,14,9,1,5,4,5,7,4,4,5,4,5,2,16,1,26,2,7,1,1,7,9,1,10,1,12,,44,19,1,22,9,121.5753963,25.07833009
111,7,11,20,2,2,05中正區,中正區中正河濱公園,0,0,1,1,F01,8,3,5,50,12,9,1,5,4,5,7,4,4,5,4,5,2,18,1,20,2,1,1,1,7,21,8,20,1,16,,43,43,1,22,9,121.5289201,25.01121277
111,7,11,20,2,2,05中正區,中正區中正河濱公園,0,0,1,2,,8,3,5,50,12,9,1,5,4,5,7,4,4,5,4,5,2,18,3,,,,,,,,,,,,,67,43,1,,,121.5289201,25.01121277
111,7,11,20,19,2,03中山區,中山區林森北路與長春路口,0,0,1,1,B01,8,3,5,50,4,2,1,5,4,5,7,1,1,4,3,5,1,12,1,65,3,10,1,1,7,6,1,4,1,2,,9,9,1,22,9,121.5254534,25.0549376
111,7,11,20,19,2,03中山區,中山區林森北路與長春路口,0,0,1,2,C03,8,3,5,50,4,2,1,5,4,5,7,1,1,4,3,5,1,12,1,30,2,8,1,1,7,9,1,10,1,14,,44,9,1,22,9,121.5254534,25.0549376
111,7,11,21,27,2,02萬華區,萬華區中華路2段416巷與國興路口口,0,0,2,1,B03,8,3,5,50,4,1,1,5,4,5,7,1,1,5,4,5,1,17,1,65,3,10,1,1,7,5,1,8,2,8,,6,6,1,22,9,121.5052164,25.0274417
111,7,11,21,27,2,02萬華區,萬華區中華路2段416巷與國興路口口,0,0,2,2,C03,8,3,5,50,4,1,1,5,4,5,7,1,1,5,4,5,1,17,2,19,2,9,1,1,7,9,1,10,2,14,,44,6,1,22,9,121.5052164,25.0274417
111,7,11,21,27,2,02萬華區,萬華區中華路2段416巷與國興路口口,0,0,2,4,H02,8,3,5,50,4,1,1,5,4,5,7,1,1,5,4,5,1,17,2,48,2,9,4,5,7,20,8,20,10,16,,67,6,1,22,9,121.5052164,25.0274417
111,7,11,21,27,2,02萬華區,萬華區中華路2段416巷與國興路口口,0,0,2,3,B03,8,3,5,50,4,1,1,5,4,5,7,1,1,5,4,5,1,17,2,65,3,10,1,1,7,13,1,8,1,10,,44,6,1,22,9,121.5052164,25.0274417
111,7,11,21,33,2,09北投區,北投區大業路433號,0,0,1,2,,8,3,5,60,14,8,1,5,4,5,7,4,4,1,4,4,2,18,3,,,,,,,,,,,,,67,42,1,,,121.4964124,25.1307364
111,7,11,21,33,2,09北投區,北投區大業路433號,0,0,1,1,C03,8,3,5,60,14,8,1,5,4,5,7,4,4,1,4,4,2,18,2,25,2,9,1,1,7,9,1,10,1,12,,42,42,1,22,9,121.4964124,25.1307364
111,7,11,22,16,2,08士林區,士林區延平北路5段2號與重慶北路4段1巷口口,0,0,2,1,C03,8,3,5,50,4,1,1,5,4,5,7,2,1,1,4,5,1,16,1,38,2,7,1,1,7,5,1,10,1,12,,6,6,1,22,9,121.5112781,25.07918033
111,7,11,22,16,2,08士林區,士林區延平北路5段2號與重慶北路4段1巷口口,0,0,2,2,C03,8,3,5,50,4,1,1,5,4,5,7,2,1,1,4,5,1,16,1,22,2,7,1,1,7,9,1,10,1,11,,23,6,1,22,9,121.5112781,25.07918033