發生年度,發生月,發生日,發生時-Hours,發生分,處理別-編號,區序,肇事地點,死亡人數,2-30日死亡人數,受傷人數,當事人序號,車種,天候,光線,道路類別,速限-速度限制,道路型態,事故位置,路面狀況1,路面狀況2,路面狀況3,道路障礙1,道路障礙2,號誌1,號誌2,車道劃分-分向,車道劃分-分道1,車道劃分-分道2,車道劃分-分道3,事故類型及型態,性別,年齡,受傷程度,主要傷處,安全帽,行動電話,車輛用途,當事者行動狀態,駕駛資格情形,駕駛執照種類,飲酒情形,車輛撞擊部位1,車輛撞擊部位2,肇因碼-個別,肇因碼-主要,個人肇逃否,職業,旅次目的,座標-X,座標-Y
111,7,11,22,20,2,06松山區,松山區敦化北路145巷與敦化北路145巷18弄口,0,0,1,1,C03,7,3,5,30,4,1,1,5,4,5,7,4,4,10,5,5,2,15,2,21,2,7,1,1,7,9,1,10,1,11,,6,6,1,22,9,121.5511577,25.05378056
111,7,11,22,20,2,06松山區,松山區敦化北路145巷與敦化北路145巷18弄口,0,0,1,2,C03,7,3,5,30,4,1,1,5,4,5,7,4,4,10,5,5,2,15,1,21,3,10,1,1,7,9,1,10,1,11,,14,6,1,22,9,121.5511577,25.05378056
111,7,11,23,39,2,02萬華區,萬華區開封街2段55號,0,0,1,1,C03,7,3,5,50,14,9,1,5,4,5,7,4,4,10,4,5,2,13,1,20,4,11,3,4,7,15,7,19,11,15,,23,42,2,22,9,121.5053967,25.04704481
111,7,11,23,39,2,02萬華區,萬華區開封街2段55號,0,0,1,2,C01,7,3,5,50,14,9,1,5,4,5,7,4,4,10,4,5,2,13,1,24,2,9,1,1,7,7,1,9,9,13,,7,42,1,22,9,121.5053967,25.04704481
111,7,12,2,49,2,02萬華區,萬華區環河南路2段與和平西路3段口,0,0,1,1,H01,8,3,5,50,4,2,1,5,4,5,7,2,1,1,4,5,2,9,1,34,2,9,4,5,8,20,8,20,10,16,,52,52,1,22,9,121.4942544,25.0353383
111,7,12,2,49,2,02萬華區,萬華區環河南路2段與和平西路3段口,0,0,1,2,B03,8,3,5,50,4,2,1,5,4,5,7,2,1,1,4,5,2,9,1,63,3,10,1,1,7,9,1,8,1,8,,15,52,1,22,9,121.4942544,25.0353383
111,7,12,3,50,2,09北投區,北投區大度路2段往淡水042號燈桿,0,0,2,1,B03,8,3,5,70,14,9,1,5,4,5,7,4,4,1,4,5,2,13,1,30,3,10,1,1,7,9,1,1,2,3,,16,16,1,10,9,121.4854133,25.1220946
111,7,12,3,50,2,09北投區,北投區大度路2段往淡水042號燈桿,0,0,2,2,A41,8,3,5,70,14,9,1,5,4,5,7,4,4,1,4,5,2,13,1,43,2,9,1,1,7,9,1,4,2,1,,23,16,1,22,9,121.4854133,25.1220946
111,7,12,3,50,2,09北投區,北投區大度路2段往淡水042號燈桿,0,0,2,3,H02,8,3,5,70,14,9,1,5,4,5,7,4,4,1,4,5,2,13,1,28,2,9,1,5,7,20,8,20,10,16,,67,16,1,22,9,121.4854133,25.1220946
111,7,12,6,5,2,05中正區,中正區汀州路3段60巷與汀州路3段60巷2弄口,0,0,1,1,B03,8,1,5,30,3,1,1,5,4,5,7,4,4,10,4,5,2,16,1,47,3,10,1,1,7,5,1,8,1,8,,6,6,1,22,9,121.5305913,25.01494377
111,7,12,6,5,2,05中正區,中正區汀州路3段60巷與汀州路3段60巷2弄口,0,0,1,2,C03,8,1,5,30,3,1,1,5,4,5,7,4,4,10,4,5,2,16,1,19,2,9,1,1,7,4,1,10,1,12,,23,6,1,22,9,121.5305913,25.01494377
111,7,12,6,35,2,02萬華區,萬華區光復橋往新北市003030燈桿前,0,0,1,1,C03,8,1,5,50,8,9,1,5,4,5,7,4,4,1,4,5,2,18,1,57,2,9,1,1,7,9,6,10,6,14,,42,42,1,22,9,121.4899148,25.02412635
111,7,12,6,35,2,02萬華區,萬華區光復橋往新北市003030燈桿前,0,0,1,2,,8,1,5,50,8,9,1,5,4,5,7,4,4,1,4,5,2,18,3,,,,,,,,,,,,,67,42,1,,,121.4899148,25.02412635
111,7,12,6,35,2,09北投區,北投區湖山路1段023號燈桿,0,0,2,1,B03,8,1,5,50,14,9,1,5,4,5,7,4,4,4,4,5,2,12,1,60,3,10,1,1,7,4,1,8,1,6,,26,26,1,22,9,121.5492329,25.1515787
111,7,12,6,35,2,09北投區,北投區湖山路1段023號燈桿,0,0,2,2,C03,8,1,5,50,14,9,1,5,4,5,7,4,4,4,4,5,2,12,1,72,2,7,1,1,7,9,4,8,1,14,,44,26,1,22,9,121.5492329,25.1515787
111,7,12,6,35,2,09北投區,北投區湖山路1段023號燈桿,0,0,2,3,H02,8,1,5,50,14,9,1,5,4,5,7,4,4,4,4,5,2,12,2,69,2,9,1,1,7,20,8,20,10,15,,67,26,1,22,9,121.5492329,25.1515787
111,7,12,6,49,2,07信義區,信義區忠孝東路5段與松山路口,0,0,1,1,F02,8,1,5,50,4,2,1,5,4,5,7,2,1,1,4,5,2,17,1,48,3,10,1,1,7,5,8,20,1,16,,25,25,1,22,9,121.5777082,25.0406599
111,7,12,6,49,2,07信義區,信義區忠孝東路5段與松山路口,0,0,1,2,A02,8,1,5,50,4,2,1,5,4,5,7,2,1,1,4,5,2,17,1,46,3,10,3,4,7,5,1,2,1,15,,23,25,1,22,9,121.5777082,25.0406599
111,7,12,6,49,2,07信義區,信義區忠孝東路5段與松山路口,0,0,1,3,H02,8,1,5,50,4,2,1,5,4,5,7,2,1,1,4,5,2,17,2,79,2,7,4,5,7,20,8,20,10,16,,67,25,1,22,9,121.5777082,25.0406599
111,7,12,7,0,2,11南港區,南港區松河街與向陽路258巷口,0,0,1,1,B03,8,1,5,40,4,2,1,5,4,5,7,1,1,9,4,5,2,11,2,54,3,10,1,1,7,5,1,8,1,2,,6,6,1,22,9,121.5972063,25.0584781
111,7,12,7,0,2,11南港區,南港區松河街與向陽路258巷口,0,0,1,2,C03,8,1,5,40,4,2,1,5,4,5,7,1,1,9,4,5,2,11,1,24,2,9,1,1,7,9,1,10,1,11,,44,6,1,22,9,121.5972063,25.0584781
111,7,12,7,6,2,06松山區,松山區民權東路5段與撫遠街口口,0,0,2,1,C03,7,1,5,50,4,2,1,5,4,5,7,1,1,1,4,5,2,13,1,32,2,8,3,4,7,9,1,10,2,11,,23,23,1,22,9,121.5657616,25.06328175
111,7,12,7,6,2,06松山區,松山區民權東路5段與撫遠街口口,0,0,2,2,C03,7,1,5,50,4,2,1,5,4,5,7,1,1,1,4,5,2,13,2,35,2,8,3,4,7,15,1,10,2,13,,44,23,1,22,9,121.5657616,25.06328175
111,7,12,7,25,2,03中山區,中山區市民大道3段與新生北路1段62巷口,0,0,1,1,C03,8,1,5,50,4,1,1,5,4,5,7,2,1,1,4,5,2,17,1,63,2,9,1,4,7,9,1,10,1,15,,42,42,1,22,9,121.5310512,25.0463004
111,7,12,7,25,2,03中山區,中山區市民大道3段與新生北路1段62巷口,0,0,1,2,B03,8,1,5,50,4,1,1,5,4,5,7,2,1,1,4,5,2,17,1,40,3,10,3,4,7,9,1,8,1,15,,44,42,1,22,9,121.5310512,25.0463004
111,7,12,7,37,2,04大安區,大安區復興南路2段151巷與復興南路2段151巷35弄口,0,0,1,1,C03,8,1,5,40,3,1,1,5,4,5,7,4,4,9,5,5,1,12,2,46,3,10,1,1,7,5,1,10,1,13,,8,8,1,22,9,121.5449565,25.0282255
111,7,12,7,37,2,04大安區,大安區復興南路2段151巷與復興南路2段151巷35弄口,0,0,1,2,C03,8,1,5,40,3,1,1,5,4,5,7,4,4,9,5,5,1,12,2,30,2,7,1,1,7,9,1,10,1,11,,44,8,1,22,9,121.5449565,25.0282255
111,7,12,8,11,2,06松山區,(八德路三段8巷內),0,0,2,1,C03,8,1,5,30,14,9,1,5,4,5,7,4,4,10,5,5,2,17,1,47,2,9,1,1,7,9,1,10,1,11,,42,50,1,22,9,121.5497003,25.04794627
111,7,12,8,11,2,06松山區,(八德路三段8巷內),0,0,2,2,C03,8,1,5,30,14,9,1,5,4,5,7,4,4,10,5,5,2,17,1,46,2,9,1,1,7,13,1,10,1,14,,44,50,1,22,9,121.5497003,25.04794627
111,7,12,8,11,2,06松山區,(八德路三段8巷內),0,0,2,3,C03,8,1,5,30,14,9,1,5,4,5,7,4,4,10,5,5,2,17,1,42,3,10,1,1,7,13,1,10,1,13,,44,50,1,22,9,121.5497003,25.04794627
111,7,12,8,20,2,10文山區,文山區木柵路5段43巷燈桿編號G對面,0,0,1,1,C03,8,1,5,30,11,9,1,5,4,5,7,4,4,10,5,5,2,18,1,45,2,9,3,4,7,9,1,10,1,14,,23,23,1,22,9,121.5896036,25.01088182
111,7,12,8,20,2,10文山區,文山區木柵路5段43巷燈桿編號G對面,0,0,1,2,,8,1,5,30,11,9,1,5,4,5,7,4,4,10,5,5,2,18,3,,,,,,,,,,,,,67,23,1,,,121.5896036,25.01088182
111,7,12,8,30,2,07信義區,信義區莊敬路289巷3弄47號,0,0,1,2,,8,1,5,30,14,9,1,5,4,5,7,4,4,9,5,5,2,17,4,,4,11,3,4,7,15,7,19,11,15,,43,43,2,22,9,121.5626088,25.02980317
111,7,12,8,30,2,07信義區,信義區莊敬路289巷3弄47號,0,0,1,1,C03,8,1,5,30,14,9,1,5,4,5,7,4,4,9,5,5,2,17,2,41,2,8,3,4,7,9,1,10,1,12,,43,43,1,22,9,121.5626088,25.02980317
111,7,12,8,40,2,09北投區,北投區承德路7段與實踐街口,0,0,2,1,C03,8,1,5,60,3,2,1,5,4,5,7,2,1,1,4,4,2,18,1,41,2,3,1,1,7,6,1,10,1,11,,42,42,1,22,9,121.5073632,25.1145213
111,7,12,8,40,2,09北投區,北投區承德路7段與實踐街口,0,0,2,2,,8,1,5,60,3,2,1,5,4,5,7,2,1,1,4,4,2,18,3,,,,,,,,,,,,,67,42,1,,,121.5073632,25.1145213
111,7,12,8,40,2,09北投區,北投區承德路7段與實踐街口,0,0,2,3,H02,8,1,5,60,3,2,1,5,4,5,7,2,1,1,4,4,2,18,2,45,2,7,1,5,7,20,8,20,10,15,,67,42,1,22,9,121.5073632,25.1145213
111,7,12,8,42,2,06松山區,松山區塔悠路179號,0,0,1,1,C03,7,1,5,50,3,1,1,5,4,5,7,1,1,1,4,4,2,10,2,30,2,9,3,4,7,9,1,10,2,11,,23,23,1,22,9,121.5695465,25.05638349
111,7,12,8,42,2,06松山區,松山區塔悠路179號,0,0,1,2,B12,7,1,5,50,3,1,1,5,4,5,7,1,1,1,4,4,2,10,1,40,3,10,3,4,7,9,1,8,2,8,,44,23,1,22,9,121.5695465,25.05638349
111,7,12,8,44,2,05中正區,中正區愛國東路與林森南路口,0,0,2,1,C03,8,1,5,50,14,8,1,5,4,5,7,4,4,1,4,4,2,12,1,72,2,9,1,1,7,6,1,10,2,12,,6,6,1,22,9,121.5188859,25.0337696
111,7,12,8,44,2,05中正區,中正區愛國東路與林森南路口,0,0,2,2,C03,8,1,5,50,14,8,1,5,4,5,7,4,4,1,4,4,2,12,1,37,2,9,1,1,7,9,1,10,2,11,,13,6,1,22,9,121.5188859,25.0337696
111,7,12,8,45,2,05中正區,中正區館前路與開封街1段口,0,0,1,1,B01,8,1,5,50,3,1,1,5,4,5,7,4,4,7,4,5,2,12,1,49,3,10,1,1,7,9,1,4,2,5,,26,26,1,22,9,121.5149994,25.04599583
111,7,12,8,45,2,05中正區,中正區館前路與開封街1段口,0,0,1,2,C03,8,1,5,50,3,1,1,5,4,5,7,4,4,7,4,5,2,12,2,27,2,9,1,1,7,5,1,10,2,14,,44,26,1,22,9,121.5149994,25.04599583
111,7,12,8,50,2,03中山區,中山區市民大道3段與八德路2段300巷口,0,0,1,1,C03,8,1,5,40,4,1,1,5,4,5,7,4,4,1,4,5,2,13,1,45,2,8,1,4,7,7,1,10,2,14,,7,7,1,22,9,121.542918,25.0448502
111,7,12,8,50,2,03中山區,中山區市民大道3段與八德路2段300巷口,0,0,1,2,B12,8,1,5,40,4,1,1,5,4,5,7,4,4,1,4,5,2,13,1,47,3,10,3,4,7,6,1,8,2,3,,44,7,1,22,9,121.542918,25.0448502
111,7,12,8,50,2,03中山區,中山區市民大道3段與八德路2段300巷口,0,0,1,3,B03,8,1,5,40,4,1,1,5,4,5,7,4,4,1,4,5,2,13,1,57,3,10,3,4,7,15,1,8,2,5,,44,7,1,22,9,121.542918,25.0448502
111,7,12,8,52,2,04大安區,大安區文昌街與信義路4段378巷口,0,0,2,1,C03,8,1,5,30,5,1,1,5,4,5,7,4,4,10,5,5,2,15,1,39,2,8,1,4,7,9,1,10,1,12,,6,6,1,22,9,121.5556965,25.0323596
111,7,12,8,52,2,04大安區,大安區文昌街與信義路4段378巷口,0,0,2,2,C03,8,1,5,30,5,1,1,5,4,5,7,4,4,10,5,5,2,15,1,31,2,8,1,4,7,9,1,10,1,11,,14,6,1,22,9,121.5556965,25.0323596
111,7,12,9,1,2,12內湖區,內湖區行忠路與行忠路171巷口,0,0,1,1,B03,8,1,5,50,4,2,1,5,4,5,7,1,1,1,5,4,2,3,1,39,3,10,1,1,7,5,1,8,1,1,,15,15,1,22,9,121.5814291,25.06688377
111,7,12,9,1,2,12內湖區,內湖區行忠路與行忠路171巷口,0,0,1,2,H01,8,1,5,50,4,2,1,5,4,5,7,1,1,1,5,4,2,3,2,50,2,9,1,1,8,16,8,20,10,16,,67,15,1,22,9,121.5814291,25.06688377
111,7,12,9,5,2,09北投區,北投區崇仁路1段155巷與崇仁路1段口,0,0,1,1,C03,8,1,5,50,4,2,1,5,4,5,7,4,4,5,4,5,2,13,1,68,3,10,3,4,7,9,1,10,1,12,,43,43,1,22,9,121.5021452,25.12378178
111,7,12,9,5,2,09北投區,北投區崇仁路1段155巷與崇仁路1段口,0,0,1,2,C03,8,1,5,50,4,2,1,5,4,5,7,4,4,5,4,5,2,13,2,42,2,9,3,4,7,5,1,10,1,13,,43,43,1,22,9,121.5021452,25.12378178
111,7,12,9,25,2,05中正區,中正區杭州南路1段與濟南路1段口,0,0,1,1,B03,8,1,5,50,4,1,1,5,4,5,7,1,1,10,5,5,2,16,1,46,3,10,1,1,7,6,1,8,2,5,,9,9,1,22,9,121.5261733,25.04159065
111,7,12,9,25,2,05中正區,中正區杭州南路1段與濟南路1段口,0,0,1,2,C03,8,1,5,50,4,1,1,5,4,5,7,1,1,10,5,5,2,16,1,25,2,9,1,1,7,9,1,10,2,11,,23,9,1,22,9,121.5261733,25.04159065
111,7,12,9,48,2,07信義區,信義區光復南路忠孝東路4段501號,0,0,2,1,C03,8,1,5,50,14,9,1,5,4,5,7,4,4,9,4,5,2,12,1,68,3,10,1,1,7,8,1,10,1,13,,7,7,1,22,9,121.5572361,25.0422257
111,7,12,9,48,2,07信義區,信義區光復南路忠孝東路4段501號,0,0,2,2,C03,8,1,5,50,14,9,1,5,4,5,7,4,4,9,4,5,2,12,2,39,2,9,1,1,7,9,1,10,1,11,,23,7,1,22,9,121.5572361,25.0422257
111,7,12,9,48,2,07信義區,信義區光復南路忠孝東路4段501號,0,0,2,3,H02,8,1,5,50,14,9,1,5,4,5,7,4,4,9,4,5,2,12,2,66,2,7,4,1,7,20,8,20,10,16,,67,7,1,22,9,121.5572361,25.0422257
111,7,12,9,53,2,02萬華區,萬華區民和街與西藏路199巷口,0,0,2,1,B01,8,1,5,0,5,1,1,5,4,5,7,4,4,10,5,5,1,11,4,,4,11,3,4,7,15,7,19,11,15,,43,43,2,22,9,121.4997844,25.02634509
111,7,12,9,53,2,02萬華區,萬華區民和街與西藏路199巷口,0,0,2,2,C03,8,1,5,0,5,1,1,5,4,5,7,4,4,10,5,5,1,11,2,30,2,9,1,4,7,9,1,10,1,12,,43,43,1,22,9,121.4997844,25.02634509
111,7,12,9,53,2,02萬華區,萬華區民和街與西藏路199巷口,0,0,2,3,H02,8,1,5,0,5,1,1,5,4,5,7,4,4,10,5,5,1,11,1,4,2,7,1,5,7,20,8,20,10,16,,67,43,1,22,9,121.4997844,25.02634509
111,7,12,9,54,2,12內湖區,內湖區民權東路6段與成功路2段口口,0,0,1,1,C03,8,1,5,50,4,2,1,5,4,5,7,2,1,1,4,5,2,13,1,32,2,8,1,1,7,9,1,10,1,11,,16,16,1,22,9,121.5909308,25.0690187
111,7,12,9,54,2,12內湖區,內湖區民權東路6段與成功路2段口口,0,0,1,2,B03,8,1,5,50,4,2,1,5,4,5,7,2,1,1,4,5,2,13,2,68,3,10,1,1,7,9,1,8,1,6,,44,16,1,22,9,121.5909308,25.0690187
111,7,12,9,54,2,12內湖區,內湖區民權東路6段與成功路2段口口,0,0,1,3,B01,8,1,5,50,4,2,1,5,4,5,7,2,1,1,4,5,2,13,1,44,3,10,1,1,7,9,1,3,1,4,,44,16,1,22,9,121.5909308,25.0690187
111,7,12,10,10,2,08士林區,士林區至誠路2段21巷與至誠路2段口,0,0,2,1,C03,8,1,5,30,3,1,1,5,4,5,7,4,4,9,5,5,2,16,1,53,2,8,3,4,7,6,1,10,1,14,,6,6,1,22,9,121.5297685,25.1021751
111,7,12,10,10,2,08士林區,士林區至誠路2段21巷與至誠路2段口,0,0,2,2,C03,8,1,5,30,3,1,1,5,4,5,7,4,4,9,5,5,2,16,2,37,2,7,3,4,7,9,1,10,1,12,,14,6,1,22,9,121.5297685,25.1021751
111,7,12,10,16,2,03中山區,中山區民權西路36號,0,0,2,1,C03,8,1,5,50,14,9,1,5,4,5,7,4,4,1,4,5,2,16,1,31,2,9,1,1,7,10,1,10,1,14,,23,23,1,22,9,121.5213065,25.0627536
111,7,12,10,16,2,03中山區,中山區民權西路36號,0,0,2,2,B01,8,1,5,50,14,9,1,5,4,5,7,4,4,1,4,5,2,16,1,47,3,10,1,1,7,9,1,2,1,2,,44,23,1,22,9,121.5213065,25.0627536
111,7,12,10,16,2,03中山區,中山區民權西路36號,0,0,2,3,H02,8,1,5,50,14,9,1,5,4,5,7,4,4,1,4,5,2,16,2,19,2,9,4,5,7,20,8,20,10,16,,67,23,1,22,9,121.5213065,25.0627536
111,7,12,11,0,2,02萬華區,萬華區內江街90號對面,0,0,1,1,B12,8,1,5,50,14,9,1,5,4,5,7,4,4,10,4,5,2,13,1,31,3,10,1,1,7,9,1,8,1,1,,23,23,1,22,9,121.5038584,25.04163177
111,7,12,11,0,2,02萬華區,萬華區內江街90號對面,0,0,1,2,C03,8,1,5,50,14,9,1,5,4,5,7,4,4,10,4,5,2,13,2,46,2,9,1,1,7,7,1,10,1,13,,7,23,1,22,9,121.5038584,25.04163177
111,7,12,11,0,2,02萬華區,萬華區內江街90號對面,0,0,1,3,C03,8,1,5,50,14,9,1,5,4,5,7,4,4,10,4,5,2,13,1,35,3,10,1,1,7,13,1,10,1,14,,44,23,1,22,9,121.5038584,25.04163177
111,7,12,11,20,2,08士林區,士林區文林路與雙溪街口,0,0,1,1,B03,8,1,5,50,4,1,1,5,4,5,7,1,1,5,5,4,2,17,2,35,3,10,1,1,7,5,1,8,1,5,,43,43,1,22,9,121.5233798,25.0996841
111,7,12,11,20,2,08士林區,士林區文林路與雙溪街口,0,0,1,2,C03,8,1,5,50,4,1,1,5,4,5,7,1,1,5,5,4,2,17,2,38,2,9,1,1,7,9,1,10,1,11,,43,43,1,22,9,121.5233798,25.0996841
111,7,12,11,47,2,03中山區,中山區南京東路3段與南京東路3段109巷口,0,0,1,1,B11,8,1,5,40,3,1,1,5,4,5,7,4,4,1,4,4,2,16,1,24,3,10,3,4,7,6,1,3,1,2,,9,9,1,22,9,121.5398188,25.0520615
111,7,12,11,47,2,03中山區,中山區南京東路3段與南京東路3段109巷口,0,0,1,2,C03,8,1,5,40,3,1,1,5,4,5,7,4,4,1,4,4,2,16,1,28,2,9,1,1,7,9,1,9,1,14,,13,9,1,22,9,121.5398188,25.0520615
111,7,12,11,47,2,03中山區,中山區南京東路3段與南京東路3段109巷口,0,0,1,3,B12,8,1,5,40,3,1,1,5,4,5,7,4,4,1,4,4,2,16,1,55,3,10,3,4,7,14,1,8,11,15,,38,9,1,22,9,121.5398188,25.0520615
111,7,12,11,54,2,08士林區,士林區永平街37巷與永平街口,0,0,1,1,C03,8,1,5,30,3,1,1,5,4,5,7,4,4,5,5,5,1,16,2,73,2,9,1,1,7,9,3,18,1,11,,4,4,1,22,9,121.5050368,25.0907433
111,7,12,11,54,2,08士林區,士林區永平街37巷與永平街口,0,0,1,2,B03,8,1,5,30,3,1,1,5,4,5,7,4,4,5,5,5,1,16,1,47,3,10,1,1,7,9,1,8,1,5,,44,4,1,22,9,121.5050368,25.0907433
111,7,12,12,20,2,03中山區,中山區北安路670巷口側附近,0,0,1,1,B01,8,1,5,50,14,9,1,5,4,5,7,1,1,1,4,5,2,16,1,59,3,10,3,4,7,8,1,4,1,6,,7,7,1,10,9,121.5493687,25.0839838
111,7,12,12,20,2,03中山區,中山區北安路670巷口側附近,0,0,1,2,C03,8,1,5,50,14,9,1,5,4,5,7,1,1,1,4,5,2,16,1,38,2,9,3,4,7,9,6,10,1,14,,44,7,1,12,9,121.5493687,25.0839838
111,7,12,12,26,2,10文山區,文山區木新路3段與木新路3段172巷口,0,0,1,1,C03,8,1,5,50,3,1,1,5,4,5,7,4,4,5,4,5,2,16,2,55,3,10,1,1,7,5,1,10,1,14,,8,8,1,22,9,121.5607424,24.9816947
111,7,12,12,26,2,10文山區,文山區木新路3段與木新路3段172巷口,0,0,1,2,C03,8,1,5,50,3,1,1,5,4,5,7,4,4,5,4,5,2,16,2,42,2,8,1,1,7,9,1,10,1,11,,44,8,1,22,9,121.5607424,24.9816947
111,7,12,12,30,2,12內湖區,內湖區康寧路1段52號,0,0,1,1,C03,8,1,5,50,14,9,1,5,4,5,7,4,4,7,5,5,2,17,1,43,3,10,1,1,7,11,1,10,1,11,,10,10,1,22,9,121.5919226,25.08027779
111,7,12,12,30,2,12內湖區,內湖區康寧路1段52號,0,0,1,2,C03,8,1,5,50,14,9,1,5,4,5,7,4,4,7,5,5,2,17,1,51,2,9,1,1,7,9,1,9,11,14,,44,10,1,22,9,121.5919226,25.08027779
111,7,12,12,43,2,11南港區,南港區忠孝東路6段480號前,0,0,1,1,C03,8,1,5,40,14,7,1,5,4,5,7,2,1,1,1,5,2,13,1,18,2,9,1,1,7,7,3,18,1,11,,16,16,1,22,9,121.5948998,25.0505892
111,7,12,12,43,2,11南港區,南港區忠孝東路6段480號前,0,0,1,2,B03,8,1,5,40,14,7,1,5,4,5,7,2,1,1,1,5,2,13,1,43,3,10,1,1,7,14,1,8,1,3,,44,16,1,22,9,121.5948998,25.0505892
111,7,12,12,45,2,04大安區,大安區泰順街54巷與雲和街72巷口,0,0,1,1,C03,8,1,5,30,4,1,1,5,4,3,5,4,4,10,5,5,2,15,1,38,2,9,1,1,7,9,1,10,1,12,,6,6,1,22,9,121.5300623,25.0228095
111,7,12,12,45,2,04大安區,大安區泰順街54巷與雲和街72巷口,0,0,1,2,B12,8,1,5,30,4,1,1,5,4,3,5,4,4,10,5,5,2,15,1,48,3,10,1,1,7,9,1,8,1,1,,44,6,1,22,9,121.5300623,25.0228095
111,7,12,13,0,2,06松山區,松山區新東街27號,0,0,1,1,B03,7,1,5,50,14,9,1,5,4,5,7,4,4,8,3,5,2,17,1,63,3,10,3,4,7,14,1,8,1,2,,43,43,1,22,9,121.5659735,25.05867971
111,7,12,13,0,2,06松山區,松山區新東街27號,0,0,1,2,C03,7,1,5,50,14,9,1,5,4,5,7,4,4,8,3,5,2,17,1,65,2,9,3,4,7,9,1,10,1,14,,43,43,1,22,9,121.5659735,25.05867971
111,7,12,13,0,2,06松山區,松山區新東街27號,0,0,1,3,H02,7,1,5,50,14,9,1,5,4,5,7,4,4,8,3,5,2,17,2,59,3,10,4,5,7,21,8,20,10,16,,60,43,1,22,9,121.5659735,25.05867971
111,7,12,13,11,2,02萬華區,萬華區西寧南路與峨眉街口,0,0,1,1,B03,8,1,5,30,4,1,4,5,4,5,7,1,1,10,5,5,2,17,1,22,3,10,1,1,7,9,1,8,1,15,,4,4,1,22,9,121.5062899,25.04375264
111,7,12,13,11,2,02萬華區,萬華區西寧南路與峨眉街口,0,0,1,2,C03,8,1,5,30,4,1,4,5,4,5,7,1,1,10,5,5,2,17,1,21,2,9,1,1,7,5,1,10,1,14,,44,4,1,22,9,121.5062899,25.04375264
111,7,12,13,19,2,03中山區,中山區市民高架道往西臺北轉運站前,0,0,2,1,B03,8,1,5,70,10,9,1,5,4,5,7,4,4,1,4,5,2,13,1,39,3,10,3,4,7,9,1,8,1,1,,23,23,1,22,9,121.51902,25.0484063
111,7,12,13,19,2,03中山區,中山區市民高架道往西臺北轉運站前,0,0,2,2,B03,8,1,5,70,10,9,1,5,4,5,7,4,4,1,4,5,2,13,1,32,3,10,3,4,7,12,1,8,1,3,,44,23,1,22,9,121.51902,25.0484063
111,7,12,13,19,2,03中山區,中山區市民高架道往西臺北轉運站前,0,0,2,3,B01,8,1,5,70,10,9,1,5,4,5,7,4,4,1,4,5,2,13,1,46,3,10,3,4,7,14,1,3,1,3,,44,23,1,22,9,121.51902,25.0484063
111,7,12,13,19,2,03中山區,中山區市民高架道往西臺北轉運站前,0,0,2,4,B03,8,1,5,70,10,9,1,5,4,5,7,4,4,1,4,5,2,13,1,51,3,10,3,4,7,14,6,18,1,3,,44,23,1,22,9,121.51902,25.0484063
111,7,12,13,19,2,03中山區,中山區市民高架道往西臺北轉運站前,0,0,2,5,H02,8,1,5,70,10,9,1,5,4,5,7,4,4,1,4,5,2,13,2,43,2,1,4,5,7,17,8,20,10,16,,67,23,1,22,9,121.51902,25.0484063
111,7,12,13,19,2,03中山區,中山區市民高架道往西臺北轉運站前,0,0,2,6,H02,8,1,5,70,10,9,1,5,4,5,7,4,4,1,4,5,2,13,2,7,2,1,4,5,7,17,8,20,10,16,,67,23,1,22,9,121.51902,25.0484063
111,7,12,13,20,2,08士林區,士林區環河北路3段與中正路口,0,0,1,1,A12,8,1,8,50,15,22,1,5,4,5,7,1,1,1,5,5,1,16,1,59,3,10,1,1,7,6,1,3,1,2,,9,9,1,22,9,121.505599,25.0859962
111,7,12,13,20,2,08士林區,士林區環河北路3段與中正路口,0,0,1,2,C01,8,1,8,50,15,22,1,5,4,5,7,1,1,1,5,5,1,16,1,34,2,9,1,1,7,6,1,9,1,14,,23,9,1,22,9,121.505599,25.0859962
111,7,12,13,30,2,03中山區,中山區松江路123巷與松江路口口,0,0,1,1,C03,8,1,5,50,3,1,1,5,4,5,7,4,4,1,4,5,2,16,2,23,2,9,3,4,7,6,1,10,1,12,,9,9,1,20,9,121.5331409,25.05291438
111,7,12,13,30,2,03中山區,中山區松江路123巷與松江路口口,0,0,1,2,C03,8,1,5,50,3,1,1,5,4,5,7,4,4,1,4,5,2,16,1,27,3,10,3,4,7,9,1,10,1,14,,14,9,1,22,9,121.5331409,25.05291438
111,7,12,13,45,2,02萬華區,萬華區中華路2段與莒光路口,0,0,1,1,B03,8,1,5,50,4,2,1,5,4,5,7,1,1,1,4,5,1,16,1,34,3,10,1,1,7,11,1,8,1,8,,10,10,1,22,9,121.5040367,25.03134196
111,7,12,13,45,2,02萬華區,萬華區中華路2段與莒光路口,0,0,1,2,C03,8,1,5,50,4,2,1,5,4,5,7,1,1,1,4,5,1,16,1,34,2,9,1,1,7,9,1,10,1,14,,44,10,1,22,9,121.5040367,25.03134196
111,7,12,14,0,2,05中正區,中正區中山南路與徐州路口,0,0,4,2,C03,8,1,5,50,3,1,1,5,4,5,7,2,1,1,4,1,2,17,1,26,2,9,1,1,7,9,1,10,2,13,,23,23,1,22,9,121.5185498,25.0417025
111,7,12,14,0,2,05中正區,中正區中山南路與徐州路口,0,0,4,3,C03,8,1,5,50,3,1,1,5,4,5,7,2,1,1,4,1,2,17,1,30,2,9,1,1,7,14,1,10,2,14,,44,23,1,22,9,121.5185498,25.0417025