發生年度,發生月,發生日,發生時-Hours,發生分,處理別-編號,區序,肇事地點,死亡人數,2-30日死亡人數,受傷人數,當事人序號,車種,天候,光線,道路類別,速限-速度限制,道路型態,事故位置,路面狀況1,路面狀況2,路面狀況3,道路障礙1,道路障礙2,號誌1,號誌2,車道劃分-分向,車道劃分-分道1,車道劃分-分道2,車道劃分-分道3,事故類型及型態,性別,年齡,受傷程度,主要傷處,安全帽,行動電話,車輛用途,當事者行動狀態,駕駛資格情形,駕駛執照種類,飲酒情形,車輛撞擊部位1,車輛撞擊部位2,肇因碼-個別,肇因碼-主要,個人肇逃否,職業,旅次目的,座標-X,座標-Y
111,7,12,14,0,2,05中正區,中正區中山南路與徐州路口,0,0,4,4,H02,8,1,5,50,3,1,1,5,4,5,7,2,1,1,4,1,2,17,2,31,2,9,4,5,7,20,8,20,10,16,,67,23,1,22,9,121.5185498,25.0417025
111,7,12,14,0,2,05中正區,中正區中山南路與徐州路口,0,0,4,1,C03,8,1,5,50,3,1,1,5,4,5,7,2,1,1,4,1,2,17,1,30,2,9,1,1,7,9,1,10,2,11,,23,23,1,22,9,121.5185498,25.0417025
111,7,12,14,1,2,05中正區,中正區羅斯福路1段8號,0,0,3,1,B01,8,1,5,50,14,9,1,5,4,5,7,4,4,3,4,4,2,17,1,57,4,11,3,4,7,10,7,19,11,15,,7,7,2,22,9,121.5183582,25.03265975
111,7,12,14,1,2,05中正區,中正區羅斯福路1段8號,0,0,3,2,C03,8,1,5,50,14,9,1,5,4,5,7,4,4,3,4,4,2,17,2,21,2,8,1,1,7,9,1,10,1,14,,44,7,1,22,9,121.5183582,25.03265975
111,7,12,14,1,2,05中正區,中正區羅斯福路1段8號,0,0,3,3,C03,8,1,5,50,14,9,1,5,4,5,7,4,4,3,4,4,2,17,1,21,2,8,1,1,7,9,1,10,1,11,,16,7,1,22,9,121.5183582,25.03265975
111,7,12,14,1,2,05中正區,中正區羅斯福路1段8號,0,0,3,4,H02,8,1,5,50,14,9,1,5,4,5,7,4,4,3,4,4,2,17,2,21,2,7,1,5,7,20,8,20,10,16,,67,7,1,22,9,121.5183582,25.03265975
111,7,12,14,47,2,03中山區,中山區市民大道3段與松江路口,0,0,1,1,B03,8,1,5,40,4,1,1,5,4,5,7,1,1,1,4,5,2,16,1,47,3,10,1,1,7,6,1,8,1,2,,9,9,1,22,9,121.53304,25.0455304
111,7,12,14,47,2,03中山區,中山區市民大道3段與松江路口,0,0,1,2,C03,8,1,5,40,4,1,1,5,4,5,7,1,1,1,4,5,2,16,1,53,2,9,1,1,7,9,1,10,1,14,,13,9,1,22,9,121.53304,25.0455304
111,7,12,14,50,2,08士林區,士林區延平北路7段106巷(延平河濱270燈桿),0,0,1,1,C03,8,1,5,30,14,9,1,5,4,5,7,1,1,10,5,5,1,17,1,63,2,8,1,1,7,5,1,10,1,14,,8,8,1,22,9,121.4959285,25.10454347
111,7,12,14,50,2,08士林區,士林區延平北路7段106巷(延平河濱270燈桿),0,0,1,2,C02,8,1,5,30,14,9,1,5,4,5,7,1,1,10,5,5,1,17,1,21,3,10,1,1,7,9,1,9,1,12,,44,8,1,22,9,121.4959285,25.10454347
111,7,12,15,4,2,01大同區,大同區鄭州路與太原路口,0,0,5,1,H03,7,1,5,40,3,2,1,5,4,5,7,3,1,1,5,5,2,9,2,25,3,10,4,5,8,16,8,20,10,16,,59,59,1,22,9,121.514876,25.0492146
111,7,12,15,4,2,01大同區,大同區鄭州路與太原路口,0,0,5,2,C03,7,1,5,40,3,2,1,5,4,5,7,3,1,1,5,5,2,9,1,56,4,11,3,4,7,15,7,19,11,15,,44,59,2,22,9,121.514876,25.0492146
111,7,12,15,4,2,01大同區,大同區鄭州路與太原路口,0,0,5,3,C03,7,1,5,40,3,2,1,5,4,5,7,3,1,1,5,5,2,9,1,47,2,9,1,1,7,9,1,10,1,11,,44,59,1,22,9,121.514876,25.0492146
111,7,12,15,4,2,01大同區,大同區鄭州路與太原路口,0,0,5,4,C03,7,1,5,40,3,2,1,5,4,5,7,3,1,1,5,5,2,9,1,25,2,9,1,1,7,9,1,10,1,14,,44,59,1,22,9,121.514876,25.0492146
111,7,12,15,4,2,01大同區,大同區鄭州路與太原路口,0,0,5,5,C03,7,1,5,40,3,2,1,5,4,5,7,3,1,1,5,5,2,9,2,28,2,7,1,1,7,9,1,10,1,13,,44,59,1,22,9,121.514876,25.0492146
111,7,12,15,4,2,01大同區,大同區鄭州路與太原路口,0,0,5,6,H02,7,1,5,40,3,2,1,5,4,5,7,3,1,1,5,5,2,9,2,32,2,9,4,5,7,21,8,20,10,16,,67,59,1,22,9,121.514876,25.0492146
111,7,12,15,4,2,01大同區,大同區鄭州路與太原路口,0,0,5,7,H02,7,1,5,40,3,2,1,5,4,5,7,3,1,1,5,5,2,9,2,30,2,7,4,5,7,21,8,20,10,16,,67,59,1,22,9,121.514876,25.0492146
111,7,12,15,19,2,02萬華區,萬華區西園路1段與桂林路口,0,0,1,1,C03,8,1,5,50,4,1,1,5,4,5,7,2,1,5,4,5,2,17,2,22,2,9,1,1,7,5,1,10,1,12,,8,8,1,22,9,121.4998447,25.03849924
111,7,12,15,19,2,02萬華區,萬華區西園路1段與桂林路口,0,0,1,2,C03,8,1,5,50,4,1,1,5,4,5,7,2,1,5,4,5,2,17,1,22,3,10,1,1,7,9,1,10,1,11,,44,8,1,22,9,121.4998447,25.03849924
111,7,12,15,40,2,05中正區,中正區信義路1段5-1號,0,0,1,1,C03,8,1,5,50,14,8,1,5,4,5,7,4,4,1,4,1,2,13,1,18,2,9,1,1,7,9,1,10,1,11,,23,23,1,22,9,121.5202976,25.0376005
111,7,12,15,40,2,05中正區,中正區信義路1段5-1號,0,0,1,2,B01,8,1,5,50,14,8,1,5,4,5,7,4,4,1,4,1,2,13,1,60,3,10,1,4,7,14,1,4,1,6,,38,23,1,22,9,121.5202976,25.0376005
111,7,12,15,54,2,04大安區,大安區金山南路2段230號,0,0,1,1,B03,8,1,5,50,14,9,1,5,4,5,7,4,4,1,4,5,2,16,2,51,3,10,3,4,7,6,1,8,1,5,,9,9,1,22,9,121.5259362,25.02734829
111,7,12,15,54,2,04大安區,大安區金山南路2段230號,0,0,1,2,C03,8,1,5,50,14,9,1,5,4,5,7,4,4,1,4,5,2,16,2,27,2,9,1,4,7,9,1,10,1,14,,44,9,1,22,9,121.5259362,25.02734829
111,7,12,15,56,2,09北投區,北投區懷德街56巷與榮華三路41巷口,0,0,2,1,C03,8,1,5,30,4,1,1,5,4,5,7,4,4,10,5,5,2,15,1,52,2,9,1,1,7,9,3,18,2,12,,26,26,1,22,9,121.5204254,25.1127283
111,7,12,15,56,2,09北投區,北投區懷德街56巷與榮華三路41巷口,0,0,2,2,C03,8,1,5,30,4,1,1,5,4,5,7,4,4,10,5,5,2,15,1,53,2,9,1,1,7,9,1,10,2,11,,23,26,1,22,9,121.5204254,25.1127283
111,7,12,16,10,2,02萬華區,萬華區桂林路與環河南路2段口,0,0,1,1,B02,8,1,5,50,4,2,1,5,4,5,7,1,1,5,4,4,2,12,1,52,3,10,1,1,7,6,1,4,1,6,,9,9,1,22,9,121.4973089,25.03854479
111,7,12,16,10,2,02萬華區,萬華區桂林路與環河南路2段口,0,0,1,2,C03,8,1,5,50,4,2,1,5,4,5,7,1,1,5,4,4,2,12,1,39,2,9,1,1,7,9,3,18,1,11,,25,9,1,22,9,121.4973089,25.03854479
111,7,12,16,16,2,01大同區,大同區南京西路與南京西路25巷口,0,0,2,1,C03,8,1,5,30,4,1,1,5,4,5,7,2,1,10,5,5,2,12,1,30,2,8,1,1,7,9,1,10,1,12,,43,43,1,22,9,121.5202771,25.05266201
111,7,12,16,16,2,01大同區,大同區南京西路與南京西路25巷口,0,0,2,2,C03,8,1,5,30,4,1,1,5,4,5,7,2,1,10,5,5,2,12,1,41,2,8,1,4,7,9,1,10,1,14,,43,43,1,22,9,121.5202771,25.05266201
111,7,12,16,24,2,04大安區,大安區敦化南路1段252巷與敦化南路1段口,0,0,1,1,B01,8,1,5,50,3,2,1,5,4,5,7,4,4,8,3,5,1,12,1,66,3,10,1,1,7,6,1,4,1,15,,6,6,1,10,4,121.5485803,25.03978253
111,7,12,16,24,2,04大安區,大安區敦化南路1段252巷與敦化南路1段口,0,0,1,2,C03,8,1,5,50,3,2,1,5,4,5,7,4,4,8,3,5,1,12,2,31,2,8,1,1,7,9,1,10,1,14,,44,6,1,5,1,121.5485803,25.03978253
111,7,12,16,32,2,12內湖區,內湖區內湖路2段263巷與內湖路2段253巷1弄口,0,0,2,1,C03,7,1,5,30,4,1,1,5,4,5,7,4,4,10,5,5,2,16,2,39,2,9,1,1,7,9,1,10,1,11,,6,6,1,22,9,121.590164,25.08249916
111,7,12,16,32,2,12內湖區,內湖區內湖路2段263巷與內湖路2段253巷1弄口,0,0,2,2,B03,7,1,5,30,4,1,1,5,4,5,7,4,4,10,5,5,2,16,2,67,3,10,1,1,7,9,1,8,1,2,,44,6,1,22,9,121.590164,25.08249916
111,7,12,16,32,2,12內湖區,內湖區內湖路2段263巷與內湖路2段253巷1弄口,0,0,2,3,B12,7,1,5,30,4,1,1,5,4,5,7,4,4,10,5,5,2,16,1,57,4,11,3,4,7,15,7,19,11,15,,38,6,2,22,9,121.590164,25.08249916
111,7,12,16,32,2,12內湖區,內湖區內湖路2段263巷與內湖路2段253巷1弄口,0,0,2,4,H02,7,1,5,30,4,1,1,5,4,5,7,4,4,10,5,5,2,16,2,3,2,7,1,5,7,21,8,20,10,16,,67,6,1,22,9,121.590164,25.08249916
111,7,12,16,34,2,04大安區,大安區敦化南路1段270巷與仁愛路4段71巷口,0,0,1,1,C03,8,1,5,30,5,1,1,5,4,5,7,4,4,10,5,5,2,15,2,22,2,8,1,4,7,9,1,10,1,14,,6,6,1,22,9,121.5471319,25.0389738
111,7,12,16,34,2,04大安區,大安區敦化南路1段270巷與仁愛路4段71巷口,0,0,1,2,B01,8,1,5,30,5,1,1,5,4,5,7,4,4,10,5,5,2,15,1,32,3,10,1,4,7,9,1,4,1,5,,14,6,1,22,9,121.5471319,25.0389738
111,7,12,16,47,2,12內湖區,內湖區成功路2段與民權東路6段口,0,0,1,1,C03,8,1,5,50,4,1,1,5,4,5,7,2,1,1,4,5,2,12,1,23,2,9,1,1,7,9,1,10,2,11,,13,13,1,22,9,121.5907963,25.06889294
111,7,12,16,47,2,12內湖區,內湖區成功路2段與民權東路6段口,0,0,1,2,C03,8,1,5,50,4,1,1,5,4,5,7,2,1,1,4,5,2,12,1,21,3,10,1,1,7,8,1,10,2,13,,7,13,1,22,9,121.5907963,25.06889294
111,7,12,16,47,2,12內湖區,內湖區成功路2段與民權東路6段口,0,0,1,3,H02,8,1,5,50,4,1,1,5,4,5,7,2,1,1,4,5,2,12,1,21,3,10,4,5,7,21,8,20,10,16,,67,13,1,22,9,121.5907963,25.06889294
111,7,12,16,50,2,12內湖區,內湖區文德路101巷與文德路口,0,0,1,1,B03,8,1,5,50,4,1,1,5,4,5,7,2,1,1,4,5,2,16,1,32,3,10,1,1,7,11,1,8,1,6,,11,11,1,22,9,121.5835925,25.07859073
111,7,12,16,50,2,12內湖區,內湖區文德路101巷與文德路口,0,0,1,2,C03,8,1,5,50,4,1,1,5,4,5,7,2,1,1,4,5,2,16,1,38,2,9,1,1,7,9,1,10,1,11,,23,11,1,22,9,121.5835925,25.07859073
111,7,12,17,0,2,04大安區,大安區和平東路3段與基隆路2段口,0,0,1,1,B03,8,1,5,50,5,1,1,5,4,5,7,2,1,10,5,5,2,16,1,32,3,10,3,4,7,6,1,8,1,5,,6,6,1,22,9,121.5528232,25.02470414
111,7,12,17,0,2,04大安區,大安區和平東路3段與基隆路2段口,0,0,1,2,C03,8,1,5,50,5,1,1,5,4,5,7,2,1,10,5,5,2,16,1,57,2,8,3,4,7,9,1,10,1,14,,17,6,1,22,9,121.5528232,25.02470414
111,7,12,17,4,2,12內湖區,內湖區行善路與行善路181巷口,0,0,2,1,B03,8,1,5,50,3,1,1,5,4,5,7,4,4,3,4,4,2,17,1,81,4,11,3,4,7,6,7,19,11,15,,9,9,2,22,9,121.5815627,25.05966475
111,7,12,17,4,2,12內湖區,內湖區行善路與行善路181巷口,0,0,2,2,C03,8,1,5,50,3,1,1,5,4,5,7,4,4,3,4,4,2,17,1,21,2,9,1,1,7,9,1,9,2,15,,13,9,1,22,9,121.5815627,25.05966475
111,7,12,17,4,2,12內湖區,內湖區行善路與行善路181巷口,0,0,2,3,H02,8,1,5,50,3,1,1,5,4,5,7,4,4,3,4,4,2,17,1,25,2,8,1,1,7,21,8,20,10,15,,67,9,1,22,9,121.5815627,25.05966475
111,7,12,17,8,2,07信義區,信義區基隆路1段與基隆路1段102巷口,0,0,1,1,B03,8,1,5,50,3,2,1,5,4,5,7,4,4,1,4,5,2,17,1,21,3,10,3,4,7,6,1,8,1,6,,9,9,1,22,9,121.5668039,25.0453335
111,7,12,17,8,2,07信義區,信義區基隆路1段與基隆路1段102巷口,0,0,1,2,C03,8,1,5,50,3,2,1,5,4,5,7,4,4,1,4,5,2,17,2,21,2,8,3,4,7,9,1,10,1,11,,14,9,1,22,9,121.5668039,25.0453335
111,7,12,17,57,2,05中正區,中正區南海路與牯嶺街口,0,0,1,1,B03,8,2,5,30,14,9,1,5,4,1,7,1,1,10,4,5,2,12,1,29,3,10,1,1,7,6,1,8,1,2,,9,9,1,22,9,121.5149579,25.0320293
111,7,12,17,57,2,05中正區,中正區南海路與牯嶺街口,0,0,1,2,C04,8,2,5,30,14,9,1,5,4,1,7,1,1,10,4,5,2,12,1,55,2,9,1,1,7,9,1,10,1,14,,44,9,1,22,9,121.5149579,25.0320293
111,7,12,17,58,2,05中正區,中正區和平西路1段與泉州街口,0,0,1,1,B03,8,2,5,50,5,1,1,5,4,5,7,2,1,3,4,5,2,13,1,45,3,10,1,1,7,9,6,18,2,1,,23,23,1,22,9,121.5148551,25.0276617
111,7,12,17,58,2,05中正區,中正區和平西路1段與泉州街口,0,0,1,2,C03,8,2,5,50,5,1,1,5,4,5,7,2,1,3,4,5,2,13,2,50,2,9,1,1,7,14,1,10,2,13,,44,23,1,22,9,121.5148551,25.0276617
111,7,12,18,5,2,11南港區,南港區研究院路2段3巷與研究院路2段3巷口五號,0,0,2,1,C03,8,1,5,30,3,2,1,5,4,5,7,4,4,9,5,5,2,11,2,42,2,9,1,3,7,5,1,10,2,11,,8,8,1,22,9,121.6162317,25.0479653
111,7,12,18,5,2,11南港區,南港區研究院路2段3巷與研究院路2段3巷口五號,0,0,2,2,C03,8,1,5,30,3,2,1,5,4,5,7,4,4,9,5,5,2,11,1,24,2,9,1,1,7,9,1,10,2,11,,14,8,1,22,9,121.6162317,25.0479653
111,7,12,18,15,2,08士林區,士林區德行東路與德行東路81巷口,0,0,2,1,C03,8,1,5,30,4,2,1,5,4,5,7,4,4,10,5,5,1,15,1,44,2,9,1,1,7,9,1,10,1,14,,6,6,1,22,9,121.5274232,25.1073766
111,7,12,18,15,2,08士林區,士林區德行東路與德行東路81巷口,0,0,2,2,C03,8,1,5,30,4,2,1,5,4,5,7,4,4,10,5,5,1,15,2,22,2,8,1,1,7,9,1,10,1,12,,14,6,1,22,9,121.5274232,25.1073766
111,7,12,19,15,2,11南港區,南港區東新街與市民大道7段口,0,0,3,1,C03,8,3,5,50,4,2,1,5,4,5,7,1,1,8,3,5,2,13,2,20,2,8,1,1,7,9,1,10,1,11,,23,23,1,22,9,121.5830805,25.0495637
111,7,12,19,15,2,11南港區,南港區東新街與市民大道7段口,0,0,3,2,C03,8,3,5,50,4,2,1,5,4,5,7,1,1,8,3,5,2,13,1,34,2,8,1,1,7,9,1,10,1,11,,16,23,1,22,9,121.5830805,25.0495637
111,7,12,19,15,2,11南港區,南港區東新街與市民大道7段口,0,0,3,3,C03,8,3,5,50,4,2,1,5,4,5,7,1,1,8,3,5,2,13,1,20,2,8,1,1,7,14,1,10,1,13,,44,23,1,22,9,121.5830805,25.0495637
111,7,12,19,15,2,11南港區,南港區東新街與市民大道7段口,0,0,3,4,C04,8,3,5,50,4,2,1,5,4,5,7,1,1,8,3,5,2,13,4,,4,11,3,4,7,15,7,19,11,15,,43,23,2,22,9,121.5830805,25.0495637
111,7,12,19,17,2,11南港區,南港區忠孝東路7段576號,0,0,2,1,F03,8,3,5,40,14,8,1,5,4,5,6,3,1,1,4,4,2,17,1,19,2,9,1,4,7,9,8,20,2,16,,23,23,1,22,9,121.6136414,25.0526173
111,7,12,19,17,2,11南港區,南港區忠孝東路7段576號,0,0,2,2,C03,8,3,5,40,14,8,1,5,4,5,6,3,1,1,4,4,2,17,1,44,2,9,1,4,7,14,1,10,2,13,,44,23,1,22,9,121.6136414,25.0526173
111,7,12,19,36,2,04大安區,大安區仁愛路4段與復興南路1段口,0,0,1,1,B01,7,3,5,50,14,8,1,5,4,5,7,2,1,9,3,4,2,16,1,64,3,10,1,1,7,8,1,4,2,6,,7,7,1,22,9,121.5438411,25.03793649
111,7,12,19,36,2,04大安區,大安區仁愛路4段與復興南路1段口,0,0,1,2,C03,7,3,5,50,14,8,1,5,4,5,7,2,1,9,3,4,2,16,2,21,2,9,1,1,7,9,1,10,2,15,,44,7,1,22,9,121.5438411,25.03793649
111,7,12,20,20,2,10文山區,文山區忠順街2段90巷與保儀路138巷口,0,0,2,1,C03,8,3,5,30,4,2,1,5,4,5,7,4,4,9,5,5,2,18,2,21,2,9,1,1,7,5,1,10,11,14,,42,42,1,22,9,121.5656873,24.9846158
111,7,12,20,20,2,10文山區,文山區忠順街2段90巷與保儀路138巷口,0,0,2,2,,8,3,5,30,4,2,1,5,4,5,7,4,4,9,5,5,2,18,3,,,,,,,,,,,,,67,42,1,,,121.5656873,24.9846158
111,7,12,20,20,2,10文山區,文山區忠順街2段90巷與保儀路138巷口,0,0,2,3,H02,8,3,5,30,4,2,1,5,4,5,7,4,4,9,5,5,2,18,2,21,2,9,1,1,7,17,8,20,10,16,,67,42,1,22,9,121.5656873,24.9846158
111,7,12,20,30,2,10文山區,文山區羅斯福路4段與基隆路4段口,0,0,1,1,C03,8,3,5,50,4,1,1,5,4,5,7,2,1,1,4,5,2,16,2,29,2,9,1,1,7,5,1,10,2,13,,26,26,1,22,9,121.5370278,25.01092425
111,7,12,20,30,2,10文山區,文山區羅斯福路4段與基隆路4段口,0,0,1,2,B03,8,3,5,50,4,1,1,5,4,5,7,2,1,1,4,5,2,16,1,25,3,10,1,1,7,9,1,8,2,1,,44,26,1,22,9,121.5370278,25.01092425
111,7,12,20,41,2,09北投區,北投區東華街1段與石牌路2段口,0,0,3,1,C03,8,3,5,50,4,1,1,5,4,5,7,1,1,10,4,5,2,16,1,32,2,6,1,1,7,5,1,9,1,14,,8,8,1,22,9,121.5152282,25.1153071
111,7,12,20,41,2,09北投區,北投區東華街1段與石牌路2段口,0,0,3,2,C03,8,3,5,50,4,1,1,5,4,5,7,1,1,10,4,5,2,16,1,24,2,9,1,1,7,9,1,10,1,12,,13,8,1,22,9,121.5152282,25.1153071
111,7,12,20,41,2,09北投區,北投區東華街1段與石牌路2段口,0,0,3,3,H02,8,3,5,50,4,1,1,5,4,5,7,1,1,10,4,5,2,16,2,24,2,7,1,5,7,20,8,20,10,16,,67,8,1,22,9,121.5152282,25.1153071
111,7,12,21,31,2,04大安區,大安區復興南路1段與仁愛路3段123巷13弄口口,0,0,1,1,B03,7,3,5,50,4,2,1,5,4,5,7,2,1,8,3,5,1,17,2,41,3,10,3,4,7,9,1,8,2,8,,25,25,1,22,9,121.5436627,25.0398217
111,7,12,21,31,2,04大安區,大安區復興南路1段與仁愛路3段123巷13弄口口,0,0,1,2,C03,7,3,5,50,4,2,1,5,4,5,7,2,1,8,3,5,1,17,2,63,2,9,3,4,7,5,1,10,9,12,,44,25,1,22,9,121.5436627,25.0398217
111,7,12,21,44,2,04大安區,大安區和平東路2段279號,0,0,1,1,C03,7,3,5,30,15,20,1,5,4,5,7,4,4,9,5,5,2,17,1,24,3,10,1,1,7,9,1,10,1,11,,26,26,1,22,9,121.5444453,25.02495232
111,7,12,21,44,2,04大安區,大安區和平東路2段279號,0,0,1,2,F01,7,3,5,30,15,20,1,5,4,5,7,4,4,9,5,5,2,17,1,65,2,1,1,1,7,9,8,20,1,16,,29,26,1,22,9,121.5444453,25.02495232
111,7,12,22,6,2,02萬華區,萬華區和平西路3段與廣州街218巷口,0,0,1,2,B03,8,1,5,40,3,2,1,5,4,5,7,4,4,1,4,5,1,17,1,49,2,7,1,1,7,14,1,8,2,4,,43,43,1,22,9,121.4968654,25.03539256
111,7,12,22,6,2,02萬華區,萬華區和平西路3段與廣州街218巷口,0,0,1,4,B03,8,1,5,40,3,2,1,5,4,5,7,4,4,1,4,5,1,17,2,30,3,10,1,1,7,13,1,8,2,7,,43,43,1,22,9,121.4968654,25.03539256
111,7,12,22,6,2,02萬華區,萬華區和平西路3段與廣州街218巷口,0,0,1,3,B01,8,1,5,40,3,2,1,5,4,5,7,4,4,1,4,5,1,17,1,57,3,10,1,1,7,9,1,4,2,6,,43,43,1,22,9,121.4968654,25.03539256
111,7,12,22,6,2,02萬華區,萬華區和平西路3段與廣州街218巷口,0,0,1,1,,8,1,5,40,3,2,1,5,4,5,7,4,4,1,4,5,1,17,4,,4,11,3,4,7,15,7,19,11,15,,43,43,2,22,9,121.4968654,25.03539256
111,7,13,0,0,2,03中山區,中山區八德路2段與遼寧街口,0,0,2,1,B01,8,3,5,50,4,1,1,5,4,5,7,2,1,10,5,5,2,16,1,26,3,10,1,1,7,11,1,8,1,7,,10,,1,22,9,121.5422043,25.04713223
111,7,13,0,0,2,03中山區,中山區八德路2段與遼寧街口,0,0,2,2,C03,8,3,5,50,4,1,1,5,4,5,7,2,1,10,5,5,2,16,1,21,2,9,1,1,7,11,1,10,1,11,,23,,1,22,9,121.5422043,25.04713223
111,7,13,0,0,2,03中山區,中山區八德路2段與遼寧街口,0,0,2,3,H02,8,3,5,50,4,1,1,5,4,5,7,2,1,10,5,5,2,16,2,23,2,9,1,5,7,20,8,20,10,16,,67,,1,22,9,121.5422043,25.04713223
111,7,13,0,18,2,02萬華區,萬華區西寧南路159號,0,0,2,1,B01,8,3,5,50,14,9,1,5,4,5,7,4,4,10,4,5,2,17,1,32,3,10,1,1,7,1,1,4,1,15,,19,19,1,22,9,121.5060899,25.04331527
111,7,13,0,18,2,02萬華區,萬華區西寧南路159號,0,0,2,2,C03,8,3,5,50,14,9,1,5,4,5,7,4,4,10,4,5,2,17,1,21,2,9,1,1,7,7,1,10,1,11,,13,19,1,22,9,121.5060899,25.04331527
111,7,13,0,18,2,02萬華區,萬華區西寧南路159號,0,0,2,3,H02,8,3,5,50,14,9,1,5,4,5,7,4,4,10,4,5,2,17,2,16,2,9,4,5,7,20,8,20,10,16,,67,19,1,22,9,121.5060899,25.04331527
111,7,13,0,18,2,02萬華區,萬華區西寧南路159號,0,0,2,4,,8,3,5,50,14,9,1,5,4,5,7,4,4,10,4,5,2,17,3,,,,,,,,,,,,,67,19,1,,,121.5060899,25.04331527
111,7,13,1,5,2,05中正區,中正區中華路2段與寧波西街口,0,0,1,1,C03,8,3,5,50,4,1,1,5,4,5,7,1,1,5,5,4,2,13,1,41,2,8,1,1,7,8,1,10,1,11,,23,23,1,22,9,121.5101452,25.0246234
111,7,13,1,5,2,05中正區,中正區中華路2段與寧波西街口,0,0,1,2,B01,8,3,5,50,4,1,1,5,4,5,7,1,1,5,5,4,2,13,1,51,3,10,1,1,7,14,1,4,1,7,,38,23,1,22,9,121.5101452,25.0246234
111,7,13,1,28,2,05中正區,中正區和平西路1段與重慶南路3段口,0,0,1,1,C03,8,3,5,50,5,2,1,5,4,5,7,2,1,3,4,4,2,13,1,24,2,8,1,1,7,9,3,18,2,11,,23,23,1,22,9,121.5161515,25.0269379
111,7,13,1,28,2,05中正區,中正區和平西路1段與重慶南路3段口,0,0,1,2,B03,8,3,5,50,5,2,1,5,4,5,7,2,1,3,4,4,2,13,1,49,3,10,1,1,7,14,1,8,2,3,,44,23,1,22,9,121.5161515,25.0269379
111,7,13,6,55,2,08士林區,士林區福港街248號,0,0,2,1,C03,8,1,5,50,14,9,1,5,4,5,7,4,4,9,4,5,2,17,2,21,2,5,1,1,7,2,1,10,1,13,,12,12,1,22,9,121.5175838,25.08421736
111,7,13,6,55,2,08士林區,士林區福港街248號,0,0,2,2,C03,8,1,5,50,14,9,1,5,4,5,7,4,4,9,4,5,2,17,1,62,2,9,1,1,7,9,1,10,1,11,,44,12,1,22,9,121.5175838,25.08421736
111,7,13,7,38,2,05中正區,中正區汀州路3段210號,0,0,2,2,C03,8,1,5,50,14,9,1,5,4,5,7,4,4,9,4,5,2,12,1,32,2,9,1,1,7,9,1,10,2,11,,13,10,1,22,9,121.5355231,25.0120475
111,7,13,7,38,2,05中正區,中正區汀州路3段210號,0,0,2,1,C03,8,1,5,50,14,9,1,5,4,5,7,4,4,9,4,5,2,12,2,69,2,9,1,1,7,11,1,10,2,14,,10,10,1,22,9,121.5355231,25.0120475
111,7,13,7,40,2,10文山區,文山區溪洲街137巷與溪洲街137巷口,0,0,1,1,C03,8,1,5,50,3,1,1,5,4,5,7,4,4,9,4,5,2,16,2,58,2,7,1,1,7,9,1,10,2,11,,44,44,1,22,9,121.536065,25.00006196
111,7,13,7,40,2,10文山區,文山區溪洲街137巷與溪洲街137巷口,0,0,1,2,B03,8,1,5,50,3,1,1,5,4,5,7,4,4,9,4,5,2,16,1,43,3,10,1,1,7,6,1,8,2,2,,9,44,1,22,9,121.536065,25.00006196
111,7,13,8,4,2,03中山區,中山區長安東路1段與天津街口,0,0,1,1,B03,8,1,5,50,4,2,1,5,4,5,7,1,1,5,4,5,2,11,2,61,3,10,3,4,7,5,1,8,1,5,,42,42,1,22,9,121.5228851,25.0497648
111,7,13,8,4,2,03中山區,中山區長安東路1段與天津街口,0,0,1,2,C03,8,1,5,50,4,2,1,5,4,5,7,1,1,5,4,5,2,11,1,41,2,9,1,4,7,9,1,10,1,11,,44,42,1,22,9,121.5228851,25.0497648
111,7,13,8,4,2,09北投區,北投區中央北路2段與文化三路口,0,0,2,1,B03,7,1,5,50,3,1,1,5,4,5,7,2,1,5,4,5,2,16,1,66,3,10,1,1,7,9,1,8,2,7,,25,25,1,22,9,121.496108,25.13653411
111,7,13,8,4,2,09北投區,北投區中央北路2段與文化三路口,0,0,2,2,C03,7,1,5,50,3,1,1,5,4,5,7,2,1,5,4,5,2,16,2,56,2,7,1,1,7,5,1,10,2,12,,44,25,1,22,9,121.496108,25.13653411
111,7,13,8,4,2,09北投區,北投區中央北路2段與文化三路口,0,0,2,3,H02,7,1,5,50,3,1,1,5,4,5,7,2,1,5,4,5,2,16,2,26,2,9,1,1,7,20,8,20,10,15,,67,25,1,22,9,121.496108,25.13653411
111,7,13,8,12,2,05中正區,中正區貴陽街1段高等法院停車場出入口,0,0,2,1,C03,8,1,5,50,14,9,1,5,4,5,7,4,4,9,4,5,1,16,2,38,2,7,1,1,7,5,1,10,2,11,,43,43,1,21,1,121.5117823,25.03881362
111,7,13,8,12,2,05中正區,中正區貴陽街1段高等法院停車場出入口,0,0,2,2,C03,8,1,5,50,14,9,1,5,4,5,7,4,4,9,4,5,1,16,1,27,2,7,1,1,7,9,1,10,2,11,,43,43,1,21,1,121.5117823,25.03881362
111,7,13,8,25,2,07信義區,信義區忠孝東路5段423巷66號,0,0,1,1,C03,8,1,5,30,14,9,1,5,4,5,7,4,4,9,5,5,2,17,1,73,2,9,1,1,7,5,1,10,2,12,,8,8,1,22,9,121.5754446,25.0437522
111,7,13,8,25,2,07信義區,信義區忠孝東路5段423巷66號,0,0,1,2,B03,8,1,5,30,14,9,1,5,4,5,7,4,4,9,5,5,2,17,1,57,3,10,1,1,7,9,1,8,2,8,,14,8,1,22,9,121.5754446,25.0437522