發生年度,發生月,發生日,發生時-Hours,發生分,處理別-編號,區序,肇事地點,死亡人數,2-30日死亡人數,受傷人數,當事人序號,車種,天候,光線,道路類別,速限-速度限制,道路型態,事故位置,路面狀況1,路面狀況2,路面狀況3,道路障礙1,道路障礙2,號誌1,號誌2,車道劃分-分向,車道劃分-分道1,車道劃分-分道2,車道劃分-分道3,事故類型及型態,性別,年齡,受傷程度,主要傷處,安全帽,行動電話,車輛用途,當事者行動狀態,駕駛資格情形,駕駛執照種類,飲酒情形,車輛撞擊部位1,車輛撞擊部位2,肇因碼-個別,肇因碼-主要,個人肇逃否,職業,旅次目的,座標-X,座標-Y
111,7,13,8,53,2,01大同區,大同區民權西路248號,0,0,1,1,C03,8,1,5,50,14,9,1,5,4,5,7,4,4,1,4,5,2,11,2,45,2,9,1,4,7,9,1,10,2,12,,17,17,1,22,9,121.5126691,25.06284244
111,7,13,8,53,2,01大同區,大同區民權西路248號,0,0,1,2,C03,8,1,5,50,14,9,1,5,4,5,7,4,4,1,4,5,2,11,1,37,3,10,1,4,7,9,1,10,2,14,,17,17,1,22,9,121.5126691,25.06284244
111,7,13,8,56,2,01大同區,大同區長安西路與西寧北路口,0,0,2,1,C03,8,1,5,50,4,2,1,5,4,5,7,1,1,9,4,5,2,12,1,74,2,9,1,1,7,1,1,10,1,11,,19,19,1,22,9,121.5083963,25.05199236
111,7,13,8,56,2,01大同區,大同區長安西路與西寧北路口,0,0,2,2,C03,8,1,5,50,4,2,1,5,4,5,7,1,1,9,4,5,2,12,1,25,2,9,1,1,7,9,1,10,1,11,,44,19,1,22,9,121.5083963,25.05199236
111,7,13,9,12,2,12內湖區,內湖區堤頂大道2段399號前,0,0,1,1,B03,8,1,5,50,14,9,1,5,4,5,7,4,4,1,4,5,2,16,1,49,3,10,1,1,7,1,1,8,1,4,,19,19,1,22,9,121.5636303,25.07959505
111,7,13,9,12,2,12內湖區,內湖區堤頂大道2段399號前,0,0,1,2,C03,8,1,5,50,14,9,1,5,4,5,7,4,4,1,4,5,2,16,1,28,2,7,1,1,7,9,1,10,1,11,,44,19,1,22,9,121.5636303,25.07959505
111,7,13,9,20,2,03中山區,中山區新生北路1段與吉林路22巷口,0,0,2,1,C03,8,1,5,30,14,9,1,5,4,5,7,4,4,1,3,5,1,16,1,24,2,9,1,1,7,6,1,10,2,12,,9,9,1,22,9,121.5281445,25.0510197
111,7,13,9,20,2,03中山區,中山區新生北路1段與吉林路22巷口,0,0,2,2,C03,8,1,5,30,14,9,1,5,4,5,7,4,4,1,3,5,1,16,1,36,2,7,1,1,7,9,1,10,2,14,,44,9,1,22,9,121.5281445,25.0510197
111,7,13,9,30,2,05中正區,中正區重慶南路1段與漢口街1段口,0,0,1,2,C03,8,1,5,50,4,1,1,5,4,5,7,1,1,10,5,5,2,15,1,25,2,8,1,1,7,9,1,10,9,11,,44,43,1,22,9,121.5132891,25.0451517
111,7,13,9,30,2,05中正區,中正區重慶南路1段與漢口街1段口,0,0,1,1,C03,8,1,5,50,4,1,1,5,4,5,7,1,1,10,5,5,2,15,2,56,4,11,3,4,7,15,7,19,11,15,,43,43,2,22,9,121.5132891,25.0451517
111,7,13,9,33,2,11南港區,南港區東新街與東新街168巷口,0,0,1,1,F03,8,1,5,50,5,2,1,5,4,5,7,1,1,9,4,5,2,12,1,71,3,10,1,1,7,5,8,20,1,16,,8,8,1,22,9,121.5897529,25.0465565
111,7,13,9,33,2,11南港區,南港區東新街與東新街168巷口,0,0,1,2,C04,8,1,5,50,5,2,1,5,4,5,7,1,1,9,4,5,2,12,2,35,2,9,1,1,7,9,1,10,1,12,,44,8,1,22,9,121.5897529,25.0465565
111,7,13,9,50,2,03中山區,中山區新生北路2段與南京東路1段口,0,0,2,1,C03,8,1,5,40,4,1,1,5,4,5,7,2,1,1,4,5,2,15,1,55,2,9,3,4,7,9,1,10,1,11,,23,23,1,22,9,121.5275067,25.05216466
111,7,13,9,50,2,03中山區,中山區新生北路2段與南京東路1段口,0,0,2,2,C03,8,1,5,40,4,1,1,5,4,5,7,2,1,1,4,5,2,15,2,32,2,9,3,4,7,1,1,10,1,13,,44,23,1,22,9,121.5275067,25.05216466
111,7,13,10,14,2,05中正區,中正區市民大道1段與天津街口,0,0,2,1,B03,8,1,5,40,15,9,1,5,4,5,7,4,4,10,3,5,2,16,1,57,3,10,1,1,7,15,1,8,2,2,,6,6,1,22,9,121.5223813,25.04781444
111,7,13,10,14,2,05中正區,中正區市民大道1段與天津街口,0,0,2,2,C03,8,1,5,40,15,9,1,5,4,5,7,4,4,10,3,5,2,16,1,35,2,9,1,1,7,9,1,10,2,14,,13,6,1,22,9,121.5223813,25.04781444
111,7,13,10,14,2,05中正區,中正區市民大道1段與天津街口,0,0,2,3,C03,8,1,5,40,15,9,1,5,4,5,7,4,4,10,3,5,2,16,1,37,2,9,1,1,7,9,1,10,2,11,,13,6,1,22,9,121.5223813,25.04781444
111,7,13,10,17,2,02萬華區,萬華區忠孝西路2段與西寧南路口,0,0,1,1,B03,8,1,5,50,4,1,1,5,4,5,7,2,1,1,4,5,2,16,1,43,3,10,1,1,7,8,1,4,1,6,,7,7,1,22,9,121.5074792,25.04855657
111,7,13,10,17,2,02萬華區,萬華區忠孝西路2段與西寧南路口,0,0,1,2,C03,8,1,5,50,4,1,1,5,4,5,7,2,1,1,4,5,2,16,1,24,2,9,1,1,7,9,1,10,1,11,,44,7,1,22,9,121.5074792,25.04855657
111,7,13,10,22,2,07信義區,信義區忠孝東路5段與忠孝東路5段524巷口,0,0,1,1,B03,8,1,5,50,4,1,1,5,4,5,7,2,1,1,4,5,2,17,1,53,3,10,1,1,7,11,1,8,1,7,,10,10,1,22,9,121.5791506,25.0414684
111,7,13,10,22,2,07信義區,信義區忠孝東路5段與忠孝東路5段524巷口,0,0,1,2,C03,8,1,5,50,4,1,1,5,4,5,7,2,1,1,4,5,2,17,1,39,2,9,1,1,7,9,1,10,1,11,,26,10,1,22,9,121.5791506,25.0414684
111,7,13,10,50,2,03中山區,中山區中原街85號,0,0,1,1,C03,8,1,5,50,14,9,1,5,4,5,7,4,4,9,5,5,2,16,1,41,2,9,1,1,7,9,1,10,1,14,,23,23,1,22,9,121.5289325,25.059238
111,7,13,10,50,2,03中山區,中山區中原街85號,0,0,1,2,B03,8,1,5,50,14,9,1,5,4,5,7,4,4,9,5,5,2,16,1,47,3,10,3,1,7,13,1,8,1,7,,38,23,1,22,9,121.5289325,25.059238
111,7,13,10,50,2,03中山區,中山區中原街85號,0,0,1,3,B12,8,1,5,50,14,9,1,5,4,5,7,4,4,9,5,5,2,16,1,55,3,10,3,4,7,9,1,8,9,15,,44,23,1,22,9,121.5289325,25.059238
111,7,13,10,50,2,12內湖區,內湖區文德路218號,0,0,1,1,B03,8,1,5,50,14,9,1,5,4,5,7,4,4,1,4,4,2,13,1,64,2,1,3,4,7,9,1,8,1,1,,23,23,1,22,9,121.5866225,25.0784037
111,7,13,10,50,2,12內湖區,內湖區文德路218號,0,0,1,2,A05,8,1,5,50,14,9,1,5,4,5,7,4,4,1,4,4,2,13,1,61,3,10,3,4,7,9,1,2,1,3,,44,23,1,22,9,121.5866225,25.0784037
111,7,13,10,56,2,01大同區,大同區長安西路與長安西路172巷口,0,0,1,1,B03,8,1,5,50,3,1,1,5,4,5,7,4,4,8,3,5,1,16,1,27,3,10,1,1,7,5,3,18,2,2,,8,8,1,22,9,121.5161614,25.0509832
111,7,13,10,56,2,01大同區,大同區長安西路與長安西路172巷口,0,0,1,2,C03,8,1,5,50,3,1,1,5,4,5,7,4,4,8,3,5,1,16,2,48,2,9,1,1,7,9,1,10,2,11,,44,8,1,22,9,121.5161614,25.0509832
111,7,13,11,20,2,01大同區,大同區民權西路與民權西路225巷口,0,0,2,1,C03,8,1,5,50,4,1,1,5,4,5,7,2,1,1,4,5,2,12,1,38,2,9,1,1,7,5,6,18,1,14,,44,44,1,22,9,121.5148188,25.06309162
111,7,13,11,20,2,01大同區,大同區民權西路與民權西路225巷口,0,0,2,2,C03,8,1,5,50,4,1,1,5,4,5,7,2,1,1,4,5,2,12,2,22,2,9,1,1,7,9,1,10,1,11,,23,44,1,22,9,121.5148188,25.06309162
111,7,13,11,20,2,01大同區,大同區民權西路與民權西路225巷口,0,0,2,3,C03,8,1,5,50,4,1,1,5,4,5,7,2,1,1,4,5,2,12,1,41,3,10,1,1,7,9,1,10,1,11,,16,44,1,22,9,121.5148188,25.06309162
111,7,13,11,28,2,06松山區,松山區新東街20巷12號對面,0,0,1,1,C03,8,1,5,30,14,9,1,5,4,5,7,4,4,8,3,5,1,6,1,29,3,10,3,1,7,9,1,10,2,11,,23,23,1,22,9,121.5668373,25.05819638
111,7,13,11,28,2,06松山區,松山區新東街20巷12號對面,0,0,1,2,H01,8,1,5,30,14,9,1,5,4,5,7,4,4,8,3,5,1,6,1,8,2,9,3,5,8,18,8,20,10,16,,53,23,1,22,9,121.5668373,25.05819638
111,7,13,11,38,2,04大安區,大安區延吉街72-12號,0,0,1,1,B03,8,1,5,50,14,9,1,5,4,5,7,4,4,4,3,5,1,2,1,46,3,10,1,1,7,9,1,8,1,4,,23,23,1,22,9,121.5543026,25.0420577
111,7,13,11,38,2,04大安區,大安區延吉街72-12號,0,0,1,2,H03,8,1,5,50,14,9,1,5,4,5,7,4,4,4,3,5,1,2,1,34,2,9,4,5,8,20,8,20,10,16,,67,23,1,22,9,121.5543026,25.0420577
111,7,13,12,0,2,05中正區,中正區忠孝東路1段與中山北路1段口,0,0,1,1,C03,8,1,5,50,4,2,1,5,4,5,7,4,4,9,4,5,2,17,1,49,2,9,1,1,7,10,1,10,1,11,,43,43,1,22,9,121.5198657,25.04553163
111,7,13,12,0,2,05中正區,中正區忠孝東路1段與中山北路1段口,0,0,1,2,B01,8,1,5,50,4,2,1,5,4,5,7,4,4,9,4,5,2,17,1,59,3,10,1,4,7,9,1,4,1,2,,43,43,1,22,9,121.5198657,25.04553163
111,7,13,12,0,2,10文山區,文山區木新路2段218巷32號,0,0,1,1,B03,8,1,5,30,14,9,1,5,4,5,7,4,4,10,5,5,1,17,2,51,3,10,3,4,7,2,1,8,1,15,,42,42,1,22,9,121.56845,24.98442711
111,7,13,12,0,2,10文山區,文山區木新路2段218巷32號,0,0,1,2,C03,8,1,5,30,14,9,1,5,4,5,7,4,4,10,5,5,1,17,2,56,2,8,1,1,7,9,1,10,1,14,,23,42,1,22,9,121.56845,24.98442711
111,7,13,12,0,2,10文山區,文山區木新路2段218巷32號,0,0,1,3,B03,8,1,5,30,14,9,1,5,4,5,7,4,4,10,5,5,1,17,1,58,3,10,3,4,7,13,1,8,1,15,,38,42,1,22,9,121.56845,24.98442711
111,7,13,12,0,2,12內湖區,內湖區康寧路3段與五分街口,0,0,2,1,C03,8,1,5,50,3,1,1,5,4,5,7,2,1,1,4,5,2,16,1,19,2,8,1,1,7,5,1,10,1,14,,8,8,1,22,9,121.6117493,25.0678081
111,7,13,12,0,2,12內湖區,內湖區康寧路3段與五分街口,0,0,2,2,C03,8,1,5,50,3,1,1,5,4,5,7,2,1,1,4,5,2,16,1,37,2,9,1,1,7,9,1,10,1,11,,44,8,1,22,9,121.6117493,25.0678081
111,7,13,12,30,2,03中山區,中山區濱江街1號,0,0,1,1,B03,8,1,5,50,14,9,1,5,4,5,7,4,4,10,4,4,2,13,1,61,3,10,3,4,7,9,1,8,1,1,,22,22,1,22,9,121.5284586,25.0709025
111,7,13,12,30,2,03中山區,中山區濱江街1號,0,0,1,2,B03,8,1,5,50,14,9,1,5,4,5,7,4,4,10,4,4,2,13,1,63,2,6,3,4,7,14,1,8,1,3,,26,22,1,22,9,121.5284586,25.0709025
111,7,13,12,50,2,05中正區,中正區和平西路1段112號前,0,0,1,1,B01,8,1,5,50,14,9,1,5,4,5,7,4,4,1,4,5,2,14,1,60,3,10,1,1,7,2,1,4,1,3,,12,12,1,22,9,121.5174761,25.02682236
111,7,13,12,50,2,05中正區,中正區和平西路1段112號前,0,0,1,2,C03,8,1,5,50,14,9,1,5,4,5,7,4,4,1,4,5,2,14,1,38,2,9,1,1,7,14,1,10,1,12,,44,12,1,22,9,121.5174761,25.02682236
111,7,13,13,28,2,02萬華區,萬華區中華路2段與中華路2段606巷口,0,0,1,1,B02,8,1,5,50,4,1,1,5,4,5,7,1,1,5,4,4,2,9,1,35,3,10,1,4,7,5,1,4,1,15,,15,15,1,22,9,121.5101009,25.0245547
111,7,13,13,28,2,02萬華區,萬華區中華路2段與中華路2段606巷口,0,0,1,2,H01,8,1,5,50,4,1,1,5,4,5,7,1,1,5,4,4,2,9,2,85,2,9,4,4,8,16,8,20,10,16,,67,15,1,22,9,121.5101009,25.0245547
111,7,13,13,52,2,04大安區,大安區建國南路1段與建國南路1段341巷口,0,0,2,1,C03,8,1,5,50,4,4,1,5,4,5,7,1,1,10,5,5,2,17,1,45,2,8,1,1,7,9,1,9,1,11,12,23,23,1,22,9,121.5380648,25.0343425
111,7,13,13,52,2,04大安區,大安區建國南路1段與建國南路1段341巷口,0,0,2,2,C03,8,1,5,50,4,4,1,5,4,5,7,1,1,10,5,5,2,17,1,50,2,9,1,1,7,14,1,10,1,13,,44,23,1,22,9,121.5380648,25.0343425
111,7,13,13,52,2,04大安區,大安區建國南路1段與建國南路1段341巷口,0,0,2,3,C03,8,1,5,50,4,4,1,5,4,5,7,1,1,10,5,5,2,17,1,25,3,10,1,1,7,14,1,10,1,14,,44,23,1,22,9,121.5380648,25.0343425
111,7,13,14,20,2,05中正區,中正區連雲街與臨沂街63巷口,0,0,1,1,B03,8,1,5,30,4,1,1,5,4,3,5,4,4,10,5,5,2,15,1,42,3,10,1,1,7,9,1,8,2,1,,6,6,1,22,9,121.5308224,25.0352272
111,7,13,14,20,2,05中正區,中正區連雲街與臨沂街63巷口,0,0,1,2,F03,8,1,5,30,4,1,1,5,4,3,5,4,4,10,5,5,2,15,2,41,2,9,1,1,7,9,8,20,2,16,,23,6,1,22,9,121.5308224,25.0352272
111,7,13,14,20,2,05中正區,中正區連雲街與臨沂街63巷口,0,0,1,3,B12,8,1,5,30,4,1,1,5,4,3,5,4,4,10,5,5,2,15,1,24,3,10,1,1,7,13,1,8,1,15,,38,6,1,22,9,121.5308224,25.0352272
111,7,13,14,28,2,04大安區,大安區復興南路2段180巷與復興南路2段口,0,0,1,1,C03,8,1,5,30,3,1,1,5,4,5,7,4,4,10,4,5,2,16,2,18,2,9,1,4,7,6,1,10,1,14,,6,6,1,22,9,121.5433999,25.0273779
111,7,13,14,28,2,04大安區,大安區復興南路2段180巷與復興南路2段口,0,0,1,2,B01,8,1,5,30,3,1,1,5,4,5,7,4,4,10,4,5,2,16,1,64,3,10,3,4,7,9,1,4,1,2,,14,6,1,22,9,121.5433999,25.0273779
111,7,13,14,32,2,09北投區,北投區立賢路295號,0,0,3,1,B03,8,1,5,50,14,9,1,5,4,5,7,4,4,1,4,5,2,16,2,36,2,9,1,1,7,9,1,8,2,1,,43,43,1,22,9,121.5040666,25.11562028
111,7,13,14,32,2,09北投區,北投區立賢路295號,0,0,3,2,C03,8,1,5,50,14,9,1,5,4,5,7,4,4,1,4,5,2,16,1,31,2,9,1,1,7,9,1,10,2,14,,44,43,1,22,9,121.5040666,25.11562028
111,7,13,14,32,2,09北投區,北投區立賢路295號,0,0,3,3,H02,8,1,5,50,14,9,1,5,4,5,7,4,4,1,4,5,2,16,1,58,2,9,3,1,7,20,8,20,10,16,,67,43,1,22,9,121.5040666,25.11562028
111,7,13,14,32,2,09北投區,北投區立賢路295號,0,0,3,4,,8,1,5,50,14,9,1,5,4,5,7,4,4,1,4,5,2,16,3,,,,,,,,,,,,,67,43,1,,,121.5040666,25.11562028
111,7,13,14,43,2,12內湖區,內湖區南京東路6段與堤頂大道1段口,0,0,1,1,B12,8,1,5,50,4,2,1,5,4,5,7,2,1,3,4,5,2,17,1,31,3,10,1,1,7,9,1,8,2,2,,25,25,1,22,9,121.5762686,25.05471411
111,7,13,14,43,2,12內湖區,內湖區南京東路6段與堤頂大道1段口,0,0,1,2,C03,8,1,5,50,4,2,1,5,4,5,7,2,1,3,4,5,2,17,1,42,2,9,1,1,7,9,1,10,2,14,,44,25,1,22,9,121.5762686,25.05471411
111,7,13,14,59,2,04大安區,大安區敦化南路1段297號,0,0,2,1,C03,8,1,5,50,14,9,1,5,4,5,7,1,1,9,4,5,1,13,1,23,2,9,1,1,7,9,1,10,1,11,,16,16,1,22,9,121.5492063,25.0356982
111,7,13,14,59,2,04大安區,大安區敦化南路1段297號,0,0,2,2,C03,8,1,5,50,14,9,1,5,4,5,7,1,1,9,4,5,1,13,1,45,2,9,1,1,7,9,1,10,1,13,,44,16,1,22,9,121.5492063,25.0356982
111,7,13,15,38,2,03中山區,中山區一江街與四平街口,0,0,1,1,C03,8,1,5,50,4,1,1,5,4,5,7,2,1,5,4,5,2,12,1,23,3,10,1,4,7,5,1,10,2,14,,8,8,1,22,9,121.5315174,25.0537263
111,7,13,15,38,2,03中山區,中山區一江街與四平街口,0,0,1,2,C03,8,1,5,50,4,1,1,5,4,5,7,2,1,5,4,5,2,12,1,62,2,9,1,4,7,9,1,10,2,12,,23,8,1,22,9,121.5315174,25.0537263
111,7,13,15,40,2,11南港區,南港區南港路3段99號,0,0,1,1,C03,8,1,5,50,14,9,1,5,4,5,7,4,4,8,3,5,2,13,1,44,2,9,3,4,7,9,1,10,1,11,,16,16,1,22,9,121.5881801,25.053054
111,7,13,15,40,2,11南港區,南港區南港路3段99號,0,0,1,2,B03,8,1,5,50,14,9,1,5,4,5,7,4,4,8,3,5,2,13,1,26,3,10,3,4,7,9,1,8,1,6,,44,16,1,22,9,121.5881801,25.053054
111,7,13,15,47,2,08士林區,士林區仰德大道3段與仰德大道3段48巷口,0,0,1,1,B03,8,1,5,40,3,1,1,5,4,5,7,4,4,5,5,5,1,12,1,60,3,10,1,1,7,6,1,8,1,5,,9,9,1,22,9,121.5525508,25.11849514
111,7,13,15,47,2,08士林區,士林區仰德大道3段與仰德大道3段48巷口,0,0,1,2,C03,8,1,5,40,3,1,1,5,4,5,7,4,4,5,5,5,1,12,1,35,2,8,1,1,7,9,1,10,1,11,,23,9,1,22,9,121.5525508,25.11849514
111,7,13,16,10,2,12內湖區,內湖區舊宗路1段與行忠路口,0,0,1,1,B02,8,1,5,50,3,1,1,5,4,5,7,1,1,1,5,5,1,12,1,40,3,10,3,4,7,6,1,8,1,2,,9,9,1,22,9,121.5804524,25.0666122
111,7,13,16,10,2,12內湖區,內湖區舊宗路1段與行忠路口,0,0,1,2,C03,8,1,5,50,3,1,1,5,4,5,7,1,1,1,5,5,1,12,1,29,2,9,3,4,7,9,1,10,1,14,,14,9,1,22,9,121.5804524,25.0666122
111,7,13,16,11,2,03中山區,中山區民生東路2段與松江路口,0,0,1,1,C03,8,1,5,50,4,1,1,5,4,5,7,1,1,1,3,5,1,16,1,68,4,11,3,4,7,15,7,19,11,15,,42,42,2,22,9,121.5330726,25.05798885
111,7,13,16,11,2,03中山區,中山區民生東路2段與松江路口,0,0,1,2,C04,8,1,5,50,4,1,1,5,4,5,7,1,1,1,3,5,1,16,2,65,2,8,1,4,7,9,1,10,1,11,,44,42,1,22,9,121.5330726,25.05798885
111,7,13,16,15,2,04大安區,大安區忠孝東路4段233號,0,0,1,1,A02,8,1,5,50,14,9,1,5,4,5,7,4,4,3,4,5,2,9,1,55,3,10,1,4,7,1,1,2,1,15,,19,19,1,22,9,121.5534586,25.041544
111,7,13,16,15,2,04大安區,大安區忠孝東路4段233號,0,0,1,2,H02,8,1,5,50,14,9,1,5,4,5,7,4,4,3,4,5,2,9,2,88,2,7,4,5,7,19,8,20,10,16,,56,19,1,22,9,121.5534586,25.041544
111,7,13,16,42,2,01大同區,大同區重慶北路3段與昌吉街口,0,0,1,1,B03,8,1,5,50,4,1,1,5,4,5,7,2,1,1,5,5,2,16,1,45,3,10,1,1,7,6,1,8,1,5,,9,9,1,22,9,121.5135482,25.0659965
111,7,13,16,42,2,01大同區,大同區重慶北路3段與昌吉街口,0,0,1,2,C03,8,1,5,50,4,1,1,5,4,5,7,2,1,1,5,5,2,16,1,18,2,9,1,1,7,4,1,10,1,14,,23,9,1,22,9,121.5135482,25.0659965
111,7,13,17,2,2,03中山區,中山區民生西路與民生西路3巷口,0,0,1,1,B03,8,1,5,50,3,1,1,5,4,5,7,4,4,5,4,5,2,17,1,54,3,10,3,4,7,5,1,8,1,8,,26,26,1,22,9,121.5218076,25.0578486
111,7,13,17,2,2,03中山區,中山區民生西路與民生西路3巷口,0,0,1,2,C03,8,1,5,50,3,1,1,5,4,5,7,4,4,5,4,5,2,17,1,18,2,8,1,4,7,9,1,10,1,14,,13,26,1,22,9,121.5218076,25.0578486
111,7,13,17,2,2,03中山區,中山區民生西路與民生西路3巷口,0,0,1,3,C03,8,1,5,50,3,1,1,5,4,5,7,4,4,5,4,5,2,17,1,33,3,10,1,4,7,9,1,10,1,15,,13,26,1,22,9,121.5218076,25.0578486
111,7,13,17,14,2,03中山區,中山區林森北路416巷與林森北路口,0,0,1,1,B03,8,1,5,50,3,1,1,5,4,5,7,4,4,8,3,5,1,16,1,45,3,10,3,4,7,5,1,8,1,6,,8,8,1,22,9,121.5255249,25.0597369
111,7,13,17,14,2,03中山區,中山區林森北路416巷與林森北路口,0,0,1,2,C03,8,1,5,50,3,1,1,5,4,5,7,4,4,8,3,5,1,16,1,28,2,9,1,1,7,9,1,10,1,11,,14,8,1,22,9,121.5255249,25.0597369
111,7,13,17,40,2,06松山區,松山區敦化北路與長春路口,0,0,1,1,B01,8,1,5,50,4,2,1,5,4,5,7,2,1,1,2,4,2,13,1,49,3,10,1,1,7,9,1,8,1,1,,23,23,1,22,9,121.5486037,25.05444355
111,7,13,17,40,2,06松山區,松山區敦化北路與長春路口,0,0,1,2,C03,8,1,5,50,4,2,1,5,4,5,7,2,1,1,2,4,2,13,1,23,2,8,1,1,7,8,1,10,1,13,,7,23,1,22,9,121.5486037,25.05444355
111,7,13,17,41,2,10文山區,文山區興隆路2段275巷1弄18號,0,0,2,1,H01,8,1,5,30,14,9,1,5,4,5,7,4,4,10,5,5,2,7,1,7,3,10,4,5,8,16,8,20,10,16,,51,51,1,22,9,121.5520371,25.0032196
111,7,13,17,41,2,10文山區,文山區興隆路2段275巷1弄18號,0,0,2,2,C03,8,1,5,30,14,9,1,5,4,5,7,4,4,10,5,5,2,7,2,39,2,8,1,1,7,9,1,10,1,12,,44,51,1,22,9,121.5520371,25.0032196
111,7,13,17,41,2,10文山區,文山區興隆路2段275巷1弄18號,0,0,2,3,H02,8,1,5,30,14,9,1,5,4,5,7,4,4,10,5,5,2,7,2,41,2,7,4,5,7,20,8,20,10,16,,67,51,1,22,9,121.5520371,25.0032196
111,7,13,17,42,2,01大同區,大同區環河北路1段與民生西路口(5號水門 自行車道),0,0,2,1,C03,8,1,8,0,15,22,1,5,4,5,7,4,4,10,5,5,2,17,1,63,2,9,1,1,7,5,3,18,1,11,,8,8,1,22,9,121.5078841,25.0567387
111,7,13,17,42,2,01大同區,大同區環河北路1段與民生西路口(5號水門 自行車道),0,0,2,2,F01,8,1,8,0,15,22,1,5,4,5,7,4,4,10,5,5,2,17,1,62,2,9,1,1,7,9,8,20,1,16,,44,8,1,22,9,121.5078841,25.0567387
111,7,13,17,47,2,10文山區,文山區萬壽路與萬壽路16巷口,0,0,1,1,B01,8,1,5,50,3,2,1,5,4,5,7,4,4,9,4,5,2,13,1,54,3,10,3,4,7,9,1,4,2,5,,16,16,1,21,8,121.5764719,24.9883895
111,7,13,17,47,2,10文山區,文山區萬壽路與萬壽路16巷口,0,0,1,2,C03,8,1,5,50,3,2,1,5,4,5,7,4,4,9,4,5,2,13,1,21,2,9,3,4,7,6,1,10,2,13,,44,16,1,21,8,121.5764719,24.9883895
111,7,13,17,47,2,10文山區,文山區萬壽路與萬壽路16巷口,0,0,1,3,C03,8,1,5,50,3,2,1,5,4,5,7,4,4,9,4,5,2,13,2,63,3,10,3,4,7,13,1,10,9,13,,38,16,1,21,8,121.5764719,24.9883895
111,7,13,17,56,2,03中山區,中山區樂群二路與敬業一路口,0,0,3,1,B03,8,1,5,50,4,1,1,5,4,5,7,1,1,1,4,4,2,16,1,38,2,2,3,4,7,5,1,8,1,2,,8,8,1,22,9,121.5532171,25.08001108
111,7,13,17,56,2,03中山區,中山區樂群二路與敬業一路口,0,0,3,2,C03,8,1,5,50,4,1,1,5,4,5,7,1,1,1,4,4,2,16,2,38,2,9,1,1,7,9,1,10,1,11,,23,8,1,22,9,121.5532171,25.08001108
111,7,13,17,56,2,03中山區,中山區樂群二路與敬業一路口,0,0,3,3,H02,8,1,5,50,4,1,1,5,4,5,7,1,1,1,4,4,2,16,2,39,2,2,4,5,7,17,8,20,10,16,,67,8,1,22,9,121.5532171,25.08001108
111,7,13,18,8,2,08士林區,士林區雨聲街203-1號,0,0,1,1,B03,8,1,5,50,14,9,1,5,4,5,7,4,4,9,5,5,2,17,2,67,3,10,1,1,7,9,1,8,1,1,,43,43,1,22,9,121.5336186,25.10169554
111,7,13,18,8,2,08士林區,士林區雨聲街203-1號,0,0,1,2,C03,8,1,5,50,14,9,1,5,4,5,7,4,4,9,5,5,2,17,1,18,2,8,1,1,7,14,1,10,1,13,,43,43,1,22,9,121.5336186,25.10169554
111,7,13,18,8,2,08士林區,士林區雨聲街203-1號,0,0,1,3,C03,8,1,5,50,14,9,1,5,4,5,7,4,4,9,5,5,2,17,2,63,3,10,1,1,7,14,1,10,1,13,,43,43,1,22,9,121.5336186,25.10169554
111,7,13,18,18,2,05中正區,中正區北平東路1號旁,0,0,1,1,C03,8,1,5,50,14,9,1,5,4,5,7,4,4,10,4,3,1,17,1,18,3,10,1,1,7,9,1,10,2,13,,34,34,1,22,9,121.5206151,25.047488
111,7,13,18,18,2,05中正區,中正區北平東路1號旁,0,0,1,2,C03,8,1,5,50,14,9,1,5,4,5,7,4,4,10,4,3,1,17,2,30,2,9,1,1,7,9,1,10,2,11,,44,34,1,22,9,121.5206151,25.047488
111,7,13,18,25,2,02萬華區,萬華區西園路1段與和平西路3段口,0,0,2,1,C03,8,1,5,50,4,1,1,5,4,5,7,1,1,1,4,5,2,17,2,59,2,9,1,1,7,7,6,18,1,13,,7,7,1,22,9,121.4992453,25.03519998
111,7,13,18,25,2,02萬華區,萬華區西園路1段與和平西路3段口,0,0,2,2,C03,8,1,5,50,4,1,1,5,4,5,7,1,1,1,4,5,2,17,1,74,2,9,1,1,7,9,1,10,1,11,,23,7,1,22,9,121.4992453,25.03519998
111,7,13,19,8,2,03中山區,中山區北安路與明水路口,0,0,1,1,C03,8,3,5,50,3,1,1,5,4,5,7,1,1,3,4,5,2,12,1,29,2,9,1,1,7,6,1,10,1,12,,9,9,1,22,9,121.5390435,25.07779538
111,7,13,19,8,2,03中山區,中山區北安路與明水路口,0,0,1,2,C03,8,3,5,50,3,1,1,5,4,5,7,1,1,3,4,5,2,12,1,56,3,10,1,1,7,9,1,10,1,14,,23,9,1,22,9,121.5390435,25.07779538
111,7,13,19,27,2,01大同區,大同區民權西路與蘭州街口,0,0,2,1,C04,8,3,5,50,4,2,4,5,4,5,7,1,1,9,4,5,2,17,2,25,2,9,1,4,7,1,1,10,2,13,,19,19,1,22,9,121.5147988,25.0630835
111,7,13,19,27,2,01大同區,大同區民權西路與蘭州街口,0,0,2,2,C03,8,3,5,50,4,2,4,5,4,5,7,1,1,9,4,5,2,17,1,31,2,9,1,4,7,9,1,10,2,11,,44,19,1,22,9,121.5147988,25.0630835
111,7,13,19,41,2,03中山區,中山區錦州街與民生東路2段159巷口,0,0,1,1,B01,8,3,5,30,4,1,1,5,4,5,7,4,4,4,5,5,1,16,1,65,3,10,3,4,7,5,1,4,1,8,,6,6,1,22,9,121.535991,25.0602906