發生年度,發生月,發生日,發生時-Hours,發生分,處理別-編號,區序,肇事地點,死亡人數,2-30日死亡人數,受傷人數,當事人序號,車種,天候,光線,道路類別,速限-速度限制,道路型態,事故位置,路面狀況1,路面狀況2,路面狀況3,道路障礙1,道路障礙2,號誌1,號誌2,車道劃分-分向,車道劃分-分道1,車道劃分-分道2,車道劃分-分道3,事故類型及型態,性別,年齡,受傷程度,主要傷處,安全帽,行動電話,車輛用途,當事者行動狀態,駕駛資格情形,駕駛執照種類,飲酒情形,車輛撞擊部位1,車輛撞擊部位2,肇因碼-個別,肇因碼-主要,個人肇逃否,職業,旅次目的,座標-X,座標-Y
111,7,13,19,41,2,03中山區,中山區錦州街與民生東路2段159巷口,0,0,1,2,C03,8,3,5,30,4,1,1,5,4,5,7,4,4,4,5,5,1,16,2,51,2,8,3,4,7,14,1,10,1,11,,44,6,1,22,9,121.535991,25.0602906
111,7,13,19,53,2,09北投區,北投區致遠二路與西安街2段口,0,0,1,1,B03,8,3,5,50,5,1,1,5,4,5,7,1,1,5,5,5,2,3,1,61,3,10,1,1,7,5,1,8,2,8,,15,15,1,22,9,121.5132169,25.1174773
111,7,13,19,53,2,09北投區,北投區致遠二路與西安街2段口,0,0,1,2,H01,8,3,5,50,5,1,1,5,4,5,7,1,1,5,5,5,2,3,2,44,2,9,4,5,8,16,8,20,10,16,,67,15,1,22,9,121.5132169,25.1174773
111,7,13,20,15,2,08士林區,士林區中正路601號,0,0,1,1,B01,8,3,5,50,15,9,1,5,4,5,7,4,4,1,4,5,2,17,1,62,3,10,1,1,7,6,1,4,1,2,,9,9,1,10,8,121.5100058,25.08673019
111,7,13,20,15,2,08士林區,士林區中正路601號,0,0,1,2,C03,8,3,5,50,15,9,1,5,4,5,7,4,4,1,4,5,2,17,2,58,2,7,1,1,7,9,1,10,1,14,,44,9,1,21,8,121.5100058,25.08673019
111,7,13,20,16,2,06松山區,松山區光復南路13巷與光復南路口,0,0,1,1,B03,8,3,5,50,3,1,1,5,4,5,7,4,4,1,4,5,2,16,1,18,3,10,1,4,7,6,3,18,1,2,,9,9,1,22,9,121.557912,25.04763884
111,7,13,20,16,2,06松山區,松山區光復南路13巷與光復南路口,0,0,1,2,C03,8,3,5,50,3,1,1,5,4,5,7,4,4,1,4,5,2,16,1,23,2,9,1,4,7,9,1,10,1,11,,14,9,1,22,9,121.557912,25.04763884
111,7,13,20,20,2,04大安區,大安區信義路4段265巷18號,0,0,1,1,B03,7,3,5,30,14,9,1,5,4,5,7,4,4,8,3,5,2,16,1,23,3,10,1,1,7,5,1,8,1,4,,8,8,1,22,9,121.5545875,25.03439243
111,7,13,20,20,2,04大安區,大安區信義路4段265巷18號,0,0,1,2,C03,7,3,5,30,14,9,1,5,4,5,7,4,4,8,3,5,2,16,2,24,2,5,1,1,7,4,1,10,1,12,,1,8,1,22,9,121.5545875,25.03439243
111,7,13,20,25,2,12內湖區,內湖區康寧路3段與安康路口,0,0,3,1,B03,8,3,5,50,4,1,1,5,4,5,7,2,1,1,4,5,2,12,1,42,3,10,1,1,7,6,1,8,2,2,,9,9,1,22,9,121.6109201,25.06499916
111,7,13,20,25,2,12內湖區,內湖區康寧路3段與安康路口,0,0,3,2,C03,8,3,5,50,4,1,1,5,4,5,7,2,1,1,4,5,2,12,2,63,2,9,1,1,7,5,1,10,2,14,,8,9,1,22,9,121.6109201,25.06499916
111,7,13,20,25,2,12內湖區,內湖區康寧路3段與安康路口,0,0,3,3,H02,8,3,5,50,4,1,1,5,4,5,7,2,1,1,4,5,2,12,1,9,2,1,4,5,7,21,8,20,10,16,,67,9,1,22,9,121.6109201,25.06499916
111,7,13,20,25,2,12內湖區,內湖區康寧路3段與安康路口,0,0,3,4,H02,8,3,5,50,4,1,1,5,4,5,7,2,1,1,4,5,2,12,1,8,2,9,4,5,7,21,8,20,10,16,,67,9,1,22,9,121.6109201,25.06499916
111,7,13,20,55,2,01大同區,大同區長安西路與長安西路177巷口,0,0,2,1,B01,7,3,5,50,3,1,1,5,4,5,7,4,4,5,5,5,2,12,1,67,3,10,3,4,7,6,1,4,1,5,,9,9,1,22,9,121.5136847,25.0517088
111,7,13,20,55,2,01大同區,大同區長安西路與長安西路177巷口,0,0,2,2,C03,7,3,5,50,3,1,1,5,4,5,7,4,4,5,5,5,2,12,1,36,2,9,1,4,7,9,1,10,1,14,,44,9,1,22,9,121.5136847,25.0517088
111,7,13,20,55,2,01大同區,大同區長安西路與長安西路177巷口,0,0,2,3,H02,7,3,5,50,3,1,1,5,4,5,7,4,4,5,5,5,2,12,1,31,2,8,1,4,7,20,8,20,10,16,,67,9,1,22,9,121.5136847,25.0517088
111,7,13,21,9,2,10文山區,文山區興隆路3段192巷8弄(文山運動中心停車場出入口),0,0,1,1,B03,8,3,5,30,11,9,1,5,4,5,7,4,4,5,5,5,2,16,2,69,3,10,1,1,7,6,1,8,1,5,,9,9,1,22,9,121.558952,24.9969551
111,7,13,21,9,2,10文山區,文山區興隆路3段192巷8弄(文山運動中心停車場出入口),0,0,1,2,C02,8,3,5,30,11,9,1,5,4,5,7,4,4,5,5,5,2,16,1,59,3,10,1,1,7,9,1,9,1,14,,17,9,1,22,9,121.558952,24.9969551
111,7,13,21,9,2,10文山區,文山區興隆路3段192巷8弄(文山運動中心停車場出入口),0,0,1,3,H02,8,3,5,30,11,9,1,5,4,5,7,4,4,5,5,5,2,16,2,49,2,8,4,5,7,20,8,20,10,16,,67,9,1,22,9,121.558952,24.9969551
111,7,13,21,36,2,09北投區,北投區行義路192巷與行義路口,0,0,1,1,B03,8,1,5,50,3,2,1,5,4,5,7,4,4,7,4,5,1,11,1,72,3,10,1,1,7,5,1,8,2,1,,8,8,1,22,9,121.5286327,25.13323465
111,7,13,21,36,2,09北投區,北投區行義路192巷與行義路口,0,0,1,2,C03,8,1,5,50,3,2,1,5,4,5,7,4,4,7,4,5,1,11,1,33,2,8,1,1,7,9,1,10,2,14,,44,8,1,22,9,121.5286327,25.13323465
111,7,13,21,59,2,03中山區,中山區通北街65巷2弄與通北街口,0,0,2,1,C03,8,3,5,30,4,1,1,5,4,5,7,4,4,5,5,5,2,12,1,66,2,7,1,1,7,5,1,10,2,13,12,6,6,1,22,9,121.538032,25.0835837
111,7,13,21,59,2,03中山區,中山區通北街65巷2弄與通北街口,0,0,2,2,C03,8,3,5,30,4,1,1,5,4,5,7,4,4,5,5,5,2,12,2,21,2,9,1,1,7,9,1,10,2,11,12,4,6,1,22,9,121.538032,25.0835837
111,7,13,22,30,2,01大同區,大同區南京西路與赤峰街口,0,0,1,1,C03,7,3,5,40,3,2,1,5,4,5,7,2,1,1,4,5,2,13,1,26,2,8,1,4,7,9,1,10,1,11,,43,43,1,22,9,121.5190586,25.0530295
111,7,13,22,30,2,01大同區,大同區南京西路與赤峰街口,0,0,1,2,C03,7,3,5,40,3,2,1,5,4,5,7,2,1,1,4,5,2,13,2,43,3,10,1,4,7,6,1,10,1,13,,43,43,1,22,9,121.5190586,25.0530295
111,7,13,22,30,2,01大同區,大同區南京西路與赤峰街口,0,0,1,3,,7,3,5,40,3,2,1,5,4,5,7,2,1,1,4,5,2,13,4,,4,11,3,4,7,15,7,19,11,15,,43,43,2,22,9,121.5190586,25.0530295
111,7,13,23,0,2,02萬華區,萬華區梧州街60巷17號,0,0,1,1,B03,7,3,5,30,14,9,1,5,4,5,7,4,4,10,5,5,1,9,1,27,3,10,3,4,7,11,1,8,2,5,,43,43,1,22,9,121.4968469,25.03572661
111,7,13,23,0,2,02萬華區,萬華區梧州街60巷17號,0,0,1,2,H01,7,3,5,30,14,9,1,5,4,5,7,4,4,10,5,5,1,9,2,56,2,5,4,5,8,16,8,20,10,16,,67,43,1,22,9,121.4968469,25.03572661
111,7,14,0,5,2,07信義區,信義區大道路與大道路58巷口,0,0,2,1,C03,8,1,5,30,4,2,1,5,4,5,7,4,4,9,4,5,2,15,1,36,2,8,1,1,7,11,3,18,2,14,,6,6,1,22,8,121.5823038,25.04120108
111,7,14,0,5,2,07信義區,信義區大道路與大道路58巷口,0,0,2,2,C03,8,1,5,30,4,2,1,5,4,5,7,4,4,9,4,5,2,15,1,41,2,8,1,1,7,9,1,10,7,11,,13,6,1,22,8,121.5823038,25.04120108
111,7,14,5,19,2,07信義區,信義區松高路9號對面,0,0,1,1,C03,7,3,5,50,14,9,1,5,4,5,7,4,4,5,4,5,1,29,1,34,2,9,1,4,7,9,1,10,2,11,,23,23,1,22,9,121.5648969,25.03902622
111,7,14,5,19,2,07信義區,信義區松高路9號對面,0,0,1,2,,7,3,5,50,14,9,1,5,4,5,7,4,4,5,4,5,1,29,3,,,,,,,,,,,,,67,23,1,,,121.5648969,25.03902622
111,7,14,7,8,2,01大同區,大同區歸綏街與保安街78巷口,0,0,1,1,B03,8,1,5,30,3,1,1,5,4,5,7,4,4,10,4,5,2,15,1,61,3,10,3,4,7,9,1,8,1,8,,6,6,1,22,9,121.5121329,25.0581689
111,7,14,7,8,2,01大同區,大同區歸綏街與保安街78巷口,0,0,1,2,C03,8,1,5,30,3,1,1,5,4,5,7,4,4,10,4,5,2,15,1,51,2,9,1,1,7,9,1,10,1,11,,44,6,1,22,9,121.5121329,25.0581689
111,7,14,7,30,2,04大安區,大安區信義路2段74號,0,0,3,1,B03,8,1,5,50,14,9,1,5,4,5,7,4,4,10,4,5,1,12,1,60,3,10,1,4,7,13,1,8,2,4,,40,40,1,22,9,121.5264024,25.03413223
111,7,14,7,30,2,04大安區,大安區信義路2段74號,0,0,3,2,C03,8,1,5,50,14,9,1,5,4,5,7,4,4,10,4,5,1,12,2,21,2,9,1,4,7,9,1,10,2,11,,44,40,1,22,9,121.5264024,25.03413223
111,7,14,7,30,2,04大安區,大安區信義路2段74號,0,0,3,3,C03,8,1,5,50,14,9,1,5,4,5,7,4,4,10,4,5,1,12,1,47,2,9,1,4,7,9,1,10,2,11,,44,40,1,22,9,121.5264024,25.03413223
111,7,14,7,30,2,04大安區,大安區信義路2段74號,0,0,3,4,H02,8,1,5,50,14,9,1,5,4,5,7,4,4,10,4,5,1,12,1,60,2,9,1,5,7,20,8,20,10,16,,67,40,1,22,9,121.5264024,25.03413223
111,7,14,7,41,2,02萬華區,萬華區萬大路628號,0,0,1,1,A01,8,1,5,50,15,9,1,5,4,5,7,4,4,10,5,5,2,17,1,40,3,10,3,4,7,5,1,2,1,4,,42,,1,22,9,121.4956566,25.01699175
111,7,14,7,41,2,02萬華區,萬華區萬大路628號,0,0,1,2,C03,8,1,5,50,15,9,1,5,4,5,7,4,4,10,5,5,2,17,2,49,2,9,3,4,7,9,1,10,1,12,,42,,1,22,9,121.4956566,25.01699175
111,7,14,8,20,2,03中山區,中山區新生北路1段與市民大道2段口,0,0,1,1,B02,8,1,5,50,14,9,1,5,4,5,7,2,1,1,4,5,2,12,2,52,3,10,1,1,7,6,1,8,1,2,,9,9,1,22,9,121.5296259,25.04703902
111,7,14,8,20,2,03中山區,中山區新生北路1段與市民大道2段口,0,0,1,2,C03,8,1,5,50,14,9,1,5,4,5,7,2,1,1,4,5,2,12,1,24,2,9,1,1,7,9,1,10,1,11,,23,9,1,22,9,121.5296259,25.04703902
111,7,14,8,28,2,11南港區,南港區昆陽街136號,0,0,2,1,H01,8,1,6,0,14,9,1,5,4,5,7,4,4,9,5,5,2,2,1,64,2,7,4,5,8,16,8,20,1,16,,53,53,1,22,8,121.5941568,25.05002487
111,7,14,8,28,2,11南港區,南港區昆陽街136號,0,0,2,2,C03,8,1,6,0,14,9,1,5,4,5,7,4,4,9,5,5,2,2,2,28,2,7,1,1,7,9,1,10,1,11,,23,53,1,4,1,121.5941568,25.05002487
111,7,14,8,35,2,06松山區,松山區光復南路9號,0,0,1,1,C02,8,1,5,50,14,9,1,5,4,5,7,4,4,1,3,5,2,17,1,29,3,10,1,1,7,15,1,9,1,12,,17,17,1,22,9,121.557861,25.04772505
111,7,14,8,35,2,06松山區,松山區光復南路9號,0,0,1,2,C03,8,1,5,50,14,9,1,5,4,5,7,4,4,1,3,5,2,17,2,39,2,9,1,1,7,9,1,10,1,11,,23,17,1,22,9,121.557861,25.04772505
111,7,14,8,48,2,03中山區,中山區林森北路與中山北路1段53巷口,0,0,3,1,C03,8,1,5,50,4,1,1,5,4,5,7,4,4,4,4,5,1,13,2,32,3,10,1,1,7,8,1,10,11,15,,7,7,1,22,9,121.5244355,25.0488171
111,7,14,8,48,2,03中山區,中山區林森北路與中山北路1段53巷口,0,0,3,2,C03,8,1,5,50,4,1,1,5,4,5,7,4,4,4,4,5,1,13,1,24,2,8,1,1,7,9,1,10,1,13,,23,7,1,22,9,121.5244355,25.0488171
111,7,14,8,48,2,03中山區,中山區林森北路與中山北路1段53巷口,0,0,3,3,C03,8,1,5,50,4,1,1,5,4,5,7,4,4,4,4,5,1,13,1,33,2,7,1,1,7,9,1,10,1,11,,16,7,1,22,9,121.5244355,25.0488171
111,7,14,8,48,2,03中山區,中山區林森北路與中山北路1段53巷口,0,0,3,4,H02,8,1,5,50,4,1,1,5,4,5,7,4,4,4,4,5,1,13,2,33,2,9,1,5,7,20,8,20,10,16,,67,7,1,22,9,121.5244355,25.0488171
111,7,14,8,48,2,03中山區,中山區新生北路1段與吉林路口,0,0,1,1,B01,8,1,5,50,3,1,1,5,4,5,7,1,1,1,3,5,1,16,1,55,3,10,3,4,7,6,1,8,2,5,,25,25,1,22,9,121.5300389,25.04805858
111,7,14,8,48,2,03中山區,中山區新生北路1段與吉林路口,0,0,1,2,C03,8,1,5,50,3,1,1,5,4,5,7,1,1,1,3,5,1,16,2,62,2,7,3,4,7,9,1,10,2,14,,25,25,1,22,9,121.5300389,25.04805858
111,7,14,8,55,2,05中正區,中正區重慶南路3段與詔安街口口,0,0,1,1,B03,8,1,5,30,3,2,1,5,4,5,7,4,4,1,4,5,1,17,1,64,3,10,1,1,7,6,1,8,2,2,,9,9,1,22,9,121.5164109,25.02533243
111,7,14,8,55,2,05中正區,中正區重慶南路3段與詔安街口口,0,0,1,2,C03,8,1,5,30,3,2,1,5,4,5,7,4,4,1,4,5,1,17,1,54,2,9,2,1,7,9,1,10,2,14,,13,9,1,22,9,121.5164109,25.02533243
111,7,14,8,58,2,12內湖區,內湖區麗山街68巷與麗山街口,0,0,1,1,C03,8,1,5,30,4,1,1,5,4,5,7,4,4,5,5,5,2,17,1,69,3,10,1,1,7,9,1,10,1,13,,6,6,1,22,9,121.5797003,25.08202537
111,7,14,8,58,2,12內湖區,內湖區麗山街68巷與麗山街口,0,0,1,2,C03,8,1,5,30,4,1,1,5,4,5,7,4,4,5,5,5,2,17,2,27,2,9,1,1,7,9,1,10,1,11,,44,6,1,22,9,121.5797003,25.08202537
111,7,14,9,15,2,05中正區,中正區莒光路15號,0,0,1,1,B03,8,1,5,50,14,9,1,5,4,5,7,4,4,1,4,5,1,9,1,66,3,10,1,1,7,2,1,8,2,3,,12,12,1,22,9,121.5071056,25.03120696
111,7,14,9,15,2,05中正區,中正區莒光路15號,0,0,1,2,H01,8,1,5,50,14,9,1,5,4,5,7,4,4,1,4,5,1,9,2,79,2,9,4,5,8,16,8,20,10,16,,67,12,1,22,9,121.5071056,25.03120696
111,7,14,9,25,2,11南港區,南港區永吉路與中坡北路口,0,0,1,1,C03,8,1,5,50,4,2,1,5,4,5,7,2,1,3,3,4,2,16,1,26,2,9,3,4,7,5,1,10,1,14,,8,8,1,22,9,121.5799788,25.0454415
111,7,14,9,25,2,11南港區,南港區永吉路與中坡北路口,0,0,1,2,B03,8,1,5,50,4,2,1,5,4,5,7,2,1,3,3,4,2,16,1,56,3,10,3,4,7,9,1,8,1,2,,44,8,1,22,9,121.5799788,25.0454415
111,7,14,9,32,2,06松山區,松山區南京東路5段415號,0,0,1,1,C03,8,1,5,50,14,9,1,5,4,5,7,2,1,1,4,1,2,13,2,24,2,9,1,1,7,9,1,10,1,11,,23,23,1,22,9,121.5705656,25.05135059
111,7,14,9,32,2,06松山區,松山區南京東路5段415號,0,0,1,2,B03,8,1,5,50,14,9,1,5,4,5,7,2,1,1,4,1,2,13,1,36,3,10,1,1,7,9,1,8,1,3,,44,23,1,22,9,121.5705656,25.05135059
111,7,14,9,32,2,06松山區,松山區南京東路5段415號,0,0,1,3,H01,8,1,5,50,14,9,1,5,4,5,7,2,1,1,4,1,2,13,1,70,3,10,4,5,8,16,8,20,10,16,,52,23,1,22,9,121.5705656,25.05135059
111,7,14,9,35,2,02萬華區,萬華區富民路與富民路91巷口,0,0,1,2,B03,8,1,5,30,15,9,1,5,4,5,7,4,4,10,5,5,2,17,1,30,3,10,3,4,7,9,1,8,1,4,,42,6,1,22,9,121.4988867,25.01853948
111,7,14,9,35,2,02萬華區,萬華區富民路與富民路91巷口,0,0,1,1,C03,8,1,5,30,15,9,1,5,4,5,7,4,4,10,5,5,2,17,1,66,2,9,3,4,7,5,1,10,1,12,,6,6,1,22,9,121.4988867,25.01853948
111,7,14,9,59,2,05中正區,中正區濟南路1段教育部停車場出入口,0,0,1,2,C03,8,1,5,40,14,9,1,5,4,5,7,4,4,9,4,5,1,16,1,57,3,10,1,1,7,9,1,10,1,11,,43,43,1,21,1,121.5192537,25.0431607
111,7,14,9,59,2,05中正區,中正區濟南路1段教育部停車場出入口,0,0,1,1,F01,8,1,5,40,14,9,1,5,4,5,7,4,4,9,4,5,1,16,1,50,2,7,1,1,7,15,8,20,1,16,,43,43,1,21,5,121.5192537,25.0431607
111,7,14,10,3,2,07信義區,信義區忠孝東路5段與忠孝東路5段524巷口,0,0,1,1,F01,8,1,5,30,4,1,1,5,4,5,7,1,1,10,5,5,2,17,2,81,2,9,1,1,7,9,8,20,2,16,,24,24,1,22,9,121.5792464,25.0414051
111,7,14,10,3,2,07信義區,信義區忠孝東路5段與忠孝東路5段524巷口,0,0,1,2,F01,8,1,5,30,4,1,1,5,4,5,7,1,1,10,5,5,2,17,1,24,3,10,1,1,7,11,8,20,2,16,,11,24,1,22,9,121.5792464,25.0414051
111,7,14,10,9,2,01大同區,大同區承德路2段與南京西路口,0,0,1,1,C03,8,1,5,50,14,9,1,5,4,5,7,2,1,1,4,5,2,13,1,43,2,9,1,1,7,9,1,10,1,11,,23,23,1,22,9,121.5176348,25.05336932
111,7,14,10,9,2,01大同區,大同區承德路2段與南京西路口,0,0,1,2,C03,8,1,5,50,14,9,1,5,4,5,7,2,1,1,4,5,2,13,2,54,4,11,3,4,7,14,1,10,11,15,,42,23,2,22,9,121.5176348,25.05336932
111,7,14,10,14,2,03中山區,中山區松江路100巷與一江街口,0,0,1,1,C03,8,1,5,30,14,9,1,5,4,5,7,4,4,10,4,5,2,16,1,71,2,9,1,1,7,9,1,10,1,11,,6,6,1,22,9,121.5314826,25.0510143
111,7,14,10,14,2,03中山區,中山區松江路100巷與一江街口,0,0,1,2,B03,8,1,5,30,14,9,1,5,4,5,7,4,4,10,4,5,2,16,1,58,3,10,1,1,7,9,1,8,1,8,,14,6,1,22,9,121.5314826,25.0510143
111,7,14,10,17,2,09北投區,北投區大度路1段與大業路口,0,0,1,1,C03,8,1,5,50,5,1,1,5,4,5,7,2,1,1,4,5,1,17,1,20,2,9,1,1,7,15,1,10,1,11,,25,25,1,22,9,121.4994221,25.12083506
111,7,14,10,17,2,09北投區,北投區大度路1段與大業路口,0,0,1,2,B03,8,1,5,50,5,1,1,5,4,5,7,2,1,1,4,5,1,17,1,30,3,10,1,1,7,5,1,8,1,2,,44,25,1,22,9,121.4994221,25.12083506
111,7,14,10,30,2,10文山區,文山區羅斯福路6段與溪口街口,0,0,2,1,C03,8,1,5,50,5,1,1,5,4,5,7,1,1,5,5,5,2,12,1,71,2,9,1,1,7,4,1,10,1,12,,23,23,1,22,9,121.5412833,24.99412086
111,7,14,10,30,2,10文山區,文山區羅斯福路6段與溪口街口,0,0,2,2,C03,8,1,5,50,5,1,1,5,4,5,7,1,1,5,5,5,2,12,1,71,2,9,1,1,7,7,1,10,1,14,,7,23,1,22,9,121.5412833,24.99412086
111,7,14,10,30,2,10文山區,文山區羅斯福路6段與溪口街口,0,0,2,3,B01,8,1,5,50,5,1,1,5,4,5,7,1,1,5,5,5,2,12,1,56,3,10,1,1,7,9,1,4,1,6,,44,23,1,22,9,121.5412833,24.99412086
111,7,14,10,42,2,02萬華區,萬華區中華路2段與西藏路口,0,0,2,1,C03,8,1,5,50,4,1,1,5,4,5,7,1,1,1,4,5,2,17,1,55,2,9,1,4,7,9,1,10,1,11,,23,23,1,22,9,121.5040048,25.02997304
111,7,14,10,42,2,02萬華區,萬華區中華路2段與西藏路口,0,0,2,2,F01,8,1,5,50,4,1,1,5,4,5,7,1,1,1,4,5,2,17,2,68,2,9,1,1,7,7,8,20,1,16,,7,23,1,22,9,121.5040048,25.02997304
111,7,14,11,25,2,07信義區,信義區基隆路2段149-16號,0,0,3,1,B01,8,1,5,50,14,9,1,5,4,5,7,1,1,1,4,5,2,13,2,66,2,1,1,1,7,9,1,4,1,1,,23,23,1,22,9,121.555349,25.02679523
111,7,14,11,25,2,07信義區,信義區基隆路2段149-16號,0,0,3,2,B03,8,1,5,50,14,9,1,5,4,5,7,1,1,1,4,5,2,13,1,53,3,10,1,1,7,14,1,8,1,3,,44,23,1,22,9,121.555349,25.02679523
111,7,14,11,25,2,07信義區,信義區基隆路2段149-16號,0,0,3,3,H02,8,1,5,50,14,9,1,5,4,5,7,1,1,1,4,5,2,13,2,43,2,2,1,4,7,17,8,20,10,16,,67,23,1,22,9,121.555349,25.02679523
111,7,14,11,25,2,07信義區,信義區基隆路2段149-16號,0,0,3,4,B01,8,1,5,50,14,9,1,5,4,5,7,1,1,1,4,5,2,13,1,63,3,10,1,1,7,14,1,4,1,3,,44,23,1,22,9,121.555349,25.02679523
111,7,14,11,25,2,07信義區,信義區基隆路2段149-16號,0,0,3,5,H02,8,1,5,50,14,9,1,5,4,5,7,1,1,1,4,5,2,13,1,39,2,9,4,4,7,17,8,20,11,16,,67,23,1,22,9,121.555349,25.02679523
111,7,14,11,32,2,08士林區,士林區中山北路6段與中山北路6段277巷口,0,0,1,1,B02,8,1,5,50,3,2,1,5,4,5,7,4,4,1,4,5,1,17,1,59,3,10,1,1,7,7,1,8,1,15,,7,7,1,21,8,121.5254199,25.1100593
111,7,14,11,32,2,08士林區,士林區中山北路6段與中山北路6段277巷口,0,0,1,2,C03,8,1,5,50,3,2,1,5,4,5,7,4,4,1,4,5,1,17,1,23,2,9,1,1,7,9,1,10,1,14,,13,7,1,21,8,121.5254199,25.1100593
111,7,14,11,43,2,02萬華區,萬華區環河南路1段與貴陽街2段口,0,0,1,1,B03,8,1,5,50,5,1,1,5,4,5,7,1,1,10,5,5,2,17,1,21,3,10,3,4,7,8,3,18,1,5,,7,7,1,22,9,121.4979779,25.04012945
111,7,14,11,43,2,02萬華區,萬華區環河南路1段與貴陽街2段口,0,0,1,2,C03,8,1,5,50,5,1,1,5,4,5,7,1,1,10,5,5,2,17,1,24,2,9,1,4,7,9,1,10,1,14,,44,7,1,22,9,121.4979779,25.04012945
111,7,14,11,47,2,01大同區,大同區承德路2段與錦西街口,0,0,1,1,B02,8,1,5,50,4,1,1,5,4,5,7,2,1,5,5,5,2,16,1,29,3,10,1,1,7,5,1,8,1,1,,8,8,1,22,9,121.518291,25.0601914
111,7,14,11,47,2,01大同區,大同區承德路2段與錦西街口,0,0,1,2,C03,8,1,5,50,4,1,1,5,4,5,7,2,1,5,5,5,2,16,1,32,2,9,1,1,7,9,1,10,1,14,,44,8,1,22,9,121.518291,25.0601914
111,7,14,12,0,2,06松山區,松山區復興北路與民權東路3段口,0,0,1,1,C03,8,1,5,50,4,1,1,5,4,5,7,2,1,1,4,5,2,12,2,57,2,8,1,1,7,9,4,10,1,14,,23,23,1,22,9,121.5443267,25.06208503
111,7,14,12,0,2,06松山區,松山區復興北路與民權東路3段口,0,0,1,2,C03,8,1,5,50,4,1,1,5,4,5,7,2,1,1,4,5,2,12,2,35,3,10,1,1,7,9,1,10,1,12,,23,23,1,22,9,121.5443267,25.06208503
111,7,14,12,8,2,04大安區,大安區臥龍街188巷與辛亥路3段口,0,0,1,1,B03,8,1,5,50,3,2,1,5,4,5,7,4,4,8,3,5,1,12,1,28,3,10,2,1,7,6,1,8,1,2,,9,9,1,22,9,121.5504886,25.0161834
111,7,14,12,8,2,04大安區,大安區臥龍街188巷與辛亥路3段口,0,0,1,2,C03,8,1,5,50,3,2,1,5,4,5,7,4,4,8,3,5,1,12,1,30,2,7,2,1,7,9,1,10,1,14,,44,9,1,22,9,121.5504886,25.0161834
111,7,14,12,8,2,07信義區,信義區基隆路1段35巷與基隆路1段35巷5弄口,0,0,1,1,C03,8,1,5,30,4,1,1,5,4,5,7,4,4,10,5,5,2,15,2,55,2,9,1,1,7,9,1,10,2,11,,6,6,1,21,8,121.5704369,25.04839783
111,7,14,12,8,2,07信義區,信義區基隆路1段35巷與基隆路1段35巷5弄口,0,0,1,2,B12,8,1,5,30,4,1,1,5,4,5,7,4,4,10,5,5,2,15,1,28,3,10,1,1,7,9,1,4,2,4,,14,6,1,21,8,121.5704369,25.04839783
111,7,14,12,8,2,07信義區,信義區基隆路1段35巷與基隆路1段35巷5弄口,0,0,1,3,B12,8,1,5,30,4,1,1,5,4,5,7,4,4,10,5,5,2,15,1,58,3,10,1,1,7,13,1,8,11,15,,38,6,1,21,8,121.5704369,25.04839783
111,7,14,12,30,2,10文山區,文山區辛亥路4段與萬美街2段口,0,0,2,1,C03,8,1,5,50,14,9,1,5,4,5,7,4,4,1,4,5,2,12,1,68,2,9,1,1,7,9,1,10,2,14,,17,17,1,22,9,121.5583212,25.00635586
111,7,14,12,30,2,10文山區,文山區辛亥路4段與萬美街2段口,0,0,2,2,C03,8,1,5,50,14,9,1,5,4,5,7,4,4,1,4,5,2,12,2,62,2,9,1,1,7,9,1,10,2,14,,44,17,1,22,9,121.5583212,25.00635586
111,7,14,12,30,2,10文山區,文山區辛亥路4段與萬美街2段口,0,0,2,3,B12,8,1,5,50,14,9,1,5,4,5,7,4,4,1,4,5,2,12,1,38,3,10,1,1,7,9,1,8,2,2,,17,17,1,22,9,121.5583212,25.00635586
111,7,14,12,45,2,09北投區,北投區溫泉路81號,0,0,1,1,B03,8,1,5,30,14,9,1,5,4,5,7,4,4,10,5,5,2,16,1,32,3,10,1,1,7,6,1,8,1,2,,9,9,1,22,9,121.5070241,25.13557636
111,7,14,12,45,2,09北投區,北投區溫泉路81號,0,0,1,2,C03,8,1,5,30,14,9,1,5,4,5,7,4,4,10,5,5,2,16,2,27,2,7,1,1,7,9,1,10,1,14,,44,9,1,22,9,121.5070241,25.13557636
111,7,14,12,48,2,04大安區,大安區和平東路3段與和平東路3段308巷口,0,0,2,1,C03,8,1,5,50,5,1,1,5,4,5,7,2,1,1,4,5,2,16,2,78,2,5,1,1,7,1,3,18,1,14,,19,19,1,22,9,121.5565892,25.02048468
111,7,14,12,48,2,04大安區,大安區和平東路3段與和平東路3段308巷口,0,0,2,2,C04,8,1,5,50,5,1,1,5,4,5,7,2,1,1,4,5,2,16,1,69,2,9,1,1,7,6,1,11,1,12,,44,19,1,22,9,121.5565892,25.02048468
111,7,14,13,10,2,08士林區,士林區德行東路與德行東路74巷口,0,0,2,1,C03,8,1,5,30,4,1,1,5,4,5,7,4,4,5,5,5,1,16,1,30,2,8,1,1,7,5,1,10,1,14,,44,44,1,21,8,121.5273591,25.107352
111,7,14,13,10,2,08士林區,士林區德行東路與德行東路74巷口,0,0,2,2,C03,8,1,5,30,4,1,1,5,4,5,7,4,4,5,5,5,1,16,2,63,2,9,1,1,7,5,1,10,1,14,,26,44,1,21,8,121.5273591,25.107352