發生年度,發生月,發生日,發生時-Hours,發生分,處理別-編號,區序,肇事地點,死亡人數,2-30日死亡人數,受傷人數,當事人序號,車種,天候,光線,道路類別,速限-速度限制,道路型態,事故位置,路面狀況1,路面狀況2,路面狀況3,道路障礙1,道路障礙2,號誌1,號誌2,車道劃分-分向,車道劃分-分道1,車道劃分-分道2,車道劃分-分道3,事故類型及型態,性別,年齡,受傷程度,主要傷處,安全帽,行動電話,車輛用途,當事者行動狀態,駕駛資格情形,駕駛執照種類,飲酒情形,車輛撞擊部位1,車輛撞擊部位2,肇因碼-個別,肇因碼-主要,個人肇逃否,職業,旅次目的,座標-X,座標-Y
111,7,14,13,10,2,08士林區,士林區德行東路與德行東路74巷口,0,0,2,3,B03,8,1,5,30,4,1,1,5,4,5,7,4,4,5,5,5,1,16,2,40,3,10,1,1,7,14,1,8,1,8,,44,44,1,21,8,121.5273591,25.107352
111,7,14,13,35,2,12內湖區,內湖區成功路5段與大湖街口口,0,0,2,1,B02,8,1,5,50,3,1,1,5,4,5,7,4,4,1,4,4,2,16,1,18,3,10,1,1,7,6,1,8,2,5,,6,6,1,22,9,121.6021702,25.08382133
111,7,14,13,35,2,12內湖區,內湖區成功路5段與大湖街口口,0,0,2,2,C03,8,1,5,50,3,1,1,5,4,5,7,4,4,1,4,4,2,16,2,58,2,9,1,1,7,9,1,10,2,13,,44,6,1,22,9,121.6021702,25.08382133
111,7,14,13,35,2,12內湖區,內湖區成功路5段與大湖街口口,0,0,2,3,H02,8,1,5,50,3,1,1,5,4,5,7,4,4,1,4,4,2,16,2,29,2,9,4,5,7,21,8,20,10,16,,67,6,1,22,9,121.6021702,25.08382133
111,7,14,13,45,2,05中正區,中正區開封街1段與懷寧街口口,0,0,1,1,B12,8,1,5,30,4,1,1,5,4,5,7,3,1,10,4,5,2,15,1,53,3,10,1,1,7,9,1,8,2,4,,6,6,1,22,9,121.5142061,25.04595872
111,7,14,13,45,2,05中正區,中正區開封街1段與懷寧街口口,0,0,1,2,C03,8,1,5,30,4,1,1,5,4,5,7,3,1,10,4,5,2,15,1,21,2,8,1,1,7,9,1,10,2,11,,44,6,1,22,9,121.5142061,25.04595872
111,7,14,14,29,2,04大安區,大安區新生南路3段與辛亥路2段口,0,0,1,1,B03,8,1,5,50,4,1,1,5,4,5,7,2,1,9,4,4,1,16,1,31,4,11,3,4,7,6,7,19,9,15,,9,9,2,22,9,121.5346585,25.02225363
111,7,14,14,29,2,04大安區,大安區新生南路3段與辛亥路2段口,0,0,1,2,F01,8,1,5,50,4,1,1,5,4,5,7,2,1,9,4,4,1,16,1,43,2,7,1,1,7,9,8,20,1,16,,44,9,1,22,9,121.5346585,25.02225363
111,7,14,14,36,2,09北投區,北投區光明路與磺港路口,0,0,3,1,C03,8,1,5,50,5,1,1,5,4,5,7,3,1,5,5,5,1,15,2,35,2,9,1,1,7,9,1,10,1,12,,6,6,1,22,9,121.501879,25.1334603
111,7,14,14,36,2,09北投區,北投區光明路與磺港路口,0,0,3,2,C03,8,1,5,50,5,1,1,5,4,5,7,3,1,5,5,5,1,15,1,42,2,9,1,1,7,9,1,10,1,11,,44,6,1,22,9,121.501879,25.1334603
111,7,14,14,36,2,09北投區,北投區光明路與磺港路口,0,0,3,3,H02,8,1,5,50,5,1,1,5,4,5,7,3,1,5,5,5,1,15,1,35,2,9,4,5,7,20,8,20,1,16,,67,6,1,22,9,121.501879,25.1334603
111,7,14,14,45,2,10文山區,文山區木柵路4段77號,0,0,2,1,C03,8,1,5,50,14,18,1,5,4,5,7,3,1,5,4,5,2,9,1,18,2,6,1,1,7,9,1,10,2,11,,15,15,1,22,9,121.5720703,24.9958304
111,7,14,14,45,2,10文山區,文山區木柵路4段77號,0,0,2,2,H01,8,1,5,50,14,18,1,5,4,5,7,3,1,5,4,5,2,9,1,17,2,9,4,5,8,18,8,20,10,15,,51,15,1,22,9,121.5720703,24.9958304
111,7,14,15,29,2,04大安區,大安區和平東路1段199巷與和平東路1段口,0,0,1,1,C03,8,2,5,30,3,1,1,5,4,5,7,4,4,10,4,5,1,15,2,54,3,10,1,4,7,9,1,10,2,11,,6,6,1,22,9,121.5341895,25.0263117
111,7,14,15,29,2,04大安區,大安區和平東路1段199巷與和平東路1段口,0,0,1,2,F01,8,2,5,30,3,1,1,5,4,5,7,4,4,10,4,5,1,15,2,65,2,9,1,1,7,11,8,20,2,16,,11,6,1,22,9,121.5341895,25.0263117
111,7,14,16,26,2,04大安區,大安區忠孝東路3段與復興南路1段口,0,0,1,1,B12,8,1,5,50,4,1,1,5,4,5,7,2,1,9,4,5,1,1,2,67,4,11,3,4,7,15,7,19,11,15,,15,15,2,22,9,121.5435653,25.04168944
111,7,14,16,26,2,04大安區,大安區忠孝東路3段與復興南路1段口,0,0,1,2,H01,8,1,5,50,4,1,1,5,4,5,7,2,1,9,4,5,1,1,1,18,2,7,4,5,8,16,8,20,10,16,,52,15,1,22,9,121.5435653,25.04168944
111,7,14,16,28,2,01大同區,大同區民權西路與承德路3段口,0,0,1,1,C03,8,1,5,50,4,1,1,5,4,5,7,2,1,1,4,5,2,12,1,22,3,10,1,1,7,6,1,10,1,11,,9,9,1,22,9,121.5182123,25.06299074
111,7,14,16,28,2,01大同區,大同區民權西路與承德路3段口,0,0,1,2,F01,8,1,5,50,4,1,1,5,4,5,7,2,1,1,4,5,2,12,2,48,2,9,1,1,7,11,8,20,1,16,,11,9,1,22,9,121.5182123,25.06299074
111,7,14,16,30,2,12內湖區,內湖區康寧路3段33號,0,0,2,1,B03,8,1,5,50,14,7,1,5,4,5,7,4,4,1,4,4,1,13,1,50,4,11,3,4,7,10,7,19,11,15,,7,7,2,22,9,121.60787,25.0726591
111,7,14,16,30,2,12內湖區,內湖區康寧路3段33號,0,0,2,2,C03,8,1,5,50,14,7,1,5,4,5,7,4,4,1,4,4,1,13,1,18,2,9,3,4,7,9,1,10,1,11,,13,7,1,22,9,121.60787,25.0726591
111,7,14,16,30,2,12內湖區,內湖區康寧路3段33號,0,0,2,3,C03,8,1,5,50,14,7,1,5,4,5,7,4,4,1,4,4,1,13,2,47,2,8,3,4,7,12,1,10,1,13,,44,7,1,22,9,121.60787,25.0726591
111,7,14,16,35,2,03中山區,中山區北安路往東823公園對面,0,0,2,1,B12,8,1,5,50,14,9,1,5,4,5,7,4,4,1,3,5,1,16,1,28,3,10,3,4,7,9,1,8,2,2,,23,23,1,22,9,121.5277847,25.07684264
111,7,14,16,35,2,03中山區,中山區北安路往東823公園對面,0,0,2,2,C03,8,1,5,50,14,9,1,5,4,5,7,4,4,1,3,5,1,16,1,20,2,9,1,1,7,9,1,10,2,14,,44,23,1,22,9,121.5277847,25.07684264
111,7,14,16,35,2,03中山區,中山區北安路往東823公園對面,0,0,2,3,H02,8,1,5,50,14,9,1,5,4,5,7,4,4,1,3,5,1,16,2,20,2,9,1,5,7,20,8,20,10,16,,67,23,1,22,9,121.5277847,25.07684264
111,7,14,16,40,2,07信義區,信義區信安街200號,0,0,1,1,C03,8,1,5,50,14,9,1,5,4,5,7,4,4,9,4,5,2,12,1,82,2,9,1,1,7,9,1,10,2,14,,42,42,1,22,9,121.5552716,25.02303909
111,7,14,16,40,2,07信義區,信義區信安街200號,0,0,1,2,B12,8,1,5,50,14,9,1,5,4,5,7,4,4,9,4,5,2,12,1,44,3,10,1,1,7,9,1,8,2,2,,26,42,1,22,9,121.5552716,25.02303909
111,7,14,16,50,2,08士林區,士林區中山北路6段405巷48號前,0,0,1,1,C03,8,1,5,30,15,9,1,5,4,5,7,4,4,10,5,5,1,11,1,30,2,8,1,4,7,9,1,10,1,14,,5,5,1,22,9,121.5266853,25.11543781
111,7,14,16,50,2,08士林區,士林區中山北路6段405巷48號前,0,0,1,2,B03,8,1,5,30,15,9,1,5,4,5,7,4,4,10,5,5,1,11,1,34,3,10,1,1,7,6,1,8,1,8,,5,5,1,22,9,121.5266853,25.11543781
111,7,14,16,56,2,04大安區,大安區大安路1段與東豐街口,0,0,1,1,B03,8,2,5,50,4,1,1,5,4,5,7,2,1,5,4,4,1,12,2,57,3,10,1,4,7,4,1,8,2,2,,1,1,1,22,9,121.5460252,25.0359908
111,7,14,16,56,2,04大安區,大安區大安路1段與東豐街口,0,0,1,2,C03,8,2,5,50,4,1,1,5,4,5,7,2,1,5,4,4,1,12,2,63,2,9,1,4,7,5,1,10,2,11,,8,1,1,22,9,121.5460252,25.0359908
111,7,14,17,5,2,03中山區,中山區大直橋與濱江街口,0,0,3,3,H02,8,1,5,50,8,9,1,5,4,5,7,4,4,1,4,5,2,13,2,11,2,9,1,5,7,21,8,20,1,16,,67,16,1,22,9,121.5443968,25.07361782
111,7,14,17,5,2,03中山區,中山區大直橋與濱江街口,0,0,3,2,C03,8,1,5,50,8,9,1,5,4,5,7,4,4,1,4,5,2,13,1,44,3,10,1,1,7,9,1,10,1,13,,44,16,1,22,9,121.5443968,25.07361782
111,7,14,17,5,2,03中山區,中山區大直橋與濱江街口,0,0,3,4,H02,8,1,5,50,8,9,1,5,4,5,7,4,4,1,4,5,2,13,2,6,2,9,1,1,7,21,8,20,1,16,,67,16,1,22,9,121.5443968,25.07361782
111,7,14,17,5,2,03中山區,中山區大直橋與濱江街口,0,0,3,1,C03,8,1,5,50,8,9,1,5,4,5,7,4,4,1,4,5,2,13,2,63,2,9,1,1,7,9,1,10,1,11,,16,16,1,22,9,121.5443968,25.07361782
111,7,14,17,25,2,05中正區,中正區中華路2段與愛國西路口,0,0,1,1,C03,8,1,5,50,5,1,1,5,4,5,7,1,1,1,4,5,2,16,1,25,3,10,1,1,7,9,7,19,9,11,,43,43,1,22,9,121.5068901,25.03705524
111,7,14,17,25,2,05中正區,中正區中華路2段與愛國西路口,0,0,1,2,C03,8,1,5,50,5,1,1,5,4,5,7,1,1,1,4,5,2,16,1,18,2,9,1,1,7,6,1,10,9,12,,43,43,1,22,9,121.5068901,25.03705524
111,7,14,17,54,2,03中山區,中山區八德路2段199巷與建國北路1段33巷口,0,0,1,1,C03,8,1,5,30,4,1,1,5,4,5,7,4,4,10,4,5,1,16,1,27,2,9,1,1,7,9,1,10,1,12,,6,6,1,22,9,121.5390624,25.0477834
111,7,14,17,54,2,03中山區,中山區八德路2段199巷與建國北路1段33巷口,0,0,1,2,B03,8,1,5,30,4,1,1,5,4,5,7,4,4,10,4,5,1,16,2,38,3,10,3,4,7,9,1,8,1,1,,44,6,1,22,9,121.5390624,25.0477834
111,7,14,18,13,2,05中正區,中正區北平西路與重慶北路1段口口,0,0,2,1,C03,8,1,5,50,4,2,1,5,4,5,7,2,1,9,4,5,1,16,1,53,2,7,1,1,7,5,1,10,2,14,,26,26,1,21,5,121.5133601,25.048351
111,7,14,18,13,2,05中正區,中正區北平西路與重慶北路1段口口,0,0,2,2,C02,8,1,5,50,4,2,1,5,4,5,7,2,1,9,4,5,1,16,1,47,2,8,1,1,7,9,1,10,2,11,,4,26,1,5,1,121.5133601,25.048351
111,7,14,18,15,2,12內湖區,內湖區港墘路與瑞光路口,0,0,1,1,B03,8,1,5,50,4,1,1,5,4,5,7,1,1,1,4,5,2,16,1,33,3,10,1,1,7,9,1,8,1,5,,25,25,1,22,9,121.5750383,25.07636877
111,7,14,18,15,2,12內湖區,內湖區港墘路與瑞光路口,0,0,1,2,C03,8,1,5,50,4,1,1,5,4,5,7,1,1,1,4,5,2,16,2,28,2,9,1,1,7,9,1,10,1,11,,44,25,1,22,9,121.5750383,25.07636877
111,7,14,18,39,2,03中山區,中山區錦州街與民生東路2段127巷口,0,0,2,1,F01,8,3,5,30,3,2,1,5,4,5,7,4,4,10,5,5,2,2,1,18,2,9,1,1,7,9,8,20,1,16,,13,13,1,22,9,121.5322493,25.06032086
111,7,14,18,39,2,03中山區,中山區錦州街與民生東路2段127巷口,0,0,2,2,H01,8,3,5,30,3,2,1,5,4,5,7,4,4,10,5,5,2,2,2,54,2,9,4,5,8,16,8,20,10,16,,51,13,1,22,9,121.5322493,25.06032086
111,7,14,18,41,2,10文山區,文山區羅斯福路5段與汀州路4段23巷口,0,0,1,2,F01,8,1,5,30,3,2,1,5,4,5,7,4,4,10,5,5,2,17,2,19,2,9,1,1,7,15,8,20,11,16,,43,43,1,22,9,121.5372775,25.00975111
111,7,14,18,41,2,10文山區,文山區羅斯福路5段與汀州路4段23巷口,0,0,1,1,,8,1,5,30,3,2,1,5,4,5,7,4,4,10,5,5,2,17,4,,4,11,3,4,7,15,7,19,11,15,,43,43,2,22,9,121.5372775,25.00975111
111,7,14,19,3,2,05中正區,中正區徐州路與林森南路口東北角,0,0,1,1,B03,8,3,5,50,4,2,1,5,4,5,7,2,1,5,4,5,2,12,2,52,3,10,1,1,7,6,1,8,1,2,,9,9,1,22,9,121.5222476,25.04100979
111,7,14,19,3,2,05中正區,中正區徐州路與林森南路口東北角,0,0,1,2,F01,8,3,5,50,4,2,1,5,4,5,7,2,1,5,4,5,2,12,1,39,2,9,1,1,7,11,8,20,1,16,,11,9,1,22,9,121.5222476,25.04100979
111,7,14,19,15,2,03中山區,中山區八德路2段與八德路2段267巷口,0,0,1,1,C03,8,3,5,50,4,1,1,5,4,5,7,1,1,5,4,5,2,12,1,38,3,10,1,1,7,4,1,10,1,12,,23,23,1,22,9,121.5414896,25.0469638
111,7,14,19,15,2,03中山區,中山區八德路2段與八德路2段267巷口,0,0,1,2,C03,8,3,5,50,4,1,1,5,4,5,7,1,1,5,4,5,2,12,1,23,2,9,1,1,7,9,1,10,1,14,,44,23,1,22,9,121.5414896,25.0469638
111,7,14,19,30,2,12內湖區,內湖區瑞光路451號前,0,0,2,2,C03,8,3,5,50,14,9,1,5,4,5,7,4,4,5,5,5,2,16,1,26,2,9,1,1,7,9,1,10,2,11,,23,19,1,22,9,121.5699617,25.0782818
111,7,14,19,30,2,12內湖區,內湖區瑞光路451號前,0,0,2,1,B03,8,3,5,50,14,9,1,5,4,5,7,4,4,5,5,5,2,16,1,51,2,9,1,1,7,1,1,8,2,2,,19,19,1,22,9,121.5699617,25.0782818
111,7,14,19,52,2,03中山區,中山區復興北路430巷與民權東路3段75巷口,0,0,1,1,B03,8,3,5,30,4,1,1,5,4,5,7,3,1,9,5,5,2,16,1,47,3,10,3,4,7,9,1,8,1,8,,25,25,1,22,9,121.5436768,25.06336839
111,7,14,19,52,2,03中山區,中山區復興北路430巷與民權東路3段75巷口,0,0,1,2,C03,8,3,5,30,4,1,1,5,4,5,7,3,1,9,5,5,2,16,1,41,2,9,1,1,7,9,1,10,1,11,,23,25,1,22,9,121.5436768,25.06336839
111,7,14,20,9,2,05中正區,中正區市民大道2段與金山北路口西南角,0,0,3,1,C03,8,3,5,40,4,2,1,5,4,5,7,2,1,1,4,5,2,13,2,36,2,9,1,3,7,9,1,10,2,11,,23,23,1,22,9,121.5305492,25.04598592
111,7,14,20,9,2,05中正區,中正區市民大道2段與金山北路口西南角,0,0,3,2,C03,8,3,5,40,4,2,1,5,4,5,7,2,1,1,4,5,2,13,2,21,2,8,1,1,7,14,1,10,2,13,,44,23,1,22,9,121.5305492,25.04598592
111,7,14,20,9,2,05中正區,中正區市民大道2段與金山北路口西南角,0,0,3,3,H02,8,3,5,40,4,2,1,5,4,5,7,2,1,1,4,5,2,13,2,21,2,9,4,5,7,20,8,20,10,16,,67,23,1,22,9,121.5305492,25.04598592
111,7,14,21,16,2,06松山區,松山區民生東路3段113巷與民生東路3段113巷25弄口,0,0,1,1,C03,8,3,5,30,4,1,1,5,4,5,7,4,4,10,5,5,2,15,2,54,2,9,1,4,7,9,1,10,1,11,,6,6,1,22,9,121.5461729,25.05945963
111,7,14,21,16,2,06松山區,松山區民生東路3段113巷與民生東路3段113巷25弄口,0,0,1,2,B12,8,3,5,30,4,1,1,5,4,5,7,4,4,10,5,5,2,15,1,35,3,10,1,4,7,9,1,8,1,5,,23,6,1,22,9,121.5461729,25.05945963
111,7,14,21,18,2,10文山區,文山區指南路2段84號,0,0,1,1,C03,8,3,5,50,14,9,1,5,4,5,7,4,4,7,2,5,2,12,2,19,2,8,1,1,7,9,1,10,9,12,,23,23,1,22,9,121.5790624,24.98654282
111,7,14,21,18,2,10文山區,文山區指南路2段84號,0,0,1,2,C03,8,3,5,50,14,9,1,5,4,5,7,4,4,7,2,5,2,12,2,28,3,10,1,1,7,13,1,10,9,13,,44,23,1,22,9,121.5790624,24.98654282
111,7,14,21,18,2,10文山區,文山區指南路2段84號,0,0,1,3,C03,8,3,5,50,14,9,1,5,4,5,7,4,4,7,2,5,2,12,2,32,3,10,1,1,7,13,1,10,9,12,,44,23,1,22,9,121.5790624,24.98654282
111,7,14,21,18,2,10文山區,文山區指南路2段84號,0,0,1,4,B03,8,3,5,50,14,9,1,5,4,5,7,4,4,7,2,5,2,12,2,47,3,10,1,1,7,13,1,8,9,3,,44,23,1,22,9,121.5790624,24.98654282
111,7,14,21,56,2,03中山區,中山區林森北路與長春路口,0,0,2,1,C03,8,3,5,50,4,1,1,5,4,5,7,1,1,9,4,4,2,16,1,28,2,7,1,1,7,5,1,10,1,14,,6,6,1,22,9,121.5254534,25.0549376
111,7,14,21,56,2,03中山區,中山區林森北路與長春路口,0,0,2,2,C03,8,3,5,50,4,1,1,5,4,5,7,1,1,9,4,4,2,16,2,30,2,9,1,1,7,9,1,10,1,14,,44,6,1,22,9,121.5254534,25.0549376
111,7,14,22,0,2,06松山區,松山區南京東路5段251巷與南京東路5段251巷32弄口,0,0,3,1,C03,8,3,5,30,4,1,1,5,4,5,7,4,4,10,5,5,2,15,1,24,2,9,1,1,7,9,1,10,1,11,,6,6,1,22,9,121.5651169,25.05293041
111,7,14,22,0,2,06松山區,松山區南京東路5段251巷與南京東路5段251巷32弄口,0,0,3,2,C03,8,3,5,30,4,1,1,5,4,5,7,4,4,10,5,5,2,15,1,32,2,9,1,1,7,9,1,10,1,12,,13,6,1,22,9,121.5651169,25.05293041
111,7,14,22,0,2,06松山區,松山區南京東路5段251巷與南京東路5段251巷32弄口,0,0,3,3,H02,8,3,5,30,4,1,1,5,4,5,7,4,4,10,5,5,2,15,2,24,2,9,4,5,7,21,8,20,10,15,,67,6,1,22,9,121.5651169,25.05293041
111,7,14,22,41,2,02萬華區,萬華區環河南路3段與艋舺大道口,0,0,1,1,B03,8,3,5,50,3,2,1,5,4,5,7,4,4,10,4,5,2,12,1,25,3,10,1,1,7,6,1,8,11,2,,9,9,2,22,9,121.4895476,25.02741486
111,7,14,22,41,2,02萬華區,萬華區環河南路3段與艋舺大道口,0,0,1,2,C03,8,3,5,50,3,2,1,5,4,5,7,4,4,10,4,5,2,12,1,21,2,9,1,1,7,9,1,10,1,14,,44,9,1,22,9,121.4895476,25.02741486
111,7,14,22,52,2,02萬華區,萬華區康定路與武昌街2段口,0,0,2,1,C03,8,1,5,50,4,2,1,5,4,5,7,1,1,10,5,5,1,17,2,35,2,9,1,4,7,5,1,10,2,11,,8,8,1,22,9,121.5031538,25.04553961
111,7,14,22,52,2,02萬華區,萬華區康定路與武昌街2段口,0,0,2,2,C03,8,1,5,50,4,2,1,5,4,5,7,1,1,10,5,5,1,17,2,35,2,9,1,4,7,9,1,10,2,11,,44,8,1,22,9,121.5031538,25.04553961
111,7,14,22,52,2,02萬華區,萬華區康定路與武昌街2段口,0,0,2,3,C03,8,1,5,50,4,2,1,5,4,5,7,1,1,10,5,5,1,17,4,,4,11,3,4,7,15,7,19,11,15,,44,8,2,22,9,121.5031538,25.04553961
111,7,14,23,0,2,06松山區,松山區南京東路5段123巷1弄與南京東路5段123巷口,0,0,2,1,C04,7,3,5,30,4,1,1,5,4,5,7,4,4,10,5,5,2,15,1,19,2,9,1,1,7,9,1,10,1,11,,6,6,1,22,9,121.5607923,25.05208489
111,7,14,23,0,2,06松山區,松山區南京東路5段123巷1弄與南京東路5段123巷口,0,0,2,2,C03,7,3,5,30,4,1,1,5,4,5,7,4,4,10,5,5,2,15,1,24,2,9,1,1,7,9,1,10,1,12,,14,6,1,22,9,121.5607923,25.05208489
111,7,14,23,51,2,02萬華區,萬華區康定路與三水街口,0,0,2,2,H01,8,3,5,50,4,1,1,5,4,5,7,2,1,5,4,5,2,3,1,25,2,9,4,5,8,16,8,20,10,16,,51,25,1,22,9,121.5013476,25.03610237
111,7,14,23,51,2,02萬華區,萬華區康定路與三水街口,0,0,2,1,C03,8,3,5,50,4,1,1,5,4,5,7,2,1,5,4,5,2,3,1,61,2,9,1,1,7,9,1,10,1,11,,25,25,1,22,9,121.5013476,25.03610237
111,7,15,0,39,2,04大安區,大安區新生南路3段與新生南路3段10巷口,0,0,1,1,C03,7,3,5,50,3,1,1,5,4,5,7,4,4,1,4,5,2,17,2,17,2,9,1,4,7,9,2,18,1,12,,23,23,1,22,9,121.5346898,25.0250077
111,7,15,0,39,2,04大安區,大安區新生南路3段與新生南路3段10巷口,0,0,1,2,B01,7,3,5,50,3,1,1,5,4,5,7,4,4,1,4,5,2,17,1,60,3,10,3,4,7,14,1,4,1,8,,38,23,1,22,9,121.5346898,25.0250077
111,7,15,6,0,2,06松山區,松山區塔悠路基5號疏散門,0,0,1,1,B03,8,1,8,30,15,22,1,5,4,5,7,4,4,10,5,5,2,15,1,27,3,10,1,1,7,9,1,8,1,2,,6,6,1,22,9,121.5694932,25.05893365
111,7,15,6,0,2,06松山區,松山區塔悠路基5號疏散門,0,0,1,2,C03,8,1,8,30,15,22,1,5,4,5,7,4,4,10,5,5,2,15,1,39,2,9,1,1,7,9,1,10,1,14,,6,6,1,22,9,121.5694932,25.05893365
111,7,15,6,39,2,04大安區,大安區基隆路2段與光復南路口,0,0,1,1,B03,8,1,5,50,4,2,1,5,4,5,7,2,1,1,4,5,1,13,1,59,3,10,3,4,7,9,1,8,2,5,,23,23,1,22,9,121.5575328,25.02981731
111,7,15,6,39,2,04大安區,大安區基隆路2段與光復南路口,0,0,1,2,C03,8,1,5,50,4,2,1,5,4,5,7,2,1,1,4,5,1,13,1,68,2,9,3,4,7,7,1,10,2,14,,7,23,1,22,9,121.5575328,25.02981731
111,7,15,7,50,2,08士林區,士林區中山北路6段290巷11弄1號與中山北路6段290巷11弄口,0,0,1,1,B02,8,1,5,30,3,2,4,5,4,5,7,4,4,10,5,5,2,16,1,66,3,10,1,1,7,1,1,8,1,8,,19,19,1,22,9,121.5262484,25.1101505
111,7,15,7,50,2,08士林區,士林區中山北路6段290巷11弄1號與中山北路6段290巷11弄口,0,0,1,2,C03,8,1,5,30,3,2,4,5,4,5,7,4,4,10,5,5,2,16,2,30,2,9,1,1,7,9,1,10,1,12,,13,19,1,22,9,121.5262484,25.1101505
111,7,15,7,55,2,08士林區,士林區重陽橋第270601燈桿,0,0,3,1,C03,8,1,5,40,14,9,1,5,4,5,7,4,4,5,2,5,2,13,1,20,2,9,3,4,7,9,1,10,2,11,,23,23,1,22,9,121.5037562,25.08522625
111,7,15,7,55,2,08士林區,士林區重陽橋第270601燈桿,0,0,3,2,C03,8,1,5,40,14,9,1,5,4,5,7,4,4,5,2,5,2,13,1,58,2,9,3,4,7,9,1,10,2,13,,44,23,1,22,9,121.5037562,25.08522625
111,7,15,7,55,2,08士林區,士林區重陽橋第270601燈桿,0,0,3,3,C03,8,1,5,40,14,9,1,5,4,5,7,4,4,5,2,5,2,13,2,38,2,9,3,4,7,9,1,10,2,13,,44,23,1,22,9,121.5037562,25.08522625
111,7,15,7,55,2,08士林區,士林區重陽橋第270601燈桿,0,0,3,4,C03,8,1,5,40,14,9,1,5,4,5,7,4,4,5,2,5,2,13,1,42,3,10,3,4,7,9,1,10,2,13,,44,23,1,22,9,121.5037562,25.08522625
111,7,15,7,55,2,08士林區,士林區重陽橋第270601燈桿,0,0,3,5,C03,8,1,5,40,14,9,1,5,4,5,7,4,4,5,2,5,2,13,2,49,3,10,3,4,7,9,1,10,2,11,,23,23,1,22,9,121.5037562,25.08522625
111,7,15,7,55,2,08士林區,士林區重陽橋第270601燈桿,0,0,3,6,C03,8,1,5,40,14,9,1,5,4,5,7,4,4,5,2,5,2,13,1,71,3,10,3,4,7,9,1,10,2,13,,44,23,1,22,9,121.5037562,25.08522625
111,7,15,8,5,2,04大安區,大安區忠孝東路4段與大安路1段口,0,0,1,1,C03,8,1,5,50,14,9,1,5,4,5,7,1,1,9,4,5,1,12,1,29,2,9,1,1,7,7,1,10,1,12,,7,7,1,22,9,121.5458156,25.033676
111,7,15,8,5,2,04大安區,大安區忠孝東路4段與大安路1段口,0,0,1,2,B03,8,1,5,50,14,9,1,5,4,5,7,1,1,9,4,5,1,12,1,41,3,10,1,1,7,9,1,8,1,2,,44,7,1,22,9,121.5458156,25.033676
111,7,15,8,5,2,04大安區,大安區忠孝東路4段與大安路1段口,0,0,1,3,B01,8,1,5,50,14,9,1,5,4,5,7,1,1,9,4,5,1,12,1,54,3,10,1,1,7,9,1,8,1,8,,44,7,1,22,9,121.5458156,25.033676
111,7,15,8,29,2,03中山區,中山區敬業三路與植福路口,0,0,1,1,B02,8,1,5,50,4,2,1,5,4,5,7,1,1,1,3,5,1,12,1,56,3,10,1,1,7,11,1,8,1,4,,10,10,1,22,9,121.5563005,25.08396151
111,7,15,8,29,2,03中山區,中山區敬業三路與植福路口,0,0,1,2,C03,8,1,5,50,4,2,1,5,4,5,7,1,1,1,3,5,1,12,2,26,2,7,1,1,7,9,1,10,1,12,,44,10,1,22,9,121.5563005,25.08396151
111,7,15,8,44,2,10文山區,文山區羅斯福路5段與萬盛街口,0,0,2,1,C03,8,1,5,50,4,1,1,5,4,5,7,2,1,1,4,5,2,13,1,51,2,9,1,1,7,9,1,10,2,11,,16,16,1,22,9,121.5383334,25.00801949
111,7,15,8,44,2,10文山區,文山區羅斯福路5段與萬盛街口,0,0,2,2,C03,8,1,5,50,4,1,1,5,4,5,7,2,1,1,4,5,2,13,2,44,2,9,1,1,7,9,1,10,2,13,,44,16,1,22,9,121.5383334,25.00801949
111,7,15,8,49,2,12內湖區,內湖區舊宗路2段207號,0,0,1,1,B01,8,1,5,50,14,9,1,5,4,5,7,4,4,3,4,5,2,12,1,64,3,10,1,1,7,6,1,4,1,2,,9,9,1,22,9,121.5739332,25.0727938
111,7,15,8,49,2,12內湖區,內湖區舊宗路2段207號,0,0,1,2,C03,8,1,5,50,14,9,1,5,4,5,7,4,4,3,4,5,2,12,1,32,2,7,1,1,7,9,1,10,1,14,,44,9,1,22,9,121.5739332,25.0727938
111,7,15,8,50,2,08士林區,士林區通河東街1段105巷與福港街210巷17弄口,0,0,2,1,C03,8,1,5,30,4,1,1,5,4,5,7,4,4,10,5,5,2,15,2,53,2,9,1,1,7,1,1,10,2,12,,6,6,1,22,9,121.5167947,25.08519812
111,7,15,8,50,2,08士林區,士林區通河東街1段105巷與福港街210巷17弄口,0,0,2,2,C03,8,1,5,30,4,1,1,5,4,5,7,4,4,10,5,5,2,15,2,33,2,8,1,1,7,9,1,10,2,11,,14,6,1,22,9,121.5167947,25.08519812
111,7,15,8,50,2,08士林區,士林區通河東街1段105巷與福港街210巷17弄口,0,0,2,3,B03,8,1,5,30,4,1,1,5,4,5,7,4,4,10,5,5,2,15,1,72,3,10,3,4,7,13,1,8,9,15,,44,6,1,22,9,121.5167947,25.08519812
111,7,15,8,50,2,08士林區,士林區通河東街1段105巷與福港街210巷17弄口,0,0,2,4,B03,8,1,5,30,4,1,1,5,4,5,7,4,4,10,5,5,2,15,1,30,3,10,3,4,7,13,1,8,9,15,,38,6,1,22,9,121.5167947,25.08519812
111,7,15,8,59,2,12內湖區,內湖區民權東路6段與民權東路6段11巷口,0,0,1,1,C03,8,1,5,50,4,1,1,5,4,5,7,1,1,5,4,5,2,12,2,33,2,9,1,1,7,9,1,10,1,11,,26,26,1,22,9,121.5784237,25.06687322