發生年度,發生月,發生日,發生時-Hours,發生分,處理別-編號,區序,肇事地點,死亡人數,2-30日死亡人數,受傷人數,當事人序號,車種,天候,光線,道路類別,速限-速度限制,道路型態,事故位置,路面狀況1,路面狀況2,路面狀況3,道路障礙1,道路障礙2,號誌1,號誌2,車道劃分-分向,車道劃分-分道1,車道劃分-分道2,車道劃分-分道3,事故類型及型態,性別,年齡,受傷程度,主要傷處,安全帽,行動電話,車輛用途,當事者行動狀態,駕駛資格情形,駕駛執照種類,飲酒情形,車輛撞擊部位1,車輛撞擊部位2,肇因碼-個別,肇因碼-主要,個人肇逃否,職業,旅次目的,座標-X,座標-Y
111,7,15,8,59,2,12內湖區,內湖區民權東路6段與民權東路6段11巷口,0,0,1,2,C03,8,1,5,50,4,1,1,5,4,5,7,1,1,5,4,5,2,12,1,23,3,10,1,1,7,6,1,10,1,11,,17,26,1,22,9,121.5784237,25.06687322
111,7,15,9,35,2,08士林區,士林區基河路240巷與基河路口,0,0,1,1,B03,8,1,5,50,4,2,1,5,4,5,7,2,1,5,4,5,2,16,1,75,3,10,1,1,7,5,1,8,1,6,,6,6,1,22,9,121.5215085,25.09135521
111,7,15,9,35,2,08士林區,士林區基河路240巷與基河路口,0,0,1,2,C03,8,1,5,50,4,2,1,5,4,5,7,2,1,5,4,5,2,16,2,33,2,9,1,1,7,9,1,10,1,11,,13,6,1,22,9,121.5215085,25.09135521
111,7,15,9,48,2,03中山區,中山區吉林路與松江路362巷口,0,0,1,1,B03,8,1,5,30,4,1,1,5,4,5,7,4,4,10,4,4,2,15,2,21,3,10,1,1,7,1,1,8,1,1,,6,6,1,22,9,121.5302937,25.06199467
111,7,15,9,48,2,03中山區,中山區吉林路與松江路362巷口,0,0,1,2,C03,8,1,5,30,4,1,1,5,4,5,7,4,4,10,4,4,2,15,2,26,2,8,1,1,7,9,1,10,1,14,,14,6,1,22,9,121.5302937,25.06199467
111,7,15,9,58,2,03中山區,中山區北安路與劍南路口,0,0,1,1,C03,8,1,5,50,3,2,1,5,4,5,7,1,1,1,4,5,2,17,2,25,2,9,1,1,7,12,1,10,1,12,,16,16,1,22,9,121.5536865,25.08532
111,7,15,9,58,2,03中山區,中山區北安路與劍南路口,0,0,1,2,B12,8,1,5,50,3,2,1,5,4,5,7,1,1,1,4,5,2,17,1,44,3,10,1,1,7,12,1,7,1,7,,44,16,1,22,9,121.5536865,25.08532
111,7,15,10,0,2,03中山區,中山區長安東路2段80號,0,0,1,1,B03,8,1,5,50,14,9,1,5,4,5,7,4,4,5,4,5,2,12,1,29,3,10,1,4,7,11,1,8,2,8,,26,26,1,22,9,121.534111,25.048312
111,7,15,10,0,2,03中山區,中山區長安東路2段80號,0,0,1,2,C03,8,1,5,50,14,9,1,5,4,5,7,4,4,5,4,5,2,12,1,42,2,1,1,4,7,15,1,10,2,12,,44,26,1,22,9,121.534111,25.048312
111,7,15,10,15,2,09北投區,北投區大度路3段128號燈桿,0,0,1,1,C03,8,1,5,50,14,12,1,5,4,5,7,4,4,3,4,3,2,18,2,21,2,1,3,4,7,9,1,10,9,12,,44,44,1,22,9,121.4674403,25.12317149
111,7,15,10,15,2,09北投區,北投區大度路3段128號燈桿,0,0,1,2,,8,1,5,50,14,12,1,5,4,5,7,4,4,3,4,3,2,18,3,,,,,,,,,,,,,67,44,1,,,121.4674403,25.12317149
111,7,15,10,19,2,12內湖區,內湖區康寧路3段與康寧路3段165巷口,0,0,1,1,B03,8,1,5,50,3,1,1,5,4,5,7,2,1,1,4,5,2,17,1,51,3,10,1,1,7,5,1,8,2,5,,6,6,1,22,9,121.6113254,25.07050079
111,7,15,10,19,2,12內湖區,內湖區康寧路3段與康寧路3段165巷口,0,0,1,2,C03,8,1,5,50,3,1,1,5,4,5,7,2,1,1,4,5,2,17,2,25,2,9,1,1,7,9,1,10,2,11,,44,6,1,22,9,121.6113254,25.07050079
111,7,15,10,25,2,12內湖區,內湖區內湖路1段699號前,0,0,1,1,C03,8,1,5,50,14,9,1,5,4,5,7,1,1,1,4,5,2,12,1,85,2,9,1,1,7,7,1,10,1,14,,7,7,1,22,9,121.5772368,25.07980831
111,7,15,10,25,2,12內湖區,內湖區內湖路1段699號前,0,0,1,2,B03,8,1,5,50,14,9,1,5,4,5,7,1,1,1,4,5,2,12,2,41,3,10,1,1,7,9,1,8,1,2,,23,7,1,22,9,121.5772368,25.07980831
111,7,15,10,27,2,07信義區,信義區和平東路3段527號,0,0,1,1,B03,8,1,5,40,14,9,1,5,4,5,7,4,4,10,5,5,1,17,1,66,3,10,1,1,7,11,1,8,1,2,,10,10,1,22,9,121.5604685,25.0164801
111,7,15,10,27,2,07信義區,信義區和平東路3段527號,0,0,1,2,C03,8,1,5,40,14,9,1,5,4,5,7,4,4,10,5,5,1,17,1,19,2,9,1,1,7,9,1,10,1,14,,23,10,1,22,9,121.5604685,25.0164801
111,7,15,10,30,2,10文山區,文山區景文街109號,0,0,1,1,B03,8,1,5,30,14,9,1,5,4,5,7,4,4,10,5,5,2,17,1,21,3,10,1,4,7,6,1,8,1,2,,23,23,1,22,9,121.541285,24.9906286
111,7,15,10,30,2,10文山區,文山區景文街109號,0,0,1,2,C03,8,1,5,30,14,9,1,5,4,5,7,4,4,10,5,5,2,17,2,55,2,8,1,4,7,15,1,10,1,13,,44,23,1,22,9,121.541285,24.9906286
111,7,15,10,35,2,10文山區,文山區興隆路2段與興隆路2段244巷口,0,0,1,1,B12,8,1,5,50,3,2,1,5,4,5,7,4,4,1,4,5,2,3,1,36,3,10,1,1,7,5,1,8,2,1,,15,15,1,22,9,121.553862,25.0011221
111,7,15,10,35,2,10文山區,文山區興隆路2段與興隆路2段244巷口,0,0,1,2,H01,8,1,5,50,3,2,1,5,4,5,7,4,4,1,4,5,2,3,2,62,2,9,4,5,8,16,8,20,10,16,,67,15,1,22,9,121.553862,25.0011221
111,7,15,10,40,2,08士林區,士林區基河路11號,0,0,1,1,A04,8,1,5,30,14,9,1,5,4,5,7,4,4,5,4,5,2,17,1,56,4,11,3,4,7,8,7,19,11,15,,7,7,2,22,9,121.5246154,25.08658676
111,7,15,10,40,2,08士林區,士林區基河路11號,0,0,1,2,C03,8,1,5,30,14,9,1,5,4,5,7,4,4,5,4,5,2,17,1,22,2,9,3,4,7,9,1,10,11,15,,13,7,1,22,9,121.5246154,25.08658676
111,7,15,11,0,2,12內湖區,內湖區金湖路14巷與金湖路14巷口,0,0,1,1,C03,8,1,5,30,3,1,1,5,4,5,7,4,4,10,5,5,2,16,1,35,3,10,1,1,7,5,1,10,2,11,,8,8,1,22,9,121.5959708,25.0837213
111,7,15,11,0,2,12內湖區,內湖區金湖路14巷與金湖路14巷口,0,0,1,2,C03,8,1,5,30,3,1,1,5,4,5,7,4,4,10,5,5,2,16,1,53,2,9,1,1,7,9,1,10,2,11,,14,8,1,22,9,121.5959708,25.0837213
111,7,15,11,0,2,12內湖區,內湖區金湖路14巷與金湖路14巷口,0,0,1,3,A11,8,1,5,30,3,1,1,5,4,5,7,4,4,10,5,5,2,16,1,35,3,10,3,4,7,21,7,19,1,15,,26,8,1,22,9,121.5959708,25.0837213
111,7,15,11,15,2,11南港區,南港區市民大道8段619號,0,0,1,1,C03,7,1,5,50,14,9,1,5,4,5,7,4,4,1,4,5,2,13,1,65,2,7,1,1,7,9,1,10,2,11,,23,23,1,22,9,121.6163329,25.05452327
111,7,15,11,15,2,11南港區,南港區市民大道8段619號,0,0,1,2,B03,7,1,5,50,14,9,1,5,4,5,7,4,4,1,4,5,2,13,1,31,3,10,1,1,7,14,1,8,2,7,,38,23,1,22,9,121.6163329,25.05452327
111,7,15,11,18,2,08士林區,士林區德行東路109巷63弄與忠誠路2段10巷口,0,0,1,1,C03,8,1,5,0,4,2,1,5,4,5,7,4,4,10,5,5,2,15,2,52,3,10,1,1,7,9,3,18,1,12,,6,6,1,22,9,121.5275544,25.10964681
111,7,15,11,18,2,08士林區,士林區德行東路109巷63弄與忠誠路2段10巷口,0,0,1,2,C03,8,1,5,0,4,2,1,5,4,5,7,4,4,10,5,5,2,15,2,63,2,1,1,1,7,9,1,10,1,11,,14,6,1,22,9,121.5275544,25.10964681
111,7,15,11,30,2,04大安區,大安區市民高架道第178號燈桿,0,0,1,1,B03,8,1,5,80,10,9,1,5,4,5,7,4,4,1,5,5,2,13,1,36,3,10,1,1,7,9,1,8,1,1,,16,16,1,22,9,121.5491798,25.0448818
111,7,15,11,30,2,04大安區,大安區市民高架道第178號燈桿,0,0,1,2,B03,8,1,5,80,10,9,1,5,4,5,7,4,4,1,5,5,2,13,1,54,3,10,1,1,7,9,1,8,1,3,,44,16,1,22,9,121.5491798,25.0448818
111,7,15,11,30,2,04大安區,大安區市民高架道第178號燈桿,0,0,1,3,B03,8,1,5,80,10,9,1,5,4,5,7,4,4,1,5,5,2,13,1,39,3,10,1,1,7,9,1,8,1,3,,44,16,1,22,9,121.5491798,25.0448818
111,7,15,11,30,2,04大安區,大安區市民高架道第178號燈桿,0,0,1,4,H02,8,1,5,80,10,9,1,5,4,5,7,4,4,1,5,5,2,13,2,40,2,9,4,5,7,20,8,20,10,15,,67,16,1,22,9,121.5491798,25.0448818
111,7,15,11,35,2,04大安區,大安區和平東路3段與安和路2段口,0,0,2,1,C03,8,1,5,50,3,2,1,5,4,5,7,1,1,1,5,5,2,13,2,19,2,9,1,1,7,9,1,10,1,11,,16,16,1,22,9,121.5500304,25.0244472
111,7,15,11,35,2,04大安區,大安區和平東路3段與安和路2段口,0,0,2,2,B03,8,1,5,50,3,2,1,5,4,5,7,1,1,1,5,5,2,13,1,38,3,10,1,1,7,9,1,8,1,3,,44,16,1,22,9,121.5500304,25.0244472
111,7,15,11,35,2,04大安區,大安區和平東路3段與安和路2段口,0,0,2,3,H02,8,1,5,50,3,2,1,5,4,5,7,1,1,1,5,5,2,13,1,19,2,9,4,5,7,21,8,20,10,15,,67,16,1,22,9,121.5500304,25.0244472
111,7,15,11,43,2,07信義區,信義區松仁路178號,0,0,1,1,B01,8,1,5,40,14,9,1,5,4,5,7,4,4,9,4,5,1,12,1,47,3,10,3,4,7,14,1,2,1,4,,40,40,1,22,9,121.5683029,25.02799083
111,7,15,11,43,2,07信義區,信義區松仁路178號,0,0,1,2,C03,8,1,5,40,14,9,1,5,4,5,7,4,4,9,4,5,1,12,1,35,2,7,3,4,7,9,1,10,1,12,,44,40,1,22,9,121.5683029,25.02799083
111,7,15,11,50,2,05中正區,中正區羅斯福路1段45號,0,0,1,1,C03,8,1,5,40,14,8,1,5,4,5,7,4,4,3,4,4,2,12,1,45,3,10,1,1,7,9,1,10,1,15,,17,17,1,22,9,121.5190182,25.0318808
111,7,15,11,50,2,05中正區,中正區羅斯福路1段45號,0,0,1,2,C03,8,1,5,40,14,8,1,5,4,5,7,4,4,3,4,4,2,12,2,49,2,9,1,1,7,9,1,10,1,14,,17,17,1,22,9,121.5190182,25.0318808
111,7,15,11,50,2,05中正區,中正區羅斯福路1段45號,0,0,1,3,H02,8,1,5,40,14,8,1,5,4,5,7,4,4,3,4,4,2,12,1,11,4,11,1,5,7,20,8,20,10,16,,67,17,1,22,9,121.5190182,25.0318808
111,7,15,11,55,2,03中山區,中山區民族東路與民族東路口海霸王餐廳後方無名巷,0,0,1,1,B12,8,1,5,30,3,2,1,5,4,5,7,4,4,10,5,5,2,12,1,45,3,10,1,4,7,5,1,8,1,8,,8,8,1,22,9,121.5237946,25.06861039
111,7,15,11,55,2,03中山區,中山區民族東路與民族東路口海霸王餐廳後方無名巷,0,0,1,2,C03,8,1,5,30,3,2,1,5,4,5,7,4,4,10,5,5,2,12,1,26,2,9,1,4,7,9,1,10,1,11,,23,8,1,22,9,121.5237946,25.06861039
111,7,15,12,0,2,03中山區,中山區中山北路3段與德惠街口,0,0,1,2,C03,8,1,5,50,3,1,1,5,4,5,7,1,1,4,4,5,2,17,1,33,2,8,1,4,7,9,1,10,1,11,,44,8,1,22,9,121.5232143,25.0669678
111,7,15,12,0,2,03中山區,中山區中山北路3段與德惠街口,0,0,1,1,B03,8,1,5,50,3,1,1,5,4,5,7,1,1,4,4,5,2,17,1,79,3,10,3,4,7,5,1,8,1,2,,8,8,1,22,9,121.5232143,25.0669678
111,7,15,12,9,2,04大安區,大安區光復南路420巷1弄與光復南路420巷口,0,0,2,1,C03,8,1,5,30,4,1,1,5,4,5,7,4,4,10,5,5,2,15,1,22,2,9,1,1,7,9,1,10,1,14,,23,23,1,22,9,121.5568958,25.0364682
111,7,15,12,9,2,04大安區,大安區光復南路420巷1弄與光復南路420巷口,0,0,2,2,C03,8,1,5,30,4,1,1,5,4,5,7,4,4,10,5,5,2,15,1,30,2,9,1,1,7,9,1,10,1,11,,6,23,1,22,9,121.5568958,25.0364682
111,7,15,12,11,2,10文山區,文山區溪口街85巷與溪口街85巷10弄口,0,0,2,1,B01,8,1,5,30,4,1,1,5,4,5,7,4,4,10,5,5,2,15,1,64,3,10,1,1,7,9,1,4,2,1,,6,6,1,22,9,121.5382266,24.995004
111,7,15,12,11,2,10文山區,文山區溪口街85巷與溪口街85巷10弄口,0,0,2,2,C03,8,1,5,30,4,1,1,5,4,5,7,4,4,10,5,5,2,15,2,43,2,9,1,1,7,9,1,10,2,11,,23,6,1,22,9,121.5382266,24.995004
111,7,15,12,11,2,10文山區,文山區溪口街85巷與溪口街85巷10弄口,0,0,2,3,C03,8,1,5,30,4,1,1,5,4,5,7,4,4,10,5,5,2,15,1,48,3,10,3,4,7,13,1,10,9,12,,26,6,1,22,9,121.5382266,24.995004
111,7,15,12,11,2,10文山區,文山區溪口街85巷與溪口街85巷10弄口,0,0,2,4,H02,8,1,5,30,4,1,1,5,4,5,7,4,4,10,5,5,2,15,2,69,2,9,4,5,7,20,8,20,10,16,,67,6,1,22,9,121.5382266,24.995004
111,7,15,12,20,2,08士林區,士林區忠誠路2段與忠誠路2段53巷口,0,0,1,2,F01,8,1,5,40,3,1,1,5,4,5,7,4,4,1,4,4,1,16,1,31,2,9,1,1,7,9,8,20,1,16,,26,9,1,22,9,121.5308457,25.111071
111,7,15,12,20,2,08士林區,士林區忠誠路2段與忠誠路2段53巷口,0,0,1,1,B03,8,1,5,40,3,1,1,5,4,5,7,4,4,1,4,4,1,16,1,26,3,10,1,1,7,6,1,8,1,5,,9,9,1,22,9,121.5308457,25.111071
111,7,15,12,49,2,07信義區,信義區吳興街252號,0,0,1,1,C03,8,1,5,30,14,9,1,5,4,5,7,4,4,9,5,5,2,9,1,25,3,10,1,1,7,7,1,10,9,15,,35,35,1,22,9,121.5635479,25.02716407
111,7,15,12,49,2,07信義區,信義區吳興街252號,0,0,1,2,H01,8,1,5,30,14,9,1,5,4,5,7,4,4,9,5,5,2,9,2,58,2,8,1,1,8,16,8,20,10,16,,51,35,1,22,9,121.5635479,25.02716407
111,7,15,13,0,2,08士林區,士林區中山北路4段圓山保齡球館,0,0,1,1,C03,8,1,5,40,11,8,1,5,4,5,1,4,4,4,3,1,1,17,2,27,3,10,1,4,7,9,1,10,1,15,,30,30,1,22,9,121.5250925,25.08191066
111,7,15,13,0,2,08士林區,士林區中山北路4段圓山保齡球館,0,0,1,2,C03,8,1,5,40,11,8,1,5,4,5,1,4,4,4,3,1,1,17,1,19,2,9,1,4,7,9,1,10,1,14,,13,30,1,22,9,121.5250925,25.08191066
111,7,15,13,0,2,09北投區,北投區承德路7段與承德路7段344巷口,0,0,1,1,B03,8,1,5,60,3,2,1,5,4,5,7,1,1,9,4,5,2,16,2,51,3,10,1,1,7,6,1,8,1,2,,9,9,1,22,9,121.5036268,25.11752405
111,7,15,13,0,2,09北投區,北投區承德路7段與承德路7段344巷口,0,0,1,2,C03,8,1,5,60,3,2,1,5,4,5,7,1,1,9,4,5,2,16,1,63,2,9,1,1,7,9,1,10,1,11,,25,9,1,22,9,121.5036268,25.11752405
111,7,15,13,21,2,05中正區,中正區青島西路兒童醫療大樓側門前,0,0,1,1,B01,8,1,5,50,14,9,1,5,4,5,7,4,4,5,4,5,2,17,1,47,3,10,1,1,7,7,6,18,2,8,,7,7,1,22,9,121.5188336,25.0446236
111,7,15,13,21,2,05中正區,中正區青島西路兒童醫療大樓側門前,0,0,1,2,C03,8,1,5,50,14,9,1,5,4,5,7,4,4,5,4,5,2,17,2,40,2,8,1,1,7,9,4,11,2,12,,44,7,1,22,9,121.5188336,25.0446236
111,7,15,13,29,2,02萬華區,萬華區康定路與廣州街口,0,0,2,1,C03,8,1,5,50,4,1,1,5,4,5,7,1,1,5,5,5,2,17,2,29,2,9,1,4,7,5,1,10,1,13,,8,8,1,22,9,121.5025316,25.0366438
111,7,15,13,29,2,02萬華區,萬華區康定路與廣州街口,0,0,2,2,C03,8,1,5,50,4,1,1,5,4,5,7,1,1,5,5,5,2,17,1,22,2,9,1,4,7,9,1,10,1,11,,44,8,1,22,9,121.5025316,25.0366438
111,7,15,13,40,2,07信義區,信義區莊敬路與吳興街345巷口,0,0,1,1,C03,8,1,5,50,4,1,1,5,4,3,7,2,1,5,5,4,2,9,1,26,3,10,1,1,7,6,1,10,2,12,,15,15,1,21,8,121.5666112,25.02716584
111,7,15,13,40,2,07信義區,信義區莊敬路與吳興街345巷口,0,0,1,2,H01,8,1,5,50,4,1,1,5,4,3,7,2,1,5,5,4,2,9,2,72,2,9,4,5,8,16,8,20,10,16,,67,15,1,21,8,121.5666112,25.02716584
111,7,15,14,8,2,01大同區,大同區承德路2段與民權西路口,0,0,1,1,C03,8,1,5,0,14,9,1,5,4,5,7,2,1,9,4,5,1,16,1,18,3,10,3,4,7,6,1,10,1,12,,17,17,1,22,9,121.518414,25.06299105
111,7,15,14,8,2,01大同區,大同區承德路2段與民權西路口,0,0,1,2,C03,8,1,5,0,14,9,1,5,4,5,7,2,1,9,4,5,1,16,1,63,2,9,3,4,7,6,1,10,1,14,,17,17,1,22,9,121.518414,25.06299105
111,7,15,14,25,2,07信義區,信義區松智路14號,0,0,1,2,C03,8,1,5,50,14,9,1,5,4,5,7,4,4,9,5,5,2,17,1,44,2,9,1,1,7,9,1,10,1,14,,16,44,1,22,9,121.5653332,25.0313106
111,7,15,14,25,2,07信義區,信義區松智路14號,0,0,1,1,B03,8,1,5,50,14,9,1,5,4,5,7,4,4,9,5,5,2,17,1,58,4,11,3,4,7,15,7,19,11,15,,44,44,2,22,9,121.5653332,25.0313106
111,7,15,14,25,2,07信義區,信義區松智路14號,0,0,1,3,C03,8,1,5,50,14,9,1,5,4,5,7,4,4,9,5,5,2,17,1,51,3,10,1,1,7,9,1,10,9,15,,44,44,1,22,9,121.5653332,25.0313106
111,7,15,14,28,2,04大安區,大安區信義路4段與敦化南路1段口,0,0,1,1,B03,8,1,5,50,4,1,1,5,4,5,7,2,1,9,4,5,1,16,1,75,4,11,3,4,7,5,7,19,11,15,,8,8,2,22,9,121.5488361,25.0334509
111,7,15,14,28,2,04大安區,大安區信義路4段與敦化南路1段口,0,0,1,2,F01,8,1,5,50,4,1,1,5,4,5,7,2,1,9,4,5,1,16,1,22,2,8,1,1,7,11,8,20,1,16,,11,8,1,22,9,121.5488361,25.0334509
111,7,15,14,30,2,04大安區,大安區和平東路3段1巷與四維路228巷口口,0,0,1,1,C03,8,1,5,30,4,1,1,5,4,5,7,4,4,10,5,5,2,15,1,27,2,8,3,4,7,9,1,10,1,11,,6,6,1,22,9,121.5467478,25.0255611
111,7,15,14,30,2,04大安區,大安區和平東路3段1巷與四維路228巷口口,0,0,1,2,B01,8,1,5,30,4,1,1,5,4,5,7,4,4,10,5,5,2,15,1,36,3,10,3,4,7,9,1,4,1,8,,14,6,1,22,9,121.5467478,25.0255611
111,7,15,15,3,2,07信義區,信義區松仁路與松壽路口,0,0,1,1,B01,8,1,5,50,3,1,1,5,4,5,7,2,1,3,4,5,2,16,1,58,3,10,1,1,7,11,1,4,1,2,,10,10,1,22,9,121.5684669,25.0359235
111,7,15,15,3,2,07信義區,信義區松仁路與松壽路口,0,0,1,2,C03,8,1,5,50,3,1,1,5,4,5,7,2,1,3,4,5,2,16,1,19,2,8,1,1,7,9,1,10,1,11,,44,10,1,22,9,121.5684669,25.0359235
111,7,15,15,11,2,02萬華區,萬華區成都路與昆明街口,0,0,1,1,B01,8,1,5,50,4,2,1,5,4,5,7,1,1,10,4,5,1,13,1,65,3,10,1,1,7,15,1,4,1,5,,16,16,1,22,9,121.5046772,25.04277414
111,7,15,15,11,2,02萬華區,萬華區成都路與昆明街口,0,0,1,2,C03,8,1,5,50,4,2,1,5,4,5,7,1,1,10,4,5,1,13,2,30,2,8,1,1,7,9,1,10,1,13,,44,16,1,22,9,121.5046772,25.04277414
111,7,15,15,15,2,01大同區,大同區承德路2段與萬全街口,0,0,1,1,C03,8,1,5,30,4,1,1,5,4,5,7,1,1,1,4,5,2,15,1,56,2,9,1,1,7,9,1,10,2,12,,42,42,1,22,9,121.5181259,25.0583679
111,7,15,15,15,2,01大同區,大同區承德路2段與萬全街口,0,0,1,2,A12,8,1,5,30,4,1,1,5,4,5,7,1,1,1,4,5,2,15,1,30,3,10,1,1,7,9,1,7,2,8,,25,42,1,22,9,121.5181259,25.0583679
111,7,15,15,20,2,11南港區,南港區南港路1段287巷與興中路口,0,0,1,1,B03,8,1,5,50,3,1,1,5,4,5,7,4,4,10,5,5,2,15,1,70,3,10,3,4,7,1,1,8,2,1,,19,19,1,22,9,121.6075019,25.05393663
111,7,15,15,20,2,11南港區,南港區南港路1段287巷與興中路口,0,0,1,2,C03,8,1,5,50,3,1,1,5,4,5,7,4,4,10,5,5,2,15,1,31,2,9,1,4,7,9,1,10,2,12,,23,19,1,22,9,121.6075019,25.05393663
111,7,15,15,43,2,02萬華區,萬華區莒光路153巷與西藏路口,0,0,1,1,C03,8,1,5,50,3,1,1,5,4,5,7,4,4,3,4,5,2,17,1,34,2,8,1,1,7,6,1,10,9,15,,44,43,1,22,9,121.5029867,25.03014824
111,7,15,15,43,2,02萬華區,萬華區莒光路153巷與西藏路口,0,0,1,2,B03,8,1,5,50,3,1,1,5,4,5,7,4,4,3,4,5,2,17,1,33,3,10,1,1,7,9,1,8,9,15,,26,43,1,22,9,121.5029867,25.03014824
111,7,15,15,45,2,06松山區,松山區健康路與南京東路5段59巷口,0,0,2,1,B03,8,1,5,50,3,2,1,5,4,5,7,3,1,3,4,4,2,16,1,28,3,10,1,1,7,6,1,8,2,5,,6,6,1,22,9,121.5592183,25.05381929
111,7,15,15,45,2,06松山區,松山區健康路與南京東路5段59巷口,0,0,2,2,C03,8,1,5,50,3,2,1,5,4,5,7,3,1,3,4,4,2,16,1,20,2,9,1,1,7,9,1,10,2,11,,13,6,1,22,9,121.5592183,25.05381929
111,7,15,15,45,2,06松山區,松山區健康路與南京東路5段59巷口,0,0,2,3,H02,8,1,5,50,3,2,1,5,4,5,7,3,1,3,4,4,2,16,2,21,2,9,1,5,7,20,8,20,10,16,,67,6,1,22,9,121.5592183,25.05381929
111,7,15,16,16,2,10文山區,文山區興隆路4段145巷83弄與興隆路4段145巷口,0,0,1,1,B03,8,1,5,50,14,9,2,5,4,5,7,4,4,7,4,5,2,15,1,30,3,10,3,4,7,9,1,8,1,8,,6,6,1,22,9,121.5642989,24.98538682
111,7,15,16,16,2,10文山區,文山區興隆路4段145巷83弄與興隆路4段145巷口,0,0,1,2,C03,8,1,5,50,14,9,2,5,4,5,7,4,4,7,4,5,2,15,1,58,2,9,1,4,7,9,1,10,1,11,,14,6,1,22,9,121.5642989,24.98538682
111,7,15,16,20,2,03中山區,中山區民生西路45巷與錦西街口,0,0,1,1,C03,8,1,5,30,4,1,1,5,4,5,7,1,1,10,5,5,2,15,2,52,2,9,1,1,7,9,1,10,1,12,,25,25,1,22,9,121.520601,25.0603823
111,7,15,16,20,2,03中山區,中山區民生西路45巷與錦西街口,0,0,1,2,C03,8,1,5,30,4,1,1,5,4,5,7,1,1,10,5,5,2,15,2,26,3,10,1,1,7,9,1,10,1,11,,44,25,1,22,9,121.520601,25.0603823
111,7,15,16,50,2,08士林區,士林區社中街與社中街346巷口,0,0,1,1,B03,8,1,5,50,3,1,1,5,4,5,7,4,4,5,5,5,1,17,1,48,3,10,1,1,7,1,1,8,1,15,,19,19,1,21,8,121.5045121,25.0923076
111,7,15,16,50,2,08士林區,士林區社中街與社中街346巷口,0,0,1,2,C04,8,1,5,50,3,1,1,5,4,5,7,4,4,5,5,5,1,17,2,32,2,9,1,1,7,9,1,10,1,14,,23,19,1,21,8,121.5045121,25.0923076
111,7,15,17,18,2,08士林區,士林區忠義街與忠誠路1段147巷口,0,0,1,1,B03,8,1,8,50,15,22,1,5,4,5,7,1,1,10,5,5,2,16,2,63,3,10,1,1,7,6,1,8,1,2,,9,9,1,22,9,121.5309505,25.10564113
111,7,15,17,18,2,08士林區,士林區忠義街與忠誠路1段147巷口,0,0,1,2,C03,8,1,8,50,15,22,1,5,4,5,7,1,1,10,5,5,2,16,1,37,2,8,1,1,7,9,1,10,1,14,,23,9,1,22,9,121.5309505,25.10564113
111,7,15,17,31,2,03中山區,中山區松江路133巷與南京東路2段115巷口,0,0,2,1,C03,8,1,5,30,4,1,1,5,4,5,7,4,4,10,5,5,2,15,1,37,2,7,1,1,7,9,1,10,1,14,,6,6,1,22,9,121.5336408,25.0543601
111,7,15,17,31,2,03中山區,中山區松江路133巷與南京東路2段115巷口,0,0,2,2,C03,8,1,5,30,4,1,1,5,4,5,7,4,4,10,5,5,2,15,1,45,2,9,1,1,7,9,6,18,1,11,,14,6,1,22,9,121.5336408,25.0543601
111,7,15,17,39,2,03中山區,中山區林森北路與錦州街口,0,0,1,1,C04,8,1,5,50,4,2,1,5,4,5,7,1,1,9,4,5,2,16,1,25,3,10,1,1,7,11,1,10,1,11,,10,10,1,22,9,121.5256072,25.06030323
111,7,15,17,39,2,03中山區,中山區林森北路與錦州街口,0,0,1,2,C03,8,1,5,50,4,2,1,5,4,5,7,1,1,9,4,5,2,16,2,35,2,8,1,1,7,9,1,9,1,12,,44,10,1,22,9,121.5256072,25.06030323
111,7,15,17,50,2,03中山區,中山區民生東路2段115巷與吉林路161巷口,0,0,1,1,C03,8,1,5,30,4,1,1,5,4,5,7,4,4,10,5,5,2,15,1,46,2,9,1,1,7,9,6,18,1,11,,26,26,1,22,9,121.531651,25.0589235
111,7,15,17,50,2,03中山區,中山區民生東路2段115巷與吉林路161巷口,0,0,1,2,B12,8,1,5,30,4,1,1,5,4,5,7,4,4,10,5,5,2,15,1,50,3,10,1,1,7,9,1,8,1,8,,14,26,1,22,9,121.531651,25.0589235
111,7,15,17,50,2,03中山區,中山區民生東路2段115巷與吉林路161巷口,0,0,1,3,B12,8,1,5,30,4,1,1,5,4,5,7,4,4,10,5,5,2,15,1,50,3,10,1,1,7,13,1,8,11,15,,38,26,1,22,9,121.531651,25.0589235
111,7,15,18,1,2,06松山區,松山區塔悠路25號前,0,0,1,1,C03,8,1,5,50,14,7,1,5,4,5,7,2,1,10,4,4,2,16,1,22,2,9,1,1,7,7,1,10,1,14,,7,7,1,22,9,121.5716697,25.05050054
111,7,15,18,1,2,06松山區,松山區塔悠路25號前,0,0,1,3,B01,8,1,5,50,14,7,1,5,4,5,7,2,1,10,4,4,2,16,1,44,3,10,1,1,7,14,1,4,1,4,,44,7,1,22,9,121.5716697,25.05050054
111,7,15,18,1,2,06松山區,松山區塔悠路25號前,0,0,1,2,A02,8,1,5,50,14,7,1,5,4,5,7,2,1,10,4,4,2,16,1,49,3,10,1,1,7,9,1,2,1,5,,44,7,1,22,9,121.5716697,25.05050054
111,7,15,18,20,2,01大同區,大同區鄭州路與西寧北路口,0,0,1,2,B03,8,3,5,40,4,1,1,5,4,5,7,2,1,1,4,5,2,13,1,30,3,10,3,4,7,6,1,8,1,3,,44,23,1,22,9,121.5082021,25.0506052