發生年度,發生月,發生日,發生時-Hours,發生分,處理別-編號,區序,肇事地點,死亡人數,2-30日死亡人數,受傷人數,當事人序號,車種,天候,光線,道路類別,速限-速度限制,道路型態,事故位置,路面狀況1,路面狀況2,路面狀況3,道路障礙1,道路障礙2,號誌1,號誌2,車道劃分-分向,車道劃分-分道1,車道劃分-分道2,車道劃分-分道3,事故類型及型態,性別,年齡,受傷程度,主要傷處,安全帽,行動電話,車輛用途,當事者行動狀態,駕駛資格情形,駕駛執照種類,飲酒情形,車輛撞擊部位1,車輛撞擊部位2,肇因碼-個別,肇因碼-主要,個人肇逃否,職業,旅次目的,座標-X,座標-Y
111,7,15,18,20,2,01大同區,大同區鄭州路與西寧北路口,0,0,1,1,C03,8,3,5,40,4,1,1,5,4,5,7,2,1,1,4,5,2,13,1,39,2,7,1,1,7,9,1,10,1,11,,23,23,1,22,9,121.5082021,25.0506052
111,7,15,18,50,2,02萬華區,萬華區寶興街與長泰街口,0,0,1,1,C03,8,3,5,50,4,1,1,5,4,5,7,2,1,5,5,5,2,16,1,53,3,10,1,4,7,5,1,10,1,15,,8,8,1,22,9,121.4959783,25.02180038
111,7,15,18,50,2,02萬華區,萬華區寶興街與長泰街口,0,0,1,2,C03,8,3,5,50,4,1,1,5,4,5,7,2,1,5,5,5,2,16,1,42,2,9,1,4,7,9,1,10,1,12,,44,8,1,22,9,121.4959783,25.02180038
111,7,15,19,22,2,04大安區,大安區建國南路1段222號,0,0,2,1,C03,8,3,5,50,14,9,1,5,4,5,7,4,4,1,4,5,2,12,2,20,2,9,3,4,7,8,1,10,1,12,,7,7,1,22,9,121.5375153,25.03923357
111,7,15,19,22,2,04大安區,大安區建國南路1段222號,0,0,2,2,C03,8,3,5,50,14,9,1,5,4,5,7,4,4,1,4,5,2,12,1,26,2,9,3,4,7,9,1,10,1,12,,44,7,1,22,9,121.5375153,25.03923357
111,7,15,19,22,2,05中正區,中正區中山北路1段與市民大道2段口,0,0,2,2,C03,8,3,5,50,4,2,1,5,4,5,7,2,1,1,4,5,2,12,1,28,2,7,1,1,7,9,1,10,1,14,,44,23,1,22,5,121.5208074,25.0479415
111,7,15,19,22,2,05中正區,中正區中山北路1段與市民大道2段口,0,0,2,1,B02,8,3,5,50,4,2,1,5,4,5,7,2,1,1,4,5,2,12,2,31,3,10,1,1,7,8,1,8,1,2,,23,23,1,22,5,121.5208074,25.0479415
111,7,15,19,22,2,05中正區,中正區中山北路1段與市民大道2段口,0,0,2,3,H02,8,3,5,50,4,2,1,5,4,5,7,2,1,1,4,5,2,12,2,27,2,8,1,5,7,20,8,20,10,16,,67,23,1,22,5,121.5208074,25.0479415
111,7,15,19,41,2,08士林區,士林區延平北路5段與中正路口,0,0,1,1,B03,8,3,5,50,4,2,1,5,4,5,7,1,1,5,4,5,2,17,1,40,3,10,1,1,7,9,1,8,1,1,,43,43,1,22,9,121.5093148,25.0868463
111,7,15,19,41,2,08士林區,士林區延平北路5段與中正路口,0,0,1,2,C03,8,3,5,50,4,2,1,5,4,5,7,1,1,5,4,5,2,17,2,26,2,8,1,1,7,7,1,10,1,13,,43,43,1,22,9,121.5093148,25.0868463
111,7,15,20,0,2,12內湖區,內湖區文德路208巷與文德路210巷30弄口,0,0,1,1,C03,8,3,5,50,4,1,1,5,4,5,7,1,1,10,5,5,2,16,1,28,3,10,1,1,7,5,1,10,1,11,,8,8,1,22,9,121.5836215,25.0769333
111,7,15,20,0,2,12內湖區,內湖區文德路208巷與文德路210巷30弄口,0,0,1,2,C03,8,3,5,50,4,1,1,5,4,5,7,1,1,10,5,5,2,16,2,29,2,8,1,1,7,9,1,10,1,11,,44,8,1,22,9,121.5836215,25.0769333
111,7,15,20,20,2,12內湖區,內湖區成功路4段167巷,0,0,1,1,C03,8,1,5,50,14,9,1,5,4,5,7,4,4,1,5,5,2,17,2,18,2,9,1,1,7,8,1,10,1,12,,17,17,1,22,9,121.5941813,25.0834416
111,7,15,20,20,2,12內湖區,內湖區成功路4段167巷,0,0,1,2,A02,8,1,5,50,14,9,1,5,4,5,7,4,4,1,5,5,2,17,1,56,3,10,1,1,7,15,1,6,1,8,,44,17,1,22,9,121.5941813,25.0834416
111,7,15,20,20,2,12內湖區,內湖區成功路4段167巷,0,0,1,3,A02,8,1,5,50,14,9,1,5,4,5,7,4,4,1,5,5,2,17,1,45,3,10,1,1,7,14,1,6,1,6,,44,17,1,22,9,121.5941813,25.0834416
111,7,15,20,50,2,05中正區,中正區市民大道1段與承德路1段口,0,0,1,1,,8,3,5,50,4,1,1,5,4,5,7,1,1,8,4,5,2,17,4,,4,11,3,4,7,15,7,19,11,15,,43,43,2,22,9,121.5164366,25.04868345
111,7,15,20,50,2,05中正區,中正區市民大道1段與承德路1段口,0,0,1,2,C03,8,3,5,50,4,1,1,5,4,5,7,1,1,8,4,5,2,17,1,23,2,9,1,1,7,9,1,10,1,12,,44,43,1,22,9,121.5164366,25.04868345
111,7,15,21,10,2,10文山區,文山區指南路1段與木新路1段口,0,0,2,1,C03,8,3,5,50,4,1,1,5,4,5,7,3,1,5,4,5,2,17,1,21,2,9,3,4,7,5,1,10,2,12,,6,6,1,21,8,121.5706692,24.98771917
111,7,15,21,10,2,10文山區,文山區指南路1段與木新路1段口,0,0,2,2,C03,8,3,5,50,4,1,1,5,4,5,7,3,1,5,4,5,2,17,1,24,2,9,3,4,7,9,1,10,2,11,,23,6,1,21,8,121.5706692,24.98771917
111,7,15,21,20,2,07信義區,信義區信安街67巷景勤2號公園,0,0,2,1,B03,8,3,5,50,14,7,1,5,4,5,7,4,4,5,4,4,2,10,2,57,2,3,1,1,7,9,1,8,2,1,,4,4,1,22,9,121.5587095,25.02597409
111,7,15,21,20,2,07信義區,信義區信安街67巷景勤2號公園,0,0,2,2,C03,8,3,5,50,14,7,1,5,4,5,7,4,4,5,4,4,2,10,1,35,2,9,1,1,7,9,1,10,2,11,,44,4,1,22,9,121.5587095,25.02597409
111,7,15,22,23,2,02萬華區,萬華區中華路2段與中華路2段484巷口,0,0,1,1,C03,8,3,5,50,4,1,1,5,4,5,7,2,1,5,4,4,2,17,2,18,3,10,1,1,7,5,1,10,1,15,,6,6,1,22,9,121.507074,25.0267374
111,7,15,22,23,2,02萬華區,萬華區中華路2段與中華路2段484巷口,0,0,1,2,C03,8,3,5,50,4,1,1,5,4,5,7,2,1,5,4,4,2,17,1,22,2,9,1,1,7,9,1,10,1,15,,13,6,1,22,9,121.507074,25.0267374
111,7,15,22,48,2,01大同區,大同區延平北路3段與民權西路口,0,0,1,1,C03,8,3,5,50,4,2,1,5,4,5,7,2,1,9,4,5,2,16,1,71,2,9,1,1,7,9,3,18,2,11,,23,23,1,22,9,121.5111888,25.06306262
111,7,15,22,48,2,01大同區,大同區延平北路3段與民權西路口,0,0,1,2,B03,8,3,5,50,4,2,1,5,4,5,7,2,1,9,4,5,2,16,1,35,3,10,1,1,7,5,1,8,2,4,,8,23,1,22,9,121.5111888,25.06306262
111,7,15,22,54,2,12內湖區,內湖區民權大橋西向東,0,0,2,1,C03,8,3,5,40,14,11,1,5,4,5,7,4,4,1,4,4,2,13,1,18,2,5,1,1,7,8,1,10,1,11,,23,23,1,22,9,121.5693424,25.06376982
111,7,15,22,54,2,12內湖區,內湖區民權大橋西向東,0,0,2,2,F01,8,3,5,40,14,11,1,5,4,5,7,4,4,1,4,4,2,13,1,57,2,9,1,1,7,9,8,20,1,16,,44,23,1,22,9,121.5693424,25.06376982
111,7,15,23,32,2,03中山區,中山區長春路與伊通街口,0,0,1,1,B03,8,3,5,40,3,1,1,5,4,5,7,1,1,5,4,5,2,16,2,24,3,10,1,1,7,5,1,8,1,8,,8,8,1,22,9,121.5348257,25.0547851
111,7,15,23,32,2,03中山區,中山區長春路與伊通街口,0,0,1,2,C03,8,3,5,40,3,1,1,5,4,5,7,1,1,5,4,5,2,16,2,27,2,9,1,1,7,9,1,10,1,13,,13,8,1,22,9,121.5348257,25.0547851
111,7,16,0,12,2,05中正區,中正區漢口街1段與懷寧街口,0,0,2,1,C03,8,3,5,50,4,1,1,5,4,5,7,3,1,10,4,5,2,15,1,23,2,9,1,1,7,9,1,10,2,12,,6,6,1,22,9,121.5141751,25.04515796
111,7,16,0,12,2,05中正區,中正區漢口街1段與懷寧街口,0,0,2,2,B01,8,3,5,50,4,1,1,5,4,5,7,3,1,10,4,5,2,15,1,50,3,10,1,1,7,9,1,8,2,1,,14,6,1,22,9,121.5141751,25.04515796
111,7,16,0,12,2,05中正區,中正區漢口街1段與懷寧街口,0,0,2,3,H02,8,3,5,50,4,1,1,5,4,5,7,3,1,10,4,5,2,15,2,20,2,9,4,5,7,20,8,20,10,16,,67,6,1,22,9,121.5141751,25.04515796
111,7,16,0,21,2,07信義區,信義區松智路與松高路口,0,0,2,1,B03,8,3,5,50,3,1,1,5,4,5,7,1,1,9,4,5,2,15,1,22,3,10,1,1,7,9,1,8,2,5,,25,25,1,22,9,121.5654913,25.0391663
111,7,16,0,21,2,07信義區,信義區松智路與松高路口,0,0,2,2,C03,8,3,5,50,3,1,1,5,4,5,7,1,1,9,4,5,2,15,1,26,2,9,1,1,7,1,1,10,2,14,,44,25,1,22,9,121.5654913,25.0391663
111,7,16,0,21,2,07信義區,信義區松智路與松高路口,0,0,2,3,H02,8,3,5,50,3,1,1,5,4,5,7,1,1,9,4,5,2,15,2,32,2,9,4,5,7,20,8,20,10,16,,67,25,1,22,9,121.5654913,25.0391663
111,7,16,4,56,2,04大安區,大安區辛亥路3段東往西內側快車道,0,0,4,1,F03,7,3,5,50,14,7,1,5,4,5,7,1,1,8,3,1,1,10,1,15,2,9,1,1,7,9,8,20,2,16,,4,4,1,22,9,121.5442366,25.0211827
111,7,16,4,56,2,04大安區,大安區辛亥路3段東往西內側快車道,0,0,4,2,B03,7,3,5,50,14,7,1,5,4,5,7,1,1,8,3,1,1,10,1,55,2,8,1,1,7,9,1,8,2,1,,44,4,1,22,9,121.5442366,25.0211827
111,7,16,4,56,2,04大安區,大安區辛亥路3段東往西內側快車道,0,0,4,3,H02,7,3,5,50,14,7,1,5,4,5,7,1,1,8,3,1,1,10,1,16,2,9,4,1,7,20,8,20,10,16,,67,4,1,22,9,121.5442366,25.0211827
111,7,16,4,56,2,04大安區,大安區辛亥路3段東往西內側快車道,0,0,4,4,H02,7,3,5,50,14,7,1,5,4,5,7,1,1,8,3,1,1,10,2,74,2,9,1,1,7,20,8,20,10,16,,67,4,1,22,9,121.5442366,25.0211827
111,7,16,5,4,2,03中山區,中山區南京東路1段96號,0,0,1,1,B03,8,1,5,40,14,7,1,5,4,5,7,4,4,1,4,4,2,16,1,19,3,10,1,1,7,1,1,8,1,8,,19,19,1,22,9,121.5261438,25.05204292
111,7,16,5,4,2,03中山區,中山區南京東路1段96號,0,0,1,2,C03,8,1,5,40,14,7,1,5,4,5,7,4,4,1,4,4,2,16,1,43,2,7,1,1,7,9,1,10,1,12,,13,19,1,22,9,121.5261438,25.05204292
111,7,16,6,0,2,08士林區,士林區延平北路5段136巷與重慶北路4段49巷15弄口,0,0,2,1,C03,8,1,5,30,4,2,1,5,4,5,7,4,4,10,5,5,1,16,2,29,2,9,3,4,7,9,1,10,1,11,,13,13,1,22,9,121.5115573,25.08224634
111,7,16,6,0,2,08士林區,士林區延平北路5段136巷與重慶北路4段49巷15弄口,0,0,2,2,C02,8,1,5,30,4,2,1,5,4,5,7,4,4,10,5,5,1,16,1,45,2,9,3,4,7,9,1,9,1,13,,26,13,1,22,9,121.5115573,25.08224634
111,7,16,6,0,2,08士林區,士林區延平北路5段136巷與重慶北路4段49巷15弄口,0,0,2,3,B03,8,1,5,30,4,2,1,5,4,5,7,4,4,10,5,5,1,16,1,37,3,10,3,4,7,13,1,8,11,3,,38,13,1,22,9,121.5115573,25.08224634
111,7,16,6,4,2,08士林區,士林區仰德大道3段68號,0,0,3,1,C03,8,1,5,40,14,9,1,5,4,5,7,4,4,4,5,5,1,17,1,18,2,9,1,1,7,9,1,10,1,11,,23,23,1,22,9,121.5527248,25.1184023
111,7,16,6,4,2,08士林區,士林區仰德大道3段68號,0,0,3,2,C03,8,1,5,40,14,9,1,5,4,5,7,4,4,4,5,5,1,17,1,19,2,9,1,1,7,9,1,8,1,11,,44,23,1,22,9,121.5527248,25.1184023
111,7,16,6,4,2,08士林區,士林區仰德大道3段68號,0,0,3,3,H02,8,1,5,40,14,9,1,5,4,5,7,4,4,4,5,5,1,17,2,18,2,9,1,1,7,20,8,20,10,16,,67,23,1,22,9,121.5527248,25.1184023
111,7,16,6,18,2,10文山區,文山區羅斯福路6段與羅斯福路6段401巷口,0,0,2,1,C03,8,1,5,50,4,1,1,5,4,5,7,2,1,1,4,5,2,13,1,23,2,9,1,1,7,9,3,18,2,13,,16,16,1,22,9,121.5405473,24.9920033
111,7,16,6,18,2,10文山區,文山區羅斯福路6段與羅斯福路6段401巷口,0,0,2,2,C03,8,1,5,50,4,1,1,5,4,5,7,2,1,1,4,5,2,13,1,57,2,8,1,1,7,14,1,10,2,13,,44,16,1,22,9,121.5405473,24.9920033
111,7,16,6,25,2,01大同區,大同區承德路3段與民族西路口,0,0,2,1,B03,8,1,5,50,4,1,1,5,4,5,7,2,1,4,4,5,2,16,1,29,3,10,3,4,7,6,6,18,2,5,,9,9,1,22,9,121.518327,25.06854135
111,7,16,6,25,2,01大同區,大同區承德路3段與民族西路口,0,0,2,2,C03,8,1,5,50,4,1,1,5,4,5,7,2,1,4,4,5,2,16,1,22,2,9,3,4,7,9,1,10,2,14,,44,9,1,22,9,121.518327,25.06854135
111,7,16,6,25,2,01大同區,大同區承德路3段與民族西路口,0,0,2,3,H02,8,1,5,50,4,1,1,5,4,5,7,2,1,4,4,5,2,16,2,21,2,9,3,4,7,20,8,20,10,16,,67,9,1,22,9,121.518327,25.06854135
111,7,16,7,5,2,07信義區,信義區福德街89巷與福德街口,0,0,2,1,C03,8,1,5,30,4,2,1,5,4,5,7,2,1,8,3,5,2,17,1,58,2,6,1,1,7,9,3,18,1,11,,42,42,1,22,9,121.5815075,25.03718304
111,7,16,7,5,2,07信義區,信義區福德街89巷與福德街口,0,0,2,2,C04,8,1,5,30,4,2,1,5,4,5,7,2,1,8,3,5,2,17,2,71,2,7,1,1,7,9,1,10,1,12,,44,42,1,22,9,121.5815075,25.03718304
111,7,16,7,31,2,09北投區,北投區大度路2段往淡水054號燈桿,0,0,1,1,C04,8,1,5,50,14,12,1,5,4,5,7,4,4,1,4,5,1,17,4,,4,11,3,4,7,15,7,19,11,15,,43,43,2,22,9,121.4805599,25.1224565
111,7,16,7,31,2,09北投區,北投區大度路2段往淡水054號燈桿,0,0,1,2,C03,8,1,5,50,14,12,1,5,4,5,7,4,4,1,4,5,1,17,1,63,2,9,1,1,7,9,3,18,1,15,,43,43,1,22,9,121.4805599,25.1224565
111,7,16,7,40,2,03中山區,中山區松江路330巷67號,0,0,1,1,B02,8,1,5,30,14,9,1,5,4,5,7,4,4,10,5,5,2,14,2,39,3,10,1,1,7,2,1,8,1,6,,12,12,1,22,9,121.5307226,25.06119806
111,7,16,7,40,2,03中山區,中山區松江路330巷67號,0,0,1,2,C03,8,1,5,30,14,9,1,5,4,5,7,4,4,10,5,5,2,14,1,46,2,7,1,1,7,9,1,10,1,14,,44,12,1,22,9,121.5307226,25.06119806
111,7,16,8,10,2,07信義區,信義區中坡南路265號,0,0,1,1,C03,8,1,5,50,14,9,1,5,4,5,7,4,4,10,5,5,2,9,1,67,3,10,1,1,7,15,1,10,1,11,,42,42,1,22,9,121.5842627,25.03949079
111,7,16,8,10,2,07信義區,信義區中坡南路265號,0,0,1,2,H01,8,1,5,50,14,9,1,5,4,5,7,4,4,10,5,5,2,9,2,77,2,9,4,5,8,16,8,20,10,16,,67,42,1,22,9,121.5842627,25.03949079
111,7,16,8,13,2,04大安區,大安區青田街6巷與青田街口,0,0,1,1,C03,8,1,5,30,4,1,1,5,4,5,7,4,4,9,4,5,1,15,2,55,2,9,1,4,7,9,1,10,2,11,,6,6,1,22,9,121.5319692,25.02808
111,7,16,8,13,2,04大安區,大安區青田街6巷與青田街口,0,0,1,2,B12,8,1,5,30,4,1,1,5,4,5,7,4,4,9,4,5,1,15,1,41,3,10,1,4,7,9,1,3,2,1,,14,6,1,22,9,121.5319692,25.02808
111,7,16,8,15,2,07信義區,信義區市民大道5段46號,0,0,1,1,C03,8,1,5,40,14,9,1,5,4,5,7,4,4,10,3,5,2,29,1,56,2,1,1,1,7,9,1,10,1,14,,23,23,1,22,9,121.5604959,25.04608244
111,7,16,8,15,2,07信義區,信義區市民大道5段46號,0,0,1,2,,8,1,5,40,14,9,1,5,4,5,7,4,4,10,3,5,2,29,3,,,,,,,,,,,,,67,23,1,,,121.5604959,25.04608244
111,7,16,8,15,2,07信義區,信義區福德街221巷6號,0,0,1,1,C03,8,1,5,30,14,9,1,5,4,5,7,4,4,10,5,5,2,18,2,52,2,8,1,1,7,9,1,10,1,12,,43,43,1,22,8,121.5850999,25.03793478
111,7,16,8,15,2,07信義區,信義區福德街221巷6號,0,0,1,2,,8,1,5,30,14,9,1,5,4,5,7,4,4,10,5,5,2,18,3,,,,,,,,,,,,,67,43,1,,,121.5850999,25.03793478
111,7,16,8,29,2,09北投區,北投區承德路6段與福國路口,0,0,1,1,B12,8,1,5,60,4,2,1,5,4,5,7,2,1,1,4,5,2,13,1,58,3,10,1,1,7,6,1,8,2,5,,23,23,1,22,9,121.5125008,25.1012182
111,7,16,8,29,2,09北投區,北投區承德路6段與福國路口,0,0,1,2,C03,8,1,5,60,4,2,1,5,4,5,7,2,1,1,4,5,2,13,2,23,2,9,1,1,7,14,1,10,2,13,,44,23,1,22,9,121.5125008,25.1012182
111,7,16,8,37,2,10文山區,文山區興隆路4段54-1號,0,0,1,1,B01,8,1,5,50,14,9,1,5,4,5,7,4,4,9,4,5,1,17,1,34,3,10,1,1,7,1,1,4,1,15,,19,19,1,22,9,121.5610126,24.98624115
111,7,16,8,37,2,10文山區,文山區興隆路4段54-1號,0,0,1,2,C03,8,1,5,50,14,9,1,5,4,5,7,4,4,9,4,5,1,17,1,49,2,9,1,1,7,9,1,10,1,14,,23,19,1,22,9,121.5610126,24.98624115
111,7,16,9,46,2,08士林區,士林區福林路254巷與至善路1段口,0,0,2,1,B03,8,1,5,40,3,2,1,5,4,5,7,3,1,10,5,5,2,16,1,44,3,10,1,1,7,9,1,8,1,6,,17,17,1,22,9,121.5377683,25.0979564
111,7,16,9,46,2,08士林區,士林區福林路254巷與至善路1段口,0,0,2,2,C03,8,1,5,40,3,2,1,5,4,5,7,3,1,10,5,5,2,16,1,44,2,9,1,1,7,9,1,10,1,14,,17,17,1,22,9,121.5377683,25.0979564
111,7,16,9,46,2,08士林區,士林區福林路254巷與至善路1段口,0,0,2,3,H02,8,1,5,40,3,2,1,5,4,5,7,3,1,10,5,5,2,16,2,30,2,9,1,1,7,21,8,20,10,15,,67,17,1,22,9,121.5377683,25.0979564
111,7,16,9,50,2,10文山區,文山區永安街與永安街6巷口,0,0,2,1,C03,8,1,5,30,14,9,2,5,4,5,7,4,4,10,5,5,2,15,1,45,2,9,1,4,7,9,1,10,2,12,,6,6,1,22,9,121.5702165,24.98709217
111,7,16,9,50,2,10文山區,文山區永安街與永安街6巷口,0,0,2,2,C03,8,1,5,30,14,9,2,5,4,5,7,4,4,10,5,5,2,15,1,23,2,9,1,4,7,9,1,10,2,11,,23,6,1,22,9,121.5702165,24.98709217
111,7,16,10,2,2,10文山區,文山區景後街與景文街103巷口,0,0,2,1,C03,8,1,5,50,3,1,1,5,4,5,7,4,4,9,5,5,2,3,1,62,2,9,1,1,7,9,1,10,1,11,,15,15,1,22,9,121.5422469,24.9905087
111,7,16,10,2,2,10文山區,文山區景後街與景文街103巷口,0,0,2,2,H01,8,1,5,50,3,1,1,5,4,5,7,4,4,9,5,5,2,3,2,55,2,9,4,5,8,16,8,20,10,16,,67,15,1,22,9,121.5422469,24.9905087
111,7,16,10,11,2,07信義區,信義區松高路20巷,0,0,2,1,C03,8,1,5,30,14,9,1,5,4,5,7,4,4,10,3,5,2,17,1,26,3,10,1,1,7,5,1,10,1,11,,8,8,1,22,9,121.5676254,25.0383694
111,7,16,10,11,2,07信義區,信義區松高路20巷,0,0,2,2,C03,8,1,5,30,14,9,1,5,4,5,7,4,4,10,3,5,2,17,1,26,2,8,1,1,7,9,1,10,1,12,,44,8,1,22,9,121.5676254,25.0383694
111,7,16,10,11,2,07信義區,信義區松高路20巷,0,0,2,3,H02,8,1,5,30,14,9,1,5,4,5,7,4,4,10,3,5,2,17,2,26,2,9,1,5,7,20,8,20,10,16,,67,8,1,22,9,121.5676254,25.0383694
111,7,16,10,12,2,03中山區,中山區民生西路3巷,0,0,1,1,C03,8,1,5,30,14,18,1,5,4,5,7,4,4,10,5,5,2,3,2,62,3,10,1,1,7,1,1,10,1,11,,15,15,1,22,9,121.5217991,25.05785194
111,7,16,10,12,2,03中山區,中山區民生西路3巷,0,0,1,2,H01,8,1,5,30,14,18,1,5,4,5,7,4,4,10,5,5,2,3,2,67,2,9,4,5,8,16,8,20,10,16,,67,15,1,22,9,121.5217991,25.05785194
111,7,16,10,30,2,04大安區,大安區辛亥路3段往西(國道三甲)匝道,0,0,1,1,B03,8,1,5,50,15,16,1,5,4,5,7,2,1,8,3,5,1,13,2,42,3,10,1,1,7,1,1,8,1,1,,23,23,1,21,5,121.5493155,25.01684089
111,7,16,10,30,2,04大安區,大安區辛亥路3段往西(國道三甲)匝道,0,0,1,2,C01,8,1,5,50,15,16,1,5,4,5,7,2,1,8,3,5,1,13,1,49,2,8,1,1,7,14,1,9,1,13,,44,23,1,21,5,121.5493155,25.01684089
111,7,16,10,38,2,05中正區,中正區中華路2段41號,0,0,1,1,B03,8,1,5,50,11,9,1,5,4,5,7,4,4,10,4,5,2,12,1,46,3,10,1,1,7,9,1,8,1,2,,17,17,1,22,9,121.5062322,25.03507429
111,7,16,10,38,2,05中正區,中正區中華路2段41號,0,0,1,2,C04,8,1,5,50,11,9,1,5,4,5,7,4,4,10,4,5,2,12,2,27,2,9,1,1,7,15,1,10,1,14,,17,17,1,22,9,121.5062322,25.03507429
111,7,16,10,40,2,07信義區,信義區和平東路3段341巷與富陽街21巷口,0,0,2,1,C03,8,1,5,30,4,1,1,5,4,5,7,4,4,9,4,5,1,15,1,42,2,7,3,4,7,9,1,10,1,14,,6,6,1,22,9,121.558056,25.02160495
111,7,16,10,40,2,07信義區,信義區和平東路3段341巷與富陽街21巷口,0,0,2,2,C04,8,1,5,30,4,1,1,5,4,5,7,4,4,9,4,5,1,15,1,49,2,9,3,4,7,9,1,10,1,11,,14,6,1,22,9,121.558056,25.02160495
111,7,16,10,55,2,02萬華區,萬華區康定路與成都路口,0,0,1,1,B03,8,1,5,50,4,1,1,5,4,5,7,2,1,5,4,5,2,11,1,34,3,10,1,1,7,5,1,8,1,6,,6,6,1,22,9,121.5025761,25.0435088
111,7,16,10,55,2,02萬華區,萬華區康定路與成都路口,0,0,1,2,C03,8,1,5,50,4,1,1,5,4,5,7,2,1,5,4,5,2,11,1,19,2,9,1,1,7,9,1,10,1,12,,44,6,1,22,9,121.5025761,25.0435088
111,7,16,10,56,2,03中山區,中山區民權西路42號,0,0,2,1,C03,8,1,5,50,14,9,1,5,4,5,7,4,4,1,3,5,1,16,1,53,2,7,1,4,7,8,1,8,1,12,,7,7,1,22,9,121.5210758,25.06269588
111,7,16,10,56,2,03中山區,中山區民權西路42號,0,0,2,2,C03,8,1,5,50,14,9,1,5,4,5,7,4,4,1,3,5,1,16,2,19,2,7,1,4,7,9,1,10,1,14,,13,7,1,22,9,121.5210758,25.06269588
111,7,16,10,56,2,03中山區,中山區民權西路42號,0,0,2,3,B03,8,1,5,50,14,9,1,5,4,5,7,4,4,1,3,5,1,16,1,63,3,10,3,4,7,13,1,8,11,7,,38,7,1,22,9,121.5210758,25.06269588
111,7,16,11,10,2,03中山區,中山區民族東路與濱江街180巷口,0,0,1,1,B03,8,1,5,50,4,1,1,5,4,5,7,1,1,3,4,4,2,17,1,44,3,10,1,1,7,6,1,8,1,6,,9,9,1,22,9,121.5381251,25.06820974
111,7,16,11,10,2,03中山區,中山區民族東路與濱江街180巷口,0,0,1,2,C03,8,1,5,50,4,1,1,5,4,5,7,1,1,3,4,4,2,17,1,20,2,7,1,1,7,9,1,10,1,14,,13,9,1,22,9,121.5381251,25.06820974
111,7,16,11,30,2,12內湖區,內湖區成功路4段218號,0,0,1,1,C03,8,1,5,50,14,8,1,5,4,5,7,4,4,1,4,4,1,17,1,19,2,9,3,4,7,9,1,10,1,11,,13,13,1,22,9,121.5960397,25.0845922
111,7,16,11,30,2,12內湖區,內湖區成功路4段218號,0,0,1,2,B01,8,1,5,50,14,8,1,5,4,5,7,4,4,1,4,4,1,17,1,58,3,10,3,4,7,8,1,4,1,2,,7,13,1,22,9,121.5960397,25.0845922
111,7,16,11,46,2,10文山區,文山區基隆路4段與汀州路4段口,0,0,1,1,C03,8,1,5,50,4,2,1,5,4,5,7,1,1,5,5,5,2,3,1,23,3,10,1,1,7,5,1,10,11,11,,15,15,1,22,9,121.5365004,25.01085994
111,7,16,11,46,2,10文山區,文山區基隆路4段與汀州路4段口,0,0,1,2,H01,8,1,5,50,4,2,1,5,4,5,7,1,1,5,5,5,2,3,2,28,2,8,4,5,8,16,8,20,10,16,,67,15,1,22,9,121.5365004,25.01085994
111,7,16,12,3,2,03中山區,中山區新生北路2段131號,0,0,1,1,B03,8,1,5,50,3,1,1,5,4,5,7,4,4,1,3,5,1,16,1,52,3,10,3,4,7,6,1,8,1,2,,9,9,1,22,9,121.5278838,25.06087546
111,7,16,12,3,2,03中山區,中山區新生北路2段131號,0,0,1,2,C03,8,1,5,50,3,1,1,5,4,5,7,4,4,1,3,5,1,16,1,19,2,9,3,4,7,9,1,8,1,11,,44,9,1,22,9,121.5278838,25.06087546
111,7,16,12,3,2,04大安區,大安區市民大道4段與忠孝東路4段205巷口,0,0,1,1,B03,8,1,5,40,4,2,1,5,4,5,7,4,4,10,4,5,2,17,1,49,3,10,1,1,7,6,1,8,1,3,,6,6,1,22,9,121.5519589,25.04439698
111,7,16,12,3,2,04大安區,大安區市民大道4段與忠孝東路4段205巷口,0,0,1,2,C03,8,1,5,40,4,2,1,5,4,5,7,4,4,10,4,5,2,17,1,38,2,9,1,1,7,9,1,10,1,11,,44,6,1,22,9,121.5519589,25.04439698
111,7,16,12,8,2,06松山區,松山區富錦街與民生東路5段137巷口,0,0,1,1,F01,8,1,5,50,4,2,1,5,4,5,7,2,1,9,5,5,2,16,1,79,2,9,1,1,7,5,8,20,11,16,,8,8,1,22,9,121.5614047,25.06080261
111,7,16,12,8,2,06松山區,松山區富錦街與民生東路5段137巷口,0,0,1,2,C03,8,1,5,50,4,2,1,5,4,5,7,2,1,9,5,5,2,16,2,36,3,10,1,1,7,9,1,10,11,11,,14,8,1,22,9,121.5614047,25.06080261
111,7,16,12,15,2,09北投區,北投區中山北路7段219巷3弄甲桂林社區第15號車庫出入口,0,0,1,1,B03,8,1,5,0,14,9,1,5,4,5,7,4,4,10,5,5,2,17,1,73,3,10,1,1,7,1,1,8,1,5,,19,19,1,22,9,121.5309373,25.1294913
111,7,16,12,15,2,09北投區,北投區中山北路7段219巷3弄甲桂林社區第15號車庫出入口,0,0,1,2,C03,8,1,5,0,14,9,1,5,4,5,7,4,4,10,5,5,2,17,1,31,2,9,1,1,7,9,1,10,1,11,,13,19,1,22,9,121.5309373,25.1294913