發生年度,發生月,發生日,發生時-Hours,發生分,處理別-編號,區序,肇事地點,死亡人數,2-30日死亡人數,受傷人數,當事人序號,車種,天候,光線,道路類別,速限-速度限制,道路型態,事故位置,路面狀況1,路面狀況2,路面狀況3,道路障礙1,道路障礙2,號誌1,號誌2,車道劃分-分向,車道劃分-分道1,車道劃分-分道2,車道劃分-分道3,事故類型及型態,性別,年齡,受傷程度,主要傷處,安全帽,行動電話,車輛用途,當事者行動狀態,駕駛資格情形,駕駛執照種類,飲酒情形,車輛撞擊部位1,車輛撞擊部位2,肇因碼-個別,肇因碼-主要,個人肇逃否,職業,旅次目的,座標-X,座標-Y
111,7,16,12,40,2,05中正區,中正區羅斯福路1段與愛國西路口,0,0,1,1,B03,8,1,5,50,4,1,1,5,4,5,7,1,1,3,4,5,2,12,1,46,3,10,1,1,7,6,1,8,1,2,,9,9,1,22,9,121.5168266,25.0345321
111,7,16,12,40,2,05中正區,中正區羅斯福路1段與愛國西路口,0,0,1,2,C03,8,1,5,50,4,1,1,5,4,5,7,1,1,3,4,5,2,12,2,47,2,9,1,1,7,9,1,10,1,14,,13,9,1,22,9,121.5168266,25.0345321
111,7,16,13,31,2,06松山區,松山區南京東路3段348號與南京東路3段口對面,0,0,1,1,C03,8,1,5,50,14,7,1,5,4,5,7,4,4,3,4,4,2,12,2,20,2,9,1,1,7,9,1,10,1,14,,17,17,1,22,9,121.5486841,25.05182319
111,7,16,13,31,2,06松山區,松山區南京東路3段348號與南京東路3段口對面,0,0,1,2,B03,8,1,5,50,14,7,1,5,4,5,7,4,4,3,4,4,2,12,1,56,3,10,1,1,7,9,1,8,1,2,,17,17,1,22,9,121.5486841,25.05182319
111,7,16,13,33,2,06松山區,松山區長春路420號,0,0,1,1,F01,8,1,5,0,4,2,1,5,4,5,7,4,4,10,5,5,2,15,2,56,2,3,1,1,7,1,8,20,1,16,,19,19,1,22,9,121.5447835,25.05446963
111,7,16,13,33,2,06松山區,松山區長春路420號,0,0,1,2,B01,8,1,5,0,4,2,1,5,4,5,7,4,4,10,5,5,2,15,1,53,3,10,1,4,7,9,1,8,1,8,,23,19,1,22,9,121.5447835,25.05446963
111,7,16,13,39,2,07信義區,信義區和平東路3段697-12號,0,0,1,1,B03,8,1,5,40,11,9,1,5,4,5,7,4,4,9,4,5,1,11,1,69,3,10,3,4,7,9,1,8,2,8,,4,4,1,22,9,121.5653638,25.00976769
111,7,16,13,39,2,07信義區,信義區和平東路3段697-12號,0,0,1,2,C03,8,1,5,40,11,9,1,5,4,5,7,4,4,9,4,5,1,11,2,31,2,9,3,4,7,9,1,10,2,14,,44,4,1,22,9,121.5653638,25.00976769
111,7,16,14,8,2,08士林區,士林區通河街與通河街141巷口,0,0,1,1,C03,8,1,5,50,4,1,4,5,4,5,7,4,4,5,5,5,2,12,2,63,2,9,1,1,7,4,1,10,1,12,,1,1,1,22,9,121.520769,25.08084413
111,7,16,14,8,2,08士林區,士林區通河街與通河街141巷口,0,0,1,2,B12,8,1,5,50,4,1,4,5,4,5,7,4,4,5,5,5,2,12,1,64,3,10,1,1,7,5,1,8,1,4,,8,1,1,22,9,121.520769,25.08084413
111,7,16,14,25,2,01大同區,大同區長安西路78巷2弄與長安西路78巷口,0,0,1,1,C03,8,1,5,30,4,1,1,5,4,5,7,4,4,10,5,5,2,15,1,48,2,7,1,1,7,9,6,10,1,11,,6,6,1,22,9,121.5186901,25.0516335
111,7,16,14,25,2,01大同區,大同區長安西路78巷2弄與長安西路78巷口,0,0,1,2,B03,8,1,5,30,4,1,1,5,4,5,7,4,4,10,5,5,2,15,1,67,3,10,3,4,7,9,1,8,1,4,,44,6,1,22,9,121.5186901,25.0516335
111,7,16,14,28,2,04大安區,大安區和平東路2段311巷43弄與和平東路2段311巷口,0,0,1,1,B12,8,1,5,30,15,19,1,5,4,5,7,4,4,8,3,5,1,3,1,55,3,10,1,1,7,5,1,8,1,8,,15,15,1,21,7,121.5451489,25.02559632
111,7,16,14,28,2,04大安區,大安區和平東路2段311巷43弄與和平東路2段311巷口,0,0,1,2,H01,8,1,5,30,15,19,1,5,4,5,7,4,4,8,3,5,1,3,2,33,2,8,4,1,8,16,8,20,1,16,,67,15,1,21,5,121.5451489,25.02559632
111,7,16,14,39,2,12內湖區,內湖區內湖路1段737巷51弄與內湖路1段737巷41弄口,0,0,1,1,B03,8,1,5,30,3,1,1,5,4,5,7,4,4,5,5,5,2,16,1,46,3,10,1,1,7,15,1,8,1,8,,40,40,1,22,9,121.5796547,25.0802904
111,7,16,14,39,2,12內湖區,內湖區內湖路1段737巷51弄與內湖路1段737巷41弄口,0,0,1,2,C03,8,1,5,30,3,1,1,5,4,5,7,4,4,5,5,5,2,16,2,43,2,9,1,1,7,6,1,10,1,12,,44,40,1,22,9,121.5796547,25.0802904
111,7,16,14,45,2,11南港區,南港區市民大道8段與興華路口,0,0,2,1,C03,8,1,5,50,3,1,1,5,4,5,7,2,1,1,4,5,2,16,1,18,2,9,1,1,7,6,3,18,1,12,,44,44,1,22,9,121.6064785,25.0532395
111,7,16,14,45,2,11南港區,南港區市民大道8段與興華路口,0,0,2,2,C03,8,1,5,50,3,1,1,5,4,5,7,2,1,1,4,5,2,16,1,27,2,9,1,1,7,9,1,10,1,14,,43,44,1,22,9,121.6064785,25.0532395
111,7,16,15,9,2,03中山區,中山區松江路132巷與一江街口,0,0,1,1,B03,8,1,5,30,3,1,1,5,4,5,7,4,4,10,5,5,1,16,1,26,3,10,3,4,7,9,1,8,1,5,,6,6,1,22,9,121.5315192,25.0529112
111,7,16,15,9,2,03中山區,中山區松江路132巷與一江街口,0,0,1,2,C03,8,1,5,30,3,1,1,5,4,5,7,4,4,10,5,5,1,16,1,57,2,6,1,4,7,1,1,10,1,11,,19,6,1,22,9,121.5315192,25.0529112
111,7,16,15,30,2,09北投區,北投區致遠一路1段58巷10弄1號與致遠一路1段58巷口,0,0,1,1,C03,8,1,5,30,3,1,1,5,4,5,7,4,4,10,5,5,2,10,2,20,2,8,3,4,7,9,1,10,1,11,,43,43,1,22,9,121.5146737,25.11006709
111,7,16,15,30,2,09北投區,北投區致遠一路1段58巷10弄1號與致遠一路1段58巷口,0,0,1,2,C03,8,1,5,30,3,1,1,5,4,5,7,4,4,10,5,5,2,10,1,44,3,10,3,4,7,9,1,10,1,11,,43,43,1,22,9,121.5146737,25.11006709
111,7,16,15,32,2,02萬華區,萬華區艋舺大道208號,0,0,1,1,B03,8,1,5,50,15,6,1,5,4,5,7,4,4,1,4,4,2,12,2,28,3,10,1,1,7,6,1,8,1,5,,9,9,1,22,9,121.4993809,25.03290141
111,7,16,15,32,2,02萬華區,萬華區艋舺大道208號,0,0,1,2,C03,8,1,5,50,15,6,1,5,4,5,7,4,4,1,4,4,2,12,2,26,2,9,1,1,7,9,1,10,1,14,,44,9,1,22,9,121.4993809,25.03290141
111,7,16,15,43,2,05中正區,中正區鄭州路1段與承德路1段口,0,0,3,1,C03,8,1,5,50,4,1,1,5,4,5,7,1,1,1,4,1,2,16,1,51,2,8,1,1,7,9,1,10,2,13,,25,25,1,22,9,121.5164409,25.04861017
111,7,16,15,43,2,05中正區,中正區鄭州路1段與承德路1段口,0,0,3,2,C03,8,1,5,50,4,1,1,5,4,5,7,1,1,1,4,1,2,16,1,21,2,9,1,1,7,9,1,10,2,11,,13,25,1,22,9,121.5164409,25.04861017
111,7,16,15,43,2,05中正區,中正區鄭州路1段與承德路1段口,0,0,3,3,C03,8,1,5,50,4,1,1,5,4,5,7,1,1,1,4,1,2,16,2,18,2,9,1,1,7,9,1,10,2,11,,23,25,1,22,9,121.5164409,25.04861017
111,7,16,16,1,2,04大安區,大安區羅斯福路4段與基隆路4段口,0,0,2,1,C03,8,1,5,50,5,1,1,5,4,5,7,1,1,10,3,5,2,17,1,28,2,9,1,1,7,5,1,9,1,14,,8,8,1,22,9,121.5371478,25.0113671
111,7,16,16,1,2,04大安區,大安區羅斯福路4段與基隆路4段口,0,0,2,2,C03,8,1,5,50,5,1,1,5,4,5,7,1,1,10,3,5,2,17,1,19,2,9,1,1,7,9,1,10,1,14,,23,8,1,22,9,121.5371478,25.0113671
111,7,16,16,15,2,03中山區,中山區大佳河濱公園與大佳河濱公園口迎風壘球場前,0,0,1,1,B03,8,1,5,50,3,1,1,5,4,5,7,4,4,9,4,5,2,12,1,43,3,10,3,4,7,6,1,8,1,6,,9,9,1,22,9,121.5470793,25.0735752
111,7,16,16,15,2,03中山區,中山區大佳河濱公園與大佳河濱公園口迎風壘球場前,0,0,1,2,C03,8,1,5,50,3,1,1,5,4,5,7,4,4,9,4,5,2,12,1,34,2,9,1,4,7,9,1,10,1,11,,23,9,1,22,9,121.5470793,25.0735752
111,7,16,16,40,2,02萬華區,萬華區光復橋往台北市003014燈桿,0,0,3,1,C03,8,1,5,50,8,9,1,5,4,5,7,4,4,2,4,5,1,17,1,18,2,9,1,1,7,9,1,10,2,15,,13,13,1,22,9,121.4908596,25.02441721
111,7,16,16,40,2,02萬華區,萬華區光復橋往台北市003014燈桿,0,0,3,2,C03,8,1,5,50,8,9,1,5,4,5,7,4,4,2,4,5,1,17,1,65,2,9,1,1,7,9,1,10,2,13,,44,13,1,22,9,121.4908596,25.02441721
111,7,16,16,40,2,02萬華區,萬華區光復橋往台北市003014燈桿,0,0,3,3,H02,8,1,5,50,8,9,1,5,4,5,7,4,4,2,4,5,1,17,2,60,2,9,1,5,7,20,8,20,10,16,,67,13,1,22,9,121.4908596,25.02441721
111,7,16,16,48,2,04大安區,大安區辛亥路1段與泰順街口,0,0,3,1,C03,8,1,5,50,4,1,1,5,4,5,7,2,1,1,4,5,1,12,1,24,2,9,3,4,7,5,1,10,1,11,,8,8,1,22,9,121.5316194,25.0220055
111,7,16,16,48,2,04大安區,大安區辛亥路1段與泰順街口,0,0,3,2,C01,8,1,5,50,4,1,1,5,4,5,7,2,1,1,4,5,1,12,2,43,2,9,3,4,7,9,1,9,1,12,,44,8,1,22,9,121.5316194,25.0220055
111,7,16,16,48,2,04大安區,大安區辛亥路1段與泰順街口,0,0,3,3,H02,8,1,5,50,4,1,1,5,4,5,7,2,1,1,4,5,1,12,2,23,2,9,3,4,7,20,8,20,10,16,,67,8,1,22,9,121.5316194,25.0220055
111,7,16,16,48,2,04大安區,大安區辛亥路1段與泰順街口,0,0,3,4,A12,8,1,5,50,4,1,1,5,4,5,7,2,1,1,4,5,1,12,1,55,3,10,3,1,1,14,1,2,9,15,,38,8,1,22,9,121.5316194,25.0220055
111,7,16,17,2,2,04大安區,大安區忠孝東路4段205巷29弄與無名巷口,0,0,1,1,C03,8,1,5,30,3,1,1,5,4,5,7,4,4,10,5,5,2,17,2,49,2,8,1,1,7,6,1,10,1,12,,6,6,1,22,9,121.5524161,25.0430852
111,7,16,17,2,2,04大安區,大安區忠孝東路4段205巷29弄與無名巷口,0,0,1,2,B03,8,1,5,30,3,1,1,5,4,5,7,4,4,10,5,5,2,17,1,50,3,10,1,1,7,9,1,8,1,1,,44,6,1,22,9,121.5524161,25.0430852
111,7,16,17,10,2,09北投區,北投區溫泉路34巷與溫泉路口,0,0,2,1,C03,8,1,5,30,3,1,1,5,4,5,7,4,4,10,5,5,2,10,2,55,2,3,3,4,7,9,1,10,1,11,,23,23,1,22,9,121.506171,25.140267
111,7,16,17,10,2,09北投區,北投區溫泉路34巷與溫泉路口,0,0,2,2,C03,8,1,5,30,3,1,1,5,4,5,7,4,4,10,5,5,2,10,1,30,2,9,3,4,7,9,1,10,1,11,,23,23,1,22,9,121.506171,25.140267
111,7,16,17,10,2,09北投區,北投區明德路與榮華三路口,0,0,1,1,B03,8,1,5,50,3,1,1,5,4,5,7,3,1,5,4,5,2,16,2,36,3,10,1,1,7,5,1,8,1,5,,27,27,1,22,9,121.5222523,25.11404036
111,7,16,17,10,2,09北投區,北投區明德路與榮華三路口,0,0,1,2,C03,8,1,5,50,3,1,1,5,4,5,7,3,1,5,4,5,2,16,2,18,2,9,1,1,7,5,1,10,1,14,,17,27,1,22,9,121.5222523,25.11404036
111,7,16,17,11,2,07信義區,信義區信義路5段91巷與信義路5段口口,0,0,1,1,B03,8,1,5,30,3,1,1,5,4,5,7,3,1,5,4,5,2,17,2,76,3,10,1,1,7,6,1,8,2,8,,6,6,1,22,9,121.571679,25.03284181
111,7,16,17,11,2,07信義區,信義區信義路5段91巷與信義路5段口口,0,0,1,2,C03,8,1,5,30,3,1,1,5,4,5,7,3,1,5,4,5,2,17,1,64,2,9,1,1,7,9,6,10,2,12,,23,6,1,22,9,121.571679,25.03284181
111,7,16,17,30,2,12內湖區,內湖區民權東路6段90巷16弄與民權東路6段56巷口,0,0,2,2,C03,8,1,5,50,3,1,1,5,4,5,7,4,4,9,4,4,2,16,2,18,2,9,1,1,7,9,1,10,1,12,,14,8,1,22,9,121.5850982,25.06788941
111,7,16,17,30,2,12內湖區,內湖區民權東路6段90巷16弄與民權東路6段56巷口,0,0,2,1,C03,8,1,5,50,3,1,1,5,4,5,7,4,4,9,4,4,2,16,1,33,2,7,1,1,7,5,1,10,1,14,,8,8,1,22,9,121.5850982,25.06788941
111,7,16,17,46,2,03中山區,中山區市民高架道往西、建國北路上方,0,0,1,1,B03,8,1,5,80,10,9,1,5,4,5,7,4,4,1,3,5,1,13,1,47,3,10,3,4,7,9,1,8,2,1,,23,23,1,22,9,121.5366237,25.04496519
111,7,16,17,46,2,03中山區,中山區市民高架道往西、建國北路上方,0,0,1,2,B03,8,1,5,80,10,9,1,5,4,5,7,4,4,1,3,5,1,13,1,33,3,10,3,4,7,14,1,8,2,3,,44,23,1,22,9,121.5366237,25.04496519
111,7,16,17,46,2,03中山區,中山區市民高架道往西、建國北路上方,0,0,1,3,H02,8,1,5,80,10,9,1,5,4,5,7,4,4,1,3,5,1,13,2,31,2,1,3,4,7,17,8,20,10,15,,67,23,1,22,9,121.5366237,25.04496519
111,7,16,18,5,2,04大安區,大安區大安路1段與四維路52巷口,0,0,1,1,B03,8,1,5,30,4,1,1,5,4,5,7,4,4,10,5,5,2,16,1,48,3,10,1,4,7,5,1,8,1,5,,6,6,1,22,9,121.546004,25.03511363
111,7,16,18,5,2,04大安區,大安區大安路1段與四維路52巷口,0,0,1,2,C03,8,1,5,30,4,1,1,5,4,5,7,4,4,10,5,5,2,16,1,42,2,8,1,1,7,9,1,10,1,14,,14,6,1,22,9,121.546004,25.03511363
111,7,16,18,6,2,08士林區,士林區延平北路8段2巷與延平北路8段2巷56弄口,0,0,1,1,B03,8,2,5,30,4,1,1,5,4,5,7,4,4,10,5,5,1,15,1,71,3,10,1,1,7,9,1,8,2,5,,6,6,1,22,9,121.4868764,25.10552122
111,7,16,18,6,2,08士林區,士林區延平北路8段2巷與延平北路8段2巷56弄口,0,0,1,2,C03,8,2,5,30,4,1,1,5,4,5,7,4,4,10,5,5,1,15,1,32,2,8,1,1,7,9,1,10,2,11,,23,6,1,22,9,121.4868764,25.10552122
111,7,16,18,11,2,05中正區,中正區市民大道1段與承德路1段口,0,0,2,1,C03,8,1,5,50,5,1,1,5,4,5,7,2,1,1,4,1,2,15,1,24,2,9,1,1,7,9,1,10,1,14,,25,25,1,22,9,121.5163499,25.0486767
111,7,16,18,11,2,05中正區,中正區市民大道1段與承德路1段口,0,0,2,2,C03,8,1,5,50,5,1,1,5,4,5,7,2,1,1,4,1,2,15,2,52,2,9,1,1,7,9,1,10,1,11,,14,25,1,22,9,121.5163499,25.0486767
111,7,16,18,35,2,08士林區,士林區菁山路下山,0,0,2,1,B03,8,3,5,40,14,9,1,5,4,5,7,4,4,5,5,5,1,18,1,35,2,9,1,1,7,9,1,8,2,5,,42,42,1,22,9,121.5539266,25.14232203
111,7,16,18,35,2,08士林區,士林區菁山路下山,0,0,2,3,H02,8,3,5,40,14,9,1,5,4,5,7,4,4,5,5,5,1,18,2,43,2,1,1,5,7,17,8,20,10,16,,67,42,2,22,9,121.5539266,25.14232203
111,7,16,18,35,2,08士林區,士林區菁山路下山,0,0,2,4,H02,8,3,5,40,14,9,1,5,4,5,7,4,4,5,5,5,1,18,1,4,3,10,1,5,7,17,8,20,10,16,,67,42,1,22,9,121.5539266,25.14232203
111,7,16,18,35,2,08士林區,士林區菁山路下山,0,0,2,2,,8,3,5,40,14,9,1,5,4,5,7,4,4,5,5,5,1,18,3,,,,,,,,,,,,,67,42,1,,,121.5539266,25.14232203
111,7,16,18,55,2,01大同區,大同區環河北路1段與歸綏街口,0,0,1,1,C03,7,3,5,50,3,1,1,5,4,5,7,4,4,1,4,5,2,17,1,23,2,8,3,4,7,9,1,10,1,11,,23,23,1,22,9,121.5085599,25.05803399
111,7,16,18,55,2,01大同區,大同區環河北路1段與歸綏街口,0,0,1,2,B03,7,3,5,50,3,1,1,5,4,5,7,4,4,1,4,5,2,17,1,28,3,10,3,4,7,6,1,8,1,7,,9,23,1,22,9,121.5085599,25.05803399
111,7,16,19,6,2,02萬華區,萬華區康定路6號,0,0,2,1,B03,8,3,5,0,14,7,1,5,4,5,7,4,4,8,3,4,2,13,1,67,3,10,3,4,7,9,1,8,1,5,,16,16,1,22,9,121.5031946,25.04578566
111,7,16,19,6,2,02萬華區,萬華區康定路6號,0,0,2,2,C03,8,3,5,0,14,7,1,5,4,5,7,4,4,8,3,4,2,13,2,26,2,9,1,4,7,9,1,10,1,13,,44,16,1,22,9,121.5031946,25.04578566
111,7,16,19,6,2,02萬華區,萬華區康定路6號,0,0,2,3,H02,8,3,5,0,14,7,1,5,4,5,7,4,4,8,3,4,2,13,2,37,2,9,1,5,7,20,8,20,10,16,,67,16,1,22,9,121.5031946,25.04578566
111,7,16,20,0,2,04大安區,大安區臥龍街213號,0,0,1,1,C03,7,3,5,40,11,9,1,5,4,5,7,4,4,4,3,5,1,11,1,19,2,9,1,1,7,7,3,18,1,14,,7,7,1,22,9,121.5533691,25.0180655
111,7,16,20,0,2,04大安區,大安區臥龍街213號,0,0,1,2,B02,7,3,5,40,11,9,1,5,4,5,7,4,4,4,3,5,1,11,1,23,3,10,1,1,7,9,1,8,1,4,,44,7,1,22,9,121.5533691,25.0180655
111,7,16,20,0,2,04大安區,大安區臥龍街213號,0,0,1,3,C03,7,3,5,40,11,9,1,5,4,5,7,4,4,4,3,5,1,11,2,33,3,10,3,1,7,13,1,10,9,13,,44,7,1,22,9,121.5533691,25.0180655
111,7,16,20,19,2,12內湖區,內湖區康寧路1段164巷與康寧路1段口,0,0,2,1,C04,8,3,5,50,3,2,1,5,4,5,7,4,4,5,5,5,2,3,2,78,2,9,1,1,7,9,3,18,1,12,,23,23,1,22,9,121.5944892,25.07905187
111,7,16,20,19,2,12內湖區,內湖區康寧路1段164巷與康寧路1段口,0,0,2,2,H01,8,3,5,50,3,2,1,5,4,5,7,4,4,5,5,5,2,3,2,59,2,9,4,1,8,16,8,20,1,16,,51,23,1,22,9,121.5944892,25.07905187
111,7,16,20,21,2,10文山區,文山區木新路3段215巷與木新路3段155巷口,0,0,1,1,E03,8,3,5,30,3,2,1,5,4,5,7,4,4,10,5,5,2,16,1,32,3,10,3,4,7,9,1,4,2,4,,23,23,1,23,8,121.5596892,24.9807488
111,7,16,20,21,2,10文山區,文山區木新路3段215巷與木新路3段155巷口,0,0,1,2,C03,8,3,5,30,3,2,1,5,4,5,7,4,4,10,5,5,2,16,2,58,2,7,3,4,7,5,4,11,2,12,,6,23,1,21,8,121.5596892,24.9807488
111,7,16,20,21,2,10文山區,文山區木新路3段215巷與木新路3段155巷口,0,0,1,3,B01,8,3,5,30,3,2,1,5,4,5,7,4,4,10,5,5,2,16,1,61,3,10,3,4,7,13,1,4,9,4,,38,23,1,21,8,121.5596892,24.9807488
111,7,16,20,56,2,01大同區,大同區鄭州路與塔城街口,0,0,1,1,B03,7,3,5,40,14,9,1,5,4,5,7,2,1,1,4,5,2,13,1,69,3,10,3,4,7,9,1,8,2,1,,23,23,1,22,9,121.5102186,25.05009133
111,7,16,20,56,2,01大同區,大同區鄭州路與塔城街口,0,0,1,2,B03,7,3,5,40,14,9,1,5,4,5,7,2,1,1,4,5,2,13,1,57,2,9,3,4,7,14,1,8,2,3,,44,23,1,22,9,121.5102186,25.05009133
111,7,16,20,56,2,01大同區,大同區鄭州路與塔城街口,0,0,1,3,B03,7,3,5,40,14,9,1,5,4,5,7,2,1,1,4,5,2,13,1,44,3,10,3,4,7,14,1,8,2,3,,44,23,1,22,9,121.5102186,25.05009133
111,7,16,21,30,2,08士林區,士林區基河路與承德路4段77巷口,0,0,3,1,F01,7,3,5,50,3,1,1,5,4,5,7,3,1,10,2,5,2,17,2,41,2,9,1,1,7,6,8,20,1,16,,9,9,1,22,9,121.5241892,25.08197667
111,7,16,21,30,2,08士林區,士林區基河路與承德路4段77巷口,0,0,3,2,C03,7,3,5,50,3,1,1,5,4,5,7,3,1,10,2,5,2,17,1,27,2,8,1,1,7,9,1,10,1,14,,14,9,1,22,9,121.5241892,25.08197667
111,7,16,21,30,2,08士林區,士林區基河路與承德路4段77巷口,0,0,3,3,H02,7,3,5,50,3,1,1,5,4,5,7,3,1,10,2,5,2,17,2,26,2,9,1,1,7,17,8,20,10,16,,67,9,1,22,9,121.5241892,25.08197667
111,7,16,21,30,2,12內湖區,內湖區五分街與安康路口,0,0,2,1,C03,8,3,5,50,4,1,1,5,4,5,7,4,4,5,5,5,2,15,1,41,2,9,1,1,7,9,1,10,1,11,,6,6,1,22,9,121.6152411,25.0673306
111,7,16,21,30,2,12內湖區,內湖區五分街與安康路口,0,0,2,2,C03,8,3,5,50,4,1,1,5,4,5,7,4,4,5,5,5,2,15,1,32,2,9,1,1,7,9,1,10,1,14,,44,6,1,22,9,121.6152411,25.0673306
111,7,16,21,35,2,10文山區,文山區木新路3段95巷與木新路3段口,0,0,1,1,C03,7,3,5,30,3,1,1,5,4,5,7,4,4,5,5,5,2,17,2,26,3,10,1,1,7,5,1,10,1,11,,6,6,1,22,9,121.5628435,24.9821786
111,7,16,21,35,2,10文山區,文山區木新路3段95巷與木新路3段口,0,0,1,2,C03,7,3,5,30,3,1,1,5,4,5,7,4,4,5,5,5,2,17,1,24,2,8,1,1,7,9,1,10,1,11,,14,6,1,22,9,121.5628435,24.9821786
111,7,16,22,22,2,03中山區,中山區濱江街297號,0,0,1,1,B12,8,3,5,50,14,9,1,5,4,5,7,4,4,5,4,5,2,17,1,55,3,10,1,1,7,14,1,4,1,15,,42,42,1,22,9,121.5449355,25.0722959
111,7,16,22,22,2,03中山區,中山區濱江街297號,0,0,1,2,B01,8,3,5,50,14,9,1,5,4,5,7,4,4,5,4,5,2,17,1,45,3,10,1,1,7,9,1,4,1,4,,44,42,1,22,9,121.5449355,25.0722959
111,7,16,22,22,2,03中山區,中山區濱江街297號,0,0,1,3,H03,8,3,5,50,14,9,1,5,4,5,7,4,4,5,4,5,2,17,1,55,2,9,4,5,8,18,8,20,10,16,,54,42,1,22,9,121.5449355,25.0722959
111,7,16,22,57,2,05中正區,中正區羅斯福路1段與林森南路口,0,0,2,1,C03,8,3,5,30,5,1,1,5,4,5,7,1,1,10,4,5,2,16,1,45,2,9,1,1,7,5,1,10,2,14,,8,8,1,22,9,121.5181645,25.03299481
111,7,16,22,57,2,05中正區,中正區羅斯福路1段與林森南路口,0,0,2,2,C02,8,3,5,30,5,1,1,5,4,5,7,1,1,10,4,5,2,16,1,34,2,9,1,1,7,9,1,9,2,11,,44,8,1,22,9,121.5181645,25.03299481
111,7,16,23,0,2,03中山區,中山區北安路588巷46弄與北安路588巷口,0,0,1,1,B03,8,3,5,30,4,1,1,5,4,5,7,4,4,10,5,5,2,16,2,54,3,10,1,1,7,9,1,8,1,6,,6,6,1,22,9,121.5509031,25.0810513
111,7,16,23,0,2,03中山區,中山區北安路588巷46弄與北安路588巷口,0,0,1,2,C03,8,3,5,30,4,1,1,5,4,5,7,4,4,10,5,5,2,16,1,38,2,9,1,1,7,9,1,10,1,11,,23,6,1,22,9,121.5509031,25.0810513
111,7,16,23,0,2,03中山區,中山區北安路588巷46弄與北安路588巷口,0,0,1,3,B12,8,3,5,30,4,1,1,5,4,5,7,4,4,10,5,5,2,16,1,73,3,10,1,1,7,3,1,8,1,15,,18,6,1,22,9,121.5509031,25.0810513
111,7,16,23,15,2,12內湖區,內湖區南京東路6段與金莊路口,0,0,1,1,C01,8,3,5,50,3,1,1,5,4,5,7,1,1,1,1,5,2,12,1,50,2,9,1,1,7,8,1,9,1,11,,25,25,1,22,9,121.5832165,25.0576827
111,7,16,23,15,2,12內湖區,內湖區南京東路6段與金莊路口,0,0,1,2,B03,8,3,5,50,3,1,1,5,4,5,7,1,1,1,1,5,2,12,1,50,3,10,1,1,7,6,1,8,1,6,,44,25,1,22,9,121.5832165,25.0576827
111,7,17,1,30,2,08士林區,士林區劍潭路與後港街口,0,0,1,1,B03,8,3,5,30,4,1,1,5,4,5,7,4,4,10,5,5,2,15,1,28,3,10,1,1,7,9,1,8,1,4,,6,6,1,22,9,121.5228097,25.08408272
111,7,17,1,30,2,08士林區,士林區劍潭路與後港街口,0,0,1,2,C03,8,3,5,30,4,1,1,5,4,5,7,4,4,10,5,5,2,15,2,39,2,9,1,1,7,9,1,10,1,11,,14,6,1,22,9,121.5228097,25.08408272
111,7,17,1,35,2,03中山區,中山區龍江路298巷與龍江路口,0,0,2,1,B03,7,3,5,50,14,9,1,5,4,5,7,4,4,9,4,5,1,17,1,27,3,10,1,1,7,11,1,8,1,8,,10,10,1,22,9,121.540903,25.0615393
111,7,17,1,35,2,03中山區,中山區龍江路298巷與龍江路口,0,0,2,2,C03,7,3,5,50,14,9,1,5,4,5,7,4,4,9,4,5,1,17,1,22,2,8,1,1,7,9,1,10,1,12,,23,10,1,22,9,121.540903,25.0615393
111,7,17,1,35,2,03中山區,中山區龍江路298巷與龍江路口,0,0,2,3,H02,7,3,5,50,14,9,1,5,4,5,7,4,4,9,4,5,1,17,2,25,2,8,1,5,7,20,8,20,10,15,,67,10,1,22,9,121.540903,25.0615393
111,7,17,5,53,2,04大安區,大安區信義路3段與建國南路1段口,0,0,1,1,C03,8,1,5,50,4,1,1,5,4,5,7,2,1,1,4,5,2,17,2,22,3,10,1,1,7,9,1,10,1,15,,25,25,1,22,9,121.5376103,25.03361357
111,7,17,5,53,2,04大安區,大安區信義路3段與建國南路1段口,0,0,1,2,C03,8,1,5,50,4,1,1,5,4,5,7,2,1,1,4,5,2,17,1,69,2,9,1,1,7,9,1,10,1,15,,44,25,1,22,9,121.5376103,25.03361357
111,7,17,6,9,2,03中山區,中山區市民大道4段與復興南路1段口,0,0,1,1,C03,8,2,5,50,4,2,1,5,4,5,7,1,1,10,4,5,2,15,1,36,2,9,1,1,7,15,6,10,1,12,11,25,25,1,22,9,121.5437414,25.0450933
111,7,17,6,9,2,03中山區,中山區市民大道4段與復興南路1段口,0,0,1,2,B03,8,2,5,50,4,2,1,5,4,5,7,1,1,10,4,5,2,15,1,49,3,10,1,1,7,9,1,8,1,1,,14,25,1,22,9,121.5437414,25.0450933
111,7,17,6,19,2,06松山區,松山區南京東路5段與東興路口,0,0,1,1,C03,8,1,5,50,15,9,1,5,4,5,7,2,1,1,5,5,2,15,1,28,2,7,3,4,7,9,1,10,2,11,,23,23,1,22,9,121.5653273,25.0514739
111,7,17,6,19,2,06松山區,松山區南京東路5段與東興路口,0,0,1,2,C03,8,1,5,50,15,9,1,5,4,5,7,2,1,1,5,5,2,15,1,18,3,10,3,4,7,9,1,10,2,14,,44,23,1,22,9,121.5653273,25.0514739
111,7,17,7,28,2,12內湖區,內湖區內湖路3段60巷6號,0,0,2,1,C03,8,1,5,30,14,9,1,5,4,5,7,4,4,10,4,5,2,12,2,71,2,8,1,1,7,5,1,10,2,12,,8,8,1,22,9,121.5922331,25.08661119
111,7,17,7,28,2,12內湖區,內湖區內湖路3段60巷6號,0,0,2,2,C03,8,1,5,30,14,9,1,5,4,5,7,4,4,10,4,5,2,12,2,19,2,9,1,1,7,9,1,10,2,14,,23,8,1,22,9,121.5922331,25.08661119