發生年度,發生月,發生日,發生時-Hours,發生分,處理別-編號,區序,肇事地點,死亡人數,2-30日死亡人數,受傷人數,當事人序號,車種,天候,光線,道路類別,速限-速度限制,道路型態,事故位置,路面狀況1,路面狀況2,路面狀況3,道路障礙1,道路障礙2,號誌1,號誌2,車道劃分-分向,車道劃分-分道1,車道劃分-分道2,車道劃分-分道3,事故類型及型態,性別,年齡,受傷程度,主要傷處,安全帽,行動電話,車輛用途,當事者行動狀態,駕駛資格情形,駕駛執照種類,飲酒情形,車輛撞擊部位1,車輛撞擊部位2,肇因碼-個別,肇因碼-主要,個人肇逃否,職業,旅次目的,座標-X,座標-Y
111,7,17,7,28,2,12內湖區,內湖區內湖路3段60巷6號,0,0,2,3,C03,8,1,5,30,14,9,1,5,4,5,7,4,4,10,4,5,2,12,1,56,3,10,3,1,7,13,1,10,9,15,,44,8,1,22,9,121.5922331,25.08661119
111,7,17,7,28,2,12內湖區,內湖區內湖路3段60巷6號,0,0,2,4,C03,8,1,5,30,14,9,1,5,4,5,7,4,4,10,4,5,2,12,1,47,3,10,3,1,7,13,1,10,9,15,,44,8,1,22,9,121.5922331,25.08661119
111,7,17,7,28,2,12內湖區,內湖區內湖路3段60巷6號,0,0,2,5,C03,8,1,5,30,14,9,1,5,4,5,7,4,4,10,4,5,2,12,1,32,3,10,1,1,7,13,1,10,9,15,,44,8,1,22,9,121.5922331,25.08661119
111,7,17,7,28,2,12內湖區,內湖區內湖路3段60巷6號,0,0,2,6,C03,8,1,5,30,14,9,1,5,4,5,7,4,4,10,4,5,2,12,1,55,3,10,3,1,7,13,1,10,9,15,,44,8,1,22,9,121.5922331,25.08661119
111,7,17,7,28,2,12內湖區,內湖區內湖路3段60巷6號,0,0,2,7,B03,8,1,5,30,14,9,1,5,4,5,7,4,4,10,4,5,2,12,1,64,3,10,3,1,7,13,1,8,9,3,,44,8,1,22,9,121.5922331,25.08661119
111,7,17,8,20,2,08士林區,士林區中山北路7段186號,0,0,1,1,B03,8,1,5,50,16,9,1,5,4,5,7,4,4,10,4,5,2,12,1,47,2,7,1,1,7,1,1,8,2,8,,19,19,1,22,9,121.5329712,25.12475975
111,7,17,8,20,2,08士林區,士林區中山北路7段186號,0,0,1,2,B01,8,1,5,50,16,9,1,5,4,5,7,4,4,10,4,5,2,12,1,66,3,10,1,1,7,6,1,4,3,2,,42,19,1,22,9,121.5329712,25.12475975
111,7,17,8,40,2,05中正區,中正區中華路2段與愛國西路口,0,0,1,1,C03,8,1,5,50,5,2,1,5,4,5,7,1,1,2,4,5,2,13,2,26,2,9,1,1,7,3,1,8,2,14,,16,16,1,22,9,121.5067749,25.03677689
111,7,17,8,40,2,05中正區,中正區中華路2段與愛國西路口,0,0,1,2,B03,8,1,5,50,5,2,1,5,4,5,7,1,1,2,4,5,2,13,1,46,3,10,1,1,7,3,1,8,2,6,,42,16,1,22,9,121.5067749,25.03677689
111,7,17,8,52,2,01大同區,大同區延平北路4段與酒泉街口西北角,0,0,1,1,B03,8,1,5,50,5,1,1,5,4,5,7,1,1,8,3,5,1,12,1,27,3,10,1,1,7,9,1,10,2,2,,23,23,1,22,9,121.5109159,25.0721073
111,7,17,8,52,2,01大同區,大同區延平北路4段與酒泉街口西北角,0,0,1,2,C03,8,1,5,50,5,1,1,5,4,5,7,1,1,8,3,5,1,12,2,55,2,9,1,1,7,7,3,18,2,14,,7,23,1,22,9,121.5109159,25.0721073
111,7,17,9,26,2,08士林區,士林區志成街22巷與志成街口,0,0,1,1,C03,8,1,5,30,4,1,1,5,4,5,7,4,4,10,5,5,1,16,2,50,2,9,1,1,7,9,1,10,1,12,,6,6,1,22,9,121.530143,25.09683379
111,7,17,9,26,2,08士林區,士林區志成街22巷與志成街口,0,0,1,2,B03,8,1,5,30,4,1,1,5,4,5,7,4,4,10,5,5,1,16,1,53,3,10,1,1,7,9,1,8,1,5,,23,6,1,22,9,121.530143,25.09683379
111,7,17,10,0,2,03中山區,中山區中山北路3段與酒泉街口,0,0,2,1,C03,8,1,5,50,14,9,1,5,4,5,7,1,1,5,4,5,2,13,2,19,2,9,1,1,7,9,1,10,1,11,,23,23,1,22,9,121.5235875,25.07073273
111,7,17,10,0,2,03中山區,中山區中山北路3段與酒泉街口,0,0,2,2,C03,8,1,5,50,14,9,1,5,4,5,7,1,1,5,4,5,2,13,1,80,2,8,1,1,7,14,1,10,1,13,14,38,23,1,22,9,121.5235875,25.07073273
111,7,17,10,29,2,07信義區,信義區虎林街164巷60弄8號,0,0,1,1,B03,8,1,5,30,14,9,1,5,4,5,7,4,4,10,5,5,2,17,1,35,3,10,3,4,7,15,1,8,1,4,,40,40,1,22,9,121.5742229,25.03814164
111,7,17,10,29,2,07信義區,信義區虎林街164巷60弄8號,0,0,1,2,F01,8,1,5,30,14,9,1,5,4,5,7,4,4,10,5,5,2,17,2,20,2,9,3,4,7,9,8,20,1,16,,44,40,1,22,9,121.5742229,25.03814164
111,7,17,10,49,2,07信義區,信義區信義路5段與松仁路口,0,0,2,1,C03,8,1,5,50,4,1,1,5,4,5,7,1,1,9,5,5,2,11,1,25,2,9,1,1,7,5,1,10,2,13,,8,8,1,22,9,121.5683231,25.0327379
111,7,17,10,49,2,07信義區,信義區信義路5段與松仁路口,0,0,2,2,C03,8,1,5,50,4,1,1,5,4,5,7,1,1,9,5,5,2,11,2,34,2,9,1,1,7,9,1,8,2,11,,44,8,1,22,9,121.5683231,25.0327379
111,7,17,10,50,2,09北投區,北投區竹子湖路213號燈桿(金山往北投),0,0,2,1,C03,8,1,5,50,14,9,1,5,4,5,7,4,4,7,4,5,1,20,1,56,2,7,1,1,7,9,1,10,1,14,,43,43,1,22,9,121.5611706,25.18076604
111,7,17,10,50,2,09北投區,北投區竹子湖路213號燈桿(金山往北投),0,0,2,2,,8,1,5,50,14,9,1,5,4,5,7,4,4,7,4,5,1,20,3,,,,,,,,,,,,,61,43,1,,,121.5611706,25.18076604
111,7,17,10,50,2,09北投區,北投區竹子湖路213號燈桿(金山往北投),0,0,2,3,H02,8,1,5,50,14,9,1,5,4,5,7,4,4,7,4,5,1,20,2,55,2,7,4,5,7,20,8,20,10,16,,67,43,1,22,9,121.5611706,25.18076604
111,7,17,10,50,2,07信義區,信義區吳興街500巷與無名巷口,0,0,1,1,B03,8,1,5,30,3,2,1,5,4,5,7,4,4,10,5,5,2,14,1,43,3,10,3,4,7,2,1,8,1,7,,12,12,1,22,9,121.5689431,25.0231827
111,7,17,10,50,2,07信義區,信義區吳興街500巷與無名巷口,0,0,1,2,C03,8,1,5,30,3,2,1,5,4,5,7,4,4,10,5,5,2,14,1,45,2,7,3,4,7,9,1,9,1,11,,44,12,1,22,9,121.5689431,25.0231827
111,7,17,10,55,2,05中正區,中正區重慶南路3段與汀州路2段口,0,0,1,1,B01,8,1,5,50,4,1,1,5,4,5,7,2,1,2,4,5,2,3,1,65,3,10,1,1,7,5,1,4,2,8,,15,15,1,22,9,121.5163563,25.02571932
111,7,17,10,55,2,05中正區,中正區重慶南路3段與汀州路2段口,0,0,1,2,H01,8,1,5,50,4,1,1,5,4,5,7,2,1,2,4,5,2,3,2,72,2,1,4,5,8,16,8,20,10,16,,67,15,1,22,9,121.5163563,25.02571932
111,7,17,11,3,2,10文山區,文山區興隆路4段與木新路3段口,0,0,1,1,C03,8,1,5,50,3,1,1,5,4,5,7,2,1,9,4,5,2,12,2,69,2,7,1,1,7,5,1,10,1,14,,8,8,1,22,9,121.5625471,24.98209282
111,7,17,11,3,2,10文山區,文山區興隆路4段與木新路3段口,0,0,1,2,B03,8,1,5,50,3,1,1,5,4,5,7,2,1,9,4,5,2,12,2,45,3,10,1,1,7,9,1,8,1,5,,23,8,1,22,9,121.5625471,24.98209282
111,7,17,11,6,2,07信義區,信義區永吉路30巷158弄2號,0,0,1,1,C03,8,1,5,30,14,9,1,5,4,5,7,4,4,9,5,5,1,17,2,56,2,8,3,4,7,9,1,10,1,11,,23,23,1,22,9,121.5687099,25.0421576
111,7,17,11,6,2,07信義區,信義區永吉路30巷158弄2號,0,0,1,2,B03,8,1,5,30,14,9,1,5,4,5,7,4,4,9,5,5,1,17,1,47,3,10,3,4,7,14,1,8,1,7,,44,23,1,22,9,121.5687099,25.0421576
111,7,17,11,14,2,07信義區,信義區和平東路3段391巷8弄2號,0,0,2,1,C03,8,1,5,30,14,9,1,5,4,5,7,4,4,10,5,5,2,17,2,45,2,9,3,4,7,9,1,10,1,14,,17,17,1,22,9,121.5579503,25.02007556
111,7,17,11,14,2,07信義區,信義區和平東路3段391巷8弄2號,0,0,2,2,F01,8,1,5,30,14,9,1,5,4,5,7,4,4,10,5,5,2,17,2,61,2,9,3,4,7,9,8,20,2,16,,17,17,1,22,9,121.5579503,25.02007556
111,7,17,11,45,2,06松山區,松山區八德路4段260號,0,0,1,1,B01,8,1,5,50,14,9,1,5,4,5,7,2,1,9,4,5,2,16,1,61,3,10,1,1,7,5,1,4,1,7,,8,8,1,22,9,121.5662317,25.04904377
111,7,17,11,45,2,06松山區,松山區八德路4段260號,0,0,1,2,C03,8,1,5,50,14,9,1,5,4,5,7,2,1,9,4,5,2,16,1,33,2,9,1,1,7,9,1,10,1,11,,44,8,1,22,9,121.5662317,25.04904377
111,7,17,12,7,2,07信義區,信義區基隆路2段與基隆路2段39巷口,0,0,1,1,C03,8,1,5,50,3,2,1,5,4,5,7,4,4,1,4,5,2,15,1,18,2,7,1,1,7,9,1,10,1,14,,6,6,1,22,9,121.5587009,25.031417
111,7,17,12,7,2,07信義區,信義區基隆路2段與基隆路2段39巷口,0,0,1,2,B01,8,1,5,50,3,2,1,5,4,5,7,4,4,1,4,5,2,15,1,54,3,10,1,1,7,9,1,4,1,2,,14,6,1,22,9,121.5587009,25.031417
111,7,17,12,15,2,04大安區,大安區辛亥路2段往東方向台大體育館側門,0,0,1,1,C01,8,1,5,50,14,9,1,2,4,5,7,4,4,8,3,5,1,17,1,21,3,10,1,1,7,15,1,9,1,15,,42,42,1,21,5,121.535824,25.02224741
111,7,17,12,15,2,04大安區,大安區辛亥路2段往東方向台大體育館側門,0,0,1,2,C03,8,1,5,50,14,9,1,2,4,5,7,4,4,8,3,5,1,17,1,45,2,1,1,1,7,9,1,10,9,12,,44,42,1,5,1,121.535824,25.02224741
111,7,17,12,23,2,03中山區,中山區建國北路1段23號與八德路2段199巷口,0,0,2,1,C03,8,1,5,30,4,1,1,5,4,5,7,4,4,10,3,5,1,16,1,49,2,8,1,1,7,9,1,10,2,11,,6,6,1,22,9,121.5390519,25.047321
111,7,17,12,23,2,03中山區,中山區建國北路1段23號與八德路2段199巷口,0,0,2,2,B03,8,1,5,30,4,1,1,5,4,5,7,4,4,10,3,5,1,16,1,37,2,2,3,4,7,9,1,8,2,2,,44,6,1,22,9,121.5390519,25.047321
111,7,17,12,48,2,04大安區,大安區和平東路3段228巷28號,0,0,1,1,C03,8,1,5,50,14,9,1,5,4,5,7,4,4,10,4,5,2,16,2,44,2,8,1,1,7,9,1,10,1,15,,43,43,1,22,9,121.5541731,25.0217244
111,7,17,12,48,2,04大安區,大安區和平東路3段228巷28號,0,0,1,2,C03,8,1,5,50,14,9,1,5,4,5,7,4,4,10,4,5,2,16,1,54,3,10,1,1,7,5,1,10,1,12,,43,43,1,22,9,121.5541731,25.0217244
111,7,17,12,59,2,11南港區,南港區南港路2段18號,0,0,2,1,B12,8,1,5,50,14,7,1,5,4,5,7,4,4,5,5,4,2,16,1,50,3,10,3,4,7,11,1,8,1,4,,10,10,1,22,9,121.6016712,25.05589408
111,7,17,12,59,2,11南港區,南港區南港路2段18號,0,0,2,2,C03,8,1,5,50,14,7,1,5,4,5,7,4,4,5,5,4,2,16,1,32,2,9,1,1,7,9,1,10,1,12,,44,10,1,22,9,121.6016712,25.05589408
111,7,17,12,59,2,11南港區,南港區南港路2段18號,0,0,2,3,H02,8,1,5,50,14,7,1,5,4,5,7,4,4,5,5,4,2,16,1,32,2,9,4,5,7,20,8,20,10,16,,67,10,1,22,9,121.6016712,25.05589408
111,7,17,13,0,2,12內湖區,內湖區民權東路6段174巷與民權東路6段口,0,0,1,1,C03,8,1,5,50,3,2,1,5,4,5,7,4,4,1,4,5,2,13,1,20,2,9,1,1,7,9,1,9,1,11,,23,23,1,22,9,121.5919684,25.0688352
111,7,17,13,0,2,12內湖區,內湖區民權東路6段174巷與民權東路6段口,0,0,1,2,B01,8,1,5,50,3,2,1,5,4,5,7,4,4,1,4,5,2,13,1,69,3,10,1,1,7,6,1,4,1,6,,44,23,1,22,9,121.5919684,25.0688352
111,7,17,13,16,2,07信義區,信義區松仁路130號,0,0,1,1,C03,8,1,5,50,14,9,1,5,4,5,7,4,4,1,4,5,2,13,1,24,2,9,1,1,7,9,1,10,1,11,,23,23,1,22,9,121.5681831,25.0338466
111,7,17,13,16,2,07信義區,信義區松仁路130號,0,0,1,2,B01,8,1,5,50,14,9,1,5,4,5,7,4,4,1,4,5,2,13,1,54,3,10,1,1,7,15,1,8,1,7,,38,23,1,22,9,121.5681831,25.0338466
111,7,17,13,16,2,07信義區,信義區松仁路130號,0,0,1,3,B03,8,1,5,50,14,9,1,5,4,5,7,4,4,1,4,5,2,13,1,47,3,10,1,1,7,9,1,8,1,2,,44,23,1,22,9,121.5681831,25.0338466
111,7,17,13,28,2,12內湖區,內湖區瑞湖街與舊宗路2段121巷口,0,0,1,1,B03,8,1,5,50,4,1,1,5,4,5,7,2,1,5,5,5,1,16,1,58,3,10,1,1,7,6,1,8,1,2,,9,9,1,22,9,121.5764331,25.06900519
111,7,17,13,28,2,12內湖區,內湖區瑞湖街與舊宗路2段121巷口,0,0,1,2,C03,8,1,5,50,4,1,1,5,4,5,7,2,1,5,5,5,1,16,1,25,2,9,1,1,7,9,1,10,1,14,,23,9,1,22,9,121.5764331,25.06900519
111,7,17,13,40,2,03中山區,中山區建國北路1段與朱崙街口,0,0,1,1,B02,8,1,5,50,3,2,1,5,4,5,7,4,4,10,4,5,2,17,1,68,4,11,3,4,7,8,7,19,11,15,,7,7,1,22,9,121.5370584,25.04994724
111,7,17,13,40,2,03中山區,中山區建國北路1段與朱崙街口,0,0,1,2,C03,8,1,5,50,3,2,1,5,4,5,7,4,4,10,4,5,2,17,1,28,2,9,1,4,7,9,1,10,1,12,,23,7,1,22,9,121.5370584,25.04994724
111,7,17,14,4,2,05中正區,中正區鄭州路與承德路1段口,0,0,4,1,C03,8,1,5,40,5,1,1,5,4,5,7,2,1,1,4,5,2,15,1,32,2,9,1,1,7,9,1,9,1,11,,13,13,1,22,5,121.5163437,25.04865078
111,7,17,14,4,2,05中正區,中正區鄭州路與承德路1段口,0,0,4,2,C03,8,1,5,40,5,1,1,5,4,5,7,2,1,1,4,5,2,15,1,24,2,7,1,1,7,1,1,10,1,14,,25,13,1,22,5,121.5163437,25.04865078
111,7,17,14,4,2,05中正區,中正區鄭州路與承德路1段口,0,0,4,3,C03,8,1,5,40,5,1,1,5,4,5,7,2,1,1,4,5,2,15,1,39,2,8,1,1,7,1,1,10,1,14,,25,13,1,22,5,121.5163437,25.04865078
111,7,17,14,4,2,05中正區,中正區鄭州路與承德路1段口,0,0,4,4,C03,8,1,5,40,5,1,1,5,4,5,7,2,1,1,4,5,2,15,2,31,3,10,1,1,7,1,1,10,1,14,,25,13,1,5,5,121.5163437,25.04865078
111,7,17,14,4,2,05中正區,中正區鄭州路與承德路1段口,0,0,4,5,H02,8,1,5,40,5,1,1,5,4,5,7,2,1,1,4,5,2,15,2,35,2,8,1,5,7,20,8,20,10,16,,67,13,1,22,5,121.5163437,25.04865078
111,7,17,14,5,2,03中山區,中山區林森北路與雙城街49巷口,0,0,1,1,B03,8,1,5,50,4,1,1,5,4,5,7,4,4,5,5,5,2,16,1,42,3,10,1,1,7,11,1,8,1,8,,26,26,1,22,9,121.5257414,25.0679221
111,7,17,14,5,2,03中山區,中山區林森北路與雙城街49巷口,0,0,1,2,C04,8,1,5,50,4,1,1,5,4,5,7,4,4,5,5,5,2,16,2,22,2,9,1,1,7,9,1,10,1,11,,26,26,1,22,9,121.5257414,25.0679221
111,7,17,14,45,2,02萬華區,萬華區光復橋往台北市,0,0,1,1,C03,8,1,5,50,8,9,1,5,4,5,7,4,4,3,4,5,2,17,1,18,2,9,1,1,7,9,1,10,1,14,,44,44,1,22,9,121.4900703,25.02409765
111,7,17,14,45,2,02萬華區,萬華區光復橋往台北市,0,0,1,2,B12,8,1,5,50,8,9,1,5,4,5,7,4,4,3,4,5,2,17,1,56,4,11,3,4,7,21,7,19,9,15,,44,44,1,22,9,121.4900703,25.02409765
111,7,17,14,45,2,05中正區,中正區市民大道1段與承德路1段口,0,0,5,1,C03,8,1,5,50,4,1,1,5,4,5,7,1,1,10,3,5,2,15,1,23,2,9,1,1,7,9,1,10,2,14,,25,25,1,22,9,121.516429,25.04863525
111,7,17,14,45,2,05中正區,中正區市民大道1段與承德路1段口,0,0,5,2,C03,8,1,5,50,4,1,1,5,4,5,7,1,1,10,3,5,2,15,1,22,2,8,1,1,7,9,1,10,2,14,,25,25,1,22,9,121.516429,25.04863525
111,7,17,14,45,2,05中正區,中正區市民大道1段與承德路1段口,0,0,5,3,C03,8,1,5,50,4,1,1,5,4,5,7,1,1,10,3,5,2,15,1,29,3,10,1,1,7,9,1,10,2,14,,25,25,1,22,9,121.516429,25.04863525
111,7,17,14,45,2,05中正區,中正區市民大道1段與承德路1段口,0,0,5,4,C03,8,1,5,50,4,1,1,5,4,5,7,1,1,10,3,5,2,15,1,31,3,10,1,1,7,9,1,10,2,11,,14,25,1,22,9,121.516429,25.04863525
111,7,17,14,45,2,05中正區,中正區市民大道1段與承德路1段口,0,0,5,5,C03,8,1,5,50,4,1,1,5,4,5,7,1,1,10,3,5,2,15,1,28,2,9,1,1,7,9,1,10,2,11,,14,25,1,22,9,121.516429,25.04863525
111,7,17,14,45,2,05中正區,中正區市民大道1段與承德路1段口,0,0,5,6,C03,8,1,5,50,4,1,1,5,4,5,7,1,1,10,3,5,2,15,1,30,2,8,1,1,7,9,1,10,2,11,,14,25,1,22,9,121.516429,25.04863525
111,7,17,14,45,2,05中正區,中正區市民大道1段與承德路1段口,0,0,5,7,H02,8,1,5,50,4,1,1,5,4,5,7,1,1,10,3,5,2,15,2,51,2,8,1,5,7,21,8,20,10,16,,67,25,1,22,9,121.516429,25.04863525
111,7,17,15,0,2,11南港區,南港區忠孝東路6段與東新街口,0,0,1,1,C03,8,1,5,50,4,1,1,5,4,5,7,2,1,1,4,4,2,16,1,28,3,10,1,1,7,9,1,10,1,12,,23,23,1,22,9,121.5851518,25.0479414
111,7,17,15,0,2,11南港區,南港區忠孝東路6段與東新街口,0,0,1,2,C03,8,1,5,50,4,1,1,5,4,5,7,2,1,1,4,4,2,16,2,37,3,10,1,1,7,5,1,10,1,14,,44,23,1,22,9,121.5851518,25.0479414
111,7,17,15,0,2,11南港區,南港區忠孝東路6段與東新街口,0,0,1,3,H02,8,1,5,50,4,1,1,5,4,5,7,2,1,1,4,4,2,16,2,62,2,8,1,5,7,20,8,20,10,16,,67,23,1,22,9,121.5851518,25.0479414
111,7,17,15,30,2,06松山區,松山區南京東路4段50號,0,0,1,1,C03,8,1,5,50,14,9,1,5,4,5,7,4,4,1,4,4,1,13,2,18,2,9,1,1,7,9,1,10,1,11,,16,16,1,22,9,121.5534007,25.05156772
111,7,17,15,30,2,06松山區,松山區南京東路4段50號,0,0,1,2,B01,8,1,5,50,14,9,1,5,4,5,7,4,4,1,4,4,1,13,2,51,3,10,1,1,7,9,1,4,1,3,,44,16,1,22,9,121.5534007,25.05156772
111,7,17,15,40,2,01大同區,大同區太原路與太原路115巷口,0,0,1,1,B03,8,1,5,50,14,9,1,5,4,5,7,4,4,8,3,5,1,17,1,31,3,10,1,1,7,11,1,8,1,8,,10,10,1,22,9,121.5158545,25.05268099
111,7,17,15,40,2,01大同區,大同區太原路與太原路115巷口,0,0,1,2,C03,8,1,5,50,14,9,1,5,4,5,7,4,4,8,3,5,1,17,1,41,2,9,1,1,7,9,1,10,1,11,,23,10,1,22,9,121.5158545,25.05268099
111,7,17,15,55,2,12內湖區,內湖區江南街與江南街65巷口口,0,0,1,1,B12,8,1,5,50,4,1,1,5,4,5,7,2,1,5,4,5,2,16,1,47,3,10,1,1,7,5,1,8,1,6,,44,44,1,22,9,121.5775777,25.07743677
111,7,17,15,55,2,12內湖區,內湖區江南街與江南街65巷口口,0,0,1,2,C03,8,1,5,50,4,1,1,5,4,5,7,2,1,5,4,5,2,16,1,27,2,9,1,1,7,9,1,10,1,11,,25,44,1,22,9,121.5775777,25.07743677
111,7,17,16,15,2,04大安區,大安區敦化南路2段與安和路2段171巷口口,0,0,3,1,B03,8,1,5,50,4,2,1,5,4,5,7,1,1,1,3,1,1,15,1,29,2,8,1,1,7,9,1,8,1,1,,6,6,1,22,9,121.54899,25.02809323
111,7,17,16,15,2,04大安區,大安區敦化南路2段與安和路2段171巷口口,0,0,3,2,B03,8,1,5,50,4,2,1,5,4,5,7,1,1,1,3,1,1,15,1,54,2,4,1,1,7,9,1,4,1,1,,13,6,1,22,9,121.54899,25.02809323
111,7,17,16,15,2,04大安區,大安區敦化南路2段與安和路2段171巷口口,0,0,3,3,H02,8,1,5,50,4,2,1,5,4,5,7,1,1,1,3,1,1,15,2,27,2,8,1,1,7,21,8,20,1,15,,67,6,1,22,9,121.54899,25.02809323
111,7,17,16,20,2,03中山區,中山區林森北路428號前,0,0,1,1,C03,8,1,5,50,14,9,1,5,4,5,7,4,4,5,4,5,2,13,2,40,2,8,3,4,7,9,1,10,1,11,,23,23,1,19,9,121.5255306,25.0600428
111,7,17,16,20,2,03中山區,中山區林森北路428號前,0,0,1,2,B01,8,1,5,50,14,9,1,5,4,5,7,4,4,5,4,5,2,13,1,59,3,10,3,4,7,12,1,4,1,3,,14,23,1,10,9,121.5255306,25.0600428
111,7,17,16,20,2,07信義區,信義區市府路與松壽路口口,0,0,1,1,B03,8,1,5,50,4,1,1,5,4,5,7,2,1,5,4,5,1,11,1,28,3,10,1,1,7,5,1,8,1,1,,8,8,1,22,9,121.5634782,25.035846
111,7,17,16,20,2,07信義區,信義區市府路與松壽路口口,0,0,1,2,C03,8,1,5,50,4,1,1,5,4,5,7,2,1,5,4,5,1,11,1,28,2,9,1,1,7,9,1,10,1,11,,44,8,1,22,9,121.5634782,25.035846
111,7,17,16,55,2,10文山區,文山區忠順街1段26巷與忠順街1段26巷27弄口口,0,0,3,1,C03,8,1,5,30,4,1,1,5,4,5,7,4,4,10,5,5,2,15,1,24,2,9,1,1,7,9,1,10,1,12,,6,6,1,22,9,121.5597984,24.98205398
111,7,17,16,55,2,10文山區,文山區忠順街1段26巷與忠順街1段26巷27弄口口,0,0,3,2,C03,8,1,5,30,4,1,1,5,4,5,7,4,4,10,5,5,2,15,1,34,2,9,1,1,7,9,1,10,1,11,,26,6,1,22,9,121.5597984,24.98205398
111,7,17,16,55,2,10文山區,文山區忠順街1段26巷與忠順街1段26巷27弄口口,0,0,3,3,H02,8,1,5,30,4,1,1,5,4,5,7,4,4,10,5,5,2,15,2,23,2,8,1,5,7,21,8,20,10,15,,67,6,1,22,9,121.5597984,24.98205398
111,7,17,17,59,2,04大安區,大安區建國南路1段328號,0,0,1,1,C03,8,1,5,50,14,9,1,5,4,5,7,4,4,8,3,5,2,18,2,32,2,9,1,1,7,9,1,10,1,12,,23,23,1,22,9,121.5375812,25.03497669
111,7,17,17,59,2,04大安區,大安區建國南路1段328號,0,0,1,2,,8,1,5,50,14,9,1,5,4,5,7,4,4,8,3,5,2,18,3,,,,,,,,,,,,,67,23,1,,,121.5375812,25.03497669
111,7,17,18,5,2,07信義區,信義區基隆路2段151-7號,0,0,1,1,C04,7,1,5,50,14,9,1,5,4,5,7,4,4,1,4,5,2,18,1,20,2,9,1,1,7,9,1,10,2,12,,43,43,1,22,9,121.5543091,25.02588822
111,7,17,18,5,2,07信義區,信義區基隆路2段151-7號,0,0,1,2,,7,1,5,50,14,9,1,5,4,5,7,4,4,1,4,5,2,18,3,,,,,,,,,,,,,67,43,1,,,121.5543091,25.02588822
111,7,17,18,10,2,08士林區,士林區仰德大道3段5巷與仰德大道3段口,0,0,1,1,B03,8,2,5,40,3,1,1,5,4,5,7,1,1,5,5,5,1,17,1,57,3,10,1,1,7,5,1,4,1,6,,8,8,1,22,9,121.5504844,25.1141261
111,7,17,18,10,2,08士林區,士林區仰德大道3段5巷與仰德大道3段口,0,0,1,2,C03,8,2,5,40,3,1,1,5,4,5,7,1,1,5,5,5,1,17,1,65,2,9,1,1,7,9,1,10,1,11,,13,8,1,22,9,121.5504844,25.1141261
111,7,17,18,15,2,03中山區,中山區市民大道2段5巷與市民大道2段口,0,0,2,1,C03,8,1,5,30,3,1,1,5,4,5,7,4,4,1,4,5,1,16,1,22,3,10,1,1,7,6,1,10,1,14,,6,6,1,22,9,121.52142,25.0481333
111,7,17,18,15,2,03中山區,中山區市民大道2段5巷與市民大道2段口,0,0,2,2,C03,8,1,5,30,3,1,1,5,4,5,7,4,4,1,4,5,1,16,2,22,2,9,1,1,7,9,1,10,1,12,,44,6,1,22,9,121.52142,25.0481333
111,7,17,18,15,2,03中山區,中山區市民大道2段5巷與市民大道2段口,0,0,2,3,H02,8,1,5,30,3,1,1,5,4,5,7,4,4,1,4,5,1,16,2,48,2,9,1,5,7,20,8,20,10,16,,67,6,1,22,9,121.52142,25.0481333
111,7,17,18,37,2,07信義區,信義區莊敬路與吳興街225巷口,0,0,1,1,B03,8,1,5,50,14,9,1,5,4,5,7,1,1,9,4,4,2,12,1,64,3,10,3,4,7,6,1,8,1,2,,16,16,1,22,9,121.5634986,25.02804867
111,7,17,18,37,2,07信義區,信義區莊敬路與吳興街225巷口,0,0,1,2,C03,8,1,5,50,14,9,1,5,4,5,7,1,1,9,4,4,2,12,1,59,2,9,3,4,7,9,1,10,1,11,,44,16,1,22,9,121.5634986,25.02804867
111,7,17,18,56,2,03中山區,中山區市民大道3段與八德路2段口,0,0,2,1,B03,8,1,5,40,14,9,1,5,4,5,7,1,1,1,3,5,1,16,1,24,3,10,3,4,7,6,1,8,2,5,,9,9,1,22,9,121.5349219,25.04508261
111,7,17,18,56,2,03中山區,中山區市民大道3段與八德路2段口,0,0,2,2,C03,8,1,5,40,14,9,1,5,4,5,7,1,1,1,3,5,1,16,2,22,2,9,1,4,7,9,1,10,2,14,,44,9,1,22,9,121.5349219,25.04508261
111,7,17,18,56,2,03中山區,中山區市民大道3段與八德路2段口,0,0,2,3,H02,8,1,5,40,14,9,1,5,4,5,7,1,1,1,3,5,1,16,2,22,2,9,1,5,7,17,8,20,10,16,,67,9,1,22,9,121.5349219,25.04508261
111,7,17,19,6,2,10文山區,文山區羅斯福路6段24號,0,0,2,1,C03,8,3,5,50,14,9,1,5,4,5,7,4,4,1,4,5,2,12,2,51,2,9,1,1,7,8,1,10,1,11,,7,7,1,22,9,121.5396278,25.00005634
111,7,17,19,6,2,10文山區,文山區羅斯福路6段24號,0,0,2,2,C03,8,3,5,50,14,9,1,5,4,5,7,4,4,1,4,5,2,12,2,38,2,9,1,1,7,9,1,10,1,14,,44,7,1,22,9,121.5396278,25.00005634
111,7,17,19,18,2,01大同區,大同區承德路3段與庫倫街口,0,0,1,1,C03,8,3,5,50,4,3,1,5,4,5,7,2,1,5,2,4,2,12,2,37,2,9,1,1,7,5,1,10,1,14,,8,8,1,22,9,121.518745,25.07193245