發生年度,發生月,發生日,發生時-Hours,發生分,處理別-編號,區序,肇事地點,死亡人數,2-30日死亡人數,受傷人數,當事人序號,車種,天候,光線,道路類別,速限-速度限制,道路型態,事故位置,路面狀況1,路面狀況2,路面狀況3,道路障礙1,道路障礙2,號誌1,號誌2,車道劃分-分向,車道劃分-分道1,車道劃分-分道2,車道劃分-分道3,事故類型及型態,性別,年齡,受傷程度,主要傷處,安全帽,行動電話,車輛用途,當事者行動狀態,駕駛資格情形,駕駛執照種類,飲酒情形,車輛撞擊部位1,車輛撞擊部位2,肇因碼-個別,肇因碼-主要,個人肇逃否,職業,旅次目的,座標-X,座標-Y
111,7,17,19,18,2,01大同區,大同區承德路3段與庫倫街口,0,0,1,2,A04,8,3,5,50,4,3,1,5,4,5,7,2,1,5,2,4,2,12,1,47,3,10,1,1,7,1,1,2,1,5,,44,8,1,22,9,121.518745,25.07193245
111,7,17,19,30,2,05中正區,中正區濟南路2段與臨沂街口口,0,0,2,1,B01,8,3,5,30,4,2,1,5,4,5,7,4,4,9,4,5,1,15,1,47,3,10,1,1,7,9,1,4,2,8,,6,6,1,21,1,121.5300585,25.0406364
111,7,17,19,30,2,05中正區,中正區濟南路2段與臨沂街口口,0,0,2,2,C03,8,3,5,30,4,2,1,5,4,5,7,4,4,9,4,5,1,15,1,23,2,7,1,1,7,9,1,10,2,11,,14,6,1,21,5,121.5300585,25.0406364
111,7,17,19,30,2,05中正區,中正區濟南路2段與臨沂街口口,0,0,2,3,H02,8,3,5,30,4,2,1,5,4,5,7,4,4,9,4,5,1,15,2,22,2,8,1,5,7,20,8,20,10,16,,67,6,1,21,5,121.5300585,25.0406364
111,7,17,20,15,2,03中山區,中山區林森北路與林森北路383巷口,0,0,1,1,C03,8,3,5,50,3,1,1,5,4,5,7,4,4,9,4,5,2,17,1,58,3,10,1,4,7,1,1,10,1,11,,19,19,1,22,9,121.5255435,25.0585296
111,7,17,20,15,2,03中山區,中山區林森北路與林森北路383巷口,0,0,1,2,C03,8,3,5,50,3,1,1,5,4,5,7,4,4,9,4,5,2,17,1,19,2,9,1,4,7,9,1,10,1,12,,44,19,1,22,9,121.5255435,25.0585296
111,7,17,20,20,2,12內湖區,內湖區五分街68號與東湖路16巷10弄口口,0,0,2,1,C04,8,3,5,30,4,1,1,5,4,5,7,4,4,10,5,5,2,12,2,29,3,10,1,1,7,5,1,11,1,14,,8,8,1,22,9,121.6164013,25.06716908
111,7,17,20,20,2,12內湖區,內湖區五分街68號與東湖路16巷10弄口口,0,0,2,2,C03,8,3,5,30,4,1,1,5,4,5,7,4,4,10,5,5,2,12,1,51,2,9,1,1,7,4,1,10,1,12,14,23,8,1,22,9,121.6164013,25.06716908
111,7,17,20,20,2,12內湖區,內湖區五分街68號與東湖路16巷10弄口口,0,0,2,3,H02,8,3,5,30,4,1,1,5,4,5,7,4,4,10,5,5,2,12,2,13,2,9,1,5,7,20,8,20,10,16,,67,8,1,22,9,121.6164013,25.06716908
111,7,17,20,55,2,12內湖區,內湖區陽光街與文德路22巷口,0,0,1,1,B03,8,3,5,50,4,1,1,5,4,5,7,2,1,9,4,5,2,16,1,51,3,10,3,4,7,5,1,8,1,8,,8,8,1,22,9,121.5810407,25.07455476
111,7,17,20,55,2,12內湖區,內湖區陽光街與文德路22巷口,0,0,1,2,C03,8,3,5,50,4,1,1,5,4,5,7,2,1,9,4,5,2,16,1,18,2,9,1,1,7,9,1,8,1,14,,14,8,1,22,9,121.5810407,25.07455476
111,7,17,22,20,2,08士林區,士林區芝玉路1段與芝玉路1段223巷口,0,0,1,1,C03,8,3,5,30,3,1,1,5,4,5,7,4,4,10,5,5,1,12,1,32,3,10,1,1,7,5,1,10,1,14,,8,8,1,22,9,121.533613,25.10892625
111,7,17,22,20,2,08士林區,士林區芝玉路1段與芝玉路1段223巷口,0,0,1,2,C03,8,3,5,30,3,1,1,5,4,5,7,4,4,10,5,5,1,12,2,31,2,9,1,1,7,9,1,10,1,12,,5,8,1,22,9,121.533613,25.10892625
111,7,17,22,50,2,03中山區,中山區中山北路3段與民族東路口,0,0,1,1,C03,7,3,5,50,4,1,1,5,4,5,7,2,1,1,4,4,2,17,1,28,3,10,3,4,7,8,1,10,2,15,,7,7,1,22,9,121.522872,25.0684716
111,7,17,22,50,2,03中山區,中山區中山北路3段與民族東路口,0,0,1,2,C03,7,3,5,50,4,1,1,5,4,5,7,2,1,1,4,4,2,17,1,28,2,9,3,4,7,9,1,10,2,12,,44,7,1,22,9,121.522872,25.0684716
111,7,17,23,30,2,11南港區,南港區市民大道7段與東新街口,0,0,1,1,,8,3,5,50,4,1,1,5,4,5,7,2,1,4,3,5,2,29,3,,,,,,,,,,,,,66,66,1,,,121.5836003,25.0498211
111,7,17,23,30,2,11南港區,南港區市民大道7段與東新街口,0,0,1,2,C03,8,3,5,50,4,1,1,5,4,5,7,2,1,4,3,5,2,29,1,50,2,9,3,4,7,9,1,10,2,15,,44,66,1,22,9,121.5836003,25.0498211
111,7,17,23,53,2,09北投區,北投區自強街與致遠一路1段口,0,0,2,1,C03,7,3,5,50,4,1,1,5,4,5,7,3,1,10,5,5,2,16,1,53,2,9,1,1,7,9,1,10,2,11,,6,6,1,22,9,121.5146924,25.11061794
111,7,17,23,53,2,09北投區,北投區自強街與致遠一路1段口,0,0,2,2,C03,7,3,5,50,4,1,1,5,4,5,7,3,1,10,5,5,2,16,1,20,2,9,1,1,7,9,1,10,2,11,,44,6,1,22,9,121.5146924,25.11061794
111,7,18,0,34,2,09北投區,北投區石牌路1段71巷9弄與石牌路1段71巷口,0,0,1,1,C03,7,3,5,30,4,1,1,5,4,5,7,4,4,10,5,5,2,16,2,21,2,9,1,1,7,9,1,10,2,14,,6,6,1,22,9,121.5110525,25.11409407
111,7,18,0,34,2,09北投區,北投區石牌路1段71巷9弄與石牌路1段71巷口,0,0,1,2,B03,7,3,5,30,4,1,1,5,4,5,7,4,4,10,5,5,2,16,2,46,3,10,1,1,7,9,1,8,2,1,,23,6,1,22,9,121.5110525,25.11409407
111,7,18,0,34,2,09北投區,北投區石牌路1段71巷9弄與石牌路1段71巷口,0,0,1,3,B03,7,3,5,30,4,1,1,5,4,5,7,4,4,10,5,5,2,16,2,53,3,10,1,1,7,13,1,8,11,5,,44,6,1,22,9,121.5110525,25.11409407
111,7,18,1,9,2,03中山區,中山區林森北路409號,0,0,2,1,H01,8,3,5,0,14,9,1,5,4,5,7,4,4,5,5,5,2,3,1,41,2,9,4,5,8,16,8,20,10,16,,51,51,1,22,9,121.5256254,25.05972623
111,7,18,1,9,2,03中山區,中山區林森北路409號,0,0,2,2,C03,8,3,5,0,14,9,1,5,4,5,7,4,4,5,5,5,2,3,1,28,3,10,1,1,7,9,1,10,1,11,,23,51,1,22,9,121.5256254,25.05972623
111,7,18,1,9,2,03中山區,中山區林森北路409號,0,0,2,3,H02,8,3,5,0,14,9,1,5,4,5,7,4,4,5,5,5,2,3,2,25,2,9,4,5,7,20,8,20,10,16,,67,51,1,22,9,121.5256254,25.05972623
111,7,18,5,45,2,10文山區,文山區和平東路4段第19號燈桿,0,0,1,1,C03,8,1,5,40,11,9,1,5,4,5,1,4,4,5,2,5,1,18,2,18,2,9,3,4,7,15,1,10,1,12,,43,43,1,22,9,121.5714909,25.00433113
111,7,18,5,45,2,10文山區,文山區和平東路4段第19號燈桿,0,0,1,2,,8,1,5,40,11,9,1,5,4,5,1,4,4,5,2,5,1,18,3,,,,,,,,,,,,,67,43,1,,,121.5714909,25.00433113
111,7,18,7,12,2,08士林區,士林區至善路3段55號,0,0,2,1,C03,8,1,5,50,14,9,1,5,4,5,7,4,4,5,4,5,2,16,1,67,2,9,3,4,7,5,6,18,1,12,,8,8,1,22,9,121.5646372,25.11287694
111,7,18,7,12,2,08士林區,士林區至善路3段55號,0,0,2,2,C03,8,1,5,50,14,9,1,5,4,5,7,4,4,5,4,5,2,16,1,24,2,9,3,4,7,9,1,10,1,11,,13,8,1,22,9,121.5646372,25.11287694
111,7,18,7,12,2,08士林區,士林區至善路3段55號,0,0,2,3,B03,8,1,5,50,14,9,1,5,4,5,7,4,4,5,4,5,2,16,2,42,3,10,3,4,7,14,1,8,1,3,,44,8,1,22,9,121.5646372,25.11287694
111,7,18,7,33,2,08士林區,士林區華齡街與後港街134巷口,0,0,1,1,B02,8,1,8,30,15,22,1,5,4,5,7,3,1,10,5,5,2,16,2,40,3,10,1,1,7,9,1,8,2,5,,25,25,1,22,9,121.519505,25.08679113
111,7,18,7,33,2,08士林區,士林區華齡街與後港街134巷口,0,0,1,2,C03,8,1,8,30,15,22,1,5,4,5,7,3,1,10,5,5,2,16,1,40,2,8,1,1,7,9,6,18,2,11,,14,25,1,22,9,121.519505,25.08679113
111,7,18,8,12,2,10文山區,文山區木柵路1段381號,0,0,1,1,B03,8,1,5,50,14,9,1,5,4,5,7,4,4,5,4,5,2,16,1,31,3,10,1,1,7,8,1,8,2,2,,7,7,1,22,9,121.5587067,24.9888069
111,7,18,8,12,2,10文山區,文山區木柵路1段381號,0,0,1,2,C03,8,1,5,50,14,9,1,5,4,5,7,4,4,5,4,5,2,16,1,33,2,9,1,1,7,9,1,10,2,14,,44,7,1,22,9,121.5587067,24.9888069
111,7,18,8,25,2,12內湖區,內湖區東湖路113巷99號,0,0,1,1,B03,8,1,5,50,14,9,1,5,4,5,7,1,1,5,5,5,1,11,2,59,3,10,1,1,7,1,1,8,2,5,,23,23,1,22,9,121.6154861,25.07217492
111,7,18,8,25,2,12內湖區,內湖區東湖路113巷99號,0,0,1,2,C03,8,1,5,50,14,9,1,5,4,5,7,1,1,5,5,5,1,11,2,63,2,9,1,1,7,1,6,10,2,14,,19,23,1,22,9,121.6154861,25.07217492
111,7,18,8,40,2,09北投區,北投區大度路1段2號加油站出口(東往西方向),0,0,2,1,C03,8,1,5,50,14,9,1,5,4,5,7,4,4,9,4,5,1,12,1,29,2,9,1,1,7,9,1,10,2,14,,16,16,1,22,9,121.4987483,25.12128801
111,7,18,8,40,2,09北投區,北投區大度路1段2號加油站出口(東往西方向),0,0,2,2,C03,8,1,5,50,14,9,1,5,4,5,7,4,4,9,4,5,1,12,1,37,2,9,1,1,7,9,1,10,2,14,,44,16,1,22,9,121.4987483,25.12128801
111,7,18,9,7,2,08士林區,士林區中正路639號,0,0,1,1,C03,8,1,5,50,14,9,1,5,4,5,7,4,4,1,4,5,2,16,2,32,2,7,3,4,7,7,1,10,1,14,,7,7,1,22,9,121.5080287,25.08628937
111,7,18,9,7,2,08士林區,士林區中正路639號,0,0,1,2,B03,8,1,5,50,14,9,1,5,4,5,7,4,4,1,4,5,2,16,1,41,3,10,3,4,7,9,1,8,1,5,,44,7,1,22,9,121.5080287,25.08628937
111,7,18,9,40,2,12內湖區,內湖區康寧路3段99巷與康寧路3段99巷12弄口,0,0,1,1,B03,8,1,5,30,4,1,1,5,4,5,7,4,4,10,5,5,2,16,2,51,3,10,1,1,7,6,1,8,1,5,,6,6,1,22,9,121.6107141,25.07276028
111,7,18,9,40,2,12內湖區,內湖區康寧路3段99巷與康寧路3段99巷12弄口,0,0,1,2,C03,8,1,5,30,4,1,1,5,4,5,7,4,4,10,5,5,2,16,2,49,2,9,1,1,7,9,1,10,1,13,,44,6,1,22,9,121.6107141,25.07276028
111,7,18,11,35,2,10文山區,文山區木新路3段232巷與木新路3段232巷7弄口口,0,0,2,1,C03,8,1,5,30,4,1,1,5,4,5,7,4,4,10,5,5,2,16,1,47,2,8,1,1,7,9,1,10,1,14,,6,6,1,22,9,121.5589602,24.981878
111,7,18,11,35,2,10文山區,文山區木新路3段232巷與木新路3段232巷7弄口口,0,0,2,2,C03,8,1,5,30,4,1,1,5,4,5,7,4,4,10,5,5,2,16,2,38,2,8,1,1,7,9,1,10,1,12,,14,6,1,22,9,121.5589602,24.981878
111,7,18,12,15,2,06松山區,松山區南京東路5段與三民路口,0,0,1,1,B03,8,1,5,50,4,1,1,5,4,5,7,2,1,10,5,5,2,12,1,60,3,10,1,1,7,7,1,8,1,4,,7,7,1,22,9,121.5638992,25.05148429
111,7,18,12,15,2,06松山區,松山區南京東路5段與三民路口,0,0,1,2,B03,8,1,5,50,4,1,1,5,4,5,7,2,1,10,5,5,2,12,1,59,3,10,1,1,7,9,1,8,1,1,,23,7,1,22,9,121.5638992,25.05148429
111,7,18,12,15,2,06松山區,松山區南京東路5段與三民路口,0,0,1,3,C03,8,1,5,50,4,1,1,5,4,5,7,2,1,10,5,5,2,12,1,52,2,9,1,1,7,14,1,10,1,12,,38,7,1,22,9,121.5638992,25.05148429
111,7,18,12,22,2,12內湖區,內湖區陽光街與瑞光路口,0,0,1,1,B02,8,1,5,50,4,1,1,5,4,5,7,1,1,5,4,5,2,12,1,40,3,10,1,1,7,6,1,4,1,2,,17,17,1,22,9,121.5792488,25.07360019
111,7,18,12,22,2,12內湖區,內湖區陽光街與瑞光路口,0,0,1,2,C03,8,1,5,50,4,1,1,5,4,5,7,1,1,5,4,5,2,12,1,34,2,7,1,1,7,6,1,10,1,14,,44,17,1,22,9,121.5792488,25.07360019
111,7,18,12,30,2,04大安區,大安區羅斯福路4段113巷13號前,0,0,2,1,C03,8,1,5,30,14,9,1,5,4,5,7,3,1,8,3,5,1,12,1,70,2,9,1,1,7,12,1,10,1,12,,23,23,1,21,5,121.5389579,25.01128842
111,7,18,12,30,2,04大安區,大安區羅斯福路4段113巷13號前,0,0,2,2,C03,8,1,5,30,14,9,1,5,4,5,7,3,1,8,3,5,1,12,2,33,2,7,1,1,7,12,1,10,1,14,,44,23,1,5,1,121.5389579,25.01128842
111,7,18,12,58,2,10文山區,文山區木柵路2段4號,0,0,1,1,C03,8,1,5,50,14,9,1,5,4,5,7,4,4,5,4,4,2,16,2,25,2,9,1,1,7,8,1,10,1,12,,7,7,1,22,9,121.5579326,24.9887125
111,7,18,12,58,2,10文山區,文山區木柵路2段4號,0,0,1,2,B03,8,1,5,50,14,9,1,5,4,5,7,4,4,5,4,4,2,16,2,49,3,10,1,1,7,9,1,8,1,4,,44,7,1,22,9,121.5579326,24.9887125
111,7,18,13,6,2,05中正區,中正區愛國東路34號,0,0,1,1,C03,8,1,5,50,14,7,1,5,4,5,7,1,1,1,4,4,2,12,1,20,3,10,1,1,7,8,1,10,2,13,,7,7,1,22,9,121.5181817,25.0340868
111,7,18,13,6,2,05中正區,中正區愛國東路34號,0,0,1,2,C04,8,1,5,50,14,7,1,5,4,5,7,1,1,1,4,4,2,12,1,25,2,9,1,1,7,9,1,10,2,14,,42,7,1,22,9,121.5181817,25.0340868
111,7,18,13,31,2,03中山區,中山區松江路與農安街口,0,0,2,1,C03,8,1,5,50,14,9,1,5,4,5,7,2,1,3,4,4,2,16,2,21,2,9,1,1,7,5,1,10,1,14,,25,25,1,22,9,121.5332819,25.06473512
111,7,18,13,31,2,03中山區,中山區松江路與農安街口,0,0,2,2,B03,8,1,5,50,14,9,1,5,4,5,7,2,1,3,4,4,2,16,1,73,3,10,1,1,7,1,1,8,1,1,,26,25,1,22,9,121.5332819,25.06473512
111,7,18,13,31,2,03中山區,中山區松江路與農安街口,0,0,2,3,H02,8,1,5,50,14,9,1,5,4,5,7,2,1,3,4,4,2,16,2,21,2,9,4,5,7,21,8,20,10,16,,67,25,1,22,9,121.5332819,25.06473512
111,7,18,13,34,2,09北投區,北投區中央北路4段48號,0,0,2,1,B01,8,1,5,50,14,9,1,5,4,5,7,3,1,4,4,5,2,17,1,51,3,10,1,1,7,11,1,4,1,8,,10,10,1,22,9,121.477441,25.1346274
111,7,18,13,34,2,09北投區,北投區中央北路4段48號,0,0,2,2,C03,8,1,5,50,14,9,1,5,4,5,7,3,1,4,4,5,2,17,1,19,2,9,1,1,7,9,1,10,1,11,,44,10,1,22,9,121.477441,25.1346274
111,7,18,13,34,2,09北投區,北投區中央北路4段48號,0,0,2,3,H02,8,1,5,50,14,9,1,5,4,5,7,3,1,4,4,5,2,17,2,21,2,8,1,5,7,21,8,20,10,16,,67,10,1,22,9,121.477441,25.1346274
111,7,18,13,44,2,03中山區,中山區南京東路3段與建國北路1段口,0,0,1,1,B01,8,1,5,50,4,2,1,5,4,5,7,1,1,5,4,4,2,13,1,42,3,10,1,1,7,11,1,4,1,8,,16,16,1,22,9,121.5367655,25.0521509
111,7,18,13,44,2,03中山區,中山區南京東路3段與建國北路1段口,0,0,1,2,C03,8,1,5,50,4,2,1,5,4,5,7,1,1,5,4,4,2,13,2,31,2,9,1,1,7,14,1,10,1,13,,44,16,1,22,9,121.5367655,25.0521509
111,7,18,13,56,2,11南港區,南港區南港路2段與興南街口,0,0,1,1,B03,8,1,5,50,3,1,1,5,4,5,7,1,1,10,5,5,2,13,1,52,3,10,3,4,7,9,1,8,1,1,,23,23,1,22,9,121.5975973,25.0540588
111,7,18,13,56,2,11南港區,南港區南港路2段與興南街口,0,0,1,2,B03,8,1,5,50,3,1,1,5,4,5,7,1,1,10,5,5,2,13,1,48,2,2,3,4,7,14,1,8,1,3,,44,23,1,22,9,121.5975973,25.0540588
111,7,18,14,15,2,05中正區,中正區館前路與開封街1段口,0,0,1,1,C03,8,1,5,50,3,1,1,5,4,5,7,4,4,7,4,5,1,12,2,29,2,9,1,1,7,5,1,10,2,14,,8,8,1,22,9,121.51496,25.0459636
111,7,18,14,15,2,05中正區,中正區館前路與開封街1段口,0,0,1,2,B01,8,1,5,50,3,1,1,5,4,5,7,4,4,7,4,5,1,12,1,60,3,10,1,1,7,9,1,4,2,2,,26,8,1,22,9,121.51496,25.0459636
111,7,18,14,30,2,12內湖區,內湖區成功路5段與康湖路口,0,0,1,1,B03,8,1,5,50,3,1,1,5,4,5,7,1,1,1,4,5,2,16,1,27,3,10,1,1,7,9,1,8,2,5,,25,25,1,22,9,121.6064524,25.08202214
111,7,18,14,30,2,12內湖區,內湖區成功路5段與康湖路口,0,0,1,2,C03,8,1,5,50,3,1,1,5,4,5,7,1,1,1,4,5,2,16,1,36,2,9,1,1,7,5,1,10,2,11,,25,25,1,22,9,121.6064524,25.08202214
111,7,18,14,30,2,12內湖區,內湖區康寧路3段與東湖路口,0,0,1,1,C03,8,1,5,40,3,2,1,5,4,5,7,2,1,1,4,4,2,13,1,56,4,11,3,4,7,5,7,19,11,15,,8,8,2,22,9,121.6120228,25.06922219
111,7,18,14,30,2,12內湖區,內湖區康寧路3段與東湖路口,0,0,1,2,F01,8,1,5,40,3,2,1,5,4,5,7,2,1,1,4,4,2,13,1,22,2,9,1,1,7,12,8,20,1,15,,42,8,1,22,9,121.6120228,25.06922219
111,7,18,14,30,2,12內湖區,內湖區成功路5段152巷與成功路5段口,0,0,1,1,C03,8,1,5,50,3,1,1,5,4,5,7,1,1,1,4,4,2,13,2,19,2,9,1,1,7,9,1,10,1,11,,16,16,1,22,9,121.6040668,25.0830068
111,7,18,14,30,2,12內湖區,內湖區成功路5段152巷與成功路5段口,0,0,1,2,B03,8,1,5,50,3,1,1,5,4,5,7,1,1,1,4,4,2,13,1,39,3,10,1,1,7,12,1,8,1,3,,44,16,1,22,9,121.6040668,25.0830068
111,7,18,15,20,2,08士林區,士林區克強路與磺溪便道口,0,0,1,1,G03,8,1,5,30,4,1,1,5,4,5,7,4,4,5,5,5,1,15,1,29,3,10,1,1,7,9,7,19,1,6,,6,6,1,21,8,121.5225073,25.10921784
111,7,18,15,20,2,08士林區,士林區克強路與磺溪便道口,0,0,1,2,B03,8,1,5,30,4,1,1,5,4,5,7,4,4,5,5,5,1,15,1,42,3,10,1,1,7,9,1,8,1,6,,14,6,1,21,8,121.5225073,25.10921784
111,7,18,15,20,2,08士林區,士林區克強路與磺溪便道口,0,0,1,3,H02,8,1,5,30,4,1,1,5,4,5,7,4,4,5,5,5,1,15,2,40,2,9,1,5,7,17,8,20,10,16,,67,6,1,21,8,121.5225073,25.10921784
111,7,18,15,32,2,07信義區,信義區忠孝東路5段536號,0,0,1,1,B01,8,1,8,50,14,9,1,5,4,5,7,1,1,3,4,5,2,12,1,69,3,10,1,1,7,8,1,4,1,6,,6,6,1,22,9,121.5796498,25.04174576
111,7,18,15,32,2,07信義區,信義區忠孝東路5段536號,0,0,1,2,C03,8,1,8,50,14,9,1,5,4,5,7,1,1,3,4,5,2,12,1,41,2,9,1,1,7,9,1,10,1,11,,44,6,1,22,9,121.5796498,25.04174576
111,7,18,16,20,2,02萬華區,萬華區華中橋機車道往新北市華中031,0,0,2,3,C03,7,1,5,40,8,11,1,5,4,5,7,4,4,10,4,5,1,17,1,31,2,8,1,1,7,9,1,10,2,11,,16,44,1,22,9,121.4953922,25.01369353
111,7,18,16,20,2,02萬華區,萬華區華中橋機車道往新北市華中031,0,0,2,2,C03,7,1,5,40,8,11,1,5,4,5,7,4,4,10,4,5,1,17,1,32,2,7,1,1,7,9,1,10,2,13,,44,44,1,22,9,121.4953922,25.01369353
111,7,18,16,20,2,02萬華區,萬華區華中橋機車道往新北市華中031,0,0,2,4,C03,7,1,5,40,8,11,1,5,4,5,7,4,4,10,4,5,1,17,1,18,3,10,1,1,7,9,1,10,2,11,,16,44,1,22,9,121.4953922,25.01369353
111,7,18,16,20,2,02萬華區,萬華區華中橋機車道往新北市華中031,0,0,2,1,C03,7,1,5,40,8,11,1,5,4,5,7,4,4,10,4,5,1,17,2,36,3,10,1,1,7,15,1,10,2,13,,44,44,1,22,9,121.4953922,25.01369353
111,7,18,16,57,2,04大安區,大安區羅斯福路2段95號,0,0,3,1,C03,6,1,5,50,14,9,1,4,4,5,7,4,4,8,3,5,2,12,1,25,2,9,1,1,7,9,1,10,1,11,,16,16,1,22,9,121.5242107,25.02488272
111,7,18,16,57,2,04大安區,大安區羅斯福路2段95號,0,0,3,2,C03,6,1,5,50,14,9,1,4,4,5,7,4,4,8,3,5,2,12,1,34,2,8,1,1,7,9,1,10,1,11,,44,16,1,22,9,121.5242107,25.02488272
111,7,18,16,57,2,04大安區,大安區羅斯福路2段95號,0,0,3,3,C03,6,1,5,50,14,9,1,4,4,5,7,4,4,8,3,5,2,12,1,21,3,10,1,1,7,9,1,10,1,13,,44,16,1,22,9,121.5242107,25.02488272
111,7,18,16,57,2,04大安區,大安區羅斯福路2段95號,0,0,3,4,B01,6,1,5,50,14,9,1,4,4,5,7,4,4,8,3,5,2,12,1,57,4,11,3,4,7,15,1,4,11,15,,44,16,2,22,9,121.5242107,25.02488272
111,7,18,16,57,2,04大安區,大安區羅斯福路2段95號,0,0,3,5,H02,6,1,5,50,14,9,1,4,4,5,7,4,4,8,3,5,2,12,2,32,2,9,4,5,7,20,8,20,10,15,,67,16,1,22,9,121.5242107,25.02488272
111,7,18,17,6,2,11南港區,南港區忠孝東路6段278巷10號,0,0,3,1,C03,6,1,5,30,14,9,1,4,4,5,7,4,4,9,5,5,2,3,1,43,2,9,1,1,7,9,1,10,2,11,,5,5,1,22,9,121.5893114,25.04892321
111,7,18,17,6,2,11南港區,南港區忠孝東路6段278巷10號,0,0,3,2,H01,6,1,5,30,14,9,1,4,4,5,7,4,4,9,5,5,2,3,2,53,2,9,4,5,8,18,8,20,10,16,,51,5,1,22,9,121.5893114,25.04892321
111,7,18,17,6,2,11南港區,南港區忠孝東路6段278巷10號,0,0,3,3,H02,6,1,5,30,14,9,1,4,4,5,7,4,4,9,5,5,2,3,2,71,2,9,4,5,7,20,8,20,10,16,,67,5,1,22,9,121.5893114,25.04892321
111,7,18,17,14,2,08士林區,士林區大南路303號前,0,0,2,1,C03,8,1,5,50,14,9,1,5,4,5,7,4,4,5,5,5,1,16,1,71,3,10,1,1,7,7,1,10,1,13,,7,7,1,21,8,121.5185567,25.08885287
111,7,18,17,14,2,08士林區,士林區大南路303號前,0,0,2,2,C03,8,1,5,50,14,9,1,5,4,5,7,4,4,5,5,5,1,16,2,20,2,9,1,1,7,9,1,10,1,11,,23,7,1,21,8,121.5185567,25.08885287
111,7,18,17,14,2,08士林區,士林區大南路303號前,0,0,2,3,H02,8,1,5,50,14,9,1,5,4,5,7,4,4,5,5,5,1,16,2,20,2,8,1,1,7,17,8,20,10,16,,67,7,1,21,8,121.5185567,25.08885287
111,7,18,17,30,2,04大安區,大安區基隆路2段261號,0,0,1,1,C03,6,1,5,50,14,9,1,4,4,5,7,1,1,8,3,5,2,18,2,23,2,9,1,1,7,9,1,10,1,14,,43,43,1,22,9,121.5503139,25.02230549
111,7,18,17,30,2,04大安區,大安區基隆路2段261號,0,0,1,2,,6,1,5,50,14,9,1,4,4,5,7,1,1,8,3,5,2,18,3,,,,,,,,,,9,,,67,43,,,,121.5503139,25.02230549
111,7,18,17,34,2,07信義區,信義區基隆路2段7號,0,0,1,1,C03,6,1,5,50,14,9,1,4,4,5,7,4,4,1,3,5,2,17,1,65,2,9,3,4,7,9,3,18,2,12,,42,42,1,22,9,121.5594332,25.0326528
111,7,18,17,34,2,07信義區,信義區基隆路2段7號,0,0,1,2,B03,6,1,5,50,14,9,1,4,4,5,7,4,4,1,3,5,2,17,2,44,3,10,3,4,7,14,1,8,2,7,,44,42,1,22,9,121.5594332,25.0326528
111,7,18,17,36,2,03中山區,中山區中原街與錦州街口,0,0,1,1,C03,6,1,5,50,4,2,1,4,4,5,7,1,1,5,4,4,2,17,1,33,2,9,3,4,7,9,1,10,1,14,,42,42,1,7,9,121.5290846,25.0603777
111,7,18,17,36,2,03中山區,中山區中原街與錦州街口,0,0,1,2,B03,6,1,5,50,4,2,1,4,4,5,7,1,1,5,4,4,2,17,1,40,3,10,3,4,7,8,1,8,1,15,,44,42,1,22,9,121.5290846,25.0603777
111,7,18,17,40,2,08士林區,士林區忠誠路1段與忠義街口,0,0,1,1,B02,8,2,5,50,4,2,1,5,4,5,7,2,1,5,5,5,1,17,2,27,3,10,1,1,7,6,1,8,1,5,,9,9,1,21,8,121.5291185,25.10553936
111,7,18,17,40,2,08士林區,士林區忠誠路1段與忠義街口,0,0,1,2,C03,8,2,5,50,4,2,1,5,4,5,7,2,1,5,5,5,1,17,1,23,2,8,1,1,7,9,1,10,1,11,,44,9,1,21,8,121.5291185,25.10553936
111,7,18,17,40,2,12內湖區,內湖區新湖三路與民善街口,0,0,1,1,B01,8,1,5,50,4,1,1,4,4,5,7,1,1,5,4,5,2,17,1,63,3,10,1,1,7,5,1,4,2,15,,8,8,1,22,9,121.5785867,25.0644468
111,7,18,17,40,2,12內湖區,內湖區新湖三路與民善街口,0,0,1,2,C03,8,1,5,50,4,1,1,4,4,5,7,1,1,5,4,5,2,17,1,30,2,9,1,1,7,9,1,10,2,15,,44,8,1,22,9,121.5785867,25.0644468
111,7,18,17,45,2,12內湖區,內湖區民權東路6段20號,0,0,1,1,B03,6,1,5,50,3,1,1,4,4,5,7,4,4,5,2,5,2,11,1,65,3,10,1,1,7,5,1,8,1,6,,4,4,1,22,9,121.5786299,25.06626536
111,7,18,17,45,2,12內湖區,內湖區民權東路6段20號,0,0,1,2,C03,6,1,5,50,3,1,1,4,4,5,7,4,4,5,2,5,2,11,2,32,2,9,1,1,7,9,1,10,1,15,,44,4,1,22,9,121.5786299,25.06626536
111,7,18,17,47,2,07信義區,信義區忠孝東路4段555號附近,0,0,1,1,B12,8,3,5,50,14,9,1,4,4,5,7,2,1,3,4,5,2,12,1,63,3,10,1,1,7,9,1,8,1,5,,43,43,1,22,9,121.5629021,25.0412796
111,7,18,17,47,2,07信義區,信義區忠孝東路4段555號附近,0,0,1,2,C03,8,3,5,50,14,9,1,4,4,5,7,2,1,3,4,5,2,12,1,22,2,9,1,1,7,9,1,10,1,14,,43,43,1,22,9,121.5629021,25.0412796
111,7,18,17,51,2,07信義區,信義區忠孝東路4段343號對面,0,0,1,1,C03,8,2,5,50,14,9,1,4,4,5,7,4,4,3,4,5,2,18,1,46,2,9,1,1,7,9,1,10,1,12,,42,42,1,22,9,121.5577683,25.041588