發生年度,發生月,發生日,發生時-Hours,發生分,處理別-編號,區序,肇事地點,死亡人數,2-30日死亡人數,受傷人數,當事人序號,車種,天候,光線,道路類別,速限-速度限制,道路型態,事故位置,路面狀況1,路面狀況2,路面狀況3,道路障礙1,道路障礙2,號誌1,號誌2,車道劃分-分向,車道劃分-分道1,車道劃分-分道2,車道劃分-分道3,事故類型及型態,性別,年齡,受傷程度,主要傷處,安全帽,行動電話,車輛用途,當事者行動狀態,駕駛資格情形,駕駛執照種類,飲酒情形,車輛撞擊部位1,車輛撞擊部位2,肇因碼-個別,肇因碼-主要,個人肇逃否,職業,旅次目的,座標-X,座標-Y
111,7,18,17,51,2,07信義區,信義區忠孝東路4段343號對面,0,0,1,2,,8,2,5,50,14,9,1,4,4,5,7,4,4,3,4,5,2,18,3,,,,,,,,,,11,,,67,42,1,,,121.5577683,25.041588
111,7,18,18,8,2,12內湖區,內湖區民權東路6段與民善街口,0,0,1,1,B03,6,1,5,50,4,1,1,4,4,5,7,1,1,1,4,5,2,12,2,62,3,10,1,1,7,6,1,8,11,5,,9,9,1,22,9,121.5739637,25.0651513
111,7,18,18,8,2,12內湖區,內湖區民權東路6段與民善街口,0,0,1,2,C03,6,1,5,50,4,1,1,4,4,5,7,1,1,1,4,5,2,12,2,38,2,9,1,1,7,9,1,10,11,14,,44,9,1,22,9,121.5739637,25.0651513
111,7,18,18,12,2,04大安區,大安區臥龍街151巷74號前,0,0,1,1,C03,8,2,5,50,14,9,1,5,4,5,7,4,4,8,3,5,1,17,1,48,3,10,1,1,7,11,1,10,1,15,,10,10,1,21,7,121.5524122,25.02018889
111,7,18,18,12,2,04大安區,大安區臥龍街151巷74號前,0,0,1,2,C03,8,2,5,50,14,9,1,5,4,5,7,4,4,8,3,5,1,17,1,42,2,8,1,1,7,9,1,10,1,12,,44,10,1,5,1,121.5524122,25.02018889
111,7,18,18,21,2,03中山區,中山區民生東路2段22號,0,0,1,1,B03,8,1,5,50,14,9,1,5,4,5,7,4,4,4,3,5,1,17,1,73,3,10,3,4,7,14,1,8,1,4,,40,40,1,22,9,121.5286338,25.05791895
111,7,18,18,21,2,03中山區,中山區民生東路2段22號,0,0,1,2,C03,8,1,5,50,14,9,1,5,4,5,7,4,4,4,3,5,1,17,1,36,2,9,1,1,7,9,6,18,1,12,,44,40,1,22,9,121.5286338,25.05791895
111,7,18,18,43,2,11南港區,南港區南港路1段與經貿一路口,0,0,2,1,C03,8,3,5,50,3,1,1,5,4,5,7,2,1,1,3,5,2,13,1,26,2,9,3,4,7,9,1,10,2,11,,16,16,1,22,9,121.618368,25.0548467
111,7,18,18,43,2,11南港區,南港區南港路1段與經貿一路口,0,0,2,2,C03,8,3,5,50,3,1,1,5,4,5,7,2,1,1,3,5,2,13,2,56,2,9,3,4,7,14,1,10,2,13,,44,16,1,22,9,121.618368,25.0548467
111,7,18,18,47,2,05中正區,中正區市民大道2段(天津-林森),0,0,1,1,C03,8,3,5,40,14,9,1,4,4,5,7,4,4,7,4,5,2,13,1,18,3,10,1,4,7,9,1,10,2,11,,23,23,1,22,9,121.5231748,25.04792821
111,7,18,18,47,2,05中正區,中正區市民大道2段(天津-林森),0,0,1,2,B03,8,3,5,40,14,9,1,4,4,5,7,4,4,7,4,5,2,13,1,40,3,10,1,4,7,12,1,8,2,3,,44,23,1,22,9,121.5231748,25.04792821
111,7,18,18,47,2,05中正區,中正區市民大道2段(天津-林森),0,0,1,3,H02,8,3,5,40,14,9,1,4,4,5,7,4,4,7,4,5,2,13,2,17,2,9,1,1,7,21,8,20,10,16,,67,23,1,22,9,121.5231748,25.04792821
111,7,18,18,56,2,02萬華區,萬華區康定路265號前,0,0,1,1,B03,8,3,5,50,14,9,1,5,4,5,7,4,4,10,5,5,2,17,1,51,3,10,3,4,7,9,1,8,1,5,,44,44,1,22,9,121.5001911,25.03524539
111,7,18,18,56,2,02萬華區,萬華區康定路265號前,0,0,1,2,C03,8,3,5,50,14,9,1,5,4,5,7,4,4,10,5,5,2,17,2,59,2,9,3,4,7,7,1,10,1,14,,7,44,1,22,9,121.5001911,25.03524539
111,7,18,18,56,2,10文山區,文山區木柵路3段2號,0,0,2,1,C03,8,3,5,50,14,9,1,5,4,5,7,4,4,9,5,5,2,16,1,29,2,9,1,1,7,5,1,10,1,12,,8,8,1,22,9,121.5640482,24.9886809
111,7,18,18,56,2,10文山區,文山區木柵路3段2號,0,0,2,2,C03,8,3,5,50,14,9,1,5,4,5,7,4,4,9,5,5,2,16,1,24,2,9,1,1,7,9,1,10,1,11,,44,8,1,22,9,121.5640482,24.9886809
111,7,18,19,51,2,05中正區,中正區中華路1段9巷與中華路1段口口,0,0,1,1,C03,8,3,5,50,14,8,1,5,4,5,7,1,1,9,4,4,2,17,1,37,2,9,1,4,7,7,1,10,2,15,,7,7,1,22,9,121.5098325,25.04669692
111,7,18,19,51,2,05中正區,中正區中華路1段9巷與中華路1段口口,0,0,1,2,B01,8,3,5,50,14,8,1,5,4,5,7,1,1,9,4,4,2,17,1,60,3,10,1,4,7,9,1,4,2,5,,44,7,1,22,9,121.5098325,25.04669692
111,7,18,19,52,2,11南港區,南港區八德路4段與中坡北路口,0,0,1,1,B03,8,3,5,50,4,2,1,5,4,5,7,1,1,1,4,5,2,13,1,21,3,10,1,1,7,9,3,18,2,1,,23,23,1,22,9,121.5798163,25.05040984
111,7,18,19,52,2,11南港區,南港區八德路4段與中坡北路口,0,0,1,3,B03,8,3,5,50,4,2,1,5,4,5,7,1,1,1,4,5,2,13,1,56,3,10,1,1,7,9,1,8,2,1,,44,23,1,22,9,121.5798163,25.05040984
111,7,18,19,52,2,11南港區,南港區八德路4段與中坡北路口,0,0,1,2,C03,8,3,5,50,4,2,1,5,4,5,7,1,1,1,4,5,2,13,1,30,2,9,1,1,7,14,1,10,2,13,,44,23,1,22,9,121.5798163,25.05040984
111,7,18,19,56,2,02萬華區,萬華區和平西路3段與艋舺大道口,0,0,1,1,B12,7,3,5,50,4,2,1,5,4,5,7,2,1,1,4,5,2,17,1,59,3,10,1,1,7,9,1,8,1,2,,23,23,1,22,9,121.5044658,25.03397063
111,7,18,19,56,2,02萬華區,萬華區和平西路3段與艋舺大道口,0,0,1,2,C03,7,3,5,50,4,2,1,5,4,5,7,2,1,1,4,5,2,17,1,31,2,9,1,1,7,9,1,10,1,14,,44,23,1,22,9,121.5044658,25.03397063
111,7,18,20,12,2,01大同區,大同區民生西路55號,0,0,2,1,C03,8,3,5,50,4,1,1,5,4,5,7,2,1,9,4,5,2,3,1,18,2,9,1,4,7,9,1,10,2,11,,15,15,1,22,9,121.520466,25.05763964
111,7,18,20,12,2,01大同區,大同區民生西路55號,0,0,2,2,H01,8,3,5,50,4,1,1,5,4,5,7,2,1,9,4,5,2,3,1,44,2,9,4,5,8,16,8,20,10,16,,52,15,1,22,9,121.520466,25.05763964
111,7,18,20,14,2,07信義區,信義區基隆路1段與基隆路1段364巷口,0,0,2,1,B03,8,3,5,30,3,2,1,5,4,5,7,4,4,9,4,5,2,16,2,52,3,10,1,1,7,6,1,8,1,7,,6,6,1,22,9,121.5608253,25.03534541
111,7,18,20,14,2,07信義區,信義區基隆路1段與基隆路1段364巷口,0,0,2,2,C03,8,3,5,30,3,2,1,5,4,5,7,4,4,9,4,5,2,16,1,18,2,3,1,1,7,9,1,10,1,12,,14,6,1,22,9,121.5608253,25.03534541
111,7,18,20,14,2,07信義區,信義區基隆路1段與基隆路1段364巷口,0,0,2,3,H02,8,3,5,30,3,2,1,5,4,5,7,4,4,9,4,5,2,16,1,18,2,7,1,1,7,21,8,20,10,16,,67,6,1,22,9,121.5608253,25.03534541
111,7,18,20,35,2,10文山區,文山區新光路2段74巷2號附近,0,0,1,1,A12,8,4,5,30,11,9,1,5,4,5,1,4,4,10,5,5,2,26,1,53,2,9,3,4,7,9,1,7,2,1,,42,42,1,22,9,121.5933375,24.99222963
111,7,18,20,35,2,10文山區,文山區新光路2段74巷2號附近,0,0,1,3,,8,4,5,30,11,9,1,5,4,5,1,4,4,10,5,5,2,26,3,,,,,,,,,,,,,67,42,1,,,121.5933375,24.99222963
111,7,18,20,35,2,10文山區,文山區新光路2段74巷2號附近,0,0,1,4,,8,4,5,30,11,9,1,5,4,5,1,4,4,10,5,5,2,26,3,,,,,,,,,,,,,67,42,1,,,121.5933375,24.99222963
111,7,18,20,35,2,10文山區,文山區新光路2段74巷2號附近,0,0,1,2,,8,4,5,30,11,9,1,5,4,5,1,4,4,10,5,5,2,26,3,,,,,,,,,,,,,67,42,1,,,121.5933375,24.99222963
111,7,18,20,35,2,10文山區,文山區新光路2段74巷2號附近,0,0,1,5,,8,4,5,30,11,9,1,5,4,5,1,4,4,10,5,5,2,26,3,,,,,,,,,,,,,67,42,1,,,121.5933375,24.99222963
111,7,18,20,40,2,07信義區,信義區莊敬路與吳興街156巷口,0,0,2,1,F01,7,3,5,30,4,2,1,5,4,5,7,2,1,4,5,5,1,16,2,25,2,9,1,1,7,5,8,20,1,16,,25,25,1,22,9,121.5621389,25.0295096
111,7,18,20,40,2,07信義區,信義區莊敬路與吳興街156巷口,0,0,2,2,C03,7,3,5,30,4,2,1,5,4,5,7,2,1,4,5,5,1,16,1,50,2,9,1,1,7,9,1,10,1,11,,13,25,1,22,9,121.5621389,25.0295096
111,7,18,21,46,2,08士林區,士林區德行東路132巷3弄與忠誠路1段口,0,0,1,1,B03,7,3,5,50,4,2,1,5,4,5,7,2,1,1,4,4,1,17,1,55,3,10,1,1,7,5,1,8,1,6,,8,8,1,21,8,121.5300069,25.10757193
111,7,18,21,46,2,08士林區,士林區德行東路132巷3弄與忠誠路1段口,0,0,1,2,C03,7,3,5,50,4,2,1,5,4,5,7,2,1,1,4,4,1,17,1,22,2,9,1,1,7,9,1,10,1,11,,14,8,1,21,8,121.5300069,25.10757193
111,7,18,22,14,2,01大同區,大同區台北橋機車道(往西方向),0,0,3,1,C03,8,3,5,40,14,11,1,5,4,5,7,4,4,1,4,3,2,12,2,22,2,9,1,4,7,9,1,10,1,12,,23,23,1,22,9,121.5066274,25.06386685
111,7,18,22,14,2,01大同區,大同區台北橋機車道(往西方向),0,0,3,2,C03,8,3,5,40,14,11,1,5,4,5,7,4,4,1,4,3,2,12,1,20,2,9,1,4,7,9,1,10,1,14,,17,23,1,22,9,121.5066274,25.06386685
111,7,18,22,14,2,01大同區,大同區台北橋機車道(往西方向),0,0,3,3,H02,8,3,5,40,14,11,1,5,4,5,7,4,4,1,4,3,2,12,2,21,2,9,1,5,7,20,8,20,10,16,,67,23,1,22,9,121.5066274,25.06386685
111,7,18,22,45,2,10文山區,文山區木柵路1段與木柵路1段59巷口口,0,0,1,1,F01,8,3,5,30,4,1,1,5,4,5,7,2,1,4,3,5,1,16,1,26,2,8,1,1,7,9,8,20,1,16,,25,25,1,22,9,121.5459349,24.98681432
111,7,18,22,45,2,10文山區,文山區木柵路1段與木柵路1段59巷口口,0,0,1,2,C03,8,3,5,30,4,1,1,5,4,5,7,2,1,4,3,5,1,16,1,36,3,10,3,4,7,6,1,10,1,11,,44,25,1,22,9,121.5459349,24.98681432
111,7,18,23,1,2,07信義區,信義區松德路255號與松德路口,0,0,1,1,B03,8,3,5,40,4,1,1,5,4,5,7,1,1,9,4,5,2,12,1,28,3,10,1,1,7,9,1,8,1,5,,23,23,1,22,9,121.5746258,25.03350032
111,7,18,23,1,2,07信義區,信義區松德路255號與松德路口,0,0,1,2,C03,8,3,5,40,4,1,1,5,4,5,7,1,1,9,4,5,2,12,1,55,2,9,1,1,7,5,1,10,1,14,,8,23,1,22,9,121.5746258,25.03350032
111,7,19,0,0,2,03中山區,中山區長春路與林森北路口,0,0,1,1,B03,8,3,5,50,4,1,1,5,4,5,7,1,1,4,3,4,1,16,1,35,3,10,3,4,7,1,1,8,1,8,,19,19,1,22,9,121.5255796,25.05489595
111,7,19,0,0,2,03中山區,中山區長春路與林森北路口,0,0,1,2,C03,8,3,5,50,4,1,1,5,4,5,7,1,1,4,3,4,1,16,1,28,2,9,1,4,7,5,1,10,1,12,,44,19,1,22,9,121.5255796,25.05489595
111,7,19,6,58,2,03中山區,中山區龍江路412巷與五常街53巷口,0,0,1,1,C03,8,1,5,30,4,1,1,5,4,3,5,4,4,8,5,5,1,15,2,72,2,8,3,4,7,9,1,9,2,14,,6,6,1,22,9,121.5396906,25.0676104
111,7,19,6,58,2,03中山區,中山區龍江路412巷與五常街53巷口,0,0,1,2,B03,8,1,5,30,4,1,1,5,4,3,5,4,4,8,5,5,1,15,1,52,3,10,3,4,7,9,1,8,2,5,,23,6,1,22,9,121.5396906,25.0676104
111,7,19,6,58,2,03中山區,中山區龍江路412巷與五常街53巷口,0,0,1,3,B11,8,1,5,30,4,1,1,5,4,3,5,4,4,8,5,5,1,15,4,,4,11,3,4,7,15,7,19,11,15,,38,6,2,22,9,121.5396906,25.0676104
111,7,19,7,0,2,08士林區,士林區延平北路7段106巷333-6號,0,0,1,1,B03,8,1,5,30,14,9,1,5,4,5,7,4,4,10,5,5,1,17,1,73,3,10,1,1,7,2,1,8,1,5,,12,12,1,22,9,121.4957524,25.10693221
111,7,19,7,0,2,08士林區,士林區延平北路7段106巷333-6號,0,0,1,2,C03,8,1,5,30,14,9,1,5,4,5,7,4,4,10,5,5,1,17,1,27,2,9,1,1,7,9,1,10,1,11,,23,12,1,22,9,121.4957524,25.10693221
111,7,19,7,3,2,03中山區,中山區民生東路2段與建國北路2段96巷口,0,0,1,1,C03,8,1,5,50,3,1,1,5,4,5,7,1,1,1,4,5,2,13,1,50,2,9,1,2,7,9,1,10,1,11,,16,16,1,22,9,121.5348087,25.05782678
111,7,19,7,3,2,03中山區,中山區民生東路2段與建國北路2段96巷口,0,0,1,2,C03,8,1,5,50,3,1,1,5,4,5,7,1,1,1,4,5,2,13,1,31,3,10,1,1,7,9,1,10,1,11,,44,16,1,22,9,121.5348087,25.05782678
111,7,19,7,20,2,11南港區,南港區忠孝東路6段80號對面,0,0,1,1,C03,8,1,5,50,14,7,1,5,4,5,7,4,4,1,4,4,1,12,1,54,2,9,1,4,7,7,1,10,1,14,,7,7,1,22,9,121.5836948,25.04673252
111,7,19,7,20,2,11南港區,南港區忠孝東路6段80號對面,0,0,1,2,B03,8,1,5,50,14,7,1,5,4,5,7,4,4,1,4,4,1,12,1,48,3,10,3,4,7,9,1,8,1,5,,44,7,1,22,9,121.5836948,25.04673252
111,7,19,7,34,2,06松山區,松山區南京東路5段251巷32弄與南京東路5段251巷24弄口22-1號前無名巷,0,0,1,1,B03,8,1,5,30,14,9,1,5,4,5,7,4,4,10,5,5,2,16,1,67,3,10,1,1,7,9,1,8,1,8,,6,6,1,22,9,121.564213,25.0529413
111,7,19,7,34,2,06松山區,松山區南京東路5段251巷32弄與南京東路5段251巷24弄口22-1號前無名巷,0,0,1,2,C03,8,1,5,30,14,9,1,5,4,5,7,4,4,10,5,5,2,16,2,32,2,9,1,1,7,9,1,10,1,12,,44,6,1,22,9,121.564213,25.0529413
111,7,19,7,40,2,12內湖區,內湖區康寧路3段與東湖路口,0,0,3,1,C03,8,1,5,50,3,1,1,5,4,5,7,1,1,1,5,5,2,13,1,40,2,9,1,1,7,9,6,10,2,14,,42,42,1,22,9,121.6120398,25.0688609
111,7,19,7,40,2,12內湖區,內湖區康寧路3段與東湖路口,0,0,3,2,C03,8,1,5,50,3,1,1,5,4,5,7,1,1,1,5,5,2,13,1,51,2,9,1,1,7,9,1,10,2,14,,42,42,1,22,9,121.6120398,25.0688609
111,7,19,7,40,2,12內湖區,內湖區康寧路3段與東湖路口,0,0,3,3,H02,8,1,5,50,3,1,1,5,4,5,7,1,1,1,5,5,2,13,1,16,2,9,1,5,7,21,8,20,10,16,,67,42,1,22,9,121.6120398,25.0688609
111,7,19,7,45,2,11南港區,南港區市民大道8段與東南街口,0,0,3,1,C03,8,1,5,50,3,1,1,5,4,5,6,2,1,1,4,5,2,17,1,59,2,9,1,4,7,9,1,10,1,11,,23,23,1,22,9,121.6084246,25.0531542
111,7,19,7,45,2,11南港區,南港區市民大道8段與東南街口,0,0,3,2,C03,8,1,5,50,3,1,1,5,4,5,6,2,1,1,4,5,2,17,1,73,2,9,1,4,7,14,1,10,2,13,,44,23,1,22,9,121.6084246,25.0531542
111,7,19,7,45,2,11南港區,南港區市民大道8段與東南街口,0,0,3,3,H02,8,1,5,50,3,1,1,5,4,5,6,2,1,1,4,5,2,17,2,68,2,9,4,5,7,21,8,20,10,16,,67,23,1,22,9,121.6084246,25.0531542
111,7,19,7,50,2,09北投區,北投區大業路與承德路7段口,0,0,2,1,C03,8,1,5,50,5,1,1,5,4,5,7,2,1,1,3,3,1,17,2,49,2,9,1,4,7,1,1,10,1,11,,19,19,1,22,9,121.4998269,25.1209364
111,7,19,7,50,2,09北投區,北投區大業路與承德路7段口,0,0,2,2,B03,8,1,5,50,5,1,1,5,4,5,7,2,1,1,3,3,1,17,1,61,3,10,3,4,7,9,1,8,1,2,,17,19,1,22,9,121.4998269,25.1209364
111,7,19,7,50,2,09北投區,北投區大業路與承德路7段口,0,0,2,3,H03,8,1,5,50,5,1,1,5,4,5,7,2,1,1,3,3,1,17,2,12,2,9,3,4,8,20,8,20,1,16,,67,19,1,14,9,121.4998269,25.1209364
111,7,19,8,18,2,01大同區,大同區忠孝西路2段與西寧北路口,0,0,1,1,C04,8,1,5,50,4,1,1,5,4,5,7,1,1,1,4,5,2,17,2,60,4,11,3,4,7,15,7,19,11,15,,17,17,2,22,9,121.5076667,25.0487478
111,7,19,8,18,2,01大同區,大同區忠孝西路2段與西寧北路口,0,0,1,2,C03,8,1,5,50,4,1,1,5,4,5,7,1,1,1,4,5,2,17,1,22,2,8,1,1,7,5,1,10,11,14,,17,17,1,22,9,121.5076667,25.0487478
111,7,19,8,35,2,11南港區,南港區市民大道8段與中南街口,0,0,2,1,C03,8,1,5,50,4,1,1,5,4,5,7,2,1,1,4,5,2,15,2,28,2,9,1,1,7,11,1,10,1,12,,6,6,1,22,9,121.6152354,25.0544226
111,7,19,8,35,2,11南港區,南港區市民大道8段與中南街口,0,0,2,2,C03,8,1,5,50,4,1,1,5,4,5,7,2,1,1,4,5,2,15,1,39,2,9,1,1,7,9,1,10,1,11,,44,6,1,22,9,121.6152354,25.0544226
111,7,19,8,41,2,05中正區,中正區館前路與襄陽路口口,0,0,1,1,C03,8,1,5,50,3,2,1,5,4,5,7,1,1,5,4,5,2,17,1,30,3,10,1,1,7,7,1,10,2,15,,44,44,1,22,9,121.5148595,25.0433887
111,7,19,8,41,2,05中正區,中正區館前路與襄陽路口口,0,0,1,2,C03,8,1,5,50,3,2,1,5,4,5,7,1,1,5,4,5,2,17,2,26,2,7,1,1,7,9,1,10,2,14,,44,44,1,22,9,121.5148595,25.0433887
111,7,19,8,50,2,02萬華區,萬華區昆明街242號,0,0,2,1,C03,8,1,5,50,14,9,1,5,4,5,7,4,4,10,4,5,2,12,2,31,2,9,1,1,7,7,1,10,1,13,,7,7,1,22,9,121.5042162,25.03990991
111,7,19,8,50,2,02萬華區,萬華區昆明街242號,0,0,2,2,B03,8,1,5,50,14,9,1,5,4,5,7,4,4,10,4,5,2,12,1,64,3,10,1,1,7,9,1,8,1,5,,44,7,1,22,9,121.5042162,25.03990991
111,7,19,8,50,2,02萬華區,萬華區昆明街242號,0,0,2,3,H02,8,1,5,50,14,9,1,5,4,5,7,4,4,10,4,5,2,12,1,7,2,9,4,5,7,20,8,20,10,16,,67,7,1,22,9,121.5042162,25.03990991
111,7,19,8,50,2,04大安區,大安區和平東路2段36巷36號與和平東路2段口,0,0,1,1,H02,8,1,5,50,3,1,1,5,4,5,7,4,4,8,3,5,1,9,2,61,3,10,4,5,7,19,8,20,10,15,,56,56,1,22,9,121.5369727,25.0256202
111,7,19,8,50,2,04大安區,大安區和平東路2段36巷36號與和平東路2段口,0,0,1,2,C03,8,1,5,50,3,1,1,5,4,5,7,4,4,8,3,5,1,9,2,65,2,9,1,1,7,9,1,10,1,14,,44,56,1,22,9,121.5369727,25.0256202
111,7,19,8,50,2,04大安區,大安區和平東路2段36巷36號與和平東路2段口,0,0,1,3,B01,8,1,5,50,3,1,1,5,4,5,7,4,4,8,3,5,1,9,1,69,3,10,1,1,7,14,1,4,1,2,,38,56,1,22,9,121.5369727,25.0256202
111,7,19,8,53,2,06松山區,松山區長春路與慶城街口,0,0,1,1,B03,8,1,5,30,4,2,1,5,4,5,7,1,1,5,4,5,2,12,1,18,3,10,1,1,7,5,3,18,11,4,,8,8,1,22,9,121.5462259,25.05450294
111,7,19,8,53,2,06松山區,松山區長春路與慶城街口,0,0,1,2,C03,8,1,5,30,4,2,1,5,4,5,7,1,1,5,4,5,2,12,1,24,2,9,1,1,7,9,1,10,11,12,,13,8,1,22,9,121.5462259,25.05450294
111,7,19,9,2,2,06松山區,松山區敦化北路147號前,0,0,1,1,C03,8,1,5,50,14,8,1,5,4,5,7,2,1,10,4,4,1,17,1,29,2,9,1,1,7,12,1,10,1,15,,16,16,1,22,9,121.549216,25.05406917
111,7,19,9,2,2,06松山區,松山區敦化北路147號前,0,0,1,2,B03,8,1,5,50,14,8,1,5,4,5,7,2,1,10,4,4,1,17,1,26,3,10,1,1,7,7,1,8,1,15,,44,16,1,22,9,121.549216,25.05406917
111,7,19,9,5,2,12內湖區,內湖區潭美街575號,0,0,1,1,B12,8,1,5,40,14,9,1,5,4,5,7,4,4,5,4,5,2,16,1,47,3,10,1,1,7,5,1,8,1,6,,26,26,1,22,9,121.6019325,25.06097397
111,7,19,9,5,2,12內湖區,內湖區潭美街575號,0,0,1,2,C03,8,1,5,40,14,9,1,5,4,5,7,4,4,5,4,5,2,16,1,25,2,1,1,1,7,9,1,10,1,11,,23,26,1,22,9,121.6019325,25.06097397
111,7,19,9,12,2,05中正區,中正區館前路與開封街1段口,0,0,2,1,C03,8,1,5,50,3,1,1,5,4,5,7,4,4,10,5,5,2,16,2,40,2,8,1,1,7,7,1,10,2,14,,7,7,1,22,9,121.5149987,25.0459423
111,7,19,9,12,2,05中正區,中正區館前路與開封街1段口,0,0,2,2,C04,8,1,5,50,3,1,1,5,4,5,7,4,4,10,5,5,2,16,1,27,2,9,1,1,7,9,1,10,2,11,,14,7,1,22,9,121.5149987,25.0459423
111,7,19,9,33,2,03中山區,中山區中山北路1段與長安西路口,0,0,1,1,F01,8,1,5,50,4,1,1,5,4,5,7,2,1,5,2,5,2,12,1,32,3,10,1,1,7,7,8,20,1,16,,7,7,1,5,3,121.5213579,25.0498916
111,7,19,9,33,2,03中山區,中山區中山北路1段與長安西路口,0,0,1,2,C03,8,1,5,50,4,1,1,5,4,5,7,2,1,5,2,5,2,12,2,34,2,9,1,1,7,9,1,10,1,11,,44,7,1,5,5,121.5213579,25.0498916
111,7,19,9,47,2,03中山區,中山區北安路588巷與北安路588巷23弄口,0,0,1,1,B01,8,1,5,30,4,1,1,5,4,5,7,4,4,10,5,5,1,15,1,68,3,10,3,4,7,9,1,4,1,8,,6,6,1,22,9,121.5509027,25.0810526
111,7,19,9,47,2,03中山區,中山區北安路588巷與北安路588巷23弄口,0,0,1,2,C03,8,1,5,30,4,1,1,5,4,5,7,4,4,10,5,5,1,15,1,24,2,9,3,4,7,9,1,10,1,12,,44,6,1,22,9,121.5509027,25.0810526
111,7,19,10,1,2,08士林區,士林區通河西街1段與堤外便道口(百齡左岸038電桿),0,0,1,1,C03,8,1,5,30,11,9,1,5,4,5,7,4,4,9,5,5,1,17,1,19,3,10,1,1,7,11,1,10,1,14,,10,10,1,22,9,121.5162014,25.07913076
111,7,19,10,1,2,08士林區,士林區通河西街1段與堤外便道口(百齡左岸038電桿),0,0,1,2,C03,8,1,5,30,11,9,1,5,4,5,7,4,4,9,5,5,1,17,1,20,2,9,1,1,7,9,1,10,1,12,,23,10,1,22,9,121.5162014,25.07913076
111,7,19,10,10,2,07信義區,信義區嘉興街175-4號,0,0,1,1,B12,8,1,5,50,14,9,1,5,4,3,5,4,4,9,4,5,2,16,1,71,3,10,1,1,7,1,1,8,1,8,,19,19,1,22,8,121.5570085,25.02751475
111,7,19,10,10,2,07信義區,信義區嘉興街175-4號,0,0,1,2,C03,8,1,5,50,14,9,1,5,4,3,5,4,4,9,4,5,2,16,2,31,2,8,1,1,7,9,1,10,1,12,,44,19,1,22,8,121.5570085,25.02751475
111,7,19,10,10,2,07信義區,信義區嘉興街175-4號,0,0,1,3,A12,8,1,5,50,14,9,1,5,4,3,5,4,4,9,4,5,2,16,1,50,3,10,1,1,7,13,1,3,1,10,,44,19,1,22,8,121.5570085,25.02751475
111,7,19,11,6,2,10文山區,文山區木柵路1段133號前,0,0,1,1,C03,8,1,5,50,3,1,1,5,4,5,7,1,1,4,3,5,2,12,1,29,2,9,1,1,7,7,1,10,2,11,,23,23,1,22,9,121.5489614,24.9872795
111,7,19,11,6,2,10文山區,文山區木柵路1段133號前,0,0,1,2,B03,8,1,5,50,3,1,1,5,4,5,7,1,1,4,3,5,2,12,1,25,3,10,1,1,7,3,1,8,2,7,,44,23,1,22,9,121.5489614,24.9872795
111,7,19,11,8,2,02萬華區,萬華區中華路1段與西寧南路287巷口,0,0,2,1,C04,8,1,5,50,3,1,1,5,4,5,7,4,4,3,3,5,2,16,1,59,2,9,1,4,7,6,1,10,2,13,,6,6,1,22,9,121.5070729,25.03875436
111,7,19,11,8,2,02萬華區,萬華區中華路1段與西寧南路287巷口,0,0,2,2,C03,8,1,5,50,3,1,1,5,4,5,7,4,4,3,3,5,2,16,1,30,2,9,1,4,7,9,1,10,2,11,,44,6,1,22,9,121.5070729,25.03875436
111,7,19,11,27,2,05中正區,中正區市民大道1段168號,0,0,1,1,C03,8,1,5,50,14,9,1,5,4,5,7,4,4,1,4,1,2,16,1,18,2,9,1,1,7,5,1,10,2,14,,8,8,1,22,9,121.5185233,25.04831761
111,7,19,11,27,2,05中正區,中正區市民大道1段168號,0,0,1,2,C03,8,1,5,50,14,9,1,5,4,5,7,4,4,1,4,1,2,16,1,21,3,10,1,1,7,9,1,10,2,11,,44,8,1,22,9,121.5185233,25.04831761
111,7,19,11,27,2,05中正區,中正區市民大道1段168號,0,0,1,3,,8,1,5,50,14,9,1,5,4,5,7,4,4,1,4,1,2,16,3,,,,,,,,,,,,,67,8,1,,,121.5185233,25.04831761
111,7,19,11,29,2,04大安區,大安區敦化南路1段221號,0,0,1,2,C03,8,1,5,0,14,9,1,5,4,5,7,4,4,1,4,5,1,13,2,26,2,7,1,1,7,14,1,10,1,13,,44,23,1,22,9,121.549079,25.04115
111,7,19,11,29,2,04大安區,大安區敦化南路1段221號,0,0,1,1,B03,8,1,5,0,14,9,1,5,4,5,7,4,4,1,4,5,1,13,1,69,4,11,3,4,7,15,7,19,11,15,,23,23,2,22,9,121.549079,25.04115
111,7,19,11,35,2,09北投區,北投區北投路2段1號,0,0,1,1,C03,8,1,5,50,14,9,1,5,4,5,7,2,1,8,3,5,2,18,1,26,2,9,1,1,7,8,1,10,1,14,,43,43,1,22,9,121.4995426,25.13029922
111,7,19,11,35,2,09北投區,北投區北投路2段1號,0,0,1,2,,8,1,5,50,14,9,1,5,4,5,7,2,1,8,3,5,2,18,3,,,,,,,,,,,,,67,43,1,,,121.4995426,25.13029922
111,7,19,11,43,2,05中正區,中正區市民大道1段168號,0,0,1,1,B01,8,1,5,40,15,9,1,5,4,5,7,4,4,1,4,5,1,17,1,64,3,10,1,1,7,1,1,4,2,8,,19,19,1,22,9,121.5188245,25.04828706
111,7,19,11,43,2,05中正區,中正區市民大道1段168號,0,0,1,2,C03,8,1,5,40,15,9,1,5,4,5,7,4,4,1,4,5,1,17,1,17,2,9,1,1,7,9,2,18,2,11,,13,19,1,22,9,121.5188245,25.04828706