發生年度,發生月,發生日,發生時-Hours,發生分,處理別-編號,區序,肇事地點,死亡人數,2-30日死亡人數,受傷人數,當事人序號,車種,天候,光線,道路類別,速限-速度限制,道路型態,事故位置,路面狀況1,路面狀況2,路面狀況3,道路障礙1,道路障礙2,號誌1,號誌2,車道劃分-分向,車道劃分-分道1,車道劃分-分道2,車道劃分-分道3,事故類型及型態,性別,年齡,受傷程度,主要傷處,安全帽,行動電話,車輛用途,當事者行動狀態,駕駛資格情形,駕駛執照種類,飲酒情形,車輛撞擊部位1,車輛撞擊部位2,肇因碼-個別,肇因碼-主要,個人肇逃否,職業,旅次目的,座標-X,座標-Y
111,7,19,12,7,2,03中山區,中山區安東街16巷與八德路2段210巷口,0,0,1,1,C03,7,1,5,30,4,1,1,5,4,5,7,4,4,10,5,5,2,15,1,23,2,9,1,1,7,9,1,10,1,14,,6,6,1,22,9,121.5393688,25.0453775
111,7,19,12,7,2,03中山區,中山區安東街16巷與八德路2段210巷口,0,0,1,2,B01,7,1,5,30,4,1,1,5,4,5,7,4,4,10,5,5,2,15,1,57,3,10,3,4,7,9,1,2,1,8,,14,6,1,22,9,121.5393688,25.0453775
111,7,19,12,37,2,05中正區,中正區信義路2段259號,0,0,1,1,B03,8,1,5,50,14,9,1,5,4,5,7,4,4,1,1,4,2,16,1,42,3,10,1,1,7,1,1,8,2,2,,43,43,1,22,9,121.5316119,25.033718
111,7,19,12,37,2,05中正區,中正區信義路2段259號,0,0,1,2,C03,8,1,5,50,14,9,1,5,4,5,7,4,4,1,1,4,2,16,2,37,2,8,1,1,7,9,1,10,2,14,,43,43,1,22,9,121.5316119,25.033718
111,7,19,12,50,2,10文山區,文山區景華街128巷與景華街128巷2弄口,0,0,2,1,C03,8,1,5,30,4,1,1,5,4,5,7,4,4,10,5,5,2,15,1,21,2,9,1,1,7,9,1,10,1,14,,6,6,1,22,9,121.547309,24.9954016
111,7,19,12,50,2,10文山區,文山區景華街128巷與景華街128巷2弄口,0,0,2,2,C03,8,1,5,30,4,1,1,5,4,5,7,4,4,10,5,5,2,15,1,20,2,9,1,1,7,9,1,10,1,11,,44,6,1,22,9,121.547309,24.9954016
111,7,19,12,55,2,09北投區,北投區義理街63巷4弄14號與義理街63巷4弄口13號路口,0,0,1,1,C03,8,1,5,30,4,2,1,5,4,5,7,4,4,10,5,5,1,15,2,26,3,10,1,1,7,9,1,10,1,11,,14,14,1,22,9,121.5154459,25.11812358
111,7,19,12,55,2,09北投區,北投區義理街63巷4弄14號與義理街63巷4弄口13號路口,0,0,1,2,F01,8,1,5,30,4,2,1,5,4,5,7,4,4,10,5,5,1,15,2,69,2,8,1,1,7,9,8,20,1,16,,26,14,1,22,9,121.5154459,25.11812358
111,7,19,12,57,2,05中正區,中正區忠孝西路1段78號,0,0,1,1,B03,7,1,5,50,14,9,1,5,4,5,7,4,4,10,3,5,2,13,1,38,2,7,1,1,7,9,1,8,1,5,,16,16,1,22,9,121.5139595,25.04698881
111,7,19,12,57,2,05中正區,中正區忠孝西路1段78號,0,0,1,2,B12,7,1,5,50,14,9,1,5,4,5,7,4,4,10,3,5,2,13,1,32,3,10,1,1,7,9,1,8,1,7,,44,16,1,22,9,121.5139595,25.04698881
111,7,19,13,17,2,11南港區,南港區成福路74巷與東新街108巷口,0,0,1,1,B03,6,1,5,30,3,1,1,4,4,5,7,4,4,5,4,5,2,15,1,56,3,10,1,1,7,1,1,8,1,1,,6,6,1,22,9,121.5867291,25.0442344
111,7,19,13,17,2,11南港區,南港區成福路74巷與東新街108巷口,0,0,1,2,C03,6,1,5,30,3,1,1,4,4,5,7,4,4,5,4,5,2,15,2,24,2,9,1,1,7,9,1,10,1,12,,23,6,1,22,9,121.5867291,25.0442344
111,7,19,13,28,2,10文山區,文山區興隆路3段與興隆路3段115巷口,0,0,1,1,B03,7,1,5,50,3,2,1,5,4,5,7,1,1,5,5,5,2,3,2,57,3,10,1,4,7,5,1,8,2,8,,15,15,1,22,9,121.5580162,24.9988967
111,7,19,13,28,2,10文山區,文山區興隆路3段與興隆路3段115巷口,0,0,1,2,H01,7,1,5,50,3,2,1,5,4,5,7,1,1,5,5,5,2,3,2,52,2,7,4,5,8,16,8,20,10,16,,67,15,1,22,9,121.5580162,24.9988967
111,7,19,14,18,2,03中山區,中山區市民大道3段與安東街口,0,0,1,1,C04,7,1,5,40,4,1,1,4,4,5,7,2,1,1,4,5,2,15,2,58,2,9,1,4,7,9,1,11,1,11,,25,25,1,22,9,121.5423606,25.0447899
111,7,19,14,18,2,03中山區,中山區市民大道3段與安東街口,0,0,1,2,C03,7,1,5,40,4,1,1,4,4,5,7,2,1,1,4,5,2,15,1,34,3,10,1,4,7,9,1,10,1,14,,44,25,1,22,9,121.5423606,25.0447899
111,7,19,14,25,2,11南港區,南港區忠孝東路7段506號,0,0,1,1,C03,1,1,5,40,14,8,1,4,4,5,7,4,4,1,4,4,2,17,2,72,2,8,1,1,7,9,1,10,2,11,,23,23,1,22,9,121.61003,25.052355
111,7,19,14,25,2,11南港區,南港區忠孝東路7段506號,0,0,1,2,B03,1,1,5,40,14,8,1,4,4,5,7,4,4,1,4,4,2,17,1,66,3,10,1,1,7,13,1,8,9,6,,44,23,1,22,9,121.61003,25.052355
111,7,19,14,32,2,05中正區,中正區林森南路與青島東路口,0,0,1,1,C03,6,1,5,50,4,1,1,4,4,5,7,1,1,5,4,5,1,12,1,23,3,10,1,1,7,8,1,10,2,12,,7,7,1,22,9,121.5230531,25.0435326
111,7,19,14,32,2,05中正區,中正區林森南路與青島東路口,0,0,1,2,C03,6,1,5,50,4,1,1,4,4,5,7,1,1,5,4,5,1,12,2,61,2,9,1,1,7,9,1,10,2,11,,44,7,1,22,9,121.5230531,25.0435326
111,7,19,14,56,2,07信義區,信義區松山路615巷與松山路541巷14弄口,0,0,2,1,C03,6,1,5,30,3,1,1,4,4,5,7,4,4,10,5,5,1,15,2,49,2,9,1,4,7,9,1,10,1,12,,6,6,1,22,9,121.5788293,25.0368339
111,7,19,14,56,2,07信義區,信義區松山路615巷與松山路541巷14弄口,0,0,2,2,C03,6,1,5,30,3,1,1,4,4,5,7,4,4,10,5,5,1,15,1,29,2,9,1,4,7,9,1,10,1,11,,14,6,1,22,9,121.5788293,25.0368339
111,7,19,14,58,2,04大安區,大安區忠孝東路4段216巷與忠孝東路4段216巷40弄口,0,0,1,1,B03,6,1,5,50,4,1,1,4,4,5,7,4,4,5,5,5,2,3,2,50,4,11,3,4,7,15,7,19,11,15,,15,15,2,22,9,121.5529224,25.0394784
111,7,19,14,58,2,04大安區,大安區忠孝東路4段216巷與忠孝東路4段216巷40弄口,0,0,1,2,H01,6,1,5,50,4,1,1,4,4,5,7,4,4,5,5,5,2,3,2,14,2,9,4,5,8,18,8,20,10,16,,67,15,1,22,9,121.5529224,25.0394784
111,7,19,15,11,2,03中山區,中山區敬業三路123號,0,0,1,1,B12,6,1,8,50,15,22,1,4,4,5,7,4,4,1,5,5,1,12,1,40,3,10,3,4,7,6,1,8,1,5,,9,9,1,22,9,121.5562101,25.08088513
111,7,19,15,11,2,03中山區,中山區敬業三路123號,0,0,1,2,F01,6,1,8,50,15,22,1,4,4,5,7,4,4,1,5,5,1,12,1,18,2,3,1,1,7,9,8,20,1,16,,44,9,1,22,9,121.5562101,25.08088513
111,7,19,15,39,2,06松山區,松山區健康路與南京東路5段23巷口,0,0,1,1,B02,6,1,5,30,3,2,1,4,4,5,7,4,4,1,4,1,2,16,1,23,3,10,1,4,7,6,1,8,1,8,,6,6,1,22,9,121.5580553,25.05375511
111,7,19,15,39,2,06松山區,松山區健康路與南京東路5段23巷口,0,0,1,2,C03,6,1,5,30,3,2,1,4,4,5,7,4,4,1,4,1,2,16,1,56,2,9,1,4,7,9,1,10,1,12,,44,6,1,22,9,121.5580553,25.05375511
111,7,19,15,48,2,09北投區,北投區光明路與七星街口,0,0,1,1,B03,6,1,5,50,5,1,1,4,4,5,7,2,1,5,4,5,2,17,1,45,3,10,1,1,7,5,6,8,2,1,,6,6,1,22,9,121.5043365,25.1367247
111,7,19,15,48,2,09北投區,北投區光明路與七星街口,0,0,1,2,C03,6,1,5,50,5,1,1,4,4,5,7,2,1,5,4,5,2,17,1,72,2,7,1,1,7,9,1,10,2,12,,42,6,1,22,9,121.5043365,25.1367247
111,7,19,16,20,2,05中正區,中正區中山南路與青島東路口,0,0,2,1,C03,6,1,5,50,4,1,1,4,4,5,7,1,1,10,5,5,2,15,2,32,2,9,1,1,7,9,1,10,2,11,,25,25,1,22,9,121.5194062,25.0445155
111,7,19,16,20,2,05中正區,中正區中山南路與青島東路口,0,0,2,2,C03,6,1,5,50,4,1,1,4,4,5,7,1,1,10,5,5,2,15,2,30,2,9,1,1,7,1,1,9,2,14,,44,25,1,22,9,121.5194062,25.0445155
111,7,19,16,20,2,06松山區,松山區復興北路與長春路口,0,0,1,1,B03,6,1,5,50,4,1,1,4,4,5,7,2,1,3,3,5,2,9,1,70,3,10,1,1,7,5,1,8,1,8,,15,15,1,22,9,121.5441922,25.05456435
111,7,19,16,20,2,06松山區,松山區復興北路與長春路口,0,0,1,2,H01,6,1,5,50,4,1,1,4,4,5,7,2,1,3,3,5,2,9,1,64,2,9,4,5,8,16,8,20,10,16,,67,15,1,22,9,121.5441922,25.05456435
111,7,19,17,0,2,03中山區,中山區民族東路410巷38號,0,0,1,1,C03,6,1,5,50,14,9,1,4,4,5,7,4,4,8,5,5,1,9,1,79,2,8,1,1,7,9,1,10,1,15,,44,44,1,22,9,121.5382999,25.06496453
111,7,19,17,0,2,03中山區,中山區民族東路410巷38號,0,0,1,2,H03,6,1,5,50,14,9,1,4,4,5,7,4,4,8,5,5,1,9,2,18,3,10,4,5,8,17,8,20,10,16,,67,44,1,22,9,121.5382999,25.06496453
111,7,19,17,3,2,05中正區,中正區金山南路1段與金山南路1段71巷口,0,0,1,1,B03,6,1,5,50,3,2,1,4,4,5,7,4,4,9,4,4,2,17,2,63,3,10,1,1,7,6,1,8,2,5,,9,9,1,22,9,121.5284963,25.0391091
111,7,19,17,3,2,05中正區,中正區金山南路1段與金山南路1段71巷口,0,0,1,2,C03,6,1,5,50,3,2,1,4,4,5,7,4,4,9,4,4,2,17,2,64,2,9,1,1,7,9,1,10,2,14,,44,9,1,22,9,121.5284963,25.0391091
111,7,19,17,20,2,08士林區,士林區承德路4段210號前,0,0,1,1,B01,6,1,5,40,14,9,1,4,4,5,7,4,4,1,4,4,1,16,1,69,3,10,1,1,7,8,1,4,1,5,,7,7,1,21,8,121.5220226,25.08794215
111,7,19,17,20,2,08士林區,士林區承德路4段210號前,0,0,1,2,C03,6,1,5,40,14,9,1,4,4,5,7,4,4,1,4,4,1,16,2,28,2,7,1,1,7,9,1,10,1,14,,44,7,1,21,8,121.5220226,25.08794215
111,7,19,17,26,2,04大安區,大安區文昌街與信義路4段378巷口,0,0,1,1,C03,7,1,5,30,4,1,1,4,4,5,7,4,4,10,5,5,2,15,1,42,2,9,1,1,7,12,1,10,1,14,,6,6,1,22,9,121.5557535,25.03229261
111,7,19,17,26,2,04大安區,大安區文昌街與信義路4段378巷口,0,0,1,2,B11,7,1,5,30,4,1,1,4,4,5,7,4,4,10,5,5,2,15,1,37,3,10,1,1,7,9,1,4,1,7,,13,6,1,22,9,121.5557535,25.03229261
111,7,19,17,30,2,05中正區,中正區羅斯福路2段與羅斯福路2段8巷口,0,0,1,1,C03,6,1,5,50,3,2,1,4,4,5,7,4,4,2,4,5,2,17,1,41,2,9,1,1,7,9,1,10,1,14,,23,23,1,22,9,121.5209294,25.02897408
111,7,19,17,30,2,05中正區,中正區羅斯福路2段與羅斯福路2段8巷口,0,0,1,2,B03,6,1,5,50,3,2,1,4,4,5,7,4,4,2,4,5,2,17,1,37,3,10,1,1,7,8,1,8,1,15,,7,23,1,22,9,121.5209294,25.02897408
111,7,19,17,40,2,04大安區,大安區和平東路2段46巷與和平東路2段口,0,0,2,1,B03,7,1,5,30,3,1,1,4,4,5,7,4,4,1,4,5,2,15,1,23,4,11,3,4,7,15,1,8,11,15,,6,6,2,22,9,121.5382182,25.0254671
111,7,19,17,40,2,04大安區,大安區和平東路2段46巷與和平東路2段口,0,0,2,2,C03,7,1,5,30,3,1,1,4,4,5,7,4,4,1,4,5,2,15,2,34,2,8,1,1,7,9,1,10,1,11,,23,6,1,22,9,121.5382182,25.0254671
111,7,19,17,40,2,04大安區,大安區和平東路2段46巷與和平東路2段口,0,0,2,3,H02,7,1,5,30,3,1,1,4,4,5,7,4,4,1,4,5,2,15,1,1,2,7,4,5,7,20,8,20,10,16,,67,6,1,22,9,121.5382182,25.0254671
111,7,19,17,43,2,03中山區,中山區北安路與大直橋口,0,0,1,1,C03,6,1,5,50,4,1,1,4,4,5,7,1,1,1,5,5,2,16,2,26,2,9,1,1,7,9,1,10,1,12,,23,23,1,22,9,121.5443745,25.07973781
111,7,19,17,43,2,03中山區,中山區北安路與大直橋口,0,0,1,2,B03,6,1,5,50,4,1,1,4,4,5,7,1,1,1,5,5,2,16,2,45,3,10,3,4,7,14,1,8,1,4,,44,23,1,22,9,121.5443745,25.07973781
111,7,19,18,9,2,06松山區,松山區東興路16號,0,0,2,1,C03,7,3,5,50,14,9,1,5,4,5,7,4,4,10,3,5,2,16,1,46,2,9,1,1,7,6,1,10,1,12,,9,9,1,22,9,121.5654455,25.04954855
111,7,19,18,9,2,06松山區,松山區東興路16號,0,0,2,2,C04,7,3,5,50,14,9,1,5,4,5,7,4,4,10,3,5,2,16,1,60,2,9,1,1,7,9,1,10,1,11,,23,9,1,22,9,121.5654455,25.04954855
111,7,19,18,10,2,01大同區,大同區民權西路104-1號,0,0,1,1,C03,7,2,5,50,14,9,1,5,4,5,7,4,4,9,4,5,1,12,1,59,2,9,3,4,7,8,1,10,1,12,,7,7,1,22,9,121.5173145,25.0627076
111,7,19,18,10,2,01大同區,大同區民權西路104-1號,0,0,1,2,B03,7,2,5,50,14,9,1,5,4,5,7,4,4,9,4,5,1,12,1,24,3,10,3,4,7,9,6,8,1,4,,44,7,1,22,9,121.5173145,25.0627076
111,7,19,18,25,2,12內湖區,內湖區行善路333巷與行善路口,0,0,1,1,C03,8,1,5,50,4,1,1,4,4,5,7,1,1,1,1,5,1,17,1,26,2,9,3,4,7,9,1,10,1,14,,44,44,1,22,9,121.5860693,25.0613866
111,7,19,18,25,2,12內湖區,內湖區行善路333巷與行善路口,0,0,1,2,B03,8,1,5,50,4,1,1,4,4,5,7,1,1,1,1,5,1,17,1,46,4,11,3,4,7,15,7,19,11,15,,6,44,2,22,9,121.5860693,25.0613866
111,7,19,18,30,2,05中正區,中正區中山南路與徐州路口,0,0,1,1,C03,8,2,5,50,3,1,1,5,4,5,7,1,1,4,4,1,1,13,1,60,2,9,1,1,7,9,1,10,2,15,,16,16,1,22,9,121.5184332,25.0420836
111,7,19,18,30,2,05中正區,中正區中山南路與徐州路口,0,0,1,2,B01,8,2,5,50,3,1,1,5,4,5,7,1,1,4,4,1,1,13,1,56,3,10,1,1,7,12,1,4,2,6,,44,16,1,22,9,121.5184332,25.0420836
111,7,19,18,34,2,03中山區,中山區松江路226巷與民生東路2段127巷口,0,0,1,1,B03,8,1,5,30,4,1,1,5,4,5,7,4,4,10,5,5,2,15,1,52,3,10,1,1,7,9,1,4,1,2,,6,6,1,22,9,121.5322197,25.0584969
111,7,19,18,34,2,03中山區,中山區松江路226巷與民生東路2段127巷口,0,0,1,2,C03,8,1,5,30,4,1,1,5,4,5,7,4,4,10,5,5,2,15,1,29,2,9,1,1,7,9,1,10,1,11,,14,6,1,22,9,121.5322197,25.0584969
111,7,19,18,55,2,08士林區,士林區承德路4段與大南路口,0,0,2,1,C03,7,3,5,50,4,4,1,4,4,5,7,1,1,1,4,5,2,13,1,39,2,7,1,1,7,9,1,10,1,11,,16,16,1,22,9,121.5214402,25.08881658
111,7,19,18,55,2,08士林區,士林區承德路4段與大南路口,0,0,2,2,C03,7,3,5,50,4,4,1,4,4,5,7,1,1,1,4,5,2,13,1,43,2,8,1,1,7,9,1,10,1,13,,44,16,1,22,9,121.5214402,25.08881658
111,7,19,19,13,2,03中山區,中山區南京東路3段200號,0,0,1,1,C03,8,3,5,50,14,7,1,5,4,5,7,1,1,1,4,4,2,13,1,25,2,8,1,1,7,9,1,10,1,11,,16,16,1,22,9,121.5428703,25.0517986
111,7,19,19,13,2,03中山區,中山區南京東路3段200號,0,0,1,2,B01,8,3,5,50,14,7,1,5,4,5,7,1,1,1,4,4,2,13,1,66,3,10,1,1,7,14,1,4,1,6,,44,16,1,22,9,121.5428703,25.0517986
111,7,19,19,33,2,08士林區,士林區通河西街2段與通河西街2段口引道,0,0,2,1,C03,7,3,5,50,3,1,1,5,4,5,7,4,4,9,5,5,2,13,1,25,2,9,1,1,7,9,1,9,1,11,,16,16,1,22,9,121.5115624,25.09054223
111,7,19,19,33,2,08士林區,士林區通河西街2段與通河西街2段口引道,0,0,2,2,C03,7,3,5,50,3,1,1,5,4,5,7,4,4,9,5,5,2,13,1,21,2,8,1,1,7,9,1,10,1,13,,44,16,1,22,9,121.5115624,25.09054223
111,7,19,19,48,2,12內湖區,內湖區民權東路6段與民權東路6段120巷口,0,0,1,1,B12,8,1,5,50,14,8,1,5,4,5,7,4,4,1,5,4,2,17,2,63,3,10,1,1,7,8,1,8,1,5,,7,7,1,22,9,121.5872449,25.06891732
111,7,19,19,48,2,12內湖區,內湖區民權東路6段與民權東路6段120巷口,0,0,1,2,C03,8,1,5,50,14,8,1,5,4,5,7,4,4,1,5,4,2,17,1,18,2,9,1,1,7,9,1,10,1,11,,44,7,1,22,9,121.5872449,25.06891732
111,7,19,19,48,2,12內湖區,內湖區民權東路6段與民權東路6段120巷口,0,0,1,3,B12,8,1,5,50,14,8,1,5,4,5,7,4,4,1,5,4,2,17,1,36,3,10,1,1,7,14,1,8,1,3,,42,7,1,22,9,121.5872449,25.06891732
111,7,19,20,20,2,05中正區,中正區重慶南路2段與愛國西路口,0,0,1,1,C03,7,3,5,50,5,1,1,5,4,5,7,2,1,1,4,5,1,16,1,66,2,9,1,1,7,6,1,10,1,12,,9,9,1,22,9,121.512475,25.03506711
111,7,19,20,20,2,05中正區,中正區重慶南路2段與愛國西路口,0,0,1,2,B03,7,3,5,50,5,1,1,5,4,5,7,2,1,1,4,5,1,16,1,19,3,10,1,1,7,9,1,8,1,8,,44,9,1,22,9,121.512475,25.03506711
111,7,19,20,20,2,05中正區,中正區重慶南路2段與愛國西路口,0,0,1,3,H02,7,3,5,50,5,1,1,5,4,5,7,2,1,1,4,5,1,16,2,18,4,11,1,5,7,17,8,20,10,16,,67,9,1,22,9,121.512475,25.03506711
111,7,19,20,21,2,09北投區,北投區中央南路2段135號,0,0,2,1,C03,8,3,5,60,14,11,1,5,4,5,7,4,4,9,4,4,2,18,1,22,2,9,1,1,7,9,1,10,1,14,,13,42,1,22,9,121.5002894,25.12074736
111,7,19,20,21,2,09北投區,北投區中央南路2段135號,0,0,2,3,H02,8,3,5,60,14,11,1,5,4,5,7,4,4,9,4,4,2,18,2,27,2,9,1,1,7,20,8,20,10,16,,67,42,1,22,9,121.5002894,25.12074736
111,7,19,20,21,2,09北投區,北投區中央南路2段135號,0,0,2,2,,8,3,5,60,14,11,1,5,4,5,7,4,4,9,4,4,2,18,3,,,,,,,,,,,,,67,42,1,,,121.5002894,25.12074736
111,7,19,20,45,2,09北投區,北投區泉源路與幽雅路口口,0,0,1,1,C03,7,3,5,30,5,1,1,4,4,5,1,4,4,10,5,5,2,17,2,38,3,10,1,1,7,6,1,10,2,15,,6,6,1,22,9,121.5141902,25.138584
111,7,19,20,45,2,09北投區,北投區泉源路與幽雅路口口,0,0,1,2,C03,7,3,5,30,5,1,1,4,4,5,1,4,4,10,5,5,2,17,1,52,2,9,1,1,7,5,1,10,2,14,,13,6,1,22,9,121.5141902,25.138584
111,7,19,22,10,2,01大同區,大同區延平北路2段61巷與延平北路2段口,0,0,1,1,C03,7,3,5,50,4,1,1,5,4,5,7,2,1,9,4,5,1,11,1,35,3,10,3,4,7,5,1,10,1,12,,8,8,1,22,9,121.511688,25.0554689
111,7,19,22,10,2,01大同區,大同區延平北路2段61巷與延平北路2段口,0,0,1,2,C03,7,3,5,50,4,1,1,5,4,5,7,2,1,9,4,5,1,11,1,38,2,8,3,4,7,9,1,10,1,11,,44,8,1,22,9,121.511688,25.0554689
111,7,19,22,12,2,03中山區,中山區長春路與建國北路2段口,0,0,1,1,B03,7,3,5,50,14,9,1,5,4,5,7,2,1,5,4,5,2,12,1,53,3,10,1,1,7,8,1,8,1,2,,7,7,1,22,9,121.5366208,25.05473337
111,7,19,22,12,2,03中山區,中山區長春路與建國北路2段口,0,0,1,2,C03,7,3,5,50,14,9,1,5,4,5,7,2,1,5,4,5,2,12,2,39,2,9,1,1,7,7,1,10,1,14,,7,7,1,22,9,121.5366208,25.05473337
111,7,19,22,46,2,01大同區,大同區重慶北路3段與重慶北路3段223巷口,0,0,2,1,B03,8,3,5,50,4,1,1,5,4,5,7,2,1,1,4,5,2,12,2,32,3,10,3,4,7,6,1,8,1,5,,9,9,1,22,9,121.5131345,25.07091562
111,7,19,22,46,2,01大同區,大同區重慶北路3段與重慶北路3段223巷口,0,0,2,2,C03,8,3,5,50,4,1,1,5,4,5,7,2,1,1,4,5,2,12,1,23,2,9,1,4,7,9,1,10,1,14,,44,9,1,22,9,121.5131345,25.07091562
111,7,19,22,46,2,01大同區,大同區重慶北路3段與重慶北路3段223巷口,0,0,2,3,C03,8,3,5,50,4,1,1,5,4,5,7,2,1,1,4,5,2,12,1,20,2,8,1,1,7,14,1,10,1,14,,44,9,1,22,9,121.5131345,25.07091562
111,7,19,22,50,2,04大安區,大安區新生南路1段103巷與無名巷,0,0,1,1,C03,8,3,5,30,4,1,1,5,4,5,7,4,4,10,5,5,2,15,2,23,2,9,1,1,7,9,1,10,2,11,,6,6,1,22,9,121.5346078,25.0406578
111,7,19,22,50,2,04大安區,大安區新生南路1段103巷與無名巷,0,0,1,2,B03,8,3,5,30,4,1,1,5,4,5,7,4,4,10,5,5,2,15,1,49,3,10,1,1,7,9,1,4,2,8,,23,6,1,22,9,121.5346078,25.0406578
111,7,20,0,15,2,11南港區,南港區研究院路2段與研究院路2段54巷口,0,0,1,3,B01,7,3,5,40,3,2,1,5,4,5,7,3,1,9,5,5,2,17,4,,4,11,3,4,7,14,7,19,11,15,,38,7,2,22,9,121.6151337,25.0463174
111,7,20,0,15,2,11南港區,南港區研究院路2段與研究院路2段54巷口,0,0,1,1,B01,7,3,5,40,3,2,1,5,4,5,7,3,1,9,5,5,2,17,1,52,3,10,1,1,7,7,1,8,9,15,,7,7,1,22,9,121.6151337,25.0463174
111,7,20,0,15,2,11南港區,南港區研究院路2段與研究院路2段54巷口,0,0,1,2,C03,7,3,5,40,3,2,1,5,4,5,7,3,1,9,5,5,2,17,1,19,2,9,1,1,7,9,1,10,1,11,,23,7,1,22,9,121.6151337,25.0463174
111,7,20,0,38,2,07信義區,信義區基隆路1段與松壽路口口,0,0,2,1,B01,8,3,5,50,4,1,1,5,4,5,7,1,1,1,4,5,2,15,1,56,3,10,1,1,7,9,1,4,1,4,,25,25,1,22,9,121.5615499,25.03599014
111,7,20,0,38,2,07信義區,信義區基隆路1段與松壽路口口,0,0,2,2,B03,8,3,5,50,4,1,1,5,4,5,7,1,1,1,4,5,2,15,1,61,3,10,1,1,7,9,1,14,1,1,,23,25,1,22,9,121.5615499,25.03599014
111,7,20,0,38,2,07信義區,信義區基隆路1段與松壽路口口,0,0,2,3,H02,8,3,5,50,4,1,1,5,4,5,7,1,1,1,4,5,2,15,1,47,2,9,3,1,7,20,8,20,10,16,,67,25,1,22,9,121.5615499,25.03599014
111,7,20,0,38,2,07信義區,信義區基隆路1段與松壽路口口,0,0,2,4,H02,8,3,5,50,4,1,1,5,4,5,7,1,1,1,4,5,2,15,2,33,2,9,3,1,7,20,8,20,10,16,,67,25,1,22,9,121.5615499,25.03599014
111,7,20,6,17,2,03中山區,中山區吉林路與錦州街口,0,0,1,1,C03,8,1,5,50,4,1,1,5,4,5,7,1,1,5,4,4,2,15,1,63,2,9,1,1,7,9,1,10,1,11,,25,25,1,22,9,121.5302512,25.0603733
111,7,20,6,17,2,03中山區,中山區吉林路與錦州街口,0,0,1,2,B01,8,1,5,50,4,1,1,5,4,5,7,1,1,5,4,4,2,15,1,57,3,10,1,1,7,9,1,4,1,8,,44,25,1,22,9,121.5302512,25.0603733
111,7,20,7,22,2,03中山區,中山區松江路139號,0,0,2,1,C03,8,1,5,50,14,9,1,5,4,5,7,4,4,7,2,5,2,12,2,63,2,9,1,1,7,8,1,10,1,12,,7,7,1,7,1,121.533187,25.05551647
111,7,20,7,22,2,03中山區,中山區松江路139號,0,0,2,2,C03,8,1,5,50,14,9,1,5,4,5,7,4,4,7,2,5,2,12,1,47,2,9,1,1,7,9,1,10,1,14,,44,7,1,5,9,121.533187,25.05551647
111,7,20,7,30,2,01大同區,大同區台北橋機車道往台北,0,0,5,1,C03,8,1,5,50,8,11,1,5,4,5,7,4,4,1,5,5,2,13,1,39,2,8,1,1,7,9,1,9,1,11,,16,16,1,22,9,121.5068236,25.06365172
111,7,20,7,30,2,01大同區,大同區台北橋機車道往台北,0,0,5,2,C03,8,1,5,50,8,11,1,5,4,5,7,4,4,1,5,5,2,13,2,30,2,8,1,1,7,14,1,9,1,13,,44,16,1,22,9,121.5068236,25.06365172
111,7,20,7,30,2,01大同區,大同區台北橋機車道往台北,0,0,5,3,C03,8,1,5,50,8,11,1,5,4,5,7,4,4,1,5,5,2,13,1,27,2,8,1,1,7,9,1,10,1,11,,16,16,1,22,9,121.5068236,25.06365172
111,7,20,7,30,2,01大同區,大同區台北橋機車道往台北,0,0,5,4,C03,8,1,5,50,8,11,1,5,4,5,7,4,4,1,5,5,2,13,2,20,2,9,1,1,7,14,1,10,1,13,,44,16,1,22,9,121.5068236,25.06365172
111,7,20,7,30,2,01大同區,大同區台北橋機車道往台北,0,0,5,5,C03,8,1,5,50,8,11,1,5,4,5,7,4,4,1,5,5,2,13,2,37,2,8,1,1,7,14,1,10,1,13,,44,16,1,22,9,121.5068236,25.06365172
111,7,20,7,35,2,05中正區,中正區中山南路與仁愛路1段口,0,0,1,1,B03,8,1,5,50,5,1,1,5,4,5,7,1,1,10,5,5,2,17,1,59,3,10,1,1,7,9,1,8,2,15,,44,44,1,22,9,121.5179449,25.0394347
111,7,20,7,35,2,05中正區,中正區中山南路與仁愛路1段口,0,0,1,2,C03,8,1,5,50,5,1,1,5,4,5,7,1,1,10,5,5,2,17,2,48,2,8,1,1,7,9,1,10,2,13,,6,44,1,22,9,121.5179449,25.0394347
111,7,20,7,35,2,05中正區,中正區中山南路與仁愛路1段口,0,0,1,3,C03,8,1,5,50,5,1,1,5,4,5,7,1,1,10,5,5,2,17,1,40,3,10,1,1,7,9,1,10,2,11,,16,44,1,22,9,121.5179449,25.0394347
111,7,20,7,35,2,05中正區,中正區中山南路與仁愛路1段口,0,0,1,4,C03,8,1,5,50,5,1,1,5,4,5,7,1,1,10,5,5,2,17,1,26,3,10,1,1,7,9,1,10,2,11,,16,44,1,22,9,121.5179449,25.0394347
111,7,20,7,49,2,03中山區,中山區中山北路1段與市民大道1段口,0,0,2,1,F03,8,1,5,0,4,1,1,5,4,5,7,1,1,3,4,5,2,17,1,40,2,4,1,1,7,5,8,20,1,16,,8,8,1,22,9,121.5206817,25.04821637