發生年度,發生月,發生日,發生時-Hours,發生分,處理別-編號,區序,肇事地點,死亡人數,2-30日死亡人數,受傷人數,當事人序號,車種,天候,光線,道路類別,速限-速度限制,道路型態,事故位置,路面狀況1,路面狀況2,路面狀況3,道路障礙1,道路障礙2,號誌1,號誌2,車道劃分-分向,車道劃分-分道1,車道劃分-分道2,車道劃分-分道3,事故類型及型態,性別,年齡,受傷程度,主要傷處,安全帽,行動電話,車輛用途,當事者行動狀態,駕駛資格情形,駕駛執照種類,飲酒情形,車輛撞擊部位1,車輛撞擊部位2,肇因碼-個別,肇因碼-主要,個人肇逃否,職業,旅次目的,座標-X,座標-Y
111,7,20,7,49,2,03中山區,中山區中山北路1段與市民大道1段口,0,0,2,2,C03,8,1,5,0,4,1,1,5,4,5,7,1,1,3,4,5,2,17,2,50,2,9,1,1,7,9,1,10,1,14,,44,8,1,22,9,121.5206817,25.04821637
111,7,20,7,56,2,03中山區,中山區新生北路1段與長安東路1段口,0,0,2,1,C03,8,1,5,50,4,2,1,5,4,5,7,1,1,1,4,5,1,13,2,28,2,7,1,1,7,9,1,10,1,11,,16,16,1,22,9,121.5293419,25.04828627
111,7,20,7,56,2,03中山區,中山區新生北路1段與長安東路1段口,0,0,2,2,C03,8,1,5,50,4,2,1,5,4,5,7,1,1,1,4,5,1,13,1,23,2,7,1,1,7,9,1,10,1,13,,44,16,1,22,9,121.5293419,25.04828627
111,7,20,8,6,2,02萬華區,萬華區大理街112-3號,0,0,1,2,B03,8,1,5,30,14,9,1,5,4,5,7,4,4,10,5,5,2,17,1,74,3,10,1,4,7,9,1,8,1,5,,23,19,1,22,9,121.4977265,25.03427043
111,7,20,8,6,2,02萬華區,萬華區大理街112-3號,0,0,1,1,C03,8,1,5,30,14,9,1,5,4,5,7,4,4,10,5,5,2,17,1,46,2,9,1,4,7,1,1,10,1,13,,19,19,1,22,9,121.4977265,25.03427043
111,7,20,8,10,2,12內湖區,內湖區環山路2段109巷6弄與港華街29巷口,0,0,3,1,B03,8,1,5,30,4,1,1,5,4,5,7,4,4,10,5,5,2,16,1,37,3,10,1,1,7,5,1,8,1,8,,8,8,1,22,9,121.5758941,25.08388226
111,7,20,8,10,2,12內湖區,內湖區環山路2段109巷6弄與港華街29巷口,0,0,3,2,C03,8,1,5,30,4,1,1,5,4,5,7,4,4,10,5,5,2,16,1,39,2,9,1,1,7,14,1,10,1,11,,32,8,1,22,9,121.5758941,25.08388226
111,7,20,8,10,2,12內湖區,內湖區環山路2段109巷6弄與港華街29巷口,0,0,3,3,H02,8,1,5,30,4,1,1,5,4,5,7,4,4,10,5,5,2,16,2,9,2,9,1,5,7,21,8,20,10,16,,67,8,1,22,9,121.5758941,25.08388226
111,7,20,8,10,2,12內湖區,內湖區環山路2段109巷6弄與港華街29巷口,0,0,3,4,H02,8,1,5,30,4,1,1,5,4,5,7,4,4,10,5,5,2,16,2,7,2,9,1,1,7,21,8,20,10,16,,67,8,1,22,9,121.5758941,25.08388226
111,7,20,8,11,2,11南港區,南港區大坑街與民權橋口(民權路2段),0,0,1,1,B12,8,1,5,50,3,1,1,5,4,5,7,1,1,4,3,5,1,16,1,63,3,10,3,4,7,6,1,8,2,2,,9,9,1,22,9,121.6178906,25.04536174
111,7,20,8,11,2,11南港區,南港區大坑街與民權橋口(民權路2段),0,0,1,2,C03,8,1,5,50,3,1,1,5,4,5,7,1,1,4,3,5,1,16,2,32,2,9,3,4,7,9,1,10,2,14,,44,9,1,22,9,121.6178906,25.04536174
111,7,20,8,15,2,01大同區,大同區延平北路2段與保安街口,0,0,1,1,C03,8,1,5,50,4,1,1,5,4,5,7,2,1,9,4,5,2,16,1,39,3,10,1,1,7,5,1,10,1,12,,8,8,1,22,9,121.511473,25.05900062
111,7,20,8,15,2,01大同區,大同區延平北路2段與保安街口,0,0,1,2,B01,8,1,5,50,4,1,1,5,4,5,7,2,1,9,4,5,2,16,1,49,3,10,1,1,7,9,1,4,1,1,,23,8,1,22,9,121.511473,25.05900062
111,7,20,8,15,2,01大同區,大同區延平北路2段與保安街口,0,0,1,3,H02,8,1,5,50,4,1,1,5,4,5,7,2,1,9,4,5,2,16,2,39,2,8,4,5,7,20,8,20,10,16,,67,8,1,22,9,121.511473,25.05900062
111,7,20,8,15,2,10文山區,文山區老泉街26巷與老泉街口,0,0,2,1,F01,8,1,5,50,3,1,1,5,4,5,7,4,4,5,5,5,2,16,1,51,2,9,1,1,7,5,8,20,1,16,,23,23,1,22,9,121.5587407,24.975881
111,7,20,8,15,2,10文山區,文山區老泉街26巷與老泉街口,0,0,2,2,C03,8,1,5,50,3,1,1,5,4,5,7,4,4,5,5,5,2,16,1,22,2,9,1,1,7,5,1,10,1,11,,6,23,1,22,9,121.5587407,24.975881
111,7,20,8,35,2,07信義區,信義區松仁路與吳興街口,0,0,1,1,C03,8,1,8,50,5,1,1,5,4,5,7,2,1,9,5,5,2,17,1,30,2,8,1,1,7,6,1,10,11,12,,42,42,1,22,9,121.5699185,25.0236809
111,7,20,8,35,2,07信義區,信義區松仁路與吳興街口,0,0,1,2,B01,8,1,8,50,5,1,1,5,4,5,7,2,1,9,5,5,2,17,1,50,3,10,1,1,7,5,1,4,11,15,,8,42,1,22,9,121.5699185,25.0236809
111,7,20,8,42,2,03中山區,中山區建國高架道往南第64號橋梁接縫處,0,0,1,1,C02,8,1,5,40,10,16,1,5,4,5,7,4,4,1,3,5,2,13,1,23,2,9,3,4,7,11,1,9,1,15,,23,23,1,22,9,121.5366421,25.04732707
111,7,20,8,42,2,03中山區,中山區建國高架道往南第64號橋梁接縫處,0,0,1,2,B03,8,1,5,40,10,16,1,5,4,5,7,4,4,1,3,5,2,13,2,37,3,10,3,4,7,9,1,15,1,3,,6,23,1,22,9,121.5366421,25.04732707
111,7,20,8,50,2,03中山區,中山區南京東路3段89巷與南京東路3段口,0,0,1,1,B03,8,1,5,40,3,1,1,5,4,5,7,4,4,7,2,4,2,12,2,44,3,10,1,1,7,6,1,8,1,2,,9,9,1,2,1,121.5388348,25.05205682
111,7,20,8,50,2,03中山區,中山區南京東路3段89巷與南京東路3段口,0,0,1,2,C03,8,1,5,40,3,1,1,5,4,5,7,4,4,7,2,4,2,12,2,26,2,9,1,1,7,9,1,10,1,14,,44,9,1,5,1,121.5388348,25.05205682
111,7,20,8,50,2,11南港區,南港區研究院路2段54巷與研究院路2段12巷14弄口,0,0,2,1,C03,8,1,5,30,4,2,1,5,4,4,6,4,4,10,5,5,2,11,2,42,2,8,3,4,7,6,1,10,2,11,,23,23,1,22,9,121.6144945,25.0463172
111,7,20,8,50,2,11南港區,南港區研究院路2段54巷與研究院路2段12巷14弄口,0,0,2,2,F01,8,1,5,30,4,2,1,5,4,4,6,4,4,10,5,5,2,11,2,78,2,9,3,4,7,9,8,20,2,16,,5,23,1,22,9,121.6144945,25.0463172
111,7,20,8,55,2,06松山區,松山區八德路4段106巷2弄16號,0,0,1,1,C03,8,1,5,30,14,9,1,5,4,5,7,4,4,10,5,5,2,16,1,45,3,10,1,1,7,5,1,10,1,11,,8,8,1,22,9,121.5604266,25.04793224
111,7,20,8,55,2,06松山區,松山區八德路4段106巷2弄16號,0,0,1,2,C03,8,1,5,30,14,9,1,5,4,5,7,4,4,10,5,5,2,16,2,33,2,9,1,1,7,9,1,10,1,12,,23,8,1,22,9,121.5604266,25.04793224
111,7,20,8,55,2,06松山區,松山區八德路4段106巷2弄16號,0,0,1,3,C03,8,1,5,30,14,9,1,5,4,5,7,4,4,10,5,5,2,16,1,56,3,10,1,1,7,13,1,10,1,13,,44,8,1,22,9,121.5604266,25.04793224
111,7,20,9,0,2,12內湖區,內湖區基湖路3巷49號前,0,0,1,1,C03,8,1,5,50,14,9,1,5,4,5,7,4,4,5,5,5,2,13,1,33,3,10,1,1,7,9,1,9,1,11,,16,16,1,22,9,121.5672087,25.08061926
111,7,20,9,0,2,12內湖區,內湖區基湖路3巷49號前,0,0,1,2,B01,8,1,5,50,14,9,1,5,4,5,7,4,4,5,5,5,2,13,1,47,2,2,1,1,7,12,1,4,1,6,,42,16,1,22,9,121.5672087,25.08061926
111,7,20,9,0,2,12內湖區,內湖區民權東路6段123巷43弄與民權東路6段123巷口,0,0,2,1,B03,8,1,5,30,3,1,1,5,4,5,7,4,4,5,5,5,1,16,1,43,3,10,3,4,7,5,1,8,1,1,,6,6,1,22,9,121.5929132,25.0703979
111,7,20,9,0,2,12內湖區,內湖區民權東路6段123巷43弄與民權東路6段123巷口,0,0,2,2,C03,8,1,5,30,3,1,1,5,4,5,7,4,4,5,5,5,1,16,1,70,2,9,3,4,7,9,1,10,1,12,,44,6,1,22,9,121.5929132,25.0703979
111,7,20,9,0,2,12內湖區,內湖區民權東路6段123巷43弄與民權東路6段123巷口,0,0,2,3,H02,8,1,5,30,3,1,1,5,4,5,7,4,4,5,5,5,1,16,2,67,2,9,3,5,7,20,8,20,10,16,,67,6,1,22,9,121.5929132,25.0703979
111,7,20,9,0,2,12內湖區,內湖區民權東路6段123巷43弄與民權東路6段123巷口,0,0,2,4,,8,1,5,30,3,1,1,5,4,5,7,4,4,5,5,5,1,16,4,,4,11,3,4,7,13,7,19,11,15,,38,6,2,22,9,121.5929132,25.0703979
111,7,20,9,9,2,07信義區,信義區吳興街220巷與吳興街220巷59弄口口,0,0,2,1,C02,8,1,5,30,3,1,1,5,4,5,7,2,1,5,5,5,2,12,1,55,2,9,1,1,7,4,1,9,2,14,,1,1,1,22,9,121.5616366,25.0265933
111,7,20,9,9,2,07信義區,信義區吳興街220巷與吳興街220巷59弄口口,0,0,2,2,B03,8,1,5,30,3,1,1,5,4,5,7,2,1,5,5,5,2,12,1,34,2,7,1,1,7,6,1,8,2,2,,42,1,1,22,9,121.5616366,25.0265933
111,7,20,9,13,2,06松山區,松山區南京東路5段251巷22弄與南京東路5段291巷6弄口,0,0,1,1,C02,8,1,5,30,4,1,1,5,4,5,7,4,4,10,5,5,1,15,1,29,2,9,1,1,7,9,1,9,1,11,,6,6,1,3,5,121.565085,25.05197218
111,7,20,9,13,2,06松山區,松山區南京東路5段251巷22弄與南京東路5段291巷6弄口,0,0,1,2,B01,8,1,5,30,4,1,1,5,4,5,7,4,4,10,5,5,1,15,1,55,3,10,1,1,7,9,1,4,1,5,,44,6,1,10,3,121.565085,25.05197218
111,7,20,9,15,2,02萬華區,萬華區南寧路40號,0,0,1,1,B03,8,1,5,50,14,9,1,5,4,5,7,4,4,3,4,5,2,12,1,48,3,10,1,1,7,6,1,2,1,2,,9,9,1,22,9,121.5045981,25.03609047
111,7,20,9,15,2,02萬華區,萬華區南寧路40號,0,0,1,2,C03,8,1,5,50,14,9,1,5,4,5,7,4,4,3,4,5,2,12,1,46,2,8,1,1,7,15,1,10,1,11,,44,9,1,22,9,121.5045981,25.03609047
111,7,20,9,22,2,04大安區,大安區羅斯福路3段與浦城街口,0,0,1,1,B01,8,1,5,50,4,1,1,5,4,5,7,2,1,1,4,5,2,17,1,64,3,10,1,1,7,7,1,3,1,15,,7,7,1,22,9,121.5263447,25.0224166
111,7,20,9,22,2,04大安區,大安區羅斯福路3段與浦城街口,0,0,1,2,C03,8,1,5,50,4,1,1,5,4,5,7,2,1,1,4,5,2,17,1,25,2,9,1,1,7,9,1,10,1,12,,16,7,1,22,9,121.5263447,25.0224166
111,7,20,9,25,2,08士林區,士林區通河西街1段堤外機車練習場,0,0,2,1,C03,8,1,5,50,14,9,1,5,4,5,7,4,4,7,5,5,2,12,1,18,2,9,3,4,7,5,1,10,2,14,,8,8,1,22,9,121.5132691,25.08317742
111,7,20,9,25,2,08士林區,士林區通河西街1段堤外機車練習場,0,0,2,2,C03,8,1,5,50,14,9,1,5,4,5,7,4,4,7,5,5,2,12,2,35,2,9,3,4,7,9,1,10,2,15,,23,8,1,22,9,121.5132691,25.08317742
111,7,20,9,30,2,09北投區,北投區公館路334巷與公館路228巷口,0,0,1,1,B01,8,1,5,30,4,1,1,5,4,5,7,4,4,10,5,5,2,15,1,49,3,10,1,1,7,9,1,8,1,5,,6,6,1,22,9,121.5047445,25.12461831
111,7,20,9,30,2,09北投區,北投區公館路334巷與公館路228巷口,0,0,1,2,C03,8,1,5,30,4,1,1,5,4,5,7,4,4,10,5,5,2,15,2,55,2,9,1,1,7,9,1,10,1,11,,14,6,1,22,9,121.5047445,25.12461831
111,7,20,10,2,2,02萬華區,萬華區成都路67號,0,0,1,1,C03,8,1,5,50,14,9,1,5,4,5,7,4,4,10,4,5,2,17,1,22,2,9,1,4,7,9,1,10,1,14,,42,42,1,22,9,121.5056218,25.04287583
111,7,20,10,2,2,02萬華區,萬華區成都路67號,0,0,1,2,C03,8,1,5,50,14,9,1,5,4,5,7,4,4,10,4,5,2,17,2,43,3,10,1,4,7,12,1,10,1,15,,42,42,1,22,9,121.5056218,25.04287583
111,7,20,10,20,2,06松山區,松山區八德路4段245巷與東興路2巷口,0,0,2,1,C03,8,1,5,30,4,1,1,5,4,5,7,4,4,5,2,5,2,15,1,21,2,8,1,1,7,9,1,10,1,11,,6,6,1,22,9,121.564217,25.05076663
111,7,20,10,20,2,06松山區,松山區八德路4段245巷與東興路2巷口,0,0,2,2,C03,8,1,5,30,4,1,1,5,4,5,7,4,4,5,2,5,2,15,2,28,2,9,1,1,7,9,1,10,1,14,,6,6,1,22,9,121.564217,25.05076663
111,7,20,10,20,2,07信義區,信義區林口街80巷19號,0,0,1,1,C03,8,1,5,30,14,9,1,5,4,5,7,4,4,10,5,5,2,2,1,73,3,10,1,1,7,9,1,10,1,11,,23,23,1,22,9,121.5799432,25.03936973
111,7,20,10,20,2,07信義區,信義區林口街80巷19號,0,0,1,2,H01,8,1,5,30,14,9,1,5,4,5,7,4,4,10,5,5,2,2,2,83,2,9,4,5,8,16,8,20,10,16,,67,23,1,22,9,121.5799432,25.03936973
111,7,20,10,35,2,11南港區,南港區研究院路2段與研究院路2段61巷口,0,0,1,1,B12,8,1,5,50,4,2,1,5,4,5,7,2,1,1,4,5,2,16,1,31,3,10,3,4,7,5,1,7,1,7,,23,23,1,22,9,121.6163016,25.04389812
111,7,20,10,35,2,11南港區,南港區研究院路2段與研究院路2段61巷口,0,0,1,2,C03,8,1,5,50,4,2,1,5,4,5,7,2,1,1,4,5,2,16,1,64,2,8,3,4,7,14,1,10,1,11,,44,23,1,22,9,121.6163016,25.04389812
111,7,20,10,45,2,08士林區,士林區通河西街1段堤外便道(考照練習場),0,0,1,1,C03,8,1,5,50,14,9,1,5,4,5,7,4,4,9,5,5,1,16,1,18,3,10,3,4,7,5,1,10,1,13,,8,8,1,22,9,121.5132855,25.08320049
111,7,20,10,45,2,08士林區,士林區通河西街1段堤外便道(考照練習場),0,0,1,2,C03,8,1,5,50,14,9,1,5,4,5,7,4,4,9,5,5,1,16,2,24,2,8,3,4,7,4,1,10,1,14,,1,8,1,22,9,121.5132855,25.08320049
111,7,20,11,20,2,07信義區,信義區永吉路200巷81弄1號,0,0,1,1,C03,8,1,5,30,14,9,1,5,4,5,7,4,4,10,5,5,2,17,1,39,2,9,1,1,7,9,1,10,2,11,,23,23,1,22,9,121.5723472,25.0435978
111,7,20,11,20,2,07信義區,信義區永吉路200巷81弄1號,0,0,1,2,B03,8,1,5,30,14,9,1,5,4,5,7,4,4,10,5,5,2,17,1,55,3,10,1,1,7,9,1,8,2,1,,44,23,1,22,9,121.5723472,25.0435978
111,7,20,11,30,2,02萬華區,萬華區環河南路1段與武昌街2段口,0,0,2,1,B03,8,1,5,50,4,1,1,5,4,5,7,2,1,5,4,5,2,15,1,59,3,10,1,1,7,9,1,8,1,1,,25,25,1,22,9,121.5025174,25.04573238
111,7,20,11,30,2,02萬華區,萬華區環河南路1段與武昌街2段口,0,0,2,2,C03,8,1,5,50,4,1,1,5,4,5,7,2,1,5,4,5,2,15,1,72,2,9,1,1,7,9,1,10,1,12,,44,25,1,22,9,121.5025174,25.04573238
111,7,20,11,30,2,02萬華區,萬華區環河南路1段與武昌街2段口,0,0,2,3,H02,8,1,5,50,4,1,1,5,4,5,7,2,1,5,4,5,2,15,2,3,2,9,4,5,7,20,8,20,10,16,,67,25,1,22,9,121.5025174,25.04573238
111,7,20,11,43,2,07信義區,信義區富陽街87巷與富陽街21巷口,0,0,2,1,C03,8,1,5,30,4,1,1,5,4,5,7,4,4,10,5,5,2,15,1,22,2,7,1,1,7,9,1,10,1,11,,6,6,1,22,9,121.5578498,25.0218885
111,7,20,11,43,2,07信義區,信義區富陽街87巷與富陽街21巷口,0,0,2,2,C03,8,1,5,30,4,1,1,5,4,5,7,4,4,10,5,5,2,15,1,34,2,9,1,1,7,9,1,10,1,14,,14,6,1,22,9,121.5578498,25.0218885
111,7,20,11,58,2,12內湖區,內湖區環山路1段與內湖路1段217巷口,0,0,1,1,B12,8,1,5,50,3,1,1,5,4,5,7,4,4,5,5,4,2,16,1,53,3,10,1,1,7,11,1,8,1,8,,10,10,1,22,9,121.5655353,25.08335612
111,7,20,11,58,2,12內湖區,內湖區環山路1段與內湖路1段217巷口,0,0,1,2,C03,8,1,5,50,3,1,1,5,4,5,7,4,4,5,5,4,2,16,1,19,2,9,1,1,7,9,1,10,1,12,,44,10,1,22,9,121.5655353,25.08335612
111,7,20,11,58,2,12內湖區,內湖區環山路1段與內湖路1段217巷口,0,0,1,3,C03,8,1,5,50,3,1,1,5,4,5,7,4,4,5,5,4,2,16,1,30,3,10,1,1,7,13,1,10,1,13,,44,10,1,22,9,121.5655353,25.08335612
111,7,20,11,58,2,12內湖區,內湖區環山路1段與內湖路1段217巷口,0,0,1,4,C03,8,1,5,50,3,1,1,5,4,5,7,4,4,5,5,4,2,16,4,,4,11,3,4,7,15,7,19,11,15,,44,10,2,22,9,121.5655353,25.08335612
111,7,20,11,58,2,12內湖區,內湖區環山路1段與內湖路1段217巷口,0,0,1,5,C03,8,1,5,50,3,1,1,5,4,5,7,4,4,5,5,4,2,16,2,41,3,10,1,1,7,13,1,10,1,13,,44,10,1,22,9,121.5655353,25.08335612
111,7,20,11,58,2,12內湖區,內湖區環山路1段與內湖路1段217巷口,0,0,1,6,C03,8,1,5,50,3,1,1,5,4,5,7,4,4,5,5,4,2,16,1,35,3,10,1,1,7,13,1,10,1,13,,44,10,1,22,9,121.5655353,25.08335612
111,7,20,11,58,2,12內湖區,內湖區環山路1段與內湖路1段217巷口,0,0,1,7,C03,8,1,5,50,3,1,1,5,4,5,7,4,4,5,5,4,2,16,1,56,4,11,3,4,7,15,7,19,11,15,,44,10,2,22,9,121.5655353,25.08335612
111,7,20,11,58,2,12內湖區,內湖區環山路1段與內湖路1段217巷口,0,0,1,8,C03,8,1,5,50,3,1,1,5,4,5,7,4,4,5,5,4,2,16,1,35,3,10,1,1,7,13,1,10,1,13,,44,10,1,22,9,121.5655353,25.08335612
111,7,20,12,18,2,07信義區,信義區松智路與松平路口,0,0,1,1,C03,8,1,5,50,4,1,1,5,4,5,7,1,1,9,5,5,2,12,1,18,2,8,1,1,7,6,3,18,1,12,,9,9,1,22,9,121.5653915,25.0304765
111,7,20,12,18,2,07信義區,信義區松智路與松平路口,0,0,1,2,C03,8,1,5,50,4,1,1,5,4,5,7,1,1,9,5,5,2,12,1,34,3,10,1,1,7,9,1,10,1,11,,13,9,1,22,9,121.5653915,25.0304765
111,7,20,13,4,2,04大安區,大安區敦化南路2段11巷與敦化南路2段11巷14弄口口,0,0,1,1,B01,8,1,5,30,4,1,1,5,4,5,7,4,4,10,5,5,2,15,1,56,3,10,3,4,7,11,1,4,1,8,,10,10,1,22,9,121.5501624,25.03255331
111,7,20,13,4,2,04大安區,大安區敦化南路2段11巷與敦化南路2段11巷14弄口口,0,0,1,2,C03,8,1,5,30,4,1,1,5,4,5,7,4,4,10,5,5,2,15,1,22,2,9,3,4,7,9,1,9,1,12,,6,10,1,22,9,121.5501624,25.03255331
111,7,20,13,18,2,09北投區,北投區大度路3段與立功街口,0,0,1,1,B01,8,1,5,30,3,2,1,5,4,5,7,3,1,9,5,5,1,12,1,53,3,10,1,1,7,6,1,4,2,2,,17,17,1,22,9,121.4689155,25.1231168
111,7,20,13,18,2,09北投區,北投區大度路3段與立功街口,0,0,1,2,C03,8,1,5,30,3,2,1,5,4,5,7,3,1,9,5,5,1,12,2,54,2,9,1,1,7,6,1,10,2,14,,17,17,1,22,9,121.4689155,25.1231168
111,7,20,13,53,2,03中山區,中山區中山北路2段11巷與中山北路2段口,0,0,1,1,B03,8,1,5,50,3,1,1,5,4,5,7,4,4,4,4,5,2,16,1,25,3,10,3,4,7,6,1,8,1,6,,9,9,1,22,9,121.5227189,25.05279668
111,7,20,13,53,2,03中山區,中山區中山北路2段11巷與中山北路2段口,0,0,1,2,C03,8,1,5,50,3,1,1,5,4,5,7,4,4,4,4,5,2,16,1,52,2,8,1,4,7,9,1,10,1,14,,14,9,1,22,9,121.5227189,25.05279668
111,7,20,13,55,2,01大同區,大同區鄭州路與太原路口,0,0,1,1,B03,7,1,5,40,3,1,1,4,4,5,7,3,1,1,4,5,2,12,2,37,3,10,1,4,7,6,1,8,1,2,,9,9,1,22,9,121.514876,25.0492146
111,7,20,13,55,2,01大同區,大同區鄭州路與太原路口,0,0,1,2,C03,7,1,5,40,3,1,1,4,4,5,7,3,1,1,4,5,2,12,1,21,2,7,1,4,7,9,1,10,1,14,,14,9,1,22,9,121.514876,25.0492146
111,7,20,14,1,2,04大安區,大安區羅斯福路4段1號捷運公館3號出口,0,0,1,1,B02,8,1,5,50,14,9,1,5,4,5,7,4,4,1,4,5,2,13,1,21,3,10,1,4,7,9,1,8,1,1,,23,23,1,22,9,121.5339482,25.0152429
111,7,20,14,1,2,04大安區,大安區羅斯福路4段1號捷運公館3號出口,0,0,1,2,B03,8,1,5,50,14,9,1,5,4,5,7,4,4,1,4,5,2,13,1,59,3,10,1,4,7,14,1,8,1,3,,44,23,1,22,9,121.5339482,25.0152429
111,7,20,14,1,2,04大安區,大安區羅斯福路4段1號捷運公館3號出口,0,0,1,3,H02,8,1,5,50,14,9,1,5,4,5,7,4,4,1,4,5,2,13,2,59,2,2,4,4,7,20,8,20,10,16,,67,23,1,22,9,121.5339482,25.0152429
111,7,20,15,0,2,05中正區,中正區重慶南路1段136巷與重慶南路1段口,0,0,1,1,B02,8,1,5,50,3,1,1,5,4,5,7,4,4,5,4,5,2,12,1,39,3,10,1,1,7,6,1,4,2,2,,9,9,1,22,9,121.5124969,25.0363193
111,7,20,15,0,2,05中正區,中正區重慶南路1段136巷與重慶南路1段口,0,0,1,2,C03,8,1,5,50,3,1,1,5,4,5,7,4,4,5,4,5,2,12,2,38,2,9,1,1,7,9,1,9,2,14,,44,9,1,22,9,121.5124969,25.0363193
111,7,20,15,13,2,10文山區,文山區興隆路2段與興隆路2段203巷口,0,0,1,1,B03,6,1,5,50,4,1,1,4,4,5,7,2,1,5,5,5,2,3,1,20,3,10,1,1,7,5,1,8,2,4,,15,15,1,22,9,121.5498968,25.0008145
111,7,20,15,13,2,10文山區,文山區興隆路2段與興隆路2段203巷口,0,0,1,2,H01,6,1,5,50,4,1,1,4,4,5,7,2,1,5,5,5,2,3,1,60,2,7,4,5,8,16,8,20,10,16,,67,15,1,22,9,121.5498968,25.0008145
111,7,20,15,25,2,11南港區,南港區南深路與南深路19巷口,0,0,1,1,C03,8,1,5,50,3,1,1,5,4,4,6,4,4,5,5,5,2,16,2,18,2,9,1,1,7,5,1,10,2,11,,8,8,1,22,9,121.6213836,25.0383444
111,7,20,15,25,2,11南港區,南港區南深路與南深路19巷口,0,0,1,2,B12,8,1,5,50,3,1,1,5,4,4,6,4,4,5,5,5,2,16,1,62,3,10,3,4,7,9,1,8,2,2,,23,8,1,22,9,121.6213836,25.0383444
111,7,20,15,29,2,09北投區,北投區大度路3段151號與大度路3段口,0,0,1,1,A41,8,1,5,50,14,9,1,5,4,5,7,3,1,9,4,5,1,12,1,64,3,10,1,1,7,6,1,1,2,5,,9,9,1,22,9,121.4714685,25.12272441
111,7,20,15,29,2,09北投區,北投區大度路3段151號與大度路3段口,0,0,1,2,C03,8,1,5,50,14,9,1,5,4,5,7,3,1,9,4,5,1,12,1,49,2,9,1,1,7,9,1,10,2,14,,44,9,1,22,9,121.4714685,25.12272441
111,7,20,15,53,2,08士林區,士林區中山北路6段405巷與中山北路6段441巷口,0,0,1,1,B02,6,1,5,50,4,2,1,4,4,5,7,4,4,9,4,5,1,16,1,46,3,10,3,4,7,1,1,8,1,8,,19,19,1,22,9,121.5273093,25.11542803
111,7,20,15,53,2,08士林區,士林區中山北路6段405巷與中山北路6段441巷口,0,0,1,2,C03,6,1,5,50,4,2,1,4,4,5,7,4,4,9,4,5,1,16,2,21,2,9,3,4,7,5,1,10,1,12,,14,19,1,22,9,121.5273093,25.11542803
111,7,20,16,1,2,08士林區,士林區重慶北路4段236號前,0,0,1,1,B03,6,1,5,50,14,18,1,4,4,5,7,2,1,1,4,4,1,3,1,38,3,10,1,1,7,9,1,8,1,1,,15,15,1,22,9,121.5111995,25.08607979
111,7,20,16,1,2,08士林區,士林區重慶北路4段236號前,0,0,1,2,H01,6,1,5,50,14,18,1,4,4,5,7,2,1,1,4,4,1,3,1,11,2,9,4,5,8,18,8,20,10,16,,52,15,1,22,9,121.5111995,25.08607979
111,7,20,16,25,2,08士林區,士林區天玉街38巷13弄與天玉街38巷口,0,0,1,1,C03,6,2,5,50,4,1,1,4,4,5,7,2,1,5,5,5,1,17,1,65,2,9,1,1,7,9,1,10,2,11,,25,25,1,21,8,121.5293249,25.12008795
111,7,20,16,25,2,08士林區,士林區天玉街38巷13弄與天玉街38巷口,0,0,1,2,B12,6,2,5,50,4,1,1,4,4,5,7,2,1,5,5,5,1,17,1,40,3,10,1,1,7,9,1,8,2,5,,44,25,1,21,9,121.5293249,25.12008795
111,7,20,17,3,2,02萬華區,萬華區萬大路187巷42號前路口,0,0,1,1,C03,6,1,5,30,3,1,1,4,4,5,7,4,4,10,5,5,2,12,2,69,3,10,1,3,7,5,1,10,11,14,,8,8,1,22,9,121.5015334,25.0281559
111,7,20,17,3,2,02萬華區,萬華區萬大路187巷42號前路口,0,0,1,2,C03,6,1,5,30,3,1,1,4,4,5,7,4,4,10,5,5,2,12,2,64,2,9,1,1,7,9,1,10,11,12,,44,8,1,22,9,121.5015334,25.0281559
111,7,20,17,4,2,12內湖區,內湖區民權東路6段123巷與民權東路6段口,0,0,1,1,B01,6,3,5,50,4,1,1,4,4,5,7,1,1,1,4,5,2,17,1,47,4,11,3,4,7,8,7,19,11,15,,7,7,2,22,9,121.5927946,25.06886943
111,7,20,17,4,2,12內湖區,內湖區民權東路6段123巷與民權東路6段口,0,0,1,2,C03,6,3,5,50,4,1,1,4,4,5,7,1,1,1,4,5,2,17,1,23,2,9,1,1,7,9,1,10,2,15,,23,7,1,22,9,121.5927946,25.06886943
111,7,20,17,17,2,04大安區,大安區信義路3段與復興南路1段口,0,0,1,1,B01,6,1,5,50,4,1,1,4,4,5,7,1,1,1,4,5,2,13,1,55,3,10,3,4,7,5,1,4,1,1,,23,23,1,22,9,121.5436876,25.0332999
111,7,20,17,17,2,04大安區,大安區信義路3段與復興南路1段口,0,0,1,2,C03,6,1,5,50,4,1,1,4,4,5,7,1,1,1,4,5,2,13,1,50,2,9,3,4,7,5,1,10,1,13,,44,23,1,22,9,121.5436876,25.0332999
111,7,20,17,17,2,09北投區,北投區明德路337巷與明德路口,0,0,1,1,B03,6,3,5,30,3,2,1,4,4,5,7,4,4,9,4,5,1,11,1,63,3,10,1,1,7,5,1,6,2,1,,43,43,1,22,9,121.5203789,25.1167618
111,7,20,17,17,2,09北投區,北投區明德路337巷與明德路口,0,0,1,2,C03,6,3,5,30,3,2,1,4,4,5,7,4,4,9,4,5,1,11,2,21,2,7,1,1,7,9,1,10,2,12,,43,43,1,22,9,121.5203789,25.1167618
111,7,20,17,29,2,04大安區,大安區忠孝東路4段與敦化南路1段口,0,0,1,1,B01,6,1,5,50,14,9,1,4,4,5,7,4,4,1,4,5,2,16,1,49,3,10,1,1,7,15,1,4,1,4,,6,6,1,22,9,121.548587,25.0412529