發生年度,發生月,發生日,發生時-Hours,發生分,處理別-編號,區序,肇事地點,死亡人數,2-30日死亡人數,受傷人數,當事人序號,車種,天候,光線,道路類別,速限-速度限制,道路型態,事故位置,路面狀況1,路面狀況2,路面狀況3,道路障礙1,道路障礙2,號誌1,號誌2,車道劃分-分向,車道劃分-分道1,車道劃分-分道2,車道劃分-分道3,事故類型及型態,性別,年齡,受傷程度,主要傷處,安全帽,行動電話,車輛用途,當事者行動狀態,駕駛資格情形,駕駛執照種類,飲酒情形,車輛撞擊部位1,車輛撞擊部位2,肇因碼-個別,肇因碼-主要,個人肇逃否,職業,旅次目的,座標-X,座標-Y
111,7,20,17,29,2,04大安區,大安區忠孝東路4段與敦化南路1段口,0,0,1,2,C03,6,1,5,50,14,9,1,4,4,5,7,4,4,1,4,5,2,16,1,18,2,7,1,1,7,9,1,10,1,12,,44,6,1,22,9,121.548587,25.0412529
111,7,20,17,33,2,12內湖區,內湖區新明路219巷與潭美街口,0,0,1,1,B12,8,1,5,40,14,9,1,4,4,5,7,4,4,7,5,5,2,12,1,46,4,11,3,4,7,15,7,19,11,15,,17,17,2,22,9,121.5880971,25.05743359
111,7,20,17,33,2,12內湖區,內湖區新明路219巷與潭美街口,0,0,1,2,C03,8,1,5,40,14,9,1,4,4,5,7,4,4,7,5,5,2,12,1,24,2,7,1,1,7,9,1,10,1,14,,17,17,1,22,9,121.5880971,25.05743359
111,7,20,17,33,2,12內湖區,內湖區新明路219巷與潭美街口,0,0,1,4,C03,8,1,5,40,14,9,1,4,4,5,7,4,4,7,5,5,2,12,1,27,3,10,3,4,7,13,7,19,11,15,,44,17,1,22,9,121.5880971,25.05743359
111,7,20,17,33,2,12內湖區,內湖區新明路219巷與潭美街口,0,0,1,5,C03,8,1,5,40,14,9,1,4,4,5,7,4,4,7,5,5,2,12,1,27,3,10,3,4,7,13,7,19,11,15,,44,17,1,22,9,121.5880971,25.05743359
111,7,20,17,33,2,12內湖區,內湖區新明路219巷與潭美街口,0,0,1,6,C03,8,1,5,40,14,9,1,4,4,5,7,4,4,7,5,5,2,12,2,27,4,11,3,4,7,15,7,19,11,15,,44,17,2,22,9,121.5880971,25.05743359
111,7,20,17,33,2,12內湖區,內湖區新明路219巷與潭美街口,0,0,1,3,C03,8,1,5,40,14,9,1,4,4,5,7,4,4,7,5,5,2,12,1,34,3,10,3,4,7,13,7,19,11,15,,44,17,1,22,9,121.5880971,25.05743359
111,7,20,17,35,2,07信義區,信義區永吉路326巷與虎林街66巷口,0,0,1,1,B03,6,1,5,30,4,1,1,4,4,5,7,4,4,10,5,5,2,16,1,21,3,10,1,1,7,6,1,8,1,8,,6,6,1,22,9,121.5744189,25.0456162
111,7,20,17,35,2,07信義區,信義區永吉路326巷與虎林街66巷口,0,0,1,2,C03,6,1,5,30,4,1,1,4,4,5,7,4,4,10,5,5,2,16,2,60,2,9,1,1,7,9,1,10,1,12,,14,6,1,22,9,121.5744189,25.0456162
111,7,20,18,10,2,05中正區,中正區和平西路1段79號,0,0,1,1,B03,7,2,5,50,14,9,1,4,4,3,7,4,4,3,4,5,2,17,2,58,3,10,1,1,7,13,1,8,1,4,,40,40,1,22,9,121.5185215,25.0266665
111,7,20,18,10,2,05中正區,中正區和平西路1段79號,0,0,1,2,C03,7,2,5,50,14,9,1,4,4,3,7,4,4,3,4,5,2,17,1,28,2,9,1,1,7,9,1,10,1,12,,44,40,1,22,9,121.5185215,25.0266665
111,7,20,18,10,2,05中正區,中正區和平西路1段79號,0,0,1,3,B01,7,2,5,50,14,9,1,4,4,3,7,4,4,3,4,5,2,17,1,62,3,10,1,1,7,9,1,4,1,6,,44,40,1,22,9,121.5185215,25.0266665
111,7,20,18,10,2,12內湖區,內湖區南京東路6段東往西,0,0,1,1,B03,6,1,5,50,14,9,1,4,4,5,7,4,4,1,5,5,2,13,1,75,3,10,1,1,7,9,1,8,1,5,,22,,1,22,9,121.5794366,25.05623656
111,7,20,18,10,2,12內湖區,內湖區南京東路6段東往西,0,0,1,2,B03,6,1,5,50,14,9,1,4,4,5,7,4,4,1,5,5,2,13,1,41,3,10,1,1,7,14,1,8,1,7,,44,,1,22,9,121.5794366,25.05623656
111,7,20,18,10,2,12內湖區,內湖區南京東路6段東往西,0,0,1,3,H02,6,1,5,50,14,9,1,4,4,5,7,4,4,1,5,5,2,13,2,33,2,9,1,5,7,20,8,20,10,16,,67,,1,22,9,121.5794366,25.05623656
111,7,20,18,11,2,01大同區,大同區忠孝西路1段與塔城街口,0,0,2,1,C03,7,1,5,50,4,1,1,4,4,5,7,2,1,1,4,5,2,15,1,38,2,9,1,4,7,9,1,10,1,12,,25,25,1,22,9,121.5101108,25.04822466
111,7,20,18,11,2,01大同區,大同區忠孝西路1段與塔城街口,0,0,2,2,C03,7,1,5,50,4,1,1,4,4,5,7,2,1,1,4,5,2,15,1,34,2,9,1,4,7,9,1,10,1,11,,23,25,1,22,9,121.5101108,25.04822466
111,7,20,18,15,2,07信義區,信義區吳興街與吳興街220巷口,0,0,1,1,C03,8,1,5,50,4,2,1,5,4,5,7,1,1,5,5,5,1,16,2,49,3,10,3,4,7,9,1,10,1,14,,26,26,1,22,9,121.5629597,25.0279373
111,7,20,18,15,2,07信義區,信義區吳興街與吳興街220巷口,0,0,1,2,C03,8,1,5,50,4,2,1,5,4,5,7,1,1,5,5,5,1,16,1,24,2,9,3,4,7,9,1,10,1,12,,23,26,1,22,9,121.5629597,25.0279373
111,7,20,18,25,2,01大同區,大同區鄭州路與重慶北路1段口,0,0,1,1,B03,6,1,5,40,4,1,1,4,4,5,7,1,1,1,4,1,2,12,1,41,4,11,3,4,7,15,7,19,11,15,,42,42,2,22,9,121.5134988,25.04963466
111,7,20,18,25,2,01大同區,大同區鄭州路與重慶北路1段口,0,0,1,2,C03,6,1,5,40,4,1,1,4,4,5,7,1,1,1,4,1,2,12,2,36,2,9,1,1,7,9,1,10,1,12,,26,42,1,22,9,121.5134988,25.04963466
111,7,20,18,26,2,01大同區,大同區環河北路1段與民生西路口,0,0,1,1,B03,7,1,5,50,3,1,1,4,4,5,7,2,1,1,4,5,2,12,1,44,3,10,3,4,7,6,1,8,1,2,,9,9,1,22,9,121.5083002,25.05686205
111,7,20,18,26,2,01大同區,大同區環河北路1段與民生西路口,0,0,1,2,C03,7,1,5,50,3,1,1,4,4,5,7,2,1,1,4,5,2,12,1,25,2,9,1,1,7,9,1,10,1,11,,13,9,1,22,9,121.5083002,25.05686205
111,7,20,18,27,2,05中正區,中正區中山南路與凱達格蘭大道口,0,0,1,1,C03,7,2,5,50,5,2,1,4,4,5,7,1,1,10,1,5,2,18,2,34,2,9,1,1,7,12,1,10,1,14,,42,42,1,22,9,121.5171935,25.0392916
111,7,20,18,27,2,05中正區,中正區中山南路與凱達格蘭大道口,0,0,1,2,,7,2,5,50,5,2,1,4,4,5,7,1,1,10,1,5,2,18,3,,,,,,,,,,,,,67,42,1,,,121.5171935,25.0392916
111,7,20,18,27,2,05中正區,中正區中山南路與凱達格蘭大道口,0,0,1,3,H03,7,2,5,50,5,2,1,4,4,5,7,1,1,10,1,5,2,18,1,38,3,10,4,5,8,20,8,20,10,16,,67,42,1,22,9,121.5171935,25.0392916
111,7,20,18,27,2,10文山區,文山區指南路3段79號,0,0,2,1,C03,7,1,5,30,14,9,1,4,4,5,7,4,4,10,5,5,2,29,1,26,2,9,1,1,7,9,1,10,1,11,,43,43,1,22,9,121.5807154,24.9822165
111,7,20,18,27,2,10文山區,文山區指南路3段79號,0,0,2,3,H02,7,1,5,30,14,9,1,4,4,5,7,4,4,10,5,5,2,29,2,25,2,9,4,5,7,17,8,20,10,16,,67,43,1,22,9,121.5807154,24.9822165
111,7,20,18,27,2,10文山區,文山區指南路3段79號,0,0,2,2,,7,1,5,30,14,9,1,4,4,5,7,4,4,10,5,5,2,29,3,,,,,,,,,,,,,67,43,1,,,121.5807154,24.9822165
111,7,20,18,34,2,07信義區,信義區仁愛路4段505號,0,0,1,2,C03,7,1,5,50,14,8,1,4,4,5,7,4,4,2,4,2,2,12,1,58,2,7,1,1,7,9,1,10,1,12,,17,17,1,22,9,121.5583221,25.03777897
111,7,20,18,34,2,07信義區,信義區仁愛路4段505號,0,0,1,1,C03,7,1,5,50,14,8,1,4,4,5,7,4,4,2,4,2,2,12,1,24,3,10,1,1,7,9,1,10,1,14,,17,17,1,22,9,121.5583221,25.03777897
111,7,20,18,38,2,08士林區,士林區福港街259巷與福港街259巷18弄口口,0,0,2,1,C03,6,3,5,30,4,1,1,4,4,5,7,4,4,10,5,5,2,16,2,59,2,6,1,1,7,5,1,10,9,11,,6,6,1,22,9,121.5184714,25.0840128
111,7,20,18,38,2,08士林區,士林區福港街259巷與福港街259巷18弄口口,0,0,2,2,C03,6,3,5,30,4,1,1,4,4,5,7,4,4,10,5,5,2,16,1,67,2,5,1,1,7,9,1,10,9,14,,44,6,1,22,9,121.5184714,25.0840128
111,7,20,18,41,2,09北投區,北投區承德路6段與福國路口,0,0,2,1,C03,7,3,5,50,5,2,1,5,4,5,7,2,1,1,2,4,2,16,2,58,4,11,1,1,7,8,1,10,1,12,,7,7,1,22,9,121.512182,25.10166208
111,7,20,18,41,2,09北投區,北投區承德路6段與福國路口,0,0,2,2,C03,7,3,5,50,5,2,1,5,4,5,7,2,1,1,2,4,2,16,1,23,2,9,1,1,7,9,1,10,1,11,,44,7,1,22,9,121.512182,25.10166208
111,7,20,18,41,2,09北投區,北投區承德路6段與福國路口,0,0,2,3,H02,7,3,5,50,5,2,1,5,4,5,7,2,1,1,2,4,2,16,2,29,2,8,1,1,7,20,8,20,10,16,,67,7,1,22,9,121.512182,25.10166208
111,7,20,18,42,2,03中山區,中山區八德路2段175號,0,0,1,1,B03,7,2,5,50,14,9,1,4,4,5,7,4,4,5,4,5,2,17,1,46,3,10,3,4,7,8,1,8,1,15,,7,7,1,22,9,121.5383772,25.0464409
111,7,20,18,42,2,03中山區,中山區八德路2段175號,0,0,1,2,C03,7,2,5,50,14,9,1,4,4,5,7,4,4,5,4,5,2,17,2,54,2,9,1,1,7,9,1,10,1,12,,44,7,1,22,9,121.5383772,25.0464409
111,7,20,18,44,2,09北投區,北投區自強街11號前,0,0,1,1,C03,7,3,5,50,14,9,1,4,4,5,7,4,4,5,4,5,2,12,2,23,2,9,1,1,7,7,1,10,2,14,,7,7,1,22,9,121.5125648,25.1101109
111,7,20,18,44,2,09北投區,北投區自強街11號前,0,0,1,2,C03,7,3,5,50,14,9,1,4,4,5,7,4,4,5,4,5,2,12,1,58,3,10,1,1,7,9,1,10,2,15,,44,7,1,22,9,121.5125648,25.1101109
111,7,20,18,44,2,07信義區,信義區市民大道5段與東興路口,0,0,2,1,B03,6,3,5,50,4,1,1,4,4,5,7,2,1,1,4,4,2,17,2,29,3,10,1,1,7,5,1,8,1,6,,8,8,1,22,9,121.565828,25.0481885
111,7,20,18,44,2,07信義區,信義區市民大道5段與東興路口,0,0,2,2,C03,6,3,5,50,4,1,1,4,4,5,7,2,1,1,4,4,2,17,1,57,2,8,1,1,7,9,1,9,1,11,,44,8,1,22,9,121.565828,25.0481885
111,7,20,18,44,2,07信義區,信義區市民大道5段與東興路口,0,0,2,3,H02,6,3,5,50,4,1,1,4,4,5,7,2,1,1,4,4,2,17,2,52,2,8,1,5,7,20,8,20,10,15,,67,8,1,22,9,121.565828,25.0481885
111,7,20,18,49,2,09北投區,北投區承德路6段與福國路口,0,0,1,1,C03,6,3,5,60,14,9,1,4,4,5,7,1,1,9,4,4,2,17,1,23,2,9,1,1,7,9,1,10,2,14,,43,43,1,22,9,121.5121389,25.10151074
111,7,20,18,49,2,09北投區,北投區承德路6段與福國路口,0,0,1,2,A02,6,3,5,60,14,9,1,4,4,5,7,1,1,9,4,4,2,17,1,21,3,10,1,1,7,6,1,2,2,15,,43,43,1,22,9,121.5121389,25.10151074
111,7,20,19,9,2,03中山區,中山區吉林路與新生北路3段11巷口,0,0,1,1,B03,8,3,5,50,4,2,1,5,4,5,7,4,4,9,4,4,2,12,2,50,3,10,1,1,7,5,1,8,1,4,,8,8,1,22,9,121.5303259,25.0635182
111,7,20,19,9,2,03中山區,中山區吉林路與新生北路3段11巷口,0,0,1,2,C03,8,3,5,50,4,2,1,5,4,5,7,4,4,9,4,4,2,12,2,32,2,8,1,1,7,9,1,10,1,11,,14,8,1,22,9,121.5303259,25.0635182
111,7,20,19,15,2,12內湖區,內湖區洲子街12號,0,0,1,1,C03,8,3,5,30,3,1,1,5,4,5,7,4,4,5,4,5,2,17,2,38,2,8,1,1,7,1,1,10,9,11,,19,19,1,22,9,121.5750258,25.07848336
111,7,20,19,15,2,12內湖區,內湖區洲子街12號,0,0,1,2,C03,8,3,5,30,3,1,1,5,4,5,7,4,4,5,4,5,2,17,1,36,3,10,1,1,7,9,1,10,9,12,,13,19,1,22,9,121.5750258,25.07848336
111,7,20,19,15,2,11南港區,南港區經貿一路與經貿二路157巷口,0,0,1,1,B03,7,3,5,50,4,2,1,5,4,5,7,2,1,1,1,5,2,16,1,30,3,10,3,4,7,6,1,8,1,5,,9,9,1,22,9,121.6187379,25.0609571
111,7,20,19,15,2,11南港區,南港區經貿一路與經貿二路157巷口,0,0,1,2,C02,7,3,5,50,4,2,1,5,4,5,7,2,1,1,1,5,2,16,1,28,2,9,3,4,7,9,1,9,1,14,,26,9,1,22,9,121.6187379,25.0609571
111,7,20,19,20,2,12內湖區,內湖區內湖路1段與內湖路1段120巷口,0,0,1,1,B12,8,3,5,30,4,1,1,5,4,5,7,2,1,10,5,5,2,16,1,34,3,10,1,1,7,5,1,8,1,8,,8,8,1,22,9,121.5635087,25.0831591
111,7,20,19,20,2,12內湖區,內湖區內湖路1段與內湖路1段120巷口,0,0,1,2,C03,8,3,5,30,4,1,1,5,4,5,7,2,1,10,5,5,2,16,1,38,2,9,1,1,7,9,1,10,1,14,,23,8,1,22,9,121.5635087,25.0831591
111,7,20,19,38,2,07信義區,信義區基隆路2段151號,0,0,1,1,C03,7,3,5,50,14,9,1,5,4,5,7,4,4,1,3,5,2,18,1,49,2,7,3,4,7,9,1,10,1,12,,43,43,1,22,9,121.5544584,25.02598918
111,7,20,19,38,2,07信義區,信義區基隆路2段151號,0,0,1,2,,7,3,5,50,14,9,1,5,4,5,7,4,4,1,3,5,2,18,3,,,,,,,,,,,,,67,43,1,,,121.5544584,25.02598918
111,7,20,19,45,2,02萬華區,萬華區康定路與桂林路口,0,0,2,1,C03,8,3,5,50,4,2,1,5,4,5,7,1,1,10,5,5,2,16,1,71,2,9,3,4,7,7,1,10,1,14,,7,7,1,22,9,121.5018733,25.03839631
111,7,20,19,45,2,02萬華區,萬華區康定路與桂林路口,0,0,2,2,B01,8,3,5,50,4,2,1,5,4,5,7,1,1,10,5,5,2,16,1,58,3,10,3,4,7,9,1,4,1,2,,44,7,1,21,9,121.5018733,25.03839631
111,7,20,19,45,2,02萬華區,萬華區康定路與桂林路口,0,0,2,3,H02,8,3,5,50,4,2,1,5,4,5,7,1,1,10,5,5,2,16,2,53,2,9,4,5,7,20,8,20,10,16,,67,7,1,22,9,121.5018733,25.03839631
111,7,20,19,49,2,05中正區,中正區汀州路2段238號前,0,0,1,1,C03,7,3,5,50,14,9,1,4,4,5,7,4,4,9,5,5,2,13,2,58,2,9,1,1,7,9,1,10,2,11,,23,23,1,22,9,121.5243828,25.02188317
111,7,20,19,49,2,05中正區,中正區汀州路2段238號前,0,0,1,2,B02,7,3,5,50,14,9,1,4,4,5,7,4,4,9,5,5,2,13,1,60,3,10,1,1,7,14,1,5,2,3,,38,23,1,22,9,121.5243828,25.02188317
111,7,20,21,0,2,08士林區,士林區承德路4段與劍潭路口,0,0,2,1,C03,8,3,5,50,4,1,1,5,4,5,7,2,1,1,3,5,2,17,1,19,2,9,1,4,7,8,1,10,2,12,,7,7,1,22,9,121.5236365,25.08412809
111,7,20,21,0,2,08士林區,士林區承德路4段與劍潭路口,0,0,2,2,C03,8,3,5,50,4,1,1,5,4,5,7,2,1,1,3,5,2,17,1,28,2,7,1,4,7,9,1,10,2,14,,44,7,1,22,9,121.5236365,25.08412809
111,7,20,21,0,2,08士林區,士林區承德路4段與劍潭路口,0,0,2,3,H02,8,3,5,50,4,1,1,5,4,5,7,2,1,1,3,5,2,17,1,19,3,10,1,5,7,20,8,20,10,16,,67,7,1,22,9,121.5236365,25.08412809
111,7,20,21,15,2,01大同區,大同區鄭州路與西寧北路口,0,0,1,1,B03,8,3,5,50,4,1,1,5,4,5,7,2,1,1,4,5,2,13,1,41,3,10,3,4,7,9,1,8,1,1,,25,25,1,22,9,121.5082021,25.0506052
111,7,20,21,15,2,01大同區,大同區鄭州路與西寧北路口,0,0,1,2,C03,8,3,5,50,4,1,1,5,4,5,7,2,1,1,4,5,2,13,1,36,2,9,1,1,7,14,1,10,1,13,,44,25,1,22,9,121.5082021,25.0506052
111,7,20,21,22,2,10文山區,文山區木柵路4段23號旁,0,0,1,1,C03,8,3,5,50,14,9,2,5,4,5,7,4,4,5,4,5,2,13,1,23,2,9,1,4,7,9,1,10,2,11,,43,43,1,22,9,121.5714196,24.99319191
111,7,20,21,22,2,10文山區,文山區木柵路4段23號旁,0,0,1,2,B03,8,3,5,50,14,9,2,5,4,5,7,4,4,5,4,5,2,13,2,70,3,10,3,4,7,15,1,8,2,6,,43,43,1,22,9,121.5714196,24.99319191
111,7,20,21,37,2,12內湖區,內湖區東湖路160巷與康樂街口,0,0,2,1,B03,8,3,5,50,14,9,1,5,4,5,7,4,4,5,5,5,2,12,1,40,3,10,1,1,7,9,1,8,1,2,,23,23,1,22,9,121.6177437,25.06791308
111,7,20,21,37,2,12內湖區,內湖區東湖路160巷與康樂街口,0,0,2,2,C03,8,3,5,50,14,9,1,5,4,5,7,4,4,5,5,5,2,12,1,23,2,8,1,1,7,9,1,10,1,14,,44,23,1,22,9,121.6177437,25.06791308
111,7,20,21,37,2,12內湖區,內湖區東湖路160巷與康樂街口,0,0,2,3,H02,8,3,5,50,14,9,1,5,4,5,7,4,4,5,5,5,2,12,2,21,2,8,4,5,7,21,8,20,10,16,,67,23,1,22,9,121.6177437,25.06791308
111,7,20,21,50,2,03中山區,中山區龍江路與八德路2段口,0,0,1,1,B03,7,3,5,50,3,1,1,5,4,5,7,2,1,5,5,5,2,17,1,37,3,10,3,4,7,5,1,8,1,8,,8,8,1,22,9,121.5405492,25.0467557
111,7,20,21,50,2,03中山區,中山區龍江路與八德路2段口,0,0,1,2,C03,7,3,5,50,3,1,1,5,4,5,7,2,1,5,5,5,2,17,1,30,2,9,1,1,7,9,1,10,1,14,,44,8,1,22,9,121.5405492,25.0467557
111,7,20,22,18,2,05中正區,中正區公園路與貴陽街1段口,0,0,2,2,C03,8,3,5,50,4,1,1,5,4,5,7,1,1,10,5,5,2,12,1,45,3,10,1,1,7,9,1,10,2,11,,23,8,1,22,9,121.5152644,25.03857879
111,7,20,22,18,2,05中正區,中正區公園路與貴陽街1段口,0,0,2,3,H03,8,3,5,50,4,1,1,5,4,5,7,1,1,10,5,5,2,12,2,37,2,8,4,5,8,21,8,20,10,16,,67,8,1,22,9,121.5152644,25.03857879
111,7,20,22,18,2,05中正區,中正區公園路與貴陽街1段口,0,0,2,1,C03,8,3,5,50,4,1,1,5,4,5,7,1,1,10,5,5,2,12,1,36,2,9,1,1,7,5,1,10,2,14,,8,8,1,22,9,121.5152644,25.03857879
111,7,20,23,34,2,02萬華區,萬華區和平西路3段238號,0,0,1,1,C03,8,3,5,50,14,9,1,5,4,3,5,4,4,10,4,5,2,12,1,40,3,10,1,1,7,1,1,10,2,13,,19,19,1,22,9,121.496106,25.0351439
111,7,20,23,34,2,02萬華區,萬華區和平西路3段238號,0,0,1,2,C03,8,3,5,50,14,9,1,5,4,3,5,4,4,10,4,5,2,12,1,60,2,9,1,1,7,9,1,10,2,11,,23,19,1,22,9,121.496106,25.0351439
111,7,21,1,38,2,05中正區,中正區羅斯福路3段與羅斯福路3段316巷口,0,0,1,1,C03,8,3,5,50,5,1,1,5,4,5,3,2,1,3,4,5,2,17,1,18,4,11,3,4,7,15,7,19,11,15,,25,25,2,22,9,121.5328114,25.0160598
111,7,21,1,38,2,05中正區,中正區羅斯福路3段與羅斯福路3段316巷口,0,0,1,2,C03,8,3,5,50,5,1,1,5,4,5,3,2,1,3,4,5,2,17,1,42,2,9,1,1,7,1,1,10,1,12,,44,25,1,22,9,121.5328114,25.0160598
111,7,21,4,0,2,01大同區,大同區市民大道1段209號與市民大道1段口迴轉道,0,0,3,1,C03,8,3,5,40,3,1,1,5,4,5,7,4,4,1,4,5,2,15,1,26,2,9,1,1,7,11,1,10,1,15,,6,6,1,22,9,121.5186206,25.04856326
111,7,21,4,0,2,01大同區,大同區市民大道1段209號與市民大道1段口迴轉道,0,0,3,2,C03,8,3,5,40,3,1,1,5,4,5,7,4,4,1,4,5,2,15,1,18,2,9,1,1,7,9,1,10,1,15,,23,6,1,22,9,121.5186206,25.04856326
111,7,21,4,0,2,01大同區,大同區市民大道1段209號與市民大道1段口迴轉道,0,0,3,3,C03,8,3,5,40,3,1,1,5,4,5,7,4,4,1,4,5,2,15,1,29,2,9,1,1,7,9,1,10,1,11,,44,6,1,22,9,121.5186206,25.04856326
111,7,21,6,15,2,03中山區,中山區民生東路1段23巷與民生東路1段口,0,0,2,1,B01,8,1,5,50,3,2,1,5,4,5,7,1,1,4,3,5,1,12,1,62,3,10,1,1,7,11,1,4,1,4,,10,10,1,22,9,121.5239638,25.05808057
111,7,21,6,15,2,03中山區,中山區民生東路1段23巷與民生東路1段口,0,0,2,2,C03,8,1,5,50,3,2,1,5,4,5,7,1,1,4,3,5,1,12,1,26,2,7,1,1,7,9,1,10,1,12,,44,10,1,22,9,121.5239638,25.05808057
111,7,21,6,15,2,03中山區,中山區民生東路1段23巷與民生東路1段口,0,0,2,3,H02,8,1,5,50,3,2,1,5,4,5,7,1,1,4,3,5,1,12,2,24,2,8,1,5,7,17,8,20,10,16,,67,10,1,22,9,121.5239638,25.05808057
111,7,21,7,12,2,11南港區,南港區忠孝東路7段與興中路口口,0,0,1,1,C03,8,1,5,50,3,1,1,5,4,5,7,2,1,1,4,5,2,13,1,23,2,9,1,1,7,9,1,10,1,11,,16,16,1,22,9,121.6079619,25.0521574
111,7,21,7,12,2,11南港區,南港區忠孝東路7段與興中路口口,0,0,1,2,B03,8,1,5,50,3,1,1,5,4,5,7,2,1,1,4,5,2,13,1,51,3,10,1,3,7,7,1,8,1,6,,44,16,1,22,9,121.6079619,25.0521574
111,7,21,7,15,2,12內湖區,內湖區康寧路3段與成功路5段口,0,0,1,1,B03,8,1,5,50,3,1,1,5,4,5,7,2,1,1,4,4,1,16,1,46,3,10,1,1,7,6,6,18,1,2,,9,9,1,22,9,121.6062038,25.07324628
111,7,21,7,15,2,12內湖區,內湖區康寧路3段與成功路5段口,0,0,1,2,C03,8,1,5,50,3,1,1,5,4,5,7,2,1,1,4,4,1,16,1,32,2,9,1,1,7,9,1,10,1,11,,44,9,1,22,9,121.6062038,25.07324628
111,7,21,7,46,2,07信義區,信義區信安街67巷81號前,0,0,2,1,C03,8,1,5,50,14,7,1,5,4,5,7,4,4,9,5,4,2,13,2,20,2,9,1,1,7,9,1,10,1,11,,16,16,1,22,9,121.56032,25.025925
111,7,21,7,46,2,07信義區,信義區信安街67巷81號前,0,0,2,2,B03,8,1,5,50,14,7,1,5,4,5,7,4,4,9,5,4,2,13,2,51,3,10,1,1,7,5,1,8,1,3,,44,16,1,22,9,121.56032,25.025925
111,7,21,7,46,2,07信義區,信義區信安街67巷81號前,0,0,2,3,H02,8,1,5,50,14,7,1,5,4,5,7,4,4,9,5,4,2,13,1,18,2,9,4,5,7,21,8,20,10,16,,67,16,1,22,9,121.56032,25.025925
111,7,21,8,0,2,04大安區,大安區信義路4段59號,0,0,1,1,C03,8,1,5,50,14,9,1,5,4,5,7,4,4,1,5,5,1,13,1,43,2,9,1,1,7,9,1,10,2,14,,16,16,1,22,9,121.5456818,25.033576
111,7,21,8,0,2,04大安區,大安區信義路4段59號,0,0,1,2,B03,8,1,5,50,14,9,1,5,4,5,7,4,4,1,5,5,1,13,2,51,3,10,1,1,7,12,1,8,2,6,,44,16,1,22,9,121.5456818,25.033576
111,7,21,8,15,2,05中正區,中正區羅斯福路1段與愛國西路口,0,0,3,1,C03,8,1,5,50,4,2,4,5,4,5,7,1,1,1,4,1,2,12,2,44,2,9,1,1,7,4,1,10,1,12,,23,23,1,22,9,121.5166741,25.03466356
111,7,21,8,15,2,05中正區,中正區羅斯福路1段與愛國西路口,0,0,3,2,C03,8,1,5,50,4,2,4,5,4,5,7,1,1,1,4,1,2,12,2,41,2,9,1,1,7,9,1,10,1,15,,44,23,1,22,9,121.5166741,25.03466356
111,7,21,8,15,2,05中正區,中正區羅斯福路1段與愛國西路口,0,0,3,3,C03,8,1,5,50,4,2,4,5,4,5,7,1,1,1,4,1,2,12,1,38,2,9,1,1,7,9,1,10,1,14,,44,23,1,22,9,121.5166741,25.03466356
111,7,21,8,16,2,06松山區,松山區麥帥一橋往東往內湖(上橋處第7支燈桿),0,0,5,1,C03,8,1,5,40,14,11,1,5,4,5,7,4,4,9,4,5,2,13,2,43,2,9,1,1,7,9,1,10,1,13,,14,14,1,22,9,121.5719736,25.05201715
111,7,21,8,16,2,06松山區,松山區麥帥一橋往東往內湖(上橋處第7支燈桿),0,0,5,2,C03,8,1,5,40,14,11,1,5,4,5,7,4,4,9,4,5,2,13,1,24,2,9,1,1,7,9,1,10,1,13,,16,14,1,22,9,121.5719736,25.05201715
111,7,21,8,16,2,06松山區,松山區麥帥一橋往東往內湖(上橋處第7支燈桿),0,0,5,3,C03,8,1,5,40,14,11,1,5,4,5,7,4,4,9,4,5,2,13,1,33,2,9,1,1,7,9,1,10,1,11,,16,14,1,22,9,121.5719736,25.05201715
111,7,21,8,16,2,06松山區,松山區麥帥一橋往東往內湖(上橋處第7支燈桿),0,0,5,4,C03,8,1,5,40,14,11,1,5,4,5,7,4,4,9,4,5,2,13,1,35,2,9,1,1,7,9,1,10,1,11,,16,14,1,22,9,121.5719736,25.05201715
111,7,21,8,16,2,06松山區,松山區麥帥一橋往東往內湖(上橋處第7支燈桿),0,0,5,5,C03,8,1,5,40,14,11,1,5,4,5,7,4,4,9,4,5,2,13,2,24,2,9,1,1,7,9,1,10,1,11,,16,14,1,22,9,121.5719736,25.05201715
111,7,21,8,30,2,12內湖區,內湖區港墘路117號對面,0,0,1,1,B03,8,1,5,50,14,9,1,5,4,5,7,4,4,1,4,5,2,16,2,37,3,10,1,1,7,8,1,8,2,2,,7,7,1,22,9,121.5760472,25.0778452
111,7,21,8,30,2,12內湖區,內湖區港墘路117號對面,0,0,1,2,C03,8,1,5,50,14,9,1,5,4,5,7,4,4,1,4,5,2,16,2,41,2,9,1,1,7,9,1,10,2,14,,44,7,1,22,9,121.5760472,25.0778452
111,7,21,8,50,2,12內湖區,內湖區陽光街與江南街71巷口,0,0,1,1,B03,8,1,5,50,14,9,1,5,4,5,7,4,4,5,4,5,1,12,2,33,3,10,1,1,7,9,1,8,1,5,,17,17,1,22,9,121.5794161,25.07387324
111,7,21,8,50,2,12內湖區,內湖區陽光街與江南街71巷口,0,0,1,2,C03,8,1,5,50,14,9,1,5,4,5,7,4,4,5,4,5,1,12,2,26,2,8,1,1,7,9,1,10,1,14,,17,17,1,22,9,121.5794161,25.07387324
111,7,21,8,50,2,11南港區,南港區東新街201號,0,0,2,1,C03,8,1,5,0,11,9,1,5,4,4,6,4,4,5,5,5,2,17,1,18,2,9,1,1,7,9,1,10,1,14,,23,23,1,22,9,121.5940755,25.04685005