發生年度,發生月,發生日,發生時-Hours,發生分,處理別-編號,區序,肇事地點,死亡人數,2-30日死亡人數,受傷人數,當事人序號,車種,天候,光線,道路類別,速限-速度限制,道路型態,事故位置,路面狀況1,路面狀況2,路面狀況3,道路障礙1,道路障礙2,號誌1,號誌2,車道劃分-分向,車道劃分-分道1,車道劃分-分道2,車道劃分-分道3,事故類型及型態,性別,年齡,受傷程度,主要傷處,安全帽,行動電話,車輛用途,當事者行動狀態,駕駛資格情形,駕駛執照種類,飲酒情形,車輛撞擊部位1,車輛撞擊部位2,肇因碼-個別,肇因碼-主要,個人肇逃否,職業,旅次目的,座標-X,座標-Y
111,7,21,8,50,2,11南港區,南港區東新街201號,0,0,2,2,C03,8,1,5,0,11,9,1,5,4,4,6,4,4,5,5,5,2,17,1,39,3,10,1,1,7,9,1,10,1,15,,44,23,1,22,9,121.5940755,25.04685005
111,7,21,8,50,2,11南港區,南港區東新街201號,0,0,2,3,H02,8,1,5,0,11,9,1,5,4,4,6,4,4,5,5,5,2,17,1,15,2,9,1,5,7,20,8,20,10,16,,67,23,1,22,9,121.5940755,25.04685005
111,7,21,8,53,2,11南港區,南港區忠孝東路6段30號,0,0,1,1,B02,8,1,5,50,14,9,1,5,4,5,7,4,4,1,4,5,2,13,2,45,3,10,1,1,7,8,1,8,1,15,,26,26,1,22,9,121.5830507,25.04580408
111,7,21,8,53,2,11南港區,南港區忠孝東路6段30號,0,0,1,2,C03,8,1,5,50,14,9,1,5,4,5,7,4,4,1,4,5,2,13,2,28,2,9,1,1,7,9,1,10,1,14,,16,26,1,22,9,121.5830507,25.04580408
111,7,21,8,53,2,11南港區,南港區忠孝東路6段30號,0,0,1,3,B03,8,1,5,50,14,9,1,5,4,5,7,4,4,1,4,5,2,13,1,49,3,10,1,1,7,9,1,8,1,6,,44,26,1,22,9,121.5830507,25.04580408
111,7,21,9,0,2,05中正區,中正區南昌路1段與福州街口口,0,0,1,1,C03,8,1,5,50,4,1,1,5,4,5,7,1,1,5,5,5,1,16,1,59,3,10,1,1,7,5,1,10,2,11,,6,6,1,22,9,121.5188838,25.02894347
111,7,21,9,0,2,05中正區,中正區南昌路1段與福州街口口,0,0,1,2,C03,8,1,5,50,4,1,1,5,4,5,7,1,1,5,5,5,1,16,2,24,2,9,1,1,7,9,1,10,2,14,,44,6,1,22,9,121.5188838,25.02894347
111,7,21,9,0,2,12內湖區,內湖區港墘路221巷與舊宗路2段213巷口,0,0,1,1,B03,8,1,5,50,3,1,1,5,4,5,7,4,4,5,5,5,2,16,1,24,3,10,1,1,7,5,1,8,1,1,,6,6,1,22,9,121.5745778,25.07367431
111,7,21,9,0,2,12內湖區,內湖區港墘路221巷與舊宗路2段213巷口,0,0,1,2,C03,8,1,5,50,3,1,1,5,4,5,7,4,4,5,5,5,2,16,1,36,2,8,1,1,7,9,1,10,1,12,,13,6,1,22,9,121.5745778,25.07367431
111,7,21,9,5,2,02萬華區,萬華區雙園街與西藏路口,0,0,1,1,C03,8,1,5,50,4,2,1,5,4,5,7,3,1,1,4,5,2,17,1,23,3,10,1,1,7,5,1,10,1,15,,8,8,1,22,9,121.4951273,25.0289355
111,7,21,9,5,2,02萬華區,萬華區雙園街與西藏路口,0,0,1,2,C03,8,1,5,50,4,2,1,5,4,5,7,3,1,1,4,5,2,17,2,61,2,9,1,1,7,9,1,10,1,15,,44,8,1,22,9,121.4951273,25.0289355
111,7,21,9,10,2,12內湖區,內湖區成功路4段294巷與成功路4段口,0,0,1,1,B03,8,1,5,50,3,2,1,5,4,5,7,4,4,1,4,4,1,12,1,47,3,10,3,4,7,8,1,8,1,2,,7,7,1,22,9,121.5977779,25.0847613
111,7,21,9,10,2,12內湖區,內湖區成功路4段294巷與成功路4段口,0,0,1,2,C04,8,1,5,50,3,2,1,5,4,5,7,4,4,1,4,4,1,12,1,32,2,9,3,4,7,6,1,11,1,11,,44,7,1,22,9,121.5977779,25.0847613
111,7,21,9,15,2,07信義區,信義區嘉興街247號,0,0,1,1,C03,8,1,5,30,14,9,1,5,4,5,7,4,4,9,4,5,2,13,2,28,2,8,1,1,7,9,1,10,1,11,,16,16,1,22,9,121.5559162,25.02507313
111,7,21,9,15,2,07信義區,信義區嘉興街247號,0,0,1,2,B01,8,1,5,30,14,9,1,5,4,5,7,4,4,9,4,5,2,13,2,52,3,10,1,1,7,9,1,4,1,6,,44,16,1,22,9,121.5559162,25.02507313
111,7,21,9,16,2,03中山區,中山區長春路31號,0,0,1,1,B01,8,1,5,40,14,8,1,5,4,5,7,4,4,9,4,4,1,12,1,63,3,10,1,1,7,8,1,4,1,2,,7,7,1,22,9,121.5255783,25.0551211
111,7,21,9,16,2,03中山區,中山區長春路31號,0,0,1,2,C03,8,1,5,40,14,8,1,5,4,5,7,4,4,9,4,4,1,12,2,23,2,9,1,1,7,9,1,10,1,14,,13,7,1,22,9,121.5255783,25.0551211
111,7,21,9,16,2,03中山區,中山區長春路31號,0,0,1,3,B03,8,1,5,40,14,8,1,5,4,5,7,4,4,9,4,4,1,12,1,39,3,10,1,1,7,13,1,8,11,15,,44,7,1,22,9,121.5255783,25.0551211
111,7,21,9,16,2,03中山區,中山區長春路31號,0,0,1,4,B03,8,1,5,40,14,8,1,5,4,5,7,4,4,9,4,4,1,12,2,64,3,10,1,1,7,13,1,8,9,7,,44,7,1,22,9,121.5255783,25.0551211
111,7,21,9,16,2,11南港區,南港區同德路與忠孝東路6段70巷口,0,0,1,1,B12,8,1,5,30,4,2,1,5,4,5,7,4,4,5,4,5,2,16,1,62,3,10,1,1,7,9,1,8,1,5,,6,6,1,22,9,121.5846435,25.04552489
111,7,21,9,16,2,11南港區,南港區同德路與忠孝東路6段70巷口,0,0,1,2,F03,8,1,5,30,4,2,1,5,4,5,7,4,4,5,4,5,2,16,2,33,2,9,1,1,7,9,8,20,1,16,,44,6,1,22,9,121.5846435,25.04552489
111,7,21,9,23,2,02萬華區,萬華區南寧路與昆明街289巷口,0,0,1,1,B03,8,1,5,50,3,1,1,5,4,5,7,4,4,10,5,5,2,14,1,35,3,10,3,4,7,2,1,8,1,3,,12,12,1,22,9,121.5041677,25.03589481
111,7,21,9,23,2,02萬華區,萬華區南寧路與昆明街289巷口,0,0,1,2,C03,8,1,5,50,3,1,1,5,4,5,7,4,4,10,5,5,2,14,1,26,2,9,3,4,7,9,1,10,1,12,,26,12,1,22,9,121.5041677,25.03589481
111,7,21,9,24,2,09北投區,北投區文林北路222號對面,0,0,2,1,B03,8,1,5,50,14,7,1,5,4,5,7,4,4,1,4,4,2,13,1,58,3,10,3,4,7,12,1,8,1,6,,42,42,1,22,9,121.5139162,25.1081185
111,7,21,9,24,2,09北投區,北投區文林北路222號對面,0,0,2,2,C03,8,1,5,50,14,7,1,5,4,5,7,4,4,1,4,4,2,13,1,40,2,9,1,1,7,9,1,10,1,11,,16,42,1,22,9,121.5139162,25.1081185
111,7,21,9,24,2,09北投區,北投區文林北路222號對面,0,0,2,3,C03,8,1,5,50,14,7,1,5,4,5,7,4,4,1,4,4,2,13,1,28,2,7,1,1,7,9,1,10,1,11,,44,42,1,22,9,121.5139162,25.1081185
111,7,21,9,24,2,09北投區,北投區文林北路222號對面,0,0,2,4,B03,8,1,5,50,14,7,1,5,4,5,7,4,4,1,4,4,2,13,3,,,,,,,,,,,,,67,42,1,,,121.5139162,25.1081185
111,7,21,9,43,2,06松山區,松山區八德路3段8巷與八德路3段口,0,0,1,1,C03,8,1,5,50,3,1,1,5,4,5,7,4,4,4,4,5,2,12,1,73,2,9,1,1,7,9,1,10,1,12,,22,22,1,22,9,121.5497038,25.0481517
111,7,21,9,43,2,06松山區,松山區八德路3段8巷與八德路3段口,0,0,1,2,C03,8,1,5,50,3,1,1,5,4,5,7,4,4,4,4,5,2,12,1,27,3,10,1,1,7,6,1,10,1,14,,9,22,1,22,9,121.5497038,25.0481517
111,7,21,9,45,2,02萬華區,萬華區桂林路136號對面,0,0,1,1,B03,8,1,5,50,14,9,1,5,4,5,7,4,4,8,3,4,2,13,1,21,3,10,3,4,7,9,3,18,1,1,,23,23,1,22,9,121.4985472,25.03850782
111,7,21,9,45,2,02萬華區,萬華區桂林路136號對面,0,0,1,3,B03,8,1,5,50,14,9,1,5,4,5,7,4,4,8,3,4,2,13,1,40,3,10,3,4,7,14,1,8,1,3,,44,23,1,22,9,121.4985472,25.03850782
111,7,21,9,45,2,02萬華區,萬華區桂林路136號對面,0,0,1,2,B03,8,1,5,50,14,9,1,5,4,5,7,4,4,8,3,4,2,13,2,76,2,9,3,4,7,14,1,8,1,3,,44,23,1,22,9,121.4985472,25.03850782
111,7,21,10,1,2,05中正區,中正區忠孝西路1段6號,0,0,2,1,B12,8,1,5,50,14,9,1,5,4,5,7,4,4,1,4,1,2,13,1,46,3,10,1,1,7,9,1,8,2,1,,23,23,1,22,9,121.5173187,25.04619243
111,7,21,10,1,2,05中正區,中正區忠孝西路1段6號,0,0,2,2,B03,8,1,5,50,14,9,1,5,4,5,7,4,4,1,4,1,2,13,1,29,2,1,1,1,7,14,1,8,2,3,,44,23,1,22,9,121.5173187,25.04619243
111,7,21,10,1,2,05中正區,中正區忠孝西路1段6號,0,0,2,3,B03,8,1,5,50,14,9,1,5,4,5,7,4,4,1,4,1,2,13,1,47,3,10,1,1,7,14,1,8,2,3,,44,23,1,22,9,121.5173187,25.04619243
111,7,21,10,1,2,05中正區,中正區忠孝西路1段6號,0,0,2,4,B03,8,1,5,50,14,9,1,5,4,5,7,4,4,1,4,1,2,13,1,59,3,10,1,1,7,14,1,8,2,3,,44,23,1,22,9,121.5173187,25.04619243
111,7,21,10,1,2,05中正區,中正區忠孝西路1段6號,0,0,2,5,H02,8,1,5,50,14,9,1,5,4,5,7,4,4,1,4,1,2,13,1,32,2,1,1,5,7,21,8,20,10,16,,67,23,1,22,9,121.5173187,25.04619243
111,7,21,10,5,2,03中山區,中山區民族東路228號,0,0,2,1,B03,8,1,5,50,14,9,1,5,4,5,7,4,4,1,4,4,2,16,1,80,4,11,3,4,7,1,7,19,11,15,,19,19,2,22,9,121.5317526,25.0681381
111,7,21,10,5,2,03中山區,中山區民族東路228號,0,0,2,2,C03,8,1,5,50,14,9,1,5,4,5,7,4,4,1,4,4,2,16,2,36,2,9,1,1,7,9,1,10,1,14,,6,19,1,22,9,121.5317526,25.0681381
111,7,21,10,5,2,03中山區,中山區民族東路228號,0,0,2,3,C03,8,1,5,50,14,9,1,5,4,5,7,4,4,1,4,4,2,16,1,32,2,9,1,1,7,9,1,10,1,11,,44,19,1,22,9,121.5317526,25.0681381
111,7,21,10,8,2,05中正區,中正區西藏路與惠安街口,0,0,2,1,C03,8,1,5,30,4,1,1,5,4,1,7,2,1,1,4,5,2,16,1,79,2,9,1,1,7,5,1,10,2,11,,25,25,1,22,9,121.5059998,25.03038093
111,7,21,10,8,2,05中正區,中正區西藏路與惠安街口,0,0,2,2,C03,8,1,5,30,4,1,1,5,4,1,7,2,1,1,4,5,2,16,2,24,2,9,1,1,7,9,1,10,2,14,,44,25,1,22,9,121.5059998,25.03038093
111,7,21,10,11,2,03中山區,中山區林森北路與中山北路1段53巷口,0,0,1,1,B03,8,1,5,50,4,1,1,5,4,5,7,4,4,5,4,5,2,16,1,33,3,10,1,1,7,5,1,8,1,1,,6,6,1,22,9,121.5243703,25.0487037
111,7,21,10,11,2,03中山區,中山區林森北路與中山北路1段53巷口,0,0,1,2,C03,8,1,5,50,4,1,1,5,4,5,7,4,4,5,4,5,2,16,1,23,2,9,1,1,7,9,1,10,1,14,,44,6,1,22,9,121.5243703,25.0487037
111,7,21,10,16,2,04大安區,大安區潮州街與潮州街82巷口,0,0,1,1,B03,8,1,5,50,3,2,1,5,4,5,7,4,4,9,5,5,1,11,1,67,3,10,1,1,7,5,1,8,2,1,,8,8,1,22,9,121.5243011,25.0291187
111,7,21,10,16,2,04大安區,大安區潮州街與潮州街82巷口,0,0,1,2,C03,8,1,5,50,3,2,1,5,4,5,7,4,4,9,5,5,1,11,1,42,2,3,1,1,7,9,1,10,2,11,,44,8,1,22,9,121.5243011,25.0291187
111,7,21,10,16,2,04大安區,大安區潮州街與潮州街82巷口,0,0,1,3,B12,8,1,5,50,3,2,1,5,4,5,7,4,4,9,5,5,1,11,1,48,3,10,1,1,7,14,1,8,9,15,,38,8,1,22,9,121.5243011,25.0291187
111,7,21,10,20,2,03中山區,中山區建國北路2段與興安街口,0,0,2,1,C03,8,1,5,50,3,1,1,5,4,5,7,1,1,1,4,5,2,17,2,53,2,9,1,1,7,1,1,10,1,14,,19,19,1,22,9,121.5366547,25.0562212
111,7,21,10,20,2,03中山區,中山區建國北路2段與興安街口,0,0,2,2,C03,8,1,5,50,3,1,1,5,4,5,7,1,1,1,4,5,2,17,1,43,2,9,1,1,7,9,1,10,1,12,,23,19,1,22,9,121.5366547,25.0562212
111,7,21,10,30,2,09北投區,(承德路7段400號前),0,0,1,1,B02,8,1,5,50,4,1,1,5,4,5,7,3,1,5,4,5,2,15,1,38,3,10,1,1,7,9,1,8,2,5,,6,6,1,22,9,121.502062,25.12013861
111,7,21,10,30,2,09北投區,(承德路7段400號前),0,0,1,2,C03,8,1,5,50,4,1,1,5,4,5,7,3,1,5,4,5,2,15,1,20,2,8,1,1,7,9,1,10,2,11,,13,6,1,22,9,121.502062,25.12013861
111,7,21,10,40,2,05中正區,中正區中華路1段與中華路1段21巷口口,0,0,1,1,C03,8,1,5,50,3,1,1,5,4,5,7,4,4,1,4,5,2,12,2,25,2,9,1,1,7,7,1,10,2,14,,7,7,1,22,9,121.5096523,25.046514
111,7,21,10,40,2,05中正區,中正區中華路1段與中華路1段21巷口口,0,0,1,2,B12,8,1,5,50,3,1,1,5,4,5,7,4,4,1,4,5,2,12,1,33,3,10,1,1,7,9,1,4,2,2,,44,7,1,22,9,121.5096523,25.046514
111,7,21,10,43,2,09北投區,北投區中央北路4段595號與大度路3段口引道,0,0,2,1,C04,8,1,5,50,3,2,1,5,4,5,7,1,1,7,4,5,1,11,2,65,2,9,1,1,7,5,1,11,9,12,,6,6,1,22,9,121.4648975,25.12438137
111,7,21,10,43,2,09北投區,北投區中央北路4段595號與大度路3段口引道,0,0,2,2,C03,8,1,5,50,3,2,1,5,4,5,7,1,1,7,4,5,1,11,1,24,2,8,1,1,7,9,1,10,2,11,,44,6,1,22,9,121.4648975,25.12438137
111,7,21,10,55,2,06松山區,松山區民權東路4段與光復北路口,0,0,1,1,B03,8,1,5,50,4,2,1,5,4,5,7,1,1,3,4,4,2,12,1,70,3,10,1,1,7,6,1,8,2,6,,9,9,1,22,9,121.5545853,25.06183796
111,7,21,10,55,2,06松山區,松山區民權東路4段與光復北路口,0,0,1,2,C03,8,1,5,50,4,2,1,5,4,5,7,1,1,3,4,4,2,12,1,45,2,9,1,1,7,9,1,10,2,11,,26,9,1,22,9,121.5545853,25.06183796
111,7,21,11,17,2,05中正區,中正區中華路1段與漢口街1段口,0,0,2,1,B03,8,1,5,50,4,1,1,5,4,5,7,1,1,10,4,5,2,12,1,55,3,10,1,4,7,9,1,8,1,4,,17,17,1,22,9,121.5092539,25.04517014
111,7,21,11,17,2,05中正區,中正區中華路1段與漢口街1段口,0,0,2,2,C03,8,1,5,50,4,1,1,5,4,5,7,1,1,10,4,5,2,12,1,41,2,7,1,4,7,8,1,10,1,12,,7,17,1,22,9,121.5092539,25.04517014
111,7,21,11,17,2,05中正區,中正區中華路1段與漢口街1段口,0,0,2,3,C03,8,1,5,50,4,1,1,5,4,5,7,1,1,10,4,5,2,12,2,39,2,9,1,4,7,9,1,10,1,12,,44,17,1,22,9,121.5092539,25.04517014
111,7,21,11,51,2,06松山區,松山區敦化北路4巷48號,0,0,1,1,B11,8,1,5,30,14,9,1,5,4,5,7,4,4,10,5,5,2,12,1,48,3,10,3,4,7,13,1,2,1,4,,40,40,1,22,9,121.5449718,25.05020913
111,7,21,11,51,2,06松山區,松山區敦化北路4巷48號,0,0,1,2,C03,8,1,5,30,14,9,1,5,4,5,7,4,4,10,5,5,2,12,1,20,2,9,1,1,7,9,1,10,1,12,,13,40,1,22,9,121.5449718,25.05020913
111,7,21,11,54,2,09北投區,北投區中央北路2段與中央北路2段350巷口,0,0,1,1,H01,8,1,5,50,3,2,1,5,4,5,7,2,1,5,4,5,2,3,1,76,3,10,4,5,8,16,8,20,10,16,,51,51,1,22,9,121.4884468,25.13834282
111,7,21,11,54,2,09北投區,北投區中央北路2段與中央北路2段350巷口,0,0,1,2,C03,8,1,5,50,3,2,1,5,4,5,7,2,1,5,4,5,2,3,1,48,2,9,1,1,7,9,1,10,2,12,,44,51,1,22,9,121.4884468,25.13834282
111,7,21,12,0,2,03中山區,中山區松江路往北(行天宮站牌),0,0,1,1,A02,8,1,5,50,14,9,1,5,4,5,7,4,4,1,4,5,2,9,1,57,3,10,3,4,7,14,1,2,1,15,,38,38,1,22,9,121.5333203,25.06304959
111,7,21,12,0,2,03中山區,中山區松江路往北(行天宮站牌),0,0,1,2,H02,8,1,5,50,14,9,1,5,4,5,7,4,4,1,4,5,2,9,1,85,2,1,4,5,7,19,8,20,10,16,,56,38,1,22,9,121.5333203,25.06304959
111,7,21,12,4,2,09北投區,北投區承德路7段與石牌路1段口,0,0,1,1,B03,8,1,5,60,3,2,1,5,4,5,7,1,1,1,4,5,2,16,2,72,3,10,3,4,7,6,1,8,1,2,,9,9,1,22,9,121.509513,25.11244214
111,7,21,12,4,2,09北投區,北投區承德路7段與石牌路1段口,0,0,1,2,C03,8,1,5,60,3,2,1,5,4,5,7,1,1,1,4,5,2,16,1,41,2,9,1,4,7,9,1,10,1,14,,44,9,1,22,9,121.509513,25.11244214
111,7,21,12,7,2,04大安區,大安區臥龍街與和平東路3段308巷口,0,0,1,1,C03,8,1,5,40,3,1,1,5,4,5,7,1,1,5,5,4,2,13,1,23,2,9,1,1,7,6,1,10,1,11,,13,13,1,22,9,121.5549864,25.0187753
111,7,21,12,7,2,04大安區,大安區臥龍街與和平東路3段308巷口,0,0,1,2,B03,8,1,5,40,3,1,1,5,4,5,7,1,1,5,5,4,2,13,1,38,3,10,1,1,7,6,1,8,1,3,,44,13,1,22,9,121.5549864,25.0187753
111,7,21,12,7,2,10文山區,文山區新光路2段大客車停車格2號旁,0,0,1,1,B03,8,1,5,50,14,9,1,5,4,5,7,4,4,5,5,5,2,16,1,35,3,10,1,1,7,7,1,8,2,4,,7,7,1,22,6,121.5843961,25.00000545
111,7,21,12,7,2,10文山區,文山區新光路2段大客車停車格2號旁,0,0,1,2,C03,8,1,5,50,14,9,1,5,4,5,7,4,4,5,5,5,2,16,1,28,2,9,1,1,7,9,1,10,2,11,,23,7,1,22,9,121.5843961,25.00000545
111,7,21,12,30,2,09北投區,北投區中央北路3段與中央北路3段92巷口口,0,0,2,2,C03,8,1,5,30,14,9,1,5,4,5,7,4,4,9,4,5,2,15,1,20,2,8,1,1,7,9,1,10,1,11,,23,6,1,22,9,121.4843907,25.1379594
111,7,21,12,30,2,09北投區,北投區中央北路3段與中央北路3段92巷口口,0,0,2,3,H02,8,1,5,30,14,9,1,5,4,5,7,4,4,9,4,5,2,15,2,21,2,9,1,5,7,21,8,20,10,16,,67,6,1,22,9,121.4843907,25.1379594
111,7,21,12,30,2,09北投區,北投區中央北路3段與中央北路3段92巷口口,0,0,2,1,B03,8,1,5,30,14,9,1,5,4,5,7,4,4,9,4,5,2,15,2,54,3,10,1,1,7,9,1,8,1,7,,6,6,1,22,9,121.4843907,25.1379594
111,7,21,12,41,2,02萬華區,萬華區西寧南路123號,0,0,3,1,C03,8,1,5,50,14,9,1,5,4,5,7,4,4,10,4,5,2,17,1,18,2,9,1,1,7,7,1,10,1,14,,7,7,1,22,9,121.5064576,25.04446281
111,7,21,12,41,2,02萬華區,萬華區西寧南路123號,0,0,3,2,C03,8,1,5,50,14,9,1,5,4,5,7,4,4,10,4,5,2,17,1,21,2,9,1,1,7,9,1,10,1,12,,44,7,1,22,9,121.5064576,25.04446281
111,7,21,12,41,2,02萬華區,萬華區西寧南路123號,0,0,3,3,H02,8,1,5,50,14,9,1,5,4,5,7,4,4,10,4,5,2,17,2,21,2,9,4,5,7,20,8,20,10,16,,67,7,1,22,9,121.5064576,25.04446281
111,7,21,12,54,2,03中山區,中山區松江路259巷與錦州街242巷口,0,0,1,1,C03,8,1,5,30,4,1,1,5,4,5,7,4,4,10,5,5,2,15,2,24,2,9,1,1,7,9,1,10,1,12,,6,6,1,22,9,121.5337485,25.05957105
111,7,21,12,54,2,03中山區,中山區松江路259巷與錦州街242巷口,0,0,1,2,C03,8,1,5,30,4,1,1,5,4,5,7,4,4,10,5,5,2,15,1,69,3,10,1,1,7,9,1,10,1,11,,14,6,1,22,9,121.5337485,25.05957105
111,7,21,13,5,2,04大安區,大安區通安街與安和路2段35巷口,0,0,1,1,B03,8,1,5,30,4,1,1,5,4,5,7,4,4,10,5,5,1,15,2,41,3,10,3,4,7,9,1,8,1,1,,6,6,1,22,9,121.5532663,25.0317238
111,7,21,13,5,2,04大安區,大安區通安街與安和路2段35巷口,0,0,1,2,C03,8,1,5,30,4,1,1,5,4,5,7,4,4,10,5,5,1,15,1,37,2,9,3,4,7,9,1,10,1,12,,14,6,1,22,9,121.5532663,25.0317238
111,7,21,13,20,2,12內湖區,內湖區成功路4段58號前,0,0,1,1,C03,8,1,5,50,14,9,1,5,4,5,7,1,1,1,2,5,2,12,2,46,2,9,1,1,7,10,1,10,1,15,,7,7,1,22,9,121.5925359,25.08235459
111,7,21,13,20,2,12內湖區,內湖區成功路4段58號前,0,0,1,2,B03,8,1,5,50,14,9,1,5,4,5,7,1,1,1,2,5,2,12,2,18,3,10,1,1,7,9,1,8,1,5,,44,7,1,22,9,121.5925359,25.08235459
111,7,21,13,24,2,05中正區,中正區中山南路與徐州路口,0,0,2,1,C03,8,1,5,50,4,1,1,5,4,5,7,2,1,5,4,5,2,13,1,21,2,9,1,1,7,9,1,10,1,11,,16,16,1,22,9,121.5186221,25.04187998
111,7,21,13,24,2,05中正區,中正區中山南路與徐州路口,0,0,2,2,C03,8,1,5,50,4,1,1,5,4,5,7,2,1,5,4,5,2,13,2,29,2,9,1,1,7,9,1,10,1,13,,44,16,1,22,9,121.5186221,25.04187998
111,7,21,13,29,2,10文山區,文山區木新路3段172巷與木新路3段172巷2弄口口,0,0,2,1,C03,8,1,5,30,4,1,1,5,4,5,7,4,4,10,5,5,2,15,1,22,2,9,1,1,7,9,1,10,2,11,,6,6,1,22,9,121.5605799,24.98221282
111,7,21,13,29,2,10文山區,文山區木新路3段172巷與木新路3段172巷2弄口口,0,0,2,2,C04,8,1,5,30,4,1,1,5,4,5,7,4,4,10,5,5,2,15,1,81,2,9,1,1,7,9,1,11,2,12,,14,6,1,22,9,121.5605799,24.98221282
111,7,21,13,30,2,06松山區,松山區長春路與長春路339巷口,0,0,1,1,A11,8,1,5,30,4,1,1,5,4,5,7,4,4,9,4,5,2,15,1,54,3,10,3,4,7,10,1,3,2,5,,6,6,1,22,9,121.5447629,25.05455837
111,7,21,13,30,2,06松山區,松山區長春路與長春路339巷口,0,0,1,2,C03,8,1,5,30,4,1,1,5,4,5,7,4,4,9,4,5,2,15,1,19,2,9,1,1,7,9,1,10,2,11,,14,6,1,22,9,121.5447629,25.05455837
111,7,21,13,48,2,06松山區,松山區八德路4段357號,0,0,1,1,C03,8,1,5,50,14,9,1,5,4,5,7,4,4,9,4,5,2,16,1,70,2,9,1,4,7,9,1,10,1,14,,17,17,1,22,9,121.5682478,25.04928288
111,7,21,13,48,2,06松山區,松山區八德路4段357號,0,0,1,2,B02,8,1,5,50,14,9,1,5,4,5,7,4,4,9,4,5,2,16,1,44,3,10,1,4,7,9,1,8,1,7,,17,17,1,22,9,121.5682478,25.04928288
111,7,21,13,50,2,12內湖區,內湖區內湖路1段與基湖路口,0,0,1,1,C03,8,1,5,50,4,2,1,5,4,5,7,1,1,1,4,5,2,13,1,44,2,9,1,1,7,9,1,10,2,11,,23,23,1,22,9,121.5654938,25.0823195
111,7,21,13,50,2,12內湖區,內湖區內湖路1段與基湖路口,0,0,1,2,B03,8,1,5,50,4,2,1,5,4,5,7,1,1,1,4,5,2,13,1,66,3,10,1,1,7,14,1,8,2,7,,44,23,1,22,9,121.5654938,25.0823195
111,7,21,14,0,2,02萬華區,萬華區中華路2段與廣州街口,0,0,1,1,B12,8,1,5,50,4,1,1,5,4,5,7,1,1,1,3,4,1,16,1,33,3,10,3,4,7,8,1,8,1,6,,6,6,1,22,9,121.5064366,25.03620602
111,7,21,14,0,2,02萬華區,萬華區中華路2段與廣州街口,0,0,1,2,C03,8,1,5,50,4,1,1,5,4,5,7,1,1,1,3,4,1,16,2,54,2,9,3,4,7,9,3,18,1,11,,23,6,1,22,9,121.5064366,25.03620602
111,7,21,14,5,2,06松山區,松山區敦化北路與民權東路3段口,0,0,1,1,C03,8,1,5,50,4,2,1,5,4,5,7,2,1,1,4,5,2,13,1,28,2,9,1,1,7,9,1,10,1,11,,16,16,1,22,9,121.5505213,25.06149558
111,7,21,14,5,2,06松山區,松山區敦化北路與民權東路3段口,0,0,1,2,B03,8,1,5,50,4,2,1,5,4,5,7,2,1,1,4,5,2,13,1,35,3,10,1,1,7,9,1,8,1,3,,44,16,1,22,9,121.5505213,25.06149558
111,7,21,14,5,2,08士林區,士林區士商路與基河路300巷口,0,0,2,1,,8,1,5,50,3,2,1,5,4,5,7,4,4,5,4,5,2,17,4,,4,11,3,4,7,15,7,19,11,15,,43,43,2,22,9,121.518126,25.0931043
111,7,21,14,5,2,08士林區,士林區士商路與基河路300巷口,0,0,2,2,C03,8,1,5,50,3,2,1,5,4,5,7,4,4,5,4,5,2,17,1,18,2,9,1,1,7,9,1,10,1,12,,43,43,1,22,9,121.518126,25.0931043
111,7,21,14,5,2,08士林區,士林區士商路與基河路300巷口,0,0,2,3,H02,8,1,5,50,3,2,1,5,4,5,7,4,4,5,4,5,2,17,2,18,2,9,1,5,7,20,8,20,10,16,,67,43,1,22,9,121.518126,25.0931043
111,7,21,14,23,2,03中山區,中山區長春路258巷與龍江路132巷口,0,0,1,1,C03,8,1,5,30,4,1,1,5,4,5,7,4,4,10,5,5,2,15,1,56,2,8,1,1,7,9,1,10,1,11,,6,6,1,22,9,121.5390775,25.0542521
111,7,21,14,23,2,03中山區,中山區長春路258巷與龍江路132巷口,0,0,1,2,B03,8,1,5,30,4,1,1,5,4,5,7,4,4,10,5,5,2,15,2,40,3,10,1,1,7,9,1,8,1,2,,13,6,1,22,9,121.5390775,25.0542521
111,7,21,14,30,2,03中山區,中山區民權東路3段60巷與民權東路3段60巷13弄口,0,0,2,1,C03,8,1,5,30,4,1,1,5,4,3,5,4,4,9,5,5,2,15,2,40,2,8,3,4,7,9,1,10,1,14,,6,6,1,22,9,121.5423964,25.0606947
111,7,21,14,30,2,03中山區,中山區民權東路3段60巷與民權東路3段60巷13弄口,0,0,2,2,B03,8,1,5,30,4,1,1,5,4,3,5,4,4,9,5,5,2,15,1,61,3,10,3,4,7,9,1,8,1,1,,14,6,1,22,9,121.5423964,25.0606947
111,7,21,14,30,2,03中山區,中山區民權東路3段60巷與民權東路3段60巷13弄口,0,0,2,3,B12,8,1,5,30,4,1,1,5,4,3,5,4,4,9,5,5,2,15,1,40,3,10,3,4,7,13,1,8,11,15,,38,6,1,22,9,121.5423964,25.0606947
111,7,21,14,30,2,03中山區,中山區民權東路3段60巷與民權東路3段60巷13弄口,0,0,2,4,H02,8,1,5,30,4,1,1,5,4,3,5,4,4,9,5,5,2,15,1,4,2,1,4,5,7,17,8,20,10,16,,67,6,1,22,9,121.5423964,25.0606947