發生年度,發生月,發生日,發生時-Hours,發生分,處理別-編號,區序,肇事地點,死亡人數,2-30日死亡人數,受傷人數,當事人序號,車種,天候,光線,道路類別,速限-速度限制,道路型態,事故位置,路面狀況1,路面狀況2,路面狀況3,道路障礙1,道路障礙2,號誌1,號誌2,車道劃分-分向,車道劃分-分道1,車道劃分-分道2,車道劃分-分道3,事故類型及型態,性別,年齡,受傷程度,主要傷處,安全帽,行動電話,車輛用途,當事者行動狀態,駕駛資格情形,駕駛執照種類,飲酒情形,車輛撞擊部位1,車輛撞擊部位2,肇因碼-個別,肇因碼-主要,個人肇逃否,職業,旅次目的,座標-X,座標-Y
111,7,21,14,46,2,05中正區,中正區紹興北街與紹興北街2巷口,0,0,1,2,F01,8,1,5,30,3,2,1,5,4,4,3,4,4,10,5,5,2,16,2,47,2,9,1,1,7,11,8,20,9,16,,11,6,1,22,9,121.5252096,25.0450417
111,7,21,14,46,2,05中正區,中正區紹興北街與紹興北街2巷口,0,0,1,1,B02,8,1,5,30,3,2,1,5,4,4,3,4,4,10,5,5,2,16,1,39,3,10,1,1,7,9,1,8,9,5,,6,6,1,22,9,121.5252096,25.0450417
111,7,21,14,46,2,12內湖區,內湖區內湖路1段520號前,0,0,1,1,B03,8,1,5,50,14,8,1,5,4,5,7,4,4,1,4,4,2,12,1,46,3,10,1,1,7,8,1,8,2,2,,7,7,1,22,9,121.575484,25.0798452
111,7,21,14,46,2,12內湖區,內湖區內湖路1段520號前,0,0,1,2,C03,8,1,5,50,14,8,1,5,4,5,7,4,4,1,4,4,2,12,1,55,2,9,1,1,7,9,3,18,2,14,,44,7,1,22,9,121.575484,25.0798452
111,7,21,14,50,2,04大安區,大安區市民大道3段180號,0,0,1,1,C03,8,1,5,40,14,9,1,5,4,5,7,4,4,1,5,5,1,13,1,35,2,8,1,1,7,9,1,10,1,11,,23,23,1,22,9,121.537306,25.0446172
111,7,21,14,50,2,04大安區,大安區市民大道3段180號,0,0,1,2,C03,8,1,5,40,14,9,1,5,4,5,7,4,4,1,5,5,1,13,1,26,3,10,1,1,7,12,1,10,1,13,,44,23,1,22,9,121.537306,25.0446172
111,7,21,14,50,2,12內湖區,內湖區成美橋與新明路口,0,0,1,1,B01,8,1,5,50,4,1,1,5,4,5,7,1,1,10,5,5,2,16,1,60,3,10,1,1,7,9,1,8,1,2,,23,23,1,22,9,121.5822171,25.05570097
111,7,21,14,50,2,12內湖區,內湖區成美橋與新明路口,0,0,1,2,C03,8,1,5,50,4,1,1,5,4,5,7,1,1,10,5,5,2,16,1,25,2,9,1,1,7,9,1,10,1,14,,44,23,1,22,9,121.5822171,25.05570097
111,7,21,15,32,2,02萬華區,萬華區昆明街與長沙街2段口,0,0,1,1,B03,8,1,5,50,4,1,1,5,4,5,7,2,1,10,4,5,2,16,1,45,3,10,1,4,7,5,1,8,1,4,,8,8,1,22,9,121.5042889,25.0403509
111,7,21,15,32,2,02萬華區,萬華區昆明街與長沙街2段口,0,0,1,2,C03,8,1,5,50,4,1,1,5,4,5,7,2,1,10,4,5,2,16,2,43,2,9,1,4,7,9,1,10,1,12,,44,8,1,22,9,121.5042889,25.0403509
111,7,21,15,44,2,10文山區,文山區興隆路3段與萬芳路口,0,0,1,1,B12,8,1,5,50,4,1,1,5,4,5,7,2,1,1,4,5,2,16,1,33,3,10,1,1,7,5,1,10,1,6,,6,6,1,22,9,121.5598755,24.9967642
111,7,21,15,44,2,10文山區,文山區興隆路3段與萬芳路口,0,0,1,2,C03,8,1,5,50,4,1,1,5,4,5,7,2,1,1,4,5,2,16,2,59,2,9,1,1,7,9,1,10,1,11,,25,6,1,22,9,121.5598755,24.9967642
111,7,21,16,20,2,12內湖區,內湖區陽光街與陽光街345巷口,0,0,1,1,C03,8,1,5,30,3,1,1,5,4,5,7,4,4,5,5,5,2,13,1,23,2,9,1,1,7,9,1,10,1,12,,14,14,1,22,9,121.5776962,25.07328706
111,7,21,16,20,2,12內湖區,內湖區陽光街與陽光街345巷口,0,0,1,2,B03,8,1,5,30,3,1,1,5,4,5,7,4,4,5,5,5,2,13,1,54,3,10,1,1,7,6,1,8,1,3,,9,14,1,22,9,121.5776962,25.07328706
111,7,21,16,25,2,12內湖區,內湖區行愛路57號前,0,0,1,1,B12,8,1,8,0,15,20,4,5,4,5,7,4,4,10,5,5,2,9,1,38,3,10,1,1,7,2,1,8,2,3,,12,12,1,22,9,121.5817633,25.06204024
111,7,21,16,25,2,12內湖區,內湖區行愛路57號前,0,0,1,2,H01,8,1,8,0,15,20,4,5,4,5,7,4,4,10,5,5,2,9,2,40,2,9,4,5,8,17,8,20,10,16,,67,12,1,22,9,121.5817633,25.06204024
111,7,21,16,37,2,09北投區,北投區承德路6段與文林北路5巷口口,0,0,2,1,C03,8,1,5,60,14,9,4,5,4,5,7,1,1,9,4,5,2,13,1,33,2,8,1,1,7,8,1,10,2,13,,7,7,1,22,9,121.5122054,25.1034143
111,7,21,16,37,2,09北投區,北投區承德路6段與文林北路5巷口口,0,0,2,2,C03,8,1,5,60,14,9,4,5,4,5,7,1,1,9,4,5,2,13,1,54,2,9,1,3,7,11,1,9,2,11,,23,7,1,22,9,121.5122054,25.1034143
111,7,21,16,47,2,05中正區,中正區重慶南路1段與重慶南路1段136巷口,0,0,1,1,B03,8,1,5,50,3,1,1,5,4,5,7,4,4,5,4,5,2,17,1,60,3,10,1,1,7,9,1,8,2,1,,44,44,1,22,9,121.5125732,25.03625455
111,7,21,16,47,2,05中正區,中正區重慶南路1段與重慶南路1段136巷口,0,0,1,2,C03,8,1,5,50,3,1,1,5,4,5,7,4,4,5,4,5,2,17,2,69,2,9,1,1,7,5,1,10,2,12,,8,44,1,22,9,121.5125732,25.03625455
111,7,21,17,3,2,07信義區,信義區信義路6段15巷與松德路133巷口,0,0,1,1,B03,8,1,5,30,3,1,1,5,4,5,7,4,4,9,5,5,2,16,1,52,3,10,1,1,7,5,6,8,1,1,,6,6,1,22,9,121.5752235,25.0371136
111,7,21,17,3,2,07信義區,信義區信義路6段15巷與松德路133巷口,0,0,1,2,C03,8,1,5,30,3,1,1,5,4,5,7,4,4,9,5,5,2,16,1,54,2,8,1,1,7,9,1,10,1,12,,13,6,1,22,9,121.5752235,25.0371136
111,7,21,17,8,2,01大同區,大同區承德路2段與承德路2段91巷口口,0,0,1,1,,8,1,5,30,3,2,2,5,4,5,7,4,4,10,5,5,2,16,4,,4,11,3,4,7,15,7,19,11,15,,43,43,2,22,9,121.5182587,25.05624004
111,7,21,17,8,2,01大同區,大同區承德路2段與承德路2段91巷口口,0,0,1,2,F01,8,1,5,30,3,2,2,5,4,5,7,4,4,10,5,5,2,16,2,20,2,7,1,1,7,9,8,20,9,16,,43,43,1,22,9,121.5182587,25.05624004
111,7,21,17,12,2,09北投區,北投區大業路與泉源路口,0,0,1,1,C03,8,1,5,50,4,2,1,5,4,5,7,1,1,9,4,5,2,12,1,25,2,9,3,4,7,7,1,10,1,14,,7,7,1,22,9,121.503635,25.1372731
111,7,21,17,12,2,09北投區,北投區大業路與泉源路口,0,0,1,2,B03,8,1,5,50,4,2,1,5,4,5,7,1,1,9,4,5,2,12,1,57,3,10,3,4,7,1,1,8,1,5,,44,7,1,22,9,121.503635,25.1372731
111,7,21,17,18,2,04大安區,大安區忠孝東路4段319號,0,0,2,1,C03,8,1,5,50,14,9,1,5,4,5,7,2,1,1,4,5,2,12,1,49,2,8,1,1,7,9,1,10,1,14,,17,17,1,22,9,121.5562028,25.041459
111,7,21,17,18,2,04大安區,大安區忠孝東路4段319號,0,0,2,2,C03,8,1,5,50,14,9,1,5,4,5,7,2,1,1,4,5,2,12,1,21,2,7,1,1,7,9,1,10,1,12,,17,17,1,22,9,121.5562028,25.041459
111,7,21,17,31,2,03中山區,中山區北安路與大直橋口,0,0,1,1,C03,8,2,5,50,4,1,1,5,4,5,7,2,1,1,4,5,2,17,1,42,3,10,1,1,7,5,1,10,11,13,,43,43,1,22,9,121.5443175,25.07948008
111,7,21,17,31,2,03中山區,中山區北安路與大直橋口,0,0,1,2,C03,8,2,5,50,4,1,1,5,4,5,7,2,1,1,4,5,2,17,1,19,2,8,1,1,7,5,1,10,11,12,,43,43,1,22,9,121.5443175,25.07948008
111,7,21,17,35,2,03中山區,中山區民族東路與林森北路口,0,0,2,1,C03,8,1,5,50,3,1,1,5,4,5,7,1,1,5,4,5,2,12,2,33,2,9,1,1,7,8,1,10,1,12,,7,7,1,22,9,121.5257919,25.0684497
111,7,21,17,35,2,03中山區,中山區民族東路與林森北路口,0,0,2,2,C03,8,1,5,50,3,1,1,5,4,5,7,1,1,5,4,5,2,12,1,57,2,9,1,1,7,9,4,8,1,11,,44,7,1,22,9,121.5257919,25.0684497
111,7,21,17,35,2,03中山區,中山區林森北路與雙城街7巷口,0,0,1,1,B03,8,2,5,50,3,2,1,5,4,5,7,4,4,5,5,5,2,12,1,65,4,11,3,4,7,15,7,19,11,15,,17,17,2,22,9,121.5256041,25.0637806
111,7,21,17,35,2,03中山區,中山區林森北路與雙城街7巷口,0,0,1,2,C03,8,2,5,50,3,2,1,5,4,5,7,4,4,5,5,5,2,12,2,24,2,8,3,4,7,9,1,10,1,15,,44,17,1,22,9,121.5256041,25.0637806
111,7,21,17,38,2,02萬華區,萬華區環河南路1段與武昌街2段口,0,0,2,1,C03,8,1,5,50,4,1,1,5,4,5,7,2,1,5,4,5,2,16,1,24,2,9,1,4,7,5,1,10,1,14,,8,8,1,22,9,121.5026367,25.04572298
111,7,21,17,38,2,02萬華區,萬華區環河南路1段與武昌街2段口,0,0,2,2,C03,8,1,5,50,4,1,1,5,4,5,7,2,1,5,4,5,2,16,1,51,2,9,1,4,7,5,1,10,1,12,,26,8,1,22,9,121.5026367,25.04572298
111,7,21,17,42,2,05中正區,中正區重慶南路1段與愛國西路口,0,0,1,1,B12,8,1,5,50,5,1,1,5,4,5,7,2,1,9,4,5,2,17,1,61,3,10,1,1,7,5,1,8,1,1,,8,8,1,2,1,121.5125023,25.03529667
111,7,21,17,42,2,05中正區,中正區重慶南路1段與愛國西路口,0,0,1,2,C03,8,1,5,50,5,1,1,5,4,5,7,2,1,9,4,5,2,17,1,28,2,8,1,1,7,9,1,10,1,11,,44,8,1,5,1,121.5125023,25.03529667
111,7,21,17,42,2,05中正區,中正區重慶南路1段與愛國西路口,0,0,1,3,H02,8,1,5,50,5,1,1,5,4,5,7,2,1,9,4,5,2,17,2,26,3,10,1,5,7,20,8,20,10,16,,67,8,1,18,5,121.5125023,25.03529667
111,7,21,17,48,2,02萬華區,萬華區康定路與桂林路口,0,0,3,1,C03,8,1,5,50,4,1,1,5,4,5,7,1,1,8,3,4,1,3,1,19,2,7,1,1,7,9,1,10,2,14,,25,25,1,22,9,121.5018929,25.038344
111,7,21,17,48,2,02萬華區,萬華區康定路與桂林路口,0,0,3,2,H01,8,1,5,50,4,1,1,5,4,5,7,1,1,8,3,4,1,3,1,59,2,9,4,5,8,16,8,20,10,16,,67,25,1,22,9,121.5018929,25.038344
111,7,21,17,48,2,02萬華區,萬華區康定路與桂林路口,0,0,3,3,H02,8,1,5,50,4,1,1,5,4,5,7,1,1,8,3,4,1,3,2,19,2,9,4,5,7,21,8,20,10,16,,67,25,1,22,9,121.5018929,25.038344
111,7,21,17,58,2,10文山區,文山區興隆路4段58巷與興隆路4段58巷16弄口,0,0,1,1,G06,8,1,5,30,4,1,1,5,4,5,7,4,4,9,5,5,2,15,2,30,2,9,4,1,7,9,7,19,2,1,,6,6,1,5,8,121.5605589,24.9853838
111,7,21,17,58,2,10文山區,文山區興隆路4段58巷與興隆路4段58巷16弄口,0,0,1,2,B02,8,1,5,30,4,1,1,5,4,5,7,4,4,9,5,5,2,15,2,54,3,10,1,1,7,9,7,19,2,2,,44,6,1,22,9,121.5605589,24.9853838
111,7,21,18,0,2,10文山區,文山區木柵路4段9巷與木柵路4段口,0,0,1,1,B03,8,1,5,50,3,2,1,5,4,5,7,2,1,9,4,5,1,12,1,37,3,10,1,1,7,6,1,8,1,2,,9,9,1,22,9,121.5712705,24.99242077
111,7,21,18,0,2,10文山區,文山區木柵路4段9巷與木柵路4段口,0,0,1,2,C03,8,1,5,50,3,2,1,5,4,5,7,2,1,9,4,5,1,12,2,25,2,8,1,1,7,9,1,10,1,14,,23,9,1,22,9,121.5712705,24.99242077
111,7,21,18,5,2,11南港區,南港區市民大道8段與中南街口口,0,0,2,1,C03,8,1,5,50,4,1,1,5,4,5,7,2,1,1,4,5,2,16,1,46,2,9,1,1,7,5,1,10,1,12,,6,6,1,22,9,121.6152405,25.0543537
111,7,21,18,5,2,11南港區,南港區市民大道8段與中南街口口,0,0,2,2,C03,8,1,5,50,4,1,1,5,4,5,7,2,1,1,4,5,2,16,1,20,2,9,1,1,7,9,3,18,1,11,,42,6,1,22,9,121.6152405,25.0543537
111,7,21,18,19,2,11南港區,南港區南港路2段與向陽路120巷2弄口口,0,0,1,1,B03,8,1,5,30,4,1,4,5,4,5,7,4,4,10,5,5,2,16,1,19,3,10,1,1,7,6,1,8,1,8,,23,23,1,22,9,121.5952095,25.0546153
111,7,21,18,19,2,11南港區,南港區南港路2段與向陽路120巷2弄口口,0,0,1,2,B03,8,1,5,30,4,1,4,5,4,5,7,4,4,10,5,5,2,16,1,30,2,5,1,1,7,6,1,8,1,2,,44,23,1,22,9,121.5952095,25.0546153
111,7,21,18,29,2,05中正區,中正區中山南路5號,0,0,3,1,C03,8,3,5,50,14,8,1,5,4,5,7,4,4,1,3,1,2,13,1,53,2,7,1,1,7,9,1,10,1,11,,23,23,1,22,9,121.5188974,25.04263407
111,7,21,18,29,2,05中正區,中正區中山南路5號,0,0,3,2,C03,8,3,5,50,14,8,1,5,4,5,7,4,4,1,3,1,2,13,1,60,3,10,1,1,7,12,1,10,1,13,,44,23,1,22,9,121.5188974,25.04263407
111,7,21,18,29,2,05中正區,中正區中山南路5號,0,0,3,3,C04,8,3,5,50,14,8,1,5,4,5,7,4,4,1,3,1,2,13,1,44,2,9,1,1,7,9,1,10,1,11,,44,23,1,22,9,121.5188974,25.04263407
111,7,21,18,29,2,05中正區,中正區中山南路5號,0,0,3,4,C03,8,3,5,50,14,8,1,5,4,5,7,4,4,1,3,1,2,13,2,39,2,9,1,1,7,9,1,10,1,14,,44,23,1,22,9,121.5188974,25.04263407
111,7,21,18,29,2,05中正區,中正區中山南路5號,0,0,3,5,B01,8,3,5,50,14,8,1,5,4,5,7,4,4,1,3,1,2,13,1,64,4,11,3,4,7,15,7,19,1,15,,38,23,2,22,9,121.5188974,25.04263407
111,7,21,18,35,2,07信義區,信義區基隆路1段70號,0,0,1,1,C03,8,1,5,50,14,9,1,5,4,5,7,4,4,10,4,5,2,12,1,28,2,9,3,4,7,1,1,10,1,11,,19,19,1,22,9,121.5674192,25.04646543
111,7,21,18,35,2,07信義區,信義區基隆路1段70號,0,0,1,2,B03,8,1,5,50,14,9,1,5,4,5,7,4,4,10,4,5,2,12,1,62,3,10,3,4,7,9,1,8,1,6,,44,19,1,22,9,121.5674192,25.04646543
111,7,21,18,44,2,11南港區,南港區三重路與園區街口,0,0,1,1,B03,7,3,5,50,3,2,1,5,4,5,7,2,1,8,3,5,2,16,1,21,3,10,3,4,7,11,1,8,2,7,,10,10,1,22,9,121.6149603,25.059117
111,7,21,18,44,2,11南港區,南港區三重路與園區街口,0,0,1,2,C03,7,3,5,50,3,2,1,5,4,5,7,2,1,8,3,5,2,16,2,45,2,9,3,4,7,9,1,10,2,11,,23,10,1,22,9,121.6149603,25.059117
111,7,21,19,0,2,05中正區,中正區重慶南路3段59號前,0,0,2,1,B03,8,3,5,50,14,9,1,5,4,5,7,1,1,1,4,5,2,13,1,68,2,9,1,1,7,9,1,3,1,5,,22,22,1,22,9,121.5161864,25.0269332
111,7,21,19,0,2,05中正區,中正區重慶南路3段59號前,0,0,2,2,C03,8,3,5,50,14,9,1,5,4,5,7,1,1,1,4,5,2,13,2,44,2,5,1,1,7,14,1,10,1,13,,44,22,1,22,9,121.5161864,25.0269332
111,7,21,19,6,2,12內湖區,內湖區民權大橋,0,0,1,1,C03,8,3,5,40,8,11,1,5,4,5,7,4,4,1,4,4,1,16,1,46,2,9,1,1,7,7,1,10,1,14,,7,7,1,22,9,121.5728473,25.06510927
111,7,21,19,6,2,12內湖區,內湖區民權大橋,0,0,1,2,C03,8,3,5,40,8,11,1,5,4,5,7,4,4,1,4,4,1,16,1,51,3,10,1,1,7,9,1,9,1,12,,13,7,1,22,9,121.5728473,25.06510927
111,7,21,20,20,2,03中山區,中山區民權西路與中山北路2段口,0,0,3,1,C03,8,3,5,50,4,1,1,5,4,5,7,1,1,1,4,5,2,11,2,51,2,9,1,1,7,9,1,10,1,14,,44,44,1,22,9,121.5223087,25.0626812
111,7,21,20,20,2,03中山區,中山區民權西路與中山北路2段口,0,0,3,2,C03,8,3,5,50,4,1,1,5,4,5,7,1,1,1,4,5,2,11,1,22,2,9,1,1,7,6,1,10,1,12,,9,44,1,22,9,121.5223087,25.0626812
111,7,21,20,20,2,03中山區,中山區民權西路與中山北路2段口,0,0,3,3,H02,8,3,5,50,4,1,1,5,4,5,7,1,1,1,4,5,2,11,1,24,2,9,4,5,7,20,8,20,10,15,,67,44,1,22,9,121.5223087,25.0626812
111,7,21,20,27,2,09北投區,北投區立農街2段273巷15號,0,0,1,1,C03,8,3,5,30,14,9,1,5,4,5,7,4,4,9,4,5,2,18,1,14,2,9,1,1,7,9,2,18,2,12,,23,23,1,22,9,121.5146697,25.11932967
111,7,21,20,27,2,09北投區,北投區立農街2段273巷15號,0,0,1,2,C03,8,3,5,30,14,9,1,5,4,5,7,4,4,9,4,5,2,18,3,,,,,,,,,,,,,67,23,1,,,121.5146697,25.11932967
111,7,21,20,27,2,09北投區,北投區立農街2段273巷15號,0,0,1,3,C03,8,3,5,30,14,9,1,5,4,5,7,4,4,9,4,5,2,18,3,,,,,,,,,,,,,67,23,1,,,121.5146697,25.11932967
111,7,21,20,27,2,09北投區,北投區立農街2段273巷15號,0,0,1,4,C03,8,3,5,30,14,9,1,5,4,5,7,4,4,9,4,5,2,18,3,,,,,,,,,,,,,67,23,1,,,121.5146697,25.11932967
111,7,21,20,27,2,09北投區,北投區立農街2段273巷15號,0,0,1,5,C03,8,3,5,30,14,9,1,5,4,5,7,4,4,9,4,5,2,18,3,,,,,,,,,,,,,67,23,1,,,121.5146697,25.11932967
111,7,21,21,0,2,10文山區,文山區辛亥路5段與辛亥路5段25巷口,0,0,1,1,B03,8,3,5,30,4,2,1,5,4,5,7,2,1,9,5,5,2,12,1,41,3,10,1,1,7,9,1,8,2,2,,23,23,2,22,9,121.5542333,24.99988928
111,7,21,21,0,2,10文山區,文山區辛亥路5段與辛亥路5段25巷口,0,0,1,2,F01,8,3,5,30,4,2,1,5,4,5,7,2,1,9,5,5,2,12,1,17,2,9,1,1,7,9,8,20,2,16,,27,23,1,22,9,121.5542333,24.99988928
111,7,21,21,32,2,10文山區,文山區木新路2段與保儀路109巷21弄口口,0,0,3,1,C03,8,3,5,30,3,2,1,5,4,4,5,4,4,5,4,5,2,16,2,23,2,9,3,4,7,5,1,10,2,14,,6,6,1,22,9,121.5703282,24.9849484
111,7,21,21,32,2,10文山區,文山區木新路2段與保儀路109巷21弄口口,0,0,3,2,C03,8,3,5,30,3,2,1,5,4,4,5,4,4,5,4,5,2,16,1,17,2,9,3,4,7,9,2,18,2,11,,6,6,1,22,9,121.5703282,24.9849484
111,7,21,21,32,2,10文山區,文山區木新路2段與保儀路109巷21弄口口,0,0,3,3,E05,8,3,5,30,3,2,1,5,4,4,5,4,4,5,4,5,2,16,1,25,3,10,3,4,7,15,1,3,11,15,,38,6,1,22,9,121.5703282,24.9849484
111,7,21,21,32,2,10文山區,文山區木新路2段與保儀路109巷21弄口口,0,0,3,4,H02,8,3,5,30,3,2,1,5,4,4,5,4,4,5,4,5,2,16,1,21,2,9,3,5,7,21,8,20,10,16,,67,6,1,22,9,121.5703282,24.9849484
111,7,21,21,55,2,08士林區,士林區中正路301號,0,0,2,1,B01,8,3,5,50,14,9,1,5,4,5,7,4,4,3,4,5,2,17,1,52,3,10,3,4,7,8,1,4,1,7,,42,42,1,22,9,121.5237917,25.09483237
111,7,21,21,55,2,08士林區,士林區中正路301號,0,0,2,2,C03,8,3,5,50,14,9,1,5,4,5,7,4,4,3,4,5,2,17,1,32,2,8,1,4,7,9,1,10,1,11,,44,42,1,22,9,121.5237917,25.09483237
111,7,21,21,55,2,08士林區,士林區中正路301號,0,0,2,3,C03,8,3,5,50,14,9,1,5,4,5,7,4,4,3,4,5,2,17,1,26,2,9,1,4,7,9,1,10,1,11,,44,42,1,22,9,121.5237917,25.09483237
111,7,21,21,55,2,08士林區,士林區中正路301號,0,0,2,4,C03,8,3,5,50,14,9,1,5,4,5,7,4,4,3,4,5,2,17,2,21,3,10,1,4,7,9,1,10,1,13,,44,42,1,22,9,121.5237917,25.09483237
111,7,21,22,10,2,09北投區,北投區三合街1段與三合街1段118巷口,0,0,1,1,B03,8,3,5,40,4,1,1,5,4,5,7,3,1,10,5,5,2,11,2,29,3,10,1,1,7,5,1,8,2,1,,8,8,1,22,9,121.5041427,25.12678693
111,7,21,22,10,2,09北投區,北投區三合街1段與三合街1段118巷口,0,0,1,2,C03,8,3,5,40,4,1,1,5,4,5,7,3,1,10,5,5,2,11,1,66,2,9,1,1,7,9,1,10,2,11,,23,8,1,22,9,121.5041427,25.12678693
111,7,21,23,50,2,08士林區,士林區中山北路7段77號,0,0,1,1,C04,8,3,5,50,14,9,1,5,4,5,7,4,4,1,5,5,2,17,1,39,3,10,1,1,7,8,1,10,2,12,,7,7,1,22,9,121.5314499,25.12116951
111,7,21,23,50,2,08士林區,士林區中山北路7段77號,0,0,1,2,C03,8,3,5,50,14,9,1,5,4,5,7,4,4,1,5,5,2,17,1,26,3,10,1,1,7,9,1,10,2,14,,44,7,1,22,9,121.5314499,25.12116951
111,7,21,23,50,2,08士林區,士林區中山北路7段77號,0,0,1,3,C03,8,3,5,50,14,9,1,5,4,5,7,4,4,1,5,5,2,17,1,30,4,11,3,4,7,15,7,19,11,15,,44,7,2,22,9,121.5314499,25.12116951
111,7,21,23,50,2,08士林區,士林區中山北路7段77號,0,0,1,4,C03,8,3,5,50,14,9,1,5,4,5,7,4,4,1,5,5,2,17,2,30,4,11,3,4,7,15,7,19,11,15,,44,7,2,22,9,121.5314499,25.12116951
111,7,21,23,50,2,08士林區,士林區中山北路7段77號,0,0,1,5,C04,8,3,5,50,14,9,1,5,4,5,7,4,4,1,5,5,2,17,3,,,,,,,,,,,,,67,7,1,,,121.5314499,25.12116951
111,7,21,23,50,2,08士林區,士林區中山北路7段77號,0,0,1,6,C03,8,3,5,50,14,9,1,5,4,5,7,4,4,1,5,5,2,17,2,41,2,9,3,4,7,15,7,19,1,15,,44,7,1,22,9,121.5314499,25.12116951
111,7,22,0,24,2,08士林區,士林區德行東路與德行東路358巷口,0,0,1,1,B03,8,3,5,30,4,2,1,5,4,5,7,4,4,10,5,5,1,17,1,18,3,10,1,1,7,5,1,8,1,8,,6,6,1,22,9,121.5388082,25.11050926
111,7,22,0,24,2,08士林區,士林區德行東路與德行東路358巷口,0,0,1,2,C03,8,3,5,30,4,2,1,5,4,5,7,4,4,10,5,5,1,17,1,21,2,8,1,1,7,9,1,9,1,11,,23,6,1,22,9,121.5388082,25.11050926
111,7,22,4,51,2,07信義區,信義區福德街268巷29弄與福德街268巷口,0,0,3,1,C03,8,1,5,30,4,1,1,5,4,5,7,4,4,10,5,5,1,15,2,18,2,8,1,4,7,9,1,10,11,11,,6,6,1,22,9,121.5855778,25.04009928
111,7,22,4,51,2,07信義區,信義區福德街268巷29弄與福德街268巷口,0,0,3,2,C03,8,1,5,30,4,1,1,5,4,5,7,4,4,10,5,5,1,15,1,67,2,8,1,4,7,9,1,10,11,12,,14,6,1,22,9,121.5855778,25.04009928
111,7,22,4,51,2,07信義區,信義區福德街268巷29弄與福德街268巷口,0,0,3,3,H02,8,1,5,30,4,1,1,5,4,5,7,4,4,10,5,5,1,15,2,19,2,8,1,4,7,20,8,20,10,16,,67,6,1,22,9,121.5855778,25.04009928
111,7,22,4,54,2,02萬華區,萬華區萬大路與環河南路3段口,0,0,1,1,B12,8,1,5,50,4,2,1,5,4,5,7,1,1,10,5,5,2,12,1,32,3,10,1,1,7,1,1,8,1,5,,23,23,1,22,9,121.4956102,25.01682052
111,7,22,4,54,2,02萬華區,萬華區萬大路與環河南路3段口,0,0,1,2,C03,8,1,5,50,4,2,1,5,4,5,7,1,1,10,5,5,2,12,2,40,2,8,1,3,7,14,1,10,1,14,,44,23,1,22,9,121.4956102,25.01682052
111,7,22,7,50,2,01大同區,大同區重慶北路3段與民族西路口,0,0,1,1,B03,8,1,5,50,3,2,1,5,4,5,7,1,1,9,4,5,1,12,1,41,3,10,1,1,7,6,1,8,1,2,,9,9,1,22,9,121.5135592,25.06861272
111,7,22,7,50,2,01大同區,大同區重慶北路3段與民族西路口,0,0,1,2,C03,8,1,5,50,3,2,1,5,4,5,7,1,1,9,4,5,1,12,1,25,2,9,1,1,7,9,1,10,1,14,,23,9,1,22,9,121.5135592,25.06861272
111,7,22,8,5,2,06松山區,松山區八德路3段30號,0,0,1,1,B03,8,1,5,50,14,9,1,5,4,5,7,4,4,5,4,5,2,12,1,26,3,10,3,4,7,9,1,8,2,2,,17,17,1,22,9,121.5515277,25.0481887
111,7,22,8,5,2,06松山區,松山區八德路3段30號,0,0,1,2,C03,8,1,5,50,14,9,1,5,4,5,7,4,4,5,4,5,2,12,1,47,2,9,1,1,7,7,1,10,2,14,,7,17,1,22,9,121.5515277,25.0481887
111,7,22,8,10,2,05中正區,中正區寧波西街7號,0,0,1,1,B03,8,1,5,50,14,9,1,5,4,5,7,4,4,10,4,5,2,13,1,22,4,11,3,4,7,15,7,19,11,15,,23,23,2,22,9,121.518651,25.0314011
111,7,22,8,10,2,05中正區,中正區寧波西街7號,0,0,1,2,C03,8,1,5,50,14,9,1,5,4,5,7,4,4,10,4,5,2,13,2,46,2,5,1,1,7,9,1,10,1,13,,44,23,1,22,9,121.518651,25.0314011
111,7,22,8,14,2,12內湖區,內湖區成功路2段與新明路口,0,0,1,1,B03,8,1,5,50,4,1,1,5,4,5,7,1,1,1,4,5,2,15,2,49,3,10,1,1,7,9,1,8,1,5,,42,42,1,22,9,121.5912461,25.06059155
111,7,22,8,14,2,12內湖區,內湖區成功路2段與新明路口,0,0,1,2,C03,8,1,5,50,4,1,1,5,4,5,7,1,1,1,4,5,2,15,2,57,2,9,1,1,7,9,1,10,1,11,,44,42,1,22,9,121.5912461,25.06059155
111,7,22,8,18,2,03中山區,中山區龍江路與朱崙街口,0,0,1,1,B03,8,1,5,50,4,1,1,5,4,5,7,1,1,5,5,5,2,16,2,34,3,10,1,1,7,6,1,8,1,2,,6,6,1,22,9,121.5403872,25.0500192
111,7,22,8,18,2,03中山區,中山區龍江路與朱崙街口,0,0,1,2,C04,8,1,5,50,4,1,1,5,4,5,7,1,1,5,5,5,2,16,2,28,2,9,1,1,7,9,1,10,1,14,,44,6,1,22,9,121.5403872,25.0500192
111,7,22,8,20,2,12內湖區,內湖區潭美街353號,0,0,1,1,C03,8,1,5,40,14,9,1,5,4,5,7,4,4,5,5,5,1,12,2,43,4,11,3,4,7,15,7,19,11,15,,23,23,2,22,9,121.591314,25.05976054
111,7,22,8,20,2,12內湖區,內湖區潭美街353號,0,0,1,2,C03,8,1,5,40,14,9,1,5,4,5,7,4,4,5,5,5,1,12,1,28,2,9,1,1,7,9,1,10,1,11,,44,23,1,22,9,121.591314,25.05976054