發生年度,發生月,發生日,發生時-Hours,發生分,處理別-編號,區序,肇事地點,死亡人數,2-30日死亡人數,受傷人數,當事人序號,車種,天候,光線,道路類別,速限-速度限制,道路型態,事故位置,路面狀況1,路面狀況2,路面狀況3,道路障礙1,道路障礙2,號誌1,號誌2,車道劃分-分向,車道劃分-分道1,車道劃分-分道2,車道劃分-分道3,事故類型及型態,性別,年齡,受傷程度,主要傷處,安全帽,行動電話,車輛用途,當事者行動狀態,駕駛資格情形,駕駛執照種類,飲酒情形,車輛撞擊部位1,車輛撞擊部位2,肇因碼-個別,肇因碼-主要,個人肇逃否,職業,旅次目的,座標-X,座標-Y
111,7,22,8,25,2,01大同區,大同區環河北路2段與昌吉街口,0,0,2,1,C03,8,1,5,50,3,1,1,5,4,5,7,4,4,1,4,5,2,16,1,33,2,8,3,4,7,6,1,10,1,13,,9,9,1,22,9,121.5088817,25.0658326
111,7,22,8,25,2,01大同區,大同區環河北路2段與昌吉街口,0,0,2,2,C03,8,1,5,50,3,1,1,5,4,5,7,4,4,1,4,5,2,16,1,28,2,9,3,4,7,9,1,10,1,11,,14,9,1,22,9,121.5088817,25.0658326
111,7,22,8,35,2,03中山區,中山區南京東路3段與龍江路口,0,0,1,1,C03,8,1,5,40,14,8,1,5,4,5,7,1,1,1,3,4,1,13,1,27,2,8,1,4,7,9,1,10,1,11,,17,17,1,22,9,121.5405229,25.05203052
111,7,22,8,35,2,03中山區,中山區南京東路3段與龍江路口,0,0,1,2,C03,8,1,5,40,14,8,1,5,4,5,7,1,1,1,3,4,1,13,2,28,3,10,1,4,7,9,1,10,1,13,,44,17,1,22,9,121.5405229,25.05203052
111,7,22,8,35,2,03中山區,中山區南京東路3段與龍江路口,0,0,1,3,B01,8,1,5,40,14,8,1,5,4,5,7,1,1,1,3,4,1,13,1,52,3,10,3,4,7,1,7,19,11,15,,19,17,2,22,9,121.5405229,25.05203052
111,7,22,8,41,2,03中山區,中山區北安路與敬業四路口,0,0,1,2,C03,8,1,5,40,4,2,1,5,4,5,7,2,1,1,4,4,2,13,2,33,2,9,3,4,7,9,1,10,1,12,,16,42,1,22,9,121.5585012,25.08469889
111,7,22,8,41,2,03中山區,中山區北安路與敬業四路口,0,0,1,3,C03,8,1,5,40,4,2,1,5,4,5,7,2,1,1,4,4,2,13,2,35,3,10,3,4,7,9,1,10,1,12,,44,42,1,22,9,121.5585012,25.08469889
111,7,22,8,41,2,03中山區,中山區北安路與敬業四路口,0,0,1,1,B03,8,1,5,40,4,2,1,5,4,5,7,2,1,1,4,4,2,13,1,71,4,11,3,4,7,15,7,19,11,15,,42,42,2,22,9,121.5585012,25.08469889
111,7,22,8,45,2,03中山區,中山區北安路與明水路口,0,0,2,1,C03,8,1,5,50,3,2,1,5,4,5,7,1,1,1,4,5,1,17,1,26,2,9,1,1,7,5,1,10,1,11,,8,8,1,22,9,121.5389701,25.07774232
111,7,22,8,45,2,03中山區,中山區北安路與明水路口,0,0,2,2,C03,8,1,5,50,3,2,1,5,4,5,7,1,1,1,4,5,1,17,2,43,2,9,1,1,7,9,1,10,1,13,,26,8,1,22,9,121.5389701,25.07774232
111,7,22,8,45,2,09北投區,北投區承德路6段與承德路6段331巷口,0,0,1,1,C03,8,1,5,60,3,2,1,5,4,5,7,3,1,1,5,5,2,16,2,52,2,8,1,1,7,1,1,10,1,14,,19,19,1,22,9,121.5116729,25.10557125
111,7,22,8,45,2,09北投區,北投區承德路6段與承德路6段331巷口,0,0,1,2,B02,8,1,5,60,3,2,1,5,4,5,7,3,1,1,5,5,2,16,1,42,3,10,3,4,7,9,1,4,1,5,,23,19,1,22,9,121.5116729,25.10557125
111,7,22,8,45,2,11南港區,南港區研究院路2段8號與研究院路2段口,0,0,1,1,B03,8,1,5,50,3,1,1,5,4,5,7,2,1,1,4,5,2,16,1,57,3,10,3,4,7,6,1,8,1,2,,9,9,1,22,9,121.6155891,25.04772292
111,7,22,8,45,2,11南港區,南港區研究院路2段8號與研究院路2段口,0,0,1,2,C03,8,1,5,50,3,1,1,5,4,5,7,2,1,1,4,5,2,16,2,21,2,8,1,1,7,9,1,10,1,14,,44,9,1,22,9,121.6155891,25.04772292
111,7,22,8,59,2,04大安區,大安區和平東路1段與師大路口,0,0,1,1,B03,8,1,5,50,4,2,1,5,4,5,7,4,4,1,4,5,2,16,1,31,3,10,1,1,7,8,1,8,1,3,,7,7,1,22,9,121.5283253,25.0265014
111,7,22,8,59,2,04大安區,大安區和平東路1段與師大路口,0,0,1,2,C03,8,1,5,50,4,2,1,5,4,5,7,4,4,1,4,5,2,16,2,24,2,9,1,1,7,9,1,10,1,11,,23,7,1,22,9,121.5283253,25.0265014
111,7,22,9,0,2,01大同區,大同區哈密街59巷與哈密街59巷2弄口,0,0,1,1,C03,8,1,5,50,3,2,1,5,4,5,7,4,4,9,4,5,1,16,1,28,3,10,1,1,7,9,1,10,1,11,,43,43,1,22,9,121.5157709,25.07409571
111,7,22,9,0,2,01大同區,大同區哈密街59巷與哈密街59巷2弄口,0,0,1,2,F01,8,1,5,50,3,2,1,5,4,5,7,4,4,9,4,5,1,16,2,84,2,1,1,1,7,5,8,20,1,16,,43,43,1,22,9,121.5157709,25.07409571
111,7,22,9,35,2,03中山區,中山區民族西路花博園區,0,0,1,1,B01,8,1,5,50,14,9,1,5,4,5,7,4,4,5,4,5,2,16,1,75,3,10,1,1,7,8,1,6,1,2,,7,7,1,22,9,121.5206647,25.06857086
111,7,22,9,35,2,03中山區,中山區民族西路花博園區,0,0,1,2,C03,8,1,5,50,14,9,1,5,4,5,7,4,4,5,4,5,2,16,1,70,2,9,1,1,7,9,1,10,1,14,,44,7,1,22,9,121.5206647,25.06857086
111,7,22,9,36,2,06松山區,松山區延壽街330巷20弄與延壽街口,0,0,1,1,B01,8,1,5,40,3,1,1,5,4,5,7,4,4,9,4,5,2,12,1,64,3,10,1,4,7,5,1,8,1,8,,8,8,1,22,9,121.5604317,25.05453892
111,7,22,9,36,2,06松山區,松山區延壽街330巷20弄與延壽街口,0,0,1,2,C03,8,1,5,40,3,1,1,5,4,5,7,4,4,9,4,5,2,12,2,51,2,9,1,1,7,9,1,10,1,12,,23,8,1,22,9,121.5604317,25.05453892
111,7,22,9,38,2,07信義區,信義區松隆路123巷與基隆路1段35巷7弄口,0,0,1,1,B12,8,1,5,30,4,1,1,5,4,5,7,4,4,5,5,5,2,15,1,62,3,10,1,1,7,9,1,2,1,2,,6,6,1,22,9,121.5716199,25.04792917
111,7,22,9,38,2,07信義區,信義區松隆路123巷與基隆路1段35巷7弄口,0,0,1,2,C04,8,1,5,30,4,1,1,5,4,5,7,4,4,5,5,5,2,15,2,39,2,8,1,1,7,9,1,2,1,11,,23,6,1,22,9,121.5716199,25.04792917
111,7,22,10,3,2,11南港區,南港區昆陽街163巷與東新街口,0,0,1,1,B03,8,1,5,50,4,2,1,5,4,5,2,2,1,3,5,5,2,16,2,47,4,11,3,4,7,9,1,4,1,5,,16,16,1,22,9,121.594126,25.04839184
111,7,22,10,3,2,11南港區,南港區昆陽街163巷與東新街口,0,0,1,2,C03,8,1,5,50,4,2,1,5,4,5,2,2,1,3,5,5,2,16,1,56,2,9,3,4,7,9,1,10,1,13,,14,16,1,22,9,121.594126,25.04839184
111,7,22,10,9,2,05中正區,中正區重慶南路1段與貴陽街1段口,0,0,2,1,C03,8,1,5,50,4,2,1,5,4,5,7,1,1,10,5,5,2,16,1,27,3,10,1,1,7,8,1,10,2,12,,7,7,1,22,9,121.5127309,25.0389593
111,7,22,10,9,2,05中正區,中正區重慶南路1段與貴陽街1段口,0,0,2,2,C03,8,1,5,50,4,2,1,5,4,5,7,1,1,10,5,5,2,16,1,21,2,9,1,1,7,9,1,10,2,14,,44,7,1,22,9,121.5127309,25.0389593
111,7,22,10,9,2,05中正區,中正區重慶南路1段與貴陽街1段口,0,0,2,3,H02,8,1,5,50,4,2,1,5,4,5,7,1,1,10,5,5,2,16,2,21,2,9,1,5,7,20,8,20,10,16,,67,7,1,22,9,121.5127309,25.0389593
111,7,22,10,25,2,05中正區,中正區市民大道1段與金山北路1段口,0,0,2,1,C03,8,1,5,40,4,1,1,5,4,5,7,1,1,1,4,5,2,12,2,23,2,9,1,1,7,9,1,10,2,14,,43,43,1,22,9,121.5304895,25.0459958
111,7,22,10,25,2,05中正區,中正區市民大道1段與金山北路1段口,0,0,2,2,C03,8,1,5,40,4,1,1,5,4,5,7,1,1,1,4,5,2,12,1,20,2,9,1,1,7,9,1,10,2,11,,43,43,1,22,9,121.5304895,25.0459958
111,7,22,10,25,2,05中正區,中正區市民大道1段與金山北路1段口,0,0,2,3,B01,8,1,5,40,4,1,1,5,4,5,7,1,1,1,4,5,2,12,1,60,3,10,1,1,7,9,1,4,2,2,,43,43,1,22,9,121.5304895,25.0459958
111,7,22,10,25,2,05中正區,中正區市民大道1段與金山北路1段口,0,0,2,4,B03,8,1,5,40,4,1,1,5,4,5,7,1,1,1,4,5,2,12,1,57,3,10,1,1,7,9,1,8,2,4,,43,43,1,22,9,121.5304895,25.0459958
111,7,22,10,41,2,02萬華區,萬華區環河南路1段69-1號,0,0,1,2,B01,8,1,5,50,14,9,1,5,4,5,7,4,4,5,4,5,2,17,1,37,3,10,1,1,7,1,1,4,1,7,,19,42,1,22,9,121.5018437,25.04504864
111,7,22,10,41,2,02萬華區,萬華區環河南路1段69-1號,0,0,1,1,C03,8,1,5,50,14,9,1,5,4,5,7,4,4,5,4,5,2,17,1,18,2,9,1,1,7,9,3,18,1,14,,42,42,1,22,9,121.5018437,25.04504864
111,7,22,10,50,2,04大安區,大安區基隆路2段與和平東路3段口,0,0,1,1,B03,8,1,5,50,4,1,1,5,4,5,7,1,1,1,4,5,2,16,1,29,3,10,1,1,7,6,1,8,1,2,,9,9,1,22,9,121.5526276,25.0243602
111,7,22,10,50,2,04大安區,大安區基隆路2段與和平東路3段口,0,0,1,2,C03,8,1,5,50,4,1,1,5,4,5,7,1,1,1,4,5,2,16,1,24,2,9,1,1,7,9,1,10,1,14,,44,9,1,22,9,121.5526276,25.0243602
111,7,22,11,8,2,05中正區,中正區金山南路1段107號,0,0,1,1,A02,8,1,5,50,14,9,1,5,4,1,7,4,4,3,4,5,1,12,1,48,3,10,1,1,7,9,1,2,2,5,,23,23,1,22,9,121.5278984,25.03646251
111,7,22,11,8,2,05中正區,中正區金山南路1段107號,0,0,1,2,C03,8,1,5,50,14,9,1,5,4,1,7,4,4,3,4,5,1,12,2,70,2,9,1,1,7,9,1,10,2,14,,44,23,1,22,9,121.5278984,25.03646251
111,7,22,11,11,2,02萬華區,萬華區環河南路2段與環河南路2段250巷口,0,0,1,1,C03,8,1,5,50,4,1,1,5,4,5,7,2,1,1,4,5,2,17,1,41,3,10,1,1,7,9,1,10,1,11,,16,16,1,22,9,121.4920984,25.0328949
111,7,22,11,11,2,02萬華區,萬華區環河南路2段與環河南路2段250巷口,0,0,1,2,C03,8,1,5,50,4,1,1,5,4,5,7,2,1,1,4,5,2,17,2,29,2,9,1,1,7,9,1,10,1,13,,44,16,1,22,9,121.4920984,25.0328949
111,7,22,11,11,2,02萬華區,萬華區環河南路2段與環河南路2段250巷口,0,0,1,3,B12,8,1,5,50,4,1,1,5,4,5,7,2,1,1,4,5,2,17,1,35,3,10,1,1,7,5,1,8,1,15,,6,16,1,22,9,121.4920984,25.0328949
111,7,22,11,16,2,05中正區,中正區重慶南路3段63號,0,0,2,1,C03,8,1,5,30,14,9,1,5,4,5,7,4,4,1,4,5,1,17,1,50,2,9,1,1,7,9,1,9,2,11,,23,23,1,22,9,121.5162768,25.02659879
111,7,22,11,16,2,05中正區,中正區重慶南路3段63號,0,0,2,2,C03,8,1,5,30,14,9,1,5,4,5,7,4,4,1,4,5,1,17,1,38,3,10,1,1,7,12,1,10,2,13,,13,23,1,22,9,121.5162768,25.02659879
111,7,22,11,16,2,05中正區,中正區重慶南路3段63號,0,0,2,3,C03,8,1,5,30,14,9,1,5,4,5,7,4,4,1,4,5,1,17,2,62,2,9,1,1,7,15,3,18,2,12,,13,23,1,22,9,121.5162768,25.02659879
111,7,22,11,16,2,08士林區,士林區通河街2巷與承德路4段3巷口,0,0,1,1,C03,8,1,5,30,3,1,1,5,4,5,7,4,4,10,5,5,1,16,1,45,4,11,3,4,7,15,7,19,11,15,,6,6,2,22,9,121.5229086,25.078401
111,7,22,11,16,2,08士林區,士林區通河街2巷與承德路4段3巷口,0,0,1,2,C03,8,1,5,30,3,1,1,5,4,5,7,4,4,10,5,5,1,16,2,30,2,9,1,1,7,9,1,10,9,11,,44,6,1,22,9,121.5229086,25.078401
111,7,22,11,52,2,02萬華區,萬華區西園路2段222號,0,0,1,1,C03,8,1,5,50,14,9,1,5,4,5,7,2,1,1,4,5,1,17,2,40,2,9,3,4,7,9,1,10,1,11,,16,16,1,22,9,121.4954591,25.02848723
111,7,22,11,52,2,02萬華區,萬華區西園路2段222號,0,0,1,2,B02,8,1,5,50,14,9,1,5,4,5,7,2,1,1,4,5,1,17,1,54,3,10,3,4,7,9,1,4,1,6,,44,16,1,22,9,121.4954591,25.02848723
111,7,22,11,54,2,03中山區,中山區建國北路3段91-1號,0,0,1,1,B01,8,1,5,50,14,9,1,5,4,5,7,4,4,1,5,5,1,13,1,53,3,10,3,4,7,9,1,4,1,1,,23,23,1,22,9,121.5369409,25.0651057
111,7,22,11,54,2,03中山區,中山區建國北路3段91-1號,0,0,1,2,B03,8,1,5,50,14,9,1,5,4,5,7,4,4,1,5,5,1,13,1,43,3,10,3,4,7,9,1,8,1,1,,16,23,1,22,9,121.5369409,25.0651057
111,7,22,11,54,2,03中山區,中山區建國北路3段91-1號,0,0,1,3,C04,8,1,5,50,14,9,1,5,4,5,7,4,4,1,5,5,1,13,2,74,2,9,3,4,7,10,3,18,1,13,,7,23,1,22,9,121.5369409,25.0651057
111,7,22,11,59,2,08士林區,士林區延平北路5段與中正路口,0,0,1,1,B03,8,1,5,50,4,1,1,5,4,5,7,1,1,1,4,5,2,12,1,40,3,10,3,4,7,7,1,8,1,4,,7,7,1,22,9,121.5094156,25.08659934
111,7,22,11,59,2,08士林區,士林區延平北路5段與中正路口,0,0,1,2,C03,8,1,5,50,4,1,1,5,4,5,7,1,1,1,4,5,2,12,1,21,2,9,1,1,7,9,1,10,1,12,,44,7,1,22,9,121.5094156,25.08659934
111,7,22,12,12,2,05中正區,中正區鄭州路1段與承德路1段口,0,0,2,1,B03,8,1,5,40,4,2,1,5,4,5,7,1,1,1,4,1,2,13,1,28,3,10,1,1,7,9,1,8,2,1,,44,44,1,22,9,121.5163569,25.04864757
111,7,22,12,12,2,05中正區,中正區鄭州路1段與承德路1段口,0,0,2,2,C04,8,1,5,40,4,2,1,5,4,5,7,1,1,1,4,1,2,13,1,66,2,9,1,1,7,8,1,11,2,13,,7,44,1,22,9,121.5163569,25.04864757
111,7,22,12,12,2,05中正區,中正區鄭州路1段與承德路1段口,0,0,2,3,H02,8,1,5,40,4,2,1,5,4,5,7,1,1,1,4,1,2,13,2,67,2,7,4,5,7,20,8,20,10,16,,67,44,1,22,9,121.5163569,25.04864757
111,7,22,12,30,2,03中山區,中山區民族東路與中山北路3段口無名巷,0,0,1,1,C03,8,1,5,50,3,1,1,5,4,5,7,4,4,1,4,5,2,13,1,23,3,10,1,1,7,6,1,10,1,13,,9,9,1,22,9,121.5239342,25.06853831
111,7,22,12,30,2,03中山區,中山區民族東路與中山北路3段口無名巷,0,0,1,2,C03,8,1,5,50,3,1,1,5,4,5,7,4,4,1,4,5,2,13,1,23,2,9,1,1,7,9,3,18,1,12,,13,9,1,22,9,121.5239342,25.06853831
111,7,22,12,40,2,09北投區,北投區立賢路與立賢路口168號,0,0,1,1,C03,8,1,5,50,3,1,1,5,4,5,7,3,1,1,4,5,2,13,2,20,2,8,1,1,7,9,1,10,1,11,,16,16,1,22,9,121.5023588,25.11433057
111,7,22,12,40,2,09北投區,北投區立賢路與立賢路口168號,0,0,1,2,B03,8,1,5,50,3,1,1,5,4,5,7,3,1,1,4,5,2,13,1,53,3,10,1,1,7,9,1,8,1,3,,44,16,1,22,9,121.5023588,25.11433057
111,7,22,13,22,2,03中山區,中山區樂群一路往東未過敬業三路,0,0,1,1,C03,8,1,5,50,14,9,1,5,4,5,7,4,4,1,4,5,2,16,2,20,2,9,1,1,7,8,1,10,1,12,,7,7,1,22,9,121.5557004,25.0771078
111,7,22,13,22,2,03中山區,中山區樂群一路往東未過敬業三路,0,0,1,2,B01,8,1,5,50,14,9,1,5,4,5,7,4,4,1,4,5,2,16,1,57,3,10,3,4,7,9,1,4,1,4,,44,7,1,22,9,121.5557004,25.0771078
111,7,22,13,22,2,03中山區,中山區樂群一路往東未過敬業三路,0,0,1,3,B03,8,1,5,50,14,9,1,5,4,5,7,4,4,1,4,5,2,16,4,,4,11,3,4,7,15,7,19,11,15,,44,7,2,22,9,121.5557004,25.0771078
111,7,22,13,27,2,03中山區,中山區民權東路3段與建國北路3段口,0,0,1,1,B01,8,1,5,50,14,9,1,5,4,5,7,4,4,7,4,5,2,13,1,56,3,10,1,1,7,9,1,4,1,5,,43,43,1,10,4,121.5380114,25.062501
111,7,22,13,27,2,03中山區,中山區民權東路3段與建國北路3段口,0,0,1,2,C03,8,1,5,50,14,9,1,5,4,5,7,4,4,7,4,5,2,13,2,40,2,9,1,1,7,9,1,10,1,13,,43,43,1,5,3,121.5380114,25.062501
111,7,22,13,52,2,11南港區,南港區市民大道7段與東新街口,0,0,1,1,B02,8,1,5,50,4,2,1,5,4,5,7,1,1,1,4,5,2,16,1,58,3,10,1,1,7,11,1,8,1,1,,10,10,1,22,9,121.5838076,25.04954523
111,7,22,13,52,2,11南港區,南港區市民大道7段與東新街口,0,0,1,2,C03,8,1,5,50,4,2,1,5,4,5,7,1,1,1,4,5,2,16,2,23,2,9,1,1,7,9,1,10,1,14,,13,10,1,22,9,121.5838076,25.04954523
111,7,22,14,0,2,06松山區,松山區塔悠路與松河街口,0,0,1,1,C03,8,1,5,40,3,1,1,5,4,5,7,2,1,3,3,4,2,13,1,41,2,9,1,1,7,9,1,10,1,11,,16,16,1,22,9,121.5707883,25.05112996
111,7,22,14,0,2,06松山區,松山區塔悠路與松河街口,0,0,1,2,B03,8,1,5,40,3,1,1,5,4,5,7,2,1,3,3,4,2,13,1,59,3,10,1,1,7,14,1,8,1,6,,44,16,1,22,9,121.5707883,25.05112996
111,7,22,14,2,2,03中山區,中山區濱江街180巷與濱江街口,0,0,1,1,B01,8,1,5,50,14,9,1,5,4,5,7,2,1,9,4,5,2,13,1,38,3,10,1,1,7,9,1,4,1,1,,16,16,1,10,4,121.5384216,25.07243492
111,7,22,14,2,2,03中山區,中山區濱江街180巷與濱江街口,0,0,1,2,B03,8,1,5,50,14,9,1,5,4,5,7,2,1,9,4,5,2,13,1,38,2,9,1,1,7,9,1,8,1,3,,44,16,1,19,9,121.5384216,25.07243492
111,7,22,14,5,2,06松山區,松山區麥帥一橋最上層東往西標誌牌前,0,0,1,1,B12,8,1,5,60,10,9,1,5,4,5,7,4,4,10,4,5,2,13,1,42,3,10,1,1,7,9,1,8,3,1,,16,16,1,22,9,121.571894,25.05231944
111,7,22,14,5,2,06松山區,松山區麥帥一橋最上層東往西標誌牌前,0,0,1,2,B03,8,1,5,60,10,9,1,5,4,5,7,4,4,10,4,5,2,13,2,41,3,10,1,1,7,14,1,8,2,3,,44,16,1,22,9,121.571894,25.05231944
111,7,22,14,5,2,06松山區,松山區麥帥一橋最上層東往西標誌牌前,0,0,1,3,B03,8,1,5,60,10,9,1,5,4,5,7,4,4,10,4,5,2,13,1,32,3,10,1,1,7,14,1,8,2,3,,44,16,1,22,9,121.571894,25.05231944
111,7,22,14,5,2,06松山區,松山區麥帥一橋最上層東往西標誌牌前,0,0,1,4,H02,8,1,5,60,10,9,1,5,4,5,7,4,4,10,4,5,2,13,2,50,2,2,1,5,7,20,8,20,10,16,,67,16,1,22,9,121.571894,25.05231944
111,7,22,14,15,2,07信義區,信義區忠孝東路4段與逸仙路口,0,0,1,1,B03,8,1,5,50,3,2,1,5,4,5,7,2,1,1,4,5,2,17,1,40,3,10,1,1,7,11,1,8,1,5,,43,43,1,22,9,121.5616905,25.0411033
111,7,22,14,15,2,07信義區,信義區忠孝東路4段與逸仙路口,0,0,1,2,F02,8,1,5,50,3,2,1,5,4,5,7,2,1,1,4,5,2,17,2,43,2,8,1,1,7,9,8,20,1,16,,43,43,1,22,9,121.5616905,25.0411033
111,7,22,14,16,2,09北投區,北投區大度路1段185號燈桿,0,0,3,1,C03,8,1,5,50,14,12,1,5,4,5,7,4,4,1,4,5,2,13,2,19,2,9,1,1,7,9,1,10,2,11,,16,16,1,22,9,121.4942686,25.12125589
111,7,22,14,16,2,09北投區,北投區大度路1段185號燈桿,0,0,3,2,C03,8,1,5,50,14,12,1,5,4,5,7,4,4,1,4,5,2,13,1,26,2,9,1,1,7,14,1,10,2,13,,44,16,1,22,9,121.4942686,25.12125589
111,7,22,14,16,2,09北投區,北投區大度路1段185號燈桿,0,0,3,3,H02,8,1,5,50,14,12,1,5,4,5,7,4,4,1,4,5,2,13,2,19,2,9,1,5,7,20,8,20,10,16,,67,16,1,22,9,121.4942686,25.12125589
111,7,22,14,50,2,03中山區,中山區復興北路516號,0,0,1,1,B03,8,1,5,50,3,1,1,5,4,5,7,4,4,1,3,5,1,16,2,38,3,10,3,4,7,6,1,8,1,6,,9,9,1,22,9,121.5442014,25.06599473
111,7,22,14,50,2,03中山區,中山區復興北路516號,0,0,1,2,C03,8,1,5,50,3,1,1,5,4,5,7,4,4,1,3,5,1,16,2,22,2,9,3,4,7,9,1,10,1,14,,14,9,1,22,9,121.5442014,25.06599473
111,7,22,14,56,2,03中山區,中山區林森北路與民生東路1段口,0,0,1,1,B01,8,1,5,50,4,1,1,5,4,5,7,2,1,5,4,5,2,17,1,35,3,10,3,4,7,5,1,4,1,5,,6,6,1,22,9,121.5254852,25.0581085
111,7,22,14,56,2,03中山區,中山區林森北路與民生東路1段口,0,0,1,2,C03,8,1,5,50,4,1,1,5,4,5,7,2,1,5,4,5,2,17,1,40,2,9,1,1,7,9,1,10,1,12,,13,6,1,22,9,121.5254852,25.0581085
111,7,22,15,5,2,04大安區,大安區復興南路1段200號,0,0,1,1,B03,8,1,5,50,14,9,1,5,4,5,7,2,1,1,4,5,2,12,1,53,3,10,1,1,7,4,1,8,1,2,,23,23,1,22,9,121.5434452,25.0397231
111,7,22,15,5,2,04大安區,大安區復興南路1段200號,0,0,1,2,C03,8,1,5,50,14,9,1,5,4,5,7,2,1,1,4,5,2,12,1,23,2,9,1,1,7,9,1,10,1,14,,44,23,1,22,9,121.5434452,25.0397231
111,7,22,15,9,2,03中山區,中山區建國北路2段與興安街口,0,0,1,1,B01,8,1,5,50,3,1,1,2,4,5,7,2,1,1,4,5,2,17,4,,4,11,3,4,7,15,7,19,11,15,,43,43,2,22,9,121.5371882,25.05615548
111,7,22,15,9,2,03中山區,中山區建國北路2段與興安街口,0,0,1,2,C03,8,1,5,50,3,1,1,2,4,5,7,2,1,1,4,5,2,17,1,28,2,9,3,4,7,6,1,10,1,12,,44,43,1,22,9,121.5371882,25.05615548
111,7,22,15,15,2,07信義區,信義區吳興街88號,0,0,1,1,H01,8,1,5,30,14,9,1,5,4,5,7,4,4,10,4,5,2,3,1,76,2,9,4,5,8,16,8,20,10,16,,51,51,1,22,9,121.560782,25.0306191
111,7,22,15,15,2,07信義區,信義區吳興街88號,0,0,1,2,C03,8,1,5,30,14,9,1,5,4,5,7,4,4,10,4,5,2,3,1,62,3,10,1,1,7,9,1,10,2,11,,13,51,1,22,9,121.560782,25.0306191
111,7,22,15,30,2,03中山區,中山區建國北路2段與興安街口,0,0,1,1,B01,8,1,5,50,3,1,1,2,4,5,7,2,1,1,4,5,2,17,4,,4,11,3,4,7,15,7,19,11,15,,43,43,2,22,9,121.5371786,25.05615761
111,7,22,15,30,2,03中山區,中山區建國北路2段與興安街口,0,0,1,2,C03,8,1,5,50,3,1,1,2,4,5,7,2,1,1,4,5,2,17,1,50,2,9,3,4,7,6,1,10,1,14,,44,43,1,22,9,121.5371786,25.05615761
111,7,22,16,15,2,05中正區,中正區林森南路與青島東路口,0,0,1,1,B03,8,1,5,50,4,1,1,5,4,5,7,1,1,4,4,5,2,11,1,52,3,10,1,1,7,5,1,8,1,8,,6,6,1,22,9,121.5230182,25.0436223
111,7,22,16,15,2,05中正區,中正區林森南路與青島東路口,0,0,1,2,C03,8,1,5,50,4,1,1,5,4,5,7,1,1,4,4,5,2,11,1,28,2,8,1,1,7,9,1,10,1,11,,13,6,1,22,9,121.5230182,25.0436223
111,7,22,16,20,2,04大安區,大安區敦化南路2段63巷21弄與敦化南路2段37巷口,0,0,1,1,B03,8,1,5,30,4,2,1,5,4,5,7,4,4,10,5,5,1,17,1,26,3,10,1,1,7,5,1,4,1,8,,6,6,1,21,5,121.5501466,25.0321422
111,7,22,16,20,2,04大安區,大安區敦化南路2段63巷21弄與敦化南路2段37巷口,0,0,1,2,C03,8,1,5,30,4,2,1,5,4,5,7,4,4,10,5,5,1,17,2,25,2,7,1,1,7,9,1,10,1,11,,13,6,1,5,1,121.5501466,25.0321422
111,7,22,16,23,2,03中山區,中山區錦州街219號,0,0,1,1,B03,8,1,5,30,14,9,1,5,4,5,7,4,4,10,5,5,1,16,1,41,3,10,3,4,7,8,1,8,2,6,,42,42,1,22,9,121.5322876,25.06032118
111,7,22,16,23,2,03中山區,中山區錦州街219號,0,0,1,2,C03,8,1,5,30,14,9,1,5,4,5,7,4,4,10,5,5,1,16,1,25,2,9,1,4,7,9,1,10,2,11,,44,42,1,22,9,121.5322876,25.06032118
111,7,22,16,23,2,03中山區,中山區錦州街219號,0,0,1,3,A12,8,1,5,30,14,9,1,5,4,5,7,4,4,10,5,5,1,16,1,53,3,10,3,4,7,13,1,1,9,15,,44,42,1,22,9,121.5322876,25.06032118
111,7,22,16,23,2,03中山區,中山區錦州街219號,0,0,1,4,B03,8,1,5,30,14,9,1,5,4,5,7,4,4,10,5,5,1,16,1,42,3,10,3,4,7,14,1,8,9,15,,6,42,1,22,9,121.5322876,25.06032118
111,7,22,16,23,2,04大安區,大安區復興南路2段148巷16號,0,0,1,1,B01,8,1,5,50,14,9,1,5,4,5,7,4,4,5,2,5,1,9,2,56,3,10,3,1,7,14,1,4,1,6,,38,38,1,22,9,121.5426643,25.0284714
111,7,22,16,23,2,04大安區,大安區復興南路2段148巷16號,0,0,1,2,H02,8,1,5,50,14,9,1,5,4,5,7,4,4,5,2,5,1,9,2,31,3,10,4,5,7,19,8,20,10,16,,56,38,1,22,9,121.5426643,25.0284714
111,7,22,16,23,2,04大安區,大安區復興南路2段148巷16號,0,0,1,3,F01,8,1,5,50,14,9,1,5,4,5,7,4,4,5,2,5,1,9,1,66,2,7,1,1,7,15,8,20,1,16,,44,38,1,22,9,121.5426643,25.0284714
111,7,22,16,31,2,11南港區,南港區市民大道8段與南港路2段41巷口,0,0,1,1,C03,8,1,5,50,4,1,1,5,4,5,7,2,1,1,4,5,2,16,2,19,2,8,1,1,7,5,1,10,11,14,,8,8,1,22,9,121.6032859,25.05263016
111,7,22,16,31,2,11南港區,南港區市民大道8段與南港路2段41巷口,0,0,1,2,C03,8,1,5,50,4,1,1,5,4,5,7,2,1,1,4,5,2,16,4,,4,11,3,4,7,15,7,19,11,15,,43,8,2,22,9,121.6032859,25.05263016
111,7,22,16,32,2,08士林區,士林區重慶北路4段49巷與重慶北路4段49巷20弄口,0,0,1,1,B03,8,1,5,30,4,2,1,5,4,5,7,4,4,10,5,5,1,17,1,29,3,10,1,1,7,6,1,8,1,5,,6,6,1,22,9,121.5121698,25.08099865