發生年度,發生月,發生日,發生時-Hours,發生分,處理別-編號,區序,肇事地點,死亡人數,2-30日死亡人數,受傷人數,當事人序號,車種,天候,光線,道路類別,速限-速度限制,道路型態,事故位置,路面狀況1,路面狀況2,路面狀況3,道路障礙1,道路障礙2,號誌1,號誌2,車道劃分-分向,車道劃分-分道1,車道劃分-分道2,車道劃分-分道3,事故類型及型態,性別,年齡,受傷程度,主要傷處,安全帽,行動電話,車輛用途,當事者行動狀態,駕駛資格情形,駕駛執照種類,飲酒情形,車輛撞擊部位1,車輛撞擊部位2,肇因碼-個別,肇因碼-主要,個人肇逃否,職業,旅次目的,座標-X,座標-Y
111,7,22,16,32,2,08士林區,士林區重慶北路4段49巷與重慶北路4段49巷20弄口,0,0,1,2,C03,8,1,5,30,4,2,1,5,4,5,7,4,4,10,5,5,1,17,1,57,2,7,1,1,7,9,1,10,1,14,,44,6,1,22,9,121.5121698,25.08099865
111,7,22,16,34,2,07信義區,信義區松智路37號,0,0,1,1,E05,8,1,5,50,11,9,1,5,4,5,7,4,4,9,5,5,2,12,1,30,3,10,3,4,7,5,1,8,2,8,,8,8,1,22,9,121.5653236,25.02968807
111,7,22,16,34,2,07信義區,信義區松智路37號,0,0,1,2,C03,8,1,5,50,11,9,1,5,4,5,7,4,4,9,5,5,2,12,2,19,2,9,3,4,7,9,1,10,2,12,,23,8,1,22,9,121.5653236,25.02968807
111,7,22,16,37,2,03中山區,中山區中山北路2段45巷與中山北路2段口,0,0,2,1,C03,8,1,5,50,3,1,1,5,4,5,7,4,4,1,4,5,2,16,1,33,2,9,1,1,7,7,1,10,1,14,,7,7,1,22,9,121.5228268,25.05458503
111,7,22,16,37,2,03中山區,中山區中山北路2段45巷與中山北路2段口,0,0,2,2,B03,8,1,5,50,3,1,1,5,4,5,7,4,4,1,4,5,2,16,1,23,3,10,1,1,7,9,1,8,1,2,,44,7,1,22,9,121.5228268,25.05458503
111,7,22,16,37,2,03中山區,中山區中山北路2段45巷與中山北路2段口,0,0,2,3,H02,8,1,5,50,3,1,1,5,4,5,7,4,4,1,4,5,2,16,1,30,2,9,4,5,7,20,8,20,10,16,,67,7,1,22,9,121.5228268,25.05458503
111,7,22,16,45,2,07信義區,信義區忠孝東路5段與無名巷口,0,0,2,1,C03,8,1,5,50,4,1,1,5,4,5,7,1,1,1,4,5,1,12,1,18,2,7,1,1,7,8,1,10,1,12,,7,7,1,22,9,121.5753575,25.0407705
111,7,22,16,45,2,07信義區,信義區忠孝東路5段與無名巷口,0,0,2,2,C03,8,1,5,50,4,1,1,5,4,5,7,1,1,1,4,5,1,12,2,25,2,9,1,1,7,9,1,10,1,14,,44,7,1,22,9,121.5753575,25.0407705
111,7,22,16,45,2,07信義區,信義區忠孝東路5段與無名巷口,0,0,2,3,B03,8,1,5,50,4,1,1,5,4,5,7,1,1,1,4,5,1,12,1,59,3,10,3,1,7,14,1,8,11,15,,38,7,1,22,9,121.5753575,25.0407705
111,7,22,16,46,2,12內湖區,內湖區東湖路與東湖路16巷口,0,0,1,1,B03,8,1,5,50,14,9,1,5,4,5,7,4,4,5,4,5,2,17,1,54,4,11,3,4,7,15,7,19,11,15,,23,23,2,22,9,121.6128181,25.06885559
111,7,22,16,46,2,12內湖區,內湖區東湖路與東湖路16巷口,0,0,1,2,C03,8,1,5,50,14,9,1,5,4,5,7,4,4,5,4,5,2,17,2,33,2,9,1,1,7,15,1,10,9,14,,44,23,1,22,9,121.6128181,25.06885559
111,7,22,17,0,2,11南港區,南港區忠孝東路6段與玉成街口,0,0,1,1,C03,8,1,5,50,3,2,1,5,4,5,7,1,1,1,4,5,2,13,1,43,2,9,1,1,7,7,1,10,1,11,,23,23,1,22,9,121.5832235,25.04601849
111,7,22,17,0,2,11南港區,南港區忠孝東路6段與玉成街口,0,0,1,2,B03,8,1,5,50,3,2,1,5,4,5,7,1,1,1,4,5,2,13,2,33,3,10,1,1,7,14,1,8,1,2,,44,23,1,22,9,121.5832235,25.04601849
111,7,22,17,10,2,04大安區,大安區和平東路1段117號,0,0,1,1,,8,1,5,0,15,20,4,5,4,5,7,4,4,1,4,5,2,9,4,,4,11,3,4,7,15,7,19,11,15,,43,43,2,22,9,121.5269449,25.02680037
111,7,22,17,10,2,04大安區,大安區和平東路1段117號,0,0,1,2,H01,8,1,5,0,15,20,4,5,4,5,7,4,4,1,4,5,2,9,2,36,2,2,4,5,8,16,8,20,10,16,,67,43,1,22,9,121.5269449,25.02680037
111,7,22,17,10,2,09北投區,北投區崗山路與崗山路8巷口,0,0,1,1,B03,8,1,5,30,4,1,1,5,4,5,7,4,4,10,5,5,2,15,1,50,3,10,1,1,7,9,1,8,2,5,,6,6,1,22,9,121.4868307,25.14028589
111,7,22,17,10,2,09北投區,北投區崗山路與崗山路8巷口,0,0,1,2,C03,8,1,5,30,4,1,1,5,4,5,7,4,4,10,5,5,2,15,2,22,2,9,1,1,7,9,1,10,2,11,,23,6,1,22,9,121.4868307,25.14028589
111,7,22,17,10,2,09北投區,北投區公館路334巷與公館路228巷口,0,0,1,1,B12,8,1,5,30,4,1,1,5,4,5,3,4,4,10,5,5,2,15,1,63,3,10,1,1,7,9,1,8,1,4,,6,6,1,22,9,121.5047623,25.12461698
111,7,22,17,10,2,09北投區,北投區公館路334巷與公館路228巷口,0,0,1,2,C03,8,1,5,30,4,1,1,5,4,5,3,4,4,10,5,5,2,15,2,62,2,9,1,1,7,9,1,10,1,11,,14,6,1,22,9,121.5047623,25.12461698
111,7,22,17,20,2,03中山區,中山區長安東路2段67號,0,0,1,1,B03,8,2,5,50,14,9,1,5,4,5,7,4,4,5,4,5,2,17,1,67,2,7,1,1,7,14,1,8,11,4,,40,40,1,22,9,121.5340413,25.04848142
111,7,22,17,20,2,03中山區,中山區長安東路2段67號,0,0,1,2,B03,8,2,5,50,14,9,1,5,4,5,7,4,4,5,4,5,2,17,1,68,3,10,1,1,7,9,1,8,11,2,,44,40,1,22,9,121.5340413,25.04848142
111,7,22,17,20,2,05中正區,中正區重慶北路1段與北平西路口,0,0,1,1,B12,8,1,5,50,4,2,1,5,4,5,7,2,1,9,4,5,2,1,1,63,3,10,1,1,7,6,1,8,1,1,,15,15,1,22,4,121.5133578,25.04823616
111,7,22,17,20,2,05中正區,中正區重慶北路1段與北平西路口,0,0,1,2,H01,8,1,5,50,4,2,1,5,4,5,7,2,1,9,4,5,2,1,2,49,2,5,4,5,8,16,8,20,10,16,,60,15,1,22,1,121.5133578,25.04823616
111,7,22,17,27,2,05中正區,中正區汀州路1段與三元街口,0,0,1,1,B03,8,1,5,50,4,1,1,5,4,5,7,1,1,3,4,5,2,12,2,41,3,10,1,1,7,6,1,8,1,2,,9,9,1,22,9,121.5071778,25.0307457
111,7,22,17,27,2,05中正區,中正區汀州路1段與三元街口,0,0,1,2,C03,8,1,5,50,4,1,1,5,4,5,7,1,1,3,4,5,2,12,2,28,2,9,1,1,7,9,1,10,1,14,,44,9,1,22,9,121.5071778,25.0307457
111,7,22,17,35,2,04大安區,大安區和平東路2段107巷與瑞安街135巷口口,0,0,2,1,C03,8,1,5,30,4,1,1,5,4,5,7,4,4,10,5,5,2,15,1,56,2,9,3,4,7,9,1,10,1,14,,6,6,1,22,9,121.5405089,25.0267286
111,7,22,17,35,2,04大安區,大安區和平東路2段107巷與瑞安街135巷口口,0,0,2,2,C03,8,1,5,30,4,1,1,5,4,5,7,4,4,10,5,5,2,15,2,42,2,8,3,4,7,9,1,10,1,11,,14,6,1,22,9,121.5405089,25.0267286
111,7,22,17,52,2,04大安區,大安區仁愛路4段與敦化南路1段口,0,0,1,1,B03,8,1,5,50,16,7,1,5,4,5,7,2,1,1,4,1,2,17,1,41,2,3,3,4,7,10,1,8,1,6,,7,7,1,22,9,121.5488203,25.0377655
111,7,22,17,52,2,04大安區,大安區仁愛路4段與敦化南路1段口,0,0,1,2,A02,8,1,5,50,16,7,1,5,4,5,7,2,1,1,4,1,2,17,1,48,3,10,3,4,7,9,1,2,1,5,,44,7,1,22,9,121.5488203,25.0377655
111,7,22,19,18,2,05中正區,中正區中華路2段305巷與中華路2段口,0,0,2,1,C03,8,3,5,40,3,1,1,5,4,5,7,4,4,9,4,4,2,13,2,59,2,3,1,1,7,9,1,10,1,11,,16,16,1,22,9,121.5050638,25.02897235
111,7,22,19,18,2,05中正區,中正區中華路2段305巷與中華路2段口,0,0,2,2,C03,8,3,5,40,3,1,1,5,4,5,7,4,4,9,4,4,2,13,1,63,2,7,1,1,7,9,1,10,1,13,,44,16,2,22,9,121.5050638,25.02897235
111,7,22,19,20,2,12內湖區,內湖區瑞光路與瑞光路393巷口,0,0,2,1,C01,8,3,5,50,4,1,1,5,4,5,7,1,1,5,4,5,2,16,2,32,2,7,1,1,7,5,1,9,1,12,,8,8,1,22,9,121.5727293,25.07744205
111,7,22,19,20,2,12內湖區,內湖區瑞光路與瑞光路393巷口,0,0,2,2,C03,8,3,5,50,4,1,1,5,4,5,7,1,1,5,4,5,2,16,1,21,2,9,1,1,7,9,1,10,1,11,,13,8,1,22,9,121.5727293,25.07744205
111,7,22,19,28,2,12內湖區,內湖區康寧路3段43號,0,0,1,1,C03,8,3,5,50,14,7,1,5,4,5,7,4,4,1,4,4,2,17,1,66,2,9,1,1,7,9,1,10,1,11,,23,23,1,22,9,121.6076519,25.07255345
111,7,22,19,28,2,12內湖區,內湖區康寧路3段43號,0,0,1,2,B03,8,3,5,50,14,7,1,5,4,5,7,4,4,1,4,4,2,17,1,51,3,10,1,1,7,9,1,8,1,3,,44,23,1,22,9,121.6076519,25.07255345
111,7,22,19,42,2,03中山區,中山區建國北路2段與民權東路3段口,0,0,2,1,C03,8,3,5,50,4,1,1,5,4,5,7,1,1,1,4,5,2,16,1,18,2,9,1,1,7,9,1,10,1,11,,26,26,1,22,9,121.5373033,25.0623066
111,7,22,19,42,2,03中山區,中山區建國北路2段與民權東路3段口,0,0,2,2,B03,8,3,5,50,4,1,1,5,4,5,7,1,1,1,4,5,2,16,1,21,3,10,1,1,7,6,1,3,1,2,,44,26,1,22,9,121.5373033,25.0623066
111,7,22,19,42,2,03中山區,中山區建國北路2段與民權東路3段口,0,0,2,3,H02,8,3,5,50,4,1,1,5,4,5,7,1,1,1,4,5,2,16,1,18,2,8,4,5,7,21,8,20,10,15,,67,26,1,22,9,121.5373033,25.0623066
111,7,22,19,42,2,09北投區,北投區大度路1段31號,0,0,2,1,C03,8,3,5,40,14,12,1,5,4,5,7,1,1,1,1,1,2,13,2,22,2,9,1,1,7,9,1,10,1,11,,43,43,1,22,9,121.4964176,25.12115321
111,7,22,19,42,2,09北投區,北投區大度路1段31號,0,0,2,2,C04,8,3,5,40,14,12,1,5,4,5,7,1,1,1,1,1,2,13,2,47,2,9,1,1,7,14,1,10,1,13,,43,43,1,22,9,121.4964176,25.12115321
111,7,22,19,55,2,09北投區,北投區中央北路4段與中央北路4段540巷口,0,0,1,1,C03,8,3,5,50,4,1,1,5,4,5,7,1,1,9,4,5,2,13,1,24,2,9,3,4,7,9,1,10,1,14,,23,23,1,22,9,121.4676525,25.12782687
111,7,22,19,55,2,09北投區,北投區中央北路4段與中央北路4段540巷口,0,0,1,2,B03,8,3,5,50,4,1,1,5,4,5,7,1,1,9,4,5,2,13,2,43,3,10,3,4,7,5,1,8,1,6,,44,23,1,22,9,121.4676525,25.12782687
111,7,22,20,30,2,09北投區,北投區秀山路45號,0,0,1,1,A02,8,3,5,30,14,9,1,5,4,5,7,4,4,9,5,5,2,16,1,49,3,10,1,1,7,11,1,2,1,8,,6,6,1,22,9,121.4918455,25.1443576
111,7,22,20,30,2,09北投區,北投區秀山路45號,0,0,1,2,C03,8,3,5,30,14,9,1,5,4,5,7,4,4,9,5,5,2,16,1,19,2,9,1,1,7,9,1,10,1,12,,44,6,1,22,9,121.4918455,25.1443576
111,7,22,22,44,2,02萬華區,萬華區青年路152巷與青年路168巷51弄口,0,0,1,1,B03,8,3,5,30,3,1,1,5,4,5,7,4,4,10,5,5,2,16,1,37,3,10,1,4,7,5,1,8,1,8,,6,6,1,22,9,121.50105,25.01989566
111,7,22,22,44,2,02萬華區,萬華區青年路152巷與青年路168巷51弄口,0,0,1,2,C03,8,3,5,30,3,1,1,5,4,5,7,4,4,10,5,5,2,16,1,18,2,8,1,4,7,9,1,10,1,11,,14,6,1,22,9,121.50105,25.01989566
111,7,23,0,45,2,03中山區,中山區松江路與長春路口,0,0,2,1,B01,8,3,5,50,4,1,1,5,4,5,7,1,1,3,4,5,2,11,1,62,2,9,1,1,7,11,1,4,2,2,10,25,25,1,22,9,121.5331665,25.0548153
111,7,23,0,45,2,03中山區,中山區松江路與長春路口,0,0,2,2,B12,8,3,5,50,4,1,1,5,4,5,7,1,1,3,4,5,2,11,1,33,2,9,1,1,7,9,1,8,2,1,,13,25,1,22,9,121.5331665,25.0548153
111,7,23,0,45,2,03中山區,中山區松江路與長春路口,0,0,2,3,,8,3,5,50,4,1,1,5,4,5,7,1,1,3,4,5,2,11,3,,,,,,,,,,,,,67,25,1,,,121.5331665,25.0548153
111,7,23,0,45,2,03中山區,中山區松江路與長春路口,0,0,2,4,,8,3,5,50,4,1,1,5,4,5,7,1,1,3,4,5,2,11,3,,,,,,,,,,,,,67,25,1,,,121.5331665,25.0548153
111,7,23,0,45,2,03中山區,中山區松江路與長春路口,0,0,2,5,,8,3,5,50,4,1,1,5,4,5,7,1,1,3,4,5,2,11,3,,,,,,,,,,,,,67,25,1,,,121.5331665,25.0548153
111,7,23,2,33,2,05中正區,中正區福和橋機車道(往新北市方向),0,0,1,1,C03,8,3,5,40,14,11,1,5,4,5,7,4,4,3,4,4,1,18,1,20,2,9,1,1,7,9,1,10,2,14,,42,42,1,22,9,121.5331223,25.00932499
111,7,23,2,33,2,05中正區,中正區福和橋機車道(往新北市方向),0,0,1,3,H02,8,3,5,40,14,11,1,5,4,5,7,4,4,3,4,4,1,18,1,19,4,11,1,5,7,20,8,20,10,16,,67,42,1,22,9,121.5331223,25.00932499
111,7,23,2,33,2,05中正區,中正區福和橋機車道(往新北市方向),0,0,1,2,,8,3,5,40,14,11,1,5,4,5,7,4,4,3,4,4,1,18,3,,,,,,,,,,,,,67,42,1,,,121.5331223,25.00932499
111,7,23,5,0,2,12內湖區,內湖區民權東路6段46巷與民權東路6段口,0,0,1,1,B03,8,1,5,50,4,1,1,5,4,5,7,2,1,1,4,5,2,16,1,63,3,10,1,1,7,9,1,8,2,1,,25,25,1,22,9,121.5816889,25.06789091
111,7,23,5,0,2,12內湖區,內湖區民權東路6段46巷與民權東路6段口,0,0,1,2,C04,8,1,5,50,4,1,1,5,4,5,7,2,1,1,4,5,2,16,2,23,2,9,1,1,7,15,1,10,2,12,,44,25,1,22,9,121.5816889,25.06789091
111,7,23,5,30,2,08士林區,士林區延平北路7段106巷與延平北路7段106巷327弄口,0,0,2,1,C03,8,2,5,30,3,1,1,5,4,5,7,1,1,10,5,5,2,13,1,30,2,9,1,4,7,9,1,10,4,11,,23,23,1,22,9,121.4959354,25.10456412
111,7,23,5,30,2,08士林區,士林區延平北路7段106巷與延平北路7段106巷327弄口,0,0,2,2,F01,8,2,5,30,3,1,1,5,4,5,7,1,1,10,5,5,2,13,1,75,2,9,1,1,7,9,8,20,2,16,,44,23,1,22,9,121.4959354,25.10456412
111,7,23,6,35,2,06松山區,松山區光復北路與光復北路177巷口,0,0,2,1,F01,8,1,5,50,3,2,1,5,4,5,7,4,4,5,4,5,2,12,1,84,2,9,1,1,7,5,8,20,2,16,,8,8,1,22,9,121.5553013,25.05792019
111,7,23,6,35,2,06松山區,松山區光復北路與光復北路177巷口,0,0,2,2,C03,8,1,5,50,3,2,1,5,4,5,7,4,4,5,4,5,2,12,1,21,2,9,1,1,7,9,1,10,2,11,,23,8,1,22,9,121.5553013,25.05792019
111,7,23,7,14,2,11南港區,南港區南港路3段268號,0,0,1,1,C03,8,1,5,50,15,9,1,5,4,5,6,4,4,5,4,5,2,17,1,67,3,10,1,4,7,6,1,10,2,12,,9,9,1,22,9,121.5838188,25.05214704
111,7,23,7,14,2,11南港區,南港區南港路3段268號,0,0,1,2,C04,8,1,5,50,15,9,1,5,4,5,6,4,4,5,4,5,2,17,2,22,2,9,1,4,7,9,1,8,2,14,,44,9,1,22,9,121.5838188,25.05214704
111,7,23,7,16,2,08士林區,士林區承德路4段與中正路口,0,0,1,1,B03,8,1,5,50,4,1,1,5,4,5,7,2,1,1,4,4,1,16,1,53,3,10,1,1,7,6,1,8,1,5,,9,9,1,21,8,121.5165989,25.09100815
111,7,23,7,16,2,08士林區,士林區承德路4段與中正路口,0,0,1,2,C03,8,1,5,50,4,1,1,5,4,5,7,2,1,1,4,4,1,16,2,47,2,9,1,1,7,9,4,11,1,14,,44,9,1,21,8,121.5165989,25.09100815
111,7,23,7,37,2,09北投區,北投區榮華三路與榮華三路42巷口,0,0,3,1,C03,8,1,5,30,4,1,1,5,4,5,7,4,4,10,5,5,2,16,1,38,2,9,1,1,7,9,4,11,2,11,,6,6,1,22,9,121.5206751,25.1140621
111,7,23,7,37,2,09北投區,北投區榮華三路與榮華三路42巷口,0,0,3,2,B01,8,1,5,30,4,1,1,5,4,5,7,4,4,10,5,5,2,16,1,48,3,10,1,1,7,9,1,4,2,4,,6,6,1,22,9,121.5206751,25.1140621
111,7,23,7,37,2,09北投區,北投區榮華三路與榮華三路42巷口,0,0,3,3,H02,8,1,5,30,4,1,1,5,4,5,7,4,4,10,5,5,2,16,2,11,2,9,4,5,7,20,8,20,10,16,,67,6,1,22,9,121.5206751,25.1140621
111,7,23,7,37,2,09北投區,北投區榮華三路與榮華三路42巷口,0,0,3,4,H02,8,1,5,30,4,1,1,5,4,5,7,4,4,10,5,5,2,16,2,6,2,9,4,5,7,20,8,20,10,16,,67,6,1,22,9,121.5206751,25.1140621
111,7,23,7,44,2,02萬華區,萬華區堤外便道近貴陽疏散門,0,0,2,1,F01,8,1,5,40,15,11,1,5,4,5,7,3,1,1,4,5,2,17,2,59,2,9,1,1,7,11,8,20,1,16,,11,6,1,22,9,121.4977203,25.04030655
111,7,23,7,44,2,02萬華區,萬華區堤外便道近貴陽疏散門,0,0,2,2,C03,8,1,5,40,15,11,1,5,4,5,7,3,1,1,4,5,2,17,1,40,2,9,1,1,7,9,1,10,1,11,,23,6,1,22,9,121.4977203,25.04030655
111,7,23,7,55,2,05中正區,中正區中山南路與凱達格蘭大道口,0,0,1,1,C03,8,1,5,50,5,1,1,5,4,5,7,1,1,1,4,5,2,18,1,61,2,9,1,1,7,12,1,10,3,14,,25,25,1,22,9,121.5174371,25.0387375
111,7,23,7,55,2,05中正區,中正區中山南路與凱達格蘭大道口,0,0,1,2,,8,1,5,50,5,1,1,5,4,5,7,1,1,1,4,5,2,18,3,,,,,,,,,,10,,,67,25,1,,,121.5174371,25.0387375
111,7,23,8,10,2,09北投區,北投區承德路7段與尊賢街245巷口,0,0,3,1,C03,8,1,5,30,14,9,1,5,4,5,7,4,4,10,5,5,2,17,2,58,2,9,1,1,7,9,1,10,1,11,,6,6,1,22,9,121.5051335,25.11660252
111,7,23,8,10,2,09北投區,北投區承德路7段與尊賢街245巷口,0,0,3,2,F01,8,1,5,30,14,9,1,5,4,5,7,4,4,10,5,5,2,17,2,43,2,7,1,1,7,9,8,20,1,16,,44,6,1,22,9,121.5051335,25.11660252
111,7,23,8,10,2,09北投區,北投區承德路7段與尊賢街245巷口,0,0,3,3,H02,8,1,5,30,14,9,1,5,4,5,7,4,4,10,5,5,2,17,2,3,2,1,4,5,7,21,8,20,10,16,,67,6,1,22,9,121.5051335,25.11660252
111,7,23,8,11,2,08士林區,士林區通河西街2段堤外便道,0,0,2,1,C03,8,1,5,40,3,1,1,5,4,5,7,4,4,9,5,5,2,16,1,18,2,9,1,1,7,11,1,10,1,12,,10,10,1,22,9,121.5115772,25.09051737
111,7,23,8,11,2,08士林區,士林區通河西街2段堤外便道,0,0,2,2,C03,8,1,5,40,3,1,1,5,4,5,7,4,4,9,5,5,2,16,1,21,2,9,1,1,7,9,1,10,1,11,,44,10,1,22,9,121.5115772,25.09051737
111,7,23,8,57,2,09北投區,北投區中央北路3段47號前,0,0,2,1,C03,8,1,5,50,14,9,1,5,4,5,7,4,4,5,4,5,2,16,2,50,2,9,1,1,7,1,1,10,1,14,,19,19,1,22,9,121.4853197,25.1381413
111,7,23,8,57,2,09北投區,北投區中央北路3段47號前,0,0,2,2,C03,8,1,5,50,14,9,1,5,4,5,7,4,4,5,4,5,2,16,2,44,2,9,1,1,7,9,1,10,1,12,,44,19,1,22,9,121.4853197,25.1381413
111,7,23,8,57,2,09北投區,北投區中央北路3段47號前,0,0,2,3,H02,8,1,5,50,14,9,1,5,4,5,7,4,4,5,4,5,2,16,2,16,3,10,4,5,7,20,8,20,10,16,,67,19,1,22,9,121.4853197,25.1381413
111,7,23,9,0,2,03中山區,中山區大直橋往北方向、門架前,0,0,1,1,C03,8,1,5,50,8,11,1,5,4,5,7,4,4,1,3,5,1,13,1,55,3,10,3,4,7,9,1,10,11,15,,43,43,1,22,9,121.5445333,25.07829413
111,7,23,9,0,2,03中山區,中山區大直橋往北方向、門架前,0,0,1,2,C03,8,1,5,50,8,11,1,5,4,5,7,4,4,1,3,5,1,13,1,39,2,9,3,4,7,9,1,10,1,11,,43,43,1,22,9,121.5445333,25.07829413
111,7,23,9,0,2,03中山區,中山區大直橋往北方向、門架前,0,0,1,3,C03,8,1,5,50,8,11,1,5,4,5,7,4,4,1,3,5,1,13,1,53,3,10,3,4,7,9,1,10,11,15,,43,43,1,22,9,121.5445333,25.07829413
111,7,23,9,5,2,07信義區,信義區松德路171號前,0,0,1,1,B01,8,1,5,30,14,8,1,5,4,5,7,4,4,1,4,4,2,17,1,63,2,5,1,1,7,1,1,8,1,4,,19,19,1,22,9,121.5727861,25.03710439
111,7,23,9,5,2,07信義區,信義區松德路171號前,0,0,1,2,A41,8,1,5,30,14,8,1,5,4,5,7,4,4,1,4,4,2,17,1,37,3,10,1,1,7,1,1,1,1,2,,19,19,1,22,9,121.5727861,25.03710439
111,7,23,9,5,2,07信義區,信義區松德路171號前,0,0,1,3,A41,8,1,5,30,14,8,1,5,4,5,7,4,4,1,4,4,2,17,1,26,3,10,1,1,7,14,1,1,9,15,,38,19,1,22,9,121.5727861,25.03710439
111,7,23,9,12,2,08士林區,士林區德行東路與德行東路190巷口,0,0,1,1,B12,8,1,5,50,3,2,1,5,4,5,7,4,4,4,3,5,1,17,1,46,3,10,1,1,7,11,1,8,2,15,,10,10,1,22,9,121.5310671,25.10865735
111,7,23,9,12,2,08士林區,士林區德行東路與德行東路190巷口,0,0,1,2,C03,8,1,5,50,3,2,1,5,4,5,7,4,4,4,3,5,1,17,1,18,2,8,1,1,7,9,1,10,2,14,,13,10,1,22,9,121.5310671,25.10865735
111,7,23,9,12,2,08士林區,士林區德行東路與德行東路190巷口,0,0,1,3,B03,8,1,5,50,3,2,1,5,4,5,7,4,4,4,3,5,1,17,1,28,3,10,3,4,7,13,1,8,11,7,,44,10,1,22,9,121.5310671,25.10865735
111,7,23,9,47,2,06松山區,松山區延吉街8號,0,0,2,1,C03,8,1,5,50,5,1,1,5,4,5,7,4,4,9,4,5,2,3,2,42,2,9,1,1,7,9,1,10,1,11,,23,23,1,22,9,121.5534466,25.04722703
111,7,23,9,47,2,06松山區,松山區延吉街8號,0,0,2,2,H01,8,1,5,50,5,1,1,5,4,5,7,4,4,9,4,5,2,3,1,78,2,9,4,5,8,16,8,20,10,16,,51,23,1,22,9,121.5534466,25.04722703
111,7,23,9,58,2,10文山區,文山區景豐街66號,0,0,1,1,B03,8,1,5,30,11,9,1,5,4,5,1,4,4,10,5,5,2,17,1,29,3,10,1,1,7,1,1,8,1,8,,19,19,1,22,9,121.5452922,25.00100369
111,7,23,9,58,2,10文山區,文山區景豐街66號,0,0,1,2,C03,8,1,5,30,11,9,1,5,4,5,1,4,4,10,5,5,2,17,2,32,2,9,1,1,7,9,1,10,1,11,,44,19,1,22,9,121.5452922,25.00100369
111,7,23,10,15,2,04大安區,大安區敦化南路2段與四維路101巷口,0,0,1,1,B11,8,1,5,50,3,2,1,5,4,5,7,4,4,10,4,5,2,15,1,28,3,10,1,1,7,9,1,4,1,2,,6,6,1,22,9,121.5485598,25.0321236
111,7,23,10,15,2,04大安區,大安區敦化南路2段與四維路101巷口,0,0,1,2,F01,8,1,5,50,3,2,1,5,4,5,7,4,4,10,4,5,2,15,1,38,2,9,1,1,7,11,8,20,1,16,,11,6,1,22,9,121.5485598,25.0321236
111,7,23,10,20,2,08士林區,士林區忠誠路1段171巷10弄與忠義街78巷口,0,0,1,1,C03,8,1,5,30,4,1,1,5,4,5,7,4,4,10,5,5,1,15,2,52,2,8,1,1,7,9,1,10,1,11,,6,6,1,21,8,121.5310154,25.10690488
111,7,23,10,20,2,08士林區,士林區忠誠路1段171巷10弄與忠義街78巷口,0,0,1,2,B01,8,1,5,30,4,1,1,5,4,5,7,4,4,10,5,5,1,15,1,44,3,10,1,1,7,9,1,1,1,8,,14,6,1,21,8,121.5310154,25.10690488
111,7,23,10,40,2,05中正區,中正區市民大道2段與天津街口,0,0,1,1,C03,8,1,5,40,4,1,1,5,4,5,7,1,1,7,3,5,2,12,1,21,2,8,1,1,7,5,1,10,2,14,,8,8,1,22,9,121.5223729,25.04780106
111,7,23,10,40,2,05中正區,中正區市民大道2段與天津街口,0,0,1,2,B03,8,1,5,40,4,1,1,5,4,5,7,1,1,7,3,5,2,12,1,22,3,10,1,1,7,9,1,8,2,1,,44,8,1,22,9,121.5223729,25.04780106
111,7,23,10,52,2,10文山區,文山區木新路2段與恆光街口,0,0,1,1,A12,8,1,5,50,4,1,1,5,4,5,7,2,1,5,2,5,2,16,1,65,3,10,1,1,7,5,1,7,9,2,,6,6,1,22,9,121.5667783,24.9832761
111,7,23,10,52,2,10文山區,文山區木新路2段與恆光街口,0,0,1,2,C03,8,1,5,50,4,1,1,5,4,5,7,2,1,5,2,5,2,16,1,24,2,9,1,1,7,9,1,10,9,11,,23,6,1,22,9,121.5667783,24.9832761
111,7,23,11,11,2,01大同區,大同區延平北路4段104號,0,0,1,1,C03,8,1,5,0,3,2,1,5,4,5,7,4,4,4,4,4,2,12,1,50,3,10,1,1,7,5,1,10,1,14,,8,8,1,22,9,121.5108892,25.07175616
111,7,23,11,11,2,01大同區,大同區延平北路4段104號,0,0,1,2,C03,8,1,5,0,3,2,1,5,4,5,7,4,4,4,4,4,2,12,1,64,2,9,1,1,7,9,1,10,1,11,,23,8,1,22,9,121.5108892,25.07175616
111,7,23,11,15,2,05中正區,中正區仁愛路2段38巷口,0,0,1,1,B03,8,1,5,50,14,9,1,5,4,5,7,4,4,10,4,1,1,16,1,51,3,10,1,1,7,5,1,8,2,2,,8,8,1,22,9,121.5273553,25.038158
111,7,23,11,15,2,05中正區,中正區仁愛路2段38巷口,0,0,1,2,C03,8,1,5,50,14,9,1,5,4,5,7,4,4,10,4,1,1,16,1,43,2,9,1,1,7,9,1,10,2,14,,14,8,1,22,9,121.5273553,25.038158
111,7,23,12,8,2,09北投區,北投區中央北路1段與中央北路1段197巷口,0,0,1,1,B03,8,1,5,50,4,1,1,5,4,5,7,4,4,10,5,5,2,16,1,63,3,10,1,1,7,11,1,8,2,5,,10,10,1,22,9,121.4978922,25.13575756
111,7,23,12,8,2,09北投區,北投區中央北路1段與中央北路1段197巷口,0,0,1,2,C03,8,1,5,50,4,1,1,5,4,5,7,4,4,10,5,5,2,16,2,39,2,8,1,1,7,9,1,10,2,11,,44,10,1,22,9,121.4978922,25.13575756