發生年度,發生月,發生日,發生時-Hours,發生分,處理別-編號,區序,肇事地點,死亡人數,2-30日死亡人數,受傷人數,當事人序號,車種,天候,光線,道路類別,速限-速度限制,道路型態,事故位置,路面狀況1,路面狀況2,路面狀況3,道路障礙1,道路障礙2,號誌1,號誌2,車道劃分-分向,車道劃分-分道1,車道劃分-分道2,車道劃分-分道3,事故類型及型態,性別,年齡,受傷程度,主要傷處,安全帽,行動電話,車輛用途,當事者行動狀態,駕駛資格情形,駕駛執照種類,飲酒情形,車輛撞擊部位1,車輛撞擊部位2,肇因碼-個別,肇因碼-主要,個人肇逃否,職業,旅次目的,座標-X,座標-Y
111,7,24,14,42,2,12內湖區,內湖區康寧路1段195巷3號與康寧路1段255巷口,0,0,1,2,C03,8,1,5,30,4,2,1,5,4,5,7,4,4,10,5,5,2,15,1,26,2,8,1,1,7,9,1,10,1,12,,13,6,1,22,9,121.5979551,25.07936017
111,7,24,14,55,2,03中山區,中山區長春路208號,0,0,2,1,C03,8,1,5,50,14,8,1,5,4,5,7,4,4,5,4,4,2,12,1,35,2,5,1,1,7,8,1,10,1,12,,7,7,1,22,9,121.5373465,25.05472557
111,7,24,14,55,2,03中山區,中山區長春路208號,0,0,2,2,C03,8,1,5,50,14,8,1,5,4,5,7,4,4,5,4,4,2,12,2,22,2,9,1,1,7,11,1,10,1,14,,44,7,1,22,9,121.5373465,25.05472557
111,7,24,15,33,2,03中山區,中山區北安路與北安路458巷口,0,0,1,1,B12,8,1,5,50,4,2,1,5,4,5,7,1,1,1,4,5,2,12,1,28,3,10,1,1,7,6,1,8,1,2,,17,17,1,22,9,121.5442298,25.0796139
111,7,24,15,33,2,03中山區,中山區北安路與北安路458巷口,0,0,1,2,C03,8,1,5,50,4,2,1,5,4,5,7,1,1,1,4,5,2,12,1,38,2,7,1,1,7,6,1,10,1,14,,17,17,1,22,9,121.5442298,25.0796139
111,7,24,15,40,2,08士林區,士林區百齡橋與承德路5段口引道,0,0,3,1,C03,8,1,5,30,3,1,1,5,4,5,7,4,4,10,5,5,1,17,1,19,2,8,1,1,7,9,1,10,1,11,,23,23,1,22,9,121.5154311,25.09043821
111,7,24,15,40,2,08士林區,士林區百齡橋與承德路5段口引道,0,0,3,2,F01,8,1,5,30,3,1,1,5,4,5,7,4,4,10,5,5,1,17,1,53,2,9,1,1,7,9,8,20,1,16,,44,23,1,22,9,121.5154311,25.09043821
111,7,24,15,40,2,08士林區,士林區百齡橋與承德路5段口引道,0,0,3,3,H02,8,1,5,30,3,1,1,5,4,5,7,4,4,10,5,5,1,17,2,19,2,8,4,5,7,20,8,20,10,16,,67,23,1,22,9,121.5154311,25.09043821
111,7,24,15,52,2,09北投區,北投區明德路與明德路38巷口,0,0,1,1,B03,8,1,5,0,4,2,1,5,4,5,7,1,1,7,4,5,1,12,1,61,3,10,1,1,7,6,1,8,2,5,,17,17,1,22,9,121.5179507,25.10739565
111,7,24,15,52,2,09北投區,北投區明德路與明德路38巷口,0,0,1,2,C03,8,1,5,0,4,2,1,5,4,5,7,1,1,7,4,5,1,12,2,24,2,9,1,1,7,9,1,10,2,14,,44,17,1,22,9,121.5179507,25.10739565
111,7,24,16,30,2,02萬華區,萬華區康定路與康定路25巷口,0,0,1,1,B01,8,1,5,30,4,1,1,5,4,5,7,4,4,10,5,5,1,12,1,67,3,10,1,1,7,6,1,4,1,5,,6,6,1,22,9,121.5027327,25.0440444
111,7,24,16,30,2,02萬華區,萬華區康定路與康定路25巷口,0,0,1,2,C03,8,1,5,30,4,1,1,5,4,5,7,4,4,10,5,5,1,12,2,67,2,3,1,1,7,6,1,10,1,14,,5,6,1,22,9,121.5027327,25.0440444
111,7,24,16,38,2,07信義區,信義區逸仙路與松高路口,0,0,1,1,B03,8,1,5,50,3,1,1,5,4,5,7,2,1,4,5,5,1,16,1,45,3,10,3,4,7,6,1,8,1,2,,9,9,1,22,9,121.5615934,25.0391055
111,7,24,16,38,2,07信義區,信義區逸仙路與松高路口,0,0,1,2,C03,8,1,5,50,3,1,1,5,4,5,7,2,1,4,5,5,1,16,1,21,2,7,1,1,7,9,1,10,1,14,,44,9,1,22,9,121.5615934,25.0391055
111,7,24,16,46,2,03中山區,中山區敬業四路與植福路286巷口,0,0,1,1,B01,8,1,5,50,3,1,1,5,4,5,7,4,4,4,3,5,1,16,1,68,3,10,3,4,7,8,1,4,2,5,,7,7,1,22,9,121.5585634,25.081524
111,7,24,16,46,2,03中山區,中山區敬業四路與植福路286巷口,0,0,1,2,C03,8,1,5,50,3,1,1,5,4,5,7,4,4,4,3,5,1,16,2,29,2,9,1,1,7,9,1,10,2,14,,44,7,1,22,9,121.5585634,25.081524
111,7,24,16,51,2,01大同區,大同區鄭州路69號,0,0,1,1,C03,8,1,5,40,14,9,1,5,4,5,7,4,4,1,4,1,2,12,2,23,2,9,1,1,7,9,1,10,11,14,,43,43,1,22,9,121.512789,25.0498529
111,7,24,16,51,2,01大同區,大同區鄭州路69號,0,0,1,2,C03,8,1,5,40,14,9,1,5,4,5,7,4,4,1,4,1,2,12,1,37,3,10,1,1,7,9,1,10,1,13,,43,43,1,22,9,121.512789,25.0498529
111,7,24,16,51,2,01大同區,大同區鄭州路69號,0,0,1,3,C03,8,1,5,40,14,9,1,5,4,5,7,4,4,1,4,1,2,12,1,21,3,10,1,1,7,9,1,10,1,13,,43,43,1,22,9,121.512789,25.0498529
111,7,24,16,51,2,12內湖區,內湖區康寧路3段99巷與康寧路3段99巷12弄口口,0,0,2,1,C03,8,1,5,30,4,1,1,5,4,5,7,4,4,10,5,5,2,15,2,33,2,9,1,1,7,9,1,10,1,11,,6,6,1,22,9,121.6106715,25.07269809
111,7,24,16,51,2,12內湖區,內湖區康寧路3段99巷與康寧路3段99巷12弄口口,0,0,2,2,C03,8,1,5,30,4,1,1,5,4,5,7,4,4,10,5,5,2,15,1,46,2,9,1,1,7,9,1,10,1,12,,14,6,1,22,9,121.6106715,25.07269809
111,7,24,17,10,2,06松山區,松山區南京東路5段與東興路口口,0,0,1,1,B03,8,2,5,50,3,1,1,5,4,5,7,2,1,1,4,5,2,16,2,34,3,10,1,1,7,9,1,8,1,2,,25,25,1,22,9,121.5654377,25.05144345
111,7,24,17,10,2,06松山區,松山區南京東路5段與東興路口口,0,0,1,2,C03,8,2,5,50,3,1,1,5,4,5,7,2,1,1,4,5,2,16,1,35,2,9,1,1,7,9,1,10,1,11,,23,25,1,22,9,121.5654377,25.05144345
111,7,24,17,12,2,05中正區,中正區忠孝西路1段與重慶北路1段口口,0,0,1,1,C03,8,1,5,50,4,1,1,5,4,5,7,2,1,9,4,5,1,13,2,27,2,9,1,1,7,9,1,10,1,11,,16,16,1,21,3,121.513271,25.047578
111,7,24,17,12,2,05中正區,中正區忠孝西路1段與重慶北路1段口口,0,0,1,2,B03,8,1,5,50,4,1,1,5,4,5,7,2,1,9,4,5,1,13,1,58,3,10,1,1,7,14,1,8,1,3,,44,16,1,21,5,121.513271,25.047578
111,7,24,17,16,2,07信義區,信義區吳興街216號,0,0,1,2,C03,8,1,5,30,14,9,1,5,4,5,7,4,4,4,5,5,1,18,3,,,,,,,,,,,,,67,14,1,,,121.5630617,25.0277886
111,7,24,17,16,2,07信義區,信義區吳興街216號,0,0,1,1,C03,8,1,5,30,14,9,1,5,4,5,7,4,4,4,5,5,1,18,1,59,2,9,1,4,7,9,1,10,1,14,,14,14,1,22,9,121.5630617,25.0277886
111,7,24,17,31,2,04大安區,大安區敦化南路1段與仁愛路4段口,0,0,1,1,B02,8,1,5,50,14,7,1,5,4,5,7,2,1,8,3,4,2,16,1,26,3,10,1,1,7,6,1,8,1,5,,9,9,1,22,9,121.5490139,25.03700291
111,7,24,17,31,2,04大安區,大安區敦化南路1段與仁愛路4段口,0,0,1,2,C02,8,1,5,50,14,7,1,5,4,5,7,2,1,8,3,4,2,16,1,47,2,8,1,1,7,9,1,9,1,14,,44,9,1,22,9,121.5490139,25.03700291
111,7,24,17,32,2,07信義區,信義區忠孝東路5段與基隆路1段口,0,0,1,1,C03,8,1,5,50,14,9,1,5,4,5,7,1,1,3,5,5,2,16,2,19,2,9,3,4,7,6,1,10,1,14,,6,6,1,22,9,121.5647035,25.0410541
111,7,24,17,32,2,07信義區,信義區忠孝東路5段與基隆路1段口,0,0,1,2,B01,8,1,5,50,14,9,1,5,4,5,7,1,1,3,5,5,2,16,1,29,3,10,3,4,7,9,1,8,1,2,,23,6,1,22,9,121.5647035,25.0410541
111,7,24,18,3,2,09北投區,北投區承德路6段359-1號對面(南往北方向),0,0,2,1,B03,8,1,5,50,14,8,1,5,4,5,7,4,4,9,4,4,1,12,1,52,3,10,1,1,7,1,1,8,2,8,,19,19,1,22,9,121.5119831,25.10587331
111,7,24,18,3,2,09北投區,北投區承德路6段359-1號對面(南往北方向),0,0,2,2,C03,8,1,5,50,14,8,1,5,4,5,7,4,4,9,4,4,1,12,1,56,2,9,1,1,7,9,1,10,2,12,,13,19,1,22,9,121.5119831,25.10587331
111,7,24,18,3,2,09北投區,北投區承德路6段359-1號對面(南往北方向),0,0,2,3,H02,8,1,5,50,14,8,1,5,4,5,7,4,4,9,4,4,1,12,2,55,2,9,4,5,7,20,8,20,10,15,,67,19,1,22,9,121.5119831,25.10587331
111,7,24,18,10,2,03中山區,中山區中山北路4段圓山飯店下坡道,0,0,2,1,B01,8,1,8,30,15,22,1,5,4,5,7,4,4,3,5,4,2,13,1,43,3,10,1,1,7,9,1,2,1,1,,23,23,1,22,9,121.5256309,25.07712718
111,7,24,18,10,2,03中山區,中山區中山北路4段圓山飯店下坡道,0,0,2,2,C03,8,1,8,30,15,22,1,5,4,5,7,4,4,3,5,4,2,13,1,64,2,8,1,1,7,12,1,10,1,13,,16,23,1,22,9,121.5256309,25.07712718
111,7,24,18,10,2,03中山區,中山區中山北路4段圓山飯店下坡道,0,0,2,3,H02,8,1,8,30,15,22,1,5,4,5,7,4,4,3,5,4,2,13,2,61,2,9,4,5,7,21,8,20,10,16,,67,23,1,22,9,121.5256309,25.07712718
111,7,24,18,15,2,04大安區,大安區基隆路4段與基隆路4段73巷口,0,0,1,1,C03,8,1,5,50,4,1,1,5,4,5,7,2,1,1,4,4,2,17,1,57,2,7,1,4,7,15,1,10,2,14,,23,23,1,22,9,121.539616,25.01304438
111,7,24,18,15,2,04大安區,大安區基隆路4段與基隆路4段73巷口,0,0,1,2,B03,8,1,5,50,4,1,1,5,4,5,7,2,1,1,4,4,2,17,1,37,3,10,1,4,7,6,1,8,2,2,,44,23,1,22,9,121.539616,25.01304438
111,7,24,18,28,2,03中山區,中山區龍江路與興安街口,0,0,2,1,F01,8,1,5,50,4,2,1,5,4,5,7,1,1,5,5,5,2,16,1,63,2,9,1,1,7,15,8,20,1,16,,3,3,1,22,9,121.5405257,25.05604311
111,7,24,18,28,2,03中山區,中山區龍江路與興安街口,0,0,2,2,C03,8,1,5,50,4,2,1,5,4,5,7,1,1,5,5,5,2,16,1,33,2,9,1,1,7,9,1,10,1,11,,13,3,1,22,9,121.5405257,25.05604311
111,7,24,18,34,2,11南港區,南港區三重路與南港路1段口,0,0,1,1,C03,8,1,5,50,4,1,1,5,4,5,7,1,1,10,4,4,2,16,1,32,2,9,3,4,7,9,1,10,2,11,,23,23,1,22,9,121.6139813,25.05535483
111,7,24,18,34,2,11南港區,南港區三重路與南港路1段口,0,0,1,2,B03,8,1,5,50,4,1,1,5,4,5,7,1,1,10,4,4,2,16,1,26,3,10,3,4,7,5,1,8,2,5,,6,23,1,22,9,121.6139813,25.05535483
111,7,24,19,15,2,02萬華區,萬華區艋舺大道277號,0,0,2,1,B03,8,1,5,50,14,9,1,5,4,5,7,4,4,1,4,5,1,12,1,52,3,10,1,1,7,4,1,8,2,2,,23,23,1,22,9,121.4973483,25.0332978
111,7,24,19,15,2,02萬華區,萬華區艋舺大道277號,0,0,2,2,C03,8,1,5,50,14,9,1,5,4,5,7,4,4,1,4,5,1,12,2,40,2,9,1,1,7,9,6,10,2,14,,44,23,1,22,9,121.4973483,25.0332978
111,7,24,19,15,2,02萬華區,萬華區艋舺大道277號,0,0,2,3,H02,8,1,5,50,14,9,1,5,4,5,7,4,4,1,4,5,1,12,1,12,2,9,4,5,7,20,8,20,10,16,,67,23,1,22,9,121.4973483,25.0332978
111,7,24,20,15,2,09北投區,北投區實踐街與實踐街48巷口,0,0,1,1,C03,8,3,5,50,3,2,1,5,4,5,7,4,4,9,5,5,1,13,1,69,2,9,1,1,7,9,1,10,1,11,,23,23,1,22,9,121.5092222,25.1152065
111,7,24,20,15,2,09北投區,北投區實踐街與實踐街48巷口,0,0,1,2,C03,8,3,5,50,3,2,1,5,4,5,7,4,4,9,5,5,1,13,1,28,3,10,1,1,7,12,1,10,1,13,,42,23,1,22,9,121.5092222,25.1152065
111,7,24,20,25,2,11南港區,南港區南港路2段與向陽路口,0,0,1,1,C03,8,3,5,50,3,2,1,5,4,5,7,1,1,8,3,4,2,12,1,19,3,10,1,4,7,6,1,10,2,13,,9,9,1,22,9,121.594226,25.05444397
111,7,24,20,25,2,11南港區,南港區南港路2段與向陽路口,0,0,1,2,C03,8,3,5,50,3,2,1,5,4,5,7,1,1,8,3,4,2,12,1,62,2,8,1,4,7,9,1,10,2,11,,23,9,1,22,9,121.594226,25.05444397
111,7,24,20,34,2,02萬華區,萬華區桂林路與環河南路1段350巷口,0,0,2,1,B03,8,1,5,50,4,2,1,5,4,5,7,1,1,1,4,5,2,9,1,40,3,10,1,1,7,5,1,8,1,5,,15,15,1,22,9,121.4961518,25.0388909
111,7,24,20,34,2,02萬華區,萬華區桂林路與環河南路1段350巷口,0,0,2,2,H01,8,1,5,50,4,2,1,5,4,5,7,1,1,1,4,5,2,9,1,66,2,9,4,5,8,16,8,20,1,16,,67,15,1,22,9,121.4961518,25.0388909
111,7,24,20,34,2,02萬華區,萬華區桂林路與環河南路1段350巷口,0,0,2,3,H01,8,1,5,50,4,2,1,5,4,5,7,1,1,1,4,5,2,9,2,46,2,9,4,5,8,20,8,20,10,16,,67,15,1,22,9,121.4961518,25.0388909
111,7,24,20,40,2,08士林區,士林區忠誠路1段與忠誠路1段173巷口,0,0,2,1,B03,8,3,5,50,4,2,1,5,4,5,7,2,1,1,4,4,2,16,2,62,3,10,1,1,7,5,1,8,1,5,,8,8,1,22,9,121.5303332,25.1077198
111,7,24,20,40,2,08士林區,士林區忠誠路1段與忠誠路1段173巷口,0,0,2,2,C03,8,3,5,50,4,2,1,5,4,5,7,2,1,1,4,4,2,16,1,24,2,9,1,1,7,9,1,10,1,14,,27,8,1,22,9,121.5303332,25.1077198
111,7,24,20,40,2,08士林區,士林區忠誠路1段與忠誠路1段173巷口,0,0,2,3,H02,8,3,5,50,4,2,1,5,4,5,7,2,1,1,4,4,2,16,2,24,2,9,4,5,7,20,8,20,10,16,,67,8,1,22,9,121.5303332,25.1077198
111,7,24,20,45,2,10文山區,文山區木柵路1段與光輝路口口,0,0,1,1,C03,8,3,5,50,3,2,1,5,4,5,7,2,1,9,4,5,1,12,1,26,2,7,1,1,7,7,1,10,1,14,,7,7,1,22,9,121.5551864,24.9882297
111,7,24,20,45,2,10文山區,文山區木柵路1段與光輝路口口,0,0,1,2,B03,8,3,5,50,3,2,1,5,4,5,7,2,1,9,4,5,1,12,1,21,3,10,1,1,7,9,1,8,1,2,,23,7,1,22,9,121.5551864,24.9882297
111,7,24,21,6,2,10文山區,文山區萬慶街與羅斯福路6段232巷口,0,0,2,1,C03,8,3,5,30,4,2,1,5,4,5,7,4,4,10,5,5,2,17,1,35,2,8,1,1,7,9,1,10,1,11,11,6,6,1,22,9,121.5399862,24.99241099
111,7,24,21,6,2,10文山區,文山區萬慶街與羅斯福路6段232巷口,0,0,2,2,F01,8,3,5,30,4,2,1,5,4,5,7,4,4,10,5,5,2,17,1,66,2,8,1,1,7,9,8,20,1,16,16,23,6,1,22,9,121.5399862,24.99241099
111,7,24,21,8,2,03中山區,中山區新生北路1段與長安東路2段口,0,0,2,1,B03,8,3,5,50,4,1,1,5,4,5,7,2,1,5,2,5,2,12,2,64,3,10,1,1,7,8,1,8,1,2,,7,7,1,19,5,121.5299219,25.0485409
111,7,24,21,8,2,03中山區,中山區新生北路1段與長安東路2段口,0,0,2,2,C03,8,3,5,50,4,1,1,5,4,5,7,2,1,5,2,5,2,12,2,28,2,9,1,1,7,7,1,10,1,14,,7,7,1,5,5,121.5299219,25.0485409
111,7,24,21,8,2,03中山區,中山區新生北路1段與長安東路2段口,0,0,2,3,H02,8,3,5,50,4,1,1,5,4,5,7,2,1,5,2,5,2,12,2,27,2,9,4,5,7,20,8,20,10,16,,67,7,1,2,5,121.5299219,25.0485409
111,7,24,21,10,2,05中正區,中正區重慶南路2段與南海路口,0,0,2,1,C03,7,3,5,50,4,1,1,5,4,5,7,2,1,1,4,5,1,16,1,26,2,9,1,1,7,9,1,10,2,11,,13,13,1,22,9,121.5144725,25.0319212
111,7,24,21,10,2,05中正區,中正區重慶南路2段與南海路口,0,0,2,2,C03,7,3,5,50,4,1,1,5,4,5,7,2,1,1,4,5,1,16,1,19,2,9,1,1,7,5,1,10,2,14,,8,13,1,22,9,121.5144725,25.0319212
111,7,24,21,10,2,05中正區,中正區重慶南路2段與南海路口,0,0,2,3,H02,7,3,5,50,4,1,1,5,4,5,7,2,1,1,4,5,1,16,2,19,4,11,1,5,7,17,8,20,10,16,,67,13,1,22,9,121.5144725,25.0319212
111,7,24,21,13,2,09北投區,北投區大業路65巷與大業路口,0,0,1,1,B03,8,3,5,60,4,2,1,5,4,5,7,4,4,1,4,5,2,12,1,35,3,10,1,1,7,4,1,8,11,2,,17,17,2,22,9,121.4991157,25.1231331
111,7,24,21,13,2,09北投區,北投區大業路65巷與大業路口,0,0,1,2,C04,8,3,5,60,4,2,1,5,4,5,7,4,4,1,4,5,2,12,1,39,2,9,1,1,7,9,1,10,1,15,,44,17,1,22,9,121.4991157,25.1231331
111,7,24,21,20,2,04大安區,大安區敦化南路2段與四維路154巷口,0,0,2,1,B03,7,3,5,30,3,1,1,5,4,5,7,1,1,1,5,1,2,16,1,71,3,10,1,1,7,6,1,8,1,6,,9,9,1,22,9,121.5484576,25.0309458
111,7,24,21,20,2,04大安區,大安區敦化南路2段與四維路154巷口,0,0,2,2,C03,7,3,5,30,3,1,1,5,4,5,7,1,1,1,5,1,2,16,1,22,2,9,1,1,7,9,1,10,1,14,,23,9,1,22,9,121.5484576,25.0309458
111,7,24,21,20,2,04大安區,大安區敦化南路2段與四維路154巷口,0,0,2,3,H02,7,3,5,30,3,1,1,5,4,5,7,1,1,1,5,1,2,16,2,19,2,9,4,5,7,21,8,20,10,15,,67,9,1,22,9,121.5484576,25.0309458
111,7,24,21,43,2,04大安區,大安區敦化南路2段63巷54弄與敦化南路2段63巷口,0,0,1,1,B01,8,3,5,30,4,1,1,5,4,5,7,2,1,5,5,5,2,9,1,49,3,10,1,1,7,5,1,4,2,8,,15,15,1,22,9,121.5516176,25.03094546
111,7,24,21,43,2,04大安區,大安區敦化南路2段63巷54弄與敦化南路2段63巷口,0,0,1,2,H01,8,3,5,30,4,1,1,5,4,5,7,2,1,5,5,5,2,9,2,57,2,8,4,1,8,16,8,20,10,16,,67,15,1,22,9,121.5516176,25.03094546
111,7,24,22,49,2,04大安區,大安區青田街與青田街6巷口,0,0,3,1,C03,7,3,5,30,4,1,1,5,4,5,7,4,4,8,3,5,2,15,2,32,2,9,1,1,7,9,1,10,1,12,,26,26,1,22,9,121.5319692,25.02808
111,7,24,22,49,2,04大安區,大安區青田街與青田街6巷口,0,0,3,2,C03,7,3,5,30,4,1,1,5,4,5,7,4,4,8,3,5,2,15,1,21,2,9,1,1,7,9,1,10,1,14,,23,26,1,22,9,121.5319692,25.02808
111,7,24,22,49,2,04大安區,大安區青田街與青田街6巷口,0,0,3,3,H02,7,3,5,30,4,1,1,5,4,5,7,4,4,8,3,5,2,15,2,21,2,9,4,1,7,21,8,20,10,16,,67,26,1,22,9,121.5319692,25.02808
111,7,25,0,32,2,05中正區,中正區南昌路1段與南海路口,0,0,1,1,B01,8,3,5,30,3,1,1,5,4,5,7,1,1,10,4,5,2,15,1,56,3,10,1,1,7,9,1,3,2,4,,25,25,1,22,9,121.5163457,25.03246514
111,7,25,0,32,2,05中正區,中正區南昌路1段與南海路口,0,0,1,2,B03,8,3,5,30,3,1,1,5,4,5,7,1,1,10,4,5,2,15,1,46,2,8,1,1,7,9,1,8,2,5,,44,25,1,22,9,121.5163457,25.03246514
111,7,25,0,32,2,05中正區,中正區南昌路1段與南海路口,0,0,1,3,H02,8,3,5,30,3,1,1,5,4,5,7,1,1,10,4,5,2,15,2,26,4,11,1,5,7,20,8,20,10,16,,67,25,1,22,9,121.5163457,25.03246514
111,7,25,1,0,2,01大同區,大同區大龍街與昌吉街口,0,0,1,1,B03,8,3,5,50,4,2,1,5,4,5,7,1,1,4,3,5,1,11,2,41,3,10,1,1,7,5,3,18,1,8,,8,8,1,22,9,121.5148374,25.06687147
111,7,25,1,0,2,01大同區,大同區大龍街與昌吉街口,0,0,1,2,C03,8,3,5,50,4,2,1,5,4,5,7,1,1,4,3,5,1,11,1,40,2,9,1,1,7,14,1,10,1,14,,44,8,1,22,9,121.5148374,25.06687147
111,7,25,1,13,2,08士林區,士林區中山北路5段與文林路口,0,0,1,1,B03,8,3,5,50,4,2,1,5,4,5,7,1,1,1,4,5,1,16,1,53,3,10,3,4,7,9,1,8,1,1,,23,23,1,22,9,121.5257529,25.08543948
111,7,25,1,13,2,08士林區,士林區中山北路5段與文林路口,0,0,1,2,C03,8,3,5,50,4,2,1,5,4,5,7,1,1,1,4,5,1,16,1,20,2,9,3,4,7,7,1,10,1,13,,7,23,1,22,9,121.5257529,25.08543948
111,7,25,2,25,2,05中正區,中正區重慶南路1段與襄陽路口,0,0,1,1,B01,8,3,5,50,3,1,1,5,4,5,7,1,1,10,2,5,2,17,1,51,3,10,1,1,7,5,1,4,2,4,,8,8,1,22,9,121.5132238,25.0433249
111,7,25,2,25,2,05中正區,中正區重慶南路1段與襄陽路口,0,0,1,2,C03,8,3,5,50,3,1,1,5,4,5,7,1,1,10,2,5,2,17,1,20,2,9,1,1,7,9,1,10,2,12,,23,8,1,22,9,121.5132238,25.0433249
111,7,25,2,31,2,07信義區,信義區信義路5段與松仁路口,0,0,1,1,C03,8,3,5,50,4,2,1,4,4,5,7,2,1,1,4,5,1,18,1,19,2,7,3,4,7,6,1,10,1,12,,42,42,1,22,9,121.5680487,25.03289561
111,7,25,2,31,2,07信義區,信義區信義路5段與松仁路口,0,0,1,2,,8,3,5,50,4,2,1,4,4,5,7,2,1,1,4,5,1,18,3,,,,,,,,,,,,,67,42,1,,,121.5680487,25.03289561
111,7,25,3,2,2,07信義區,信義區松高路與忠孝東路5段236巷口,0,0,1,1,C03,8,3,5,50,4,1,1,5,4,5,7,3,1,5,4,5,1,16,1,25,2,9,3,4,7,5,1,10,1,11,,6,6,1,22,9,121.5718291,25.03907743
111,7,25,3,2,2,07信義區,信義區松高路與忠孝東路5段236巷口,0,0,1,2,B12,8,3,5,50,4,1,1,5,4,5,7,3,1,5,4,5,1,16,1,27,3,10,3,4,7,9,1,8,1,2,,14,6,1,22,9,121.5718291,25.03907743
111,7,25,6,26,2,07信義區,信義區基隆路2段149-47號,0,0,1,1,C03,8,1,5,50,14,9,1,5,4,5,7,4,4,1,4,5,1,16,1,42,2,9,3,4,7,9,1,10,2,14,,16,16,1,22,9,121.5551959,25.026617
111,7,25,6,26,2,07信義區,信義區基隆路2段149-47號,0,0,1,2,B03,8,1,5,50,14,9,1,5,4,5,7,4,4,1,4,5,1,16,1,27,3,10,3,4,7,9,1,8,2,7,,44,16,1,22,9,121.5551959,25.026617
111,7,25,7,1,2,12內湖區,內湖區碧山路電線桿忠勇幹11附近,0,0,1,1,C03,8,1,5,30,14,9,1,5,4,5,7,4,4,9,5,5,2,2,1,57,3,10,1,1,7,9,1,10,1,11,,23,23,1,22,9,121.5866767,25.09932677
111,7,25,7,1,2,12內湖區,內湖區碧山路電線桿忠勇幹11附近,0,0,1,2,H01,8,1,5,30,14,9,1,5,4,5,7,4,4,9,5,5,2,2,2,53,2,9,4,5,8,16,8,20,1,16,,60,23,1,22,9,121.5866767,25.09932677
111,7,25,8,5,2,08士林區,士林區延平北路5段219號,0,0,2,1,C03,8,1,5,50,14,9,1,5,4,5,7,4,4,1,5,5,2,12,1,40,2,8,1,1,7,1,1,10,1,14,,19,19,1,22,9,121.510017,25.0835548
111,7,25,8,5,2,08士林區,士林區延平北路5段219號,0,0,2,2,C03,8,1,5,50,14,9,1,5,4,5,7,4,4,1,5,5,2,12,2,25,2,8,1,1,7,9,1,10,1,12,,13,19,1,22,9,121.510017,25.0835548
111,7,25,8,40,2,12內湖區,內湖區民權東路6段172號,0,0,1,1,B03,8,1,5,30,14,9,1,5,4,5,7,4,4,10,5,5,2,12,2,46,3,10,1,1,7,11,1,8,1,8,,10,10,1,22,9,121.591631,25.06819669
111,7,25,8,40,2,12內湖區,內湖區民權東路6段172號,0,0,1,2,C03,8,1,5,30,14,9,1,5,4,5,7,4,4,10,5,5,2,12,2,25,2,9,1,1,7,9,1,10,1,11,,44,10,1,22,9,121.591631,25.06819669
111,7,25,8,46,2,01大同區,大同區蘭州街與民權西路口,0,0,1,1,C03,8,1,5,50,4,1,1,5,4,5,7,1,1,9,4,5,2,17,1,28,3,10,1,1,7,4,1,10,2,14,,17,17,1,22,9,121.5146056,25.062879
111,7,25,8,46,2,01大同區,大同區蘭州街與民權西路口,0,0,1,2,C03,8,1,5,50,4,1,1,5,4,5,7,1,1,9,4,5,2,17,2,41,2,9,1,1,7,9,1,10,2,12,,17,17,1,22,9,121.5146056,25.062879
111,7,25,8,50,2,03中山區,中山區中山北路2段與民生東路1段口,0,0,1,1,C03,8,1,5,50,4,2,1,5,4,5,7,1,1,1,4,1,1,17,2,21,3,10,1,1,7,1,1,10,9,11,,23,23,1,22,9,121.5229786,25.05772006
111,7,25,8,50,2,03中山區,中山區中山北路2段與民生東路1段口,0,0,1,2,C03,8,1,5,50,4,2,1,5,4,5,7,1,1,1,4,1,1,17,1,32,2,8,1,1,7,14,1,10,9,14,,44,23,1,22,9,121.5229786,25.05772006
111,7,25,9,3,2,05中正區,中正區公園路與常德街口,0,0,1,1,A02,8,1,5,50,14,9,1,5,4,5,7,3,1,5,4,5,1,9,1,56,3,10,1,1,7,15,1,2,9,15,,44,44,1,22,9,121.5162241,25.041568
111,7,25,9,3,2,05中正區,中正區公園路與常德街口,0,0,1,2,H02,8,1,5,50,14,9,1,5,4,5,7,3,1,5,4,5,1,9,2,81,2,7,4,5,7,21,8,20,10,16,,67,44,1,22,9,121.5162241,25.041568
111,7,25,9,6,2,12內湖區,內湖區康樂街61巷與康樂街111巷口,0,0,1,1,B03,8,1,5,30,4,1,1,5,4,5,7,4,4,10,5,5,2,15,2,29,3,10,1,1,7,9,1,8,1,1,,6,6,1,22,9,121.6197973,25.0707015
111,7,25,9,6,2,12內湖區,內湖區康樂街61巷與康樂街111巷口,0,0,1,2,C03,8,1,5,30,4,1,1,5,4,5,7,4,4,10,5,5,2,15,1,73,2,9,1,1,7,9,3,18,1,12,,44,6,1,22,9,121.6197973,25.0707015
111,7,25,9,9,2,05中正區,中正區中山南路與信義路1段口口,0,0,1,1,C03,8,1,5,50,4,2,1,5,4,5,7,2,1,9,4,4,1,13,2,18,2,9,1,1,7,9,1,10,1,11,,16,16,1,18,2,121.5179684,25.0384406
111,7,25,9,9,2,05中正區,中正區中山南路與信義路1段口口,0,0,1,2,C03,8,1,5,50,4,2,1,5,4,5,7,2,1,9,4,4,1,13,1,36,3,10,1,1,7,12,1,10,1,13,,44,16,1,21,1,121.5179684,25.0384406