發生年度,發生月,發生日,發生時-Hours,發生分,處理別-編號,區序,肇事地點,死亡人數,2-30日死亡人數,受傷人數,當事人序號,車種,天候,光線,道路類別,速限-速度限制,道路型態,事故位置,路面狀況1,路面狀況2,路面狀況3,道路障礙1,道路障礙2,號誌1,號誌2,車道劃分-分向,車道劃分-分道1,車道劃分-分道2,車道劃分-分道3,事故類型及型態,性別,年齡,受傷程度,主要傷處,安全帽,行動電話,車輛用途,當事者行動狀態,駕駛資格情形,駕駛執照種類,飲酒情形,車輛撞擊部位1,車輛撞擊部位2,肇因碼-個別,肇因碼-主要,個人肇逃否,職業,旅次目的,座標-X,座標-Y
111,7,25,9,25,2,07信義區,信義區信義路5段與基隆路2段口,0,0,1,1,C03,8,1,5,50,4,2,1,5,4,5,7,2,1,3,4,5,1,13,1,34,2,9,1,1,7,9,1,10,1,11,,16,16,1,22,9,121.5601001,25.0330583
111,7,25,9,25,2,07信義區,信義區信義路5段與基隆路2段口,0,0,1,2,B01,8,1,5,50,4,2,1,5,4,5,7,2,1,3,4,5,1,13,1,37,3,10,1,1,7,9,1,8,2,6,,44,16,1,22,9,121.5601001,25.0330583
111,7,25,9,25,2,07信義區,信義區信義路5段與基隆路2段口,0,0,1,3,C03,8,1,5,50,4,2,1,5,4,5,7,2,1,3,4,5,1,13,1,33,3,10,1,1,7,9,1,10,2,15,,43,16,1,22,9,121.5601001,25.0330583
111,7,25,9,26,2,09北投區,北投區公館路420號,0,0,2,1,C03,8,1,5,30,14,9,1,5,4,5,7,4,4,9,4,5,2,11,1,83,2,8,1,1,7,9,1,10,1,14,,5,5,1,22,9,121.5025978,25.12210038
111,7,25,9,26,2,09北投區,北投區公館路420號,0,0,2,2,C03,8,1,5,30,14,9,1,5,4,5,7,4,4,9,4,5,2,11,2,26,2,8,1,1,7,9,1,10,1,14,,5,5,1,22,9,121.5025978,25.12210038
111,7,25,9,46,2,03中山區,中山區民生東路2段與中原街口,0,0,2,1,C04,8,1,5,50,4,1,1,5,4,5,7,2,1,5,4,5,2,15,2,65,2,9,1,1,7,9,1,11,1,11,,25,25,1,22,9,121.5288846,25.0580795
111,7,25,9,46,2,03中山區,中山區民生東路2段與中原街口,0,0,2,2,C03,8,1,5,50,4,1,1,5,4,5,7,2,1,5,4,5,2,15,1,38,2,9,1,1,7,1,1,10,1,14,,44,25,1,22,9,121.5288846,25.0580795
111,7,25,10,18,2,09北投區,北投區致遠二路與實踐街口,0,0,1,1,B12,8,1,5,50,3,2,1,5,4,5,7,1,1,9,5,5,2,3,1,67,3,10,3,4,7,5,1,8,1,8,,15,15,1,22,9,121.5116184,25.11531407
111,7,25,10,18,2,09北投區,北投區致遠二路與實踐街口,0,0,1,2,H01,8,1,5,50,3,2,1,5,4,5,7,1,1,9,5,5,2,3,2,83,2,9,4,5,8,16,8,20,10,16,,67,15,1,22,9,121.5116184,25.11531407
111,7,25,11,2,2,03中山區,中山區民權東路2段152巷,0,0,2,1,C03,8,1,5,30,14,9,1,5,4,5,7,4,4,10,5,5,2,16,1,41,2,9,1,1,7,5,1,10,1,14,,8,8,1,22,9,121.5348593,25.0622116
111,7,25,11,2,2,03中山區,中山區民權東路2段152巷,0,0,2,2,C03,8,1,5,30,14,9,1,5,4,5,7,4,4,10,5,5,2,16,2,53,2,9,1,1,7,9,1,10,1,11,,44,8,1,22,9,121.5348593,25.0622116
111,7,25,11,2,2,03中山區,中山區民權東路2段152巷,0,0,2,3,A11,8,1,5,30,14,9,1,5,4,5,7,4,4,10,5,5,2,16,1,46,3,10,1,1,7,14,1,1,1,15,,38,8,1,22,9,121.5348593,25.0622116
111,7,25,11,5,2,07信義區,信義區松德路161號,0,0,2,1,C03,8,1,5,30,14,8,1,5,4,3,5,2,1,1,4,4,2,16,2,35,2,8,1,1,7,6,1,10,2,11,,25,25,1,22,8,121.5747243,25.03646596
111,7,25,11,5,2,07信義區,信義區松德路161號,0,0,2,2,F01,8,1,5,30,14,8,1,5,4,3,5,2,1,1,4,4,2,16,2,43,2,8,1,1,7,11,8,20,2,16,,44,25,1,22,8,121.5747243,25.03646596
111,7,25,11,5,2,07信義區,信義區松德路161號,0,0,2,3,B12,8,1,5,30,14,8,1,5,4,3,5,2,1,1,4,4,2,16,1,26,3,10,1,1,7,14,1,8,2,9,,38,25,1,22,8,121.5747243,25.03646596
111,7,25,11,13,2,09北投區,北投區北投路2段與大興街23巷口口,0,0,3,1,C03,8,1,5,40,3,2,1,5,4,5,7,2,1,5,4,4,2,16,1,62,2,9,1,1,7,11,1,10,1,14,,10,10,1,22,9,121.4988797,25.13098389
111,7,25,11,13,2,09北投區,北投區北投路2段與大興街23巷口口,0,0,3,2,C03,8,1,5,40,3,2,1,5,4,5,7,2,1,5,4,4,2,16,2,22,2,9,1,1,7,9,1,10,1,11,,44,10,1,22,9,121.4988797,25.13098389
111,7,25,11,13,2,09北投區,北投區北投路2段與大興街23巷口口,0,0,3,3,H02,8,1,5,40,3,2,1,5,4,5,7,2,1,5,4,4,2,16,2,62,2,9,4,5,7,20,8,20,10,16,,67,10,1,22,9,121.4988797,25.13098389
111,7,25,11,52,2,09北投區,北投區大興街與光明路2巷口,0,0,2,1,C03,8,1,5,50,14,9,1,5,4,5,7,4,4,9,4,5,2,16,1,35,2,9,1,1,7,5,1,10,1,11,,6,6,1,22,9,121.5002779,25.13046563
111,7,25,11,52,2,09北投區,北投區大興街與光明路2巷口,0,0,2,2,C03,8,1,5,50,14,9,1,5,4,5,7,4,4,9,4,5,2,16,1,48,3,10,1,1,7,9,1,10,1,12,,44,6,1,22,9,121.5002779,25.13046563
111,7,25,11,52,2,09北投區,北投區大興街與光明路2巷口,0,0,2,3,H02,8,1,5,50,14,9,1,5,4,5,7,4,4,9,4,5,2,16,2,19,2,8,1,1,7,20,8,20,10,16,,67,6,1,22,9,121.5002779,25.13046563
111,7,25,12,0,2,03中山區,中山區民族東路214號,0,0,1,1,B12,8,1,5,50,14,9,1,5,4,5,7,4,4,1,4,5,2,12,1,42,3,10,3,4,7,7,1,10,1,2,,23,23,1,22,9,121.5313726,25.068201
111,7,25,12,0,2,03中山區,中山區民族東路214號,0,0,1,2,C03,8,1,5,50,14,9,1,5,4,5,7,4,4,1,4,5,2,12,1,40,2,2,3,4,7,9,1,10,1,14,,44,23,1,22,9,121.5313726,25.068201
111,7,25,12,0,2,03中山區,中山區民族東路214號,0,0,1,3,B01,8,1,5,50,14,9,1,5,4,5,7,4,4,1,4,5,2,12,1,55,3,10,3,4,7,1,1,4,1,4,,19,23,1,22,9,121.5313726,25.068201
111,7,25,12,10,2,08士林區,士林區文昌路26號,0,0,1,1,B03,8,1,5,50,14,9,1,5,4,5,7,4,4,5,5,5,2,12,1,44,3,10,3,4,7,11,1,8,1,4,,10,10,1,22,9,121.5215634,25.09520685
111,7,25,12,10,2,08士林區,士林區文昌路26號,0,0,1,2,C03,8,1,5,50,14,9,1,5,4,5,7,4,4,5,5,5,2,12,1,43,2,9,1,1,7,9,1,10,1,11,,23,10,1,22,9,121.5215634,25.09520685
111,7,25,12,10,2,07信義區,信義區松高路與松智路9巷口,0,0,1,2,H01,8,1,5,30,3,1,1,5,4,5,7,4,4,5,5,5,2,3,2,37,2,9,4,5,8,16,8,20,9,16,,53,23,1,22,9,121.5664635,25.0390144
111,7,25,12,10,2,07信義區,信義區松高路與松智路9巷口,0,0,1,1,C03,8,1,5,30,3,1,1,5,4,5,7,4,4,5,5,5,2,3,2,24,3,10,1,1,7,9,1,10,9,11,,23,23,1,22,9,121.5664635,25.0390144
111,7,25,12,28,2,09北投區,北投區大業路與永興路1段口,0,0,1,1,C03,8,1,5,50,3,1,1,5,4,5,7,4,4,10,5,5,2,13,1,47,2,9,1,1,7,9,1,10,1,11,,16,16,1,22,9,121.4984163,25.1369935
111,7,25,12,28,2,09北投區,北投區大業路與永興路1段口,0,0,1,2,B01,8,1,5,50,3,1,1,5,4,5,7,4,4,10,5,5,2,13,1,54,3,10,1,1,7,12,1,2,1,6,,44,16,1,22,9,121.4984163,25.1369935
111,7,25,12,33,2,04大安區,大安區大安路1段與東豐街口,0,0,3,1,C03,8,1,5,50,4,1,1,5,4,5,7,1,1,5,4,4,2,3,2,20,2,9,3,4,7,9,1,10,2,11,,15,15,1,22,9,121.5460403,25.03598249
111,7,25,12,33,2,04大安區,大安區大安路1段與東豐街口,0,0,3,2,H01,8,1,5,50,4,1,1,5,4,5,7,1,1,5,4,4,2,3,2,30,2,9,4,5,8,16,8,20,10,15,,67,15,1,22,9,121.5460403,25.03598249
111,7,25,12,33,2,04大安區,大安區大安路1段與東豐街口,0,0,3,3,H02,8,1,5,50,4,1,1,5,4,5,7,1,1,5,4,4,2,3,2,21,2,9,4,5,7,21,8,20,10,15,,67,15,1,22,9,121.5460403,25.03598249
111,7,25,13,4,2,07信義區,信義區吳興街5號,0,0,2,1,C03,8,1,5,50,14,9,1,5,4,5,6,4,4,10,5,5,2,3,1,30,2,7,1,1,7,9,1,10,2,12,,23,23,1,22,8,121.5593721,25.03176353
111,7,25,13,4,2,07信義區,信義區吳興街5號,0,0,2,2,H01,8,1,5,50,14,9,1,5,4,5,6,4,4,10,5,5,2,3,1,30,2,7,4,5,8,18,8,20,10,16,,67,23,1,22,8,121.5593721,25.03176353
111,7,25,13,18,2,03中山區,中山區天津街與中山北路1段121巷口,0,0,1,1,B01,8,1,5,30,4,1,1,5,4,5,7,4,4,10,5,5,2,15,1,63,3,10,1,1,7,9,1,4,1,8,,26,26,1,22,9,121.5232952,25.0511612
111,7,25,13,18,2,03中山區,中山區天津街與中山北路1段121巷口,0,0,1,2,C03,8,1,5,30,4,1,1,5,4,5,7,4,4,10,5,5,2,15,2,21,2,9,1,1,7,9,1,10,1,12,,44,26,1,22,9,121.5232952,25.0511612
111,7,25,13,19,2,03中山區,中山區民權東路3段75巷2弄與龍江路331巷口,0,0,2,1,C03,8,1,5,30,4,1,1,5,4,5,7,4,4,8,3,5,1,16,1,40,2,8,1,1,7,9,1,10,2,11,,6,6,1,22,9,121.5425638,25.0629181
111,7,25,13,19,2,03中山區,中山區民權東路3段75巷2弄與龍江路331巷口,0,0,2,2,C03,8,1,5,30,4,1,1,5,4,5,7,4,4,8,3,5,1,16,2,52,2,9,1,1,7,9,1,10,2,14,,13,6,1,22,9,121.5425638,25.0629181
111,7,25,13,22,2,07信義區,信義區虎林街與虎林街82巷口口,0,0,1,1,C03,8,1,5,30,4,1,1,5,4,5,7,4,4,10,5,5,2,15,2,58,3,10,1,1,7,9,1,10,1,12,,6,6,1,22,9,121.5771692,25.0432747
111,7,25,13,22,2,07信義區,信義區虎林街與虎林街82巷口口,0,0,1,2,C03,8,1,5,30,4,1,1,5,4,5,7,4,4,10,5,5,2,15,2,40,2,9,1,1,7,9,1,10,1,11,,6,6,1,22,9,121.5771692,25.0432747
111,7,25,14,10,2,07信義區,信義區福德街與福德街177巷口,0,0,1,1,C03,8,1,5,50,4,1,1,5,4,5,7,1,1,1,4,5,2,17,1,58,3,10,3,4,7,8,1,10,2,13,,7,7,1,22,9,121.5837613,25.0379209
111,7,25,14,10,2,07信義區,信義區福德街與福德街177巷口,0,0,1,2,C03,8,1,5,50,4,1,1,5,4,5,7,1,1,1,4,5,2,17,1,71,2,1,3,4,7,9,1,10,2,11,,44,7,1,22,9,121.5837613,25.0379209
111,7,25,14,27,2,02萬華區,萬華區忠孝西路2段與忠孝西路2段16巷口,0,0,1,1,B01,8,1,5,50,3,1,1,5,4,5,7,4,4,1,5,5,2,16,1,59,3,10,1,1,7,8,1,2,2,2,,7,7,1,22,9,121.5086071,25.04824642
111,7,25,14,27,2,02萬華區,萬華區忠孝西路2段與忠孝西路2段16巷口,0,0,1,2,C03,8,1,5,50,3,1,1,5,4,5,7,4,4,1,5,5,2,16,1,47,2,9,1,1,7,9,6,9,4,14,,14,7,1,22,9,121.5086071,25.04824642
111,7,25,14,28,2,07信義區,信義區忠孝東路5段259號,0,0,1,1,C03,8,1,5,0,14,20,1,5,4,4,3,4,4,10,5,5,2,16,1,25,3,10,1,1,7,15,1,10,1,11,,6,6,1,22,8,121.5707916,25.04109676
111,7,25,14,28,2,07信義區,信義區忠孝東路5段259號,0,0,1,2,F03,8,1,5,0,14,20,1,5,4,4,3,4,4,10,5,5,2,16,1,23,2,8,1,1,7,9,8,20,1,16,,14,6,1,22,8,121.5707916,25.04109676
111,7,25,14,33,2,04大安區,大安區復興南路2段151巷與復興南路2段口,0,0,1,1,B03,8,1,5,50,5,1,1,5,4,5,7,2,1,1,5,5,2,15,1,22,3,10,1,1,7,9,1,8,2,4,,25,25,1,22,9,121.5434413,25.0284433
111,7,25,14,33,2,04大安區,大安區復興南路2段151巷與復興南路2段口,0,0,1,2,C03,8,1,5,50,5,1,1,5,4,5,7,2,1,1,5,5,2,15,1,25,2,9,1,1,7,9,1,10,2,11,,44,25,1,22,9,121.5434413,25.0284433
111,7,25,15,2,2,05中正區,中正區仁愛路1段與杭州南路1段口,0,0,2,1,C03,8,1,5,50,4,1,1,5,4,5,7,1,1,1,4,1,2,16,1,42,2,9,1,1,7,5,1,10,2,14,,8,8,1,22,9,121.5250974,25.0381569
111,7,25,15,2,2,05中正區,中正區仁愛路1段與杭州南路1段口,0,0,2,2,C03,8,1,5,50,4,1,1,5,4,5,7,1,1,1,4,1,2,16,1,24,2,7,1,1,7,9,1,10,2,12,,42,8,1,22,9,121.5250974,25.0381569
111,7,25,15,16,2,04大安區,大安區羅斯福路3段251號,0,0,1,1,B02,8,1,5,50,14,9,1,5,4,5,7,4,4,8,3,5,1,17,2,23,3,10,3,4,7,15,1,8,1,2,,17,17,1,22,9,121.530136,25.019187
111,7,25,15,16,2,04大安區,大安區羅斯福路3段251號,0,0,1,2,C03,8,1,5,50,14,9,1,5,4,5,7,4,4,8,3,5,1,17,2,68,2,9,3,4,7,15,1,10,1,14,,17,17,1,22,9,121.530136,25.019187
111,7,25,15,20,2,07信義區,信義區基隆路1段與永吉路口,0,0,1,1,C03,8,1,5,50,4,1,1,5,4,5,7,2,1,1,4,5,2,12,2,46,2,8,1,1,7,9,1,10,1,12,,42,42,1,22,9,121.5673448,25.04588775
111,7,25,15,20,2,07信義區,信義區基隆路1段與永吉路口,0,0,1,2,C03,8,1,5,50,4,1,1,5,4,5,7,2,1,1,4,5,2,12,1,51,3,10,1,1,7,9,1,10,1,11,,42,42,1,22,9,121.5673448,25.04588775
111,7,25,15,30,2,04大安區,大安區敦化南路1段155號,0,0,3,1,B03,8,1,5,50,14,9,1,5,4,5,7,4,4,1,4,5,2,12,1,46,3,10,3,4,7,1,6,8,1,8,,19,19,1,22,9,121.5491477,25.04366845
111,7,25,15,30,2,04大安區,大安區敦化南路1段155號,0,0,3,2,C03,8,1,5,50,14,9,1,5,4,5,7,4,4,1,4,5,2,12,2,19,2,1,3,4,7,9,1,10,1,12,,44,19,1,22,9,121.5491477,25.04366845
111,7,25,15,30,2,04大安區,大安區敦化南路1段155號,0,0,3,3,C03,8,1,5,50,14,9,1,5,4,5,7,4,4,1,4,5,2,12,2,29,2,9,3,4,7,9,1,10,1,12,,44,19,1,22,9,121.5491477,25.04366845
111,7,25,15,30,2,04大安區,大安區敦化南路1段155號,0,0,3,4,C03,8,1,5,50,14,9,1,5,4,5,7,4,4,1,4,5,2,12,1,66,2,9,3,4,7,9,1,10,1,11,,44,19,1,22,9,121.5491477,25.04366845
111,7,25,15,46,2,04大安區,大安區信義路4段與安和路2段口,0,0,1,1,B12,8,1,5,50,4,2,1,5,4,5,7,2,1,1,4,5,2,15,1,54,3,10,1,4,7,9,1,8,1,4,,25,25,1,22,9,121.5524366,25.03328968
111,7,25,15,46,2,04大安區,大安區信義路4段與安和路2段口,0,0,1,2,C03,8,1,5,50,4,2,1,5,4,5,7,2,1,1,4,5,2,15,1,52,2,9,1,4,7,9,1,10,1,11,,44,25,1,22,9,121.5524366,25.03328968
111,7,25,16,12,2,09北投區,北投區承德路6段與福國路口,0,0,3,1,C03,8,1,5,40,4,1,1,5,4,5,7,1,1,1,4,4,2,13,1,25,2,9,1,1,7,9,1,10,1,11,,16,16,1,22,9,121.512495,25.1012629
111,7,25,16,12,2,09北投區,北投區承德路6段與福國路口,0,0,3,2,C03,8,1,5,40,4,1,1,5,4,5,7,1,1,1,4,4,2,13,1,19,2,8,1,1,7,9,1,10,1,12,,16,16,1,22,9,121.512495,25.1012629
111,7,25,16,12,2,09北投區,北投區承德路6段與福國路口,0,0,3,3,C03,8,1,5,40,4,1,1,5,4,5,7,1,1,1,4,4,2,13,1,55,2,9,1,1,7,15,1,10,1,13,,44,16,1,22,9,121.512495,25.1012629
111,7,25,16,15,2,02萬華區,萬華區西園路2段與東園街口,0,0,1,1,B03,8,1,5,50,3,1,1,5,4,1,7,1,1,3,4,5,2,12,1,30,3,10,1,1,7,6,1,8,1,4,,9,9,1,22,9,121.4953746,25.02812692
111,7,25,16,15,2,02萬華區,萬華區西園路2段與東園街口,0,0,1,2,C03,8,1,5,50,3,1,1,5,4,1,7,1,1,3,4,5,2,12,1,42,2,9,1,1,7,9,1,10,1,14,,44,9,1,22,9,121.4953746,25.02812692
111,7,25,16,25,2,06松山區,松山區南京東路5段23巷與南京東路5段23巷15弄口,0,0,2,1,C03,8,1,5,30,4,1,1,5,4,5,7,4,4,10,5,5,2,15,2,38,2,8,1,1,7,9,1,10,1,12,,6,6,1,22,9,121.5580523,25.05305557
111,7,25,16,25,2,06松山區,松山區南京東路5段23巷與南京東路5段23巷15弄口,0,0,2,2,C03,8,1,5,30,4,1,1,5,4,5,7,4,4,10,5,5,2,15,1,66,2,7,1,1,7,9,1,10,1,14,,14,6,1,22,9,121.5580523,25.05305557
111,7,25,16,39,2,09北投區,北投區行義路116號,0,0,1,1,A02,8,1,5,50,11,9,4,2,4,5,7,4,4,5,5,5,2,17,1,57,3,10,1,1,7,5,1,2,11,15,,42,42,1,22,9,121.5290799,25.12863083
111,7,25,16,39,2,09北投區,北投區行義路116號,0,0,1,2,C03,8,1,5,50,11,9,4,2,4,5,7,4,4,5,5,5,2,17,1,39,2,9,1,1,7,5,1,10,11,13,,44,42,1,22,9,121.5290799,25.12863083
111,7,25,16,40,2,03中山區,中山區龍江路155巷口,0,0,1,1,C03,8,1,5,30,14,9,1,5,4,5,7,4,4,5,5,5,2,16,2,28,2,9,1,1,7,6,1,10,1,13,,6,6,1,22,9,121.5405627,25.05425247
111,7,25,16,40,2,03中山區,中山區龍江路155巷口,0,0,1,2,B03,8,1,5,30,14,9,1,5,4,5,7,4,4,5,5,5,2,16,1,47,3,10,1,1,7,9,1,8,1,2,,44,6,1,22,9,121.5405627,25.05425247
111,7,25,17,11,2,05中正區,中正區中山南路往北(中正紀念堂捷運5號出口),0,0,1,1,B01,8,1,5,50,14,9,1,5,4,5,7,4,4,1,4,5,2,12,1,57,3,10,1,1,7,9,1,4,2,5,,44,44,1,10,1,121.5167264,25.03519693
111,7,25,17,11,2,05中正區,中正區中山南路往北(中正紀念堂捷運5號出口),0,0,1,2,C03,8,1,5,50,14,9,1,5,4,5,7,4,4,1,4,5,2,12,1,64,2,1,1,1,7,15,1,10,11,12,,17,44,1,22,1,121.5167264,25.03519693
111,7,25,17,11,2,05中正區,中正區中山南路往北(中正紀念堂捷運5號出口),0,0,1,3,B03,8,1,5,50,14,9,1,5,4,5,7,4,4,1,4,5,2,12,1,58,4,11,3,4,7,15,7,19,11,15,,43,44,2,22,9,121.5167264,25.03519693
111,7,25,18,10,2,03中山區,中山區復興北路514巷與復興北路口,0,0,2,1,C03,8,2,5,50,3,1,1,5,4,5,7,4,4,1,4,5,2,16,1,19,2,7,3,4,7,9,1,10,1,11,,44,44,1,20,9,121.5442051,25.06595378
111,7,25,18,10,2,03中山區,中山區復興北路514巷與復興北路口,0,0,2,2,C03,8,2,5,50,3,1,1,5,4,5,7,4,4,1,4,5,2,16,2,56,2,9,3,4,7,6,1,10,1,12,,43,44,1,22,9,121.5442051,25.06595378
111,7,25,18,30,2,03中山區,中山區中山北路2段與長春路口,0,0,1,1,B03,7,3,5,50,4,1,1,5,4,5,7,1,1,1,4,1,1,11,2,56,3,10,1,1,7,6,1,8,1,5,,9,9,1,22,9,121.5226881,25.05487523
111,7,25,18,30,2,03中山區,中山區中山北路2段與長春路口,0,0,1,2,C03,7,3,5,50,4,1,1,5,4,5,7,1,1,1,4,1,1,11,1,22,2,7,1,1,7,5,1,10,1,12,,8,9,1,22,9,121.5226881,25.05487523
111,7,25,18,40,2,02萬華區,萬華區西園路1段306巷與大理街口,0,0,1,1,B03,7,1,5,30,4,1,1,5,4,5,7,4,4,9,5,5,2,16,1,50,3,10,1,1,7,9,1,8,2,5,,23,23,1,22,9,121.4993854,25.03447294
111,7,25,18,40,2,02萬華區,萬華區西園路1段306巷與大理街口,0,0,1,2,C03,7,1,5,30,4,1,1,5,4,5,7,4,4,9,5,5,2,16,1,38,2,9,1,1,7,12,1,10,2,13,,44,23,1,22,9,121.4993854,25.03447294
111,7,25,19,13,2,06松山區,松山區南京東路5段2號,0,0,1,1,C03,8,3,5,50,14,9,1,5,4,5,7,2,1,1,4,1,2,12,1,75,2,9,1,1,7,11,1,10,2,13,,10,10,1,22,9,121.5579367,25.05140231
111,7,25,19,13,2,06松山區,松山區南京東路5段2號,0,0,1,2,B03,8,3,5,50,14,9,1,5,4,5,7,2,1,1,4,1,2,12,1,67,3,10,1,1,7,5,1,8,2,5,,44,10,1,22,9,121.5579367,25.05140231
111,7,25,19,20,2,01大同區,大同區延平北路2段43巷與南京西路185巷口,0,0,2,1,C03,8,3,5,30,4,1,1,5,4,5,7,4,4,10,3,5,1,15,1,39,2,8,1,1,7,9,1,10,1,11,,23,23,1,22,9,121.5122464,25.05513935
111,7,25,19,20,2,01大同區,大同區延平北路2段43巷與南京西路185巷口,0,0,2,2,C03,8,3,5,30,4,1,1,5,4,5,7,4,4,10,3,5,1,15,2,53,2,9,1,1,7,9,1,10,1,12,,6,23,1,22,9,121.5122464,25.05513935
111,7,25,19,35,2,10文山區,文山區木柵路5段100號前,0,0,1,1,C03,8,1,5,50,14,9,1,5,4,5,7,4,4,9,4,5,2,17,2,58,2,9,1,1,7,9,1,10,1,11,,23,23,1,22,9,121.5912444,24.99993905
111,7,25,19,35,2,10文山區,文山區木柵路5段100號前,0,0,1,2,B12,8,1,5,50,14,9,1,5,4,5,7,4,4,9,4,5,2,17,1,61,3,10,1,1,7,13,1,8,9,7,,38,23,1,22,9,121.5912444,24.99993905
111,7,25,20,0,2,08士林區,士林區社子大橋與無名巷口北側自行車牽引道,0,0,2,1,F01,8,1,5,0,4,2,1,5,4,5,7,4,4,10,5,5,1,17,1,57,2,9,3,4,7,6,8,20,1,15,,26,26,1,22,9,121.4938846,25.1111598
111,7,25,20,0,2,08士林區,士林區社子大橋與無名巷口北側自行車牽引道,0,0,2,2,F01,8,1,5,0,4,2,1,5,4,5,7,4,4,10,5,5,1,17,1,47,2,9,3,4,7,21,8,20,1,15,,23,26,1,22,9,121.4938846,25.1111598
111,7,25,20,2,2,08士林區,士林區克強路與文林路770巷口,0,0,1,1,B03,8,1,5,30,4,1,1,5,4,5,7,4,4,10,5,5,2,15,1,27,3,10,3,4,7,9,1,8,1,1,,6,6,1,22,9,121.522507,25.10928346
111,7,25,20,2,2,08士林區,士林區克強路與文林路770巷口,0,0,1,2,C03,8,1,5,30,4,1,1,5,4,5,7,4,4,10,5,5,2,15,1,18,2,9,3,4,7,9,1,10,1,11,,14,6,1,22,9,121.522507,25.10928346
111,7,25,20,39,2,01大同區,大同區鄭州路與塔城街口,0,0,1,1,C03,8,3,5,50,4,2,1,5,4,5,7,2,1,5,5,5,2,13,2,21,2,9,1,1,7,9,1,10,11,11,,16,16,1,22,9,121.510475,25.0498592
111,7,25,20,39,2,01大同區,大同區鄭州路與塔城街口,0,0,1,2,C03,8,3,5,50,4,2,1,5,4,5,7,2,1,5,5,5,2,13,1,56,3,10,1,1,7,15,1,10,11,13,,44,16,1,22,9,121.510475,25.0498592
111,7,25,21,17,2,07信義區,信義區基隆路2段88號與基隆路2段口,0,0,1,1,B03,8,3,5,50,3,2,1,5,4,5,7,4,4,3,4,5,2,13,1,32,3,10,1,1,7,1,1,8,1,5,,23,19,1,22,9,121.5580071,25.0305289
111,7,25,21,17,2,07信義區,信義區基隆路2段88號與基隆路2段口,0,0,1,2,C03,8,3,5,50,3,2,1,5,4,5,7,4,4,3,4,5,2,13,2,64,2,9,1,1,7,1,1,10,1,13,,44,19,1,22,9,121.5580071,25.0305289
111,7,25,22,10,2,06松山區,松山區復興北路179號,0,0,1,1,B01,8,3,5,50,14,9,1,5,4,5,7,2,1,1,4,5,2,12,1,61,3,10,1,1,7,6,1,4,1,2,,9,,1,22,9,121.5441955,25.05446747
111,7,25,22,10,2,06松山區,松山區復興北路179號,0,0,1,2,C03,8,3,5,50,14,9,1,5,4,5,7,2,1,1,4,5,2,12,2,36,2,9,1,1,7,9,1,10,1,11,,23,,1,22,9,121.5441955,25.05446747
111,7,25,22,34,2,02萬華區,萬華區萬大路與東園街口,0,0,1,1,B03,8,3,5,30,4,1,1,5,4,5,7,2,1,10,5,5,2,15,1,56,3,10,3,4,7,15,1,8,2,5,,26,26,1,22,9,121.4986978,25.0215201
111,7,25,22,34,2,02萬華區,萬華區萬大路與東園街口,0,0,1,2,B03,8,3,5,30,4,1,1,5,4,5,7,2,1,10,5,5,2,15,1,41,3,10,3,4,7,9,1,8,2,1,,13,26,1,22,9,121.4986978,25.0215201
111,7,25,22,34,2,02萬華區,萬華區萬大路與東園街口,0,0,1,3,C03,8,3,5,30,4,1,1,5,4,5,7,2,1,10,5,5,2,15,2,40,2,9,3,4,7,9,1,10,2,11,,13,26,1,22,9,121.4986978,25.0215201
111,7,25,22,49,2,02萬華區,萬華區西園路2段281巷與西園路2段口,0,0,1,1,C03,8,3,5,50,4,1,1,5,4,5,7,3,1,8,3,5,1,15,2,30,2,2,1,1,7,9,1,10,1,12,,6,6,1,22,9,121.4915682,25.0248952
111,7,25,22,49,2,02萬華區,萬華區西園路2段281巷與西園路2段口,0,0,1,2,B03,8,3,5,50,4,1,1,5,4,5,7,3,1,8,3,5,1,15,1,22,3,10,1,1,7,9,1,8,1,8,,14,6,1,22,9,121.4915682,25.0248952
111,7,25,23,38,2,10文山區,文山區木柵路4段與和平東路4段口,0,0,1,1,B02,8,3,5,50,3,1,1,5,4,5,7,1,1,5,4,5,2,13,2,19,3,10,1,1,7,9,1,8,1,1,,23,23,1,22,9,121.5746026,24.9982023
111,7,25,23,38,2,10文山區,文山區木柵路4段與和平東路4段口,0,0,1,2,C03,8,3,5,50,3,1,1,5,4,5,7,1,1,5,4,5,2,13,1,22,2,9,1,1,7,14,1,10,1,13,,44,23,1,22,9,121.5746026,24.9982023
111,7,26,0,42,2,06松山區,松山區市民大道4段257號,0,0,1,1,F01,8,3,5,40,14,9,1,5,4,5,7,4,4,1,4,5,2,12,2,25,2,9,1,1,7,9,8,20,2,16,,23,23,1,22,9,121.5542893,25.04458005
111,7,26,0,42,2,06松山區,松山區市民大道4段257號,0,0,1,2,B03,8,3,5,40,14,9,1,5,4,5,7,4,4,1,4,5,2,12,1,56,3,10,1,1,7,13,1,8,2,4,,42,23,1,22,9,121.5542893,25.04458005
111,7,26,4,53,2,04大安區,大安區羅斯福路4段與基隆路4段口,0,0,1,1,B03,8,3,5,50,5,1,1,5,4,5,7,2,1,1,4,5,2,17,1,20,3,10,1,1,7,15,1,8,2,8,,17,17,1,22,9,121.537384,25.01112285