發生年度,發生月,發生日,發生時-Hours,發生分,處理別-編號,區序,肇事地點,死亡人數,2-30日死亡人數,受傷人數,當事人序號,車種,天候,光線,道路類別,速限-速度限制,道路型態,事故位置,路面狀況1,路面狀況2,路面狀況3,道路障礙1,道路障礙2,號誌1,號誌2,車道劃分-分向,車道劃分-分道1,車道劃分-分道2,車道劃分-分道3,事故類型及型態,性別,年齡,受傷程度,主要傷處,安全帽,行動電話,車輛用途,當事者行動狀態,駕駛資格情形,駕駛執照種類,飲酒情形,車輛撞擊部位1,車輛撞擊部位2,肇因碼-個別,肇因碼-主要,個人肇逃否,職業,旅次目的,座標-X,座標-Y
111,7,26,4,53,2,04大安區,大安區羅斯福路4段與基隆路4段口,0,0,1,2,C03,8,3,5,50,5,1,1,5,4,5,7,2,1,1,4,5,2,17,1,18,2,9,1,1,7,15,1,10,2,12,,23,17,1,22,9,121.537384,25.01112285
111,7,26,4,55,2,08士林區,士林區通河東街1段與和豐街口,0,0,2,1,C03,8,2,5,30,3,1,1,5,4,1,3,4,4,10,5,5,2,17,1,70,2,9,1,4,7,5,1,10,2,11,,6,6,1,22,9,121.5171505,25.08222226
111,7,26,4,55,2,08士林區,士林區通河東街1段與和豐街口,0,0,2,2,C03,8,2,5,30,3,1,1,5,4,1,3,4,4,10,5,5,2,17,1,43,2,8,1,4,7,9,1,10,4,12,,21,6,1,22,9,121.5171505,25.08222226
111,7,26,5,36,2,09北投區,北投區泉源路,0,0,1,1,C03,8,1,5,30,11,9,1,5,4,5,7,4,4,10,5,5,1,20,1,53,2,9,1,1,7,9,6,18,2,14,,42,42,1,22,9,121.52487,25.14328694
111,7,26,5,36,2,09北投區,北投區泉源路,0,0,1,2,,8,1,5,30,11,9,1,5,4,5,7,4,4,10,5,5,1,20,3,,,,,,,,,,,,,67,42,1,,,121.52487,25.14328694
111,7,26,6,49,2,03中山區,中山區民生東路1段77號,0,0,2,1,B01,8,2,5,50,14,9,1,5,4,5,7,4,4,5,4,5,2,17,1,37,3,10,3,4,7,1,1,4,1,4,,19,19,1,22,9,121.5268547,25.0580927
111,7,26,6,49,2,03中山區,中山區民生東路1段77號,0,0,2,2,C03,8,2,5,50,14,9,1,5,4,5,7,4,4,5,4,5,2,17,1,49,2,9,1,1,7,7,1,9,1,13,,7,19,1,22,9,121.5268547,25.0580927
111,7,26,6,49,2,03中山區,中山區民生東路1段77號,0,0,2,3,C03,8,2,5,50,14,9,1,5,4,5,7,4,4,5,4,5,2,17,1,41,2,9,1,1,7,9,6,18,1,11,,16,19,1,22,9,121.5268547,25.0580927
111,7,26,7,0,2,06松山區,松山區三民路與民生東路5段口,0,0,1,1,B03,8,1,5,50,3,1,1,5,4,5,7,2,1,1,3,1,2,15,1,73,3,10,1,1,7,15,1,8,1,4,,25,25,1,22,9,121.563521,25.0584829
111,7,26,7,0,2,06松山區,松山區三民路與民生東路5段口,0,0,1,2,C03,8,1,5,50,3,1,1,5,4,5,7,2,1,1,3,1,2,15,1,53,2,9,1,1,7,9,1,10,1,12,,44,25,1,22,9,121.563521,25.0584829
111,7,26,7,2,2,09北投區,北投區明德路與榮華三路口,0,0,1,1,B12,8,1,5,50,3,1,1,5,4,5,7,3,1,5,5,5,2,11,1,58,3,10,1,1,7,6,1,8,1,2,,6,6,1,22,9,121.5221503,25.11386101
111,7,26,7,2,2,09北投區,北投區明德路與榮華三路口,0,0,1,2,C03,8,1,5,50,3,1,1,5,4,5,7,3,1,5,5,5,2,11,1,49,2,9,1,1,7,9,1,10,1,14,,44,6,1,22,9,121.5221503,25.11386101
111,7,26,7,11,2,08士林區,士林區中正路627號,0,0,2,1,C03,8,1,5,50,14,9,1,5,4,5,7,4,4,1,4,5,2,13,1,57,2,8,1,1,7,9,1,10,2,11,,16,16,1,21,8,121.5080094,25.086241
111,7,26,7,11,2,08士林區,士林區中正路627號,0,0,2,2,C03,8,1,5,50,14,9,1,5,4,5,7,4,4,1,4,5,2,13,2,39,2,9,1,1,7,9,1,10,2,13,,44,16,1,21,8,121.5080094,25.086241
111,7,26,7,30,2,06松山區,松山區市民大道6段與松信路口,0,0,1,1,C03,8,1,5,40,14,9,1,5,4,5,7,4,4,1,4,5,2,17,1,34,3,10,1,1,7,7,1,10,1,13,,7,7,1,22,9,121.5714598,25.04949139
111,7,26,7,30,2,06松山區,松山區市民大道6段與松信路口,0,0,1,2,C03,8,1,5,40,14,9,1,5,4,5,7,4,4,1,4,5,2,17,1,50,2,9,1,1,7,7,1,10,1,12,,44,7,1,22,9,121.5714598,25.04949139
111,7,26,7,35,2,01大同區,大同區承德路3段與庫倫街口,0,0,1,1,C03,8,1,5,50,4,1,1,5,4,5,7,2,1,1,4,5,2,17,1,70,2,9,1,4,7,5,6,10,2,12,,25,25,1,22,9,121.5187306,25.0721189
111,7,26,7,35,2,01大同區,大同區承德路3段與庫倫街口,0,0,1,2,B03,8,1,5,50,4,1,1,5,4,5,7,2,1,1,4,5,2,17,1,33,3,10,3,4,7,9,1,8,2,8,,44,25,1,22,9,121.5187306,25.0721189
111,7,26,8,2,2,01大同區,大同區承德路3段與民權西路口,0,0,2,2,C03,8,1,5,0,4,1,1,5,4,5,7,1,1,9,4,5,2,13,2,26,2,9,1,4,7,9,1,10,1,11,,16,25,1,22,9,121.5182325,25.0629867
111,7,26,8,2,2,01大同區,大同區承德路3段與民權西路口,0,0,2,3,C03,8,1,5,0,4,1,1,5,4,5,7,1,1,9,4,5,2,13,2,52,2,9,1,4,7,9,1,10,1,13,,44,25,1,22,9,121.5182325,25.0629867
111,7,26,8,2,2,01大同區,大同區承德路3段與民權西路口,0,0,2,1,C03,8,1,5,0,4,1,1,5,4,5,7,1,1,9,4,5,2,13,2,27,4,11,3,4,7,15,7,19,11,15,,25,25,2,22,9,121.5182325,25.0629867
111,7,26,8,16,2,11南港區,南港區松河街東往西No.529停車格燈桿,0,0,3,1,C03,8,1,5,40,14,9,1,5,4,5,7,4,4,5,5,5,2,13,1,41,3,10,1,1,7,9,1,10,9,12,,42,42,1,22,9,121.5824028,25.05269017
111,7,26,8,16,2,11南港區,南港區松河街東往西No.529停車格燈桿,0,0,3,2,C03,8,1,5,40,14,9,1,5,4,5,7,4,4,5,5,5,2,13,1,34,2,7,1,1,7,14,1,10,2,13,,44,42,1,22,9,121.5824028,25.05269017
111,7,26,8,16,2,11南港區,南港區松河街東往西No.529停車格燈桿,0,0,3,3,C03,8,1,5,40,14,9,1,5,4,5,7,4,4,5,5,5,2,13,1,32,2,8,1,1,7,14,1,9,2,13,,44,42,1,22,9,121.5824028,25.05269017
111,7,26,8,16,2,11南港區,南港區松河街東往西No.529停車格燈桿,0,0,3,4,C03,8,1,5,40,14,9,1,5,4,5,7,4,4,5,5,5,2,13,1,25,2,8,1,1,7,9,1,10,2,11,,16,42,1,22,9,121.5824028,25.05269017
111,7,26,8,20,2,04大安區,大安區羅斯福路3段與浦城街口,0,0,1,1,B03,8,1,5,50,4,1,1,5,4,5,7,2,1,1,4,5,2,16,1,71,3,10,1,4,7,6,1,8,1,5,,9,9,1,22,9,121.526391,25.0223859
111,7,26,8,20,2,04大安區,大安區羅斯福路3段與浦城街口,0,0,1,2,C03,8,1,5,50,4,1,1,5,4,5,7,2,1,1,4,5,2,16,1,23,2,9,1,4,7,9,1,9,1,14,,44,9,1,22,9,121.526391,25.0223859
111,7,26,8,22,2,03中山區,中山區民生東路3段與龍江路口,0,0,1,1,B03,8,1,5,50,4,2,1,5,4,5,7,1,1,4,5,5,1,12,1,51,3,10,1,1,7,6,1,8,1,2,,9,9,1,22,9,121.5406991,25.0578877
111,7,26,8,22,2,03中山區,中山區民生東路3段與龍江路口,0,0,1,2,C03,8,1,5,50,4,2,1,5,4,5,7,1,1,4,5,5,1,12,2,24,2,8,1,1,7,9,1,10,1,14,,44,9,1,22,9,121.5406991,25.0578877
111,7,26,8,25,2,11南港區,南港區市民大道8段與向陽路口,0,0,1,1,B03,8,1,5,30,4,1,1,5,4,5,7,2,1,1,4,5,2,12,1,36,3,10,1,1,7,6,1,8,1,2,,9,9,1,22,9,121.59557,25.051468
111,7,26,8,25,2,11南港區,南港區市民大道8段與向陽路口,0,0,1,2,C03,8,1,5,30,4,1,1,5,4,5,7,2,1,1,4,5,2,12,1,19,2,7,1,1,7,9,1,10,1,14,,44,9,1,22,9,121.59557,25.051468
111,7,26,8,29,2,04大安區,大安區仁愛路4段296號,0,0,1,1,B01,8,1,5,50,14,9,1,5,4,5,7,4,4,1,4,5,2,16,1,55,3,10,3,4,7,7,1,4,1,8,,7,7,1,22,9,121.5533317,25.03756688
111,7,26,8,29,2,04大安區,大安區仁愛路4段296號,0,0,1,2,C03,8,1,5,50,14,9,1,5,4,5,7,4,4,1,4,5,2,16,2,28,2,9,3,4,7,9,1,10,1,12,,44,7,1,22,9,121.5533317,25.03756688
111,7,26,8,36,2,01大同區,大同區台北橋汽車道往新北,0,0,1,1,C01,7,1,5,0,14,7,1,5,4,5,7,4,4,6,3,5,1,17,1,44,4,11,3,4,7,15,7,19,11,15,,44,44,2,22,9,121.5134647,25.06308004
111,7,26,8,36,2,01大同區,大同區台北橋汽車道往新北,0,0,1,2,C02,7,1,5,0,14,7,1,5,4,5,7,4,4,6,3,5,1,17,1,32,2,9,1,1,7,9,1,9,2,14,,42,44,1,22,9,121.5134647,25.06308004
111,7,26,8,44,2,03中山區,中山區吉林路433巷13號,0,0,2,1,C03,8,1,5,30,14,9,1,5,4,5,7,4,4,10,5,5,2,10,1,49,2,8,3,4,7,9,1,10,2,11,,4,4,1,22,9,121.5311979,25.06699314
111,7,26,8,44,2,03中山區,中山區吉林路433巷13號,0,0,2,2,C03,8,1,5,30,14,9,1,5,4,5,7,4,4,10,5,5,2,10,1,74,2,8,3,4,7,9,6,18,2,11,,44,4,1,22,9,121.5311979,25.06699314
111,7,26,8,45,2,10文山區,文山區辛亥路4段與辛亥路4段77巷口,0,0,2,1,C03,8,1,5,30,4,2,1,5,4,5,7,1,1,10,5,5,2,16,2,24,2,9,1,1,7,6,1,10,1,14,,25,25,1,22,9,121.5587267,25.00750646
111,7,26,8,45,2,10文山區,文山區辛亥路4段與辛亥路4段77巷口,0,0,2,2,B03,8,1,5,30,4,2,1,5,4,5,7,1,1,10,5,5,2,16,2,57,3,10,1,1,7,9,1,8,1,2,,23,25,1,22,9,121.5587267,25.00750646
111,7,26,8,45,2,10文山區,文山區辛亥路4段與辛亥路4段77巷口,0,0,2,3,C03,8,1,5,30,4,2,1,5,4,5,7,1,1,10,5,5,2,16,1,52,2,9,1,1,7,7,1,10,1,11,,23,25,1,22,9,121.5587267,25.00750646
111,7,26,8,45,2,10文山區,文山區辛亥路4段與辛亥路4段77巷口,0,0,2,4,H03,8,1,5,30,4,2,1,5,4,5,7,1,1,10,5,5,2,16,2,42,3,10,4,5,8,16,8,20,10,16,,67,25,1,22,9,121.5587267,25.00750646
111,7,26,8,45,2,07信義區,信義區忠孝東路5段236巷2弄與松勇路口,0,0,1,1,C03,8,1,5,30,14,9,1,5,4,5,7,4,4,10,5,5,2,13,1,28,3,10,3,4,7,8,1,10,2,12,,7,7,1,22,9,121.569914,25.0405035
111,7,26,8,45,2,07信義區,信義區忠孝東路5段236巷2弄與松勇路口,0,0,1,2,C03,8,1,5,30,14,9,1,5,4,5,7,4,4,10,5,5,2,13,1,40,2,9,3,4,7,9,1,10,2,11,,44,7,1,22,9,121.569914,25.0405035
111,7,26,9,5,2,09北投區,北投區公館路與西安街2段口及北投路一段口,0,0,1,1,C03,8,1,5,50,4,2,1,5,4,5,7,2,1,5,4,5,2,17,2,54,2,9,1,1,7,5,1,10,2,14,,8,8,1,22,9,121.5027035,25.121467
111,7,26,9,5,2,09北投區,北投區公館路與西安街2段口及北投路一段口,0,0,1,2,B03,8,1,5,50,4,2,1,5,4,5,7,2,1,5,4,5,2,17,1,44,3,10,1,1,7,9,1,8,2,5,,44,8,1,22,9,121.5027035,25.121467
111,7,26,9,15,2,12內湖區,內湖區潭美街與新明路口,0,0,1,1,C03,8,1,5,40,3,1,1,5,4,5,7,1,1,5,5,5,2,13,1,32,2,9,1,1,7,9,1,10,1,11,,23,23,1,22,9,121.5824283,25.0547622
111,7,26,9,15,2,12內湖區,內湖區潭美街與新明路口,0,0,1,2,C03,8,1,5,40,3,1,1,5,4,5,7,1,1,5,5,5,2,13,2,44,3,10,1,1,7,14,1,10,1,13,,44,23,1,22,9,121.5824283,25.0547622
111,7,26,9,24,2,10文山區,文山區興隆路3段115巷2號,0,0,1,1,C03,8,1,5,30,14,9,1,5,4,5,7,4,4,5,5,5,2,16,2,24,2,9,1,1,7,11,1,10,2,14,,10,10,1,22,9,121.5582357,24.99921102
111,7,26,9,24,2,10文山區,文山區興隆路3段115巷2號,0,0,1,2,C03,8,1,5,30,14,9,1,5,4,5,7,4,4,5,5,5,2,16,1,25,3,10,1,1,7,9,1,10,2,11,,13,10,1,22,9,121.5582357,24.99921102
111,7,26,9,29,2,05中正區,中正區南昌路1段與重慶南路2段7巷口口,0,0,1,1,B03,8,1,5,50,5,1,1,5,4,5,7,4,4,5,5,5,1,15,1,43,2,2,1,1,7,9,1,8,2,1,,6,6,1,22,9,121.5149225,25.0342278
111,7,26,9,29,2,05中正區,中正區南昌路1段與重慶南路2段7巷口口,0,0,1,2,B03,8,1,5,50,5,1,1,5,4,5,7,4,4,5,5,5,1,15,1,26,3,10,1,1,7,9,1,8,2,2,,26,6,1,22,9,121.5149225,25.0342278
111,7,26,9,29,2,05中正區,中正區南昌路1段與重慶南路2段7巷口口,0,0,1,3,H02,8,1,5,50,5,1,1,5,4,5,7,4,4,5,5,5,1,15,2,27,4,11,1,5,7,20,8,20,10,16,,67,6,1,22,9,121.5149225,25.0342278
111,7,26,9,43,2,04大安區,大安區信義路4段與光復南路口,0,0,1,1,C03,8,1,5,50,4,3,1,5,4,5,7,2,1,1,4,5,2,17,1,72,2,9,1,4,7,15,1,10,1,12,,23,23,1,22,9,121.5575355,25.0331518
111,7,26,9,43,2,04大安區,大安區信義路4段與光復南路口,0,0,1,2,C03,8,1,5,50,4,3,1,5,4,5,7,2,1,1,4,5,2,17,1,25,3,10,1,4,7,15,1,10,1,11,,23,23,1,22,9,121.5575355,25.0331518
111,7,26,10,8,2,10文山區,文山區育英街2巷與羅斯福路6段276巷口,0,0,1,1,C03,8,1,5,30,4,1,1,5,4,5,7,4,4,10,5,5,2,15,1,73,2,9,1,1,7,9,1,10,2,11,,6,6,1,22,9,121.5395761,24.9914613
111,7,26,10,8,2,10文山區,文山區育英街2巷與羅斯福路6段276巷口,0,0,1,2,B12,8,1,5,30,4,1,1,5,4,5,7,4,4,10,5,5,2,15,1,49,3,10,1,1,7,9,1,8,2,8,,44,6,1,22,9,121.5395761,24.9914613
111,7,26,10,20,2,08士林區,士林區延平北路7段106巷延平河濱293燈桿,0,0,1,1,C03,8,1,5,30,14,9,1,5,4,5,7,4,4,10,5,5,1,11,1,29,2,9,1,1,7,9,1,10,1,12,,13,13,1,22,9,121.4976601,25.09658623
111,7,26,10,20,2,08士林區,士林區延平北路7段106巷延平河濱293燈桿,0,0,1,2,B03,8,1,5,30,14,9,1,5,4,5,7,4,4,10,5,5,1,11,1,57,3,10,1,1,7,1,1,8,1,7,,19,13,1,22,9,121.4976601,25.09658623
111,7,26,10,20,2,09北投區,北投區中央北路4段與中央北路4段180巷口,0,0,1,1,B01,8,1,5,50,4,1,1,5,4,5,7,4,4,5,5,5,2,16,1,64,3,10,1,1,7,11,1,8,2,2,,10,10,1,22,9,121.4749819,25.13273153
111,7,26,10,20,2,09北投區,北投區中央北路4段與中央北路4段180巷口,0,0,1,2,C03,8,1,5,50,4,1,1,5,4,5,7,4,4,5,5,5,2,16,1,14,2,9,1,1,7,9,2,18,2,11,,13,10,1,22,9,121.4749819,25.13273153
111,7,26,10,30,2,02萬華區,萬華區環河南路3段與武成街35巷口,0,0,1,1,G03,8,1,5,30,3,2,1,5,4,5,7,4,4,10,5,5,1,17,1,36,3,10,4,4,7,9,6,8,5,15,,4,4,1,22,9,121.4945287,25.01725808
111,7,26,10,30,2,02萬華區,萬華區環河南路3段與武成街35巷口,0,0,1,2,C02,8,1,5,30,3,2,1,5,4,5,7,4,4,10,5,5,1,17,1,26,2,9,1,4,7,6,1,9,2,12,,44,4,1,22,9,121.4945287,25.01725808
111,7,26,10,59,2,08士林區,士林區中山北路5段455號與中山北路5段口,0,0,2,1,C03,8,1,5,40,3,1,1,5,4,5,7,4,4,1,5,1,1,13,1,19,2,9,1,1,7,9,1,10,1,11,,6,6,1,22,9,121.5274249,25.091649
111,7,26,10,59,2,08士林區,士林區中山北路5段455號與中山北路5段口,0,0,2,2,A02,8,1,5,40,3,1,1,5,4,5,7,4,4,1,5,1,1,13,1,60,3,10,1,1,7,14,1,2,1,7,,16,6,1,22,9,121.5274249,25.091649
111,7,26,10,59,2,08士林區,士林區中山北路5段455號與中山北路5段口,0,0,2,3,H02,8,1,5,40,3,1,1,5,4,5,7,4,4,1,5,1,1,13,1,18,2,8,1,1,7,20,8,20,10,16,,67,6,1,22,9,121.5274249,25.091649
111,7,26,11,0,2,04大安區,大安區敦化南路1段222號,0,0,1,1,C03,8,1,5,50,14,9,1,5,4,5,7,4,4,1,4,3,2,13,2,22,2,9,3,4,7,9,1,10,1,11,,44,44,1,22,9,121.5486075,25.04111738
111,7,26,11,0,2,04大安區,大安區敦化南路1段222號,0,0,1,2,C03,8,1,5,50,14,9,1,5,4,5,7,4,4,1,4,3,2,13,2,37,3,10,3,4,7,8,1,10,1,13,,7,44,1,22,9,121.5486075,25.04111738
111,7,26,11,0,2,07信義區,信義區莊敬路271號,0,0,2,1,B12,8,1,5,50,14,8,1,5,4,5,7,4,4,9,4,4,2,12,1,71,3,10,1,1,7,8,1,8,2,2,,7,7,1,22,9,121.5628576,25.0290837
111,7,26,11,0,2,07信義區,信義區莊敬路271號,0,0,2,2,C03,8,1,5,50,14,8,1,5,4,5,7,4,4,9,4,4,2,12,1,49,2,9,1,1,7,9,1,10,2,14,,23,7,1,22,9,121.5628576,25.0290837
111,7,26,11,0,2,07信義區,信義區莊敬路271號,0,0,2,3,H02,8,1,5,50,14,8,1,5,4,5,7,4,4,9,4,4,2,12,2,49,2,9,4,5,7,20,8,20,10,16,,67,7,1,22,9,121.5628576,25.0290837
111,7,26,11,0,2,07信義區,信義區莊敬路271號,0,0,2,4,,8,1,5,50,14,8,1,5,4,5,7,4,4,9,4,4,2,12,3,,,,,,,,,,,,,66,7,1,,,121.5628576,25.0290837
111,7,26,11,28,2,05中正區,中正區愛國東路30號,0,0,2,1,B03,8,1,5,50,14,9,1,5,4,5,7,1,1,1,4,4,2,17,1,23,2,1,1,1,7,7,1,8,2,2,,7,7,1,22,9,121.5181494,25.03434582
111,7,26,11,28,2,05中正區,中正區愛國東路30號,0,0,2,2,B03,8,1,5,50,14,9,1,5,4,5,7,1,1,1,4,4,2,17,1,74,3,10,1,1,7,9,1,8,2,7,,44,7,1,22,9,121.5181494,25.03434582
111,7,26,11,28,2,05中正區,中正區愛國東路30號,0,0,2,3,C03,8,1,5,50,14,9,1,5,4,5,7,1,1,1,4,4,2,17,2,58,2,1,1,1,7,21,1,10,2,13,,42,7,1,22,9,121.5181494,25.03434582
111,7,26,11,28,2,05中正區,中正區愛國東路30號,0,0,2,4,,8,1,5,50,14,9,1,5,4,5,7,1,1,1,4,4,2,17,3,,,,,,,,,,,,,67,7,1,,,121.5181494,25.03434582
111,7,26,11,28,2,05中正區,中正區愛國東路30號,0,0,2,5,H02,8,1,5,50,14,9,1,5,4,5,7,1,1,1,4,4,2,17,1,24,4,11,1,5,7,17,8,20,10,16,,67,7,1,22,9,121.5181494,25.03434582
111,7,26,11,28,2,05中正區,中正區愛國東路30號,0,0,2,6,H02,8,1,5,50,14,9,1,5,4,5,7,1,1,1,4,4,2,17,2,26,4,11,1,5,7,17,8,20,10,16,,67,7,1,22,9,121.5181494,25.03434582
111,7,26,11,34,2,07信義區,信義區基隆路2段107-5號,0,0,1,1,B03,8,1,5,50,14,9,1,5,4,5,7,1,1,10,4,5,2,12,1,42,3,10,1,1,7,8,1,8,2,6,,7,7,1,22,9,121.5573668,25.029193
111,7,26,11,34,2,07信義區,信義區基隆路2段107-5號,0,0,1,2,C03,8,1,5,50,14,9,1,5,4,5,7,1,1,10,4,5,2,12,2,67,2,9,1,1,7,9,1,10,2,14,,44,7,1,22,9,121.5573668,25.029193
111,7,26,11,38,2,05中正區,中正區市民大道2段與長安東路1段52巷口,0,0,1,1,C03,8,1,5,40,3,2,1,5,4,5,7,2,1,1,4,1,2,18,1,46,2,9,1,1,7,9,1,10,2,12,,45,45,1,22,9,121.5275609,25.0468476
111,7,26,11,38,2,05中正區,中正區市民大道2段與長安東路1段52巷口,0,0,1,2,,8,1,5,40,3,2,1,5,4,5,7,2,1,1,4,1,2,18,3,,,,,,,,,,,,,67,45,1,,,121.5275609,25.0468476
111,7,26,11,41,2,03中山區,中山區中山北路2段44巷2號,0,0,1,1,C03,8,1,5,30,14,9,1,5,4,5,7,4,4,10,5,5,2,16,2,32,2,8,1,1,7,9,1,10,1,11,,6,6,1,22,9,121.5216501,25.05504108
111,7,26,11,41,2,03中山區,中山區中山北路2段44巷2號,0,0,1,2,B02,8,1,5,30,14,9,1,5,4,5,7,4,4,10,5,5,2,16,1,53,3,10,1,1,7,9,1,2,1,4,,6,6,1,22,9,121.5216501,25.05504108
111,7,26,11,55,2,10文山區,文山區景興路與興隆路1段口,0,0,2,1,C03,8,1,5,50,5,1,1,5,4,5,7,2,1,1,4,5,2,16,1,52,2,9,1,1,7,11,1,10,1,11,,6,6,1,22,9,121.5445216,24.99842533
111,7,26,11,55,2,10文山區,文山區景興路與興隆路1段口,0,0,2,2,C03,8,1,5,50,5,1,1,5,4,5,7,2,1,1,4,5,2,16,1,26,2,9,1,1,7,9,1,10,1,14,,44,6,1,22,9,121.5445216,24.99842533
111,7,26,11,55,2,10文山區,文山區景興路與興隆路1段口,0,0,2,3,B03,8,1,5,50,5,1,1,5,4,5,7,2,1,1,4,5,2,16,2,48,3,10,1,1,7,13,1,8,11,3,,44,6,1,22,9,121.5445216,24.99842533
111,7,26,12,6,2,12內湖區,內湖區新湖三路與行忠路66巷口口,0,0,2,1,C03,8,1,5,50,4,1,1,5,4,5,7,4,4,5,5,5,2,16,2,28,2,9,1,1,7,9,1,10,1,14,,6,6,1,22,9,121.5807797,25.0655103
111,7,26,12,6,2,12內湖區,內湖區新湖三路與行忠路66巷口口,0,0,2,2,C03,8,1,5,50,4,1,1,5,4,5,7,4,4,5,5,5,2,16,1,35,2,9,1,1,7,9,1,10,1,11,,23,6,1,22,9,121.5807797,25.0655103
111,7,26,12,11,2,11南港區,南港區研究院路2段與研究院路2段53巷口,0,0,1,1,C03,7,1,5,50,3,2,1,5,4,5,7,2,1,3,3,5,2,16,1,30,2,9,3,4,7,9,1,10,2,11,,6,6,1,22,9,121.6166448,25.0443853
111,7,26,12,11,2,11南港區,南港區研究院路2段與研究院路2段53巷口,0,0,1,2,B03,7,1,5,50,3,2,1,5,4,5,7,2,1,3,3,5,2,16,2,50,3,10,3,4,7,9,1,8,2,5,,44,6,1,22,9,121.6166448,25.0443853
111,7,26,12,45,2,09北投區,北投區三合街1段79巷與公館路228巷口,0,0,2,1,C03,8,1,5,30,14,9,1,5,4,5,7,4,4,9,4,5,2,16,1,62,2,9,1,1,7,9,1,10,1,11,,14,14,1,22,9,121.5057587,25.12524409
111,7,26,12,45,2,09北投區,北投區三合街1段79巷與公館路228巷口,0,0,2,2,C03,8,1,5,30,14,9,1,5,4,5,7,4,4,9,4,5,2,16,2,41,2,8,1,1,7,9,1,10,1,11,,6,14,1,22,9,121.5057587,25.12524409
111,7,26,13,11,2,04大安區,大安區新生南路1段161巷與仁愛路3段24巷口,0,0,1,1,C03,8,1,5,30,4,1,1,5,4,5,7,4,4,10,5,5,2,15,1,33,2,9,3,4,7,9,1,10,1,11,,6,6,1,22,9,121.5360014,25.03450779
111,7,26,13,11,2,04大安區,大安區新生南路1段161巷與仁愛路3段24巷口,0,0,1,2,B02,8,1,5,30,4,1,1,5,4,5,7,4,4,10,5,5,2,15,2,40,3,10,3,4,7,9,1,8,1,8,,14,6,1,22,9,121.5360014,25.03450779
111,7,26,14,36,2,03中山區,中山區北安路與大直街口,0,0,1,1,C03,8,1,5,50,4,1,1,5,4,5,7,1,1,1,4,5,2,16,1,26,2,9,1,1,7,5,1,10,1,12,,8,8,1,22,9,121.5472285,25.07983715
111,7,26,14,36,2,03中山區,中山區北安路與大直街口,0,0,1,2,B02,8,1,5,50,4,1,1,5,4,5,7,1,1,1,4,5,2,16,1,25,3,10,3,4,7,9,1,8,1,1,,44,8,1,22,9,121.5472285,25.07983715
111,7,26,15,53,2,06松山區,松山區南京東路4段與北寧路口,0,0,1,1,C03,8,1,5,50,4,1,1,5,4,5,7,1,1,4,5,4,2,12,2,22,3,10,1,1,7,9,1,10,9,12,,26,26,2,22,9,121.5527106,25.05153837
111,7,26,15,53,2,06松山區,松山區南京東路4段與北寧路口,0,0,1,2,C03,8,1,5,50,4,1,1,5,4,5,7,1,1,4,5,4,2,12,1,24,2,9,1,1,7,9,1,10,2,14,,44,26,1,22,9,121.5527106,25.05153837
111,7,26,15,54,2,02萬華區,萬華區西昌街205號,0,0,1,1,B12,8,1,5,50,14,9,1,5,4,5,7,4,4,10,5,5,2,2,1,59,3,10,1,1,7,9,1,8,1,2,,43,43,1,22,9,121.5005851,25.03773772
111,7,26,15,54,2,02萬華區,萬華區西昌街205號,0,0,1,2,H01,8,1,5,50,14,9,1,5,4,5,7,4,4,10,5,5,2,2,1,45,2,8,4,5,8,16,8,20,10,15,,67,43,1,22,9,121.5005851,25.03773772
111,7,26,16,5,2,09北投區,北投區大度路1段(機車優先道)014燈桿,0,0,1,1,C03,8,1,5,50,14,9,1,5,4,5,7,4,4,9,4,5,1,13,1,18,2,9,1,1,7,9,1,10,1,11,,43,43,1,22,9,121.4983688,25.12104896
111,7,26,16,5,2,09北投區,北投區大度路1段(機車優先道)014燈桿,0,0,1,2,C03,8,1,5,50,14,9,1,5,4,5,7,4,4,9,4,5,1,13,1,34,3,10,1,1,7,9,1,10,1,13,,43,43,1,22,9,121.4983688,25.12104896
111,7,26,16,18,2,04大安區,大安區建國南路1段212巷與仁愛路3段51巷口,0,0,1,1,B03,8,1,5,30,4,2,1,5,4,5,7,4,4,10,5,5,2,15,2,41,3,10,3,4,7,9,1,8,1,5,,6,6,1,22,9,121.5359048,25.03968349
111,7,26,16,18,2,04大安區,大安區建國南路1段212巷與仁愛路3段51巷口,0,0,1,2,C03,8,1,5,30,4,2,1,5,4,5,7,4,4,10,5,5,2,15,1,26,2,7,3,4,7,9,1,10,1,12,,13,6,1,22,9,121.5359048,25.03968349
111,7,26,16,35,2,05中正區,中正區北平東路與紹興北街口,0,0,2,1,C03,8,1,5,50,3,2,1,5,4,5,7,2,1,10,4,4,2,13,1,32,2,7,1,1,7,9,6,10,2,11,,23,23,1,22,9,121.5256244,25.04597281
111,7,26,16,35,2,05中正區,中正區北平東路與紹興北街口,0,0,2,2,C03,8,1,5,50,3,2,1,5,4,5,7,2,1,10,4,4,2,13,1,30,2,9,1,1,7,14,1,10,2,13,,44,23,1,22,9,121.5256244,25.04597281
111,7,26,16,43,2,09北投區,北投區承德路6段與承德路6段331巷口,0,0,3,4,C03,8,1,5,60,3,1,1,5,4,5,7,3,1,1,5,5,2,13,1,55,3,10,1,1,7,9,1,10,11,11,,23,23,2,22,9,121.5117517,25.1055954
111,7,26,16,43,2,09北投區,北投區承德路6段與承德路6段331巷口,0,0,3,5,B03,8,1,5,60,3,1,1,5,4,5,7,3,1,1,5,5,2,13,2,66,3,10,1,1,7,1,1,8,1,15,,19,23,1,22,9,121.5117517,25.1055954