發生年度,發生月,發生日,發生時-Hours,發生分,處理別-編號,區序,肇事地點,死亡人數,2-30日死亡人數,受傷人數,當事人序號,車種,天候,光線,道路類別,速限-速度限制,道路型態,事故位置,路面狀況1,路面狀況2,路面狀況3,道路障礙1,道路障礙2,號誌1,號誌2,車道劃分-分向,車道劃分-分道1,車道劃分-分道2,車道劃分-分道3,事故類型及型態,性別,年齡,受傷程度,主要傷處,安全帽,行動電話,車輛用途,當事者行動狀態,駕駛資格情形,駕駛執照種類,飲酒情形,車輛撞擊部位1,車輛撞擊部位2,肇因碼-個別,肇因碼-主要,個人肇逃否,職業,旅次目的,座標-X,座標-Y
111,7,26,16,43,2,09北投區,北投區承德路6段與承德路6段331巷口,0,0,3,1,C03,8,1,5,60,3,1,1,5,4,5,7,3,1,1,5,5,2,13,2,50,2,9,1,1,7,9,1,10,1,11,,23,23,1,22,9,121.5117517,25.1055954
111,7,26,16,43,2,09北投區,北投區承德路6段與承德路6段331巷口,0,0,3,2,C03,8,1,5,60,3,1,1,5,4,5,7,3,1,1,5,5,2,13,1,56,2,8,1,1,7,14,1,10,1,14,,44,23,1,22,9,121.5117517,25.1055954
111,7,26,16,43,2,09北投區,北投區承德路6段與承德路6段331巷口,0,0,3,3,H02,8,1,5,60,3,1,1,5,4,5,7,3,1,1,5,5,2,13,1,25,2,8,4,5,7,20,8,20,10,16,,67,23,1,22,9,121.5117517,25.1055954
111,7,26,16,45,2,02萬華區,萬華區成都路與昆明街口,0,0,1,1,C03,8,1,5,50,4,2,1,5,4,5,7,1,1,10,5,5,2,13,2,44,2,9,3,4,7,9,1,10,1,11,,16,16,1,22,9,121.5047855,25.04307638
111,7,26,16,45,2,02萬華區,萬華區成都路與昆明街口,0,0,1,2,B03,8,1,5,50,4,2,1,5,4,5,7,1,1,10,5,5,2,13,1,30,3,10,3,4,7,15,1,8,1,6,,44,16,1,22,9,121.5047855,25.04307638
111,7,26,16,45,2,02萬華區,萬華區成都路與昆明街口,0,0,1,3,B01,8,1,5,50,4,2,1,5,4,5,7,1,1,10,5,5,2,13,1,50,3,10,3,4,7,7,1,4,11,15,,42,16,2,22,9,121.5047855,25.04307638
111,7,26,17,25,2,09北投區,北投區北投路2段與無名巷口,0,0,1,1,B03,8,1,5,50,14,9,1,5,4,5,7,4,4,9,4,5,2,16,2,57,3,10,1,1,7,6,1,8,1,5,,9,9,1,22,9,121.4975604,25.13284794
111,7,26,17,25,2,09北投區,北投區北投路2段與無名巷口,0,0,1,2,C03,8,1,5,50,14,9,1,5,4,5,7,4,4,9,4,5,2,16,1,48,2,9,1,1,7,9,1,10,1,14,,23,9,1,22,9,121.4975604,25.13284794
111,7,26,17,30,2,05中正區,中正區博愛路與開封街1段口,0,0,1,1,B03,8,3,5,50,14,9,1,5,4,5,7,1,1,1,4,5,2,16,2,61,3,10,1,1,7,9,1,8,2,4,,44,44,1,22,9,121.5113185,25.04593456
111,7,26,17,30,2,05中正區,中正區博愛路與開封街1段口,0,0,1,2,C03,8,3,5,50,14,9,1,5,4,5,7,1,1,1,4,5,2,16,1,41,2,9,1,1,7,1,1,8,2,12,,19,44,1,22,9,121.5113185,25.04593456
111,7,26,17,30,2,05中正區,中正區羅斯福路4段與基隆路4段口,0,0,1,1,B03,8,2,5,50,5,1,1,5,4,5,7,2,1,1,4,5,2,12,1,55,4,11,3,4,7,15,7,19,11,15,,17,17,2,22,9,121.5367491,25.0111619
111,7,26,17,30,2,05中正區,中正區羅斯福路4段與基隆路4段口,0,0,1,2,C03,8,2,5,50,5,1,1,5,4,5,7,2,1,1,4,5,2,12,1,21,3,10,1,1,7,9,1,10,1,12,,44,17,1,22,9,121.5367491,25.0111619
111,7,26,17,30,2,05中正區,中正區羅斯福路4段與基隆路4段口,0,0,1,3,H02,8,2,5,50,5,1,1,5,4,5,7,2,1,1,4,5,2,12,2,18,2,8,1,1,7,20,8,20,10,16,,67,17,1,22,9,121.5367491,25.0111619
111,7,26,17,45,2,12內湖區,內湖區民權東路6段11巷與民權東路6段口,0,0,1,1,B03,8,1,5,50,4,1,1,5,4,5,7,1,1,1,4,5,2,16,1,38,3,10,1,1,7,5,1,8,2,5,,6,6,1,22,9,121.5780828,25.0669882
111,7,26,17,45,2,12內湖區,內湖區民權東路6段11巷與民權東路6段口,0,0,1,2,C03,8,1,5,50,4,1,1,5,4,5,7,1,1,1,4,5,2,16,1,43,2,9,1,1,7,9,1,10,2,14,,26,6,1,22,9,121.5780828,25.0669882
111,7,26,18,5,2,01大同區,大同區通河西街1段堤外便道(承德橋下停車場旁),0,0,1,1,C03,7,1,5,25,12,9,1,5,4,5,7,4,4,9,5,5,2,17,2,20,3,10,3,4,7,5,1,10,1,15,,8,8,1,22,9,121.5167999,25.0786126
111,7,26,18,5,2,01大同區,大同區通河西街1段堤外便道(承德橋下停車場旁),0,0,1,2,C03,7,1,5,25,12,9,1,5,4,5,7,4,4,9,5,5,2,17,2,28,3,10,3,4,7,9,1,10,1,15,,13,8,1,22,9,121.5167999,25.0786126
111,7,26,18,5,2,01大同區,大同區通河西街1段堤外便道(承德橋下停車場旁),0,0,1,3,C03,7,1,5,25,12,9,1,5,4,5,7,4,4,9,5,5,2,17,1,40,2,9,3,4,7,9,1,10,1,14,,13,8,1,22,9,121.5167999,25.0786126
111,7,26,18,27,2,03中山區,中山區復興南路1段與市民大道3段口,0,0,1,1,B01,8,1,5,50,4,2,1,5,4,5,7,1,1,1,3,5,1,17,1,69,3,10,2,1,7,6,1,4,1,1,,9,9,1,22,9,121.5437693,25.0449595
111,7,26,18,27,2,03中山區,中山區復興南路1段與市民大道3段口,0,0,1,2,F01,8,1,5,50,4,2,1,5,4,5,7,1,1,1,3,5,1,17,1,27,2,8,1,1,7,9,8,20,1,16,,26,9,1,22,9,121.5437693,25.0449595
111,7,26,18,29,2,04大安區,大安區忠孝東路4段216巷與敦化南路1段233巷口,0,0,1,1,B03,8,2,5,30,4,1,1,5,4,5,7,4,4,5,5,5,2,9,1,60,3,10,1,1,7,9,1,4,2,1,,23,23,1,22,9,121.5529459,25.04028916
111,7,26,18,29,2,04大安區,大安區忠孝東路4段216巷與敦化南路1段233巷口,0,0,1,2,H01,8,2,5,30,4,1,1,5,4,5,7,4,4,5,5,5,2,9,1,52,2,9,4,1,8,16,8,20,10,16,,51,23,1,22,9,121.5529459,25.04028916
111,7,26,18,30,2,12內湖區,內湖區潭美街285號前,0,0,1,1,C03,8,3,5,40,15,9,1,5,4,5,7,4,4,9,5,5,2,13,2,23,2,7,1,1,7,9,1,10,1,11,,16,16,1,22,9,121.5878873,25.05731188
111,7,26,18,30,2,12內湖區,內湖區潭美街285號前,0,0,1,2,C03,8,3,5,40,15,9,1,5,4,5,7,4,4,9,5,5,2,13,1,22,3,10,1,1,7,15,1,10,1,13,,44,16,1,22,9,121.5878873,25.05731188
111,7,26,18,36,2,12內湖區,內湖區潭美街221號,0,0,1,1,B03,8,1,5,40,14,9,1,5,4,5,7,4,4,9,5,5,2,16,1,44,3,10,1,1,7,5,1,8,9,8,,8,8,1,22,9,121.5843743,25.05553082
111,7,26,18,36,2,12內湖區,內湖區潭美街221號,0,0,1,2,C03,8,1,5,40,14,9,1,5,4,5,7,4,4,9,5,5,2,16,1,31,2,9,1,1,7,4,1,9,9,12,,23,8,1,22,9,121.5843743,25.05553082
111,7,26,18,40,2,11南港區,南港區大坑街與舊莊街1段91巷口口,0,0,2,1,C04,8,3,5,30,4,1,1,5,4,5,7,4,4,10,5,5,2,15,1,37,2,9,1,1,7,9,1,11,2,12,,6,6,1,22,9,121.620279,25.04187758
111,7,26,18,40,2,11南港區,南港區大坑街與舊莊街1段91巷口口,0,0,2,2,C03,8,3,5,30,4,1,1,5,4,5,7,4,4,10,5,5,2,15,1,69,2,9,1,4,7,9,1,10,2,11,,44,6,1,22,9,121.620279,25.04187758
111,7,26,18,45,2,07信義區,信義區基隆路2段77號,0,0,1,1,C03,7,1,5,50,14,9,1,5,4,5,7,4,4,1,4,5,2,16,2,28,3,10,1,1,7,6,1,10,1,15,,9,9,1,22,9,121.5580061,25.0302456
111,7,26,18,45,2,07信義區,信義區基隆路2段77號,0,0,1,2,C04,7,1,5,50,14,9,1,5,4,5,7,4,4,1,4,5,2,16,1,61,2,9,1,1,7,9,1,11,1,11,,44,9,1,22,9,121.5580061,25.0302456
111,7,26,18,47,2,06松山區,松山區南京東路4段66號,0,0,1,1,B01,8,3,5,50,14,7,1,5,4,5,7,4,4,9,4,4,2,17,1,50,3,10,1,1,7,8,1,4,2,2,,6,6,1,22,9,121.5539519,25.0515497
111,7,26,18,47,2,06松山區,松山區南京東路4段66號,0,0,1,2,C03,8,3,5,50,14,7,1,5,4,5,7,4,4,9,4,4,2,17,2,31,2,9,1,1,7,9,1,10,2,14,,44,6,1,22,9,121.5539519,25.0515497
111,7,26,18,50,2,10文山區,文山區興隆路3段與興隆路3段185巷口,0,0,2,1,C03,8,3,5,50,4,1,1,5,4,5,7,3,1,1,4,5,2,16,1,49,2,7,1,1,7,9,1,10,2,11,,6,6,1,22,9,121.5600408,24.995952
111,7,26,18,50,2,10文山區,文山區興隆路3段與興隆路3段185巷口,0,0,2,2,C03,8,3,5,50,4,1,1,5,4,5,7,3,1,1,4,5,2,16,1,35,2,9,1,1,7,9,1,10,2,11,,44,6,1,22,9,121.5600408,24.995952
111,7,26,19,29,2,06松山區,松山區光復北路175號,0,0,1,1,B03,8,3,5,30,14,9,1,5,4,5,7,4,4,9,4,5,2,17,2,36,3,10,1,1,7,5,1,8,1,1,,8,8,1,22,9,121.5553059,25.0579039
111,7,26,19,29,2,06松山區,松山區光復北路175號,0,0,1,2,C03,8,3,5,30,14,9,1,5,4,5,7,4,4,9,4,5,2,17,2,53,2,9,1,1,7,9,1,10,1,12,,44,8,1,22,9,121.5553059,25.0579039
111,7,26,19,46,2,02萬華區,萬華區堤外便道近貴陽疏散門,0,0,2,1,C03,8,3,5,40,14,11,1,5,4,5,7,4,4,1,4,5,2,13,2,51,2,8,1,1,7,9,4,11,1,11,,23,23,1,22,9,121.4979515,25.04047931
111,7,26,19,46,2,02萬華區,萬華區堤外便道近貴陽疏散門,0,0,2,2,C03,8,3,5,40,14,11,1,5,4,5,7,4,4,1,4,5,2,13,1,19,3,10,1,1,7,14,1,10,1,13,,44,23,1,22,9,121.4979515,25.04047931
111,7,26,19,46,2,02萬華區,萬華區堤外便道近貴陽疏散門,0,0,2,3,C03,8,3,5,40,14,11,1,5,4,5,7,4,4,1,4,5,2,13,2,40,3,10,1,1,7,14,1,10,1,13,,44,23,1,22,9,121.4979515,25.04047931
111,7,26,19,46,2,02萬華區,萬華區堤外便道近貴陽疏散門,0,0,2,4,H02,8,3,5,40,14,11,1,5,4,5,7,4,4,1,4,5,2,13,2,20,2,9,4,5,7,17,8,20,10,15,,67,23,1,22,9,121.4979515,25.04047931
111,7,26,21,0,2,08士林區,士林區延平北路6段與通河西街2段口,0,0,3,1,C03,8,3,5,40,5,2,1,5,4,5,7,2,1,1,3,4,2,13,2,68,2,9,1,4,7,9,1,10,1,11,,23,23,1,22,9,121.497968,25.09402173
111,7,26,21,0,2,08士林區,士林區延平北路6段與通河西街2段口,0,0,3,2,C03,8,3,5,40,5,2,1,5,4,5,7,2,1,1,3,4,2,13,2,34,2,8,1,4,7,14,1,10,1,13,,44,23,1,22,9,121.497968,25.09402173
111,7,26,21,0,2,08士林區,士林區延平北路6段與通河西街2段口,0,0,3,3,H02,8,3,5,40,5,2,1,5,4,5,7,2,1,1,3,4,2,13,2,60,2,7,1,5,7,20,8,20,10,16,,67,23,1,22,9,121.497968,25.09402173
111,7,26,21,12,2,01大同區,大同區寧夏路與涼州街口,0,0,1,1,C03,8,3,5,0,14,9,1,5,4,5,7,1,1,9,2,5,1,13,1,37,2,9,3,4,7,4,1,9,1,12,,1,1,1,22,9,121.5143411,25.0608276
111,7,26,21,12,2,01大同區,大同區寧夏路與涼州街口,0,0,1,2,C03,8,3,5,0,14,9,1,5,4,5,7,1,1,9,2,5,1,13,1,39,3,10,3,4,7,9,1,10,1,13,,44,1,1,22,9,121.5143411,25.0608276
111,7,26,21,12,2,01大同區,大同區寧夏路與涼州街口,0,0,1,3,A11,8,3,5,0,14,9,1,5,4,5,7,1,1,9,2,5,1,13,1,30,3,10,3,4,7,15,1,7,1,15,,38,1,1,22,9,121.5143411,25.0608276
111,7,26,21,28,2,01大同區,大同區酒泉街37號,0,0,2,1,C03,8,3,5,50,14,9,1,5,4,5,7,4,4,10,4,5,2,3,1,55,2,8,1,1,7,9,1,10,1,11,,23,23,1,22,9,121.5186276,25.0706103
111,7,26,21,28,2,01大同區,大同區酒泉街37號,0,0,2,2,H01,8,3,5,50,14,9,1,5,4,5,7,4,4,10,4,5,2,3,2,72,2,9,4,5,8,20,8,20,1,16,,51,23,1,22,9,121.5186276,25.0706103
111,7,26,21,43,2,04大安區,大安區杭州南路2段與羅斯福路2段口,0,0,1,1,C03,8,3,5,50,5,2,1,5,4,5,7,2,1,5,4,4,2,17,1,19,3,10,1,1,7,9,1,10,1,15,,4,23,1,22,9,121.5218427,25.02840688
111,7,26,21,43,2,04大安區,大安區杭州南路2段與羅斯福路2段口,0,0,1,2,C03,8,3,5,50,5,2,1,5,4,5,7,2,1,5,4,4,2,17,1,22,2,9,1,1,7,6,1,10,1,15,,44,23,1,22,9,121.5218427,25.02840688
111,7,26,22,0,2,02萬華區,萬華區桂林路246巷與和平西路3段309巷15弄口口,0,0,3,1,B03,8,3,5,30,3,1,1,5,4,5,7,4,4,10,5,5,2,12,2,19,3,10,1,1,7,6,1,8,1,2,,6,6,1,22,9,121.4914524,25.03608261
111,7,26,22,0,2,02萬華區,萬華區桂林路246巷與和平西路3段309巷15弄口口,0,0,3,2,C03,8,3,5,30,3,1,1,5,4,5,7,4,4,10,5,5,2,12,1,51,2,9,1,1,7,9,1,10,1,14,,13,6,1,22,9,121.4914524,25.03608261
111,7,26,22,0,2,02萬華區,萬華區桂林路246巷與和平西路3段309巷15弄口口,0,0,3,3,C03,8,3,5,30,3,1,1,5,4,5,7,4,4,10,5,5,2,12,2,39,2,9,1,1,7,9,1,10,1,14,,13,6,1,22,9,121.4914524,25.03608261
111,7,26,22,0,2,02萬華區,萬華區桂林路246巷與和平西路3段309巷15弄口口,0,0,3,4,H02,8,3,5,30,3,1,1,5,4,5,7,4,4,10,5,5,2,12,2,37,2,9,4,5,7,20,8,20,10,15,,67,6,1,22,9,121.4914524,25.03608261
111,7,26,22,4,2,06松山區,松山區光復北路與南京東路5段口,0,0,1,1,C03,8,3,5,50,14,9,1,5,4,5,7,2,1,9,4,5,2,17,2,37,2,9,1,1,7,8,1,10,1,13,,7,7,1,22,9,121.5579442,25.05143949
111,7,26,22,4,2,06松山區,松山區光復北路與南京東路5段口,0,0,1,2,B01,8,3,5,50,14,9,1,5,4,5,7,2,1,9,4,5,2,17,1,58,3,10,1,1,7,9,1,4,1,1,,44,7,1,22,9,121.5579442,25.05143949
111,7,26,22,30,2,09北投區,北投區大度路1段024燈桿,0,0,2,1,C03,8,3,5,50,14,12,1,5,4,5,7,4,4,1,4,5,1,12,1,32,2,9,1,1,7,9,1,10,1,11,,16,16,1,22,9,121.4869993,25.12203971
111,7,26,22,30,2,09北投區,北投區大度路1段024燈桿,0,0,2,2,C03,8,3,5,50,14,12,1,5,4,5,7,4,4,1,4,5,1,12,2,51,2,9,1,1,7,9,1,10,1,13,,44,16,1,22,9,121.4869993,25.12203971
111,7,26,23,15,2,05中正區,中正區水源快速道路(師大.水源路口上方),0,0,1,1,B03,8,3,5,60,11,7,1,5,4,5,7,4,4,4,1,5,2,17,4,,4,11,3,4,7,15,7,19,11,15,,43,43,2,22,9,121.5225206,25.02030478
111,7,26,23,15,2,05中正區,中正區水源快速道路(師大.水源路口上方),0,0,1,2,C02,8,3,5,60,11,7,1,5,4,5,7,4,4,4,1,5,2,17,1,53,2,8,1,1,7,6,1,9,2,14,,43,43,1,22,9,121.5225206,25.02030478
111,7,26,23,15,2,05中正區,中正區水源快速道路(師大.水源路口上方),0,0,1,3,,8,3,5,60,11,7,1,5,4,5,7,4,4,4,1,5,2,17,3,,,,,,,,,,,,,67,43,1,,,121.5225206,25.02030478
111,7,26,23,35,2,03中山區,中山區南京東路1段96號,0,0,2,1,C03,7,3,5,50,14,9,1,5,4,5,7,4,4,1,4,4,1,17,1,31,2,7,1,1,7,6,1,10,1,13,,9,9,1,22,9,121.5247282,25.05331707
111,7,26,23,35,2,03中山區,中山區南京東路1段96號,0,0,2,2,C03,7,3,5,50,14,9,1,5,4,5,7,4,4,1,4,4,1,17,1,27,2,7,1,1,7,9,1,10,1,11,,13,9,1,22,9,121.5247282,25.05331707
111,7,27,3,10,2,03中山區,中山區北安路與明水路口,0,0,1,1,C03,8,3,5,50,4,1,1,5,4,5,7,1,1,1,4,5,2,16,1,19,2,9,1,1,7,5,1,10,1,12,,26,26,1,22,9,121.5526178,25.0856848
111,7,27,3,10,2,03中山區,中山區北安路與明水路口,0,0,1,2,B03,8,3,5,50,4,1,1,5,4,5,7,1,1,1,4,5,2,16,1,41,3,10,1,1,7,9,1,8,1,5,,44,26,1,22,9,121.5526178,25.0856848
111,7,27,3,31,2,02萬華區,萬華區康定路與貴陽街2段口,0,0,1,1,B01,7,3,5,50,4,1,1,5,4,5,7,2,1,9,4,5,2,9,1,44,3,10,1,1,7,5,1,2,9,8,,15,8,1,22,9,121.5020443,25.04017198
111,7,27,3,31,2,02萬華區,萬華區康定路與貴陽街2段口,0,0,1,2,H01,7,3,5,50,4,1,1,5,4,5,7,2,1,9,4,5,2,9,2,57,2,8,4,5,8,16,8,20,9,16,,67,8,1,22,9,121.5020443,25.04017198
111,7,27,3,42,2,07信義區,信義區吳興街600巷3號,0,0,1,1,C04,7,3,5,50,14,9,1,4,4,5,7,4,4,9,5,5,2,17,2,36,2,9,1,1,7,5,1,10,1,15,,44,44,1,22,9,121.5689945,25.0217887
111,7,27,3,42,2,07信義區,信義區吳興街600巷3號,0,0,1,2,A12,7,3,5,50,14,9,1,4,4,5,7,4,4,9,5,5,2,17,1,55,3,10,1,1,7,5,1,3,9,15,,30,44,1,22,9,121.5689945,25.0217887
111,7,27,4,57,2,02萬華區,萬華區環河南路2段與環河南路2段175巷口,0,0,2,1,B03,7,2,5,50,4,1,1,5,4,5,7,2,1,1,4,5,2,9,1,60,3,10,1,1,7,5,6,8,3,1,,15,15,1,22,9,121.4922077,25.03279681
111,7,27,4,57,2,02萬華區,萬華區環河南路2段與環河南路2段175巷口,0,0,2,2,H01,7,2,5,50,4,1,1,5,4,5,7,2,1,1,4,5,2,9,2,94,2,9,4,5,8,16,8,20,9,16,,67,15,1,22,9,121.4922077,25.03279681
111,7,27,4,57,2,02萬華區,萬華區環河南路2段與環河南路2段175巷口,0,0,2,3,H01,7,2,5,50,4,1,1,5,4,5,7,2,1,1,4,5,2,9,2,64,2,9,4,5,8,16,8,20,9,16,,67,15,1,22,9,121.4922077,25.03279681
111,7,27,5,0,2,03中山區,中山區市民大道3段1-1號,0,0,1,1,C03,8,1,5,40,14,9,1,5,4,5,7,2,1,1,4,5,2,18,2,16,2,9,3,4,7,9,2,18,3,12,,21,21,1,22,9,121.5309911,25.04610447
111,7,27,5,0,2,03中山區,中山區市民大道3段1-1號,0,0,1,2,,8,1,5,40,14,9,1,5,4,5,7,2,1,1,4,5,2,18,3,,,,,,,,,,,,,67,21,1,,,121.5309911,25.04610447
111,7,27,5,36,2,01大同區,大同區承德路2段日新國小前,0,0,1,1,C03,8,1,5,0,14,9,1,5,4,5,7,4,4,9,4,5,1,13,1,43,2,9,3,4,7,9,6,18,1,11,,23,23,1,22,9,121.5177011,25.05362038
111,7,27,5,36,2,01大同區,大同區承德路2段日新國小前,0,0,1,2,A04,8,1,5,0,14,9,1,5,4,5,7,4,4,9,4,5,1,13,1,61,3,10,3,4,7,14,1,2,1,7,,38,23,1,22,9,121.5177011,25.05362038
111,7,27,5,47,2,05中正區,中正區中山南路與仁愛路1段口,0,0,1,1,C03,8,1,5,50,5,2,1,5,4,5,7,2,1,1,4,5,2,18,1,53,2,9,1,1,7,9,1,9,2,11,,23,23,1,3,1,121.5180554,25.0394106
111,7,27,5,47,2,05中正區,中正區中山南路與仁愛路1段口,0,0,1,2,,8,1,5,50,5,2,1,5,4,5,7,2,1,1,4,5,2,18,3,,,,,,,,,,,,,67,23,1,,,121.5180554,25.0394106
111,7,27,7,0,2,10文山區,文山區辛亥路4段191號,0,0,1,1,C03,8,1,5,50,14,9,1,5,4,5,7,4,4,1,4,5,2,13,1,41,2,9,1,1,7,9,1,10,2,11,,43,43,1,22,9,121.557579,25.00563062
111,7,27,7,0,2,10文山區,文山區辛亥路4段191號,0,0,1,2,B01,8,1,5,50,14,9,1,5,4,5,7,4,4,1,4,5,2,13,1,54,3,10,1,1,7,9,1,4,2,6,,43,43,1,22,9,121.557579,25.00563062
111,7,27,7,0,2,10文山區,文山區辛亥路4段191號,0,0,1,3,B03,8,1,5,50,14,9,1,5,4,5,7,4,4,1,4,5,2,13,1,51,3,10,1,1,7,8,1,8,11,15,,43,43,1,22,9,121.557579,25.00563062
111,7,27,7,22,2,08士林區,士林區中山北路4段與通河街口,0,0,1,1,C03,8,1,5,50,3,1,1,5,4,5,7,2,1,3,3,5,1,11,1,36,4,11,3,4,7,15,7,19,11,15,,25,25,2,22,9,121.5243472,25.07985238
111,7,27,7,22,2,08士林區,士林區中山北路4段與通河街口,0,0,1,2,C03,8,1,5,50,3,1,1,5,4,5,7,2,1,3,3,5,1,11,1,48,2,7,1,1,7,9,1,10,1,14,,44,25,1,22,9,121.5243472,25.07985238
111,7,27,7,55,2,12內湖區,內湖區行善路與行善路168巷口,0,0,1,1,B03,8,1,5,50,3,1,1,5,4,5,7,4,4,5,5,5,1,17,1,35,3,10,1,1,7,5,1,8,1,6,,8,8,1,22,9,121.5788876,25.0582804
111,7,27,7,55,2,12內湖區,內湖區行善路與行善路168巷口,0,0,1,2,C03,8,1,5,50,3,1,1,5,4,5,7,4,4,5,5,5,1,17,1,22,2,9,1,1,7,9,1,9,1,11,,13,8,1,22,9,121.5788876,25.0582804
111,7,27,7,58,2,05中正區,中正區羅斯福路4段與基隆路4段口口,0,0,1,1,C03,8,1,5,50,5,1,1,5,4,5,7,1,1,1,4,5,1,17,1,20,3,10,1,1,7,6,1,10,2,12,,9,9,1,22,9,121.5368617,25.01135701
111,7,27,7,58,2,05中正區,中正區羅斯福路4段與基隆路4段口口,0,0,1,2,C03,8,1,5,50,5,1,1,5,4,5,7,1,1,1,4,5,1,17,2,81,2,9,1,1,7,9,3,18,2,11,,44,9,1,22,9,121.5368617,25.01135701
111,7,27,8,15,2,04大安區,大安區復興南路2段17號,0,0,1,1,B03,8,1,5,50,14,8,1,5,4,5,7,4,4,1,4,4,2,17,1,54,3,10,3,4,7,9,1,8,1,5,,23,23,1,22,9,121.543713,25.03233051
111,7,27,8,15,2,04大安區,大安區復興南路2段17號,0,0,1,2,B03,8,1,5,50,14,8,1,5,4,5,7,4,4,1,4,4,2,17,1,44,2,7,3,4,7,14,1,8,1,4,,40,23,1,22,9,121.543713,25.03233051
111,7,27,8,21,2,03中山區,中山區中山北路3段往北過民族東路第2支燈桿處,0,0,1,1,C03,8,1,5,50,14,9,1,5,4,5,7,4,4,5,4,1,2,12,1,44,3,10,1,1,7,8,1,10,1,12,,7,7,1,22,9,121.5233693,25.06977601
111,7,27,8,21,2,03中山區,中山區中山北路3段往北過民族東路第2支燈桿處,0,0,1,2,C03,8,1,5,50,14,9,1,5,4,5,7,4,4,5,4,1,2,12,1,22,2,9,1,1,7,9,1,10,1,14,,44,7,1,22,9,121.5233693,25.06977601
111,7,27,8,22,2,08士林區,士林區百齡橋西往東017號牌前,0,0,1,1,B03,8,1,5,50,14,7,1,5,4,5,7,4,4,3,4,4,2,16,1,29,3,10,1,1,7,8,1,8,1,2,,7,7,1,22,9,121.51414,25.0893893
111,7,27,8,22,2,08士林區,士林區百齡橋西往東017號牌前,0,0,1,2,C03,8,1,5,50,14,7,1,5,4,5,7,4,4,3,4,4,2,16,2,37,2,9,1,1,7,7,1,10,1,14,,7,7,1,22,9,121.51414,25.0893893
111,7,27,8,30,2,07信義區,信義區市民大道6段與松山路口,0,0,1,1,C03,8,1,5,40,4,2,1,5,4,5,7,1,1,1,4,5,1,17,4,,4,11,3,4,7,15,7,19,11,15,,43,43,2,22,9,121.5775268,25.04891312
111,7,27,8,30,2,07信義區,信義區市民大道6段與松山路口,0,0,1,2,C03,8,1,5,40,4,2,1,5,4,5,7,1,1,1,4,5,1,17,2,24,2,8,3,4,7,9,1,10,2,13,,44,43,1,22,9,121.5775268,25.04891312
111,7,27,8,30,2,07信義區,信義區市民大道6段與松山路口,0,0,1,3,C03,8,1,5,40,4,2,1,5,4,5,7,1,1,1,4,5,1,17,4,,4,11,3,4,7,15,7,19,11,15,,43,43,2,22,9,121.5775268,25.04891312
111,7,27,8,34,2,01大同區,大同區重慶北路3段252巷與重慶北路3段236巷5弄口,0,0,2,1,C03,8,1,5,30,4,1,1,5,4,5,7,4,4,10,5,5,2,15,1,44,2,9,1,4,7,9,1,10,1,14,,6,6,1,22,9,121.5132332,25.07132
111,7,27,8,34,2,01大同區,大同區重慶北路3段252巷與重慶北路3段236巷5弄口,0,0,2,2,C03,8,1,5,30,4,1,1,5,4,5,7,4,4,10,5,5,2,15,2,31,2,9,1,4,7,9,1,10,1,11,,14,6,1,22,9,121.5132332,25.07132
111,7,27,8,45,2,08士林區,士林區中山北路6段與福國路口,0,0,1,2,B03,8,1,5,50,3,1,1,5,4,5,7,1,1,1,4,5,2,12,1,44,3,10,3,4,7,9,1,8,2,5,,44,25,1,22,9,121.5256196,25.10245703
111,7,27,8,45,2,08士林區,士林區中山北路6段與福國路口,0,0,1,1,C03,8,1,5,50,3,1,1,5,4,5,7,1,1,1,4,5,2,12,2,23,2,9,1,1,7,5,1,10,2,11,,25,25,1,22,9,121.5256196,25.10245703
111,7,27,8,50,2,08士林區,士林區福國路17號,0,0,1,1,B03,8,1,5,50,14,9,1,5,4,5,7,4,4,2,5,5,2,16,1,61,3,10,1,1,7,8,1,8,2,2,,7,7,1,22,9,121.5242723,25.10215128
111,7,27,8,50,2,08士林區,士林區福國路17號,0,0,1,2,C03,8,1,5,50,14,9,1,5,4,5,7,4,4,2,5,5,2,16,2,35,2,9,1,1,7,9,1,10,2,14,,44,7,1,22,9,121.5242723,25.10215128
111,7,27,8,50,2,10文山區,文山區木柵路1段233號,0,0,2,1,C03,8,1,5,50,14,9,1,5,4,5,7,4,4,5,4,5,2,12,1,68,2,7,1,1,7,9,1,10,2,12,,23,23,1,22,9,121.5522176,24.9878266
111,7,27,8,50,2,10文山區,文山區木柵路1段233號,0,0,2,2,C03,8,1,5,50,14,9,1,5,4,5,7,4,4,5,4,5,2,12,2,41,2,9,1,1,7,9,1,10,2,14,,17,23,1,22,9,121.5522176,24.9878266
111,7,27,8,54,2,07信義區,信義區嘉興街與嘉興街181巷口,0,0,1,1,B02,8,1,5,50,3,1,1,5,4,5,7,2,1,4,3,5,2,17,2,54,3,10,3,4,7,6,1,8,1,5,,9,9,1,22,9,121.5564873,25.0263059
111,7,27,8,54,2,07信義區,信義區嘉興街與嘉興街181巷口,0,0,1,2,C03,8,1,5,50,3,1,1,5,4,5,7,2,1,4,3,5,2,17,1,25,2,8,1,4,7,9,1,10,1,14,,44,9,1,22,9,121.5564873,25.0263059
111,7,27,8,55,2,03中山區,中山區自強隧道圓環與北安路往大直,0,0,2,1,C03,8,1,5,50,14,9,1,5,4,5,7,4,4,10,4,5,2,13,1,30,2,9,3,4,7,9,1,10,1,11,,16,16,1,22,9,121.5495305,25.0853059