發生年度,發生月,發生日,發生時-Hours,發生分,處理別-編號,區序,肇事地點,死亡人數,2-30日死亡人數,受傷人數,當事人序號,車種,天候,光線,道路類別,速限-速度限制,道路型態,事故位置,路面狀況1,路面狀況2,路面狀況3,道路障礙1,道路障礙2,號誌1,號誌2,車道劃分-分向,車道劃分-分道1,車道劃分-分道2,車道劃分-分道3,事故類型及型態,性別,年齡,受傷程度,主要傷處,安全帽,行動電話,車輛用途,當事者行動狀態,駕駛資格情形,駕駛執照種類,飲酒情形,車輛撞擊部位1,車輛撞擊部位2,肇因碼-個別,肇因碼-主要,個人肇逃否,職業,旅次目的,座標-X,座標-Y
111,7,27,8,55,2,03中山區,中山區自強隧道圓環與北安路往大直,0,0,2,2,C03,8,1,5,50,14,9,1,5,4,5,7,4,4,10,4,5,2,13,1,56,2,6,3,4,7,9,4,11,1,13,,44,16,1,22,9,121.5495305,25.0853059
111,7,27,8,57,2,12內湖區,內湖區文德路與文德路207巷口口,0,0,1,1,C03,8,1,5,40,4,2,1,5,4,5,7,2,1,1,4,4,2,12,1,35,3,10,1,1,7,9,1,10,1,14,,23,23,1,22,9,121.5879579,25.07886396
111,7,27,8,57,2,12內湖區,內湖區文德路與文德路207巷口口,0,0,1,2,C03,8,1,5,40,4,2,1,5,4,5,7,2,1,1,4,4,2,12,2,61,2,6,1,1,7,8,1,10,1,12,,7,23,1,22,9,121.5879579,25.07886396
111,7,27,9,7,2,02萬華區,萬華區長泰街29號,0,0,1,1,C03,8,1,5,30,14,9,1,5,4,5,7,4,4,9,5,5,1,17,1,29,2,9,3,4,7,1,1,10,1,13,,19,19,1,22,9,121.500707,25.02321799
111,7,27,9,7,2,02萬華區,萬華區長泰街29號,0,0,1,2,B03,8,1,5,30,14,9,1,5,4,5,7,4,4,9,5,5,1,17,1,42,3,10,3,4,7,9,1,8,1,1,,44,19,1,22,9,121.500707,25.02321799
111,7,27,9,10,2,10文山區,文山區下崙路與下崙路30巷口,0,0,2,1,C03,8,1,5,50,3,2,1,5,4,5,7,4,4,5,2,5,2,17,2,66,2,8,1,4,7,5,3,18,1,11,,4,4,1,22,9,121.5577058,24.98621101
111,7,27,9,10,2,10文山區,文山區下崙路與下崙路30巷口,0,0,2,2,C03,8,1,5,50,3,2,1,5,4,5,7,4,4,5,2,5,2,17,2,58,2,9,3,4,7,9,1,10,1,11,,44,4,1,22,9,121.5577058,24.98621101
111,7,27,9,20,2,05中正區,中正區杭州南路1段105巷與仁愛路2段8巷口,0,0,2,1,B01,8,1,5,30,4,1,1,5,4,5,3,4,4,10,5,5,2,15,1,55,3,10,1,1,7,9,1,8,2,1,,14,14,1,22,9,121.5254982,25.03739275
111,7,27,9,20,2,05中正區,中正區杭州南路1段105巷與仁愛路2段8巷口,0,0,2,2,C03,8,1,5,30,4,1,1,5,4,5,3,4,4,10,5,5,2,15,1,41,2,9,1,1,7,9,1,10,2,12,,6,14,1,22,9,121.5254982,25.03739275
111,7,27,9,20,2,05中正區,中正區杭州南路1段105巷與仁愛路2段8巷口,0,0,2,3,H02,8,1,5,30,4,1,1,5,4,5,3,4,4,10,5,5,2,15,2,10,2,9,4,5,7,20,8,20,10,16,,67,14,1,22,9,121.5254982,25.03739275
111,7,27,9,30,2,12內湖區,內湖區江南街65巷6號,0,0,1,1,B03,8,1,5,50,14,9,1,5,4,5,7,4,4,9,5,5,2,17,1,41,3,10,2,1,7,13,1,8,1,4,,40,40,1,22,9,121.5780645,25.07720692
111,7,27,9,30,2,12內湖區,內湖區江南街65巷6號,0,0,1,2,F02,8,1,5,50,14,9,1,5,4,5,7,4,4,9,5,5,2,17,2,69,2,9,2,1,7,9,8,20,1,16,,44,40,1,22,9,121.5780645,25.07720692
111,7,27,9,40,2,10文山區,文山區興隆路3段與興隆路3段192巷口,0,0,2,1,C03,8,1,5,50,5,1,1,5,4,5,7,1,1,1,4,5,2,16,1,56,2,9,1,1,7,5,1,10,2,12,,6,6,1,22,9,121.5589076,24.99804321
111,7,27,9,40,2,10文山區,文山區興隆路3段與興隆路3段192巷口,0,0,2,2,C03,8,1,5,50,5,1,1,5,4,5,7,1,1,1,4,5,2,16,1,34,2,9,1,1,7,9,1,10,2,11,,44,6,1,22,9,121.5589076,24.99804321
111,7,27,10,5,2,04大安區,大安區建國南路2段85號,0,0,1,1,C03,8,1,5,50,14,9,1,5,4,5,7,1,1,1,4,5,2,17,1,74,2,7,1,4,7,5,1,10,1,11,,8,23,1,22,9,121.5379532,25.03067013
111,7,27,10,5,2,04大安區,大安區建國南路2段85號,0,0,1,2,B03,8,1,5,50,14,9,1,5,4,5,7,1,1,1,4,5,2,17,1,37,3,10,3,4,7,9,1,8,1,4,,23,23,1,22,9,121.5379532,25.03067013
111,7,27,10,5,2,09北投區,北投區承德路7段與承德路7段140巷口,0,0,1,2,C03,8,1,5,40,3,2,1,5,4,5,7,4,4,1,4,5,2,17,1,67,3,10,1,1,7,12,1,10,1,13,,42,23,1,22,9,121.509102,25.11281487
111,7,27,10,5,2,09北投區,北投區承德路7段與承德路7段140巷口,0,0,1,1,C04,8,1,5,40,3,2,1,5,4,5,7,4,4,1,4,5,2,17,1,86,2,5,1,1,7,9,1,10,1,11,,23,23,1,22,9,121.509102,25.11281487
111,7,27,11,41,2,05中正區,中正區汀州路3段與汀州路3段230巷口口,0,0,1,1,B01,8,1,5,30,4,1,1,5,4,5,7,4,4,10,5,5,1,15,1,59,3,10,1,1,7,9,1,4,2,5,,6,6,1,22,9,121.5359079,25.011527
111,7,27,11,41,2,05中正區,中正區汀州路3段與汀州路3段230巷口口,0,0,1,2,C03,8,1,5,30,4,1,1,5,4,5,7,4,4,10,5,5,1,15,2,56,2,9,1,1,7,9,3,18,2,14,,14,6,1,22,9,121.5359079,25.011527
111,7,27,11,41,2,07信義區,信義區嘉興街175巷與嘉興街口,0,0,2,1,C03,8,1,5,30,4,1,1,5,4,5,7,4,4,5,5,5,2,15,1,56,2,3,1,1,7,9,1,10,1,11,,6,6,1,22,9,121.557112,25.0277553
111,7,27,11,41,2,07信義區,信義區嘉興街175巷與嘉興街口,0,0,2,2,C03,8,1,5,30,4,1,1,5,4,5,7,4,4,5,5,5,2,15,2,28,2,9,1,1,7,9,1,10,1,14,,13,6,1,22,9,121.557112,25.0277553
111,7,27,11,50,2,12內湖區,內湖區內湖路2段與成功路3段174巷口,0,0,2,1,C03,8,1,5,50,4,1,1,5,4,5,7,2,1,5,5,5,2,17,2,45,2,9,1,1,7,6,1,10,1,13,,6,6,1,22,9,121.5903183,25.08199567
111,7,27,11,50,2,12內湖區,內湖區內湖路2段與成功路3段174巷口,0,0,2,2,C03,8,1,5,50,4,1,1,5,4,5,7,2,1,5,5,5,2,17,1,41,2,8,1,1,7,5,1,10,1,11,,44,6,1,22,9,121.5903183,25.08199567
111,7,27,12,2,2,03中山區,中山區林森北路與新生北路2段28巷口,0,0,1,1,B03,8,1,5,50,4,1,1,5,4,3,5,2,1,1,4,5,2,17,2,67,3,10,3,4,7,5,1,8,1,1,,8,8,1,22,9,121.5254885,25.0538977
111,7,27,12,2,2,03中山區,中山區林森北路與新生北路2段28巷口,0,0,1,2,C03,8,1,5,50,4,1,1,5,4,3,5,2,1,1,4,5,2,17,1,31,2,9,1,1,7,9,1,10,1,14,,44,8,1,22,9,121.5254885,25.0538977
111,7,27,12,11,2,06松山區,松山區市民大道5段與東寧路口,0,0,1,1,B01,8,1,5,40,4,1,1,5,4,5,7,2,1,2,3,5,2,12,1,57,3,10,1,1,7,6,1,4,1,2,,9,9,1,22,9,121.5629877,25.0473571
111,7,27,12,11,2,06松山區,松山區市民大道5段與東寧路口,0,0,1,2,C03,8,1,5,40,4,1,1,5,4,5,7,2,1,2,3,5,2,12,2,22,2,9,1,1,7,9,1,10,1,14,,23,9,1,22,9,121.5629877,25.0473571
111,7,27,12,25,2,07信義區,信義區松仁路與松平路口,0,0,1,1,B12,8,1,5,30,4,2,1,5,4,5,7,2,1,10,5,5,2,9,1,18,3,10,1,1,7,5,1,8,1,8,,15,15,1,22,9,121.5684899,25.0305449
111,7,27,12,25,2,07信義區,信義區松仁路與松平路口,0,0,1,2,H01,8,1,5,30,4,2,1,5,4,5,7,2,1,10,5,5,2,9,2,14,2,9,4,5,8,16,8,20,10,16,,67,15,1,22,9,121.5684899,25.0305449
111,7,27,12,29,2,10文山區,文山區木柵路1段72號,0,0,2,1,B03,8,1,5,50,14,9,1,5,4,5,6,4,4,5,4,5,2,16,1,36,3,10,1,1,7,11,1,8,1,1,,43,43,1,22,9,121.5494104,24.98727718
111,7,27,12,29,2,10文山區,文山區木柵路1段72號,0,0,2,2,C03,8,1,5,50,14,9,1,5,4,5,6,4,4,5,4,5,2,16,2,36,2,9,1,1,7,9,1,10,1,14,,43,43,1,22,9,121.5494104,24.98727718
111,7,27,12,29,2,10文山區,文山區木柵路1段72號,0,0,2,3,H02,8,1,5,50,14,9,1,5,4,5,6,4,4,5,4,5,2,16,1,6,2,9,1,1,7,21,8,20,10,16,,67,43,1,22,9,121.5494104,24.98727718
111,7,27,12,36,2,03中山區,中山區中山北路2段116巷與錦西街5巷口,0,0,3,1,C03,8,1,5,30,4,1,1,5,4,5,7,4,4,9,5,5,2,16,1,21,2,9,1,1,7,9,1,10,1,11,,6,6,1,22,9,121.5219251,25.0610006
111,7,27,12,36,2,03中山區,中山區中山北路2段116巷與錦西街5巷口,0,0,3,2,C03,8,1,5,30,4,1,1,5,4,5,7,4,4,9,5,5,2,16,1,34,2,9,1,1,7,9,1,10,1,11,,23,6,1,22,9,121.5219251,25.0610006
111,7,27,12,36,2,03中山區,中山區中山北路2段116巷與錦西街5巷口,0,0,3,3,H02,8,1,5,30,4,1,1,5,4,5,7,4,4,9,5,5,2,16,2,21,2,8,1,5,7,21,8,20,10,16,,67,6,1,22,9,121.5219251,25.0610006
111,7,27,12,36,2,03中山區,中山區中山北路2段116巷與錦西街5巷口,0,0,3,4,B02,8,1,5,30,4,1,1,5,4,5,7,4,4,9,5,5,2,16,1,49,4,11,3,4,7,14,7,19,11,15,,38,6,2,22,9,121.5219251,25.0610006
111,7,27,12,40,2,08士林區,士林區通河西街2段堤外便道(百齡238電桿),0,0,1,1,C03,8,1,5,30,14,9,1,5,4,5,7,4,4,10,5,5,2,13,1,19,2,9,1,1,7,9,1,10,1,11,,16,16,1,21,8,121.5053058,25.09323124
111,7,27,12,40,2,08士林區,士林區通河西街2段堤外便道(百齡238電桿),0,0,1,2,C03,8,1,5,30,14,9,1,5,4,5,7,4,4,10,5,5,2,13,1,20,3,10,1,1,7,9,1,10,1,13,,44,16,1,21,8,121.5053058,25.09323124
111,7,27,12,59,2,09北投區,北投區建民路與懷德街口,0,0,1,1,C03,8,1,5,50,14,9,1,5,4,5,7,4,4,9,4,5,2,11,1,44,3,10,1,1,7,5,1,10,1,14,,43,43,1,22,9,121.5196306,25.11096683
111,7,27,12,59,2,09北投區,北投區建民路與懷德街口,0,0,1,2,C03,8,1,5,50,14,9,1,5,4,5,7,4,4,9,4,5,2,11,2,53,2,8,1,1,7,1,1,10,1,14,,43,43,1,22,9,121.5196306,25.11096683
111,7,27,13,14,2,06松山區,松山區八德路2段410巷92號,0,0,1,1,B01,8,1,5,30,13,9,1,5,4,5,7,4,4,7,5,5,2,15,2,52,3,10,1,1,7,9,1,4,1,5,,6,6,1,22,9,121.5467155,25.04576109
111,7,27,13,14,2,06松山區,松山區八德路2段410巷92號,0,0,1,2,C03,8,1,5,30,13,9,1,5,4,5,7,4,4,7,5,5,2,15,1,20,2,9,1,1,7,9,1,10,1,11,,14,6,1,22,9,121.5467155,25.04576109
111,7,27,13,45,2,05中正區,中正區愛國西路與中華路2段口口,0,0,1,1,B01,8,1,5,50,5,1,1,5,4,1,5,1,1,1,4,5,1,17,1,56,3,10,1,1,7,6,1,4,2,2,,25,25,1,22,9,121.5067793,25.03674146
111,7,27,13,45,2,05中正區,中正區愛國西路與中華路2段口口,0,0,1,2,C03,8,1,5,50,5,1,1,5,4,1,5,1,1,1,4,5,1,17,1,24,2,9,1,1,7,15,1,10,2,14,,25,25,1,22,9,121.5067793,25.03674146
111,7,27,14,3,2,06松山區,松山區八德路3段20號,0,0,1,1,C03,8,1,5,50,14,9,1,5,4,5,7,2,1,5,2,5,2,16,2,52,2,9,1,1,7,5,1,10,2,11,,8,8,1,22,9,121.5507274,25.04818705
111,7,27,14,3,2,06松山區,松山區八德路3段20號,0,0,1,2,C03,8,1,5,50,14,9,1,5,4,5,7,2,1,5,2,5,2,16,1,26,3,10,1,1,7,5,1,10,2,13,,44,8,1,22,9,121.5507274,25.04818705
111,7,27,14,20,2,12內湖區,內湖區民權東路6段123巷與民權東路6段123巷20弄口,0,0,1,1,B03,8,1,5,30,4,1,1,5,4,5,7,4,4,5,5,5,1,15,1,58,3,10,1,1,7,9,1,8,1,5,,6,6,1,22,9,121.5928779,25.06966858
111,7,27,14,20,2,12內湖區,內湖區民權東路6段123巷與民權東路6段123巷20弄口,0,0,1,2,C03,8,1,5,30,4,1,1,5,4,5,7,4,4,5,5,5,1,15,1,27,2,9,1,1,7,9,1,10,1,14,,14,6,1,22,9,121.5928779,25.06966858
111,7,27,14,25,2,10文山區,文山區興隆路3段與辛亥路5段口,0,0,1,1,A02,8,1,5,50,4,1,1,5,4,5,7,1,1,1,2,5,2,16,1,50,3,10,1,1,7,5,1,2,2,8,,6,6,1,22,9,121.5545417,25.00084126
111,7,27,14,25,2,10文山區,文山區興隆路3段與辛亥路5段口,0,0,1,2,C03,8,1,5,50,4,1,1,5,4,5,7,1,1,1,2,5,2,16,1,27,2,9,1,1,7,9,1,10,2,14,,13,6,1,22,9,121.5545417,25.00084126
111,7,27,14,25,2,10文山區,文山區興隆路3段與辛亥路5段口,0,0,1,3,,8,1,5,50,4,1,1,5,4,5,7,1,1,1,2,5,2,16,3,,,,,,,,,,,,,67,6,1,,,121.5545417,25.00084126
111,7,27,14,30,2,03中山區,中山區松江路133巷與南京東路2段115巷口,0,0,2,1,B12,8,1,5,30,4,1,1,5,4,5,3,4,4,10,5,5,2,16,1,37,3,10,1,4,7,9,1,8,2,8,,43,43,1,22,9,121.5336487,25.05435983
111,7,27,14,30,2,03中山區,中山區松江路133巷與南京東路2段115巷口,0,0,2,3,H02,8,1,5,30,4,1,1,5,4,5,3,4,4,10,5,5,2,16,2,31,2,9,1,5,7,20,8,20,2,16,,67,43,1,22,9,121.5336487,25.05435983
111,7,27,14,30,2,03中山區,中山區松江路133巷與南京東路2段115巷口,0,0,2,2,C03,8,1,5,30,4,1,1,5,4,5,3,4,4,10,5,5,2,16,1,37,2,7,1,4,7,9,3,18,2,11,12,43,43,1,22,9,121.5336487,25.05435983
111,7,27,14,40,2,03中山區,中山區中山北路2段46巷與無名巷,0,0,1,1,C03,8,1,5,30,4,2,1,5,4,5,7,4,4,10,5,5,2,11,2,31,2,8,1,1,7,5,1,10,1,11,,6,6,1,22,9,121.5217046,25.0555381
111,7,27,14,40,2,03中山區,中山區中山北路2段46巷與無名巷,0,0,1,2,B01,8,1,5,30,4,2,1,5,4,5,7,4,4,10,5,5,2,11,1,57,3,10,1,1,7,9,1,8,1,1,,44,6,1,22,9,121.5217046,25.0555381
111,7,27,14,40,2,04大安區,大安區和平東路2段118巷與復興南路2段308巷口,0,0,1,1,B03,8,1,5,30,4,1,1,5,4,5,7,4,4,10,5,5,2,15,2,65,3,10,1,1,7,9,1,8,1,8,,6,6,1,22,9,121.5428505,25.0236263
111,7,27,14,40,2,04大安區,大安區和平東路2段118巷與復興南路2段308巷口,0,0,1,2,C03,8,1,5,30,4,1,1,5,4,5,7,4,4,10,5,5,2,15,1,49,2,9,1,1,7,9,1,10,1,12,,23,6,1,22,9,121.5428505,25.0236263
111,7,27,14,46,2,01大同區,大同區重慶北路2段與南京西路口,0,0,1,1,C03,8,1,5,50,4,2,1,5,4,5,7,2,1,1,4,5,2,12,1,29,2,9,1,1,7,7,1,10,1,14,,7,7,1,22,9,121.514336,25.05411957
111,7,27,14,46,2,01大同區,大同區重慶北路2段與南京西路口,0,0,1,2,B12,8,1,5,50,4,2,1,5,4,5,7,2,1,1,4,5,2,12,1,77,3,10,3,4,7,9,1,8,1,2,,44,7,1,22,9,121.514336,25.05411957
111,7,27,15,25,2,08士林區,士林區天玉街與中山北路7段141巷口,0,0,1,1,B01,8,1,5,50,4,1,1,5,4,5,7,3,1,5,5,5,1,15,1,65,3,10,1,1,7,9,1,4,1,4,,6,6,1,22,9,121.5313285,25.1230734
111,7,27,15,25,2,08士林區,士林區天玉街與中山北路7段141巷口,0,0,1,2,C03,8,1,5,50,4,1,1,5,4,5,7,3,1,5,5,5,1,15,1,20,2,9,1,1,7,9,1,10,1,11,,14,6,1,22,9,121.5313285,25.1230734
111,7,27,15,25,2,08士林區,士林區延平北路7段112號,0,0,1,1,B03,8,1,5,40,14,9,1,5,4,5,7,4,4,5,5,5,2,17,1,38,3,10,1,1,7,1,1,8,1,1,,19,19,1,22,9,121.4944417,25.09727822
111,7,27,15,25,2,08士林區,士林區延平北路7段112號,0,0,1,2,C03,8,1,5,40,14,9,1,5,4,5,7,4,4,5,5,5,2,17,1,60,2,9,1,1,7,9,1,10,1,12,,4,19,1,22,9,121.4944417,25.09727822
111,7,27,15,42,2,05中正區,中正區忠孝西路1段8號車行地下道往東,0,0,1,1,B03,8,1,5,50,14,9,1,5,4,5,7,4,4,5,4,5,2,13,1,45,3,10,1,1,7,9,1,8,2,1,,16,16,1,22,9,121.5183233,25.04597098
111,7,27,15,42,2,05中正區,中正區忠孝西路1段8號車行地下道往東,0,0,1,2,B01,8,1,5,50,14,9,1,5,4,5,7,4,4,5,4,5,2,13,2,56,3,10,1,1,7,14,1,4,2,3,,44,16,1,22,9,121.5183233,25.04597098
111,7,27,15,42,2,05中正區,中正區忠孝西路1段8號車行地下道往東,0,0,1,3,B02,8,1,5,50,14,9,1,5,4,5,7,4,4,5,4,5,2,13,1,48,3,10,1,1,7,14,1,8,2,3,,44,16,1,22,9,121.5183233,25.04597098
111,7,27,15,42,2,05中正區,中正區忠孝西路1段8號車行地下道往東,0,0,1,4,H02,8,1,5,50,14,9,1,5,4,5,7,4,4,5,4,5,2,13,1,78,2,9,4,5,7,20,8,20,10,16,,67,16,1,22,9,121.5183233,25.04597098
111,7,27,16,24,2,03中山區,中山區長春路與林森北路口,0,0,2,1,B03,8,1,5,50,4,1,1,5,4,5,7,1,1,10,5,4,2,17,1,31,3,10,1,4,7,11,6,8,1,8,,10,10,1,22,9,121.5256424,25.05492543
111,7,27,16,24,2,03中山區,中山區長春路與林森北路口,0,0,2,3,B03,8,1,5,50,4,1,1,5,4,5,7,1,1,10,5,4,2,17,1,55,3,10,3,4,7,14,6,8,2,7,,38,10,1,22,9,121.5256424,25.05492543
111,7,27,16,24,2,03中山區,中山區長春路與林森北路口,0,0,2,4,H02,8,1,5,50,4,1,1,5,4,5,7,1,1,10,5,4,2,17,1,9,2,9,1,5,7,20,8,20,10,16,,67,10,1,22,9,121.5256424,25.05492543
111,7,27,16,24,2,03中山區,中山區長春路與林森北路口,0,0,2,2,C03,8,1,5,50,4,1,1,5,4,5,7,1,1,10,5,4,2,17,2,29,2,9,1,4,7,11,1,10,1,11,,44,10,1,22,9,121.5256424,25.05492543
111,7,27,16,51,2,05中正區,中正區汀州路3段184號,0,0,1,3,H02,8,1,5,50,14,9,1,5,4,5,7,2,1,5,4,5,2,16,2,32,4,11,1,1,7,20,8,20,10,16,,67,10,1,22,9,121.5349594,25.0130229
111,7,27,16,51,2,05中正區,中正區汀州路3段184號,0,0,1,1,B03,8,1,5,50,14,9,1,5,4,5,7,2,1,5,4,5,2,16,1,46,3,10,1,1,7,11,1,8,1,8,,10,10,1,22,9,121.5349594,25.0130229
111,7,27,16,51,2,05中正區,中正區汀州路3段184號,0,0,1,2,C03,8,1,5,50,14,9,1,5,4,5,7,2,1,5,4,5,2,16,2,32,2,9,1,1,7,9,1,10,1,12,,44,10,1,22,9,121.5349594,25.0130229
111,7,27,17,5,2,10文山區,文山區辛亥路6段(懷恩隧道標誌牌附近),0,0,2,1,C03,8,1,5,50,14,9,1,5,4,5,7,4,4,1,4,5,2,12,1,60,2,9,3,4,7,8,1,10,2,12,,44,44,1,22,9,121.5516161,24.9915144
111,7,27,17,5,2,10文山區,文山區辛亥路6段(懷恩隧道標誌牌附近),0,0,2,2,B03,8,1,5,50,14,9,1,5,4,5,7,4,4,1,4,5,2,12,1,66,3,10,3,4,7,9,1,8,2,4,,23,44,1,22,9,121.5516161,24.9915144
111,7,27,17,5,2,10文山區,文山區辛亥路6段(懷恩隧道標誌牌附近),0,0,2,3,H02,8,1,5,50,14,9,1,5,4,5,7,4,4,1,4,5,2,12,2,57,2,9,3,5,7,20,8,20,10,16,,67,44,1,22,9,121.5516161,24.9915144
111,7,27,17,21,2,02萬華區,萬華區開封街2段40號,0,0,1,1,C03,8,1,5,30,14,9,1,5,4,5,7,4,4,10,4,5,2,12,1,32,3,10,1,1,7,6,1,10,1,15,,9,9,1,22,9,121.5077303,25.04650446
111,7,27,17,21,2,02萬華區,萬華區開封街2段40號,0,0,1,2,C03,8,1,5,30,14,9,1,5,4,5,7,4,4,10,4,5,2,12,2,39,2,8,1,1,7,9,1,10,1,14,,13,9,1,22,9,121.5077303,25.04650446
111,7,27,18,0,2,03中山區,中山區民權東路2段與新生北路3段口,0,0,1,1,C04,8,1,5,50,4,1,1,5,4,5,7,1,1,10,4,5,2,17,2,74,2,9,1,4,7,8,3,18,2,11,,7,7,1,22,9,121.5279055,25.0626733
111,7,27,18,0,2,03中山區,中山區民權東路2段與新生北路3段口,0,0,1,3,C03,8,1,5,50,4,1,1,5,4,5,7,1,1,10,4,5,2,17,1,49,3,10,1,4,7,9,1,10,2,11,,23,7,1,22,9,121.5279055,25.0626733
111,7,27,18,0,2,03中山區,中山區民權東路2段與新生北路3段口,0,0,1,2,C03,8,1,5,50,4,1,1,5,4,5,7,1,1,10,4,5,2,17,1,45,3,10,2,4,7,9,1,10,2,13,,44,7,1,22,9,121.5279055,25.0626733
111,7,27,18,0,2,05中正區,中正區和平西路1段與重慶南路3段口,0,0,1,1,C03,8,1,5,50,5,1,1,5,4,5,7,1,1,2,4,5,2,16,1,57,2,9,1,1,7,9,1,10,2,12,,26,26,1,22,9,121.5161219,25.0272589
111,7,27,18,0,2,05中正區,中正區和平西路1段與重慶南路3段口,0,0,1,2,B03,8,1,5,50,5,1,1,5,4,5,7,1,1,2,4,5,2,16,1,42,3,10,1,1,7,5,1,8,2,4,,44,26,1,22,9,121.5161219,25.0272589
111,7,27,18,7,2,03中山區,中山區自強隧道出口往自強圓環,0,0,1,1,C03,8,3,5,50,16,17,1,5,4,5,7,4,4,1,3,5,1,16,2,46,2,9,1,1,7,5,1,10,2,14,,44,44,1,22,9,121.549547,25.0855446
111,7,27,18,7,2,03中山區,中山區自強隧道出口往自強圓環,0,0,1,2,B03,8,3,5,50,16,17,1,5,4,5,7,4,4,1,3,5,1,16,1,24,3,10,3,4,7,6,1,8,2,2,,26,44,1,22,9,121.549547,25.0855446
111,7,27,18,15,2,03中山區,中山區長安東路2段與建國北路1段口,0,0,1,1,B03,7,1,5,50,4,1,1,5,4,5,7,2,1,10,4,5,2,16,1,62,3,10,1,1,7,6,1,4,1,2,,9,9,1,22,9,121.5369753,25.04840877
111,7,27,18,15,2,03中山區,中山區長安東路2段與建國北路1段口,0,0,1,2,C03,7,1,5,50,4,1,1,5,4,5,7,2,1,10,4,5,2,16,1,17,2,9,1,1,7,9,2,18,1,11,,44,9,1,22,9,121.5369753,25.04840877
111,7,27,18,19,2,07信義區,信義區莊敬路239巷1弄與莊敬路239巷口,0,0,1,1,B01,8,1,5,30,4,1,1,5,4,5,7,4,4,9,4,5,2,12,1,20,3,10,1,1,7,1,1,4,1,8,,19,19,1,22,9,121.562641,25.0298291
111,7,27,18,19,2,07信義區,信義區莊敬路239巷1弄與莊敬路239巷口,0,0,1,2,C03,8,1,5,30,4,1,1,5,4,5,7,4,4,9,4,5,2,12,2,29,2,8,1,1,7,9,1,10,1,12,,14,19,1,22,9,121.562641,25.0298291
111,7,27,18,34,2,08士林區,士林區福德路與基河路251巷口,0,0,1,1,B01,8,1,5,30,4,1,1,5,4,5,7,4,4,10,5,5,2,15,1,56,3,10,1,1,7,9,1,4,1,5,,6,6,1,22,9,121.522606,25.09225935
111,7,27,18,34,2,08士林區,士林區福德路與基河路251巷口,0,0,1,2,C04,8,1,5,30,4,1,1,5,4,5,7,4,4,10,5,5,2,15,1,43,2,9,1,1,7,9,6,11,1,14,,23,6,1,22,9,121.522606,25.09225935
111,7,27,18,39,2,09北投區,北投區新民路074燈桿,0,0,1,1,C03,8,3,5,50,14,9,1,5,4,5,7,4,4,9,4,5,1,11,1,18,2,9,1,1,7,9,1,10,1,14,,4,4,1,22,9,121.5143786,25.14179455
111,7,27,18,39,2,09北投區,北投區新民路074燈桿,0,0,1,2,B03,8,3,5,50,14,9,1,5,4,5,7,4,4,9,4,5,1,11,1,56,3,10,1,1,7,9,1,8,1,7,,44,4,1,22,9,121.5143786,25.14179455
111,7,27,18,42,2,03中山區,中山區北安路與大直街口,0,0,1,1,C03,8,1,5,50,5,1,1,5,4,5,7,1,1,1,3,5,1,16,2,28,2,9,1,4,7,7,1,10,1,14,,7,7,1,22,9,121.5473955,25.07994486
111,7,27,18,42,2,03中山區,中山區北安路與大直街口,0,0,1,2,B03,8,1,5,50,5,1,1,5,4,5,7,1,1,1,3,5,1,16,1,48,3,10,3,4,7,8,1,10,1,5,,7,7,1,22,9,121.5473955,25.07994486
111,7,27,18,50,2,12內湖區,內湖區文德路66巷與文德路66巷11弄口,0,0,1,1,C03,8,3,5,30,4,1,1,5,4,5,7,4,4,10,5,5,2,15,1,42,3,10,1,1,7,9,1,10,2,14,,6,6,1,22,9,121.5814539,25.07794614
111,7,27,18,50,2,12內湖區,內湖區文德路66巷與文德路66巷11弄口,0,0,1,2,C03,8,3,5,30,4,1,1,5,4,5,7,4,4,10,5,5,2,15,1,52,2,9,1,1,7,9,1,10,2,11,,13,6,1,22,9,121.5814539,25.07794614
111,7,27,19,4,2,04大安區,大安區新生南路3段20號對面,0,0,1,1,A02,8,3,5,50,14,9,1,5,4,5,7,4,4,1,4,5,2,17,1,61,3,10,1,1,7,9,1,2,1,6,,44,44,1,22,9,121.5347114,25.02386206
111,7,27,19,4,2,04大安區,大安區新生南路3段20號對面,0,0,1,2,C03,8,3,5,50,14,9,1,5,4,5,7,4,4,1,4,5,2,17,1,75,2,9,1,1,7,7,1,10,1,14,,7,44,1,22,9,121.5347114,25.02386206
111,7,27,19,50,2,10文山區,文山區木新路3段與一壽街口,0,0,1,1,B03,8,1,5,50,3,2,1,5,4,5,7,1,1,5,4,5,2,16,1,50,3,10,1,1,7,11,1,8,1,6,,10,10,1,22,9,121.556365,24.98059608
111,7,27,19,50,2,10文山區,文山區木新路3段與一壽街口,0,0,1,2,C03,8,1,5,50,3,2,1,5,4,5,7,1,1,5,4,5,2,16,1,35,2,9,1,1,7,9,1,10,1,11,,44,10,1,22,9,121.556365,24.98059608
111,7,27,20,10,2,07信義區,信義區松高路20巷與松壽路口,0,0,1,1,B02,8,3,5,30,4,1,1,5,4,5,7,4,4,5,4,5,2,16,1,44,3,10,1,1,7,5,1,8,1,6,,6,6,1,22,9,121.567583,25.03583535
111,7,27,20,10,2,07信義區,信義區松高路20巷與松壽路口,0,0,1,2,C03,8,3,5,30,4,1,1,5,4,5,7,4,4,5,4,5,2,16,2,45,2,8,1,1,7,9,1,10,1,11,,43,6,1,22,9,121.567583,25.03583535