發生年度,發生月,發生日,發生時-Hours,發生分,處理別-編號,區序,肇事地點,死亡人數,2-30日死亡人數,受傷人數,當事人序號,車種,天候,光線,道路類別,速限-速度限制,道路型態,事故位置,路面狀況1,路面狀況2,路面狀況3,道路障礙1,道路障礙2,號誌1,號誌2,車道劃分-分向,車道劃分-分道1,車道劃分-分道2,車道劃分-分道3,事故類型及型態,性別,年齡,受傷程度,主要傷處,安全帽,行動電話,車輛用途,當事者行動狀態,駕駛資格情形,駕駛執照種類,飲酒情形,車輛撞擊部位1,車輛撞擊部位2,肇因碼-個別,肇因碼-主要,個人肇逃否,職業,旅次目的,座標-X,座標-Y
111,7,27,20,50,2,12內湖區,內湖區東湖路43巷與東湖路43巷26弄口,0,0,1,1,C03,8,3,5,30,4,2,1,5,4,5,7,4,4,10,5,5,2,9,2,23,3,10,1,1,7,9,1,10,2,11,,15,15,1,22,9,121.613657,25.06976393
111,7,27,20,50,2,12內湖區,內湖區東湖路43巷與東湖路43巷26弄口,0,0,1,2,H01,8,3,5,30,4,2,1,5,4,5,7,4,4,10,5,5,2,9,1,63,2,9,4,5,8,16,8,20,10,16,,67,15,1,22,9,121.613657,25.06976393
111,7,27,21,31,2,07信義區,信義區忠孝東路5段與松信路口,0,0,1,1,C03,8,3,5,50,4,1,1,5,4,5,7,2,1,5,4,5,2,12,2,50,3,10,1,1,7,5,4,11,1,14,,8,8,1,21,8,121.571935,25.0409625
111,7,27,21,31,2,07信義區,信義區忠孝東路5段與松信路口,0,0,1,2,C03,8,3,5,50,4,1,1,5,4,5,7,2,1,5,4,5,2,12,2,60,2,9,1,1,7,9,3,18,1,12,,44,8,1,21,8,121.571935,25.0409625
111,7,27,22,15,2,03中山區,中山區北安路662號,0,0,1,1,H02,7,3,5,50,14,9,1,5,4,5,7,4,4,1,4,5,2,9,1,66,2,9,4,5,7,19,8,20,10,16,,56,56,1,22,9,121.5493155,25.08371857
111,7,27,22,15,2,03中山區,中山區北安路662號,0,0,1,2,A02,7,3,5,50,14,9,1,5,4,5,7,4,4,1,4,5,2,9,1,55,3,10,3,4,7,14,1,2,1,15,,44,56,1,22,9,121.5493155,25.08371857
111,7,27,22,15,2,05中正區,中正區北平西路與重慶北路1段口,0,0,1,1,B12,8,3,5,50,4,2,1,5,4,5,7,1,1,10,5,5,2,9,2,57,3,10,1,1,7,5,1,8,1,4,,15,15,1,22,9,121.5133406,25.04823635
111,7,27,22,15,2,05中正區,中正區北平西路與重慶北路1段口,0,0,1,2,H01,8,3,5,50,4,2,1,5,4,5,7,1,1,10,5,5,2,9,2,21,2,8,4,5,8,16,8,20,10,16,,67,15,1,22,9,121.5133406,25.04823635
111,7,27,22,19,2,03中山區,中山區建國北路1段與長安東路2段口,0,0,1,1,C03,8,3,5,40,4,1,1,5,4,5,7,1,1,1,3,5,1,16,1,62,2,9,1,1,7,8,1,10,2,12,,7,7,1,22,9,121.5369946,25.0483507
111,7,27,22,19,2,03中山區,中山區建國北路1段與長安東路2段口,0,0,1,2,C03,8,3,5,40,4,1,1,5,4,5,7,1,1,1,3,5,1,16,1,26,3,10,1,1,7,9,1,10,2,14,,44,7,1,22,9,121.5369946,25.0483507
111,7,27,22,30,2,04大安區,大安區安和路2段70號,0,0,1,2,H02,7,3,5,50,14,9,1,5,4,5,7,1,1,8,3,4,1,9,1,57,3,10,1,1,7,19,8,20,10,16,,55,42,1,22,9,121.5519625,25.03014
111,7,27,22,30,2,04大安區,大安區安和路2段70號,0,0,1,3,C03,7,3,5,50,14,9,1,5,4,5,7,1,1,8,3,4,1,9,2,30,2,8,1,1,7,9,1,10,1,11,,44,42,1,22,9,121.5519625,25.03014
111,7,27,22,30,2,04大安區,大安區安和路2段70號,0,0,1,1,B03,7,3,5,50,14,9,1,5,4,5,7,1,1,8,3,4,1,9,1,51,3,10,1,1,7,9,1,8,1,2,,42,42,1,22,9,121.5519625,25.03014
111,7,27,23,7,2,05中正區,中正區鄭州路與承德路1段口,0,0,1,1,B01,8,3,5,50,5,1,1,5,4,5,7,2,1,1,4,5,2,15,1,62,3,10,1,4,7,9,1,4,1,2,,25,25,1,10,4,121.5162818,25.0486392
111,7,27,23,7,2,05中正區,中正區鄭州路與承德路1段口,0,0,1,2,C03,8,3,5,50,5,1,1,5,4,5,7,2,1,1,4,5,2,15,1,20,2,7,1,1,7,9,1,10,1,11,,44,25,1,18,5,121.5162818,25.0486392
111,7,27,23,24,2,09北投區,北投區知行路360號,0,0,1,1,B03,8,3,5,50,11,9,1,5,4,5,1,4,4,9,4,5,2,16,1,36,3,10,1,1,7,9,1,8,2,8,,42,42,1,22,9,121.4634973,25.11716219
111,7,27,23,24,2,09北投區,北投區知行路360號,0,0,1,2,C03,8,3,5,50,11,9,1,5,4,5,1,4,4,9,4,5,2,16,2,59,2,9,1,1,7,9,1,10,2,14,,44,42,1,22,9,121.4634973,25.11716219
111,7,27,23,48,2,10文山區,文山區木柵路5段交叉口,0,0,2,1,C01,8,3,5,50,14,9,1,5,4,5,7,2,1,5,2,5,2,16,2,31,2,9,1,1,7,5,1,9,2,12,,8,8,1,22,9,121.5942382,24.9988675
111,7,27,23,48,2,10文山區,文山區木柵路5段交叉口,0,0,2,2,C03,8,3,5,50,14,9,1,5,4,5,7,2,1,5,2,5,2,16,1,18,2,9,1,1,7,9,1,10,2,11,,23,8,1,22,9,121.5942382,24.9988675
111,7,27,23,55,2,05中正區,中正區羅斯福路1段與林森南路口,0,0,2,1,C03,8,3,5,30,5,1,1,5,4,5,7,1,1,10,4,4,2,12,2,22,2,9,1,1,7,5,1,10,2,14,,8,8,1,22,9,121.5181144,25.0329072
111,7,27,23,55,2,05中正區,中正區羅斯福路1段與林森南路口,0,0,2,2,C03,8,3,5,30,5,1,1,5,4,5,7,1,1,10,4,4,2,12,1,19,2,9,1,1,7,9,1,10,2,12,,13,8,1,22,9,121.5181144,25.0329072
111,7,27,23,55,2,05中正區,中正區羅斯福路1段與林森南路口,0,0,2,3,H02,8,3,5,30,5,1,1,5,4,5,7,1,1,10,4,4,2,12,1,18,4,11,4,5,7,20,8,20,10,16,,67,8,1,22,9,121.5181144,25.0329072
111,7,28,0,19,2,10文山區,文山區新光路2段32號對面,0,0,1,1,C03,8,3,5,50,14,8,1,5,4,5,7,4,4,4,3,4,2,13,2,19,2,9,1,1,7,8,3,18,2,11,,23,23,1,22,9,121.5790766,24.99822696
111,7,28,0,19,2,10文山區,文山區新光路2段32號對面,0,0,1,2,B03,8,3,5,50,14,8,1,5,4,5,7,4,4,4,3,4,2,13,1,29,3,10,1,1,7,13,1,8,2,7,,44,23,1,22,9,121.5790766,24.99822696
111,7,28,1,16,2,05中正區,中正區和平西路1段與廈門街口,0,0,1,1,C04,8,3,5,50,4,1,1,5,4,5,7,2,1,1,4,5,2,16,1,26,2,9,1,1,7,5,1,10,1,12,,8,8,1,22,9,121.5179978,25.0268023
111,7,28,1,16,2,05中正區,中正區和平西路1段與廈門街口,0,0,1,2,B01,8,3,5,50,4,1,1,5,4,5,7,2,1,1,4,5,2,16,1,65,3,10,1,1,7,9,1,4,1,1,,44,8,1,22,9,121.5179978,25.0268023
111,7,28,5,27,2,02萬華區,萬華區萬大路486巷32號,0,0,1,1,B12,8,1,5,30,14,9,1,5,4,5,5,4,4,10,5,5,2,9,1,58,3,10,1,1,7,2,1,8,2,6,,12,12,1,22,9,121.4961675,25.02038287
111,7,28,5,27,2,02萬華區,萬華區萬大路486巷32號,0,0,1,2,H01,8,1,5,30,14,9,1,5,4,5,5,4,4,10,5,5,2,9,2,94,2,9,4,5,8,16,8,20,10,16,,67,12,1,22,9,121.4961675,25.02038287
111,7,28,6,34,2,01大同區,大同區昌吉街與大龍街口,0,0,2,1,C03,8,1,5,50,4,1,1,5,4,5,7,2,1,4,4,5,2,16,2,66,2,9,3,4,7,5,1,10,1,13,,26,26,1,22,9,121.5160643,25.06591669
111,7,28,6,34,2,01大同區,大同區昌吉街與大龍街口,0,0,2,2,C03,8,1,5,50,4,1,1,5,4,5,7,2,1,4,4,5,2,16,1,27,2,7,3,4,7,9,1,10,1,11,,4,26,1,22,9,121.5160643,25.06591669
111,7,28,7,30,2,02萬華區,萬華區桂林路64號,0,0,2,1,C03,8,1,5,50,14,9,1,5,4,5,7,2,1,8,3,5,1,16,1,30,2,1,3,4,7,9,1,10,1,11,,44,44,1,22,9,121.5027307,25.0382207
111,7,28,7,30,2,02萬華區,萬華區桂林路64號,0,0,2,2,F01,8,1,5,50,14,9,1,5,4,5,7,2,1,8,3,5,1,16,1,82,2,5,1,1,7,11,8,20,11,16,,44,44,1,22,9,121.5027307,25.0382207
111,7,28,7,30,2,07信義區,信義區基隆路2段141號,0,0,2,1,C03,8,1,5,50,14,9,1,5,4,5,7,4,4,1,4,5,1,17,1,56,2,9,1,1,7,9,1,10,1,14,,42,42,1,22,9,121.5559093,25.0272713
111,7,28,7,30,2,07信義區,信義區基隆路2段141號,0,0,2,2,C02,8,1,5,50,14,9,1,5,4,5,7,4,4,1,4,5,1,17,1,53,2,7,1,1,7,9,1,9,1,12,,44,42,1,22,9,121.5559093,25.0272713
111,7,28,7,30,2,07信義區,信義區基隆路2段141號,0,0,2,3,C03,8,1,5,50,14,9,1,5,4,5,7,4,4,1,4,5,1,17,2,41,3,10,1,1,7,9,1,10,1,13,,44,42,1,22,9,121.5559093,25.0272713
111,7,28,7,31,2,02萬華區,萬華區忠孝西路2段與忠孝西路2段16巷口,0,0,1,1,B11,8,1,5,50,3,1,1,5,4,5,7,4,4,10,3,5,2,16,2,44,3,10,3,4,7,6,1,8,1,2,,17,17,1,22,9,121.5086006,25.04826979
111,7,28,7,31,2,02萬華區,萬華區忠孝西路2段與忠孝西路2段16巷口,0,0,1,2,C03,8,1,5,50,3,1,1,5,4,5,7,4,4,10,3,5,2,16,2,20,2,9,1,4,7,6,1,10,1,14,,17,17,1,22,9,121.5086006,25.04826979
111,7,28,7,55,2,03中山區,中山區民族東路與德惠街167巷口,0,0,1,1,C03,8,1,5,50,3,1,1,5,4,5,7,4,4,1,5,5,1,12,1,19,3,10,3,4,7,9,1,10,1,11,,16,16,1,22,9,121.5319422,25.06819802
111,7,28,7,55,2,03中山區,中山區民族東路與德惠街167巷口,0,0,1,2,C03,8,1,5,50,3,1,1,5,4,5,7,4,4,1,5,5,1,12,2,22,2,8,3,4,7,9,1,10,1,13,,44,16,1,22,9,121.5319422,25.06819802
111,7,28,8,4,2,02萬華區,萬華區萬大路與萬大路322巷口,0,0,1,1,B12,8,1,5,30,4,2,1,5,4,5,7,2,1,3,4,5,2,12,4,,4,11,3,4,7,15,7,19,11,15,,43,43,2,22,9,121.5001911,25.0242253
111,7,28,8,4,2,02萬華區,萬華區萬大路與萬大路322巷口,0,0,1,2,C03,8,1,5,30,4,2,1,5,4,5,7,2,1,3,4,5,2,12,2,47,2,6,1,1,7,9,4,11,1,14,,44,43,1,22,9,121.5001911,25.0242253
111,7,28,8,10,2,10文山區,文山區興隆路2段46號旁1A19號燈桿前,0,0,1,1,B03,8,1,5,50,14,9,1,5,4,5,7,4,4,1,4,5,2,12,2,45,3,10,1,1,7,1,1,8,2,4,,19,19,1,22,9,121.5463296,24.99899368
111,7,28,8,10,2,10文山區,文山區興隆路2段46號旁1A19號燈桿前,0,0,1,2,C03,8,1,5,50,14,9,1,5,4,5,7,4,4,1,4,5,2,12,1,22,2,9,1,1,7,9,1,10,2,11,,23,19,1,22,9,121.5463296,24.99899368
111,7,28,8,35,2,08士林區,士林區重陽橋機車道(往士林),0,0,1,1,C03,8,1,5,40,14,11,1,5,4,5,7,4,4,10,4,5,2,17,2,30,3,10,1,1,7,9,1,10,1,11,,16,16,1,21,8,121.5075882,25.08609956
111,7,28,8,35,2,08士林區,士林區重陽橋機車道(往士林),0,0,1,2,C03,8,1,5,40,14,11,1,5,4,5,7,4,4,10,4,5,2,17,2,22,2,8,1,1,7,12,1,10,1,13,,44,16,1,21,8,121.5075882,25.08609956
111,7,28,8,35,2,08士林區,士林區重陽橋機車道(往士林),0,0,1,3,C03,8,1,5,40,14,11,1,5,4,5,7,4,4,10,4,5,2,17,1,55,3,10,1,1,7,9,1,10,1,11,,44,16,1,21,8,121.5075882,25.08609956
111,7,28,8,40,2,03中山區,中山區民族東路與新生北路3段口,0,0,2,1,C03,8,1,5,50,4,1,1,5,4,5,7,2,1,5,2,5,2,13,1,31,2,9,1,1,7,9,1,10,1,13,,16,16,1,5,1,121.5278231,25.0683968
111,7,28,8,40,2,03中山區,中山區民族東路與新生北路3段口,0,0,2,2,C03,8,1,5,50,4,1,1,5,4,5,7,2,1,5,2,5,2,13,1,49,2,9,1,1,7,14,1,10,1,13,,44,16,1,5,1,121.5278231,25.0683968
111,7,28,8,40,2,12內湖區,內湖區舊宗路2段181巷與瑞湖街口,0,0,3,1,C03,8,1,5,50,3,1,1,5,4,5,7,4,4,9,4,5,2,16,1,25,2,9,1,1,7,5,1,10,2,12,,8,8,1,22,9,121.5762074,25.07196139
111,7,28,8,40,2,12內湖區,內湖區舊宗路2段181巷與瑞湖街口,0,0,3,2,C03,8,1,5,50,3,1,1,5,4,5,7,4,4,9,4,5,2,16,2,40,2,9,1,1,7,9,1,10,2,11,,14,8,1,22,9,121.5762074,25.07196139
111,7,28,8,40,2,12內湖區,內湖區舊宗路2段181巷與瑞湖街口,0,0,3,3,H02,8,1,5,50,3,1,1,5,4,5,7,4,4,9,4,5,2,16,2,28,2,9,1,5,7,21,8,20,10,16,,67,8,1,22,9,121.5762074,25.07196139
111,7,28,8,55,2,04大安區,大安區和平東路2段14號,0,0,2,1,C03,8,1,5,40,14,8,1,5,4,5,7,4,4,1,4,4,2,12,2,49,2,9,3,4,7,9,1,10,1,12,,17,17,1,22,9,121.5356192,25.02577212
111,7,28,8,55,2,04大安區,大安區和平東路2段14號,0,0,2,2,C03,8,1,5,40,14,8,1,5,4,5,7,4,4,1,4,4,2,12,1,45,2,7,3,4,7,9,1,10,1,14,,17,17,1,22,9,121.5356192,25.02577212
111,7,28,8,59,2,02萬華區,萬華區西園路2段198-2號,0,0,1,1,B03,8,1,5,0,14,9,1,5,4,5,7,4,4,8,3,5,2,16,2,60,3,10,3,4,7,7,1,8,1,4,,6,6,1,22,9,121.4956768,25.02892462
111,7,28,8,59,2,02萬華區,萬華區西園路2段198-2號,0,0,1,2,C03,8,1,5,0,14,9,1,5,4,5,7,4,4,8,3,5,2,16,1,21,2,9,1,4,7,9,1,10,1,12,,13,6,1,22,9,121.4956768,25.02892462
111,7,28,8,59,2,03中山區,中山區民生西路36號,0,0,2,1,C03,8,1,5,50,14,9,1,5,4,5,7,4,4,10,4,5,2,12,1,72,2,9,1,1,7,7,1,10,1,14,,7,7,1,22,9,121.5215273,25.0576312
111,7,28,8,59,2,03中山區,中山區民生西路36號,0,0,2,2,B03,8,1,5,50,14,9,1,5,4,5,7,4,4,10,4,5,2,12,1,29,3,10,1,1,7,9,1,8,1,2,,44,7,1,22,9,121.5215273,25.0576312
111,7,28,8,59,2,03中山區,中山區民生西路36號,0,0,2,3,H02,8,1,5,50,14,9,1,5,4,5,7,4,4,10,4,5,2,12,2,73,2,9,4,5,7,21,8,20,10,15,,67,7,1,22,9,121.5215273,25.0576312
111,7,28,9,8,2,01大同區,大同區民權西路與蘭州街口,0,0,2,1,C03,8,1,5,50,4,1,1,5,4,5,7,2,1,1,4,5,2,17,1,53,2,9,1,4,7,5,1,10,1,13,,8,8,1,22,9,121.5148579,25.0630642
111,7,28,9,8,2,01大同區,大同區民權西路與蘭州街口,0,0,2,2,C03,8,1,5,50,4,1,1,5,4,5,7,2,1,1,4,5,2,17,1,24,2,9,1,4,7,9,1,9,1,11,,13,8,1,22,9,121.5148579,25.0630642
111,7,28,9,55,2,10文山區,文山區木新路3段與木新路3段215巷口,0,0,2,3,H02,8,1,5,50,3,1,1,5,4,5,7,4,4,5,2,5,2,11,2,20,2,8,1,4,7,20,8,20,10,16,,67,10,1,22,9,121.5595312,24.98143396
111,7,28,9,55,2,10文山區,文山區木新路3段與木新路3段215巷口,0,0,2,1,B03,8,1,5,50,3,1,1,5,4,5,7,4,4,5,2,5,2,11,1,67,3,10,3,4,7,11,1,8,2,2,,10,10,1,22,9,121.5595312,24.98143396
111,7,28,9,55,2,10文山區,文山區木新路3段與木新路3段215巷口,0,0,2,2,C03,8,1,5,50,3,1,1,5,4,5,7,4,4,5,2,5,2,11,1,20,2,9,3,4,7,9,1,10,2,11,,14,10,1,22,9,121.5595312,24.98143396
111,7,28,10,4,2,04大安區,大安區忠孝東路3段246號,0,0,2,1,B03,8,1,5,50,14,9,1,5,4,5,7,2,1,9,4,5,2,16,1,50,3,10,1,1,7,9,1,8,2,7,,44,44,1,22,9,121.541135,25.04167979
111,7,28,10,4,2,04大安區,大安區忠孝東路3段246號,0,0,2,2,C03,8,1,5,50,14,9,1,5,4,5,7,2,1,9,4,5,2,16,2,31,2,9,1,1,7,9,1,9,2,12,,16,44,1,22,9,121.541135,25.04167979
111,7,28,10,4,2,04大安區,大安區忠孝東路3段246號,0,0,2,3,C03,8,1,5,50,14,9,1,5,4,5,7,2,1,9,4,5,2,16,2,25,2,9,1,1,7,9,1,10,2,12,,44,44,1,22,9,121.541135,25.04167979
111,7,28,10,4,2,04大安區,大安區忠孝東路3段246號,0,0,2,4,B03,8,1,5,50,14,9,1,5,4,5,7,2,1,9,4,5,2,16,4,,4,11,3,4,7,1,7,19,11,15,,19,44,2,22,9,121.541135,25.04167979
111,7,28,10,30,2,01大同區,大同區大龍街78號,0,0,1,1,H01,8,1,5,0,14,9,1,5,4,5,7,4,4,9,4,5,2,3,1,55,3,10,4,5,8,16,8,20,10,16,,51,51,1,22,9,121.5160697,25.06569078
111,7,28,10,30,2,01大同區,大同區大龍街78號,0,0,1,2,C04,8,1,5,0,14,9,1,5,4,5,7,4,4,9,4,5,2,3,2,31,2,9,1,1,7,9,1,10,1,11,,23,51,1,22,9,121.5160697,25.06569078
111,7,28,10,30,2,04大安區,大安區敦化南路2段與安和路2段171巷口,0,0,1,1,B02,8,1,5,50,4,1,1,5,4,5,7,2,1,5,4,5,2,16,1,42,3,10,1,1,7,5,1,8,1,5,,8,8,1,22,9,121.5487534,25.0281313
111,7,28,10,30,2,04大安區,大安區敦化南路2段與安和路2段171巷口,0,0,1,2,C03,8,1,5,50,4,1,1,5,4,5,7,2,1,5,4,5,2,16,2,48,2,9,1,1,7,9,1,10,1,11,,44,8,1,22,9,121.5487534,25.0281313
111,7,28,10,38,2,02萬華區,萬華區寶興街與民和街口,0,0,1,1,C03,8,1,5,50,3,1,1,5,4,5,7,4,4,8,3,5,1,17,1,22,3,10,1,1,7,6,1,10,1,13,,9,9,1,22,9,121.4946601,25.02536091
111,7,28,10,38,2,02萬華區,萬華區寶興街與民和街口,0,0,1,2,C03,8,1,5,50,3,1,1,5,4,5,7,4,4,8,3,5,1,17,2,72,2,7,1,1,7,9,1,10,1,11,,44,9,1,22,9,121.4946601,25.02536091
111,7,28,10,40,2,05中正區,中正區汀州路3段與師大路口,0,0,1,1,B03,8,1,5,50,5,1,1,5,4,5,7,1,1,1,4,4,2,15,1,44,3,10,1,1,7,9,1,8,2,2,,25,25,1,22,9,121.5256637,25.02083077
111,7,28,10,40,2,05中正區,中正區汀州路3段與師大路口,0,0,1,2,B02,8,1,5,50,5,1,1,5,4,5,7,1,1,1,4,4,2,15,1,55,2,9,1,1,7,9,6,8,2,1,,23,25,1,22,9,121.5256637,25.02083077
111,7,28,10,40,2,05中正區,中正區汀州路3段與師大路口,0,0,1,3,H02,8,1,5,50,5,1,1,5,4,5,7,1,1,1,4,4,2,15,2,66,4,11,4,5,7,17,8,20,10,16,,67,25,1,22,9,121.5256637,25.02083077
111,7,28,10,53,2,09北投區,北投區西安街1段357號與石牌路1段166巷43弄口,0,0,2,1,F01,8,1,5,50,3,2,1,5,4,5,7,4,4,9,4,5,1,16,1,78,2,9,1,1,7,11,8,20,2,16,,11,23,1,22,9,121.5154444,25.11418995
111,7,28,10,53,2,09北投區,北投區西安街1段357號與石牌路1段166巷43弄口,0,0,2,2,C03,8,1,5,50,3,2,1,5,4,5,7,4,4,9,4,5,1,16,2,18,2,9,1,1,7,9,1,10,2,11,,23,23,1,22,9,121.5154444,25.11418995
111,7,28,10,57,2,03中山區,中山區民生西路與民生西路3巷口,0,0,1,1,B01,8,1,5,50,3,1,1,5,4,5,7,4,4,5,4,5,2,17,1,34,3,10,1,1,7,5,1,4,1,5,,6,6,1,22,9,121.5218692,25.0578696
111,7,28,10,57,2,03中山區,中山區民生西路與民生西路3巷口,0,0,1,2,C03,8,1,5,50,3,1,1,5,4,5,7,4,4,5,4,5,2,17,2,35,2,9,1,1,7,9,1,9,1,11,,44,6,1,22,9,121.5218692,25.0578696
111,7,28,11,5,2,07信義區,信義區林口街23號,0,0,1,1,B03,8,1,5,40,14,7,1,5,4,5,7,4,4,10,4,4,2,17,1,58,3,10,1,1,7,9,1,8,1,2,,23,23,1,22,9,121.5792451,25.03724927
111,7,28,11,5,2,07信義區,信義區林口街23號,0,0,1,2,F01,8,1,5,40,14,7,1,5,4,5,7,4,4,10,4,4,2,17,2,63,2,9,1,1,7,9,8,20,1,16,,42,23,1,22,9,121.5792451,25.03724927
111,7,28,11,15,2,09北投區,北投區大度路1段153號,0,0,1,1,C03,8,1,5,50,14,12,5,5,4,5,7,4,4,1,5,5,2,18,1,19,2,9,1,4,7,11,1,10,1,12,,44,44,1,22,9,121.4885274,25.12164352
111,7,28,11,15,2,09北投區,北投區大度路1段153號,0,0,1,2,,8,1,5,50,14,12,5,5,4,5,7,4,4,1,5,5,2,18,3,,,,,,,,,,,,,67,44,1,,,121.4885274,25.12164352
111,7,28,11,30,2,11南港區,南港區忠孝東路6段444號,0,0,1,2,C03,8,1,5,0,14,9,1,5,4,5,7,4,4,1,4,5,2,17,1,23,2,9,3,4,7,9,1,10,9,14,,44,42,1,22,9,121.5937566,25.05033858
111,7,28,11,30,2,11南港區,南港區忠孝東路6段444號,0,0,1,1,A12,8,1,5,0,14,9,1,5,4,5,7,4,4,1,4,5,2,17,1,50,3,10,3,4,7,9,1,3,9,15,,42,42,1,22,9,121.5937566,25.05033858
111,7,28,11,30,2,11南港區,南港區忠孝東路6段444號,0,0,1,3,A12,8,1,5,0,14,9,1,5,4,5,7,4,4,1,4,5,2,17,1,49,3,10,3,4,7,9,1,2,9,15,,30,42,1,22,9,121.5937566,25.05033858
111,7,28,11,35,2,10文山區,文山區木柵路2段與木柵路2段204巷口口,0,0,1,1,B03,8,1,5,50,3,1,1,5,4,5,7,4,4,5,5,5,2,16,1,61,3,10,3,4,7,5,1,8,2,4,,8,8,1,22,9,121.563916,24.98873294
111,7,28,11,35,2,10文山區,文山區木柵路2段與木柵路2段204巷口口,0,0,1,2,C03,8,1,5,50,3,1,1,5,4,5,7,4,4,5,5,5,2,16,2,62,2,9,1,1,7,9,1,10,2,11,,23,8,1,22,9,121.563916,24.98873294
111,7,28,12,27,2,02萬華區,萬華區洛陽街與中華路1段口,0,0,1,1,C03,8,1,5,30,14,9,1,5,4,5,7,2,1,10,4,5,1,17,1,67,2,8,3,4,7,10,1,10,1,14,,7,7,1,22,9,121.5094439,25.04708187
111,7,28,12,27,2,02萬華區,萬華區洛陽街與中華路1段口,0,0,1,2,B02,8,1,5,30,14,9,1,5,4,5,7,2,1,10,4,5,1,17,1,37,3,10,3,4,7,9,1,8,1,6,,13,7,1,22,9,121.5094439,25.04708187
111,7,28,12,29,2,08士林區,士林區志成街22巷11號,0,0,1,1,B03,8,1,5,30,14,9,1,5,4,5,7,4,4,10,5,5,1,14,1,61,3,10,1,1,7,2,1,8,1,7,,12,12,1,22,9,121.5309167,25.09698213
111,7,28,12,29,2,08士林區,士林區志成街22巷11號,0,0,1,2,C03,8,1,5,30,14,9,1,5,4,5,7,4,4,10,5,5,1,14,1,29,2,8,1,1,7,14,1,10,1,11,,44,12,1,22,9,121.5309167,25.09698213
111,7,28,12,38,2,12內湖區,內湖區潭美街與安康路324巷口,0,0,1,1,B03,8,1,5,50,3,1,1,5,4,5,7,4,4,10,4,5,2,16,1,63,3,10,1,1,7,6,1,8,1,5,,6,6,1,22,9,121.6098491,25.0634501
111,7,28,12,38,2,12內湖區,內湖區潭美街與安康路324巷口,0,0,1,2,C03,8,1,5,50,3,1,1,5,4,5,7,4,4,10,4,5,2,16,1,20,2,9,1,1,7,9,3,18,1,14,,23,6,1,22,9,121.6098491,25.0634501
111,7,28,12,38,2,12內湖區,內湖區潭美街與安康路324巷口,0,0,1,3,A12,8,1,5,50,3,1,1,5,4,5,7,4,4,10,4,5,2,16,1,51,3,10,1,1,7,14,1,5,11,15,,38,6,1,22,9,121.6098491,25.0634501
111,7,28,12,46,2,03中山區,中山區中山北路3段181號,0,0,2,1,C03,8,1,5,50,14,9,1,5,4,5,7,4,4,1,4,5,2,12,1,30,2,9,3,4,7,9,1,10,2,12,,23,23,1,22,9,121.5239635,25.07207478
111,7,28,12,46,2,03中山區,中山區中山北路3段181號,0,0,2,2,F02,8,1,5,50,14,9,1,5,4,5,7,4,4,1,4,5,2,12,2,67,2,9,3,4,7,9,8,20,11,16,,44,23,1,22,9,121.5239635,25.07207478
111,7,28,12,46,2,05中正區,中正區牯嶺街84巷與牯嶺街口,0,0,2,1,C03,8,1,5,40,4,1,1,5,4,5,7,4,4,10,5,5,2,15,1,52,2,9,1,1,7,9,1,10,1,14,,6,6,1,22,9,121.5189641,25.02599334
111,7,28,12,46,2,05中正區,中正區牯嶺街84巷與牯嶺街口,0,0,2,2,C03,8,1,5,40,4,1,1,5,4,5,7,4,4,10,5,5,2,15,1,35,2,9,1,1,7,9,1,10,1,11,,14,6,1,22,9,121.5189641,25.02599334
111,7,28,12,49,2,07信義區,信義區忠孝東路5段423巷3弄與忠孝東路5段423巷口口,0,0,2,1,C03,8,1,5,30,4,1,1,5,4,5,7,4,4,9,4,5,2,15,2,51,2,9,1,1,7,9,1,10,2,11,,6,6,1,22,9,121.5753199,25.04139085
111,7,28,12,49,2,07信義區,信義區忠孝東路5段423巷3弄與忠孝東路5段423巷口口,0,0,2,2,B01,8,1,5,30,4,1,1,5,4,5,7,4,4,9,4,5,2,15,1,48,3,10,1,1,7,9,1,5,2,2,,17,6,1,22,9,121.5753199,25.04139085
111,7,28,12,49,2,07信義區,信義區忠孝東路5段423巷3弄與忠孝東路5段423巷口口,0,0,2,3,H02,8,1,5,30,4,1,1,5,4,5,7,4,4,9,4,5,2,15,2,10,2,9,1,1,7,19,8,20,10,16,,67,6,1,22,9,121.5753199,25.04139085
111,7,28,12,50,2,12內湖區,內湖區成功路2段南往北,0,0,1,1,B12,8,1,5,50,14,9,1,5,4,5,7,4,4,1,4,5,2,12,1,36,3,10,1,1,7,7,1,8,1,4,,7,7,1,22,9,121.5908804,25.062156
111,7,28,12,50,2,12內湖區,內湖區成功路2段南往北,0,0,1,2,C03,8,1,5,50,14,9,1,5,4,5,7,4,4,1,4,5,2,12,1,37,2,9,1,1,7,9,1,10,1,12,,17,7,1,22,9,121.5908804,25.062156
111,7,28,13,0,2,02萬華區,萬華區內江街89號,0,0,1,1,C03,8,1,5,0,14,20,1,5,4,5,7,4,4,8,3,5,1,17,1,21,3,10,1,1,7,1,1,10,1,11,,19,19,1,22,9,121.5035445,25.04164429
111,7,28,13,0,2,02萬華區,萬華區內江街89號,0,0,1,2,F01,8,1,5,0,14,20,1,5,4,5,7,4,4,8,3,5,1,17,2,54,2,8,1,1,7,9,8,20,1,16,,4,19,1,22,9,121.5035445,25.04164429
111,7,28,13,0,2,10文山區,文山區光輝路與光輝路21巷口,0,0,1,1,C03,8,1,5,30,4,1,1,5,4,5,7,4,4,5,2,5,2,15,2,47,2,8,1,4,7,9,1,10,1,11,,6,6,1,22,9,121.5549087,24.9858189