發生年度,發生月,發生日,發生時-Hours,發生分,處理別-編號,區序,肇事地點,死亡人數,2-30日死亡人數,受傷人數,當事人序號,車種,天候,光線,道路類別,速限-速度限制,道路型態,事故位置,路面狀況1,路面狀況2,路面狀況3,道路障礙1,道路障礙2,號誌1,號誌2,車道劃分-分向,車道劃分-分道1,車道劃分-分道2,車道劃分-分道3,事故類型及型態,性別,年齡,受傷程度,主要傷處,安全帽,行動電話,車輛用途,當事者行動狀態,駕駛資格情形,駕駛執照種類,飲酒情形,車輛撞擊部位1,車輛撞擊部位2,肇因碼-個別,肇因碼-主要,個人肇逃否,職業,旅次目的,座標-X,座標-Y
111,7,28,13,0,2,10文山區,文山區光輝路與光輝路21巷口,0,0,1,2,B01,8,1,5,30,4,1,1,5,4,5,7,4,4,5,2,5,2,15,1,57,3,10,3,4,7,9,1,4,1,8,,23,6,1,22,9,121.5549087,24.9858189
111,7,28,13,25,2,10文山區,文山區興隆路4段與忠順街2段口,0,0,1,1,B03,8,1,5,50,4,1,1,5,4,5,7,1,1,1,4,5,2,17,1,43,3,10,1,1,7,5,1,8,1,15,,6,6,1,22,9,121.5617378,24.9845212
111,7,28,13,25,2,10文山區,文山區興隆路4段與忠順街2段口,0,0,1,2,C03,8,1,5,50,4,1,1,5,4,5,7,1,1,1,4,5,2,17,1,31,2,9,1,1,7,9,1,10,1,11,,42,6,1,22,9,121.5617378,24.9845212
111,7,28,13,30,2,04大安區,大安區忠孝東路3段與安東街口,0,0,2,1,B03,8,1,5,50,3,1,1,5,4,5,7,4,4,9,4,5,2,16,2,28,3,10,1,1,7,6,1,8,1,2,,9,9,1,22,9,121.5430482,25.0416914
111,7,28,13,30,2,04大安區,大安區忠孝東路3段與安東街口,0,0,2,2,C03,8,1,5,50,3,1,1,5,4,5,7,4,4,9,4,5,2,16,1,18,2,8,1,1,7,9,1,10,1,14,,44,9,1,22,9,121.5430482,25.0416914
111,7,28,13,30,2,04大安區,大安區忠孝東路3段與安東街口,0,0,2,3,H02,8,1,5,50,3,1,1,5,4,5,7,4,4,9,4,5,2,16,2,16,2,8,4,1,7,20,8,20,10,16,,67,9,1,22,9,121.5430482,25.0416914
111,7,28,13,30,2,04大安區,大安區忠孝東路3段與安東街口,0,0,2,4,B03,8,1,5,50,3,1,1,5,4,5,7,4,4,9,4,5,2,16,1,43,3,10,3,4,7,14,1,8,11,15,,38,9,2,22,9,121.5430482,25.0416914
111,7,28,13,39,2,02萬華區,萬華區昆明街34號,0,0,2,1,C03,8,3,5,50,14,9,1,5,4,5,7,4,4,10,5,5,2,12,1,18,2,8,1,1,7,7,1,10,1,14,,7,7,1,22,9,121.5059303,25.04701545
111,7,28,13,39,2,02萬華區,萬華區昆明街34號,0,0,2,2,C03,8,3,5,50,14,9,1,5,4,5,7,4,4,10,5,5,2,12,2,58,2,8,1,3,7,9,1,10,1,12,,44,7,1,22,9,121.5059303,25.04701545
111,7,28,13,49,2,03中山區,中山區建國北路2段與錦州街口,0,0,1,1,C03,8,1,5,50,14,9,1,5,4,5,7,2,1,1,4,4,2,12,1,26,3,10,1,1,7,6,1,10,1,14,,9,9,1,22,9,121.5372388,25.06026588
111,7,28,13,49,2,03中山區,中山區建國北路2段與錦州街口,0,0,1,2,C03,8,1,5,50,14,9,1,5,4,5,7,2,1,1,4,4,2,12,1,29,2,8,1,1,7,9,1,10,1,14,,44,9,1,22,9,121.5372388,25.06026588
111,7,28,14,23,2,10文山區,文山區興隆路4段134號,0,0,1,1,B03,8,1,5,50,14,9,1,5,4,5,7,1,1,3,5,5,2,13,2,47,2,9,1,4,7,9,1,8,2,1,,43,43,1,22,9,121.5624465,24.98230016
111,7,28,14,23,2,10文山區,文山區興隆路4段134號,0,0,1,2,B03,8,1,5,50,14,9,1,5,4,5,7,1,1,3,5,5,2,13,1,47,3,10,1,4,7,9,1,8,2,3,,43,43,1,22,9,121.5624465,24.98230016
111,7,28,14,50,2,05中正區,中正區重慶南路2段與南海路口,0,0,1,1,C03,8,1,5,30,4,1,1,5,4,5,7,1,1,10,4,5,2,12,1,46,3,10,1,1,7,5,1,10,1,14,,44,44,1,22,9,121.5144771,25.0318829
111,7,28,14,50,2,05中正區,中正區重慶南路2段與南海路口,0,0,1,2,C03,8,1,5,30,4,1,1,5,4,5,7,1,1,10,4,5,2,12,2,31,2,9,1,1,7,9,1,10,1,12,,26,44,1,22,9,121.5144771,25.0318829
111,7,28,14,55,2,04大安區,大安區金華街與金華街243巷口,0,0,2,1,C03,8,1,5,50,4,1,1,5,4,5,7,1,1,8,3,5,2,12,2,32,2,9,1,1,7,5,1,10,1,14,,8,8,1,22,9,121.5306267,25.02977105
111,7,28,14,55,2,04大安區,大安區金華街與金華街243巷口,0,0,2,2,C03,8,1,5,50,4,1,1,5,4,5,7,1,1,8,3,5,2,12,2,42,2,9,1,1,7,5,1,10,1,12,,44,8,1,22,9,121.5306267,25.02977105
111,7,28,14,55,2,07信義區,信義區松德路與松德路168巷口,0,0,1,1,B03,8,1,5,50,3,2,1,5,4,5,7,2,1,1,3,4,2,13,1,27,3,10,1,1,7,9,1,8,1,5,,23,23,1,22,9,121.5747188,25.03654979
111,7,28,14,55,2,07信義區,信義區松德路與松德路168巷口,0,0,1,2,C03,8,1,5,50,3,2,1,5,4,5,7,2,1,1,3,4,2,13,2,21,2,7,1,1,7,14,1,10,1,13,,44,23,1,22,9,121.5747188,25.03654979
111,7,28,15,0,2,08士林區,士林區延平北路7段106巷與延平北路7段106巷6弄口(堤防側),0,0,1,1,C03,8,1,5,40,3,1,1,5,4,5,7,4,4,10,5,5,2,12,2,25,2,9,1,1,7,5,1,10,1,11,,8,8,1,22,9,121.496727,25.09732895
111,7,28,15,0,2,08士林區,士林區延平北路7段106巷與延平北路7段106巷6弄口(堤防側),0,0,1,2,C03,8,1,5,40,3,1,1,5,4,5,7,4,4,10,5,5,2,12,1,27,3,10,1,1,7,9,1,10,1,12,,23,8,1,22,9,121.496727,25.09732895
111,7,28,15,2,2,03中山區,中山區市民大道3段與新生北路1段62巷口,0,0,1,1,B02,7,1,5,40,4,1,1,4,4,5,7,1,1,1,4,1,2,12,1,42,3,10,1,1,7,6,1,8,1,5,,9,9,1,22,9,121.53079,25.0461499
111,7,28,15,2,2,03中山區,中山區市民大道3段與新生北路1段62巷口,0,0,1,2,C03,7,1,5,40,4,1,1,4,4,5,7,1,1,1,4,1,2,12,1,42,2,9,1,1,7,9,1,10,1,11,,13,9,1,22,9,121.53079,25.0461499
111,7,28,15,27,2,04大安區,大安區通化街與通化街176巷口,0,0,1,1,B01,8,1,5,50,4,1,1,5,4,5,7,4,4,8,3,5,2,15,1,61,3,10,1,1,7,11,1,8,1,5,,10,10,1,22,9,121.5534745,25.02760806
111,7,28,15,27,2,04大安區,大安區通化街與通化街176巷口,0,0,1,2,C03,8,1,5,50,4,1,1,5,4,5,7,4,4,8,3,5,2,15,1,25,2,9,1,1,7,9,1,10,1,12,,44,10,1,22,9,121.5534745,25.02760806
111,7,28,15,27,2,04大安區,大安區通化街與通化街176巷口,0,0,1,3,B03,8,1,5,50,4,1,1,5,4,5,7,4,4,8,3,5,2,15,1,32,3,10,1,1,7,13,1,8,1,8,,38,10,1,22,9,121.5534745,25.02760806
111,7,28,15,29,2,10文山區,文山區萬芳路與無名巷附近口,0,0,1,1,C03,8,1,5,50,11,9,1,4,4,5,7,4,4,5,4,5,2,17,1,31,2,9,3,4,7,9,1,10,2,11,,23,23,1,22,9,121.5709371,24.99533967
111,7,28,15,29,2,10文山區,文山區萬芳路與無名巷附近口,0,0,1,2,B12,8,1,5,50,11,9,1,4,4,5,7,4,4,5,4,5,2,17,1,53,3,10,3,4,7,14,1,8,2,7,,42,23,1,22,9,121.5709371,24.99533967
111,7,28,15,32,2,02萬華區,萬華區環河南路1段與長沙街2段口,0,0,2,1,C03,8,1,5,50,3,1,1,5,4,5,7,1,1,9,4,5,2,11,1,69,2,9,1,1,7,5,1,10,1,12,,8,8,1,22,9,121.4995755,25.04150838
111,7,28,15,32,2,02萬華區,萬華區環河南路1段與長沙街2段口,0,0,2,2,C03,8,1,5,50,3,1,1,5,4,5,7,1,1,9,4,5,2,11,2,34,2,9,1,1,7,9,1,10,1,11,,44,8,1,22,9,121.4995755,25.04150838
111,7,28,15,40,2,04大安區,大安區瑞安街23巷24弄與大安路2段132巷口,0,0,3,1,C03,8,1,5,30,4,1,1,4,4,5,7,4,4,10,5,5,2,15,2,44,2,9,1,1,7,9,1,10,1,11,,6,6,1,22,9,121.5451036,25.0299408
111,7,28,15,40,2,04大安區,大安區瑞安街23巷24弄與大安路2段132巷口,0,0,3,2,C03,8,1,5,30,4,1,1,4,4,5,7,4,4,10,5,5,2,15,1,37,2,9,1,1,7,9,1,10,1,14,,44,6,1,22,9,121.5451036,25.0299408
111,7,28,15,40,2,04大安區,大安區瑞安街23巷24弄與大安路2段132巷口,0,0,3,3,H02,8,1,5,30,4,1,1,4,4,5,7,4,4,10,5,5,2,15,1,4,2,9,1,5,7,20,8,20,10,16,,67,6,1,22,9,121.5451036,25.0299408
111,7,28,16,15,2,12內湖區,內湖區成功路4段182巷與成功路4段口,0,0,1,1,B11,8,1,5,30,3,1,1,5,4,5,7,4,4,1,5,4,2,12,1,35,3,10,1,1,7,6,1,4,1,7,,6,6,1,22,9,121.5942399,25.08361301
111,7,28,16,15,2,12內湖區,內湖區成功路4段182巷與成功路4段口,0,0,1,2,C03,8,1,5,30,3,1,1,5,4,5,7,4,4,1,5,4,2,12,2,19,2,9,1,1,7,9,1,10,1,11,,23,6,1,22,9,121.5942399,25.08361301
111,7,28,16,36,2,07信義區,信義區松山路與松山路149巷口,0,0,1,1,B03,8,1,5,50,4,1,1,5,4,5,7,1,1,1,4,5,2,15,2,34,3,10,3,4,7,9,3,18,1,8,,25,25,1,22,9,121.5778176,25.0466257
111,7,28,16,36,2,07信義區,信義區松山路與松山路149巷口,0,0,1,2,C03,8,1,5,50,4,1,1,5,4,5,7,1,1,1,4,5,2,15,1,35,2,9,3,4,7,9,1,10,1,12,,25,25,1,22,9,121.5778176,25.0466257
111,7,28,16,51,2,07信義區,信義區忠孝東路5段71巷與忠孝東路5段71巷11弄口,0,0,1,2,B01,8,1,5,30,4,1,1,5,4,5,7,4,4,10,5,5,2,15,1,37,3,10,1,1,7,9,1,4,2,1,,44,26,1,22,9,121.5673202,25.0419841
111,7,28,16,51,2,07信義區,信義區忠孝東路5段71巷與忠孝東路5段71巷11弄口,0,0,1,1,C03,8,1,5,30,4,1,1,5,4,5,7,4,4,10,5,5,2,15,1,17,2,9,1,1,7,9,2,18,2,14,,26,26,1,22,9,121.5673202,25.0419841
111,7,28,17,15,2,12內湖區,內湖區康樂街186巷與康樂街口,0,0,2,1,C04,8,1,5,50,3,1,1,5,4,5,7,4,4,5,5,5,2,16,1,48,2,9,1,1,7,5,1,11,2,12,,8,8,1,22,9,121.6204674,25.0758094
111,7,28,17,15,2,12內湖區,內湖區康樂街186巷與康樂街口,0,0,2,2,C03,8,1,5,50,3,1,1,5,4,5,7,4,4,5,5,5,2,16,1,57,2,9,1,1,7,9,1,10,11,11,,44,8,1,22,9,121.6204674,25.0758094
111,7,28,17,55,2,08士林區,士林區承德路4段10巷與通河街76巷口,0,0,3,1,B03,8,2,5,30,4,1,1,5,4,5,7,4,4,5,5,5,2,15,1,62,3,10,1,1,7,9,1,8,2,5,,6,6,1,22,9,121.5201396,25.08019008
111,7,28,17,55,2,08士林區,士林區承德路4段10巷與通河街76巷口,0,0,3,2,C03,8,2,5,30,4,1,1,5,4,5,7,4,4,5,5,5,2,15,2,49,2,8,1,1,7,9,1,10,2,11,,32,6,1,22,9,121.5201396,25.08019008
111,7,28,17,55,2,08士林區,士林區承德路4段10巷與通河街76巷口,0,0,3,3,H02,8,2,5,30,4,1,1,5,4,5,7,4,4,5,5,5,2,15,1,6,2,9,1,5,7,17,8,20,10,16,,67,6,1,22,9,121.5201396,25.08019008
111,7,28,17,55,2,08士林區,士林區承德路4段10巷與通河街76巷口,0,0,3,4,H02,8,2,5,30,4,1,1,5,4,5,7,4,4,5,5,5,2,15,1,10,2,7,1,5,7,17,8,20,10,16,,67,6,1,22,9,121.5201396,25.08019008
111,7,28,18,5,2,06松山區,松山區民生東路4段與敦化北路口,0,0,1,1,B03,7,1,5,50,5,2,1,5,4,5,7,1,1,1,5,4,2,12,1,39,3,10,1,1,7,8,1,8,1,6,,7,7,1,22,9,121.5492882,25.05778226
111,7,28,18,5,2,06松山區,松山區民生東路4段與敦化北路口,0,0,1,2,C03,7,1,5,50,5,2,1,5,4,5,7,1,1,1,5,4,2,12,1,68,2,7,1,1,7,4,1,10,1,11,,44,7,1,22,9,121.5492882,25.05778226
111,7,28,18,5,2,06松山區,松山區民生東路4段與敦化北路口,0,0,1,3,B03,7,1,5,50,5,2,1,5,4,5,7,1,1,1,5,4,2,12,2,69,3,10,1,1,7,10,1,8,1,15,,6,7,1,22,9,121.5492882,25.05778226
111,7,28,18,26,2,07信義區,信義區永吉路與松隆路口,0,0,1,1,B03,8,1,5,50,5,2,1,5,4,5,7,1,1,1,4,5,2,17,2,31,3,10,3,4,7,8,1,8,1,1,,16,16,1,22,9,121.5707649,25.0455547
111,7,28,18,26,2,07信義區,信義區永吉路與松隆路口,0,0,1,2,B02,8,1,5,50,5,2,1,5,4,5,7,1,1,1,4,5,2,17,1,60,3,10,3,4,7,9,1,8,1,3,,43,16,1,22,9,121.5707649,25.0455547
111,7,28,18,26,2,07信義區,信義區永吉路與松隆路口,0,0,1,3,C01,8,1,5,50,5,2,1,5,4,5,7,1,1,1,4,5,2,17,1,53,2,9,3,4,7,9,1,9,1,14,,44,16,1,22,9,121.5707649,25.0455547
111,7,28,18,35,2,05中正區,中正區中山南路與仁愛路1段口,0,0,1,1,B03,8,1,5,50,5,2,1,5,4,5,7,1,1,1,4,1,1,12,2,71,3,10,1,1,7,9,1,8,2,2,,44,44,1,22,9,121.5179246,25.0394389
111,7,28,18,35,2,05中正區,中正區中山南路與仁愛路1段口,0,0,1,2,C03,8,1,5,50,5,2,1,5,4,5,7,1,1,1,4,1,1,12,2,18,2,2,1,1,7,7,1,10,2,14,,7,44,1,22,9,121.5179246,25.0394389
111,7,28,18,40,2,07信義區,信義區松山路649-57號,0,0,1,1,C03,7,3,5,50,11,9,1,5,4,5,7,4,4,9,5,5,2,17,1,21,2,9,1,1,7,6,1,10,1,11,,26,26,1,22,9,121.5800608,25.0337486
111,7,28,18,40,2,07信義區,信義區松山路649-57號,0,0,1,2,A12,7,3,5,50,11,9,1,5,4,5,7,4,4,9,5,5,2,17,1,58,3,10,1,1,7,5,1,7,1,8,,44,26,1,22,9,121.5800608,25.0337486
111,7,28,18,53,2,03中山區,中山區民族東路12號,0,0,1,1,C03,8,3,5,50,14,7,1,5,4,5,7,4,4,1,4,4,2,13,1,34,2,9,1,4,7,9,1,10,2,11,,23,23,1,22,9,121.523927,25.0683398
111,7,28,18,53,2,03中山區,中山區民族東路12號,0,0,1,2,B03,8,3,5,50,14,7,1,5,4,5,7,4,4,1,4,4,2,13,1,36,4,11,3,4,7,15,7,19,11,15,,42,23,2,22,9,121.523927,25.0683398
111,7,28,19,0,2,08士林區,士林區至善路1段015號燈桿,0,0,1,1,B03,8,3,5,50,14,9,1,5,4,5,7,4,4,1,4,4,2,17,1,59,3,10,1,1,7,4,1,8,1,1,,23,23,1,22,9,121.540511,25.09727398
111,7,28,19,0,2,08士林區,士林區至善路1段015號燈桿,0,0,1,2,C03,8,3,5,50,14,9,1,5,4,5,7,4,4,1,4,4,2,17,2,53,2,9,1,1,7,9,1,10,1,14,,44,23,1,22,9,121.540511,25.09727398
111,7,28,19,4,2,03中山區,中山區吉林路166號,0,0,1,1,B03,8,3,5,40,14,7,1,5,4,5,7,4,4,8,3,4,1,16,2,63,3,10,3,4,7,11,1,8,1,7,,10,10,1,22,9,121.5301662,25.05679212
111,7,28,19,4,2,03中山區,中山區吉林路166號,0,0,1,2,C01,8,3,5,40,14,7,1,5,4,5,7,4,4,8,3,4,1,16,1,22,2,9,1,4,7,9,1,9,1,11,,13,10,1,22,9,121.5301662,25.05679212
111,7,28,19,24,2,10文山區,文山區羅斯福路6段與景福街口,0,0,1,1,B03,8,3,5,50,4,1,1,5,4,5,7,2,1,5,5,5,2,15,1,38,3,10,1,1,7,9,3,18,1,2,,6,6,1,22,9,121.5397988,24.9996712
111,7,28,19,24,2,10文山區,文山區羅斯福路6段與景福街口,0,0,1,2,C03,8,3,5,50,4,1,1,5,4,5,7,2,1,5,5,5,2,15,1,20,2,9,1,1,7,9,1,10,1,11,,44,6,1,22,9,121.5397988,24.9996712
111,7,28,20,6,2,09北投區,北投區中央北路1段226號,0,0,1,1,B03,8,3,5,50,14,8,1,5,4,5,7,4,4,5,4,4,2,12,1,33,3,10,1,1,7,1,1,8,2,8,,19,19,1,22,9,121.4969732,25.1361476
111,7,28,20,6,2,09北投區,北投區中央北路1段226號,0,0,1,2,C03,8,3,5,50,14,8,1,5,4,5,7,4,4,5,4,4,2,12,2,59,2,9,1,1,7,9,1,10,2,12,,44,19,1,22,9,121.4969732,25.1361476
111,7,28,20,6,2,09北投區,北投區中央北路1段226號,0,0,1,3,C02,8,3,5,50,14,8,1,5,4,5,7,4,4,5,4,4,2,12,1,40,3,10,1,1,7,9,1,9,2,11,,44,19,1,22,9,121.4969732,25.1361476
111,7,28,20,6,2,09北投區,北投區中央北路1段226號,0,0,1,4,A02,8,3,5,50,14,8,1,5,4,5,7,4,4,5,4,4,2,12,1,58,3,10,1,1,7,9,1,1,2,6,,44,19,1,22,9,121.4969732,25.1361476
111,7,28,20,16,2,06松山區,松山區塔悠路12-1號,0,0,1,1,C03,8,3,5,50,14,9,1,5,4,5,7,3,1,1,3,4,2,17,1,83,2,9,3,4,7,5,1,10,1,14,,43,43,1,22,9,121.5716798,25.05040191
111,7,28,20,16,2,06松山區,松山區塔悠路12-1號,0,0,1,2,B03,8,3,5,50,14,9,1,5,4,5,7,3,1,1,3,4,2,17,1,38,3,10,3,4,7,9,1,8,1,1,,43,43,1,22,9,121.5716798,25.05040191
111,7,28,20,30,2,04大安區,大安區羅斯福路4段119巷8號,0,0,1,1,B03,8,3,5,30,14,9,1,5,4,5,7,4,4,9,2,5,2,17,1,25,3,10,1,1,7,1,1,8,1,8,,19,19,1,22,9,121.5377669,25.01073637
111,7,28,20,30,2,04大安區,大安區羅斯福路4段119巷8號,0,0,1,2,C03,8,3,5,30,14,9,1,5,4,5,7,4,4,9,2,5,2,17,1,19,2,9,1,1,7,9,1,10,1,12,,44,19,1,22,9,121.5377669,25.01073637
111,7,28,20,49,2,03中山區,中山區吉林路與農安街口,0,0,2,1,C03,8,3,5,50,14,9,1,5,4,5,7,1,1,4,3,4,1,16,1,21,2,9,1,4,7,5,3,18,1,12,,26,26,1,22,9,121.5304084,25.06501695
111,7,28,20,49,2,03中山區,中山區吉林路與農安街口,0,0,2,2,C03,8,3,5,50,14,9,1,5,4,5,7,1,1,4,3,4,1,16,1,45,2,9,1,4,7,9,1,10,1,11,,44,26,1,22,9,121.5304084,25.06501695
111,7,28,21,32,2,05中正區,中正區林森南路與青島東路口,0,0,1,1,C03,8,3,5,50,4,1,1,5,4,5,7,1,1,5,4,5,2,16,1,20,2,8,1,1,7,9,1,10,2,12,,17,17,1,22,9,121.5229971,25.0437078
111,7,28,21,32,2,05中正區,中正區林森南路與青島東路口,0,0,1,2,C03,8,3,5,50,4,1,1,5,4,5,7,1,1,5,4,5,2,16,2,32,3,10,1,1,7,9,1,10,2,14,,44,17,1,22,9,121.5229971,25.0437078
111,7,28,21,48,2,09北投區,北投區復興四路與開明街口,0,0,1,1,B03,8,3,5,30,4,1,1,5,4,5,7,4,4,5,5,5,2,16,1,24,3,10,1,1,7,5,1,10,1,8,,6,6,1,22,9,121.5001976,25.1422089
111,7,28,21,48,2,09北投區,北投區復興四路與開明街口,0,0,1,2,C03,8,3,5,30,4,1,1,5,4,5,7,4,4,5,5,5,2,16,2,15,2,9,1,1,7,9,2,18,1,11,,14,6,1,22,9,121.5001976,25.1422089
111,7,28,21,54,2,09北投區,北投區尊賢街與尊賢街249巷口,0,0,3,1,C03,8,3,5,30,4,2,1,5,4,5,7,4,4,10,5,5,2,16,2,46,2,9,1,1,7,1,1,10,2,14,,19,19,1,22,9,121.5068264,25.1178147
111,7,28,21,54,2,09北投區,北投區尊賢街與尊賢街249巷口,0,0,3,2,C03,8,3,5,30,4,2,1,5,4,5,7,4,4,10,5,5,2,16,1,36,2,9,1,1,7,4,1,10,2,11,,23,19,1,22,9,121.5068264,25.1178147
111,7,28,21,54,2,09北投區,北投區尊賢街與尊賢街249巷口,0,0,3,3,H02,8,3,5,30,4,2,1,5,4,5,7,4,4,10,5,5,2,16,1,18,2,8,1,5,7,20,8,20,10,15,,67,19,1,22,9,121.5068264,25.1178147
111,7,28,22,20,2,11南港區,南港區市民大道7段與向陽路口,0,0,1,1,C03,8,3,5,50,4,1,1,5,4,5,7,1,1,1,4,5,2,16,2,24,2,8,1,1,7,5,1,10,1,12,,8,8,1,22,9,121.5954109,25.05146229
111,7,28,22,20,2,11南港區,南港區市民大道7段與向陽路口,0,0,1,2,B01,8,3,5,50,4,1,1,5,4,5,7,1,1,1,4,5,2,16,1,58,3,10,1,1,7,8,1,4,1,8,,23,8,1,22,9,121.5954109,25.05146229
111,7,28,22,32,2,03中山區,中山區民生東路1段與民生東路1段27巷口,0,0,1,1,B01,8,3,5,50,3,1,1,5,4,5,7,4,4,5,4,5,2,16,1,67,3,10,3,4,7,11,1,4,1,2,,26,26,1,22,9,121.5249784,25.0581433
111,7,28,22,32,2,03中山區,中山區民生東路1段與民生東路1段27巷口,0,0,1,2,C03,8,3,5,50,3,1,1,5,4,5,7,4,4,5,4,5,2,16,2,22,2,9,1,4,7,9,1,10,1,11,,44,26,1,22,9,121.5249784,25.0581433
111,7,28,23,15,2,12內湖區,內湖區大湖山莊街170號前,0,0,1,1,B03,8,3,5,30,11,9,1,5,4,5,7,4,4,9,5,5,2,17,2,40,2,2,1,1,7,9,1,8,5,5,,21,21,1,22,9,121.600392,25.08826928
111,7,28,23,15,2,12內湖區,內湖區大湖山莊街170號前,0,0,1,2,B12,8,3,5,30,11,9,1,5,4,5,7,4,4,9,5,5,2,17,2,35,3,10,3,1,7,13,7,19,11,7,,44,21,1,22,9,121.600392,25.08826928
111,7,28,23,15,2,12內湖區,內湖區大湖山莊街170號前,0,0,1,3,B03,8,3,5,30,11,9,1,5,4,5,7,4,4,9,5,5,2,17,1,31,4,11,3,4,7,21,7,19,11,15,,44,21,1,22,9,121.600392,25.08826928
111,7,28,23,20,2,07信義區,信義區松智路與松壽路口,0,0,1,1,A04,8,3,5,50,4,2,1,5,4,5,7,1,1,1,4,5,2,12,1,56,3,10,1,1,7,9,1,2,1,2,,44,44,1,22,9,121.565472,25.03477884
111,7,28,23,20,2,07信義區,信義區松智路與松壽路口,0,0,1,2,B03,8,3,5,50,4,2,1,5,4,5,7,1,1,1,4,5,2,12,2,40,2,2,1,1,7,7,1,8,1,4,,7,44,1,22,9,121.565472,25.03477884
111,7,28,23,40,2,01大同區,大同區台北橋機車道往三重,0,0,2,1,C03,8,3,5,50,14,11,1,5,4,5,7,4,4,1,4,5,2,12,1,19,2,9,1,1,7,9,1,10,1,12,,44,44,1,22,9,121.5105022,25.0630729
111,7,28,23,40,2,01大同區,大同區台北橋機車道往三重,0,0,2,2,C03,8,3,5,50,14,11,1,5,4,5,7,4,4,1,4,5,2,12,2,20,2,8,1,1,7,7,1,10,1,14,,7,44,1,22,9,121.5105022,25.0630729
111,7,29,0,31,2,02萬華區,萬華區堤外便道腳踏自行車道往北接近雙園014號燈桿,0,0,1,1,F01,8,4,7,0,16,9,1,5,4,5,7,4,4,10,5,5,2,2,1,42,3,10,1,1,7,9,8,20,1,16,,15,15,1,22,9,121.4918984,25.0376897
111,7,29,0,31,2,02萬華區,萬華區堤外便道腳踏自行車道往北接近雙園014號燈桿,0,0,1,2,H01,8,4,7,0,16,9,1,5,4,5,7,4,4,10,5,5,2,2,1,24,2,4,4,5,8,16,8,20,10,16,,67,15,1,22,9,121.4918984,25.0376897
111,7,29,2,13,2,01大同區,大同區台北橋機車道往三重,0,0,3,2,C03,8,3,5,50,14,11,1,5,4,5,7,4,4,1,4,5,2,13,1,31,2,8,1,1,7,9,1,10,1,13,,44,16,1,22,9,121.5105022,25.0630729
111,7,29,2,13,2,01大同區,大同區台北橋機車道往三重,0,0,3,3,H02,8,3,5,50,14,11,1,5,4,5,7,4,4,1,4,5,2,13,2,20,2,9,1,5,7,20,8,20,1,16,,67,16,1,22,9,121.5105022,25.0630729
111,7,29,2,13,2,01大同區,大同區台北橋機車道往三重,0,0,3,1,C03,8,3,5,50,14,11,1,5,4,5,7,4,4,1,4,5,2,13,1,20,2,9,1,1,7,9,1,10,1,11,,16,16,1,22,9,121.5105022,25.0630729
111,7,29,2,35,2,02萬華區,萬華區寶興街與興義街口,0,0,1,1,H01,7,3,5,50,4,2,1,5,4,5,7,2,1,9,5,5,2,9,1,41,3,10,4,5,8,21,8,20,10,16,,60,60,1,22,9,121.4928847,25.02763889
111,7,29,2,35,2,02萬華區,萬華區寶興街與興義街口,0,0,1,2,C03,7,3,5,50,4,2,1,5,4,5,7,2,1,9,5,5,2,9,1,41,2,9,1,1,7,6,1,10,1,12,,42,60,1,22,9,121.4928847,25.02763889
111,7,29,4,10,2,03中山區,中山區林森北路與林森北路485巷口,0,0,1,1,H01,7,2,5,0,3,2,1,5,4,5,7,4,4,9,5,5,2,3,2,73,2,9,4,5,8,16,8,20,10,16,,51,51,1,22,9,121.5255773,25.06113571
111,7,29,4,10,2,03中山區,中山區林森北路與林森北路485巷口,0,0,1,2,B03,7,2,5,0,3,2,1,5,4,5,7,4,4,9,5,5,2,3,1,38,3,10,1,4,7,9,1,8,2,8,,23,51,1,22,9,121.5255773,25.06113571
111,7,29,6,53,2,05中正區,中正區重慶南路3段與和平西路1段附近口,0,0,1,1,B03,8,1,5,30,5,1,1,5,4,5,7,1,1,1,4,5,1,17,1,71,3,10,1,1,7,9,1,8,2,8,,23,23,1,22,9,121.5161824,25.02689093
111,7,29,6,53,2,05中正區,中正區重慶南路3段與和平西路1段附近口,0,0,1,2,C03,8,1,5,30,5,1,1,5,4,5,7,1,1,1,4,5,1,17,1,66,2,9,1,1,7,9,1,10,2,12,,44,23,1,22,9,121.5161824,25.02689093
111,7,29,7,20,2,11南港區,南港區南港路2段與興華路口,0,0,2,2,C03,8,1,5,50,4,1,1,5,4,5,7,2,1,4,3,5,2,16,1,42,2,9,3,4,7,9,1,10,2,11,,44,8,1,22,9,121.6062592,25.0542831
111,7,29,7,20,2,11南港區,南港區南港路2段與興華路口,0,0,2,1,C03,8,1,5,50,4,1,1,5,4,5,7,2,1,4,3,5,2,16,1,35,2,9,3,4,7,5,1,10,1,14,,8,8,1,22,9,121.6062592,25.0542831
111,7,29,7,29,2,02萬華區,萬華區西園路2段與東園街口,0,0,1,1,C03,8,1,5,50,3,1,1,5,4,5,7,2,1,1,4,5,2,17,1,62,3,10,1,1,7,5,1,10,1,13,,8,8,1,22,9,121.4952021,25.02814106
111,7,29,7,29,2,02萬華區,萬華區西園路2段與東園街口,0,0,1,2,C03,8,1,5,50,3,1,1,5,4,5,7,2,1,1,4,5,2,17,1,28,3,10,1,1,7,9,1,10,1,11,,44,8,1,22,9,121.4952021,25.02814106
111,7,29,7,29,2,02萬華區,萬華區西園路2段與東園街口,0,0,1,3,H02,8,1,5,50,3,1,1,5,4,5,7,2,1,1,4,5,2,17,2,35,2,7,1,5,7,21,8,20,10,15,,67,8,1,22,9,121.4952021,25.02814106