發生年度,發生月,發生日,發生時-Hours,發生分,處理別-編號,區序,肇事地點,死亡人數,2-30日死亡人數,受傷人數,當事人序號,車種,天候,光線,道路類別,速限-速度限制,道路型態,事故位置,路面狀況1,路面狀況2,路面狀況3,道路障礙1,道路障礙2,號誌1,號誌2,車道劃分-分向,車道劃分-分道1,車道劃分-分道2,車道劃分-分道3,事故類型及型態,性別,年齡,受傷程度,主要傷處,安全帽,行動電話,車輛用途,當事者行動狀態,駕駛資格情形,駕駛執照種類,飲酒情形,車輛撞擊部位1,車輛撞擊部位2,肇因碼-個別,肇因碼-主要,個人肇逃否,職業,旅次目的,座標-X,座標-Y
111,7,29,8,10,2,04大安區,大安區市民大道4段68號,0,0,2,1,C03,8,1,5,40,14,9,1,5,4,5,7,4,4,1,4,5,1,16,1,44,2,7,1,1,7,11,1,10,1,12,,6,6,1,22,9,121.5471272,25.04494224
111,7,29,8,10,2,04大安區,大安區市民大道4段68號,0,0,2,2,C03,8,1,5,40,14,9,1,5,4,5,7,4,4,1,4,5,1,16,1,34,2,8,1,1,7,9,1,10,1,11,,13,6,1,22,9,121.5471272,25.04494224
111,7,29,8,12,2,02萬華區,萬華區康定路與成都路口,0,0,1,1,C03,8,1,5,50,4,2,1,5,4,5,7,1,1,10,5,5,1,12,2,31,2,7,1,4,7,6,1,10,1,11,,9,9,1,22,9,121.5026331,25.0437159
111,7,29,8,12,2,02萬華區,萬華區康定路與成都路口,0,0,1,2,C03,8,1,5,50,4,2,1,5,4,5,7,1,1,10,5,5,1,12,1,38,3,10,1,4,7,9,1,10,1,13,,44,9,1,22,9,121.5026331,25.0437159
111,7,29,8,25,2,11南港區,南港區研究院路1段187號,0,0,1,1,C03,8,1,5,50,14,9,1,5,4,5,7,4,4,1,4,5,2,16,1,25,2,9,1,1,7,8,1,10,1,12,,7,7,1,22,9,121.6157865,25.04955467
111,7,29,8,25,2,11南港區,南港區研究院路1段187號,0,0,1,2,C03,8,1,5,50,14,9,1,5,4,5,7,4,4,1,4,5,2,16,2,32,3,10,1,1,7,9,1,10,1,14,,44,7,1,22,9,121.6157865,25.04955467
111,7,29,8,40,2,11南港區,南港區研究院路1段與市民大道8段口,0,0,1,1,B03,8,1,5,50,4,1,1,5,4,5,7,2,1,1,4,5,2,16,1,62,3,10,1,1,7,6,1,8,1,5,,9,9,1,21,8,121.6165121,25.05449686
111,7,29,8,40,2,11南港區,南港區研究院路1段與市民大道8段口,0,0,1,2,C03,8,1,5,50,4,1,1,5,4,5,7,2,1,1,4,5,2,16,1,23,2,8,1,1,7,9,1,10,1,14,,44,9,1,21,8,121.6165121,25.05449686
111,7,29,8,59,2,07信義區,信義區忠孝東路5段205號,0,0,1,1,C03,8,1,5,50,14,9,1,5,4,5,7,4,4,1,4,5,2,13,1,51,2,9,1,1,7,9,1,10,1,11,,16,16,1,22,9,121.5697435,25.0410723
111,7,29,8,59,2,07信義區,信義區忠孝東路5段205號,0,0,1,2,B03,8,1,5,50,14,9,1,5,4,5,7,4,4,1,4,5,2,13,1,41,3,10,1,1,7,9,1,8,1,3,,44,16,1,22,9,121.5697435,25.0410723
111,7,29,9,1,2,07信義區,信義區永吉路512號,0,0,1,1,B03,8,1,5,50,14,9,1,5,4,5,7,4,4,3,4,4,2,12,1,39,3,10,3,4,7,8,1,8,1,15,,7,7,1,22,9,121.5800754,25.04531935
111,7,29,9,1,2,07信義區,信義區永吉路512號,0,0,1,2,C03,8,1,5,50,14,9,1,5,4,5,7,4,4,3,4,4,2,12,1,42,2,9,3,4,7,9,1,10,1,14,,23,7,1,22,9,121.5800754,25.04531935
111,7,29,9,26,2,03中山區,中山區明水路與北安路630巷口,0,0,1,1,C03,8,1,5,50,4,1,1,5,4,5,7,2,1,4,5,5,1,13,1,25,2,9,3,4,7,9,1,10,1,11,,16,16,1,22,9,121.5510167,25.08269048
111,7,29,9,26,2,03中山區,中山區明水路與北安路630巷口,0,0,1,2,C03,8,1,5,50,4,1,1,5,4,5,7,2,1,4,5,5,1,13,1,33,3,10,3,4,7,12,1,10,1,13,,44,16,1,22,9,121.5510167,25.08269048
111,7,29,9,50,2,03中山區,中山區南京東路2段與新生北路2段口,0,0,1,1,B02,8,1,5,40,4,2,1,5,4,5,7,1,1,3,4,4,2,12,2,39,3,10,1,1,7,6,1,8,1,2,,9,9,1,22,9,121.5278921,25.05219841
111,7,29,9,50,2,03中山區,中山區南京東路2段與新生北路2段口,0,0,1,2,C03,8,1,5,40,4,2,1,5,4,5,7,1,1,3,4,4,2,12,2,56,2,9,1,1,7,9,1,10,1,11,14,44,9,1,22,9,121.5278921,25.05219841
111,7,29,9,50,2,04大安區,大安區忠孝東路4段與光復南路口,0,0,1,1,B03,8,1,5,50,4,1,1,5,4,5,7,2,1,9,4,5,1,16,1,36,3,10,3,4,7,6,1,8,1,6,,5,5,1,22,9,121.557504,25.0412458
111,7,29,9,50,2,04大安區,大安區忠孝東路4段與光復南路口,0,0,1,2,C03,8,1,5,50,4,1,1,5,4,5,7,2,1,9,4,5,1,16,2,41,2,8,1,1,7,9,1,10,1,11,,23,5,1,22,9,121.557504,25.0412458
111,7,29,9,50,2,08士林區,士林區福林路240號,0,0,1,1,C03,8,1,8,50,15,22,1,5,4,5,7,3,1,10,5,5,2,16,1,52,3,10,1,1,7,6,1,10,2,13,,9,9,1,22,9,121.5338396,25.09748359
111,7,29,9,50,2,08士林區,士林區福林路240號,0,0,1,2,C03,8,1,8,50,15,22,1,5,4,5,7,3,1,10,5,5,2,16,2,60,2,9,1,1,7,9,1,10,2,14,,44,9,1,22,9,121.5338396,25.09748359
111,7,29,10,25,2,09北投區,北投區知行路316巷22弄15號與知行路292巷口,0,0,1,1,,8,1,5,0,4,1,1,5,4,5,7,4,4,9,5,5,2,17,4,,4,11,3,4,7,15,7,19,11,15,,43,43,2,22,9,121.4685624,25.121761
111,7,29,10,25,2,09北投區,北投區知行路316巷22弄15號與知行路292巷口,0,0,1,2,C03,8,1,5,0,4,1,1,5,4,5,7,4,4,9,5,5,2,17,1,24,2,9,1,4,7,9,1,10,1,12,,43,43,1,22,9,121.4685624,25.121761
111,7,29,10,37,2,06松山區,松山區三民路與三民路136巷口,0,0,2,1,B12,8,1,5,50,4,1,1,5,4,5,7,4,4,1,4,5,2,17,1,53,3,10,1,1,7,11,1,8,1,1,,10,10,1,22,9,121.5633196,25.0604977
111,7,29,10,37,2,06松山區,松山區三民路與三民路136巷口,0,0,2,2,F01,8,1,5,50,4,1,1,5,4,5,7,4,4,1,4,5,2,17,2,68,2,8,1,1,7,5,8,20,1,16,,42,10,1,22,9,121.5633196,25.0604977
111,7,29,10,37,2,06松山區,松山區三民路與三民路136巷口,0,0,2,3,H02,8,1,5,50,4,1,1,5,4,5,7,4,4,1,4,5,2,17,1,8,2,9,1,1,7,20,8,20,10,16,,67,10,1,22,9,121.5633196,25.0604977
111,7,29,10,55,2,07信義區,信義區信安街116號,0,0,2,1,C03,8,1,5,50,14,9,1,5,4,5,7,4,4,5,5,5,2,17,2,65,2,8,1,1,7,11,1,10,1,12,,26,26,1,22,9,121.5561611,25.02484298
111,7,29,10,55,2,07信義區,信義區信安街116號,0,0,2,2,C03,8,1,5,50,14,9,1,5,4,5,7,4,4,5,5,5,2,17,1,23,2,8,1,1,7,9,1,10,1,11,,44,26,1,22,9,121.5561611,25.02484298
111,7,29,11,0,2,04大安區,大安區敦化南路2段與敦化南路2段200巷口口,0,0,1,1,C03,8,1,5,50,3,2,1,5,4,5,7,2,1,8,3,5,1,17,2,50,2,9,3,4,7,8,1,10,2,12,,7,7,1,22,9,121.5483957,25.0224789
111,7,29,11,0,2,04大安區,大安區敦化南路2段與敦化南路2段200巷口口,0,0,1,2,A02,8,1,5,50,3,2,1,5,4,5,7,2,1,8,3,5,1,17,1,46,3,10,3,4,7,15,1,6,2,4,,44,7,1,22,9,121.5483957,25.0224789
111,7,29,11,0,2,04大安區,大安區敦化南路2段與敦化南路2段200巷口口,0,0,1,3,B12,8,1,5,50,3,2,1,5,4,5,7,2,1,8,3,5,1,17,1,46,3,10,3,4,7,15,1,8,2,15,,44,7,1,22,9,121.5483957,25.0224789
111,7,29,11,1,2,04大安區,大安區仁愛路3段與新生南路1段口,0,0,1,1,C04,8,1,5,50,14,9,1,5,4,5,7,2,1,9,4,5,2,12,2,30,2,8,1,1,7,9,1,10,2,12,,23,23,1,22,9,121.5329531,25.03774398
111,7,29,11,1,2,04大安區,大安區仁愛路3段與新生南路1段口,0,0,1,2,B03,8,1,5,50,14,9,1,5,4,5,7,2,1,9,4,5,2,12,1,58,3,10,1,1,7,9,1,8,2,7,,44,23,1,22,9,121.5329531,25.03774398
111,7,29,11,1,2,04大安區,大安區仁愛路3段與新生南路1段口,0,0,1,3,H01,8,1,5,50,14,9,1,5,4,5,7,2,1,9,4,5,2,12,2,74,3,10,4,5,8,16,8,20,10,16,,51,23,1,22,9,121.5329531,25.03774398
111,7,29,11,12,2,10文山區,文山區羅斯福路5段269巷與景明街口,0,0,1,1,B01,8,1,5,30,4,1,1,5,4,5,7,4,4,10,5,5,2,15,1,51,3,10,1,1,7,9,1,4,11,8,,6,6,1,22,9,121.5409502,25.0015103
111,7,29,11,12,2,10文山區,文山區羅斯福路5段269巷與景明街口,0,0,1,2,C03,8,1,5,30,4,1,1,5,4,5,7,4,4,10,5,5,2,15,2,51,2,9,1,1,7,9,1,10,11,11,,14,6,1,22,9,121.5409502,25.0015103
111,7,29,11,15,2,07信義區,信義區松山路與松隆路口口,0,0,1,1,B03,8,1,5,50,4,1,1,5,4,5,7,1,1,1,4,5,2,12,1,52,3,10,1,1,7,5,1,8,1,1,,16,16,1,22,9,121.5777223,25.04797699
111,7,29,11,15,2,07信義區,信義區松山路與松隆路口口,0,0,1,2,B01,8,1,5,50,4,1,1,5,4,5,7,1,1,1,4,5,2,12,1,38,2,9,1,1,7,14,1,4,1,3,,44,16,1,22,9,121.5777223,25.04797699
111,7,29,11,30,2,09北投區,北投區天母西路與磺溪便道口,0,0,2,1,C03,8,1,5,50,4,2,1,5,4,5,7,4,4,7,4,5,1,16,1,63,2,8,1,1,7,5,1,10,2,12,,8,8,1,22,9,121.5238101,25.11869683
111,7,29,11,30,2,09北投區,北投區天母西路與磺溪便道口,0,0,2,2,C03,8,1,5,50,4,2,1,5,4,5,7,4,4,7,4,5,1,16,2,25,2,8,1,1,7,9,1,10,2,11,,14,8,1,22,9,121.5238101,25.11869683
111,7,29,11,32,2,01大同區,大同區重慶北路1段與鄭州路口,0,0,1,1,B03,8,1,5,50,4,1,1,5,4,5,7,2,1,1,4,5,2,3,1,25,3,10,3,4,7,6,1,8,2,5,,15,15,1,22,9,121.5133057,25.04955071
111,7,29,11,32,2,01大同區,大同區重慶北路1段與鄭州路口,0,0,1,2,H01,8,1,5,50,4,1,1,5,4,5,7,2,1,1,4,5,2,3,2,76,2,9,4,5,8,18,8,20,10,16,,67,15,1,22,9,121.5133057,25.04955071
111,7,29,11,39,2,03中山區,中山區興安街20號,0,0,1,1,B03,8,1,5,50,14,7,1,5,4,5,7,4,4,8,3,4,1,16,2,28,3,10,3,4,7,11,1,8,1,4,,10,10,1,22,9,121.5379859,25.05616019
111,7,29,11,39,2,03中山區,中山區興安街20號,0,0,1,2,C03,8,1,5,50,14,7,1,5,4,5,7,4,4,8,3,4,1,16,1,42,2,9,3,4,7,9,1,10,1,12,,44,10,1,22,9,121.5379859,25.05616019
111,7,29,12,3,2,12內湖區,內湖區瑞光路196號前,0,0,1,1,C03,8,1,5,50,14,9,1,5,4,5,7,4,4,5,4,5,2,16,1,23,2,8,1,1,7,4,1,9,1,12,,23,23,1,22,9,121.5771661,25.07496558
111,7,29,12,3,2,12內湖區,內湖區瑞光路196號前,0,0,1,2,B12,8,1,5,50,14,9,1,5,4,5,7,4,4,5,4,5,2,16,1,49,3,10,1,1,7,14,1,4,1,8,,38,23,1,22,9,121.5771661,25.07496558
111,7,29,12,11,2,02萬華區,萬華區堤外便道與堤外便道口往北(龍山087燈桿),0,0,2,1,H01,8,1,7,40,4,1,1,5,4,5,7,3,1,1,5,5,2,6,2,28,2,9,4,5,8,18,8,20,1,16,,67,67,1,22,9,121.5024238,25.04583527
111,7,29,12,11,2,02萬華區,萬華區堤外便道與堤外便道口往北(龍山087燈桿),0,0,2,2,C03,8,1,7,40,4,1,1,5,4,5,7,3,1,1,5,5,2,6,1,48,2,9,1,1,7,9,1,10,1,11,,15,67,1,22,9,121.5024238,25.04583527
111,7,29,12,18,2,05中正區,中正區三元街120號前,0,0,1,1,C03,8,1,5,50,14,7,1,5,4,5,7,1,1,1,4,5,1,12,2,18,2,9,1,1,7,7,1,10,2,14,,7,6,1,22,9,121.5106868,25.02819815
111,7,29,12,18,2,05中正區,中正區三元街120號前,0,0,1,2,B03,8,1,5,50,14,7,1,5,4,5,7,1,1,1,4,5,1,12,1,46,3,10,1,1,7,9,1,8,2,2,,44,6,1,22,9,121.5106868,25.02819815
111,7,29,12,28,2,11南港區,南港區興華路與南港路1段口,0,0,1,2,B03,8,1,5,50,4,1,1,5,4,5,7,2,1,5,4,5,2,16,1,47,3,10,1,1,7,9,1,8,1,2,,44,8,1,21,8,121.6051138,25.05400124
111,7,29,12,28,2,11南港區,南港區興華路與南港路1段口,0,0,1,1,C03,8,1,5,50,4,1,1,5,4,5,7,2,1,5,4,5,2,16,1,50,2,8,1,1,7,5,1,10,1,14,,8,8,1,21,8,121.6051138,25.05400124
111,7,29,12,29,2,04大安區,大安區仁愛路4段與大安路1段口,0,0,1,1,B01,8,1,5,50,4,1,1,5,4,5,7,2,1,10,4,5,2,8,1,48,3,10,3,4,7,2,7,19,11,15,,12,12,2,22,9,121.5460965,25.03805592
111,7,29,12,29,2,04大安區,大安區仁愛路4段與大安路1段口,0,0,1,2,H01,8,1,5,50,4,1,1,5,4,5,7,2,1,10,4,5,2,8,2,59,2,6,4,5,8,17,8,20,10,16,,67,12,1,22,9,121.5460965,25.03805592
111,7,29,12,39,2,01大同區,大同區環河北路1段181號,0,0,1,2,C03,8,1,5,50,14,9,1,5,4,5,7,4,4,1,4,5,2,12,2,54,2,8,1,1,7,9,1,10,11,14,,44,43,1,22,9,121.5081666,25.05630086
111,7,29,12,39,2,01大同區,大同區環河北路1段181號,0,0,1,1,C03,8,1,5,50,14,9,1,5,4,5,7,4,4,1,4,5,2,12,1,63,4,11,3,4,7,15,7,19,11,15,,43,43,2,22,9,121.5081666,25.05630086
111,7,29,12,45,2,04大安區,大安區復興南路1段322號,0,0,1,1,C03,8,1,5,50,14,9,1,5,4,5,7,4,4,1,4,5,2,12,2,30,2,9,1,1,7,9,1,10,1,11,,23,23,1,22,9,121.5434311,25.0365724
111,7,29,12,45,2,04大安區,大安區復興南路1段322號,0,0,1,2,B03,8,1,5,50,14,9,1,5,4,5,7,4,4,1,4,5,2,12,1,42,3,10,1,1,7,13,1,8,1,7,,38,23,1,22,9,121.5434311,25.0365724
111,7,29,12,49,2,04大安區,大安區市民大道3段與復興南路1段口,0,0,1,1,C03,8,1,5,50,4,2,1,5,4,5,7,2,1,8,4,5,1,17,1,61,3,10,3,4,7,15,1,10,1,11,,17,17,1,22,9,121.5437891,25.0447545
111,7,29,12,49,2,04大安區,大安區市民大道3段與復興南路1段口,0,0,1,2,C03,8,1,5,50,4,2,1,5,4,5,7,2,1,8,4,5,1,17,1,29,2,9,3,4,7,15,1,10,1,13,,44,17,1,22,9,121.5437891,25.0447545
111,7,29,13,15,2,01大同區,大同區重慶北路3段244-2號,0,0,1,1,B01,8,1,5,50,14,9,1,5,4,5,7,4,4,1,4,5,2,9,1,57,4,11,3,4,7,1,7,19,9,15,,36,36,2,22,9,121.5136705,25.07078004
111,7,29,13,15,2,01大同區,大同區重慶北路3段244-2號,0,0,1,2,H02,8,1,5,50,14,9,1,5,4,5,7,4,4,1,4,5,2,9,2,21,2,9,4,5,7,20,8,20,10,16,,67,36,1,22,9,121.5136705,25.07078004
111,7,29,13,20,2,07信義區,信義區松廉路(信義廣場地下停車場出入口斜對面),0,0,1,1,C04,8,1,5,50,14,9,1,5,4,5,7,4,4,9,4,5,2,17,2,25,2,7,1,1,7,5,1,11,2,14,,17,17,1,22,9,121.5664173,25.03400114
111,7,29,13,20,2,07信義區,信義區松廉路(信義廣場地下停車場出入口斜對面),0,0,1,2,B03,8,1,5,50,14,9,1,5,4,5,7,4,4,9,4,5,2,17,1,37,3,10,1,1,7,9,1,8,2,2,,44,17,1,22,9,121.5664173,25.03400114
111,7,29,13,45,2,04大安區,大安區和平東路1段123號旁(往西方向人行道),0,0,1,1,B03,8,1,5,50,14,20,4,5,4,5,7,2,1,10,5,5,1,17,2,43,3,10,1,1,7,1,1,8,1,1,,19,19,1,5,3,121.5276532,25.02682423
111,7,29,13,45,2,04大安區,大安區和平東路1段123號旁(往西方向人行道),0,0,1,2,F01,8,1,5,50,14,20,4,5,4,5,7,2,1,10,5,5,1,17,2,58,2,9,1,1,7,9,8,20,1,16,,44,19,1,20,5,121.5276532,25.02682423
111,7,29,13,52,2,07信義區,信義區忠孝東路5段與大道路口,0,0,2,1,C03,8,1,5,50,5,1,1,5,4,5,7,1,1,3,4,5,2,15,1,68,2,1,1,1,7,9,3,18,1,14,,25,25,1,22,9,121.5811433,25.04304314
111,7,29,13,52,2,07信義區,信義區忠孝東路5段與大道路口,0,0,2,2,C03,8,1,5,50,5,1,1,5,4,5,7,1,1,3,4,5,2,15,1,24,2,7,1,1,7,9,1,10,1,11,,25,25,1,22,9,121.5811433,25.04304314
111,7,29,14,10,2,03中山區,中山區民生東路1段與新生北路2段口,0,0,1,1,C03,8,1,5,50,4,2,1,5,4,5,7,1,1,1,3,5,1,12,2,22,2,8,1,1,7,5,1,10,1,14,,8,8,1,22,9,121.5273775,25.05803844
111,7,29,14,10,2,03中山區,中山區民生東路1段與新生北路2段口,0,0,1,2,B03,8,1,5,50,4,2,1,5,4,5,7,1,1,1,3,5,1,12,2,53,3,10,1,1,7,9,1,8,1,2,,44,8,1,22,9,121.5273775,25.05803844
111,7,29,14,11,2,08士林區,士林區天母北路89號,0,0,1,1,B03,8,1,5,50,14,9,1,5,4,5,7,4,4,8,5,5,1,9,1,45,3,10,1,1,7,9,1,8,9,5,,23,23,1,22,9,121.526653,25.122805
111,7,29,14,11,2,08士林區,士林區天母北路89號,0,0,1,2,A12,8,1,5,50,14,9,1,5,4,5,7,4,4,8,5,5,1,9,1,51,2,8,3,4,7,14,1,1,9,15,,42,23,1,22,9,121.526653,25.122805
111,7,29,14,20,2,05中正區,中正區和平西路1段與廈門街口口,0,0,2,1,C03,8,1,5,50,4,1,1,5,4,5,7,1,1,1,4,5,1,17,1,19,2,9,1,1,7,5,1,10,2,14,,8,8,1,22,9,121.5179247,25.02667053
111,7,29,14,20,2,05中正區,中正區和平西路1段與廈門街口口,0,0,2,2,C03,8,1,5,50,4,1,1,5,4,5,7,1,1,1,4,5,1,17,1,35,2,8,1,1,7,9,1,10,2,12,,44,8,1,22,9,121.5179247,25.02667053
111,7,29,14,20,2,05中正區,中正區和平西路1段與廈門街口口,0,0,2,5,H02,8,1,5,50,4,1,1,5,4,5,7,1,1,1,4,5,1,17,1,1,3,10,2,5,7,20,8,20,10,16,,67,8,1,22,9,121.5179247,25.02667053
111,7,29,14,20,2,05中正區,中正區和平西路1段與廈門街口口,0,0,2,3,H02,8,1,5,50,4,1,1,5,4,5,7,1,1,1,4,5,1,17,2,32,3,10,1,5,7,20,8,20,10,16,,67,8,1,22,9,121.5179247,25.02667053
111,7,29,14,20,2,05中正區,中正區和平西路1段與廈門街口口,0,0,2,4,H02,8,1,5,50,4,1,1,5,4,5,7,1,1,1,4,5,1,17,1,3,3,10,1,5,7,20,8,20,10,16,,67,8,1,22,9,121.5179247,25.02667053
111,7,29,14,53,2,10文山區,文山區老泉街45巷(第007燈桿),0,0,1,1,B03,8,1,5,30,11,9,1,5,4,5,7,4,4,10,5,5,2,16,1,55,3,10,3,4,7,5,1,8,2,4,,17,17,1,21,8,121.568328,24.97815815
111,7,29,14,53,2,10文山區,文山區老泉街45巷(第007燈桿),0,0,1,2,C03,8,1,5,30,11,9,1,5,4,5,7,4,4,10,5,5,2,16,1,52,2,8,3,4,7,6,1,10,2,12,,17,17,1,21,8,121.568328,24.97815815
111,7,29,15,22,2,08士林區,士林區中正路與文昌路口,0,0,1,1,B02,8,1,5,50,4,1,1,5,4,5,7,2,1,1,4,5,1,16,1,49,3,10,1,1,7,11,1,8,1,6,,10,10,1,22,9,121.5220129,25.0943604
111,7,29,15,22,2,08士林區,士林區中正路與文昌路口,0,0,1,2,C03,8,1,5,50,4,1,1,5,4,5,7,2,1,1,4,5,1,16,1,70,2,9,1,1,7,9,1,10,1,11,,42,10,1,22,9,121.5220129,25.0943604
111,7,29,15,30,2,05中正區,中正區重慶南路3段與和平西路1段口,0,0,2,1,C03,8,1,5,50,14,9,1,5,4,5,7,4,4,10,4,5,2,12,2,48,2,9,1,1,7,15,1,10,1,12,,17,17,1,22,9,121.5165602,25.0272219
111,7,29,15,30,2,05中正區,中正區重慶南路3段與和平西路1段口,0,0,2,2,C03,8,1,5,50,14,9,1,5,4,5,7,4,4,10,4,5,2,12,2,31,2,9,1,1,7,9,1,10,1,14,,17,17,1,22,9,121.5165602,25.0272219
111,7,29,15,35,2,09北投區,北投區稻香路與稻香路135巷口,0,0,1,1,B03,8,1,5,40,3,1,1,5,4,5,7,4,4,5,5,5,2,13,1,58,3,10,1,1,7,9,1,8,1,5,,16,16,1,22,9,121.4902413,25.14231353
111,7,29,15,35,2,09北投區,北投區稻香路與稻香路135巷口,0,0,1,2,C03,8,1,5,40,3,1,1,5,4,5,7,4,4,5,5,5,2,13,1,57,2,8,1,1,7,5,1,10,1,13,,44,16,1,22,9,121.4902413,25.14231353
111,7,29,15,35,2,09北投區,北投區稻香路與稻香路135巷口,0,0,1,3,B12,8,1,5,40,3,1,1,5,4,5,7,4,4,5,5,5,2,13,1,37,3,10,1,1,7,9,1,7,1,8,,16,16,1,22,9,121.4902413,25.14231353
111,7,29,16,2,2,07信義區,信義區信安街85號前,0,0,3,1,C03,8,1,5,50,14,9,1,5,4,5,7,4,4,5,5,5,2,5,1,63,2,9,1,1,7,9,1,10,2,11,,42,22,1,22,9,121.5573072,25.0259031
111,7,29,16,2,2,07信義區,信義區信安街85號前,0,0,3,2,H01,8,1,5,50,14,9,1,5,4,5,7,4,4,5,5,5,2,5,1,25,2,9,4,5,8,17,8,20,10,16,,67,22,1,22,9,121.5573072,25.0259031
111,7,29,16,2,2,07信義區,信義區信安街85號前,0,0,3,3,B03,8,1,5,50,14,9,1,5,4,5,7,4,4,5,5,5,2,5,3,,,,,,,,,,,,,67,22,1,,,121.5573072,25.0259031
111,7,29,16,2,2,07信義區,信義區信安街85號前,0,0,3,4,H01,8,1,5,50,14,9,1,5,4,5,7,4,4,5,5,5,2,5,1,36,2,9,4,5,8,17,8,20,10,16,,67,22,1,22,9,121.5573072,25.0259031
111,7,29,16,15,2,01大同區,大同區延平北路3段104巷與延平北路3段口,0,0,1,1,C03,8,1,5,30,3,1,1,5,4,5,7,4,4,5,4,5,2,16,1,34,3,10,1,1,7,5,1,10,1,11,,8,8,1,22,9,121.5109871,25.06644051
111,7,29,16,15,2,01大同區,大同區延平北路3段104巷與延平北路3段口,0,0,1,2,C03,8,1,5,30,3,1,1,5,4,5,7,4,4,5,4,5,2,16,1,52,2,9,1,1,7,9,1,10,1,11,,16,8,1,22,9,121.5109871,25.06644051
111,7,29,16,20,2,11南港區,南港區松河街438號,0,0,1,1,C03,8,1,5,30,14,9,1,5,4,5,7,4,4,10,5,5,2,13,2,18,2,9,1,1,7,9,1,10,1,11,,23,23,1,22,9,121.5921268,25.05830174
111,7,29,16,20,2,11南港區,南港區松河街438號,0,0,1,2,B03,8,1,5,30,14,9,1,5,4,5,7,4,4,10,5,5,2,13,1,63,3,10,3,4,7,13,1,8,1,3,,44,23,1,22,9,121.5921268,25.05830174
111,7,29,16,22,2,03中山區,中山區中山北路3段與民族東路口無名巷,0,0,1,1,B03,8,1,5,30,15,8,1,5,4,5,7,4,4,1,1,1,1,16,1,43,3,10,3,4,7,6,1,8,1,8,,6,6,1,22,9,121.5232139,25.0693488
111,7,29,16,22,2,03中山區,中山區中山北路3段與民族東路口無名巷,0,0,1,2,C03,8,1,5,30,15,8,1,5,4,5,7,4,4,1,1,1,1,16,1,21,2,9,3,4,7,9,1,10,1,12,,44,6,1,22,9,121.5232139,25.0693488
111,7,29,16,26,2,12內湖區,內湖區五分街51號斜前,0,0,1,1,B03,8,1,5,40,14,9,1,5,4,5,7,4,4,9,5,5,2,9,2,36,3,10,1,1,7,15,1,8,2,2,,23,23,1,22,9,121.6143309,25.0674366
111,7,29,16,26,2,12內湖區,內湖區五分街51號斜前,0,0,1,2,H01,8,1,5,40,14,9,1,5,4,5,7,4,4,9,5,5,2,9,1,53,2,9,4,5,8,16,8,20,10,16,,67,23,1,22,9,121.6143309,25.0674366
111,7,29,16,43,2,08士林區,士林區忠誠路2段178巷與忠誠路2段口,0,0,1,1,B03,8,1,5,50,3,1,1,5,4,5,7,4,4,10,5,4,1,16,2,64,3,10,1,1,7,6,1,8,1,2,,6,6,1,22,9,121.5336471,25.11596623
111,7,29,16,43,2,08士林區,士林區忠誠路2段178巷與忠誠路2段口,0,0,1,2,C03,8,1,5,50,3,1,1,5,4,5,7,4,4,10,5,4,1,16,2,56,2,7,1,1,7,9,1,10,1,14,,44,6,1,22,9,121.5336471,25.11596623
111,7,29,16,53,2,07信義區,信義區松高路信義0007號燈桿前,0,0,1,1,A11,8,1,5,50,14,9,1,5,4,5,7,4,4,9,4,5,1,16,1,42,3,10,3,4,7,8,1,7,2,5,,7,7,1,22,9,121.5710018,25.03906889
111,7,29,16,53,2,07信義區,信義區松高路信義0007號燈桿前,0,0,1,2,C04,8,1,5,50,14,9,1,5,4,5,7,4,4,9,4,5,1,16,2,35,2,9,3,4,7,9,1,10,2,14,,23,7,1,22,9,121.5710018,25.03906889
111,7,29,17,0,2,09北投區,北投區行義路87號,0,0,1,1,B03,8,1,5,50,14,9,1,5,4,5,7,4,4,5,4,5,1,11,2,34,3,10,1,1,7,9,1,8,1,6,,43,43,1,22,9,121.528383,25.12723196
111,7,29,17,0,2,09北投區,北投區行義路87號,0,0,1,2,C03,8,1,5,50,14,9,1,5,4,5,7,4,4,5,4,5,1,11,1,71,2,7,1,1,7,9,1,10,1,15,,43,43,1,22,9,121.528383,25.12723196
111,7,29,17,16,2,06松山區,松山區八德路3段105號,0,0,1,1,B01,8,1,5,50,14,9,1,5,4,5,7,4,4,9,5,5,2,16,1,69,3,10,1,1,7,8,1,4,1,5,,7,7,1,22,9,121.5536804,25.0481887
111,7,29,17,16,2,06松山區,松山區八德路3段105號,0,0,1,2,B01,8,1,5,50,14,9,1,5,4,5,7,4,4,9,5,5,2,16,1,64,2,2,1,1,7,9,1,4,1,7,,44,7,1,22,9,121.5536804,25.0481887
111,7,29,17,30,2,07信義區,信義區基隆路1段與松隆路口,0,0,1,1,B03,8,1,5,50,3,1,1,5,4,5,7,1,1,1,2,5,2,12,1,30,3,10,3,4,7,6,1,8,1,8,,23,23,1,22,9,121.5660181,25.0434912
111,7,29,17,30,2,07信義區,信義區基隆路1段與松隆路口,0,0,1,2,C03,8,1,5,50,3,1,1,5,4,5,7,1,1,1,2,5,2,12,1,27,2,9,3,4,7,14,1,10,1,15,,42,23,1,22,9,121.5660181,25.0434912