發生年度,發生月,發生日,發生時-Hours,發生分,處理別-編號,區序,肇事地點,死亡人數,2-30日死亡人數,受傷人數,當事人序號,車種,天候,光線,道路類別,速限-速度限制,道路型態,事故位置,路面狀況1,路面狀況2,路面狀況3,道路障礙1,道路障礙2,號誌1,號誌2,車道劃分-分向,車道劃分-分道1,車道劃分-分道2,車道劃分-分道3,事故類型及型態,性別,年齡,受傷程度,主要傷處,安全帽,行動電話,車輛用途,當事者行動狀態,駕駛資格情形,駕駛執照種類,飲酒情形,車輛撞擊部位1,車輛撞擊部位2,肇因碼-個別,肇因碼-主要,個人肇逃否,職業,旅次目的,座標-X,座標-Y
111,7,29,17,45,2,05中正區,中正區忠孝東路2段與臨沂街口,0,0,1,1,B01,8,1,5,50,4,2,1,5,4,5,7,1,1,1,4,5,1,13,1,66,3,10,1,1,7,9,1,4,1,1,,23,23,1,22,9,121.5309058,25.0429538
111,7,29,17,45,2,05中正區,中正區忠孝東路2段與臨沂街口,0,0,1,2,B02,8,1,5,50,4,2,1,5,4,5,7,1,1,1,4,5,1,13,1,52,2,5,1,1,7,14,1,8,1,3,,44,23,1,22,9,121.5309058,25.0429538
111,7,29,17,46,2,11南港區,南港區松河街386號,0,0,2,1,C03,8,1,5,50,14,9,1,5,4,5,7,4,4,9,4,5,2,13,2,30,2,7,1,1,7,9,1,10,1,11,,42,42,1,22,9,121.5884649,25.05493973
111,7,29,17,46,2,11南港區,南港區松河街386號,0,0,2,2,C03,8,1,5,50,14,9,1,5,4,5,7,4,4,9,4,5,2,13,1,26,3,10,1,1,7,9,1,10,1,13,,42,42,1,22,9,121.5884649,25.05493973
111,7,29,17,46,2,11南港區,南港區松河街386號,0,0,2,3,H02,8,1,5,50,14,9,1,5,4,5,7,4,4,9,4,5,2,13,2,27,2,8,1,5,7,20,8,20,10,16,,67,42,1,22,9,121.5884649,25.05493973
111,7,29,17,58,2,05中正區,中正區臨沂街與忠孝東路2段口口,0,0,1,1,B03,8,1,5,30,14,9,1,5,4,5,7,1,1,5,5,5,2,14,1,65,3,10,1,1,7,2,1,8,9,3,,12,12,1,22,9,121.5306787,25.0426096
111,7,29,17,58,2,05中正區,中正區臨沂街與忠孝東路2段口口,0,0,1,2,C03,8,1,5,30,14,9,1,5,4,5,7,1,1,5,5,5,2,14,2,30,2,8,1,1,7,14,1,10,9,12,,44,12,1,22,9,121.5306787,25.0426096
111,7,29,18,25,2,03中山區,中山區民生東路3段與合江街口,0,0,2,1,C03,8,1,5,40,14,9,1,5,4,5,7,2,1,5,4,5,2,12,2,50,2,9,1,1,7,9,1,10,1,11,,23,23,1,22,9,121.5392007,25.05775637
111,7,29,18,25,2,03中山區,中山區民生東路3段與合江街口,0,0,2,2,C03,8,1,5,40,14,9,1,5,4,5,7,2,1,5,4,5,2,12,1,54,2,6,1,1,7,7,1,10,1,14,,26,23,1,22,9,121.5392007,25.05775637
111,7,29,18,29,2,04大安區,大安區新生南路1段與濟南路3段口,0,0,2,1,C03,7,1,5,50,4,2,1,5,4,5,7,1,1,9,5,5,1,11,2,53,2,9,1,1,7,5,1,10,1,14,,8,8,1,22,9,121.5329725,25.0355093
111,7,29,18,29,2,04大安區,大安區新生南路1段與濟南路3段口,0,0,2,2,C03,7,1,5,50,4,2,1,5,4,5,7,1,1,9,5,5,1,11,1,52,2,9,2,1,7,9,1,10,1,12,,44,8,1,22,9,121.5329725,25.0355093
111,7,29,19,3,2,02萬華區,萬華區莒光路296號,0,0,1,1,C03,8,1,5,50,14,9,1,5,4,5,7,3,1,3,5,5,2,16,1,53,2,9,1,4,7,9,1,10,1,14,,23,23,1,22,9,121.4983934,25.03116374
111,7,29,19,3,2,02萬華區,萬華區莒光路296號,0,0,1,2,B03,8,1,5,50,14,9,1,5,4,5,7,3,1,3,5,5,2,16,1,37,3,10,3,4,7,14,1,8,1,6,,44,23,1,22,9,121.4983934,25.03116374
111,7,29,19,5,2,12內湖區,內湖區民權東路6段與民權東路6段174巷口,0,0,1,1,B03,8,2,5,50,3,1,1,5,4,5,7,4,4,1,4,5,2,16,1,33,3,10,1,1,7,6,1,6,1,2,,6,6,1,22,9,121.5919979,25.06885814
111,7,29,19,5,2,12內湖區,內湖區民權東路6段與民權東路6段174巷口,0,0,1,2,C03,8,2,5,50,3,1,1,5,4,5,7,4,4,1,4,5,2,16,1,36,2,7,1,1,7,9,1,10,1,14,,23,6,1,22,9,121.5919979,25.06885814
111,7,29,19,6,2,10文山區,文山區辛亥路7段25號對面,0,0,1,1,C03,8,3,5,50,11,7,1,5,4,5,1,3,1,5,2,4,2,13,2,20,2,9,1,1,7,12,1,10,2,11,,23,23,1,22,9,121.5533567,24.98617973
111,7,29,19,6,2,10文山區,文山區辛亥路7段25號對面,0,0,1,2,C03,8,3,5,50,11,7,1,5,4,5,1,3,1,5,2,4,2,13,1,42,3,10,1,1,7,12,1,10,2,13,,42,23,1,22,9,121.5533567,24.98617973
111,7,29,19,44,2,02萬華區,萬華區廣州街211號,0,0,2,1,C03,8,3,5,50,14,9,4,5,4,5,7,4,4,5,5,5,2,3,1,81,2,9,1,1,7,9,1,10,1,11,,23,23,1,22,9,121.4998931,25.03667424
111,7,29,19,44,2,02萬華區,萬華區廣州街211號,0,0,2,2,H01,8,3,5,50,14,9,4,5,4,5,7,4,4,5,5,5,2,3,2,57,2,9,4,5,8,16,8,20,10,16,,52,23,1,22,9,121.4998931,25.03667424
111,7,29,20,20,2,10文山區,文山區萬盛街與萬盛街82巷口,0,0,1,1,B03,7,3,5,30,3,2,1,5,4,5,7,4,4,10,5,5,2,17,1,43,3,10,1,1,7,5,1,8,1,8,,6,6,1,22,9,121.5405174,25.00617304
111,7,29,20,20,2,10文山區,文山區萬盛街與萬盛街82巷口,0,0,1,2,C03,7,3,5,30,3,2,1,5,4,5,7,4,4,10,5,5,2,17,1,28,2,9,1,1,7,9,1,10,1,11,,13,6,1,22,9,121.5405174,25.00617304
111,7,29,20,36,2,11南港區,南港區忠孝東路7段與忠孝東路7段265巷口口,0,0,1,1,B03,7,3,5,50,3,2,1,5,4,5,7,2,1,1,4,4,2,17,1,49,3,10,1,1,7,8,1,8,1,15,,43,43,1,22,9,121.6034066,25.0516432
111,7,29,20,36,2,11南港區,南港區忠孝東路7段與忠孝東路7段265巷口口,0,0,1,2,C03,7,3,5,50,3,2,1,5,4,5,7,2,1,1,4,4,2,17,1,25,2,9,1,1,7,9,1,10,1,12,,43,43,1,22,9,121.6034066,25.0516432
111,7,29,20,40,2,04大安區,大安區羅斯福路2段與和平東路1段口,0,0,2,1,C03,6,3,5,50,4,1,1,4,4,5,7,2,1,8,4,5,2,6,2,23,2,7,1,1,7,6,1,10,2,12,,15,15,1,22,9,121.5226083,25.02702394
111,7,29,20,40,2,04大安區,大安區羅斯福路2段與和平東路1段口,0,0,2,2,H01,6,3,5,50,4,1,1,4,4,5,7,2,1,8,4,5,2,6,2,46,2,9,4,5,8,18,8,20,10,16,,51,15,2,22,9,121.5226083,25.02702394
111,7,29,20,45,2,02萬華區,萬華區大理街114號,0,0,2,1,C03,6,3,5,30,14,9,1,4,4,5,7,4,4,10,5,5,2,11,1,72,2,9,1,4,7,9,1,10,1,11,,26,26,1,22,9,121.4979106,25.0342445
111,7,29,20,45,2,02萬華區,萬華區大理街114號,0,0,2,2,C03,6,3,5,30,14,9,1,4,4,5,7,4,4,10,5,5,2,11,1,28,2,9,1,4,7,9,1,10,1,11,,44,26,1,22,9,121.4979106,25.0342445
111,7,29,21,0,2,04大安區,大安區青田街與青田街12巷口,0,0,1,1,C03,6,3,5,30,4,1,1,4,4,5,7,4,4,9,4,5,2,15,1,53,2,8,1,1,7,9,1,10,1,14,,6,6,1,21,8,121.5319841,25.0269671
111,7,29,21,0,2,04大安區,大安區青田街與青田街12巷口,0,0,1,2,B03,6,3,5,30,4,1,1,4,4,5,7,4,4,9,4,5,2,15,1,49,3,10,1,1,7,9,1,8,1,1,,14,6,1,21,8,121.5319841,25.0269671
111,7,29,21,9,2,10文山區,文山區景美街與景中街口,0,0,1,1,C03,6,3,5,30,4,1,1,4,4,5,7,4,4,10,5,5,2,11,1,37,3,10,1,1,7,5,1,10,2,11,,6,6,1,22,9,121.5416956,24.992981
111,7,29,21,9,2,10文山區,文山區景美街與景中街口,0,0,1,2,F01,6,3,5,30,4,1,1,4,4,5,7,4,4,10,5,5,2,11,2,53,2,9,1,1,7,9,8,20,2,16,,23,6,1,22,9,121.5416956,24.992981
111,7,29,21,15,2,06松山區,松山區健康路15巷與敦化北路155巷口,0,0,1,1,C03,7,3,5,30,3,1,1,4,4,5,7,1,1,5,4,5,2,16,1,23,2,9,3,4,7,5,1,9,1,12,,6,6,1,22,9,121.5528899,25.05422252
111,7,29,21,15,2,06松山區,松山區健康路15巷與敦化北路155巷口,0,0,1,2,B01,7,3,5,30,3,1,1,4,4,5,7,1,1,5,4,5,2,16,1,68,3,10,3,4,7,9,1,4,1,4,,44,6,1,22,9,121.5528899,25.05422252
111,7,29,21,15,2,10文山區,文山區木柵路4段60號前,0,0,1,1,A02,8,3,5,50,14,9,1,5,4,5,7,1,1,5,4,5,2,9,1,53,3,10,1,1,7,1,1,2,9,15,,43,36,1,21,4,121.5740971,24.9976851
111,7,29,21,15,2,10文山區,文山區木柵路4段60號前,0,0,1,2,H02,8,3,5,50,14,9,1,5,4,5,7,1,1,5,4,5,2,9,2,52,2,9,4,5,7,19,8,20,10,16,,67,36,1,22,4,121.5740971,24.9976851
111,7,29,21,25,2,08士林區,士林區中山北路6段與中山北路6段450巷口,0,0,1,1,B03,6,3,5,50,4,1,1,4,4,5,7,1,1,1,5,5,2,12,1,70,3,10,1,1,7,11,1,8,1,15,,10,10,1,22,9,121.5273457,25.11441178
111,7,29,21,25,2,08士林區,士林區中山北路6段與中山北路6段450巷口,0,0,1,2,C03,6,3,5,50,4,1,1,4,4,5,7,1,1,1,5,5,2,12,1,53,2,9,1,1,7,9,1,9,1,14,,44,10,1,22,9,121.5273457,25.11441178
111,7,29,21,45,2,05中正區,中正區八德路1段與臨沂街口,0,0,1,1,B03,7,1,5,50,3,1,1,5,4,5,7,3,1,5,4,5,2,17,2,51,3,10,1,1,7,5,1,8,2,4,,8,8,1,22,9,121.5308019,25.0438672
111,7,29,21,45,2,05中正區,中正區八德路1段與臨沂街口,0,0,1,2,C03,7,1,5,50,3,1,1,5,4,5,7,3,1,5,4,5,2,17,1,36,2,9,1,1,7,9,1,10,2,12,,44,8,1,22,9,121.5308019,25.0438672
111,7,29,22,11,2,07信義區,信義區和平東路3段391巷與和平東路3段435巷口,0,0,1,1,C03,6,3,5,30,4,1,1,4,4,5,7,4,4,9,5,5,2,15,1,36,2,9,1,1,7,9,1,10,1,11,,6,6,1,22,9,121.5595203,25.0208605
111,7,29,22,11,2,07信義區,信義區和平東路3段391巷與和平東路3段435巷口,0,0,1,2,B02,6,3,5,30,4,1,1,4,4,5,7,4,4,9,5,5,2,15,1,38,3,10,1,1,7,9,1,8,1,8,,23,6,1,22,9,121.5595203,25.0208605
111,7,29,22,15,2,09北投區,北投區中央北路4段與大度路3段口,0,0,1,1,B03,6,3,5,50,15,18,1,4,4,5,7,1,1,10,5,5,2,2,1,37,3,10,1,1,7,5,1,8,11,8,,15,15,1,22,9,121.4643083,25.1237802
111,7,29,22,15,2,09北投區,北投區中央北路4段與大度路3段口,0,0,1,2,H01,6,3,5,50,15,18,1,4,4,5,7,1,1,10,5,5,2,2,2,26,2,8,4,5,8,16,8,20,10,16,,67,15,1,22,9,121.4643083,25.1237802
111,7,29,22,30,2,03中山區,中山區北安路與崇實路口,0,0,1,1,B03,7,3,5,50,4,2,1,4,4,5,7,1,1,1,4,5,2,16,1,45,3,10,1,4,7,8,1,8,2,5,,7,7,1,22,9,121.545109,25.07983205
111,7,29,22,30,2,03中山區,中山區北安路與崇實路口,0,0,1,2,C03,7,3,5,50,4,2,1,4,4,5,7,1,1,1,4,5,2,16,1,27,2,9,1,4,7,9,1,10,2,11,,44,7,1,22,9,121.545109,25.07983205
111,7,29,22,51,2,03中山區,中山區民權西路60號,0,0,2,1,B03,7,3,5,50,14,9,1,4,4,5,7,4,4,1,4,5,2,17,1,40,3,10,1,1,7,13,1,8,1,15,,40,40,1,22,9,121.5201613,25.062734
111,7,29,22,51,2,03中山區,中山區民權西路60號,0,0,2,2,C03,7,3,5,50,14,9,1,4,4,5,7,4,4,1,4,5,2,17,1,37,2,9,1,1,7,12,1,10,1,14,,44,40,1,22,9,121.5201613,25.062734
111,7,29,22,51,2,03中山區,中山區民權西路60號,0,0,2,3,C03,7,3,5,50,14,9,1,4,4,5,7,4,4,1,4,5,2,17,1,25,2,9,1,1,7,12,1,10,1,11,,23,40,1,22,9,121.5201613,25.062734
111,7,29,23,20,2,05中正區,中正區汀州路3段與基隆路4段口,0,0,1,1,B02,6,3,5,50,4,1,1,4,4,5,7,1,1,1,4,1,2,16,1,28,3,10,1,1,7,5,1,8,1,5,,8,8,1,22,9,121.5362863,25.0110523
111,7,29,23,20,2,05中正區,中正區汀州路3段與基隆路4段口,0,0,1,2,C03,6,3,5,50,4,1,1,4,4,5,7,1,1,1,4,1,2,16,1,19,2,9,1,1,7,9,1,10,1,11,,13,8,1,22,9,121.5362863,25.0110523
111,7,29,23,37,2,12內湖區,內湖區成功路3段與星雲街口,0,0,3,1,B02,6,3,5,50,4,1,1,4,4,5,7,1,1,1,4,5,2,17,1,42,3,10,1,1,7,6,1,8,2,1,,9,9,1,22,9,121.5900053,25.0775031
111,7,29,23,37,2,12內湖區,內湖區成功路3段與星雲街口,0,0,3,2,C03,6,3,5,50,4,1,1,4,4,5,7,1,1,1,4,5,2,17,1,49,2,9,1,1,7,14,1,10,1,11,,44,9,1,22,9,121.5900053,25.0775031
111,7,29,23,37,2,12內湖區,內湖區成功路3段與星雲街口,0,0,3,3,C03,6,3,5,50,4,1,1,4,4,5,7,1,1,1,4,5,2,17,1,34,2,9,1,1,7,14,1,10,1,11,,44,9,1,22,9,121.5900053,25.0775031
111,7,29,23,37,2,12內湖區,內湖區成功路3段與星雲街口,0,0,3,4,C03,6,3,5,50,4,1,1,4,4,5,7,1,1,1,4,5,2,17,1,44,2,7,1,1,7,14,1,10,1,11,,44,9,1,22,9,121.5900053,25.0775031
111,7,30,0,6,2,06松山區,松山區民權東路3段與復興北路口,0,0,1,1,B01,6,3,5,50,4,1,1,4,4,5,7,1,1,1,4,5,2,13,1,68,3,10,1,1,7,9,1,4,1,1,,23,23,1,22,9,121.5443763,25.06225307
111,7,30,0,6,2,06松山區,松山區民權東路3段與復興北路口,0,0,1,2,C03,6,3,5,50,4,1,1,4,4,5,7,1,1,1,4,5,2,13,2,38,2,9,1,1,7,9,1,10,1,13,,44,23,1,22,9,121.5443763,25.06225307
111,7,30,0,51,2,06松山區,松山區市民大道4段37巷與市民大道4段口,0,0,1,1,B03,6,3,5,40,15,9,1,4,4,5,7,4,4,8,3,5,1,17,1,52,3,10,3,1,7,5,1,8,1,15,,6,6,1,22,9,121.54498,25.04509992
111,7,30,0,51,2,06松山區,松山區市民大道4段37巷與市民大道4段口,0,0,1,2,C03,6,3,5,40,15,9,1,4,4,5,7,4,4,8,3,5,1,17,1,38,2,9,3,1,7,9,1,10,1,14,,44,6,1,22,9,121.54498,25.04509992
111,7,30,1,45,2,08士林區,士林區中山北路6段與中山北路6段405巷口,0,0,1,1,C03,7,3,5,50,3,1,1,5,4,5,7,1,1,1,4,5,2,17,1,54,2,9,1,1,7,9,1,10,1,14,,13,42,1,22,9,121.5269257,25.11346215
111,7,30,1,45,2,08士林區,士林區中山北路6段與中山北路6段405巷口,0,0,1,2,B03,7,3,5,50,3,1,1,5,4,5,7,1,1,1,4,5,2,17,1,42,3,10,1,1,7,12,1,8,1,15,,25,42,1,22,9,121.5269257,25.11346215
111,7,30,2,57,2,02萬華區,萬華區西園路2段281巷與德昌街口,0,0,1,1,C03,8,3,5,30,5,1,1,5,4,5,7,3,1,10,5,5,2,15,1,63,2,7,1,1,7,9,1,10,1,11,,6,6,1,22,9,121.492801,25.0233268
111,7,30,2,57,2,02萬華區,萬華區西園路2段281巷與德昌街口,0,0,1,2,B12,8,3,5,30,5,1,1,5,4,5,7,3,1,10,5,5,2,15,1,60,3,10,1,1,7,9,1,8,1,2,,14,6,1,22,9,121.492801,25.0233268
111,7,30,5,36,2,02萬華區,萬華區富民路153號,0,0,1,1,B12,8,1,5,50,14,9,1,5,4,5,7,4,4,10,4,5,2,13,1,42,3,10,1,1,7,9,1,8,1,5,,43,43,1,22,9,121.5000188,25.01783029
111,7,30,5,36,2,02萬華區,萬華區富民路153號,0,0,1,2,C03,8,1,5,50,14,9,1,5,4,5,7,4,4,10,4,5,2,13,1,58,2,8,1,1,7,9,1,10,1,13,,43,43,1,22,9,121.5000188,25.01783029
111,7,30,5,36,2,02萬華區,萬華區富民路153號,0,0,1,3,G06,8,1,5,50,14,9,1,5,4,5,7,4,4,10,4,5,2,13,1,25,3,10,4,1,7,9,7,19,1,15,,43,43,1,22,9,121.5000188,25.01783029
111,7,30,6,21,2,10文山區,文山區興隆路4段26號,0,0,1,1,F01,8,1,5,50,15,9,1,5,4,5,7,1,1,1,4,5,2,12,1,27,3,10,3,4,7,5,8,20,2,16,,8,8,1,22,9,121.5601353,24.98872123
111,7,30,6,21,2,10文山區,文山區興隆路4段26號,0,0,1,2,C03,8,1,5,50,15,9,1,5,4,5,7,1,1,1,4,5,2,12,1,20,2,9,1,4,7,9,1,10,2,11,,13,8,1,22,9,121.5601353,24.98872123
111,7,30,6,34,2,01大同區,大同區延平北路4段高公橋下,0,0,1,1,B03,8,1,5,50,14,9,1,5,4,5,7,4,4,1,4,5,2,12,1,43,4,11,3,4,7,15,7,19,11,15,,23,23,2,22,9,121.5121546,25.07716355
111,7,30,6,34,2,01大同區,大同區延平北路4段高公橋下,0,0,1,2,F01,8,1,5,50,14,9,1,5,4,5,7,4,4,1,4,5,2,12,1,74,2,9,1,1,7,9,8,20,1,16,,44,23,1,22,9,121.5121546,25.07716355
111,7,30,6,58,2,04大安區,大安區和平東路1段182號,0,0,1,1,A02,8,1,5,40,14,8,1,5,4,5,7,4,4,1,4,4,2,9,1,48,3,10,1,1,7,9,1,2,2,15,,44,44,1,22,9,121.5298121,25.0263906
111,7,30,6,58,2,04大安區,大安區和平東路1段182號,0,0,1,2,H02,8,1,5,40,14,8,1,5,4,5,7,4,4,1,4,4,2,9,1,88,2,9,4,5,7,20,8,20,10,16,,67,44,1,22,9,121.5298121,25.0263906
111,7,30,7,26,2,02萬華區,萬華區堤外便道近果菜市場水門,0,0,3,1,G06,8,1,5,50,14,9,1,5,4,5,7,4,4,5,5,5,2,12,2,66,2,4,4,1,7,7,7,19,1,15,,7,7,1,22,9,121.4977471,25.01645037
111,7,30,7,26,2,02萬華區,萬華區堤外便道近果菜市場水門,0,0,3,2,C03,8,1,5,50,14,9,1,5,4,5,7,4,4,5,5,5,2,12,1,48,2,9,1,1,7,9,1,10,1,12,,44,7,1,22,9,121.4977471,25.01645037
111,7,30,7,26,2,02萬華區,萬華區堤外便道近果菜市場水門,0,0,3,3,C03,8,1,5,50,14,9,1,5,4,5,7,4,4,5,5,5,2,12,1,55,2,8,1,3,7,9,1,10,1,11,,44,7,1,22,9,121.4977471,25.01645037
111,7,30,7,45,2,05中正區,中正區信義路1段與杭州南路1段口,0,0,3,1,B03,8,1,5,50,4,1,1,5,4,5,7,1,1,10,4,5,1,12,2,30,3,10,1,1,7,6,1,8,2,2,,9,9,1,22,9,121.5240891,25.0354414
111,7,30,7,45,2,05中正區,中正區信義路1段與杭州南路1段口,0,0,3,2,C03,8,1,5,50,4,1,1,5,4,5,7,1,1,10,4,5,1,12,1,35,2,7,1,1,7,9,1,10,2,14,,44,9,1,22,9,121.5240891,25.0354414
111,7,30,7,45,2,05中正區,中正區信義路1段與杭州南路1段口,0,0,3,3,C03,8,1,5,50,4,1,1,5,4,5,7,1,1,10,4,5,1,12,1,41,2,8,1,1,7,9,1,10,2,11,,44,9,1,22,9,121.5240891,25.0354414
111,7,30,7,45,2,05中正區,中正區信義路1段與杭州南路1段口,0,0,3,4,H02,8,1,5,50,4,1,1,5,4,5,7,1,1,10,4,5,1,12,2,42,2,8,1,1,7,17,8,20,10,16,,67,9,1,22,9,121.5240891,25.0354414
111,7,30,7,45,2,10文山區,文山區辛亥路4段與辛亥路4段222巷口,0,0,1,1,C03,8,1,5,30,3,1,1,5,4,5,7,3,1,10,5,5,2,16,1,22,3,10,1,1,7,5,1,10,2,11,,6,6,1,22,9,121.5553871,25.00222925
111,7,30,7,45,2,10文山區,文山區辛亥路4段與辛亥路4段222巷口,0,0,1,2,C03,8,1,5,30,3,1,1,5,4,5,7,3,1,10,5,5,2,16,2,63,2,9,1,1,7,9,1,10,2,11,,44,6,1,22,9,121.5553871,25.00222925
111,7,30,7,50,2,08士林區,士林區延平北路7段106巷與延平北路7段106巷94弄口,0,0,1,1,B12,8,1,5,30,3,1,1,5,4,5,7,4,4,10,5,5,1,17,1,62,3,10,1,1,7,6,1,8,1,15,,6,6,1,22,9,121.4962403,25.09914627
111,7,30,7,50,2,08士林區,士林區延平北路7段106巷與延平北路7段106巷94弄口,0,0,1,2,C03,8,1,5,30,3,1,1,5,4,5,7,4,4,10,5,5,1,17,1,27,2,7,1,1,7,9,1,8,1,12,,13,6,1,22,9,121.4962403,25.09914627
111,7,30,8,7,2,10文山區,文山區福和橋機車道西向東(接水源快速道路匝道橋墩旁),0,0,1,1,C03,8,1,5,40,14,11,1,5,4,5,7,4,4,1,4,4,2,17,2,42,3,10,1,1,7,9,1,10,1,15,,30,30,1,22,9,121.5351707,25.01030149
111,7,30,8,7,2,10文山區,文山區福和橋機車道西向東(接水源快速道路匝道橋墩旁),0,0,1,2,C03,8,1,5,40,14,11,1,5,4,5,7,4,4,1,4,4,2,17,1,37,2,9,1,1,7,9,1,10,1,14,,13,30,1,22,9,121.5351707,25.01030149
111,7,30,8,37,2,03中山區,中山區新生高架道與濱江街口,0,0,1,1,B03,8,1,5,50,3,1,1,5,4,5,7,3,1,1,4,5,2,16,1,24,3,10,3,4,7,5,1,8,1,2,,6,6,1,22,9,121.5278408,25.07077116
111,7,30,8,37,2,03中山區,中山區新生高架道與濱江街口,0,0,1,2,B01,8,1,5,50,3,1,1,5,4,5,7,3,1,1,4,5,2,16,1,39,2,7,3,4,7,9,1,4,1,1,,44,6,1,22,9,121.5278408,25.07077116
111,7,30,10,9,2,12內湖區,內湖區五分街75號前,0,0,1,1,C03,8,1,5,40,14,9,1,5,4,5,7,4,4,5,5,5,2,16,1,68,3,10,1,1,7,11,1,10,1,11,,26,26,1,22,9,121.6150123,25.06736978
111,7,30,10,9,2,12內湖區,內湖區五分街75號前,0,0,1,2,C03,8,1,5,40,14,9,1,5,4,5,7,4,4,5,5,5,2,16,2,48,2,9,1,1,7,9,1,10,1,12,,44,26,1,22,9,121.6150123,25.06736978
111,7,30,10,20,2,01大同區,大同區太原路133巷27號,0,0,1,1,C03,8,1,5,30,14,9,1,5,4,5,7,4,4,10,4,5,2,17,1,73,3,10,3,4,7,1,1,10,1,15,,19,19,1,22,9,121.5167051,25.05311979
111,7,30,10,20,2,01大同區,大同區太原路133巷27號,0,0,1,2,C03,8,1,5,30,14,9,1,5,4,5,7,4,4,10,4,5,2,17,1,45,2,9,3,4,7,9,1,10,1,11,,44,19,1,22,9,121.5167051,25.05311979
111,7,30,10,24,1,08士林區,士林區永公路與永公路245巷口,1,0,0,1,B12,8,1,5,30,3,1,1,5,4,5,7,4,4,10,5,5,1,17,1,42,3,10,3,4,7,9,3,18,2,5,,5,5,1,22,9,121.5568166,25.12095816
111,7,30,10,24,1,08士林區,士林區永公路與永公路245巷口,1,0,0,2,C03,8,1,5,30,3,1,1,5,4,5,7,4,4,10,5,5,1,17,1,54,1,1,3,4,7,9,1,10,11,12,,5,5,1,22,9,121.5568166,25.12095816
111,7,30,10,25,2,08士林區,士林區中山北路6段441巷與中山北路6段405巷口,0,0,1,1,C03,8,1,5,30,4,1,1,5,4,5,7,4,4,4,3,5,1,17,1,58,2,8,1,1,7,5,1,10,1,14,,6,6,1,22,9,121.5273574,25.11539991
111,7,30,10,25,2,08士林區,士林區中山北路6段441巷與中山北路6段405巷口,0,0,1,2,C03,8,1,5,30,4,1,1,5,4,5,7,4,4,4,3,5,1,17,1,34,3,10,1,1,7,9,1,10,1,11,,4,6,1,22,9,121.5273574,25.11539991
111,7,30,10,30,2,03中山區,中山區龍江路65巷與朱崙街53巷口,0,0,1,1,C03,8,1,5,30,4,1,1,5,4,5,7,4,4,10,5,5,2,16,1,67,2,9,1,1,7,9,1,10,1,12,,6,6,1,22,9,121.5411552,25.0504928
111,7,30,10,30,2,03中山區,中山區龍江路65巷與朱崙街53巷口,0,0,1,2,B03,8,1,5,30,4,1,1,5,4,5,7,4,4,10,5,5,2,16,1,28,3,10,1,1,7,9,1,8,1,1,,14,6,1,22,9,121.5411552,25.0504928
111,7,30,10,34,2,12內湖區,內湖區麗山街46巷14號,0,0,2,1,F01,8,1,5,30,14,9,1,5,4,5,7,4,4,10,5,5,2,17,1,75,2,9,1,1,7,8,8,20,2,16,,7,7,1,22,9,121.5797755,25.08088839
111,7,30,10,34,2,12內湖區,內湖區麗山街46巷14號,0,0,2,2,C03,8,1,5,30,14,9,1,5,4,5,7,4,4,10,5,5,2,17,1,17,2,9,1,1,7,9,2,18,2,12,,13,7,1,22,9,121.5797755,25.08088839
111,7,30,10,35,2,12內湖區,內湖區康寧路3段245巷與康寧路3段265巷口,0,0,1,1,C03,8,1,5,50,3,1,1,5,4,5,7,4,4,5,5,5,2,17,1,45,3,10,1,1,7,5,1,10,1,11,,8,8,1,22,9,121.6127511,25.06666497
111,7,30,10,35,2,12內湖區,內湖區康寧路3段245巷與康寧路3段265巷口,0,0,1,2,C03,8,1,5,50,3,1,1,5,4,5,7,4,4,5,5,5,2,17,1,26,2,7,1,1,7,9,1,10,1,14,,44,8,1,22,9,121.6127511,25.06666497
111,7,30,10,40,2,03中山區,中山區民權東路3段4號,0,0,2,1,C03,8,1,5,50,14,9,1,5,4,5,7,4,4,3,4,5,2,13,1,45,2,9,1,1,7,8,6,10,1,13,,7,7,1,22,9,121.5380347,25.06225795
111,7,30,10,40,2,03中山區,中山區民權東路3段4號,0,0,2,2,C03,8,1,5,50,14,9,1,5,4,5,7,4,4,3,4,5,2,13,2,22,2,9,1,1,7,9,1,10,1,11,,16,7,1,22,9,121.5380347,25.06225795
111,7,30,10,40,2,07信義區,信義區福德街300巷與福德街300巷44弄口,0,0,2,1,C03,8,1,5,30,4,1,1,5,4,5,7,4,4,9,5,5,2,15,1,69,2,9,1,1,7,9,1,10,1,11,,6,6,1,22,9,121.586536,25.0408386
111,7,30,10,40,2,07信義區,信義區福德街300巷與福德街300巷44弄口,0,0,2,2,C03,8,1,5,30,4,1,1,5,4,5,7,4,4,9,5,5,2,15,2,54,2,9,1,1,7,9,1,10,1,11,,14,6,1,22,9,121.586536,25.0408386
111,7,30,10,43,2,01大同區,大同區寧夏路與涼州街口,0,0,1,1,B01,8,1,5,50,4,1,1,5,4,5,7,1,1,5,5,5,2,1,1,56,3,10,1,1,7,5,1,4,2,8,,15,15,1,22,9,121.5143411,25.0608276
111,7,30,10,43,2,01大同區,大同區寧夏路與涼州街口,0,0,1,2,H01,8,1,5,50,4,1,1,5,4,5,7,1,1,5,5,5,2,1,2,63,2,1,4,5,8,16,8,20,10,16,,67,15,1,22,9,121.5143411,25.0608276
111,7,30,10,43,2,03中山區,中山區民生東路3段2號,0,0,1,1,B03,8,1,5,50,14,9,1,5,4,5,7,4,4,1,3,5,1,16,1,51,3,10,3,4,7,1,1,8,2,8,,19,19,1,22,9,121.5379915,25.05776052