發生年度,發生月,發生日,發生時-Hours,發生分,處理別-編號,區序,肇事地點,死亡人數,2-30日死亡人數,受傷人數,當事人序號,車種,天候,光線,道路類別,速限-速度限制,道路型態,事故位置,路面狀況1,路面狀況2,路面狀況3,道路障礙1,道路障礙2,號誌1,號誌2,車道劃分-分向,車道劃分-分道1,車道劃分-分道2,車道劃分-分道3,事故類型及型態,性別,年齡,受傷程度,主要傷處,安全帽,行動電話,車輛用途,當事者行動狀態,駕駛資格情形,駕駛執照種類,飲酒情形,車輛撞擊部位1,車輛撞擊部位2,肇因碼-個別,肇因碼-主要,個人肇逃否,職業,旅次目的,座標-X,座標-Y
111,7,30,10,43,2,03中山區,中山區民生東路3段2號,0,0,1,2,C03,8,1,5,50,14,9,1,5,4,5,7,4,4,1,3,5,1,16,1,65,2,9,1,1,7,9,1,10,2,11,,13,19,1,22,9,121.5379915,25.05776052
111,7,30,10,50,2,08士林區,士林區承德路4段295號,0,0,1,1,C03,8,1,5,50,14,9,1,5,4,5,7,1,1,1,4,5,1,13,1,23,2,9,1,1,7,12,1,10,1,11,,16,16,1,22,9,121.5188349,25.08996611
111,7,30,10,50,2,08士林區,士林區承德路4段295號,0,0,1,2,B03,8,1,5,50,14,9,1,5,4,5,7,1,1,1,4,5,1,13,1,52,3,10,1,1,7,14,1,8,1,6,,44,16,1,22,9,121.5188349,25.08996611
111,7,30,10,50,2,10文山區,文山區福興路82巷與福興路106巷28弄口,0,0,1,1,F01,8,1,5,30,3,1,1,5,4,5,7,4,4,10,5,5,2,16,2,76,2,9,1,1,7,5,8,20,1,16,,8,8,1,22,9,121.5501062,25.0055896
111,7,30,10,50,2,10文山區,文山區福興路82巷與福興路106巷28弄口,0,0,1,2,C03,8,1,5,30,3,1,1,5,4,5,7,4,4,10,5,5,2,16,1,36,3,10,1,1,7,9,1,10,1,11,,14,8,1,22,9,121.5501062,25.0055896
111,7,30,10,55,2,09北投區,北投區石牌路1段與承德路7段口,0,0,1,1,B01,8,1,5,60,3,1,1,5,4,5,7,2,1,1,4,4,2,16,1,56,3,10,3,4,7,9,1,2,1,6,,44,44,1,22,9,121.5093742,25.11255167
111,7,30,10,55,2,09北投區,北投區石牌路1段與承德路7段口,0,0,1,2,C03,8,1,5,60,3,1,1,5,4,5,7,2,1,1,4,4,2,16,1,30,2,9,3,4,7,7,1,10,1,14,,7,44,1,22,9,121.5093742,25.11255167
111,7,30,11,5,2,02萬華區,萬華區西園路1段306巷與大理街口,0,0,1,1,B01,8,1,5,50,4,1,1,5,4,5,7,4,4,5,1,5,1,3,1,62,3,10,1,1,7,9,1,4,11,1,,15,15,1,22,9,121.4993491,25.03448835
111,7,30,11,5,2,02萬華區,萬華區西園路1段306巷與大理街口,0,0,1,2,H01,8,1,5,50,4,1,1,5,4,5,7,4,4,5,1,5,1,3,2,26,2,9,4,5,8,16,8,20,10,16,,67,15,1,22,9,121.4993491,25.03448835
111,7,30,11,9,2,08士林區,士林區德行東路109巷54號,0,0,2,1,C04,8,1,5,30,14,9,1,5,4,5,7,4,4,9,5,5,2,17,1,72,2,9,1,1,7,9,1,10,1,12,,44,44,1,22,9,121.5284634,25.10920681
111,7,30,11,9,2,08士林區,士林區德行東路109巷54號,0,0,2,2,C03,8,1,5,30,14,9,1,5,4,5,7,4,4,9,5,5,2,17,1,34,2,7,1,1,7,5,1,10,1,14,,8,44,1,22,9,121.5284634,25.10920681
111,7,30,11,10,2,05中正區,中正區館前路與開封街1段口,0,0,1,1,C03,8,1,5,50,3,1,1,5,4,5,7,4,4,10,4,5,2,3,1,26,3,10,1,1,7,9,1,10,11,11,,15,15,1,22,9,121.5150541,25.046064
111,7,30,11,10,2,05中正區,中正區館前路與開封街1段口,0,0,1,2,H01,8,1,5,50,3,1,1,5,4,5,7,4,4,10,4,5,2,3,2,26,2,9,4,5,8,16,8,20,10,16,,67,15,1,22,9,121.5150541,25.046064
111,7,30,11,16,2,07信義區,信義區福德街268巷與福德街268巷26弄口,0,0,1,1,C03,8,1,5,30,4,1,1,5,4,5,5,4,4,9,5,5,2,15,2,48,2,9,1,1,7,9,6,10,1,12,,6,6,1,22,9,121.5857283,25.03973481
111,7,30,11,16,2,07信義區,信義區福德街268巷與福德街268巷26弄口,0,0,1,2,B03,8,1,5,30,4,1,1,5,4,5,5,4,4,9,5,5,2,15,1,29,3,10,1,1,7,9,1,8,1,1,,14,6,1,22,9,121.5857283,25.03973481
111,7,30,11,18,2,02萬華區,萬華區和平西路3段與艋舺大道口,0,0,2,1,C03,8,1,5,50,5,1,1,5,4,5,7,1,1,8,3,1,1,17,1,40,2,8,1,1,7,8,1,10,1,12,,7,7,1,22,9,121.5047749,25.0338157
111,7,30,11,18,2,02萬華區,萬華區和平西路3段與艋舺大道口,0,0,2,2,C03,8,1,5,50,5,1,1,5,4,5,7,1,1,8,3,1,1,17,2,21,2,9,1,1,7,9,1,10,1,11,,44,7,1,22,9,121.5047749,25.0338157
111,7,30,11,25,2,04大安區,大安區光復南路與忠孝東路4段口,0,0,1,1,C03,8,1,5,50,14,9,1,5,4,5,7,2,1,1,4,5,2,12,2,53,2,6,3,4,7,8,1,10,1,13,,7,7,1,22,9,121.5575823,25.04144109
111,7,30,11,25,2,04大安區,大安區光復南路與忠孝東路4段口,0,0,1,2,B01,8,1,5,50,14,9,1,5,4,5,7,2,1,1,4,5,2,12,1,68,3,10,3,4,7,9,1,4,1,1,,23,7,1,22,9,121.5575823,25.04144109
111,7,30,11,25,2,04大安區,大安區光復南路與忠孝東路4段口,0,0,1,3,C03,8,1,5,50,14,9,1,5,4,5,7,2,1,1,4,5,2,12,1,21,3,10,3,4,7,14,1,10,1,14,,44,7,1,22,9,121.5575823,25.04144109
111,7,30,11,30,2,07信義區,信義區基隆路1段126號旁,0,0,1,1,C02,8,1,5,50,14,9,1,5,4,5,7,4,4,1,4,5,2,17,1,36,2,9,1,1,7,7,1,9,2,13,,7,7,1,22,9,121.5666445,25.04500936
111,7,30,11,30,2,07信義區,信義區基隆路1段126號旁,0,0,1,2,B12,8,1,5,50,14,9,1,5,4,5,7,4,4,1,4,5,2,17,1,37,3,10,1,1,7,8,1,8,2,5,,7,7,1,22,9,121.5666445,25.04500936
111,7,30,11,41,2,05中正區,中正區中山南路與信義路1段口口,0,0,1,1,B03,8,1,5,50,5,2,1,5,4,5,7,1,1,3,3,3,2,17,1,30,3,10,1,1,7,9,1,8,2,5,,25,25,1,22,9,121.5179319,25.0387164
111,7,30,11,41,2,05中正區,中正區中山南路與信義路1段口口,0,0,1,2,C03,8,1,5,50,5,2,1,5,4,5,7,1,1,3,3,3,2,17,1,46,2,9,1,1,7,9,1,10,2,14,,44,25,1,22,9,121.5179319,25.0387164
111,7,30,12,4,2,07信義區,信義區信義路5段100號,0,0,1,1,B01,8,1,5,50,14,9,1,5,4,5,7,1,1,5,4,5,2,12,1,54,3,10,1,1,7,8,1,4,1,2,,6,6,1,22,9,121.5654221,25.03250096
111,7,30,12,4,2,07信義區,信義區信義路5段100號,0,0,1,2,C03,8,1,5,50,14,9,1,5,4,5,7,1,1,5,4,5,2,12,1,38,2,8,1,1,7,9,1,10,1,14,,44,6,1,22,9,121.5654221,25.03250096
111,7,30,12,13,2,05中正區,中正區師大路166號前,0,0,1,1,C03,8,1,5,40,14,8,1,5,4,5,7,1,1,1,4,5,1,17,2,62,3,10,1,1,7,9,1,10,2,12,,23,23,1,22,9,121.525814,25.02100686
111,7,30,12,13,2,05中正區,中正區師大路166號前,0,0,1,2,C04,8,1,5,40,14,8,1,5,4,5,7,1,1,1,4,5,1,17,2,50,2,9,1,1,7,15,1,8,2,14,,35,23,1,22,9,121.525814,25.02100686
111,7,30,12,34,2,03中山區,中山區民族東路512巷與民族東路512巷13弄口,0,0,2,1,C02,8,1,5,30,4,1,1,5,4,3,7,4,4,4,4,5,1,16,1,29,3,10,1,1,7,9,1,9,1,12,,6,6,1,22,9,121.5420043,25.06681768
111,7,30,12,34,2,03中山區,中山區民族東路512巷與民族東路512巷13弄口,0,0,2,2,C03,8,1,5,30,4,1,1,5,4,3,7,4,4,4,4,5,1,16,1,41,2,8,1,1,7,9,1,10,1,11,,44,6,1,22,9,121.5420043,25.06681768
111,7,30,12,34,2,03中山區,中山區民族東路512巷與民族東路512巷13弄口,0,0,2,4,B03,8,1,5,30,4,1,1,5,4,3,7,4,4,4,4,5,1,16,1,52,3,10,3,4,7,14,1,8,1,15,,38,6,1,22,9,121.5420043,25.06681768
111,7,30,12,34,2,03中山區,中山區民族東路512巷與民族東路512巷13弄口,0,0,2,3,H02,8,1,5,30,4,1,1,5,4,3,7,4,4,4,4,5,1,16,2,30,2,8,1,5,7,20,8,20,10,16,,67,6,1,22,9,121.5420043,25.06681768
111,7,30,12,37,2,01大同區,大同區民權西路與承德路2段口,0,0,2,1,C03,8,1,5,50,4,1,1,5,4,5,7,1,1,1,4,5,2,13,1,39,4,11,3,4,7,15,7,19,11,15,,44,44,2,22,9,121.51822,25.0628392
111,7,30,12,37,2,01大同區,大同區民權西路與承德路2段口,0,0,2,2,C03,8,1,5,50,4,1,1,5,4,5,7,1,1,1,4,5,2,13,1,34,2,9,1,1,7,9,1,10,1,11,,16,44,1,22,9,121.51822,25.0628392
111,7,30,12,37,2,01大同區,大同區民權西路與承德路2段口,0,0,2,3,C03,8,1,5,50,4,1,1,5,4,5,7,1,1,1,4,5,2,13,1,22,2,9,1,1,7,9,1,10,1,11,,16,44,1,22,9,121.51822,25.0628392
111,7,30,12,37,2,01大同區,大同區民權西路與承德路2段口,0,0,2,4,C03,8,1,5,50,4,1,1,5,4,5,7,1,1,1,4,5,2,13,1,45,3,10,1,1,7,9,1,10,1,13,,44,44,1,22,9,121.51822,25.0628392
111,7,30,12,37,2,01大同區,大同區民權西路與承德路2段口,0,0,2,5,C03,8,1,5,50,4,1,1,5,4,5,7,1,1,1,4,5,2,13,1,26,3,10,1,1,7,9,6,10,1,11,,16,44,1,22,9,121.51822,25.0628392
111,7,30,13,2,2,04大安區,大安區敦化南路1段187巷與忠孝東路4段147巷口,0,0,1,1,B01,8,1,5,30,4,1,1,5,4,5,7,4,4,9,4,5,2,15,1,57,3,10,1,1,7,9,1,2,1,8,,6,6,1,22,9,121.5496867,25.04254664
111,7,30,13,2,2,04大安區,大安區敦化南路1段187巷與忠孝東路4段147巷口,0,0,1,2,C03,8,1,5,30,4,1,1,5,4,5,7,4,4,9,4,5,2,15,1,37,2,8,1,1,7,9,1,10,1,11,,13,6,1,22,9,121.5496867,25.04254664
111,7,30,13,42,2,04大安區,大安區辛亥路3段30號,0,0,2,1,C03,8,1,5,50,14,9,1,5,4,5,7,4,4,8,4,5,1,17,2,20,2,9,3,4,7,1,1,10,1,13,,19,19,1,22,9,121.5451729,25.02024027
111,7,30,13,42,2,04大安區,大安區辛亥路3段30號,0,0,2,2,C03,8,1,5,50,14,9,1,5,4,5,7,4,4,8,4,5,1,17,2,56,2,9,3,4,7,15,1,10,1,12,,44,19,1,22,9,121.5451729,25.02024027
111,7,30,13,42,2,04大安區,大安區辛亥路3段30號,0,0,2,3,B12,8,1,5,50,14,9,1,5,4,5,7,4,4,8,4,5,1,17,1,72,4,11,3,4,7,15,7,19,11,15,,44,19,2,22,9,121.5451729,25.02024027
111,7,30,14,5,2,01大同區,大同區大龍街與酒泉街口,0,0,1,1,B03,8,1,5,50,4,1,1,2,4,5,7,1,1,5,4,5,2,17,1,40,4,11,3,4,7,15,7,19,11,15,,42,42,2,22,9,121.5159169,25.0719716
111,7,30,14,5,2,01大同區,大同區大龍街與酒泉街口,0,0,1,2,C03,8,1,5,50,4,1,1,2,4,5,7,1,1,5,4,5,2,17,1,51,2,9,1,1,7,6,1,10,1,12,,44,42,1,22,9,121.5159169,25.0719716
111,7,30,14,15,2,02萬華區,萬華區堤外便道(雙園抽水站),0,0,1,1,B03,8,1,5,40,15,9,1,5,4,5,7,4,4,8,5,5,1,17,1,36,3,10,1,1,7,5,1,8,1,8,,8,8,1,22,9,121.4881398,25.03071583
111,7,30,14,15,2,02萬華區,萬華區堤外便道(雙園抽水站),0,0,1,2,C03,8,1,5,40,15,9,1,5,4,5,7,4,4,8,5,5,1,17,1,47,2,9,1,1,7,9,1,10,1,12,,23,8,1,22,9,121.4881398,25.03071583
111,7,30,14,15,2,07信義區,信義區市民大道6段與虎林街口,0,0,2,1,C03,8,1,5,40,14,9,1,5,4,5,7,1,1,1,4,5,2,12,1,67,2,7,1,1,7,6,1,10,1,13,,9,9,1,22,9,121.5759569,25.04912816
111,7,30,14,15,2,07信義區,信義區市民大道6段與虎林街口,0,0,2,2,C03,8,1,5,40,14,9,1,5,4,5,7,1,1,1,4,5,2,12,1,19,2,8,1,1,7,9,1,10,1,11,,13,9,1,22,9,121.5759569,25.04912816
111,7,30,14,56,2,06松山區,松山區八德路3段與北寧路口,0,0,2,1,C03,8,1,5,50,4,1,1,5,4,5,7,1,1,9,4,5,2,16,1,41,2,9,1,1,7,5,1,10,1,11,,6,6,1,22,9,121.5525978,25.0482134
111,7,30,14,56,2,06松山區,松山區八德路3段與北寧路口,0,0,2,2,B02,8,1,5,50,4,1,1,5,4,5,7,1,1,9,4,5,2,16,1,33,3,10,1,1,7,9,1,8,1,7,,23,6,1,22,9,121.5525978,25.0482134
111,7,30,14,56,2,06松山區,松山區八德路3段與北寧路口,0,0,2,3,H02,8,1,5,50,4,1,1,5,4,5,7,1,1,9,4,5,2,16,2,8,2,9,4,1,7,17,8,20,10,16,,67,6,1,22,9,121.5525978,25.0482134
111,7,30,15,0,2,12內湖區,內湖區星雲街與康寧路1段附近口,0,0,1,1,C04,8,1,5,50,4,2,1,5,4,5,7,2,1,5,4,5,2,13,2,37,2,9,1,1,7,9,1,10,1,11,,23,23,1,22,9,121.5937847,25.07946052
111,7,30,15,0,2,12內湖區,內湖區星雲街與康寧路1段附近口,0,0,1,2,B03,8,1,5,50,4,2,1,5,4,5,7,2,1,5,4,5,2,13,1,50,3,10,1,1,7,12,1,8,1,6,,44,23,1,22,9,121.5937847,25.07946052
111,7,30,15,17,2,06松山區,松山區光復北路102號,0,0,1,1,B03,8,1,5,30,14,9,1,5,4,5,7,4,4,1,3,5,2,17,1,34,3,10,3,4,7,9,1,8,9,1,,6,23,1,22,9,121.5577902,25.05051733
111,7,30,15,17,2,06松山區,松山區光復北路102號,0,0,1,2,F01,8,1,5,30,14,9,1,5,4,5,7,4,4,1,3,5,2,17,2,33,2,9,1,1,7,9,8,20,9,16,,23,23,1,22,9,121.5577902,25.05051733
111,7,30,15,18,2,12內湖區,內湖區新明路與潭美街口,0,0,1,1,B03,8,1,5,40,3,1,1,5,4,5,7,2,1,5,5,5,2,17,1,39,3,10,1,1,7,5,1,8,1,6,,6,6,1,22,9,121.5917215,25.06005289
111,7,30,15,18,2,12內湖區,內湖區新明路與潭美街口,0,0,1,2,C03,8,1,5,40,3,1,1,5,4,5,7,2,1,5,5,5,2,17,1,17,2,9,1,1,7,9,2,18,1,11,,13,6,1,22,9,121.5917215,25.06005289
111,7,30,15,29,2,08士林區,士林區中山北路6段福林橋往天母(第3燈桿),0,0,1,1,C03,8,1,8,50,15,22,1,5,4,5,7,4,4,9,4,5,1,17,2,21,2,9,1,1,7,7,1,10,1,14,,7,7,1,22,9,121.5260026,25.10175656
111,7,30,15,29,2,08士林區,士林區中山北路6段福林橋往天母(第3燈桿),0,0,1,2,B03,8,1,8,50,15,22,1,5,4,5,7,4,4,9,4,5,1,17,1,45,3,10,1,1,7,9,7,19,1,2,,13,7,1,22,9,121.5260026,25.10175656
111,7,30,15,39,2,06松山區,松山區市民大道4段35號,0,0,1,1,C03,8,1,5,40,15,9,1,5,4,5,7,4,4,1,4,5,2,17,1,20,2,9,1,1,7,9,1,10,1,11,,42,42,1,22,9,121.5454361,25.0451674
111,7,30,15,39,2,06松山區,松山區市民大道4段35號,0,0,1,2,B03,8,1,5,40,15,9,1,5,4,5,7,4,4,1,4,5,2,17,2,44,3,10,1,1,7,6,1,8,1,6,,9,42,1,22,9,121.5454361,25.0451674
111,7,30,15,42,2,06松山區,松山區市民大道6段與松山路口,0,0,1,1,B03,8,1,5,40,4,1,1,5,4,5,7,2,1,9,4,5,2,12,1,25,3,10,1,1,7,6,1,8,2,5,,9,9,1,22,9,121.5778628,25.04898291
111,7,30,15,42,2,06松山區,松山區市民大道6段與松山路口,0,0,1,2,C03,8,1,5,40,4,1,1,5,4,5,7,2,1,9,4,5,2,12,1,16,2,9,1,1,7,9,2,18,2,11,,23,9,1,22,9,121.5778628,25.04898291
111,7,30,15,47,2,03中山區,中山區民權東路2段92巷與民權東路2段口,0,0,1,1,C03,8,1,5,50,4,2,1,5,4,5,7,1,1,1,4,5,2,13,1,18,3,10,3,4,7,9,1,10,1,11,,16,16,1,22,9,121.5317216,25.06244271
111,7,30,15,47,2,03中山區,中山區民權東路2段92巷與民權東路2段口,0,0,1,3,C04,8,1,5,50,4,2,1,5,4,5,7,1,1,1,4,5,2,13,2,25,2,8,3,4,7,9,1,10,1,11,,16,16,1,22,9,121.5317216,25.06244271
111,7,30,15,47,2,03中山區,中山區民權東路2段92巷與民權東路2段口,0,0,1,2,C03,8,1,5,50,4,2,1,5,4,5,7,1,1,1,4,5,2,13,1,51,3,10,3,4,7,9,1,10,1,13,,44,16,1,22,9,121.5317216,25.06244271
111,7,30,16,0,2,03中山區,中山區民權東路2段135巷與建國北路3段22巷口,0,0,1,1,C03,8,1,5,30,4,1,1,5,4,5,7,4,4,10,5,5,2,16,2,34,2,9,1,1,7,9,1,10,1,12,,6,6,1,22,9,121.5350243,25.0638127
111,7,30,16,0,2,03中山區,中山區民權東路2段135巷與建國北路3段22巷口,0,0,1,2,B01,8,1,5,30,4,1,1,5,4,5,7,4,4,10,5,5,2,16,1,64,3,10,1,1,7,9,1,4,1,1,,44,6,1,22,9,121.5350243,25.0638127
111,7,30,16,8,2,07信義區,信義區忠孝東路5段345巷與虎林街120巷口,0,0,2,1,C03,8,1,5,30,4,1,1,5,4,5,7,4,4,10,5,5,1,15,2,54,2,9,3,4,7,9,1,10,1,11,,6,6,1,22,9,121.574087,25.0421776
111,7,30,16,8,2,07信義區,信義區忠孝東路5段345巷與虎林街120巷口,0,0,2,2,C04,8,1,5,30,4,1,1,5,4,5,7,4,4,10,5,5,1,15,1,18,2,8,3,4,7,9,1,10,1,12,,44,6,1,22,9,121.574087,25.0421776
111,7,30,16,30,2,05中正區,中正區和平西路1段48號,0,0,1,1,B03,8,1,5,40,14,8,1,5,4,5,7,4,4,1,4,4,2,17,1,54,3,10,1,1,7,14,1,8,2,8,,26,26,1,22,9,121.5196365,25.02647213
111,7,30,16,30,2,05中正區,中正區和平西路1段48號,0,0,1,2,F01,8,1,5,40,14,8,1,5,4,5,7,4,4,1,4,4,2,17,1,48,2,9,1,1,7,15,8,20,2,16,,23,26,1,22,9,121.5196365,25.02647213
111,7,30,16,52,2,09北投區,北投區行義路154巷與行義路口,0,0,1,1,C03,8,1,5,30,3,1,1,5,4,5,7,3,1,9,5,5,2,16,2,69,2,9,1,4,7,5,1,10,1,12,,6,6,1,22,9,121.5280608,25.13055558
111,7,30,16,52,2,09北投區,北投區行義路154巷與行義路口,0,0,1,2,B03,8,1,5,30,3,1,1,5,4,5,7,3,1,9,5,5,2,16,1,65,3,10,1,4,7,9,1,8,1,5,,14,6,1,22,9,121.5280608,25.13055558
111,7,30,17,45,2,05中正區,中正區重慶南路2段與重慶南路2段7巷口口,0,0,2,3,H02,8,1,5,50,3,1,1,5,4,5,7,4,4,1,4,5,2,16,2,16,4,11,4,5,7,20,8,20,10,16,,67,9,1,22,9,121.5137271,25.0331593
111,7,30,17,45,2,05中正區,中正區重慶南路2段與重慶南路2段7巷口口,0,0,2,1,C03,8,1,5,50,3,1,1,5,4,5,7,4,4,1,4,5,2,16,2,24,2,9,1,1,7,6,1,10,1,12,,9,9,1,22,9,121.5137271,25.0331593
111,7,30,17,45,2,05中正區,中正區重慶南路2段與重慶南路2段7巷口口,0,0,2,2,C03,8,1,5,50,3,1,1,5,4,5,7,4,4,1,4,5,2,16,1,46,2,9,1,1,7,9,1,10,1,11,,14,9,1,22,9,121.5137271,25.0331593
111,7,30,18,5,2,08士林區,士林區中山北路4段往北,0,0,1,1,C03,8,1,5,50,14,11,1,5,4,5,7,4,4,7,5,5,2,12,1,31,3,10,1,1,7,8,1,10,1,12,,7,7,1,22,9,121.5246267,25.07942655
111,7,30,18,5,2,08士林區,士林區中山北路4段往北,0,0,1,2,C03,8,1,5,50,14,11,1,5,4,5,7,4,4,7,5,5,2,12,1,27,3,10,1,1,7,9,1,10,1,14,,44,7,1,22,9,121.5246267,25.07942655
111,7,30,18,5,2,08士林區,士林區中山北路4段往北,0,0,1,3,C03,8,1,5,50,14,11,1,5,4,5,7,4,4,7,5,5,2,12,1,26,2,7,1,1,7,9,1,10,1,14,,23,7,1,22,9,121.5246267,25.07942655
111,7,30,18,9,2,06松山區,松山區市民大道5段與基隆路1段口旁迴轉道,0,0,3,1,C03,8,1,5,40,3,2,1,5,4,5,7,4,4,1,4,5,2,13,1,43,3,10,1,1,7,5,1,10,2,13,,8,8,1,22,9,121.5686602,25.04903609
111,7,30,18,9,2,06松山區,松山區市民大道5段與基隆路1段口旁迴轉道,0,0,3,2,C03,8,1,5,40,3,2,1,5,4,5,7,4,4,1,4,5,2,13,1,47,2,9,1,1,7,9,1,10,2,11,,44,8,1,22,9,121.5686602,25.04903609
111,7,30,18,9,2,06松山區,松山區市民大道5段與基隆路1段口旁迴轉道,0,0,3,3,H02,8,1,5,40,3,2,1,5,4,5,7,4,4,1,4,5,2,13,2,35,2,9,4,1,7,17,8,20,10,16,,67,8,1,22,9,121.5686602,25.04903609
111,7,30,18,9,2,06松山區,松山區市民大道5段與基隆路1段口旁迴轉道,0,0,3,4,H02,8,1,5,40,3,2,1,5,4,5,7,4,4,1,4,5,2,13,2,5,2,9,4,5,7,17,8,20,10,16,,67,8,1,22,9,121.5686602,25.04903609
111,7,30,18,16,2,06松山區,松山區八德路3段與延吉街口,0,0,1,1,C03,8,1,5,50,3,1,1,5,4,5,7,1,1,9,4,5,2,16,2,46,3,10,1,1,7,9,1,10,1,11,,25,25,1,22,9,121.5533313,25.0482016
111,7,30,18,16,2,06松山區,松山區八德路3段與延吉街口,0,0,1,2,C02,8,1,5,50,3,1,1,5,4,5,7,1,1,9,4,5,2,16,1,27,2,9,1,1,7,5,1,10,1,11,,44,25,1,22,9,121.5533313,25.0482016
111,7,30,18,23,2,12內湖區,內湖區新湖三路與堤頂大道1段口,0,0,1,1,B03,8,2,5,50,3,2,1,5,4,5,7,4,4,3,4,5,2,17,1,24,3,10,1,1,7,6,1,8,1,7,,6,6,1,22,9,121.5728996,25.06241821
111,7,30,18,23,2,12內湖區,內湖區新湖三路與堤頂大道1段口,0,0,1,2,B03,8,2,5,50,3,2,1,5,4,5,7,4,4,3,4,5,2,17,1,42,3,10,1,1,7,9,1,8,1,5,,13,6,1,22,9,121.5728996,25.06241821
111,7,30,18,23,2,12內湖區,內湖區新湖三路與堤頂大道1段口,0,0,1,3,H02,8,2,5,50,3,2,1,5,4,5,7,4,4,3,4,5,2,17,2,37,2,5,4,5,7,21,8,20,10,15,,67,6,1,22,9,121.5728996,25.06241821
111,7,30,18,30,2,01大同區,大同區民權西路144巷與民權西路160巷26弄口,0,0,2,1,B03,8,1,5,30,4,1,1,5,4,5,7,3,1,10,5,5,2,15,1,29,3,10,3,4,7,9,1,8,1,8,,6,6,1,22,9,121.5159333,25.0616185
111,7,30,18,30,2,01大同區,大同區民權西路144巷與民權西路160巷26弄口,0,0,2,2,C03,8,1,5,30,4,1,1,5,4,5,7,3,1,10,5,5,2,15,1,23,2,8,1,1,7,9,1,10,1,11,,23,6,1,22,9,121.5159333,25.0616185
111,7,30,18,30,2,01大同區,大同區民權西路144巷與民權西路160巷26弄口,0,0,2,3,H02,8,1,5,30,4,1,1,5,4,5,7,3,1,10,5,5,2,15,2,23,2,6,1,5,7,20,8,20,10,16,,67,6,1,22,9,121.5159333,25.0616185
111,7,30,18,40,2,04大安區,大安區忠孝東路4段與光復南路口,0,0,3,1,C03,7,1,5,50,4,1,1,5,4,5,7,1,1,1,3,5,2,17,2,24,2,9,1,1,7,5,1,10,1,13,,26,26,1,22,9,121.5575739,25.041378
111,7,30,18,40,2,04大安區,大安區忠孝東路4段與光復南路口,0,0,3,2,C03,7,1,5,50,4,1,1,5,4,5,7,1,1,1,3,5,2,17,2,47,2,9,1,1,7,9,1,10,1,11,,44,26,1,22,9,121.5575739,25.041378
111,7,30,18,40,2,04大安區,大安區忠孝東路4段與光復南路口,0,0,3,3,H02,7,1,5,50,4,1,1,5,4,5,7,1,1,1,3,5,2,17,2,18,2,7,1,5,7,20,8,20,10,16,,67,26,1,22,9,121.5575739,25.041378
111,7,30,19,0,2,01大同區,大同區承德路3段35號,0,0,1,1,B01,7,3,5,50,14,9,1,5,4,5,7,4,4,1,4,5,2,17,1,59,3,10,1,1,7,8,1,4,2,2,,17,17,1,22,9,121.5184115,25.0642829
111,7,30,19,0,2,01大同區,大同區承德路3段35號,0,0,1,2,C03,7,3,5,50,14,9,1,5,4,5,7,4,4,1,4,5,2,17,2,21,2,9,1,1,7,9,3,18,2,14,,17,17,1,22,9,121.5184115,25.0642829
111,7,30,19,13,2,02萬華區,萬華區華中橋往台北市機車道(華中047牌面前),0,0,3,1,C03,8,3,7,40,14,11,1,5,4,5,7,4,4,9,4,3,1,17,1,41,2,9,1,1,7,8,1,10,1,13,,7,7,1,22,9,121.4955827,25.01349565
111,7,30,19,13,2,02萬華區,萬華區華中橋往台北市機車道(華中047牌面前),0,0,3,2,C03,8,3,7,40,14,11,1,5,4,5,7,4,4,9,4,3,1,17,1,18,2,9,1,1,7,4,1,10,1,11,,13,7,1,22,9,121.4955827,25.01349565
111,7,30,19,13,2,02萬華區,萬華區華中橋往台北市機車道(華中047牌面前),0,0,3,3,H02,8,3,7,40,14,11,1,5,4,5,7,4,4,9,4,3,1,17,1,20,2,9,4,5,7,21,8,20,10,16,,67,7,1,22,9,121.4955827,25.01349565
111,7,30,19,15,2,07信義區,信義區永吉路30巷101弄48號,0,0,1,1,B03,8,1,5,30,14,9,1,5,4,5,7,4,4,9,5,5,2,12,2,37,2,9,1,1,7,1,1,8,1,8,,19,19,1,22,9,121.5700113,25.0435327
111,7,30,19,15,2,07信義區,信義區永吉路30巷101弄48號,0,0,1,2,B01,8,1,5,30,14,9,1,5,4,5,7,4,4,9,5,5,2,12,1,61,3,10,1,1,7,9,1,4,1,2,,13,19,1,22,9,121.5700113,25.0435327
111,7,30,19,25,2,03中山區,中山區民族東路與松江路口,0,0,3,1,C03,8,3,5,50,4,2,1,5,4,5,7,4,4,1,4,5,2,13,1,43,2,9,1,1,7,9,1,10,1,11,,16,16,1,22,9,121.5328205,25.068328
111,7,30,19,25,2,03中山區,中山區民族東路與松江路口,0,0,3,2,C03,8,3,5,50,4,2,1,5,4,5,7,4,4,1,4,5,2,13,1,19,2,9,1,1,7,9,1,10,1,13,,44,16,1,22,9,121.5328205,25.068328
111,7,30,19,25,2,03中山區,中山區民族東路與松江路口,0,0,3,3,H02,8,3,5,50,4,2,1,5,4,5,7,4,4,1,4,5,2,13,1,21,2,9,1,5,7,20,8,20,10,16,,67,16,1,22,9,121.5328205,25.068328
111,7,30,19,31,2,05中正區,中正區臨沂街14巷與金山南路1段口,0,0,1,1,C03,8,3,5,30,3,1,1,5,4,5,3,4,4,1,2,5,2,17,1,25,3,10,1,1,7,6,1,10,2,15,,6,6,1,22,9,121.5294635,25.04135117