發生年度,發生月,發生日,發生時-Hours,發生分,處理別-編號,區序,肇事地點,死亡人數,2-30日死亡人數,受傷人數,當事人序號,車種,天候,光線,道路類別,速限-速度限制,道路型態,事故位置,路面狀況1,路面狀況2,路面狀況3,道路障礙1,道路障礙2,號誌1,號誌2,車道劃分-分向,車道劃分-分道1,車道劃分-分道2,車道劃分-分道3,事故類型及型態,性別,年齡,受傷程度,主要傷處,安全帽,行動電話,車輛用途,當事者行動狀態,駕駛資格情形,駕駛執照種類,飲酒情形,車輛撞擊部位1,車輛撞擊部位2,肇因碼-個別,肇因碼-主要,個人肇逃否,職業,旅次目的,座標-X,座標-Y
111,7,30,19,31,2,05中正區,中正區臨沂街14巷與金山南路1段口,0,0,1,2,C03,8,3,5,30,3,1,1,5,4,5,3,4,4,1,2,5,2,17,1,27,2,9,1,1,7,9,1,10,2,14,,14,6,1,22,9,121.5294635,25.04135117
111,7,30,19,56,2,05中正區,中正區金山南路1段與仁愛路2段口,0,0,2,1,C03,8,3,5,50,4,1,1,5,4,5,7,1,1,1,4,5,2,15,2,66,2,9,1,1,7,9,1,10,9,11,,23,23,1,22,9,121.528199,25.0383682
111,7,30,19,56,2,05中正區,中正區金山南路1段與仁愛路2段口,0,0,2,2,F01,8,3,5,50,4,1,1,5,4,5,7,1,1,1,4,5,2,15,1,13,2,9,1,1,7,11,8,20,9,16,,11,23,1,22,9,121.528199,25.0383682
111,7,30,20,15,2,09北投區,北投區大業路與大度路1段口,0,0,1,1,C03,7,3,5,50,5,2,1,5,4,5,7,1,1,7,4,5,1,13,1,41,2,9,1,1,7,5,1,10,1,11,,16,16,1,22,9,121.4995135,25.1214411
111,7,30,20,15,2,09北投區,北投區大業路與大度路1段口,0,0,1,2,B03,7,3,5,50,5,2,1,5,4,5,7,1,1,7,4,5,1,13,2,36,3,10,1,1,7,5,1,8,1,7,,26,16,1,22,9,121.4995135,25.1214411
111,7,30,21,43,2,01大同區,大同區塔城街30號,0,0,1,1,B01,8,3,5,50,14,9,1,5,4,5,7,4,4,8,3,5,1,13,1,59,3,10,1,1,7,14,1,4,1,7,,38,38,1,22,9,121.5104516,25.050651
111,7,30,21,43,2,01大同區,大同區塔城街30號,0,0,1,2,C03,8,3,5,50,14,9,1,5,4,5,7,4,4,8,3,5,1,13,2,54,2,9,1,1,7,9,1,10,1,11,,23,38,1,22,9,121.5104516,25.050651
111,7,30,21,53,2,12內湖區,內湖區港墘路與港華街口,0,0,1,1,C03,8,3,5,50,4,2,1,5,4,5,7,2,1,1,4,5,2,16,1,18,2,9,1,1,7,5,1,10,1,12,,6,6,1,22,9,121.5781762,25.0821888
111,7,30,21,53,2,12內湖區,內湖區港墘路與港華街口,0,0,1,2,B03,8,3,5,50,4,2,1,5,4,5,7,2,1,1,4,5,2,16,2,58,3,10,1,1,7,9,1,8,1,1,,44,6,1,22,9,121.5781762,25.0821888
111,7,30,22,1,2,03中山區,中山區北安路與北安路458巷41弄口,0,0,2,1,C03,8,3,5,50,5,1,1,5,4,5,7,1,1,1,4,5,2,17,1,22,2,9,1,1,7,5,1,10,2,12,,8,8,1,22,9,121.547191,25.0798435
111,7,30,22,1,2,03中山區,中山區北安路與北安路458巷41弄口,0,0,2,2,C03,8,3,5,50,5,1,1,5,4,5,7,1,1,1,4,5,2,17,1,25,2,9,2,1,7,9,1,10,2,11,,13,8,1,22,9,121.547191,25.0798435
111,7,30,22,14,2,06松山區,松山區市民高架道與環東大道口,0,0,2,1,B03,8,1,5,80,10,9,1,5,4,5,7,4,4,10,3,5,2,13,2,54,2,9,3,4,7,9,1,8,1,1,,23,23,1,22,9,121.5696891,25.04987627
111,7,30,22,14,2,06松山區,松山區市民高架道與環東大道口,0,0,2,2,B03,8,1,5,80,10,9,1,5,4,5,7,4,4,10,3,5,2,13,2,51,2,9,3,4,7,15,1,8,1,3,,14,23,1,22,9,121.5696891,25.04987627
111,7,30,22,14,2,06松山區,松山區市民高架道與環東大道口,0,0,2,3,B03,8,1,5,80,10,9,1,5,4,5,7,4,4,10,3,5,2,13,1,31,3,10,3,4,7,9,1,8,1,1,,23,23,1,22,9,121.5696891,25.04987627
111,7,30,22,21,2,02萬華區,萬華區東園街與西園路2段口,0,0,1,3,B03,8,3,5,50,3,2,1,5,4,5,7,1,1,5,4,5,1,17,1,35,3,10,1,1,7,14,1,8,2,4,,44,4,1,22,9,121.4954524,25.02801895
111,7,30,22,21,2,02萬華區,萬華區東園街與西園路2段口,0,0,1,1,B03,8,3,5,50,3,2,1,5,4,5,7,1,1,5,4,5,1,17,1,37,3,10,1,1,7,6,3,18,2,5,,4,4,1,22,9,121.4954524,25.02801895
111,7,30,22,21,2,02萬華區,萬華區東園街與西園路2段口,0,0,1,2,C03,8,3,5,50,3,2,1,5,4,5,7,1,1,5,4,5,1,17,1,32,2,9,1,1,7,14,1,10,2,11,,44,4,1,22,9,121.4954524,25.02801895
111,7,30,22,33,2,05中正區,中正區羅斯福路4段與基隆路4段口,0,0,2,1,C03,8,3,5,50,4,1,1,5,4,5,7,1,1,1,4,5,2,17,1,24,2,8,1,1,7,5,1,10,1,14,,8,8,1,22,9,121.5369042,25.0112196
111,7,30,22,33,2,05中正區,中正區羅斯福路4段與基隆路4段口,0,0,2,2,C03,8,3,5,50,4,1,1,5,4,5,7,1,1,1,4,5,2,17,1,26,2,8,1,1,7,9,1,10,1,11,,44,8,1,22,9,121.5369042,25.0112196
111,7,30,22,33,2,05中正區,中正區羅斯福路4段與基隆路4段口,0,0,2,3,H02,8,3,5,50,4,1,1,5,4,5,7,1,1,1,4,5,2,17,2,28,4,11,1,5,7,21,8,20,10,16,,67,8,1,22,9,121.5369042,25.0112196
111,7,30,22,48,2,07信義區,信義區信義路5段20號,0,0,2,1,B01,8,3,5,50,14,9,1,5,4,5,7,4,4,1,4,5,2,12,1,60,2,2,1,1,7,8,1,4,2,5,,7,7,1,22,9,121.5620521,25.0328994
111,7,30,22,48,2,07信義區,信義區信義路5段20號,0,0,2,2,C03,8,3,5,50,14,9,1,5,4,5,7,4,4,1,4,5,2,12,1,23,2,8,1,1,7,9,1,10,2,14,,23,7,1,22,9,121.5620521,25.0328994
111,7,30,23,5,2,10文山區,文山區木柵路1段32號,0,0,1,1,B03,8,3,5,50,14,9,1,5,4,5,7,4,4,5,2,5,2,12,1,22,3,10,1,1,7,7,1,8,1,4,,7,7,1,22,9,121.5460464,24.9867407
111,7,30,23,5,2,10文山區,文山區木柵路1段32號,0,0,1,2,C03,8,3,5,50,14,9,1,5,4,5,7,4,4,5,2,5,2,12,1,18,2,8,1,1,7,9,1,10,1,12,,44,7,1,22,9,121.5460464,24.9867407
111,7,31,1,0,2,01大同區,大同區長安西路與塔城街口,0,0,1,2,C03,7,3,5,50,4,1,1,5,4,5,7,1,1,5,2,5,2,17,1,26,2,9,1,1,7,9,1,10,2,14,,44,6,1,22,9,121.5104197,25.0519798
111,7,31,1,0,2,01大同區,大同區長安西路與塔城街口,0,0,1,1,B01,7,3,5,50,4,1,1,5,4,5,7,1,1,5,2,5,2,17,1,54,4,11,3,4,7,15,7,19,11,15,,6,6,2,22,9,121.5104197,25.0519798
111,7,31,3,45,2,05中正區,中正區桃源街與寶慶路口,0,0,3,1,B01,8,3,5,50,4,2,1,5,4,5,7,3,1,5,4,5,1,17,1,44,2,3,1,1,7,9,1,4,2,1,,6,6,1,22,9,121.510465,25.0414351
111,7,31,3,45,2,05中正區,中正區桃源街與寶慶路口,0,0,3,2,C03,8,3,5,50,4,2,1,5,4,5,7,3,1,5,4,5,1,17,1,27,2,7,1,1,7,5,1,10,2,13,,44,6,1,22,9,121.510465,25.0414351
111,7,31,3,45,2,05中正區,中正區桃源街與寶慶路口,0,0,3,3,H02,8,3,5,50,4,2,1,5,4,5,7,3,1,5,4,5,1,17,2,20,2,9,1,5,7,21,8,20,10,16,,67,6,1,22,9,121.510465,25.0414351
111,7,31,4,4,2,03中山區,中山區北安路530號,0,0,1,1,C03,7,3,5,50,14,9,1,5,4,3,5,4,4,1,4,5,2,16,1,62,2,7,3,4,7,1,1,10,1,14,,19,19,1,22,9,121.546633,25.0797928
111,7,31,4,4,2,03中山區,中山區北安路530號,0,0,1,2,C03,7,3,5,50,14,9,1,5,4,3,5,4,4,1,4,5,2,16,1,18,3,10,1,1,7,9,1,10,1,12,,13,19,1,22,9,121.546633,25.0797928
111,7,31,5,7,2,10文山區,文山區羅斯福路5段與羅斯福路5段170巷口,0,0,1,1,C03,8,2,5,50,4,2,1,5,4,5,7,1,1,1,2,5,2,16,1,18,2,8,1,1,7,7,1,10,2,14,,7,7,1,22,9,121.5387833,25.00464697
111,7,31,5,7,2,10文山區,文山區羅斯福路5段與羅斯福路5段170巷口,0,0,1,2,C03,8,2,5,50,4,2,1,5,4,5,7,1,1,1,2,5,2,16,1,29,3,10,1,1,7,9,1,10,2,11,,13,7,1,22,9,121.5387833,25.00464697
111,7,31,7,35,2,03中山區,中山區建國北路1段與南京東路2段口,0,0,1,1,B12,8,1,5,50,4,2,1,5,4,5,7,1,1,1,4,5,2,16,2,42,3,10,1,1,7,6,1,8,1,5,,9,9,1,22,9,121.5370958,25.0519107
111,7,31,7,35,2,03中山區,中山區建國北路1段與南京東路2段口,0,0,1,2,C03,8,1,5,50,4,2,1,5,4,5,7,1,1,1,4,5,2,16,1,43,2,9,1,1,7,9,1,10,1,14,,44,9,1,22,9,121.5370958,25.0519107
111,7,31,7,48,2,10文山區,文山區羅斯福路6段與景華街口,0,0,1,1,B03,8,1,5,50,4,1,1,5,4,5,7,2,1,1,4,5,2,16,1,54,3,10,1,1,7,5,1,8,2,5,,6,6,1,22,9,121.5412658,24.9949617
111,7,31,7,48,2,10文山區,文山區羅斯福路6段與景華街口,0,0,1,2,C03,8,1,5,50,4,1,1,5,4,5,7,2,1,1,4,5,2,16,1,20,2,9,1,1,7,9,1,10,2,11,,13,6,1,22,9,121.5412658,24.9949617
111,7,31,8,12,2,06松山區,松山區三民路與富錦街口口,0,0,1,1,B03,8,1,5,50,15,18,1,5,4,5,7,2,1,1,4,5,2,3,1,43,3,10,1,1,7,5,1,8,1,1,,15,15,1,22,9,121.5632728,25.06093952
111,7,31,8,12,2,06松山區,松山區三民路與富錦街口口,0,0,1,2,H01,8,1,5,50,15,18,1,5,4,5,7,2,1,1,4,5,2,3,1,78,2,9,1,1,8,16,8,20,1,16,,67,15,1,22,9,121.5632728,25.06093952
111,7,31,8,12,2,12內湖區,內湖區東湖路119巷46號,0,0,1,1,B12,8,1,5,30,14,9,1,5,4,5,7,2,1,10,5,5,2,12,1,26,3,10,1,1,7,14,1,8,11,2,,44,44,1,22,9,121.6169813,25.06961729
111,7,31,8,12,2,12內湖區,內湖區東湖路119巷46號,0,0,1,2,F01,8,1,5,30,14,9,1,5,4,5,7,2,1,10,5,5,2,12,2,18,2,7,1,1,7,9,8,20,11,16,,23,44,1,22,9,121.6169813,25.06961729
111,7,31,8,40,2,05中正區,中正區市民大道1段168號前,0,0,2,1,C03,8,1,5,40,14,9,1,5,4,5,7,4,4,9,4,5,1,13,1,27,3,10,1,1,7,5,1,10,2,13,,8,8,1,21,5,121.5187047,25.04835107
111,7,31,8,40,2,05中正區,中正區市民大道1段168號前,0,0,2,2,C03,8,1,5,40,14,9,1,5,4,5,7,4,4,9,4,5,1,13,1,57,3,10,1,1,7,12,1,10,2,13,,13,8,1,21,1,121.5187047,25.04835107
111,7,31,8,40,2,05中正區,中正區市民大道1段168號前,0,0,2,3,C03,8,1,5,40,14,9,1,5,4,5,7,4,4,9,4,5,1,13,1,44,2,9,1,1,7,9,1,10,2,11,,13,8,1,21,1,121.5187047,25.04835107
111,7,31,8,40,2,05中正區,中正區市民大道1段168號前,0,0,2,4,C03,8,1,5,40,14,9,1,5,4,5,7,4,4,9,4,5,1,13,1,29,2,2,1,1,7,9,1,10,2,11,,13,8,1,21,1,121.5187047,25.04835107
111,7,31,8,42,2,07信義區,信義區福德街221巷2弄2號,0,0,1,1,C03,8,1,5,30,14,9,1,5,4,5,7,4,4,10,5,5,2,1,1,68,3,10,3,4,7,9,1,10,1,11,,23,23,1,22,9,121.5849949,25.03819657
111,7,31,8,42,2,07信義區,信義區福德街221巷2弄2號,0,0,1,2,H01,8,1,5,30,14,9,1,5,4,5,7,4,4,10,5,5,2,1,2,38,2,9,4,5,8,16,8,20,10,16,,67,23,1,22,9,121.5849949,25.03819657
111,7,31,8,45,2,04大安區,大安區信義路4段22號,0,0,1,1,B03,8,1,5,50,14,9,1,5,4,5,7,4,4,1,4,5,2,16,2,57,3,10,3,4,7,1,1,8,1,8,,19,19,1,22,9,121.5443675,25.03326465
111,7,31,8,45,2,04大安區,大安區信義路4段22號,0,0,1,2,C03,8,1,5,50,14,9,1,5,4,5,7,4,4,1,4,5,2,16,1,18,2,9,3,4,7,9,1,10,1,11,,23,19,1,22,9,121.5443675,25.03326465
111,7,31,8,45,2,05中正區,中正區濟南路2段與臨沂街口,0,0,1,1,B01,8,1,5,30,4,1,1,5,4,5,7,4,4,10,5,5,2,17,1,46,3,10,1,1,7,9,1,3,2,1,,6,6,1,22,9,121.5300605,25.0406106
111,7,31,8,45,2,05中正區,中正區濟南路2段與臨沂街口,0,0,1,2,C03,8,1,5,30,4,1,1,5,4,5,7,4,4,10,5,5,2,17,1,32,2,9,1,1,7,9,1,10,2,14,,23,6,1,22,9,121.5300605,25.0406106
111,7,31,10,30,2,09北投區,北投區西安街2段石牌國中側門,0,0,2,1,C03,8,1,5,50,14,7,1,5,4,5,7,4,4,1,4,4,2,12,2,24,2,8,1,1,7,5,1,10,1,14,,8,8,1,22,9,121.5145614,25.115526
111,7,31,10,30,2,09北投區,北投區西安街2段石牌國中側門,0,0,2,2,C03,8,1,5,50,14,7,1,5,4,5,7,4,4,1,4,4,2,12,2,41,2,9,1,1,7,9,1,10,1,12,,23,8,1,22,9,121.5145614,25.115526
111,7,31,11,5,2,03中山區,中山區北安路514號,0,0,1,1,C03,8,1,5,50,14,9,1,5,4,5,7,4,4,3,4,5,2,12,1,29,2,8,1,1,7,9,1,9,1,11,12,23,23,1,22,9,121.5456375,25.07973303
111,7,31,11,5,2,03中山區,中山區北安路514號,0,0,1,2,B03,8,1,5,50,14,9,1,5,4,5,7,4,4,3,4,5,2,12,1,59,3,10,1,1,7,14,1,8,1,7,,38,23,1,22,9,121.5456375,25.07973303
111,7,31,11,22,2,12內湖區,內湖區文德路216號文德捷運站停車場出口,0,0,1,1,B03,8,1,5,40,14,20,1,5,4,5,7,4,4,10,5,5,2,17,2,55,3,10,1,1,7,1,1,8,1,2,,19,19,1,22,9,121.5848403,25.07847362
111,7,31,11,22,2,12內湖區,內湖區文德路216號文德捷運站停車場出口,0,0,1,2,F01,8,1,5,40,14,20,1,5,4,5,7,4,4,10,5,5,2,17,2,70,2,8,1,1,7,9,8,20,1,16,,42,19,1,22,9,121.5848403,25.07847362
111,7,31,11,58,2,06松山區,松山區敦化北路4巷與南京東路3段256巷口,0,0,2,1,C03,8,1,5,30,4,1,1,5,4,5,7,4,4,10,5,5,2,15,1,23,2,9,1,4,7,9,1,10,1,14,,6,6,1,22,9,121.5446993,25.05020853
111,7,31,11,58,2,06松山區,松山區敦化北路4巷與南京東路3段256巷口,0,0,2,2,B03,8,1,5,30,4,1,1,5,4,5,7,4,4,10,5,5,2,15,1,52,3,10,1,1,7,9,1,8,1,1,,44,6,1,22,9,121.5446993,25.05020853
111,7,31,11,58,2,06松山區,松山區敦化北路4巷與南京東路3段256巷口,0,0,2,3,H02,8,1,5,30,4,1,1,5,4,5,7,4,4,10,5,5,2,15,2,23,2,9,1,5,7,20,8,20,10,15,,67,6,1,22,9,121.5446993,25.05020853
111,7,31,12,5,2,10文山區,文山區三福街與景興路42巷6弄口,0,0,2,1,C03,8,1,5,30,5,1,1,5,4,5,7,4,4,10,5,5,2,15,1,52,2,7,1,1,7,9,1,10,1,11,,6,6,1,22,9,121.5427923,24.9974716
111,7,31,12,5,2,10文山區,文山區三福街與景興路42巷6弄口,0,0,2,2,C03,8,1,5,30,5,1,1,5,4,5,7,4,4,10,5,5,2,15,2,46,2,9,1,1,7,9,1,10,1,14,,14,6,1,22,9,121.5427923,24.9974716
111,7,31,12,44,2,09北投區,北投區大業路535號,0,0,1,1,B03,8,1,5,50,14,9,1,5,4,5,7,4,4,1,4,5,1,12,2,41,3,10,1,1,7,6,1,8,1,2,,9,9,1,22,9,121.4965752,25.13516185
111,7,31,12,44,2,09北投區,北投區大業路535號,0,0,1,2,C03,8,1,5,50,14,9,1,5,4,5,7,4,4,1,4,5,1,12,1,52,2,9,1,1,7,9,1,9,1,14,,44,9,1,22,9,121.4965752,25.13516185
111,7,31,12,52,2,02萬華區,萬華區水源路(青年公園駐衛警辦公室前),0,0,2,1,C03,8,1,5,50,14,9,1,5,4,5,7,4,4,8,3,5,1,12,1,39,2,8,1,1,7,9,1,10,1,12,,17,17,1,22,9,121.5071909,25.0219627
111,7,31,12,52,2,02萬華區,萬華區水源路(青年公園駐衛警辦公室前),0,0,2,2,C03,8,1,5,50,14,9,1,5,4,5,7,4,4,8,3,5,1,12,1,36,3,10,1,1,7,15,1,10,1,14,,42,17,1,22,9,121.5071909,25.0219627
111,7,31,12,52,2,02萬華區,萬華區水源路(青年公園駐衛警辦公室前),0,0,2,3,H02,8,1,5,50,14,9,1,5,4,5,7,4,4,8,3,5,1,12,1,25,2,8,4,5,7,21,8,20,10,16,,67,17,1,22,9,121.5071909,25.0219627
111,7,31,13,10,2,09北投區,北投區竹子湖路20號,0,0,1,1,B03,8,1,5,40,12,9,1,5,4,5,7,4,4,9,5,5,2,17,1,57,3,10,1,4,7,11,1,8,1,15,,10,10,1,22,9,121.5401572,25.16808913
111,7,31,13,10,2,09北投區,北投區竹子湖路20號,0,0,1,2,F01,8,1,5,40,12,9,1,5,4,5,7,4,4,9,5,5,2,17,1,53,2,9,2,4,7,9,8,20,1,16,,42,10,1,22,9,121.5401572,25.16808913
111,7,31,13,25,2,05中正區,中正區重慶南路3段81號前,0,0,2,1,C03,8,1,5,50,4,2,1,5,4,5,7,1,1,1,4,5,2,12,1,19,2,9,1,1,7,9,1,10,1,11,,16,16,1,22,9,121.5164888,25.02562982
111,7,31,13,25,2,05中正區,中正區重慶南路3段81號前,0,0,2,2,C03,8,1,5,50,4,2,1,5,4,5,7,1,1,1,4,5,2,12,1,36,2,9,1,1,7,9,1,10,1,13,,44,16,1,22,9,121.5164888,25.02562982
111,7,31,13,25,2,05中正區,中正區重慶南路3段81號前,0,0,2,3,C03,8,1,5,50,4,2,1,5,4,5,7,1,1,1,4,5,2,12,1,39,3,10,1,1,7,8,1,10,1,15,,7,16,1,22,9,121.5164888,25.02562982
111,7,31,13,41,2,11南港區,南港區三重路與三重路41巷口,0,0,1,1,B03,8,1,5,30,3,1,1,5,4,5,7,4,4,4,3,5,2,17,1,31,4,11,3,4,7,15,7,19,11,15,,6,6,2,22,9,121.6142213,25.0598441
111,7,31,13,41,2,11南港區,南港區三重路與三重路41巷口,0,0,1,2,C03,8,1,5,30,3,1,1,5,4,5,7,4,4,4,3,5,2,17,2,22,2,9,1,1,7,9,1,9,2,14,,44,6,1,22,9,121.6142213,25.0598441
111,7,31,14,24,2,04大安區,大安區仁愛路4段27巷與仁愛路4段27巷27弄口,0,0,2,1,C03,8,1,5,30,4,1,1,5,4,5,7,4,4,9,3,5,1,17,2,50,2,9,2,4,7,15,1,10,2,13,,6,6,1,22,9,121.5447123,25.0405911
111,7,31,14,24,2,04大安區,大安區仁愛路4段27巷與仁愛路4段27巷27弄口,0,0,2,2,B03,8,1,5,30,4,1,1,5,4,5,7,4,4,9,3,5,1,17,1,47,3,10,3,4,7,15,1,4,2,5,,14,6,1,22,9,121.5447123,25.0405911
111,7,31,14,24,2,04大安區,大安區仁愛路4段27巷與仁愛路4段27巷27弄口,0,0,2,3,H02,8,1,5,30,4,1,1,5,4,5,7,4,4,9,3,5,1,17,1,22,2,9,3,5,7,20,8,20,10,16,,67,6,1,22,9,121.5447123,25.0405911
111,7,31,14,45,2,03中山區,中山區建國高架道第245號燈桿,0,0,2,1,B03,8,1,5,70,10,9,1,5,4,5,7,4,4,1,4,5,2,13,1,26,3,10,1,1,7,9,1,8,1,1,,16,16,1,22,9,121.5338643,25.06765325
111,7,31,14,45,2,03中山區,中山區建國高架道第245號燈桿,0,0,2,2,B03,8,1,5,70,10,9,1,5,4,5,7,4,4,1,4,5,2,13,1,45,3,10,1,1,7,9,1,8,1,3,,44,16,1,22,9,121.5338643,25.06765325
111,7,31,14,45,2,03中山區,中山區建國高架道第245號燈桿,0,0,2,3,B03,8,1,5,70,10,9,1,5,4,5,7,4,4,1,4,5,2,13,1,37,3,10,1,1,7,9,1,8,1,3,,44,16,1,22,9,121.5338643,25.06765325
111,7,31,14,45,2,03中山區,中山區建國高架道第245號燈桿,0,0,2,4,H02,8,1,5,70,10,9,1,5,4,5,7,4,4,1,4,5,2,13,2,23,2,9,1,5,7,17,8,20,10,16,,67,16,1,22,9,121.5338643,25.06765325
111,7,31,14,45,2,03中山區,中山區建國高架道第245號燈桿,0,0,2,5,H02,8,1,5,70,10,9,1,5,4,5,7,4,4,1,4,5,2,13,2,26,2,9,1,1,7,17,8,20,10,16,,67,16,1,22,9,121.5338643,25.06765325
111,7,31,15,10,2,02萬華區,萬華區漢中街與峨眉街口,0,0,1,1,C03,8,1,5,0,4,1,4,5,4,5,7,4,4,10,5,5,2,9,4,,4,11,3,4,7,15,7,19,11,15,,43,43,2,22,9,121.5071934,25.04352786
111,7,31,15,10,2,02萬華區,萬華區漢中街與峨眉街口,0,0,1,2,H01,8,1,5,0,4,1,4,5,4,5,7,4,4,10,5,5,2,9,1,36,2,7,4,5,8,17,8,20,10,16,,67,43,1,22,9,121.5071934,25.04352786
111,7,31,15,30,2,03中山區,中山區民生西路13號,0,0,2,1,C03,8,1,5,50,14,9,1,5,4,5,7,4,4,9,4,5,2,12,1,74,2,9,2,4,7,8,1,10,11,12,,7,7,1,22,9,121.5215784,25.0578224
111,7,31,15,30,2,03中山區,中山區民生西路13號,0,0,2,2,C04,8,1,5,50,14,9,1,5,4,5,7,4,4,9,4,5,2,12,2,18,2,9,3,4,7,9,1,11,2,14,,44,7,1,22,9,121.5215784,25.0578224
111,7,31,15,47,2,02萬華區,萬華區西園路1段158號對面,0,0,2,1,C03,8,1,5,50,14,9,1,5,4,5,7,4,4,10,5,5,2,17,1,17,2,9,3,4,7,9,2,18,1,11,,42,42,1,22,9,121.4994698,25.03708548
111,7,31,15,47,2,02萬華區,萬華區西園路1段158號對面,0,0,2,2,C03,8,1,5,50,14,9,1,5,4,5,7,4,4,10,5,5,2,17,1,64,2,9,3,4,7,1,1,10,1,14,,19,42,1,22,9,121.4994698,25.03708548
111,7,31,16,15,2,09北投區,北投區明德路150巷與磺溪便道口,0,0,1,1,C03,8,1,5,30,4,1,1,5,4,5,7,4,4,10,5,5,1,15,1,33,3,10,1,1,7,9,1,10,1,12,,26,26,1,22,9,121.5222077,25.10955735
111,7,31,16,15,2,09北投區,北投區明德路150巷與磺溪便道口,0,0,1,2,C03,8,1,5,30,4,1,1,5,4,5,7,4,4,10,5,5,1,15,2,63,2,9,1,1,7,9,1,10,1,11,,14,26,1,22,9,121.5222077,25.10955735
111,7,31,16,42,2,04大安區,大安區辛亥路2段往東，台大停車場出入口,0,0,1,1,B02,8,1,5,50,14,9,1,5,4,5,7,4,4,1,5,5,2,16,1,40,3,10,1,1,7,6,1,6,2,5,,9,9,1,22,9,121.5360416,25.0222421
111,7,31,16,42,2,04大安區,大安區辛亥路2段往東，台大停車場出入口,0,0,1,2,C03,8,1,5,50,14,9,1,5,4,5,7,4,4,1,5,5,2,16,1,39,2,9,1,1,7,9,1,10,2,14,,44,9,1,22,9,121.5360416,25.0222421
111,7,31,16,45,2,08士林區,士林區忠誠路2段10巷與德行東路129巷口口,0,0,2,1,C03,8,2,5,30,4,1,1,5,4,5,7,4,4,10,5,5,1,15,1,32,2,8,1,1,7,9,1,10,2,12,,6,6,1,22,9,121.5292155,25.1088118
111,7,31,16,45,2,08士林區,士林區忠誠路2段10巷與德行東路129巷口口,0,0,2,2,C03,8,2,5,30,4,1,1,5,4,5,7,4,4,10,5,5,1,15,1,53,2,9,1,1,7,9,1,10,2,11,,14,6,1,22,9,121.5292155,25.1088118
111,7,31,17,0,2,08士林區,士林區菁山路與菁山路34巷口,0,0,2,1,B03,8,1,5,50,3,1,1,5,4,5,7,4,4,9,5,5,1,12,1,19,3,10,1,1,7,1,1,8,2,4,,19,19,1,22,9,121.5473118,25.1382118
111,7,31,17,0,2,08士林區,士林區菁山路與菁山路34巷口,0,0,2,2,C03,8,1,5,50,3,1,1,5,4,5,7,4,4,9,5,5,1,12,1,18,2,9,1,1,7,9,1,10,2,12,,23,19,1,22,9,121.5473118,25.1382118
111,7,31,17,0,2,08士林區,士林區菁山路與菁山路34巷口,0,0,2,3,H02,8,1,5,50,3,1,1,5,4,5,7,4,4,9,5,5,1,12,2,18,2,9,1,1,7,20,8,20,10,16,,67,19,1,22,9,121.5473118,25.1382118
111,7,31,17,0,2,10文山區,文山區萬美街1段與萬美街1段19巷口口,0,0,1,1,B03,8,1,5,30,3,1,1,5,4,5,7,4,4,10,5,5,2,16,2,36,3,10,1,1,7,5,1,8,1,8,,8,8,1,22,9,121.5695948,25.0023372
111,7,31,17,0,2,10文山區,文山區萬美街1段與萬美街1段19巷口口,0,0,1,2,C03,8,1,5,30,3,1,1,5,4,5,7,4,4,10,5,5,2,16,1,19,2,8,1,1,7,9,1,10,1,11,,44,8,1,22,9,121.5695948,25.0023372
111,7,31,17,15,2,06松山區,松山區八德路4段與松山路口,0,0,1,1,B03,8,1,5,50,4,1,1,5,4,5,7,2,1,9,4,5,2,17,2,36,3,10,1,1,7,5,1,8,1,6,,8,8,1,22,9,121.5776005,25.05010596
111,7,31,17,15,2,06松山區,松山區八德路4段與松山路口,0,0,1,2,C03,8,1,5,50,4,1,1,5,4,5,7,2,1,9,4,5,2,17,2,25,2,9,1,1,7,9,1,9,1,11,,44,8,1,22,9,121.5776005,25.05010596
111,7,31,17,41,2,07信義區,信義區莊敬路325巷與莊敬路289巷4弄口,0,0,1,1,C03,8,1,5,30,3,2,1,5,4,5,7,4,4,9,4,5,2,17,1,57,3,10,1,1,7,11,1,10,1,15,,10,10,1,22,9,121.5639318,25.02829733
111,7,31,17,41,2,07信義區,信義區莊敬路325巷與莊敬路289巷4弄口,0,0,1,2,C03,8,1,5,30,3,2,1,5,4,5,7,4,4,9,4,5,2,17,1,24,2,9,1,1,7,9,1,10,1,12,,42,10,1,22,9,121.5639318,25.02829733
111,7,31,17,43,2,12內湖區,內湖區內湖路3段與內湖路3段59巷口,0,0,1,1,B03,8,1,5,50,5,1,1,5,4,5,7,1,1,5,5,5,2,12,1,72,3,10,1,1,7,6,1,8,1,2,,9,9,1,22,9,121.5920661,25.08615408
111,7,31,17,43,2,12內湖區,內湖區內湖路3段與內湖路3段59巷口,0,0,1,2,C03,8,1,5,50,5,1,1,5,4,5,7,1,1,5,5,5,2,12,1,24,2,8,1,1,7,9,1,10,1,14,,44,9,1,22,9,121.5920661,25.08615408
111,7,31,18,33,2,02萬華區,萬華區忠孝西路2段38號,0,0,1,1,C03,8,1,5,50,14,9,1,5,4,5,7,4,4,1,4,5,1,12,1,36,3,10,1,1,7,8,6,10,1,12,,7,7,1,22,9,121.5079368,25.04847103
111,7,31,18,33,2,02萬華區,萬華區忠孝西路2段38號,0,0,1,2,C03,8,1,5,50,14,9,1,5,4,5,7,4,4,1,4,5,1,12,1,22,2,9,1,1,7,9,1,10,1,11,,44,7,1,22,9,121.5079368,25.04847103