發生年度,發生月,發生日,發生時-Hours,發生分,處理別-編號,區序,肇事地點,死亡人數,2-30日死亡人數,受傷人數,當事人序號,車種,天候,光線,道路類別,速限-速度限制,道路型態,事故位置,路面狀況1,路面狀況2,路面狀況3,道路障礙1,道路障礙2,號誌1,號誌2,車道劃分-分向,車道劃分-分道1,車道劃分-分道2,車道劃分-分道3,事故類型及型態,性別,年齡,受傷程度,主要傷處,安全帽,行動電話,車輛用途,當事者行動狀態,駕駛資格情形,駕駛執照種類,飲酒情形,車輛撞擊部位1,車輛撞擊部位2,肇因碼-個別,肇因碼-主要,個人肇逃否,職業,旅次目的,座標-X,座標-Y
111,7,31,19,14,2,05中正區,中正區重慶南路3段與重慶南路3段3巷口,0,0,2,1,C03,8,3,5,50,3,2,1,5,4,5,7,4,4,1,4,5,2,6,2,29,2,9,1,1,7,9,1,10,2,11,,23,23,1,22,9,121.5154974,25.02933066
111,7,31,19,14,2,05中正區,中正區重慶南路3段與重慶南路3段3巷口,0,0,2,2,C03,8,3,5,50,3,2,1,5,4,5,7,4,4,1,4,5,2,6,1,37,2,9,1,4,7,15,1,10,2,15,,43,23,1,22,9,121.5154974,25.02933066
111,7,31,19,14,2,05中正區,中正區重慶南路3段與重慶南路3段3巷口,0,0,2,3,H02,8,3,5,50,3,2,1,5,4,5,7,4,4,1,4,5,2,6,1,29,4,11,1,5,7,18,8,20,10,16,,67,23,1,22,9,121.5154974,25.02933066
111,7,31,19,40,2,04大安區,大安區忠孝東路4段120號,0,0,1,1,B03,7,3,5,50,4,1,1,5,4,5,7,2,1,10,5,5,1,2,2,19,3,10,3,1,7,5,1,8,1,5,,15,15,1,22,9,121.54732,25.041285
111,7,31,19,40,2,04大安區,大安區忠孝東路4段120號,0,0,1,2,H01,7,3,5,50,4,1,1,5,4,5,7,2,1,10,5,5,1,2,2,41,2,9,4,5,8,16,8,20,1,16,,67,15,1,22,9,121.54732,25.041285
111,7,31,21,7,2,01大同區,大同區重慶北路2段與涼州街口,0,0,1,1,B03,8,3,5,50,4,2,1,5,4,5,7,1,1,8,3,5,1,12,1,88,3,10,1,1,7,6,1,8,2,8,,9,9,1,22,9,121.5134813,25.0606066
111,7,31,21,7,2,01大同區,大同區重慶北路2段與涼州街口,0,0,1,2,C03,8,3,5,50,4,2,1,5,4,5,7,1,1,8,3,5,1,12,1,54,2,9,1,1,7,5,1,10,2,12,,44,9,1,22,9,121.5134813,25.0606066
111,7,31,21,17,2,07信義區,信義區虎林街121巷9號,0,0,3,1,C03,8,3,5,30,13,9,1,5,4,5,7,4,4,10,5,5,2,17,1,53,2,8,3,4,7,5,6,10,1,11,,8,8,1,22,9,121.577183,25.0402935
111,7,31,21,17,2,07信義區,信義區虎林街121巷9號,0,0,3,2,C03,8,3,5,30,13,9,1,5,4,5,7,4,4,10,5,5,2,17,2,25,2,9,3,4,7,9,1,10,1,11,,23,8,1,22,9,121.577183,25.0402935
111,7,31,21,17,2,07信義區,信義區虎林街121巷9號,0,0,3,3,H02,8,3,5,30,13,9,1,5,4,5,7,4,4,10,5,5,2,17,2,52,2,9,3,5,7,21,8,20,10,16,,67,8,1,22,9,121.577183,25.0402935
111,7,31,21,36,2,11南港區,南港區忠孝東路7段與研究院路1段口,0,0,1,1,C03,8,3,5,50,3,1,1,5,4,5,6,2,1,1,4,5,2,17,2,21,2,9,1,4,7,5,1,10,1,14,,8,8,1,22,9,121.6154984,25.04523272
111,7,31,21,36,2,11南港區,南港區忠孝東路7段與研究院路1段口,0,0,1,2,B03,8,3,5,50,3,1,1,5,4,5,6,2,1,1,4,5,2,17,1,28,3,10,1,4,7,9,1,8,1,5,,23,8,1,22,9,121.6154984,25.04523272
111,7,31,23,28,2,04大安區,大安區忠孝東路4段與忠孝東路4段223巷口,0,0,2,1,B03,8,3,5,50,4,1,1,5,4,5,7,1,1,5,4,5,2,15,1,47,2,7,1,1,7,9,1,8,2,2,,25,25,1,22,9,121.552962,25.0413592
111,7,31,23,28,2,04大安區,大安區忠孝東路4段與忠孝東路4段223巷口,0,0,2,2,C03,8,3,5,50,4,1,1,5,4,5,7,1,1,5,4,5,2,15,1,19,2,9,1,1,7,9,1,10,2,11,,44,25,1,22,9,121.552962,25.0413592
111,8,1,5,36,2,07信義區,信義區忠孝東路5段423巷與虎林街120巷口口,0,0,1,1,C03,8,1,5,30,4,1,1,5,4,5,7,4,4,10,5,5,2,17,2,53,2,9,3,4,7,9,1,10,1,11,,6,6,1,22,9,121.5753415,25.0421376
111,8,1,5,36,2,07信義區,信義區忠孝東路5段423巷與虎林街120巷口口,0,0,1,2,B01,8,1,5,30,4,1,1,5,4,5,7,4,4,10,5,5,2,17,1,59,3,10,3,4,7,9,1,4,1,1,,23,6,1,22,9,121.5753415,25.0421376
111,8,1,6,52,2,09北投區,北投區西安街2段第5號停車格前,0,0,1,1,C03,8,1,5,50,14,8,1,5,4,5,7,4,4,1,4,4,2,13,1,63,2,9,1,1,7,9,1,10,2,12,,23,23,1,22,9,121.5143222,25.11575309
111,8,1,6,52,2,09北投區,北投區西安街2段第5號停車格前,0,0,1,2,B12,8,1,5,50,14,8,1,5,4,5,7,4,4,1,4,4,2,13,1,40,3,10,1,1,7,14,1,8,2,7,,38,23,1,22,9,121.5143222,25.11575309
111,8,1,6,53,2,09北投區,北投區立功街55巷捷運關渡站,0,0,1,1,C03,8,1,5,50,14,9,1,5,4,5,7,4,4,10,4,5,1,17,1,58,3,10,1,1,7,9,1,10,1,15,,43,43,1,22,9,121.4681519,25.12476586
111,8,1,6,53,2,09北投區,北投區立功街55巷捷運關渡站,0,0,1,2,C03,8,1,5,50,14,9,1,5,4,5,7,4,4,10,4,5,1,17,1,37,2,9,1,1,7,9,1,10,1,12,,43,43,1,22,9,121.4681519,25.12476586
111,8,1,7,17,2,05中正區,中正區市民大道1段往東(近天津街),0,0,1,1,C03,8,1,5,40,14,9,4,5,4,5,7,4,4,1,4,5,2,16,1,55,3,10,1,1,7,5,1,9,2,13,,8,8,1,22,9,121.5225679,25.04781777
111,8,1,7,17,2,05中正區,中正區市民大道1段往東(近天津街),0,0,1,2,C03,8,1,5,40,14,9,4,5,4,5,7,4,4,1,4,5,2,16,1,38,2,9,1,1,7,9,1,10,2,11,,44,8,1,22,9,121.5225679,25.04781777
111,8,1,7,46,2,09北投區,北投區西安街1段與西安街1段313巷口,0,0,2,2,H01,8,1,5,50,3,1,1,5,4,5,7,4,4,10,4,5,1,3,1,76,2,9,4,5,8,16,8,20,10,16,,67,15,1,22,9,121.5162765,25.11301969
111,8,1,7,46,2,09北投區,北投區西安街1段與西安街1段313巷口,0,0,2,1,C03,8,1,5,50,3,1,1,5,4,5,7,4,4,10,4,5,1,3,1,67,2,9,1,1,7,9,1,10,1,11,,15,15,1,22,9,121.5162765,25.11301969
111,8,1,7,46,2,11南港區,南港區市民大道7段與玉成街口(停車場出入口),0,0,1,2,C03,8,1,5,50,3,2,1,5,4,5,7,2,1,10,3,5,2,16,1,30,2,9,3,4,7,9,1,10,1,12,,13,8,1,22,9,121.5817179,25.0488355
111,8,1,7,46,2,11南港區,南港區市民大道7段與玉成街口(停車場出入口),0,0,1,1,B03,8,1,5,50,3,2,1,5,4,5,7,2,1,10,3,5,2,16,1,50,3,10,3,4,7,5,1,8,1,8,,8,8,1,22,9,121.5817179,25.0488355
111,8,1,7,48,2,07信義區,信義區市民大道6段松山車站西側門旁,0,0,1,1,C03,8,1,5,40,14,9,1,5,4,5,7,4,4,10,3,5,1,13,1,59,2,9,1,4,7,9,1,10,1,11,,16,16,1,22,9,121.5780496,25.04886948
111,8,1,7,48,2,07信義區,信義區市民大道6段松山車站西側門旁,0,0,1,2,B03,8,1,5,40,14,9,1,5,4,5,7,4,4,10,3,5,1,13,2,44,3,10,3,4,7,9,1,8,1,3,,44,16,1,22,9,121.5780496,25.04886948
111,8,1,7,58,2,12內湖區,內湖區大湖街東向西五指幹第15號電線杆,0,0,1,1,F01,8,1,5,30,14,9,1,5,4,5,7,4,4,10,5,5,1,12,1,20,2,9,1,1,7,9,8,20,1,16,,16,16,1,22,9,121.6010523,25.09059769
111,8,1,7,58,2,12內湖區,內湖區大湖街東向西五指幹第15號電線杆,0,0,1,2,B03,8,1,5,30,14,9,1,5,4,5,7,4,4,10,5,5,1,12,1,46,3,10,1,1,7,14,1,8,1,6,,44,16,1,22,9,121.6010523,25.09059769
111,8,1,8,3,2,04大安區,大安區敦化南路2段39號,0,0,2,1,B03,8,1,5,50,14,9,1,5,4,5,7,4,4,1,5,5,2,13,4,,4,11,3,4,7,1,7,19,11,15,,19,43,2,22,9,121.5490233,25.0316596
111,8,1,8,3,2,04大安區,大安區敦化南路2段39號,0,0,2,2,A02,8,1,5,50,14,9,1,5,4,5,7,4,4,1,5,5,2,13,1,46,3,10,1,1,7,8,1,2,2,7,,44,43,1,22,9,121.5490233,25.0316596
111,8,1,8,3,2,04大安區,大安區敦化南路2段39號,0,0,2,3,C03,8,1,5,50,14,9,1,5,4,5,7,4,4,1,5,5,2,13,2,46,2,9,1,1,7,7,1,10,2,11,,16,43,1,22,9,121.5490233,25.0316596
111,8,1,8,3,2,04大安區,大安區敦化南路2段39號,0,0,2,4,H02,8,1,5,50,14,9,1,5,4,5,7,4,4,1,5,5,2,13,2,15,2,9,1,5,7,20,8,20,10,16,,67,43,1,22,9,121.5490233,25.0316596
111,8,1,8,28,2,11南港區,南港區重陽路187巷與松河街口,0,0,1,1,A02,8,1,5,50,3,2,1,5,4,5,7,4,4,8,5,5,2,16,1,50,3,10,3,4,7,5,1,2,1,15,,6,6,1,22,9,121.5977235,25.0581601
111,8,1,8,28,2,11南港區,南港區重陽路187巷與松河街口,0,0,1,2,C04,8,1,5,50,3,2,1,5,4,5,7,4,4,8,5,5,2,16,1,40,2,9,3,4,7,9,1,9,1,15,,14,6,1,22,9,121.5977235,25.0581601
111,8,1,8,28,2,11南港區,南港區重陽路187巷與松河街口,0,0,1,3,B01,8,1,5,50,3,2,1,5,4,5,7,4,4,8,5,5,2,16,1,51,3,10,3,4,7,9,1,2,1,4,,44,6,1,22,9,121.5977235,25.0581601
111,8,1,8,45,2,07信義區,信義區市民大道5段與東寧路口,0,0,1,1,C03,8,1,5,50,3,2,1,5,4,5,7,2,1,1,3,5,1,18,1,29,2,9,1,1,7,5,1,10,1,15,,43,43,1,22,9,121.5633304,25.0473204
111,8,1,8,45,2,07信義區,信義區市民大道5段與東寧路口,0,0,1,2,,8,1,5,50,3,2,1,5,4,5,7,2,1,1,3,5,1,18,3,,,,,,,,,,,,,67,43,1,,,121.5633304,25.0473204
111,8,1,9,10,2,10文山區,文山區木柵路1段331-4號,0,0,2,1,C03,8,1,5,50,14,9,2,5,4,5,7,4,4,5,4,5,2,17,1,43,2,9,1,4,7,11,1,9,2,12,,26,26,1,22,9,121.5569948,24.98863626
111,8,1,9,10,2,10文山區,文山區木柵路1段331-4號,0,0,2,2,C01,8,1,5,50,14,9,2,5,4,5,7,4,4,5,4,5,2,17,1,29,2,9,1,4,7,9,1,9,2,11,,44,26,1,22,9,121.5569948,24.98863626
111,8,1,9,36,2,03中山區,中山區長春路與建國北路2段口,0,0,1,1,C03,8,1,5,50,4,2,1,5,4,5,7,1,1,4,3,4,1,17,2,44,2,9,1,4,7,9,1,10,2,13,,43,43,1,22,9,121.5368462,25.05476666
111,8,1,9,36,2,03中山區,中山區長春路與建國北路2段口,0,0,1,2,C03,8,1,5,50,4,2,1,5,4,5,7,1,1,4,3,4,1,17,1,45,3,10,3,4,7,9,1,10,2,14,,43,43,1,22,9,121.5368462,25.05476666
111,8,1,9,56,2,02萬華區,萬華區堤外便道與萬大路口,0,0,1,1,B01,8,1,5,50,3,1,1,5,4,5,7,2,1,10,5,5,1,17,1,54,3,10,1,4,7,6,1,8,1,15,,9,9,1,22,9,121.4958046,25.01635737
111,8,1,9,56,2,02萬華區,萬華區堤外便道與萬大路口,0,0,1,2,C03,8,1,5,50,3,1,1,5,4,5,7,2,1,10,5,5,1,17,1,62,2,9,1,4,7,9,1,10,1,12,,44,9,1,22,9,121.4958046,25.01635737
111,8,1,10,35,2,10文山區,文山區興隆路4段109巷與興隆路4段口,0,0,1,1,B01,8,1,5,50,4,2,1,5,4,5,7,2,1,9,4,5,1,3,1,67,3,10,1,1,7,5,1,4,1,1,,43,43,1,22,9,121.5610564,24.9865772
111,8,1,10,35,2,10文山區,文山區興隆路4段109巷與興隆路4段口,0,0,1,2,H01,8,1,5,50,4,2,1,5,4,5,7,2,1,9,4,5,1,3,1,54,2,5,4,5,8,16,8,20,1,15,,67,43,1,22,9,121.5610564,24.9865772
111,8,1,11,10,2,12內湖區,內湖區行善路59巷39號前,0,0,2,1,B03,8,1,5,30,14,9,1,5,4,5,5,4,4,9,5,5,2,16,1,47,3,10,1,1,7,1,1,8,1,1,,19,19,1,22,9,121.5784379,25.05674664
111,8,1,11,10,2,12內湖區,內湖區行善路59巷39號前,0,0,2,2,C03,8,1,5,30,14,9,1,5,4,5,5,4,4,9,5,5,2,16,1,64,2,9,1,1,7,9,1,10,1,12,,44,19,1,22,9,121.5784379,25.05674664
111,8,1,11,10,2,12內湖區,內湖區行善路59巷39號前,0,0,2,3,B11,8,1,5,30,14,9,1,5,4,5,5,4,4,9,5,5,2,16,1,24,4,11,3,4,7,15,7,19,11,15,,38,19,2,22,9,121.5784379,25.05674664
111,8,1,11,10,2,12內湖區,內湖區行善路59巷39號前,0,0,2,4,H02,8,1,5,30,14,9,1,5,4,5,5,4,4,9,5,5,2,16,2,62,2,9,1,5,7,21,8,20,10,16,,67,19,1,22,9,121.5784379,25.05674664
111,8,1,11,40,2,09北投區,北投區磺港路與三合街2段口,0,0,3,1,F01,8,1,5,30,4,1,1,5,4,5,7,2,1,1,5,5,2,16,2,73,2,9,3,1,7,11,8,20,1,16,,25,25,1,22,9,121.5032807,25.1266717
111,8,1,11,40,2,09北投區,北投區磺港路與三合街2段口,0,0,3,2,C03,8,1,5,30,4,1,1,5,4,5,7,2,1,1,5,5,2,16,2,23,2,9,1,1,7,9,1,10,1,11,,13,25,1,22,9,121.5032807,25.1266717
111,8,1,11,40,2,09北投區,北投區磺港路與三合街2段口,0,0,3,3,H02,8,1,5,30,4,1,1,5,4,5,7,2,1,1,5,5,2,16,2,22,2,9,1,5,7,21,8,20,10,16,,67,25,1,22,9,121.5032807,25.1266717
111,8,1,11,53,2,07信義區,信義區信安街與嘉興街127巷口口,0,0,1,1,C03,8,1,5,30,3,1,1,5,4,5,7,2,1,5,4,5,2,18,2,26,2,9,1,1,7,5,1,10,11,14,,13,13,1,21,8,121.558151,25.02871078
111,8,1,11,53,2,07信義區,信義區信安街與嘉興街127巷口口,0,0,1,2,,8,1,5,30,3,1,1,5,4,5,7,2,1,5,4,5,2,18,3,,,,,,,,,,,,,67,13,1,,,121.558151,25.02871078
111,8,1,11,57,2,11南港區,南港區向陽路與重陽路口,0,0,1,1,B03,8,1,5,50,4,1,1,5,4,5,7,2,1,1,4,5,1,15,1,59,3,10,3,4,7,9,1,8,2,1,,25,25,1,22,9,121.594617,25.0547613
111,8,1,11,57,2,11南港區,南港區向陽路與重陽路口,0,0,1,2,C03,8,1,5,50,4,1,1,5,4,5,7,2,1,1,4,5,1,15,1,57,2,9,1,4,7,9,1,10,2,11,,44,25,1,22,9,121.594617,25.0547613
111,8,1,12,10,2,07信義區,信義區嘉興街213號,0,0,1,1,B02,7,1,5,50,14,9,1,5,4,5,7,4,4,4,3,5,2,9,1,35,3,10,3,4,7,9,1,8,1,3,,42,42,1,22,9,121.5564343,25.0260033
111,8,1,12,10,2,07信義區,信義區嘉興街213號,0,0,1,2,H01,7,1,5,50,14,9,1,5,4,5,7,4,4,4,3,5,2,9,2,35,2,6,4,5,8,16,8,20,1,16,,67,42,1,22,9,121.5564343,25.0260033
111,8,1,12,12,2,06松山區,松山區松河街與中坡北路口,0,0,2,1,C04,8,1,5,40,3,1,1,5,4,5,7,1,1,5,5,5,2,16,1,21,2,9,1,1,7,5,1,10,1,12,,6,6,1,22,9,121.5798707,25.05211006
111,8,1,12,12,2,06松山區,松山區松河街與中坡北路口,0,0,2,2,C03,8,1,5,40,3,1,1,5,4,5,7,1,1,5,5,5,2,16,1,32,2,7,1,1,7,9,1,10,1,11,,42,6,1,22,9,121.5798707,25.05211006
111,8,1,12,43,2,03中山區,中山區南京東路2段115巷與松江路133巷口,0,0,1,2,B01,6,1,5,30,4,1,1,4,4,5,7,4,4,8,5,5,1,15,1,50,3,10,3,4,7,9,1,2,1,5,,23,6,1,22,9,121.5336514,25.05434547
111,8,1,12,43,2,03中山區,中山區南京東路2段115巷與松江路133巷口,0,0,1,1,C03,6,1,5,30,4,1,1,4,4,5,7,4,4,8,5,5,1,15,2,22,2,9,3,4,7,9,1,10,1,14,,6,6,1,22,9,121.5336514,25.05434547
111,8,1,13,4,2,05中正區,中正區重慶南路2段與愛國西路口,0,0,1,1,B01,6,1,5,50,4,1,1,4,4,5,7,1,1,1,4,5,2,17,1,57,3,10,1,1,7,6,1,4,2,2,,9,9,1,22,9,121.5125967,25.0350266
111,8,1,13,4,2,05中正區,中正區重慶南路2段與愛國西路口,0,0,1,2,C03,6,1,5,50,4,1,1,4,4,5,7,1,1,1,4,5,2,17,1,26,2,9,1,1,7,9,1,10,2,12,,13,9,1,22,9,121.5125967,25.0350266
111,8,1,13,47,2,03中山區,中山區錦州街與錦州街1巷口,0,0,1,1,B03,7,1,5,50,3,1,1,4,4,5,7,4,4,5,5,5,2,16,1,47,3,10,3,4,7,7,1,8,1,7,,7,7,1,22,9,121.5237662,25.0603678
111,8,1,13,47,2,03中山區,中山區錦州街與錦州街1巷口,0,0,1,2,C03,7,1,5,50,3,1,1,4,4,5,7,4,4,5,5,5,2,16,2,40,2,9,1,1,7,9,1,10,1,14,,44,7,1,22,9,121.5237662,25.0603678
111,8,1,13,47,2,03中山區,中山區錦州街與錦州街1巷口,0,0,1,3,B01,7,1,5,50,3,1,1,4,4,5,7,4,4,5,5,5,2,16,1,49,3,10,3,4,7,11,1,2,11,15,,44,7,2,22,9,121.5237662,25.0603678
111,8,1,13,57,2,04大安區,大安區敦化南路2段與安和路2段59巷口口,0,0,1,1,B03,6,1,5,50,4,2,1,4,4,5,7,2,1,8,3,5,1,17,1,69,3,10,3,4,7,1,1,8,1,8,,19,19,1,22,9,121.5445539,25.0345384
111,8,1,13,57,2,04大安區,大安區敦化南路2段與安和路2段59巷口口,0,0,1,2,C03,6,1,5,50,4,2,1,4,4,5,7,2,1,8,3,5,1,17,2,40,2,9,3,4,7,15,1,10,1,12,,44,19,1,22,9,121.5445539,25.0345384
111,8,1,14,39,2,03中山區,中山區建國北路2段與民生東路2段口,0,0,1,1,C03,8,1,5,50,4,1,1,5,4,5,7,2,1,4,1,4,1,12,1,32,2,8,3,4,7,8,1,10,1,12,,7,7,1,22,9,121.5367457,25.0580207
111,8,1,14,39,2,03中山區,中山區建國北路2段與民生東路2段口,0,0,1,2,C03,8,1,5,50,4,1,1,5,4,5,7,2,1,4,1,4,1,12,1,33,3,10,3,4,7,9,1,10,1,14,,44,7,1,22,9,121.5367457,25.0580207
111,8,1,14,40,2,08士林區,士林區承德路4段10巷與通河街76巷口,0,0,1,1,B03,8,1,5,30,4,1,1,5,4,5,7,4,4,5,5,5,2,15,2,66,3,10,1,1,7,9,1,8,1,4,,6,6,1,21,8,121.5201487,25.0801317
111,8,1,14,40,2,08士林區,士林區承德路4段10巷與通河街76巷口,0,0,1,2,C03,8,1,5,30,4,1,1,5,4,5,7,4,4,5,5,5,2,15,1,23,2,7,1,1,7,9,1,10,1,11,,23,6,1,21,8,121.5201487,25.0801317
111,8,1,14,47,2,04大安區,大安區辛亥路1段與辛亥路1段34巷口,0,0,1,1,B01,8,1,5,30,3,1,1,5,4,5,7,4,4,1,4,4,2,17,1,69,3,10,3,4,7,6,1,4,1,1,,6,6,1,22,9,121.530153,25.0200143
111,8,1,14,47,2,04大安區,大安區辛亥路1段與辛亥路1段34巷口,0,0,1,2,F01,8,1,5,30,3,1,1,5,4,5,7,4,4,1,4,4,2,17,1,23,2,9,3,4,7,9,8,20,1,16,,23,6,1,22,9,121.530153,25.0200143
111,8,1,14,54,2,08士林區,士林區中正路與中山北路5段口,0,0,2,1,C04,7,1,5,50,4,1,1,4,4,5,7,1,1,1,4,5,1,15,1,19,2,9,3,4,7,9,1,10,1,12,,25,25,1,22,9,121.5277642,25.0958246
111,8,1,14,54,2,08士林區,士林區中正路與中山北路5段口,0,0,2,2,C03,7,1,5,50,4,1,1,4,4,5,7,1,1,1,4,5,1,15,2,30,2,8,3,4,7,1,1,10,1,11,,44,25,1,22,9,121.5277642,25.0958246
111,8,1,14,54,2,08士林區,士林區中正路與中山北路5段口,0,0,2,3,C03,7,1,5,50,4,1,1,4,4,5,7,1,1,1,4,5,1,15,4,,4,11,3,4,7,15,7,19,11,15,,43,25,2,22,9,121.5277642,25.0958246
111,8,1,15,0,2,06松山區,松山區光復北路與光復北路190巷口,0,0,2,1,C03,8,1,5,50,4,1,1,5,4,5,7,2,1,9,4,5,2,9,2,40,2,9,1,1,7,9,6,10,2,11,,25,25,1,22,9,121.5558934,25.05467865
111,8,1,15,0,2,06松山區,松山區光復北路與光復北路190巷口,0,0,2,2,H01,8,1,5,50,4,1,1,5,4,5,7,2,1,9,4,5,2,9,2,30,2,9,4,5,8,16,8,20,10,16,,67,25,1,22,9,121.5558934,25.05467865
111,8,1,15,35,2,09北投區,北投區磺港路與光明路口,0,0,1,1,C03,8,1,5,50,4,2,1,5,4,5,7,2,1,5,4,5,2,16,2,45,2,9,3,4,7,5,1,10,2,12,,8,8,1,22,9,121.5018575,25.13347654
111,8,1,15,35,2,09北投區,北投區磺港路與光明路口,0,0,1,2,B03,8,1,5,50,4,2,1,5,4,5,7,2,1,5,4,5,2,16,2,23,3,10,3,4,7,9,1,8,2,5,,23,8,1,22,9,121.5018575,25.13347654
111,8,1,16,2,2,08士林區,士林區福德路與大東路口,0,0,1,1,B03,8,1,5,50,4,1,1,5,4,5,7,2,1,5,5,5,2,17,1,48,3,10,3,4,7,5,1,8,1,8,,6,6,1,22,9,121.5253912,25.09217272
111,8,1,16,2,2,08士林區,士林區福德路與大東路口,0,0,1,2,C04,8,1,5,50,4,1,1,5,4,5,7,2,1,5,5,5,2,17,1,39,2,8,1,4,7,9,1,10,1,11,,44,6,1,22,9,121.5253912,25.09217272
111,8,1,16,7,2,09北投區,北投區大度路3段185號大台北駕訓班,0,0,1,1,B03,8,1,5,50,14,9,1,5,4,5,7,4,4,9,4,5,2,16,2,18,3,10,1,1,7,6,1,8,1,2,,9,9,1,22,9,121.4707292,25.12276121
111,8,1,16,7,2,09北投區,北投區大度路3段185號大台北駕訓班,0,0,1,2,C03,8,1,5,50,14,9,1,5,4,5,7,4,4,9,4,5,2,16,2,77,2,9,1,1,7,9,3,18,1,14,,23,9,1,22,9,121.4707292,25.12276121
111,8,1,16,7,2,09北投區,北投區大度路3段185號大台北駕訓班,0,0,1,3,,8,1,5,50,14,9,1,5,4,5,7,4,4,9,4,5,2,16,3,,,,,,,,,,,,,67,9,1,,,121.4707292,25.12276121
111,8,1,16,14,2,06松山區,松山區新東街與三民路180巷口,0,0,1,1,C03,7,1,5,30,4,1,1,5,4,5,7,4,4,10,5,5,2,16,1,57,2,9,3,4,7,9,1,10,2,14,,6,6,1,22,9,121.5650933,25.062522
111,8,1,16,14,2,06松山區,松山區新東街與三民路180巷口,0,0,1,2,B03,7,1,5,30,4,1,1,5,4,5,7,4,4,10,5,5,2,16,2,33,3,10,3,4,7,6,1,8,2,8,,44,6,1,22,9,121.5650933,25.062522
111,8,1,16,33,2,07信義區,信義區吳興街361巷23弄20號,0,0,1,1,B03,8,1,5,30,14,9,1,5,4,5,7,4,4,10,5,5,2,14,1,49,3,10,1,1,7,2,1,8,1,3,,12,12,1,22,9,121.5666008,25.0266667
111,8,1,16,33,2,07信義區,信義區吳興街361巷23弄20號,0,0,1,2,C03,8,1,5,30,14,9,1,5,4,5,7,4,4,10,5,5,2,14,2,74,2,9,1,1,7,14,1,10,1,12,,14,12,1,22,9,121.5666008,25.0266667
111,8,1,17,0,2,02萬華區,萬華區艋舺大道208號對面,0,0,2,1,C03,8,1,5,50,11,9,1,5,4,5,7,4,4,1,4,5,2,12,1,62,2,9,1,1,7,9,1,10,1,12,,17,17,1,22,9,121.4991953,25.033055
111,8,1,17,0,2,02萬華區,萬華區艋舺大道208號對面,0,0,2,2,C03,8,1,5,50,11,9,1,5,4,5,7,4,4,1,4,5,2,12,2,36,2,9,1,1,7,9,3,18,1,14,,17,17,1,22,9,121.4991953,25.033055
111,8,1,17,4,2,06松山區,松山區民生東路3段125號,0,0,1,1,B03,8,3,5,30,14,9,1,5,4,5,7,4,4,1,4,1,2,12,1,73,3,10,1,1,7,6,1,8,2,4,,9,9,1,22,9,121.5474215,25.05777871
111,8,1,17,4,2,06松山區,松山區民生東路3段125號,0,0,1,2,C03,8,3,5,30,14,9,1,5,4,5,7,4,4,1,4,1,2,12,1,57,2,9,1,1,7,9,1,10,2,11,,14,9,1,22,9,121.5474215,25.05777871
111,8,1,17,20,2,06松山區,松山區民權東路3段170-1號,0,0,1,1,C03,8,1,5,50,14,9,1,5,4,5,7,4,4,9,4,5,2,17,1,41,2,9,1,1,7,8,1,10,2,12,,23,23,1,22,9,121.5488812,25.06178465
111,8,1,17,20,2,06松山區,松山區民權東路3段170-1號,0,0,1,2,C03,8,1,5,50,14,9,1,5,4,5,7,4,4,9,4,5,2,17,2,24,3,10,1,1,7,13,1,10,11,11,,44,23,1,22,9,121.5488812,25.06178465
111,8,1,17,20,2,06松山區,松山區民權東路3段170-1號,0,0,1,3,C03,8,1,5,50,14,9,1,5,4,5,7,4,4,9,4,5,2,17,1,35,3,10,1,1,7,13,1,10,11,11,,44,23,1,22,9,121.5488812,25.06178465
111,8,1,17,20,2,06松山區,松山區民權東路3段170-1號,0,0,1,4,C04,8,1,5,50,14,9,1,5,4,5,7,4,4,9,4,5,2,17,1,36,3,10,1,1,7,13,1,10,11,11,,44,23,1,22,9,121.5488812,25.06178465
111,8,1,17,20,2,06松山區,松山區民權東路3段170-1號,0,0,1,5,C03,8,1,5,50,14,9,1,5,4,5,7,4,4,9,4,5,2,17,1,35,3,10,1,1,7,13,1,10,11,11,,44,23,1,22,9,121.5488812,25.06178465
111,8,1,17,20,2,06松山區,松山區民權東路3段170-1號,0,0,1,6,C03,8,1,5,50,14,9,1,5,4,5,7,4,4,9,4,5,2,17,1,24,3,10,1,1,7,13,1,10,11,11,,44,23,1,22,9,121.5488812,25.06178465
111,8,1,17,20,2,06松山區,松山區民權東路3段170-1號,0,0,1,7,C03,8,1,5,50,14,9,1,5,4,5,7,4,4,9,4,5,2,17,1,32,3,10,1,1,7,13,1,10,9,11,,44,23,1,22,9,121.5488812,25.06178465
111,8,1,17,21,2,03中山區,中山區建國北路1段與南京東路3段口,0,0,1,1,B03,8,1,5,50,4,1,1,5,4,5,7,1,1,1,4,5,2,16,1,42,3,10,1,1,7,6,1,8,1,2,,9,9,1,22,9,121.5429858,25.0791352
111,8,1,17,21,2,03中山區,中山區建國北路1段與南京東路3段口,0,0,1,2,C03,8,1,5,50,4,1,1,5,4,5,7,1,1,1,4,5,2,16,1,48,2,9,1,1,7,9,1,10,1,11,,44,9,1,22,9,121.5429858,25.0791352
111,8,1,17,36,2,03中山區,中山區建國北路2段186號與建國北路2段口,0,0,1,1,B03,8,1,5,50,3,2,1,5,4,5,7,2,1,9,4,5,2,12,2,38,3,10,1,1,7,5,1,8,1,4,,8,8,1,5,5,121.5367354,25.05966379
111,8,1,17,36,2,03中山區,中山區建國北路2段186號與建國北路2段口,0,0,1,2,C03,8,1,5,50,3,2,1,5,4,5,7,2,1,9,4,5,2,12,1,45,2,9,1,1,7,9,1,10,1,12,,26,8,1,3,1,121.5367354,25.05966379