發生年度,發生月,發生日,發生時-Hours,發生分,處理別-編號,區序,肇事地點,死亡人數,2-30日死亡人數,受傷人數,當事人序號,車種,天候,光線,道路類別,速限-速度限制,道路型態,事故位置,路面狀況1,路面狀況2,路面狀況3,道路障礙1,道路障礙2,號誌1,號誌2,車道劃分-分向,車道劃分-分道1,車道劃分-分道2,車道劃分-分道3,事故類型及型態,性別,年齡,受傷程度,主要傷處,安全帽,行動電話,車輛用途,當事者行動狀態,駕駛資格情形,駕駛執照種類,飲酒情形,車輛撞擊部位1,車輛撞擊部位2,肇因碼-個別,肇因碼-主要,個人肇逃否,職業,旅次目的,座標-X,座標-Y
111,8,1,17,37,2,02萬華區,萬華區德昌街與民和街81巷口,0,0,3,1,F03,8,1,5,30,4,1,1,5,4,5,7,4,4,10,5,5,2,17,1,23,2,4,1,1,7,9,8,20,2,16,,6,6,1,22,9,121.4991086,25.02521252
111,8,1,17,37,2,02萬華區,萬華區德昌街與民和街81巷口,0,0,3,2,C03,8,1,5,30,4,1,1,5,4,5,7,4,4,10,5,5,2,17,2,39,2,8,1,1,7,9,1,10,2,11,,14,6,1,22,9,121.4991086,25.02521252
111,8,1,17,37,2,02萬華區,萬華區德昌街與民和街81巷口,0,0,3,3,H02,8,1,5,30,4,1,1,5,4,5,7,4,4,10,5,5,2,17,1,5,2,9,1,5,7,21,8,20,10,16,,67,6,1,22,9,121.4991086,25.02521252
111,8,1,17,56,2,04大安區,大安區基隆路4段北往南033燈桿,0,0,1,1,C03,7,1,5,50,14,9,1,5,4,5,7,4,4,1,4,4,2,13,1,28,3,10,1,1,7,9,3,18,1,11,,23,23,1,22,9,121.538065,25.01214497
111,8,1,17,56,2,04大安區,大安區基隆路4段北往南033燈桿,0,0,1,2,C03,7,1,5,50,14,9,1,5,4,5,7,4,4,1,4,4,2,13,2,27,2,9,1,1,7,9,1,10,1,13,,44,23,1,22,9,121.538065,25.01214497
111,8,1,18,12,2,06松山區,松山區延壽街371號,0,0,2,1,H01,7,1,5,30,14,9,1,5,4,5,7,4,4,9,4,5,2,6,2,13,2,9,4,4,8,18,8,20,10,16,,67,67,1,22,9,121.5581909,25.05644306
111,8,1,18,12,2,06松山區,松山區延壽街371號,0,0,2,2,C03,7,1,5,30,14,9,1,5,4,5,7,4,4,9,4,5,2,6,2,46,2,9,1,4,7,9,4,8,1,11,,15,67,1,22,9,121.5581909,25.05644306
111,8,1,18,28,2,08士林區,士林區延平北路7段106巷355號,0,0,1,1,C03,8,2,5,40,14,9,1,5,4,5,7,4,4,9,5,5,2,13,1,22,2,7,1,3,7,9,1,10,1,11,,23,23,1,22,9,121.4954416,25.10886904
111,8,1,18,28,2,08士林區,士林區延平北路7段106巷355號,0,0,1,2,C03,8,2,5,40,14,9,1,5,4,5,7,4,4,9,5,5,2,13,1,48,3,10,1,1,7,14,6,10,1,13,,42,23,1,22,9,121.4954416,25.10886904
111,8,1,18,31,2,02萬華區,萬華區西園路1段與貴陽街2段口,0,0,1,1,B02,8,3,5,50,4,1,1,5,4,5,7,1,1,5,4,5,1,17,1,35,3,10,1,1,7,6,6,8,2,2,,9,9,1,22,9,121.4999173,25.04011244
111,8,1,18,31,2,02萬華區,萬華區西園路1段與貴陽街2段口,0,0,1,2,C03,8,3,5,50,4,1,1,5,4,5,7,1,1,5,4,5,1,17,2,26,2,9,1,1,7,9,1,10,2,14,,44,9,1,22,9,121.4999173,25.04011244
111,8,1,18,31,2,02萬華區,萬華區西園路1段與貴陽街2段口,0,0,1,3,B12,8,3,5,50,4,1,1,5,4,5,7,1,1,5,4,5,1,17,1,62,3,10,1,1,7,15,1,8,11,15,,38,9,1,22,9,121.4999173,25.04011244
111,8,1,18,31,2,09北投區,北投區文林北路110號,0,0,1,1,C03,8,1,5,40,14,8,1,5,4,5,7,4,4,1,4,4,2,12,2,74,3,10,1,1,7,1,1,10,11,14,,19,19,2,19,9,121.5173668,25.1057144
111,8,1,18,31,2,09北投區,北投區文林北路110號,0,0,1,2,C03,8,1,5,40,14,8,1,5,4,5,7,4,4,1,4,4,2,12,2,22,2,9,1,1,7,9,1,10,1,12,,44,19,1,18,9,121.5173668,25.1057144
111,8,1,19,53,2,07信義區,信義區忠孝東路5段297號,0,0,1,1,B01,8,3,5,50,14,9,1,5,4,5,7,4,4,1,4,5,2,17,1,58,3,10,3,4,7,7,1,4,1,15,,7,7,1,22,9,121.5729095,25.04097934
111,8,1,19,53,2,07信義區,信義區忠孝東路5段297號,0,0,1,2,C03,8,3,5,50,14,9,1,5,4,5,7,4,4,1,4,5,2,17,1,26,2,9,3,4,7,9,1,10,1,14,,13,7,1,22,9,121.5729095,25.04097934
111,8,1,20,17,2,12內湖區,內湖區麗山街348巷11號,0,0,1,1,B03,8,3,5,30,14,9,1,5,4,5,7,4,4,5,5,5,2,14,1,28,3,10,1,1,7,2,1,8,1,3,,12,12,1,22,9,121.5733705,25.0819928
111,8,1,20,17,2,12內湖區,內湖區麗山街348巷11號,0,0,1,2,C03,8,3,5,30,14,9,1,5,4,5,7,4,4,5,5,5,2,14,2,28,2,8,1,1,7,13,1,10,1,14,,44,12,1,22,9,121.5733705,25.0819928
111,8,1,20,17,2,12內湖區,內湖區麗山街348巷11號,0,0,1,3,C03,8,3,5,30,14,9,1,5,4,5,7,4,4,5,5,5,2,14,1,61,3,10,3,1,7,13,1,10,1,14,,44,12,1,22,9,121.5733705,25.0819928
111,8,1,20,24,2,10文山區,文山區羅斯福路5段192巷與無名巷口,0,0,1,1,A12,8,3,5,30,4,1,1,5,4,5,7,4,4,10,5,5,2,15,1,42,3,10,2,1,7,9,1,2,2,8,,14,14,1,22,9,121.5362178,25.00340897
111,8,1,20,24,2,10文山區,文山區羅斯福路5段192巷與無名巷口,0,0,1,2,C03,8,3,5,30,4,1,1,5,4,5,7,4,4,10,5,5,2,15,2,27,2,9,1,1,7,9,1,10,1,12,,6,14,1,22,9,121.5362178,25.00340897
111,8,1,20,28,2,03中山區,中山區南京東路1段與新生北路1段口,0,0,1,1,B03,8,3,5,50,4,1,1,5,4,5,7,2,1,1,1,1,1,12,1,30,3,10,3,4,7,6,1,8,1,5,,9,9,1,22,9,121.5275447,25.05198731
111,8,1,20,28,2,03中山區,中山區南京東路1段與新生北路1段口,0,0,1,2,C03,8,3,5,50,4,1,1,5,4,5,7,2,1,1,1,1,1,12,2,21,2,9,3,4,7,9,1,10,1,14,,44,9,1,22,9,121.5275447,25.05198731
111,8,1,20,40,2,09北投區,北投區大度路3段與立功街口,0,0,1,1,C03,8,3,5,50,3,2,1,5,4,5,7,3,1,3,2,3,2,17,2,19,2,9,3,4,7,6,1,10,1,13,,9,9,1,22,9,121.4677544,25.1233369
111,8,1,20,40,2,09北投區,北投區大度路3段與立功街口,0,0,1,2,B03,8,3,5,50,3,2,1,5,4,5,7,3,1,3,2,3,2,17,1,19,3,10,3,4,5,9,1,17,1,5,,23,9,1,22,9,121.4677544,25.1233369
111,8,1,20,49,2,02萬華區,萬華區昆明街34號,0,0,1,1,C03,8,3,5,0,14,7,1,5,4,5,7,4,4,9,3,5,2,11,1,65,2,1,1,1,7,9,1,10,1,12,,23,23,1,22,9,121.5058136,25.0470643
111,8,1,20,49,2,02萬華區,萬華區昆明街34號,0,0,1,3,C03,8,3,5,0,14,7,1,5,4,5,7,4,4,9,3,5,2,11,1,51,3,10,3,1,7,15,7,19,11,15,,44,23,1,22,9,121.5058136,25.0470643
111,8,1,20,49,2,02萬華區,萬華區昆明街34號,0,0,1,4,B03,8,3,5,0,14,7,1,5,4,5,7,4,4,9,3,5,2,11,1,24,3,10,3,4,7,13,7,19,11,15,,44,23,1,22,9,121.5058136,25.0470643
111,8,1,20,49,2,02萬華區,萬華區昆明街34號,0,0,1,5,B03,8,3,5,0,14,7,1,5,4,5,7,4,4,9,3,5,2,11,1,48,3,10,3,4,7,21,7,19,11,15,,44,23,1,22,9,121.5058136,25.0470643
111,8,1,20,49,2,02萬華區,萬華區昆明街34號,0,0,1,2,C03,8,3,5,0,14,7,1,5,4,5,7,4,4,9,3,5,2,11,2,42,3,10,3,1,7,13,7,19,11,15,,42,23,1,22,9,121.5058136,25.0470643
111,8,1,20,51,2,08士林區,士林區文林路與福德路口,0,0,2,1,C03,8,3,5,50,4,1,1,5,4,5,7,1,1,5,5,5,2,12,1,45,2,7,1,1,7,1,1,10,1,14,,19,19,1,22,9,121.5260676,25.09227409
111,8,1,20,51,2,08士林區,士林區文林路與福德路口,0,0,2,2,C03,8,3,5,50,4,1,1,5,4,5,7,1,1,5,5,5,2,12,2,28,2,7,1,1,7,9,1,10,1,12,,44,19,1,22,9,121.5260676,25.09227409
111,8,1,22,20,2,10文山區,文山區新光路1段與秀明路2段口,0,0,1,1,B03,7,3,5,50,4,1,1,5,4,5,7,2,1,5,4,5,2,17,1,29,3,10,1,1,7,5,1,8,2,5,,25,25,1,22,9,121.5736981,24.9916572
111,8,1,22,20,2,10文山區,文山區新光路1段與秀明路2段口,0,0,1,2,C03,7,3,5,50,4,1,1,5,4,5,7,2,1,5,4,5,2,17,1,20,2,1,1,1,7,9,1,10,2,11,,25,25,1,22,9,121.5736981,24.9916572
111,8,1,22,23,2,01大同區,大同區承德路1段與長安西路口,0,0,1,1,B01,7,3,5,50,4,2,1,5,4,5,7,2,1,5,4,5,2,16,1,40,3,10,3,4,7,11,1,4,2,5,,10,10,1,22,9,121.5168226,25.0509682
111,8,1,22,23,2,01大同區,大同區承德路1段與長安西路口,0,0,1,2,C04,7,3,5,50,4,2,1,5,4,5,7,2,1,5,4,5,2,16,2,23,2,9,1,4,7,9,1,10,2,11,,44,10,1,22,9,121.5168226,25.0509682
111,8,1,22,38,2,07信義區,信義區嘉興街181巷與信安街口,0,0,1,1,B03,7,3,5,30,4,1,1,5,4,5,7,2,1,9,5,5,2,16,1,41,3,10,1,1,7,6,1,8,2,2,,9,9,1,22,9,121.5573173,25.0260764
111,8,1,22,38,2,07信義區,信義區嘉興街181巷與信安街口,0,0,1,2,C03,7,3,5,30,4,1,1,5,4,5,7,2,1,9,5,5,2,16,2,26,2,9,1,1,7,9,1,10,2,14,,13,9,1,22,9,121.5573173,25.0260764
111,8,1,23,42,2,04大安區,大安區市民大道4段與敦化南路1段口,0,0,1,1,B01,7,3,5,40,4,1,1,5,4,5,7,2,1,1,4,5,2,16,1,56,3,10,3,4,7,6,1,4,2,2,,9,9,1,22,9,121.5482179,25.0447669
111,8,1,23,42,2,04大安區,大安區市民大道4段與敦化南路1段口,0,0,1,2,C03,7,3,5,40,4,1,1,5,4,5,7,2,1,1,4,5,2,16,1,35,2,8,1,4,7,9,1,10,2,15,,23,9,1,22,9,121.5482179,25.0447669
111,8,2,4,18,2,03中山區,中山區復興北路514巷與復興北路488巷1弄口,0,0,2,1,C03,8,3,5,30,4,1,1,5,4,5,7,4,4,10,5,5,2,15,1,40,2,9,1,1,7,9,1,10,2,14,12,6,6,1,22,9,121.5436669,25.06595487
111,8,2,4,18,2,03中山區,中山區復興北路514巷與復興北路488巷1弄口,0,0,2,2,C03,8,3,5,30,4,1,1,5,4,5,7,4,4,10,5,5,2,15,1,39,2,8,2,1,7,9,1,10,2,11,14,14,6,1,22,9,121.5436669,25.06595487
111,8,2,7,5,2,09北投區,北投區大度路2段99號,0,0,2,2,C03,6,1,5,50,14,12,1,4,4,5,7,4,4,1,4,1,1,17,1,41,2,9,1,1,7,9,1,10,1,15,,43,43,1,22,9,121.4783591,25.12226839
111,8,2,7,5,2,09北投區,北投區大度路2段99號,0,0,2,1,C03,6,1,5,50,14,12,1,4,4,5,7,4,4,1,4,1,1,17,4,,4,11,3,4,7,15,7,19,11,15,,43,43,2,22,9,121.4783591,25.12226839
111,8,2,7,5,2,09北投區,北投區大度路2段99號,0,0,2,3,H02,6,1,5,50,14,12,1,4,4,5,7,4,4,1,4,1,1,17,2,14,2,9,4,5,7,20,8,20,10,16,,67,43,1,22,9,121.4783591,25.12226839
111,8,2,7,12,2,05中正區,中正區重慶南路2段31號前,0,0,1,1,C03,8,1,5,50,14,9,1,5,4,5,7,4,4,1,4,5,1,17,1,58,2,9,1,1,7,9,3,18,2,12,,23,23,1,22,9,121.5143129,25.03226628
111,8,2,7,12,2,05中正區,中正區重慶南路2段31號前,0,0,1,2,B01,8,1,5,50,14,9,1,5,4,5,7,4,4,1,4,5,1,17,1,64,3,10,1,1,7,15,1,4,2,7,,38,23,1,22,9,121.5143129,25.03226628
111,8,2,7,13,2,02萬華區,萬華區和平西路3段與桂林路246巷口,0,0,1,1,B03,8,1,8,50,15,22,1,5,4,5,7,4,4,10,5,5,2,17,1,56,3,10,3,4,7,15,1,8,1,15,,26,26,2,22,9,121.4910772,25.03579085
111,8,2,7,13,2,02萬華區,萬華區和平西路3段與桂林路246巷口,0,0,1,2,C03,8,1,8,50,15,22,1,5,4,5,7,4,4,10,5,5,2,17,1,52,3,10,3,4,7,15,1,10,1,13,,44,26,1,22,9,121.4910772,25.03579085
111,8,2,7,13,2,02萬華區,萬華區和平西路3段與桂林路246巷口,0,0,1,3,C03,8,1,8,50,15,22,1,5,4,5,7,4,4,10,5,5,2,17,1,64,2,9,3,4,7,9,1,10,1,11,,16,26,1,22,9,121.4910772,25.03579085
111,8,2,7,13,2,02萬華區,萬華區和平西路3段與桂林路246巷口,0,0,1,4,C03,8,1,8,50,15,22,1,5,4,5,7,4,4,10,5,5,2,17,1,45,3,10,3,4,7,8,1,10,1,15,,44,26,1,22,9,121.4910772,25.03579085
111,8,2,7,20,2,01大同區,大同區重慶北路2段與涼州街口,0,0,1,1,B01,7,1,5,50,15,18,1,4,4,5,7,2,1,5,5,5,2,3,1,61,3,10,3,4,7,5,1,4,2,1,,15,15,1,22,9,121.5136361,25.06079783
111,8,2,7,20,2,01大同區,大同區重慶北路2段與涼州街口,0,0,1,2,H01,7,1,5,50,15,18,1,4,4,5,7,2,1,5,5,5,2,3,2,56,2,9,4,5,8,16,8,20,10,16,,51,15,1,22,9,121.5136361,25.06079783
111,8,2,7,35,2,01大同區,大同區鄭州路與鄭州路143巷口,0,0,1,1,B03,7,1,5,40,14,9,1,5,4,5,7,4,4,1,4,5,2,12,1,32,3,10,1,1,7,5,1,8,1,4,,8,8,1,22,9,121.5097704,25.05039101
111,8,2,7,35,2,01大同區,大同區鄭州路與鄭州路143巷口,0,0,1,2,C03,7,1,5,40,14,9,1,5,4,5,7,4,4,1,4,5,2,12,1,33,2,7,1,1,7,9,1,10,1,12,,13,8,1,22,9,121.5097704,25.05039101
111,8,2,7,37,2,01大同區,大同區民族西路78號,0,0,2,1,C03,6,1,5,50,14,9,1,4,4,5,7,4,4,9,4,5,2,12,1,60,2,8,1,1,7,9,1,10,2,11,,44,44,1,22,9,121.5176104,25.068528
111,8,2,7,37,2,01大同區,大同區民族西路78號,0,0,2,2,C03,6,1,5,50,14,9,1,4,4,5,7,4,4,9,4,5,2,12,1,33,2,9,1,1,7,9,1,10,2,14,,44,44,1,22,9,121.5176104,25.068528
111,8,2,7,37,2,01大同區,大同區民族西路78號,0,0,2,3,B03,6,1,5,50,14,9,1,4,4,5,7,4,4,9,4,5,2,12,1,58,3,10,1,1,7,8,1,8,2,5,,7,44,1,22,9,121.5176104,25.068528
111,8,2,7,53,2,05中正區,中正區汀州路2段48號,0,0,2,1,C03,8,1,5,50,14,9,1,5,4,5,7,4,4,9,4,5,2,17,2,62,2,9,1,1,7,5,1,10,1,12,,8,8,1,22,9,121.5178998,25.0252406
111,8,2,7,53,2,05中正區,中正區汀州路2段48號,0,0,2,2,C03,8,1,5,50,14,9,1,5,4,5,7,4,4,9,4,5,2,17,1,42,2,9,1,1,7,9,1,10,1,11,,44,8,1,22,9,121.5178998,25.0252406
111,8,2,7,55,2,03中山區,中山區民權東路2段與建國北路2段口,0,0,2,1,C03,7,1,5,50,4,1,1,4,4,5,7,2,1,1,4,5,2,12,1,19,4,11,3,4,7,6,7,19,11,15,,9,9,2,22,9,121.5367291,25.062374
111,8,2,7,55,2,03中山區,中山區民權東路2段與建國北路2段口,0,0,2,2,C03,7,1,5,50,4,1,1,4,4,5,7,2,1,1,4,5,2,12,2,24,2,7,1,4,7,9,1,10,1,14,,44,9,1,22,9,121.5367291,25.062374
111,8,2,7,55,2,03中山區,中山區民權東路2段與建國北路2段口,0,0,2,3,H02,7,1,5,50,4,1,1,4,4,5,7,2,1,1,4,5,2,12,2,29,2,8,1,5,7,20,8,20,10,16,,67,9,1,22,9,121.5367291,25.062374
111,8,2,8,8,2,09北投區,北投區承德路7段145號,0,0,2,1,C03,6,1,5,60,14,7,1,4,4,5,7,4,4,1,4,4,1,13,1,18,2,9,1,1,7,9,1,10,1,11,,43,43,1,22,9,121.5078968,25.11352909
111,8,2,8,8,2,09北投區,北投區承德路7段145號,0,0,2,2,C03,6,1,5,60,14,7,1,4,4,5,7,4,4,1,4,4,1,13,1,54,2,9,1,1,7,9,1,10,1,13,,43,43,1,22,9,121.5078968,25.11352909
111,8,2,8,10,2,02萬華區,萬華區貴陽街2段與西昌街口,0,0,1,1,F03,7,1,5,50,4,1,4,5,4,5,7,1,1,8,5,5,2,17,4,,4,11,3,4,7,15,7,19,11,15,,43,43,2,22,9,121.5006566,25.04014753
111,8,2,8,10,2,02萬華區,萬華區貴陽街2段與西昌街口,0,0,1,2,C03,7,1,5,50,4,1,4,5,4,5,7,1,1,8,5,5,2,17,2,33,2,8,1,1,7,9,1,10,2,11,,43,43,1,22,9,121.5006566,25.04014753
111,8,2,8,22,2,07信義區,信義區和平東路3段435巷7弄12號,0,0,1,1,C03,7,1,5,30,13,9,1,5,4,5,7,4,4,10,5,5,2,11,1,25,3,10,1,1,7,7,1,10,1,11,,7,7,1,22,9,121.5589569,25.01914523
111,8,2,8,22,2,07信義區,信義區和平東路3段435巷7弄12號,0,0,1,2,C03,7,1,5,30,13,9,1,5,4,5,7,4,4,10,5,5,2,11,1,33,2,9,1,1,7,9,1,10,1,11,,44,7,1,22,9,121.5589569,25.01914523
111,8,2,8,22,2,07信義區,信義區和平東路3段435巷7弄12號,0,0,1,3,B01,7,1,5,30,13,9,1,5,4,5,7,4,4,10,5,5,2,11,1,51,3,10,1,1,7,14,1,4,11,15,,38,7,1,22,9,121.5589569,25.01914523
111,8,2,8,25,2,12內湖區,內湖區新湖三路與新湖二路口,0,0,1,1,B12,6,1,5,40,4,2,1,4,4,5,7,4,4,5,4,5,2,15,1,57,3,10,1,1,7,9,1,8,1,1,,6,6,1,22,9,121.5846783,25.0650208
111,8,2,8,25,2,12內湖區,內湖區新湖三路與新湖二路口,0,0,1,2,C03,6,1,5,40,4,2,1,4,4,5,7,4,4,5,4,5,2,15,1,24,2,9,2,1,7,9,1,10,1,12,,44,6,1,22,9,121.5846783,25.0650208
111,8,2,8,27,2,07信義區,信義區基隆路2段與嘉興街口,0,0,1,1,B03,8,1,5,50,3,2,1,5,4,5,7,4,4,3,4,5,2,12,1,22,3,10,1,1,7,8,1,8,1,5,,26,26,1,22,9,121.5591211,25.03247006
111,8,2,8,27,2,07信義區,信義區基隆路2段與嘉興街口,0,0,1,2,C03,8,1,5,50,3,2,1,5,4,5,7,4,4,3,4,5,2,12,2,25,2,7,1,1,7,9,1,10,1,11,,14,26,1,22,9,121.5591211,25.03247006
111,8,2,8,50,2,05中正區,中正區忠孝東路2段與新生南路1段口,0,0,1,1,C03,6,1,5,50,4,2,1,4,4,5,7,1,1,3,4,5,2,12,2,43,2,9,1,1,7,7,1,10,2,14,,7,7,1,22,9,121.5324422,25.0423628
111,8,2,8,50,2,05中正區,中正區忠孝東路2段與新生南路1段口,0,0,1,2,B03,6,1,5,50,4,2,1,4,4,5,7,1,1,3,4,5,2,12,1,33,3,10,1,1,7,9,1,8,2,2,,44,7,1,22,9,121.5324422,25.0423628
111,8,2,8,50,2,05中正區,中正區忠孝東路2段與新生南路1段口,0,0,1,3,B01,6,1,5,50,4,2,1,4,4,5,7,1,1,3,4,5,2,12,2,52,3,10,1,1,7,7,1,8,2,8,,44,7,1,22,9,121.5324422,25.0423628
111,8,2,8,52,2,12內湖區,內湖區舊宗路1段與新湖一路口,0,0,1,1,C03,6,1,5,50,14,9,1,4,4,5,7,4,4,1,4,5,2,17,1,51,3,10,1,1,7,6,1,9,1,15,,9,9,1,22,9,121.5791955,25.06045115
111,8,2,8,52,2,12內湖區,內湖區舊宗路1段與新湖一路口,0,0,1,2,C03,6,1,5,50,14,9,1,4,4,5,7,4,4,1,4,5,2,17,2,35,2,9,1,1,7,9,4,11,1,15,,44,9,1,22,9,121.5791955,25.06045115
111,8,2,8,56,2,10文山區,文山區辛亥路4段與辛亥路4段166巷口,0,0,2,1,C03,8,1,5,50,3,2,1,5,4,5,7,1,1,1,4,5,2,16,1,43,2,9,1,1,7,5,1,10,1,12,,6,6,1,22,9,121.5562862,25.00367376
111,8,2,8,56,2,10文山區,文山區辛亥路4段與辛亥路4段166巷口,0,0,2,2,C03,8,1,5,50,3,2,1,5,4,5,7,1,1,1,4,5,2,16,2,27,2,9,1,1,7,9,1,10,1,11,,44,6,1,22,9,121.5562862,25.00367376
111,8,2,9,0,2,06松山區,松山區麥帥一橋機車道(東往西)(燈桿100號),0,0,2,1,C03,6,1,5,40,14,11,1,4,4,5,7,4,4,1,4,5,2,13,1,42,3,10,1,4,7,14,1,10,1,15,,42,42,1,22,9,121.5689387,25.05138586
111,8,2,9,0,2,06松山區,松山區麥帥一橋機車道(東往西)(燈桿100號),0,0,2,2,C03,6,1,5,40,14,11,1,4,4,5,7,4,4,1,4,5,2,13,2,45,2,9,1,4,7,9,1,10,1,13,,16,42,1,22,9,121.5689387,25.05138586
111,8,2,9,0,2,06松山區,松山區麥帥一橋機車道(東往西)(燈桿100號),0,0,2,3,C03,6,1,5,40,14,11,1,4,4,5,7,4,4,1,4,5,2,13,2,50,2,6,1,4,7,9,1,10,1,11,,44,42,1,22,9,121.5689387,25.05138586
111,8,2,9,5,2,12內湖區,內湖區堤外便道東向西五分疏散門,0,0,2,1,C03,6,1,5,50,14,9,1,4,4,5,7,2,1,5,5,5,2,12,2,31,2,8,1,1,7,9,1,10,2,14,,42,42,1,22,9,121.6138801,25.06540656
111,8,2,9,5,2,12內湖區,內湖區堤外便道東向西五分疏散門,0,0,2,2,C03,6,1,5,50,14,9,1,4,4,5,7,2,1,5,5,5,2,12,1,47,2,7,1,1,7,9,1,10,2,11,,44,42,1,22,9,121.6138801,25.06540656
111,8,2,9,12,2,04大安區,大安區忠孝東路3段與建國南路1段口,0,0,1,2,B03,6,1,5,50,4,1,1,4,4,5,7,1,1,1,4,5,2,15,1,40,3,10,3,4,7,9,1,8,2,1,,44,25,1,22,9,121.5373368,25.04160588
111,8,2,9,12,2,04大安區,大安區忠孝東路3段與建國南路1段口,0,0,1,1,C03,6,1,5,50,4,1,1,4,4,5,7,1,1,1,4,5,2,15,1,20,2,9,3,4,7,9,1,10,2,14,,25,25,1,22,9,121.5373368,25.04160588
111,8,2,9,13,2,09北投區,北投區中央北路2段335號,0,0,1,1,C03,6,1,5,50,14,9,1,4,4,5,7,2,1,5,4,5,1,17,1,18,2,9,1,1,7,9,1,10,1,11,,42,42,1,22,9,121.4889758,25.13840467
111,8,2,9,13,2,09北投區,北投區中央北路2段335號,0,0,1,3,B01,6,1,5,50,14,9,1,4,4,5,7,2,1,5,4,5,1,17,1,60,3,10,1,1,7,14,1,4,1,7,,38,42,1,22,9,121.4889758,25.13840467
111,8,2,9,13,2,09北投區,北投區中央北路2段335號,0,0,1,2,B03,6,1,5,50,14,9,1,4,4,5,7,2,1,5,4,5,1,17,4,,4,11,3,4,7,15,7,19,11,15,,43,42,2,22,9,121.4889758,25.13840467
111,8,2,9,26,2,03中山區,中山區復興北路與五常街口,0,0,1,1,C03,6,1,5,50,4,1,1,4,4,5,7,1,1,10,4,5,2,12,1,61,2,8,1,4,7,15,1,10,1,11,12,42,42,1,22,9,121.5441628,25.06426979
111,8,2,9,26,2,03中山區,中山區復興北路與五常街口,0,0,1,2,C03,6,1,5,50,4,1,1,4,4,5,7,1,1,10,4,5,2,12,2,39,3,10,1,4,7,9,1,9,1,11,14,23,42,1,22,9,121.5441628,25.06426979
111,8,2,9,30,2,09北投區,北投區立德路1號,0,0,1,1,C03,6,1,5,50,14,9,1,4,4,5,7,4,4,5,4,5,2,17,1,27,3,10,1,1,7,5,1,10,1,11,,8,8,1,22,9,121.471462,25.12377939
111,8,2,9,30,2,09北投區,北投區立德路1號,0,0,1,2,C02,6,1,5,50,14,9,1,4,4,5,7,4,4,5,4,5,2,17,1,30,2,7,1,1,7,9,1,9,1,11,,44,8,1,22,9,121.471462,25.12377939
111,8,2,9,43,2,04大安區,大安區大安路1段與大安路1段116巷口,0,0,1,1,B01,6,1,5,50,4,1,1,4,4,5,7,4,4,10,5,5,2,3,1,52,3,10,1,1,7,5,1,4,2,1,,15,15,1,22,9,121.546006,25.0398173
111,8,2,9,43,2,04大安區,大安區大安路1段與大安路1段116巷口,0,0,1,2,H01,6,1,5,50,4,1,1,4,4,5,7,4,4,10,5,5,2,3,1,62,2,9,4,5,8,16,8,20,10,16,,67,15,1,22,9,121.546006,25.0398173
111,8,2,9,58,2,03中山區,中山區民族東路40號,0,0,1,2,C03,6,1,5,50,14,9,1,4,4,5,7,4,4,1,3,4,1,17,2,28,2,9,1,1,7,9,1,10,2,12,,44,43,1,22,9,121.5249227,25.06835515
111,8,2,9,58,2,03中山區,中山區民族東路40號,0,0,1,1,G03,6,1,5,50,14,9,1,4,4,5,7,4,4,1,3,4,1,17,1,66,3,10,3,4,7,9,1,1,9,15,,43,43,1,22,9,121.5249227,25.06835515
111,8,2,9,58,2,03中山區,中山區民族東路40號,0,0,1,3,B01,6,1,5,50,14,9,1,4,4,5,7,4,4,1,3,4,1,17,1,62,3,10,3,4,7,14,1,4,2,1,,44,43,1,22,9,121.5249227,25.06835515
111,8,2,10,1,1,11南港區,南港區南港路1段與港東街口口(南港橋西側橋頭),1,0,0,2,B03,8,1,5,50,3,2,1,5,4,5,7,4,4,3,3,5,2,16,2,56,3,10,3,4,7,9,1,8,2,5,,44,10,1,22,9,121.6205139,25.05488642
111,8,2,10,1,1,11南港區,南港區南港路1段與港東街口口(南港橋西側橋頭),1,0,0,1,C03,8,1,5,50,3,2,1,5,4,5,7,4,4,3,3,5,2,16,2,74,1,9,3,4,7,11,4,8,9,14,,10,10,1,22,9,121.6205139,25.05488642
111,8,2,10,10,2,03中山區,中山區民族東路與林森北路口,0,0,1,2,C03,6,1,5,50,14,9,1,4,4,5,7,2,1,3,4,5,2,17,1,31,2,9,3,4,7,9,1,10,1,11,,23,42,1,22,9,121.5255076,25.06833993
111,8,2,10,10,2,03中山區,中山區民族東路與林森北路口,0,0,1,1,G03,6,1,5,50,14,9,1,4,4,5,7,2,1,3,4,5,2,17,1,66,3,10,3,4,7,9,1,5,11,15,,42,42,1,22,9,121.5255076,25.06833993
111,8,2,10,10,2,03中山區,中山區民族東路與林森北路口,0,0,1,3,B03,6,1,5,50,14,9,1,4,4,5,7,2,1,3,4,5,2,17,2,28,3,10,3,4,7,9,1,8,1,3,,44,42,1,22,9,121.5255076,25.06833993
111,8,2,10,12,2,03中山區,中山區民族東路40號,0,0,1,2,C03,6,1,5,50,14,8,1,4,4,5,7,4,4,1,3,4,1,17,2,28,2,9,1,4,7,9,1,10,2,14,,44,35,1,22,9,121.5249645,25.06836038
111,8,2,10,12,2,03中山區,中山區民族東路40號,0,0,1,1,G03,6,1,5,50,14,8,1,4,4,5,7,4,4,1,3,4,1,17,1,66,3,10,3,4,7,9,1,1,11,15,,35,35,1,22,9,121.5249645,25.06836038
111,8,2,10,26,2,03中山區,中山區民權東路1段52號,0,0,1,1,B01,8,1,5,50,14,8,1,5,4,5,7,1,1,1,4,4,2,17,1,67,4,11,3,4,7,10,7,19,11,15,,7,7,2,22,9,121.5244919,25.06261012