發生年度,發生月,發生日,發生時-Hours,發生分,處理別-編號,區序,肇事地點,死亡人數,2-30日死亡人數,受傷人數,當事人序號,車種,天候,光線,道路類別,速限-速度限制,道路型態,事故位置,路面狀況1,路面狀況2,路面狀況3,道路障礙1,道路障礙2,號誌1,號誌2,車道劃分-分向,車道劃分-分道1,車道劃分-分道2,車道劃分-分道3,事故類型及型態,性別,年齡,受傷程度,主要傷處,安全帽,行動電話,車輛用途,當事者行動狀態,駕駛資格情形,駕駛執照種類,飲酒情形,車輛撞擊部位1,車輛撞擊部位2,肇因碼-個別,肇因碼-主要,個人肇逃否,職業,旅次目的,座標-X,座標-Y
111,8,2,10,26,2,03中山區,中山區民權東路1段52號,0,0,1,2,C03,8,1,5,50,14,8,1,5,4,5,7,1,1,1,4,4,2,17,1,44,2,9,1,1,7,9,1,10,1,12,,13,7,1,22,9,121.5244919,25.06261012
111,8,2,10,32,2,03中山區,中山區新生北路3段與民族東路口,0,0,1,1,C03,8,1,5,50,4,2,1,4,4,5,7,1,1,5,4,5,2,17,2,30,2,9,1,1,7,10,1,10,1,15,,7,7,1,22,9,121.5278196,25.06829217
111,8,2,10,32,2,03中山區,中山區新生北路3段與民族東路口,0,0,1,2,C03,8,1,5,50,4,2,1,4,4,5,7,1,1,5,4,5,2,17,1,30,3,10,1,1,7,8,1,10,9,15,,44,7,1,22,9,121.5278196,25.06829217
111,8,2,10,38,2,10文山區,文山區木柵路4段與木柵路4段9巷口旁,0,0,1,1,C03,8,1,5,50,3,2,1,5,4,5,7,2,1,9,4,5,2,13,2,35,2,9,1,1,7,9,1,10,1,11,,43,43,1,22,9,121.5712751,24.99237576
111,8,2,10,38,2,10文山區,文山區木柵路4段與木柵路4段9巷口旁,0,0,1,2,B12,8,1,5,50,3,2,1,5,4,5,7,2,1,9,4,5,2,13,1,46,3,10,1,1,7,14,1,8,1,6,,43,43,1,22,9,121.5712751,24.99237576
111,8,2,10,40,2,07信義區,信義區吳興街600巷與松仁路308巷口,0,0,1,1,B03,7,1,5,30,3,1,1,5,4,5,7,4,4,10,5,5,2,17,1,26,3,10,1,1,7,5,1,8,1,1,,8,8,1,22,9,121.5694675,25.0209904
111,8,2,10,40,2,07信義區,信義區吳興街600巷與松仁路308巷口,0,0,1,2,C03,7,1,5,30,3,1,1,5,4,5,7,4,4,10,5,5,2,17,2,42,2,9,1,1,7,9,1,10,1,11,,14,8,1,22,9,121.5694675,25.0209904
111,8,2,10,45,2,09北投區,北投區明德路與明德路38巷口,0,0,1,1,B12,7,1,5,50,4,1,1,5,4,5,7,2,1,10,4,5,1,3,1,45,3,10,1,1,7,5,1,8,1,1,,15,15,1,22,9,121.5179023,25.10740166
111,8,2,10,45,2,09北投區,北投區明德路與明德路38巷口,0,0,1,2,H01,7,1,5,50,4,1,1,5,4,5,7,2,1,10,4,5,1,3,2,62,2,9,4,5,8,16,8,20,1,16,,67,15,1,22,9,121.5179023,25.10740166
111,8,2,10,49,2,05中正區,中正區寧波西街與重慶南路2段口,0,0,1,3,B12,6,1,5,50,4,2,1,4,4,5,7,1,1,10,4,5,2,13,1,32,3,10,1,1,7,1,1,8,1,2,,19,23,1,22,9,121.5154308,25.02985132
111,8,2,10,49,2,05中正區,中正區寧波西街與重慶南路2段口,0,0,1,2,B01,6,1,5,50,4,2,1,4,4,5,7,1,1,10,4,5,2,13,1,68,3,10,1,1,7,9,1,4,1,6,,44,23,1,22,9,121.5154308,25.02985132
111,8,2,10,49,2,05中正區,中正區寧波西街與重慶南路2段口,0,0,1,1,C03,6,1,5,50,4,2,1,4,4,5,7,1,1,10,4,5,2,13,2,27,2,8,2,1,7,9,1,10,1,11,,23,23,1,22,9,121.5154308,25.02985132
111,8,2,10,54,2,10文山區,文山區興隆路2段與興隆路2段244巷口,0,0,1,1,B03,8,1,5,50,3,1,1,5,4,5,7,4,4,1,4,5,2,3,1,64,3,10,1,1,7,9,1,8,1,1,,15,15,1,22,9,121.5537434,25.0011217
111,8,2,10,54,2,10文山區,文山區興隆路2段與興隆路2段244巷口,0,0,1,2,H01,8,1,5,50,3,1,1,5,4,5,7,4,4,1,4,5,2,3,1,22,2,9,4,5,8,18,8,20,10,16,,67,15,1,22,9,121.5537434,25.0011217
111,8,2,11,14,2,08士林區,士林區中山北路5段與中正路口,0,0,1,1,B02,8,1,5,50,4,1,1,5,4,5,7,2,1,1,4,1,1,16,1,58,3,10,1,1,7,8,1,8,1,2,,42,42,1,22,9,121.5280353,25.09579568
111,8,2,11,14,2,08士林區,士林區中山北路5段與中正路口,0,0,1,2,C03,8,1,5,50,4,1,1,5,4,5,7,2,1,1,4,1,1,16,2,29,2,9,1,1,7,9,1,10,1,14,,23,42,1,22,9,121.5280353,25.09579568
111,8,2,11,14,2,08士林區,士林區中山北路5段與中正路口,0,0,1,3,B02,8,1,5,50,4,1,1,5,4,5,7,2,1,1,4,1,1,16,2,60,3,10,1,1,7,8,1,8,9,15,,7,42,1,22,9,121.5280353,25.09579568
111,8,2,11,27,2,07信義區,信義區永吉路278巷與永吉路278巷58弄口,0,0,2,1,C03,7,1,5,30,4,1,1,5,4,5,7,4,4,4,5,5,2,15,1,38,2,8,3,4,7,9,1,10,1,12,,6,6,1,22,9,121.5741335,25.0434347
111,8,2,11,27,2,07信義區,信義區永吉路278巷與永吉路278巷58弄口,0,0,2,2,C03,7,1,5,30,4,1,1,5,4,5,7,4,4,4,5,5,2,15,1,47,2,7,3,4,7,9,1,10,1,11,,23,6,1,22,9,121.5741335,25.0434347
111,8,2,11,50,2,02萬華區,萬華區三水街與康定路口,0,0,2,1,C03,6,1,5,50,4,1,1,4,4,5,7,1,1,9,4,5,2,3,1,29,2,7,1,1,7,9,1,10,1,11,,15,15,1,22,9,121.5014323,25.03609521
111,8,2,11,50,2,02萬華區,萬華區三水街與康定路口,0,0,2,2,H01,6,1,5,50,4,1,1,4,4,5,7,1,1,9,4,5,2,3,2,36,2,9,4,5,8,18,8,20,1,16,,52,15,1,22,9,121.5014323,25.03609521
111,8,2,11,52,2,05中正區,中正區重慶南路1段38號,0,0,1,1,A02,6,1,5,50,14,9,1,4,4,5,7,4,4,10,4,5,2,9,2,40,3,10,1,1,7,15,1,2,2,15,,44,44,1,22,9,121.5131664,25.0448085
111,8,2,11,52,2,05中正區,中正區重慶南路1段38號,0,0,1,2,H02,6,1,5,50,14,9,1,4,4,5,7,4,4,10,4,5,2,9,2,52,2,9,4,5,7,19,8,20,10,16,,56,44,1,22,9,121.5131664,25.0448085
111,8,2,12,18,2,10文山區,文山區興隆路1段與興順街口,0,0,1,1,G03,8,1,5,50,3,1,1,5,4,5,7,1,1,5,5,5,2,3,1,47,3,10,1,1,7,5,6,18,1,1,,15,15,1,22,9,121.5432212,25.00056472
111,8,2,12,18,2,10文山區,文山區興隆路1段與興順街口,0,0,1,2,H01,8,1,5,50,3,1,1,5,4,5,7,1,1,5,5,5,2,3,1,73,2,9,4,5,8,16,8,20,10,16,,67,15,1,22,9,121.5432212,25.00056472
111,8,2,12,18,2,07信義區,信義區中坡南路與中坡南路98巷口,0,0,1,1,B03,6,1,5,30,3,1,1,4,4,5,7,1,1,9,5,5,1,3,1,56,3,10,3,4,7,5,1,8,2,8,,15,15,1,22,9,121.5843379,25.0422374
111,8,2,12,18,2,07信義區,信義區中坡南路與中坡南路98巷口,0,0,1,2,H01,6,1,5,30,3,1,1,4,4,5,7,1,1,9,5,5,1,3,2,68,2,9,4,5,8,16,8,20,10,16,,67,15,1,22,9,121.5843379,25.0422374
111,8,2,12,20,2,08士林區,士林區延平北路5段與中正路口,0,0,1,1,B12,6,1,5,50,4,1,1,4,4,5,7,2,1,1,4,5,1,17,4,,4,11,3,4,7,15,7,19,11,15,,43,43,2,22,9,121.5093777,25.08659988
111,8,2,12,20,2,08士林區,士林區延平北路5段與中正路口,0,0,1,2,C03,6,1,5,50,4,1,1,4,4,5,7,2,1,1,4,5,1,17,2,25,2,9,1,1,7,9,1,10,9,12,,23,43,1,22,9,121.5093777,25.08659988
111,8,2,12,33,2,03中山區,中山區新生北路2段與民生東路1段口,0,0,1,1,B03,6,1,5,50,4,1,1,4,4,5,7,1,1,1,4,5,2,1,2,34,3,10,3,4,7,5,1,8,1,8,,15,15,1,22,9,121.5277788,25.05803182
111,8,2,12,33,2,03中山區,中山區新生北路2段與民生東路1段口,0,0,1,2,H01,6,1,5,50,4,1,1,4,4,5,7,1,1,1,4,5,2,1,1,67,2,9,4,5,8,16,8,20,10,16,,51,15,1,22,9,121.5277788,25.05803182
111,8,2,12,57,2,04大安區,大安區忠孝東路4段295號,0,0,1,1,B01,6,1,5,50,14,9,1,4,4,5,7,4,4,1,4,5,2,17,1,62,3,10,3,4,7,7,1,8,1,15,,7,7,1,22,9,121.5551703,25.04145149
111,8,2,12,57,2,04大安區,大安區忠孝東路4段295號,0,0,1,2,C03,6,1,5,50,14,9,1,4,4,5,7,4,4,1,4,5,2,17,1,18,2,9,1,1,7,9,1,10,1,15,,13,7,1,22,9,121.5551703,25.04145149
111,8,2,14,8,2,11南港區,南港區忠孝東路7段與忠孝東路7段415巷口,0,0,1,1,B03,6,1,5,50,3,1,1,4,4,5,7,2,1,1,4,4,1,12,1,49,3,10,3,4,7,6,1,8,1,5,,9,9,1,22,9,121.6091091,25.052464
111,8,2,14,8,2,11南港區,南港區忠孝東路7段與忠孝東路7段415巷口,0,0,1,2,C03,6,1,5,50,3,1,1,4,4,5,7,2,1,1,4,4,1,12,2,40,2,9,1,4,7,9,1,10,1,14,,44,9,1,22,9,121.6091091,25.052464
111,8,2,14,9,2,12內湖區,內湖區港墘路95巷與港墘路口,0,0,1,1,B12,6,1,5,30,3,1,1,4,4,5,7,4,4,10,4,5,2,11,1,49,3,10,1,1,7,7,1,8,1,15,,7,7,1,22,9,121.577665,25.0804168
111,8,2,14,9,2,12內湖區,內湖區港墘路95巷與港墘路口,0,0,1,2,C03,6,1,5,30,3,1,1,4,4,5,7,4,4,10,4,5,2,11,1,41,2,9,1,1,7,9,1,10,1,13,,14,7,1,22,9,121.577665,25.0804168
111,8,2,14,9,2,12內湖區,內湖區港墘路95巷與港墘路口,0,0,1,3,B03,6,1,5,30,3,1,1,4,4,5,7,4,4,10,4,5,2,11,1,34,3,10,1,1,7,9,1,8,1,5,,44,7,1,22,9,121.577665,25.0804168
111,8,2,14,29,2,02萬華區,萬華區中華路1段與武昌街2段口,0,0,1,1,B11,7,1,5,50,3,1,1,4,4,5,7,1,1,1,5,5,2,12,1,45,4,11,3,4,7,15,7,19,11,15,,23,23,2,22,9,121.5086776,25.04431243
111,8,2,14,29,2,02萬華區,萬華區中華路1段與武昌街2段口,0,0,1,2,C03,7,1,5,50,3,1,1,4,4,5,7,1,1,1,5,5,2,12,1,61,2,9,1,1,7,7,1,10,2,14,,7,23,1,22,9,121.5086776,25.04431243
111,8,2,14,45,2,02萬華區,萬華區東園街與東園街140巷口口,0,0,1,1,C03,7,1,5,30,4,1,1,4,4,5,7,2,1,5,5,5,2,12,1,34,3,10,1,1,7,5,1,10,11,14,,44,44,1,22,9,121.4975461,25.0235707
111,8,2,14,45,2,02萬華區,萬華區東園街與東園街140巷口口,0,0,1,2,C03,7,1,5,30,4,1,1,4,4,5,7,2,1,5,5,5,2,12,2,49,2,9,1,1,7,9,4,11,11,12,,44,44,1,22,9,121.4975461,25.0235707
111,8,2,15,0,2,06松山區,松山區敦化南路1段5號,0,0,1,1,C03,8,1,5,50,14,9,1,5,4,5,7,4,4,9,4,4,1,13,1,66,2,7,3,4,7,15,7,19,1,15,,16,16,1,22,9,121.5491631,25.0471039
111,8,2,15,0,2,06松山區,松山區敦化南路1段5號,0,0,1,2,B01,8,1,5,50,14,9,1,5,4,5,7,4,4,9,4,4,1,13,1,35,3,10,1,1,7,9,1,4,1,3,,44,16,1,22,9,121.5491631,25.0471039
111,8,2,15,5,2,03中山區,中山區中山北路2段與中山北路2段39巷口,0,0,1,1,B12,7,1,5,50,3,1,1,4,4,5,7,4,4,5,4,5,2,12,1,30,3,10,1,4,7,6,1,6,1,5,,9,9,1,22,9,121.5228193,25.05394484
111,8,2,15,5,2,03中山區,中山區中山北路2段與中山北路2段39巷口,0,0,1,2,C03,7,1,5,50,3,1,1,4,4,5,7,4,4,5,4,5,2,12,2,20,2,9,1,4,7,9,1,10,1,14,,14,9,1,22,9,121.5228193,25.05394484
111,8,2,15,32,2,09北投區,北投區學園路30號停車格,0,0,1,1,C03,6,1,5,40,11,9,1,4,4,5,7,4,4,5,5,5,2,17,1,62,2,9,3,4,7,9,1,10,2,14,,44,44,1,22,9,121.4656365,25.12712412
111,8,2,15,32,2,09北投區,北投區學園路30號停車格,0,0,1,2,B03,6,1,5,40,11,9,1,4,4,5,7,4,4,5,5,5,2,17,1,38,3,10,3,4,7,1,1,8,2,15,,19,44,1,22,9,121.4656365,25.12712412
111,8,2,15,49,2,02萬華區,萬華區長順街與雙園街106巷口,0,0,2,1,C03,7,1,5,30,3,2,1,5,4,5,7,4,4,8,5,5,2,17,1,63,2,8,1,1,7,5,1,10,1,11,,6,6,1,22,9,121.4923854,25.0303093
111,8,2,15,49,2,02萬華區,萬華區長順街與雙園街106巷口,0,0,2,2,C03,7,1,5,30,3,2,1,5,4,5,7,4,4,8,5,5,2,17,2,30,2,9,1,1,7,9,1,10,1,11,,14,6,1,22,9,121.4923854,25.0303093
111,8,2,16,19,2,03中山區,中山區港墘路與堤頂大道2段口,0,0,1,1,B03,7,1,5,50,4,1,1,5,4,5,7,1,1,1,3,5,1,16,1,45,3,10,3,4,7,9,1,8,2,1,,25,25,1,22,9,121.5722637,25.07456
111,8,2,16,19,2,03中山區,中山區港墘路與堤頂大道2段口,0,0,1,2,C03,7,1,5,50,4,1,1,5,4,5,7,1,1,1,3,5,1,16,2,70,2,9,3,4,7,5,1,10,2,14,,44,25,1,22,9,121.5722637,25.07456
111,8,2,17,5,2,12內湖區,內湖區安美街167號前,0,0,1,1,B02,8,1,5,30,14,9,1,5,4,5,7,4,4,10,5,5,2,16,1,30,3,10,1,1,7,1,1,8,1,8,,19,19,1,22,9,121.6006352,25.05996245
111,8,2,17,5,2,12內湖區,內湖區安美街167號前,0,0,1,2,C03,8,1,5,30,14,9,1,5,4,5,7,4,4,10,5,5,2,16,1,51,2,9,1,1,7,9,1,10,1,12,14,44,19,1,22,9,121.6006352,25.05996245
111,8,2,17,15,2,06松山區,松山區民生東路4段56巷1弄2號,0,0,1,1,B03,8,1,5,30,14,9,1,5,4,5,7,4,4,10,5,5,2,17,1,58,3,10,3,4,7,9,1,8,1,5,,43,43,1,22,9,121.5515697,25.05735129
111,8,2,17,15,2,06松山區,松山區民生東路4段56巷1弄2號,0,0,1,2,C03,8,1,5,30,14,9,1,5,4,5,7,4,4,10,5,5,2,17,1,55,2,9,1,1,7,15,1,10,1,13,,43,43,1,22,9,121.5515697,25.05735129
111,8,2,17,20,2,07信義區,信義區松仁路230號,0,0,1,1,C03,8,1,5,50,14,9,1,5,4,5,7,1,1,9,4,5,2,3,1,30,3,10,1,1,7,9,1,10,1,11,,14,14,1,22,9,121.5690655,25.025374
111,8,2,17,20,2,07信義區,信義區松仁路230號,0,0,1,2,H01,8,1,5,50,14,9,1,5,4,5,7,1,1,9,4,5,2,3,1,75,2,9,4,5,8,16,8,20,1,16,,67,14,1,22,9,121.5690655,25.025374
111,8,2,17,29,2,07信義區,信義區永吉路443巷54-1號,0,0,1,1,F01,8,1,5,30,14,9,1,5,4,5,7,4,4,10,5,5,2,16,1,44,2,8,1,1,7,8,8,20,8,16,,7,7,1,22,9,121.5783561,25.04701427
111,8,2,17,29,2,07信義區,信義區永吉路443巷54-1號,0,0,1,2,C03,8,1,5,30,14,9,1,5,4,5,7,4,4,10,5,5,2,16,2,33,3,10,1,1,7,9,1,10,2,13,,44,7,1,22,9,121.5783561,25.04701427
111,8,2,17,30,2,02萬華區,萬華區中華路1段與桂林路口,0,0,1,1,C03,8,1,5,50,5,2,1,5,4,5,7,2,1,1,4,5,2,12,2,31,2,9,1,1,7,9,1,10,2,15,,44,44,1,22,9,121.5064929,25.03724948
111,8,2,17,30,2,02萬華區,萬華區中華路1段與桂林路口,0,0,1,2,C03,8,1,5,50,5,2,1,5,4,5,7,2,1,1,4,5,2,12,1,32,3,10,1,1,7,5,6,18,2,13,,8,44,1,22,9,121.5064929,25.03724948
111,8,2,17,53,2,05中正區,中正區新生南路1段與新生南路1段12巷口,0,0,1,1,C03,7,1,5,50,3,2,1,5,4,5,7,4,4,1,4,5,2,3,2,35,3,10,1,1,7,6,1,10,2,11,,9,9,1,22,9,121.5327618,25.04374753
111,8,2,17,53,2,05中正區,中正區新生南路1段與新生南路1段12巷口,0,0,1,2,H01,7,1,5,50,3,2,1,5,4,5,7,4,4,1,4,5,2,3,2,39,2,4,4,5,8,16,8,20,10,16,,67,9,1,22,9,121.5327618,25.04374753
111,8,2,18,0,2,06松山區,松山區南京東路5段291巷6弄與南京東路5段291巷口,0,0,1,1,B03,8,1,5,30,4,1,1,5,4,5,7,4,4,10,5,5,2,2,2,48,3,10,1,1,7,9,1,8,2,2,,23,23,1,22,9,121.5661634,25.05195966
111,8,2,18,0,2,06松山區,松山區南京東路5段291巷6弄與南京東路5段291巷口,0,0,1,2,H01,8,1,5,30,4,1,1,5,4,5,7,4,4,10,5,5,2,2,1,65,2,9,4,5,8,16,8,20,2,16,,67,23,1,22,9,121.5661634,25.05195966
111,8,2,18,0,2,06松山區,松山區南京東路5段291巷6弄與南京東路5段291巷口,0,0,1,3,B12,8,1,5,30,4,1,1,5,4,5,7,4,4,10,5,5,2,2,1,30,3,10,1,1,7,14,1,8,9,15,,38,23,2,22,9,121.5661634,25.05195966
111,8,2,18,19,2,02萬華區,萬華區青年路(青年公園棒球場地下停車場前),0,0,2,1,B01,8,1,5,30,14,9,1,5,4,5,7,4,4,5,4,5,2,17,1,53,3,10,1,1,7,9,1,2,1,8,,23,23,1,22,9,121.5028108,25.02387884
111,8,2,18,19,2,02萬華區,萬華區青年路(青年公園棒球場地下停車場前),0,0,2,2,C03,8,1,5,30,14,9,1,5,4,5,7,4,4,5,4,5,2,17,1,23,2,9,1,1,7,15,1,10,1,12,,26,23,1,22,9,121.5028108,25.02387884
111,8,2,18,19,2,02萬華區,萬華區青年路(青年公園棒球場地下停車場前),0,0,2,3,C03,8,1,5,30,14,9,1,5,4,5,7,4,4,5,4,5,2,17,1,69,2,9,1,1,7,9,1,10,1,14,,44,23,1,22,9,121.5028108,25.02387884
111,8,2,18,42,2,03中山區,中山區民族東路與林森北路口,0,0,1,1,B03,8,3,5,50,3,1,1,5,4,5,7,2,1,4,5,5,1,13,2,31,3,10,3,4,7,9,1,8,1,1,,23,23,1,22,9,121.5258183,25.06840654
111,8,2,18,42,2,03中山區,中山區民族東路與林森北路口,0,0,1,2,C03,8,3,5,50,3,1,1,5,4,5,7,2,1,4,5,5,1,13,1,31,2,7,3,4,7,5,1,10,1,13,,8,23,1,22,9,121.5258183,25.06840654
111,8,2,18,46,2,03中山區,中山區市民大道3段西向懷生國小前迴轉道,0,0,1,1,B03,8,1,5,40,14,9,1,5,4,5,7,4,4,1,4,5,2,13,1,65,3,10,1,1,7,5,1,8,11,15,,8,8,1,22,9,121.5429111,25.04504954
111,8,2,18,46,2,03中山區,中山區市民大道3段西向懷生國小前迴轉道,0,0,1,2,B03,8,1,5,40,14,9,1,5,4,5,7,4,4,1,4,5,2,13,1,58,3,10,1,1,7,9,1,8,1,6,,42,8,1,22,9,121.5429111,25.04504954
111,8,2,18,46,2,03中山區,中山區市民大道3段西向懷生國小前迴轉道,0,0,1,3,C03,8,1,5,40,14,9,1,5,4,5,7,4,4,1,4,5,2,13,1,37,2,8,1,1,7,9,4,8,1,11,,16,8,1,22,9,121.5429111,25.04504954
111,8,2,19,16,2,08士林區,士林區天母西路69號,0,0,1,1,B02,8,3,5,50,14,9,1,5,4,5,7,4,4,5,5,5,2,16,1,21,3,10,1,1,7,11,1,8,1,4,,10,10,1,22,9,121.5254577,25.11846971
111,8,2,19,16,2,08士林區,士林區天母西路69號,0,0,1,2,B03,8,3,5,50,14,9,1,5,4,5,7,4,4,5,5,5,2,16,2,43,2,1,1,1,7,9,1,8,1,5,,44,10,1,22,9,121.5254577,25.11846971
111,8,2,19,32,2,05中正區,中正區永福橋與永福橋口水源路匝道,0,0,1,1,B03,8,3,5,30,5,2,1,5,4,5,7,4,4,5,4,5,1,16,1,46,3,10,1,1,7,7,1,8,2,7,,7,7,1,22,9,121.5282496,25.0117006
111,8,2,19,32,2,05中正區,中正區永福橋與永福橋口水源路匝道,0,0,1,2,C03,8,3,5,30,5,2,1,5,4,5,7,4,4,5,4,5,1,16,2,42,2,9,1,1,7,9,1,10,2,12,,44,7,1,22,9,121.5282496,25.0117006
111,8,2,19,42,2,04大安區,大安區光復南路180巷與延吉街口廢鐵道,0,0,1,1,C03,8,1,5,30,4,1,1,5,4,5,7,4,4,1,5,5,2,15,2,61,2,9,1,1,7,9,1,10,1,12,,26,26,1,22,9,121.556456,25.0423741
111,8,2,19,42,2,04大安區,大安區光復南路180巷與延吉街口廢鐵道,0,0,1,2,B03,8,1,5,30,4,1,1,5,4,5,7,4,4,1,5,5,2,15,2,26,3,10,1,1,7,9,1,8,1,1,,13,26,1,22,9,121.556456,25.0423741
111,8,2,19,45,2,12內湖區,內湖區民權東路6段26號,0,0,1,1,A02,8,3,5,50,14,9,1,5,4,5,7,4,4,1,4,5,1,12,1,30,3,10,3,4,7,7,1,2,1,2,,23,7,1,22,9,121.5796841,25.06695686
111,8,2,19,45,2,12內湖區,內湖區民權東路6段26號,0,0,1,2,C03,8,3,5,50,14,9,1,5,4,5,7,4,4,1,4,5,1,12,1,66,2,9,3,4,7,9,1,10,1,14,,44,7,1,22,9,121.5796841,25.06695686
111,8,2,20,20,2,08士林區,士林區中山北路5段與劍潭路口,0,0,1,1,C03,8,3,5,50,4,2,1,5,4,5,7,1,1,1,5,1,2,17,2,26,2,9,1,1,7,9,1,10,1,11,,44,44,1,22,9,121.5256117,25.08407632
111,8,2,20,20,2,08士林區,士林區中山北路5段與劍潭路口,0,0,1,2,C03,8,3,5,50,4,2,1,5,4,5,7,1,1,1,5,1,2,17,1,19,3,10,1,1,7,1,1,10,1,14,,19,44,1,22,9,121.5256117,25.08407632
111,8,2,20,40,2,12內湖區,內湖區金湖路與金湖路155巷口,0,0,1,1,B03,8,3,5,50,14,7,1,5,4,5,7,4,4,1,4,4,2,12,1,36,3,10,3,4,7,1,1,8,1,4,,19,19,1,22,9,121.5988532,25.07982925
111,8,2,20,40,2,12內湖區,內湖區金湖路與金湖路155巷口,0,0,1,2,C04,8,3,5,50,14,7,1,5,4,5,7,4,4,1,4,4,2,12,1,22,2,9,3,4,7,9,1,10,1,12,,14,19,1,22,9,121.5988532,25.07982925
111,8,2,20,55,2,02萬華區,萬華區雙和街33號,0,0,3,1,C03,8,3,5,30,14,9,1,5,4,5,7,4,4,10,5,5,1,17,1,18,2,9,1,1,7,4,3,18,1,12,,23,23,1,22,9,121.5016237,25.02781489
111,8,2,20,55,2,02萬華區,萬華區雙和街33號,0,0,3,2,C03,8,3,5,30,14,9,1,5,4,5,7,4,4,10,5,5,1,17,1,58,2,9,1,1,7,5,1,10,1,14,,8,23,1,22,9,121.5016237,25.02781489
111,8,2,20,55,2,02萬華區,萬華區雙和街33號,0,0,3,3,H02,8,3,5,30,14,9,1,5,4,5,7,4,4,10,5,5,1,17,2,17,2,9,4,5,7,20,8,20,10,16,,67,23,1,22,9,121.5016237,25.02781489
111,8,2,21,53,2,04大安區,大安區基隆路3段16號,0,0,1,1,C03,8,3,5,50,14,9,1,5,4,5,7,4,4,1,4,5,2,12,1,25,2,9,1,1,7,9,1,10,1,15,,17,17,1,22,9,121.5474974,25.0200221
111,8,2,21,53,2,04大安區,大安區基隆路3段16號,0,0,1,2,C03,8,3,5,50,14,9,1,5,4,5,7,4,4,1,4,5,2,12,2,51,3,10,1,1,7,9,4,11,1,11,,44,17,1,22,9,121.5474974,25.0200221
111,8,2,22,25,2,07信義區,信義區吳興街220巷與吳興街口,0,0,1,1,C03,8,3,5,50,4,1,1,5,4,5,7,2,1,9,4,5,2,17,1,24,3,10,1,1,7,5,1,10,1,11,,6,6,1,22,9,121.5631372,25.0277412
111,8,2,22,25,2,07信義區,信義區吳興街220巷與吳興街口,0,0,1,2,C03,8,3,5,50,4,1,1,5,4,5,7,2,1,9,4,5,2,17,2,21,2,9,1,1,7,9,1,10,1,14,,44,6,1,22,9,121.5631372,25.0277412
111,8,2,22,29,2,09北投區,北投區自強街42-1號,0,0,1,1,C03,8,3,5,0,3,1,1,5,4,5,7,4,4,10,5,5,2,17,1,34,2,8,1,1,7,1,6,18,2,14,,22,22,1,22,9,121.5134204,25.1103162
111,8,2,22,29,2,09北投區,北投區自強街42-1號,0,0,1,2,C03,8,3,5,0,3,1,1,5,4,5,7,4,4,10,5,5,2,17,1,28,3,10,3,4,7,13,1,10,2,14,,42,22,1,22,9,121.5134204,25.1103162
111,8,2,22,29,2,09北投區,北投區自強街42-1號,0,0,1,3,B12,8,3,5,0,3,1,1,5,4,5,7,4,4,10,5,5,2,17,1,47,3,10,3,4,7,13,1,8,11,1,,44,22,1,22,9,121.5134204,25.1103162
111,8,2,23,27,2,06松山區,松山區南京東路5段與光復北路口,0,0,1,1,C03,8,3,5,50,5,1,1,5,4,5,7,1,1,1,3,5,2,18,1,18,2,9,1,1,7,15,1,10,1,11,,23,23,1,22,9,121.5573429,25.05173172
111,8,2,23,27,2,06松山區,松山區南京東路5段與光復北路口,0,0,1,2,,8,3,5,50,5,1,1,5,4,5,7,1,1,1,3,5,2,18,3,,,,,,,,,,,,,67,23,1,,,121.5573429,25.05173172
111,8,3,4,14,2,09北投區,北投區泉源路第19號燈桿,0,0,2,1,C03,8,3,5,50,15,9,1,5,4,5,7,4,4,9,5,5,1,24,1,17,2,9,1,1,7,15,2,18,1,11,,23,23,1,16,9,121.5194098,25.1432864
111,8,3,4,14,2,09北投區,北投區泉源路第19號燈桿,0,0,2,2,,8,3,5,50,15,9,1,5,4,5,7,4,4,9,5,5,1,24,3,,,,,,,,,,,,,67,23,1,,,121.5194098,25.1432864
111,8,3,4,14,2,09北投區,北投區泉源路第19號燈桿,0,0,2,3,H02,8,3,5,50,15,9,1,5,4,5,7,4,4,9,5,5,1,24,1,18,2,9,1,5,7,20,8,20,10,16,,67,23,1,16,9,121.5194098,25.1432864
111,8,3,6,0,2,11南港區,南港區忠孝東路7段與中南街口口,0,0,1,1,C03,8,1,5,50,4,1,1,5,4,5,7,2,1,1,4,5,2,16,1,73,2,9,1,1,7,5,1,10,9,14,,42,42,1,22,9,121.6152457,25.0530072
111,8,3,6,0,2,11南港區,南港區忠孝東路7段與中南街口口,0,0,1,2,B03,8,1,5,50,4,1,1,5,4,5,7,2,1,1,4,5,2,16,1,28,3,10,1,1,7,9,1,8,9,1,,44,42,1,22,9,121.6152457,25.0530072
111,8,3,7,30,2,12內湖區,內湖區安美街與潭美街口,0,0,1,1,B12,8,1,5,40,3,1,1,5,4,5,7,1,1,10,5,5,1,17,1,68,3,10,1,1,7,5,1,8,1,15,,8,8,1,22,9,121.5972164,25.06037834
111,8,3,7,30,2,12內湖區,內湖區安美街與潭美街口,0,0,1,2,C03,8,1,5,40,3,1,1,5,4,5,7,1,1,10,5,5,1,17,1,27,2,9,1,1,7,5,1,10,1,15,,42,8,1,22,9,121.5972164,25.06037834
111,8,3,7,44,2,11南港區,南港區東新街201號對面,0,0,2,1,C03,8,1,5,50,11,9,1,5,4,5,7,4,4,5,4,5,2,13,1,54,2,8,1,1,7,5,1,10,1,14,,26,26,1,22,9,121.5941126,25.04692239
111,8,3,7,44,2,11南港區,南港區東新街201號對面,0,0,2,2,C03,8,1,5,50,11,9,1,5,4,5,7,4,4,5,4,5,2,13,1,49,2,7,1,1,7,9,1,10,1,11,,42,26,1,22,9,121.5941126,25.04692239