發生年度,發生月,發生日,發生時-Hours,發生分,處理別-編號,區序,肇事地點,死亡人數,2-30日死亡人數,受傷人數,當事人序號,車種,天候,光線,道路類別,速限-速度限制,道路型態,事故位置,路面狀況1,路面狀況2,路面狀況3,道路障礙1,道路障礙2,號誌1,號誌2,車道劃分-分向,車道劃分-分道1,車道劃分-分道2,車道劃分-分道3,事故類型及型態,性別,年齡,受傷程度,主要傷處,安全帽,行動電話,車輛用途,當事者行動狀態,駕駛資格情形,駕駛執照種類,飲酒情形,車輛撞擊部位1,車輛撞擊部位2,肇因碼-個別,肇因碼-主要,個人肇逃否,職業,旅次目的,座標-X,座標-Y
111,8,3,7,45,2,11南港區,南港區南港路3段190巷14號,0,0,1,1,C03,8,1,5,30,14,9,1,5,4,5,7,4,4,10,5,5,2,16,1,18,2,7,1,1,7,9,1,10,1,11,,23,23,1,21,8,121.5865985,25.0535311
111,8,3,7,45,2,11南港區,南港區南港路3段190巷14號,0,0,1,2,B03,8,1,5,30,14,9,1,5,4,5,7,4,4,10,5,5,2,16,1,60,3,10,1,1,7,13,1,8,1,7,,38,23,1,21,8,121.5865985,25.0535311
111,8,3,7,50,2,11南港區,南港區南港路1段277巷與南港路1段口,0,0,2,1,C03,8,1,5,50,4,1,1,5,4,5,7,1,1,4,3,4,2,11,1,34,2,7,1,4,7,5,1,10,1,14,,8,8,1,22,9,121.6086111,25.05470191
111,8,3,7,50,2,11南港區,南港區南港路1段277巷與南港路1段口,0,0,2,2,C03,8,1,5,50,4,1,1,5,4,5,7,1,1,4,3,4,2,11,1,22,2,7,1,4,7,9,1,10,1,11,,23,8,1,22,9,121.6086111,25.05470191
111,8,3,8,10,2,11南港區,南港區重陽路549號旁工地,0,0,2,1,C03,8,1,5,50,14,9,1,5,4,5,6,4,4,5,5,5,2,16,1,39,2,9,3,4,7,5,1,10,1,12,,26,26,1,22,9,121.6136149,25.0625715
111,8,3,8,10,2,11南港區,南港區重陽路549號旁工地,0,0,2,2,C03,8,1,5,50,14,9,1,5,4,5,6,4,4,5,5,5,2,16,1,40,2,9,3,4,7,9,1,10,1,11,,44,26,1,22,9,121.6136149,25.0625715
111,8,3,8,15,2,05中正區,中正區中華路1段與中華路1段9巷口,0,0,1,1,B03,8,1,5,50,4,2,1,5,4,5,7,1,1,1,4,5,2,17,2,37,3,10,1,1,7,9,1,8,2,1,,23,23,1,22,9,121.5098633,25.0467535
111,8,3,8,15,2,05中正區,中正區中華路1段與中華路1段9巷口,0,0,1,2,C03,8,1,5,50,4,2,1,5,4,5,7,1,1,1,4,5,2,17,1,30,2,7,1,1,7,14,1,10,2,14,,26,23,1,22,9,121.5098633,25.0467535
111,8,3,8,25,2,04大安區,大安區信義路3段155號,0,0,2,1,C03,8,1,5,50,14,9,1,5,4,5,7,4,4,5,4,5,2,12,2,28,2,9,1,1,7,1,1,10,1,12,,17,17,1,22,9,121.5429778,25.0334928
111,8,3,8,25,2,04大安區,大安區信義路3段155號,0,0,2,2,C03,8,1,5,50,14,9,1,5,4,5,7,4,4,5,4,5,2,12,2,44,2,9,1,1,7,1,1,10,1,11,,19,17,1,22,9,121.5429778,25.0334928
111,8,3,8,25,2,04大安區,大安區信義路3段155號,0,0,2,3,B03,8,1,5,50,14,9,1,5,4,5,7,4,4,5,4,5,2,12,1,27,3,10,1,1,7,14,1,8,1,7,,44,17,1,22,9,121.5429778,25.0334928
111,8,3,8,40,2,12內湖區,內湖區民權大橋與行愛路口,0,0,2,1,C03,8,1,5,50,4,1,1,5,4,5,7,2,1,1,4,4,2,16,1,74,2,3,1,1,7,9,3,18,1,11,,25,25,1,22,9,121.5785244,25.0666453
111,8,3,8,40,2,12內湖區,內湖區民權大橋與行愛路口,0,0,2,2,C03,8,1,5,50,4,1,1,5,4,5,7,2,1,1,4,4,2,16,2,37,2,9,1,1,7,15,1,10,1,14,,25,25,1,22,9,121.5785244,25.0666453
111,8,3,8,52,2,09北投區,北投區立賢路與承德路7段393巷口,0,0,1,1,C02,8,1,5,50,4,2,1,3,4,5,7,2,1,1,4,5,2,18,1,48,2,9,3,4,7,9,1,9,1,14,,43,43,1,22,9,121.4987333,25.11188017
111,8,3,8,52,2,09北投區,北投區立賢路與承德路7段393巷口,0,0,1,2,,8,1,5,50,4,2,1,3,4,5,7,2,1,1,4,5,2,18,3,,,,,,,,,,,,,67,43,1,,,121.4987333,25.11188017
111,8,3,9,2,2,02萬華區,萬華區桂林路與桂林路242巷口,0,0,1,1,C03,8,1,5,50,4,1,1,5,4,5,7,1,1,1,5,5,2,12,1,27,4,11,3,4,7,7,7,19,11,15,,7,7,2,22,9,121.496087,25.03876678
111,8,3,9,2,2,02萬華區,萬華區桂林路與桂林路242巷口,0,0,1,2,C03,8,1,5,50,4,1,1,5,4,5,7,1,1,1,5,5,2,12,1,39,2,7,1,1,7,9,1,10,2,14,,44,7,1,22,9,121.496087,25.03876678
111,8,3,9,6,2,06松山區,松山區健康路與延壽街330巷口,0,0,1,1,F01,8,1,5,50,3,1,1,5,4,5,7,1,1,1,4,4,2,16,1,84,2,9,1,1,7,1,8,20,1,16,,19,8,1,22,9,121.5604697,25.05393445
111,8,3,9,6,2,06松山區,松山區健康路與延壽街330巷口,0,0,1,2,B03,8,1,5,50,3,1,1,5,4,5,7,1,1,1,4,4,2,16,1,31,3,10,1,1,7,9,1,8,1,2,,44,8,1,22,9,121.5604697,25.05393445
111,8,3,9,18,2,03中山區,中山區長安東路2段146號,0,0,1,1,A12,8,1,5,50,14,9,1,5,4,5,7,4,4,4,3,5,1,16,1,66,3,10,3,4,7,7,1,7,1,8,,7,7,1,22,9,121.5376358,25.04837476
111,8,3,9,18,2,03中山區,中山區長安東路2段146號,0,0,1,2,C03,8,1,5,50,14,9,1,5,4,5,7,4,4,4,3,5,1,16,1,37,2,9,3,4,7,9,1,10,1,12,,44,7,1,22,9,121.5376358,25.04837476
111,8,3,9,30,2,08士林區,士林區中山北路5段72號,0,0,1,1,B03,8,1,5,40,14,8,1,5,4,5,7,4,4,1,2,1,2,17,1,59,3,10,1,1,7,9,1,8,2,2,,23,23,1,21,8,121.5255881,25.08382059
111,8,3,9,30,2,08士林區,士林區中山北路5段72號,0,0,1,2,C03,8,1,5,40,14,8,1,5,4,5,7,4,4,1,2,1,2,17,2,30,2,9,1,1,7,9,1,10,2,14,,44,23,1,21,8,121.5255881,25.08382059
111,8,3,9,32,2,03中山區,中山區吉林路與吉林路200巷口,0,0,1,1,C03,8,1,5,30,3,2,4,5,4,5,7,1,1,9,4,4,2,17,2,52,2,9,1,1,7,6,1,10,2,11,,6,6,1,22,9,121.5301666,25.0584599
111,8,3,9,32,2,03中山區,中山區吉林路與吉林路200巷口,0,0,1,2,C03,8,1,5,30,3,2,4,5,4,5,7,1,1,9,4,4,2,17,1,48,3,10,1,1,7,9,1,10,2,12,,13,6,1,22,9,121.5301666,25.0584599
111,8,3,9,36,2,07信義區,信義區吳興街156巷65弄與信安街15巷口,0,0,1,1,B03,8,1,5,50,4,1,1,5,4,5,7,4,4,10,4,5,2,15,1,50,3,10,1,1,7,9,1,8,2,8,,42,42,1,22,9,121.5591178,25.0278301
111,8,3,9,36,2,07信義區,信義區吳興街156巷65弄與信安街15巷口,0,0,1,2,C03,8,1,5,50,4,1,1,5,4,5,7,4,4,10,4,5,2,15,1,37,2,9,1,1,7,9,1,10,2,11,,6,42,1,22,9,121.5591178,25.0278301
111,8,3,9,44,2,07信義區,信義區光復南路200號對面,0,0,1,1,C03,8,1,5,50,14,9,1,5,4,5,7,4,4,9,4,5,2,12,1,50,3,10,1,1,7,8,1,10,1,12,,7,7,1,22,9,121.5577728,25.04216951
111,8,3,9,44,2,07信義區,信義區光復南路200號對面,0,0,1,2,C03,8,1,5,50,14,9,1,5,4,5,7,4,4,9,4,5,2,12,2,29,2,9,1,1,7,9,1,10,1,14,,13,7,1,22,9,121.5577728,25.04216951
111,8,3,9,48,2,12內湖區,內湖區舊宗路1段135號,0,0,2,1,B03,8,1,5,50,14,9,1,5,4,5,7,2,1,10,5,5,1,12,1,36,3,10,1,1,7,6,1,8,1,5,,9,9,1,22,9,121.5793614,25.06041909
111,8,3,9,48,2,12內湖區,內湖區舊宗路1段135號,0,0,2,2,C03,8,1,5,50,14,9,1,5,4,5,7,2,1,10,5,5,1,12,1,28,2,9,1,1,7,9,1,10,1,13,,23,9,1,22,9,121.5793614,25.06041909
111,8,3,9,48,2,12內湖區,內湖區舊宗路1段135號,0,0,2,3,H02,8,1,5,50,14,9,1,5,4,5,7,2,1,10,5,5,1,12,2,25,2,9,1,4,7,21,8,20,10,16,,67,9,1,22,9,121.5793614,25.06041909
111,8,3,9,59,2,01大同區,大同區南京西路185巷2號,0,0,1,1,C03,8,1,5,30,14,9,1,5,4,5,7,4,4,10,5,5,2,17,1,46,2,9,1,1,7,9,1,10,1,12,,13,13,1,22,9,121.5123137,25.05409702
111,8,3,9,59,2,01大同區,大同區南京西路185巷2號,0,0,1,2,B03,8,1,5,30,14,9,1,5,4,5,7,4,4,10,5,5,2,17,1,28,3,10,1,1,7,1,1,8,1,8,,19,13,1,22,9,121.5123137,25.05409702
111,8,3,10,19,2,03中山區,中山區龍江路與合江街93巷口,0,0,1,1,B03,8,1,5,50,4,1,1,5,4,5,7,4,4,8,4,5,1,16,1,40,3,10,3,4,7,5,1,8,1,4,,8,8,1,22,9,121.5407384,25.0594334
111,8,3,10,19,2,03中山區,中山區龍江路與合江街93巷口,0,0,1,2,C03,8,1,5,50,4,1,1,5,4,5,7,4,4,8,4,5,1,16,2,54,2,9,1,1,7,9,1,10,1,12,,23,8,1,22,9,121.5407384,25.0594334
111,8,3,10,25,2,04大安區,大安區和平東路2段與建國南路2段口,0,0,1,1,B01,8,1,5,50,4,1,1,5,4,5,7,2,1,10,4,5,2,16,1,50,3,10,1,1,7,6,1,3,2,8,,9,9,1,22,9,121.5374572,25.0255208
111,8,3,10,25,2,04大安區,大安區和平東路2段與建國南路2段口,0,0,1,2,F01,8,1,5,50,4,1,1,5,4,5,7,2,1,10,4,5,2,16,1,19,2,1,1,1,7,9,8,20,2,16,,44,9,1,22,9,121.5374572,25.0255208
111,8,3,10,30,2,03中山區,中山區北安路與北安路759巷口,0,0,2,1,C03,8,1,5,50,5,1,1,5,4,5,7,1,1,1,3,5,1,16,1,40,2,9,3,4,7,8,1,10,2,14,,7,7,1,22,9,121.5527169,25.08583494
111,8,3,10,30,2,03中山區,中山區北安路與北安路759巷口,0,0,2,2,C03,8,1,5,50,5,1,1,5,4,5,7,1,1,1,3,5,1,16,1,53,2,9,3,4,7,9,1,10,2,14,,44,7,1,22,9,121.5527169,25.08583494
111,8,3,10,30,2,03中山區,中山區北安路與北安路759巷口,0,0,2,3,C03,8,1,5,50,5,1,1,5,4,5,7,1,1,1,3,5,1,16,1,39,3,10,3,4,7,14,1,8,2,14,,44,7,1,22,9,121.5527169,25.08583494
111,8,3,10,40,2,03中山區,中山區民生東路2段與吉林路口,0,0,1,1,C03,8,1,5,50,4,2,1,5,4,5,7,1,1,5,4,5,1,17,2,45,4,11,3,4,7,15,7,19,11,15,,44,44,2,22,9,121.5301488,25.05806288
111,8,3,10,40,2,03中山區,中山區民生東路2段與吉林路口,0,0,1,2,C03,8,1,5,50,4,2,1,5,4,5,7,1,1,5,4,5,1,17,2,21,2,8,1,1,7,6,1,10,1,12,,9,44,1,22,9,121.5301488,25.05806288
111,8,3,10,45,2,03中山區,中山區松江路259巷與錦州街242巷口,0,0,1,1,B12,8,1,5,30,4,1,1,5,4,5,7,4,4,10,5,5,2,16,1,29,3,10,1,1,7,9,1,8,1,5,,6,6,1,22,9,121.5337489,25.0595743
111,8,3,10,45,2,03中山區,中山區松江路259巷與錦州街242巷口,0,0,1,2,C03,8,1,5,30,4,1,1,5,4,5,7,4,4,10,5,5,2,16,1,60,2,9,1,1,7,9,1,10,1,12,,14,6,1,22,9,121.5337489,25.0595743
111,8,3,10,45,2,05中正區,中正區仁愛路2段14巷與杭州南路1段101巷口,0,0,1,1,B03,8,1,5,30,4,1,1,5,4,5,7,4,4,10,5,5,2,16,1,66,3,10,1,3,7,9,1,8,2,1,,6,6,1,22,9,121.5260143,25.03765314
111,8,3,10,45,2,05中正區,中正區仁愛路2段14巷與杭州南路1段101巷口,0,0,1,2,C03,8,1,5,30,4,1,1,5,4,5,7,4,4,10,5,5,2,16,1,44,2,9,1,1,7,9,1,10,3,11,,23,6,1,22,9,121.5260143,25.03765314
111,8,3,10,59,2,02萬華區,萬華區桂林路與昆明街口,0,0,2,1,C03,8,1,5,50,4,1,1,5,4,5,7,1,1,5,4,5,2,17,1,31,2,9,1,4,7,5,1,10,1,14,,8,8,1,22,9,121.5038377,25.0380071
111,8,3,10,59,2,02萬華區,萬華區桂林路與昆明街口,0,0,2,2,C03,8,1,5,50,4,1,1,5,4,5,7,1,1,5,4,5,2,17,1,66,2,9,1,4,7,9,1,10,1,12,,44,8,1,22,9,121.5038377,25.0380071
111,8,3,11,0,2,11南港區,南港區舊莊街1段215巷與舊莊街1段199巷5弄口,0,0,1,1,C03,8,1,5,30,4,1,1,5,4,5,7,4,4,10,4,5,2,15,1,44,2,9,1,1,7,9,1,10,1,12,,6,6,1,22,9,121.6228249,25.03908865
111,8,3,11,0,2,11南港區,南港區舊莊街1段215巷與舊莊街1段199巷5弄口,0,0,1,2,B01,8,1,5,30,4,1,1,5,4,5,7,4,4,10,4,5,2,15,1,59,3,10,1,1,7,9,1,4,1,4,,23,6,1,22,9,121.6228249,25.03908865
111,8,3,11,25,2,05中正區,中正區汀州路1段與西藏路口,0,0,2,1,C03,8,1,5,50,4,1,1,5,4,5,7,1,1,3,4,5,2,16,1,33,2,9,1,1,7,5,1,10,2,12,,25,25,1,22,9,121.5070451,25.0307572
111,8,3,11,25,2,05中正區,中正區汀州路1段與西藏路口,0,0,2,2,C03,8,1,5,50,4,1,1,5,4,5,7,1,1,3,4,5,2,16,2,40,2,9,1,1,7,9,1,10,2,14,,44,25,1,22,9,121.5070451,25.0307572
111,8,3,11,44,2,03中山區,中山區中山北路2段與民權西路口,0,0,1,1,C03,8,1,5,50,4,1,1,5,4,5,7,2,1,1,4,5,2,15,1,25,3,10,1,4,7,9,1,10,1,12,,13,13,1,22,9,121.5225249,25.06265153
111,8,3,11,44,2,03中山區,中山區中山北路2段與民權西路口,0,0,1,2,C03,8,1,5,50,4,1,1,5,4,5,7,2,1,1,4,5,2,15,1,74,2,9,1,4,7,9,1,10,1,11,,44,13,1,22,9,121.5225249,25.06265153
111,8,3,12,14,2,07信義區,信義區忠孝東路5段與松信路口,0,0,2,1,F01,8,1,5,50,4,1,1,5,4,5,7,1,1,1,4,5,2,16,2,79,2,9,1,1,7,11,8,20,1,16,,25,25,1,22,9,121.571947,25.0410148
111,8,3,12,14,2,07信義區,信義區忠孝東路5段與松信路口,0,0,2,2,C03,8,1,5,50,4,1,1,5,4,5,7,1,1,1,4,5,2,16,1,37,2,9,1,1,7,9,1,10,1,11,,23,25,1,22,9,121.571947,25.0410148
111,8,3,12,26,2,09北投區,北投區中央南路1段152號,0,0,2,1,C03,8,1,5,50,14,9,1,5,4,5,7,4,4,9,4,5,1,16,2,76,2,9,1,1,7,1,1,10,1,11,,19,19,1,22,9,121.5010322,25.12977639
111,8,3,12,26,2,09北投區,北投區中央南路1段152號,0,0,2,2,C03,8,1,5,50,14,9,1,5,4,5,7,4,4,9,4,5,1,16,1,27,2,8,1,1,7,9,1,10,1,12,,44,19,1,22,9,121.5010322,25.12977639
111,8,3,12,31,2,03中山區,中山區新生北路2段21巷與新生北路2段31巷口,0,0,1,1,B01,8,1,5,30,3,1,1,5,4,5,7,4,4,10,5,5,2,17,1,32,4,11,3,4,7,15,7,19,11,15,,6,6,2,22,9,121.5285201,25.05339175
111,8,3,12,31,2,03中山區,中山區新生北路2段21巷與新生北路2段31巷口,0,0,1,2,B01,8,1,5,30,3,1,1,5,4,5,7,4,4,10,5,5,2,17,1,50,2,2,1,1,7,9,1,4,11,8,,37,6,1,22,9,121.5285201,25.05339175
111,8,3,12,52,2,09北投區,北投區承德路7段400號,0,0,2,1,C03,8,1,5,60,14,12,1,5,4,5,7,4,4,3,3,4,2,12,1,18,2,9,1,1,7,9,1,10,1,12,,23,23,1,22,9,121.5009878,25.12009222
111,8,3,12,52,2,09北投區,北投區承德路7段400號,0,0,2,2,C03,8,1,5,60,14,12,1,5,4,5,7,4,4,3,3,4,2,12,2,23,3,10,1,1,7,9,1,10,1,14,,44,23,1,22,9,121.5009878,25.12009222
111,8,3,12,52,2,09北投區,北投區承德路7段400號,0,0,2,3,C03,8,1,5,60,14,12,1,5,4,5,7,4,4,3,3,4,2,12,1,18,2,9,1,1,7,9,1,10,1,11,,44,23,1,22,9,121.5009878,25.12009222
111,8,3,12,52,2,09北投區,北投區承德路7段400號,0,0,2,4,B02,8,1,5,60,14,12,1,5,4,5,7,4,4,3,3,4,2,12,1,51,3,10,1,1,7,9,1,4,1,8,,44,23,1,22,9,121.5009878,25.12009222
111,8,3,13,52,2,07信義區,信義區永吉路176號,0,0,1,1,B03,8,1,5,50,14,9,1,5,4,5,7,4,4,1,4,5,2,13,1,25,3,10,1,1,7,9,1,8,1,1,,16,16,1,22,9,121.5714571,25.04557341
111,8,3,13,52,2,07信義區,信義區永吉路176號,0,0,1,2,B03,8,1,5,50,14,9,1,5,4,5,7,4,4,1,4,5,2,13,1,51,3,10,1,1,7,12,1,8,1,3,,44,16,1,22,9,121.5714571,25.04557341
111,8,3,13,52,2,07信義區,信義區永吉路176號,0,0,1,3,H02,8,1,5,50,14,9,1,5,4,5,7,4,4,1,4,5,2,13,2,18,2,1,4,5,7,20,8,20,10,16,,67,16,1,22,9,121.5714571,25.04557341
111,8,3,14,50,2,01大同區,大同區南京西路與重慶北路2段口,0,0,1,1,C03,8,1,5,50,4,1,1,5,4,5,7,2,1,1,4,4,2,17,1,29,2,9,3,4,7,9,1,10,1,14,,44,44,1,22,9,121.5144566,25.0541392
111,8,3,14,50,2,01大同區,大同區南京西路與重慶北路2段口,0,0,1,2,A41,8,1,5,50,4,1,1,5,4,5,7,2,1,1,4,4,2,17,1,42,3,10,3,4,1,15,1,1,11,15,,30,44,1,22,9,121.5144566,25.0541392
111,8,3,15,30,2,12內湖區,內湖區潭美街第178-180車格,0,0,2,1,C03,8,1,5,40,14,9,1,5,4,5,7,4,4,9,5,5,2,12,2,21,2,9,1,1,7,8,1,10,1,12,,23,23,1,22,9,121.5868192,25.05670709
111,8,3,15,30,2,12內湖區,內湖區潭美街第178-180車格,0,0,2,2,B03,8,1,5,40,14,9,1,5,4,5,7,4,4,9,5,5,2,12,1,31,3,10,3,4,7,13,1,8,9,4,,44,23,1,22,9,121.5868192,25.05670709
111,8,3,15,30,2,12內湖區,內湖區潭美街第178-180車格,0,0,2,3,B03,8,1,5,40,14,9,1,5,4,5,7,4,4,9,5,5,2,12,1,41,3,10,3,4,7,13,7,19,9,4,,44,23,1,22,9,121.5868192,25.05670709
111,8,3,15,30,2,12內湖區,內湖區潭美街第178-180車格,0,0,2,4,B03,8,1,5,40,14,9,1,5,4,5,7,4,4,9,5,5,2,12,1,41,3,10,3,4,7,13,7,19,9,4,,44,23,1,22,9,121.5868192,25.05670709
111,8,3,15,30,2,12內湖區,內湖區潭美街第178-180車格,0,0,2,5,H02,8,1,5,40,14,9,1,5,4,5,7,4,4,9,5,5,2,12,2,21,2,9,1,5,7,20,8,20,10,16,,67,23,1,22,9,121.5868192,25.05670709
111,8,3,15,42,2,03中山區,中山區中原街與新生北路3段11巷口,0,0,1,1,B03,8,1,5,30,4,1,1,5,4,5,7,4,4,10,5,5,2,16,2,66,3,10,1,1,7,9,1,8,1,1,,6,6,1,22,9,121.5290092,25.063567
111,8,3,15,42,2,03中山區,中山區中原街與新生北路3段11巷口,0,0,1,2,C03,8,1,5,30,4,1,1,5,4,5,7,4,4,10,5,5,2,16,2,28,2,9,1,1,7,9,1,10,1,14,,14,6,1,22,9,121.5290092,25.063567
111,8,3,15,47,2,09北投區,北投區中央南路1段與中央南路1段225巷口,0,0,2,1,C03,8,1,5,30,3,2,1,5,4,5,7,4,4,9,2,5,2,17,1,71,2,9,1,1,7,5,1,10,1,13,,6,6,1,22,9,121.5015469,25.1319905
111,8,3,15,47,2,09北投區,北投區中央南路1段與中央南路1段225巷口,0,0,2,2,B03,8,1,5,30,3,2,1,5,4,5,7,4,4,9,2,5,2,17,2,28,3,10,1,1,7,9,1,8,1,1,,44,6,1,22,9,121.5015469,25.1319905
111,8,3,15,47,2,09北投區,北投區中央南路1段與中央南路1段225巷口,0,0,2,3,H02,8,1,5,30,3,2,1,5,4,5,7,4,4,9,2,5,2,17,1,4,2,9,1,1,7,20,8,20,10,16,,67,6,1,22,9,121.5015469,25.1319905
111,8,3,15,59,2,10文山區,文山區木柵路4段77號前,0,0,1,1,B03,8,1,5,50,14,9,1,5,4,5,7,2,1,9,4,5,2,17,1,44,3,10,1,1,7,11,6,8,2,4,,10,10,1,22,9,121.5724505,24.99632622
111,8,3,15,59,2,10文山區,文山區木柵路4段77號前,0,0,1,2,C03,8,1,5,50,14,9,1,5,4,5,7,2,1,9,4,5,2,17,1,21,2,9,1,1,7,9,1,10,2,11,,23,10,1,22,9,121.5724505,24.99632622
111,8,3,16,15,2,03中山區,中山區北安路573巷與北安路口,0,0,1,1,B12,8,1,5,50,4,1,1,5,4,5,7,1,1,1,3,5,1,16,1,59,3,10,3,4,7,5,1,8,1,5,,25,25,1,22,9,121.548511,25.0812487
111,8,3,16,15,2,03中山區,中山區北安路573巷與北安路口,0,0,1,2,C03,8,1,5,50,4,1,1,5,4,5,7,1,1,1,3,5,1,16,2,33,2,9,1,1,7,9,1,10,1,11,,44,25,1,22,9,121.548511,25.0812487
111,8,3,16,27,2,03中山區,中山區復興北路與民權東路3段口,0,0,1,1,C03,8,1,5,50,14,9,1,5,4,5,7,4,4,1,4,5,2,17,1,28,3,10,1,1,7,6,1,10,1,15,,9,9,1,22,9,121.5441455,25.06275291
111,8,3,16,27,2,03中山區,中山區復興北路與民權東路3段口,0,0,1,2,C03,8,1,5,50,14,9,1,5,4,5,7,4,4,1,4,5,2,17,1,57,2,9,1,1,7,9,1,10,1,12,,44,9,1,22,9,121.5441455,25.06275291
111,8,3,16,35,2,12內湖區,內湖區堤頂大道2段與瑞光路478巷口,0,0,2,1,F01,8,1,5,0,4,2,1,5,4,5,7,1,1,1,4,1,2,15,1,14,2,9,1,1,7,9,8,20,2,16,,44,44,1,22,9,121.568469,25.0776721
111,8,3,16,35,2,12內湖區,內湖區堤頂大道2段與瑞光路478巷口,0,0,2,2,C03,8,1,5,0,4,2,1,5,4,5,7,1,1,1,4,1,2,15,1,37,2,9,1,1,7,9,1,10,2,11,,43,44,1,22,9,121.568469,25.0776721
111,8,3,16,41,2,09北投區,北投區承德路7段與公館路口,0,0,2,1,C03,8,1,5,50,4,2,1,5,4,5,7,2,1,1,4,5,1,11,2,18,2,9,1,1,7,6,1,10,1,13,,9,9,1,22,9,121.5015602,25.11960277
111,8,3,16,41,2,09北投區,北投區承德路7段與公館路口,0,0,2,2,B03,8,1,5,50,4,2,1,5,4,5,7,2,1,1,4,5,1,11,2,54,3,10,1,1,7,14,1,8,1,1,,44,9,1,22,9,121.5015602,25.11960277
111,8,3,16,41,2,09北投區,北投區承德路7段與公館路口,0,0,2,3,H03,8,1,5,50,4,2,1,5,4,5,7,2,1,1,4,5,1,11,2,18,2,9,4,5,8,20,8,20,10,16,,67,9,1,22,9,121.5015602,25.11960277
111,8,3,17,8,2,02萬華區,萬華區堤外便道往南近中興橋,0,0,2,1,C03,8,1,5,40,14,11,1,5,4,5,7,4,4,8,5,5,2,16,1,40,2,9,3,4,7,4,1,10,1,12,,23,23,1,22,9,121.5010533,25.04490683
111,8,3,17,8,2,02萬華區,萬華區堤外便道往南近中興橋,0,0,2,2,C03,8,1,5,40,14,11,1,5,4,5,7,4,4,8,5,5,2,16,2,55,2,9,3,4,7,9,1,10,1,12,,44,23,1,22,9,121.5010533,25.04490683
111,8,3,17,40,2,06松山區,松山區市民大道6段139號,0,0,1,1,B03,8,1,5,40,14,9,1,5,4,5,7,4,4,8,3,5,1,16,1,61,3,10,3,1,7,1,1,8,1,5,,19,19,1,22,9,121.5792275,25.04950689
111,8,3,17,40,2,06松山區,松山區市民大道6段139號,0,0,1,2,C03,8,1,5,40,14,9,1,5,4,5,7,4,4,8,3,5,1,16,2,23,2,8,3,1,7,9,1,10,1,14,,13,19,1,22,9,121.5792275,25.04950689
111,8,3,17,41,2,08士林區,士林區承德路4段與後港街口,0,0,1,2,C03,8,1,5,50,5,2,1,5,4,5,7,2,1,1,4,4,2,17,1,50,2,9,1,1,7,15,1,9,1,12,,44,43,1,22,9,121.5229839,25.0821962
111,8,3,17,41,2,08士林區,士林區承德路4段與後港街口,0,0,1,1,C03,8,1,5,50,5,2,1,5,4,5,7,2,1,1,4,4,2,17,4,,4,11,3,4,7,15,7,19,11,15,,43,43,2,22,9,121.5229839,25.0821962
111,8,3,17,41,2,08士林區,士林區承德路4段與後港街口,0,0,1,3,H01,8,1,5,50,5,2,1,5,4,5,7,2,1,1,4,4,2,17,4,,4,11,3,4,7,15,7,19,11,15,,43,43,2,22,9,121.5229839,25.0821962
111,8,3,17,50,2,02萬華區,萬華區環河南路2段與環河南路2段175巷口,0,0,2,1,C03,8,1,5,50,4,1,1,5,4,5,7,2,1,3,4,5,2,17,1,30,2,7,1,1,7,9,1,10,2,11,,23,23,1,22,9,121.4920917,25.03283748
111,8,3,17,50,2,02萬華區,萬華區環河南路2段與環河南路2段175巷口,0,0,2,2,F01,8,1,5,50,4,1,1,5,4,5,7,2,1,3,4,5,2,17,1,9,2,6,1,1,7,1,8,20,2,16,,19,23,1,22,9,121.4920917,25.03283748
111,8,3,18,4,2,06松山區,松山區延吉街與市民大道4段口,0,0,1,1,B03,8,1,5,50,4,2,1,5,4,5,7,4,4,1,3,5,2,17,2,53,3,10,3,4,7,6,1,8,1,2,,9,43,1,22,9,121.5537724,25.04461679
111,8,3,18,4,2,06松山區,松山區延吉街與市民大道4段口,0,0,1,2,C03,8,1,5,50,4,2,1,5,4,5,7,4,4,1,3,5,2,17,2,54,2,9,3,4,7,9,1,10,1,14,,44,43,1,22,9,121.5537724,25.04461679
111,8,3,18,12,2,07信義區,信義區基隆路1段125號,0,0,1,1,C04,8,1,7,0,14,20,4,5,4,5,7,4,4,10,5,5,2,7,1,50,3,10,1,1,7,9,1,10,2,11,,42,42,1,22,9,121.566534,25.04420059
111,8,3,18,12,2,07信義區,信義區基隆路1段125號,0,0,1,2,H01,8,1,7,0,14,20,4,5,4,5,7,4,4,10,5,5,2,7,2,4,2,1,4,5,8,21,8,20,10,16,,67,42,1,22,9,121.566534,25.04420059
111,8,3,18,33,2,02萬華區,萬華區環河南路3段與興義街口,0,0,1,1,C03,8,2,5,50,3,1,1,5,4,5,7,3,1,1,4,5,2,16,1,18,3,10,1,1,7,6,1,10,2,12,,9,9,1,22,9,121.4903721,25.02561699
111,8,3,18,33,2,02萬華區,萬華區環河南路3段與興義街口,0,0,1,2,C03,8,2,5,50,3,1,1,5,4,5,7,3,1,1,4,5,2,16,2,60,2,9,1,1,7,9,1,10,2,11,,44,9,1,22,9,121.4903721,25.02561699
111,8,3,18,53,2,09北投區,北投區中央南路1段與崇仁路1段口,0,0,1,1,B02,8,1,5,50,3,2,1,5,4,5,7,3,1,7,4,5,1,11,1,55,3,10,1,1,7,5,1,8,1,1,,23,23,1,22,9,121.5012173,25.12831972