發生年度,發生月,發生日,發生時-Hours,發生分,處理別-編號,區序,肇事地點,死亡人數,2-30日死亡人數,受傷人數,當事人序號,車種,天候,光線,道路類別,速限-速度限制,道路型態,事故位置,路面狀況1,路面狀況2,路面狀況3,道路障礙1,道路障礙2,號誌1,號誌2,車道劃分-分向,車道劃分-分道1,車道劃分-分道2,車道劃分-分道3,事故類型及型態,性別,年齡,受傷程度,主要傷處,安全帽,行動電話,車輛用途,當事者行動狀態,駕駛資格情形,駕駛執照種類,飲酒情形,車輛撞擊部位1,車輛撞擊部位2,肇因碼-個別,肇因碼-主要,個人肇逃否,職業,旅次目的,座標-X,座標-Y
111,8,3,18,53,2,09北投區,北投區中央南路1段與崇仁路1段口,0,0,1,2,C03,8,1,5,50,3,2,1,5,4,5,7,3,1,7,4,5,1,11,1,52,2,8,1,1,7,9,1,10,1,11,,44,23,1,22,9,121.5012173,25.12831972
111,8,3,19,0,2,12內湖區,內湖區堤頂大道2段與瑞光路478巷口,0,0,1,1,C03,8,3,5,50,4,2,1,5,4,5,7,1,1,10,1,5,2,13,2,28,2,9,1,1,7,9,1,10,2,11,,23,23,1,22,9,121.568766,25.0775341
111,8,3,19,0,2,12內湖區,內湖區堤頂大道2段與瑞光路478巷口,0,0,1,2,B03,8,3,5,50,4,2,1,5,4,5,7,1,1,10,1,5,2,13,1,41,3,10,1,1,7,14,1,8,2,6,,44,23,1,22,9,121.568766,25.0775341
111,8,3,19,4,2,04大安區,大安區信義路4段與四維路口,0,0,1,2,B03,8,1,5,30,4,1,1,5,4,5,7,4,4,9,4,5,1,17,1,42,3,10,1,1,7,6,1,8,1,1,,9,43,1,22,9,121.5480491,25.0331529
111,8,3,19,4,2,04大安區,大安區信義路4段與四維路口,0,0,1,1,F01,8,1,5,30,4,1,1,5,4,5,7,4,4,9,4,5,1,17,2,26,2,7,1,1,7,9,8,20,1,16,,43,43,1,22,9,121.5480491,25.0331529
111,8,3,19,6,2,05中正區,中正區公園路32號,0,0,1,2,C03,8,3,5,50,14,9,1,5,4,5,7,1,1,9,4,5,2,17,1,31,2,9,1,4,7,9,1,10,2,15,,44,7,1,22,9,121.5167969,25.0439991
111,8,3,19,6,2,05中正區,中正區公園路32號,0,0,1,1,B03,8,3,5,50,14,9,1,5,4,5,7,1,1,9,4,5,2,17,1,48,3,10,3,4,7,7,1,8,11,15,,7,7,1,22,9,121.5167969,25.0439991
111,8,3,19,23,2,04大安區,大安區通化街39巷與通化街39巷49弄口,0,0,1,1,B03,8,3,5,30,4,1,1,5,4,5,7,4,4,10,5,5,2,15,2,31,3,10,1,1,7,9,1,8,1,5,,6,6,1,22,9,121.5555021,25.03086342
111,8,3,19,23,2,04大安區,大安區通化街39巷與通化街39巷49弄口,0,0,1,2,C03,8,3,5,30,4,1,1,5,4,5,7,4,4,10,5,5,2,15,1,31,2,9,1,1,7,9,1,10,1,14,,23,6,1,22,9,121.5555021,25.03086342
111,8,3,19,26,2,09北投區,北投區懷德街6-4號,0,0,2,3,H02,8,3,5,50,14,9,1,5,4,5,7,4,4,9,5,5,2,16,1,23,2,9,1,5,7,20,8,20,10,16,,67,6,1,22,9,121.5198305,25.11053843
111,8,3,19,26,2,09北投區,北投區懷德街6-4號,0,0,2,1,B03,8,3,5,50,14,9,1,5,4,5,7,4,4,9,5,5,2,16,1,25,3,10,1,1,7,7,1,8,1,8,,6,6,1,22,9,121.5198305,25.11053843
111,8,3,19,26,2,09北投區,北投區懷德街6-4號,0,0,2,2,C03,8,3,5,50,14,9,1,5,4,5,7,4,4,9,5,5,2,16,1,26,2,9,1,1,7,9,1,10,1,12,,44,6,1,22,9,121.5198305,25.11053843
111,8,3,19,30,2,12內湖區,內湖區金豐街與石潭路口,0,0,1,1,C03,8,3,5,50,4,1,1,5,4,5,7,1,1,5,2,5,2,17,1,27,3,10,1,1,7,6,1,10,1,12,,9,9,1,22,9,121.5904152,25.06349263
111,8,3,19,30,2,12內湖區,內湖區金豐街與石潭路口,0,0,1,2,C03,8,3,5,50,4,1,1,5,4,5,7,1,1,5,2,5,2,17,1,25,2,9,1,1,7,9,1,9,1,11,,44,9,1,22,9,121.5904152,25.06349263
111,8,3,19,40,2,10文山區,文山區萬芳路60號停車場出入口,0,0,1,1,B03,8,3,5,50,14,9,1,5,4,5,7,4,4,5,2,5,2,12,1,32,3,10,3,4,7,11,1,8,1,8,,42,42,1,22,9,121.5677287,24.99899508
111,8,3,19,40,2,10文山區,文山區萬芳路60號停車場出入口,0,0,1,2,C03,8,3,5,50,14,9,1,5,4,5,7,4,4,5,2,5,2,12,1,25,2,9,1,4,7,9,1,10,1,11,,42,42,1,22,9,121.5677287,24.99899508
111,8,3,19,45,2,07信義區,信義區市民大道5段與東興路口,0,0,1,1,B03,8,3,5,40,4,1,1,5,4,5,7,1,1,1,4,5,2,17,1,42,3,10,1,1,7,5,1,8,1,1,,8,8,1,22,9,121.5657936,25.0482053
111,8,3,19,45,2,07信義區,信義區市民大道5段與東興路口,0,0,1,2,C03,8,3,5,40,4,1,1,5,4,5,7,1,1,1,4,5,2,17,1,19,2,7,1,1,7,9,1,10,1,14,,13,8,1,22,9,121.5657936,25.0482053
111,8,3,20,44,2,02萬華區,萬華區峨眉街與武昌街2段120巷口,0,0,1,1,B12,8,3,5,50,4,1,1,5,4,5,7,4,4,10,4,5,2,15,1,44,3,10,1,1,7,1,1,8,1,1,,19,19,1,22,9,121.5037937,25.04422767
111,8,3,20,44,2,02萬華區,萬華區峨眉街與武昌街2段120巷口,0,0,1,2,C03,8,3,5,50,4,1,1,5,4,5,7,4,4,10,4,5,2,15,2,35,2,9,1,1,7,9,1,10,1,14,,6,19,1,22,9,121.5037937,25.04422767
111,8,3,21,39,2,04大安區,大安區敦化南路2段120號,0,0,1,1,,8,3,5,0,14,9,1,5,4,5,7,4,4,9,4,5,1,29,3,,,,,,,,,,,,,66,66,1,,,121.5484459,25.0264713
111,8,3,21,39,2,04大安區,大安區敦化南路2段120號,0,0,1,2,C03,8,3,5,0,14,9,1,5,4,5,7,4,4,9,4,5,1,29,2,24,2,9,1,1,7,9,1,10,1,11,,13,66,1,22,9,121.5484459,25.0264713
111,8,3,22,21,2,02萬華區,萬華區漢中街與成都路口,0,0,1,1,C03,7,3,5,50,4,1,1,5,4,5,7,2,1,10,5,5,2,17,1,21,2,9,1,1,7,6,1,10,1,12,,42,42,1,22,9,121.5074566,25.04244056
111,8,3,22,21,2,02萬華區,萬華區漢中街與成都路口,0,0,1,2,B01,7,3,5,50,4,1,1,5,4,5,7,2,1,10,5,5,2,17,1,35,3,10,1,1,7,14,1,4,1,15,,38,42,1,22,9,121.5074566,25.04244056
111,8,3,22,24,2,03中山區,中山區農安街與民權東路2段135巷口,0,0,1,1,C03,8,3,5,50,4,1,1,5,4,5,7,1,1,5,5,5,2,12,2,62,2,9,1,1,7,6,4,11,1,12,,9,9,1,22,9,121.5350373,25.064702
111,8,3,22,24,2,03中山區,中山區農安街與民權東路2段135巷口,0,0,1,2,B03,8,3,5,50,4,1,1,5,4,5,7,1,1,5,5,5,2,12,1,45,3,10,1,1,7,9,1,8,1,5,,44,9,1,22,9,121.5350373,25.064702
111,8,3,22,49,2,02萬華區,萬華區西園路2段與寶興街口,0,0,1,1,B12,8,3,5,50,4,1,1,5,4,5,7,1,1,1,4,5,2,17,4,,4,11,3,4,7,15,7,19,11,15,,43,43,2,22,9,121.4938584,25.02676702
111,8,3,22,49,2,02萬華區,萬華區西園路2段與寶興街口,0,0,1,2,C03,8,3,5,50,4,1,1,5,4,5,7,1,1,1,4,5,2,17,1,20,2,9,1,1,7,6,1,10,1,11,,23,43,1,22,9,121.4938584,25.02676702
111,8,3,23,58,2,07信義區,信義區和平東路3段417號,0,0,2,1,B03,8,3,5,50,14,9,1,5,4,5,7,4,4,3,4,5,2,16,2,34,3,10,1,1,7,8,1,8,1,5,,7,7,1,22,9,121.5578991,25.01942125
111,8,3,23,58,2,07信義區,信義區和平東路3段417號,0,0,2,2,C03,8,3,5,50,14,9,1,5,4,5,7,4,4,3,4,5,2,16,1,19,2,9,1,1,7,9,1,10,1,14,,44,7,1,22,9,121.5578991,25.01942125
111,8,3,23,58,2,07信義區,信義區和平東路3段417號,0,0,2,3,H02,8,3,5,50,14,9,1,5,4,5,7,4,4,3,4,5,2,16,2,20,2,8,1,5,7,20,8,20,10,16,,67,7,1,22,9,121.5578991,25.01942125
111,8,4,0,10,2,07信義區,信義區莊敬路391巷11弄與莊敬路391巷3弄口,0,0,1,1,C03,7,3,5,30,3,2,1,5,4,5,7,4,4,9,5,5,2,16,1,22,3,10,1,1,7,5,1,10,1,14,,6,6,1,22,9,121.5653163,25.0288874
111,8,4,0,10,2,07信義區,信義區莊敬路391巷11弄與莊敬路391巷3弄口,0,0,1,2,C03,7,3,5,30,3,2,1,5,4,5,7,4,4,9,5,5,2,16,2,58,2,7,1,1,7,9,1,10,1,11,,44,6,1,22,9,121.5653163,25.0288874
111,8,4,1,35,2,08士林區,士林區延平北路6段與中正路口,0,0,1,1,B03,8,3,5,50,4,1,1,5,4,5,7,2,1,5,4,5,2,1,1,40,3,10,3,4,7,5,1,6,2,8,,15,15,1,22,9,121.5092225,25.08685888
111,8,4,1,35,2,08士林區,士林區延平北路6段與中正路口,0,0,1,2,H01,8,3,5,50,4,1,1,5,4,5,7,2,1,5,4,5,2,1,2,59,2,9,4,5,8,16,8,20,10,16,,52,15,1,22,9,121.5092225,25.08685888
111,8,4,5,56,2,11南港區,南港區八德路4段與中坡北路口,0,0,1,1,A02,8,1,5,50,4,2,1,5,4,5,7,1,1,1,4,5,2,9,1,47,3,10,1,1,7,9,1,2,2,15,,44,44,1,22,9,121.5799407,25.05050351
111,8,4,5,56,2,11南港區,南港區八德路4段與中坡北路口,0,0,1,2,H02,8,1,5,50,4,2,1,5,4,5,7,1,1,1,4,5,2,9,2,81,2,9,4,5,7,19,8,20,10,16,,67,44,1,22,9,121.5799407,25.05050351
111,8,4,5,56,2,11南港區,南港區八德路4段與中坡北路口,0,0,1,3,C03,8,1,5,50,4,2,1,5,4,5,7,1,1,1,4,5,2,9,1,58,3,10,1,1,7,5,1,10,9,15,,8,44,1,22,9,121.5799407,25.05050351
111,8,4,7,3,2,08士林區,士林區福華路與福華路141巷口,0,0,1,1,F01,8,1,5,50,14,9,1,5,4,5,7,4,4,10,4,5,1,16,1,16,3,10,1,1,7,11,8,20,1,16,,11,11,1,22,9,121.5222883,25.10290548
111,8,4,7,3,2,08士林區,士林區福華路與福華路141巷口,0,0,1,2,C03,8,1,5,50,14,9,1,5,4,5,7,4,4,10,4,5,1,16,1,61,2,9,1,1,7,9,1,10,1,11,,14,11,1,22,9,121.5222883,25.10290548
111,8,4,8,0,2,08士林區,士林區中正路與文林路口,0,0,1,1,C03,8,1,5,50,4,1,1,5,4,5,7,2,1,1,4,5,2,17,2,56,2,9,1,1,7,6,1,10,1,13,,9,9,1,21,8,121.5246768,25.09502325
111,8,4,8,0,2,08士林區,士林區中正路與文林路口,0,0,1,2,C03,8,1,5,50,4,1,1,5,4,5,7,2,1,1,4,5,2,17,1,63,3,10,1,1,7,9,1,10,1,11,,44,9,1,21,8,121.5246768,25.09502325
111,8,4,8,13,2,05中正區,中正區林森北路與北平東路口,0,0,2,1,C03,8,1,5,50,4,1,1,5,4,5,7,1,1,5,4,5,2,15,1,43,2,9,1,1,7,9,1,10,2,12,,25,25,1,22,9,121.5237137,25.0463072
111,8,4,8,13,2,05中正區,中正區林森北路與北平東路口,0,0,2,2,C03,8,1,5,50,4,1,1,5,4,5,7,1,1,5,4,5,2,15,2,40,2,9,1,1,7,9,1,10,2,14,,44,25,1,22,9,121.5237137,25.0463072
111,8,4,8,13,2,06松山區,松山區東興路31號,0,0,1,1,C03,8,1,5,50,14,9,1,5,4,5,7,1,1,4,3,5,2,16,1,36,3,10,1,1,7,8,1,10,1,12,,7,7,1,22,9,121.5657391,25.04850963
111,8,4,8,13,2,06松山區,松山區東興路31號,0,0,1,2,C03,8,1,5,50,14,9,1,5,4,5,7,1,1,4,3,5,2,16,1,27,2,9,1,1,7,9,1,10,1,11,,44,7,1,22,9,121.5657391,25.04850963
111,8,4,8,17,2,05中正區,中正區公園路(外交部大門),0,0,1,1,B03,8,1,5,50,14,9,1,5,4,5,7,4,4,10,3,5,2,16,1,34,3,10,1,1,7,1,1,8,2,8,,19,19,1,22,9,121.5154912,25.03903929
111,8,4,8,17,2,05中正區,中正區公園路(外交部大門),0,0,1,2,C03,8,1,5,50,14,9,1,5,4,5,7,4,4,10,3,5,2,16,2,52,2,9,1,1,7,9,1,10,2,12,,44,19,1,22,9,121.5154912,25.03903929
111,8,4,8,32,2,08士林區,士林區重慶北路4段49巷與重慶北路4段49巷20弄口,0,0,1,1,F01,8,1,5,30,4,1,1,5,4,5,7,4,4,10,5,5,1,16,2,69,2,9,1,1,7,9,8,20,9,16,,6,6,1,22,9,121.512162,25.0809695
111,8,4,8,32,2,08士林區,士林區重慶北路4段49巷與重慶北路4段49巷20弄口,0,0,1,2,C04,8,1,5,30,4,1,1,5,4,5,7,4,4,10,5,5,1,16,2,27,3,10,1,1,7,9,1,10,2,11,,23,6,1,22,9,121.512162,25.0809695
111,8,4,8,40,2,11南港區,南港區新民街與興東街口,0,0,2,1,C03,8,1,5,30,4,2,1,5,4,5,7,1,1,4,3,5,2,12,1,46,2,7,1,4,7,9,1,10,2,12,,26,26,1,22,9,121.6120181,25.05591785
111,8,4,8,40,2,11南港區,南港區新民街與興東街口,0,0,2,2,C03,8,1,5,30,4,2,1,5,4,5,7,1,1,4,3,5,2,12,1,34,2,7,1,4,7,5,1,10,2,14,,44,26,1,22,9,121.6120181,25.05591785
111,8,4,8,55,2,12內湖區,內湖區民權東路6段180巷42弄與民權東路6段174巷口,0,0,1,1,C03,8,1,5,50,3,1,1,5,4,5,7,4,4,5,5,5,2,16,2,33,2,9,1,1,7,5,1,10,1,12,,6,6,1,22,9,121.5918233,25.06747979
111,8,4,8,55,2,12內湖區,內湖區民權東路6段180巷42弄與民權東路6段174巷口,0,0,1,2,B03,8,1,5,50,3,1,1,5,4,5,7,4,4,5,5,5,2,16,2,39,3,10,1,1,7,9,1,8,1,7,,23,6,1,22,9,121.5918233,25.06747979
111,8,4,9,0,2,09北投區,北投區致遠一路1段與文林北路244巷口,0,0,1,1,C03,8,1,5,30,3,2,1,5,4,5,7,4,4,10,5,5,2,17,1,34,3,10,1,1,7,5,1,10,1,15,,6,6,1,22,9,121.5152687,25.1092675
111,8,4,9,0,2,09北投區,北投區致遠一路1段與文林北路244巷口,0,0,1,2,C03,8,1,5,30,3,2,1,5,4,5,7,4,4,10,5,5,2,17,1,29,2,9,1,1,7,9,1,10,1,14,,44,6,1,22,9,121.5152687,25.1092675
111,8,4,9,15,2,04大安區,大安區敦化南路2段97號,0,0,1,1,B12,8,1,5,50,14,9,1,5,4,5,7,4,4,5,4,5,2,13,1,68,3,10,1,1,7,9,1,8,1,5,,23,23,1,22,9,121.5490388,25.02888765
111,8,4,9,15,2,04大安區,大安區敦化南路2段97號,0,0,1,2,C03,8,1,5,50,14,9,1,5,4,5,7,4,4,5,4,5,2,13,1,32,2,9,1,1,7,7,1,10,1,13,,7,23,1,22,9,121.5490388,25.02888765
111,8,4,9,19,2,04大安區,大安區市民大道3段234號,0,0,1,1,C03,8,1,5,40,14,9,1,5,4,5,7,4,4,9,4,5,2,12,1,21,2,9,1,1,7,7,1,10,1,14,,7,7,1,22,9,121.5413446,25.04432944
111,8,4,9,19,2,04大安區,大安區市民大道3段234號,0,0,1,2,B03,8,1,5,40,14,9,1,5,4,5,7,4,4,9,4,5,2,12,1,39,3,10,1,1,7,9,1,8,1,5,,23,7,1,22,9,121.5413446,25.04432944
111,8,4,9,30,2,06松山區,松山區南京東路3段259號,0,0,2,2,C03,8,1,5,40,14,8,1,5,4,5,7,4,4,1,4,4,2,17,2,21,2,7,1,1,7,9,1,10,1,11,,23,42,1,22,9,121.5446882,25.05193433
111,8,4,9,30,2,06松山區,松山區南京東路3段259號,0,0,2,1,B12,8,1,5,40,14,8,1,5,4,5,7,4,4,1,4,4,2,17,1,62,2,8,1,1,7,15,1,8,1,15,,42,42,1,22,9,121.5446882,25.05193433
111,8,4,9,43,2,05中正區,中正區博愛路與貴陽街1段口,0,0,1,1,B12,8,1,5,50,4,2,1,5,4,5,7,1,1,9,4,5,2,12,1,63,3,10,1,1,7,8,1,8,2,5,,7,7,1,22,9,121.5111405,25.03882536
111,8,4,9,43,2,05中正區,中正區博愛路與貴陽街1段口,0,0,1,2,C03,8,1,5,50,4,2,1,5,4,5,7,1,1,9,4,5,2,12,1,27,2,9,1,1,7,9,1,10,2,12,,44,7,1,22,9,121.5111405,25.03882536
111,8,4,10,19,2,04大安區,大安區四維路154巷21號,0,0,2,1,B03,8,1,5,0,3,1,1,5,4,5,7,4,4,9,5,5,2,16,1,51,3,10,1,1,7,5,1,8,1,1,,6,6,1,22,9,121.5469875,25.03098264
111,8,4,10,19,2,04大安區,大安區四維路154巷21號,0,0,2,2,C03,8,1,5,0,3,1,1,5,4,5,7,4,4,9,5,5,2,16,2,25,2,9,1,1,7,9,1,10,1,11,,44,6,1,22,9,121.5469875,25.03098264
111,8,4,10,19,2,04大安區,大安區四維路154巷21號,0,0,2,3,H02,8,1,5,0,3,1,1,5,4,5,7,4,4,9,5,5,2,16,2,26,2,9,4,5,7,20,8,20,10,16,,67,6,1,22,9,121.5469875,25.03098264
111,8,4,10,25,2,08士林區,士林區忠誠路2段與德行東路口,0,0,1,1,B01,8,1,5,50,14,9,1,5,4,5,7,4,4,4,5,5,1,16,1,52,3,10,1,1,7,9,1,4,1,2,,17,17,1,22,9,121.5304302,25.10843572
111,8,4,10,25,2,08士林區,士林區忠誠路2段與德行東路口,0,0,1,2,C03,8,1,5,50,14,9,1,5,4,5,7,4,4,4,5,5,1,16,1,31,2,8,1,1,7,9,1,10,1,14,,17,17,1,22,9,121.5304302,25.10843572
111,8,4,10,40,2,10文山區,文山區忠順街1段26巷27弄與木新路3段172巷口,0,0,2,1,C03,8,1,5,30,4,1,1,5,4,5,7,4,4,10,5,5,2,16,2,60,2,8,1,1,7,9,1,10,1,14,,6,6,1,22,9,121.5606034,24.9822395
111,8,4,10,40,2,10文山區,文山區忠順街1段26巷27弄與木新路3段172巷口,0,0,2,2,C03,8,1,5,30,4,1,1,5,4,5,7,4,4,10,5,5,2,16,2,29,2,9,1,1,7,9,1,10,1,12,,13,6,1,22,9,121.5606034,24.9822395
111,8,4,10,45,2,12內湖區,內湖區行忠路與行愛路口,0,0,2,1,C03,8,1,5,50,4,1,1,5,4,5,7,1,1,5,4,5,2,16,1,25,2,8,1,1,7,5,1,10,1,11,,6,6,1,22,9,121.5788322,25.0659523
111,8,4,10,45,2,12內湖區,內湖區行忠路與行愛路口,0,0,2,2,C03,8,1,5,50,4,1,1,5,4,5,7,1,1,5,4,5,2,16,2,74,2,1,1,1,7,9,1,10,1,11,,44,6,1,22,9,121.5788322,25.0659523
111,8,4,10,58,2,04大安區,大安區仁愛路4段與仁愛路4段151巷口,0,0,1,1,B03,8,1,5,30,3,1,1,5,4,5,7,4,4,10,4,5,2,17,1,64,3,10,1,1,7,6,1,8,1,5,,6,6,1,22,9,121.5517828,25.03796198
111,8,4,10,58,2,04大安區,大安區仁愛路4段與仁愛路4段151巷口,0,0,1,2,C03,8,1,5,30,3,1,1,5,4,5,7,4,4,10,4,5,2,17,1,31,2,9,1,1,7,9,1,10,1,13,,17,6,1,22,9,121.5517828,25.03796198
111,8,4,11,10,2,12內湖區,內湖區文德路101巷與文德路101巷口旁無名巷,0,0,2,1,F03,8,1,5,50,3,1,1,5,4,5,7,4,4,7,5,5,2,17,2,77,2,9,1,1,7,5,8,20,1,16,,6,6,1,22,9,121.5831257,25.0793157
111,8,4,11,10,2,12內湖區,內湖區文德路101巷與文德路101巷口旁無名巷,0,0,2,2,C03,8,1,5,50,3,1,1,5,4,5,7,4,4,7,5,5,2,17,1,38,2,8,1,1,7,9,1,10,1,14,,44,6,1,22,9,121.5831257,25.0793157
111,8,4,11,45,2,12內湖區,內湖區內湖路1段737巷68號對面,0,0,1,1,C03,8,1,5,50,14,9,1,5,4,5,7,4,4,9,5,5,2,12,2,28,3,10,1,1,7,7,1,10,1,14,,7,7,1,22,9,121.5791876,25.08124559
111,8,4,11,45,2,12內湖區,內湖區內湖路1段737巷68號對面,0,0,1,2,C03,8,1,5,50,14,9,1,5,4,5,7,4,4,9,5,5,2,12,2,56,2,9,1,1,7,9,1,10,1,12,,44,7,1,22,9,121.5791876,25.08124559
111,8,4,11,52,2,10文山區,文山區辛亥路6段1號,0,0,2,1,C03,8,1,5,50,14,9,1,5,4,1,7,4,4,1,4,5,2,13,1,25,2,8,1,1,7,9,1,10,1,11,,23,23,1,22,9,121.5520812,24.99082496
111,8,4,11,52,2,10文山區,文山區辛亥路6段1號,0,0,2,2,C02,8,1,5,50,14,9,1,5,4,1,7,4,4,1,4,5,2,13,1,23,2,9,1,1,7,9,1,9,1,13,,44,23,1,22,9,121.5520812,24.99082496
111,8,4,11,52,2,10文山區,文山區辛亥路6段1號,0,0,2,3,H03,8,1,5,50,14,9,1,5,4,1,7,4,4,1,4,5,2,13,1,51,3,10,4,5,8,20,8,20,10,16,,67,23,1,22,9,121.5520812,24.99082496
111,8,4,12,1,2,05中正區,中正區博愛路與貴陽街1段口,0,0,2,1,C03,8,1,5,50,4,1,1,5,4,5,7,1,1,10,4,5,2,16,1,63,3,10,1,1,7,5,1,10,2,14,,8,8,1,22,9,121.5111686,25.0389078
111,8,4,12,1,2,05中正區,中正區博愛路與貴陽街1段口,0,0,2,2,C03,8,1,5,50,4,1,1,5,4,5,7,1,1,10,4,5,2,16,1,52,2,9,1,1,7,9,1,10,2,11,,44,8,1,22,9,121.5111686,25.0389078
111,8,4,12,1,2,05中正區,中正區博愛路與貴陽街1段口,0,0,2,3,H02,8,1,5,50,4,1,1,5,4,5,7,1,1,10,4,5,2,16,1,20,2,7,4,5,7,21,8,20,10,16,,67,8,1,22,9,121.5111686,25.0389078
111,8,4,12,15,2,03中山區,中山區復興北路與民生東路3段口,0,0,1,1,C03,8,1,5,50,4,1,1,5,4,5,7,2,1,1,1,4,1,12,2,28,3,10,3,4,7,1,1,10,1,12,,17,17,1,22,9,121.5440618,25.05792428
111,8,4,12,15,2,03中山區,中山區復興北路與民生東路3段口,0,0,1,2,C04,8,1,5,50,4,1,1,5,4,5,7,2,1,1,1,4,1,12,2,70,2,9,3,4,7,1,1,10,1,14,,44,17,1,22,9,121.5440618,25.05792428
111,8,4,12,15,2,12內湖區,內湖區瑞光路478巷18弄與瑞光路548巷口,0,0,1,1,B12,8,1,5,50,4,1,1,5,4,5,7,3,1,5,5,5,2,17,1,44,3,10,1,1,7,9,1,7,1,4,,6,6,1,22,9,121.5670966,25.0790617
111,8,4,12,15,2,12內湖區,內湖區瑞光路478巷18弄與瑞光路548巷口,0,0,1,2,C03,8,1,5,50,4,1,1,5,4,5,7,3,1,5,5,5,2,17,1,47,2,9,1,1,7,9,1,10,1,12,,44,6,1,22,9,121.5670966,25.0790617
111,8,4,12,20,2,03中山區,中山區林森北路310巷2號,0,0,1,1,B12,8,1,5,30,14,9,1,5,4,5,7,4,4,9,5,5,2,14,1,43,3,10,3,4,7,2,1,8,1,7,,12,12,1,22,9,121.5251758,25.05623858
111,8,4,12,20,2,03中山區,中山區林森北路310巷2號,0,0,1,2,C03,8,1,5,30,14,9,1,5,4,5,7,4,4,9,5,5,2,14,2,53,2,9,1,1,7,9,1,10,1,12,,30,12,1,22,9,121.5251758,25.05623858
111,8,4,12,20,2,11南港區,南港區忠孝東路6段與東新街口,0,0,1,1,C03,8,1,5,50,4,1,1,5,4,5,7,2,1,1,4,4,2,15,4,,4,11,3,4,7,15,7,19,11,15,,43,43,2,22,9,121.5851119,25.04801836
111,8,4,12,20,2,11南港區,南港區忠孝東路6段與東新街口,0,0,1,2,C03,8,1,5,50,4,1,1,5,4,5,7,2,1,1,4,4,2,15,1,19,2,9,1,1,7,9,1,10,2,11,,23,43,1,22,9,121.5851119,25.04801836
111,8,4,12,20,2,11南港區,南港區忠孝東路6段與東新街口,0,0,1,3,C03,8,1,5,50,4,1,1,5,4,5,7,2,1,1,4,4,2,15,2,18,3,10,1,1,7,9,1,10,2,11,,44,43,1,22,9,121.5851119,25.04801836
111,8,4,12,23,2,02萬華區,萬華區國興路54號,0,0,1,1,B03,8,1,5,30,14,9,1,5,4,5,7,4,4,8,3,5,1,17,2,20,3,10,1,1,7,13,1,8,1,4,,43,43,1,22,9,121.506909,25.02564605
111,8,4,12,23,2,02萬華區,萬華區國興路54號,0,0,1,2,C03,8,1,5,30,14,9,1,5,4,5,7,4,4,8,3,5,1,17,2,56,2,8,1,1,7,9,1,10,1,12,,43,43,1,22,9,121.506909,25.02564605
111,8,4,12,30,2,03中山區,中山區民權東路1段64號,0,0,1,1,C03,8,1,5,50,14,7,1,5,4,5,7,4,4,1,4,4,2,13,1,24,2,9,3,4,7,9,1,10,1,11,,23,23,1,22,9,121.524807,25.06261074
111,8,4,12,30,2,03中山區,中山區民權東路1段64號,0,0,1,2,C03,8,1,5,50,14,7,1,5,4,5,7,4,4,1,4,4,2,13,2,30,3,10,3,4,7,9,1,10,1,13,,44,23,1,22,9,121.524807,25.06261074
111,8,4,12,30,2,03中山區,中山區民權東路1段64號,0,0,1,3,B01,8,1,5,50,14,7,1,5,4,5,7,4,4,1,4,4,2,13,1,63,3,10,3,4,7,1,1,4,1,15,,19,23,1,22,9,121.524807,25.06261074
111,8,4,12,30,2,06松山區,松山區北寧路40號,0,0,1,1,B03,8,1,5,50,14,9,1,5,4,5,7,2,1,9,4,5,2,16,2,57,3,10,1,1,7,11,1,8,1,4,,10,10,1,22,9,121.5526732,25.04975367
111,8,4,12,30,2,06松山區,松山區北寧路40號,0,0,1,2,C03,8,1,5,50,14,9,1,5,4,5,7,2,1,9,4,5,2,16,1,23,2,9,1,1,7,9,1,10,1,11,,23,10,1,22,9,121.5526732,25.04975367
111,8,4,13,0,2,07信義區,信義區虎林街119號,0,0,1,1,B11,8,1,5,30,14,9,1,5,4,5,7,4,4,10,5,5,2,1,1,53,3,10,3,4,7,9,1,7,1,7,,42,42,1,22,9,121.5769505,25.0405959
111,8,4,13,0,2,07信義區,信義區虎林街119號,0,0,1,2,H01,8,1,5,30,14,9,1,5,4,5,7,4,4,10,5,5,2,1,1,82,2,9,4,5,8,16,8,20,10,16,,67,42,1,22,9,121.5769505,25.0405959
111,8,4,13,50,2,03中山區,中山區復興北路與遼寧街185巷口,0,0,2,1,C03,8,3,5,50,4,2,1,5,4,5,7,1,1,1,4,5,2,13,1,33,2,9,1,4,7,9,1,9,1,11,,16,16,1,22,9,121.544002,25.0534325
111,8,4,13,50,2,03中山區,中山區復興北路與遼寧街185巷口,0,0,2,2,C03,8,3,5,50,4,2,1,5,4,5,7,1,1,1,4,5,2,13,1,29,2,1,1,4,7,9,1,10,1,13,,44,16,1,22,9,121.544002,25.0534325
111,8,4,14,17,2,08士林區,士林區延平北路5段與延平北路5段244巷口,0,0,1,1,B03,8,1,5,50,3,1,1,4,4,5,7,2,1,1,5,5,1,17,1,73,3,10,1,1,7,11,1,8,1,2,,10,10,1,22,9,121.5098979,25.08454482
111,8,4,14,17,2,08士林區,士林區延平北路5段與延平北路5段244巷口,0,0,1,2,C03,8,1,5,50,3,1,1,4,4,5,7,2,1,1,5,5,1,17,1,47,2,9,1,1,7,9,1,10,1,11,,44,10,1,22,9,121.5098979,25.08454482
111,8,4,14,24,2,02萬華區,萬華區莒光路153巷與中華路2段150巷口,0,0,1,1,C03,7,1,5,30,4,1,1,5,4,5,7,4,4,10,5,5,2,16,1,76,2,9,1,1,7,9,1,10,1,11,,4,4,1,22,9,121.5029871,25.03039202