發生年度,發生月,發生日,發生時-Hours,發生分,處理別-編號,區序,肇事地點,死亡人數,2-30日死亡人數,受傷人數,當事人序號,車種,天候,光線,道路類別,速限-速度限制,道路型態,事故位置,路面狀況1,路面狀況2,路面狀況3,道路障礙1,道路障礙2,號誌1,號誌2,車道劃分-分向,車道劃分-分道1,車道劃分-分道2,車道劃分-分道3,事故類型及型態,性別,年齡,受傷程度,主要傷處,安全帽,行動電話,車輛用途,當事者行動狀態,駕駛資格情形,駕駛執照種類,飲酒情形,車輛撞擊部位1,車輛撞擊部位2,肇因碼-個別,肇因碼-主要,個人肇逃否,職業,旅次目的,座標-X,座標-Y
111,8,4,14,24,2,02萬華區,萬華區莒光路153巷與中華路2段150巷口,0,0,1,2,B03,7,1,5,30,4,1,1,5,4,5,7,4,4,10,5,5,2,16,1,31,3,10,1,1,7,9,1,8,1,8,,44,4,1,22,9,121.5029871,25.03039202
111,8,4,14,30,2,03中山區,中山區松江路133巷與南京東路2段115巷口,0,0,3,1,C03,8,1,5,30,4,1,1,5,4,5,7,4,4,10,5,5,2,15,2,39,2,9,1,1,7,9,1,10,1,11,,6,6,1,22,9,121.5336392,25.0543581
111,8,4,14,30,2,03中山區,中山區松江路133巷與南京東路2段115巷口,0,0,3,2,C03,8,1,5,30,4,1,1,5,4,5,7,4,4,10,5,5,2,15,1,26,2,9,1,1,7,9,1,10,1,12,,23,6,1,22,9,121.5336392,25.0543581
111,8,4,14,30,2,03中山區,中山區松江路133巷與南京東路2段115巷口,0,0,3,4,H02,8,1,5,30,4,1,1,5,4,5,7,4,4,10,5,5,2,15,2,14,2,9,1,5,7,20,8,20,10,16,,67,6,1,22,9,121.5336392,25.0543581
111,8,4,14,30,2,03中山區,中山區松江路133巷與南京東路2段115巷口,0,0,3,3,B03,8,1,5,30,4,1,1,5,4,5,7,4,4,10,5,5,2,15,1,28,4,11,3,4,7,13,7,19,11,15,,38,6,2,22,9,121.5336392,25.0543581
111,8,4,14,40,2,04大安區,大安區敦化南路1段187巷與忠孝東路4段147巷口,0,0,1,1,B03,6,1,5,30,4,1,1,4,4,5,7,4,4,10,5,5,1,15,1,25,3,10,1,1,7,9,1,8,2,8,,6,6,1,22,9,121.5496613,25.04258573
111,8,4,14,40,2,04大安區,大安區敦化南路1段187巷與忠孝東路4段147巷口,0,0,1,2,C03,6,1,5,30,4,1,1,4,4,5,7,4,4,10,5,5,1,15,1,43,2,9,1,1,7,9,1,10,2,12,,44,6,1,22,9,121.5496613,25.04258573
111,8,4,14,58,2,11南港區,南港區南港路2段49號,0,0,2,1,C03,8,1,5,40,14,8,1,5,4,5,7,4,4,5,4,4,2,12,1,26,2,7,1,1,7,9,1,10,2,14,,23,23,1,21,8,121.6023231,25.05352505
111,8,4,14,58,2,11南港區,南港區南港路2段49號,0,0,2,2,A02,8,1,5,40,14,8,1,5,4,5,7,4,4,5,4,4,2,12,1,23,3,10,1,1,7,9,1,2,2,2,,44,23,1,21,8,121.6023231,25.05352505
111,8,4,14,58,2,11南港區,南港區南港路2段49號,0,0,2,3,B03,8,1,5,40,14,8,1,5,4,5,7,4,4,5,4,4,2,12,1,58,3,10,1,1,7,9,1,8,2,7,,42,23,1,21,8,121.6023231,25.05352505
111,8,4,14,58,2,11南港區,南港區南港路2段49號,0,0,2,4,H02,8,1,5,40,14,8,1,5,4,5,7,4,4,5,4,4,2,12,1,25,2,8,1,5,7,20,8,20,10,16,,67,23,1,21,8,121.6023231,25.05352505
111,8,4,15,5,2,06松山區,松山區市民大道4段223號,0,0,1,1,C03,6,1,5,40,14,9,1,4,4,5,7,4,4,1,3,5,2,18,2,52,2,9,1,1,7,9,1,10,11,14,,42,42,1,22,9,121.5535663,25.04458867
111,8,4,15,5,2,06松山區,松山區市民大道4段223號,0,0,1,2,,6,1,5,40,14,9,1,4,4,5,7,4,4,1,3,5,2,18,3,,,,,,,,,,,,,67,42,1,,,121.5535663,25.04458867
111,8,4,15,30,2,12內湖區,內湖區潭美街成功橋下,0,0,1,1,B03,8,1,5,40,3,1,1,5,4,5,7,2,1,5,5,5,2,12,1,46,3,10,1,1,7,6,1,8,1,2,,9,9,1,22,9,121.5916898,25.06008878
111,8,4,15,30,2,12內湖區,內湖區潭美街成功橋下,0,0,1,2,C03,8,1,5,40,3,1,1,5,4,5,7,2,1,5,5,5,2,12,1,27,2,9,1,1,7,9,1,10,1,14,,13,9,1,22,9,121.5916898,25.06008878
111,8,4,15,51,2,05中正區,中正區桃源街與貴陽街1段口,0,0,1,1,B03,6,1,5,50,4,2,1,4,4,5,7,1,1,9,4,5,2,16,1,41,3,10,1,1,7,6,1,8,2,2,,9,9,1,22,9,121.5100704,25.0389642
111,8,4,15,51,2,05中正區,中正區桃源街與貴陽街1段口,0,0,1,2,C03,6,1,5,50,4,2,1,4,4,5,7,1,1,9,4,5,2,16,1,21,2,9,1,1,7,9,1,10,2,14,,44,9,1,22,9,121.5100704,25.0389642
111,8,4,16,3,2,04大安區,大安區金山南路2段30巷與金山南路2段口,0,0,1,1,B03,8,1,5,50,4,1,1,5,4,5,7,1,1,1,4,5,2,15,2,42,3,10,1,1,7,9,1,8,1,5,,25,25,1,22,9,121.5266407,25.033058
111,8,4,16,3,2,04大安區,大安區金山南路2段30巷與金山南路2段口,0,0,1,2,C03,8,1,5,50,4,1,1,5,4,5,7,1,1,1,4,5,2,15,1,63,2,9,1,1,7,11,1,10,1,14,,11,25,1,22,9,121.5266407,25.033058
111,8,4,16,16,2,04大安區,大安區敦化南路1段與敦化南路1段247巷口,0,0,1,1,B03,7,1,5,50,3,1,1,4,4,5,7,4,4,9,4,5,2,17,1,61,3,10,1,1,7,6,1,6,2,15,,9,9,1,22,9,121.5491112,25.03887158
111,8,4,16,16,2,04大安區,大安區敦化南路1段與敦化南路1段247巷口,0,0,1,2,C03,7,1,5,50,3,1,1,4,4,5,7,4,4,9,4,5,2,17,2,23,2,9,1,1,7,9,1,10,2,12,,44,9,1,22,9,121.5491112,25.03887158
111,8,4,16,19,2,12內湖區,內湖區潭美街與安康路22巷口,0,0,1,1,B02,8,1,5,40,3,1,1,5,4,5,7,1,1,5,5,5,1,11,1,47,3,10,1,1,7,5,1,8,1,6,,6,6,1,22,9,121.5939072,25.0610215
111,8,4,16,19,2,12內湖區,內湖區潭美街與安康路22巷口,0,0,1,2,C03,8,1,5,40,3,1,1,5,4,5,7,1,1,5,5,5,1,11,1,33,2,9,1,1,7,4,1,10,1,13,,13,6,1,22,9,121.5939072,25.0610215
111,8,4,16,30,2,05中正區,中正區金華街與杭州南路2段口,0,0,1,1,B03,8,1,5,50,4,1,1,4,4,5,7,1,1,5,5,5,2,16,1,61,3,10,1,1,7,5,1,8,1,2,,6,6,1,22,9,121.5222499,25.03093054
111,8,4,16,30,2,05中正區,中正區金華街與杭州南路2段口,0,0,1,2,C03,8,1,5,50,4,1,1,4,4,5,7,1,1,5,5,5,2,16,2,61,2,9,1,1,7,9,1,10,1,11,,23,6,1,22,9,121.5222499,25.03093054
111,8,4,16,36,2,02萬華區,萬華區萬大路486巷與萬大路486巷11弄口,0,0,2,1,C03,7,1,5,30,4,1,1,5,4,5,7,4,4,10,5,5,2,15,2,24,2,8,1,1,7,9,1,10,1,14,,6,6,1,22,9,121.4969632,25.0198916
111,8,4,16,36,2,02萬華區,萬華區萬大路486巷與萬大路486巷11弄口,0,0,2,2,C03,7,1,5,30,4,1,1,5,4,5,7,4,4,10,5,5,2,15,2,25,2,9,1,1,7,9,1,10,1,11,,23,6,1,22,9,121.4969632,25.0198916
111,8,4,16,40,2,03中山區,中山區中山北路2段與南京東路1段口,0,0,2,1,C03,8,1,5,50,4,1,1,4,4,5,7,1,1,5,4,5,2,13,1,26,2,9,1,1,7,12,1,10,1,11,,42,42,1,22,9,121.5225552,25.0518821
111,8,4,16,40,2,03中山區,中山區中山北路2段與南京東路1段口,0,0,2,2,C03,8,1,5,50,4,1,1,4,4,5,7,1,1,5,4,5,2,13,1,47,2,9,1,1,7,9,1,9,1,13,,44,42,1,22,9,121.5225552,25.0518821
111,8,4,16,48,2,01大同區,大同區民生西路123號,0,0,1,1,C03,8,1,5,50,14,9,1,5,4,5,7,4,4,9,4,5,1,16,2,45,3,10,1,1,7,15,1,10,1,15,,6,6,1,22,9,121.518386,25.0573704
111,8,4,16,48,2,01大同區,大同區民生西路123號,0,0,1,2,C03,8,1,5,50,14,9,1,5,4,5,7,4,4,9,4,5,1,16,1,26,2,9,1,1,7,9,1,10,1,15,,14,6,1,22,9,121.518386,25.0573704
111,8,4,17,3,2,02萬華區,萬華區昆明街96巷與武昌街2段120巷口,0,0,1,1,B03,8,1,5,30,3,1,1,4,4,5,6,4,4,10,5,5,2,17,2,45,3,10,1,1,7,5,1,8,1,8,,6,6,1,22,9,121.5040098,25.04504671
111,8,4,17,3,2,02萬華區,萬華區昆明街96巷與武昌街2段120巷口,0,0,1,2,C03,8,1,5,30,3,1,1,4,4,5,6,4,4,10,5,5,2,17,1,47,2,9,1,1,7,9,1,10,1,14,,13,6,1,22,9,121.5040098,25.04504671
111,8,4,17,4,2,09北投區,北投區明德路134號,0,0,1,1,C03,8,1,5,50,14,9,1,5,4,5,7,4,4,9,5,5,2,13,1,61,2,9,1,1,7,9,1,10,1,11,,43,43,1,22,9,121.520488,25.11030531
111,8,4,17,4,2,09北投區,北投區明德路134號,0,0,1,2,B03,8,1,5,50,14,9,1,5,4,5,7,4,4,9,5,5,2,13,1,51,3,10,1,1,7,14,1,8,1,6,,43,43,1,22,9,121.520488,25.11030531
111,8,4,17,9,2,05中正區,中正區新生南路1段與新生南路1段58巷口,0,0,1,1,B12,8,1,5,50,3,2,1,5,4,5,7,4,4,7,4,1,2,12,1,45,3,10,1,1,7,6,1,8,2,5,,9,9,1,22,9,121.5326669,25.0408609
111,8,4,17,9,2,05中正區,中正區新生南路1段與新生南路1段58巷口,0,0,1,2,C03,8,1,5,50,3,2,1,5,4,5,7,4,4,7,4,1,2,12,1,28,2,9,1,1,7,9,1,10,2,14,,14,9,1,22,9,121.5326669,25.0408609
111,8,4,17,20,2,08士林區,士林區中山北路6段405巷58號,0,0,1,1,B03,8,1,5,50,14,9,1,5,4,5,7,4,4,10,5,5,2,17,1,50,3,10,3,4,7,14,1,8,1,4,,40,40,1,22,9,121.5267328,25.11587034
111,8,4,17,20,2,08士林區,士林區中山北路6段405巷58號,0,0,1,2,C03,8,1,5,50,14,9,1,5,4,5,7,4,4,10,5,5,2,17,1,25,2,9,1,1,7,9,1,10,1,12,,44,40,1,22,9,121.5267328,25.11587034
111,8,4,17,20,2,12內湖區,內湖區行忠路72巷與行忠路口,0,0,1,1,B03,8,1,5,50,4,1,1,5,4,5,7,1,1,1,4,5,2,3,2,57,3,10,1,1,7,5,1,8,1,8,,15,15,1,22,9,121.5812915,25.06701066
111,8,4,17,20,2,12內湖區,內湖區行忠路72巷與行忠路口,0,0,1,2,H01,8,1,5,50,4,1,1,5,4,5,7,1,1,1,4,5,2,3,2,32,2,9,4,1,8,16,8,20,9,16,,51,15,1,22,9,121.5812915,25.06701066
111,8,4,17,29,2,12內湖區,內湖區成功路2段與成功路2段486巷口,0,0,4,1,B03,8,1,5,50,4,1,1,5,4,5,7,2,1,1,4,5,2,16,1,44,3,10,1,1,7,5,1,8,2,1,,8,8,1,22,9,121.5877816,25.07366261
111,8,4,17,29,2,12內湖區,內湖區成功路2段與成功路2段486巷口,0,0,4,2,C03,8,1,5,50,4,1,1,5,4,5,7,2,1,1,4,5,2,16,1,25,2,9,1,1,7,9,1,10,2,14,,44,8,1,22,9,121.5877816,25.07366261
111,8,4,17,29,2,12內湖區,內湖區成功路2段與成功路2段486巷口,0,0,4,4,H02,8,1,5,50,4,1,1,5,4,5,7,2,1,1,4,5,2,16,1,52,2,9,1,5,7,20,8,20,10,16,,67,8,1,22,9,121.5877816,25.07366261
111,8,4,17,29,2,12內湖區,內湖區成功路2段與成功路2段486巷口,0,0,4,3,C03,8,1,5,50,4,1,1,5,4,5,7,2,1,1,4,5,2,16,1,22,2,6,1,1,7,9,1,9,2,11,,44,8,1,22,9,121.5877816,25.07366261
111,8,4,17,29,2,12內湖區,內湖區成功路2段與成功路2段486巷口,0,0,4,5,H02,8,1,5,50,4,1,1,5,4,5,7,2,1,1,4,5,2,16,2,19,2,9,1,1,7,20,8,20,10,16,,67,8,1,22,9,121.5877816,25.07366261
111,8,4,17,39,2,11南港區,南港區忠孝東路6段278巷22弄42號,0,0,1,1,B03,8,1,5,30,3,2,5,5,4,5,7,4,4,10,5,5,2,12,1,47,3,10,1,1,7,1,1,8,3,8,,19,19,1,21,8,121.5882736,25.04792682
111,8,4,17,39,2,11南港區,南港區忠孝東路6段278巷22弄42號,0,0,1,2,C03,8,1,5,30,3,2,5,5,4,5,7,4,4,10,5,5,2,12,2,52,2,7,1,1,7,5,1,10,2,12,,44,19,1,21,8,121.5882736,25.04792682
111,8,4,17,54,2,06松山區,松山區復興北路33號,0,0,1,1,C03,8,2,5,50,14,9,1,5,4,5,7,4,4,1,3,5,2,17,1,44,3,10,1,1,7,6,1,10,2,12,,9,9,1,22,9,121.5441033,25.0497943
111,8,4,17,54,2,06松山區,松山區復興北路33號,0,0,1,2,C03,8,2,5,50,14,9,1,5,4,5,7,4,4,1,3,5,2,17,1,49,2,9,1,1,7,9,1,10,2,14,,23,9,1,22,9,121.5441033,25.0497943
111,8,4,18,15,2,04大安區,大安區忠孝東路4段223巷10弄4號,0,0,2,1,B01,7,2,5,30,14,9,1,5,4,2,7,4,4,9,4,5,2,9,1,57,3,10,1,1,7,14,1,8,1,2,,38,38,1,22,9,121.5532062,25.0420115
111,8,4,18,15,2,04大安區,大安區忠孝東路4段223巷10弄4號,0,0,2,2,H02,7,2,5,30,14,9,1,5,4,2,7,4,4,9,4,5,2,9,2,38,3,10,4,5,7,19,8,20,10,16,,56,38,1,22,9,121.5532062,25.0420115
111,8,4,18,15,2,04大安區,大安區忠孝東路4段223巷10弄4號,0,0,2,3,C03,7,2,5,30,14,9,1,5,4,2,7,4,4,9,4,5,2,9,2,25,2,7,1,1,7,9,1,10,1,15,,44,38,1,22,9,121.5532062,25.0420115
111,8,4,18,15,2,04大安區,大安區忠孝東路4段223巷10弄4號,0,0,2,5,H02,7,2,5,30,14,9,1,5,4,2,7,4,4,9,4,5,2,9,2,8,2,8,1,5,7,20,8,20,10,16,,67,38,1,22,9,121.5532062,25.0420115
111,8,4,18,15,2,12內湖區,內湖區文德路22巷44弄15號前,0,0,2,1,C03,8,1,5,30,14,9,1,5,4,5,7,4,4,10,5,5,2,3,1,25,2,8,1,1,7,9,1,10,1,11,,13,13,1,22,9,121.5803567,25.07690544
111,8,4,18,15,2,12內湖區,內湖區文德路22巷44弄15號前,0,0,2,2,H01,8,1,5,30,14,9,1,5,4,5,7,4,4,10,5,5,2,3,1,12,2,9,4,5,8,16,8,20,10,16,,51,13,1,22,9,121.5803567,25.07690544
111,8,4,18,17,2,06松山區,松山區敦化南路1段108號,0,0,1,1,B03,8,3,5,40,14,9,1,5,4,5,7,4,4,1,4,5,2,17,1,31,3,10,1,1,7,6,1,8,1,2,,9,9,1,22,9,121.548424,25.04504116
111,8,4,18,17,2,06松山區,松山區敦化南路1段108號,0,0,1,2,C03,8,3,5,40,14,9,1,5,4,5,7,4,4,1,4,5,2,17,2,22,2,9,1,1,7,9,1,10,1,11,14,44,9,1,22,9,121.548424,25.04504116
111,8,4,18,35,2,08士林區,士林區延平北路6段與中正路口,0,0,1,1,C03,8,3,5,50,4,1,2,5,4,5,7,2,1,5,4,5,2,17,1,27,3,10,1,1,7,5,1,10,1,11,,8,8,1,22,9,121.5092199,25.0868282
111,8,4,18,35,2,08士林區,士林區延平北路6段與中正路口,0,0,1,2,C03,8,3,5,50,4,1,2,5,4,5,7,2,1,5,4,5,2,17,2,85,2,9,1,1,7,9,1,10,1,11,,44,8,1,22,9,121.5092199,25.0868282
111,8,4,18,35,2,12內湖區,內湖區民權東路6段56巷與民權東路6段56巷25弄口,0,0,2,1,C03,8,3,5,50,3,1,1,5,4,5,7,4,4,9,5,4,2,13,1,17,2,8,1,1,7,9,2,18,1,11,,23,23,1,22,9,121.5853858,25.06745756
111,8,4,18,35,2,12內湖區,內湖區民權東路6段56巷與民權東路6段56巷25弄口,0,0,2,2,C03,8,3,5,50,3,1,1,5,4,5,7,4,4,9,5,4,2,13,2,52,2,8,1,1,7,9,1,10,1,13,,44,23,1,22,9,121.5853858,25.06745756
111,8,4,18,45,2,02萬華區,萬華區漢口街2段56號,0,0,1,1,H01,8,3,5,0,14,9,1,5,4,5,7,4,4,10,5,5,1,3,2,56,2,9,4,5,8,16,8,20,10,16,,51,51,1,22,9,121.5055596,25.04594596
111,8,4,18,45,2,02萬華區,萬華區漢口街2段56號,0,0,1,2,C03,8,3,5,0,14,9,1,5,4,5,7,4,4,10,5,5,1,3,1,29,3,10,1,4,7,9,1,10,1,11,,44,51,1,22,9,121.5055596,25.04594596
111,8,4,19,5,2,04大安區,大安區忠孝東路4段181巷與忠孝東路4段181巷10弄口,0,0,1,1,C03,8,3,5,30,4,1,1,5,4,5,7,4,4,10,5,5,2,9,1,38,3,10,1,1,7,9,1,10,1,11,,15,15,1,22,9,121.550759,25.0420915
111,8,4,19,5,2,04大安區,大安區忠孝東路4段181巷與忠孝東路4段181巷10弄口,0,0,1,2,H01,8,3,5,30,4,1,1,5,4,5,7,4,4,10,5,5,2,9,2,28,2,9,4,1,8,16,8,20,10,16,,67,15,1,22,9,121.550759,25.0420915
111,8,4,19,5,2,07信義區,信義區崇德街38巷9號,0,0,1,1,C03,8,3,5,30,14,9,1,5,4,5,7,4,4,9,5,5,2,11,1,67,4,11,3,4,7,5,7,19,11,15,,8,8,2,22,9,121.5539105,25.02424735
111,8,4,19,5,2,07信義區,信義區崇德街38巷9號,0,0,1,2,C03,8,3,5,30,14,9,1,5,4,5,7,4,4,9,5,5,2,11,2,43,2,9,1,1,7,9,1,10,11,11,,23,8,1,22,9,121.5539105,25.02424735
111,8,4,19,12,2,12內湖區,內湖區民權大橋東向西(往松山方向),0,0,1,1,C03,8,3,5,40,8,11,1,5,4,5,7,4,4,5,4,5,2,13,2,60,2,9,1,1,7,12,1,10,1,11,,16,16,1,22,9,121.5711435,25.06448855
111,8,4,19,12,2,12內湖區,內湖區民權大橋東向西(往松山方向),0,0,1,2,C03,8,3,5,40,8,11,1,5,4,5,7,4,4,5,4,5,2,13,1,42,3,10,1,1,7,12,1,10,1,13,,42,16,1,22,9,121.5711435,25.06448855
111,8,4,19,30,2,06松山區,松山區光復南路46巷與八德路3段158巷口,0,0,1,1,B01,8,3,5,30,4,1,1,5,4,5,7,4,4,10,5,5,2,15,1,57,3,10,1,1,7,9,1,8,1,1,,6,6,1,22,9,121.555362,25.04588538
111,8,4,19,30,2,06松山區,松山區光復南路46巷與八德路3段158巷口,0,0,1,2,C03,8,3,5,30,4,1,1,5,4,5,7,4,4,10,5,5,2,15,2,54,2,9,1,1,7,9,1,10,1,12,,14,6,1,22,9,121.555362,25.04588538
111,8,4,19,30,2,07信義區,信義區嘉興街219-3號,0,0,1,1,C03,8,3,5,30,14,9,1,5,4,5,7,4,4,9,5,5,2,17,1,62,3,10,1,1,7,5,1,10,1,12,,8,8,1,22,9,121.5561831,25.0255771
111,8,4,19,30,2,07信義區,信義區嘉興街219-3號,0,0,1,2,C03,8,3,5,30,14,9,1,5,4,5,7,4,4,9,5,5,2,17,1,26,2,7,1,1,7,9,1,10,1,11,,13,8,1,22,9,121.5561831,25.0255771
111,8,4,20,5,2,06松山區,松山區塔悠路155號,0,0,1,1,C03,8,1,5,50,14,9,1,5,4,5,7,2,1,1,4,5,2,16,2,18,3,10,1,1,7,8,1,10,1,11,,7,7,1,22,9,121.5699342,25.05446054
111,8,4,20,5,2,06松山區,松山區塔悠路155號,0,0,1,2,C03,8,1,5,50,14,9,1,5,4,5,7,2,1,1,4,5,2,16,1,33,2,8,1,1,7,9,1,10,1,11,,14,7,1,22,9,121.5699342,25.05446054
111,8,4,20,9,2,01大同區,大同區延平北路2段171號,0,0,1,2,C03,8,3,5,0,14,9,1,5,4,5,7,2,1,5,3,5,2,17,1,28,2,9,1,1,7,9,1,10,11,15,,23,26,1,22,9,121.5115215,25.05849315
111,8,4,20,9,2,01大同區,大同區延平北路2段171號,0,0,1,1,C03,8,3,5,0,14,9,1,5,4,5,7,2,1,5,3,5,2,17,1,67,4,11,3,4,7,15,7,19,11,15,,26,26,2,22,9,121.5115215,25.05849315
111,8,4,21,20,2,07信義區,信義區吳興街與松仁路240巷口,0,0,3,1,C03,8,3,5,30,4,1,1,5,4,5,7,4,4,8,3,5,2,15,1,64,2,8,1,1,7,9,1,10,1,13,,6,6,1,22,9,121.5681909,25.0241189
111,8,4,21,20,2,07信義區,信義區吳興街與松仁路240巷口,0,0,3,2,C03,8,3,5,30,4,1,1,5,4,5,7,4,4,8,3,5,2,15,1,54,2,9,1,1,7,9,1,10,1,11,,14,6,1,22,9,121.5681909,25.0241189
111,8,4,21,20,2,07信義區,信義區吳興街與松仁路240巷口,0,0,3,3,H02,8,3,5,30,4,1,1,5,4,5,7,4,4,8,3,5,2,15,2,57,2,9,1,5,7,20,8,20,10,16,,67,6,1,22,9,121.5681909,25.0241189
111,8,4,21,31,2,10文山區,文山區木柵路4段與木柵路4段111巷口口,0,0,1,1,B03,8,1,5,50,3,1,1,5,4,5,7,1,1,4,5,5,2,11,1,54,3,10,1,4,7,5,1,8,2,5,,8,8,1,22,9,121.5735207,24.9973072
111,8,4,21,31,2,10文山區,文山區木柵路4段與木柵路4段111巷口口,0,0,1,2,C03,8,1,5,50,3,1,1,5,4,5,7,1,1,4,5,5,2,11,1,28,2,9,1,1,7,9,1,10,2,11,,23,8,1,22,9,121.5735207,24.9973072
111,8,4,22,21,2,07信義區,信義區基隆路2段與崇德街口,0,0,1,1,B02,8,3,5,50,3,1,1,5,4,5,7,4,4,1,4,5,2,17,1,28,3,10,1,1,7,6,1,8,1,1,,9,9,1,21,8,121.553004,25.02445124
111,8,4,22,21,2,07信義區,信義區基隆路2段與崇德街口,0,0,1,2,C03,8,3,5,50,3,1,1,5,4,5,7,4,4,1,4,5,2,17,1,37,2,8,2,1,7,9,1,10,1,12,,44,9,1,21,8,121.553004,25.02445124
111,8,4,22,48,2,07信義區,信義區松壽路與基隆路1段口旁,0,0,1,2,C03,7,3,5,50,14,9,1,5,4,5,7,2,1,9,4,5,2,13,1,22,3,10,1,1,7,6,1,10,1,13,,44,23,1,22,9,121.5615918,25.0360448
111,8,4,22,48,2,07信義區,信義區松壽路與基隆路1段口旁,0,0,1,1,C03,7,3,5,50,14,9,1,5,4,5,7,2,1,9,4,5,2,13,2,22,2,9,1,1,7,9,1,10,1,11,,23,23,1,22,9,121.5615918,25.0360448
111,8,4,23,52,2,01大同區,大同區重慶北路3段與民權西路口,0,0,1,1,B01,8,3,5,50,4,2,1,5,4,5,7,2,1,1,4,5,2,16,1,58,3,10,3,4,7,1,1,4,1,7,,19,19,1,22,9,121.5135241,25.06313718
111,8,4,23,52,2,01大同區,大同區重慶北路3段與民權西路口,0,0,1,2,C03,8,3,5,50,4,2,1,5,4,5,7,2,1,1,4,5,2,16,2,28,2,9,3,4,7,9,1,10,1,11,,44,19,1,22,9,121.5135241,25.06313718
111,8,5,0,58,2,07信義區,信義區富陽街與富陽街72巷口口,0,0,1,8,C03,8,3,5,30,4,1,1,5,4,5,7,4,4,5,5,5,2,15,2,57,3,10,3,4,7,13,7,19,11,12,,44,6,1,22,9,121.5565031,25.02173462
111,8,5,0,58,2,07信義區,信義區富陽街與富陽街72巷口口,0,0,1,1,B01,8,3,5,30,4,1,1,5,4,5,7,4,4,5,5,5,2,15,1,62,3,10,1,1,7,9,1,4,2,1,,6,6,1,21,8,121.5565031,25.02173462
111,8,5,0,58,2,07信義區,信義區富陽街與富陽街72巷口口,0,0,1,2,C03,8,3,5,30,4,1,1,5,4,5,7,4,4,5,5,5,2,15,1,17,2,9,1,1,7,9,2,18,2,14,,14,6,1,21,8,121.5565031,25.02173462
111,8,5,0,58,2,07信義區,信義區富陽街與富陽街72巷口口,0,0,1,3,C03,8,3,5,30,4,1,1,5,4,5,7,4,4,5,5,5,2,15,1,42,3,10,3,4,7,13,7,19,11,12,,44,6,1,22,9,121.5565031,25.02173462
111,8,5,0,58,2,07信義區,信義區富陽街與富陽街72巷口口,0,0,1,4,C03,8,3,5,30,4,1,1,5,4,5,7,4,4,5,5,5,2,15,1,54,3,10,3,4,7,13,7,19,11,12,,44,6,1,22,9,121.5565031,25.02173462
111,8,5,0,58,2,07信義區,信義區富陽街與富陽街72巷口口,0,0,1,5,C04,8,3,5,30,4,1,1,5,4,5,7,4,4,5,5,5,2,15,2,42,3,10,3,4,7,13,7,19,11,12,,44,6,1,22,9,121.5565031,25.02173462
111,8,5,0,58,2,07信義區,信義區富陽街與富陽街72巷口口,0,0,1,6,C03,8,3,5,30,4,1,1,5,4,5,7,4,4,5,5,5,2,15,1,27,3,10,3,4,7,13,7,19,11,12,,44,6,1,22,9,121.5565031,25.02173462
111,8,5,0,58,2,07信義區,信義區富陽街與富陽街72巷口口,0,0,1,7,F01,8,3,5,30,4,1,1,5,4,5,7,4,4,5,5,5,2,15,2,57,4,11,3,4,7,15,8,20,11,15,,44,6,2,22,9,121.5565031,25.02173462
111,8,5,3,50,2,11南港區,南港區市民大道7段與向陽路口,0,0,1,1,B03,8,3,5,50,4,1,1,5,4,5,7,2,1,1,3,5,2,16,1,30,3,10,3,4,7,5,1,8,2,8,,6,6,1,22,9,121.5954735,25.0514954
111,8,5,3,50,2,11南港區,南港區市民大道7段與向陽路口,0,0,1,2,C03,8,3,5,50,4,1,1,5,4,5,7,2,1,1,3,5,2,16,2,47,2,9,3,4,7,9,1,10,2,14,,13,6,1,22,9,121.5954735,25.0514954
111,8,5,7,40,2,11南港區,南港區向陽路162巷與重陽路39巷口,0,0,1,1,C03,8,1,5,50,4,1,1,5,4,5,7,4,4,5,4,5,2,16,2,26,2,9,1,1,7,9,1,10,1,11,,6,6,1,22,9,121.5953378,25.0560317
111,8,5,7,40,2,11南港區,南港區向陽路162巷與重陽路39巷口,0,0,1,2,B02,8,1,5,50,4,1,1,5,4,5,7,4,4,5,4,5,2,16,1,48,3,10,1,1,7,9,1,8,1,1,,6,6,1,22,9,121.5953378,25.0560317
111,8,5,7,43,2,11南港區,南港區東新街170巷與東新街170巷7弄口,0,0,3,1,B12,8,1,5,50,3,1,1,5,4,5,7,4,4,5,4,5,2,16,1,62,3,10,1,1,7,1,1,8,2,8,,19,19,1,21,8,121.5927104,25.04542598
111,8,5,7,43,2,11南港區,南港區東新街170巷與東新街170巷7弄口,0,0,3,2,C03,8,1,5,50,3,1,1,5,4,5,7,4,4,5,4,5,2,16,2,25,2,8,1,1,7,9,1,10,2,12,,44,19,1,21,8,121.5927104,25.04542598
111,8,5,7,43,2,11南港區,南港區東新街170巷與東新街170巷7弄口,0,0,3,3,H02,8,1,5,50,3,1,1,5,4,5,7,4,4,5,4,5,2,16,2,3,2,1,1,5,7,20,8,20,10,16,,67,19,1,21,8,121.5927104,25.04542598
111,8,5,7,43,2,11南港區,南港區東新街170巷與東新街170巷7弄口,0,0,3,4,H02,8,1,5,50,3,1,1,5,4,5,7,4,4,5,4,5,2,16,1,25,2,8,2,5,7,20,8,20,10,16,,67,19,1,21,8,121.5927104,25.04542598
111,8,5,7,50,2,12內湖區,內湖區成功路2段422號,0,0,1,1,C03,8,1,5,50,14,9,1,5,4,5,7,4,4,1,4,5,2,12,2,50,2,8,1,1,7,7,1,10,1,14,,7,7,1,22,9,121.5897849,25.07125798
111,8,5,7,50,2,12內湖區,內湖區成功路2段422號,0,0,1,2,B03,8,1,5,50,14,9,1,5,4,5,7,4,4,1,4,5,2,12,2,31,3,10,1,1,7,9,1,8,1,5,,44,7,1,22,9,121.5897849,25.07125798