發生年度,發生月,發生日,發生時-Hours,發生分,處理別-編號,區序,肇事地點,死亡人數,2-30日死亡人數,受傷人數,當事人序號,車種,天候,光線,道路類別,速限-速度限制,道路型態,事故位置,路面狀況1,路面狀況2,路面狀況3,道路障礙1,道路障礙2,號誌1,號誌2,車道劃分-分向,車道劃分-分道1,車道劃分-分道2,車道劃分-分道3,事故類型及型態,性別,年齡,受傷程度,主要傷處,安全帽,行動電話,車輛用途,當事者行動狀態,駕駛資格情形,駕駛執照種類,飲酒情形,車輛撞擊部位1,車輛撞擊部位2,肇因碼-個別,肇因碼-主要,個人肇逃否,職業,旅次目的,座標-X,座標-Y
111,8,5,7,52,2,12內湖區,內湖區成功路5段31號前,0,0,1,1,B03,8,1,5,50,15,7,1,5,4,5,7,4,4,1,4,5,2,17,1,75,3,10,1,1,7,1,1,8,1,7,,19,19,1,22,9,121.6036757,25.08304798
111,8,5,7,52,2,12內湖區,內湖區成功路5段31號前,0,0,1,2,C03,8,1,5,50,15,7,1,5,4,5,7,4,4,1,4,5,2,17,1,32,2,9,1,1,7,9,1,10,1,11,,44,19,1,22,9,121.6036757,25.08304798
111,8,5,8,10,2,11南港區,南港區三重路與重陽路口,0,0,1,1,B03,8,1,5,50,4,2,1,5,4,5,7,2,1,1,4,5,2,16,1,64,3,10,3,4,7,6,1,8,2,1,,6,6,1,22,9,121.6132677,25.0621978
111,8,5,8,10,2,11南港區,南港區三重路與重陽路口,0,0,1,2,C03,8,1,5,50,4,2,1,5,4,5,7,2,1,1,4,5,2,16,2,32,2,9,1,1,7,5,1,10,2,12,,44,6,1,22,9,121.6132677,25.0621978
111,8,5,8,12,2,10文山區,文山區木新路3段172巷與忠順街1段26巷27弄口口,0,0,2,1,C03,8,1,5,30,4,1,1,5,4,5,7,4,4,10,5,5,2,15,1,50,2,9,1,1,7,9,1,10,2,11,,6,6,1,22,9,121.5606048,24.98228211
111,8,5,8,12,2,10文山區,文山區木新路3段172巷與忠順街1段26巷27弄口口,0,0,2,2,C03,8,1,5,30,4,1,1,5,4,5,7,4,4,10,5,5,2,15,2,69,2,9,1,1,7,9,1,10,2,12,,14,6,1,22,9,121.5606048,24.98228211
111,8,5,8,18,2,05中正區,中正區金山南路1段與金山南路1段79巷口,0,0,1,1,C03,8,1,5,30,3,1,1,5,4,5,7,4,4,1,4,5,2,16,2,71,2,9,1,1,7,6,1,10,2,14,,9,9,1,22,9,121.5279655,25.03682203
111,8,5,8,18,2,05中正區,中正區金山南路1段與金山南路1段79巷口,0,0,1,2,A02,8,1,5,30,3,1,1,5,4,5,7,4,4,1,4,5,2,16,1,42,3,10,1,1,7,9,1,2,2,6,,44,9,1,22,9,121.5279655,25.03682203
111,8,5,8,20,2,11南港區,南港區忠孝東路5段與中坡南路口,0,0,1,1,B02,8,1,5,50,4,1,1,5,4,5,7,2,1,4,3,4,2,16,1,18,3,10,1,1,7,6,1,8,1,2,,9,9,1,22,9,121.5820161,25.0441886
111,8,5,8,20,2,11南港區,南港區忠孝東路5段與中坡南路口,0,0,1,2,C03,8,1,5,50,4,1,1,5,4,5,7,2,1,4,3,4,2,16,1,30,2,9,1,1,7,9,1,10,1,14,,44,9,1,22,9,121.5820161,25.0441886
111,8,5,8,21,2,08士林區,士林區延平北路6段與延平北路6段116巷口,0,0,1,1,C03,8,1,5,30,4,2,1,5,4,5,7,4,4,9,4,5,1,17,1,40,3,10,1,1,7,5,1,10,2,14,,6,6,1,22,9,121.507897,25.08908458
111,8,5,8,21,2,08士林區,士林區延平北路6段與延平北路6段116巷口,0,0,1,2,C03,8,1,5,30,4,2,1,5,4,5,7,4,4,9,4,5,1,17,1,37,2,9,1,1,7,9,1,10,2,11,,23,6,1,22,9,121.507897,25.08908458
111,8,5,8,24,2,12內湖區,內湖區新明路與新明路321巷口,0,0,2,1,C03,8,1,5,50,3,2,1,5,4,5,7,1,1,5,4,5,2,12,2,59,2,9,1,1,7,5,1,10,1,11,,44,44,1,22,9,121.5844293,25.05691032
111,8,5,8,24,2,12內湖區,內湖區新明路與新明路321巷口,0,0,2,2,C03,8,1,5,50,3,2,1,5,4,5,7,1,1,5,4,5,2,12,1,27,3,10,1,1,7,15,1,10,1,11,,4,44,1,22,9,121.5844293,25.05691032
111,8,5,8,24,2,12內湖區,內湖區新明路與新明路321巷口,0,0,2,3,H02,8,1,5,50,3,2,1,5,4,5,7,1,1,5,4,5,2,12,2,26,2,9,4,5,7,21,8,20,10,15,,67,44,1,22,9,121.5844293,25.05691032
111,8,5,8,28,2,07信義區,信義區信義路5段與基隆路2段口,0,0,1,1,C03,8,1,5,50,4,1,1,5,4,5,7,1,1,1,2,5,2,12,1,31,3,10,3,4,7,6,1,10,1,12,,44,44,1,22,9,121.5595809,25.0329141
111,8,5,8,28,2,07信義區,信義區信義路5段與基隆路2段口,0,0,1,2,C03,8,1,5,50,4,1,1,5,4,5,7,1,1,1,2,5,2,12,2,46,2,9,3,4,7,9,1,10,1,12,,16,44,1,22,9,121.5595809,25.0329141
111,8,5,8,28,2,07信義區,信義區信義路5段與基隆路2段口,0,0,1,3,C03,8,1,5,50,4,1,1,5,4,5,7,1,1,1,2,5,2,12,1,59,4,11,3,4,7,9,1,10,11,15,,26,44,2,22,9,121.5595809,25.0329141
111,8,5,8,42,2,02萬華區,萬華區桂林路與柳州街口,0,0,2,1,C03,8,1,5,50,14,9,1,5,4,5,7,1,1,8,3,5,1,11,2,24,2,9,1,1,7,5,1,10,2,11,,6,6,1,22,9,121.5051389,25.0377317
111,8,5,8,42,2,02萬華區,萬華區桂林路與柳州街口,0,0,2,2,C03,8,1,5,50,14,9,1,5,4,5,7,1,1,8,3,5,1,11,1,23,2,9,1,1,7,9,1,10,2,14,,44,6,1,22,9,121.5051389,25.0377317
111,8,5,8,50,2,04大安區,大安區光復南路572號,0,0,3,1,C03,8,1,5,50,14,9,1,5,4,5,7,2,1,1,4,5,2,12,2,30,2,9,3,4,7,9,1,10,1,11,,23,23,1,22,9,121.5573721,25.03415475
111,8,5,8,50,2,04大安區,大安區光復南路572號,0,0,3,2,C03,8,1,5,50,14,9,1,5,4,5,7,2,1,1,4,5,2,12,1,29,2,9,3,4,7,12,1,10,1,14,,44,23,1,22,9,121.5573721,25.03415475
111,8,5,8,50,2,04大安區,大安區光復南路572號,0,0,3,3,C04,8,1,5,50,14,9,1,5,4,5,7,2,1,1,4,5,2,12,2,58,2,9,3,4,7,7,1,11,1,13,,7,23,1,22,9,121.5573721,25.03415475
111,8,5,8,54,2,01大同區,大同區重慶北路3段與民權西路口,0,0,1,1,B01,8,1,5,50,4,1,1,5,4,5,7,1,1,1,4,5,2,17,1,57,3,10,1,1,7,15,1,4,1,5,,16,16,1,22,9,121.5135455,25.063165
111,8,5,8,54,2,01大同區,大同區重慶北路3段與民權西路口,0,0,1,2,C03,8,1,5,50,4,1,1,5,4,5,7,1,1,1,4,5,2,17,2,22,2,9,1,1,7,15,1,10,1,13,,42,16,1,22,9,121.5135455,25.063165
111,8,5,8,54,2,01大同區,大同區重慶北路3段與民權西路口,0,0,1,3,B03,8,1,5,50,4,1,1,5,4,5,7,1,1,1,4,5,2,17,1,34,3,10,1,1,7,6,1,8,1,4,,44,16,1,22,9,121.5135455,25.063165
111,8,5,8,55,2,05中正區,中正區重慶南路1段與漢口街1段口,0,0,2,1,C03,8,1,5,50,4,2,1,5,4,5,7,1,1,7,4,5,1,12,1,28,2,5,1,1,7,9,1,10,2,11,,13,13,1,22,9,121.5132916,25.0452747
111,8,5,8,55,2,05中正區,中正區重慶南路1段與漢口街1段口,0,0,2,2,C03,8,1,5,50,4,2,1,5,4,5,7,1,1,7,4,5,1,12,1,48,2,9,1,1,7,7,1,10,2,13,,7,13,1,22,9,121.5132916,25.0452747
111,8,5,8,58,2,12內湖區,內湖區舊宗路2段與民權東路6段11巷附近口,0,0,1,1,B03,8,1,5,50,14,9,1,5,4,5,7,4,4,5,4,5,2,12,1,58,3,10,1,1,7,11,1,8,1,4,,10,10,1,22,9,121.5755286,25.06755474
111,8,5,8,58,2,12內湖區,內湖區舊宗路2段與民權東路6段11巷附近口,0,0,1,2,C03,8,1,5,50,14,9,1,5,4,5,7,4,4,5,4,5,2,12,1,39,2,9,1,1,7,9,1,10,1,12,,44,10,1,22,9,121.5755286,25.06755474
111,8,5,9,14,2,12內湖區,內湖區行愛路與行愛路140巷口口,0,0,2,1,C03,8,1,5,50,4,2,1,5,4,5,7,2,1,5,5,4,2,12,1,52,2,6,1,1,7,11,1,10,11,12,,10,10,1,22,9,121.5800928,25.06416734
111,8,5,9,14,2,12內湖區,內湖區行愛路與行愛路140巷口口,0,0,2,2,C03,8,1,5,50,4,2,1,5,4,5,7,2,1,5,5,4,2,12,2,56,2,9,1,1,7,9,4,8,11,11,,44,10,1,22,9,121.5800928,25.06416734
111,8,5,9,21,2,09北投區,北投區立德路111號,0,0,1,1,B03,8,1,5,50,14,9,1,5,4,5,7,4,4,9,4,5,1,12,1,49,3,10,1,1,7,11,1,8,1,3,,44,44,1,22,9,121.4717629,25.1261202
111,8,5,9,21,2,09北投區,北投區立德路111號,0,0,1,2,C03,8,1,5,50,14,9,1,5,4,5,7,4,4,9,4,5,1,12,1,33,2,9,1,1,7,9,1,10,1,11,,16,44,1,22,9,121.4717629,25.1261202
111,8,5,9,30,2,04大安區,大安區辛亥路2段與復興南路2段口,0,0,1,1,B12,8,1,5,50,14,8,1,5,4,5,7,4,4,1,4,4,2,14,1,62,3,10,1,1,7,2,1,8,1,3,,12,,1,22,9,121.5431041,25.0210174
111,8,5,9,30,2,04大安區,大安區辛亥路2段與復興南路2段口,0,0,1,2,C03,8,1,5,50,14,8,1,5,4,5,7,4,4,1,4,4,2,14,2,26,2,9,1,1,7,14,1,10,1,11,,44,,1,22,9,121.5431041,25.0210174
111,8,5,9,43,2,10文山區,文山區景興路53巷與景興路53巷4弄口,0,0,1,1,C03,8,1,5,30,4,1,1,5,4,5,7,4,4,10,5,5,2,16,1,42,3,10,1,1,7,6,1,10,1,12,,6,6,1,22,9,121.5453511,24.99678071
111,8,5,9,43,2,10文山區,文山區景興路53巷與景興路53巷4弄口,0,0,1,2,C03,8,1,5,30,4,1,1,5,4,5,7,4,4,10,5,5,2,16,2,21,2,8,1,1,7,9,1,10,1,11,,14,6,1,22,9,121.5453511,24.99678071
111,8,5,9,50,2,03中山區,中山區吉林路與長春路口,0,0,2,1,C03,8,1,5,50,4,1,1,5,4,5,7,2,1,5,4,4,2,16,2,51,2,8,1,4,7,5,1,10,1,12,,6,6,1,22,9,121.5301134,25.0547562
111,8,5,9,50,2,03中山區,中山區吉林路與長春路口,0,0,2,2,C03,8,1,5,50,4,1,1,5,4,5,7,2,1,5,4,4,2,16,1,23,2,9,1,4,7,9,1,10,1,11,,44,6,1,22,9,121.5301134,25.0547562
111,8,5,9,56,2,02萬華區,萬華區艋舺大道與西藏路口,0,0,1,1,B12,8,1,5,50,4,2,1,5,4,5,7,1,1,10,5,5,2,17,1,30,3,10,3,4,7,9,1,8,1,2,,26,26,1,22,9,121.4913757,25.02894457
111,8,5,9,56,2,02萬華區,萬華區艋舺大道與西藏路口,0,0,1,2,C03,8,1,5,50,4,2,1,5,4,5,7,1,1,10,5,5,2,17,2,43,2,9,3,4,7,6,1,10,1,14,,25,26,1,22,9,121.4913757,25.02894457
111,8,5,9,56,2,08士林區,士林區德行東路129巷與忠誠路2段32巷口,0,0,1,1,C03,8,1,5,30,4,2,1,5,4,5,7,4,4,10,5,5,1,15,2,34,2,7,1,1,7,9,1,10,2,14,,6,6,1,22,9,121.529344,25.10939867
111,8,5,9,56,2,08士林區,士林區德行東路129巷與忠誠路2段32巷口,0,0,1,2,B03,8,1,5,30,4,2,1,5,4,5,7,4,4,10,5,5,1,15,2,52,3,10,1,1,7,9,1,8,2,5,,23,6,1,22,9,121.529344,25.10939867
111,8,5,10,5,2,12內湖區,內湖區民權東路6段90巷與民權東路6段90巷16弄口,0,0,1,1,C03,8,1,5,0,4,1,1,5,4,5,7,4,4,10,5,5,2,15,1,40,3,10,1,1,7,9,1,10,11,11,,6,6,2,22,9,121.5860047,25.06790146
111,8,5,10,5,2,12內湖區,內湖區民權東路6段90巷與民權東路6段90巷16弄口,0,0,1,2,C04,8,1,5,0,4,1,1,5,4,5,7,4,4,10,5,5,2,15,1,58,2,9,1,1,7,9,1,10,11,12,,44,6,1,22,9,121.5860047,25.06790146
111,8,5,10,40,2,01大同區,大同區重慶北路3段與重慶北路3段312巷口,0,0,1,1,B03,8,1,5,30,3,1,1,5,4,5,7,4,4,1,4,5,2,16,1,41,3,10,3,4,7,6,1,8,1,7,,6,6,1,22,9,121.5137754,25.0740667
111,8,5,10,40,2,01大同區,大同區重慶北路3段與重慶北路3段312巷口,0,0,1,2,C03,8,1,5,30,3,1,1,5,4,5,7,4,4,1,4,5,2,16,1,33,2,9,3,4,7,9,1,10,1,11,,14,6,1,22,9,121.5137754,25.0740667
111,8,5,10,50,2,07信義區,信義區吳興街156巷65弄與信安街15巷口口,0,0,2,1,B01,8,1,6,50,4,1,1,5,4,5,7,4,4,5,4,5,2,15,1,41,3,10,1,1,7,9,1,8,2,5,,44,44,1,22,9,121.5591347,25.02781782
111,8,5,10,50,2,07信義區,信義區吳興街156巷65弄與信安街15巷口口,0,0,2,2,C04,8,1,6,50,4,1,1,5,4,5,7,4,4,5,4,5,2,15,2,59,2,9,1,1,7,9,1,11,2,12,,6,44,1,22,9,121.5591347,25.02781782
111,8,5,10,50,2,07信義區,信義區吳興街156巷65弄與信安街15巷口口,0,0,2,3,H02,8,1,6,50,4,1,1,5,4,5,7,4,4,5,4,5,2,15,2,61,2,9,4,1,7,19,8,20,10,16,,67,44,1,22,9,121.5591347,25.02781782
111,8,5,11,54,2,02萬華區,萬華區西園路2段240號,0,0,2,1,C03,8,1,5,50,14,9,1,5,4,5,7,4,4,1,4,5,2,12,2,45,2,9,1,1,7,1,1,10,1,14,,19,19,1,22,9,121.4950562,25.02814912
111,8,5,11,54,2,02萬華區,萬華區西園路2段240號,0,0,2,2,C03,8,1,5,50,14,9,1,5,4,5,7,4,4,1,4,5,2,12,2,23,2,9,1,1,7,9,3,18,1,12,,13,19,1,22,9,121.4950562,25.02814912
111,8,5,12,7,2,06松山區,松山區三民路與三民路110巷口,0,0,1,1,G06,8,1,5,30,4,1,1,5,4,5,7,1,1,1,4,5,2,16,2,15,2,9,3,4,7,5,7,19,2,15,,8,8,1,22,9,121.5636734,25.05804752
111,8,5,12,7,2,06松山區,松山區三民路與三民路110巷口,0,0,1,2,B03,8,1,5,30,4,1,1,5,4,5,7,1,1,1,4,5,2,16,1,54,3,10,1,1,7,9,1,8,2,2,,44,8,1,22,9,121.5636734,25.05804752
111,8,5,12,8,2,05中正區,中正區忠孝東路1段138號,0,0,1,1,B02,8,1,5,50,14,9,1,5,4,5,7,4,4,1,4,5,2,12,1,66,3,10,1,1,7,14,1,8,1,4,,40,40,1,22,9,121.5253322,25.0442604
111,8,5,12,8,2,05中正區,中正區忠孝東路1段138號,0,0,1,2,F01,8,1,5,50,14,9,1,5,4,5,7,4,4,1,4,5,2,12,2,27,2,9,1,1,7,9,8,20,1,16,,44,40,1,22,9,121.5253322,25.0442604
111,8,5,12,40,2,08士林區,士林區延平北路7段106巷334號,0,0,1,1,B12,8,1,5,40,14,9,1,5,4,5,7,4,4,10,5,5,1,14,1,68,3,10,1,1,7,2,1,8,2,3,,12,12,1,22,9,121.4957497,25.10703506
111,8,5,12,40,2,08士林區,士林區延平北路7段106巷334號,0,0,1,2,C03,8,1,5,40,14,9,1,5,4,5,7,4,4,10,5,5,1,14,2,51,2,9,1,1,7,9,1,10,2,12,,44,12,1,22,9,121.4957497,25.10703506
111,8,5,12,47,2,01大同區,大同區重慶北路2段與民權西路口,0,0,1,2,C03,8,1,5,50,3,2,1,5,4,5,7,1,1,9,4,5,1,13,1,24,3,10,1,1,7,9,1,10,1,13,,14,16,1,22,9,121.5136746,25.0628944
111,8,5,12,47,2,01大同區,大同區重慶北路2段與民權西路口,0,0,1,1,C03,8,1,5,50,3,2,1,5,4,5,7,1,1,9,4,5,1,13,1,41,2,8,1,1,7,9,1,10,1,14,,16,16,1,22,9,121.5136746,25.0628944
111,8,5,13,17,2,11南港區,南港區南港路1段與南港路1段2巷口,0,0,1,2,C03,8,1,5,50,3,2,1,5,4,5,7,4,4,9,5,5,2,18,2,26,2,9,1,3,7,6,1,10,1,12,,23,61,1,22,9,121.6201742,25.05496492
111,8,5,13,17,2,11南港區,南港區南港路1段與南港路1段2巷口,0,0,1,1,,8,1,5,50,3,2,1,5,4,5,7,4,4,9,5,5,2,18,3,,,,,,,,,,,,,61,61,1,,,121.6201742,25.05496492
111,8,5,13,25,2,09北投區,北投區竹子湖路與陽金公路口,0,0,1,1,C03,8,1,5,40,3,1,1,5,4,5,1,4,4,4,5,5,1,16,1,17,2,9,1,1,7,15,2,18,1,14,,6,6,1,22,9,121.5400969,25.167509
111,8,5,13,25,2,09北投區,北投區竹子湖路與陽金公路口,0,0,1,2,B03,8,1,5,40,3,1,1,5,4,5,1,4,4,4,5,5,1,16,1,61,3,10,1,1,7,15,1,8,1,4,,44,6,1,22,9,121.5400969,25.167509
111,8,5,13,30,2,08士林區,士林區承德路5段與士商路口,0,0,3,1,C03,8,1,5,50,4,2,1,5,4,5,7,1,1,1,4,4,1,13,1,18,2,9,3,4,7,9,1,10,1,11,,23,23,1,22,9,121.5141626,25.09607071
111,8,5,13,30,2,08士林區,士林區承德路5段與士商路口,0,0,3,2,C03,8,1,5,50,4,2,1,5,4,5,7,1,1,1,4,4,1,13,1,30,2,9,3,4,7,14,1,10,1,13,,44,23,1,22,9,121.5141626,25.09607071
111,8,5,13,30,2,08士林區,士林區承德路5段與士商路口,0,0,3,3,B03,8,1,5,50,4,2,1,5,4,5,7,1,1,1,4,4,1,13,2,38,3,10,3,4,7,6,1,8,1,15,,26,23,1,22,9,121.5141626,25.09607071
111,8,5,13,30,2,08士林區,士林區承德路5段與士商路口,0,0,3,4,H02,8,1,5,50,4,2,1,5,4,5,7,1,1,1,4,4,1,13,2,16,2,9,3,5,7,21,8,20,10,15,,67,23,1,22,9,121.5141626,25.09607071
111,8,5,13,51,2,03中山區,中山區樂群一路往東過涵洞未到敬業三路,0,0,1,1,C03,8,1,5,50,14,9,1,5,4,5,7,4,4,1,4,5,1,13,1,23,2,9,1,1,7,9,1,10,1,11,,23,23,1,22,9,121.5541994,25.077162
111,8,5,13,51,2,03中山區,中山區樂群一路往東過涵洞未到敬業三路,0,0,1,2,B03,8,1,5,50,14,9,1,5,4,5,7,4,4,1,4,5,1,13,1,31,3,10,1,1,7,9,1,8,1,3,,44,23,1,22,9,121.5541994,25.077162
111,8,5,14,6,2,06松山區,松山區健康路與健康路3巷口,0,0,1,1,B03,8,1,5,50,4,1,1,5,4,5,7,4,4,8,3,3,2,17,1,58,3,10,3,4,7,5,1,4,1,8,,43,43,1,22,9,121.55256,25.05222993
111,8,5,14,6,2,06松山區,松山區健康路與健康路3巷口,0,0,1,2,C03,8,1,5,50,4,1,1,5,4,5,7,4,4,8,3,3,2,17,1,28,2,9,1,1,7,9,1,10,1,12,,43,43,1,22,9,121.55256,25.05222993
111,8,5,14,9,2,12內湖區,內湖區康樂街61巷與康樂街85巷口,0,0,1,1,C03,8,1,5,30,4,1,1,5,4,5,7,4,4,10,5,5,2,16,1,28,2,9,1,1,7,9,1,10,1,12,,6,6,1,22,9,121.6194905,25.06956495
111,8,5,14,9,2,12內湖區,內湖區康樂街61巷與康樂街85巷口,0,0,1,2,B03,8,1,5,30,4,1,1,5,4,5,7,4,4,10,5,5,2,16,1,40,3,10,1,1,7,9,1,8,1,5,,23,6,1,22,9,121.6194905,25.06956495
111,8,5,14,20,2,03中山區,中山區建國北路2段與建國北路2段151巷口,0,0,1,1,B02,8,1,5,30,4,1,1,5,4,5,7,4,4,1,4,5,2,16,1,57,3,10,3,4,7,6,1,8,1,8,,9,9,1,22,9,121.5372532,25.0618544
111,8,5,14,20,2,03中山區,中山區建國北路2段與建國北路2段151巷口,0,0,1,2,C03,8,1,5,30,4,1,1,5,4,5,7,4,4,1,4,5,2,16,1,32,2,9,1,4,7,9,1,10,1,11,,13,9,1,22,9,121.5372532,25.0618544
111,8,5,14,23,2,03中山區,中山區樂群三路303號,0,0,1,1,B03,8,1,5,50,14,9,1,5,4,5,7,4,4,10,5,5,2,16,1,47,3,10,3,4,7,1,1,8,1,4,,44,44,1,22,9,121.5591667,25.08260872
111,8,5,14,23,2,03中山區,中山區樂群三路303號,0,0,1,2,C03,8,1,5,50,14,9,1,5,4,5,7,4,4,10,5,5,2,16,1,21,2,9,1,2,7,9,1,11,1,11,,23,44,1,22,9,121.5591667,25.08260872
111,8,5,14,38,2,07信義區,信義區吳興街156巷65弄與信安街15巷口口,0,0,1,1,B01,8,1,6,50,4,1,1,5,4,5,7,4,4,5,4,4,2,15,1,60,3,10,1,1,7,9,1,4,2,5,,23,23,1,22,9,121.5591022,25.02778587
111,8,5,14,38,2,07信義區,信義區吳興街156巷65弄與信安街15巷口口,0,0,1,2,C03,8,1,6,50,4,1,1,5,4,5,7,4,4,5,4,4,2,15,1,18,2,9,1,1,7,9,1,10,2,12,,6,23,1,22,9,121.5591022,25.02778587
111,8,5,15,31,2,05中正區,中正區仁愛路1段與林森南路口口,0,0,1,1,C03,8,1,5,50,4,2,1,5,4,5,7,2,1,9,4,5,1,13,2,22,2,9,1,1,7,9,1,10,2,11,,23,23,1,18,5,121.5216379,25.039008
111,8,5,15,31,2,05中正區,中正區仁愛路1段與林森南路口口,0,0,1,2,B12,8,1,5,50,4,2,1,5,4,5,7,2,1,9,4,5,1,13,1,44,3,10,1,1,7,12,1,8,2,3,,44,23,1,21,1,121.5216379,25.039008
111,8,5,15,40,2,02萬華區,萬華區大理街與西園路1段306巷口,0,0,1,1,C03,8,1,5,50,4,1,4,5,4,5,7,4,4,9,5,5,2,15,1,71,2,9,1,1,7,9,1,10,1,11,,6,6,1,22,9,121.4993646,25.03447083
111,8,5,15,40,2,02萬華區,萬華區大理街與西園路1段306巷口,0,0,1,2,B03,8,1,5,50,4,1,4,5,4,5,7,4,4,9,5,5,2,15,1,69,3,10,1,1,7,9,1,8,1,4,,14,6,1,22,9,121.4993646,25.03447083
111,8,5,16,0,2,03中山區,中山區民權東路2段與民權東路2段71巷口,0,0,1,1,B02,7,1,5,50,4,1,1,5,4,5,7,2,1,1,4,5,2,16,1,65,3,10,3,4,7,6,1,8,1,2,,9,9,1,22,9,121.5317928,25.0626273
111,8,5,16,0,2,03中山區,中山區民權東路2段與民權東路2段71巷口,0,0,1,2,C03,7,1,5,50,4,1,1,5,4,5,7,2,1,1,4,5,2,16,2,19,2,9,3,4,7,9,1,10,1,14,,44,9,1,22,9,121.5317928,25.0626273
111,8,5,16,26,2,07信義區,信義區光復南路420號,0,0,1,2,C03,8,1,5,50,14,9,1,5,4,5,7,1,1,1,2,5,2,13,2,31,3,10,1,1,7,9,1,10,11,13,,44,23,1,22,9,121.5576623,25.0373528
111,8,5,16,26,2,07信義區,信義區光復南路420號,0,0,1,1,C03,8,1,5,50,14,9,1,5,4,5,7,1,1,1,2,5,2,13,2,41,2,9,1,1,7,9,1,10,11,11,,23,23,1,22,9,121.5576623,25.0373528
111,8,5,16,32,2,10文山區,文山區羅斯福路6段與景隆街口口,0,0,2,1,C03,8,1,5,50,4,1,1,5,4,5,7,2,1,5,5,5,2,15,1,18,2,8,1,1,7,9,1,10,2,12,,25,25,1,22,9,121.5398346,24.99964352
111,8,5,16,32,2,10文山區,文山區羅斯福路6段與景隆街口口,0,0,2,2,C03,8,1,5,50,4,1,1,5,4,5,7,2,1,5,5,5,2,15,1,61,2,8,1,1,7,9,1,10,2,11,,44,25,1,22,9,121.5398346,24.99964352
111,8,5,16,40,2,03中山區,中山區北安路47號,0,0,1,1,B01,8,1,5,50,14,7,1,5,4,5,7,4,4,1,4,5,2,16,1,55,3,10,1,1,7,5,1,4,1,1,,8,8,1,22,9,121.5284802,25.07766098
111,8,5,16,40,2,03中山區,中山區北安路47號,0,0,1,2,C03,8,1,5,50,14,7,1,5,4,5,7,4,4,1,4,5,2,16,1,32,2,9,1,1,7,9,1,10,1,14,,44,8,1,22,9,121.5284802,25.07766098
111,8,5,16,52,2,02萬華區,萬華區內江街77號,0,0,1,1,C03,8,1,5,50,14,9,1,5,4,5,7,4,4,10,4,5,1,12,1,51,2,9,1,1,7,7,1,10,2,14,,7,7,1,22,9,121.5042863,25.04152706
111,8,5,16,52,2,02萬華區,萬華區內江街77號,0,0,1,2,C03,8,1,5,50,14,9,1,5,4,5,7,4,4,10,4,5,1,12,1,30,3,10,1,1,7,9,6,10,2,12,,44,7,1,22,9,121.5042863,25.04152706
111,8,5,16,57,2,08士林區,士林區德行東路與德行東路74巷口旁,0,0,1,1,B03,8,1,5,50,4,2,1,5,4,3,5,4,4,5,5,5,2,17,2,49,4,11,3,4,7,15,7,19,11,15,,17,17,2,22,9,121.5271239,25.10722882
111,8,5,16,57,2,08士林區,士林區德行東路與德行東路74巷口旁,0,0,1,2,F01,8,1,5,50,4,2,1,5,4,3,5,4,4,5,5,5,2,17,2,45,2,7,1,1,7,9,8,20,1,16,,17,17,1,22,9,121.5271239,25.10722882
111,8,5,17,0,2,06松山區,松山區光復北路189號,0,0,1,1,B03,8,1,5,40,14,9,1,5,4,5,7,4,4,8,3,5,1,16,2,43,3,10,3,1,7,11,1,8,1,8,,10,10,1,22,9,121.5550923,25.05929061
111,8,5,17,0,2,06松山區,松山區光復北路189號,0,0,1,2,C03,8,1,5,40,14,9,1,5,4,5,7,4,4,8,3,5,1,16,2,39,2,9,3,1,7,9,1,10,1,12,,44,10,1,22,9,121.5550923,25.05929061
111,8,5,17,30,2,05中正區,中正區基隆路011號與福和橋口011號路標附近,0,0,4,1,C03,8,1,5,40,14,11,1,5,4,5,7,4,4,1,4,1,1,17,2,53,3,10,1,1,7,15,1,10,2,15,,42,42,1,22,9,121.5325779,25.00916071
111,8,5,17,30,2,05中正區,中正區基隆路011號與福和橋口011號路標附近,0,0,4,2,C03,8,1,5,40,14,11,1,5,4,5,7,4,4,1,4,1,1,17,1,63,2,9,1,1,7,12,1,10,2,13,,44,42,1,22,9,121.5325779,25.00916071
111,8,5,17,30,2,05中正區,中正區基隆路011號與福和橋口011號路標附近,0,0,4,3,C03,8,1,5,40,14,11,1,5,4,5,7,4,4,1,4,1,1,17,1,19,2,9,1,1,7,12,1,10,2,11,,16,42,1,22,9,121.5325779,25.00916071
111,8,5,17,30,2,05中正區,中正區基隆路011號與福和橋口011號路標附近,0,0,4,4,C03,8,1,5,40,14,11,1,5,4,5,7,4,4,1,4,1,1,17,1,67,3,10,1,1,7,9,1,10,2,14,,44,42,1,22,9,121.5325779,25.00916071
111,8,5,17,30,2,05中正區,中正區基隆路011號與福和橋口011號路標附近,0,0,4,5,C03,8,1,5,40,14,11,1,5,4,5,7,4,4,1,4,1,1,17,1,52,3,10,1,1,7,15,1,9,2,11,,16,42,1,22,9,121.5325779,25.00916071
111,8,5,17,30,2,05中正區,中正區基隆路011號與福和橋口011號路標附近,0,0,4,6,C03,8,1,5,40,14,11,1,5,4,5,7,4,4,1,4,1,1,17,1,60,2,9,1,1,7,12,1,10,2,11,,16,42,1,22,9,121.5325779,25.00916071
111,8,5,17,30,2,05中正區,中正區基隆路011號與福和橋口011號路標附近,0,0,4,7,H02,8,1,5,40,14,11,1,5,4,5,7,4,4,1,4,1,1,17,2,18,2,9,1,5,7,20,8,20,10,16,,67,42,1,22,9,121.5325779,25.00916071
111,8,5,17,40,2,05中正區,中正區福和橋往永和,0,0,1,1,C03,8,2,5,40,14,11,1,5,4,5,7,4,4,3,4,2,2,17,1,48,4,11,3,4,7,15,7,19,11,15,,16,16,2,22,9,121.5326178,25.00917507