發生年度,發生月,發生日,發生時-Hours,發生分,處理別-編號,區序,肇事地點,死亡人數,2-30日死亡人數,受傷人數,當事人序號,車種,天候,光線,道路類別,速限-速度限制,道路型態,事故位置,路面狀況1,路面狀況2,路面狀況3,道路障礙1,道路障礙2,號誌1,號誌2,車道劃分-分向,車道劃分-分道1,車道劃分-分道2,車道劃分-分道3,事故類型及型態,性別,年齡,受傷程度,主要傷處,安全帽,行動電話,車輛用途,當事者行動狀態,駕駛資格情形,駕駛執照種類,飲酒情形,車輛撞擊部位1,車輛撞擊部位2,肇因碼-個別,肇因碼-主要,個人肇逃否,職業,旅次目的,座標-X,座標-Y
111,8,5,17,40,2,05中正區,中正區福和橋往永和,0,0,1,2,C03,8,2,5,40,14,11,1,5,4,5,7,4,4,3,4,2,2,17,1,28,2,9,1,1,7,9,1,10,2,13,,16,16,1,22,9,121.5326178,25.00917507
111,8,5,17,40,2,05中正區,中正區福和橋往永和,0,0,1,3,C03,8,2,5,40,14,11,1,5,4,5,7,4,4,3,4,2,2,17,1,42,3,10,1,1,7,9,1,10,2,13,,44,16,1,22,9,121.5326178,25.00917507
111,8,5,17,40,2,08士林區,士林區福林路與忠勇街口,0,0,2,1,C03,8,1,5,50,4,1,1,5,4,5,7,2,1,5,4,5,1,12,1,18,2,8,1,1,7,5,1,10,1,11,,17,17,1,22,9,121.5344492,25.0979507
111,8,5,17,40,2,08士林區,士林區福林路與忠勇街口,0,0,2,2,C02,8,1,5,50,4,1,1,5,4,5,7,2,1,5,4,5,1,12,1,31,2,5,1,1,7,9,1,9,1,12,,44,17,1,22,9,121.5344492,25.0979507
111,8,5,17,40,2,12內湖區,內湖區瑞光路513巷22弄與瑞光路513巷口,0,0,1,1,C03,8,1,5,50,3,1,1,5,4,5,5,4,4,10,4,5,2,12,1,46,3,10,1,1,7,10,1,10,1,11,,7,7,1,22,9,121.5697981,25.07948387
111,8,5,17,40,2,12內湖區,內湖區瑞光路513巷22弄與瑞光路513巷口,0,0,1,2,C03,8,1,5,50,3,1,1,5,4,5,5,4,4,10,4,5,2,12,2,50,2,9,1,1,7,9,1,10,1,11,,44,7,1,22,9,121.5697981,25.07948387
111,8,5,17,45,2,07信義區,信義區市民大道6段312號,0,0,1,1,C03,8,1,5,40,14,9,1,5,4,5,7,2,1,10,4,5,1,13,2,41,2,8,3,4,7,9,1,10,1,11,,23,23,1,22,9,121.579867,25.04887267
111,8,5,17,45,2,07信義區,信義區市民大道6段312號,0,0,1,2,C03,8,1,5,40,14,9,1,5,4,5,7,2,1,10,4,5,1,13,1,27,3,10,3,4,7,14,1,10,1,13,,44,23,1,22,9,121.579867,25.04887267
111,8,5,17,47,2,07信義區,信義區忠孝東路5段與忠孝東路5段345巷口,0,0,1,1,B01,8,1,5,50,4,1,1,5,4,5,7,1,1,1,4,5,2,16,1,59,3,10,1,1,7,5,1,8,1,2,,6,6,1,22,9,121.574042,25.0409894
111,8,5,17,47,2,07信義區,信義區忠孝東路5段與忠孝東路5段345巷口,0,0,1,2,C03,8,1,5,50,4,1,1,5,4,5,7,1,1,1,4,5,2,16,1,21,2,9,1,1,7,9,1,10,1,11,,44,6,1,22,9,121.574042,25.0409894
111,8,5,17,50,2,06松山區,松山區南京東路3段333號,0,0,1,1,B03,8,1,5,50,14,7,1,5,4,5,7,4,4,3,3,4,2,13,1,65,3,10,1,1,7,9,1,8,1,8,,16,16,1,6,3,121.5473757,25.05188082
111,8,5,17,50,2,06松山區,松山區南京東路3段333號,0,0,1,2,B12,8,1,5,50,14,7,1,5,4,5,7,4,4,3,3,4,2,13,2,38,2,2,1,1,7,14,1,8,1,3,,44,16,1,12,3,121.5473757,25.05188082
111,8,5,18,5,2,07信義區,信義區松仁路100號,0,0,1,1,B03,8,1,5,50,14,9,1,5,4,5,7,4,4,1,4,5,2,12,1,34,3,10,1,1,7,8,1,10,1,6,,7,7,1,22,9,121.5682861,25.0340337
111,8,5,18,5,2,07信義區,信義區松仁路100號,0,0,1,2,C03,8,1,5,50,14,9,1,5,4,5,7,4,4,1,4,5,2,12,1,46,2,9,1,1,7,9,1,10,1,11,,44,7,1,22,9,121.5682861,25.0340337
111,8,5,18,10,2,07信義區,信義區東興路37號,0,0,1,1,C03,8,1,5,50,14,9,1,5,4,5,7,2,1,1,4,5,2,13,1,36,2,9,1,1,7,9,1,10,1,11,,23,23,1,21,8,121.5660301,25.04800163
111,8,5,18,10,2,07信義區,信義區東興路37號,0,0,1,2,B03,8,1,5,50,14,9,1,5,4,5,7,2,1,1,4,5,2,13,2,26,3,10,1,1,7,14,1,8,1,7,,44,23,1,21,8,121.5660301,25.04800163
111,8,5,18,20,2,11南港區,南港區市民大道8段與向陽路口,0,0,2,1,C03,8,1,5,50,4,1,1,5,4,5,7,2,1,1,5,5,2,12,2,44,2,8,1,1,7,9,1,10,2,12,,23,23,1,22,9,121.5955676,25.05153406
111,8,5,18,20,2,11南港區,南港區市民大道8段與向陽路口,0,0,2,2,C03,8,1,5,50,4,1,1,5,4,5,7,2,1,1,5,5,2,12,1,39,2,9,1,1,7,12,1,10,2,15,,44,23,1,22,9,121.5955676,25.05153406
111,8,5,18,27,2,01大同區,大同區承德路3段與承德路3段24巷口,0,0,2,1,C03,8,1,5,50,3,2,1,5,4,5,7,4,4,8,3,5,1,16,1,30,2,9,1,1,7,6,1,10,2,12,,9,9,1,22,9,121.5181826,25.06420577
111,8,5,18,27,2,01大同區,大同區承德路3段與承德路3段24巷口,0,0,2,2,C03,8,1,5,50,3,2,1,5,4,5,7,4,4,8,3,5,1,16,1,18,2,9,1,1,7,9,1,10,2,14,,17,9,1,22,9,121.5181826,25.06420577
111,8,5,18,38,2,11南港區,南港區市民大道7段西往東燈桿206號旁,0,0,3,1,C03,8,2,5,50,14,9,1,5,4,5,7,4,4,3,4,5,2,13,1,19,2,9,1,1,7,9,1,10,2,11,,23,23,1,22,9,121.5933604,25.051126
111,8,5,18,38,2,11南港區,南港區市民大道7段西往東燈桿206號旁,0,0,3,2,B03,8,2,5,50,14,9,1,5,4,5,7,4,4,3,4,5,2,13,1,36,2,7,1,1,7,14,1,8,2,6,,44,23,1,22,9,121.5933604,25.051126
111,8,5,18,38,2,11南港區,南港區市民大道7段西往東燈桿206號旁,0,0,3,3,C03,8,2,5,50,14,9,1,5,4,5,7,4,4,3,4,5,2,13,1,30,2,9,1,1,7,9,1,10,2,11,,44,23,1,22,9,121.5933604,25.051126
111,8,5,18,40,2,05中正區,中正區南海路與牯嶺街口,0,0,2,1,B03,8,3,5,30,4,1,1,5,4,5,7,1,1,10,4,5,2,12,2,38,2,9,1,1,7,5,1,8,1,4,,44,44,1,22,9,121.5149579,25.0320293
111,8,5,18,40,2,05中正區,中正區南海路與牯嶺街口,0,0,2,2,C03,8,3,5,30,4,1,1,5,4,5,7,1,1,10,4,5,2,12,1,18,2,9,1,1,7,5,1,10,1,11,,23,44,1,22,9,121.5149579,25.0320293
111,8,5,19,5,2,04大安區,大安區敦化南路1段270巷與仁愛路4段71巷口,0,0,1,1,B03,8,1,5,30,4,1,1,5,4,5,7,4,4,10,5,5,2,15,1,32,3,10,1,1,7,9,1,8,1,1,,6,6,1,22,9,121.548421,25.0368267
111,8,5,19,5,2,04大安區,大安區敦化南路1段270巷與仁愛路4段71巷口,0,0,1,2,C03,8,1,5,30,4,1,1,5,4,5,7,4,4,10,5,5,2,15,1,24,2,9,1,1,7,9,1,10,1,12,,23,6,2,22,9,121.548421,25.0368267
111,8,5,19,10,2,02萬華區,萬華區環河南路1段183號,0,0,1,1,C04,8,3,5,50,11,9,1,5,4,5,7,4,4,5,4,5,2,12,2,22,2,9,1,1,7,7,1,10,2,14,,7,7,1,22,9,121.4984613,25.04056993
111,8,5,19,10,2,02萬華區,萬華區環河南路1段183號,0,0,1,2,B03,8,3,5,50,11,9,1,5,4,5,7,4,4,5,4,5,2,12,1,44,3,10,1,1,7,9,1,8,2,2,,44,7,1,22,9,121.4984613,25.04056993
111,8,5,19,25,2,10文山區,文山區木柵路2段與興隆路4段口口,0,0,1,1,C03,8,4,5,50,4,1,1,5,4,5,7,2,1,4,3,5,1,16,1,40,2,7,1,4,7,1,1,10,1,12,,19,19,1,22,9,121.5603794,24.98872476
111,8,5,19,25,2,10文山區,文山區木柵路2段與興隆路4段口口,0,0,1,2,B03,8,4,5,50,4,1,1,5,4,5,7,2,1,4,3,5,1,16,1,21,3,10,3,4,7,5,1,8,1,4,,44,19,1,22,9,121.5603794,24.98872476
111,8,5,20,6,2,03中山區,中山區中山北路2段與民生西路口,0,0,2,1,C03,8,3,5,50,4,1,1,5,4,5,7,1,1,5,4,5,2,16,1,31,2,9,1,1,7,9,1,10,1,11,,23,23,1,22,9,121.522832,25.0578471
111,8,5,20,6,2,03中山區,中山區中山北路2段與民生西路口,0,0,2,2,C03,8,3,5,50,4,1,1,5,4,5,7,1,1,5,4,5,2,16,1,38,2,9,1,1,7,8,1,10,1,13,,7,23,1,22,9,121.522832,25.0578471
111,8,5,20,18,2,11南港區,南港區研究院路2段54巷與研究院路2段70巷17弄口,0,0,1,1,C03,8,3,5,30,4,2,1,5,4,5,7,4,4,10,5,5,2,16,1,29,2,8,1,1,7,9,1,10,1,11,,6,6,1,22,9,121.6144952,25.04632306
111,8,5,20,18,2,11南港區,南港區研究院路2段54巷與研究院路2段70巷17弄口,0,0,1,2,B12,8,3,5,30,4,2,1,5,4,5,7,4,4,10,5,5,2,16,1,19,3,10,1,1,7,9,1,8,1,4,,14,6,1,22,9,121.6144952,25.04632306
111,8,5,20,28,2,02萬華區,萬華區開封街2段與昆明街口,0,0,2,1,C03,7,3,5,50,4,2,1,5,4,5,7,2,1,10,4,5,1,17,2,23,2,9,3,4,7,5,1,10,1,14,,8,8,1,22,9,121.5058827,25.0468419
111,8,5,20,28,2,02萬華區,萬華區開封街2段與昆明街口,0,0,2,2,C03,7,3,5,50,4,2,1,5,4,5,7,2,1,10,4,5,1,17,1,22,3,10,3,4,7,9,1,10,1,12,,23,8,1,22,9,121.5058827,25.0468419
111,8,5,20,28,2,02萬華區,萬華區開封街2段與昆明街口,0,0,2,3,H02,7,3,5,50,4,2,1,5,4,5,7,2,1,10,4,5,1,17,2,14,2,9,3,5,7,20,8,20,10,16,,67,8,1,22,9,121.5058827,25.0468419
111,8,5,20,50,2,07信義區,信義區永吉路東向西,0,0,1,1,B03,8,1,5,50,14,9,1,5,4,5,7,2,1,10,3,5,2,12,1,34,3,10,1,1,7,9,1,8,1,5,,17,17,1,22,9,121.5676729,25.0458146
111,8,5,20,50,2,07信義區,信義區永吉路東向西,0,0,1,2,C03,8,1,5,50,14,9,1,5,4,5,7,2,1,10,3,5,2,12,2,27,2,8,1,1,7,9,1,10,1,14,,44,17,1,22,9,121.5676729,25.0458146
111,8,5,21,30,2,12內湖區,內湖區港墘路與港墘路82巷口,0,0,1,1,C03,8,3,5,50,4,1,1,5,4,5,7,2,1,1,3,5,1,16,1,50,3,10,1,1,7,5,1,10,1,15,,8,8,1,22,9,121.5778042,25.08073713
111,8,5,21,30,2,12內湖區,內湖區港墘路與港墘路82巷口,0,0,1,2,C03,8,3,5,50,4,1,1,5,4,5,7,2,1,1,3,5,1,16,1,18,2,9,1,1,7,9,1,10,1,14,,42,8,1,22,9,121.5778042,25.08073713
111,8,5,22,0,2,09北投區,北投區泉源路與新民路口,0,0,1,1,B12,8,3,5,30,3,1,1,5,4,5,7,4,4,9,4,5,2,15,1,77,3,10,1,1,7,9,1,8,2,1,,6,6,1,22,9,121.5050036,25.1384743
111,8,5,22,0,2,09北投區,北投區泉源路與新民路口,0,0,1,2,C03,8,3,5,30,3,1,1,5,4,5,7,4,4,9,4,5,2,15,1,37,2,9,1,1,7,9,1,10,2,11,,23,6,1,22,9,121.5050036,25.1384743
111,8,5,22,52,2,02萬華區,萬華區西寧南路與西寧南路71巷口,0,0,1,1,B03,8,3,5,50,3,2,1,5,4,5,7,4,4,5,4,5,2,17,1,21,3,10,1,1,7,11,3,18,1,4,,10,10,1,22,9,121.5069177,25.0461258
111,8,5,22,52,2,02萬華區,萬華區西寧南路與西寧南路71巷口,0,0,1,2,C03,8,3,5,50,3,2,1,5,4,5,7,4,4,5,4,5,2,17,1,33,2,1,1,1,7,9,1,10,1,11,,44,10,1,22,9,121.5069177,25.0461258
111,8,5,23,57,2,03中山區,中山區中原街與錦州街口,0,0,1,1,B03,8,3,5,50,4,1,1,5,4,5,7,1,1,5,5,5,2,2,1,31,3,10,1,1,7,6,3,18,1,2,,15,15,1,22,9,121.5289387,25.0603434
111,8,5,23,57,2,03中山區,中山區中原街與錦州街口,0,0,1,2,H01,8,3,5,50,4,1,1,5,4,5,7,1,1,5,5,5,2,2,2,48,2,9,4,5,8,16,8,20,1,16,,67,15,1,22,9,121.5289387,25.0603434
111,8,6,1,0,2,04大安區,大安區仁愛路4段266巷與仁愛路4段口,0,0,1,1,C03,8,3,5,50,4,1,1,5,4,5,7,1,1,1,4,4,1,15,1,28,2,9,1,1,7,9,3,18,1,12,,25,25,1,22,9,121.5529675,25.0379639
111,8,6,1,0,2,04大安區,大安區仁愛路4段266巷與仁愛路4段口,0,0,1,2,B01,8,3,5,50,4,1,1,5,4,5,7,1,1,1,4,4,1,15,1,57,3,10,1,1,7,9,1,8,1,1,,44,25,1,22,9,121.5529675,25.0379639
111,8,6,3,46,2,02萬華區,萬華區萬大路與東園街口,0,0,1,1,B12,8,3,5,30,4,1,2,5,4,5,7,1,1,1,4,5,2,16,1,58,3,10,1,1,7,5,1,8,2,2,,23,23,1,22,9,121.4986388,25.02165094
111,8,6,3,46,2,02萬華區,萬華區萬大路與東園街口,0,0,1,2,C03,8,3,5,30,4,1,2,5,4,5,7,1,1,1,4,5,2,16,1,29,2,8,1,1,7,9,1,10,2,11,,13,23,1,22,9,121.4986388,25.02165094
111,8,6,6,4,2,02萬華區,萬華區萬大路277巷與萬大路口,0,0,1,1,B03,8,1,5,30,4,2,1,5,4,5,7,1,1,10,5,5,1,12,1,46,3,10,1,4,7,8,1,8,1,2,,7,7,1,22,9,121.5005244,25.0253729
111,8,6,6,4,2,02萬華區,萬華區萬大路277巷與萬大路口,0,0,1,2,C03,8,1,5,30,4,2,1,5,4,5,7,1,1,10,5,5,1,12,1,78,2,9,1,4,7,9,1,10,1,14,,44,7,1,22,9,121.5005244,25.0253729
111,8,6,6,42,2,11南港區,南港區中南街與南港路1段口,0,0,1,1,A12,8,1,5,50,3,2,1,5,4,5,7,2,1,10,5,5,2,16,1,21,3,10,1,1,7,5,1,7,2,4,,26,26,1,22,9,121.6152489,25.055093
111,8,6,6,42,2,11南港區,南港區中南街與南港路1段口,0,0,1,2,C03,8,1,5,50,3,2,1,5,4,5,7,2,1,10,5,5,2,16,1,47,2,9,1,1,7,14,1,10,2,14,,44,26,1,22,9,121.6152489,25.055093
111,8,6,7,25,2,03中山區,中山區龍江路318巷與龍江路口,0,0,2,1,C03,8,1,5,30,4,1,1,5,4,5,7,4,4,10,5,5,2,15,2,73,2,9,1,1,7,9,1,10,1,11,,6,6,1,22,9,121.5409465,25.06475231
111,8,6,7,25,2,03中山區,中山區龍江路318巷與龍江路口,0,0,2,2,C03,8,1,5,30,4,1,1,5,4,5,7,4,4,10,5,5,2,15,1,34,2,9,1,1,7,9,3,18,1,11,,13,6,1,22,9,121.5409465,25.06475231
111,8,6,7,25,2,12內湖區,內湖區新明路426巷與南京東路6段口,0,0,1,1,G06,8,1,5,50,5,1,1,5,4,5,7,1,1,1,5,5,2,11,1,30,3,10,3,1,7,15,7,19,1,15,,23,23,1,22,9,121.5790685,25.05574236
111,8,6,7,25,2,12內湖區,內湖區新明路426巷與南京東路6段口,0,0,1,2,C03,8,1,5,50,5,1,1,5,4,5,7,1,1,1,5,5,2,11,1,31,2,7,1,1,7,9,1,10,1,11,,44,23,1,22,9,121.5790685,25.05574236
111,8,6,7,28,2,09北投區,北投區大度路1段11-11號,0,0,2,1,C01,8,1,5,70,15,12,1,5,4,5,7,4,4,10,4,5,2,16,1,26,2,8,1,1,7,8,1,9,1,12,,7,7,1,22,9,121.4980274,25.12105269
111,8,6,7,28,2,09北投區,北投區大度路1段11-11號,0,0,2,2,C03,8,1,5,70,15,12,1,5,4,5,7,4,4,10,4,5,2,16,1,20,2,9,1,1,7,9,1,10,1,11,,44,7,1,22,9,121.4980274,25.12105269
111,8,6,7,30,2,02萬華區,萬華區西藏路133號停車場出入口,0,0,1,1,B03,8,1,5,50,15,13,1,5,4,5,7,4,4,1,4,5,2,12,1,38,3,10,1,1,7,6,1,8,1,8,,17,17,1,22,9,121.5017735,25.02943853
111,8,6,7,30,2,02萬華區,萬華區西藏路133號停車場出入口,0,0,1,2,C03,8,1,5,50,15,13,1,5,4,5,7,4,4,1,4,5,2,12,1,52,2,9,1,1,7,6,1,10,1,12,,17,17,1,22,9,121.5017735,25.02943853
111,8,6,7,36,2,01大同區,大同區民權西路與蘭州街口,0,0,4,1,G01,8,1,5,50,4,1,1,5,4,5,7,2,1,1,5,5,2,15,1,76,2,9,2,1,7,9,3,18,2,1,,25,25,1,22,9,121.5147021,25.06288055
111,8,6,7,36,2,01大同區,大同區民權西路與蘭州街口,0,0,4,2,C03,8,1,5,50,4,1,1,5,4,5,7,2,1,1,5,5,2,15,1,39,2,9,1,1,7,9,1,10,2,11,,44,25,1,22,9,121.5147021,25.06288055
111,8,6,7,36,2,01大同區,大同區民權西路與蘭州街口,0,0,4,3,C03,8,1,5,50,4,1,1,5,4,5,7,2,1,1,5,5,2,15,1,45,2,9,1,1,7,9,1,10,2,11,,44,25,1,22,9,121.5147021,25.06288055
111,8,6,7,36,2,01大同區,大同區民權西路與蘭州街口,0,0,4,4,H02,8,1,5,50,4,1,1,5,4,5,7,2,1,1,5,5,2,15,2,42,2,9,4,5,7,21,8,20,10,16,,67,25,1,22,9,121.5147021,25.06288055
111,8,6,8,5,2,12內湖區,內湖區內湖路2段152-1號前,0,0,1,1,B03,8,1,5,50,14,9,4,5,4,5,7,4,4,5,5,5,2,16,1,23,3,10,1,1,7,11,1,8,1,4,,10,10,1,22,9,121.5828672,25.07967209
111,8,6,8,5,2,12內湖區,內湖區內湖路2段152-1號前,0,0,1,2,C03,8,1,5,50,14,9,4,5,4,5,7,4,4,5,5,5,2,16,1,23,2,8,1,1,7,9,1,9,1,11,,23,10,1,22,9,121.5828672,25.07967209
111,8,6,8,45,2,08士林區,士林區忠義街與忠義街123巷口,0,0,1,1,B03,8,1,5,30,4,1,1,5,4,5,7,4,4,5,5,5,2,15,2,51,3,10,1,1,7,9,1,8,1,1,,6,6,1,22,9,121.5327111,25.1076749
111,8,6,8,45,2,08士林區,士林區忠義街與忠義街123巷口,0,0,1,2,C03,8,1,5,30,4,1,1,5,4,5,7,4,4,5,5,5,2,15,1,25,2,9,1,1,7,9,1,10,1,12,,14,6,1,22,9,121.5327111,25.1076749
111,8,6,8,53,2,03中山區,中山區長春路20號,0,0,2,1,C03,8,1,5,40,14,8,1,5,4,5,7,4,4,9,4,4,2,16,1,33,2,8,1,1,7,1,1,10,2,11,14,19,19,1,22,9,121.5232767,25.05493278
111,8,6,8,53,2,03中山區,中山區長春路20號,0,0,2,2,C03,8,1,5,40,14,8,1,5,4,5,7,4,4,9,4,4,2,16,1,37,2,9,1,1,7,9,1,10,2,12,,44,19,1,22,9,121.5232767,25.05493278
111,8,6,9,24,2,06松山區,松山區八德路3段158巷與光復南路32巷口,0,0,1,1,B12,8,1,5,50,4,1,1,5,4,5,7,3,1,9,4,5,2,15,1,33,3,10,1,1,7,11,1,8,11,1,,23,23,1,22,9,121.5552952,25.0463965
111,8,6,9,24,2,06松山區,松山區八德路3段158巷與光復南路32巷口,0,0,1,2,F01,8,1,5,50,4,1,1,5,4,5,7,3,1,9,4,5,2,15,1,67,2,9,1,1,7,9,8,20,11,16,,44,23,1,22,9,121.5552952,25.0463965
111,8,6,9,27,2,07信義區,信義區松信路與永吉路200巷24弄口,0,0,1,1,B12,8,1,5,50,4,1,1,5,4,5,7,2,1,9,4,4,1,16,1,59,3,10,3,4,7,5,1,8,1,5,,6,6,1,22,9,121.5721193,25.0446429
111,8,6,9,27,2,07信義區,信義區松信路與永吉路200巷24弄口,0,0,1,2,C03,8,1,5,50,4,1,1,5,4,5,7,2,1,9,4,4,1,16,1,32,2,9,3,4,7,9,1,10,1,11,,13,6,1,22,9,121.5721193,25.0446429
111,8,6,10,10,2,02萬華區,萬華區西園路2段270號,0,0,1,1,C04,8,1,5,50,14,9,1,5,4,4,7,1,1,1,4,5,2,17,2,33,2,9,1,1,7,1,1,10,1,14,,19,19,1,22,9,121.4944772,25.02763744
111,8,6,10,10,2,02萬華區,萬華區西園路2段270號,0,0,1,2,B03,8,1,5,50,14,9,1,5,4,4,7,1,1,1,4,5,2,17,1,36,3,10,1,1,7,9,1,8,1,2,,44,19,1,22,9,121.4944772,25.02763744
111,8,6,10,20,2,02萬華區,萬華區康定路與康定路25巷口,0,0,1,1,C03,8,1,5,40,4,2,1,5,4,5,7,4,4,5,5,5,2,17,1,30,2,9,1,1,7,5,1,10,1,11,,6,6,1,22,9,121.5027511,25.04401116
111,8,6,10,20,2,02萬華區,萬華區康定路與康定路25巷口,0,0,1,2,B03,8,1,5,40,4,2,1,5,4,5,7,4,4,5,5,5,2,17,1,36,3,10,1,1,7,9,1,8,1,4,,14,6,1,22,9,121.5027511,25.04401116
111,8,6,10,22,2,01大同區,大同區塔城街南往北(捷運北門站2號出口),0,0,1,1,C03,8,1,5,50,14,9,1,5,4,5,7,4,4,8,3,5,1,12,2,65,2,9,1,1,7,7,1,10,2,14,,7,7,1,22,9,121.5104799,25.04964314
111,8,6,10,22,2,01大同區,大同區塔城街南往北(捷運北門站2號出口),0,0,1,2,B01,8,1,5,50,14,9,1,5,4,5,7,4,4,8,3,5,1,12,1,60,3,10,1,1,7,9,1,8,2,5,,23,7,1,22,9,121.5104799,25.04964314
111,8,6,10,24,2,03中山區,中山區林森北路107巷與南京東路1段132巷口,0,0,1,1,B01,8,1,5,30,4,1,1,5,4,5,7,4,4,10,5,5,2,16,1,62,3,10,3,4,7,11,1,10,1,8,,6,,1,10,9,121.5267081,25.0499344
111,8,6,10,24,2,03中山區,中山區林森北路107巷與南京東路1段132巷口,0,0,1,2,C03,8,1,5,30,4,1,1,5,4,5,7,4,4,10,5,5,2,16,1,28,2,7,3,2,7,9,1,10,1,11,,13,,1,22,9,121.5267081,25.0499344
111,8,6,10,25,2,05中正區,中正區中華路1段與貴陽街1段口,0,0,1,1,C03,8,1,5,50,4,1,1,5,4,5,7,1,1,1,4,5,2,12,2,38,3,10,1,1,7,5,1,10,2,15,,8,8,1,22,9,121.5076764,25.0392081
111,8,6,10,25,2,05中正區,中正區中華路1段與貴陽街1段口,0,0,1,2,C03,8,1,5,50,4,1,1,5,4,5,7,1,1,1,4,5,2,12,1,32,2,9,1,1,7,9,1,10,2,11,,44,8,1,22,9,121.5076764,25.0392081
111,8,6,10,26,2,08士林區,士林區中山北路6段與福國路口,0,0,1,1,B03,8,1,5,50,3,2,1,5,4,5,7,1,1,1,5,5,1,12,2,59,3,10,1,1,7,8,1,8,1,2,,7,7,1,22,9,121.5254862,25.10271472
111,8,6,10,26,2,08士林區,士林區中山北路6段與福國路口,0,0,1,2,C03,8,1,5,50,3,2,1,5,4,5,7,1,1,1,5,5,1,12,2,66,2,9,1,1,7,9,1,10,1,14,,44,7,1,22,9,121.5254862,25.10271472
111,8,6,10,40,2,03中山區,中山區民族東路410巷2弄與民族東路410巷口,0,0,1,1,B03,8,1,5,50,14,9,1,5,4,5,7,4,4,5,5,5,2,16,1,62,3,10,1,1,7,7,1,8,1,8,,23,23,1,22,9,121.538131,25.06684582
111,8,6,10,40,2,03中山區,中山區民族東路410巷2弄與民族東路410巷口,0,0,1,2,C03,8,1,5,50,14,9,1,5,4,5,7,4,4,5,5,5,2,16,2,51,2,9,1,1,7,9,1,10,1,14,,44,23,1,22,9,121.538131,25.06684582
111,8,6,10,40,2,03中山區,中山區民族東路410巷2弄與民族東路410巷口,0,0,1,3,B01,8,1,5,50,14,9,1,5,4,5,7,4,4,5,5,5,2,16,1,54,4,11,3,4,7,15,7,19,11,15,,38,23,2,22,9,121.538131,25.06684582
111,8,6,10,40,2,03中山區,中山區民權東路3段39巷與民權東路3段口,0,0,2,1,C03,8,1,5,50,4,1,1,5,4,5,7,1,1,1,3,5,1,16,2,30,2,9,1,1,7,6,1,10,1,12,,9,9,1,22,9,121.5425853,25.0624614
111,8,6,10,40,2,03中山區,中山區民權東路3段39巷與民權東路3段口,0,0,2,2,C03,8,1,5,50,4,1,1,5,4,5,7,1,1,1,3,5,1,16,2,32,2,9,1,1,7,9,1,10,1,14,,44,9,1,22,9,121.5425853,25.0624614
111,8,6,10,55,2,08士林區,士林區福林路與自祥街口,0,0,1,1,C03,8,1,5,50,3,2,1,5,4,5,7,1,1,5,4,5,2,16,1,55,3,10,1,1,7,6,1,10,1,13,,9,9,1,22,9,121.5329366,25.09690092
111,8,6,10,55,2,08士林區,士林區福林路與自祥街口,0,0,1,2,C03,8,1,5,50,3,2,1,5,4,5,7,1,1,5,4,5,2,16,1,27,2,9,1,1,7,9,1,10,1,11,,13,9,1,22,9,121.5329366,25.09690092
111,8,6,11,0,2,07信義區,信義區基隆路2段與嘉興街口,0,0,1,1,C04,8,1,5,50,3,1,1,5,4,5,7,4,4,1,4,5,2,13,2,24,2,7,1,1,7,6,1,10,9,12,,23,23,1,22,9,121.5590444,25.0325128
111,8,6,11,0,2,07信義區,信義區基隆路2段與嘉興街口,0,0,1,2,,8,1,5,50,3,1,1,5,4,5,7,4,4,1,4,5,2,13,4,,4,11,3,4,7,15,7,19,11,15,,43,23,2,22,9,121.5590444,25.0325128
111,8,6,11,7,2,03中山區,中山區農安街28-2號,0,0,2,1,B01,8,1,5,50,14,8,1,5,4,5,7,4,4,9,4,4,2,17,1,59,3,10,1,3,7,14,1,4,1,2,,38,38,1,22,9,121.5264024,25.0648078
111,8,6,11,7,2,03中山區,中山區農安街28-2號,0,0,2,2,C03,8,1,5,50,14,8,1,5,4,5,7,4,4,9,4,4,2,17,2,47,2,9,1,1,7,9,1,10,1,14,12,44,38,1,22,9,121.5264024,25.0648078
111,8,6,11,7,2,03中山區,中山區農安街28-2號,0,0,2,3,C03,8,1,5,50,14,8,1,5,4,5,7,4,4,9,4,4,2,17,1,36,3,10,1,1,7,13,1,10,1,13,14,44,38,1,22,9,121.5264024,25.0648078
111,8,6,11,7,2,03中山區,中山區農安街28-2號,0,0,2,4,C03,8,1,5,50,14,8,1,5,4,5,7,4,4,9,4,4,2,17,1,28,3,10,1,1,7,13,1,10,1,12,,44,38,1,22,9,121.5264024,25.0648078
111,8,6,11,7,2,03中山區,中山區農安街28-2號,0,0,2,5,H02,8,1,5,50,14,8,1,5,4,5,7,4,4,9,4,4,2,17,2,32,3,10,4,5,7,19,8,20,10,16,,56,38,1,22,9,121.5264024,25.0648078
111,8,6,11,7,2,03中山區,中山區農安街28-2號,0,0,2,6,H02,8,1,5,50,14,8,1,5,4,5,7,4,4,9,4,4,2,17,1,16,2,9,4,5,7,20,8,20,10,16,,67,38,1,22,9,121.5264024,25.0648078
111,8,6,11,10,2,03中山區,中山區建國高架道往北1.8公里處,0,0,1,1,B03,8,1,5,70,10,9,1,5,4,5,7,4,4,1,4,5,2,17,1,27,2,9,3,4,7,21,1,8,8,15,,21,21,1,22,9,121.5370168,25.0553144
111,8,6,11,10,2,03中山區,中山區建國高架道往北1.8公里處,0,0,1,2,B12,8,1,5,70,10,9,1,5,4,5,7,4,4,1,4,5,2,17,1,22,3,10,3,4,7,9,1,8,2,7,,44,21,1,22,9,121.5370168,25.0553144
111,8,6,11,10,2,03中山區,中山區建國高架道往北1.8公里處,0,0,1,3,B03,8,1,5,70,10,9,1,5,4,5,7,4,4,1,4,5,2,17,1,58,3,10,3,4,7,9,1,8,2,7,,44,21,1,22,9,121.5370168,25.0553144