發生年度,發生月,發生日,發生時-Hours,發生分,處理別-編號,區序,肇事地點,死亡人數,2-30日死亡人數,受傷人數,當事人序號,車種,天候,光線,道路類別,速限-速度限制,道路型態,事故位置,路面狀況1,路面狀況2,路面狀況3,道路障礙1,道路障礙2,號誌1,號誌2,車道劃分-分向,車道劃分-分道1,車道劃分-分道2,車道劃分-分道3,事故類型及型態,性別,年齡,受傷程度,主要傷處,安全帽,行動電話,車輛用途,當事者行動狀態,駕駛資格情形,駕駛執照種類,飲酒情形,車輛撞擊部位1,車輛撞擊部位2,肇因碼-個別,肇因碼-主要,個人肇逃否,職業,旅次目的,座標-X,座標-Y
111,8,6,11,20,2,03中山區,中山區建國北路1段11巷與建國北路1段口,0,0,2,1,C03,8,1,5,50,4,1,1,5,4,5,7,4,4,1,3,5,1,12,1,78,2,8,1,1,7,3,1,10,1,14,,18,18,1,22,9,121.5369281,25.04657267
111,8,6,11,20,2,03中山區,中山區建國北路1段11巷與建國北路1段口,0,0,2,2,C03,8,1,5,50,4,1,1,5,4,5,7,4,4,1,3,5,1,12,1,38,2,7,1,1,7,9,1,10,1,11,,14,18,1,22,9,121.5369281,25.04657267
111,8,6,11,23,2,04大安區,大安區金山南路2段與金華街口,0,0,1,1,B01,8,1,5,0,4,1,1,5,4,5,7,1,1,1,4,5,2,16,1,66,3,10,1,1,7,5,1,4,1,6,,8,8,1,22,9,121.5266413,25.0301784
111,8,6,11,23,2,04大安區,大安區金山南路2段與金華街口,0,0,1,2,C03,8,1,5,0,4,1,1,5,4,5,7,1,1,1,4,5,2,16,1,35,2,9,1,1,7,9,1,10,1,11,,13,8,1,22,9,121.5266413,25.0301784
111,8,6,11,33,2,03中山區,中山區大直橋往北,0,0,1,1,B03,8,1,5,50,14,9,1,5,4,5,7,4,4,1,3,5,1,17,1,69,3,10,1,1,7,10,1,8,2,6,,7,7,1,22,9,121.5444634,25.07591989
111,8,6,11,33,2,03中山區,中山區大直橋往北,0,0,1,2,C03,8,1,5,50,14,9,1,5,4,5,7,4,4,1,3,5,1,17,1,21,2,9,1,1,7,9,1,10,2,11,,23,7,1,22,9,121.5444634,25.07591989
111,8,6,12,0,2,12內湖區,內湖區東湖路113巷70弄與東湖路113巷口,0,0,1,1,B11,8,1,5,50,3,1,1,5,4,5,7,4,4,9,5,5,2,17,1,33,3,10,1,1,7,5,1,2,1,8,,8,8,1,22,9,121.615788,25.07136469
111,8,6,12,0,2,12內湖區,內湖區東湖路113巷70弄與東湖路113巷口,0,0,1,2,C03,8,1,5,50,3,1,1,5,4,5,7,4,4,9,5,5,2,17,1,30,2,7,1,1,7,9,1,10,1,11,,44,8,1,22,9,121.615788,25.07136469
111,8,6,12,26,2,08士林區,士林區故宮路與至善路2段口,0,0,1,1,C03,8,1,5,50,4,1,1,5,4,5,7,1,1,1,4,5,2,12,2,40,2,9,1,1,7,5,1,10,1,14,,17,17,1,22,9,121.5465979,25.09810985
111,8,6,12,26,2,08士林區,士林區故宮路與至善路2段口,0,0,1,2,B03,8,1,5,50,4,1,1,5,4,5,7,1,1,1,4,5,2,12,2,28,3,10,1,1,7,5,1,8,1,2,,17,17,1,22,9,121.5465979,25.09810985
111,8,6,13,16,2,02萬華區,萬華區忠孝橋往台北市機車道,0,0,1,1,C03,8,1,5,40,14,11,1,5,4,5,7,4,4,2,5,5,2,12,1,21,3,10,1,1,7,9,1,10,1,15,,23,23,1,22,9,121.5060188,25.04887335
111,8,6,13,16,2,02萬華區,萬華區忠孝橋往台北市機車道,0,0,1,2,C03,8,1,5,40,14,11,1,5,4,5,7,4,4,2,5,5,2,12,2,43,2,9,1,1,7,13,3,18,1,15,,42,23,1,22,9,121.5060188,25.04887335
111,8,6,13,31,2,04大安區,大安區和平東路3段與基隆路2段口,0,0,1,1,C03,8,1,5,40,4,2,1,5,4,5,7,1,1,1,3,4,1,12,2,40,2,8,1,1,7,9,1,10,1,14,,44,44,1,22,9,121.5524479,25.0241846
111,8,6,13,31,2,04大安區,大安區和平東路3段與基隆路2段口,0,0,1,2,B03,8,1,5,40,4,2,1,5,4,5,7,1,1,1,3,4,1,12,1,35,3,10,1,1,7,9,1,8,1,2,,23,44,1,22,9,121.5524479,25.0241846
111,8,6,13,35,2,03中山區,中山區吉林路108巷與吉林路108巷口,0,0,1,1,B03,8,1,5,30,3,1,1,5,4,5,7,4,4,10,5,5,2,16,1,61,3,10,1,1,7,5,1,8,1,8,,6,6,1,22,9,121.5300776,25.05338772
111,8,6,13,35,2,03中山區,中山區吉林路108巷與吉林路108巷口,0,0,1,2,C03,8,1,5,30,3,1,1,5,4,5,7,4,4,10,5,5,2,16,1,64,2,9,1,1,7,9,1,10,1,11,,14,6,1,22,9,121.5300776,25.05338772
111,8,6,13,52,2,04大安區,大安區和平東路3段與基隆路2段口,0,0,1,1,B03,8,1,5,50,4,1,1,5,4,5,7,1,1,1,3,5,2,13,1,47,3,10,1,1,7,9,1,4,2,1,,23,23,1,22,9,121.5527819,25.02421509
111,8,6,13,52,2,04大安區,大安區和平東路3段與基隆路2段口,0,0,1,2,B03,8,1,5,50,4,1,1,5,4,5,7,1,1,1,3,5,2,13,1,47,3,10,1,1,7,9,1,8,2,1,,23,23,1,22,9,121.5527819,25.02421509
111,8,6,13,52,2,04大安區,大安區和平東路3段與基隆路2段口,0,0,1,3,C02,8,1,5,50,4,1,1,5,4,5,7,1,1,1,3,5,2,13,1,28,2,9,1,1,7,14,1,9,2,13,,44,23,1,22,9,121.5527819,25.02421509
111,8,6,14,15,2,05中正區,中正區金門街12巷與金門街12巷23弄口,0,0,2,1,C03,8,1,5,30,3,1,1,5,4,5,7,4,4,10,5,5,2,10,1,62,2,7,1,1,7,4,1,10,1,11,,1,1,1,22,9,121.5226971,25.0226057
111,8,6,14,15,2,05中正區,中正區金門街12巷與金門街12巷23弄口,0,0,2,2,C03,8,1,5,30,3,1,1,5,4,5,7,4,4,10,5,5,2,10,1,55,2,7,1,1,7,9,1,10,1,11,,44,1,1,22,9,121.5226971,25.0226057
111,8,6,14,45,2,08士林區,士林區中正路627號,0,0,3,1,B01,8,1,5,50,14,9,1,5,4,5,7,4,4,1,4,5,2,12,1,51,3,10,1,1,7,7,1,4,2,8,,7,7,1,22,9,121.5086485,25.08637235
111,8,6,14,45,2,08士林區,士林區中正路627號,0,0,3,2,C03,8,1,5,50,14,9,1,5,4,5,7,4,4,1,4,5,2,12,2,33,2,9,1,1,7,9,1,10,2,12,,44,7,1,22,9,121.5086485,25.08637235
111,8,6,14,45,2,08士林區,士林區中正路627號,0,0,3,3,H02,8,1,5,50,14,9,1,5,4,5,7,4,4,1,4,5,2,12,1,6,2,9,1,5,7,20,8,20,10,16,,67,7,1,22,9,121.5086485,25.08637235
111,8,6,14,45,2,08士林區,士林區中正路627號,0,0,3,4,H02,8,1,5,50,14,9,1,5,4,5,7,4,4,1,4,5,2,12,1,5,2,9,1,5,7,20,8,20,10,16,,67,7,1,22,9,121.5086485,25.08637235
111,8,6,15,26,2,07信義區,信義區基隆路1段與基隆路1段147巷口,0,0,1,1,C03,8,1,5,50,3,1,1,5,4,5,7,4,4,10,4,5,1,16,1,42,3,10,3,4,7,6,1,10,1,12,,9,9,1,22,9,121.5654539,25.04267167
111,8,6,15,26,2,07信義區,信義區基隆路1段與基隆路1段147巷口,0,0,1,2,C03,8,1,5,50,3,1,1,5,4,5,7,4,4,10,4,5,1,16,2,22,2,2,3,4,7,9,1,10,1,14,,14,9,1,22,9,121.5654539,25.04267167
111,8,6,15,30,2,01大同區,大同區民生西路與民樂街口,0,0,1,1,B03,8,1,5,50,14,9,1,5,4,5,7,4,4,9,4,5,2,12,2,21,3,10,3,4,7,6,1,8,1,8,,9,9,1,22,9,121.5109357,25.0568169
111,8,6,15,30,2,01大同區,大同區民生西路與民樂街口,0,0,1,2,C03,8,1,5,50,14,9,1,5,4,5,7,4,4,9,4,5,2,12,1,27,2,9,1,4,7,9,1,10,1,14,,44,9,1,22,9,121.5109357,25.0568169
111,8,6,15,46,2,04大安區,大安區忠孝東路4段216巷與仁愛路4段345巷4弄口,0,0,2,1,C03,8,1,5,0,4,2,1,5,4,5,7,4,4,5,5,5,2,16,2,46,2,9,1,1,7,5,1,10,1,12,,26,26,1,22,9,121.5529549,25.0389393
111,8,6,15,46,2,04大安區,大安區忠孝東路4段216巷與仁愛路4段345巷4弄口,0,0,2,2,C03,8,1,5,0,4,2,1,5,4,5,7,4,4,5,5,5,2,16,1,19,2,9,1,1,7,9,1,10,1,11,,44,26,1,22,9,121.5529549,25.0389393
111,8,6,15,47,2,08士林區,士林區中山北路6段與福國路口,0,0,1,1,B03,8,1,5,50,3,1,1,5,4,5,7,1,1,1,4,4,2,12,1,28,4,11,3,4,7,15,7,19,11,15,,43,43,2,22,9,121.5255747,25.1025767
111,8,6,15,47,2,08士林區,士林區中山北路6段與福國路口,0,0,1,2,C01,8,1,5,50,3,1,1,5,4,5,7,1,1,1,4,4,2,12,1,37,2,9,1,1,7,9,1,9,1,12,,43,43,1,22,9,121.5255747,25.1025767
111,8,6,15,50,2,05中正區,中正區市民大道2段與林森北路口,0,0,1,1,C03,8,1,5,40,4,1,1,5,4,5,7,1,1,1,4,5,2,12,1,54,3,10,1,1,7,8,1,10,2,13,,7,7,1,22,9,121.5241682,25.0476722
111,8,6,15,50,2,05中正區,中正區市民大道2段與林森北路口,0,0,1,2,C03,8,1,5,40,4,1,1,5,4,5,7,1,1,1,4,5,2,12,1,22,2,9,1,1,7,9,1,10,2,11,,44,7,1,22,9,121.5241682,25.0476722
111,8,6,16,0,2,09北投區,北投區中心街新民國中大門前,0,0,1,1,H03,8,1,8,0,14,9,5,5,4,1,7,4,4,10,5,5,2,9,2,42,3,10,3,4,8,20,8,20,10,16,,67,67,1,22,9,121.5100761,25.13853466
111,8,6,16,0,2,09北投區,北投區中心街新民國中大門前,0,0,1,2,C03,8,1,8,0,14,9,5,5,4,1,7,4,4,10,5,5,2,9,2,64,2,1,3,4,7,9,1,10,9,11,,43,67,1,22,9,121.5100761,25.13853466
111,8,6,16,46,2,07信義區,信義區福德街242號,0,0,1,1,A04,8,1,5,50,14,9,1,5,4,5,7,4,4,9,4,5,1,12,1,60,4,11,3,4,7,15,7,19,1,15,,23,23,2,22,9,121.5851047,25.03859215
111,8,6,16,46,2,07信義區,信義區福德街242號,0,0,1,2,C04,8,1,5,50,14,9,1,5,4,5,7,4,4,9,4,5,1,12,1,38,2,7,3,4,7,9,1,10,2,14,,44,23,1,22,9,121.5851047,25.03859215
111,8,6,16,46,2,07信義區,信義區福德街242號,0,0,1,3,B12,8,1,5,50,14,9,1,5,4,5,7,4,4,9,4,5,1,12,1,38,3,10,3,4,7,13,1,8,2,15,,50,23,1,22,9,121.5851047,25.03859215
111,8,6,16,47,2,03中山區,中山區民族東路556號對面,0,0,1,1,C03,8,1,5,50,14,9,1,5,4,5,7,4,4,1,3,5,1,17,1,21,2,9,1,1,7,9,1,10,2,11,,23,23,1,22,9,121.5440112,25.06670986
111,8,6,16,47,2,03中山區,中山區民族東路556號對面,0,0,1,2,B03,8,1,5,50,14,9,1,5,4,5,7,4,4,1,3,5,1,17,1,31,3,10,3,4,7,14,1,8,2,7,,38,23,1,22,9,121.5440112,25.06670986
111,8,6,16,50,2,08士林區,士林區承德路5段與士商路口,0,0,1,1,C04,8,1,5,50,4,4,1,5,4,5,7,2,1,1,4,5,2,12,2,19,3,10,1,1,7,9,3,18,2,12,,16,16,1,22,9,121.5142402,25.0959913
111,8,6,16,50,2,08士林區,士林區承德路5段與士商路口,0,0,1,2,C03,8,1,5,50,4,4,1,5,4,5,7,2,1,1,4,5,2,12,1,19,3,10,1,1,7,14,1,10,2,14,,42,16,1,22,9,121.5142402,25.0959913
111,8,6,16,50,2,08士林區,士林區承德路5段與士商路口,0,0,1,3,H02,8,1,5,50,4,4,1,5,4,5,7,2,1,1,4,5,2,12,2,19,2,8,1,5,7,20,8,20,10,16,,67,16,1,22,9,121.5142402,25.0959913
111,8,6,16,53,2,11南港區,南港區研究院路3段247-2號,0,0,1,1,C03,8,1,5,30,11,9,1,5,4,5,7,4,4,4,5,5,1,18,1,61,2,9,1,1,7,9,1,10,1,12,,22,22,1,22,9,121.6102482,25.0309313
111,8,6,16,53,2,11南港區,南港區研究院路3段247-2號,0,0,1,2,,8,1,5,30,11,9,1,5,4,5,7,4,4,4,5,5,1,18,3,,,,,,,,,,,,,67,22,1,,,121.6102482,25.0309313
111,8,6,17,10,2,05中正區,中正區羅斯福路1段與林森南路口,0,0,1,1,C03,8,1,5,30,5,1,1,5,4,5,7,1,1,10,4,4,2,12,2,57,2,9,1,1,7,8,4,8,1,12,,7,7,1,22,9,121.5182037,25.0330334
111,8,6,17,10,2,05中正區,中正區羅斯福路1段與林森南路口,0,0,1,2,C03,8,1,5,30,5,1,1,5,4,5,7,1,1,10,4,4,2,12,1,26,3,10,1,1,7,9,1,10,1,14,,44,7,1,22,9,121.5182037,25.0330334
111,8,6,17,17,2,12內湖區,內湖區成美橋與新明路口,0,0,1,1,B03,8,1,5,50,4,2,1,5,4,5,7,2,1,5,4,5,2,12,1,75,4,11,3,4,7,6,7,19,11,15,,17,17,2,22,9,121.5822899,25.05552477
111,8,6,17,17,2,12內湖區,內湖區成美橋與新明路口,0,0,1,2,C03,8,1,5,50,4,2,1,5,4,5,7,2,1,5,4,5,2,12,1,31,2,8,1,1,7,14,1,10,1,14,,44,17,1,22,9,121.5822899,25.05552477
111,8,6,17,25,2,05中正區,中正區汀州路2段與晉江街124巷口口,0,0,1,2,F01,8,1,5,50,3,1,1,5,4,5,7,4,4,9,4,5,2,16,1,80,2,9,1,1,7,1,8,20,1,16,,19,23,1,22,9,121.5248533,25.02148607
111,8,6,17,25,2,05中正區,中正區汀州路2段與晉江街124巷口口,0,0,1,1,C03,8,1,5,50,3,1,1,5,4,5,7,4,4,9,4,5,2,16,1,23,3,10,1,1,7,9,1,10,1,11,,23,23,1,22,9,121.5248533,25.02148607
111,8,6,17,50,2,01大同區,大同區重慶北路3段與敦煌路口,0,0,1,1,C03,8,1,5,30,4,1,1,5,4,5,7,4,4,10,4,5,2,13,1,41,3,10,3,4,7,9,1,10,1,11,,23,23,1,22,9,121.5136761,25.076382
111,8,6,17,50,2,01大同區,大同區重慶北路3段與敦煌路口,0,0,1,2,B03,8,1,5,30,4,1,1,5,4,5,7,4,4,10,4,5,2,13,2,43,3,10,3,4,7,6,1,8,1,3,,44,23,1,22,9,121.5136761,25.076382
111,8,6,17,50,2,01大同區,大同區重慶北路3段與敦煌路口,0,0,1,3,H02,8,1,5,30,4,1,1,5,4,5,7,4,4,10,4,5,2,13,1,4,2,1,3,4,7,20,8,20,10,16,,67,23,1,22,9,121.5136761,25.076382
111,8,6,18,14,2,09北投區,北投區大度路1段與大業路口,0,0,1,1,B03,8,1,5,70,5,1,1,5,4,5,7,1,1,3,4,2,2,13,1,55,2,9,3,4,7,9,1,8,2,4,,13,13,1,22,9,121.4985595,25.12102638
111,8,6,18,14,2,09北投區,北投區大度路1段與大業路口,0,0,1,2,B03,8,1,5,70,5,1,1,5,4,5,7,1,1,3,4,2,2,13,1,43,3,10,3,4,7,14,1,8,2,4,,44,13,1,22,9,121.4985595,25.12102638
111,8,6,18,14,2,09北投區,北投區大度路1段與大業路口,0,0,1,3,B03,8,1,5,70,5,1,1,5,4,5,7,1,1,3,4,2,2,13,1,41,3,10,3,4,7,14,1,8,2,4,,44,13,1,22,9,121.4985595,25.12102638
111,8,6,18,20,2,07信義區,信義區松智路9巷(A8旁),0,0,1,1,H01,8,3,5,0,11,9,1,5,4,5,7,4,4,9,4,5,1,3,1,49,2,8,4,5,8,16,8,20,10,16,,53,53,1,22,9,121.5664575,25.0379292
111,8,6,18,20,2,07信義區,信義區松智路9巷(A8旁),0,0,1,2,B03,8,3,5,0,11,9,1,5,4,5,7,4,4,9,4,5,1,3,1,29,3,10,3,4,7,5,1,8,1,4,,23,53,1,22,9,121.5664575,25.0379292
111,8,6,18,30,2,03中山區,中山區五常街與五常街53巷口,0,0,1,1,B03,8,2,5,30,3,1,1,5,4,5,7,2,1,5,4,5,2,17,1,59,3,10,3,4,7,14,1,8,1,6,,40,40,1,22,9,121.5396717,25.06427083
111,8,6,18,30,2,03中山區,中山區五常街與五常街53巷口,0,0,1,2,F01,8,2,5,30,3,1,1,5,4,5,7,2,1,5,4,5,2,17,1,18,2,9,1,1,7,9,8,20,1,16,,44,40,1,22,9,121.5396717,25.06427083
111,8,6,18,30,2,03中山區,中山區五常街與五常街53巷口,0,0,1,3,H02,8,2,5,30,3,1,1,5,4,5,7,2,1,5,4,5,2,17,2,56,3,10,4,5,7,19,8,20,10,16,,56,40,1,22,9,121.5396717,25.06427083
111,8,6,18,32,2,03中山區,中山區市民大道3段1號,0,0,1,1,C03,8,1,5,40,14,9,1,5,4,5,7,1,1,4,3,5,1,17,1,64,3,10,1,1,7,7,3,18,11,15,,7,7,1,22,9,121.5310728,25.0460443
111,8,6,18,32,2,03中山區,中山區市民大道3段1號,0,0,1,2,C03,8,1,5,40,14,9,1,5,4,5,7,1,1,4,3,5,1,17,1,19,2,9,1,1,7,9,1,10,1,14,,42,7,1,22,9,121.5310728,25.0460443
111,8,6,18,36,2,02萬華區,萬華區昆明街與昆明街口46號旁無名巷,0,0,1,1,C03,8,3,5,50,3,1,1,5,4,5,7,4,4,10,4,5,2,3,1,25,3,10,1,1,7,9,1,10,2,11,,23,23,1,22,9,121.5057985,25.04627958
111,8,6,18,36,2,02萬華區,萬華區昆明街與昆明街口46號旁無名巷,0,0,1,2,H01,8,3,5,50,3,1,1,5,4,5,7,4,4,10,4,5,2,3,2,81,2,1,4,5,8,16,8,20,10,16,,51,23,1,22,9,121.5057985,25.04627958
111,8,6,18,54,2,10文山區,文山區木柵路4段29號前,0,0,1,2,B03,8,1,5,50,14,9,1,5,4,5,7,4,4,5,2,5,2,13,1,48,3,10,3,4,7,14,1,8,2,6,,44,23,1,22,9,121.5714722,24.99366296
111,8,6,18,54,2,10文山區,文山區木柵路4段29號前,0,0,1,1,C03,8,1,5,50,14,9,1,5,4,5,7,4,4,5,2,5,2,13,2,20,2,9,3,4,7,15,1,10,2,11,,23,23,1,22,9,121.5714722,24.99366296
111,8,6,18,58,2,08士林區,士林區文林路與雙溪街口,0,0,1,1,B12,8,3,5,50,5,1,1,5,4,5,7,1,1,5,5,5,2,11,2,25,3,10,3,4,7,5,1,8,2,4,,8,8,1,22,9,121.5233878,25.09968137
111,8,6,18,58,2,08士林區,士林區文林路與雙溪街口,0,0,1,2,C03,8,3,5,50,5,1,1,5,4,5,7,1,1,5,5,5,2,11,1,45,2,9,1,1,7,9,1,10,2,11,,42,8,1,22,9,121.5233878,25.09968137
111,8,6,19,0,2,12內湖區,內湖區成功路3段117號,0,0,1,1,B03,8,3,5,50,3,1,1,5,4,5,7,2,1,1,4,5,2,13,2,62,3,10,1,1,7,9,1,8,2,1,,23,23,1,22,9,121.5896632,25.07900975
111,8,6,19,0,2,12內湖區,內湖區成功路3段117號,0,0,1,2,C03,8,3,5,50,3,1,1,5,4,5,7,2,1,1,4,5,2,13,1,56,2,9,1,1,7,14,1,10,2,13,,44,23,1,22,9,121.5896632,25.07900975
111,8,6,19,12,2,01大同區,大同區貴德街與西寧北路86巷口,0,0,3,1,C03,7,3,5,30,4,1,1,5,4,5,7,4,4,10,5,5,2,15,1,59,2,7,3,4,7,9,1,10,2,12,,6,6,1,22,9,121.5083445,25.05525821
111,8,6,19,12,2,01大同區,大同區貴德街與西寧北路86巷口,0,0,3,2,C03,7,3,5,30,4,1,1,5,4,5,7,4,4,10,5,5,2,15,2,46,2,9,3,4,7,9,1,10,2,11,,14,6,1,22,9,121.5083445,25.05525821
111,8,6,19,12,2,01大同區,大同區貴德街與西寧北路86巷口,0,0,3,3,H02,7,3,5,30,4,1,1,5,4,5,7,4,4,10,5,5,2,15,2,66,2,9,3,5,7,21,8,20,10,15,,67,6,1,22,9,121.5083445,25.05525821
111,8,6,19,17,2,02萬華區,萬華區萬板大橋往台北市機車道下橋處,0,0,2,1,C03,8,3,5,50,8,11,1,5,4,5,7,2,1,3,4,5,2,13,1,74,2,9,1,4,7,9,6,18,2,11,,16,16,1,22,9,121.491389,25.02912077
111,8,6,19,17,2,02萬華區,萬華區萬板大橋往台北市機車道下橋處,0,0,2,2,C03,8,3,5,50,8,11,1,5,4,5,7,2,1,3,4,5,2,13,1,53,2,9,1,4,7,14,1,10,2,13,,44,16,1,22,9,121.491389,25.02912077
111,8,6,19,25,2,07信義區,信義區忠孝東路5段68號,0,0,1,1,F01,8,1,5,0,14,20,1,5,4,5,7,4,4,1,4,5,2,9,1,32,3,10,1,1,7,9,8,20,1,16,,23,23,1,22,9,121.5667594,25.0409336
111,8,6,19,25,2,07信義區,信義區忠孝東路5段68號,0,0,1,2,H01,8,1,5,0,14,20,1,5,4,5,7,4,4,1,4,5,2,9,2,19,2,9,4,5,8,16,8,20,10,16,,67,23,1,22,9,121.5667594,25.0409336
111,8,6,19,35,2,08士林區,士林區福林橋南往北G-166-01106152號燈桿,0,0,2,1,C03,8,3,5,50,14,9,1,5,4,5,7,4,4,1,4,5,2,13,1,58,2,8,3,4,7,9,1,10,1,14,,16,16,1,22,9,121.5267956,25.1000639
111,8,6,19,35,2,08士林區,士林區福林橋南往北G-166-01106152號燈桿,0,0,2,2,C03,8,3,5,50,14,9,1,5,4,5,7,4,4,1,4,5,2,13,2,31,2,8,3,4,7,12,1,10,1,12,,13,16,1,22,9,121.5267956,25.1000639
111,8,6,20,4,2,03中山區,中山區八德路2段與建國北路1段口,0,0,3,1,C03,8,3,5,50,4,1,1,5,4,5,7,1,1,4,3,5,1,16,1,44,2,9,3,4,7,9,1,10,2,12,,44,44,1,22,9,121.5364586,25.04604919
111,8,6,20,4,2,03中山區,中山區八德路2段與建國北路1段口,0,0,3,2,C03,8,3,5,50,4,1,1,5,4,5,7,1,1,4,3,5,1,16,1,62,2,9,3,4,7,7,1,10,2,14,,7,44,1,22,9,121.5364586,25.04604919
111,8,6,20,4,2,03中山區,中山區八德路2段與建國北路1段口,0,0,3,3,H02,8,3,5,50,4,1,1,5,4,5,7,1,1,4,3,5,1,16,2,57,2,9,3,5,7,17,8,20,10,15,,67,44,1,22,9,121.5364586,25.04604919
111,8,6,20,30,2,07信義區,信義區福德街與中坡南路口,0,0,1,1,C03,8,3,5,30,3,1,1,5,4,5,7,2,1,8,3,5,2,12,1,28,2,8,1,1,7,5,1,10,1,14,,8,8,1,22,9,121.5841579,25.0383168
111,8,6,20,30,2,07信義區,信義區福德街與中坡南路口,0,0,1,2,B02,8,3,5,30,3,1,1,5,4,5,7,2,1,8,3,5,2,12,1,25,3,10,1,1,7,6,1,8,1,6,,9,8,1,22,9,121.5841579,25.0383168
111,8,6,21,20,2,07信義區,信義區忠孝東路4段(信義1172燈桿),0,0,1,2,C03,8,1,5,50,14,9,1,5,4,5,7,4,4,1,4,5,2,17,2,62,2,9,1,1,7,9,1,10,1,15,,17,17,1,22,9,121.5609844,25.04115567
111,8,6,21,20,2,07信義區,信義區忠孝東路4段(信義1172燈桿),0,0,1,1,B03,8,1,5,50,14,9,1,5,4,5,7,4,4,1,4,5,2,17,1,61,3,10,1,1,7,9,1,8,1,6,,17,17,1,22,9,121.5609844,25.04115567
111,8,6,22,40,2,05中正區,中正區忠孝西路1段與館前路口,0,0,1,1,C03,8,3,5,50,14,7,1,5,4,5,7,1,1,10,3,5,2,13,1,42,2,7,1,1,7,8,5,10,2,11,,23,23,1,22,9,121.5150302,25.04660897
111,8,6,22,40,2,05中正區,中正區忠孝西路1段與館前路口,0,0,1,2,B03,8,3,5,50,14,7,1,5,4,5,7,1,1,10,3,5,2,13,1,55,3,10,1,1,7,9,1,8,2,9,,44,23,1,22,9,121.5150302,25.04660897
111,8,6,22,42,2,02萬華區,萬華區環河南路2段128號,0,0,1,1,B03,8,3,5,50,14,9,1,5,4,5,7,1,1,2,2,5,2,13,1,34,3,10,1,1,7,1,1,8,2,5,,19,19,1,22,9,121.49465,25.03582841
111,8,6,22,42,2,02萬華區,萬華區環河南路2段128號,0,0,1,2,C04,8,3,5,50,14,9,1,5,4,5,7,1,1,2,2,5,2,13,2,25,2,8,1,1,7,7,1,10,2,13,,7,19,1,22,9,121.49465,25.03582841
111,8,6,23,20,2,03中山區,中山區中山北路2段與民權西路口,0,0,1,1,B03,7,3,5,50,4,1,1,5,4,5,7,2,1,1,4,5,2,16,1,43,3,10,3,4,7,5,1,8,1,5,,6,6,1,22,9,121.5224422,25.06287799
111,8,6,23,20,2,03中山區,中山區中山北路2段與民權西路口,0,0,1,2,C03,7,3,5,50,4,1,1,5,4,5,7,2,1,1,4,5,2,16,1,21,2,9,3,4,7,9,1,10,1,11,,13,6,1,22,9,121.5224422,25.06287799
111,8,6,23,33,2,03中山區,中山區南京東路1段與林森北路口,0,0,1,1,B01,8,3,5,50,4,1,1,5,4,5,7,1,1,1,4,5,2,16,1,51,3,10,1,1,7,5,1,4,1,1,,8,8,1,22,9,121.5253028,25.0521601
111,8,6,23,33,2,03中山區,中山區南京東路1段與林森北路口,0,0,1,2,C03,8,3,5,50,4,1,1,5,4,5,7,1,1,1,4,5,2,16,1,20,2,9,1,1,7,9,1,10,1,11,,44,8,1,22,9,121.5253028,25.0521601
111,8,6,23,44,2,02萬華區,萬華區環河南路1段與康定路口,0,0,1,1,C01,7,3,5,50,3,2,1,5,4,5,7,2,1,5,4,5,1,17,1,25,3,10,3,4,7,5,1,9,2,11,,8,8,1,22,9,121.5032475,25.04616686
111,8,6,23,44,2,02萬華區,萬華區環河南路1段與康定路口,0,0,1,2,C03,7,3,5,50,3,2,1,5,4,5,7,2,1,5,4,5,1,17,1,57,2,9,3,4,7,9,1,10,2,11,,44,8,1,22,9,121.5032475,25.04616686
111,8,6,23,52,2,01大同區,大同區鄭州路與西寧北路口,0,0,1,1,B02,8,3,5,50,14,9,1,5,4,5,7,1,1,9,4,5,2,13,1,41,3,10,3,4,7,9,1,8,1,1,,16,16,1,22,9,121.5082021,25.0506052
111,8,6,23,52,2,01大同區,大同區鄭州路與西寧北路口,0,0,1,2,C03,8,3,5,50,14,9,1,5,4,5,7,1,1,9,4,5,2,13,1,36,2,9,1,4,7,9,1,10,1,13,,44,16,1,22,9,121.5082021,25.0506052
111,8,7,2,15,2,08士林區,士林區中山北路5段與福林路口,0,0,2,1,B03,8,3,5,50,4,1,1,5,4,5,7,1,1,1,4,5,1,15,1,24,3,10,3,4,7,9,1,8,2,2,,25,25,1,22,9,121.5279051,25.09371207
111,8,7,2,15,2,08士林區,士林區中山北路5段與福林路口,0,0,2,2,C03,8,3,5,50,4,1,1,5,4,5,7,1,1,1,4,5,1,15,1,19,2,9,3,4,7,9,1,10,2,11,,44,25,1,22,9,121.5279051,25.09371207
111,8,7,2,15,2,08士林區,士林區中山北路5段與福林路口,0,0,2,3,H02,8,3,5,50,4,1,1,5,4,5,7,1,1,1,4,5,1,15,2,15,2,7,3,4,7,20,8,20,10,16,,67,25,1,22,9,121.5279051,25.09371207
111,8,7,2,40,2,08士林區,士林區東山路25巷007燈桿,0,0,1,1,C03,8,3,5,30,11,9,1,5,4,5,1,4,4,10,5,5,1,11,2,16,2,8,1,1,7,6,2,18,2,11,,5,5,1,22,9,121.5396498,25.11759026
111,8,7,2,40,2,08士林區,士林區東山路25巷007燈桿,0,0,1,2,B03,8,3,5,30,11,9,1,5,4,5,1,4,4,10,5,5,1,11,1,22,3,10,1,1,7,5,1,8,2,4,,14,5,1,22,9,121.5396498,25.11759026