發生年度,發生月,發生日,發生時-Hours,發生分,處理別-編號,區序,肇事地點,死亡人數,2-30日死亡人數,受傷人數,當事人序號,車種,天候,光線,道路類別,速限-速度限制,道路型態,事故位置,路面狀況1,路面狀況2,路面狀況3,道路障礙1,道路障礙2,號誌1,號誌2,車道劃分-分向,車道劃分-分道1,車道劃分-分道2,車道劃分-分道3,事故類型及型態,性別,年齡,受傷程度,主要傷處,安全帽,行動電話,車輛用途,當事者行動狀態,駕駛資格情形,駕駛執照種類,飲酒情形,車輛撞擊部位1,車輛撞擊部位2,肇因碼-個別,肇因碼-主要,個人肇逃否,職業,旅次目的,座標-X,座標-Y
111,8,7,2,53,2,03中山區,中山區長春路與吉林路口,0,0,1,1,C03,8,3,5,50,4,1,1,5,4,5,7,1,1,4,3,4,1,16,1,36,2,9,1,4,7,6,1,10,2,12,,9,9,1,22,9,121.5301121,25.05482291
111,8,7,2,53,2,03中山區,中山區長春路與吉林路口,0,0,1,2,C03,8,3,5,50,4,1,1,5,4,5,7,1,1,4,3,4,1,16,1,18,3,10,3,4,7,9,1,10,2,11,,44,9,1,22,9,121.5301121,25.05482291
111,8,7,2,53,2,03中山區,中山區長春路與吉林路口,0,0,1,3,H02,8,3,5,50,4,1,1,5,4,5,7,1,1,4,3,4,1,16,1,17,3,10,1,5,7,17,8,20,10,15,,67,9,1,22,9,121.5301121,25.05482291
111,8,7,3,5,2,03中山區,中山區民族東路252巷與建國北路3段113巷31弄口,0,0,2,1,C03,8,3,5,30,4,1,1,5,4,5,7,4,4,10,5,5,2,15,1,48,2,8,1,4,7,9,1,10,1,11,,6,6,1,22,9,121.5349475,25.0676636
111,8,7,3,5,2,03中山區,中山區民族東路252巷與建國北路3段113巷31弄口,0,0,2,2,B12,8,3,5,30,4,1,1,5,4,5,7,4,4,10,5,5,2,15,1,32,3,10,3,4,7,9,1,8,1,8,,6,6,1,22,9,121.5349475,25.0676636
111,8,7,3,5,2,03中山區,中山區民族東路252巷與建國北路3段113巷31弄口,0,0,2,3,H02,8,3,5,30,4,1,1,5,4,5,7,4,4,10,5,5,2,15,2,44,2,9,4,5,7,20,8,20,10,16,,67,6,1,22,9,121.5349475,25.0676636
111,8,7,3,19,2,04大安區,大安區仁愛路4段與安和路1段口,0,0,1,1,B03,8,3,5,50,4,1,1,5,4,5,7,2,1,1,4,5,1,12,1,69,3,10,3,4,7,6,6,4,1,5,,9,9,1,22,9,121.5513582,25.03803073
111,8,7,3,19,2,04大安區,大安區仁愛路4段與安和路1段口,0,0,1,2,C03,8,3,5,50,4,1,1,5,4,5,7,2,1,1,4,5,1,12,1,23,2,9,3,4,7,9,3,18,1,14,,13,9,1,22,9,121.5513582,25.03803073
111,8,7,3,51,2,02萬華區,萬華區環河南路2段119號,0,0,2,1,C03,8,4,5,50,14,9,1,5,4,5,7,4,4,1,4,5,2,12,1,27,2,9,1,1,7,7,1,10,2,15,,7,7,1,22,9,121.4938659,25.03471011
111,8,7,3,51,2,02萬華區,萬華區環河南路2段119號,0,0,2,2,B03,8,4,5,50,14,9,1,5,4,5,7,4,4,1,4,5,2,12,1,29,3,10,1,1,7,9,1,8,2,2,,44,7,1,22,9,121.4938659,25.03471011
111,8,7,3,51,2,02萬華區,萬華區環河南路2段119號,0,0,2,3,H02,8,4,5,50,14,9,1,5,4,5,7,4,4,1,4,5,2,12,2,51,2,9,4,5,7,21,8,20,10,16,,67,7,1,22,9,121.4938659,25.03471011
111,8,7,7,20,2,08士林區,士林區承德路4段2巷與通河東街1段口,0,0,1,1,F01,8,1,8,30,15,22,1,5,4,5,7,4,4,10,5,5,2,17,2,67,2,9,1,1,7,21,8,20,1,16,,6,6,1,22,9,121.5182328,25.08075754
111,8,7,7,20,2,08士林區,士林區承德路4段2巷與通河東街1段口,0,0,1,2,B03,8,1,8,30,15,22,1,5,4,5,7,4,4,10,5,5,2,17,2,36,3,10,1,1,7,9,1,8,1,1,,23,6,1,22,9,121.5182328,25.08075754
111,8,7,7,27,2,03中山區,中山區建國高架道往南第090號燈桿,0,0,2,1,B03,8,1,5,70,10,9,1,5,4,5,7,4,4,2,4,5,2,12,1,75,3,10,1,1,7,8,1,8,1,2,,7,7,1,22,9,121.5366988,25.04900097
111,8,7,7,27,2,03中山區,中山區建國高架道往南第090號燈桿,0,0,2,2,C02,8,1,5,70,10,9,1,5,4,5,7,4,4,2,4,5,2,12,1,52,2,9,1,1,7,9,1,9,1,14,,44,7,1,22,9,121.5366988,25.04900097
111,8,7,7,27,2,03中山區,中山區建國高架道往南第090號燈桿,0,0,2,3,H02,8,1,5,70,10,9,1,5,4,5,7,4,4,2,4,5,2,12,2,49,2,9,4,5,7,20,8,20,10,16,,67,7,1,22,9,121.5366988,25.04900097
111,8,7,8,8,2,10文山區,文山區萬壽路73號旁,0,0,1,1,F01,8,1,5,30,14,9,1,5,4,5,7,4,4,10,5,5,1,13,1,60,2,9,1,1,7,9,8,20,1,16,,23,23,1,22,9,121.5854432,24.9822992
111,8,7,8,8,2,10文山區,文山區萬壽路73號旁,0,0,1,2,A02,8,1,5,30,14,9,1,5,4,5,7,4,4,10,5,5,1,13,1,63,3,10,1,1,7,13,1,2,1,3,,38,23,1,22,9,121.5854432,24.9822992
111,8,7,8,8,2,07信義區,信義區虎林街84號,0,0,1,2,C03,8,1,5,30,14,9,1,5,4,5,7,4,4,10,5,5,2,17,1,54,2,8,1,1,7,9,1,10,1,14,,43,12,1,22,9,121.5771824,25.04316176
111,8,7,8,8,2,07信義區,信義區虎林街84號,0,0,1,1,B03,8,1,5,30,14,9,1,5,4,5,7,4,4,10,5,5,2,17,1,61,3,10,1,1,7,2,1,8,1,5,,12,12,1,22,9,121.5771824,25.04316176
111,8,7,8,15,2,08士林區,士林區萬溪產業道路0+800,0,0,1,1,B03,8,1,5,30,11,9,1,5,4,5,1,4,4,10,5,5,1,17,2,51,3,10,1,1,7,15,1,8,1,8,,5,5,1,22,9,121.5830581,25.1163804
111,8,7,8,15,2,08士林區,士林區萬溪產業道路0+800,0,0,1,2,F01,8,1,5,30,11,9,1,5,4,5,1,4,4,10,5,5,1,17,1,45,2,9,1,1,7,15,8,20,1,16,,44,5,1,22,9,121.5830581,25.1163804
111,8,7,8,25,2,10文山區,文山區木新路1段與指南路1段51巷口,0,0,1,1,C03,8,1,5,30,4,2,1,5,4,5,7,2,1,5,4,5,2,16,1,67,3,10,1,1,7,5,1,10,2,11,,6,6,1,22,9,121.5706611,24.9889569
111,8,7,8,25,2,10文山區,文山區木新路1段與指南路1段51巷口,0,0,1,2,F01,8,1,5,30,4,2,1,5,4,5,7,2,1,5,4,5,2,16,2,69,2,8,1,1,7,9,8,20,1,16,,44,6,1,19,7,121.5706611,24.9889569
111,8,7,8,43,2,08士林區,士林區天母北路87號口,0,0,1,2,F01,8,1,8,30,15,22,1,5,4,5,7,4,4,8,5,5,2,17,2,34,2,9,1,1,7,9,8,20,2,16,,44,6,1,22,9,121.5267844,25.12241105
111,8,7,8,43,2,08士林區,士林區天母北路87號口,0,0,1,1,B01,8,1,8,30,15,22,1,5,4,5,7,4,4,8,5,5,2,17,2,59,3,10,1,1,7,6,1,4,2,4,,6,6,1,22,9,121.5267844,25.12241105
111,8,7,8,48,2,10文山區,文山區木新路2段161巷與木新路2段口,0,0,1,1,B03,8,1,5,50,4,1,1,5,4,5,7,1,1,5,4,5,2,13,1,60,3,10,1,1,7,9,1,8,1,1,,23,26,1,22,9,121.5688442,24.98398762
111,8,7,8,48,2,10文山區,文山區木新路2段161巷與木新路2段口,0,0,1,2,C04,8,1,5,50,4,1,1,5,4,5,7,1,1,5,4,5,2,13,2,26,2,9,1,1,7,14,1,11,1,13,,44,26,1,22,9,121.5688442,24.98398762
111,8,7,9,15,2,12內湖區,內湖區舊宗路1段與新湖一路口,0,0,1,1,B03,8,1,5,50,4,2,1,5,4,5,7,1,1,1,4,4,1,13,1,53,3,10,3,4,7,14,1,8,1,7,,5,5,1,22,9,121.5789859,25.0598147
111,8,7,9,15,2,12內湖區,內湖區舊宗路1段與新湖一路口,0,0,1,2,C03,8,1,5,50,4,2,1,5,4,5,7,1,1,1,4,4,1,13,2,38,2,9,3,4,7,9,1,10,1,11,,23,5,1,22,9,121.5789859,25.0598147
111,8,7,9,24,2,09北投區,北投區中央北路1段70號前,0,0,1,1,C03,8,1,5,50,14,9,1,5,4,5,7,3,1,5,5,5,2,18,1,60,2,8,1,1,7,9,1,10,1,14,,42,42,1,22,9,121.5003325,25.134308
111,8,7,9,24,2,09北投區,北投區中央北路1段70號前,0,0,1,2,,8,1,5,50,14,9,1,5,4,5,7,3,1,5,5,5,2,18,3,,,,,,,,,,,,,67,42,1,,,121.5003325,25.134308
111,8,7,9,48,2,10文山區,文山區興隆路1段251巷與興隆路1段251巷4弄口,0,0,1,1,C03,8,1,5,50,4,1,1,5,4,5,7,4,4,10,5,5,2,15,1,22,2,9,1,1,7,9,1,10,1,11,,6,6,1,22,9,121.5449034,24.99976531
111,8,7,9,48,2,10文山區,文山區興隆路1段251巷與興隆路1段251巷4弄口,0,0,1,2,C03,8,1,5,50,4,1,1,5,4,5,7,4,4,10,5,5,2,15,1,42,3,10,1,1,7,9,1,10,1,11,,44,6,1,22,9,121.5449034,24.99976531
111,8,7,10,4,2,02萬華區,萬華區昆明街265號,0,0,1,2,C03,8,1,5,50,14,9,1,5,4,5,7,4,4,10,4,5,2,29,1,74,2,9,1,4,7,9,1,10,1,12,,44,66,1,22,9,121.5036894,25.03730551
111,8,7,10,4,2,02萬華區,萬華區昆明街265號,0,0,1,1,,8,1,5,50,14,9,1,5,4,5,7,4,4,10,4,5,2,29,3,,,,,,,,,,,,,66,66,1,,,121.5036894,25.03730551
111,8,7,10,7,2,07信義區,信義區松隆路與松信路口,0,0,1,1,F01,8,1,5,50,4,2,1,5,4,5,7,1,1,3,4,4,2,16,1,53,2,9,1,1,7,6,8,20,1,16,,9,9,1,22,9,121.5721392,25.0469573
111,8,7,10,7,2,07信義區,信義區松隆路與松信路口,0,0,1,2,C03,8,1,5,50,4,2,1,5,4,5,7,1,1,3,4,4,2,16,1,19,3,10,1,1,7,9,3,18,1,13,,44,9,1,22,9,121.5721392,25.0469573
111,8,7,10,35,2,03中山區,中山區市民大道2段與林森北路口西側迴轉道,0,0,1,1,B01,8,1,5,40,14,6,1,5,4,5,7,4,4,10,4,5,2,16,1,69,3,10,1,1,7,11,1,4,2,2,,6,6,1,22,9,121.5237824,25.04783028
111,8,7,10,35,2,03中山區,中山區市民大道2段與林森北路口西側迴轉道,0,0,1,2,C03,8,1,5,40,14,6,1,5,4,5,7,4,4,10,4,5,2,16,1,73,2,9,1,1,7,9,1,10,2,14,12,23,6,1,22,9,121.5237824,25.04783028
111,8,7,10,35,2,08士林區,士林區通河西街2段堤外台北花卉村後門,0,0,1,1,B03,8,1,5,30,14,9,1,5,4,5,7,3,1,10,5,5,2,17,2,64,3,10,1,1,7,1,1,8,1,1,,19,19,1,22,9,121.5004089,25.09518713
111,8,7,10,35,2,08士林區,士林區通河西街2段堤外台北花卉村後門,0,0,1,2,C03,8,1,5,30,14,9,1,5,4,5,7,3,1,10,5,5,2,17,2,19,2,8,1,1,7,9,1,10,1,12,,23,19,1,22,9,121.5004089,25.09518713
111,8,7,10,39,2,09北投區,北投區中和街與中和街398巷口,0,0,1,1,C03,8,1,5,50,3,1,1,5,4,5,7,4,4,5,5,5,2,16,1,36,3,10,1,1,7,5,1,10,1,13,,44,44,1,22,9,121.4981345,25.1434602
111,8,7,10,39,2,09北投區,北投區中和街與中和街398巷口,0,0,1,2,C03,8,1,5,50,3,1,1,5,4,5,7,4,4,5,5,5,2,16,2,74,2,9,1,1,7,9,1,10,1,11,,4,44,1,22,9,121.4981345,25.1434602
111,8,7,10,46,2,09北投區,北投區立農街1段與立農街1段320巷口,0,0,2,1,C03,8,1,5,30,4,1,1,5,4,5,7,4,4,10,5,5,2,15,1,31,3,10,1,1,7,9,3,18,1,11,,6,6,1,22,9,121.5067276,25.119503
111,8,7,10,46,2,09北投區,北投區立農街1段與立農街1段320巷口,0,0,2,2,C03,8,1,5,30,4,1,1,5,4,5,7,4,4,10,5,5,2,15,1,28,2,8,1,1,7,9,1,10,1,14,,14,6,1,22,9,121.5067276,25.119503
111,8,7,10,46,2,09北投區,北投區立農街1段與立農街1段320巷口,0,0,2,3,H02,8,1,5,30,4,1,1,5,4,5,7,4,4,10,5,5,2,15,2,26,2,9,1,5,7,21,8,20,10,16,,67,6,1,22,9,121.5067276,25.119503
111,8,7,10,51,2,02萬華區,萬華區環河南路1段與西昌街29巷口,0,0,2,1,C04,8,1,5,30,3,2,1,5,4,5,7,4,4,5,4,5,2,17,1,65,2,8,1,1,7,6,1,8,1,14,,6,6,1,22,9,121.5004708,25.04271326
111,8,7,10,51,2,02萬華區,萬華區環河南路1段與西昌街29巷口,0,0,2,2,C03,8,1,5,30,3,2,1,5,4,5,7,4,4,5,4,5,2,17,2,30,2,9,1,1,7,9,1,10,1,11,,13,6,1,22,9,121.5004708,25.04271326
111,8,7,11,0,2,04大安區,大安區建國高架道往南第194號燈桿,0,0,2,1,B03,8,1,5,40,10,9,1,5,4,5,7,4,4,1,4,5,1,13,1,37,3,10,3,4,7,12,1,8,1,1,,16,16,1,22,9,121.537618,25.02349696
111,8,7,11,0,2,04大安區,大安區建國高架道往南第194號燈桿,0,0,2,2,B03,8,1,5,40,10,9,1,5,4,5,7,4,4,1,4,5,1,13,1,36,3,10,3,4,7,12,1,8,1,1,,16,16,1,22,9,121.537618,25.02349696
111,8,7,11,0,2,04大安區,大安區建國高架道往南第194號燈桿,0,0,2,4,B12,8,1,5,40,10,9,1,5,4,5,7,4,4,1,4,5,1,13,1,43,3,10,3,4,7,12,1,8,1,3,,44,16,1,22,9,121.537618,25.02349696
111,8,7,11,0,2,04大安區,大安區建國高架道往南第194號燈桿,0,0,2,3,B03,8,1,5,40,10,9,1,5,4,5,7,4,4,1,4,5,1,13,1,28,3,10,3,4,7,12,1,8,1,1,,16,16,1,22,9,121.537618,25.02349696
111,8,7,11,0,2,04大安區,大安區建國高架道往南第194號燈桿,0,0,2,5,B03,8,1,5,40,10,9,1,5,4,5,7,4,4,1,4,5,1,13,1,44,3,10,3,4,7,12,1,8,1,3,,44,16,1,22,9,121.537618,25.02349696
111,8,7,11,0,2,04大安區,大安區建國高架道往南第194號燈桿,0,0,2,6,H02,8,1,5,40,10,9,1,5,4,5,7,4,4,1,4,5,1,13,2,39,2,9,3,4,7,21,8,20,10,16,,67,16,1,22,9,121.537618,25.02349696
111,8,7,11,0,2,04大安區,大安區建國高架道往南第194號燈桿,0,0,2,7,H02,8,1,5,40,10,9,1,5,4,5,7,4,4,1,4,5,1,13,2,28,2,7,3,4,7,21,8,20,10,16,,67,16,1,22,9,121.537618,25.02349696
111,8,7,11,30,2,09北投區,北投區大業路157號,0,0,1,1,C03,8,1,5,30,14,8,1,5,4,5,7,4,4,3,4,3,2,13,1,35,2,9,3,4,7,9,1,10,1,11,,43,43,1,22,9,121.500938,25.126143
111,8,7,11,30,2,09北投區,北投區大業路157號,0,0,1,2,B03,8,1,5,30,14,8,1,5,4,5,7,4,4,3,4,3,2,13,1,45,3,10,3,4,7,9,1,8,1,3,,43,43,1,22,9,121.500938,25.126143
111,8,7,11,38,2,04大安區,大安區基隆路2段168號,0,0,2,1,C03,8,1,5,50,14,9,1,5,4,5,7,1,1,10,4,5,2,12,1,77,2,8,3,1,7,15,1,10,1,13,,17,17,1,22,9,121.5553054,25.02686592
111,8,7,11,38,2,04大安區,大安區基隆路2段168號,0,0,2,2,C03,8,1,5,50,14,9,1,5,4,5,7,1,1,10,4,5,2,12,1,54,2,8,1,1,7,9,1,10,1,11,,16,17,1,22,9,121.5553054,25.02686592
111,8,7,11,40,2,04大安區,大安區忠孝東路3段248巷與仁愛路3段口,0,0,1,1,C03,8,1,5,50,5,2,1,5,4,5,7,4,4,8,3,5,1,16,2,22,2,9,1,1,7,9,1,10,1,12,,4,4,1,22,9,121.5412684,25.0383655
111,8,7,11,40,2,04大安區,大安區忠孝東路3段248巷與仁愛路3段口,0,0,1,2,B01,8,1,5,50,5,2,1,5,4,5,7,4,4,8,3,5,1,16,1,50,3,10,1,1,7,6,1,8,1,1,,23,4,1,22,9,121.5412684,25.0383655
111,8,7,11,45,2,08士林區,士林區中正路與延平北路6段口,0,0,2,1,C03,8,1,5,50,4,2,1,5,4,5,7,2,1,1,4,5,2,12,1,72,2,8,1,1,7,5,1,10,1,14,,8,8,1,22,9,121.509298,25.08688132
111,8,7,11,45,2,08士林區,士林區中正路與延平北路6段口,0,0,2,2,C03,8,1,5,50,4,2,1,5,4,5,7,2,1,1,4,5,2,12,1,19,2,9,1,1,7,9,1,10,1,11,,14,8,1,22,9,121.509298,25.08688132
111,8,7,11,50,2,01大同區,大同區萬全街與民生西路171巷口,0,0,1,1,C03,8,1,5,30,4,1,1,5,4,5,6,4,4,10,5,5,2,15,1,62,2,9,1,1,7,9,1,10,1,11,,6,6,1,22,9,121.5167069,25.0579771
111,8,7,11,50,2,01大同區,大同區萬全街與民生西路171巷口,0,0,1,2,C03,8,1,5,30,4,1,1,5,4,5,6,4,4,10,5,5,2,15,1,28,3,10,1,1,7,9,1,10,1,12,,14,6,1,22,9,121.5167069,25.0579771
111,8,7,11,50,2,01大同區,大同區萬全街與民生西路171巷口,0,0,1,3,H03,8,1,5,30,4,1,1,5,4,5,6,4,4,10,5,5,2,15,1,49,3,10,4,5,8,20,8,20,10,16,,67,6,1,22,9,121.5167069,25.0579771
111,8,7,12,7,2,06松山區,松山區民生東路5段與民生東路5段36巷口,0,0,1,1,B03,8,1,5,50,4,1,1,5,4,5,7,2,1,1,4,5,2,16,1,50,3,10,1,1,7,6,1,8,1,2,,44,44,1,22,9,121.5569871,25.05836406
111,8,7,12,7,2,06松山區,松山區民生東路5段與民生東路5段36巷口,0,0,1,2,C03,8,1,5,50,4,1,1,5,4,5,7,2,1,1,4,5,2,16,1,22,2,7,1,1,7,9,1,10,1,11,,23,44,1,22,9,121.5569871,25.05836406
111,8,7,12,39,2,05中正區,中正區金山南路1段與金山南路1段129巷口,0,0,1,1,B03,8,1,5,50,3,2,1,5,4,5,7,4,4,9,5,5,2,12,1,55,3,10,1,1,7,6,1,8,2,6,,9,9,1,22,9,121.5275812,25.03547136
111,8,7,12,39,2,05中正區,中正區金山南路1段與金山南路1段129巷口,0,0,1,2,C03,8,1,5,50,3,2,1,5,4,5,7,4,4,9,5,5,2,12,2,39,2,8,1,1,7,9,1,10,2,11,,44,9,1,22,9,121.5275812,25.03547136
111,8,7,12,39,2,05中正區,中正區金山南路1段與金山南路1段129巷口,0,0,1,3,B03,8,1,5,50,3,2,1,5,4,5,7,4,4,9,5,5,2,12,1,70,4,11,3,4,7,15,7,19,1,15,,38,9,2,22,9,121.5275812,25.03547136
111,8,7,12,45,2,10文山區,文山區羅斯福路4段與基隆路4段口,0,0,1,1,C03,8,1,5,50,4,1,1,5,4,5,7,1,1,1,4,5,2,12,1,21,2,8,1,1,7,9,1,10,1,14,,17,17,1,22,9,121.5370999,25.01094583
111,8,7,12,45,2,10文山區,文山區羅斯福路4段與基隆路4段口,0,0,1,2,B03,8,1,5,50,4,1,1,5,4,5,7,1,1,1,4,5,2,12,2,34,3,10,1,1,7,9,1,8,1,5,,44,17,1,22,9,121.5370999,25.01094583
111,8,7,13,11,2,05中正區,中正區重慶南路1段與衡陽路口,0,0,1,1,C03,8,1,5,50,4,2,1,5,4,5,7,2,1,5,4,5,2,17,1,18,3,10,1,1,7,6,1,10,2,14,,9,9,1,22,9,121.5131994,25.0423388
111,8,7,13,11,2,05中正區,中正區重慶南路1段與衡陽路口,0,0,1,2,B03,8,1,5,50,4,2,1,5,4,5,7,2,1,5,4,5,2,17,1,51,3,10,1,1,7,9,1,8,2,5,,44,9,1,22,9,121.5131994,25.0423388
111,8,7,13,11,2,05中正區,中正區重慶南路1段與衡陽路口,0,0,1,3,C03,8,1,5,50,4,2,1,5,4,5,7,2,1,5,4,5,2,17,1,22,2,8,1,1,7,9,1,10,2,11,,16,9,1,22,9,121.5131994,25.0423388
111,8,7,13,20,2,08士林區,士林區百齡橋與承德路4段口引道,0,0,1,1,B03,8,1,5,50,3,1,1,5,4,5,7,4,4,1,5,5,2,12,1,31,3,10,1,1,7,6,1,8,2,5,,9,9,1,22,9,121.5157024,25.09044802
111,8,7,13,20,2,08士林區,士林區百齡橋與承德路4段口引道,0,0,1,2,C03,8,1,5,50,3,1,1,5,4,5,7,4,4,1,5,5,2,12,2,25,2,9,1,1,7,9,1,10,2,11,,44,9,1,22,9,121.5157024,25.09044802
111,8,7,13,44,2,11南港區,南港區忠孝東路6段403巷與忠孝東路6段口無名巷,0,0,2,1,C03,8,1,5,30,4,1,1,5,4,5,7,4,4,10,5,5,2,15,2,26,2,7,1,1,7,9,1,10,1,12,,6,6,1,22,9,121.5926089,25.05041867
111,8,7,13,44,2,11南港區,南港區忠孝東路6段403巷與忠孝東路6段口無名巷,0,0,2,2,C03,8,1,5,30,4,1,1,5,4,5,7,4,4,10,5,5,2,15,1,18,2,9,1,1,7,9,1,10,1,11,,6,6,1,22,9,121.5926089,25.05041867
111,8,7,14,25,2,01大同區,大同區重慶北路3段205巷與民族西路187巷口,0,0,2,1,C03,8,1,5,30,4,1,1,5,4,5,7,4,4,10,5,5,2,15,2,23,2,3,1,1,7,9,1,10,1,11,,6,6,1,22,9,121.5149413,25.0700657
111,8,7,14,25,2,01大同區,大同區重慶北路3段205巷與民族西路187巷口,0,0,2,2,C03,8,1,5,30,4,1,1,5,4,5,7,4,4,10,5,5,2,15,1,57,2,9,1,1,7,9,1,10,1,14,,14,6,1,22,9,121.5149413,25.0700657
111,8,7,14,26,2,03中山區,中山區林森北路與林森北路353巷口,0,0,2,1,B03,8,1,5,50,4,1,1,5,4,5,7,4,4,9,5,5,2,17,2,27,3,10,1,1,7,11,1,8,1,15,,10,10,1,22,9,121.525507,25.0570256
111,8,7,14,26,2,03中山區,中山區林森北路與林森北路353巷口,0,0,2,2,C03,8,1,5,50,4,1,1,5,4,5,7,4,4,9,5,5,2,17,1,26,2,9,1,1,7,9,1,10,1,14,,23,10,1,22,9,121.525507,25.0570256
111,8,7,14,26,2,03中山區,中山區林森北路與林森北路353巷口,0,0,2,3,H02,8,1,5,50,4,1,1,5,4,5,7,4,4,9,5,5,2,17,2,25,2,9,1,5,7,20,8,20,10,16,,67,10,1,22,9,121.525507,25.0570256
111,8,7,15,26,2,07信義區,信義區基隆路1段與松隆路口口,0,0,2,1,B03,8,1,5,50,3,2,1,5,4,5,7,2,1,1,4,5,2,17,1,39,2,2,3,4,7,11,1,8,1,5,,10,10,1,22,9,121.5659646,25.0433402
111,8,7,15,26,2,07信義區,信義區基隆路1段與松隆路口口,0,0,2,2,C03,8,1,5,50,3,2,1,5,4,5,7,2,1,1,4,5,2,17,1,33,2,9,3,4,7,9,1,10,1,11,,25,10,1,22,9,121.5659646,25.0433402
111,8,7,16,0,2,03中山區,中山區樂群一路與基湖路口,0,0,1,1,C03,8,1,5,50,3,1,1,5,4,5,7,2,1,7,2,5,2,12,1,19,2,9,1,1,7,7,1,10,1,14,,7,7,1,18,5,121.5630526,25.0760874
111,8,7,16,0,2,03中山區,中山區樂群一路與基湖路口,0,0,1,2,B03,8,1,5,50,3,1,1,5,4,5,7,2,1,7,2,5,2,12,2,70,3,10,1,1,7,9,1,8,1,5,,26,7,1,1,3,121.5630526,25.0760874
111,8,7,16,10,2,09北投區,北投區竹子湖路14號燈桿前,0,0,1,1,C03,8,1,5,40,15,9,1,5,4,5,7,4,4,9,4,5,2,13,1,20,2,4,3,4,7,9,1,10,1,11,,16,16,1,22,9,121.5571085,25.1775592
111,8,7,16,10,2,09北投區,北投區竹子湖路14號燈桿前,0,0,1,2,B03,8,1,5,40,15,9,1,5,4,5,7,4,4,9,4,5,2,13,1,45,3,10,3,4,7,9,1,8,1,7,,44,16,1,22,9,121.5571085,25.1775592
111,8,7,16,50,2,01大同區,大同區鄭州路與塔城街口,0,0,2,1,C03,8,1,5,40,4,1,1,5,4,5,7,2,1,9,4,5,2,12,1,40,2,9,1,1,7,15,6,10,1,12,,6,6,1,22,9,121.5105338,25.05027977
111,8,7,16,50,2,01大同區,大同區鄭州路與塔城街口,0,0,2,2,C03,8,1,5,40,4,1,1,5,4,5,7,2,1,9,4,5,2,12,1,32,2,9,1,1,7,9,1,10,1,14,,44,6,1,22,9,121.5105338,25.05027977
111,8,7,16,53,2,08士林區,士林區菁山路10號,0,0,1,1,B03,8,1,5,40,14,9,1,5,4,5,7,4,4,4,5,5,2,16,1,43,3,10,1,1,7,1,1,8,9,1,,19,19,1,22,9,121.546881,25.13802376
111,8,7,16,53,2,08士林區,士林區菁山路10號,0,0,1,2,C03,8,1,5,40,14,9,1,5,4,5,7,4,4,4,5,5,2,16,1,30,2,9,1,1,7,9,1,10,9,11,,23,19,1,22,9,121.546881,25.13802376
111,8,7,17,9,2,03中山區,中山區中山橋往南機車道,0,0,2,1,C03,8,1,5,30,8,11,1,5,4,5,7,4,4,1,1,1,1,12,1,70,3,10,3,4,7,7,1,10,1,14,,7,7,1,22,9,121.5254882,25.07591806
111,8,7,17,9,2,03中山區,中山區中山橋往南機車道,0,0,2,2,C03,8,1,5,30,8,11,1,5,4,5,7,4,4,1,1,1,1,12,1,24,2,9,3,4,7,4,1,10,1,12,,23,7,1,22,9,121.5254882,25.07591806
111,8,7,17,9,2,03中山區,中山區中山橋往南機車道,0,0,2,3,C03,8,1,5,30,8,11,1,5,4,5,7,4,4,1,1,1,1,12,2,20,2,9,3,4,7,9,1,10,1,11,,44,7,1,22,9,121.5254882,25.07591806
111,8,7,17,20,2,06松山區,松山區民權東路3段160巷與敦化北路244巷口,0,0,1,1,C03,8,1,5,30,5,1,1,5,4,5,7,4,4,10,5,5,2,15,1,37,2,8,1,1,7,9,1,10,1,11,,6,6,1,22,9,121.5479178,25.06093562
111,8,7,17,20,2,06松山區,松山區民權東路3段160巷與敦化北路244巷口,0,0,1,2,B03,8,1,5,30,5,1,1,5,4,5,7,4,4,10,5,5,2,15,1,44,3,10,1,1,7,9,1,8,1,8,,14,6,1,22,9,121.5479178,25.06093562
111,8,7,17,32,2,03中山區,中山區長安東路2段與建國北路1段口,0,0,1,1,B03,8,1,5,50,4,1,1,5,4,5,7,2,1,9,4,5,2,16,1,51,3,10,1,1,7,9,1,8,1,2,,25,25,1,5,5,121.5364465,25.0484236
111,8,7,17,32,2,03中山區,中山區長安東路2段與建國北路1段口,0,0,1,2,C03,8,1,5,50,4,1,1,5,4,5,7,2,1,9,4,5,2,16,1,28,2,9,1,1,7,11,1,10,1,14,,44,25,1,5,3,121.5364465,25.0484236
111,8,7,18,15,2,08士林區,士林區仰德大道2段11巷與仰德大道2段口,0,0,1,1,B03,8,1,5,40,3,1,1,5,4,5,7,4,4,5,5,5,2,17,1,20,3,10,1,1,7,6,1,8,1,6,,9,9,1,22,9,121.5417761,25.1034826
111,8,7,18,15,2,08士林區,士林區仰德大道2段11巷與仰德大道2段口,0,0,1,2,C03,8,1,5,40,3,1,1,5,4,5,7,4,4,5,5,5,2,17,1,37,2,9,1,1,7,9,1,10,1,11,,44,9,1,22,9,121.5417761,25.1034826
111,8,7,18,20,2,09北投區,北投區明德路與東陽街口,0,0,1,1,B03,8,1,5,50,3,2,1,5,4,5,7,1,1,9,4,5,1,11,1,38,3,10,1,1,7,11,1,4,1,8,,10,10,1,22,9,121.5214637,25.11182171
111,8,7,18,20,2,09北投區,北投區明德路與東陽街口,0,0,1,2,C03,8,1,5,50,3,2,1,5,4,5,7,1,1,9,4,5,1,11,2,21,2,9,1,1,7,9,1,10,1,11,,23,10,1,22,9,121.5214637,25.11182171
111,8,7,18,32,2,09北投區,北投區關渡水岸公園關渡碼頭自行車道關渡河濱151號燈桿,0,0,1,1,F01,8,1,8,0,15,22,1,5,4,5,7,4,4,10,5,5,2,12,1,39,3,10,1,1,7,4,8,20,1,16,,23,23,1,22,9,121.462204,25.11963785