發生年度,發生月,發生日,發生時-Hours,發生分,處理別-編號,區序,肇事地點,死亡人數,2-30日死亡人數,受傷人數,當事人序號,車種,天候,光線,道路類別,速限-速度限制,道路型態,事故位置,路面狀況1,路面狀況2,路面狀況3,道路障礙1,道路障礙2,號誌1,號誌2,車道劃分-分向,車道劃分-分道1,車道劃分-分道2,車道劃分-分道3,事故類型及型態,性別,年齡,受傷程度,主要傷處,安全帽,行動電話,車輛用途,當事者行動狀態,駕駛資格情形,駕駛執照種類,飲酒情形,車輛撞擊部位1,車輛撞擊部位2,肇因碼-個別,肇因碼-主要,個人肇逃否,職業,旅次目的,座標-X,座標-Y
111,8,7,18,32,2,09北投區,北投區關渡水岸公園關渡碼頭自行車道關渡河濱151號燈桿,0,0,1,2,F01,8,1,8,0,15,22,1,5,4,5,7,4,4,10,5,5,2,12,2,10,2,7,1,1,7,9,8,20,1,16,,44,23,1,22,9,121.462204,25.11963785
111,8,7,18,48,2,08士林區,士林區格致路與建業路口,0,0,2,1,B03,8,3,5,40,3,1,1,5,4,5,7,2,1,5,5,5,1,16,1,56,3,10,1,1,7,6,1,8,1,2,,9,9,1,21,8,121.546098,25.1356849
111,8,7,18,48,2,08士林區,士林區格致路與建業路口,0,0,2,2,C03,8,3,5,40,3,1,1,5,4,5,7,2,1,5,5,5,1,16,1,36,2,9,1,1,7,9,1,10,1,14,,44,9,1,21,8,121.546098,25.1356849
111,8,7,18,48,2,08士林區,士林區格致路與建業路口,0,0,2,3,H02,8,3,5,40,3,1,1,5,4,5,7,2,1,5,5,5,1,16,2,35,2,7,1,1,7,17,8,20,10,16,,67,9,1,21,8,121.546098,25.1356849
111,8,7,18,50,2,04大安區,大安區復興南路1段與大安路1段116巷口,0,0,1,1,C03,8,3,5,50,14,9,1,5,4,5,7,2,1,10,1,5,2,13,2,35,2,7,1,1,7,9,1,10,2,11,,16,16,1,22,9,121.5438557,25.03984295
111,8,7,18,50,2,04大安區,大安區復興南路1段與大安路1段116巷口,0,0,1,2,B01,8,3,5,50,14,9,1,5,4,5,7,2,1,10,1,5,2,13,1,63,3,10,1,1,7,12,1,4,2,7,,44,16,1,22,9,121.5438557,25.03984295
111,8,7,18,50,2,04大安區,大安區復興南路1段與大安路1段116巷口,0,0,1,3,B03,8,3,5,50,14,9,1,5,4,5,7,2,1,10,1,5,2,13,1,53,3,10,1,1,7,12,1,8,2,2,,44,16,1,22,9,121.5438557,25.03984295
111,8,7,19,23,2,07信義區,信義區吳興街163號,0,0,1,1,C03,8,3,5,50,14,9,1,5,4,4,7,4,4,9,4,5,2,3,2,26,3,10,1,1,7,9,1,10,1,12,,23,23,1,22,8,121.5621989,25.02885276
111,8,7,19,23,2,07信義區,信義區吳興街163號,0,0,1,2,H01,8,3,5,50,14,9,1,5,4,4,7,4,4,9,4,5,2,3,1,68,2,8,4,5,8,16,8,20,10,16,,51,23,1,22,8,121.5621989,25.02885276
111,8,7,19,23,2,07信義區,信義區吳興街163號,0,0,1,3,H02,8,3,5,50,14,9,1,5,4,4,7,4,4,9,4,5,2,3,2,32,3,10,1,5,7,17,8,20,10,16,,67,23,1,22,9,121.5621989,25.02885276
111,8,7,19,31,2,02萬華區,萬華區萬大路與萬大路186巷口,0,0,2,1,C03,8,3,5,30,4,1,1,5,4,5,7,2,1,1,5,5,2,16,2,56,3,10,1,1,7,6,1,10,1,13,,43,43,1,22,9,121.500504,25.02785707
111,8,7,19,31,2,02萬華區,萬華區萬大路與萬大路186巷口,0,0,2,2,C03,8,3,5,30,4,1,1,5,4,5,7,2,1,1,5,5,2,16,1,48,2,9,1,1,7,9,1,10,1,11,,43,43,1,22,9,121.500504,25.02785707
111,8,7,19,31,2,02萬華區,萬華區萬大路與萬大路186巷口,0,0,2,3,H02,8,3,5,30,4,1,1,5,4,5,7,2,1,1,5,5,2,16,2,18,2,9,4,5,7,20,8,20,10,16,,67,43,1,22,9,121.500504,25.02785707
111,8,7,19,55,2,07信義區,信義區松山路與松德路口,0,0,1,1,B03,8,1,5,50,4,2,1,5,4,5,7,1,1,1,4,5,2,17,1,39,3,10,3,4,7,6,1,8,1,5,,9,9,1,22,9,121.5777031,25.0395726
111,8,7,19,55,2,07信義區,信義區松山路與松德路口,0,0,1,2,C03,8,1,5,50,4,2,1,5,4,5,7,1,1,1,4,5,2,17,2,50,2,9,3,4,7,6,1,10,1,13,,44,9,1,22,9,121.5777031,25.0395726
111,8,7,20,30,2,04大安區,大安區復興南路2段與復興南路2段78巷口,0,0,1,1,B03,6,3,5,50,4,1,1,4,4,5,7,2,1,1,4,5,2,9,2,65,3,10,1,1,7,5,1,4,1,1,,15,,1,22,9,121.5436049,25.0311418
111,8,7,20,30,2,04大安區,大安區復興南路2段與復興南路2段78巷口,0,0,1,2,H01,6,3,5,50,4,1,1,4,4,5,7,2,1,1,4,5,2,9,2,39,2,9,4,5,8,16,8,20,10,16,,67,,1,22,9,121.5436049,25.0311418
111,8,7,20,45,2,10文山區,文山區羅斯福路6段48號對面,0,0,1,1,B03,8,3,5,50,14,9,1,5,4,5,7,4,4,1,4,5,2,12,1,52,3,10,1,1,7,8,1,8,2,5,,7,7,1,22,9,121.5400631,24.99945979
111,8,7,20,45,2,10文山區,文山區羅斯福路6段48號對面,0,0,1,2,C03,8,3,5,50,14,9,1,5,4,5,7,4,4,1,4,5,2,12,2,40,2,5,1,1,7,9,1,10,2,14,,44,7,1,22,9,121.5400631,24.99945979
111,8,7,21,8,2,08士林區,士林區基河路與美崙街口,0,0,1,1,B03,6,3,5,50,3,2,1,4,4,5,7,2,1,5,4,5,1,3,1,29,3,10,1,1,7,5,1,8,1,8,,15,15,1,21,8,121.5184295,25.09512489
111,8,7,21,8,2,08士林區,士林區基河路與美崙街口,0,0,1,2,H01,6,3,5,50,3,2,1,4,4,5,7,2,1,5,4,5,1,3,2,71,2,9,4,5,8,16,8,20,10,16,,67,15,1,21,8,121.5184295,25.09512489
111,8,7,21,12,2,05中正區,中正區中華路1段與長沙街1段口,0,0,1,1,B02,8,3,5,50,4,1,1,5,4,5,7,1,1,10,3,5,2,11,2,22,3,10,1,1,7,5,1,8,2,5,,8,8,1,22,9,121.5078744,25.0404846
111,8,7,21,12,2,05中正區,中正區中華路1段與長沙街1段口,0,0,1,2,C03,8,3,5,50,4,1,1,5,4,5,7,1,1,10,3,5,2,11,1,71,2,9,1,1,7,9,1,10,2,11,,44,8,1,22,9,121.5078744,25.0404846
111,8,7,21,14,2,10文山區,文山區興隆路3段與萬芳路口,0,0,1,1,C03,8,1,5,50,4,1,1,5,4,5,7,1,1,1,4,5,2,16,1,48,2,9,1,1,7,5,1,10,1,12,,26,26,1,22,9,121.5598734,24.9967506
111,8,7,21,14,2,10文山區,文山區興隆路3段與萬芳路口,0,0,1,2,B03,8,1,5,50,4,1,1,5,4,5,7,1,1,1,4,5,2,16,1,55,3,10,1,1,7,9,1,8,1,1,,44,26,1,22,9,121.5598734,24.9967506
111,8,7,22,22,2,05中正區,中正區新生南路1段170巷,0,0,2,1,B12,8,3,5,50,3,1,1,5,4,5,7,4,4,3,4,4,1,12,1,45,3,10,1,1,7,6,1,8,2,5,,9,9,1,22,9,121.5325303,25.034236
111,8,7,22,22,2,05中正區,中正區新生南路1段170巷,0,0,2,2,C03,8,3,5,50,3,1,1,5,4,5,7,4,4,3,4,4,1,12,2,21,2,9,1,1,7,9,1,10,2,14,,23,9,1,22,9,121.5325303,25.034236
111,8,7,22,22,2,05中正區,中正區新生南路1段170巷,0,0,2,3,H02,8,3,5,50,3,1,1,5,4,5,7,4,4,3,4,4,1,12,2,13,2,9,1,5,7,20,8,20,10,16,,67,9,1,22,9,121.5325303,25.034236
111,8,7,22,35,2,06松山區,松山區民權東路4段與光復北路口,0,0,1,1,B03,8,3,5,0,4,4,1,5,4,5,7,1,1,1,4,4,2,13,1,47,4,11,3,4,7,15,7,19,2,15,,23,23,2,22,9,121.5545966,25.0618458
111,8,7,22,35,2,06松山區,松山區民權東路4段與光復北路口,0,0,1,2,C03,8,3,5,0,4,4,1,5,4,5,7,1,1,1,4,4,2,13,2,47,2,9,1,1,7,14,1,10,2,13,,44,23,1,22,9,121.5545966,25.0618458
111,8,8,2,15,2,07信義區,信義區忠孝東路5段236巷與松高路口口,0,0,4,1,C03,8,3,5,50,4,1,1,5,4,5,7,3,1,9,2,5,2,15,2,21,2,9,1,1,7,9,1,10,1,14,,6,6,1,22,9,121.5718671,25.0390778
111,8,8,2,15,2,07信義區,信義區忠孝東路5段236巷與松高路口口,0,0,4,2,C03,8,3,5,50,4,1,1,5,4,5,7,3,1,9,2,5,2,15,2,24,2,9,1,1,7,9,1,10,1,11,,14,6,1,22,9,121.5718671,25.0390778
111,8,8,2,15,2,07信義區,信義區忠孝東路5段236巷與松高路口口,0,0,4,3,H02,8,3,5,50,4,1,1,5,4,5,7,3,1,9,2,5,2,15,2,57,2,9,1,5,7,20,8,20,10,16,,67,6,1,22,9,121.5718671,25.0390778
111,8,8,2,15,2,07信義區,信義區忠孝東路5段236巷與松高路口口,0,0,4,4,H02,8,3,5,50,4,1,1,5,4,5,7,3,1,9,2,5,2,15,2,25,2,9,1,5,7,20,8,20,10,16,,67,6,1,22,9,121.5718671,25.0390778
111,8,8,6,50,2,03中山區,中山區長春路與復興北路口,0,0,1,1,B01,8,1,5,50,4,1,1,5,4,5,7,1,1,3,4,5,2,17,2,29,3,10,1,1,7,5,1,4,1,2,,25,25,1,22,9,121.5440332,25.0545709
111,8,8,6,50,2,03中山區,中山區長春路與復興北路口,0,0,1,2,C03,8,1,5,50,4,1,1,5,4,5,7,1,1,3,4,5,2,17,2,26,2,9,1,1,7,9,1,10,1,11,,26,25,1,22,9,121.5440332,25.0545709
111,8,8,7,2,2,04大安區,大安區市民大道4段與敦化南路1段口,0,0,1,1,C03,8,1,5,40,4,1,1,5,4,5,7,1,1,5,2,4,2,15,1,67,2,9,1,1,7,9,1,10,2,14,,25,25,1,22,9,121.5488738,25.04470109
111,8,8,7,2,2,04大安區,大安區市民大道4段與敦化南路1段口,0,0,1,2,B12,8,1,5,40,4,1,1,5,4,5,7,1,1,5,2,4,2,15,1,44,3,10,1,1,7,9,1,8,2,1,,13,25,1,22,9,121.5488738,25.04470109
111,8,8,7,49,2,04大安區,大安區雲和街與雲和街99巷口,0,0,1,1,C03,8,1,5,30,4,1,1,5,4,5,7,4,4,10,5,5,2,15,2,48,2,9,3,4,7,9,1,10,1,12,,6,6,1,22,9,121.5319943,25.02326628
111,8,8,7,49,2,04大安區,大安區雲和街與雲和街99巷口,0,0,1,2,B03,8,1,5,30,4,1,1,5,4,5,7,4,4,10,5,5,2,15,1,43,3,10,3,4,7,9,1,8,1,8,,23,6,1,22,9,121.5319943,25.02326628
111,8,8,8,5,2,01大同區,大同區民生西路與西寧北路口,0,0,2,1,C03,8,1,5,50,4,1,1,5,4,5,7,2,1,5,5,5,2,16,1,32,2,8,1,1,7,5,1,10,2,12,,6,6,1,22,9,121.5090089,25.0568884
111,8,8,8,5,2,01大同區,大同區民生西路與西寧北路口,0,0,2,2,C03,8,1,5,50,4,1,1,5,4,5,7,2,1,5,5,5,2,16,2,51,2,9,1,1,7,9,1,10,2,11,,44,6,1,22,9,121.5090089,25.0568884
111,8,8,8,15,2,01大同區,大同區民族西路76巷與民族西路76巷2弄口,0,0,1,1,C03,8,1,5,30,4,1,1,5,4,5,7,4,4,10,5,5,2,16,2,53,2,4,1,1,7,5,1,10,1,11,,6,6,1,22,9,121.5177565,25.06802769
111,8,8,8,15,2,01大同區,大同區民族西路76巷與民族西路76巷2弄口,0,0,1,2,B03,8,1,5,30,4,1,1,5,4,5,7,4,4,10,5,5,2,16,2,48,3,10,1,1,7,9,1,8,1,4,,14,6,1,22,9,121.5177565,25.06802769
111,8,8,8,20,2,12內湖區,內湖區潭美街852號,0,0,2,1,C03,8,1,5,40,14,9,1,5,4,5,7,4,4,4,5,5,1,13,1,26,2,9,3,4,7,9,1,10,1,11,,16,16,1,22,9,121.6082068,25.0629328
111,8,8,8,20,2,12內湖區,內湖區潭美街852號,0,0,2,2,C03,8,1,5,40,14,9,1,5,4,5,7,4,4,4,5,5,1,13,2,35,2,8,3,4,7,14,1,10,1,13,,44,16,1,22,9,121.6082068,25.0629328
111,8,8,8,20,2,12內湖區,內湖區潭美街852號,0,0,2,3,C03,8,1,5,40,14,9,1,5,4,5,7,4,4,4,5,5,1,13,1,41,3,10,3,4,7,14,1,10,1,13,,44,16,1,22,9,121.6082068,25.0629328
111,8,8,8,20,2,12內湖區,內湖區潭美街852號,0,0,2,4,B01,8,1,5,40,14,9,1,5,4,5,7,4,4,4,5,5,1,13,2,40,3,10,3,4,7,5,1,4,1,15,,44,16,1,22,9,121.6082068,25.0629328
111,8,8,8,25,2,03中山區,中山區中山北路2段與民權西路口,0,0,1,1,B12,8,1,5,50,4,1,1,5,4,5,7,1,1,3,4,5,2,12,1,63,3,10,1,1,7,9,1,8,1,2,,23,23,1,22,9,121.5225266,25.06270418
111,8,8,8,25,2,03中山區,中山區中山北路2段與民權西路口,0,0,1,2,C03,8,1,5,50,4,1,1,5,4,5,7,1,1,3,4,5,2,12,2,26,2,9,1,1,7,9,1,10,1,14,,17,23,1,22,9,121.5225266,25.06270418
111,8,8,8,26,2,06松山區,松山區南京東路3段337號,0,0,1,1,B02,8,1,5,50,14,8,1,5,4,5,7,2,1,1,4,1,2,12,1,22,3,10,1,1,7,6,1,8,1,2,,9,9,1,22,9,121.5487181,25.05180608
111,8,8,8,26,2,06松山區,松山區南京東路3段337號,0,0,1,2,C03,8,1,5,50,14,8,1,5,4,5,7,2,1,1,4,1,2,12,1,21,2,9,1,1,7,9,1,10,1,11,,44,9,1,22,9,121.5487181,25.05180608
111,8,8,8,28,2,04大安區,大安區敦南街76巷與辛亥路3段口,0,0,2,1,C03,8,1,5,50,3,2,1,5,4,5,7,4,4,8,3,5,1,17,1,23,2,8,1,1,7,15,1,10,1,12,,6,6,1,21,5,121.5461296,25.02007806
111,8,8,8,28,2,04大安區,大安區敦南街76巷與辛亥路3段口,0,0,2,2,C03,8,1,5,50,3,2,1,5,4,5,7,4,4,8,3,5,1,17,1,23,2,9,1,1,7,9,1,10,1,11,,14,6,1,5,1,121.5461296,25.02007806
111,8,8,8,30,2,06松山區,松山區民權東路5段與三民路口,0,0,1,1,C03,8,1,5,50,3,1,1,5,4,5,7,1,1,1,4,5,2,13,1,27,3,10,1,1,7,9,1,10,1,11,,23,23,1,22,9,121.5630906,25.0628984
111,8,8,8,30,2,06松山區,松山區民權東路5段與三民路口,0,0,1,2,C03,8,1,5,50,3,1,1,5,4,5,7,1,1,1,4,5,2,13,1,35,2,9,1,1,7,14,1,10,1,14,,44,23,1,22,9,121.5630906,25.0628984
111,8,8,8,49,2,05中正區,中正區金山南路1段125-3號,0,0,1,1,C02,8,1,5,50,14,9,1,5,4,5,7,4,4,1,4,5,2,17,1,29,2,9,1,1,7,7,1,9,1,11,,16,16,1,22,1,121.5276543,25.03574595
111,8,8,8,49,2,05中正區,中正區金山南路1段125-3號,0,0,1,2,B03,8,1,5,50,14,9,1,5,4,5,7,4,4,1,4,5,2,17,1,38,3,10,1,1,7,12,1,8,1,7,,42,16,1,22,1,121.5276543,25.03574595
111,8,8,8,57,2,03中山區,中山區林森北路638號,0,0,1,1,B03,8,1,5,50,14,9,1,5,4,5,7,4,4,9,5,5,2,16,1,30,3,10,3,4,7,11,1,8,1,8,,10,10,1,22,9,121.5257231,25.06769396
111,8,8,8,57,2,03中山區,中山區林森北路638號,0,0,1,2,C03,8,1,5,50,14,9,1,5,4,5,7,4,4,9,5,5,2,16,2,50,2,9,3,4,7,9,1,10,1,12,,23,10,1,22,9,121.5257231,25.06769396
111,8,8,9,0,2,09北投區,北投區行義路170巷與行義路口,0,0,1,1,B03,8,1,5,30,3,1,1,5,4,5,7,4,4,10,5,5,2,16,1,76,3,10,1,1,7,5,1,8,2,1,,6,6,1,22,9,121.5281822,25.1314408
111,8,8,9,0,2,09北投區,北投區行義路170巷與行義路口,0,0,1,2,C03,8,1,5,30,3,1,1,5,4,5,7,4,4,10,5,5,2,16,2,75,2,9,1,1,7,9,4,8,9,12,,23,6,1,22,9,121.5281822,25.1314408
111,8,8,9,19,2,09北投區,北投區中央北路4段與大度路3段口西往東,0,0,1,1,C03,8,1,5,50,4,2,1,5,4,5,7,1,1,9,1,4,1,13,1,34,2,8,1,1,7,9,1,10,1,11,,43,43,1,22,9,121.4643458,25.12372897
111,8,8,9,19,2,09北投區,北投區中央北路4段與大度路3段口西往東,0,0,1,2,C03,8,1,5,50,4,2,1,5,4,5,7,1,1,9,1,4,1,13,1,21,3,10,1,1,7,9,1,10,1,11,,43,43,1,22,9,121.4643458,25.12372897
111,8,8,9,20,2,09北投區,北投區立農街1段187巷與公館路423巷口,0,0,2,1,C03,8,1,5,30,4,1,1,5,4,5,7,3,1,10,5,5,2,16,1,52,3,10,3,4,7,9,1,10,1,12,,6,6,1,22,9,121.5042797,25.120146
111,8,8,9,20,2,09北投區,北投區立農街1段187巷與公館路423巷口,0,0,2,2,C03,8,1,5,30,4,1,1,5,4,5,7,3,1,10,5,5,2,16,2,43,2,8,3,4,7,9,1,10,1,11,,44,6,1,22,9,121.5042797,25.120146
111,8,8,9,20,2,09北投區,北投區立農街1段187巷與公館路423巷口,0,0,2,3,H02,8,1,5,30,4,1,1,5,4,5,7,3,1,10,5,5,2,16,2,6,2,8,4,5,7,20,8,20,10,16,,67,6,1,22,9,121.5042797,25.120146
111,8,8,9,24,2,12內湖區,內湖區堤頂大道2段17號,0,0,1,1,C03,8,1,5,50,14,9,1,5,4,5,7,4,4,1,4,5,2,17,1,30,3,10,1,1,7,9,1,9,1,11,,16,16,1,22,9,121.5718508,25.07550422
111,8,8,9,24,2,12內湖區,內湖區堤頂大道2段17號,0,0,1,2,B12,8,1,5,50,14,9,1,5,4,5,7,4,4,1,4,5,2,17,1,42,3,10,1,1,7,9,1,8,1,6,,44,16,1,22,9,121.5718508,25.07550422
111,8,8,9,24,2,12內湖區,內湖區堤頂大道2段17號,0,0,1,3,C03,8,1,5,50,14,9,1,5,4,5,7,4,4,1,4,5,2,17,1,67,2,9,1,1,7,9,1,10,1,14,,44,16,1,22,9,121.5718508,25.07550422
111,8,8,9,33,2,03中山區,中山區中山北路2段84巷25號,0,0,1,1,B03,8,1,5,30,14,9,1,5,4,5,7,4,4,10,5,5,2,16,2,50,3,10,3,4,7,14,1,8,1,4,,38,38,1,22,9,121.5219645,25.05726943
111,8,8,9,33,2,03中山區,中山區中山北路2段84巷25號,0,0,1,2,C03,8,1,5,30,14,9,1,5,4,5,7,4,4,10,5,5,2,16,2,59,2,9,3,4,7,9,1,10,1,11,,44,38,1,22,9,121.5219645,25.05726943
111,8,8,9,33,2,03中山區,中山區中山北路2段84巷25號,0,0,1,3,H02,8,1,5,30,14,9,1,5,4,5,7,4,4,10,5,5,2,16,1,10,3,10,4,5,7,19,8,20,10,16,,56,38,1,22,9,121.5219645,25.05726943
111,8,8,9,40,2,11南港區,南港區重陽路與三重路口口,0,0,1,1,B12,8,1,5,50,4,1,1,5,4,5,7,1,1,5,4,5,2,12,1,45,3,10,1,1,7,6,1,7,1,5,,9,9,1,22,9,121.6132823,25.06220425
111,8,8,9,40,2,11南港區,南港區重陽路與三重路口口,0,0,1,2,C04,8,1,5,50,4,1,1,5,4,5,7,1,1,5,4,5,2,12,1,35,2,7,1,1,7,9,1,10,1,14,,44,9,1,22,9,121.6132823,25.06220425
111,8,8,9,47,2,04大安區,大安區市民大道3段86號,0,0,1,1,B03,8,1,5,40,14,9,1,5,4,5,7,4,4,1,4,5,1,12,1,38,3,10,1,1,7,9,1,8,1,8,,17,17,1,22,9,121.5334497,25.04517729
111,8,8,9,47,2,04大安區,大安區市民大道3段86號,0,0,1,2,C03,8,1,5,40,14,9,1,5,4,5,7,4,4,1,4,5,1,12,2,45,2,8,1,1,7,9,1,10,1,12,,17,17,1,22,9,121.5334497,25.04517729
111,8,8,9,50,2,04大安區,大安區復興南路2段151巷30弄與復興南路口側附近2段151巷口,0,0,2,1,C03,8,1,5,40,3,1,1,5,4,5,7,4,4,5,5,5,2,17,1,29,2,9,1,1,7,5,1,10,1,14,,8,8,1,22,9,121.5453344,25.0282936
111,8,8,9,50,2,04大安區,大安區復興南路2段151巷30弄與復興南路口側附近2段151巷口,0,0,2,2,C03,8,1,5,40,3,1,1,5,4,5,7,4,4,5,5,5,2,17,1,30,2,9,1,1,7,9,1,10,1,12,,26,8,1,22,9,121.5453344,25.0282936
111,8,8,10,10,2,05中正區,中正區林森南路與徐州路口,0,0,2,1,B03,8,1,5,50,4,2,1,5,4,5,7,1,1,10,5,5,2,16,1,26,3,10,1,1,7,6,1,8,2,5,,23,23,1,22,9,121.5222129,25.04098859
111,8,8,10,10,2,05中正區,中正區林森南路與徐州路口,0,0,2,2,F02,8,1,5,50,4,2,1,5,4,5,7,1,1,10,5,5,2,16,1,31,2,8,1,1,7,6,8,20,2,16,,23,23,1,22,9,121.5222129,25.04098859
111,8,8,10,10,2,05中正區,中正區林森南路與徐州路口,0,0,2,3,H02,8,1,5,50,4,2,1,5,4,5,7,1,1,10,5,5,2,16,2,30,2,8,4,5,7,20,8,20,10,16,,67,23,1,22,9,121.5222129,25.04098859
111,8,8,10,20,2,05中正區,中正區中山南路與常德街口,0,0,1,1,C03,8,1,5,50,3,2,1,5,4,5,7,1,1,1,3,1,2,13,1,38,3,10,1,4,7,9,1,10,1,11,,16,16,1,22,9,121.5182722,25.0407128
111,8,8,10,20,2,05中正區,中正區中山南路與常德街口,0,0,1,2,C03,8,1,5,50,3,2,1,5,4,5,7,1,1,1,3,1,2,13,2,42,2,9,1,1,7,14,1,10,1,13,,44,16,1,22,9,121.5182722,25.0407128
111,8,8,10,20,2,12內湖區,內湖區民權東路6段135巷與民權東路6段123巷43弄口,0,0,1,1,B01,8,1,5,30,3,2,1,5,4,5,7,4,4,5,5,5,1,13,1,49,3,10,3,4,7,5,1,4,1,1,,23,23,1,22,9,121.5940797,25.07040505
111,8,8,10,20,2,12內湖區,內湖區民權東路6段135巷與民權東路6段123巷43弄口,0,0,1,2,C03,8,1,5,30,3,2,1,5,4,5,7,4,4,5,5,5,1,13,2,65,2,9,3,4,7,14,1,10,1,13,,44,23,1,22,9,121.5940797,25.07040505
111,8,8,10,35,2,04大安區,大安區忠孝東路3段249號,0,0,1,1,C03,8,1,5,50,14,9,1,5,4,5,7,4,4,1,3,5,2,16,2,23,2,9,1,1,7,9,1,10,1,11,,13,13,1,22,9,121.5414331,25.0417435
111,8,8,10,35,2,04大安區,大安區忠孝東路3段249號,0,0,1,2,B01,8,1,5,50,14,9,1,5,4,5,7,4,4,1,3,5,2,16,1,48,3,10,1,1,7,1,1,4,1,4,,19,13,1,22,9,121.5414331,25.0417435
111,8,8,11,11,2,09北投區,北投區東華街2段414號,0,0,1,1,C03,8,1,5,40,14,9,1,5,4,5,7,4,4,10,4,5,2,13,2,30,2,4,1,1,7,9,1,10,1,11,,23,23,1,22,9,121.5030622,25.1218062
111,8,8,11,11,2,09北投區,北投區東華街2段414號,0,0,1,2,B03,8,1,5,40,14,9,1,5,4,5,7,4,4,10,4,5,2,13,2,52,3,10,1,1,7,15,1,8,1,3,,44,23,1,22,9,121.5030622,25.1218062
111,8,8,11,24,2,06松山區,松山區八德路4段與塔悠路口,0,0,1,1,C03,8,1,5,50,5,1,1,5,4,5,7,2,1,1,4,5,2,16,1,52,3,10,3,4,7,5,1,10,1,14,,17,17,1,22,9,121.5721711,25.0500462
111,8,8,11,24,2,06松山區,松山區八德路4段與塔悠路口,0,0,1,2,B12,8,1,5,50,5,1,1,5,4,5,7,2,1,1,4,5,2,16,1,38,3,10,3,4,7,9,1,8,1,2,,17,17,1,22,9,121.5721711,25.0500462
111,8,8,11,24,2,06松山區,松山區八德路4段與塔悠路口,0,0,1,3,H02,8,1,5,50,5,1,1,5,4,5,7,2,1,1,4,5,2,16,2,55,2,8,3,4,7,20,8,20,10,15,,67,17,1,22,9,121.5721711,25.0500462
111,8,8,11,30,2,04大安區,大安區通化街39巷50弄與通化街123巷口,0,0,2,1,C03,8,1,5,30,5,2,1,5,4,5,7,4,4,8,3,5,1,16,2,64,2,8,1,1,7,9,1,10,1,12,,6,6,1,22,9,121.5549692,25.0290442
111,8,8,11,30,2,04大安區,大安區通化街39巷50弄與通化街123巷口,0,0,2,2,C03,8,1,5,30,5,2,1,5,4,5,7,4,4,8,3,5,1,16,1,41,2,7,1,1,7,9,1,10,1,11,,14,6,1,22,9,121.5549692,25.0290442
111,8,8,11,45,2,05中正區,中正區館前路77號,0,0,1,1,B01,8,1,5,50,14,9,1,5,4,5,7,4,4,10,4,5,1,12,1,67,3,10,1,2,7,9,1,4,2,2,,23,23,1,22,9,121.5150321,25.043738
111,8,8,11,45,2,05中正區,中正區館前路77號,0,0,1,2,C03,8,1,5,50,14,9,1,5,4,5,7,4,4,10,4,5,1,12,2,41,2,9,1,1,7,7,1,10,2,14,,7,23,1,22,9,121.5150321,25.043738
111,8,8,11,55,2,09北投區,北投區石牌路2段201號,0,0,1,1,B03,8,1,5,50,15,9,1,5,4,5,7,2,1,5,4,5,2,12,1,71,3,10,1,1,7,15,1,8,1,2,,17,17,1,22,9,121.52016,25.11872458
111,8,8,11,55,2,09北投區,北投區石牌路2段201號,0,0,1,2,C03,8,1,5,50,15,9,1,5,4,5,7,2,1,5,4,5,2,12,2,39,2,7,1,1,7,15,1,10,1,15,,17,17,1,22,9,121.52016,25.11872458
111,8,8,12,42,2,01大同區,大同區重慶北路3段與重慶北路口南往北,0,0,1,1,B03,8,1,5,30,3,2,1,5,4,5,7,4,4,10,5,5,2,13,1,43,3,10,3,4,7,6,1,8,2,6,,9,9,1,22,9,121.5149871,25.07659395
111,8,8,12,42,2,01大同區,大同區重慶北路3段與重慶北路口南往北,0,0,1,2,C03,8,1,5,30,3,2,1,5,4,5,7,4,4,10,5,5,2,13,2,39,2,9,3,4,7,9,1,10,2,11,,23,9,1,22,9,121.5149871,25.07659395
111,8,8,12,50,2,05中正區,中正區公園路與貴陽街1段口,0,0,2,1,C03,8,1,5,50,4,2,1,5,4,5,7,1,1,6,4,4,2,12,1,79,2,7,1,1,7,5,1,10,1,14,,44,44,1,22,9,121.515517,25.0385105
111,8,8,12,50,2,05中正區,中正區公園路與貴陽街1段口,0,0,2,2,C05,8,1,5,50,4,2,1,5,4,5,7,1,1,6,4,4,2,12,2,39,2,8,1,1,7,9,1,11,1,11,,44,44,1,22,9,121.515517,25.0385105
111,8,8,13,7,2,04大安區,大安區敦化南路1段190巷與忠孝東路4段101巷口,0,0,1,1,C03,8,1,5,30,4,1,1,5,4,5,5,4,4,9,5,5,2,17,1,28,3,10,1,4,7,5,1,10,1,14,,6,6,1,22,9,121.5486155,25.0426265
111,8,8,13,7,2,04大安區,大安區敦化南路1段190巷與忠孝東路4段101巷口,0,0,1,2,C03,8,1,5,30,4,1,1,5,4,5,5,4,4,9,5,5,2,17,1,28,2,8,1,4,7,9,1,10,1,11,,44,6,1,22,9,121.5486155,25.0426265
111,8,8,13,7,2,04大安區,大安區敦化南路1段190巷與忠孝東路4段101巷口,0,0,1,3,B03,8,1,5,30,4,1,1,5,4,5,5,4,4,9,5,5,2,17,2,51,3,10,3,4,7,13,1,8,1,15,,38,6,1,22,9,121.5486155,25.0426265
111,8,8,13,36,2,10文山區,文山區木柵路3段9號,0,0,1,1,C03,8,1,5,50,11,9,1,5,4,5,7,4,4,5,5,5,2,17,1,37,2,9,3,4,7,9,1,10,2,11,,23,23,1,22,9,121.5646994,24.98845219
111,8,8,13,36,2,10文山區,文山區木柵路3段9號,0,0,1,2,C03,8,1,5,50,11,9,1,5,4,5,7,4,4,5,5,5,2,17,1,45,3,10,3,4,7,13,1,10,9,11,,42,23,1,22,9,121.5646994,24.98845219