發生年度,發生月,發生日,發生時-Hours,發生分,處理別-編號,區序,肇事地點,死亡人數,2-30日死亡人數,受傷人數,當事人序號,車種,天候,光線,道路類別,速限-速度限制,道路型態,事故位置,路面狀況1,路面狀況2,路面狀況3,道路障礙1,道路障礙2,號誌1,號誌2,車道劃分-分向,車道劃分-分道1,車道劃分-分道2,車道劃分-分道3,事故類型及型態,性別,年齡,受傷程度,主要傷處,安全帽,行動電話,車輛用途,當事者行動狀態,駕駛資格情形,駕駛執照種類,飲酒情形,車輛撞擊部位1,車輛撞擊部位2,肇因碼-個別,肇因碼-主要,個人肇逃否,職業,旅次目的,座標-X,座標-Y
111,8,8,14,0,2,08士林區,士林區士東路266巷20弄與德行東路283巷口,0,0,2,1,C03,8,1,5,30,4,1,1,5,4,5,7,4,4,10,5,5,1,16,2,43,2,9,1,1,7,9,1,10,2,14,,6,6,1,22,9,121.5358694,25.11124738
111,8,8,14,0,2,08士林區,士林區士東路266巷20弄與德行東路283巷口,0,0,2,2,B01,8,1,5,30,4,1,1,5,4,5,7,4,4,10,5,5,1,16,1,45,3,10,1,1,7,9,1,4,2,1,,23,6,1,22,9,121.5358694,25.11124738
111,8,8,14,0,2,08士林區,士林區士東路266巷20弄與德行東路283巷口,0,0,2,3,H02,8,1,5,30,4,1,1,5,4,5,7,4,4,10,5,5,1,16,1,14,2,8,4,5,7,20,8,20,10,16,,67,6,1,22,9,121.5358694,25.11124738
111,8,8,14,20,2,06松山區,松山區南京東路5段與塔悠路口,0,0,1,1,B03,8,1,5,50,4,1,1,5,4,5,7,2,1,9,4,5,2,17,1,48,3,10,1,1,7,11,1,8,1,7,,10,10,1,22,9,121.5702078,25.05143098
111,8,8,14,20,2,06松山區,松山區南京東路5段與塔悠路口,0,0,1,2,C03,8,1,5,50,4,1,1,5,4,5,7,2,1,9,4,5,2,17,1,26,2,8,1,1,7,5,1,9,1,12,,8,10,1,22,9,121.5702078,25.05143098
111,8,8,14,32,2,07信義區,信義區忠孝東路5段與松山路口,0,0,1,1,C03,8,1,5,50,4,1,1,5,4,5,7,2,1,3,4,5,2,17,1,19,3,10,1,1,7,15,1,10,1,13,,6,6,1,22,9,121.5779295,25.0408294
111,8,8,14,32,2,07信義區,信義區忠孝東路5段與松山路口,0,0,1,2,C03,8,1,5,50,4,1,1,5,4,5,7,2,1,3,4,5,2,17,1,52,2,9,1,1,7,9,1,10,1,11,,44,6,1,22,9,121.5779295,25.0408294
111,8,8,14,44,2,02萬華區,萬華區康定路與桂林路口,0,0,1,1,C03,8,1,5,50,4,1,1,5,4,5,7,1,1,9,4,5,2,12,1,40,3,10,1,1,7,5,1,10,1,13,,43,43,1,22,9,121.5018249,25.0384371
111,8,8,14,44,2,02萬華區,萬華區康定路與桂林路口,0,0,1,2,C03,8,1,5,50,4,1,1,5,4,5,7,1,1,9,4,5,2,12,1,29,2,9,1,1,7,9,1,10,1,11,,43,43,1,22,9,121.5018249,25.0384371
111,8,8,14,59,2,03中山區,中山區中山北路2段與民權東路1段口,0,0,1,1,C03,8,1,5,50,4,1,1,5,4,5,7,2,1,1,1,1,1,12,1,38,2,9,3,4,7,9,1,10,3,15,,2,2,1,22,9,121.5228277,25.06239281
111,8,8,14,59,2,03中山區,中山區中山北路2段與民權東路1段口,0,0,1,2,B01,8,1,5,50,4,1,1,5,4,5,7,2,1,1,1,1,1,12,1,64,3,10,3,4,7,4,1,4,2,2,,1,2,1,22,9,121.5228277,25.06239281
111,8,8,15,15,2,08士林區,士林區延平北路7段224號,0,0,1,1,E05,8,1,5,40,14,9,1,5,4,5,7,4,4,9,5,5,2,16,1,40,3,10,1,1,7,1,1,3,2,4,,19,19,1,21,8,121.4890544,25.10180893
111,8,8,15,15,2,08士林區,士林區延平北路7段224號,0,0,1,2,C03,8,1,5,40,14,9,1,5,4,5,7,4,4,9,5,5,2,16,1,38,2,9,1,1,7,9,1,10,2,14,,13,19,1,22,9,121.4890544,25.10180893
111,8,8,15,55,2,09北投區,北投區東華街2段294號,0,0,1,1,C03,8,1,5,50,14,9,1,5,4,5,7,4,4,10,4,5,2,18,2,54,2,9,1,1,7,9,1,10,1,11,,23,23,1,22,9,121.5078448,25.12070938
111,8,8,15,55,2,09北投區,北投區東華街2段294號,0,0,1,2,,8,1,5,50,14,9,1,5,4,5,7,4,4,10,4,5,2,18,3,,,,,,,,,,,,,67,23,1,,,121.5078448,25.12070938
111,8,8,16,3,2,10文山區,文山區木柵路3段35號,0,0,1,1,B03,8,1,5,50,14,9,1,5,4,5,7,4,4,9,5,5,2,14,2,55,3,10,3,4,7,2,1,8,2,3,,12,12,1,22,9,121.5657178,24.98842809
111,8,8,16,3,2,10文山區,文山區木柵路3段35號,0,0,1,2,C03,8,1,5,50,14,9,1,5,4,5,7,4,4,9,5,5,2,14,2,65,2,8,3,4,7,2,1,10,2,11,,42,12,1,22,9,121.5657178,24.98842809
111,8,8,16,25,2,12內湖區,內湖區內湖路1段與內湖路1段120巷口,0,0,2,1,C03,8,1,5,30,4,1,1,5,4,5,7,2,1,1,4,5,1,15,1,30,2,9,1,1,7,9,1,10,1,12,,25,25,1,22,9,121.5634844,25.08313185
111,8,8,16,25,2,12內湖區,內湖區內湖路1段與內湖路1段120巷口,0,0,2,2,C03,8,1,5,30,4,1,1,5,4,5,7,2,1,1,4,5,1,15,1,21,2,9,1,1,7,9,3,18,1,15,,42,25,1,22,9,121.5634844,25.08313185
111,8,8,17,7,2,07信義區,信義區松山路615巷與松山路541巷14弄口口,0,0,1,1,C03,8,1,5,30,3,2,1,5,4,5,7,4,4,10,5,5,2,17,1,64,2,9,3,4,7,9,3,18,2,11,,23,23,1,22,9,121.5788627,25.0368087
111,8,8,17,7,2,07信義區,信義區松山路615巷與松山路541巷14弄口口,0,0,1,2,B12,8,1,5,30,3,2,1,5,4,5,7,4,4,10,5,5,2,17,1,33,3,10,3,4,7,13,1,8,2,3,,38,23,1,22,9,121.5788627,25.0368087
111,8,8,17,7,2,07信義區,信義區松山路615巷與松山路541巷14弄口口,0,0,1,3,B03,8,1,5,30,3,2,1,5,4,5,7,4,4,10,5,5,2,17,1,66,3,10,3,4,7,13,1,8,9,15,,38,23,1,22,9,121.5788627,25.0368087
111,8,8,17,23,2,02萬華區,萬華區西昌街與長沙街2段口,0,0,1,1,C03,8,1,5,50,4,1,1,5,4,5,7,2,1,5,5,5,2,3,1,51,3,10,1,1,7,6,6,10,1,11,,25,25,1,22,9,121.5007391,25.04105955
111,8,8,17,23,2,02萬華區,萬華區西昌街與長沙街2段口,0,0,1,2,H01,8,1,5,50,4,1,1,5,4,5,7,2,1,5,5,5,2,3,1,61,2,8,4,5,8,16,8,20,1,16,,67,25,1,22,9,121.5007391,25.04105955
111,8,8,17,30,2,09北投區,北投區大同街33號,0,0,1,1,C03,8,1,5,50,14,9,1,5,4,5,7,4,4,8,3,5,2,13,1,18,2,8,1,1,7,9,1,10,1,11,,44,44,1,22,9,121.4990073,25.13309401
111,8,8,17,30,2,09北投區,北投區大同街33號,0,0,1,2,C03,8,1,5,50,14,9,1,5,4,5,7,4,4,8,3,5,2,13,1,65,3,10,1,1,7,9,1,10,1,13,,44,44,1,22,9,121.4990073,25.13309401
111,8,8,18,4,2,01大同區,大同區民族西路與大龍街口,0,0,1,1,B12,7,1,5,50,4,1,1,5,4,5,7,2,1,5,4,5,2,11,1,29,3,10,3,4,7,5,1,8,1,5,,8,8,1,22,9,121.515909,25.0686288
111,8,8,18,4,2,01大同區,大同區民族西路與大龍街口,0,0,1,2,C03,7,1,5,50,4,1,1,5,4,5,7,2,1,5,4,5,2,11,1,26,2,8,1,4,7,9,1,10,1,11,,13,8,1,22,9,121.515909,25.0686288
111,8,8,18,50,2,06松山區,松山區市民大道4段37巷1號,0,0,2,1,B03,7,3,5,30,14,9,1,5,4,5,7,4,4,10,5,5,2,17,1,38,2,1,1,1,7,1,1,8,1,1,,19,19,1,22,9,121.5449337,25.04525299
111,8,8,18,50,2,06松山區,松山區市民大道4段37巷1號,0,0,2,2,C03,7,3,5,30,14,9,1,5,4,5,7,4,4,10,5,5,2,17,1,23,2,9,1,1,7,9,1,10,1,14,,44,19,1,22,9,121.5449337,25.04525299
111,8,8,19,21,2,02萬華區,萬華區西寧南路219號,0,0,1,1,F01,8,3,5,50,15,9,1,5,4,5,7,1,1,10,5,5,2,17,1,80,2,9,3,4,7,11,8,20,9,16,,25,25,1,22,9,121.5060951,25.04059313
111,8,8,19,21,2,02萬華區,萬華區西寧南路219號,0,0,1,2,C03,8,3,5,50,15,9,1,5,4,5,7,1,1,10,5,5,2,17,1,54,3,10,1,1,7,9,1,10,2,11,,44,25,1,22,9,121.5060951,25.04059313
111,8,8,19,42,2,12內湖區,內湖區五分街與堤外便道口,0,0,1,1,B01,8,3,5,50,4,2,1,5,4,5,7,1,1,5,5,5,2,11,2,66,3,10,1,1,7,5,1,4,1,8,,23,23,1,22,9,121.6178824,25.06581559
111,8,8,19,42,2,12內湖區,內湖區五分街與堤外便道口,0,0,1,2,F01,8,3,5,50,4,2,1,5,4,5,7,1,1,5,5,5,2,11,2,47,2,9,1,1,7,11,8,20,1,16,,11,23,1,22,9,121.6178824,25.06581559
111,8,8,20,4,2,02萬華區,萬華區西園路2段與東園街口,0,0,2,1,C03,8,3,5,50,5,1,1,5,4,5,7,2,1,1,5,5,2,15,1,21,2,9,1,1,7,9,1,10,1,11,,25,25,1,22,9,121.4952026,25.02824511
111,8,8,20,4,2,02萬華區,萬華區西園路2段與東園街口,0,0,2,2,C03,8,3,5,50,5,1,1,5,4,5,7,2,1,1,5,5,2,15,1,26,3,10,1,1,7,9,1,10,1,11,,44,25,1,22,9,121.4952026,25.02824511
111,8,8,20,4,2,02萬華區,萬華區西園路2段與東園街口,0,0,2,3,H02,8,3,5,50,5,1,1,5,4,5,7,2,1,1,5,5,2,15,2,20,2,9,4,5,7,20,8,20,10,16,,67,25,1,22,9,121.4952026,25.02824511
111,8,8,20,15,2,03中山區,中山區中山北路2段與錦州街口,0,0,1,1,C03,8,3,5,50,14,7,1,5,4,5,7,2,1,1,4,1,2,12,1,24,2,9,1,1,7,5,1,10,2,14,,26,26,1,22,9,121.5230182,25.06033007
111,8,8,20,15,2,03中山區,中山區中山北路2段與錦州街口,0,0,1,2,B01,8,3,5,50,14,7,1,5,4,5,7,2,1,1,4,1,2,12,1,62,3,10,1,1,7,9,1,4,2,1,,23,26,1,22,9,121.5230182,25.06033007
111,8,8,20,41,2,07信義區,信義區吳興街220巷85號旁,0,0,1,1,F01,7,3,5,30,14,9,1,5,4,5,7,2,1,5,5,5,2,18,1,61,2,9,1,1,7,9,8,20,1,16,,44,44,1,22,9,121.5607594,25.0257872
111,8,8,20,41,2,07信義區,信義區吳興街220巷85號旁,0,0,1,2,,7,3,5,30,14,9,1,5,4,5,7,2,1,5,5,5,2,18,3,,,,,,,,,,,,,67,44,1,,,121.5607594,25.0257872
111,8,8,21,0,2,05中正區,中正區衡陽路與重慶南路1段口口,0,0,1,1,C03,8,3,5,50,4,1,1,5,4,5,7,2,1,9,4,5,1,13,1,30,2,8,1,1,7,9,6,18,2,11,,16,16,1,21,5,121.5132297,25.04234993
111,8,8,21,0,2,05中正區,中正區衡陽路與重慶南路1段口口,0,0,1,2,C03,8,3,5,50,4,1,1,5,4,5,7,2,1,9,4,5,1,13,1,27,3,10,1,1,7,9,1,10,2,13,,44,16,1,21,1,121.5132297,25.04234993
111,8,8,21,10,2,09北投區,北投區竹子湖路1-20號,0,0,1,1,B01,8,3,5,40,11,9,1,5,4,5,7,4,4,5,2,5,2,17,1,56,2,1,1,1,7,9,1,8,1,1,,23,23,1,22,9,121.5460239,25.15524844
111,8,8,21,10,2,09北投區,北投區竹子湖路1-20號,0,0,1,3,,8,3,5,40,11,9,1,5,4,5,7,4,4,5,2,5,2,17,3,,,,,,,,,,,,,67,23,1,,,121.5460239,25.15524844
111,8,8,21,10,2,09北投區,北投區竹子湖路1-20號,0,0,1,2,B12,8,3,5,40,11,9,1,5,4,5,7,4,4,5,2,5,2,17,1,75,3,10,1,1,7,9,1,8,11,15,,44,23,1,22,9,121.5460239,25.15524844
111,8,8,21,43,2,02萬華區,萬華區漢口街2段與漢中街口,0,0,1,1,B12,8,3,5,30,4,1,1,5,4,5,7,3,1,10,5,5,2,17,1,24,3,10,1,1,7,15,1,8,1,15,,26,26,1,22,9,121.5077676,25.04543128
111,8,8,21,43,2,02萬華區,萬華區漢口街2段與漢中街口,0,0,1,2,B03,8,3,5,30,4,1,1,5,4,5,7,3,1,10,5,5,2,17,1,21,3,10,1,1,7,15,1,8,1,15,,26,26,1,22,9,121.5077676,25.04543128
111,8,8,21,43,2,02萬華區,萬華區漢口街2段與漢中街口,0,0,1,3,C03,8,3,5,30,4,1,1,5,4,5,7,3,1,10,5,5,2,17,1,35,2,9,1,1,7,12,1,10,1,11,,42,26,1,22,9,121.5077676,25.04543128
111,8,9,1,0,2,09北投區,北投區大度路1段155號旁,0,0,1,1,C02,7,3,5,70,14,7,1,5,4,5,7,4,4,1,4,1,2,18,1,20,2,9,1,1,7,9,4,10,1,12,,13,13,1,22,9,121.4923177,25.12145814
111,8,9,1,0,2,09北投區,北投區大度路1段155號旁,0,0,1,2,,7,3,5,70,14,7,1,5,4,5,7,4,4,1,4,1,2,18,3,,,,,,,,,,,,,67,13,1,,,121.4923177,25.12145814
111,8,9,1,58,2,02萬華區,萬華區西寧南路158號,0,0,2,1,C03,8,3,5,50,14,9,1,5,4,5,7,4,4,10,4,5,2,10,1,72,2,3,1,1,7,9,1,10,2,11,,26,26,1,22,9,121.5061005,25.04016564
111,8,9,1,58,2,02萬華區,萬華區西寧南路158號,0,0,2,2,C03,8,3,5,50,14,9,1,5,4,5,7,4,4,10,4,5,2,10,2,42,2,9,1,1,7,10,1,10,2,11,,27,26,1,22,9,121.5061005,25.04016564
111,8,9,1,58,2,03中山區,中山區大直橋與北安路口,0,0,1,1,A12,8,3,5,50,4,1,1,5,4,5,7,1,1,1,3,5,1,17,1,48,3,10,3,4,7,5,1,2,11,15,,35,35,1,22,9,121.5444249,25.0796618
111,8,9,1,58,2,03中山區,中山區大直橋與北安路口,0,0,1,2,C03,8,3,5,50,4,1,1,5,4,5,7,1,1,1,3,5,1,17,1,20,2,9,1,1,7,5,1,10,1,14,,25,35,1,22,9,121.5444249,25.0796618
111,8,9,5,49,2,01大同區,大同區延平北路2段與涼州街口,0,0,2,1,C03,8,1,5,50,4,1,1,5,4,5,7,2,1,5,4,5,2,11,2,65,2,9,1,1,7,5,4,11,1,11,,6,6,1,22,9,121.5113615,25.0606533
111,8,9,5,49,2,01大同區,大同區延平北路2段與涼州街口,0,0,2,2,C03,8,1,5,50,4,1,1,5,4,5,7,2,1,5,4,5,2,11,1,33,2,9,1,1,7,9,1,10,1,11,,44,6,1,22,9,121.5113615,25.0606533
111,8,9,7,16,2,04大安區,大安區忠孝東路4段與光復南路口,0,0,1,1,C03,8,1,5,50,4,1,1,5,4,5,7,1,1,10,4,5,2,17,1,57,2,7,1,1,7,9,1,10,1,12,,25,25,1,22,9,121.5575824,25.04143052
111,8,9,7,16,2,04大安區,大安區忠孝東路4段與光復南路口,0,0,1,2,C01,8,1,5,50,4,1,1,5,4,5,7,1,1,10,4,5,2,17,1,21,3,10,1,1,7,1,1,10,1,11,,44,25,1,22,9,121.5575824,25.04143052
111,8,9,7,30,2,10文山區,文山區新光路2段(西往東)第135燈桿,0,0,1,1,C03,8,1,5,50,14,9,1,5,4,5,7,4,4,9,4,5,2,18,1,52,2,8,3,4,7,9,1,10,2,12,,22,22,1,21,8,121.5823333,24.99990624
111,8,9,7,30,2,10文山區,文山區新光路2段(西往東)第135燈桿,0,0,1,2,,8,1,5,50,14,9,1,5,4,5,7,4,4,9,4,5,2,18,3,,,,,,,,,,,,,67,22,1,,,121.5823333,24.99990624
111,8,9,7,37,2,02萬華區,萬華區西園路1段與艋舺大道口,0,0,1,1,B01,8,1,5,50,4,1,1,5,4,5,7,1,1,1,4,5,2,17,1,37,3,10,1,1,7,9,1,4,2,1,,23,23,1,22,9,121.4979193,25.03327698
111,8,9,7,37,2,02萬華區,萬華區西園路1段與艋舺大道口,0,0,1,2,C03,8,1,5,50,4,1,1,5,4,5,7,1,1,1,4,5,2,17,1,67,2,9,1,1,7,14,1,10,2,14,,44,23,1,22,9,121.4979193,25.03327698
111,8,9,7,37,2,02萬華區,萬華區西園路1段與艋舺大道口,0,0,1,3,C03,8,1,5,50,4,1,1,5,4,5,7,1,1,1,4,5,2,17,1,25,3,10,1,1,7,14,1,10,2,14,,45,23,1,22,9,121.4979193,25.03327698
111,8,9,7,40,2,08士林區,士林區天母西路41巷與天母西路口,0,0,1,1,B03,8,1,5,50,3,2,1,5,4,5,7,1,1,10,5,5,1,16,2,64,3,10,1,1,7,1,1,8,2,4,,19,19,1,22,9,121.5273333,25.11843062
111,8,9,7,40,2,08士林區,士林區天母西路41巷與天母西路口,0,0,1,2,C03,8,1,5,50,3,2,1,5,4,5,7,1,1,10,5,5,1,16,2,29,2,9,1,1,7,9,1,10,2,12,,44,19,1,22,9,121.5273333,25.11843062
111,8,9,7,44,2,02萬華區,萬華區武成街28巷與武成街28巷9弄口,0,0,2,1,C03,8,1,5,30,4,1,1,5,4,5,5,4,4,10,5,5,2,16,1,66,2,8,1,1,7,5,1,10,2,13,,6,6,1,22,9,121.4954718,25.018928
111,8,9,7,44,2,02萬華區,萬華區武成街28巷與武成街28巷9弄口,0,0,2,2,C03,8,1,5,30,4,1,1,5,4,5,5,4,4,10,5,5,2,16,1,53,2,9,1,1,7,9,1,10,2,11,,14,6,1,22,9,121.4954718,25.018928
111,8,9,7,45,2,02萬華區,萬華區華中橋機車道往新北市(華中025),0,0,2,1,C03,8,1,7,40,14,11,1,5,4,5,7,4,4,1,4,5,2,13,1,60,2,9,1,4,7,9,6,18,1,11,,16,16,1,22,9,121.4954244,25.01491009
111,8,9,7,45,2,02萬華區,萬華區華中橋機車道往新北市(華中025),0,0,2,2,C03,8,1,7,40,14,11,1,5,4,5,7,4,4,1,4,5,2,13,1,51,2,9,1,4,7,9,1,10,1,13,,44,16,1,22,9,121.4954244,25.01491009
111,8,9,7,50,2,12內湖區,內湖區內湖路2段263巷與內湖路2段263巷15弄口,0,0,1,1,C03,8,1,5,30,4,1,1,5,4,5,7,4,4,10,5,5,2,17,1,20,2,8,1,1,7,5,1,10,1,11,,6,6,1,22,9,121.5900475,25.08292173
111,8,9,7,50,2,12內湖區,內湖區內湖路2段263巷與內湖路2段263巷15弄口,0,0,1,2,B12,8,1,5,30,4,1,1,5,4,5,7,4,4,10,5,5,2,17,1,37,3,10,1,1,7,9,1,8,1,5,,14,6,1,22,9,121.5900475,25.08292173
111,8,9,7,55,2,11南港區,南港區成美橋與東新街口口,0,0,1,1,B03,8,1,5,50,5,1,1,5,4,5,7,2,1,5,4,5,2,16,1,29,3,10,1,1,7,9,1,8,1,5,,23,23,1,22,9,121.5829612,25.05198349
111,8,9,7,55,2,11南港區,南港區成美橋與東新街口口,0,0,1,2,C03,8,1,5,50,5,1,1,5,4,5,7,2,1,5,4,5,2,16,2,59,2,9,1,1,7,7,1,10,1,14,,7,23,1,22,9,121.5829612,25.05198349
111,8,9,8,28,2,03中山區,中山區北安路554巷8弄9號,0,0,2,2,C03,8,1,5,30,11,9,1,5,4,3,5,4,4,9,4,5,1,17,1,33,2,7,1,1,7,9,1,10,1,14,,13,38,1,22,9,121.5504456,25.0787599
111,8,9,8,28,2,03中山區,中山區北安路554巷8弄9號,0,0,2,3,H02,8,1,5,30,11,9,1,5,4,3,5,4,4,9,4,5,1,17,2,31,2,7,1,5,7,21,8,20,10,15,,67,38,1,22,9,121.5504456,25.0787599
111,8,9,8,28,2,03中山區,中山區北安路554巷8弄9號,0,0,2,1,B12,8,1,5,30,11,9,1,5,4,3,5,4,4,9,4,5,1,17,2,53,3,10,1,1,7,14,1,8,9,15,,38,38,1,22,9,121.5504456,25.0787599
111,8,9,8,32,2,07信義區,信義區永吉路278巷與永吉路278巷57弄口口,0,0,2,1,C03,8,1,5,30,4,1,1,5,4,5,7,4,4,5,5,5,2,15,1,64,2,3,1,1,7,9,1,10,2,14,,6,6,1,21,8,121.5741308,25.04341729
111,8,9,8,32,2,07信義區,信義區永吉路278巷與永吉路278巷57弄口口,0,0,2,2,C03,8,1,5,30,4,1,1,5,4,5,7,4,4,5,5,5,2,15,2,39,2,9,1,1,7,9,1,10,2,11,,13,6,1,21,8,121.5741308,25.04341729
111,8,9,8,36,2,03中山區,中山區復興北路與民族東路口,0,0,1,1,B03,8,1,5,50,4,2,1,5,4,5,7,1,1,1,4,5,2,13,1,56,3,10,3,4,7,9,1,8,1,1,,16,16,1,22,9,121.544247,25.06657752
111,8,9,8,36,2,03中山區,中山區復興北路與民族東路口,0,0,1,2,C03,8,1,5,50,4,2,1,5,4,5,7,1,1,1,4,5,2,13,1,50,2,9,3,4,7,14,1,10,1,13,,44,16,1,22,9,121.544247,25.06657752
111,8,9,8,44,2,07信義區,信義區永吉路30巷與忠孝東路5段71巷11弄口,0,0,1,1,C03,8,1,5,30,4,1,1,5,4,5,7,4,4,8,5,5,2,16,1,30,2,9,3,4,7,11,1,10,1,11,,44,44,1,22,9,121.5687127,25.0419703
111,8,9,8,44,2,07信義區,信義區永吉路30巷與忠孝東路5段71巷11弄口,0,0,1,2,C03,8,1,5,30,4,1,1,5,4,5,7,4,4,8,5,5,2,16,1,40,3,10,3,4,7,9,1,10,1,11,,4,44,1,22,9,121.5687127,25.0419703
111,8,9,8,49,2,01大同區,大同區重慶北路3段機慢車道往北,0,0,1,1,B02,8,1,5,30,11,12,1,5,4,5,1,4,4,10,5,5,2,14,1,26,3,10,3,4,7,2,1,8,1,2,,12,12,1,22,9,121.5156319,25.07678185
111,8,9,8,49,2,01大同區,大同區重慶北路3段機慢車道往北,0,0,1,2,C03,8,1,5,30,11,12,1,5,4,5,1,4,4,10,5,5,2,14,1,35,2,7,1,1,7,9,1,10,1,14,,13,12,1,22,9,121.5156319,25.07678185
111,8,9,8,50,2,10文山區,文山區興隆路3段152巷18號,0,0,2,1,C03,8,1,5,30,14,9,1,5,4,5,7,4,4,10,5,5,2,16,1,66,2,9,1,1,7,11,1,10,2,11,,10,10,1,22,9,121.5577255,24.99831984
111,8,9,8,50,2,10文山區,文山區興隆路3段152巷18號,0,0,2,2,C03,8,1,5,30,14,9,1,5,4,5,7,4,4,10,5,5,2,16,1,28,2,9,1,1,7,9,1,10,2,11,,23,10,1,22,9,121.5577255,24.99831984
111,8,9,9,0,2,02萬華區,萬華區西昌街227號,0,0,1,1,C03,8,1,5,50,14,9,1,5,4,5,7,4,4,10,5,5,1,16,1,58,3,10,1,4,7,1,1,10,1,11,,19,19,1,22,9,121.5005741,25.0376558
111,8,9,9,0,2,02萬華區,萬華區西昌街227號,0,0,1,2,C03,8,1,5,50,14,9,1,5,4,5,7,4,4,10,5,5,1,16,2,19,2,7,1,4,7,9,1,10,1,14,,44,19,1,22,9,121.5005741,25.0376558
111,8,9,9,13,2,03中山區,中山區吉林路447巷與吉林路口,0,0,1,1,B03,8,1,5,50,4,1,1,5,4,5,7,4,4,9,4,4,2,11,1,44,3,10,1,1,7,5,1,8,1,1,,8,8,1,5,5,121.5304636,25.0673695
111,8,9,9,13,2,03中山區,中山區吉林路447巷與吉林路口,0,0,1,2,C03,8,1,5,50,4,1,1,5,4,5,7,4,4,9,4,4,2,11,1,21,2,9,1,1,7,9,1,10,1,11,,44,8,1,5,3,121.5304636,25.0673695
111,8,9,9,19,2,11南港區,南港區忠孝東路7段369號,0,0,2,1,C03,8,1,5,50,14,8,1,5,4,5,7,4,4,1,4,4,2,12,2,27,2,9,1,1,7,9,1,10,2,11,,16,16,1,22,9,121.6071944,25.05217116
111,8,9,9,19,2,11南港區,南港區忠孝東路7段369號,0,0,2,2,C03,8,1,5,50,14,8,1,5,4,5,7,4,4,1,4,4,2,12,2,34,2,9,1,1,7,7,1,10,2,13,,7,16,1,22,9,121.6071944,25.05217116
111,8,9,9,19,2,11南港區,南港區忠孝東路7段369號,0,0,2,3,B03,8,1,5,50,14,8,1,5,4,5,7,4,4,1,4,4,2,12,1,20,3,10,1,1,7,1,1,8,2,15,,19,16,1,22,9,121.6071944,25.05217116
111,8,9,9,20,2,12內湖區,內湖區內湖路1段88號,0,0,1,1,B03,8,1,5,50,14,8,1,5,4,5,7,4,4,1,3,4,1,12,1,33,3,10,3,4,7,6,1,8,1,2,,9,9,1,22,9,121.5627907,25.0833282
111,8,9,9,20,2,12內湖區,內湖區內湖路1段88號,0,0,1,2,C03,8,1,5,50,14,8,1,5,4,5,7,4,4,1,3,4,1,12,1,26,2,9,3,4,7,4,1,10,1,14,,16,9,1,22,9,121.5627907,25.0833282
111,8,9,9,24,2,04大安區,大安區復興南路2段148巷5號,0,0,1,1,B12,8,1,5,50,14,9,1,5,4,5,7,4,4,5,5,5,2,17,1,65,3,10,1,1,7,13,1,8,2,4,,40,40,1,22,9,121.5426014,25.0284027
111,8,9,9,24,2,04大安區,大安區復興南路2段148巷5號,0,0,1,2,F01,8,1,5,50,14,9,1,5,4,5,7,4,4,5,5,5,2,17,2,49,2,9,1,1,7,9,8,20,2,16,,44,40,1,22,9,121.5426014,25.0284027
111,8,9,9,40,2,05中正區,中正區中山南路(台大醫院車道出口),0,0,1,1,B03,8,1,5,50,15,9,1,5,4,5,7,4,4,1,4,5,2,17,1,65,3,10,1,1,7,1,1,8,2,5,,19,19,1,22,9,121.5181388,25.04018619
111,8,9,9,40,2,05中正區,中正區中山南路(台大醫院車道出口),0,0,1,2,C03,8,1,5,50,15,9,1,5,4,5,7,4,4,1,4,5,2,17,2,64,2,9,1,1,7,15,1,10,2,13,,44,19,1,22,9,121.5181388,25.04018619
111,8,9,9,42,2,03中山區,中山區龍江路356巷與五常街53巷口口,0,0,1,1,C03,8,1,5,30,4,1,1,5,4,5,7,4,4,5,4,5,1,15,1,42,3,10,1,1,7,9,1,10,1,11,,6,6,1,22,9,121.5396492,25.0659972
111,8,9,9,42,2,03中山區,中山區龍江路356巷與五常街53巷口口,0,0,1,2,C03,8,1,5,30,4,1,1,5,4,5,7,4,4,5,4,5,1,15,2,57,2,9,1,1,7,9,1,10,11,14,,6,6,1,22,9,121.5396492,25.0659972
111,8,9,9,49,2,04大安區,大安區建國南路1段與濟南路3段口,0,0,1,1,B03,8,1,5,50,4,1,1,5,4,5,7,2,1,5,5,5,2,17,2,70,3,10,1,1,7,6,1,8,1,5,,9,9,1,22,9,121.5377752,25.04017069
111,8,9,9,49,2,04大安區,大安區建國南路1段與濟南路3段口,0,0,1,2,C03,8,1,5,50,4,1,1,5,4,5,7,2,1,5,5,5,2,17,1,43,2,9,1,1,7,9,1,10,1,14,,44,9,1,22,9,121.5377752,25.04017069
111,8,9,9,52,2,01大同區,大同區貴德街與貴德街46巷口,0,0,1,2,C03,8,1,5,30,4,1,1,5,4,5,7,4,4,10,5,5,2,15,2,70,3,10,1,1,7,9,3,18,1,11,,44,6,1,22,9,121.5083567,25.05522886
111,8,9,9,52,2,01大同區,大同區貴德街與貴德街46巷口,0,0,1,1,F01,8,1,5,30,4,1,1,5,4,5,7,4,4,10,5,5,2,15,2,46,2,9,1,1,7,9,8,20,1,16,,6,6,1,22,9,121.5083567,25.05522886
111,8,9,9,54,2,04大安區,大安區忠孝東路4段223巷與忠孝東路4段205巷7弄口,0,0,1,1,B03,8,1,5,30,4,1,1,5,4,5,7,4,4,10,4,5,2,16,1,30,3,10,3,4,7,6,1,8,1,8,,6,6,1,22,9,121.5529298,25.04204892
111,8,9,9,54,2,04大安區,大安區忠孝東路4段223巷與忠孝東路4段205巷7弄口,0,0,1,2,C03,8,1,5,30,4,1,1,5,4,5,7,4,4,10,4,5,2,16,2,30,2,3,3,4,7,9,1,10,1,11,,44,6,1,22,9,121.5529298,25.04204892