發生年度,發生月,發生日,發生時-Hours,發生分,處理別-編號,區序,肇事地點,死亡人數,2-30日死亡人數,受傷人數,當事人序號,車種,天候,光線,道路類別,速限-速度限制,道路型態,事故位置,路面狀況1,路面狀況2,路面狀況3,道路障礙1,道路障礙2,號誌1,號誌2,車道劃分-分向,車道劃分-分道1,車道劃分-分道2,車道劃分-分道3,事故類型及型態,性別,年齡,受傷程度,主要傷處,安全帽,行動電話,車輛用途,當事者行動狀態,駕駛資格情形,駕駛執照種類,飲酒情形,車輛撞擊部位1,車輛撞擊部位2,肇因碼-個別,肇因碼-主要,個人肇逃否,職業,旅次目的,座標-X,座標-Y
111,8,9,9,56,2,04大安區,大安區信義路3段與復興南路1段口,0,0,1,1,C03,8,1,5,50,4,1,1,5,4,5,7,1,1,10,4,5,2,17,1,31,3,10,1,1,7,6,1,10,1,13,,9,9,1,22,9,121.5434895,25.0334624
111,8,9,9,56,2,04大安區,大安區信義路3段與復興南路1段口,0,0,1,2,C03,8,1,5,50,4,1,1,5,4,5,7,1,1,10,4,5,2,17,2,35,2,9,1,1,7,9,1,10,1,11,,23,9,1,22,9,121.5434895,25.0334624
111,8,9,10,0,2,08士林區,士林區延平北路6段堤外自行車道社子島快樂休息站,0,0,1,1,F01,8,1,5,30,14,9,1,5,4,5,7,4,4,10,5,5,2,20,2,47,2,7,1,1,7,9,8,20,1,16,,23,23,1,22,9,121.4977651,25.09279231
111,8,9,10,0,2,08士林區,士林區延平北路6段堤外自行車道社子島快樂休息站,0,0,1,2,,8,1,5,30,14,9,1,5,4,5,7,4,4,10,5,5,2,20,3,,,,,,,,,,,,,67,23,1,,,121.4977651,25.09279231
111,8,9,10,20,2,10文山區,文山區秀明路2段與新光路1段口,0,0,1,1,C03,8,1,5,50,4,1,1,5,4,5,7,1,1,5,3,5,2,16,1,19,2,9,3,4,7,8,1,10,2,12,,7,7,1,21,8,121.5736577,24.99170543
111,8,9,10,20,2,10文山區,文山區秀明路2段與新光路1段口,0,0,1,2,B12,8,1,5,50,4,1,1,5,4,5,7,1,1,5,3,5,2,16,1,28,3,10,3,4,7,9,1,8,2,4,,44,7,1,21,8,121.5736577,24.99170543
111,8,9,11,0,2,10文山區,文山區景中街與景文街口,0,0,1,1,C03,8,1,5,50,4,2,1,5,4,5,7,1,1,3,4,5,2,17,1,78,2,9,1,1,7,9,1,10,11,11,,23,23,1,22,9,121.5414902,24.99294758
111,8,9,11,0,2,10文山區,文山區景中街與景文街口,0,0,1,2,C03,8,1,5,50,4,2,1,5,4,5,7,1,1,3,4,5,2,17,2,33,3,10,1,1,7,14,1,10,2,13,,44,23,1,22,9,121.5414902,24.99294758
111,8,9,11,10,2,10文山區,文山區木柵路5段43巷靈骨樓第2停車場旁,0,0,1,1,C03,8,1,5,50,11,9,1,5,4,5,7,4,4,8,5,5,2,12,1,73,2,9,1,1,7,5,1,10,11,12,,23,23,1,22,9,121.5918384,25.01113112
111,8,9,11,10,2,10文山區,文山區木柵路5段43巷靈骨樓第2停車場旁,0,0,1,2,B03,8,1,5,50,11,9,1,5,4,5,7,4,4,8,5,5,2,12,1,57,3,10,1,1,7,5,1,8,11,4,,44,23,1,22,9,121.5918384,25.01113112
111,8,9,12,0,2,04大安區,大安區仁愛路3段36號,0,0,1,1,B01,8,1,5,50,14,9,1,5,4,5,7,4,4,1,4,5,2,12,1,67,3,10,1,1,7,7,1,4,1,4,,23,,1,22,9,121.5372594,25.0378615
111,8,9,12,0,2,04大安區,大安區仁愛路3段36號,0,0,1,2,C03,8,1,5,50,14,9,1,5,4,5,7,4,4,1,4,5,2,12,2,42,2,9,1,1,7,9,1,10,1,12,,44,,1,22,9,121.5372594,25.0378615
111,8,9,12,14,2,06松山區,松山區長春路343號,0,0,1,1,B03,8,1,5,50,14,9,1,5,4,5,7,4,4,8,3,5,2,13,1,54,3,10,3,4,7,9,1,8,1,1,,23,23,1,22,9,121.5454475,25.05458314
111,8,9,12,14,2,06松山區,松山區長春路343號,0,0,1,2,C03,8,1,5,50,14,9,1,5,4,5,7,4,4,8,3,5,2,13,1,44,2,8,1,1,7,14,1,10,1,13,,42,23,1,22,9,121.5454475,25.05458314
111,8,9,12,38,2,10文山區,文山區辛亥路7段與光輝路21巷口,0,0,1,1,B12,8,1,5,30,3,1,1,5,4,5,7,3,1,5,5,4,2,16,1,50,3,10,3,4,7,5,1,8,1,4,,6,6,1,22,9,121.5538289,24.98549383
111,8,9,12,38,2,10文山區,文山區辛亥路7段與光輝路21巷口,0,0,1,2,C03,8,1,5,30,3,1,1,5,4,5,7,3,1,5,5,4,2,16,1,31,2,8,3,4,7,9,1,10,1,11,,13,6,1,22,9,121.5538289,24.98549383
111,8,9,12,50,2,06松山區,松山區南京東路3段255號,0,0,1,3,H01,8,1,8,0,15,20,4,5,4,5,7,4,4,1,4,5,2,17,4,,4,11,3,4,7,15,8,20,11,15,,43,43,2,22,9,121.5442996,25.05199396
111,8,9,12,50,2,06松山區,松山區南京東路3段255號,0,0,1,1,F01,8,1,8,0,15,20,4,5,4,5,7,4,4,1,4,5,2,17,2,49,2,8,1,1,7,9,8,20,9,16,,43,43,1,22,9,121.5442996,25.05199396
111,8,9,12,50,2,06松山區,松山區南京東路3段255號,0,0,1,2,H01,8,1,8,0,15,20,4,5,4,5,7,4,4,1,4,5,2,17,4,,4,11,3,4,7,15,8,20,11,15,,43,43,2,22,9,121.5442996,25.05199396
111,8,9,12,50,2,12內湖區,內湖區東湖路58巷與東湖路口,0,0,2,1,C03,8,1,5,50,3,2,1,5,4,5,7,1,1,5,4,5,2,13,1,31,2,9,1,1,7,9,1,10,1,11,,16,16,1,22,9,121.6138761,25.06878085
111,8,9,12,50,2,12內湖區,內湖區東湖路58巷與東湖路口,0,0,2,2,C03,8,1,5,50,3,2,1,5,4,5,7,1,1,5,4,5,2,13,1,19,2,9,1,1,7,12,1,10,1,13,,44,16,1,22,9,121.6138761,25.06878085
111,8,9,12,50,2,12內湖區,內湖區東湖路58巷與東湖路口,0,0,2,3,B12,8,1,5,50,3,2,1,5,4,5,7,1,1,5,4,5,2,13,1,52,3,10,1,1,7,12,1,8,1,3,,44,16,1,22,9,121.6138761,25.06878085
111,8,9,13,0,2,06松山區,松山區松河街3號與松河街口,0,0,1,1,C03,8,1,5,40,3,1,1,5,4,1,7,4,4,5,4,5,2,16,1,39,3,10,1,1,7,5,1,10,1,13,,6,6,1,22,9,121.5721195,25.05085928
111,8,9,13,0,2,06松山區,松山區松河街3號與松河街口,0,0,1,2,C03,8,1,5,40,3,1,1,5,4,1,7,4,4,5,4,5,2,16,1,42,2,9,1,1,7,9,1,10,1,11,,44,6,1,22,9,121.5721195,25.05085928
111,8,9,13,30,2,09北投區,北投區立賢路與承德路7段口,0,0,1,1,B03,8,1,5,50,4,1,1,5,4,5,7,1,1,1,4,5,2,16,1,37,3,10,1,1,7,11,1,8,1,5,,43,43,1,22,9,121.5048703,25.1161311
111,8,9,13,30,2,09北投區,北投區立賢路與承德路7段口,0,0,1,2,C03,8,1,5,50,4,1,1,5,4,5,7,1,1,1,4,5,2,16,1,37,2,7,1,1,7,9,1,10,1,11,,43,43,1,22,9,121.5048703,25.1161311
111,8,9,13,53,2,09北投區,北投區公館路與公館路276巷口,0,0,1,1,C03,8,1,5,30,4,1,1,5,4,5,7,4,4,10,5,5,2,15,2,43,2,9,1,1,7,1,1,10,1,11,,19,19,1,22,9,121.5076824,25.12520303
111,8,9,13,53,2,09北投區,北投區公館路與公館路276巷口,0,0,1,2,C03,8,1,5,30,4,1,1,5,4,5,7,4,4,10,5,5,2,15,2,32,3,10,1,1,7,9,1,10,1,14,,14,19,1,22,9,121.5076824,25.12520303
111,8,9,14,4,2,04大安區,大安區復興南路1段180號,0,0,1,1,C03,8,1,5,50,14,9,1,5,4,5,7,4,4,1,4,5,2,13,1,43,2,9,1,1,7,12,1,10,1,11,,16,16,1,22,9,121.5436642,25.040971
111,8,9,14,4,2,04大安區,大安區復興南路1段180號,0,0,1,2,B01,8,1,5,50,14,9,1,5,4,5,7,4,4,1,4,5,2,13,1,50,3,10,1,1,7,12,1,4,1,7,,44,16,1,22,9,121.5436642,25.040971
111,8,9,14,5,2,10文山區,文山區景福街與景福街230巷口,0,0,1,1,B01,8,1,5,30,3,1,1,5,4,5,7,3,1,9,5,5,2,16,1,59,3,10,1,1,7,9,1,4,9,5,,14,14,2,22,9,121.5391814,24.9938061
111,8,9,14,5,2,10文山區,文山區景福街與景福街230巷口,0,0,1,2,F01,8,1,5,30,3,1,1,5,4,5,7,3,1,9,5,5,2,16,1,13,2,9,1,1,7,1,8,20,9,16,,19,14,1,22,9,121.5391814,24.9938061
111,8,9,14,8,2,05中正區,中正區臨沂街61巷與金山南路1段73巷口口,0,0,1,1,C03,8,1,5,30,4,1,1,5,4,5,7,4,4,10,5,5,1,15,1,32,2,9,1,1,7,9,1,10,2,12,,6,6,1,21,1,121.5289018,25.03696326
111,8,9,14,8,2,05中正區,中正區臨沂街61巷與金山南路1段73巷口口,0,0,1,2,B03,8,1,5,30,4,1,1,5,4,5,7,4,4,10,5,5,1,15,1,30,3,10,1,1,7,9,1,8,2,1,,23,6,1,21,1,121.5289018,25.03696326
111,8,9,14,38,2,11南港區,南港區松河街與南港路3段130巷口,0,0,1,1,B12,8,1,5,30,3,1,1,5,4,5,5,4,4,5,5,5,2,16,2,25,3,10,3,4,7,5,1,8,2,8,,6,6,1,22,9,121.5879193,25.05455272
111,8,9,14,38,2,11南港區,南港區松河街與南港路3段130巷口,0,0,1,2,C03,8,1,5,30,3,1,1,5,4,5,5,4,4,5,5,5,2,16,1,32,2,9,1,1,7,9,1,10,2,11,,23,6,1,22,9,121.5879193,25.05455272
111,8,9,15,0,2,06松山區,松山區八德路2段424號,0,0,1,1,B01,8,1,8,50,15,22,1,5,4,5,7,4,4,10,5,5,2,17,1,52,3,10,1,4,7,9,1,8,1,5,,23,23,1,22,9,121.5475171,25.04816142
111,8,9,15,0,2,06松山區,松山區八德路2段424號,0,0,1,2,F01,8,1,8,50,15,22,1,5,4,5,7,4,4,10,5,5,2,17,2,62,2,8,1,1,7,15,8,20,1,16,,42,23,1,22,9,121.5475171,25.04816142
111,8,9,15,29,2,05中正區,中正區重慶南路1段與沅陵街口,0,0,1,1,C03,8,1,5,50,3,1,1,5,4,5,7,4,4,9,4,5,2,16,2,63,2,7,1,1,7,5,4,11,2,12,,8,8,1,22,9,121.513143,25.0428301
111,8,9,15,29,2,05中正區,中正區重慶南路1段與沅陵街口,0,0,1,2,B01,8,1,5,50,3,1,1,5,4,5,7,4,4,9,4,5,2,16,1,52,3,10,1,1,7,1,1,4,2,1,,44,8,1,22,9,121.513143,25.0428301
111,8,9,15,29,2,05中正區,中正區重慶南路1段與沅陵街口,0,0,1,3,H01,8,1,5,50,3,1,1,5,4,5,7,4,4,9,4,5,2,16,4,,4,11,3,4,7,15,7,19,11,15,,43,8,2,22,9,121.513143,25.0428301
111,8,9,15,33,2,06松山區,松山區市民大道5段與東寧路口,0,0,1,1,B03,8,1,5,50,4,2,1,5,4,5,7,2,1,9,4,1,2,17,2,49,3,10,1,1,7,6,1,8,1,8,,9,9,1,22,9,121.5629457,25.0473278
111,8,9,15,33,2,06松山區,松山區市民大道5段與東寧路口,0,0,1,2,C03,8,1,5,50,4,2,1,5,4,5,7,2,1,9,4,1,2,17,1,19,2,9,1,1,7,5,1,10,1,12,,8,9,1,22,9,121.5629457,25.0473278
111,8,9,15,45,2,11南港區,南港區成功橋北向南第039號燈桿,0,0,1,1,C03,8,1,5,50,8,9,1,5,4,5,7,4,4,1,4,5,1,13,1,40,2,9,1,1,7,7,1,10,1,11,,23,23,1,22,9,121.5927581,25.05788938
111,8,9,15,45,2,11南港區,南港區成功橋北向南第039號燈桿,0,0,1,2,B12,8,1,5,50,8,9,1,5,4,5,7,4,4,1,4,5,1,13,1,23,3,10,1,1,7,14,1,8,1,7,,44,23,1,22,9,121.5927581,25.05788938
111,8,9,15,45,2,11南港區,南港區成功橋北向南第039號燈桿,0,0,1,3,A02,8,1,5,50,8,9,1,5,4,5,7,4,4,1,4,5,1,13,1,65,3,10,1,1,7,14,1,2,9,15,,42,23,2,22,9,121.5927581,25.05788938
111,8,9,15,50,2,11南港區,南港區忠孝東路6段85號與忠孝東路6段口,0,0,1,1,H01,8,1,5,0,3,1,1,5,4,5,7,4,4,1,2,5,2,3,2,71,3,10,4,5,8,16,8,20,10,16,,51,51,1,22,9,121.5848845,25.04816998
111,8,9,15,50,2,11南港區,南港區忠孝東路6段85號與忠孝東路6段口,0,0,1,2,C03,8,1,5,0,3,1,1,5,4,5,7,4,4,1,2,5,2,3,1,39,2,7,1,4,7,14,1,10,2,12,,44,51,1,22,9,121.5848845,25.04816998
111,8,9,16,5,2,08士林區,士林區美崙街與美崙街152巷口,0,0,2,1,F03,8,1,5,50,3,2,1,5,4,5,7,4,4,9,4,5,1,17,2,46,2,7,1,1,7,5,8,20,1,16,,6,6,1,22,9,121.519343,25.09682949
111,8,9,16,5,2,08士林區,士林區美崙街與美崙街152巷口,0,0,2,2,B03,8,1,5,50,3,2,1,5,4,5,7,4,4,9,4,5,1,17,2,34,3,10,1,1,7,9,1,8,1,8,,13,6,1,22,9,121.519343,25.09682949
111,8,9,16,5,2,08士林區,士林區美崙街與美崙街152巷口,0,0,2,3,H02,8,1,5,50,3,2,1,5,4,5,7,4,4,9,4,5,1,17,1,64,2,8,4,5,7,20,8,20,10,16,,67,6,1,22,9,121.519343,25.09682949
111,8,9,16,58,2,06松山區,松山區民生東路4段45號,0,0,1,1,B01,8,1,5,50,14,9,1,5,4,5,7,4,4,3,4,5,2,13,1,34,3,10,1,1,7,8,1,4,2,5,,7,7,1,22,9,121.550092,25.05784791
111,8,9,16,58,2,06松山區,松山區民生東路4段45號,0,0,1,2,C03,8,1,5,50,14,9,1,5,4,5,7,4,4,3,4,5,2,13,1,26,2,9,1,1,7,12,1,10,2,13,,23,7,1,22,9,121.550092,25.05784791
111,8,9,17,21,2,04大安區,大安區建國南路2段269號旁,0,0,2,1,C03,8,1,5,50,14,7,1,5,4,5,7,2,1,9,4,4,2,12,1,52,2,9,1,1,7,9,1,10,2,14,,17,17,1,21,8,121.5379202,25.02422392
111,8,9,17,21,2,04大安區,大安區建國南路2段269號旁,0,0,2,2,C01,8,1,5,50,14,7,1,5,4,5,7,2,1,9,4,4,2,12,1,49,2,9,1,1,7,9,1,9,2,13,,17,17,1,21,8,121.5379202,25.02422392
111,8,9,17,21,2,04大安區,大安區建國南路2段269號旁,0,0,2,3,B03,8,1,5,50,14,7,1,5,4,5,7,2,1,9,4,4,2,12,2,44,3,10,1,1,7,14,1,8,2,6,,44,17,1,21,8,121.5379202,25.02422392
111,8,9,17,24,2,06松山區,松山區市民大道4段219號,0,0,2,1,C03,8,1,5,40,14,9,1,5,4,5,7,4,4,1,3,5,2,16,1,22,3,10,1,1,7,5,1,10,1,14,,6,6,1,22,9,121.5533058,25.04456968
111,8,9,17,24,2,06松山區,松山區市民大道4段219號,0,0,2,2,C03,8,1,5,40,14,9,1,5,4,5,7,4,4,1,3,5,2,16,1,41,2,9,1,1,7,9,1,10,1,12,,44,6,1,22,9,121.5533058,25.04456968
111,8,9,17,24,2,06松山區,松山區市民大道4段219號,0,0,2,3,H02,8,1,5,40,14,9,1,5,4,5,7,4,4,1,3,5,2,16,2,37,2,9,1,5,7,21,8,20,10,16,,67,6,1,22,9,121.5533058,25.04456968
111,8,9,17,25,2,03中山區,中山區吉林路與松江路362巷口口,0,0,1,1,B03,8,1,5,30,4,1,1,5,4,5,7,4,4,9,4,4,2,16,1,33,3,10,3,4,7,11,1,8,1,8,,6,6,1,22,9,121.5303441,25.0620104
111,8,9,17,25,2,03中山區,中山區吉林路與松江路362巷口口,0,0,1,2,C03,8,1,5,30,4,1,1,5,4,5,7,4,4,9,4,4,2,16,1,38,2,9,3,4,7,9,1,10,2,13,,13,6,1,22,9,121.5303441,25.0620104
111,8,9,17,30,2,01大同區,大同區市民大道1段與承德路1段口,0,0,1,2,C03,8,1,5,40,4,1,1,5,4,5,7,2,1,1,4,5,2,13,2,18,2,8,3,4,7,9,1,10,1,13,,44,16,1,22,9,121.516596,25.04891503
111,8,9,17,30,2,01大同區,大同區市民大道1段與承德路1段口,0,0,1,1,C03,8,1,5,40,4,1,1,5,4,5,7,2,1,1,4,5,2,13,2,69,3,10,3,4,7,9,1,10,1,11,,16,16,1,22,9,121.516596,25.04891503
111,8,9,17,50,2,07信義區,信義區永吉路494號,0,0,2,1,B03,8,1,5,50,14,8,1,5,4,5,7,4,4,2,4,4,2,17,1,43,3,10,1,1,7,8,1,8,2,6,,7,7,1,22,9,121.5794812,25.04530526
111,8,9,17,50,2,07信義區,信義區永吉路494號,0,0,2,2,C03,8,1,5,50,14,8,1,5,4,5,7,4,4,2,4,4,2,17,2,38,2,9,1,1,7,9,1,10,2,14,,44,7,1,22,9,121.5794812,25.04530526
111,8,9,17,50,2,07信義區,信義區永吉路494號,0,0,2,3,H02,8,1,5,50,14,8,1,5,4,5,7,4,4,2,4,4,2,17,2,10,2,9,4,5,7,20,8,20,10,16,,67,7,1,22,9,121.5794812,25.04530526
111,8,9,17,50,2,07信義區,信義區莊敬路423巷7弄7號,0,0,1,1,F01,8,1,5,30,14,9,1,5,4,5,7,4,4,9,5,5,2,17,2,26,2,9,1,1,7,9,8,20,1,16,,23,23,1,22,9,121.566532,25.02860115
111,8,9,17,50,2,07信義區,信義區莊敬路423巷7弄7號,0,0,1,2,C03,8,1,5,30,14,9,1,5,4,5,7,4,4,9,5,5,2,17,1,50,3,10,1,1,7,15,1,10,1,13,,33,23,1,22,9,121.566532,25.02860115
111,8,9,17,53,2,12內湖區,內湖區永保街與安康路93巷口,0,0,1,1,B03,8,1,5,40,3,1,1,5,4,5,7,4,4,5,2,5,2,11,1,28,3,10,1,1,7,5,1,8,1,2,,8,8,1,22,9,121.597228,25.06322785
111,8,9,17,53,2,12內湖區,內湖區永保街與安康路93巷口,0,0,1,2,C03,8,1,5,40,3,1,1,5,4,5,7,4,4,5,2,5,2,11,1,32,2,9,1,1,7,9,1,10,1,11,,13,8,1,22,9,121.597228,25.06322785
111,8,9,18,5,2,03中山區,中山區民族東路518號對面,0,0,1,1,B03,8,1,5,50,14,9,1,5,4,5,7,4,4,4,3,5,1,12,1,57,3,10,1,1,7,9,1,8,1,2,,23,23,1,22,9,121.5431774,25.06735702
111,8,9,18,5,2,03中山區,中山區民族東路518號對面,0,0,1,2,C03,8,1,5,50,14,9,1,5,4,5,7,4,4,4,3,5,1,12,2,47,2,1,1,1,7,9,1,10,1,14,,44,23,1,22,9,121.5431774,25.06735702
111,8,9,18,5,2,09北投區,北投區奇岩路26號,0,0,1,1,C03,8,2,5,30,11,9,1,5,4,5,1,4,4,10,5,5,2,10,1,22,3,10,1,1,7,15,1,10,1,14,,42,42,1,22,9,121.5056818,25.1307682
111,8,9,18,5,2,09北投區,北投區奇岩路26號,0,0,1,2,C03,8,2,5,30,11,9,1,5,4,5,1,4,4,10,5,5,2,10,1,47,2,7,1,1,7,9,1,10,1,11,,42,42,1,22,9,121.5056818,25.1307682
111,8,9,18,9,2,11南港區,南港區成美橋與八德路4段口口,0,0,1,1,B03,8,1,5,50,5,1,1,5,4,5,7,2,1,5,4,5,2,16,2,72,2,1,1,1,7,11,1,8,1,2,,10,10,1,22,9,121.582632,25.051673
111,8,9,18,9,2,11南港區,南港區成美橋與八德路4段口口,0,0,1,2,A02,8,1,5,50,5,1,1,5,4,5,7,2,1,5,4,5,2,16,1,50,3,10,1,1,7,6,1,2,1,1,,9,10,1,22,9,121.582632,25.051673
111,8,9,18,24,2,10文山區,文山區興隆路2段96巷與仙岩路口,0,0,2,1,C03,8,1,5,50,4,1,1,5,4,5,7,1,1,9,5,5,2,16,1,67,2,9,1,1,7,5,1,10,1,11,,8,8,1,22,9,121.550264,25.0001085
111,8,9,18,24,2,10文山區,文山區興隆路2段96巷與仙岩路口,0,0,2,2,C03,8,1,5,50,4,1,1,5,4,5,7,1,1,9,5,5,2,16,1,64,2,9,1,1,7,9,1,10,1,11,,13,8,1,22,9,121.550264,25.0001085
111,8,9,18,28,2,06松山區,松山區光復北路與富錦街口,0,0,1,1,B03,8,3,5,50,14,8,1,5,4,5,7,4,4,9,4,4,1,12,1,51,3,10,1,1,7,8,1,8,1,6,,7,,1,22,9,121.5548705,25.060315
111,8,9,18,28,2,06松山區,松山區光復北路與富錦街口,0,0,1,2,C03,8,3,5,50,14,8,1,5,4,5,7,4,4,9,4,4,1,12,2,32,2,9,1,1,7,9,1,10,1,11,,44,,1,22,9,121.5548705,25.060315
111,8,9,18,38,2,03中山區,中山區樂群一路往西(中山434號公園)前,0,0,2,1,C03,8,1,5,50,14,9,1,5,4,5,7,4,4,3,4,5,2,13,1,34,2,7,1,1,7,9,1,10,2,11,,16,16,1,22,9,121.5598619,25.07665683
111,8,9,18,38,2,03中山區,中山區樂群一路往西(中山434號公園)前,0,0,2,2,C03,8,1,5,50,14,9,1,5,4,5,7,4,4,3,4,5,2,13,1,26,2,9,1,1,7,9,1,10,2,13,,44,16,1,22,9,121.5598619,25.07665683
111,8,9,19,1,2,08士林區,士林區百齡橋西往東027燈桿,0,0,1,1,B03,8,1,5,50,8,9,1,5,4,5,7,4,4,1,4,5,2,13,1,31,3,10,1,1,7,9,1,8,1,1,,23,,1,22,9,121.5152349,25.09011936
111,8,9,19,1,2,08士林區,士林區百齡橋西往東027燈桿,0,0,1,2,B02,8,1,5,50,8,9,1,5,4,5,7,4,4,1,4,5,2,13,1,19,3,10,1,1,7,9,1,8,1,3,1,44,,1,22,9,121.5152349,25.09011936
111,8,9,19,1,2,08士林區,士林區百齡橋西往東027燈桿,0,0,1,3,B02,8,1,5,50,8,9,1,5,4,5,7,4,4,1,4,5,2,13,1,41,3,10,1,1,7,9,1,8,1,3,,44,,1,22,9,121.5152349,25.09011936
111,8,9,19,1,2,08士林區,士林區百齡橋西往東027燈桿,0,0,1,4,H02,8,1,5,50,8,9,1,5,4,5,7,4,4,1,4,5,2,13,2,42,2,4,4,5,7,21,8,20,10,16,,67,,1,22,9,121.5152349,25.09011936
111,8,9,19,5,2,10文山區,文山區木新路3段158號前,0,0,1,1,B12,8,3,5,50,14,9,1,5,4,5,7,2,1,9,4,5,2,16,1,63,3,10,1,1,7,1,1,8,1,8,,19,19,1,22,9,121.5612374,24.98182879
111,8,9,19,5,2,10文山區,文山區木新路3段158號前,0,0,1,2,C03,8,3,5,50,14,9,1,5,4,5,7,2,1,9,4,5,2,16,1,68,2,9,1,1,7,9,1,10,1,12,,23,19,1,22,9,121.5612374,24.98182879
111,8,9,19,20,2,04大安區,大安區和平東路3段與安和路2段口,0,0,1,1,B03,8,3,5,50,14,9,1,5,4,5,7,2,1,10,5,5,2,3,1,39,3,10,1,1,7,5,1,8,2,2,,15,15,1,22,9,121.5495071,25.0250977
111,8,9,19,20,2,04大安區,大安區和平東路3段與安和路2段口,0,0,1,2,H01,8,3,5,50,14,9,1,5,4,5,7,2,1,10,5,5,2,3,2,74,2,8,4,5,8,16,8,20,10,16,,67,15,1,22,9,121.5495071,25.0250977
111,8,9,19,30,2,07信義區,信義區松信路39號,0,0,2,1,C03,8,1,5,50,14,9,1,5,4,5,7,2,1,5,4,4,2,12,1,46,2,8,1,1,7,5,1,10,1,13,,6,6,1,22,8,121.57222,25.04798023
111,8,9,19,30,2,07信義區,信義區松信路39號,0,0,2,2,C03,8,1,5,50,14,9,1,5,4,5,7,2,1,5,4,4,2,12,2,54,2,8,1,1,7,9,1,10,1,12,,16,6,1,22,8,121.57222,25.04798023
111,8,9,19,44,2,04大安區,大安區忠孝東路3段與建國南路1段口,0,0,1,1,C03,7,3,5,50,4,1,1,5,4,5,7,2,1,1,1,5,2,16,1,28,2,9,1,1,7,9,1,10,1,11,,23,23,1,22,9,121.5372603,25.0418117
111,8,9,19,44,2,04大安區,大安區忠孝東路3段與建國南路1段口,0,0,1,2,B03,7,3,5,50,4,1,1,5,4,5,7,2,1,1,1,5,2,16,2,28,3,10,1,1,7,6,1,8,1,2,,9,23,1,22,9,121.5372603,25.0418117
111,8,9,19,50,2,03中山區,中山區中山北路2段與中山北路2段42巷口,0,0,1,1,C03,8,3,5,50,3,2,1,5,4,5,7,4,4,5,4,5,2,12,1,60,2,8,1,1,7,7,1,10,1,14,,7,7,1,22,9,121.522585,25.0546483
111,8,9,19,50,2,03中山區,中山區中山北路2段與中山北路2段42巷口,0,0,1,2,B01,8,3,5,50,3,2,1,5,4,5,7,4,4,5,4,5,2,12,1,57,3,10,1,1,7,9,1,4,1,5,,26,7,1,22,9,121.522585,25.0546483
111,8,9,20,0,2,12內湖區,內湖區瑞光路392號,0,0,2,1,B01,8,3,5,50,14,9,1,5,4,5,7,4,4,5,4,5,1,16,1,66,3,10,1,1,7,11,1,4,1,7,,10,10,1,22,9,121.5712758,25.07803654
111,8,9,20,0,2,12內湖區,內湖區瑞光路392號,0,0,2,2,C03,8,3,5,50,14,9,1,5,4,5,7,4,4,5,4,5,1,16,1,18,2,9,1,1,7,9,1,10,1,11,,13,10,1,22,9,121.5712758,25.07803654
111,8,9,20,0,2,12內湖區,內湖區瑞光路392號,0,0,2,3,C03,8,3,5,50,14,9,1,5,4,5,7,4,4,5,4,5,1,16,1,18,2,4,1,1,7,9,1,4,1,11,,13,10,1,22,9,121.5712758,25.07803654
111,8,9,20,3,2,12內湖區,內湖區成功路2段221號前,0,0,1,1,C03,8,3,5,50,14,9,1,5,4,5,7,2,1,1,4,5,2,12,1,32,2,8,1,1,7,7,1,10,1,14,,7,7,1,22,9,121.590785,25.06742289
111,8,9,20,3,2,12內湖區,內湖區成功路2段221號前,0,0,1,2,B03,8,3,5,50,14,9,1,5,4,5,7,2,1,1,4,5,2,12,1,57,3,10,1,1,7,9,1,8,1,5,,44,7,1,22,9,121.590785,25.06742289
111,8,9,20,11,2,02萬華區,萬華區萬大路504號,0,0,1,1,C03,8,1,5,50,14,9,1,5,4,5,7,4,4,10,5,5,2,12,2,22,2,8,1,1,7,10,1,10,1,14,,7,7,1,22,9,121.4972298,25.01930882
111,8,9,20,11,2,02萬華區,萬華區萬大路504號,0,0,1,2,B02,8,1,5,50,14,9,1,5,4,5,7,4,4,10,5,5,2,12,2,49,3,10,1,1,7,9,1,8,1,2,,44,7,1,22,9,121.4972298,25.01930882
111,8,9,20,30,2,05中正區,中正區重慶南路1段與襄陽路口,0,0,2,1,C03,8,3,5,0,3,1,1,5,4,5,7,1,1,9,4,5,2,17,1,19,2,9,1,4,7,9,1,10,1,11,,26,26,1,22,9,121.5132882,25.0434542
111,8,9,20,30,2,05中正區,中正區重慶南路1段與襄陽路口,0,0,2,2,C03,8,3,5,0,3,1,1,5,4,5,7,1,1,9,4,5,2,17,2,34,2,9,1,4,7,9,1,10,1,12,,44,26,1,22,9,121.5132882,25.0434542
111,8,9,20,50,2,07信義區,信義區松智路與松平路口,0,0,2,2,C03,8,3,5,50,4,1,1,5,4,5,7,1,1,9,4,5,2,15,1,47,2,9,1,1,7,9,1,10,1,11,,23,25,1,22,9,121.5653765,25.0304818
111,8,9,20,50,2,07信義區,信義區松智路與松平路口,0,0,2,1,C03,8,3,5,50,4,1,1,5,4,5,7,1,1,9,4,5,2,15,1,28,2,9,1,1,7,9,3,18,1,14,,25,25,1,22,9,121.5653765,25.0304818
111,8,9,20,53,2,03中山區,中山區大直街127巷與北安路621巷口,0,0,1,1,C03,8,3,5,30,4,1,1,5,4,5,7,4,4,10,5,5,2,15,1,30,3,10,1,1,7,9,1,10,1,13,,6,6,1,22,9,121.5484674,25.08296854