發生年度,發生月,發生日,發生時-Hours,發生分,處理別-編號,區序,肇事地點,死亡人數,2-30日死亡人數,受傷人數,當事人序號,車種,天候,光線,道路類別,速限-速度限制,道路型態,事故位置,路面狀況1,路面狀況2,路面狀況3,道路障礙1,道路障礙2,號誌1,號誌2,車道劃分-分向,車道劃分-分道1,車道劃分-分道2,車道劃分-分道3,事故類型及型態,性別,年齡,受傷程度,主要傷處,安全帽,行動電話,車輛用途,當事者行動狀態,駕駛資格情形,駕駛執照種類,飲酒情形,車輛撞擊部位1,車輛撞擊部位2,肇因碼-個別,肇因碼-主要,個人肇逃否,職業,旅次目的,座標-X,座標-Y
111,8,9,20,53,2,03中山區,中山區大直街127巷與北安路621巷口,0,0,1,2,C04,8,3,5,30,4,1,1,5,4,5,7,4,4,10,5,5,2,15,2,31,2,9,1,1,7,9,1,10,1,11,,23,6,1,22,9,121.5484674,25.08296854
111,8,9,21,20,2,04大安區,大安區信義路4段與安和路2段口,0,0,1,1,C04,8,1,5,50,4,1,1,5,4,5,7,1,1,10,5,5,2,18,1,18,2,9,1,1,7,9,1,10,9,12,,23,23,1,22,9,121.5523929,25.0330409
111,8,9,21,20,2,04大安區,大安區信義路4段與安和路2段口,0,0,1,2,,8,1,5,50,4,1,1,5,4,5,7,1,1,10,5,5,2,18,3,,,,,,,,,,,,,67,23,1,,,121.5523929,25.0330409
111,8,9,21,50,2,07信義區,信義區信安街67巷與嘉興街181巷口口,0,0,1,1,C03,7,3,5,50,4,1,1,5,4,5,7,2,1,5,4,5,2,17,1,18,2,8,1,1,7,5,1,10,1,15,,43,43,1,22,9,121.5574743,25.0260748
111,8,9,21,50,2,07信義區,信義區信安街67巷與嘉興街181巷口口,0,0,1,2,C03,7,3,5,50,4,1,1,5,4,5,7,2,1,5,4,5,2,17,1,23,3,10,1,1,7,9,1,10,1,15,,43,43,1,22,9,121.5574743,25.0260748
111,8,9,22,0,2,06松山區,松山區八德路4段與八德路4段245巷口,0,0,1,1,B01,8,3,5,50,3,1,1,5,4,5,7,3,1,5,4,5,2,17,1,36,3,10,1,1,7,11,1,4,2,6,,10,10,1,22,9,121.5649069,25.04890858
111,8,9,22,0,2,06松山區,松山區八德路4段與八德路4段245巷口,0,0,1,2,C03,8,3,5,50,3,1,1,5,4,5,7,3,1,5,4,5,2,17,1,34,2,9,1,1,7,9,1,10,2,14,,23,10,1,22,9,121.5649069,25.04890858
111,8,9,22,6,2,04大安區,大安區仁愛路4段與安和路1段口,0,0,2,1,B01,8,3,5,50,4,2,1,5,4,5,7,1,1,1,3,1,1,16,1,49,3,10,1,1,7,5,1,4,1,1,,23,23,1,22,9,121.5510787,25.0377827
111,8,9,22,6,2,04大安區,大安區仁愛路4段與安和路1段口,0,0,2,2,F02,8,3,5,50,4,2,1,5,4,5,7,1,1,1,3,1,1,16,2,46,2,9,3,1,7,9,8,20,1,16,,44,23,1,22,9,121.5510787,25.0377827
111,8,9,22,6,2,04大安區,大安區仁愛路4段與安和路1段口,0,0,2,3,H02,8,3,5,50,4,2,1,5,4,5,7,1,1,1,3,1,1,16,2,13,2,9,4,5,7,21,8,20,10,15,,67,23,1,22,9,121.5510787,25.0377827
111,8,9,23,30,2,09北投區,北投區明德路與東華街1段22巷口,0,0,1,1,B03,8,3,5,30,14,9,1,5,4,5,7,4,4,9,4,5,2,16,2,51,3,10,1,1,7,9,1,8,2,7,,6,6,1,22,9,121.5199059,25.10970671
111,8,9,23,30,2,09北投區,北投區明德路與東華街1段22巷口,0,0,1,2,C03,8,3,5,30,14,9,1,5,4,5,7,4,4,9,4,5,2,16,2,26,2,9,1,1,7,9,1,10,2,11,,14,6,1,22,9,121.5199059,25.10970671
111,8,9,23,34,2,12內湖區,內湖區民權東路6段與民權東路6段135巷口,0,0,1,1,C03,8,3,5,30,14,9,1,5,4,5,7,4,4,5,3,5,2,18,1,29,2,7,1,1,7,1,1,10,1,14,,42,42,1,22,9,121.5941041,25.06894661
111,8,9,23,34,2,12內湖區,內湖區民權東路6段與民權東路6段135巷口,0,0,1,2,,8,3,5,30,14,9,1,5,4,5,7,4,4,5,3,5,2,18,3,,,,,,,,,,,,,61,42,1,,,121.5941041,25.06894661
111,8,9,23,50,2,08士林區,士林區承德路4段329號,0,0,2,1,B01,8,3,5,40,14,8,1,5,4,5,7,4,4,1,4,4,2,16,1,64,3,10,1,1,7,1,1,4,1,8,,19,19,1,22,9,121.517494,25.09043801
111,8,9,23,50,2,08士林區,士林區承德路4段329號,0,0,2,2,C03,8,3,5,40,14,8,1,5,4,5,7,4,4,1,4,4,2,16,1,19,2,9,1,1,7,9,1,10,1,11,,44,19,1,22,9,121.517494,25.09043801
111,8,9,23,50,2,08士林區,士林區承德路4段329號,0,0,2,3,H02,8,3,5,40,14,8,1,5,4,5,7,4,4,1,4,4,2,16,2,19,2,9,1,5,7,20,8,20,10,16,,67,19,1,22,9,121.517494,25.09043801
111,8,10,1,10,2,09北投區,北投區大度路1段030燈桿(往淡水),0,0,1,1,C03,8,3,5,50,14,9,1,5,4,5,7,4,4,9,4,4,2,18,1,28,2,9,1,1,7,9,1,10,1,14,,50,50,1,22,9,121.4889761,25.12196926
111,8,10,1,10,2,09北投區,北投區大度路1段030燈桿(往淡水),0,0,1,2,,8,3,5,50,14,9,1,5,4,5,7,4,4,9,4,4,2,18,3,,,,,,,,,,,,,67,50,1,,,121.4889761,25.12196926
111,8,10,2,24,2,03中山區,中山區市民大道3段與建國南路1段口,0,0,1,1,B01,8,1,5,40,4,2,1,5,4,5,7,1,1,1,1,5,1,12,1,59,3,10,1,1,7,8,1,4,1,5,,7,7,1,22,9,121.5364279,25.04495761
111,8,10,2,24,2,03中山區,中山區市民大道3段與建國南路1段口,0,0,1,2,C02,8,1,5,40,4,2,1,5,4,5,7,1,1,1,1,5,1,12,1,42,2,8,1,1,7,7,1,9,1,14,,7,7,1,22,9,121.5364279,25.04495761
111,8,10,3,45,2,02萬華區,萬華區西寧南路與峨眉街口,0,0,1,1,B01,8,3,5,50,4,1,1,5,4,5,7,2,1,10,5,5,2,3,1,57,3,10,1,1,7,6,1,4,1,2,,15,15,1,22,9,121.5061462,25.04362524
111,8,10,3,45,2,02萬華區,萬華區西寧南路與峨眉街口,0,0,1,2,H01,8,3,5,50,4,1,1,5,4,5,7,2,1,10,5,5,2,3,2,62,2,9,4,5,8,16,8,20,1,16,,67,15,1,22,9,121.5061462,25.04362524
111,8,10,6,20,2,10文山區,文山區木新路2段79巷與木新路2段79巷6弄口口,0,0,1,1,C03,8,1,5,30,3,2,1,5,4,5,7,4,4,10,5,5,2,16,2,66,2,9,1,1,7,5,1,10,2,11,,8,8,1,22,9,121.5709606,24.98499495
111,8,10,6,20,2,10文山區,文山區木新路2段79巷與木新路2段79巷6弄口口,0,0,1,2,B03,8,1,5,30,3,2,1,5,4,5,7,4,4,10,5,5,2,16,1,63,3,10,1,1,7,9,1,8,2,1,,5,8,1,22,9,121.5709606,24.98499495
111,8,10,6,40,2,06松山區,松山區民權東路4段西向東093號燈桿處,0,0,2,1,C03,8,1,5,50,14,9,1,5,4,5,7,1,1,1,4,4,2,17,1,58,2,9,3,4,7,9,1,10,2,15,,16,16,1,22,9,121.5599683,25.06233164
111,8,10,6,40,2,06松山區,松山區民權東路4段西向東093號燈桿處,0,0,2,2,C03,8,1,5,50,14,9,1,5,4,5,7,1,1,1,4,4,2,17,1,59,2,9,3,4,7,9,1,10,2,13,,44,16,1,22,9,121.5599683,25.06233164
111,8,10,6,50,2,08士林區,士林區至善路2段34號與至善路2段口,0,0,1,1,B03,8,1,5,50,4,2,1,5,4,5,7,2,1,1,4,5,1,13,1,72,3,10,1,1,7,9,1,8,1,1,,23,23,1,22,9,121.5444959,25.09712978
111,8,10,6,50,2,08士林區,士林區至善路2段34號與至善路2段口,0,0,1,2,F01,8,1,5,50,4,2,1,5,4,5,7,2,1,1,4,5,1,13,2,38,2,9,1,1,7,7,8,20,1,16,,5,23,1,22,9,121.5444959,25.09712978
111,8,10,7,9,2,12內湖區,內湖區文德路208巷與文德路66巷53弄口,0,0,1,1,C03,8,1,5,50,4,1,1,5,4,5,7,2,1,10,2,5,2,13,1,51,2,8,1,1,7,9,1,10,2,11,,16,16,1,22,9,121.5834657,25.0772411
111,8,10,7,9,2,12內湖區,內湖區文德路208巷與文德路66巷53弄口,0,0,1,2,C03,8,1,5,50,4,1,1,5,4,5,7,2,1,10,2,5,2,13,2,20,3,10,1,1,7,9,1,10,2,13,,44,16,1,22,9,121.5834657,25.0772411
111,8,10,7,20,2,10文山區,文山區忠順街1段10巷與忠順街1段口,0,0,1,1,B03,8,1,5,30,3,1,1,5,4,5,7,4,4,9,5,5,2,17,1,33,3,10,1,1,7,1,1,8,1,1,,19,19,1,22,9,121.5582698,24.9839665
111,8,10,7,20,2,10文山區,文山區忠順街1段10巷與忠順街1段口,0,0,1,2,C03,8,1,5,30,3,1,1,5,4,5,7,4,4,9,5,5,2,17,1,24,2,7,1,1,7,9,1,10,1,11,,44,19,1,22,9,121.5582698,24.9839665
111,8,10,7,20,2,07信義區,信義區福德街221巷17號,0,0,1,1,B03,8,1,5,30,14,9,1,5,4,5,7,4,4,10,5,5,2,17,1,58,3,10,1,1,7,9,1,8,2,4,,17,17,1,21,8,121.5852521,25.03626698
111,8,10,7,20,2,07信義區,信義區福德街221巷17號,0,0,1,2,C03,8,1,5,30,14,9,1,5,4,5,7,4,4,10,5,5,2,17,1,68,3,10,1,1,7,9,1,10,2,14,,17,17,1,21,8,121.5852521,25.03626698
111,8,10,7,20,2,07信義區,信義區福德街221巷17號,0,0,1,3,H02,8,1,5,30,14,9,1,5,4,5,7,4,4,10,5,5,2,17,2,60,2,8,1,5,7,20,8,20,10,16,,67,17,1,21,8,121.5852521,25.03626698
111,8,10,7,35,2,06松山區,松山區南京東路4段57號與健康路口,0,0,1,1,C03,8,1,5,50,4,2,1,5,4,3,7,1,1,3,4,4,2,16,1,23,3,10,1,1,7,6,1,10,1,12,,6,6,1,22,9,121.5527052,25.05176192
111,8,10,7,35,2,06松山區,松山區南京東路4段57號與健康路口,0,0,1,2,C03,8,1,5,50,4,2,1,5,4,3,7,1,1,3,4,4,2,16,2,35,2,9,1,1,7,9,1,10,1,11,,44,6,1,22,9,121.5527052,25.05176192
111,8,10,7,35,2,06松山區,松山區南京東路4段57號與健康路口,0,0,1,3,A11,8,1,5,50,4,2,1,5,4,3,7,1,1,3,4,4,2,16,1,32,3,10,3,1,7,13,1,3,1,15,,38,6,1,22,9,121.5527052,25.05176192
111,8,10,7,52,2,01大同區,大同區環河北路1段241號,0,0,4,1,C03,8,1,5,50,14,9,1,5,4,5,7,4,4,9,4,5,1,12,1,34,2,9,1,1,7,9,1,10,2,15,,42,42,1,22,9,121.5083028,25.05682236
111,8,10,7,52,2,01大同區,大同區環河北路1段241號,0,0,4,2,C03,8,1,5,50,14,9,1,5,4,5,7,4,4,9,4,5,1,12,1,57,2,9,1,1,7,9,1,10,2,12,,17,42,1,22,9,121.5083028,25.05682236
111,8,10,7,52,2,01大同區,大同區環河北路1段241號,0,0,4,3,H02,8,1,5,50,14,9,1,5,4,5,7,4,4,9,4,5,1,12,1,62,2,8,1,1,7,17,8,20,10,16,,60,42,1,22,9,121.5083028,25.05682236
111,8,10,7,52,2,01大同區,大同區環河北路1段241號,0,0,4,4,H02,8,1,5,50,14,9,1,5,4,5,7,4,4,9,4,5,1,12,2,55,2,9,1,1,7,17,8,20,10,16,,67,42,1,22,9,121.5083028,25.05682236
111,8,10,7,55,2,11南港區,南港區研究院路2段與研究院路口側附近2段12巷口口,0,0,1,1,C03,8,1,5,50,3,1,1,5,4,5,7,2,1,1,4,5,2,16,1,52,2,8,1,1,7,9,1,10,1,11,,42,42,1,22,9,121.6156643,25.0475953
111,8,10,7,55,2,11南港區,南港區研究院路2段與研究院路口側附近2段12巷口口,0,0,1,2,B03,8,1,5,50,3,1,1,5,4,5,7,2,1,1,4,5,2,16,1,53,3,10,1,1,7,11,1,8,1,7,,42,42,1,22,9,121.6156643,25.0475953
111,8,10,7,56,2,04大安區,大安區信義路3段134巷2-1號與建國南路2段11巷口,0,0,1,1,C03,8,1,5,30,3,2,1,5,4,5,7,4,4,10,5,3,2,17,1,62,2,9,1,1,7,5,1,10,1,12,,8,8,1,22,9,121.5394898,25.03289608
111,8,10,7,56,2,04大安區,大安區信義路3段134巷2-1號與建國南路2段11巷口,0,0,1,2,B03,8,1,5,30,3,2,1,5,4,5,7,4,4,10,5,3,2,17,2,47,3,10,3,4,7,9,1,8,1,8,,44,8,1,22,9,121.5394898,25.03289608
111,8,10,8,5,2,10文山區,文山區木新路1段與無名巷口,0,0,1,1,B03,8,1,5,50,4,1,1,5,4,1,7,1,1,10,5,5,2,13,2,48,3,10,1,1,7,9,1,8,1,1,,43,43,1,22,9,121.5706347,24.9888751
111,8,10,8,5,2,10文山區,文山區木新路1段與無名巷口,0,0,1,2,C03,8,1,5,50,4,1,1,5,4,1,7,1,1,10,5,5,2,13,2,44,2,8,1,1,7,14,1,10,1,13,,43,43,1,22,9,121.5706347,24.9888751
111,8,10,8,5,2,10文山區,文山區木新路1段與無名巷口,0,0,1,3,C03,8,1,5,50,4,1,1,5,4,1,7,1,1,10,5,5,2,13,1,45,3,10,1,1,7,14,1,10,1,13,,43,43,1,22,9,121.5706347,24.9888751
111,8,10,8,23,2,11南港區,南港區成功路1段36巷20號,0,0,1,1,B03,8,1,5,50,14,9,1,5,4,5,7,4,4,9,5,5,2,16,1,30,3,10,3,4,7,6,1,8,1,2,,9,9,1,22,9,121.5916179,25.05690454
111,8,10,8,23,2,11南港區,南港區成功路1段36巷20號,0,0,1,2,C03,8,1,5,50,14,9,1,5,4,5,7,4,4,9,5,5,2,16,2,22,2,9,1,1,7,9,1,10,1,11,,23,9,1,22,9,121.5916179,25.05690454
111,8,10,8,25,2,03中山區,中山區新生北路2段與民權東路1段口,0,0,2,1,C03,8,1,5,50,4,1,1,5,4,5,7,1,1,5,4,5,2,13,1,25,2,8,1,1,7,9,1,10,1,11,,16,16,1,22,9,121.5278193,25.06253168
111,8,10,8,25,2,03中山區,中山區新生北路2段與民權東路1段口,0,0,2,2,C03,8,1,5,50,4,1,1,5,4,5,7,1,1,5,4,5,2,13,1,31,3,10,1,1,7,14,1,10,1,13,,44,16,1,22,9,121.5278193,25.06253168
111,8,10,8,25,2,03中山區,中山區新生北路2段與民權東路1段口,0,0,2,3,C03,8,1,5,50,4,1,1,5,4,5,7,1,1,5,4,5,2,13,2,43,2,8,1,1,7,9,1,10,1,11,,44,16,1,22,9,121.5278193,25.06253168
111,8,10,8,40,2,11南港區,南港區成福路與成福路107巷口口,0,0,1,1,F03,8,1,5,30,3,1,1,5,4,5,7,4,4,5,5,5,2,12,1,78,2,9,1,1,7,7,8,20,1,16,,7,7,1,22,9,121.5871545,25.0423758
111,8,10,8,40,2,11南港區,南港區成福路與成福路107巷口口,0,0,1,2,B03,8,1,5,30,3,1,1,5,4,5,7,4,4,5,5,5,2,12,2,45,3,10,1,1,7,9,1,8,1,6,,44,7,1,22,9,121.5871545,25.0423758
111,8,10,8,50,2,08士林區,士林區中正路與承德路4段口,0,0,2,1,C03,8,1,5,50,4,2,1,5,4,5,7,4,4,1,4,4,1,17,1,61,2,8,1,1,7,7,6,18,11,15,,43,43,1,21,8,121.515678,25.09041262
111,8,10,8,50,2,08士林區,士林區中正路與承德路4段口,0,0,2,2,B03,8,1,5,50,4,2,1,5,4,5,7,4,4,1,4,4,1,17,1,43,3,10,1,1,7,9,1,8,1,5,,43,43,1,21,8,121.515678,25.09041262
111,8,10,8,50,2,08士林區,士林區中正路與承德路4段口,0,0,2,3,H02,8,1,5,50,4,2,1,5,4,5,7,4,4,1,4,4,1,17,2,50,2,8,4,5,7,20,8,20,10,16,,67,43,1,21,8,121.515678,25.09041262
111,8,10,8,53,2,10文山區,文山區木柵路4段29號,0,0,1,1,B03,8,1,8,30,15,22,4,5,4,5,3,4,4,10,5,5,2,9,1,44,3,10,3,4,7,2,1,8,9,6,,12,12,1,22,9,121.5714435,24.99359048
111,8,10,8,53,2,10文山區,文山區木柵路4段29號,0,0,1,2,H01,8,1,8,30,15,22,4,5,4,5,3,4,4,10,5,5,2,9,2,32,2,7,4,5,8,16,8,20,10,16,,67,12,1,22,9,121.5714435,24.99359048
111,8,10,9,2,2,11南港區,南港區三重路77號,0,0,1,1,C03,8,1,5,50,14,9,1,5,4,5,7,4,4,1,4,5,2,17,2,56,2,9,1,1,7,7,1,10,11,14,,7,7,1,22,9,121.6138361,25.06101567
111,8,10,9,2,2,11南港區,南港區三重路77號,0,0,1,2,B03,8,1,5,50,14,9,1,5,4,5,7,4,4,1,4,5,2,17,1,45,3,10,3,4,7,9,1,8,11,15,,44,7,1,22,9,121.6138361,25.06101567
111,8,10,9,5,2,04大安區,大安區光復南路290巷2號與光復南路290巷口廢鐵道道路,0,0,1,1,C04,8,1,5,0,4,1,4,5,4,5,7,4,4,10,5,5,2,15,1,16,2,9,1,1,7,9,2,18,1,12,,6,6,1,22,9,121.556891,25.0394236
111,8,10,9,5,2,04大安區,大安區光復南路290巷2號與光復南路290巷口廢鐵道道路,0,0,1,2,B03,8,1,5,0,4,1,4,5,4,5,7,4,4,10,5,5,2,15,2,65,3,10,1,1,7,9,1,8,1,1,,13,6,1,22,9,121.556891,25.0394236
111,8,10,9,9,2,04大安區,大安區基隆路3段與長興街口,0,0,3,1,C03,8,1,5,50,4,1,1,5,4,5,7,1,1,10,4,5,2,17,1,25,2,9,1,1,7,9,1,10,1,11,,23,23,1,22,9,121.544421,25.01710585
111,8,10,9,9,2,04大安區,大安區基隆路3段與長興街口,0,0,3,2,C03,8,1,5,50,4,1,1,5,4,5,7,1,1,10,4,5,2,17,2,43,2,9,1,1,7,15,1,10,1,13,,44,23,1,22,9,121.544421,25.01710585
111,8,10,9,9,2,04大安區,大安區基隆路3段與長興街口,0,0,3,3,H02,8,1,5,50,4,1,1,5,4,5,7,1,1,10,4,5,2,17,2,26,2,9,1,5,7,20,8,20,10,16,,67,23,1,22,9,121.544421,25.01710585
111,8,10,9,25,2,05中正區,中正區市民大道2段與金山北路口,0,0,1,1,B03,8,1,5,40,4,1,1,5,4,5,7,1,1,1,4,5,2,12,1,54,3,10,1,1,7,7,1,4,2,7,,7,7,1,22,9,121.5305995,25.045989
111,8,10,9,25,2,05中正區,中正區市民大道2段與金山北路口,0,0,1,2,C03,8,1,5,40,4,1,1,5,4,5,7,1,1,1,4,5,2,12,1,24,2,9,1,1,7,9,1,10,2,11,,23,7,1,22,9,121.5305995,25.045989
111,8,10,9,50,2,03中山區,中山區北安路與明水路口口,0,0,2,1,C03,8,1,5,50,3,1,1,5,4,5,7,1,1,1,4,5,2,16,1,21,2,9,3,4,7,9,1,10,1,11,,23,23,1,22,9,121.5390105,25.07768081
111,8,10,9,50,2,03中山區,中山區北安路與明水路口口,0,0,2,2,C03,8,1,5,50,3,1,1,5,4,5,7,1,1,1,4,5,2,16,2,38,2,9,3,4,7,9,1,10,1,11,,23,23,1,22,9,121.5390105,25.07768081
111,8,10,10,20,2,05中正區,中正區中華路1段9巷口旁,0,0,2,1,B01,8,1,5,50,14,8,1,5,4,5,7,4,4,9,4,4,1,13,1,52,3,10,1,1,7,8,1,4,2,3,,7,7,1,21,1,121.5099583,25.0471264
111,8,10,10,20,2,05中正區,中正區中華路1段9巷口旁,0,0,2,2,C03,8,1,5,50,14,8,1,5,4,5,7,4,4,9,4,4,1,13,1,58,2,9,1,1,7,9,1,10,2,11,,23,7,1,21,5,121.5099583,25.0471264
111,8,10,10,20,2,05中正區,中正區中華路1段9巷口旁,0,0,2,3,H02,8,1,5,50,14,8,1,5,4,5,7,4,4,9,4,4,1,13,2,56,2,7,1,5,7,20,8,20,10,16,,67,7,1,19,5,121.5099583,25.0471264
111,8,10,10,22,2,04大安區,大安區安和路1段127巷29弄與安和路1段127巷口,0,0,1,1,B01,8,1,5,30,3,1,1,5,4,5,7,4,4,10,5,5,2,2,1,67,3,10,1,1,7,9,1,4,1,1,,23,23,1,22,9,121.5550256,25.03464053
111,8,10,10,22,2,04大安區,大安區安和路1段127巷29弄與安和路1段127巷口,0,0,1,2,H01,8,1,5,30,3,1,1,5,4,5,7,4,4,10,5,5,2,2,2,80,2,9,4,5,8,16,8,20,10,16,,67,23,1,22,9,121.5550256,25.03464053
111,8,10,10,23,2,01大同區,大同區承德路2段與錦西街口,0,0,3,1,C03,8,1,5,50,3,2,1,5,4,5,7,1,1,9,4,5,1,12,1,57,3,10,1,1,7,8,1,10,1,13,,7,7,1,22,9,121.5180832,25.0602178
111,8,10,10,23,2,01大同區,大同區承德路2段與錦西街口,0,0,3,2,C03,8,1,5,50,3,2,1,5,4,5,7,1,1,9,4,5,1,12,1,43,2,9,1,1,7,9,1,10,1,11,,32,7,1,22,9,121.5180832,25.0602178
111,8,10,10,23,2,01大同區,大同區承德路2段與錦西街口,0,0,3,3,H02,8,1,5,50,3,2,1,5,4,5,7,1,1,9,4,5,1,12,2,38,2,9,1,1,7,17,8,20,10,15,,67,7,1,22,9,121.5180832,25.0602178
111,8,10,10,23,2,01大同區,大同區承德路2段與錦西街口,0,0,3,4,H02,8,1,5,50,3,2,1,5,4,5,7,1,1,9,4,5,1,12,1,8,2,9,1,1,7,17,8,20,10,15,,67,7,1,22,9,121.5180832,25.0602178
111,8,10,10,35,2,08士林區,士林區中正路418號,0,0,1,1,A02,8,1,8,40,15,22,1,5,4,5,7,4,4,1,5,5,2,9,1,57,3,10,1,1,7,14,1,2,1,15,,42,42,1,22,9,121.5204811,25.09374806
111,8,10,10,35,2,08士林區,士林區中正路418號,0,0,1,2,H02,8,1,8,40,15,22,1,5,4,5,7,4,4,1,5,5,2,9,2,79,2,8,4,5,7,19,8,20,10,16,,67,42,1,22,9,121.5204811,25.09374806
111,8,10,10,39,2,09北投區,北投區承德路6段120號,0,0,1,1,B12,8,1,5,50,14,9,1,5,4,5,7,4,4,1,4,4,2,14,1,24,3,10,1,1,7,2,1,6,1,3,,43,43,1,22,9,121.5122979,25.10340461
111,8,10,10,39,2,09北投區,北投區承德路6段120號,0,0,1,2,C03,8,1,5,50,14,9,1,5,4,5,7,4,4,1,4,4,2,14,1,57,2,9,1,1,7,15,1,10,1,11,,43,43,1,22,9,121.5122979,25.10340461
111,8,10,11,20,2,09北投區,北投區大興街與中央南路2段6巷口,0,0,1,1,B01,8,1,5,30,3,1,1,5,4,5,7,4,4,10,5,5,2,16,1,68,3,10,1,1,7,5,1,4,1,8,,6,6,1,22,9,121.4992019,25.13007434
111,8,10,11,20,2,09北投區,北投區大興街與中央南路2段6巷口,0,0,1,2,C03,8,1,5,30,3,1,1,5,4,5,7,4,4,10,5,5,2,16,1,59,2,9,1,1,7,9,1,10,1,12,,44,6,1,22,9,121.4992019,25.13007434
111,8,10,11,20,2,09北投區,北投區大興街與中央南路2段6巷口,0,0,1,3,B03,8,1,5,30,3,1,1,5,4,5,7,4,4,10,5,5,2,16,1,45,3,10,1,1,7,14,1,8,1,15,,38,6,1,22,9,121.4992019,25.13007434
111,8,10,11,20,2,07信義區,信義區松智路(市府1號東側門),0,0,1,2,C03,8,1,5,50,14,9,1,4,4,5,7,4,4,5,4,5,2,17,1,29,2,9,1,1,7,9,1,10,1,12,,42,7,1,22,9,121.5654511,25.0376719
111,8,10,11,20,2,07信義區,信義區松智路(市府1號東側門),0,0,1,1,B03,8,1,5,50,14,9,1,4,4,5,7,4,4,5,4,5,2,17,1,34,3,10,1,1,7,8,1,8,9,15,,7,7,1,22,9,121.5654511,25.0376719
111,8,10,11,28,2,04大安區,大安區永康街17巷與永康街口,0,0,2,1,C03,8,1,5,30,4,1,1,5,4,5,7,4,4,9,4,5,2,15,1,73,2,7,1,1,7,9,1,10,1,11,,6,,1,22,9,121.5297149,25.03229332
111,8,10,11,28,2,04大安區,大安區永康街17巷與永康街口,0,0,2,2,C03,8,1,5,30,4,1,1,5,4,5,7,4,4,9,4,5,2,15,2,58,2,9,1,1,7,9,1,10,1,12,,44,,1,22,9,121.5297149,25.03229332
111,8,10,11,54,2,06松山區,松山區光復北路與南京東路5段口,0,0,1,1,C03,8,1,5,50,4,1,1,5,4,5,7,1,1,8,3,4,1,16,1,37,3,10,3,1,7,4,1,10,1,12,,23,23,1,22,9,121.5574417,25.05166044
111,8,10,11,54,2,06松山區,松山區光復北路與南京東路5段口,0,0,1,2,C03,8,1,5,50,4,1,1,5,4,5,7,1,1,8,3,4,1,16,2,50,2,9,3,1,7,5,1,10,1,12,,44,23,1,22,9,121.5574417,25.05166044
111,8,10,11,58,2,05中正區,中正區信義路2段與新生南路1段口,0,0,1,1,C03,8,1,5,50,4,2,1,5,4,5,7,2,1,1,4,1,2,13,1,25,3,10,1,1,7,9,1,10,2,11,,23,23,1,22,9,121.5325423,25.0338573
111,8,10,11,58,2,05中正區,中正區信義路2段與新生南路1段口,0,0,1,2,C03,8,1,5,50,4,2,1,5,4,5,7,2,1,1,4,1,2,13,1,46,2,9,1,1,7,9,1,10,2,13,,44,23,1,22,9,121.5325423,25.0338573
111,8,10,12,10,2,03中山區,中山區樂群一路與基湖路口,0,0,2,1,C03,8,1,5,50,3,1,1,5,4,5,7,1,1,3,4,5,2,12,2,24,2,9,1,1,7,5,1,10,1,14,,8,8,1,22,9,121.5631381,25.07608669
111,8,10,12,10,2,03中山區,中山區樂群一路與基湖路口,0,0,2,2,B02,8,1,5,50,3,1,1,5,4,5,7,1,1,3,4,5,2,12,1,39,3,10,1,1,7,9,1,8,1,5,,23,8,1,22,9,121.5631381,25.07608669
111,8,10,12,10,2,03中山區,中山區樂群一路與基湖路口,0,0,2,3,H02,8,1,5,50,3,1,1,5,4,5,7,1,1,3,4,5,2,12,2,43,2,9,4,5,7,20,8,20,10,16,,67,8,1,22,9,121.5631381,25.07608669
111,8,10,12,15,2,10文山區,文山區萬壽橋與木柵路3段口,0,0,1,1,B03,8,1,5,50,4,1,1,5,4,5,7,1,1,1,3,5,2,17,1,42,3,10,3,4,7,5,1,8,2,15,,8,8,1,22,9,121.5711136,24.99161634
111,8,10,12,15,2,10文山區,文山區萬壽橋與木柵路3段口,0,0,1,2,C03,8,1,5,50,4,1,1,5,4,5,7,1,1,1,3,5,2,17,1,22,2,9,3,4,7,9,1,8,2,15,,42,8,1,22,9,121.5711136,24.99161634
111,8,10,12,26,2,06松山區,松山區新東街37號,0,0,3,1,B03,7,1,5,50,14,9,1,5,4,5,7,4,4,8,3,5,2,13,1,60,3,10,3,4,7,9,1,8,1,1,,43,43,1,22,9,121.5658536,25.05988119
111,8,10,12,26,2,06松山區,松山區新東街37號,0,0,3,2,C03,7,1,5,50,14,9,1,5,4,5,7,4,4,8,3,5,2,13,1,36,2,9,3,4,7,14,1,10,1,13,,43,43,1,22,9,121.5658536,25.05988119
111,8,10,12,26,2,06松山區,松山區新東街37號,0,0,3,3,C03,7,1,5,50,14,9,1,5,4,5,7,4,4,8,3,5,2,13,1,62,2,9,3,4,7,14,1,10,1,13,,43,43,1,22,9,121.5658536,25.05988119
111,8,10,12,26,2,06松山區,松山區新東街37號,0,0,3,4,H02,7,1,5,50,14,9,1,5,4,5,7,4,4,8,3,5,2,13,2,28,2,9,1,5,7,20,8,20,10,16,,67,43,1,22,9,121.5658536,25.05988119
111,8,10,12,30,2,08士林區,士林區文林路與中正路口,0,0,1,1,B12,8,1,5,50,4,2,1,5,4,5,7,2,1,5,4,5,2,17,1,61,3,10,3,4,7,6,1,8,1,8,,9,9,1,22,9,121.5246907,25.09504224