發生年度,發生月,發生日,發生時-Hours,發生分,處理別-編號,區序,肇事地點,死亡人數,2-30日死亡人數,受傷人數,當事人序號,車種,天候,光線,道路類別,速限-速度限制,道路型態,事故位置,路面狀況1,路面狀況2,路面狀況3,道路障礙1,道路障礙2,號誌1,號誌2,車道劃分-分向,車道劃分-分道1,車道劃分-分道2,車道劃分-分道3,事故類型及型態,性別,年齡,受傷程度,主要傷處,安全帽,行動電話,車輛用途,當事者行動狀態,駕駛資格情形,駕駛執照種類,飲酒情形,車輛撞擊部位1,車輛撞擊部位2,肇因碼-個別,肇因碼-主要,個人肇逃否,職業,旅次目的,座標-X,座標-Y
111,8,10,12,30,2,08士林區,士林區文林路與中正路口,0,0,1,2,C03,8,1,5,50,4,2,1,5,4,5,7,2,1,5,4,5,2,17,1,22,2,9,1,4,7,5,1,10,1,12,,44,9,1,22,9,121.5246907,25.09504224
111,8,10,12,43,2,03中山區,中山區民權西路75號,0,0,1,1,C03,8,1,5,40,14,8,1,5,4,5,7,4,4,1,4,4,2,12,1,67,2,8,1,1,7,7,1,10,1,14,,7,7,1,22,9,121.5204057,25.0627693
111,8,10,12,43,2,03中山區,中山區民權西路75號,0,0,1,2,C03,8,1,5,40,14,8,1,5,4,5,7,4,4,1,4,4,2,12,2,54,3,10,1,1,7,9,1,10,1,12,,44,7,1,22,9,121.5204057,25.0627693
111,8,10,13,3,2,08士林區,士林區中山北路6段與德行西路口,0,0,1,1,C03,8,1,5,50,4,2,1,5,4,5,7,2,1,10,2,5,1,16,1,72,2,9,1,1,7,5,4,10,1,14,,8,8,1,22,9,121.5248601,25.1064424
111,8,10,13,3,2,08士林區,士林區中山北路6段與德行西路口,0,0,1,2,B03,8,1,5,50,4,2,1,5,4,5,7,2,1,10,2,5,1,16,1,58,3,10,1,1,7,9,1,8,1,5,,23,8,1,22,9,121.5248601,25.1064424
111,8,10,13,20,2,10文山區,文山區保儀路13巷38號,0,0,1,1,B03,7,1,5,30,14,9,1,5,4,5,7,4,4,10,5,5,2,17,1,57,3,10,1,1,7,5,1,8,2,4,,8,8,1,22,9,121.5698636,24.988507
111,8,10,13,20,2,10文山區,文山區保儀路13巷38號,0,0,1,2,C03,7,1,5,30,14,9,1,5,4,5,7,4,4,10,5,5,2,17,1,22,2,8,1,1,7,9,1,10,2,11,,44,8,1,22,9,121.5698636,24.988507
111,8,10,13,31,2,03中山區,中山區南京東路2段與松江路口,0,0,1,1,C03,8,1,5,50,4,2,1,5,4,5,7,1,1,1,4,4,2,13,1,20,2,9,1,1,7,9,1,10,1,12,,16,16,1,22,9,121.5332608,25.0521224
111,8,10,13,31,2,03中山區,中山區南京東路2段與松江路口,0,0,1,2,B03,8,1,5,50,4,2,1,5,4,5,7,1,1,1,4,4,2,13,1,36,3,10,1,1,7,9,1,8,1,7,,44,16,1,22,9,121.5332608,25.0521224
111,8,10,13,47,2,06松山區,松山區敦化南路1段100巷12號,0,0,2,1,C03,7,1,5,50,14,9,1,5,4,5,7,4,4,8,3,5,2,17,2,62,2,9,1,1,7,5,1,10,1,14,,8,8,1,22,9,121.5480833,25.04575002
111,8,10,13,47,2,06松山區,松山區敦化南路1段100巷12號,0,0,2,2,C03,7,1,5,50,14,9,1,5,4,5,7,4,4,8,3,5,2,17,2,25,2,9,1,1,7,9,1,10,1,11,,23,8,1,22,9,121.5480833,25.04575002
111,8,10,14,20,2,07信義區,信義區信義路6段與虎林街口,0,0,1,1,A02,8,1,5,50,4,2,1,5,4,5,7,1,1,5,4,5,2,9,1,52,3,10,3,4,7,9,1,2,1,15,,43,43,1,22,9,121.5778275,25.0360059
111,8,10,14,20,2,07信義區,信義區信義路6段與虎林街口,0,0,1,2,H02,8,1,5,50,4,2,1,5,4,5,7,1,1,5,4,5,2,9,1,64,2,1,4,5,7,20,8,20,10,16,,67,43,1,22,9,121.5778275,25.0360059
111,8,10,14,30,2,09北投區,北投區北投路1段西安橋西往東026號燈桿,0,0,1,1,C03,8,1,5,50,8,9,1,5,4,5,7,4,4,4,5,5,1,12,1,57,3,10,1,1,7,9,1,10,1,12,,17,17,1,22,9,121.5012459,25.1235739
111,8,10,14,30,2,09北投區,北投區北投路1段西安橋西往東026號燈桿,0,0,1,2,F01,8,1,5,50,8,9,1,5,4,5,7,4,4,4,5,5,1,12,1,68,2,9,1,1,7,9,8,20,1,16,,44,17,1,22,9,121.5012459,25.1235739
111,8,10,14,44,2,06松山區,松山區復興北路15號,0,0,1,1,C03,7,1,5,50,14,9,1,5,4,5,7,4,4,1,3,5,2,17,1,29,2,9,3,4,7,1,1,10,1,11,,19,19,1,22,9,121.5440728,25.04863508
111,8,10,14,44,2,06松山區,松山區復興北路15號,0,0,1,2,B01,7,1,5,50,14,9,1,5,4,5,7,4,4,1,3,5,2,17,1,63,3,10,3,4,7,9,1,10,1,2,,42,19,1,22,9,121.5440728,25.04863508
111,8,10,15,6,2,09北投區,北投區磺港路79號停車格(南往北方向),0,0,1,1,B03,8,1,5,0,14,9,1,5,4,5,7,4,4,10,5,5,1,12,1,42,3,10,1,1,7,13,1,8,2,4,,40,40,1,22,9,121.503584,25.12689358
111,8,10,15,6,2,09北投區,北投區磺港路79號停車格(南往北方向),0,0,1,2,C03,8,1,5,0,14,9,1,5,4,5,7,4,4,10,5,5,1,12,1,42,2,7,1,1,7,9,1,10,2,12,,13,40,1,22,9,121.503584,25.12689358
111,8,10,15,15,2,12內湖區,內湖區瑞光路與陽光街口,0,0,2,1,C03,8,1,5,50,4,1,1,5,4,5,7,2,1,9,4,5,2,11,1,50,2,9,1,1,7,5,6,18,2,12,,8,8,1,22,9,121.5791768,25.0737525
111,8,10,15,15,2,12內湖區,內湖區瑞光路與陽光街口,0,0,2,2,C03,8,1,5,50,4,1,1,5,4,5,7,2,1,9,4,5,2,11,1,48,2,9,1,1,7,9,1,10,2,11,,44,8,1,22,9,121.5791768,25.0737525
111,8,10,15,35,2,08士林區,士林區中山北路5段與劍潭路口往南,0,0,1,1,C03,8,1,5,50,14,9,1,5,4,5,7,4,4,1,4,5,1,13,1,21,2,9,1,1,7,9,1,10,1,11,,23,23,1,22,9,121.5253859,25.08333553
111,8,10,15,35,2,08士林區,士林區中山北路5段與劍潭路口往南,0,0,1,2,B03,8,1,5,50,14,9,1,5,4,5,7,4,4,1,4,5,1,13,2,38,3,10,1,1,7,9,1,8,1,2,,44,23,1,22,9,121.5253859,25.08333553
111,8,10,16,0,2,03中山區,中山區錦西街4-4號前,0,0,1,1,B03,8,1,5,50,14,9,1,5,4,5,7,4,4,5,4,5,2,17,2,44,3,10,3,4,7,14,1,8,1,2,,44,44,1,19,9,121.5222197,25.0602948
111,8,10,16,0,2,03中山區,中山區錦西街4-4號前,0,0,1,2,C03,8,1,5,50,14,9,1,5,4,5,7,4,4,5,4,5,2,17,1,59,2,9,3,4,7,9,1,10,1,14,,44,44,1,22,9,121.5222197,25.0602948
111,8,10,16,0,2,03中山區,中山區錦西街4-4號前,0,0,1,3,H02,8,1,5,50,14,9,1,5,4,5,7,4,4,5,4,5,2,17,2,32,3,10,4,5,7,19,8,20,10,16,,59,44,1,5,2,121.5222197,25.0602948
111,8,10,16,20,2,09北投區,北投區中和街與永興路2段口,0,0,1,1,B03,8,1,5,50,4,2,1,5,4,5,7,2,1,5,5,5,2,3,1,20,3,10,1,1,7,5,1,8,2,1,,15,15,1,22,9,121.5010483,25.1396763
111,8,10,16,20,2,09北投區,北投區中和街與永興路2段口,0,0,1,2,H01,8,1,5,50,4,2,1,5,4,5,7,2,1,5,5,5,2,3,1,89,2,9,4,5,8,16,8,20,10,16,,67,15,1,22,9,121.5010483,25.1396763
111,8,10,16,34,1,12內湖區,內湖區民權大橋西向東(民權021),1,0,0,1,C03,8,1,5,40,8,11,1,5,4,5,7,4,4,3,4,5,2,19,1,40,1,1,1,4,7,9,1,10,9,12,,13,13,1,22,9,121.575319,25.06579521
111,8,10,16,34,1,12內湖區,內湖區民權大橋西向東(民權021),1,0,0,2,,8,1,5,40,8,11,1,5,4,5,7,4,4,3,4,5,2,19,3,,,,,,,,,,,,,67,13,1,,,121.575319,25.06579521
111,8,10,16,38,2,08士林區,士林區士東路200巷21號,0,0,2,1,C04,8,2,5,30,14,9,1,5,4,5,7,4,4,5,5,5,1,9,2,28,2,9,1,1,7,9,1,10,1,11,,13,13,1,21,8,121.5337527,25.11182065
111,8,10,16,38,2,08士林區,士林區士東路200巷21號,0,0,2,2,H01,8,2,5,30,14,9,1,5,4,5,7,4,4,5,5,5,1,9,1,72,2,9,4,5,8,16,8,20,10,16,,51,13,1,21,8,121.5337527,25.11182065
111,8,10,16,50,2,08士林區,士林區通河西街2段與社正路口,0,0,1,1,B03,8,1,5,40,3,1,1,5,4,5,7,2,1,9,4,5,1,17,1,33,3,10,1,1,7,5,1,8,1,8,,8,8,1,22,9,121.5116569,25.08909826
111,8,10,16,50,2,08士林區,士林區通河西街2段與社正路口,0,0,1,2,C03,8,1,5,40,3,1,1,5,4,5,7,2,1,9,4,5,1,17,1,21,2,9,1,1,7,9,1,10,1,14,,23,8,1,22,9,121.5116569,25.08909826
111,8,10,17,0,2,06松山區,松山區長春路與慶城街口,0,0,2,1,C03,8,1,5,50,4,1,1,5,4,5,7,2,1,9,4,5,2,11,1,19,2,9,1,1,7,5,1,10,2,12,,6,6,1,22,9,121.5461898,25.05451401
111,8,10,17,0,2,06松山區,松山區長春路與慶城街口,0,0,2,2,C03,8,1,5,50,4,1,1,5,4,5,7,2,1,9,4,5,2,11,1,68,2,9,1,1,7,9,1,10,2,11,,44,6,1,22,9,121.5461898,25.05451401
111,8,10,17,8,2,03中山區,中山區松江路133巷與南京東路2段115巷口,0,0,1,1,C03,8,1,5,30,4,1,1,5,4,5,7,4,4,10,4,5,1,15,1,41,2,9,1,1,7,9,1,10,1,11,,6,6,1,22,9,121.533634,25.05432857
111,8,10,17,8,2,03中山區,中山區松江路133巷與南京東路2段115巷口,0,0,1,2,B03,8,1,5,30,4,1,1,5,4,5,7,4,4,10,4,5,1,15,2,40,3,10,1,1,7,9,1,8,1,5,,14,6,1,22,9,121.533634,25.05432857
111,8,10,17,8,2,07信義區,信義區基隆路1段與基隆路1段102巷口,0,0,2,1,B03,8,1,5,50,3,2,1,5,4,5,7,4,4,8,3,5,2,12,1,63,3,10,1,1,7,6,1,8,1,2,,9,9,1,22,9,121.5668014,25.0453351
111,8,10,17,8,2,07信義區,信義區基隆路1段與基隆路1段102巷口,0,0,2,2,C03,8,1,5,50,3,2,1,5,4,5,7,4,4,8,3,5,2,12,1,56,2,7,1,1,7,9,1,10,1,11,,13,9,1,22,9,121.5668014,25.0453351
111,8,10,17,8,2,07信義區,信義區基隆路1段與基隆路1段102巷口,0,0,2,3,H01,8,1,5,50,3,2,1,5,4,5,7,4,4,8,3,5,2,12,2,51,2,9,4,5,8,16,8,20,10,16,,67,9,1,22,9,121.5668014,25.0453351
111,8,10,17,11,2,07信義區,信義區莊敬路300號,0,0,2,1,A02,8,1,5,40,14,8,1,5,4,5,7,4,4,9,4,4,2,17,1,53,3,10,1,1,7,14,1,2,2,2,,38,38,1,22,9,121.5632709,25.02832063
111,8,10,17,11,2,07信義區,信義區莊敬路300號,0,0,2,2,C03,8,1,5,40,14,8,1,5,4,5,7,4,4,9,4,4,2,17,1,22,2,9,1,1,7,9,1,10,2,12,,44,38,1,22,9,121.5632709,25.02832063
111,8,10,17,11,2,07信義區,信義區莊敬路300號,0,0,2,3,H02,8,1,5,40,14,8,1,5,4,5,7,4,4,9,4,4,2,17,2,67,2,9,4,5,7,16,8,20,10,16,,67,38,1,22,9,121.5632709,25.02832063
111,8,10,17,22,2,02萬華區,萬華區中華路1段與成都路口,0,0,2,1,C03,8,1,5,50,4,2,1,5,4,5,7,2,1,3,5,5,1,13,1,24,3,10,1,4,7,13,1,10,1,15,,42,42,1,22,9,121.5081302,25.0422465
111,8,10,17,22,2,02萬華區,萬華區中華路1段與成都路口,0,0,2,2,C03,8,1,5,50,4,2,1,5,4,5,7,2,1,3,5,5,1,13,1,22,2,8,1,4,7,9,1,10,1,13,,44,42,1,22,9,121.5081302,25.0422465
111,8,10,17,22,2,02萬華區,萬華區中華路1段與成都路口,0,0,2,3,C03,8,1,5,50,4,2,1,5,4,5,7,2,1,3,5,5,1,13,2,44,2,9,1,4,7,9,1,10,1,11,,44,42,1,22,9,121.5081302,25.0422465
111,8,10,17,36,2,01大同區,大同區鄭州路與重慶北路1段口,0,0,1,1,C03,7,3,5,0,3,2,1,5,4,5,7,1,1,9,4,5,1,12,1,41,4,11,3,4,7,15,7,19,11,15,,43,43,2,22,9,121.5134714,25.0512412
111,8,10,17,36,2,01大同區,大同區鄭州路與重慶北路1段口,0,0,1,2,C03,7,3,5,0,3,2,1,5,4,5,7,1,1,9,4,5,1,12,1,22,2,9,1,1,7,9,1,10,1,14,,43,43,1,22,9,121.5134714,25.0512412
111,8,10,17,49,2,01大同區,大同區太原路與華陰街口,0,0,1,2,C03,8,1,5,50,4,2,1,5,4,5,7,2,1,4,3,5,2,17,2,22,3,10,1,1,7,5,1,10,1,11,,43,43,1,22,9,121.5152047,25.05029756
111,8,10,17,49,2,01大同區,大同區太原路與華陰街口,0,0,1,1,C03,8,1,5,50,4,2,1,5,4,5,7,2,1,4,3,5,2,17,1,40,2,9,1,1,7,9,1,10,1,11,,43,43,1,22,9,121.5152047,25.05029756
111,8,10,17,55,2,04大安區,大安區忠孝東路3段217巷7弄35號前,0,0,1,1,C03,8,3,5,30,14,9,1,5,4,5,7,4,4,10,5,5,2,17,1,36,3,10,1,1,7,8,1,10,1,15,,7,7,1,22,9,121.5384875,25.04382342
111,8,10,17,55,2,04大安區,大安區忠孝東路3段217巷7弄35號前,0,0,1,2,C03,8,3,5,30,14,9,1,5,4,5,7,4,4,10,5,5,2,17,1,53,2,9,1,1,7,15,1,10,1,12,,13,7,1,22,9,121.5384875,25.04382342
111,8,10,18,5,2,10文山區,文山區崇德街074燈桿,0,0,1,1,C03,7,1,5,30,11,9,1,5,4,5,1,4,4,10,5,5,2,17,1,48,2,8,1,1,7,5,1,10,9,11,,5,5,1,22,9,121.5742449,25.0125987
111,8,10,18,5,2,10文山區,文山區崇德街074燈桿,0,0,1,2,B03,7,1,5,30,11,9,1,5,4,5,1,4,4,10,5,5,2,17,1,20,3,10,1,1,7,6,1,8,1,1,,13,5,1,22,9,121.5742449,25.0125987
111,8,10,18,20,2,12內湖區,內湖區成功路4段與金龍路口,0,0,1,1,C03,8,3,5,50,4,1,1,5,4,5,7,1,1,5,4,5,2,17,1,36,3,10,1,1,7,9,1,10,11,15,,43,43,1,22,9,121.594879,25.0843222
111,8,10,18,20,2,12內湖區,內湖區成功路4段與金龍路口,0,0,1,2,C03,8,3,5,50,4,1,1,5,4,5,7,1,1,5,4,5,2,17,1,21,2,9,1,1,7,9,1,10,1,12,,43,43,1,22,9,121.594879,25.0843222
111,8,10,18,30,2,05中正區,中正區羅斯福路1段與寧波東街口,0,0,1,1,B01,8,2,5,50,4,1,1,5,4,5,7,1,1,2,4,5,2,16,1,60,3,10,1,1,7,6,1,2,1,2,,9,9,1,22,9,121.5191714,25.03164869
111,8,10,18,30,2,05中正區,中正區羅斯福路1段與寧波東街口,0,0,1,2,C03,8,2,5,50,4,1,1,5,4,5,7,1,1,2,4,5,2,16,1,26,2,7,1,1,7,9,1,10,1,14,,44,9,1,22,9,121.5191714,25.03164869
111,8,10,18,34,2,02萬華區,萬華區華中橋往新北市機車道(華中033標牌),0,0,1,1,C03,8,1,5,40,8,11,1,5,4,5,7,4,4,1,5,5,2,13,2,27,2,9,1,1,7,9,1,10,1,11,,23,23,1,22,9,121.4953948,25.01306425
111,8,10,18,34,2,02萬華區,萬華區華中橋往新北市機車道(華中033標牌),0,0,1,2,C03,8,1,5,40,8,11,1,5,4,5,7,4,4,1,5,5,2,13,2,35,3,10,1,1,7,9,1,10,1,13,,44,23,1,22,9,121.4953948,25.01306425
111,8,10,18,41,2,03中山區,中山區美堤河濱公園排球場前139號停車格旁,0,0,2,1,F01,7,3,5,30,14,9,1,5,4,5,7,4,4,10,5,5,2,17,1,24,2,9,1,1,7,5,8,20,1,16,,8,8,1,22,9,121.5521024,25.0770486
111,8,10,18,41,2,03中山區,中山區美堤河濱公園排球場前139號停車格旁,0,0,2,2,C04,7,3,5,30,14,9,1,5,4,5,7,4,4,10,5,5,2,17,2,35,2,9,3,4,7,9,1,10,1,11,,44,8,1,22,9,121.5521024,25.0770486
111,8,10,18,47,2,09北投區,北投區中央北路4段28號前,0,0,1,1,B03,7,3,5,50,14,9,1,5,4,5,7,4,4,4,4,5,2,16,1,45,3,10,1,1,7,11,1,8,2,8,,10,10,1,22,9,121.4783739,25.135201
111,8,10,18,47,2,09北投區,北投區中央北路4段28號前,0,0,1,2,C03,7,3,5,50,14,9,1,5,4,5,7,4,4,4,4,5,2,16,1,20,2,9,1,1,7,9,1,10,2,11,,44,10,1,22,9,121.4783739,25.135201
111,8,10,19,24,2,02萬華區,萬華區西園路2段261巷20弄36號,0,0,1,1,B03,8,3,5,30,14,9,1,5,4,5,7,4,4,10,5,5,2,2,2,46,3,10,1,1,7,9,1,8,1,2,,23,23,1,22,9,121.492595,25.02455774
111,8,10,19,24,2,02萬華區,萬華區西園路2段261巷20弄36號,0,0,1,2,H01,8,3,5,30,14,9,1,5,4,5,7,4,4,10,5,5,2,2,2,35,2,7,4,5,8,16,8,20,10,15,,67,23,1,22,9,121.492595,25.02455774
111,8,10,19,36,2,08士林區,士林區中山北路6段與德行西路口,0,0,1,1,B03,8,3,5,50,4,1,1,5,4,5,7,1,1,1,5,5,1,17,2,40,3,10,1,1,7,5,1,8,1,5,,8,8,1,22,9,121.524821,25.1059566
111,8,10,19,36,2,08士林區,士林區中山北路6段與德行西路口,0,0,1,2,C03,8,3,5,50,4,1,1,5,4,5,7,1,1,1,5,5,1,17,1,23,2,9,1,1,7,9,1,10,1,11,,23,8,1,22,9,121.524821,25.1059566
111,8,10,21,3,2,10文山區,文山區景文街153號,0,0,1,1,C03,8,3,5,50,14,9,1,5,4,5,7,4,4,5,5,5,2,13,1,30,2,9,1,1,7,9,1,10,1,11,,16,16,1,22,9,121.5409311,24.98942741
111,8,10,21,3,2,10文山區,文山區景文街153號,0,0,1,2,B03,8,3,5,50,14,9,1,5,4,5,7,4,4,5,5,5,2,13,2,59,3,10,1,1,7,11,1,8,1,3,,44,16,1,22,9,121.5409311,24.98942741
111,8,10,21,26,2,12內湖區,內湖區民權東路6段90巷與民權東路6段90巷16弄口,0,0,2,1,C03,8,3,5,30,4,1,1,5,4,5,7,4,4,10,5,5,2,16,1,25,2,9,1,1,7,1,1,10,1,11,,19,19,1,22,9,121.5860351,25.06799581
111,8,10,21,26,2,12內湖區,內湖區民權東路6段90巷與民權東路6段90巷16弄口,0,0,2,2,C04,8,3,5,30,4,1,1,5,4,5,7,4,4,10,5,5,2,16,1,39,2,9,1,1,7,9,1,10,1,14,,14,19,1,22,9,121.5860351,25.06799581
111,8,10,21,33,2,12內湖區,內湖區民權東路6段與瑞光路口,0,0,4,1,B03,8,3,5,50,4,1,1,5,4,5,7,2,1,10,5,5,2,16,1,27,2,2,1,1,7,5,1,8,1,1,,8,8,1,22,9,121.5843593,25.068744
111,8,10,21,33,2,12內湖區,內湖區民權東路6段與瑞光路口,0,0,4,2,C03,8,3,5,50,4,1,1,5,4,5,7,2,1,10,5,5,2,16,1,28,2,9,1,1,7,9,1,10,1,14,,44,8,1,22,9,121.5843593,25.068744
111,8,10,21,33,2,12內湖區,內湖區民權東路6段與瑞光路口,0,0,4,3,H02,8,3,5,50,4,1,1,5,4,5,7,2,1,10,5,5,2,16,2,27,2,9,1,5,7,21,8,20,10,16,,67,8,1,22,9,121.5843593,25.068744
111,8,10,21,33,2,12內湖區,內湖區民權東路6段與瑞光路口,0,0,4,4,H02,8,3,5,50,4,1,1,5,4,5,7,2,1,10,5,5,2,16,2,21,2,9,1,1,7,21,8,20,10,16,,67,8,1,22,9,121.5843593,25.068744
111,8,10,21,56,2,12內湖區,內湖區民權東路6段245巷與民權東路6段口,0,0,1,1,B03,7,3,5,50,4,1,1,5,4,5,7,1,1,1,4,5,2,11,1,67,3,10,1,1,7,5,1,4,1,5,,8,8,1,22,9,121.6005343,25.0670392
111,8,10,21,56,2,12內湖區,內湖區民權東路6段245巷與民權東路6段口,0,0,1,2,C03,7,3,5,50,4,1,1,5,4,5,7,1,1,1,4,5,2,11,1,22,2,9,1,1,7,9,1,10,1,11,,44,8,1,22,9,121.6005343,25.0670392
111,8,10,22,20,2,09北投區,北投區大業路527巷北投機廠034燈桿,0,0,2,1,C03,8,3,5,40,14,9,1,5,4,5,7,4,4,9,4,5,2,10,1,18,2,9,1,1,7,9,1,10,2,11,,4,4,1,22,9,121.4865869,25.13571224
111,8,10,22,20,2,09北投區,北投區大業路527巷北投機廠034燈桿,0,0,2,2,C03,8,3,5,40,14,9,1,5,4,5,7,4,4,9,4,5,2,10,1,21,2,9,1,1,7,9,1,10,2,11,,44,4,1,22,9,121.4865869,25.13571224
111,8,10,22,30,2,09北投區,北投區大度路2段往淡水測速器旁,0,0,2,1,C03,7,3,5,50,14,12,1,5,4,5,7,4,4,1,4,1,2,17,1,47,2,9,1,1,7,9,6,10,8,11,,21,21,1,22,9,121.478369,25.122366
111,8,10,22,30,2,09北投區,北投區大度路2段往淡水測速器旁,0,0,2,2,C03,7,3,5,50,14,12,1,5,4,5,7,4,4,1,4,1,2,17,1,27,2,9,1,1,7,9,1,10,2,11,,44,21,1,22,9,121.478369,25.122366
111,8,10,23,10,2,05中正區,中正區新生南路1段與仁愛路2段口,0,0,1,1,F01,8,3,5,50,4,1,1,5,4,5,7,1,1,1,4,5,2,17,1,66,2,9,1,1,7,9,8,20,2,16,,25,25,1,22,9,121.5326514,25.0383704
111,8,10,23,10,2,05中正區,中正區新生南路1段與仁愛路2段口,0,0,1,2,C03,8,3,5,50,4,1,1,5,4,5,7,1,1,1,4,5,2,17,1,50,3,10,1,1,7,9,1,10,2,11,,44,25,1,22,9,121.5326514,25.0383704
111,8,10,23,15,2,04大安區,大安區和平東路2段與復興南路2段口,0,0,1,1,B03,8,3,5,50,4,1,1,5,4,5,7,1,1,10,5,5,2,16,1,29,3,10,1,1,7,6,1,8,1,5,,9,9,1,22,9,121.5434929,25.0247997
111,8,10,23,15,2,04大安區,大安區和平東路2段與復興南路2段口,0,0,1,2,C03,8,3,5,50,4,1,1,5,4,5,7,1,1,10,5,5,2,16,1,29,2,9,1,1,7,9,1,10,1,14,,44,9,1,22,9,121.5434929,25.0247997
111,8,11,2,20,2,07信義區,信義區信義路5段與松仁路口,0,0,1,1,C03,8,3,5,50,4,1,1,5,4,5,7,1,1,10,4,5,2,12,2,18,2,7,1,1,7,5,1,10,1,11,,8,8,1,22,9,121.568325,25.0328141
111,8,11,2,20,2,07信義區,信義區信義路5段與松仁路口,0,0,1,2,C03,8,3,5,50,4,1,1,5,4,5,7,1,1,10,4,5,2,12,1,22,3,10,1,1,7,9,1,10,1,12,,23,8,1,22,9,121.568325,25.0328141
111,8,11,6,0,2,01大同區,大同區鄭州路139號,0,0,2,1,B03,8,2,5,40,14,9,1,5,4,5,7,4,4,10,4,5,2,17,1,56,3,10,1,1,7,5,1,8,1,15,,6,6,1,22,9,121.5099401,25.05039878
111,8,11,6,0,2,01大同區,大同區鄭州路139號,0,0,2,2,C03,8,2,5,40,14,9,1,5,4,5,7,4,4,10,4,5,2,17,1,22,2,9,1,1,7,9,1,10,1,12,,23,6,1,22,9,121.5099401,25.05039878
111,8,11,6,0,2,01大同區,大同區鄭州路139號,0,0,2,3,H02,8,2,5,40,14,9,1,5,4,5,7,4,4,10,4,5,2,17,2,22,2,9,4,5,7,21,8,20,10,16,,67,6,1,22,9,121.5099401,25.05039878
111,8,11,6,59,2,11南港區,南港區南港路1段與興華路口,0,0,2,1,C03,8,1,5,50,4,1,1,5,4,5,6,2,1,5,2,5,2,17,1,34,2,9,1,4,7,5,3,18,2,12,,8,8,1,22,9,121.614471,25.0554995
111,8,11,6,59,2,11南港區,南港區南港路1段與興華路口,0,0,2,2,C03,8,1,5,50,4,1,1,5,4,5,6,2,1,5,2,5,2,17,1,53,2,9,1,4,7,9,6,18,2,11,,23,8,1,22,9,121.614471,25.0554995
111,8,11,8,0,2,01大同區,大同區承德路2段91巷與承德路2段口,0,0,1,1,B11,7,1,5,50,3,2,1,5,4,5,7,4,4,1,4,5,2,17,1,53,3,10,1,1,7,1,1,4,2,8,,19,19,1,22,9,121.5182627,25.0561468
111,8,11,8,0,2,01大同區,大同區承德路2段91巷與承德路2段口,0,0,1,2,C03,7,1,5,50,3,2,1,5,4,5,7,4,4,1,4,5,2,17,1,33,2,9,1,1,7,9,1,10,2,12,,44,19,1,22,9,121.5182627,25.0561468
111,8,11,8,13,2,06松山區,松山區復興北路地下道,0,0,2,1,C04,8,3,5,40,14,9,1,5,4,5,7,4,4,1,3,5,2,13,2,21,2,9,3,4,7,9,1,10,1,11,,23,23,1,22,9,121.5442449,25.06938393
111,8,11,8,13,2,06松山區,松山區復興北路地下道,0,0,2,2,C03,8,3,5,40,14,9,1,5,4,5,7,4,4,1,3,5,2,13,1,42,2,9,3,4,7,9,1,10,1,13,,44,23,1,22,9,121.5442449,25.06938393
111,8,11,8,35,2,09北投區,北投區中央北路4段515巷20號,0,0,1,1,C03,8,1,5,30,14,9,1,5,4,5,7,4,4,9,4,5,1,13,1,37,2,9,1,1,7,9,1,10,1,14,,16,16,1,22,9,121.469602,25.12661941
111,8,11,8,35,2,09北投區,北投區中央北路4段515巷20號,0,0,1,2,B03,8,1,5,30,14,9,1,5,4,5,7,4,4,9,4,5,1,13,2,45,3,10,1,1,7,9,1,8,1,3,,44,16,1,22,9,121.469602,25.12661941
111,8,11,8,44,2,02萬華區,萬華區青年路與青年路30巷口,0,0,1,1,F01,8,1,5,30,3,1,1,5,4,5,7,2,1,9,4,5,2,17,2,79,2,9,1,1,7,7,8,20,1,16,,7,7,1,22,9,121.5049205,25.02566617
111,8,11,8,44,2,02萬華區,萬華區青年路與青年路30巷口,0,0,1,2,C03,8,1,5,30,3,1,1,5,4,5,7,2,1,9,4,5,2,17,2,19,3,10,1,1,7,9,1,10,1,11,,13,7,1,22,9,121.5049205,25.02566617
111,8,11,8,47,2,04大安區,大安區愛國東路216號,0,0,1,1,B03,8,1,5,40,14,7,1,5,4,5,7,4,4,1,4,4,2,12,2,40,3,10,1,1,7,1,1,8,1,8,,19,19,1,22,9,121.5246113,25.03194802
111,8,11,8,47,2,04大安區,大安區愛國東路216號,0,0,1,2,C03,8,1,5,40,14,7,1,5,4,5,7,4,4,1,4,4,2,12,2,32,2,9,1,1,7,9,1,10,1,12,,44,19,1,22,9,121.5246113,25.03194802
111,8,11,8,57,2,03中山區,中山區民生東路1段75號,0,0,1,1,B03,8,1,5,50,14,9,1,5,4,5,7,4,4,4,3,5,1,8,1,37,3,10,3,4,7,1,1,8,2,10,,19,19,1,22,9,121.5268278,25.05806435
111,8,11,8,57,2,03中山區,中山區民生東路1段75號,0,0,1,2,H01,8,1,5,50,14,9,1,5,4,5,7,4,4,4,3,5,1,8,1,30,2,1,4,5,8,17,8,20,10,16,,54,19,1,22,9,121.5268278,25.05806435
111,8,11,9,0,2,01大同區,大同區民生西路與西寧北路口,0,0,2,1,C03,8,1,5,50,4,1,1,5,4,5,7,2,1,5,4,5,2,16,2,22,2,7,1,1,7,5,1,10,1,12,,8,8,1,22,9,121.5090089,25.0568884