發生年度,發生月,發生日,發生時-Hours,發生分,處理別-編號,區序,肇事地點,死亡人數,2-30日死亡人數,受傷人數,當事人序號,車種,天候,光線,道路類別,速限-速度限制,道路型態,事故位置,路面狀況1,路面狀況2,路面狀況3,道路障礙1,道路障礙2,號誌1,號誌2,車道劃分-分向,車道劃分-分道1,車道劃分-分道2,車道劃分-分道3,事故類型及型態,性別,年齡,受傷程度,主要傷處,安全帽,行動電話,車輛用途,當事者行動狀態,駕駛資格情形,駕駛執照種類,飲酒情形,車輛撞擊部位1,車輛撞擊部位2,肇因碼-個別,肇因碼-主要,個人肇逃否,職業,旅次目的,座標-X,座標-Y
111,8,11,9,0,2,01大同區,大同區民生西路與西寧北路口,0,0,2,2,C03,8,1,5,50,4,1,1,5,4,5,7,2,1,5,4,5,2,16,1,22,2,8,1,1,7,9,1,10,1,11,,44,8,1,22,9,121.5090089,25.0568884
111,8,11,9,5,2,12內湖區,內湖區民權東路6段296巷33號,0,0,2,1,C03,8,1,5,30,4,1,1,5,4,5,6,4,4,9,5,5,2,15,2,62,2,8,1,1,7,9,1,10,1,12,,6,6,1,22,9,121.6063988,25.07204468
111,8,11,9,5,2,12內湖區,內湖區民權東路6段296巷33號,0,0,2,2,C03,8,1,5,30,4,1,1,5,4,5,6,4,4,9,5,5,2,15,1,36,2,9,1,1,7,9,1,10,1,11,,14,6,1,22,9,121.6063988,25.07204468
111,8,11,9,9,2,04大安區,大安區仁愛路4段與延吉街口,0,0,1,1,B03,8,1,5,50,4,1,1,5,4,5,7,1,1,10,4,5,2,17,1,21,3,10,1,1,7,5,1,8,1,2,,8,8,1,22,9,121.5555021,25.03766665
111,8,11,9,9,2,04大安區,大安區仁愛路4段與延吉街口,0,0,1,2,C03,8,1,5,50,4,1,1,5,4,5,7,1,1,10,4,5,2,17,1,25,2,8,1,1,7,9,1,10,1,11,,23,8,1,22,9,121.5555021,25.03766665
111,8,11,9,10,2,05中正區,中正區中山南路與貴陽街1段口,0,0,2,1,B03,8,1,5,50,4,1,1,5,4,5,7,1,1,1,4,1,2,16,1,40,2,7,1,1,7,9,1,8,2,1,,44,44,1,22,9,121.5173388,25.0379928
111,8,11,9,10,2,05中正區,中正區中山南路與貴陽街1段口,0,0,2,2,C03,8,1,5,50,4,1,1,5,4,5,7,1,1,1,4,1,2,16,1,44,2,9,1,1,7,9,1,10,2,14,,26,44,1,22,9,121.5173388,25.0379928
111,8,11,9,25,2,07信義區,信義區基隆路汽機車混合地下道往北,0,0,2,1,C03,8,3,5,30,14,9,1,5,4,5,7,4,4,10,2,5,2,13,1,48,2,9,1,1,7,9,1,10,1,11,,16,16,1,21,8,121.5629585,25.0386891
111,8,11,9,25,2,07信義區,信義區基隆路汽機車混合地下道往北,0,0,2,2,C03,8,3,5,30,14,9,1,5,4,5,7,4,4,10,2,5,2,13,1,27,2,9,1,1,7,8,1,10,1,13,,7,16,1,21,8,121.5629585,25.0386891
111,8,11,9,35,2,05中正區,中正區牯嶺街與重慶南路3段15巷口口,0,0,2,1,C03,8,1,5,30,14,9,1,5,4,5,7,4,4,9,4,5,2,11,1,52,2,9,1,1,7,5,1,10,2,11,,6,6,1,22,9,121.5171752,25.0292041
111,8,11,9,35,2,05中正區,中正區牯嶺街與重慶南路3段15巷口口,0,0,2,2,C03,8,1,5,30,14,9,1,5,4,5,7,4,4,9,4,5,2,11,1,31,2,9,1,1,7,9,1,10,2,11,,23,6,1,22,9,121.5171752,25.0292041
111,8,11,9,35,2,05中正區,中正區牯嶺街與重慶南路3段15巷口口,0,0,2,3,B12,8,1,5,30,14,9,1,5,4,5,7,4,4,9,4,5,2,11,1,40,3,10,1,1,7,14,1,8,9,15,,38,6,1,22,9,121.5171752,25.0292041
111,8,11,9,36,2,01大同區,大同區重慶北路3段與哈密街59巷56弄口,0,0,1,1,B12,7,1,5,30,3,2,1,5,4,5,7,4,4,1,4,5,2,17,1,45,3,10,1,1,7,6,1,4,2,8,,9,9,1,22,9,121.513963,25.0753915
111,8,11,9,36,2,01大同區,大同區重慶北路3段與哈密街59巷56弄口,0,0,1,2,C03,7,1,5,30,3,2,1,5,4,5,7,4,4,1,4,5,2,17,1,26,2,9,1,1,7,9,1,10,2,12,,44,9,1,22,9,121.513963,25.0753915
111,8,11,9,58,2,07信義區,信義區崇德街與崇德街121巷口,0,0,1,1,C03,8,1,5,30,4,1,1,5,4,5,7,4,4,10,5,5,2,15,2,39,3,10,1,1,7,9,1,10,11,12,,6,6,1,22,9,121.5562061,25.0238641
111,8,11,9,58,2,07信義區,信義區崇德街與崇德街121巷口,0,0,1,2,F02,8,1,5,30,4,1,1,5,4,5,7,4,4,10,5,5,2,15,2,65,2,9,1,1,7,9,8,20,11,16,,4,6,1,22,9,121.5562061,25.0238641
111,8,11,10,0,2,02萬華區,萬華區環河南路1段與忠孝西路2段口,0,0,1,1,C03,8,1,5,50,3,1,1,5,4,5,7,2,1,5,4,5,2,17,2,36,3,10,1,1,7,6,1,10,1,15,,6,6,1,22,9,121.5060321,25.04892535
111,8,11,10,0,2,02萬華區,萬華區環河南路1段與忠孝西路2段口,0,0,1,2,C03,8,1,5,50,3,1,1,5,4,5,7,2,1,5,4,5,2,17,1,40,2,9,1,1,7,9,1,10,1,15,,44,6,1,22,9,121.5060321,25.04892535
111,8,11,10,9,2,11南港區,南港區南港路3段266號與南港路3段口,0,0,1,1,B01,8,1,5,50,3,1,1,5,4,5,6,4,4,5,4,5,2,16,1,36,3,10,3,4,7,5,1,4,1,1,,8,8,1,22,9,121.5839459,25.05203645
111,8,11,10,9,2,11南港區,南港區南港路3段266號與南港路3段口,0,0,1,2,C03,8,1,5,50,3,1,1,5,4,5,6,4,4,5,4,5,2,16,2,60,2,9,1,1,7,9,1,10,1,14,,13,8,1,22,9,121.5839459,25.05203645
111,8,11,10,10,2,01大同區,大同區延平北路2段與民權西路口,0,0,1,1,C03,8,1,5,50,3,2,1,5,4,5,7,1,1,9,4,5,1,16,1,34,3,10,1,1,7,9,1,10,2,13,,6,6,1,22,9,121.5112205,25.0627882
111,8,11,10,10,2,01大同區,大同區延平北路2段與民權西路口,0,0,1,2,F06,8,1,5,50,3,2,1,5,4,5,7,1,1,9,4,5,1,16,2,75,2,9,1,1,7,9,8,20,9,15,,17,6,1,22,9,121.5112205,25.0627882
111,8,11,10,10,2,04大安區,附近(敦化南路1段南往北方向)),0,0,1,1,C03,8,1,5,50,14,9,1,5,4,5,7,4,4,1,4,5,2,17,1,54,2,8,1,1,7,9,6,18,1,11,,23,23,1,22,9,121.5491043,25.03942098
111,8,11,10,10,2,04大安區,附近(敦化南路1段南往北方向)),0,0,1,2,B03,8,1,5,50,14,9,1,5,4,5,7,4,4,1,4,5,2,17,2,46,3,10,1,1,7,9,1,8,1,6,,44,23,1,22,9,121.5491043,25.03942098
111,8,11,10,10,2,04大安區,附近(敦化南路1段南往北方向)),0,0,1,3,B01,8,1,5,50,14,9,1,5,4,5,7,4,4,1,4,5,2,17,1,59,3,10,1,1,7,9,1,4,1,8,,44,23,1,22,9,121.5491043,25.03942098
111,8,11,10,30,2,02萬華區,萬華區艋舺大道與西園路2段140巷口,0,0,2,1,B01,8,1,5,50,4,1,1,5,4,5,7,1,1,1,4,5,1,16,1,69,2,8,1,1,7,5,1,4,2,1,,25,25,1,22,9,121.4948792,25.0316821
111,8,11,10,30,2,02萬華區,萬華區艋舺大道與西園路2段140巷口,0,0,2,2,B03,8,1,5,50,4,1,1,5,4,5,7,1,1,1,4,5,1,16,1,72,3,10,1,1,7,9,1,8,2,8,,44,25,1,22,9,121.4948792,25.0316821
111,8,11,10,30,2,02萬華區,萬華區艋舺大道與西園路2段140巷口,0,0,2,3,H02,8,1,5,50,4,1,1,5,4,5,7,1,1,1,4,5,1,16,2,66,2,1,1,1,7,20,8,20,10,16,,67,25,1,22,9,121.4948792,25.0316821
111,8,11,10,37,2,07信義區,信義區松仁路與松廉路口口,0,0,1,1,B12,8,1,5,50,3,2,1,5,4,5,7,4,4,1,4,5,1,16,1,40,3,10,3,4,7,8,1,8,1,2,,7,7,1,22,9,121.5682291,25.034052
111,8,11,10,37,2,07信義區,信義區松仁路與松廉路口口,0,0,1,2,C03,8,1,5,50,3,2,1,5,4,5,7,4,4,1,4,5,1,16,2,32,2,9,3,4,7,9,1,10,1,14,,44,7,1,22,9,121.5682291,25.034052
111,8,11,10,40,2,04大安區,大安區和平東路3段與敦化南路2段口,0,0,1,1,B03,8,1,5,50,4,1,1,5,4,5,7,1,1,1,4,1,1,16,1,75,3,10,1,1,7,5,1,8,1,5,,6,6,1,22,9,121.5489566,25.0245523
111,8,11,10,40,2,04大安區,大安區和平東路3段與敦化南路2段口,0,0,1,2,C03,8,1,5,50,4,1,1,5,4,5,7,1,1,1,4,1,1,16,1,31,2,9,1,1,7,9,1,10,1,11,,13,6,1,22,9,121.5489566,25.0245523
111,8,11,11,5,2,03中山區,中山區八德路2段與建國南路1段口,0,0,2,1,C03,8,1,5,50,4,1,1,5,4,5,7,2,1,7,2,5,2,12,1,19,3,10,1,1,7,7,1,10,1,14,,7,7,1,18,5,121.5364181,25.0462914
111,8,11,11,5,2,03中山區,中山區八德路2段與建國南路1段口,0,0,2,2,C03,8,1,5,50,4,1,1,5,4,5,7,2,1,7,2,5,2,12,1,19,2,9,1,1,7,9,1,10,1,12,,44,7,1,18,5,121.5364181,25.0462914
111,8,11,11,5,2,03中山區,中山區八德路2段與建國南路1段口,0,0,2,3,H02,8,1,5,50,4,1,1,5,4,5,7,2,1,7,2,5,2,12,2,19,2,9,4,5,7,20,8,20,10,16,,67,7,1,18,5,121.5364181,25.0462914
111,8,11,11,10,2,05中正區,中正區襄陽路228公園前,0,0,1,1,A02,8,1,5,50,14,9,1,5,4,5,7,1,1,9,4,5,2,9,1,64,3,10,1,4,7,1,1,2,1,15,,43,43,1,22,9,121.5158671,25.043358
111,8,11,11,10,2,05中正區,中正區襄陽路228公園前,0,0,1,2,H02,8,1,5,50,14,9,1,5,4,5,7,1,1,9,4,5,2,9,1,81,2,1,4,5,7,20,8,20,10,15,,67,43,1,22,9,121.5158671,25.043358
111,8,11,11,10,2,05中正區,中正區襄陽路228公園前,0,0,1,3,H02,8,1,5,50,14,9,1,5,4,5,7,1,1,9,4,5,2,9,2,73,3,10,4,5,7,20,8,20,10,15,,67,43,1,22,9,121.5158671,25.043358
111,8,11,11,30,2,04大安區,大安區基隆路3段與敦化南路2段口,0,0,1,1,C03,8,1,5,50,5,2,1,5,4,5,7,2,1,1,3,5,2,16,1,37,2,9,1,1,7,5,1,10,1,12,,23,23,1,22,9,121.5489289,25.0212209
111,8,11,11,30,2,04大安區,大安區基隆路3段與敦化南路2段口,0,0,1,2,B01,8,1,5,50,5,2,1,5,4,5,7,2,1,1,3,5,2,16,1,34,3,10,1,1,7,5,1,8,1,5,,8,23,1,22,9,121.5489289,25.0212209
111,8,11,12,2,2,11南港區,南港區研究院路1段130巷034路燈,0,0,2,1,C03,8,1,5,30,14,9,1,5,4,5,7,4,4,10,5,5,2,10,2,33,2,9,3,4,7,1,1,10,1,11,,19,19,1,22,9,121.6121711,25.04589826
111,8,11,12,2,2,11南港區,南港區研究院路1段130巷034路燈,0,0,2,2,C03,8,1,5,30,14,9,1,5,4,5,7,4,4,10,5,5,2,10,2,24,2,9,3,4,7,9,1,10,1,11,,44,19,1,22,9,121.6121711,25.04589826
111,8,11,12,52,2,06松山區,松山區民權東路3段與敦化北路口,0,0,1,1,B03,8,1,5,50,4,1,1,5,4,5,7,2,1,3,4,5,2,16,1,59,3,10,1,1,7,6,1,8,1,2,,9,9,1,22,9,121.5505193,25.06149709
111,8,11,12,52,2,06松山區,松山區民權東路3段與敦化北路口,0,0,1,2,C03,8,1,5,50,4,1,1,5,4,5,7,2,1,3,4,5,2,16,1,23,2,9,1,1,7,9,1,10,1,11,,44,9,1,22,9,121.5505193,25.06149709
111,8,11,13,12,2,09北投區,北投區西安街2段與致遠三路口,0,0,1,1,C03,8,1,5,50,4,1,1,5,4,5,7,2,1,1,4,5,2,16,2,57,2,9,1,1,7,7,1,10,1,14,,7,7,1,22,9,121.5115014,25.11938236
111,8,11,13,12,2,09北投區,北投區西安街2段與致遠三路口,0,0,1,2,B03,8,1,5,50,4,1,1,5,4,5,7,2,1,1,4,5,2,16,2,37,3,10,1,1,7,9,1,8,1,2,,44,7,1,22,9,121.5115014,25.11938236
111,8,11,13,40,2,10文山區,文山區羅斯福路4段與基隆路4段口,0,0,2,1,C03,8,1,5,50,5,1,1,5,4,5,7,1,1,1,4,4,2,16,1,46,2,7,1,1,7,6,1,10,1,12,,9,9,1,22,9,121.5370653,25.0108433
111,8,11,13,40,2,10文山區,文山區羅斯福路4段與基隆路4段口,0,0,2,2,C03,8,1,5,50,5,1,1,5,4,5,7,1,1,1,4,4,2,16,2,65,2,9,1,1,7,9,1,10,1,14,,44,9,1,22,9,121.5370653,25.0108433
111,8,11,13,45,2,03中山區,中山區民權東路2段107號,0,0,1,1,C04,8,1,5,50,14,9,1,5,4,5,7,4,4,1,4,5,2,13,2,21,2,9,1,1,7,9,3,18,1,11,,23,23,1,22,9,121.5328987,25.06261242
111,8,11,13,45,2,03中山區,中山區民權東路2段107號,0,0,1,2,A05,8,1,5,50,14,9,1,5,4,5,7,4,4,1,4,5,2,13,1,47,3,10,1,1,7,14,1,2,1,7,,38,23,1,22,9,121.5328987,25.06261242
111,8,11,14,9,2,02萬華區,萬華區西園路2段與西園路2段281巷口,0,0,1,1,B12,8,1,5,30,4,1,1,5,4,5,7,3,1,10,5,5,1,15,1,23,3,10,1,1,7,9,1,8,2,8,,6,6,1,22,9,121.4915908,25.02487554
111,8,11,14,9,2,02萬華區,萬華區西園路2段與西園路2段281巷口,0,0,1,2,C03,8,1,5,30,4,1,1,5,4,5,7,3,1,10,5,5,1,15,1,86,2,9,1,1,7,9,6,10,2,12,,44,6,1,22,9,121.4915908,25.02487554
111,8,11,14,40,2,01大同區,大同區承德路2段與民權西路96巷口,0,0,1,1,C03,8,1,5,50,3,2,1,5,4,5,7,4,4,9,4,5,1,17,2,22,2,9,1,1,7,9,1,10,1,15,,14,14,1,22,9,121.5183583,25.06228421
111,8,11,14,40,2,01大同區,大同區承德路2段與民權西路96巷口,0,0,1,2,B03,8,1,5,50,3,2,1,5,4,5,7,4,4,9,4,5,1,17,1,54,3,10,1,1,7,6,1,8,1,15,,6,14,1,22,9,121.5183583,25.06228421
111,8,11,14,45,2,01大同區,大同區重慶北路3段與民族西路221巷口,0,0,1,1,B03,8,1,5,50,3,2,1,5,4,5,7,4,4,9,5,4,2,16,1,20,3,10,1,1,7,8,1,8,2,6,,7,7,1,22,9,121.5136472,25.06961666
111,8,11,14,45,2,01大同區,大同區重慶北路3段與民族西路221巷口,0,0,1,2,C03,8,1,5,50,3,2,1,5,4,5,7,4,4,9,5,4,2,16,1,33,2,9,1,1,7,9,1,10,2,11,,14,7,1,22,9,121.5136472,25.06961666
111,8,11,15,7,2,11南港區,南港區市民大道8段與中南街口,0,0,1,1,B03,8,1,5,30,4,1,1,5,4,5,6,2,1,7,5,5,2,17,1,56,3,10,1,4,7,6,1,8,1,2,,9,9,1,22,9,121.6122267,25.0540563
111,8,11,15,7,2,11南港區,南港區市民大道8段與中南街口,0,0,1,2,C03,8,1,5,30,4,1,1,5,4,5,6,2,1,7,5,5,2,17,1,23,2,9,1,4,7,9,1,10,1,14,,23,9,1,22,9,121.6122267,25.0540563
111,8,11,15,35,2,04大安區,大安區基隆路2段172號與基隆路口,0,0,1,1,B03,8,1,5,50,3,2,1,5,4,5,7,4,4,10,5,5,1,11,1,26,3,10,1,1,7,6,1,8,1,5,,9,9,1,22,9,121.5546839,25.0265518
111,8,11,15,35,2,04大安區,大安區基隆路2段172號與基隆路口,0,0,1,2,C03,8,1,5,50,3,2,1,5,4,5,7,4,4,10,5,5,1,11,2,37,2,9,1,1,7,9,1,10,1,14,,23,9,1,22,9,121.5546839,25.0265518
111,8,11,15,35,2,04大安區,大安區復興南路1段380號,0,0,1,1,B03,8,1,5,50,14,9,1,5,4,5,7,4,4,10,3,5,2,17,2,31,4,11,3,4,7,8,7,19,11,15,,7,7,2,22,9,121.543551,25.0342246
111,8,11,15,35,2,04大安區,大安區復興南路1段380號,0,0,1,2,C03,8,1,5,50,14,9,1,5,4,5,7,4,4,10,3,5,2,17,1,30,3,10,1,1,7,12,1,10,1,13,,44,7,1,22,9,121.543551,25.0342246
111,8,11,15,35,2,04大安區,大安區復興南路1段380號,0,0,1,3,C03,8,1,5,50,14,9,1,5,4,5,7,4,4,10,3,5,2,17,1,44,2,9,1,1,7,9,1,10,1,11,,16,7,1,22,9,121.543551,25.0342246
111,8,11,15,52,2,03中山區,中山區民生東路1段30號,0,0,1,1,B01,8,1,5,50,14,9,1,5,4,5,7,1,1,4,3,5,1,17,1,50,3,10,3,4,7,11,1,8,1,15,,10,10,1,22,9,121.5240365,25.05804914
111,8,11,15,52,2,03中山區,中山區民生東路1段30號,0,0,1,2,C03,8,1,5,50,14,9,1,5,4,5,7,1,1,4,3,5,1,17,1,53,2,9,1,4,7,9,1,10,1,12,,44,10,1,22,9,121.5240365,25.05804914
111,8,11,15,58,2,07信義區,信義區莊敬路與莊敬路239巷口,0,0,2,1,C03,8,1,5,50,4,2,1,5,4,5,7,2,1,5,4,4,2,17,2,21,2,9,1,1,7,5,1,10,1,11,,8,8,1,22,9,121.5622251,25.0295287
111,8,11,15,58,2,07信義區,信義區莊敬路與莊敬路239巷口,0,0,2,2,C03,8,1,5,50,4,2,1,5,4,5,7,2,1,5,4,4,2,17,2,52,2,9,1,1,7,9,1,10,1,11,,44,8,1,22,9,121.5622251,25.0295287
111,8,11,16,44,2,08士林區,士林區通河街1巷與通河街口,0,0,1,1,B12,8,1,5,30,4,1,1,5,4,5,7,3,1,5,4,5,2,15,1,44,3,10,1,1,7,9,6,8,1,4,,6,6,1,22,9,121.5237072,25.07994042
111,8,11,16,44,2,08士林區,士林區通河街1巷與通河街口,0,0,1,2,C03,8,1,5,30,4,1,1,5,4,5,7,3,1,5,4,5,2,15,2,54,2,9,1,1,7,9,1,10,1,11,,44,6,1,22,9,121.5237072,25.07994042
111,8,11,16,46,2,01大同區,大同區延平北路3段與民族西路口,0,0,1,1,C03,8,1,5,50,5,1,1,5,4,5,7,2,1,5,4,5,2,12,2,23,2,9,3,4,7,5,1,10,2,14,,8,8,1,22,9,121.5110201,25.06874266
111,8,11,16,46,2,01大同區,大同區延平北路3段與民族西路口,0,0,1,2,B02,8,1,5,50,5,1,1,5,4,5,7,2,1,5,4,5,2,12,1,60,3,10,3,4,7,9,1,8,2,2,,44,8,1,22,9,121.5110201,25.06874266
111,8,11,17,1,2,05中正區,中正區愛國西路與延平南路口,0,0,1,1,C01,8,1,5,50,5,1,1,5,4,5,7,2,1,1,4,5,2,13,1,46,3,10,1,1,7,5,1,9,2,13,,8,8,1,22,9,121.5080565,25.03703499
111,8,11,17,1,2,05中正區,中正區愛國西路與延平南路口,0,0,1,2,C03,8,1,5,50,5,1,1,5,4,5,7,2,1,1,4,5,2,13,2,41,2,9,1,1,7,9,1,10,2,11,,16,8,1,22,9,121.5080565,25.03703499
111,8,11,17,5,2,05中正區,中正區羅斯福路4段52巷與汀州路3段口,0,0,2,1,H01,8,1,5,50,3,1,1,5,4,5,7,2,1,5,4,5,2,3,2,26,2,9,1,1,8,18,8,20,10,16,,52,52,1,22,9,121.5332668,25.0143525
111,8,11,17,5,2,05中正區,中正區羅斯福路4段52巷與汀州路3段口,0,0,2,2,C03,8,1,5,50,3,1,1,5,4,5,7,2,1,5,4,5,2,3,2,57,2,9,1,1,7,9,1,10,1,11,,15,52,1,22,9,121.5332668,25.0143525
111,8,11,17,10,2,09北投區,北投區東陽街480號,0,0,2,1,C03,8,1,5,30,14,9,1,5,4,5,7,4,4,9,5,5,2,16,2,34,2,9,1,1,7,9,1,10,11,12,,6,6,1,22,9,121.5203494,25.11217552
111,8,11,17,10,2,09北投區,北投區東陽街480號,0,0,2,2,C03,8,1,5,30,14,9,1,5,4,5,7,4,4,9,5,5,2,16,1,48,2,9,1,1,7,9,1,10,11,11,,13,6,1,22,9,121.5203494,25.11217552
111,8,11,17,10,2,07信義區,信義區莊敬路325巷與莊敬路289巷6弄口,0,0,2,1,C03,8,1,5,30,4,2,1,5,4,5,7,4,4,9,4,5,2,17,1,34,2,9,1,1,7,9,1,10,1,14,,6,6,1,22,9,121.5641634,25.028542
111,8,11,17,10,2,07信義區,信義區莊敬路325巷與莊敬路289巷6弄口,0,0,2,2,C03,8,1,5,30,4,2,1,5,4,5,7,4,4,9,4,5,2,17,1,57,2,9,1,1,7,9,1,10,1,11,,13,6,1,22,9,121.5641634,25.028542
111,8,11,17,10,2,07信義區,信義區莊敬路325巷與莊敬路289巷6弄口,0,0,2,3,,8,1,5,30,4,2,1,5,4,5,7,4,4,9,4,5,2,17,4,,4,11,3,4,7,13,7,19,11,15,,44,6,2,22,9,121.5641634,25.028542
111,8,11,17,23,2,07信義區,信義區永吉路與永吉路127巷口,0,0,1,1,B01,8,1,5,30,5,1,1,5,4,5,7,2,1,8,3,5,2,3,1,68,3,10,1,1,7,9,1,4,1,4,,15,15,1,22,9,121.5708227,25.0456016
111,8,11,17,23,2,07信義區,信義區永吉路與永吉路127巷口,0,0,1,2,H01,8,1,5,30,5,1,1,5,4,5,7,2,1,8,3,5,2,3,1,10,2,9,4,5,8,18,8,20,10,16,,67,15,1,22,9,121.5708227,25.0456016
111,8,11,17,35,2,11南港區,南港區南港路1段32號對面,0,0,1,1,C03,8,1,5,50,14,9,1,5,4,5,7,4,4,1,4,5,2,13,1,67,2,8,1,1,7,9,1,10,2,11,,16,16,1,22,9,121.6172908,25.05501897
111,8,11,17,35,2,11南港區,南港區南港路1段32號對面,0,0,1,2,C03,8,1,5,50,14,9,1,5,4,5,7,4,4,1,4,5,2,13,2,25,3,10,1,1,7,14,1,10,2,13,,44,16,1,22,9,121.6172908,25.05501897
111,8,11,17,58,2,02萬華區,萬華區和平西路3段與環河南路2段口,0,0,2,1,F01,8,1,5,0,4,2,1,5,4,5,7,2,1,3,5,5,1,15,1,74,2,9,1,1,7,9,8,20,10,16,,6,6,1,22,9,121.4947663,25.0353316
111,8,11,17,58,2,02萬華區,萬華區和平西路3段與環河南路2段口,0,0,2,2,C03,8,1,5,0,4,2,1,5,4,5,7,2,1,3,5,5,1,15,1,42,2,7,1,4,7,9,1,10,1,11,,13,6,1,22,9,121.4947663,25.0353316
111,8,11,18,8,2,04大安區,大安區信義路4段與安和路2段口,0,0,2,1,C04,8,1,5,50,4,1,1,5,4,5,7,1,1,8,3,5,2,17,2,25,2,9,1,1,7,9,1,10,1,11,,44,44,1,22,9,121.5525246,25.0330628
111,8,11,18,8,2,04大安區,大安區信義路4段與安和路2段口,0,0,2,2,C04,8,1,5,50,4,1,1,5,4,5,7,1,1,8,3,5,2,17,1,33,2,9,1,1,7,6,1,10,1,13,,5,44,1,22,9,121.5525246,25.0330628
111,8,11,18,20,2,02萬華區,萬華區堤外便道華中青年與堤外便道口往水源快速道路,0,0,1,1,B03,7,2,5,50,3,2,1,5,4,5,7,4,4,10,3,5,1,16,2,57,3,10,3,4,7,6,6,8,1,5,,9,9,1,22,9,121.5001363,25.01768882
111,8,11,18,20,2,02萬華區,萬華區堤外便道華中青年與堤外便道口往水源快速道路,0,0,1,2,C03,7,2,5,50,3,2,1,5,4,5,7,4,4,10,3,5,1,16,2,30,2,9,3,4,7,9,1,10,1,14,,44,9,1,22,9,121.5001363,25.01768882
111,8,11,18,45,2,12內湖區,內湖區瑞光路76巷與瑞光路112巷口,0,0,2,1,C03,8,1,5,50,4,2,1,5,4,5,7,1,1,5,5,5,2,17,1,63,2,9,1,1,7,5,1,10,1,11,,25,25,1,22,9,121.5803446,25.07038784
111,8,11,18,45,2,12內湖區,內湖區瑞光路76巷與瑞光路112巷口,0,0,2,2,C03,8,1,5,50,4,2,1,5,4,5,7,1,1,5,5,5,2,17,2,49,2,9,1,1,7,9,1,10,1,11,,25,25,1,22,9,121.5803446,25.07038784
111,8,11,18,50,2,07信義區,信義區嘉興街225號,0,0,2,1,C03,8,3,5,30,15,9,1,5,4,5,7,4,4,9,5,5,2,16,2,41,2,9,1,1,7,5,1,10,1,14,,8,8,1,22,9,121.5561796,25.02563994
111,8,11,18,50,2,07信義區,信義區嘉興街225號,0,0,2,2,C03,8,3,5,30,15,9,1,5,4,5,7,4,4,9,5,5,2,16,1,18,2,9,1,1,7,4,1,10,1,11,,1,8,1,22,9,121.5561796,25.02563994
111,8,11,19,13,2,12內湖區,內湖區堤頂大道2段191號,0,0,1,1,F01,8,3,5,50,14,9,1,5,4,5,7,2,1,1,4,5,2,3,2,64,3,10,1,1,7,9,8,20,2,16,,25,25,1,22,9,121.5686731,25.07756903
111,8,11,19,13,2,12內湖區,內湖區堤頂大道2段191號,0,0,1,2,H01,8,3,5,50,14,9,1,5,4,5,7,2,1,1,4,5,2,3,2,68,2,9,4,5,8,16,8,20,10,16,,52,25,1,22,9,121.5686731,25.07756903
111,8,11,19,19,2,06松山區,松山區市民大道6段與松山路口,0,0,2,1,C03,8,3,8,40,15,22,1,5,4,5,7,1,1,1,4,5,2,12,1,41,2,9,1,1,7,1,1,10,1,14,,19,19,1,22,9,121.5777887,25.04953317
111,8,11,19,19,2,06松山區,松山區市民大道6段與松山路口,0,0,2,2,C03,8,3,8,40,15,22,1,5,4,5,7,1,1,1,4,5,2,12,1,21,2,9,1,1,7,9,1,10,1,11,,44,19,1,22,9,121.5777887,25.04953317
111,8,11,20,27,2,09北投區,(尊賢街302巷34-1號前),0,0,1,1,C03,8,3,5,30,14,9,1,5,4,5,7,4,4,9,4,5,2,16,1,25,3,10,1,1,7,9,1,10,1,14,,13,13,1,22,9,121.5086124,25.11808713
111,8,11,20,27,2,09北投區,(尊賢街302巷34-1號前),0,0,1,2,C03,8,3,5,30,14,9,1,5,4,5,7,4,4,9,4,5,2,16,2,62,2,7,1,1,7,9,1,10,1,11,,6,13,1,22,9,121.5086124,25.11808713
111,8,11,20,29,2,02萬華區,萬華區艋舺大道80號,0,0,1,1,C03,8,3,5,50,15,9,1,5,4,5,7,4,4,1,4,5,2,17,1,25,2,9,1,4,7,9,1,10,1,14,,13,13,1,22,9,121.5032652,25.033403
111,8,11,20,29,2,02萬華區,萬華區艋舺大道80號,0,0,1,2,C03,8,3,5,50,15,9,1,5,4,5,7,4,4,1,4,5,2,17,1,55,3,10,1,4,7,9,3,18,1,13,,43,13,1,22,9,121.5032652,25.033403
111,8,11,20,50,2,02萬華區,萬華區華中橋機車道往北市華中066段,0,0,2,1,F01,7,4,7,40,14,11,1,5,4,5,7,4,4,1,4,1,2,13,1,48,2,9,1,1,7,9,8,20,3,16,,43,43,1,22,9,121.4956712,25.01033051
111,8,11,20,50,2,02萬華區,萬華區華中橋機車道往北市華中066段,0,0,2,2,C03,7,4,7,40,14,11,1,5,4,5,7,4,4,1,4,1,2,13,1,44,2,9,1,1,7,9,1,10,2,11,,43,43,1,22,9,121.4956712,25.01033051
111,8,11,20,50,2,06松山區,松山區新東街16巷與塔悠路口,0,0,3,1,C03,8,3,5,50,3,2,1,5,4,5,7,4,4,1,3,5,2,13,1,29,2,9,1,1,7,6,1,10,1,13,,44,44,1,22,9,121.5690284,25.05828081
111,8,11,20,50,2,06松山區,松山區新東街16巷與塔悠路口,0,0,3,2,C03,8,3,5,50,3,2,1,5,4,5,7,4,4,1,3,5,2,13,1,16,2,9,1,1,7,9,2,18,1,11,,23,44,1,22,9,121.5690284,25.05828081
111,8,11,20,50,2,06松山區,松山區新東街16巷與塔悠路口,0,0,3,3,H02,8,3,5,50,3,2,1,5,4,5,7,4,4,1,3,5,2,13,1,17,2,9,1,5,7,17,8,20,10,16,,67,44,1,22,9,121.5690284,25.05828081