發生年度,發生月,發生日,發生時-Hours,發生分,處理別-編號,區序,肇事地點,死亡人數,2-30日死亡人數,受傷人數,當事人序號,車種,天候,光線,道路類別,速限-速度限制,道路型態,事故位置,路面狀況1,路面狀況2,路面狀況3,道路障礙1,道路障礙2,號誌1,號誌2,車道劃分-分向,車道劃分-分道1,車道劃分-分道2,車道劃分-分道3,事故類型及型態,性別,年齡,受傷程度,主要傷處,安全帽,行動電話,車輛用途,當事者行動狀態,駕駛資格情形,駕駛執照種類,飲酒情形,車輛撞擊部位1,車輛撞擊部位2,肇因碼-個別,肇因碼-主要,個人肇逃否,職業,旅次目的,座標-X,座標-Y
111,8,11,20,55,2,10文山區,文山區木柵路1段180號,0,0,1,1,F01,8,3,5,50,4,2,1,5,4,2,7,1,1,4,4,5,2,24,2,70,3,10,1,1,7,9,8,20,1,16,,61,61,1,22,9,121.5523355,24.9877865
111,8,11,20,55,2,10文山區,文山區木柵路1段180號,0,0,1,2,C03,8,3,5,50,4,2,1,5,4,2,7,1,1,4,4,5,2,24,1,20,2,9,1,1,7,9,1,10,1,11,,43,61,1,22,9,121.5523355,24.9877865
111,8,11,21,4,2,08士林區,士林區中山北路6段與中山北路6段776巷口,0,0,2,1,C03,8,3,5,50,3,2,1,5,4,5,7,1,1,1,4,5,1,16,1,29,2,9,3,4,7,11,1,10,1,13,,10,10,1,22,9,121.5285346,25.11643023
111,8,11,21,4,2,08士林區,士林區中山北路6段與中山北路6段776巷口,0,0,2,2,C03,8,3,5,50,3,2,1,5,4,5,7,1,1,1,4,5,1,16,1,22,2,9,3,4,7,9,1,10,1,11,,44,10,1,22,9,121.5285346,25.11643023
111,8,11,21,35,2,10文山區,文山區秀明路1段221號,0,0,1,1,C03,8,3,5,50,14,9,1,5,4,5,7,4,4,1,4,4,2,16,1,56,2,9,1,1,7,7,1,10,9,14,,7,7,1,22,9,121.5701919,24.9916499
111,8,11,21,35,2,10文山區,文山區秀明路1段221號,0,0,1,2,B03,8,3,5,50,14,9,1,5,4,5,7,4,4,1,4,4,2,16,1,53,3,10,1,1,7,9,1,8,9,2,,26,7,1,22,9,121.5701919,24.9916499
111,8,11,21,55,2,01大同區,大同區萬全街與民生西路171巷口,0,0,2,1,C03,7,3,5,30,4,1,1,5,4,5,7,4,4,10,5,5,2,15,2,60,2,9,3,4,7,9,1,10,1,11,,6,6,1,22,9,121.51671,25.0579866
111,8,11,21,55,2,01大同區,大同區萬全街與民生西路171巷口,0,0,2,2,C03,7,3,5,30,4,1,1,5,4,5,7,4,4,10,5,5,2,15,2,32,2,9,3,4,7,9,1,10,1,11,,13,6,1,22,9,121.51671,25.0579866
111,8,11,22,13,2,10文山區,文山區木柵路3段與保儀路口口,0,0,1,1,B03,8,3,5,50,3,4,1,5,4,5,7,1,1,4,5,5,2,13,1,30,3,10,1,1,7,9,1,8,9,1,,23,23,1,22,9,121.5685171,24.98886552
111,8,11,22,13,2,10文山區,文山區木柵路3段與保儀路口口,0,0,1,2,C03,8,3,5,50,3,4,1,5,4,5,7,1,1,4,5,5,2,13,2,35,2,9,1,1,7,14,1,10,9,13,,44,23,1,22,9,121.5685171,24.98886552
111,8,11,23,30,2,09北投區,北投區石牌路1段15號,0,0,1,1,C03,8,3,5,50,14,9,1,5,4,5,7,4,4,5,4,5,2,13,1,32,2,8,1,1,7,9,1,9,1,11,,23,23,1,22,9,121.5098501,25.11285394
111,8,11,23,30,2,09北投區,北投區石牌路1段15號,0,0,1,2,B03,8,3,5,50,14,9,1,5,4,5,7,4,4,5,4,5,2,13,1,38,3,10,1,1,7,14,1,8,1,6,,44,23,1,22,9,121.5098501,25.11285394
111,8,12,0,45,2,06松山區,松山區南京東路3段303巷與南京東路3段303巷6弄口,0,0,1,1,B12,8,3,5,30,4,1,1,5,4,5,7,4,4,10,5,5,2,15,1,43,3,10,3,4,7,9,6,7,2,1,,6,6,1,22,9,121.5467356,25.0524174
111,8,12,0,45,2,06松山區,松山區南京東路3段303巷與南京東路3段303巷6弄口,0,0,1,2,C03,8,3,5,30,4,1,1,5,4,5,7,4,4,10,5,5,2,15,1,44,2,9,3,4,7,9,1,10,2,14,,23,6,1,22,9,121.5467356,25.0524174
111,8,12,0,52,2,05中正區,中正區中華路1段與衡陽路口,0,0,3,1,C03,8,3,5,50,5,1,1,5,4,5,7,2,1,9,4,5,2,12,1,19,2,9,1,1,7,8,1,10,2,12,,7,7,1,18,5,121.508436,25.0422513
111,8,12,0,52,2,05中正區,中正區中華路1段與衡陽路口,0,0,3,2,C03,8,3,5,50,5,1,1,5,4,5,7,2,1,9,4,5,2,12,1,36,2,9,1,1,7,9,1,10,2,14,,42,7,1,22,5,121.508436,25.0422513
111,8,12,0,52,2,05中正區,中正區中華路1段與衡陽路口,0,0,3,3,H02,8,3,5,50,5,1,1,5,4,5,7,2,1,9,4,5,2,12,2,24,2,9,1,5,7,20,8,20,10,16,,67,7,1,22,5,121.508436,25.0422513
111,8,12,4,42,2,02萬華區,萬華區康定路與桂林路口,0,0,2,1,C03,8,3,5,50,4,1,1,5,4,5,7,1,1,9,4,4,2,16,1,15,2,9,1,1,7,9,2,18,2,11,,25,25,1,22,9,121.5018545,25.03832452
111,8,12,4,42,2,02萬華區,萬華區康定路與桂林路口,0,0,2,2,B03,8,3,5,50,4,1,1,5,4,5,7,1,1,9,4,4,2,16,1,57,3,10,1,1,7,9,1,8,2,2,,44,25,1,22,9,121.5018545,25.03832452
111,8,12,4,42,2,02萬華區,萬華區康定路與桂林路口,0,0,2,3,H02,8,3,5,50,4,1,1,5,4,5,7,1,1,9,4,4,2,16,2,14,2,9,1,5,7,20,8,20,10,16,,67,25,1,22,9,121.5018545,25.03832452
111,8,12,5,16,2,07信義區,信義區松仁路與忠孝東路5段口口,0,0,1,1,A11,7,1,5,50,4,1,1,5,4,5,7,1,1,1,4,5,2,17,1,58,3,10,1,1,7,8,1,3,1,2,,7,7,1,22,9,121.5685509,25.0410116
111,8,12,5,16,2,07信義區,信義區松仁路與忠孝東路5段口口,0,0,1,2,C03,7,1,5,50,4,1,1,5,4,5,7,1,1,1,4,5,2,17,1,44,2,9,1,1,7,9,1,10,1,14,,44,7,1,22,9,121.5685509,25.0410116
111,8,12,5,21,2,04大安區,大安區和平東路1段與新生南路2段口,0,0,1,1,B03,8,1,5,50,4,1,1,5,4,5,7,2,1,3,4,1,2,16,1,73,3,10,1,1,7,5,1,8,1,6,,25,25,1,22,9,121.5347181,25.0261352
111,8,12,5,21,2,04大安區,大安區和平東路1段與新生南路2段口,0,0,1,2,C03,8,1,5,50,4,1,1,5,4,5,7,2,1,3,4,1,2,16,1,60,3,10,1,1,7,9,1,10,1,11,,44,25,1,22,9,121.5347181,25.0261352
111,8,12,5,21,2,04大安區,大安區和平東路1段與新生南路2段口,0,0,1,3,H02,8,1,5,50,4,1,1,5,4,5,7,2,1,3,4,1,2,16,2,59,2,1,1,1,7,20,8,20,10,16,,67,25,1,22,9,121.5347181,25.0261352
111,8,12,5,30,2,05中正區,中正區古亭河濱公園,0,0,2,1,F01,8,1,5,25,14,9,1,5,4,5,7,4,4,5,5,5,2,17,1,53,2,9,1,1,7,21,8,20,1,16,,43,43,1,22,9,121.5306878,25.0103086
111,8,12,5,30,2,05中正區,中正區古亭河濱公園,0,0,2,2,F01,8,1,5,25,14,9,1,5,4,5,7,4,4,5,5,5,2,17,2,74,2,9,1,1,7,15,8,20,1,16,,43,43,1,22,9,121.5306878,25.0103086
111,8,12,6,42,2,02萬華區,萬華區萬大路423巷28弄內,0,0,1,1,B03,8,1,5,30,11,9,1,5,4,5,1,4,4,10,5,5,2,11,1,59,3,10,1,1,7,5,1,8,1,8,,5,5,1,22,9,121.4998671,25.02090046
111,8,12,6,42,2,02萬華區,萬華區萬大路423巷28弄內,0,0,1,2,C03,8,1,5,30,11,9,1,5,4,5,1,4,4,10,5,5,2,11,1,51,2,8,1,1,7,6,5,18,1,14,,44,5,1,22,9,121.4998671,25.02090046
111,8,12,6,55,2,03中山區,中山區民生東路1段62號,0,0,1,1,B03,8,1,5,50,14,9,1,5,4,5,7,1,1,4,3,5,1,16,1,36,3,10,1,1,7,8,1,8,2,2,,7,7,1,22,9,121.5260156,25.0580041
111,8,12,6,55,2,03中山區,中山區民生東路1段62號,0,0,1,2,C03,8,1,5,50,14,9,1,5,4,5,7,1,1,4,3,5,1,16,1,54,2,9,1,1,7,9,1,10,2,14,,44,7,1,22,9,121.5260156,25.0580041
111,8,12,6,55,2,03中山區,中山區民生東路1段62號,0,0,1,3,B03,8,1,5,50,14,9,1,5,4,5,7,1,1,4,3,5,1,16,3,,,,,,,,,,,,,67,7,1,,,121.5260156,25.0580041
111,8,12,6,56,2,02萬華區,萬華區萬大路85號,0,0,2,1,F01,8,1,5,50,14,9,1,5,4,5,7,4,4,8,3,5,2,16,1,83,2,9,1,1,7,7,8,20,1,16,,7,7,1,22,9,121.5005957,25.03139541
111,8,12,6,56,2,02萬華區,萬華區萬大路85號,0,0,2,2,C03,8,1,5,50,14,9,1,5,4,5,7,4,4,8,3,5,2,16,2,63,2,9,1,4,7,9,4,11,1,11,,44,7,1,22,9,121.5005957,25.03139541
111,8,12,7,16,2,02萬華區,萬華區中華路2段606巷與中華路2段口,0,0,1,1,C03,8,1,5,50,4,2,1,5,4,5,7,2,1,5,4,4,1,17,2,68,2,8,3,4,7,5,1,10,1,14,,8,8,1,22,9,121.5101159,25.02460296
111,8,12,7,16,2,02萬華區,萬華區中華路2段606巷與中華路2段口,0,0,1,2,B03,8,1,5,50,4,2,1,5,4,5,7,2,1,5,4,4,1,17,1,39,3,10,3,4,7,9,1,8,1,5,,44,8,1,22,9,121.5101159,25.02460296
111,8,12,7,30,2,10文山區,文山區木柵路3段66巷與木柵路3段48巷口,0,0,1,1,B03,8,1,5,50,4,2,1,5,4,5,7,2,1,5,2,5,2,13,2,68,3,10,3,4,7,9,1,8,2,1,,23,23,1,22,9,121.5660509,24.98706091
111,8,12,7,30,2,10文山區,文山區木柵路3段66巷與木柵路3段48巷口,0,0,1,2,C03,8,1,5,50,4,2,1,5,4,5,7,2,1,5,2,5,2,13,2,64,2,9,1,4,7,14,1,10,2,13,,44,23,1,22,9,121.5660509,24.98706091
111,8,12,7,43,2,04大安區,大安區和平東路2段94號,0,0,2,1,C03,8,1,5,50,14,9,1,5,4,5,7,4,4,9,4,5,2,12,1,44,2,9,1,1,7,9,1,10,1,12,,23,23,1,22,9,121.540984,25.02510235
111,8,12,7,43,2,04大安區,大安區和平東路2段94號,0,0,2,2,C03,8,1,5,50,14,9,1,5,4,5,7,4,4,9,4,5,2,12,2,49,2,4,1,1,7,9,1,10,1,11,,44,23,1,22,9,121.540984,25.02510235
111,8,12,7,43,2,04大安區,大安區和平東路2段94號,0,0,2,3,B03,8,1,5,50,14,9,1,5,4,5,7,4,4,9,4,5,2,12,2,46,3,10,1,1,7,9,1,8,1,15,,44,23,1,22,9,121.540984,25.02510235
111,8,12,7,56,2,05中正區,中正區開封街1段42號,0,0,2,1,C03,8,1,5,50,14,9,1,5,4,5,7,4,4,10,4,5,2,12,2,36,2,9,1,1,7,7,1,10,2,14,,7,7,1,22,9,121.5121999,25.04599136
111,8,12,7,56,2,05中正區,中正區開封街1段42號,0,0,2,2,C03,8,1,5,50,14,9,1,5,4,5,7,4,4,10,4,5,2,12,1,41,2,9,1,1,7,9,1,10,2,11,,27,7,1,22,9,121.5121999,25.04599136
111,8,12,7,56,2,05中正區,中正區開封街1段42號,0,0,2,3,C03,8,1,5,50,14,9,1,5,4,5,7,4,4,10,4,5,2,12,2,24,3,10,3,4,7,13,7,19,11,13,,44,7,1,22,9,121.5121999,25.04599136
111,8,12,8,0,2,07信義區,信義區忠孝東路4段與逸仙路口,0,0,2,1,C03,8,1,5,50,4,1,1,5,4,5,7,2,1,1,4,5,1,16,2,51,2,7,3,4,7,8,1,10,1,12,,7,7,1,22,9,121.5616294,25.04133218
111,8,12,8,0,2,07信義區,信義區忠孝東路4段與逸仙路口,0,0,2,2,C03,8,1,5,50,4,1,1,5,4,5,7,2,1,1,4,5,1,16,2,48,2,7,3,4,7,9,1,10,1,14,,13,7,1,22,9,121.5616294,25.04133218
111,8,12,8,29,2,07信義區,信義區嘉興街175-8號,0,0,2,1,C03,8,1,5,50,14,9,1,5,4,5,7,4,4,9,5,5,2,11,2,62,2,7,1,1,7,5,1,10,1,12,,8,8,1,22,9,121.5568772,25.02720474
111,8,12,8,29,2,07信義區,信義區嘉興街175-8號,0,0,2,2,C03,8,1,5,50,14,9,1,5,4,5,7,4,4,9,5,5,2,11,2,22,2,8,1,1,7,9,1,10,1,11,,44,8,1,22,9,121.5568772,25.02720474
111,8,12,8,45,2,12內湖區,內湖區瑞光路513巷22弄17號,0,0,1,1,C03,8,1,5,50,14,9,1,5,4,5,7,4,4,9,5,5,2,3,1,39,3,10,1,1,7,9,1,10,2,11,,23,23,1,22,9,121.5683884,25.08014801
111,8,12,8,45,2,12內湖區,內湖區瑞光路513巷22弄17號,0,0,1,2,H01,8,1,5,50,14,9,1,5,4,5,7,4,4,9,5,5,2,3,1,52,2,9,4,5,8,18,8,20,1,16,,51,23,1,22,9,121.5683884,25.08014801
111,8,12,8,50,2,09北投區,北投區北投路1段與三合街1段口,0,0,1,1,B03,8,1,5,50,4,1,1,5,4,5,7,2,1,9,4,5,1,11,1,32,3,10,1,1,7,5,1,8,1,1,,8,8,1,22,9,121.500756,25.12619561
111,8,12,8,50,2,09北投區,北投區北投路1段與三合街1段口,0,0,1,2,C03,8,1,5,50,4,1,1,5,4,5,7,2,1,9,4,5,1,11,2,30,2,9,1,1,7,9,1,10,1,11,,44,8,1,22,9,121.500756,25.12619561
111,8,12,9,12,2,03中山區,中山區錦州街6-1號,0,0,1,1,C03,8,1,5,50,14,9,1,5,4,5,7,4,4,8,3,5,1,17,1,61,2,8,1,1,7,9,1,10,1,11,,16,16,1,22,9,121.5235998,25.06034283
111,8,12,9,12,2,03中山區,中山區錦州街6-1號,0,0,1,2,B03,8,1,5,50,14,9,1,5,4,5,7,4,4,8,3,5,1,17,2,48,3,10,3,4,7,14,1,8,1,6,,44,16,1,22,9,121.5235998,25.06034283
111,8,12,9,20,2,05中正區,中正區羅斯福路4段與羅斯福路4段108巷口,0,0,2,1,B03,7,1,5,50,3,1,1,5,4,1,7,4,4,2,4,5,2,16,1,23,3,10,1,1,7,6,1,8,2,2,,6,6,1,22,9,121.5354149,25.013497
111,8,12,9,20,2,05中正區,中正區羅斯福路4段與羅斯福路4段108巷口,0,0,2,2,C03,7,1,5,50,3,1,1,5,4,1,7,4,4,2,4,5,2,16,2,23,2,9,1,1,7,9,1,10,2,14,,14,6,1,22,9,121.5354149,25.013497
111,8,12,9,20,2,05中正區,中正區羅斯福路4段與羅斯福路4段108巷口,0,0,2,3,H02,7,1,5,50,3,1,1,5,4,1,7,4,4,2,4,5,2,16,2,23,2,9,1,1,7,20,8,20,10,16,,67,6,1,22,9,121.5354149,25.013497
111,8,12,9,30,2,12內湖區,內湖區成功路2段426巷37號前,0,0,1,1,B03,8,1,5,30,14,9,1,5,4,5,7,4,4,10,5,5,2,17,2,43,3,10,1,1,7,13,1,8,1,4,,40,40,1,22,9,121.5884823,25.0707198
111,8,12,9,30,2,12內湖區,內湖區成功路2段426巷37號前,0,0,1,2,C04,8,1,5,30,14,9,1,5,4,5,7,4,4,10,5,5,2,17,2,52,2,9,1,1,7,9,1,10,1,12,,44,40,1,22,9,121.5884823,25.0707198
111,8,12,9,40,2,04大安區,大安區復興南路1段與復興南路1段126巷口,0,0,1,1,B01,8,1,5,50,3,2,1,5,4,5,7,4,4,10,4,5,2,17,1,40,3,10,1,1,7,6,1,4,1,2,,9,9,1,22,9,121.5436942,25.04311689
111,8,12,9,40,2,04大安區,大安區復興南路1段與復興南路1段126巷口,0,0,1,2,C03,8,1,5,50,3,2,1,5,4,5,7,4,4,10,4,5,2,17,1,22,2,9,1,1,7,9,1,10,1,14,,44,9,1,22,9,121.5436942,25.04311689
111,8,12,9,59,2,09北投區,北投區大度路3段與立德路口,0,0,1,1,C03,8,1,5,50,3,1,1,5,4,5,7,2,1,1,4,4,2,12,2,22,2,9,1,1,7,9,1,10,1,11,,26,26,1,22,9,121.4714641,25.12295247
111,8,12,9,59,2,09北投區,北投區大度路3段與立德路口,0,0,1,2,B02,8,1,5,50,3,1,1,5,4,5,7,2,1,1,4,4,2,12,1,44,3,10,1,1,7,6,1,8,1,6,,42,26,1,22,9,121.4714641,25.12295247
111,8,12,10,9,2,02萬華區,萬華區堤外便道(東向西水源快速道路越堤匝道),0,0,1,1,C03,8,1,5,50,15,9,1,5,4,5,7,4,4,5,5,5,2,12,1,19,2,9,1,1,7,4,1,10,1,14,,1,1,1,22,9,121.4981592,25.01621837
111,8,12,10,9,2,02萬華區,萬華區堤外便道(東向西水源快速道路越堤匝道),0,0,1,2,B03,8,1,5,50,15,9,1,5,4,5,7,4,4,5,5,5,2,12,1,79,3,10,1,1,7,11,1,8,1,5,,10,1,1,22,9,121.4981592,25.01621837
111,8,12,10,25,2,06松山區,松山區敦化北路199號,0,0,1,1,B03,8,1,5,50,14,8,1,5,4,5,7,4,4,1,4,4,2,12,1,42,3,10,1,1,7,5,1,8,1,8,,8,8,1,22,9,121.549208,25.05575381
111,8,12,10,25,2,06松山區,松山區敦化北路199號,0,0,1,2,C03,8,1,5,50,14,8,1,5,4,5,7,4,4,1,4,4,2,12,1,44,2,9,1,1,7,9,1,10,1,11,,44,8,1,22,9,121.549208,25.05575381
111,8,12,10,27,2,02萬華區,萬華區內江街與昆明街口,0,0,1,1,B12,8,1,5,50,4,2,1,5,4,5,7,2,1,10,4,5,1,17,1,20,3,10,3,4,7,5,1,8,2,8,,6,6,1,22,9,121.5045343,25.0414893
111,8,12,10,27,2,02萬華區,萬華區內江街與昆明街口,0,0,1,2,C03,8,1,5,50,4,2,1,5,4,5,7,2,1,10,4,5,1,17,2,20,2,9,3,4,7,9,1,10,2,12,,13,6,1,22,9,121.5045343,25.0414893
111,8,12,10,29,2,02萬華區,萬華區堤外便道往南龍山041燈桿,0,0,1,1,C03,8,1,5,40,14,11,1,5,4,5,7,4,4,3,4,5,1,17,2,27,2,9,1,1,7,7,1,10,2,14,,7,7,1,22,9,121.5005157,25.04401599
111,8,12,10,29,2,02萬華區,萬華區堤外便道往南龍山041燈桿,0,0,1,2,C03,8,1,5,40,14,11,1,5,4,5,7,4,4,3,4,5,1,17,1,19,3,10,1,1,7,9,1,10,2,12,,13,7,1,22,9,121.5005157,25.04401599
111,8,12,11,15,2,11南港區,南港區同德路100號對面,0,0,1,1,C03,8,1,5,50,14,9,1,5,4,5,7,2,1,10,5,5,2,12,1,46,2,9,1,1,7,8,1,10,1,12,,17,17,1,22,9,121.586785,25.046125
111,8,12,11,15,2,11南港區,南港區同德路100號對面,0,0,1,2,C03,8,1,5,50,14,9,1,5,4,5,7,2,1,10,5,5,2,12,1,20,3,10,2,1,7,9,1,10,1,14,,23,17,1,22,9,121.586785,25.046125
111,8,12,11,18,2,07信義區,信義區市民大道6段與中坡北路口,0,0,1,1,B11,8,1,5,50,4,2,1,5,4,5,7,2,1,1,4,5,2,3,1,53,3,10,1,1,7,5,1,8,2,1,,15,15,1,22,9,121.5800293,25.0494279
111,8,12,11,18,2,07信義區,信義區市民大道6段與中坡北路口,0,0,1,2,H01,8,1,5,50,4,2,1,5,4,5,7,2,1,1,4,5,2,3,2,24,2,9,4,5,8,16,8,20,10,16,,51,15,1,22,9,121.5800293,25.0494279
111,8,12,11,27,2,04大安區,大安區信義路4段與復興南路2段口,0,0,1,1,C03,8,1,5,50,4,1,1,5,4,5,7,2,1,1,4,5,2,17,1,30,2,6,1,4,7,9,1,10,2,15,,23,23,1,22,9,121.5436876,25.0332999
111,8,12,11,27,2,04大安區,大安區信義路4段與復興南路2段口,0,0,1,2,B01,8,1,5,50,4,1,1,5,4,5,7,2,1,1,4,5,2,17,1,63,3,10,1,1,7,5,1,4,2,15,,44,23,1,22,9,121.5436876,25.0332999
111,8,12,11,27,2,04大安區,大安區信義路4段與復興南路2段口,0,0,1,3,F01,8,1,5,50,4,1,1,5,4,5,7,2,1,1,4,5,2,17,2,22,3,10,1,1,7,15,8,20,9,16,,4,23,2,22,9,121.5436876,25.0332999
111,8,12,11,30,2,09北投區,北投區自強街180巷,0,0,2,1,C03,8,1,5,30,14,9,1,5,4,5,7,4,4,10,5,5,2,11,2,78,2,8,3,4,7,9,4,11,2,12,,5,5,1,22,9,121.5176084,25.1107952
111,8,12,11,30,2,09北投區,北投區自強街180巷,0,0,2,2,C03,8,1,5,30,14,9,1,5,4,5,7,4,4,10,5,5,2,11,2,66,2,7,3,4,7,9,1,10,2,12,,5,5,1,22,9,121.5176084,25.1107952
111,8,12,11,39,2,05中正區,中正區重慶南路1段與寶慶路口,0,0,1,1,B03,8,1,5,50,3,2,1,5,4,5,7,2,1,5,2,5,2,12,1,38,3,10,1,1,7,8,1,8,2,5,,7,7,1,22,9,121.5130257,25.0412483
111,8,12,11,39,2,05中正區,中正區重慶南路1段與寶慶路口,0,0,1,2,C03,8,1,5,50,3,2,1,5,4,5,7,2,1,5,2,5,2,12,1,55,2,9,1,1,7,9,1,10,2,14,,44,7,1,22,9,121.5130257,25.0412483
111,8,12,11,41,2,02萬華區,萬華區貴陽街2段與西園路1段口,0,0,2,1,F01,8,1,5,50,4,1,4,5,4,5,7,1,1,10,5,5,2,16,2,60,2,9,1,1,7,9,8,20,9,16,,43,43,1,22,9,121.4998294,25.04011917
111,8,12,11,41,2,02萬華區,萬華區貴陽街2段與西園路1段口,0,0,2,2,C03,8,1,5,50,4,1,4,5,4,5,7,1,1,10,5,5,2,16,1,19,2,9,1,4,7,9,3,18,1,14,,43,43,1,22,9,121.4998294,25.04011917
111,8,12,11,44,2,04大安區,大安區仁愛路4段266巷6號,0,0,2,1,B02,8,1,5,30,14,9,1,5,4,5,7,4,4,4,3,5,2,9,1,54,3,10,1,1,7,3,1,8,9,1,,18,18,1,22,9,121.5528636,25.0372836
111,8,12,11,44,2,04大安區,大安區仁愛路4段266巷6號,0,0,2,2,H02,8,1,5,30,14,9,1,5,4,5,7,4,4,4,3,5,2,9,2,83,2,8,4,5,7,17,8,20,9,16,,67,18,1,22,9,121.5528636,25.0372836
111,8,12,11,44,2,04大安區,大安區仁愛路4段266巷6號,0,0,2,3,H02,8,1,5,30,14,9,1,5,4,5,7,4,4,4,3,5,2,9,2,60,2,8,4,5,7,17,8,20,9,16,,67,18,1,22,9,121.5528636,25.0372836
111,8,12,11,44,2,04大安區,大安區仁愛路4段266巷6號,0,0,2,4,B02,8,1,5,30,14,9,1,5,4,5,7,4,4,4,3,5,2,9,1,68,3,10,1,1,7,14,1,4,9,15,,44,18,1,22,9,121.5528636,25.0372836
111,8,12,11,44,2,06松山區,松山區敦化北路與民權東路4段口,0,0,1,1,B02,8,1,5,50,4,1,1,5,4,5,7,2,1,1,4,5,2,12,1,59,3,10,1,1,7,9,1,8,2,4,,17,17,1,22,9,121.5510502,25.06144839
111,8,12,11,44,2,06松山區,松山區敦化北路與民權東路4段口,0,0,1,2,C03,8,1,5,50,4,1,1,5,4,5,7,2,1,1,4,5,2,12,2,40,2,9,1,1,7,9,1,10,2,11,,17,17,1,22,9,121.5510502,25.06144839
111,8,12,11,50,2,09北投區,北投區立德路1號,0,0,1,1,A12,8,1,5,50,14,9,1,5,4,5,7,4,4,9,4,5,2,17,1,44,3,10,1,1,7,6,1,6,11,15,,9,9,1,22,9,121.4714515,25.123932
111,8,12,11,50,2,09北投區,北投區立德路1號,0,0,1,2,C03,8,1,5,50,14,9,1,5,4,5,7,4,4,9,4,5,2,17,1,36,2,9,1,1,7,4,1,10,11,12,,1,9,1,22,9,121.4714515,25.123932
111,8,12,12,0,2,12內湖區,內湖區民權東路6段282號,0,0,1,1,B12,8,1,5,50,14,9,1,5,4,5,7,4,4,1,4,5,2,12,1,52,3,10,1,1,7,8,1,8,1,2,,7,7,1,22,9,121.6050553,25.07229071
111,8,12,12,0,2,12內湖區,內湖區民權東路6段282號,0,0,1,2,C03,8,1,5,50,14,9,1,5,4,5,7,4,4,1,4,5,2,12,1,41,2,9,1,1,7,9,1,10,1,14,,44,7,1,22,9,121.6050553,25.07229071
111,8,12,12,39,2,12內湖區,內湖區民權東路6段90巷16弄與民權東路6段90巷口,0,0,1,1,C03,8,1,5,30,4,1,1,5,4,5,7,4,4,10,5,5,2,16,1,23,2,9,1,1,7,9,1,10,1,12,,6,6,1,22,9,121.5860452,25.0679821
111,8,12,12,39,2,12內湖區,內湖區民權東路6段90巷16弄與民權東路6段90巷口,0,0,1,2,B03,8,1,5,30,4,1,1,5,4,5,7,4,4,10,5,5,2,16,1,68,3,10,1,1,7,9,1,8,1,1,,44,6,1,22,9,121.5860452,25.0679821
111,8,12,13,0,2,03中山區,中山區中山北路2段34號,0,0,2,1,C03,8,1,5,50,3,1,1,5,4,5,7,4,4,1,3,5,1,13,1,20,2,9,1,4,7,9,1,10,2,11,,16,16,1,22,9,121.5225822,25.05428882
111,8,12,13,0,2,03中山區,中山區中山北路2段34號,0,0,2,2,C03,8,1,5,50,3,1,1,5,4,5,7,4,4,1,3,5,1,13,2,25,2,9,1,4,7,9,1,10,2,13,,44,16,1,22,9,121.5225822,25.05428882
111,8,12,13,0,2,03中山區,中山區中山北路2段34號,0,0,2,3,B03,8,1,5,50,3,1,1,5,4,5,7,4,4,1,3,5,1,13,1,23,3,10,3,4,7,1,1,15,11,8,,19,16,1,22,9,121.5225822,25.05428882
111,8,12,13,17,2,04大安區,大安區忠孝東路4段與敦化南路1段口,0,0,2,1,C03,8,1,5,50,4,1,1,5,4,5,7,2,1,1,4,5,2,17,2,47,2,9,1,1,7,9,1,10,1,11,,23,23,1,22,9,121.5486183,25.04160656
111,8,12,13,17,2,04大安區,大安區忠孝東路4段與敦化南路1段口,0,0,2,2,C03,8,1,5,50,4,1,1,5,4,5,7,2,1,1,4,5,2,17,1,21,2,7,1,1,7,9,1,10,1,14,,44,23,1,22,9,121.5486183,25.04160656
111,8,12,13,34,2,05中正區,中正區衡陽路與桃源街口,0,0,2,1,C03,8,1,5,50,3,1,1,5,4,5,7,4,4,9,4,5,2,17,2,21,2,9,1,4,7,5,1,10,1,14,,8,8,1,22,9,121.5105558,25.04222996
111,8,12,13,34,2,05中正區,中正區衡陽路與桃源街口,0,0,2,2,C03,8,1,5,50,3,1,1,5,4,5,7,4,4,9,4,5,2,17,2,39,2,9,1,4,7,9,1,10,1,11,,44,8,1,22,9,121.5105558,25.04222996
111,8,12,14,3,2,06松山區,松山區塔悠路與民生東路5段口,0,0,1,1,B03,8,1,5,50,3,1,1,5,4,5,7,1,1,1,4,5,2,11,1,49,3,10,1,1,7,5,1,8,2,1,,8,8,1,22,9,121.569072,25.05931003
111,8,12,14,3,2,06松山區,松山區塔悠路與民生東路5段口,0,0,1,2,F01,8,1,5,50,3,1,1,5,4,5,7,1,1,1,4,5,2,11,1,15,2,9,1,1,7,11,8,20,2,16,,11,8,1,22,9,121.569072,25.05931003
111,8,12,14,22,2,05中正區,中正區新生南路1段170巷與信義路2段243巷口,0,0,1,1,C03,8,1,5,30,4,1,1,5,4,5,7,4,4,10,5,5,2,15,2,44,2,9,1,1,7,9,1,10,2,11,,6,6,1,22,9,121.5311487,25.0342339
111,8,12,14,22,2,05中正區,中正區新生南路1段170巷與信義路2段243巷口,0,0,1,2,B12,8,1,5,30,4,1,1,5,4,5,7,4,4,10,5,5,2,15,1,34,3,10,1,1,7,9,1,8,2,4,,14,6,1,22,9,121.5311487,25.0342339
111,8,12,14,36,2,08士林區,士林區堤外便道(通河西街2段堤外與洲美快速道路橋下道路口),0,0,1,1,B03,8,1,5,40,3,1,1,5,4,5,7,4,4,5,5,5,2,17,1,51,3,10,1,1,7,5,1,8,1,5,,8,8,1,22,9,121.5026977,25.09399254