發生年度,發生月,發生日,發生時-Hours,發生分,處理別-編號,區序,肇事地點,死亡人數,2-30日死亡人數,受傷人數,當事人序號,車種,天候,光線,道路類別,速限-速度限制,道路型態,事故位置,路面狀況1,路面狀況2,路面狀況3,道路障礙1,道路障礙2,號誌1,號誌2,車道劃分-分向,車道劃分-分道1,車道劃分-分道2,車道劃分-分道3,事故類型及型態,性別,年齡,受傷程度,主要傷處,安全帽,行動電話,車輛用途,當事者行動狀態,駕駛資格情形,駕駛執照種類,飲酒情形,車輛撞擊部位1,車輛撞擊部位2,肇因碼-個別,肇因碼-主要,個人肇逃否,職業,旅次目的,座標-X,座標-Y
111,8,12,14,36,2,08士林區,士林區堤外便道(通河西街2段堤外與洲美快速道路橋下道路口),0,0,1,2,C03,8,1,5,40,3,1,1,5,4,5,7,4,4,5,5,5,2,17,1,18,2,9,1,1,7,9,1,10,1,11,,13,8,1,22,9,121.5026977,25.09399254
111,8,12,15,0,2,08士林區,士林區重慶北路4段與中正路口,0,0,3,1,C03,8,1,5,50,3,2,1,5,4,5,7,4,4,10,4,5,2,17,2,47,2,9,1,1,7,5,4,8,2,13,,6,6,1,22,9,121.5097659,25.08672499
111,8,12,15,0,2,08士林區,士林區重慶北路4段與中正路口,0,0,3,2,C03,8,1,5,50,3,2,1,5,4,5,7,4,4,10,4,5,2,17,1,18,2,9,1,1,7,9,3,18,2,11,,13,6,1,22,9,121.5097659,25.08672499
111,8,12,15,0,2,08士林區,士林區重慶北路4段與中正路口,0,0,3,3,H02,8,1,5,50,3,2,1,5,4,5,7,4,4,10,4,5,2,17,1,18,2,8,1,5,7,17,8,20,10,16,,67,6,1,22,9,121.5097659,25.08672499
111,8,12,15,0,2,12內湖區,內湖區東湖路與康樂街口,0,0,4,1,C03,7,1,5,50,4,2,1,5,4,5,7,1,1,5,4,5,2,17,1,52,2,9,1,1,7,9,1,10,1,12,,44,44,1,22,9,121.6175828,25.0678821
111,8,12,15,0,2,12內湖區,內湖區東湖路與康樂街口,0,0,4,2,C03,7,1,5,50,4,2,1,5,4,5,7,1,1,5,4,5,2,17,1,42,2,9,1,1,7,9,1,10,1,12,,44,44,1,22,9,121.6175828,25.0678821
111,8,12,15,0,2,12內湖區,內湖區東湖路與康樂街口,0,0,4,3,C03,7,1,5,50,4,2,1,5,4,5,7,1,1,5,4,5,2,17,2,70,2,9,1,1,7,9,1,10,1,12,,44,44,1,22,9,121.6175828,25.0678821
111,8,12,15,0,2,12內湖區,內湖區東湖路與康樂街口,0,0,4,4,H02,7,1,5,50,4,2,1,5,4,5,7,1,1,5,4,5,2,17,2,11,2,9,1,5,7,21,8,20,10,16,,67,44,1,22,9,121.6175828,25.0678821
111,8,12,15,0,2,12內湖區,內湖區東湖路與康樂街口,0,0,4,5,,7,1,5,50,4,2,1,5,4,5,7,1,1,5,4,5,2,17,3,,,,,,,,,,,,,61,44,1,,,121.6175828,25.0678821
111,8,12,15,21,2,03中山區,中山區北安路458巷41弄與北安路458巷47弄口,0,0,1,1,B03,8,1,5,30,4,1,1,5,4,5,7,3,1,4,5,5,1,15,2,63,3,10,3,4,7,9,1,8,2,4,,6,6,1,22,9,121.5454031,25.07839319
111,8,12,15,21,2,03中山區,中山區北安路458巷41弄與北安路458巷47弄口,0,0,1,2,C03,8,1,5,30,4,1,1,5,4,5,7,3,1,4,5,5,1,15,2,44,2,9,3,4,7,9,1,10,2,11,,23,6,1,22,9,121.5454031,25.07839319
111,8,12,15,40,2,03中山區,中山區民權西路63號,0,0,1,1,B03,8,1,5,50,14,7,1,5,4,5,7,4,4,1,4,4,2,13,1,32,3,10,1,4,7,9,1,8,2,1,,16,16,1,22,9,121.5202686,25.06289948
111,8,12,15,40,2,03中山區,中山區民權西路63號,0,0,1,2,C03,8,1,5,50,14,7,1,5,4,5,7,4,4,1,4,4,2,13,2,51,2,9,1,4,7,15,1,10,2,13,,44,16,1,22,9,121.5202686,25.06289948
111,8,12,15,50,2,10文山區,文山區萬美街2段與萬寧街口,0,0,1,1,B03,6,1,5,30,4,1,1,4,4,3,5,2,1,5,2,4,2,16,1,38,3,10,1,1,7,5,1,8,1,1,,25,25,1,22,9,121.5623372,25.00349987
111,8,12,15,50,2,10文山區,文山區萬美街2段與萬寧街口,0,0,1,2,C03,6,1,5,30,4,1,1,4,4,3,5,2,1,5,2,4,2,16,1,41,2,8,1,1,7,9,1,10,9,12,,42,25,1,22,9,121.5623372,25.00349987
111,8,12,15,50,2,10文山區,文山區萬美街2段與萬寧街口,0,0,1,3,A12,6,1,5,30,4,1,1,4,4,3,5,2,1,5,2,4,2,16,1,44,3,10,1,1,7,14,1,3,1,15,,42,25,1,22,9,121.5623372,25.00349987
111,8,12,15,55,2,07信義區,信義區信義路5段與市府路口,0,0,2,1,A02,6,1,5,50,3,2,1,4,4,5,7,2,1,3,4,5,2,12,1,39,3,10,1,1,7,7,1,2,1,2,,44,44,1,22,9,121.5633473,25.03303614
111,8,12,15,55,2,07信義區,信義區信義路5段與市府路口,0,0,2,2,C03,6,1,5,50,3,2,1,4,4,5,7,2,1,3,4,5,2,12,2,21,2,8,1,1,7,7,1,10,1,14,,7,44,1,22,9,121.5633473,25.03303614
111,8,12,15,55,2,07信義區,信義區信義路5段與市府路口,0,0,2,3,H02,6,1,5,50,3,2,1,4,4,5,7,2,1,3,4,5,2,12,2,59,2,7,1,1,7,20,8,20,10,16,,67,44,1,22,9,121.5633473,25.03303614
111,8,12,16,54,2,08士林區,士林區福國路15巷與雙溪街口,0,0,2,1,C03,8,1,5,40,14,9,1,5,4,5,7,4,4,9,5,5,2,17,1,49,2,9,1,1,7,11,1,10,1,14,,10,10,1,22,9,121.5251692,25.10063628
111,8,12,16,54,2,08士林區,士林區福國路15巷與雙溪街口,0,0,2,2,C03,8,1,5,40,14,9,1,5,4,5,7,4,4,9,5,5,2,17,1,44,2,7,1,1,7,4,1,10,1,11,,42,10,1,22,9,121.5251692,25.10063628
111,8,12,17,5,2,02萬華區,萬華區萬大路與民和街口,0,0,1,1,C03,8,1,5,30,4,1,1,5,4,5,7,2,1,1,5,5,2,16,1,84,2,9,1,1,7,7,6,10,1,14,,7,7,1,22,9,121.5004744,25.02640952
111,8,12,17,5,2,02萬華區,萬華區萬大路與民和街口,0,0,1,2,A02,8,1,5,30,4,1,1,5,4,5,7,2,1,1,5,5,2,16,1,46,3,10,1,1,7,9,1,2,1,2,,44,7,1,22,9,121.5004744,25.02640952
111,8,12,17,18,2,04大安區,大安區信義路3段147巷36弄20號,0,0,1,4,C03,7,1,5,30,14,9,1,5,4,5,7,4,4,10,5,5,2,17,1,47,3,10,1,1,7,13,1,10,11,13,,44,12,1,22,9,121.5411974,25.037212
111,8,12,17,18,2,04大安區,大安區信義路3段147巷36弄20號,0,0,1,1,B03,7,1,5,30,14,9,1,5,4,5,7,4,4,10,5,5,2,17,2,45,2,8,1,1,7,2,1,8,2,6,,12,12,1,22,9,121.5411974,25.037212
111,8,12,17,18,2,04大安區,大安區信義路3段147巷36弄20號,0,0,1,2,B12,7,1,5,30,14,9,1,5,4,5,7,4,4,10,5,5,2,17,1,57,3,10,1,1,7,9,1,8,2,5,,44,12,1,22,9,121.5411974,25.037212
111,8,12,17,18,2,04大安區,大安區信義路3段147巷36弄20號,0,0,1,3,C03,7,1,5,30,14,9,1,5,4,5,7,4,4,10,5,5,2,17,2,49,3,10,3,1,7,13,1,10,11,14,,44,12,1,22,9,121.5411974,25.037212
111,8,12,17,20,2,03中山區,中山區錦州街365號,0,0,2,1,H01,7,1,5,50,14,9,1,4,4,5,7,4,4,9,4,5,2,3,2,58,2,9,4,5,8,18,8,20,10,16,,52,52,1,22,9,121.54004,25.0602438
111,8,12,17,20,2,03中山區,中山區錦州街365號,0,0,2,2,C03,7,1,5,50,14,9,1,4,4,5,7,4,4,9,4,5,2,3,1,25,2,9,1,4,7,9,1,10,1,11,,23,52,1,22,9,121.54004,25.0602438
111,8,12,17,20,2,04大安區,大安區忠孝東路4段118號前,0,0,1,1,C03,6,1,5,50,14,9,1,4,4,5,7,2,3,8,3,5,1,29,2,29,2,1,1,1,7,12,1,10,1,14,,23,23,1,5,1,121.5471551,25.04146082
111,8,12,17,20,2,04大安區,大安區忠孝東路4段118號前,0,0,1,2,A02,6,1,5,50,14,9,1,4,4,5,7,2,3,8,3,5,1,29,3,,,,,,,,,,,,,67,23,1,,,121.5471551,25.04146082
111,8,12,17,25,2,02萬華區,萬華區桂林路242巷6弄與桂林路242巷口,0,0,1,1,B03,8,3,5,30,3,1,1,5,4,5,7,4,4,10,5,5,1,17,2,24,3,10,1,1,7,6,1,8,2,1,,6,6,1,22,9,121.4950941,25.0378899
111,8,12,17,25,2,02萬華區,萬華區桂林路242巷6弄與桂林路242巷口,0,0,1,2,C03,8,3,5,30,3,1,1,5,4,5,7,4,4,10,5,5,1,17,2,36,2,9,1,1,7,9,1,10,2,11,,14,6,1,22,9,121.4950941,25.0378899
111,8,12,17,25,2,12內湖區,內湖區陽光街與陽光街202巷口口,0,0,3,1,C03,8,1,5,50,3,1,1,5,4,5,7,4,4,5,5,5,2,11,2,28,2,9,1,1,7,5,1,10,2,12,,6,6,1,22,9,121.5802682,25.07423007
111,8,12,17,25,2,12內湖區,內湖區陽光街與陽光街202巷口口,0,0,3,2,C03,8,1,5,50,3,1,1,5,4,5,7,4,4,5,5,5,2,11,2,24,2,9,1,1,7,9,1,10,2,11,,14,6,1,22,9,121.5802682,25.07423007
111,8,12,17,25,2,12內湖區,內湖區陽光街與陽光街202巷口口,0,0,3,3,H02,8,1,5,50,3,1,1,5,4,5,7,4,4,5,5,5,2,11,2,57,2,9,4,5,7,21,8,20,10,16,,67,6,1,22,9,121.5802682,25.07423007
111,8,12,17,50,2,05中正區,中正區中正橋往永和,0,0,1,1,B03,8,2,5,30,14,9,1,5,4,5,7,4,4,3,4,5,2,12,1,29,3,10,1,1,7,9,6,18,1,8,,17,17,1,22,9,121.5166551,25.02227759
111,8,12,17,50,2,05中正區,中正區中正橋往永和,0,0,1,2,C03,8,2,5,30,14,9,1,5,4,5,7,4,4,3,4,5,2,12,1,29,2,9,1,1,7,9,1,10,1,12,,17,17,1,22,9,121.5166551,25.02227759
111,8,12,17,52,2,04大安區,大安區和平東路2段臨134-2號,0,0,1,1,B12,6,1,5,50,14,9,1,4,4,5,7,4,4,1,5,5,1,12,1,57,3,10,1,1,7,8,1,1,1,2,,7,7,1,22,9,121.5458877,25.0246248
111,8,12,17,52,2,04大安區,大安區和平東路2段臨134-2號,0,0,1,2,C03,6,1,5,50,14,9,1,4,4,5,7,4,4,1,5,5,1,12,1,26,2,9,1,1,7,9,1,10,1,12,,44,7,1,22,9,121.5458877,25.0246248
111,8,12,17,55,2,12內湖區,內湖區民權東路6段與民權東路6段46巷口,0,0,1,1,C03,6,2,5,50,4,1,1,4,4,5,7,1,1,1,4,4,1,13,1,29,2,9,3,4,7,9,3,18,1,11,,16,16,1,22,9,121.5821488,25.0676712
111,8,12,17,55,2,12內湖區,內湖區民權東路6段與民權東路6段46巷口,0,0,1,2,B12,6,2,5,50,4,1,1,4,4,5,7,1,1,1,4,4,1,13,1,52,3,10,3,4,7,14,1,8,1,3,,44,16,1,22,9,121.5821488,25.0676712
111,8,12,18,24,2,07信義區,信義區基隆路2段39巷與吳興街50巷口,0,0,2,1,C03,8,1,5,30,4,1,1,5,4,5,7,4,4,8,3,5,2,15,1,38,2,9,1,1,7,9,1,10,1,11,,6,6,1,22,9,121.5595095,25.0306118
111,8,12,18,24,2,07信義區,信義區基隆路2段39巷與吳興街50巷口,0,0,2,2,C01,8,1,5,30,4,1,1,5,4,5,7,4,4,8,3,5,2,15,1,30,2,9,1,1,7,9,1,10,1,11,,14,6,1,22,9,121.5595095,25.0306118
111,8,12,18,24,2,07信義區,信義區基隆路2段39巷與吳興街50巷口,0,0,2,3,C03,8,1,5,30,4,1,1,5,4,5,7,4,4,8,3,5,2,15,1,46,3,10,1,1,7,13,1,10,11,14,,44,6,1,22,9,121.5595095,25.0306118
111,8,12,18,41,2,04大安區,大安區忠孝東路3段與建國南路1段口,0,0,1,1,B12,7,3,5,50,14,9,1,4,4,5,7,2,1,1,4,5,2,12,1,41,4,11,3,4,7,15,7,19,11,15,,17,17,2,22,9,121.5374867,25.041784
111,8,12,18,41,2,04大安區,大安區忠孝東路3段與建國南路1段口,0,0,1,2,C03,7,3,5,50,14,9,1,4,4,5,7,2,1,1,4,5,2,12,1,44,2,9,1,1,7,9,1,10,1,12,,17,17,1,22,9,121.5374867,25.041784
111,8,12,19,0,2,04大安區,大安區敦化南路2段與四維路170巷口,0,0,2,1,C03,8,3,5,50,4,1,1,5,4,5,7,2,1,1,4,5,2,15,2,19,2,9,3,4,7,9,1,10,1,11,,23,23,1,22,9,121.5490049,25.02808683
111,8,12,19,0,2,04大安區,大安區敦化南路2段與四維路170巷口,0,0,2,2,C03,8,3,5,50,4,1,1,5,4,5,7,2,1,1,4,5,2,15,2,22,2,9,3,4,7,9,1,10,1,14,,44,23,1,22,9,121.5490049,25.02808683
111,8,12,19,0,2,12內湖區,內湖區舊宗路2段181巷與瑞湖街口,0,0,1,1,B01,8,3,5,50,3,1,1,5,4,5,7,4,4,10,5,5,2,16,1,56,3,10,1,1,7,15,1,8,1,8,,6,6,1,22,9,121.5762675,25.07195494
111,8,12,19,0,2,12內湖區,內湖區舊宗路2段181巷與瑞湖街口,0,0,1,2,C03,8,3,5,50,3,1,1,5,4,5,7,4,4,10,5,5,2,16,2,39,2,8,1,1,7,9,1,10,1,11,,44,6,1,22,9,121.5762675,25.07195494
111,8,12,19,1,2,10文山區,文山區辛亥路4段與興德路66巷口,0,0,1,1,C03,7,3,5,50,3,2,1,5,4,5,7,4,4,1,4,5,2,17,1,35,3,10,1,1,7,15,3,18,1,11,,42,42,1,22,9,121.5567994,25.0043457
111,8,12,19,1,2,10文山區,文山區辛亥路4段與興德路66巷口,0,0,1,2,C03,7,3,5,50,3,2,1,5,4,5,7,4,4,1,4,5,2,17,2,45,2,9,1,1,7,9,1,10,1,12,,44,42,1,22,9,121.5567994,25.0043457
111,8,12,19,4,2,10文山區,文山區羅斯福路5段與羅斯福路5段236巷口,0,0,4,3,C03,8,3,5,50,3,2,1,5,4,5,7,4,4,1,4,5,2,17,1,61,2,9,1,1,7,9,1,10,1,13,,44,42,1,22,9,121.5389893,25.00164247
111,8,12,19,4,2,10文山區,文山區羅斯福路5段與羅斯福路5段236巷口,0,0,4,1,C03,8,3,5,50,3,2,1,5,4,5,7,4,4,1,4,5,2,17,1,35,3,10,1,1,7,9,1,10,1,15,,42,42,1,22,9,121.5389893,25.00164247
111,8,12,19,4,2,10文山區,文山區羅斯福路5段與羅斯福路5段236巷口,0,0,4,2,C03,8,3,5,50,3,2,1,5,4,5,7,4,4,1,4,5,2,17,1,44,2,9,1,1,7,9,1,10,1,11,,44,42,1,22,9,121.5389893,25.00164247
111,8,12,19,4,2,10文山區,文山區羅斯福路5段與羅斯福路5段236巷口,0,0,4,4,C03,8,3,5,50,3,2,1,5,4,5,7,4,4,1,4,5,2,17,2,57,2,9,1,1,4,9,3,18,1,11,,16,42,1,22,9,121.5389893,25.00164247
111,8,12,19,4,2,10文山區,文山區羅斯福路5段與羅斯福路5段236巷口,0,0,4,5,H02,8,3,5,50,3,2,1,5,4,5,7,4,4,1,4,5,2,17,2,71,2,9,1,5,7,17,8,20,10,16,,67,42,1,22,9,121.5389893,25.00164247
111,8,12,19,7,2,10文山區,文山區羅斯福路6段與車前路29巷口,0,0,1,1,F01,7,3,5,50,14,20,4,5,4,5,7,4,4,1,4,5,2,29,1,39,2,9,1,1,7,9,8,20,1,16,,42,42,1,22,9,121.5403637,24.99132468
111,8,12,19,7,2,10文山區,文山區羅斯福路6段與車前路29巷口,0,0,1,2,,7,3,5,50,14,20,4,5,4,5,7,4,4,1,4,5,2,29,3,,,,,,,,,,,,,67,42,1,,,121.5403637,24.99132468
111,8,12,19,13,2,02萬華區,萬華區環河快速道路往北近艋舺大道,0,0,2,1,B03,8,3,5,60,14,9,1,5,4,4,7,4,4,1,4,5,2,13,1,62,2,9,1,1,7,9,1,8,2,1,,16,16,1,22,9,121.4890746,25.02785555
111,8,12,19,13,2,02萬華區,萬華區環河快速道路往北近艋舺大道,0,0,2,2,B03,8,3,5,60,14,9,1,5,4,4,7,4,4,1,4,5,2,13,2,31,2,9,1,1,7,12,1,8,2,3,1,44,16,1,22,9,121.4890746,25.02785555
111,8,12,19,13,2,02萬華區,萬華區環河快速道路往北近艋舺大道,0,0,2,3,B02,8,3,5,60,14,9,1,5,4,4,7,4,4,1,4,5,2,13,1,45,3,10,1,1,7,12,1,8,2,3,,44,16,1,22,9,121.4890746,25.02785555
111,8,12,19,15,2,11南港區,南港區研究院路2段與大坑街口,0,0,1,2,C03,8,3,5,50,4,1,1,5,4,5,7,2,1,1,4,5,1,12,1,64,2,9,1,4,7,6,6,10,2,12,,9,17,1,22,9,121.6157807,25.0488084
111,8,12,19,15,2,11南港區,南港區研究院路2段與大坑街口,0,0,1,1,B12,8,3,5,50,4,1,1,5,4,5,7,2,1,1,4,5,1,12,1,42,3,10,3,4,7,9,1,3,2,8,,17,17,1,22,9,121.6157807,25.0488084
111,8,12,19,33,2,10文山區,文山區羅斯福路5段與萬盛街口,0,0,1,1,B01,8,3,5,50,4,1,1,5,4,5,7,1,1,1,4,5,2,16,1,66,3,10,1,1,7,5,1,4,1,5,,6,6,1,22,9,121.5382827,25.0080702
111,8,12,19,33,2,10文山區,文山區羅斯福路5段與萬盛街口,0,0,1,2,C03,8,3,5,50,4,1,1,5,4,5,7,1,1,1,4,5,2,16,1,48,2,9,1,1,7,9,4,8,1,11,,13,6,1,22,9,121.5382827,25.0080702
111,8,12,19,46,2,03中山區,中山區復興北路430巷與復興北路口,0,0,2,1,C03,8,3,5,50,4,1,1,5,4,5,7,1,1,1,4,5,2,15,2,29,2,9,1,1,7,9,1,10,1,11,,25,25,1,22,9,121.5441735,25.06336002
111,8,12,19,46,2,03中山區,中山區復興北路430巷與復興北路口,0,0,2,2,C03,8,3,5,50,4,1,1,5,4,5,7,1,1,1,4,5,2,15,1,42,2,9,1,1,7,9,1,10,1,14,,44,25,1,22,9,121.5441735,25.06336002
111,8,12,19,46,2,12內湖區,內湖區港墘路與洲子街口,0,0,2,1,B02,8,3,5,50,4,2,1,5,4,5,7,2,1,1,4,5,2,17,1,28,3,10,1,1,7,5,1,8,2,5,,8,8,1,22,9,121.5759755,25.07812153
111,8,12,19,46,2,12內湖區,內湖區港墘路與洲子街口,0,0,2,2,C03,8,3,5,50,4,2,1,5,4,5,7,2,1,1,4,5,2,17,1,30,2,9,1,1,7,9,1,10,2,14,,44,8,1,22,9,121.5759755,25.07812153
111,8,12,19,46,2,12內湖區,內湖區港墘路與洲子街口,0,0,2,3,H02,8,3,5,50,4,2,1,5,4,5,7,2,1,1,4,5,2,17,2,31,2,9,4,5,7,21,8,20,10,16,,67,8,1,22,9,121.5759755,25.07812153
111,8,12,21,45,2,06松山區,松山區復興北路15-1號,0,0,1,1,B01,8,3,5,50,14,9,1,5,4,5,7,4,4,3,4,5,2,17,1,37,3,10,1,1,7,1,1,4,1,7,,19,19,1,22,9,121.54405,25.04831378
111,8,12,21,45,2,06松山區,松山區復興北路15-1號,0,0,1,2,F01,8,3,5,50,14,9,1,5,4,5,7,4,4,3,4,5,2,17,1,23,2,9,1,1,7,9,8,20,1,16,,23,19,1,22,9,121.54405,25.04831378
111,8,12,21,45,2,11南港區,南港區南港路1段219號,0,0,2,1,C03,8,3,5,50,14,9,1,5,4,5,7,4,4,5,4,5,2,13,1,42,2,8,1,1,7,9,1,10,2,11,,23,23,1,21,8,121.6105834,25.05502829
111,8,12,21,45,2,11南港區,南港區南港路1段219號,0,0,2,2,C03,8,3,5,50,14,9,1,5,4,5,7,4,4,5,4,5,2,13,1,22,2,8,1,1,7,14,1,10,2,13,,38,23,1,21,8,121.6105834,25.05502829
111,8,12,21,50,2,09北投區,北投區北投路2段北投捷運站1號出口,0,0,1,1,B03,7,3,5,50,14,7,1,5,4,5,7,1,1,5,5,4,2,17,1,71,3,10,1,1,7,11,1,8,1,15,,10,10,1,22,9,121.4979989,25.13207988
111,8,12,21,50,2,09北投區,北投區北投路2段北投捷運站1號出口,0,0,1,2,C03,7,3,5,50,14,7,1,5,4,5,7,1,1,5,5,4,2,17,1,22,2,9,1,1,7,9,1,10,1,14,,44,10,1,22,9,121.4979989,25.13207988
111,8,12,22,13,2,06松山區,松山區南京東路3段與敦化北路口,0,0,1,1,C03,8,3,5,40,4,4,1,5,4,5,7,2,1,1,4,4,2,13,1,18,3,10,1,4,7,9,1,10,9,11,,16,16,2,22,9,121.5486707,25.05164167
111,8,12,22,13,2,06松山區,松山區南京東路3段與敦化北路口,0,0,1,2,B01,8,3,5,40,4,4,1,5,4,5,7,2,1,1,4,4,2,13,1,29,2,9,1,4,7,10,1,4,1,7,,44,16,1,22,9,121.5486707,25.05164167
111,8,12,22,32,2,07信義區,信義區莊敬路475號,0,0,2,1,C03,8,1,5,40,14,9,1,5,4,5,7,4,4,8,3,5,2,17,1,23,2,8,1,1,7,1,1,10,1,11,,19,19,1,22,9,121.5679614,25.0267995
111,8,12,22,32,2,07信義區,信義區莊敬路475號,0,0,2,2,C03,8,1,5,40,14,9,1,5,4,5,7,4,4,8,3,5,2,17,1,33,2,9,1,1,7,9,1,10,1,11,,44,19,1,22,9,121.5679614,25.0267995
111,8,12,22,39,2,10文山區,文山區興隆路2段與辛亥路5段口,0,0,1,1,B03,8,3,5,50,4,1,1,5,4,5,7,1,1,1,2,5,2,16,1,40,3,10,1,1,7,6,1,8,2,2,,9,9,1,22,9,121.5544752,25.00078787
111,8,12,22,39,2,10文山區,文山區興隆路2段與辛亥路5段口,0,0,1,2,C03,8,3,5,50,4,1,1,5,4,5,7,1,1,1,2,5,2,16,1,20,2,9,1,1,7,9,1,10,2,11,,23,9,1,22,9,121.5544752,25.00078787
111,8,12,22,42,2,07信義區,信義區松信路與松隆路口,0,0,2,1,C03,8,1,5,50,4,1,1,5,4,5,7,2,1,5,4,4,2,12,2,40,2,8,1,1,7,5,1,10,2,14,,6,6,1,22,9,121.5721451,25.04713739
111,8,12,22,42,2,07信義區,信義區松信路與松隆路口,0,0,2,2,C03,8,1,5,50,4,1,1,5,4,5,7,2,1,5,4,4,2,12,2,19,2,7,1,1,7,9,1,10,2,11,,23,6,1,22,9,121.5721451,25.04713739
111,8,12,22,44,2,08士林區,士林區中山北路5段與中山北路5段704巷口,0,0,1,1,B01,8,3,5,50,5,2,1,5,4,5,7,2,1,8,4,5,1,17,1,52,3,10,1,1,7,8,1,4,2,5,,7,7,1,22,9,121.5274516,25.09787451
111,8,12,22,44,2,08士林區,士林區中山北路5段與中山北路5段704巷口,0,0,1,2,C03,8,3,5,50,5,2,1,5,4,5,7,2,1,8,4,5,1,17,2,20,2,9,1,1,7,7,1,10,2,14,,7,7,1,22,9,121.5274516,25.09787451
111,8,12,23,10,2,02萬華區,萬華區西園路1段與廣州街口,0,0,3,1,C03,8,3,5,40,4,2,1,5,4,5,7,1,1,8,5,5,2,12,1,23,2,9,1,1,7,7,1,10,2,14,,7,7,1,22,9,121.4993911,25.03690109
111,8,12,23,10,2,02萬華區,萬華區西園路1段與廣州街口,0,0,3,2,C03,8,3,5,40,4,2,1,5,4,5,7,1,1,8,5,5,2,12,2,27,2,9,1,1,7,9,1,10,2,12,,44,7,1,22,9,121.4993911,25.03690109
111,8,12,23,10,2,02萬華區,萬華區西園路1段與廣州街口,0,0,3,3,H02,8,3,5,40,4,2,1,5,4,5,7,1,1,8,5,5,2,12,2,27,2,9,1,5,7,20,8,20,10,16,,67,7,1,22,9,121.4993911,25.03690109
111,8,12,23,25,2,07信義區,信義區基隆路1段與基隆路1段102巷口口,0,0,1,1,B03,8,1,5,50,3,1,1,5,4,5,7,4,4,8,3,5,2,12,1,30,3,10,1,1,7,15,1,8,1,2,,43,43,1,22,9,121.5668096,25.0453503
111,8,12,23,25,2,07信義區,信義區基隆路1段與基隆路1段102巷口口,0,0,1,2,C03,8,1,5,50,3,1,1,5,4,5,7,4,4,8,3,5,2,12,1,26,2,9,1,1,7,9,1,10,1,14,,43,43,1,22,9,121.5668096,25.0453503
111,8,13,5,23,2,12內湖區,內湖區民權東路6段與堤頂大道1段口,0,0,2,1,B03,8,1,5,70,14,7,1,5,4,5,7,1,1,1,4,5,2,13,2,45,2,9,1,1,7,9,1,8,2,1,,23,23,1,22,9,121.5724768,25.06471326
111,8,13,5,23,2,12內湖區,內湖區民權東路6段與堤頂大道1段口,0,0,2,2,B01,8,1,5,70,14,7,1,5,4,5,7,1,1,1,4,5,2,13,1,28,2,6,1,1,7,9,1,4,2,7,,44,23,1,22,9,121.5724768,25.06471326
111,8,13,6,8,2,11南港區,南港區研究院路3段161巷006燈桿,0,0,1,1,C03,8,1,5,30,12,9,1,5,4,5,7,4,4,10,5,5,1,20,1,62,2,9,1,1,7,9,3,18,1,11,,23,23,1,22,9,121.6146012,25.0317076
111,8,13,6,8,2,11南港區,南港區研究院路3段161巷006燈桿,0,0,1,2,,8,1,5,30,12,9,1,5,4,5,7,4,4,10,5,5,1,20,3,,,,,,,,,,,,,67,23,1,,,121.6146012,25.0317076
111,8,13,6,25,2,04大安區,大安區臥龍街與富陽街口,0,0,1,1,B12,8,1,5,40,4,1,1,5,4,5,7,2,1,5,4,4,2,3,1,60,3,10,3,4,7,5,1,8,2,1,,15,15,1,22,9,121.5573414,25.0186336
111,8,13,6,25,2,04大安區,大安區臥龍街與富陽街口,0,0,1,2,H01,8,1,5,40,4,1,1,5,4,5,7,2,1,5,4,4,2,3,2,66,2,1,4,5,8,16,8,20,10,16,,67,15,1,22,9,121.5573414,25.0186336
111,8,13,6,45,2,09北投區,北投區承德路7段212號,0,0,1,1,F01,8,1,5,50,14,8,1,5,3,5,7,4,4,1,4,4,2,18,1,51,2,9,1,1,7,9,8,20,1,16,,42,42,1,22,9,121.5062578,25.1152843
111,8,13,6,45,2,09北投區,北投區承德路7段212號,0,0,1,2,,8,1,5,50,14,8,1,5,3,5,7,4,4,1,4,4,2,18,3,,,,,,,,,,,,,67,42,1,,,121.5062578,25.1152843
111,8,13,8,26,2,07信義區,信義區信義路5段與松仁路口,0,0,1,1,C03,8,1,5,50,4,1,1,5,4,5,7,2,1,1,4,5,1,13,1,18,2,7,3,4,7,9,1,10,1,12,,23,23,1,22,9,121.5681591,25.0327625
111,8,13,8,26,2,07信義區,信義區信義路5段與松仁路口,0,0,1,2,B03,8,1,5,50,4,1,1,5,4,5,7,2,1,1,4,5,1,13,1,50,3,10,3,4,7,14,1,4,1,7,,44,23,1,22,9,121.5681591,25.0327625
111,8,13,8,50,2,10文山區,文山區羅斯福路6段401巷與景文街口,0,0,1,1,C03,8,1,5,50,3,1,1,5,4,5,7,4,4,5,5,4,2,16,1,28,3,10,1,1,7,5,1,10,1,11,,8,8,1,22,9,121.5413437,24.9917634
111,8,13,8,50,2,10文山區,文山區羅斯福路6段401巷與景文街口,0,0,1,2,C03,8,1,5,50,3,1,1,5,4,5,7,4,4,5,5,4,2,16,2,22,2,9,1,1,7,9,1,10,1,11,,44,8,1,22,9,121.5413437,24.9917634
111,8,13,9,16,2,05中正區,中正區市民大道3段與金山北路口迴轉道,0,0,1,3,C03,8,1,5,50,15,9,1,5,4,5,7,4,4,10,4,5,2,17,2,48,2,9,1,1,7,9,1,10,2,14,,14,6,1,22,9,121.5306878,25.04561827
111,8,13,9,16,2,05中正區,中正區市民大道3段與金山北路口迴轉道,0,0,1,1,B03,8,1,5,50,15,9,1,5,4,5,7,4,4,10,4,5,2,17,1,42,3,10,1,4,7,5,1,8,2,15,,6,6,1,22,9,121.5306878,25.04561827