發生年度,發生月,發生日,發生時-Hours,發生分,處理別-編號,區序,肇事地點,死亡人數,2-30日死亡人數,受傷人數,當事人序號,車種,天候,光線,道路類別,速限-速度限制,道路型態,事故位置,路面狀況1,路面狀況2,路面狀況3,道路障礙1,道路障礙2,號誌1,號誌2,車道劃分-分向,車道劃分-分道1,車道劃分-分道2,車道劃分-分道3,事故類型及型態,性別,年齡,受傷程度,主要傷處,安全帽,行動電話,車輛用途,當事者行動狀態,駕駛資格情形,駕駛執照種類,飲酒情形,車輛撞擊部位1,車輛撞擊部位2,肇因碼-個別,肇因碼-主要,個人肇逃否,職業,旅次目的,座標-X,座標-Y
111,8,13,9,16,2,05中正區,中正區市民大道3段與金山北路口迴轉道,0,0,1,2,B03,8,1,5,50,15,9,1,5,4,5,7,4,4,10,4,5,2,17,2,30,3,10,1,4,7,9,1,8,2,9,,14,6,1,22,9,121.5306878,25.04561827
111,8,13,9,30,2,08士林區,士林區菁山路與菁山路125巷口,0,0,1,1,B03,8,1,5,50,3,2,1,5,4,5,7,4,4,4,5,5,2,17,2,63,3,10,1,1,7,5,1,8,1,5,,23,23,1,22,9,121.5647014,25.14482202
111,8,13,9,30,2,08士林區,士林區菁山路與菁山路125巷口,0,0,1,2,F01,8,1,5,50,3,2,1,5,4,5,7,4,4,4,5,5,2,17,1,64,2,9,1,1,7,13,8,20,1,16,,26,23,1,22,9,121.5647014,25.14482202
111,8,13,9,30,2,08士林區,士林區菁山路與菁山路125巷口,0,0,1,3,F01,8,1,5,50,3,2,1,5,4,5,7,4,4,4,5,5,2,17,2,58,3,10,1,1,7,13,8,20,1,16,,26,23,1,22,9,121.5647014,25.14482202
111,8,13,9,34,2,04大安區,大安區羅斯福路3段155巷與羅斯福路3段口,0,0,1,1,B03,8,1,5,50,3,1,1,5,4,1,7,4,4,9,4,5,2,17,2,20,3,10,1,1,7,6,1,8,1,15,,6,6,1,22,9,121.5273443,25.02163113
111,8,13,9,34,2,04大安區,大安區羅斯福路3段155巷與羅斯福路3段口,0,0,1,2,C03,8,1,5,50,3,1,1,5,4,1,7,4,4,9,4,5,2,17,2,27,2,9,1,1,7,9,1,10,1,15,,23,6,1,22,9,121.5273443,25.02163113
111,8,13,9,34,2,04大安區,大安區羅斯福路3段155巷與羅斯福路3段口,0,0,1,3,H03,8,1,5,50,3,1,1,5,4,1,7,4,4,9,4,5,2,17,1,50,3,10,4,5,8,21,8,20,1,16,,67,6,1,22,9,121.5273443,25.02163113
111,8,13,9,52,2,05中正區,中正區中華路2段與愛國西路附近口,0,0,1,1,B03,8,1,5,50,5,2,1,5,4,5,7,1,1,1,4,5,1,17,1,69,3,10,1,1,7,9,1,8,1,8,,23,23,1,22,9,121.5067798,25.03674694
111,8,13,9,52,2,05中正區,中正區中華路2段與愛國西路附近口,0,0,1,2,C03,8,1,5,50,5,2,1,5,4,5,7,1,1,1,4,5,1,17,2,51,2,8,1,1,7,8,1,10,1,12,,7,23,1,22,9,121.5067798,25.03674694
111,8,13,9,56,2,02萬華區,萬華區艋舺大道440號,0,0,1,1,F03,8,1,5,40,14,6,1,5,4,5,7,4,4,9,4,5,2,17,2,67,2,9,1,1,7,11,8,20,1,16,,6,6,1,22,9,121.4913968,25.02854018
111,8,13,9,56,2,02萬華區,萬華區艋舺大道440號,0,0,1,2,B03,8,1,5,40,14,6,1,5,4,5,7,4,4,9,4,5,2,17,2,63,3,10,1,1,7,9,1,8,1,4,,13,6,1,22,9,121.4913968,25.02854018
111,8,13,10,4,2,04大安區,大安區仁愛路3段與建國南路1段口,0,0,1,1,B03,8,1,5,50,5,1,1,5,4,5,7,2,1,1,4,5,2,15,1,45,3,10,1,1,7,9,1,8,1,1,,43,43,1,21,8,121.5380282,25.03795019
111,8,13,10,4,2,04大安區,大安區仁愛路3段與建國南路1段口,0,0,1,2,C03,8,1,5,50,5,1,1,5,4,5,7,2,1,1,4,5,2,15,1,61,2,9,1,1,7,9,1,10,1,14,,43,43,1,21,8,121.5380282,25.03795019
111,8,13,10,17,1,10文山區,文山區羅斯福路6段107號,1,0,1,1,B03,8,1,5,50,14,9,1,5,4,5,7,4,4,1,4,5,2,13,1,21,2,9,3,1,7,9,3,18,2,1,,13,13,1,22,9,121.5407447,24.99785886
111,8,13,10,17,1,10文山區,文山區羅斯福路6段107號,1,0,1,2,C03,8,1,5,50,14,9,1,5,4,5,7,4,4,1,4,5,2,13,1,31,1,9,1,1,7,14,1,10,9,13,,38,13,1,22,9,121.5407447,24.99785886
111,8,13,10,17,1,10文山區,文山區羅斯福路6段107號,1,0,1,3,B12,8,1,5,50,14,9,1,5,4,5,7,4,4,1,4,5,2,13,1,49,3,10,3,4,7,13,7,19,11,3,,44,13,1,22,9,121.5407447,24.99785886
111,8,13,10,17,1,10文山區,文山區羅斯福路6段107號,1,0,1,4,B03,8,1,5,50,14,9,1,5,4,5,7,4,4,1,4,5,2,13,1,41,3,10,3,4,7,13,7,19,11,10,,44,13,1,22,9,121.5407447,24.99785886
111,8,13,10,17,1,10文山區,文山區羅斯福路6段107號,1,0,1,5,C03,8,1,5,50,14,9,1,5,4,5,7,4,4,1,4,5,2,13,1,60,3,10,3,4,7,13,7,19,11,14,,44,13,1,22,9,121.5407447,24.99785886
111,8,13,10,17,1,10文山區,文山區羅斯福路6段107號,1,0,1,6,F01,8,1,5,50,14,9,1,5,4,5,7,4,4,1,4,5,2,13,2,73,3,10,4,5,7,13,8,20,11,16,,44,13,1,22,9,121.5407447,24.99785886
111,8,13,10,17,1,10文山區,文山區羅斯福路6段107號,1,0,1,7,C03,8,1,5,50,14,9,1,5,4,5,7,4,4,1,4,5,2,13,1,41,3,10,3,4,7,13,7,19,11,14,,44,13,1,22,9,121.5407447,24.99785886
111,8,13,10,17,1,10文山區,文山區羅斯福路6段107號,1,0,1,8,C03,8,1,5,50,14,9,1,5,4,5,7,4,4,1,4,5,2,13,2,46,3,10,3,4,7,13,7,19,11,14,,44,13,1,22,9,121.5407447,24.99785886
111,8,13,10,17,1,10文山區,文山區羅斯福路6段107號,1,0,1,9,C03,8,1,5,50,14,9,1,5,4,5,7,4,4,1,4,5,2,13,1,63,3,10,3,4,7,13,7,19,11,14,,44,13,1,22,9,121.5407447,24.99785886
111,8,13,10,17,1,10文山區,文山區羅斯福路6段107號,1,0,1,10,C03,8,1,5,50,14,9,1,5,4,5,7,4,4,1,4,5,2,13,2,31,3,10,3,4,7,13,7,19,11,14,,44,13,1,22,9,121.5407447,24.99785886
111,8,13,10,20,2,08士林區,士林區中山北路5段160號對面,0,0,1,1,C03,8,1,5,50,15,8,1,5,4,5,7,4,4,1,5,1,2,17,1,28,3,10,1,1,7,7,1,10,1,14,,7,7,1,22,9,121.5273641,25.09061238
111,8,13,10,20,2,08士林區,士林區中山北路5段160號對面,0,0,1,2,C03,8,1,5,50,15,8,1,5,4,5,7,4,4,1,5,1,2,17,1,27,2,9,1,1,7,9,1,10,1,12,,44,7,1,22,9,121.5273641,25.09061238
111,8,13,10,30,2,10文山區,文山區木柵路5段深坑幹127號電線桿對面,0,0,1,1,F01,8,1,5,50,14,9,1,5,4,5,7,1,1,5,2,5,2,26,1,60,2,9,1,1,7,9,8,20,1,16,,43,43,1,22,9,121.5874006,25.00291159
111,8,13,10,30,2,10文山區,文山區木柵路5段深坑幹127號電線桿對面,0,0,1,2,,8,1,5,50,14,9,1,5,4,5,7,1,1,5,2,5,2,26,3,,,,,,,,,,,,,67,43,1,,,121.5874006,25.00291159
111,8,13,10,31,2,01大同區,大同區環河北路2段與民族西路口,0,0,1,1,B12,8,1,5,50,4,1,1,5,4,5,7,1,1,1,4,5,2,17,1,20,3,10,1,1,7,6,1,8,1,5,,9,9,1,22,9,121.5092232,25.0686967
111,8,13,10,31,2,01大同區,大同區環河北路2段與民族西路口,0,0,1,2,C03,8,1,5,50,4,1,1,5,4,5,7,1,1,1,4,5,2,17,1,25,2,9,1,1,7,9,1,10,1,14,,42,9,1,22,9,121.5092232,25.0686967
111,8,13,10,40,2,03中山區,中山區北安路與通北街口,0,0,1,1,B01,8,3,5,50,3,1,1,5,4,5,7,1,1,1,3,5,1,16,1,52,3,10,3,4,7,6,1,4,1,2,,9,9,1,22,9,121.5412432,25.0796041
111,8,13,10,40,2,03中山區,中山區北安路與通北街口,0,0,1,2,C03,8,3,5,50,3,1,1,5,4,5,7,1,1,1,3,5,1,16,1,66,2,9,1,1,7,9,1,10,1,14,,44,9,1,22,9,121.5412432,25.0796041
111,8,13,10,50,2,04大安區,大安區忠孝東路4段與忠孝東路4段17巷口,0,0,1,1,B02,8,1,5,30,3,2,1,5,4,5,7,4,4,1,4,5,2,17,2,68,3,10,1,1,7,6,1,8,1,15,,6,6,1,22,9,121.5444329,25.04168514
111,8,13,10,50,2,04大安區,大安區忠孝東路4段與忠孝東路4段17巷口,0,0,1,4,B03,8,1,5,30,3,2,1,5,4,5,7,4,4,1,4,5,2,17,1,52,3,10,1,1,7,9,1,8,1,1,,16,6,1,22,9,121.5444329,25.04168514
111,8,13,10,50,2,04大安區,大安區忠孝東路4段與忠孝東路4段17巷口,0,0,1,2,C03,8,1,5,30,3,2,1,5,4,5,7,4,4,1,4,5,2,17,1,24,2,9,1,1,7,9,1,10,1,14,,14,6,1,22,9,121.5444329,25.04168514
111,8,13,10,50,2,04大安區,大安區忠孝東路4段與忠孝東路4段17巷口,0,0,1,3,B03,8,1,5,30,3,2,1,5,4,5,7,4,4,1,4,5,2,17,2,38,3,10,1,1,7,9,1,8,1,3,,44,6,1,22,9,121.5444329,25.04168514
111,8,13,10,56,2,02萬華區,萬華區長順街與雙園街106巷口,0,0,3,1,C03,8,1,5,30,3,1,1,5,4,3,5,4,4,10,5,5,1,15,2,39,2,9,1,4,7,9,1,10,1,11,,6,6,1,22,9,121.4923965,25.03031916
111,8,13,10,56,2,02萬華區,萬華區長順街與雙園街106巷口,0,0,3,2,C03,8,1,5,30,3,1,1,5,4,3,5,4,4,10,5,5,1,15,1,46,2,9,1,4,7,9,1,10,1,12,,44,6,1,22,9,121.4923965,25.03031916
111,8,13,10,56,2,02萬華區,萬華區長順街與雙園街106巷口,0,0,3,3,H02,8,1,5,30,3,1,1,5,4,3,5,4,4,10,5,5,1,15,2,43,2,9,1,4,7,20,8,20,10,16,,67,6,1,22,9,121.4923965,25.03031916
111,8,13,11,15,2,08士林區,士林區仰德大道2段2巷,0,0,1,1,B03,8,1,5,30,14,9,1,5,4,5,7,4,4,10,5,5,2,11,1,55,3,10,1,1,7,9,1,8,1,4,,5,5,1,22,9,121.54089,25.10172674
111,8,13,11,15,2,08士林區,士林區仰德大道2段2巷,0,0,1,2,C03,8,1,5,30,14,9,1,5,4,5,7,4,4,10,5,5,2,11,1,44,2,9,1,1,7,9,1,10,1,11,,44,5,1,22,9,121.54089,25.10172674
111,8,13,11,32,2,09北投區,北投區石牌路2段315巷,0,0,1,1,B03,8,1,5,30,11,9,1,5,4,3,7,4,4,10,5,5,2,16,1,55,3,10,3,4,7,5,1,8,1,8,,5,5,1,22,9,121.5215615,25.12274244
111,8,13,11,32,2,09北投區,北投區石牌路2段315巷,0,0,1,2,C03,8,1,5,30,11,9,1,5,4,3,7,4,4,10,5,5,2,16,1,51,2,8,1,4,7,9,1,10,1,14,,42,5,1,22,9,121.5215615,25.12274244
111,8,13,11,36,2,06松山區,松山區南京東路5段與光復北路口,0,0,1,1,C03,8,1,5,50,5,1,1,5,4,5,7,1,1,1,3,3,2,16,2,19,2,9,1,1,7,9,1,10,1,11,,4,4,1,5,1,121.5579918,25.05154975
111,8,13,11,36,2,06松山區,松山區南京東路5段與光復北路口,0,0,1,2,B03,8,1,5,50,5,1,1,5,4,5,7,1,1,1,3,3,2,16,1,36,3,10,1,1,7,5,1,8,1,8,,8,4,1,5,5,121.5579918,25.05154975
111,8,13,11,40,2,10文山區,文山區木柵路4段26號,0,0,1,1,B03,8,1,5,50,14,9,1,5,4,5,7,4,4,5,4,5,2,16,1,49,3,10,1,1,7,11,1,8,2,2,,10,10,1,22,9,121.5732862,24.9971152
111,8,13,11,40,2,10文山區,文山區木柵路4段26號,0,0,1,2,C03,8,1,5,50,14,9,1,5,4,5,7,4,4,5,4,5,2,16,1,29,2,9,1,1,7,9,1,10,1,11,,44,10,1,22,9,121.5732862,24.9971152
111,8,13,11,50,2,11南港區,南港區松河街與南港路3段256巷口,0,0,2,1,C04,8,1,5,40,5,2,1,5,4,5,7,4,4,8,5,5,2,16,1,33,2,8,3,4,7,11,1,8,1,13,,10,10,1,22,9,121.583269,25.05290341
111,8,13,11,50,2,11南港區,南港區松河街與南港路3段256巷口,0,0,2,2,C04,8,1,5,40,5,2,1,5,4,5,7,4,4,8,5,5,2,16,2,31,2,7,3,4,7,9,1,8,1,11,,23,10,1,22,9,121.583269,25.05290341
111,8,13,12,2,2,03中山區,中山區農安街1巷,0,0,1,1,C03,8,1,5,30,3,1,1,5,4,5,7,4,4,10,5,5,2,16,1,77,3,10,1,1,7,5,1,10,1,14,12,6,6,1,22,9,121.5229121,25.06496059
111,8,13,12,2,2,03中山區,中山區農安街1巷,0,0,1,2,C04,8,1,5,30,3,1,1,5,4,5,7,4,4,10,5,5,2,16,2,29,2,9,1,1,7,9,1,10,1,11,12,44,6,1,22,9,121.5229121,25.06496059
111,8,13,12,15,2,10文山區,文山區羅斯福路6段232巷5號與羅斯福路6段222巷口,0,0,2,2,C03,8,1,5,30,3,1,1,5,4,5,7,4,4,10,5,5,2,17,1,33,2,8,1,1,7,9,1,10,1,11,14,14,6,1,22,9,121.5400239,24.9926694
111,8,13,12,15,2,10文山區,文山區羅斯福路6段232巷5號與羅斯福路6段222巷口,0,0,2,1,F01,8,1,5,30,3,1,1,5,4,5,7,4,4,10,5,5,2,17,2,43,2,9,1,1,7,6,8,20,1,16,,6,6,1,22,9,121.5400239,24.9926694
111,8,13,12,20,2,04大安區,大安區復興南路2段201號,0,0,1,1,A04,8,1,5,50,14,7,1,5,4,5,7,4,4,1,4,4,2,17,1,59,4,11,3,4,7,10,7,19,11,15,,7,7,2,22,9,121.5436201,25.02637012
111,8,13,12,20,2,04大安區,大安區復興南路2段201號,0,0,1,2,C03,8,1,5,50,14,7,1,5,4,5,7,4,4,1,4,4,2,17,1,22,2,8,1,1,7,9,1,10,1,11,,23,7,1,22,9,121.5436201,25.02637012
111,8,13,12,20,2,04大安區,大安區復興南路2段201號,0,0,1,3,B03,8,1,5,50,14,7,1,5,4,5,7,4,4,1,4,4,2,17,2,50,3,10,1,1,7,14,1,8,1,3,,38,7,1,22,9,121.5436201,25.02637012
111,8,13,12,22,2,02萬華區,萬華區西園路1段與三水街口,0,0,1,1,B01,8,1,5,50,3,2,1,5,4,5,7,4,4,2,4,5,2,16,1,60,3,10,1,1,7,8,1,4,2,2,,7,7,1,22,9,121.4992937,25.03618703
111,8,13,12,22,2,02萬華區,萬華區西園路1段與三水街口,0,0,1,2,C03,8,1,5,50,3,2,1,5,4,5,7,4,4,2,4,5,2,16,1,82,2,9,1,1,7,9,1,10,2,14,,44,7,1,22,9,121.4992937,25.03618703
111,8,13,12,25,2,08士林區,士林區中山北路6段與福國路口,0,0,1,1,C03,8,1,5,50,3,1,1,5,4,5,7,2,1,3,3,5,1,12,2,27,2,9,1,1,7,5,1,10,1,11,,25,25,1,22,9,121.5256315,25.1024292
111,8,13,12,25,2,08士林區,士林區中山北路6段與福國路口,0,0,1,2,B03,8,1,5,50,3,1,1,5,4,5,7,2,1,3,3,5,1,12,1,73,3,10,1,1,7,9,1,8,1,2,,44,25,1,22,9,121.5256315,25.1024292
111,8,13,12,35,2,05中正區,中正區林森北路與忠孝東路1段口,0,0,1,1,C03,8,1,5,50,14,9,1,5,4,5,7,4,4,5,4,5,2,16,1,18,2,9,1,1,7,7,1,10,2,14,,7,7,1,22,9,121.5234517,25.0451994
111,8,13,12,35,2,05中正區,中正區林森北路與忠孝東路1段口,0,0,1,2,B02,8,1,5,50,14,9,1,5,4,5,7,4,4,5,4,5,2,16,1,47,3,10,1,1,7,9,1,8,2,2,,44,7,1,22,9,121.5234517,25.0451994
111,8,13,12,35,2,06松山區,松山區松河街與八德路4段763巷口,0,0,3,1,C03,8,1,5,40,3,1,1,5,4,5,7,4,4,8,5,5,2,12,1,19,2,9,1,1,7,5,1,10,1,14,,6,6,1,22,9,121.5777347,25.0516533
111,8,13,12,35,2,06松山區,松山區松河街與八德路4段763巷口,0,0,3,2,C03,8,1,5,40,3,1,1,5,4,5,7,4,4,8,5,5,2,12,1,27,2,9,1,1,7,9,1,10,1,12,,13,6,1,22,9,121.5777347,25.0516533
111,8,13,12,35,2,06松山區,松山區松河街與八德路4段763巷口,0,0,3,3,H02,8,1,5,40,3,1,1,5,4,5,7,4,4,8,5,5,2,12,2,23,2,9,1,5,7,20,8,20,10,16,,67,6,1,22,9,121.5777347,25.0516533
111,8,13,12,43,2,09北投區,北投區承德路7段與承德路7段口303號,0,0,1,1,B03,8,1,5,60,3,1,1,5,4,5,7,4,4,1,4,4,2,16,2,62,3,10,1,1,7,6,1,8,2,3,,9,9,1,22,9,121.504025,25.11699188
111,8,13,12,43,2,09北投區,北投區承德路7段與承德路7段口303號,0,0,1,2,C03,8,1,5,60,3,1,1,5,4,5,7,4,4,1,4,4,2,16,2,39,2,8,1,1,7,9,1,10,2,14,,44,9,1,22,9,121.504025,25.11699188
111,8,13,13,0,2,04大安區,大安區忠孝東路3段與新生南路1段口,0,0,1,1,C03,8,1,5,50,4,1,1,5,4,5,7,2,1,1,4,5,2,11,1,52,3,10,1,1,7,9,1,10,1,11,,23,23,1,21,8,121.5329123,25.04213904
111,8,13,13,0,2,04大安區,大安區忠孝東路3段與新生南路1段口,0,0,1,2,F01,8,1,5,50,4,1,1,5,4,5,7,2,1,1,4,5,2,11,1,54,2,8,1,1,7,9,8,20,1,16,,44,23,1,21,8,121.5329123,25.04213904
111,8,13,13,5,2,05中正區,中正區福州街11-8號附近側附近,0,0,1,1,B03,8,1,5,50,14,9,1,5,4,5,7,4,4,9,5,5,1,17,2,27,3,10,1,1,7,15,1,8,2,4,,40,40,1,22,9,121.5190008,25.02905461
111,8,13,13,5,2,05中正區,中正區福州街11-8號附近側附近,0,0,1,2,F01,8,1,5,50,14,9,1,5,4,5,7,4,4,9,5,5,1,17,2,51,2,9,1,1,7,9,8,20,2,16,,44,40,1,22,9,121.5190008,25.02905461
111,8,13,13,5,2,05中正區,中正區福州街11-8號附近側附近,0,0,1,3,B02,8,1,5,50,14,9,1,5,4,5,7,4,4,9,5,5,1,17,1,34,4,11,3,4,7,21,7,19,9,15,,42,40,1,22,9,121.5190008,25.02905461
111,8,13,13,20,2,11南港區,南港區舊莊街1段與舊莊街1段215巷口,0,0,1,1,B03,8,1,5,30,3,2,1,5,4,5,7,4,4,9,4,5,2,11,2,74,3,10,1,1,7,5,1,8,1,8,,6,6,1,22,9,121.6240441,25.0370335
111,8,13,13,20,2,11南港區,南港區舊莊街1段與舊莊街1段215巷口,0,0,1,2,C03,8,1,5,30,3,2,1,5,4,5,7,4,4,9,4,5,2,11,1,27,2,9,1,1,7,9,1,10,1,11,,44,6,1,22,9,121.6240441,25.0370335
111,8,13,13,47,2,05中正區,中正區林森北路11號,0,0,2,1,C03,8,1,5,50,14,9,1,5,4,5,7,4,4,5,4,5,2,16,2,41,2,8,1,1,7,7,1,10,2,13,,13,13,1,22,9,121.5236708,25.0461147
111,8,13,13,47,2,05中正區,中正區林森北路11號,0,0,2,2,C03,8,1,5,50,14,9,1,5,4,5,7,4,4,5,4,5,2,16,2,23,2,8,1,1,7,7,1,10,2,13,,7,13,1,22,9,121.5236708,25.0461147
111,8,13,14,4,2,01大同區,大同區大龍街與重慶北路3段113巷口,0,0,3,1,C03,8,1,5,50,4,2,1,5,4,5,7,1,1,5,2,5,2,17,2,25,2,9,1,4,7,5,1,10,2,14,,44,44,1,22,9,121.5158367,25.0671417
111,8,13,14,4,2,01大同區,大同區大龍街與重慶北路3段113巷口,0,0,3,2,C03,8,1,5,50,4,2,1,5,4,5,7,1,1,5,2,5,2,17,2,68,2,9,1,4,7,9,1,10,2,14,,23,44,1,22,9,121.5158367,25.0671417
111,8,13,14,4,2,01大同區,大同區大龍街與重慶北路3段113巷口,0,0,3,3,H02,8,1,5,50,4,2,1,5,4,5,7,1,1,5,2,5,2,17,2,30,2,9,4,5,7,20,8,20,10,16,,67,44,1,22,9,121.5158367,25.0671417
111,8,13,14,20,2,10文山區,文山區興隆路3段192巷8弄與興隆路3段206巷口,0,0,2,1,C03,8,1,5,30,4,1,1,5,4,5,7,4,4,5,5,5,2,13,2,27,2,9,1,1,7,9,1,10,1,11,,16,16,1,22,9,121.5587623,24.9971789
111,8,13,14,20,2,10文山區,文山區興隆路3段192巷8弄與興隆路3段206巷口,0,0,2,3,H02,8,1,5,30,4,1,1,5,4,5,7,4,4,5,5,5,2,13,2,25,2,9,1,5,7,20,8,20,10,16,,67,16,1,22,9,121.5587623,24.9971789
111,8,13,14,20,2,10文山區,文山區興隆路3段192巷8弄與興隆路3段206巷口,0,0,2,2,B12,8,1,5,30,4,1,1,5,4,5,7,4,4,5,5,5,2,13,1,55,3,10,1,1,7,12,1,2,1,3,,42,16,1,22,9,121.5587623,24.9971789
111,8,13,14,37,2,07信義區,信義區永吉路30巷100號,0,0,1,2,C03,8,1,5,30,14,9,1,5,4,5,7,4,4,5,4,5,2,12,1,40,2,7,1,1,7,9,1,10,1,14,,42,40,1,22,8,121.5687568,25.04367796
111,8,13,14,37,2,07信義區,信義區永吉路30巷100號,0,0,1,1,B03,8,1,5,30,14,9,1,5,4,5,7,4,4,5,4,5,2,12,1,46,3,10,1,1,7,14,1,8,1,2,,40,40,1,22,8,121.5687568,25.04367796
111,8,13,14,37,2,07信義區,信義區永吉路30巷100號,0,0,1,3,H02,8,1,5,30,14,9,1,5,4,5,7,4,4,5,4,5,2,12,2,38,3,10,4,5,7,19,8,20,10,16,,56,40,1,22,8,121.5687568,25.04367796
111,8,13,14,39,2,09北投區,北投區中央北路3段與中央北路3段40巷口,0,0,1,1,B03,8,1,5,50,3,1,1,5,4,5,7,2,1,8,3,5,2,17,2,57,3,10,1,1,7,9,1,8,1,8,,25,25,1,22,9,121.4856381,25.1382062
111,8,13,14,39,2,09北投區,北投區中央北路3段與中央北路3段40巷口,0,0,1,2,C03,8,1,5,50,3,1,1,5,4,5,7,2,1,8,3,5,2,17,1,52,2,9,1,1,7,5,1,10,1,12,,44,25,1,22,9,121.4856381,25.1382062
111,8,13,15,40,2,08士林區,士林區通河西街2段與百齡堤外停車場口,0,0,1,1,B03,8,1,5,30,3,1,1,5,4,5,7,4,4,10,5,5,2,17,1,54,3,10,1,1,7,1,1,8,1,3,,19,19,1,22,9,121.511521,25.0905813
111,8,13,15,40,2,08士林區,士林區通河西街2段與百齡堤外停車場口,0,0,1,2,C03,8,1,5,30,3,1,1,5,4,5,7,4,4,10,5,5,2,17,1,27,2,9,1,1,7,9,1,10,1,11,,13,19,1,22,9,121.511521,25.0905813
111,8,13,15,55,2,04大安區,大安區復興南路1段279巷30弄與復興南路1段279巷口,0,0,1,1,B01,8,1,5,0,4,1,1,5,4,5,7,4,4,10,5,5,2,15,1,52,3,10,1,1,7,9,1,4,1,5,,6,6,1,22,9,121.5451895,25.0355488
111,8,13,15,55,2,04大安區,大安區復興南路1段279巷30弄與復興南路1段279巷口,0,0,1,2,C03,8,1,5,0,4,1,1,5,4,5,7,4,4,10,5,5,2,15,1,46,2,9,1,1,7,9,1,10,1,11,,44,6,1,22,9,121.5451895,25.0355488
111,8,13,15,55,2,04大安區,大安區復興南路1段279巷30弄與復興南路1段279巷口,0,0,1,3,B03,8,1,5,0,4,1,1,5,4,5,7,4,4,10,5,5,2,15,1,29,3,10,1,1,7,14,1,8,11,8,,26,6,1,22,9,121.5451895,25.0355488
111,8,13,16,0,2,12內湖區,內湖區成功路5段與大湖街166巷口,0,0,1,1,C03,8,1,5,50,4,1,1,5,4,5,7,1,1,1,4,5,2,16,2,21,2,9,1,1,7,5,1,10,1,13,,8,8,1,22,9,121.6013183,25.08432876
111,8,13,16,0,2,12內湖區,內湖區成功路5段與大湖街166巷口,0,0,1,2,A02,8,1,5,50,4,1,1,5,4,5,7,1,1,1,4,5,2,16,1,62,3,10,1,1,7,9,1,2,1,5,,44,8,1,22,9,121.6013183,25.08432876
111,8,13,16,7,2,10文山區,文山區木柵路1段57-4號,0,0,1,1,A02,8,1,5,50,11,9,1,5,4,5,7,2,1,4,5,5,1,9,1,38,3,10,1,4,7,6,1,2,11,15,,44,44,1,22,9,121.5454132,24.98682591
111,8,13,16,7,2,10文山區,文山區木柵路1段57-4號,0,0,1,2,H02,8,1,5,50,11,9,1,5,4,5,7,2,1,4,5,5,1,9,2,51,2,2,3,4,7,17,8,20,11,15,,67,44,1,22,9,121.5454132,24.98682591
111,8,13,16,10,2,07信義區,信義區松山路與松山路292巷口,0,0,1,1,C03,8,1,5,50,3,2,1,5,4,5,7,2,1,1,4,5,2,17,1,23,2,9,1,1,7,5,1,10,1,12,,8,8,1,22,9,121.5777849,25.0432082
111,8,13,16,10,2,07信義區,信義區松山路與松山路292巷口,0,0,1,2,B03,8,1,5,50,3,2,1,5,4,5,7,2,1,1,4,5,2,17,1,42,3,10,1,1,7,9,1,8,1,1,,23,8,1,22,9,121.5777849,25.0432082
111,8,13,16,18,2,03中山區,中山區中山北路2段與民權西路口,0,0,1,1,B01,8,1,5,50,4,2,1,5,4,5,7,1,1,1,4,5,2,17,1,60,3,10,3,4,7,7,1,4,11,15,,7,7,1,10,9,121.5223723,25.06272765
111,8,13,16,18,2,03中山區,中山區中山北路2段與民權西路口,0,0,1,2,C03,8,1,5,50,4,2,1,5,4,5,7,1,1,1,4,5,2,17,1,28,2,9,1,4,7,9,1,10,1,12,,44,7,1,22,9,121.5223723,25.06272765
111,8,13,16,55,2,05中正區,中正區忠孝東路1段與林森北路口,0,0,1,1,C03,8,1,5,50,4,1,1,5,4,5,7,1,1,5,4,5,1,12,2,27,2,8,1,1,7,4,1,10,2,11,,13,13,1,22,9,121.5233003,25.0449511
111,8,13,16,55,2,05中正區,中正區忠孝東路1段與林森北路口,0,0,1,2,B03,8,1,5,50,4,1,1,5,4,5,7,1,1,5,4,5,1,12,1,47,3,10,1,1,7,14,1,8,2,7,,44,13,1,22,9,121.5233003,25.0449511
111,8,13,16,55,2,05中正區,中正區忠孝東路1段與林森北路口,0,0,1,3,B03,8,1,5,50,4,1,1,5,4,5,7,1,1,5,4,5,1,12,1,38,3,10,1,1,7,9,1,8,2,6,,44,13,1,22,9,121.5233003,25.0449511
111,8,13,17,0,2,12內湖區,內湖區內湖路2段227號前,0,0,1,1,C03,8,1,5,50,14,9,1,5,4,5,7,4,4,9,5,5,2,12,1,61,3,10,1,1,7,4,1,10,2,12,,23,23,1,22,9,121.5890987,25.08171116
111,8,13,17,0,2,12內湖區,內湖區內湖路2段227號前,0,0,1,2,C03,8,1,5,50,14,9,1,5,4,5,7,4,4,9,5,5,2,12,1,21,2,9,1,1,7,7,1,10,2,14,,7,23,1,22,9,121.5890987,25.08171116
111,8,13,17,5,2,06松山區,松山區復興北路與長安東路2段口,0,0,1,1,B12,8,1,5,50,4,1,1,5,4,5,7,1,1,1,4,5,2,15,1,31,3,10,3,4,7,9,1,8,2,8,,44,44,1,22,9,121.5440482,25.0482506
111,8,13,17,5,2,06松山區,松山區復興北路與長安東路2段口,0,0,1,2,C04,8,1,5,50,4,1,1,5,4,5,7,1,1,1,4,5,2,15,2,68,2,9,1,1,7,9,1,10,2,11,,25,44,1,22,9,121.5440482,25.0482506