發生年度,發生月,發生日,發生時-Hours,發生分,處理別-編號,區序,肇事地點,死亡人數,2-30日死亡人數,受傷人數,當事人序號,車種,天候,光線,道路類別,速限-速度限制,道路型態,事故位置,路面狀況1,路面狀況2,路面狀況3,道路障礙1,道路障礙2,號誌1,號誌2,車道劃分-分向,車道劃分-分道1,車道劃分-分道2,車道劃分-分道3,事故類型及型態,性別,年齡,受傷程度,主要傷處,安全帽,行動電話,車輛用途,當事者行動狀態,駕駛資格情形,駕駛執照種類,飲酒情形,車輛撞擊部位1,車輛撞擊部位2,肇因碼-個別,肇因碼-主要,個人肇逃否,職業,旅次目的,座標-X,座標-Y
111,8,13,17,7,2,03中山區,中山區新生北路1段83號,0,0,2,1,H01,8,1,5,50,15,9,1,5,4,5,7,4,4,10,4,5,1,9,2,46,2,1,4,5,8,18,8,20,10,16,,51,51,1,22,9,121.5280348,25.06057
111,8,13,17,7,2,03中山區,中山區新生北路1段83號,0,0,2,2,C04,8,1,5,50,15,9,1,5,4,5,7,4,4,10,4,5,1,9,1,32,2,9,1,1,7,9,1,10,1,11,,23,51,1,22,9,121.5280348,25.06057
111,8,13,17,30,2,12內湖區,內湖區內湖路1段233號前,0,0,1,1,B03,8,1,5,40,14,8,1,5,4,5,7,4,4,1,4,4,2,17,1,31,3,10,1,1,7,1,1,8,1,15,,19,19,1,22,9,121.5653657,25.08253505
111,8,13,17,30,2,12內湖區,內湖區內湖路1段233號前,0,0,1,2,C03,8,1,5,40,14,8,1,5,4,5,7,4,4,1,4,4,2,17,1,22,2,9,1,1,7,9,1,10,1,14,,13,19,1,22,9,121.5653657,25.08253505
111,8,13,17,42,2,03中山區,中山區民族東路134號對面,0,0,1,1,C03,8,1,5,50,14,9,1,5,4,5,7,4,4,1,4,5,2,13,2,36,2,4,1,1,7,9,1,10,1,11,,23,23,1,22,9,121.5288928,25.0683921
111,8,13,17,42,2,03中山區,中山區民族東路134號對面,0,0,1,2,B03,8,1,5,50,14,9,1,5,4,5,7,4,4,1,4,5,2,13,1,51,3,10,1,1,7,9,1,6,1,3,,44,23,1,22,9,121.5288928,25.0683921
111,8,13,18,3,2,01大同區,大同區民族西路187巷與民族西路口,0,0,1,1,B03,8,2,5,50,4,1,1,5,4,5,7,1,1,5,4,5,2,16,1,27,3,10,1,1,7,9,1,8,2,8,,23,23,1,22,9,121.5149013,25.06861652
111,8,13,18,3,2,01大同區,大同區民族西路187巷與民族西路口,0,0,1,2,C03,8,2,5,50,4,1,1,5,4,5,7,1,1,5,4,5,2,16,2,19,2,9,1,1,7,9,1,10,2,12,,23,23,1,22,9,121.5149013,25.06861652
111,8,13,18,20,2,04大安區,大安區敦化南路2段200巷與敦化南路2段200巷14弄口,0,0,2,1,C03,8,1,5,30,5,2,1,5,4,5,7,4,4,8,3,5,1,1,1,26,2,9,1,1,7,9,1,10,1,11,,23,23,1,22,9,121.5477962,25.0228652
111,8,13,18,20,2,04大安區,大安區敦化南路2段200巷與敦化南路2段200巷14弄口,0,0,2,2,H01,8,1,5,30,5,2,1,5,4,5,7,4,4,8,3,5,1,1,2,70,2,2,4,5,8,16,8,20,1,16,,51,23,1,22,9,121.5477962,25.0228652
111,8,13,18,30,2,12內湖區,內湖區南京東路6段西向東(公車站牌附近),0,0,1,1,A12,8,3,5,50,14,9,1,5,4,5,7,4,4,1,2,5,2,12,1,61,3,10,1,1,7,8,1,1,1,5,,7,7,1,22,9,121.5797835,25.05605248
111,8,13,18,30,2,12內湖區,內湖區南京東路6段西向東(公車站牌附近),0,0,1,2,B03,8,3,5,50,14,9,1,5,4,5,7,4,4,1,2,5,2,12,1,33,2,9,1,1,7,9,1,7,1,7,,44,7,1,22,9,121.5797835,25.05605248
111,8,13,18,40,2,03中山區,中山區八德路2段167巷與建國北路1段23巷口,0,0,1,1,C03,8,3,5,30,4,1,1,5,4,5,7,4,4,10,5,5,2,16,1,28,2,9,1,1,7,9,1,10,1,11,,6,6,1,22,9,121.5379894,25.04734302
111,8,13,18,40,2,03中山區,中山區八德路2段167巷與建國北路1段23巷口,0,0,1,2,B03,8,3,5,30,4,1,1,5,4,5,7,4,4,10,5,5,2,16,1,61,3,10,3,4,7,9,1,8,1,8,,14,6,1,22,9,121.5379894,25.04734302
111,8,13,20,18,2,10文山區,文山區指南路3段草湳橋附近,0,0,1,1,C03,8,3,5,30,11,9,1,5,4,5,1,4,4,10,5,5,1,10,1,19,2,8,1,1,7,9,1,10,2,11,,5,42,1,22,9,121.6043696,24.97094371
111,8,13,20,18,2,10文山區,文山區指南路3段草湳橋附近,0,0,1,2,B03,8,3,5,30,11,9,1,5,4,5,1,4,4,10,5,5,1,10,1,55,3,10,1,1,7,9,1,8,2,8,,44,42,1,22,9,121.6043696,24.97094371
111,8,13,20,45,2,08士林區,士林區承德路5段與士商路口,0,0,2,1,C03,8,3,5,50,4,1,1,5,4,5,7,1,1,1,5,5,1,16,1,18,3,10,1,1,7,6,1,10,1,12,,9,9,1,22,9,121.5141815,25.095991
111,8,13,20,45,2,08士林區,士林區承德路5段與士商路口,0,0,2,2,C03,8,3,5,50,4,1,1,5,4,5,7,1,1,1,5,5,1,16,1,31,2,9,1,1,7,9,1,10,1,11,,44,9,1,22,9,121.5141815,25.095991
111,8,13,20,45,2,08士林區,士林區承德路5段與士商路口,0,0,2,3,H02,8,3,5,50,4,1,1,5,4,5,7,1,1,1,5,5,1,16,2,31,2,9,4,5,7,20,8,20,10,16,,67,9,1,22,9,121.5141815,25.095991
111,8,13,21,11,2,03中山區,中山區中山北路3段與農安街口,0,0,1,1,C03,8,3,5,50,4,1,1,5,4,5,7,2,1,1,1,1,1,12,2,21,2,9,3,4,7,9,1,10,1,11,,25,25,1,22,9,121.5221766,25.06493451
111,8,13,21,11,2,03中山區,中山區中山北路3段與農安街口,0,0,1,2,C03,8,3,5,50,4,1,1,5,4,5,7,2,1,1,1,1,1,12,1,34,3,10,3,4,7,8,1,10,1,13,,7,25,1,22,9,121.5221766,25.06493451
111,8,13,21,11,2,03中山區,中山區中山北路3段與農安街口,0,0,1,3,B02,8,3,5,50,4,1,1,5,4,5,7,2,1,1,1,1,1,12,2,39,3,10,3,4,7,9,1,8,1,6,,44,25,1,22,9,121.5221766,25.06493451
111,8,13,21,22,2,06松山區,松山區市民大道4段與敦化北路口,0,0,1,1,B03,8,3,5,40,4,1,1,5,4,5,7,2,1,9,4,5,2,12,1,48,3,10,1,1,7,6,1,8,2,5,,9,9,1,22,9,121.5491481,25.04492823
111,8,13,21,22,2,06松山區,松山區市民大道4段與敦化北路口,0,0,1,2,C03,8,3,5,40,4,1,1,5,4,5,7,2,1,9,4,5,2,12,1,59,2,9,1,1,7,9,1,10,2,14,,23,9,1,22,9,121.5491481,25.04492823
111,8,13,21,51,2,04大安區,大安區基隆路4段73巷,0,0,1,1,C03,7,3,5,50,14,9,1,5,4,5,7,1,1,1,4,4,2,13,2,20,2,9,1,1,7,9,1,10,1,11,,43,43,1,22,9,121.5395901,25.01302814
111,8,13,21,51,2,04大安區,大安區基隆路4段73巷,0,0,1,2,C03,7,3,5,50,14,9,1,5,4,5,7,1,1,1,4,4,2,13,1,46,3,10,1,1,7,14,1,10,1,13,,43,43,1,22,9,121.5395901,25.01302814
111,8,13,22,7,2,04大安區,大安區敦化南路1段233巷與敦化南路1段口,0,0,1,1,B03,8,3,5,50,14,9,1,5,4,5,7,4,4,8,3,5,1,17,1,23,3,10,1,1,7,11,1,8,1,5,,11,11,1,21,5,121.5491359,25.04049138
111,8,13,22,7,2,04大安區,大安區敦化南路1段233巷與敦化南路1段口,0,0,1,2,C03,8,3,5,50,14,9,1,5,4,5,7,4,4,8,3,5,1,17,1,34,2,9,1,1,7,9,1,10,1,14,,13,11,1,5,3,121.5491359,25.04049138
111,8,13,22,25,2,12內湖區,內湖區環山路2段59號前,0,0,2,1,C03,8,3,5,50,14,9,1,5,4,5,7,4,4,5,4,5,2,12,2,42,2,9,1,1,7,7,1,10,1,13,,7,7,1,22,9,121.5739807,25.0852469
111,8,13,22,25,2,12內湖區,內湖區環山路2段59號前,0,0,2,2,C03,8,3,5,50,14,9,1,5,4,5,7,4,4,5,4,5,2,12,1,20,2,9,1,1,7,9,1,10,1,14,,23,7,1,22,9,121.5739807,25.0852469
111,8,13,22,27,2,05中正區,中正區中山南路與仁愛路1段口,0,0,1,1,B03,8,3,5,50,5,2,1,5,4,5,7,1,1,1,4,1,1,12,1,47,3,10,1,1,7,6,1,8,2,5,,9,9,1,22,9,121.5178791,25.0393936
111,8,13,22,27,2,05中正區,中正區中山南路與仁愛路1段口,0,0,1,2,C03,8,3,5,50,5,2,1,5,4,5,7,1,1,1,4,1,1,12,2,39,2,9,1,1,7,9,1,10,2,14,,44,9,1,22,9,121.5178791,25.0393936
111,8,13,22,37,2,06松山區,松山區光復北路與光復北路11巷口,0,0,1,1,B01,8,3,5,50,4,1,1,5,4,5,7,2,1,1,5,5,2,16,1,65,3,10,1,1,7,5,1,4,1,6,,6,6,1,22,9,121.5579498,25.04915449
111,8,13,22,37,2,06松山區,松山區光復北路與光復北路11巷口,0,0,1,2,C03,8,3,5,50,4,1,1,5,4,5,7,2,1,1,5,5,2,16,1,36,2,9,1,1,7,9,1,10,1,11,,13,6,1,22,9,121.5579498,25.04915449
111,8,13,22,43,2,02萬華區,萬華區德昌街與民和街81巷口,0,0,1,1,C03,8,3,5,30,4,1,1,5,4,5,7,4,4,10,5,5,2,15,1,21,3,10,1,1,7,9,1,10,1,12,,6,6,1,22,9,121.4982305,25.02501996
111,8,13,22,43,2,02萬華區,萬華區德昌街與民和街81巷口,0,0,1,2,C03,8,3,5,30,4,1,1,5,4,5,7,4,4,10,5,5,2,15,2,61,2,9,1,1,7,9,1,10,1,11,,13,6,1,22,9,121.4982305,25.02501996
111,8,13,22,45,2,03中山區,中山區林森北路與民權東路1段口,0,0,1,1,C03,8,3,5,50,4,1,1,5,4,5,7,2,1,7,2,5,2,12,2,33,3,10,1,1,7,6,1,10,1,12,,9,9,1,5,1,121.5256702,25.0625656
111,8,13,22,45,2,03中山區,中山區林森北路與民權東路1段口,0,0,1,2,C03,8,3,5,50,4,1,1,5,4,5,7,2,1,7,2,5,2,12,1,25,2,9,1,1,7,9,1,10,1,11,,44,9,1,5,5,121.5256702,25.0625656
111,8,13,22,50,2,05中正區,中正區永福橋,0,0,2,1,C03,8,3,5,50,8,9,1,5,4,5,7,4,4,5,4,5,2,11,1,21,2,9,1,1,7,9,1,10,1,11,,44,44,1,22,9,121.5279024,25.0113689
111,8,13,22,50,2,05中正區,中正區永福橋,0,0,2,2,C03,8,3,5,50,8,9,1,5,4,5,7,4,4,5,4,5,2,11,1,21,2,9,1,1,7,6,1,10,1,12,,26,44,1,22,9,121.5279024,25.0113689
111,8,13,23,10,2,07信義區,信義區松仁路277號,0,0,2,1,C03,8,1,5,50,14,9,1,5,4,5,7,2,1,9,4,5,2,13,1,19,2,9,1,1,7,9,1,10,1,11,,43,43,1,22,9,121.5698216,25.0240055
111,8,13,23,10,2,07信義區,信義區松仁路277號,0,0,2,2,C03,8,1,5,50,14,9,1,5,4,5,7,2,1,9,4,5,2,13,1,22,2,9,1,1,7,14,1,10,1,13,,43,43,1,22,9,121.5698216,25.0240055
111,8,14,0,32,2,10文山區,文山區景文街與景文街142巷口,0,0,1,1,C03,8,3,5,50,4,1,1,5,4,5,7,1,1,5,5,4,2,18,1,67,2,8,1,1,7,9,4,8,5,14,,42,42,1,22,9,121.5408389,24.9884304
111,8,14,0,32,2,10文山區,文山區景文街與景文街142巷口,0,0,1,2,,8,3,5,50,4,1,1,5,4,5,7,1,1,5,5,4,2,18,3,,,,,,,,,,,,,67,42,1,,,121.5408389,24.9884304
111,8,14,8,28,2,03中山區,中山區民族東路與林森北路口,0,0,1,1,B03,8,1,5,50,14,9,1,5,4,5,7,2,1,3,4,5,2,16,1,51,3,10,1,1,7,5,1,8,1,2,,8,8,1,22,9,121.5257626,25.0683302
111,8,14,8,28,2,03中山區,中山區民族東路與林森北路口,0,0,1,2,C03,8,1,5,50,14,9,1,5,4,5,7,2,1,3,4,5,2,16,1,42,2,9,1,1,7,9,1,10,1,11,,44,8,1,22,9,121.5257626,25.0683302
111,8,14,8,58,2,09北投區,北投區大度路1段與中央北路2段257巷口,0,0,2,1,C03,8,1,5,30,4,1,1,5,4,1,7,1,1,10,5,5,1,16,1,68,2,7,1,1,7,6,1,10,1,14,,9,9,1,22,9,121.4860467,25.1221393
111,8,14,8,58,2,09北投區,北投區大度路1段與中央北路2段257巷口,0,0,2,2,C03,8,1,5,30,4,1,1,5,4,1,7,1,1,10,5,5,1,16,1,57,2,9,1,1,7,9,1,10,1,12,,44,9,1,22,9,121.4860467,25.1221393
111,8,14,9,11,2,05中正區,中正區羅斯福路4段與基隆路4段口,0,0,1,1,B01,8,1,5,50,5,1,1,5,4,5,7,1,1,10,4,5,2,15,1,29,3,10,1,1,7,9,1,4,2,1,,25,25,1,22,9,121.5368942,25.0112594
111,8,14,9,11,2,05中正區,中正區羅斯福路4段與基隆路4段口,0,0,1,2,C03,8,1,5,50,5,1,1,5,4,5,7,1,1,10,4,5,2,15,1,24,2,9,1,1,7,9,1,10,2,14,,44,25,1,22,9,121.5368942,25.0112594
111,8,14,9,30,2,04大安區,大安區敦化南路2段與敦化南路2段63巷口,0,0,2,1,F01,8,1,5,30,4,1,1,5,4,5,7,2,1,1,4,5,2,17,1,15,2,9,3,4,7,5,8,20,1,16,,17,17,1,22,9,121.5489518,25.0309837
111,8,14,9,30,2,04大安區,大安區敦化南路2段與敦化南路2段63巷口,0,0,2,2,C03,8,1,5,30,4,1,1,5,4,5,7,2,1,1,4,5,2,17,1,20,2,9,3,4,7,9,1,10,1,11,,23,17,1,22,9,121.5489518,25.0309837
111,8,14,9,36,2,03中山區,中山區龍江路370巷65號對面,0,0,1,1,B03,8,1,5,30,14,9,1,5,4,5,7,4,4,10,5,5,2,17,1,52,3,10,1,1,7,9,1,8,1,15,,23,23,1,22,9,121.5373914,25.0665717
111,8,14,9,36,2,03中山區,中山區龍江路370巷65號對面,0,0,1,2,C02,8,1,5,30,14,9,1,5,4,5,7,4,4,10,5,5,2,17,1,54,2,8,1,1,7,14,1,9,1,15,,38,23,1,22,9,121.5373914,25.0665717
111,8,14,9,49,2,02萬華區,萬華區西園路2段與西藏路口,0,0,3,1,B12,8,1,5,50,4,1,1,5,4,5,7,2,1,1,4,5,2,17,2,51,2,9,1,1,7,5,1,8,2,2,,6,6,1,22,9,121.4956456,25.028624
111,8,14,9,49,2,02萬華區,萬華區西園路2段與西藏路口,0,0,3,2,C03,8,1,5,50,4,1,1,5,4,5,7,2,1,1,4,5,2,17,1,21,2,9,1,1,7,9,1,10,9,11,,42,6,1,22,9,121.4956456,25.028624
111,8,14,9,49,2,02萬華區,萬華區西園路2段與西藏路口,0,0,3,3,H02,8,1,5,50,4,1,1,5,4,5,7,2,1,1,4,5,2,17,2,48,2,9,4,5,7,20,8,20,10,16,,67,6,1,22,9,121.4956456,25.028624
111,8,14,9,58,2,07信義區,信義區松隆路161號,0,0,1,1,C03,8,1,5,50,14,9,1,5,4,5,7,4,4,1,4,5,2,17,1,29,2,9,3,4,7,12,1,10,9,13,,43,43,1,22,9,121.5729004,25.04735077
111,8,14,9,58,2,07信義區,信義區松隆路161號,0,0,1,2,B03,8,1,5,50,14,9,1,5,4,5,7,4,4,1,4,5,2,17,1,61,3,10,3,4,7,9,1,8,2,1,,43,43,1,22,9,121.5729004,25.04735077
111,8,14,10,0,2,01大同區,大同區重慶北路2段與民權西路口,0,0,2,1,C03,8,1,5,50,4,1,1,5,4,5,7,2,1,1,4,5,2,13,1,43,2,8,1,4,7,9,1,10,1,11,,23,23,1,22,9,121.5135169,25.06286488
111,8,14,10,0,2,01大同區,大同區重慶北路2段與民權西路口,0,0,2,2,C03,8,1,5,50,4,1,1,5,4,5,7,2,1,1,4,5,2,13,2,67,2,6,1,4,7,12,4,8,1,13,,42,23,1,22,9,121.5135169,25.06286488
111,8,14,10,10,2,03中山區,中山區五常街與五常街53巷口,0,0,1,1,B01,8,1,5,50,3,1,1,5,4,5,7,2,1,5,5,5,2,16,1,69,3,10,1,1,7,5,1,4,1,1,,23,23,1,22,9,121.5396639,25.06434441
111,8,14,10,10,2,03中山區,中山區五常街與五常街53巷口,0,0,1,2,F01,8,1,5,50,3,1,1,5,4,5,7,2,1,5,5,5,2,16,2,74,2,9,1,1,7,11,8,20,1,16,,11,23,1,22,9,121.5396639,25.06434441
111,8,14,10,50,2,10文山區,(興隆路2段)口,0,0,1,1,C03,8,1,5,50,5,1,1,5,4,5,7,2,1,1,2,5,2,16,2,65,2,8,1,1,7,8,1,10,1,12,,7,7,1,22,9,121.5443071,24.9986551
111,8,14,10,50,2,10文山區,(興隆路2段)口,0,0,1,2,C03,8,1,5,50,5,1,1,5,4,5,7,2,1,1,2,5,2,16,1,34,3,10,1,1,7,9,1,10,1,14,,44,7,1,22,9,121.5443071,24.9986551
111,8,14,11,1,2,08士林區,士林區天母北路44巷南往北007號燈桿,0,0,1,1,F01,8,1,5,30,11,9,1,5,4,5,7,4,4,10,5,5,2,1,2,56,3,10,1,1,7,6,8,20,1,16,,5,5,1,22,9,121.5260031,25.12077658
111,8,14,11,1,2,08士林區,士林區天母北路44巷南往北007號燈桿,0,0,1,2,H01,8,1,5,30,11,9,1,5,4,5,7,4,4,10,5,5,2,1,2,75,2,7,4,5,8,16,8,20,10,16,,67,5,1,22,9,121.5260031,25.12077658
111,8,14,11,5,2,04大安區,大安區忠孝東路4段223巷與延吉街62巷口,0,0,1,1,C03,8,1,5,30,4,1,1,5,4,5,7,4,4,10,5,5,2,15,2,30,2,9,1,1,7,9,1,10,1,14,,6,6,1,22,9,121.5530162,25.0434666
111,8,14,11,5,2,04大安區,大安區忠孝東路4段223巷與延吉街62巷口,0,0,1,2,B03,8,1,5,30,4,1,1,5,4,5,7,4,4,10,5,5,2,15,1,56,3,10,1,1,7,9,1,8,1,1,,23,6,1,22,9,121.5530162,25.0434666
111,8,14,11,21,2,06松山區,松山區市民大道6段與市民大道6段口(八德路4段650號後方),0,0,2,1,C03,8,1,5,40,3,1,1,5,4,5,7,4,4,9,4,5,2,17,1,34,2,9,1,1,7,9,1,10,1,11,,23,23,1,22,9,121.5751399,25.04943409
111,8,14,11,21,2,06松山區,松山區市民大道6段與市民大道6段口(八德路4段650號後方),0,0,2,2,F01,8,1,5,40,3,1,1,5,4,5,7,4,4,9,4,5,2,17,2,67,2,5,1,1,7,11,8,20,1,16,,11,23,1,22,9,121.5751399,25.04943409
111,8,14,11,23,2,04大安區,大安區忠孝東路4段216巷8弄與忠孝東路4段216巷口,0,0,1,1,B03,8,1,5,30,4,1,1,5,4,5,7,4,4,5,4,5,2,12,1,86,4,11,3,4,7,15,7,19,11,15,,26,26,2,22,9,121.5529522,25.04077665
111,8,14,11,23,2,04大安區,大安區忠孝東路4段216巷8弄與忠孝東路4段216巷口,0,0,1,2,C03,8,1,5,30,4,1,1,5,4,5,7,4,4,5,4,5,2,12,1,29,3,10,1,1,7,5,1,9,2,14,,26,26,1,21,8,121.5529522,25.04077665
111,8,14,11,23,2,04大安區,大安區忠孝東路4段216巷8弄與忠孝東路4段216巷口,0,0,1,3,H02,8,1,5,30,4,1,1,5,4,5,7,4,4,5,4,5,2,12,2,27,2,8,1,5,7,20,8,20,10,16,,67,26,1,21,8,121.5529522,25.04077665
111,8,14,12,0,2,04大安區,大安區忠孝東路4段216巷內(北往南),0,0,1,1,C03,8,1,5,50,13,9,1,5,4,5,7,4,4,5,5,5,2,17,2,23,2,9,1,1,7,12,1,10,1,14,,42,42,1,22,9,121.5529233,25.041064
111,8,14,12,0,2,04大安區,大安區忠孝東路4段216巷內(北往南),0,0,1,2,C03,8,1,5,50,13,9,1,5,4,5,7,4,4,5,5,5,2,17,1,44,3,10,1,1,7,12,1,10,1,15,,35,42,1,22,9,121.5529233,25.041064
111,8,14,12,0,2,04大安區,大安區忠孝東路4段216巷內(北往南),0,0,1,3,C03,8,1,5,50,13,9,1,5,4,5,7,4,4,5,5,5,2,17,1,37,3,10,1,1,7,12,1,10,1,15,,44,42,1,22,9,121.5529233,25.041064
111,8,14,12,9,2,11南港區,南港區舊莊街1段與舊莊街1段145巷口,0,0,1,1,B03,8,1,5,50,3,2,1,5,4,5,7,4,4,8,5,5,2,16,1,34,3,10,3,4,7,11,1,8,1,8,,10,10,1,22,9,121.6209659,25.0398999
111,8,14,12,9,2,11南港區,南港區舊莊街1段與舊莊街1段145巷口,0,0,1,2,C03,8,1,5,50,3,2,1,5,4,5,7,4,4,8,5,5,2,16,1,31,2,9,3,4,7,9,1,10,1,11,,44,10,1,22,9,121.6209659,25.0398999
111,8,14,12,25,2,02萬華區,萬華區萬大路486巷16號,0,0,2,1,C03,8,1,5,30,14,9,1,5,4,5,7,4,4,10,5,5,2,13,1,46,2,7,1,4,7,9,1,10,1,11,,23,23,1,22,9,121.4967866,25.02004826
111,8,14,12,25,2,02萬華區,萬華區萬大路486巷16號,0,0,2,2,B03,8,1,5,30,14,9,1,5,4,5,7,4,4,10,5,5,2,13,1,21,3,10,1,4,7,15,1,8,1,6,,44,23,1,22,9,121.4967866,25.02004826
111,8,14,12,25,2,02萬華區,萬華區萬大路486巷16號,0,0,2,3,H02,8,1,5,30,14,9,1,5,4,5,7,4,4,10,5,5,2,13,2,8,2,8,4,5,7,21,8,20,10,16,,67,23,1,22,9,121.4967866,25.02004826
111,8,14,12,35,2,03中山區,中山區林森北路與錦州街口,0,0,1,1,B03,8,1,5,50,4,1,1,5,4,5,7,1,1,5,5,5,2,16,1,67,3,10,1,1,7,5,1,8,1,5,,6,6,1,22,9,121.5255259,25.0602957
111,8,14,12,35,2,03中山區,中山區林森北路與錦州街口,0,0,1,2,C03,8,1,5,50,4,1,1,5,4,5,7,1,1,5,5,5,2,16,1,23,2,9,1,1,7,9,1,10,1,11,,44,6,1,22,9,121.5255259,25.0602957
111,8,14,12,35,2,12內湖區,內湖區東湖路113巷49弄與東湖路119巷49弄口,0,0,2,1,C03,8,1,5,30,4,1,1,5,4,5,7,1,1,5,5,5,2,17,1,23,2,7,1,1,7,5,1,10,1,11,,8,8,1,22,9,121.6160362,25.07014884
111,8,14,12,35,2,12內湖區,內湖區東湖路113巷49弄與東湖路119巷49弄口,0,0,2,2,C03,8,1,5,30,4,1,1,5,4,5,7,1,1,5,5,5,2,17,1,31,2,9,1,1,7,9,1,10,1,11,,13,8,1,22,9,121.6160362,25.07014884
111,8,14,13,0,2,05中正區,中正區忠孝東路2段132號,0,0,1,1,A02,8,1,5,50,14,9,1,5,4,5,7,4,4,3,4,5,2,9,1,43,3,10,1,1,7,7,1,2,2,15,,44,44,1,22,9,121.5318396,25.04249414
111,8,14,13,0,2,05中正區,中正區忠孝東路2段132號,0,0,1,2,H02,8,1,5,50,14,9,1,5,4,5,7,4,4,3,4,5,2,9,1,59,2,9,4,5,7,17,8,20,10,16,,67,44,1,22,9,121.5318396,25.04249414
111,8,14,13,5,2,09北投區,北投區石牌路1段156號,0,0,1,1,B03,8,1,5,50,14,9,1,5,4,5,7,4,4,5,4,5,2,17,1,58,3,10,3,4,7,15,1,8,1,15,,26,26,1,22,9,121.5132749,25.11446699
111,8,14,13,5,2,09北投區,北投區石牌路1段156號,0,0,1,2,C03,8,1,5,50,14,9,1,5,4,5,7,4,4,5,4,5,2,17,1,40,2,9,1,1,7,9,1,9,1,12,,44,26,1,22,9,121.5132749,25.11446699
111,8,14,13,35,2,06松山區,松山區光復北路152號與光復北路口,0,0,2,1,B12,7,1,5,50,4,1,1,4,4,5,7,3,1,9,4,5,2,16,1,70,3,10,1,4,7,5,1,8,1,1,,8,8,1,22,9,121.5569674,25.05264583
111,8,14,13,35,2,06松山區,松山區光復北路152號與光復北路口,0,0,2,2,C03,7,1,5,50,4,1,1,4,4,5,7,3,1,9,4,5,2,16,2,22,2,9,1,1,7,9,1,10,1,11,,23,8,1,22,9,121.5569674,25.05264583
111,8,14,13,35,2,06松山區,松山區光復北路152號與光復北路口,0,0,2,3,H02,7,1,5,50,4,1,1,4,4,5,7,3,1,9,4,5,2,16,2,20,2,9,1,5,7,20,8,20,10,16,,67,8,1,22,9,121.5569674,25.05264583
111,8,14,13,36,2,04大安區,大安區師大路117巷8號,0,0,2,1,C04,6,1,5,30,14,9,1,4,4,5,7,4,4,10,5,5,2,9,1,21,2,8,3,4,7,9,1,10,1,14,,23,23,1,22,9,121.5286806,25.02227379
111,8,14,13,36,2,04大安區,大安區師大路117巷8號,0,0,2,2,H01,6,1,5,30,14,9,1,4,4,5,7,4,4,10,5,5,2,9,2,77,2,9,4,5,8,16,8,20,10,16,,51,23,1,22,9,121.5286806,25.02227379
111,8,14,13,47,2,05中正區,中正區八德路1段與臨沂街口口,0,0,1,1,B03,6,1,5,50,3,2,1,4,4,5,7,3,1,9,4,5,1,17,1,31,3,10,1,1,7,6,1,8,2,15,,9,9,1,21,5,121.5305922,25.0437693
111,8,14,13,47,2,05中正區,中正區八德路1段與臨沂街口口,0,0,1,2,C03,6,1,5,50,3,2,1,4,4,5,7,3,1,9,4,5,1,17,1,41,2,9,1,1,7,9,1,10,2,14,,42,9,1,21,1,121.5305922,25.0437693
111,8,14,14,6,2,03中山區,中山區民生東路2段123號,0,0,1,1,B03,7,1,5,50,14,9,1,5,4,5,7,1,1,5,4,5,2,17,1,23,3,10,1,1,7,11,1,8,1,15,,26,26,1,22,9,121.5318295,25.0579928
111,8,14,14,6,2,03中山區,中山區民生東路2段123號,0,0,1,2,C03,7,1,5,50,14,9,1,5,4,5,7,1,1,5,4,5,2,17,1,25,2,9,1,1,7,9,1,9,1,12,,42,26,1,22,9,121.5318295,25.0579928
111,8,14,14,6,2,08士林區,士林區延平北路6段111號,0,0,1,2,C03,8,1,5,50,14,9,1,5,4,5,7,4,4,5,4,5,2,17,2,22,2,9,1,1,7,9,1,10,1,12,,44,19,1,22,9,121.5084564,25.0884656
111,8,14,14,6,2,08士林區,士林區延平北路6段111號,0,0,1,1,B12,8,1,5,50,14,9,1,5,4,5,7,4,4,5,4,5,2,17,1,49,3,10,1,1,7,1,1,8,1,8,,19,19,1,22,9,121.5084564,25.0884656
111,8,14,14,30,2,05中正區,中正區汀州路3段與思源街口口,0,0,1,1,B01,8,1,5,50,14,9,1,5,4,5,7,1,1,9,4,5,2,12,1,62,3,10,1,1,7,6,1,8,1,5,,9,9,1,22,9,121.5321837,25.0151115
111,8,14,14,30,2,05中正區,中正區汀州路3段與思源街口口,0,0,1,2,C03,8,1,5,50,14,9,1,5,4,5,7,1,1,9,4,5,2,12,2,25,2,9,1,1,7,9,1,10,1,14,,44,9,1,22,9,121.5321837,25.0151115
111,8,14,15,3,2,05中正區,中正區和平西路1段與南昌路2段口,0,0,1,1,B03,8,1,5,50,5,1,1,5,4,5,7,1,1,5,4,5,2,17,1,66,3,10,1,1,7,9,1,8,2,5,,23,23,1,22,9,121.5211518,25.02680491
111,8,14,15,3,2,05中正區,中正區和平西路1段與南昌路2段口,0,0,1,2,C03,8,1,5,50,5,1,1,5,4,5,7,1,1,5,4,5,2,17,2,69,2,9,1,1,7,1,1,10,2,14,,19,23,1,22,9,121.5211518,25.02680491
111,8,14,15,14,2,09北投區,北投區行義路與同德街口,0,0,1,1,B03,8,1,5,50,3,1,1,5,4,5,7,1,1,5,5,5,2,13,1,72,3,10,1,1,7,9,1,8,2,1,,23,23,1,22,9,121.5271302,25.1254223
111,8,14,15,14,2,09北投區,北投區行義路與同德街口,0,0,1,2,C03,8,1,5,50,3,1,1,5,4,5,7,1,1,5,5,5,2,13,1,77,2,9,1,1,7,14,1,10,2,13,,44,23,1,22,9,121.5271302,25.1254223