發生年度,發生月,發生日,發生時-Hours,發生分,處理別-編號,區序,肇事地點,死亡人數,2-30日死亡人數,受傷人數,當事人序號,車種,天候,光線,道路類別,速限-速度限制,道路型態,事故位置,路面狀況1,路面狀況2,路面狀況3,道路障礙1,道路障礙2,號誌1,號誌2,車道劃分-分向,車道劃分-分道1,車道劃分-分道2,車道劃分-分道3,事故類型及型態,性別,年齡,受傷程度,主要傷處,安全帽,行動電話,車輛用途,當事者行動狀態,駕駛資格情形,駕駛執照種類,飲酒情形,車輛撞擊部位1,車輛撞擊部位2,肇因碼-個別,肇因碼-主要,個人肇逃否,職業,旅次目的,座標-X,座標-Y
111,8,14,16,0,2,10文山區,文山區木新路3段與樟新街口,0,0,1,2,C03,8,1,5,50,4,2,1,5,4,5,7,2,1,9,4,5,1,12,2,21,2,9,1,1,7,9,1,10,1,11,,23,6,1,22,9,121.5548825,24.9801815
111,8,14,16,0,2,10文山區,文山區木新路3段與樟新街口,0,0,1,1,B03,8,1,5,50,4,2,1,5,4,5,7,2,1,9,4,5,1,12,1,46,3,10,1,1,7,6,1,8,1,6,,6,6,1,22,9,121.5548825,24.9801815
111,8,14,16,5,2,01大同區,大同區重慶北路1段與長安西路口,0,0,1,1,B12,8,1,5,50,4,2,1,5,4,5,7,2,1,1,4,5,2,1,1,41,3,10,3,4,7,5,1,8,1,1,,15,15,1,22,9,121.5138644,25.05155203
111,8,14,16,5,2,01大同區,大同區重慶北路1段與長安西路口,0,0,1,2,H01,8,1,5,50,4,2,1,5,4,5,7,2,1,1,4,5,2,1,1,63,2,8,4,5,8,16,8,20,10,16,,67,15,1,22,9,121.5138644,25.05155203
111,8,14,16,15,2,12內湖區,內湖區成功路5段與成功路5段35巷口,0,0,1,1,B03,8,1,5,50,3,1,1,5,4,5,7,2,1,1,4,4,1,16,1,33,3,10,1,1,7,5,1,8,1,7,,8,8,1,22,9,121.6070193,25.0783361
111,8,14,16,15,2,12內湖區,內湖區成功路5段與成功路5段35巷口,0,0,1,2,C03,8,1,5,50,3,1,1,5,4,5,7,2,1,1,4,4,1,16,1,24,2,9,1,1,7,9,1,10,1,11,,13,8,1,22,9,121.6070193,25.0783361
111,8,14,16,19,2,08士林區,士林區社中街129號,0,0,1,1,C03,8,1,5,30,14,9,1,5,4,5,7,4,4,8,3,5,1,12,1,65,2,8,1,1,7,1,1,10,2,12,,19,19,1,22,9,121.510031,25.09014215
111,8,14,16,19,2,08士林區,士林區社中街129號,0,0,1,2,B03,8,1,5,30,14,9,1,5,4,5,7,4,4,8,3,5,1,12,1,36,3,10,1,1,7,9,1,8,2,4,,44,19,1,22,9,121.510031,25.09014215
111,8,14,16,50,2,12內湖區,內湖區成功路4段30巷24號,0,0,1,1,H01,8,1,5,30,14,9,1,5,4,5,7,4,4,4,5,5,1,3,2,51,2,9,4,5,8,16,8,20,10,16,,51,51,1,22,9,121.591699,25.0824964
111,8,14,16,50,2,12內湖區,內湖區成功路4段30巷24號,0,0,1,2,C03,8,1,5,30,14,9,1,5,4,5,7,4,4,4,5,5,1,3,2,41,3,10,3,4,7,9,1,10,1,11,,23,51,1,22,9,121.591699,25.0824964
111,8,14,16,55,2,09北投區,北投區大度路3段與中央北路4段口,0,0,1,1,B02,8,1,5,50,4,1,1,5,4,5,7,2,1,1,4,5,2,16,2,26,3,10,1,1,7,6,1,8,1,5,,9,9,1,22,9,121.4647183,25.12382022
111,8,14,16,55,2,09北投區,北投區大度路3段與中央北路4段口,0,0,1,2,C03,8,1,5,50,4,1,1,5,4,5,7,2,1,1,4,5,2,16,1,42,2,9,1,1,7,9,1,10,1,14,,44,9,1,22,9,121.4647183,25.12382022
111,8,14,17,25,2,09北投區,北投區陽金公路往金山116號燈桿,0,0,1,1,C03,8,1,5,40,11,9,1,5,4,5,1,4,4,5,5,5,2,12,1,18,2,9,1,1,7,4,1,10,1,14,,43,43,1,22,9,121.542619,25.1798397
111,8,14,17,25,2,09北投區,北投區陽金公路往金山116號燈桿,0,0,1,2,B03,8,1,5,40,11,9,1,5,4,5,1,4,4,5,5,5,2,12,1,22,3,10,1,1,7,15,1,8,1,2,,43,43,1,22,9,121.542619,25.1798397
111,8,14,17,41,2,05中正區,中正區和平西路2段與莒光路口,0,0,1,1,C03,8,1,5,50,3,1,1,5,4,5,7,1,1,1,4,5,2,17,2,44,2,9,1,3,7,5,1,10,2,12,,8,8,1,22,9,121.5077436,25.0313006
111,8,14,17,41,2,05中正區,中正區和平西路2段與莒光路口,0,0,1,2,B01,8,1,5,50,3,1,1,5,4,5,7,1,1,1,4,5,2,17,1,59,3,10,1,1,7,9,1,2,2,1,,14,8,1,22,9,121.5077436,25.0313006
111,8,14,17,41,2,05中正區,中正區和平西路2段與莒光路口,0,0,1,3,H02,8,1,5,50,3,1,1,5,4,5,7,1,1,1,4,5,2,17,2,8,4,11,1,5,7,20,8,20,10,16,,67,8,1,22,9,121.5077436,25.0313006
111,8,14,17,41,2,05中正區,中正區和平西路2段與莒光路口,0,0,1,4,H02,8,1,5,50,3,1,1,5,4,5,7,1,1,1,4,5,2,17,2,5,4,11,1,5,7,20,8,20,10,16,,67,8,1,22,9,121.5077436,25.0313006
111,8,14,18,0,2,03中山區,中山區中山北路2段115巷與中山北路2段口,0,0,1,1,B03,8,1,5,50,3,1,1,5,4,5,7,4,4,1,5,5,2,16,2,45,3,10,1,1,7,6,1,8,1,6,,9,9,1,22,9,121.5230724,25.0610044
111,8,14,18,0,2,03中山區,中山區中山北路2段115巷與中山北路2段口,0,0,1,2,C03,8,1,5,50,3,1,1,5,4,5,7,4,4,1,5,5,2,16,1,23,2,9,1,1,7,9,1,10,1,11,,14,9,1,22,9,121.5230724,25.0610044
111,8,14,18,0,2,12內湖區,內湖區潭美街與安康路228巷口,0,0,1,1,B03,8,1,5,40,3,1,1,5,4,5,7,1,1,5,5,5,2,12,1,55,3,10,1,1,7,6,1,8,1,5,,27,27,1,22,9,121.6035797,25.0611664
111,8,14,18,0,2,12內湖區,內湖區潭美街與安康路228巷口,0,0,1,2,C03,8,1,5,40,3,1,1,5,4,5,7,1,1,5,5,5,2,12,2,39,2,9,1,1,7,9,1,10,1,14,,44,27,1,22,9,121.6035797,25.0611664
111,8,14,18,5,2,03中山區,中山區林森北路與民生東路1段口,0,0,1,1,B03,8,1,5,50,4,1,1,5,4,5,7,1,1,5,4,5,2,17,1,50,3,10,1,1,7,5,1,8,1,1,,8,8,1,22,9,121.5255836,25.0580807
111,8,14,18,5,2,03中山區,中山區林森北路與民生東路1段口,0,0,1,2,C03,8,1,5,50,4,1,1,5,4,5,7,1,1,5,4,5,2,17,1,20,2,9,1,1,7,9,1,10,1,11,,44,8,1,22,9,121.5255836,25.0580807
111,8,14,18,6,2,08士林區,士林區中山北路5段與文林路口,0,0,3,1,C03,8,1,5,50,3,2,1,5,4,5,7,1,1,1,5,5,2,12,1,22,2,9,1,1,7,6,1,10,1,11,,9,9,1,22,9,121.525749,25.0855449
111,8,14,18,6,2,08士林區,士林區中山北路5段與文林路口,0,0,3,2,C03,8,1,5,50,3,2,1,5,4,5,7,1,1,1,5,5,2,12,1,40,2,9,1,1,7,9,1,9,1,11,,13,9,1,22,9,121.525749,25.0855449
111,8,14,18,6,2,08士林區,士林區中山北路5段與文林路口,0,0,3,3,H02,8,1,5,50,3,2,1,5,4,5,7,1,1,1,5,5,2,12,2,21,2,9,4,5,7,20,8,20,10,16,,67,9,1,22,9,121.525749,25.0855449
111,8,14,18,8,2,04大安區,大安區復興南路1段與大安路1段116巷口,0,0,1,1,C03,8,1,5,50,14,9,1,5,4,5,7,4,4,9,4,5,1,16,1,20,2,9,1,1,7,9,1,10,1,14,,26,26,1,22,9,121.5433951,25.039632
111,8,14,18,8,2,04大安區,大安區復興南路1段與大安路1段116巷口,0,0,1,2,B03,8,1,5,50,14,9,1,5,4,5,7,4,4,9,4,5,1,16,1,27,3,10,1,1,7,7,1,8,1,8,,7,26,1,22,9,121.5433951,25.039632
111,8,14,18,30,2,12內湖區,內湖區舊宗路1段159號,0,0,1,1,B03,8,1,5,50,14,9,1,5,4,5,7,4,4,1,4,5,2,16,1,53,3,10,1,1,7,6,1,8,1,2,,9,9,1,22,9,121.5786257,25.06146474
111,8,14,18,30,2,12內湖區,內湖區舊宗路1段159號,0,0,1,2,C03,8,1,5,50,14,9,1,5,4,5,7,4,4,1,4,5,2,16,1,31,2,9,1,1,7,9,1,10,1,14,,44,9,1,22,9,121.5786257,25.06146474
111,8,14,18,30,2,12內湖區,內湖區舊宗路1段159號,0,0,1,3,,8,1,5,50,14,9,1,5,4,5,7,4,4,1,4,5,2,16,3,,,,,,,,,,,,,67,9,1,,,121.5786257,25.06146474
111,8,14,18,33,2,01大同區,大同區重慶北路3段與重慶北路3段191巷口口,0,0,3,1,C03,8,1,5,50,3,1,1,5,4,5,7,4,4,9,4,5,2,12,2,60,2,9,1,1,7,8,1,10,1,12,,7,7,1,22,9,121.5138454,25.0694289
111,8,14,18,33,2,01大同區,大同區重慶北路3段與重慶北路3段191巷口口,0,0,3,2,C03,8,1,5,50,3,1,1,5,4,5,7,4,4,9,4,5,2,12,1,28,2,9,1,1,7,9,1,10,1,14,,44,7,1,22,9,121.5138454,25.0694289
111,8,14,18,33,2,01大同區,大同區重慶北路3段與重慶北路3段191巷口口,0,0,3,3,H02,8,1,5,50,3,1,1,5,4,5,7,4,4,9,4,5,2,12,2,32,2,9,4,5,7,20,8,20,10,16,,67,7,1,22,9,121.5138454,25.0694289
111,8,14,19,6,2,03中山區,中山區民權東路3段75巷與民權東路3段口,0,0,1,1,B01,8,3,5,50,3,1,1,5,4,5,7,4,4,9,4,5,2,16,1,59,3,10,3,4,7,6,1,4,1,2,,9,9,1,22,9,121.5436543,25.0624384
111,8,14,19,6,2,03中山區,中山區民權東路3段75巷與民權東路3段口,0,0,1,2,C03,8,3,5,50,3,1,1,5,4,5,7,4,4,9,4,5,2,16,1,28,3,10,1,1,7,9,1,10,1,11,,23,9,1,22,9,121.5436543,25.0624384
111,8,14,19,6,2,03中山區,中山區民權東路3段75巷與民權東路3段口,0,0,1,3,H02,8,3,5,50,3,1,1,5,4,5,7,4,4,9,4,5,2,16,2,25,2,8,4,5,7,17,8,20,10,16,,67,9,1,22,9,121.5436543,25.0624384
111,8,14,20,10,2,02萬華區,萬華區昆明街201巷9號,0,0,1,1,B03,8,3,5,30,15,9,1,5,4,5,7,4,4,10,5,5,2,17,1,54,3,10,1,4,7,1,1,8,1,8,,19,19,1,22,9,121.504533,25.0389375
111,8,14,20,10,2,02萬華區,萬華區昆明街201巷9號,0,0,1,2,C03,8,3,5,30,15,9,1,5,4,5,7,4,4,10,5,5,2,17,2,33,2,9,1,4,7,9,1,10,1,12,,23,19,1,22,9,121.504533,25.0389375
111,8,14,20,31,2,04大安區,大安區復興南路2段148巷與瑞安街61巷口,0,0,1,1,B01,8,3,5,50,4,2,1,5,4,5,7,4,4,8,3,5,1,16,1,33,3,10,1,1,7,11,1,4,1,4,,11,11,1,10,4,121.5427817,25.0284281
111,8,14,20,31,2,04大安區,大安區復興南路2段148巷與瑞安街61巷口,0,0,1,2,C03,8,3,5,50,4,2,1,5,4,5,7,4,4,8,3,5,1,16,2,32,2,8,1,1,7,12,1,10,1,11,,44,11,1,5,1,121.5427817,25.0284281
111,8,14,20,33,2,06松山區,松山區市民大道4段73號,0,0,2,1,C03,8,3,5,40,14,9,1,5,4,5,7,4,4,9,4,5,2,13,2,22,2,7,1,1,7,7,1,10,1,13,,7,7,1,22,9,121.5469703,25.04519024
111,8,14,20,33,2,06松山區,松山區市民大道4段73號,0,0,2,2,C03,8,3,5,40,14,9,1,5,4,5,7,4,4,9,4,5,2,13,1,34,2,9,1,1,7,9,1,10,1,11,,23,7,1,22,9,121.5469703,25.04519024
111,8,14,21,10,2,03中山區,中山區天津街與中山北路1段105巷口,0,0,1,1,B01,8,3,5,30,4,1,1,5,4,5,7,4,4,10,5,5,2,16,1,61,3,10,1,1,7,9,1,4,1,8,,6,6,1,22,9,121.5232134,25.05076731
111,8,14,21,10,2,03中山區,中山區天津街與中山北路1段105巷口,0,0,1,2,C03,8,3,5,30,4,1,1,5,4,5,7,4,4,10,5,5,2,16,1,29,2,9,1,1,7,9,3,18,1,11,,13,6,1,22,9,121.5232134,25.05076731
111,8,14,21,20,2,02萬華區,萬華區堤外便道桂林水門往北052桿,0,0,2,1,H01,7,4,7,40,11,11,1,5,4,5,7,4,4,8,4,5,2,2,1,66,2,9,4,5,8,16,8,20,4,16,,51,51,1,22,9,121.4998638,25.04324038
111,8,14,21,20,2,02萬華區,萬華區堤外便道桂林水門往北052桿,0,0,2,2,C03,7,4,7,40,11,11,1,5,4,5,7,4,4,8,4,5,2,2,1,58,2,9,1,1,7,9,1,10,2,11,,23,51,1,22,9,121.4998638,25.04324038
111,8,14,21,38,2,06松山區,松山區南京東路5段182號,0,0,1,1,B01,8,3,5,50,14,8,1,5,4,5,7,2,1,3,4,4,2,12,1,63,3,10,1,1,7,8,5,4,1,6,,7,7,1,22,9,121.5635715,25.05136115
111,8,14,21,38,2,06松山區,松山區南京東路5段182號,0,0,1,2,C03,8,3,5,50,14,8,1,5,4,5,7,2,1,3,4,4,2,12,1,29,2,9,1,1,7,15,1,10,1,14,,23,7,1,22,9,121.5635715,25.05136115
111,8,14,21,55,2,05中正區,中正區中華路1段與漢口街1段口,0,0,1,1,C03,8,3,5,50,4,1,1,5,4,5,7,1,1,10,5,5,2,17,1,20,3,10,1,1,7,5,1,10,2,14,,8,8,1,22,9,121.5093445,25.04516922
111,8,14,21,55,2,05中正區,中正區中華路1段與漢口街1段口,0,0,1,2,C03,8,3,5,50,4,1,1,5,4,5,7,1,1,10,5,5,2,17,2,48,2,9,1,1,7,9,1,10,2,12,,44,8,1,22,9,121.5093445,25.04516922
111,8,14,22,19,2,07信義區,信義區忠孝東路5段與大道路口,0,0,1,1,B03,8,3,5,50,5,1,1,5,4,5,7,2,1,1,3,5,2,11,2,27,3,10,3,4,7,11,1,8,2,3,,10,10,1,22,9,121.580877,25.0428815
111,8,14,22,19,2,07信義區,信義區忠孝東路5段與大道路口,0,0,1,2,C01,8,3,5,50,5,1,1,5,4,5,7,2,1,1,3,5,2,11,1,20,2,9,3,4,7,9,1,9,2,11,,23,10,1,22,9,121.580877,25.0428815
111,8,14,22,25,2,02萬華區,萬華區內江街與西昌街口,0,0,2,1,C03,8,3,5,50,4,1,1,5,4,5,7,1,1,8,3,5,1,13,2,26,2,8,1,1,7,9,1,10,1,11,,16,16,1,22,9,121.5009988,25.0418099
111,8,14,22,25,2,02萬華區,萬華區內江街與西昌街口,0,0,2,2,C03,8,3,5,50,4,1,1,5,4,5,7,1,1,8,3,5,1,13,1,39,2,8,1,1,7,14,1,9,1,13,,44,16,1,22,9,121.5009988,25.0418099
111,8,14,23,17,2,01大同區,大同區環河快速道路與民生西路口,0,0,1,1,B03,8,3,5,60,4,2,1,5,4,5,7,1,1,1,4,5,2,13,1,20,3,10,1,1,7,9,3,18,2,1,,16,16,1,22,9,121.5082159,25.05703624
111,8,14,23,17,2,01大同區,大同區環河快速道路與民生西路口,0,0,1,2,B03,8,3,5,60,4,2,1,5,4,5,7,1,1,1,4,5,2,13,1,21,3,10,1,1,7,9,1,8,2,3,,16,16,1,22,9,121.5082159,25.05703624
111,8,14,23,17,2,01大同區,大同區環河快速道路與民生西路口,0,0,1,3,C01,8,3,5,60,4,2,1,5,4,5,7,1,1,1,4,5,2,13,1,32,2,9,1,1,7,14,1,9,2,13,,44,16,1,22,9,121.5082159,25.05703624
111,8,14,23,17,2,01大同區,大同區環河快速道路與民生西路口,0,0,1,4,B11,8,3,5,60,4,2,1,5,4,5,7,1,1,1,4,5,2,13,1,44,3,10,1,1,7,14,1,8,2,3,,44,16,1,22,9,121.5082159,25.05703624
111,8,14,23,22,2,01大同區,大同區民權西路與蘭州街口,0,0,1,1,C03,8,3,5,0,14,9,1,5,4,5,7,1,1,9,5,5,1,16,1,41,3,10,3,4,7,5,1,10,1,14,,8,8,1,22,9,121.5147988,25.0630835
111,8,14,23,22,2,01大同區,大同區民權西路與蘭州街口,0,0,1,2,C03,8,3,5,0,14,9,1,5,4,5,7,1,1,9,5,5,1,16,1,37,2,9,3,4,7,9,1,10,1,11,,44,8,1,22,9,121.5147988,25.0630835
111,8,14,23,24,2,09北投區,北投區西安街2段與立農街1段口,0,0,1,1,C03,8,3,5,50,4,2,1,5,4,5,7,2,1,1,4,5,1,13,2,19,2,9,1,1,7,9,1,10,1,11,,23,23,1,22,9,121.5113268,25.11946153
111,8,14,23,24,2,09北投區,北投區西安街2段與立農街1段口,0,0,1,2,C03,8,3,5,50,4,2,1,5,4,5,7,2,1,1,4,5,1,13,2,57,3,10,1,1,7,9,1,10,1,13,,44,23,1,22,9,121.5113268,25.11946153
111,8,14,23,27,2,05中正區,中正區中華路2段343號,0,0,1,1,B03,8,3,5,50,14,8,1,5,4,5,7,4,4,5,4,4,2,12,1,83,3,10,1,1,7,9,1,8,2,2,,23,23,2,22,9,121.5068928,25.02695187
111,8,14,23,27,2,05中正區,中正區中華路2段343號,0,0,1,2,C03,8,3,5,50,14,8,1,5,4,5,7,4,4,5,4,4,2,12,2,57,2,9,1,1,7,7,1,10,2,14,,7,23,1,22,9,121.5068928,25.02695187
111,8,15,2,7,2,03中山區,中山區民生東路1段16號,0,0,1,1,B01,8,3,5,50,14,9,1,5,4,5,7,4,4,5,4,5,2,17,1,61,3,10,1,1,7,11,1,4,1,8,,10,10,1,22,9,121.5234343,25.05800005
111,8,15,2,7,2,03中山區,中山區民生東路1段16號,0,0,1,2,C03,8,3,5,50,14,9,1,5,4,5,7,4,4,5,4,5,2,17,1,28,2,9,1,1,7,9,1,10,1,12,,44,10,1,22,9,121.5234343,25.05800005
111,8,15,2,33,2,01大同區,大同區承德路3段254巷與承德路3段口,0,0,1,1,B01,8,3,5,50,3,2,1,5,4,5,7,2,1,1,4,5,2,13,1,61,2,1,3,4,7,9,1,4,2,1,,23,23,1,22,9,121.5191491,25.0732103
111,8,15,2,33,2,01大同區,大同區承德路3段254巷與承德路3段口,0,0,1,2,B03,8,3,5,50,3,2,1,5,4,5,7,2,1,1,4,5,2,13,1,41,3,10,3,4,7,14,1,8,2,3,,44,23,1,22,9,121.5191491,25.0732103
111,8,15,5,30,2,03中山區,中山區林森北路119巷與新生北路1段口,0,0,1,1,B03,8,1,5,50,4,1,1,5,4,5,7,1,1,1,4,5,2,13,1,35,3,10,1,1,7,7,1,8,1,7,,7,7,1,22,9,121.5280904,25.05040697
111,8,15,5,30,2,03中山區,中山區林森北路119巷與新生北路1段口,0,0,1,2,C03,8,1,5,50,4,1,1,5,4,5,7,1,1,1,4,5,2,13,1,21,2,9,1,1,7,9,1,10,1,11,,13,7,1,22,9,121.5280904,25.05040697
111,8,15,6,36,2,08士林區,士林區通河街76巷與承德路4段10巷口,0,0,1,1,B02,8,1,5,30,4,2,1,5,4,5,7,4,4,10,5,5,2,15,1,24,3,10,1,1,7,9,1,8,1,4,,6,6,1,22,9,121.5201442,25.0801354
111,8,15,6,36,2,08士林區,士林區通河街76巷與承德路4段10巷口,0,0,1,2,C03,8,1,5,30,4,2,1,5,4,5,7,4,4,10,5,5,2,15,2,30,2,8,1,1,7,9,1,10,1,11,,14,6,1,22,9,121.5201442,25.0801354
111,8,15,7,0,2,08士林區,士林區中正路643號,0,0,1,1,F01,7,1,5,50,14,9,1,5,4,5,7,4,4,10,4,5,1,13,2,29,2,9,1,1,7,8,8,20,1,16,,7,7,1,22,9,121.5080406,25.08619487
111,8,15,7,0,2,08士林區,士林區中正路643號,0,0,1,2,B03,7,1,5,50,14,9,1,5,4,5,7,4,4,10,4,5,1,13,1,57,3,10,1,1,7,9,1,4,1,3,,44,7,1,22,9,121.5080406,25.08619487
111,8,15,7,0,2,09北投區,北投區石牌路2段113巷與石牌路2段口,0,0,1,1,B03,8,1,5,50,4,1,1,5,4,5,7,2,1,5,4,5,2,17,1,46,3,10,1,1,7,5,1,8,11,8,,8,8,1,22,9,121.5175386,25.1181059
111,8,15,7,0,2,09北投區,北投區石牌路2段113巷與石牌路2段口,0,0,1,2,C03,8,1,5,50,4,1,1,5,4,5,7,2,1,5,4,5,2,17,1,23,2,9,1,1,7,9,1,10,11,14,,23,8,1,22,9,121.5175386,25.1181059
111,8,15,8,2,2,05中正區,中正區杭州南路1段11巷與忠孝東路2段64巷口,0,0,2,1,C03,8,1,5,30,4,1,1,5,4,5,7,4,4,10,5,5,2,15,1,50,2,8,1,1,7,9,1,9,1,11,,6,6,1,22,9,121.5284895,25.04293786
111,8,15,8,2,2,05中正區,中正區杭州南路1段11巷與忠孝東路2段64巷口,0,0,2,2,C03,8,1,5,30,4,1,1,5,4,5,7,4,4,10,5,5,2,15,2,24,2,9,1,1,7,9,1,10,1,14,,44,6,1,22,9,121.5284895,25.04293786
111,8,15,8,2,2,05中正區,中正區杭州南路1段11巷與忠孝東路2段64巷口,0,0,2,3,B01,8,1,5,30,4,1,1,5,4,5,7,4,4,10,5,5,2,15,1,54,3,10,1,1,7,14,1,2,1,4,,38,6,1,22,9,121.5284895,25.04293786
111,8,15,8,5,2,12內湖區,內湖區新明路與新明路123巷口,0,0,1,1,B03,8,1,5,50,4,1,1,5,4,5,7,4,4,5,4,4,1,16,2,35,3,10,1,1,7,5,1,8,1,4,,8,8,1,22,9,121.589758,25.05961374
111,8,15,8,5,2,12內湖區,內湖區新明路與新明路123巷口,0,0,1,2,C03,8,1,5,50,4,1,1,5,4,5,7,4,4,5,4,4,1,16,1,48,2,8,1,1,7,9,1,10,1,11,,44,8,1,22,9,121.589758,25.05961374
111,8,15,8,16,2,03中山區,中山區樂群一路與敬業三路口,0,0,1,1,C03,8,1,5,50,4,1,1,5,4,5,7,1,1,1,3,5,1,13,2,22,2,8,1,4,7,9,1,10,1,11,,16,16,1,22,9,121.5563158,25.07717904
111,8,15,8,16,2,03中山區,中山區樂群一路與敬業三路口,0,0,1,2,C03,8,1,5,50,4,1,1,5,4,5,7,1,1,1,3,5,1,13,1,60,3,10,1,4,7,5,1,10,1,13,,44,16,1,22,9,121.5563158,25.07717904
111,8,15,8,20,2,05中正區,中正區公園路與襄陽路口,0,0,1,1,B03,8,1,5,50,3,2,1,5,4,5,7,1,1,9,4,5,2,17,2,47,3,10,1,4,7,9,1,8,1,5,,44,44,1,22,9,121.5166868,25.0435767
111,8,15,8,20,2,05中正區,中正區公園路與襄陽路口,0,0,1,2,C03,8,1,5,50,3,2,1,5,4,5,7,1,1,9,4,5,2,17,1,37,2,9,1,1,7,7,1,10,1,13,,7,44,1,22,9,121.5166868,25.0435767
111,8,15,8,20,2,05中正區,中正區公園路與襄陽路口,0,0,1,3,B03,8,1,5,50,3,2,1,5,4,5,7,1,1,9,4,5,2,17,1,48,3,10,1,1,7,14,1,8,1,8,,44,44,1,22,9,121.5166868,25.0435767
111,8,15,8,20,2,12內湖區,內湖區南京東路6段與新明路298巷口,0,0,1,1,C03,8,1,5,50,4,1,1,5,4,5,7,1,1,1,5,5,2,16,2,26,2,9,1,1,7,5,1,10,1,14,,8,8,1,22,9,121.5815987,25.0568028
111,8,15,8,20,2,12內湖區,內湖區南京東路6段與新明路298巷口,0,0,1,2,C03,8,1,5,50,4,1,1,5,4,5,7,1,1,1,5,5,2,16,1,26,3,10,1,1,7,9,1,10,1,12,,44,8,1,22,9,121.5815987,25.0568028
111,8,15,8,24,2,07信義區,信義區吳興街284巷5-9號,0,0,1,1,B01,8,1,5,30,14,9,1,5,4,5,7,4,4,10,5,5,2,2,1,56,3,10,1,1,7,5,1,4,2,4,,23,23,1,22,9,121.5637933,25.0252411
111,8,15,8,24,2,07信義區,信義區吳興街284巷5-9號,0,0,1,2,H01,8,1,5,30,14,9,1,5,4,5,7,4,4,10,5,5,2,2,2,26,2,7,4,5,8,16,8,20,10,16,,67,23,1,22,9,121.5637933,25.0252411
111,8,15,8,28,2,03中山區,中山區中山北路2段77巷與民生東路1段30巷口,0,0,1,1,C04,8,1,5,30,4,2,1,5,4,5,7,4,4,10,5,5,1,15,2,44,2,8,1,1,7,9,1,10,1,11,,6,6,1,22,9,121.5239615,25.05761856
111,8,15,8,28,2,03中山區,中山區中山北路2段77巷與民生東路1段30巷口,0,0,1,2,B03,8,1,5,30,4,2,1,5,4,5,7,4,4,10,5,5,1,15,1,39,3,10,1,1,7,9,1,8,1,2,,14,6,1,22,9,121.5239615,25.05761856
111,8,15,8,30,2,04大安區,大安區臥龍街與樂業街口,0,0,1,1,C03,8,1,5,40,4,1,1,5,4,5,7,2,1,8,3,5,2,16,2,45,4,11,3,4,7,15,7,19,11,15,,44,44,2,22,9,121.5545326,25.0188339
111,8,15,8,30,2,04大安區,大安區臥龍街與樂業街口,0,0,1,2,F01,8,1,5,40,4,1,1,5,4,5,7,2,1,8,3,5,2,16,2,26,2,9,1,1,7,5,8,20,1,16,,8,44,1,22,9,121.5545326,25.0188339
111,8,15,8,30,2,11南港區,南港區忠孝東路7段與忠孝東路7段265巷口,0,0,1,1,B03,8,1,5,50,14,9,1,5,4,5,7,2,1,1,4,5,2,16,1,73,3,10,3,4,7,9,1,7,1,4,,23,23,1,22,9,121.6036639,25.05180456
111,8,15,8,30,2,11南港區,南港區忠孝東路7段與忠孝東路7段265巷口,0,0,1,2,C03,8,1,5,50,14,9,1,5,4,5,7,2,1,1,4,5,2,16,2,26,2,9,1,1,7,9,1,10,1,12,,23,23,1,22,9,121.6036639,25.05180456
111,8,15,8,40,2,08士林區,士林區中山北路5段470巷與中山北路5段口,0,0,1,1,B12,8,1,5,50,3,2,1,5,4,5,7,4,4,1,5,5,1,12,1,23,3,10,1,1,7,6,1,8,1,5,,9,9,1,22,9,121.5278669,25.0922138
111,8,15,8,40,2,08士林區,士林區中山北路5段470巷與中山北路5段口,0,0,1,2,C03,8,1,5,50,3,2,1,5,4,5,7,4,4,1,5,5,1,12,1,20,2,9,1,1,7,9,1,10,1,14,,44,9,1,22,9,121.5278669,25.0922138
111,8,15,8,40,2,07信義區,信義區吳興街184巷與吳興街220巷11弄口,0,0,1,1,C03,8,1,5,30,4,1,1,5,4,5,7,4,4,10,5,5,2,17,1,58,3,10,1,1,7,5,1,9,2,15,,6,6,1,22,9,121.5620165,25.02829543
111,8,15,8,40,2,07信義區,信義區吳興街184巷與吳興街220巷11弄口,0,0,1,2,C03,8,1,5,30,4,1,1,5,4,5,7,4,4,10,5,5,2,17,2,31,2,9,1,1,7,9,1,10,2,12,,13,6,1,22,9,121.5620165,25.02829543
111,8,15,8,41,2,10文山區,文山區新光路1段65巷93號前,0,0,1,1,B03,8,1,5,30,14,9,1,5,4,5,7,4,4,10,5,5,2,16,2,44,3,10,1,1,7,9,1,8,9,4,,23,23,1,22,9,121.5751613,24.99151237
111,8,15,8,41,2,10文山區,文山區新光路1段65巷93號前,0,0,1,2,F01,8,1,5,30,14,9,1,5,4,5,7,4,4,10,5,5,2,16,2,60,2,3,1,1,7,1,8,20,9,16,,19,23,1,22,9,121.5751613,24.99151237
111,8,15,9,15,2,09北投區,北投區行義路7號前,0,0,2,1,A11,8,1,5,40,14,9,1,5,4,5,7,4,4,10,5,5,2,17,1,61,3,10,1,1,7,11,1,3,2,15,,10,10,1,22,9,121.5259481,25.1241585
111,8,15,9,15,2,09北投區,北投區行義路7號前,0,0,2,2,C03,8,1,5,40,14,9,1,5,4,5,7,4,4,10,5,5,2,17,2,45,2,9,1,1,7,9,1,10,2,14,,42,10,1,22,9,121.5259481,25.1241585
111,8,15,9,15,2,09北投區,北投區行義路7號前,0,0,2,3,H02,8,1,5,40,14,9,1,5,4,5,7,4,4,10,5,5,2,17,2,71,2,9,4,5,7,20,8,20,10,16,,67,10,1,22,9,121.5259481,25.1241585