發生年度,發生月,發生日,發生時-Hours,發生分,處理別-編號,區序,肇事地點,死亡人數,2-30日死亡人數,受傷人數,當事人序號,車種,天候,光線,道路類別,速限-速度限制,道路型態,事故位置,路面狀況1,路面狀況2,路面狀況3,道路障礙1,道路障礙2,號誌1,號誌2,車道劃分-分向,車道劃分-分道1,車道劃分-分道2,車道劃分-分道3,事故類型及型態,性別,年齡,受傷程度,主要傷處,安全帽,行動電話,車輛用途,當事者行動狀態,駕駛資格情形,駕駛執照種類,飲酒情形,車輛撞擊部位1,車輛撞擊部位2,肇因碼-個別,肇因碼-主要,個人肇逃否,職業,旅次目的,座標-X,座標-Y
111,8,15,9,18,2,02萬華區,萬華區寶興街與寶興街68巷口,0,0,1,1,B03,8,1,5,50,4,1,1,5,4,5,7,4,4,5,4,5,2,17,1,23,3,10,1,1,7,8,3,18,1,5,,7,7,1,22,9,121.4941373,25.0264799
111,8,15,9,18,2,02萬華區,萬華區寶興街與寶興街68巷口,0,0,1,2,C03,8,1,5,50,4,1,1,5,4,5,7,4,4,5,4,5,2,17,2,58,2,9,1,1,7,9,1,10,1,14,,44,7,1,22,9,121.4941373,25.0264799
111,8,15,9,20,2,12內湖區,內湖區民權東路6段50號前,0,0,1,1,B02,8,1,5,50,14,9,1,5,4,5,7,4,4,3,5,5,2,17,1,48,3,10,1,1,7,8,1,3,1,15,,7,7,1,22,9,121.5837394,25.06851915
111,8,15,9,20,2,12內湖區,內湖區民權東路6段50號前,0,0,1,2,A02,8,1,5,50,14,9,1,5,4,5,7,4,4,3,5,5,2,17,2,41,3,10,1,1,7,9,1,1,1,15,,44,7,1,22,9,121.5837394,25.06851915
111,8,15,9,20,2,12內湖區,內湖區民權東路6段50號前,0,0,1,3,H02,8,1,5,50,14,9,1,5,4,5,7,4,4,3,5,5,2,17,2,56,2,9,4,5,7,20,8,20,10,15,,67,7,1,22,9,121.5837394,25.06851915
111,8,15,9,29,2,08士林區,士林區承德路4段與承德路4段266巷口,0,0,1,1,C03,8,1,5,50,3,1,1,5,4,5,7,4,4,1,4,5,2,12,1,26,3,10,1,1,7,6,1,10,1,12,,9,9,1,22,9,121.5200015,25.08945659
111,8,15,9,29,2,08士林區,士林區承德路4段與承德路4段266巷口,0,0,1,2,C03,8,1,5,50,3,1,1,5,4,5,7,4,4,1,4,5,2,12,2,53,2,9,1,1,7,9,1,10,1,11,,44,9,1,22,9,121.5200015,25.08945659
111,8,15,9,30,2,11南港區,南港區南港路3段33號,0,0,1,1,B03,8,1,5,50,14,9,1,5,4,5,7,4,4,8,3,5,2,16,2,45,3,10,3,4,7,11,1,8,1,1,,10,10,1,22,9,121.5914607,25.0536978
111,8,15,9,30,2,11南港區,南港區南港路3段33號,0,0,1,2,C03,8,1,5,50,14,9,1,5,4,5,7,4,4,8,3,5,2,16,2,34,2,9,3,4,7,9,1,10,1,12,,44,10,1,22,9,121.5914607,25.0536978
111,8,15,9,39,2,11南港區,南港區松河街618號與重陽路203巷口,0,0,2,1,C03,8,1,5,40,3,2,1,5,4,5,7,4,4,4,3,5,1,16,1,34,2,9,3,4,7,9,1,10,2,13,,42,42,1,22,9,121.6005778,25.05831449
111,8,15,9,39,2,11南港區,南港區松河街618號與重陽路203巷口,0,0,2,2,C03,8,1,5,40,3,2,1,5,4,5,7,4,4,4,3,5,1,16,1,39,2,9,3,4,7,9,1,10,2,11,,13,42,1,22,9,121.6005778,25.05831449
111,8,15,11,5,2,05中正區,中正區杭州南路1段18巷與仁愛路1段51巷口,0,0,1,1,C03,8,1,5,30,4,1,1,5,4,5,7,4,4,10,5,5,2,15,1,40,2,9,1,1,7,9,1,10,2,14,,6,6,1,22,9,121.5246353,25.038925
111,8,15,11,5,2,05中正區,中正區杭州南路1段18巷與仁愛路1段51巷口,0,0,1,2,B02,8,1,5,30,4,1,1,5,4,5,7,4,4,10,5,5,2,15,1,25,3,10,1,1,7,9,1,8,2,1,,14,6,1,22,9,121.5246353,25.038925
111,8,15,11,6,2,04大安區,大安區忠孝東路4段147巷與敦化南路1段187巷口,0,0,1,1,C03,8,1,5,30,4,1,1,5,4,5,7,4,4,10,5,5,2,15,1,58,2,9,1,1,7,9,1,10,2,11,,26,26,1,21,8,121.5496558,25.04258897
111,8,15,11,6,2,04大安區,大安區忠孝東路4段147巷與敦化南路1段187巷口,0,0,1,2,B01,8,1,5,30,4,1,1,5,4,5,7,4,4,10,5,5,2,15,1,59,3,10,1,1,7,9,1,4,2,5,,23,26,1,21,8,121.5496558,25.04258897
111,8,15,11,24,2,08士林區,士林區社正路45巷29弄與延平北路6段116巷口,0,0,1,1,C03,8,1,5,30,3,2,1,5,4,5,7,4,4,10,5,5,1,17,2,46,3,10,1,1,7,5,1,10,1,15,,8,8,1,21,8,121.5083675,25.09013435
111,8,15,11,24,2,08士林區,士林區社正路45巷29弄與延平北路6段116巷口,0,0,1,2,C03,8,1,5,30,3,2,1,5,4,5,7,4,4,10,5,5,1,17,1,20,2,8,1,1,7,9,1,9,1,14,,42,8,1,21,8,121.5083675,25.09013435
111,8,15,11,25,2,03中山區,中山區民族東路274號,0,0,1,1,B12,8,1,5,50,14,7,1,5,4,5,7,4,4,1,4,4,2,12,1,57,3,10,3,4,7,8,1,8,2,6,,7,7,1,22,9,121.5353159,25.0682123
111,8,15,11,25,2,03中山區,中山區民族東路274號,0,0,1,2,C03,8,1,5,50,14,7,1,5,4,5,7,4,4,1,4,4,2,12,2,29,2,9,1,4,7,8,1,10,2,14,,13,7,1,22,9,121.5353159,25.0682123
111,8,15,11,25,2,07信義區,信義區松智路與松壽路口,0,0,1,1,C03,8,1,5,50,4,2,1,5,4,5,7,2,1,9,4,5,2,18,2,20,2,9,1,1,7,6,1,10,1,12,,43,43,1,22,9,121.5653505,25.0359346
111,8,15,11,25,2,07信義區,信義區松智路與松壽路口,0,0,1,2,,8,1,5,50,4,2,1,5,4,5,7,2,1,9,4,5,2,18,3,,,,,,,,,,,,,67,43,1,,,121.5653505,25.0359346
111,8,15,11,37,2,01大同區,大同區承德路3段116號,0,0,1,1,B01,8,1,5,50,14,9,1,5,4,5,7,4,4,1,4,5,2,12,1,45,3,10,3,4,7,8,1,4,1,6,,7,7,1,22,9,121.518303,25.06712059
111,8,15,11,37,2,01大同區,大同區承德路3段116號,0,0,1,2,C03,8,1,5,50,14,9,1,5,4,5,7,4,4,1,4,5,2,12,1,27,2,9,1,4,7,9,1,10,1,11,,44,7,1,22,9,121.518303,25.06712059
111,8,15,12,3,2,03中山區,中山區北安路535-5號,0,0,1,1,C03,8,1,5,50,14,9,1,5,4,5,7,1,1,3,4,5,2,12,1,20,2,7,1,1,7,9,1,10,1,14,12,44,44,1,22,9,121.5474338,25.07996706
111,8,15,12,3,2,03中山區,中山區北安路535-5號,0,0,1,2,B01,8,1,5,50,14,9,1,5,4,5,7,1,1,3,4,5,2,12,1,39,3,10,1,1,7,9,1,8,1,6,,17,44,1,22,9,121.5474338,25.07996706
111,8,15,12,30,2,09北投區,北投區雙全街與珠海路口,0,0,1,1,C03,8,1,5,30,4,1,1,5,4,5,7,4,4,10,5,5,2,16,2,66,2,9,1,1,7,5,4,11,2,12,,6,6,1,22,9,121.5010091,25.1375746
111,8,15,12,30,2,09北投區,北投區雙全街與珠海路口,0,0,1,2,B03,8,1,5,30,4,1,1,5,4,5,7,4,4,10,5,5,2,16,2,61,3,10,1,1,7,9,1,8,2,8,,23,6,1,22,9,121.5010091,25.1375746
111,8,15,13,15,2,12內湖區,內湖區新明路210號前,0,0,2,1,C03,8,1,5,50,14,9,1,5,4,5,7,4,4,5,4,5,2,12,1,19,2,9,1,1,7,1,1,10,1,14,,19,19,1,22,9,121.5845489,25.05700416
111,8,15,13,15,2,12內湖區,內湖區新明路210號前,0,0,2,2,C03,8,1,5,50,14,9,1,5,4,5,7,4,4,5,4,5,2,12,1,53,2,9,1,1,7,9,1,10,1,12,,44,19,1,22,9,121.5845489,25.05700416
111,8,15,13,45,2,04大安區,大安區市民大道4段與敦化南路1段口,0,0,1,1,B03,8,1,5,40,5,2,1,5,4,5,7,2,1,1,4,5,2,12,1,55,3,10,1,1,7,9,1,8,2,5,,44,44,1,21,8,121.5490603,25.04474276
111,8,15,13,45,2,04大安區,大安區市民大道4段與敦化南路1段口,0,0,1,2,C03,8,1,5,40,5,2,1,5,4,5,7,2,1,1,4,5,2,12,2,37,2,9,1,1,7,5,1,10,2,14,,8,44,1,21,8,121.5490603,25.04474276
111,8,15,13,51,2,01大同區,大同區鄭州路33號,0,0,2,1,C03,7,1,5,40,14,9,1,4,4,5,7,4,4,1,4,5,2,12,1,32,3,10,1,4,7,9,1,10,1,15,,17,17,1,22,9,121.5137484,25.04941929
111,8,15,13,51,2,01大同區,大同區鄭州路33號,0,0,2,2,C03,7,1,5,40,14,9,1,4,4,5,7,4,4,1,4,5,2,12,1,21,2,9,1,4,7,9,1,10,1,12,,44,17,1,22,9,121.5137484,25.04941929
111,8,15,13,51,2,01大同區,大同區鄭州路33號,0,0,2,3,H02,7,1,5,40,14,9,1,4,4,5,7,4,4,1,4,5,2,12,1,27,3,10,1,4,7,20,8,20,10,16,,67,17,1,22,9,121.5137484,25.04941929
111,8,15,13,51,2,01大同區,大同區鄭州路33號,0,0,2,4,H02,7,1,5,40,14,9,1,4,4,5,7,4,4,1,4,5,2,12,2,22,2,9,1,5,7,20,8,20,10,16,,67,17,1,22,9,121.5137484,25.04941929
111,8,15,15,20,2,08士林區,士林區中正路644號,0,0,1,1,A41,8,1,8,50,15,22,1,5,4,5,7,4,4,1,5,5,2,17,1,62,3,10,1,1,7,10,1,1,1,1,,7,7,1,22,9,121.5074557,25.08634722
111,8,15,15,20,2,08士林區,士林區中正路644號,0,0,1,2,B03,8,1,8,50,15,22,1,5,4,5,7,4,4,1,5,5,2,17,2,50,2,9,1,1,7,9,1,8,1,4,,44,7,1,22,9,121.5074557,25.08634722
111,8,15,15,47,2,01大同區,大同區重慶北路3段與敦煌路口,0,0,1,1,B03,8,1,5,50,3,1,1,5,4,5,7,4,4,10,5,5,2,17,1,23,3,10,1,1,7,6,1,8,1,4,,9,9,1,22,9,121.5150252,25.07660515
111,8,15,15,47,2,01大同區,大同區重慶北路3段與敦煌路口,0,0,1,2,C03,8,1,5,50,3,1,1,5,4,5,7,4,4,10,5,5,2,17,1,24,2,9,1,1,7,9,1,10,1,12,,14,9,1,22,9,121.5150252,25.07660515
111,8,15,15,54,2,01大同區,大同區鄭州路145號,0,0,1,1,B03,8,1,5,40,3,1,1,5,4,5,7,4,4,1,4,5,2,12,1,38,3,10,3,4,7,5,1,8,1,4,,8,8,1,22,9,121.5089886,25.05051545
111,8,15,15,54,2,01大同區,大同區鄭州路145號,0,0,1,2,C03,8,1,5,40,3,1,1,5,4,5,7,4,4,1,4,5,2,12,1,47,2,9,1,1,7,9,1,10,1,12,,23,8,1,22,9,121.5089886,25.05051545
111,8,15,15,55,2,03中山區,中山區樂群一路與敬業三路口,0,0,1,1,C03,8,1,5,50,3,1,1,5,4,5,7,2,1,1,4,5,2,13,1,46,2,9,1,4,7,9,1,9,1,11,,16,16,1,22,9,121.5561526,25.0771395
111,8,15,15,55,2,03中山區,中山區樂群一路與敬業三路口,0,0,1,2,B01,8,1,5,50,3,1,1,5,4,5,7,2,1,1,4,5,2,13,1,57,3,10,3,4,7,12,1,4,1,6,,44,16,1,22,9,121.5561526,25.0771395
111,8,15,16,2,2,07信義區,信義區莊敬路385號,0,0,1,1,C03,8,1,5,50,14,9,1,5,4,5,7,4,4,6,1,5,2,17,1,52,2,9,1,1,7,9,1,10,2,15,,42,42,1,22,9,121.5653542,25.0275631
111,8,15,16,2,2,07信義區,信義區莊敬路385號,0,0,1,2,B03,8,1,5,50,14,9,1,5,4,5,7,4,4,6,1,5,2,17,1,33,3,10,1,1,7,9,1,8,2,15,,44,42,1,22,9,121.5653542,25.0275631
111,8,15,16,5,2,02萬華區,萬華區萬大路344巷與萬大路口,0,0,2,1,C03,8,1,5,30,3,1,1,5,4,5,7,4,4,8,3,5,1,17,1,25,2,8,1,1,7,9,1,10,1,11,,23,23,1,22,9,121.499976,25.0237098
111,8,15,16,5,2,02萬華區,萬華區萬大路344巷與萬大路口,0,0,2,2,B03,8,1,5,30,3,1,1,5,4,5,7,4,4,8,3,5,1,17,1,26,3,10,1,1,7,6,1,8,1,7,,44,23,1,22,9,121.499976,25.0237098
111,8,15,16,5,2,02萬華區,萬華區萬大路344巷與萬大路口,0,0,2,3,H02,8,1,5,30,3,1,1,5,4,5,7,4,4,8,3,5,1,17,2,54,2,8,4,5,7,21,8,20,10,16,,67,23,1,22,9,121.499976,25.0237098
111,8,15,16,42,2,05中正區,中正區仁愛路1段與林森南路口口,0,0,1,1,C03,8,1,5,50,4,2,1,5,4,5,7,2,1,9,4,4,1,12,2,19,3,10,1,1,7,9,1,10,2,14,,17,17,1,18,5,121.5215939,25.0389242
111,8,15,16,42,2,05中正區,中正區仁愛路1段與林森南路口口,0,0,1,2,C03,8,1,5,50,4,2,1,5,4,5,7,2,1,9,4,4,1,12,1,32,2,8,1,1,7,12,1,10,2,12,,44,17,1,21,5,121.5215939,25.0389242
111,8,15,16,43,2,07信義區,信義區吳興街227號,0,0,1,1,C03,8,1,5,30,14,9,1,5,4,5,7,2,1,5,4,5,2,11,1,20,2,7,1,1,7,5,1,10,1,11,,6,6,1,22,8,121.5631691,25.02769434
111,8,15,16,43,2,07信義區,信義區吳興街227號,0,0,1,2,C03,8,1,5,30,14,9,1,5,4,5,7,2,1,5,4,5,2,11,1,23,3,10,1,1,7,9,1,9,1,11,,44,6,1,22,8,121.5631691,25.02769434
111,8,15,16,43,2,07信義區,信義區吳興街227號,0,0,1,3,C03,8,1,5,30,14,9,1,5,4,5,7,2,1,5,4,5,2,11,1,30,3,10,1,1,7,14,1,10,1,11,,44,6,1,22,8,121.5631691,25.02769434
111,8,15,17,5,2,10文山區,文山區景福街與景福街175巷口口,0,0,1,1,F02,8,1,5,30,4,1,1,5,4,5,7,3,1,10,5,5,2,15,1,84,2,9,1,1,7,9,8,20,2,16,,6,6,1,22,9,121.5372839,24.99487573
111,8,15,17,5,2,10文山區,文山區景福街與景福街175巷口口,0,0,1,2,B12,8,1,5,30,4,1,1,5,4,5,7,3,1,10,5,5,2,15,1,42,3,10,1,1,7,9,1,8,2,1,,23,6,1,22,9,121.5372839,24.99487573
111,8,15,17,5,2,11南港區,南港區市民大道8段與向陽路口,0,0,2,1,B03,8,1,5,50,4,1,1,5,4,5,7,2,1,5,4,5,2,16,1,57,3,10,3,4,7,5,1,8,1,6,,8,8,1,22,9,121.5954881,25.0514507
111,8,15,17,5,2,11南港區,南港區市民大道8段與向陽路口,0,0,2,2,C03,8,1,5,50,4,1,1,5,4,5,7,2,1,5,4,5,2,16,1,47,2,9,1,1,7,9,1,10,1,11,,44,8,1,22,9,121.5954881,25.0514507
111,8,15,17,5,2,11南港區,南港區市民大道8段與向陽路口,0,0,2,3,H02,8,1,5,50,4,1,1,5,4,5,7,2,1,5,4,5,2,16,2,31,2,9,1,5,7,20,8,20,10,16,,67,8,1,22,9,121.5954881,25.0514507
111,8,15,17,31,2,05中正區,中正區金山南路1段與仁愛路2段口,0,0,2,1,C03,8,1,5,50,4,1,1,5,4,5,7,1,1,1,5,5,2,17,1,21,3,10,1,1,7,5,1,10,2,15,,8,8,1,22,9,121.5282952,25.0381351
111,8,15,17,31,2,05中正區,中正區金山南路1段與仁愛路2段口,0,0,2,2,C03,8,1,5,50,4,1,1,5,4,5,7,1,1,1,5,5,2,17,2,45,2,9,2,1,7,9,1,10,2,12,,44,8,1,22,9,121.5282952,25.0381351
111,8,15,17,31,2,05中正區,中正區金山南路1段與仁愛路2段口,0,0,2,3,H02,8,1,5,50,4,1,1,5,4,5,7,1,1,1,5,5,2,17,2,21,2,8,4,5,7,20,8,20,10,16,,67,8,1,22,9,121.5282952,25.0381351
111,8,15,17,31,2,06松山區,松山區塔悠路與撫遠街389巷口,0,0,2,1,C03,8,1,5,50,4,1,1,5,4,5,7,2,1,1,5,5,2,12,1,18,2,9,1,1,7,8,1,10,1,12,,7,7,1,22,9,121.5680527,25.0652575
111,8,15,17,31,2,06松山區,松山區塔悠路與撫遠街389巷口,0,0,2,2,C03,8,1,5,50,4,1,1,5,4,5,7,2,1,1,5,5,2,12,1,40,2,9,1,1,7,9,1,10,1,14,,44,7,1,22,9,121.5680527,25.0652575
111,8,15,17,31,2,06松山區,松山區塔悠路與撫遠街389巷口,0,0,2,3,B03,8,1,5,50,4,1,1,5,4,5,7,2,1,1,5,5,2,12,2,40,3,10,3,4,7,13,7,19,11,3,,44,7,1,22,9,121.5680527,25.0652575
111,8,15,17,38,2,10文山區,文山區興隆路4段與下崙路口,0,0,2,1,B03,8,1,5,50,4,1,1,5,4,5,7,2,1,1,4,5,2,17,1,44,3,10,1,1,7,6,1,8,1,2,,9,9,1,22,9,121.5608251,24.9866982
111,8,15,17,38,2,10文山區,文山區興隆路4段與下崙路口,0,0,2,2,C03,8,1,5,50,4,1,1,5,4,5,7,2,1,1,4,5,2,17,1,54,2,7,1,1,7,9,1,10,1,11,,44,9,1,22,9,121.5608251,24.9866982
111,8,15,17,38,2,10文山區,文山區興隆路4段與下崙路口,0,0,2,3,H02,8,1,5,50,4,1,1,5,4,5,7,2,1,1,4,5,2,17,2,44,2,8,1,5,7,21,8,20,10,15,,67,9,1,22,9,121.5608251,24.9866982
111,8,15,17,41,2,02萬華區,萬華區中華路2段與中華路2段504巷口,0,0,2,1,F01,8,3,5,30,3,2,1,5,4,5,7,4,4,8,5,5,2,17,1,58,2,8,1,1,7,5,8,20,9,16,,4,4,1,22,9,121.5078377,25.02603922
111,8,15,17,41,2,02萬華區,萬華區中華路2段與中華路2段504巷口,0,0,2,2,C03,8,3,5,30,3,2,1,5,4,5,7,4,4,8,5,5,2,17,1,40,2,4,1,1,7,9,1,10,2,12,,44,4,1,22,9,121.5078377,25.02603922
111,8,15,17,46,2,04大安區,大安區杭州南路2段59巷與愛國東路170巷口,0,0,2,1,C03,8,1,5,30,5,1,1,5,4,5,7,4,4,10,5,5,2,17,2,55,2,9,1,4,7,9,1,10,1,11,,23,23,1,22,9,121.5233054,25.031459
111,8,15,17,46,2,04大安區,大安區杭州南路2段59巷與愛國東路170巷口,0,0,2,2,C03,8,1,5,30,5,1,1,5,4,5,7,4,4,10,5,5,2,17,2,56,2,9,1,4,7,5,1,10,1,14,,8,23,1,22,9,121.5233054,25.031459
111,8,15,17,48,2,01大同區,大同區民權西路184巷與蘭州街口,0,0,1,2,H01,8,1,5,30,4,2,1,5,4,5,7,4,4,10,5,5,2,2,1,25,2,7,4,5,8,16,8,20,10,16,,60,23,1,22,9,121.5145698,25.0625788
111,8,15,17,48,2,01大同區,大同區民權西路184巷與蘭州街口,0,0,1,1,B03,8,1,5,30,4,2,1,5,4,5,7,4,4,10,5,5,2,2,1,71,4,11,3,4,7,15,7,19,11,15,,23,23,2,22,9,121.5145698,25.0625788
111,8,15,17,52,2,08士林區,士林區德行東路132巷3弄與忠誠路1段口,0,0,3,1,B03,8,1,5,50,4,2,1,5,4,5,7,1,1,1,1,1,1,16,1,58,3,10,1,1,7,5,1,8,1,1,,6,6,1,22,9,121.5300255,25.10756841
111,8,15,17,52,2,08士林區,士林區德行東路132巷3弄與忠誠路1段口,0,0,3,2,C03,8,1,5,50,4,2,1,5,4,5,7,1,1,1,1,1,1,16,2,19,2,9,1,1,7,9,1,10,1,14,,23,6,1,22,9,121.5300255,25.10756841
111,8,15,17,52,2,08士林區,士林區德行東路132巷3弄與忠誠路1段口,0,0,3,3,H02,8,1,5,50,4,2,1,5,4,5,7,1,1,1,1,1,1,16,2,19,2,9,1,5,7,20,8,20,10,16,,67,6,1,22,9,121.5300255,25.10756841
111,8,15,17,52,2,08士林區,士林區德行東路132巷3弄與忠誠路1段口,0,0,3,4,C03,8,1,5,50,4,2,1,5,4,5,7,1,1,1,1,1,1,16,2,27,2,9,1,1,7,14,1,10,1,14,,44,6,1,22,9,121.5300255,25.10756841
111,8,15,17,56,2,06松山區,松山區塔悠路57號,0,0,1,1,B03,8,1,5,40,14,9,1,5,4,5,7,1,1,1,4,5,1,17,1,48,3,10,1,1,7,6,1,8,1,15,,42,42,1,22,9,121.5708224,25.05113059
111,8,15,17,56,2,06松山區,松山區塔悠路57號,0,0,1,2,C03,8,1,5,40,14,9,1,5,4,5,7,1,1,1,4,5,1,17,1,70,2,8,1,1,7,4,1,10,1,12,,1,42,1,22,9,121.5708224,25.05113059
111,8,15,17,58,2,10文山區,文山區萬芳路51號前,0,0,1,1,B12,8,2,5,50,14,9,1,5,4,5,7,4,4,5,2,5,2,17,2,71,3,10,3,4,7,11,1,8,2,15,,10,10,1,22,9,121.5638582,24.99803739
111,8,15,17,58,2,10文山區,文山區萬芳路51號前,0,0,1,2,C03,8,2,5,50,14,9,1,5,4,5,7,4,4,5,2,5,2,17,1,24,2,9,3,4,7,9,1,10,2,15,,13,10,1,22,9,121.5638582,24.99803739
111,8,15,18,38,2,08士林區,士林區重慶北路4段237號,0,0,1,1,B03,8,3,5,40,14,8,1,5,4,5,7,4,4,1,4,4,1,12,1,37,3,10,3,4,7,1,1,8,2,4,,19,19,1,22,9,121.5110322,25.08558138
111,8,15,18,38,2,08士林區,士林區重慶北路4段237號,0,0,1,2,C03,8,3,5,40,14,8,1,5,4,5,7,4,4,1,4,4,1,12,1,31,2,9,3,4,7,9,1,10,2,11,,13,19,1,22,9,121.5110322,25.08558138
111,8,15,18,38,2,12內湖區,內湖區成功路2段與潭美街口(成功橋下),0,0,1,1,B03,8,1,5,40,3,2,1,5,4,5,7,1,1,5,5,5,2,12,1,58,3,10,1,1,7,6,1,8,1,2,,9,9,1,22,9,121.5918737,25.0601417
111,8,15,18,38,2,12內湖區,內湖區成功路2段與潭美街口(成功橋下),0,0,1,2,C03,8,1,5,40,3,2,1,5,4,5,7,1,1,5,5,5,2,12,1,37,2,8,1,1,7,9,1,10,1,14,,44,9,1,22,9,121.5918737,25.0601417
111,8,15,18,43,2,04大安區,大安區忠孝東路4段與敦化南路1段口,0,0,1,1,C03,8,3,5,50,14,9,1,5,4,5,7,2,1,8,3,5,1,12,2,25,2,9,1,1,7,15,1,10,1,14,,23,23,1,21,5,121.5483259,25.04147645
111,8,15,18,43,2,04大安區,大安區忠孝東路4段與敦化南路1段口,0,0,1,2,B03,8,3,5,50,14,9,1,5,4,5,7,2,1,8,3,5,1,12,1,29,3,10,1,1,7,14,1,8,1,6,,44,23,1,21,5,121.5483259,25.04147645
111,8,15,18,51,2,10文山區,文山區萬芳路與無名巷口,0,0,1,1,C03,8,3,5,50,3,1,1,5,4,5,7,4,4,5,4,5,2,17,2,47,2,9,3,4,7,9,1,10,1,11,,42,42,1,22,9,121.5710127,24.99526607
111,8,15,18,51,2,10文山區,文山區萬芳路與無名巷口,0,0,1,2,B03,8,3,5,50,3,1,1,5,4,5,7,4,4,5,4,5,2,17,1,41,3,10,3,4,7,14,1,8,1,6,,42,42,1,22,9,121.5710127,24.99526607
111,8,15,18,51,2,10文山區,文山區萬芳路與無名巷口,0,0,1,3,F01,8,3,5,50,3,1,1,5,4,5,7,4,4,5,4,5,2,17,4,,4,11,3,4,7,15,7,19,11,15,,43,42,2,22,9,121.5710127,24.99526607
111,8,15,19,0,2,12內湖區,內湖區安康路106巷9弄與五分街口,0,0,3,2,B03,8,1,5,30,4,1,1,5,4,5,7,4,4,10,5,5,2,16,1,44,3,10,1,1,7,9,1,8,1,6,,14,6,1,22,9,121.6136595,25.06752627
111,8,15,19,0,2,12內湖區,內湖區安康路106巷9弄與五分街口,0,0,3,1,C03,8,1,5,30,4,1,1,5,4,5,7,4,4,10,5,5,2,16,2,38,2,9,1,1,7,6,1,10,1,14,,6,6,1,22,9,121.6136595,25.06752627
111,8,15,19,0,2,12內湖區,內湖區安康路106巷9弄與五分街口,0,0,3,3,H02,8,1,5,30,4,1,1,5,4,5,7,4,4,10,5,5,2,16,1,6,2,9,1,5,7,21,8,20,10,16,,67,6,1,22,9,121.6136595,25.06752627
111,8,15,19,0,2,12內湖區,內湖區安康路106巷9弄與五分街口,0,0,3,4,H02,8,1,5,30,4,1,1,5,4,5,7,4,4,10,5,5,2,16,1,6,2,9,1,5,7,21,8,20,10,16,,67,6,2,22,9,121.6136595,25.06752627
111,8,15,19,8,2,06松山區,松山區松河街264號,0,0,1,1,C03,8,3,5,40,14,9,1,5,4,5,7,4,4,9,5,5,2,17,1,63,2,9,3,4,7,12,1,10,1,15,,43,43,1,22,9,121.5793435,25.05197958
111,8,15,19,8,2,06松山區,松山區松河街264號,0,0,1,2,,8,3,5,40,14,9,1,5,4,5,7,4,4,9,5,5,2,17,4,,4,11,3,4,7,15,7,19,11,15,,43,43,2,22,9,121.5793435,25.05197958
111,8,15,19,25,2,09北投區,北投區懷德街與明德路口,0,0,2,1,F01,8,3,5,50,4,1,1,5,4,5,7,2,1,5,5,5,1,16,2,67,2,9,1,1,7,5,8,20,1,16,,8,8,1,22,9,121.5200895,25.1154986
111,8,15,19,25,2,09北投區,北投區懷德街與明德路口,0,0,2,2,C03,8,3,5,50,4,1,1,5,4,5,7,2,1,5,5,5,1,16,2,51,2,9,1,1,7,9,1,10,1,11,,44,8,1,22,9,121.5200895,25.1154986
111,8,15,19,40,2,08士林區,士林區文林路468號,0,0,1,1,B01,8,3,5,50,14,9,1,5,4,5,7,4,4,9,5,5,2,9,1,49,3,10,1,1,7,14,1,2,9,6,,38,38,1,22,9,121.5245058,25.09569786
111,8,15,19,40,2,08士林區,士林區文林路468號,0,0,1,2,H02,8,3,5,50,14,9,1,5,4,5,7,4,4,9,5,5,2,9,2,34,3,10,4,5,7,19,8,20,10,16,,56,38,1,22,9,121.5245058,25.09569786
111,8,15,19,40,2,08士林區,士林區文林路468號,0,0,1,3,H01,8,3,5,50,14,9,1,5,4,5,7,4,4,9,5,5,2,9,2,61,2,6,4,5,8,16,8,20,10,16,,67,38,1,22,9,121.5245058,25.09569786
111,8,15,19,45,2,06松山區,松山區敦化北路145巷與南京東路4段53巷口口,0,0,2,1,C03,8,3,5,30,4,1,1,5,4,5,7,4,4,10,5,5,2,15,1,46,2,9,1,1,7,9,1,10,2,11,,26,26,1,22,9,121.5511527,25.05377995
111,8,15,19,45,2,06松山區,松山區敦化北路145巷與南京東路4段53巷口口,0,0,2,2,C03,8,3,5,30,4,1,1,5,4,5,7,4,4,10,5,5,2,15,1,30,2,9,1,1,7,9,1,10,2,11,,23,26,1,22,9,121.5511527,25.05377995
111,8,15,20,4,2,01大同區,大同區民權西路與延平北路2段口,0,0,1,2,C03,8,3,5,40,4,2,1,5,4,5,7,2,1,1,4,5,2,13,1,23,2,7,3,4,7,9,1,10,2,11,,16,42,1,22,9,121.510699,25.06309984
111,8,15,20,4,2,01大同區,大同區民權西路與延平北路2段口,0,0,1,1,B03,8,3,5,40,4,2,1,5,4,5,7,2,1,1,4,5,2,13,1,23,3,10,3,4,7,12,1,8,2,3,,42,42,1,22,9,121.510699,25.06309984
111,8,15,20,23,2,07信義區,信義區市民大道6段與松山路口,0,0,1,1,C03,7,3,5,50,4,2,1,5,4,5,7,2,1,1,4,5,2,18,1,27,2,9,1,1,7,5,1,10,1,14,,42,42,1,22,9,121.5777764,25.04886666
111,8,15,20,23,2,07信義區,信義區市民大道6段與松山路口,0,0,1,2,,7,3,5,50,4,2,1,5,4,5,7,2,1,1,4,5,2,18,3,,,,,,,,,,,,,67,42,1,,,121.5777764,25.04886666
111,8,15,20,47,2,02萬華區,萬華區堤外便道與富民路口疏散門,0,0,2,1,B02,8,3,5,30,3,1,1,5,4,5,2,4,4,10,5,5,2,17,2,54,3,10,1,1,7,6,1,8,1,8,,6,6,1,22,9,121.5002493,25.01760805