發生年度,發生月,發生日,發生時-Hours,發生分,處理別-編號,區序,肇事地點,死亡人數,2-30日死亡人數,受傷人數,當事人序號,車種,天候,光線,道路類別,速限-速度限制,道路型態,事故位置,路面狀況1,路面狀況2,路面狀況3,道路障礙1,道路障礙2,號誌1,號誌2,車道劃分-分向,車道劃分-分道1,車道劃分-分道2,車道劃分-分道3,事故類型及型態,性別,年齡,受傷程度,主要傷處,安全帽,行動電話,車輛用途,當事者行動狀態,駕駛資格情形,駕駛執照種類,飲酒情形,車輛撞擊部位1,車輛撞擊部位2,肇因碼-個別,肇因碼-主要,個人肇逃否,職業,旅次目的,座標-X,座標-Y
111,8,15,20,47,2,02萬華區,萬華區堤外便道與富民路口疏散門,0,0,2,2,C03,8,3,5,30,3,1,1,5,4,5,2,4,4,10,5,5,2,17,1,30,2,9,1,1,7,9,1,10,1,12,,23,6,1,22,9,121.5002493,25.01760805
111,8,15,20,47,2,02萬華區,萬華區堤外便道與富民路口疏散門,0,0,2,3,H02,8,3,5,30,3,1,1,5,4,5,2,4,4,10,5,5,2,17,2,24,2,7,1,5,7,21,8,20,10,16,,67,6,1,22,9,121.5002493,25.01760805
111,8,15,22,10,2,01大同區,大同區民權西路與承德路2段口,0,0,1,2,B03,8,3,5,50,4,2,1,5,4,5,7,2,1,1,4,5,2,13,1,28,3,10,3,4,7,14,1,8,1,6,,44,16,1,22,9,121.5179425,25.06285091
111,8,15,22,10,2,01大同區,大同區民權西路與承德路2段口,0,0,1,1,C03,8,3,5,50,4,2,1,5,4,5,7,2,1,1,4,5,2,13,1,18,2,9,3,4,7,9,3,18,1,11,,16,16,1,22,9,121.5179425,25.06285091
111,8,15,23,23,2,08士林區,士林區中正路與延平北路6段口,0,0,1,1,B03,8,1,5,50,4,1,1,5,4,5,7,2,1,8,3,5,1,12,1,32,3,10,1,1,7,7,1,8,2,4,,7,7,1,22,9,121.5092318,25.0868625
111,8,15,23,23,2,08士林區,士林區中正路與延平北路6段口,0,0,1,2,C03,8,1,5,50,4,1,1,5,4,5,7,2,1,8,3,5,1,12,1,23,2,8,1,1,7,9,3,18,2,12,,44,7,1,22,9,121.5092318,25.0868625
111,8,16,3,40,2,05中正區,中正區公園路與凱達格蘭大道口,0,0,1,1,B03,8,3,5,50,4,1,1,5,4,5,7,1,1,10,5,5,2,15,1,33,4,11,3,4,7,15,7,19,11,15,,25,25,2,22,9,121.5156514,25.0394298
111,8,16,3,40,2,05中正區,中正區公園路與凱達格蘭大道口,0,0,1,2,B01,8,3,5,50,4,1,1,5,4,5,7,1,1,10,5,5,2,15,1,54,3,10,1,1,7,9,1,4,2,8,,44,25,1,22,9,121.5156514,25.0394298
111,8,16,3,40,2,05中正區,中正區公園路與凱達格蘭大道口,0,0,1,3,H02,8,3,5,50,4,1,1,5,4,5,7,1,1,10,5,5,2,15,1,47,2,9,4,5,7,20,8,20,10,16,,67,25,1,22,9,121.5156514,25.0394298
111,8,16,6,42,2,03中山區,中山區新生北路2段103號,0,0,1,1,B01,8,1,5,40,14,9,1,5,4,5,7,1,1,10,4,5,2,12,1,42,3,10,1,1,7,8,1,4,2,2,,6,6,1,22,9,121.5277454,25.05765135
111,8,16,6,42,2,03中山區,中山區新生北路2段103號,0,0,1,2,C03,8,1,5,40,14,9,1,5,4,5,7,1,1,10,4,5,2,12,1,68,2,9,1,1,7,9,1,10,2,14,,44,6,1,22,9,121.5277454,25.05765135
111,8,16,6,56,2,09北投區,北投區永興路1段與大同街口,0,0,2,1,C03,8,1,5,50,4,1,1,5,4,5,7,2,1,5,4,5,2,16,1,39,2,7,1,2,7,5,1,10,2,12,,6,6,1,22,9,121.4992486,25.13864254
111,8,16,6,56,2,09北投區,北投區永興路1段與大同街口,0,0,2,2,C03,8,1,5,50,4,1,1,5,4,5,7,2,1,5,4,5,2,16,1,41,2,9,1,1,7,9,1,10,2,11,,23,6,1,22,9,121.4992486,25.13864254
111,8,16,7,21,2,07信義區,信義區松仁路308巷103號,0,0,1,1,F01,8,1,5,30,14,9,1,5,4,5,7,4,4,10,5,5,2,3,2,24,3,10,1,1,7,9,8,20,2,16,,23,23,1,22,9,121.5707611,25.0202267
111,8,16,7,21,2,07信義區,信義區松仁路308巷103號,0,0,1,2,H01,8,1,5,30,14,9,1,5,4,5,7,4,4,10,5,5,2,3,2,81,2,9,4,5,8,16,8,20,10,16,,67,23,1,22,9,121.5707611,25.0202267
111,8,16,7,24,2,04大安區,大安區復興南路2段151巷與復興南路2段151巷35弄口,0,1,1,1,C03,8,1,5,40,3,1,1,5,4,5,7,4,4,5,5,5,2,15,1,44,2,7,1,1,7,9,1,10,1,11,,13,13,1,22,9,121.5450776,25.02836237
111,8,16,7,24,2,04大安區,大安區復興南路2段151巷與復興南路2段151巷35弄口,0,1,1,2,F01,8,1,5,40,3,1,1,5,4,5,7,4,4,5,5,5,2,15,1,69,5,9,1,1,7,21,8,20,1,16,,6,13,1,22,9,121.5450776,25.02836237
111,8,16,7,24,2,04大安區,大安區復興南路2段151巷與復興南路2段151巷35弄口,0,1,1,3,B12,8,1,5,40,3,1,1,5,4,5,7,4,4,5,5,5,2,15,1,50,3,10,1,1,7,13,1,8,9,15,,38,13,1,22,9,121.5450776,25.02836237
111,8,16,8,0,2,05中正區,中正區中山北路1段與忠孝西路1段口,0,0,1,1,C03,8,1,5,50,4,1,1,5,4,5,7,2,1,1,4,5,2,12,1,61,2,7,1,1,7,8,1,10,9,12,,7,7,1,4,1,121.519518,25.0458587
111,8,16,8,0,2,05中正區,中正區中山北路1段與忠孝西路1段口,0,0,1,2,C03,8,1,5,50,4,1,1,5,4,5,7,2,1,1,4,5,2,12,1,28,4,11,3,4,7,9,1,10,11,15,,44,7,2,22,9,121.519518,25.0458587
111,8,16,8,29,2,08士林區,士林區延平北路8段157巷46弄淡水河堤外便道,0,0,2,1,B12,8,1,8,30,15,22,1,5,4,5,7,4,4,10,5,5,1,16,1,40,2,9,1,1,7,5,1,8,1,2,,6,6,1,22,9,121.4805838,25.10397634
111,8,16,8,29,2,08士林區,士林區延平北路8段157巷46弄淡水河堤外便道,0,0,2,2,B03,8,1,8,30,15,22,1,5,4,5,7,4,4,10,5,5,1,16,1,27,2,7,1,1,7,9,1,8,1,1,,14,6,1,22,9,121.4805838,25.10397634
111,8,16,8,31,2,11南港區,南港區南港路1段與南港路1段171巷口,0,0,1,1,C03,8,1,5,50,5,1,1,5,4,5,7,1,1,1,3,5,1,16,1,30,2,9,3,4,7,9,1,10,2,14,,44,44,1,22,9,121.6131786,25.05518407
111,8,16,8,31,2,11南港區,南港區南港路1段與南港路1段171巷口,0,0,1,2,C03,8,1,5,50,5,1,1,5,4,5,7,1,1,1,3,5,1,16,2,44,3,10,3,4,7,8,4,8,2,13,,7,44,1,22,9,121.6131786,25.05518407
111,8,16,8,48,2,03中山區,中山區濱江街297號,0,0,1,1,B03,8,1,5,50,14,9,1,5,4,5,7,4,4,10,5,5,2,17,2,32,3,10,1,1,7,7,6,8,11,15,,7,7,1,22,9,121.5453776,25.07246223
111,8,16,8,48,2,03中山區,中山區濱江街297號,0,0,1,2,C03,8,1,5,50,14,9,1,5,4,5,7,4,4,10,5,5,2,17,1,28,2,9,1,1,7,9,1,10,1,14,,44,7,1,22,9,121.5453776,25.07246223
111,8,16,8,55,2,11南港區,南港區南港路3段與南港路3段149巷口,0,0,2,1,C03,8,1,5,50,3,1,1,5,4,5,7,4,4,5,4,5,2,16,1,21,2,7,1,1,7,5,1,10,1,12,,6,6,1,21,8,121.5841168,25.05217343
111,8,16,8,55,2,11南港區,南港區南港路3段與南港路3段149巷口,0,0,2,2,C03,8,1,5,50,3,1,1,5,4,5,7,4,4,5,4,5,2,16,1,32,2,8,1,1,7,9,1,10,1,14,,14,6,1,21,8,121.5841168,25.05217343
111,8,16,8,55,2,11南港區,南港區南港路3段與南港路3段149巷口,0,0,2,3,C03,8,1,5,50,3,1,1,5,4,5,7,4,4,5,4,5,2,16,1,26,3,10,1,1,7,9,1,10,1,14,,44,6,1,21,8,121.5841168,25.05217343
111,8,16,8,57,2,05中正區,中正區忠孝西路1段車行地下道,0,0,1,1,B03,8,1,5,50,14,9,1,5,4,5,7,4,4,1,2,5,2,13,2,44,2,2,1,1,7,9,1,8,2,1,,23,23,1,22,9,121.5176734,25.0461275
111,8,16,8,57,2,05中正區,中正區忠孝西路1段車行地下道,0,0,1,2,B12,8,1,5,50,14,9,1,5,4,5,7,4,4,1,2,5,2,13,1,56,3,10,1,1,7,14,1,2,2,3,,44,23,1,22,9,121.5176734,25.0461275
111,8,16,9,10,2,06松山區,松山區麥帥一橋機車道往內湖,0,0,1,1,C03,8,1,5,40,14,11,1,5,4,5,7,4,4,10,4,5,2,12,1,39,3,10,1,1,7,4,1,10,1,12,,1,1,1,22,9,121.5714769,25.05165863
111,8,16,9,10,2,06松山區,松山區麥帥一橋機車道往內湖,0,0,1,2,C03,8,1,5,40,14,11,1,5,4,5,7,4,4,10,4,5,2,12,2,44,2,9,1,1,7,9,1,10,1,14,,44,1,1,22,9,121.5714769,25.05165863
111,8,16,9,20,2,09北投區,北投區石牌路2段與石牌路2段99巷口,0,0,1,1,B01,8,1,5,50,4,1,1,5,4,5,7,4,4,1,4,5,2,17,1,57,3,10,1,1,7,9,1,8,1,8,,23,23,1,22,9,121.5165692,25.1176057
111,8,16,9,20,2,09北投區,北投區石牌路2段與石牌路2段99巷口,0,0,1,2,C03,8,1,5,50,4,1,1,5,4,5,7,4,4,1,4,5,2,17,2,63,2,9,1,1,7,5,1,10,1,13,,6,23,1,22,9,121.5165692,25.1176057
111,8,16,9,35,2,08士林區,士林區中山北路6段與中山北路6段439巷口,0,0,3,1,C03,8,1,5,50,4,1,1,5,4,5,7,3,1,1,4,5,2,17,1,58,2,9,1,4,7,5,1,10,9,12,,6,6,1,22,9,121.5273847,25.11451981
111,8,16,9,35,2,08士林區,士林區中山北路6段與中山北路6段439巷口,0,0,3,2,C03,8,1,5,50,4,1,1,5,4,5,7,3,1,1,4,5,2,17,1,23,2,9,1,4,7,9,1,10,9,11,,14,6,1,22,9,121.5273847,25.11451981
111,8,16,9,35,2,08士林區,士林區中山北路6段與中山北路6段439巷口,0,0,3,3,H02,8,1,5,50,4,1,1,5,4,5,7,3,1,1,4,5,2,17,2,56,2,2,1,5,7,20,8,20,10,16,,67,6,1,22,9,121.5273847,25.11451981
111,8,16,9,39,2,07信義區,信義區忠孝東路5段與松仁路口,0,0,1,1,B03,8,1,5,50,4,1,1,5,4,5,7,2,1,1,4,5,2,15,1,49,3,10,1,1,7,11,1,8,2,2,,10,10,1,22,9,121.5679238,25.0411404
111,8,16,9,39,2,07信義區,信義區忠孝東路5段與松仁路口,0,0,1,2,C03,8,1,5,50,4,1,1,5,4,5,7,2,1,1,4,5,2,15,1,35,2,9,1,1,7,9,1,10,2,11,,44,10,1,22,9,121.5679238,25.0411404
111,8,16,9,50,2,12內湖區,內湖區康寧路3段105號,0,0,1,1,B03,8,1,5,50,14,9,1,5,4,5,7,4,4,1,4,4,2,16,1,57,3,10,1,1,7,1,1,8,1,8,,19,19,1,22,9,121.6106693,25.0712217
111,8,16,9,50,2,12內湖區,內湖區康寧路3段105號,0,0,1,2,C03,8,1,5,50,14,9,1,5,4,5,7,4,4,1,4,4,2,16,2,23,2,9,1,1,7,9,1,10,1,12,,44,19,1,22,9,121.6106693,25.0712217
111,8,16,10,0,2,12內湖區,內湖區陽光街與陽光街321巷口,0,0,2,1,C03,8,1,5,50,3,1,1,5,4,5,7,4,4,9,4,5,2,12,1,24,3,10,1,1,7,5,1,9,1,14,,8,8,1,22,9,121.5786161,25.07355774
111,8,16,10,0,2,12內湖區,內湖區陽光街與陽光街321巷口,0,0,2,2,C03,8,1,5,50,3,1,1,5,4,5,7,4,4,9,4,5,2,12,1,25,2,9,1,1,7,9,1,10,1,12,,14,8,1,22,9,121.5786161,25.07355774
111,8,16,10,0,2,12內湖區,內湖區陽光街與陽光街321巷口,0,0,2,3,H02,8,1,5,50,3,1,1,5,4,5,7,4,4,9,4,5,2,12,2,26,2,9,1,5,7,21,8,20,10,15,,67,8,1,22,9,121.5786161,25.07355774
111,8,16,10,36,2,04大安區,大安區延吉街58號,0,0,1,2,C03,8,3,5,50,14,9,1,5,4,5,7,4,4,5,5,5,2,17,1,50,2,8,1,1,7,9,1,10,1,15,,43,23,1,22,9,121.5538475,25.0438076
111,8,16,10,36,2,04大安區,大安區延吉街58號,0,0,1,1,B01,8,3,5,50,14,9,1,5,4,5,7,4,4,5,5,5,2,17,1,64,3,10,1,1,7,9,1,4,1,1,2,23,23,1,22,9,121.5538475,25.0438076
111,8,16,10,50,2,12內湖區,內湖區內湖路2段與內湖路2段253巷口,0,0,1,1,B03,8,1,5,50,3,1,1,5,4,5,7,4,4,9,4,5,2,16,1,50,3,10,3,4,7,11,1,8,1,1,,10,10,1,22,9,121.5898669,25.08188933
111,8,16,10,50,2,12內湖區,內湖區內湖路2段與內湖路2段253巷口,0,0,1,2,C03,8,1,5,50,3,1,1,5,4,5,7,4,4,9,4,5,2,16,2,31,2,9,1,1,7,9,1,10,1,14,,14,10,1,22,9,121.5898669,25.08188933
111,8,16,11,0,2,08士林區,士林區承德路4段與福港街口,0,0,1,1,C03,8,1,5,50,4,2,1,5,4,5,7,1,1,5,5,5,1,12,1,19,3,10,1,1,7,5,1,10,1,12,,26,26,1,22,9,121.518102,25.0634584
111,8,16,11,0,2,08士林區,士林區承德路4段與福港街口,0,0,1,2,C03,8,1,5,50,4,2,1,5,4,5,7,1,1,5,5,5,1,12,2,52,2,9,1,1,7,5,1,10,1,14,,44,26,1,22,9,121.518102,25.0634584
111,8,16,11,2,2,03中山區,中山區林森北路416巷,0,0,2,1,C03,8,1,5,50,14,9,1,5,4,5,7,4,4,9,4,5,1,17,1,58,2,6,1,1,7,5,1,10,1,11,,8,8,1,22,9,121.5255548,25.05987376
111,8,16,11,2,2,03中山區,中山區林森北路416巷,0,0,2,2,C03,8,1,5,50,14,9,1,5,4,5,7,4,4,9,4,5,1,17,1,61,2,3,1,1,7,9,1,10,1,14,,14,8,1,22,9,121.5255548,25.05987376
111,8,16,11,6,2,06松山區,松山區敦化北路與南京東路3段口,0,0,1,1,C03,8,1,5,50,4,1,1,5,4,5,7,2,1,1,5,5,2,16,2,21,2,9,1,1,7,9,1,10,1,11,,25,25,1,22,9,121.5491669,25.05181711
111,8,16,11,6,2,06松山區,松山區敦化北路與南京東路3段口,0,0,1,2,A02,8,1,5,50,4,1,1,5,4,5,7,2,1,1,5,5,2,16,2,51,3,10,1,1,7,5,1,2,1,5,,8,25,1,22,9,121.5491669,25.05181711
111,8,16,11,27,2,03中山區,中山區民生東路2段129號,0,0,1,1,B01,8,1,5,50,14,9,1,5,4,5,7,4,4,5,4,5,2,16,1,62,3,10,1,1,7,6,1,4,1,5,,9,9,1,22,9,121.5321747,25.0581335
111,8,16,11,27,2,03中山區,中山區民生東路2段129號,0,0,1,2,C03,8,1,5,50,14,9,1,5,4,5,7,4,4,5,4,5,2,16,1,58,2,7,1,1,7,9,1,10,1,14,,44,9,1,22,9,121.5321747,25.0581335
111,8,16,11,45,2,08士林區,士林區磺溪便道與克強路口,0,0,1,1,B03,8,1,5,30,4,1,1,5,4,3,2,4,4,10,5,5,2,15,2,57,3,10,3,4,7,9,1,8,1,2,,6,6,1,22,9,121.5225256,25.10927195
111,8,16,11,45,2,08士林區,士林區磺溪便道與克強路口,0,0,1,2,C03,8,1,5,30,4,1,1,5,4,3,2,4,4,10,5,5,2,15,1,19,2,7,1,4,7,9,1,10,1,11,,13,6,1,22,9,121.5225256,25.10927195
111,8,16,12,8,2,08士林區,士林區天母北路與天母北路87巷9弄口,0,0,1,1,B03,8,1,5,50,5,1,1,5,4,5,7,1,1,5,5,5,1,12,1,61,3,10,1,1,7,1,1,8,1,8,,19,19,1,22,9,121.5268093,25.1217809
111,8,16,12,8,2,08士林區,士林區天母北路與天母北路87巷9弄口,0,0,1,2,C03,8,1,5,50,5,1,1,5,4,5,7,1,1,5,5,5,1,12,2,44,2,9,1,1,7,6,4,11,1,11,,44,19,1,22,9,121.5268093,25.1217809
111,8,16,12,15,2,07信義區,信義區忠孝東路5段345巷與忠孝東路5段423巷5弄口,0,0,1,1,C03,8,1,5,30,4,1,1,5,4,3,5,4,4,10,5,5,2,15,1,18,2,9,1,1,7,9,1,10,2,12,,6,6,1,22,9,121.5740623,25.0417888
111,8,16,12,15,2,07信義區,信義區忠孝東路5段345巷與忠孝東路5段423巷5弄口,0,0,1,2,B12,8,1,5,30,4,1,1,5,4,3,5,4,4,10,5,5,2,15,1,53,3,10,1,1,7,9,1,1,2,1,,14,6,1,22,9,121.5740623,25.0417888
111,8,16,12,15,2,07信義區,信義區忠孝東路5段345巷與忠孝東路5段423巷5弄口,0,0,1,3,B11,8,1,5,30,4,1,1,5,4,3,5,4,4,10,5,5,2,15,1,29,3,10,1,1,7,14,1,2,9,15,,38,6,1,22,9,121.5740623,25.0417888
111,8,16,12,30,2,07信義區,信義區忠孝東路4段556巷與忠孝東路口側附近4段口,0,0,1,1,C03,8,1,5,30,3,1,1,5,4,5,7,4,4,1,4,5,2,17,1,45,2,8,1,1,7,1,1,10,1,14,,19,19,1,21,8,121.5636135,25.04101032
111,8,16,12,30,2,07信義區,信義區忠孝東路4段556巷與忠孝東路口側附近4段口,0,0,1,2,B01,8,1,5,30,3,1,1,5,4,5,7,4,4,1,4,5,2,17,1,57,3,10,1,1,7,9,1,4,1,1,,14,19,1,21,8,121.5636135,25.04101032
111,8,16,12,35,2,07信義區,信義區永吉路278巷57弄與永吉路278巷口,0,0,2,1,C03,8,1,5,30,4,1,1,5,4,5,7,4,4,5,5,5,2,15,1,54,2,7,3,4,7,9,1,10,1,12,,6,6,1,22,9,121.5740882,25.04341213
111,8,16,12,35,2,07信義區,信義區永吉路278巷57弄與永吉路278巷口,0,0,2,2,C03,8,1,5,30,4,1,1,5,4,5,7,4,4,5,5,5,2,15,1,42,2,9,3,4,7,9,1,10,1,11,,4,6,1,22,9,121.5740882,25.04341213
111,8,16,12,46,2,03中山區,中山區遼寧街155巷與南京東路3段223巷口,0,0,1,2,C03,8,1,5,30,3,1,1,5,4,5,7,4,4,10,3,5,1,29,1,44,2,8,1,1,7,9,1,10,2,12,,44,61,1,22,9,121.5434894,25.052387
111,8,16,12,46,2,03中山區,中山區遼寧街155巷與南京東路3段223巷口,0,0,1,1,,8,1,5,30,3,1,1,5,4,5,7,4,4,10,3,5,1,29,3,,,,,,,,,,,,,61,61,1,,,121.5434894,25.052387
111,8,16,13,24,2,02萬華區,萬華區東園街140巷與東園街154巷9弄口,0,0,1,1,C03,8,1,6,30,4,1,1,5,4,5,7,4,4,10,5,5,1,15,2,38,2,9,1,4,7,9,1,10,1,12,,6,6,1,22,9,121.4969729,25.02334532
111,8,16,13,24,2,02萬華區,萬華區東園街140巷與東園街154巷9弄口,0,0,1,2,B03,8,1,6,30,4,1,1,5,4,5,7,4,4,10,5,5,1,15,1,27,3,10,1,4,7,9,1,8,1,1,,13,6,1,22,9,121.4969729,25.02334532
111,8,16,13,24,2,02萬華區,萬華區東園街140巷與東園街154巷9弄口,0,0,1,3,C03,8,1,6,30,4,1,1,5,4,5,7,4,4,10,5,5,1,15,4,,4,11,3,4,7,15,7,19,11,15,,44,6,2,22,9,121.4969729,25.02334532
111,8,16,13,24,2,02萬華區,萬華區東園街140巷與東園街154巷9弄口,0,0,1,4,C03,8,1,6,30,4,1,1,5,4,5,7,4,4,10,5,5,1,15,4,,4,11,3,4,7,15,7,19,11,15,,44,6,2,22,9,121.4969729,25.02334532
111,8,16,13,24,2,02萬華區,萬華區東園街140巷與東園街154巷9弄口,0,0,1,5,C03,8,1,6,30,4,1,1,5,4,5,7,4,4,10,5,5,1,15,4,,4,11,3,4,7,15,7,19,11,15,,44,6,2,22,9,121.4969729,25.02334532
111,8,16,13,53,2,03中山區,中山區中山北路4段與新生高架道口,0,0,1,1,C03,6,1,5,30,4,1,1,4,4,5,7,1,1,1,3,5,1,17,1,28,2,7,1,1,7,7,1,10,1,13,,7,7,1,22,9,121.5251576,25.0767553
111,8,16,13,53,2,03中山區,中山區中山北路4段與新生高架道口,0,0,1,2,C03,6,1,5,30,4,1,1,4,4,5,7,1,1,1,3,5,1,17,2,24,3,10,1,1,7,9,1,10,1,11,,23,7,1,22,9,121.5251576,25.0767553
111,8,16,14,5,2,12內湖區,內湖區環山路2段139號,0,0,1,1,C03,6,1,5,50,3,2,1,4,4,5,7,4,4,5,4,5,2,17,2,50,2,9,1,1,7,9,1,10,1,12,,44,44,1,22,9,121.5771127,25.08393797
111,8,16,14,5,2,12內湖區,內湖區環山路2段139號,0,0,1,2,B02,6,1,5,50,3,2,1,4,4,5,7,4,4,5,4,5,2,17,1,25,3,10,1,1,7,5,1,8,1,15,,6,44,1,22,9,121.5771127,25.08393797
111,8,16,14,5,2,07信義區,信義區基隆路1段29號,0,0,1,1,C03,6,1,5,50,14,9,1,4,4,5,7,4,4,1,4,5,2,18,2,28,2,8,3,4,7,9,1,10,9,14,,43,43,1,22,9,121.5688962,25.04828759
111,8,16,14,5,2,07信義區,信義區基隆路1段29號,0,0,1,2,,6,1,5,50,14,9,1,4,4,5,7,4,4,1,4,5,2,18,3,,,,,,,,,,,,,67,43,1,,,121.5688962,25.04828759
111,8,16,14,8,2,01大同區,大同區民族西路與大龍街口,0,0,1,1,B03,6,1,5,50,4,1,1,4,4,5,6,1,1,5,4,5,2,16,1,63,3,10,1,1,7,5,1,8,1,5,,6,6,1,22,9,121.515853,25.06859156
111,8,16,14,8,2,01大同區,大同區民族西路與大龍街口,0,0,1,2,C03,6,1,5,50,4,1,1,4,4,5,6,1,1,5,4,5,2,16,2,19,2,9,1,1,7,9,1,10,1,11,,23,6,1,22,9,121.515853,25.06859156
111,8,16,14,20,2,07信義區,信義區吳興街589號,0,0,1,1,A12,7,1,5,50,14,9,1,5,4,5,7,4,4,9,5,5,2,16,1,51,3,10,1,1,7,1,1,3,2,5,,19,19,1,22,9,121.5691871,25.02231043
111,8,16,14,20,2,07信義區,信義區吳興街589號,0,0,1,2,C03,7,1,5,50,14,9,1,5,4,5,7,4,4,9,5,5,2,16,2,31,2,3,1,1,7,15,1,10,2,12,,44,19,1,22,9,121.5691871,25.02231043
111,8,16,14,39,2,08士林區,士林區至善路2段(公車故宮路口站),0,0,2,1,B12,7,1,5,50,14,7,1,4,4,5,7,4,4,1,4,4,1,29,1,22,2,8,3,4,7,9,1,8,2,1,,42,42,1,22,9,121.5459801,25.09806584
111,8,16,14,39,2,08士林區,士林區至善路2段(公車故宮路口站),0,0,2,2,,7,1,5,50,14,7,1,4,4,5,7,4,4,1,4,4,1,29,3,,,,,,,,,,10,,,67,42,1,,,121.5459801,25.09806584
111,8,16,14,39,2,08士林區,士林區至善路2段(公車故宮路口站),0,0,2,3,H02,7,1,5,50,14,7,1,4,4,5,7,4,4,1,4,4,1,29,1,19,2,9,3,4,7,20,8,20,10,15,,67,42,1,22,9,121.5459801,25.09806584
111,8,16,14,43,2,09北投區,北投區稻香路與秀山路口,0,0,1,1,B01,8,1,5,50,5,1,1,5,4,5,1,3,1,10,5,5,2,16,1,64,3,10,1,1,7,5,1,2,2,8,,6,6,1,22,9,121.4902735,25.1419974
111,8,16,14,43,2,09北投區,北投區稻香路與秀山路口,0,0,1,2,C03,8,1,5,50,5,1,1,5,4,5,1,3,1,10,5,5,2,16,1,61,2,9,1,1,7,9,1,10,2,12,,44,6,1,22,9,121.4902735,25.1419974
111,8,16,15,34,2,08士林區,士林區中山北路5段往南銘傳大學對面,0,0,1,1,C03,7,1,5,50,14,9,1,5,4,5,7,4,4,4,3,5,1,13,1,44,2,9,1,1,7,9,1,10,1,11,,16,16,1,22,9,121.5275544,25.091627
111,8,16,15,34,2,08士林區,士林區中山北路5段往南銘傳大學對面,0,0,1,2,B03,7,1,5,50,14,9,1,5,4,5,7,4,4,4,3,5,1,13,1,36,3,10,1,1,7,9,1,8,1,6,,44,16,1,22,9,121.5275544,25.091627
111,8,16,15,34,2,08士林區,士林區中山北路5段往南銘傳大學對面,0,0,1,3,B01,7,1,5,50,14,9,1,5,4,5,7,4,4,4,3,5,1,13,1,59,3,10,1,1,7,8,1,4,1,15,,7,16,1,22,9,121.5275544,25.091627
111,8,16,16,54,2,08士林區,士林區承德路5段50號對面,0,0,1,1,B02,8,1,5,40,14,8,1,5,4,5,7,4,4,1,4,4,1,17,1,52,3,10,1,1,7,14,1,8,1,4,,44,44,1,22,9,121.5154292,25.09285448
111,8,16,16,54,2,08士林區,士林區承德路5段50號對面,0,0,1,2,C03,8,1,5,40,14,8,1,5,4,5,7,4,4,1,4,4,1,17,2,44,2,9,1,1,7,9,1,10,1,12,,23,44,1,22,9,121.5154292,25.09285448
111,8,16,16,55,2,10文山區,文山區木柵路1段111號,0,0,3,1,C03,8,1,5,50,14,9,1,5,4,5,7,4,4,5,4,5,2,17,2,19,2,8,3,4,7,1,1,10,2,11,,19,19,1,22,9,121.5482805,24.98713139
111,8,16,16,55,2,10文山區,文山區木柵路1段111號,0,0,3,2,C03,8,1,5,50,14,9,1,5,4,5,7,4,4,5,4,5,2,17,1,21,2,9,3,4,7,9,6,10,2,11,,44,19,1,22,9,121.5482805,24.98713139
111,8,16,16,55,2,10文山區,文山區木柵路1段111號,0,0,3,3,H02,8,1,5,50,14,9,1,5,4,5,7,4,4,5,4,5,2,17,2,19,2,8,3,4,7,20,8,20,10,16,,67,19,1,22,9,121.5482805,24.98713139
111,8,16,17,25,2,06松山區,松山區民權東路3段162號,0,0,1,1,C03,8,1,5,50,14,9,1,5,4,5,7,4,4,1,4,4,2,13,1,41,3,10,1,1,7,9,1,10,1,13,11,42,42,1,22,9,121.548136,25.06191552
111,8,16,17,25,2,06松山區,松山區民權東路3段162號,0,0,1,2,B01,8,1,5,50,14,9,1,5,4,5,7,4,4,1,4,4,2,13,1,47,3,10,1,1,7,8,1,4,1,3,,44,42,1,22,9,121.548136,25.06191552
111,8,16,17,25,2,06松山區,松山區民權東路3段162號,0,0,1,3,C03,8,1,5,50,14,9,1,5,4,5,7,4,4,1,4,4,2,13,1,22,2,8,1,1,7,9,1,10,1,11,,23,42,1,22,9,121.548136,25.06191552
111,8,16,17,25,2,10文山區,文山區興隆路4段1巷與興隆路4段口,0,0,1,2,C03,8,1,5,50,3,1,1,5,4,5,7,1,1,1,4,5,2,16,1,23,2,9,1,1,7,9,1,10,1,11,,44,10,1,22,9,121.5590128,24.99111967
111,8,16,17,25,2,10文山區,文山區興隆路4段1巷與興隆路4段口,0,0,1,1,B03,8,1,5,50,3,1,1,5,4,5,7,1,1,1,4,5,2,16,2,53,3,10,1,1,7,11,1,8,1,6,,10,10,1,22,9,121.5590128,24.99111967
111,8,16,17,29,2,09北投區,北投區承信路與無名巷口,0,0,3,1,C03,8,1,5,50,4,1,1,5,4,5,7,3,1,5,2,5,2,15,2,37,2,9,1,1,7,9,1,10,1,12,,6,6,1,22,9,121.512965,25.10345661
111,8,16,17,29,2,09北投區,北投區承信路與無名巷口,0,0,3,2,B02,8,1,5,50,4,1,1,5,4,5,7,3,1,5,2,5,2,15,2,36,3,10,1,1,7,9,1,8,1,8,,14,6,1,22,9,121.512965,25.10345661
111,8,16,17,29,2,09北投區,北投區承信路與無名巷口,0,0,3,3,H02,8,1,5,50,4,1,1,5,4,5,7,3,1,5,2,5,2,15,1,6,2,9,1,1,7,21,8,20,10,16,,67,6,1,22,9,121.512965,25.10345661