發生年度,發生月,發生日,發生時-Hours,發生分,處理別-編號,區序,肇事地點,死亡人數,2-30日死亡人數,受傷人數,當事人序號,車種,天候,光線,道路類別,速限-速度限制,道路型態,事故位置,路面狀況1,路面狀況2,路面狀況3,道路障礙1,道路障礙2,號誌1,號誌2,車道劃分-分向,車道劃分-分道1,車道劃分-分道2,車道劃分-分道3,事故類型及型態,性別,年齡,受傷程度,主要傷處,安全帽,行動電話,車輛用途,當事者行動狀態,駕駛資格情形,駕駛執照種類,飲酒情形,車輛撞擊部位1,車輛撞擊部位2,肇因碼-個別,肇因碼-主要,個人肇逃否,職業,旅次目的,座標-X,座標-Y
111,8,16,17,29,2,09北投區,北投區承信路與無名巷口,0,0,3,4,H02,8,1,5,50,4,1,1,5,4,5,7,3,1,5,2,5,2,15,2,8,2,9,1,1,7,21,8,20,10,16,,67,6,1,22,9,121.512965,25.10345661
111,8,16,18,7,2,05中正區,中正區市民大道1段與承德路1段口,0,0,4,1,C03,8,1,5,40,4,1,1,5,4,5,7,1,1,1,4,5,2,12,1,28,2,8,1,1,7,9,1,10,2,11,,23,23,1,22,9,121.5164951,25.0486766
111,8,16,18,7,2,05中正區,中正區市民大道1段與承德路1段口,0,0,4,2,C03,8,1,5,40,4,1,1,5,4,5,7,1,1,1,4,5,2,12,2,21,2,7,1,1,7,9,1,10,2,11,,44,23,1,22,9,121.5164951,25.0486766
111,8,16,18,7,2,05中正區,中正區市民大道1段與承德路1段口,0,0,4,3,C03,8,1,5,40,4,1,1,5,4,5,7,1,1,1,4,5,2,12,1,26,2,8,1,1,7,9,1,10,2,14,,44,23,1,22,9,121.5164951,25.0486766
111,8,16,18,7,2,05中正區,中正區市民大道1段與承德路1段口,0,0,4,4,H02,8,1,5,40,4,1,1,5,4,5,7,1,1,1,4,5,2,12,2,21,2,9,4,5,7,20,8,20,10,16,,67,23,1,22,9,121.5164951,25.0486766
111,8,16,18,20,2,07信義區,信義區市民大道5段與東興路口,0,0,2,1,C03,8,3,5,50,4,2,1,5,4,5,7,2,1,9,4,5,1,17,2,18,3,10,3,4,7,9,1,10,1,15,,25,25,1,22,9,121.5659212,25.0481377
111,8,16,18,20,2,07信義區,信義區市民大道5段與東興路口,0,0,2,2,A02,8,3,5,50,4,2,1,5,4,5,7,2,1,9,4,5,1,17,1,52,3,10,3,4,7,9,1,2,1,15,,44,25,1,22,9,121.5659212,25.0481377
111,8,16,18,20,2,07信義區,信義區市民大道5段與東興路口,0,0,2,3,H02,8,3,5,50,4,2,1,5,4,5,7,2,1,9,4,5,1,17,2,70,2,1,4,5,7,17,8,20,10,16,,67,25,1,22,9,121.5659212,25.0481377
111,8,16,18,20,2,07信義區,信義區市民大道5段與東興路口,0,0,2,4,H02,8,3,5,50,4,2,1,5,4,5,7,2,1,9,4,5,1,17,1,23,2,1,3,5,7,17,8,20,10,16,,67,25,1,22,9,121.5659212,25.0481377
111,8,16,18,23,2,05中正區,中正區貴陽街1段外交部後方,0,0,1,1,B03,8,2,5,50,14,9,1,5,4,5,7,4,4,5,5,3,1,12,1,56,3,10,1,1,7,5,1,8,2,4,,44,44,1,22,9,121.5163868,25.03833772
111,8,16,18,23,2,05中正區,中正區貴陽街1段外交部後方,0,0,1,2,C03,8,2,5,50,14,9,1,5,4,5,7,4,4,5,5,3,1,12,2,28,2,9,1,1,7,9,1,10,2,11,,26,44,1,22,9,121.5163868,25.03833772
111,8,16,18,30,2,05中正區,中正區杭州南路1段與濟南路1段口,0,0,1,1,B03,8,2,5,50,4,2,1,5,4,5,7,1,1,9,4,5,2,12,1,48,3,10,1,1,7,6,1,8,2,2,,9,9,1,22,9,121.525903,25.0415982
111,8,16,18,30,2,05中正區,中正區杭州南路1段與濟南路1段口,0,0,1,2,C03,8,2,5,50,4,2,1,5,4,5,7,1,1,9,4,5,2,12,1,54,2,9,1,1,7,9,1,10,2,11,,44,9,1,22,9,121.525903,25.0415982
111,8,16,18,45,2,07信義區,信義區基隆路1段與松隆路口,0,0,1,1,C03,8,3,5,50,3,1,1,5,4,5,7,1,1,1,4,5,2,13,1,27,3,10,1,1,7,9,1,10,1,11,,16,16,1,22,9,121.5721493,25.0468365
111,8,16,18,45,2,07信義區,信義區基隆路1段與松隆路口,0,0,1,2,C03,8,3,5,50,3,1,1,5,4,5,7,1,1,1,4,5,2,13,2,35,2,9,1,1,7,12,1,10,1,13,,44,16,1,22,9,121.5721493,25.0468365
111,8,16,19,6,2,06松山區,松山區南京東路5段291巷與健康路口口,0,0,1,1,B01,8,3,5,30,3,1,1,5,4,5,7,2,1,1,4,4,2,3,1,60,3,10,1,1,7,6,1,4,2,1,,15,15,1,22,9,121.5662068,25.05421614
111,8,16,19,6,2,06松山區,松山區南京東路5段291巷與健康路口口,0,0,1,2,H01,8,3,5,30,3,1,1,5,4,5,7,2,1,1,4,4,2,3,2,76,2,9,4,1,8,16,8,20,2,16,,67,15,1,22,9,121.5662068,25.05421614
111,8,16,20,25,2,03中山區,中山區敬業三路與樂群二路口,0,0,5,1,B03,8,3,5,50,4,1,1,5,4,5,7,1,1,1,3,5,1,16,2,21,2,8,3,4,7,5,1,8,2,5,,6,6,1,22,9,121.5562699,25.07993055
111,8,16,20,25,2,03中山區,中山區敬業三路與樂群二路口,0,0,5,2,B02,8,3,5,50,4,1,1,5,4,5,7,1,1,1,3,5,1,16,2,20,2,9,3,4,7,9,1,8,2,1,,13,6,1,22,9,121.5562699,25.07993055
111,8,16,20,25,2,03中山區,中山區敬業三路與樂群二路口,0,0,5,6,,8,3,5,50,4,1,1,5,4,5,7,1,1,1,3,5,1,16,3,,,,,,,,,,,,,67,6,1,,,121.5562699,25.07993055
111,8,16,20,25,2,03中山區,中山區敬業三路與樂群二路口,0,0,5,3,H02,8,3,5,50,4,1,1,5,4,5,7,1,1,1,3,5,1,16,2,53,2,3,3,5,7,17,8,20,10,16,,67,6,1,22,9,121.5562699,25.07993055
111,8,16,20,25,2,03中山區,中山區敬業三路與樂群二路口,0,0,5,4,H02,8,3,5,50,4,1,1,5,4,5,7,1,1,1,3,5,1,16,2,53,2,8,3,5,7,17,8,20,10,16,,67,6,1,22,9,121.5562699,25.07993055
111,8,16,20,25,2,03中山區,中山區敬業三路與樂群二路口,0,0,5,5,H02,8,3,5,50,4,1,1,5,4,5,7,1,1,1,3,5,1,16,1,21,2,9,3,5,7,17,8,20,10,16,,67,6,1,22,9,121.5562699,25.07993055
111,8,16,21,18,2,02萬華區,萬華區堤外便道自行車道(龍山035燈桿),0,0,1,1,F01,8,3,8,0,15,22,2,5,4,5,6,4,4,10,5,5,2,10,2,31,2,1,1,1,7,9,8,20,1,16,,23,23,1,22,9,121.5004558,25.04395473
111,8,16,21,18,2,02萬華區,萬華區堤外便道自行車道(龍山035燈桿),0,0,1,2,F01,8,3,8,0,15,22,2,5,4,5,6,4,4,10,5,5,2,10,1,29,3,10,1,1,7,9,8,20,1,16,,42,23,1,22,9,121.5004558,25.04395473
111,8,16,21,27,2,12內湖區,內湖區五分街與五分街72巷口,0,0,1,1,B03,8,3,5,30,4,2,1,5,4,5,7,4,4,10,5,5,2,17,1,22,3,10,1,1,7,5,3,18,2,5,,8,8,1,22,9,121.6163618,25.06717255
111,8,16,21,27,2,12內湖區,內湖區五分街與五分街72巷口,0,0,1,2,C03,8,3,5,30,4,2,1,5,4,5,7,4,4,10,5,5,2,17,1,37,2,9,1,1,7,9,1,10,2,12,,44,8,1,22,9,121.6163618,25.06717255
111,8,16,22,0,2,05中正區,中正區仁愛路2段與金山南路1段口,0,0,1,1,B03,8,3,5,50,4,1,1,5,4,5,7,1,1,1,3,1,2,12,1,28,3,10,1,4,7,5,3,18,2,4,,26,44,1,22,9,121.5282455,25.038141
111,8,16,22,0,2,05中正區,中正區仁愛路2段與金山南路1段口,0,0,1,2,C03,8,3,5,50,4,1,1,5,4,5,7,1,1,1,3,1,2,12,1,24,2,9,1,3,7,9,1,10,2,12,,44,44,1,22,9,121.5282455,25.038141
111,8,16,22,0,2,08士林區,士林區天母西路與天母西路62巷口,0,0,1,1,B03,8,3,5,50,4,2,1,5,4,5,7,2,1,10,2,5,1,16,2,29,3,10,1,1,7,5,1,8,1,8,,8,8,1,22,9,121.5242516,25.11854168
111,8,16,22,0,2,08士林區,士林區天母西路與天母西路62巷口,0,0,1,2,C03,8,3,5,50,4,2,1,5,4,5,7,2,1,10,2,5,1,16,2,21,2,9,1,1,7,9,1,10,1,12,,23,8,1,22,9,121.5242516,25.11854168
111,8,16,22,5,2,03中山區,中山區建國北路2段與長春路口,0,0,1,1,B03,8,3,5,50,4,1,1,5,4,5,7,2,1,5,4,5,2,12,1,46,3,10,3,4,7,6,1,8,2,2,,9,9,1,22,9,121.5364412,25.0547197
111,8,16,22,5,2,03中山區,中山區建國北路2段與長春路口,0,0,1,2,C03,8,3,5,50,4,1,1,5,4,5,7,2,1,5,4,5,2,12,1,33,2,9,1,4,7,15,1,9,2,14,,44,9,1,22,9,121.5364412,25.0547197
111,8,16,22,28,2,11南港區,南港區松河街與南港路3段314巷口口,0,0,2,1,C03,8,3,5,30,3,1,4,5,4,5,7,2,1,1,5,5,2,16,1,18,2,8,1,1,7,11,1,10,2,11,,26,26,1,22,9,121.5812038,25.05239315
111,8,16,22,28,2,11南港區,南港區松河街與南港路3段314巷口口,0,0,2,2,C04,8,3,5,30,3,1,4,5,4,5,7,2,1,1,5,5,2,16,1,40,2,9,1,1,7,9,1,9,2,11,,44,26,1,22,9,121.5812038,25.05239315
111,8,16,22,38,2,01大同區,大同區環河北路1段與民權西路口,0,0,1,1,,7,3,5,30,3,2,1,2,4,5,7,4,4,10,5,5,1,18,3,,,,,,,,,,,,,61,61,1,,,121.5089399,25.06316603
111,8,16,22,38,2,01大同區,大同區環河北路1段與民權西路口,0,0,1,2,C03,7,3,5,30,3,2,1,2,4,5,7,4,4,10,5,5,1,18,1,41,2,9,1,1,7,9,1,10,1,15,,44,61,1,22,9,121.5089399,25.06316603
111,8,16,23,10,2,12內湖區,內湖區潭美街與安康路106巷口,0,0,1,1,B12,8,3,5,50,4,1,1,5,4,5,7,4,4,5,5,5,2,16,1,30,3,10,1,1,7,6,1,8,1,5,,43,43,1,22,9,121.5992353,25.0606511
111,8,16,23,10,2,12內湖區,內湖區潭美街與安康路106巷口,0,0,1,2,C03,8,3,5,50,4,1,1,5,4,5,7,4,4,5,5,5,2,16,2,21,2,9,1,1,7,9,1,10,1,14,,43,43,1,22,9,121.5992353,25.0606511
111,8,16,23,18,2,05中正區,中正區市民大道2段與林森北路口,0,0,3,1,C03,8,3,5,40,4,1,1,5,4,5,7,2,1,1,4,5,2,12,1,26,2,9,1,1,7,5,1,10,2,14,,8,8,1,22,9,121.5242006,25.04770367
111,8,16,23,18,2,05中正區,中正區市民大道2段與林森北路口,0,0,3,2,C03,8,3,5,40,4,1,1,5,4,5,7,2,1,1,4,5,2,12,1,22,2,9,1,1,7,9,1,10,2,12,,44,8,1,22,9,121.5242006,25.04770367
111,8,16,23,18,2,05中正區,中正區市民大道2段與林森北路口,0,0,3,3,H02,8,3,5,40,4,1,1,5,4,5,7,2,1,1,4,5,2,12,2,23,2,9,4,5,7,20,8,20,10,16,,67,8,1,22,9,121.5242006,25.04770367
111,8,17,0,50,2,10文山區,文山區指南路3段34巷(樟樹步道入口)指南幹117B722585燈桿前,0,0,1,1,C03,8,3,5,30,14,9,1,5,4,5,7,4,4,10,5,5,2,29,1,18,2,7,3,4,7,9,1,10,2,11,,13,13,1,21,8,121.580484,24.9707464
111,8,17,0,50,2,10文山區,文山區指南路3段34巷(樟樹步道入口)指南幹117B722585燈桿前,0,0,1,2,,8,3,5,30,14,9,1,5,4,5,7,4,4,10,5,5,2,29,3,,,,,,,,,,,,,67,13,1,,,121.580484,24.9707464
111,8,17,6,2,2,08士林區,士林區安平街與安平街5巷口,0,0,2,1,C03,8,1,5,30,3,1,1,5,4,5,7,4,4,10,5,5,1,17,1,19,2,9,1,1,7,6,1,10,1,11,,9,9,1,22,9,121.5257497,25.08843204
111,8,17,6,2,2,08士林區,士林區安平街與安平街5巷口,0,0,2,2,C03,8,1,5,30,3,1,1,5,4,5,7,4,4,10,5,5,1,17,1,52,2,9,1,1,7,9,1,10,1,11,,14,9,1,22,9,121.5257497,25.08843204
111,8,17,6,48,2,09北投區,北投區大度路3段與中央北路4段口,0,0,1,1,A02,8,1,5,50,5,2,1,5,4,5,7,1,1,1,4,5,2,17,1,55,3,10,1,1,7,6,1,2,2,2,,9,9,1,22,9,121.4646085,25.1238997
111,8,17,6,48,2,09北投區,北投區大度路3段與中央北路4段口,0,0,1,2,C03,8,1,5,50,5,2,1,5,4,5,7,1,1,1,4,5,2,17,1,43,2,9,1,1,7,9,1,10,2,14,,13,9,1,22,9,121.4646085,25.1238997
111,8,17,6,55,2,08士林區,士林區社中街384巷與倫等街54巷口,0,0,1,1,C04,8,1,5,30,4,1,1,5,4,5,7,4,4,10,5,5,2,17,2,69,2,9,1,1,7,9,1,11,1,12,,6,6,1,22,9,121.5046241,25.092946
111,8,17,6,55,2,08士林區,士林區社中街384巷與倫等街54巷口,0,0,1,2,B01,8,1,5,30,4,1,1,5,4,5,7,4,4,10,5,5,2,17,1,64,3,10,1,1,7,9,1,4,1,1,,44,6,1,22,9,121.5046241,25.092946
111,8,17,6,58,2,12內湖區,內湖區康寧路3段245巷與無名巷口,0,0,2,1,F01,8,1,5,30,3,2,1,5,4,5,7,4,4,10,5,5,2,16,2,67,2,9,1,1,7,9,8,20,2,15,,6,6,1,22,9,121.61407,25.06593676
111,8,17,6,58,2,12內湖區,內湖區康寧路3段245巷與無名巷口,0,0,2,2,C03,8,1,5,30,3,2,1,5,4,5,7,4,4,10,5,5,2,16,1,51,2,9,1,1,7,5,1,10,2,11,,23,6,1,22,9,121.61407,25.06593676
111,8,17,6,59,2,04大安區,大安區金華街與青田街口,0,0,2,1,B01,8,1,5,30,4,1,1,5,4,5,7,3,1,5,5,5,2,15,1,53,3,10,1,1,7,9,1,4,2,6,,6,6,1,22,9,121.5315527,25.0299947
111,8,17,6,59,2,04大安區,大安區金華街與青田街口,0,0,2,2,B01,8,1,5,30,4,1,1,5,4,5,7,3,1,5,5,5,2,15,2,60,3,10,1,1,7,9,1,4,2,1,,23,6,1,22,9,121.5315527,25.0299947
111,8,17,6,59,2,04大安區,大安區金華街與青田街口,0,0,2,3,H02,8,1,5,30,4,1,1,5,4,5,7,3,1,5,5,5,2,15,1,14,2,9,4,5,7,21,8,20,10,16,,67,6,1,22,9,121.5315527,25.0299947
111,8,17,6,59,2,04大安區,大安區金華街與青田街口,0,0,2,4,H02,8,1,5,30,4,1,1,5,4,5,7,3,1,5,5,5,2,15,2,10,2,1,4,5,7,21,8,20,10,15,,67,6,1,22,9,121.5315527,25.0299947
111,8,17,7,27,2,10文山區,文山區萬美街2段與萬寧街口,0,0,1,1,C03,8,1,5,40,4,2,1,5,4,5,7,2,1,9,4,5,1,17,1,23,3,10,1,1,7,9,1,10,1,12,,25,25,1,22,9,121.5628372,25.0034602
111,8,17,7,27,2,10文山區,文山區萬美街2段與萬寧街口,0,0,1,2,C03,8,1,5,40,4,2,1,5,4,5,7,2,1,9,4,5,1,17,2,54,2,8,1,1,7,9,1,10,1,11,,23,25,1,22,9,121.5628372,25.0034602
111,8,17,8,10,2,11南港區,南港區忠孝東路7段359號,0,0,2,1,C03,8,1,5,50,14,9,1,5,4,5,7,4,4,1,3,5,2,13,2,31,2,9,3,4,7,9,1,10,1,11,,23,23,1,22,9,121.6068969,25.05212473
111,8,17,8,10,2,11南港區,南港區忠孝東路7段359號,0,0,2,2,C03,8,1,5,50,14,9,1,5,4,5,7,4,4,1,3,5,2,13,2,45,2,9,3,4,7,9,1,10,1,13,,44,23,1,22,9,121.6068969,25.05212473
111,8,17,8,10,2,11南港區,南港區忠孝東路7段359號,0,0,2,3,B01,8,1,5,50,14,9,1,5,4,5,7,4,4,1,3,5,2,13,1,64,3,10,3,4,7,1,1,8,1,15,,19,23,1,22,9,121.6068969,25.05212473
111,8,17,8,29,2,03中山區,中山區撫順街11號,0,0,2,1,C03,8,1,5,50,14,9,1,5,4,5,7,4,4,9,5,5,2,17,1,56,2,7,1,1,7,1,1,10,1,14,,19,19,1,22,9,121.5212906,25.0637154
111,8,17,8,29,2,03中山區,中山區撫順街11號,0,0,2,2,C03,8,1,5,50,14,9,1,5,4,5,7,4,4,9,5,5,2,17,2,34,2,9,1,1,7,9,1,10,1,11,,44,19,1,22,9,121.5212906,25.0637154
111,8,17,8,42,2,06松山區,松山區濱江街375號,0,0,1,1,B01,8,1,5,50,14,9,1,5,4,5,7,4,4,1,4,5,2,16,1,49,3,10,1,1,7,1,1,4,2,4,,19,19,1,22,9,121.5514038,25.07236388
111,8,17,8,42,2,06松山區,松山區濱江街375號,0,0,1,2,C03,8,1,5,50,14,9,1,5,4,5,7,4,4,1,4,5,2,16,1,29,2,9,1,1,7,9,1,10,2,12,,13,19,1,22,9,121.5514038,25.07236388
111,8,17,8,57,2,04大安區,大安區和平東路2段與和平東路2段107巷口,0,0,1,1,B03,8,1,5,50,3,1,1,5,4,5,7,2,1,1,4,5,2,17,2,50,3,10,3,4,7,5,1,8,1,4,,8,8,1,22,9,121.5402527,25.02529963
111,8,17,8,57,2,04大安區,大安區和平東路2段與和平東路2段107巷口,0,0,1,2,C01,8,1,5,50,3,1,1,5,4,5,7,2,1,1,4,5,2,17,1,39,2,9,3,4,7,9,1,9,1,12,,44,8,1,22,9,121.5402527,25.02529963
111,8,17,9,4,2,12內湖區,內湖區江南街71巷75弄與文德路22巷53弄口,0,0,1,1,C03,8,1,5,30,4,1,1,5,4,5,7,4,4,10,5,5,2,15,2,43,2,9,1,1,7,9,1,10,1,13,,6,6,1,22,9,121.5797393,25.0754922
111,8,17,9,4,2,12內湖區,內湖區江南街71巷75弄與文德路22巷53弄口,0,0,1,2,B01,8,1,5,30,4,1,1,5,4,5,7,4,4,10,5,5,2,15,1,50,3,10,1,1,7,9,1,8,1,5,,6,6,1,22,9,121.5797393,25.0754922
111,8,17,9,12,2,09北投區,北投區石牌路1段與西安街2段口,0,0,1,1,B01,8,1,5,50,4,2,1,5,4,5,7,2,1,1,4,5,2,13,1,58,3,10,1,1,7,9,1,4,1,5,,16,16,1,22,9,121.5147553,25.1152344
111,8,17,9,12,2,09北投區,北投區石牌路1段與西安街2段口,0,0,1,2,C03,8,1,5,50,4,2,1,5,4,5,7,2,1,1,4,5,2,13,2,46,2,9,1,1,7,9,1,10,1,13,,44,16,1,22,9,121.5147553,25.1152344
111,8,17,9,18,2,07信義區,信義區信義快速道路往北037號燈桿,0,0,2,1,B03,8,1,5,70,14,9,1,5,4,5,7,4,4,1,4,5,1,13,2,48,2,2,3,4,7,9,1,8,1,1,,16,16,1,22,9,121.5770267,25.0227218
111,8,17,9,18,2,07信義區,信義區信義快速道路往北037號燈桿,0,0,2,2,B02,8,1,5,70,14,9,1,5,4,5,7,4,4,1,4,5,1,13,1,35,2,7,3,4,7,9,1,4,1,1,,16,16,1,22,9,121.5770267,25.0227218
111,8,17,9,18,2,07信義區,信義區信義快速道路往北037號燈桿,0,0,2,3,B03,8,1,5,70,14,9,1,5,4,5,7,4,4,1,4,5,1,13,1,32,3,10,3,4,7,9,1,8,1,1,,16,16,1,22,9,121.5770267,25.0227218
111,8,17,9,18,2,07信義區,信義區信義快速道路往北037號燈桿,0,0,2,4,B03,8,1,5,70,14,9,1,5,4,5,7,4,4,1,4,5,1,13,1,46,3,10,3,4,7,14,1,8,1,3,,44,16,1,22,9,121.5770267,25.0227218
111,8,17,9,37,2,01大同區,大同區長安西路87號,0,0,1,1,E05,8,1,5,50,14,9,1,5,4,5,7,4,4,5,5,5,2,13,1,53,3,10,1,1,7,5,1,8,1,7,,8,8,1,22,9,121.516628,25.05100864
111,8,17,9,37,2,01大同區,大同區長安西路87號,0,0,1,2,C03,8,1,5,50,14,9,1,5,4,5,7,4,4,5,5,5,2,13,1,41,2,9,1,1,7,9,1,10,1,11,,44,8,1,22,9,121.516628,25.05100864
111,8,17,9,50,2,04大安區,大安區信義路4段265巷與延吉街口,0,0,1,1,F01,8,1,5,30,4,2,1,5,4,5,7,1,1,4,3,5,1,16,2,61,2,5,1,1,7,5,8,20,1,16,,8,8,1,22,9,121.5558912,25.0350584
111,8,17,9,50,2,04大安區,大安區信義路4段265巷與延吉街口,0,0,1,2,B12,8,1,5,30,4,2,1,5,4,5,7,1,1,4,3,5,1,16,1,59,3,10,1,1,7,9,1,8,1,1,,44,8,1,22,9,121.5558912,25.0350584
111,8,17,10,4,2,08士林區,士林區中正路與承德路5段口,0,0,1,1,C04,8,1,8,50,15,22,1,5,4,5,7,1,1,3,5,3,2,16,2,22,2,9,1,1,7,9,1,10,2,11,,25,25,1,22,9,121.516448,25.0909946
111,8,17,10,4,2,08士林區,士林區中正路與承德路5段口,0,0,1,2,B02,8,1,8,50,15,22,1,5,4,5,7,1,1,3,5,3,2,16,1,25,3,10,1,1,7,9,1,8,2,1,,44,25,1,22,9,121.516448,25.0909946
111,8,17,10,13,2,03中山區,中山區中山北路2段155號,0,0,1,2,C03,8,1,5,50,14,8,1,5,4,5,7,1,1,1,3,5,2,12,1,34,2,8,1,1,7,9,1,10,1,14,,17,17,1,22,9,121.5227973,25.0624982
111,8,17,10,13,2,03中山區,中山區中山北路2段155號,0,0,1,1,B12,8,1,5,50,14,8,1,5,4,5,7,1,1,1,3,5,2,12,1,47,3,10,1,1,7,9,1,8,11,2,,17,17,1,22,9,121.5227973,25.0624982
111,8,17,10,13,2,03中山區,中山區中山北路2段155號,0,0,1,3,B03,8,1,5,50,14,8,1,5,4,5,7,1,1,1,3,5,2,12,1,26,3,10,1,1,7,14,1,8,1,8,,44,17,1,22,9,121.5227973,25.0624982
111,8,17,10,38,2,03中山區,中山區林森北路262號,0,0,1,1,C03,8,1,5,50,14,9,1,5,4,5,7,4,4,5,4,5,2,13,1,27,2,9,1,1,7,9,1,10,1,11,,16,16,1,22,9,121.525431,25.0547338
111,8,17,10,38,2,03中山區,中山區林森北路262號,0,0,1,2,C03,8,1,5,50,14,9,1,5,4,5,7,4,4,5,4,5,2,13,1,46,3,10,1,1,7,12,1,10,1,13,,44,16,1,22,9,121.525431,25.0547338
111,8,17,10,38,2,03中山區,中山區林森北路262號,0,0,1,3,B12,8,1,5,50,14,9,1,5,4,5,7,4,4,5,4,5,2,13,1,32,3,10,1,1,7,1,1,8,11,15,,19,16,1,22,9,121.525431,25.0547338
111,8,17,11,0,2,03中山區,中山區中山北路3段與德惠街口,0,0,1,1,C03,8,1,5,50,14,8,1,5,4,5,7,2,1,1,4,1,2,12,1,60,3,10,1,1,7,1,1,10,1,14,,19,19,1,22,9,121.5225594,25.06676105
111,8,17,11,0,2,03中山區,中山區中山北路3段與德惠街口,0,0,1,2,C03,8,1,5,50,14,8,1,5,4,5,7,2,1,1,4,1,2,12,2,21,2,9,1,1,7,9,1,10,1,12,,23,19,1,22,9,121.5225594,25.06676105
111,8,17,11,9,2,04大安區,大安區通化街39巷50弄與通化街143巷口口,0,0,1,1,C04,8,1,5,30,4,1,1,5,4,3,7,4,4,10,5,5,2,15,2,55,2,9,1,1,7,9,1,8,1,12,,4,4,1,22,9,121.554867,25.0286702
111,8,17,11,9,2,04大安區,大安區通化街39巷50弄與通化街143巷口口,0,0,1,2,B02,8,1,5,30,4,1,1,5,4,3,7,4,4,10,5,5,2,15,1,32,3,10,1,1,7,9,1,8,1,1,,14,4,1,22,9,121.554867,25.0286702
111,8,17,11,9,2,04大安區,大安區通化街39巷50弄與通化街143巷口口,0,0,1,3,B02,8,1,5,30,4,1,1,5,4,3,7,4,4,10,5,5,2,15,1,24,3,10,1,1,7,13,1,8,9,15,,38,4,1,22,9,121.554867,25.0286702
111,8,17,11,9,2,04大安區,大安區通化街39巷50弄與通化街143巷口口,0,0,1,4,F01,8,1,5,30,4,1,1,5,4,3,7,4,4,10,5,5,2,15,4,,4,11,3,4,7,15,7,19,11,15,,38,4,2,22,9,121.554867,25.0286702
111,8,17,11,9,2,08士林區,士林區天母北路與天母北路4巷口,0,0,1,1,B03,8,1,8,50,15,22,1,5,4,5,7,4,4,9,5,5,2,16,1,43,3,10,3,1,7,11,1,8,9,1,,10,10,1,22,9,121.5262606,25.11895239
111,8,17,11,9,2,08士林區,士林區天母北路與天母北路4巷口,0,0,1,2,C03,8,1,8,50,15,22,1,5,4,5,7,4,4,9,5,5,2,16,1,24,2,9,1,1,7,9,1,10,2,11,,44,10,1,22,9,121.5262606,25.11895239
111,8,17,11,9,2,08士林區,士林區天母北路與天母北路4巷口,0,0,1,3,C03,8,1,8,50,15,22,1,5,4,5,7,4,4,9,5,5,2,16,1,53,3,10,1,1,7,13,7,19,9,12,,44,10,1,22,9,121.5262606,25.11895239
111,8,17,11,9,2,08士林區,士林區天母北路與天母北路4巷口,0,0,1,4,C03,8,1,8,50,15,22,1,5,4,5,7,4,4,9,5,5,2,16,1,64,3,10,3,1,7,13,7,19,9,12,,44,10,1,22,9,121.5262606,25.11895239
111,8,17,11,9,2,08士林區,士林區天母北路與天母北路4巷口,0,0,1,5,C03,8,1,8,50,15,22,1,5,4,5,7,4,4,9,5,5,2,16,1,56,3,10,3,1,7,13,7,19,9,12,,44,10,1,22,9,121.5262606,25.11895239
111,8,17,11,9,2,08士林區,士林區天母北路與天母北路4巷口,0,0,1,6,C03,8,1,8,50,15,22,1,5,4,5,7,4,4,9,5,5,2,16,1,46,3,10,3,1,7,21,7,19,9,12,,44,10,1,22,9,121.5262606,25.11895239
111,8,17,11,9,2,08士林區,士林區天母北路與天母北路4巷口,0,0,1,7,C03,8,1,8,50,15,22,1,5,4,5,7,4,4,9,5,5,2,16,1,39,3,10,3,1,7,13,7,19,9,12,,44,10,1,22,9,121.5262606,25.11895239
111,8,17,11,20,2,02萬華區,萬華區西藏路125巷與西藏路115巷8弄口,0,0,1,1,C03,8,1,5,50,3,2,1,5,4,5,7,4,4,10,5,5,2,12,1,51,2,9,1,1,7,1,1,10,1,14,,19,19,1,22,9,121.5025741,25.02839594
111,8,17,11,20,2,02萬華區,萬華區西藏路125巷與西藏路115巷8弄口,0,0,1,2,B03,8,1,5,50,3,2,1,5,4,5,7,4,4,10,5,5,2,12,1,43,3,10,1,1,7,9,1,8,1,5,,44,19,1,22,9,121.5025741,25.02839594
111,8,17,11,30,2,03中山區,中山區民生東路2段145號,0,0,1,1,C03,8,1,5,50,14,9,1,5,4,5,7,2,1,1,4,5,2,12,1,26,3,10,3,4,7,11,1,10,1,12,,23,23,1,22,9,121.5346516,25.05795651
111,8,17,11,30,2,03中山區,中山區民生東路2段145號,0,0,1,2,B03,8,1,5,50,14,9,1,5,4,5,7,2,1,1,4,5,2,12,1,53,3,10,3,4,7,6,1,8,1,4,,23,23,1,22,9,121.5346516,25.05795651
111,8,17,11,30,2,03中山區,中山區民生東路2段145號,0,0,1,3,H02,8,1,5,50,14,9,1,5,4,5,7,2,1,1,4,5,2,12,2,62,2,7,3,4,7,17,8,20,10,16,,67,23,1,22,9,121.5346516,25.05795651
111,8,17,11,37,2,03中山區,中山區民權東路3段7號,0,0,1,2,C03,8,1,5,50,14,9,1,3,4,5,7,1,1,1,4,5,2,17,1,18,2,9,1,1,7,9,1,10,1,14,,23,43,1,22,9,121.54126,25.0624526
111,8,17,11,37,2,03中山區,中山區民權東路3段7號,0,0,1,1,A42,8,1,5,50,14,9,1,3,4,5,7,1,1,1,4,5,2,17,1,36,4,11,3,4,7,15,7,19,11,15,,30,43,2,22,9,121.54126,25.0624526
111,8,17,11,50,2,06松山區,松山區民權東路3段與民權東路3段160巷口,0,0,1,1,B03,8,1,5,50,4,1,1,5,4,3,7,2,1,1,4,5,2,16,2,46,3,10,1,1,7,6,1,8,1,5,,6,6,1,22,9,121.5479212,25.06196031