發生年度,發生月,發生日,發生時-Hours,發生分,處理別-編號,區序,肇事地點,死亡人數,2-30日死亡人數,受傷人數,當事人序號,車種,天候,光線,道路類別,速限-速度限制,道路型態,事故位置,路面狀況1,路面狀況2,路面狀況3,道路障礙1,道路障礙2,號誌1,號誌2,車道劃分-分向,車道劃分-分道1,車道劃分-分道2,車道劃分-分道3,事故類型及型態,性別,年齡,受傷程度,主要傷處,安全帽,行動電話,車輛用途,當事者行動狀態,駕駛資格情形,駕駛執照種類,飲酒情形,車輛撞擊部位1,車輛撞擊部位2,肇因碼-個別,肇因碼-主要,個人肇逃否,職業,旅次目的,座標-X,座標-Y
111,8,17,11,50,2,06松山區,松山區民權東路3段與民權東路3段160巷口,0,0,1,2,C03,8,1,5,50,4,1,1,5,4,3,7,2,1,1,4,5,2,16,1,23,2,9,1,1,7,9,1,10,1,14,,44,6,1,22,9,121.5479212,25.06196031
111,8,17,11,50,2,06松山區,松山區民權東路3段與民權東路3段160巷口,0,0,1,3,B12,8,1,5,50,4,1,1,5,4,3,7,2,1,1,4,5,2,16,1,44,3,10,1,4,7,14,1,8,9,15,,38,6,1,22,9,121.5479212,25.06196031
111,8,17,12,0,2,03中山區,中山區民權東路1段36號,0,0,1,1,B01,8,1,5,50,14,9,1,5,4,5,7,4,4,1,4,5,2,12,1,59,3,10,1,1,7,8,1,4,1,2,,7,7,1,22,9,121.5239086,25.06271923
111,8,17,12,0,2,03中山區,中山區民權東路1段36號,0,0,1,2,C03,8,1,5,50,14,9,1,5,4,5,7,4,4,1,4,5,2,12,2,46,2,9,1,1,7,9,1,10,1,14,,44,7,1,22,9,121.5239086,25.06271923
111,8,17,12,40,2,01大同區,大同區南京西路55號,0,0,1,2,C03,7,1,5,40,14,7,1,5,4,5,7,4,4,1,4,4,2,12,1,39,3,10,1,1,7,7,1,10,1,13,,17,19,1,22,9,121.5193723,25.05291727
111,8,17,12,40,2,01大同區,大同區南京西路55號,0,0,1,1,B12,7,1,5,40,14,7,1,5,4,5,7,4,4,1,4,4,2,12,1,63,4,11,3,4,7,1,7,19,11,15,,19,19,2,22,9,121.5193723,25.05291727
111,8,17,12,40,2,01大同區,大同區南京西路55號,0,0,1,3,C03,7,1,5,40,14,7,1,5,4,5,7,4,4,1,4,4,2,12,1,26,3,10,1,1,7,9,1,10,1,11,,23,19,1,22,9,121.5193723,25.05291727
111,8,17,12,40,2,01大同區,大同區南京西路55號,0,0,1,4,H02,7,1,5,40,14,7,1,5,4,5,7,4,4,1,4,4,2,12,2,78,2,7,1,5,7,20,8,20,10,16,,67,19,1,22,9,121.5193723,25.05291727
111,8,17,12,44,2,02萬華區,萬華區西園路2段243-7號,0,0,1,1,C03,8,1,5,50,14,9,1,5,4,5,7,4,4,1,5,5,2,13,1,18,2,9,1,1,7,8,1,10,1,11,,23,23,1,22,9,121.4932328,25.02642517
111,8,17,12,44,2,02萬華區,萬華區西園路2段243-7號,0,0,1,2,B01,8,1,5,50,14,9,1,5,4,5,7,4,4,1,5,5,2,13,1,59,3,10,1,1,7,3,1,4,1,7,,18,23,1,22,9,121.4932328,25.02642517
111,8,17,12,50,2,09北投區,北投區承德路6段與洲美街口,0,0,2,1,C03,8,1,5,40,4,2,1,5,4,5,7,2,1,1,3,4,2,13,2,19,2,9,1,1,7,4,1,10,1,11,,23,23,1,22,9,121.5129123,25.099158
111,8,17,12,50,2,09北投區,北投區承德路6段與洲美街口,0,0,2,2,C03,8,1,5,40,4,2,1,5,4,5,7,2,1,1,3,4,2,13,2,19,2,7,1,1,7,9,1,10,1,13,,44,23,1,22,9,121.5129123,25.099158
111,8,17,12,50,2,09北投區,北投區承德路6段與洲美街口,0,0,2,3,A12,8,1,5,40,4,2,1,5,4,5,7,2,1,1,3,4,2,13,1,33,3,10,1,1,1,14,1,2,11,15,,38,23,1,22,9,121.5129123,25.099158
111,8,17,13,30,2,06松山區,松山區民生東路4段與敦化北路口,0,0,1,1,B03,8,1,5,50,4,2,1,5,4,5,7,2,1,1,3,5,2,17,1,27,3,10,1,1,7,14,1,8,1,2,,42,42,1,22,9,121.5493628,25.05778332
111,8,17,13,30,2,06松山區,松山區民生東路4段與敦化北路口,0,0,1,2,C03,8,1,5,50,4,2,1,5,4,5,7,2,1,1,3,5,2,17,2,42,2,9,1,1,7,9,1,10,1,14,,44,42,1,22,9,121.5493628,25.05778332
111,8,17,13,30,2,06松山區,松山區民生東路4段與敦化北路口,0,0,1,3,H02,8,1,5,50,4,2,1,5,4,5,7,2,1,1,3,5,2,17,1,26,3,10,1,5,7,19,8,20,10,16,,56,42,1,22,9,121.5493628,25.05778332
111,8,17,13,38,2,08士林區,士林區中山北路6段181號,0,0,1,1,B01,8,1,5,50,14,9,1,5,4,5,7,4,4,1,4,5,1,13,1,66,3,10,1,1,7,9,1,8,1,1,,16,16,1,22,9,121.5250318,25.10765544
111,8,17,13,38,2,08士林區,士林區中山北路6段181號,0,0,1,2,B12,8,1,5,50,14,9,1,5,4,5,7,4,4,1,4,5,1,13,1,39,3,10,1,1,7,15,1,8,1,3,,44,16,1,22,9,121.5250318,25.10765544
111,8,17,13,38,2,08士林區,士林區中山北路6段181號,0,0,1,3,H02,8,1,5,50,14,9,1,5,4,5,7,4,4,1,4,5,1,13,2,43,2,9,4,5,7,20,8,20,10,16,,67,16,1,22,9,121.5250318,25.10765544
111,8,17,14,31,2,03中山區,中山區農安街98號,0,0,1,1,C03,8,1,5,50,14,9,1,5,4,5,7,4,4,8,5,5,1,13,1,76,2,9,3,4,7,9,1,10,1,11,,16,16,1,22,9,121.5297667,25.0648228
111,8,17,14,31,2,03中山區,中山區農安街98號,0,0,1,2,B12,8,1,5,50,14,9,1,5,4,5,7,4,4,8,5,5,1,13,1,44,3,10,3,4,7,14,6,8,1,6,,44,16,1,22,9,121.5297667,25.0648228
111,8,17,15,59,2,04大安區,大安區基隆路2段與和平東路3段口,0,0,1,1,B03,8,1,5,50,5,2,1,5,4,5,7,2,1,3,4,5,2,17,1,40,3,10,1,1,7,6,3,18,1,15,,26,26,1,22,9,121.5528502,25.02471202
111,8,17,15,59,2,04大安區,大安區基隆路2段與和平東路3段口,0,0,1,2,A04,8,1,5,50,5,2,1,5,4,5,7,2,1,3,4,5,2,17,1,64,3,10,1,1,7,9,1,2,1,15,,44,26,1,22,9,121.5528502,25.02471202
111,8,17,15,59,2,04大安區,大安區基隆路2段與和平東路3段口,0,0,1,3,H02,8,1,5,50,5,2,1,5,4,5,7,2,1,3,4,5,2,17,2,63,2,9,4,5,7,17,8,20,10,16,,67,26,1,22,9,121.5528502,25.02471202
111,8,17,16,3,2,05中正區,中正區市民大道1段168號前迴轉道口,0,0,3,1,C03,8,1,5,50,15,6,1,5,4,5,7,4,4,1,4,5,1,16,2,19,2,8,1,1,7,5,1,10,2,14,,8,8,1,22,9,121.518816,25.04836097
111,8,17,16,3,2,05中正區,中正區市民大道1段168號前迴轉道口,0,0,3,2,C03,8,1,5,50,15,6,1,5,4,5,7,4,4,1,4,5,1,16,2,35,2,9,1,1,7,10,1,10,2,11,,13,8,1,22,9,121.518816,25.04836097
111,8,17,16,3,2,05中正區,中正區市民大道1段168號前迴轉道口,0,0,3,3,H02,8,1,5,50,15,6,1,5,4,5,7,4,4,1,4,5,1,16,1,18,2,9,2,1,7,20,8,20,10,16,,67,8,1,22,9,121.518816,25.04836097
111,8,17,16,24,2,03中山區,中山區中山北路1段145號,0,0,2,1,C03,8,1,5,50,14,9,1,5,4,5,7,1,1,5,4,5,2,13,2,21,2,9,1,1,7,9,1,10,1,11,,23,23,1,22,9,121.5225641,25.0518055
111,8,17,16,24,2,03中山區,中山區中山北路1段145號,0,0,2,2,B03,8,1,5,50,14,9,1,5,4,5,7,1,1,5,4,5,2,13,1,47,3,10,1,1,7,14,1,8,1,7,,44,23,1,22,9,121.5225641,25.0518055
111,8,17,16,24,2,03中山區,中山區中山北路1段145號,0,0,2,3,H02,8,1,5,50,14,9,1,5,4,5,7,1,1,5,4,5,2,13,1,23,2,9,1,5,7,20,8,20,10,16,,67,23,1,22,9,121.5225641,25.0518055
111,8,17,16,35,2,05中正區,中正區忠孝西路1段與公園路口,0,0,1,1,B03,8,1,5,50,4,2,1,5,4,5,7,3,1,10,3,5,2,16,2,53,3,10,1,1,7,6,1,8,2,5,,9,9,1,22,9,121.5174458,25.04609585
111,8,17,16,35,2,05中正區,中正區忠孝西路1段與公園路口,0,0,1,2,F01,8,1,5,50,4,2,1,5,4,5,7,3,1,10,3,5,2,16,1,79,2,8,1,1,7,1,8,20,2,16,,19,9,1,22,9,121.5174458,25.04609585
111,8,17,17,22,2,09北投區,北投區大度路3段185號對面,0,0,2,1,B03,8,1,5,50,14,7,1,5,4,5,7,4,4,1,4,4,2,13,1,58,3,10,1,1,7,9,1,2,2,1,,16,16,1,22,9,121.470982,25.122962
111,8,17,17,22,2,09北投區,北投區大度路3段185號對面,0,0,2,2,B03,8,1,5,50,14,7,1,5,4,5,7,4,4,1,4,4,2,13,1,27,3,10,1,1,7,15,1,8,2,3,,44,16,1,22,9,121.470982,25.122962
111,8,17,17,22,2,09北投區,北投區大度路3段185號對面,0,0,2,3,H02,8,1,5,50,14,7,1,5,4,5,7,4,4,1,4,4,2,13,2,85,2,1,4,5,7,20,8,20,10,16,,67,16,1,22,9,121.470982,25.122962
111,8,17,17,22,2,09北投區,北投區大度路3段185號對面,0,0,2,4,H02,8,1,5,50,14,7,1,5,4,5,7,4,4,1,4,4,2,13,2,33,2,9,4,5,7,20,8,20,10,16,,67,16,1,22,9,121.470982,25.122962
111,8,17,17,37,2,01大同區,大同區民權西路102巷4弄與民權西路144巷口,0,0,1,1,B02,7,1,5,30,4,1,1,5,4,5,7,3,1,10,5,5,2,15,1,27,3,10,3,4,7,9,1,8,1,8,,6,6,1,22,9,121.5159333,25.0616185
111,8,17,17,37,2,01大同區,大同區民權西路102巷4弄與民權西路144巷口,0,0,1,2,C03,7,1,5,30,4,1,1,5,4,5,7,3,1,10,5,5,2,15,1,67,2,8,3,4,7,9,1,10,1,12,,14,6,1,22,9,121.5159333,25.0616185
111,8,17,17,45,2,04大安區,大安區信義路3段與信義路3段31巷口,0,0,2,4,H02,8,1,5,50,3,2,1,5,4,5,7,4,4,1,5,5,2,17,2,21,2,9,1,5,7,21,8,20,10,15,,67,14,1,22,9,121.5346783,25.03366367
111,8,17,17,45,2,04大安區,大安區信義路3段與信義路3段31巷口,0,0,2,1,B03,8,1,5,50,3,2,1,5,4,5,7,4,4,1,5,5,2,17,2,73,4,11,3,4,7,15,7,19,11,15,,14,14,2,22,9,121.5346783,25.03366367
111,8,17,17,45,2,04大安區,大安區信義路3段與信義路3段31巷口,0,0,2,2,C03,8,1,5,50,3,2,1,5,4,5,7,4,4,1,5,5,2,17,1,19,2,9,1,1,7,5,1,10,1,12,,6,14,1,22,9,121.5346783,25.03366367
111,8,17,17,45,2,04大安區,大安區信義路3段與信義路3段31巷口,0,0,2,3,B03,8,1,5,50,3,2,1,5,4,5,7,4,4,1,5,5,2,17,1,34,3,10,1,1,7,14,1,8,1,15,,38,14,1,22,9,121.5346783,25.03366367
111,8,17,18,10,2,09北投區,北投區中央南路2段125號,0,0,1,1,B03,8,1,5,30,14,9,1,5,4,5,7,4,4,10,5,5,2,16,2,35,3,10,1,1,7,5,1,8,1,1,,43,43,1,22,9,121.5001595,25.12155975
111,8,17,18,10,2,09北投區,北投區中央南路2段125號,0,0,1,2,C03,8,1,5,30,14,9,1,5,4,5,7,4,4,10,5,5,2,16,1,18,2,9,1,1,7,9,1,10,1,12,,43,43,1,22,9,121.5001595,25.12155975
111,8,17,18,10,2,12內湖區,內湖區民權東路6段161號,0,0,1,1,B03,8,3,8,50,15,22,1,5,4,5,7,1,1,1,4,5,2,12,1,45,3,10,1,1,7,6,1,8,2,2,,9,9,1,22,9,121.5954543,25.06860323
111,8,17,18,10,2,12內湖區,內湖區民權東路6段161號,0,0,1,2,C03,8,3,8,50,15,22,1,5,4,5,7,1,1,1,4,5,2,12,1,33,2,9,1,1,7,9,1,10,1,14,,44,9,1,22,9,121.5954543,25.06860323
111,8,17,18,25,2,09北投區,北投區自強街31巷與自強街61巷口,0,0,2,1,C03,8,1,5,30,4,1,1,5,4,5,7,4,4,10,5,5,2,15,2,32,2,9,1,1,7,9,1,10,1,14,,6,6,1,22,9,121.5126916,25.11108769
111,8,17,18,25,2,09北投區,北投區自強街31巷與自強街61巷口,0,0,2,2,C03,8,1,5,30,4,1,1,5,4,5,7,4,4,10,5,5,2,15,2,43,2,9,1,1,7,9,1,10,1,11,,14,6,1,22,9,121.5126916,25.11108769
111,8,17,18,38,2,11南港區,南港區忠孝東路6段與忠孝東路6段225巷口口,0,0,1,1,C03,8,3,5,40,3,2,1,5,4,5,7,4,4,1,4,4,2,18,1,25,2,9,1,1,7,9,1,10,1,14,,42,42,1,22,9,121.58846,25.0491896
111,8,17,18,38,2,11南港區,南港區忠孝東路6段與忠孝東路6段225巷口口,0,0,1,2,,8,3,5,40,3,2,1,5,4,5,7,4,4,1,4,4,2,18,3,,,,,,,,,,,,,67,42,1,,,121.58846,25.0491896
111,8,17,18,55,2,09北投區,北投區中和街與中和街502巷口,0,0,3,1,C03,8,3,5,30,3,1,1,5,4,5,7,4,4,5,5,5,1,16,2,39,2,9,1,1,7,5,1,10,1,14,,6,6,1,22,9,121.4943079,25.14533644
111,8,17,18,55,2,09北投區,北投區中和街與中和街502巷口,0,0,3,2,C03,8,3,5,30,3,1,1,5,4,5,7,4,4,5,5,5,1,16,1,24,2,9,1,1,7,9,1,10,1,11,,44,6,1,22,9,121.4943079,25.14533644
111,8,17,18,55,2,09北投區,北投區中和街與中和街502巷口,0,0,3,3,H02,8,3,5,30,3,1,1,5,4,5,7,4,4,5,5,5,1,16,2,14,2,9,4,5,7,20,8,20,10,16,,67,6,1,22,9,121.4943079,25.14533644
111,8,17,19,0,2,05中正區,中正區和平西路1段與泉州街口,0,0,1,1,B03,8,3,5,50,5,1,1,5,4,5,7,2,1,3,4,5,2,17,2,22,3,10,1,1,7,5,1,8,2,8,,44,44,1,22,9,121.5146633,25.0276009
111,8,17,19,0,2,05中正區,中正區和平西路1段與泉州街口,0,0,1,2,C03,8,3,5,50,5,1,1,5,4,5,7,2,1,3,4,5,2,17,2,47,2,6,1,1,7,5,1,10,2,12,,23,44,1,22,9,121.5146633,25.0276009
111,8,17,19,20,2,06松山區,松山區光復北路190巷與健康路15巷口,0,0,1,1,C04,8,3,5,30,3,1,1,5,4,5,7,4,4,9,5,5,2,17,2,76,2,9,1,1,7,5,1,10,1,11,,6,6,1,22,9,121.5529168,25.0544679
111,8,17,19,20,2,06松山區,松山區光復北路190巷與健康路15巷口,0,0,1,2,B03,8,3,5,30,3,1,1,5,4,5,7,4,4,9,5,5,2,17,1,47,3,10,1,1,7,9,1,8,1,6,,14,6,1,22,9,121.5529168,25.0544679
111,8,17,19,35,2,09北投區,北投區承德路7段384號,0,0,1,1,B03,8,3,5,60,14,9,1,5,4,5,7,4,4,1,4,5,2,17,2,47,3,10,1,1,7,6,1,8,1,2,,9,9,1,22,9,121.5022478,25.11898231
111,8,17,19,35,2,09北投區,北投區承德路7段384號,0,0,1,2,C03,8,3,5,60,14,9,1,5,4,5,7,4,4,1,4,5,2,17,2,29,2,9,1,1,7,9,1,10,1,14,,23,9,1,22,9,121.5022478,25.11898231
111,8,17,19,36,2,01大同區,大同區承德路1段與南京西路口,0,0,1,1,C03,7,3,5,50,4,1,1,5,4,5,7,1,1,1,4,5,2,17,1,35,3,10,1,1,7,6,1,10,2,13,,9,9,1,22,9,121.5177993,25.0531075
111,8,17,19,36,2,01大同區,大同區承德路1段與南京西路口,0,0,1,2,C03,7,3,5,50,4,1,1,5,4,5,7,1,1,1,4,5,2,17,1,27,2,9,1,1,7,9,1,10,2,11,,44,9,1,22,9,121.5177993,25.0531075
111,8,17,20,18,2,01大同區,大同區延平北路2段與民權西路口,0,0,1,2,C03,8,1,5,40,4,1,1,5,4,5,7,2,1,1,4,5,2,12,2,25,2,8,1,1,7,9,1,10,1,14,,44,7,1,22,9,121.5112205,25.0627882
111,8,17,20,18,2,01大同區,大同區延平北路2段與民權西路口,0,0,1,1,C03,8,1,5,40,4,1,1,5,4,5,7,2,1,1,4,5,2,12,2,30,4,11,3,4,7,8,7,19,11,15,,7,7,2,22,9,121.5112205,25.0627882
111,8,17,20,53,2,01大同區,大同區重慶北路3段與民族西路口,0,0,2,2,C03,7,3,5,50,4,1,1,5,4,5,7,1,1,5,4,5,2,17,2,19,2,9,1,1,7,9,1,10,2,11,,13,6,1,22,9,121.5137287,25.0685704
111,8,17,20,53,2,01大同區,大同區重慶北路3段與民族西路口,0,0,2,1,B03,7,3,5,50,4,1,1,5,4,5,7,1,1,5,4,5,2,17,2,41,4,11,3,4,7,15,7,19,11,15,,6,6,2,22,9,121.5137287,25.0685704
111,8,17,20,53,2,01大同區,大同區重慶北路3段與民族西路口,0,0,2,3,F01,7,3,5,50,4,1,1,5,4,5,7,1,1,5,4,5,2,17,1,80,2,9,1,1,7,9,8,20,11,16,,44,6,1,22,9,121.5137287,25.0685704
111,8,17,21,30,2,01大同區,大同區承德路2段75巷與赤峰街口,0,0,2,1,C03,7,3,5,30,4,1,1,5,4,5,7,4,4,10,5,5,2,16,1,43,2,9,1,1,7,9,1,10,1,12,,6,6,1,22,9,121.5196614,25.05572593
111,8,17,21,30,2,01大同區,大同區承德路2段75巷與赤峰街口,0,0,2,2,C03,7,3,5,30,4,1,1,5,4,5,7,4,4,10,5,5,2,16,1,27,2,9,1,1,7,9,1,10,1,11,,13,6,1,22,9,121.5196614,25.05572593
111,8,17,21,40,2,03中山區,中山區中山北路3段23號對面,0,0,1,1,C03,7,3,5,50,14,9,1,5,2,5,7,4,4,5,4,5,2,17,1,19,3,10,1,4,7,9,1,10,2,15,,37,37,1,22,9,121.5221633,25.06464459
111,8,17,21,40,2,03中山區,中山區中山北路3段23號對面,0,0,1,2,C03,7,3,5,50,14,9,1,5,2,5,7,4,4,5,4,5,2,17,1,40,2,9,1,4,7,15,1,9,2,11,,23,37,1,22,9,121.5221633,25.06464459
111,8,17,21,40,2,03中山區,中山區中山北路3段23號對面,0,0,1,3,C03,7,3,5,50,14,9,1,5,2,5,7,4,4,5,4,5,2,17,1,44,3,10,1,4,7,15,1,9,2,11,,44,37,1,22,9,121.5221633,25.06464459
111,8,17,21,41,2,05中正區,中正區林森北路與北平東路口,0,0,2,1,C03,8,3,5,50,4,2,1,5,4,5,7,2,1,9,4,5,1,12,1,42,2,9,1,1,7,8,1,9,2,12,,7,7,1,22,9,121.5237933,25.0466712
111,8,17,21,41,2,05中正區,中正區林森北路與北平東路口,0,0,2,2,C03,8,3,5,50,4,2,1,5,4,5,7,2,1,9,4,5,1,12,1,18,2,9,1,1,7,9,1,10,2,14,,44,7,1,22,9,121.5237933,25.0466712
111,8,17,21,46,2,04大安區,大安區復興南路2段108號,0,0,1,1,A04,8,3,5,50,14,9,1,5,4,5,7,4,4,1,3,5,2,12,1,37,3,10,1,1,7,9,1,2,1,2,,44,44,1,22,9,121.5434599,25.0296017
111,8,17,21,46,2,04大安區,大安區復興南路2段108號,0,0,1,2,C03,8,3,5,50,14,9,1,5,4,5,7,4,4,1,3,5,2,12,2,51,2,9,1,1,7,7,6,10,1,14,,7,44,1,22,9,121.5434599,25.0296017
111,8,17,22,25,2,08士林區,士林區芝玉路2段52巷與德行東路283巷口,0,0,1,1,C03,7,3,5,30,4,1,1,5,4,5,7,4,4,10,5,5,2,15,2,36,2,8,1,1,7,9,1,10,1,11,,6,6,1,22,9,121.5358277,25.11182279
111,8,17,22,25,2,08士林區,士林區芝玉路2段52巷與德行東路283巷口,0,0,1,2,B12,7,3,5,30,4,1,1,5,4,5,7,4,4,10,5,5,2,15,1,33,3,10,1,1,7,9,1,8,1,8,,14,6,1,22,9,121.5358277,25.11182279
111,8,17,22,35,2,03中山區,中山區中山北路1段與長安西路口,0,0,3,1,C03,8,3,5,50,4,2,1,5,4,5,1,2,1,1,4,5,2,12,2,24,2,8,1,4,7,8,1,10,2,12,,7,7,1,22,9,121.521711,25.0497009
111,8,17,22,35,2,03中山區,中山區中山北路1段與長安西路口,0,0,3,2,C03,8,3,5,50,4,2,1,5,4,5,1,2,1,1,4,5,2,12,2,26,2,9,1,4,7,9,1,10,2,14,,44,7,1,22,9,121.521711,25.0497009
111,8,17,22,35,2,03中山區,中山區中山北路1段與長安西路口,0,0,3,3,H02,8,3,5,50,4,2,1,5,4,5,1,2,1,1,4,5,2,12,2,26,2,9,4,5,7,20,8,20,10,16,,67,7,1,22,9,121.521711,25.0497009
111,8,17,22,40,2,05中正區,中正區羅斯福路4段與基隆路3段口,0,0,1,1,B03,8,3,5,50,4,1,1,5,4,5,7,2,1,10,4,5,2,17,2,30,4,11,3,4,7,15,7,19,11,15,,44,44,2,22,9,121.5369125,25.0112847
111,8,17,22,40,2,05中正區,中正區羅斯福路4段與基隆路3段口,0,0,1,2,C03,8,3,5,50,4,1,1,5,4,5,7,2,1,10,4,5,2,17,2,23,2,9,1,1,7,9,1,10,1,12,,43,44,1,22,9,121.5369125,25.0112847
111,8,18,0,1,2,03中山區,中山區民生西路11號,0,0,1,1,C03,8,3,5,50,14,9,1,5,4,5,7,4,4,4,3,5,1,13,2,27,2,8,1,4,7,1,1,10,1,15,,19,19,1,22,9,121.5215176,25.05781674
111,8,18,0,1,2,03中山區,中山區民生西路11號,0,0,1,2,B03,8,3,5,50,14,9,1,5,4,5,7,4,4,4,3,5,1,13,1,24,3,10,3,4,7,14,1,8,1,7,,38,19,1,22,9,121.5215176,25.05781674
111,8,18,0,24,2,08士林區,士林區至善路2段與故宮路口,0,0,2,1,C03,7,3,5,50,5,1,1,5,4,5,7,1,1,1,1,5,1,16,1,19,2,9,1,1,7,5,1,10,2,12,,8,8,1,22,9,121.5465356,25.0980784
111,8,18,0,24,2,08士林區,士林區至善路2段與故宮路口,0,0,2,2,B01,7,3,5,50,5,1,1,5,4,5,7,1,1,1,1,5,1,16,1,61,3,10,1,1,7,9,1,4,2,1,,44,8,1,22,9,121.5465356,25.0980784
111,8,18,0,24,2,08士林區,士林區至善路2段與故宮路口,0,0,2,3,H02,7,3,5,50,5,1,1,5,4,5,7,1,1,1,1,5,1,16,2,19,2,9,1,5,7,20,8,20,10,16,,67,8,1,22,9,121.5465356,25.0980784
111,8,18,0,25,2,03中山區,中山區民生東路1段25號,0,0,1,1,C03,8,3,5,50,14,9,1,5,4,5,7,4,4,5,4,5,2,13,2,35,2,7,1,4,7,9,1,10,1,11,,16,16,1,22,9,121.5245451,25.0581124
111,8,18,0,25,2,03中山區,中山區民生東路1段25號,0,0,1,2,B01,8,3,5,50,14,9,1,5,4,5,7,4,4,5,4,5,2,13,1,65,3,10,3,4,7,10,1,4,1,3,,14,16,1,22,9,121.5245451,25.0581124
111,8,18,0,28,2,09北投區,北投區竹子湖路219燈桿,0,0,1,1,B03,7,3,5,40,14,9,1,5,4,5,7,4,4,8,4,5,1,18,1,24,2,9,1,1,7,9,1,8,1,2,,23,23,1,22,9,121.5605948,25.18263938
111,8,18,0,28,2,09北投區,北投區竹子湖路219燈桿,0,0,1,2,,7,3,5,40,14,9,1,5,4,5,7,4,4,8,4,5,1,18,3,,,,,,,,,,,,,67,23,1,,,121.5605948,25.18263938
111,8,18,0,45,2,09北投區,北投區承德路6段071燈桿,0,0,2,1,C03,8,1,5,60,14,12,1,5,4,5,7,4,4,1,4,4,2,13,2,19,2,9,3,4,7,9,1,10,1,11,,16,16,1,22,9,121.5116223,25.10674659
111,8,18,0,45,2,09北投區,北投區承德路6段071燈桿,0,0,2,2,C03,8,1,5,60,14,12,1,5,4,5,7,4,4,1,4,4,2,13,1,24,2,9,3,4,7,9,1,10,1,13,,44,16,1,22,9,121.5116223,25.10674659
111,8,18,2,24,2,06松山區,松山區市民大道5段與東興路口,0,0,3,1,B03,8,3,5,50,4,1,1,5,4,5,7,2,1,3,4,5,2,17,1,23,3,10,1,1,7,5,1,8,2,2,,25,25,1,22,9,121.5658036,25.0483737
111,8,18,2,24,2,06松山區,松山區市民大道5段與東興路口,0,0,3,2,B03,8,3,5,50,4,1,1,5,4,5,7,2,1,3,4,5,2,17,1,30,2,9,1,1,7,9,1,8,2,1,,13,25,1,22,9,121.5658036,25.0483737
111,8,18,2,24,2,06松山區,松山區市民大道5段與東興路口,0,0,3,3,H02,8,3,5,50,4,1,1,5,4,5,7,2,1,3,4,5,2,17,2,22,2,9,4,5,7,21,8,20,10,16,,67,25,1,22,9,121.5658036,25.0483737
111,8,18,2,24,2,06松山區,松山區市民大道5段與東興路口,0,0,3,4,H02,8,3,5,50,4,1,1,5,4,5,7,2,1,3,4,5,2,17,2,21,2,9,4,5,7,21,8,20,10,15,,67,25,1,22,9,121.5658036,25.0483737
111,8,18,5,45,2,10文山區,文山區景中街與景後街口,0,0,1,1,C03,8,1,5,50,4,1,1,5,4,5,7,2,1,1,4,5,2,16,1,19,2,9,1,1,7,5,1,10,1,14,,8,8,1,22,9,121.5432504,24.9927836
111,8,18,5,45,2,10文山區,文山區景中街與景後街口,0,0,1,2,C03,8,1,5,50,4,1,1,5,4,5,7,2,1,1,4,5,2,16,1,19,3,10,1,1,7,9,1,10,1,12,,23,8,1,22,9,121.5432504,24.9927836
111,8,18,6,57,2,11南港區,南港區成福路68號,0,0,1,1,B03,8,1,5,50,14,9,1,5,4,5,7,4,4,5,4,5,2,13,2,52,3,10,1,1,7,9,1,8,1,1,,23,23,1,21,8,121.5861395,25.04544254
111,8,18,6,57,2,11南港區,南港區成福路68號,0,0,1,2,C03,8,1,5,50,14,9,1,5,4,5,7,4,4,5,4,5,2,13,1,64,3,10,1,1,7,14,1,10,2,13,,44,23,1,21,8,121.5861395,25.04544254
111,8,18,6,57,2,11南港區,南港區成福路68號,0,0,1,3,H02,8,1,5,50,14,9,1,5,4,5,7,4,4,5,4,5,2,13,2,63,2,7,1,5,7,20,8,20,10,16,,67,23,1,21,8,121.5861395,25.04544254
111,8,18,6,58,2,08士林區,士林區中山北路7段38巷與中山北路7段口,0,0,1,1,B03,8,1,5,50,4,1,1,5,4,5,7,1,1,1,5,5,2,16,1,59,3,10,1,1,7,11,1,8,1,6,,10,10,1,22,9,121.5311037,25.12022048
111,8,18,6,58,2,08士林區,士林區中山北路7段38巷與中山北路7段口,0,0,1,2,C03,8,1,5,50,4,1,1,5,4,5,7,1,1,1,5,5,2,16,1,64,2,9,1,1,7,9,1,10,1,11,,42,10,1,22,9,121.5311037,25.12022048
111,8,18,7,31,2,09北投區,北投區立農街2段維康藥局後門前,0,0,2,1,C03,8,1,5,30,14,9,1,5,4,5,7,4,4,9,5,5,2,16,1,64,2,9,1,1,7,1,1,10,2,12,,19,19,1,22,9,121.5183275,25.1189363
111,8,18,7,31,2,09北投區,北投區立農街2段維康藥局後門前,0,0,2,2,C03,8,1,5,30,14,9,1,5,4,5,7,4,4,9,5,5,2,16,1,50,3,10,1,1,7,9,1,10,2,14,,23,19,1,22,9,121.5183275,25.1189363
111,8,18,7,31,2,09北投區,北投區立農街2段維康藥局後門前,0,0,2,3,H02,8,1,5,30,14,9,1,5,4,5,7,4,4,9,5,5,2,16,2,62,2,9,4,5,7,20,8,20,10,16,,67,19,1,22,9,121.5183275,25.1189363