發生年度,發生月,發生日,發生時-Hours,發生分,處理別-編號,區序,肇事地點,死亡人數,2-30日死亡人數,受傷人數,當事人序號,車種,天候,光線,道路類別,速限-速度限制,道路型態,事故位置,路面狀況1,路面狀況2,路面狀況3,道路障礙1,道路障礙2,號誌1,號誌2,車道劃分-分向,車道劃分-分道1,車道劃分-分道2,車道劃分-分道3,事故類型及型態,性別,年齡,受傷程度,主要傷處,安全帽,行動電話,車輛用途,當事者行動狀態,駕駛資格情形,駕駛執照種類,飲酒情形,車輛撞擊部位1,車輛撞擊部位2,肇因碼-個別,肇因碼-主要,個人肇逃否,職業,旅次目的,座標-X,座標-Y
111,8,18,7,40,2,12內湖區,內湖區康寧路3段與安康路口,0,0,1,1,B03,8,1,5,50,14,9,1,5,4,5,7,1,1,10,4,5,2,12,1,51,3,10,1,1,7,1,1,14,1,5,,17,17,1,22,9,121.6109886,25.0649246
111,8,18,7,40,2,12內湖區,內湖區康寧路3段與安康路口,0,0,1,2,C03,8,1,5,50,14,9,1,5,4,5,7,1,1,10,4,5,2,12,1,74,2,7,1,1,7,9,1,10,1,14,,17,17,1,22,9,121.6109886,25.0649246
111,8,18,7,59,2,05中正區,中正區仁愛路2段與新生南路1段口,0,0,2,1,H01,8,1,5,0,4,2,1,5,4,5,7,1,1,10,4,5,2,3,1,81,2,8,4,5,8,16,8,20,2,16,,52,52,1,22,9,121.5326589,25.03829678
111,8,18,7,59,2,05中正區,中正區仁愛路2段與新生南路1段口,0,0,2,2,C03,8,1,5,0,4,2,1,5,4,5,7,1,1,10,4,5,2,3,1,34,2,9,1,1,7,9,1,10,2,15,,14,52,1,22,9,121.5326589,25.03829678
111,8,18,8,0,2,07信義區,信義區忠孝東路4段345號,0,0,1,1,A01,8,1,5,50,14,9,1,5,4,5,7,4,4,1,4,5,2,13,1,38,3,10,3,4,7,9,1,1,1,1,,16,16,1,22,9,121.5582774,25.0413648
111,8,18,8,0,2,07信義區,信義區忠孝東路4段345號,0,0,1,2,B03,8,1,5,50,14,9,1,5,4,5,7,4,4,1,4,5,2,13,2,70,2,1,3,4,7,14,1,8,1,3,,44,16,1,22,9,121.5582774,25.0413648
111,8,18,8,15,2,12內湖區,內湖區成功路5段與大湖山莊街口口,0,0,1,1,F01,8,1,5,30,3,1,1,5,4,5,7,4,4,1,4,4,2,16,2,25,3,10,1,1,7,6,8,20,1,16,,9,9,1,22,9,121.6019872,25.08409654
111,8,18,8,15,2,12內湖區,內湖區成功路5段與大湖山莊街口口,0,0,1,2,C03,8,1,5,30,3,1,1,5,4,5,7,4,4,1,4,4,2,16,2,57,2,9,1,1,7,9,1,10,1,12,,44,9,1,22,9,121.6019872,25.08409654
111,8,18,8,31,2,04大安區,大安區基隆路2段與基隆路2段132巷口,0,0,2,1,C03,8,1,5,50,3,2,1,5,4,5,7,4,4,3,2,5,2,13,1,71,2,9,1,1,7,15,1,10,1,13,,3,3,1,22,9,121.5568087,25.028548
111,8,18,8,31,2,04大安區,大安區基隆路2段與基隆路2段132巷口,0,0,2,2,C03,8,1,5,50,3,2,1,5,4,5,7,4,4,3,2,5,2,13,1,32,2,9,1,1,7,9,1,10,1,11,,16,3,1,22,9,121.5568087,25.028548
111,8,18,8,32,2,04大安區,大安區基隆路3段與辛亥路3段口,0,0,1,1,B03,8,1,5,50,4,1,1,5,4,5,7,2,1,1,4,5,2,17,1,18,3,10,1,1,7,6,1,8,1,8,,23,23,1,22,9,121.5465774,25.01883976
111,8,18,8,32,2,04大安區,大安區基隆路3段與辛亥路3段口,0,0,1,2,C03,8,1,5,50,4,1,1,5,4,5,7,2,1,1,4,5,2,17,2,33,2,9,1,1,7,9,1,10,1,13,,44,23,1,22,9,121.5465774,25.01883976
111,8,18,8,45,2,10文山區,文山區木柵路3段77巷與木柵路3段85巷8弄口,0,0,1,1,B03,8,1,5,30,4,2,1,5,4,5,7,4,4,9,4,5,1,17,2,60,3,10,1,1,7,9,1,8,2,1,,6,6,1,22,9,121.566897,24.9893939
111,8,18,8,45,2,10文山區,文山區木柵路3段77巷與木柵路3段85巷8弄口,0,0,1,2,B03,8,1,5,30,4,2,1,5,4,5,7,4,4,9,4,5,1,17,1,22,2,8,1,1,7,9,1,8,2,2,,14,6,1,22,9,121.566897,24.9893939
111,8,18,8,47,2,05中正區,中正區杭州南路1段107號,0,0,2,1,C03,8,1,5,50,14,9,1,5,4,5,7,4,4,10,4,5,2,13,2,47,2,8,1,1,7,9,1,10,1,11,,16,16,1,19,2,121.5249906,25.03743831
111,8,18,8,47,2,05中正區,中正區杭州南路1段107號,0,0,2,2,C03,8,1,5,50,14,9,1,5,4,5,7,4,4,10,4,5,2,13,1,40,2,8,1,1,7,12,1,10,1,13,,44,16,1,22,1,121.5249906,25.03743831
111,8,18,8,47,2,05中正區,中正區杭州南路1段107號,0,0,2,3,H01,8,1,5,50,14,9,1,5,4,5,7,4,4,10,4,5,2,13,1,90,3,10,4,1,8,16,8,20,10,16,,51,16,1,20,8,121.5249906,25.03743831
111,8,18,8,59,2,03中山區,中山區中山北路2段與民權東路1段口,0,0,1,1,C03,8,1,5,50,4,2,1,5,4,5,7,1,1,1,4,5,2,13,1,37,3,10,1,1,7,9,1,10,1,12,,23,23,1,22,9,121.5229789,25.0628664
111,8,18,8,59,2,03中山區,中山區中山北路2段與民權東路1段口,0,0,1,2,C03,8,1,5,50,4,2,1,5,4,5,7,1,1,1,4,5,2,13,1,88,2,9,1,1,7,14,1,10,1,14,,44,23,1,22,9,121.5229789,25.0628664
111,8,18,9,0,2,11南港區,南港區研究院路2段37巷與研究院路2段61巷口,0,0,4,1,C03,7,1,5,30,3,1,1,5,4,5,7,4,4,9,4,5,2,16,2,64,2,8,1,1,7,5,1,10,1,11,,6,6,1,22,9,121.6169451,25.04422504
111,8,18,9,0,2,11南港區,南港區研究院路2段37巷與研究院路2段61巷口,0,0,4,2,C03,7,1,5,30,3,1,1,5,4,5,7,4,4,9,4,5,2,16,1,43,2,9,1,1,7,9,1,10,1,12,,13,6,1,22,9,121.6169451,25.04422504
111,8,18,9,0,2,11南港區,南港區研究院路2段37巷與研究院路2段61巷口,0,0,4,3,H02,7,1,5,30,3,1,1,5,4,5,7,4,4,9,4,5,2,16,2,3,2,9,1,5,7,20,8,20,10,16,,67,6,1,22,9,121.6169451,25.04422504
111,8,18,9,0,2,11南港區,南港區研究院路2段37巷與研究院路2段61巷口,0,0,4,4,H02,7,1,5,30,3,1,1,5,4,5,7,4,4,9,4,5,2,16,2,40,2,7,1,5,7,20,8,20,10,16,,67,6,1,22,9,121.6169451,25.04422504
111,8,18,9,55,2,02萬華區,萬華區長沙街2段59號,0,0,1,1,B12,7,1,5,50,14,20,4,5,4,5,7,4,4,9,5,5,2,14,1,69,3,10,1,1,7,2,1,8,1,3,,12,12,1,22,9,121.5055182,25.04064682
111,8,18,9,55,2,02萬華區,萬華區長沙街2段59號,0,0,1,2,C03,7,1,5,50,14,20,4,5,4,5,7,4,4,9,5,5,2,14,1,47,3,10,2,1,7,13,1,10,9,12,,44,12,1,22,9,121.5055182,25.04064682
111,8,18,9,55,2,02萬華區,萬華區長沙街2段59號,0,0,1,3,C03,7,1,5,50,14,20,4,5,4,5,7,4,4,9,5,5,2,14,1,41,2,8,1,1,7,13,1,10,1,12,,44,12,1,22,9,121.5055182,25.04064682
111,8,18,9,57,2,03中山區,中山區松江路315號,0,0,1,1,C03,8,1,5,50,14,9,1,5,4,5,7,1,1,1,4,5,2,13,2,31,2,8,3,4,7,9,1,10,1,11,,23,23,1,22,9,121.5332769,25.06162814
111,8,18,9,57,2,03中山區,中山區松江路315號,0,0,1,2,B02,8,1,5,50,14,9,1,5,4,5,7,1,1,1,4,5,2,13,1,48,3,10,3,4,7,14,1,8,1,6,,44,23,1,22,9,121.5332769,25.06162814
111,8,18,10,0,2,03中山區,中山區長安東路2段與松江路口,0,0,1,1,C03,8,1,5,50,4,1,1,5,4,5,7,2,1,5,2,5,2,12,1,28,2,9,1,1,7,8,1,10,1,12,,7,7,1,5,5,121.5329672,25.0484896
111,8,18,10,0,2,03中山區,中山區長安東路2段與松江路口,0,0,1,2,C03,8,1,5,50,4,1,1,5,4,5,7,2,1,5,2,5,2,12,1,25,3,10,1,1,7,9,1,10,1,14,,44,7,1,5,5,121.5329672,25.0484896
111,8,18,10,10,2,12內湖區,內湖區康樂街與康樂街191巷口,0,0,1,1,B01,8,1,5,50,3,1,1,5,4,5,7,4,4,5,5,5,2,17,1,54,3,10,1,1,7,5,1,10,1,4,,44,44,1,22,9,121.6202169,25.0754411
111,8,18,10,10,2,12內湖區,內湖區康樂街與康樂街191巷口,0,0,1,2,C03,8,1,5,50,3,1,1,5,4,5,7,4,4,5,5,5,2,17,1,21,2,9,1,1,7,15,1,10,1,12,,4,44,1,22,9,121.6202169,25.0754411
111,8,18,10,30,2,10文山區,文山區景文街與無名巷口,0,0,2,1,F01,7,1,5,50,3,1,1,5,4,5,7,4,4,5,5,4,2,16,1,68,2,9,1,1,7,9,8,20,2,16,,4,4,1,22,9,121.5411547,24.99059986
111,8,18,10,30,2,10文山區,文山區景文街與無名巷口,0,0,2,2,C03,7,1,5,50,3,1,1,5,4,5,7,4,4,5,5,4,2,16,2,70,2,9,1,1,7,9,1,10,2,11,,44,4,1,22,9,121.5411547,24.99059986
111,8,18,11,30,2,03中山區,中山區吉林路與新生北路3段3巷口,0,0,1,1,C03,8,1,5,30,4,1,1,5,4,5,7,4,4,9,4,5,2,15,2,28,2,8,1,4,7,9,1,10,2,11,,6,6,1,22,9,121.5303265,25.0631198
111,8,18,11,30,2,03中山區,中山區吉林路與新生北路3段3巷口,0,0,1,2,C03,8,1,5,30,4,1,1,5,4,5,7,4,4,9,4,5,2,15,1,60,3,10,1,4,7,9,1,10,2,14,,14,6,1,22,9,121.5303265,25.0631198
111,8,18,11,38,2,05中正區,中正區臨沂街與臨沂街8巷口,0,0,1,1,B12,8,1,5,30,4,1,1,5,4,5,7,4,4,10,3,5,2,15,1,39,3,10,1,1,7,9,1,8,2,5,,6,6,1,22,9,121.5304741,25.04199708
111,8,18,11,38,2,05中正區,中正區臨沂街與臨沂街8巷口,0,0,1,2,C03,8,1,5,30,4,1,1,5,4,5,7,4,4,10,3,5,2,15,1,33,2,9,1,1,7,9,1,10,2,14,,13,6,1,22,9,121.5304741,25.04199708
111,8,18,11,40,2,02萬華區,萬華區堤外便道與桂林路水門口口交岔口,0,0,1,1,C04,8,1,5,40,4,1,1,5,4,5,7,1,1,8,3,5,1,17,2,20,3,10,1,1,7,9,1,10,1,11,,25,25,1,22,9,121.4958628,25.0390055
111,8,18,11,40,2,02萬華區,萬華區堤外便道與桂林路水門口口交岔口,0,0,1,2,C03,8,1,5,40,4,1,1,5,4,5,7,1,1,8,3,5,1,17,1,39,2,9,1,1,7,15,1,10,1,12,,43,25,1,22,9,121.4958628,25.0390055
111,8,18,12,4,2,05中正區,中正區汀州路3段與辛亥路1段口口,0,0,1,1,C03,8,1,5,50,14,9,1,5,4,5,7,1,1,9,4,5,2,12,1,53,2,9,1,1,7,5,1,10,2,14,,8,8,1,22,9,121.5272694,25.0181466
111,8,18,12,4,2,05中正區,中正區汀州路3段與辛亥路1段口口,0,0,1,2,B03,8,1,5,50,14,9,1,5,4,5,7,1,1,9,4,5,2,12,1,37,3,10,1,1,7,9,1,8,2,2,,44,8,1,22,9,121.5272694,25.0181466
111,8,18,12,12,2,09北投區,北投區中央北路4段與中央北路4段515巷口,0,0,1,1,B03,8,1,5,50,3,1,1,5,4,5,7,2,1,5,4,5,2,16,2,52,3,10,1,1,7,5,1,8,2,2,,8,8,1,22,9,121.4684475,25.1282191
111,8,18,12,12,2,09北投區,北投區中央北路4段與中央北路4段515巷口,0,0,1,2,C03,8,1,5,50,3,1,1,5,4,5,7,2,1,5,4,5,2,16,1,21,2,9,1,1,7,9,1,10,2,11,,44,8,1,22,9,121.4684475,25.1282191
111,8,18,12,30,2,03中山區,中山區新生北路3段與德惠街口,0,0,1,1,C03,8,1,5,50,3,1,1,5,4,5,7,2,1,1,4,5,2,16,1,25,3,10,3,4,7,9,3,18,1,11,,25,25,1,22,9,121.527987,25.0666318
111,8,18,12,30,2,03中山區,中山區新生北路3段與德惠街口,0,0,1,2,C03,8,1,5,50,3,1,1,5,4,5,7,2,1,1,4,5,2,16,2,39,2,9,3,4,7,6,1,10,1,12,,44,25,1,22,9,121.527987,25.0666318
111,8,18,12,38,2,10文山區,文山區汀州路4段與溪洲街82巷口,0,0,2,1,F03,8,1,5,40,4,1,1,5,4,5,7,2,1,1,4,5,1,12,2,73,2,9,1,1,7,8,8,20,2,16,,7,7,1,22,9,121.536416,25.01080641
111,8,18,12,38,2,10文山區,文山區汀州路4段與溪洲街82巷口,0,0,2,2,C03,8,1,5,40,4,1,1,5,4,5,7,2,1,1,4,5,1,12,2,52,2,9,1,1,7,9,1,10,2,14,,13,7,1,22,9,121.536416,25.01080641
111,8,18,12,47,2,07信義區,信義區松勤街與信義路5段22巷口,0,0,1,1,C03,8,1,5,30,4,2,1,5,4,5,7,4,4,5,5,5,2,17,2,54,2,9,3,4,7,9,1,10,1,12,,13,13,1,22,9,121.5637447,25.032002
111,8,18,12,47,2,07信義區,信義區松勤街與信義路5段22巷口,0,0,1,2,B01,8,1,5,30,4,2,1,5,4,5,7,4,4,5,5,5,2,17,1,43,3,10,3,4,7,5,1,4,1,8,,8,13,1,22,9,121.5637447,25.032002
111,8,18,12,55,2,07信義區,信義區永吉路30巷125號前,0,0,2,1,C03,7,1,5,30,14,9,1,5,4,5,7,4,4,9,5,5,2,16,1,63,3,10,1,1,7,7,1,10,1,14,,7,7,1,22,9,121.5687352,25.0427962
111,8,18,12,55,2,07信義區,信義區永吉路30巷125號前,0,0,2,2,C03,7,1,5,30,14,9,1,5,4,5,7,4,4,9,5,5,2,16,1,48,2,3,1,1,7,9,1,10,1,12,,44,7,1,22,9,121.5687352,25.0427962
111,8,18,12,55,2,07信義區,信義區永吉路30巷125號前,0,0,2,3,H02,7,1,5,30,14,9,1,5,4,5,7,4,4,9,5,5,2,16,2,46,2,8,1,1,7,17,8,20,10,16,,67,7,1,22,9,121.5687352,25.0427962
111,8,18,13,5,2,09北投區,北投區致遠一路1段46巷與建民路91巷口,0,0,1,1,C03,8,1,5,30,3,1,1,5,4,5,7,4,4,10,5,5,2,16,1,19,2,8,3,4,7,6,1,10,1,11,,6,6,1,22,9,121.514769,25.109894
111,8,18,13,5,2,09北投區,北投區致遠一路1段46巷與建民路91巷口,0,0,1,2,B12,8,1,5,30,3,1,1,5,4,5,7,4,4,10,5,5,2,16,1,39,3,10,3,4,7,9,1,8,1,8,,44,6,1,22,9,121.514769,25.109894
111,8,18,13,34,2,10文山區,文山區景華街與景華街192巷口,0,0,2,1,B01,8,1,5,40,3,1,1,5,4,5,7,4,4,10,5,5,2,16,1,60,3,10,1,1,7,11,1,4,1,5,,43,43,1,22,9,121.5478406,24.99798105
111,8,18,13,34,2,10文山區,文山區景華街與景華街192巷口,0,0,2,2,C03,8,1,5,40,3,1,1,5,4,5,7,4,4,10,5,5,2,16,1,23,2,8,1,1,7,9,1,10,1,14,,43,43,1,22,9,121.5478406,24.99798105
111,8,18,13,34,2,10文山區,文山區景華街與景華街192巷口,0,0,2,3,H02,8,1,5,40,3,1,1,5,4,5,7,4,4,10,5,5,2,16,2,52,2,8,4,5,7,21,8,20,10,16,,67,43,1,22,9,121.5478406,24.99798105
111,8,18,13,40,2,08士林區,士林區延平北路5段257巷2弄與延平北路5段257巷口,0,0,1,1,B03,8,1,8,30,15,22,1,5,4,5,7,4,4,10,5,5,2,2,1,77,3,10,1,1,7,2,1,8,9,3,,12,12,1,22,9,121.509293,25.08494337
111,8,18,13,40,2,08士林區,士林區延平北路5段257巷2弄與延平北路5段257巷口,0,0,1,2,H01,8,1,8,30,15,22,1,5,4,5,7,4,4,10,5,5,2,2,1,72,2,9,4,5,8,16,8,20,9,16,,67,12,1,22,9,121.509293,25.08494337
111,8,18,14,24,2,07信義區,信義區永吉路120巷與松隆路口口,0,0,1,1,B01,8,1,5,50,4,1,1,5,4,5,7,2,1,2,4,5,2,17,1,51,3,10,1,1,7,5,1,4,9,15,,6,6,2,22,9,121.5703169,25.04544003
111,8,18,14,24,2,07信義區,信義區永吉路120巷與松隆路口口,0,0,1,2,C03,8,1,5,50,4,1,1,5,4,5,7,2,1,2,4,5,2,17,1,24,2,9,1,1,7,9,1,4,9,14,,23,6,1,22,9,121.5703169,25.04544003
111,8,18,14,42,2,11南港區,南港區興華路與興中路28巷口,0,0,1,1,B03,8,1,5,50,4,2,1,5,4,5,7,1,1,8,5,5,1,15,1,37,3,10,1,1,7,1,1,8,1,8,,42,42,1,22,9,121.6059562,25.0553677
111,8,18,14,42,2,11南港區,南港區興華路與興中路28巷口,0,0,1,2,C03,8,1,5,50,4,2,1,5,4,5,7,1,1,8,5,5,1,15,1,23,2,9,1,1,7,9,1,10,1,12,,23,42,1,22,9,121.6059562,25.0553677
111,8,18,15,5,2,09北投區,北投區社子大橋6號燈桿前,0,0,2,1,C03,8,1,5,50,8,11,1,5,4,5,7,4,4,3,2,2,2,17,1,25,2,9,3,4,7,9,1,10,2,11,,23,23,1,22,9,121.4970585,25.1116078
111,8,18,15,5,2,09北投區,北投區社子大橋6號燈桿前,0,0,2,2,C03,8,1,5,50,8,11,1,5,4,5,7,4,4,3,2,2,2,17,1,20,2,9,3,4,7,9,1,10,2,14,,23,23,1,22,9,121.4970585,25.1116078
111,8,18,15,18,2,01大同區,大同區重慶北路3段223巷與重慶北路3段223巷37弄口,0,0,1,1,B02,8,1,5,50,3,2,1,5,4,5,7,4,4,10,5,5,1,16,1,45,3,10,1,1,7,5,1,8,2,4,,8,8,1,22,9,121.5153429,25.07053542
111,8,18,15,18,2,01大同區,大同區重慶北路3段223巷與重慶北路3段223巷37弄口,0,0,1,2,C03,8,1,5,50,3,2,1,5,4,5,7,4,4,10,5,5,1,16,1,71,2,7,1,1,7,9,1,10,2,11,,17,8,1,22,9,121.5153429,25.07053542
111,8,18,15,24,2,04大安區,大安區新生南路1段與忠孝東路3段口,0,0,3,1,C03,8,1,5,50,14,9,1,5,4,5,7,2,1,1,4,5,2,13,1,18,2,9,1,1,7,9,1,10,1,11,,23,23,1,22,9,121.533127,25.0423494
111,8,18,15,24,2,04大安區,大安區新生南路1段與忠孝東路3段口,0,0,3,2,C03,8,1,5,50,14,9,1,5,4,5,7,2,1,1,4,5,2,13,1,48,2,9,1,1,7,14,1,10,1,13,,44,23,1,22,9,121.533127,25.0423494
111,8,18,15,24,2,04大安區,大安區新生南路1段與忠孝東路3段口,0,0,3,3,B01,8,1,5,50,14,9,1,5,4,5,7,2,1,1,4,5,2,13,1,57,2,1,1,1,7,14,1,4,1,3,,38,23,1,22,9,121.533127,25.0423494
111,8,18,15,34,2,05中正區,中正區市民大道3段與金山北路口口,0,0,2,1,C03,8,1,5,50,4,2,1,5,4,5,7,2,1,9,4,4,1,16,1,32,2,8,1,1,7,6,1,10,2,12,,9,9,1,21,5,121.5308374,25.0460216
111,8,18,15,34,2,05中正區,中正區市民大道3段與金山北路口口,0,0,2,2,C03,8,1,5,50,4,2,1,5,4,5,7,2,1,9,4,4,1,16,1,39,2,9,1,1,7,9,1,10,2,11,,23,9,1,21,1,121.5308374,25.0460216
111,8,18,15,34,2,05中正區,中正區市民大道3段與金山北路口口,0,0,2,3,B03,8,1,5,50,4,2,1,5,4,5,7,2,1,9,4,4,1,16,1,50,3,10,1,1,7,9,1,8,2,5,,23,9,1,21,5,121.5308374,25.0460216
111,8,18,15,52,2,11南港區,南港區忠孝東路6段323號,0,0,1,2,C03,8,1,5,30,14,9,1,5,4,5,7,4,4,10,5,5,2,11,1,47,2,7,1,4,7,1,1,10,2,14,,19,17,1,22,9,121.5919359,25.05020029
111,8,18,15,52,2,11南港區,南港區忠孝東路6段323號,0,0,1,1,C03,8,1,5,30,14,9,1,5,4,5,7,4,4,10,5,5,2,11,1,61,3,10,1,4,7,9,1,10,2,14,,17,17,1,22,9,121.5919359,25.05020029
111,8,18,16,12,2,03中山區,中山區北安路與劍南路口,0,0,1,1,C03,8,1,5,50,4,1,1,5,4,5,7,2,1,7,2,5,2,16,2,75,2,9,1,1,7,1,1,10,1,14,,44,44,1,19,5,121.5539084,25.085271
111,8,18,16,12,2,03中山區,中山區北安路與劍南路口,0,0,1,2,B03,8,1,5,50,4,1,1,5,4,5,7,2,1,7,2,5,2,16,2,37,3,10,1,1,7,9,1,8,1,1,,25,44,1,19,5,121.5539084,25.085271
111,8,18,16,29,2,07信義區,信義區吳興街220巷與吳興街口側附近220巷59弄口,0,0,1,1,B01,8,1,5,50,3,1,1,5,4,5,7,2,1,5,5,5,2,12,1,55,3,10,1,1,7,5,1,4,2,4,,8,8,1,22,9,121.5615733,25.0264797
111,8,18,16,29,2,07信義區,信義區吳興街220巷與吳興街口側附近220巷59弄口,0,0,1,2,C03,8,1,5,50,3,1,1,5,4,5,7,2,1,5,5,5,2,12,2,62,2,9,1,1,7,9,1,9,2,12,,4,8,1,22,9,121.5615733,25.0264797
111,8,18,16,30,2,06松山區,松山區民生東路5段69巷2弄13號前,0,0,1,1,H01,8,1,5,30,14,9,1,5,4,5,7,4,4,10,5,5,2,9,1,5,2,9,4,5,8,18,8,20,10,16,,51,51,1,22,9,121.5585809,25.05924947
111,8,18,16,30,2,06松山區,松山區民生東路5段69巷2弄13號前,0,0,1,2,F02,8,1,5,30,14,9,1,5,4,5,7,4,4,10,5,5,2,9,2,56,3,10,1,1,7,9,8,20,1,16,,44,51,1,22,9,121.5585809,25.05924947
111,8,18,16,44,2,02萬華區,萬華區昆明街與漢口街2段口,0,0,1,1,C03,8,1,5,50,4,1,1,5,4,5,7,2,1,10,5,5,1,3,1,44,3,10,2,4,7,6,6,10,1,11,,15,15,1,22,9,121.5057184,25.04592079
111,8,18,16,44,2,02萬華區,萬華區昆明街與漢口街2段口,0,0,1,2,H01,8,1,5,50,4,1,1,5,4,5,7,2,1,10,5,5,1,3,2,31,2,9,4,5,8,16,8,20,10,16,,67,15,1,22,9,121.5057184,25.04592079
111,8,18,17,0,2,11南港區,南港區南港路1段180號,0,0,1,1,H01,8,1,5,50,14,9,1,5,4,5,7,4,4,8,5,5,2,3,1,75,2,9,4,1,8,16,8,20,1,15,,51,51,1,22,9,121.6117847,25.0551983
111,8,18,17,0,2,11南港區,南港區南港路1段180號,0,0,1,2,C03,8,1,5,50,14,9,1,5,4,5,7,4,4,8,5,5,2,3,1,46,3,10,1,1,7,9,6,10,1,13,,23,51,1,22,9,121.6117847,25.0551983
111,8,18,17,15,2,08士林區,士林區中山北路6段800號,0,0,1,1,B03,6,1,5,50,14,9,1,4,4,5,7,4,4,1,4,5,2,17,2,53,3,10,1,1,7,1,1,8,1,15,,43,43,1,22,9,121.5290348,25.11692551
111,8,18,17,15,2,08士林區,士林區中山北路6段800號,0,0,1,2,C03,6,1,5,50,14,9,1,4,4,5,7,4,4,1,4,5,2,17,1,32,2,9,1,1,7,9,1,10,1,12,,43,43,1,22,9,121.5290348,25.11692551
111,8,18,17,25,2,05中正區,中正區忠孝東路2段與新生南路1段口,0,0,1,1,B03,8,1,5,50,4,1,1,5,4,5,7,1,1,1,4,5,2,15,1,35,3,10,1,1,7,1,1,8,1,1,,19,19,1,22,9,121.5327647,25.0423849
111,8,18,17,25,2,05中正區,中正區忠孝東路2段與新生南路1段口,0,0,1,2,C03,8,1,5,50,4,1,1,5,4,5,7,1,1,1,4,5,2,15,1,21,2,8,1,1,7,9,1,10,1,14,,44,19,1,22,9,121.5327647,25.0423849
111,8,18,17,30,2,12內湖區,內湖區民權東路6段21巷與瑞光路76巷口,0,0,1,1,B12,8,1,5,50,3,1,1,5,4,5,7,4,4,5,5,5,2,16,1,28,3,10,1,1,7,5,1,8,1,4,,6,6,1,22,9,121.5795156,25.0695854
111,8,18,17,30,2,12內湖區,內湖區民權東路6段21巷與瑞光路76巷口,0,0,1,2,F03,8,1,5,50,3,1,1,5,4,5,7,4,4,5,5,5,2,16,2,25,2,9,1,1,7,9,8,20,1,16,,23,6,1,22,9,121.5795156,25.0695854
111,8,18,17,44,2,08士林區,士林區承德路4段與大南路口,0,0,2,1,C03,8,1,5,50,4,1,1,5,4,5,7,2,1,4,3,5,1,12,2,43,2,7,1,1,7,5,1,10,2,14,,8,8,1,22,9,121.5214469,25.08879524
111,8,18,17,44,2,08士林區,士林區承德路4段與大南路口,0,0,2,2,C03,8,1,5,50,4,1,1,5,4,5,7,2,1,4,3,5,1,12,1,53,2,7,1,1,7,9,1,10,2,11,,44,8,1,22,9,121.5214469,25.08879524
111,8,18,18,13,2,01大同區,大同區鄭州路與塔城街口,0,0,1,1,B03,8,1,5,40,4,2,1,5,4,5,7,2,1,9,4,5,2,12,1,30,3,10,1,1,7,6,1,8,2,2,,25,25,1,22,9,121.5103732,25.05002779
111,8,18,18,13,2,01大同區,大同區鄭州路與塔城街口,0,0,1,2,C03,8,1,5,40,4,2,1,5,4,5,7,2,1,9,4,5,2,12,2,21,2,9,1,1,7,9,1,10,2,14,,25,25,1,22,9,121.5103732,25.05002779
111,8,18,18,58,2,03中山區,中山區長安東路2段86號,0,0,2,1,C03,8,3,5,50,14,9,1,5,4,5,7,1,1,5,4,5,2,13,2,22,2,9,1,1,7,9,1,10,1,11,,23,23,1,22,9,121.534365,25.0483964
111,8,18,18,58,2,03中山區,中山區長安東路2段86號,0,0,2,2,B02,8,3,5,50,14,9,1,5,4,5,7,1,1,5,4,5,2,13,1,66,3,10,1,1,7,14,1,8,1,3,,44,23,1,22,9,121.534365,25.0483964
111,8,18,18,58,2,03中山區,中山區長安東路2段86號,0,0,2,3,H02,8,3,5,50,14,9,1,5,4,5,7,1,1,5,4,5,2,13,2,20,2,8,1,5,7,20,8,20,10,16,,67,23,1,22,9,121.534365,25.0483964
111,8,18,18,58,2,08士林區,士林區德行東路172巷16弄與德行東路口,0,0,3,1,C03,8,1,5,0,3,2,1,5,4,5,7,4,4,9,4,5,1,16,2,64,2,9,3,4,7,5,4,11,9,12,,8,8,2,22,9,121.5261934,25.1069267
111,8,18,18,58,2,08士林區,士林區德行東路172巷16弄與德行東路口,0,0,3,2,C03,8,1,5,0,3,2,1,5,4,5,7,4,4,9,4,5,1,16,1,55,2,9,3,4,7,9,1,10,1,11,,44,8,1,22,9,121.5261934,25.1069267
111,8,18,18,58,2,08士林區,士林區德行東路172巷16弄與德行東路口,0,0,3,3,H02,8,1,5,0,3,2,1,5,4,5,7,4,4,9,4,5,1,16,1,20,2,9,3,4,7,21,8,20,10,15,,67,8,1,22,9,121.5261934,25.1069267
111,8,18,18,59,2,02萬華區,萬華區環河南路1段與長沙街2段口,0,0,1,1,B03,8,3,5,50,3,2,1,5,4,5,7,1,1,8,3,5,2,16,1,63,3,10,3,4,7,1,1,8,1,7,,19,19,1,22,9,121.4996912,25.04158492
111,8,18,18,59,2,02萬華區,萬華區環河南路1段與長沙街2段口,0,0,1,2,C03,8,3,5,50,3,2,1,5,4,5,7,1,1,8,3,5,2,16,1,44,2,9,3,4,7,9,1,10,1,11,,44,19,1,22,9,121.4996912,25.04158492
111,8,18,19,5,2,01大同區,大同區重慶北路3段與酒泉街口,0,0,1,1,C02,8,3,5,50,14,9,1,5,4,5,7,1,1,9,4,5,2,17,1,48,4,11,3,4,7,8,1,9,11,15,,7,7,2,22,9,121.5139005,25.0720309
111,8,18,19,5,2,01大同區,大同區重慶北路3段與酒泉街口,0,0,1,2,C03,8,3,5,50,14,9,1,5,4,5,7,1,1,9,4,5,2,17,1,43,2,9,1,4,7,9,1,10,1,12,,44,7,1,22,9,121.5139005,25.0720309