發生年度,發生月,發生日,發生時-Hours,發生分,處理別-編號,區序,肇事地點,死亡人數,2-30日死亡人數,受傷人數,當事人序號,車種,天候,光線,道路類別,速限-速度限制,道路型態,事故位置,路面狀況1,路面狀況2,路面狀況3,道路障礙1,道路障礙2,號誌1,號誌2,車道劃分-分向,車道劃分-分道1,車道劃分-分道2,車道劃分-分道3,事故類型及型態,性別,年齡,受傷程度,主要傷處,安全帽,行動電話,車輛用途,當事者行動狀態,駕駛資格情形,駕駛執照種類,飲酒情形,車輛撞擊部位1,車輛撞擊部位2,肇因碼-個別,肇因碼-主要,個人肇逃否,職業,旅次目的,座標-X,座標-Y
111,8,18,19,28,2,01大同區,大同區承德路3段與酒泉街口,0,0,2,1,C04,8,3,5,50,4,1,1,5,4,5,7,2,1,1,4,5,2,16,1,30,2,8,1,1,7,6,1,10,1,13,,9,9,1,22,9,121.5183743,25.0706787
111,8,18,19,28,2,01大同區,大同區承德路3段與酒泉街口,0,0,2,2,C03,8,3,5,50,4,1,1,5,4,5,7,2,1,1,4,5,2,16,2,27,2,9,1,1,7,9,1,10,1,11,,44,9,1,22,9,121.5183743,25.0706787
111,8,18,19,40,2,03中山區,中山區林森北路96號,0,0,1,2,C03,8,3,5,50,14,9,1,5,4,5,7,4,4,1,3,5,1,17,1,23,2,9,1,1,7,9,1,10,1,12,,13,7,1,22,9,121.5247842,25.04992491
111,8,18,19,40,2,03中山區,中山區林森北路96號,0,0,1,1,B03,8,3,5,50,14,9,1,5,4,5,7,4,4,1,3,5,1,17,1,29,4,11,3,4,7,7,7,19,11,15,,7,7,2,22,9,121.5247842,25.04992491
111,8,18,20,30,2,12內湖區,內湖區港墘路與港華街口,0,0,1,1,B03,8,3,5,50,4,1,1,5,4,5,7,2,1,10,5,5,2,13,1,42,3,10,1,1,7,11,1,8,1,8,,23,23,1,22,9,121.5782233,25.08217756
111,8,18,20,30,2,12內湖區,內湖區港墘路與港華街口,0,0,1,2,C03,8,3,5,50,4,1,1,5,4,5,7,2,1,10,5,5,2,13,2,29,2,8,1,1,7,14,1,10,1,13,,44,23,1,22,9,121.5782233,25.08217756
111,8,18,21,3,2,11南港區,南港區研究院路2段與研究院路2段54巷口,0,0,1,1,C03,8,3,5,50,3,2,1,5,4,5,7,2,1,1,4,5,2,16,1,20,2,9,3,4,7,9,1,10,2,12,,25,25,1,22,9,121.6152167,25.04634118
111,8,18,21,3,2,11南港區,南港區研究院路2段與研究院路2段54巷口,0,0,1,2,F03,8,3,5,50,3,2,1,5,4,5,7,2,1,1,4,5,2,16,2,22,4,11,3,4,7,1,8,20,2,16,,19,25,1,22,9,121.6152167,25.04634118
111,8,18,21,46,2,10文山區,文山區景隆街與景隆街36巷口,0,0,2,1,C03,8,3,5,50,3,1,1,5,4,5,7,3,1,5,4,5,2,16,1,29,3,10,1,1,7,5,1,10,2,15,,6,6,1,22,9,121.5436706,24.9987931
111,8,18,21,46,2,10文山區,文山區景隆街與景隆街36巷口,0,0,2,2,C03,8,3,5,50,3,1,1,5,4,5,7,3,1,5,4,5,2,16,1,45,2,9,1,1,7,9,1,10,2,12,,44,6,1,22,9,121.5436706,24.9987931
111,8,18,21,46,2,10文山區,文山區景隆街與景隆街36巷口,0,0,2,3,H02,8,3,5,50,3,1,1,5,4,5,7,3,1,5,4,5,2,16,2,66,2,9,1,5,7,21,8,20,10,16,,67,6,1,22,9,121.5436706,24.9987931
111,8,18,22,28,2,09北投區,北投區建民路與建民路110巷口,0,0,1,1,C03,8,3,5,30,4,1,1,5,4,5,7,4,4,10,5,5,1,15,1,21,3,10,1,1,7,9,1,10,1,11,,43,43,1,22,9,121.5173645,25.10888962
111,8,18,22,28,2,09北投區,北投區建民路與建民路110巷口,0,0,1,2,C03,8,3,5,30,4,1,1,5,4,5,7,4,4,10,5,5,1,15,1,46,2,9,1,1,7,9,1,10,1,12,,43,43,1,22,9,121.5173645,25.10888962
111,8,19,1,45,2,10文山區,文山區木柵路3段與木柵路3段25巷口,0,0,1,1,B03,8,3,5,30,4,1,1,5,4,5,7,3,1,5,2,5,2,15,1,46,3,10,3,4,7,9,1,8,1,1,,6,6,1,22,9,121.5653142,24.9883946
111,8,19,1,45,2,10文山區,文山區木柵路3段與木柵路3段25巷口,0,0,1,2,C03,8,3,5,30,4,1,1,5,4,5,7,3,1,5,2,5,2,15,1,28,2,9,1,4,7,9,1,10,1,12,,42,6,1,22,9,121.5653142,24.9883946
111,8,19,3,49,2,05中正區,中正區羅斯福路2段與同安街口,0,0,1,1,C03,8,3,5,50,3,2,1,5,4,5,7,1,1,10,4,5,2,18,1,36,2,9,1,1,7,21,1,10,8,15,,23,21,1,22,9,121.5231963,25.0258971
111,8,19,3,49,2,05中正區,中正區羅斯福路2段與同安街口,0,0,1,2,,8,3,5,50,3,2,1,5,4,5,7,1,1,10,4,5,2,18,3,,,,,,,,,,,,,67,21,1,,,121.5231963,25.0258971
111,8,19,5,47,2,02萬華區,萬華區萬大路424巷29號,0,0,2,1,H01,8,1,5,30,14,9,1,5,4,5,7,4,4,10,5,5,2,9,1,49,2,9,4,5,8,16,8,20,10,16,,53,53,1,22,9,121.4964273,25.02142722
111,8,19,5,47,2,02萬華區,萬華區萬大路424巷29號,0,0,2,2,C03,8,1,5,30,14,9,1,5,4,5,7,4,4,10,5,5,2,9,2,27,2,9,1,1,7,9,1,9,1,11,,23,53,1,22,9,121.4964273,25.02142722
111,8,19,5,58,2,11南港區,南港區中坡南路與中坡南路31巷口,0,0,1,1,C03,8,1,5,30,4,1,1,5,4,5,7,4,4,5,4,4,2,16,1,74,3,10,3,4,7,6,1,10,9,14,,6,6,2,22,9,121.5832035,25.0431749
111,8,19,5,58,2,11南港區,南港區中坡南路與中坡南路31巷口,0,0,1,2,C03,8,1,5,30,4,1,1,5,4,5,7,4,4,5,4,4,2,16,1,50,2,9,1,1,7,9,1,10,9,12,,13,6,1,22,9,121.5832035,25.0431749
111,8,19,6,20,2,05中正區,中正區市民大道1段168號前,0,0,1,1,C03,8,1,5,40,14,9,1,5,4,5,7,4,4,1,4,5,1,12,1,19,2,8,1,1,7,11,1,10,2,12,,10,10,1,22,9,121.5186473,25.04835797
111,8,19,6,20,2,05中正區,中正區市民大道1段168號前,0,0,1,2,C03,8,1,5,40,14,9,1,5,4,5,7,4,4,1,4,5,1,12,2,25,3,10,1,1,7,9,1,10,2,13,,44,10,1,22,9,121.5186473,25.04835797
111,8,19,6,50,2,07信義區,信義區莊敬路與吳興街225巷口,0,0,1,1,A05,8,1,5,50,4,2,1,5,4,5,7,2,1,5,4,4,2,9,1,58,3,10,1,1,7,5,1,2,2,8,,15,15,1,22,9,121.5635354,25.0281498
111,8,19,6,50,2,07信義區,信義區莊敬路與吳興街225巷口,0,0,1,2,H01,8,1,5,50,4,2,1,5,4,5,7,2,1,5,4,4,2,9,2,81,2,9,4,5,8,16,8,20,10,16,,67,15,1,22,9,121.5635354,25.0281498
111,8,19,7,0,2,11南港區,南港區松河街與松河街口路邊停車格386號,0,0,1,1,B12,8,1,5,50,14,9,1,5,4,5,7,4,4,9,5,5,2,11,1,32,3,10,1,1,7,5,1,8,1,15,,8,8,1,22,9,121.591135,25.0564309
111,8,19,7,0,2,11南港區,南港區松河街與松河街口路邊停車格386號,0,0,1,2,C03,8,1,5,50,14,9,1,5,4,5,7,4,4,9,5,5,2,11,1,53,2,9,1,3,7,9,1,10,1,14,,44,8,1,22,9,121.591135,25.0564309
111,8,19,7,8,2,04大安區,大安區永康街與潮州街口,0,0,1,1,B12,8,1,5,30,4,1,1,5,4,5,7,4,4,10,5,5,2,15,1,30,3,10,1,1,7,9,1,8,2,4,,26,26,1,21,8,121.5296113,25.0283591
111,8,19,7,8,2,04大安區,大安區永康街與潮州街口,0,0,1,2,C03,8,1,5,30,4,1,1,5,4,5,7,4,4,10,5,5,2,15,1,23,2,9,1,1,7,9,1,10,2,11,,23,26,1,21,8,121.5296113,25.0283591
111,8,19,7,17,2,11南港區,南港區松河街463號停車格,0,0,1,1,B03,8,1,5,40,14,9,1,5,4,5,7,4,4,8,5,5,2,16,1,48,3,10,1,1,7,1,1,8,1,1,,19,19,1,22,9,121.5858298,25.05361
111,8,19,7,17,2,11南港區,南港區松河街463號停車格,0,0,1,2,C03,8,1,5,40,14,9,1,5,4,5,7,4,4,8,5,5,2,16,1,28,2,9,1,1,7,9,1,9,1,14,,44,19,1,22,9,121.5858298,25.05361
111,8,19,7,17,2,11南港區,南港區松河街463號停車格,0,0,1,3,B01,8,1,5,40,14,9,1,5,4,5,7,4,4,8,5,5,2,16,1,63,3,10,3,1,7,13,1,4,9,3,,44,19,1,22,9,121.5858298,25.05361
111,8,19,7,20,2,08士林區,士林區文林路與美崙街口,0,0,1,1,C03,8,1,5,50,4,1,1,5,4,5,7,2,1,5,5,5,2,17,1,52,2,9,1,1,7,5,1,10,1,14,,8,8,1,22,9,121.5240607,25.0973175
111,8,19,7,20,2,08士林區,士林區文林路與美崙街口,0,0,1,2,B03,8,1,5,50,4,1,1,5,4,5,7,2,1,5,5,5,2,17,1,50,3,10,1,1,7,9,1,8,1,1,,44,8,1,22,9,121.5240607,25.0973175
111,8,19,7,25,2,07信義區,信義區福德街268巷與福德街口,0,0,1,1,C03,8,1,5,50,4,1,1,5,4,5,7,2,1,8,3,5,2,11,1,66,3,10,1,1,7,15,1,10,1,11,,6,6,1,22,9,121.5861089,25.03883628
111,8,19,7,25,2,07信義區,信義區福德街268巷與福德街口,0,0,1,2,C03,8,1,5,50,4,1,1,5,4,5,7,2,1,8,3,5,2,11,1,49,2,9,1,1,7,9,1,10,1,11,,44,6,1,22,9,121.5861089,25.03883628
111,8,19,7,40,2,11南港區,南港區南湖大橋北往南(南港端),0,0,1,1,C03,8,1,5,50,14,7,1,5,4,5,7,4,4,1,3,5,2,20,1,55,2,9,1,1,7,9,1,10,1,12,,23,23,1,22,9,121.6137061,25.0611563
111,8,19,7,40,2,11南港區,南港區南湖大橋北往南(南港端),0,0,1,2,,8,1,5,50,14,7,1,5,4,5,7,4,4,1,3,5,2,20,3,,,,,,,,,,,,,67,23,1,,,121.6137061,25.0611563
111,8,19,7,45,2,05中正區,中正區重慶南路3段與重慶南路3段124巷口,0,0,2,1,F01,8,1,5,30,3,1,1,5,4,5,3,4,4,10,5,5,2,15,1,37,2,8,1,1,7,9,8,20,11,16,,42,42,1,22,9,121.5165753,25.02455907
111,8,19,7,45,2,05中正區,中正區重慶南路3段與重慶南路3段124巷口,0,0,2,2,C03,8,1,5,30,3,1,1,5,4,5,3,4,4,10,5,5,2,15,1,26,2,8,1,1,7,1,1,10,11,11,,19,42,1,22,9,121.5165753,25.02455907
111,8,19,8,0,2,06松山區,松山區八德路4段697號,0,0,1,1,A02,8,1,5,40,14,9,1,5,4,5,7,4,4,1,3,5,2,9,1,52,3,10,1,1,7,1,1,2,9,2,,36,36,1,22,9,121.5764404,25.05003521
111,8,19,8,0,2,06松山區,松山區八德路4段697號,0,0,1,2,H02,8,1,5,40,14,9,1,5,4,5,7,4,4,1,3,5,2,9,2,50,2,9,4,5,7,21,8,20,10,16,,67,36,1,22,9,121.5764404,25.05003521
111,8,19,8,13,2,03中山區,中山區北安路458巷與北安路458巷41弄口,0,0,1,1,B03,8,1,5,50,4,1,1,5,4,5,7,3,1,5,4,5,2,16,1,22,3,10,3,4,7,5,1,8,1,8,,8,8,1,22,9,121.5445428,25.07788193
111,8,19,8,13,2,03中山區,中山區北安路458巷與北安路458巷41弄口,0,0,1,2,C03,8,1,5,50,4,1,1,5,4,5,7,3,1,5,4,5,2,16,1,64,2,9,1,1,7,9,1,10,1,14,,23,8,1,22,9,121.5445428,25.07788193
111,8,19,8,40,2,02萬華區,萬華區西昌街171號,0,0,1,1,C03,8,1,5,50,14,9,1,5,4,5,7,4,4,9,5,5,1,17,1,59,2,9,3,4,7,9,1,10,2,14,,42,42,1,22,9,121.5006378,25.03888712
111,8,19,8,40,2,02萬華區,萬華區西昌街171號,0,0,1,2,B03,8,1,5,50,14,9,1,5,4,5,7,4,4,9,5,5,1,17,1,67,3,10,3,4,7,13,1,8,2,15,,40,42,1,22,9,121.5006378,25.03888712
111,8,19,8,40,2,06松山區,松山區松河街與八德路4段763巷口,0,0,2,1,F01,8,1,5,30,3,1,1,5,4,5,7,4,4,9,4,5,2,16,2,25,2,9,1,1,7,5,8,20,1,16,,6,6,1,22,9,121.5777349,25.05164821
111,8,19,8,40,2,06松山區,松山區松河街與八德路4段763巷口,0,0,2,2,C03,8,1,5,30,3,1,1,5,4,5,7,4,4,9,4,5,2,16,1,26,2,9,1,1,7,9,1,10,1,11,,14,6,1,22,9,121.5777349,25.05164821
111,8,19,8,45,2,07信義區,信義區吳興街156巷與吳興街156巷33弄口,0,0,1,1,B03,8,1,5,30,3,1,1,5,4,5,7,4,4,8,3,5,2,17,1,45,3,10,1,1,7,15,1,8,1,8,,6,6,1,22,9,121.5603813,25.02825083
111,8,19,8,45,2,07信義區,信義區吳興街156巷與吳興街156巷33弄口,0,0,1,2,C03,8,1,5,30,3,1,1,5,4,5,7,4,4,8,3,5,2,17,2,25,2,9,1,1,7,9,1,10,1,11,,13,6,1,22,9,121.5603813,25.02825083
111,8,19,9,0,2,10文山區,文山區木新路2段218巷與木新路2段口,0,0,2,1,H01,8,1,5,0,3,2,1,5,4,5,7,4,4,9,4,5,1,3,1,78,2,9,1,1,8,16,8,20,10,15,,67,67,1,22,9,121.5674148,24.98347
111,8,19,9,0,2,10文山區,文山區木新路2段218巷與木新路2段口,0,0,2,2,C03,8,1,5,0,3,2,1,5,4,5,7,4,4,9,4,5,1,3,1,66,2,7,1,1,7,9,1,10,2,11,,15,67,1,22,9,121.5674148,24.98347
111,8,19,9,34,2,03中山區,中山區民生東路1段36號,0,0,1,1,B01,8,1,5,50,14,9,1,5,4,5,7,4,4,10,4,5,2,16,1,58,3,10,3,4,7,8,1,4,1,5,,7,7,1,22,9,121.5241542,25.05803931
111,8,19,9,34,2,03中山區,中山區民生東路1段36號,0,0,1,2,C03,8,1,5,50,14,9,1,5,4,5,7,4,4,10,4,5,2,16,2,21,2,9,1,1,7,9,1,10,1,14,,44,7,1,22,9,121.5241542,25.05803931
111,8,19,9,56,2,08士林區,士林區至善路3段150巷31號,0,0,1,1,C03,8,1,5,30,14,9,1,5,4,5,7,4,4,10,5,5,2,17,1,55,2,8,1,1,7,6,1,10,1,14,,23,23,1,21,8,121.5778615,25.11583825
111,8,19,9,56,2,08士林區,士林區至善路3段150巷31號,0,0,1,2,B03,8,1,5,30,14,9,1,5,4,5,7,4,4,10,5,5,2,17,1,68,3,10,1,1,7,9,1,8,1,4,,44,23,1,21,8,121.5778615,25.11583825
111,8,19,10,30,2,12內湖區,內湖區環山路2段與環山路2段10巷口口,0,0,1,1,B01,8,1,5,50,3,1,1,5,4,5,7,2,1,5,4,5,2,16,1,62,3,10,1,1,7,11,1,4,1,1,,10,10,1,22,9,121.5711011,25.08638092
111,8,19,10,30,2,12內湖區,內湖區環山路2段與環山路2段10巷口口,0,0,1,2,C03,8,1,5,50,3,1,1,5,4,5,7,2,1,5,4,5,2,16,2,29,2,9,1,1,7,9,1,10,1,14,,13,10,1,22,9,121.5711011,25.08638092
111,8,19,10,30,2,12內湖區,內湖區環山路2段與環山路2段10巷口口,0,0,1,3,B12,8,1,5,50,3,1,1,5,4,5,7,2,1,5,4,5,2,16,1,54,3,10,3,4,7,13,1,8,1,3,,38,10,1,22,9,121.5711011,25.08638092
111,8,19,10,49,2,04大安區,大安區敦化南路2段39號,0,0,2,1,C03,8,1,5,50,14,9,1,5,4,5,7,2,1,8,3,5,1,12,1,49,2,5,1,1,7,7,1,10,1,13,,7,7,1,22,9,121.5490302,25.03171284
111,8,19,10,49,2,04大安區,大安區敦化南路2段39號,0,0,2,2,C03,8,1,5,50,14,9,1,5,4,5,7,2,1,8,3,5,1,12,1,24,2,9,1,1,7,9,1,10,1,12,,44,7,1,22,9,121.5490302,25.03171284
111,8,19,10,50,2,09北投區,北投區立功街與中央北路4段515巷口,0,0,1,1,B01,8,1,5,50,4,1,1,5,4,5,6,1,1,5,5,5,2,16,1,38,3,10,1,3,7,5,1,4,2,15,,6,6,1,22,9,121.4701462,25.1259585
111,8,19,10,50,2,09北投區,北投區立功街與中央北路4段515巷口,0,0,1,2,C03,8,1,5,50,4,1,1,5,4,5,6,1,1,5,5,5,2,16,1,23,2,9,1,1,7,15,1,10,2,12,,13,6,1,22,9,121.4701462,25.1259585
111,8,19,10,55,2,07信義區,信義區忠孝東路5段705號,0,0,2,1,B01,8,1,5,50,14,9,1,5,4,5,7,4,4,1,4,5,2,13,1,62,3,10,1,1,7,12,1,4,2,3,,14,14,1,22,9,121.580242,25.042513
111,8,19,10,55,2,07信義區,信義區忠孝東路5段705號,0,0,2,2,C03,8,1,5,50,14,9,1,5,4,5,7,4,4,1,4,5,2,13,1,45,2,8,1,1,7,9,1,10,2,13,,44,14,1,22,9,121.580242,25.042513
111,8,19,10,55,2,07信義區,信義區忠孝東路5段705號,0,0,2,3,C03,8,1,5,50,14,9,1,5,4,5,7,4,4,1,4,5,2,13,2,23,2,8,1,1,7,9,1,10,2,11,,16,14,1,22,9,121.580242,25.042513
111,8,19,11,5,2,11南港區,南港區忠孝東路6段269巷與市民大道7段口,0,0,1,1,B03,8,1,5,50,3,1,1,5,4,5,7,2,1,1,3,5,2,16,1,72,3,10,1,1,7,11,1,8,1,8,,10,10,1,22,9,121.589434,25.050533
111,8,19,11,5,2,11南港區,南港區忠孝東路6段269巷與市民大道7段口,0,0,1,2,C03,8,1,5,50,3,1,1,5,4,5,7,2,1,1,3,5,2,16,1,19,2,9,1,1,7,9,3,18,1,12,,13,10,1,22,9,121.589434,25.050533
111,8,19,11,8,2,04大安區,大安區敦化南路2段81巷與敦化南路2段81巷45弄口,0,0,1,1,C03,8,1,5,50,4,2,1,5,4,5,7,1,1,8,3,5,1,13,1,41,3,10,1,1,7,12,1,10,11,13,,42,42,1,22,9,121.5504665,25.0299808
111,8,19,11,8,2,04大安區,大安區敦化南路2段81巷與敦化南路2段81巷45弄口,0,0,1,2,C03,8,1,5,50,4,2,1,5,4,5,7,1,1,8,3,5,1,13,2,27,2,7,1,1,7,9,1,10,11,11,,23,42,1,22,9,121.5504665,25.0299808
111,8,19,11,12,2,07信義區,信義區松高路與松智路口,0,0,1,1,B03,8,1,5,50,3,1,1,5,4,5,7,2,1,9,4,5,1,16,1,40,3,10,3,4,7,6,1,8,1,1,,9,9,1,22,9,121.5655033,25.03903732
111,8,19,11,12,2,07信義區,信義區松高路與松智路口,0,0,1,2,C03,8,1,5,50,3,1,1,5,4,5,7,2,1,9,4,5,1,16,1,56,2,7,3,4,7,9,1,10,1,13,,25,9,1,22,9,121.5655033,25.03903732
111,8,19,11,15,2,07信義區,信義區忠孝東路5段與松仁路口口,0,0,1,1,C03,8,1,5,50,4,2,1,5,4,5,7,1,1,1,4,5,2,29,1,69,2,9,3,4,7,9,1,10,1,12,,23,23,1,22,9,121.5685367,25.0411255
111,8,19,11,15,2,07信義區,信義區忠孝東路5段與松仁路口口,0,0,1,2,,8,1,5,50,4,2,1,5,4,5,7,1,1,1,4,5,2,29,3,,,,,,,,,,,,,67,23,1,,,121.5685367,25.0411255
111,8,19,11,23,2,12內湖區,內湖區新湖一路與行善路168巷口對面,0,0,2,1,C03,8,1,5,50,3,2,1,5,4,5,7,4,4,10,5,5,2,16,1,37,2,9,1,1,7,5,1,10,1,12,,6,6,1,22,9,121.5780878,25.05962618
111,8,19,11,23,2,12內湖區,內湖區新湖一路與行善路168巷口對面,0,0,2,2,C03,8,1,5,50,3,2,1,5,4,5,7,4,4,10,5,5,2,16,1,52,2,9,1,1,7,9,1,9,1,11,,44,6,1,22,9,121.5780878,25.05962618
111,8,19,12,10,2,03中山區,中山區建國北路2段與錦州街口,0,0,1,1,C03,8,1,5,50,4,1,1,5,4,5,7,1,1,5,4,5,2,17,1,23,2,9,1,4,7,9,1,10,1,14,,42,42,1,22,9,121.537253,25.0602975
111,8,19,12,10,2,03中山區,中山區建國北路2段與錦州街口,0,0,1,2,B03,8,1,5,50,4,1,1,5,4,5,7,1,1,5,4,5,2,17,1,46,3,10,3,4,7,9,1,8,1,15,,44,42,1,22,9,121.537253,25.0602975
111,8,19,12,40,2,07信義區,信義區松德路169巷與虎林街222巷口口,0,0,2,1,B03,8,1,5,30,4,2,1,5,4,5,7,4,4,10,5,5,2,17,1,71,3,10,3,4,7,9,1,8,1,4,,6,6,1,22,9,121.5759045,25.0363495
111,8,19,12,40,2,07信義區,信義區松德路169巷與虎林街222巷口口,0,0,2,2,C03,8,1,5,30,4,2,1,5,4,5,7,4,4,10,5,5,2,17,1,70,2,9,3,4,7,9,1,10,1,11,,14,6,1,22,9,121.5759045,25.0363495
111,8,19,12,40,2,07信義區,信義區松德路169巷與虎林街222巷口口,0,0,2,3,H02,8,1,5,30,4,2,1,5,4,5,7,4,4,10,5,5,2,17,2,68,2,9,3,4,7,21,8,20,10,16,,67,6,1,22,9,121.5759045,25.0363495
111,8,19,12,48,2,12內湖區,內湖區成功路4段61巷與成功路4段61巷25弄口,0,0,1,1,B03,8,1,5,50,4,1,1,5,4,5,7,1,1,5,5,5,2,17,1,38,3,10,1,1,7,9,1,8,1,15,,25,25,1,22,9,121.5932665,25.0808817
111,8,19,12,48,2,12內湖區,內湖區成功路4段61巷與成功路4段61巷25弄口,0,0,1,2,C03,8,1,5,50,4,1,1,5,4,5,7,1,1,5,5,5,2,17,1,56,2,9,1,1,7,9,1,10,1,14,,44,25,1,22,9,121.5932665,25.0808817
111,8,19,13,30,2,03中山區,中山區明水路與大直橋口下,0,0,2,1,C03,8,1,5,50,3,1,1,5,4,5,7,1,1,1,4,5,2,16,1,23,2,9,1,4,7,9,1,10,1,11,,16,16,1,22,9,121.5444913,25.0774924
111,8,19,13,30,2,03中山區,中山區明水路與大直橋口下,0,0,2,3,H02,8,1,5,50,3,1,1,5,4,5,7,1,1,1,4,5,2,16,1,14,2,9,1,5,7,21,8,20,10,16,,67,16,1,22,9,121.5444913,25.0774924
111,8,19,13,30,2,03中山區,中山區明水路與大直橋口下,0,0,2,2,B03,8,1,5,50,3,1,1,5,4,5,7,1,1,1,4,5,2,16,2,51,3,10,3,4,7,9,1,8,1,6,,44,16,1,22,9,121.5444913,25.0774924
111,8,19,13,40,2,09北投區,北投區大業路37號,0,0,1,1,B01,8,1,5,60,14,9,1,5,4,5,7,4,4,1,4,5,1,12,1,49,3,10,1,1,7,6,1,4,1,2,,9,9,1,22,9,121.4993076,25.12238382
111,8,19,13,40,2,09北投區,北投區大業路37號,0,0,1,2,C03,8,1,5,60,14,9,1,5,4,5,7,4,4,1,4,5,1,12,1,23,2,9,1,1,7,9,1,10,1,14,,44,9,1,22,9,121.4993076,25.12238382
111,8,19,13,45,2,09北投區,北投區復興四路49號,0,0,3,1,C03,8,1,5,30,14,9,1,5,4,3,7,4,4,9,4,5,2,17,1,64,2,9,1,1,7,1,1,10,1,11,,19,19,1,22,9,121.500975,25.1432309
111,8,19,13,45,2,09北投區,北投區復興四路49號,0,0,3,2,C03,8,1,5,30,14,9,1,5,4,3,7,4,4,9,4,5,2,17,2,21,2,9,1,1,7,9,1,10,1,11,,44,19,1,22,9,121.500975,25.1432309
111,8,19,13,45,2,09北投區,北投區復興四路49號,0,0,3,3,H02,8,1,5,30,14,9,1,5,4,3,7,4,4,9,4,5,2,17,1,22,2,9,4,5,7,20,8,20,10,16,,67,19,1,22,9,121.500975,25.1432309
111,8,19,13,58,2,02萬華區,萬華區南寧路與三水街口,0,0,2,1,C03,8,1,5,30,4,1,1,5,4,5,7,3,1,1,5,5,2,15,1,39,2,9,1,1,7,9,1,10,1,11,,6,6,1,22,9,121.5038526,25.03562027
111,8,19,13,58,2,02萬華區,萬華區南寧路與三水街口,0,0,2,2,C03,8,1,5,30,4,1,1,5,4,5,7,3,1,1,5,5,2,15,2,56,2,9,1,1,7,9,1,10,1,12,,14,6,1,22,9,121.5038526,25.03562027
111,8,19,14,51,2,09北投區,北投區秀山路與稻香路口,0,0,1,1,C03,8,1,5,50,4,2,1,5,4,5,7,3,1,5,5,5,2,16,2,47,2,9,1,1,7,5,1,10,1,11,,6,6,1,22,9,121.4902801,25.1419674
111,8,19,14,51,2,09北投區,北投區秀山路與稻香路口,0,0,1,2,B03,8,1,5,50,4,2,1,5,4,5,7,3,1,5,5,5,2,16,1,49,3,10,1,1,7,9,1,8,1,1,,44,6,1,22,9,121.4902801,25.1419674
111,8,19,15,30,2,07信義區,信義區永吉路30巷與松隆路口,0,0,2,2,C03,8,1,5,30,4,1,1,5,4,5,7,2,1,3,4,5,1,11,2,28,2,9,1,1,7,9,1,10,1,11,,44,8,1,22,9,121.5687667,25.0442612
111,8,19,15,30,2,07信義區,信義區永吉路30巷與松隆路口,0,0,2,1,C03,8,1,5,30,4,1,1,5,4,5,7,2,1,3,4,5,1,11,1,53,2,9,1,1,7,5,1,10,1,11,,8,8,1,22,9,121.5687667,25.0442612
111,8,19,15,30,2,07信義區,信義區忠孝東路4段501號,0,0,1,1,C03,7,1,5,50,14,9,1,5,4,5,7,1,1,3,5,5,2,13,1,46,2,7,1,1,7,12,1,10,1,11,,43,43,1,22,9,121.5582741,25.04136644
111,8,19,15,30,2,07信義區,信義區忠孝東路4段501號,0,0,1,2,B03,7,1,5,50,14,9,1,5,4,5,7,1,1,3,5,5,2,13,1,47,3,10,1,1,7,12,1,8,1,3,,44,43,1,22,9,121.5582741,25.04136644
111,8,19,15,40,2,02萬華區,萬華區萬大路與萬大路449巷口,0,0,1,2,C03,7,1,5,30,3,1,1,5,4,5,7,4,4,9,4,5,2,12,1,39,2,9,1,1,7,9,1,10,1,11,,44,9,1,22,9,121.4983377,25.02091741
111,8,19,15,40,2,02萬華區,萬華區萬大路與萬大路449巷口,0,0,1,1,B12,7,1,5,30,3,1,1,5,4,5,7,4,4,9,4,5,2,12,1,45,3,10,1,1,7,6,1,1,1,2,,9,9,1,22,9,121.4983377,25.02091741
111,8,19,15,56,2,01大同區,大同區承德路3段與民權西路口,0,0,2,1,C03,8,1,5,50,4,1,1,5,4,5,7,2,1,1,4,5,2,15,1,18,2,9,1,1,7,9,3,18,2,11,,25,25,1,22,9,121.5181825,25.0630109
111,8,19,15,56,2,01大同區,大同區承德路3段與民權西路口,0,0,2,2,C03,8,1,5,50,4,1,1,5,4,5,7,2,1,1,4,5,2,15,1,67,2,9,1,1,7,9,1,10,2,14,,26,25,1,22,9,121.5181825,25.0630109
111,8,19,15,57,2,05中正區,中正區金山南路1段與八德路1段口,0,0,2,1,B01,8,1,5,50,4,1,1,5,4,5,7,1,1,10,4,5,2,16,1,44,2,7,1,1,7,9,1,4,2,4,,23,23,1,22,9,121.5299334,25.04363987
111,8,19,15,57,2,05中正區,中正區金山南路1段與八德路1段口,0,0,2,2,B03,8,1,5,50,4,1,1,5,4,5,7,1,1,10,4,5,2,16,1,38,3,10,1,1,7,9,1,8,2,3,,44,23,1,22,9,121.5299334,25.04363987
111,8,19,15,57,2,05中正區,中正區金山南路1段與八德路1段口,0,0,2,3,C03,8,1,5,50,4,1,1,5,4,5,7,1,1,10,4,5,2,16,2,33,2,9,1,1,7,5,1,10,2,12,,6,23,1,22,9,121.5299334,25.04363987
111,8,19,16,5,2,02萬華區,萬華區桂林路242巷與桂林路228巷11弄口,0,0,1,1,B12,8,1,5,50,3,1,1,5,4,5,7,1,1,9,4,4,2,12,1,59,3,10,1,1,7,11,1,8,1,4,,10,10,1,22,9,121.4954876,25.03843584
111,8,19,16,5,2,02萬華區,萬華區桂林路242巷與桂林路228巷11弄口,0,0,1,2,C03,8,1,5,50,3,1,1,5,4,5,7,1,1,9,4,4,2,12,2,40,2,9,1,1,7,9,1,10,1,12,,23,10,1,22,9,121.4954876,25.03843584