發生年度,發生月,發生日,發生時-Hours,發生分,處理別-編號,區序,肇事地點,死亡人數,2-30日死亡人數,受傷人數,當事人序號,車種,天候,光線,道路類別,速限-速度限制,道路型態,事故位置,路面狀況1,路面狀況2,路面狀況3,道路障礙1,道路障礙2,號誌1,號誌2,車道劃分-分向,車道劃分-分道1,車道劃分-分道2,車道劃分-分道3,事故類型及型態,性別,年齡,受傷程度,主要傷處,安全帽,行動電話,車輛用途,當事者行動狀態,駕駛資格情形,駕駛執照種類,飲酒情形,車輛撞擊部位1,車輛撞擊部位2,肇因碼-個別,肇因碼-主要,個人肇逃否,職業,旅次目的,座標-X,座標-Y
111,8,19,16,10,2,05中正區,中正區羅斯福路4段108巷與羅斯福路4段口,0,0,1,1,C03,8,1,5,50,3,1,1,5,4,5,7,4,4,10,4,5,2,12,2,61,2,9,1,1,7,7,1,10,1,14,,7,7,1,22,9,121.5354524,25.0136012
111,8,19,16,10,2,05中正區,中正區羅斯福路4段108巷與羅斯福路4段口,0,0,1,2,B03,8,1,5,50,3,1,1,5,4,5,7,4,4,10,4,5,2,12,1,46,3,10,1,1,7,9,1,8,1,2,,44,7,1,22,9,121.5354524,25.0136012
111,8,19,16,30,2,07信義區,信義區永吉路30巷與忠孝東路5段71巷11弄口口,0,0,2,1,C03,8,1,5,30,4,1,1,5,4,5,7,4,4,5,4,5,2,15,1,29,2,9,1,1,7,9,1,10,2,11,,13,13,1,22,9,121.5687016,25.04203604
111,8,19,16,30,2,07信義區,信義區永吉路30巷與忠孝東路5段71巷11弄口口,0,0,2,2,C03,8,1,5,30,4,1,1,5,4,5,7,4,4,5,4,5,2,15,1,67,2,8,1,1,7,9,1,10,2,14,,6,13,1,22,9,121.5687016,25.04203604
111,8,19,16,30,2,07信義區,信義區永吉路30巷與忠孝東路5段71巷11弄口口,0,0,2,3,B03,8,1,5,30,4,1,1,5,4,5,7,4,4,5,4,5,2,15,1,51,3,10,1,1,7,14,1,8,2,3,,26,13,1,22,9,121.5687016,25.04203604
111,8,19,16,39,2,08士林區,士林區基河路258號與福德路口,0,0,1,1,B03,8,1,5,50,14,9,1,5,4,5,7,4,4,6,5,5,2,17,4,,4,11,3,4,7,15,7,19,11,15,,43,43,2,22,9,121.5207728,25.09229964
111,8,19,16,39,2,08士林區,士林區基河路258號與福德路口,0,0,1,2,C03,8,1,5,50,14,9,1,5,4,5,7,4,4,6,5,5,2,17,1,53,2,9,1,1,7,8,1,10,1,12,,43,43,1,22,9,121.5207728,25.09229964
111,8,19,16,42,2,05中正區,中正區中山北路1段與市民大道2段口,0,0,1,1,B03,8,1,5,50,4,1,1,5,4,5,7,1,1,1,3,1,2,12,2,50,3,10,1,3,7,6,1,8,2,2,,9,9,1,22,9,121.520701,25.04797946
111,8,19,16,42,2,05中正區,中正區中山北路1段與市民大道2段口,0,0,1,2,C03,8,1,5,50,4,1,1,5,4,5,7,1,1,1,3,1,2,12,2,28,2,2,1,1,7,9,1,10,2,14,,44,9,1,22,9,121.520701,25.04797946
111,8,19,16,47,2,01大同區,大同區鄭州路與西寧北路口,0,0,1,1,B03,8,1,5,40,14,9,1,5,4,5,7,2,1,1,4,5,2,13,1,32,3,10,3,4,7,9,1,8,1,5,,23,23,1,22,9,121.5082852,25.05061938
111,8,19,16,47,2,01大同區,大同區鄭州路與西寧北路口,0,0,1,2,C03,8,1,5,40,14,9,1,5,4,5,7,2,1,1,4,5,2,13,2,71,2,9,1,1,7,9,1,10,1,13,,44,23,1,22,9,121.5082852,25.05061938
111,8,19,16,50,2,08士林區,士林區愛富三街與愛富二街口,0,0,1,1,B03,8,1,5,30,4,2,1,5,4,5,7,4,4,9,5,5,1,17,1,54,3,10,1,1,7,5,1,8,1,8,,5,5,1,22,9,121.5442169,25.13865572
111,8,19,16,50,2,08士林區,士林區愛富三街與愛富二街口,0,0,1,2,C03,8,1,5,30,4,2,1,5,4,5,7,4,4,9,5,5,1,17,2,53,2,7,1,1,7,9,1,10,1,11,,23,5,1,22,9,121.5442169,25.13865572
111,8,19,17,12,2,01大同區,大同區重慶北路2段197號,0,0,1,1,C03,8,1,5,50,14,9,1,5,4,5,7,4,4,9,4,5,1,13,1,55,2,9,1,1,7,7,1,10,1,11,,7,7,1,22,9,121.5137521,25.0605155
111,8,19,17,12,2,01大同區,大同區重慶北路2段197號,0,0,1,2,C03,8,1,5,50,14,9,1,5,4,5,7,4,4,9,4,5,1,13,1,38,3,10,1,1,7,9,1,10,1,13,,26,7,1,22,9,121.5137521,25.0605155
111,8,19,17,21,2,10文山區,文山區木柵路2段與木柵路2段54巷口,0,0,1,1,C03,8,1,5,50,3,2,1,5,4,5,7,4,4,5,4,5,2,12,2,22,2,9,1,1,7,9,1,10,1,14,,17,17,1,22,9,121.5588814,24.9887769
111,8,19,17,21,2,10文山區,文山區木柵路2段與木柵路2段54巷口,0,0,1,2,B12,8,1,5,50,3,2,1,5,4,5,7,4,4,5,4,5,2,12,1,38,3,10,1,1,7,9,1,7,1,6,,44,17,1,22,9,121.5588814,24.9887769
111,8,19,17,35,2,09北投區,北投區東昇路與登山路口,0,0,1,1,A04,8,1,8,50,12,9,1,5,4,5,7,4,4,9,4,5,2,11,1,53,3,10,3,4,7,9,1,2,1,8,,17,17,1,22,9,121.4996625,25.1227458
111,8,19,17,35,2,09北投區,北投區東昇路與登山路口,0,0,1,2,C03,8,1,8,50,12,9,1,5,4,5,7,4,4,9,4,5,2,11,1,22,2,9,3,4,7,9,1,10,1,11,,23,17,1,22,9,121.4996625,25.1227458
111,8,19,17,35,2,12內湖區,內湖區瑞湖街178巷15號旁,0,0,1,1,B03,8,1,5,30,14,9,1,5,4,5,7,4,4,10,4,5,2,7,1,36,4,11,3,4,7,15,7,19,11,15,,43,43,2,22,9,121.5759123,25.07070149
111,8,19,17,35,2,12內湖區,內湖區瑞湖街178巷15號旁,0,0,1,2,H01,8,1,5,30,14,9,1,5,4,5,7,4,4,10,4,5,2,7,1,58,2,9,4,5,8,16,8,20,10,16,,53,43,1,22,9,121.5759123,25.07070149
111,8,19,17,41,2,12內湖區,內湖區港墘路與港墘路127巷口,0,0,1,1,C03,8,1,5,50,4,1,1,5,4,5,7,2,1,1,4,5,2,17,2,40,2,9,1,1,7,9,1,10,1,14,,17,17,1,22,9,121.5760726,25.07806372
111,8,19,17,41,2,12內湖區,內湖區港墘路與港墘路127巷口,0,0,1,2,B03,8,1,5,50,4,1,1,5,4,5,7,2,1,1,4,5,2,17,2,30,3,10,1,1,7,9,1,8,1,2,,44,17,1,22,9,121.5760726,25.07806372
111,8,19,17,52,2,01大同區,大同區鄭州路與鄭州路29巷口,0,0,1,1,C04,8,1,5,0,3,2,1,5,4,5,7,1,1,1,5,5,2,13,2,35,2,9,1,1,7,9,1,10,1,11,,16,16,1,22,9,121.5142332,25.04936868
111,8,19,17,52,2,01大同區,大同區鄭州路與鄭州路29巷口,0,0,1,2,B03,8,1,5,0,3,2,1,5,4,5,7,1,1,1,5,5,2,13,1,33,3,10,1,1,7,12,1,8,1,6,,44,16,1,22,9,121.5142332,25.04936868
111,8,19,18,7,2,03中山區,中山區樂群二路與敬業三路口,0,0,4,1,C03,8,1,5,50,4,1,1,5,4,5,7,1,1,1,4,5,2,12,1,41,2,5,1,1,7,5,1,10,1,14,,8,8,1,22,9,121.5562562,25.07998302
111,8,19,18,7,2,03中山區,中山區樂群二路與敬業三路口,0,0,4,2,C03,8,1,5,50,4,1,1,5,4,5,7,1,1,1,4,5,2,12,1,24,2,9,1,1,7,9,1,10,1,12,,23,8,1,22,9,121.5562562,25.07998302
111,8,19,18,7,2,03中山區,中山區樂群二路與敬業三路口,0,0,4,3,C03,8,1,5,50,4,1,1,5,4,5,7,1,1,1,4,5,2,12,1,24,2,9,1,1,7,9,1,10,1,13,,16,8,1,22,9,121.5562562,25.07998302
111,8,19,18,7,2,03中山區,中山區樂群二路與敬業三路口,0,0,4,4,C03,8,1,5,50,4,1,1,5,4,5,7,1,1,1,4,5,2,12,1,32,2,9,1,1,7,9,1,10,1,11,,16,8,1,22,9,121.5562562,25.07998302
111,8,19,18,15,2,07信義區,信義區忠孝東路5段與忠孝東路5段236巷口,0,0,2,1,B03,7,1,5,40,4,2,1,5,4,5,7,1,1,3,4,4,2,13,2,34,3,10,1,1,7,6,1,8,1,5,,23,23,1,22,9,121.5719725,25.04089388
111,8,19,18,15,2,07信義區,信義區忠孝東路5段與忠孝東路5段236巷口,0,0,2,2,C03,7,1,5,40,4,2,1,5,4,5,7,1,1,3,4,4,2,13,1,56,2,8,1,1,7,14,1,10,1,13,,44,23,1,22,9,121.5719725,25.04089388
111,8,19,18,15,2,07信義區,信義區忠孝東路5段與忠孝東路5段236巷口,0,0,2,3,H02,7,1,5,40,4,2,1,5,4,5,7,1,1,3,4,4,2,13,2,54,2,6,1,5,7,21,8,20,10,16,,67,23,1,22,9,121.5719725,25.04089388
111,8,19,18,53,2,04大安區,大安區仁愛路3段99號前(空總),0,0,1,1,C03,8,3,5,50,14,9,1,5,4,5,7,2,1,8,3,5,1,12,1,46,3,10,1,1,7,8,1,10,1,12,,7,7,1,21,5,121.5398197,25.0385544
111,8,19,18,53,2,04大安區,大安區仁愛路3段99號前(空總),0,0,1,2,C03,8,3,5,50,14,9,1,5,4,5,7,2,1,8,3,5,1,12,1,34,2,7,1,1,7,9,1,10,1,11,,44,7,1,5,1,121.5398197,25.0385544
111,8,19,18,55,2,10文山區,文山區木柵路1段99號,0,0,2,1,C03,8,3,5,50,14,9,1,5,4,5,7,4,4,5,2,5,2,17,4,,4,11,3,4,7,15,7,19,11,15,,43,43,2,22,9,121.5476965,24.98709355
111,8,19,18,55,2,10文山區,文山區木柵路1段99號,0,0,2,2,C01,8,3,5,50,14,9,1,5,4,5,7,4,4,5,2,5,2,17,1,17,2,7,3,4,7,9,2,18,1,11,,43,43,1,22,9,121.5476965,24.98709355
111,8,19,18,55,2,10文山區,文山區木柵路1段99號,0,0,2,3,B03,8,3,5,50,14,9,1,5,4,5,7,4,4,5,2,5,2,17,1,63,3,10,3,4,7,9,1,8,1,4,,43,43,1,22,9,121.5476965,24.98709355
111,8,19,18,55,2,10文山區,文山區木柵路1段99號,0,0,2,4,H02,8,3,5,50,14,9,1,5,4,5,7,4,4,5,2,5,2,17,1,17,2,5,3,4,7,20,8,20,10,16,,67,43,1,22,9,121.5476965,24.98709355
111,8,19,18,58,2,03中山區,中山區民生東路2段與建國北路2段口,0,0,1,1,B03,8,3,5,50,4,2,1,5,4,5,7,1,1,1,4,5,2,12,1,37,3,10,1,1,7,6,1,8,1,6,,6,6,1,22,9,121.5366274,25.0581028
111,8,19,18,58,2,03中山區,中山區民生東路2段與建國北路2段口,0,0,1,2,C03,8,3,5,50,4,2,1,5,4,5,7,1,1,1,4,5,2,12,2,26,2,9,1,1,7,9,1,10,1,14,,44,6,1,22,9,121.5366274,25.0581028
111,8,19,19,3,2,07信義區,信義區基隆路1段與信義路5段口,0,0,1,1,B03,7,3,5,50,4,2,1,5,4,5,7,2,1,1,3,5,1,17,1,56,3,10,3,4,7,6,1,8,1,15,,25,25,1,22,9,121.5598052,25.0332506
111,8,19,19,3,2,07信義區,信義區基隆路1段與信義路5段口,0,0,1,2,C03,7,3,5,50,4,2,1,5,4,5,7,2,1,1,3,5,1,17,1,27,2,9,1,1,7,9,1,10,1,11,,16,25,1,22,9,121.5598052,25.0332506
111,8,19,19,3,2,07信義區,信義區基隆路1段與信義路5段口,0,0,1,3,C03,7,3,5,50,4,2,1,5,4,5,7,2,1,1,3,5,1,17,1,57,3,10,1,1,7,9,1,10,1,13,,44,25,1,22,9,121.5598052,25.0332506
111,8,19,19,13,2,10文山區,文山區辛亥路4段77巷2號與辛亥路4段口,0,0,1,1,B01,8,1,5,50,4,2,1,5,4,5,7,1,1,1,4,5,2,17,1,49,3,10,1,1,7,11,1,4,1,1,1,10,10,1,22,9,121.5587176,25.00763043
111,8,19,19,13,2,10文山區,文山區辛亥路4段77巷2號與辛亥路4段口,0,0,1,2,C03,8,1,5,50,4,2,1,5,4,5,7,1,1,1,4,5,2,17,1,31,2,9,1,1,7,9,1,10,1,14,11,23,10,1,22,9,121.5587176,25.00763043
111,8,19,19,15,2,11南港區,南港區市民大道7段與東新街口,0,0,1,1,B03,7,3,5,50,4,2,1,5,4,5,6,2,1,5,2,5,2,17,1,55,3,10,1,4,7,1,1,8,1,2,,23,23,1,22,9,121.5838971,25.0497024
111,8,19,19,15,2,11南港區,南港區市民大道7段與東新街口,0,0,1,2,C03,7,3,5,50,4,2,1,5,4,5,6,2,1,5,2,5,2,17,1,73,2,9,1,4,7,7,1,10,1,14,,7,23,1,22,9,121.5838971,25.0497024
111,8,19,19,18,2,06松山區,松山區八德路4段745號,0,0,2,1,C03,7,1,5,30,14,9,1,5,4,5,7,4,4,9,4,5,2,16,1,45,2,8,1,1,7,9,1,10,1,12,,23,23,1,22,9,121.5777054,25.05025818
111,8,19,19,18,2,06松山區,松山區八德路4段745號,0,0,2,2,C03,7,1,5,30,14,9,1,5,4,5,7,4,4,9,4,5,2,16,1,56,2,9,1,1,7,7,1,10,1,14,,7,23,1,22,9,121.5777054,25.05025818
111,8,19,19,21,2,04大安區,大安區基隆路3段與長興街口,0,0,2,1,C03,8,3,5,50,14,9,1,5,4,5,7,4,4,1,4,4,2,13,1,52,2,9,1,1,7,9,1,10,1,11,,23,23,1,22,9,121.5440634,25.01722995
111,8,19,19,21,2,04大安區,大安區基隆路3段與長興街口,0,0,2,2,F02,8,3,5,50,14,9,1,5,4,5,7,4,4,1,4,4,2,13,2,58,2,9,1,1,7,9,8,20,1,16,,44,23,1,22,9,121.5440634,25.01722995
111,8,19,19,36,2,12內湖區,內湖區康寧路1段與星雲街口,0,0,2,1,C03,8,1,5,50,4,1,1,5,4,5,7,1,1,5,5,5,2,11,1,19,2,9,1,1,7,5,1,10,1,11,,6,6,1,22,9,121.5938,25.07943937
111,8,19,19,36,2,12內湖區,內湖區康寧路1段與星雲街口,0,0,2,2,C03,8,1,5,50,4,1,1,5,4,5,7,1,1,5,5,5,2,11,1,58,2,9,1,1,7,9,1,10,1,11,,44,6,1,22,9,121.5938,25.07943937
111,8,19,20,5,2,12內湖區,內湖區內湖路2段179巷與內湖路2段179巷48弄口,0,0,1,1,B03,8,3,5,50,3,1,1,5,4,5,7,4,4,5,5,5,2,17,1,34,3,10,1,1,7,5,1,8,1,8,,6,6,1,22,9,121.5859747,25.08393507
111,8,19,20,5,2,12內湖區,內湖區內湖路2段179巷與內湖路2段179巷48弄口,0,0,1,2,C03,8,3,5,50,3,1,1,5,4,5,7,4,4,5,5,5,2,17,1,18,2,9,1,1,7,9,1,10,1,11,,23,6,1,22,9,121.5859747,25.08393507
111,8,19,20,39,2,03中山區,中山區南京西路與南京西路19巷2弄口,0,0,2,1,C03,8,3,5,30,4,2,1,5,4,5,7,2,1,1,4,4,2,1,2,22,2,9,1,1,7,6,1,10,1,11,,15,15,1,22,9,121.5206149,25.052543
111,8,19,20,39,2,03中山區,中山區南京西路與南京西路19巷2弄口,0,0,2,2,H01,8,3,5,30,4,2,1,5,4,5,7,2,1,1,4,4,2,1,2,30,2,9,4,5,8,16,8,20,10,16,,51,15,1,22,9,121.5206149,25.052543
111,8,19,20,40,2,10文山區,文山區木柵路3段與木柵路3段77巷口,0,0,1,1,C03,8,3,5,50,3,1,1,5,4,5,7,4,4,9,4,5,2,17,1,44,3,10,1,4,7,11,1,10,1,11,,10,10,1,22,9,121.5670314,24.98867155
111,8,19,20,40,2,10文山區,文山區木柵路3段與木柵路3段77巷口,0,0,1,2,C03,8,3,5,50,3,1,1,5,4,5,7,4,4,9,4,5,2,17,1,23,2,8,1,4,7,9,6,10,1,11,,42,10,1,22,9,121.5670314,24.98867155
111,8,19,20,43,2,02萬華區,萬華區青年路與國興路口,0,0,2,1,B03,8,3,5,30,4,1,1,5,4,5,7,1,1,5,4,5,1,17,1,25,3,10,1,1,7,5,1,8,2,1,,6,6,1,22,9,121.5064727,25.0260628
111,8,19,20,43,2,02萬華區,萬華區青年路與國興路口,0,0,2,2,C03,8,3,5,30,4,1,1,5,4,5,7,1,1,5,4,5,1,17,1,26,2,9,1,1,7,9,1,10,2,11,,13,6,1,22,9,121.5064727,25.0260628
111,8,19,20,43,2,02萬華區,萬華區青年路與國興路口,0,0,2,3,H02,8,3,5,30,4,1,1,5,4,5,7,1,1,5,4,5,1,17,2,23,2,9,1,5,7,20,8,20,10,16,,67,6,1,22,9,121.5064727,25.0260628
111,8,19,21,26,2,04大安區,大安區忠孝東路4段216巷與仁愛路4段345巷4弄口,0,0,1,1,B01,6,3,5,30,4,1,1,4,4,5,7,4,4,8,3,5,2,3,1,54,3,10,1,1,7,5,1,8,1,8,,43,43,1,22,9,121.5528986,25.0389101
111,8,19,21,26,2,04大安區,大安區忠孝東路4段216巷與仁愛路4段345巷4弄口,0,0,1,2,H01,6,3,5,30,4,1,1,4,4,5,7,4,4,8,3,5,2,3,2,73,2,9,4,1,8,16,8,20,10,16,,67,43,1,22,9,121.5528986,25.0389101
111,8,19,21,59,2,02萬華區,萬華區華中橋往新北市機車道,0,0,2,1,C04,8,1,5,40,14,11,1,5,4,5,7,4,4,10,4,5,2,13,2,56,2,9,1,1,7,7,1,11,1,15,,7,7,1,22,9,121.4953493,25.01126673
111,8,19,21,59,2,02萬華區,萬華區華中橋往新北市機車道,0,0,2,2,C03,8,1,5,40,14,11,1,5,4,5,7,4,4,10,4,5,2,13,1,32,2,9,1,1,7,9,1,10,1,11,,13,7,1,22,9,121.4953493,25.01126673
111,8,19,22,6,2,01大同區,大同區延平北路4段177號,0,0,1,1,C03,8,3,5,50,3,2,1,5,4,5,7,2,1,5,4,5,2,16,1,45,3,10,3,4,7,1,1,10,2,15,,19,19,1,22,9,121.5114127,25.07387261
111,8,19,22,6,2,01大同區,大同區延平北路4段177號,0,0,1,2,C03,8,3,5,50,3,2,1,5,4,5,7,2,1,5,4,5,2,16,1,22,2,9,3,4,7,9,1,10,2,15,,42,19,1,22,9,121.5114127,25.07387261
111,8,19,22,6,2,07信義區,信義區信義路5段與松仁路口,0,0,2,1,C03,7,3,5,50,4,2,1,5,4,5,7,2,1,1,3,5,1,18,1,33,2,9,1,4,7,9,1,10,1,15,,42,42,1,22,9,121.5686095,25.0327051
111,8,19,22,6,2,07信義區,信義區信義路5段與松仁路口,0,0,2,2,,7,3,5,50,4,2,1,5,4,5,7,2,1,1,3,5,1,18,3,,,,,,,,,,,,,67,42,1,,,121.5686095,25.0327051
111,8,19,22,6,2,07信義區,信義區信義路5段與松仁路口,0,0,2,3,H02,7,3,5,50,4,2,1,5,4,5,7,2,1,1,3,5,1,18,2,32,2,9,1,5,7,20,8,20,10,16,,67,42,1,22,9,121.5686095,25.0327051
111,8,19,22,13,2,10文山區,文山區辛亥路4段與辛亥路4段166巷口,0,0,1,1,B03,8,1,5,50,3,1,1,5,4,5,7,2,1,1,4,5,2,16,2,20,3,10,1,1,7,11,1,8,2,1,,10,10,1,22,9,121.5564177,25.0036638
111,8,19,22,13,2,10文山區,文山區辛亥路4段與辛亥路4段166巷口,0,0,1,2,C03,8,1,5,50,3,1,1,5,4,5,7,2,1,1,4,5,2,16,1,23,2,9,1,1,7,9,1,10,2,14,,23,10,1,22,9,121.5564177,25.0036638
111,8,19,22,50,2,09北投區,北投區行義路與行義路114巷口,0,0,1,1,B03,6,3,5,50,14,9,1,4,4,5,7,1,1,9,4,5,1,13,1,63,3,10,1,1,7,9,1,8,1,1,,43,43,1,22,9,121.5293083,25.12816642
111,8,19,22,50,2,09北投區,北投區行義路與行義路114巷口,0,0,1,2,C03,6,3,5,50,14,9,1,4,4,5,7,1,1,9,4,5,1,13,1,33,2,9,1,1,7,14,1,10,1,13,,43,43,1,22,9,121.5293083,25.12816642
111,8,19,22,52,2,08士林區,士林區中山北路6段458號,0,0,2,2,B03,8,1,5,50,14,9,1,5,4,5,7,4,4,10,5,5,1,13,1,53,3,10,1,1,7,14,1,8,2,3,,44,23,1,22,9,121.5275276,25.11457603
111,8,19,22,52,2,08士林區,士林區中山北路6段458號,0,0,2,1,B03,8,1,5,50,14,9,1,5,4,5,7,4,4,10,5,5,1,13,1,39,2,2,1,1,7,9,1,8,2,1,,23,23,1,22,9,121.5275276,25.11457603
111,8,19,22,52,2,08士林區,士林區中山北路6段458號,0,0,2,3,B03,8,1,5,50,14,9,1,5,4,5,7,4,4,10,5,5,1,13,1,40,3,10,3,1,7,13,1,8,9,3,,44,23,1,22,9,121.5275276,25.11457603
111,8,19,22,52,2,08士林區,士林區中山北路6段458號,0,0,2,4,H02,8,1,5,50,14,9,1,5,4,5,7,4,4,10,5,5,1,13,2,51,2,2,4,5,7,20,8,20,10,16,,67,23,1,22,9,121.5275276,25.11457603
111,8,19,23,31,2,04大安區,大安區基隆路2段與樂業街口,0,0,1,1,F01,8,3,5,50,4,1,1,5,4,5,7,2,1,1,4,5,2,15,1,66,2,6,1,1,7,9,8,20,2,16,,25,25,1,22,9,121.5503373,25.0224013
111,8,19,23,31,2,04大安區,大安區基隆路2段與樂業街口,0,0,1,2,B03,8,3,5,50,4,1,1,5,4,5,7,2,1,1,4,5,2,15,1,36,3,10,1,1,7,9,1,8,2,2,,44,25,1,22,9,121.5503373,25.0224013
111,8,20,0,46,2,11南港區,南港區忠孝東路7段與忠孝東路7段265巷口,0,0,2,1,C03,8,3,5,50,3,2,1,5,4,5,7,1,1,10,5,5,2,16,1,43,2,9,3,4,7,7,1,10,2,14,,7,7,1,22,9,121.6035436,25.0517507
111,8,20,0,46,2,11南港區,南港區忠孝東路7段與忠孝東路7段265巷口,0,0,2,2,C03,8,3,5,50,3,2,1,5,4,5,7,1,1,10,5,5,2,16,1,18,2,9,3,4,7,9,1,10,2,11,,44,7,1,22,9,121.6035436,25.0517507
111,8,20,6,23,2,03中山區,中山區長安東路1段與新生北路1段口,0,0,1,1,B01,8,1,5,50,3,2,1,5,4,5,7,1,1,7,4,5,1,17,1,67,3,10,1,1,7,6,1,4,1,2,,44,44,1,22,9,121.5300628,25.04797437
111,8,20,6,23,2,03中山區,中山區長安東路1段與新生北路1段口,0,0,1,2,C02,8,1,5,50,3,2,1,5,4,5,7,1,1,7,4,5,1,17,1,43,2,9,1,1,7,9,1,9,1,14,,25,44,1,22,9,121.5300628,25.04797437
111,8,20,6,30,2,05中正區,中正區羅斯福路1段與林森南路口,0,0,1,1,B01,8,1,5,50,5,1,1,5,4,5,7,1,1,1,4,5,2,3,1,64,3,10,1,1,7,5,1,4,1,8,,15,15,1,22,9,121.518143,25.0327706
111,8,20,6,30,2,05中正區,中正區羅斯福路1段與林森南路口,0,0,1,2,H01,8,1,5,50,5,1,1,5,4,5,7,1,1,1,4,5,2,3,1,64,2,9,4,5,8,16,8,20,10,16,,67,15,1,22,9,121.518143,25.0327706
111,8,20,7,20,2,12內湖區,內湖區舊宗路2段207號,0,0,1,1,C03,8,1,5,50,15,9,1,5,4,5,7,4,4,1,4,4,2,12,1,30,2,9,1,1,7,12,1,10,1,12,,13,13,1,22,9,121.5736846,25.07276491
111,8,20,7,20,2,12內湖區,內湖區舊宗路2段207號,0,0,1,2,B12,8,1,5,50,15,9,1,5,4,5,7,4,4,1,4,4,2,12,1,31,3,10,1,1,7,5,1,8,1,4,,8,13,1,22,9,121.5736846,25.07276491
111,8,20,7,50,2,12內湖區,內湖區成功路2段與成功路2段456巷口,0,0,1,1,B01,8,1,5,50,3,1,1,5,4,5,7,4,4,1,4,5,2,12,1,57,3,10,1,1,7,6,1,4,1,5,,9,9,1,22,9,121.5896935,25.07238597
111,8,20,7,50,2,12內湖區,內湖區成功路2段與成功路2段456巷口,0,0,1,2,C03,8,1,5,50,3,1,1,5,4,5,7,4,4,1,4,5,2,12,2,30,2,9,1,1,7,9,1,10,1,14,,13,9,1,22,9,121.5896935,25.07238597
111,8,20,8,10,2,02萬華區,萬華區堤外便道往北華翠橋下,0,0,2,1,F01,8,1,5,40,14,9,1,5,4,5,7,4,4,10,5,5,2,12,1,74,2,9,1,1,7,8,8,20,2,16,,7,7,1,22,9,121.4889256,25.02737448
111,8,20,8,10,2,02萬華區,萬華區堤外便道往北華翠橋下,0,0,2,2,C03,8,1,5,40,14,9,1,5,4,5,7,4,4,10,5,5,2,12,1,22,2,8,1,1,7,9,3,18,2,14,,44,7,1,22,9,121.4889256,25.02737448
111,8,20,8,30,2,09北投區,北投區行義路與東昇路口、泉源路口,0,0,1,1,C03,8,1,5,40,3,1,1,5,4,5,7,4,4,9,4,5,2,16,2,31,2,8,1,1,7,5,1,10,2,14,,23,23,1,22,9,121.5231055,25.1461559
111,8,20,8,30,2,09北投區,北投區行義路與東昇路口、泉源路口,0,0,1,2,B03,8,1,5,40,3,1,1,5,4,5,7,4,4,9,4,5,2,16,1,72,3,10,1,1,7,9,1,8,2,6,,25,23,1,22,9,121.5231055,25.1461559
111,8,20,8,48,2,04大安區,大安區仁愛路3段與新生南路1段口,0,0,1,1,B03,8,1,5,50,5,2,1,5,4,5,7,2,1,1,4,5,2,12,2,51,3,10,1,1,7,6,1,8,2,5,,9,9,1,21,8,121.5329724,25.03855275
111,8,20,8,48,2,04大安區,大安區仁愛路3段與新生南路1段口,0,0,1,2,C03,8,1,5,50,5,2,1,5,4,5,7,2,1,1,4,5,2,12,2,58,2,9,1,1,7,9,1,10,9,14,,23,9,1,21,8,121.5329724,25.03855275
111,8,20,8,50,2,04大安區,大安區辛亥路3段81號,0,0,1,1,B03,8,1,5,50,14,9,1,5,4,5,7,4,4,1,5,5,2,17,1,28,2,2,1,1,7,15,1,8,2,1,,50,50,1,22,9,121.5464098,25.01971424
111,8,20,8,50,2,04大安區,大安區辛亥路3段81號,0,0,1,2,C03,8,1,5,50,14,9,1,5,4,5,7,4,4,1,5,5,2,17,1,45,3,10,3,4,7,15,1,10,9,11,,44,50,1,22,9,121.5464098,25.01971424
111,8,20,8,50,2,04大安區,大安區辛亥路3段81號,0,0,1,3,,8,1,5,50,14,9,1,5,4,5,7,4,4,1,5,5,2,17,3,,,,,,,,,,,,,67,50,1,,,121.5464098,25.01971424
111,8,20,8,50,2,04大安區,大安區辛亥路3段81號,0,0,1,4,C05,8,1,5,50,14,9,1,5,4,5,7,4,4,1,5,5,2,17,4,,4,11,3,4,7,15,7,19,11,15,,44,50,2,22,9,121.5464098,25.01971424
111,8,20,9,1,2,08士林區,士林區仰德大道1段28號,0,0,1,1,H01,8,1,5,0,14,9,1,5,4,5,7,4,4,5,5,5,2,9,2,58,2,8,4,5,8,16,8,20,10,16,,51,51,1,22,9,121.5375396,25.10218121
111,8,20,9,1,2,08士林區,士林區仰德大道1段28號,0,0,1,2,C03,8,1,5,0,14,9,1,5,4,5,7,4,4,5,5,5,2,9,1,21,3,10,3,4,7,9,1,10,2,12,,23,51,1,22,9,121.5375396,25.10218121
111,8,20,9,13,2,09北投區,北投區中央北路4段與中央北路4段577巷口口,0,0,1,1,B03,8,1,5,50,3,2,1,5,4,5,7,2,1,4,4,5,2,17,1,27,3,10,1,1,7,6,1,8,1,2,,43,43,1,22,9,121.4667098,25.1271298
111,8,20,9,13,2,09北投區,北投區中央北路4段與中央北路4段577巷口口,0,0,1,2,C03,8,1,5,50,3,2,1,5,4,5,7,2,1,4,4,5,2,17,1,57,2,9,1,1,7,9,1,10,1,11,,43,43,1,22,9,121.4667098,25.1271298
111,8,20,9,15,2,08士林區,士林區至誠路2段與雨聲街口,0,0,1,1,B01,8,1,8,30,15,22,1,5,4,5,7,1,1,5,5,5,2,1,1,52,3,10,1,1,7,5,1,4,2,1,,15,15,1,22,9,121.5291372,25.10184164
111,8,20,9,15,2,08士林區,士林區至誠路2段與雨聲街口,0,0,1,2,H01,8,1,8,30,15,22,1,5,4,5,7,1,1,5,5,5,2,1,1,75,2,9,1,1,8,16,8,20,10,16,,67,15,1,22,9,121.5291372,25.10184164