發生年度,發生月,發生日,發生時-Hours,發生分,處理別-編號,區序,肇事地點,死亡人數,2-30日死亡人數,受傷人數,當事人序號,車種,天候,光線,道路類別,速限-速度限制,道路型態,事故位置,路面狀況1,路面狀況2,路面狀況3,道路障礙1,道路障礙2,號誌1,號誌2,車道劃分-分向,車道劃分-分道1,車道劃分-分道2,車道劃分-分道3,事故類型及型態,性別,年齡,受傷程度,主要傷處,安全帽,行動電話,車輛用途,當事者行動狀態,駕駛資格情形,駕駛執照種類,飲酒情形,車輛撞擊部位1,車輛撞擊部位2,肇因碼-個別,肇因碼-主要,個人肇逃否,職業,旅次目的,座標-X,座標-Y
111,8,20,9,16,2,10文山區,文山區景華街3巷與三福街4巷口,0,0,1,1,C03,8,1,5,30,5,2,1,5,4,5,7,4,4,10,5,5,2,15,2,28,2,9,1,1,7,9,1,10,2,12,,6,6,1,22,9,121.5414301,24.99595984
111,8,20,9,16,2,10文山區,文山區景華街3巷與三福街4巷口,0,0,1,2,B03,8,1,5,30,5,2,1,5,4,5,7,4,4,10,5,5,2,15,2,39,3,10,1,1,7,9,1,8,2,1,,14,6,1,22,9,121.5414301,24.99595984
111,8,20,9,20,2,11南港區,南港區松河街與松河街口基2號水門,0,0,2,2,C03,8,1,5,40,3,2,1,5,4,5,7,4,4,8,5,5,2,16,1,32,2,7,3,4,7,9,1,10,11,11,,13,19,1,22,9,121.5942739,25.0589014
111,8,20,9,20,2,11南港區,南港區松河街與松河街口基2號水門,0,0,2,1,F01,8,1,5,40,3,2,1,5,4,5,7,4,4,8,5,5,2,16,1,82,2,8,1,1,7,1,8,20,2,16,,19,19,1,22,9,121.5942739,25.0589014
111,8,20,9,30,2,11南港區,南港區松河街與中坡北路口,0,0,1,1,C03,8,1,5,30,3,2,1,5,4,5,7,4,4,9,5,5,2,17,2,32,3,10,1,1,7,5,1,10,1,15,,6,6,1,22,9,121.5801334,25.0521665
111,8,20,9,30,2,11南港區,南港區松河街與中坡北路口,0,0,1,2,C03,8,1,5,30,3,2,1,5,4,5,7,4,4,9,5,5,2,17,1,32,2,9,1,1,7,9,1,10,1,12,,23,6,1,22,9,121.5801334,25.0521665
111,8,20,9,52,2,10文山區,文山區木新路3段與木新路3段172巷口口,0,0,1,1,C03,8,1,5,50,3,2,1,5,4,5,7,4,4,4,4,5,2,17,1,71,2,9,1,1,7,9,1,10,1,12,,43,43,1,22,9,121.5607742,24.98175
111,8,20,9,52,2,10文山區,文山區木新路3段與木新路3段172巷口口,0,0,1,2,B03,8,1,5,50,3,2,1,5,4,5,7,4,4,4,4,5,2,17,1,60,3,10,1,1,7,3,1,8,1,15,,43,43,1,22,9,121.5607742,24.98175
111,8,20,10,20,2,07信義區,信義區松仁路95巷20號,0,0,1,1,C03,8,1,5,0,15,20,1,5,4,5,7,4,4,10,5,5,2,9,1,41,3,10,1,1,7,9,1,10,1,13,,23,23,1,22,9,121.5710251,25.03648548
111,8,20,10,20,2,07信義區,信義區松仁路95巷20號,0,0,1,2,H01,8,1,5,0,15,20,1,5,4,5,7,4,4,10,5,5,2,9,1,52,2,8,4,5,8,16,8,20,10,16,,67,23,1,22,9,121.5710251,25.03648548
111,8,20,10,54,2,12內湖區,內湖區港墘路與港墘路37巷口,0,0,1,1,B03,8,1,5,50,4,1,1,5,4,5,7,1,1,1,4,5,2,16,1,54,3,10,1,1,7,5,1,8,2,6,,6,6,1,22,9,121.5782945,25.08216612
111,8,20,10,54,2,12內湖區,內湖區港墘路與港墘路37巷口,0,0,1,2,C03,8,1,5,50,4,1,1,5,4,5,7,1,1,1,4,5,2,16,1,54,2,9,1,1,7,9,1,10,2,11,,44,6,1,22,9,121.5782945,25.08216612
111,8,20,10,56,2,04大安區,大安區市民大道3段與安東街40巷口,0,0,1,1,C03,8,1,5,40,3,1,1,5,4,5,7,4,4,1,4,5,2,13,2,21,3,10,3,4,7,6,1,10,1,13,,44,44,1,22,9,121.5406433,25.04446303
111,8,20,10,56,2,04大安區,大安區市民大道3段與安東街40巷口,0,0,1,2,C03,8,1,5,40,3,1,1,5,4,5,7,4,4,1,4,5,2,13,2,42,2,9,3,4,7,9,1,10,1,11,,16,44,1,22,9,121.5406433,25.04446303
111,8,20,10,59,2,04大安區,大安區金山南路2段與愛國東路口,0,0,1,1,C03,8,1,5,50,4,1,1,5,4,5,7,2,1,8,3,5,2,16,1,19,2,9,1,1,7,8,1,10,9,12,,7,7,1,22,9,121.5267998,25.031806
111,8,20,10,59,2,04大安區,大安區金山南路2段與愛國東路口,0,0,1,2,C03,8,1,5,50,4,1,1,5,4,5,7,2,1,8,3,5,2,16,4,,4,11,3,4,7,15,7,19,11,15,,43,7,2,22,9,121.5267998,25.031806
111,8,20,10,59,2,04大安區,大安區金山南路2段與愛國東路口,0,0,1,3,H02,8,1,5,50,4,1,1,5,4,5,7,2,1,8,3,5,2,16,4,,4,11,3,4,7,15,7,19,11,15,,43,7,2,22,9,121.5267998,25.031806
111,8,20,11,1,2,02萬華區,萬華區西藏路125巷與西藏路口,0,0,1,1,B03,8,1,6,50,3,1,1,5,4,5,7,1,1,8,3,5,1,17,1,33,3,10,1,1,7,5,1,8,1,7,,8,8,1,22,9,121.502301,25.0297281
111,8,20,11,1,2,02萬華區,萬華區西藏路125巷與西藏路口,0,0,1,2,C03,8,1,6,50,3,1,1,5,4,5,7,1,1,8,3,5,1,17,1,22,2,8,1,1,7,9,1,10,1,12,,13,8,1,22,9,121.502301,25.0297281
111,8,20,11,18,2,03中山區,中山區天津街與中山北路1段53巷口,0,0,2,1,C03,8,1,5,30,4,1,1,5,4,5,7,3,1,10,4,5,2,15,2,53,2,9,1,1,7,1,1,10,1,11,,19,19,1,22,9,121.5227145,25.0490752
111,8,20,11,18,2,03中山區,中山區天津街與中山北路1段53巷口,0,0,2,2,C03,8,1,5,30,4,1,1,5,4,5,7,3,1,10,4,5,2,15,1,35,2,7,1,1,7,9,1,10,1,14,,14,19,1,22,9,121.5227145,25.0490752
111,8,20,11,36,2,03中山區,中山區敬業二路199號旁,0,0,1,1,B03,8,1,5,50,14,9,1,5,4,5,7,4,4,5,5,5,2,11,2,46,3,10,1,1,7,11,1,8,1,1,,10,10,1,22,9,121.5543845,25.0848011
111,8,20,11,36,2,03中山區,中山區敬業二路199號旁,0,0,1,2,B03,8,1,5,50,14,9,1,5,4,5,7,4,4,5,5,5,2,11,1,24,3,10,1,1,7,9,1,8,1,4,,44,10,1,22,9,121.5543845,25.0848011
111,8,20,11,36,2,03中山區,中山區敬業二路199號旁,0,0,1,3,H02,8,1,5,50,14,9,1,5,4,5,7,4,4,5,5,5,2,11,2,26,2,1,1,5,7,20,8,20,10,16,,67,10,1,22,9,121.5543845,25.0848011
111,8,20,11,39,2,04大安區,大安區羅斯福路2段與杭州南路2段口,0,0,1,1,B03,8,1,5,50,4,1,1,5,4,5,7,2,1,1,4,5,2,12,1,48,3,10,1,1,7,6,1,8,1,2,,9,9,1,22,9,121.5217807,25.0281429
111,8,20,11,39,2,04大安區,大安區羅斯福路2段與杭州南路2段口,0,0,1,2,C03,8,1,5,50,4,1,1,5,4,5,7,2,1,1,4,5,2,12,1,30,2,9,1,1,7,9,1,10,1,11,,44,9,1,22,9,121.5217807,25.0281429
111,8,20,11,39,2,04大安區,大安區羅斯福路2段與杭州南路2段口,0,0,1,3,B01,8,1,5,50,4,1,1,5,4,5,7,2,1,1,4,5,2,12,1,41,3,10,1,1,7,14,1,4,9,15,,26,9,1,22,9,121.5217807,25.0281429
111,8,20,12,5,2,04大安區,大安區復興南路1段295巷與復興南路1段295巷13弄口,0,0,1,1,C03,8,1,5,30,4,1,1,5,4,5,7,4,4,10,5,5,1,15,1,19,2,8,1,1,7,9,1,10,1,14,,6,6,1,22,9,121.5444126,25.0351167
111,8,20,12,5,2,04大安區,大安區復興南路1段295巷與復興南路1段295巷13弄口,0,0,1,2,B03,8,1,5,30,4,1,1,5,4,5,7,4,4,10,5,5,1,15,2,30,3,10,1,1,7,9,1,8,1,1,,44,6,1,22,9,121.5444126,25.0351167
111,8,20,12,14,2,04大安區,大安區新生南路1段97巷與新生南路1段103巷33弄口,0,0,1,1,C03,8,1,5,30,4,1,1,5,4,5,7,4,4,10,5,5,2,15,1,18,2,9,1,4,7,9,1,10,1,11,,6,6,1,22,9,121.534606,25.04112653
111,8,20,12,14,2,04大安區,大安區新生南路1段97巷與新生南路1段103巷33弄口,0,0,1,2,B03,8,1,5,30,4,1,1,5,4,5,7,4,4,10,5,5,2,15,1,47,3,10,3,4,7,9,1,8,1,4,,23,6,1,22,9,121.534606,25.04112653
111,8,20,12,26,2,05中正區,中正區開封街1段與中華路1段口,0,0,1,1,C03,8,1,5,50,4,1,1,5,4,5,7,1,1,1,4,5,2,17,1,34,2,9,1,1,7,9,1,10,2,11,,43,43,1,22,9,121.5095406,25.0459266
111,8,20,12,26,2,05中正區,中正區開封街1段與中華路1段口,0,0,1,2,C03,8,1,5,50,4,1,1,5,4,5,7,1,1,1,4,5,2,17,2,20,3,10,1,1,7,15,1,10,2,13,,43,43,1,22,9,121.5095406,25.0459266
111,8,20,12,29,2,11南港區,南港區興中路6號,0,0,1,1,C03,8,1,5,50,14,9,1,5,4,5,7,4,4,9,5,5,2,16,2,49,2,9,1,1,7,5,1,10,2,14,,8,8,1,22,9,121.6074368,25.0547039
111,8,20,12,29,2,11南港區,南港區興中路6號,0,0,1,2,B03,8,1,5,50,14,9,1,5,4,5,7,4,4,9,5,5,2,16,1,36,3,10,1,1,7,5,1,8,2,5,,23,8,1,22,9,121.6074368,25.0547039
111,8,20,12,48,2,04大安區,大安區基隆路4段與基隆路4段73巷口,0,0,1,1,C03,8,1,5,40,4,1,1,5,4,5,7,2,1,1,4,4,2,16,1,18,2,9,1,1,7,6,1,10,1,12,,9,9,1,22,9,121.5395911,25.0130241
111,8,20,12,48,2,04大安區,大安區基隆路4段與基隆路4段73巷口,0,0,1,2,C03,8,1,5,40,4,1,1,5,4,5,7,2,1,1,4,4,2,16,2,45,3,10,1,1,7,9,1,10,1,11,,44,9,1,22,9,121.5395911,25.0130241
111,8,20,13,0,2,06松山區,松山區民權東路3段158號,0,0,1,1,B03,8,1,5,50,14,9,1,5,4,5,7,4,4,2,4,5,2,13,2,31,3,10,1,1,7,9,1,8,3,5,,16,16,1,22,9,121.5478592,25.06195999
111,8,20,13,0,2,06松山區,松山區民權東路3段158號,0,0,1,2,C03,8,1,5,50,14,9,1,5,4,5,7,4,4,2,4,5,2,13,2,53,2,9,1,1,7,9,1,10,2,13,,44,16,1,22,9,121.5478592,25.06195999
111,8,20,13,0,2,06松山區,松山區民權東路3段158號,0,0,1,3,C03,8,1,5,50,14,9,1,5,4,5,7,4,4,2,4,5,2,13,2,47,4,11,3,4,7,13,7,19,11,14,,44,16,1,22,9,121.5478592,25.06195999
111,8,20,13,0,2,06松山區,松山區民權東路3段158號,0,0,1,4,C03,8,1,5,50,14,9,1,5,4,5,7,4,4,2,4,5,2,13,1,75,4,11,3,4,7,13,7,19,11,14,,44,16,1,22,9,121.5478592,25.06195999
111,8,20,13,0,2,06松山區,松山區民權東路3段158號,0,0,1,5,F01,8,1,5,50,14,9,1,5,4,5,7,4,4,2,4,5,2,13,3,,,,,,,,,,,,,67,16,1,,,121.5478592,25.06195999
111,8,20,13,0,2,06松山區,松山區民權東路3段158號,0,0,1,6,F01,8,1,5,50,14,9,1,5,4,5,7,4,4,2,4,5,2,13,2,59,4,11,1,1,7,15,8,20,11,16,,44,16,1,22,9,121.5478592,25.06195999
111,8,20,13,6,2,03中山區,中山區復興北路與長安東路2段口,0,0,1,1,B03,8,1,5,50,14,9,1,5,4,5,7,2,1,1,4,5,2,12,1,39,3,10,1,1,7,6,1,8,1,2,,9,9,1,22,9,121.5438308,25.04828723
111,8,20,13,6,2,03中山區,中山區復興北路與長安東路2段口,0,0,1,2,C03,8,1,5,50,14,9,1,5,4,5,7,2,1,1,4,5,2,12,2,26,2,9,1,1,7,9,1,10,1,14,,44,9,1,22,9,121.5438308,25.04828723
111,8,20,13,53,2,05中正區,中正區博愛路與長沙街1段口,0,0,1,1,B03,8,1,5,50,3,1,1,5,4,5,7,4,4,10,4,5,2,16,1,52,3,10,1,1,7,5,1,8,2,2,,6,6,1,22,9,121.5113079,25.04008657
111,8,20,13,53,2,05中正區,中正區博愛路與長沙街1段口,0,0,1,2,A04,8,1,5,50,3,1,1,5,4,5,7,4,4,10,4,5,2,16,1,55,3,10,1,1,7,9,1,2,2,4,,44,6,1,22,9,121.5113079,25.04008657
111,8,20,13,53,2,05中正區,中正區博愛路與長沙街1段口,0,0,1,3,H02,8,1,5,50,3,1,1,5,4,5,7,4,4,10,4,5,2,16,2,16,2,7,4,5,7,21,8,20,10,16,,67,6,1,22,9,121.5113079,25.04008657
111,8,20,14,3,2,04大安區,大安區麗水街與麗水街9巷口,0,0,2,1,C03,8,1,5,30,4,1,1,5,4,5,7,4,4,9,5,5,2,15,1,19,2,9,1,4,7,9,1,10,1,12,,6,6,1,22,9,121.5286144,25.0306088
111,8,20,14,3,2,04大安區,大安區麗水街與麗水街9巷口,0,0,2,2,C03,8,1,5,30,4,1,1,5,4,5,7,4,4,9,5,5,2,15,2,26,2,9,1,4,7,9,1,10,1,11,,23,6,1,22,9,121.5286144,25.0306088
111,8,20,14,19,2,01大同區,大同區環河北路1段與南京西路口,0,0,1,1,B03,8,1,5,50,3,1,1,5,4,5,7,2,1,1,4,5,2,12,1,33,3,10,3,4,7,6,1,8,1,2,,9,9,1,22,9,121.5075355,25.05371407
111,8,20,14,19,2,01大同區,大同區環河北路1段與南京西路口,0,0,1,2,C03,8,1,5,50,3,1,1,5,4,5,7,2,1,1,4,5,2,12,1,28,2,8,1,1,7,9,1,10,1,14,,44,9,1,22,9,121.5075355,25.05371407
111,8,20,15,10,2,04大安區,大安區復興南路1段322號,0,0,1,1,B03,8,1,5,50,14,9,1,5,4,3,5,4,4,10,5,5,2,12,1,26,3,10,1,1,7,6,1,8,1,5,,9,9,1,22,9,121.5435146,25.03655528
111,8,20,15,10,2,04大安區,大安區復興南路1段322號,0,0,1,2,F01,8,1,5,50,14,9,1,5,4,3,5,4,4,10,5,5,2,12,1,15,2,9,1,1,7,9,8,20,1,16,,44,9,1,22,9,121.5435146,25.03655528
111,8,20,15,12,2,04大安區,大安區市民大道4段與市民大道4段68巷口,0,0,1,1,B03,8,1,5,40,3,1,1,5,4,5,7,4,4,1,4,5,2,16,1,38,3,10,1,1,7,6,1,8,1,2,,9,9,1,22,9,121.5472313,25.0449138
111,8,20,15,12,2,04大安區,大安區市民大道4段與市民大道4段68巷口,0,0,1,2,C03,8,1,5,40,3,1,1,5,4,5,7,4,4,1,4,5,2,16,1,23,2,9,1,1,7,9,1,10,1,14,,14,9,1,22,9,121.5472313,25.0449138
111,8,20,15,38,2,10文山區,文山區興隆路3段與興隆路3段192巷8弄口,0,0,3,1,C03,7,1,5,50,4,1,1,5,4,5,7,2,1,1,4,5,2,12,1,19,2,9,1,1,7,9,1,10,1,14,,23,23,1,22,9,121.5598755,24.9967642
111,8,20,15,38,2,10文山區,文山區興隆路3段與興隆路3段192巷8弄口,0,0,3,2,C03,7,1,5,50,4,1,1,5,4,5,7,2,1,1,4,5,2,12,1,64,2,9,1,1,7,9,1,10,1,12,,44,23,1,22,9,121.5598755,24.9967642
111,8,20,15,38,2,10文山區,文山區興隆路3段與興隆路3段192巷8弄口,0,0,3,3,H02,7,1,5,50,4,1,1,5,4,5,7,2,1,1,4,5,2,12,2,61,2,9,1,1,7,20,8,20,10,16,,67,23,1,22,9,121.5598755,24.9967642
111,8,20,16,0,2,03中山區,中山區林森北路與錦州街口,0,0,2,1,C03,8,1,5,50,4,1,1,5,4,5,7,1,1,5,4,5,2,16,1,35,2,9,1,1,7,5,1,10,1,12,,8,8,1,22,9,121.5255607,25.0603052
111,8,20,16,0,2,03中山區,中山區林森北路與錦州街口,0,0,2,2,C03,8,1,5,50,4,1,1,5,4,5,7,1,1,5,4,5,2,16,1,25,2,9,1,1,7,9,1,10,1,11,,14,8,1,22,9,121.5255607,25.0603052
111,8,20,16,8,2,12內湖區,內湖區民權隧道西向東,0,0,2,1,B03,8,1,5,50,6,9,1,5,4,5,7,4,4,1,2,5,2,12,2,67,3,10,1,1,7,8,6,18,1,5,,23,23,1,22,9,121.6024894,25.0684933
111,8,20,16,8,2,12內湖區,內湖區民權隧道西向東,0,0,2,2,B03,8,1,5,50,6,9,1,5,4,5,7,4,4,1,2,5,2,12,1,40,2,9,1,1,7,9,1,8,1,7,,44,23,1,22,9,121.6024894,25.0684933
111,8,20,16,8,2,12內湖區,內湖區民權隧道西向東,0,0,2,3,H02,8,1,5,50,6,9,1,5,4,5,7,4,4,1,2,5,2,12,2,66,2,9,1,1,7,21,8,20,10,16,,67,23,1,22,9,121.6024894,25.0684933
111,8,20,17,25,2,10文山區,文山區景美街與景興路282巷口,0,0,1,1,H01,8,1,5,30,4,1,1,5,4,5,7,4,4,10,5,5,2,3,2,48,2,9,1,1,8,16,8,20,10,16,,51,51,1,22,9,121.5413734,24.98975699
111,8,20,17,25,2,10文山區,文山區景美街與景興路282巷口,0,0,1,2,C03,8,1,5,30,4,1,1,5,4,5,7,4,4,10,5,5,2,3,1,25,3,10,1,1,7,9,6,10,1,11,,23,51,1,22,9,121.5413734,24.98975699
111,8,20,18,15,2,07信義區,信義區林口街與松山路465巷口,0,0,3,1,C03,8,2,5,30,3,1,1,5,4,5,7,3,1,5,5,4,2,15,2,50,2,8,1,1,7,9,1,10,1,11,,6,6,1,22,9,121.5807374,25.04077502
111,8,20,18,15,2,07信義區,信義區林口街與松山路465巷口,0,0,3,2,C03,8,2,5,30,3,1,1,5,4,5,7,3,1,5,5,4,2,15,1,59,2,8,1,1,7,9,1,10,1,12,,44,6,1,22,9,121.5807374,25.04077502
111,8,20,18,15,2,07信義區,信義區林口街與松山路465巷口,0,0,3,3,H02,8,2,5,30,3,1,1,5,4,5,7,3,1,5,5,4,2,15,2,57,2,9,1,5,7,21,8,20,10,16,,67,6,1,22,9,121.5807374,25.04077502
111,8,20,18,50,2,08士林區,士林區福國路與福國路口文林橋,0,0,1,1,C03,8,3,5,50,4,2,1,5,4,5,7,1,1,10,4,5,2,17,1,44,3,10,1,1,7,2,1,10,1,12,,42,42,1,22,9,121.5208266,25.10176845
111,8,20,18,50,2,08士林區,士林區福國路與福國路口文林橋,0,0,1,2,C03,8,3,5,50,4,2,1,5,4,5,7,1,1,10,4,5,2,17,2,44,2,8,1,1,7,14,1,10,1,15,,44,42,1,22,9,121.5208266,25.10176845
111,8,20,18,50,2,08士林區,士林區福國路與福國路口文林橋,0,0,1,3,H02,8,3,5,50,4,2,1,5,4,5,7,1,1,10,4,5,2,17,2,28,3,10,1,5,7,17,8,20,10,16,,67,42,1,22,9,121.5208266,25.10176845
111,8,20,19,3,2,09北投區,北投區溫泉路與光明路口,0,0,1,1,B12,8,3,5,30,3,1,1,5,4,5,1,4,4,10,5,5,2,9,1,72,3,10,1,1,7,6,1,8,2,2,,15,15,1,22,9,121.5023575,25.1338994
111,8,20,19,3,2,09北投區,北投區溫泉路與光明路口,0,0,1,2,H01,8,3,5,30,3,1,1,5,4,5,1,4,4,10,5,5,2,9,2,80,2,9,4,5,8,16,8,20,10,16,,67,15,1,22,9,121.5023575,25.1338994
111,8,20,19,5,2,05中正區,中正區林森北路與忠孝東路1段口往北,0,0,1,1,B12,7,3,5,50,4,1,1,5,4,5,7,2,1,1,4,5,2,16,1,67,3,10,1,1,7,6,1,8,2,5,,9,9,1,22,9,121.5235327,25.0448274
111,8,20,19,5,2,05中正區,中正區林森北路與忠孝東路1段口往北,0,0,1,2,C03,7,3,5,50,4,1,1,5,4,5,7,2,1,1,4,5,2,16,2,41,2,9,1,1,7,9,1,10,2,14,,44,9,1,22,9,121.5235327,25.0448274
111,8,20,19,9,2,01大同區,大同區民權西路與蘭州街口,0,0,2,1,C03,7,3,5,50,4,1,1,5,4,5,7,1,1,9,4,5,2,17,2,18,3,10,1,1,7,5,1,10,1,13,,8,8,1,22,9,121.5146926,25.0629129
111,8,20,19,9,2,01大同區,大同區民權西路與蘭州街口,0,0,2,2,C03,7,3,5,50,4,1,1,5,4,5,7,1,1,9,4,5,2,17,1,24,2,9,1,1,7,9,1,10,1,11,,44,8,1,22,9,121.5146926,25.0629129
111,8,20,19,9,2,01大同區,大同區民權西路與蘭州街口,0,0,2,3,H02,7,3,5,50,4,1,1,5,4,5,7,1,1,9,4,5,2,17,2,24,2,9,4,5,7,20,8,20,10,16,,67,8,1,22,9,121.5146926,25.0629129
111,8,20,19,17,2,07信義區,信義區市民大道6段與虎林街口,0,0,1,1,B03,7,3,5,40,4,1,1,5,4,5,7,2,1,1,3,5,1,13,2,44,3,10,3,4,7,9,1,8,1,1,,16,16,1,22,9,121.5759683,25.0491752
111,8,20,19,17,2,07信義區,信義區市民大道6段與虎林街口,0,0,1,2,C03,7,3,5,40,4,1,1,5,4,5,7,2,1,1,3,5,1,13,1,37,2,9,1,1,7,5,1,10,1,13,,44,16,1,22,9,121.5759683,25.0491752
111,8,20,19,53,2,06松山區,松山區復興北路與復興北路17巷口,0,0,1,1,B03,8,3,5,30,3,2,1,5,4,5,7,4,4,1,4,5,2,16,1,39,3,10,1,1,7,6,1,8,1,7,,6,6,1,22,9,121.5440662,25.04929084
111,8,20,19,53,2,06松山區,松山區復興北路與復興北路17巷口,0,0,1,2,C03,8,3,5,30,3,2,1,5,4,5,7,4,4,1,4,5,2,16,1,34,2,9,1,1,7,9,1,9,1,12,,13,6,1,22,9,121.5440662,25.04929084
111,8,20,19,54,2,09北投區,北投區自強街128號,0,0,1,1,F01,8,3,5,50,14,9,1,5,4,5,7,4,4,9,4,5,1,17,1,58,2,9,1,1,7,9,8,20,1,16,,23,23,1,22,9,121.5158723,25.11089426
111,8,20,19,54,2,09北投區,北投區自強街128號,0,0,1,2,C03,8,3,5,50,14,9,1,5,4,5,7,4,4,9,4,5,1,17,2,42,3,10,1,1,7,9,1,10,1,15,,26,23,1,22,9,121.5158723,25.11089426
111,8,20,21,0,2,05中正區,中正區中華路2段311巷40號與中華路2段311巷口,0,0,1,1,C05,8,3,5,30,3,2,1,5,4,5,7,4,4,10,5,5,2,17,2,61,2,8,1,1,7,6,1,8,11,12,,17,,1,22,9,121.5066955,25.02900292
111,8,20,21,0,2,05中正區,中正區中華路2段311巷40號與中華路2段311巷口,0,0,1,2,C03,8,3,5,30,3,2,1,5,4,5,7,4,4,10,5,5,2,17,2,65,3,10,3,1,7,13,1,10,11,13,,38,,1,22,9,121.5066955,25.02900292
111,8,20,21,45,2,01大同區,大同區民權西路與民權西路225巷口,0,0,1,1,C03,7,3,5,50,4,2,1,5,4,5,7,2,1,1,4,5,2,12,1,21,3,10,1,4,7,7,1,10,1,14,,7,7,1,22,9,121.5121094,25.06305411
111,8,20,21,45,2,01大同區,大同區民權西路與民權西路225巷口,0,0,1,2,C03,7,3,5,50,4,2,1,5,4,5,7,2,1,1,4,5,2,12,1,31,2,9,1,4,7,9,1,10,1,12,,23,7,1,22,9,121.5121094,25.06305411
111,8,20,22,31,2,07信義區,信義區基隆路1段172巷與基隆路1段口口,0,0,1,1,,7,1,5,50,3,2,1,5,4,5,7,4,4,2,4,5,2,17,4,,4,11,3,4,7,15,7,19,11,15,,43,43,2,22,9,121.5653944,25.04298628
111,8,20,22,31,2,07信義區,信義區基隆路1段172巷與基隆路1段口口,0,0,1,2,C03,7,1,5,50,3,2,1,5,4,5,7,4,4,2,4,5,2,17,1,44,2,9,1,1,7,9,1,10,1,14,,43,43,1,22,9,121.5653944,25.04298628
111,8,20,23,0,2,07信義區,信義區松德路126號,0,0,1,1,C03,8,3,5,50,14,7,1,2,4,5,7,4,4,1,4,4,2,18,1,22,2,9,1,1,7,9,1,10,1,14,,43,43,1,22,9,121.5745969,25.03721482
111,8,20,23,0,2,07信義區,信義區松德路126號,0,0,1,2,,8,3,5,50,14,7,1,2,4,5,7,4,4,1,4,4,2,18,3,,,,,,,,,,,,,67,43,1,,,121.5745969,25.03721482
111,8,20,23,37,2,05中正區,中正區汀州路2段與牯嶺街口,0,0,1,1,B12,8,3,5,50,4,1,1,5,4,5,7,1,1,5,4,5,2,17,1,38,3,10,1,1,7,5,1,8,2,6,,6,6,1,22,9,121.5190458,25.0250289
111,8,20,23,37,2,05中正區,中正區汀州路2段與牯嶺街口,0,0,1,2,C03,8,3,5,50,4,1,1,5,4,5,7,1,1,5,4,5,2,17,1,39,2,9,1,1,7,11,1,10,2,11,,23,6,1,22,9,121.5190458,25.0250289
111,8,21,0,45,2,12內湖區,內湖區文德路66巷與文德路66巷14弄口,0,0,1,1,C03,8,3,5,50,4,1,1,5,4,5,7,3,1,4,5,5,1,15,1,32,2,8,3,4,7,9,1,10,1,12,,6,6,1,22,9,121.5818987,25.0766486
111,8,21,0,45,2,12內湖區,內湖區文德路66巷與文德路66巷14弄口,0,0,1,2,B03,8,3,5,50,4,1,1,5,4,5,7,3,1,4,5,5,1,15,1,36,3,10,3,4,7,9,1,8,11,1,,42,6,1,22,9,121.5818987,25.0766486
111,8,21,0,59,2,04大安區,大安區仁愛路3段與建國南路1段口,0,0,1,1,B03,8,3,5,50,4,1,1,5,4,5,7,1,1,8,1,5,1,17,1,38,3,10,1,1,7,5,1,8,1,15,,26,26,1,22,9,121.537663,25.0379679
111,8,21,0,59,2,04大安區,大安區仁愛路3段與建國南路1段口,0,0,1,2,C03,8,3,5,50,4,1,1,5,4,5,7,1,1,8,1,5,1,17,1,22,2,9,1,1,7,9,1,10,1,15,,44,26,1,22,9,121.537663,25.0379679
111,8,21,1,1,2,04大安區,大安區復興南路2段138號,0,0,1,1,C03,8,3,5,50,14,9,1,5,4,5,7,4,4,10,5,5,2,13,1,22,2,8,1,1,7,9,1,10,2,11,,23,23,1,22,9,121.5434182,25.02896399
111,8,21,1,1,2,04大安區,大安區復興南路2段138號,0,0,1,2,B03,8,3,5,50,14,9,1,5,4,5,7,4,4,10,5,5,2,13,1,25,3,10,1,1,7,14,1,8,2,7,,38,23,1,22,9,121.5434182,25.02896399
111,8,21,1,2,2,09北投區,北投區承德路7段與承德路7段393巷口,0,0,2,1,C03,7,3,5,60,14,9,1,5,4,5,7,1,1,1,4,5,1,13,1,21,2,9,1,1,7,9,3,18,9,11,,16,16,1,22,9,121.5009771,25.11975602
111,8,21,1,2,2,09北投區,北投區承德路7段與承德路7段393巷口,0,0,2,2,C03,7,3,5,60,14,9,1,5,4,5,7,1,1,1,4,5,1,13,2,19,2,9,1,1,7,3,1,10,1,13,,44,16,1,22,9,121.5009771,25.11975602
111,8,21,2,11,2,02萬華區,萬華區中華路2段416巷與國興路口,0,0,3,1,B01,7,3,5,50,4,1,1,5,4,5,7,3,1,9,4,5,2,15,1,41,2,9,1,1,7,9,1,4,1,4,,6,6,1,22,9,121.5051784,25.02755597
111,8,21,2,11,2,02萬華區,萬華區中華路2段416巷與國興路口,0,0,3,2,B12,7,3,5,50,4,1,1,5,4,5,7,3,1,9,4,5,2,15,1,29,2,9,1,1,7,9,1,8,1,1,,14,6,1,22,9,121.5051784,25.02755597
111,8,21,2,11,2,02萬華區,萬華區中華路2段416巷與國興路口,0,0,3,3,H02,7,3,5,50,4,1,1,5,4,5,7,3,1,9,4,5,2,15,2,30,2,9,1,5,7,21,8,20,10,16,,67,6,1,22,9,121.5051784,25.02755597
111,8,21,4,6,2,09北投區,北投區福國路與文林北路75巷口,0,0,1,1,C03,8,3,5,50,4,1,1,5,4,5,7,2,1,5,4,4,2,15,1,41,2,9,1,1,7,9,1,10,9,12,,6,6,1,22,9,121.5147105,25.1018024