發生年度,發生月,發生日,發生時-Hours,發生分,處理別-編號,區序,肇事地點,死亡人數,2-30日死亡人數,受傷人數,當事人序號,車種,天候,光線,道路類別,速限-速度限制,道路型態,事故位置,路面狀況1,路面狀況2,路面狀況3,道路障礙1,道路障礙2,號誌1,號誌2,車道劃分-分向,車道劃分-分道1,車道劃分-分道2,車道劃分-分道3,事故類型及型態,性別,年齡,受傷程度,主要傷處,安全帽,行動電話,車輛用途,當事者行動狀態,駕駛資格情形,駕駛執照種類,飲酒情形,車輛撞擊部位1,車輛撞擊部位2,肇因碼-個別,肇因碼-主要,個人肇逃否,職業,旅次目的,座標-X,座標-Y
111,8,21,4,6,2,09北投區,北投區福國路與文林北路75巷口,0,0,1,2,B03,8,3,5,50,4,1,1,5,4,5,7,2,1,5,4,4,2,15,1,58,3,10,1,1,7,9,1,8,2,1,,13,6,1,22,9,121.5147105,25.1018024
111,8,21,4,26,2,05中正區,中正區中正橋與水源快速道路口引道,0,0,1,1,B02,8,3,5,30,3,1,1,5,4,2,7,4,4,3,2,5,2,17,2,40,3,10,1,1,7,6,1,4,2,2,,9,9,1,22,9,121.5166551,25.02146095
111,8,21,4,26,2,05中正區,中正區中正橋與水源快速道路口引道,0,0,1,2,C03,8,3,5,30,3,1,1,5,4,2,7,4,4,3,2,5,2,17,1,21,2,7,1,1,7,9,1,10,2,14,,44,9,1,22,9,121.5166551,25.02146095
111,8,21,5,38,2,10文山區,文山區木柵路2段與木柵路2段138巷口口,0,0,1,1,B11,8,1,5,50,4,1,1,5,4,5,7,2,1,4,3,5,1,13,1,48,3,10,3,4,7,1,1,4,1,1,,23,23,1,22,9,121.5617421,24.98883605
111,8,21,5,38,2,10文山區,文山區木柵路2段與木柵路2段138巷口口,0,0,1,2,C03,8,1,5,50,4,1,1,5,4,5,7,2,1,4,3,5,1,13,1,23,2,8,1,1,7,14,1,10,1,13,,44,23,1,22,9,121.5617421,24.98883605
111,8,21,6,0,2,01大同區,大同區承德路2段與民權西路口,0,0,2,1,C03,8,1,5,50,4,1,1,5,4,5,7,2,1,1,4,5,2,15,1,38,2,9,1,4,7,9,1,10,5,11,,25,25,1,22,9,121.5183473,25.06283567
111,8,21,6,0,2,01大同區,大同區承德路2段與民權西路口,0,0,2,2,C03,8,1,5,50,4,1,1,5,4,5,7,2,1,1,4,5,2,15,1,30,2,9,1,4,7,9,1,10,2,14,,44,25,1,22,9,121.5183473,25.06283567
111,8,21,7,1,2,03中山區,中山區民權東路2段與建國北路3段口,0,0,3,1,C03,8,1,5,50,4,1,1,5,4,5,7,1,1,4,3,5,1,12,1,29,2,9,1,4,7,8,1,10,2,12,,7,25,1,22,9,121.5370921,25.06229018
111,8,21,7,1,2,03中山區,中山區民權東路2段與建國北路3段口,0,0,3,2,C03,8,1,5,50,4,1,1,5,4,5,7,1,1,4,3,5,1,12,1,33,2,9,1,4,7,9,1,10,2,11,,25,25,1,22,9,121.5370921,25.06229018
111,8,21,7,1,2,03中山區,中山區民權東路2段與建國北路3段口,0,0,3,3,H02,8,1,5,50,4,1,1,5,4,5,7,1,1,4,3,5,1,12,2,40,2,9,1,4,7,17,8,20,10,16,,67,25,1,22,9,121.5370921,25.06229018
111,8,21,8,30,2,04大安區,大安區瑞安街與瑞安街81巷口,0,0,2,1,B02,8,1,5,30,3,1,1,5,4,3,5,4,4,5,5,5,2,16,1,67,3,10,1,1,7,5,1,8,1,4,,6,6,1,22,9,121.540743,25.0280438
111,8,21,8,30,2,04大安區,大安區瑞安街與瑞安街81巷口,0,0,2,2,C03,8,1,5,30,3,1,1,5,4,3,5,4,4,5,5,5,2,16,2,21,2,8,1,1,7,9,1,10,1,11,,23,6,1,22,9,121.540743,25.0280438
111,8,21,8,30,2,04大安區,大安區瑞安街與瑞安街81巷口,0,0,2,3,H02,8,1,5,30,3,1,1,5,4,3,5,4,4,5,5,5,2,16,2,22,2,9,4,5,7,20,8,20,10,16,,67,6,1,22,9,121.540743,25.0280438
111,8,21,8,32,2,10文山區,文山區景美街與景文街146巷口,0,0,1,1,C03,8,1,5,50,5,1,1,5,4,5,7,1,1,5,5,5,2,16,2,61,3,10,1,1,7,5,1,10,1,11,,6,6,1,22,9,121.5409401,24.98834353
111,8,21,8,32,2,10文山區,文山區景美街與景文街146巷口,0,0,1,2,C03,8,1,5,50,5,1,1,5,4,5,7,1,1,5,5,5,2,16,2,57,2,8,1,1,7,9,4,8,1,14,,26,6,1,22,9,121.5409401,24.98834353
111,8,21,8,52,2,07信義區,信義區福德街與福德街251巷口,0,0,2,1,B03,8,1,5,50,4,2,1,5,4,5,7,2,1,5,4,5,2,11,1,43,3,10,1,1,7,5,1,8,1,8,,6,6,1,22,8,121.58602,25.03887397
111,8,21,8,52,2,07信義區,信義區福德街與福德街251巷口,0,0,2,2,C03,8,1,5,50,4,2,1,5,4,5,7,2,1,5,4,5,2,11,1,59,2,5,1,1,7,9,1,10,1,14,,44,6,1,22,8,121.58602,25.03887397
111,8,21,8,52,2,07信義區,信義區福德街與福德街251巷口,0,0,2,3,H02,8,1,5,50,4,2,1,5,4,5,7,2,1,5,4,5,2,11,2,54,2,8,1,5,7,20,8,20,10,16,,67,6,1,22,8,121.58602,25.03887397
111,8,21,9,3,2,02萬華區,萬華區萬大路385-2號(近長泰街),0,0,1,1,B03,8,1,5,30,14,9,2,5,4,5,7,1,1,1,4,5,2,16,1,73,3,10,1,1,7,8,1,8,1,6,,44,44,1,22,9,121.4993945,25.0224765
111,8,21,9,3,2,02萬華區,萬華區萬大路385-2號(近長泰街),0,0,1,2,C03,8,1,5,30,14,9,2,5,4,5,7,1,1,1,4,5,2,16,1,31,2,8,1,1,7,9,1,10,1,11,,16,44,1,22,9,121.4993945,25.0224765
111,8,21,9,6,2,07信義區,信義區崇德街297號附近,0,0,2,1,C03,8,1,5,30,11,9,1,5,4,5,1,4,4,10,5,5,2,10,1,24,2,7,1,1,7,9,1,10,1,11,,5,5,1,22,9,121.5641573,25.01723231
111,8,21,9,6,2,07信義區,信義區崇德街297號附近,0,0,2,2,C03,8,1,5,30,11,9,1,5,4,5,1,4,4,10,5,5,2,10,1,73,2,8,1,1,7,9,1,10,1,11,,44,5,1,22,9,121.5641573,25.01723231
111,8,21,9,18,2,05中正區,中正區羅斯福路1段143號與金華街口,0,0,1,1,C03,8,1,5,50,14,7,1,5,4,5,7,1,1,3,4,4,2,13,1,36,2,8,1,1,7,9,1,10,1,11,,23,23,1,22,9,121.518447,25.0331873
111,8,21,9,18,2,05中正區,中正區羅斯福路1段143號與金華街口,0,0,1,2,B03,8,1,5,50,14,7,1,5,4,5,7,1,1,3,4,4,2,13,1,30,3,10,1,1,7,14,1,8,1,3,,42,23,1,22,9,121.518447,25.0331873
111,8,21,10,4,2,10文山區,文山區興隆路4段165巷40弄與興隆路4段165巷口,0,0,1,2,C03,8,1,5,30,4,1,1,5,4,5,7,4,4,5,5,5,2,14,1,20,2,9,1,1,7,5,1,10,1,14,,44,12,1,22,9,121.5635867,24.98428782
111,8,21,10,4,2,10文山區,文山區興隆路4段165巷40弄與興隆路4段165巷口,0,0,1,1,B03,8,1,5,30,4,1,1,5,4,5,7,4,4,5,5,5,2,14,1,26,3,10,1,1,7,2,1,8,1,3,,12,12,1,22,9,121.5635867,24.98428782
111,8,21,10,10,2,09北投區,北投區承德路7段280巷28號,0,0,1,1,B03,8,1,8,30,15,22,1,5,4,5,7,4,4,10,5,5,1,17,1,38,3,10,3,1,7,9,1,8,1,1,,6,6,1,22,9,121.4689899,25.13284963
111,8,21,10,10,2,09北投區,北投區承德路7段280巷28號,0,0,1,2,C03,8,1,8,30,15,22,1,5,4,5,7,4,4,10,5,5,1,17,2,66,2,8,1,1,7,9,1,10,1,12,,23,6,1,22,9,121.4689899,25.13284963
111,8,21,11,5,2,04大安區,大安區光復南路與文昌街口,0,0,1,1,B03,8,1,5,30,4,2,1,5,4,5,7,2,1,10,5,5,1,12,2,52,3,10,1,4,7,9,1,8,1,5,,44,44,1,22,9,121.5573284,25.0321395
111,8,21,11,5,2,04大安區,大安區光復南路與文昌街口,0,0,1,2,C03,8,1,5,30,4,2,1,5,4,5,7,2,1,10,5,5,1,12,1,33,2,8,1,4,7,7,1,10,1,14,,7,44,1,22,9,121.5573284,25.0321395
111,8,21,11,8,2,04大安區,大安區基隆路4段75號對面,0,0,1,1,C03,8,1,5,50,14,9,1,5,4,5,7,4,4,9,4,4,1,17,1,38,3,10,1,1,7,9,1,10,1,15,,37,37,1,22,9,121.5399152,25.0126247
111,8,21,11,8,2,04大安區,大安區基隆路4段75號對面,0,0,1,2,C04,8,1,5,50,14,9,1,5,4,5,7,4,4,9,4,4,1,17,2,27,2,9,1,1,7,9,1,11,1,15,,44,37,1,22,9,121.5399152,25.0126247
111,8,21,11,30,2,02萬華區,萬華區華江橋機車道近下橋彎道,0,0,1,1,C03,8,1,7,40,11,11,1,5,4,5,7,4,4,1,5,1,2,13,2,26,3,10,1,1,7,9,1,10,2,11,,16,16,1,22,9,121.4888261,25.03551234
111,8,21,11,30,2,02萬華區,萬華區華江橋機車道近下橋彎道,0,0,1,2,C03,8,1,7,40,11,11,1,5,4,5,7,4,4,1,5,1,2,13,1,60,2,9,1,1,7,9,1,10,2,13,,44,16,1,22,9,121.4888261,25.03551234
111,8,21,11,46,2,12內湖區,內湖區內湖路2段300號前,0,0,2,1,C04,8,1,5,30,14,9,1,5,4,5,7,4,4,9,4,5,2,12,1,22,2,7,1,1,7,5,1,10,2,14,,26,26,1,22,9,121.5867777,25.08116524
111,8,21,11,46,2,12內湖區,內湖區內湖路2段300號前,0,0,2,2,C03,8,1,5,30,14,9,1,5,4,5,7,4,4,9,4,5,2,12,2,37,2,9,1,1,7,9,1,10,2,12,,13,26,1,22,9,121.5867777,25.08116524
111,8,21,11,57,2,02萬華區,萬華區萬大路與民和街口,0,0,1,1,C03,8,1,5,30,4,1,1,5,4,5,7,1,1,1,4,5,2,13,1,17,2,9,1,4,7,9,2,18,1,11,,23,23,1,22,9,121.5005371,25.02612854
111,8,21,11,57,2,02萬華區,萬華區萬大路與民和街口,0,0,1,2,B03,8,1,5,30,4,1,1,5,4,5,7,1,1,1,4,5,2,13,1,54,3,10,1,4,7,14,1,8,1,3,,44,23,1,22,9,121.5005371,25.02612854
111,8,21,12,15,2,08士林區,士林區仰德大道3段24號,0,0,1,1,C03,8,1,5,40,11,9,1,5,4,5,7,4,4,4,5,5,1,13,2,19,2,9,1,1,7,9,1,10,1,11,,16,16,1,22,9,121.5509704,25.11638364
111,8,21,12,15,2,08士林區,士林區仰德大道3段24號,0,0,1,2,B02,8,1,5,40,11,9,1,5,4,5,7,4,4,4,5,5,1,13,1,70,3,10,1,1,7,9,1,8,1,7,,42,16,1,22,9,121.5509704,25.11638364
111,8,21,13,25,2,08士林區,士林區延平北路8段2巷與延平北路8段2巷55弄口,0,0,2,1,C03,8,1,5,30,4,1,1,5,4,5,7,4,4,10,5,5,1,17,1,26,2,9,1,1,7,9,1,10,2,11,,6,6,1,22,9,121.486891,25.10552359
111,8,21,13,25,2,08士林區,士林區延平北路8段2巷與延平北路8段2巷55弄口,0,0,2,2,C03,8,1,5,30,4,1,1,5,4,5,7,4,4,10,5,5,1,17,1,18,2,9,1,1,7,9,1,10,2,14,,6,6,1,22,9,121.486891,25.10552359
111,8,21,13,49,2,07信義區,信義區和平東路3段391巷與和平東路3段391巷8弄口,0,0,2,1,C03,8,1,5,30,4,1,1,5,4,5,7,4,4,9,5,5,1,15,1,59,2,7,1,1,7,9,1,9,2,14,,6,6,1,22,9,121.557983,25.0200839
111,8,21,13,49,2,07信義區,信義區和平東路3段391巷與和平東路3段391巷8弄口,0,0,2,2,C03,8,1,5,30,4,1,1,5,4,5,7,4,4,9,5,5,1,15,1,45,2,9,1,1,7,9,1,10,2,11,,13,6,1,22,9,121.557983,25.0200839
111,8,21,13,49,2,07信義區,信義區和平東路3段391巷與和平東路3段391巷8弄口,0,0,2,3,B03,8,1,5,30,4,1,1,5,4,5,7,4,4,9,5,5,1,15,1,44,3,10,1,1,7,14,1,8,9,15,,38,6,1,22,9,121.557983,25.0200839
111,8,21,13,53,2,07信義區,信義區忠孝東路5段790巷與忠孝東路5段790巷59弄口口,0,0,1,1,C03,8,1,5,30,4,1,1,5,4,5,7,4,4,10,5,5,2,15,2,46,2,7,1,1,7,9,1,10,1,11,,6,6,1,21,8,121.5835723,25.04035684
111,8,21,13,53,2,07信義區,信義區忠孝東路5段790巷與忠孝東路5段790巷59弄口口,0,0,1,2,B01,8,1,5,30,4,1,1,5,4,5,7,4,4,10,5,5,2,15,1,31,3,10,1,1,7,9,1,4,1,4,,14,6,1,21,8,121.5835723,25.04035684
111,8,21,13,54,2,06松山區,松山區民權東路4段與富錦街107巷口,0,0,1,1,B03,8,1,5,40,3,1,1,5,4,5,7,4,4,9,4,4,2,16,1,31,3,10,1,1,7,6,1,8,2,5,,9,9,1,22,9,121.5521927,25.061568
111,8,21,13,54,2,06松山區,松山區民權東路4段與富錦街107巷口,0,0,1,2,C03,8,1,5,40,3,1,1,5,4,5,7,4,4,9,4,4,2,16,1,31,2,8,1,1,7,6,1,10,2,11,,9,9,1,22,9,121.5521927,25.061568
111,8,21,14,0,2,09北投區,北投區光明路與公館路口,0,0,3,1,C03,8,1,5,50,3,1,1,5,4,5,7,3,1,9,5,5,2,12,1,30,2,9,1,4,7,5,1,10,1,12,,43,43,1,22,9,121.5020295,25.13355838
111,8,21,14,0,2,09北投區,北投區光明路與公館路口,0,0,3,2,C03,8,1,5,50,3,1,1,5,4,5,7,3,1,9,5,5,2,12,1,29,2,9,1,1,7,9,1,10,1,11,,43,43,1,22,9,121.5020295,25.13355838
111,8,21,14,0,2,09北投區,北投區光明路與公館路口,0,0,3,3,H02,8,1,5,50,3,1,1,5,4,5,7,3,1,9,5,5,2,12,2,32,2,9,1,5,7,21,8,20,10,15,,67,43,1,22,9,121.5020295,25.13355838
111,8,21,14,34,2,08士林區,士林區中山北路7段與天母西路口,0,0,1,1,A02,8,1,5,50,4,2,1,5,4,5,7,2,1,3,4,5,1,13,1,21,3,10,3,4,7,9,1,2,1,1,,23,23,1,22,9,121.5300794,25.1182556
111,8,21,14,34,2,08士林區,士林區中山北路7段與天母西路口,0,0,1,2,C03,8,1,5,50,4,2,1,5,4,5,7,2,1,3,4,5,1,13,1,36,2,9,3,4,7,15,1,10,1,13,,42,23,1,22,9,121.5300794,25.1182556
111,8,21,15,1,2,05中正區,中正區羅斯福路4段與基隆路4段口,0,0,2,1,C03,8,1,5,50,4,1,1,5,4,5,7,1,1,1,4,5,2,17,1,21,2,9,1,1,7,5,1,10,2,14,,8,8,1,22,9,121.5368666,25.01120016
111,8,21,15,1,2,05中正區,中正區羅斯福路4段與基隆路4段口,0,0,2,2,C03,8,1,5,50,4,1,1,5,4,5,7,1,1,1,4,5,2,17,1,34,2,9,1,1,7,9,1,10,2,12,,14,8,1,22,9,121.5368666,25.01120016
111,8,21,15,13,2,04大安區,大安區市民大道3段與建國南路1段口,0,0,1,1,B03,8,1,5,40,4,1,1,5,4,5,7,1,1,1,3,4,1,12,1,54,3,10,1,1,7,6,1,8,1,6,,44,44,1,22,9,121.5363478,25.0446403
111,8,21,15,13,2,04大安區,大安區市民大道3段與建國南路1段口,0,0,1,2,C03,8,1,5,40,4,1,1,5,4,5,7,1,1,1,3,4,1,12,2,27,2,9,1,1,7,9,1,10,1,14,,44,44,1,22,9,121.5363478,25.0446403
111,8,21,15,45,2,10文山區,文山區寶橋與辛亥路7段口,0,0,1,1,B03,8,1,5,50,14,9,2,5,4,5,7,1,1,1,4,5,2,17,1,61,3,10,3,4,7,11,6,1,2,6,,10,10,1,22,9,121.5538106,24.97994168
111,8,21,15,45,2,10文山區,文山區寶橋與辛亥路7段口,0,0,1,2,C03,8,1,5,50,14,9,2,5,4,5,7,1,1,1,4,5,2,17,1,24,2,8,1,4,7,5,1,10,2,12,,44,10,1,22,9,121.5538106,24.97994168
111,8,21,15,49,2,12內湖區,內湖區內湖路1段91巷與內湖路1段91巷23弄口,0,0,3,2,C03,8,1,5,30,3,2,1,5,4,5,7,4,4,9,5,5,2,12,1,32,2,7,1,1,7,4,1,10,2,12,,1,44,1,22,9,121.5625602,25.08638695
111,8,21,15,49,2,12內湖區,內湖區內湖路1段91巷與內湖路1段91巷23弄口,0,0,3,3,H02,8,1,5,30,3,2,1,5,4,5,7,4,4,9,5,5,2,12,2,29,2,8,1,1,7,21,8,20,10,15,,67,44,1,22,9,121.5625602,25.08638695
111,8,21,15,49,2,12內湖區,內湖區內湖路1段91巷與內湖路1段91巷23弄口,0,0,3,1,C03,8,1,5,30,3,2,1,5,4,5,7,4,4,9,5,5,2,12,2,27,2,9,1,1,7,5,1,10,2,14,,44,44,1,22,9,121.5625602,25.08638695
111,8,21,15,50,2,07信義區,信義區永吉路30巷157弄與忠孝東路5段215巷口,0,0,2,1,C03,8,1,5,30,4,1,1,5,4,5,7,1,1,9,5,5,2,15,1,21,2,9,1,1,7,9,1,10,1,11,,42,42,1,22,9,121.5702258,25.0422749
111,8,21,15,50,2,07信義區,信義區永吉路30巷157弄與忠孝東路5段215巷口,0,0,2,2,B03,8,1,5,30,4,1,1,5,4,5,7,1,1,9,5,5,2,15,1,42,3,10,1,1,7,9,1,8,1,7,,44,42,1,22,9,121.5702258,25.0422749
111,8,21,15,50,2,07信義區,信義區永吉路30巷157弄與忠孝東路5段215巷口,0,0,2,3,C03,8,1,5,30,4,1,1,5,4,5,7,1,1,9,5,5,2,15,1,47,2,9,1,1,7,9,1,10,1,14,,44,42,1,22,9,121.5702258,25.0422749
111,8,21,16,18,2,09北投區,北投區裕民一路45號與明德路333巷口,0,0,1,1,B01,8,1,5,30,3,1,1,5,4,5,7,4,4,10,5,5,2,14,1,52,3,10,1,1,7,2,1,4,1,7,,12,12,1,22,9,121.5179122,25.1166448
111,8,21,16,18,2,09北投區,北投區裕民一路45號與明德路333巷口,0,0,1,2,C03,8,1,5,30,3,1,1,5,4,5,7,4,4,10,5,5,2,14,1,55,2,8,1,1,7,9,1,10,1,14,,44,12,1,22,9,121.5179122,25.1166448
111,8,21,17,15,2,05中正區,中正區林森南路與徐州路口,0,0,1,1,B03,8,1,5,50,4,1,1,5,4,5,7,1,1,10,5,5,2,17,2,40,3,10,1,1,7,6,1,8,2,5,,9,9,1,22,9,121.522231,25.04100778
111,8,21,17,15,2,05中正區,中正區林森南路與徐州路口,0,0,1,2,C03,8,1,5,50,4,1,1,5,4,5,7,1,1,10,5,5,2,17,1,46,3,10,1,1,7,9,1,10,2,14,,44,9,1,22,9,121.522231,25.04100778
111,8,21,17,15,2,05中正區,中正區林森南路與徐州路口,0,0,1,3,H02,8,1,5,50,4,1,1,5,4,5,7,1,1,10,5,5,2,17,2,39,2,9,4,5,7,20,8,20,10,16,,67,9,1,22,9,121.522231,25.04100778
111,8,21,17,20,2,07信義區,信義區永吉路30巷121號,0,0,3,2,C03,8,1,5,0,14,9,1,5,4,5,7,4,4,9,5,5,2,3,1,38,2,8,1,1,7,9,1,10,2,12,,23,51,1,22,9,121.568743,25.04289142
111,8,21,17,20,2,07信義區,信義區永吉路30巷121號,0,0,3,1,H01,8,1,5,0,14,9,1,5,4,5,7,4,4,9,5,5,2,3,1,77,2,8,4,1,8,16,8,20,10,16,,51,51,1,22,9,121.568743,25.04289142
111,8,21,17,20,2,07信義區,信義區永吉路30巷121號,0,0,3,3,H02,8,1,5,0,14,9,1,5,4,5,7,4,4,9,5,5,2,3,2,30,2,7,4,1,7,17,8,20,10,16,,67,51,1,22,9,121.568743,25.04289142
111,8,21,18,5,2,11南港區,南港區經貿一路與經貿二路157巷口,0,0,2,1,B03,8,1,5,50,4,1,1,5,4,5,7,1,1,1,1,5,2,16,1,63,3,10,1,1,7,6,1,8,1,5,,9,9,1,21,9,121.6179676,25.06096835
111,8,21,18,5,2,11南港區,南港區經貿一路與經貿二路157巷口,0,0,2,2,C03,8,1,5,50,4,1,1,5,4,5,7,1,1,1,1,5,2,16,1,35,2,9,1,1,7,9,1,10,1,14,,44,9,1,21,8,121.6179676,25.06096835
111,8,21,18,5,2,11南港區,南港區經貿一路與經貿二路157巷口,0,0,2,3,H02,8,1,5,50,4,1,1,5,4,5,7,1,1,1,1,5,2,16,2,35,2,8,1,5,7,21,8,20,10,16,,67,9,1,21,8,121.6179676,25.06096835
111,8,21,18,20,2,07信義區,信義區忠孝東路5段423巷與永吉路278巷57弄口,0,0,2,1,,8,1,5,30,4,1,1,5,4,5,7,4,4,9,4,5,2,12,4,,4,11,3,4,7,15,7,19,11,15,,43,43,2,22,9,121.5754467,25.043343
111,8,21,18,20,2,07信義區,信義區忠孝東路5段423巷與永吉路278巷57弄口,0,0,2,2,C03,8,1,5,30,4,1,1,5,4,5,7,4,4,9,4,5,2,12,1,40,2,7,1,1,7,9,1,10,1,14,,44,43,1,22,9,121.5754467,25.043343
111,8,21,18,20,2,07信義區,信義區忠孝東路5段423巷與永吉路278巷57弄口,0,0,2,3,H02,8,1,5,30,4,1,1,5,4,5,7,4,4,9,4,5,2,12,2,22,2,9,1,5,7,20,8,20,10,15,,67,43,1,22,9,121.5754467,25.043343
111,8,21,18,36,2,05中正區,中正區詔安街與詔安街26巷口,0,0,1,1,B01,8,3,5,30,4,1,1,5,4,5,7,4,4,10,5,5,2,15,1,43,3,10,1,1,7,9,1,4,1,1,,6,6,1,22,9,121.5159504,25.02510432
111,8,21,18,36,2,05中正區,中正區詔安街與詔安街26巷口,0,0,1,2,C03,8,3,5,30,4,1,1,5,4,5,7,4,4,10,5,5,2,15,1,42,3,10,1,1,7,9,1,10,1,12,,14,6,1,22,9,121.5159504,25.02510432
111,8,21,18,36,2,05中正區,中正區詔安街與詔安街26巷口,0,0,1,3,H02,8,3,5,30,4,1,1,5,4,5,7,4,4,10,5,5,2,15,1,13,2,8,1,1,7,20,8,20,10,16,,67,6,1,22,9,121.5159504,25.02510432
111,8,21,19,45,2,05中正區,中正區博愛路與貴陽街1段口口,0,0,2,1,C03,8,3,5,50,4,2,1,5,4,5,7,2,1,9,4,5,1,17,1,30,4,11,3,4,7,5,7,19,9,15,,8,8,2,22,9,121.5111623,25.0388425
111,8,21,19,45,2,05中正區,中正區博愛路與貴陽街1段口口,0,0,2,2,C03,8,3,5,50,4,2,1,5,4,5,7,2,1,9,4,5,1,17,1,28,2,8,1,1,7,9,1,10,1,15,,44,8,1,21,5,121.5111623,25.0388425
111,8,21,19,45,2,05中正區,中正區博愛路與貴陽街1段口口,0,0,2,3,H02,8,3,5,50,4,2,1,5,4,5,7,2,1,9,4,5,1,17,2,26,2,8,1,5,7,20,8,20,10,16,,67,8,1,21,5,121.5111623,25.0388425
111,8,21,20,13,2,11南港區,南港區忠孝東路6段374號,0,0,1,1,C03,7,3,5,0,14,20,4,5,4,5,7,4,4,10,4,4,2,1,1,24,3,10,1,1,7,9,1,9,11,15,,42,42,1,22,9,121.591793,25.04983557
111,8,21,20,13,2,11南港區,南港區忠孝東路6段374號,0,0,1,2,H01,7,3,5,0,14,20,4,5,4,5,7,4,4,10,4,4,2,1,2,56,2,9,4,1,8,18,8,20,10,15,,67,42,1,22,9,121.591793,25.04983557
111,8,21,21,5,2,04大安區,大安區信義路4段與敦化南路1段口,0,0,1,1,B03,7,3,5,50,4,1,1,5,4,5,7,2,1,1,1,1,2,15,2,52,3,10,1,1,7,9,1,8,2,2,,25,25,1,22,9,121.5487802,25.03314134
111,8,21,21,5,2,04大安區,大安區信義路4段與敦化南路1段口,0,0,1,2,C03,7,3,5,50,4,1,1,5,4,5,7,2,1,1,1,1,2,15,1,24,2,9,1,1,7,9,1,10,2,11,,44,25,1,22,9,121.5487802,25.03314134
111,8,21,21,14,2,06松山區,松山區復興北路315號,0,0,1,1,C03,8,3,5,50,14,9,1,5,4,5,7,4,4,1,3,5,2,13,1,24,2,9,1,1,7,9,1,10,1,11,,23,23,1,22,9,121.5442788,25.05909472
111,8,21,21,14,2,06松山區,松山區復興北路315號,0,0,1,2,B03,8,3,5,50,14,9,1,5,4,5,7,4,4,1,3,5,2,13,1,71,3,10,1,1,7,6,1,8,1,7,,6,23,1,22,9,121.5442788,25.05909472
111,8,21,21,26,2,04大安區,大安區羅斯福路4段26號對面,0,0,1,1,C03,8,3,5,50,14,9,1,5,4,5,7,4,4,1,5,5,2,13,1,28,2,9,1,1,7,9,1,9,1,11,,16,16,1,22,9,121.5335365,25.0156936
111,8,21,21,26,2,04大安區,大安區羅斯福路4段26號對面,0,0,1,2,C03,8,3,5,50,14,9,1,5,4,5,7,4,4,1,5,5,2,13,1,36,3,10,1,1,7,9,1,9,1,13,,44,16,1,22,9,121.5335365,25.0156936
111,8,21,21,45,2,04大安區,大安區敦化南路1段233巷與忠孝東路4段146巷口,0,0,3,1,C03,7,3,5,30,4,1,1,5,4,5,7,4,4,10,5,5,2,15,2,22,2,9,1,1,7,9,1,10,1,11,,6,6,1,22,9,121.5496454,25.0404144
111,8,21,21,45,2,04大安區,大安區敦化南路1段233巷與忠孝東路4段146巷口,0,0,3,2,C03,7,3,5,30,4,1,1,5,4,5,7,4,4,10,5,5,2,15,1,27,2,9,1,1,7,9,1,10,1,12,,13,6,1,22,9,121.5496454,25.0404144
111,8,21,21,45,2,04大安區,大安區敦化南路1段233巷與忠孝東路4段146巷口,0,0,3,3,H01,7,3,5,30,4,1,1,5,4,5,7,4,4,10,5,5,2,15,2,19,2,9,4,5,8,16,8,20,10,16,,67,6,1,22,9,121.5496454,25.0404144
111,8,21,21,45,2,04大安區,大安區敦化南路1段233巷與忠孝東路4段146巷口,0,0,3,4,B03,7,3,5,30,4,1,1,5,4,5,7,4,4,10,5,5,2,15,4,,4,11,3,4,7,15,7,19,11,15,,38,6,2,22,9,121.5496454,25.0404144
111,8,21,21,45,2,04大安區,大安區敦化南路1段233巷與忠孝東路4段146巷口,0,0,3,5,B03,7,3,5,30,4,1,1,5,4,5,7,4,4,10,5,5,2,15,4,,4,11,3,4,7,15,7,19,11,15,,38,6,2,22,9,121.5496454,25.0404144
111,8,21,21,51,2,07信義區,信義區忠孝東路5段與中坡南路口,0,0,1,1,B03,8,3,5,50,4,1,1,5,4,5,7,1,1,9,4,5,2,11,1,54,3,10,1,1,7,5,1,8,2,2,,8,8,1,22,9,121.5820019,25.0441357
111,8,21,21,51,2,07信義區,信義區忠孝東路5段與中坡南路口,0,0,1,2,C03,8,3,5,50,4,1,1,5,4,5,7,1,1,9,4,5,2,11,1,28,2,9,1,1,7,9,1,10,2,11,,13,8,1,22,9,121.5820019,25.0441357
111,8,21,22,33,2,07信義區,信義區松山路292巷與虎林街口,0,0,1,1,C03,7,3,5,30,4,1,1,5,4,5,7,4,4,4,5,5,1,15,1,36,2,9,1,1,7,9,1,10,1,12,,6,6,1,22,9,121.5771692,25.0432747
111,8,21,22,33,2,07信義區,信義區松山路292巷與虎林街口,0,0,1,2,B01,7,3,5,30,4,1,1,5,4,5,7,4,4,4,5,5,1,15,1,60,3,10,3,4,7,9,1,4,1,1,,6,6,1,22,9,121.5771692,25.0432747
111,8,21,22,37,2,09北投區,北投區竹子湖路165號燈桿前,0,0,1,1,C03,8,3,5,40,12,9,1,5,4,5,7,4,4,9,4,5,2,18,1,19,2,1,3,4,7,9,1,10,9,14,,13,13,1,22,9,121.5570097,25.17758
111,8,21,22,37,2,09北投區,北投區竹子湖路165號燈桿前,0,0,1,2,,8,3,5,40,12,9,1,5,4,5,7,4,4,9,4,5,2,18,3,,,,,,,,,,,,,67,13,1,,,121.5570097,25.17758
111,8,22,0,56,2,09北投區,北投區大度路3段與立德路口,0,0,1,1,C03,8,3,5,50,3,1,1,5,4,5,7,1,1,1,4,5,2,29,2,25,2,9,1,1,7,15,1,10,11,14,,13,13,1,22,9,121.4715061,25.1226778