發生年度,發生月,發生日,發生時-Hours,發生分,處理別-編號,區序,肇事地點,死亡人數,2-30日死亡人數,受傷人數,當事人序號,車種,天候,光線,道路類別,速限-速度限制,道路型態,事故位置,路面狀況1,路面狀況2,路面狀況3,道路障礙1,道路障礙2,號誌1,號誌2,車道劃分-分向,車道劃分-分道1,車道劃分-分道2,車道劃分-分道3,事故類型及型態,性別,年齡,受傷程度,主要傷處,安全帽,行動電話,車輛用途,當事者行動狀態,駕駛資格情形,駕駛執照種類,飲酒情形,車輛撞擊部位1,車輛撞擊部位2,肇因碼-個別,肇因碼-主要,個人肇逃否,職業,旅次目的,座標-X,座標-Y
111,8,22,0,56,2,09北投區,北投區大度路3段與立德路口,0,0,1,2,,8,3,5,50,3,1,1,5,4,5,7,1,1,1,4,5,2,29,3,,,,,,,,,,,,,67,13,1,,,121.4715061,25.1226778
111,8,22,5,28,2,04大安區,大安區市民大道4段與敦化南路1段口,0,0,1,1,B01,8,1,5,50,4,1,1,5,4,5,7,2,1,1,3,1,2,16,1,59,3,10,1,1,7,6,1,4,1,3,,9,9,1,22,9,121.5486024,25.04473473
111,8,22,5,28,2,04大安區,大安區市民大道4段與敦化南路1段口,0,0,1,2,C03,8,1,5,50,4,1,1,5,4,5,7,2,1,1,3,1,2,16,2,61,2,9,1,1,7,9,1,10,1,11,,16,9,1,22,9,121.5486024,25.04473473
111,8,22,7,2,2,04大安區,大安區忠孝東路3段與建國南路1段口,0,0,1,1,C03,8,1,5,50,4,1,1,5,4,5,7,1,1,10,3,5,2,12,1,21,3,10,1,1,7,6,1,10,1,12,,9,9,1,22,9,121.5366872,25.0419469
111,8,22,7,2,2,04大安區,大安區忠孝東路3段與建國南路1段口,0,0,1,2,C03,8,1,5,50,4,1,1,5,4,5,7,1,1,10,3,5,2,12,2,58,2,9,1,1,7,9,1,10,1,14,,44,9,1,22,9,121.5366872,25.0419469
111,8,22,7,16,2,04大安區,大安區辛亥路3段157巷與芳蘭路口,0,0,1,1,C01,8,2,5,50,4,1,1,5,4,5,7,1,1,10,5,3,1,16,1,74,3,10,1,1,7,5,1,9,1,12,,9,9,1,22,9,121.549185,25.0170237
111,8,22,7,16,2,04大安區,大安區辛亥路3段157巷與芳蘭路口,0,0,1,2,C03,8,2,5,50,4,1,1,5,4,5,7,1,1,10,5,3,1,16,1,34,2,9,1,1,7,9,1,10,1,11,,44,9,1,22,9,121.549185,25.0170237
111,8,22,7,18,2,05中正區,中正區三元街與寧波西街口,0,0,1,1,C03,8,1,5,50,14,9,1,5,4,5,7,1,1,3,4,5,2,16,1,45,3,10,1,1,7,9,1,10,2,11,,42,42,1,22,9,121.511388,25.0280052
111,8,22,7,18,2,05中正區,中正區三元街與寧波西街口,0,0,1,2,F01,8,1,5,50,14,9,1,5,4,5,7,1,1,3,4,5,2,16,1,83,2,9,1,1,7,9,8,20,2,16,,42,42,1,22,9,121.511388,25.0280052
111,8,22,7,48,2,04大安區,大安區市民大道3段290號,0,0,2,1,C03,8,1,5,40,14,9,1,5,4,5,7,4,4,1,4,5,2,12,2,38,2,9,1,1,7,9,1,10,2,11,,44,44,1,21,8,121.5431398,25.04466095
111,8,22,7,48,2,04大安區,大安區市民大道3段290號,0,0,2,2,C03,8,1,5,40,14,9,1,5,4,5,7,4,4,1,4,5,2,12,1,69,2,9,1,1,7,5,1,10,2,13,,8,44,1,21,8,121.5431398,25.04466095
111,8,22,7,48,2,04大安區,大安區市民大道3段290號,0,0,2,3,,8,1,5,40,14,9,1,5,4,5,7,4,4,1,4,5,2,12,3,,,,,,,,,,9,,,67,44,,,,121.5431398,25.04466095
111,8,22,7,50,2,10文山區,文山區萬芳路3號,0,0,1,1,C03,8,1,5,30,3,1,1,5,4,5,7,4,4,5,4,5,2,16,1,18,4,11,1,1,7,5,1,10,1,14,,6,6,1,22,9,121.5710081,24.99527023
111,8,22,7,50,2,10文山區,文山區萬芳路3號,0,0,1,2,C03,8,1,5,30,3,1,1,5,4,5,7,4,4,5,4,5,2,16,1,47,2,9,1,1,7,9,1,10,1,11,,44,6,1,22,9,121.5710081,24.99527023
111,8,22,8,2,2,12內湖區,內湖區民權大橋西向東,0,0,3,1,C03,8,1,5,40,14,11,1,5,4,5,7,4,4,2,4,4,2,13,2,42,2,9,1,1,7,9,1,10,1,12,,43,43,1,22,9,121.5693828,25.0637745
111,8,22,8,2,2,12內湖區,內湖區民權大橋西向東,0,0,3,2,C03,8,1,5,40,14,11,1,5,4,5,7,4,4,2,4,4,2,13,1,33,2,9,1,1,7,12,1,10,1,13,,43,43,1,22,9,121.5693828,25.0637745
111,8,22,8,2,2,12內湖區,內湖區民權大橋西向東,0,0,3,3,C03,8,1,5,40,14,11,1,5,4,5,7,4,4,2,4,4,2,13,2,22,2,9,1,1,7,9,1,10,1,11,,43,43,1,22,9,121.5693828,25.0637745
111,8,22,8,2,2,12內湖區,內湖區民權大橋西向東,0,0,3,4,,8,1,5,40,14,11,1,5,4,5,7,4,4,2,4,4,2,13,4,,4,11,3,4,7,15,7,19,11,15,,43,43,2,22,9,121.5693828,25.0637745
111,8,22,8,17,2,08士林區,士林區中山北路5段423燈桿,0,0,2,1,C03,8,1,5,50,14,9,1,5,4,1,7,4,4,4,3,5,1,17,2,31,2,9,1,1,7,9,1,10,2,11,,23,23,1,22,9,121.5273686,25.08806648
111,8,22,8,17,2,08士林區,士林區中山北路5段423燈桿,0,0,2,2,C03,8,1,5,50,14,9,1,5,4,1,7,4,4,4,3,5,1,17,1,40,3,10,1,1,7,9,1,10,2,11,,23,23,1,22,9,121.5273686,25.08806648
111,8,22,8,17,2,08士林區,士林區中山北路5段423燈桿,0,0,2,3,B03,8,1,5,50,14,9,1,5,4,1,7,4,4,4,3,5,1,17,2,54,3,10,1,1,7,14,1,8,2,3,,44,23,1,22,9,121.5273686,25.08806648
111,8,22,8,17,2,08士林區,士林區中山北路5段423燈桿,0,0,2,4,C03,8,1,5,50,14,9,1,5,4,1,7,4,4,4,3,5,1,17,1,35,2,8,1,1,7,9,1,10,2,11,,23,23,1,22,9,121.5273686,25.08806648
111,8,22,8,17,2,08士林區,士林區中山北路5段423燈桿,0,0,2,5,,8,1,5,50,14,9,1,5,4,1,7,4,4,4,3,5,1,17,3,,,,,,,,,,,,,67,23,1,,,121.5273686,25.08806648
111,8,22,8,33,2,03中山區,中山區民族東路與林森北路口,0,0,1,1,B03,8,1,5,50,3,1,1,5,4,1,7,1,1,1,4,5,2,28,2,41,2,9,1,1,7,9,1,8,2,5,,23,23,1,22,9,121.5259179,25.06841338
111,8,22,8,33,2,03中山區,中山區民族東路與林森北路口,0,0,1,2,,8,1,5,50,3,1,1,5,4,1,7,1,1,1,4,5,2,28,3,,,,,,,,,,,,,67,23,1,,,121.5259179,25.06841338
111,8,22,8,33,2,03中山區,中山區民族東路與林森北路口,0,0,1,3,H02,8,1,5,50,3,1,1,5,4,1,7,1,1,1,4,5,2,28,2,30,3,10,4,5,7,21,8,20,10,16,,67,23,1,22,9,121.5259179,25.06841338
111,8,22,8,35,2,12內湖區,內湖區民權東路6段11巷與民權東路6段口,0,0,1,1,C03,8,1,5,50,4,1,1,5,4,5,7,1,1,5,1,5,2,12,1,28,2,9,1,1,7,6,1,10,1,12,,9,9,1,22,9,121.5783322,25.06686316
111,8,22,8,35,2,12內湖區,內湖區民權東路6段11巷與民權東路6段口,0,0,1,2,B03,8,1,5,50,4,1,1,5,4,5,7,1,1,5,1,5,2,12,1,38,3,10,1,1,7,6,1,8,1,8,,44,9,1,22,9,121.5783322,25.06686316
111,8,22,8,40,2,06松山區,松山區南京東路4段6號,0,0,2,1,B03,8,1,5,40,14,8,1,5,4,5,7,4,4,9,4,4,2,13,1,27,3,10,1,1,7,1,1,8,2,15,,19,19,1,22,9,121.5510575,25.05163024
111,8,22,8,40,2,06松山區,松山區南京東路4段6號,0,0,2,2,C03,8,1,5,40,14,8,1,5,4,5,7,4,4,9,4,4,2,13,2,25,2,9,1,1,7,9,1,10,2,11,,44,19,1,22,9,121.5510575,25.05163024
111,8,22,8,40,2,06松山區,松山區南京東路4段6號,0,0,2,3,C03,8,1,5,40,14,8,1,5,4,5,7,4,4,9,4,4,2,13,1,45,2,9,1,1,7,7,1,10,2,13,,7,19,1,22,9,121.5510575,25.05163024
111,8,22,8,42,2,04大安區,大安區復興南路2段與瑞安街口,0,0,1,1,C03,8,1,5,50,3,1,1,5,4,5,7,1,1,1,3,4,2,17,1,20,2,9,1,1,7,9,1,10,1,11,,23,23,1,22,9,121.5428473,25.03066082
111,8,22,8,42,2,04大安區,大安區復興南路2段與瑞安街口,0,0,1,2,C03,8,1,5,50,3,1,1,5,4,5,7,1,1,1,3,4,2,17,1,20,3,10,1,1,7,9,1,10,1,13,,44,23,1,22,9,121.5428473,25.03066082
111,8,22,8,42,2,04大安區,大安區復興南路2段與瑞安街口,0,0,1,3,C03,8,1,5,50,3,1,1,5,4,5,7,1,1,1,3,4,2,17,1,54,3,10,1,1,7,15,1,10,1,12,,44,23,1,22,9,121.5428473,25.03066082
111,8,22,8,43,2,04大安區,大安區復興南路2段與瑞安街口,0,0,1,1,C03,8,1,5,50,3,2,1,5,4,5,7,1,1,3,4,4,2,13,1,54,3,10,1,1,7,9,1,10,1,11,,23,23,1,22,9,121.5436368,25.02975595
111,8,22,8,43,2,04大安區,大安區復興南路2段與瑞安街口,0,0,1,2,C03,8,1,5,50,3,2,1,5,4,5,7,1,1,3,4,4,2,13,2,25,2,9,1,1,7,9,1,10,1,11,,23,23,1,22,9,121.5436368,25.02975595
111,8,22,8,43,2,04大安區,大安區復興南路2段與瑞安街口,0,0,1,3,C03,8,1,5,50,3,2,1,5,4,5,7,1,1,3,4,4,2,13,1,23,3,10,1,1,7,9,1,10,1,13,,44,23,1,22,9,121.5436368,25.02975595
111,8,22,8,48,2,08士林區,士林區中山北路5段與福國路口,0,0,3,1,B03,8,1,5,50,3,1,1,5,4,5,7,1,1,1,2,5,2,16,2,31,3,10,3,4,7,5,1,8,2,8,,25,25,1,22,9,121.5254778,25.10248552
111,8,22,8,48,2,08士林區,士林區中山北路5段與福國路口,0,0,3,2,B01,8,1,5,50,3,1,1,5,4,5,7,1,1,1,2,5,2,16,1,55,3,10,3,4,7,9,1,4,2,1,,44,25,1,22,9,121.5254778,25.10248552
111,8,22,8,48,2,08士林區,士林區中山北路5段與福國路口,0,0,3,3,B03,8,1,5,50,3,1,1,5,4,5,7,1,1,1,2,5,2,16,2,45,2,1,3,4,7,21,1,8,2,10,,44,25,1,22,9,121.5254778,25.10248552
111,8,22,8,48,2,08士林區,士林區中山北路5段與福國路口,0,0,3,4,H02,8,1,5,50,3,1,1,5,4,5,7,1,1,1,2,5,2,16,2,72,2,9,4,5,7,21,8,20,10,16,,67,25,1,22,9,121.5254778,25.10248552
111,8,22,8,48,2,08士林區,士林區中山北路5段與福國路口,0,0,3,5,H02,8,1,5,50,3,1,1,5,4,5,7,1,1,1,2,5,2,16,1,75,2,9,3,4,7,21,8,20,10,16,,67,25,1,22,9,121.5254778,25.10248552
111,8,22,8,55,2,03中山區,中山區明水路與樂群一路口,0,0,2,1,B03,8,1,5,50,14,9,1,5,4,5,7,1,1,1,3,5,1,16,2,24,3,10,3,4,7,7,1,8,1,8,,7,7,1,22,9,121.5503318,25.0772645
111,8,22,8,55,2,03中山區,中山區明水路與樂群一路口,0,0,2,2,C03,8,1,5,50,14,9,1,5,4,5,7,1,1,1,3,5,1,16,1,27,2,9,1,1,7,9,1,10,1,12,,44,7,1,22,9,121.5503318,25.0772645
111,8,22,8,55,2,03中山區,中山區明水路與樂群一路口,0,0,2,3,H02,8,1,5,50,14,9,1,5,4,5,7,1,1,1,3,5,1,16,1,25,2,9,1,5,7,20,8,20,10,16,,67,7,1,22,9,121.5503318,25.0772645
111,8,22,9,0,2,03中山區,中山區民生東路3段75號,0,0,2,1,C03,8,1,5,50,14,9,1,5,4,5,7,4,4,1,4,5,2,13,1,69,2,9,3,4,7,9,3,18,1,11,,23,23,1,22,9,121.5437282,25.05787402
111,8,22,9,0,2,03中山區,中山區民生東路3段75號,0,0,2,2,C03,8,1,5,50,14,9,1,5,4,5,7,4,4,1,4,5,2,13,1,32,3,10,3,4,7,14,1,10,1,13,,44,23,1,22,9,121.5437282,25.05787402
111,8,22,9,0,2,03中山區,中山區民生東路3段75號,0,0,2,3,C03,8,1,5,50,14,9,1,5,4,5,7,4,4,1,4,5,2,13,2,25,2,9,3,4,7,9,1,10,1,12,,44,23,1,22,9,121.5437282,25.05787402
111,8,22,9,6,2,12內湖區,內湖區康寧路1段與金湖路口,0,0,1,1,B03,8,1,5,50,3,1,1,5,4,5,7,2,1,1,4,4,2,16,1,49,3,10,3,4,7,11,1,8,2,4,,10,10,1,22,9,121.5952505,25.08155162
111,8,22,9,6,2,12內湖區,內湖區康寧路1段與金湖路口,0,0,1,2,C03,8,1,5,50,3,1,1,5,4,5,7,2,1,1,4,4,2,16,2,20,2,9,1,1,7,9,1,10,2,12,,44,10,1,22,9,121.5952505,25.08155162
111,8,22,9,10,2,04大安區,"大安區新生南路3段(南往北,臺大停車場出入口)",0,0,1,1,B03,8,1,5,50,14,9,1,5,4,5,7,4,4,1,4,4,2,16,2,61,3,10,1,1,7,6,1,8,1,2,,9,9,1,22,9,121.5338836,25.0190881
111,8,22,9,10,2,04大安區,"大安區新生南路3段(南往北,臺大停車場出入口)",0,0,1,2,C03,8,1,5,50,14,9,1,5,4,5,7,4,4,1,4,4,2,16,2,54,2,8,1,1,7,9,1,10,1,14,,44,9,1,22,9,121.5338836,25.0190881
111,8,22,9,10,2,12內湖區,內湖區金湖路與康寧路1段口,0,0,1,1,C03,8,1,5,40,14,8,1,5,4,5,7,4,4,1,5,4,1,13,1,67,2,9,1,1,7,9,1,10,2,11,,23,23,1,22,9,121.5997004,25.07877977
111,8,22,9,10,2,12內湖區,內湖區金湖路與康寧路1段口,0,0,1,2,B03,8,1,5,40,14,8,1,5,4,5,7,4,4,1,5,4,1,13,1,49,3,10,1,1,7,14,1,8,2,7,,44,23,1,22,9,121.5997004,25.07877977
111,8,22,9,25,2,02萬華區,萬華區艋舺大道與西園路2段140巷口,0,0,2,1,C03,8,1,5,50,4,2,1,5,4,3,7,2,1,1,5,5,2,1,1,40,2,9,1,1,7,9,1,10,1,11,,23,23,1,22,9,121.4950631,25.03155409
111,8,22,9,25,2,02萬華區,萬華區艋舺大道與西園路2段140巷口,0,0,2,2,H01,8,1,5,50,4,2,1,5,4,3,7,2,1,1,5,5,2,1,1,92,2,9,4,5,8,16,8,20,1,16,,60,23,1,22,9,121.4950631,25.03155409
111,8,22,9,25,2,02萬華區,萬華區艋舺大道與西園路2段140巷口,0,0,2,3,B12,8,1,5,50,4,2,1,5,4,3,7,2,1,1,5,5,2,1,1,41,3,10,3,4,7,13,1,8,9,15,,26,23,1,22,9,121.4950631,25.03155409
111,8,22,9,25,2,06松山區,松山區敦化南路1段與八德路3段口,0,0,2,1,C03,8,1,5,50,14,8,1,5,4,5,7,1,1,1,4,1,1,13,1,40,2,9,1,1,7,9,1,10,1,11,,23,23,1,22,9,121.5491775,25.04809298
111,8,22,9,25,2,06松山區,松山區敦化南路1段與八德路3段口,0,0,2,2,C03,8,1,5,50,14,8,1,5,4,5,7,1,1,1,4,1,1,13,1,27,2,9,1,1,7,12,1,10,1,13,,44,23,1,22,9,121.5491775,25.04809298
111,8,22,9,25,2,06松山區,松山區敦化南路1段與八德路3段口,0,0,2,3,A02,8,1,5,50,14,8,1,5,4,5,7,1,1,1,4,1,1,13,1,53,4,11,3,4,7,15,7,19,11,15,,44,23,2,22,9,121.5491775,25.04809298
111,8,22,9,27,2,06松山區,松山區南京東路5段212號與南京東路5段口,0,0,1,1,C03,8,1,5,50,3,2,1,5,4,5,7,1,1,8,3,4,1,16,2,60,2,9,3,1,7,1,1,10,1,14,,43,43,1,22,9,121.5651996,25.0512687
111,8,22,9,27,2,06松山區,松山區南京東路5段212號與南京東路5段口,0,0,1,2,C03,8,1,5,50,3,2,1,5,4,5,7,1,1,8,3,4,1,16,1,20,3,10,3,1,7,9,3,18,1,12,,43,43,1,22,9,121.5651996,25.0512687
111,8,22,9,35,2,07信義區,信義區吳興街260巷與吳興街口,0,0,1,1,B01,8,1,5,30,4,2,1,5,4,5,7,4,4,9,4,5,2,3,1,66,3,10,1,1,7,9,1,8,1,1,,43,43,1,22,9,121.5639417,25.0267252
111,8,22,9,35,2,07信義區,信義區吳興街260巷與吳興街口,0,0,1,2,H01,8,1,5,30,4,2,1,5,4,5,7,4,4,9,4,5,2,3,1,72,2,9,4,5,8,16,8,20,10,16,,67,43,1,22,9,121.5639417,25.0267252
111,8,22,9,40,2,10文山區,文山區溪洲街220號,0,0,1,1,C03,8,1,5,30,14,9,1,5,4,5,7,4,4,10,5,5,2,12,2,55,2,7,1,4,7,7,1,10,2,14,,7,7,1,22,9,121.5354842,24.9991426
111,8,22,9,40,2,10文山區,文山區溪洲街220號,0,0,1,2,C03,8,1,5,30,14,9,1,5,4,5,7,4,4,10,5,5,2,12,1,42,3,10,1,4,7,9,1,10,2,11,,13,7,1,22,9,121.5354842,24.9991426
111,8,22,9,50,2,10文山區,文山區興隆路2段與景豐街口,0,0,1,1,C03,8,1,5,50,3,2,1,5,4,5,7,4,4,1,4,5,2,12,1,73,2,9,1,1,7,9,1,10,1,12,,23,23,1,22,9,121.5464117,24.9990971
111,8,22,9,50,2,10文山區,文山區興隆路2段與景豐街口,0,0,1,2,B03,8,1,5,50,3,2,1,5,4,5,7,4,4,1,4,5,2,12,2,36,3,10,1,1,7,14,1,8,1,6,,42,23,1,22,9,121.5464117,24.9990971
111,8,22,9,54,2,08士林區,士林區文林路與前街口,0,0,2,1,C03,8,1,5,50,4,1,1,5,4,5,7,2,1,4,3,4,1,16,1,55,2,7,1,1,7,5,1,10,2,12,,8,8,1,22,9,121.5240581,25.09731257
111,8,22,9,54,2,08士林區,士林區文林路與前街口,0,0,2,2,C03,8,1,5,50,4,1,1,5,4,5,7,2,1,4,3,4,1,16,1,21,2,8,1,1,7,9,1,10,2,11,,13,8,1,22,9,121.5240581,25.09731257
111,8,22,9,59,2,04大安區,大安區忠孝東路4段205巷與敦化南路1段161巷口,0,0,2,1,C03,8,1,5,30,4,1,1,5,4,5,7,4,4,10,5,5,2,15,1,19,2,9,1,1,7,9,1,10,1,11,,6,6,1,22,9,121.5519595,25.0434938
111,8,22,9,59,2,04大安區,大安區忠孝東路4段205巷與敦化南路1段161巷口,0,0,2,2,C04,8,1,5,30,4,1,1,5,4,5,7,4,4,10,5,5,2,15,1,87,2,1,1,1,7,9,1,10,1,12,,14,6,1,22,9,121.5519595,25.0434938
111,8,22,10,0,2,02萬華區,萬華區中華路2段322號,0,0,1,1,B03,8,1,5,40,14,9,1,5,4,5,7,4,4,9,4,5,2,17,1,62,3,10,1,1,7,13,1,4,9,4,,40,40,2,22,9,121.5041477,25.02988714
111,8,22,10,0,2,02萬華區,萬華區中華路2段322號,0,0,1,2,C04,8,1,5,40,14,9,1,5,4,5,7,4,4,9,4,5,2,17,2,44,2,9,1,1,7,9,1,4,9,15,,44,40,1,22,9,121.5041477,25.02988714
111,8,22,10,13,2,03中山區,中山區長春路與復興北路口,0,0,3,1,C03,8,1,5,50,4,1,1,5,4,5,7,1,1,10,4,5,2,16,1,32,2,9,1,4,7,15,1,10,2,12,,25,25,1,22,9,121.5440316,25.0545442
111,8,22,10,13,2,03中山區,中山區長春路與復興北路口,0,0,3,2,C03,8,1,5,50,4,1,1,5,4,5,7,1,1,10,4,5,2,16,2,42,2,9,1,4,7,9,4,11,2,11,,23,25,1,22,9,121.5440316,25.0545442
111,8,22,10,13,2,03中山區,中山區長春路與復興北路口,0,0,3,3,H02,8,1,5,50,4,1,1,5,4,5,7,1,1,10,4,5,2,16,2,23,2,6,1,5,7,20,8,20,10,16,,67,25,1,22,9,121.5440316,25.0545442
111,8,22,10,24,2,05中正區,中正區寧波西街98號,0,0,1,1,C04,8,1,5,50,14,9,1,5,4,5,7,4,4,9,4,5,2,12,1,87,2,9,1,1,7,7,1,8,1,14,,7,7,1,22,9,121.5145959,25.0295577
111,8,22,10,24,2,05中正區,中正區寧波西街98號,0,0,1,2,C03,8,1,5,50,14,9,1,5,4,5,7,4,4,9,4,5,2,12,1,57,3,10,1,1,7,9,1,10,1,11,,44,7,1,22,9,121.5145959,25.0295577
111,8,22,10,39,2,01大同區,大同區重慶北路2段與蘭州街口,0,0,1,1,F02,8,1,5,50,3,1,1,5,4,5,7,4,4,5,4,5,2,17,1,63,2,9,1,1,7,6,8,20,5,16,,6,6,1,22,9,121.5136591,25.06182502
111,8,22,10,39,2,01大同區,大同區重慶北路2段與蘭州街口,0,0,1,2,B03,8,1,5,50,3,1,1,5,4,5,7,4,4,5,4,5,2,17,1,72,3,10,1,1,7,9,1,8,2,2,,44,6,1,22,9,121.5136591,25.06182502
111,8,22,11,0,2,10文山區,文山區木新路2段3號前,0,0,2,1,C03,8,1,5,50,14,9,1,5,4,5,7,2,1,5,4,5,2,13,2,36,2,9,1,1,7,9,1,10,1,11,,42,42,1,22,9,121.5707293,24.9875153
111,8,22,11,0,2,10文山區,文山區木新路2段3號前,0,0,2,2,B12,8,1,5,50,14,9,1,5,4,5,7,2,1,5,4,5,2,13,2,62,3,10,1,1,7,14,1,8,1,6,,44,42,1,21,1,121.5707293,24.9875153
111,8,22,11,0,2,10文山區,文山區木新路2段3號前,0,0,2,4,H02,8,1,5,50,14,9,1,5,4,5,7,2,1,5,4,5,2,13,2,7,2,9,1,5,7,17,8,20,10,16,,67,42,1,14,9,121.5707293,24.9875153
111,8,22,11,0,2,10文山區,文山區木新路2段3號前,0,0,2,3,C03,8,1,5,50,14,9,1,5,4,5,7,2,1,5,4,5,2,13,1,34,3,10,1,1,7,14,1,10,1,13,,44,42,1,21,1,121.5707293,24.9875153
111,8,22,11,10,2,02萬華區,萬華區忠孝西路2段與西寧南路口,0,0,1,1,C03,8,1,5,40,4,1,1,5,4,5,7,1,1,1,4,4,1,16,1,53,2,9,1,1,7,6,1,10,2,12,,9,9,1,22,9,121.5074345,25.04862259
111,8,22,11,10,2,02萬華區,萬華區忠孝西路2段與西寧南路口,0,0,1,2,B03,8,1,5,40,4,1,1,5,4,5,7,1,1,1,4,4,1,16,2,32,3,10,1,1,7,9,1,8,2,8,,44,9,1,22,9,121.5074345,25.04862259
111,8,22,11,35,2,08士林區,士林區中山北路7段20號,0,0,1,1,B03,8,1,5,50,14,9,1,5,4,5,7,4,4,1,4,5,2,17,2,71,3,10,1,1,7,1,1,8,1,4,,43,43,1,22,9,121.530767,25.11933725
111,8,22,11,35,2,08士林區,士林區中山北路7段20號,0,0,1,2,C03,8,1,5,50,14,9,1,5,4,5,7,4,4,1,4,5,2,17,1,45,2,7,1,1,7,9,1,10,1,12,,43,43,1,22,9,121.530767,25.11933725
111,8,22,11,50,2,01大同區,大同區承德路3段63號,0,0,1,1,B01,8,1,5,50,14,9,1,5,4,5,7,4,4,9,4,5,2,17,1,53,3,10,1,1,7,1,1,4,1,4,,19,19,1,22,9,121.5184303,25.065409
111,8,22,11,50,2,01大同區,大同區承德路3段63號,0,0,1,2,C03,8,1,5,50,14,9,1,5,4,5,7,4,4,9,4,5,2,17,2,35,2,9,1,1,7,9,1,10,1,14,,13,19,1,22,9,121.5184303,25.065409
111,8,22,12,0,2,05中正區,中正區徐州路5號,0,0,1,1,C03,8,1,5,50,14,9,1,5,4,5,7,4,4,8,4,4,2,13,1,40,2,9,2,2,7,9,1,10,2,11,,23,23,1,22,9,121.5194259,25.04168705
111,8,22,12,0,2,05中正區,中正區徐州路5號,0,0,1,2,B03,8,1,5,50,14,9,1,5,4,5,7,4,4,8,4,4,2,13,2,57,3,10,1,1,7,14,1,8,2,3,,44,23,1,22,9,121.5194259,25.04168705
111,8,22,12,11,2,11南港區,南港區富康街47巷16號對面,0,0,1,1,B03,8,1,5,30,14,9,1,5,4,5,7,4,4,10,5,5,2,16,1,19,3,10,1,1,7,14,1,8,9,4,,40,40,1,22,9,121.6179042,25.05296643
111,8,22,12,11,2,11南港區,南港區富康街47巷16號對面,0,0,1,2,F01,8,1,5,30,14,9,1,5,4,5,7,4,4,10,5,5,2,16,2,20,2,7,1,1,7,9,8,20,1,16,,44,40,1,22,9,121.6179042,25.05296643
111,8,22,12,15,2,04大安區,大安區臥龍街與臥龍街188巷口,0,0,1,1,C04,8,1,5,30,5,1,1,5,4,5,7,1,1,10,5,5,2,18,1,20,2,9,1,1,7,12,1,10,9,15,,42,42,1,22,9,121.5509547,25.0183731
111,8,22,12,15,2,04大安區,大安區臥龍街與臥龍街188巷口,0,0,1,2,,8,1,5,30,5,1,1,5,4,5,7,1,1,10,5,5,2,18,3,,,,,,,,,,,,,67,42,1,,,121.5509547,25.0183731
111,8,22,12,17,2,12內湖區,內湖區安泰街與安泰街68巷口,0,0,2,1,C03,8,1,5,30,4,1,1,5,4,5,7,4,4,10,5,5,2,16,1,20,2,9,1,1,7,9,1,9,1,11,,6,6,1,22,9,121.6168417,25.07558331
111,8,22,12,17,2,12內湖區,內湖區安泰街與安泰街68巷口,0,0,2,2,C03,8,1,5,30,4,1,1,5,4,5,7,4,4,10,5,5,2,16,2,69,2,9,1,1,7,9,1,10,1,12,,14,6,1,22,9,121.6168417,25.07558331
111,8,22,12,17,2,12內湖區,內湖區安泰街與安泰街68巷口,0,0,2,3,B03,8,1,5,30,4,1,1,5,4,5,7,4,4,10,5,5,2,16,1,54,3,10,3,1,7,13,1,8,11,8,,44,6,1,22,9,121.6168417,25.07558331
111,8,22,12,26,2,06松山區,松山區麥帥一橋機車道(燈桿305號旁),0,0,1,1,C03,8,1,5,40,14,11,1,5,4,5,7,4,4,9,5,5,2,13,2,24,2,9,3,4,7,15,1,10,1,12,,16,16,1,22,9,121.5691358,25.05115488
111,8,22,12,26,2,06松山區,松山區麥帥一橋機車道(燈桿305號旁),0,0,1,2,C03,8,1,5,40,14,11,1,5,4,5,7,4,4,9,5,5,2,13,1,27,3,10,3,4,7,15,1,10,1,14,,44,16,1,22,9,121.5691358,25.05115488
111,8,22,12,27,2,05中正區,中正區襄陽路與懷寧街口,0,0,1,1,B01,8,1,5,50,4,1,1,5,4,5,7,2,1,5,4,5,2,15,1,60,3,10,1,1,7,5,1,4,2,1,,6,6,1,22,9,121.5140726,25.04343318
111,8,22,12,27,2,05中正區,中正區襄陽路與懷寧街口,0,0,1,2,C03,8,1,5,50,4,1,1,5,4,5,7,2,1,5,4,5,2,15,1,34,2,9,1,1,7,9,1,10,2,14,,23,6,1,22,9,121.5140726,25.04343318
111,8,22,12,38,2,03中山區,中山區中山北路2段50巷35號,0,0,1,1,C03,8,1,5,30,14,9,1,5,4,5,7,4,4,10,5,5,2,13,1,50,2,9,1,1,7,9,1,10,1,11,,16,16,1,22,9,121.5212774,25.05625
111,8,22,12,38,2,03中山區,中山區中山北路2段50巷35號,0,0,1,2,B01,8,1,5,30,14,9,1,5,4,5,7,4,4,10,5,5,2,13,1,66,3,10,1,1,7,9,1,4,1,7,,44,16,1,22,9,121.5212774,25.05625
111,8,22,12,40,2,06松山區,松山區健康路438號,0,0,1,1,C03,8,1,5,50,14,9,1,5,4,5,7,4,4,1,4,5,2,12,1,49,2,9,1,1,7,7,1,10,1,14,,7,7,1,22,9,121.5682994,25.05432118
111,8,22,12,40,2,06松山區,松山區健康路438號,0,0,1,2,B01,8,1,5,50,14,9,1,5,4,5,7,4,4,1,4,5,2,12,1,64,3,10,1,1,7,9,1,4,1,2,,44,7,1,22,9,121.5682994,25.05432118