發生年度,發生月,發生日,發生時-Hours,發生分,處理別-編號,區序,肇事地點,死亡人數,2-30日死亡人數,受傷人數,當事人序號,車種,天候,光線,道路類別,速限-速度限制,道路型態,事故位置,路面狀況1,路面狀況2,路面狀況3,道路障礙1,道路障礙2,號誌1,號誌2,車道劃分-分向,車道劃分-分道1,車道劃分-分道2,車道劃分-分道3,事故類型及型態,性別,年齡,受傷程度,主要傷處,安全帽,行動電話,車輛用途,當事者行動狀態,駕駛資格情形,駕駛執照種類,飲酒情形,車輛撞擊部位1,車輛撞擊部位2,肇因碼-個別,肇因碼-主要,個人肇逃否,職業,旅次目的,座標-X,座標-Y
111,8,22,13,0,2,09北投區,北投區光明路178號,0,0,2,1,C03,8,1,5,50,14,9,1,5,4,5,7,1,1,5,5,5,2,13,1,18,2,9,1,1,7,9,1,10,1,11,,23,23,1,22,9,121.5031678,25.1356743
111,8,22,13,0,2,09北投區,北投區光明路178號,0,0,2,2,B01,8,1,5,50,14,9,1,5,4,5,7,1,1,5,5,5,2,13,2,66,3,10,1,1,7,15,1,4,1,7,,44,23,1,22,9,121.5031678,25.1356743
111,8,22,13,0,2,09北投區,北投區光明路178號,0,0,2,3,H02,8,1,5,50,14,9,1,5,4,5,7,1,1,5,5,5,2,13,1,17,2,8,1,5,7,21,8,20,10,16,,67,23,1,22,9,121.5031678,25.1356743
111,8,22,13,15,2,03中山區,中山區新生北路1段76巷8號前,0,0,1,1,B01,8,1,5,30,14,9,1,5,4,5,7,4,4,10,5,5,2,16,1,69,3,10,3,4,7,14,1,4,1,2,,40,40,1,22,9,121.5299972,25.0470952
111,8,22,13,15,2,03中山區,中山區新生北路1段76巷8號前,0,0,1,3,H02,8,1,5,30,14,9,1,5,4,5,7,4,4,10,5,5,2,16,2,47,3,10,4,5,7,19,8,20,10,16,,56,40,1,22,9,121.5299972,25.0470952
111,8,22,13,15,2,03中山區,中山區新生北路1段76巷8號前,0,0,1,2,C03,8,1,5,30,14,9,1,5,4,5,7,4,4,10,5,5,2,16,1,22,2,9,3,4,7,9,1,10,1,14,,44,40,1,12,9,121.5299972,25.0470952
111,8,22,13,44,2,07信義區,信義區基隆路2段151-6號,0,0,1,1,C03,8,1,5,50,14,9,1,5,4,5,7,4,4,1,4,5,2,18,1,21,2,9,1,1,7,9,1,10,2,14,,42,42,1,22,9,121.5545978,25.02611639
111,8,22,13,44,2,07信義區,信義區基隆路2段151-6號,0,0,1,2,,8,1,5,50,14,9,1,5,4,5,7,4,4,1,4,5,2,18,3,,,,,,,,,,,,,67,42,1,,,121.5545978,25.02611639
111,8,22,13,54,2,09北投區,北投區建民路與建民路151巷口,0,0,2,1,C03,8,1,5,30,4,1,1,5,4,5,7,4,4,10,5,5,2,17,1,22,2,7,1,1,7,9,1,10,1,15,,6,6,1,22,9,121.5193013,25.1104469
111,8,22,13,54,2,09北投區,北投區建民路與建民路151巷口,0,0,2,2,C03,8,1,5,30,4,1,1,5,4,5,7,4,4,10,5,5,2,17,2,42,3,10,1,1,7,5,4,8,1,11,,8,6,1,22,9,121.5193013,25.1104469
111,8,22,13,54,2,09北投區,北投區建民路與建民路151巷口,0,0,2,3,H02,8,1,5,30,4,1,1,5,4,5,7,4,4,10,5,5,2,17,1,11,2,8,1,5,7,21,8,20,10,16,,67,6,1,22,9,121.5193013,25.1104469
111,8,22,14,10,2,12內湖區,內湖區民權東路6段與民權東路6段296巷口,0,0,1,1,B03,8,1,5,50,3,2,1,5,4,5,7,1,1,1,5,5,2,17,1,55,3,10,1,1,7,6,1,8,1,5,,9,9,1,22,9,121.6052571,25.07248804
111,8,22,14,10,2,12內湖區,內湖區民權東路6段與民權東路6段296巷口,0,0,1,2,C03,8,1,5,50,3,2,1,5,4,5,7,1,1,1,5,5,2,17,1,57,2,9,1,1,7,9,1,10,1,11,,44,9,1,22,9,121.6052571,25.07248804
111,8,22,14,28,2,08士林區,士林區通河街與通河街1巷口,0,0,2,1,C03,8,1,5,50,4,1,1,5,4,5,7,3,1,5,2,5,2,12,1,18,2,8,1,1,7,4,1,10,2,11,,4,4,1,22,9,121.5236994,25.07991563
111,8,22,14,28,2,08士林區,士林區通河街與通河街1巷口,0,0,2,2,C03,8,1,5,50,4,1,1,5,4,5,7,3,1,5,2,5,2,12,1,34,2,9,1,1,7,5,1,10,2,14,,44,4,1,22,9,121.5236994,25.07991563
111,8,22,14,29,2,03中山區,中山區市民大道3段與八德路2段300巷口,0,0,1,1,B01,8,1,5,40,4,1,1,5,4,5,7,4,4,10,4,5,2,12,1,57,3,10,1,4,7,6,1,4,1,5,,9,9,1,10,9,121.5428964,25.04492983
111,8,22,14,29,2,03中山區,中山區市民大道3段與八德路2段300巷口,0,0,1,2,C03,8,1,5,40,4,1,1,5,4,5,7,4,4,10,4,5,2,12,1,21,2,9,1,4,7,9,1,10,1,14,,23,9,1,22,9,121.5428964,25.04492983
111,8,22,14,54,2,09北投區,北投區石牌路1段與承德路7段口,0,0,1,1,B03,8,1,5,50,3,1,1,5,4,5,7,1,1,5,4,5,2,17,1,31,3,10,1,1,7,1,1,8,1,2,,19,19,1,22,9,121.5092288,25.1123224
111,8,22,14,54,2,09北投區,北投區石牌路1段與承德路7段口,0,0,1,2,C03,8,1,5,50,3,1,1,5,4,5,7,1,1,5,4,5,2,17,1,31,2,7,1,1,7,1,1,10,1,14,,23,19,1,22,9,121.5092288,25.1123224
111,8,22,15,10,2,09北投區,北投區奇岩路265號,0,0,1,1,B03,8,1,5,30,11,9,1,5,4,5,7,4,4,10,5,5,2,11,2,67,3,10,1,1,7,9,1,8,1,8,,5,5,1,22,9,121.5115197,25.12788511
111,8,22,15,10,2,09北投區,北投區奇岩路265號,0,0,1,2,C03,8,1,5,30,11,9,1,5,4,5,7,4,4,10,5,5,2,11,1,19,2,9,1,1,7,9,1,10,1,11,,5,5,1,22,9,121.5115197,25.12788511
111,8,22,16,11,2,02萬華區,萬華區西藏路與西藏路125巷口,0,0,1,1,H01,8,1,5,50,3,2,1,5,4,5,7,2,1,1,4,5,2,3,2,64,2,9,4,5,8,16,8,20,10,16,,51,51,1,22,9,121.5022151,25.02977241
111,8,22,16,11,2,02萬華區,萬華區西藏路與西藏路125巷口,0,0,1,2,B03,8,1,5,50,3,2,1,5,4,5,7,2,1,1,4,5,2,3,1,55,3,10,1,1,7,5,1,8,2,1,,15,51,1,22,9,121.5022151,25.02977241
111,8,22,16,16,2,09北投區,北投區承德路6段359-1號,0,0,3,1,C04,8,1,8,60,15,11,1,5,4,5,7,4,4,2,3,2,1,17,2,17,2,9,1,1,7,9,2,18,1,15,,23,23,1,22,9,121.5111625,25.1072209
111,8,22,16,16,2,09北投區,北投區承德路6段359-1號,0,0,3,2,C03,8,1,8,60,15,11,1,5,4,5,7,4,4,2,3,2,1,17,2,27,2,9,1,4,7,9,1,10,1,15,,44,23,1,22,9,121.5111625,25.1072209
111,8,22,16,16,2,09北投區,北投區承德路6段359-1號,0,0,3,3,H02,8,1,8,60,15,11,1,5,4,5,7,4,4,2,3,2,1,17,2,17,2,9,1,1,7,21,8,20,1,16,,67,23,1,22,9,121.5111625,25.1072209
111,8,22,16,23,2,02萬華區,萬華區環河南路2段130巷與桂林路244巷口,0,0,1,1,B03,8,1,5,30,4,1,1,5,4,3,5,4,4,10,5,5,2,15,1,25,3,10,1,4,7,9,1,8,1,5,,6,6,1,22,9,121.4937803,25.03717789
111,8,22,16,23,2,02萬華區,萬華區環河南路2段130巷與桂林路244巷口,0,0,1,2,C03,8,1,5,30,4,1,1,5,4,3,5,4,4,10,5,5,2,15,2,42,2,9,1,4,7,9,4,11,1,11,,13,6,1,22,9,121.4937803,25.03717789
111,8,22,16,23,2,02萬華區,萬華區環河南路2段130巷與桂林路244巷口,0,0,1,3,B03,8,1,5,30,4,1,1,5,4,3,5,4,4,10,5,5,2,15,1,47,4,11,3,4,7,13,7,19,11,15,,38,6,2,22,9,121.4937803,25.03717789
111,8,22,16,45,2,03中山區,中山區民權東路2段與松江路口,0,0,1,1,C03,8,1,5,50,4,2,1,5,4,5,7,1,1,1,4,5,2,16,1,39,3,10,1,2,7,8,1,10,1,12,,7,7,1,22,9,121.5331522,25.0626146
111,8,22,16,45,2,03中山區,中山區民權東路2段與松江路口,0,0,1,2,C03,8,1,5,50,4,2,1,5,4,5,7,1,1,1,4,5,2,16,1,32,2,8,1,1,7,9,1,10,1,14,,26,7,1,22,9,121.5331522,25.0626146
111,8,22,16,58,2,05中正區,中正區重慶南路1段與貴陽街1段口,0,0,1,1,C03,8,1,5,50,4,2,1,5,4,5,7,3,1,9,4,5,2,13,1,32,3,10,1,1,7,9,1,10,1,11,,16,16,1,22,9,121.5127713,25.0389526
111,8,22,16,58,2,05中正區,中正區重慶南路1段與貴陽街1段口,0,0,1,2,C03,8,1,5,50,4,2,1,5,4,5,7,3,1,9,4,5,2,13,1,36,2,9,1,1,7,15,1,10,1,13,,13,16,1,22,9,121.5127713,25.0389526
111,8,22,17,0,2,01大同區,大同區台北橋機慢車道往三重(東往西),0,0,1,1,C03,8,1,5,50,15,12,1,5,4,5,7,4,4,1,4,5,2,13,1,67,3,10,1,1,7,9,1,10,1,13,,44,44,1,22,9,121.5085402,25.06352421
111,8,22,17,0,2,01大同區,大同區台北橋機慢車道往三重(東往西),0,0,1,2,C03,8,1,5,50,15,12,1,5,4,5,7,4,4,1,4,5,2,13,1,28,2,9,1,1,7,9,1,10,1,11,,16,44,1,22,9,121.5085402,25.06352421
111,8,22,17,0,2,03中山區,中山區中山北路4段與北安路口,0,0,1,1,B01,8,1,5,50,5,1,1,5,4,5,7,2,1,1,4,5,2,12,1,46,3,10,3,4,7,15,1,4,1,2,,17,17,1,22,9,121.5270508,25.07663587
111,8,22,17,0,2,03中山區,中山區中山北路4段與北安路口,0,0,1,2,C03,8,1,5,50,5,1,1,5,4,5,7,2,1,1,4,5,2,12,1,33,2,7,3,4,7,15,1,10,1,14,,44,17,1,22,9,121.5270508,25.07663587
111,8,22,17,1,2,06松山區,松山區市民大道4段173號,0,0,1,1,C03,8,1,5,40,15,9,1,5,4,5,7,4,4,1,4,5,2,13,1,29,2,7,1,1,7,9,1,10,1,11,,16,16,1,22,9,121.5515953,25.04468305
111,8,22,17,1,2,06松山區,松山區市民大道4段173號,0,0,1,2,B03,8,1,5,40,15,9,1,5,4,5,7,4,4,1,4,5,2,13,2,30,3,10,1,4,7,10,1,8,9,15,,6,16,1,22,9,121.5515953,25.04468305
111,8,22,17,1,2,06松山區,松山區市民大道4段173號,0,0,1,3,B03,8,1,5,40,15,9,1,5,4,5,7,4,4,1,4,5,2,13,1,37,3,10,1,4,7,9,1,8,1,6,,13,16,1,22,9,121.5515953,25.04468305
111,8,22,17,2,2,02萬華區,萬華區西寧南路225號,0,0,2,2,C03,8,1,5,50,14,9,1,5,4,5,7,4,4,10,4,5,2,12,1,19,2,9,1,4,7,9,5,10,2,14,,23,7,1,22,9,121.5061177,25.04044397
111,8,22,17,2,2,02萬華區,萬華區西寧南路225號,0,0,2,1,F01,8,1,5,50,14,9,1,5,4,5,7,4,4,10,4,5,2,12,1,62,2,9,1,1,7,7,8,20,2,16,,7,7,1,22,9,121.5061177,25.04044397
111,8,22,17,10,2,12內湖區,內湖區民權東路6段180巷21弄與民權東路6段190巷口,0,0,1,1,C03,8,1,5,30,4,1,1,5,4,5,7,4,4,5,5,5,2,16,1,31,2,8,1,1,7,9,1,10,1,12,,6,6,1,22,9,121.5943691,25.06807305
111,8,22,17,10,2,12內湖區,內湖區民權東路6段180巷21弄與民權東路6段190巷口,0,0,1,2,B11,8,1,5,30,4,1,1,5,4,5,7,4,4,5,5,5,2,16,1,31,3,10,1,1,7,9,1,4,1,1,,44,6,1,22,9,121.5943691,25.06807305
111,8,22,17,15,2,09北投區,北投區北投路2段9號前,0,0,1,1,B03,8,1,5,50,14,8,1,5,4,5,7,4,4,5,4,4,2,16,2,46,3,10,1,1,7,5,1,8,1,5,,8,8,1,22,9,121.4991636,25.13068213
111,8,22,17,15,2,09北投區,北投區北投路2段9號前,0,0,1,2,C03,8,1,5,50,14,8,1,5,4,5,7,4,4,5,4,4,2,16,2,43,2,9,1,1,7,9,1,10,1,11,,44,8,1,22,9,121.4991636,25.13068213
111,8,22,17,15,2,09北投區,北投區北投路2段9號前,0,0,1,3,H02,8,1,5,50,14,8,1,5,4,5,7,4,4,5,4,4,2,16,1,4,4,11,4,5,7,20,8,20,10,16,,67,8,1,22,9,121.4991636,25.13068213
111,8,22,17,27,2,03中山區,中山區林森北路與中山北路2段65巷2弄口,0,0,2,1,C03,7,1,5,50,4,1,1,5,4,5,7,4,4,9,5,5,2,12,1,43,2,9,1,4,7,5,1,10,1,14,,8,8,1,22,9,121.5255021,25.05656005
111,8,22,17,27,2,03中山區,中山區林森北路與中山北路2段65巷2弄口,0,0,2,2,C03,7,1,5,50,4,1,1,5,4,5,7,4,4,9,5,5,2,12,2,26,2,9,1,4,7,9,1,10,1,11,,23,8,1,22,9,121.5255021,25.05656005
111,8,22,17,36,2,05中正區,中正區仁愛路1段與林森南路口,0,0,1,1,B03,8,1,5,50,4,1,1,5,4,5,7,1,1,8,4,4,2,15,1,62,3,10,1,1,7,9,1,8,2,8,,25,25,1,22,9,121.5215296,25.03865997
111,8,22,17,36,2,05中正區,中正區仁愛路1段與林森南路口,0,0,1,2,C03,8,1,5,50,4,1,1,5,4,5,7,1,1,8,4,4,2,15,1,63,2,9,1,1,7,9,1,10,2,14,,44,25,1,22,9,121.5215296,25.03865997
111,8,22,17,57,2,07信義區,信義區基隆路2段179號,0,0,1,1,B03,8,3,5,50,14,9,1,5,4,5,7,4,4,1,4,5,2,12,1,42,3,10,1,1,7,6,1,8,1,5,,9,9,1,22,9,121.5537882,25.0250727
111,8,22,17,57,2,07信義區,信義區基隆路2段179號,0,0,1,2,C03,8,3,5,50,14,9,1,5,4,5,7,4,4,1,4,5,2,12,1,43,2,8,1,1,7,9,1,10,1,15,,23,9,1,22,9,121.5537882,25.0250727
111,8,22,18,0,2,11南港區,南港區舊莊街1段151號,0,0,2,1,C03,8,3,5,50,14,9,1,5,4,5,7,4,4,5,4,5,2,16,1,23,2,7,1,1,7,9,1,10,2,11,,16,16,1,21,8,121.6205339,25.03971344
111,8,22,18,0,2,11南港區,南港區舊莊街1段151號,0,0,2,2,C03,8,3,5,50,14,9,1,5,4,5,7,4,4,5,4,5,2,16,2,59,3,10,1,1,7,9,1,10,2,13,,44,16,1,21,8,121.6205339,25.03971344
111,8,22,18,0,2,11南港區,南港區舊莊街1段151號,0,0,2,3,H02,8,3,5,50,14,9,1,5,4,5,7,4,4,5,4,5,2,16,2,4,2,7,1,5,7,20,8,20,10,16,,67,16,1,21,8,121.6205339,25.03971344
111,8,22,18,3,2,05中正區,中正區紹興南街與濟南路1段口,0,0,2,1,C03,8,1,5,50,4,1,1,5,4,5,7,2,1,9,4,5,2,11,2,30,2,8,1,1,7,5,1,10,1,11,,8,8,1,22,1,121.5244093,25.0419892
111,8,22,18,3,2,05中正區,中正區紹興南街與濟南路1段口,0,0,2,2,C03,8,1,5,50,4,1,1,5,4,5,7,2,1,9,4,5,2,11,2,39,2,9,1,1,7,9,1,10,1,11,,23,8,1,22,1,121.5244093,25.0419892
111,8,22,18,21,2,04大安區,大安區建國南路1段206號,0,0,2,1,C03,7,1,5,50,14,9,1,5,4,5,7,4,4,1,4,5,2,16,1,38,2,8,3,4,7,7,1,10,1,14,,6,6,1,22,9,121.5375263,25.03985073
111,8,22,18,21,2,04大安區,大安區建國南路1段206號,0,0,2,2,C03,7,1,5,50,14,9,1,5,4,5,7,4,4,1,4,5,2,16,1,30,2,7,3,4,7,9,1,10,1,12,,26,6,1,22,9,121.5375263,25.03985073
111,8,22,18,30,2,04大安區,大安區復興南路2段148巷24號,0,0,1,1,B03,8,3,5,50,14,9,1,5,4,5,7,3,1,5,5,5,2,16,1,62,3,10,1,1,7,11,1,8,2,4,,10,10,1,22,9,121.5424047,25.0284413
111,8,22,18,30,2,04大安區,大安區復興南路2段148巷24號,0,0,1,2,C03,8,3,5,50,14,9,1,5,4,5,7,3,1,5,5,5,2,16,2,26,2,9,1,1,7,9,1,10,2,11,,44,10,1,22,9,121.5424047,25.0284413
111,8,22,19,20,2,05中正區,中正區重慶南路2段與南海路口,0,0,1,1,B03,7,3,5,50,4,1,1,5,4,5,7,2,1,1,4,5,1,16,1,28,3,10,1,1,7,9,1,8,1,1,,26,,1,22,9,121.5144714,25.0319271
111,8,22,19,20,2,05中正區,中正區重慶南路2段與南海路口,0,0,1,2,C03,7,3,5,50,4,1,1,5,4,5,7,2,1,1,4,5,1,16,1,56,2,9,1,1,7,5,3,18,1,13,,44,,1,22,9,121.5144714,25.0319271
111,8,22,19,22,2,01大同區,大同區長安西路與塔城街口,0,0,2,1,C03,7,3,5,50,4,1,1,5,4,5,7,2,1,5,4,5,2,11,1,42,2,5,1,4,7,5,1,10,1,11,,26,26,1,22,9,121.5104099,25.0520029
111,8,22,19,22,2,01大同區,大同區長安西路與塔城街口,0,0,2,2,C03,7,3,5,50,4,1,1,5,4,5,7,2,1,5,4,5,2,11,1,18,2,8,1,4,7,9,3,18,1,14,,26,26,1,22,9,121.5104099,25.0520029
111,8,22,20,0,2,02萬華區,萬華區康定路與長沙街2段口,0,0,2,1,C03,7,3,5,50,4,1,1,5,4,5,7,1,1,9,4,5,2,17,1,19,2,9,1,1,7,7,1,10,2,13,,7,7,1,22,9,121.5020775,25.04061098
111,8,22,20,0,2,02萬華區,萬華區康定路與長沙街2段口,0,0,2,2,B03,7,3,5,50,4,1,1,5,4,5,7,1,1,9,4,5,2,17,1,50,3,10,2,1,7,9,1,8,2,1,,44,7,1,22,9,121.5020775,25.04061098
111,8,22,20,0,2,02萬華區,萬華區康定路與長沙街2段口,0,0,2,3,H02,7,3,5,50,4,1,1,5,4,5,7,1,1,9,4,5,2,17,1,20,2,9,4,5,7,20,8,20,10,16,,67,7,1,22,9,121.5020775,25.04061098
111,8,22,20,7,2,10文山區,文山區興隆路3段與興隆路3段54巷口,0,0,1,1,B01,7,3,5,30,3,2,1,5,4,5,7,1,1,1,4,5,2,3,1,48,3,10,1,1,7,5,1,4,1,1,,15,15,1,22,9,121.5559596,25.00024642
111,8,22,20,7,2,10文山區,文山區興隆路3段與興隆路3段54巷口,0,0,1,2,H01,7,3,5,30,3,2,1,5,4,5,7,1,1,1,4,5,2,3,2,22,2,9,4,5,8,16,8,20,10,16,,52,15,1,22,9,121.5559596,25.00024642
111,8,22,20,24,2,07信義區,信義區市民大道6段與松信路口,0,0,3,1,C03,8,3,5,50,4,1,1,5,4,5,7,1,1,5,4,5,2,12,1,18,2,9,3,4,7,5,1,10,1,14,,8,8,1,22,9,121.5722261,25.0492571
111,8,22,20,24,2,07信義區,信義區市民大道6段與松信路口,0,0,3,2,C03,8,3,5,50,4,1,1,5,4,5,7,1,1,5,4,5,2,12,1,21,2,9,3,4,7,9,1,10,1,11,,23,8,1,22,9,121.5722261,25.0492571
111,8,22,20,24,2,07信義區,信義區市民大道6段與松信路口,0,0,3,3,H02,8,3,5,50,4,1,1,5,4,5,7,1,1,5,4,5,2,12,2,16,2,9,3,5,7,20,8,20,10,16,,67,8,1,22,9,121.5722261,25.0492571
111,8,22,20,45,2,04大安區,大安區仁愛路4段與忠孝東路4段26巷口,0,0,1,1,B12,8,3,5,50,3,1,1,5,4,5,7,4,4,1,5,5,2,12,1,30,3,10,1,1,7,8,1,8,2,5,,7,7,1,22,9,121.544436,25.0381683
111,8,22,20,45,2,04大安區,大安區仁愛路4段與忠孝東路4段26巷口,0,0,1,2,C03,8,3,5,50,3,1,1,5,4,5,7,4,4,1,5,5,2,12,1,18,2,9,1,1,7,9,1,10,2,11,,44,7,1,22,9,121.544436,25.0381683
111,8,22,21,17,2,09北投區,北投區中央北路4段與一心路口,0,0,1,1,C03,7,3,5,50,3,1,1,5,4,5,7,1,1,5,4,5,1,16,2,56,2,9,1,1,7,1,6,18,9,11,,19,19,1,22,9,121.4748925,25.13251241
111,8,22,21,17,2,09北投區,北投區中央北路4段與一心路口,0,0,1,2,B03,7,3,5,50,3,1,1,5,4,5,7,1,1,5,4,5,1,16,1,46,3,10,1,1,7,9,1,8,2,5,,13,19,1,22,9,121.4748925,25.13251241
111,8,22,22,11,2,01大同區,大同區承德路3段與承德路3段8巷口,0,0,1,1,B03,8,3,5,30,3,2,1,5,4,5,7,4,4,10,4,5,2,16,2,46,3,10,3,4,7,6,1,8,1,4,,9,9,1,22,9,121.5182469,25.06364126
111,8,22,22,11,2,01大同區,大同區承德路3段與承德路3段8巷口,0,0,1,2,C03,8,3,5,30,3,2,1,5,4,5,7,4,4,10,4,5,2,16,1,18,3,10,3,4,7,9,1,10,1,12,,23,9,1,22,9,121.5182469,25.06364126
111,8,22,22,11,2,01大同區,大同區承德路3段與承德路3段8巷口,0,0,1,3,H02,8,3,5,30,3,2,1,5,4,5,7,4,4,10,4,5,2,16,1,18,2,8,3,4,7,20,8,20,10,16,,67,9,1,22,9,121.5182469,25.06364126
111,8,22,23,13,2,08士林區,士林區基河路與基河路188巷口,0,0,1,1,C03,8,1,5,50,3,2,1,5,4,5,7,4,4,8,5,5,1,17,1,23,2,8,1,1,7,5,1,10,1,14,,6,6,1,22,9,121.5223229,25.09035498
111,8,22,23,13,2,08士林區,士林區基河路與基河路188巷口,0,0,1,2,C03,8,1,5,50,3,2,1,5,4,5,7,4,4,8,5,5,1,17,1,18,3,10,1,1,7,9,1,10,1,12,,23,6,1,22,9,121.5223229,25.09035498
111,8,22,23,13,2,08士林區,士林區基河路與基河路188巷口,0,0,1,3,H02,8,1,5,50,3,2,1,5,4,5,7,4,4,8,5,5,1,17,2,18,3,10,4,5,7,20,8,20,10,16,,67,6,1,22,9,121.5223229,25.09035498
111,8,22,23,13,2,08士林區,士林區基河路與基河路188巷口,0,0,1,4,H02,8,1,5,50,3,2,1,5,4,5,7,4,4,8,5,5,1,17,2,2,3,10,4,5,7,20,8,20,10,16,,67,6,1,22,9,121.5223229,25.09035498
111,8,23,6,12,2,03中山區,中山區林森北路與民權東路1段口,0,0,1,1,B03,8,1,5,50,4,1,1,5,4,5,7,2,1,1,1,1,1,16,1,53,3,10,3,4,7,5,1,4,2,8,,25,25,1,22,9,121.52561,25.0626346
111,8,23,6,12,2,03中山區,中山區林森北路與民權東路1段口,0,0,1,2,C03,8,1,5,50,4,1,1,5,4,5,7,2,1,1,1,1,1,16,1,58,2,9,3,4,7,9,1,10,2,11,,44,25,1,22,9,121.52561,25.0626346
111,8,23,7,2,2,08士林區,士林區至善路3段181巷1號與至善路3段口,0,0,1,1,C03,8,1,5,30,3,1,1,5,4,5,7,4,4,4,4,5,1,17,1,57,3,10,1,1,7,5,1,10,1,11,,6,6,1,22,9,121.5781867,25.1195433
111,8,23,7,2,2,08士林區,士林區至善路3段181巷1號與至善路3段口,0,0,1,2,C03,8,1,5,30,3,1,1,5,4,5,7,4,4,4,4,5,1,17,1,33,2,8,1,1,7,9,1,10,1,12,,14,6,1,22,9,121.5781867,25.1195433
111,8,23,7,25,2,09北投區,北投區大業路265號與大業路便道口,0,0,1,2,C03,8,1,5,30,4,1,1,5,4,5,7,4,4,10,5,5,2,15,1,57,2,9,1,1,7,9,1,10,1,11,,43,43,1,22,9,121.4974596,25.12771448
111,8,23,7,25,2,09北投區,北投區大業路265號與大業路便道口,0,0,1,1,B01,8,1,5,30,4,1,1,5,4,5,7,4,4,10,5,5,2,15,1,59,3,10,1,1,7,1,1,1,1,1,,43,43,1,22,9,121.4974596,25.12771448
111,8,23,7,47,2,03中山區,中山區民族東路與松江路口,0,0,1,1,C03,8,1,5,50,4,2,1,5,4,5,7,1,1,1,4,5,2,13,1,32,2,8,1,1,7,9,1,10,2,11,,23,23,1,22,9,121.5328288,25.0681841
111,8,23,7,47,2,03中山區,中山區民族東路與松江路口,0,0,1,2,C03,8,1,5,50,4,2,1,5,4,5,7,1,1,1,4,5,2,13,1,56,3,10,1,1,7,12,1,10,2,13,,44,23,1,22,9,121.5328288,25.0681841
111,8,23,7,52,2,08士林區,士林區中山北路6段與中山北路6段172巷口,0,0,2,1,C03,8,1,5,50,3,2,4,5,4,5,7,4,4,1,4,5,2,17,2,41,2,9,1,1,7,9,1,10,1,14,,23,23,1,22,9,121.5250496,25.1071819
111,8,23,7,52,2,08士林區,士林區中山北路6段與中山北路6段172巷口,0,0,2,2,C03,8,1,5,50,3,2,4,5,4,5,7,4,4,1,4,5,2,17,2,42,3,10,1,1,7,9,1,10,1,15,,42,23,1,22,9,121.5250496,25.1071819
111,8,23,7,52,2,08士林區,士林區中山北路6段與中山北路6段172巷口,0,0,2,3,H02,8,1,5,50,3,2,4,5,4,5,7,4,4,1,4,5,2,17,2,19,2,8,1,5,7,20,8,20,10,16,,67,23,1,22,9,121.5250496,25.1071819
111,8,23,7,58,2,02萬華區,萬華區青年路與國興路口,0,0,1,1,C03,8,1,5,30,4,4,1,5,4,5,7,1,1,5,5,5,2,13,1,41,3,10,1,4,7,9,1,10,1,11,,16,16,1,22,9,121.5063473,25.02601459
111,8,23,7,58,2,02萬華區,萬華區青年路與國興路口,0,0,1,2,C03,8,1,5,30,4,4,1,5,4,5,7,1,1,5,5,5,2,13,1,53,2,8,1,4,7,14,1,10,1,13,,44,16,1,22,9,121.5063473,25.02601459
111,8,23,8,18,2,03中山區,中山區八德路2段與復興南路1段口,0,0,1,1,C03,8,1,5,50,4,1,1,5,4,5,6,1,1,10,4,5,2,12,1,48,3,10,1,4,7,8,1,10,1,12,,7,7,1,22,9,121.5438905,25.04752351
111,8,23,8,18,2,03中山區,中山區八德路2段與復興南路1段口,0,0,1,2,C03,8,1,5,50,4,1,1,5,4,5,6,1,1,10,4,5,2,12,1,35,2,9,1,4,7,9,1,10,1,11,,26,7,1,22,9,121.5438905,25.04752351
111,8,23,8,21,2,08士林區,士林區雙溪街與中山北路5段口,0,0,1,1,C03,8,1,5,50,5,2,1,5,4,5,7,1,1,5,5,5,2,17,2,33,2,9,1,1,7,5,1,10,1,13,,8,8,1,22,9,121.5266617,25.10076635
111,8,23,8,21,2,08士林區,士林區雙溪街與中山北路5段口,0,0,1,2,C03,8,1,5,50,5,2,1,5,4,5,7,1,1,5,5,5,2,17,1,41,3,10,1,1,7,9,1,10,1,11,,23,8,1,22,9,121.5266617,25.10076635
111,8,23,8,21,2,09北投區,北投區石牌路2段與石牌路2段68巷口,0,0,2,1,C03,8,1,5,50,3,1,1,5,4,5,7,4,4,9,4,5,2,12,2,59,2,8,1,1,7,7,1,10,1,14,,7,7,1,22,9,121.516093,25.11644206
111,8,23,8,21,2,09北投區,北投區石牌路2段與石牌路2段68巷口,0,0,2,2,B03,8,1,5,50,3,1,1,5,4,5,7,4,4,9,4,5,2,12,1,59,3,10,1,1,7,9,1,8,1,5,,44,7,1,22,9,121.516093,25.11644206
111,8,23,8,21,2,09北投區,北投區石牌路2段與石牌路2段68巷口,0,0,2,3,H02,8,1,5,50,3,1,1,5,4,5,7,4,4,9,4,5,2,12,1,29,2,9,1,5,7,20,8,20,10,15,,67,7,1,22,9,121.516093,25.11644206
111,8,23,8,24,2,10文山區,文山區北新橋北往南近橋墩處,0,0,3,1,C03,8,1,5,50,8,9,1,5,4,5,7,4,4,1,4,5,2,12,1,40,2,9,1,1,7,9,1,10,2,12,,23,23,1,22,9,121.5395739,24.98833254
111,8,23,8,24,2,10文山區,文山區北新橋北往南近橋墩處,0,0,3,2,C03,8,1,5,50,8,9,1,5,4,5,7,4,4,1,4,5,2,12,2,26,2,9,1,1,7,9,1,10,2,11,,23,23,1,22,9,121.5395739,24.98833254