發生年度,發生月,發生日,發生時-Hours,發生分,處理別-編號,區序,肇事地點,死亡人數,2-30日死亡人數,受傷人數,當事人序號,車種,天候,光線,道路類別,速限-速度限制,道路型態,事故位置,路面狀況1,路面狀況2,路面狀況3,道路障礙1,道路障礙2,號誌1,號誌2,車道劃分-分向,車道劃分-分道1,車道劃分-分道2,車道劃分-分道3,事故類型及型態,性別,年齡,受傷程度,主要傷處,安全帽,行動電話,車輛用途,當事者行動狀態,駕駛資格情形,駕駛執照種類,飲酒情形,車輛撞擊部位1,車輛撞擊部位2,肇因碼-個別,肇因碼-主要,個人肇逃否,職業,旅次目的,座標-X,座標-Y
111,8,23,8,24,2,10文山區,文山區北新橋北往南近橋墩處,0,0,3,3,F01,8,1,5,50,8,9,1,5,4,5,7,4,4,1,4,5,2,12,1,53,2,9,1,1,7,9,8,20,2,16,,44,23,1,22,9,121.5395739,24.98833254
111,8,23,8,26,2,08士林區,士林區堤外便道百齡左岸064燈桿,0,0,2,1,B03,8,1,5,50,14,9,1,5,4,5,7,4,4,8,4,5,1,12,1,47,3,10,1,1,7,5,1,8,2,4,,8,8,1,22,9,121.5131035,25.08373122
111,8,23,8,26,2,08士林區,士林區堤外便道百齡左岸064燈桿,0,0,2,2,C03,8,1,5,50,14,9,1,5,4,5,7,4,4,8,4,5,1,12,1,29,2,9,1,1,7,9,1,10,2,11,,5,8,1,22,9,121.5131035,25.08373122
111,8,23,8,26,2,08士林區,士林區堤外便道百齡左岸064燈桿,0,0,2,3,H02,8,1,5,50,14,9,1,5,4,5,7,4,4,8,4,5,1,12,2,23,2,9,1,5,7,17,8,20,10,16,,67,8,1,22,9,121.5131035,25.08373122
111,8,23,8,31,2,02萬華區,萬華區忠孝西路2段與西寧南路口口,0,0,1,1,B03,8,1,5,50,4,2,1,5,4,5,7,1,1,10,5,5,2,16,1,49,3,10,3,4,7,9,1,8,1,4,,17,17,1,22,9,121.5079684,25.04848229
111,8,23,8,31,2,02萬華區,萬華區忠孝西路2段與西寧南路口口,0,0,1,2,C03,8,1,5,50,4,2,1,5,4,5,7,1,1,10,5,5,2,16,2,55,2,9,3,4,7,9,1,10,1,12,,17,17,1,22,9,121.5079684,25.04848229
111,8,23,8,32,2,04大安區,大安區新生南路3段1號,0,0,1,1,C03,8,1,5,50,14,9,1,5,4,5,7,4,4,1,4,5,2,17,2,33,3,10,1,1,7,9,1,10,1,11,12,16,16,1,22,9,121.5348165,25.0253991
111,8,23,8,32,2,04大安區,大安區新生南路3段1號,0,0,1,2,B03,8,1,5,50,14,9,1,5,4,5,7,4,4,1,4,5,2,17,1,33,3,10,1,1,7,12,1,8,1,3,,44,16,1,22,9,121.5348165,25.0253991
111,8,23,8,32,2,04大安區,大安區新生南路3段1號,0,0,1,3,C03,8,1,5,50,14,9,1,5,4,5,7,4,4,1,4,5,2,17,1,41,2,9,1,1,7,9,1,10,1,13,,16,16,1,22,9,121.5348165,25.0253991
111,8,23,8,43,2,05中正區,中正區中山南路3號,0,0,1,1,C04,8,1,5,50,14,9,1,5,4,5,7,4,4,1,4,5,2,13,2,25,2,9,1,1,7,9,1,10,1,11,,16,16,1,22,1,121.519246,25.04363131
111,8,23,8,43,2,05中正區,中正區中山南路3號,0,0,1,2,C03,8,1,5,50,14,9,1,5,4,5,7,4,4,1,4,5,2,13,1,44,3,10,1,1,7,6,1,10,1,13,,44,16,1,4,8,121.519246,25.04363131
111,8,23,8,56,2,04大安區,大安區市民大道4段與光復南路口,0,0,2,1,C03,8,1,5,40,5,2,1,5,4,5,7,2,1,8,3,5,1,13,2,30,2,9,1,1,7,9,1,10,2,11,,16,16,1,22,9,121.5576912,25.04493959
111,8,23,8,56,2,04大安區,大安區市民大道4段與光復南路口,0,0,2,2,B03,8,1,5,40,5,2,1,5,4,5,7,2,1,8,3,5,1,13,2,35,2,9,1,1,7,9,1,8,2,7,,44,16,1,22,9,121.5576912,25.04493959
111,8,23,9,2,2,02萬華區,萬華區環河快速道路,0,0,1,1,B03,8,1,7,40,14,9,1,5,4,5,7,4,4,1,4,5,2,13,1,45,3,10,1,4,7,14,1,8,1,3,,44,44,1,22,9,121.4948387,25.01682347
111,8,23,9,2,2,02萬華區,萬華區環河快速道路,0,0,1,2,B03,8,1,7,40,14,9,1,5,4,5,7,4,4,1,4,5,2,13,1,41,3,10,1,4,7,14,1,8,1,3,,44,44,1,22,9,121.4948387,25.01682347
111,8,23,9,2,2,02萬華區,萬華區環河快速道路,0,0,1,3,B03,8,1,7,40,14,9,1,5,4,5,7,4,4,1,4,5,2,13,1,37,3,10,1,4,7,14,1,8,1,3,,44,44,1,22,9,121.4948387,25.01682347
111,8,23,9,2,2,02萬華區,萬華區環河快速道路,0,0,1,4,B12,8,1,7,40,14,9,1,5,4,5,7,4,4,1,4,5,2,13,1,31,3,10,1,4,7,9,1,8,1,1,,45,44,1,22,9,121.4948387,25.01682347
111,8,23,9,2,2,02萬華區,萬華區環河快速道路,0,0,1,5,H02,8,1,7,40,14,9,1,5,4,5,7,4,4,1,4,5,2,13,2,33,2,1,4,5,7,20,8,20,10,16,,67,44,1,22,9,121.4948387,25.01682347
111,8,23,9,6,2,01大同區,大同區延平北路1段與南京西路口,0,0,1,1,C03,8,1,5,50,4,2,1,5,4,5,7,2,1,5,4,5,2,13,2,49,2,9,3,4,7,9,1,10,2,11,,23,23,1,22,9,121.5117036,25.05394443
111,8,23,9,6,2,01大同區,大同區延平北路1段與南京西路口,0,0,1,2,C03,8,1,5,50,4,2,1,5,4,5,7,2,1,5,4,5,2,13,2,56,3,10,3,4,7,9,1,10,2,13,,44,23,1,22,9,121.5117036,25.05394443
111,8,23,9,15,2,12內湖區,內湖區環東大道東往西(環東快速道路第445號燈桿),0,0,1,1,C02,8,1,5,60,10,9,1,5,4,5,7,4,4,10,5,5,2,13,1,21,2,9,1,1,7,9,1,9,2,11,,16,16,1,1,9,121.5891642,25.06133967
111,8,23,9,15,2,12內湖區,內湖區環東大道東往西(環東快速道路第445號燈桿),0,0,1,2,B03,8,1,5,60,10,9,1,5,4,5,7,4,4,10,5,5,2,13,2,52,3,10,1,1,7,15,1,8,2,3,,44,16,1,22,9,121.5891642,25.06133967
111,8,23,9,18,2,08士林區,士林區德行東路19號,0,0,1,1,B03,8,1,5,50,14,9,1,5,4,5,7,4,4,9,5,5,2,17,1,52,3,10,1,1,7,13,1,8,1,4,,40,40,1,22,9,121.5257808,25.10677637
111,8,23,9,18,2,08士林區,士林區德行東路19號,0,0,1,2,C03,8,1,5,50,14,9,1,5,4,5,7,4,4,9,5,5,2,17,2,20,2,8,1,1,7,9,1,10,1,12,,44,40,1,22,9,121.5257808,25.10677637
111,8,23,9,18,2,08士林區,士林區德行東路19號,0,0,1,3,B03,8,1,5,50,14,9,1,5,4,5,7,4,4,9,5,5,2,17,1,50,3,10,1,1,7,14,1,8,1,2,,44,40,1,22,9,121.5257808,25.10677637
111,8,23,9,19,2,11南港區,南港區南港路1段與經貿二路口,0,0,1,1,C03,8,1,5,50,4,1,1,5,4,1,7,2,1,8,3,5,2,12,2,21,3,10,1,4,7,8,1,10,2,12,,7,7,1,22,9,121.6167591,25.05517676
111,8,23,9,19,2,11南港區,南港區南港路1段與經貿二路口,0,0,1,2,C03,8,1,5,50,4,1,1,5,4,1,7,2,1,8,3,5,2,12,2,25,2,7,2,2,7,9,1,10,2,14,,23,7,1,22,9,121.6167591,25.05517676
111,8,23,9,21,2,05中正區,中正區延平南路與愛國西路口,0,0,1,1,B01,8,1,5,50,5,1,1,5,4,5,7,2,1,1,4,5,2,11,1,65,3,10,1,1,7,5,1,4,2,6,,8,8,1,22,9,121.5081152,25.03703542
111,8,23,9,21,2,05中正區,中正區延平南路與愛國西路口,0,0,1,2,B03,8,1,5,50,5,1,1,5,4,5,7,2,1,1,4,5,2,11,1,33,3,10,1,1,7,9,1,8,2,1,,44,8,1,22,9,121.5081152,25.03703542
111,8,23,9,21,2,05中正區,中正區延平南路與愛國西路口,0,0,1,3,H02,8,1,5,50,5,1,1,5,4,5,7,2,1,1,4,5,2,11,2,38,2,9,4,5,7,20,8,20,10,16,,67,8,1,22,9,121.5081152,25.03703542
111,8,23,9,22,2,12內湖區,內湖區康寧路1段156巷與康寧路1段口,0,0,1,1,C03,8,1,5,50,3,1,1,5,4,5,7,4,4,5,5,5,2,12,2,35,2,9,1,1,7,4,1,10,2,12,,1,1,1,22,9,121.5943754,25.0791201
111,8,23,9,22,2,12內湖區,內湖區康寧路1段156巷與康寧路1段口,0,0,1,2,B03,8,1,5,50,3,1,1,5,4,5,7,4,4,5,5,5,2,12,2,22,3,10,1,1,7,5,1,17,2,4,,17,1,1,22,9,121.5943754,25.0791201
111,8,23,9,31,2,04大安區,大安區市民大道3段與市民大道3段128巷口,0,0,2,1,C03,8,1,5,40,3,2,1,5,4,5,7,4,4,9,4,5,1,16,1,29,4,11,3,4,7,15,7,19,11,15,,23,23,2,22,9,121.5347072,25.0447969
111,8,23,9,31,2,04大安區,大安區市民大道3段與市民大道3段128巷口,0,0,2,2,C03,8,1,5,40,3,2,1,5,4,5,7,4,4,9,4,5,1,16,1,20,2,8,1,4,7,6,6,10,11,11,,9,23,1,22,9,121.5347072,25.0447969
111,8,23,9,31,2,04大安區,大安區市民大道3段與市民大道3段128巷口,0,0,2,3,H02,8,1,5,40,3,2,1,5,4,5,7,4,4,9,4,5,1,16,2,19,2,8,1,5,7,20,8,20,11,16,,67,23,1,22,9,121.5347072,25.0447969
111,8,23,9,31,2,04大安區,大安區市民大道3段與市民大道3段128巷口,0,0,2,4,H02,8,1,5,40,3,2,1,5,4,5,7,4,4,9,4,5,1,16,1,13,4,11,3,5,7,21,8,20,11,16,,67,23,1,22,9,121.5347072,25.0447969
111,8,23,9,54,2,01大同區,大同區承德路3段與民權西路口,0,0,2,1,C03,8,3,5,50,4,2,1,5,4,5,7,1,1,1,2,5,2,13,1,65,2,9,1,1,7,9,1,10,2,11,,16,16,1,22,9,121.5184287,25.06298732
111,8,23,9,54,2,01大同區,大同區承德路3段與民權西路口,0,0,2,2,B01,8,3,5,50,4,2,1,5,4,5,7,1,1,1,2,5,2,13,1,63,3,10,1,1,7,9,1,4,2,3,,44,16,1,22,9,121.5184287,25.06298732
111,8,23,9,54,2,01大同區,大同區承德路3段與民權西路口,0,0,2,3,H02,8,3,5,50,4,2,1,5,4,5,7,1,1,1,2,5,2,13,1,37,2,9,4,5,7,21,8,20,10,16,,67,16,1,22,9,121.5184287,25.06298732
111,8,23,10,20,2,09北投區,北投區洲美街277號附近,0,0,1,1,C03,8,1,5,30,11,11,1,5,4,5,7,4,4,9,5,5,2,18,1,38,2,9,1,1,7,9,1,10,1,12,,43,43,1,22,9,121.4993747,25.1008776
111,8,23,10,20,2,09北投區,北投區洲美街277號附近,0,0,1,2,,8,1,5,30,11,11,1,5,4,5,7,4,4,9,5,5,2,18,3,,,,,,,,,,,,,67,43,1,,,121.4993747,25.1008776
111,8,23,10,25,2,07信義區,信義區永吉路30巷與永吉路120巷80弄口,0,0,1,1,C03,8,1,5,30,4,2,1,5,4,5,7,4,4,9,4,5,2,17,2,26,2,9,1,1,7,5,1,10,1,11,,8,8,1,22,9,121.5687147,25.0426453
111,8,23,10,25,2,07信義區,信義區永吉路30巷與永吉路120巷80弄口,0,0,1,2,B03,8,1,5,30,4,2,1,5,4,5,7,4,4,9,4,5,2,17,2,30,3,10,1,1,7,9,1,8,1,4,,14,8,1,22,9,121.5687147,25.0426453
111,8,23,10,52,2,03中山區,中山區南京東路2段115巷與松江路133巷口,0,0,1,1,B12,8,1,5,30,4,1,1,5,4,5,7,4,4,10,4,5,1,15,1,55,3,10,1,1,7,9,1,4,1,8,,6,6,1,22,9,121.5336532,25.05436996
111,8,23,10,52,2,03中山區,中山區南京東路2段115巷與松江路133巷口,0,0,1,2,C03,8,1,5,30,4,1,1,5,4,5,7,4,4,10,4,5,1,15,1,28,2,8,1,1,7,9,1,10,1,11,,23,6,1,22,9,121.5336532,25.05436996
111,8,23,11,0,2,08士林區,士林區德行東路190號與德行東路口,0,0,1,1,C03,8,1,8,30,15,22,1,5,4,5,7,4,4,10,5,5,2,16,2,69,2,9,1,1,7,5,4,11,2,12,,8,8,1,22,9,121.5310975,25.10864563
111,8,23,11,0,2,08士林區,士林區德行東路190號與德行東路口,0,0,1,2,B12,8,1,8,30,15,22,1,5,4,5,7,4,4,10,5,5,2,16,1,46,3,10,1,1,7,9,1,8,2,4,,14,8,1,22,9,121.5310975,25.10864563
111,8,23,11,12,2,10文山區,文山區辛亥路7段4號,0,0,1,1,B03,8,1,5,50,11,9,1,5,4,1,1,4,4,5,2,5,2,12,1,62,3,10,1,1,7,9,1,8,1,2,,17,17,1,22,9,121.5524787,24.987296
111,8,23,11,12,2,10文山區,文山區辛亥路7段4號,0,0,1,2,C03,8,1,5,50,11,9,1,5,4,1,1,4,4,5,2,5,2,12,1,19,2,9,1,1,7,9,1,10,1,14,,17,17,1,22,9,121.5524787,24.987296
111,8,23,11,25,2,11南港區,南港區松河街310號(成美橋下),0,0,1,1,B03,8,1,5,40,14,9,1,5,4,5,7,4,4,8,3,5,2,12,2,48,3,10,3,4,7,11,1,8,2,8,,10,10,1,22,9,121.5820942,25.05259801
111,8,23,11,25,2,11南港區,南港區松河街310號(成美橋下),0,0,1,2,C03,8,1,5,40,14,9,1,5,4,5,7,4,4,8,3,5,2,12,1,30,2,8,1,4,7,9,1,10,2,14,,23,10,1,22,9,121.5820942,25.05259801
111,8,23,11,27,2,03中山區,中山區松江路與松江路90巷口口,0,0,1,1,C03,8,1,5,50,14,9,1,5,4,5,7,1,1,1,4,4,2,12,2,42,2,7,1,1,7,9,1,10,1,12,,23,23,1,22,9,121.532887,25.05051887
111,8,23,11,27,2,03中山區,中山區松江路與松江路90巷口口,0,0,1,2,B03,8,1,5,50,14,9,1,5,4,5,7,1,1,1,4,4,2,12,2,43,3,10,1,1,7,9,1,8,1,4,,44,23,1,22,9,121.532887,25.05051887
111,8,23,11,27,2,03中山區,中山區松江路與松江路90巷口口,0,0,1,3,B03,8,1,5,50,14,9,1,5,4,5,7,1,1,1,4,4,2,12,1,69,3,10,1,1,7,8,1,8,11,15,,7,23,1,22,9,121.532887,25.05051887
111,8,23,11,30,2,09北投區,北投區承德路7段與文承路口,0,0,1,1,C03,8,1,5,50,3,2,1,5,4,5,7,4,4,1,4,5,2,17,1,70,3,10,1,1,7,6,1,10,1,15,,6,6,1,22,9,121.5122591,25.10474527
111,8,23,11,30,2,09北投區,北投區承德路7段與文承路口,0,0,1,2,C03,8,1,5,50,3,2,1,5,4,5,7,4,4,1,4,5,2,17,1,41,2,9,1,1,7,9,1,10,1,12,,13,6,1,22,9,121.5122591,25.10474527
111,8,23,11,38,2,12內湖區,內湖區環山路1段46號,0,0,1,1,B03,8,1,5,50,14,9,1,5,4,5,7,4,4,10,4,5,1,13,1,71,3,10,1,1,7,9,1,8,2,5,,23,23,1,22,9,121.5655784,25.08595252
111,8,23,11,38,2,12內湖區,內湖區環山路1段46號,0,0,1,2,C03,8,1,5,50,14,9,1,5,4,5,7,4,4,10,4,5,1,13,1,77,2,9,1,1,7,9,1,10,2,13,,44,23,1,22,9,121.5655784,25.08595252
111,8,23,12,35,2,01大同區,大同區錦西街與雙連街口,0,0,2,1,C03,8,1,5,0,3,1,1,5,4,5,7,3,1,9,4,5,1,16,1,56,2,9,3,4,7,5,1,10,1,14,,8,8,1,22,9,121.5188042,25.06018776
111,8,23,12,35,2,01大同區,大同區錦西街與雙連街口,0,0,2,2,C03,8,1,5,0,3,1,1,5,4,5,7,3,1,9,4,5,1,16,1,36,2,9,3,4,7,9,1,10,1,11,,23,8,1,22,9,121.5188042,25.06018776
111,8,23,12,54,2,08士林區,士林區磺溪街與磺溪街21巷口,0,0,1,1,B03,8,1,5,30,3,1,1,5,4,5,7,4,4,5,5,5,1,16,2,43,3,10,1,1,7,5,1,8,1,1,,6,6,1,22,9,121.523018,25.1061157
111,8,23,12,54,2,08士林區,士林區磺溪街與磺溪街21巷口,0,0,1,2,C03,8,1,5,30,3,1,1,5,4,5,7,4,4,5,5,5,1,16,2,20,2,9,1,1,7,9,1,10,1,12,,44,6,1,22,9,121.523018,25.1061157
111,8,23,13,1,2,03中山區,中山區民權東路2段206號,0,0,1,1,B03,8,1,5,50,14,9,1,5,4,5,7,1,1,1,4,5,2,12,1,67,3,10,1,1,7,6,1,8,1,2,,9,9,1,22,9,121.5367113,25.06237408
111,8,23,13,1,2,03中山區,中山區民權東路2段206號,0,0,1,2,C03,8,1,5,50,14,9,1,5,4,5,7,1,1,1,4,5,2,12,2,28,2,9,1,1,7,9,1,10,1,14,,44,9,1,22,9,121.5367113,25.06237408
111,8,23,13,20,2,07信義區,信義區虎林街121巷與虎林街141巷15弄口,0,0,1,1,C03,8,1,5,30,3,1,1,5,4,5,7,4,4,9,5,5,2,17,1,58,3,10,1,1,7,15,1,10,1,15,,6,6,1,22,9,121.577125,25.0402307
111,8,23,13,20,2,07信義區,信義區虎林街121巷與虎林街141巷15弄口,0,0,1,2,C03,8,1,5,30,3,1,1,5,4,5,7,4,4,9,5,5,2,17,1,46,2,8,1,1,7,9,1,10,1,15,,42,6,1,22,9,121.577125,25.0402307
111,8,23,13,25,2,04大安區,大安區仁愛路3段與建國南路1段口,0,0,1,1,C03,8,1,5,50,4,1,1,5,4,5,7,2,1,9,4,5,1,12,1,24,3,10,1,4,7,5,1,10,1,12,,17,17,1,22,9,121.5376694,25.0379132
111,8,23,13,25,2,04大安區,大安區仁愛路3段與建國南路1段口,0,0,1,2,C03,8,1,5,50,4,1,1,5,4,5,7,2,1,9,4,5,1,12,2,41,2,9,1,4,7,5,1,10,1,11,,23,17,1,22,9,121.5376694,25.0379132
111,8,23,13,28,2,05中正區,中正區汀州路3段297號,0,0,2,1,C03,8,1,5,50,14,9,1,5,4,5,7,4,4,9,5,5,1,17,1,33,2,9,1,1,7,6,1,10,2,12,,9,9,1,22,9,121.5356977,25.0119691
111,8,23,13,28,2,05中正區,中正區汀州路3段297號,0,0,2,2,C03,8,1,5,50,14,9,1,5,4,5,7,4,4,9,5,5,1,17,1,56,2,7,1,1,7,9,1,10,2,14,,44,9,1,22,9,121.5356977,25.0119691
111,8,23,13,28,2,05中正區,中正區汀州路3段297號,0,0,2,3,C03,8,1,5,50,14,9,1,5,4,5,7,4,4,9,5,5,1,17,1,20,3,10,1,1,7,13,1,10,9,13,,44,9,1,22,9,121.5356977,25.0119691
111,8,23,13,45,2,03中山區,中山區德惠街與林森北路口,0,0,1,1,C03,8,1,5,50,4,1,1,5,4,5,7,1,1,5,4,5,1,15,2,51,2,7,1,1,7,9,1,10,1,11,,25,25,1,22,9,121.5257193,25.0667108
111,8,23,13,45,2,03中山區,中山區德惠街與林森北路口,0,0,1,2,B11,8,1,5,50,4,1,1,5,4,5,7,1,1,5,4,5,1,15,1,58,3,10,1,1,7,9,1,4,1,5,,44,25,1,22,9,121.5257193,25.0667108
111,8,23,14,10,2,04大安區,大安區杭州南路2段91號,0,0,1,1,B03,8,1,5,50,14,9,1,5,4,5,7,4,4,10,4,5,2,16,1,42,3,10,1,1,7,11,1,8,1,4,,26,26,1,22,9,121.5218215,25.02865609
111,8,23,14,10,2,04大安區,大安區杭州南路2段91號,0,0,1,2,C03,8,1,5,50,14,9,1,5,4,5,7,4,4,10,4,5,2,16,1,32,2,8,1,1,7,9,1,10,1,11,,44,26,1,22,9,121.5218215,25.02865609
111,8,23,14,10,2,09北投區,北投區承德路7段與立農街1段口,0,0,1,1,B12,8,1,5,60,3,1,1,5,4,5,7,4,4,1,4,5,2,16,1,48,3,10,3,4,7,6,1,8,1,7,,9,9,1,22,9,121.5026487,25.11860961
111,8,23,14,10,2,09北投區,北投區承德路7段與立農街1段口,0,0,1,2,C03,8,1,5,60,3,1,1,5,4,5,7,4,4,1,4,5,2,16,1,22,2,7,3,4,7,9,1,10,1,12,,13,9,1,22,9,121.5026487,25.11860961
111,8,23,14,33,2,08士林區,士林區葫東街與重慶北路4段口,0,0,1,1,B03,8,1,5,50,4,1,1,5,4,5,7,2,1,1,4,4,2,12,1,63,3,10,1,1,7,5,1,8,1,4,,8,8,1,22,9,121.5119417,25.08395419
111,8,23,14,33,2,08士林區,士林區葫東街與重慶北路4段口,0,0,1,2,C03,8,1,5,50,4,1,1,5,4,5,7,2,1,1,4,4,2,12,1,17,2,9,1,1,7,5,2,18,1,12,,23,8,1,22,9,121.5119417,25.08395419
111,8,23,14,45,2,08士林區,士林區基河路與基河路300巷附近口,0,0,1,3,,8,1,5,50,3,2,1,5,4,5,7,4,4,5,4,5,2,17,3,,,,,,,,,,10,,,67,23,1,,,121.5192658,25.0939121
111,8,23,14,45,2,08士林區,士林區基河路與基河路300巷附近口,0,0,1,1,B01,8,1,5,50,3,2,1,5,4,5,7,4,4,5,4,5,2,17,1,40,3,10,1,1,7,9,1,4,1,8,,23,23,1,21,8,121.5192658,25.0939121
111,8,23,14,45,2,08士林區,士林區基河路與基河路300巷附近口,0,0,1,2,C03,8,1,5,50,3,2,1,5,4,5,7,4,4,5,4,5,2,17,1,30,2,9,1,1,7,6,1,10,1,11,,44,23,1,21,8,121.5192658,25.0939121
111,8,23,14,50,2,03中山區,中山區中山北路1段與華陰街,0,0,1,1,B02,8,1,5,50,15,9,1,5,4,3,5,4,4,1,4,1,1,17,1,45,3,10,1,1,7,6,1,8,1,6,,9,9,1,22,9,121.5209811,25.04894368
111,8,23,14,50,2,03中山區,中山區中山北路1段與華陰街,0,0,1,2,C03,8,1,5,50,15,9,1,5,4,3,5,4,4,1,4,1,1,17,2,35,2,4,1,1,7,9,1,10,1,11,,44,9,1,22,9,121.5209811,25.04894368
111,8,23,14,50,2,03中山區,中山區中山北路1段與華陰街,0,0,1,3,B11,8,1,5,50,15,9,1,5,4,3,5,4,4,1,4,1,1,17,1,56,3,10,1,1,7,13,1,4,9,15,,38,9,1,22,9,121.5209811,25.04894368
111,8,23,14,58,2,11南港區,南港區南港路1段209號,0,0,1,1,C03,8,1,5,50,14,9,1,5,4,5,7,4,4,5,4,5,2,16,1,46,2,7,1,1,7,9,3,18,2,12,,4,4,1,21,8,121.6110108,25.05508143
111,8,23,14,58,2,11南港區,南港區南港路1段209號,0,0,1,2,B12,8,1,5,50,14,9,1,5,4,5,7,4,4,5,4,5,2,16,1,23,3,10,1,1,7,11,1,8,2,8,,26,4,1,21,8,121.6110108,25.05508143
111,8,23,15,0,2,12內湖區,內湖區南京東路6段與潭美街口,0,0,1,1,C03,8,1,5,40,3,1,1,5,4,5,7,2,1,5,5,5,2,17,2,27,2,9,1,1,7,9,1,9,1,11,,23,23,1,22,9,121.5749368,25.053157
111,8,23,15,0,2,12內湖區,內湖區南京東路6段與潭美街口,0,0,1,2,C03,8,1,5,40,3,1,1,5,4,5,7,2,1,5,5,5,2,17,1,46,3,10,1,1,7,14,1,10,1,13,,44,23,1,22,9,121.5749368,25.053157
111,8,23,15,0,2,12內湖區,內湖區南京東路6段與潭美街口,0,0,1,3,B03,8,1,5,40,3,1,1,5,4,5,7,2,1,5,5,5,2,17,1,49,3,10,1,1,7,11,1,8,1,15,,10,23,1,22,9,121.5749368,25.053157
111,8,23,15,13,2,04大安區,大安區信義路4段388號,0,0,1,1,C03,8,1,5,50,14,9,1,5,4,5,7,4,4,1,4,5,2,13,2,26,2,8,1,1,7,9,1,10,1,11,,16,16,1,22,9,121.5563008,25.03302552
111,8,23,15,13,2,04大安區,大安區信義路4段388號,0,0,1,2,B12,8,1,5,50,14,9,1,5,4,5,7,4,4,1,4,5,2,13,1,44,3,10,1,1,7,14,1,8,1,6,,44,16,1,22,9,121.5563008,25.03302552
111,8,23,15,16,2,02萬華區,萬華區大理街160巷17弄與大理街170巷口,0,0,1,1,C03,8,1,5,30,3,2,1,5,4,5,7,4,4,10,5,5,2,17,1,72,2,9,1,1,7,5,1,10,1,12,,6,6,1,22,9,121.4931963,25.03311246
111,8,23,15,16,2,02萬華區,萬華區大理街160巷17弄與大理街170巷口,0,0,1,2,B03,8,1,5,30,3,2,1,5,4,5,7,4,4,10,5,5,2,17,1,67,3,10,1,1,7,9,1,8,1,4,,14,6,1,22,9,121.4931963,25.03311246
111,8,23,15,40,2,08士林區,士林區文林路60號,0,0,2,1,C03,8,1,5,50,14,9,1,5,4,5,7,4,4,5,5,5,2,17,1,20,2,9,1,1,7,11,1,10,1,14,,26,26,1,22,9,121.5255807,25.0867563
111,8,23,15,40,2,08士林區,士林區文林路60號,0,0,2,2,C03,8,1,5,50,14,9,1,5,4,5,7,4,4,5,5,5,2,17,1,46,2,9,1,1,7,9,1,10,1,14,,44,26,1,22,9,121.5255807,25.0867563
111,8,23,15,49,2,09北投區,北投區立農街2段與石牌路2段113巷口,0,0,1,1,C03,8,1,5,30,4,1,1,5,4,5,7,2,1,5,5,5,2,16,1,25,3,10,3,4,7,5,1,10,1,12,,43,43,1,22,9,121.5169721,25.1185746
111,8,23,15,49,2,09北投區,北投區立農街2段與石牌路2段113巷口,0,0,1,2,B03,8,1,5,30,4,1,1,5,4,5,7,2,1,5,5,5,2,16,1,50,3,10,3,4,7,11,1,8,1,8,,44,43,1,22,9,121.5169721,25.1185746
111,8,23,15,49,2,09北投區,北投區立農街2段與石牌路2段113巷口,0,0,1,3,H02,8,1,5,30,4,1,1,5,4,5,7,2,1,5,5,5,2,16,2,25,2,8,3,5,7,21,8,20,10,16,,67,43,1,22,9,121.5169721,25.1185746
111,8,23,15,50,2,03中山區,中山區長安西路與長安西路19巷2弄口,0,0,1,1,B03,8,1,5,50,14,9,1,5,4,5,7,1,1,5,5,5,2,12,1,35,3,10,1,1,7,7,1,8,1,8,,7,7,1,22,9,121.5203843,25.0501264
111,8,23,15,50,2,03中山區,中山區長安西路與長安西路19巷2弄口,0,0,1,2,C03,8,1,5,50,14,9,1,5,4,5,7,1,1,5,5,5,2,12,1,31,2,9,1,1,7,9,1,10,1,12,,4,7,1,22,9,121.5203843,25.0501264
111,8,23,16,2,2,10文山區,文山區興隆路3段與興隆路3段255巷口,0,0,1,1,B01,8,1,5,50,4,1,1,5,4,5,7,1,1,1,4,5,2,16,1,42,3,10,1,1,7,11,1,4,1,2,,26,26,1,22,9,121.558724,24.99262582
111,8,23,16,2,2,10文山區,文山區興隆路3段與興隆路3段255巷口,0,0,1,2,C03,8,1,5,50,4,1,1,5,4,5,7,1,1,1,4,5,2,16,2,29,2,9,1,1,7,9,1,10,1,11,,44,26,1,22,9,121.558724,24.99262582
111,8,23,16,22,2,11南港區,南港區忠孝東路7段與向陽路口,0,0,1,1,B03,8,1,5,0,5,1,1,5,4,5,7,1,1,8,1,4,2,17,4,,4,11,3,4,7,15,7,19,11,15,,43,43,2,22,9,121.5958101,25.05086094
111,8,23,16,22,2,11南港區,南港區忠孝東路7段與向陽路口,0,0,1,2,C03,8,1,5,0,5,1,1,5,4,5,7,1,1,8,1,4,2,17,1,21,2,8,1,4,7,9,1,10,2,12,,23,43,1,22,9,121.5958101,25.05086094
111,8,23,16,30,2,01大同區,大同區長安西路與西寧北路口,0,0,1,1,B02,8,2,5,50,4,1,1,5,4,5,7,1,1,5,4,5,2,16,1,50,3,10,1,1,7,5,1,8,1,1,,8,8,1,22,9,121.5085536,25.052032
111,8,23,16,30,2,01大同區,大同區長安西路與西寧北路口,0,0,1,2,C03,8,2,5,50,4,1,1,5,4,5,7,1,1,5,4,5,2,16,1,62,2,9,1,1,7,9,1,10,1,14,,30,8,1,22,9,121.5085536,25.052032
111,8,23,16,35,2,09北投區,北投區東華街2段與致遠三路55巷口,0,0,1,1,C03,8,1,5,50,4,2,1,5,4,5,7,2,1,1,4,5,2,13,1,38,2,9,1,1,7,9,1,10,8,14,,17,17,1,22,9,121.5090228,25.12053407