發生年度,發生月,發生日,發生時-Hours,發生分,處理別-編號,區序,肇事地點,死亡人數,2-30日死亡人數,受傷人數,當事人序號,車種,天候,光線,道路類別,速限-速度限制,道路型態,事故位置,路面狀況1,路面狀況2,路面狀況3,道路障礙1,道路障礙2,號誌1,號誌2,車道劃分-分向,車道劃分-分道1,車道劃分-分道2,車道劃分-分道3,事故類型及型態,性別,年齡,受傷程度,主要傷處,安全帽,行動電話,車輛用途,當事者行動狀態,駕駛資格情形,駕駛執照種類,飲酒情形,車輛撞擊部位1,車輛撞擊部位2,肇因碼-個別,肇因碼-主要,個人肇逃否,職業,旅次目的,座標-X,座標-Y
111,8,23,16,35,2,09北投區,北投區東華街2段與致遠三路55巷口,0,0,1,2,B03,8,1,5,50,4,2,1,5,4,5,7,2,1,1,4,5,2,13,1,50,3,10,1,1,7,9,1,8,2,2,,44,17,1,22,9,121.5090228,25.12053407
111,8,23,16,40,2,08士林區,士林區延平北路7段與延平北路7段口橋下迴轉道,0,0,1,1,C03,8,1,5,50,3,1,1,5,4,5,7,4,4,10,5,5,2,17,1,78,2,9,1,1,7,5,1,10,1,12,,6,6,1,21,8,121.49703,25.0963228
111,8,23,16,40,2,08士林區,士林區延平北路7段與延平北路7段口橋下迴轉道,0,0,1,2,B12,8,1,5,50,3,1,1,5,4,5,7,4,4,10,5,5,2,17,1,35,3,10,1,1,7,9,1,8,1,8,,23,6,1,21,8,121.49703,25.0963228
111,8,23,16,43,2,04大安區,大安區建國南路2段13號,0,0,1,1,B03,8,1,5,50,14,9,1,5,4,5,7,4,4,10,3,5,2,17,1,56,3,10,1,1,7,6,1,8,1,2,,5,5,1,22,9,121.5380903,25.0328399
111,8,23,16,43,2,04大安區,大安區建國南路2段13號,0,0,1,2,C03,8,1,5,50,14,9,1,5,4,5,7,4,4,10,3,5,2,17,1,38,2,9,1,1,7,9,1,10,1,14,,14,5,1,22,9,121.5380903,25.0328399
111,8,23,17,6,2,12內湖區,內湖區瑞湖街109號,0,0,1,1,B02,8,1,5,50,3,1,1,5,4,5,7,4,4,5,4,5,2,17,1,38,3,10,1,1,7,1,1,8,1,2,,19,19,1,22,9,121.5762549,25.071958
111,8,23,17,6,2,12內湖區,內湖區瑞湖街109號,0,0,1,2,C03,8,1,5,50,3,1,1,5,4,5,7,4,4,5,4,5,2,17,1,31,2,9,1,1,7,9,1,10,1,11,,14,19,1,22,9,121.5762549,25.071958
111,8,23,17,10,2,10文山區,文山區木柵路5段110號對面,0,0,1,1,C03,8,1,5,50,14,9,1,5,4,5,7,2,1,5,2,5,2,13,1,56,2,8,3,4,7,9,1,10,1,11,,16,16,1,22,9,121.5915481,24.99900588
111,8,23,17,10,2,10文山區,文山區木柵路5段110號對面,0,0,1,2,C03,8,1,5,50,14,9,1,5,4,5,7,2,1,5,2,5,2,13,1,33,3,10,3,4,7,14,1,10,1,13,,42,16,1,22,9,121.5915481,24.99900588
111,8,23,17,17,2,05中正區,中正區杭州南路1段105巷與仁愛路2段38巷口,0,0,1,1,C03,8,2,5,30,4,1,1,5,4,5,7,4,4,10,5,5,2,15,2,55,2,9,1,1,7,9,1,10,2,11,,6,6,1,22,9,121.5271411,25.03701239
111,8,23,17,17,2,05中正區,中正區杭州南路1段105巷與仁愛路2段38巷口,0,0,1,2,B12,8,2,5,30,4,1,1,5,4,5,7,4,4,10,5,5,2,15,1,64,3,10,1,1,7,9,1,8,2,8,,23,6,1,22,9,121.5271411,25.03701239
111,8,23,17,30,2,08士林區,士林區中山北路5段與至誠路2段口,0,0,1,1,B03,8,1,5,30,3,2,1,5,4,5,7,3,1,10,5,5,1,16,1,43,3,10,1,1,7,5,1,8,1,1,,6,6,1,22,9,121.5264957,25.10095143
111,8,23,17,30,2,08士林區,士林區中山北路5段與至誠路2段口,0,0,1,2,C03,8,1,5,30,3,2,1,5,4,5,7,3,1,10,5,5,1,16,1,25,2,9,1,1,7,9,1,10,1,11,,23,6,1,22,9,121.5264957,25.10095143
111,8,23,17,33,2,05中正區,中正區延平南路與貴陽街1段口,0,0,1,1,B03,8,1,5,50,4,2,1,5,4,5,7,2,1,9,4,5,2,13,1,29,3,10,1,1,7,9,1,8,1,1,,23,23,1,22,5,121.5087582,25.03905576
111,8,23,17,33,2,05中正區,中正區延平南路與貴陽街1段口,0,0,1,2,C03,8,1,5,50,4,2,1,5,4,5,7,2,1,9,4,5,2,13,2,28,2,9,1,1,7,14,1,10,1,13,,44,23,1,22,1,121.5087582,25.03905576
111,8,23,17,33,2,07信義區,信義區信義路5段與松仁路口,0,0,1,1,B03,8,1,5,50,4,1,1,5,4,5,7,1,1,1,4,5,2,17,1,27,3,10,1,1,7,6,1,8,1,8,,9,9,1,22,9,121.5684556,25.0327831
111,8,23,17,33,2,07信義區,信義區信義路5段與松仁路口,0,0,1,2,F01,8,1,5,50,4,1,1,5,4,5,7,1,1,1,4,5,2,17,1,32,2,8,1,1,7,9,8,20,1,16,,44,9,1,22,9,121.5684556,25.0327831
111,8,23,17,35,2,11南港區,南港區經貿一路與經貿二路105巷口,0,0,1,1,B03,8,1,5,50,3,2,1,5,4,5,7,1,1,1,3,4,1,16,1,43,3,10,1,1,7,5,1,8,1,6,,43,43,1,22,9,121.6194121,25.059008
111,8,23,17,35,2,11南港區,南港區經貿一路與經貿二路105巷口,0,0,1,2,C03,8,1,5,50,3,2,1,5,4,5,7,1,1,1,3,4,1,16,1,53,2,8,1,1,7,9,1,10,1,11,,43,43,1,22,9,121.6194121,25.059008
111,8,23,17,40,2,09北投區,北投區立賢路85號,0,0,1,2,,8,3,5,50,14,13,1,5,4,4,7,4,4,9,4,5,2,18,3,,,,,,,,,,,,,61,44,1,,,121.5029231,25.1148053
111,8,23,17,40,2,09北投區,北投區立賢路85號,0,0,1,1,C03,8,3,5,50,14,13,1,5,4,4,7,4,4,9,4,5,2,18,1,43,2,9,3,4,7,9,1,10,1,12,,44,44,1,22,9,121.5029231,25.1148053
111,8,23,17,46,2,03中山區,中山區民族東路216號對面,0,0,2,1,C03,8,1,5,50,14,9,1,5,4,5,7,4,4,1,4,5,2,12,2,39,2,9,1,1,7,9,1,10,1,14,,43,43,1,22,9,121.5314672,25.0683113
111,8,23,17,46,2,03中山區,中山區民族東路216號對面,0,0,2,2,C03,8,1,5,50,14,9,1,5,4,5,7,4,4,1,4,5,2,12,1,54,2,9,1,1,7,9,1,10,1,12,,43,43,1,22,9,121.5314672,25.0683113
111,8,23,17,46,2,03中山區,中山區民族東路216號對面,0,0,2,3,C03,8,1,5,50,14,9,1,5,4,5,7,4,4,1,4,5,2,12,2,34,3,10,1,1,7,9,1,10,1,14,,44,43,1,22,9,121.5314672,25.0683113
111,8,23,17,50,2,12內湖區,內湖區瑞光路166號,0,0,1,1,C03,8,1,5,50,14,9,1,5,4,5,7,4,4,5,4,5,2,12,1,63,2,9,1,1,7,9,1,10,1,12,,17,17,1,22,9,121.5785399,25.0741459
111,8,23,17,50,2,12內湖區,內湖區瑞光路166號,0,0,1,2,C03,8,1,5,50,14,9,1,5,4,5,7,4,4,5,4,5,2,12,1,23,3,10,1,1,7,9,1,10,1,14,,17,17,1,22,9,121.5785399,25.0741459
111,8,23,17,50,2,07信義區,信義區基隆路1段333號旁,0,0,1,1,C03,8,1,5,50,14,9,1,5,4,5,7,1,1,1,4,5,1,13,1,18,2,8,3,4,7,9,1,10,1,11,,16,16,1,22,9,121.5606859,25.0345397
111,8,23,17,50,2,07信義區,信義區基隆路1段333號旁,0,0,1,2,B03,8,1,5,50,14,9,1,5,4,5,7,1,1,1,4,5,1,13,1,25,3,10,3,4,7,14,1,8,1,3,,44,16,1,22,9,121.5606859,25.0345397
111,8,23,17,51,2,10文山區,文山區木柵路1段57號對面,0,0,2,1,C03,8,1,5,50,14,9,1,5,4,5,7,2,1,9,4,5,2,13,2,48,2,7,1,1,7,9,1,10,1,11,,16,16,1,22,9,121.5459384,24.98670642
111,8,23,17,51,2,10文山區,文山區木柵路1段57號對面,0,0,2,2,C03,8,1,5,50,14,9,1,5,4,5,7,2,1,9,4,5,2,13,1,71,2,8,1,1,7,14,1,10,1,13,,44,16,1,22,9,121.5459384,24.98670642
111,8,23,18,1,2,05中正區,中正區三元街175號,0,0,1,1,C03,8,1,5,50,14,9,1,5,4,5,7,4,4,3,4,4,2,16,1,56,3,10,1,1,7,7,6,10,2,14,,7,7,1,22,9,121.5119565,25.02785181
111,8,23,18,1,2,05中正區,中正區三元街175號,0,0,1,2,C03,8,1,5,50,14,9,1,5,4,5,7,4,4,3,4,4,2,16,1,32,2,9,1,1,7,9,1,10,2,12,,44,7,1,22,9,121.5119565,25.02785181
111,8,23,18,4,2,08士林區,士林區承德路4段195巷與承德路4段口,0,0,1,1,B03,8,1,5,50,3,2,1,5,4,5,7,3,1,1,4,5,1,17,1,75,3,10,1,1,7,6,1,8,2,4,,6,6,1,22,9,121.5219716,25.08829851
111,8,23,18,4,2,08士林區,士林區承德路4段195巷與承德路4段口,0,0,1,2,C03,8,1,5,50,3,2,1,5,4,5,7,3,1,1,4,5,1,17,1,22,2,7,1,1,7,9,1,10,2,11,,13,6,1,22,9,121.5219716,25.08829851
111,8,23,18,10,2,03中山區,中山區民族東路170號,0,0,1,1,B02,8,2,5,50,14,9,1,5,4,5,7,4,4,3,4,5,2,16,1,56,3,10,1,1,7,6,1,8,1,2,,9,9,1,22,9,121.5298191,25.068107
111,8,23,18,10,2,03中山區,中山區民族東路170號,0,0,1,2,C03,8,2,5,50,14,9,1,5,4,5,7,4,4,3,4,5,2,16,1,43,2,9,1,1,7,9,1,10,1,14,,14,9,1,22,9,121.5298191,25.068107
111,8,23,18,34,2,11南港區,南港區重陽路321之2號,0,0,1,1,B02,8,3,5,30,14,9,1,5,4,5,7,4,4,8,3,5,2,12,1,24,3,10,3,4,7,5,1,8,2,8,,8,8,1,22,9,121.6052037,25.05852465
111,8,23,18,34,2,11南港區,南港區重陽路321之2號,0,0,1,2,C03,8,3,5,30,14,9,1,5,4,5,7,4,4,8,3,5,2,12,2,33,2,9,1,4,7,4,1,10,2,12,,1,8,1,22,9,121.6052037,25.05852465
111,8,23,18,43,2,07信義區,信義區信義路6段76巷與信義路6段76巷3弄口,0,0,1,1,F01,8,3,5,30,3,1,1,5,4,5,7,4,4,10,5,5,2,12,1,39,3,10,1,1,7,5,8,20,1,16,,43,43,1,22,9,121.5772172,25.0348409
111,8,23,18,43,2,07信義區,信義區信義路6段76巷與信義路6段76巷3弄口,0,0,1,2,C03,8,3,5,30,3,1,1,5,4,5,7,4,4,10,5,5,2,12,2,30,2,9,3,4,7,9,1,10,1,12,,43,43,1,22,9,121.5772172,25.0348409
111,8,23,18,45,2,05中正區,中正區銅山街與銅山街11巷口,0,0,2,1,C03,8,3,5,30,4,1,1,5,4,5,7,4,4,10,5,5,1,16,1,48,2,8,1,1,7,9,1,10,2,14,,6,6,1,22,9,121.5267423,25.039969
111,8,23,18,45,2,05中正區,中正區銅山街與銅山街11巷口,0,0,2,2,C03,8,3,5,30,4,1,1,5,4,5,7,4,4,10,5,5,1,16,1,51,2,8,1,1,7,9,1,10,2,11,,14,6,1,22,9,121.5267423,25.039969
111,8,23,18,59,2,01大同區,大同區環河北路1段與民生西路口,0,0,3,2,C03,8,3,5,0,4,1,1,5,4,5,7,2,1,9,5,5,2,17,2,63,2,9,1,1,7,1,1,10,1,11,,44,44,1,22,9,121.508352,25.05689683
111,8,23,18,59,2,01大同區,大同區環河北路1段與民生西路口,0,0,3,1,C03,8,3,5,0,4,1,1,5,4,5,7,2,1,9,5,5,2,17,1,38,4,11,3,4,7,15,7,19,11,15,,44,44,2,22,9,121.508352,25.05689683
111,8,23,18,59,2,01大同區,大同區環河北路1段與民生西路口,0,0,3,3,C03,8,3,5,0,4,1,1,5,4,5,7,2,1,9,5,5,2,17,2,26,2,9,1,1,7,15,1,10,1,12,,25,44,1,22,9,121.508352,25.05689683
111,8,23,18,59,2,01大同區,大同區環河北路1段與民生西路口,0,0,3,4,H02,8,3,5,0,4,1,1,5,4,5,7,2,1,9,5,5,2,17,2,46,2,9,1,4,7,20,8,20,10,15,,67,44,1,22,9,121.508352,25.05689683
111,8,23,19,5,2,05中正區,中正區羅斯福路3段150號前,0,0,1,1,B01,8,3,5,50,14,9,1,5,4,5,7,4,4,2,4,5,2,12,1,61,3,10,1,1,7,7,1,4,1,4,,7,7,1,22,9,121.5286853,25.02012839
111,8,23,19,5,2,05中正區,中正區羅斯福路3段150號前,0,0,1,2,C03,8,3,5,50,14,9,1,5,4,5,7,4,4,2,4,5,2,12,1,19,2,9,1,1,7,9,1,10,1,12,,42,7,1,22,9,121.5286853,25.02012839
111,8,23,20,0,2,09北投區,北投區裕民六路114巷36弄1號,0,0,1,1,,8,3,5,30,13,9,1,5,4,5,7,4,4,10,5,5,2,18,3,,,,,,,,,,,,,66,66,1,,,121.518711,25.11426775
111,8,23,20,0,2,09北投區,北投區裕民六路114巷36弄1號,0,0,1,2,C03,8,3,5,30,13,9,1,5,4,5,7,4,4,10,5,5,2,18,1,34,2,9,1,1,7,9,1,10,1,14,,44,66,1,22,9,121.518711,25.11426775
111,8,23,20,25,2,12內湖區,內湖區安康路25巷與民權東路6段190巷口,0,0,2,1,C03,8,3,5,30,4,1,1,5,4,5,7,2,1,5,5,5,2,17,2,61,2,9,1,1,7,9,6,10,1,11,,23,23,1,22,9,121.5934238,25.06441729
111,8,23,20,25,2,12內湖區,內湖區安康路25巷與民權東路6段190巷口,0,0,2,2,C03,8,3,5,30,4,1,1,5,4,5,7,2,1,5,5,5,2,17,1,33,2,8,1,1,7,5,1,10,1,11,,44,23,1,22,9,121.5934238,25.06441729
111,8,23,20,40,2,06松山區,松山區八德路4段320號,0,0,1,1,B03,7,3,5,50,14,9,1,5,4,5,7,4,4,5,4,5,2,16,1,39,3,10,1,1,7,11,1,8,1,7,,10,10,1,22,9,121.5677678,25.04917908
111,8,23,20,40,2,06松山區,松山區八德路4段320號,0,0,1,2,B01,7,3,5,50,14,9,1,5,4,5,7,4,4,5,4,5,2,16,1,60,3,10,1,1,7,9,1,4,1,5,,23,10,1,22,9,121.5677678,25.04917908
111,8,23,20,40,2,06松山區,松山區八德路4段320號,0,0,1,3,H02,7,3,5,50,14,9,1,5,4,5,7,4,4,5,4,5,2,16,2,28,2,1,4,5,7,20,8,20,1,16,,58,10,1,22,9,121.5677678,25.04917908
111,8,23,21,5,2,03中山區,中山區八德路2段121號,0,0,4,1,B03,8,1,5,50,14,9,1,5,4,5,7,1,1,9,4,5,2,13,2,63,4,11,3,4,7,15,7,19,11,15,,23,43,2,22,9,121.5372416,25.04618116
111,8,23,21,5,2,03中山區,中山區八德路2段121號,0,0,4,2,B03,8,1,5,50,14,9,1,5,4,5,7,1,1,9,4,5,2,13,1,35,2,6,3,4,7,1,1,8,1,7,,44,43,1,22,9,121.5372416,25.04618116
111,8,23,21,5,2,03中山區,中山區八德路2段121號,0,0,4,4,H02,8,1,5,50,14,9,1,5,4,5,7,1,1,9,4,5,2,13,2,49,2,9,3,4,7,20,8,20,10,16,,67,43,1,22,9,121.5372416,25.04618116
111,8,23,21,5,2,03中山區,中山區八德路2段121號,0,0,4,3,H02,8,1,5,50,14,9,1,5,4,5,7,1,1,9,4,5,2,13,2,23,2,9,4,5,7,21,8,20,10,16,,67,43,1,22,9,121.5372416,25.04618116
111,8,23,21,5,2,03中山區,中山區八德路2段121號,0,0,4,5,H02,8,1,5,50,14,9,1,5,4,5,7,1,1,9,4,5,2,13,1,28,2,9,3,4,7,20,8,20,10,16,,67,43,1,22,9,121.5372416,25.04618116
111,8,23,21,11,2,04大安區,大安區市民大道4段與延吉街口,0,0,1,1,B03,8,3,5,40,4,1,1,5,4,5,7,2,1,1,4,5,2,3,1,25,3,10,1,1,7,6,1,8,1,1,,15,15,1,22,9,121.5539089,25.04423533
111,8,23,21,11,2,04大安區,大安區市民大道4段與延吉街口,0,0,1,2,H01,8,3,5,40,4,1,1,5,4,5,7,2,1,1,4,5,2,3,1,36,2,9,4,5,8,16,8,20,10,16,,67,15,1,22,9,121.5539089,25.04423533
111,8,23,22,20,2,04大安區,大安區基隆路2段172-1號,0,0,1,1,B01,8,3,5,50,14,9,1,5,4,5,7,4,4,3,4,5,2,17,2,48,3,10,1,1,7,8,1,4,1,15,,7,7,1,22,9,121.5543162,25.0259896
111,8,23,22,20,2,04大安區,大安區基隆路2段172-1號,0,0,1,2,C03,8,3,5,50,14,9,1,5,4,5,7,4,4,3,4,5,2,17,2,20,2,7,1,1,7,9,1,10,1,14,,44,7,1,22,9,121.5543162,25.0259896
111,8,23,22,49,2,02萬華區,萬華區和平西路3段與梧州街口,0,0,1,1,B01,7,3,5,50,4,1,1,5,4,5,7,2,1,10,5,5,2,9,1,64,3,10,1,1,7,6,1,4,9,1,,15,15,1,22,9,121.4974973,25.03541867
111,8,23,22,49,2,02萬華區,萬華區和平西路3段與梧州街口,0,0,1,2,H01,7,3,5,50,4,1,1,5,4,5,7,2,1,10,5,5,2,9,2,70,2,9,4,5,8,16,8,20,9,16,,67,15,1,22,9,121.4974973,25.03541867
111,8,23,22,56,2,04大安區,大安區辛亥路3段與基隆路3段口,0,0,1,1,C03,7,3,5,50,4,1,1,5,4,5,7,4,4,10,5,5,2,16,1,24,2,7,1,1,7,9,1,10,2,12,,17,17,1,22,9,121.5468331,25.0191607
111,8,23,22,56,2,04大安區,大安區辛亥路3段與基隆路3段口,0,0,1,2,C03,7,3,5,50,4,1,1,5,4,5,7,4,4,10,5,5,2,16,1,18,3,10,1,1,7,9,1,10,2,14,,17,17,1,22,9,121.5468331,25.0191607
111,8,23,23,23,2,02萬華區,萬華區西園路2段與寶興街口,0,0,2,1,C03,8,1,5,50,4,1,1,5,4,5,7,1,1,3,3,5,2,16,1,31,2,9,1,4,7,5,1,10,1,14,,26,26,1,22,9,121.493732,25.0269866
111,8,23,23,23,2,02萬華區,萬華區西園路2段與寶興街口,0,0,2,2,C03,8,1,5,50,4,1,1,5,4,5,7,1,1,3,3,5,2,16,1,31,2,9,1,4,7,9,1,10,1,12,,26,26,1,22,9,121.493732,25.0269866
111,8,23,23,23,2,02萬華區,萬華區西園路2段與寶興街口,0,0,2,3,C03,8,1,5,50,4,1,1,5,4,5,7,1,1,3,3,5,2,16,1,26,3,10,1,4,7,9,1,10,1,13,,26,26,1,22,9,121.493732,25.0269866
111,8,24,3,20,2,08士林區,士林區東山路25巷32號,0,0,1,1,C03,7,3,5,30,3,2,1,5,4,4,7,4,4,10,5,5,2,24,1,23,2,9,1,1,7,9,1,10,1,12,,13,13,1,22,9,121.5409128,25.11832457
111,8,24,3,20,2,08士林區,士林區東山路25巷32號,0,0,1,2,,7,3,5,30,3,2,1,5,4,4,7,4,4,10,5,5,2,24,3,,,,,,,,,,,,,60,13,1,,,121.5409128,25.11832457
111,8,24,6,20,2,08士林區,士林區德行西路與福華路口,0,0,2,1,C03,8,1,5,50,4,1,1,5,4,5,7,1,1,10,4,5,2,15,1,19,2,5,1,1,7,9,1,10,1,11,,25,25,1,22,9,121.5219749,25.1046271
111,8,24,6,20,2,08士林區,士林區德行西路與福華路口,0,0,2,2,C03,8,1,5,50,4,1,1,5,4,5,7,1,1,10,4,5,2,15,1,26,2,9,1,1,7,9,1,10,1,12,,13,25,1,22,9,121.5219749,25.1046271
111,8,24,6,39,2,04大安區,大安區辛亥路3段與芳蘭路口,0,0,2,1,B03,8,1,5,50,14,9,1,5,4,5,7,2,1,1,4,5,2,12,1,62,3,10,1,1,7,8,1,8,1,2,,7,7,1,22,9,121.5487877,25.01683449
111,8,24,6,39,2,04大安區,大安區辛亥路3段與芳蘭路口,0,0,2,2,C02,8,1,5,50,14,9,1,5,4,5,7,2,1,1,4,5,2,12,1,25,2,9,1,1,7,9,1,9,1,11,,13,7,1,22,9,121.5487877,25.01683449
111,8,24,6,39,2,04大安區,大安區辛亥路3段與芳蘭路口,0,0,2,3,H02,8,1,5,50,14,9,1,5,4,5,7,2,1,1,4,5,2,12,1,67,2,9,1,5,7,21,8,20,10,16,,67,7,1,22,9,121.5487877,25.01683449
111,8,24,6,45,2,07信義區,信義區永吉路與虎林街口,0,0,1,1,B03,8,1,5,50,4,1,1,5,4,5,7,2,1,1,4,4,2,15,1,39,3,10,1,1,7,9,1,10,2,8,,25,25,1,22,9,121.5769959,25.0454163
111,8,24,6,45,2,07信義區,信義區永吉路與虎林街口,0,0,1,2,C03,8,1,5,50,4,1,1,5,4,5,7,2,1,1,4,4,2,15,1,70,2,9,1,1,7,9,1,10,2,12,,44,25,1,22,9,121.5769959,25.0454163
111,8,24,7,20,2,10文山區,文山區興隆路2段244巷24號,0,0,2,1,C03,8,1,5,30,14,9,1,5,4,5,7,4,4,5,5,5,2,12,2,30,2,9,1,1,7,9,1,10,2,11,,44,44,1,22,9,121.5533901,25.00010303
111,8,24,7,20,2,10文山區,文山區興隆路2段244巷24號,0,0,2,2,C03,8,1,5,30,14,9,1,5,4,5,7,4,4,5,5,5,2,12,1,50,2,8,1,1,7,8,1,10,2,12,,7,44,1,22,9,121.5533901,25.00010303
111,8,24,7,36,2,05中正區,中正區博愛路與長沙街1段口,0,0,1,1,B03,8,1,5,50,3,2,1,5,4,5,7,4,4,9,4,5,2,1,2,50,3,10,1,1,7,5,1,8,1,1,,15,15,1,22,9,121.5112164,25.0400844
111,8,24,7,36,2,05中正區,中正區博愛路與長沙街1段口,0,0,1,2,H01,8,1,5,50,3,2,1,5,4,5,7,4,4,9,4,5,2,1,2,36,2,9,4,5,8,16,8,20,10,16,,67,15,1,22,9,121.5112164,25.0400844
111,8,24,7,44,2,01大同區,大同區承德路3段與民權西路口西北角,0,0,1,1,B01,8,1,5,50,4,1,1,5,4,5,7,1,1,8,3,5,1,15,1,57,3,10,1,1,7,9,6,8,2,1,,25,25,1,22,9,121.5173599,25.06327122
111,8,24,7,44,2,01大同區,大同區承德路3段與民權西路口西北角,0,0,1,2,C03,8,1,5,50,4,1,1,5,4,5,7,1,1,8,3,5,1,15,1,23,2,9,1,1,7,9,1,10,2,12,,44,25,1,22,9,121.5173599,25.06327122
111,8,24,7,45,2,03中山區,中山區民族西路與中山北路3段口,0,0,1,2,B03,8,1,5,50,4,2,1,5,4,5,7,1,1,5,4,5,2,12,2,48,3,10,1,1,7,9,1,8,1,2,,44,7,1,22,9,121.5224749,25.0684033
111,8,24,7,45,2,03中山區,中山區民族西路與中山北路3段口,0,0,1,1,C03,8,1,5,50,4,2,1,5,4,5,7,1,1,5,4,5,2,12,2,57,2,9,1,1,7,7,1,10,1,14,,7,7,1,22,9,121.5224749,25.0684033
111,8,24,7,49,2,05中正區,中正區博愛路與寶慶路口,0,0,1,1,B12,8,1,5,50,4,1,1,5,4,5,7,1,1,10,4,5,2,2,1,57,3,10,1,1,7,5,1,3,2,1,,15,15,1,22,9,121.5114088,25.0413567
111,8,24,7,49,2,05中正區,中正區博愛路與寶慶路口,0,0,1,2,H01,8,1,5,50,4,1,1,5,4,5,7,1,1,10,4,5,2,2,2,32,2,9,4,5,8,16,8,20,10,16,,67,15,1,22,9,121.5114088,25.0413567
111,8,24,7,49,2,07信義區,信義區和平東路3段510號斜對面,0,0,1,1,C03,8,1,8,50,15,22,1,5,4,5,7,4,4,5,4,4,2,13,1,25,2,9,1,1,7,9,1,10,2,11,,16,16,1,22,9,121.5607722,25.01594701
111,8,24,7,49,2,07信義區,信義區和平東路3段510號斜對面,0,0,1,2,B01,8,1,8,50,15,22,1,5,4,5,7,4,4,5,4,4,2,13,1,53,3,10,1,1,7,8,1,4,2,7,,7,16,1,22,9,121.5607722,25.01594701
111,8,24,8,0,2,07信義區,信義區富陽街55巷與富陽街21巷口,0,0,2,1,C03,8,1,5,30,4,1,1,5,4,5,7,4,4,9,5,5,2,15,1,45,2,9,1,1,7,9,1,10,1,12,,6,6,1,22,9,121.5574622,25.02248722
111,8,24,8,0,2,07信義區,信義區富陽街55巷與富陽街21巷口,0,0,2,2,C03,8,1,5,30,4,1,1,5,4,5,7,4,4,9,5,5,2,15,1,27,3,10,1,1,7,9,1,10,1,11,,14,6,1,22,9,121.5574622,25.02248722
111,8,24,8,0,2,07信義區,信義區富陽街55巷與富陽街21巷口,0,0,2,3,H02,8,1,5,30,4,1,1,5,4,5,7,4,4,9,5,5,2,15,2,70,2,9,4,5,7,20,8,20,10,16,,67,6,1,22,9,121.5574622,25.02248722
111,8,24,8,14,2,04大安區,大安區忠孝東路4段與敦化南路1段口,0,0,1,1,A02,8,1,5,50,4,1,1,5,4,5,7,1,1,1,3,5,2,17,1,41,3,10,1,1,7,5,1,2,9,15,,8,8,1,22,9,121.5491364,25.0415798
111,8,24,8,14,2,04大安區,大安區忠孝東路4段與敦化南路1段口,0,0,1,2,C03,8,1,5,50,4,1,1,5,4,5,7,1,1,1,3,5,2,17,1,31,2,9,1,1,7,12,1,10,1,14,,42,8,1,22,9,121.5491364,25.0415798
111,8,24,8,18,2,12內湖區,內湖區新湖二路128號附近,0,0,2,1,C03,8,1,5,50,14,9,1,5,4,5,7,4,4,5,4,5,2,12,2,38,2,8,1,1,7,9,1,10,1,11,,23,23,1,22,9,121.5787106,25.06218947
111,8,24,8,18,2,12內湖區,內湖區新湖二路128號附近,0,0,2,2,B03,8,1,5,50,14,9,1,5,4,5,7,4,4,5,4,5,2,12,2,48,2,2,1,1,7,5,1,8,1,4,,8,23,1,22,9,121.5787106,25.06218947
111,8,24,8,20,2,02萬華區,萬華區中興橋往台北市機車道下橋處,0,0,1,1,C03,8,1,7,30,8,11,1,5,4,4,7,4,4,10,5,5,2,13,1,18,3,10,1,1,7,12,1,10,1,11,,43,43,1,22,9,121.5001321,25.04280723
111,8,24,8,20,2,02萬華區,萬華區中興橋往台北市機車道下橋處,0,0,1,2,C03,8,1,7,30,8,11,1,5,4,4,7,4,4,10,5,5,2,13,1,18,2,9,1,1,7,9,1,10,1,13,,43,43,1,22,9,121.5001321,25.04280723
111,8,24,8,28,2,04大安區,大安區仁愛路4段與復興南路1段口,0,0,1,1,C03,8,1,5,50,14,9,1,5,4,5,7,2,1,1,4,5,2,13,1,22,2,9,1,1,7,8,1,10,1,13,,26,26,1,22,9,121.5437928,25.0376806
111,8,24,8,28,2,04大安區,大安區仁愛路4段與復興南路1段口,0,0,1,2,B03,8,1,5,50,14,9,1,5,4,5,7,2,1,1,4,5,2,13,1,70,3,10,1,1,7,9,1,8,1,1,,44,26,1,22,9,121.5437928,25.0376806
111,8,24,8,40,2,09北投區,北投區承德路7段393巷200號,0,0,1,1,A42,8,1,5,50,14,9,1,5,4,5,7,2,1,5,5,5,2,17,1,58,3,10,1,1,7,1,1,3,2,1,,19,19,1,22,9,121.4986415,25.11244591
111,8,24,8,40,2,09北投區,北投區承德路7段393巷200號,0,0,1,2,C03,8,1,5,50,14,9,1,5,4,5,7,2,1,5,5,5,2,17,2,49,2,8,1,1,7,5,1,10,2,14,,44,19,1,22,9,121.4986415,25.11244591
111,8,24,8,42,2,07信義區,信義區松仁路與信義路5段口,0,0,2,1,C03,8,1,5,50,4,1,1,5,4,5,7,2,1,3,4,5,2,13,1,68,2,9,1,1,7,9,1,10,1,12,,23,23,1,22,9,121.5681895,25.0327713
111,8,24,8,42,2,07信義區,信義區松仁路與信義路5段口,0,0,2,2,B03,8,1,5,50,4,1,1,5,4,5,7,2,1,3,4,5,2,13,2,49,3,10,1,1,7,6,1,8,1,7,,9,23,1,22,9,121.5681895,25.0327713