發生年度,發生月,發生日,發生時-Hours,發生分,處理別-編號,區序,肇事地點,死亡人數,2-30日死亡人數,受傷人數,當事人序號,車種,天候,光線,道路類別,速限-速度限制,道路型態,事故位置,路面狀況1,路面狀況2,路面狀況3,道路障礙1,道路障礙2,號誌1,號誌2,車道劃分-分向,車道劃分-分道1,車道劃分-分道2,車道劃分-分道3,事故類型及型態,性別,年齡,受傷程度,主要傷處,安全帽,行動電話,車輛用途,當事者行動狀態,駕駛資格情形,駕駛執照種類,飲酒情形,車輛撞擊部位1,車輛撞擊部位2,肇因碼-個別,肇因碼-主要,個人肇逃否,職業,旅次目的,座標-X,座標-Y
111,8,24,8,42,2,07信義區,信義區松仁路與信義路5段口,0,0,2,4,H02,8,1,5,50,4,1,1,5,4,5,7,2,1,3,4,5,2,13,2,32,2,7,1,5,7,17,8,20,10,16,,67,23,1,22,9,121.5681895,25.0327713
111,8,24,8,42,2,07信義區,信義區松仁路與信義路5段口,0,0,2,3,B03,8,1,5,50,4,1,1,5,4,5,7,2,1,3,4,5,2,13,1,23,3,10,1,1,7,9,1,8,1,1,,26,23,1,22,9,121.5681895,25.0327713
111,8,24,8,46,2,06松山區,松山區民權東路5段與撫遠街口,0,0,1,1,B03,8,1,5,50,4,1,1,5,4,5,7,1,1,1,4,5,2,15,1,39,3,10,1,1,7,9,1,8,1,1,,25,25,1,22,9,121.5659762,25.06340049
111,8,24,8,46,2,06松山區,松山區民權東路5段與撫遠街口,0,0,1,2,C03,8,1,5,50,4,1,1,5,4,5,7,1,1,1,4,5,2,15,1,37,2,9,1,1,7,1,4,11,1,12,,19,25,1,22,9,121.5659762,25.06340049
111,8,24,8,54,2,07信義區,信義區基隆路汽機車混合地下道往北,0,0,1,1,C03,8,3,7,30,14,11,1,5,4,5,7,4,4,5,4,5,2,17,1,27,3,10,1,1,7,9,1,10,1,15,,13,13,1,22,9,121.5629585,25.0386891
111,8,24,8,54,2,07信義區,信義區基隆路汽機車混合地下道往北,0,0,1,2,C03,8,3,7,30,14,11,1,5,4,5,7,4,4,5,4,5,2,17,1,37,2,9,1,1,7,9,1,10,1,14,,23,13,1,22,9,121.5629585,25.0386891
111,8,24,9,5,2,04大安區,快車道(敦化南路二段81巷與敦化南路二段103巷之間),0,0,1,1,H01,8,1,5,50,14,7,1,5,4,5,7,4,4,8,3,5,1,6,1,53,2,1,4,1,8,18,8,20,2,16,,51,51,1,22,9,121.5487511,25.02831181
111,8,24,9,5,2,04大安區,快車道(敦化南路二段81巷與敦化南路二段103巷之間),0,0,1,2,B01,8,1,5,50,14,7,1,5,4,5,7,4,4,8,3,5,1,6,1,46,3,10,1,1,7,9,1,8,2,1,,44,51,1,22,9,121.5487511,25.02831181
111,8,24,9,5,2,04大安區,大安區金華街與愛國東路210巷口,0,0,2,1,C03,8,1,5,50,3,1,1,5,4,5,7,4,4,10,5,5,2,16,2,58,2,8,1,1,7,8,1,10,1,12,,7,7,1,22,9,121.5238669,25.030639
111,8,24,9,5,2,04大安區,大安區金華街與愛國東路210巷口,0,0,2,2,C03,8,1,5,50,3,1,1,5,4,5,7,4,4,10,5,5,2,16,2,33,2,9,1,1,7,9,1,10,1,11,,44,7,1,22,9,121.5238669,25.030639
111,8,24,9,10,2,11南港區,南港區玉成街與八德路4段768巷1弄口,0,0,2,1,C03,8,1,5,30,4,1,1,5,4,5,7,3,1,5,4,5,2,16,1,25,2,9,1,1,7,5,1,10,1,14,,6,6,1,22,9,121.5817368,25.05050969
111,8,24,9,10,2,11南港區,南港區玉成街與八德路4段768巷1弄口,0,0,2,2,C04,8,1,5,30,4,1,1,5,4,5,7,3,1,5,4,5,2,16,2,19,2,7,1,1,7,4,1,10,1,11,,1,6,1,22,9,121.5817368,25.05050969
111,8,24,9,20,2,11南港區,南港區經貿二路與經貿二路235巷口口,0,0,1,1,C03,8,1,5,50,4,1,1,5,4,5,7,2,1,1,4,5,2,12,2,28,2,9,1,1,7,9,1,10,1,14,,44,44,1,22,9,121.614341,25.0607244
111,8,24,9,20,2,11南港區,南港區經貿二路與經貿二路235巷口口,0,0,1,2,B03,8,1,5,50,4,1,1,5,4,5,7,2,1,1,4,5,2,12,1,53,3,10,1,1,7,8,1,8,1,6,,7,44,1,22,9,121.614341,25.0607244
111,8,24,9,31,2,03中山區,中山區北安路與敬業四路口,0,0,1,1,C03,8,1,5,40,4,1,1,5,4,5,7,1,1,1,3,4,1,16,1,45,2,9,1,1,7,9,1,10,1,14,,17,17,1,22,9,121.5583993,25.0846646
111,8,24,9,31,2,03中山區,中山區北安路與敬業四路口,0,0,1,2,B03,8,1,5,40,4,1,1,5,4,5,7,1,1,1,3,4,1,16,2,46,3,10,3,4,7,6,1,8,1,5,,44,17,1,22,9,121.5583993,25.0846646
111,8,24,9,31,2,03中山區,中山區北安路與敬業四路口,0,0,1,3,B01,8,1,5,40,4,1,1,5,4,5,7,1,1,1,3,4,1,16,1,50,3,10,3,4,7,9,1,4,1,15,,44,17,1,22,9,121.5583993,25.0846646
111,8,24,9,50,2,03中山區,中山區北安路往東八二三砲戰紀念公園對面,0,0,1,1,C03,8,1,5,50,14,9,1,5,4,5,7,4,4,1,4,5,2,13,1,22,2,7,3,4,7,9,1,10,1,11,,23,23,1,22,9,121.5274513,25.0767577
111,8,24,9,50,2,03中山區,中山區北安路往東八二三砲戰紀念公園對面,0,0,1,2,B03,8,1,5,50,14,9,1,5,4,5,7,4,4,1,4,5,2,13,1,41,3,10,3,4,7,14,1,8,1,7,,44,23,1,22,9,121.5274513,25.0767577
111,8,24,9,50,2,04大安區,大安區市民大道3段與新生北路1段口,0,0,1,1,A02,8,1,5,50,14,9,1,5,4,5,7,2,1,1,4,5,2,12,1,38,3,10,1,1,7,8,1,2,1,2,,7,7,1,22,9,121.5329376,25.04537086
111,8,24,9,50,2,04大安區,大安區市民大道3段與新生北路1段口,0,0,1,2,C03,8,1,5,50,14,9,1,5,4,5,7,2,1,1,4,5,2,12,1,47,2,7,1,1,7,14,1,10,1,14,,44,7,1,22,9,121.5329376,25.04537086
111,8,24,9,53,2,03中山區,中山區長春路155號,0,0,1,1,B01,8,1,5,40,14,9,1,5,4,5,7,1,1,5,4,5,2,17,1,64,3,10,1,1,7,14,1,2,1,6,,38,38,1,22,9,121.5334714,25.0548657
111,8,24,9,53,2,03中山區,中山區長春路155號,0,0,1,2,C03,8,1,5,40,14,9,1,5,4,5,7,1,1,5,4,5,2,17,1,28,2,9,1,1,7,9,1,10,1,14,,44,38,1,22,9,121.5334714,25.0548657
111,8,24,9,53,2,03中山區,中山區長春路155號,0,0,1,3,H02,8,1,5,40,14,9,1,5,4,5,7,1,1,5,4,5,2,17,1,45,3,10,4,5,7,19,8,20,10,16,,56,38,1,22,9,121.5334714,25.0548657
111,8,24,10,8,2,01大同區,大同區甘州街15號,0,0,1,1,B01,8,1,5,50,14,9,1,5,4,3,5,4,4,9,4,5,2,17,1,59,4,11,3,4,7,15,7,19,11,15,,44,44,2,22,9,121.5128462,25.058739
111,8,24,10,8,2,01大同區,大同區甘州街15號,0,0,1,2,F01,8,1,5,50,14,9,1,5,4,3,5,4,4,9,4,5,2,17,2,70,2,9,1,1,7,15,8,20,11,16,,13,44,1,22,9,121.5128462,25.058739
111,8,24,10,10,2,01大同區,大同區民權西路與民權西路口捷運站6號出口,0,0,1,1,B01,8,3,5,50,14,12,1,5,4,5,7,4,4,1,4,4,2,17,1,43,4,11,3,4,7,15,7,19,11,15,,38,38,2,22,9,121.518903,25.06281315
111,8,24,10,10,2,01大同區,大同區民權西路與民權西路口捷運站6號出口,0,0,1,2,C03,8,3,5,50,14,12,1,5,4,5,7,4,4,1,4,4,2,17,2,85,2,8,1,1,7,7,1,10,2,14,,7,38,1,22,9,121.518903,25.06281315
111,8,24,10,10,2,01大同區,大同區民權西路與民權西路口捷運站6號出口,0,0,1,3,B12,8,3,5,50,14,12,1,5,4,5,7,4,4,1,4,4,2,17,2,26,3,10,1,1,7,9,1,8,2,2,,23,38,1,22,9,121.518903,25.06281315
111,8,24,10,15,2,01大同區,大同區太原路181號,0,0,1,1,B12,8,1,5,50,14,9,1,5,4,5,7,4,4,8,3,5,1,16,1,47,3,10,1,1,7,11,1,8,2,8,,10,10,1,22,9,121.5168058,25.05609794
111,8,24,10,15,2,01大同區,大同區太原路181號,0,0,1,2,C03,8,1,5,50,14,9,1,5,4,5,7,4,4,8,3,5,1,16,1,59,2,9,1,1,7,9,1,10,2,12,,23,10,1,22,9,121.5168058,25.05609794
111,8,24,10,54,2,07信義區,信義區信義路6段15巷與虎林街232巷口,0,0,1,1,C03,8,1,5,30,3,1,1,5,4,5,7,4,4,8,5,5,2,15,2,68,2,9,1,1,7,15,1,10,1,11,,6,6,1,22,9,121.5752989,25.0352633
111,8,24,10,54,2,07信義區,信義區信義路6段15巷與虎林街232巷口,0,0,1,2,B02,8,1,5,30,3,1,1,5,4,5,7,4,4,8,5,5,2,15,1,40,3,10,1,1,7,9,1,15,1,6,,14,6,1,22,9,121.5752989,25.0352633
111,8,24,11,0,2,09北投區,北投區承德路7段404-1號,0,0,1,1,C03,8,1,5,50,14,9,1,5,4,5,7,4,4,1,4,5,2,16,1,25,2,9,1,1,7,7,1,10,1,14,,7,7,1,22,9,121.5004847,25.12060396
111,8,24,11,0,2,09北投區,北投區承德路7段404-1號,0,0,1,2,B02,8,1,5,50,14,9,1,5,4,5,7,4,4,1,4,5,2,16,1,33,3,10,1,1,7,9,1,8,1,2,,44,7,1,22,9,121.5004847,25.12060396
111,8,24,11,24,2,08士林區,士林區忠誠路2段與士東路口,0,0,1,1,C03,8,1,5,50,5,2,1,5,4,5,7,1,1,10,5,5,1,16,1,62,2,8,1,1,7,5,1,10,1,12,,17,17,1,22,9,121.531155,25.1123669
111,8,24,11,24,2,08士林區,士林區忠誠路2段與士東路口,0,0,1,2,B03,8,1,5,50,5,2,1,5,4,5,7,1,1,10,5,5,1,16,1,47,3,10,1,1,7,5,1,8,1,4,,17,17,1,22,9,121.531155,25.1123669
111,8,24,11,26,2,03中山區,中山區中原街與民權東路2段口,0,0,1,1,B02,8,1,5,50,4,2,1,5,4,5,7,1,1,1,4,5,2,17,2,40,3,10,1,1,7,7,1,8,1,7,,43,43,1,22,9,121.5291182,25.06264235
111,8,24,11,26,2,03中山區,中山區中原街與民權東路2段口,0,0,1,2,C03,8,1,5,50,4,2,1,5,4,5,7,1,1,1,4,5,2,17,1,30,2,9,1,1,7,9,1,10,1,11,,43,43,1,22,9,121.5291182,25.06264235
111,8,24,11,26,2,09北投區,北投區三合街1段與三合街1段82巷口,0,0,1,1,B12,8,1,5,40,4,1,1,5,4,5,7,3,1,10,5,5,2,16,1,39,3,10,1,1,7,6,1,8,1,8,,43,43,1,22,9,121.5050229,25.12691369
111,8,24,11,26,2,09北投區,北投區三合街1段與三合街1段82巷口,0,0,1,2,C03,8,1,5,40,4,1,1,5,4,5,7,3,1,10,5,5,2,16,1,73,2,9,1,1,7,9,4,8,1,14,,43,43,1,22,9,121.5050229,25.12691369
111,8,24,11,45,2,12內湖區,內湖區康樂街111巷與康樂街61巷口,0,0,1,1,C03,8,1,5,30,4,1,1,5,4,5,7,4,4,10,5,5,2,17,1,34,2,9,1,1,7,9,1,9,1,11,,6,6,1,22,9,121.6197975,25.07069293
111,8,24,11,45,2,12內湖區,內湖區康樂街111巷與康樂街61巷口,0,0,1,2,B03,8,1,5,30,4,1,1,5,4,5,7,4,4,10,5,5,2,17,2,31,3,10,1,1,7,9,1,8,1,5,,14,6,1,22,9,121.6197975,25.07069293
111,8,24,12,21,2,04大安區,大安區大安路1段與敦化南路1段190巷口,0,0,1,1,C03,8,1,5,30,4,1,1,5,4,5,7,4,4,10,4,5,2,15,2,30,2,9,1,1,7,9,1,10,2,11,,6,6,1,22,9,121.546157,25.0426727
111,8,24,12,21,2,04大安區,大安區大安路1段與敦化南路1段190巷口,0,0,1,2,B01,8,1,5,30,4,1,1,5,4,5,7,4,4,10,4,5,2,15,1,42,3,10,1,1,7,9,1,4,2,5,,14,6,1,22,9,121.546157,25.0426727
111,8,24,12,29,2,12內湖區,內湖區民權東路6段與成功路2段口口,0,0,1,1,C03,8,1,5,50,4,1,1,5,4,5,7,2,1,1,4,5,2,15,2,39,2,9,1,1,7,9,1,10,2,11,,25,25,1,22,9,121.5907963,25.0690296
111,8,24,12,29,2,12內湖區,內湖區民權東路6段與成功路2段口口,0,0,1,2,C03,8,1,5,50,4,1,1,5,4,5,7,2,1,1,4,5,2,15,2,54,3,10,1,1,7,9,1,10,2,12,,25,25,1,22,9,121.5907963,25.0690296
111,8,24,12,41,2,08士林區,士林區延平北路7段106巷與無名巷口(延平河濱274號燈桿),0,0,1,1,B12,8,1,5,30,3,1,1,5,4,5,7,4,4,10,5,5,2,17,1,39,3,10,3,4,7,5,1,8,1,8,,8,8,1,22,9,121.4959819,25.10328921
111,8,24,12,41,2,08士林區,士林區延平北路7段106巷與無名巷口(延平河濱274號燈桿),0,0,1,2,C03,8,1,5,30,3,1,1,5,4,5,7,4,4,10,5,5,2,17,1,20,2,7,3,4,7,9,1,10,1,11,,13,8,1,22,9,121.4959819,25.10328921
111,8,24,13,5,2,04大安區,大安區忠孝東路4段與敦化南路1段口,0,0,1,1,B03,8,1,5,50,4,1,1,5,4,5,7,2,1,1,4,5,1,12,1,33,3,10,3,4,7,6,1,8,1,5,,9,9,1,22,9,121.5488095,25.04141763
111,8,24,13,5,2,04大安區,大安區忠孝東路4段與敦化南路1段口,0,0,1,2,C03,8,1,5,50,4,1,1,5,4,5,7,2,1,1,4,5,1,12,1,28,2,9,3,4,7,9,1,10,1,14,,44,9,1,22,9,121.5488095,25.04141763
111,8,24,13,13,2,04大安區,大安區延吉街與仁愛路4段345巷5弄口,0,0,1,1,B02,8,1,5,30,4,1,1,5,4,5,7,4,4,5,5,5,2,17,1,36,3,10,3,4,7,5,1,8,1,5,,6,6,1,22,9,121.5552874,25.03844152
111,8,24,13,13,2,04大安區,大安區延吉街與仁愛路4段345巷5弄口,0,0,1,2,C03,8,1,5,30,4,1,1,5,4,5,7,4,4,5,5,5,2,17,2,28,2,8,3,4,7,9,1,10,1,12,,23,6,1,22,9,121.5552874,25.03844152
111,8,24,13,47,2,03中山區,中山區伊通街與建國北路2段64巷口,0,0,1,2,C04,8,1,5,0,4,1,1,5,4,5,7,4,4,10,5,5,2,15,1,24,3,10,1,1,7,9,1,10,1,11,,44,4,1,22,9,121.5348283,25.0543569
111,8,24,13,47,2,03中山區,中山區伊通街與建國北路2段64巷口,0,0,1,1,F01,8,1,5,0,4,1,1,5,4,5,7,4,4,10,5,5,2,15,2,42,2,9,1,1,7,9,8,20,1,16,,4,4,1,22,9,121.5348283,25.0543569
111,8,24,14,9,2,10文山區,文山區木柵路1段172號,0,0,1,1,C03,8,1,5,50,15,9,1,5,4,5,7,1,1,5,4,5,2,12,2,64,3,10,3,4,7,8,1,10,1,15,,7,7,1,22,9,121.5522919,24.98777815
111,8,24,14,9,2,10文山區,文山區木柵路1段172號,0,0,1,2,C03,8,1,5,50,15,9,1,5,4,5,7,1,1,5,4,5,2,12,2,46,2,8,3,4,7,9,1,10,1,11,,23,7,1,22,9,121.5522919,24.98777815
111,8,24,14,20,2,02萬華區,萬華區中興橋往台北市接環河南路一段匝道,0,0,2,1,B03,8,1,5,20,14,7,1,5,4,5,7,4,4,10,1,5,2,13,2,47,3,10,1,1,7,9,1,8,1,1,,23,,1,22,9,121.5012212,25.04394783
111,8,24,14,20,2,02萬華區,萬華區中興橋往台北市接環河南路一段匝道,0,0,2,2,B03,8,1,5,20,14,7,1,5,4,5,7,4,4,10,1,5,2,13,1,31,3,10,1,1,7,14,1,8,1,3,,44,,1,22,9,121.5012212,25.04394783
111,8,24,14,20,2,02萬華區,萬華區中興橋往台北市接環河南路一段匝道,0,0,2,3,B12,8,1,5,20,14,7,1,5,4,5,7,4,4,10,1,5,2,13,1,44,3,10,1,1,7,9,1,8,1,3,,44,,1,22,9,121.5012212,25.04394783
111,8,24,14,20,2,02萬華區,萬華區中興橋往台北市接環河南路一段匝道,0,0,2,4,H02,8,1,5,20,14,7,1,5,4,5,7,4,4,10,1,5,2,13,1,31,2,9,4,5,7,17,8,20,10,16,,67,,1,22,9,121.5012212,25.04394783
111,8,24,14,20,2,02萬華區,萬華區中興橋往台北市接環河南路一段匝道,0,0,2,5,H02,8,1,5,20,14,7,1,5,4,5,7,4,4,10,1,5,2,13,2,40,2,9,1,1,7,17,8,20,10,16,,67,,1,22,9,121.5012212,25.04394783
111,8,24,14,25,2,06松山區,松山區八德路4段335號,0,0,3,1,B12,8,1,5,50,14,9,1,5,4,5,7,1,1,5,4,5,2,13,1,58,3,10,1,4,7,9,1,8,9,15,,30,30,1,22,9,121.5673717,25.04916681
111,8,24,14,25,2,06松山區,松山區八德路4段335號,0,0,3,2,C03,8,1,5,50,14,9,1,5,4,5,7,1,1,5,4,5,2,13,1,19,2,8,1,4,7,9,1,10,1,11,,16,30,1,22,9,121.5673717,25.04916681
111,8,24,14,25,2,06松山區,松山區八德路4段335號,0,0,3,3,C03,8,1,5,50,14,9,1,5,4,5,7,1,1,5,4,5,2,13,1,19,2,9,1,4,7,9,1,10,1,13,,44,30,1,22,9,121.5673717,25.04916681
111,8,24,14,25,2,06松山區,松山區八德路4段335號,0,0,3,4,H02,8,1,5,50,14,9,1,5,4,5,7,1,1,5,4,5,2,13,2,15,2,8,4,5,7,21,8,20,10,16,,67,30,1,22,9,121.5673717,25.04916681
111,8,24,14,25,2,07信義區,信義區松山路600巷與虎林街口,0,0,1,1,C03,8,1,5,30,3,2,1,5,4,5,7,4,4,10,5,5,2,17,1,68,2,9,1,1,7,5,1,10,2,12,,8,8,1,22,9,121.5777478,25.03630442
111,8,24,14,25,2,07信義區,信義區松山路600巷與虎林街口,0,0,1,2,B03,8,1,5,30,3,2,1,5,4,5,7,4,4,10,5,5,2,17,2,30,3,10,1,1,7,9,1,8,2,4,,44,8,1,22,9,121.5777478,25.03630442
111,8,24,15,24,2,07信義區,信義區忠孝東路5段與虎林街口,0,0,1,1,B01,8,1,5,50,4,1,1,5,4,5,7,1,1,1,4,5,2,16,1,60,3,10,1,1,7,5,1,4,1,1,,6,6,1,22,9,121.5769594,25.040794
111,8,24,15,24,2,07信義區,信義區忠孝東路5段與虎林街口,0,0,1,2,C03,8,1,5,50,4,1,1,5,4,5,7,1,1,1,4,5,2,16,2,20,2,9,1,1,7,9,1,10,1,14,,44,6,1,22,9,121.5769594,25.040794
111,8,24,15,58,2,12內湖區,內湖區康寧路3段與安康路口,0,0,1,1,B03,8,1,5,50,4,1,1,5,4,5,7,2,1,1,4,5,1,17,1,28,3,10,1,1,7,11,1,8,1,2,,10,10,1,22,9,121.6110026,25.06490723
111,8,24,15,58,2,12內湖區,內湖區康寧路3段與安康路口,0,0,1,2,C03,8,1,5,50,4,1,1,5,4,5,7,2,1,1,4,5,1,17,2,37,2,9,1,1,7,9,4,11,1,11,,23,10,1,22,9,121.6110026,25.06490723
111,8,24,16,49,2,12內湖區,內湖區康寧路3段22-1號前,0,0,1,1,A02,7,2,5,50,14,9,1,5,4,5,7,4,4,1,4,5,2,17,1,55,3,10,1,1,7,9,1,2,2,15,,43,43,1,22,9,121.6078074,25.07237268
111,8,24,16,49,2,12內湖區,內湖區康寧路3段22-1號前,0,0,1,2,B02,7,2,5,50,14,9,1,5,4,5,7,4,4,1,4,5,2,17,2,47,3,10,1,1,7,3,1,8,2,15,,43,43,1,22,9,121.6078074,25.07237268
111,8,24,16,49,2,12內湖區,內湖區康寧路3段22-1號前,0,0,1,3,H02,7,2,5,50,14,9,1,5,4,5,7,4,4,1,4,5,2,17,2,62,2,9,4,5,7,20,8,20,10,16,,67,43,1,21,9,121.6078074,25.07237268
111,8,24,16,50,2,08士林區,士林區承德路5段與通河東街2段口,0,0,2,1,C03,8,1,5,50,4,2,1,5,4,5,7,2,1,3,4,5,1,17,1,24,2,8,1,1,7,9,1,10,1,11,,23,23,1,22,9,121.5137856,25.09618595
111,8,24,16,50,2,08士林區,士林區承德路5段與通河東街2段口,0,0,2,2,C03,8,1,5,50,4,2,1,5,4,5,7,2,1,3,4,5,1,17,1,43,2,9,1,1,7,14,6,10,1,13,,44,23,1,22,9,121.5137856,25.09618595
111,8,24,17,4,2,04大安區,大安區延吉街234號,0,0,2,1,C03,6,1,5,50,14,9,1,4,4,5,7,4,4,4,5,5,2,13,2,44,2,9,1,1,7,9,1,10,1,11,,16,16,1,22,9,121.5555581,25.0366016
111,8,24,17,4,2,04大安區,大安區延吉街234號,0,0,2,2,C03,6,1,5,50,14,9,1,4,4,5,7,4,4,4,5,5,2,13,2,42,2,9,1,1,7,9,4,11,1,13,,44,16,1,22,9,121.5555581,25.0366016
111,8,24,17,15,2,03中山區,中山區中山北路1段150號,0,0,1,1,B01,6,1,5,50,14,9,1,4,4,5,7,4,4,1,4,5,2,12,1,50,3,10,3,4,7,7,1,4,1,4,,7,7,1,22,9,121.5222992,25.05181161
111,8,24,17,15,2,03中山區,中山區中山北路1段150號,0,0,1,2,B12,6,1,5,50,14,9,1,4,4,5,7,4,4,1,4,5,2,12,1,43,3,10,3,4,7,9,1,8,1,1,,23,7,1,22,9,121.5222992,25.05181161
111,8,24,17,15,2,03中山區,中山區中山北路1段150號,0,0,1,3,C03,6,1,5,50,14,9,1,4,4,5,7,4,4,1,4,5,2,12,1,38,2,9,3,4,7,9,1,10,1,12,,44,7,1,22,9,121.5222992,25.05181161
111,8,24,17,19,2,07信義區,信義區忠孝東路5段與中坡北路口,0,0,1,1,C03,6,1,5,50,4,3,1,4,4,5,7,1,1,3,4,5,2,16,2,35,3,10,3,4,7,9,1,10,1,12,,23,23,1,22,9,121.5818191,25.0442327
111,8,24,17,19,2,07信義區,信義區忠孝東路5段與中坡北路口,0,0,1,2,C03,6,1,5,50,4,3,1,4,4,5,7,1,1,3,4,5,2,16,1,31,2,7,3,4,7,5,1,10,1,11,,8,23,1,22,9,121.5818191,25.0442327
111,8,24,17,23,2,04大安區,大安區基隆路2段與敦化南路2段口,0,0,1,1,F01,6,2,5,50,4,1,1,4,4,5,7,1,1,1,5,1,1,12,1,56,2,9,1,1,7,8,8,20,1,16,,7,7,1,22,9,121.5491661,25.0211778
111,8,24,17,23,2,04大安區,大安區基隆路2段與敦化南路2段口,0,0,1,2,C03,6,2,5,50,4,1,1,4,4,5,7,1,1,1,5,1,1,12,1,45,3,10,1,1,7,4,1,10,1,15,,23,7,1,22,9,121.5491661,25.0211778
111,8,24,17,27,2,01大同區,大同區長安西路與太原路口,0,0,1,1,B03,8,3,5,50,4,2,1,5,4,5,7,2,1,5,5,5,2,17,1,56,3,10,1,1,7,5,1,8,1,1,,6,6,1,22,9,121.5154636,25.0512719
111,8,24,17,27,2,01大同區,大同區長安西路與太原路口,0,0,1,2,C03,8,3,5,50,4,2,1,5,4,5,7,2,1,5,5,5,2,17,1,43,2,9,1,1,7,9,1,10,1,14,,44,6,1,22,9,121.5154636,25.0512719
111,8,24,17,30,2,09北投區,北投區大度路1段152燈桿處,0,0,2,1,C03,7,1,5,50,14,12,1,5,4,5,7,4,4,1,4,2,1,13,1,19,2,9,3,4,7,9,1,10,1,11,,16,16,1,22,9,121.4900994,25.12152094
111,8,24,17,30,2,09北投區,北投區大度路1段152燈桿處,0,0,2,2,C03,7,1,5,50,14,12,1,5,4,5,7,4,4,1,4,2,1,13,2,54,2,9,3,4,7,9,1,10,1,13,,44,16,1,22,9,121.4900994,25.12152094
111,8,24,18,7,2,12內湖區,內湖區民善街87號,0,0,1,1,C03,7,1,5,50,14,9,1,5,4,5,7,4,4,9,5,5,2,16,2,44,2,9,1,1,7,1,1,10,1,12,,19,19,1,22,9,121.5757356,25.05978697
111,8,24,18,7,2,12內湖區,內湖區民善街87號,0,0,1,2,B03,7,1,5,50,14,9,1,5,4,5,7,4,4,9,5,5,2,16,2,33,3,10,1,1,7,9,1,8,1,4,,44,19,1,22,9,121.5757356,25.05978697
111,8,24,18,24,2,05中正區,中正區牯嶺街42號前,0,0,2,1,H01,6,2,5,50,14,9,1,4,4,5,7,4,4,9,5,5,2,3,1,9,2,9,4,5,8,18,8,20,10,16,,51,51,1,22,9,121.5170474,25.02917377
111,8,24,18,24,2,05中正區,中正區牯嶺街42號前,0,0,2,2,C03,6,2,5,50,14,9,1,4,4,5,7,4,4,9,5,5,2,3,1,53,2,7,1,1,7,9,1,9,2,14,,44,51,1,22,9,121.5170474,25.02917377
111,8,24,18,26,2,09北投區,北投區明德路與東陽街口口,0,0,1,1,B03,8,3,5,50,3,1,1,5,4,5,7,3,1,5,5,5,2,17,1,57,3,10,1,1,7,5,1,8,2,5,,6,6,1,22,9,121.5215373,25.1120001
111,8,24,18,26,2,09北投區,北投區明德路與東陽街口口,0,0,1,2,C03,8,3,5,50,3,1,1,5,4,5,7,3,1,5,5,5,2,17,2,55,2,9,1,1,7,9,1,10,4,12,,21,6,1,22,9,121.5215373,25.1120001
111,8,24,18,27,2,02萬華區,萬華區華江橋機車道與華江橋往新北市口001047燈桿,0,0,1,1,C03,6,3,7,40,8,11,1,4,4,5,7,4,4,1,5,5,2,13,1,27,3,10,1,1,7,9,1,9,1,11,,16,16,1,22,9,121.4889693,25.03576936
111,8,24,18,27,2,02萬華區,萬華區華江橋機車道與華江橋往新北市口001047燈桿,0,0,1,2,C03,6,3,7,40,8,11,1,4,4,5,7,4,4,1,5,5,2,13,1,55,2,8,1,1,7,12,1,10,1,13,,44,16,1,22,9,121.4889693,25.03576936
111,8,24,18,29,2,02萬華區,萬華區西寧南路與開封街2段口,0,0,1,1,B03,6,3,5,50,4,1,1,4,4,5,7,1,1,10,4,5,2,16,1,32,3,10,1,1,7,5,1,8,1,8,,8,8,1,22,9,121.5070583,25.04654313
111,8,24,18,29,2,02萬華區,萬華區西寧南路與開封街2段口,0,0,1,2,C03,6,3,5,50,4,1,1,4,4,5,7,1,1,10,4,5,2,16,1,30,3,10,1,1,7,9,1,10,1,12,,44,8,1,22,9,121.5070583,25.04654313
111,8,24,18,29,2,02萬華區,萬華區西寧南路與開封街2段口,0,0,1,3,C03,6,3,5,50,4,1,1,4,4,5,7,1,1,10,4,5,2,16,1,22,2,9,1,1,7,9,1,10,1,11,,23,8,1,22,9,121.5070583,25.04654313
111,8,24,18,30,2,07信義區,信義區信安街103巷13號,0,0,1,1,C04,8,3,5,30,14,9,1,5,4,5,7,4,4,10,5,5,2,18,2,19,2,9,1,1,7,9,1,10,1,14,,42,42,1,22,9,121.5567453,25.0253989
111,8,24,18,30,2,07信義區,信義區信安街103巷13號,0,0,1,2,,8,3,5,30,14,9,1,5,4,5,7,4,4,10,5,5,2,18,3,,,,,,,,,,,,,67,42,1,,,121.5567453,25.0253989
111,8,24,18,30,2,07信義區,信義區信義路5段2號,0,0,1,1,C03,7,3,5,50,14,9,1,5,4,5,7,4,4,1,4,5,1,13,1,32,2,9,1,1,7,9,1,10,1,11,,43,43,1,22,9,121.559504,25.0328137
111,8,24,18,30,2,07信義區,信義區信義路5段2號,0,0,1,2,B03,7,3,5,50,14,9,1,5,4,5,7,4,4,1,4,5,1,13,1,55,3,10,1,1,7,9,1,8,1,3,,43,43,1,22,9,121.559504,25.0328137
111,8,24,18,32,2,07信義區,信義區吳興街與吳興街350巷口,0,0,1,1,C03,8,3,5,30,4,1,1,5,4,5,7,4,4,9,4,5,2,17,1,43,2,9,3,4,7,5,1,10,1,12,,6,6,1,22,9,121.5664437,25.02576979
111,8,24,18,32,2,07信義區,信義區吳興街與吳興街350巷口,0,0,1,2,B01,8,3,5,30,4,1,1,5,4,5,7,4,4,9,4,5,2,17,1,51,3,10,3,4,7,9,1,4,1,4,,44,6,1,22,9,121.5664437,25.02576979