發生年度,發生月,發生日,發生時-Hours,發生分,處理別-編號,區序,肇事地點,死亡人數,2-30日死亡人數,受傷人數,當事人序號,車種,天候,光線,道路類別,速限-速度限制,道路型態,事故位置,路面狀況1,路面狀況2,路面狀況3,道路障礙1,道路障礙2,號誌1,號誌2,車道劃分-分向,車道劃分-分道1,車道劃分-分道2,車道劃分-分道3,事故類型及型態,性別,年齡,受傷程度,主要傷處,安全帽,行動電話,車輛用途,當事者行動狀態,駕駛資格情形,駕駛執照種類,飲酒情形,車輛撞擊部位1,車輛撞擊部位2,肇因碼-個別,肇因碼-主要,個人肇逃否,職業,旅次目的,座標-X,座標-Y
111,8,24,18,33,2,04大安區,大安區敦化南路1段294號,0,0,1,1,F01,6,3,5,0,14,20,4,4,2,5,7,4,4,1,4,1,2,17,2,49,2,9,1,1,7,9,8,20,1,15,,42,42,1,22,9,121.5485048,25.03617052
111,8,24,18,33,2,04大安區,大安區敦化南路1段294號,0,0,1,2,C03,6,3,5,0,14,20,4,4,2,5,7,4,4,1,4,1,2,17,1,47,3,10,3,4,7,9,1,10,1,15,,42,42,1,22,9,121.5485048,25.03617052
111,8,24,18,33,2,04大安區,大安區敦化南路1段294號,0,0,1,3,,6,3,5,0,14,20,4,4,2,5,7,4,4,1,4,1,2,17,3,,,,,,,,,,,,,67,42,1,,,121.5485048,25.03617052
111,8,24,18,42,2,05中正區,中正區公園路與青島西路口,0,0,1,1,C03,6,3,5,50,3,1,1,4,4,5,7,1,1,9,4,5,1,18,2,35,2,8,1,1,7,5,1,10,2,14,,42,42,1,22,9,121.5171937,25.0450258
111,8,24,18,42,2,05中正區,中正區公園路與青島西路口,0,0,1,2,,6,3,5,50,3,1,1,4,4,5,7,1,1,9,4,5,1,18,3,,,,,,,,,,,,,67,42,1,,,121.5171937,25.0450258
111,8,24,18,48,2,05中正區,中正區新生南路1段168號前,0,0,2,1,C03,6,3,5,50,14,8,1,4,4,5,7,4,4,10,5,5,1,18,1,64,2,9,1,1,7,9,1,10,1,14,,14,14,1,19,5,121.5325495,25.0342862
111,8,24,18,48,2,05中正區,中正區新生南路1段168號前,0,0,2,2,,6,3,5,50,14,8,1,4,4,5,7,4,4,10,5,5,1,18,3,,,,,,,,,,,,,67,14,1,,,121.5325495,25.0342862
111,8,24,18,48,2,05中正區,中正區新生南路1段168號前,0,0,2,3,H02,6,3,5,50,14,8,1,4,4,5,7,4,4,10,5,5,1,18,2,63,2,8,1,5,7,20,8,20,10,16,,67,14,1,19,5,121.5325495,25.0342862
111,8,24,18,52,2,05中正區,中正區中華路2段1號,0,0,1,1,B01,8,3,5,50,14,9,1,4,4,5,7,4,4,3,4,5,2,12,1,61,3,10,1,1,7,9,1,4,1,5,,23,23,1,22,9,121.5067939,25.0366587
111,8,24,18,52,2,05中正區,中正區中華路2段1號,0,0,1,2,C03,8,3,5,50,14,9,1,4,4,5,7,4,4,3,4,5,2,12,2,48,2,9,1,1,7,9,1,10,1,14,,26,23,1,22,9,121.5067939,25.0366587
111,8,24,19,0,2,09北投區,北投區東華街2段114號,0,0,1,1,C03,8,3,5,50,14,9,1,5,4,5,7,4,4,8,3,5,2,18,1,24,2,9,1,1,7,9,1,10,11,12,,43,43,1,22,9,121.512688,25.1189515
111,8,24,19,0,2,09北投區,北投區東華街2段114號,0,0,1,2,,8,3,5,50,14,9,1,5,4,5,7,4,4,8,3,5,2,18,3,,,,,,,,,,,,,67,43,1,,,121.512688,25.1189515
111,8,24,19,10,2,11南港區,南港區市民大道8段與中南街口,0,0,2,1,C03,8,3,5,50,4,1,1,5,4,5,7,1,1,1,4,5,2,16,2,24,2,8,1,1,7,5,1,10,1,12,,8,8,1,22,9,121.6152445,25.05438958
111,8,24,19,10,2,11南港區,南港區市民大道8段與中南街口,0,0,2,2,C03,8,3,5,50,4,1,1,5,4,5,7,1,1,1,4,5,2,16,1,40,2,8,1,1,7,9,1,10,1,11,,23,8,1,22,9,121.6152445,25.05438958
111,8,24,19,11,2,02萬華區,萬華區南寧路與廣州街口,0,0,1,1,B12,7,3,5,50,4,1,1,5,4,5,7,2,1,1,5,5,2,3,1,52,3,10,1,1,7,6,1,8,2,6,,15,15,1,22,9,121.5045355,25.03639569
111,8,24,19,11,2,02萬華區,萬華區南寧路與廣州街口,0,0,1,2,H01,7,3,5,50,4,1,1,5,4,5,7,2,1,1,5,5,2,3,2,68,2,9,4,5,8,16,8,20,10,16,,67,15,1,22,9,121.5045355,25.03639569
111,8,24,19,18,2,11南港區,南港區南港路1段與惠民街口,0,0,1,1,B03,7,3,5,50,3,2,1,5,4,5,7,1,1,9,4,5,2,13,1,49,3,10,1,1,7,9,1,8,1,1,,23,23,1,22,9,121.6102976,25.0549678
111,8,24,19,18,2,11南港區,南港區南港路1段與惠民街口,0,0,1,2,C04,7,3,5,50,3,2,1,5,4,5,7,1,1,9,4,5,2,13,2,26,2,9,1,1,7,5,1,10,1,13,,27,23,1,22,9,121.6102976,25.0549678
111,8,24,19,40,2,09北投區,北投區自強街與自強街46巷口,0,0,1,1,C03,8,3,5,30,3,1,1,5,4,5,6,4,4,8,3,5,2,17,1,30,2,9,1,1,7,5,1,10,1,11,,6,6,1,22,9,121.5134578,25.11034722
111,8,24,19,40,2,09北投區,北投區自強街與自強街46巷口,0,0,1,2,B02,8,3,5,30,3,1,1,5,4,5,6,4,4,8,3,5,2,17,2,43,3,10,1,1,7,9,1,8,1,5,,44,6,1,22,9,121.5134578,25.11034722
111,8,24,19,57,2,07信義區,信義區基隆路2段79巷與基隆路2段79巷1弄口,0,0,1,1,B01,8,3,5,30,4,1,1,5,4,5,7,4,4,5,5,5,2,15,1,59,3,10,3,4,7,9,1,4,1,2,,13,13,1,22,9,121.5584189,25.0300533
111,8,24,19,57,2,07信義區,信義區基隆路2段79巷與基隆路2段79巷1弄口,0,0,1,2,C03,8,3,5,30,4,1,1,5,4,5,7,4,4,5,5,5,2,15,2,45,2,9,3,4,7,9,1,10,1,11,,6,13,1,22,9,121.5584189,25.0300533
111,8,24,20,5,2,12內湖區,內湖區康樂街與康樂街186巷口口,0,0,2,1,H01,8,3,5,0,3,1,1,5,4,5,7,4,4,5,4,5,2,6,1,3,2,9,4,5,8,18,8,20,10,16,,67,67,1,22,9,121.6205023,25.07581896
111,8,24,20,5,2,12內湖區,內湖區康樂街與康樂街186巷口口,0,0,2,2,C03,8,3,5,0,3,1,1,5,4,5,7,4,4,5,4,5,2,6,1,39,2,9,1,1,7,9,1,10,2,11,,15,67,1,22,9,121.6205023,25.07581896
111,8,24,20,15,2,12內湖區,內湖區新明路426巷與新明路380巷4弄口,0,0,2,1,C03,8,3,5,30,4,1,1,5,4,5,7,4,4,10,5,5,2,15,1,62,2,8,1,1,7,9,1,10,9,15,,6,6,1,22,9,121.5794302,25.05491599
111,8,24,20,15,2,12內湖區,內湖區新明路426巷與新明路380巷4弄口,0,0,2,2,C03,8,3,5,30,4,1,1,5,4,5,7,4,4,10,5,5,2,15,1,31,2,8,1,1,7,9,1,10,9,11,,14,6,1,22,9,121.5794302,25.05491599
111,8,24,20,15,2,12內湖區,內湖區新明路426巷與新明路380巷4弄口,0,0,2,3,H02,8,3,5,30,4,1,1,5,4,5,7,4,4,10,5,5,2,15,1,27,3,10,4,5,7,21,8,20,10,16,,67,6,1,22,9,121.5794302,25.05491599
111,8,24,20,15,2,12內湖區,內湖區新明路426巷與新明路380巷4弄口,0,0,2,4,C03,8,3,5,30,4,1,1,5,4,5,7,4,4,10,5,5,2,15,1,41,3,10,3,4,7,13,7,19,9,13,,44,6,1,22,9,121.5794302,25.05491599
111,8,24,20,15,2,12內湖區,內湖區新明路426巷與新明路380巷4弄口,0,0,2,5,C03,8,3,5,30,4,1,1,5,4,5,7,4,4,10,5,5,2,15,2,26,3,10,3,4,7,13,7,19,9,13,,44,6,1,22,9,121.5794302,25.05491599
111,8,24,20,15,2,12內湖區,內湖區新明路426巷與新明路380巷4弄口,0,0,2,6,C03,8,3,5,30,4,1,1,5,4,5,7,4,4,10,5,5,2,15,2,50,3,10,3,4,7,13,7,19,9,13,,44,6,1,22,9,121.5794302,25.05491599
111,8,24,20,18,2,02萬華區,萬華區西藏路與西園路2段320巷55弄口,0,0,1,1,B03,7,3,5,50,4,1,1,5,4,5,7,1,1,1,4,4,2,12,1,72,3,10,1,1,7,5,1,8,2,2,,17,17,1,22,9,121.4921781,25.02846402
111,8,24,20,18,2,02萬華區,萬華區西藏路與西園路2段320巷55弄口,0,0,1,2,C04,7,3,5,50,4,1,1,5,4,5,7,1,1,1,4,4,2,12,2,67,2,9,1,1,7,5,1,11,2,14,,17,17,1,22,9,121.4921781,25.02846402
111,8,24,20,38,2,05中正區,中正區中山南路與信義路1段口景福門,0,0,2,1,C03,8,3,5,50,16,8,1,5,4,5,7,1,1,8,3,4,2,17,1,25,2,5,1,1,7,5,1,10,2,14,,8,8,1,22,9,121.5179325,25.03875008
111,8,24,20,38,2,05中正區,中正區中山南路與信義路1段口景福門,0,0,2,2,B03,8,3,5,50,16,8,1,5,4,5,7,1,1,8,3,4,2,17,1,61,3,10,1,1,7,9,1,8,2,1,,44,8,1,22,9,121.5179325,25.03875008
111,8,24,20,38,2,05中正區,中正區中山南路與信義路1段口景福門,0,0,2,3,H02,8,3,5,50,16,8,1,5,4,5,7,1,1,8,3,4,2,17,2,33,2,1,4,5,7,21,8,20,10,16,,67,8,1,22,9,121.5179325,25.03875008
111,8,24,21,23,2,05中正區,中正區北平西路台北車站西區地下停車場出入口,0,0,1,1,B03,8,3,5,50,14,9,1,5,4,5,7,4,4,9,4,5,1,16,1,36,3,10,1,1,7,1,1,8,2,4,,19,19,1,21,5,121.5159333,25.04739587
111,8,24,21,23,2,05中正區,中正區北平西路台北車站西區地下停車場出入口,0,0,1,2,C03,8,3,5,50,14,9,1,5,4,5,7,4,4,9,4,5,1,16,1,24,2,9,1,1,7,9,1,10,2,11,,44,19,1,21,1,121.5159333,25.04739587
111,8,24,21,25,2,03中山區,中山區北安路139號(忠烈祠),0,0,2,1,C03,8,3,5,50,16,6,1,5,4,5,7,4,4,10,4,5,2,16,2,18,2,9,3,4,7,5,1,10,1,12,,6,6,1,22,9,121.5332326,25.07816236
111,8,24,21,25,2,03中山區,中山區北安路139號(忠烈祠),0,0,2,2,B03,8,3,5,50,16,6,1,5,4,5,7,4,4,10,4,5,2,16,2,41,3,10,3,4,7,9,1,8,1,8,,14,6,1,22,9,121.5332326,25.07816236
111,8,24,21,25,2,03中山區,中山區北安路139號(忠烈祠),0,0,2,3,H02,8,3,5,50,16,6,1,5,4,5,7,4,4,10,4,5,2,16,2,18,2,9,4,5,7,20,8,20,10,16,,67,6,1,22,9,121.5332326,25.07816236
111,8,24,21,40,2,07信義區,信義區基隆路1段156號,0,0,1,1,C03,8,3,5,50,14,9,1,5,4,5,7,4,4,1,4,5,2,13,1,29,3,10,1,1,7,9,3,18,1,11,,16,16,1,22,8,121.5658345,25.04360405
111,8,24,21,40,2,07信義區,信義區基隆路1段156號,0,0,1,2,F01,8,3,5,50,14,9,1,5,4,5,7,4,4,1,4,5,2,13,1,71,2,8,1,1,7,9,8,20,1,16,,44,16,1,22,8,121.5658345,25.04360405
111,8,24,21,45,2,11南港區,南港區研究院路1段與中南街123巷口,0,0,1,1,C03,8,3,5,50,4,2,1,5,4,5,7,1,1,1,4,5,2,18,2,27,2,9,1,1,7,9,1,10,1,12,,42,42,1,22,9,121.6159325,25.05178153
111,8,24,21,45,2,11南港區,南港區研究院路1段與中南街123巷口,0,0,1,2,,8,3,5,50,4,2,1,5,4,5,7,1,1,1,4,5,2,18,3,,,,,,,,,,,,,67,42,1,,,121.6159325,25.05178153
111,8,24,21,50,2,05中正區,中正區重慶北路1段與鄭州路口,0,0,1,1,B01,8,3,5,40,4,1,1,5,4,5,7,1,1,10,5,5,2,16,1,47,3,10,1,1,7,6,1,4,2,2,,9,9,1,22,9,121.5133074,25.0492732
111,8,24,21,50,2,05中正區,中正區重慶北路1段與鄭州路口,0,0,1,2,C03,8,3,5,40,4,1,1,5,4,5,7,1,1,10,5,5,2,16,1,27,2,8,1,1,7,9,1,9,2,14,,13,9,1,22,9,121.5133074,25.0492732
111,8,24,21,57,2,09北投區,北投區大同街216號,0,0,1,1,C03,8,3,5,50,14,9,1,5,4,5,7,4,4,5,5,5,2,17,1,54,3,10,1,1,7,15,1,10,1,15,,26,26,1,22,9,121.4992553,25.1389509
111,8,24,21,57,2,09北投區,北投區大同街216號,0,0,1,2,C03,8,3,5,50,14,9,1,5,4,5,7,4,4,5,5,5,2,17,1,23,2,9,1,1,7,9,1,9,1,12,,42,26,1,22,9,121.4992553,25.1389509
111,8,24,22,5,2,10文山區,文山區寶橋上(東往西車道),0,0,2,1,B03,8,3,5,50,14,9,2,5,4,5,7,4,4,1,2,5,2,17,1,35,3,10,3,4,7,8,1,8,1,2,,7,7,1,22,9,121.5538116,24.97993673
111,8,24,22,5,2,10文山區,文山區寶橋上(東往西車道),0,0,2,2,C03,8,3,5,50,14,9,2,5,4,5,7,4,4,1,2,5,2,17,1,48,2,7,1,4,7,9,1,10,1,14,,44,7,1,22,9,121.5538116,24.97993673
111,8,24,22,5,2,10文山區,文山區寶橋上(東往西車道),0,0,2,3,H02,8,3,5,50,14,9,2,5,4,5,7,4,4,1,2,5,2,17,2,16,2,7,4,5,7,17,8,20,10,16,,67,7,1,22,9,121.5538116,24.97993673
111,8,24,22,43,2,09北投區,北投區中央北路3段208號,0,0,1,1,C04,8,3,5,50,14,9,1,5,4,5,7,4,4,4,4,5,2,16,1,27,3,10,1,1,7,1,6,18,1,13,,19,19,1,22,9,121.4810115,25.1365047
111,8,24,22,43,2,09北投區,北投區中央北路3段208號,0,0,1,2,C03,8,3,5,50,14,9,1,5,4,5,7,4,4,4,4,5,2,16,1,19,2,9,1,1,7,9,1,10,1,11,,44,19,1,22,9,121.4810115,25.1365047
111,8,24,22,45,2,04大安區,大安區基隆路3段與臥龍街口,0,0,1,1,B01,7,3,5,50,3,1,1,5,4,5,7,4,4,1,5,5,2,16,1,53,3,10,1,1,7,6,1,4,1,2,,9,9,1,22,9,121.548307,25.0207357
111,8,24,22,45,2,04大安區,大安區基隆路3段與臥龍街口,0,0,1,2,C03,7,3,5,50,3,1,1,5,4,5,7,4,4,1,5,5,2,16,2,23,2,9,1,1,7,9,1,10,1,14,,44,9,1,22,9,121.548307,25.0207357
111,8,24,23,5,2,07信義區,信義區信義路4段與光復南路口,0,0,1,1,B01,8,3,5,50,14,9,1,5,4,5,7,1,1,1,4,5,2,13,1,42,3,10,1,1,7,9,1,4,2,5,,23,23,1,22,9,121.5575191,25.03271728
111,8,24,23,5,2,07信義區,信義區信義路4段與光復南路口,0,0,1,2,B03,8,3,5,50,14,9,1,5,4,5,7,1,1,1,4,5,2,13,2,42,2,1,1,1,7,14,1,8,2,7,,44,23,1,22,9,121.5575191,25.03271728
111,8,24,23,31,2,03中山區,中山區中山北路2段11巷與南京東路1段13巷口,0,0,1,1,B03,8,3,5,30,4,1,1,5,4,5,7,4,4,10,5,5,2,15,1,31,3,10,1,1,7,9,1,8,1,5,,6,6,1,22,9,121.5236456,25.05274909
111,8,24,23,31,2,03中山區,中山區中山北路2段11巷與南京東路1段13巷口,0,0,1,2,B01,8,3,5,30,4,1,1,5,4,5,7,4,4,10,5,5,2,15,2,48,2,2,1,1,7,9,1,4,1,1,,44,6,1,22,9,121.5236456,25.05274909
111,8,25,0,1,2,07信義區,信義區信義路5段與基隆路2段口,0,0,1,1,B03,8,3,5,50,4,1,1,5,4,5,7,1,1,1,4,5,2,12,1,76,3,10,1,1,7,5,1,8,1,2,,44,44,1,22,9,121.5596372,25.0329619
111,8,25,0,1,2,07信義區,信義區信義路5段與基隆路2段口,0,0,1,2,C03,8,3,5,50,4,1,1,5,4,5,7,1,1,1,4,5,2,12,1,32,2,9,1,1,7,5,1,10,1,14,,17,44,1,22,9,121.5596372,25.0329619
111,8,25,0,9,2,09北投區,北投區竹子湖路134燈桿,0,0,2,1,C03,8,3,5,40,15,9,1,5,4,5,7,4,4,4,1,5,1,18,1,18,2,9,1,1,7,5,1,10,1,14,,44,44,1,22,9,121.5425831,25.17978216
111,8,25,0,9,2,09北投區,北投區竹子湖路134燈桿,0,0,2,3,H02,8,3,5,40,15,9,1,5,4,5,7,4,4,4,1,5,1,18,1,18,2,9,1,5,7,20,8,20,10,16,,67,44,1,22,9,121.5425831,25.17978216
111,8,25,0,9,2,09北投區,北投區竹子湖路134燈桿,0,0,2,2,,8,3,5,40,15,9,1,5,4,5,7,4,4,4,1,5,1,18,3,,,,,,,,,,,,,67,44,1,,,121.5425831,25.17978216
111,8,25,0,15,2,07信義區,信義區松仁路28號,0,0,1,1,C04,8,3,5,50,14,9,1,5,4,5,7,4,4,1,4,5,2,29,2,25,2,9,1,1,7,9,1,10,1,12,,42,42,1,22,9,121.5683813,25.0395168
111,8,25,0,15,2,07信義區,信義區松仁路28號,0,0,1,2,,8,3,5,50,14,9,1,5,4,5,7,4,4,1,4,5,2,29,3,,,,,,,,,,,,,67,42,1,,,121.5683813,25.0395168
111,8,25,1,41,2,07信義區,信義區永吉路502巷與忠孝東路5段口,0,0,1,1,B01,8,3,5,50,3,1,1,5,4,5,7,4,4,1,4,5,2,17,1,62,3,10,1,1,7,6,1,4,1,9,,6,6,1,22,9,121.5801734,25.0422908
111,8,25,1,41,2,07信義區,信義區永吉路502巷與忠孝東路5段口,0,0,1,2,C04,8,3,5,50,3,1,1,5,4,5,7,4,4,1,4,5,2,17,1,28,2,8,1,1,7,9,1,10,1,11,,44,6,1,22,9,121.5801734,25.0422908
111,8,25,4,5,2,02萬華區,萬華區中興橋往台北市機車道轉彎處,0,0,1,2,C03,8,3,5,30,8,11,1,5,4,5,7,4,4,10,5,5,2,17,2,34,2,9,1,4,7,9,1,10,1,12,,44,43,1,22,9,121.4999866,25.04424607
111,8,25,4,5,2,02萬華區,萬華區中興橋往台北市機車道轉彎處,0,0,1,1,,8,3,5,30,8,11,1,5,4,5,7,4,4,10,5,5,2,17,4,,4,11,3,4,7,15,7,19,11,15,,43,43,2,22,9,121.4999866,25.04424607
111,8,25,5,30,2,04大安區,大安區忠孝東路4段與復興南路1段口,0,0,1,1,B03,8,3,5,50,4,1,1,5,4,5,7,2,1,1,4,5,2,1,1,43,3,10,1,1,7,6,1,8,2,8,,15,15,1,22,9,121.5440704,25.0413468
111,8,25,5,30,2,04大安區,大安區忠孝東路4段與復興南路1段口,0,0,1,2,H01,8,3,5,50,4,1,1,5,4,5,7,2,1,1,4,5,2,1,1,73,2,9,4,5,8,16,8,20,10,16,,67,15,1,22,9,121.5440704,25.0413468
111,8,25,7,20,2,03中山區,中山區民族東路與新生北路3段口,0,0,1,1,B03,8,1,5,50,4,1,1,5,4,5,7,2,1,5,4,5,2,16,2,32,3,10,1,1,7,6,1,8,1,2,,9,9,1,22,9,121.5276701,25.06827827
111,8,25,7,20,2,03中山區,中山區民族東路與新生北路3段口,0,0,1,2,C03,8,1,5,50,4,1,1,5,4,5,7,2,1,5,4,5,2,16,2,57,2,9,2,1,7,9,1,10,1,14,,44,9,1,22,9,121.5276701,25.06827827
111,8,25,7,22,2,02萬華區,萬華區堤外便道華江雁鴨自然公園旁,0,0,1,1,C03,8,1,5,40,14,9,1,5,4,5,7,4,4,10,5,5,2,11,2,73,2,9,1,1,7,9,4,8,2,11,,5,5,1,22,9,121.4902145,25.03532799
111,8,25,7,22,2,02萬華區,萬華區堤外便道華江雁鴨自然公園旁,0,0,1,2,B03,8,1,5,40,14,9,1,5,4,5,7,4,4,10,5,5,2,11,2,53,3,10,1,1,7,9,1,8,2,2,,44,5,1,22,9,121.4902145,25.03532799
111,8,25,7,30,2,01大同區,大同區延平北路1段與鄭州路口,0,0,1,1,A04,8,1,5,40,4,2,1,5,4,5,7,1,1,1,4,5,2,16,1,65,3,10,1,1,7,8,1,6,1,2,,7,7,1,22,9,121.5118234,25.04975472
111,8,25,7,30,2,01大同區,大同區延平北路1段與鄭州路口,0,0,1,2,C03,8,1,5,40,4,2,1,5,4,5,7,1,1,1,4,5,2,16,1,36,2,9,1,1,7,9,1,10,1,14,,13,7,1,22,9,121.5118234,25.04975472
111,8,25,7,30,2,05中正區,中正區牯嶺街與寧波西街口,0,0,2,1,C03,8,1,5,50,4,1,1,5,4,5,7,2,1,4,4,5,1,11,2,60,2,9,1,1,7,5,1,10,1,14,,8,8,1,22,9,121.5164217,25.0300559
111,8,25,7,30,2,05中正區,中正區牯嶺街與寧波西街口,0,0,2,2,C03,8,1,5,50,4,1,1,5,4,5,7,2,1,4,4,5,1,11,1,65,2,9,1,1,7,9,1,10,1,12,,44,8,1,22,9,121.5164217,25.0300559
111,8,25,7,59,2,04大安區,大安區仁愛路3段99號人行道處,0,0,1,1,B03,8,1,5,50,14,9,1,5,4,5,7,4,4,1,4,5,2,12,1,58,3,10,1,1,7,10,1,8,1,7,,7,7,1,22,9,121.5409199,25.0383714
111,8,25,7,59,2,04大安區,大安區仁愛路3段99號人行道處,0,0,1,2,C03,8,1,5,50,14,9,1,5,4,5,7,4,4,1,4,5,2,12,1,42,2,9,1,1,7,9,1,10,1,12,,44,7,1,22,9,121.5409199,25.0383714
111,8,25,8,2,2,09北投區,北投區大度路2段往台北160號燈桿,0,0,1,1,C03,8,1,5,50,14,12,1,5,4,5,7,4,4,1,4,5,2,13,1,45,2,9,1,1,7,9,1,10,1,11,,23,23,1,22,9,121.4857832,25.12182272
111,8,25,8,2,2,09北投區,北投區大度路2段往台北160號燈桿,0,0,1,2,C03,8,1,5,50,14,12,1,5,4,5,7,4,4,1,4,5,2,13,2,50,3,10,1,1,7,12,1,10,1,13,,44,23,1,22,9,121.4857832,25.12182272
111,8,25,8,20,2,12內湖區,內湖區堤頂大道2段191號,0,0,1,1,B03,8,1,5,50,14,8,1,5,4,5,7,4,4,1,4,1,2,17,1,36,3,10,1,1,7,6,1,8,1,2,,9,9,1,22,9,121.568655,25.07756903
111,8,25,8,20,2,12內湖區,內湖區堤頂大道2段191號,0,0,1,2,C03,8,1,5,50,14,8,1,5,4,5,7,4,4,1,4,1,2,17,1,43,2,7,1,1,7,9,1,10,1,14,,44,9,1,22,9,121.568655,25.07756903
111,8,25,8,23,2,03中山區,中山區市民大道2段與林森北路口,0,0,2,1,C03,8,1,5,40,4,2,1,5,4,5,7,1,1,1,3,5,1,12,2,22,2,8,1,1,7,9,1,10,1,11,,43,43,1,22,9,121.5241945,25.0476987
111,8,25,8,23,2,03中山區,中山區市民大道2段與林森北路口,0,0,2,2,C03,8,1,5,40,4,2,1,5,4,5,7,1,1,1,3,5,1,12,1,59,2,7,1,1,7,5,1,10,1,12,,43,43,1,22,9,121.5241945,25.0476987
111,8,25,8,30,1,05中正區,中正區水源快速道路往南,1,0,2,1,B03,8,1,5,60,10,9,1,5,4,5,7,4,4,3,4,5,1,12,1,41,3,10,1,1,7,9,1,8,2,5,,13,13,1,22,9,121.5319055,25.00938905
111,8,25,8,30,1,05中正區,中正區水源快速道路往南,1,0,2,2,B03,8,1,5,60,10,9,1,5,4,5,7,4,4,3,4,5,1,12,1,56,2,9,1,1,7,7,1,8,2,7,,7,13,1,22,9,121.5319055,25.00938905
111,8,25,8,30,1,05中正區,中正區水源快速道路往南,1,0,2,3,H02,8,1,5,60,10,9,1,5,4,5,7,4,4,3,4,5,1,12,2,46,1,9,3,5,7,20,8,20,10,16,,67,13,1,22,9,121.5319055,25.00938905
111,8,25,8,30,1,05中正區,中正區水源快速道路往南,1,0,2,4,H02,8,1,5,60,10,9,1,5,4,5,7,4,4,3,4,5,1,12,1,7,2,9,3,5,7,20,8,20,10,16,,67,13,1,22,9,121.5319055,25.00938905
111,8,25,8,44,2,02萬華區,萬華區萬大路與西藏路口,0,0,2,1,C03,8,1,5,50,4,2,1,5,4,5,7,2,1,1,4,5,2,17,2,60,2,7,1,1,7,9,3,18,1,14,,44,44,1,22,9,121.5006099,25.02918548
111,8,25,8,44,2,02萬華區,萬華區萬大路與西藏路口,0,0,2,2,C03,8,1,5,50,4,2,1,5,4,5,7,2,1,1,4,5,2,17,2,76,2,9,1,1,7,9,1,10,1,12,,23,44,1,22,9,121.5006099,25.02918548
111,8,25,8,45,2,02萬華區,萬華區堤外便道與水源快速道路口,0,0,1,1,B03,8,1,5,40,3,1,1,5,4,5,7,4,4,8,3,5,1,17,1,54,3,10,1,1,7,6,1,8,1,2,,9,9,1,22,9,121.4984217,25.0161853
111,8,25,8,45,2,02萬華區,萬華區堤外便道與水源快速道路口,0,0,1,2,C03,8,1,5,40,3,1,1,5,4,5,7,4,4,8,3,5,1,17,1,45,2,8,1,1,7,9,1,10,1,14,,44,9,1,22,9,121.4984217,25.0161853
111,8,25,8,46,2,05中正區,中正區杭州南路2段與信義路2段口,0,0,1,1,F01,8,1,5,0,4,2,1,5,4,5,7,2,1,1,4,5,1,15,1,46,3,10,1,1,7,9,8,20,2,16,,23,23,1,22,9,121.524483,25.0355534
111,8,25,8,46,2,05中正區,中正區杭州南路2段與信義路2段口,0,0,1,2,F01,8,1,5,0,4,2,1,5,4,5,7,2,1,1,4,5,1,15,1,69,2,9,1,1,7,9,8,20,2,16,,23,23,1,22,9,121.524483,25.0355534
111,8,25,9,0,2,10文山區,文山區懷恩隧道南往北(第三橫坑處),0,0,3,1,C03,8,3,5,50,14,9,1,5,4,5,7,4,4,10,2,5,2,13,1,19,2,9,1,1,7,9,1,10,1,11,,23,23,1,22,9,121.5519191,24.99522665
111,8,25,9,0,2,10文山區,文山區懷恩隧道南往北(第三橫坑處),0,0,3,2,F01,8,3,5,50,14,9,1,5,4,5,7,4,4,10,2,5,2,13,2,57,2,9,1,1,7,9,8,20,2,16,,44,23,1,22,9,121.5519191,24.99522665
111,8,25,9,0,2,10文山區,文山區懷恩隧道南往北(第三橫坑處),0,0,3,3,C03,8,3,5,50,14,9,1,5,4,5,7,4,4,10,2,5,2,13,1,25,2,9,1,1,7,9,1,10,2,11,,13,23,1,22,9,121.5519191,24.99522665
111,8,25,9,3,2,07信義區,信義區忠孝東路4段與基隆路1段口,0,0,2,1,C03,8,1,5,50,4,1,1,5,4,5,7,2,1,1,4,5,2,13,1,35,2,9,1,1,7,9,1,10,1,11,,16,16,1,22,9,121.5645196,25.0414983
111,8,25,9,3,2,07信義區,信義區忠孝東路4段與基隆路1段口,0,0,2,2,B03,8,1,5,50,4,1,1,5,4,5,7,2,1,1,4,5,2,13,1,34,3,10,1,1,7,12,1,8,1,3,,44,16,1,22,9,121.5645196,25.0414983
111,8,25,9,3,2,07信義區,信義區忠孝東路4段與基隆路1段口,0,0,2,3,C03,8,1,5,50,4,1,1,5,4,5,7,2,1,1,4,5,2,13,1,29,2,7,1,1,7,9,1,10,1,14,,44,16,1,22,9,121.5645196,25.0414983
111,8,25,9,20,2,05中正區,中正區青島西路11號旁(台大兒醫前),0,0,1,1,B01,8,1,5,50,14,9,1,5,4,5,7,1,1,5,5,5,2,12,1,60,3,10,1,1,7,11,1,4,2,4,,10,10,1,22,9,121.518096,25.0448221
111,8,25,9,20,2,05中正區,中正區青島西路11號旁(台大兒醫前),0,0,1,2,C03,8,1,5,50,14,9,1,5,4,5,7,1,1,5,5,5,2,12,1,27,2,9,1,1,7,9,1,10,2,12,,44,10,1,22,9,121.518096,25.0448221
111,8,25,9,20,2,12內湖區,內湖區新湖三路與堤頂大道1段口,0,0,1,1,B01,8,1,5,50,3,1,1,5,4,5,7,4,4,1,5,5,2,17,1,48,4,11,3,4,7,15,7,19,11,15,,6,6,2,22,9,121.5729278,25.0624367
111,8,25,9,20,2,12內湖區,內湖區新湖三路與堤頂大道1段口,0,0,1,2,C03,8,1,5,50,3,1,1,5,4,5,7,4,4,1,5,5,2,17,1,43,2,9,1,1,7,9,1,10,1,14,,44,6,1,22,9,121.5729278,25.0624367