發生年度,發生月,發生日,發生時-Hours,發生分,處理別-編號,區序,肇事地點,死亡人數,2-30日死亡人數,受傷人數,當事人序號,車種,天候,光線,道路類別,速限-速度限制,道路型態,事故位置,路面狀況1,路面狀況2,路面狀況3,道路障礙1,道路障礙2,號誌1,號誌2,車道劃分-分向,車道劃分-分道1,車道劃分-分道2,車道劃分-分道3,事故類型及型態,性別,年齡,受傷程度,主要傷處,安全帽,行動電話,車輛用途,當事者行動狀態,駕駛資格情形,駕駛執照種類,飲酒情形,車輛撞擊部位1,車輛撞擊部位2,肇因碼-個別,肇因碼-主要,個人肇逃否,職業,旅次目的,座標-X,座標-Y
111,8,25,9,21,2,03中山區,中山區明水路與北安路630巷口,0,0,1,1,B03,8,1,5,50,4,1,1,5,4,5,4,2,1,1,4,5,2,17,1,83,3,10,3,4,7,5,1,6,1,15,,8,8,1,22,9,121.5511216,25.0826944
111,8,25,9,21,2,03中山區,中山區明水路與北安路630巷口,0,0,1,2,C01,8,1,5,50,4,1,1,5,4,5,4,2,1,1,4,5,2,17,1,74,2,9,1,1,7,9,1,9,1,14,,44,8,1,22,9,121.5511216,25.0826944
111,8,25,9,22,2,02萬華區,萬華區內江街與內江街81巷口,0,0,1,1,C03,8,1,5,30,4,1,1,5,4,5,7,4,4,10,3,5,2,15,2,51,2,9,1,4,7,9,1,10,1,12,,6,6,1,22,9,121.504241,25.04150942
111,8,25,9,22,2,02萬華區,萬華區內江街與內江街81巷口,0,0,1,2,C03,8,1,5,30,4,1,1,5,4,5,7,4,4,10,3,5,2,15,1,24,3,10,1,4,7,9,6,18,1,11,,44,6,1,22,9,121.504241,25.04150942
111,8,25,9,45,2,12內湖區,內湖區內湖路1段與內湖路1段47巷口,0,0,1,1,B03,8,1,5,40,3,1,1,5,4,5,7,4,4,1,4,4,2,17,1,65,3,10,1,1,7,6,1,8,1,5,,9,9,1,22,9,121.559309,25.08508154
111,8,25,9,45,2,12內湖區,內湖區內湖路1段與內湖路1段47巷口,0,0,1,2,C03,8,1,5,40,3,1,1,5,4,5,7,4,4,1,4,4,2,17,2,34,2,9,1,1,7,9,1,10,1,14,,44,9,1,22,9,121.559309,25.08508154
111,8,25,10,15,2,09北投區,北投區大業路37號前,0,0,1,1,C03,8,1,5,50,14,9,1,5,4,5,7,4,4,1,4,5,2,12,1,27,2,9,1,1,7,8,1,10,1,12,,43,43,1,22,9,121.4992926,25.12237207
111,8,25,10,15,2,09北投區,北投區大業路37號前,0,0,1,2,B03,8,1,5,50,14,9,1,5,4,5,7,4,4,1,4,5,2,12,2,64,3,10,1,1,7,9,1,8,1,4,,43,43,1,22,9,121.4992926,25.12237207
111,8,25,10,23,2,10文山區,文山區忠順街2段29號,0,0,1,1,B02,8,1,5,50,14,9,1,5,4,5,7,4,4,9,4,5,2,16,1,35,3,10,3,4,7,1,1,8,2,4,,19,19,1,21,8,121.5633192,24.98474817
111,8,25,10,23,2,10文山區,文山區忠順街2段29號,0,0,1,2,C03,8,1,5,50,14,9,1,5,4,5,7,4,4,9,4,5,2,16,2,19,2,9,3,4,7,9,1,10,2,12,,44,19,1,21,8,121.5633192,24.98474817
111,8,25,10,25,2,04大安區,大安區忠孝東路3段與建國南路1段口,0,0,1,1,B12,8,1,5,40,4,1,1,5,4,5,7,1,1,10,3,5,2,17,1,66,3,10,1,1,7,6,1,8,1,5,,9,9,1,22,9,121.5367842,25.0419675
111,8,25,10,25,2,04大安區,大安區忠孝東路3段與建國南路1段口,0,0,1,2,C03,8,1,5,40,4,1,1,5,4,5,7,1,1,10,3,5,2,17,2,71,2,9,1,1,7,9,1,10,1,13,,43,9,1,22,9,121.5367842,25.0419675
111,8,25,10,27,2,10文山區,文山區秀明路1段第79號停車格,0,0,1,1,B03,8,1,5,50,14,8,1,5,4,5,7,4,4,1,5,4,2,12,1,61,3,10,3,4,7,8,1,8,2,2,,7,7,1,22,9,121.5689042,24.99163516
111,8,25,10,27,2,10文山區,文山區秀明路1段第79號停車格,0,0,1,2,C03,8,1,5,50,14,8,1,5,4,5,7,4,4,1,5,4,2,12,1,21,2,9,3,4,7,9,1,10,2,11,,44,7,1,22,9,121.5689042,24.99163516
111,8,25,10,27,2,10文山區,文山區秀明路1段第79號停車格,0,0,1,3,B03,8,1,5,50,14,8,1,5,4,5,7,4,4,1,5,4,2,12,1,52,3,10,3,4,7,13,1,10,9,6,,44,7,1,22,9,121.5689042,24.99163516
111,8,25,10,50,2,04大安區,大安區龍泉街與雲和街口,0,0,2,1,C03,8,1,5,30,4,1,1,5,4,5,7,4,4,10,5,5,1,15,2,70,2,9,1,1,7,9,1,10,2,11,,6,6,1,22,9,121.5293672,25.0235537
111,8,25,10,50,2,04大安區,大安區龍泉街與雲和街口,0,0,2,2,B01,8,1,5,30,4,1,1,5,4,5,7,4,4,10,5,5,1,15,1,65,3,10,1,1,7,9,1,4,2,8,,44,6,1,22,9,121.5293672,25.0235537
111,8,25,10,50,2,04大安區,大安區龍泉街與雲和街口,0,0,2,3,H02,8,1,5,30,4,1,1,5,4,5,7,4,4,10,5,5,1,15,1,9,2,8,1,5,7,20,8,20,10,16,,67,6,1,22,9,121.5293672,25.0235537
111,8,25,11,1,2,12內湖區,內湖區內湖路2段與內湖路2段口無名巷(達人女中前),0,0,1,1,B03,8,1,5,50,3,1,1,5,4,5,7,4,4,7,4,5,2,16,1,61,3,10,1,1,7,5,1,8,1,4,,6,6,1,22,9,121.5875834,25.08153152
111,8,25,11,1,2,12內湖區,內湖區內湖路2段與內湖路2段口無名巷(達人女中前),0,0,1,2,C03,8,1,5,50,3,1,1,5,4,5,7,4,4,7,4,5,2,16,1,20,2,9,1,1,7,9,1,10,1,11,,44,6,1,22,9,121.5875834,25.08153152
111,8,25,11,11,2,11南港區,南港區東新街67號,0,0,1,1,B01,8,1,5,50,15,9,1,5,4,5,7,1,1,10,5,5,2,16,1,58,3,10,3,4,7,10,1,4,2,5,,7,7,1,22,9,121.5877221,25.04655422
111,8,25,11,11,2,11南港區,南港區東新街67號,0,0,1,2,C03,8,1,5,50,15,9,1,5,4,5,7,1,1,10,5,5,2,16,1,41,2,9,3,4,7,9,1,10,2,14,,44,7,1,22,9,121.5877221,25.04655422
111,8,25,11,28,2,05中正區,中正區牯嶺街與牯嶺街9巷口口,0,0,2,1,C03,8,1,5,30,3,1,1,5,4,5,7,4,4,9,5,5,1,17,1,84,2,8,1,1,7,5,1,10,2,11,,6,6,1,22,9,121.5155068,25.0313359
111,8,25,11,28,2,05中正區,中正區牯嶺街與牯嶺街9巷口口,0,0,2,2,C03,8,1,5,30,3,1,1,5,4,5,7,4,4,9,5,5,1,17,1,45,2,9,1,1,7,9,1,10,2,11,,14,6,1,22,9,121.5155068,25.0313359
111,8,25,11,37,2,01大同區,大同區承德路3段與酒泉街口,0,0,1,1,B02,8,1,5,50,4,1,1,5,4,5,7,2,1,1,4,5,2,16,1,55,3,10,1,1,7,6,1,8,1,6,,9,9,1,22,9,121.518545,25.07056121
111,8,25,11,37,2,01大同區,大同區承德路3段與酒泉街口,0,0,1,2,C03,8,1,5,50,4,1,1,5,4,5,7,2,1,1,4,5,2,16,1,50,2,9,1,1,7,9,1,10,1,11,,44,9,1,22,9,121.518545,25.07056121
111,8,25,11,39,2,04大安區,大安區新生南路1段97巷與新生南路1段103巷33弄口,0,0,1,1,C03,8,1,5,30,4,1,1,5,4,5,7,4,4,10,5,5,1,15,2,35,2,7,1,1,7,9,1,10,1,12,,6,6,1,22,9,121.5356649,25.0411694
111,8,25,11,39,2,04大安區,大安區新生南路1段97巷與新生南路1段103巷33弄口,0,0,1,2,B03,8,1,5,30,4,1,1,5,4,5,7,4,4,10,5,5,1,15,1,60,3,10,1,1,7,9,1,8,1,1,,14,6,1,22,9,121.5356649,25.0411694
111,8,25,11,50,2,03中山區,中山區新生北路2段與錦州街口,0,0,1,1,C03,8,1,5,50,4,1,1,5,4,5,7,2,1,1,4,5,2,12,1,22,3,10,1,4,7,5,1,10,1,14,,8,8,1,22,9,121.5275151,25.06028845
111,8,25,11,50,2,03中山區,中山區新生北路2段與錦州街口,0,0,1,2,C03,8,1,5,50,4,1,1,5,4,5,7,2,1,1,4,5,2,12,1,39,2,7,1,4,7,9,1,10,1,15,,44,8,1,22,9,121.5275151,25.06028845
111,8,25,12,2,2,08士林區,士林區德行西路與德行西路111巷口,0,0,1,1,B03,8,1,5,50,3,1,1,5,4,5,7,4,4,4,3,5,1,12,1,69,3,10,1,1,7,5,1,8,2,4,,8,8,1,22,9,121.5208499,25.10398706
111,8,25,12,2,2,08士林區,士林區德行西路與德行西路111巷口,0,0,1,2,C03,8,1,5,50,3,1,1,5,4,5,7,4,4,4,3,5,1,12,1,27,2,7,1,1,7,9,1,10,2,12,,23,8,1,22,9,121.5208499,25.10398706
111,8,25,12,5,2,08士林區,士林區中山北路5段645號,0,0,1,1,B03,8,1,5,50,14,9,1,5,4,5,7,4,4,1,5,5,2,12,1,31,3,10,1,1,7,9,1,8,1,2,,17,17,1,22,9,121.5271595,25.09800283
111,8,25,12,5,2,08士林區,士林區中山北路5段645號,0,0,1,2,C03,8,1,5,50,14,9,1,5,4,5,7,4,4,1,5,5,2,12,2,34,2,9,1,1,7,9,1,10,1,14,,17,17,1,22,9,121.5271595,25.09800283
111,8,25,12,5,2,08士林區,士林區中山北路5段645號,0,0,1,3,B03,8,1,5,50,14,9,1,5,4,5,7,4,4,1,5,5,2,12,3,,,,,,,,,,,,,67,17,1,,,121.5271595,25.09800283
111,8,25,12,6,2,01大同區,大同區重慶北路2段與涼州街口,0,0,1,1,B01,8,1,5,50,14,9,1,5,4,5,7,4,4,9,4,5,1,13,1,43,2,1,1,1,7,9,1,8,1,1,,16,16,1,22,9,121.5134697,25.06132511
111,8,25,12,6,2,01大同區,大同區重慶北路2段與涼州街口,0,0,1,2,B12,8,1,5,50,14,9,1,5,4,5,7,4,4,9,4,5,1,13,1,44,3,10,1,1,7,9,1,8,1,1,,16,16,1,22,9,121.5134697,25.06132511
111,8,25,12,6,2,01大同區,大同區重慶北路2段與涼州街口,0,0,1,3,B03,8,1,5,50,14,9,1,5,4,5,7,4,4,9,4,5,1,13,1,53,3,10,1,1,7,9,1,8,1,3,,17,16,1,22,9,121.5134697,25.06132511
111,8,25,12,24,2,01大同區,大同區大龍街與大龍街46巷口,0,0,1,1,B03,8,1,5,30,3,1,1,5,4,5,7,4,4,5,5,5,2,16,2,49,3,10,1,1,7,11,1,4,2,4,,10,10,1,22,9,121.5160443,25.06477027
111,8,25,12,24,2,01大同區,大同區大龍街與大龍街46巷口,0,0,1,2,C03,8,1,5,30,3,1,1,5,4,5,7,4,4,5,5,5,2,16,1,18,2,1,1,1,7,9,3,18,2,11,,44,10,1,22,9,121.5160443,25.06477027
111,8,25,12,35,2,06松山區,松山區敦化北路244巷與敦化北路244巷6弄口,0,0,2,1,C03,8,1,5,30,4,1,1,5,4,5,7,4,4,10,5,5,2,15,1,44,2,9,1,1,7,9,1,10,1,11,,6,6,1,22,9,121.5494116,25.06065199
111,8,25,12,35,2,06松山區,松山區敦化北路244巷與敦化北路244巷6弄口,0,0,2,2,C03,8,1,5,30,4,1,1,5,4,5,7,4,4,10,5,5,2,15,2,33,2,9,1,1,7,9,1,10,1,14,,14,6,1,22,9,121.5494116,25.06065199
111,8,25,12,55,2,11南港區,南港區玉成街與玉成街52巷口,0,0,2,1,C03,8,1,5,30,3,1,1,5,4,5,7,4,4,10,5,5,2,16,2,44,2,9,3,4,7,9,4,11,1,11,,23,23,1,22,9,121.581542,25.0480376
111,8,25,12,55,2,11南港區,南港區玉成街與玉成街52巷口,0,0,2,2,C03,8,1,5,30,3,1,1,5,4,5,7,4,4,10,5,5,2,16,1,64,2,9,3,4,7,11,1,10,1,13,,10,23,1,22,9,121.581542,25.0480376
111,8,25,13,10,2,03中山區,中山區民生東路2段137號,0,0,1,1,C03,8,1,5,50,14,9,1,5,4,5,7,4,4,5,4,5,2,16,1,36,2,9,1,4,7,10,1,10,1,14,,7,7,1,22,9,121.5328222,25.0579986
111,8,25,13,10,2,03中山區,中山區民生東路2段137號,0,0,1,2,B03,8,1,5,50,14,9,1,5,4,5,7,4,4,5,4,5,2,16,1,75,3,10,3,4,7,9,1,8,1,2,,44,7,1,22,9,121.5328222,25.0579986
111,8,25,13,10,2,03中山區,中山區民生東路2段137號,0,0,1,3,B02,8,1,5,50,14,9,1,5,4,5,7,4,4,5,4,5,2,16,1,33,3,10,3,4,7,14,1,8,1,7,,38,7,1,22,9,121.5328222,25.0579986
111,8,25,13,34,2,05中正區,中正區愛國東路40號,0,0,1,1,C03,8,1,5,40,14,7,1,5,4,5,7,1,1,1,4,4,1,17,1,18,2,8,1,1,7,11,1,10,2,14,,10,10,1,22,9,121.5183972,25.03418337
111,8,25,13,34,2,05中正區,中正區愛國東路40號,0,0,1,2,B03,8,1,5,40,14,7,1,5,4,5,7,1,1,1,4,4,1,17,1,50,3,10,1,1,7,9,1,8,2,5,,44,10,1,22,9,121.5183972,25.03418337
111,8,25,13,40,2,06松山區,松山區健康路與塔悠路口,0,0,1,1,B12,8,1,5,50,4,1,1,5,4,5,7,2,1,1,4,5,2,9,1,32,3,10,1,1,7,5,1,8,1,4,,15,15,1,22,9,121.5699009,25.05453995
111,8,25,13,40,2,06松山區,松山區健康路與塔悠路口,0,0,1,2,H01,8,1,5,50,4,1,1,5,4,5,7,2,1,1,4,5,2,9,1,52,2,9,4,5,8,16,8,20,10,16,,67,15,1,22,9,121.5699009,25.05453995
111,8,25,13,45,2,04大安區,大安區辛亥路3段330號,0,0,2,1,C03,8,1,5,50,14,9,1,5,4,5,7,4,4,8,3,5,1,13,2,27,2,9,1,1,7,9,1,10,1,11,,16,16,1,22,9,121.5535122,25.01350262
111,8,25,13,45,2,04大安區,大安區辛亥路3段330號,0,0,2,2,C03,8,1,5,50,14,9,1,5,4,5,7,4,4,8,3,5,1,13,1,25,2,7,1,1,7,9,1,10,1,13,,44,16,1,22,9,121.5535122,25.01350262
111,8,25,13,45,2,04大安區,大安區辛亥路3段330號,0,0,2,3,C03,8,1,5,50,14,9,1,5,4,5,7,4,4,8,3,5,1,13,1,22,3,10,1,1,7,12,1,10,1,15,,14,16,1,22,9,121.5535122,25.01350262
111,8,25,13,57,2,06松山區,松山區民權東路3段與民族東路口,0,0,1,1,B03,8,1,5,50,3,1,1,5,4,5,7,4,4,1,4,5,2,16,2,69,3,10,1,1,7,6,1,8,1,5,,42,42,1,22,9,121.5499307,25.0617526
111,8,25,13,57,2,06松山區,松山區民權東路3段與民族東路口,0,0,1,2,C03,8,1,5,50,3,1,1,5,4,5,7,4,4,1,4,5,2,16,1,18,2,9,1,1,7,9,1,10,1,14,,13,42,1,22,9,121.5499307,25.0617526
111,8,25,14,15,2,02萬華區,萬華區萬大路497號,0,0,1,1,A02,8,1,5,50,14,9,1,5,4,5,7,4,4,1,4,5,2,9,1,57,3,10,1,1,7,1,1,2,1,15,,44,44,1,22,9,121.4982055,25.0199139
111,8,25,14,15,2,02萬華區,萬華區萬大路497號,0,0,1,2,H02,8,1,5,50,14,9,1,5,4,5,7,4,4,1,4,5,2,9,2,73,2,9,4,5,7,20,8,20,10,15,,67,44,1,22,9,121.4982055,25.0199139
111,8,25,14,22,2,02萬華區,萬華區環河南路1段與武昌街2段口,0,0,1,1,B12,8,1,5,50,4,1,1,5,4,5,7,1,1,8,3,5,2,16,1,24,3,10,3,4,7,9,1,8,1,1,,25,25,1,22,9,121.5025546,25.045707
111,8,25,14,22,2,02萬華區,萬華區環河南路1段與武昌街2段口,0,0,1,2,C03,8,1,5,50,4,1,1,5,4,5,7,1,1,8,3,5,2,16,1,35,2,9,1,4,7,9,1,10,1,12,,44,25,1,22,9,121.5025546,25.045707
111,8,25,14,58,2,04大安區,大安區仁愛路3段99號(空總)前,0,0,1,1,C03,8,1,5,50,11,9,1,5,4,5,7,4,4,8,3,5,1,13,2,29,2,4,1,1,7,12,1,10,1,11,,16,16,1,5,1,121.5398198,25.03858891
111,8,25,14,58,2,04大安區,大安區仁愛路3段99號(空總)前,0,0,1,2,B03,8,1,5,50,11,9,1,5,4,5,7,4,4,8,3,5,1,13,1,55,3,10,1,1,7,15,1,8,1,3,,44,16,1,5,1,121.5398198,25.03858891
111,8,25,15,12,2,05中正區,中正區忠孝東路1段150號,0,0,1,1,B03,6,1,5,50,14,9,1,4,4,5,7,4,4,1,4,5,2,17,1,28,3,10,1,1,7,8,1,8,9,15,,7,7,1,22,9,121.5260153,25.0440608
111,8,25,15,12,2,05中正區,中正區忠孝東路1段150號,0,0,1,2,C03,6,1,5,50,14,9,1,4,4,5,7,4,4,1,4,5,2,17,1,27,2,9,1,1,7,11,1,10,2,14,,44,7,1,22,9,121.5260153,25.0440608
111,8,25,15,53,2,09北投區,北投區溫泉路79-1號,0,0,2,1,B03,6,1,5,30,14,9,1,4,4,5,7,4,4,10,5,5,1,12,1,42,3,10,1,1,7,6,1,8,2,2,,9,9,1,22,9,121.5056965,25.1354344
111,8,25,15,53,2,09北投區,北投區溫泉路79-1號,0,0,2,2,C03,6,1,5,30,14,9,1,4,4,5,7,4,4,10,5,5,1,12,1,29,2,9,1,1,7,9,1,10,2,14,,17,9,1,22,9,121.5056965,25.1354344
111,8,25,15,53,2,09北投區,北投區溫泉路79-1號,0,0,2,3,H02,6,1,5,30,14,9,1,4,4,5,7,4,4,10,5,5,1,12,2,27,2,9,4,5,7,21,8,20,10,16,,67,9,1,22,9,121.5056965,25.1354344
111,8,25,15,55,2,12內湖區,內湖區行善路179號與舊宗路1段口,0,0,1,1,C03,8,1,5,50,14,9,1,5,4,5,7,4,4,1,3,5,2,12,1,70,2,9,1,1,7,7,1,10,1,14,,7,7,1,22,9,121.5813188,25.05749465
111,8,25,15,55,2,12內湖區,內湖區行善路179號與舊宗路1段口,0,0,1,2,B12,8,1,5,50,14,9,1,5,4,5,7,4,4,1,3,5,2,12,1,44,3,10,1,1,7,9,1,8,1,5,,23,7,1,22,9,121.5813188,25.05749465
111,8,25,16,17,2,04大安區,大安區復興南路1段與復興南路1段126巷口,0,0,1,1,C03,6,1,5,50,3,1,1,4,4,5,7,4,4,1,5,5,1,13,1,35,2,7,1,1,7,9,1,10,1,12,,16,16,1,22,9,121.5434369,25.0431994
111,8,25,16,17,2,04大安區,大安區復興南路1段與復興南路1段126巷口,0,0,1,2,B01,6,1,5,50,3,1,1,4,4,5,7,4,4,1,5,5,1,13,1,63,3,10,1,1,7,6,1,4,1,7,,44,16,1,22,9,121.5434369,25.0431994
111,8,25,16,20,2,11南港區,南港區興中路與南港路1段口,0,0,1,1,H01,6,1,5,50,14,9,1,4,4,5,7,4,4,4,3,5,2,3,1,17,2,9,4,5,8,18,8,20,1,16,,51,51,1,22,9,121.6074853,25.0542316
111,8,25,16,20,2,11南港區,南港區興中路與南港路1段口,0,0,1,2,B03,6,1,5,50,14,9,1,4,4,5,7,4,4,4,3,5,2,3,2,41,3,10,1,1,7,9,1,8,1,8,,44,51,1,22,9,121.6074853,25.0542316
111,8,25,17,6,2,01大同區,大同區民生西路與重慶北路2段口,0,0,1,1,B03,6,1,5,50,4,1,1,4,4,5,7,2,1,1,5,5,2,16,1,54,3,10,1,1,7,5,1,8,1,5,,6,6,1,22,9,121.5138073,25.0570704
111,8,25,17,6,2,01大同區,大同區民生西路與重慶北路2段口,0,0,1,2,C03,6,1,5,50,4,1,1,4,4,5,7,2,1,1,5,5,2,16,2,65,2,9,1,1,7,9,1,10,1,11,,44,6,1,22,9,121.5138073,25.0570704
111,8,25,17,7,2,09北投區,北投區自強街與自強街61巷口,0,0,2,1,C03,6,1,5,50,3,1,1,4,4,5,7,4,4,10,5,5,2,3,1,19,2,7,1,1,7,9,1,10,2,11,,43,43,1,22,9,121.5139868,25.1104856
111,8,25,17,7,2,09北投區,北投區自強街與自強街61巷口,0,0,2,2,H01,6,1,5,50,3,1,1,4,4,5,7,4,4,10,5,5,2,3,2,75,2,9,4,5,8,16,8,20,10,16,,67,43,1,22,9,121.5139868,25.1104856
111,8,25,17,10,2,05中正區,中正區重慶南路2段與南海路口,0,0,2,1,C03,6,1,5,50,4,1,1,4,4,5,7,1,1,10,4,5,2,12,2,25,2,9,1,1,7,5,1,10,2,14,,8,8,1,22,9,121.5144714,25.0319271
111,8,25,17,10,2,05中正區,中正區重慶南路2段與南海路口,0,0,2,2,C03,6,1,5,50,4,1,1,4,4,5,7,1,1,10,4,5,2,12,1,64,2,9,1,1,7,9,1,10,2,12,,44,8,1,22,9,121.5144714,25.0319271
111,8,25,17,16,2,09北投區,北投區大業路與豐年路2段口口附近,0,0,1,1,B03,8,1,5,50,5,1,1,5,4,5,7,2,1,1,4,5,2,17,1,43,3,10,1,1,7,11,1,8,1,6,,10,10,1,22,9,121.4962988,25.1346593
111,8,25,17,16,2,09北投區,北投區大業路與豐年路2段口口附近,0,0,1,2,C03,8,1,5,50,5,1,1,5,4,5,7,2,1,1,4,5,2,17,1,20,2,7,1,1,7,9,1,10,1,11,,44,10,1,22,9,121.4962988,25.1346593
111,8,25,17,29,2,04大安區,大安區仁愛路3段與建國南路1段口,0,0,2,1,B03,6,1,5,50,4,1,1,4,4,5,7,1,1,1,5,5,1,3,1,62,3,10,1,1,7,5,1,8,1,8,,15,15,1,22,9,121.5377202,25.0378623
111,8,25,17,29,2,04大安區,大安區仁愛路3段與建國南路1段口,0,0,2,2,H01,6,1,5,50,4,1,1,4,4,5,7,1,1,1,5,5,1,3,1,60,2,9,4,5,8,16,8,20,10,16,,67,15,1,22,9,121.5377202,25.0378623
111,8,25,17,29,2,04大安區,大安區仁愛路3段與建國南路1段口,0,0,2,3,H01,6,1,5,50,4,1,1,4,4,5,7,1,1,1,5,5,1,3,2,50,2,8,4,5,8,16,8,20,10,16,,67,15,1,22,9,121.5377202,25.0378623
111,8,25,17,30,2,07信義區,信義區松壽路20號,0,0,1,1,A02,6,1,5,50,14,9,1,4,4,5,7,4,4,5,4,5,1,9,1,33,3,10,1,1,7,14,1,2,1,15,,43,43,1,22,9,121.5672759,25.03575869
111,8,25,17,30,2,07信義區,信義區松壽路20號,0,0,1,2,H02,6,1,5,50,14,9,1,4,4,5,7,4,4,5,4,5,1,9,2,68,2,9,4,1,7,19,8,20,10,15,,67,43,1,22,9,121.5672759,25.03575869
111,8,25,17,40,2,08士林區,士林區福港街149巷15弄與華齡街185巷口,0,0,1,1,B03,7,2,5,30,3,1,1,4,4,5,7,4,4,10,5,5,1,16,1,40,3,10,1,1,7,5,1,8,2,1,,6,6,1,22,9,121.5190461,25.08769919
111,8,25,17,40,2,08士林區,士林區福港街149巷15弄與華齡街185巷口,0,0,1,2,C03,7,2,5,30,3,1,1,4,4,5,7,4,4,10,5,5,1,16,2,47,2,8,1,1,7,9,1,10,2,12,,44,6,1,22,9,121.5190461,25.08769919
111,8,25,17,42,2,03中山區,中山區市民大道3段與松江路口,0,0,1,1,B03,6,1,5,40,4,2,1,4,4,5,7,1,1,1,3,5,1,17,1,22,3,10,3,4,7,8,1,8,2,15,,7,7,1,22,9,121.5326617,25.04563749
111,8,25,17,42,2,03中山區,中山區市民大道3段與松江路口,0,0,1,2,C03,6,1,5,40,4,2,1,4,4,5,7,1,1,1,3,5,1,17,1,38,2,9,1,4,7,9,1,10,2,12,,13,7,1,22,9,121.5326617,25.04563749
111,8,25,18,8,2,02萬華區,萬華區東園街128號,0,0,2,1,C03,7,2,5,50,14,9,1,4,4,5,7,4,4,10,3,5,1,13,1,59,2,9,3,4,7,9,1,9,1,11,,23,23,1,22,9,121.4974179,25.02392723
111,8,25,18,8,2,02萬華區,萬華區東園街128號,0,0,2,2,C03,7,2,5,50,14,9,1,4,4,5,7,4,4,10,3,5,1,13,1,63,2,9,3,4,7,7,1,10,1,13,,7,23,1,22,9,121.4974179,25.02392723
111,8,25,18,25,2,04大安區,大安區敦化南路2段63巷與安和路2段口,0,0,1,1,C03,6,3,5,50,4,1,1,4,4,5,7,2,1,1,4,5,2,13,2,25,2,9,1,1,7,11,1,10,1,11,,23,23,1,22,9,121.5523961,25.0310216
111,8,25,18,25,2,04大安區,大安區敦化南路2段63巷與安和路2段口,0,0,1,2,B03,6,3,5,50,4,1,1,4,4,5,7,2,1,1,4,5,2,13,2,38,3,10,1,1,7,11,1,8,1,7,,10,23,1,22,9,121.5523961,25.0310216
111,8,25,18,29,2,06松山區,松山區八德路2段374號,0,0,1,1,C03,6,3,5,50,14,9,1,4,4,5,7,1,1,1,4,5,2,17,1,32,2,9,1,1,7,9,1,10,1,14,,42,42,1,22,9,121.5459968,25.04804335
111,8,25,18,29,2,06松山區,松山區八德路2段374號,0,0,1,2,B01,6,3,5,50,14,9,1,4,4,5,7,1,1,1,4,5,2,17,1,68,3,10,1,1,7,9,1,4,1,15,,44,42,1,22,9,121.5459968,25.04804335
111,8,25,18,33,2,08士林區,士林區延平北路5段204號,0,0,1,1,B03,8,3,5,50,14,9,1,5,4,5,7,4,4,3,5,5,1,17,1,51,3,10,1,1,7,1,1,8,1,15,,19,19,1,22,9,121.5101237,25.08364363
111,8,25,18,33,2,08士林區,士林區延平北路5段204號,0,0,1,2,C03,8,3,5,50,14,9,1,5,4,5,7,4,4,3,5,5,1,17,1,27,2,9,1,1,7,9,1,10,1,11,,42,19,1,22,9,121.5101237,25.08364363
111,8,25,18,35,2,12內湖區,內湖區陽光街與陽光街365巷口,0,0,2,1,C03,8,3,5,50,3,1,1,5,4,5,7,4,4,5,2,5,2,16,1,44,2,9,1,1,7,5,1,10,1,12,,8,8,1,22,9,121.5770223,25.07302644
111,8,25,18,35,2,12內湖區,內湖區陽光街與陽光街365巷口,0,0,2,2,C03,8,3,5,50,3,1,1,5,4,5,7,4,4,5,2,5,2,16,1,20,2,8,1,1,7,9,1,10,1,11,,13,8,1,22,9,121.5770223,25.07302644
111,8,25,18,45,2,11南港區,南港區南港路2段與興南街口,0,0,2,1,C03,8,1,5,50,3,1,1,5,4,5,7,2,1,4,3,4,2,16,2,54,2,9,3,4,7,5,1,10,2,12,,8,8,1,22,9,121.5975775,25.05410917
111,8,25,18,45,2,11南港區,南港區南港路2段與興南街口,0,0,2,2,C03,8,1,5,50,3,1,1,5,4,5,7,2,1,4,3,4,2,16,1,37,2,9,3,4,7,9,1,10,2,14,,44,8,1,22,9,121.5975775,25.05410917
111,8,25,18,49,2,06松山區,松山區塔悠路與撫遠街403巷口,0,0,1,1,B03,7,3,5,50,3,1,1,4,4,5,7,1,1,1,4,5,2,16,2,32,3,10,3,4,7,6,1,8,2,2,,9,9,1,22,9,121.5678413,25.0664311
111,8,25,18,49,2,06松山區,松山區塔悠路與撫遠街403巷口,0,0,1,2,C03,7,3,5,50,3,1,1,4,4,5,7,1,1,1,4,5,2,16,2,29,2,9,3,4,7,9,1,10,2,11,,44,9,1,22,9,121.5678413,25.0664311
111,8,25,18,50,2,02萬華區,萬華區西藏路125巷與雙和街口,0,0,1,1,C03,8,3,5,30,4,1,1,5,4,5,7,2,1,10,5,5,2,16,2,25,2,9,1,4,7,5,1,10,1,11,,6,6,1,22,9,121.5026753,25.02800821
111,8,25,18,50,2,02萬華區,萬華區西藏路125巷與雙和街口,0,0,1,2,C03,8,3,5,30,4,1,1,5,4,5,7,2,1,10,5,5,2,16,2,56,3,10,1,4,7,9,1,10,1,11,,44,6,1,22,9,121.5026753,25.02800821
111,8,25,19,23,2,07信義區,信義區忠孝東路5段與松山路口,0,0,1,1,B01,7,3,5,50,4,2,1,4,4,5,7,1,1,1,4,5,2,17,1,62,3,10,3,4,7,9,1,4,1,4,,44,44,1,22,9,121.5779065,25.0406857
111,8,25,19,23,2,07信義區,信義區忠孝東路5段與松山路口,0,0,1,2,C03,7,3,5,50,4,2,1,4,4,5,7,1,1,1,4,5,2,17,2,57,2,1,3,4,7,8,3,18,1,12,,7,44,1,22,9,121.5779065,25.0406857