發生年度,發生月,發生日,發生時-Hours,發生分,處理別-編號,區序,肇事地點,死亡人數,2-30日死亡人數,受傷人數,當事人序號,車種,天候,光線,道路類別,速限-速度限制,道路型態,事故位置,路面狀況1,路面狀況2,路面狀況3,道路障礙1,道路障礙2,號誌1,號誌2,車道劃分-分向,車道劃分-分道1,車道劃分-分道2,車道劃分-分道3,事故類型及型態,性別,年齡,受傷程度,主要傷處,安全帽,行動電話,車輛用途,當事者行動狀態,駕駛資格情形,駕駛執照種類,飲酒情形,車輛撞擊部位1,車輛撞擊部位2,肇因碼-個別,肇因碼-主要,個人肇逃否,職業,旅次目的,座標-X,座標-Y
111,8,25,19,30,2,12內湖區,內湖區南京東路6段與潭美街口,0,0,1,2,C03,8,1,5,50,14,9,1,4,4,5,7,4,4,5,4,5,2,16,1,34,2,9,1,1,7,9,1,10,2,12,,13,19,1,22,9,121.5755499,25.05302535
111,8,25,19,30,2,12內湖區,內湖區南京東路6段與潭美街口,0,0,1,1,B12,8,1,5,50,14,9,1,4,4,5,7,4,4,5,4,5,2,16,1,32,3,10,1,1,7,1,1,8,1,8,,19,19,1,22,9,121.5755499,25.05302535
111,8,25,19,45,2,06松山區,松山區民權大橋往西倒數第3根燈桿,0,0,3,1,C03,8,3,5,40,14,9,1,5,4,5,7,4,4,1,4,5,2,17,2,35,2,9,1,1,7,9,1,10,2,11,,16,16,1,22,9,121.5673064,25.06346128
111,8,25,19,45,2,06松山區,松山區民權大橋往西倒數第3根燈桿,0,0,3,2,C03,8,3,5,40,14,9,1,5,4,5,7,4,4,1,4,5,2,17,1,24,3,10,1,1,7,9,1,10,2,13,,44,16,1,22,9,121.5673064,25.06346128
111,8,25,19,45,2,06松山區,松山區民權大橋往西倒數第3根燈桿,0,0,3,3,C03,8,3,5,40,14,9,1,5,4,5,7,4,4,1,4,5,2,17,2,34,2,9,1,1,7,9,4,11,2,14,,23,16,1,22,9,121.5673064,25.06346128
111,8,25,19,45,2,06松山區,松山區民權大橋往西倒數第3根燈桿,0,0,3,4,C03,8,3,5,40,14,9,1,5,4,5,7,4,4,1,4,5,2,17,2,28,2,9,1,1,7,9,1,10,2,12,,42,16,1,22,9,121.5673064,25.06346128
111,8,25,20,15,2,03中山區,中山區建國北路3段與民權東路3段口,0,0,1,1,C04,7,3,5,50,4,1,1,5,4,5,7,2,1,9,4,5,2,13,2,22,2,8,3,4,7,8,1,10,1,14,,23,23,1,22,9,121.5370303,25.06246127
111,8,25,20,15,2,03中山區,中山區建國北路3段與民權東路3段口,0,0,1,2,C03,7,3,5,50,4,1,1,5,4,5,7,2,1,9,4,5,2,13,1,43,3,10,3,4,7,14,1,10,1,12,,44,23,1,22,9,121.5370303,25.06246127
111,8,25,20,17,2,10文山區,文山區景福街與景福街168巷口,0,0,2,1,C03,7,3,5,30,4,1,1,5,4,5,7,3,1,10,5,5,2,15,2,30,2,9,1,1,7,9,1,10,2,11,,6,6,1,22,9,121.5372815,24.9948801
111,8,25,20,17,2,10文山區,文山區景福街與景福街168巷口,0,0,2,2,C02,7,3,5,30,4,1,1,5,4,5,7,3,1,10,5,5,2,15,1,46,2,9,1,1,7,9,1,9,2,12,,14,6,1,22,9,121.5372815,24.9948801
111,8,25,20,55,2,12內湖區,內湖區瑞光路與港墘路口,0,0,1,1,B01,8,3,5,50,4,1,1,5,4,5,7,1,1,5,4,5,2,11,1,41,3,10,1,1,7,5,1,4,1,1,,6,6,1,22,9,121.5749701,25.076374
111,8,25,20,55,2,12內湖區,內湖區瑞光路與港墘路口,0,0,1,2,C03,8,3,5,50,4,1,1,5,4,5,7,1,1,5,4,5,2,11,1,33,2,9,1,1,7,9,1,10,1,11,,23,6,1,22,9,121.5749701,25.076374
111,8,25,21,48,2,10文山區,文山區木新路3段1號,0,0,1,1,C03,8,3,5,0,14,20,1,5,4,5,7,4,4,10,5,5,2,9,1,44,3,10,1,1,7,14,1,10,11,14,,42,42,1,22,9,121.5652469,24.9826794
111,8,25,21,48,2,10文山區,文山區木新路3段1號,0,0,1,2,H01,8,3,5,0,14,20,1,5,4,5,7,4,4,10,5,5,2,9,2,79,2,9,4,5,8,16,8,20,11,16,,67,42,1,22,9,121.5652469,24.9826794
111,8,25,22,6,2,10文山區,文山區木柵路4段與木柵路4段9巷口旁,0,0,1,1,B02,8,3,5,50,14,9,1,5,4,5,7,2,1,9,4,5,2,12,2,24,3,10,1,1,7,8,1,8,1,2,,6,6,1,22,9,121.5712725,24.99248194
111,8,25,22,6,2,10文山區,文山區木柵路4段與木柵路4段9巷口旁,0,0,1,2,C04,8,3,5,50,14,9,1,5,4,5,7,2,1,9,4,5,2,12,1,25,2,9,1,1,7,9,1,11,9,14,,23,6,2,22,9,121.5712725,24.99248194
111,8,25,22,12,2,02萬華區,萬華區萬大路277巷33弄與萬大路277巷口,0,0,1,1,B03,8,3,5,30,4,1,1,5,4,5,7,3,1,10,5,5,1,15,1,39,3,10,1,4,7,9,1,8,1,5,,6,6,1,22,9,121.5017464,25.02544316
111,8,25,22,12,2,02萬華區,萬華區萬大路277巷33弄與萬大路277巷口,0,0,1,2,C03,8,3,5,30,4,1,1,5,4,5,7,3,1,10,5,5,1,15,1,28,2,9,1,4,7,9,1,10,1,11,,6,6,1,22,9,121.5017464,25.02544316
111,8,25,22,45,2,08士林區,士林區延平北路5段140號,0,0,2,1,C03,8,3,8,50,15,22,1,5,4,5,7,2,1,1,5,5,2,17,2,22,2,9,1,1,7,11,1,10,1,14,,10,10,1,22,9,121.5103992,25.0820812
111,8,25,22,45,2,08士林區,士林區延平北路5段140號,0,0,2,2,C03,8,3,8,50,15,22,1,5,4,5,7,2,1,1,5,5,2,17,1,24,2,9,1,1,7,9,1,10,1,11,,44,10,1,22,9,121.5103992,25.0820812
111,8,25,23,0,2,03中山區,中山區長安東路2段與伊通街口,0,0,3,1,C03,8,3,5,50,4,1,1,5,4,5,7,1,1,5,4,5,2,3,1,19,2,9,1,1,7,9,1,10,1,11,,15,15,1,22,9,121.5347359,25.0484276
111,8,25,23,0,2,03中山區,中山區長安東路2段與伊通街口,0,0,3,2,H01,8,3,5,50,4,1,1,5,4,5,7,1,1,5,4,5,2,3,2,49,2,9,4,5,8,16,8,20,10,16,,52,15,1,22,9,121.5347359,25.0484276
111,8,25,23,0,2,03中山區,中山區長安東路2段與伊通街口,0,0,3,3,H01,8,3,5,50,4,1,1,5,4,5,7,1,1,5,4,5,2,3,2,8,2,9,4,5,8,16,8,20,10,16,,52,15,1,22,9,121.5347359,25.0484276
111,8,25,23,0,2,03中山區,中山區長安東路2段與伊通街口,0,0,3,4,C03,8,3,5,50,4,1,1,5,4,5,7,1,1,5,4,5,2,3,1,31,3,10,1,1,7,13,1,10,1,12,,44,15,1,22,9,121.5347359,25.0484276
111,8,25,23,0,2,03中山區,中山區長安東路2段與伊通街口,0,0,3,5,C03,8,3,5,50,4,1,1,5,4,5,7,1,1,5,4,5,2,3,1,51,3,10,1,1,7,13,1,10,1,12,,44,15,1,22,9,121.5347359,25.0484276
111,8,26,0,44,2,02萬華區,萬華區西園路2段與莒光路口,0,0,2,1,C03,7,3,5,50,4,1,1,5,4,5,7,1,1,1,3,1,1,16,1,63,2,9,3,4,7,5,1,10,1,14,,8,8,1,22,9,121.496739,25.0310413
111,8,26,0,44,2,02萬華區,萬華區西園路2段與莒光路口,0,0,2,2,C03,7,3,5,50,4,1,1,5,4,5,7,1,1,1,3,1,1,16,1,32,2,9,3,4,7,9,1,10,1,11,,44,8,1,22,9,121.496739,25.0310413
111,8,26,1,40,2,05中正區,中正區中山南路與凱達格蘭大道口,0,0,1,1,B01,8,3,5,50,16,9,1,5,4,5,7,1,1,1,4,5,2,16,1,44,2,9,1,1,7,9,1,4,2,5,,13,13,1,22,9,121.5173138,25.0392336
111,8,26,1,40,2,05中正區,中正區中山南路與凱達格蘭大道口,0,0,1,2,B02,8,3,5,50,16,9,1,5,4,5,7,1,1,1,4,5,2,16,1,20,3,10,1,1,7,9,1,8,2,8,,25,13,1,22,9,121.5173138,25.0392336
111,8,26,6,40,2,07信義區,信義區忠孝東路4段560號,0,0,1,1,C03,8,1,5,30,14,9,1,5,4,5,7,1,1,1,4,5,2,12,1,65,3,10,1,1,7,6,3,18,1,14,,6,6,1,22,9,121.5640037,25.04110598
111,8,26,6,40,2,07信義區,信義區忠孝東路4段560號,0,0,1,2,C03,8,1,5,30,14,9,1,5,4,5,7,1,1,1,4,5,2,12,1,49,2,9,1,1,7,9,1,10,1,12,,14,6,1,22,9,121.5640037,25.04110598
111,8,26,7,0,2,06松山區,松山區塔悠路與松信路口,0,0,1,1,C03,8,1,5,50,5,1,1,5,4,5,7,2,1,9,4,5,2,12,1,37,2,9,1,1,7,7,1,10,2,14,,7,7,1,22,9,121.5722244,25.04960608
111,8,26,7,0,2,06松山區,松山區塔悠路與松信路口,0,0,1,2,B03,8,1,5,50,5,1,1,5,4,5,7,2,1,9,4,5,2,12,1,56,3,10,1,1,7,9,1,8,2,2,,44,7,1,22,9,121.5722244,25.04960608
111,8,26,7,20,2,03中山區,中山區民族東路410巷與民族東路口,0,0,1,1,C03,8,1,5,50,3,1,1,5,4,3,5,2,1,5,4,4,2,16,2,55,3,10,1,1,7,5,1,10,1,14,,8,8,1,22,9,121.5383592,25.0679986
111,8,26,7,20,2,03中山區,中山區民族東路410巷與民族東路口,0,0,1,2,C03,8,1,5,50,3,1,1,5,4,3,5,2,1,5,4,4,2,16,1,54,2,9,1,1,7,6,1,10,1,11,,9,8,1,22,9,121.5383592,25.0679986
111,8,26,7,39,2,10文山區,文山區木新路2段79巷12弄16號與木新路2段111巷12弄口,0,0,1,1,C03,8,1,5,30,3,2,1,5,4,5,7,4,4,10,5,5,2,16,2,41,2,9,3,4,7,8,1,10,2,12,,6,6,1,21,8,121.5709632,24.98410309
111,8,26,7,39,2,10文山區,文山區木新路2段79巷12弄16號與木新路2段111巷12弄口,0,0,1,2,B02,8,1,5,30,3,2,1,5,4,5,7,4,4,10,5,5,2,16,1,37,3,10,3,4,7,9,1,8,2,4,,17,6,1,21,8,121.5709632,24.98410309
111,8,26,7,39,2,10文山區,文山區木新路2段79巷12弄16號與木新路2段111巷12弄口,0,0,1,3,B12,8,1,5,30,3,2,1,5,4,5,7,4,4,10,5,5,2,16,1,61,3,10,3,4,7,14,1,8,9,15,,42,6,1,21,8,121.5709632,24.98410309
111,8,26,8,2,2,09北投區,北投區湖山路2段41號,0,0,2,1,B03,8,1,5,50,14,9,1,5,4,3,7,4,4,9,4,5,2,17,2,46,3,10,1,1,7,11,1,8,2,15,,11,11,1,22,9,121.5358243,25.16052768
111,8,26,8,2,2,09北投區,北投區湖山路2段41號,0,0,2,2,C03,8,1,5,50,14,9,1,5,4,3,7,4,4,9,4,5,2,17,1,57,2,9,1,1,7,9,1,10,2,12,,44,11,1,22,9,121.5358243,25.16052768
111,8,26,8,2,2,09北投區,北投區湖山路2段41號,0,0,2,4,H02,8,1,5,50,14,9,1,5,4,3,7,4,4,9,4,5,2,17,2,52,2,9,1,1,7,20,8,20,10,16,,67,11,1,22,9,121.5358243,25.16052768
111,8,26,8,2,2,09北投區,北投區湖山路2段41號,0,0,2,3,B03,8,1,5,50,14,9,1,5,4,3,7,4,4,9,4,5,2,17,1,79,3,10,3,4,7,21,1,8,11,15,,42,11,1,22,9,121.5358243,25.16052768
111,8,26,8,5,2,12內湖區,內湖區東湖路與東湖路119巷口,0,0,1,1,B01,8,1,5,50,3,2,1,5,4,5,7,2,1,5,4,5,2,17,2,60,3,10,1,1,7,5,1,4,2,1,,8,8,1,22,9,121.6163187,25.06827984
111,8,26,8,5,2,12內湖區,內湖區東湖路與東湖路119巷口,0,0,1,2,C03,8,1,5,50,3,2,1,5,4,5,7,2,1,5,4,5,2,17,2,30,2,9,1,1,7,9,1,10,11,14,,44,8,1,22,9,121.6163187,25.06827984
111,8,26,8,39,2,03中山區,中山區中山北路2段與南京東路1段口,0,0,1,1,B01,8,1,5,50,4,2,1,5,4,5,7,1,1,1,3,5,1,13,1,63,3,10,1,1,7,14,1,4,9,7,,38,38,1,22,9,121.5226985,25.05250633
111,8,26,8,39,2,03中山區,中山區中山北路2段與南京東路1段口,0,0,1,2,C03,8,1,5,50,4,2,1,5,4,5,7,1,1,1,3,5,1,13,2,55,2,7,1,1,7,9,1,10,9,11,,23,38,1,22,9,121.5226985,25.05250633
111,8,26,8,48,2,08士林區,士林區忠誠路2段21巷45弄與忠誠路2段41巷口,0,0,3,1,C03,8,1,5,30,4,1,1,5,4,5,7,4,4,10,5,5,1,15,2,25,2,9,1,1,7,9,1,10,1,12,,6,6,1,21,8,121.532887,25.11045612
111,8,26,8,48,2,08士林區,士林區忠誠路2段21巷45弄與忠誠路2段41巷口,0,0,3,2,C03,8,1,5,30,4,1,1,5,4,5,7,4,4,10,5,5,1,15,1,58,2,9,1,1,7,9,1,10,1,11,,23,6,1,21,8,121.532887,25.11045612
111,8,26,8,48,2,08士林區,士林區忠誠路2段21巷45弄與忠誠路2段41巷口,0,0,3,3,B03,8,1,5,30,4,1,1,5,4,5,7,4,4,10,5,5,1,15,1,31,3,10,3,4,7,13,1,8,9,6,,38,6,1,21,8,121.532887,25.11045612
111,8,26,8,48,2,08士林區,士林區忠誠路2段21巷45弄與忠誠路2段41巷口,0,0,3,4,H02,8,1,5,30,4,1,1,5,4,5,7,4,4,10,5,5,1,15,2,29,2,9,1,1,7,17,8,20,10,16,,67,6,1,21,8,121.532887,25.11045612
111,8,26,8,50,2,10文山區,文山區木柵路2段92之1號,0,0,1,1,B03,8,1,5,50,14,9,1,5,4,5,7,4,4,5,2,5,2,12,1,52,3,10,3,4,7,9,1,8,1,2,,44,44,1,22,9,121.5607546,24.98868823
111,8,26,8,50,2,10文山區,文山區木柵路2段92之1號,0,0,1,2,C03,8,1,5,50,14,9,1,5,4,5,7,4,4,5,2,5,2,12,1,57,2,9,3,4,7,7,1,9,1,14,,7,44,1,22,9,121.5607546,24.98868823
111,8,26,9,2,2,03中山區,中山區中山北路2段92號,0,0,1,1,B01,8,1,5,50,14,9,1,5,4,5,7,4,4,5,4,5,2,17,1,56,3,10,1,1,7,1,1,4,1,15,,19,19,1,22,9,121.5227354,25.05843574
111,8,26,9,2,2,03中山區,中山區中山北路2段92號,0,0,1,2,B03,8,1,5,50,14,9,1,5,4,5,7,4,4,5,4,5,2,17,1,52,3,10,1,1,7,7,1,8,1,5,,7,19,1,22,9,121.5227354,25.05843574
111,8,26,9,2,2,03中山區,中山區中山北路2段92號,0,0,1,3,C03,8,1,5,50,14,9,1,5,4,5,7,4,4,5,4,5,2,17,2,34,2,9,1,1,7,9,1,10,1,12,,44,19,1,22,9,121.5227354,25.05843574
111,8,26,9,25,2,12內湖區,內湖區成功路5段與康寧路3段口,0,0,1,2,C03,8,1,5,50,3,1,1,5,4,5,7,4,4,1,4,5,2,12,2,20,2,9,1,1,7,9,1,10,1,14,,44,9,1,22,9,121.6062339,25.07337528
111,8,26,9,25,2,12內湖區,內湖區成功路5段與康寧路3段口,0,0,1,1,A12,8,1,5,50,3,1,1,5,4,5,7,4,4,1,4,5,2,12,1,37,3,10,1,1,7,6,1,7,1,5,,9,9,1,22,9,121.6062339,25.07337528
111,8,26,9,30,2,07信義區,信義區松仁路與松仁路95巷口口,0,0,1,1,B03,8,1,5,50,3,2,1,5,4,5,7,4,4,1,3,5,1,16,1,54,3,10,3,4,7,6,1,8,11,2,,9,9,1,22,9,121.5685263,25.03656352
111,8,26,9,30,2,07信義區,信義區松仁路與松仁路95巷口口,0,0,1,2,C03,8,1,5,50,3,2,1,5,4,5,7,4,4,1,3,5,1,16,1,23,2,9,1,4,7,9,1,10,11,11,,14,9,1,22,9,121.5685263,25.03656352
111,8,26,10,16,2,04大安區,大安區敦化南路2段63巷與敦化南路2段81巷45弄口,0,0,1,1,C03,8,1,5,30,4,1,1,5,4,5,7,2,1,9,4,5,2,15,1,32,2,9,1,1,7,9,1,10,11,12,,25,25,1,21,8,121.550147,25.0309331
111,8,26,10,16,2,04大安區,大安區敦化南路2段63巷與敦化南路2段81巷45弄口,0,0,1,2,B03,8,1,5,30,4,1,1,5,4,5,7,2,1,9,4,5,2,15,2,41,3,10,1,1,7,9,1,8,11,1,,44,25,1,21,8,121.550147,25.0309331
111,8,26,10,19,2,09北投區,北投區石牌路1段與致遠一路2段口,0,0,3,1,C03,8,1,5,50,14,9,1,5,4,5,7,1,1,9,4,5,2,11,2,19,2,9,1,1,7,5,1,10,1,11,,43,43,1,22,9,121.5123302,25.11404656
111,8,26,10,19,2,09北投區,北投區石牌路1段與致遠一路2段口,0,0,3,2,C03,8,1,5,50,14,9,1,5,4,5,7,1,1,9,4,5,2,11,1,39,2,8,1,1,7,9,1,10,1,11,,43,43,1,22,9,121.5123302,25.11404656
111,8,26,10,19,2,09北投區,北投區石牌路1段與致遠一路2段口,0,0,3,3,H02,8,1,5,50,14,9,1,5,4,5,7,1,1,9,4,5,2,11,2,34,2,8,1,1,7,20,8,20,10,16,,67,43,1,22,9,121.5123302,25.11404656
111,8,26,10,30,2,03中山區,中山區復興北路與五常街口,0,0,1,1,B03,8,1,5,50,4,1,1,5,4,5,7,1,1,1,4,5,2,16,1,36,3,10,3,4,7,8,1,8,1,6,,7,7,1,22,9,121.5441527,25.06428853
111,8,26,10,30,2,03中山區,中山區復興北路與五常街口,0,0,1,2,C03,8,1,5,50,4,1,1,5,4,5,7,1,1,1,4,5,2,16,1,29,2,9,1,4,7,9,1,10,1,14,,44,7,1,22,9,121.5441527,25.06428853
111,8,26,10,35,2,02萬華區,萬華區武成街125巷與武成街125巷6弄口,0,0,2,1,C03,8,1,5,30,4,1,1,5,4,5,7,4,4,10,5,5,2,15,1,23,2,9,1,1,7,9,1,10,1,11,,6,6,1,22,9,121.4937936,25.0195047
111,8,26,10,35,2,02萬華區,萬華區武成街125巷與武成街125巷6弄口,0,0,2,2,C03,8,1,5,30,4,1,1,5,4,5,7,4,4,10,5,5,2,15,1,26,2,6,1,1,7,9,1,10,1,14,,14,6,1,22,9,121.4937936,25.0195047
111,8,26,10,35,2,02萬華區,萬華區武成街125巷與武成街125巷6弄口,0,0,2,3,B03,8,1,5,30,4,1,1,5,4,5,7,4,4,10,5,5,2,15,1,33,3,10,3,4,7,13,1,8,9,5,,38,6,1,22,9,121.4937936,25.0195047
111,8,26,10,51,2,04大安區,大安區復興南路1段180號,0,0,2,1,B12,8,1,5,50,14,9,1,5,4,5,7,4,4,1,4,5,2,12,1,28,3,10,1,1,7,7,1,8,1,7,,43,43,1,21,8,121.5436843,25.04118173
111,8,26,10,51,2,04大安區,大安區復興南路1段180號,0,0,2,2,C02,8,1,5,50,14,9,1,5,4,5,7,4,4,1,4,5,2,12,1,29,2,9,1,1,7,9,1,9,1,12,,43,43,1,21,8,121.5436843,25.04118173
111,8,26,10,51,2,04大安區,大安區復興南路1段180號,0,0,2,3,H02,8,1,5,50,14,9,1,5,4,5,7,4,4,1,4,5,2,12,2,29,2,9,1,5,7,20,8,20,10,16,,67,43,1,21,8,121.5436843,25.04118173
111,8,26,11,2,2,05中正區,中正區忠孝東路2段華山停車場出入口,0,0,1,1,B03,8,1,5,50,15,9,1,5,4,5,7,4,4,1,4,5,2,12,2,24,3,10,1,1,7,6,1,8,1,5,,9,9,1,22,9,121.5286695,25.0435851
111,8,26,11,2,2,05中正區,中正區忠孝東路2段華山停車場出入口,0,0,1,2,C03,8,1,5,50,15,9,1,5,4,5,7,4,4,1,4,5,2,12,1,50,2,8,1,1,7,9,1,10,1,14,,44,9,1,22,9,121.5286695,25.0435851
111,8,26,11,5,2,06松山區,松山區民生東路5段與三民路口,0,0,1,1,F01,8,2,5,50,4,1,1,5,4,5,7,1,1,1,4,5,2,17,4,,4,11,3,4,7,15,7,19,11,15,,43,43,2,22,9,121.5635708,25.0585379
111,8,26,11,5,2,06松山區,松山區民生東路5段與三民路口,0,0,1,2,F01,8,2,5,50,4,1,1,5,4,5,7,1,1,1,4,5,2,17,2,64,2,1,1,1,7,9,8,20,1,16,,42,43,1,22,9,121.5635708,25.0585379
111,8,26,11,13,2,04大安區,大安區建國南路2段大安森林公園3號出口,0,0,1,1,B12,8,1,8,0,15,22,1,5,4,5,7,4,4,10,5,5,2,17,1,28,3,10,1,1,7,15,1,8,1,1,,23,23,1,22,9,121.5374425,25.03148791
111,8,26,11,13,2,04大安區,大安區建國南路2段大安森林公園3號出口,0,0,1,2,F01,8,1,8,0,15,22,1,5,4,5,7,4,4,10,5,5,2,17,1,83,2,9,1,1,7,9,8,20,1,16,,44,23,1,22,9,121.5374425,25.03148791
111,8,26,11,28,2,05中正區,中正區館前路與開封街1段口,0,0,1,1,B11,8,1,5,50,3,2,1,5,4,5,7,4,4,10,4,5,2,17,1,41,3,10,1,1,7,14,1,8,2,6,,26,26,1,22,9,121.5148184,25.04598
111,8,26,11,28,2,05中正區,中正區館前路與開封街1段口,0,0,1,2,C03,8,1,5,50,3,2,1,5,4,5,7,4,4,10,4,5,2,17,1,54,2,9,1,1,7,5,1,10,2,11,,44,26,1,22,9,121.5148184,25.04598
111,8,26,11,37,2,02萬華區,萬華區環河南路1段161號,0,0,1,1,B12,8,1,5,50,14,9,1,5,4,5,7,4,4,8,3,5,2,16,1,20,3,10,3,4,7,1,1,8,1,1,,19,19,1,22,9,121.4991997,25.04120604
111,8,26,11,37,2,02萬華區,萬華區環河南路1段161號,0,0,1,2,C03,8,1,5,50,14,9,1,5,4,5,7,4,4,8,3,5,2,16,1,33,2,9,1,4,7,9,1,10,1,12,,44,19,1,22,9,121.4991997,25.04120604
111,8,26,11,37,2,02萬華區,萬華區環河南路1段161號,0,0,1,3,B03,8,1,5,50,14,9,1,5,4,5,7,4,4,8,3,5,2,16,1,37,3,10,3,4,7,9,1,8,1,4,,44,19,1,22,9,121.4991997,25.04120604
111,8,26,11,45,2,07信義區,信義區松山路541巷10號,0,0,1,1,B01,8,1,5,30,14,9,1,5,4,3,7,4,4,10,5,5,2,16,1,61,3,10,1,1,7,9,1,4,1,5,,6,6,1,22,8,121.5785973,25.03779084
111,8,26,11,45,2,07信義區,信義區松山路541巷10號,0,0,1,2,C03,8,1,5,30,14,9,1,5,4,3,7,4,4,10,5,5,2,16,1,37,2,7,1,1,7,9,1,10,1,11,,14,6,1,22,8,121.5785973,25.03779084
111,8,26,11,45,2,07信義區,信義區松山路541巷10號,0,0,1,3,B12,8,1,5,30,14,9,1,5,4,3,7,4,4,10,5,5,2,16,1,41,3,10,1,1,7,13,5,8,9,10,,38,6,1,22,8,121.5785973,25.03779084
111,8,26,12,13,2,03中山區,中山區民生東路3段7號,0,0,1,1,B11,8,1,5,50,15,9,1,5,4,5,7,4,4,1,4,5,1,17,1,36,3,10,1,1,7,3,1,4,1,4,,30,18,1,22,9,121.5377548,25.0581472
111,8,26,12,13,2,03中山區,中山區民生東路3段7號,0,0,1,2,C03,8,1,5,50,15,9,1,5,4,5,7,4,4,1,4,5,1,17,1,31,2,9,1,1,7,9,1,10,1,12,,44,18,1,22,9,121.5377548,25.0581472
111,8,26,12,20,2,10文山區,文山區新光路2段與新光路2段74巷口,0,0,2,1,C03,8,1,5,50,3,2,1,5,4,5,1,4,4,5,4,5,1,9,1,19,2,9,3,4,7,6,1,10,2,14,,42,42,1,22,9,121.5939455,24.99629582
111,8,26,12,20,2,10文山區,文山區新光路2段與新光路2段74巷口,0,0,2,2,H02,8,1,5,50,3,2,1,5,4,5,1,4,4,5,4,5,1,9,2,17,2,9,3,4,7,20,8,20,10,16,,67,42,1,22,9,121.5939455,24.99629582
111,8,26,12,20,2,10文山區,文山區新光路2段與新光路2段74巷口,0,0,2,3,,8,1,5,50,3,2,1,5,4,5,1,4,4,5,4,5,1,9,3,,,,,,,,,,,,,67,42,1,,,121.5939455,24.99629582
111,8,26,12,27,2,02萬華區,萬華區西寧南路與漢中街50巷口,0,0,1,1,B01,8,1,5,50,14,9,1,5,4,5,7,4,4,10,4,5,2,12,1,53,3,10,1,1,7,1,1,4,1,1,,19,19,1,22,9,121.506383,25.0442488
111,8,26,12,27,2,02萬華區,萬華區西寧南路與漢中街50巷口,0,0,1,2,C03,8,1,5,50,14,9,1,5,4,5,7,4,4,10,4,5,2,12,2,45,2,1,1,1,7,5,1,10,1,14,,8,19,1,22,9,121.506383,25.0442488
111,8,26,12,30,2,11南港區,南港區昆陽街140巷12號,0,0,2,1,C03,8,1,5,30,14,9,1,5,4,5,7,4,4,10,5,5,2,3,2,25,2,8,1,1,7,9,3,18,9,11,,23,,1,22,9,121.5938884,25.04978673
111,8,26,12,30,2,11南港區,南港區昆陽街140巷12號,0,0,2,2,H01,8,1,5,30,14,9,1,5,4,5,7,4,4,10,5,5,2,3,2,30,2,9,4,5,8,16,8,20,10,16,,67,,1,22,9,121.5938884,25.04978673
111,8,26,12,31,2,01大同區,大同區昌吉街與昌吉街110巷口,0,0,1,1,B03,8,1,5,50,4,2,1,5,4,5,7,4,4,5,2,5,2,9,2,28,3,10,1,1,7,9,1,8,1,1,,15,15,1,22,9,121.5148435,25.065888
111,8,26,12,31,2,01大同區,大同區昌吉街與昌吉街110巷口,0,0,1,2,H01,8,1,5,50,4,2,1,5,4,5,7,4,4,5,2,5,2,9,2,12,2,8,4,5,8,20,8,20,10,16,,67,15,1,22,9,121.5148435,25.065888
111,8,26,12,40,2,01大同區,大同區民生西路與寧夏路口,0,0,2,1,C04,8,1,5,50,4,2,1,5,4,5,7,2,1,5,4,5,2,11,2,56,2,7,1,4,7,10,1,8,2,11,,7,7,1,22,9,121.5154755,25.05727666
111,8,26,12,40,2,01大同區,大同區民生西路與寧夏路口,0,0,2,2,C03,8,1,5,50,4,2,1,5,4,5,7,2,1,5,4,5,2,11,2,60,2,9,1,4,7,6,1,10,2,14,,44,7,1,22,9,121.5154755,25.05727666
111,8,26,12,40,2,08士林區,士林區基河路行政中心停車場門口,0,0,1,1,B01,8,1,5,50,15,9,1,5,4,5,7,4,4,5,4,5,2,17,1,69,3,10,1,1,7,5,1,4,1,1,,8,8,1,22,9,121.5202968,25.09298287
111,8,26,12,40,2,08士林區,士林區基河路行政中心停車場門口,0,0,1,2,C03,8,1,5,50,15,9,1,5,4,5,7,4,4,5,4,5,2,17,1,29,2,9,1,1,7,9,1,10,1,12,,44,8,1,22,9,121.5202968,25.09298287
111,8,26,13,6,2,02萬華區,萬華區中華路2段606巷與中華路2段口,0,0,1,1,C03,8,1,5,50,4,1,1,5,4,5,7,1,1,4,3,5,2,11,1,19,2,8,1,1,7,5,1,10,1,11,,6,6,1,22,9,121.5101452,25.0246234
111,8,26,13,6,2,02萬華區,萬華區中華路2段606巷與中華路2段口,0,0,1,2,B03,8,1,5,50,4,1,1,5,4,5,7,1,1,4,3,5,2,11,1,56,3,10,1,1,7,1,1,8,1,1,,19,6,1,22,9,121.5101452,25.0246234
111,8,26,13,23,2,02萬華區,萬華區環河南路1段與峨眉街口,0,0,1,1,B03,8,1,5,30,3,1,1,5,4,5,7,4,4,8,3,5,2,16,1,56,3,10,3,4,7,6,1,8,1,2,,14,14,1,22,9,121.5015561,25.04484666
111,8,26,13,23,2,02萬華區,萬華區環河南路1段與峨眉街口,0,0,1,2,C03,8,1,5,30,3,1,1,5,4,5,7,4,4,8,3,5,2,16,2,31,2,9,1,4,7,9,1,10,1,14,,44,14,1,22,9,121.5015561,25.04484666
111,8,26,13,23,2,08士林區,士林區中山北路5段222號,0,0,1,1,C03,8,1,5,50,14,9,1,5,4,5,7,4,4,4,4,5,2,12,1,20,3,10,3,1,7,1,1,10,1,13,,19,19,1,22,9,121.5264313,25.08681413