發生年度,發生月,發生日,發生時-Hours,發生分,處理別-編號,區序,肇事地點,死亡人數,2-30日死亡人數,受傷人數,當事人序號,車種,天候,光線,道路類別,速限-速度限制,道路型態,事故位置,路面狀況1,路面狀況2,路面狀況3,道路障礙1,道路障礙2,號誌1,號誌2,車道劃分-分向,車道劃分-分道1,車道劃分-分道2,車道劃分-分道3,事故類型及型態,性別,年齡,受傷程度,主要傷處,安全帽,行動電話,車輛用途,當事者行動狀態,駕駛資格情形,駕駛執照種類,飲酒情形,車輛撞擊部位1,車輛撞擊部位2,肇因碼-個別,肇因碼-主要,個人肇逃否,職業,旅次目的,座標-X,座標-Y
111,8,26,13,23,2,08士林區,士林區中山北路5段222號,0,0,1,2,C03,8,1,5,50,14,9,1,5,4,5,7,4,4,4,4,5,2,12,1,34,2,9,1,1,7,9,1,10,1,11,,42,19,1,22,9,121.5264313,25.08681413
111,8,26,13,30,2,04大安區,大安區辛亥路3段21巷前,0,0,2,1,B03,8,1,5,0,14,9,1,5,4,5,7,4,4,1,4,5,2,17,2,69,3,10,1,1,7,15,1,8,1,2,,44,44,1,22,9,121.5444119,25.02130943
111,8,26,13,30,2,04大安區,大安區辛亥路3段21巷前,0,0,2,2,C03,8,1,5,0,14,9,1,5,4,5,7,4,4,1,4,5,2,17,2,65,2,9,1,1,7,7,1,10,1,11,,7,44,1,22,9,121.5444119,25.02130943
111,8,26,13,30,2,04大安區,大安區辛亥路3段21巷前,0,0,2,3,H02,8,1,5,0,14,9,1,5,4,5,7,4,4,1,4,5,2,17,2,37,2,9,4,5,7,21,8,20,10,16,,67,44,1,22,9,121.5444119,25.02130943
111,8,26,13,38,2,09北投區,北投區大度路3段與立德路口,0,0,2,1,C03,8,1,5,50,14,11,1,5,4,5,7,1,1,1,4,5,2,12,1,20,3,10,1,1,7,8,1,10,1,12,,7,7,1,22,9,121.4711441,25.1227201
111,8,26,13,38,2,09北投區,北投區大度路3段與立德路口,0,0,2,2,C03,8,1,5,50,14,11,1,5,4,5,7,1,1,1,4,5,2,12,1,66,2,8,1,1,7,1,1,10,1,11,,44,7,1,22,9,121.4711441,25.1227201
111,8,26,13,38,2,09北投區,北投區大度路3段與立德路口,0,0,2,3,H02,8,1,5,50,14,11,1,5,4,5,7,1,1,1,4,5,2,12,2,21,2,8,4,5,7,20,8,20,10,16,,67,7,1,22,9,121.4711441,25.1227201
111,8,26,13,43,2,04大安區,大安區四維路與東豐街口,0,0,1,1,B03,8,1,5,50,4,2,1,5,4,5,7,2,1,8,3,4,1,17,1,42,3,10,1,1,7,11,1,8,1,15,,10,10,1,5,3,121.5481225,25.0359639
111,8,26,13,43,2,04大安區,大安區四維路與東豐街口,0,0,1,2,C03,8,1,5,50,4,2,1,5,4,5,7,2,1,8,3,4,1,17,1,46,2,9,1,1,7,9,1,10,1,12,,44,10,1,5,3,121.5481225,25.0359639
111,8,26,13,43,2,12內湖區,內湖區文湖街與環山路1段口,0,0,2,1,C03,8,1,5,50,3,2,1,5,4,5,7,1,1,5,3,5,1,17,2,41,2,8,1,1,7,5,1,10,7,11,,8,8,1,22,9,121.565562,25.086392
111,8,26,13,43,2,12內湖區,內湖區文湖街與環山路1段口,0,0,2,2,C03,8,1,5,50,3,2,1,5,4,5,7,1,1,5,3,5,1,17,1,34,2,8,1,1,7,9,1,10,2,14,,13,8,1,22,9,121.565562,25.086392
111,8,26,14,15,2,09北投區,北投區知行路245巷與大度路3段301巷口關渡醫院,0,0,1,1,C03,8,1,5,30,3,1,1,5,4,5,7,4,4,9,5,5,2,16,1,40,2,9,1,1,7,6,1,10,1,11,,6,6,1,22,9,121.4658205,25.12086988
111,8,26,14,15,2,09北投區,北投區知行路245巷與大度路3段301巷口關渡醫院,0,0,1,2,B12,8,1,5,30,3,1,1,5,4,5,7,4,4,9,5,5,2,16,1,68,3,10,1,1,7,9,1,6,1,1,,14,6,1,22,9,121.4658205,25.12086988
111,8,26,14,20,2,03中山區,中山區市民大道2段與長安東路1段52巷口,0,0,1,1,B03,8,1,5,40,3,1,1,5,4,5,7,1,1,1,4,5,2,12,1,44,3,10,1,1,7,6,1,8,1,6,,9,9,1,22,9,121.5277706,25.04705702
111,8,26,14,20,2,03中山區,中山區市民大道2段與長安東路1段52巷口,0,0,1,2,C03,8,1,5,40,3,1,1,5,4,5,7,1,1,1,4,5,2,12,2,27,2,7,1,1,7,9,1,10,1,14,,14,9,1,22,9,121.5277706,25.04705702
111,8,26,14,33,2,02萬華區,萬華區漢中街與成都路口,0,0,1,1,A02,8,1,5,50,4,1,1,5,4,5,7,1,1,10,3,5,2,16,2,46,3,10,3,4,7,9,1,2,2,2,,17,17,1,22,9,121.5073873,25.0424383
111,8,26,14,33,2,02萬華區,萬華區漢中街與成都路口,0,0,1,2,C03,8,1,5,50,4,1,1,5,4,5,7,1,1,10,3,5,2,16,1,52,2,9,1,4,7,9,1,10,2,14,,17,17,1,22,9,121.5073873,25.0424383
111,8,26,15,5,2,08士林區,士林區天母西路62巷與中山北路6段405巷口,0,0,1,1,B12,8,1,5,30,4,1,1,5,4,5,7,4,4,10,5,5,1,10,1,53,4,11,3,4,7,15,7,19,11,15,,6,6,2,22,9,121.5256995,25.11373518
111,8,26,15,5,2,08士林區,士林區天母西路62巷與中山北路6段405巷口,0,0,1,2,C03,8,1,5,30,4,1,1,5,4,5,7,4,4,10,5,5,1,10,1,52,2,9,1,1,7,9,1,10,1,11,,42,6,1,22,9,121.5256995,25.11373518
111,8,26,15,5,2,08士林區,士林區天母西路62巷與中山北路6段405巷口,0,0,1,3,B03,8,1,5,30,4,1,1,5,4,5,7,4,4,10,5,5,1,10,1,42,3,10,1,1,7,9,1,8,1,1,,44,6,1,22,9,121.5256995,25.11373518
111,8,26,15,13,2,01大同區,大同區民生西路214號,0,0,2,1,C03,8,1,5,50,14,9,1,5,4,5,7,4,4,5,4,5,2,3,1,26,2,9,3,4,7,9,1,10,2,15,,23,23,1,22,9,121.514989,25.05698511
111,8,26,15,13,2,01大同區,大同區民生西路214號,0,0,2,2,H01,8,1,5,50,14,9,1,5,4,5,7,4,4,5,4,5,2,3,2,75,2,9,4,5,8,20,8,20,10,16,,67,23,1,22,9,121.514989,25.05698511
111,8,26,15,13,2,01大同區,大同區民生西路214號,0,0,2,3,A11,8,1,5,50,14,9,1,5,4,5,7,4,4,5,4,5,2,3,1,43,3,10,3,4,7,14,1,1,2,8,,44,23,1,22,9,121.514989,25.05698511
111,8,26,15,40,2,03中山區,中山區民族東路與建國北路3段口,0,0,1,1,C03,8,1,5,50,5,1,1,5,4,5,7,1,1,1,4,5,2,16,1,19,2,9,1,1,7,9,1,10,1,11,,44,44,1,22,9,121.5335913,25.0681682
111,8,26,15,40,2,03中山區,中山區民族東路與建國北路3段口,0,0,1,2,B01,8,1,5,50,5,1,1,5,4,5,7,1,1,1,4,5,2,16,1,59,3,10,1,1,7,14,1,4,1,1,,25,44,1,22,9,121.5335913,25.0681682
111,8,26,16,0,2,05中正區,中正區市民大道3段2號2號,0,0,1,1,B03,8,1,5,40,14,9,1,5,4,5,7,1,1,9,4,5,2,17,1,29,3,10,1,4,7,9,1,8,2,1,,16,16,1,22,9,121.5319974,25.04557975
111,8,26,16,0,2,05中正區,中正區市民大道3段2號2號,0,0,1,2,B03,8,1,5,40,14,9,1,5,4,5,7,1,1,9,4,5,2,17,2,51,2,1,1,4,7,9,1,8,2,7,,13,16,1,22,9,121.5319974,25.04557975
111,8,26,16,0,2,05中正區,中正區市民大道3段2號2號,0,0,1,3,B03,8,1,5,40,14,9,1,5,4,5,7,1,1,9,4,5,2,17,1,38,3,10,1,4,7,6,1,4,2,15,,44,16,1,22,9,121.5319974,25.04557975
111,8,26,16,3,2,04大安區,大安區通化街160號,0,0,1,1,B03,8,1,5,50,4,2,1,5,4,5,7,4,4,9,5,5,1,12,1,51,3,10,1,4,7,13,1,8,1,4,,40,40,1,22,9,121.5537156,25.0285674
111,8,26,16,3,2,04大安區,大安區通化街160號,0,0,1,2,F01,8,1,5,50,4,2,1,5,4,5,7,4,4,9,5,5,1,12,2,58,2,9,1,1,7,9,8,20,1,16,,44,40,1,22,9,121.5537156,25.0285674
111,8,26,16,20,2,02萬華區,萬華區中華路1段與開封街2段口,0,0,1,1,B12,8,1,5,0,4,1,1,5,4,5,7,1,1,3,3,5,2,16,2,43,4,11,3,4,7,8,7,19,11,15,,7,7,2,22,9,121.5094554,25.04597186
111,8,26,16,20,2,02萬華區,萬華區中華路1段與開封街2段口,0,0,1,2,B03,8,1,5,0,4,1,1,5,4,5,7,1,1,3,3,5,2,16,2,53,2,9,1,1,7,9,1,8,2,7,,44,7,1,22,9,121.5094554,25.04597186
111,8,26,16,20,2,05中正區,中正區愛國西路與延平南路口,0,0,1,1,B03,8,1,5,50,4,1,1,5,4,5,7,2,1,1,4,4,2,16,2,19,3,10,1,1,7,6,1,8,2,5,,9,9,1,22,9,121.5078564,25.0366142
111,8,26,16,20,2,05中正區,中正區愛國西路與延平南路口,0,0,1,2,C03,8,1,5,50,4,1,1,5,4,5,7,2,1,1,4,4,2,16,2,22,2,9,1,1,7,9,1,10,2,11,,23,9,1,22,9,121.5078564,25.0366142
111,8,26,16,31,2,03中山區,中山區吉林路105號,0,0,1,1,B03,8,1,5,40,14,7,1,5,4,5,7,4,4,9,4,4,2,16,2,56,3,10,1,1,7,11,1,8,1,8,,10,10,1,22,9,121.5301483,25.05642515
111,8,26,16,31,2,03中山區,中山區吉林路105號,0,0,1,2,C03,8,1,5,40,14,7,1,5,4,5,7,4,4,9,4,4,2,16,1,24,2,8,1,1,7,9,1,10,1,11,,14,10,1,22,9,121.5301483,25.05642515
111,8,26,16,53,2,03中山區,(新生北路2段117號前),0,0,1,1,B03,8,1,5,50,15,9,1,5,4,5,7,4,4,10,4,5,1,17,1,45,3,10,1,1,7,6,1,8,1,5,,9,9,1,22,9,121.5278544,25.0586432
111,8,26,16,53,2,03中山區,(新生北路2段117號前),0,0,1,2,C03,8,1,5,50,15,9,1,5,4,5,7,4,4,10,4,5,1,17,1,76,2,9,1,1,7,9,1,10,1,14,,14,9,1,22,9,121.5278544,25.0586432
111,8,26,16,54,2,06松山區,松山區延壽街330巷與延壽街330巷8弄口,0,0,1,1,C03,8,1,5,40,4,1,1,5,4,5,7,1,1,4,3,5,2,17,2,28,2,9,1,1,7,9,1,10,1,11,,23,23,1,22,9,121.5603032,25.0558631
111,8,26,16,54,2,06松山區,松山區延壽街330巷與延壽街330巷8弄口,0,0,1,2,B03,8,1,5,40,4,1,1,5,4,5,7,1,1,4,3,5,2,17,1,54,3,10,1,1,7,5,1,8,1,3,,8,23,1,22,9,121.5603032,25.0558631
111,8,26,16,58,2,04大安區,大安區永康街與潮州街口,0,0,2,1,C03,8,1,5,30,4,1,1,5,4,5,7,4,4,10,5,5,1,15,1,30,2,8,1,1,7,9,1,10,1,11,,6,6,1,22,9,121.5296101,25.0283882
111,8,26,16,58,2,04大安區,大安區永康街與潮州街口,0,0,2,2,C03,8,1,5,30,4,1,1,5,4,5,7,4,4,10,5,5,1,15,1,35,2,9,1,1,7,9,1,10,1,12,,23,6,1,22,9,121.5296101,25.0283882
111,8,26,17,7,2,08士林區,士林區雨聲街與雙溪街口,0,0,2,1,C03,8,1,5,30,3,1,1,5,4,5,7,4,4,10,5,5,1,16,2,66,2,9,1,1,7,1,1,10,1,14,,19,19,1,22,9,121.5295799,25.10054686
111,8,26,17,7,2,08士林區,士林區雨聲街與雙溪街口,0,0,2,2,C03,8,1,5,30,3,1,1,5,4,5,7,4,4,10,5,5,1,16,2,21,2,9,1,1,7,9,1,10,1,11,,23,19,1,22,9,121.5295799,25.10054686
111,8,26,17,16,2,10文山區,文山區辛亥路7段71號對面,0,0,1,1,C03,8,1,5,50,14,7,2,5,4,5,7,4,4,5,4,4,2,17,2,28,2,9,1,4,7,15,1,10,1,12,,23,23,1,22,9,121.5538305,24.98245557
111,8,26,17,16,2,10文山區,文山區辛亥路7段71號對面,0,0,1,2,B12,8,1,5,50,14,7,2,5,4,5,7,4,4,5,4,4,2,17,1,32,3,10,3,4,7,13,1,3,11,4,,44,23,1,22,9,121.5538305,24.98245557
111,8,26,17,16,2,10文山區,文山區辛亥路7段71號對面,0,0,1,3,B12,8,1,5,50,14,7,2,5,4,5,7,4,4,5,4,4,2,17,1,37,3,10,3,4,7,13,1,8,11,4,,44,23,1,22,9,121.5538305,24.98245557
111,8,26,17,44,2,04大安區,大安區大安路2段27巷與大安路2段口,0,0,1,1,B03,8,1,5,50,4,2,1,5,4,5,7,4,4,8,3,5,1,12,1,32,3,10,1,1,7,11,1,8,1,4,,10,10,1,5,5,121.5460192,25.032073
111,8,26,17,44,2,04大安區,大安區大安路2段27巷與大安路2段口,0,0,1,2,C03,8,1,5,50,4,2,1,5,4,5,7,4,4,8,3,5,1,12,1,59,2,7,1,1,7,9,1,10,1,12,,23,10,1,5,1,121.5460192,25.032073
111,8,26,17,52,2,11南港區,南港區南港路1段與經貿一路口,0,0,1,1,C01,8,1,5,50,5,1,1,5,4,5,7,2,1,1,4,5,2,15,1,61,3,10,1,1,7,11,1,9,2,11,,6,6,1,22,9,121.6187679,25.0548819
111,8,26,17,52,2,11南港區,南港區南港路1段與經貿一路口,0,0,1,2,C03,8,1,5,50,5,1,1,5,4,5,7,2,1,1,4,5,2,15,1,28,2,9,1,1,7,9,1,10,9,14,,44,6,1,22,9,121.6187679,25.0548819
111,8,26,17,55,2,12內湖區,內湖區民權東路6段19巷與民權東路6段口,0,0,1,1,C03,8,1,5,50,4,1,1,5,4,5,7,1,1,1,4,4,2,13,1,20,2,7,1,1,7,9,1,10,1,11,,16,16,1,22,9,121.5814188,25.0679868
111,8,26,17,55,2,12內湖區,內湖區民權東路6段19巷與民權東路6段口,0,0,1,2,B03,8,1,5,50,4,1,1,5,4,5,7,1,1,1,4,4,2,13,1,42,3,10,1,1,7,9,1,8,1,6,,44,16,1,22,9,121.5814188,25.0679868
111,8,26,18,0,2,10文山區,文山區興隆路1段170號,0,0,1,1,A02,8,1,5,50,14,9,1,5,4,5,7,4,4,1,4,5,2,17,1,54,3,10,1,4,7,1,1,2,1,15,,19,19,1,22,9,121.5453128,24.999017
111,8,26,18,0,2,10文山區,文山區興隆路1段170號,0,0,1,2,C03,8,1,5,50,14,9,1,5,4,5,7,4,4,1,4,5,2,17,2,20,2,8,1,4,7,9,1,10,1,14,,13,19,1,22,9,121.5453128,24.999017
111,8,26,18,1,2,09北投區,北投區承德路6段往士林方向第113號燈桿前,0,0,1,1,B01,8,1,5,60,14,12,1,5,4,5,7,4,4,1,4,5,2,12,1,32,3,10,1,1,7,8,1,4,1,6,,7,7,1,22,9,121.5122478,25.10084701
111,8,26,18,1,2,09北投區,北投區承德路6段往士林方向第113號燈桿前,0,0,1,2,C03,8,1,5,60,14,12,1,5,4,5,7,4,4,1,4,5,2,12,1,27,2,7,1,1,7,9,1,10,1,11,,44,7,1,22,9,121.5122478,25.10084701
111,8,26,18,30,2,03中山區,中山區新生北路3段與德惠街口前迴轉道,0,0,1,1,C03,8,3,5,50,3,1,1,5,4,5,7,2,1,1,4,5,2,16,1,39,3,10,1,4,7,5,1,10,2,14,,8,8,1,22,9,121.5279959,25.0669345
111,8,26,18,30,2,03中山區,中山區新生北路3段與德惠街口前迴轉道,0,0,1,2,B01,8,3,5,50,3,1,1,5,4,5,7,2,1,1,4,5,2,16,1,56,3,10,3,4,7,15,1,4,2,5,,44,8,1,22,9,121.5279959,25.0669345
111,8,26,18,30,2,03中山區,中山區新生北路3段與德惠街口前迴轉道,0,0,1,3,H02,8,3,5,50,3,1,1,5,4,5,7,2,1,1,4,5,2,16,1,8,2,8,1,5,7,20,8,20,10,16,,67,8,1,22,9,121.5279959,25.0669345
111,8,26,18,30,2,03中山區,中山區新生北路3段與德惠街口前迴轉道,0,0,1,4,H02,8,3,5,50,3,1,1,5,4,5,7,2,1,1,4,5,2,16,2,5,3,10,1,5,7,20,8,20,10,16,,67,8,1,22,9,121.5279959,25.0669345
111,8,26,18,35,2,08士林區,士林區中山北路6段與中山北路6段186巷口,0,0,1,1,B03,8,3,5,50,3,2,1,5,4,5,7,4,4,1,4,5,2,16,1,29,3,10,3,4,7,8,1,8,2,2,,7,7,1,22,9,121.5251302,25.10769862
111,8,26,18,35,2,08士林區,士林區中山北路6段與中山北路6段186巷口,0,0,1,2,C03,8,3,5,50,3,2,1,5,4,5,7,4,4,1,4,5,2,16,1,35,2,8,3,4,7,9,1,10,2,11,,44,7,1,22,9,121.5251302,25.10769862
111,8,26,18,58,2,03中山區,中山區濱江街309號,0,0,1,1,C03,7,3,5,50,14,9,1,5,4,5,7,4,4,5,5,5,2,17,1,42,2,7,1,4,7,9,1,10,1,14,12,17,17,1,22,9,121.5441706,25.07517596
111,8,26,18,58,2,03中山區,中山區濱江街309號,0,0,1,2,A11,7,3,5,50,14,9,1,5,4,5,7,4,4,5,5,5,2,17,1,34,3,10,1,4,7,1,1,3,1,5,,23,17,1,22,9,121.5441706,25.07517596
111,8,26,18,58,2,03中山區,中山區濱江街309號,0,0,1,3,B03,7,3,5,50,14,9,1,5,4,5,7,4,4,5,5,5,2,17,1,43,3,10,1,4,7,1,1,8,1,8,,44,17,1,22,9,121.5441706,25.07517596
111,8,26,19,4,2,04大安區,大安區仁愛路3段與復興南路1段口口,0,0,2,1,C03,8,3,5,50,4,2,1,5,4,5,7,2,1,8,3,5,1,17,1,26,2,8,3,4,7,8,1,10,2,12,,7,7,1,22,9,121.5435895,25.03813979
111,8,26,19,4,2,04大安區,大安區仁愛路3段與復興南路1段口口,0,0,2,2,C03,8,3,5,50,4,2,1,5,4,5,7,2,1,8,3,5,1,17,1,36,2,9,3,4,7,15,6,10,2,11,,16,7,1,22,9,121.5435895,25.03813979
111,8,26,19,27,2,01大同區,大同區延平北路3段119號,0,0,2,1,C03,7,1,5,50,14,9,1,5,4,5,7,4,4,9,4,5,2,12,1,55,2,9,1,1,7,9,6,18,2,12,,43,43,1,22,9,121.5109664,25.068296
111,8,26,19,27,2,01大同區,大同區延平北路3段119號,0,0,2,2,C03,7,1,5,50,14,9,1,5,4,5,7,4,4,9,4,5,2,12,2,28,2,9,1,1,7,9,1,10,2,14,,43,43,1,22,9,121.5109664,25.068296
111,8,26,19,30,2,10文山區,文山區羅斯福路5段49號,0,0,1,1,B03,8,3,5,50,14,20,1,5,4,5,7,4,4,1,4,5,2,1,1,56,3,10,1,1,7,9,1,8,2,4,,23,23,1,22,9,121.5390182,25.00696906
111,8,26,19,30,2,10文山區,文山區羅斯福路5段49號,0,0,1,2,H01,8,3,5,50,14,20,1,5,4,5,7,4,4,1,4,5,2,1,1,34,2,7,4,5,8,16,8,20,10,16,,67,23,1,22,9,121.5390182,25.00696906
111,8,26,19,44,2,08士林區,士林區格致路7號,0,0,3,1,C03,8,1,5,40,14,9,1,5,4,5,7,4,4,4,5,5,1,16,1,55,2,9,1,1,7,5,1,10,2,14,,8,8,1,22,9,121.546237,25.13631844
111,8,26,19,44,2,08士林區,士林區格致路7號,0,0,3,2,C03,8,1,5,40,14,9,1,5,4,5,7,4,4,4,5,5,1,16,1,19,2,9,1,1,7,9,1,10,2,12,,23,8,1,22,9,121.546237,25.13631844
111,8,26,19,44,2,08士林區,士林區格致路7號,0,0,3,3,H02,8,1,5,40,14,9,1,5,4,5,7,4,4,4,5,5,1,16,1,19,2,9,1,5,7,17,8,20,10,16,,67,8,1,22,9,121.546237,25.13631844
111,8,26,20,21,2,08士林區,士林區忠勇街與福林路口,0,0,1,1,B01,7,3,5,30,4,2,1,5,4,5,7,2,1,5,4,5,1,13,1,62,3,10,1,1,7,9,1,4,1,8,,16,16,1,22,9,121.5344492,25.0979507
111,8,26,20,21,2,08士林區,士林區忠勇街與福林路口,0,0,1,2,C03,7,3,5,30,4,2,1,5,4,5,7,2,1,5,4,5,1,13,1,43,2,9,1,1,7,15,1,10,1,13,,44,16,1,22,9,121.5344492,25.0979507
111,8,26,20,31,2,10文山區,文山區木柵路5段與文和橋口,0,0,1,1,B03,8,3,5,50,3,1,1,5,4,5,7,2,1,9,4,5,2,16,1,54,3,10,1,1,7,5,1,8,2,1,,6,6,1,22,9,121.5951273,25.00165629
111,8,26,20,31,2,10文山區,文山區木柵路5段與文和橋口,0,0,1,2,C03,8,3,5,50,3,1,1,5,4,5,7,2,1,9,4,5,2,16,1,17,2,9,1,1,7,9,2,18,2,14,,13,6,1,22,9,121.5951273,25.00165629
111,8,26,21,20,2,03中山區,中山區建國北路1段與八德路2段口,0,0,2,1,B02,8,3,5,50,4,1,1,5,4,5,7,2,1,1,4,5,2,12,1,65,3,10,3,4,7,6,1,4,2,2,,9,9,1,22,9,121.5363779,25.04610327
111,8,26,21,20,2,03中山區,中山區建國北路1段與八德路2段口,0,0,2,2,C03,8,3,5,50,4,1,1,5,4,5,7,2,1,1,4,5,2,12,2,23,2,9,1,4,7,9,1,10,2,14,,44,9,1,22,9,121.5363779,25.04610327
111,8,26,21,20,2,03中山區,中山區建國北路1段與八德路2段口,0,0,2,3,H02,8,3,5,50,4,1,1,5,4,5,7,2,1,1,4,5,2,12,2,21,2,9,1,5,7,20,8,20,10,16,,67,9,1,22,9,121.5363779,25.04610327
111,8,26,23,0,2,03中山區,中山區中原街與新生北路2段45巷口,0,0,2,1,C03,7,3,5,30,4,1,1,5,4,5,7,4,4,10,5,5,2,15,1,25,2,9,3,4,7,9,1,9,2,12,,6,6,1,22,9,121.5288533,25.05565842
111,8,26,23,0,2,03中山區,中山區中原街與新生北路2段45巷口,0,0,2,2,C03,7,3,5,30,4,1,1,5,4,5,7,4,4,10,5,5,2,15,1,25,2,9,3,4,7,9,1,10,2,11,,44,6,1,22,9,121.5288533,25.05565842
111,8,27,0,4,2,12內湖區,內湖區民權東路6段與成功路2段口,0,0,1,1,B12,8,3,5,50,4,2,1,5,4,5,7,1,1,1,4,5,2,17,1,24,3,10,1,1,7,8,1,7,2,15,,26,26,1,22,9,121.5909477,25.06887812
111,8,27,0,4,2,12內湖區,內湖區民權東路6段與成功路2段口,0,0,1,2,C03,8,3,5,50,4,2,1,5,4,5,7,1,1,1,4,5,2,17,1,20,2,9,1,1,7,9,1,10,2,12,,42,26,1,22,9,121.5909477,25.06887812
111,8,27,0,10,2,07信義區,信義區松隆路與虎林街口,0,0,1,1,B03,8,3,5,40,5,1,1,5,4,5,7,1,1,9,5,5,2,12,1,18,3,10,3,4,7,5,1,8,2,4,,8,8,1,22,9,121.5760019,25.0485168
111,8,27,0,10,2,07信義區,信義區松隆路與虎林街口,0,0,1,2,C03,8,3,5,40,5,1,1,5,4,5,7,1,1,9,5,5,2,12,1,30,2,9,3,4,7,9,1,10,2,12,,13,8,1,22,9,121.5760019,25.0485168
111,8,27,4,48,2,03中山區,中山區新生北路1段與長安東路2段口,0,0,1,1,B01,8,3,5,50,4,1,1,5,4,5,7,1,1,4,3,5,1,16,1,55,3,10,3,4,7,5,1,8,2,8,,25,25,1,22,9,121.529694,25.04839384
111,8,27,4,48,2,03中山區,中山區新生北路1段與長安東路2段口,0,0,1,2,C03,8,3,5,50,4,1,1,5,4,5,7,1,1,4,3,5,1,16,2,51,2,9,1,4,7,9,1,10,2,14,,44,25,1,22,9,121.529694,25.04839384
111,8,27,5,3,2,03中山區,中山區民權東路3段與建國北路3段口,0,0,1,1,B03,8,1,5,50,4,1,1,5,4,5,7,2,1,1,4,5,2,15,2,60,3,10,3,4,7,9,1,8,1,8,,25,25,1,22,9,121.5372744,25.0624439
111,8,27,5,3,2,03中山區,中山區民權東路3段與建國北路3段口,0,0,1,2,C03,8,1,5,50,4,1,1,5,4,5,7,2,1,1,4,5,2,15,2,35,2,7,1,4,7,9,1,10,1,11,,44,25,1,22,9,121.5372744,25.0624439
111,8,27,5,21,2,02萬華區,萬華區馬場町河濱公園與堤外便道口水門口,0,0,1,1,C03,8,2,5,50,4,1,1,5,4,5,7,4,4,9,5,5,2,16,1,38,2,8,1,1,7,5,1,9,1,11,,6,6,1,22,9,121.504475,25.01967766
111,8,27,5,21,2,02萬華區,萬華區馬場町河濱公園與堤外便道口水門口,0,0,1,2,B12,8,2,5,50,4,1,1,5,4,5,7,4,4,9,5,5,2,16,1,47,3,10,1,1,7,5,1,8,1,8,,23,6,1,22,9,121.504475,25.01967766
111,8,27,6,18,2,04大安區,大安區市民大道4段與敦化南路1段口,0,0,1,1,B01,8,1,5,40,4,1,1,5,4,5,7,2,3,9,4,5,1,12,1,35,3,10,1,4,7,6,1,8,1,5,,9,9,1,22,9,121.5485838,25.0447624
111,8,27,6,18,2,04大安區,大安區市民大道4段與敦化南路1段口,0,0,1,2,C03,8,1,5,40,4,1,1,5,4,5,7,2,3,9,4,5,1,12,2,24,2,9,1,4,7,9,1,10,1,14,,44,9,1,22,9,121.5485838,25.0447624
111,8,27,7,21,2,08士林區,士林區中正路418號,0,0,1,1,B01,8,1,5,50,14,9,1,5,4,5,7,4,4,1,4,5,2,17,1,56,3,10,1,1,7,8,1,4,1,6,,7,7,1,21,8,121.5206246,25.09387238
111,8,27,7,21,2,08士林區,士林區中正路418號,0,0,1,2,C02,8,1,5,50,14,9,1,5,4,5,7,4,4,1,4,5,2,17,1,32,2,7,1,1,7,9,4,10,1,11,,44,7,1,21,8,121.5206246,25.09387238
111,8,27,7,27,2,06松山區,松山區松河街與中坡北路口,0,0,2,2,C03,8,1,5,40,3,1,1,5,4,5,7,2,1,9,4,5,2,11,1,19,2,9,1,4,7,9,1,10,1,11,,44,6,1,22,9,121.5798715,25.0521097
111,8,27,7,27,2,06松山區,松山區松河街與中坡北路口,0,0,2,1,C04,8,1,5,40,3,1,1,5,4,5,7,2,1,9,4,5,2,11,1,43,2,9,1,4,7,5,1,11,1,11,,6,6,1,22,9,121.5798715,25.0521097
111,8,27,7,43,2,01大同區,大同區塔城街11號,0,0,1,1,B01,8,1,5,50,14,9,1,5,4,5,7,4,4,5,4,5,2,17,1,59,3,10,1,4,7,11,1,4,2,4,,10,10,1,22,9,121.5105058,25.05091939
111,8,27,7,43,2,01大同區,大同區塔城街11號,0,0,1,2,C03,8,1,5,50,14,9,1,5,4,5,7,4,4,5,4,5,2,17,1,36,2,9,1,4,7,9,1,10,2,12,,13,10,1,22,9,121.5105058,25.05091939
111,8,27,7,56,2,03中山區,中山區南京東路3段與復興北路口,0,0,1,1,B01,8,1,5,50,4,1,1,5,4,5,7,2,1,1,1,1,1,16,1,54,3,10,3,4,7,9,1,4,1,1,,23,23,1,22,9,121.5438806,25.05192837
111,8,27,7,56,2,03中山區,中山區南京東路3段與復興北路口,0,0,1,2,F01,8,1,5,50,4,1,1,5,4,5,7,2,1,1,1,1,1,16,2,86,2,7,1,1,7,9,8,20,1,16,,44,23,1,22,9,121.5438806,25.05192837
111,8,27,8,26,2,03中山區,中山區民權東路2段與松江路口,0,0,1,1,C03,8,1,5,50,4,2,1,5,4,5,7,1,1,3,4,5,2,12,2,39,2,9,1,1,7,7,1,10,1,14,,7,7,1,22,9,121.5330909,25.06243266
111,8,27,8,26,2,03中山區,中山區民權東路2段與松江路口,0,0,1,2,B03,8,1,5,50,4,2,1,5,4,5,7,1,1,3,4,5,2,12,1,42,3,10,1,1,7,9,1,8,1,2,,17,7,1,22,9,121.5330909,25.06243266
111,8,27,8,55,2,10文山區,文山區萬美街2段84號與萬美街2段口,0,0,3,1,C03,8,1,5,40,3,1,1,5,4,5,7,4,4,5,5,5,2,16,1,67,2,9,1,4,7,5,1,10,2,12,,6,6,1,22,9,121.5599275,25.0057053
111,8,27,8,55,2,10文山區,文山區萬美街2段84號與萬美街2段口,0,0,3,2,C03,8,1,5,40,3,1,1,5,4,5,7,4,4,5,5,5,2,16,1,18,2,9,1,4,7,9,4,8,2,11,,13,6,1,22,9,121.5599275,25.0057053