發生年度,發生月,發生日,發生時-Hours,發生分,處理別-編號,區序,肇事地點,死亡人數,2-30日死亡人數,受傷人數,當事人序號,車種,天候,光線,道路類別,速限-速度限制,道路型態,事故位置,路面狀況1,路面狀況2,路面狀況3,道路障礙1,道路障礙2,號誌1,號誌2,車道劃分-分向,車道劃分-分道1,車道劃分-分道2,車道劃分-分道3,事故類型及型態,性別,年齡,受傷程度,主要傷處,安全帽,行動電話,車輛用途,當事者行動狀態,駕駛資格情形,駕駛執照種類,飲酒情形,車輛撞擊部位1,車輛撞擊部位2,肇因碼-個別,肇因碼-主要,個人肇逃否,職業,旅次目的,座標-X,座標-Y
111,8,27,8,55,2,10文山區,文山區萬美街2段84號與萬美街2段口,0,0,3,3,H02,8,1,5,40,3,1,1,5,4,5,7,4,4,5,5,5,2,16,1,11,2,9,4,5,7,21,8,20,10,16,,67,6,1,22,9,121.5599275,25.0057053
111,8,27,9,15,2,10文山區,文山區指南路3段135號,0,0,1,1,F01,8,1,5,30,14,9,1,5,4,5,7,4,4,10,5,5,2,29,2,41,2,1,1,1,7,9,8,20,1,16,,42,42,1,22,9,121.5875656,24.9763077
111,8,27,9,15,2,10文山區,文山區指南路3段135號,0,0,1,2,,8,1,5,30,14,9,1,5,4,5,7,4,4,10,5,5,2,29,3,,,,,,,,,,,,,67,42,1,,,121.5875656,24.9763077
111,8,27,10,43,2,08士林區,士林區延平北路6段與中正路口,0,0,3,1,C03,8,1,5,50,4,1,1,5,4,5,7,2,1,5,4,5,1,16,1,20,2,8,1,1,7,5,1,10,1,12,,8,8,1,21,8,121.509219,25.08686284
111,8,27,10,43,2,08士林區,士林區延平北路6段與中正路口,0,0,3,2,C03,8,1,5,50,4,1,1,5,4,5,7,2,1,5,4,5,1,16,1,31,2,8,1,1,7,9,1,10,1,11,,44,8,1,21,8,121.509219,25.08686284
111,8,27,10,43,2,08士林區,士林區延平北路6段與中正路口,0,0,3,3,H02,8,1,5,50,4,1,1,5,4,5,7,2,1,5,4,5,1,16,2,61,2,8,1,1,7,17,8,20,10,16,,67,8,1,21,8,121.509219,25.08686284
111,8,27,10,52,2,04大安區,大安區復興南路1段322號,0,0,1,1,B03,8,1,5,50,14,9,1,5,4,5,7,4,4,1,4,5,2,12,1,64,3,10,1,1,7,8,1,7,1,2,,7,7,1,22,9,121.5435849,25.0365311
111,8,27,10,52,2,04大安區,大安區復興南路1段322號,0,0,1,2,C03,8,1,5,50,14,9,1,5,4,5,7,4,4,1,4,5,2,12,2,20,2,9,1,1,7,9,1,10,1,14,,13,7,1,22,9,121.5435849,25.0365311
111,8,27,11,50,2,11南港區,南港區南港路1段與港東街口,0,0,2,1,C03,8,1,5,50,14,9,1,5,4,5,7,4,4,8,3,5,2,13,1,50,2,9,1,1,7,9,4,5,1,11,,16,16,1,22,9,121.6205598,25.0549225
111,8,27,11,50,2,11南港區,南港區南港路1段與港東街口,0,0,2,2,B03,8,1,5,50,14,9,1,5,4,5,7,4,4,8,3,5,2,13,1,62,3,10,1,1,7,9,1,8,1,7,,44,16,1,22,9,121.6205598,25.0549225
111,8,27,11,50,2,11南港區,南港區南港路1段與港東街口,0,0,2,3,H02,8,1,5,50,14,9,1,5,4,5,7,4,4,8,3,5,2,13,2,20,2,9,1,1,7,21,8,20,1,15,,67,16,1,22,9,121.6205598,25.0549225
111,8,27,11,57,2,03中山區,中山區松江路與松江路357巷口,0,0,1,1,C03,8,1,5,50,14,9,1,5,4,5,7,4,4,2,4,5,2,17,1,26,2,9,1,1,7,9,1,10,1,11,,13,13,1,22,9,121.5333452,25.06346039
111,8,27,11,57,2,03中山區,中山區松江路與松江路357巷口,0,0,1,2,B02,8,1,5,50,14,9,1,5,4,5,7,4,4,2,4,5,2,17,1,41,3,10,1,1,7,6,1,8,1,7,,6,13,1,22,9,121.5333452,25.06346039
111,8,27,11,57,2,03中山區,中山區松江路與松江路357巷口,0,0,1,3,B03,8,1,5,50,14,9,1,5,4,5,7,4,4,2,4,5,2,17,4,,4,11,3,4,7,15,7,19,11,15,,38,13,2,22,9,121.5333452,25.06346039
111,8,27,12,0,2,09北投區,北投區東華街1段與明德路口,0,0,1,1,A06,8,1,5,50,4,1,1,5,4,5,7,1,1,10,5,5,1,12,1,63,3,10,1,1,7,6,1,6,1,5,,9,9,1,22,9,121.5188411,25.11021737
111,8,27,12,0,2,09北投區,北投區東華街1段與明德路口,0,0,1,2,C03,8,1,5,50,4,1,1,5,4,5,7,1,1,10,5,5,1,12,1,30,2,9,1,1,7,9,1,10,1,11,,44,9,1,22,9,121.5188411,25.11021737
111,8,27,12,4,2,03中山區,中山區建國高架道北往南八德路上方,0,0,1,1,B03,8,1,5,70,10,9,1,5,4,5,7,4,4,1,4,5,2,13,1,36,3,10,1,1,7,9,1,8,1,1,,23,23,1,22,9,121.5366122,25.04614507
111,8,27,12,4,2,03中山區,中山區建國高架道北往南八德路上方,0,0,1,2,B03,8,1,5,70,10,9,1,5,4,5,7,4,4,1,4,5,2,13,1,29,3,10,1,1,7,9,1,8,1,3,,44,23,1,22,9,121.5366122,25.04614507
111,8,27,12,4,2,03中山區,中山區建國高架道北往南八德路上方,0,0,1,3,H02,8,1,5,70,10,9,1,5,4,5,7,4,4,1,4,5,2,13,2,28,2,1,1,5,7,21,8,20,10,15,,67,23,1,22,9,121.5366122,25.04614507
111,8,27,12,32,2,03中山區,中山區新生北路2段林森公園停車場入口,0,0,1,1,B03,8,1,5,50,14,9,1,5,4,5,7,4,4,1,5,5,1,12,1,41,3,10,3,4,7,6,1,8,1,2,,9,9,1,22,9,121.527372,25.05330907
111,8,27,12,32,2,03中山區,中山區新生北路2段林森公園停車場入口,0,0,1,2,C03,8,1,5,50,14,9,1,5,4,5,7,4,4,1,5,5,1,12,1,24,2,9,3,4,7,9,1,10,1,14,,44,9,1,22,9,121.527372,25.05330907
111,8,27,12,34,2,07信義區,信義區光復南路419號,0,0,1,1,B03,8,1,5,50,15,9,1,5,4,5,7,2,1,1,4,5,2,17,1,30,3,10,3,4,7,9,1,8,1,1,,25,25,1,22,9,121.5576056,25.03640285
111,8,27,12,34,2,07信義區,信義區光復南路419號,0,0,1,2,C03,8,1,5,50,15,9,1,5,4,5,7,2,1,1,4,5,2,17,1,55,2,9,3,4,7,11,1,10,1,14,,11,25,1,22,9,121.5576056,25.03640285
111,8,27,12,37,2,05中正區,中正區汀州路1段與汀州路1段198巷口口,0,0,1,1,B01,8,1,5,50,4,1,1,5,4,5,7,4,4,5,5,5,1,17,1,61,3,10,1,1,7,11,1,4,2,8,,10,10,1,22,9,121.5094056,25.02806237
111,8,27,12,37,2,05中正區,中正區汀州路1段與汀州路1段198巷口口,0,0,1,2,C03,8,1,5,50,4,1,1,5,4,5,7,4,4,5,5,5,1,17,1,47,2,9,1,1,7,9,1,10,2,12,,32,10,1,22,9,121.5094056,25.02806237
111,8,27,12,37,2,05中正區,中正區汀州路1段與汀州路1段198巷口口,0,0,1,3,H02,8,1,5,50,4,1,1,5,4,5,7,4,4,5,5,5,1,17,2,11,4,11,1,1,7,20,8,20,10,16,,67,10,1,22,9,121.5094056,25.02806237
111,8,27,12,37,2,05中正區,中正區汀州路1段與汀州路1段198巷口口,0,0,1,4,H02,8,1,5,50,4,1,1,5,4,5,7,4,4,5,5,5,1,17,2,48,4,11,1,1,7,20,8,20,10,16,,67,10,1,22,9,121.5094056,25.02806237
111,8,27,12,52,2,02萬華區,萬華區艋舺大道與萬大路口,0,0,1,1,B03,8,1,5,50,4,1,1,5,4,5,7,1,1,3,3,5,2,16,2,69,3,10,3,4,7,5,1,8,1,5,,6,6,1,22,9,121.500589,25.0329271
111,8,27,12,52,2,02萬華區,萬華區艋舺大道與萬大路口,0,0,1,2,C03,8,1,5,50,4,1,1,5,4,5,7,1,1,3,3,5,2,16,2,23,2,9,1,4,7,9,1,10,1,14,,23,6,1,22,9,121.500589,25.0329271
111,8,27,13,18,2,09北投區,北投區三合街2段456號附近側附近,0,0,2,1,F01,8,1,5,30,14,9,1,5,4,3,7,4,4,10,5,5,2,17,2,15,2,7,1,1,7,1,8,20,2,16,,19,19,1,22,9,121.5020098,25.1267692
111,8,27,13,18,2,09北投區,北投區三合街2段456號附近側附近,0,0,2,2,C03,8,1,5,30,14,9,1,5,4,3,7,4,4,10,5,5,2,17,2,64,2,9,1,1,7,9,3,18,2,15,,44,19,1,22,9,121.5020098,25.1267692
111,8,27,13,49,2,04大安區,大安區羅斯福路3段337號前,0,0,1,1,C03,8,1,5,50,14,9,1,5,4,5,7,4,4,8,3,5,1,18,2,24,2,9,1,1,7,12,7,19,1,12,,16,16,1,21,5,121.5324672,25.01669884
111,8,27,13,49,2,04大安區,大安區羅斯福路3段337號前,0,0,1,2,,8,1,5,50,14,9,1,5,4,5,7,4,4,8,3,5,1,18,3,,,,,,,,,,,,,67,16,1,,,121.5324672,25.01669884
111,8,27,14,8,2,09北投區,北投區中央北路4段597號,0,0,1,1,B03,8,1,5,50,14,9,1,5,4,5,7,1,1,9,4,5,2,16,2,46,3,10,1,1,7,5,1,8,1,8,,6,6,1,22,9,121.4649772,25.12431247
111,8,27,14,8,2,09北投區,北投區中央北路4段597號,0,0,1,2,C03,8,1,5,50,14,9,1,5,4,5,7,1,1,9,4,5,2,16,1,36,2,7,1,1,7,5,1,10,1,14,,44,6,1,22,9,121.4649772,25.12431247
111,8,27,14,14,2,11南港區,南港區重陽路與重陽路263巷口,0,0,2,1,B01,8,1,5,50,4,1,1,5,4,5,7,4,4,5,4,5,2,15,1,54,3,10,1,1,7,9,1,4,2,1,,6,6,1,22,9,121.6033976,25.0577001
111,8,27,14,14,2,11南港區,南港區重陽路與重陽路263巷口,0,0,2,2,C03,8,1,5,50,4,1,1,5,4,5,7,4,4,5,4,5,2,15,1,19,2,9,1,1,7,9,1,10,2,11,,14,6,1,22,9,121.6033976,25.0577001
111,8,27,14,14,2,11南港區,南港區重陽路與重陽路263巷口,0,0,2,3,H02,8,1,5,50,4,1,1,5,4,5,7,4,4,5,4,5,2,15,1,14,2,9,1,5,7,21,8,20,10,16,,67,6,1,22,9,121.6033976,25.0577001
111,8,27,14,20,2,12內湖區,內湖區內湖路3段191巷與內湖路3段143巷口,0,0,1,1,C03,8,1,5,30,4,1,1,5,4,5,7,4,4,10,5,5,2,16,2,27,2,9,1,1,7,9,1,10,1,11,,6,6,1,22,9,121.5884658,25.0877988
111,8,27,14,20,2,12內湖區,內湖區內湖路3段191巷與內湖路3段143巷口,0,0,1,2,B03,8,1,5,30,4,1,1,5,4,5,7,4,4,10,5,5,2,16,1,42,3,10,1,1,7,9,1,8,1,8,,23,6,1,22,9,121.5884658,25.0877988
111,8,27,15,0,2,03中山區,中山區南京東路2段111號,0,0,1,1,B03,8,1,5,50,14,7,1,5,4,5,7,1,1,1,4,5,2,12,1,53,3,10,1,1,7,7,1,8,1,4,,7,7,1,22,9,121.53336,25.05210499
111,8,27,15,0,2,03中山區,中山區南京東路2段111號,0,0,1,2,C03,8,1,5,50,14,7,1,5,4,5,7,1,1,1,4,5,2,12,1,53,3,10,1,1,7,4,1,10,1,12,,13,7,1,22,9,121.53336,25.05210499
111,8,27,15,0,2,03中山區,中山區南京東路2段111號,0,0,1,3,B03,8,1,5,50,14,7,1,5,4,5,7,1,1,1,4,5,2,12,2,25,3,10,1,1,7,9,1,8,1,5,,44,7,1,22,9,121.53336,25.05210499
111,8,27,15,0,2,03中山區,中山區南京東路2段111號,0,0,1,4,H02,8,1,5,50,14,7,1,5,4,5,7,1,1,1,4,5,2,12,2,47,2,9,4,5,7,21,8,20,10,16,,67,7,1,22,9,121.53336,25.05210499
111,8,27,15,2,2,05中正區,中正區濟南路2段與齊東街口,0,0,1,1,B03,8,1,5,50,3,1,1,5,4,5,7,4,4,9,4,5,2,16,1,49,3,10,1,1,7,11,1,8,2,4,,10,10,1,22,9,121.5267847,25.04142431
111,8,27,15,2,2,05中正區,中正區濟南路2段與齊東街口,0,0,1,2,C03,8,1,5,50,3,1,1,5,4,5,7,4,4,9,4,5,2,16,1,46,2,9,1,1,7,9,1,10,2,11,,44,10,1,22,9,121.5267847,25.04142431
111,8,27,15,17,2,08士林區,士林區雨農路與中正路口,0,0,1,1,B03,8,1,5,50,5,1,1,5,4,5,7,1,1,5,4,5,2,16,1,49,3,10,1,1,7,6,1,10,2,5,,9,9,1,22,9,121.5321038,25.09660434
111,8,27,15,17,2,08士林區,士林區雨農路與中正路口,0,0,1,2,C03,8,1,5,50,5,1,1,5,4,5,7,1,1,5,4,5,2,16,1,55,2,9,1,1,7,9,1,10,2,14,,44,9,1,22,9,121.5321038,25.09660434
111,8,27,15,25,2,03中山區,中山區市民大道3段8號對面,0,0,1,1,C03,8,1,5,50,14,7,1,5,4,1,7,4,4,1,4,4,2,18,1,22,2,9,1,1,7,9,1,10,1,14,,42,42,1,22,9,121.5319998,25.0459388
111,8,27,15,25,2,03中山區,中山區市民大道3段8號對面,0,0,1,2,,8,1,5,50,14,7,1,5,4,1,7,4,4,1,4,4,2,18,3,,,,,,,,,,,,,67,42,1,,,121.5319998,25.0459388
111,8,27,15,41,2,10文山區,文山區興隆路4段7號,0,0,2,1,B03,8,1,5,50,14,9,1,5,4,5,7,4,4,1,4,5,2,12,1,45,3,10,3,1,7,14,1,8,1,4,,40,40,1,22,9,121.5591048,24.9908984
111,8,27,15,41,2,10文山區,文山區興隆路4段7號,0,0,2,2,C03,8,1,5,50,14,9,1,5,4,5,7,4,4,1,4,5,2,12,2,61,2,9,1,1,7,9,1,10,1,12,,44,40,1,22,9,121.5591048,24.9908984
111,8,27,15,41,2,10文山區,文山區興隆路4段7號,0,0,2,3,H02,8,1,5,50,14,9,1,5,4,5,7,4,4,1,4,5,2,12,2,23,2,9,1,1,7,20,8,20,10,16,,67,40,1,22,9,121.5591048,24.9908984
111,8,27,16,0,2,03中山區,中山區中山北路2段與錦州街口,0,0,1,1,B01,8,1,5,50,4,1,1,5,4,2,7,2,1,5,4,5,2,17,1,61,3,10,1,1,7,8,1,4,1,15,,7,7,1,10,4,121.5230525,25.0605075
111,8,27,16,0,2,03中山區,中山區中山北路2段與錦州街口,0,0,1,2,C03,8,1,5,50,4,1,1,5,4,2,7,2,1,5,4,5,2,17,1,31,2,9,1,1,7,9,1,10,1,15,,44,7,1,5,5,121.5230525,25.0605075
111,8,27,16,3,2,09北投區,北投區承德路7段3號,0,0,1,1,B03,8,1,5,60,14,9,1,5,4,5,7,4,4,1,4,4,2,17,1,62,3,10,1,1,7,6,1,8,2,2,,9,9,1,22,9,121.5102085,25.1113578
111,8,27,16,3,2,09北投區,北投區承德路7段3號,0,0,1,2,C03,8,1,5,60,14,9,1,5,4,5,7,4,4,1,4,4,2,17,1,22,2,9,1,1,7,9,1,10,2,11,,23,9,1,22,9,121.5102085,25.1113578
111,8,27,16,34,2,08士林區,士林區中正路與志成街口,0,0,1,1,B03,8,1,5,50,3,2,1,5,4,5,7,3,1,3,4,5,1,16,1,25,3,10,3,4,7,11,1,8,1,2,,10,10,1,22,9,121.5302907,25.09622611
111,8,27,16,34,2,08士林區,士林區中正路與志成街口,0,0,1,2,C03,8,1,5,50,3,2,1,5,4,5,7,3,1,3,4,5,1,16,1,26,2,9,3,4,7,9,1,10,1,14,,13,10,1,22,9,121.5302907,25.09622611
111,8,27,16,42,2,04大安區,大安區信義路3段147巷10號旁,0,0,1,1,B03,8,1,5,30,14,9,1,5,4,5,7,4,4,9,4,5,2,12,1,56,3,10,1,1,7,1,1,8,1,1,,19,19,1,21,8,121.5420243,25.03678214
111,8,27,16,42,2,04大安區,大安區信義路3段147巷10號旁,0,0,1,2,C03,8,1,5,30,14,9,1,5,4,5,7,4,4,9,4,5,2,12,1,22,2,9,1,1,7,9,1,10,1,11,,23,19,1,21,8,121.5420243,25.03678214
111,8,27,16,52,2,08士林區,士林區中山北路5段699巷與中山北路5段口,0,0,1,1,B03,6,1,5,50,5,1,1,4,4,5,7,1,1,1,4,5,2,17,1,34,4,11,3,4,7,11,7,19,11,15,,10,10,2,22,9,121.5274315,25.09783992
111,8,27,16,52,2,08士林區,士林區中山北路5段699巷與中山北路5段口,0,0,1,2,C03,6,1,5,50,5,1,1,4,4,5,7,1,1,1,4,5,2,17,2,23,2,9,1,1,7,9,1,10,1,14,,44,10,1,22,9,121.5274315,25.09783992
111,8,27,17,0,2,03中山區,中山區樂群一路往東，中山432號公園對面,0,0,1,1,C03,8,1,5,50,14,9,1,5,4,5,7,4,4,1,4,5,2,13,1,28,2,9,3,4,7,9,1,10,1,11,,16,16,1,22,9,121.5543609,25.0771741
111,8,27,17,0,2,03中山區,中山區樂群一路往東，中山432號公園對面,0,0,1,2,B03,8,1,5,50,14,9,1,5,4,5,7,4,4,1,4,5,2,13,2,60,3,10,3,4,7,9,1,8,1,7,,44,16,1,22,9,121.5543609,25.0771741
111,8,27,17,0,2,09北投區,北投區中央南路1段與民權街口,0,0,2,1,C03,8,1,5,50,3,1,1,5,4,3,5,4,4,5,4,5,1,3,1,22,2,9,1,1,7,9,1,10,1,11,,15,15,1,22,9,121.5011184,25.1290873
111,8,27,17,0,2,09北投區,北投區中央南路1段與民權街口,0,0,2,2,H01,8,1,5,50,3,1,1,5,4,3,5,4,4,5,4,5,1,3,1,9,2,9,4,5,8,18,8,20,10,16,,67,15,1,22,9,121.5011184,25.1290873
111,8,27,17,15,2,01大同區,大同區環河北路1段與南京西路口,0,0,2,1,B03,8,1,5,50,3,4,1,5,4,5,7,2,1,1,2,5,2,13,1,37,2,1,3,4,7,15,3,18,2,1,,22,22,1,22,9,121.5074939,25.05366639
111,8,27,17,15,2,01大同區,大同區環河北路1段與南京西路口,0,0,2,2,B12,8,1,5,50,3,4,1,5,4,5,7,2,1,1,2,5,2,13,1,50,3,10,3,4,7,14,1,8,2,8,,44,22,1,22,9,121.5074939,25.05366639
111,8,27,17,15,2,01大同區,大同區環河北路1段與南京西路口,0,0,2,3,C03,8,1,5,50,3,4,1,5,4,5,7,2,1,1,2,5,2,13,1,64,2,6,1,4,7,14,1,10,2,13,,44,22,1,22,9,121.5074939,25.05366639
111,8,27,17,30,2,07信義區,信義區基隆路2段155號,0,0,1,1,C03,8,1,5,50,14,9,1,5,4,5,7,4,4,9,4,5,2,18,1,20,2,9,1,1,7,8,1,10,9,14,,43,43,1,22,9,121.5542975,25.02579906
111,8,27,17,30,2,07信義區,信義區基隆路2段155號,0,0,1,2,,8,1,5,50,14,9,1,5,4,5,7,4,4,9,4,5,2,18,3,,,,,,,,,,,,,67,43,1,,,121.5542975,25.02579906
111,8,27,17,31,2,10文山區,文山區新光路1段與秀明路2段口,0,0,1,1,B03,8,1,5,50,4,1,1,5,4,5,7,1,1,5,4,5,2,16,1,41,3,10,1,1,7,5,1,8,1,1,,8,8,1,22,9,121.5737094,24.9916699
111,8,27,17,31,2,10文山區,文山區新光路1段與秀明路2段口,0,0,1,2,C03,8,1,5,50,4,1,1,5,4,5,7,1,1,5,4,5,2,16,1,58,2,9,1,1,7,9,1,10,1,11,,44,8,1,22,9,121.5737094,24.9916699
111,8,27,17,33,2,09北投區,北投區東華街1段與明德路口,0,0,2,1,C03,8,1,5,50,4,1,1,5,4,5,7,2,1,5,5,5,2,17,2,19,2,9,1,1,7,7,1,10,2,13,,7,7,1,22,9,121.5193636,25.1092828
111,8,27,17,33,2,09北投區,北投區東華街1段與明德路口,0,0,2,2,B03,8,1,5,50,4,1,1,5,4,5,7,2,1,5,5,5,2,17,1,48,3,10,1,1,7,9,1,8,2,1,,42,7,1,22,9,121.5193636,25.1092828
111,8,27,17,33,2,09北投區,北投區東華街1段與明德路口,0,0,2,3,H02,8,1,5,50,4,1,1,5,4,5,7,2,1,5,5,5,2,17,2,19,2,9,4,1,7,20,8,20,10,15,,67,7,1,22,9,121.5193636,25.1092828
111,8,27,17,48,2,08士林區,士林區承德路4段與前港街口,0,0,1,2,C03,8,1,5,40,3,2,1,5,4,5,7,4,4,10,4,4,1,16,1,25,2,9,3,4,7,9,1,10,1,14,,23,9,1,22,9,121.5233427,25.08487513
111,8,27,17,48,2,08士林區,士林區承德路4段與前港街口,0,0,1,1,B03,8,1,5,40,3,2,1,5,4,5,7,4,4,10,4,4,1,16,2,54,3,10,3,4,7,6,1,8,1,2,,9,9,1,22,9,121.5233427,25.08487513
111,8,27,18,1,2,03中山區,中山區大直橋往南下坡處,0,0,1,1,F01,8,3,5,50,8,9,1,5,4,5,7,4,4,1,3,5,1,12,1,20,2,7,1,1,7,9,8,20,1,16,,23,23,1,22,9,121.5441958,25.07291055
111,8,27,18,1,2,03中山區,中山區大直橋往南下坡處,0,0,1,2,B03,8,3,5,50,8,9,1,5,4,5,7,4,4,1,3,5,1,12,1,42,3,10,3,4,7,14,1,8,1,5,,44,23,1,22,9,121.5441958,25.07291055
111,8,27,18,26,2,04大安區,大安區市民大道3段與八德路2段口,0,0,1,1,B03,8,3,5,40,4,1,1,5,4,5,7,1,1,9,4,5,1,16,1,57,3,10,1,1,7,6,1,10,1,2,,9,9,1,22,9,121.534291,25.0449251
111,8,27,18,26,2,04大安區,大安區市民大道3段與八德路2段口,0,0,1,2,C03,8,3,5,40,4,1,1,5,4,5,7,1,1,9,4,5,1,16,2,60,2,9,1,1,7,9,1,10,1,14,,23,9,1,22,9,121.534291,25.0449251
111,8,27,18,43,2,06松山區,松山區基隆路1段與八德路4段口,0,0,2,1,C02,8,3,5,50,5,1,1,5,4,5,7,1,1,8,3,4,1,16,1,27,2,8,3,1,7,5,1,9,1,12,,8,8,1,22,9,121.5690963,25.04933729
111,8,27,18,43,2,06松山區,松山區基隆路1段與八德路4段口,0,0,2,2,F03,8,3,5,50,5,1,1,5,4,5,7,1,1,8,3,4,1,16,1,58,2,9,1,1,7,9,8,20,1,16,,44,8,1,22,9,121.5690963,25.04933729
111,8,27,18,56,2,02萬華區,萬華區康定路與桂林路口,0,0,2,1,B03,8,3,5,50,4,1,1,5,4,5,7,1,1,8,3,5,1,17,1,40,3,10,1,1,7,5,1,8,1,8,,6,6,1,22,9,121.501767,25.0382908
111,8,27,18,56,2,02萬華區,萬華區康定路與桂林路口,0,0,2,2,C03,8,3,5,50,4,1,1,5,4,5,7,1,1,8,3,5,1,17,1,51,2,7,1,1,7,9,1,10,1,12,,23,6,1,22,9,121.501767,25.0382908
111,8,27,18,56,2,02萬華區,萬華區康定路與桂林路口,0,0,2,3,H02,8,3,5,50,4,1,1,5,4,5,7,1,1,8,3,5,1,17,2,17,2,8,4,5,7,21,8,20,10,16,,67,6,1,22,9,121.501767,25.0382908
111,8,27,19,19,2,05中正區,中正區寧波西街51號,0,0,1,1,C03,8,3,5,50,14,9,1,5,4,5,7,4,4,9,4,5,2,17,1,50,3,10,1,1,7,7,1,10,11,14,,7,7,2,22,9,121.5178571,25.03091819
111,8,27,19,19,2,05中正區,中正區寧波西街51號,0,0,1,2,C03,8,3,5,50,14,9,1,5,4,5,7,4,4,9,4,5,2,17,2,25,2,9,1,1,7,9,1,10,1,12,,13,7,1,22,9,121.5178571,25.03091819
111,8,27,19,25,2,05中正區,中正區金山北路(橋下迴轉道),0,0,1,1,B03,8,3,5,30,15,6,1,5,4,5,7,4,4,1,5,5,2,16,1,44,3,10,1,1,7,5,1,8,2,7,,8,8,1,22,9,121.5305311,25.04541673
111,8,27,19,25,2,05中正區,中正區金山北路(橋下迴轉道),0,0,1,2,C03,8,3,5,30,15,6,1,5,4,5,7,4,4,1,5,5,2,16,1,40,2,8,1,1,7,9,1,10,2,11,,23,8,1,22,9,121.5305311,25.04541673
111,8,27,20,44,2,06松山區,松山區松河街92號,0,0,3,1,C03,7,1,5,40,14,9,1,5,4,5,7,4,4,10,5,5,2,12,2,31,2,9,3,4,7,11,1,10,1,13,,10,10,1,22,9,121.5746392,25.0509363
111,8,27,20,44,2,06松山區,松山區松河街92號,0,0,3,2,C03,7,1,5,40,14,9,1,5,4,5,7,4,4,10,5,5,2,12,2,20,2,9,3,4,7,9,1,10,1,11,,44,10,1,22,9,121.5746392,25.0509363
111,8,27,20,44,2,06松山區,松山區松河街92號,0,0,3,3,H02,7,1,5,40,14,9,1,5,4,5,7,4,4,10,5,5,2,12,2,7,2,9,4,5,7,20,8,20,10,16,,67,10,1,22,9,121.5746392,25.0509363
111,8,27,20,50,2,03中山區,中山區民權西路79號,0,0,4,1,C03,8,3,5,50,14,9,1,5,4,5,7,4,4,1,3,5,1,17,1,48,2,9,1,1,7,1,1,10,2,13,,19,19,1,22,9,121.5199682,25.0630539
111,8,27,20,50,2,03中山區,中山區民權西路79號,0,0,4,2,C03,8,3,5,50,14,9,1,5,4,5,7,4,4,1,3,5,1,17,1,18,2,9,1,1,7,9,1,10,2,11,,13,19,1,22,9,121.5199682,25.0630539
111,8,27,20,50,2,03中山區,中山區民權西路79號,0,0,4,3,C03,8,3,5,50,14,9,1,5,4,5,7,4,4,1,3,5,1,17,1,31,2,9,1,1,7,14,1,10,2,13,,38,19,1,22,9,121.5199682,25.0630539
111,8,27,20,50,2,03中山區,中山區民權西路79號,0,0,4,4,H02,8,3,5,50,14,9,1,5,4,5,7,4,4,1,3,5,1,17,2,38,2,9,1,5,7,20,8,20,10,16,,67,19,1,22,9,121.5199682,25.0630539
111,8,27,21,42,2,09北投區,北投區珠海路與進賢路口,0,0,1,1,B03,8,3,8,50,15,22,1,5,4,5,7,4,4,8,3,5,1,17,1,46,3,10,3,1,7,2,1,8,1,3,,12,12,1,22,9,121.5049167,25.1407813
111,8,27,21,42,2,09北投區,北投區珠海路與進賢路口,0,0,1,2,C03,8,3,8,50,15,22,1,5,4,5,7,4,4,8,3,5,1,17,2,32,2,9,1,1,7,9,3,18,1,11,,23,12,1,22,9,121.5049167,25.1407813
111,8,27,22,14,2,03中山區,中山區新生北路3段97號對面迴轉道,0,0,1,1,H01,8,3,5,30,11,9,1,5,4,5,7,4,4,1,4,5,1,2,2,29,2,8,4,5,8,16,8,20,10,16,,51,51,1,22,9,121.5278148,25.0680469
111,8,27,22,14,2,03中山區,中山區新生北路3段97號對面迴轉道,0,0,1,2,B03,8,3,5,30,11,9,1,5,4,5,7,4,4,1,4,5,1,2,1,25,3,10,3,4,7,5,1,8,2,8,,23,51,1,22,9,121.5278148,25.0680469
111,8,27,22,30,2,12內湖區,內湖區港墘路102號旁,0,0,1,1,C01,8,3,5,50,4,2,1,5,4,5,7,1,1,1,4,5,2,16,1,66,3,10,1,1,7,6,1,9,2,13,,9,9,1,22,9,121.5771222,25.07985319
111,8,27,22,30,2,12內湖區,內湖區港墘路102號旁,0,0,1,2,C03,8,3,5,50,4,2,1,5,4,5,7,1,1,1,4,5,2,16,1,27,2,9,1,1,7,9,1,10,2,14,,44,9,1,22,9,121.5771222,25.07985319
111,8,27,22,35,2,07信義區,信義區和平東路3段與和平東路3段406巷口,0,0,1,1,B12,7,3,5,50,3,1,1,5,4,5,7,2,1,1,3,5,1,3,1,60,3,10,3,4,7,5,1,8,1,8,,15,15,1,22,9,121.5584909,25.0187885
111,8,27,22,35,2,07信義區,信義區和平東路3段與和平東路3段406巷口,0,0,1,2,H01,7,3,5,50,3,1,1,5,4,5,7,2,1,1,3,5,1,3,2,49,2,9,4,5,8,16,8,20,10,16,,67,15,1,22,9,121.5584909,25.0187885
111,8,27,23,22,2,04大安區,大安區辛亥路3段與辛亥路3段157巷口,0,0,2,1,C03,8,1,5,50,4,1,1,5,4,5,7,2,1,1,4,5,2,16,2,57,2,9,1,4,7,5,1,10,1,14,,8,8,1,22,9,121.549161,25.01714155