發生年度,發生月,發生日,發生時-Hours,發生分,處理別-編號,區序,肇事地點,死亡人數,2-30日死亡人數,受傷人數,當事人序號,車種,天候,光線,道路類別,速限-速度限制,道路型態,事故位置,路面狀況1,路面狀況2,路面狀況3,道路障礙1,道路障礙2,號誌1,號誌2,車道劃分-分向,車道劃分-分道1,車道劃分-分道2,車道劃分-分道3,事故類型及型態,性別,年齡,受傷程度,主要傷處,安全帽,行動電話,車輛用途,當事者行動狀態,駕駛資格情形,駕駛執照種類,飲酒情形,車輛撞擊部位1,車輛撞擊部位2,肇因碼-個別,肇因碼-主要,個人肇逃否,職業,旅次目的,座標-X,座標-Y
111,8,27,23,22,2,04大安區,大安區辛亥路3段與辛亥路3段157巷口,0,0,2,2,C03,8,1,5,50,4,1,1,5,4,5,7,2,1,1,4,5,2,16,1,56,2,9,1,4,7,9,1,10,1,14,,44,8,1,22,9,121.549161,25.01714155
111,8,27,23,22,2,07信義區,信義區忠孝東路5段與忠孝東路5段215巷口,0,0,1,1,B01,7,3,5,50,3,1,1,5,4,5,7,2,1,3,3,5,1,16,1,61,3,10,3,1,7,5,1,4,1,8,,8,8,1,22,9,121.5700634,25.040969
111,8,27,23,22,2,07信義區,信義區忠孝東路5段與忠孝東路5段215巷口,0,0,1,2,C03,7,3,5,50,3,1,1,5,4,5,7,2,1,3,3,5,1,16,1,27,2,8,1,1,7,9,1,10,1,15,,42,8,1,22,9,121.5700634,25.040969
111,8,27,23,42,2,01大同區,大同區台北橋機車道往環河北路方向,0,0,3,1,C03,8,3,5,50,8,11,1,5,4,5,7,4,4,10,5,5,2,13,1,20,3,10,1,1,7,9,1,10,1,11,,23,23,1,22,9,121.5083868,25.06361656
111,8,27,23,42,2,01大同區,大同區台北橋機車道往環河北路方向,0,0,3,2,C03,8,3,5,50,8,11,1,5,4,5,7,4,4,10,5,5,2,13,1,32,2,7,1,1,7,9,1,10,1,11,,44,23,1,22,9,121.5083868,25.06361656
111,8,27,23,42,2,01大同區,大同區台北橋機車道往環河北路方向,0,0,3,3,C03,8,3,5,50,8,11,1,5,4,5,7,4,4,10,5,5,2,13,2,44,2,8,1,1,7,12,1,10,1,13,,42,23,1,22,9,121.5083868,25.06361656
111,8,27,23,42,2,01大同區,大同區台北橋機車道往環河北路方向,0,0,3,4,H02,8,3,5,50,8,11,1,5,4,5,7,4,4,10,5,5,2,13,2,19,2,8,4,5,7,21,8,20,10,16,,67,23,1,22,9,121.5083868,25.06361656
111,8,27,23,57,2,03中山區,中山區民權東路2段與民權東路2段135巷口,0,0,1,1,B03,8,3,5,50,4,1,1,5,4,5,7,1,1,1,3,5,1,16,1,31,3,10,3,4,7,5,3,18,2,6,,26,26,1,22,9,121.5335985,25.06347541
111,8,27,23,57,2,03中山區,中山區民權東路2段與民權東路2段135巷口,0,0,1,2,C03,8,3,5,50,4,1,1,5,4,5,7,1,1,1,3,5,1,16,1,30,2,9,1,4,7,9,1,10,2,11,,13,26,1,22,9,121.5335985,25.06347541
111,8,28,0,18,2,01大同區,大同區環河北路1段與民生西路口,0,0,2,1,C03,7,3,5,50,4,1,1,5,4,5,7,2,1,1,4,5,2,11,1,26,2,8,1,4,7,9,1,10,1,14,,4,4,1,22,9,121.5081878,25.0568568
111,8,28,0,18,2,01大同區,大同區環河北路1段與民生西路口,0,0,2,2,B03,7,3,5,50,4,1,1,5,4,5,7,2,1,1,4,5,2,11,1,27,3,10,3,4,7,5,1,8,1,8,,44,4,1,22,9,121.5081878,25.0568568
111,8,28,0,18,2,01大同區,大同區環河北路1段與民生西路口,0,0,2,3,H02,7,3,5,50,4,1,1,5,4,5,7,2,1,1,4,5,2,11,2,26,2,8,1,4,7,20,8,20,10,16,,67,4,1,22,9,121.5081878,25.0568568
111,8,28,1,0,2,01大同區,大同區通河西街1段百齡左岸37燈桿,0,0,1,1,C03,7,3,5,25,14,9,1,5,4,5,7,4,4,10,4,5,2,13,2,20,2,9,1,1,7,9,1,10,1,14,,23,23,1,22,9,121.5170825,25.07820114
111,8,28,1,0,2,01大同區,大同區通河西街1段百齡左岸37燈桿,0,0,1,2,C03,7,3,5,25,14,9,1,5,4,5,7,4,4,10,4,5,2,13,4,,4,11,3,4,7,15,7,19,11,15,,43,23,2,22,9,121.5170825,25.07820114
111,8,28,1,26,2,03中山區,中山區長安東路1段與新生北路1段口,0,0,1,1,B03,8,3,5,50,4,1,1,5,4,5,7,4,4,4,3,5,1,16,1,44,3,10,3,4,7,11,1,8,1,1,,10,10,1,22,9,121.5291554,25.04812354
111,8,28,1,26,2,03中山區,中山區長安東路1段與新生北路1段口,0,0,1,2,C03,8,3,5,50,4,1,1,5,4,5,7,4,4,4,3,5,1,16,1,51,2,9,1,4,7,9,1,10,1,14,,23,10,1,22,9,121.5291554,25.04812354
111,8,28,1,41,2,09北投區,北投區中央北路2段與中央北路2段42巷口,0,0,1,1,C03,8,3,5,50,3,1,1,5,4,5,7,2,1,5,4,5,2,17,1,20,2,7,1,1,7,9,1,10,1,11,,43,43,1,22,9,121.4953067,25.13692973
111,8,28,1,41,2,09北投區,北投區中央北路2段與中央北路2段42巷口,0,0,1,2,B01,8,3,5,50,3,1,1,5,4,5,7,2,1,5,4,5,2,17,1,46,3,10,1,1,7,14,1,4,1,7,,43,43,1,22,9,121.4953067,25.13692973
111,8,28,3,9,2,08士林區,士林區中山北路5段250號對面,0,0,1,1,,8,3,5,40,14,9,1,5,4,5,7,2,1,4,3,1,1,12,4,,4,11,3,4,7,15,7,19,11,15,,43,43,2,22,9,121.526686,25.08743747
111,8,28,3,9,2,08士林區,士林區中山北路5段250號對面,0,0,1,2,C03,8,3,5,40,14,9,1,5,4,5,7,2,1,4,3,1,1,12,1,18,2,9,1,4,7,4,1,10,1,14,,44,43,1,22,9,121.526686,25.08743747
111,8,28,6,32,2,10文山區,文山區景美河濱公園景美025燈桿,0,0,2,1,F01,8,1,5,0,14,9,1,5,4,5,7,4,4,9,4,5,1,9,1,16,2,9,1,1,7,9,8,20,1,16,,23,23,1,22,9,121.5373947,24.99340465
111,8,28,6,32,2,10文山區,文山區景美河濱公園景美025燈桿,0,0,2,2,H01,8,1,5,0,14,9,1,5,4,5,7,4,4,9,4,5,1,9,2,42,2,9,4,5,8,18,8,20,10,16,,60,23,1,22,9,121.5373947,24.99340465
111,8,28,7,57,2,04大安區,大安區基隆路4段156號,0,0,2,1,C03,8,1,5,50,14,9,1,5,4,1,7,4,4,9,4,4,1,13,2,28,2,9,1,4,7,9,1,10,1,11,,23,23,1,22,9,121.5376812,25.01149429
111,8,28,7,57,2,04大安區,大安區基隆路4段156號,0,0,2,2,C03,8,1,5,50,14,9,1,5,4,1,7,4,4,9,4,4,1,13,1,26,2,9,1,4,7,9,1,10,1,13,,23,23,1,22,9,121.5376812,25.01149429
111,8,28,7,57,2,04大安區,大安區基隆路4段156號,0,0,2,3,H03,8,1,5,50,14,9,1,5,4,1,7,4,4,9,4,4,1,13,1,50,3,10,3,5,8,20,8,20,10,16,,67,23,1,22,9,121.5376812,25.01149429
111,8,28,8,21,2,07信義區,信義區永吉路187巷與永吉路口,0,0,1,1,C03,8,1,5,50,3,2,1,5,4,5,7,4,4,10,5,5,2,17,1,69,3,10,1,1,7,1,1,10,1,11,,19,19,1,22,9,121.5726718,25.04569658
111,8,28,8,21,2,07信義區,信義區永吉路187巷與永吉路口,0,0,1,2,C03,8,1,5,50,3,2,1,5,4,5,7,4,4,10,5,5,2,17,2,29,2,8,1,1,7,6,1,10,1,12,,42,19,1,22,9,121.5726718,25.04569658
111,8,28,8,34,2,07信義區,信義區信義路5段與松德路口,0,0,1,1,C03,8,1,5,50,5,2,1,5,4,5,7,2,1,1,3,5,2,12,1,31,3,10,3,4,7,9,1,10,1,14,,23,23,1,22,9,121.57452,25.0333686
111,8,28,8,34,2,07信義區,信義區信義路5段與松德路口,0,0,1,2,C03,8,1,5,50,5,2,1,5,4,5,7,2,1,1,3,5,2,12,2,64,2,9,3,4,7,9,1,10,1,12,,44,23,1,22,9,121.57452,25.0333686
111,8,28,9,50,2,03中山區,中山區南京東路3段與龍江路口,0,0,5,1,C03,6,1,5,50,4,2,1,4,4,5,7,1,3,1,4,4,2,16,2,44,2,9,1,1,7,9,1,10,1,11,,16,16,1,22,9,121.5404458,25.052005
111,8,28,9,50,2,03中山區,中山區南京東路3段與龍江路口,0,0,5,2,C03,6,1,5,50,4,2,1,4,4,5,7,1,3,1,4,4,2,16,2,41,2,9,1,1,7,9,1,10,1,15,,32,16,1,22,9,121.5404458,25.052005
111,8,28,9,50,2,03中山區,中山區南京東路3段與龍江路口,0,0,5,3,C03,6,1,5,50,4,2,1,4,4,5,7,1,3,1,4,4,2,16,1,31,2,9,1,1,7,9,1,10,1,15,,16,16,1,22,9,121.5404458,25.052005
111,8,28,9,50,2,03中山區,中山區南京東路3段與龍江路口,0,0,5,4,H02,6,1,5,50,4,2,1,4,4,5,7,1,3,1,4,4,2,16,2,6,2,9,1,5,7,17,8,20,10,16,,67,16,1,22,9,121.5404458,25.052005
111,8,28,9,50,2,03中山區,中山區南京東路3段與龍江路口,0,0,5,5,H02,6,1,5,50,4,2,1,4,4,5,7,1,3,1,4,4,2,16,1,10,2,9,1,4,7,17,8,20,10,16,,67,16,1,22,9,121.5404458,25.052005
111,8,28,9,57,2,05中正區,中正區仁愛路2段與新生南路1段口,0,0,1,1,B12,7,1,5,50,4,2,1,5,4,5,7,1,1,1,3,1,2,12,2,64,3,10,1,4,7,1,1,8,1,4,,19,19,1,22,9,121.5325061,25.03829823
111,8,28,9,57,2,05中正區,中正區仁愛路2段與新生南路1段口,0,0,1,2,C03,7,1,5,50,4,2,1,5,4,5,7,1,1,1,3,1,2,12,1,32,2,8,1,1,7,9,1,10,1,12,,44,19,1,22,9,121.5325061,25.03829823
111,8,28,10,30,2,04大安區,大安區辛亥路2段與建國南路2段口,0,0,1,1,B03,8,1,5,50,3,2,1,5,4,5,7,1,1,1,4,5,2,16,1,46,3,10,1,1,7,6,1,8,1,2,,9,9,1,22,9,121.5374549,25.0229216
111,8,28,10,30,2,04大安區,大安區辛亥路2段與建國南路2段口,0,0,1,2,C03,8,1,5,50,3,2,1,5,4,5,7,1,1,1,4,5,2,16,1,43,2,9,1,1,7,9,1,10,1,14,,13,9,1,22,9,121.5374549,25.0229216
111,8,28,10,45,2,10文山區,文山區萬美街1段50號,0,0,1,1,B03,8,1,5,50,14,9,1,5,4,5,7,4,4,9,5,5,2,16,1,64,3,10,1,1,7,11,1,8,1,6,,10,10,1,22,9,121.567134,25.0022746
111,8,28,10,45,2,10文山區,文山區萬美街1段50號,0,0,1,2,C03,8,1,5,50,14,9,1,5,4,5,7,4,4,9,5,5,2,16,2,19,2,9,1,1,7,9,1,10,1,11,,44,10,1,22,9,121.567134,25.0022746
111,8,28,10,51,2,04大安區,大安區仁愛路3段99號,0,0,1,1,C03,8,1,5,50,14,9,1,5,4,5,7,4,4,1,5,5,2,12,2,47,2,9,1,1,7,7,4,11,1,14,,7,7,1,22,9,121.5392813,25.0384011
111,8,28,10,51,2,04大安區,大安區仁愛路3段99號,0,0,1,2,B03,8,1,5,50,14,9,1,5,4,5,7,4,4,1,5,5,2,12,1,39,3,10,1,1,7,9,1,8,1,2,,44,7,1,22,9,121.5392813,25.0384011
111,8,28,11,25,2,08士林區,士林區中山北路5段與雙溪街口,0,0,2,1,B03,8,1,5,50,3,1,1,5,4,5,7,3,1,1,5,5,2,17,1,58,3,10,1,1,7,5,1,8,1,4,,8,8,1,21,8,121.5265642,25.100801
111,8,28,11,25,2,08士林區,士林區中山北路5段與雙溪街口,0,0,2,2,C03,8,1,5,50,3,1,1,5,4,5,7,3,1,1,5,5,2,17,1,68,2,8,1,1,7,14,1,10,1,11,,44,8,1,21,8,121.5265642,25.100801
111,8,28,11,25,2,08士林區,士林區中山北路5段與雙溪街口,0,0,2,3,H02,8,1,5,50,3,1,1,5,4,5,7,3,1,1,5,5,2,17,2,66,2,9,4,5,7,20,8,20,10,16,,67,8,1,21,8,121.5265642,25.100801
111,8,28,13,7,2,08士林區,士林區德行東路與德行東路229巷口,0,0,1,1,B03,8,1,5,50,3,1,1,5,4,5,7,4,4,9,5,5,2,17,1,67,3,10,1,1,7,6,1,8,1,2,,9,9,1,22,9,121.5331895,25.1094076
111,8,28,13,7,2,08士林區,士林區德行東路與德行東路229巷口,0,0,1,2,C03,8,1,5,50,3,1,1,5,4,5,7,4,4,9,5,5,2,17,1,18,2,9,1,1,7,9,1,10,1,14,,44,9,1,22,9,121.5331895,25.1094076
111,8,28,13,7,2,08士林區,士林區德行東路與德行東路229巷口,0,0,1,3,B03,8,1,5,50,3,1,1,5,4,5,7,4,4,9,5,5,2,17,1,50,3,10,1,1,7,14,1,8,1,8,,38,9,1,22,9,121.5331895,25.1094076
111,8,28,13,8,2,09北投區,北投區中和街與中和街441巷口,0,0,1,1,B03,8,1,5,50,5,1,1,5,4,5,7,3,1,5,4,5,1,12,1,42,3,10,1,1,7,11,1,8,1,7,,10,10,1,22,9,121.4982266,25.14328328
111,8,28,13,8,2,09北投區,北投區中和街與中和街441巷口,0,0,1,2,C03,8,1,5,50,5,1,1,5,4,5,7,3,1,5,4,5,1,12,1,23,2,9,1,1,7,9,1,10,1,11,,44,10,1,22,9,121.4982266,25.14328328
111,8,28,13,15,2,09北投區,北投區東華街2段與立農街2段口,0,0,2,1,C03,8,1,5,50,4,2,1,5,4,5,7,4,4,1,4,5,2,16,1,50,2,8,3,4,7,7,1,10,1,14,,7,7,1,22,9,121.5124711,25.11915316
111,8,28,13,15,2,09北投區,北投區東華街2段與立農街2段口,0,0,2,2,B03,8,1,5,50,4,2,1,5,4,5,7,4,4,1,4,5,2,16,2,83,3,10,3,4,7,9,1,8,1,5,,43,7,1,22,9,121.5124711,25.11915316
111,8,28,13,15,2,09北投區,北投區東華街2段與立農街2段口,0,0,2,3,H02,8,1,5,50,4,2,1,5,4,5,7,4,4,1,4,5,2,16,2,49,2,8,3,4,7,21,8,20,10,16,,67,7,1,22,9,121.5124711,25.11915316
111,8,28,14,1,2,08士林區,士林區中山北路5段與福國路口,0,0,2,2,C03,8,1,5,50,3,1,4,5,4,5,7,2,1,3,3,5,1,12,2,35,2,8,1,1,7,9,1,10,2,12,,44,8,1,22,9,121.5255577,25.10251989
111,8,28,14,1,2,08士林區,士林區中山北路5段與福國路口,0,0,2,1,C03,8,1,5,50,3,1,4,5,4,5,7,2,1,3,3,5,1,12,1,22,2,7,1,1,7,5,1,10,2,11,,8,8,1,22,9,121.5255577,25.10251989
111,8,28,14,9,2,05中正區,中正區仁愛路1段與紹興南街口,0,0,2,1,B03,8,1,5,50,4,1,1,5,4,5,7,1,1,1,4,1,2,17,1,27,2,9,1,4,7,5,1,8,2,4,,8,8,1,22,9,121.5233721,25.0384104
111,8,28,14,9,2,05中正區,中正區仁愛路1段與紹興南街口,0,0,2,2,B03,8,1,5,50,4,1,1,5,4,5,7,1,1,1,4,1,2,17,1,68,2,9,1,4,7,9,1,8,2,5,,44,8,1,22,9,121.5233721,25.0384104
111,8,28,14,9,2,05中正區,中正區仁愛路1段與紹興南街口,0,0,2,3,B03,8,1,5,50,4,1,1,5,4,5,7,1,1,1,4,1,2,17,1,31,3,10,3,4,7,13,1,8,9,7,,44,8,1,22,9,121.5233721,25.0384104
111,8,28,14,13,2,06松山區,松山區塔悠路與南京東路5段口口,0,0,2,1,C03,8,1,5,50,5,1,1,5,4,5,7,2,1,1,4,4,2,16,1,38,2,9,1,1,7,11,1,10,1,11,,25,25,1,22,9,121.5702585,25.05143237
111,8,28,14,13,2,06松山區,松山區塔悠路與南京東路5段口口,0,0,2,2,C03,8,1,5,50,5,1,1,5,4,5,7,2,1,1,4,4,2,16,1,39,2,5,1,1,7,5,1,10,1,14,,44,25,1,22,9,121.5702585,25.05143237
111,8,28,15,22,2,09北投區,北投區北投路2段79停車格,0,0,1,1,C03,8,1,5,50,11,9,1,5,4,5,7,4,4,5,4,5,2,17,1,33,2,9,3,4,7,9,1,10,1,11,,23,23,1,22,9,121.497775,25.13161141
111,8,28,15,22,2,09北投區,北投區北投路2段79停車格,0,0,1,2,B03,8,1,5,50,11,9,1,5,4,5,7,4,4,5,4,5,2,17,2,64,3,10,3,4,7,14,1,8,1,7,,42,23,1,22,9,121.497775,25.13161141
111,8,28,15,56,2,11南港區,南港區南港路1段(南港橋),0,0,1,1,F01,8,1,5,50,8,9,1,5,4,5,7,4,4,1,4,5,2,17,1,52,3,10,1,1,7,9,8,20,2,16,,42,42,1,22,9,121.6208352,25.05495853
111,8,28,15,56,2,11南港區,南港區南港路1段(南港橋),0,0,1,2,F01,8,1,5,50,8,9,1,5,4,5,7,4,4,1,4,5,2,17,1,31,3,10,1,1,7,9,8,20,5,16,,26,42,1,22,9,121.6208352,25.05495853
111,8,28,15,56,2,11南港區,南港區南港路1段(南港橋),0,0,1,3,C03,8,1,5,50,8,9,1,5,4,5,7,4,4,1,4,5,2,17,1,19,2,9,1,1,7,9,1,10,2,12,,44,42,1,22,9,121.6208352,25.05495853
111,8,28,16,28,2,05中正區,中正區忠孝東路2段與新生南路1段口,0,0,1,1,C03,8,1,5,50,4,1,1,5,4,5,7,1,1,8,3,5,2,12,1,26,3,10,1,1,7,6,1,10,1,11,,44,44,1,22,9,121.5328259,25.04243759
111,8,28,16,28,2,05中正區,中正區忠孝東路2段與新生南路1段口,0,0,1,2,C03,8,1,5,50,4,1,1,5,4,5,7,1,1,8,3,5,2,12,1,54,2,8,1,1,7,9,1,10,1,14,,44,44,1,22,9,121.5328259,25.04243759
111,8,28,16,32,2,03中山區,中山區龍江路179巷與龍江路口口,0,0,2,1,C03,8,1,5,50,4,1,4,5,4,5,7,4,4,5,4,5,2,16,1,73,2,8,3,4,7,11,1,10,1,14,,10,10,1,22,9,121.5405383,25.0550809
111,8,28,16,32,2,03中山區,中山區龍江路179巷與龍江路口口,0,0,2,2,C03,8,1,5,50,4,1,4,5,4,5,7,4,4,5,4,5,2,16,1,55,2,9,3,4,7,4,1,10,1,11,,44,10,1,22,9,121.5405383,25.0550809
111,8,28,16,58,2,03中山區,中山區民族東路410巷與龍江路412巷口,0,0,1,1,C03,8,1,5,30,3,1,1,5,4,3,5,4,4,9,5,5,2,17,1,20,2,8,1,1,7,5,1,10,1,14,,6,6,1,22,9,121.5383483,25.0675861
111,8,28,16,58,2,03中山區,中山區民族東路410巷與龍江路412巷口,0,0,1,2,B03,8,1,5,30,3,1,1,5,4,3,5,4,4,9,5,5,2,17,1,48,3,10,3,4,7,9,1,8,1,1,,44,6,1,22,9,121.5383483,25.0675861
111,8,28,16,58,2,03中山區,中山區民族東路410巷與龍江路412巷口,0,0,1,3,B03,8,1,5,30,3,1,1,5,4,3,5,4,4,9,5,5,2,17,3,,,,,,,,,,,,,67,6,1,,,121.5383483,25.0675861
111,8,28,17,25,2,07信義區,信義區和平東路3段莊敬隧道前,0,0,1,1,C03,8,1,5,50,14,9,1,4,4,5,7,4,4,9,4,5,2,18,1,52,2,9,1,1,7,9,1,10,1,12,,43,43,1,22,9,121.5654392,25.00984631
111,8,28,17,25,2,07信義區,信義區和平東路3段莊敬隧道前,0,0,1,2,,8,1,5,50,14,9,1,4,4,5,7,4,4,9,4,5,2,18,3,,,,,,,,,,,,,67,43,1,,,121.5654392,25.00984631
111,8,28,17,30,2,03中山區,中山區北安路535-5號,0,0,2,1,B03,8,1,5,50,14,9,1,5,4,5,7,1,1,3,4,5,2,12,1,34,3,10,1,1,7,8,1,8,1,6,,7,7,1,22,9,121.5474339,25.07997006
111,8,28,17,30,2,03中山區,中山區北安路535-5號,0,0,2,2,C03,8,1,5,50,14,9,1,5,4,5,7,1,1,3,4,5,2,12,2,29,2,9,1,1,7,7,1,10,1,14,,7,7,1,22,9,121.5474339,25.07997006
111,8,28,17,30,2,03中山區,中山區北安路535-5號,0,0,2,3,H02,8,1,5,50,14,9,1,5,4,5,7,1,1,3,4,5,2,12,2,35,2,9,4,5,7,20,8,20,10,16,,67,7,1,22,9,121.5474339,25.07997006
111,8,28,17,30,2,12內湖區,內湖區內湖路1段411巷與環山路2段25巷口,0,0,1,1,B03,8,1,5,30,4,2,1,5,4,5,5,4,4,9,4,5,2,17,1,22,3,10,1,1,7,5,1,8,1,8,,6,6,1,22,9,121.5725514,25.08522465
111,8,28,17,30,2,12內湖區,內湖區內湖路1段411巷與環山路2段25巷口,0,0,1,2,B03,8,1,5,30,4,2,1,5,4,5,5,4,4,9,4,5,2,17,1,36,3,10,1,1,7,9,1,8,1,1,,14,6,1,22,9,121.5725514,25.08522465
111,8,28,17,30,2,12內湖區,內湖區內湖路1段411巷與環山路2段25巷口,0,0,1,3,H02,8,1,5,30,4,2,1,5,4,5,5,4,4,9,4,5,2,17,2,30,2,9,4,5,7,21,8,20,10,15,,67,6,1,22,9,121.5725514,25.08522465
111,8,28,17,30,2,07信義區,信義區福德街與福德街137巷口,0,0,2,1,C03,8,1,5,50,3,2,1,5,4,5,7,1,1,1,4,5,2,16,2,33,2,9,1,1,7,6,1,10,1,12,,9,9,1,22,9,121.5826476,25.03747909
111,8,28,17,30,2,07信義區,信義區福德街與福德街137巷口,0,0,2,2,F01,8,1,5,50,3,2,1,5,4,5,7,1,1,1,4,5,2,16,1,48,2,9,1,1,7,9,8,20,1,16,,44,9,1,22,9,121.5826476,25.03747909
111,8,28,17,40,2,05中正區,中正區中山南路與青島東路口,0,0,1,1,C04,8,1,5,50,4,1,1,5,4,5,7,2,1,1,4,5,2,12,2,53,2,9,1,1,7,8,1,11,1,12,,7,7,1,22,9,121.5193731,25.044434
111,8,28,17,40,2,05中正區,中正區中山南路與青島東路口,0,0,1,2,B01,8,1,5,50,4,1,1,5,4,5,7,2,1,1,4,5,2,12,1,56,3,10,1,1,7,9,1,4,2,4,,23,7,1,22,9,121.5193731,25.044434
111,8,28,17,40,2,10文山區,文山區羅斯福路5段與萬盛街口,0,0,1,1,C03,8,1,5,50,4,2,1,5,4,5,7,2,1,1,4,5,2,18,1,34,2,9,1,1,7,9,1,10,2,14,,42,42,1,22,9,121.5380358,25.0080926
111,8,28,17,40,2,10文山區,文山區羅斯福路5段與萬盛街口,0,0,1,2,,8,1,5,50,4,2,1,5,4,5,7,2,1,1,4,5,2,18,3,,,,,,,,,,,,,67,42,1,,,121.5380358,25.0080926
111,8,28,17,47,2,03中山區,中山區濱江街與大直橋口,0,0,2,1,B03,8,1,5,50,4,2,1,5,4,5,7,1,1,1,4,5,2,13,1,43,3,10,3,4,7,9,1,8,1,1,,23,23,1,22,9,121.5441677,25.07221441
111,8,28,17,47,2,03中山區,中山區濱江街與大直橋口,0,0,2,2,C02,8,1,5,50,4,2,1,5,4,5,7,1,1,1,4,5,2,13,1,25,2,9,1,1,7,14,1,9,1,13,,44,23,1,22,9,121.5441677,25.07221441
111,8,28,17,47,2,03中山區,中山區濱江街與大直橋口,0,0,2,3,H02,8,1,5,50,4,2,1,5,4,5,7,1,1,1,4,5,2,13,1,26,2,9,4,5,7,17,8,20,10,16,,67,23,1,22,9,121.5441677,25.07221441
111,8,28,17,54,2,04大安區,大安區通化街39巷與通化街39巷49弄口,0,0,1,1,B03,8,1,5,30,4,1,1,5,4,4,6,4,4,10,5,5,2,15,1,27,3,10,1,1,7,9,1,8,1,2,,6,6,1,22,9,121.5554922,25.0308116
111,8,28,17,54,2,04大安區,大安區通化街39巷與通化街39巷49弄口,0,0,1,2,C03,8,1,5,30,4,1,1,5,4,4,6,4,4,10,5,5,2,15,1,32,2,9,1,1,7,9,1,10,1,11,,44,6,1,22,9,121.5554922,25.0308116
111,8,28,17,59,2,04大安區,大安區建國南路1段300號,0,0,1,1,C03,8,1,5,50,14,9,1,5,4,5,7,4,4,9,4,5,1,12,2,59,2,9,1,1,7,9,1,10,1,12,,17,17,1,22,9,121.5375136,25.0357476
111,8,28,17,59,2,04大安區,大安區建國南路1段300號,0,0,1,2,C03,8,1,5,50,14,9,1,5,4,5,7,4,4,9,4,5,1,12,1,43,3,10,1,1,7,9,1,10,1,14,,17,17,1,22,9,121.5375136,25.0357476
111,8,28,19,44,2,02萬華區,萬華區堤外便道自行車專用道(DSR174),0,0,1,1,F01,8,3,7,30,14,9,1,5,4,5,7,4,4,8,5,5,2,17,1,56,3,10,1,1,7,11,8,20,1,16,,10,10,1,22,9,121.5022438,25.04583801
111,8,28,19,44,2,02萬華區,萬華區堤外便道自行車專用道(DSR174),0,0,1,2,F01,8,3,7,30,14,9,1,5,4,5,7,4,4,8,5,5,2,17,1,57,2,9,1,1,7,9,8,20,1,16,,44,10,1,22,9,121.5022438,25.04583801
111,8,28,19,47,2,03中山區,中山區龍江路與合江街127巷口,0,0,1,1,B12,8,3,5,50,14,9,1,5,4,5,7,4,4,10,4,5,2,12,1,47,3,10,1,1,7,5,1,8,2,8,,6,6,1,22,9,121.5407659,25.06074743
111,8,28,19,47,2,03中山區,中山區龍江路與合江街127巷口,0,0,1,2,C03,8,3,5,50,14,9,1,5,4,5,7,4,4,10,4,5,2,12,1,45,2,9,1,1,7,9,1,10,2,12,,13,6,1,22,9,121.5407659,25.06074743
111,8,28,20,4,2,02萬華區,萬華區西寧南路與洛陽街口,0,0,2,1,C03,8,3,5,50,4,1,1,5,4,5,7,1,1,8,3,5,1,17,1,40,2,8,1,1,7,7,1,10,1,14,,7,7,1,22,9,121.5073499,25.0475416
111,8,28,20,4,2,02萬華區,萬華區西寧南路與洛陽街口,0,0,2,2,C03,8,3,5,50,4,1,1,5,4,5,7,1,1,8,3,5,1,17,2,46,2,9,1,1,7,9,1,10,1,12,,44,7,1,22,9,121.5073499,25.0475416
111,8,28,20,4,2,02萬華區,萬華區西寧南路與洛陽街口,0,0,2,3,H02,8,3,5,50,4,1,1,5,4,5,7,1,1,8,3,5,1,17,2,40,3,10,4,5,7,21,8,20,10,16,,67,7,1,22,9,121.5073499,25.0475416
111,8,28,20,37,2,10文山區,文山區景文街與景文街103巷口,0,0,1,1,B03,8,3,5,40,3,1,1,5,4,5,7,4,4,5,5,4,2,16,1,61,3,10,1,1,7,1,1,8,2,8,,23,23,1,22,9,121.5412587,24.9907886
111,8,28,20,37,2,10文山區,文山區景文街與景文街103巷口,0,0,1,2,C03,8,3,5,40,3,1,1,5,4,5,7,4,4,5,5,4,2,16,2,40,2,9,1,1,7,9,1,10,2,14,,44,23,1,22,9,121.5412587,24.9907886
111,8,28,20,40,2,06松山區,松山區觀山河濱公園與觀山河濱公園口5號水門內腳踏車道,0,0,1,1,F01,8,3,5,30,3,2,1,5,4,5,7,4,4,10,3,5,1,16,1,16,3,10,1,1,7,11,8,20,1,16,,23,19,1,22,9,121.5699636,25.05904058
111,8,28,20,40,2,06松山區,松山區觀山河濱公園與觀山河濱公園口5號水門內腳踏車道,0,0,1,2,F01,8,3,5,30,3,2,1,5,4,5,7,4,4,10,3,5,1,16,2,33,2,9,1,1,7,9,8,20,1,16,,4,19,1,22,9,121.5699636,25.05904058
111,8,28,20,55,2,08士林區,士林區社子街22巷與社子街22巷60弄口,0,0,3,1,C03,7,3,5,30,4,1,1,5,4,5,7,4,4,10,5,5,2,15,1,22,2,9,1,1,7,9,1,10,2,14,,6,6,1,22,9,121.5066077,25.08669048
111,8,28,20,55,2,08士林區,士林區社子街22巷與社子街22巷60弄口,0,0,3,2,C03,7,3,5,30,4,1,1,5,4,5,7,4,4,10,5,5,2,15,1,39,2,8,1,1,7,9,1,10,2,11,,14,6,1,22,9,121.5066077,25.08669048
111,8,28,20,55,2,08士林區,士林區社子街22巷與社子街22巷60弄口,0,0,3,3,H02,7,3,5,30,4,1,1,5,4,5,7,4,4,10,5,5,2,15,2,24,2,9,1,5,7,17,8,20,10,16,,67,6,1,22,9,121.5066077,25.08669048