發生年度,發生月,發生日,發生時-Hours,發生分,處理別-編號,區序,肇事地點,死亡人數,2-30日死亡人數,受傷人數,當事人序號,車種,天候,光線,道路類別,速限-速度限制,道路型態,事故位置,路面狀況1,路面狀況2,路面狀況3,道路障礙1,道路障礙2,號誌1,號誌2,車道劃分-分向,車道劃分-分道1,車道劃分-分道2,車道劃分-分道3,事故類型及型態,性別,年齡,受傷程度,主要傷處,安全帽,行動電話,車輛用途,當事者行動狀態,駕駛資格情形,駕駛執照種類,飲酒情形,車輛撞擊部位1,車輛撞擊部位2,肇因碼-個別,肇因碼-主要,個人肇逃否,職業,旅次目的,座標-X,座標-Y
111,8,28,21,20,2,08士林區,士林區承德路4段與士商路口,0,0,1,1,C03,8,3,5,50,5,1,1,5,4,5,7,2,1,1,3,5,2,12,1,26,2,9,1,4,7,7,1,10,1,14,,26,26,1,22,9,121.5213667,25.08919354
111,8,28,21,20,2,08士林區,士林區承德路4段與士商路口,0,0,1,2,B03,8,3,5,50,5,1,1,5,4,5,7,2,1,1,3,5,2,12,1,53,3,10,3,4,7,8,1,8,1,2,,26,26,1,22,9,121.5213667,25.08919354
111,8,28,22,4,2,02萬華區,萬華區中華路1段80號,0,0,1,1,H01,8,3,5,0,14,10,1,5,4,5,7,4,4,8,3,1,1,9,2,64,2,9,4,5,8,16,8,20,10,16,,67,67,1,22,9,121.5091818,25.04550443
111,8,28,22,4,2,02萬華區,萬華區中華路1段80號,0,0,1,2,A02,8,3,5,0,14,10,1,5,4,5,7,4,4,8,3,1,1,9,1,54,3,10,1,1,7,1,1,2,1,2,,43,67,1,22,9,121.5091818,25.04550443
111,8,28,22,4,2,03中山區,中山區建國北路3段83號,0,0,1,1,C03,8,1,5,50,14,9,1,5,4,5,7,4,4,1,4,5,2,13,1,28,2,7,1,1,7,7,1,10,1,13,,7,7,1,22,9,121.5367832,25.06533376
111,8,28,22,4,2,03中山區,中山區建國北路3段83號,0,0,1,2,B03,8,1,5,50,14,9,1,5,4,5,7,4,4,1,4,5,2,13,1,36,3,10,1,1,7,9,1,5,1,1,,44,7,1,22,9,121.5367832,25.06533376
111,8,28,23,22,2,05中正區,中正區羅斯福路1段與南海路口,0,0,1,1,C03,8,3,5,30,4,1,1,5,4,5,7,1,1,10,4,5,2,17,1,19,2,9,1,1,7,7,1,10,2,14,,26,26,1,22,9,121.5180953,25.03283894
111,8,28,23,22,2,05中正區,中正區羅斯福路1段與南海路口,0,0,1,2,C02,8,3,5,30,4,1,1,5,4,5,7,1,1,10,4,5,2,17,1,34,3,10,1,3,7,9,1,9,2,12,,44,26,1,22,9,121.5180953,25.03283894
111,8,29,3,11,2,04大安區,大安區忠孝東路4段77巷與敦化南路1段190巷口,0,0,1,1,F02,7,3,5,30,4,2,1,5,4,5,7,4,4,10,5,5,2,15,2,50,2,9,3,4,7,9,8,20,1,15,,6,6,1,22,9,121.5472091,25.04263922
111,8,29,3,11,2,04大安區,大安區忠孝東路4段77巷與敦化南路1段190巷口,0,0,1,2,B01,7,3,5,30,4,2,1,5,4,5,7,4,4,10,5,5,2,15,1,39,3,10,3,4,7,9,1,4,1,8,,23,6,1,22,9,121.5472091,25.04263922
111,8,29,4,45,2,10文山區,文山區指南路3段34巷,0,0,2,1,C03,8,3,5,30,11,9,1,5,4,5,1,4,4,10,5,5,1,18,1,18,2,9,1,1,7,9,1,10,2,12,,13,13,1,22,9,121.5794428,24.97956846
111,8,29,4,45,2,10文山區,文山區指南路3段34巷,0,0,2,2,,8,3,5,30,11,9,1,5,4,5,1,4,4,10,5,5,1,18,3,,,,,,,,,,,,,67,13,1,,,121.5794428,24.97956846
111,8,29,4,45,2,10文山區,文山區指南路3段34巷,0,0,2,3,H02,8,3,5,30,11,9,1,5,4,5,1,4,4,10,5,5,1,18,1,18,2,9,1,5,7,17,8,20,10,16,,67,13,1,22,9,121.5794428,24.97956846
111,8,29,5,26,2,05中正區,中正區忠孝東路2段與金山南路1段口,0,0,2,1,C02,8,2,5,50,4,1,1,5,4,5,7,2,1,1,4,5,2,15,1,34,2,9,1,1,7,9,1,9,2,14,,25,25,1,5,1,121.5297881,25.04323999
111,8,29,5,26,2,05中正區,中正區忠孝東路2段與金山南路1段口,0,0,2,2,C03,8,2,5,50,4,1,1,5,4,5,7,2,1,1,4,5,2,15,2,50,2,9,1,1,7,9,1,10,2,11,,23,25,1,5,1,121.5297881,25.04323999
111,8,29,6,19,2,11南港區,南港區忠孝東路7段與忠孝東路7段265巷口,0,0,2,1,B03,8,1,5,50,3,2,1,5,4,5,7,1,1,8,3,1,2,13,2,50,3,10,3,4,7,9,1,8,2,1,,23,23,1,22,9,121.6035329,25.0517185
111,8,29,6,19,2,11南港區,南港區忠孝東路7段與忠孝東路7段265巷口,0,0,2,2,C03,8,1,5,50,3,2,1,5,4,5,7,1,1,8,3,1,2,13,2,53,2,9,1,4,7,14,1,10,1,13,,5,23,1,22,9,121.6035329,25.0517185
111,8,29,6,19,2,11南港區,南港區忠孝東路7段與忠孝東路7段265巷口,0,0,2,3,C03,8,1,5,50,3,2,1,5,4,5,7,1,1,8,3,1,2,13,2,61,2,9,3,4,7,9,1,10,2,11,,23,23,1,22,9,121.6035329,25.0517185
111,8,29,6,38,2,04大安區,大安區安和路2段171巷與和平東路3段119巷口,0,0,1,2,H01,8,1,5,50,3,1,1,5,4,5,7,4,4,5,4,5,2,3,1,79,2,9,4,5,8,16,8,20,10,16,,67,15,1,22,9,121.5506568,25.02802056
111,8,29,6,38,2,04大安區,大安區安和路2段171巷與和平東路3段119巷口,0,0,1,1,B12,8,1,5,50,3,1,1,5,4,5,7,4,4,5,4,5,2,3,1,37,3,10,1,1,7,9,1,8,2,8,,15,15,1,22,9,121.5506568,25.02802056
111,8,29,7,17,2,03中山區,中山區民族東路與松江路口,0,0,1,1,B03,8,1,5,50,5,1,1,5,4,5,7,1,1,1,4,5,1,15,1,62,3,10,1,1,7,9,1,8,2,2,,25,25,1,22,9,121.5335913,25.0681682
111,8,29,7,17,2,03中山區,中山區民族東路與松江路口,0,0,1,2,C03,8,1,5,50,5,1,1,5,4,5,7,1,1,1,4,5,1,15,1,64,2,9,1,1,7,1,1,10,2,11,,44,25,1,22,9,121.5335913,25.0681682
111,8,29,7,51,2,07信義區,信義區信義路5段與松勇路口,0,0,1,1,B03,8,1,5,30,3,2,1,5,4,5,7,4,4,8,3,5,2,17,1,82,3,10,1,1,7,15,1,8,1,1,,23,23,1,22,9,121.5695214,25.0329454
111,8,29,7,51,2,07信義區,信義區信義路5段與松勇路口,0,0,1,2,C02,8,1,5,30,3,2,1,5,4,5,7,4,4,8,3,5,2,17,1,27,2,9,1,1,7,8,1,9,1,13,,7,23,1,22,9,121.5695214,25.0329454
111,8,29,7,58,2,12內湖區,內湖區安康路228巷與潭美街口口,0,0,1,1,B03,8,1,5,40,3,1,1,5,4,5,7,2,1,5,4,5,2,16,1,43,3,10,1,1,7,6,1,8,1,6,,6,6,1,22,9,121.6035846,25.06117106
111,8,29,7,58,2,12內湖區,內湖區安康路228巷與潭美街口口,0,0,1,2,C03,8,1,5,40,3,1,1,5,4,5,7,2,1,5,4,5,2,16,1,25,2,9,1,1,7,9,1,10,1,11,,23,6,1,22,9,121.6035846,25.06117106
111,8,29,8,2,2,05中正區,中正區南陽街與信陽街口,0,0,1,1,C03,8,1,5,30,4,2,1,5,4,5,7,4,4,10,5,5,2,17,1,39,3,10,1,1,7,9,1,10,1,12,,6,6,1,22,9,121.5161122,25.04464846
111,8,29,8,2,2,05中正區,中正區南陽街與信陽街口,0,0,1,2,C03,8,1,5,30,4,2,1,5,4,5,7,4,4,10,5,5,2,17,2,47,2,9,1,1,7,1,1,10,1,14,,19,6,1,22,9,121.5161122,25.04464846
111,8,29,8,5,2,12內湖區,內湖區瑞光路76巷與民權東路6段11巷口,0,0,1,1,C03,8,1,5,50,3,1,1,5,4,5,7,4,4,9,5,4,2,17,1,72,3,10,1,1,7,5,1,10,1,11,,6,6,1,22,9,121.5781527,25.06752033
111,8,29,8,5,2,12內湖區,內湖區瑞光路76巷與民權東路6段11巷口,0,0,1,2,C03,8,1,5,50,3,1,1,5,4,5,7,4,4,9,5,4,2,17,1,56,2,9,1,1,7,5,1,9,1,11,,44,6,1,22,9,121.5781527,25.06752033
111,8,29,8,20,2,11南港區,南港區市民大道7段396號,0,0,1,1,G06,8,1,5,0,14,20,4,5,4,4,3,4,4,10,5,5,2,3,1,37,3,10,4,4,7,9,7,19,1,15,,23,23,1,22,9,121.5929018,25.05097564
111,8,29,8,20,2,11南港區,南港區市民大道7段396號,0,0,1,2,H01,8,1,5,0,14,20,4,5,4,4,3,4,4,10,5,5,2,3,1,26,2,9,4,5,8,16,8,20,10,16,,67,23,1,22,9,121.5929018,25.05097564
111,8,29,8,25,2,07信義區,信義區福德街與大道路口,0,0,1,1,F01,8,1,5,30,14,9,1,5,4,5,7,4,4,1,4,5,2,12,2,23,2,8,1,1,7,9,8,20,1,16,,44,44,1,22,9,121.5834036,25.03791564
111,8,29,8,25,2,07信義區,信義區福德街與大道路口,0,0,1,2,B03,8,1,5,30,14,9,1,5,4,5,7,4,4,1,4,5,2,12,1,49,3,10,1,1,7,9,1,8,1,2,,23,44,1,22,9,121.5834036,25.03791564
111,8,29,8,28,2,12內湖區,內湖區內湖路2段241號前,0,0,2,1,C03,8,1,5,50,14,9,1,5,4,5,7,4,4,9,5,5,2,16,2,70,2,9,1,1,7,1,1,10,1,14,,19,19,1,22,9,121.5894659,25.08182348
111,8,29,8,28,2,12內湖區,內湖區內湖路2段241號前,0,0,2,2,C03,8,1,5,50,14,9,1,5,4,5,7,4,4,9,5,5,2,16,1,37,2,9,1,1,7,9,1,9,1,12,,44,19,1,22,9,121.5894659,25.08182348
111,8,29,8,37,2,03中山區,中山區建國北路2段6巷與建國北路2段口,0,0,1,1,C03,8,1,5,50,3,1,1,5,4,5,7,4,4,1,4,5,2,16,1,24,3,10,1,1,7,8,1,10,1,12,,7,7,1,22,9,121.5365584,25.05256458
111,8,29,8,37,2,03中山區,中山區建國北路2段6巷與建國北路2段口,0,0,1,2,C03,8,1,5,50,3,1,1,5,4,5,7,4,4,1,4,5,2,16,2,25,2,9,1,1,7,9,1,10,1,11,,44,7,1,22,9,121.5365584,25.05256458
111,8,29,8,44,2,04大安區,大安區和平東路1段與師大路口,0,0,1,1,B03,8,1,5,50,3,2,1,5,4,5,7,2,1,9,4,5,1,17,1,57,3,10,1,4,7,6,1,8,1,15,,9,9,1,22,9,121.5284535,25.0265186
111,8,29,8,44,2,04大安區,大安區和平東路1段與師大路口,0,0,1,2,C03,8,1,5,50,3,2,1,5,4,5,7,2,1,9,4,5,1,17,1,29,3,10,1,4,7,9,1,10,1,15,,44,9,1,22,9,121.5284535,25.0265186
111,8,29,8,44,2,04大安區,大安區和平東路1段與師大路口,0,0,1,3,C03,8,1,5,50,3,2,1,5,4,5,7,2,1,9,4,5,1,17,1,18,2,8,1,4,7,9,1,10,1,15,,23,9,1,22,9,121.5284535,25.0265186
111,8,29,8,47,2,07信義區,信義區永吉路502巷7號,0,0,1,1,C03,8,1,5,30,14,9,1,5,4,3,7,4,4,10,5,5,2,18,2,56,2,8,1,1,7,9,1,10,9,14,,14,14,1,22,8,121.5800345,25.0441273
111,8,29,8,47,2,07信義區,信義區永吉路502巷7號,0,0,1,2,,8,1,5,30,14,9,1,5,4,3,7,4,4,10,5,5,2,18,3,,,,,,,,,,,,,67,14,1,,,121.5800345,25.0441273
111,8,29,8,55,2,10文山區,文山區萬慶街與景福街口口,0,0,3,1,C04,8,1,5,50,5,1,1,5,4,5,7,4,4,9,4,5,2,16,2,65,2,7,1,1,7,15,1,10,1,14,,26,26,1,22,9,121.5358425,24.99602184
111,8,29,8,55,2,10文山區,文山區萬慶街與景福街口口,0,0,3,2,C03,8,1,5,50,5,1,1,5,4,5,7,4,4,9,4,5,2,16,1,27,2,7,1,1,7,9,1,10,1,11,,13,26,1,22,9,121.5358425,24.99602184
111,8,29,8,55,2,10文山區,文山區萬慶街與景福街口口,0,0,3,3,H02,8,1,5,50,5,1,1,5,4,5,7,4,4,9,4,5,2,16,2,28,2,9,1,5,7,20,8,20,10,15,,67,26,1,22,9,121.5358425,24.99602184
111,8,29,9,0,2,05中正區,中正區和平西路1段與牯嶺街口,0,0,1,1,B03,8,1,5,50,4,1,1,5,4,5,7,1,1,1,4,5,2,16,1,44,3,10,1,1,7,6,1,8,1,5,,9,9,1,22,9,121.5189806,25.02638729
111,8,29,9,0,2,05中正區,中正區和平西路1段與牯嶺街口,0,0,1,2,C03,8,1,5,50,4,1,1,5,4,5,7,1,1,1,4,5,2,16,2,52,2,9,1,1,7,9,1,8,1,14,,23,9,1,22,9,121.5189806,25.02638729
111,8,29,9,15,2,10文山區,文山區木新路3段335號,0,0,1,1,A04,8,1,5,50,14,9,1,5,4,5,7,1,1,8,5,5,2,9,1,46,3,10,1,1,7,9,1,2,1,15,,36,36,1,22,9,121.5561383,24.98053624
111,8,29,9,15,2,10文山區,文山區木新路3段335號,0,0,1,2,H02,8,1,5,50,14,9,1,5,4,5,7,1,1,8,5,5,2,9,2,68,2,1,4,4,7,20,8,20,1,15,,67,36,1,22,9,121.5561383,24.98053624
111,8,29,9,21,2,09北投區,北投區中央北路2段與稻香路口,0,0,1,1,B01,8,1,5,50,5,1,1,5,4,5,7,1,1,4,4,5,2,17,1,57,3,10,1,1,7,6,1,4,2,8,,6,6,1,22,9,121.4912666,25.1386875
111,8,29,9,21,2,09北投區,北投區中央北路2段與稻香路口,0,0,1,2,C03,8,1,5,50,5,1,1,5,4,5,7,1,1,4,4,5,2,17,2,71,2,9,1,1,7,5,1,10,2,12,,44,6,1,22,9,121.4912666,25.1386875
111,8,29,9,26,2,01大同區,大同區民族西路244號,0,0,1,1,B03,8,1,5,50,14,9,1,5,4,5,7,4,4,9,4,5,1,17,2,38,3,10,1,1,7,14,1,8,1,4,,40,40,1,22,9,121.5125549,25.0684656
111,8,29,9,26,2,01大同區,大同區民族西路244號,0,0,1,2,C03,8,1,5,50,14,9,1,5,4,5,7,4,4,9,4,5,1,17,1,23,2,9,1,1,7,9,1,10,1,12,,17,40,1,22,9,121.5125549,25.0684656
111,8,29,9,26,2,01大同區,大同區民族西路244號,0,0,1,3,H02,8,1,5,50,14,9,1,5,4,5,7,4,4,9,4,5,1,17,2,66,3,10,4,5,7,20,8,20,10,16,,60,40,1,22,9,121.5125549,25.0684656
111,8,29,9,40,2,10文山區,文山區木新路3段74巷與興隆路4段165巷口,0,0,1,1,C03,8,1,5,30,4,1,1,5,4,5,6,4,4,5,2,5,2,15,2,40,2,7,1,4,7,9,1,10,1,12,,6,6,1,22,9,121.5629137,24.98418517
111,8,29,9,40,2,10文山區,文山區木新路3段74巷與興隆路4段165巷口,0,0,1,2,B03,8,1,5,30,4,1,1,5,4,5,6,4,4,5,2,5,2,15,2,49,3,10,3,4,7,9,1,8,1,1,,42,6,1,22,9,121.5629137,24.98418517
111,8,29,9,40,2,10文山區,文山區木新路3段74巷與興隆路4段165巷口,0,0,1,3,B12,8,1,5,30,4,1,1,5,4,5,6,4,4,5,2,5,2,15,1,54,3,10,3,4,7,13,1,7,9,15,,42,6,1,22,9,121.5629137,24.98418517
111,8,29,9,44,2,09北投區,北投區大業路與中央北路2段口,0,0,2,1,B03,8,1,5,50,4,1,1,5,4,5,7,2,1,6,3,5,2,17,2,53,3,10,1,1,7,9,1,8,1,2,,26,26,1,22,9,121.4971521,25.13601144
111,8,29,9,44,2,09北投區,北投區大業路與中央北路2段口,0,0,2,2,C03,8,1,5,50,4,1,1,5,4,5,7,2,1,6,3,5,2,17,1,64,2,9,1,1,7,5,1,10,1,14,,8,26,1,22,9,121.4971521,25.13601144
111,8,29,9,44,2,09北投區,北投區大業路與中央北路2段口,0,0,2,3,H02,8,1,5,50,4,1,1,5,4,5,7,2,1,6,3,5,2,17,2,61,2,9,1,5,7,20,8,20,10,16,,67,26,1,22,9,121.4971521,25.13601144
111,8,29,9,47,2,06松山區,松山區松河街264號,0,0,1,1,B03,8,1,5,40,14,9,1,5,4,5,7,4,4,10,5,5,2,12,2,43,3,10,1,1,7,1,1,8,1,4,,19,19,1,22,9,121.5792009,25.05197541
111,8,29,9,47,2,06松山區,松山區松河街264號,0,0,1,2,C04,8,1,5,40,14,9,1,5,4,5,7,4,4,10,5,5,2,12,2,62,2,9,1,1,7,9,1,11,1,12,,44,19,1,22,9,121.5792009,25.05197541
111,8,29,10,0,2,05中正區,中正區重慶南路2段與愛國西路口,0,0,1,1,B01,8,1,5,50,4,1,1,5,4,5,7,1,1,1,4,5,2,12,1,64,3,10,1,1,7,6,1,4,2,15,,9,9,1,22,9,121.5125967,25.0350266
111,8,29,10,0,2,05中正區,中正區重慶南路2段與愛國西路口,0,0,1,2,C03,8,1,5,50,4,1,1,5,4,5,7,1,1,1,4,5,2,12,1,43,2,9,1,1,7,9,1,10,2,15,,44,9,1,22,9,121.5125967,25.0350266
111,8,29,10,9,2,04大安區,大安區和平東路3段228巷與安居街34巷口,0,0,1,1,C03,8,1,5,50,4,2,1,5,4,5,7,4,4,10,4,5,2,29,2,22,2,9,1,1,7,9,1,10,1,11,,23,23,1,22,9,121.5539559,25.0212079
111,8,29,10,9,2,04大安區,大安區和平東路3段228巷與安居街34巷口,0,0,1,2,,8,1,5,50,4,2,1,5,4,5,7,4,4,10,4,5,2,29,3,,,,,,,,,,,,,67,23,1,,,121.5539559,25.0212079
111,8,29,10,16,2,08士林區,士林區中正路(百齡橋頭),0,0,2,1,F01,8,1,5,50,14,9,1,5,4,5,7,4,4,1,4,5,1,16,1,61,2,1,3,4,7,7,8,20,1,16,,7,7,1,22,9,121.5113914,25.08777619
111,8,29,10,16,2,08士林區,士林區中正路(百齡橋頭),0,0,2,2,C03,8,1,5,50,14,9,1,5,4,5,7,4,4,1,4,5,1,16,1,24,2,8,3,4,7,9,1,10,1,11,,23,7,1,22,9,121.5113914,25.08777619
111,8,29,10,37,2,01大同區,大同區重慶北路3段252巷7弄與酒泉街口,0,0,1,1,C03,8,1,5,30,3,2,1,5,4,5,7,4,4,5,4,5,2,17,2,67,2,9,1,4,7,6,1,10,11,14,,6,6,1,22,9,121.5132493,25.07205395
111,8,29,10,37,2,01大同區,大同區重慶北路3段252巷7弄與酒泉街口,0,0,1,2,B12,8,1,5,30,3,2,1,5,4,5,7,4,4,5,4,5,2,17,1,59,3,10,3,4,7,9,1,8,1,5,,13,6,1,22,9,121.5132493,25.07205395
111,8,29,10,45,2,06松山區,松山區市民大道6段121號,0,0,2,1,C03,8,1,5,40,14,9,1,5,4,5,7,4,4,1,4,5,2,17,1,22,2,9,1,1,7,9,1,10,1,11,,23,23,1,22,9,121.5774559,25.04954463
111,8,29,10,45,2,06松山區,松山區市民大道6段121號,0,0,2,2,B03,8,1,5,40,14,9,1,5,4,5,7,4,4,1,4,5,2,17,2,46,2,3,1,1,7,14,1,8,1,7,,38,23,1,22,9,121.5774559,25.04954463
111,8,29,10,51,2,04大安區,大安區敦化南路2段敦化安和公車站,0,0,1,1,B03,8,1,5,50,14,9,1,5,4,5,7,4,4,10,5,5,2,17,1,49,3,10,1,1,7,8,1,8,1,15,,6,6,1,22,9,121.5490898,25.03941544
111,8,29,10,51,2,04大安區,大安區敦化南路2段敦化安和公車站,0,0,1,2,C03,8,1,5,50,14,9,1,5,4,5,7,4,4,10,5,5,2,17,2,70,2,9,1,1,7,9,1,10,1,15,,44,6,1,22,9,121.5490898,25.03941544
111,8,29,11,35,2,03中山區,中山區農安街227巷與農安街口,0,0,1,1,C03,8,1,5,30,4,1,1,5,4,5,7,4,4,10,5,5,2,16,1,66,3,10,1,4,7,9,1,10,2,11,,6,6,1,22,9,121.5338885,25.06473127
111,8,29,11,35,2,03中山區,中山區農安街227巷與農安街口,0,0,1,2,C03,8,1,5,30,4,1,1,5,4,5,7,4,4,10,5,5,2,16,1,18,2,9,1,4,7,9,3,18,2,12,,23,6,1,22,9,121.5338885,25.06473127
111,8,29,11,40,2,03中山區,中山區松江路與市民大道3段口,0,0,1,1,B01,8,1,5,50,4,1,1,5,4,5,7,2,1,1,1,1,1,12,1,52,3,10,3,4,7,9,1,4,1,8,,23,23,1,22,9,121.5327559,25.0455255
111,8,29,11,40,2,03中山區,中山區松江路與市民大道3段口,0,0,1,2,C03,8,1,5,50,4,1,1,5,4,5,7,2,1,1,1,1,1,12,2,56,2,5,3,4,7,8,1,10,1,12,,42,23,1,22,9,121.5327559,25.0455255
111,8,29,11,50,2,04大安區,大安區信義路3段與復興南路2段口,0,0,2,1,C03,8,1,5,50,4,1,1,5,4,5,7,1,1,1,5,5,1,13,1,66,2,1,1,1,7,9,1,10,2,11,,16,16,1,22,9,121.542959,25.0330975
111,8,29,11,50,2,04大安區,大安區信義路3段與復興南路2段口,0,0,2,2,C03,8,1,5,50,4,1,1,5,4,5,7,1,1,1,5,5,1,13,1,43,2,8,1,1,7,12,1,10,2,13,,44,16,1,22,9,121.542959,25.0330975
111,8,29,12,29,2,06松山區,松山區民權東路3段與復興北路口,0,0,1,1,C03,8,1,5,50,4,1,1,5,4,5,7,1,1,1,4,5,2,17,1,35,2,9,1,1,7,9,1,10,1,12,,25,25,1,22,9,121.5442234,25.06210539
111,8,29,12,29,2,06松山區,松山區民權東路3段與復興北路口,0,0,1,2,B01,8,1,5,50,4,1,1,5,4,5,7,1,1,1,4,5,2,17,1,65,3,10,1,1,7,5,1,4,1,1,,44,25,1,22,9,121.5442234,25.06210539
111,8,29,12,30,2,11南港區,南港區園區街22號,0,0,1,1,B03,8,1,5,30,14,9,1,5,4,5,7,4,4,9,4,5,2,16,1,21,3,10,1,1,7,7,1,8,1,8,,7,7,1,22,9,121.6130693,25.05908054
111,8,29,12,30,2,11南港區,南港區園區街22號,0,0,1,2,C03,8,1,5,30,14,9,1,5,4,5,7,4,4,9,4,5,2,16,2,41,2,8,1,1,7,9,1,10,1,12,,44,7,1,22,9,121.6130693,25.05908054
111,8,29,12,33,2,12內湖區,內湖區民權隧道往東,0,0,1,1,B03,8,1,5,50,14,8,1,5,4,5,7,4,4,9,4,4,1,16,2,54,3,10,1,1,7,8,1,8,1,5,,7,7,1,22,9,121.6040076,25.07032392
111,8,29,12,33,2,12內湖區,內湖區民權隧道往東,0,0,1,2,C03,8,1,5,50,14,8,1,5,4,5,7,4,4,9,4,4,1,16,2,41,2,9,1,1,7,9,1,10,1,14,,44,7,1,22,9,121.6040076,25.07032392
111,8,29,12,50,2,12內湖區,內湖區瑞光路468號,0,0,1,1,C03,8,1,5,50,14,9,1,5,4,5,7,4,4,5,5,5,2,13,2,33,2,9,1,1,7,9,4,10,1,11,,16,16,1,22,9,121.5700977,25.0786065
111,8,29,12,50,2,12內湖區,內湖區瑞光路468號,0,0,1,2,B01,8,1,5,50,14,9,1,5,4,5,7,4,4,5,5,5,2,13,1,62,3,10,1,1,7,9,1,8,1,3,,42,16,1,22,9,121.5700977,25.0786065
111,8,29,12,55,2,09北投區,北投區大度路3段185號,0,0,1,1,C03,8,1,5,50,14,9,1,5,4,5,7,1,1,1,4,5,1,13,1,57,2,9,1,1,7,9,1,10,1,11,,23,23,1,22,9,121.4707421,25.12274633
111,8,29,12,55,2,09北投區,北投區大度路3段185號,0,0,1,2,B01,8,1,5,50,14,9,1,5,4,5,7,1,1,1,4,5,1,13,1,53,3,10,1,1,7,13,1,4,1,7,,38,23,1,22,9,121.4707421,25.12274633
111,8,29,13,8,2,08士林區,士林區德行東路132巷與德行東路口,0,0,1,1,B03,8,1,5,50,4,1,1,5,4,5,7,4,4,10,5,5,1,3,2,64,3,10,1,1,7,5,1,8,2,8,,15,15,1,22,9,121.529036,25.10796529
111,8,29,13,8,2,08士林區,士林區德行東路132巷與德行東路口,0,0,1,2,H01,8,1,5,50,4,1,1,5,4,5,7,4,4,10,5,5,1,3,2,68,2,9,4,5,8,18,8,20,10,16,,67,15,1,22,9,121.529036,25.10796529
111,8,29,13,33,2,10文山區,文山區新光路1段與萬壽橋口,0,0,1,1,B03,8,1,5,50,4,2,1,5,4,5,7,1,1,5,4,5,2,17,2,65,3,10,1,1,7,6,1,8,1,8,,9,9,1,22,9,121.5734486,24.9916851
111,8,29,13,33,2,10文山區,文山區新光路1段與萬壽橋口,0,0,1,2,C03,8,1,5,50,4,2,1,5,4,5,7,1,1,5,4,5,2,17,2,24,2,9,1,1,7,5,1,10,1,13,,44,9,1,22,9,121.5734486,24.9916851
111,8,29,13,35,2,03中山區,中山區北安路47號對面,0,0,1,2,B03,8,1,5,50,14,9,1,5,4,5,7,4,4,1,3,5,1,13,1,69,3,10,3,4,7,9,1,8,1,3,,44,44,1,22,9,121.5282928,25.07723858
111,8,29,13,35,2,03中山區,中山區北安路47號對面,0,0,1,1,A02,8,1,5,50,14,9,1,5,4,5,7,4,4,1,3,5,1,13,1,61,3,10,3,4,7,1,1,2,11,15,,44,44,2,22,9,121.5282928,25.07723858
111,8,29,13,35,2,03中山區,中山區北安路47號對面,0,0,1,3,C03,8,1,5,50,14,9,1,5,4,5,7,4,4,1,3,5,1,13,2,34,2,9,1,1,7,9,1,10,1,11,,16,44,1,22,9,121.5282928,25.07723858
111,8,29,13,45,2,09北投區,北投區大業路與雙全街口,0,0,2,1,C03,8,1,5,50,4,1,1,5,4,5,7,1,1,9,4,5,2,16,2,62,2,9,3,4,7,5,1,10,1,11,,8,8,1,22,9,121.5010548,25.1370271
111,8,29,13,45,2,09北投區,北投區大業路與雙全街口,0,0,2,2,C03,8,1,5,50,4,1,1,5,4,5,7,1,1,9,4,5,2,16,1,25,2,9,3,4,7,9,1,10,1,14,,44,8,1,22,9,121.5010548,25.1370271
111,8,29,14,5,2,10文山區,文山區和平東路4段330號,0,0,2,1,B11,8,1,5,50,14,9,1,5,4,5,7,4,4,4,5,5,2,16,1,38,3,10,1,4,7,5,1,8,1,4,,8,8,1,22,9,121.5738768,24.99961782
111,8,29,14,5,2,10文山區,文山區和平東路4段330號,0,0,2,2,C03,8,1,5,50,14,9,1,5,4,5,7,4,4,4,5,5,2,16,2,51,2,8,1,4,7,9,1,10,1,12,,23,8,1,22,9,121.5738768,24.99961782
111,8,29,14,5,2,10文山區,文山區和平東路4段330號,0,0,2,3,H02,8,1,5,50,14,9,1,5,4,5,7,4,4,4,5,5,2,16,2,18,2,8,1,5,7,20,8,20,10,16,,67,8,1,22,9,121.5738768,24.99961782
111,8,29,14,9,2,04大安區,大安區基隆路3段155巷研揚大樓前,0,0,1,1,B03,8,1,5,50,14,9,1,5,4,5,7,4,4,9,5,5,2,16,2,53,3,10,1,1,7,5,1,8,1,4,,8,8,1,22,9,121.5431936,25.0149701
111,8,29,14,9,2,04大安區,大安區基隆路3段155巷研揚大樓前,0,0,1,2,C03,8,1,5,50,14,9,1,5,4,5,7,4,4,9,5,5,2,16,1,25,2,9,1,1,7,9,1,10,1,12,,23,8,1,22,9,121.5431936,25.0149701
111,8,29,14,12,2,05中正區,中正區汀州路3段299號,0,0,2,1,C03,8,1,5,50,14,9,1,5,4,5,7,4,4,8,4,5,2,12,1,19,2,9,1,1,7,5,1,10,2,14,,8,8,1,22,9,121.5358543,25.0118673
111,8,29,14,12,2,05中正區,中正區汀州路3段299號,0,0,2,2,C03,8,1,5,50,14,9,1,5,4,5,7,4,4,8,4,5,2,12,1,36,2,9,1,1,7,9,1,10,2,11,,42,8,1,22,9,121.5358543,25.0118673
111,8,29,14,12,2,05中正區,中正區汀州路3段299號,0,0,2,3,C03,8,1,5,50,14,9,1,5,4,5,7,4,4,8,4,5,2,12,3,,,,,,,,,,,,,67,8,1,,,121.5358543,25.0118673