發生年度,發生月,發生日,發生時-Hours,發生分,處理別-編號,區序,肇事地點,死亡人數,2-30日死亡人數,受傷人數,當事人序號,車種,天候,光線,道路類別,速限-速度限制,道路型態,事故位置,路面狀況1,路面狀況2,路面狀況3,道路障礙1,道路障礙2,號誌1,號誌2,車道劃分-分向,車道劃分-分道1,車道劃分-分道2,車道劃分-分道3,事故類型及型態,性別,年齡,受傷程度,主要傷處,安全帽,行動電話,車輛用途,當事者行動狀態,駕駛資格情形,駕駛執照種類,飲酒情形,車輛撞擊部位1,車輛撞擊部位2,肇因碼-個別,肇因碼-主要,個人肇逃否,職業,旅次目的,座標-X,座標-Y
111,8,29,14,12,2,05中正區,中正區汀州路3段299號,0,0,2,4,C03,8,1,5,50,14,9,1,5,4,5,7,4,4,8,4,5,2,12,3,,,,,,,,,,,,,67,8,1,,,121.5358543,25.0118673
111,8,29,14,19,2,05中正區,中正區羅斯福路4段24巷11號,0,0,1,1,C03,8,1,5,50,14,9,1,5,4,5,7,4,4,5,4,5,2,17,1,18,3,10,1,1,7,8,3,18,2,12,,7,7,1,22,9,121.532692,25.01504911
111,8,29,14,19,2,05中正區,中正區羅斯福路4段24巷11號,0,0,1,2,C03,8,1,5,50,14,9,1,5,4,5,7,4,4,5,4,5,2,17,1,45,2,9,1,1,7,9,1,10,2,12,,44,7,1,22,9,121.532692,25.01504911
111,8,29,14,20,2,03中山區,中山區龍江路與龍江路21巷口,0,0,1,1,B03,8,1,5,50,4,1,1,5,4,5,7,4,4,10,3,5,2,14,1,24,3,10,1,4,7,2,1,8,1,3,,12,12,1,22,9,121.5404739,25.04774751
111,8,29,14,20,2,03中山區,中山區龍江路與龍江路21巷口,0,0,1,2,C03,8,1,5,50,4,1,1,5,4,5,7,4,4,10,3,5,2,14,2,42,2,9,1,4,7,15,1,10,1,14,,44,12,1,22,9,121.5404739,25.04774751
111,8,29,14,20,2,12內湖區,內湖區金龍路81號前,0,0,1,1,B03,8,1,5,50,14,9,1,5,4,5,7,4,4,5,4,5,2,16,1,58,3,10,1,1,7,6,6,8,1,2,,9,9,1,22,9,121.5919982,25.08517843
111,8,29,14,20,2,12內湖區,內湖區金龍路81號前,0,0,1,2,C03,8,1,5,50,14,9,1,5,4,5,7,4,4,5,4,5,2,16,1,64,2,9,1,1,7,9,1,10,1,11,,44,9,1,22,9,121.5919982,25.08517843
111,8,29,14,30,2,08士林區,士林區大東路與文林路口,0,0,2,1,C03,8,1,5,50,3,1,1,5,4,5,7,4,4,9,5,5,2,16,1,60,2,8,1,1,7,9,1,10,1,11,,6,6,1,22,9,121.5249981,25.09369029
111,8,29,14,30,2,08士林區,士林區大東路與文林路口,0,0,2,2,C03,8,1,5,50,3,1,1,5,4,5,7,4,4,9,5,5,2,16,2,29,2,9,1,1,7,9,1,10,1,12,,44,6,1,22,9,121.5249981,25.09369029
111,8,29,14,31,2,05中正區,中正區中山南路與忠孝西路1段口,0,0,2,2,C04,8,1,5,50,4,2,1,5,4,5,7,1,1,1,4,5,2,12,2,21,2,8,1,1,7,9,1,10,2,14,,44,17,1,22,9,121.5196492,25.0453557
111,8,29,14,31,2,05中正區,中正區中山南路與忠孝西路1段口,0,0,2,3,C03,8,1,5,50,4,2,1,5,4,5,7,1,1,1,4,5,2,12,2,19,3,10,1,1,7,9,1,10,2,14,,44,17,1,22,9,121.5196492,25.0453557
111,8,29,14,31,2,05中正區,中正區中山南路與忠孝西路1段口,0,0,2,4,H02,8,1,5,50,4,2,1,5,4,5,7,1,1,1,4,5,2,12,2,21,2,8,4,5,7,20,8,20,10,16,,67,17,1,22,9,121.5196492,25.0453557
111,8,29,14,31,2,05中正區,中正區中山南路與忠孝西路1段口,0,0,2,1,B12,8,1,5,50,4,2,1,5,4,5,7,1,1,1,4,5,2,12,1,52,3,10,1,1,7,9,1,8,2,2,,17,17,2,22,9,121.5196492,25.0453557
111,8,29,14,32,2,01大同區,大同區延平北路2段與民權西路口,0,0,2,1,C03,8,1,5,50,4,1,1,5,4,5,7,2,1,1,4,5,2,12,2,22,2,9,1,4,7,9,1,10,1,11,,25,25,1,22,9,121.5112205,25.0627882
111,8,29,14,32,2,01大同區,大同區延平北路2段與民權西路口,0,0,2,2,C03,8,1,5,50,4,1,1,5,4,5,7,2,1,1,4,5,2,12,1,22,2,9,1,4,7,5,1,10,1,13,,8,25,1,22,9,121.5112205,25.0627882
111,8,29,15,30,2,06松山區,松山區南京東路4段10號,0,0,1,1,C03,8,1,5,50,14,8,1,5,4,5,7,2,1,9,4,5,2,11,1,34,3,10,1,1,7,5,1,10,2,15,,8,8,1,22,9,121.5527376,25.05158286
111,8,29,15,30,2,06松山區,松山區南京東路4段10號,0,0,1,2,C03,8,1,5,50,14,8,1,5,4,5,7,2,1,9,4,5,2,11,1,29,2,9,1,1,7,9,1,10,2,11,,44,8,1,22,9,121.5527376,25.05158286
111,8,29,15,45,2,10文山區,文山區木新路2段77號,0,0,1,1,B03,8,1,5,30,14,18,1,5,4,5,7,4,4,5,4,5,2,3,2,39,3,10,3,4,7,9,1,8,2,1,,15,15,1,22,9,121.5704637,24.98514999
111,8,29,15,45,2,10文山區,文山區木新路2段77號,0,0,1,2,H01,8,1,5,30,14,18,1,5,4,5,7,4,4,5,4,5,2,3,2,78,2,9,4,5,8,16,8,20,10,16,,67,15,1,22,9,121.5704637,24.98514999
111,8,29,15,46,2,06松山區,松山區敦化南路1段25號,0,0,2,1,C03,8,1,5,50,14,8,1,5,4,5,7,2,1,9,4,4,2,13,1,41,2,9,1,1,7,9,1,10,1,11,,23,23,1,22,9,121.5491391,25.04617599
111,8,29,15,46,2,06松山區,松山區敦化南路1段25號,0,0,2,2,C03,8,1,5,50,14,8,1,5,4,5,7,2,1,9,4,4,2,13,1,58,2,9,1,1,7,14,1,10,1,13,,44,23,1,22,9,121.5491391,25.04617599
111,8,29,15,54,2,03中山區,中山區南京東路2段與新生北路2段口,0,0,1,1,B01,8,1,5,40,4,1,1,5,4,5,7,1,1,1,4,4,2,16,1,65,3,10,3,4,7,6,1,4,1,2,,9,9,1,22,9,121.5278736,25.05217542
111,8,29,15,54,2,03中山區,中山區南京東路2段與新生北路2段口,0,0,1,2,F01,8,1,5,40,4,1,1,5,4,5,7,1,1,1,4,4,2,16,2,24,2,9,1,1,7,11,8,20,1,16,,11,9,1,22,9,121.5278736,25.05217542
111,8,29,16,0,2,06松山區,松山區松山路與市民大道6段口,0,0,1,1,B02,8,1,5,40,4,2,1,5,4,5,7,2,1,1,3,5,2,16,1,46,3,10,1,1,7,8,1,4,1,2,,6,6,1,22,9,121.5779225,25.0495244
111,8,29,16,0,2,06松山區,松山區松山路與市民大道6段口,0,0,1,2,C03,8,1,5,40,4,2,1,5,4,5,7,2,1,1,3,5,2,16,1,21,2,9,1,1,7,9,1,10,1,11,,13,6,1,22,9,121.5779225,25.0495244
111,8,29,16,7,2,04大安區,大安區敦化南路1段187巷12號,0,0,1,1,B03,8,1,5,30,14,9,1,5,4,5,7,4,4,10,5,5,1,2,1,19,4,11,3,4,7,1,1,8,11,8,,19,19,2,22,9,121.5498442,25.0426077
111,8,29,16,7,2,04大安區,大安區敦化南路1段187巷12號,0,0,1,2,H01,8,1,5,30,14,9,1,5,4,5,7,4,4,10,5,5,1,2,2,30,2,9,4,5,8,16,8,20,10,16,,67,19,1,23,9,121.5498442,25.0426077
111,8,29,16,7,2,10文山區,文山區景福街與景福街3巷口,0,0,1,1,C03,8,1,5,30,4,1,1,5,4,5,7,4,4,10,5,5,2,15,1,23,2,9,1,1,7,9,1,10,1,11,,6,6,1,22,9,121.5392475,24.9994653
111,8,29,16,7,2,10文山區,文山區景福街與景福街3巷口,0,0,1,2,B02,8,1,5,30,4,1,1,5,4,5,7,4,4,10,5,5,2,15,1,39,3,10,1,1,7,9,1,8,1,1,,44,6,1,22,9,121.5392475,24.9994653
111,8,29,16,10,2,03中山區,中山區林森北路98號,0,0,1,1,C03,8,1,5,50,14,9,1,5,4,1,7,4,4,1,4,5,1,28,1,60,2,9,1,1,7,9,1,10,1,11,,23,23,1,22,9,121.5248186,25.05028478
111,8,29,16,10,2,03中山區,中山區林森北路98號,0,0,1,2,,8,1,5,50,14,9,1,5,4,1,7,4,4,1,4,5,1,28,3,,,,,,,,,,,,,67,23,1,,,121.5248186,25.05028478
111,8,29,16,14,2,02萬華區,萬華區環河南路1段與內江街口,0,0,1,1,B03,8,1,5,50,3,1,1,5,4,5,7,2,1,5,2,5,2,17,1,60,3,10,1,4,7,11,1,4,1,15,,10,10,1,22,9,121.5001554,25.04201994
111,8,29,16,14,2,02萬華區,萬華區環河南路1段與內江街口,0,0,1,2,C03,8,1,5,50,3,1,1,5,4,5,7,2,1,5,2,5,2,17,1,19,2,9,1,1,7,5,3,18,1,14,,42,10,1,22,9,121.5001554,25.04201994
111,8,29,16,25,2,09北投區,北投區公館路與公館路423巷口,0,0,2,1,C03,8,1,5,50,3,1,1,5,4,5,7,4,4,9,4,5,1,16,2,58,3,10,1,1,7,5,1,10,1,13,,8,8,1,22,9,121.5025061,25.12085175
111,8,29,16,25,2,09北投區,北投區公館路與公館路423巷口,0,0,2,2,C03,8,1,5,50,3,1,1,5,4,5,7,4,4,9,4,5,1,16,2,56,2,9,1,1,7,9,1,10,1,11,,23,8,1,22,9,121.5025061,25.12085175
111,8,29,16,25,2,09北投區,北投區公館路與公館路423巷口,0,0,2,3,H02,8,1,5,50,3,1,1,5,4,5,7,4,4,9,4,5,1,16,2,30,2,9,1,5,7,20,8,20,10,16,,67,8,1,22,9,121.5025061,25.12085175
111,8,29,16,28,2,07信義區,信義區市民大道5段與光復南路口,0,0,1,1,B03,8,1,5,40,4,1,1,5,4,5,7,1,1,1,4,1,2,16,1,69,3,10,1,1,7,9,1,8,2,5,,26,26,1,22,9,121.5580353,25.0450203
111,8,29,16,28,2,07信義區,信義區市民大道5段與光復南路口,0,0,1,2,C04,8,1,5,40,4,1,1,5,4,5,7,1,1,1,4,1,2,16,2,27,2,9,1,1,7,9,1,10,2,14,,26,26,1,22,9,121.5580353,25.0450203
111,8,29,16,35,2,05中正區,中正區重慶南路3段與汀州路2段口,0,0,2,1,C03,8,1,5,30,4,1,1,5,4,5,7,1,1,1,4,5,2,12,2,20,2,9,1,1,7,8,1,10,1,14,,7,7,1,22,9,121.5164801,25.0256667
111,8,29,16,35,2,05中正區,中正區重慶南路3段與汀州路2段口,0,0,2,2,C03,8,1,5,30,4,1,1,5,4,5,7,1,1,1,4,5,2,12,1,32,2,9,1,1,7,8,1,10,1,12,,7,7,1,22,9,121.5164801,25.0256667
111,8,29,16,42,2,11南港區,南港區研究院路2段與研究院路2段102巷口中央研究院大門口,0,0,1,1,B12,8,1,5,50,4,1,1,5,4,5,6,2,1,1,2,1,2,17,1,65,3,10,1,4,7,11,1,8,1,2,,10,10,1,22,9,121.6166439,25.0420122
111,8,29,16,42,2,11南港區,南港區研究院路2段與研究院路2段102巷口中央研究院大門口,0,0,1,2,C03,8,1,5,50,4,1,1,5,4,5,6,2,1,1,2,1,2,17,1,18,2,9,1,4,7,9,1,10,1,11,,13,10,1,22,9,121.6166439,25.0420122
111,8,29,16,45,2,11南港區,南港區忠孝東路6段與昆陽街口,0,0,1,1,B12,8,1,5,50,4,2,1,5,4,5,7,2,1,1,4,5,2,16,2,51,3,10,3,4,7,6,1,8,1,5,,9,9,1,22,9,121.5939906,25.05055908
111,8,29,16,45,2,11南港區,南港區忠孝東路6段與昆陽街口,0,0,1,2,F01,8,1,5,50,4,2,1,5,4,5,7,2,1,1,4,5,2,16,1,56,2,5,1,1,7,11,8,20,1,16,,11,9,1,22,9,121.5939906,25.05055908
111,8,29,16,59,2,08士林區,士林區中正路499號,0,0,2,1,C03,8,1,5,50,14,8,1,5,4,5,7,4,4,10,5,4,1,16,2,19,2,8,1,1,7,9,1,10,1,14,,23,23,1,22,9,121.5179399,25.09186522
111,8,29,16,59,2,08士林區,士林區中正路499號,0,0,2,2,B03,8,1,5,50,14,8,1,5,4,5,7,4,4,10,5,4,1,16,1,43,3,10,1,1,7,6,1,8,1,2,,44,23,1,22,9,121.5179399,25.09186522
111,8,29,16,59,2,08士林區,士林區中正路499號,0,0,2,3,H02,8,1,5,50,14,8,1,5,4,5,7,4,4,10,5,4,1,16,2,19,2,8,4,5,7,20,8,20,10,16,,67,23,1,22,9,121.5179399,25.09186522
111,8,29,17,19,2,06松山區,松山區八德路4段209號,0,0,1,1,C03,8,1,5,50,14,8,1,5,4,5,7,2,1,9,4,5,2,13,2,21,2,9,1,1,7,9,1,10,2,11,,23,23,1,22,9,121.5641449,25.04883965
111,8,29,17,19,2,06松山區,松山區八德路4段209號,0,0,1,2,B03,8,1,5,50,14,8,1,5,4,5,7,2,1,9,4,5,2,13,1,40,3,10,1,1,7,9,1,8,2,7,,44,23,1,22,9,121.5641449,25.04883965
111,8,29,18,0,2,03中山區,中山區中山北路1段85號,0,0,1,1,C03,7,3,5,50,14,9,1,5,4,5,7,4,4,3,4,5,1,17,1,19,3,10,1,1,7,9,1,10,1,11,,16,16,1,22,9,121.5221802,25.0508245
111,8,29,18,0,2,03中山區,中山區中山北路1段85號,0,0,1,2,C03,7,3,5,50,14,9,1,5,4,5,7,4,4,3,4,5,1,17,2,37,2,8,1,1,7,9,1,10,1,13,,44,16,1,22,9,121.5221802,25.0508245
111,8,29,18,0,2,03中山區,中山區中山北路1段85號,0,0,1,3,B01,7,3,5,50,14,9,1,5,4,5,7,4,4,3,4,5,1,17,1,52,3,10,1,1,7,7,1,4,1,7,,44,16,1,22,9,121.5221802,25.0508245
111,8,29,18,3,2,03中山區,中山區中山北路2段128巷與中山北路2段口,0,0,1,2,C03,8,1,5,30,3,1,1,5,4,5,7,4,4,1,4,5,2,17,1,40,2,9,1,1,7,9,1,10,1,12,,23,9,1,22,9,121.5227347,25.06174109
111,8,29,18,3,2,03中山區,中山區中山北路2段128巷與中山北路2段口,0,0,1,1,B01,8,1,5,30,3,1,1,5,4,5,7,4,4,1,4,5,2,17,1,52,3,10,3,4,7,6,1,4,1,15,,9,9,1,22,9,121.5227347,25.06174109
111,8,29,18,15,2,12內湖區,內湖區新明路298巷23號,0,0,1,1,B03,8,1,5,50,14,9,1,5,4,5,7,4,4,5,4,5,2,17,1,37,3,10,1,1,7,9,1,8,2,5,,23,23,1,22,9,121.581752,25.05662
111,8,29,18,15,2,12內湖區,內湖區新明路298巷23號,0,0,1,2,C03,8,1,5,50,14,9,1,5,4,5,7,4,4,5,4,5,2,17,1,19,2,8,1,1,7,9,1,10,2,13,,44,23,1,22,9,121.581752,25.05662
111,8,29,18,20,2,05中正區,中正區汀州路3段與羅斯福路4段24巷口,0,0,1,1,C03,8,1,5,50,4,1,1,5,4,5,7,1,1,5,4,5,2,17,2,44,2,9,1,1,7,9,1,10,2,11,,26,26,1,22,9,121.5325446,25.014876
111,8,29,18,20,2,05中正區,中正區汀州路3段與羅斯福路4段24巷口,0,0,1,2,F01,8,1,5,50,4,1,1,5,4,5,7,1,1,5,4,5,2,17,1,20,3,10,1,1,7,5,8,20,2,16,,8,26,1,22,9,121.5325446,25.014876
111,8,29,18,20,2,07信義區,信義區忠孝東路5段489號,0,0,1,1,B03,8,1,5,50,14,9,1,5,4,5,7,4,4,1,4,5,2,12,2,30,3,10,1,1,7,9,1,8,1,5,,23,23,1,22,9,121.578224,25.0412021
111,8,29,18,20,2,07信義區,信義區忠孝東路5段489號,0,0,1,2,C03,8,1,5,50,14,9,1,5,4,5,7,4,4,1,4,5,2,12,2,40,2,9,1,1,7,14,1,10,1,13,,44,23,1,22,9,121.578224,25.0412021
111,8,29,18,30,2,08士林區,士林區雨聲街與雨聲街165巷口,0,0,1,1,C03,8,3,5,30,3,2,1,5,4,5,7,3,1,10,2,5,1,16,2,37,3,10,1,1,7,9,1,10,2,11,,44,44,1,22,9,121.5335859,25.1023941
111,8,29,18,30,2,08士林區,士林區雨聲街與雨聲街165巷口,0,0,1,2,F01,8,3,5,30,3,2,1,5,4,5,7,3,1,10,2,5,1,16,1,72,2,9,1,1,7,11,8,20,2,16,,11,44,1,22,9,121.5335859,25.1023941
111,8,29,18,47,2,04大安區,大安區無名巷與廢鐵道,0,0,1,1,C03,7,3,5,50,3,2,1,5,4,5,7,4,4,1,4,5,2,13,2,27,2,9,1,1,7,9,1,10,1,11,,23,23,1,22,9,121.5555746,25.04346029
111,8,29,18,47,2,04大安區,大安區無名巷與廢鐵道,0,0,1,2,B03,7,3,5,50,3,2,1,5,4,5,7,4,4,1,4,5,2,13,1,47,3,10,1,1,7,9,1,8,1,3,,44,23,1,22,9,121.5555746,25.04346029
111,8,29,19,15,2,04大安區,大安區敦化南路2段140號,0,0,2,1,C03,8,3,5,50,14,9,1,5,4,5,7,4,4,5,4,5,2,17,1,35,2,9,1,1,7,9,1,10,1,11,,16,16,1,22,9,121.5484901,25.02571059
111,8,29,19,15,2,04大安區,大安區敦化南路2段140號,0,0,2,2,C03,8,3,5,50,14,9,1,5,4,5,7,4,4,5,4,5,2,17,1,31,3,10,1,1,7,9,1,10,1,13,,44,16,1,22,9,121.5484901,25.02571059
111,8,29,19,15,2,04大安區,大安區敦化南路2段140號,0,0,2,3,C03,8,3,5,50,14,9,1,5,4,5,7,4,4,5,4,5,2,17,1,60,2,9,1,1,7,9,1,10,1,11,,44,16,1,22,9,121.5484901,25.02571059
111,8,29,19,55,2,10文山區,文山區和平東路4段與和平東路4段356巷口,0,0,3,3,H02,8,3,5,50,4,2,1,5,4,5,7,2,1,5,5,5,2,16,2,31,2,9,1,1,7,17,8,20,10,16,,67,11,1,22,9,121.574123,24.99915035
111,8,29,19,55,2,10文山區,文山區和平東路4段與和平東路4段356巷口,0,0,3,1,C03,8,3,5,50,4,2,1,5,4,5,7,2,1,5,5,5,2,16,1,37,2,9,1,1,7,11,1,10,1,11,,11,11,1,22,9,121.574123,24.99915035
111,8,29,19,55,2,10文山區,文山區和平東路4段與和平東路4段356巷口,0,0,3,2,C02,8,3,5,50,4,2,1,5,4,5,7,2,1,5,5,5,2,16,1,27,2,9,1,1,7,9,1,9,1,14,,23,11,1,22,9,121.574123,24.99915035
111,8,29,19,58,2,09北投區,北投區中央北路4段584號,0,0,1,1,B03,8,3,5,50,14,9,1,5,4,5,7,4,4,5,4,5,2,16,1,43,3,10,1,1,7,6,1,8,1,5,,9,9,1,22,9,121.466398,25.12705039
111,8,29,19,58,2,09北投區,北投區中央北路4段584號,0,0,1,2,C03,8,3,5,50,14,9,1,5,4,5,7,4,4,5,4,5,2,16,1,22,2,9,1,1,7,9,1,10,1,14,,23,9,1,22,9,121.466398,25.12705039
111,8,29,20,9,2,03中山區,中山區林森北路與林森北路159巷口,0,0,2,1,B01,8,3,5,30,3,1,1,5,4,5,7,4,4,3,4,5,2,16,1,52,3,10,1,1,7,6,1,4,1,8,,6,6,1,22,9,121.5253648,25.05180459
111,8,29,20,9,2,03中山區,中山區林森北路與林森北路159巷口,0,0,2,2,C03,8,3,5,30,3,1,1,5,4,5,7,4,4,3,4,5,2,16,2,48,2,9,1,1,7,9,1,10,1,11,,44,6,1,22,9,121.5253648,25.05180459
111,8,29,20,9,2,03中山區,中山區林森北路與林森北路159巷口,0,0,2,3,H02,8,3,5,30,3,1,1,5,4,5,7,4,4,3,4,5,2,16,1,19,2,8,4,5,7,21,8,20,10,16,,67,6,1,22,9,121.5253648,25.05180459
111,8,29,20,23,2,02萬華區,萬華區光復橋往新北市003029燈桿,0,0,4,1,C03,8,3,5,50,8,9,1,5,4,5,7,4,4,1,2,5,2,17,2,19,2,9,1,1,7,9,1,10,2,14,,23,23,1,22,9,121.490557,25.02438792
111,8,29,20,23,2,02萬華區,萬華區光復橋往新北市003029燈桿,0,0,4,2,C03,8,3,5,50,8,9,1,5,4,5,7,4,4,1,2,5,2,17,1,44,2,9,1,1,7,12,6,10,2,11,,16,23,1,22,9,121.490557,25.02438792
111,8,29,20,23,2,02萬華區,萬華區光復橋往新北市003029燈桿,0,0,4,3,C03,8,3,5,50,8,9,1,5,4,5,7,4,4,1,2,5,2,17,1,47,2,9,1,1,7,9,1,9,1,11,,23,23,1,22,9,121.490557,25.02438792
111,8,29,20,23,2,02萬華區,萬華區光復橋往新北市003029燈桿,0,0,4,4,C03,8,3,5,50,8,9,1,5,4,5,7,4,4,1,2,5,2,17,1,29,2,9,1,1,7,12,1,10,2,11,,16,23,1,22,9,121.490557,25.02438792
111,8,29,20,34,2,04大安區,大安區和平東路1段與金山南路2段口,0,0,2,1,C03,8,1,5,50,4,2,1,5,4,5,7,4,4,1,5,5,2,13,2,36,2,9,1,1,7,9,1,10,1,11,,42,42,1,22,9,121.5257565,25.02671161
111,8,29,20,34,2,04大安區,大安區和平東路1段與金山南路2段口,0,0,2,2,C03,8,1,5,50,4,2,1,5,4,5,7,4,4,1,5,5,2,13,2,32,2,9,1,1,7,14,1,10,1,13,,44,42,1,22,9,121.5257565,25.02671161
111,8,29,20,47,2,12內湖區,內湖區大湖街131巷23號,0,0,1,1,B03,8,3,5,30,3,1,1,5,4,5,7,4,4,10,5,5,2,3,2,73,3,10,1,1,7,5,1,8,3,1,,15,15,1,22,9,121.6009445,25.08550096
111,8,29,20,47,2,12內湖區,內湖區大湖街131巷23號,0,0,1,2,H01,8,3,5,30,3,1,1,5,4,5,7,4,4,10,5,5,2,3,2,38,2,8,4,5,8,16,8,20,10,16,,67,15,1,22,9,121.6009445,25.08550096
111,8,29,21,5,2,12內湖區,內湖區康樂街61巷與康樂街85巷口,0,0,1,1,B03,8,3,5,30,4,1,1,5,4,5,7,4,4,10,5,5,2,15,1,51,3,10,1,1,7,9,1,8,2,1,,6,6,1,22,9,121.6194622,25.06956769
111,8,29,21,5,2,12內湖區,內湖區康樂街61巷與康樂街85巷口,0,0,1,2,C03,8,3,5,30,4,1,1,5,4,5,7,4,4,10,5,5,2,15,1,19,2,9,1,1,7,9,1,10,2,12,,6,6,1,22,9,121.6194622,25.06956769
111,8,29,21,14,2,05中正區,中正區中華路1段與開封街1段口,0,0,1,1,B03,8,3,5,50,4,2,1,5,4,5,7,1,1,10,4,5,1,12,2,24,3,10,1,1,7,6,1,8,2,5,,44,44,1,22,9,121.5095763,25.0459965
111,8,29,21,14,2,05中正區,中正區中華路1段與開封街1段口,0,0,1,2,C03,8,3,5,50,4,2,1,5,4,5,7,1,1,10,4,5,1,12,2,32,2,9,1,1,7,9,1,10,2,14,,23,44,1,22,9,121.5095763,25.0459965
111,8,29,22,30,2,12內湖區,內湖區南京東路6段與新明路298巷口口,0,0,1,1,C03,8,3,5,50,4,1,1,5,4,5,7,2,1,1,4,5,2,12,1,19,2,5,1,1,7,9,1,10,2,11,,25,25,1,22,9,121.5815039,25.05710714
111,8,29,22,30,2,12內湖區,內湖區南京東路6段與新明路298巷口口,0,0,1,2,B03,8,3,5,50,4,1,1,5,4,5,7,2,1,1,4,5,2,12,1,21,3,10,1,1,7,5,1,8,2,6,,44,25,1,22,9,121.5815039,25.05710714
111,8,29,22,48,2,07信義區,信義區忠孝東路5段297號,0,0,2,1,C03,8,3,5,50,14,9,1,5,4,5,7,4,4,9,4,5,2,13,2,36,2,9,1,1,7,9,1,10,2,11,,23,23,1,22,9,121.5735967,25.0410107
111,8,29,22,48,2,07信義區,信義區忠孝東路5段297號,0,0,2,2,C03,8,3,5,50,14,9,1,5,4,5,7,4,4,9,4,5,2,13,1,34,2,9,1,1,7,14,1,10,2,13,,38,23,1,22,9,121.5735967,25.0410107
111,8,29,23,0,2,05中正區,中正區愛國西路與中山南路口,0,0,1,1,C03,8,1,5,50,4,1,1,5,4,5,7,1,1,1,4,5,2,17,1,21,3,10,1,1,7,5,1,10,2,15,,8,8,1,22,9,121.5164382,25.03503
111,8,29,23,0,2,05中正區,中正區愛國西路與中山南路口,0,0,1,2,C03,8,1,5,50,4,1,1,5,4,5,7,1,1,1,4,5,2,17,1,25,2,9,1,1,7,9,1,10,2,12,,44,8,1,22,9,121.5164382,25.03503
111,8,29,23,22,2,10文山區,文山區木柵路4段161號對面,0,0,2,1,C03,8,3,5,50,11,9,1,5,4,5,1,1,1,5,4,5,2,18,1,21,2,9,3,4,7,6,1,10,2,11,,42,42,1,22,9,121.5755474,24.99985329
111,8,29,23,22,2,10文山區,文山區木柵路4段161號對面,0,0,2,2,,8,3,5,50,11,9,1,5,4,5,1,1,1,5,4,5,2,18,3,,,,,,,,,,,,,66,42,1,,,121.5755474,24.99985329
111,8,29,23,22,2,10文山區,文山區木柵路4段161號對面,0,0,2,3,H02,8,3,5,50,11,9,1,5,4,5,1,1,1,5,4,5,2,18,2,19,2,9,4,5,7,20,8,20,10,16,,67,42,1,22,9,121.5755474,24.99985329
111,8,30,0,48,2,05中正區,中正區新生南路1段50號,0,0,1,1,C03,8,3,5,50,14,8,2,5,4,5,7,1,1,1,4,5,2,18,1,21,2,9,1,1,7,15,1,10,2,15,,23,23,1,22,9,121.5326708,25.0421758
111,8,30,0,48,2,05中正區,中正區新生南路1段50號,0,0,1,2,,8,3,5,50,14,8,2,5,4,5,7,1,1,1,4,5,2,18,3,,,,,,,,,,,,,67,23,1,,,121.5326708,25.0421758
111,8,30,1,14,2,04大安區,大安區復興南路1段107巷與大安路1段口,0,0,1,1,B03,8,3,5,30,4,1,1,5,4,5,7,4,4,9,4,5,1,16,1,31,3,10,1,1,7,9,1,8,1,5,,6,6,1,22,9,121.5462023,25.0435945
111,8,30,1,14,2,04大安區,大安區復興南路1段107巷與大安路1段口,0,0,1,2,C04,8,3,5,30,4,1,1,5,4,5,7,4,4,9,4,5,1,16,1,22,2,8,1,1,7,9,1,8,1,11,,23,6,1,22,9,121.5462023,25.0435945
111,8,30,2,50,2,07信義區,信義區福德街與福德街89巷口,0,0,4,1,B03,8,3,5,50,4,1,1,5,4,5,7,2,1,1,4,5,2,15,1,31,2,9,1,1,7,9,1,8,2,8,,25,25,1,21,8,121.5814893,25.03719118
111,8,30,2,50,2,07信義區,信義區福德街與福德街89巷口,0,0,4,2,B03,8,3,5,50,4,1,1,5,4,5,7,2,1,1,4,5,2,15,1,20,2,9,1,1,7,9,1,8,2,5,,44,25,1,21,8,121.5814893,25.03719118
111,8,30,2,50,2,07信義區,信義區福德街與福德街89巷口,0,0,4,3,,8,3,5,50,4,1,1,5,4,5,7,2,1,1,4,5,2,15,3,,,,,,,,,,,,,67,25,1,,,121.5814893,25.03719118
111,8,30,2,50,2,07信義區,信義區福德街與福德街89巷口,0,0,4,4,,8,3,5,50,4,1,1,5,4,5,7,2,1,1,4,5,2,15,3,,,,,,,,,,,,,67,25,1,,,121.5814893,25.03719118
111,8,30,2,50,2,07信義區,信義區福德街與福德街89巷口,0,0,4,5,,8,3,5,50,4,1,1,5,4,5,7,2,1,1,4,5,2,15,3,,,,,,,,,,,,,67,25,1,,,121.5814893,25.03719118
111,8,30,2,50,2,07信義區,信義區福德街與福德街89巷口,0,0,4,6,H02,8,3,5,50,4,1,1,5,4,5,7,2,1,1,4,5,2,15,1,30,2,9,4,5,7,20,8,20,10,16,,67,25,1,21,8,121.5814893,25.03719118
111,8,30,2,50,2,07信義區,信義區福德街與福德街89巷口,0,0,4,7,H02,8,3,5,50,4,1,1,5,4,5,7,2,1,1,4,5,2,15,2,19,2,9,1,1,7,20,8,20,10,16,,67,25,1,21,8,121.5814893,25.03719118
111,8,30,6,53,2,09北投區,北投區天母西路與石牌路2段口,0,0,2,1,B01,8,1,5,50,3,1,1,5,4,5,7,3,1,5,4,5,2,16,1,67,3,10,1,1,7,5,1,4,2,5,,6,6,1,10,9,121.5219516,25.1192437