發生年度,發生月,發生日,發生時-Hours,發生分,處理別-編號,區序,肇事地點,死亡人數,2-30日死亡人數,受傷人數,當事人序號,車種,天候,光線,道路類別,速限-速度限制,道路型態,事故位置,路面狀況1,路面狀況2,路面狀況3,道路障礙1,道路障礙2,號誌1,號誌2,車道劃分-分向,車道劃分-分道1,車道劃分-分道2,車道劃分-分道3,事故類型及型態,性別,年齡,受傷程度,主要傷處,安全帽,行動電話,車輛用途,當事者行動狀態,駕駛資格情形,駕駛執照種類,飲酒情形,車輛撞擊部位1,車輛撞擊部位2,肇因碼-個別,肇因碼-主要,個人肇逃否,職業,旅次目的,座標-X,座標-Y
111,8,30,6,53,2,09北投區,北投區天母西路與石牌路2段口,0,0,2,2,B03,8,1,5,50,3,1,1,5,4,5,7,3,1,5,4,5,2,16,1,26,2,8,1,1,7,9,1,8,2,2,,14,6,1,22,9,121.5219516,25.1192437
111,8,30,6,53,2,09北投區,北投區天母西路與石牌路2段口,0,0,2,3,C03,8,1,5,50,3,1,1,5,4,5,7,3,1,5,4,5,2,16,1,26,2,9,1,1,7,5,1,10,2,11,,6,6,1,22,9,121.5219516,25.1192437
111,8,30,7,0,2,03中山區,中山區南京東路3段與建國北路2段口,0,0,2,1,F01,8,1,5,50,4,1,1,5,4,5,7,1,1,1,4,5,1,15,2,15,2,8,1,1,7,9,8,20,1,16,,25,25,1,22,9,121.537115,25.05220448
111,8,30,7,0,2,03中山區,中山區南京東路3段與建國北路2段口,0,0,2,2,C03,8,1,5,50,4,1,1,5,4,5,7,1,1,1,4,5,1,15,2,34,2,8,1,1,7,9,1,10,1,11,,13,25,1,22,9,121.537115,25.05220448
111,8,30,7,30,2,09北投區,北投區西安街1段建民橋,0,0,1,1,C03,8,1,5,50,8,9,1,5,3,5,7,4,4,10,4,5,2,18,2,40,2,9,1,1,7,9,1,10,1,14,,44,44,1,22,9,121.5208508,25.1064217
111,8,30,7,30,2,09北投區,北投區西安街1段建民橋,0,0,1,2,,8,1,5,50,8,9,1,5,3,5,7,4,4,10,4,5,2,18,3,,,,,,,,,,,,,61,44,1,,,121.5208508,25.1064217
111,8,30,7,33,2,07信義區,信義區信義路5段象山捷運站3號出口,0,0,1,1,B03,8,1,5,50,14,9,1,5,4,5,7,4,4,1,4,5,2,12,2,32,3,10,1,1,7,8,1,8,1,2,,7,7,1,22,9,121.5700821,25.0328146
111,8,30,7,33,2,07信義區,信義區信義路5段象山捷運站3號出口,0,0,1,2,C03,8,1,5,50,14,9,1,5,4,5,7,4,4,1,4,5,2,12,1,54,2,8,1,1,7,9,1,10,1,14,,44,7,1,22,9,121.5700821,25.0328146
111,8,30,7,43,2,04大安區,大安區和平東路1段278號,0,0,1,1,C04,7,1,5,50,14,9,1,5,4,5,7,4,4,10,4,5,2,16,1,73,2,9,1,1,7,9,1,11,1,12,,43,43,1,22,9,121.5343515,25.02608421
111,8,30,7,43,2,04大安區,大安區和平東路1段278號,0,0,1,2,C03,7,1,5,50,14,9,1,5,4,5,7,4,4,10,4,5,2,16,1,20,3,10,1,1,7,9,1,10,1,12,,43,43,1,22,9,121.5343515,25.02608421
111,8,30,7,50,2,09北投區,北投區中和街27號,0,0,2,1,H01,8,1,5,50,14,9,1,5,4,5,7,4,4,5,5,5,2,3,2,60,2,7,4,5,8,16,8,20,1,16,,51,51,1,22,9,121.5028004,25.1379367
111,8,30,7,50,2,09北投區,北投區中和街27號,0,0,2,2,C03,8,1,5,50,14,9,1,5,4,5,7,4,4,5,5,5,2,3,1,26,2,8,1,1,7,9,1,10,1,11,,23,51,1,22,9,121.5028004,25.1379367
111,8,30,8,15,2,12內湖區,內湖區內湖路1段387巷與內湖路1段387巷3弄口口,0,0,2,1,C03,8,1,5,30,3,1,1,5,4,5,7,4,4,5,4,5,2,16,1,66,2,9,1,1,7,5,1,10,1,12,,6,6,1,22,9,121.5703148,25.08236372
111,8,30,8,15,2,12內湖區,內湖區內湖路1段387巷與內湖路1段387巷3弄口口,0,0,2,2,B12,8,1,5,30,3,1,1,5,4,5,7,4,4,5,4,5,2,16,1,62,3,10,1,1,7,9,1,8,1,8,,44,6,1,22,9,121.5703148,25.08236372
111,8,30,8,15,2,12內湖區,內湖區內湖路1段387巷與內湖路1段387巷3弄口口,0,0,2,3,H02,8,1,5,30,3,1,1,5,4,5,7,4,4,5,4,5,2,16,2,5,2,9,4,5,7,21,8,20,10,15,,67,6,1,22,9,121.5703148,25.08236372
111,8,30,8,20,2,05中正區,中正區中山北路1段與市民大道2段口,0,0,2,1,C03,8,1,5,40,4,1,1,5,4,5,7,2,1,1,4,5,1,12,1,32,2,9,1,1,7,9,6,10,2,14,,44,44,1,22,9,121.5206101,25.0479668
111,8,30,8,20,2,05中正區,中正區中山北路1段與市民大道2段口,0,0,2,2,C03,8,1,5,40,4,1,1,5,4,5,7,2,1,1,4,5,1,12,2,32,2,9,1,1,7,8,1,10,2,12,,7,44,1,22,9,121.5206101,25.0479668
111,8,30,8,46,2,12內湖區,內湖區內湖路2段與金龍路口,0,0,1,1,B03,8,1,5,50,4,2,1,5,4,5,7,2,1,10,5,5,2,3,1,27,3,10,1,1,7,6,1,8,2,8,,15,15,1,22,9,121.5937148,25.08477037
111,8,30,8,46,2,12內湖區,內湖區內湖路2段與金龍路口,0,0,1,2,H01,8,1,5,50,4,2,1,5,4,5,7,2,1,10,5,5,2,3,2,24,2,9,4,5,8,18,8,20,10,16,,51,15,1,22,9,121.5937148,25.08477037
111,8,30,9,8,2,07信義區,信義區忠孝東路5段361號,0,0,2,1,B03,8,1,5,50,14,9,1,5,4,5,7,4,4,10,4,5,2,17,1,64,3,10,1,1,7,1,1,8,1,15,,19,19,1,22,9,121.574606,25.04095454
111,8,30,9,8,2,07信義區,信義區忠孝東路5段361號,0,0,2,2,C03,8,1,5,50,14,9,1,5,4,5,7,4,4,10,4,5,2,17,1,30,2,9,1,1,7,15,1,10,1,14,,42,19,1,22,9,121.574606,25.04095454
111,8,30,9,8,2,07信義區,信義區忠孝東路5段361號,0,0,2,3,C03,8,1,5,50,14,9,1,5,4,5,7,4,4,10,4,5,2,17,2,23,2,9,1,1,7,9,1,10,1,12,,44,19,1,22,9,121.574606,25.04095454
111,8,30,9,27,2,08士林區,士林區雨聲街15巷與至誠路2段51巷口,0,0,1,1,C03,8,1,5,30,4,2,1,5,4,5,7,4,4,10,5,5,1,17,2,25,3,10,1,1,7,6,1,10,1,12,,6,6,1,22,9,121.5284698,25.10086422
111,8,30,9,27,2,08士林區,士林區雨聲街15巷與至誠路2段51巷口,0,0,1,2,C03,8,1,5,30,4,2,1,5,4,5,7,4,4,10,5,5,1,17,1,34,3,10,1,1,7,5,1,10,1,11,,26,6,1,22,9,121.5284698,25.10086422
111,8,30,9,27,2,08士林區,士林區雨聲街15巷與至誠路2段51巷口,0,0,1,3,H02,8,1,5,30,4,2,1,5,4,5,7,4,4,10,5,5,1,17,1,23,2,8,1,5,7,17,8,20,10,16,,67,6,1,22,9,121.5284698,25.10086422
111,8,30,9,28,2,10文山區,文山區萬美街1段與萬樂街口,0,0,1,2,B03,8,1,5,40,3,2,1,5,4,5,7,2,1,9,4,5,2,11,1,24,3,10,1,1,7,5,1,8,1,8,,44,26,1,22,9,121.5656217,25.00139361
111,8,30,9,28,2,10文山區,文山區萬美街1段與萬樂街口,0,0,1,3,B03,8,1,5,40,3,2,1,5,4,5,7,2,1,9,4,5,2,11,1,31,3,10,1,1,7,14,1,8,1,4,,44,26,1,22,9,121.5656217,25.00139361
111,8,30,9,28,2,10文山區,文山區萬美街1段與萬樂街口,0,0,1,1,C03,8,1,5,40,3,2,1,5,4,5,7,2,1,9,4,5,2,11,2,38,2,8,1,1,7,4,1,10,1,14,,26,26,1,22,9,121.5656217,25.00139361
111,8,30,10,19,2,05中正區,中正區重慶南路2段與愛國西路附近口,0,0,1,1,C03,8,1,5,50,4,1,1,5,4,5,7,1,1,1,4,1,1,13,1,25,2,8,1,1,7,15,1,10,1,11,,23,23,1,22,9,121.5122077,25.03509969
111,8,30,10,19,2,05中正區,中正區重慶南路2段與愛國西路附近口,0,0,1,2,B01,8,1,5,50,4,1,1,5,4,5,7,1,1,1,4,1,1,13,1,54,3,10,1,1,7,15,1,4,1,6,,44,23,1,22,9,121.5122077,25.03509969
111,8,30,10,19,2,05中正區,中正區重慶南路2段與愛國西路附近口,0,0,1,3,H02,8,1,5,50,4,1,1,5,4,5,7,1,1,1,4,1,1,13,2,24,4,11,1,1,7,20,8,20,10,16,,67,23,1,22,9,121.5122077,25.03509969
111,8,30,10,31,2,08士林區,士林區福林路與福林路254巷口,0,0,1,1,B03,8,1,5,50,4,1,1,5,4,5,7,2,1,4,3,5,1,12,2,47,3,10,1,1,7,6,1,8,2,5,,9,9,1,22,9,121.5344746,25.09792127
111,8,30,10,31,2,08士林區,士林區福林路與福林路254巷口,0,0,1,2,C03,8,1,5,50,4,1,1,5,4,5,7,2,1,4,3,5,1,12,1,63,2,9,1,1,7,9,6,18,2,14,,44,9,1,22,9,121.5344746,25.09792127
111,8,30,10,34,2,02萬華區,萬華區西園路2段127號,0,0,2,1,C03,8,1,5,50,14,9,1,5,4,5,7,4,4,3,4,5,2,5,1,74,2,9,1,1,7,9,1,10,1,12,,43,43,1,22,9,121.4961634,25.02971208
111,8,30,10,34,2,02萬華區,萬華區西園路2段127號,0,0,2,2,H01,8,1,5,50,14,9,1,5,4,5,7,4,4,3,4,5,2,5,1,56,2,7,4,5,8,17,8,20,9,16,,67,43,1,22,9,121.4961634,25.02971208
111,8,30,10,52,2,04大安區,大安區大安路1段與市民大道4段口,0,0,1,1,C03,8,1,5,40,4,2,1,5,4,5,7,4,4,1,5,5,2,13,1,35,2,9,1,1,7,9,1,10,1,11,,23,23,1,22,9,121.5463328,25.0449579
111,8,30,10,52,2,04大安區,大安區大安路1段與市民大道4段口,0,0,1,2,B01,8,1,5,40,4,2,1,5,4,5,7,4,4,1,5,5,2,13,1,31,3,10,1,1,7,14,1,4,1,3,,26,23,1,22,9,121.5463328,25.0449579
111,8,30,11,0,2,05中正區,中正區館前路與開封街1段口,0,0,1,1,C03,8,1,5,50,3,1,1,5,4,5,7,4,4,10,4,5,2,17,1,60,2,8,1,1,7,5,1,10,2,14,,8,8,1,22,9,121.5148461,25.0462445
111,8,30,11,0,2,05中正區,中正區館前路與開封街1段口,0,0,1,2,B01,8,1,5,50,3,1,1,5,4,5,7,4,4,10,4,5,2,17,1,56,3,10,1,1,7,9,1,4,2,5,,26,8,1,22,9,121.5148461,25.0462445
111,8,30,11,1,2,09北投區,北投區裕民四路與裕民二路口,0,0,1,1,C04,8,1,5,50,3,1,1,5,4,5,7,4,4,5,5,5,2,16,2,72,2,9,1,1,7,5,1,10,2,12,,6,6,1,22,9,121.5168363,25.1152116
111,8,30,11,1,2,09北投區,北投區裕民四路與裕民二路口,0,0,1,2,B12,8,1,5,50,3,1,1,5,4,5,7,4,4,5,5,5,2,16,1,65,3,10,1,1,7,9,1,8,2,4,,23,6,1,22,9,121.5168363,25.1152116
111,8,30,11,29,2,04大安區,大安區延吉街70巷與延吉街70巷6弄口,0,0,2,2,C03,8,1,5,30,5,2,1,5,4,5,7,4,4,8,3,5,1,16,1,49,2,9,1,1,7,9,1,10,1,12,,23,19,1,22,9,121.5535971,25.04254
111,8,30,11,29,2,04大安區,大安區延吉街70巷與延吉街70巷6弄口,0,0,2,3,H02,8,1,5,30,5,2,1,5,4,5,7,4,4,8,3,5,1,16,2,78,2,9,4,5,7,21,8,20,10,16,,67,19,1,22,9,121.5535971,25.04254
111,8,30,11,29,2,04大安區,大安區延吉街70巷與延吉街70巷6弄口,0,0,2,1,G03,8,1,5,30,5,2,1,5,4,5,7,4,4,8,3,5,1,16,1,51,3,10,1,1,7,1,1,7,1,1,,19,19,1,22,9,121.5535971,25.04254
111,8,30,11,42,2,05中正區,中正區廣州街與愛國西路42巷口口,0,0,2,1,C03,8,1,5,30,14,9,1,5,4,5,7,4,4,9,4,5,2,11,1,56,2,9,1,1,7,5,1,10,2,14,,6,6,1,22,9,121.50853,25.0354819
111,8,30,11,42,2,05中正區,中正區廣州街與愛國西路42巷口口,0,0,2,2,C03,8,1,5,30,14,9,1,5,4,5,7,4,4,9,4,5,2,11,1,50,2,9,1,1,7,9,1,10,2,11,,13,6,1,22,9,121.50853,25.0354819
111,8,30,12,4,2,01大同區,大同區民樂街與歸綏街口,0,0,1,1,B01,8,1,5,50,4,2,1,5,4,5,7,4,4,5,5,5,2,3,1,68,3,10,3,4,7,9,6,4,2,5,,15,15,1,22,9,121.5106593,25.058227
111,8,30,12,4,2,01大同區,大同區民樂街與歸綏街口,0,0,1,2,H01,8,1,5,50,4,2,1,5,4,5,7,4,4,5,5,5,2,3,2,50,2,9,4,5,8,16,8,20,10,16,,67,15,1,22,9,121.5106593,25.058227
111,8,30,12,26,2,01大同區,大同區民族西路283號,0,0,1,1,B03,7,1,5,50,14,9,1,5,4,5,7,4,4,1,4,5,2,17,1,56,3,10,1,1,7,6,1,8,2,2,,9,9,1,22,9,121.5103518,25.0687899
111,8,30,12,26,2,01大同區,大同區民族西路283號,0,0,1,2,C03,7,1,5,50,14,9,1,5,4,5,7,4,4,1,4,5,2,17,1,51,2,9,1,1,7,9,6,18,2,11,,44,9,1,22,9,121.5103518,25.0687899
111,8,30,12,30,2,11南港區,南港區舊莊街1段與舊莊街1段91巷口,0,0,2,1,C03,8,1,5,50,3,1,1,5,4,5,7,3,1,4,3,5,2,16,1,31,2,7,3,4,7,9,1,10,2,12,,4,4,1,22,9,121.6191209,25.0407664
111,8,30,12,30,2,11南港區,南港區舊莊街1段與舊莊街1段91巷口,0,0,2,2,C03,8,1,5,50,3,1,1,5,4,5,7,3,1,4,3,5,2,16,1,66,2,9,3,4,7,5,1,10,2,14,,44,4,1,22,9,121.6191209,25.0407664
111,8,30,12,48,2,04大安區,大安區仁愛路4段27巷與大安路1段126巷口,0,0,1,1,C03,8,1,5,30,4,1,1,5,4,5,7,4,4,10,4,5,2,15,1,51,2,9,1,1,7,9,1,10,1,11,,26,26,1,22,9,121.5452104,25.039357
111,8,30,12,48,2,04大安區,大安區仁愛路4段27巷與大安路1段126巷口,0,0,1,2,B11,8,1,5,30,4,1,1,5,4,5,7,4,4,10,4,5,2,15,1,47,3,10,1,1,7,9,1,10,1,1,,44,26,1,22,9,121.5452104,25.039357
111,8,30,13,10,2,11南港區,南港區市民大道8段32號,0,0,2,1,C03,8,1,5,50,14,9,1,5,4,5,7,4,4,1,4,5,2,13,1,27,2,9,1,1,7,9,1,10,1,11,,23,23,1,22,9,121.6021809,25.05259378
111,8,30,13,10,2,11南港區,南港區市民大道8段32號,0,0,2,2,C03,8,1,5,50,14,9,1,5,4,5,7,4,4,1,4,5,2,13,1,22,2,9,1,1,7,7,1,10,1,13,,7,23,1,22,9,121.6021809,25.05259378
111,8,30,13,26,2,01大同區,大同區庫倫街與酒泉街9巷口,0,0,1,2,B01,8,1,5,50,3,2,1,5,4,5,7,1,1,9,4,5,1,12,1,58,2,9,1,3,7,5,1,4,1,5,,44,8,1,22,9,121.5200202,25.0718752
111,8,30,13,26,2,01大同區,大同區庫倫街與酒泉街9巷口,0,0,1,1,A03,8,1,5,50,3,2,1,5,4,5,7,1,1,9,4,5,1,12,1,44,3,10,1,1,7,5,1,2,9,7,,8,8,1,22,9,121.5200202,25.0718752
111,8,30,14,35,2,05中正區,中正區延平南路與武昌街1段口,0,0,2,1,C03,8,1,5,50,4,1,1,5,4,5,7,4,4,10,5,5,2,15,1,62,2,9,1,1,7,9,1,10,2,11,,6,6,1,22,9,121.5101481,25.04415274
111,8,30,14,35,2,05中正區,中正區延平南路與武昌街1段口,0,0,2,2,C03,8,1,5,50,4,1,1,5,4,5,7,4,4,10,5,5,2,15,1,58,2,9,1,1,7,9,1,10,2,11,,14,6,1,22,9,121.5101481,25.04415274
111,8,30,14,40,2,09北投區,北投區承德路7段與石牌路1段口,0,0,1,1,C03,6,1,5,50,4,1,1,4,4,5,7,2,1,1,1,4,2,18,2,29,2,9,1,1,7,6,1,10,1,12,,42,42,1,22,9,121.5094816,25.11253041
111,8,30,14,40,2,09北投區,北投區承德路7段與石牌路1段口,0,0,1,2,,6,1,5,50,4,1,1,4,4,5,7,2,1,1,1,4,2,18,3,,,,,,,,,,,,,67,42,1,,,121.5094816,25.11253041
111,8,30,15,0,2,07信義區,信義區松智路與松智路39巷口,0,0,1,1,B03,8,1,5,50,3,1,1,4,4,5,7,4,4,9,5,5,2,12,1,51,3,10,3,4,7,8,1,8,1,15,,7,7,1,22,9,121.565341,25.02964759
111,8,30,15,0,2,07信義區,信義區松智路與松智路39巷口,0,0,1,2,C03,8,1,5,50,3,1,1,4,4,5,7,4,4,9,5,5,2,12,1,49,3,10,3,4,7,9,1,10,1,14,,44,7,1,22,9,121.565341,25.02964759
111,8,30,15,0,2,07信義區,信義區松智路與松智路39巷口,0,0,1,3,C03,8,1,5,50,3,1,1,4,4,5,7,4,4,9,5,5,2,12,2,25,2,9,3,4,7,9,1,10,1,14,,42,7,1,22,9,121.565341,25.02964759
111,8,30,15,5,2,12內湖區,內湖區舊宗路2段207號,0,0,1,1,C03,8,1,5,50,14,9,1,5,4,5,7,4,4,1,5,5,1,12,1,23,2,7,3,4,7,9,1,10,1,11,,13,13,1,22,9,121.5739332,25.0727938
111,8,30,15,5,2,12內湖區,內湖區舊宗路2段207號,0,0,1,2,C03,8,1,5,50,14,9,1,5,4,5,7,4,4,1,5,5,1,12,1,34,3,10,3,4,7,8,1,10,1,15,,7,13,1,22,9,121.5739332,25.0727938
111,8,30,15,6,2,12內湖區,內湖區民權東路6段56巷與行忠路口,0,0,1,1,B01,8,1,5,50,4,1,1,5,4,5,7,1,1,5,4,5,2,11,1,56,3,10,1,1,7,5,1,4,1,5,,6,6,1,22,9,121.5856535,25.06631991
111,8,30,15,6,2,12內湖區,內湖區民權東路6段56巷與行忠路口,0,0,1,2,C03,8,1,5,50,4,1,1,5,4,5,7,1,1,5,4,5,2,11,1,24,2,9,1,1,7,9,1,10,1,11,,44,6,1,22,9,121.5856535,25.06631991
111,8,30,15,11,2,02萬華區,萬華區忠孝西路2段與西寧南路口,0,0,2,3,H02,8,1,5,50,4,1,1,5,4,5,7,2,1,3,4,5,2,16,2,30,2,9,1,5,7,20,8,20,10,16,,67,,1,22,9,121.5075804,25.04856198
111,8,30,15,11,2,02萬華區,萬華區忠孝西路2段與西寧南路口,0,0,2,1,A02,8,1,5,50,4,1,1,5,4,5,7,2,1,3,4,5,2,16,1,46,3,10,1,4,7,9,1,2,1,5,,25,,1,22,9,121.5075804,25.04856198
111,8,30,15,11,2,02萬華區,萬華區忠孝西路2段與西寧南路口,0,0,2,2,C03,8,1,5,50,4,1,1,5,4,5,7,2,1,3,4,5,2,16,2,63,2,9,1,1,7,5,1,10,1,14,,44,,1,22,9,121.5075804,25.04856198
111,8,30,15,40,2,06松山區,松山區塔悠路351號,0,0,1,1,B03,8,1,5,50,14,9,1,5,4,5,7,4,4,9,4,5,2,17,1,52,3,10,1,1,7,6,1,8,1,2,,9,9,1,22,9,121.5685695,25.06225997
111,8,30,15,40,2,06松山區,松山區塔悠路351號,0,0,1,2,C03,8,1,5,50,14,9,1,5,4,5,7,4,4,9,4,5,2,17,2,29,2,9,1,1,7,9,1,10,1,14,,44,9,1,22,9,121.5685695,25.06225997
111,8,30,15,49,2,04大安區,大安區忠孝東路4段300號,0,0,1,1,C03,8,1,5,50,14,9,1,5,4,5,7,4,4,1,4,5,2,13,2,20,2,9,1,1,7,7,1,10,2,12,,7,7,1,22,9,121.5561549,25.041266
111,8,30,15,49,2,04大安區,大安區忠孝東路4段300號,0,0,1,2,A04,8,1,5,50,14,9,1,5,4,5,7,4,4,1,4,5,2,13,1,57,3,10,1,1,7,14,1,2,2,7,,44,7,1,22,9,121.5561549,25.041266
111,8,30,15,49,2,04大安區,大安區忠孝東路4段300號,0,0,1,3,C03,8,1,5,50,14,9,1,5,4,5,7,4,4,1,4,5,2,13,1,65,3,10,1,1,7,9,1,10,2,13,,44,7,1,22,9,121.5561549,25.041266
111,8,30,15,54,2,04大安區,大安區基隆路4段與羅斯福路4段口,0,0,1,1,C03,6,1,5,50,4,1,1,4,4,5,7,2,1,1,4,5,1,15,2,26,2,9,3,4,7,15,1,10,2,12,,23,23,1,22,9,121.5374482,25.0110717
111,8,30,15,54,2,04大安區,大安區基隆路4段與羅斯福路4段口,0,0,1,2,C03,6,1,5,50,4,1,1,4,4,5,7,2,1,1,4,5,1,15,1,32,3,10,3,4,7,9,1,10,2,15,,44,23,1,22,9,121.5374482,25.0110717
111,8,30,16,5,2,10文山區,文山區忠順街1段26巷與忠順街1段26巷27弄口口,0,0,1,1,C03,8,1,5,30,4,1,1,5,4,5,7,4,4,8,5,5,2,15,2,56,2,9,1,1,7,9,1,10,2,12,,6,6,1,22,9,121.5598112,24.98206211
111,8,30,16,5,2,10文山區,文山區忠順街1段26巷與忠順街1段26巷27弄口口,0,0,1,2,B02,8,1,5,30,4,1,1,5,4,5,7,4,4,8,5,5,2,15,1,67,3,10,3,4,7,9,1,8,2,8,,23,6,1,22,9,121.5598112,24.98206211
111,8,30,16,34,2,05中正區,中正區重慶南路1段與貴陽街1段口,0,0,2,1,B01,8,1,5,50,4,2,1,5,4,5,7,1,1,9,4,5,2,13,1,56,3,10,1,1,7,1,1,8,2,1,,23,23,1,22,9,121.5125748,25.0387972
111,8,30,16,34,2,05中正區,中正區重慶南路1段與貴陽街1段口,0,0,2,2,C03,8,1,5,50,4,2,1,5,4,5,7,1,1,9,4,5,2,13,1,36,2,9,1,1,7,14,1,10,2,13,,44,23,1,22,9,121.5125748,25.0387972
111,8,30,16,34,2,05中正區,中正區重慶南路1段與貴陽街1段口,0,0,2,3,C03,8,1,5,50,4,2,1,5,4,5,7,1,1,9,4,5,2,13,1,48,2,7,1,1,7,14,1,10,2,13,,44,23,1,22,9,121.5125748,25.0387972
111,8,30,16,40,2,01大同區,大同區大龍街91巷與承德路3段108巷28弄口,0,0,2,1,C03,7,1,5,30,4,1,1,5,4,5,7,4,4,5,2,5,2,15,2,28,2,9,1,1,7,9,1,10,1,11,,6,6,1,22,9,121.5174805,25.0672995
111,8,30,16,40,2,01大同區,大同區大龍街91巷與承德路3段108巷28弄口,0,0,2,2,C03,7,1,5,30,4,1,1,5,4,5,7,4,4,5,2,5,2,15,1,40,2,9,1,1,7,9,1,10,1,14,,14,6,1,22,9,121.5174805,25.0672995
111,8,30,16,40,2,10文山區,文山區木柵路1段191巷12號(對面),0,0,1,1,C03,7,1,8,30,14,20,4,4,4,5,7,4,4,10,5,5,2,18,1,22,2,7,3,4,7,9,1,10,2,12,,42,42,1,21,8,121.5512189,24.9882239
111,8,30,16,40,2,12內湖區,內湖區安康路25巷內,0,0,1,1,C03,8,1,5,50,14,9,1,5,4,5,7,4,4,5,1,5,2,16,1,43,4,11,3,4,7,15,7,19,11,15,,23,23,2,22,9,121.6040118,25.0639603
111,8,30,16,40,2,12內湖區,內湖區安康路25巷內,0,0,1,2,C03,8,1,5,50,14,9,1,5,4,5,7,4,4,5,1,5,2,16,1,71,2,9,1,1,7,9,1,10,11,14,,17,23,1,22,9,121.6040118,25.0639603
111,8,30,17,1,2,01大同區,大同區承德路3段與敦煌路口,0,0,1,1,F01,8,1,5,0,14,9,1,5,4,5,7,4,4,1,4,5,2,12,1,59,2,9,1,1,7,21,8,20,8,15,,43,43,1,22,9,121.5200966,25.07463749
111,8,30,17,1,2,01大同區,大同區承德路3段與敦煌路口,0,0,1,2,C03,8,1,5,0,14,9,1,5,4,5,7,4,4,1,4,5,2,12,1,29,3,10,3,4,7,15,1,10,2,12,,44,43,1,22,9,121.5200966,25.07463749
111,8,30,17,12,2,12內湖區,內湖區潭美街351號對面,0,0,1,1,B03,8,1,5,40,14,9,1,5,4,5,7,1,1,9,5,5,2,12,1,36,3,10,1,1,7,9,1,8,1,5,,23,23,1,22,9,121.5912726,25.05969726
111,8,30,17,12,2,12內湖區,內湖區潭美街351號對面,0,0,1,2,C03,8,1,5,40,14,9,1,5,4,5,7,1,1,9,5,5,2,12,2,21,2,8,1,1,7,7,1,10,1,14,,7,23,1,22,9,121.5912726,25.05969726
111,8,30,17,15,2,03中山區,中山區民權東路2段132號,0,0,1,1,C03,8,1,5,50,14,9,1,5,4,5,7,1,1,1,4,5,1,13,1,20,2,8,1,1,7,9,1,10,1,11,,16,16,1,22,9,121.5330683,25.06246133
111,8,30,17,15,2,03中山區,中山區民權東路2段132號,0,0,1,2,B02,8,1,5,50,14,9,1,5,4,5,7,1,1,1,4,5,1,13,1,41,3,10,1,1,7,12,1,8,1,3,,44,16,1,22,9,121.5330683,25.06246133
111,8,30,17,20,2,12內湖區,內湖區東湖路113巷與東湖路113巷95弄口,0,0,2,1,C03,8,1,5,30,3,1,1,5,4,5,7,4,4,9,5,5,2,16,2,52,2,8,1,1,7,5,1,10,2,12,,6,6,1,22,9,121.6155242,25.0739211
111,8,30,17,20,2,12內湖區,內湖區東湖路113巷與東湖路113巷95弄口,0,0,2,2,C03,8,1,5,30,3,1,1,5,4,5,7,4,4,9,5,5,2,16,1,35,2,9,1,1,7,9,1,10,2,14,,14,6,1,22,9,121.6155242,25.0739211
111,8,30,17,23,2,08士林區,士林區重陽橋270669號電燈桿,0,0,1,1,C03,8,1,5,25,8,11,1,5,4,5,7,4,4,4,4,5,1,18,1,27,2,9,1,1,7,9,1,10,1,12,,42,42,1,22,9,121.502856,25.08524613
111,8,30,17,23,2,08士林區,士林區重陽橋270669號電燈桿,0,0,1,2,,8,1,5,25,8,11,1,5,4,5,7,4,4,4,4,5,1,18,3,,,,,,,,,,,,,67,42,1,,,121.502856,25.08524613
111,8,30,17,38,2,05中正區,中正區中華路1段與漢口街口側附近1段口,0,0,2,1,C03,8,1,5,50,14,8,1,5,4,5,7,2,1,9,4,4,1,13,2,56,2,8,1,1,7,9,1,10,1,11,,43,43,1,21,1,121.5093058,25.0449104
111,8,30,17,38,2,05中正區,中正區中華路1段與漢口街口側附近1段口,0,0,2,2,C03,8,1,5,50,14,8,1,5,4,5,7,2,1,9,4,4,1,13,1,28,3,10,1,1,7,14,1,10,1,13,,43,43,1,21,5,121.5093058,25.0449104
111,8,30,17,38,2,05中正區,中正區中華路1段與漢口街口側附近1段口,0,0,2,3,H02,8,1,5,50,14,8,1,5,4,5,7,2,1,9,4,4,1,13,2,26,2,8,1,5,7,20,8,20,10,16,,67,43,1,18,5,121.5093058,25.0449104
111,8,30,17,39,2,03中山區,中山區民權西路與天祥路口,0,0,1,2,B03,8,3,5,50,14,7,1,5,4,5,7,1,1,1,4,4,2,12,1,23,3,10,1,1,7,8,1,8,1,8,,44,7,1,22,9,121.5208181,25.0628821
111,8,30,17,39,2,03中山區,中山區民權西路與天祥路口,0,0,1,1,C03,8,3,5,50,14,7,1,5,4,5,7,1,1,1,4,4,2,12,1,32,2,9,1,1,7,8,1,10,1,12,,7,7,1,22,9,121.5208181,25.0628821
111,8,30,17,39,2,03中山區,中山區民權西路與天祥路口,0,0,1,3,B03,8,3,5,50,14,7,1,5,4,5,7,1,1,1,4,4,2,12,1,38,3,10,1,1,7,14,1,8,1,2,,44,7,1,22,9,121.5208181,25.0628821
111,8,30,17,50,2,09北投區,北投區承德路7段與石牌路1段口,0,0,3,1,C03,8,1,5,60,3,2,1,5,4,5,7,2,1,8,3,5,2,17,1,46,2,9,1,1,7,9,1,9,1,12,,17,17,1,22,9,121.5093082,25.11252134
111,8,30,17,50,2,09北投區,北投區承德路7段與石牌路1段口,0,0,3,2,C03,8,1,5,60,3,2,1,5,4,5,7,2,1,8,3,5,2,17,1,68,2,9,1,1,7,9,6,18,1,14,,17,17,1,22,9,121.5093082,25.11252134
111,8,30,17,50,2,09北投區,北投區承德路7段與石牌路1段口,0,0,3,3,C03,8,1,5,60,3,2,1,5,4,5,7,2,1,8,3,5,2,17,1,54,2,9,1,1,7,9,1,10,1,13,,44,17,1,22,9,121.5093082,25.11252134