發生年度,發生月,發生日,發生時-Hours,發生分,處理別-編號,區序,肇事地點,死亡人數,2-30日死亡人數,受傷人數,當事人序號,車種,天候,光線,道路類別,速限-速度限制,道路型態,事故位置,路面狀況1,路面狀況2,路面狀況3,道路障礙1,道路障礙2,號誌1,號誌2,車道劃分-分向,車道劃分-分道1,車道劃分-分道2,車道劃分-分道3,事故類型及型態,性別,年齡,受傷程度,主要傷處,安全帽,行動電話,車輛用途,當事者行動狀態,駕駛資格情形,駕駛執照種類,飲酒情形,車輛撞擊部位1,車輛撞擊部位2,肇因碼-個別,肇因碼-主要,個人肇逃否,職業,旅次目的,座標-X,座標-Y
111,8,30,18,30,2,11南港區,南港區昆陽街64號與昆陽街口,0,0,1,1,C03,8,3,5,30,3,2,1,5,4,5,7,4,4,9,5,5,2,3,2,43,3,10,3,4,7,9,1,10,2,11,,23,23,1,22,9,121.5930325,25.05255511
111,8,30,18,30,2,11南港區,南港區昆陽街64號與昆陽街口,0,0,1,2,H01,8,3,5,30,3,2,1,5,4,5,7,4,4,9,5,5,2,3,2,52,2,9,4,5,8,16,8,20,10,16,,51,23,1,22,9,121.5930325,25.05255511
111,8,30,19,0,2,12內湖區,內湖區新湖一路361號前,0,0,2,1,C03,8,3,5,40,14,9,1,5,4,5,7,4,4,9,5,5,2,16,1,32,2,9,1,1,7,1,1,10,1,13,,19,19,1,22,9,121.5843002,25.06396974
111,8,30,19,0,2,12內湖區,內湖區新湖一路361號前,0,0,2,2,C03,8,3,5,40,14,9,1,5,4,5,7,4,4,9,5,5,2,16,1,44,2,9,1,1,7,9,1,10,1,11,,44,19,1,22,9,121.5843002,25.06396974
111,8,30,19,1,2,05中正區,中正區中華路2段與愛國西路口,0,0,1,1,B03,8,3,5,50,5,2,1,5,4,5,7,1,1,3,4,5,2,16,1,50,3,10,1,1,7,6,1,8,2,5,,23,23,1,22,9,121.5070431,25.0370333
111,8,30,19,1,2,05中正區,中正區中華路2段與愛國西路口,0,0,1,2,F01,8,3,5,50,5,2,1,5,4,5,7,1,1,3,4,5,2,16,2,71,2,9,1,1,7,11,8,20,2,16,,11,23,1,22,9,121.5070431,25.0370333
111,8,30,19,8,2,12內湖區,內湖區文德路與內湖路2段76巷口,0,0,1,1,H02,7,3,5,40,4,1,1,5,4,5,7,1,1,1,4,4,2,9,2,67,2,9,3,5,7,20,8,20,10,16,,58,58,1,22,9,121.5811268,25.07853465
111,8,30,19,8,2,12內湖區,內湖區文德路與內湖路2段76巷口,0,0,1,2,A02,7,3,5,40,4,1,1,5,4,5,7,1,1,1,4,4,2,9,1,54,3,10,1,1,7,9,1,2,11,15,,44,58,1,22,9,121.5811268,25.07853465
111,8,30,19,8,2,12內湖區,內湖區文德路與內湖路2段76巷口,0,0,1,3,,7,3,5,40,4,1,1,5,4,5,7,1,1,1,4,4,2,9,4,,4,11,3,4,7,15,7,19,11,15,,43,58,2,22,9,121.5811268,25.07853465
111,8,30,19,55,2,09北投區,北投區公館路與西安街2段口,0,0,1,1,C03,8,3,5,50,4,2,1,5,4,5,7,2,1,5,4,5,2,16,2,54,2,9,1,1,7,7,1,10,1,14,,7,7,1,22,9,121.5026893,25.12152898
111,8,30,19,55,2,09北投區,北投區公館路與西安街2段口,0,0,1,2,B03,8,3,5,50,4,2,1,5,4,5,7,2,1,5,4,5,2,16,1,29,3,10,1,1,7,9,1,8,1,5,,44,7,1,22,9,121.5026893,25.12152898
111,8,30,22,14,2,03中山區,中山區中山北路1段140巷與長安西路19巷2弄口,0,0,1,1,C03,8,3,5,30,3,1,1,5,4,5,7,4,4,10,5,5,2,17,2,53,3,10,1,1,7,9,1,10,1,15,,6,6,1,22,9,121.5203904,25.0514165
111,8,30,22,14,2,03中山區,中山區中山北路1段140巷與長安西路19巷2弄口,0,0,1,2,C03,8,3,5,30,3,1,1,5,4,5,7,4,4,10,5,5,2,17,1,19,2,9,1,1,7,9,1,10,1,14,,14,6,1,22,9,121.5203904,25.0514165
111,8,31,0,10,2,02萬華區,萬華區長沙街2段與環河南路1段口,0,0,2,1,C03,8,3,5,50,3,2,1,5,4,5,7,3,1,5,4,5,2,17,1,33,2,9,1,1,7,5,1,10,1,13,,6,6,1,22,9,121.4995681,25.04150535
111,8,31,0,10,2,02萬華區,萬華區長沙街2段與環河南路1段口,0,0,2,2,C03,8,3,5,50,3,2,1,5,4,5,7,3,1,5,4,5,2,17,1,22,2,9,2,1,7,9,1,9,1,11,,14,6,1,22,9,121.4995681,25.04150535
111,8,31,0,55,2,12內湖區,內湖區金龍路67巷與金龍路口,0,0,2,1,C03,8,1,5,50,4,1,1,5,4,5,7,1,1,10,4,5,2,16,1,19,2,9,1,1,7,5,1,10,2,14,,25,25,1,22,9,121.592672,25.08501249
111,8,31,0,55,2,12內湖區,內湖區金龍路67巷與金龍路口,0,0,2,2,C03,8,1,5,50,4,1,1,5,4,5,7,1,1,10,4,5,2,16,1,19,2,9,1,1,7,9,1,10,2,11,,44,25,1,22,9,121.592672,25.08501249
111,8,31,4,50,2,09北投區,北投區大度路3段168號,0,0,1,1,C03,8,3,5,50,14,8,1,5,4,5,7,3,1,1,4,4,2,21,1,23,2,9,1,1,7,9,1,10,1,11,,22,22,1,22,9,121.4688718,25.12321994
111,8,31,4,50,2,09北投區,北投區大度路3段168號,0,0,1,2,,8,3,5,50,14,8,1,5,4,5,7,3,1,1,4,4,2,21,3,,,,,,,,,,,,,67,22,1,,,121.4688718,25.12321994
111,8,31,7,12,2,02萬華區,萬華區萬大路215號,0,0,2,1,C03,8,1,5,30,14,9,1,5,4,5,7,4,4,10,3,5,2,13,1,29,3,10,3,4,7,6,1,10,1,13,,9,9,1,22,9,121.5005888,25.02719281
111,8,31,7,12,2,02萬華區,萬華區萬大路215號,0,0,2,2,C03,8,1,5,30,14,9,1,5,4,5,7,4,4,10,3,5,2,13,2,50,2,9,3,4,7,9,1,10,1,14,,44,9,1,22,9,121.5005888,25.02719281
111,8,31,7,12,2,02萬華區,萬華區萬大路215號,0,0,2,3,H02,8,1,5,30,14,9,1,5,4,5,7,4,4,10,3,5,2,13,2,13,2,9,4,4,7,20,8,20,10,16,,67,9,1,22,9,121.5005888,25.02719281
111,8,31,7,14,2,09北投區,北投區中和街與復興一路口,0,0,2,1,C03,8,1,5,50,3,2,1,5,4,5,7,4,4,5,5,5,1,3,2,50,2,9,1,1,7,9,1,10,1,11,,43,43,1,22,9,121.5018397,25.1389329
111,8,31,7,14,2,09北投區,北投區中和街與復興一路口,0,0,2,2,H01,8,1,5,50,3,2,1,5,4,5,7,4,4,5,5,5,1,3,1,15,2,9,4,5,8,16,8,20,11,16,,67,43,1,22,9,121.5018397,25.1389329
111,8,31,7,30,2,07信義區,信義區永吉路180巷與永吉路180巷67弄口,0,0,1,1,C03,8,1,5,30,4,1,1,5,4,5,7,4,4,5,5,5,1,12,1,28,2,9,1,1,7,9,1,10,1,14,,23,23,1,22,9,121.571478,25.0435244
111,8,31,7,30,2,07信義區,信義區永吉路180巷與永吉路180巷67弄口,0,0,1,2,B02,8,1,5,30,4,1,1,5,4,5,7,4,4,5,5,5,1,12,1,46,3,10,1,1,7,6,1,8,1,5,,44,23,1,22,9,121.571478,25.0435244
111,8,31,7,30,2,07信義區,信義區永吉路180巷與永吉路180巷67弄口,0,0,1,3,C03,8,1,5,30,4,1,1,5,4,5,7,4,4,5,5,5,1,12,1,51,3,10,3,1,7,13,1,10,1,12,,38,23,1,22,9,121.571478,25.0435244
111,8,31,7,33,2,11南港區,南港區南深路80號,0,0,1,1,C03,8,1,5,30,11,7,1,5,4,5,6,4,4,5,2,4,2,18,1,21,2,9,1,4,7,15,1,10,2,12,,13,13,1,22,9,121.6222152,25.0188074
111,8,31,7,33,2,11南港區,南港區南深路80號,0,0,1,2,,8,1,5,30,11,7,1,5,4,5,6,4,4,5,2,4,2,18,3,,,,,,,,,,,,,67,13,1,,,121.6222152,25.0188074
111,8,31,7,39,2,09北投區,北投區大度路2段12號燈桿,0,0,1,1,C03,8,1,5,50,14,12,1,5,4,5,7,4,4,3,4,3,2,13,1,20,2,9,3,4,7,9,1,10,1,11,,16,16,1,22,9,121.478369,25.122366
111,8,31,7,39,2,09北投區,北投區大度路2段12號燈桿,0,0,1,2,C03,8,1,5,50,14,12,1,5,4,5,7,4,4,3,4,3,2,13,1,37,3,10,3,4,7,9,1,10,1,13,,44,16,1,22,9,121.478369,25.122366
111,8,31,7,45,2,09北投區,北投區承德路7段303號,0,0,1,1,C03,8,1,5,60,14,8,1,5,4,5,7,4,4,1,4,4,2,17,1,34,3,10,1,1,7,15,1,10,1,13,,42,42,1,22,9,121.5040671,25.11698393
111,8,31,7,45,2,09北投區,北投區承德路7段303號,0,0,1,2,C03,8,1,5,60,14,8,1,5,4,5,7,4,4,1,4,4,2,17,2,39,2,9,1,1,7,9,1,10,1,11,,44,42,1,22,9,121.5040671,25.11698393
111,8,31,7,45,2,09北投區,北投區石牌路1段166巷與致遠一路2段12巷口,0,0,1,1,C03,8,1,5,30,3,1,1,5,4,5,7,4,4,10,5,5,2,9,1,44,3,10,3,4,7,9,1,10,1,11,,43,43,1,22,9,121.512481,25.11375233
111,8,31,7,45,2,09北投區,北投區石牌路1段166巷與致遠一路2段12巷口,0,0,1,2,H01,8,1,5,30,3,1,1,5,4,5,7,4,4,10,5,5,2,9,2,86,2,3,4,5,8,20,8,20,1,16,,67,43,1,22,9,121.512481,25.11375233
111,8,31,7,46,2,03中山區,中山區民權東路3段48號,0,0,1,1,C03,8,1,5,50,14,9,1,5,4,5,7,4,4,1,3,5,1,13,1,45,2,9,1,4,7,9,1,10,2,11,,16,16,1,22,9,121.5417106,25.06226284
111,8,31,7,46,2,03中山區,中山區民權東路3段48號,0,0,1,2,B03,8,1,5,50,14,9,1,5,4,5,7,4,4,1,3,5,1,13,1,45,3,10,3,4,7,9,1,8,2,7,,44,16,1,22,9,121.5417106,25.06226284
111,8,31,7,49,2,04大安區,大安區辛亥路3段157巷與辛亥路3段157巷24弄口,0,0,1,1,F01,8,1,5,0,3,2,1,5,4,5,7,4,4,10,5,5,1,17,1,78,2,9,1,1,7,11,8,20,2,16,,11,11,1,22,9,121.5504945,25.0180661
111,8,31,7,49,2,04大安區,大安區辛亥路3段157巷與辛亥路3段157巷24弄口,0,0,1,2,C03,8,1,5,0,3,2,1,5,4,5,7,4,4,10,5,5,1,17,1,26,3,10,3,4,7,6,1,10,2,12,,6,11,1,22,9,121.5504945,25.0180661
111,8,31,7,50,2,06松山區,松山區八德路4段72巷與八德路4段106巷4弄口,0,0,1,1,B12,8,1,5,30,4,1,1,5,4,5,7,4,4,10,5,5,2,15,1,26,3,10,1,4,7,9,1,8,1,4,,14,14,1,22,9,121.5601828,25.0474528
111,8,31,7,50,2,06松山區,松山區八德路4段72巷與八德路4段106巷4弄口,0,0,1,2,C03,8,1,5,30,4,1,1,5,4,5,7,4,4,10,5,5,2,15,2,25,2,9,1,4,7,9,1,10,1,11,,6,14,1,22,9,121.5601828,25.0474528
111,8,31,7,50,2,11南港區,南港區南港路3段102號,0,0,1,1,C03,8,1,5,50,14,9,1,5,4,5,7,4,4,4,3,5,2,17,1,41,2,9,3,4,7,21,6,18,1,11,,23,23,1,22,9,121.5908135,25.0538518
111,8,31,7,50,2,11南港區,南港區南港路3段102號,0,0,1,2,B12,8,1,5,50,14,9,1,5,4,5,7,4,4,4,3,5,2,17,1,50,3,10,3,4,7,13,1,8,1,3,,44,23,1,22,9,121.5908135,25.0538518
111,8,31,7,54,2,05中正區,中正區忠孝東路2段7號前,0,0,1,1,B03,8,1,5,50,14,9,1,5,4,5,7,2,1,9,4,4,1,17,2,63,3,10,1,1,7,14,1,8,2,2,,38,1,1,19,5,121.5273065,25.0439624
111,8,31,7,54,2,05中正區,中正區忠孝東路2段7號前,0,0,1,2,C03,8,1,5,50,14,9,1,5,4,5,7,2,1,9,4,4,1,17,2,58,2,9,1,1,7,9,1,10,2,11,,44,1,1,21,1,121.5273065,25.0439624
111,8,31,7,54,2,05中正區,中正區忠孝東路2段7號前,0,0,1,3,H02,8,1,5,50,14,9,1,5,4,5,7,2,1,9,4,4,1,17,2,22,3,10,4,5,7,19,8,20,10,16,,56,1,1,21,1,121.5273065,25.0439624
111,8,31,7,54,2,05中正區,中正區忠孝東路2段7號前,0,0,1,4,C03,8,1,5,50,14,9,1,5,4,5,7,2,1,9,4,4,1,17,1,41,3,10,3,1,7,13,1,10,9,14,,44,1,1,21,1,121.5273065,25.0439624
111,8,31,7,54,2,05中正區,中正區忠孝東路2段7號前,0,0,1,5,F02,8,1,5,50,14,9,1,5,4,5,7,2,1,9,4,4,1,17,1,45,4,11,3,4,7,13,8,20,11,15,,44,1,1,22,9,121.5273065,25.0439624
111,8,31,8,5,2,04大安區,大安區羅斯福路2段67號,0,0,1,1,C03,8,1,5,50,14,9,1,5,4,5,7,4,4,8,3,5,1,13,2,26,2,9,1,1,7,9,1,10,1,11,,16,16,1,22,9,121.5227897,25.0266881
111,8,31,8,5,2,04大安區,大安區羅斯福路2段67號,0,0,1,2,B03,8,1,5,50,14,9,1,5,4,5,7,4,4,8,3,5,1,13,1,66,3,10,1,1,7,12,1,8,1,6,,44,16,1,22,9,121.5227897,25.0266881
111,8,31,8,5,2,04大安區,大安區羅斯福路2段67號,0,0,1,3,B03,8,1,5,50,14,9,1,5,4,5,7,4,4,8,3,5,1,13,1,56,3,10,1,1,7,9,1,8,1,4,,44,16,1,22,9,121.5227897,25.0266881
111,8,31,8,10,2,12內湖區,內湖區新明路與新明路312巷口口,0,0,2,1,C03,8,1,5,30,3,1,1,5,4,5,7,4,4,9,4,5,2,16,2,53,2,9,1,1,7,5,1,10,1,12,,6,6,1,22,9,121.581883,25.05539355
111,8,31,8,10,2,12內湖區,內湖區新明路與新明路312巷口口,0,0,2,2,C03,8,1,5,30,3,1,1,5,4,5,7,4,4,9,4,5,2,16,1,19,2,9,1,1,7,9,1,10,1,11,,14,6,1,22,9,121.581883,25.05539355
111,8,31,8,15,2,06松山區,松山區民權東路4段200號民權國小對面,0,0,2,1,B03,8,1,5,50,14,7,1,5,4,5,7,2,1,3,4,4,2,13,2,30,3,10,3,4,7,9,1,8,1,1,,23,23,1,22,9,121.5623023,25.06279035
111,8,31,8,15,2,06松山區,松山區民權東路4段200號民權國小對面,0,0,2,2,B03,8,1,5,50,14,7,1,5,4,5,7,2,1,3,4,4,2,13,2,48,3,10,1,4,7,14,1,8,1,3,,44,23,1,22,9,121.5623023,25.06279035
111,8,31,8,15,2,06松山區,松山區民權東路4段200號民權國小對面,0,0,2,3,H02,8,1,5,50,14,7,1,5,4,5,7,2,1,3,4,4,2,13,1,6,2,1,4,5,7,21,8,20,10,16,,67,23,1,22,9,121.5623023,25.06279035
111,8,31,8,15,2,06松山區,松山區民權東路4段200號民權國小對面,0,0,2,4,H02,8,1,5,50,14,7,1,5,4,5,7,2,1,3,4,4,2,13,2,9,2,1,4,5,7,21,8,20,10,16,,67,23,1,22,9,121.5623023,25.06279035
111,8,31,8,30,2,11南港區,南港區福德街373巷25號,0,0,1,1,H01,8,1,5,50,14,9,1,5,4,5,7,4,4,10,5,5,2,8,2,57,3,10,4,5,8,17,8,20,10,16,,51,51,1,22,9,121.5914092,25.03969431
111,8,31,8,30,2,11南港區,南港區福德街373巷25號,0,0,1,2,B01,8,1,5,50,14,9,1,5,4,5,7,4,4,10,5,5,2,8,1,60,3,10,3,4,7,7,1,4,2,6,,7,51,1,22,9,121.5914092,25.03969431
111,8,31,8,30,2,11南港區,南港區福德街373巷25號,0,0,1,3,H01,8,1,5,50,14,9,1,5,4,5,7,4,4,10,5,5,2,8,1,34,2,8,4,5,8,20,8,20,10,16,,67,51,1,22,9,121.5914092,25.03969431
111,8,31,8,47,2,05中正區,中正區信義路2段213號前,0,0,1,1,B03,8,1,5,50,14,9,1,5,4,5,7,4,4,9,4,5,1,17,4,,4,11,3,4,7,15,7,19,11,15,,43,43,2,22,9,121.5303821,25.0337715
111,8,31,8,47,2,05中正區,中正區信義路2段213號前,0,0,1,2,C03,8,1,5,50,14,9,1,5,4,5,7,4,4,9,4,5,1,17,1,39,2,7,1,1,7,9,1,10,9,14,,23,43,1,21,1,121.5303821,25.0337715
111,8,31,8,50,2,09北投區,北投區東華街1段與明德路口,0,0,1,1,B01,8,1,5,50,4,1,1,5,4,5,7,2,1,5,4,5,1,16,1,53,3,10,1,1,7,5,1,4,1,2,,43,43,1,22,9,121.5193387,25.10937275
111,8,31,8,50,2,09北投區,北投區東華街1段與明德路口,0,0,1,2,C03,8,1,5,50,4,1,1,5,4,5,7,2,1,5,4,5,1,16,1,21,2,9,1,1,7,9,1,10,1,11,,43,43,1,22,9,121.5193387,25.10937275
111,8,31,8,52,2,02萬華區,萬華區堤外便道與水源快速道路口匝道口,0,0,1,2,C03,8,1,5,50,3,1,1,5,4,5,7,4,4,8,3,5,2,16,1,31,2,9,1,4,7,9,1,10,1,14,,23,9,1,22,9,121.4980842,25.01607411
111,8,31,8,52,2,02萬華區,萬華區堤外便道與水源快速道路口匝道口,0,0,1,1,B03,8,1,5,50,3,1,1,5,4,5,7,4,4,8,3,5,2,16,2,37,3,10,3,4,7,6,1,8,1,2,,9,9,1,22,9,121.4980842,25.01607411
111,8,31,8,57,2,07信義區,信義區信義路4段與信義路4段450巷口,0,0,2,1,C03,8,1,5,50,3,1,1,5,4,5,7,4,4,3,5,5,2,16,2,36,2,8,3,4,7,6,1,10,1,14,,9,9,1,22,9,121.5578873,25.032922
111,8,31,8,57,2,07信義區,信義區信義路4段與信義路4段450巷口,0,0,2,2,G06,8,1,5,50,3,1,1,5,4,5,7,4,4,3,5,5,2,16,1,38,2,3,1,1,7,9,7,19,1,15,,42,9,1,22,9,121.5578873,25.032922
111,8,31,8,57,2,07信義區,信義區吳興街284巷22弄59-1號,0,0,1,1,C03,8,1,5,30,14,9,1,5,4,5,7,4,4,10,5,5,2,1,2,60,4,11,3,4,7,15,7,19,11,15,,23,23,2,22,9,121.562162,25.023853
111,8,31,8,57,2,07信義區,信義區吳興街284巷22弄59-1號,0,0,1,2,H01,8,1,5,30,14,9,1,5,4,5,7,4,4,10,5,5,2,1,2,27,2,4,4,5,8,16,8,20,10,16,,67,23,1,22,9,121.562162,25.023853
111,8,31,9,2,2,03中山區,中山區建國北路1段與建國北路1段57巷口,0,0,2,2,C03,8,1,5,50,3,1,1,5,4,5,7,4,4,1,3,5,1,16,2,24,2,9,1,4,7,9,1,10,1,14,,44,7,1,22,9,121.5370735,25.0505087
111,8,31,9,2,2,03中山區,中山區建國北路1段與建國北路1段57巷口,0,0,2,1,C03,8,1,5,50,3,1,1,5,4,5,7,4,4,1,3,5,1,16,2,23,2,7,1,4,7,8,1,10,1,12,,7,7,1,22,9,121.5370735,25.0505087
111,8,31,9,10,2,12內湖區,內湖區舊宗路2段207號前,0,0,1,1,B01,8,1,5,50,14,9,1,5,4,5,7,4,4,1,5,5,2,12,1,57,3,10,1,1,7,6,1,4,1,2,,9,9,1,22,9,121.5738234,25.07271946
111,8,31,9,10,2,12內湖區,內湖區舊宗路2段207號前,0,0,1,2,C03,8,1,5,50,14,9,1,5,4,5,7,4,4,1,5,5,2,12,1,33,2,9,1,1,7,9,1,10,1,14,,23,9,1,22,9,121.5738234,25.07271946
111,8,31,9,12,2,05中正區,中正區汀州路3段287號,0,0,2,1,C03,8,1,5,50,14,9,1,5,4,5,7,4,4,9,5,5,1,17,1,28,2,8,1,1,7,11,1,10,2,11,,10,10,1,22,9,121.5356229,25.01209777
111,8,31,9,12,2,05中正區,中正區汀州路3段287號,0,0,2,2,C03,8,1,5,50,14,9,1,5,4,5,7,4,4,9,5,5,1,17,1,58,2,9,1,1,7,9,1,10,2,14,,13,10,1,22,9,121.5356229,25.01209777
111,8,31,9,19,2,08士林區,士林區文林路與德行西路口,0,0,1,1,B03,8,1,5,50,4,2,1,5,4,5,7,2,1,5,5,5,1,17,2,40,3,10,1,1,7,6,1,8,1,5,,9,9,1,21,8,121.5196865,25.1033382
111,8,31,9,19,2,08士林區,士林區文林路與德行西路口,0,0,1,2,C03,8,1,5,50,4,2,1,5,4,5,7,2,1,5,5,5,1,17,1,27,2,9,1,1,7,5,1,10,1,14,,8,9,1,21,8,121.5196865,25.1033382
111,8,31,9,21,2,04大安區,大安區麗水街與金山南路2段185巷口,0,0,1,1,B01,8,1,5,30,4,1,1,5,4,5,7,4,4,10,5,5,1,15,1,44,3,10,3,4,7,9,1,4,1,5,,6,6,1,22,9,121.5282293,25.02814047
111,8,31,9,21,2,04大安區,大安區麗水街與金山南路2段185巷口,0,0,1,2,C03,8,1,5,30,4,1,1,5,4,5,7,4,4,10,5,5,1,15,1,36,2,9,3,4,7,9,1,10,1,11,,23,6,1,22,9,121.5282293,25.02814047
111,8,31,9,30,2,07信義區,信義區基隆路1段與東興路口,0,0,1,1,B03,8,1,5,50,4,1,1,5,4,5,7,1,1,1,4,5,1,17,1,46,3,10,1,1,7,9,1,8,1,2,,23,23,1,22,9,121.567176,25.0457771
111,8,31,9,30,2,07信義區,信義區基隆路1段與東興路口,0,0,1,2,B01,8,1,5,50,4,1,1,5,4,5,7,1,1,1,4,5,1,17,1,57,3,10,1,1,7,9,1,4,1,2,,26,23,1,22,9,121.567176,25.0457771
111,8,31,9,30,2,07信義區,信義區基隆路1段與東興路口,0,0,1,3,B03,8,1,5,50,4,1,1,5,4,5,7,1,1,1,4,5,1,17,1,27,2,5,1,1,7,6,1,8,1,8,,44,23,1,22,9,121.567176,25.0457771
111,8,31,9,48,2,03中山區,中山區中山北路1段112巷與長安西路5巷口,0,0,1,1,C03,8,3,5,30,4,1,1,5,4,5,7,4,4,10,5,5,2,11,2,48,2,9,3,4,7,6,1,10,1,11,,17,17,1,22,9,121.5209953,25.050631
111,8,31,9,48,2,03中山區,中山區中山北路1段112巷與長安西路5巷口,0,0,1,2,B01,8,3,5,30,4,1,1,5,4,5,7,4,4,10,5,5,2,11,1,67,3,10,3,4,7,5,1,4,1,8,,17,17,1,22,9,121.5209953,25.050631
111,8,31,10,4,2,03中山區,中山區中山北路4段往南圓山涵洞前機慢車專用道,0,0,2,1,C03,8,1,5,50,14,11,1,5,4,5,7,1,1,1,3,5,1,12,2,24,2,9,3,4,7,9,1,10,2,14,,17,17,1,22,9,121.5250703,25.076939
111,8,31,10,4,2,03中山區,中山區中山北路4段往南圓山涵洞前機慢車專用道,0,0,2,2,C03,8,1,5,50,14,11,1,5,4,5,7,1,1,1,3,5,1,12,2,24,2,9,3,4,7,14,1,10,2,12,,44,17,1,22,9,121.5250703,25.076939
111,8,31,10,5,2,12內湖區,內湖區內湖路2段76巷與文德路口,0,0,2,1,C03,8,1,5,50,4,1,1,5,4,5,7,1,1,1,4,5,2,16,2,59,2,9,1,1,7,9,1,10,11,11,,25,25,1,22,9,121.581172,25.07853104
111,8,31,10,5,2,12內湖區,內湖區內湖路2段76巷與文德路口,0,0,2,2,C01,8,1,5,50,4,1,1,5,4,5,7,1,1,1,4,5,2,16,1,54,2,9,1,1,7,9,1,9,2,11,,44,25,1,22,9,121.581172,25.07853104
111,8,31,10,30,2,04大安區,大安區仁愛路3段143巷與仁愛路3段123巷9弄口,0,0,1,1,B01,8,1,5,30,4,1,1,5,4,5,7,4,4,10,5,5,2,15,1,61,3,10,1,1,7,9,1,4,1,1,,6,6,1,22,9,121.5430211,25.0390511
111,8,31,10,30,2,04大安區,大安區仁愛路3段143巷與仁愛路3段123巷9弄口,0,0,1,2,C03,8,1,5,30,4,1,1,5,4,5,7,4,4,10,5,5,2,15,1,43,2,9,1,1,7,9,1,10,1,14,,13,6,1,22,9,121.5430211,25.0390511
111,8,31,10,48,2,04大安區,大安區基隆路4段與羅斯福路4段口,0,0,1,1,C03,8,1,5,50,16,9,1,5,4,5,7,2,1,8,3,5,1,12,1,26,3,10,1,1,7,15,1,10,1,14,,17,17,1,21,8,121.5373507,25.01110819
111,8,31,10,48,2,04大安區,大安區基隆路4段與羅斯福路4段口,0,0,1,2,C03,8,1,5,50,16,9,1,5,4,5,7,2,1,8,3,5,1,12,1,24,2,9,1,1,7,9,1,10,1,11,,17,17,1,5,1,121.5373507,25.01110819
111,8,31,10,53,2,03中山區,中山區農安街118號,0,0,1,1,C03,8,1,5,50,14,9,1,5,4,5,7,4,4,8,5,5,1,12,1,24,2,9,3,4,7,7,1,10,1,14,,7,7,1,22,9,121.5311154,25.0647858
111,8,31,10,53,2,03中山區,中山區農安街118號,0,0,1,2,B03,8,1,5,50,14,9,1,5,4,5,7,4,4,8,5,5,1,12,1,20,3,10,3,4,7,9,1,8,1,2,,44,7,1,22,9,121.5311154,25.0647858
111,8,31,11,35,2,03中山區,中山區吉林路與松江路362巷口,0,0,1,1,C03,8,1,5,50,4,2,1,5,4,5,7,4,4,8,3,4,1,15,1,25,2,7,1,1,7,9,1,10,1,12,,14,14,1,22,9,121.5303122,25.06199719
111,8,31,11,35,2,03中山區,中山區吉林路與松江路362巷口,0,0,1,2,C03,8,1,5,50,4,2,1,5,4,5,7,4,4,8,3,4,1,15,2,59,3,10,1,1,7,9,1,10,1,15,,6,14,1,22,9,121.5303122,25.06199719
111,8,31,11,55,2,10文山區,文山區辛亥路5段1號,0,0,2,1,F03,8,1,5,50,4,1,1,5,4,5,7,2,1,1,4,5,2,15,1,23,2,9,1,1,7,9,8,20,2,16,,44,44,1,22,9,121.5545659,25.00082599
111,8,31,11,55,2,10文山區,文山區辛亥路5段1號,0,0,2,2,C03,8,1,5,50,4,1,1,5,4,5,7,2,1,1,4,5,2,15,2,24,2,9,1,1,7,9,1,10,2,11,,25,44,1,22,9,121.5545659,25.00082599
111,8,31,12,5,2,09北投區,北投區大同街與大業路口,0,0,1,1,B01,8,1,5,50,4,1,1,5,4,5,7,1,1,5,4,5,2,16,1,67,3,10,3,4,7,9,1,4,1,2,,25,25,1,22,9,121.4990994,25.1369436
111,8,31,12,5,2,09北投區,北投區大同街與大業路口,0,0,1,2,C03,8,1,5,50,4,1,1,5,4,5,7,1,1,5,4,5,2,16,2,76,2,9,3,4,7,9,1,10,1,14,,44,25,1,22,9,121.4990994,25.1369436
111,8,31,12,7,2,11南港區,南港區南湖大橋與三重路79巷口,0,0,1,1,C03,8,1,5,50,14,9,1,5,2,5,7,4,4,3,4,5,1,17,1,22,2,9,1,1,7,9,1,10,1,12,,23,23,1,22,9,121.613907,25.0607359
111,8,31,12,7,2,11南港區,南港區南湖大橋與三重路79巷口,0,0,1,2,B03,8,1,5,50,14,9,1,5,2,5,7,4,4,3,4,5,1,17,1,57,3,10,1,1,7,8,1,8,1,7,,42,23,1,22,9,121.613907,25.0607359
111,8,31,12,7,2,11南港區,南港區南湖大橋與三重路79巷口,0,0,1,3,,8,1,5,50,14,9,1,5,2,5,7,4,4,3,4,5,1,17,3,,,,,,,,,,,,,61,23,1,,,121.613907,25.0607359
111,8,31,12,9,2,11南港區,南港區重陽路與重陽路263巷口,0,0,2,1,B01,8,1,5,50,4,2,1,5,4,5,7,4,4,9,4,5,2,16,1,53,3,10,1,1,7,1,1,8,9,15,,44,44,1,22,9,121.6033869,25.0576783
111,8,31,12,9,2,11南港區,南港區重陽路與重陽路263巷口,0,0,2,2,C03,8,1,5,50,4,2,1,5,4,5,7,4,4,9,4,5,2,16,1,39,2,3,1,1,7,9,1,10,1,14,,6,44,1,22,9,121.6033869,25.0576783
111,8,31,12,9,2,11南港區,南港區重陽路與重陽路263巷口,0,0,2,3,C03,8,1,5,50,4,2,1,5,4,5,7,4,4,9,4,5,2,16,1,55,2,9,2,1,7,9,1,10,1,11,,14,44,1,22,9,121.6033869,25.0576783