發生年度,發生月,發生日,發生時-Hours,發生分,處理別-編號,區序,肇事地點,死亡人數,2-30日死亡人數,受傷人數,當事人序號,車種,天候,光線,道路類別,速限-速度限制,道路型態,事故位置,路面狀況1,路面狀況2,路面狀況3,道路障礙1,道路障礙2,號誌1,號誌2,車道劃分-分向,車道劃分-分道1,車道劃分-分道2,車道劃分-分道3,事故類型及型態,性別,年齡,受傷程度,主要傷處,安全帽,行動電話,車輛用途,當事者行動狀態,駕駛資格情形,駕駛執照種類,飲酒情形,車輛撞擊部位1,車輛撞擊部位2,肇因碼-個別,肇因碼-主要,個人肇逃否,職業,旅次目的,座標-X,座標-Y
111,8,31,12,14,2,05中正區,中正區林森南路與青島東路口,0,0,1,1,B01,8,1,5,50,4,1,1,5,4,5,7,1,1,9,4,5,1,12,1,48,3,10,1,1,7,6,1,3,2,5,,9,9,1,22,9,121.5229523,25.0437075
111,8,31,12,14,2,05中正區,中正區林森南路與青島東路口,0,0,1,2,C03,8,1,5,50,4,1,1,5,4,5,7,1,1,9,4,5,1,12,1,33,2,7,1,1,7,9,1,10,2,14,,44,9,1,22,9,121.5229523,25.0437075
111,8,31,12,23,2,10文山區,文山區萬芳路與萬芳路口口無名巷,0,0,2,1,C03,8,1,5,30,3,1,1,5,4,5,7,4,4,10,5,5,1,11,1,47,2,8,1,4,7,9,1,10,1,14,,26,26,1,22,9,121.570956,24.9951883
111,8,31,12,23,2,10文山區,文山區萬芳路與萬芳路口口無名巷,0,0,2,2,C03,8,1,5,30,3,1,1,5,4,5,7,4,4,10,5,5,1,11,1,20,2,8,1,4,7,6,1,10,1,11,,44,26,1,22,9,121.570956,24.9951883
111,8,31,12,24,2,11南港區,南港區忠孝東路6段與忠孝東路6段269巷口,0,0,2,1,C03,8,1,5,30,4,1,1,5,4,5,7,4,4,10,5,5,2,15,1,28,2,9,3,4,7,9,1,10,1,11,,6,6,1,22,9,121.5896559,25.0497225
111,8,31,12,24,2,11南港區,南港區忠孝東路6段與忠孝東路6段269巷口,0,0,2,2,C03,8,1,5,30,4,1,1,5,4,5,7,4,4,10,5,5,2,15,2,39,2,8,3,4,7,9,1,10,1,14,,14,6,1,22,9,121.5896559,25.0497225
111,8,31,12,25,2,10文山區,文山區辛亥路4段77巷1號,0,0,1,1,C03,8,1,5,50,14,9,1,5,4,5,7,1,1,1,4,5,2,12,2,36,3,10,1,1,7,8,1,10,2,12,,7,7,1,22,9,121.558641,25.00747271
111,8,31,12,25,2,10文山區,文山區辛亥路4段77巷1號,0,0,1,2,C03,8,1,5,50,14,9,1,5,4,5,7,1,1,1,4,5,2,12,1,64,2,9,1,1,7,9,1,10,2,13,,44,7,1,22,9,121.558641,25.00747271
111,8,31,12,33,2,06松山區,松山區新東街與富錦街口,0,0,2,1,C03,8,1,5,50,4,2,1,5,4,5,7,1,1,4,5,5,2,17,1,33,2,9,1,1,7,5,1,10,1,11,,26,26,1,22,9,121.5654103,25.06100919
111,8,31,12,33,2,06松山區,松山區新東街與富錦街口,0,0,2,2,C03,8,1,5,50,4,2,1,5,4,5,7,1,1,4,5,5,2,17,1,25,2,9,1,1,7,9,1,10,1,14,,44,26,1,22,9,121.5654103,25.06100919
111,8,31,13,14,2,05中正區,中正區林森南路地下道林森南路124號旁燈桿,0,0,1,1,B03,8,1,5,50,7,8,1,5,4,5,7,4,4,9,4,5,2,12,2,51,3,10,1,1,7,9,1,8,2,2,,17,17,1,22,9,121.518651,25.03343264
111,8,31,13,14,2,05中正區,中正區林森南路地下道林森南路124號旁燈桿,0,0,1,2,C03,8,1,5,50,7,8,1,5,4,5,7,4,4,9,4,5,2,12,1,19,2,9,1,1,7,9,1,10,2,14,,17,17,1,22,9,121.518651,25.03343264
111,8,31,13,18,2,12內湖區,內湖區瑞光路與瑞光路66巷口口,0,0,1,1,C04,8,1,5,50,3,1,1,5,4,5,7,2,1,5,4,5,2,13,2,22,2,9,1,1,7,9,3,18,1,11,,23,23,1,22,9,121.5822867,25.07079028
111,8,31,13,18,2,12內湖區,內湖區瑞光路與瑞光路66巷口口,0,0,1,2,B03,8,1,5,50,3,1,1,5,4,5,7,2,1,5,4,5,2,13,1,46,3,10,1,1,7,9,1,8,1,6,,44,23,1,22,9,121.5822867,25.07079028
111,8,31,13,20,2,01大同區,大同區鄭州路與鄭州路29巷口口,0,0,1,1,C03,8,1,5,40,14,9,1,5,4,5,7,1,1,1,4,5,2,13,1,53,2,9,3,4,7,9,1,10,1,11,,23,23,1,22,9,121.5145136,25.04928864
111,8,31,13,20,2,01大同區,大同區鄭州路與鄭州路29巷口口,0,0,1,2,B03,8,1,5,40,14,9,1,5,4,5,7,1,1,1,4,5,2,13,1,53,3,10,3,4,7,14,1,8,1,7,,44,23,1,22,9,121.5145136,25.04928864
111,8,31,13,31,2,05中正區,中正區汀州路2段與師大路口口,0,0,1,1,B03,8,1,5,50,5,1,1,5,4,5,7,1,1,5,5,5,1,17,1,34,3,10,1,1,7,5,1,8,2,4,,17,17,1,22,9,121.5255725,25.02101841
111,8,31,13,31,2,05中正區,中正區汀州路2段與師大路口口,0,0,1,2,C03,8,1,5,50,5,1,1,5,4,5,7,1,1,5,5,5,1,17,1,22,2,9,1,1,7,5,1,10,2,12,,17,17,1,22,9,121.5255725,25.02101841
111,8,31,14,3,2,07信義區,信義區嘉興街219巷與嘉興街口,0,0,1,1,C03,8,1,5,50,3,2,1,4,4,5,7,4,4,5,5,5,2,17,1,45,2,8,3,4,7,4,1,10,1,12,,1,1,1,22,9,121.556226,25.0258454
111,8,31,14,3,2,07信義區,信義區嘉興街219巷與嘉興街口,0,0,1,2,C03,8,1,5,50,3,2,1,4,4,5,7,4,4,5,5,5,2,17,1,43,3,10,3,4,7,7,1,10,1,15,,7,1,1,22,9,121.556226,25.0258454
111,8,31,14,5,2,05中正區,中正區市民大道1段168號與市民大道1段口,0,0,2,1,B01,8,1,5,40,3,1,1,5,4,5,7,4,4,1,4,5,2,17,1,66,3,10,1,1,7,5,1,4,2,7,,8,8,1,22,9,121.5186387,25.0483406
111,8,31,14,5,2,05中正區,中正區市民大道1段168號與市民大道1段口,0,0,2,2,C03,8,1,5,40,3,1,1,5,4,5,7,4,4,1,4,5,2,17,1,22,2,8,1,1,7,9,1,10,2,11,,13,8,1,22,9,121.5186387,25.0483406
111,8,31,14,5,2,05中正區,中正區市民大道1段168號與市民大道1段口,0,0,2,3,H02,8,1,5,40,3,1,1,5,4,5,7,4,4,1,4,5,2,17,2,22,2,8,1,1,7,20,8,20,10,16,,67,8,1,22,9,121.5186387,25.0483406
111,8,31,14,9,2,08士林區,士林區福華路與福華路162巷口,0,0,2,1,C03,8,1,5,50,3,2,1,5,4,5,7,2,1,1,4,5,1,13,1,75,2,8,1,1,7,9,1,10,1,11,,16,16,1,21,8,121.5225981,25.10395864
111,8,31,14,9,2,08士林區,士林區福華路與福華路162巷口,0,0,2,2,B01,8,1,5,50,3,2,1,5,4,5,7,2,1,1,4,5,1,13,1,61,3,10,1,1,7,14,1,4,1,7,,44,16,1,21,8,121.5225981,25.10395864
111,8,31,14,9,2,08士林區,士林區福華路與福華路162巷口,0,0,2,3,H02,8,1,5,50,3,2,1,5,4,5,7,2,1,1,4,5,1,13,2,79,2,3,1,1,7,17,8,20,10,16,,67,16,1,21,8,121.5225981,25.10395864
111,8,31,14,35,2,03中山區,中山區民權西路20號,0,0,1,1,B02,8,1,5,0,14,20,4,5,4,5,7,4,4,10,5,5,2,9,4,,4,11,3,4,7,15,7,19,11,15,,43,43,2,22,9,121.5217126,25.06269871
111,8,31,14,35,2,03中山區,中山區民權西路20號,0,0,1,3,,8,1,5,0,14,20,4,5,4,5,7,4,4,10,5,5,2,9,3,,,,,,,,,,,,,67,43,1,,,121.5217126,25.06269871
111,8,31,14,35,2,03中山區,中山區民權西路20號,0,0,1,2,H01,8,1,5,0,14,20,4,5,4,5,7,4,4,10,5,5,2,9,2,26,2,9,4,5,8,17,8,20,11,15,,67,43,1,22,9,121.5217126,25.06269871
111,8,31,14,45,2,01大同區,大同區迪化街1段307巷與安西街口,0,0,1,1,C03,8,1,5,30,3,2,1,5,4,5,7,4,4,10,5,5,1,15,1,31,2,9,1,1,7,9,1,10,1,11,,6,6,1,22,9,121.5097477,25.06206496
111,8,31,14,45,2,01大同區,大同區迪化街1段307巷與安西街口,0,0,1,2,B11,8,1,5,30,3,2,1,5,4,5,7,4,4,10,5,5,1,15,1,33,3,10,1,1,7,9,1,8,1,7,,23,6,1,22,9,121.5097477,25.06206496
111,8,31,14,45,2,11南港區,南港區松河街372號,0,0,1,1,B03,8,1,5,50,14,9,1,5,4,5,7,4,4,10,5,5,2,17,2,53,2,9,3,4,7,9,1,8,2,5,,42,42,1,22,9,121.5874026,25.05433168
111,8,31,14,45,2,11南港區,南港區松河街372號,0,0,1,2,B02,8,1,5,50,14,9,1,5,4,5,7,4,4,10,5,5,2,17,1,46,3,10,3,4,7,13,1,8,9,7,,44,42,1,22,9,121.5874026,25.05433168
111,8,31,15,40,2,08士林區,士林區天母東路與忠誠路2段口,0,0,1,1,C03,8,1,5,50,4,1,1,5,4,5,7,2,1,1,4,5,2,17,2,65,3,10,1,4,7,5,1,10,1,15,,8,8,1,22,9,121.5347202,25.11813334
111,8,31,15,40,2,08士林區,士林區天母東路與忠誠路2段口,0,0,1,2,C03,8,1,5,50,4,1,1,5,4,5,7,2,1,1,4,5,2,17,1,18,2,9,1,4,7,9,1,10,1,12,,44,8,1,22,9,121.5347202,25.11813334
111,8,31,16,0,2,03中山區,中山區北安路139號,0,0,1,1,B01,8,1,5,50,14,9,1,5,4,5,7,4,4,1,4,5,2,13,1,56,2,3,3,4,7,9,1,4,1,1,,23,23,1,22,9,121.5335829,25.07807478
111,8,31,16,0,2,03中山區,中山區北安路139號,0,0,1,2,B02,8,1,5,50,14,9,1,5,4,5,7,4,4,1,4,5,2,13,1,25,3,10,3,4,7,14,1,8,1,3,,44,23,1,22,9,121.5335829,25.07807478
111,8,31,16,0,2,03中山區,中山區北安路139號,0,0,1,3,,8,1,5,50,14,9,1,5,4,5,7,4,4,1,4,5,2,13,3,,,,,,,,,,,,,67,23,1,,,121.5335829,25.07807478
111,8,31,16,14,2,01大同區,大同區延平北路4段93號,0,0,1,1,B12,8,1,5,50,14,9,1,5,4,5,7,4,4,9,4,5,2,11,1,50,3,10,3,4,7,5,1,8,1,8,,8,8,2,22,9,121.5109809,25.0707358
111,8,31,16,14,2,01大同區,大同區延平北路4段93號,0,0,1,2,C03,8,1,5,50,14,9,1,5,4,5,7,4,4,9,4,5,2,11,1,33,2,9,1,4,7,9,1,10,1,11,,14,8,1,22,9,121.5109809,25.0707358
111,8,31,16,30,2,08士林區,士林區福華路與福國路口,0,0,1,1,B03,8,3,5,50,4,2,1,5,4,5,7,1,1,9,4,5,2,3,1,78,3,10,1,1,7,9,1,8,2,5,,15,15,1,22,9,121.5229488,25.10199516
111,8,31,16,30,2,08士林區,士林區福華路與福國路口,0,0,1,2,H01,8,3,5,50,4,2,1,5,4,5,7,1,1,9,4,5,2,3,2,57,2,9,4,5,8,16,8,20,2,16,,67,15,1,22,9,121.5229488,25.10199516
111,8,31,16,30,2,08士林區,士林區天母東路6-4號,0,0,1,1,B12,7,1,5,50,14,9,1,5,4,5,7,4,4,1,5,5,2,17,1,19,3,10,1,1,7,9,1,8,1,1,,23,23,1,22,9,121.5305424,25.11814804
111,8,31,16,30,2,08士林區,士林區天母東路6-4號,0,0,1,2,C03,7,1,5,50,14,9,1,5,4,5,7,4,4,1,5,5,2,17,1,32,2,9,1,1,7,15,1,10,1,13,,44,23,1,22,9,121.5305424,25.11814804
111,8,31,16,30,2,08士林區,士林區天母東路6-4號,0,0,1,3,C03,7,1,5,50,14,9,1,5,4,5,7,4,4,1,5,5,2,17,1,75,3,10,1,1,7,15,1,10,1,15,,44,23,1,22,9,121.5305424,25.11814804
111,8,31,16,30,2,08士林區,士林區天母東路6-4號,0,0,1,4,F01,7,1,5,50,14,9,1,5,4,5,7,4,4,1,5,5,2,17,2,49,3,10,1,1,7,15,8,20,1,16,,44,23,1,22,9,121.5305424,25.11814804
111,8,31,16,36,2,01大同區,大同區忠孝西路1段與塔城街口,0,0,2,1,B03,8,1,5,50,4,1,1,5,4,5,7,4,4,1,4,5,2,12,1,44,3,10,3,4,7,9,1,8,1,2,,17,17,1,22,9,121.5101506,25.04850147
111,8,31,16,36,2,01大同區,大同區忠孝西路1段與塔城街口,0,0,2,2,C04,8,1,5,50,4,1,1,5,4,5,7,4,4,1,4,5,2,12,2,23,2,9,3,4,7,9,1,10,1,11,,44,17,1,22,9,121.5101506,25.04850147
111,8,31,16,36,2,01大同區,大同區忠孝西路1段與塔城街口,0,0,2,3,H02,8,1,5,50,4,1,1,5,4,5,7,4,4,1,4,5,2,12,2,24,2,9,4,5,7,21,8,20,10,15,,67,17,1,22,9,121.5101506,25.04850147
111,8,31,16,50,2,07信義區,信義區吳興街156巷65弄與吳興街220巷59弄口,0,0,1,1,B03,8,1,5,30,4,1,1,5,4,5,7,4,4,5,5,4,1,11,1,35,3,10,3,4,7,5,1,8,1,1,,6,6,1,22,9,121.5591286,25.0270691
111,8,31,16,50,2,07信義區,信義區吳興街156巷65弄與吳興街220巷59弄口,0,0,1,2,C03,8,1,5,30,4,1,1,5,4,5,7,4,4,5,5,4,1,11,2,42,2,9,3,4,7,9,1,10,1,14,,13,6,1,22,9,121.5591286,25.0270691
111,8,31,17,8,2,04大安區,大安區忠孝東路4段223巷與忠孝東路4段205巷7弄口,0,0,1,1,C03,8,1,5,30,4,1,1,5,4,5,7,4,4,5,4,5,2,15,1,35,2,9,1,1,7,9,1,10,1,11,,6,6,1,22,9,121.5530098,25.0420756
111,8,31,17,8,2,04大安區,大安區忠孝東路4段223巷與忠孝東路4段205巷7弄口,0,0,1,2,B03,8,1,5,30,4,1,1,5,4,5,7,4,4,5,4,5,2,15,1,32,3,10,1,1,7,9,1,8,1,8,,44,6,1,22,9,121.5530098,25.0420756
111,8,31,17,30,2,11南港區,南港區南港路3段314巷與松河街口,0,0,1,1,B03,8,1,5,50,14,9,1,5,4,5,7,1,1,10,5,5,2,13,2,23,3,10,3,4,7,9,1,8,1,1,,16,16,1,22,9,121.5811865,25.0524253
111,8,31,17,30,2,11南港區,南港區南港路3段314巷與松河街口,0,0,1,2,C03,8,1,5,50,14,9,1,5,4,5,7,1,1,10,5,5,2,13,1,65,2,7,3,4,7,15,1,10,1,13,,44,16,1,22,9,121.5811865,25.0524253
111,8,31,18,4,2,05中正區,中正區忠孝東路2段64巷與忠孝東路2段口,0,0,1,1,B11,8,2,5,50,3,1,1,5,4,5,7,4,4,1,4,4,2,12,1,21,3,10,1,1,7,6,1,8,2,6,,9,9,1,22,9,121.5286456,25.0433383
111,8,31,18,4,2,05中正區,中正區忠孝東路2段64巷與忠孝東路2段口,0,0,1,2,C03,8,2,5,50,3,1,1,5,4,5,7,4,4,1,4,4,2,12,1,45,2,8,1,1,7,9,1,10,2,15,,44,9,1,22,9,121.5286456,25.0433383
111,8,31,18,7,2,12內湖區,內湖區民權東路6段56巷9號前,0,0,1,1,B03,8,1,5,50,14,9,1,5,4,5,7,4,4,9,5,5,2,16,1,19,3,10,1,1,7,11,3,18,11,8,,10,10,1,22,9,121.5850645,25.06794851
111,8,31,18,7,2,12內湖區,內湖區民權東路6段56巷9號前,0,0,1,2,C03,8,1,5,50,14,9,1,5,4,5,7,4,4,9,5,5,2,16,1,38,2,8,1,1,7,9,1,10,11,11,,44,10,1,22,9,121.5850645,25.06794851
111,8,31,18,8,2,05中正區,中正區八德路1段43巷與八德路1段口,0,0,1,2,C03,6,1,5,30,4,1,1,4,4,5,7,2,1,5,4,5,2,17,2,27,2,9,1,1,7,9,1,10,1,14,,44,25,1,22,9,121.5317621,25.04410168
111,8,31,18,8,2,05中正區,中正區八德路1段43巷與八德路1段口,0,0,1,1,B01,6,1,5,30,4,1,1,4,4,5,7,2,1,5,4,5,2,17,1,40,3,10,1,1,7,15,1,4,11,15,,25,25,1,22,9,121.5317621,25.04410168
111,8,31,18,19,2,12內湖區,內湖區舊宗路1段279號,0,0,1,1,B12,7,1,5,50,14,9,1,5,4,5,7,4,4,1,4,5,2,17,1,32,3,10,1,1,7,7,1,8,1,7,,7,7,1,22,9,121.5773363,25.0628585
111,8,31,18,19,2,12內湖區,內湖區舊宗路1段279號,0,0,1,2,C03,7,1,5,50,14,9,1,5,4,5,7,4,4,1,4,5,2,17,1,33,2,9,1,1,7,9,1,10,1,11,,42,7,1,22,9,121.5773363,25.0628585
111,8,31,18,32,2,06松山區,松山區八德路3段197號,0,0,1,1,B03,7,3,5,50,14,9,1,5,4,5,7,1,1,8,3,5,2,17,2,55,2,1,3,4,7,9,1,8,4,5,,43,43,1,22,9,121.556304,25.04812664
111,8,31,18,32,2,06松山區,松山區八德路3段197號,0,0,1,2,B01,7,3,5,50,14,9,1,5,4,5,7,1,1,8,3,5,2,17,1,56,3,10,3,4,7,14,1,4,2,7,,38,43,1,22,9,121.556304,25.04812664
111,8,31,18,34,2,04大安區,大安區文昌街235號,0,0,1,3,B03,7,3,5,30,14,9,1,5,4,5,7,4,4,10,5,5,2,17,1,69,3,10,1,1,7,14,1,8,1,15,,38,23,1,22,9,121.5551294,25.03235173
111,8,31,18,34,2,04大安區,大安區文昌街235號,0,0,1,4,H02,7,3,5,30,14,9,1,5,4,5,7,4,4,10,5,5,2,17,2,47,3,10,4,5,7,20,8,20,10,16,,60,23,1,22,9,121.5551294,25.03235173
111,8,31,18,34,2,04大安區,大安區文昌街235號,0,0,1,1,C03,7,3,5,30,14,9,1,5,4,5,7,4,4,10,5,5,2,17,1,24,2,9,1,1,7,9,1,10,1,14,,23,23,1,22,9,121.5551294,25.03235173
111,8,31,18,34,2,04大安區,大安區文昌街235號,0,0,1,2,B03,7,3,5,30,14,9,1,5,4,5,7,4,4,10,5,5,2,17,1,46,3,10,1,1,7,14,1,8,1,6,,42,23,1,22,9,121.5551294,25.03235173
111,8,31,18,34,2,04大安區,大安區文昌街235號,0,0,1,5,C03,7,3,5,30,14,9,1,5,4,5,7,4,4,10,5,5,2,17,1,24,3,10,1,1,7,9,1,10,1,15,,14,23,1,22,9,121.5551294,25.03235173
111,8,31,18,47,2,05中正區,中正區林森南路地下道,0,0,2,1,C03,8,3,5,50,14,9,1,5,4,5,7,4,4,7,4,4,1,13,2,22,2,9,1,1,7,9,1,10,2,11,,16,16,1,22,9,121.5207969,25.03652207
111,8,31,18,47,2,05中正區,中正區林森南路地下道,0,0,2,2,C03,8,3,5,50,14,9,1,5,4,5,7,4,4,7,4,4,1,13,1,25,2,8,1,1,7,9,1,10,2,13,,44,16,1,22,9,121.5207969,25.03652207
111,8,31,18,53,2,06松山區,松山區南京東路4段與光復北路口,0,0,1,1,C03,8,3,5,50,4,1,1,5,4,5,7,1,1,1,4,5,2,16,1,25,2,7,1,1,7,14,1,10,1,11,,42,42,1,22,9,121.5576752,25.05147045
111,8,31,18,53,2,06松山區,松山區南京東路4段與光復北路口,0,0,1,2,B01,8,3,5,50,4,1,1,5,4,5,7,1,1,1,4,5,2,16,1,61,3,10,1,1,7,5,1,4,1,1,,23,42,1,22,9,121.5576752,25.05147045
111,8,31,19,15,2,07信義區,信義區忠孝東路5段與松山路口,0,0,1,1,A04,6,3,5,50,4,1,1,4,4,5,7,1,1,1,4,5,2,9,1,49,3,10,1,1,7,5,1,2,1,15,,35,35,1,21,9,121.5778175,25.0408287
111,8,31,19,15,2,07信義區,信義區忠孝東路5段與松山路口,0,0,1,2,H02,6,3,5,50,4,1,1,4,4,5,7,1,1,1,4,5,2,9,1,31,2,1,2,4,7,17,8,20,1,15,,60,35,1,22,9,121.5778175,25.0408287
111,8,31,19,25,2,10文山區,文山區萬慶街與萬慶街168巷口,0,0,1,1,B03,8,3,5,30,3,1,1,5,4,5,7,4,4,10,5,5,2,16,2,36,3,10,1,1,7,5,1,8,1,6,,6,6,1,22,9,121.537054,24.99458045
111,8,31,19,25,2,10文山區,文山區萬慶街與萬慶街168巷口,0,0,1,2,C03,8,3,5,30,3,1,1,5,4,5,7,4,4,10,5,5,2,16,1,25,2,9,1,1,7,9,1,10,1,14,,23,6,1,22,9,121.537054,24.99458045
111,8,31,19,31,2,03中山區,中山區撫順街39號,0,0,2,1,C03,7,3,5,50,14,9,1,5,4,5,7,4,4,8,5,5,1,16,2,22,2,9,3,4,7,9,1,10,1,11,,23,23,1,22,9,121.5193422,25.06338448
111,8,31,19,31,2,03中山區,中山區撫順街39號,0,0,2,2,F01,7,3,5,50,14,9,1,5,4,5,7,4,4,8,5,5,1,16,2,46,2,7,1,1,7,11,8,20,1,16,,11,23,1,22,9,121.5193422,25.06338448
111,8,31,19,41,2,03中山區,中山區錦州街421號,0,0,2,1,H01,8,3,5,50,14,9,1,5,4,5,7,4,4,5,5,5,2,3,1,67,2,9,4,5,8,18,8,20,10,16,,51,51,1,22,9,121.5422423,25.0603208
111,8,31,19,41,2,03中山區,中山區錦州街421號,0,0,2,2,C03,8,3,5,50,14,9,1,5,4,5,7,4,4,5,5,5,2,3,1,20,2,9,1,1,7,9,1,10,1,11,,23,51,1,22,9,121.5422423,25.0603208
111,8,31,19,41,2,03中山區,中山區錦州街421號,0,0,2,3,B03,8,3,5,50,14,9,1,5,4,5,7,4,4,5,5,5,2,3,1,36,3,10,1,1,7,13,1,8,1,4,,44,51,1,22,9,121.5422423,25.0603208
111,8,31,19,46,2,09北投區,北投區承德路6段與文承路口口,0,0,1,1,B03,6,3,5,50,3,1,1,4,4,5,7,4,4,1,4,4,2,16,1,32,3,10,1,1,7,6,1,8,1,5,,9,9,1,22,9,121.5121681,25.10477146
111,8,31,19,46,2,09北投區,北投區承德路6段與文承路口口,0,0,1,2,C03,6,3,5,50,3,1,1,4,4,5,7,4,4,1,4,4,2,16,1,22,2,8,1,1,7,9,1,10,1,14,,43,9,1,22,9,121.5121681,25.10477146
111,8,31,19,47,2,04大安區,大安區信義路4段與敦化南路2段口,0,0,1,1,C03,7,3,5,50,4,2,1,5,4,5,7,2,1,8,3,1,1,13,2,62,2,8,1,1,7,12,1,10,1,11,,23,23,1,21,5,121.5490535,25.0331812
111,8,31,19,47,2,04大安區,大安區信義路4段與敦化南路2段口,0,0,1,2,B01,7,3,5,50,4,2,1,5,4,5,7,2,1,8,3,1,1,13,1,27,3,10,1,1,7,12,1,4,1,6,,44,23,1,10,4,121.5490535,25.0331812
111,8,31,20,25,2,04大安區,大安區文昌街與通化街口,0,0,2,1,C03,6,3,5,30,4,2,1,4,4,5,7,2,1,10,5,5,2,3,1,36,2,8,1,1,7,9,1,10,1,11,,15,15,1,22,9,121.5543672,25.03243697
111,8,31,20,25,2,04大安區,大安區文昌街與通化街口,0,0,2,2,H01,6,3,5,30,4,2,1,4,4,5,7,2,1,10,5,5,2,3,1,74,2,5,4,5,8,16,8,20,10,16,,51,15,1,22,9,121.5543672,25.03243697
111,8,31,20,27,2,09北投區,北投區大業路2號前,0,0,1,1,C03,6,3,5,40,14,8,1,4,4,5,7,4,4,1,4,4,2,18,1,18,2,9,1,1,7,9,1,10,1,14,,13,13,1,22,9,121.4999296,25.1215644
111,8,31,20,27,2,09北投區,北投區大業路2號前,0,0,1,2,,6,3,5,40,14,8,1,4,4,5,7,4,4,1,4,4,2,18,3,,,,,,,,,,,,,67,13,1,,,121.4999296,25.1215644
111,8,31,20,33,2,07信義區,信義區基隆路1段與東興路口,0,0,1,1,C04,6,3,5,50,14,9,1,4,4,5,7,1,1,1,4,5,2,18,2,22,2,9,1,1,7,9,1,10,11,12,,43,43,1,22,9,121.5667977,25.0459347
111,8,31,20,33,2,07信義區,信義區基隆路1段與東興路口,0,0,1,2,,6,3,5,50,14,9,1,4,4,5,7,1,1,1,4,5,2,18,3,,,,,,,,,,,,,67,43,1,,,121.5667977,25.0459347
111,8,31,20,40,2,12內湖區,內湖區內湖路1段與內湖路1段91巷口,0,0,1,1,B03,8,3,5,50,4,1,1,5,4,5,7,1,1,1,4,5,2,12,2,35,3,10,1,1,7,6,1,8,1,5,,9,9,1,22,9,121.5612693,25.08453542
111,8,31,20,40,2,12內湖區,內湖區內湖路1段與內湖路1段91巷口,0,0,1,2,C03,8,3,5,50,4,1,1,5,4,5,7,1,1,1,4,5,2,12,2,31,2,9,1,1,7,9,1,10,1,14,,44,9,1,22,9,121.5612693,25.08453542
111,8,31,20,40,2,12內湖區,內湖區民權東路6段9號前,0,0,1,2,C03,6,3,5,50,14,9,1,4,4,5,7,4,4,1,4,5,2,17,1,51,2,9,1,1,7,9,1,10,11,15,,44,7,1,22,9,121.5747643,25.06569651
111,8,31,20,40,2,12內湖區,內湖區民權東路6段9號前,0,0,1,1,B03,6,3,5,50,14,9,1,4,4,5,7,4,4,1,4,5,2,17,1,32,3,10,1,1,7,8,1,8,11,15,,7,7,1,22,9,121.5747643,25.06569651
111,8,31,20,50,2,04大安區,大安區金華街183巷與金山南路2段101巷口,0,0,1,1,B03,8,3,5,30,4,1,1,5,4,5,7,4,4,9,5,5,2,17,1,50,3,10,3,4,7,11,1,8,1,4,,10,10,1,22,9,121.5273082,25.03080547
111,8,31,20,50,2,04大安區,大安區金華街183巷與金山南路2段101巷口,0,0,1,2,C03,8,3,5,30,4,1,1,5,4,5,7,4,4,9,5,5,2,17,2,38,2,8,1,1,7,9,1,10,1,12,,44,10,1,22,9,121.5273082,25.03080547
111,8,31,20,56,2,04大安區,大安區和平東路3段109號前,0,0,2,1,B01,6,3,5,50,14,9,1,4,4,5,7,4,4,8,3,5,1,17,1,54,3,10,1,1,7,8,1,4,1,15,,7,7,1,10,4,121.5512618,25.02457524
111,8,31,20,56,2,04大安區,大安區和平東路3段109號前,0,0,2,2,C03,6,3,5,50,14,9,1,4,4,5,7,4,4,8,3,5,1,17,1,17,2,7,1,1,7,12,2,18,1,14,,42,7,1,21,5,121.5512618,25.02457524
111,8,31,20,56,2,04大安區,大安區和平東路3段109號前,0,0,2,3,H02,6,3,5,50,14,9,1,4,4,5,7,4,4,8,3,5,1,17,2,20,2,7,1,1,7,20,8,20,10,16,,67,7,1,21,5,121.5512618,25.02457524
111,8,31,21,0,2,04大安區,大安區信義路4段294巷3號前,0,0,1,1,F01,6,3,5,50,14,9,1,4,4,5,7,4,4,5,4,5,2,17,1,78,2,9,1,1,7,1,8,20,1,16,,19,19,1,22,9,121.5542863,25.03273499
111,8,31,21,0,2,04大安區,大安區信義路4段294巷3號前,0,0,1,2,B01,6,3,5,50,14,9,1,4,4,5,7,4,4,5,4,5,2,17,1,48,3,10,1,1,7,9,1,4,1,8,,44,19,1,22,9,121.5542863,25.03273499
111,8,31,21,57,2,04大安區,大安區延吉街與延吉街236巷口,0,0,1,1,B01,6,3,5,30,3,2,1,4,4,5,7,4,4,8,3,5,2,17,1,48,3,10,1,1,7,9,1,8,1,15,,6,6,1,22,9,121.5555988,25.0362168
111,8,31,21,57,2,04大安區,大安區延吉街與延吉街236巷口,0,0,1,2,C03,6,3,5,30,3,2,1,4,4,5,7,4,4,8,3,5,2,17,1,31,2,9,1,1,7,9,1,10,1,12,,42,6,1,22,9,121.5555988,25.0362168
111,8,31,22,1,2,08士林區,士林區中正路與志成街口,0,0,1,1,B03,6,3,5,30,3,1,1,4,4,5,7,2,1,3,5,5,2,16,2,76,3,10,3,4,7,5,1,8,2,2,,8,8,1,22,9,121.5302984,25.09617255
111,8,31,22,1,2,08士林區,士林區中正路與志成街口,0,0,1,2,C03,6,3,5,30,3,1,1,4,4,5,7,2,1,3,5,5,2,16,1,63,2,9,1,1,7,9,1,10,2,11,,23,8,1,22,9,121.5302984,25.09617255