發生年度,發生月,發生日,發生時-Hours,發生分,處理別-編號,區序,肇事地點,死亡人數,2-30日死亡人數,受傷人數,當事人序號,車種,天候,光線,道路類別,速限-速度限制,道路型態,事故位置,路面狀況1,路面狀況2,路面狀況3,道路障礙1,道路障礙2,號誌1,號誌2,車道劃分-分向,車道劃分-分道1,車道劃分-分道2,車道劃分-分道3,事故類型及型態,性別,年齡,受傷程度,主要傷處,安全帽,行動電話,車輛用途,當事者行動狀態,駕駛資格情形,駕駛執照種類,飲酒情形,車輛撞擊部位1,車輛撞擊部位2,肇因碼-個別,肇因碼-主要,個人肇逃否,職業,旅次目的,座標-X,座標-Y
111,8,31,22,14,2,03中山區,中山區龍江路356巷與民族東路410巷口,0,0,1,1,B03,6,3,5,30,4,2,1,4,4,5,7,2,1,5,4,5,2,3,1,32,3,10,3,4,7,5,1,8,2,8,,15,15,1,22,9,121.5383367,25.0659153
111,8,31,22,14,2,03中山區,中山區龍江路356巷與民族東路410巷口,0,0,1,2,H01,6,3,5,30,4,2,1,4,4,5,7,2,1,5,4,5,2,3,1,52,2,9,4,5,8,16,8,20,10,16,,67,15,1,22,9,121.5383367,25.0659153
111,8,31,22,35,2,05中正區,中正區市民大道1段168號,0,0,1,1,B01,6,3,5,40,15,6,1,4,4,5,7,4,4,1,4,5,1,12,1,69,3,10,1,1,7,5,1,4,2,7,,8,8,1,22,9,121.5186522,25.04835341
111,8,31,22,35,2,05中正區,中正區市民大道1段168號,0,0,1,2,C03,6,3,5,40,15,6,1,4,4,5,7,4,4,1,4,5,1,12,1,30,2,9,1,1,7,9,1,10,2,11,,14,8,1,22,9,121.5186522,25.04835341
111,8,31,22,55,2,07信義區,信義區忠孝東路5段與松信路口,0,0,1,1,B03,6,3,5,50,4,1,1,4,4,5,7,1,1,1,4,4,2,11,2,22,3,10,3,4,7,5,1,8,1,8,,6,6,1,22,9,121.5718947,25.0409014
111,8,31,22,55,2,07信義區,信義區忠孝東路5段與松信路口,0,0,1,2,C03,6,3,5,50,4,1,1,4,4,5,7,1,1,1,4,4,2,11,1,31,2,9,3,4,7,9,1,10,1,14,,44,6,1,22,9,121.5718947,25.0409014
111,8,31,23,2,2,09北投區,北投區大業路與中央北路1段口,0,0,2,1,F01,6,3,5,50,4,2,1,4,4,5,7,1,3,10,5,5,2,16,1,34,2,9,1,1,7,5,8,20,1,16,,8,8,1,22,9,121.4970538,25.1360122
111,8,31,23,2,2,09北投區,北投區大業路與中央北路1段口,0,0,2,2,C03,6,3,5,50,4,2,1,4,4,5,7,1,3,10,5,5,2,16,1,34,2,9,1,1,7,9,1,10,1,11,,23,8,1,22,9,121.4970538,25.1360122
111,8,31,23,30,2,03中山區,中山區錦州街與中山北路2段口,0,0,1,1,B03,6,3,5,50,4,1,1,4,4,5,7,2,1,5,4,5,2,12,1,34,3,10,1,1,7,5,1,8,2,8,,8,8,1,22,9,121.5228376,25.0603029
111,8,31,23,30,2,03中山區,中山區錦州街與中山北路2段口,0,0,1,2,C03,6,3,5,50,4,1,1,4,4,5,7,2,1,5,4,5,2,12,1,51,2,8,1,1,7,5,1,10,2,12,,8,8,1,22,9,121.5228376,25.0603029
111,9,1,1,4,2,08士林區,士林區文林路與中正路口,0,0,1,1,C03,7,3,5,50,4,1,1,4,4,5,7,1,1,5,2,5,2,17,1,28,2,9,1,1,7,9,1,10,2,12,,13,42,1,22,9,121.5246169,25.0950624
111,9,1,1,4,2,08士林區,士林區文林路與中正路口,0,0,1,2,C03,7,3,5,50,4,1,1,4,4,5,7,1,1,5,2,5,2,17,1,17,3,10,1,1,7,15,2,18,2,15,,13,42,1,22,9,121.5246169,25.0950624
111,9,1,5,48,2,09北投區,北投區福國路與承平路口,0,0,1,1,C03,8,1,5,50,3,1,1,5,4,5,7,1,1,10,5,5,2,18,1,35,2,9,1,1,7,5,1,10,1,14,,42,42,1,22,9,121.5081302,25.1013091
111,9,1,5,48,2,09北投區,北投區福國路與承平路口,0,0,1,2,,8,1,5,50,3,1,1,5,4,5,7,1,1,10,5,5,2,18,3,,,,,,,,,,,,,67,42,1,,,121.5081302,25.1013091
111,9,1,6,55,2,10文山區,文山區老泉街與老泉街口,0,0,1,1,C03,7,1,5,50,14,9,2,4,4,5,7,4,4,5,4,5,2,13,1,59,2,7,1,4,7,9,1,8,1,11,,16,16,1,22,9,121.557558,24.97623177
111,9,1,6,55,2,10文山區,文山區老泉街與老泉街口,0,0,1,2,B03,7,1,5,50,14,9,2,4,4,5,7,4,4,5,4,5,2,13,1,70,3,10,3,4,7,14,1,5,1,6,,44,16,1,22,9,121.557558,24.97623177
111,9,1,6,57,2,05中正區,中正區忠孝西路1段與重慶南路1段口口,0,0,1,1,B03,8,1,5,50,4,2,1,5,4,5,7,2,1,9,4,4,1,3,1,59,4,11,3,4,7,15,7,19,11,15,,15,15,2,22,9,121.513461,25.0471895
111,9,1,6,57,2,05中正區,中正區忠孝西路1段與重慶南路1段口口,0,0,1,2,H01,8,1,5,50,4,2,1,5,4,5,7,2,1,9,4,4,1,3,2,66,2,8,4,5,8,16,8,20,9,16,,67,15,1,19,5,121.513461,25.0471895
111,9,1,7,22,2,09北投區,北投區公館路297號,0,0,3,1,F02,8,1,8,30,15,22,1,5,4,5,7,4,4,8,4,5,1,17,2,41,2,9,3,1,7,1,8,20,1,16,,19,19,1,22,9,121.5065542,25.1245054
111,9,1,7,22,2,09北投區,北投區公館路297號,0,0,3,2,C03,8,1,8,30,15,22,1,5,4,5,7,4,4,8,4,5,1,17,2,26,2,9,1,1,7,9,1,10,1,11,,23,19,1,22,9,121.5065542,25.1245054
111,9,1,7,22,2,09北投區,北投區公館路297號,0,0,3,3,H02,8,1,8,30,15,22,1,5,4,5,7,4,4,8,4,5,1,17,1,7,2,9,4,5,7,20,8,20,1,16,,67,19,1,22,9,121.5065542,25.1245054
111,9,1,7,25,2,05中正區,中正區北平東路30號,0,0,1,1,B03,8,1,5,50,14,8,1,5,4,5,7,4,4,10,4,4,2,17,1,52,3,10,1,1,7,5,1,8,2,8,,8,8,1,22,9,121.5258056,25.04584098
111,9,1,7,25,2,05中正區,中正區北平東路30號,0,0,1,2,C03,8,1,5,50,14,8,1,5,4,5,7,4,4,10,4,4,2,17,1,40,2,9,1,1,7,7,1,10,2,12,,7,8,1,22,9,121.5258056,25.04584098
111,9,1,7,34,2,04大安區,大安區信義路4段與安和路2段口,0,0,2,1,C03,8,1,5,0,4,1,1,5,4,5,7,1,1,1,4,1,2,3,1,42,2,9,1,1,7,9,1,10,2,11,,23,23,1,22,9,121.5523123,25.03318952
111,9,1,7,34,2,04大安區,大安區信義路4段與安和路2段口,0,0,2,2,H01,8,1,5,0,4,1,1,5,4,5,7,1,1,1,4,1,2,3,1,88,2,9,1,1,8,16,8,20,10,16,,52,23,1,22,9,121.5523123,25.03318952
111,9,1,7,42,2,03中山區,中山區民族東路與吉林路口,0,0,1,1,C03,8,1,5,50,3,1,1,5,4,5,7,1,1,1,3,5,1,16,1,78,3,10,1,1,7,5,1,10,1,11,,25,25,1,22,9,121.5304129,25.0682981
111,9,1,7,42,2,03中山區,中山區民族東路與吉林路口,0,0,1,2,C03,8,1,5,50,3,1,1,5,4,5,7,1,1,1,3,5,1,16,1,24,2,8,1,1,7,9,1,10,1,12,,26,25,1,22,9,121.5304129,25.0682981
111,9,1,7,56,2,03中山區,中山區北安路與北安路770巷口,0,0,1,1,C03,7,1,5,50,3,1,1,5,4,5,7,4,4,1,3,5,1,13,1,24,2,6,1,4,7,9,1,10,1,11,,16,16,1,22,9,121.5534172,25.08543888
111,9,1,7,56,2,03中山區,中山區北安路與北安路770巷口,0,0,1,2,B12,7,1,5,50,3,1,1,5,4,5,7,4,4,1,3,5,1,13,1,21,3,10,3,4,7,14,1,8,1,7,,44,16,1,22,9,121.5534172,25.08543888
111,9,1,8,10,2,12內湖區,內湖區康寧路3段與康寧路3段16巷口,0,0,2,1,C03,7,1,5,50,4,2,1,4,4,5,7,2,1,1,4,5,2,17,2,67,2,9,1,1,7,5,1,10,1,12,,8,8,1,22,9,121.6100207,25.07120385
111,9,1,8,10,2,12內湖區,內湖區康寧路3段與康寧路3段16巷口,0,0,2,2,C03,7,1,5,50,4,2,1,4,4,5,7,2,1,1,4,5,2,17,1,28,2,9,1,1,7,9,1,10,1,11,,42,8,1,22,9,121.6100207,25.07120385
111,9,1,8,13,2,02萬華區,萬華區康定路與康定路372巷口,0,0,1,1,B03,8,1,5,50,4,1,1,5,4,5,7,1,1,8,3,5,2,11,1,79,3,10,3,4,7,5,1,8,1,6,,8,8,1,22,9,121.5010098,25.0340795
111,9,1,8,13,2,02萬華區,萬華區康定路與康定路372巷口,0,0,1,2,C03,8,1,5,50,4,1,1,5,4,5,7,1,1,8,3,5,2,11,1,27,2,9,1,4,7,9,1,10,1,11,,13,8,1,22,9,121.5010098,25.0340795
111,9,1,8,14,2,08士林區,士林區承德路4段與前港街口,0,0,1,1,B03,8,1,5,40,3,1,1,5,4,5,7,4,4,1,4,5,1,17,2,48,3,10,1,1,7,6,1,8,1,6,,9,9,1,22,9,121.523178,25.0852722
111,9,1,8,14,2,08士林區,士林區承德路4段與前港街口,0,0,1,2,C03,8,1,5,40,3,1,1,5,4,5,7,4,4,1,4,5,1,17,1,43,2,9,1,1,7,9,1,10,1,11,,14,9,1,22,9,121.523178,25.0852722
111,9,1,8,20,2,10文山區,文山區忠順街1段40號前,0,0,1,1,B03,7,1,5,0,14,9,4,4,4,5,7,4,4,9,4,5,2,17,2,59,3,10,3,4,7,13,1,8,2,4,,40,40,1,22,9,121.5598269,24.98428443
111,9,1,8,20,2,10文山區,文山區忠順街1段40號前,0,0,1,2,C03,7,1,5,0,14,9,4,4,4,5,7,4,4,9,4,5,2,17,2,41,2,9,3,4,7,9,1,10,2,11,,44,40,1,22,9,121.5598269,24.98428443
111,9,1,8,23,2,04大安區,大安區樂業街與樂業街15巷口,0,0,2,1,C03,7,1,5,30,3,1,1,4,4,5,7,4,4,9,4,5,2,12,1,21,2,9,1,1,7,5,1,10,2,14,,8,8,1,22,9,121.5499315,25.0239773
111,9,1,8,23,2,04大安區,大安區樂業街與樂業街15巷口,0,0,2,2,C03,7,1,5,30,3,1,1,4,4,5,7,4,4,9,4,5,2,12,2,31,2,4,1,1,7,9,1,10,2,11,,23,8,1,22,9,121.5499315,25.0239773
111,9,1,8,39,2,07信義區,信義區富陽街25號,0,0,2,1,H01,7,1,5,0,14,9,1,5,4,5,7,4,4,8,5,5,1,3,2,49,2,9,4,5,8,16,8,20,10,16,,51,51,1,22,9,121.5563296,25.02304162
111,9,1,8,39,2,07信義區,信義區富陽街25號,0,0,2,2,C03,7,1,5,0,14,9,1,5,4,5,7,4,4,8,5,5,1,3,2,29,2,8,1,1,7,9,1,10,1,11,,23,51,1,22,9,121.5563296,25.02304162
111,9,1,8,40,2,09北投區,北投區大度路2段聖安宮,0,0,1,1,B03,7,1,5,50,14,8,1,5,4,5,7,1,1,9,4,4,2,16,1,57,3,10,1,1,7,8,1,8,2,6,,7,7,1,22,9,121.478369,25.122366
111,9,1,8,40,2,09北投區,北投區大度路2段聖安宮,0,0,1,2,C03,7,1,5,50,14,8,1,5,4,5,7,1,1,9,4,4,2,16,1,19,2,7,1,1,7,9,3,18,2,11,,44,7,1,22,9,121.478369,25.122366
111,9,1,8,43,2,06松山區,松山區富錦街365號,0,0,1,1,H01,8,1,5,50,14,9,1,5,4,5,7,1,1,5,5,5,2,3,1,69,3,10,4,5,8,16,8,20,10,16,,51,51,1,22,9,121.558434,25.06057922
111,9,1,8,43,2,06松山區,松山區富錦街365號,0,0,1,2,C03,8,1,5,50,14,9,1,5,4,5,7,1,1,5,5,5,2,3,1,47,2,9,1,1,7,9,1,10,1,14,,42,51,1,22,9,121.558434,25.06057922
111,9,1,9,0,2,08士林區,士林區格致路與愛富二街口,0,0,1,1,C03,8,1,5,40,5,2,1,5,4,5,7,1,1,9,4,5,2,18,1,24,2,9,1,1,7,6,1,10,9,12,,42,42,1,22,9,121.5464122,25.13897039
111,9,1,9,0,2,08士林區,士林區格致路與愛富二街口,0,0,1,2,,8,1,5,40,5,2,1,5,4,5,7,1,1,9,4,5,2,18,3,,,,,,,,,,,,,67,42,1,,,121.5464122,25.13897039
111,9,1,9,2,2,03中山區,中山區南京東路2段98號,0,0,1,1,C03,8,1,5,50,14,7,1,5,4,5,7,4,4,1,3,4,1,16,1,40,3,10,1,1,7,8,1,10,2,12,,7,7,1,22,9,121.5317295,25.0519512
111,9,1,9,2,2,03中山區,中山區南京東路2段98號,0,0,1,2,C03,8,1,5,50,14,7,1,5,4,5,7,4,4,1,3,4,1,16,1,25,2,9,1,1,7,9,1,10,2,11,,13,7,1,22,9,121.5317295,25.0519512
111,9,1,9,8,2,10文山區,文山區興隆路2段275巷與興隆路2段275巷1弄口,0,0,1,1,B01,8,1,5,30,3,1,1,5,4,5,7,4,4,10,5,5,2,17,1,51,3,10,1,1,7,5,1,4,2,15,,6,6,1,22,9,121.5528864,25.0025837
111,9,1,9,8,2,10文山區,文山區興隆路2段275巷與興隆路2段275巷1弄口,0,0,1,2,C03,8,1,5,30,3,1,1,5,4,5,7,4,4,10,5,5,2,17,2,24,2,9,1,1,7,9,1,10,2,14,,14,6,1,22,9,121.5528864,25.0025837
111,9,1,9,25,2,03中山區,中山區明水路672巷21號,0,0,1,1,B01,7,1,5,50,14,9,1,5,4,5,7,4,4,9,4,5,2,16,1,56,3,10,3,4,7,11,1,2,1,8,,10,10,1,22,9,121.5514711,25.0837811
111,9,1,9,25,2,03中山區,中山區明水路672巷21號,0,0,1,2,C03,7,1,5,50,14,9,1,5,4,5,7,4,4,9,4,5,2,16,2,28,2,9,1,4,7,9,1,10,1,11,,44,10,1,22,9,121.5514711,25.0837811
111,9,1,9,30,2,06松山區,松山區三民路與健康路口,0,0,1,1,C04,7,1,5,50,4,1,1,5,4,5,7,1,1,1,4,5,2,17,2,34,2,9,1,1,7,5,1,10,1,14,,6,6,1,22,9,121.5638655,25.05419865
111,9,1,9,30,2,06松山區,松山區三民路與健康路口,0,0,1,2,C03,7,1,5,50,4,1,1,5,4,5,7,1,1,1,4,5,2,17,1,34,3,10,1,1,7,9,1,9,1,12,,44,6,1,22,9,121.5638655,25.05419865
111,9,1,9,38,2,04大安區,大安區仁愛路3段與建國南路1段口,0,0,1,1,C02,6,1,5,50,4,1,1,4,4,5,7,1,1,8,3,5,1,12,1,54,3,10,1,1,7,9,1,9,1,11,,43,43,1,22,9,121.5376598,25.0382153
111,9,1,9,38,2,04大安區,大安區仁愛路3段與建國南路1段口,0,0,1,2,C03,6,1,5,50,4,1,1,4,4,5,7,1,1,8,3,5,1,12,1,60,2,9,1,1,7,7,1,10,1,13,,43,43,1,22,9,121.5376598,25.0382153
111,9,1,9,39,2,03中山區,中山區興安街34號,0,0,1,1,B01,7,1,5,40,14,8,1,5,4,5,7,4,4,9,4,4,2,14,1,54,3,10,1,1,7,2,1,4,1,3,,12,12,1,22,9,121.538677,25.05616642
111,9,1,9,39,2,03中山區,中山區興安街34號,0,0,1,2,C03,7,1,5,40,14,8,1,5,4,5,7,4,4,9,4,4,2,14,1,46,2,9,1,1,7,5,1,10,1,15,,27,12,1,22,9,121.538677,25.05616642
111,9,1,10,0,2,12內湖區,內湖區潭美街與成功橋口下,0,0,1,1,B03,8,1,5,40,3,2,1,5,4,5,7,2,1,5,5,5,2,17,1,57,3,10,1,1,7,5,1,8,1,6,,8,8,1,22,9,121.5917039,25.06006786
111,9,1,10,0,2,12內湖區,內湖區潭美街與成功橋口下,0,0,1,2,C03,8,1,5,40,3,2,1,5,4,5,7,2,1,5,5,5,2,17,1,30,2,9,1,1,7,9,1,10,1,11,,44,8,1,22,9,121.5917039,25.06006786
111,9,1,10,8,2,07信義區,信義區市民高架道松菸旁,0,0,1,1,B01,7,1,5,80,14,9,1,5,4,5,7,4,4,3,3,5,2,13,1,40,3,10,3,4,7,9,1,4,1,1,,16,16,1,22,9,121.5585922,25.04525984
111,9,1,10,8,2,07信義區,信義區市民高架道松菸旁,0,0,1,2,B03,7,1,5,80,14,9,1,5,4,5,7,4,4,3,3,5,2,13,2,33,2,1,3,4,7,14,1,8,1,3,,44,16,1,22,9,121.5585922,25.04525984
111,9,1,10,8,2,07信義區,信義區市民高架道松菸旁,0,0,1,3,B03,7,1,5,80,14,9,1,5,4,5,7,4,4,3,3,5,2,13,1,27,3,10,3,4,7,14,1,8,1,3,,44,16,1,22,9,121.5585922,25.04525984
111,9,1,10,27,2,01大同區,大同區塔城街與鄭州路口,0,0,1,1,B01,8,1,5,50,4,1,1,5,4,5,7,2,1,1,4,4,2,16,1,67,3,10,3,4,7,6,1,4,2,2,,9,9,1,22,9,121.5104808,25.05030713
111,9,1,10,27,2,01大同區,大同區塔城街與鄭州路口,0,0,1,2,C03,8,1,5,50,4,1,1,5,4,5,7,2,1,1,4,4,2,16,1,29,2,9,3,4,7,9,1,10,9,11,,25,9,1,22,9,121.5104808,25.05030713
111,9,1,10,29,2,03中山區,中山區松江路與建國北路3段口,0,0,1,1,B03,6,1,5,50,4,1,1,4,4,5,7,1,1,1,4,5,2,16,1,71,3,10,3,4,7,9,1,8,1,2,,25,25,1,22,9,121.5331802,25.06775847
111,9,1,10,29,2,03中山區,中山區松江路與建國北路3段口,0,0,1,2,C03,6,1,5,50,4,1,1,4,4,5,7,1,1,1,4,5,2,16,2,65,2,9,1,1,7,9,1,10,1,14,,44,25,1,22,9,121.5331802,25.06775847
111,9,1,10,33,2,04大安區,大安區建國南路1段341巷與建國南路1段口,0,0,2,1,C03,7,1,5,50,4,1,1,5,4,5,7,2,1,10,5,5,2,3,1,46,2,9,1,4,7,6,1,10,1,11,,15,15,1,22,9,121.5381202,25.0344273
111,9,1,10,33,2,04大安區,大安區建國南路1段341巷與建國南路1段口,0,0,2,2,H01,7,1,5,50,4,1,1,5,4,5,7,2,1,10,5,5,2,3,1,73,2,9,4,5,8,16,8,20,10,16,,67,15,1,22,9,121.5381202,25.0344273
111,9,1,11,5,2,04大安區,大安區復興南路1段85號前,0,0,1,1,C03,6,1,5,50,14,9,1,4,4,5,7,4,4,8,3,5,1,12,1,32,2,9,1,1,7,8,1,10,1,12,,7,7,1,5,3,121.5439485,25.04423962
111,9,1,11,5,2,04大安區,大安區復興南路1段85號前,0,0,1,2,B12,6,1,5,50,14,9,1,4,4,5,7,4,4,8,3,5,1,12,1,56,3,10,1,1,7,10,1,10,1,4,,7,7,1,5,3,121.5439485,25.04423962
111,9,1,11,17,2,05中正區,中正區重慶南路1段130號,0,0,2,1,C03,6,1,5,50,14,9,1,4,4,5,7,4,4,9,4,5,2,12,2,23,2,8,1,1,7,5,1,10,1,14,,8,8,1,5,4,121.5126418,25.03683902
111,9,1,11,17,2,05中正區,中正區重慶南路1段130號,0,0,2,2,C01,6,1,5,50,14,9,1,4,4,5,7,4,4,9,4,5,2,12,1,28,2,9,1,1,7,9,1,9,1,12,,44,8,1,3,3,121.5126418,25.03683902
111,9,1,11,40,2,09北投區,北投區承德路7段與實踐街口,0,0,1,1,B03,6,1,5,60,4,2,1,4,4,5,7,2,1,1,4,1,2,17,1,49,3,10,3,4,7,6,7,19,11,15,,9,9,2,22,9,121.5073382,25.11444519
111,9,1,11,40,2,09北投區,北投區承德路7段與實踐街口,0,0,1,2,C03,6,1,5,60,4,2,1,4,4,5,7,2,1,1,4,1,2,17,1,24,2,9,3,4,7,9,1,10,1,14,,44,9,1,22,9,121.5073382,25.11444519
111,9,1,12,21,2,04大安區,大安區師大路與師大路92巷口,0,0,1,1,C03,7,1,5,50,4,1,1,5,4,5,7,2,1,5,4,5,2,16,1,19,2,9,1,4,7,5,1,10,1,11,,8,8,1,22,9,121.528374,25.0225732
111,9,1,12,21,2,04大安區,大安區師大路與師大路92巷口,0,0,1,2,B03,7,1,5,50,4,1,1,5,4,5,7,2,1,5,4,5,2,16,1,43,3,10,1,4,7,9,1,8,1,5,,44,8,1,22,9,121.528374,25.0225732
111,9,1,12,49,2,06松山區,松山區八德路4段389巷與南京東路5段250巷2弄口,0,0,1,1,B12,6,1,5,30,3,1,1,4,4,5,7,4,4,10,5,5,2,17,1,59,3,10,1,1,7,6,1,8,1,4,,8,8,1,22,9,121.5681571,25.05066586
111,9,1,12,49,2,06松山區,松山區八德路4段389巷與南京東路5段250巷2弄口,0,0,1,2,C03,6,1,5,30,3,1,1,4,4,5,7,4,4,10,5,5,2,17,1,36,3,10,1,1,7,6,1,10,1,14,,44,8,1,22,9,121.5681571,25.05066586
111,9,1,12,49,2,06松山區,松山區八德路4段389巷與南京東路5段250巷2弄口,0,0,1,3,H02,6,1,5,30,3,1,1,4,4,5,7,4,4,10,5,5,2,17,1,31,2,8,1,5,7,21,8,20,10,16,,67,8,1,22,9,121.5681571,25.05066586
111,9,1,12,55,2,08士林區,士林區文昌路與美崙街口,0,0,1,1,C03,6,1,5,50,4,1,1,4,4,5,2,2,1,4,3,5,2,12,1,64,2,8,1,4,7,6,1,10,1,11,,9,9,1,22,9,121.5207818,25.09686656
111,9,1,12,55,2,08士林區,士林區文昌路與美崙街口,0,0,1,2,B03,6,1,5,50,4,1,1,4,4,5,2,2,1,4,3,5,2,12,1,51,3,10,3,4,7,9,1,8,1,8,,44,9,1,22,9,121.5207818,25.09686656
111,9,1,12,56,2,01大同區,大同區南京西路與華亭街口,0,0,2,1,C03,8,1,5,50,3,1,1,5,4,5,7,4,4,5,4,5,2,9,1,34,2,9,3,4,7,9,1,10,2,11,,15,15,1,22,9,121.5130964,25.05401947
111,9,1,12,56,2,01大同區,大同區南京西路與華亭街口,0,0,2,2,H01,8,1,5,50,3,1,1,5,4,5,7,4,4,5,4,5,2,9,2,48,2,9,4,5,8,18,8,20,10,16,,67,15,1,22,9,121.5130964,25.05401947
111,9,1,12,56,2,01大同區,大同區南京西路與華亭街口,0,0,2,3,C03,8,1,5,50,3,1,1,5,4,5,7,4,4,5,4,5,2,9,1,38,3,10,3,4,7,13,1,10,9,13,,44,15,1,22,9,121.5130964,25.05401947
111,9,1,12,56,2,01大同區,大同區南京西路與華亭街口,0,0,2,4,C03,8,1,5,50,3,1,1,5,4,5,7,4,4,5,4,5,2,9,1,22,3,10,3,4,7,21,7,19,9,12,,44,15,1,22,9,121.5130964,25.05401947
111,9,1,12,56,2,01大同區,大同區南京西路與華亭街口,0,0,2,5,C03,8,1,5,50,3,1,1,5,4,5,7,4,4,5,4,5,2,9,1,44,3,10,3,4,7,13,7,19,9,14,,44,15,1,22,9,121.5130964,25.05401947
111,9,1,12,56,2,01大同區,大同區南京西路與華亭街口,0,0,2,6,C03,8,1,5,50,3,1,1,5,4,5,7,4,4,5,4,5,2,9,2,60,3,10,3,4,7,13,7,19,9,12,,44,15,1,22,9,121.5130964,25.05401947
111,9,1,12,56,2,01大同區,大同區南京西路與華亭街口,0,0,2,7,C03,8,1,5,50,3,1,1,5,4,5,7,4,4,5,4,5,2,9,2,40,3,10,3,4,7,13,7,19,9,12,,44,15,1,22,9,121.5130964,25.05401947
111,9,1,12,56,2,01大同區,大同區南京西路與華亭街口,0,0,2,8,C03,8,1,5,50,3,1,1,5,4,5,7,4,4,5,4,5,2,9,2,26,3,10,3,4,7,21,7,19,9,12,,44,15,1,22,9,121.5130964,25.05401947
111,9,1,12,58,2,04大安區,大安區仁愛路3段與新生南路1段口,0,0,1,1,B01,7,1,5,50,4,1,1,5,4,5,7,1,1,1,5,5,1,13,1,41,3,10,1,1,7,9,1,4,2,8,,16,16,1,22,9,121.5329177,25.0380415
111,9,1,12,58,2,04大安區,大安區仁愛路3段與新生南路1段口,0,0,1,2,C03,7,1,5,50,4,1,1,5,4,5,7,1,1,1,5,5,1,13,2,38,2,9,1,1,7,9,1,10,2,13,,44,16,1,22,9,121.5329177,25.0380415
111,9,1,13,10,2,07信義區,信義區忠孝東路5段68號,0,0,1,1,C04,6,1,5,50,14,9,1,4,4,5,7,4,4,9,5,5,1,18,2,33,2,9,1,1,7,9,1,10,1,12,,16,16,1,22,9,121.5669667,25.0410175
111,9,1,13,10,2,07信義區,信義區忠孝東路5段68號,0,0,1,2,,6,1,5,50,14,9,1,4,4,5,7,4,4,9,5,5,1,18,3,,,,,,,,,,,,,67,16,1,,,121.5669667,25.0410175
111,9,1,13,19,2,04大安區,大安區和平東路3段與基隆路2段口,0,0,1,1,B03,6,1,5,50,4,1,1,4,4,5,7,2,1,1,4,5,2,16,2,52,3,10,1,4,7,6,1,8,1,5,,9,9,1,22,9,121.5524488,25.0243961
111,9,1,13,19,2,04大安區,大安區和平東路3段與基隆路2段口,0,0,1,2,C03,6,1,5,50,4,1,1,4,4,5,7,2,1,1,4,5,2,16,1,31,2,9,1,4,7,9,1,10,1,11,,13,9,1,22,9,121.5524488,25.0243961
111,9,1,13,50,2,12內湖區,內湖區內湖路3段與內湖路3段256巷口,0,0,1,1,C03,6,1,5,30,4,1,1,4,4,5,7,4,4,5,5,5,2,15,2,50,2,9,1,1,7,9,1,10,2,14,,6,6,1,22,9,121.5875738,25.08880237
111,9,1,13,50,2,12內湖區,內湖區內湖路3段與內湖路3段256巷口,0,0,1,2,B03,6,1,5,30,4,1,1,4,4,5,7,4,4,5,5,5,2,15,1,78,3,10,1,1,7,9,1,8,2,1,,44,6,1,22,9,121.5875738,25.08880237
111,9,1,13,55,2,09北投區,北投區承德路7段與吉利街口,0,0,1,1,C03,6,1,5,60,14,7,1,4,4,5,7,4,4,1,4,4,2,13,1,26,2,7,1,1,7,9,1,9,1,11,,43,43,1,22,9,121.5032644,25.1180437
111,9,1,13,55,2,09北投區,北投區承德路7段與吉利街口,0,0,1,2,B12,6,1,5,60,14,7,1,4,4,5,7,4,4,1,4,4,2,13,1,33,3,10,1,1,7,15,1,8,1,6,,43,43,1,22,9,121.5032644,25.1180437
111,9,1,15,11,2,04大安區,大安區新生南路2段50號,0,0,1,1,C03,8,1,5,0,14,9,1,5,4,5,7,4,4,5,4,5,2,17,1,55,3,10,1,1,7,15,1,10,1,13,,42,42,1,22,9,121.5341523,25.02893095
111,9,1,15,11,2,04大安區,大安區新生南路2段50號,0,0,1,2,C03,8,1,5,0,14,9,1,5,4,5,7,4,4,5,4,5,2,17,1,23,2,9,1,1,7,12,1,10,1,14,,14,42,1,22,9,121.5341523,25.02893095
111,9,1,15,11,2,04大安區,大安區新生南路2段50號,0,0,1,3,B02,8,1,5,0,14,9,1,5,4,5,7,4,4,5,4,5,2,17,1,39,3,10,1,1,7,1,1,8,11,15,,19,42,1,22,9,121.5341523,25.02893095
111,9,1,15,12,2,01大同區,大同區承德路2段與萬全街口,0,0,1,1,C03,8,1,5,50,4,2,1,5,4,5,7,2,1,1,4,5,2,16,2,57,2,9,3,4,7,15,1,10,2,12,,44,44,1,22,9,121.5181589,25.05840516
111,9,1,15,12,2,01大同區,大同區承德路2段與萬全街口,0,0,1,2,B03,8,1,5,50,4,2,1,5,4,5,7,2,1,1,4,5,2,16,1,66,3,10,3,4,7,9,3,18,2,8,,25,44,1,22,9,121.5181589,25.05840516
111,9,1,15,31,2,08士林區,士林區天母東路81巷與無名巷口,0,0,1,1,B03,6,1,5,30,3,2,1,4,4,5,7,4,4,10,5,5,1,9,1,48,3,10,1,1,7,2,1,8,2,3,,12,12,1,22,9,121.5353604,25.11864356
111,9,1,15,31,2,08士林區,士林區天母東路81巷與無名巷口,0,0,1,2,H01,6,1,5,30,3,2,1,4,4,5,7,4,4,10,5,5,1,9,2,64,2,9,4,5,8,17,8,20,10,16,,60,12,1,22,9,121.5353604,25.11864356
111,9,1,16,25,2,09北投區,北投區大業路157號,0,0,2,1,B03,6,1,5,60,14,9,1,4,4,5,7,4,4,1,4,4,2,16,1,69,3,10,1,1,7,6,1,8,2,2,,9,9,1,22,9,121.4986613,25.12481866