發生年度,發生月,發生日,發生時-Hours,發生分,處理別-編號,區序,肇事地點,死亡人數,2-30日死亡人數,受傷人數,當事人序號,車種,天候,光線,道路類別,速限-速度限制,道路型態,事故位置,路面狀況1,路面狀況2,路面狀況3,道路障礙1,道路障礙2,號誌1,號誌2,車道劃分-分向,車道劃分-分道1,車道劃分-分道2,車道劃分-分道3,事故類型及型態,性別,年齡,受傷程度,主要傷處,安全帽,行動電話,車輛用途,當事者行動狀態,駕駛資格情形,駕駛執照種類,飲酒情形,車輛撞擊部位1,車輛撞擊部位2,肇因碼-個別,肇因碼-主要,個人肇逃否,職業,旅次目的,座標-X,座標-Y
111,9,1,16,25,2,09北投區,北投區大業路157號,0,0,2,2,C03,6,1,5,60,14,9,1,4,4,5,7,4,4,1,4,4,2,16,1,56,2,8,1,1,7,9,1,10,2,14,,23,9,1,22,9,121.4986613,25.12481866
111,9,1,16,25,2,09北投區,北投區大業路157號,0,0,2,3,H02,6,1,5,60,14,9,1,4,4,5,7,4,4,1,4,4,2,16,1,52,2,9,4,5,7,21,8,20,10,16,,67,9,1,22,9,121.4986613,25.12481866
111,9,1,16,51,2,02萬華區,萬華區中華路2段408巷與中華路2段口,0,0,1,1,C03,8,1,5,50,5,1,1,5,4,5,7,1,1,9,4,4,1,3,1,55,3,10,1,1,7,9,1,10,1,11,,23,23,1,22,9,121.5057232,25.0281942
111,9,1,16,51,2,02萬華區,萬華區中華路2段408巷與中華路2段口,0,0,1,2,H01,8,1,5,50,5,1,1,5,4,5,7,1,1,9,4,4,1,3,2,45,2,9,4,5,8,18,8,20,10,16,,51,23,1,22,9,121.5057232,25.0281942
111,9,1,17,17,2,11南港區,南港區重陽路125巷1號,0,0,1,1,C03,8,1,5,50,14,9,1,5,4,5,7,4,4,5,5,5,2,17,1,61,2,7,1,1,7,11,6,10,8,14,,23,23,1,22,9,121.5981972,25.05640193
111,9,1,17,17,2,11南港區,南港區重陽路125巷1號,0,0,1,2,B03,8,1,5,50,14,9,1,5,4,5,7,4,4,5,5,5,2,17,1,20,3,10,1,1,7,13,1,8,1,4,,44,23,1,22,9,121.5981972,25.05640193
111,9,1,17,23,2,02萬華區,萬華區三水街與昆明街口,0,0,1,1,C03,8,1,5,30,4,1,1,5,4,1,7,4,4,10,5,5,2,15,2,43,2,8,1,1,7,9,4,11,1,11,,6,6,1,22,9,121.5033627,25.03584808
111,9,1,17,23,2,02萬華區,萬華區三水街與昆明街口,0,0,1,2,C03,8,1,5,30,4,1,1,5,4,1,7,4,4,10,5,5,2,15,2,23,3,10,1,1,7,9,1,9,1,12,,14,6,1,22,9,121.5033627,25.03584808
111,9,1,17,30,2,05中正區,中正區忠孝西路1段102號,0,0,1,1,B03,7,2,5,50,14,9,1,5,4,5,7,4,4,1,4,5,2,17,1,55,3,10,1,1,7,1,1,8,2,4,,19,19,1,22,9,121.5126817,25.0472715
111,9,1,17,30,2,05中正區,中正區忠孝西路1段102號,0,0,1,2,C03,7,2,5,50,14,9,1,5,4,5,7,4,4,1,4,5,2,17,1,26,2,7,1,1,7,9,1,10,2,12,,44,19,1,22,9,121.5126817,25.0472715
111,9,1,17,30,2,12內湖區,汐五高架旁堤外便道(橋墩編號PU8A旁),0,0,1,1,C03,7,1,5,50,14,9,1,5,4,5,7,4,4,8,5,5,1,12,2,38,2,8,3,4,7,9,1,10,1,12,,17,17,1,22,9,121.6177594,25.06547768
111,9,1,17,30,2,12內湖區,汐五高架旁堤外便道(橋墩編號PU8A旁),0,0,1,2,B12,7,1,5,50,14,9,1,5,4,5,7,4,4,8,5,5,1,12,1,27,3,10,3,4,7,9,1,4,1,4,,17,17,1,22,9,121.6177594,25.06547768
111,9,1,17,35,2,10文山區,文山區羅斯福路4段202號,0,0,1,1,C03,8,1,5,50,14,9,1,5,4,5,7,4,4,1,4,5,2,12,1,55,2,9,1,1,7,7,1,10,2,14,,44,44,1,22,9,121.5371034,25.0106819
111,9,1,17,35,2,10文山區,文山區羅斯福路4段202號,0,0,1,2,C03,8,1,5,50,14,9,1,5,4,5,7,4,4,1,4,5,2,12,1,24,3,10,1,1,7,9,1,10,2,12,,23,44,1,22,9,121.5371034,25.0106819
111,9,1,18,9,2,08士林區,士林區承德路4段與後港街口,0,0,2,1,C03,6,3,5,50,5,2,1,4,4,5,7,2,1,1,4,4,1,13,1,41,2,9,1,1,7,9,1,10,1,11,,16,16,1,22,9,121.5230868,25.0823124
111,9,1,18,9,2,08士林區,士林區承德路4段與後港街口,0,0,2,2,C03,6,3,5,50,5,2,1,4,4,5,7,2,1,1,4,4,1,13,1,32,2,7,1,1,7,9,3,18,1,13,,44,16,1,22,9,121.5230868,25.0823124
111,9,1,18,9,2,08士林區,士林區承德路4段與後港街口,0,0,2,3,C03,6,3,5,50,5,2,1,4,4,5,7,2,1,1,4,4,1,13,2,26,3,10,1,1,7,9,1,10,1,12,,13,16,1,22,9,121.5230868,25.0823124
111,9,1,18,9,2,08士林區,士林區承德路4段與後港街口,0,0,2,4,B03,6,3,5,50,5,2,1,4,4,5,7,2,1,1,4,4,1,13,2,52,3,10,1,1,7,8,1,8,1,15,,44,16,1,22,9,121.5230868,25.0823124
111,9,1,18,12,2,12內湖區,內湖區潭美街與安美街口,0,0,1,1,B12,6,3,5,40,4,1,1,4,4,5,7,2,1,5,5,5,1,15,1,21,3,10,1,1,7,15,1,8,1,6,,6,6,1,22,9,121.5967173,25.06058491
111,9,1,18,12,2,12內湖區,內湖區潭美街與安美街口,0,0,1,2,C03,6,3,5,40,4,1,1,4,4,5,7,2,1,5,5,5,1,15,1,23,2,9,1,1,7,21,1,10,1,11,,13,6,1,22,9,121.5967173,25.06058491
111,9,1,18,15,2,08士林區,士林區中山北路6段405巷60號,0,0,1,1,C03,7,1,5,50,14,9,1,5,4,5,7,4,4,10,5,5,2,17,1,63,2,9,1,1,7,9,1,10,1,12,,43,43,1,22,9,121.5271153,25.11553425
111,9,1,18,15,2,08士林區,士林區中山北路6段405巷60號,0,0,1,2,B03,7,1,5,50,14,9,1,5,4,5,7,4,4,10,5,5,2,17,1,38,3,10,1,1,7,9,1,8,1,15,,43,43,1,22,9,121.5271153,25.11553425
111,9,1,18,20,2,03中山區,中山區民族東路與林森北路口,0,0,2,1,C03,6,3,5,50,3,1,1,4,4,5,7,2,1,5,2,5,2,12,1,25,2,9,1,1,7,8,1,10,1,12,,7,7,1,5,1,121.52573,25.06843589
111,9,1,18,20,2,03中山區,中山區民族東路與林森北路口,0,0,2,2,C03,6,3,5,50,3,1,1,4,4,5,7,2,1,5,2,5,2,12,1,48,2,9,1,1,7,9,1,10,1,14,,44,7,1,5,1,121.52573,25.06843589
111,9,1,18,30,2,04大安區,大安區復興南路1段與復興南路1段340巷口,0,0,1,1,B01,6,1,5,50,15,18,1,4,4,5,7,2,1,1,4,5,2,3,1,64,3,10,1,4,7,5,1,1,1,8,,15,15,1,22,9,121.5434615,25.0361134
111,9,1,18,30,2,04大安區,大安區復興南路1段與復興南路1段340巷口,0,0,1,2,H01,6,1,5,50,15,18,1,4,4,5,7,2,1,1,4,5,2,3,1,53,2,9,4,5,8,16,8,20,10,16,,52,15,1,22,9,121.5434615,25.0361134
111,9,1,18,32,2,09北投區,北投區東華街2段與公館路口,0,0,1,1,B12,6,3,5,40,4,1,1,4,4,5,7,1,1,10,4,5,2,13,2,55,3,10,1,1,7,5,1,8,1,8,,16,8,1,22,9,121.5027643,25.121859
111,9,1,18,32,2,09北投區,北投區東華街2段與公館路口,0,0,1,2,C03,6,3,5,40,4,1,1,4,4,5,7,1,1,10,4,5,2,13,2,27,2,1,1,1,7,5,1,10,1,13,,16,8,1,22,9,121.5027643,25.121859
111,9,1,18,32,2,09北投區,北投區東華街2段與公館路口,0,0,1,3,B03,6,3,5,40,4,1,1,4,4,5,7,1,1,10,4,5,2,13,1,27,3,10,1,1,7,9,1,8,1,8,,23,8,1,22,9,121.5027643,25.121859
111,9,1,18,43,2,06松山區,松山區無名巷與光復北路103巷口,0,0,1,1,C03,8,3,5,30,4,1,1,5,4,5,7,4,4,10,5,5,2,15,1,29,3,10,1,1,7,9,1,10,1,11,,26,26,1,22,9,121.5591579,25.05092409
111,9,1,18,43,2,06松山區,松山區無名巷與光復北路103巷口,0,0,1,2,C03,8,3,5,30,4,1,1,5,4,5,7,4,4,10,5,5,2,15,2,45,3,10,1,1,7,9,1,10,1,14,,44,26,1,22,9,121.5591579,25.05092409
111,9,1,18,43,2,06松山區,松山區無名巷與光復北路103巷口,0,0,1,3,H02,8,3,5,30,4,1,1,5,4,5,7,4,4,10,5,5,2,15,2,8,2,8,1,1,7,21,8,20,1,16,,67,26,1,22,9,121.5591579,25.05092409
111,9,1,18,58,2,01大同區,大同區重慶北路1段與天水路口,0,0,2,1,C03,6,3,5,50,3,1,1,4,4,5,7,2,1,9,4,5,2,3,1,24,2,9,1,1,7,9,1,10,2,11,,15,15,1,22,9,121.51417,25.05338657
111,9,1,18,58,2,01大同區,大同區重慶北路1段與天水路口,0,0,2,2,H01,6,3,5,50,3,1,1,4,4,5,7,2,1,9,4,5,2,3,2,52,2,9,4,5,8,18,8,20,2,16,,52,15,1,22,9,121.51417,25.05338657
111,9,1,19,15,2,07信義區,信義區松壽路與松高路20巷口,0,0,2,1,C03,6,3,5,50,4,1,1,4,4,5,7,4,4,9,4,5,1,16,1,24,2,9,3,4,7,5,1,10,2,12,,8,8,1,22,9,121.567644,25.0358207
111,9,1,19,15,2,07信義區,信義區松壽路與松高路20巷口,0,0,2,2,B03,6,3,5,50,4,1,1,4,4,5,7,4,4,9,4,5,1,16,1,44,3,10,3,4,7,9,1,8,2,8,,44,8,1,22,9,121.567644,25.0358207
111,9,1,19,15,2,07信義區,信義區松壽路與松高路20巷口,0,0,2,3,H02,6,3,5,50,4,1,1,4,4,5,7,4,4,9,4,5,1,16,2,23,2,9,3,4,7,20,8,20,10,16,,67,8,1,22,9,121.567644,25.0358207
111,9,1,19,33,2,10文山區,文山區辛亥路4段168號,0,0,1,1,B03,6,3,5,50,14,9,1,4,4,5,7,2,1,1,4,5,2,3,1,51,3,10,1,3,7,9,1,8,1,1,,25,25,1,22,9,121.55628,25.0035945
111,9,1,19,33,2,10文山區,文山區辛亥路4段168號,0,0,1,2,H01,6,3,5,50,14,9,1,4,4,5,7,2,1,1,4,5,2,3,2,38,2,9,4,5,8,16,8,20,10,16,,67,25,1,22,9,121.55628,25.0035945
111,9,1,20,0,2,06松山區,松山區民生東路4段55巷與民生東路4段55巷3弄口,0,0,2,1,C03,6,3,5,30,3,2,1,4,4,5,7,4,4,10,5,5,2,16,2,42,2,9,1,1,7,1,1,10,1,11,,19,19,1,22,9,121.5505056,25.058299
111,9,1,20,0,2,06松山區,松山區民生東路4段55巷與民生東路4段55巷3弄口,0,0,2,2,C03,6,3,5,30,3,2,1,4,4,5,7,4,4,10,5,5,2,16,1,28,2,9,1,1,7,9,1,10,1,12,,23,19,1,22,9,121.5505056,25.058299
111,9,1,20,13,2,12內湖區,內湖區民權東路6段90巷25弄與民權東路6段90巷口,0,0,2,1,C03,6,3,5,30,3,1,1,4,4,5,7,4,4,10,5,5,2,16,1,59,2,9,1,1,7,9,1,10,1,11,,6,6,1,22,9,121.5860616,25.06753924
111,9,1,20,13,2,12內湖區,內湖區民權東路6段90巷25弄與民權東路6段90巷口,0,0,2,2,C03,6,3,5,30,3,1,1,4,4,5,7,4,4,10,5,5,2,16,2,43,2,9,1,1,7,9,1,10,1,12,,44,6,1,22,9,121.5860616,25.06753924
111,9,1,20,25,2,08士林區,士林區承德路4段333號,0,0,2,1,C03,6,3,5,50,3,1,1,4,4,5,7,4,4,1,4,4,1,16,1,19,3,10,3,4,7,8,1,10,1,12,,7,7,1,22,9,121.517325,25.09057272
111,9,1,20,25,2,08士林區,士林區承德路4段333號,0,0,2,2,C03,6,3,5,50,3,1,1,4,4,5,7,4,4,1,4,4,1,16,2,32,2,8,3,4,7,9,1,10,1,14,,44,7,1,22,9,121.517325,25.09057272
111,9,1,20,25,2,08士林區,士林區承德路4段333號,0,0,2,3,H02,6,3,5,50,3,1,1,4,4,5,7,4,4,1,4,4,1,16,2,54,2,8,3,5,7,20,8,20,10,15,,67,7,1,22,9,121.517325,25.09057272
111,9,1,20,28,2,05中正區,中正區金山南路1段與杭州南路1段143巷口,0,0,1,1,B01,6,3,5,30,3,1,1,4,4,5,7,4,4,1,4,5,2,17,1,68,3,10,1,1,7,6,1,4,2,15,,6,6,1,10,4,121.5274333,25.03550631
111,9,1,20,28,2,05中正區,中正區金山南路1段與杭州南路1段143巷口,0,0,1,2,C03,6,3,5,30,3,1,1,4,4,5,7,4,4,1,4,5,2,17,2,42,2,9,1,1,7,12,1,10,2,12,,42,6,1,22,1,121.5274333,25.03550631
111,9,1,20,30,2,12內湖區,內湖區港墘路與港華街口,0,0,1,1,B03,6,1,5,50,4,1,1,4,4,5,7,1,1,1,4,5,2,3,1,45,3,10,1,1,7,5,1,8,2,1,,15,15,1,22,9,121.5780754,25.0823472
111,9,1,20,30,2,12內湖區,內湖區港墘路與港華街口,0,0,1,2,H01,6,1,5,50,4,1,1,4,4,5,7,1,1,1,4,5,2,3,1,71,2,9,4,5,8,16,8,20,10,16,,67,15,1,22,9,121.5780754,25.0823472
111,9,1,21,20,2,07信義區,信義區松壽路與松仁路口,0,0,1,1,C03,6,1,5,50,3,1,1,4,4,5,7,1,1,9,2,5,2,12,2,17,2,8,1,1,7,5,2,18,1,11,,26,26,1,22,9,121.5682059,25.0358763
111,9,1,21,20,2,07信義區,信義區松壽路與松仁路口,0,0,1,2,B01,6,1,5,50,3,1,1,4,4,5,7,1,1,9,2,5,2,12,1,46,3,10,1,1,7,11,1,4,1,4,,44,26,1,22,9,121.5682059,25.0358763
111,9,1,22,22,2,05中正區,中正區武昌街1段與延平南路口,0,0,2,1,C03,6,3,5,50,4,1,1,4,4,5,7,4,4,10,4,5,2,17,2,44,3,10,1,1,7,5,1,10,2,15,,8,8,1,22,9,121.5101534,25.0441399
111,9,1,22,22,2,05中正區,中正區武昌街1段與延平南路口,0,0,2,2,C03,6,3,5,50,4,1,1,4,4,5,7,4,4,10,4,5,2,17,1,55,2,9,1,1,7,9,1,10,2,14,,44,8,1,22,9,121.5101534,25.0441399
111,9,1,22,22,2,05中正區,中正區武昌街1段與延平南路口,0,0,2,3,H02,6,3,5,50,4,1,1,4,4,5,7,4,4,10,4,5,2,17,1,18,2,8,4,5,7,20,8,20,10,16,,67,8,1,22,9,121.5101534,25.0441399
111,9,1,22,37,2,01大同區,大同區延平北路2段與南京西路口,0,0,1,1,C03,6,3,5,50,4,1,1,4,4,5,7,2,1,9,4,5,2,11,2,69,2,9,1,1,7,5,1,10,1,12,,6,6,1,22,9,121.5117536,25.05387371
111,9,1,22,37,2,01大同區,大同區延平北路2段與南京西路口,0,0,1,2,C03,6,3,5,50,4,1,1,4,4,5,7,2,1,9,4,5,2,11,2,35,3,10,1,1,7,9,1,10,1,11,,44,6,1,22,9,121.5117536,25.05387371
111,9,1,22,51,2,04大安區,大安區和平東路3段580號,0,0,2,1,B03,6,3,5,50,11,9,1,4,4,5,7,4,4,8,3,5,2,17,1,55,3,10,1,1,7,1,1,8,1,15,,19,19,1,22,9,121.5621692,25.0144894
111,9,1,22,51,2,04大安區,大安區和平東路3段580號,0,0,2,2,C03,6,3,5,50,11,9,1,4,4,5,7,4,4,8,3,5,2,17,1,24,2,9,1,1,7,9,1,10,1,14,,42,19,1,22,9,121.5621692,25.0144894
111,9,1,22,51,2,04大安區,大安區和平東路3段580號,0,0,2,3,H02,6,3,5,50,11,9,1,4,4,5,7,4,4,8,3,5,2,17,2,22,2,9,1,5,7,20,8,20,10,16,,67,19,1,22,9,121.5621692,25.0144894
111,9,2,1,48,2,01大同區,大同區民族西路與大龍街口,0,0,1,2,C03,6,3,5,50,4,1,1,4,4,5,7,2,1,5,5,5,2,15,1,55,2,9,1,1,7,9,1,10,1,11,,44,25,1,22,9,121.5158711,25.0686012
111,9,2,1,48,2,01大同區,大同區民族西路與大龍街口,0,0,1,1,B03,6,3,5,50,4,1,1,4,4,5,7,2,1,5,5,5,2,15,1,36,4,11,3,4,7,15,7,19,11,15,,25,25,2,22,9,121.5158711,25.0686012
111,9,2,3,44,1,03中山區,中山區建國高架道往北民權上方,1,0,1,1,B03,6,3,5,70,10,9,1,4,4,5,7,4,4,3,1,5,2,29,1,26,2,9,2,1,7,9,3,18,8,1,,21,21,1,22,9,121.5370396,25.05957156
111,9,2,3,44,1,03中山區,中山區建國高架道往北民權上方,1,0,1,2,,6,3,5,70,10,9,1,4,4,5,7,4,4,3,1,5,2,29,3,,,,,,,,,,,,,67,21,1,,,121.5370396,25.05957156
111,9,2,3,44,1,03中山區,中山區建國高架道往北民權上方,1,0,1,3,H02,6,3,5,70,10,9,1,4,4,5,7,4,4,3,1,5,2,29,2,27,1,9,2,5,7,20,8,20,10,16,,67,21,1,22,9,121.5370396,25.05957156
111,9,2,4,25,2,10文山區,文山區興隆路4段145巷23弄與興隆路4段145巷口,0,0,1,1,B11,6,3,5,50,4,1,1,4,4,5,5,4,4,5,5,5,2,15,1,25,3,10,1,1,7,9,1,3,2,8,,6,6,1,22,9,121.562775,24.9851687
111,9,2,4,25,2,10文山區,文山區興隆路4段145巷23弄與興隆路4段145巷口,0,0,1,2,C03,6,3,5,50,4,1,1,4,4,5,5,4,4,5,5,5,2,15,2,45,2,1,1,1,7,9,3,18,1,11,,44,6,1,22,9,121.562775,24.9851687
111,9,2,5,52,2,05中正區,中正區中華路2段與和平西路2段口,0,0,1,1,B03,6,2,5,50,4,1,1,4,4,5,7,2,1,3,4,5,2,15,1,33,3,10,1,1,7,9,1,8,1,1,,25,25,1,22,9,121.5053359,25.033445
111,9,2,5,52,2,05中正區,中正區中華路2段與和平西路2段口,0,0,1,2,C03,6,2,5,50,4,1,1,4,4,5,7,2,1,3,4,5,2,15,1,83,2,9,1,1,7,9,3,18,1,12,,44,25,1,22,9,121.5053359,25.033445
111,9,2,7,4,2,04大安區,大安區忠孝東路4段223巷與市民大道4段口,0,0,1,1,C03,6,1,5,40,3,2,1,4,4,5,7,1,1,1,4,5,2,17,2,23,4,11,3,4,7,6,7,19,11,15,,9,9,2,22,9,121.5536621,25.0442709
111,9,2,7,4,2,04大安區,大安區忠孝東路4段223巷與市民大道4段口,0,0,1,2,C03,6,1,5,40,3,2,1,4,4,5,7,1,1,1,4,5,2,17,2,22,2,9,1,1,7,9,1,10,1,11,,44,9,1,22,9,121.5536621,25.0442709
111,9,2,7,31,2,08士林區,士林區雨聲街雨農國小,0,0,1,1,B03,6,1,5,0,14,9,1,4,4,5,7,4,4,9,4,5,1,16,1,68,3,10,3,4,7,11,1,8,1,5,,10,10,1,22,9,121.5302286,25.10457621
111,9,2,7,31,2,08士林區,士林區雨聲街雨農國小,0,0,1,2,C03,6,1,5,0,14,9,1,4,4,5,7,4,4,9,4,5,1,16,1,58,2,9,3,4,7,9,1,10,1,11,,44,10,1,22,9,121.5302286,25.10457621
111,9,2,7,55,2,10文山區,文山區萬芳路與萬芳路105巷口,0,0,1,1,B03,6,1,5,50,3,2,1,4,4,5,7,1,1,5,4,5,2,16,2,63,3,10,1,1,7,1,1,8,1,8,,26,26,1,22,9,121.5624529,24.99747212
111,9,2,7,55,2,10文山區,文山區萬芳路與萬芳路105巷口,0,0,1,2,C03,6,1,5,50,3,2,1,4,4,5,7,1,1,5,4,5,2,16,2,34,2,9,1,1,7,9,1,10,1,12,,44,26,1,22,9,121.5624529,24.99747212
111,9,2,7,56,2,09北投區,北投區承德路7段351號,0,0,1,1,C03,6,1,5,60,14,7,1,4,4,5,7,4,4,1,4,4,2,12,1,43,3,10,1,1,7,7,1,10,2,14,,7,7,1,22,9,121.5025786,25.11831034
111,9,2,7,56,2,09北投區,北投區承德路7段351號,0,0,1,2,C03,6,1,5,60,14,7,1,4,4,5,7,4,4,1,4,4,2,12,2,34,2,9,1,1,7,9,1,10,2,11,,44,7,1,22,9,121.5025786,25.11831034
111,9,2,7,57,2,03中山區,中山區五常街與民族東路410巷口,0,0,2,1,H01,6,1,5,30,3,1,1,4,4,5,7,4,4,4,4,5,1,3,2,78,2,9,4,5,8,16,8,20,10,16,,51,51,1,22,9,121.5385093,25.0643024
111,9,2,7,57,2,03中山區,中山區五常街與民族東路410巷口,0,0,2,2,C03,6,1,5,30,3,1,1,4,4,5,7,4,4,4,4,5,1,3,1,47,2,9,1,4,7,9,1,10,2,11,,23,51,1,22,9,121.5385093,25.0643024
111,9,2,8,5,2,05中正區,中正區貴陽街1段往西-北一女,0,0,1,1,H02,6,1,5,50,14,9,1,4,4,5,7,4,4,5,4,5,2,9,2,17,3,10,4,5,7,19,8,20,10,16,,56,56,1,16,9,121.5131792,25.038822
111,9,2,8,5,2,05中正區,中正區貴陽街1段往西-北一女,0,0,1,2,C03,6,1,5,50,14,9,1,4,4,5,7,4,4,5,4,5,2,9,2,64,2,7,1,1,7,9,1,10,2,14,,44,56,1,22,9,121.5131792,25.038822
111,9,2,8,5,2,05中正區,中正區貴陽街1段往西-北一女,0,0,1,3,B03,6,1,5,50,14,9,1,4,4,5,7,4,4,5,4,5,2,9,2,48,3,10,1,1,7,14,1,8,2,2,,38,56,1,22,9,121.5131792,25.038822
111,9,2,8,5,2,10文山區,文山區辛亥路6段31號與辛亥路6段口,0,0,2,1,B03,6,1,5,0,3,2,1,4,4,5,7,4,4,9,4,5,1,17,1,68,4,11,3,4,7,1,7,19,11,15,,19,19,2,22,9,121.5524403,24.98892323
111,9,2,8,5,2,10文山區,文山區辛亥路6段31號與辛亥路6段口,0,0,2,2,C03,6,1,5,0,3,2,1,4,4,5,7,4,4,9,4,5,1,17,2,23,2,8,1,1,7,9,1,10,2,12,,44,19,1,22,9,121.5524403,24.98892323
111,9,2,8,5,2,10文山區,文山區辛亥路6段31號與辛亥路6段口,0,0,2,3,C03,6,1,5,0,3,2,1,4,4,5,7,4,4,9,4,5,1,17,2,35,2,9,1,1,7,9,1,10,2,15,,44,19,1,22,9,121.5524403,24.98892323
111,9,2,8,7,2,02萬華區,萬華區漢口街2段與西寧南路口,0,0,1,1,B03,6,1,5,50,4,1,1,4,4,5,7,1,1,8,5,5,2,12,1,43,3,10,2,1,7,5,1,8,1,8,,8,8,1,22,9,121.5024728,25.04796404
111,9,2,8,7,2,02萬華區,萬華區漢口街2段與西寧南路口,0,0,1,2,C03,6,1,5,50,4,1,1,4,4,5,7,1,1,8,5,5,2,12,1,59,2,9,1,1,7,9,1,10,1,12,,44,8,1,22,9,121.5024728,25.04796404
111,9,2,8,8,2,08士林區,士林區天玉街38巷18弄6號前,0,0,1,1,B03,6,1,5,50,14,9,1,4,4,5,7,4,4,5,2,5,1,12,2,41,3,10,1,1,7,6,1,8,1,5,,9,9,1,22,9,121.5296988,25.11923974
111,9,2,8,8,2,08士林區,士林區天玉街38巷18弄6號前,0,0,1,2,C03,6,1,5,50,14,9,1,4,4,5,7,4,4,5,2,5,1,12,2,43,2,9,1,1,7,9,1,10,1,11,,44,9,1,22,9,121.5296988,25.11923974
111,9,2,8,11,2,10文山區,文山區木柵路4段與木柵路4段111巷口口,0,0,1,1,C03,6,1,5,50,3,2,1,4,4,5,7,1,1,4,4,5,2,16,2,27,3,10,1,1,7,5,1,10,1,13,,26,26,1,22,9,121.5740862,24.9978181
111,9,2,8,11,2,10文山區,文山區木柵路4段與木柵路4段111巷口口,0,0,1,2,C03,6,1,5,50,3,2,1,4,4,5,7,1,1,4,4,5,2,16,1,25,2,7,1,1,7,9,1,10,1,11,,44,26,1,22,9,121.5740862,24.9978181
111,9,2,8,16,2,12內湖區,內湖區堤頂大道2段與瑞光路358巷口,0,0,2,1,C03,6,1,5,50,14,9,1,4,4,5,7,4,4,9,4,5,1,17,1,34,2,9,1,1,7,9,1,10,1,15,,43,43,1,22,9,121.5712825,25.07612175
111,9,2,8,16,2,12內湖區,內湖區堤頂大道2段與瑞光路358巷口,0,0,2,2,C03,6,1,5,50,14,9,1,4,4,5,7,4,4,9,4,5,1,17,2,25,2,9,1,1,7,9,1,10,1,11,,44,43,1,22,9,121.5712825,25.07612175
111,9,2,8,20,2,05中正區,中正區林森南路與信義路1段口,0,0,1,1,B01,6,1,5,50,3,1,1,4,4,5,7,1,1,10,5,5,2,12,1,60,3,10,1,1,7,5,1,4,2,4,,8,8,1,22,9,121.5211547,25.03712597
111,9,2,8,20,2,05中正區,中正區林森南路與信義路1段口,0,0,1,2,C03,6,1,5,50,3,1,1,4,4,5,7,1,1,10,5,5,2,12,2,27,2,8,1,1,7,9,1,10,2,12,,44,8,1,22,9,121.5211547,25.03712597
111,9,2,8,20,2,12內湖區,內湖區瑞湖街與民權東路6段15巷口,0,0,1,1,B03,6,1,5,50,4,1,1,4,4,5,7,1,1,4,5,5,1,12,1,30,3,10,3,4,7,9,1,8,1,4,,44,44,1,22,9,121.5764451,25.0689879
111,9,2,8,20,2,12內湖區,內湖區瑞湖街與民權東路6段15巷口,0,0,1,2,C03,6,1,5,50,4,1,1,4,4,5,7,1,1,4,5,5,1,12,2,32,2,8,3,4,7,8,1,10,1,12,,7,44,1,22,9,121.5764451,25.0689879
111,9,2,8,21,2,10文山區,文山區興隆路3段與興隆路3段192巷口,0,0,1,1,B03,6,1,5,50,4,2,1,4,4,5,7,1,1,1,4,5,2,3,1,29,3,10,1,1,7,5,1,8,2,1,,15,15,1,22,9,121.5587815,24.99803369
111,9,2,8,21,2,10文山區,文山區興隆路3段與興隆路3段192巷口,0,0,1,2,H01,6,1,5,50,4,2,1,4,4,5,7,1,1,1,4,5,2,3,2,37,2,8,4,5,8,16,8,20,10,16,,67,15,1,22,9,121.5587815,24.99803369
111,9,2,8,33,2,07信義區,信義區信義路5段180號,0,0,1,1,C03,6,1,5,50,14,9,1,4,4,5,7,4,4,3,4,5,2,12,1,49,2,8,3,4,7,8,4,8,1,12,,43,43,1,22,9,121.5741841,25.0332257
111,9,2,8,33,2,07信義區,信義區信義路5段180號,0,0,1,2,B02,6,1,5,50,14,9,1,4,4,5,7,4,4,3,4,5,2,12,1,18,3,10,3,4,7,9,1,8,1,4,,43,43,1,22,9,121.5741841,25.0332257
111,9,2,8,52,2,01大同區,大同區重慶北路1段與天水路口,0,0,1,1,B03,6,1,5,50,3,2,1,4,4,5,7,2,1,1,4,5,2,12,2,51,3,10,3,4,7,6,1,8,1,5,,9,9,1,22,9,121.514168,25.0535876
111,9,2,8,52,2,01大同區,大同區重慶北路1段與天水路口,0,0,1,2,C03,6,1,5,50,3,2,1,4,4,5,7,2,1,1,4,5,2,12,2,40,2,9,1,4,7,9,1,10,1,14,,44,9,1,22,9,121.514168,25.0535876
111,9,2,9,5,2,11南港區,南港區南港路1段2巷與南港路1段口,0,0,1,1,B03,6,1,5,50,3,2,1,4,4,5,7,4,4,8,3,5,2,17,1,53,3,10,1,1,7,6,1,8,1,15,,9,9,1,22,9,121.6199096,25.0548194
111,9,2,9,5,2,11南港區,南港區南港路1段2巷與南港路1段口,0,0,1,2,C03,6,1,5,50,3,2,1,4,4,5,7,4,4,8,3,5,2,17,2,40,2,9,1,1,7,9,1,10,1,15,,44,9,1,22,9,121.6199096,25.0548194
111,9,2,9,15,2,12內湖區,內湖區瑞光路與瑞光路7巷口,0,0,1,1,B02,6,1,5,30,3,1,1,4,4,5,7,4,4,4,5,5,1,15,2,62,3,10,3,4,7,15,1,8,11,1,,6,6,1,22,9,121.5846701,25.06825646
111,9,2,9,15,2,12內湖區,內湖區瑞光路與瑞光路7巷口,0,0,1,2,C03,6,1,5,30,3,1,1,4,4,5,7,4,4,4,5,5,1,15,1,25,2,8,3,4,7,9,1,10,11,11,,44,6,1,22,9,121.5846701,25.06825646
111,9,2,9,24,2,08士林區,士林區中山北路5段與中山北路5段260巷口,0,0,1,1,B01,6,1,5,50,3,1,1,4,4,5,7,2,1,5,4,5,1,16,1,69,3,10,1,1,7,6,1,4,1,5,,9,9,1,21,8,121.5268414,25.08732065