發生年度,發生月,發生日,發生時-Hours,發生分,處理別-編號,區序,肇事地點,死亡人數,2-30日死亡人數,受傷人數,當事人序號,車種,天候,光線,道路類別,速限-速度限制,道路型態,事故位置,路面狀況1,路面狀況2,路面狀況3,道路障礙1,道路障礙2,號誌1,號誌2,車道劃分-分向,車道劃分-分道1,車道劃分-分道2,車道劃分-分道3,事故類型及型態,性別,年齡,受傷程度,主要傷處,安全帽,行動電話,車輛用途,當事者行動狀態,駕駛資格情形,駕駛執照種類,飲酒情形,車輛撞擊部位1,車輛撞擊部位2,肇因碼-個別,肇因碼-主要,個人肇逃否,職業,旅次目的,座標-X,座標-Y
111,9,2,9,24,2,08士林區,士林區中山北路5段與中山北路5段260巷口,0,0,1,2,C03,6,1,5,50,3,1,1,4,4,5,7,2,1,5,4,5,1,16,1,40,2,9,1,1,7,9,1,10,1,14,,44,9,1,21,8,121.5268414,25.08732065
111,9,2,9,38,2,11南港區,南港區向陽路196巷8號與向陽路196巷口,0,0,1,1,B03,6,1,5,50,4,2,1,4,4,5,7,4,4,9,5,5,2,16,1,46,3,10,1,1,7,1,1,8,1,8,,19,19,1,22,9,121.5940015,25.056385
111,9,2,9,38,2,11南港區,南港區向陽路196巷8號與向陽路196巷口,0,0,1,2,C03,6,1,5,50,4,2,1,4,4,5,7,4,4,9,5,5,2,16,1,46,2,9,1,1,7,9,1,10,1,11,,23,19,1,22,9,121.5940015,25.056385
111,9,2,9,51,2,08士林區,士林區中正路福林公園停車場出入口,0,0,1,1,B03,6,1,5,50,14,9,1,4,4,5,7,4,4,3,4,5,1,17,1,78,3,10,1,1,7,6,1,8,1,2,,9,9,1,22,9,121.530306,25.0960898
111,9,2,9,51,2,08士林區,士林區中正路福林公園停車場出入口,0,0,1,2,C03,6,1,5,50,14,9,1,4,4,5,7,4,4,3,4,5,1,17,1,63,2,9,1,1,7,9,1,10,1,14,,23,9,1,22,9,121.530306,25.0960898
111,9,2,10,9,2,01大同區,大同區承德路3段與酒泉街口,0,0,1,1,B02,7,1,5,50,14,11,1,4,4,5,7,1,1,9,4,5,2,17,2,41,3,10,3,4,7,6,1,8,1,15,,9,9,1,22,9,121.5183743,25.0706787
111,9,2,10,9,2,01大同區,大同區承德路3段與酒泉街口,0,0,1,2,C03,7,1,5,50,14,11,1,4,4,5,7,1,1,9,4,5,2,17,2,25,2,9,2,4,7,9,1,10,6,12,,44,9,1,22,9,121.5183743,25.0706787
111,9,2,10,16,2,01大同區,大同區長安西路與鄭州路143巷口,0,0,1,1,C03,6,1,5,30,3,2,1,4,4,5,7,4,4,5,4,5,2,17,2,24,3,10,1,4,7,5,1,10,1,15,,8,8,1,22,9,121.5100165,25.0519932
111,9,2,10,16,2,01大同區,大同區長安西路與鄭州路143巷口,0,0,1,2,C03,6,1,5,30,3,2,1,4,4,5,7,4,4,5,4,5,2,17,2,41,2,9,1,4,7,9,1,10,1,14,,44,8,1,22,9,121.5100165,25.0519932
111,9,2,10,45,2,02萬華區,萬華區萬大路104號,0,0,1,1,B03,6,3,5,50,14,9,1,4,4,5,7,4,4,1,4,5,2,17,2,76,3,10,1,1,7,15,1,8,2,7,,42,42,1,22,9,121.5004662,25.03002961
111,9,2,10,45,2,02萬華區,萬華區萬大路104號,0,0,1,2,B03,6,3,5,50,14,9,1,4,4,5,7,4,4,1,4,5,2,17,1,54,3,10,1,1,7,2,1,8,2,2,,44,42,1,22,9,121.5004662,25.03002961
111,9,2,10,45,2,02萬華區,萬華區萬大路104號,0,0,1,3,E03,6,3,5,50,14,9,1,4,4,5,7,4,4,1,4,5,2,17,1,43,3,10,1,1,7,14,1,8,2,3,,44,42,1,22,9,121.5004662,25.03002961
111,9,2,10,45,2,02萬華區,萬華區萬大路104號,0,0,1,4,B01,6,3,5,50,14,9,1,4,4,5,7,4,4,1,4,5,2,17,1,57,2,2,1,1,7,14,1,4,2,6,,44,42,1,22,9,121.5004662,25.03002961
111,9,2,10,45,2,02萬華區,萬華區萬大路104號,0,0,1,5,B12,6,3,5,50,14,9,1,4,4,5,7,4,4,1,4,5,2,17,1,63,3,10,2,1,7,13,1,8,9,3,,44,42,1,22,9,121.5004662,25.03002961
111,9,2,11,26,2,05中正區,中正區貴陽街1段總統府南側,0,0,1,1,C03,6,1,5,50,14,9,1,4,4,2,7,4,4,5,4,5,2,29,1,72,2,9,1,1,7,9,1,10,1,12,,44,44,1,22,9,121.51163,25.0390001
111,9,2,11,26,2,05中正區,中正區貴陽街1段總統府南側,0,0,1,2,,6,1,5,50,14,9,1,4,4,2,7,4,4,5,4,5,2,29,3,,,,,,,,,,,,,61,44,1,,,121.51163,25.0390001
111,9,2,11,33,2,12內湖區,內湖區民權東路6段123巷與民權東路6段123巷20弄口,0,0,1,1,B12,6,1,5,30,4,1,1,4,4,5,7,4,4,5,5,5,1,11,1,53,3,10,1,1,7,5,1,8,1,5,,8,8,1,22,9,121.5928629,25.06971083
111,9,2,11,33,2,12內湖區,內湖區民權東路6段123巷與民權東路6段123巷20弄口,0,0,1,2,C03,6,1,5,30,4,1,1,4,4,5,7,4,4,5,5,5,1,11,2,50,2,9,1,1,7,9,1,10,1,11,,13,8,1,22,9,121.5928629,25.06971083
111,9,2,11,40,2,10文山區,文山區辛亥路4段240號,0,0,1,1,B03,6,1,5,50,14,9,1,4,4,5,7,4,4,1,4,5,2,12,2,36,3,10,1,1,7,7,1,8,1,3,,7,7,1,22,9,121.5550224,25.00167597
111,9,2,11,40,2,10文山區,文山區辛亥路4段240號,0,0,1,2,C03,6,1,5,50,14,9,1,4,4,5,7,4,4,1,4,5,2,12,1,43,2,9,1,1,7,9,1,10,1,11,,23,7,1,22,9,121.5550224,25.00167597
111,9,2,11,58,2,11南港區,南港區市民大道7段與玉成街口,0,0,1,1,C04,6,1,5,50,4,2,1,4,4,5,7,1,1,9,5,5,2,12,2,20,2,9,1,1,7,5,1,10,1,14,,8,8,1,22,9,121.5816435,25.04953
111,9,2,11,58,2,11南港區,南港區市民大道7段與玉成街口,0,0,1,2,C03,6,1,5,50,4,2,1,4,4,5,7,1,1,9,5,5,2,12,1,27,3,10,1,1,7,9,1,10,1,11,,23,8,1,22,9,121.5816435,25.04953
111,9,2,12,26,2,09北投區,北投區東陽街與懷德街口,0,0,1,1,B03,6,1,5,50,4,1,1,4,4,5,7,2,1,5,4,5,2,17,2,73,3,10,1,1,7,9,1,8,1,15,,25,25,1,22,9,121.51947,25.11233023
111,9,2,12,26,2,09北投區,北投區東陽街與懷德街口,0,0,1,2,C03,6,1,5,50,4,1,1,4,4,5,7,2,1,5,4,5,2,17,2,22,2,8,1,1,7,9,1,10,1,15,,44,25,1,22,9,121.51947,25.11233023
111,9,2,13,15,2,07信義區,信義區信安街115巷與信安街口,0,0,1,1,B01,6,1,5,50,3,1,1,4,4,5,7,4,4,10,5,5,2,17,1,63,4,11,3,4,7,15,7,19,9,15,,6,6,2,22,9,121.5561001,25.0247869
111,9,2,13,15,2,07信義區,信義區信安街115巷與信安街口,0,0,1,2,C03,6,1,5,50,3,1,1,4,4,5,7,4,4,10,5,5,2,17,1,24,2,8,1,1,7,9,1,10,9,12,,23,6,1,22,9,121.5561001,25.0247869
111,9,2,13,30,2,04大安區,大安區復興南路2段與瑞安街口,0,0,1,1,B02,6,1,5,30,3,1,1,4,4,5,7,4,4,10,5,5,2,12,1,44,3,10,3,4,7,6,1,8,1,6,,17,17,1,22,9,121.5437085,25.03283014
111,9,2,13,30,2,04大安區,大安區復興南路2段與瑞安街口,0,0,1,2,C03,6,1,5,30,3,1,1,4,4,5,7,4,4,10,5,5,2,12,1,33,2,7,1,4,7,6,1,10,1,11,,17,17,1,22,9,121.5437085,25.03283014
111,9,2,13,45,2,09北投區,北投區中和街與中和街441巷口,0,0,1,1,C03,6,1,5,50,5,1,1,4,4,5,7,3,1,5,4,5,1,12,2,20,2,9,1,1,7,4,1,10,1,12,,23,23,1,22,9,121.4982036,25.1433107
111,9,2,13,45,2,09北投區,北投區中和街與中和街441巷口,0,0,1,2,C03,6,1,5,50,5,1,1,4,4,5,7,3,1,5,4,5,1,12,2,44,3,10,1,1,7,4,1,10,1,12,,23,23,1,22,9,121.4982036,25.1433107
111,9,2,13,48,2,12內湖區,內湖區瑞湖街195號前,0,0,1,1,B03,6,1,5,50,14,9,1,4,4,5,7,4,4,9,5,5,2,13,1,70,3,10,1,1,7,9,1,8,1,8,,23,23,1,22,9,121.5764979,25.06801056
111,9,2,13,48,2,12內湖區,內湖區瑞湖街195號前,0,0,1,2,C04,6,1,5,50,14,9,1,4,4,5,7,4,4,9,5,5,2,13,1,57,2,9,1,1,7,4,1,10,1,13,,1,23,1,22,9,121.5764979,25.06801056
111,9,2,14,4,2,04大安區,大安區辛亥路3段與復興南路2段口,0,0,1,1,B03,6,1,5,50,5,1,1,4,4,5,7,4,4,1,5,5,2,17,1,39,3,10,1,1,7,6,1,8,2,15,,9,9,1,22,9,121.5434038,25.021475
111,9,2,14,4,2,04大安區,大安區辛亥路3段與復興南路2段口,0,0,1,2,C03,6,1,5,50,5,1,1,4,4,5,7,4,4,1,5,5,2,17,1,82,2,9,1,1,7,21,1,10,9,15,,44,9,1,22,9,121.5434038,25.021475
111,9,2,14,10,2,04大安區,大安區羅斯福路4段113巷與基隆路4段73巷口,0,0,1,1,B03,6,1,5,30,4,2,1,4,4,5,7,2,1,8,3,4,1,17,1,41,3,10,1,1,7,5,3,18,1,1,,23,23,1,11,3,121.540869,25.01146038
111,9,2,14,10,2,04大安區,大安區羅斯福路4段113巷與基隆路4段73巷口,0,0,1,2,F01,6,1,5,30,4,2,1,4,4,5,7,2,1,8,3,4,1,17,2,60,2,1,1,1,7,11,8,20,1,16,,11,23,1,19,7,121.540869,25.01146038
111,9,2,14,23,2,07信義區,信義區基隆路2段195號,0,0,1,1,C03,6,1,5,50,14,9,1,4,4,5,7,4,4,1,4,5,2,18,2,24,2,8,2,1,7,9,1,10,1,12,,42,42,1,22,9,121.553085,25.024781
111,9,2,14,23,2,07信義區,信義區基隆路2段195號,0,0,1,2,,6,1,5,50,14,9,1,4,4,5,7,4,4,1,4,5,2,18,3,,,,,,,,,,,,,67,42,1,,,121.553085,25.024781
111,9,2,15,2,2,03中山區,中山區中山北路3段與民族東路口,0,0,3,1,C03,6,1,5,50,4,1,1,4,4,5,7,1,1,1,3,5,1,17,1,58,2,8,1,1,7,9,1,10,1,11,,13,13,1,22,9,121.5228107,25.0687193
111,9,2,15,2,2,03中山區,中山區中山北路3段與民族東路口,0,0,3,2,C03,6,1,5,50,4,1,1,4,4,5,7,1,1,1,3,5,1,17,1,26,2,8,1,1,7,14,1,10,1,13,,44,13,1,22,9,121.5228107,25.0687193
111,9,2,15,2,2,03中山區,中山區中山北路3段與民族東路口,0,0,3,3,C03,6,1,5,50,4,1,1,4,4,5,7,1,1,1,3,5,1,17,2,51,2,8,1,1,7,14,1,10,1,14,,44,13,1,22,9,121.5228107,25.0687193
111,9,2,15,4,2,03中山區,中山區新生北路2段31-3號,0,0,1,1,B03,6,1,5,50,14,9,1,4,4,5,5,4,4,10,4,5,2,12,1,61,3,10,1,4,7,1,1,8,1,8,,19,19,1,22,9,121.5278318,25.0543437
111,9,2,15,4,2,03中山區,中山區新生北路2段31-3號,0,0,1,2,C03,6,1,5,50,14,9,1,4,4,5,5,4,4,10,4,5,2,12,1,25,2,9,1,4,7,9,1,10,1,11,,44,19,1,22,9,121.5278318,25.0543437
111,9,2,15,13,2,11南港區,南港區三重路往南,0,0,1,1,C03,6,1,5,50,14,9,1,4,4,5,7,4,4,8,3,5,2,17,2,58,2,9,1,1,7,9,1,10,1,15,,23,23,1,22,9,121.614026,25.0558976
111,9,2,15,13,2,11南港區,南港區三重路往南,0,0,1,2,C03,6,1,5,50,14,9,1,4,4,5,7,4,4,8,3,5,2,17,1,40,3,10,1,1,7,8,1,10,1,15,,7,23,1,22,9,121.614026,25.0558976
111,9,2,15,50,2,12內湖區,內湖區康寧路3段165巷與康寧路3段口,0,0,2,1,C03,6,1,5,50,4,1,1,4,4,5,7,1,1,1,4,4,2,16,1,42,2,9,1,1,7,5,1,10,1,12,,6,6,1,22,9,121.6113323,25.07048096
111,9,2,15,50,2,12內湖區,內湖區康寧路3段165巷與康寧路3段口,0,0,2,2,C03,6,1,5,50,4,1,1,4,4,5,7,1,1,1,4,4,2,16,2,56,2,9,1,1,7,9,1,10,1,15,,44,6,1,22,9,121.6113323,25.07048096
111,9,2,15,57,2,06松山區,松山區民權東路3段106巷21弄23號,0,0,1,1,B01,6,2,5,30,14,9,1,4,4,5,7,4,4,10,5,5,2,17,1,62,3,10,3,4,7,9,1,1,1,1,,6,6,1,22,9,121.5461606,25.05946251
111,9,2,15,57,2,06松山區,松山區民權東路3段106巷21弄23號,0,0,1,2,C03,6,2,5,30,14,9,1,4,4,5,7,4,4,10,5,5,2,17,1,52,2,9,1,1,7,9,1,10,1,12,,44,6,1,22,9,121.5461606,25.05946251
111,9,2,16,7,2,02萬華區,萬華區中華路2段416巷與國興路口,0,0,1,1,B01,6,1,5,50,4,1,1,4,4,5,7,1,1,8,3,5,1,17,1,48,3,10,1,1,7,5,1,2,2,5,,6,6,1,22,9,121.5051823,25.0274805
111,9,2,16,7,2,02萬華區,萬華區中華路2段416巷與國興路口,0,0,1,2,C03,6,1,5,50,4,1,1,4,4,5,7,1,1,8,3,5,1,17,2,22,2,8,1,1,7,9,1,10,2,11,,44,6,1,22,9,121.5051823,25.0274805
111,9,2,16,10,2,10文山區,文山區指南路2段161號,0,0,1,1,B03,6,1,5,50,14,9,1,4,4,5,7,4,4,9,4,5,2,12,1,69,3,10,3,4,7,1,1,8,1,4,,19,19,1,22,9,121.5774923,24.98732948
111,9,2,16,10,2,10文山區,文山區指南路2段161號,0,0,1,2,C03,6,1,5,50,14,9,1,4,4,5,7,4,4,9,4,5,2,12,1,69,2,9,1,4,7,9,1,10,1,12,,44,19,1,22,9,121.5774923,24.98732948
111,9,2,16,20,2,02萬華區,萬華區成都路81號,0,0,1,1,B03,6,1,5,50,14,9,1,4,4,5,7,4,4,10,5,5,2,12,2,29,3,10,1,1,7,6,1,8,1,5,,9,9,1,22,9,121.5052334,25.04295713
111,9,2,16,20,2,02萬華區,萬華區成都路81號,0,0,1,2,C03,6,1,5,50,14,9,1,4,4,5,7,4,4,10,5,5,2,12,2,26,2,1,1,1,7,9,1,10,1,14,,44,9,1,22,9,121.5052334,25.04295713
111,9,2,16,20,2,02萬華區,萬華區成都路81號,0,0,1,3,,6,1,5,50,14,9,1,4,4,5,7,4,4,10,5,5,2,12,3,,,,,,,,,,,,,67,9,1,,,121.5052334,25.04295713
111,9,2,16,30,2,07信義區,信義區福德街與林口街口,0,0,2,1,B03,6,1,5,50,4,1,1,4,4,5,7,2,1,9,4,5,2,16,1,46,3,10,1,1,7,6,1,8,2,2,,9,9,1,22,9,121.5784305,25.0361704
111,9,2,16,30,2,07信義區,信義區福德街與林口街口,0,0,2,2,C03,6,1,5,50,4,1,1,4,4,5,7,2,1,9,4,5,2,16,2,18,2,9,1,1,7,9,1,10,2,14,,44,9,1,22,9,121.5784305,25.0361704
111,9,2,16,30,2,07信義區,信義區福德街與林口街口,0,0,2,3,H01,6,1,5,50,4,1,1,4,4,5,7,2,1,9,4,5,2,16,2,55,2,8,4,5,8,17,8,20,10,16,,67,9,1,22,9,121.5784305,25.0361704
111,9,2,16,50,2,03中山區,中山區新生北路1段與吉林路14巷口,0,0,2,1,B03,6,1,5,50,3,2,1,4,4,5,7,4,4,5,5,5,2,17,1,41,3,10,1,4,7,6,1,8,2,15,,6,6,1,22,9,121.5283708,25.05059843
111,9,2,16,50,2,03中山區,中山區新生北路1段與吉林路14巷口,0,0,2,2,C03,6,1,5,50,3,2,1,4,4,5,7,4,4,5,5,5,2,17,1,22,2,9,1,4,7,9,1,10,2,14,,14,6,1,22,9,121.5283708,25.05059843
111,9,2,16,50,2,03中山區,中山區新生北路1段與吉林路14巷口,0,0,2,3,H02,6,1,5,50,3,2,1,4,4,5,7,4,4,5,5,5,2,17,2,24,2,7,1,4,7,20,8,20,10,16,,67,6,1,22,9,121.5283708,25.05059843
111,9,2,16,59,2,07信義區,信義區永吉路與永吉路30巷口,0,0,1,1,B12,6,1,5,50,4,1,1,4,4,5,7,2,1,1,4,5,1,23,1,57,2,9,3,4,7,9,1,8,1,1,,23,23,1,22,9,121.5689171,25.0456821
111,9,2,16,59,2,07信義區,信義區永吉路與永吉路30巷口,0,0,1,2,,6,1,5,50,4,1,1,4,4,5,7,2,1,1,4,5,1,23,3,,,,,,,,,,,,,67,23,1,,,121.5689171,25.0456821
111,9,2,16,59,2,07信義區,信義區永吉路與永吉路30巷口,0,0,1,3,,6,1,5,50,4,1,1,4,4,5,7,2,1,1,4,5,1,23,3,,,,,,,,,,,,,67,23,1,,,121.5689171,25.0456821
111,9,2,17,3,2,01大同區,大同區迪化街1段與涼州街口,0,0,1,1,B12,6,1,5,50,4,1,1,4,4,5,7,3,1,5,5,5,2,15,1,25,3,10,3,4,7,9,1,8,2,4,,23,23,1,22,9,121.5093324,25.0605678
111,9,2,17,3,2,01大同區,大同區迪化街1段與涼州街口,0,0,1,2,C03,6,1,5,50,4,1,1,4,4,5,7,3,1,5,5,5,2,15,2,63,2,8,1,4,7,9,1,10,2,11,,6,23,1,22,9,121.5093324,25.0605678
111,9,2,17,6,2,04大安區,大安區忠孝東路4段與敦化南路1段口,0,0,1,1,B03,8,1,5,50,4,1,1,4,4,5,7,2,1,1,4,1,2,12,2,28,2,7,1,1,7,9,1,8,1,5,,44,44,1,22,9,121.5491183,25.0415176
111,9,2,17,6,2,04大安區,大安區忠孝東路4段與敦化南路1段口,0,0,1,2,C03,8,1,5,50,4,1,1,4,4,5,7,2,1,1,4,1,2,12,1,19,3,10,1,1,7,7,1,10,1,14,,7,44,1,22,9,121.5491183,25.0415176
111,9,2,17,25,2,08士林區,士林區社子大橋與社子大橋口堤外道路,0,0,1,1,B03,6,1,5,50,3,2,1,4,4,5,7,1,1,7,4,5,2,17,2,25,3,10,1,1,7,6,1,8,1,5,,25,25,1,22,9,121.4949415,25.11092649
111,9,2,17,25,2,08士林區,士林區社子大橋與社子大橋口堤外道路,0,0,1,2,C03,6,1,5,50,3,2,1,4,4,5,7,1,1,7,4,5,2,17,2,22,2,9,1,1,7,5,1,10,1,14,,44,25,1,22,9,121.4949415,25.11092649
111,9,2,17,40,2,10文山區,文山區萬美街2段與辛亥路4段口103號辛亥國小後門,0,0,1,1,B03,7,2,5,30,14,9,1,4,4,5,7,4,4,5,4,5,2,17,1,60,3,10,1,1,7,13,1,8,1,15,,40,40,1,22,9,121.5592396,25.00576071
111,9,2,17,40,2,10文山區,文山區萬美街2段與辛亥路4段口103號辛亥國小後門,0,0,1,2,C03,7,2,5,30,14,9,1,4,4,5,7,4,4,5,4,5,2,17,2,34,2,9,1,1,7,9,1,10,1,14,,42,40,1,22,9,121.5592396,25.00576071
111,9,2,17,41,2,03中山區,中山區八德路2段與復興北路口,0,0,1,1,B03,6,1,5,50,4,1,1,4,4,5,7,1,1,5,4,5,2,16,1,28,3,10,1,1,7,9,1,8,1,2,,25,25,1,22,9,121.5440078,25.0475885
111,9,2,17,41,2,03中山區,中山區八德路2段與復興北路口,0,0,1,2,C03,6,1,5,50,4,1,1,4,4,5,7,1,1,5,4,5,2,16,1,52,2,8,1,1,7,9,1,10,1,11,,44,25,1,22,9,121.5440078,25.0475885
111,9,2,17,50,2,11南港區,南港區松河街與南港路3段256巷口,0,0,1,1,C03,6,1,5,30,3,1,1,4,4,5,7,4,4,8,3,5,2,17,1,62,3,10,1,1,7,5,1,10,1,15,,6,6,1,22,9,121.5845819,25.0532864
111,9,2,17,50,2,11南港區,南港區松河街與南港路3段256巷口,0,0,1,2,C03,6,1,5,30,3,1,1,4,4,5,7,4,4,8,3,5,2,17,2,58,2,9,1,1,7,9,1,10,1,15,,13,6,1,22,9,121.5845819,25.0532864
111,9,2,18,5,2,08士林區,士林區社中街140巷與社中街口,0,0,1,1,H01,6,2,5,0,3,1,1,4,4,5,7,4,4,5,5,5,2,3,1,30,2,8,4,5,8,16,8,20,10,16,,51,51,1,22,9,121.509839,25.09034011
111,9,2,18,5,2,08士林區,士林區社中街140巷與社中街口,0,0,1,2,C03,6,2,5,0,3,1,1,4,4,5,7,4,4,5,5,5,2,3,1,70,3,10,1,1,7,9,1,10,2,11,,14,51,1,22,9,121.509839,25.09034011
111,9,2,18,10,2,03中山區,中山區民權東路3段75巷2弄與民權東路3段75巷口,0,0,1,1,B03,8,3,5,30,3,1,1,4,4,5,7,4,4,9,4,5,2,16,1,30,3,10,1,1,7,9,1,8,1,1,,6,6,1,5,1,121.5436573,25.0629098
111,9,2,18,10,2,03中山區,中山區民權東路3段75巷2弄與民權東路3段75巷口,0,0,1,2,C03,8,3,5,30,3,1,1,4,4,5,7,4,4,9,4,5,2,16,1,43,2,9,1,1,7,9,1,10,1,11,,14,6,1,5,9,121.5436573,25.0629098
111,9,2,18,10,2,10文山區,文山區保儀路與保儀路26巷口,0,0,2,1,C03,6,3,5,50,4,1,1,4,4,5,7,2,1,5,2,5,2,17,2,48,2,9,3,4,7,5,1,10,1,12,,6,6,1,22,9,121.5686045,24.98833548
111,9,2,18,10,2,10文山區,文山區保儀路與保儀路26巷口,0,0,2,2,C03,6,3,5,50,4,1,1,4,4,5,7,2,1,5,2,5,2,17,2,63,2,9,1,4,7,9,1,10,1,11,,44,6,1,22,9,121.5686045,24.98833548
111,9,2,18,22,2,03中山區,中山區北安路588巷與北安路608巷14弄口,0,0,1,1,B03,6,3,5,30,4,2,1,4,4,5,7,1,3,10,5,5,2,17,1,54,3,10,1,1,7,6,1,8,1,15,,9,9,1,22,9,121.5503612,25.0810847
111,9,2,18,22,2,03中山區,中山區北安路588巷與北安路608巷14弄口,0,0,1,2,C03,6,3,5,30,4,2,1,4,4,5,7,1,3,10,5,5,2,17,1,25,2,9,1,1,7,12,1,10,1,12,,13,9,1,22,9,121.5503612,25.0810847
111,9,2,18,35,2,01大同區,大同區承德路2段與承德路2段1巷口,0,0,2,1,B03,6,3,5,50,3,2,1,4,4,5,7,4,4,1,4,5,2,16,1,50,2,7,1,1,7,7,1,8,2,8,,7,7,1,22,9,121.5178951,25.05370367
111,9,2,18,35,2,01大同區,大同區承德路2段與承德路2段1巷口,0,0,2,2,C03,6,3,5,50,3,2,1,4,4,5,7,4,4,1,4,5,2,16,1,21,2,9,1,1,7,4,1,10,2,12,,1,7,1,22,9,121.5178951,25.05370367
111,9,2,18,52,2,09北投區,北投區石牌路1段166巷與石牌路1段口口,0,0,1,1,C03,6,3,5,50,3,1,1,4,4,5,7,2,1,5,4,5,2,17,1,19,2,7,1,1,7,5,1,10,1,12,,43,43,1,22,9,121.513466,25.1144784
111,9,2,18,52,2,09北投區,北投區石牌路1段166巷與石牌路1段口口,0,0,1,2,C03,6,3,5,50,3,1,1,4,4,5,7,2,1,5,4,5,2,17,1,22,3,10,1,1,7,9,1,10,1,14,,43,43,1,22,9,121.513466,25.1144784
111,9,2,19,0,2,05中正區,中正區重慶南路3段與廈門街114巷口,0,0,1,1,,6,3,5,30,4,1,1,4,4,5,7,1,1,3,4,5,2,17,4,,4,11,3,4,7,15,7,19,11,15,,43,43,2,22,9,121.5169081,25.0231973
111,9,2,19,0,2,05中正區,中正區重慶南路3段與廈門街114巷口,0,0,1,2,C03,6,3,5,30,4,1,1,4,4,5,7,1,1,3,4,5,2,17,1,46,2,9,1,1,7,9,1,10,1,12,,43,43,1,22,9,121.5169081,25.0231973
111,9,2,19,0,2,12內湖區,內湖區康樂街191巷9號,0,0,1,1,B01,6,3,5,30,14,9,1,4,4,5,7,4,4,10,5,5,1,9,1,44,4,11,3,4,7,15,7,19,11,15,,43,43,2,22,9,121.6209076,25.07451085
111,9,2,19,0,2,12內湖區,內湖區康樂街191巷9號,0,0,1,2,H01,6,3,5,30,14,9,1,4,4,5,7,4,4,10,5,5,1,9,2,28,2,8,4,5,8,17,8,20,10,16,,67,43,1,22,9,121.6209076,25.07451085
111,9,2,19,0,2,11南港區,南港區南港路1段201號,0,0,1,1,B11,6,3,5,50,14,9,1,4,4,5,7,4,4,4,3,5,2,13,1,33,3,10,1,1,7,8,1,1,1,8,,23,23,1,22,9,121.6116206,25.05522516
111,9,2,19,0,2,11南港區,南港區南港路1段201號,0,0,1,2,B03,6,3,5,50,14,9,1,4,4,5,7,4,4,4,3,5,2,13,1,60,3,10,1,1,7,9,1,7,1,6,,44,23,1,22,9,121.6116206,25.05522516
111,9,2,19,0,2,11南港區,南港區南港路1段201號,0,0,1,3,H02,6,3,5,50,14,9,1,4,4,5,7,4,4,4,3,5,2,13,1,28,2,9,4,1,7,21,8,20,10,16,,67,23,1,22,9,121.6116206,25.05522516
111,9,2,19,13,2,06松山區,松山區民權東路4段與新中街口,0,0,2,1,C03,6,3,5,50,3,1,1,4,4,5,7,2,1,3,4,4,2,16,1,18,2,8,1,1,7,9,1,10,1,11,,25,25,1,22,9,121.5601529,25.06251616
111,9,2,19,13,2,06松山區,松山區民權東路4段與新中街口,0,0,2,2,C03,6,3,5,50,3,1,1,4,4,5,7,2,1,3,4,4,2,16,1,27,2,8,1,1,7,1,1,10,1,14,,19,25,1,22,9,121.5601529,25.06251616
111,9,2,19,25,2,05中正區,中正區仁愛路2段與金山南路1段口,0,0,1,1,B03,6,3,5,50,4,1,1,4,4,5,7,1,1,1,3,1,2,2,1,32,3,10,1,4,7,6,1,8,2,1,,15,15,1,22,9,121.5284538,25.03834087
111,9,2,19,25,2,05中正區,中正區仁愛路2段與金山南路1段口,0,0,1,2,H01,6,3,5,50,4,1,1,4,4,5,7,1,1,1,3,1,2,2,2,20,2,9,4,5,8,18,8,20,10,16,,67,15,1,22,9,121.5284538,25.03834087
111,9,2,19,30,2,03中山區,中山區新生北路2段與錦州街口,0,0,1,1,B03,6,3,5,50,4,1,1,4,4,5,7,1,1,1,4,5,2,1,1,56,3,10,1,1,7,5,1,8,1,5,,15,15,1,22,9,121.5274834,25.06025264
111,9,2,19,30,2,03中山區,中山區新生北路2段與錦州街口,0,0,1,2,H01,6,3,5,50,4,1,1,4,4,5,7,1,1,1,4,5,2,1,2,28,2,9,4,5,8,16,8,20,1,16,,67,15,1,22,9,121.5274834,25.06025264
111,9,2,19,30,2,05中正區,中正區忠孝東路1段與鎮江街口,0,0,1,1,B03,6,3,5,50,4,2,1,4,4,5,7,2,1,1,4,5,2,13,1,26,2,8,1,1,7,12,1,8,1,1,,23,23,1,22,9,121.5215964,25.04517177
111,9,2,19,30,2,05中正區,中正區忠孝東路1段與鎮江街口,0,0,1,2,B12,6,3,5,50,4,2,1,4,4,5,7,2,1,1,4,5,2,13,1,58,3,10,1,1,7,14,1,8,1,3,,44,23,1,22,9,121.5215964,25.04517177
111,9,2,19,37,2,10文山區,文山區辛亥路5段88號前,0,0,1,1,B03,6,3,5,50,14,9,1,4,4,5,7,4,4,1,4,5,2,17,1,32,3,10,1,1,7,14,1,8,2,4,,40,40,1,22,9,121.5533649,24.99862982
111,9,2,19,37,2,10文山區,文山區辛亥路5段88號前,0,0,1,2,C03,6,3,5,50,14,9,1,4,4,5,7,4,4,1,4,5,2,17,2,46,2,9,1,1,7,9,1,10,2,12,,44,40,1,22,9,121.5533649,24.99862982
111,9,2,20,0,2,05中正區,中正區重慶南路3段與汀州路2段口,0,0,1,1,,6,3,5,30,4,1,1,4,4,5,7,1,1,3,4,5,2,17,4,,4,11,3,4,7,15,7,19,11,15,,43,43,2,22,9,121.5164789,25.0254331
111,9,2,20,0,2,05中正區,中正區重慶南路3段與汀州路2段口,0,0,1,2,C03,6,3,5,30,4,1,1,4,4,5,7,1,1,3,4,5,2,17,1,30,2,9,1,1,7,9,1,10,1,12,,43,43,1,22,9,121.5164789,25.0254331