發生年度,發生月,發生日,發生時-Hours,發生分,處理別-編號,區序,肇事地點,死亡人數,2-30日死亡人數,受傷人數,當事人序號,車種,天候,光線,道路類別,速限-速度限制,道路型態,事故位置,路面狀況1,路面狀況2,路面狀況3,道路障礙1,道路障礙2,號誌1,號誌2,車道劃分-分向,車道劃分-分道1,車道劃分-分道2,車道劃分-分道3,事故類型及型態,性別,年齡,受傷程度,主要傷處,安全帽,行動電話,車輛用途,當事者行動狀態,駕駛資格情形,駕駛執照種類,飲酒情形,車輛撞擊部位1,車輛撞擊部位2,肇因碼-個別,肇因碼-主要,個人肇逃否,職業,旅次目的,座標-X,座標-Y
111,9,2,20,0,2,05中正區,中正區重慶南路3段與汀州路2段口,0,0,1,3,B01,6,3,5,30,4,1,1,4,4,5,7,1,1,3,4,5,2,17,1,61,3,10,1,1,7,9,1,4,1,3,,43,43,1,22,9,121.5164789,25.0254331
111,9,2,20,0,2,06松山區,松山區民權東路4段200號對面007號燈桿,0,0,1,1,C03,6,3,5,40,14,8,1,4,4,5,7,4,4,9,4,4,2,12,1,32,3,10,1,1,7,9,1,10,1,12,,23,23,1,22,9,121.5617552,25.06271188
111,9,2,20,0,2,06松山區,松山區民權東路4段200號對面007號燈桿,0,0,1,2,C03,6,3,5,40,14,8,1,4,4,5,7,4,4,9,4,4,2,12,1,32,2,9,1,1,7,13,1,10,1,15,,42,23,1,22,9,121.5617552,25.06271188
111,9,2,20,0,2,11南港區,南港區市民大道8段與興華路口,0,0,1,1,C03,6,3,5,50,3,2,1,4,4,5,7,2,1,1,4,5,2,17,1,21,2,8,1,1,7,7,1,10,1,14,,42,42,1,22,9,121.6067162,25.0532418
111,9,2,20,0,2,11南港區,南港區市民大道8段與興華路口,0,0,1,2,A02,6,3,5,50,3,2,1,4,4,5,7,2,1,1,4,5,2,17,1,51,3,10,1,1,7,7,1,2,1,15,,44,42,1,22,9,121.6067162,25.0532418
111,9,2,20,0,2,11南港區,南港區市民大道8段與興華路口,0,0,1,3,B01,6,3,5,50,3,2,1,4,4,5,7,2,1,1,4,5,2,17,1,63,3,10,1,1,7,14,1,4,1,15,,26,42,1,22,9,121.6067162,25.0532418
111,9,2,21,6,2,08士林區,士林區中正路707巷口,0,0,2,1,C03,6,3,5,30,14,9,1,4,4,5,7,4,4,1,5,5,2,3,2,23,2,8,1,1,7,9,1,10,2,11,,23,23,1,22,9,121.5066611,25.08575455
111,9,2,21,6,2,08士林區,士林區中正路707巷口,0,0,2,2,H01,6,3,5,30,14,9,1,4,4,5,7,4,4,1,5,5,2,3,2,77,2,1,4,5,8,18,8,20,1,16,,53,23,1,22,9,121.5066611,25.08575455
111,9,2,21,16,2,03中山區,中山區中山北路2段與民權東路1段口,0,0,1,1,B03,8,3,5,50,4,2,1,5,4,5,7,1,1,1,4,5,2,17,4,,4,11,3,4,7,7,7,19,11,15,,43,43,2,22,9,121.5227158,25.06284478
111,9,2,21,16,2,03中山區,中山區中山北路2段與民權東路1段口,0,0,1,2,C03,8,3,5,50,4,2,1,5,4,5,7,1,1,1,4,5,2,17,1,27,2,9,1,1,7,9,1,10,1,15,,44,43,1,22,9,121.5227158,25.06284478
111,9,2,21,18,2,04大安區,大安區信義路4段與復興南路1段口,0,0,1,1,B03,6,3,5,50,4,2,1,4,4,5,7,2,1,1,4,5,2,2,1,69,3,10,1,1,7,5,1,8,1,8,,15,15,1,22,9,121.5435458,25.03335498
111,9,2,21,18,2,04大安區,大安區信義路4段與復興南路1段口,0,0,1,2,H01,6,3,5,50,4,2,1,4,4,5,7,2,1,1,4,5,2,2,1,58,2,9,4,5,8,16,8,20,10,16,,67,15,1,22,9,121.5435458,25.03335498
111,9,2,21,36,2,05中正區,中正區忠孝東路2段64巷與忠孝東路2段口,0,0,1,1,B01,6,3,5,30,3,2,1,4,4,5,7,2,1,3,4,4,2,12,1,47,3,10,1,1,7,6,1,8,2,2,,9,9,1,22,9,121.5286943,25.04338808
111,9,2,21,36,2,05中正區,中正區忠孝東路2段64巷與忠孝東路2段口,0,0,1,2,C03,6,3,5,30,3,2,1,4,4,5,7,2,1,3,4,4,2,12,1,22,2,8,1,1,7,14,1,10,2,14,,44,9,1,22,9,121.5286943,25.04338808
111,9,2,22,15,2,11南港區,南港區市民大道8段與中南街42巷口,0,0,2,1,C03,6,3,5,50,4,1,1,4,4,5,7,3,1,1,3,5,2,16,1,27,2,6,1,1,7,11,1,10,1,14,,10,10,1,22,9,121.613318,25.0539967
111,9,2,22,15,2,11南港區,南港區市民大道8段與中南街42巷口,0,0,2,2,C03,6,3,5,50,4,1,1,4,4,5,7,3,1,1,3,5,2,16,1,20,2,9,1,1,7,9,1,10,1,14,,23,10,1,22,9,121.613318,25.0539967
111,9,2,22,43,2,10文山區,文山區三福街4巷與羅斯福路6段159巷口口,0,0,1,1,B03,6,3,5,30,4,1,1,4,4,5,7,4,4,10,5,5,2,15,1,27,3,10,1,1,7,9,1,8,1,1,,6,6,1,22,9,121.5428379,24.9970017
111,9,2,22,43,2,10文山區,文山區三福街4巷與羅斯福路6段159巷口口,0,0,1,2,C03,6,3,5,30,4,1,1,4,4,5,7,4,4,10,5,5,2,15,1,21,2,9,1,1,7,9,1,10,1,12,,14,6,1,22,9,121.5428379,24.9970017
111,9,2,22,54,2,01大同區,大同區延平北路3段與民族西路口,0,0,2,1,B01,6,3,5,50,4,1,1,4,4,5,7,1,1,5,4,5,2,16,1,49,3,10,1,1,7,5,1,4,1,2,,6,6,1,22,9,121.5108876,25.06870801
111,9,2,22,54,2,01大同區,大同區延平北路3段與民族西路口,0,0,2,2,C03,6,3,5,50,4,1,1,4,4,5,7,1,1,5,4,5,2,16,1,20,2,9,1,1,7,9,1,10,1,12,,23,6,1,22,9,121.5108876,25.06870801
111,9,2,22,54,2,01大同區,大同區延平北路3段與民族西路口,0,0,2,3,H02,6,3,5,50,4,1,1,4,4,5,7,1,1,5,4,5,2,16,1,20,2,9,4,5,7,21,8,20,10,16,,67,6,1,22,9,121.5108876,25.06870801
111,9,3,0,49,2,08士林區,士林區中山北路5段038燈桿,0,0,3,1,B03,6,3,5,50,14,9,1,4,4,5,7,4,4,1,5,5,2,26,1,19,2,9,1,1,7,7,1,8,2,1,,13,13,1,22,9,121.5277258,25.09202676
111,9,3,0,49,2,08士林區,士林區中山北路5段038燈桿,0,0,3,2,,6,3,5,50,14,9,1,4,4,5,7,4,4,1,5,5,2,26,3,,,,,,,,,,,,,67,13,1,,,121.5277258,25.09202676
111,9,3,0,49,2,08士林區,士林區中山北路5段038燈桿,0,0,3,3,,6,3,5,50,14,9,1,4,4,5,7,4,4,1,5,5,2,26,3,,,,,,,,,,,,,67,13,1,,,121.5277258,25.09202676
111,9,3,0,49,2,08士林區,士林區中山北路5段038燈桿,0,0,3,4,H02,6,3,5,50,14,9,1,4,4,5,7,4,4,1,5,5,2,26,2,18,2,9,4,5,7,20,8,20,10,16,,67,13,1,22,9,121.5277258,25.09202676
111,9,3,0,49,2,08士林區,士林區中山北路5段038燈桿,0,0,3,5,H02,6,3,5,50,14,9,1,4,4,5,7,4,4,1,5,5,2,26,2,16,2,9,1,1,7,20,8,20,10,16,,67,13,1,22,9,121.5277258,25.09202676
111,9,3,1,41,2,05中正區,中正區重慶南路1段與漢口街1段口,0,0,1,1,C03,6,3,5,50,4,1,1,4,4,5,7,2,1,10,4,5,2,15,1,28,2,9,1,1,7,9,1,10,11,14,,25,25,1,22,9,121.513239,25.04516799
111,9,3,1,41,2,05中正區,中正區重慶南路1段與漢口街1段口,0,0,1,2,B01,6,3,5,50,4,1,1,4,4,5,7,2,1,10,4,5,2,15,1,59,3,10,1,1,7,9,1,4,2,5,,44,25,1,22,9,121.513239,25.04516799
111,9,3,2,45,2,04大安區,大安區基隆路4段向南台科大前,0,0,1,1,C03,6,3,5,50,14,7,1,4,4,5,7,2,1,1,4,4,2,13,1,22,2,8,1,1,7,9,1,10,9,11,,23,23,1,22,9,121.5404608,25.0140557
111,9,3,2,45,2,04大安區,大安區基隆路4段向南台科大前,0,0,1,2,C03,6,3,5,50,14,7,1,4,4,5,7,2,1,1,4,4,2,13,2,30,3,10,1,1,7,15,1,10,9,13,,44,23,1,22,9,121.5404608,25.0140557
111,9,3,7,1,2,04大安區,大安區復興南路1段與大安路1段116巷口,0,0,1,1,B01,6,1,5,50,4,1,1,4,4,5,7,2,1,1,4,5,2,16,1,62,3,10,1,1,7,11,1,4,1,2,,10,10,1,22,9,121.5438067,25.0399369
111,9,3,7,1,2,04大安區,大安區復興南路1段與大安路1段116巷口,0,0,1,2,C03,6,1,5,50,4,1,1,4,4,5,7,2,1,1,4,5,2,16,1,66,2,9,1,1,7,9,1,10,1,11,,44,10,1,22,9,121.5438067,25.0399369
111,9,3,7,10,2,03中山區,中山區林森北路410號,0,0,1,1,B01,6,1,5,50,14,9,1,4,4,5,7,4,4,9,5,5,2,17,1,39,3,10,1,1,7,1,1,4,11,8,,19,19,1,22,9,121.5255292,25.0596865
111,9,3,7,10,2,03中山區,中山區林森北路410號,0,0,1,2,C03,6,1,5,50,14,9,1,4,4,5,7,4,4,9,5,5,2,17,1,33,2,9,1,1,7,9,1,10,11,12,,44,19,1,22,9,121.5255292,25.0596865
111,9,3,7,10,2,12內湖區,內湖區成功路2段與成功路2段193巷口,0,0,1,1,B12,6,2,5,50,3,1,1,4,4,5,7,4,4,1,4,5,2,12,1,62,3,10,1,1,7,8,1,8,1,2,,7,7,1,22,9,121.5906986,25.0667283
111,9,3,7,10,2,12內湖區,內湖區成功路2段與成功路2段193巷口,0,0,1,2,C03,6,2,5,50,3,1,1,4,4,5,7,4,4,1,4,5,2,12,1,51,2,9,1,1,7,9,1,10,1,11,,44,7,1,22,9,121.5906986,25.0667283
111,9,3,7,45,2,07信義區,信義區松信路63號,0,0,1,2,C03,6,1,5,0,15,9,1,4,4,5,7,2,1,3,4,5,2,17,1,52,2,3,1,1,7,12,1,10,2,14,,13,43,1,22,9,121.5724176,25.04712763
111,9,3,7,45,2,07信義區,信義區松信路63號,0,0,1,1,F01,6,1,5,0,15,9,1,4,4,5,7,2,1,3,4,5,2,17,4,,4,11,3,4,7,15,7,19,11,15,,43,43,2,22,9,121.5724176,25.04712763
111,9,3,8,38,2,04大安區,大安區敦化南路1段270巷與仁愛路4段71巷口,0,0,2,1,C03,6,1,5,30,4,1,1,4,4,5,7,4,4,10,4,5,2,15,1,40,2,9,1,1,7,9,1,10,1,14,,6,6,1,22,9,121.5471336,25.0389795
111,9,3,8,38,2,04大安區,大安區敦化南路1段270巷與仁愛路4段71巷口,0,0,2,2,C03,6,1,5,30,4,1,1,4,4,5,7,4,4,10,4,5,2,15,1,30,2,9,1,1,7,9,1,10,1,11,,23,6,1,22,9,121.5471336,25.0389795
111,9,3,8,40,2,05中正區,中正區青島東路與紹興南街口,0,0,1,1,B12,6,1,5,50,4,1,1,4,4,5,7,1,1,10,3,5,2,15,1,55,3,10,1,1,7,9,1,8,2,8,,25,25,1,22,9,121.5247611,25.04319807
111,9,3,8,40,2,05中正區,中正區青島東路與紹興南街口,0,0,1,2,C03,6,1,5,50,4,1,1,4,4,5,7,1,1,10,3,5,2,15,1,33,2,9,1,1,7,9,1,10,2,11,,44,25,1,22,9,121.5247611,25.04319807
111,9,3,8,40,2,05中正區,中正區青島東路與紹興南街口,0,0,1,3,B01,6,1,5,50,4,1,1,4,4,5,7,1,1,10,3,5,2,15,1,38,3,10,1,1,7,9,1,4,2,5,,44,25,1,22,9,121.5247611,25.04319807
111,9,3,8,45,2,07信義區,信義區永吉路502巷與中坡北路15巷口,0,0,1,1,C03,6,1,5,30,4,1,1,4,4,5,7,4,4,10,5,5,1,15,1,30,2,9,1,1,7,9,1,10,1,11,,6,6,1,22,9,121.5800334,25.0447511
111,9,3,8,45,2,07信義區,信義區永吉路502巷與中坡北路15巷口,0,0,1,2,B03,6,1,5,30,4,1,1,4,4,5,7,4,4,10,5,5,1,15,1,35,3,10,3,4,7,9,1,8,1,4,,44,6,1,22,9,121.5800334,25.0447511
111,9,3,8,55,2,12內湖區,內湖區文德路與文德路208巷口,0,0,1,1,C03,7,1,5,50,4,1,1,4,4,5,7,1,1,5,5,5,2,16,1,26,3,10,1,1,7,6,1,10,1,12,,4,4,1,22,9,121.5836327,25.07845044
111,9,3,8,55,2,12內湖區,內湖區文德路與文德路208巷口,0,0,1,2,C03,7,1,5,50,4,1,1,4,4,5,7,1,1,5,5,5,2,16,2,29,2,9,1,1,7,9,1,10,1,14,,44,4,1,22,9,121.5836327,25.07845044
111,9,3,8,59,2,10文山區,文山區羅斯福路5段與萬隆街口,0,0,1,1,C03,6,1,5,50,4,1,1,4,4,5,7,1,1,5,5,5,2,15,1,22,2,9,1,1,7,9,1,10,1,12,,25,25,1,22,9,121.5396138,25.0005151
111,9,3,8,59,2,10文山區,文山區羅斯福路5段與萬隆街口,0,0,1,2,B03,6,1,5,50,4,1,1,4,4,5,7,1,1,5,5,5,2,15,1,49,3,10,1,1,7,9,1,8,1,8,,44,25,1,22,9,121.5396138,25.0005151
111,9,3,9,13,2,05中正區,中正區市民大道1段台北車站北一門,0,0,2,1,C03,6,1,5,40,14,9,1,4,4,5,7,4,4,1,4,5,2,17,2,48,2,9,1,1,7,9,1,9,1,12,,42,42,1,5,4,121.5168496,25.04854759
111,9,3,9,13,2,05中正區,中正區市民大道1段台北車站北一門,0,0,2,2,C03,6,1,5,40,14,9,1,4,4,5,7,4,4,1,4,5,2,17,1,26,2,8,1,1,7,9,1,10,1,12,,44,42,1,22,5,121.5168496,25.04854759
111,9,3,9,59,2,06松山區,松山區光復北路與健康路口,0,0,1,1,B01,6,1,5,50,4,1,1,4,4,5,7,2,1,9,4,5,2,16,1,51,3,10,1,4,7,5,1,4,4,8,,6,6,1,22,9,121.5566486,25.0535738
111,9,3,9,59,2,06松山區,松山區光復北路與健康路口,0,0,1,2,C03,6,1,5,50,4,1,1,4,4,5,7,2,1,9,4,5,2,16,1,38,2,9,1,4,7,9,1,10,2,11,,44,6,1,22,9,121.5566486,25.0535738
111,9,3,10,21,2,03中山區,中山區松江路與四平街口,0,0,1,1,B03,6,1,5,50,4,1,1,4,4,5,7,1,1,1,4,5,2,12,2,56,3,10,1,1,7,6,1,8,1,2,,9,9,1,22,9,121.5329359,25.0537333
111,9,3,10,21,2,03中山區,中山區松江路與四平街口,0,0,1,2,C03,6,1,5,50,4,1,1,4,4,5,7,1,1,1,4,5,2,12,1,21,2,8,1,1,7,9,1,10,1,14,,44,9,1,22,9,121.5329359,25.0537333
111,9,3,10,25,2,03中山區,中山區農安街與農安街227巷口,0,0,2,1,C03,6,1,5,50,4,1,1,4,4,5,7,4,4,4,5,5,1,9,1,24,2,8,3,4,7,9,1,10,1,11,,15,15,1,22,9,121.533884,25.06473611
111,9,3,10,25,2,03中山區,中山區農安街與農安街227巷口,0,0,2,2,H01,6,1,5,50,4,1,1,4,4,5,7,4,4,4,5,5,1,9,1,61,2,9,4,5,8,16,8,20,10,16,,67,15,1,22,9,121.533884,25.06473611
111,9,3,10,39,2,03中山區,中山區北安路111號,0,0,2,1,C03,6,1,5,50,14,9,1,4,4,4,7,4,4,1,4,5,2,13,1,32,2,9,3,4,7,9,1,10,1,11,,23,23,1,22,9,121.5314228,25.07808566
111,9,3,10,39,2,03中山區,中山區北安路111號,0,0,2,2,C03,6,1,5,50,14,9,1,4,4,4,7,4,4,1,4,5,2,13,2,21,2,9,3,4,7,9,1,10,1,13,,44,23,1,22,9,121.5314228,25.07808566
111,9,3,10,39,2,03中山區,中山區北安路111號,0,0,2,3,H03,6,1,5,50,14,9,1,4,4,4,7,4,4,1,4,5,2,13,1,22,3,10,4,5,8,17,8,20,10,16,,67,23,1,22,9,121.5314228,25.07808566
111,9,3,10,40,2,10文山區,文山區忠順街1段26巷與忠順街1段口,0,0,1,1,B03,1,1,5,50,3,2,1,4,4,5,7,2,1,9,4,5,1,12,1,48,3,10,1,1,7,5,1,8,1,4,,6,6,1,22,9,121.5592022,24.9841004
111,9,3,10,40,2,10文山區,文山區忠順街1段26巷與忠順街1段口,0,0,1,2,C03,1,1,5,50,3,2,1,4,4,5,7,2,1,9,4,5,1,12,1,27,2,8,1,1,7,4,3,18,1,11,,1,6,1,22,9,121.5592022,24.9841004
111,9,3,11,17,2,01大同區,大同區歸綏街與甘州街口,0,0,1,1,C03,6,1,5,50,3,1,1,4,4,5,7,4,4,9,4,5,2,17,1,66,4,11,3,4,7,5,7,19,11,15,,8,8,2,22,9,121.5129337,25.0581811
111,9,3,11,17,2,01大同區,大同區歸綏街與甘州街口,0,0,1,2,C03,6,1,5,50,3,1,1,4,4,5,7,4,4,9,4,5,2,17,1,55,2,9,1,1,7,9,1,10,1,14,,44,8,1,22,9,121.5129337,25.0581811
111,9,3,11,22,2,09北投區,北投區中央北路2段與中央北路2段350巷口,0,0,1,1,C03,6,1,5,50,3,1,1,4,4,5,7,1,1,5,4,5,2,16,1,19,2,8,1,1,7,9,3,18,1,12,,25,25,1,22,9,121.4882944,25.13843429
111,9,3,11,22,2,09北投區,北投區中央北路2段與中央北路2段350巷口,0,0,1,2,B03,6,1,5,50,3,1,1,4,4,5,7,1,1,5,4,5,2,16,1,46,3,10,3,4,7,6,1,8,1,4,,44,25,1,22,9,121.4882944,25.13843429
111,9,3,11,40,2,08士林區,士林區忠誠路2段200號新光三越前,0,0,1,1,C03,6,1,5,50,14,8,1,4,4,5,7,4,4,1,4,4,1,12,1,72,2,9,1,1,7,9,1,10,2,11,,23,23,1,22,9,121.5345092,25.11762978
111,9,3,11,40,2,08士林區,士林區忠誠路2段200號新光三越前,0,0,1,2,C03,6,1,5,50,14,8,1,4,4,5,7,4,4,1,4,4,1,12,1,25,3,10,1,1,7,1,1,10,2,13,,19,23,1,22,9,121.5345092,25.11762978
111,9,3,12,13,2,09北投區,北投區中央南路1段與大興街口,0,0,1,1,B12,6,1,5,50,5,1,1,4,4,5,7,2,1,5,4,5,2,17,1,48,3,10,1,1,7,5,1,8,2,1,,6,6,1,22,9,121.5012128,25.13078188
111,9,3,12,13,2,09北投區,北投區中央南路1段與大興街口,0,0,1,2,C03,6,1,5,50,5,1,1,4,4,5,7,2,1,5,4,5,2,17,1,21,2,8,1,1,7,9,1,10,2,11,,44,6,1,22,9,121.5012128,25.13078188
111,9,3,12,23,2,04大安區,大安區基隆路4段138號,0,0,1,1,B03,6,1,5,50,14,7,1,4,4,5,7,2,1,9,4,4,1,17,1,36,3,10,3,4,7,8,1,8,1,15,,17,17,1,22,9,121.5403454,25.0139865
111,9,3,12,23,2,04大安區,大安區基隆路4段138號,0,0,1,2,C03,6,1,5,50,14,7,1,4,4,5,7,2,1,9,4,4,1,17,2,42,2,1,1,1,7,9,1,10,9,15,,17,17,1,22,9,121.5403454,25.0139865
111,9,3,12,38,2,03中山區,中山區建國北路2段與錦州街口南側迴轉道,0,0,1,1,B03,6,1,5,50,4,1,1,4,4,5,7,1,1,5,5,5,2,16,2,41,3,10,1,1,7,5,1,8,1,8,,8,8,1,22,9,121.5367547,25.05956004
111,9,3,12,38,2,03中山區,中山區建國北路2段與錦州街口南側迴轉道,0,0,1,2,F01,6,1,5,50,4,1,1,4,4,5,7,1,1,5,5,5,2,16,2,32,2,9,1,1,7,9,8,20,1,16,,23,8,1,22,9,121.5367547,25.05956004
111,9,3,12,40,2,05中正區,中正區金山南路1段129巷,0,0,1,1,B12,6,1,5,30,14,9,1,4,4,5,7,4,4,10,5,5,2,8,1,50,3,10,1,1,7,9,1,8,2,4,,44,44,1,22,9,121.5279079,25.03541874
111,9,3,12,40,2,05中正區,中正區金山南路1段129巷,0,0,1,2,H01,6,1,5,30,14,9,1,4,4,5,7,4,4,10,5,5,2,8,1,46,2,1,4,5,8,17,8,20,10,16,,67,44,1,22,9,121.5279079,25.03541874
111,9,3,12,40,2,07信義區,信義區信安街152號,0,0,1,1,C03,6,1,5,50,14,9,1,4,4,5,7,2,1,5,4,5,2,17,1,38,3,10,1,1,7,7,1,10,1,15,,7,7,1,22,8,121.5557267,25.02390772
111,9,3,12,40,2,07信義區,信義區信安街152號,0,0,1,2,C03,6,1,5,50,14,9,1,4,4,5,7,2,1,5,4,5,2,17,2,28,2,8,1,1,7,9,1,10,1,14,,13,7,1,22,8,121.5557267,25.02390772
111,9,3,12,45,2,10文山區,文山區新光路1段46號前,0,0,1,1,,6,1,5,50,14,9,1,4,4,5,7,4,4,9,4,5,2,3,4,,4,11,3,4,7,15,7,19,11,15,,43,43,2,22,9,121.5736631,24.99093879
111,9,3,12,45,2,10文山區,文山區新光路1段46號前,0,0,1,2,H01,6,1,5,50,14,9,1,4,4,5,7,4,4,9,4,5,2,3,2,42,2,9,4,5,8,16,8,20,10,16,,67,43,1,22,9,121.5736631,24.99093879
111,9,3,13,25,2,04大安區,大安區復興南路2段180巷與和平東路2段210巷口,0,0,1,1,B03,6,1,5,30,4,1,1,4,4,5,7,4,4,10,5,5,2,15,2,30,3,10,3,4,7,9,1,8,1,5,,6,6,1,22,9,121.5427603,25.0273979
111,9,3,13,25,2,04大安區,大安區復興南路2段180巷與和平東路2段210巷口,0,0,1,2,C03,6,1,5,30,4,1,1,4,4,5,7,4,4,10,5,5,2,15,2,24,2,9,3,4,7,9,1,10,1,11,,23,6,1,22,9,121.5427603,25.0273979
111,9,3,13,37,2,06松山區,松山區八德路4段509號,0,0,1,1,C03,6,1,5,50,14,9,1,4,4,5,7,1,1,1,3,5,2,17,1,37,2,9,1,1,7,5,1,10,1,14,,43,43,1,22,9,121.5721651,25.04990235
111,9,3,13,37,2,06松山區,松山區八德路4段509號,0,0,1,2,B03,6,1,5,50,14,9,1,4,4,5,7,1,1,1,3,5,2,17,1,27,3,10,3,4,7,9,1,8,1,2,,43,43,1,22,9,121.5721651,25.04990235
111,9,3,14,30,2,12內湖區,內湖區內湖路1段677號,0,0,1,1,A02,6,1,5,50,14,7,1,4,4,3,7,4,4,1,4,4,2,12,1,21,3,10,1,1,7,7,1,2,2,4,,7,7,1,22,9,121.5765428,25.07966192
111,9,3,14,30,2,12內湖區,內湖區內湖路1段677號,0,0,1,2,C03,6,1,5,50,14,7,1,4,4,3,7,4,4,1,4,4,2,12,2,66,2,9,1,1,7,9,4,8,2,12,,44,7,1,22,9,121.5765428,25.07966192
111,9,3,14,30,2,12內湖區,內湖區內湖路1段677號,0,0,1,3,B03,6,1,5,50,14,7,1,4,4,3,7,4,4,1,4,4,2,12,1,61,3,10,1,1,7,14,1,8,9,15,,38,7,1,22,9,121.5765428,25.07966192
111,9,3,15,39,2,04大安區,大安區忠孝東路1段10巷與新生南路1段103巷口,0,0,3,1,B03,7,1,5,30,4,1,1,4,4,5,7,4,4,10,5,5,2,15,1,31,2,9,3,4,7,9,1,8,1,5,,6,6,1,22,9,121.5333814,25.04065646
111,9,3,15,39,2,04大安區,大安區忠孝東路1段10巷與新生南路1段103巷口,0,0,3,2,B12,7,1,5,30,4,1,1,4,4,5,7,4,4,10,5,5,2,15,1,29,2,9,3,4,7,9,1,10,1,1,,14,6,1,22,9,121.5333814,25.04065646
111,9,3,15,39,2,04大安區,大安區忠孝東路1段10巷與新生南路1段103巷口,0,0,3,3,H02,7,1,5,30,4,1,1,4,4,5,7,4,4,10,5,5,2,15,2,23,2,9,4,5,7,20,8,20,10,16,,67,6,1,22,9,121.5333814,25.04065646
111,9,3,15,39,2,08士林區,士林區中山北路6段與德行西路口,0,0,4,1,B12,6,1,5,50,4,2,1,4,4,5,7,2,1,1,4,5,1,17,1,44,3,10,1,1,7,9,1,3,2,1,,16,16,1,22,9,121.5248936,25.10658055
111,9,3,15,39,2,08士林區,士林區中山北路6段與德行西路口,0,0,4,2,B03,6,1,5,50,4,2,1,4,4,5,7,2,1,1,4,5,1,17,1,51,2,7,1,1,7,14,1,8,2,3,,44,16,1,22,9,121.5248936,25.10658055
111,9,3,15,39,2,08士林區,士林區中山北路6段與德行西路口,0,0,4,3,B03,6,1,5,50,4,2,1,4,4,5,7,2,1,1,4,5,1,17,2,66,3,10,1,1,7,14,1,8,2,6,,44,16,1,22,9,121.5248936,25.10658055
111,9,3,15,39,2,08士林區,士林區中山北路6段與德行西路口,0,0,4,4,H02,6,1,5,50,4,2,1,4,4,5,7,2,1,1,4,5,1,17,2,46,2,8,4,5,7,20,8,20,10,16,,67,16,1,22,9,121.5248936,25.10658055
111,9,3,15,39,2,08士林區,士林區中山北路6段與德行西路口,0,0,4,5,H02,6,1,5,50,4,2,1,4,4,5,7,2,1,1,4,5,1,17,1,13,2,9,4,5,7,20,8,20,10,16,,67,16,1,22,9,121.5248936,25.10658055
111,9,3,15,39,2,08士林區,士林區中山北路6段與德行西路口,0,0,4,6,H02,6,1,5,50,4,2,1,4,4,5,7,2,1,1,4,5,1,17,2,11,2,9,4,5,7,20,8,20,10,16,,67,16,1,22,9,121.5248936,25.10658055
111,9,3,15,53,2,09北投區,北投區大業路527巷39弄旁地下道,0,0,1,1,B03,6,1,5,50,7,9,1,4,4,5,7,4,4,4,5,5,2,13,1,36,3,10,1,1,7,9,1,8,11,1,,23,23,2,22,9,121.4905881,25.13744296
111,9,3,15,53,2,09北投區,北投區大業路527巷39弄旁地下道,0,0,1,2,F01,6,1,5,50,7,9,1,4,4,5,7,4,4,4,5,5,2,13,2,71,2,9,1,1,7,15,8,20,11,16,,44,23,1,22,9,121.4905881,25.13744296
111,9,3,16,25,2,11南港區,南港區八德路4段800號,0,0,2,1,C03,6,1,5,50,14,9,1,4,4,5,7,4,4,8,3,5,2,16,1,71,2,8,1,1,7,9,1,10,1,11,,26,26,1,22,9,121.5809648,25.05091056
111,9,3,16,25,2,11南港區,南港區八德路4段800號,0,0,2,2,C03,6,1,5,50,14,9,1,4,4,5,7,4,4,8,3,5,2,16,2,55,2,9,1,1,7,9,1,10,1,11,,23,26,1,22,9,121.5809648,25.05091056
111,9,3,16,36,2,04大安區,大安區基隆路3段156巷與基隆路3段口,0,0,1,1,B03,6,1,5,50,4,1,1,4,4,5,7,1,1,1,4,5,2,15,1,54,3,10,1,1,7,9,1,8,1,5,,25,25,1,22,9,121.5425214,25.01582587
111,9,3,16,36,2,04大安區,大安區基隆路3段156巷與基隆路3段口,0,0,1,2,C03,6,1,5,50,4,1,1,4,4,5,7,1,1,1,4,5,2,15,2,55,2,9,1,1,7,9,1,10,1,11,,25,25,1,22,9,121.5425214,25.01582587
111,9,3,17,6,2,05中正區,中正區水源路與同安街口,0,0,1,1,B01,6,1,5,30,3,2,1,4,4,5,7,4,4,10,5,5,2,17,1,53,3,10,1,1,7,6,1,3,2,8,,23,23,1,22,9,121.5202449,25.02101191
111,9,3,17,6,2,05中正區,中正區水源路與同安街口,0,0,1,2,C03,6,1,5,30,3,2,1,4,4,5,7,4,4,10,5,5,2,17,2,56,2,8,1,1,7,9,1,10,2,11,,44,23,1,22,9,121.5202449,25.02101191
111,9,3,17,10,2,05中正區,中正區忠孝東路2段(華山文文創前),0,0,1,1,C03,6,2,5,50,14,9,1,4,4,5,7,4,4,3,2,5,2,13,1,43,2,9,1,1,7,9,1,10,2,11,,44,44,1,22,9,121.5282218,25.0436889
111,9,3,17,10,2,05中正區,中正區忠孝東路2段(華山文文創前),0,0,1,2,B03,6,2,5,50,14,9,1,4,4,5,7,4,4,3,2,5,2,13,2,73,3,10,1,1,7,13,1,10,2,3,,44,44,1,22,9,121.5282218,25.0436889
111,9,3,18,15,2,01大同區,大同區昌吉街與昌吉街33巷口,0,0,1,1,B01,6,3,5,50,3,2,1,4,4,5,7,4,4,5,5,5,2,16,1,47,3,10,1,1,7,5,1,4,2,5,,6,,1,22,9,121.5168458,25.06588633
111,9,3,18,15,2,01大同區,大同區昌吉街與昌吉街33巷口,0,0,1,2,C03,6,3,5,50,3,2,1,4,4,5,7,4,4,5,5,5,2,16,1,24,2,9,1,1,7,9,1,10,2,11,,44,,1,22,9,121.5168458,25.06588633