發生年度,發生月,發生日,發生時-Hours,發生分,處理別-編號,區序,肇事地點,死亡人數,2-30日死亡人數,受傷人數,當事人序號,車種,天候,光線,道路類別,速限-速度限制,道路型態,事故位置,路面狀況1,路面狀況2,路面狀況3,道路障礙1,道路障礙2,號誌1,號誌2,車道劃分-分向,車道劃分-分道1,車道劃分-分道2,車道劃分-分道3,事故類型及型態,性別,年齡,受傷程度,主要傷處,安全帽,行動電話,車輛用途,當事者行動狀態,駕駛資格情形,駕駛執照種類,飲酒情形,車輛撞擊部位1,車輛撞擊部位2,肇因碼-個別,肇因碼-主要,個人肇逃否,職業,旅次目的,座標-X,座標-Y
111,9,3,18,16,2,04大安區,大安區八德路2段14號,0,0,1,1,C03,6,3,5,50,14,9,1,4,4,5,7,4,4,5,5,5,2,17,1,27,2,9,1,1,7,9,1,10,1,14,,23,23,1,22,9,121.5340851,25.0446271
111,9,3,18,16,2,04大安區,大安區八德路2段14號,0,0,1,2,B03,6,3,5,50,14,9,1,4,4,5,7,4,4,5,5,5,2,17,1,34,3,10,1,1,7,14,1,8,1,2,,44,23,1,22,9,121.5340851,25.0446271
111,9,3,18,16,2,04大安區,大安區八德路2段14號,0,0,1,3,B01,6,3,5,50,14,9,1,4,4,5,7,4,4,5,5,5,2,17,1,59,3,10,1,1,7,14,1,4,1,6,,44,23,1,22,9,121.5340851,25.0446271
111,9,3,18,20,2,05中正區,中正區仁愛路2段與金山南路1段口,0,0,1,1,A11,6,3,5,50,4,2,1,4,4,5,7,1,1,10,5,5,2,16,1,50,3,10,1,1,7,5,1,3,2,1,,8,8,1,22,9,121.5281881,25.03803361
111,9,3,18,20,2,05中正區,中正區仁愛路2段與金山南路1段口,0,0,1,2,F01,6,3,5,50,4,2,1,4,4,5,7,1,1,10,5,5,2,16,2,51,2,9,1,1,7,11,8,20,2,16,,11,8,1,22,9,121.5281881,25.03803361
111,9,3,18,21,2,04大安區,大安區基隆路3段與辛亥路3段口,0,0,2,1,B02,6,3,5,50,4,3,1,4,4,5,7,2,1,1,4,5,2,13,1,53,3,10,3,4,7,9,1,8,2,1,,23,23,1,22,9,121.5474292,25.0188731
111,9,3,18,21,2,04大安區,大安區基隆路3段與辛亥路3段口,0,0,2,2,C03,6,3,5,50,4,3,1,4,4,5,7,2,1,1,4,5,2,13,1,45,2,9,1,4,7,14,1,10,2,12,,44,23,1,22,9,121.5474292,25.0188731
111,9,3,18,21,2,04大安區,大安區基隆路3段與辛亥路3段口,0,0,2,3,C03,6,3,5,50,4,3,1,4,4,5,7,2,1,1,4,5,2,13,2,33,2,9,1,4,7,14,1,10,2,12,,44,23,1,22,9,121.5474292,25.0188731
111,9,3,18,45,2,05中正區,中正區福州街14號前,0,0,2,1,C03,6,1,5,50,14,9,1,4,4,5,7,4,4,9,5,5,2,13,1,70,2,9,1,1,7,9,1,10,1,11,,23,23,1,22,9,121.5185679,25.0287705
111,9,3,18,45,2,05中正區,中正區福州街14號前,0,0,2,2,B12,6,1,5,50,14,9,1,4,4,5,7,4,4,9,5,5,2,13,1,44,4,11,3,4,7,13,7,19,1,3,,44,23,1,22,9,121.5185679,25.0287705
111,9,3,18,45,2,05中正區,中正區福州街14號前,0,0,2,3,H02,6,1,5,50,14,9,1,4,4,5,7,4,4,9,5,5,2,13,2,64,2,9,4,5,7,20,8,20,10,16,,67,23,1,22,9,121.5185679,25.0287705
111,9,3,19,20,2,01大同區,大同區寧夏路與錦西街口,0,0,1,1,B03,6,3,5,50,4,1,1,4,4,5,7,2,1,5,4,5,2,3,1,26,3,10,3,1,7,5,1,8,1,1,,15,15,1,22,9,121.5147608,25.0595467
111,9,3,19,20,2,01大同區,大同區寧夏路與錦西街口,0,0,1,2,H01,6,3,5,50,4,1,1,4,4,5,7,2,1,5,4,5,2,3,2,71,2,8,4,5,8,16,8,20,10,16,,51,15,1,22,9,121.5147608,25.0595467
111,9,3,19,24,2,04大安區,大安區信義路2段與金山南路2段口,0,0,1,1,B03,6,3,5,0,4,2,1,4,4,5,7,2,1,1,4,5,2,1,1,72,3,10,1,1,7,6,1,8,1,1,,15,15,1,22,9,121.5272212,25.03385021
111,9,3,19,24,2,04大安區,大安區信義路2段與金山南路2段口,0,0,1,2,H01,6,3,5,0,4,2,1,4,4,5,7,2,1,1,4,5,2,1,1,73,2,9,4,5,8,18,8,20,10,16,,67,15,1,22,9,121.5272212,25.03385021
111,9,3,21,0,2,07信義區,信義區永吉路120巷與松隆路口,0,0,1,1,B03,6,3,5,50,5,2,1,4,4,5,7,2,1,1,4,5,2,17,1,33,3,10,3,4,7,5,1,8,1,1,,6,6,1,22,9,121.5702613,25.0454581
111,9,3,21,0,2,07信義區,信義區永吉路120巷與松隆路口,0,0,1,2,C03,6,3,5,50,5,2,1,4,4,5,7,2,1,1,4,5,2,17,1,53,2,7,3,4,7,9,1,10,1,11,,23,6,1,22,9,121.5702613,25.0454581
111,9,3,21,5,2,08士林區,士林區承德路4段與後港街181巷口,0,0,1,1,B03,6,3,5,30,3,1,1,4,4,3,5,4,4,10,5,5,2,17,1,46,4,11,3,4,7,15,7,19,11,15,,44,44,2,22,9,121.5218745,25.08818712
111,9,3,21,5,2,08士林區,士林區承德路4段與後港街181巷口,0,0,1,2,F01,6,3,5,30,3,1,1,4,4,3,5,4,4,10,5,5,2,17,1,52,2,9,1,1,7,6,8,20,9,16,,42,44,1,22,9,121.5218745,25.08818712
111,9,3,21,5,2,08士林區,士林區承德路4段與後港街181巷口,0,0,1,3,B12,6,3,5,30,3,1,1,4,4,3,5,4,4,10,5,5,2,17,1,25,4,11,3,4,7,15,7,19,11,15,,38,44,2,22,9,121.5218745,25.08818712
111,9,3,22,0,2,07信義區,信義區信義路4段468號,0,0,1,2,C03,6,3,5,50,14,9,1,4,4,5,7,1,1,9,4,5,2,12,1,32,2,9,1,1,7,9,1,10,1,14,,44,40,1,22,9,121.5589458,25.0329351
111,9,3,22,0,2,07信義區,信義區信義路4段468號,0,0,1,1,B03,6,3,5,50,14,9,1,4,4,5,7,1,1,9,4,5,2,12,1,30,3,10,1,1,7,14,1,8,1,2,,40,40,1,22,9,121.5589458,25.0329351
111,9,3,22,12,2,09北投區,北投區中和街與永興路1段口口,0,0,1,1,B03,6,3,5,50,4,1,1,4,4,5,7,2,1,5,5,5,2,17,1,35,3,10,1,1,7,5,1,8,2,8,,8,8,1,22,9,121.5009685,25.139797
111,9,3,22,12,2,09北投區,北投區中和街與永興路1段口口,0,0,1,2,C03,6,3,5,50,4,1,1,4,4,5,7,2,1,5,5,5,2,17,1,67,2,9,1,1,7,1,1,10,2,11,,19,8,1,22,9,121.5009685,25.139797
111,9,4,2,35,2,02萬華區,萬華區環河南路2段與環河南路2段250巷口,0,0,2,1,B03,6,3,5,0,4,1,4,4,4,5,7,1,1,1,3,5,2,11,1,25,2,9,1,1,7,5,1,8,1,1,,6,6,1,22,9,121.4923968,25.0328837
111,9,4,2,35,2,02萬華區,萬華區環河南路2段與環河南路2段250巷口,0,0,2,2,B12,6,3,5,0,4,1,4,4,4,5,7,1,1,1,3,5,2,11,1,29,2,9,1,1,7,9,1,8,1,1,,13,6,1,22,9,121.4923968,25.0328837
111,9,4,2,35,2,02萬華區,萬華區環河南路2段與環河南路2段250巷口,0,0,2,3,,6,3,5,0,4,1,4,4,4,5,7,1,1,1,3,5,2,11,3,,,,,,,,,,,,,67,6,1,,,121.4923968,25.0328837
111,9,4,4,9,2,04大安區,大安區敦化南路1段190巷與忠孝東路4段77巷口,0,0,1,1,C03,8,3,5,30,4,1,1,4,4,5,7,4,4,10,5,5,2,15,1,30,2,9,1,1,7,9,1,10,2,11,,6,6,1,22,9,121.5472146,25.0426264
111,9,4,4,9,2,04大安區,大安區敦化南路1段190巷與忠孝東路4段77巷口,0,0,1,2,B01,8,3,5,30,4,1,1,4,4,5,7,4,4,10,5,5,2,15,1,40,3,10,1,1,7,9,1,4,1,4,,14,6,1,22,9,121.5472146,25.0426264
111,9,4,7,35,2,04大安區,大安區羅斯福路3段與辛亥路1段口,0,0,2,1,C03,6,1,5,50,4,2,1,4,4,5,7,1,1,1,5,5,1,13,2,52,2,8,1,1,7,12,1,10,1,12,,23,23,1,22,9,121.5292667,25.0198279
111,9,4,7,35,2,04大安區,大安區羅斯福路3段與辛亥路1段口,0,0,2,2,C03,6,1,5,50,4,2,1,4,4,5,7,1,1,1,5,5,1,13,2,66,2,8,1,1,7,14,1,10,1,14,,44,23,1,22,9,121.5292667,25.0198279
111,9,4,8,40,2,05中正區,中正區中華路2段與西藏路口,0,0,1,1,H01,6,1,5,30,4,1,1,4,4,1,7,2,1,1,4,5,2,3,2,79,2,5,4,5,8,16,8,20,1,16,,52,52,1,22,9,121.5042968,25.0299587
111,9,4,8,40,2,05中正區,中正區中華路2段與西藏路口,0,0,1,2,C03,6,1,5,30,4,1,1,4,4,1,7,2,1,1,4,5,2,3,1,53,3,10,1,1,7,9,1,10,1,14,,15,52,1,22,9,121.5042968,25.0299587
111,9,4,9,50,2,06松山區,松山區南京東路5段與寶清街口,0,0,1,1,B03,6,1,5,50,4,1,1,4,4,5,7,1,1,1,4,5,2,17,1,57,3,10,1,1,7,5,1,4,2,4,,8,8,1,22,9,121.5683519,25.05144661
111,9,4,9,50,2,06松山區,松山區南京東路5段與寶清街口,0,0,1,2,C03,6,1,5,50,4,1,1,4,4,5,7,1,1,1,4,5,2,17,1,26,2,9,1,1,7,9,1,10,2,11,,44,8,1,22,9,121.5683519,25.05144661
111,9,4,12,19,2,08士林區,士林區延平北路7段與延平北路6段511巷口,0,0,1,1,C03,6,1,5,50,5,1,1,4,4,5,7,1,1,3,2,5,2,17,1,21,2,8,1,1,7,9,1,10,1,14,,43,43,1,22,9,121.4977471,25.0938537
111,9,4,12,19,2,08士林區,士林區延平北路7段與延平北路6段511巷口,0,0,1,2,B03,6,1,5,50,5,1,1,4,4,5,7,1,1,3,2,5,2,17,1,50,3,10,1,1,7,6,1,7,1,2,,43,43,1,22,9,121.4977471,25.0938537
111,9,4,13,10,2,06松山區,松山區八德路3段226號,0,0,1,1,B03,6,1,5,50,14,9,1,4,4,5,7,4,4,9,4,5,2,17,1,40,3,10,1,1,7,8,1,8,1,2,,7,7,1,22,9,121.5571605,25.04813247
111,9,4,13,10,2,06松山區,松山區八德路3段226號,0,0,1,2,C03,6,1,5,50,14,9,1,4,4,5,7,4,4,9,4,5,2,17,1,38,2,9,1,1,7,9,1,10,1,14,,44,7,1,22,9,121.5571605,25.04813247
111,9,4,13,18,2,01大同區,大同區環河北路2段與昌吉街口,0,0,1,1,B01,6,1,5,50,3,1,1,4,4,5,7,4,4,1,4,5,2,17,1,50,4,11,3,4,7,15,7,19,11,15,,6,6,2,22,9,121.5089228,25.06582305
111,9,4,13,18,2,01大同區,大同區環河北路2段與昌吉街口,0,0,1,2,C03,6,1,5,50,3,1,1,4,4,5,7,4,4,1,4,5,2,17,1,52,2,6,1,1,7,9,1,10,1,14,,14,6,1,22,9,121.5089228,25.06582305
111,9,4,13,22,2,08士林區,士林區至善路2段5號,0,0,1,1,B03,6,1,5,50,11,8,1,4,4,5,7,2,1,1,3,4,1,12,1,69,3,10,1,1,7,9,1,8,2,6,,23,23,1,22,9,121.5441224,25.09718654
111,9,4,13,22,2,08士林區,士林區至善路2段5號,0,0,1,2,C03,6,1,5,50,11,8,1,4,4,5,7,2,1,1,3,4,1,12,1,39,2,9,1,1,7,7,1,10,2,14,,7,23,1,22,9,121.5441224,25.09718654
111,9,4,13,30,2,03中山區,中山區民生東路1段23巷永盛公園前,0,0,1,1,B03,6,1,5,30,14,9,1,4,4,5,7,4,4,10,5,5,2,12,1,30,3,10,1,1,7,1,1,8,1,4,,19,19,1,22,9,121.5251867,25.05887624
111,9,4,13,30,2,03中山區,中山區民生東路1段23巷永盛公園前,0,0,1,2,C03,6,1,5,30,14,9,1,4,4,5,7,4,4,10,5,5,2,12,1,40,2,8,1,1,7,9,1,10,1,12,,23,19,1,22,9,121.5251867,25.05887624
111,9,4,13,35,2,04大安區,大安區師大路與雲和街口,0,0,1,1,B03,6,1,5,30,4,1,1,4,4,5,7,4,4,10,5,5,2,1,1,23,4,11,3,4,7,15,7,19,11,15,,15,15,2,22,9,121.5285051,25.02362495
111,9,4,13,35,2,04大安區,大安區師大路與雲和街口,0,0,1,2,H01,6,1,5,30,4,1,1,4,4,5,7,4,4,10,5,5,2,1,1,22,2,8,4,5,8,16,8,20,10,16,,67,15,1,22,9,121.5285051,25.02362495
111,9,4,14,15,2,12內湖區,內湖區行善路181巷與行善路口,0,0,2,1,B03,6,1,5,50,3,2,1,4,4,5,7,4,4,1,4,4,2,16,1,64,3,10,1,1,7,6,1,8,1,2,,9,9,1,22,9,121.581562,25.0596848
111,9,4,14,15,2,12內湖區,內湖區行善路181巷與行善路口,0,0,2,2,C03,6,1,5,50,3,2,1,4,4,5,7,4,4,1,4,4,2,16,1,32,2,9,1,1,7,9,1,10,1,14,,44,9,1,22,9,121.581562,25.0596848
111,9,4,14,15,2,12內湖區,內湖區行善路181巷與行善路口,0,0,2,3,H02,6,1,5,50,3,2,1,4,4,5,7,4,4,1,4,4,2,16,2,65,2,9,1,5,7,21,8,20,10,16,,67,9,1,22,9,121.581562,25.0596848
111,9,4,15,0,2,01大同區,大同區興城街與萬全街口,0,0,2,1,C03,6,1,5,30,4,1,1,4,4,5,7,4,4,10,5,5,2,15,1,53,2,9,1,1,7,9,1,9,2,11,,6,6,1,22,9,121.5176418,25.0583781
111,9,4,15,0,2,01大同區,大同區興城街與萬全街口,0,0,2,2,C03,6,1,5,30,4,1,1,4,4,5,7,4,4,10,5,5,2,15,2,29,2,9,1,1,7,9,1,10,2,11,,14,6,1,22,9,121.5176418,25.0583781
111,9,4,15,49,2,08士林區,士林區中山北路6段與福華路164巷口,0,0,2,1,B03,6,1,5,50,3,1,1,4,4,5,7,4,4,1,4,5,2,12,2,60,3,10,3,4,7,6,1,8,1,2,,9,9,1,22,9,121.5247106,25.10432209
111,9,4,15,49,2,08士林區,士林區中山北路6段與福華路164巷口,0,0,2,2,C03,6,1,5,50,3,1,1,4,4,5,7,4,4,1,4,5,2,12,1,42,2,7,3,4,7,9,1,10,1,14,,14,9,1,22,9,121.5247106,25.10432209
111,9,4,15,49,2,08士林區,士林區中山北路6段與福華路164巷口,0,0,2,3,H02,6,1,5,50,3,1,1,4,4,5,7,4,4,1,4,5,2,12,1,13,2,9,4,5,7,20,8,20,10,16,,67,9,1,22,9,121.5247106,25.10432209
111,9,4,15,49,2,08士林區,士林區中山北路6段與福華路164巷口,0,0,2,4,B12,6,1,5,50,3,1,1,4,4,5,7,4,4,1,4,5,2,12,4,,4,11,3,4,7,15,7,19,11,15,,44,9,2,22,9,121.5247106,25.10432209
111,9,4,16,40,2,02萬華區,萬華區環河南路1段與忠孝西路2段口口,0,0,1,1,B03,7,1,5,50,15,9,1,5,4,5,7,1,1,10,5,5,2,17,2,50,3,10,3,4,7,6,1,8,1,15,,9,9,1,22,9,121.5061135,25.04882497
111,9,4,16,40,2,02萬華區,萬華區環河南路1段與忠孝西路2段口口,0,0,1,2,C03,7,1,5,50,15,9,1,5,4,5,7,1,1,10,5,5,2,17,1,47,2,9,3,4,7,9,1,10,1,11,,44,9,1,22,9,121.5061135,25.04882497
111,9,4,16,48,2,03中山區,中山區松江路133巷與南京東路2段115巷口,0,0,1,1,C03,8,1,5,30,4,1,1,4,4,5,7,4,4,10,5,5,2,15,2,56,2,8,1,1,7,9,1,10,1,14,,6,6,1,22,9,121.5336357,25.05435577
111,9,4,16,48,2,03中山區,中山區松江路133巷與南京東路2段115巷口,0,0,1,2,B03,8,1,5,30,4,1,1,4,4,5,7,4,4,10,5,5,2,15,2,47,3,10,1,1,7,12,1,8,1,1,,23,6,1,22,9,121.5336357,25.05435577
111,9,4,16,56,2,03中山區,中山區吉林路299巷與吉林路口,0,0,1,1,C03,8,1,5,30,4,2,1,5,4,5,7,4,4,8,3,4,1,17,1,76,3,10,1,1,7,5,1,10,1,15,,8,8,1,22,9,121.5303175,25.06311445
111,9,4,16,56,2,03中山區,中山區吉林路299巷與吉林路口,0,0,1,2,C03,8,1,5,30,4,2,1,5,4,5,7,4,4,8,3,4,1,17,1,26,2,8,1,1,7,9,1,10,1,15,,44,8,1,22,9,121.5303175,25.06311445
111,9,4,17,45,2,05中正區,中正區青島西路11號,0,0,1,1,C03,8,1,5,50,14,9,1,5,4,5,7,4,4,9,4,5,2,17,1,44,3,10,1,4,7,7,3,18,2,13,,7,7,1,22,9,121.5176873,25.04494845
111,9,4,17,45,2,05中正區,中正區青島西路11號,0,0,1,2,C03,8,1,5,50,14,9,1,5,4,5,7,4,4,9,4,5,2,17,2,21,2,8,1,4,7,9,1,10,1,11,,44,7,1,22,9,121.5176873,25.04494845
111,9,4,17,55,2,12內湖區,內湖區內湖路2段336巷與內湖路2段口,0,0,1,1,B03,7,3,5,50,3,1,1,5,4,5,7,4,4,9,5,5,2,3,2,61,3,10,1,1,7,5,1,8,2,1,,15,15,1,22,9,121.5888503,25.08165814
111,9,4,17,55,2,12內湖區,內湖區內湖路2段336巷與內湖路2段口,0,0,1,2,H01,7,3,5,50,3,1,1,5,4,5,7,4,4,9,5,5,2,3,2,83,2,8,4,5,8,16,8,20,10,16,,67,15,1,22,9,121.5888503,25.08165814
111,9,4,18,0,2,03中山區,中山區市民大道3段3號前,0,0,1,1,B03,8,1,5,40,14,9,1,5,4,5,7,4,4,5,4,5,2,13,1,32,3,10,3,4,7,9,1,8,1,1,,23,23,1,22,9,121.5311995,25.0460257
111,9,4,18,0,2,03中山區,中山區市民大道3段3號前,0,0,1,2,B03,8,1,5,40,14,9,1,5,4,5,7,4,4,5,4,5,2,13,1,39,3,10,3,4,7,9,1,8,1,3,,44,23,1,22,9,121.5311995,25.0460257
111,9,4,18,0,2,03中山區,中山區市民大道3段3號前,0,0,1,3,B03,8,1,5,40,14,9,1,5,4,5,7,4,4,5,4,5,2,13,2,35,2,2,3,4,7,9,1,8,1,3,,44,23,1,20,9,121.5311995,25.0460257
111,9,4,18,35,2,02萬華區,萬華區中華路2段與艋舺大道口,0,0,2,1,B03,8,3,5,50,3,1,1,5,4,5,7,2,1,3,4,5,2,16,1,30,2,7,1,4,7,5,1,6,1,2,,25,25,1,22,9,121.5056268,25.03451683
111,9,4,18,35,2,02萬華區,萬華區中華路2段與艋舺大道口,0,0,2,2,C03,8,3,5,50,3,1,1,5,4,5,7,2,1,3,4,5,2,16,1,56,2,9,1,4,7,9,1,10,1,11,,44,25,1,22,9,121.5056268,25.03451683
111,9,4,18,35,2,08士林區,士林區基河路與基河路240巷口,0,0,1,1,B01,8,3,5,50,14,9,1,5,4,5,7,1,1,10,5,5,1,12,1,38,3,10,3,4,7,6,1,4,2,5,,9,9,1,22,9,121.5215142,25.0913579
111,9,4,18,35,2,08士林區,士林區基河路與基河路240巷口,0,0,1,2,C03,8,3,5,50,14,9,1,5,4,5,7,1,1,10,5,5,1,12,1,51,2,9,1,4,7,9,1,9,4,11,,23,9,1,22,9,121.5215142,25.0913579
111,9,4,19,5,2,08士林區,士林區基河路151號,0,0,1,1,C03,7,3,5,50,14,9,1,5,4,5,7,2,1,5,4,5,2,12,1,19,3,10,1,1,7,8,1,10,1,12,,7,7,1,22,9,121.5235177,25.0887266
111,9,4,19,5,2,08士林區,士林區基河路151號,0,0,1,2,B03,7,3,5,50,14,9,1,5,4,5,7,2,1,5,4,5,2,12,1,42,3,10,1,1,7,9,1,8,1,4,,44,7,1,22,9,121.5235177,25.0887266
111,9,4,19,5,2,08士林區,士林區基河路151號,0,0,1,3,H02,7,3,5,50,14,9,1,5,4,5,7,2,1,5,4,5,2,12,2,16,2,8,1,5,7,20,8,20,10,16,,67,7,1,22,9,121.5235177,25.0887266
111,9,4,19,9,2,03中山區,中山區明水路581巷12弄與明水路557巷口,0,0,1,1,C03,8,3,5,30,4,1,1,5,4,5,7,4,4,10,4,5,1,15,1,29,2,8,1,1,7,9,1,10,1,12,,6,6,1,22,9,121.5511809,25.07927809
111,9,4,19,9,2,03中山區,中山區明水路581巷12弄與明水路557巷口,0,0,1,2,B03,8,3,5,30,4,1,1,5,4,5,7,4,4,10,4,5,1,15,1,38,3,10,1,1,7,9,1,8,1,4,,14,6,1,22,9,121.5511809,25.07927809
111,9,4,19,51,2,07信義區,信義區市民大道5段與東寧路口,0,0,1,1,B03,7,3,5,50,3,2,1,5,4,5,7,2,1,1,4,5,2,17,2,29,3,10,3,4,7,9,1,8,2,1,,23,23,1,22,9,121.5629448,25.047278
111,9,4,19,51,2,07信義區,信義區市民大道5段與東寧路口,0,0,1,2,B03,7,3,5,50,3,2,1,5,4,5,7,2,1,1,4,5,2,17,1,44,2,2,3,4,7,14,1,8,2,3,,44,23,1,22,9,121.5629448,25.047278
111,9,4,20,47,2,03中山區,中山區伊通街與長安東路2段口,0,0,1,1,C03,7,3,5,50,4,1,1,5,4,5,7,1,1,5,4,5,2,16,1,22,2,9,1,1,7,5,1,10,1,11,,6,6,1,22,9,121.5347102,25.0484675
111,9,4,20,47,2,03中山區,中山區伊通街與長安東路2段口,0,0,1,2,B03,7,3,5,50,4,1,1,5,4,5,7,1,1,5,4,5,2,16,1,28,3,10,1,1,7,9,1,8,1,8,,44,6,1,22,9,121.5347102,25.0484675
111,9,4,21,20,2,08士林區,士林區至善路2段與故宮路口,0,0,1,1,B03,8,1,5,50,3,1,1,5,4,5,7,2,1,1,4,5,2,17,1,65,3,10,1,1,7,5,1,8,2,4,,17,17,1,22,9,121.546344,25.0981501
111,9,4,21,20,2,08士林區,士林區至善路2段與故宮路口,0,0,1,2,C03,8,1,5,50,3,1,1,5,4,5,7,2,1,1,4,5,2,17,1,69,2,9,1,1,7,5,1,10,2,12,,17,17,1,22,9,121.546344,25.0981501
111,9,4,21,20,2,08士林區,士林區士商路與中正路口,0,0,1,1,B03,7,3,5,50,4,1,1,5,4,5,7,2,1,1,4,4,2,2,1,45,3,10,1,1,7,5,1,8,2,8,,15,15,1,22,9,121.5185462,25.09240861
111,9,4,21,20,2,08士林區,士林區士商路與中正路口,0,0,1,2,H01,7,3,5,50,4,1,1,5,4,5,7,2,1,1,4,4,2,2,2,39,2,8,4,5,8,16,8,20,10,16,,67,15,1,22,9,121.5185462,25.09240861
111,9,4,21,49,2,07信義區,信義區虎林街120巷與忠孝東路5段295巷口,0,0,1,1,B03,7,3,5,30,4,1,1,5,4,5,7,4,4,10,5,5,2,17,1,29,3,10,3,4,7,9,1,8,1,4,,6,6,1,22,9,121.5725698,25.0422322
111,9,4,21,49,2,07信義區,信義區虎林街120巷與忠孝東路5段295巷口,0,0,1,2,B03,7,3,5,30,4,1,1,5,4,5,7,4,4,10,5,5,2,17,1,28,3,10,3,4,7,9,1,4,1,5,,14,6,1,22,9,121.5725698,25.0422322
111,9,4,21,49,2,07信義區,信義區虎林街120巷與忠孝東路5段295巷口,0,0,1,3,H02,7,3,5,30,4,1,1,5,4,5,7,4,4,10,5,5,2,17,1,28,2,1,3,4,7,21,8,20,10,16,,67,6,1,22,9,121.5725698,25.0422322
111,9,4,22,13,2,01大同區,大同區台北橋與延平北路2段口,0,0,3,1,C03,7,3,5,50,3,2,1,5,4,5,7,1,1,9,4,5,1,12,1,18,2,9,1,1,7,9,1,10,1,12,,16,16,1,22,9,121.5105022,25.0630729
111,9,4,22,13,2,01大同區,大同區台北橋與延平北路2段口,0,0,3,2,C03,7,3,5,50,3,2,1,5,4,5,7,1,1,9,4,5,1,12,1,21,2,7,1,1,7,9,1,10,1,14,,17,16,1,22,9,121.5105022,25.0630729
111,9,4,22,13,2,01大同區,大同區台北橋與延平北路2段口,0,0,3,3,H02,7,3,5,50,3,2,1,5,4,5,7,1,1,9,4,5,1,12,2,21,2,8,1,5,7,17,8,20,10,16,,67,16,1,22,9,121.5105022,25.0630729
111,9,4,22,20,2,12內湖區,內湖區民權東路6段東側迴轉道,0,0,2,1,C03,7,3,5,30,3,2,1,5,4,5,7,4,4,10,5,5,2,13,2,59,2,8,1,1,7,5,1,10,1,15,,23,23,1,22,9,121.5755654,25.0660704
111,9,4,22,20,2,12內湖區,內湖區民權東路6段東側迴轉道,0,0,2,2,C03,7,3,5,30,3,2,1,5,4,5,7,4,4,10,5,5,2,13,2,48,2,8,1,1,7,14,1,10,1,13,,44,23,1,22,9,121.5755654,25.0660704
111,9,4,22,51,2,04大安區,大安區通化街與通化街171巷口,0,0,1,1,B03,6,3,5,50,4,1,1,4,4,5,7,1,1,5,4,5,2,3,1,21,3,10,3,4,7,5,3,18,2,1,,15,15,1,22,9,121.5536899,25.02808798
111,9,4,22,51,2,04大安區,大安區通化街與通化街171巷口,0,0,1,2,H01,6,3,5,50,4,1,1,4,4,5,7,1,1,5,4,5,2,3,1,64,2,9,4,5,8,16,8,20,10,15,,67,15,1,22,9,121.5536899,25.02808798
111,9,4,23,18,2,02萬華區,萬華區萬大路與無名巷口口,0,0,1,1,C03,6,3,5,30,4,1,1,4,4,5,7,4,4,8,5,5,2,15,1,19,3,10,1,1,7,15,1,10,1,11,,6,6,1,22,9,121.5005287,25.03162763
111,9,4,23,18,2,02萬華區,萬華區萬大路與無名巷口口,0,0,1,2,C03,6,3,5,30,4,1,1,4,4,5,7,4,4,8,5,5,2,15,1,20,2,9,1,1,7,9,1,10,1,11,,14,6,1,22,9,121.5005287,25.03162763
111,9,4,23,42,2,10文山區,文山區羅斯福路6段與景隆街口,0,0,2,1,C03,6,3,5,50,4,1,1,4,4,5,7,2,1,1,4,5,2,13,1,26,2,9,1,1,7,9,1,10,2,11,,23,23,1,22,9,121.5396578,25.0004176
111,9,4,23,42,2,10文山區,文山區羅斯福路6段與景隆街口,0,0,2,2,C03,6,3,5,50,4,1,1,4,4,5,7,2,1,1,4,5,2,13,1,57,2,9,1,1,7,9,1,10,2,13,,44,23,1,22,9,121.5396578,25.0004176
111,9,5,2,18,2,10文山區,文山區興隆路2段237號,0,0,1,1,C03,7,3,5,50,11,9,1,4,4,5,7,4,4,1,4,5,2,17,1,19,2,9,1,1,7,9,1,10,1,12,,42,42,1,22,9,121.551462,25.00187948
111,9,5,2,18,2,10文山區,文山區興隆路2段237號,0,0,1,2,C04,7,3,5,50,11,9,1,4,4,5,7,4,4,1,4,5,2,17,1,47,3,10,3,1,7,13,1,10,11,14,,44,42,1,22,9,121.551462,25.00187948
111,9,5,2,18,2,10文山區,文山區興隆路2段237號,0,0,1,3,C03,7,3,5,50,11,9,1,4,4,5,7,4,4,1,4,5,2,17,2,52,3,10,3,1,7,13,1,10,11,14,,44,42,1,22,9,121.551462,25.00187948
111,9,5,2,18,2,10文山區,文山區興隆路2段237號,0,0,1,4,C03,7,3,5,50,11,9,1,4,4,5,7,4,4,1,4,5,2,17,1,62,3,10,3,1,7,13,1,10,11,14,,44,42,1,22,9,121.551462,25.00187948
111,9,5,2,18,2,10文山區,文山區興隆路2段237號,0,0,1,5,C03,7,3,5,50,11,9,1,4,4,5,7,4,4,1,4,5,2,17,1,47,3,10,3,1,7,13,1,10,11,14,,44,42,1,22,9,121.551462,25.00187948
111,9,5,2,18,2,10文山區,文山區興隆路2段237號,0,0,1,6,C03,7,3,5,50,11,9,1,4,4,5,7,4,4,1,4,5,2,17,1,37,3,10,3,1,7,13,1,10,11,14,,44,42,1,22,9,121.551462,25.00187948
111,9,5,2,18,2,10文山區,文山區興隆路2段237號,0,0,1,7,C03,7,3,5,50,11,9,1,4,4,5,7,4,4,1,4,5,2,17,1,61,3,10,3,1,7,13,1,10,11,14,,44,42,1,22,9,121.551462,25.00187948
111,9,5,2,18,2,10文山區,文山區興隆路2段237號,0,0,1,8,C03,7,3,5,50,11,9,1,4,4,5,7,4,4,1,4,5,2,17,1,47,3,10,3,1,7,13,1,10,11,14,,44,42,1,22,9,121.551462,25.00187948