發生年度,發生月,發生日,發生時-Hours,發生分,處理別-編號,區序,肇事地點,死亡人數,2-30日死亡人數,受傷人數,當事人序號,車種,天候,光線,道路類別,速限-速度限制,道路型態,事故位置,路面狀況1,路面狀況2,路面狀況3,道路障礙1,道路障礙2,號誌1,號誌2,車道劃分-分向,車道劃分-分道1,車道劃分-分道2,車道劃分-分道3,事故類型及型態,性別,年齡,受傷程度,主要傷處,安全帽,行動電話,車輛用途,當事者行動狀態,駕駛資格情形,駕駛執照種類,飲酒情形,車輛撞擊部位1,車輛撞擊部位2,肇因碼-個別,肇因碼-主要,個人肇逃否,職業,旅次目的,座標-X,座標-Y
111,9,5,5,1,2,01大同區,大同區重慶北路2段與民權西路口,0,0,1,1,C03,7,2,5,50,3,2,1,5,4,5,7,1,2,9,4,5,1,13,1,57,2,9,1,1,7,9,1,10,1,11,,16,16,1,22,9,121.5136746,25.0628944
111,9,5,5,1,2,01大同區,大同區重慶北路2段與民權西路口,0,0,1,2,C03,7,2,5,50,3,2,1,5,4,5,7,1,2,9,4,5,1,13,1,37,3,10,1,1,7,14,1,10,1,13,,17,16,1,22,9,121.5136746,25.0628944
111,9,5,7,5,2,06松山區,松山區無名巷與松河街堤內便道口(塔悠路179號後),0,0,1,1,B01,6,1,5,40,3,2,1,4,4,5,7,4,4,10,5,5,2,16,1,68,3,10,1,1,7,6,1,4,1,8,,9,9,1,10,9,121.5699062,25.05640265
111,9,5,7,5,2,06松山區,松山區無名巷與松河街堤內便道口(塔悠路179號後),0,0,1,2,C03,6,1,5,40,3,2,1,4,4,5,7,4,4,10,5,5,2,16,1,37,2,9,1,1,7,9,1,9,1,12,,13,9,1,22,9,121.5699062,25.05640265
111,9,5,7,14,2,05中正區,中正區愛國東路158號,0,0,1,1,B03,8,1,5,40,14,8,1,5,4,5,7,1,1,3,4,4,2,12,2,44,3,10,1,1,7,14,1,8,2,6,,40,40,1,22,9,121.5220569,25.0323216
111,9,5,7,14,2,05中正區,中正區愛國東路158號,0,0,1,2,C03,8,1,5,40,14,8,1,5,4,5,7,1,1,3,4,4,2,12,2,36,2,9,1,1,7,9,1,10,2,14,,44,40,1,22,9,121.5220569,25.0323216
111,9,5,7,14,2,05中正區,中正區愛國東路158號,0,0,1,3,H02,8,1,5,40,14,8,1,5,4,5,7,1,1,3,4,4,2,12,2,12,3,10,4,5,7,19,8,20,10,15,,60,40,1,22,9,121.5220569,25.0323216
111,9,5,7,24,2,03中山區,中山區南京東路2段111號,0,0,1,1,B03,7,1,5,50,14,7,1,5,4,5,7,4,4,1,3,4,2,13,1,50,3,10,3,4,7,8,1,8,1,6,,7,7,1,22,9,121.533451,25.05210855
111,9,5,7,24,2,03中山區,中山區南京東路2段111號,0,0,1,2,C03,7,1,5,50,14,7,1,5,4,5,7,4,4,1,3,4,2,13,2,33,2,9,3,4,7,9,1,10,1,11,,13,7,1,22,9,121.533451,25.05210855
111,9,5,7,50,2,08士林區,士林區仰德大道3段與永公路口口附近,0,0,1,2,C03,8,1,5,40,14,9,1,5,4,5,7,4,4,10,1,5,1,17,1,22,2,9,1,1,7,9,1,10,1,12,,44,4,1,22,9,121.5500999,25.11323012
111,9,5,7,50,2,08士林區,士林區仰德大道3段與永公路口口附近,0,0,1,1,B03,8,1,5,40,14,9,1,5,4,5,7,4,4,10,1,5,1,17,2,33,3,10,1,1,7,4,1,8,9,15,,4,4,1,22,9,121.5500999,25.11323012
111,9,5,7,58,2,06松山區,松山區南京東路5段與東興路口,0,0,1,1,A02,8,1,5,50,3,1,1,2,4,5,7,1,1,5,4,5,2,17,1,49,3,10,1,1,7,7,1,2,1,15,,42,42,1,22,9,121.5654392,25.05130585
111,9,5,7,58,2,06松山區,松山區南京東路5段與東興路口,0,0,1,2,C03,8,1,5,50,3,1,1,2,4,5,7,1,1,5,4,5,2,17,1,26,2,9,1,1,7,6,1,10,1,14,,44,42,1,22,9,121.5654392,25.05130585
111,9,5,8,10,2,03中山區,中山區民權東路2段與新生北路3段口,0,0,1,2,C03,8,1,5,50,4,2,1,5,4,5,7,2,1,5,4,5,2,13,1,68,2,9,1,1,7,14,1,10,1,13,,44,16,1,22,9,121.5279404,25.06272536
111,9,5,8,10,2,03中山區,中山區民權東路2段與新生北路3段口,0,0,1,1,A04,8,1,5,50,4,2,1,5,4,5,7,2,1,5,4,5,2,13,1,56,3,10,1,1,7,9,1,2,1,5,,16,16,1,22,9,121.5279404,25.06272536
111,9,5,8,15,2,05中正區,中正區重慶南路3段與福州街口,0,0,2,1,B03,8,1,5,50,14,9,1,5,4,5,7,2,1,1,4,5,1,17,1,62,3,10,1,1,7,8,1,8,1,6,,7,7,1,22,9,121.5161572,25.02724925
111,9,5,8,15,2,05中正區,中正區重慶南路3段與福州街口,0,0,2,2,C03,8,1,5,50,14,9,1,5,4,5,7,2,1,1,4,5,1,17,1,28,2,9,1,1,7,9,1,10,1,11,,23,7,1,22,9,121.5161572,25.02724925
111,9,5,8,15,2,05中正區,中正區重慶南路3段與福州街口,0,0,2,3,C03,8,1,5,50,14,9,1,5,4,5,7,2,1,1,4,5,1,17,1,31,3,10,1,1,7,9,1,10,1,11,,44,7,1,22,9,121.5161572,25.02724925
111,9,5,8,15,2,05中正區,中正區重慶南路3段與福州街口,0,0,2,4,H02,8,1,5,50,14,9,1,5,4,5,7,2,1,1,4,5,1,17,2,31,2,9,1,5,7,17,8,20,10,16,,67,7,1,22,9,121.5161572,25.02724925
111,9,5,8,20,2,09北投區,北投區中央北路4段與大度路3段口,0,0,2,1,C03,8,1,5,50,4,1,1,5,4,5,7,2,1,1,4,5,2,13,1,29,3,10,1,1,7,9,1,10,1,13,,44,44,1,22,9,121.4643763,25.12376548
111,9,5,8,20,2,09北投區,北投區中央北路4段與大度路3段口,0,0,2,2,C03,8,1,5,50,4,1,1,5,4,5,7,2,1,1,4,5,2,13,1,41,3,10,1,1,7,9,1,10,1,13,,44,44,1,22,9,121.4643763,25.12376548
111,9,5,8,20,2,09北投區,北投區中央北路4段與大度路3段口,0,0,2,3,C03,8,1,5,50,4,1,1,5,4,5,7,2,1,1,4,5,2,13,1,29,3,10,1,1,7,9,1,10,1,11,,23,44,1,22,9,121.4643763,25.12376548
111,9,5,8,20,2,09北投區,北投區中央北路4段與大度路3段口,0,0,2,4,C03,8,1,5,50,4,1,1,5,4,5,7,2,1,1,4,5,2,13,1,44,2,9,1,1,7,9,1,10,1,11,,23,44,1,22,9,121.4643763,25.12376548
111,9,5,8,20,2,09北投區,北投區中央北路4段與大度路3段口,0,0,2,5,H02,8,1,5,50,4,1,1,5,4,5,7,2,1,1,4,5,2,13,2,42,2,9,1,5,7,21,8,20,10,16,,67,44,1,22,9,121.4643763,25.12376548
111,9,5,8,25,2,07信義區,信義區光復南路與菸廠路口,0,0,1,1,C03,8,1,5,50,4,1,1,5,3,1,7,1,1,1,4,5,2,12,1,23,2,8,1,1,7,9,1,10,1,11,,50,50,1,22,9,121.5578605,25.0448726
111,9,5,8,25,2,07信義區,信義區光復南路與菸廠路口,0,0,1,2,B03,8,1,5,50,4,1,1,5,3,1,7,1,1,1,4,5,2,12,1,54,3,10,1,1,7,9,1,8,1,5,,44,50,1,22,9,121.5578605,25.0448726
111,9,5,8,25,2,07信義區,信義區光復南路與菸廠路口,0,0,1,3,,8,1,5,50,4,1,1,5,3,1,7,1,1,1,4,5,2,12,3,,,,,,,,,,,,,67,50,1,,,121.5578605,25.0448726
111,9,5,8,39,2,09北投區,北投區立賢路168號前,0,0,1,1,B12,8,1,5,50,14,7,1,5,4,5,7,3,1,10,5,5,2,16,1,55,3,10,1,1,7,11,1,8,1,5,,10,10,1,22,9,121.5017312,25.11392613
111,9,5,8,39,2,09北投區,北投區立賢路168號前,0,0,1,2,C03,8,1,5,50,14,7,1,5,4,5,7,3,1,10,5,5,2,16,2,24,2,9,1,1,7,9,1,10,1,11,,44,10,1,22,9,121.5017312,25.11392613
111,9,5,8,50,2,02萬華區,萬華區桂林路水門口與桂林路246巷口,0,0,1,1,C03,8,1,5,50,4,1,1,5,4,5,7,2,1,1,4,5,2,17,1,25,3,10,1,1,7,9,1,10,1,11,,16,16,1,22,9,121.4958315,25.03884854
111,9,5,8,50,2,02萬華區,萬華區桂林路水門口與桂林路246巷口,0,0,1,2,C03,8,1,5,50,4,1,1,5,4,5,7,2,1,1,4,5,2,17,1,61,2,9,1,1,7,5,1,10,1,11,,16,16,1,22,9,121.4958315,25.03884854
111,9,5,8,50,2,02萬華區,萬華區桂林路水門口與桂林路246巷口,0,0,1,3,C03,8,1,5,50,4,1,1,5,4,5,7,2,1,1,4,5,2,17,2,27,3,10,1,1,7,11,1,10,1,13,,44,16,1,22,9,121.4958315,25.03884854
111,9,5,8,50,2,12內湖區,內湖區行善路75號前,0,0,1,1,B02,8,1,5,50,14,9,1,5,4,5,7,4,4,10,5,5,2,13,1,29,3,10,1,1,7,1,1,8,2,7,,19,19,1,22,9,121.5783123,25.0579228
111,9,5,8,50,2,12內湖區,內湖區行善路75號前,0,0,1,2,C03,8,1,5,50,14,9,1,5,4,5,7,4,4,10,5,5,2,13,1,21,2,9,1,1,7,9,1,10,1,11,,13,19,1,22,9,121.5783123,25.0579228
111,9,5,8,55,2,08士林區,士林區承德路4段與承德路4段277巷口,0,0,1,1,B03,8,1,5,50,3,2,1,5,4,5,7,1,1,1,4,5,2,17,1,31,3,10,1,1,7,6,1,8,1,6,,44,44,1,22,9,121.5198314,25.08966666
111,9,5,8,55,2,08士林區,士林區承德路4段與承德路4段277巷口,0,0,1,2,C03,8,1,5,50,3,2,1,5,4,5,7,1,1,1,4,5,2,17,1,39,2,9,1,1,7,9,1,10,1,11,,13,44,1,22,9,121.5198314,25.08966666
111,9,5,9,3,2,08士林區,士林區中正路439號,0,0,1,1,A05,8,1,5,50,14,8,1,5,4,5,7,4,4,1,4,4,1,16,1,61,3,10,1,1,7,9,1,1,1,5,,44,44,1,22,9,121.519463,25.09285926
111,9,5,9,3,2,08士林區,士林區中正路439號,0,0,1,2,C03,8,1,5,50,14,8,1,5,4,5,7,4,4,1,4,4,1,16,2,37,2,1,1,1,7,9,1,10,1,14,,17,44,1,22,9,121.519463,25.09285926
111,9,5,9,5,2,07信義區,信義區和平東路3段313號,0,0,1,1,A02,8,1,5,50,14,9,1,5,4,5,7,1,1,1,4,5,2,9,1,56,3,10,3,4,7,9,1,2,1,15,,43,43,1,22,9,121.5557888,25.02143486
111,9,5,9,5,2,07信義區,信義區和平東路3段313號,0,0,1,2,H02,8,1,5,50,14,9,1,5,4,5,7,1,1,1,4,5,2,9,2,67,2,9,3,5,7,20,8,20,10,16,,67,43,1,22,9,121.5557888,25.02143486
111,9,5,9,20,2,10文山區,文山區羅斯福路4段與基隆路4段口,0,0,2,1,C03,8,1,5,50,4,1,1,5,4,5,7,1,1,1,4,5,2,16,1,25,2,9,1,1,7,5,1,10,1,14,,26,26,1,22,9,121.5370998,25.01093545
111,9,5,9,20,2,10文山區,文山區羅斯福路4段與基隆路4段口,0,0,2,2,C02,8,1,5,50,4,1,1,5,4,5,7,1,1,1,4,5,2,16,1,25,2,9,1,1,7,9,1,9,1,11,,13,26,1,22,9,121.5370998,25.01093545
111,9,5,9,38,2,04大安區,大安區和平東路2段90巷與和平東路2段口,0,0,1,1,B12,8,1,5,0,14,9,1,5,4,5,7,4,4,8,3,5,1,12,1,49,4,11,3,4,7,15,7,19,11,15,,26,26,2,22,9,121.5399649,25.02528505
111,9,5,9,38,2,04大安區,大安區和平東路2段90巷與和平東路2段口,0,0,1,2,C03,8,1,5,0,14,9,1,5,4,5,7,4,4,8,3,5,1,12,2,31,3,10,1,1,7,12,1,10,1,13,,44,26,1,5,1,121.5399649,25.02528505
111,9,5,9,38,2,04大安區,大安區和平東路2段90巷與和平東路2段口,0,0,1,3,C03,8,1,5,0,14,9,1,5,4,5,7,4,4,8,3,5,1,12,2,25,2,8,1,1,7,12,1,10,1,11,,17,26,1,5,1,121.5399649,25.02528505
111,9,5,10,0,2,03中山區,中山區民權東路2段142號,0,0,1,1,C03,8,1,5,50,14,9,1,5,4,5,7,4,4,3,4,5,2,13,1,60,2,9,1,1,7,9,1,10,1,11,,16,16,1,22,9,121.53399,25.06241448
111,9,5,10,0,2,03中山區,中山區民權東路2段142號,0,0,1,2,B03,8,1,5,50,14,9,1,5,4,5,7,4,4,3,4,5,2,13,1,49,3,10,1,1,7,9,1,8,1,6,,14,16,1,22,9,121.53399,25.06241448
111,9,5,10,0,2,03中山區,中山區民權東路2段142號,0,0,1,3,B01,8,1,5,50,14,9,1,5,4,5,7,4,4,3,4,5,2,13,1,56,3,10,1,1,7,9,1,4,1,5,,23,16,1,22,9,121.53399,25.06241448
111,9,5,10,8,2,12內湖區,內湖區環山路2段與環山路2段53巷口,0,0,1,1,B03,7,1,5,50,4,2,1,5,4,5,7,1,1,5,4,5,2,12,1,71,3,10,1,1,7,11,1,8,1,4,,10,10,1,22,9,121.5735245,25.08541094
111,9,5,10,8,2,12內湖區,內湖區環山路2段與環山路2段53巷口,0,0,1,2,C03,7,1,5,50,4,2,1,5,4,5,7,1,1,5,4,5,2,12,1,38,2,9,1,1,7,9,1,10,1,11,,44,10,1,22,9,121.5735245,25.08541094
111,9,5,10,39,2,05中正區,中正區中華路2段與西藏路口,0,0,1,1,B01,8,1,5,30,14,8,1,5,4,1,7,1,1,5,4,4,2,12,2,69,3,10,1,1,7,6,1,4,1,2,,42,,1,22,9,121.5041507,25.0301077
111,9,5,10,39,2,05中正區,中正區中華路2段與西藏路口,0,0,1,2,C03,8,1,5,30,14,8,1,5,4,1,7,1,1,5,4,4,2,12,1,20,2,9,1,1,7,9,1,10,1,11,,42,,1,22,9,121.5041507,25.0301077
111,9,5,10,40,2,10文山區,文山區羅斯福路5段151號口,0,0,1,1,C03,7,1,5,50,4,2,1,4,4,5,7,1,1,1,4,5,2,16,1,34,3,10,1,4,7,6,1,10,2,12,,9,9,1,22,9,121.5390437,25.0045194
111,9,5,10,40,2,10文山區,文山區羅斯福路5段151號口,0,0,1,2,C03,7,1,5,50,4,2,1,4,4,5,7,1,1,1,4,5,2,16,2,59,2,7,1,4,7,9,1,10,2,14,,44,9,1,22,9,121.5390437,25.0045194
111,9,5,10,52,2,05中正區,中正區鎮江街與濟南路1段口,0,0,1,1,B03,8,1,5,40,3,1,1,5,4,5,7,1,1,5,5,4,2,3,1,79,3,10,1,1,7,9,1,8,2,2,,25,25,1,22,9,121.5210572,25.0427567
111,9,5,10,52,2,05中正區,中正區鎮江街與濟南路1段口,0,0,1,2,H01,8,1,5,40,3,1,1,5,4,5,7,1,1,5,5,4,2,3,2,57,2,9,4,5,8,16,8,20,10,16,,67,25,1,22,9,121.5210572,25.0427567
111,9,5,10,55,2,05中正區,中正區愛國西路與公園路口,0,0,1,1,C03,8,1,5,50,16,9,1,5,4,5,7,1,1,1,4,5,2,16,2,62,2,9,1,1,7,5,1,10,2,12,,25,25,1,22,9,121.5148888,25.0354334
111,9,5,10,55,2,05中正區,中正區愛國西路與公園路口,0,0,1,2,A04,8,1,5,50,16,9,1,5,4,5,7,1,1,1,4,5,2,16,1,46,3,10,1,1,7,9,1,2,2,8,,44,25,1,22,9,121.5148888,25.0354334
111,9,5,11,14,2,06松山區,松山區光復北路與富錦街口,0,0,1,1,B03,7,1,5,50,3,1,1,5,4,5,7,2,1,5,4,4,2,17,1,36,3,10,1,1,7,5,1,8,1,5,,6,6,1,22,9,121.5548708,25.06030822
111,9,5,11,14,2,06松山區,松山區光復北路與富錦街口,0,0,1,2,C03,7,1,5,50,3,1,1,5,4,5,7,2,1,5,4,4,2,17,1,58,2,9,1,1,7,9,1,10,1,11,,44,6,1,22,9,121.5548708,25.06030822
111,9,5,11,32,2,09北投區,北投區中央北路4段546號旁,0,0,1,1,C03,8,1,5,50,14,9,1,5,4,5,7,4,4,9,4,5,2,13,2,54,2,8,1,1,7,9,1,10,1,11,,23,23,1,22,9,121.4673185,25.12768841
111,9,5,11,32,2,09北投區,北投區中央北路4段546號旁,0,0,1,2,B12,8,1,5,50,14,9,1,5,4,5,7,4,4,9,4,5,2,13,1,41,3,10,1,1,7,8,1,8,1,3,,44,23,1,22,9,121.4673185,25.12768841
111,9,5,11,40,2,12內湖區,內湖區成功路2段378號對面,0,0,1,1,C03,8,1,5,50,4,2,1,5,4,5,7,1,1,1,4,5,2,12,1,24,3,10,1,1,7,7,1,10,1,14,,7,7,1,22,9,121.5906414,25.0696938
111,9,5,11,40,2,12內湖區,內湖區成功路2段378號對面,0,0,1,2,C03,8,1,5,50,4,2,1,5,4,5,7,1,1,1,4,5,2,12,2,28,2,9,1,1,7,9,1,9,1,11,,23,7,1,22,9,121.5906414,25.0696938
111,9,5,11,58,2,10文山區,文山區興隆路4段66巷與興隆路4段66巷口15號(不知名巷弄口),0,0,2,1,C03,8,1,5,30,4,1,1,5,4,4,7,4,4,10,5,5,2,15,2,51,2,9,1,1,7,9,1,10,1,11,,6,6,1,22,9,121.5607303,24.98470364
111,9,5,11,58,2,10文山區,文山區興隆路4段66巷與興隆路4段66巷口15號(不知名巷弄口),0,0,2,2,C03,8,1,5,30,4,1,1,5,4,4,7,4,4,10,5,5,2,15,2,23,2,8,1,1,7,9,1,10,1,14,,23,6,1,22,9,121.5607303,24.98470364
111,9,5,11,58,2,10文山區,文山區興隆路4段66巷與興隆路4段66巷口15號(不知名巷弄口),0,0,2,3,C03,8,1,5,30,4,1,1,5,4,4,7,4,4,10,5,5,2,15,1,65,3,10,1,1,7,13,1,10,9,13,,44,6,1,22,9,121.5607303,24.98470364
111,9,5,11,58,2,10文山區,文山區興隆路4段66巷與興隆路4段66巷口15號(不知名巷弄口),0,0,2,4,C03,8,1,5,30,4,1,1,5,4,4,7,4,4,10,5,5,2,15,1,22,4,11,3,4,7,15,7,19,9,15,,44,6,2,22,9,121.5607303,24.98470364
111,9,5,11,58,2,10文山區,文山區興隆路4段66巷與興隆路4段66巷口15號(不知名巷弄口),0,0,2,5,C03,8,1,5,30,4,1,1,5,4,4,7,4,4,10,5,5,2,15,2,60,3,10,1,1,7,13,1,10,9,14,,44,6,1,22,9,121.5607303,24.98470364
111,9,5,12,0,2,03中山區,中山區南京東路2段與建國北路2段口,0,0,1,1,C03,8,1,5,50,4,1,1,5,4,5,7,1,1,5,4,5,1,15,1,58,4,11,3,4,7,9,1,10,11,15,,25,25,2,22,9,121.536529,25.05211226
111,9,5,12,0,2,03中山區,中山區南京東路2段與建國北路2段口,0,0,1,2,C03,8,1,5,50,4,1,1,5,4,5,7,1,1,5,4,5,1,15,1,53,2,7,1,1,7,1,3,18,1,11,,44,25,1,22,9,121.536529,25.05211226
111,9,5,12,25,2,09北投區,北投區裕民六路90巷1弄與裕民六路114巷口,0,0,2,1,C03,8,1,8,30,15,22,1,5,4,5,7,4,4,4,1,5,1,17,1,23,3,10,1,1,7,9,1,10,1,14,,6,6,1,22,9,121.517812,25.1143949
111,9,5,12,25,2,09北投區,北投區裕民六路90巷1弄與裕民六路114巷口,0,0,2,2,C03,8,1,8,30,15,22,1,5,4,5,7,4,4,4,1,5,1,17,2,41,2,9,1,1,7,9,1,10,1,11,,23,6,1,22,9,121.517812,25.1143949
111,9,5,12,25,2,09北投區,北投區裕民六路90巷1弄與裕民六路114巷口,0,0,2,3,H02,8,1,8,30,15,22,1,5,4,5,7,4,4,4,1,5,1,17,1,6,2,9,1,1,7,20,8,20,1,16,,67,6,1,22,9,121.517812,25.1143949
111,9,5,12,54,2,07信義區,信義區松壽路12號,0,0,1,1,C03,8,1,5,50,14,9,1,5,4,5,7,4,4,5,4,5,2,13,2,50,2,8,1,1,7,9,1,10,1,11,,16,16,1,22,9,121.5660329,25.03580959
111,9,5,12,54,2,07信義區,信義區松壽路12號,0,0,1,2,B03,8,1,5,50,14,9,1,5,4,5,7,4,4,5,4,5,2,13,1,27,3,10,1,1,7,12,1,8,1,3,,44,16,1,22,9,121.5660329,25.03580959
111,9,5,13,6,2,02萬華區,萬華區環河南路3段與艋舺大道口,0,0,2,1,C03,8,1,5,50,3,2,1,5,4,5,7,4,4,1,4,5,2,16,1,35,2,8,1,1,7,6,1,10,1,12,,9,9,1,22,9,121.4895571,25.02740613
111,9,5,13,6,2,02萬華區,萬華區環河南路3段與艋舺大道口,0,0,2,2,C03,8,1,5,50,3,2,1,5,4,5,7,4,4,1,4,5,2,16,1,22,2,6,1,1,7,9,1,10,1,14,,13,9,1,22,9,121.4895571,25.02740613
111,9,5,13,14,2,10文山區,文山區萬慶街11號,0,0,1,1,C04,8,1,5,30,14,9,1,5,4,5,7,4,4,10,5,5,2,11,1,84,2,9,1,1,7,9,1,11,2,11,,17,17,1,22,9,121.5400688,24.99230136
111,9,5,13,14,2,10文山區,文山區萬慶街11號,0,0,1,2,B12,8,1,5,30,14,9,1,5,4,5,7,4,4,10,5,5,2,11,1,59,3,10,1,1,7,9,1,8,2,8,,44,17,1,22,9,121.5400688,24.99230136
111,9,5,13,45,2,09北投區,北投區懷德街與懷德街56巷口,0,0,2,1,C03,8,1,5,30,4,1,1,5,4,5,7,4,4,5,4,5,2,15,1,54,2,9,1,1,7,9,1,10,2,14,,6,6,1,22,9,121.5195433,25.1128511
111,9,5,13,45,2,09北投區,北投區懷德街與懷德街56巷口,0,0,2,2,C03,8,1,5,30,4,1,1,5,4,5,7,4,4,5,4,5,2,15,2,59,2,8,1,1,7,9,1,10,2,11,,44,6,1,22,9,121.5195433,25.1128511
111,9,5,13,49,2,01大同區,大同區延平北路4段與敦煌路口,0,0,2,1,C03,8,1,5,50,4,2,1,5,4,5,7,1,1,5,4,5,2,17,1,25,2,9,1,1,7,11,1,10,2,14,,26,26,1,22,9,121.5120018,25.07637298
111,9,5,13,49,2,01大同區,大同區延平北路4段與敦煌路口,0,0,2,2,C03,8,1,5,50,4,2,1,5,4,5,7,1,1,5,4,5,2,17,1,21,2,9,1,1,7,9,1,10,2,11,,44,26,1,22,9,121.5120018,25.07637298
111,9,5,13,55,2,05中正區,中正區中華路1段與中華路1段9巷口,0,0,1,1,B03,8,1,5,50,4,2,1,5,4,5,7,1,1,10,3,5,2,17,1,45,3,10,1,1,7,8,1,8,2,3,,7,7,1,22,9,121.509915,25.046988
111,9,5,13,55,2,05中正區,中正區中華路1段與中華路1段9巷口,0,0,1,2,C01,8,1,5,50,4,2,1,5,4,5,7,1,1,10,3,5,2,17,1,19,2,9,1,1,7,7,4,10,2,11,,23,7,1,22,9,121.509915,25.046988
111,9,5,13,55,2,06松山區,松山區松河街264號,0,0,2,1,C03,7,1,5,40,14,9,1,5,4,5,7,4,4,9,4,5,2,17,2,64,2,9,1,1,7,1,1,10,1,15,,19,19,1,22,9,121.5793404,25.05200013
111,9,5,13,55,2,06松山區,松山區松河街264號,0,0,2,2,C03,7,1,5,40,14,9,1,5,4,5,7,4,4,9,4,5,2,17,2,36,2,9,1,1,7,9,1,10,1,14,,44,19,1,22,9,121.5793404,25.05200013
111,9,5,14,4,2,04大安區,大安區和平東路3段與四維路口,0,0,1,1,C03,8,1,5,50,3,1,1,5,4,5,7,4,4,1,4,5,1,12,2,18,2,9,3,4,7,7,1,10,2,14,,7,7,1,22,9,121.5478229,25.0246733
111,9,5,14,4,2,04大安區,大安區和平東路3段與四維路口,0,0,1,2,B01,8,1,5,50,3,1,1,5,4,5,7,4,4,1,4,5,1,12,1,61,3,10,3,4,7,9,1,4,2,5,,44,7,1,22,9,121.5478229,25.0246733
111,9,5,14,35,2,02萬華區,萬華區萬大路423巷22號,0,0,1,1,B01,8,1,5,50,14,9,1,5,4,5,7,4,4,9,5,5,2,16,1,64,3,10,1,1,7,5,1,4,2,4,,8,8,1,22,9,121.49944,25.02132005
111,9,5,14,35,2,02萬華區,萬華區萬大路423巷22號,0,0,1,2,C03,8,1,5,50,14,9,1,5,4,5,7,4,4,9,5,5,2,16,1,39,2,5,1,1,7,4,1,10,2,12,,44,8,1,22,9,121.49944,25.02132005
111,9,5,14,35,2,12內湖區,內湖區行善路與行善路59巷口,0,0,1,1,B03,8,1,5,50,3,1,1,5,4,5,7,3,1,5,5,5,2,16,2,45,3,10,1,1,7,6,1,8,1,6,,9,9,1,22,9,121.5778738,25.05769179
111,9,5,14,35,2,12內湖區,內湖區行善路與行善路59巷口,0,0,1,2,C03,8,1,5,50,3,1,1,5,4,5,7,3,1,5,5,5,2,16,1,31,2,9,1,1,7,9,1,10,1,14,,44,9,1,22,9,121.5778738,25.05769179
111,9,5,15,10,2,07信義區,信義區松山路與松德路口,0,0,1,1,C03,8,1,5,50,4,2,1,5,4,5,7,2,1,1,4,5,2,16,2,63,2,7,1,1,7,9,1,10,1,11,,42,42,1,22,9,121.5777366,25.03967
111,9,5,15,10,2,07信義區,信義區松山路與松德路口,0,0,1,2,B03,8,1,5,50,4,2,1,5,4,5,7,2,1,1,4,5,2,16,2,41,3,10,1,1,7,6,1,8,1,2,,42,42,1,22,9,121.5777366,25.03967
111,9,5,15,40,2,09北投區,北投區立德路與立德路口1號,0,0,1,1,B03,8,1,5,50,3,1,1,5,4,5,7,4,4,5,4,5,2,17,1,54,3,10,1,1,7,5,1,8,1,8,,8,8,1,22,9,121.4714615,25.12385139
111,9,5,15,40,2,09北投區,北投區立德路與立德路口1號,0,0,1,2,C03,8,1,5,50,3,1,1,5,4,5,7,4,4,5,4,5,2,17,2,46,2,9,1,1,7,9,1,10,1,11,,44,8,1,22,9,121.4714615,25.12385139
111,9,5,15,43,2,02萬華區,萬華區中華路2段與艋舺大道口,0,0,1,2,C03,8,1,5,50,3,1,1,5,4,5,7,2,1,10,5,5,1,16,1,58,2,9,1,4,7,5,1,10,1,14,,42,42,1,22,9,121.5055799,25.03454813
111,9,5,15,43,2,02萬華區,萬華區中華路2段與艋舺大道口,0,0,1,1,B01,8,1,5,50,3,1,1,5,4,5,7,2,1,10,5,5,1,16,1,65,3,10,1,4,7,9,1,8,1,1,,42,42,1,22,9,121.5055799,25.03454813
111,9,5,15,53,2,10文山區,文山區景福街28號,0,0,1,1,C03,8,1,5,50,14,9,1,5,4,5,7,4,4,9,4,5,2,17,1,68,2,9,1,1,7,1,3,18,2,11,,19,19,1,22,9,121.5390573,24.9994137
111,9,5,15,53,2,10文山區,文山區景福街28號,0,0,1,2,B03,8,1,5,50,14,9,1,5,4,5,7,4,4,9,4,5,2,17,1,60,3,10,1,1,7,9,1,8,2,1,,44,19,1,22,9,121.5390573,24.9994137
111,9,5,15,56,2,02萬華區,萬華區中華路2段與艋舺大道口,0,0,1,1,B12,8,1,5,50,3,1,1,5,4,5,7,1,1,1,4,5,2,13,1,40,3,10,1,4,7,5,6,8,1,5,,8,8,1,22,9,121.5056753,25.0343006
111,9,5,15,56,2,02萬華區,萬華區中華路2段與艋舺大道口,0,0,1,2,C03,8,1,5,50,3,1,1,5,4,5,7,1,1,1,4,5,2,13,1,71,2,6,1,4,7,5,1,10,1,13,,44,8,1,22,9,121.5056753,25.0343006
111,9,5,16,17,2,02萬華區,萬華區中華路2段與廣州街口,0,0,1,1,B03,8,1,5,40,4,1,1,5,4,5,7,1,1,1,4,4,2,16,1,54,3,10,1,1,7,6,1,8,1,5,,6,6,1,22,9,121.5063881,25.03613831
111,9,5,16,17,2,02萬華區,萬華區中華路2段與廣州街口,0,0,1,2,C02,8,1,5,40,4,1,1,5,4,5,7,1,1,1,4,4,2,16,1,26,2,9,1,1,7,9,1,9,1,14,,23,6,1,22,9,121.5063881,25.03613831
111,9,5,16,17,2,02萬華區,萬華區中華路2段與廣州街口,0,0,1,3,C03,8,1,5,40,4,1,1,5,4,5,7,1,1,1,4,4,2,16,1,18,3,10,1,1,7,14,1,10,1,14,,44,6,1,22,9,121.5063881,25.03613831
111,9,5,16,21,2,03中山區,中山區長安東路2段161號,0,0,1,2,B12,7,1,5,50,14,9,1,5,4,5,7,1,1,5,4,5,2,12,1,36,3,10,1,1,7,9,1,8,1,8,,44,7,1,22,9,121.543081,25.04834315