發生年度,發生月,發生日,發生時-Hours,發生分,處理別-編號,區序,肇事地點,死亡人數,2-30日死亡人數,受傷人數,當事人序號,車種,天候,光線,道路類別,速限-速度限制,道路型態,事故位置,路面狀況1,路面狀況2,路面狀況3,道路障礙1,道路障礙2,號誌1,號誌2,車道劃分-分向,車道劃分-分道1,車道劃分-分道2,車道劃分-分道3,事故類型及型態,性別,年齡,受傷程度,主要傷處,安全帽,行動電話,車輛用途,當事者行動狀態,駕駛資格情形,駕駛執照種類,飲酒情形,車輛撞擊部位1,車輛撞擊部位2,肇因碼-個別,肇因碼-主要,個人肇逃否,職業,旅次目的,座標-X,座標-Y
111,9,5,16,21,2,03中山區,中山區長安東路2段161號,0,0,1,1,C03,7,1,5,50,14,9,1,5,4,5,7,1,1,5,4,5,2,12,2,60,2,9,1,1,7,8,4,11,1,12,,7,7,1,22,9,121.543081,25.04834315
111,9,5,16,25,2,05中正區,中正區信義路2段與金山南路1段口,0,0,1,1,B02,7,1,5,50,4,1,1,5,4,5,7,1,1,10,5,5,2,17,1,24,3,10,1,1,7,6,1,4,2,6,,9,9,1,22,9,121.5274503,25.0341432
111,9,5,16,25,2,05中正區,中正區信義路2段與金山南路1段口,0,0,1,2,F01,7,1,5,50,4,1,1,5,4,5,7,1,1,10,5,5,2,17,1,64,2,9,1,1,7,9,8,20,2,16,,23,9,1,22,9,121.5274503,25.0341432
111,9,5,16,28,2,04大安區,大安區仁愛路4段與敦化南路1段口,0,0,1,1,C03,8,1,5,0,11,9,1,5,4,5,7,2,1,8,3,5,1,12,2,21,2,9,1,1,7,12,1,10,1,11,,16,16,1,21,1,121.548071,25.03827982
111,9,5,16,28,2,04大安區,大安區仁愛路4段與敦化南路1段口,0,0,1,2,C03,8,1,5,0,11,9,1,5,4,5,7,2,1,8,3,5,1,12,1,51,3,10,1,1,7,12,1,10,1,13,,44,16,1,5,3,121.548071,25.03827982
111,9,5,16,28,2,04大安區,大安區仁愛路4段與敦化南路1段口,0,0,1,3,C03,8,1,5,0,11,9,1,5,4,5,7,2,1,8,3,5,1,12,2,59,3,10,1,1,7,15,1,10,1,15,,44,16,1,20,5,121.548071,25.03827982
111,9,5,16,40,2,05中正區,中正區林森南路與忠孝東路1段口,0,0,1,1,C03,8,1,5,50,4,1,1,5,4,5,7,1,1,5,4,5,1,12,1,37,3,10,1,1,7,9,1,10,2,14,,23,23,1,22,9,121.5233484,25.0446231
111,9,5,16,40,2,05中正區,中正區林森南路與忠孝東路1段口,0,0,1,2,C03,8,1,5,50,4,1,1,5,4,5,7,1,1,5,4,5,1,12,2,46,2,9,1,1,7,9,1,10,2,12,,44,23,1,22,9,121.5233484,25.0446231
111,9,5,16,40,2,05中正區,中正區林森南路與忠孝東路1段口,0,0,1,3,H02,8,1,5,50,4,1,1,5,4,5,7,1,1,5,4,5,1,12,1,16,3,10,1,5,7,21,8,20,10,16,,67,23,1,22,9,121.5233484,25.0446231
111,9,5,16,56,2,02萬華區,萬華區康定路與長沙街2段口,0,0,1,1,C03,8,1,5,50,4,1,1,5,4,5,7,1,1,10,5,5,1,12,1,61,2,9,1,4,7,5,1,10,1,13,,8,8,1,22,9,121.5020682,25.040505
111,9,5,16,56,2,02萬華區,萬華區康定路與長沙街2段口,0,0,1,2,C03,8,1,5,50,4,1,1,5,4,5,7,1,1,10,5,5,1,12,1,19,3,10,1,4,7,9,1,10,1,11,,44,8,1,22,9,121.5020682,25.040505
111,9,5,17,26,2,09北投區,北投區承德路6段329號,0,0,1,1,B03,8,1,5,60,14,7,1,5,4,5,7,4,4,1,4,4,2,17,1,44,3,10,1,1,7,7,1,8,1,4,,7,7,1,22,9,121.5121451,25.1029349
111,9,5,17,26,2,09北投區,北投區承德路6段329號,0,0,1,2,B03,8,1,5,60,14,7,1,5,4,5,7,4,4,1,4,4,2,17,1,26,2,7,1,1,7,9,1,8,1,5,,44,7,1,22,9,121.5121451,25.1029349
111,9,5,17,28,2,01大同區,大同區承德路3段59號,0,0,2,1,G06,8,2,8,0,14,20,4,5,4,5,7,4,4,10,5,5,2,16,1,37,2,9,1,1,7,9,7,19,1,15,,23,23,1,22,9,121.5184435,25.06536449
111,9,5,17,28,2,01大同區,大同區承德路3段59號,0,0,2,2,F01,8,2,8,0,14,20,4,5,4,5,7,4,4,10,5,5,2,16,2,45,2,9,1,1,7,9,8,20,1,16,,23,23,1,22,9,121.5184435,25.06536449
111,9,5,17,41,2,10文山區,文山區羅斯福路6段與景隆街口,0,0,1,1,C03,8,1,5,50,4,2,1,5,4,5,7,1,1,1,4,5,2,12,2,63,2,9,1,1,7,8,1,10,1,13,,7,7,1,22,9,121.5400256,24.9995668
111,9,5,17,41,2,10文山區,文山區羅斯福路6段與景隆街口,0,0,1,2,C03,8,1,5,50,4,2,1,5,4,5,7,1,1,1,4,5,2,12,1,35,3,10,1,1,7,9,6,18,1,11,,44,7,1,22,9,121.5400256,24.9995668
111,9,5,17,50,2,12內湖區,內湖區洲子街106號前,0,0,2,1,C03,8,3,5,50,14,9,1,5,4,5,7,4,4,9,5,5,2,12,1,33,2,4,1,1,7,11,1,10,1,11,,10,10,1,22,9,121.5697912,25.08054735
111,9,5,17,50,2,12內湖區,內湖區洲子街106號前,0,0,2,2,C03,8,3,5,50,14,9,1,5,4,5,7,4,4,9,5,5,2,12,1,39,2,8,1,1,7,11,1,10,1,12,,6,10,1,22,9,121.5697912,25.08054735
111,9,5,17,50,2,12內湖區,內湖區五分街與安康路口,0,0,1,1,C03,7,3,5,50,4,1,1,4,4,5,7,4,4,10,5,5,2,15,1,48,2,9,1,1,7,9,1,10,1,12,,6,6,1,22,9,121.6152411,25.0673306
111,9,5,17,50,2,12內湖區,內湖區五分街與安康路口,0,0,1,2,B01,7,3,5,50,4,1,1,4,4,5,7,4,4,10,5,5,2,15,1,73,3,10,1,1,7,9,1,4,1,1,,23,6,1,22,9,121.6152411,25.0673306
111,9,5,17,55,2,12內湖區,內湖區安康路與康寧路3段245巷口,0,0,1,1,B12,6,3,5,50,4,2,1,4,4,5,7,1,1,4,5,5,1,12,1,34,3,10,3,4,7,5,1,8,1,4,,8,8,1,22,9,121.6136847,25.0661953
111,9,5,17,55,2,12內湖區,內湖區安康路與康寧路3段245巷口,0,0,1,2,C03,6,3,5,50,4,2,1,4,4,5,7,1,1,4,5,5,1,12,2,37,2,8,3,4,7,5,1,10,1,12,,42,8,1,22,9,121.6136847,25.0661953
111,9,5,18,0,2,08士林區,士林區至善路2段與至善路2段86巷口,0,0,1,1,B03,7,1,5,30,3,1,1,5,4,5,7,4,4,1,3,4,2,17,1,57,3,10,3,4,7,6,1,8,1,4,,9,9,1,22,9,121.5459147,25.09770102
111,9,5,18,0,2,08士林區,士林區至善路2段與至善路2段86巷口,0,0,1,2,C03,7,1,5,30,3,1,1,5,4,5,7,4,4,1,3,4,2,17,1,60,2,9,1,4,7,9,6,10,1,11,,23,9,1,22,9,121.5459147,25.09770102
111,9,5,18,5,2,08士林區,士林區承德路5段與士商路口,0,0,1,1,B03,8,1,5,50,4,1,1,5,4,5,7,2,1,1,4,5,2,17,1,39,3,10,1,1,7,6,1,8,2,5,,9,9,1,22,9,121.5142195,25.0960262
111,9,5,18,5,2,08士林區,士林區承德路5段與士商路口,0,0,1,2,C03,8,1,5,50,4,1,1,5,4,5,7,2,1,1,4,5,2,17,1,42,2,9,1,1,7,9,1,10,2,14,,44,9,1,22,9,121.5142195,25.0960262
111,9,5,18,35,2,04大安區,大安區仁愛路4段與敦化南路1段口,0,0,1,1,C03,7,3,5,50,5,1,1,4,4,5,7,2,1,1,4,5,2,16,1,31,2,9,1,4,7,9,1,10,1,12,,23,23,1,22,9,121.5495589,25.0380749
111,9,5,18,35,2,04大安區,大安區仁愛路4段與敦化南路1段口,0,0,1,2,B03,7,3,5,50,5,1,1,4,4,5,7,2,1,1,4,5,2,16,1,41,3,10,3,4,7,5,1,8,1,4,,8,23,1,22,9,121.5495589,25.0380749
111,9,5,18,35,2,08士林區,士林區至誠路1段與至誠路1段62巷10弄口,0,0,2,1,C03,7,3,5,50,4,1,1,5,4,5,1,3,1,4,4,5,2,17,1,22,2,9,1,4,7,5,1,10,1,12,,8,8,1,22,9,121.5363412,25.10152473
111,9,5,18,35,2,08士林區,士林區至誠路1段與至誠路1段62巷10弄口,0,0,2,2,C03,7,3,5,50,4,1,1,5,4,5,1,3,1,4,4,5,2,17,2,48,2,9,1,4,7,9,1,10,1,11,,14,8,1,22,9,121.5363412,25.10152473
111,9,5,18,40,2,05中正區,中正區北平東路希望廣場,0,0,1,1,C03,7,3,5,50,14,9,1,5,4,5,7,4,4,5,4,5,2,13,1,63,2,1,1,1,7,9,1,10,2,11,,23,23,1,22,9,121.5242743,25.0462904
111,9,5,18,40,2,05中正區,中正區北平東路希望廣場,0,0,1,2,B03,7,3,5,50,14,9,1,5,4,5,7,4,4,5,4,5,2,13,1,49,3,10,1,1,7,14,1,8,2,6,,44,23,1,22,9,121.5242743,25.0462904
111,9,5,19,11,2,03中山區,中山區新生北路2段28巷,0,0,1,1,C03,6,3,5,50,14,9,1,4,4,5,7,4,4,1,4,5,2,13,1,64,2,9,1,1,7,9,1,10,1,11,,23,23,1,22,9,121.5273482,25.05368241
111,9,5,19,11,2,03中山區,中山區新生北路2段28巷,0,0,1,2,A12,6,3,5,50,14,9,1,4,4,5,7,4,4,1,4,5,2,13,1,41,3,10,1,1,7,15,1,3,1,7,,38,23,1,22,9,121.5273482,25.05368241
111,9,5,19,11,2,04大安區,大安區羅斯福路4段123巷21弄與羅斯福路4段口口,0,0,2,1,B03,7,3,5,30,3,1,1,5,4,5,7,4,4,1,3,5,2,15,1,56,3,10,1,1,7,1,1,8,1,8,,6,6,1,22,9,121.5374608,25.0099702
111,9,5,19,11,2,04大安區,大安區羅斯福路4段123巷21弄與羅斯福路4段口口,0,0,2,2,C03,7,3,5,30,3,1,1,5,4,5,7,4,4,1,3,5,2,15,2,19,2,9,1,1,7,9,1,10,1,12,,14,6,1,22,9,121.5374608,25.0099702
111,9,5,19,11,2,04大安區,大安區羅斯福路4段123巷21弄與羅斯福路4段口口,0,0,2,3,H02,7,3,5,30,3,1,1,5,4,5,7,4,4,1,3,5,2,15,1,19,2,9,1,5,7,17,8,20,10,16,,67,6,1,22,9,121.5374608,25.0099702
111,9,5,19,35,2,03中山區,中山區長春路與遼寧街口,0,0,1,1,B03,6,3,5,50,4,1,1,4,4,5,7,2,1,5,4,4,2,16,1,59,3,10,3,4,7,5,1,8,1,5,,8,8,1,22,9,121.5421061,25.0546247
111,9,5,19,35,2,03中山區,中山區長春路與遼寧街口,0,0,1,2,C03,6,3,5,50,4,1,1,4,4,5,7,2,1,5,4,4,2,16,2,24,2,9,1,4,7,9,1,10,1,11,,13,8,1,22,9,121.5421061,25.0546247
111,9,5,19,46,2,06松山區,松山區市民大道4段105號,0,0,1,1,B03,6,3,5,40,14,9,1,4,4,5,7,4,4,1,4,5,2,17,1,49,4,11,3,4,7,1,7,19,11,15,,19,43,2,22,9,121.5481395,25.04516995
111,9,5,19,46,2,06松山區,松山區市民大道4段105號,0,0,1,2,C03,6,3,5,40,14,9,1,4,4,5,7,4,4,1,4,5,2,17,1,27,2,8,1,4,7,9,1,10,2,12,,13,43,1,22,9,121.5481395,25.04516995
111,9,5,20,5,2,01大同區,大同區鄭州路與西寧北路口,0,0,1,1,B03,8,3,5,50,4,1,1,5,4,5,7,2,1,10,2,5,2,17,1,35,3,10,3,4,7,8,1,8,1,6,,7,7,1,22,9,121.5082021,25.0506052
111,9,5,20,5,2,01大同區,大同區鄭州路與西寧北路口,0,0,1,2,C03,8,3,5,50,4,1,1,5,4,5,7,2,1,10,2,5,2,17,1,54,2,8,3,4,7,9,1,10,1,11,,44,7,1,22,9,121.5082021,25.0506052
111,9,5,20,15,2,04大安區,大安區師大路與師大路105巷口口,0,0,2,1,C03,7,3,5,50,4,1,1,5,4,5,7,2,1,5,5,5,2,16,1,18,2,8,3,4,7,5,1,10,1,12,,6,6,1,22,9,121.5284094,25.02255153
111,9,5,20,15,2,04大安區,大安區師大路與師大路105巷口口,0,0,2,2,C03,7,3,5,50,4,1,1,5,4,5,7,2,1,5,5,5,2,16,2,22,2,9,3,4,7,9,1,10,1,11,,44,6,1,22,9,121.5284094,25.02255153
111,9,5,20,30,2,09北投區,北投區中央北路4段601巷11號,0,0,1,1,C04,8,1,5,50,3,2,1,5,4,5,2,4,4,9,5,5,2,18,1,18,2,9,1,1,7,9,1,10,1,12,,42,42,1,22,9,121.4627764,25.12339435
111,9,5,20,30,2,09北投區,北投區中央北路4段601巷11號,0,0,1,2,,8,1,5,50,3,2,1,5,4,5,2,4,4,9,5,5,2,18,3,,,,,,,,,,,,,67,42,1,,,121.4627764,25.12339435
111,9,5,20,57,2,01大同區,大同區環河北路1段與民生西路口,0,0,2,1,B02,7,3,5,50,4,1,1,5,4,5,7,1,1,5,4,5,2,16,1,23,3,10,1,1,7,6,1,8,1,5,,9,9,1,22,9,121.5082792,25.0568507
111,9,5,20,57,2,01大同區,大同區環河北路1段與民生西路口,0,0,2,2,C03,7,3,5,50,4,1,1,5,4,5,7,1,1,5,4,5,2,16,1,57,2,9,1,1,7,9,1,10,1,14,,44,9,1,22,9,121.5082792,25.0568507
111,9,5,20,57,2,01大同區,大同區環河北路1段與民生西路口,0,0,2,3,C03,7,3,5,50,4,1,1,5,4,5,7,1,1,5,4,5,2,16,1,19,2,9,1,1,7,9,1,10,1,14,,44,9,1,22,9,121.5082792,25.0568507
111,9,5,21,4,2,12內湖區,內湖區內湖路2段103巷104號前,0,0,1,1,C03,8,3,5,30,14,9,1,5,4,5,7,4,4,9,5,5,2,3,1,41,3,10,1,1,7,9,1,10,11,11,,23,23,1,22,9,121.5808925,25.08394708
111,9,5,21,4,2,12內湖區,內湖區內湖路2段103巷104號前,0,0,1,2,H01,8,3,5,30,14,9,1,5,4,5,7,4,4,9,5,5,2,3,2,54,2,8,4,5,8,16,8,20,11,16,,51,23,1,22,9,121.5808925,25.08394708
111,9,5,21,25,2,02萬華區,萬華區長沙街2段與康定路口,0,0,1,1,C03,8,1,5,50,4,1,1,5,4,5,7,2,1,5,4,5,2,12,1,50,3,10,1,1,7,8,6,18,1,12,,7,7,1,22,9,121.5021197,25.0404971
111,9,5,21,25,2,02萬華區,萬華區長沙街2段與康定路口,0,0,1,2,C03,8,1,5,50,4,1,1,5,4,5,7,2,1,5,4,5,2,12,1,28,2,7,1,1,7,9,1,10,1,14,,44,7,1,22,9,121.5021197,25.0404971
111,9,5,21,27,2,09北投區,北投區承德路7段與承德路7段393巷口,0,0,1,1,B01,7,3,5,60,4,2,1,5,4,5,7,2,1,1,4,5,2,9,1,60,3,10,1,1,7,9,1,4,1,5,,23,23,1,22,9,121.5014286,25.1194442
111,9,5,21,27,2,09北投區,北投區承德路7段與承德路7段393巷口,0,0,1,2,H01,7,3,5,60,4,2,1,5,4,5,7,2,1,1,4,5,2,9,2,68,2,9,4,5,8,17,8,20,10,16,,52,23,1,22,9,121.5014286,25.1194442
111,9,5,22,50,2,12內湖區,內湖區金湖路與金湖路109巷口,0,0,1,1,B03,8,3,5,50,3,2,1,5,4,5,7,2,1,3,4,5,2,17,2,46,3,10,1,1,7,5,1,8,2,5,,8,8,1,22,9,121.598144,25.08063934
111,9,5,22,50,2,12內湖區,內湖區金湖路與金湖路109巷口,0,0,1,2,C03,8,3,5,50,3,2,1,5,4,5,7,2,1,3,4,5,2,17,1,19,2,9,1,1,7,9,1,10,2,11,,13,8,1,22,9,121.598144,25.08063934
111,9,6,0,21,2,06松山區,松山區延壽街387號,0,0,1,2,B03,8,1,5,50,14,9,1,5,4,5,7,4,4,9,4,5,2,12,1,45,3,10,1,1,7,13,1,8,1,7,,44,23,1,22,9,121.557657,25.05642044
111,9,6,0,21,2,06松山區,松山區延壽街387號,0,0,1,1,C03,8,1,5,50,14,9,1,5,4,5,7,4,4,9,4,5,2,12,1,68,2,9,1,1,7,9,1,10,11,11,,23,23,1,22,9,121.557657,25.05642044
111,9,6,0,30,2,03中山區,中山區中山北路3段與民族東路口,0,0,2,1,C03,8,3,5,50,4,1,1,5,4,5,7,1,1,1,4,5,2,16,1,19,2,9,1,1,7,8,1,10,1,12,,7,7,1,22,9,121.5230145,25.068486
111,9,6,0,30,2,03中山區,中山區中山北路3段與民族東路口,0,0,2,2,C03,8,3,5,50,4,1,1,5,4,5,7,1,1,1,4,5,2,16,2,22,2,9,1,1,7,9,1,10,1,14,,13,7,1,22,9,121.5230145,25.068486
111,9,6,1,22,2,06松山區,松山區南京東路3段344號,0,0,1,1,B03,8,3,5,50,14,8,1,5,4,5,7,1,1,1,5,4,1,12,1,59,3,10,1,4,7,9,1,5,1,2,,23,23,1,22,9,121.5481406,25.05165211
111,9,6,1,22,2,06松山區,松山區南京東路3段344號,0,0,1,2,C03,8,3,5,50,14,8,1,5,4,5,7,1,1,1,5,4,1,12,1,36,2,8,1,1,7,14,1,10,1,14,,44,23,1,22,9,121.5481406,25.05165211
111,9,6,6,20,2,05中正區,中正區忠孝東路1段12號,0,0,1,1,B03,8,1,5,50,15,9,1,5,4,5,7,4,4,9,4,5,2,17,1,51,3,10,1,4,7,6,1,8,2,2,,9,9,1,22,9,121.5219101,25.04520904
111,9,6,6,20,2,05中正區,中正區忠孝東路1段12號,0,0,1,2,C03,8,1,5,50,15,9,1,5,4,5,7,4,4,9,4,5,2,17,1,21,2,9,1,4,7,9,1,10,2,11,,44,9,1,22,9,121.5219101,25.04520904
111,9,6,6,41,2,02萬華區,萬華區萬板大橋往新北市機車道,0,0,2,1,C03,7,1,5,50,14,11,1,5,4,5,7,4,4,3,4,5,2,13,1,24,2,9,1,1,7,7,1,10,2,11,,13,13,1,22,9,121.487945,25.03056567
111,9,6,6,41,2,02萬華區,萬華區萬板大橋往新北市機車道,0,0,2,2,C03,7,1,5,50,14,11,1,5,4,5,7,4,4,3,4,5,2,13,1,75,2,8,1,1,7,9,1,10,2,13,,44,13,1,22,9,121.487945,25.03056567
111,9,6,7,10,2,02萬華區,萬華區萬大路85巷與莒光路197巷口口,0,0,1,1,C03,6,1,5,30,4,1,1,4,4,5,7,4,4,10,5,5,1,16,1,18,2,8,3,4,7,9,1,10,1,12,,6,6,1,22,9,121.501852,25.0303325
111,9,6,7,10,2,02萬華區,萬華區萬大路85巷與莒光路197巷口口,0,0,1,2,B12,6,1,5,30,4,1,1,4,4,5,7,4,4,10,5,5,1,16,1,49,3,10,3,4,7,9,1,8,1,1,,14,6,1,22,9,121.501852,25.0303325
111,9,6,7,15,2,10文山區,文山區景隆街與景隆街36巷口,0,0,1,1,C03,6,1,5,50,3,1,1,4,4,5,7,3,1,5,4,5,2,3,1,53,3,10,1,1,7,9,1,10,2,11,,15,15,1,22,9,121.5436796,24.9988407
111,9,6,7,15,2,10文山區,文山區景隆街與景隆街36巷口,0,0,1,2,H01,6,1,5,50,3,1,1,4,4,5,7,3,1,5,4,5,2,3,2,87,2,9,4,5,8,16,8,20,10,16,,67,15,1,22,9,121.5436796,24.9988407
111,9,6,7,40,2,10文山區,文山區辛亥路4段101巷與辛亥路4段101巷140弄口,0,0,1,1,C03,6,1,5,30,3,1,1,4,4,5,7,4,4,9,5,5,2,17,2,23,2,9,1,1,7,6,1,10,2,12,,42,42,1,22,9,121.561502,25.0061965
111,9,6,7,40,2,10文山區,文山區辛亥路4段101巷與辛亥路4段101巷140弄口,0,0,1,2,B03,6,1,5,30,3,1,1,4,4,5,7,4,4,9,5,5,2,17,2,54,3,10,1,1,7,5,1,8,2,8,,23,42,1,22,9,121.561502,25.0061965
111,9,6,7,55,2,11南港區,南港區舊莊街1段91巷與大坑街口,0,0,1,1,B03,6,1,5,30,4,1,1,4,4,5,7,4,4,10,5,5,2,1,1,32,3,10,1,1,7,5,6,18,7,1,,15,15,1,22,9,121.6240441,25.0370335
111,9,6,7,55,2,11南港區,南港區舊莊街1段91巷與大坑街口,0,0,1,2,H01,6,1,5,30,4,1,1,4,4,5,7,4,4,10,5,5,2,1,2,77,2,9,4,5,8,16,8,20,1,16,,67,15,1,22,9,121.6240441,25.0370335
111,9,6,8,20,2,12內湖區,內湖區瑞光路7巷與瑞光路口,0,0,1,2,B01,6,1,5,50,3,2,1,4,4,5,7,1,1,5,4,5,2,17,1,62,3,10,1,1,7,9,1,4,2,15,,44,42,1,22,9,121.5838126,25.06923071
111,9,6,8,20,2,12內湖區,內湖區瑞光路7巷與瑞光路口,0,0,1,1,C03,6,1,5,50,3,2,1,4,4,5,7,1,1,5,4,5,2,17,1,26,2,9,1,1,7,9,1,9,2,14,,42,42,1,22,9,121.5838126,25.06923071
111,9,6,8,30,2,12內湖區,內湖區潭美街與新明路536巷口,0,0,1,1,C03,6,1,5,50,3,1,1,4,4,5,7,1,1,5,5,5,2,13,1,39,3,10,1,1,7,12,1,10,2,11,,16,16,1,22,9,121.576718,25.0530606
111,9,6,8,30,2,12內湖區,內湖區潭美街與新明路536巷口,0,0,1,2,C03,6,1,5,50,3,1,1,4,4,5,7,1,1,5,5,5,2,13,1,19,2,9,1,1,7,12,1,10,2,13,,44,16,1,22,9,121.576718,25.0530606
111,9,6,8,30,2,12內湖區,內湖區潭美街與新明路536巷口,0,0,1,3,,6,1,5,50,3,1,1,4,4,5,7,1,1,5,5,5,2,13,3,,,,,,,,,,,,,66,16,1,,,121.576718,25.0530606
111,9,6,9,0,2,06松山區,松山區民生東路3段100號,0,0,1,1,C03,6,1,5,50,14,9,1,4,4,5,7,4,4,1,4,5,2,17,1,64,2,9,1,1,7,8,1,10,1,12,,7,7,1,22,9,121.5445304,25.05768488
111,9,6,9,0,2,06松山區,松山區民生東路3段100號,0,0,1,2,B01,6,1,5,50,14,9,1,4,4,5,7,4,4,1,4,5,2,17,1,69,3,10,1,1,7,8,1,4,1,15,,7,7,1,22,9,121.5445304,25.05768488
111,9,6,9,5,2,10文山區,文山區景文街98號,0,0,1,1,,6,1,5,50,14,7,1,4,4,3,5,4,4,5,5,4,2,29,3,,,,,,,,,,,,,66,66,1,,,121.5410432,24.9901155
111,9,6,9,5,2,10文山區,文山區景文街98號,0,0,1,2,C03,6,1,5,50,14,7,1,4,4,3,5,4,4,5,5,4,2,29,2,51,2,9,1,1,7,9,1,10,2,11,,44,66,1,22,9,121.5410432,24.9901155
111,9,6,9,5,2,10文山區,文山區景文街98號,0,0,1,3,B12,6,1,5,50,14,7,1,4,4,3,5,4,4,5,5,4,2,29,1,67,3,10,3,4,7,13,1,8,9,15,,26,66,1,22,9,121.5410432,24.9901155
111,9,6,9,12,2,08士林區,士林區至善路2段與故宮路口,0,0,1,1,C03,6,1,5,50,14,11,1,4,4,5,7,1,1,1,4,5,2,17,2,20,2,8,1,1,7,9,1,10,1,12,,42,42,1,22,9,121.5465166,25.09806764
111,9,6,9,12,2,08士林區,士林區至善路2段與故宮路口,0,0,1,2,B03,6,1,5,50,14,11,1,4,4,5,7,1,1,1,4,5,2,17,1,46,3,10,1,1,7,9,1,8,1,4,,44,42,1,22,9,121.5465166,25.09806764
111,9,6,9,21,2,03中山區,中山區南京東路3段與復興北路口,0,0,2,1,C03,8,1,5,40,4,1,1,5,4,5,7,1,1,1,4,4,2,15,2,44,2,9,1,1,7,9,1,10,1,11,,44,44,1,22,9,121.5439699,25.051904
111,9,6,9,21,2,03中山區,中山區南京東路3段與復興北路口,0,0,2,2,C03,8,1,5,40,4,1,1,5,4,5,7,1,1,1,4,4,2,15,2,30,2,9,1,1,7,1,1,10,1,14,,44,44,1,22,9,121.5439699,25.051904
111,9,6,9,25,2,06松山區,松山區南京東路4段與北寧路口,0,0,2,1,F01,7,1,5,40,4,1,1,4,4,5,7,1,1,1,4,4,2,16,1,36,2,9,3,4,7,9,8,20,1,16,,43,43,1,22,9,121.5527567,25.05156761
111,9,6,9,25,2,06松山區,松山區南京東路4段與北寧路口,0,0,2,2,C03,7,1,5,40,4,1,1,4,4,5,7,1,1,1,4,4,2,16,1,72,2,9,3,4,7,9,1,10,1,12,,43,43,1,22,9,121.5527567,25.05156761
111,9,6,9,28,2,09北投區,北投區稻香路第038燈桿前,0,0,1,1,C03,8,1,5,40,11,9,1,4,4,5,1,4,4,5,4,5,1,10,1,38,2,9,1,1,7,9,6,10,2,12,,23,23,1,22,9,121.4836927,25.14482487
111,9,6,9,28,2,09北投區,北投區稻香路第038燈桿前,0,0,1,2,B03,8,1,5,40,11,9,1,4,4,5,1,4,4,5,4,5,1,10,1,51,3,10,1,1,7,9,1,8,2,4,,44,23,1,22,9,121.4836927,25.14482487
111,9,6,9,30,2,12內湖區,內湖區環東大道東向西,0,0,2,1,B12,7,1,5,80,14,9,1,5,4,5,7,4,4,1,4,5,2,13,1,40,2,8,1,1,7,9,1,8,1,1,,16,16,1,22,9,121.5754961,25.05404031
111,9,6,9,30,2,12內湖區,內湖區環東大道東向西,0,0,2,2,B12,7,1,5,80,14,9,1,5,4,5,7,4,4,1,4,5,2,13,1,50,2,6,1,1,7,14,1,8,1,3,,44,16,1,22,9,121.5754961,25.05404031
111,9,6,9,30,2,12內湖區,內湖區環東大道東向西,0,0,2,3,B12,7,1,5,80,14,9,1,5,4,5,7,4,4,1,4,5,2,13,1,43,3,10,1,1,7,14,1,8,1,3,,44,16,1,22,9,121.5754961,25.05404031
111,9,6,9,30,2,12內湖區,內湖區環東大道東向西,0,0,2,4,B03,7,1,5,80,14,9,1,5,4,5,7,4,4,1,4,5,2,13,1,44,3,10,1,1,7,14,1,8,1,3,,44,16,1,22,9,121.5754961,25.05404031
111,9,6,10,12,2,03中山區,中山區長安東路2段與吉林路口,0,0,1,1,B01,7,1,5,50,4,2,1,5,4,5,7,1,1,5,4,4,2,1,1,60,3,10,1,1,7,5,1,4,1,5,,15,15,1,22,9,121.5300769,25.04851966
111,9,6,10,12,2,03中山區,中山區長安東路2段與吉林路口,0,0,1,2,H01,7,1,5,50,4,2,1,5,4,5,7,1,1,5,4,4,2,1,2,61,2,9,4,5,8,16,8,20,10,16,,67,15,1,22,9,121.5300769,25.04851966
111,9,6,10,17,2,03中山區,中山區農安街與農安街166巷口,0,0,1,1,B03,8,1,5,50,4,2,1,5,4,5,7,4,4,4,5,5,2,17,1,24,3,10,3,4,7,11,1,8,1,8,,10,10,1,22,9,121.5339552,25.0647347
111,9,6,10,17,2,03中山區,中山區農安街與農安街166巷口,0,0,1,2,F01,8,1,5,50,4,2,1,5,4,5,7,4,4,4,5,5,2,17,1,70,2,9,1,1,7,11,8,20,1,16,,11,10,1,22,9,121.5339552,25.0647347
111,9,6,10,26,2,01大同區,大同區萬全街與萬全街103巷口,0,0,2,1,C03,8,1,5,30,4,1,1,5,4,5,7,4,4,10,5,5,2,15,1,54,2,9,1,1,7,9,1,10,2,14,,6,6,1,22,9,121.5167013,25.0580008
111,9,6,10,26,2,01大同區,大同區萬全街與萬全街103巷口,0,0,2,2,C03,8,1,5,30,4,1,1,5,4,5,7,4,4,10,5,5,2,15,1,34,2,9,1,1,7,9,1,10,2,14,,42,6,1,22,9,121.5167013,25.0580008
111,9,6,10,31,2,03中山區,中山區北安路與明水路口,0,0,1,1,C03,8,1,5,50,5,2,1,5,4,5,7,1,1,1,4,5,2,13,2,62,3,10,1,1,7,9,3,18,1,11,,23,23,1,22,9,121.552356,25.0857869
111,9,6,10,31,2,03中山區,中山區北安路與明水路口,0,0,1,2,C03,8,1,5,50,5,2,1,5,4,5,7,1,1,1,4,5,2,13,2,58,2,9,1,1,7,8,1,10,1,13,,7,23,1,22,9,121.552356,25.0857869
111,9,6,10,33,2,04大安區,大安區師大路與師大路135巷口,0,0,1,1,B03,7,1,5,50,4,2,1,5,4,5,7,4,4,8,3,5,2,17,1,64,3,10,1,1,7,14,1,8,1,4,,40,40,1,22,9,121.5280743,25.02157254
111,9,6,10,33,2,04大安區,大安區師大路與師大路135巷口,0,0,1,2,C03,7,1,5,50,4,2,1,5,4,5,7,4,4,8,3,5,2,17,1,53,2,8,1,1,7,6,1,10,1,15,,23,40,1,22,9,121.5280743,25.02157254