發生年度,發生月,發生日,發生時-Hours,發生分,處理別-編號,區序,肇事地點,死亡人數,2-30日死亡人數,受傷人數,當事人序號,車種,天候,光線,道路類別,速限-速度限制,道路型態,事故位置,路面狀況1,路面狀況2,路面狀況3,道路障礙1,道路障礙2,號誌1,號誌2,車道劃分-分向,車道劃分-分道1,車道劃分-分道2,車道劃分-分道3,事故類型及型態,性別,年齡,受傷程度,主要傷處,安全帽,行動電話,車輛用途,當事者行動狀態,駕駛資格情形,駕駛執照種類,飲酒情形,車輛撞擊部位1,車輛撞擊部位2,肇因碼-個別,肇因碼-主要,個人肇逃否,職業,旅次目的,座標-X,座標-Y
111,9,6,10,40,2,12內湖區,內湖區新湖二路與新湖二路146巷口,0,0,1,1,C03,7,1,5,50,4,1,1,5,4,5,7,1,1,5,4,5,2,15,1,58,2,9,1,1,7,9,1,10,2,12,,25,25,1,22,9,121.57937,25.0625661
111,9,6,10,40,2,12內湖區,內湖區新湖二路與新湖二路146巷口,0,0,1,2,B01,7,1,5,50,4,1,1,5,4,5,7,1,1,5,4,5,2,15,1,55,3,10,1,1,7,9,1,4,2,1,,25,25,1,22,9,121.57937,25.0625661
111,9,6,10,50,2,09北投區,北投區裕民二路45號前,0,0,1,1,B03,8,1,5,50,14,9,1,5,4,5,7,4,4,5,5,5,2,16,1,50,3,10,1,1,7,11,1,8,2,5,,10,10,1,22,9,121.516721,25.1150456
111,9,6,10,50,2,09北投區,北投區裕民二路45號前,0,0,1,2,C03,8,1,5,50,14,9,1,5,4,5,7,4,4,5,5,5,2,16,2,30,2,9,1,1,7,9,1,10,2,14,,44,10,1,22,9,121.516721,25.1150456
111,9,6,11,0,2,07信義區,信義區松德路與虎林街口,0,0,1,1,B03,7,1,5,50,4,1,1,4,4,5,7,1,1,1,4,4,1,11,1,69,3,10,1,1,7,5,1,8,1,2,,8,8,1,22,9,121.5767988,25.0387309
111,9,6,11,0,2,07信義區,信義區松德路與虎林街口,0,0,1,2,C03,7,1,5,50,4,1,1,4,4,5,7,1,1,1,4,4,1,11,2,23,2,9,1,1,7,9,1,10,1,11,,44,8,1,22,9,121.5767988,25.0387309
111,9,6,11,8,2,03中山區,中山區天津街66號,0,0,1,1,B01,8,1,5,50,14,9,1,5,4,5,7,4,4,9,5,5,2,12,1,51,4,11,3,4,7,15,1,4,11,5,,23,23,1,22,9,121.5233004,25.05135
111,9,6,11,8,2,03中山區,中山區天津街66號,0,0,1,2,C03,8,1,5,50,14,9,1,5,4,5,7,4,4,9,5,5,2,12,2,24,2,8,1,4,7,1,1,10,11,14,,19,23,1,22,9,121.5233004,25.05135
111,9,6,11,30,2,10文山區,文山區景興路91巷27號,0,0,1,1,C03,8,1,5,30,14,9,1,4,4,5,7,4,4,10,5,5,2,18,1,67,2,9,1,1,7,9,1,10,1,12,,43,43,1,22,9,121.5461073,24.99598931
111,9,6,11,30,2,10文山區,文山區景興路91巷27號,0,0,1,2,,8,1,5,30,14,9,1,4,4,5,7,4,4,10,5,5,2,18,3,,,,,,,,,,,,,67,43,1,,,121.5461073,24.99598931
111,9,6,11,45,2,08士林區,士林區延平北路5段與延平北路5段83巷口,0,0,1,1,B03,8,1,5,50,4,1,1,5,4,5,7,2,1,1,4,5,1,16,1,52,3,10,1,1,7,11,1,8,1,6,,11,11,1,22,9,121.5106067,25.0809506
111,9,6,11,45,2,08士林區,士林區延平北路5段與延平北路5段83巷口,0,0,1,2,C03,8,1,5,50,4,1,1,5,4,5,7,2,1,1,4,5,1,16,2,57,2,9,1,1,7,9,3,18,1,11,,23,11,1,22,9,121.5106067,25.0809506
111,9,6,11,46,2,03中山區,中山區中山橋南往北,0,0,1,1,B03,8,1,5,40,11,7,1,5,4,5,7,4,4,1,4,4,2,12,1,30,3,10,1,1,7,8,1,8,1,2,,7,7,1,22,9,121.5245395,25.0737042
111,9,6,11,46,2,03中山區,中山區中山橋南往北,0,0,1,2,C03,8,1,5,40,11,7,1,5,4,5,7,4,4,1,4,4,2,12,1,18,2,9,1,1,7,9,1,10,1,14,,13,7,1,22,9,121.5245395,25.0737042
111,9,6,11,55,2,09北投區,北投區文林北路80巷59弄與文林北路94巷口,0,0,1,1,C03,7,1,5,30,4,1,1,5,4,5,7,4,4,10,5,5,2,15,2,34,2,9,1,1,7,9,1,10,1,11,,6,6,1,22,9,121.5189643,25.1069139
111,9,6,11,55,2,09北投區,北投區文林北路80巷59弄與文林北路94巷口,0,0,1,2,B03,7,1,5,30,4,1,1,5,4,5,7,4,4,10,5,5,2,15,1,57,3,10,1,1,7,9,1,8,1,8,,23,6,1,22,9,121.5189643,25.1069139
111,9,6,12,48,2,11南港區,南港區南港路2段與南港路2段38巷口,0,0,1,1,B03,7,1,5,50,3,2,1,4,4,5,7,1,1,9,5,5,2,12,1,53,3,10,1,1,7,6,1,8,2,7,,9,9,1,22,9,121.6050288,25.0540973
111,9,6,12,48,2,11南港區,南港區南港路2段與南港路2段38巷口,0,0,1,2,C03,7,1,5,50,3,2,1,4,4,5,7,1,1,9,5,5,2,12,2,44,2,9,1,1,7,9,1,10,2,14,,44,9,1,22,9,121.6050288,25.0540973
111,9,6,12,50,2,04大安區,大安區新生南路1段103巷33弄與新生南路1段97巷口口,0,0,1,1,C03,7,1,5,30,4,1,1,5,4,5,7,4,4,10,5,5,2,15,2,49,2,9,3,4,7,9,1,10,1,12,,6,6,1,22,9,121.5356796,25.04110787
111,9,6,12,50,2,04大安區,大安區新生南路1段103巷33弄與新生南路1段97巷口口,0,0,1,2,B01,7,1,5,30,4,1,1,5,4,5,7,4,4,10,5,5,2,15,1,52,3,10,3,4,7,9,1,4,1,1,,44,6,1,22,9,121.5356796,25.04110787
111,9,6,12,50,2,08士林區,士林區至誠路1段88號,0,0,1,1,B01,8,1,5,50,15,9,1,5,4,5,7,4,4,5,4,5,1,17,1,46,3,10,1,1,7,11,1,4,1,4,,10,10,1,22,9,121.534777,25.1015042
111,9,6,12,50,2,08士林區,士林區至誠路1段88號,0,0,1,2,C03,8,1,5,50,15,9,1,5,4,5,7,4,4,5,4,5,1,17,2,36,2,9,1,1,7,9,1,10,1,11,,44,10,1,22,9,121.534777,25.1015042
111,9,6,13,30,2,07信義區,信義區松山路465巷與忠孝東路5段492巷口,0,0,2,1,C03,8,1,5,30,5,1,1,5,4,5,7,4,4,10,5,5,1,17,2,35,2,9,1,1,7,9,1,10,1,11,,6,6,1,22,9,121.5783759,25.0395755
111,9,6,13,30,2,07信義區,信義區松山路465巷與忠孝東路5段492巷口,0,0,2,2,C04,8,1,5,30,5,1,1,5,4,5,7,4,4,10,5,5,1,17,1,55,2,7,1,1,7,7,1,11,1,11,,14,6,1,22,9,121.5783759,25.0395755
111,9,6,13,32,2,01大同區,大同區民權西路與蘭州街口,0,0,3,1,C03,7,1,5,50,4,1,1,5,4,5,7,1,1,9,4,5,2,12,1,34,2,9,1,1,7,5,1,10,1,11,,8,8,1,22,9,121.5147324,25.06284149
111,9,6,13,32,2,01大同區,大同區民權西路與蘭州街口,0,0,3,2,C03,7,1,5,50,4,1,1,5,4,5,7,1,1,9,4,5,2,12,1,31,2,9,1,1,7,9,1,10,1,12,,44,8,1,22,9,121.5147324,25.06284149
111,9,6,13,32,2,01大同區,大同區民權西路與蘭州街口,0,0,3,3,H02,7,1,5,50,4,1,1,5,4,5,7,1,1,9,4,5,2,12,2,54,2,9,4,5,7,21,8,20,10,15,,67,8,1,22,9,121.5147324,25.06284149
111,9,6,13,40,2,04大安區,大安區復興南路2段與復興南路2段135巷口,0,0,3,1,B03,8,1,5,50,5,2,1,5,4,5,7,1,1,8,3,5,2,12,2,72,3,10,1,1,7,9,1,8,1,1,,25,25,1,22,9,121.5436553,25.0284485
111,9,6,13,40,2,04大安區,大安區復興南路2段與復興南路2段135巷口,0,0,3,2,C03,8,1,5,50,5,2,1,5,4,5,7,1,1,8,3,5,2,12,2,50,2,9,1,1,7,14,1,10,1,14,,44,25,1,22,9,121.5436553,25.0284485
111,9,6,13,40,2,04大安區,大安區復興南路2段與復興南路2段135巷口,0,0,3,3,C03,8,1,5,50,5,2,1,5,4,5,7,1,1,8,3,5,2,12,1,42,2,9,1,1,7,14,1,10,1,12,,44,25,1,22,9,121.5436553,25.0284485
111,9,6,13,40,2,04大安區,大安區復興南路2段與復興南路2段135巷口,0,0,3,4,H02,8,1,5,50,5,2,1,5,4,5,7,1,1,8,3,5,2,12,2,71,2,9,1,5,7,20,8,20,10,16,,67,25,1,22,9,121.5436553,25.0284485
111,9,6,13,42,2,04大安區,大安區市民大道4段126號,0,0,1,1,B12,7,1,5,40,14,9,1,5,4,5,7,4,4,1,4,5,2,12,1,23,3,10,1,1,7,9,1,8,1,4,,23,23,1,22,9,121.5515966,25.04444055
111,9,6,13,42,2,04大安區,大安區市民大道4段126號,0,0,1,2,C03,7,1,5,40,14,9,1,5,4,5,7,4,4,1,4,5,2,12,2,55,2,9,1,1,7,9,4,11,1,12,,44,23,1,22,9,121.5515966,25.04444055
111,9,6,13,54,2,01大同區,大同區民權西路與蘭州街口,0,0,1,1,C03,8,1,5,50,4,1,1,5,4,5,7,2,1,1,4,5,2,16,1,31,2,9,3,4,7,9,1,10,2,15,,44,44,1,22,9,121.5148307,25.06312166
111,9,6,13,54,2,01大同區,大同區民權西路與蘭州街口,0,0,1,2,B01,8,1,5,50,4,1,1,5,4,5,7,2,1,1,4,5,2,16,1,64,3,10,3,4,7,5,1,4,2,15,,8,44,1,22,9,121.5148307,25.06312166
111,9,6,13,55,2,03中山區,中山區復興北路286號,0,0,1,1,B01,8,1,5,50,14,9,1,5,4,5,7,4,4,1,4,5,2,12,1,56,3,10,1,1,7,8,1,8,1,3,,7,7,1,22,9,121.543878,25.0591038
111,9,6,13,55,2,03中山區,中山區復興北路286號,0,0,1,2,C03,8,1,5,50,14,9,1,5,4,5,7,4,4,1,4,5,2,12,2,23,2,9,1,1,7,9,1,10,1,14,,44,7,1,22,9,121.543878,25.0591038
111,9,6,14,20,2,06松山區,松山區光復北路103巷26號,0,0,2,1,C03,7,1,5,30,4,1,1,5,4,5,7,4,4,10,5,5,2,15,1,21,2,9,3,4,7,9,1,9,11,11,,6,6,1,22,9,121.5591507,25.05091097
111,9,6,14,20,2,06松山區,松山區光復北路103巷26號,0,0,2,2,C03,7,1,5,30,4,1,1,5,4,5,7,4,4,10,5,5,2,15,1,35,2,9,3,4,7,9,1,10,2,14,,13,6,1,22,9,121.5591507,25.05091097
111,9,6,14,35,2,12內湖區,內湖區康樂街111巷與康樂街61巷口,0,0,1,1,B01,8,1,5,30,4,1,1,5,3,5,7,4,4,10,5,5,2,15,1,59,3,10,1,1,7,9,1,4,1,1,,6,6,1,22,9,121.6197977,25.07069338
111,9,6,14,35,2,12內湖區,內湖區康樂街111巷與康樂街61巷口,0,0,1,2,C03,8,1,5,30,4,1,1,5,3,5,7,4,4,10,5,5,2,15,1,20,2,9,1,1,7,9,1,10,1,11,,14,6,1,22,9,121.6197977,25.07069338
111,9,6,14,50,2,12內湖區,內湖區行善路與堤頂大道1段口,0,0,2,1,B03,8,1,5,50,3,2,1,5,4,5,7,4,4,5,5,5,2,17,1,27,2,9,1,1,7,6,1,8,2,1,,3,3,1,22,9,121.5745388,25.05600647
111,9,6,14,50,2,12內湖區,內湖區行善路與堤頂大道1段口,0,0,2,2,B12,8,1,5,50,3,2,1,5,4,5,7,4,4,5,5,5,2,17,1,52,2,9,3,4,7,13,1,8,1,7,,42,3,1,22,9,121.5745388,25.05600647
111,9,6,14,50,2,12內湖區,內湖區行善路與堤頂大道1段口,0,0,2,3,A12,8,1,5,50,3,2,1,5,4,5,7,4,4,5,5,5,2,17,1,51,3,10,1,1,7,13,1,7,2,7,,42,3,1,22,9,121.5745388,25.05600647
111,9,6,14,53,2,12內湖區,內湖區新湖二路與新湖三路口口,0,0,1,1,B02,8,1,5,40,4,1,1,5,4,5,7,4,4,5,5,5,2,15,1,30,3,10,1,1,7,9,1,8,1,4,,6,6,1,22,9,121.5846783,25.0650208
111,9,6,14,53,2,12內湖區,內湖區新湖二路與新湖三路口口,0,0,1,2,C03,8,1,5,40,4,1,1,5,4,5,7,4,4,5,5,5,2,15,2,44,2,9,1,1,7,9,1,10,1,11,,14,6,1,22,9,121.5846783,25.0650208
111,9,6,15,53,2,01大同區,大同區民生西路242號,0,0,5,5,H02,8,1,5,50,14,9,1,5,4,5,7,4,4,5,4,5,2,11,2,5,2,9,1,1,7,21,8,20,10,15,,67,7,1,22,9,121.5141363,25.05704347
111,9,6,15,53,2,01大同區,大同區民生西路242號,0,0,5,1,F02,8,1,5,50,14,9,1,5,4,5,7,4,4,5,4,5,2,11,2,37,2,9,1,1,7,7,8,20,2,16,,7,7,1,22,9,121.5141363,25.05704347
111,9,6,15,53,2,01大同區,大同區民生西路242號,0,0,5,2,C03,8,1,5,50,14,9,1,5,4,5,7,4,4,5,4,5,2,11,2,38,2,9,1,1,7,9,1,10,2,12,,42,7,1,22,9,121.5141363,25.05704347
111,9,6,15,53,2,01大同區,大同區民生西路242號,0,0,5,3,C03,8,1,5,50,14,9,1,5,4,5,7,4,4,5,4,5,2,11,1,20,2,9,1,1,7,9,1,10,2,12,,44,7,1,22,9,121.5141363,25.05704347
111,9,6,15,53,2,01大同區,大同區民生西路242號,0,0,5,4,C03,8,1,5,50,14,9,1,5,4,5,7,4,4,5,4,5,2,11,2,37,2,9,1,1,7,9,1,10,2,12,,44,7,1,22,9,121.5141363,25.05704347
111,9,6,16,1,2,07信義區,信義區基隆路1段與忠孝東路5段口,0,0,2,1,C03,8,1,5,30,4,1,1,5,4,5,7,2,1,1,4,5,2,12,1,60,2,7,1,1,7,9,1,10,1,12,,23,23,1,21,8,121.5644344,25.0408455
111,9,6,16,1,2,07信義區,信義區基隆路1段與忠孝東路5段口,0,0,2,2,C04,8,1,5,30,4,1,1,5,4,5,7,2,1,1,4,5,2,12,2,50,2,8,1,1,7,7,1,10,1,14,,7,23,1,21,8,121.5644344,25.0408455
111,9,6,16,30,2,12內湖區,內湖區瑞光路478巷與瑞光路口,0,0,1,1,C03,7,1,5,50,4,2,1,5,4,5,7,1,1,5,4,5,2,16,2,36,3,10,1,1,7,6,1,10,2,12,,9,9,1,22,9,121.5693541,25.07882759
111,9,6,16,30,2,12內湖區,內湖區瑞光路478巷與瑞光路口,0,0,1,2,C03,7,1,5,50,4,2,1,5,4,5,7,1,1,5,4,5,2,16,2,38,2,8,1,1,7,9,1,10,2,14,,44,9,1,22,9,121.5693541,25.07882759
111,9,6,16,39,2,09北投區,北投區承德路6段與福國路口往士林(北往南)方向,0,0,1,1,C03,8,1,5,50,4,2,1,5,4,5,7,1,1,9,4,4,1,13,1,29,2,8,1,1,7,5,1,10,1,11,,8,8,1,22,9,121.5122563,25.10152177
111,9,6,16,39,2,09北投區,北投區承德路6段與福國路口往士林(北往南)方向,0,0,1,2,B03,8,1,5,50,4,2,1,5,4,5,7,1,1,9,4,4,1,13,1,57,3,10,1,1,7,5,1,8,1,6,,44,8,1,22,9,121.5122563,25.10152177
111,9,6,16,40,2,03中山區,中山區內湖路1段與堤頂大道2段口,0,0,1,1,C03,8,1,5,50,3,2,1,5,4,5,7,2,1,1,4,5,2,12,1,56,2,9,1,1,7,9,1,10,1,14,,44,44,1,22,9,121.5603813,25.0845912
111,9,6,16,40,2,03中山區,中山區內湖路1段與堤頂大道2段口,0,0,1,2,B03,8,1,5,50,3,2,1,5,4,5,7,2,1,1,4,5,2,12,1,44,3,10,1,1,7,8,1,8,1,2,,7,44,1,22,9,121.5603813,25.0845912
111,9,6,16,51,2,07信義區,信義區松高路(東向西)(北市議會旁),0,0,1,1,C03,7,1,5,50,14,9,1,5,4,5,7,4,4,9,4,5,1,13,1,56,2,9,3,4,7,9,1,10,1,12,,16,16,1,22,9,121.5632082,25.03920577
111,9,6,16,51,2,07信義區,信義區松高路(東向西)(北市議會旁),0,0,1,2,B03,7,1,5,50,14,9,1,5,4,5,7,4,4,9,4,5,1,13,1,35,3,10,3,4,7,9,1,8,1,7,,44,16,1,22,9,121.5632082,25.03920577
111,9,6,16,56,2,09北投區,北投區大業路527巷與中央北路2段257巷口,0,0,1,1,C03,8,1,5,50,3,1,1,5,4,5,7,3,1,10,5,5,2,13,1,27,2,8,1,1,7,6,1,10,1,11,,16,16,1,22,9,121.4909524,25.1375949
111,9,6,16,56,2,09北投區,北投區大業路527巷與中央北路2段257巷口,0,0,1,2,B01,8,1,5,50,3,1,1,5,4,5,7,3,1,10,5,5,2,13,1,36,3,10,1,1,7,6,1,4,1,6,,44,16,1,22,9,121.4909524,25.1375949
111,9,6,17,11,2,10文山區,文山區木新路3段與興隆路4段口,0,0,1,1,B03,8,1,5,50,14,9,2,5,4,5,7,2,1,5,4,5,2,17,4,,4,11,3,4,7,15,7,19,11,15,,43,43,2,22,9,121.5625743,24.9821189
111,9,6,17,11,2,10文山區,文山區木新路3段與興隆路4段口,0,0,1,2,C03,8,1,5,50,14,9,2,5,4,5,7,2,1,5,4,5,2,17,1,20,2,8,1,1,7,9,1,10,2,11,,13,43,1,22,9,121.5625743,24.9821189
111,9,6,17,15,2,02萬華區,萬華區華中橋往台北市機車道,0,0,4,1,C03,8,1,7,30,11,11,1,5,4,5,7,4,4,10,4,5,2,17,1,32,2,7,1,4,7,5,3,18,6,12,,21,21,1,22,9,121.4958268,25.0156632
111,9,6,17,15,2,02萬華區,萬華區華中橋往台北市機車道,0,0,4,2,C03,8,1,7,30,11,11,1,5,4,5,7,4,4,10,4,5,2,17,1,33,2,8,1,4,7,13,1,10,2,13,,44,21,1,22,9,121.4958268,25.0156632
111,9,6,17,15,2,02萬華區,萬華區華中橋往台北市機車道,0,0,4,3,C03,8,1,7,30,11,11,1,5,4,5,7,4,4,10,4,5,2,17,1,56,2,9,1,4,7,5,1,10,2,13,,44,21,1,22,9,121.4958268,25.0156632
111,9,6,17,15,2,02萬華區,萬華區華中橋往台北市機車道,0,0,4,4,C03,8,1,7,30,11,11,1,5,4,5,7,4,4,10,4,5,2,17,1,48,2,9,1,4,7,5,1,10,2,11,,23,21,1,22,9,121.4958268,25.0156632
111,9,6,17,33,2,05中正區,中正區重慶南路2段與愛國西路口,0,0,1,1,B03,8,1,5,50,4,1,1,5,4,5,7,1,1,1,4,5,2,17,1,33,3,10,1,1,7,6,1,8,2,2,,9,9,1,22,9,121.512468,25.0350187
111,9,6,17,33,2,05中正區,中正區重慶南路2段與愛國西路口,0,0,1,2,C03,8,1,5,50,4,1,1,5,4,5,7,1,1,1,4,5,2,17,2,28,2,9,1,1,7,9,1,10,1,14,,44,9,1,22,9,121.512468,25.0350187
111,9,6,17,50,2,01大同區,大同區鄭州路與環河北路1段口,0,0,1,1,B03,8,1,5,50,4,1,1,5,4,5,7,2,1,1,4,5,2,13,1,42,3,10,3,4,7,5,1,8,1,5,,23,23,1,22,9,121.5066782,25.0504729
111,9,6,17,50,2,01大同區,大同區鄭州路與環河北路1段口,0,0,1,2,C03,8,1,5,50,4,1,1,5,4,5,7,2,1,1,4,5,2,13,1,23,2,8,1,1,7,5,1,10,1,13,,44,23,1,22,9,121.5066782,25.0504729
111,9,6,17,58,2,12內湖區,內湖區成美橋與新明路口,0,0,1,1,A02,8,1,5,50,14,9,1,5,4,5,7,2,1,5,4,5,2,9,1,64,3,10,1,1,7,9,1,2,11,15,,43,43,1,22,9,121.5823214,25.05542517
111,9,6,17,58,2,12內湖區,內湖區成美橋與新明路口,0,0,1,2,H02,8,1,5,50,14,9,1,5,4,5,7,2,1,5,4,5,2,9,2,42,2,9,4,5,7,17,8,20,10,16,,58,43,1,22,9,121.5823214,25.05542517
111,9,6,18,3,2,11南港區,南港區研究院路2段84巷與研究院路2段98巷21弄口,0,0,1,1,B03,7,1,5,30,4,1,1,5,4,5,7,4,4,5,5,5,2,16,2,64,3,10,1,1,7,5,1,8,1,8,,5,5,1,22,9,121.6149412,25.045087
111,9,6,18,3,2,11南港區,南港區研究院路2段84巷與研究院路2段98巷21弄口,0,0,1,2,C03,7,1,5,30,4,1,1,5,4,5,7,4,4,5,5,5,2,16,1,26,2,8,1,1,7,6,1,9,1,14,,9,5,1,22,9,121.6149412,25.045087
111,9,6,18,10,2,02萬華區,萬華區堤外便道與堤外便道口環南平面停車場入口,0,0,1,1,B12,8,3,5,40,3,1,1,5,4,5,7,3,1,5,5,5,2,16,1,52,3,10,1,1,7,6,1,8,1,2,,9,9,1,22,9,121.4882676,25.02922942
111,9,6,18,10,2,02萬華區,萬華區堤外便道與堤外便道口環南平面停車場入口,0,0,1,2,C03,8,3,5,40,3,1,1,5,4,5,7,3,1,5,5,5,2,16,1,31,2,9,1,1,7,9,6,10,1,11,,23,9,1,22,9,121.4882676,25.02922942
111,9,6,18,20,2,04大安區,大安區仁愛路4段北側快車道,0,0,1,1,B03,8,3,5,50,14,9,1,5,4,5,7,4,4,4,3,5,1,13,1,51,2,7,1,1,7,12,1,8,1,1,,16,16,1,21,1,121.5540781,25.03773691
111,9,6,18,20,2,04大安區,大安區仁愛路4段北側快車道,0,0,1,2,B03,8,3,5,50,14,9,1,5,4,5,7,4,4,4,3,5,1,13,2,62,3,10,1,1,7,12,1,8,1,3,,44,16,1,19,5,121.5540781,25.03773691
111,9,6,18,30,2,01大同區,大同區萬全街106巷10號,0,0,1,1,C03,8,3,5,50,14,9,1,5,4,5,7,4,4,7,5,5,2,16,1,51,2,8,1,4,7,9,1,10,1,14,,23,23,1,22,9,121.5169901,25.0576205
111,9,6,18,30,2,01大同區,大同區萬全街106巷10號,0,0,1,2,B03,8,3,5,50,14,9,1,5,4,5,7,4,4,7,5,5,2,16,1,34,3,10,3,4,7,13,1,8,1,8,,44,23,1,22,9,121.5169901,25.0576205
111,9,6,19,10,2,08士林區,士林區延平北路7段106巷與延平北路7段口,0,0,2,1,C03,8,3,5,50,3,2,1,5,4,5,7,4,4,10,2,5,1,16,2,25,2,7,1,1,7,11,1,10,9,11,,23,23,1,22,9,121.4971985,25.09687861
111,9,6,19,10,2,08士林區,士林區延平北路7段106巷與延平北路7段口,0,0,2,2,F01,8,3,5,50,3,2,1,5,4,5,7,4,4,10,2,5,1,16,1,15,2,9,1,1,7,11,8,20,9,16,,11,23,1,22,9,121.4971985,25.09687861
111,9,6,19,18,2,03中山區,中山區民族東路與吉林路口,0,0,2,1,C03,8,3,5,50,4,2,1,5,4,5,7,2,1,1,4,5,2,12,1,35,2,9,1,4,7,7,1,10,1,14,,7,7,1,22,9,121.5306505,25.0682645
111,9,6,19,18,2,03中山區,中山區民族東路與吉林路口,0,0,2,2,B12,8,3,5,50,4,2,1,5,4,5,7,2,1,1,4,5,2,12,1,46,3,10,3,4,7,9,1,8,1,2,,44,7,1,22,9,121.5306505,25.0682645
111,9,6,19,18,2,03中山區,中山區民族東路與吉林路口,0,0,2,3,B03,8,3,5,50,4,2,1,5,4,5,7,2,1,1,4,5,2,12,2,51,3,10,3,4,7,3,1,8,1,15,,42,7,1,22,9,121.5306505,25.0682645
111,9,6,19,18,2,03中山區,中山區民族東路與吉林路口,0,0,2,4,H02,8,3,5,50,4,2,1,5,4,5,7,2,1,1,4,5,2,12,2,37,2,9,4,5,7,20,8,20,10,16,,67,7,1,22,9,121.5306505,25.0682645
111,9,6,19,23,2,05中正區,中正區永福橋(往新北市方向),0,0,1,1,C03,8,3,5,50,8,9,1,5,4,5,7,4,4,5,4,5,1,13,2,25,2,9,1,1,7,8,1,10,2,11,,23,23,1,22,9,121.5276249,25.01126349
111,9,6,19,23,2,05中正區,中正區永福橋(往新北市方向),0,0,1,2,B03,8,3,5,50,8,9,1,5,4,5,7,4,4,5,4,5,1,13,1,62,3,10,2,1,7,9,1,8,2,6,,44,23,1,22,9,121.5276249,25.01126349
111,9,6,19,30,2,12內湖區,內湖區基湖路10巷與堤頂大道2段407巷口,0,0,1,1,B03,8,1,5,30,3,1,1,5,4,5,7,4,4,5,5,5,2,17,1,40,3,10,1,1,7,5,1,8,1,8,,8,8,1,22,9,121.5645344,25.0817985
111,9,6,19,30,2,12內湖區,內湖區基湖路10巷與堤頂大道2段407巷口,0,0,1,2,C03,8,1,5,30,3,1,1,5,4,5,7,4,4,5,5,5,2,17,1,30,2,9,1,1,7,14,1,10,1,11,,44,8,1,22,9,121.5645344,25.0817985
111,9,6,20,40,2,09北投區,北投區大度路1段與大度路1段150巷口,0,0,1,1,C04,8,3,5,50,3,2,1,5,4,5,7,1,1,1,4,3,1,12,1,25,2,9,1,1,7,9,1,10,1,14,,43,43,1,22,9,121.4937619,25.12166289
111,9,6,20,40,2,09北投區,北投區大度路1段與大度路1段150巷口,0,0,1,2,B03,8,3,5,50,3,2,1,5,4,5,7,1,1,1,4,3,1,12,1,54,3,10,1,1,7,14,1,2,1,2,,43,43,1,22,9,121.4937619,25.12166289
111,9,6,20,41,2,02萬華區,萬華區桂林路與華西街29巷1弄口,0,0,2,1,B01,8,3,5,40,14,7,1,5,4,3,7,4,4,5,5,4,2,12,4,,4,11,3,4,7,15,7,19,11,15,,43,43,2,22,9,121.4987965,25.038458
111,9,6,20,41,2,02萬華區,萬華區桂林路與華西街29巷1弄口,0,0,2,2,C03,8,3,5,40,14,7,1,5,4,3,7,4,4,5,5,4,2,12,1,18,2,9,1,1,7,7,1,10,1,14,,7,43,1,22,9,121.4987965,25.038458
111,9,6,20,41,2,02萬華區,萬華區桂林路與華西街29巷1弄口,0,0,2,3,B01,8,3,5,40,14,7,1,5,4,3,7,4,4,5,5,4,2,12,1,56,3,10,1,1,7,9,1,4,1,2,,44,43,1,22,9,121.4987965,25.038458
111,9,6,20,41,2,02萬華區,萬華區桂林路與華西街29巷1弄口,0,0,2,4,H02,8,3,5,40,14,7,1,5,4,3,7,4,4,5,5,4,2,12,2,18,2,9,4,5,7,17,8,20,10,16,,67,43,1,22,9,121.4987965,25.038458
111,9,6,20,54,2,09北投區,北投區石牌路1段與致遠二路口,0,0,1,1,C03,8,3,5,50,4,1,1,5,4,5,7,1,1,5,4,5,2,13,2,25,3,10,1,1,7,9,1,10,1,11,,16,16,1,22,9,121.5122959,25.114084
111,9,6,20,54,2,09北投區,北投區石牌路1段與致遠二路口,0,0,1,2,C03,8,3,5,50,4,1,1,5,4,5,7,1,1,5,4,5,2,13,1,21,2,8,1,1,7,15,1,10,1,13,,44,16,1,22,9,121.5122959,25.114084
111,9,6,21,8,2,01大同區,大同區忠孝西路2段與西寧北路口,0,0,1,1,B03,8,3,5,50,14,11,1,5,4,5,7,1,1,9,4,5,2,16,1,59,3,10,3,4,7,8,1,8,1,5,,7,7,1,22,9,121.5075505,25.0484909
111,9,6,21,8,2,01大同區,大同區忠孝西路2段與西寧北路口,0,0,1,2,C03,8,3,5,50,14,11,1,5,4,5,7,1,1,9,4,5,2,16,1,31,2,9,1,4,7,9,1,10,1,11,,44,7,1,22,9,121.5075505,25.0484909
111,9,6,22,14,2,03中山區,中山區林森北路與民生東路1段口,0,0,1,1,B03,8,3,5,50,4,1,1,5,4,5,7,1,1,4,3,5,1,3,1,50,3,10,3,4,7,6,1,8,2,1,,15,15,1,22,9,121.5254808,25.0579466
111,9,6,22,14,2,03中山區,中山區林森北路與民生東路1段口,0,0,1,2,H01,8,3,5,50,4,1,1,5,4,5,7,1,1,4,3,5,1,3,2,59,2,9,4,5,8,16,8,20,10,16,,67,15,1,22,9,121.5254808,25.0579466
111,9,6,22,42,2,02萬華區,萬華區內江街與康定路口,0,0,2,1,C03,8,3,5,0,4,2,4,5,4,5,7,4,4,9,3,5,2,3,1,24,2,9,1,1,7,11,1,10,2,11,,23,23,1,22,9,121.5024779,25.0416896
111,9,6,22,42,2,02萬華區,萬華區內江街與康定路口,0,0,2,2,H01,8,3,5,0,4,2,4,5,4,5,7,4,4,9,3,5,2,3,2,70,2,9,4,5,8,16,8,20,10,16,,51,23,1,22,9,121.5024779,25.0416896