發生年度,發生月,發生日,發生時-Hours,發生分,處理別-編號,區序,肇事地點,死亡人數,2-30日死亡人數,受傷人數,當事人序號,車種,天候,光線,道路類別,速限-速度限制,道路型態,事故位置,路面狀況1,路面狀況2,路面狀況3,道路障礙1,道路障礙2,號誌1,號誌2,車道劃分-分向,車道劃分-分道1,車道劃分-分道2,車道劃分-分道3,事故類型及型態,性別,年齡,受傷程度,主要傷處,安全帽,行動電話,車輛用途,當事者行動狀態,駕駛資格情形,駕駛執照種類,飲酒情形,車輛撞擊部位1,車輛撞擊部位2,肇因碼-個別,肇因碼-主要,個人肇逃否,職業,旅次目的,座標-X,座標-Y
111,9,6,23,23,2,03中山區,中山區長春路與建國北路2段口,0,0,1,1,B03,8,3,5,50,4,1,1,5,4,5,7,2,1,5,4,5,2,12,1,36,3,10,3,4,7,6,1,8,1,5,,9,9,1,22,9,121.536574,25.0546894
111,9,6,23,23,2,03中山區,中山區長春路與建國北路2段口,0,0,1,2,C03,8,3,5,50,4,1,1,5,4,5,7,2,1,5,4,5,2,12,1,37,2,9,1,4,7,9,1,10,1,14,,23,9,1,22,9,121.536574,25.0546894
111,9,7,0,25,2,03中山區,中山區中山北路2段與長春路口,0,0,1,1,B03,8,3,5,50,4,1,1,5,4,5,7,2,1,5,4,4,2,11,2,42,3,10,3,4,7,5,1,8,1,1,,6,6,1,22,9,121.5227584,25.0549257
111,9,7,0,25,2,03中山區,中山區中山北路2段與長春路口,0,0,1,2,C03,8,3,5,50,4,1,1,5,4,5,7,2,1,5,4,4,2,11,2,26,2,9,1,4,7,9,1,10,1,14,,44,6,1,22,9,121.5227584,25.0549257
111,9,7,1,11,2,03中山區,中山區中山北路2段與民生西路口,0,0,1,1,B03,7,3,5,50,4,1,1,5,4,5,7,1,1,10,4,5,2,16,1,30,4,11,3,4,7,6,6,8,11,6,,9,9,1,22,9,121.522773,25.0579261
111,9,7,1,11,2,03中山區,中山區中山北路2段與民生西路口,0,0,1,2,C03,7,3,5,50,4,1,1,5,4,5,7,1,1,10,4,5,2,16,2,29,2,9,1,4,7,9,1,10,11,11,,44,9,1,22,9,121.522773,25.0579261
111,9,7,6,34,2,06松山區,松山區光復南路與光復南路17巷口,0,0,1,2,C03,8,1,5,0,3,2,1,5,4,3,7,4,4,1,5,5,2,17,2,26,2,9,1,1,7,12,1,10,1,15,,44,6,1,22,9,121.5578601,25.0471926
111,9,7,6,34,2,06松山區,松山區光復南路與光復南路17巷口,0,0,1,1,C02,8,1,5,0,3,2,1,5,4,3,7,4,4,1,5,5,2,17,1,58,4,11,3,4,7,15,7,19,11,15,,6,6,2,22,9,121.5578601,25.0471926
111,9,7,6,35,2,07信義區,信義區福德街221巷14號,0,0,1,1,B03,8,1,5,30,14,9,1,5,4,5,7,4,4,10,5,5,1,2,1,56,3,10,1,1,7,9,1,8,1,5,,23,23,1,22,9,121.5853909,25.0358751
111,9,7,6,35,2,07信義區,信義區福德街221巷14號,0,0,1,2,H01,8,1,5,30,14,9,1,5,4,5,7,4,4,10,5,5,1,2,2,73,2,8,4,5,8,16,8,20,10,16,,54,23,1,22,9,121.5853909,25.0358751
111,9,7,6,58,2,01大同區,大同區民族西路200號,0,0,2,1,C03,8,1,5,50,14,9,1,5,4,5,7,4,4,9,4,5,2,12,2,64,2,9,1,1,7,7,1,10,1,14,,7,7,1,22,9,121.5145714,25.06856166
111,9,7,6,58,2,01大同區,大同區民族西路200號,0,0,2,2,C03,8,1,5,50,14,9,1,5,4,5,7,4,4,9,4,5,2,12,1,67,2,9,1,1,7,9,1,10,1,12,,44,7,1,22,9,121.5145714,25.06856166
111,9,7,6,58,2,01大同區,大同區民族西路200號,0,0,2,3,A04,8,1,5,50,14,9,1,5,4,5,7,4,4,9,4,5,2,12,4,,4,11,3,4,7,15,7,19,11,15,,43,7,2,22,9,121.5145714,25.06856166
111,9,7,7,25,2,04大安區,大安區羅斯福路3段公館捷運站2號出口,0,0,2,1,C03,8,1,5,50,14,9,1,5,4,5,7,4,4,1,4,5,2,17,1,19,3,10,1,4,7,12,1,10,1,14,,13,13,1,22,9,121.5346592,25.01458192
111,9,7,7,25,2,04大安區,大安區羅斯福路3段公館捷運站2號出口,0,0,2,2,C03,8,1,5,50,14,9,1,5,4,5,7,4,4,1,4,5,2,17,1,18,2,9,1,4,7,9,1,10,1,12,,44,13,1,22,9,121.5346592,25.01458192
111,9,7,7,25,2,04大安區,大安區羅斯福路3段公館捷運站2號出口,0,0,2,3,H02,8,1,5,50,14,9,1,5,4,5,7,4,4,1,4,5,2,17,2,18,2,8,1,5,7,20,8,20,10,16,,67,13,1,22,9,121.5346592,25.01458192
111,9,7,7,56,2,12內湖區,內湖區民權東路6段與民權東路6段135巷口,0,0,1,1,B03,8,1,5,50,3,1,1,5,4,5,7,4,4,1,4,5,2,16,2,43,3,10,1,1,7,6,1,8,1,7,,6,6,1,22,9,121.5941124,25.06892461
111,9,7,7,56,2,12內湖區,內湖區民權東路6段與民權東路6段135巷口,0,0,1,2,C03,8,1,5,50,3,1,1,5,4,5,7,4,4,1,4,5,2,16,1,49,2,9,1,1,7,9,1,10,1,14,,23,6,1,22,9,121.5941124,25.06892461
111,9,7,8,2,2,06松山區,松山區塔悠路177號堤外便道,0,0,1,1,B03,8,1,5,30,14,8,1,5,4,5,7,4,4,10,5,5,2,11,1,68,3,10,1,1,7,6,1,8,1,1,,9,9,1,22,9,121.5698979,25.05642247
111,9,7,8,2,2,06松山區,松山區塔悠路177號堤外便道,0,0,1,2,C03,8,1,5,30,14,8,1,5,4,5,7,4,4,10,5,5,2,11,1,42,2,9,1,1,7,9,1,10,1,11,,23,9,1,22,9,121.5698979,25.05642247
111,9,7,8,10,2,12內湖區,內湖區成功路2段325號前,0,0,1,1,B03,8,1,5,50,14,9,1,5,4,5,7,1,1,3,4,5,2,12,1,61,3,10,1,1,7,6,1,2,1,2,,9,9,1,22,9,121.5898496,25.0717295
111,9,7,8,10,2,12內湖區,內湖區成功路2段325號前,0,0,1,2,C04,8,1,5,50,14,9,1,5,4,5,7,1,1,3,4,5,2,12,2,28,2,9,1,1,7,9,1,10,1,14,,44,9,1,22,9,121.5898496,25.0717295
111,9,7,8,18,2,03中山區,中山區建國北路1段與八德路2段口迴轉道,0,0,1,1,B03,7,1,5,50,14,9,1,5,4,5,7,4,4,1,5,5,1,12,1,43,3,10,3,4,7,5,1,8,1,8,,8,8,1,22,9,121.5369545,25.0454149
111,9,7,8,18,2,03中山區,中山區建國北路1段與八德路2段口迴轉道,0,0,1,2,C03,7,1,5,50,14,9,1,5,4,5,7,4,4,1,5,5,1,12,2,39,2,6,3,4,7,9,1,10,1,12,,44,8,1,22,9,121.5369545,25.0454149
111,9,7,8,19,2,06松山區,松山區民權東路4段與新中街口往東第96號燈桿,0,0,3,1,C03,7,1,5,50,14,7,1,5,4,5,7,4,4,9,4,4,2,17,1,31,2,8,1,1,7,9,1,10,1,11,,43,43,1,22,9,121.5603967,25.06242389
111,9,7,8,19,2,06松山區,松山區民權東路4段與新中街口往東第96號燈桿,0,0,3,2,C03,7,1,5,50,14,7,1,5,4,5,7,4,4,9,4,4,2,17,2,22,2,9,1,1,7,9,1,10,1,11,,43,43,1,22,9,121.5603967,25.06242389
111,9,7,8,19,2,06松山區,松山區民權東路4段與新中街口往東第96號燈桿,0,0,3,3,C03,7,1,5,50,14,7,1,5,4,5,7,4,4,9,4,4,2,17,2,64,2,7,1,1,7,9,1,10,1,13,,43,43,1,22,9,121.5603967,25.06242389
111,9,7,8,20,2,10文山區,文山區景福街與景福街242巷口,0,0,1,1,B01,8,1,5,30,3,1,1,5,4,5,7,4,4,10,5,5,2,16,1,64,3,10,1,1,7,6,1,4,2,15,,9,9,1,22,9,121.5397295,24.99357855
111,9,7,8,20,2,10文山區,文山區景福街與景福街242巷口,0,0,1,2,C03,8,1,5,30,3,1,1,5,4,5,7,4,4,10,5,5,2,16,2,30,2,9,1,1,7,9,1,10,2,11,,13,9,1,22,9,121.5397295,24.99357855
111,9,7,8,25,2,08士林區,士林區德行西路128號,0,0,1,1,B03,8,3,5,50,14,9,1,5,4,5,7,4,4,9,4,5,2,17,1,40,3,10,1,1,7,11,1,8,2,5,,10,10,1,22,9,121.5200834,25.10353289
111,9,7,8,25,2,08士林區,士林區德行西路128號,0,0,1,2,C03,8,3,5,50,14,9,1,5,4,5,7,4,4,9,4,5,2,17,1,40,2,8,1,1,7,9,1,10,2,11,,44,10,1,22,9,121.5200834,25.10353289
111,9,7,8,43,2,11南港區,南港區南港路3段與南港路3段190巷口,0,0,2,1,C04,8,1,5,50,4,2,1,5,4,5,7,1,1,5,4,5,2,12,2,60,2,9,1,1,7,1,1,10,1,14,,19,19,1,22,9,121.5869432,25.0530649
111,9,7,8,43,2,11南港區,南港區南港路3段與南港路3段190巷口,0,0,2,2,C03,8,1,5,50,4,2,1,5,4,5,7,1,1,5,4,5,2,12,1,33,2,9,1,1,7,9,1,10,1,11,,13,19,1,22,9,121.5869432,25.0530649
111,9,7,8,44,2,01大同區,大同區環河北路2段與延平北路3段18巷口,0,0,2,1,B12,7,1,5,0,3,1,1,5,4,5,7,4,4,1,4,5,2,13,1,40,3,10,3,4,7,9,1,8,2,1,,16,16,1,22,9,121.5087969,25.0637705
111,9,7,8,44,2,01大同區,大同區環河北路2段與延平北路3段18巷口,0,0,2,2,B03,7,1,5,0,3,1,1,5,4,5,7,4,4,1,4,5,2,13,2,43,2,2,3,4,7,14,1,8,2,3,,44,16,1,22,9,121.5087969,25.0637705
111,9,7,8,44,2,01大同區,大同區環河北路2段與延平北路3段18巷口,0,0,2,3,B12,7,1,5,0,3,1,1,5,4,5,7,4,4,1,4,5,2,13,1,49,3,10,3,4,7,14,1,8,2,3,,44,16,1,22,9,121.5087969,25.0637705
111,9,7,8,44,2,01大同區,大同區環河北路2段與延平北路3段18巷口,0,0,2,4,B03,7,1,5,0,3,1,1,5,4,5,7,4,4,1,4,5,2,13,1,34,3,10,3,4,7,14,1,8,2,3,,44,16,1,22,9,121.5087969,25.0637705
111,9,7,8,44,2,01大同區,大同區環河北路2段與延平北路3段18巷口,0,0,2,5,B03,7,1,5,0,3,1,1,5,4,5,7,4,4,1,4,5,2,13,1,25,3,10,3,4,7,14,1,8,2,3,,44,16,1,22,9,121.5087969,25.0637705
111,9,7,8,44,2,01大同區,大同區環河北路2段與延平北路3段18巷口,0,0,2,6,H02,7,1,5,0,3,1,1,5,4,5,7,4,4,1,4,5,2,13,1,43,2,9,4,5,7,21,8,20,10,16,,67,16,1,22,9,121.5087969,25.0637705
111,9,7,8,47,2,09北投區,北投區明德路50號,0,0,1,1,B03,8,1,5,50,14,9,1,5,4,5,7,4,4,9,4,5,2,12,1,75,3,10,1,1,7,1,1,8,1,8,,19,19,1,22,9,121.5185787,25.10836728
111,9,7,8,47,2,09北投區,北投區明德路50號,0,0,1,2,C03,8,1,5,50,14,9,1,5,4,5,7,4,4,9,4,5,2,12,1,46,2,9,1,1,7,9,1,10,1,12,,44,19,1,22,9,121.5185787,25.10836728
111,9,7,9,5,2,09北投區,北投區立農街1段與吉利街123巷口口,0,0,2,1,C03,8,1,5,30,3,2,1,5,4,5,7,4,4,10,5,5,2,17,1,22,2,9,1,1,7,5,1,10,1,11,,43,43,1,22,9,121.5057952,25.1193858
111,9,7,9,5,2,09北投區,北投區立農街1段與吉利街123巷口口,0,0,2,2,C03,8,1,5,30,3,2,1,5,4,5,7,4,4,10,5,5,2,17,1,69,3,10,1,1,7,9,1,10,1,11,,43,43,1,22,9,121.5057952,25.1193858
111,9,7,9,5,2,09北投區,北投區立農街1段與吉利街123巷口口,0,0,2,3,H03,8,1,5,30,3,2,1,5,4,5,7,4,4,10,5,5,2,17,2,20,2,9,4,5,8,20,8,20,10,16,,67,43,1,22,9,121.5057952,25.1193858
111,9,7,9,10,2,08士林區,士林區延平北路5段1巷與延平北路5段口,0,0,1,1,C03,7,1,5,50,14,9,1,5,4,5,7,4,4,1,4,5,1,17,1,60,2,9,1,1,7,9,1,10,2,11,,43,43,1,21,8,121.5112927,25.07893747
111,9,7,9,10,2,08士林區,士林區延平北路5段1巷與延平北路5段口,0,0,1,2,B03,7,1,5,50,14,9,1,5,4,5,7,4,4,1,4,5,1,17,1,27,3,10,1,1,7,12,1,8,2,6,,43,43,1,21,8,121.5112927,25.07893747
111,9,7,9,10,2,12內湖區,內湖區南京東路6段(機慢車專用道),0,0,1,1,C03,8,1,5,30,15,11,1,5,4,5,7,4,4,1,5,5,2,16,1,28,2,7,1,1,7,9,1,10,1,11,,44,44,1,22,9,121.5758388,25.05437985
111,9,7,9,10,2,12內湖區,內湖區南京東路6段(機慢車專用道),0,0,1,2,C03,8,1,5,30,15,11,1,5,4,5,7,4,4,1,5,5,2,16,1,61,3,10,1,1,7,9,1,10,1,13,,17,44,1,22,9,121.5758388,25.05437985
111,9,7,9,10,2,12內湖區,內湖區南京東路6段(機慢車專用道),0,0,1,3,C03,8,1,5,30,15,11,1,5,4,5,7,4,4,1,5,5,2,16,1,27,3,10,1,1,7,9,1,10,1,12,,44,44,1,22,9,121.5758388,25.05437985
111,9,7,9,14,2,05中正區,中正區青島東路(立法院側人行),0,0,1,1,C03,7,1,5,0,15,9,2,5,4,5,7,4,4,10,5,5,2,2,1,31,3,10,1,1,7,9,1,10,1,12,,42,42,1,22,5,121.5202904,25.04420926
111,9,7,9,14,2,05中正區,中正區青島東路(立法院側人行),0,0,1,2,H01,7,1,5,0,15,9,2,5,4,5,7,4,4,10,5,5,2,2,1,32,2,7,4,1,8,16,8,20,10,16,,67,42,1,1,1,121.5202904,25.04420926
111,9,7,9,35,2,12內湖區,內湖區瑞光路76巷111號車道口,0,0,2,1,C03,8,1,5,50,14,9,1,5,4,5,7,4,4,10,5,5,2,16,2,54,2,8,1,1,7,1,1,10,1,14,,19,19,1,22,9,121.5784192,25.06696995
111,9,7,9,35,2,12內湖區,內湖區瑞光路76巷111號車道口,0,0,2,2,C03,8,1,5,50,14,9,1,5,4,5,7,4,4,10,5,5,2,16,1,26,2,9,1,1,7,9,1,10,1,11,,44,19,1,22,9,121.5784192,25.06696995
111,9,7,9,42,2,05中正區,中正區北平東路與中山北路1段口,0,0,1,1,B01,8,1,5,50,4,2,1,5,4,5,7,1,1,1,4,1,2,17,1,47,3,10,1,1,7,8,1,4,2,2,,7,7,1,22,9,121.5203972,25.04704672
111,9,7,9,42,2,05中正區,中正區北平東路與中山北路1段口,0,0,1,2,C03,8,1,5,50,4,2,1,5,4,5,7,1,1,1,4,1,2,17,1,29,2,9,1,1,7,9,1,10,2,12,,44,7,1,22,9,121.5203972,25.04704672
111,9,7,9,52,2,02萬華區,萬華區萬大路與興寧街66巷22弄口,0,0,1,1,B12,8,1,5,50,4,1,1,5,4,5,7,4,4,10,5,5,1,11,1,52,3,10,1,4,7,9,1,8,1,2,,44,44,1,22,9,121.5005433,25.03162817
111,9,7,9,52,2,02萬華區,萬華區萬大路與興寧街66巷22弄口,0,0,1,2,F02,8,1,5,50,4,1,1,5,4,5,7,4,4,10,5,5,1,11,2,81,2,9,1,4,7,9,8,20,1,16,,6,44,1,22,9,121.5005433,25.03162817
111,9,7,9,54,2,04大安區,大安區基隆路高架道往北第73號燈桿,0,0,1,1,B12,8,1,5,60,10,7,1,5,4,5,7,4,4,2,5,5,1,13,1,49,3,10,1,1,7,9,1,8,1,1,,16,16,1,22,9,121.5421811,25.0154912
111,9,7,9,54,2,04大安區,大安區基隆路高架道往北第73號燈桿,0,0,1,2,B12,8,1,5,60,10,7,1,5,4,5,7,4,4,2,5,5,1,13,1,31,2,2,1,1,7,14,1,8,1,3,,44,16,1,22,9,121.5421811,25.0154912
111,9,7,10,35,2,06松山區,松山區塔悠路176號,0,0,2,3,H02,8,1,5,50,3,1,1,5,4,5,7,2,1,1,4,4,2,16,2,27,2,9,1,1,7,20,8,20,10,16,,67,7,1,22,9,121.5694243,25.0563621
111,9,7,10,35,2,06松山區,松山區塔悠路176號,0,0,2,1,C03,8,1,5,50,3,1,1,5,4,5,7,2,1,1,4,4,2,16,1,19,3,10,1,1,7,8,1,10,1,13,,7,7,1,22,9,121.5694243,25.0563621
111,9,7,10,35,2,06松山區,松山區塔悠路176號,0,0,2,2,C04,8,1,5,50,3,1,1,5,4,5,7,2,1,1,4,4,2,16,1,26,2,9,1,1,7,9,1,10,1,11,,44,7,1,22,9,121.5694243,25.0563621
111,9,7,10,54,2,09北投區,(即建民路165-2號旁),0,0,2,1,C03,8,1,5,30,4,1,1,5,4,5,7,4,4,10,5,5,2,17,1,28,2,8,1,1,7,1,1,10,1,11,,19,19,1,22,9,121.5200643,25.11148785
111,9,7,10,54,2,09北投區,(即建民路165-2號旁),0,0,2,2,C03,8,1,5,30,4,1,1,5,4,5,7,4,4,10,5,5,2,17,2,64,2,8,1,1,7,9,1,10,1,14,,44,19,1,22,9,121.5200643,25.11148785
111,9,7,10,55,2,09北投區,北投區磺港路與清江路151巷口,0,0,1,1,B03,7,1,5,30,3,1,1,5,4,5,7,4,4,10,4,5,1,17,1,73,3,10,1,1,7,8,1,8,1,15,,7,7,1,22,9,121.5030621,25.1287321
111,9,7,10,55,2,09北投區,北投區磺港路與清江路151巷口,0,0,1,2,C03,7,1,5,30,3,1,1,5,4,5,7,4,4,10,4,5,1,17,1,59,2,9,1,1,7,9,1,10,1,12,,42,7,1,22,9,121.5030621,25.1287321
111,9,7,11,12,2,11南港區,南港區八德路4段與玉成街口,0,0,1,1,B12,7,1,5,50,4,2,1,5,4,5,7,2,1,4,3,5,2,17,1,60,3,10,1,1,7,9,1,8,11,15,,43,43,1,22,9,121.5816997,25.0512629
111,9,7,11,12,2,11南港區,南港區八德路4段與玉成街口,0,0,1,2,C03,7,1,5,50,4,2,1,5,4,5,7,2,1,4,3,5,2,17,1,32,2,9,1,1,7,6,1,10,1,12,,44,43,1,22,9,121.5816997,25.0512629
111,9,7,11,16,2,07信義區,信義區信安街85號,0,0,1,1,C03,7,1,5,50,14,9,1,5,4,5,7,1,1,9,5,5,2,13,2,51,2,9,3,4,7,9,1,10,2,11,,16,16,1,22,9,121.5572677,25.0258462
111,9,7,11,16,2,07信義區,信義區信安街85號,0,0,1,2,B03,7,1,5,50,14,9,1,5,4,5,7,1,1,9,5,5,2,13,2,62,3,10,3,4,7,14,1,8,2,6,,44,16,1,22,9,121.5572677,25.0258462
111,9,7,11,27,2,09北投區,北投區陽明路1段與紗帽路口,0,0,1,1,B03,8,1,5,40,3,1,1,5,4,5,7,3,1,10,5,5,2,16,1,57,3,10,1,1,7,5,1,8,1,8,,43,43,1,22,9,121.5493671,25.14899601
111,9,7,11,27,2,09北投區,北投區陽明路1段與紗帽路口,0,0,1,2,F01,8,1,5,40,3,1,1,5,4,5,7,3,1,10,5,5,2,16,1,68,2,9,1,1,7,9,8,20,1,16,,43,43,1,22,9,121.5493671,25.14899601
111,9,7,11,32,2,02萬華區,萬華區德昌街185巷與寶興街210巷口,0,0,3,1,C03,8,1,5,30,5,1,1,5,4,5,7,4,4,10,5,5,2,15,1,46,2,9,1,1,7,9,1,10,1,11,,23,23,1,22,9,121.4944367,25.02259168
111,9,7,11,32,2,02萬華區,萬華區德昌街185巷與寶興街210巷口,0,0,3,2,C03,8,1,5,30,5,1,1,5,4,5,7,4,4,10,5,5,2,15,1,25,2,9,1,1,7,9,6,10,1,14,,6,23,1,22,9,121.4944367,25.02259168
111,9,7,11,32,2,02萬華區,萬華區德昌街185巷與寶興街210巷口,0,0,3,3,H02,8,1,5,30,5,1,1,5,4,5,7,4,4,10,5,5,2,15,1,20,2,9,4,5,7,20,8,20,10,16,,67,23,1,22,9,121.4944367,25.02259168
111,9,7,12,0,2,06松山區,松山區民生東路4段80巷與民生東路4段80巷1弄口,0,0,1,1,C03,8,1,5,30,4,1,1,5,4,5,7,4,4,8,3,5,2,15,1,70,2,9,1,1,7,9,1,10,2,12,,6,6,1,22,9,121.5530091,25.05761112
111,9,7,12,0,2,06松山區,松山區民生東路4段80巷與民生東路4段80巷1弄口,0,0,1,2,B01,8,1,5,30,4,1,1,5,4,5,7,4,4,8,3,5,2,15,1,51,3,10,3,4,7,9,1,4,2,1,,44,6,1,22,9,121.5530091,25.05761112
111,9,7,12,51,2,06松山區,松山區南京東路4段120巷與南京東路4段120巷29弄附近口,0,0,1,1,C03,8,1,5,30,4,1,1,5,4,5,7,4,4,10,5,5,2,16,1,34,2,9,1,1,7,5,1,10,1,12,,6,6,1,22,9,121.5550882,25.05012794
111,9,7,12,51,2,06松山區,松山區南京東路4段120巷與南京東路4段120巷29弄附近口,0,0,1,2,B02,8,1,5,30,4,1,1,5,4,5,7,4,4,10,5,5,2,16,1,54,3,10,1,1,7,9,1,8,1,8,,44,6,1,22,9,121.5550882,25.05012794
111,9,7,12,52,2,06松山區,松山區民權東路4段東向西011號燈桿處,0,0,1,1,C03,7,1,5,40,14,8,1,5,4,5,7,4,4,1,4,4,2,17,1,54,3,10,3,4,7,8,1,10,2,15,,7,7,1,22,9,121.5607943,25.06261114
111,9,7,12,52,2,06松山區,松山區民權東路4段東向西011號燈桿處,0,0,1,2,C03,7,1,5,40,14,8,1,5,4,5,7,4,4,1,4,4,2,17,2,42,2,9,3,4,7,9,1,10,2,11,,23,7,1,22,9,121.5607943,25.06261114
111,9,7,12,59,2,05中正區,中正區林森北路9巷與林森北路口,0,0,3,1,C03,8,1,5,50,3,1,1,5,4,5,7,4,4,9,4,5,2,13,2,22,2,9,1,1,7,9,1,10,2,11,,23,23,1,5,5,121.5236399,25.0458297
111,9,7,12,59,2,05中正區,中正區林森北路9巷與林森北路口,0,0,3,2,C03,8,1,5,50,3,1,1,5,4,5,7,4,4,9,4,5,2,13,1,28,2,9,1,1,7,5,1,10,2,13,,44,23,1,5,4,121.5236399,25.0458297
111,9,7,12,59,2,05中正區,中正區林森北路9巷與林森北路口,0,0,3,3,H02,8,1,5,50,3,1,1,5,4,5,7,4,4,9,4,5,2,13,2,23,2,9,1,5,7,20,8,20,10,16,,67,23,1,22,5,121.5236399,25.0458297
111,9,7,13,27,2,12內湖區,內湖區康樂街61巷與康樂街85巷口,0,0,3,1,C03,8,1,5,30,4,1,1,5,4,5,7,4,4,10,5,5,2,16,1,21,2,9,1,1,7,9,1,10,1,11,,6,6,1,22,9,121.6194928,25.0695705
111,9,7,13,27,2,12內湖區,內湖區康樂街61巷與康樂街85巷口,0,0,3,2,C03,8,1,5,30,4,1,1,5,4,5,7,4,4,10,5,5,2,16,1,65,2,9,1,1,7,9,1,10,1,14,,23,6,1,22,9,121.6194928,25.0695705
111,9,7,13,27,2,12內湖區,內湖區康樂街61巷與康樂街85巷口,0,0,3,3,H02,8,1,5,30,4,1,1,5,4,5,7,4,4,10,5,5,2,16,2,20,2,7,1,5,7,20,8,20,10,16,,67,6,1,22,9,121.6194928,25.0695705
111,9,7,13,37,2,03中山區,中山區民生東路1段與民生東路1段1巷口,0,0,1,1,B02,7,1,5,30,3,2,1,5,4,5,7,4,4,5,4,5,2,17,1,55,3,10,3,4,7,1,1,8,1,5,,23,23,1,22,9,121.5233859,25.0580637
111,9,7,13,37,2,03中山區,中山區民生東路1段與民生東路1段1巷口,0,0,1,2,C04,7,1,5,30,3,2,1,5,4,5,7,4,4,5,4,5,2,17,2,48,2,9,1,1,7,14,1,8,1,12,,38,23,1,22,9,121.5233859,25.0580637
111,9,7,13,40,2,06松山區,松山區民生東路4段52號,0,0,1,1,B03,8,1,5,50,14,9,1,5,4,5,7,4,4,9,4,5,2,12,1,60,3,10,1,4,7,9,1,8,1,2,,23,23,1,22,9,121.5502834,25.05776938
111,9,7,13,40,2,06松山區,松山區民生東路4段52號,0,0,1,2,C03,8,1,5,50,14,9,1,5,4,5,7,4,4,9,4,5,2,12,2,65,2,9,1,1,7,9,1,10,1,14,,17,23,1,22,9,121.5502834,25.05776938
111,9,7,13,45,2,05中正區,中正區市民大道1段168號,0,0,2,1,C03,8,1,5,40,14,9,1,5,4,5,7,4,4,1,4,1,2,16,2,62,2,7,1,1,7,7,1,10,2,13,,7,7,1,22,9,121.5186212,25.04829072
111,9,7,13,45,2,05中正區,中正區市民大道1段168號,0,0,2,2,C03,8,1,5,40,14,9,1,5,4,5,7,4,4,1,4,1,2,16,2,26,2,9,1,1,7,9,1,10,2,12,,44,7,1,22,9,121.5186212,25.04829072
111,9,7,13,46,2,08士林區,士林區百齡橋往社子,0,0,1,1,C03,7,1,5,50,14,9,1,5,4,5,7,4,4,10,4,5,1,20,2,61,2,9,1,1,7,9,1,10,1,12,,43,43,1,22,9,121.5123642,25.0884366
111,9,7,13,46,2,08士林區,士林區百齡橋往社子,0,0,1,2,,7,1,5,50,14,9,1,5,4,5,7,4,4,10,4,5,1,20,3,,,,,,,,,,,,,67,43,1,,,121.5123642,25.0884366
111,9,7,13,48,2,04大安區,大安區信義路4段與安和路2段口,0,0,2,1,C03,7,1,5,50,5,1,1,5,4,5,7,4,4,1,5,5,2,12,1,28,2,8,1,1,7,8,1,10,2,12,,7,7,1,22,9,121.5523951,25.0331205
111,9,7,13,48,2,04大安區,大安區信義路4段與安和路2段口,0,0,2,2,C04,7,1,5,50,5,1,1,5,4,5,7,4,4,1,5,5,2,12,1,19,2,8,1,1,7,9,1,10,2,11,,44,7,1,22,9,121.5523951,25.0331205
111,9,7,14,8,2,09北投區,北投區尊賢街230巷與吉利街142巷口,0,0,1,1,C03,8,1,5,30,4,1,1,5,4,5,7,4,4,10,5,5,2,17,1,81,3,10,1,1,7,9,1,10,11,15,,6,6,2,22,9,121.5083063,25.1163067
111,9,7,14,8,2,09北投區,北投區尊賢街230巷與吉利街142巷口,0,0,1,2,C03,8,1,5,30,4,1,1,5,4,5,7,4,4,10,5,5,2,17,1,39,2,9,1,1,7,9,1,10,1,14,,13,6,1,22,9,121.5083063,25.1163067
111,9,7,14,30,2,07信義區,信義區信義路5段59號,0,0,1,1,A02,8,1,5,50,14,9,1,5,4,5,7,4,4,1,4,5,1,9,1,61,3,10,1,1,7,8,1,2,1,15,,44,44,1,22,9,121.5699929,25.0329561
111,9,7,14,30,2,07信義區,信義區信義路5段59號,0,0,1,2,H02,8,1,5,50,14,9,1,5,4,5,7,4,4,1,4,5,1,9,2,79,2,9,4,1,7,17,8,20,10,16,,67,44,1,22,9,121.5699929,25.0329561
111,9,7,14,35,2,12內湖區,內湖區康樂街與康樂街201巷口口,0,0,2,1,C03,8,1,5,30,3,1,1,5,4,5,7,1,1,10,5,5,2,16,1,54,2,9,1,1,7,5,1,10,1,11,,25,25,1,22,9,121.6213151,25.07618274
111,9,7,14,35,2,12內湖區,內湖區康樂街與康樂街201巷口口,0,0,2,2,C03,8,1,5,30,3,1,1,5,4,5,7,1,1,10,5,5,2,16,1,22,2,9,1,1,7,9,1,10,1,11,,44,25,1,22,9,121.6213151,25.07618274
111,9,7,14,50,2,12內湖區,內湖區康樂街193號,0,0,1,1,H01,8,1,5,50,14,9,1,5,4,5,7,4,4,5,5,5,1,3,2,54,2,9,4,5,8,16,8,20,10,16,,51,51,1,22,9,121.6208766,25.0765372
111,9,7,14,50,2,12內湖區,內湖區康樂街193號,0,0,1,2,C03,8,1,5,50,14,9,1,5,4,5,7,4,4,5,5,5,1,3,1,25,3,10,3,4,7,9,1,10,2,11,,44,51,1,22,9,121.6208766,25.0765372
111,9,7,15,13,2,01大同區,大同區長安西路300號,0,0,1,1,B03,7,1,5,50,14,9,1,5,4,5,7,4,4,5,5,5,2,16,2,50,3,10,1,1,7,8,1,8,2,5,,7,7,1,22,9,121.5124611,25.05192297
111,9,7,15,13,2,01大同區,大同區長安西路300號,0,0,1,2,C03,7,1,5,50,14,9,1,5,4,5,7,4,4,5,5,5,2,16,1,31,2,9,1,1,7,9,1,10,2,14,,44,7,1,22,9,121.5124611,25.05192297