發生年度,發生月,發生日,發生時-Hours,發生分,處理別-編號,區序,肇事地點,死亡人數,2-30日死亡人數,受傷人數,當事人序號,車種,天候,光線,道路類別,速限-速度限制,道路型態,事故位置,路面狀況1,路面狀況2,路面狀況3,道路障礙1,道路障礙2,號誌1,號誌2,車道劃分-分向,車道劃分-分道1,車道劃分-分道2,車道劃分-分道3,事故類型及型態,性別,年齡,受傷程度,主要傷處,安全帽,行動電話,車輛用途,當事者行動狀態,駕駛資格情形,駕駛執照種類,飲酒情形,車輛撞擊部位1,車輛撞擊部位2,肇因碼-個別,肇因碼-主要,個人肇逃否,職業,旅次目的,座標-X,座標-Y
111,9,7,15,25,2,08士林區,士林區文林路與雙溪街口,0,0,1,1,B03,8,1,5,50,3,2,1,5,4,5,7,1,1,9,4,5,1,15,2,57,3,10,1,1,7,21,1,8,1,15,,6,6,1,22,9,121.5233798,25.0996841
111,9,7,15,25,2,08士林區,士林區文林路與雙溪街口,0,0,1,2,C03,8,1,5,50,3,2,1,5,4,5,7,1,1,9,4,5,1,15,1,24,2,9,1,1,7,9,1,10,1,11,,13,6,1,22,9,121.5233798,25.0996841
111,9,7,15,25,2,08士林區,士林區文林路與雙溪街口,0,0,1,3,B03,8,1,5,50,3,2,1,5,4,5,7,1,1,9,4,5,1,15,1,60,3,10,1,1,7,13,1,8,1,7,,38,6,1,22,9,121.5233798,25.0996841
111,9,7,15,30,2,08士林區,士林區承德路5段80號,0,0,1,1,C03,8,1,5,50,14,9,1,5,4,5,7,4,4,1,4,5,2,12,1,19,3,10,3,4,7,4,1,10,1,12,,17,17,1,22,9,121.5142356,25.09515212
111,9,7,15,30,2,08士林區,士林區承德路5段80號,0,0,1,2,C03,8,1,5,50,14,9,1,5,4,5,7,4,4,1,4,5,2,12,1,70,2,9,3,4,7,9,1,10,1,14,,44,17,1,22,9,121.5142356,25.09515212
111,9,7,15,57,2,08士林區,士林區士東路286巷與士東路286巷3弄口口,0,0,1,1,C02,8,1,5,30,4,2,1,5,4,5,7,4,4,9,4,5,1,17,1,23,2,9,1,1,7,12,1,9,1,15,,13,13,1,22,9,121.5374059,25.11280866
111,9,7,15,57,2,08士林區,士林區士東路286巷與士東路286巷3弄口口,0,0,1,2,C03,8,1,5,30,4,2,1,5,4,5,7,4,4,9,4,5,1,17,1,20,3,10,1,1,7,13,1,10,9,13,,44,13,1,22,9,121.5374059,25.11280866
111,9,7,15,57,2,08士林區,士林區士東路286巷與士東路286巷3弄口口,0,0,1,3,B11,8,1,5,30,4,2,1,5,4,5,7,4,4,9,4,5,1,17,1,49,3,10,1,1,7,14,1,3,9,15,,6,13,1,22,9,121.5374059,25.11280866
111,9,7,16,0,2,12內湖區,內湖區康樂街85巷與康樂街61巷口,0,0,1,1,C03,8,1,5,30,4,1,1,5,4,5,7,4,4,10,5,5,2,16,2,41,2,9,1,1,7,9,1,9,1,11,,6,6,1,22,9,121.6195018,25.06957047
111,9,7,16,0,2,12內湖區,內湖區康樂街85巷與康樂街61巷口,0,0,1,2,B03,8,1,5,30,4,1,1,5,4,5,7,4,4,10,5,5,2,16,1,29,3,10,1,1,7,9,1,8,1,8,,6,6,1,22,9,121.6195018,25.06957047
111,9,7,16,6,2,01大同區,大同區保安街1-12號,0,0,1,1,C03,8,1,5,50,14,9,1,5,4,5,7,4,4,9,4,5,2,11,1,46,3,10,3,4,7,11,1,9,1,12,,10,10,1,22,9,121.5143209,25.05932773
111,9,7,16,6,2,01大同區,大同區保安街1-12號,0,0,1,2,C03,8,1,5,50,14,9,1,5,4,5,7,4,4,9,4,5,2,11,1,31,3,10,3,4,7,9,1,10,1,11,,44,10,1,22,9,121.5143209,25.05932773
111,9,7,16,6,2,01大同區,大同區保安街1-12號,0,0,1,3,H02,8,1,5,50,14,9,1,5,4,5,7,4,4,9,4,5,2,11,2,41,2,8,3,5,7,20,8,20,10,16,,67,10,1,22,9,121.5143209,25.05932773
111,9,7,16,13,2,06松山區,松山區新東街3巷15號,0,0,1,1,B12,8,1,5,30,14,9,1,5,4,5,7,4,4,10,5,5,2,12,1,46,3,10,1,1,7,14,1,8,1,8,,40,40,1,22,9,121.5652415,25.05754936
111,9,7,16,13,2,06松山區,松山區新東街3巷15號,0,0,1,2,C03,8,1,5,30,14,9,1,5,4,5,7,4,4,10,5,5,2,12,1,24,2,9,1,1,7,9,1,10,1,12,,13,40,1,22,9,121.5652415,25.05754936
111,9,7,16,14,2,03中山區,中山區吉林路與錦州街口,0,0,1,1,B03,7,1,5,50,4,1,1,5,4,5,7,2,1,4,5,5,1,11,1,41,3,10,3,4,7,11,1,8,1,1,,10,10,1,22,9,121.5302994,25.0602338
111,9,7,16,14,2,03中山區,中山區吉林路與錦州街口,0,0,1,2,C03,7,1,5,50,4,1,1,5,4,5,7,2,1,4,5,5,1,11,1,20,2,9,3,4,7,9,1,10,1,11,,44,10,1,22,9,121.5302994,25.0602338
111,9,7,16,25,2,11南港區,南港區向陽路21號,0,0,2,2,C03,8,1,5,50,14,9,1,5,4,5,7,4,4,1,4,5,1,12,2,37,2,9,1,4,7,9,1,10,1,11,,23,38,1,22,9,121.5951737,25.05234563
111,9,7,16,25,2,11南港區,南港區向陽路21號,0,0,2,3,H02,8,1,5,50,14,9,1,5,4,5,7,4,4,1,4,5,1,12,1,9,2,9,4,5,7,20,8,20,10,16,,58,38,1,22,9,121.5951737,25.05234563
111,9,7,16,25,2,11南港區,南港區向陽路21號,0,0,2,1,B03,8,1,5,50,14,9,1,5,4,5,7,4,4,1,4,5,1,12,1,52,3,10,3,4,7,14,1,8,1,7,,38,38,1,22,9,121.5951737,25.05234563
111,9,7,17,0,2,10文山區,文山區木柵路3段102巷與木柵路3段66巷口,0,0,1,1,C03,8,1,5,50,4,2,1,5,4,5,7,4,4,9,4,5,1,12,1,43,3,10,1,1,7,9,1,10,1,14,,17,17,1,22,9,121.5678603,24.9868924
111,9,7,17,0,2,10文山區,文山區木柵路3段102巷與木柵路3段66巷口,0,0,1,2,C03,8,1,5,50,4,2,1,5,4,5,7,4,4,9,4,5,1,12,2,65,2,8,1,1,7,9,1,10,1,12,,17,17,1,22,9,121.5678603,24.9868924
111,9,7,17,20,2,12內湖區,內湖區康寧路3段與安康路口,0,0,1,1,B03,8,1,5,50,4,1,1,5,4,5,7,1,1,2,5,5,1,12,1,27,3,10,3,4,7,11,1,8,1,2,,10,10,1,22,9,121.6110405,25.06490238
111,9,7,17,20,2,12內湖區,內湖區康寧路3段與安康路口,0,0,1,2,C03,8,1,5,50,4,1,1,5,4,5,7,1,1,2,5,5,1,12,2,30,2,9,3,4,7,9,1,10,1,14,,44,10,1,22,9,121.6110405,25.06490238
111,9,7,17,41,2,12內湖區,內湖區民權大橋,0,0,1,1,B03,8,2,5,50,8,7,1,5,4,5,7,4,4,1,4,4,2,13,1,69,3,10,1,1,7,9,1,8,1,1,,23,23,1,22,9,121.5697715,25.06403951
111,9,7,17,41,2,12內湖區,內湖區民權大橋,0,0,1,2,B03,8,2,5,50,8,7,1,5,4,5,7,4,4,1,4,4,2,13,1,68,3,10,1,1,7,14,1,8,1,3,,44,23,1,22,9,121.5697715,25.06403951
111,9,7,17,41,2,12內湖區,內湖區民權大橋,0,0,1,3,B03,8,2,5,50,8,7,1,5,4,5,7,4,4,1,4,4,2,13,1,37,3,10,1,1,7,14,1,8,1,3,,44,23,1,22,9,121.5697715,25.06403951
111,9,7,17,41,2,12內湖區,內湖區民權大橋,0,0,1,4,H02,8,2,5,50,8,7,1,5,4,5,7,4,4,1,4,4,2,13,2,67,2,1,1,5,7,20,8,20,10,16,,67,23,1,22,9,121.5697715,25.06403951
111,9,7,18,3,2,07信義區,信義區吳興街220巷與吳興街220巷59弄口,0,0,1,1,B03,7,1,5,30,3,2,1,5,4,5,7,2,1,9,5,4,2,3,1,69,3,10,1,1,7,5,1,8,11,4,,15,15,2,22,9,121.5616536,25.0265577
111,9,7,18,3,2,07信義區,信義區吳興街220巷與吳興街220巷59弄口,0,0,1,2,H01,7,1,5,30,3,2,1,5,4,5,7,2,1,9,5,4,2,3,2,33,2,8,4,1,8,16,8,20,1,16,,67,15,1,22,9,121.5616536,25.0265577
111,9,7,18,5,2,08士林區,士林區文林路與文林路740巷口,0,0,1,1,C03,8,3,5,50,3,1,1,5,4,5,7,4,4,1,4,4,2,17,1,77,2,9,1,1,7,9,1,10,1,14,,43,43,1,22,9,121.5202484,25.10284504
111,9,7,18,5,2,08士林區,士林區文林路與文林路740巷口,0,0,1,2,C03,8,3,5,50,3,1,1,5,4,5,7,4,4,1,4,4,2,17,1,52,3,10,3,4,7,14,1,10,1,15,,6,43,1,22,9,121.5202484,25.10284504
111,9,7,18,11,2,07信義區,信義區信義路6段20號,0,0,1,1,B03,7,3,5,50,14,8,1,5,4,5,7,4,4,9,4,4,1,16,1,29,3,10,3,4,7,8,1,8,2,15,,7,7,1,22,9,121.575125,25.03398681
111,9,7,18,11,2,07信義區,信義區信義路6段20號,0,0,1,2,C03,7,3,5,50,14,8,1,5,4,5,7,4,4,9,4,4,1,16,1,48,2,9,3,4,7,9,1,10,2,14,,44,7,1,22,9,121.575125,25.03398681
111,9,7,18,11,2,07信義區,信義區信義路6段20號,0,0,1,3,B03,7,3,5,50,14,8,1,5,4,5,7,4,4,9,4,4,1,16,1,42,4,11,3,4,7,10,7,19,11,15,,7,7,2,22,9,121.575125,25.03398681
111,9,7,18,14,2,11南港區,南港區研究院路1段2號對面,0,0,1,1,B03,8,2,5,50,14,9,1,5,4,5,7,4,4,1,2,5,2,9,1,40,3,10,3,4,7,14,1,8,1,2,,40,40,1,22,9,121.6166592,25.05481707
111,9,7,18,14,2,11南港區,南港區研究院路1段2號對面,0,0,1,3,C03,8,2,5,50,14,9,1,5,4,5,7,4,4,1,2,5,2,9,2,34,2,7,1,4,7,9,1,10,1,14,,44,40,1,22,9,121.6166592,25.05481707
111,9,7,18,14,2,11南港區,南港區研究院路1段2號對面,0,0,1,2,H02,8,2,5,50,14,9,1,5,4,5,7,4,4,1,2,5,2,9,2,38,3,10,4,5,7,19,8,20,10,16,,56,40,1,22,9,121.6166592,25.05481707
111,9,7,18,33,2,06松山區,松山區敦化南路1段57號,0,0,1,1,C03,8,3,5,30,14,8,1,5,4,5,7,2,1,1,4,4,2,12,2,56,2,7,1,1,7,7,1,10,1,14,,7,7,1,22,9,121.5491636,25.04582745
111,9,7,18,33,2,06松山區,松山區敦化南路1段57號,0,0,1,2,B03,8,3,5,30,14,8,1,5,4,5,7,2,1,1,4,4,2,12,1,64,3,10,1,1,7,9,1,8,1,5,,44,7,1,22,9,121.5491636,25.04582745
111,9,7,18,43,2,03中山區,中山區農安街22號,0,0,1,1,C03,8,3,5,50,14,9,1,5,4,5,7,4,4,9,5,5,2,17,2,51,2,9,1,1,7,9,1,10,2,12,,42,42,1,22,9,121.525005,25.0648889
111,9,7,18,43,2,03中山區,中山區農安街22號,0,0,1,2,C03,8,3,5,50,14,9,1,5,4,5,7,4,4,9,5,5,2,17,1,25,3,10,3,1,7,13,7,19,11,12,,44,42,1,22,9,121.525005,25.0648889
111,9,7,18,43,2,03中山區,中山區農安街22號,0,0,1,3,C03,8,3,5,50,14,9,1,5,4,5,7,4,4,9,5,5,2,17,1,31,3,10,3,1,7,13,1,10,11,12,,44,42,1,22,9,121.525005,25.0648889
111,9,7,18,43,2,03中山區,中山區農安街22號,0,0,1,4,C03,8,3,5,50,14,9,1,5,4,5,7,4,4,9,5,5,2,17,2,29,3,10,3,1,7,13,1,10,11,12,,44,42,1,22,9,121.525005,25.0648889
111,9,7,18,43,2,03中山區,中山區農安街22號,0,0,1,5,C03,8,3,5,50,14,9,1,5,4,5,7,4,4,9,5,5,2,17,2,45,3,10,3,1,7,13,7,19,11,12,,44,42,1,22,9,121.525005,25.0648889
111,9,7,18,43,2,03中山區,中山區農安街22號,0,0,1,6,C03,8,3,5,50,14,9,1,5,4,5,7,4,4,9,5,5,2,17,2,20,3,10,3,1,7,13,1,10,11,12,,44,42,1,22,9,121.525005,25.0648889
111,9,7,18,43,2,06松山區,松山區民權大橋(往松山),0,0,2,1,B03,8,3,5,50,8,9,1,5,4,5,7,4,4,10,5,5,2,17,2,46,3,10,1,1,7,8,1,8,1,15,,6,6,1,22,9,121.5678216,25.06361911
111,9,7,18,43,2,06松山區,松山區民權大橋(往松山),0,0,2,2,C03,8,3,5,50,8,9,1,5,4,5,7,4,4,10,5,5,2,17,1,25,2,9,1,1,7,12,1,10,1,11,,16,6,1,22,9,121.5678216,25.06361911
111,9,7,18,43,2,06松山區,松山區民權大橋(往松山),0,0,2,3,C03,8,3,5,50,8,9,1,5,4,5,7,4,4,10,5,5,2,17,2,39,2,9,1,1,7,12,1,10,1,13,,44,6,1,22,9,121.5678216,25.06361911
111,9,7,18,52,2,06松山區,松山區東興路12號,0,0,1,1,C03,7,3,5,50,14,9,1,5,4,5,7,4,4,5,4,5,2,13,1,31,2,8,1,1,7,9,1,10,1,11,,16,16,1,22,9,121.5654332,25.04959491
111,9,7,18,52,2,06松山區,松山區東興路12號,0,0,1,2,B03,7,3,5,50,14,9,1,5,4,5,7,4,4,5,4,5,2,13,1,28,3,10,1,1,7,9,1,8,1,3,,44,16,1,22,9,121.5654332,25.04959491
111,9,7,18,53,2,05中正區,中正區中華路1段與貴陽街1段口,0,0,2,1,C03,8,3,5,50,4,1,1,5,4,5,7,1,1,1,3,4,2,17,1,72,2,9,1,1,7,6,1,10,2,12,,9,9,1,22,9,121.5076204,25.03918278
111,9,7,18,53,2,05中正區,中正區中華路1段與貴陽街1段口,0,0,2,2,C03,8,3,5,50,4,1,1,5,4,5,7,1,1,1,3,4,2,17,1,36,2,9,1,1,7,9,1,10,2,11,,13,9,1,22,9,121.5076204,25.03918278
111,9,7,19,0,2,07信義區,信義區忠孝東路4段565號,0,0,1,1,C03,8,1,5,50,14,9,1,5,4,5,7,4,4,1,4,5,2,17,1,52,2,9,1,1,7,7,1,10,1,14,,43,43,1,22,9,121.5645422,25.0415409
111,9,7,19,0,2,07信義區,信義區忠孝東路4段565號,0,0,1,2,B03,8,1,5,50,14,9,1,5,4,5,7,4,4,1,4,5,2,17,1,31,3,10,1,1,7,9,1,8,1,2,,43,43,1,22,9,121.5645422,25.0415409
111,9,7,19,17,2,02萬華區,萬華區中華路2段與南寧路口,0,0,2,1,B03,8,3,5,50,5,2,1,5,4,5,7,1,1,3,3,5,2,23,1,72,2,9,3,4,7,9,3,18,1,8,,23,23,1,22,9,121.5066751,25.036806
111,9,7,19,17,2,02萬華區,萬華區中華路2段與南寧路口,0,0,2,2,,8,3,5,50,5,2,1,5,4,5,7,1,1,3,3,5,2,23,3,,,,,,,,,,,,,67,23,1,,,121.5066751,25.036806
111,9,7,19,17,2,02萬華區,萬華區中華路2段與南寧路口,0,0,2,3,H02,8,3,5,50,5,2,1,5,4,5,7,1,1,3,3,5,2,23,2,68,2,9,4,5,7,20,8,20,10,16,,67,23,1,22,9,121.5066751,25.036806
111,9,7,19,35,2,10文山區,文山區指南路2段與指南路2段45巷口口,0,0,1,1,B03,8,3,5,50,3,1,1,5,4,5,7,4,4,4,5,5,1,16,1,58,3,10,3,4,7,5,1,8,1,5,,6,6,1,22,9,121.5743117,24.98794936
111,9,7,19,35,2,10文山區,文山區指南路2段與指南路2段45巷口口,0,0,1,2,C03,8,3,5,50,3,1,1,5,4,5,7,4,4,4,5,5,1,16,1,20,2,8,1,4,7,9,1,10,1,11,,44,6,1,22,9,121.5743117,24.98794936
111,9,7,19,40,2,09北投區,北投區承德路7段與中央南路2段口,0,0,1,1,C03,8,1,5,60,5,1,1,5,4,5,7,2,1,1,4,4,2,16,2,44,2,9,3,4,7,7,1,10,1,14,,7,7,1,22,9,121.5000102,25.12109727
111,9,7,19,40,2,09北投區,北投區承德路7段與中央南路2段口,0,0,1,2,B02,8,1,5,60,5,1,1,5,4,5,7,2,1,1,4,4,2,16,1,54,3,10,3,4,7,9,1,8,1,5,,23,7,1,22,9,121.5000102,25.12109727
111,9,7,19,40,2,12內湖區,內湖區瑞湖街與舊宗路2段121巷口,0,0,1,1,B03,8,3,5,30,4,1,1,5,4,5,7,1,1,10,5,5,2,12,1,36,3,10,1,1,7,6,1,8,1,2,,9,9,1,22,9,121.5764373,25.06912536
111,9,7,19,40,2,12內湖區,內湖區瑞湖街與舊宗路2段121巷口,0,0,1,2,C03,8,3,5,30,4,1,1,5,4,5,7,1,1,10,5,5,2,12,1,27,2,9,1,1,7,4,1,10,1,14,,13,9,1,22,9,121.5764373,25.06912536
111,9,7,19,51,2,06松山區,松山區民生東路5段與新中街口,0,0,1,1,B03,7,3,5,50,4,2,1,5,4,5,7,1,1,5,4,5,2,16,1,39,3,10,1,1,7,6,1,8,1,5,,9,9,1,22,9,121.5605188,25.05862285
111,9,7,19,51,2,06松山區,松山區民生東路5段與新中街口,0,0,1,2,C03,7,3,5,50,4,2,1,5,4,5,7,1,1,5,4,5,2,16,2,51,2,9,1,1,7,9,1,10,1,14,,23,9,1,22,9,121.5605188,25.05862285
111,9,7,20,12,2,05中正區,中正區福州街2號,0,0,2,1,F01,8,3,5,50,14,9,1,5,4,5,7,4,4,9,5,5,2,16,1,45,2,8,1,1,7,5,8,20,2,16,,4,4,1,22,9,121.5198887,25.02954661
111,9,7,20,12,2,05中正區,中正區福州街2號,0,0,2,2,C03,8,3,5,50,14,9,1,5,4,5,7,4,4,9,5,5,2,16,2,58,2,9,1,1,7,9,1,10,2,11,,23,4,1,22,9,121.5198887,25.02954661
111,9,7,20,25,2,11南港區,南港區東明街94號,0,0,1,1,B03,8,3,5,30,14,9,1,5,4,5,7,4,4,9,5,5,2,17,1,58,2,7,3,1,7,14,1,4,1,4,,40,40,1,22,9,121.6018589,25.05464685
111,9,7,20,25,2,11南港區,南港區東明街94號,0,0,1,2,B03,8,3,5,30,14,9,1,5,4,5,7,4,4,9,5,5,2,17,2,39,3,10,3,4,7,9,1,8,1,2,,23,40,1,22,9,121.6018589,25.05464685
111,9,7,20,40,2,05中正區,中正區仁愛路1段與金山南路1段口,0,0,1,1,C03,8,3,5,50,4,1,1,5,4,5,7,1,1,10,3,5,2,12,2,31,2,9,1,1,7,8,1,10,2,12,,7,7,1,22,9,121.5283644,25.03821624
111,9,7,20,40,2,05中正區,中正區仁愛路1段與金山南路1段口,0,0,1,2,B03,8,3,5,50,4,1,1,5,4,5,7,1,1,10,3,5,2,12,1,78,3,10,1,1,7,9,1,8,2,4,,23,7,1,22,9,121.5283644,25.03821624
111,9,7,21,10,2,10文山區,文山區羅斯福路4段200號,0,0,1,1,C03,8,3,5,50,4,1,1,5,4,5,7,1,1,1,4,5,2,16,1,21,3,10,1,1,7,5,1,10,2,13,,26,26,1,22,9,121.5371037,25.01094768
111,9,7,21,10,2,10文山區,文山區羅斯福路4段200號,0,0,1,2,C03,8,3,5,50,4,1,1,5,4,5,7,1,1,1,4,5,2,16,1,20,2,8,1,1,7,9,1,10,2,11,,26,26,1,22,9,121.5371037,25.01094768
111,9,7,21,33,2,09北投區,北投區中和街與中和街20巷口,0,0,1,1,C03,8,3,5,30,4,1,1,5,4,5,7,4,4,5,5,5,1,15,2,52,3,10,1,1,7,9,4,11,1,13,,6,6,1,22,9,121.5031137,25.1377076
111,9,7,21,33,2,09北投區,北投區中和街與中和街20巷口,0,0,1,2,C03,8,3,5,30,4,1,1,5,4,5,7,4,4,5,5,5,1,15,2,23,2,9,1,1,7,9,1,10,1,14,,42,6,1,22,9,121.5031137,25.1377076
111,9,7,22,18,2,08士林區,士林區承德路4段350號,0,0,1,1,B12,8,3,5,50,11,7,1,5,4,5,1,4,4,1,4,4,2,11,1,58,3,10,3,4,7,7,1,8,2,8,,7,7,1,22,9,121.517207,25.09038841
111,9,7,22,18,2,08士林區,士林區承德路4段350號,0,0,1,2,C03,8,3,5,50,11,7,1,5,4,5,1,4,4,1,4,4,2,11,2,25,2,9,1,1,7,9,1,10,2,12,,42,7,1,22,9,121.517207,25.09038841
111,9,7,23,0,2,10文山區,文山區木柵路1段與試院路口雙,0,0,1,1,C03,8,1,5,50,4,2,1,5,4,5,7,2,1,9,4,5,1,17,2,28,2,9,1,1,7,9,1,10,1,11,,23,23,1,22,9,121.5498651,24.9874719
111,9,7,23,0,2,10文山區,文山區木柵路1段與試院路口雙,0,0,1,2,B12,8,1,5,50,4,2,1,5,4,5,7,2,1,9,4,5,1,17,1,52,3,10,1,1,7,5,1,8,1,2,,6,23,1,22,9,121.5498651,24.9874719
111,9,7,23,7,2,04大安區,大安區通化街與通化街24巷口口,0,0,1,1,B01,8,3,5,30,4,1,1,5,4,5,7,4,4,4,3,5,1,16,1,42,3,10,3,4,7,15,1,4,1,8,,6,6,1,22,9,121.5538693,25.0289139
111,9,7,23,7,2,04大安區,大安區通化街與通化街24巷口口,0,0,1,2,C03,8,3,5,30,4,1,1,5,4,5,7,4,4,4,3,5,1,16,1,24,2,9,3,4,7,15,1,10,1,11,,14,6,1,22,9,121.5538693,25.0289139
111,9,7,23,8,2,02萬華區,萬華區中華路2段與汀州路1段口,0,0,1,1,C03,8,3,5,0,4,1,1,5,4,5,7,1,1,4,3,5,2,17,1,22,3,10,2,1,7,11,1,10,1,15,,10,10,1,22,9,121.5046898,25.03234105
111,9,7,23,8,2,02萬華區,萬華區中華路2段與汀州路1段口,0,0,1,2,C03,8,3,5,0,4,1,1,5,4,5,7,1,1,4,3,5,2,17,1,27,2,9,1,1,7,5,1,10,1,14,,8,10,1,22,9,121.5046898,25.03234105
111,9,7,23,10,2,06松山區,松山區塔悠路與民權東路5段口,0,0,2,1,B03,8,3,5,50,4,1,1,5,4,5,7,2,1,1,4,5,2,12,1,58,3,10,1,1,7,11,1,8,1,4,,10,10,1,22,9,121.5681539,25.0636743
111,9,7,23,10,2,06松山區,松山區塔悠路與民權東路5段口,0,0,2,2,C03,8,3,5,50,4,1,1,5,4,5,7,2,1,1,4,5,2,12,2,31,2,9,1,1,7,9,1,10,1,12,,23,10,1,22,9,121.5681539,25.0636743
111,9,7,23,10,2,06松山區,松山區塔悠路與民權東路5段口,0,0,2,3,H02,8,3,5,50,4,1,1,5,4,5,7,2,1,1,4,5,2,12,2,29,2,9,4,5,7,20,8,20,10,16,,67,10,1,22,9,121.5681539,25.0636743
111,9,7,23,20,2,07信義區,信義區信義路5段6號,0,0,1,1,C04,7,3,5,50,14,9,1,5,4,5,7,4,4,1,4,5,2,12,1,22,2,9,1,1,7,9,3,18,2,12,,23,23,1,22,9,121.5601285,25.0329458
111,9,7,23,20,2,07信義區,信義區信義路5段6號,0,0,1,2,C03,7,3,5,50,14,9,1,5,4,5,7,4,4,1,4,5,2,12,1,41,3,10,1,1,7,9,3,18,2,15,,44,23,1,22,9,121.5601285,25.0329458
111,9,8,0,4,2,10文山區,文山區老泉街45巷27-1號(明德宮旁),0,0,1,1,C01,8,3,5,30,11,9,2,5,4,5,7,4,4,10,5,5,1,17,1,51,2,8,1,4,7,1,1,9,1,12,,19,19,1,22,9,121.5785466,24.96984727
111,9,8,0,4,2,10文山區,文山區老泉街45巷27-1號(明德宮旁),0,0,1,2,B03,8,3,5,30,11,9,2,5,4,5,7,4,4,10,5,5,1,17,1,25,3,10,3,4,7,9,1,8,1,8,,13,19,1,22,9,121.5785466,24.96984727
111,9,8,2,30,2,04大安區,大安區敦化南路1段190巷與敦化南路1段口,0,0,1,1,B12,8,3,5,30,4,1,1,5,4,5,7,1,1,1,4,1,1,15,1,32,3,10,1,1,7,9,1,8,2,2,,25,25,1,22,9,121.548656,25.0426277
111,9,8,2,30,2,04大安區,大安區敦化南路1段190巷與敦化南路1段口,0,0,1,2,B03,8,3,5,30,4,1,1,5,4,5,7,1,1,1,4,1,1,15,1,52,2,2,1,1,7,9,1,8,2,1,,44,25,1,22,9,121.548656,25.0426277
111,9,8,5,44,2,02萬華區,萬華區環河南路2段202號旁,0,0,1,1,F01,8,1,8,0,15,22,4,5,4,5,3,4,4,10,5,5,2,9,2,56,3,10,1,1,7,9,8,20,1,16,,23,23,1,22,9,121.4929238,25.03399424
111,9,8,5,44,2,02萬華區,萬華區環河南路2段202號旁,0,0,1,2,H01,8,1,8,0,15,22,4,5,4,5,3,4,4,10,5,5,2,9,1,81,2,1,4,5,8,16,8,20,10,16,,67,23,1,22,9,121.4929238,25.03399424
111,9,8,6,50,2,09北投區,距承德路6段與文林北路口往南第3支燈桿,0,0,1,1,C03,8,1,5,60,14,9,1,5,4,5,7,4,4,1,4,5,1,13,1,18,2,1,1,1,7,9,1,10,1,11,,16,16,1,22,9,121.5114706,25.110093
111,9,8,6,50,2,09北投區,距承德路6段與文林北路口往南第3支燈桿,0,0,1,2,B03,8,1,5,60,14,9,1,5,4,5,7,4,4,1,4,5,1,13,1,60,3,10,1,1,7,14,1,8,1,6,,44,16,1,22,9,121.5114706,25.110093
111,9,8,6,50,2,11南港區,南港區重陽路與興中路口,0,0,2,1,B12,8,1,5,50,4,1,1,5,4,5,7,1,1,9,4,5,2,12,2,45,3,10,1,1,7,5,1,8,2,1,,8,8,1,22,9,121.6066813,25.05810698
111,9,8,6,50,2,11南港區,南港區重陽路與興中路口,0,0,2,2,C03,8,1,5,50,4,1,1,5,4,5,7,1,1,9,4,5,2,12,2,53,2,9,1,1,7,9,1,10,2,11,,44,8,1,22,9,121.6066813,25.05810698
111,9,8,6,50,2,11南港區,南港區重陽路與興中路口,0,0,2,3,H02,8,1,5,50,4,1,1,5,4,5,7,1,1,9,4,5,2,12,2,52,2,9,1,1,7,21,8,20,10,15,,67,8,1,22,9,121.6066813,25.05810698
111,9,8,7,0,2,10文山區,文山區保儀路與忠順街2段口,0,0,2,1,C03,8,1,5,50,4,1,1,5,4,5,7,2,1,5,2,5,2,15,1,36,2,9,1,1,7,9,1,10,1,11,,42,42,1,22,9,121.5668097,24.984775
111,9,8,7,0,2,10文山區,文山區保儀路與忠順街2段口,0,0,2,2,C03,8,1,5,50,4,1,1,5,4,5,7,2,1,5,2,5,2,15,1,68,2,8,1,1,7,9,1,10,1,12,,25,42,1,22,9,121.5668097,24.984775
111,9,8,7,5,2,12內湖區,內湖區民權東路6段與民權東路6段115巷口,0,0,1,1,B01,8,1,5,50,3,2,1,5,4,5,7,4,4,1,4,5,2,17,1,62,3,10,3,4,7,8,1,4,2,2,,7,7,1,22,9,121.5921355,25.06889779
111,9,8,7,5,2,12內湖區,內湖區民權東路6段與民權東路6段115巷口,0,0,1,2,C03,8,1,5,50,3,2,1,5,4,5,7,4,4,1,4,5,2,17,1,53,2,9,1,1,7,9,1,10,2,15,,14,7,1,22,9,121.5921355,25.06889779
111,9,8,7,18,2,09北投區,北投區復興四路與復興四路89巷口,0,0,1,1,B03,8,1,5,30,3,2,1,5,4,5,7,4,4,7,5,5,2,17,2,53,3,10,1,1,7,11,1,8,2,15,,10,10,1,22,9,121.5021526,25.1442298
111,9,8,7,18,2,09北投區,北投區復興四路與復興四路89巷口,0,0,1,2,C03,8,1,5,30,3,2,1,5,4,5,7,4,4,7,5,5,2,17,1,62,2,9,1,1,7,9,1,10,2,14,,13,10,1,22,9,121.5021526,25.1442298
111,9,8,7,45,2,02萬華區,萬華區康定路與桂林路口,0,0,2,1,B03,8,1,5,40,4,1,1,5,4,5,7,1,1,9,4,4,2,13,2,45,3,10,1,1,7,9,1,10,11,1,,43,43,2,22,9,121.5015849,25.03839607
111,9,8,7,45,2,02萬華區,萬華區康定路與桂林路口,0,0,2,2,C03,8,1,5,40,4,1,1,5,4,5,7,1,1,9,4,4,2,13,1,24,2,9,1,1,7,9,1,10,1,11,,16,43,1,22,9,121.5015849,25.03839607
111,9,8,7,45,2,02萬華區,萬華區康定路與桂林路口,0,0,2,3,H02,8,1,5,40,4,1,1,5,4,5,7,1,1,9,4,4,2,13,2,24,2,7,4,5,7,20,8,20,10,16,,67,43,1,22,9,121.5015849,25.03839607