發生年度,發生月,發生日,發生時-Hours,發生分,處理別-編號,區序,肇事地點,死亡人數,2-30日死亡人數,受傷人數,當事人序號,車種,天候,光線,道路類別,速限-速度限制,道路型態,事故位置,路面狀況1,路面狀況2,路面狀況3,道路障礙1,道路障礙2,號誌1,號誌2,車道劃分-分向,車道劃分-分道1,車道劃分-分道2,車道劃分-分道3,事故類型及型態,性別,年齡,受傷程度,主要傷處,安全帽,行動電話,車輛用途,當事者行動狀態,駕駛資格情形,駕駛執照種類,飲酒情形,車輛撞擊部位1,車輛撞擊部位2,肇因碼-個別,肇因碼-主要,個人肇逃否,職業,旅次目的,座標-X,座標-Y
111,9,8,7,48,2,10文山區,文山區下崙路與光輝路口口,0,0,3,1,C03,8,1,5,30,4,2,1,5,4,5,7,4,4,5,5,5,2,15,1,27,2,7,1,1,7,9,1,10,2,11,,6,6,1,22,9,121.5549667,24.9866699
111,9,8,7,48,2,10文山區,文山區下崙路與光輝路口口,0,0,3,2,C03,8,1,5,30,4,2,1,5,4,5,7,4,4,5,5,5,2,15,2,61,2,9,1,1,7,9,4,11,2,11,,23,6,1,22,9,121.5549667,24.9866699
111,9,8,7,48,2,10文山區,文山區下崙路與光輝路口口,0,0,3,3,H02,8,1,5,30,4,2,1,5,4,5,7,4,4,5,5,5,2,15,2,27,2,9,1,5,7,17,8,20,10,16,,67,6,1,22,9,121.5549667,24.9866699
111,9,8,7,50,2,09北投區,北投區大興街與無名巷口,0,0,2,1,B03,8,1,5,50,4,1,1,5,4,3,5,4,4,9,4,5,2,15,2,57,3,10,1,1,7,9,1,8,2,2,,44,44,1,22,9,121.4979373,25.12978625
111,9,8,7,50,2,09北投區,北投區大興街與無名巷口,0,0,2,2,C03,8,1,5,50,4,1,1,5,4,3,5,4,4,9,4,5,2,15,2,35,2,8,1,1,7,1,1,10,2,11,,19,44,1,22,9,121.4979373,25.12978625
111,9,8,7,50,2,09北投區,北投區大興街與無名巷口,0,0,2,3,H02,8,1,5,50,4,1,1,5,4,3,5,4,4,9,4,5,2,15,1,9,2,9,1,5,7,21,8,20,10,16,,67,44,1,22,9,121.4979373,25.12978625
111,9,8,7,54,2,08士林區,士林區中山北路4段與通河街口,0,0,1,1,C03,8,1,5,0,3,2,1,5,4,5,7,2,1,9,4,5,1,16,2,19,2,9,3,4,7,5,1,10,1,15,,8,8,1,22,9,121.5243213,25.07980028
111,9,8,7,54,2,08士林區,士林區中山北路4段與通河街口,0,0,1,2,B03,8,1,5,0,3,2,1,5,4,5,7,2,1,9,4,5,1,16,2,39,3,10,3,4,7,6,1,8,1,2,,9,8,1,22,9,121.5243213,25.07980028
111,9,8,7,54,2,08士林區,士林區中山北路4段與通河街口,0,0,1,3,B03,8,1,5,0,3,2,1,5,4,5,7,2,1,9,4,5,1,16,1,24,3,10,3,4,7,6,1,8,1,1,,44,8,1,22,9,121.5243213,25.07980028
111,9,8,8,3,2,06松山區,松山區復興北路與南京東路3段口,0,0,1,1,C03,8,1,5,50,4,1,1,5,4,5,7,1,1,1,4,5,2,13,1,59,2,8,3,4,7,9,1,10,1,11,,16,16,1,22,9,121.5441677,25.051981
111,9,8,8,3,2,06松山區,松山區復興北路與南京東路3段口,0,0,1,2,B02,8,1,5,50,4,1,1,5,4,5,7,1,1,1,4,5,2,13,1,63,3,10,3,4,7,9,1,8,1,3,,44,16,1,22,9,121.5441677,25.051981
111,9,8,8,25,2,03中山區,中山區樂群一路與明水路口,0,0,1,1,C03,8,1,5,50,3,1,1,5,4,5,7,1,1,1,4,5,2,16,1,33,2,9,3,4,7,9,1,10,1,11,,16,16,1,22,9,121.5507557,25.07735608
111,9,8,8,25,2,03中山區,中山區樂群一路與明水路口,0,0,1,2,B02,8,1,5,50,3,1,1,5,4,5,7,1,1,1,4,5,2,16,1,50,3,10,3,4,7,14,1,8,1,3,,44,16,1,22,9,121.5507557,25.07735608
111,9,8,8,26,2,12內湖區,內湖區安泰街與康樂街口,0,0,1,1,B03,8,1,5,50,4,1,1,5,4,5,7,1,1,5,5,5,1,16,1,28,3,10,1,1,7,5,1,8,1,1,,6,6,1,22,9,121.6195033,25.07336525
111,9,8,8,26,2,12內湖區,內湖區安泰街與康樂街口,0,0,1,2,C03,8,1,5,50,4,1,1,5,4,5,7,1,1,5,5,5,1,16,1,32,2,9,1,1,7,9,1,10,1,14,,44,6,1,22,9,121.6195033,25.07336525
111,9,8,8,30,2,05中正區,中正區林森北路與林森北路9巷口,0,0,2,1,C03,8,1,5,50,3,1,1,5,4,5,7,1,1,10,4,5,2,13,1,57,2,7,1,1,7,9,1,10,2,11,,44,44,1,22,9,121.5236479,25.0459287
111,9,8,8,30,2,05中正區,中正區林森北路與林森北路9巷口,0,0,2,2,C03,8,1,5,50,3,1,1,5,4,5,7,1,1,10,4,5,2,13,2,40,2,8,1,1,7,14,1,10,2,13,,44,44,1,22,9,121.5236479,25.0459287
111,9,8,8,40,2,03中山區,中山區北安路269號,0,0,1,1,C03,8,1,5,50,14,9,1,5,4,5,7,1,1,1,4,5,2,12,2,24,2,9,1,1,7,9,1,10,1,14,,23,23,1,22,9,121.5346954,25.07788232
111,9,8,8,40,2,03中山區,中山區北安路269號,0,0,1,2,C03,8,1,5,50,14,9,1,5,4,5,7,1,1,1,4,5,2,12,1,44,3,10,1,1,7,14,1,10,1,12,,44,23,1,22,9,121.5346954,25.07788232
111,9,8,8,57,2,07信義區,信義區大道路與大道路28巷口,0,0,1,1,B12,8,1,5,50,4,1,1,5,4,5,7,4,4,10,4,5,2,15,1,42,3,10,1,1,7,11,1,8,2,5,,10,10,1,22,9,121.5818431,25.04186511
111,9,8,8,57,2,07信義區,信義區大道路與大道路28巷口,0,0,1,2,C03,8,1,5,50,4,1,1,5,4,5,7,4,4,10,4,5,2,15,1,63,2,9,1,1,7,9,1,10,2,11,,14,10,1,22,9,121.5818431,25.04186511
111,9,8,9,1,2,03中山區,中山區樂群二路與敬業四路口,0,0,1,1,B03,8,1,5,50,3,1,1,5,4,5,7,1,1,1,4,5,2,16,1,46,3,10,3,4,7,9,1,8,1,1,,23,23,1,22,9,121.5585207,25.0799656
111,9,8,9,1,2,03中山區,中山區樂群二路與敬業四路口,0,0,1,2,C03,8,1,5,50,3,1,1,5,4,5,7,1,1,1,4,5,2,16,2,29,2,9,3,4,7,7,1,10,1,13,,7,23,1,22,9,121.5585207,25.0799656
111,9,8,9,3,2,09北投區,(即北投路一段53號前),0,0,1,1,B03,8,1,5,50,3,2,1,5,4,5,7,4,4,4,4,4,2,17,2,67,3,10,1,1,7,11,1,8,2,4,,10,10,1,22,9,121.5009192,25.1252319
111,9,8,9,3,2,09北投區,(即北投路一段53號前),0,0,1,2,C03,8,1,5,50,3,2,1,5,4,5,7,4,4,4,4,4,2,17,1,62,2,9,1,1,7,9,1,10,2,11,,14,10,1,22,9,121.5009192,25.1252319
111,9,8,9,7,2,08士林區,士林區格致路與和平路口,0,0,1,1,B03,8,1,5,40,4,2,1,5,4,5,7,1,1,9,4,5,2,17,1,59,3,10,1,1,7,6,1,8,1,2,,9,9,1,22,9,121.5464667,25.13901782
111,9,8,9,7,2,08士林區,士林區格致路與和平路口,0,0,1,2,C03,8,1,5,40,4,2,1,5,4,5,7,1,1,9,4,5,2,17,1,25,2,9,1,1,7,9,1,10,1,11,,23,9,1,22,9,121.5464667,25.13901782
111,9,8,9,10,2,12內湖區,內湖區新湖一路406號前,0,0,2,1,C03,8,1,5,40,14,9,1,5,4,5,7,4,4,10,4,5,2,16,1,24,2,4,1,1,7,1,1,10,1,12,,19,19,1,22,9,121.5844952,25.06442836
111,9,8,9,10,2,12內湖區,內湖區新湖一路406號前,0,0,2,2,C03,8,1,5,40,14,9,1,5,4,5,7,4,4,10,4,5,2,16,1,55,2,8,1,1,7,1,1,10,1,11,,19,19,1,22,9,121.5844952,25.06442836
111,9,8,9,16,2,09北投區,北投區公館路與北投路1段口,0,0,2,1,C04,8,1,5,50,4,1,1,5,4,5,7,1,1,5,4,5,2,16,1,25,2,8,1,1,7,6,1,10,1,13,,6,6,1,22,9,121.5026515,25.12149998
111,9,8,9,16,2,09北投區,北投區公館路與北投路1段口,0,0,2,2,C03,8,1,5,50,4,1,1,5,4,5,7,1,1,5,4,5,2,16,2,23,2,9,1,1,7,9,1,10,1,11,,44,6,1,22,9,121.5026515,25.12149998
111,9,8,9,28,2,04大安區,大安區和平東路2段118巷與復興南路2段340巷口,0,0,1,1,C03,8,1,5,30,4,2,1,5,4,5,7,4,4,10,5,5,1,17,1,41,3,10,1,1,7,9,1,10,1,15,,6,6,1,5,3,121.5428514,25.0226679
111,9,8,9,28,2,04大安區,大安區和平東路2段118巷與復興南路2段340巷口,0,0,1,2,C03,8,1,5,30,4,2,1,5,4,5,7,4,4,10,5,5,1,17,2,45,2,7,1,1,7,9,1,10,1,12,,23,6,1,21,5,121.5428514,25.0226679
111,9,8,9,30,2,10文山區,文山區木新路3段172巷2弄2號,0,0,1,1,B02,8,1,5,30,14,9,1,5,4,5,6,4,4,8,4,5,2,16,1,62,3,10,1,1,7,9,1,8,1,1,,6,6,1,22,9,121.5605834,24.9822454
111,9,8,9,30,2,10文山區,文山區木新路3段172巷2弄2號,0,0,1,2,C03,8,1,5,30,14,9,1,5,4,5,6,4,4,8,4,5,2,16,1,57,2,9,1,1,7,9,1,10,1,12,,23,6,1,22,9,121.5605834,24.9822454
111,9,8,9,30,2,07信義區,信義區光復南路495號,0,0,1,1,C03,8,1,5,50,14,9,1,5,4,5,7,4,4,1,4,5,1,16,1,59,2,9,3,4,7,7,1,10,1,14,,7,7,1,22,9,121.5567209,25.03316039
111,9,8,9,30,2,07信義區,信義區光復南路495號,0,0,1,2,B01,8,1,5,50,14,9,1,5,4,5,7,4,4,1,4,5,1,16,1,49,3,10,3,4,7,9,1,4,1,2,,44,7,1,22,9,121.5567209,25.03316039
111,9,8,9,30,2,07信義區,信義區光復南路495號,0,0,1,3,B01,8,1,5,50,14,9,1,5,4,5,7,4,4,1,4,5,1,16,1,65,3,10,3,4,7,9,1,4,1,4,,44,7,1,22,9,121.5567209,25.03316039
111,9,8,10,5,2,03中山區,中山區民權東路2段40號前,0,0,1,1,C03,8,1,5,50,14,9,1,5,4,5,7,4,4,1,4,5,2,16,1,18,4,11,3,4,7,1,7,19,11,15,,19,19,2,22,9,121.5297954,25.0624931
111,9,8,10,5,2,03中山區,中山區民權東路2段40號前,0,0,1,2,C03,8,1,5,50,14,9,1,5,4,5,7,4,4,1,4,5,2,16,2,24,3,10,3,4,7,9,1,10,1,12,,44,19,1,22,9,121.5297954,25.0624931
111,9,8,10,5,2,03中山區,中山區民權東路2段40號前,0,0,1,3,H02,8,1,5,50,14,9,1,5,4,5,7,4,4,1,4,5,2,16,2,23,2,8,4,5,7,20,8,20,10,16,,67,19,1,22,9,121.5297954,25.0624931
111,9,8,10,45,2,12內湖區,內湖區舊宗路1段188號與新湖三路口口,0,0,1,1,C03,8,1,5,50,14,9,1,5,4,5,7,4,4,5,4,5,2,16,1,80,2,9,1,1,7,5,1,10,1,12,14,8,8,1,22,9,121.5761421,25.063214
111,9,8,10,45,2,12內湖區,內湖區舊宗路1段188號與新湖三路口口,0,0,1,2,B01,8,1,5,50,14,9,1,5,4,5,7,4,4,5,4,5,2,16,1,52,3,10,1,1,7,9,1,4,1,5,,44,8,1,22,9,121.5761421,25.063214
111,9,8,10,56,2,07信義區,信義區基隆路2段149-17號,0,0,1,1,B01,8,1,5,50,14,9,1,5,4,5,7,4,4,3,3,5,1,17,1,52,3,10,3,4,7,14,1,4,1,3,,38,38,1,22,9,121.5553838,25.02674764
111,9,8,10,56,2,07信義區,信義區基隆路2段149-17號,0,0,1,2,C03,8,1,5,50,14,9,1,5,4,5,7,4,4,3,3,5,1,17,1,29,2,9,1,4,7,8,1,10,1,11,,7,38,1,22,9,121.5553838,25.02674764
111,9,8,10,56,2,07信義區,信義區基隆路2段149-17號,0,0,1,3,B03,8,1,5,50,14,9,1,5,4,5,7,4,4,3,3,5,1,17,1,29,3,10,3,4,7,9,1,8,1,15,,44,38,1,22,9,121.5553838,25.02674764
111,9,8,11,35,2,05中正區,中正區中山南路與凱達格蘭大道口,0,0,2,1,B03,8,1,5,50,16,7,1,5,4,5,7,1,1,9,4,1,1,12,1,72,3,10,1,1,7,8,1,8,2,2,,7,7,1,22,9,121.5175206,25.0392497
111,9,8,11,35,2,05中正區,中正區中山南路與凱達格蘭大道口,0,0,2,2,C02,8,1,5,50,16,7,1,5,4,5,7,1,1,9,4,1,1,12,1,60,2,9,1,1,7,7,1,9,2,14,,7,7,1,22,9,121.5175206,25.0392497
111,9,8,11,35,2,05中正區,中正區中山南路與凱達格蘭大道口,0,0,2,3,H02,8,1,5,50,16,7,1,5,4,5,7,1,1,9,4,1,1,12,2,62,2,9,4,5,7,20,8,20,10,16,,67,7,1,22,9,121.5175206,25.0392497
111,9,8,11,40,2,05中正區,中正區公園路38號,0,0,3,1,C03,8,1,5,50,14,9,1,5,4,5,7,4,4,5,4,5,2,12,1,40,2,9,1,1,7,6,1,10,2,12,,9,9,1,22,9,121.5167509,25.0437683
111,9,8,11,40,2,05中正區,中正區公園路38號,0,0,3,2,C03,8,1,5,50,14,9,1,5,4,5,7,4,4,5,4,5,2,12,2,31,2,9,1,1,7,9,1,10,2,14,,44,9,1,22,9,121.5167509,25.0437683
111,9,8,11,40,2,05中正區,中正區公園路38號,0,0,3,3,H02,8,1,5,50,14,9,1,5,4,5,7,4,4,5,4,5,2,12,2,40,2,9,4,5,7,20,8,20,10,16,,67,9,1,22,9,121.5167509,25.0437683
111,9,8,11,51,2,05中正區,中正區愛國東路158號前,0,0,1,1,B12,8,1,5,50,14,7,1,5,4,5,7,4,4,1,4,4,1,17,1,31,3,10,1,1,7,8,1,8,2,5,,7,7,1,22,9,121.5218536,25.03258312
111,9,8,11,51,2,05中正區,中正區愛國東路158號前,0,0,1,2,C03,8,1,5,50,14,7,1,5,4,5,7,4,4,1,4,4,1,17,1,19,2,9,1,1,7,9,1,10,2,14,,44,7,1,22,9,121.5218536,25.03258312
111,9,8,11,51,2,05中正區,中正區愛國東路158號前,0,0,1,3,H02,8,1,5,50,14,7,1,5,4,5,7,4,4,1,4,4,1,17,2,19,4,11,1,1,7,20,8,20,10,16,,67,7,1,22,9,121.5218536,25.03258312
111,9,8,11,53,2,12內湖區,內湖區行忠路52號前,0,0,1,1,B03,8,1,5,50,14,9,1,5,4,5,7,4,4,1,4,4,2,16,1,20,3,10,3,1,7,6,1,8,1,2,,9,9,1,22,9,121.5791539,25.06553918
111,9,8,11,53,2,12內湖區,內湖區行忠路52號前,0,0,1,2,C03,8,1,5,50,14,9,1,5,4,5,7,4,4,1,4,4,2,16,1,19,2,9,1,1,7,9,1,8,1,11,,44,9,1,22,9,121.5791539,25.06553918
111,9,8,11,56,2,12內湖區,內湖區文德路22巷9弄30號前,0,0,2,1,C03,8,1,5,30,3,2,1,5,4,5,7,4,4,10,5,5,2,17,1,49,2,7,1,1,7,5,1,9,11,15,,6,6,1,22,9,121.5794356,25.077339
111,9,8,11,56,2,12內湖區,內湖區文德路22巷9弄30號前,0,0,2,2,C03,8,1,5,30,3,2,1,5,4,5,7,4,4,10,5,5,2,17,2,46,2,9,1,1,7,9,1,10,11,15,,44,6,1,22,9,121.5794356,25.077339
111,9,8,12,0,2,10文山區,文山區興隆路1段70巷11弄與羅斯福路5段269巷口,0,0,1,1,B01,8,1,5,30,4,1,1,5,4,5,7,4,4,10,5,5,2,15,1,67,3,10,1,1,7,9,1,4,1,6,,6,6,1,22,9,121.5409681,25.0015235
111,9,8,12,0,2,10文山區,文山區興隆路1段70巷11弄與羅斯福路5段269巷口,0,0,1,2,C03,8,1,5,30,4,1,1,5,4,5,7,4,4,10,5,5,2,15,2,22,2,9,1,1,7,9,1,10,1,11,,23,6,1,22,9,121.5409681,25.0015235
111,9,8,12,3,2,02萬華區,萬華區萬大路與雙和街口,0,0,1,2,C03,8,1,5,30,3,1,1,5,4,5,7,2,1,1,5,5,2,16,2,34,2,8,1,1,7,9,1,10,1,11,,44,43,1,22,9,121.500583,25.02750517
111,9,8,12,3,2,02萬華區,萬華區萬大路與雙和街口,0,0,1,1,,8,1,5,30,3,1,1,5,4,5,7,2,1,1,5,5,2,16,4,,4,11,3,4,7,15,7,19,11,15,,43,43,2,22,9,121.500583,25.02750517
111,9,8,12,10,2,08士林區,士林區承德路4段與承德路4段6巷口,0,0,1,1,C03,8,1,5,30,4,2,1,5,4,5,7,4,4,10,5,5,2,17,1,22,2,7,1,1,7,9,1,10,1,11,,6,6,1,22,9,121.5213776,25.07906242
111,9,8,12,10,2,08士林區,士林區承德路4段與承德路4段6巷口,0,0,1,2,B02,8,1,5,30,4,2,1,5,4,5,7,4,4,10,5,5,2,17,1,45,3,10,1,1,7,9,1,8,1,4,,23,6,1,22,9,121.5213776,25.07906242
111,9,8,12,10,2,12內湖區,內湖區成功路3段139號,0,0,1,1,B01,8,1,5,50,14,8,1,5,4,5,7,4,4,1,4,4,1,14,1,55,4,11,3,4,7,2,7,19,11,15,,12,12,2,22,9,121.589939,25.0795092
111,9,8,12,10,2,12內湖區,內湖區成功路3段139號,0,0,1,2,C03,8,1,5,50,14,8,1,5,4,5,7,4,4,1,4,4,1,14,1,70,3,10,3,4,7,9,1,10,1,11,,44,12,1,22,9,121.589939,25.0795092
111,9,8,12,10,2,12內湖區,內湖區成功路3段139號,0,0,1,3,H02,8,1,5,50,14,8,1,5,4,5,7,4,4,1,4,4,1,14,2,66,2,8,3,5,7,20,8,20,10,16,,67,12,1,22,9,121.589939,25.0795092
111,9,8,12,14,2,03中山區,中山區民權東路3段與民權東路3段60巷口,0,0,1,1,B03,8,1,5,50,4,2,1,5,4,5,7,1,1,1,4,5,2,17,1,53,3,10,1,4,7,8,1,8,11,15,,7,7,1,22,9,121.5422942,25.06245217
111,9,8,12,14,2,03中山區,中山區民權東路3段與民權東路3段60巷口,0,0,1,2,B03,8,1,5,50,4,2,1,5,4,5,7,1,1,1,4,5,2,17,1,42,3,10,1,4,7,15,1,8,1,2,,42,7,1,22,9,121.5422942,25.06245217
111,9,8,12,14,2,03中山區,中山區民權東路3段與民權東路3段60巷口,0,0,1,4,B03,8,1,5,50,4,2,1,5,4,5,7,1,1,1,4,5,2,17,4,,4,11,3,4,7,13,7,19,11,8,,42,7,1,22,9,121.5422942,25.06245217
111,9,8,12,14,2,03中山區,中山區民權東路3段與民權東路3段60巷口,0,0,1,3,C03,8,1,5,50,4,2,1,5,4,5,7,1,1,1,4,5,2,17,1,49,2,7,1,4,7,9,1,10,1,14,11,44,7,1,22,9,121.5422942,25.06245217
111,9,8,12,37,2,04大安區,大安區四維路與四維路76巷口,0,0,2,1,F03,8,1,5,30,4,1,1,5,4,5,7,4,4,10,5,5,2,15,2,58,2,9,1,1,7,9,8,20,2,16,,6,6,1,22,9,121.5480776,25.0342588
111,9,8,12,37,2,04大安區,大安區四維路與四維路76巷口,0,0,2,2,B01,8,1,5,30,4,1,1,5,4,5,7,4,4,10,5,5,2,15,1,57,3,10,1,1,7,9,1,4,2,1,,13,6,1,22,9,121.5480776,25.0342588
111,9,8,12,37,2,04大安區,大安區四維路與四維路76巷口,0,0,2,3,H02,8,1,5,30,4,1,1,5,4,5,7,4,4,10,5,5,2,15,2,86,2,9,1,5,7,21,8,20,10,16,,67,6,1,22,9,121.5480776,25.0342588
111,9,8,12,39,2,06松山區,松山區八德路4段245巷與八德路4段245巷32弄口,0,0,1,1,B01,8,1,5,30,4,1,1,5,4,5,7,1,1,8,3,5,1,16,1,67,3,10,3,1,7,9,1,4,1,2,,25,25,1,22,9,121.564509,25.04999751
111,9,8,12,39,2,06松山區,松山區八德路4段245巷與八德路4段245巷32弄口,0,0,1,2,F01,8,1,5,30,4,1,1,5,4,5,7,1,1,8,3,5,1,16,2,66,2,9,3,1,7,9,8,20,1,16,,25,25,1,22,9,121.564509,25.04999751
111,9,8,13,5,2,05中正區,中正區濟南路2段8巷6-2號,0,0,2,1,C03,8,1,5,30,14,9,1,5,4,5,7,4,4,10,5,5,2,9,1,48,2,5,1,1,7,9,3,18,2,11,,42,42,1,22,9,121.5269324,25.04119485
111,9,8,13,5,2,05中正區,中正區濟南路2段8巷6-2號,0,0,2,2,H02,8,1,5,30,14,9,1,5,4,5,7,4,4,10,5,5,2,9,2,46,3,10,1,1,7,19,8,20,2,16,,56,42,1,22,9,121.5269324,25.04119485
111,9,8,13,5,2,05中正區,中正區濟南路2段8巷6-2號,0,0,2,3,H01,8,1,5,30,14,9,1,5,4,5,7,4,4,10,5,5,2,9,2,42,2,9,4,5,8,16,8,20,10,16,,67,42,1,22,9,121.5269324,25.04119485
111,9,8,13,40,2,05中正區,中正區紹興南街與丹陽街口,0,0,1,1,B12,8,1,5,40,4,1,1,5,4,5,7,2,1,7,4,5,2,12,1,57,3,10,1,1,7,5,1,4,1,4,,8,8,1,10,4,121.5236871,25.0394509
111,9,8,13,40,2,05中正區,中正區紹興南街與丹陽街口,0,0,1,2,C03,8,1,5,40,4,1,1,5,4,5,7,2,1,7,4,5,2,12,1,33,2,9,1,1,7,9,1,10,1,12,,44,8,1,3,1,121.5236871,25.0394509
111,9,8,13,40,2,12內湖區,內湖區成功路3段與陽光街口,0,0,1,1,B03,8,1,5,50,4,1,1,5,4,5,7,1,1,5,5,5,2,12,1,40,3,10,1,1,7,6,1,8,1,2,,9,9,1,22,9,121.5898862,25.0774107
111,9,8,13,40,2,12內湖區,內湖區成功路3段與陽光街口,0,0,1,2,C03,8,1,5,50,4,1,1,5,4,5,7,1,1,5,5,5,2,12,1,66,2,9,1,1,7,6,1,10,1,14,,44,9,1,22,9,121.5898862,25.0774107
111,9,8,13,40,2,12內湖區,內湖區麥帥一橋西向東,0,0,1,1,B03,8,1,5,70,10,7,1,5,4,5,7,4,4,1,4,5,1,13,1,46,3,10,1,1,7,9,1,8,2,1,,23,23,1,22,9,121.5732822,25.05270809
111,9,8,13,40,2,12內湖區,內湖區麥帥一橋西向東,0,0,1,2,B03,8,1,5,70,10,7,1,5,4,5,7,4,4,1,4,5,1,13,1,47,2,9,1,1,7,9,1,8,2,3,1,44,23,1,22,9,121.5732822,25.05270809
111,9,8,13,40,2,12內湖區,內湖區麥帥一橋西向東,0,0,1,3,B03,8,1,5,70,10,7,1,5,4,5,7,4,4,1,4,5,1,13,2,60,3,10,1,1,7,9,1,8,2,7,,44,23,1,22,9,121.5732822,25.05270809
111,9,8,13,40,2,12內湖區,內湖區麥帥一橋西向東,0,0,1,4,,8,1,5,70,10,7,1,5,4,5,7,4,4,1,4,5,1,13,3,,,,,,,,,,,,,67,23,1,,,121.5732822,25.05270809
111,9,8,13,53,2,08士林區,士林區承德路4段與大南路口,0,0,1,1,B03,8,1,5,50,14,9,1,5,4,5,7,4,4,1,4,5,1,16,2,38,3,10,1,1,7,6,1,10,1,5,,6,6,1,22,9,121.5156533,25.09044265
111,9,8,13,53,2,08士林區,士林區承德路4段與大南路口,0,0,1,2,C03,8,1,5,50,14,9,1,5,4,5,7,4,4,1,4,5,1,16,2,32,2,9,1,1,7,9,1,10,1,14,,44,6,1,22,9,121.5156533,25.09044265
111,9,8,14,0,2,08士林區,士林區環河北路3段153號,0,0,2,1,C03,8,1,5,40,14,9,1,5,4,5,7,4,4,10,4,4,2,17,1,68,3,10,1,1,7,15,1,10,2,14,,42,42,1,22,9,121.5052007,25.08649502
111,9,8,14,0,2,08士林區,士林區環河北路3段153號,0,0,2,2,B03,8,1,5,40,14,9,1,5,4,5,7,4,4,10,4,4,2,17,1,58,3,10,1,1,7,9,1,8,2,1,,23,42,1,22,9,121.5052007,25.08649502
111,9,8,14,0,2,08士林區,士林區環河北路3段153號,0,0,2,3,C03,8,1,5,40,14,9,1,5,4,5,7,4,4,10,4,4,2,17,1,46,2,9,1,1,7,9,1,10,4,11,,16,42,1,22,9,121.5052007,25.08649502
111,9,8,14,0,2,08士林區,士林區環河北路3段153號,0,0,2,4,H02,8,1,5,40,14,9,1,5,4,5,7,4,4,10,4,4,2,17,2,68,2,9,1,5,7,20,8,20,2,16,,67,42,1,22,9,121.5052007,25.08649502
111,9,8,14,45,2,04大安區,大安區和平東路1段183巷口側附近,0,0,1,2,C03,8,1,5,50,14,8,1,5,4,5,7,4,4,1,4,4,2,12,1,21,2,8,3,4,7,9,1,10,1,11,,31,9,1,22,9,121.5330724,25.02635045
111,9,8,14,45,2,04大安區,大安區和平東路1段183巷口側附近,0,0,1,1,B03,8,1,5,50,14,8,1,5,4,5,7,4,4,1,4,4,2,12,1,50,3,10,3,4,7,6,1,8,1,5,,9,9,1,22,9,121.5330724,25.02635045
111,9,8,15,10,2,04大安區,(市民大道3段往八德路方向),0,0,1,1,B03,8,1,5,50,14,16,1,5,4,5,7,2,1,4,1,5,1,13,1,30,3,10,3,4,7,15,1,8,2,1,,23,23,1,22,9,121.5341551,25.04526655
111,9,8,15,10,2,04大安區,(市民大道3段往八德路方向),0,0,1,2,B03,8,1,5,50,14,16,1,5,4,5,7,2,1,4,1,5,1,13,1,37,2,3,3,4,7,15,1,8,2,3,,44,23,1,22,9,121.5341551,25.04526655
111,9,8,15,16,2,07信義區,信義區基隆路1段與忠孝東路5段口,0,0,2,1,C03,8,1,5,50,4,2,1,5,4,5,7,2,1,1,4,5,2,17,2,52,2,9,3,4,7,9,1,10,1,12,,23,23,1,22,9,121.5647892,25.04121
111,9,8,15,16,2,07信義區,信義區基隆路1段與忠孝東路5段口,0,0,2,2,B03,8,1,5,50,4,2,1,5,4,5,7,2,1,1,4,5,2,17,2,46,3,10,3,4,7,9,1,8,1,5,,23,23,1,22,9,121.5647892,25.04121
111,9,8,15,16,2,07信義區,信義區基隆路1段與忠孝東路5段口,0,0,2,3,B03,8,1,5,50,4,2,1,5,4,5,7,2,1,1,4,5,2,17,2,41,3,10,3,4,7,6,1,8,1,8,,44,23,1,22,9,121.5647892,25.04121
111,9,8,15,16,2,07信義區,信義區基隆路1段與忠孝東路5段口,0,0,2,4,H02,8,1,5,50,4,2,1,5,4,5,7,2,1,1,4,5,2,17,2,72,2,9,3,4,7,21,8,20,10,16,,67,23,1,22,9,121.5647892,25.04121
111,9,8,15,30,2,08士林區,士林區葫東街與延平北路5段口,0,0,1,1,B03,8,1,5,50,3,1,1,5,4,5,7,2,1,1,4,5,2,12,1,48,3,10,3,4,7,11,1,8,1,8,,10,10,1,22,9,121.5101416,25.08337592
111,9,8,15,30,2,08士林區,士林區葫東街與延平北路5段口,0,0,1,2,C03,8,1,5,50,3,1,1,5,4,5,7,2,1,1,4,5,2,12,2,19,2,9,3,4,7,9,1,10,1,12,,44,10,1,22,9,121.5101416,25.08337592
111,9,8,15,39,2,04大安區,大安區大安路1段240號,0,0,1,1,F01,8,1,5,50,14,9,1,5,4,5,7,4,4,5,4,5,2,17,1,71,2,9,1,1,7,7,8,20,1,16,,7,7,1,22,9,121.5459404,25.03363044
111,9,8,15,39,2,04大安區,大安區大安路1段240號,0,0,1,2,B03,8,1,5,50,14,9,1,5,4,5,7,4,4,5,4,5,2,17,1,54,3,10,3,4,7,9,1,8,1,6,,44,7,1,22,9,121.5459404,25.03363044
111,9,8,15,40,2,06松山區,松山區八德路2段451巷與八德路2段437巷1弄口,0,0,1,1,C03,8,1,5,30,3,1,1,5,4,5,7,4,4,10,5,5,2,12,1,30,2,9,1,1,7,5,1,10,1,14,,26,26,1,22,9,121.5474381,25.0487595
111,9,8,15,40,2,06松山區,松山區八德路2段451巷與八德路2段437巷1弄口,0,0,1,2,C03,8,1,5,30,3,1,1,5,4,5,7,4,4,10,5,5,2,12,1,34,3,10,1,1,7,9,1,10,1,15,,5,26,1,22,9,121.5474381,25.0487595
111,9,8,15,40,2,06松山區,松山區八德路2段451巷與八德路2段437巷1弄口,0,0,1,3,B02,8,1,5,30,3,1,1,5,4,5,7,4,4,10,5,5,2,12,1,43,3,10,1,1,7,9,1,8,1,8,,44,26,1,22,9,121.5474381,25.0487595