發生年度,發生月,發生日,發生時-Hours,發生分,處理別-編號,區序,肇事地點,死亡人數,2-30日死亡人數,受傷人數,當事人序號,車種,天候,光線,道路類別,速限-速度限制,道路型態,事故位置,路面狀況1,路面狀況2,路面狀況3,道路障礙1,道路障礙2,號誌1,號誌2,車道劃分-分向,車道劃分-分道1,車道劃分-分道2,車道劃分-分道3,事故類型及型態,性別,年齡,受傷程度,主要傷處,安全帽,行動電話,車輛用途,當事者行動狀態,駕駛資格情形,駕駛執照種類,飲酒情形,車輛撞擊部位1,車輛撞擊部位2,肇因碼-個別,肇因碼-主要,個人肇逃否,職業,旅次目的,座標-X,座標-Y
111,9,8,15,44,2,01大同區,大同區寧夏路與涼州街口,0,0,1,1,C03,8,1,5,50,4,1,1,5,4,5,7,2,1,9,4,5,2,12,1,29,2,9,1,4,7,4,1,10,1,12,,1,1,1,22,9,121.5143411,25.0608276
111,9,8,15,44,2,01大同區,大同區寧夏路與涼州街口,0,0,1,2,B02,8,1,5,50,4,1,1,5,4,5,7,2,1,9,4,5,2,12,1,52,3,10,3,4,7,5,1,8,1,4,,44,1,1,22,9,121.5143411,25.0608276
111,9,8,16,30,2,08士林區,士林區芝玉路2段與芝玉路2段20巷口,0,0,2,1,C03,8,1,5,30,4,1,1,5,4,5,7,4,4,10,5,5,2,15,2,29,2,8,1,1,7,9,1,10,1,11,,6,6,1,22,9,121.5344288,25.11041174
111,9,8,16,30,2,08士林區,士林區芝玉路2段與芝玉路2段20巷口,0,0,2,2,C03,8,1,5,30,4,1,1,5,4,5,7,4,4,10,5,5,2,15,2,39,2,7,1,1,7,9,1,10,1,14,,14,6,1,22,9,121.5344288,25.11041174
111,9,8,16,37,2,09北投區,北投區承德路7段301號前,0,0,1,1,B03,8,1,5,60,14,7,1,5,4,5,7,4,4,1,4,4,2,13,1,63,3,10,1,1,7,9,1,8,2,8,,16,16,1,22,9,121.5044459,25.11674518
111,9,8,16,37,2,09北投區,北投區承德路7段301號前,0,0,1,2,B03,8,1,5,60,14,7,1,5,4,5,7,4,4,1,4,4,2,13,2,41,2,6,1,1,7,9,1,8,2,6,,44,16,1,22,9,121.5044459,25.11674518
111,9,8,16,55,2,01大同區,大同區鄭州路與環河北路1段口,0,0,1,1,B03,7,1,5,40,4,1,1,5,4,5,7,1,1,1,4,5,2,17,1,24,3,10,1,1,7,6,1,8,1,2,,9,9,1,22,9,121.5069781,25.0507942
111,9,8,16,55,2,01大同區,大同區鄭州路與環河北路1段口,0,0,1,2,C03,7,1,5,40,4,1,1,5,4,5,7,1,1,1,4,5,2,17,1,58,2,9,1,1,7,9,1,10,1,14,,23,9,1,22,9,121.5069781,25.0507942
111,9,8,17,0,2,04大安區,大安區忠孝東路4段128號,0,0,1,1,H02,8,1,5,0,14,9,1,5,4,5,7,4,4,1,4,5,2,9,1,39,3,10,4,5,7,19,8,20,10,16,,56,56,1,22,9,121.5480879,25.04144742
111,9,8,17,0,2,04大安區,大安區忠孝東路4段128號,0,0,1,2,C03,8,1,5,0,14,9,1,5,4,5,7,4,4,1,4,5,2,9,2,28,2,9,3,4,7,9,1,10,1,14,,44,56,1,22,9,121.5480879,25.04144742
111,9,8,17,0,2,04大安區,大安區忠孝東路4段128號,0,0,1,3,B01,8,1,5,0,14,9,1,5,4,5,7,4,4,1,4,5,2,9,1,63,3,10,3,4,7,14,1,4,1,5,,40,56,1,22,9,121.5480879,25.04144742
111,9,8,17,3,2,07信義區,信義區忠孝東路4段501號,0,0,1,1,B03,8,1,5,50,14,9,1,5,4,5,7,1,1,1,5,5,2,13,2,25,2,1,1,1,7,9,1,8,2,1,,16,16,1,22,9,121.5579416,25.0413826
111,9,8,17,3,2,07信義區,信義區忠孝東路4段501號,0,0,1,2,B12,8,1,5,50,14,9,1,5,4,5,7,1,1,1,5,5,2,13,1,40,3,10,1,1,7,9,1,8,2,3,,44,16,1,22,9,121.5579416,25.0413826
111,9,8,17,27,2,03中山區,中山區民權東路2段83號,0,0,1,1,C03,8,1,5,50,14,9,1,5,4,5,7,1,1,1,4,5,2,16,2,23,2,9,1,1,7,9,1,10,1,11,,23,23,1,22,9,121.5320398,25.06263646
111,9,8,17,27,2,03中山區,中山區民權東路2段83號,0,0,1,2,B03,8,1,5,50,14,9,1,5,4,5,7,1,1,1,4,5,2,16,2,37,3,10,3,4,7,14,1,8,1,6,,44,23,1,22,9,121.5320398,25.06263646
111,9,8,17,36,2,08士林區,士林區中山北路6段76號,0,0,1,1,C03,8,1,5,50,14,9,1,5,4,5,7,4,4,1,4,5,2,12,1,32,2,9,1,1,7,7,1,10,1,14,,7,7,1,22,9,121.5248908,25.10430388
111,9,8,17,36,2,08士林區,士林區中山北路6段76號,0,0,1,2,B03,8,1,5,50,14,9,1,5,4,5,7,4,4,1,4,5,2,12,1,37,3,10,1,1,7,9,1,8,1,2,,44,7,1,22,9,121.5248908,25.10430388
111,9,8,17,36,2,08士林區,士林區中山北路6段76號,0,0,1,3,B01,8,1,5,50,14,9,1,5,4,5,7,4,4,1,4,5,2,12,1,56,3,10,1,1,7,14,1,4,11,15,,38,7,1,22,9,121.5248908,25.10430388
111,9,8,17,38,2,07信義區,信義區信義路5段178號,0,0,1,1,C03,8,1,5,50,14,9,1,5,4,5,7,2,1,1,4,5,1,13,2,59,2,9,3,4,7,9,1,10,2,11,,16,16,1,22,9,121.5739596,25.03307632
111,9,8,17,38,2,07信義區,信義區信義路5段178號,0,0,1,2,B01,8,1,5,50,14,9,1,5,4,5,7,2,1,1,4,5,1,13,1,44,3,10,3,4,7,14,1,4,2,3,,44,16,1,22,9,121.5739596,25.03307632
111,9,8,17,40,2,03中山區,中山區松江路與德惠街口,0,0,1,1,B02,8,1,5,50,4,1,1,5,4,5,7,1,1,10,4,5,2,3,1,35,3,10,1,1,7,5,1,4,1,8,,15,15,1,22,9,121.5331963,25.0665359
111,9,8,17,40,2,03中山區,中山區松江路與德惠街口,0,0,1,2,H01,8,1,5,50,4,1,1,5,4,5,7,1,1,10,4,5,2,3,2,67,2,9,4,5,8,16,8,20,1,16,,67,15,1,22,9,121.5331963,25.0665359
111,9,8,17,47,2,02萬華區,萬華區中興橋機車道往三重,0,0,2,1,C03,8,1,5,30,14,11,1,5,4,5,7,4,4,10,4,5,2,12,1,49,2,8,1,1,7,4,1,10,1,14,,1,1,1,22,9,121.5024476,25.04571929
111,9,8,17,47,2,02萬華區,萬華區中興橋機車道往三重,0,0,2,2,C03,8,1,5,30,14,11,1,5,4,5,7,4,4,10,4,5,2,12,2,25,2,8,1,3,7,4,1,10,1,12,,1,1,1,22,9,121.5024476,25.04571929
111,9,8,18,0,2,02萬華區,萬華區環河南路2段與環河南路2段149巷口,0,0,1,1,C03,8,1,5,50,3,2,1,5,4,5,7,1,1,1,4,5,1,17,2,25,2,9,1,1,7,5,1,10,2,13,,8,8,1,22,9,121.4930311,25.0338784
111,9,8,18,0,2,02萬華區,萬華區環河南路2段與環河南路2段149巷口,0,0,1,2,B03,8,1,5,50,3,2,1,5,4,5,7,1,1,1,4,5,1,17,1,56,3,10,1,1,7,9,1,8,2,1,,44,8,1,22,9,121.4930311,25.0338784
111,9,8,18,55,2,03中山區,中山區林森北路282號,0,0,2,1,F02,7,3,5,50,4,1,1,5,4,5,7,4,4,9,5,5,2,17,2,68,2,9,1,1,7,11,8,20,1,16,,6,6,1,22,9,121.5254099,25.0553854
111,9,8,18,55,2,03中山區,中山區林森北路282號,0,0,2,2,C03,7,3,5,50,4,1,1,5,4,5,7,4,4,9,5,5,2,17,1,39,2,9,1,1,7,9,1,10,1,11,,14,6,1,22,9,121.5254099,25.0553854
111,9,8,19,0,2,03中山區,中山區濱江街199巷12號,0,0,2,1,C03,8,3,5,50,14,9,1,5,4,5,7,4,4,10,4,5,2,16,1,22,2,9,1,1,7,1,1,10,1,14,,19,19,1,22,9,121.5399153,25.07305133
111,9,8,19,0,2,03中山區,中山區濱江街199巷12號,0,0,2,2,C03,8,3,5,50,14,9,1,5,4,5,7,4,4,10,4,5,2,16,2,38,2,9,1,1,7,9,1,10,1,11,,44,19,1,22,9,121.5399153,25.07305133
111,9,8,19,8,2,02萬華區,萬華區東園街181號,0,0,2,1,C03,8,3,5,40,14,9,1,5,4,5,7,4,4,8,5,5,2,17,1,69,2,9,1,1,7,1,1,10,1,14,,19,19,1,22,9,121.4975226,25.02374926
111,9,8,19,8,2,02萬華區,萬華區東園街181號,0,0,2,2,C03,8,3,5,40,14,9,1,5,4,5,7,4,4,8,5,5,2,17,1,58,2,8,1,1,7,9,1,10,1,11,,44,19,1,22,9,121.4975226,25.02374926
111,9,8,19,15,2,11南港區,南港區忠孝東路6段248號對面,0,0,1,1,B01,8,3,5,50,14,9,1,5,4,5,7,1,1,10,5,5,2,12,1,62,3,10,3,4,7,10,1,4,1,2,,7,7,1,22,9,121.58813,25.04913225
111,9,8,19,15,2,11南港區,南港區忠孝東路6段248號對面,0,0,1,2,C03,8,3,5,50,14,9,1,5,4,5,7,1,1,10,5,5,2,12,1,50,2,9,3,4,7,9,1,10,1,14,,44,7,1,22,9,121.58813,25.04913225
111,9,8,19,30,2,12內湖區,內湖區文德路22巷32號,0,0,1,1,H01,8,3,5,30,14,9,1,5,4,5,7,4,4,10,5,5,2,6,1,6,3,10,4,5,8,18,8,20,10,16,,53,53,1,22,9,121.5800278,25.07687853
111,9,8,19,30,2,12內湖區,內湖區文德路22巷32號,0,0,1,2,C03,8,3,5,30,14,9,1,5,4,5,7,4,4,10,5,5,2,6,1,30,2,9,1,1,7,9,1,10,1,14,,44,53,1,22,9,121.5800278,25.07687853
111,9,8,19,30,2,11南港區,南港區忠孝東路6段124號與忠孝東路6段口,0,0,2,1,C03,8,3,5,50,4,4,1,5,4,5,7,2,1,1,4,5,2,13,1,62,2,9,1,1,7,9,1,10,1,11,,23,23,1,22,9,121.585026,25.0478151
111,9,8,19,30,2,11南港區,南港區忠孝東路6段124號與忠孝東路6段口,0,0,2,2,C03,8,3,5,50,4,4,1,5,4,5,7,2,1,1,4,5,2,13,2,51,2,9,1,1,7,8,1,10,1,15,,7,23,1,22,9,121.585026,25.0478151
111,9,8,19,45,2,04大安區,大安區信義路4段與安和路2段口,0,0,3,1,C03,8,1,5,50,5,1,1,5,4,5,7,4,4,1,5,5,2,13,1,62,2,9,1,1,7,9,4,11,1,11,,16,16,1,22,9,121.552401,25.03310671
111,9,8,19,45,2,04大安區,大安區信義路4段與安和路2段口,0,0,3,2,C03,8,1,5,50,5,1,1,5,4,5,7,4,4,1,5,5,2,13,1,59,3,10,1,1,7,14,1,9,1,13,,44,16,1,22,9,121.552401,25.03310671
111,9,8,19,45,2,04大安區,大安區信義路4段與安和路2段口,0,0,3,3,H02,8,1,5,50,5,1,1,5,4,5,7,4,4,1,5,5,2,13,2,61,2,9,1,5,7,21,8,20,10,16,,67,16,1,22,9,121.552401,25.03310671
111,9,8,19,45,2,04大安區,大安區信義路4段與安和路2段口,0,0,3,4,H02,8,1,5,50,5,1,1,5,4,5,7,4,4,1,5,5,2,13,2,55,2,9,1,5,7,21,8,20,10,16,,67,16,1,22,9,121.552401,25.03310671
111,9,8,20,29,2,03中山區,中山區中山北路2段63號,0,0,1,1,C03,8,3,5,50,14,8,1,5,4,5,7,4,4,1,4,1,2,12,1,25,2,9,1,1,7,9,1,10,9,12,,23,23,1,22,9,121.5229576,25.05693106
111,9,8,20,29,2,03中山區,中山區中山北路2段63號,0,0,1,2,C03,8,3,5,50,14,8,1,5,4,5,7,4,4,1,4,1,2,12,4,,4,11,3,4,7,15,7,19,11,15,,43,23,2,22,9,121.5229576,25.05693106
111,9,8,20,29,2,03中山區,中山區中山北路2段63號,0,0,1,3,B03,8,3,5,50,14,8,1,5,4,5,7,4,4,1,4,1,2,12,1,64,4,11,3,4,7,7,1,8,11,15,,43,23,2,22,9,121.5229576,25.05693106
111,9,8,20,29,2,03中山區,中山區中山北路2段63號,0,0,1,4,B01,8,3,5,50,14,8,1,5,4,5,7,4,4,1,4,1,2,12,1,49,4,11,3,4,7,14,1,4,11,15,,43,23,2,22,9,121.5229576,25.05693106
111,9,8,20,32,2,01大同區,大同區台北橋與台北橋口往台北機慢車道,0,0,2,1,F01,7,3,5,40,10,9,1,5,4,5,7,4,4,1,4,5,2,17,4,,4,11,3,4,7,15,7,19,11,15,,43,43,2,22,9,121.5088181,25.0632456
111,9,8,20,32,2,01大同區,大同區台北橋與台北橋口往台北機慢車道,0,0,2,2,C03,7,3,5,40,10,9,1,5,4,5,7,4,4,1,4,5,2,17,1,19,2,9,1,1,7,9,1,10,1,11,,16,43,1,22,9,121.5088181,25.0632456
111,9,8,20,32,2,01大同區,大同區台北橋與台北橋口往台北機慢車道,0,0,2,3,C03,7,3,5,40,10,9,1,5,4,5,7,4,4,1,4,5,2,17,2,20,2,8,1,1,7,9,1,10,1,13,,44,43,1,22,9,121.5088181,25.0632456
111,9,8,21,24,2,07信義區,信義區忠孝東路5段372巷29弄與忠孝東路5段372巷口,0,0,1,1,C03,8,3,5,30,4,1,1,5,4,5,7,4,4,10,5,5,2,15,2,38,2,9,3,4,7,9,1,10,1,14,,6,6,1,22,9,121.5739891,25.0389306
111,9,8,21,24,2,07信義區,信義區忠孝東路5段372巷29弄與忠孝東路5段372巷口,0,0,1,2,B01,8,3,5,30,4,1,1,5,4,5,7,4,4,10,5,5,2,15,1,69,3,10,3,4,7,9,1,4,1,1,,14,6,1,22,9,121.5739891,25.0389306
111,9,8,21,50,2,08士林區,士林區通河西街2段232號,0,0,2,1,F01,8,3,5,50,14,9,1,5,4,5,7,4,4,9,5,5,2,17,1,32,2,8,1,1,7,9,8,20,7,16,,21,21,1,21,8,121.5005369,25.09388322
111,9,8,21,50,2,08士林區,士林區通河西街2段232號,0,0,2,2,C03,8,3,5,50,14,9,1,5,4,5,7,4,4,9,5,5,2,17,1,19,2,8,1,1,7,9,1,10,2,11,,23,21,1,21,8,121.5005369,25.09388322
111,9,8,22,15,2,07信義區,信義區松山路與松山路541巷口,0,0,1,1,C03,8,1,5,30,4,2,1,5,4,5,7,2,1,5,2,5,2,9,1,34,3,10,1,1,7,5,1,10,1,11,,15,15,1,22,9,121.578224,25.0376747
111,9,8,22,15,2,07信義區,信義區松山路與松山路541巷口,0,0,1,2,H01,8,1,5,30,4,2,1,5,4,5,7,2,1,5,2,5,2,9,1,52,2,8,4,5,8,16,8,20,10,16,,67,15,1,22,9,121.578224,25.0376747
111,9,8,23,11,2,05中正區,中正區愛國西路與中華路1段口,0,0,4,1,E01,8,3,5,50,5,1,1,5,4,5,7,1,1,1,3,4,2,15,1,23,2,7,1,1,7,9,1,4,2,2,,25,25,1,22,9,121.5070004,25.03743767
111,9,8,23,11,2,05中正區,中正區愛國西路與中華路1段口,0,0,4,2,B01,8,3,5,50,5,1,1,5,4,5,7,1,1,1,3,4,2,15,1,53,2,2,1,1,7,9,1,4,2,1,,25,25,1,22,9,121.5070004,25.03743767
111,9,8,23,11,2,05中正區,中正區愛國西路與中華路1段口,0,0,4,3,H02,8,3,5,50,5,1,1,5,4,5,7,1,1,1,3,4,2,15,1,63,2,9,1,1,7,21,8,20,10,16,,67,25,1,22,9,121.5070004,25.03743767
111,9,8,23,11,2,05中正區,中正區愛國西路與中華路1段口,0,0,4,4,H02,8,3,5,50,5,1,1,5,4,5,7,1,1,1,3,4,2,15,2,27,2,7,1,5,7,21,8,20,10,16,,67,25,1,22,9,121.5070004,25.03743767
111,9,9,0,45,2,03中山區,中山區中山北路2段與民權西路口,0,0,1,1,B01,8,3,5,50,4,1,1,5,4,5,7,2,1,1,4,1,2,16,1,47,3,10,1,1,7,5,1,2,2,2,,6,6,1,22,9,121.5225298,25.06276086
111,9,9,0,45,2,03中山區,中山區中山北路2段與民權西路口,0,0,1,2,C03,8,3,5,50,4,1,1,5,4,5,7,2,1,1,4,1,2,16,1,22,2,9,1,1,7,9,1,10,11,11,,23,6,1,22,9,121.5225298,25.06276086
111,9,9,1,41,2,03中山區,中山區中山北路2段與南京東路2段口,0,0,6,1,B01,8,3,5,50,4,2,1,5,4,5,7,1,1,1,3,5,1,11,1,69,3,10,1,1,7,5,1,4,2,2,,8,8,1,22,9,121.5224039,25.05232175
111,9,9,1,41,2,03中山區,中山區中山北路2段與南京東路2段口,0,0,6,2,C03,8,3,5,50,4,2,1,5,4,5,7,1,1,1,3,5,1,11,1,24,2,1,1,1,7,9,1,10,2,11,,44,8,1,22,9,121.5224039,25.05232175
111,9,9,1,41,2,03中山區,中山區中山北路2段與南京東路2段口,0,0,6,3,H02,8,3,5,50,4,2,1,5,4,5,7,1,1,1,3,5,1,11,2,21,2,8,4,5,7,17,8,20,10,16,,67,8,1,22,9,121.5224039,25.05232175
111,9,9,1,41,2,03中山區,中山區中山北路2段與南京東路2段口,0,0,6,4,H02,8,3,5,50,4,2,1,5,4,5,7,1,1,1,3,5,1,11,1,25,2,1,4,5,7,17,8,20,10,16,,67,8,1,22,9,121.5224039,25.05232175
111,9,9,1,41,2,03中山區,中山區中山北路2段與南京東路2段口,0,0,6,5,H02,8,3,5,50,4,2,1,5,4,5,7,1,1,1,3,5,1,11,1,25,2,1,4,5,7,17,8,20,10,16,,67,8,1,22,9,121.5224039,25.05232175
111,9,9,1,41,2,03中山區,中山區中山北路2段與南京東路2段口,0,0,6,6,H02,8,3,5,50,4,2,1,5,4,5,7,1,1,1,3,5,1,11,1,31,2,1,4,5,7,17,8,20,10,16,,67,8,1,22,9,121.5224039,25.05232175
111,9,9,1,41,2,03中山區,中山區中山北路2段與南京東路2段口,0,0,6,7,H02,8,3,5,50,4,2,1,5,4,5,7,1,1,1,3,5,1,11,1,27,2,1,4,5,7,17,8,20,10,16,,67,8,1,22,9,121.5224039,25.05232175
111,9,9,4,10,2,02萬華區,萬華區光復橋往新北市(燈桿編號:003030號),0,0,2,1,C03,8,3,5,50,11,9,1,5,4,5,7,4,4,3,2,5,2,16,1,18,2,9,1,1,7,8,1,10,2,14,,7,7,1,22,9,121.4900547,25.02418732
111,9,9,4,10,2,02萬華區,萬華區光復橋往新北市(燈桿編號:003030號),0,0,2,2,B03,8,3,5,50,11,9,1,5,4,5,7,4,4,3,2,5,2,16,1,36,3,10,1,1,7,6,1,8,2,5,,13,7,1,22,9,121.4900547,25.02418732
111,9,9,4,10,2,02萬華區,萬華區光復橋往新北市(燈桿編號:003030號),0,0,2,3,H02,8,3,5,50,11,9,1,5,4,5,7,4,4,3,2,5,2,16,1,17,2,9,4,5,7,20,8,20,10,16,,67,7,1,22,9,121.4900547,25.02418732
111,9,9,4,15,2,05中正區,中正區愛國西路與羅斯福路1段口,0,0,1,1,B03,8,3,5,50,5,1,1,5,4,5,7,2,1,1,4,1,2,12,1,32,3,10,1,1,7,6,1,8,1,5,,9,9,1,22,9,121.5169044,25.0344905
111,9,9,4,15,2,05中正區,中正區愛國西路與羅斯福路1段口,0,0,1,2,C03,8,3,5,50,5,1,1,5,4,5,7,2,1,1,4,1,2,12,2,52,2,4,1,1,7,9,1,10,1,14,,44,9,1,22,9,121.5169044,25.0344905
111,9,9,5,45,2,02萬華區,萬華區中華路2段與廣州街口,0,0,2,1,B01,8,1,5,50,4,1,1,5,4,5,7,2,1,2,5,5,1,17,1,63,2,1,1,4,7,5,1,8,1,5,,42,42,1,22,9,121.5064407,25.03605302
111,9,9,5,45,2,02萬華區,萬華區中華路2段與廣州街口,0,0,2,2,B01,8,1,5,50,4,1,1,5,4,5,7,2,1,2,5,5,1,17,1,46,2,9,1,4,7,9,1,8,1,1,,44,42,1,22,9,121.5064407,25.03605302
111,9,9,6,3,2,08士林區,士林區大南路與中正路口,0,0,1,1,B03,8,1,5,50,3,1,1,5,4,5,1,4,4,10,5,5,1,16,1,56,3,10,1,1,7,6,1,8,2,6,,6,6,1,22,9,121.5157052,25.0904359
111,9,9,6,3,2,08士林區,士林區大南路與中正路口,0,0,1,2,C03,8,1,5,50,3,1,1,5,4,5,1,4,4,10,5,5,1,16,1,47,2,9,1,1,7,6,1,10,2,14,,44,6,1,22,9,121.5157052,25.0904359
111,9,9,7,56,2,10文山區,文山區老泉街燈桿039號,0,0,1,1,B03,8,1,5,40,11,9,1,5,4,5,1,4,4,9,4,5,2,17,2,56,3,10,3,4,7,5,1,8,2,15,,23,23,1,22,9,121.5589618,24.97926128
111,9,9,7,56,2,10文山區,文山區老泉街燈桿039號,0,0,1,2,C03,8,1,5,40,11,9,1,5,4,5,1,4,4,9,4,5,2,17,1,30,2,9,3,4,7,6,1,10,2,14,,42,23,1,22,9,121.5589618,24.97926128
111,9,9,8,13,2,08士林區,士林區通河街2巷與通河街2巷26弄口,0,0,1,1,B03,8,1,5,30,3,1,1,5,4,5,7,4,4,5,5,5,1,17,1,48,3,10,1,1,7,5,1,8,1,8,,26,26,1,22,9,121.5231384,25.07880242
111,9,9,8,13,2,08士林區,士林區通河街2巷與通河街2巷26弄口,0,0,1,2,C03,8,1,5,30,3,1,1,5,4,5,7,4,4,5,5,5,1,17,2,22,2,9,1,1,7,9,1,10,1,11,,14,26,1,22,9,121.5231384,25.07880242
111,9,9,8,51,2,06松山區,松山區民權東路3段126號,0,0,1,1,C03,8,1,5,50,14,9,1,5,4,5,7,4,4,1,4,5,2,17,2,41,3,10,3,4,7,7,6,10,1,15,,7,7,1,22,9,121.5459643,25.06200368
111,9,9,8,51,2,06松山區,松山區民權東路3段126號,0,0,1,2,C03,8,1,5,50,14,9,1,5,4,5,7,4,4,1,4,5,2,17,1,35,2,9,3,4,7,9,1,10,1,14,,42,7,1,22,9,121.5459643,25.06200368
111,9,9,9,0,2,08士林區,士林區萬溪產業道路3+400K(358號燈桿),0,0,1,1,F01,8,1,5,30,14,9,1,5,4,5,1,4,4,10,5,5,1,16,1,40,2,9,1,1,7,6,8,20,1,16,,44,44,1,22,9,121.5962624,25.12982428
111,9,9,9,0,2,08士林區,士林區萬溪產業道路3+400K(358號燈桿),0,0,1,2,B03,8,1,5,30,14,9,1,5,4,5,1,4,4,10,5,5,1,16,1,18,3,10,1,1,7,9,1,8,1,4,,5,44,1,22,9,121.5962624,25.12982428
111,9,9,9,10,2,10文山區,文山區萬慶街與景福街135巷口附近,0,0,2,1,C03,8,1,5,30,14,9,1,5,4,5,7,4,4,9,5,5,2,17,2,19,2,9,1,1,7,9,1,10,1,12,,42,42,1,22,9,121.5357882,24.99594533
111,9,9,9,10,2,10文山區,文山區萬慶街與景福街135巷口附近,0,0,2,2,F01,8,1,5,30,14,9,1,5,4,5,7,4,4,9,5,5,2,17,1,95,2,9,1,1,7,9,8,20,1,16,,42,42,1,22,9,121.5357882,24.99594533
111,9,9,9,13,2,02萬華區,萬華區華中橋往新北市機車道(近華中37牌面),0,0,2,1,C03,8,1,7,40,14,11,1,5,4,5,7,4,4,10,5,5,1,12,1,34,2,9,1,4,7,9,1,10,1,11,,13,13,1,22,9,121.4953566,25.01127355
111,9,9,9,13,2,02萬華區,萬華區華中橋往新北市機車道(近華中37牌面),0,0,2,2,C03,8,1,7,40,14,11,1,5,4,5,7,4,4,10,5,5,1,12,1,39,2,9,1,4,7,7,1,10,1,13,,7,13,1,22,9,121.4953566,25.01127355
111,9,9,9,56,2,07信義區,信義區市民大道6段與松山路口,0,0,2,1,C03,8,1,5,40,4,1,1,5,4,5,7,2,1,10,4,5,1,16,2,25,2,9,3,4,7,5,1,10,1,14,,6,6,1,22,9,121.5776904,25.0489401
111,9,9,9,56,2,07信義區,信義區市民大道6段與松山路口,0,0,2,2,C03,8,1,5,40,4,1,1,5,4,5,7,2,1,10,4,5,1,16,2,30,2,9,3,4,7,9,6,10,1,12,,13,6,1,22,9,121.5776904,25.0489401
111,9,9,10,8,2,09北投區,北投區中央北路3段與中央北路3段148巷口,0,0,1,1,C03,8,1,5,50,14,9,1,5,4,5,7,4,4,5,4,5,2,18,2,72,2,9,1,1,7,1,4,8,1,12,,13,13,1,22,9,121.4826371,25.1371125
111,9,9,10,8,2,09北投區,北投區中央北路3段與中央北路3段148巷口,0,0,1,2,,8,1,5,50,14,9,1,5,4,5,7,4,4,5,4,5,2,18,3,,,,,,,,,,,,,67,13,1,,,121.4826371,25.1371125
111,9,9,10,30,2,04大安區,大安區辛亥路3段與辛亥路3段口往西方向,0,0,2,1,C03,8,1,5,50,3,4,1,5,4,5,7,2,1,8,3,5,1,13,1,26,2,8,1,1,7,9,1,10,1,11,,23,23,1,21,5,121.5525443,25.01483356
111,9,9,10,30,2,04大安區,大安區辛亥路3段與辛亥路3段口往西方向,0,0,2,2,C03,8,1,5,50,3,4,1,5,4,5,7,2,1,8,3,5,1,13,1,22,2,7,1,1,7,14,1,10,1,13,,44,23,1,21,5,121.5525443,25.01483356
111,9,9,10,35,2,04大安區,大安區和平東路1段與羅斯福路2段口,0,0,2,1,C03,8,1,5,50,4,1,1,5,4,5,7,2,1,10,5,5,2,17,1,43,2,9,1,4,7,9,1,10,11,12,,23,23,1,22,9,121.5223767,25.0270008
111,9,9,10,35,2,04大安區,大安區和平東路1段與羅斯福路2段口,0,0,2,2,C03,8,1,5,50,4,1,1,5,4,5,7,2,1,10,5,5,2,17,1,54,2,9,1,4,7,9,6,18,11,13,,44,23,1,22,9,121.5223767,25.0270008
111,9,9,10,54,2,01大同區,大同區錦西街與錦西街52巷口,0,0,1,1,C04,8,1,5,30,3,1,1,5,4,5,7,4,4,5,5,5,2,16,2,53,2,9,1,1,7,5,1,11,1,13,,6,6,1,22,9,121.5198022,25.0603174
111,9,9,10,54,2,01大同區,大同區錦西街與錦西街52巷口,0,0,1,2,B03,8,1,5,30,3,1,1,5,4,5,7,4,4,5,5,5,2,16,1,38,3,10,1,1,7,9,1,8,1,8,,23,6,1,22,9,121.5198022,25.0603174
111,9,9,11,5,2,12內湖區,內湖區新明路266號,0,0,1,1,B03,8,1,5,50,3,1,1,5,4,5,7,4,4,9,4,4,2,11,1,58,3,10,1,1,7,5,1,8,1,1,,6,6,1,22,9,121.5832881,25.05647931
111,9,9,11,5,2,12內湖區,內湖區新明路266號,0,0,1,2,C03,8,1,5,50,3,1,1,5,4,5,7,4,4,9,4,4,2,11,2,23,2,9,1,1,7,9,1,10,1,14,,14,6,1,22,9,121.5832881,25.05647931
111,9,9,11,30,2,02萬華區,萬華區雙園街92號,0,0,3,1,C03,8,1,5,30,14,9,1,5,4,5,7,4,4,8,5,5,2,12,2,40,2,8,1,3,7,5,1,10,1,14,,8,8,1,22,9,121.4929726,25.0308581
111,9,9,11,30,2,02萬華區,萬華區雙園街92號,0,0,3,2,C03,8,1,5,30,14,9,1,5,4,5,7,4,4,8,5,5,2,12,1,70,3,10,1,1,7,9,3,18,1,12,,44,8,1,22,9,121.4929726,25.0308581
111,9,9,11,30,2,02萬華區,萬華區雙園街92號,0,0,3,3,H02,8,1,5,30,14,9,1,5,4,5,7,4,4,8,5,5,2,12,2,63,2,8,4,5,7,20,8,20,10,16,,67,8,1,22,9,121.4929726,25.0308581
111,9,9,11,30,2,02萬華區,萬華區雙園街92號,0,0,3,4,H02,8,1,5,30,14,9,1,5,4,5,7,4,4,8,5,5,2,12,2,66,2,8,4,5,7,20,8,20,10,16,,67,8,1,22,9,121.4929726,25.0308581
111,9,9,11,37,2,02萬華區,萬華區萬板大橋往台北市機車道下橋處,0,0,1,1,C04,8,1,7,50,15,11,1,5,4,5,7,1,1,10,5,5,2,16,2,40,3,10,3,4,7,8,1,8,1,12,,7,7,1,22,9,121.4913316,25.02915456
111,9,9,11,37,2,02萬華區,萬華區萬板大橋往台北市機車道下橋處,0,0,1,2,C03,8,1,7,50,15,11,1,5,4,5,7,1,1,10,5,5,2,16,2,48,2,9,3,4,7,9,1,10,1,14,,42,7,1,22,9,121.4913316,25.02915456