發生年度,發生月,發生日,發生時-Hours,發生分,處理別-編號,區序,肇事地點,死亡人數,2-30日死亡人數,受傷人數,當事人序號,車種,天候,光線,道路類別,速限-速度限制,道路型態,事故位置,路面狀況1,路面狀況2,路面狀況3,道路障礙1,道路障礙2,號誌1,號誌2,車道劃分-分向,車道劃分-分道1,車道劃分-分道2,車道劃分-分道3,事故類型及型態,性別,年齡,受傷程度,主要傷處,安全帽,行動電話,車輛用途,當事者行動狀態,駕駛資格情形,駕駛執照種類,飲酒情形,車輛撞擊部位1,車輛撞擊部位2,肇因碼-個別,肇因碼-主要,個人肇逃否,職業,旅次目的,座標-X,座標-Y
111,9,9,11,43,2,10文山區,文山區萬壽路與指南路2段197巷口,0,0,1,1,C03,8,1,5,30,3,1,1,5,4,5,7,3,1,5,3,5,2,16,2,25,3,10,3,4,7,5,1,10,1,11,,6,6,1,22,9,121.5776399,24.98877398
111,9,9,11,43,2,10文山區,文山區萬壽路與指南路2段197巷口,0,0,1,2,C03,8,1,5,30,3,1,1,5,4,5,7,3,1,5,3,5,2,16,1,65,2,8,3,4,7,9,1,10,1,11,,42,6,1,22,9,121.5776399,24.98877398
111,9,9,11,50,2,03中山區,中山區長安東路1段53巷與林森北路107巷口,0,0,1,1,B11,8,1,5,30,4,1,1,5,4,5,7,4,4,10,5,5,2,17,1,39,3,10,1,1,7,5,1,8,1,2,,6,6,1,22,9,121.5267205,25.04993416
111,9,9,11,50,2,03中山區,中山區長安東路1段53巷與林森北路107巷口,0,0,1,2,C03,8,1,5,30,4,1,1,5,4,5,7,4,4,10,5,5,2,17,1,45,2,9,1,1,7,9,1,10,1,12,14,14,6,1,22,9,121.5267205,25.04993416
111,9,9,12,0,2,03中山區,中山區北安路與大直橋口,0,0,1,1,B03,8,1,5,50,4,1,1,5,4,5,7,1,1,1,4,5,2,12,2,40,3,10,1,1,7,8,1,8,1,2,,7,7,1,22,9,121.5445493,25.0797587
111,9,9,12,0,2,03中山區,中山區北安路與大直橋口,0,0,1,2,C03,8,1,5,50,4,1,1,5,4,5,7,1,1,1,4,5,2,12,2,64,2,9,1,1,7,5,1,10,1,14,,8,7,1,22,9,121.5445493,25.0797587
111,9,9,12,0,2,12內湖區,內湖區民權東路6段與民權東路6段296巷口,0,0,2,1,B03,8,1,5,50,3,2,1,5,4,5,7,1,1,1,4,5,2,12,2,28,3,10,1,1,7,6,1,8,1,6,,9,9,1,22,9,121.6052191,25.07249979
111,9,9,12,0,2,12內湖區,內湖區民權東路6段與民權東路6段296巷口,0,0,2,2,C04,8,1,5,50,3,2,1,5,4,5,7,1,1,1,4,5,2,12,1,28,2,9,1,1,7,9,1,10,1,14,,44,9,1,22,9,121.6052191,25.07249979
111,9,9,12,0,2,12內湖區,內湖區民權東路6段與民權東路6段296巷口,0,0,2,3,H02,8,1,5,50,3,2,1,5,4,5,7,1,1,1,4,5,2,12,1,29,2,9,1,5,7,21,8,20,10,15,,67,9,1,22,9,121.6052191,25.07249979
111,9,9,12,1,2,02萬華區,萬華區環河南路1段344號,0,0,2,1,B03,8,1,5,50,15,9,1,5,4,5,1,4,4,1,5,5,2,16,1,55,3,10,1,4,7,5,1,8,1,5,,17,17,1,22,9,121.4979271,25.04035254
111,9,9,12,1,2,02萬華區,萬華區環河南路1段344號,0,0,2,2,C03,8,1,5,50,15,9,1,5,4,5,1,4,4,1,5,5,2,16,1,35,2,8,1,4,7,5,1,10,1,14,,17,17,1,22,9,121.4979271,25.04035254
111,9,9,12,1,2,02萬華區,萬華區環河南路1段344號,0,0,2,3,H02,8,1,5,50,15,9,1,5,4,5,1,4,4,1,5,5,2,16,1,35,2,8,1,5,7,20,8,20,10,16,,67,17,1,22,9,121.4979271,25.04035254
111,9,9,12,3,2,10文山區,文山區興隆路2段203巷58號,0,0,1,1,B03,8,1,5,30,14,9,1,5,4,5,7,4,4,10,5,5,2,17,2,62,3,10,1,1,7,14,1,8,1,2,,38,38,1,22,9,121.5474594,25.00265864
111,9,9,12,3,2,10文山區,文山區興隆路2段203巷58號,0,0,1,2,C03,8,1,5,30,14,9,1,5,4,5,7,4,4,10,5,5,2,17,1,66,2,9,1,1,7,9,1,10,1,14,,44,38,1,22,9,121.5474594,25.00265864
111,9,9,12,3,2,10文山區,文山區興隆路2段203巷58號,0,0,1,3,B03,8,1,5,30,14,9,1,5,4,5,7,4,4,10,5,5,2,17,1,59,3,10,3,4,7,13,1,8,11,4,,44,38,1,22,9,121.5474594,25.00265864
111,9,9,12,3,2,10文山區,文山區興隆路2段203巷58號,0,0,1,4,H02,8,1,5,30,14,9,1,5,4,5,7,4,4,10,5,5,2,17,2,66,3,10,4,5,7,19,8,20,10,16,,56,38,1,22,9,121.5474594,25.00265864
111,9,9,12,5,2,08士林區,士林區格致路與建業路口,0,0,2,1,B12,8,1,5,40,3,1,1,5,4,5,7,2,1,5,5,5,2,17,1,56,3,10,1,1,7,5,1,8,2,6,,6,6,1,22,9,121.546113,25.1356257
111,9,9,12,5,2,08士林區,士林區格致路與建業路口,0,0,2,2,C03,8,1,5,40,3,1,1,5,4,5,7,2,1,5,5,5,2,17,1,64,2,9,1,1,7,9,1,10,2,11,,44,6,1,22,9,121.546113,25.1356257
111,9,9,12,5,2,08士林區,士林區格致路與建業路口,0,0,2,3,H02,8,1,5,40,3,1,1,5,4,5,7,2,1,5,5,5,2,17,2,60,2,9,1,5,7,20,8,20,10,16,,67,6,1,22,9,121.546113,25.1356257
111,9,9,12,28,2,02萬華區,萬華區大理街160巷26弄8號,0,0,1,1,B03,8,1,5,30,14,9,1,5,4,5,7,4,4,8,5,5,2,17,1,33,3,10,1,1,7,1,1,8,1,8,,19,19,1,22,9,121.494112,25.03201476
111,9,9,12,28,2,02萬華區,萬華區大理街160巷26弄8號,0,0,1,2,C03,8,1,5,30,14,9,1,5,4,5,7,4,4,8,5,5,2,17,1,42,2,9,1,1,7,9,1,10,1,12,,44,19,1,22,9,121.494112,25.03201476
111,9,9,12,40,2,04大安區,大安區辛亥路2段與復興南路2段口,0,0,1,1,B03,8,1,5,50,5,2,1,5,4,5,7,4,4,1,5,4,2,12,2,74,3,10,1,1,7,9,1,8,2,2,,17,17,1,22,9,121.5431202,25.0210507
111,9,9,12,40,2,04大安區,大安區辛亥路2段與復興南路2段口,0,0,1,2,C03,8,1,5,50,5,2,1,5,4,5,7,4,4,1,5,4,2,12,1,31,2,9,1,1,7,9,1,10,2,14,,17,17,1,22,9,121.5431202,25.0210507
111,9,9,12,46,2,03中山區,中山區民權東路3段60巷與民權東路3段口,0,0,2,1,C03,8,1,5,50,4,1,1,5,4,5,7,1,1,1,4,5,2,16,1,74,2,9,1,1,7,9,1,10,1,12,,25,25,1,22,9,121.5425305,25.062411
111,9,9,12,46,2,03中山區,中山區民權東路3段60巷與民權東路3段口,0,0,2,2,B02,8,1,5,50,4,1,1,5,4,5,7,1,1,1,4,5,2,16,2,23,3,10,3,4,7,9,1,8,1,1,,44,25,1,22,9,121.5425305,25.062411
111,9,9,12,46,2,03中山區,中山區民權東路3段60巷與民權東路3段口,0,0,2,3,H02,8,1,5,50,4,1,1,5,4,5,7,1,1,1,4,5,2,16,2,62,2,9,1,5,7,17,8,20,1,16,,67,25,1,22,9,121.5425305,25.062411
111,9,9,12,58,2,02萬華區,萬華區中華路2段416巷與中華路2段416巷66弄口,0,0,1,1,C03,8,1,5,30,3,1,1,5,4,5,7,4,4,5,5,5,2,16,1,48,3,10,1,1,7,5,1,10,1,11,,6,6,1,22,9,121.5040695,25.02707084
111,9,9,12,58,2,02萬華區,萬華區中華路2段416巷與中華路2段416巷66弄口,0,0,1,2,C03,8,1,5,30,3,1,1,5,4,5,7,4,4,5,5,5,2,16,1,33,2,9,1,1,7,9,1,10,1,12,,23,6,1,22,9,121.5040695,25.02707084
111,9,9,13,5,2,06松山區,松山區敦化北路158號,0,0,1,1,B02,8,1,5,30,14,9,1,5,4,5,7,4,4,1,4,5,2,17,1,39,3,10,1,1,7,7,1,8,2,4,,7,7,1,22,9,121.5487549,25.05571797
111,9,9,13,5,2,06松山區,松山區敦化北路158號,0,0,1,2,C03,8,1,5,30,14,9,1,5,4,5,7,4,4,1,4,5,2,17,1,39,2,9,1,1,7,9,1,10,2,12,,44,7,1,22,9,121.5487549,25.05571797
111,9,9,13,27,2,01大同區,大同區承德路3段與民族西路口,0,0,3,1,C03,8,1,5,50,4,1,1,5,4,5,7,1,1,1,4,5,2,13,1,20,2,9,1,1,7,9,1,10,1,11,,16,16,1,22,9,121.5183398,25.06855296
111,9,9,13,27,2,01大同區,大同區承德路3段與民族西路口,0,0,3,2,C03,8,1,5,50,4,1,1,5,4,5,7,1,1,1,4,5,2,13,1,27,2,9,1,1,7,9,1,10,1,13,,44,16,1,22,9,121.5183398,25.06855296
111,9,9,13,27,2,01大同區,大同區承德路3段與民族西路口,0,0,3,3,H02,8,1,5,50,4,1,1,5,4,5,7,1,1,1,4,5,2,13,1,19,2,9,1,5,7,21,8,20,10,16,,67,16,1,22,9,121.5183398,25.06855296
111,9,9,13,27,2,04大安區,大安區大安路1段75巷與忠孝東路4段77巷口,0,0,1,1,C04,8,1,5,30,4,1,1,5,4,5,7,4,4,10,5,5,2,15,1,33,2,9,1,1,7,9,1,10,1,11,,6,6,1,22,9,121.5471649,25.04216968
111,9,9,13,27,2,04大安區,大安區大安路1段75巷與忠孝東路4段77巷口,0,0,1,2,B03,8,1,5,30,4,1,1,5,4,5,7,4,4,10,5,5,2,15,1,56,3,10,1,1,7,9,1,8,1,4,,13,6,1,22,9,121.5471649,25.04216968
111,9,9,13,46,2,03中山區,中山區長春路與吉林路口,0,0,2,1,C03,8,1,5,50,4,2,1,5,4,5,7,1,1,5,4,5,2,12,2,53,2,8,1,1,7,7,1,10,1,14,11,7,7,1,22,9,121.5301218,25.05492959
111,9,9,13,46,2,03中山區,中山區長春路與吉林路口,0,0,2,2,C03,8,1,5,50,4,2,1,5,4,5,7,1,1,5,4,5,2,12,1,29,2,9,1,1,7,9,1,10,1,12,,44,7,1,22,9,121.5301218,25.05492959
111,9,9,14,5,2,09北投區,北投區承德路6段與福國路口口硯仔港公園前,0,0,1,1,A12,8,1,5,60,14,7,1,5,4,5,7,4,4,1,4,4,2,13,1,55,3,10,1,1,7,9,1,3,2,1,,16,16,1,22,9,121.5123955,25.0999775
111,9,9,14,5,2,09北投區,北投區承德路6段與福國路口口硯仔港公園前,0,0,1,2,B01,8,1,5,60,14,7,1,5,4,5,7,4,4,1,4,4,2,13,1,55,2,1,1,1,7,14,1,8,2,3,,44,16,1,22,9,121.5123955,25.0999775
111,9,9,14,5,2,09北投區,北投區承德路6段與福國路口口硯仔港公園前,0,0,1,3,B03,8,1,5,60,14,7,1,5,4,5,7,4,4,1,4,4,2,13,1,66,3,10,1,1,7,14,1,8,2,3,,44,16,1,22,9,121.5123955,25.0999775
111,9,9,14,58,2,05中正區,中正區林森北路近市民大道2段,0,0,1,1,B03,8,1,5,50,14,9,1,5,4,5,7,4,4,5,4,5,2,16,1,59,3,10,1,1,7,8,1,8,2,5,,7,7,1,22,9,121.5239069,25.0471453
111,9,9,14,58,2,05中正區,中正區林森北路近市民大道2段,0,0,1,2,C03,8,1,5,50,14,9,1,5,4,5,7,4,4,5,4,5,2,16,2,25,2,9,1,1,7,9,1,10,2,14,,44,7,1,22,9,121.5239069,25.0471453
111,9,9,14,59,2,01大同區,大同區重慶北路3段236巷與迪化街2段口,0,0,3,1,C03,8,1,5,0,4,1,1,5,4,5,7,4,4,10,5,5,1,16,1,33,2,9,3,4,7,9,1,10,1,14,,6,6,1,22,9,121.5116532,25.0705936
111,9,9,14,59,2,01大同區,大同區重慶北路3段236巷與迪化街2段口,0,0,3,2,C03,8,1,5,0,4,1,1,5,4,5,7,4,4,10,5,5,1,16,1,20,2,9,3,4,7,9,1,10,1,12,,23,6,1,22,9,121.5116532,25.0705936
111,9,9,14,59,2,01大同區,大同區重慶北路3段236巷與迪化街2段口,0,0,3,3,B03,8,1,5,0,4,1,1,5,4,5,7,4,4,10,5,5,1,16,4,,4,11,3,4,7,15,7,19,11,15,,38,6,2,22,9,121.5116532,25.0705936
111,9,9,14,59,2,01大同區,大同區重慶北路3段236巷與迪化街2段口,0,0,3,4,H02,8,1,5,0,4,1,1,5,4,5,7,4,4,10,5,5,1,16,2,29,2,9,4,5,7,21,8,20,10,16,,67,6,1,22,9,121.5116532,25.0705936
111,9,9,15,6,2,03中山區,中山區新生北路2段與新生北路2段149巷口,0,0,1,1,B02,8,1,5,30,3,1,1,5,4,5,7,4,4,10,5,5,2,16,1,54,3,10,1,1,7,6,1,8,1,8,,6,6,1,22,9,121.5278916,25.0620772
111,9,9,15,6,2,03中山區,中山區新生北路2段與新生北路2段149巷口,0,0,1,2,C03,8,1,5,30,3,1,1,5,4,5,7,4,4,10,5,5,2,16,1,34,2,7,1,1,7,9,1,10,1,11,14,44,6,1,22,9,121.5278916,25.0620772
111,9,9,15,21,2,10文山區,文山區景文街43號,0,0,2,1,C03,8,1,5,40,14,7,1,5,4,5,7,4,4,5,5,4,2,12,2,49,2,9,1,1,7,7,6,10,9,14,,7,7,1,22,9,121.5413416,24.9920277
111,9,9,15,21,2,10文山區,文山區景文街43號,0,0,2,2,C03,8,1,5,40,14,7,1,5,4,5,7,4,4,5,5,4,2,12,1,22,2,9,1,1,7,9,1,10,2,12,,13,7,1,22,9,121.5413416,24.9920277
111,9,9,16,20,2,03中山區,中山區長安東路2段與龍江路口,0,0,1,1,B03,8,1,5,50,4,2,1,5,4,5,7,2,1,9,4,5,2,13,1,51,3,10,3,4,7,6,1,8,1,7,,44,44,1,22,9,121.5404322,25.04833887
111,9,9,16,20,2,03中山區,中山區長安東路2段與龍江路口,0,0,1,2,C03,8,1,5,50,4,2,1,5,4,5,7,2,1,9,4,5,2,13,1,53,2,9,3,4,7,8,1,10,1,12,,23,44,1,22,9,121.5404322,25.04833887
111,9,9,16,20,2,12內湖區,內湖區港墘路219號,0,0,1,1,B03,8,1,5,50,11,9,1,5,4,5,7,4,4,3,4,5,2,12,1,25,3,10,1,1,7,9,1,8,1,2,,23,23,1,22,9,121.5742735,25.075301
111,9,9,16,20,2,12內湖區,內湖區港墘路219號,0,0,1,2,C03,8,1,5,50,11,9,1,5,4,5,7,4,4,3,4,5,2,12,1,37,2,9,1,1,7,9,1,10,1,14,,44,23,1,22,9,121.5742735,25.075301
111,9,9,16,35,2,10文山區,文山區興隆路2段203巷與興隆路2段153巷2弄口,0,0,2,1,C03,8,1,5,30,4,1,1,5,4,5,7,4,4,10,5,5,2,15,1,63,2,9,1,1,7,9,1,10,2,12,,6,6,1,22,9,121.5494986,25.00128527
111,9,9,16,35,2,10文山區,文山區興隆路2段203巷與興隆路2段153巷2弄口,0,0,2,2,C03,8,1,5,30,4,1,1,5,4,5,7,4,4,10,5,5,2,15,1,27,3,10,1,1,7,9,1,10,2,11,,14,6,1,22,9,121.5494986,25.00128527
111,9,9,16,35,2,10文山區,文山區興隆路2段203巷與興隆路2段153巷2弄口,0,0,2,3,H02,8,1,5,30,4,1,1,5,4,5,7,4,4,10,5,5,2,15,2,58,2,9,4,5,7,20,8,20,10,15,,67,6,1,22,9,121.5494986,25.00128527
111,9,9,16,39,2,09北投區,北投區五分產業道路與立賢路口口(即立賢街200號對面),0,0,1,1,C03,8,1,5,30,3,2,1,5,4,5,7,4,4,10,5,5,2,17,1,24,3,10,1,1,7,6,1,10,1,11,,23,23,1,22,9,121.5014515,25.1135505
111,9,9,16,39,2,09北投區,北投區五分產業道路與立賢路口口(即立賢街200號對面),0,0,1,2,F01,8,1,5,30,3,2,1,5,4,5,7,4,4,10,5,5,2,17,2,43,2,7,1,1,7,9,8,20,1,16,,23,23,1,22,9,121.5014515,25.1135505
111,9,9,16,40,2,12內湖區,內湖區民權東路6段與瑞光路口,0,0,1,1,C03,8,1,5,50,4,1,1,5,4,5,7,2,1,1,4,5,2,12,1,19,3,10,1,1,7,8,1,10,1,12,,7,7,1,22,9,121.5841656,25.0688533
111,9,9,16,40,2,12內湖區,內湖區民權東路6段與瑞光路口,0,0,1,2,C03,8,1,5,50,4,1,1,5,4,5,7,2,1,1,4,5,2,12,2,28,2,9,1,1,7,9,1,10,1,14,,17,7,1,22,9,121.5841656,25.0688533
111,9,9,16,43,2,03中山區,中山區松江路318號,0,0,1,1,B01,8,1,5,50,10,9,1,5,4,5,7,4,4,9,4,5,2,17,1,59,3,10,1,1,7,8,1,4,1,15,,7,7,1,10,4,121.5330624,25.0606173
111,9,9,16,43,2,03中山區,中山區松江路318號,0,0,1,2,C03,8,1,5,50,10,9,1,5,4,5,7,4,4,9,4,5,2,17,1,60,2,9,1,1,7,9,1,10,1,15,,44,7,1,5,9,121.5330624,25.0606173
111,9,9,17,0,2,10文山區,(萬盛街38號前),0,0,2,1,F01,8,1,5,30,3,2,1,5,4,5,7,4,4,9,4,5,2,16,1,78,2,9,1,1,7,5,8,20,1,16,,26,26,1,22,9,121.5392318,25.00744341
111,9,9,17,0,2,10文山區,(萬盛街38號前),0,0,2,2,C03,8,1,5,30,3,2,1,5,4,5,7,4,4,9,4,5,2,16,1,26,2,9,1,1,7,9,1,10,1,14,,14,26,1,22,9,121.5392318,25.00744341
111,9,9,17,50,2,03中山區,中山區民族東路與建國北路3段113巷口,0,0,1,1,B03,8,1,5,50,3,1,1,5,4,5,7,1,1,1,4,4,2,16,1,31,3,10,1,1,7,5,1,8,1,6,,6,6,1,22,9,121.5362549,25.06809363
111,9,9,17,50,2,03中山區,中山區民族東路與建國北路3段113巷口,0,0,1,2,C03,8,1,5,50,3,1,1,5,4,5,7,1,1,1,4,4,2,16,1,25,2,9,1,1,7,9,1,10,1,11,,44,6,1,22,9,121.5362549,25.06809363
111,9,9,18,40,2,10文山區,文山區羅斯福路6段89號,0,0,1,1,C03,8,3,5,50,14,9,1,5,2,5,7,4,4,1,4,5,2,18,1,34,2,9,1,1,7,9,1,10,11,11,,13,13,1,22,9,121.5407621,24.9976068
111,9,9,18,40,2,10文山區,文山區羅斯福路6段89號,0,0,1,2,,8,3,5,50,14,9,1,5,2,5,7,4,4,1,4,5,2,18,3,,,,,,,,,,,,,67,13,1,,,121.5407621,24.9976068
111,9,9,19,5,2,08士林區,士林區承德橋南往北 NO.012燈桿,0,0,2,1,C03,8,3,5,40,14,11,1,5,4,5,7,4,4,2,4,3,1,13,1,45,2,9,1,1,7,9,1,9,2,11,,43,43,1,22,9,121.5215468,25.07890595
111,9,9,19,5,2,08士林區,士林區承德橋南往北 NO.012燈桿,0,0,2,2,F01,8,3,5,40,14,11,1,5,4,5,7,4,4,2,4,3,1,13,2,53,2,9,1,1,7,9,8,20,2,16,,44,43,1,22,9,121.5215468,25.07890595
111,9,9,19,14,2,04大安區,大安區樂利路與樂利路72巷口,0,0,2,1,C03,8,3,5,40,4,2,1,5,4,5,7,2,1,7,4,5,2,17,1,53,2,9,1,1,7,9,1,10,2,12,,23,23,1,22,9,121.5519078,25.02595585
111,9,9,19,14,2,04大安區,大安區樂利路與樂利路72巷口,0,0,2,2,C03,8,3,5,40,4,2,1,5,4,5,7,2,1,7,4,5,2,17,2,72,2,9,1,1,7,1,4,11,2,13,,44,23,1,22,9,121.5519078,25.02595585
111,9,9,19,19,2,06松山區,松山區塔悠路301號,0,0,2,1,C03,8,3,5,50,15,9,1,5,4,5,7,4,4,1,4,5,2,17,1,27,3,10,1,1,7,11,1,10,1,15,,10,10,1,22,9,121.5687871,25.06076342
111,9,9,19,19,2,06松山區,松山區塔悠路301號,0,0,2,2,C03,8,3,5,50,15,9,1,5,4,5,7,4,4,1,4,5,2,17,1,40,2,9,1,1,7,9,1,10,1,14,,13,10,1,22,9,121.5687871,25.06076342
111,9,9,19,19,2,06松山區,松山區塔悠路301號,0,0,2,3,H02,8,3,5,50,15,9,1,5,4,5,7,4,4,1,4,5,2,17,2,20,2,9,4,5,7,20,8,20,10,16,,67,10,1,22,9,121.5687871,25.06076342
111,9,9,21,26,2,07信義區,信義區忠孝東路5段423巷48號,0,0,1,1,B03,8,1,5,30,14,9,1,5,4,5,7,4,4,9,4,5,2,9,1,55,3,10,1,1,7,9,1,1,1,8,,14,14,1,22,8,121.5754014,25.04290646
111,9,9,21,26,2,07信義區,信義區忠孝東路5段423巷48號,0,0,1,2,H01,8,1,5,30,14,9,1,5,4,5,7,4,4,9,4,5,2,9,1,33,2,8,4,5,8,18,8,20,10,16,,67,14,1,22,8,121.5754014,25.04290646
111,9,9,22,33,2,04大安區,大安區忠孝東路4段與光復南路口,0,0,1,1,B03,8,3,5,50,4,2,1,5,4,5,7,2,1,1,4,5,2,11,1,35,3,10,3,4,7,5,1,8,1,6,,6,6,1,22,9,121.5576324,25.04125786
111,9,9,22,33,2,04大安區,大安區忠孝東路4段與光復南路口,0,0,1,2,C03,8,3,5,50,4,2,1,5,4,5,7,2,1,1,4,5,2,11,1,46,2,9,3,4,7,9,1,10,1,11,,44,6,1,22,9,121.5576324,25.04125786
111,9,9,22,55,2,08士林區,士林區承德路5段與通河東街2段10巷口,0,0,3,1,C03,8,3,5,30,3,2,1,5,4,5,7,1,1,10,5,5,2,13,2,19,2,9,3,4,7,9,1,10,2,11,,23,23,1,22,9,121.5156427,25.0914884
111,9,9,22,55,2,08士林區,士林區承德路5段與通河東街2段10巷口,0,0,3,2,C03,8,3,5,30,3,2,1,5,4,5,7,1,1,10,5,5,2,13,1,49,2,9,3,4,7,14,1,10,2,13,,44,23,1,22,9,121.5156427,25.0914884
111,9,9,22,55,2,08士林區,士林區承德路5段與通河東街2段10巷口,0,0,3,3,H02,8,3,5,30,3,2,1,5,4,5,7,1,1,10,5,5,2,13,2,17,2,9,3,4,7,20,8,20,10,16,,67,23,1,22,9,121.5156427,25.0914884
111,9,9,23,16,2,08士林區,士林區基河路10號前,0,0,1,1,C03,8,3,5,50,14,9,1,5,4,5,7,4,4,10,4,5,1,13,2,22,2,8,1,1,7,8,1,10,1,11,,23,23,1,22,9,121.5238973,25.08087394
111,9,9,23,16,2,08士林區,士林區基河路10號前,0,0,1,2,B03,8,3,5,50,14,9,1,5,4,5,7,4,4,10,4,5,1,13,2,57,3,10,1,1,7,3,1,8,1,6,,18,23,1,22,9,121.5238973,25.08087394
111,9,9,23,22,2,12內湖區,內湖區東湖路與康樂街口,0,0,2,1,B03,8,3,5,50,4,1,1,5,4,5,7,1,1,10,2,5,1,17,1,46,3,10,1,1,7,5,1,8,2,8,,8,8,1,22,9,121.617635,25.06788185
111,9,9,23,22,2,12內湖區,內湖區東湖路與康樂街口,0,0,2,2,C03,8,3,5,50,4,1,1,5,4,5,7,1,1,10,2,5,1,17,1,43,2,9,1,1,7,9,1,10,2,14,,44,8,1,22,9,121.617635,25.06788185
111,9,9,23,22,2,12內湖區,內湖區東湖路與康樂街口,0,0,2,3,H02,8,3,5,50,4,1,1,5,4,5,7,1,1,10,2,5,1,17,2,40,2,9,4,1,7,21,8,20,10,16,,67,8,1,22,9,121.617635,25.06788185
111,9,10,0,10,2,07信義區,信義區松山路650巷15弄18號附近,0,0,1,1,C03,7,3,5,30,14,9,1,5,4,5,7,4,4,10,5,5,2,18,2,56,2,8,1,1,7,9,1,10,1,12,,13,13,1,22,9,121.5794038,25.03157897
111,9,10,0,10,2,07信義區,信義區松山路650巷15弄18號附近,0,0,1,2,,7,3,5,30,14,9,1,5,4,5,7,4,4,10,5,5,2,18,3,,,,,,,,,,,,,67,13,1,,,121.5794038,25.03157897
111,9,10,0,26,2,03中山區,中山區民族東路與雙城街口,0,0,1,1,B01,7,3,5,50,3,2,1,5,4,5,7,2,1,1,4,4,1,17,1,29,3,10,3,4,7,11,1,4,1,4,,10,10,1,22,9,121.5245212,25.0683966
111,9,10,0,26,2,03中山區,中山區民族東路與雙城街口,0,0,1,2,C03,7,3,5,50,3,2,1,5,4,5,7,2,1,1,4,4,1,17,2,19,2,9,1,1,7,9,1,10,1,11,,13,10,1,22,9,121.5245212,25.0683966
111,9,10,1,5,2,12內湖區,內湖區堤頂大道2段與內湖路1段口,0,0,1,1,C03,8,3,5,50,4,1,1,5,4,5,7,2,1,9,4,5,1,15,1,30,2,9,1,1,7,9,1,10,2,11,,25,25,1,22,9,121.5611535,25.08435626
111,9,10,1,5,2,12內湖區,內湖區堤頂大道2段與內湖路1段口,0,0,1,2,B03,8,3,5,50,4,1,1,5,4,5,7,2,1,9,4,5,1,15,1,37,3,10,1,1,7,9,1,8,2,4,,44,25,1,22,9,121.5611535,25.08435626
111,9,10,1,46,2,08士林區,士林區重陽橋與重陽橋口往重慶北路引道標牌重陽31,0,0,1,1,B03,8,3,5,40,11,9,1,5,4,5,1,4,4,10,4,5,1,20,1,33,2,9,3,4,7,21,1,8,7,5,,21,21,1,22,9,121.5107257,25.08707069
111,9,10,1,46,2,08士林區,士林區重陽橋與重陽橋口往重慶北路引道標牌重陽31,0,0,1,2,,8,3,5,40,11,9,1,5,4,5,1,4,4,10,4,5,1,20,3,,,,,,,,,,,,,67,21,1,,,121.5107257,25.08707069
111,9,10,6,32,2,01大同區,大同區大龍街與重慶北路3段113巷口,0,0,2,1,F01,8,2,5,50,4,1,1,5,4,5,7,1,1,5,5,5,2,15,2,77,2,9,1,1,7,9,8,20,2,16,,25,25,1,22,9,121.5159657,25.06728558
111,9,10,6,32,2,01大同區,大同區大龍街與重慶北路3段113巷口,0,0,2,2,C03,8,2,5,50,4,1,1,5,4,5,7,1,1,5,5,5,2,15,1,58,2,9,1,1,7,9,4,8,2,14,,44,25,1,22,9,121.5159657,25.06728558
111,9,10,8,18,2,04大安區,大安區大安路1段與大安路1段220巷口,0,0,1,1,C03,8,1,5,30,4,1,1,5,4,5,7,4,4,1,5,5,2,15,1,70,2,9,1,1,7,9,1,10,1,12,,6,6,1,22,9,121.5458156,25.033676
111,9,10,8,18,2,04大安區,大安區大安路1段與大安路1段220巷口,0,0,1,2,B03,8,1,5,30,4,1,1,5,4,5,7,4,4,1,5,5,2,15,1,60,3,10,1,1,7,9,1,8,1,8,,14,6,1,22,9,121.5458156,25.033676
111,9,10,8,40,2,01大同區,大同區台北橋與台北橋口機車道往重新路,0,0,2,1,C03,8,1,5,50,10,11,1,5,4,5,7,4,4,10,4,5,2,13,1,40,2,7,1,1,7,7,6,10,1,15,,7,7,1,22,9,121.5084459,25.06354927
111,9,10,8,40,2,01大同區,大同區台北橋與台北橋口機車道往重新路,0,0,2,2,C03,8,1,5,50,10,11,1,5,4,5,7,4,4,10,4,5,2,13,1,29,2,9,1,1,7,9,1,10,1,11,,23,7,1,22,9,121.5084459,25.06354927
111,9,10,9,35,2,01大同區,大同區延平北路3段與民權西路口,0,0,3,1,C03,8,1,5,50,4,1,1,5,4,5,7,1,1,1,4,5,2,15,1,43,2,9,1,1,7,9,6,10,2,11,,25,25,1,22,9,121.5112153,25.06305581
111,9,10,9,35,2,01大同區,大同區延平北路3段與民權西路口,0,0,3,2,C03,8,1,5,50,4,1,1,5,4,5,7,1,1,1,4,5,2,15,2,47,2,9,1,1,7,1,1,10,2,12,,44,25,1,22,9,121.5112153,25.06305581
111,9,10,9,35,2,01大同區,大同區延平北路3段與民權西路口,0,0,3,3,C03,8,1,5,50,4,1,1,5,4,5,7,1,1,1,4,5,2,15,2,27,2,8,1,1,7,1,1,10,2,12,,44,25,1,22,9,121.5112153,25.06305581
111,9,10,9,42,2,09北投區,北投區大度路3段與立德路口,0,0,1,1,C03,8,1,5,50,14,9,1,5,4,5,7,1,1,9,4,4,2,13,1,19,2,8,1,1,7,9,1,10,1,11,,43,43,1,22,9,121.4712097,25.12270915
111,9,10,9,42,2,09北投區,北投區大度路3段與立德路口,0,0,1,2,C02,8,1,5,50,14,9,1,5,4,5,7,1,1,9,4,4,2,13,1,36,3,10,1,1,7,14,1,9,1,13,,43,43,1,22,9,121.4712097,25.12270915