發生年度,發生月,發生日,發生時-Hours,發生分,處理別-編號,區序,肇事地點,死亡人數,2-30日死亡人數,受傷人數,當事人序號,車種,天候,光線,道路類別,速限-速度限制,道路型態,事故位置,路面狀況1,路面狀況2,路面狀況3,道路障礙1,道路障礙2,號誌1,號誌2,車道劃分-分向,車道劃分-分道1,車道劃分-分道2,車道劃分-分道3,事故類型及型態,性別,年齡,受傷程度,主要傷處,安全帽,行動電話,車輛用途,當事者行動狀態,駕駛資格情形,駕駛執照種類,飲酒情形,車輛撞擊部位1,車輛撞擊部位2,肇因碼-個別,肇因碼-主要,個人肇逃否,職業,旅次目的,座標-X,座標-Y
111,9,10,9,42,2,09北投區,北投區大度路3段與立德路口,0,0,1,3,C03,8,1,5,50,14,9,1,5,4,5,7,1,1,9,4,4,2,13,1,41,3,10,1,1,7,14,1,10,1,14,,43,43,1,22,9,121.4712097,25.12270915
111,9,10,10,12,2,06松山區,松山區撫遠街423號,0,0,1,1,B03,8,1,5,40,14,9,1,5,4,5,7,4,4,1,3,4,2,17,1,33,3,10,3,4,7,1,1,8,1,8,,43,43,1,22,9,121.5680249,25.06751371
111,9,10,10,12,2,06松山區,松山區撫遠街423號,0,0,1,2,C03,8,1,5,40,14,9,1,5,4,5,7,4,4,1,3,4,2,17,1,38,2,9,1,1,7,9,1,10,1,12,,43,43,1,22,9,121.5680249,25.06751371
111,9,10,10,30,2,03中山區,中山區北安路與北安路538巷口,0,0,1,1,B03,8,1,5,50,3,1,1,5,4,5,7,4,4,1,4,5,2,16,1,43,3,10,3,4,7,6,1,8,1,2,,9,9,1,22,9,121.5476868,25.08000323
111,9,10,10,30,2,03中山區,中山區北安路與北安路538巷口,0,0,1,2,C03,8,1,5,50,3,1,1,5,4,5,7,4,4,1,4,5,2,16,2,70,2,9,3,4,7,9,1,10,1,11,,44,9,1,22,9,121.5476868,25.08000323
111,9,10,10,31,2,02萬華區,萬華區中華路1段與武昌街2段口,0,0,1,1,C03,8,1,5,50,4,1,1,5,4,5,7,1,1,1,3,1,2,12,1,32,3,10,1,1,7,5,1,10,1,14,,8,8,1,22,9,121.5089656,25.0459049
111,9,10,10,31,2,02萬華區,萬華區中華路1段與武昌街2段口,0,0,1,2,C03,8,1,5,50,4,1,1,5,4,5,7,1,1,1,3,1,2,12,1,50,2,9,1,1,7,9,1,10,1,12,,44,8,1,22,9,121.5089656,25.0459049
111,9,10,10,52,2,08士林區,士林區文林路與雙溪街口,0,0,2,1,C03,8,1,5,50,5,1,1,5,4,5,7,1,1,5,5,5,2,13,2,20,2,8,1,1,7,5,1,10,1,11,,43,43,1,22,9,121.5233799,25.09968322
111,9,10,10,52,2,08士林區,士林區文林路與雙溪街口,0,0,2,2,C03,8,1,5,50,5,1,1,5,4,5,7,1,1,5,5,5,2,13,2,37,2,9,1,1,7,5,1,10,1,13,,43,43,1,22,9,121.5233799,25.09968322
111,9,10,11,37,2,08士林區,士林區百齡橋東向西010燈桿,0,0,1,1,C03,8,1,5,50,14,11,1,5,4,5,7,4,4,10,5,5,1,16,1,57,3,10,1,1,7,14,1,10,2,14,,42,42,1,22,9,121.5138707,25.08937558
111,9,10,11,37,2,08士林區,士林區百齡橋東向西010燈桿,0,0,1,2,C03,8,1,5,50,14,11,1,5,4,5,7,4,4,10,5,5,1,16,2,40,2,9,1,1,7,9,1,10,2,11,,44,42,1,22,9,121.5138707,25.08937558
111,9,10,11,43,2,10文山區,文山區羅斯福路6段與羅斯福路6段92巷口,0,0,2,1,B03,8,1,8,30,3,2,1,5,4,5,7,4,4,10,5,5,2,16,1,66,3,10,1,1,7,6,1,8,1,4,,6,6,1,22,9,121.5403266,24.99829484
111,9,10,11,43,2,10文山區,文山區羅斯福路6段與羅斯福路6段92巷口,0,0,2,2,C03,8,1,8,30,3,2,1,5,4,5,7,4,4,10,5,5,2,16,1,63,2,9,1,1,7,9,1,10,1,11,,14,6,1,22,9,121.5403266,24.99829484
111,9,10,11,43,2,10文山區,文山區羅斯福路6段與羅斯福路6段92巷口,0,0,2,3,H02,8,1,8,30,3,2,1,5,4,5,7,4,4,10,5,5,2,16,2,61,2,9,1,5,7,21,8,20,10,16,,67,6,1,22,9,121.5403266,24.99829484
111,9,10,12,0,2,10文山區,文山區木柵路1段381號,0,0,1,1,B03,8,1,5,50,14,9,1,5,4,5,7,4,4,5,2,5,2,16,2,54,3,10,1,1,7,1,1,8,2,1,,19,19,1,22,9,121.5582597,24.98874911
111,9,10,12,0,2,10文山區,文山區木柵路1段381號,0,0,1,2,C03,8,1,5,50,14,9,1,5,4,5,7,4,4,5,2,5,2,16,1,52,2,9,1,1,7,9,3,18,2,12,,44,19,1,22,9,121.5582597,24.98874911
111,9,10,12,20,2,07信義區,信義區忠孝東路5段8號,0,0,1,1,C03,8,1,5,50,14,9,1,5,4,5,7,4,4,1,4,5,1,18,1,27,2,9,3,4,7,9,1,10,2,14,,42,42,1,22,9,121.5649298,25.0410575
111,9,10,12,20,2,07信義區,信義區忠孝東路5段8號,0,0,1,2,,8,1,5,50,14,9,1,5,4,5,7,4,4,1,4,5,1,18,3,,,,,,,,,,,,,67,42,1,,,121.5649298,25.0410575
111,9,10,12,28,2,02萬華區,萬華區桂林路214號,0,0,1,1,F01,8,1,5,50,14,7,1,5,4,5,7,4,4,4,1,5,2,13,1,18,2,9,1,4,7,9,8,20,1,16,,23,23,1,22,9,121.4966059,25.0385023
111,9,10,12,28,2,02萬華區,萬華區桂林路214號,0,0,1,2,B01,8,1,5,50,14,7,1,5,4,5,7,4,4,4,1,5,2,13,1,61,3,10,1,1,7,14,1,4,1,7,,38,23,1,22,9,121.4966059,25.0385023
111,9,10,12,34,2,04大安區,大安區和平東路2段311巷43弄30號,0,0,1,1,B03,8,1,5,30,14,9,1,5,4,5,7,4,4,10,5,5,2,16,1,45,3,10,3,4,7,1,1,8,1,8,,19,19,1,22,9,121.5457563,25.0256067
111,9,10,12,34,2,04大安區,大安區和平東路2段311巷43弄30號,0,0,1,2,C03,8,1,5,30,14,9,1,5,4,5,7,4,4,10,5,5,2,16,1,39,2,9,3,4,7,9,1,10,1,12,,23,19,1,22,9,121.5457563,25.0256067
111,9,10,12,45,2,03中山區,中山區民族西路13號,0,0,2,1,B03,8,1,5,50,14,9,1,5,4,5,7,4,4,4,5,5,1,17,1,72,3,10,3,4,7,11,1,8,1,15,,10,10,1,22,9,121.522277,25.0684945
111,9,10,12,45,2,03中山區,中山區民族西路13號,0,0,2,2,C03,8,1,5,50,14,9,1,5,4,5,7,4,4,4,5,5,1,17,1,28,2,9,3,4,7,9,1,10,1,12,,23,10,1,22,9,121.522277,25.0684945
111,9,10,12,45,2,03中山區,中山區民族西路13號,0,0,2,3,C03,8,1,5,50,14,9,1,5,4,5,7,4,4,4,5,5,1,17,2,34,2,9,3,4,7,9,1,10,1,13,,44,10,1,22,9,121.522277,25.0684945
111,9,10,13,10,2,11南港區,南港區昆陽街60巷與昆陽街口,0,0,1,1,B01,8,1,5,50,3,1,1,5,4,5,7,4,4,5,5,5,2,16,1,41,3,10,3,4,7,5,1,4,1,8,,8,8,1,22,9,121.592929,25.05257732
111,9,10,13,10,2,11南港區,南港區昆陽街60巷與昆陽街口,0,0,1,2,C03,8,1,5,50,3,1,1,5,4,5,7,4,4,5,5,5,2,16,1,50,2,9,1,1,7,9,1,10,1,11,,13,8,1,22,9,121.592929,25.05257732
111,9,10,13,24,2,08士林區,士林區天母西路與天母西路83巷口,0,0,1,1,C03,8,1,5,50,4,1,1,5,4,5,7,4,4,5,5,5,2,17,1,26,2,8,1,1,7,1,1,10,1,14,,19,19,1,22,9,121.5248739,25.11848351
111,9,10,13,24,2,08士林區,士林區天母西路與天母西路83巷口,0,0,1,2,C03,8,1,5,50,4,1,1,5,4,5,7,4,4,5,5,5,2,17,1,35,3,10,1,1,7,9,1,10,1,12,,44,19,1,22,9,121.5248739,25.11848351
111,9,10,14,15,2,07信義區,信義區松智路與松平路口,0,0,1,1,C03,8,1,5,30,4,1,1,5,4,5,7,1,1,5,4,5,2,13,1,20,2,8,1,1,7,9,1,10,1,11,,16,16,1,22,9,121.5653666,25.0304952
111,9,10,14,15,2,07信義區,信義區松智路與松平路口,0,0,1,2,C01,8,1,5,30,4,1,1,5,4,5,7,1,1,5,4,5,2,13,1,20,3,10,1,1,7,12,1,9,1,13,,44,16,1,22,9,121.5653666,25.0304952
111,9,10,14,15,2,07信義區,信義區松智路與松平路口,0,0,1,3,C03,8,1,5,30,4,1,1,5,4,5,7,1,1,5,4,5,2,13,1,67,3,10,1,1,7,5,1,10,1,15,,6,16,1,22,9,121.5653666,25.0304952
111,9,10,14,24,2,07信義區,信義區吳興街220巷與信安街67巷口,0,0,1,1,A12,8,1,5,50,3,1,1,5,4,5,7,1,1,5,4,5,1,17,1,59,3,10,3,4,7,6,1,7,2,1,10,9,9,1,22,9,121.5609201,25.0259943
111,9,10,14,24,2,07信義區,信義區吳興街220巷與信安街67巷口,0,0,1,2,C03,8,1,5,50,3,1,1,5,4,5,7,1,1,5,4,5,1,17,2,46,2,9,3,4,7,7,4,11,2,13,12,26,9,1,22,9,121.5609201,25.0259943
111,9,10,15,20,2,03中山區,中山區中山北路1段與市民大道2段口,0,0,1,1,C04,8,1,5,40,4,2,1,5,4,5,7,2,1,1,4,4,2,13,2,26,2,9,3,4,7,9,1,10,1,11,,23,23,1,22,9,121.5209738,25.04817458
111,9,10,15,20,2,03中山區,中山區中山北路1段與市民大道2段口,0,0,1,2,B03,8,1,5,40,4,2,1,5,4,5,7,2,1,1,4,4,2,13,1,39,3,10,3,4,7,12,1,8,1,3,,44,23,1,22,9,121.5209738,25.04817458
111,9,10,15,20,2,08士林區,士林區承德路5段與士商路口,0,0,1,1,B03,8,1,5,40,4,2,1,5,4,5,7,2,1,1,4,4,1,17,1,49,3,10,1,1,7,6,1,3,1,5,,5,5,1,22,9,121.5142573,25.09605444
111,9,10,15,20,2,08士林區,士林區承德路5段與士商路口,0,0,1,2,C03,8,1,5,40,4,2,1,5,4,5,7,2,1,1,4,4,1,17,1,22,2,9,1,1,7,9,1,10,1,11,,23,5,1,22,9,121.5142573,25.09605444
111,9,10,15,24,2,10文山區,文山區忠順街1段26巷3弄與忠順街1段26巷口口,0,0,1,1,C03,8,1,5,30,4,1,1,5,4,5,7,4,4,4,5,5,2,16,1,18,2,8,1,1,7,9,1,10,1,11,,6,6,1,22,9,121.5593432,24.9834904
111,9,10,15,24,2,10文山區,文山區忠順街1段26巷3弄與忠順街1段26巷口口,0,0,1,2,B03,8,1,5,30,4,1,1,5,4,5,7,4,4,4,5,5,2,16,1,41,3,10,1,1,7,9,1,8,1,8,,23,6,1,22,9,121.5593432,24.9834904
111,9,10,15,29,2,09北投區,北投區中央北路4段與大度路3段口引道,0,0,1,1,C03,8,1,5,50,4,1,1,5,4,5,7,1,1,5,4,5,2,16,1,43,2,9,1,1,7,5,1,10,1,12,,43,43,1,22,9,121.4650016,25.1244616
111,9,10,15,29,2,09北投區,北投區中央北路4段與大度路3段口引道,0,0,1,2,B03,8,1,5,50,4,1,1,5,4,5,7,1,1,5,4,5,2,16,1,72,3,10,1,1,7,5,1,8,1,8,,43,43,1,22,9,121.4650016,25.1244616
111,9,10,16,51,2,04大安區,大安區羅斯福路3段137號,0,0,1,1,H01,7,1,5,0,14,9,1,5,4,5,7,4,4,3,4,5,2,6,2,35,2,9,4,5,8,18,8,20,10,16,,53,53,1,22,9,121.527113,25.0217525
111,9,10,16,51,2,04大安區,大安區羅斯福路3段137號,0,0,1,2,A05,7,1,5,0,14,9,1,5,4,5,7,4,4,3,4,5,2,6,1,39,3,10,3,4,7,9,1,6,2,1,,44,53,1,22,9,121.527113,25.0217525
111,9,10,17,20,2,05中正區,中正區羅斯福路1段與寧波西街口,0,0,1,1,C03,8,1,5,50,4,1,1,5,4,5,7,1,1,10,2,5,2,12,1,37,2,9,1,1,7,5,1,9,1,14,,8,8,1,22,9,121.5191113,25.0316606
111,9,10,17,20,2,05中正區,中正區羅斯福路1段與寧波西街口,0,0,1,2,B03,8,1,5,50,4,1,1,5,4,5,7,1,1,10,2,5,2,12,2,57,3,10,1,1,7,13,1,8,1,5,,38,8,1,22,9,121.5191113,25.0316606
111,9,10,17,20,2,05中正區,中正區羅斯福路1段與寧波西街口,0,0,1,3,H02,8,1,5,50,4,1,1,5,4,5,7,1,1,10,2,5,2,12,2,34,4,11,4,5,7,20,8,20,10,16,,67,8,1,22,9,121.5191113,25.0316606
111,9,10,17,24,2,10文山區,文山區新光路2段與文和橋口,0,0,1,1,B03,8,1,5,50,3,2,1,5,4,5,7,3,1,5,2,5,2,16,1,61,3,10,3,4,7,6,1,8,2,2,,6,6,1,21,8,121.5963512,25.00129019
111,9,10,17,24,2,10文山區,文山區新光路2段與文和橋口,0,0,1,2,C03,8,1,5,50,3,2,1,5,4,5,7,3,1,5,2,5,2,16,1,18,2,9,3,4,7,9,1,10,2,14,,14,6,1,21,8,121.5963512,25.00129019
111,9,10,18,14,2,01大同區,大同區寧夏路與歸綏街口,0,0,2,1,B03,8,1,5,50,4,1,1,5,4,5,7,4,4,5,5,5,2,16,1,24,3,10,3,4,7,11,1,8,1,4,,10,10,1,22,9,121.5151421,25.0584043
111,9,10,18,14,2,01大同區,大同區寧夏路與歸綏街口,0,0,2,2,C03,8,1,5,50,4,1,1,5,4,5,7,4,4,5,5,5,2,16,1,44,2,9,1,1,7,9,1,10,1,11,,44,10,1,22,9,121.5151421,25.0584043
111,9,10,18,14,2,01大同區,大同區寧夏路與歸綏街口,0,0,2,3,H02,8,1,5,50,4,1,1,5,4,5,7,4,4,5,5,5,2,16,1,15,2,8,1,5,7,20,8,20,10,16,,67,10,1,22,9,121.5151421,25.0584043
111,9,10,18,19,2,07信義區,信義區忠孝東路4段501號,0,0,1,1,F01,8,3,5,50,14,9,1,5,4,5,7,4,4,1,4,5,2,18,2,31,2,9,3,4,7,7,8,20,11,16,,43,43,1,22,9,121.5577481,25.04162408
111,9,10,18,19,2,07信義區,信義區忠孝東路4段501號,0,0,1,2,,8,3,5,50,14,9,1,5,4,5,7,4,4,1,4,5,2,18,3,,,,,,,,,,,,,67,43,1,,,121.5577481,25.04162408
111,9,10,19,4,2,10文山區,文山區景美河濱公園福和040號燈桿,0,0,1,1,F01,8,3,8,0,15,22,1,5,4,5,7,4,4,5,4,5,2,16,1,41,3,10,1,1,7,7,8,20,4,16,,7,7,1,22,9,121.5335114,25.00677974
111,9,10,19,4,2,10文山區,文山區景美河濱公園福和040號燈桿,0,0,1,2,F01,8,3,8,0,15,22,1,5,4,5,7,4,4,5,4,5,2,16,2,33,2,9,1,1,7,9,8,20,2,16,,44,7,1,22,9,121.5335114,25.00677974
111,9,10,19,25,2,04大安區,大安區復興南路2段與復興南路2段12巷口,0,0,1,1,C03,8,3,5,50,14,9,1,5,4,5,7,4,4,1,4,5,2,13,1,21,2,8,1,1,7,9,1,10,1,11,,23,23,1,21,8,121.5435064,25.03270456
111,9,10,19,25,2,04大安區,大安區復興南路2段與復興南路2段12巷口,0,0,1,2,C03,8,3,5,50,14,9,1,5,4,5,7,4,4,1,4,5,2,13,1,39,3,10,1,1,7,9,1,10,1,13,,44,23,1,21,8,121.5435064,25.03270456
111,9,10,19,57,2,03中山區,中山區龍江路與龍江路223巷口,0,0,1,1,C03,7,3,5,30,4,1,1,5,4,5,7,4,4,10,5,5,2,15,2,40,2,9,3,4,7,9,1,10,1,11,,6,6,1,22,9,121.5405841,25.05687928
111,9,10,19,57,2,03中山區,中山區龍江路與龍江路223巷口,0,0,1,2,B03,7,3,5,30,4,1,1,5,4,5,7,4,4,10,5,5,2,15,1,49,3,10,3,4,7,9,1,8,1,4,,14,6,1,22,9,121.5405841,25.05687928
111,9,10,21,10,2,02萬華區,萬華區康定路與內江街口,0,0,2,1,B03,8,3,5,50,4,1,1,5,4,5,7,1,1,9,4,5,2,16,1,23,3,10,1,1,7,5,1,8,1,8,,8,8,1,22,9,121.5023035,25.04165696
111,9,10,21,10,2,02萬華區,萬華區康定路與內江街口,0,0,2,2,C03,8,3,5,50,4,1,1,5,4,5,7,1,1,9,4,5,2,16,1,22,2,7,1,1,7,9,3,18,1,14,,44,8,1,22,9,121.5023035,25.04165696
111,9,10,21,10,2,02萬華區,萬華區康定路與內江街口,0,0,2,3,H02,8,3,5,50,4,1,1,5,4,5,7,1,1,9,4,5,2,16,1,19,2,8,4,5,7,20,8,20,10,16,,67,8,1,22,9,121.5023035,25.04165696
111,9,10,21,47,2,08士林區,士林區中正路與福林路口,0,0,1,2,C03,7,3,5,50,4,2,1,5,4,5,7,2,1,5,4,5,1,17,2,38,2,9,1,1,7,12,1,10,1,11,,16,42,1,21,8,121.5322331,25.09661861
111,9,10,21,47,2,08士林區,士林區中正路與福林路口,0,0,1,1,C03,7,3,5,50,4,2,1,5,4,5,7,2,1,5,4,5,1,17,1,42,3,10,1,1,7,12,1,10,1,13,,42,42,1,21,8,121.5322331,25.09661861
111,9,10,22,10,2,06松山區,松山區健康路與延壽街330巷口,0,0,1,1,C03,8,3,5,50,3,2,1,5,4,5,7,2,1,1,3,4,2,11,1,23,2,9,1,1,7,9,1,10,1,14,,23,23,1,22,9,121.5603816,25.0539376
111,9,10,22,10,2,06松山區,松山區健康路與延壽街330巷口,0,0,1,2,B03,8,3,5,50,3,2,1,5,4,5,7,2,1,1,3,4,2,11,1,53,3,10,1,1,7,13,1,8,1,4,,44,23,1,22,9,121.5603816,25.0539376
111,9,10,22,10,2,06松山區,松山區健康路與延壽街330巷口,0,0,1,3,B03,8,3,5,50,3,2,1,5,4,5,7,2,1,1,3,4,2,11,1,39,3,10,3,1,7,5,1,8,9,15,,6,23,2,22,9,121.5603816,25.0539376
111,9,10,22,10,2,06松山區,松山區健康路與延壽街330巷口,0,0,1,4,B03,8,3,5,50,3,2,1,5,4,5,7,2,1,1,3,4,2,11,1,51,3,10,1,1,7,5,1,8,9,15,,6,23,1,22,9,121.5603816,25.0539376
111,9,10,22,15,2,02萬華區,萬華區中華路1段與桂林路口,0,0,1,1,C03,8,3,5,50,5,1,1,5,4,5,7,1,1,1,3,1,2,12,1,19,3,10,1,1,7,6,1,10,1,12,,9,9,1,22,9,121.5067769,25.03713898
111,9,10,22,15,2,02萬華區,萬華區中華路1段與桂林路口,0,0,1,2,C03,8,3,5,50,5,1,1,5,4,5,7,1,1,1,3,1,2,12,1,67,2,9,1,1,7,9,1,10,1,14,,17,9,1,22,9,121.5067769,25.03713898
111,9,10,22,22,2,07信義區,信義區松隆路198號前,0,0,1,1,C04,7,3,5,50,14,9,1,5,4,5,7,4,4,3,4,5,2,12,2,33,2,9,1,1,7,9,1,10,2,12,,23,23,1,22,9,121.572383,25.0469124
111,9,10,22,22,2,07信義區,信義區松隆路198號前,0,0,1,2,B03,7,3,5,50,14,9,1,5,4,5,7,4,4,3,4,5,2,12,1,34,3,10,1,1,7,13,1,8,2,4,,38,23,1,22,9,121.572383,25.0469124
111,9,10,22,24,2,08士林區,士林區中正路與基河路口口,0,0,2,1,B03,8,3,5,50,4,1,1,5,4,5,7,2,1,3,4,5,1,16,1,41,3,10,1,1,7,5,1,8,2,5,,25,25,1,22,9,121.519991,25.09341979
111,9,10,22,24,2,08士林區,士林區中正路與基河路口口,0,0,2,2,C03,8,3,5,50,4,1,1,5,4,5,7,2,1,3,4,5,1,16,1,21,2,9,1,1,7,9,1,10,2,11,,44,25,1,22,9,121.519991,25.09341979
111,9,10,22,24,2,08士林區,士林區中正路與基河路口口,0,0,2,3,H02,8,3,5,50,4,1,1,5,4,5,7,2,1,3,4,5,1,16,1,8,2,1,4,1,7,20,8,20,10,15,,67,25,1,14,9,121.519991,25.09341979
111,9,11,0,45,2,05中正區,中正區汀州路2段與同安街口,0,0,1,1,B03,8,3,5,50,4,1,1,5,4,5,7,1,1,5,5,5,2,11,1,33,3,10,1,1,7,5,1,8,1,8,,8,8,1,22,9,121.5217236,25.0241358
111,9,11,0,45,2,05中正區,中正區汀州路2段與同安街口,0,0,1,2,C03,8,3,5,50,4,1,1,5,4,5,7,1,1,5,5,5,2,11,1,31,2,9,1,1,7,9,1,10,1,11,,44,8,1,22,9,121.5217236,25.0241358
111,9,11,2,24,2,06松山區,松山區光復南路與市民大道5段口,0,0,1,1,B01,7,3,5,40,5,1,1,5,4,5,7,1,1,1,4,1,2,11,1,45,3,10,1,1,7,5,1,4,2,8,,25,25,1,22,9,121.5578341,25.04524206
111,9,11,2,24,2,06松山區,松山區光復南路與市民大道5段口,0,0,1,2,C03,7,3,5,40,5,1,1,5,4,5,7,1,1,1,4,1,2,11,1,34,2,9,1,1,7,9,1,10,2,11,,23,25,1,22,9,121.5578341,25.04524206
111,9,11,5,42,2,10文山區,文山區羅斯福路6段與景隆街口,0,0,2,1,F01,6,1,5,50,4,1,1,4,4,5,7,2,1,1,4,5,2,15,2,25,2,9,1,1,7,11,8,20,11,16,,25,25,1,22,9,121.5399233,24.99975399
111,9,11,5,42,2,10文山區,文山區羅斯福路6段與景隆街口,0,0,2,2,C03,6,1,5,50,4,1,1,4,4,5,7,2,1,1,4,5,2,15,1,30,2,9,1,1,7,9,1,10,2,11,,23,25,1,22,9,121.5399233,24.99975399
111,9,11,7,46,2,04大安區,大安區和平東路2段76巷與辛亥路2段口,0,0,3,1,C03,6,1,5,50,3,2,1,4,4,5,7,4,4,8,3,5,2,13,1,27,2,8,1,1,7,8,1,10,1,11,,23,23,1,22,9,121.538493,25.02209834
111,9,11,7,46,2,04大安區,大安區和平東路2段76巷與辛亥路2段口,0,0,3,2,C03,6,1,5,50,3,2,1,4,4,5,7,4,4,8,3,5,2,13,1,38,2,8,1,1,7,3,1,10,1,13,,23,23,1,22,9,121.538493,25.02209834
111,9,11,7,46,2,04大安區,大安區和平東路2段76巷與辛亥路2段口,0,0,3,3,H02,6,1,5,50,3,2,1,4,4,5,7,4,4,8,3,5,2,13,2,22,2,9,1,5,7,20,8,20,10,16,,67,23,1,22,9,121.538493,25.02209834
111,9,11,8,52,2,10文山區,文山區忠順街1段48巷5弄與忠順街1段48巷口,0,0,1,1,B03,6,1,5,30,4,1,1,4,4,5,4,4,4,10,5,5,2,17,1,62,3,10,1,1,7,9,1,8,1,2,,6,6,1,22,9,121.5601572,24.9836982
111,9,11,8,52,2,10文山區,文山區忠順街1段48巷5弄與忠順街1段48巷口,0,0,1,2,C03,6,1,5,30,4,1,1,4,4,5,4,4,4,10,5,5,2,17,2,64,2,8,1,1,7,9,4,8,1,11,,44,6,1,22,9,121.5601572,24.9836982
111,9,11,9,36,2,02萬華區,萬華區康定路與貴陽街2段口,0,0,1,1,B03,6,1,5,50,4,1,1,4,4,5,7,2,1,5,5,5,2,16,1,49,3,10,1,1,7,11,1,8,1,2,,10,10,1,22,9,121.5019496,25.04000586
111,9,11,9,36,2,02萬華區,萬華區康定路與貴陽街2段口,0,0,1,2,C03,6,1,5,50,4,1,1,4,4,5,7,2,1,5,5,5,2,16,2,30,2,9,1,1,7,9,1,10,1,11,,44,10,1,22,9,121.5019496,25.04000586
111,9,11,9,55,2,05中正區,中正區羅斯福路1段與愛國東路口,0,0,2,1,C03,6,1,5,40,14,8,1,4,4,5,7,1,1,3,4,4,2,12,1,51,2,9,1,1,7,6,1,10,2,12,,42,42,1,22,9,121.5171485,25.03452273
111,9,11,9,55,2,05中正區,中正區羅斯福路1段與愛國東路口,0,0,2,2,C03,6,1,5,40,14,8,1,4,4,5,7,1,1,3,4,4,2,12,1,24,2,9,1,1,7,9,1,10,2,12,,13,42,1,22,9,121.5171485,25.03452273
111,9,11,10,20,2,05中正區,中正區羅斯福路2段168號,0,0,1,1,B01,6,1,5,50,14,9,1,4,4,3,7,4,4,3,4,5,2,17,1,62,4,11,3,4,7,1,1,4,11,15,,19,19,2,22,9,121.5235757,25.0254102
111,9,11,10,20,2,05中正區,中正區羅斯福路2段168號,0,0,1,2,C03,6,1,5,50,14,9,1,4,4,3,7,4,4,3,4,5,2,17,1,20,2,9,1,1,7,9,1,10,1,14,,23,19,1,22,9,121.5235757,25.0254102
111,9,11,10,20,2,05中正區,中正區羅斯福路2段168號,0,0,1,3,B03,6,1,5,50,14,9,1,4,4,3,7,4,4,3,4,5,2,17,2,35,4,11,3,4,7,10,1,8,11,15,,27,19,2,22,9,121.5235757,25.0254102
111,9,11,10,40,2,07信義區,信義區基隆路2段與嘉興街216巷口,0,0,1,1,,6,1,5,50,4,1,1,4,4,5,7,1,1,1,4,5,2,12,4,,4,11,3,4,7,15,7,19,11,15,,43,43,2,22,9,121.5560107,25.0273356
111,9,11,10,40,2,07信義區,信義區基隆路2段與嘉興街216巷口,0,0,1,2,C03,6,1,5,50,4,1,1,4,4,5,7,1,1,1,4,5,2,12,1,24,2,9,3,4,7,9,1,10,1,14,,43,43,1,22,9,121.5560107,25.0273356
111,9,11,10,40,2,07信義區,信義區基隆路2段與嘉興街216巷口,0,0,1,3,B12,6,1,5,50,4,1,1,4,4,5,7,1,1,1,4,5,2,12,1,63,3,10,3,4,7,9,1,8,1,6,,43,43,1,22,9,121.5560107,25.0273356
111,9,11,10,47,2,07信義區,信義區忠孝東路5段與忠孝東路5段743巷口,0,0,1,1,B03,7,1,5,50,3,2,1,4,4,5,7,1,1,3,4,5,2,16,2,49,3,10,1,1,7,6,1,8,1,2,,9,9,1,22,9,121.58142,25.0436575
111,9,11,10,47,2,07信義區,信義區忠孝東路5段與忠孝東路5段743巷口,0,0,1,2,C03,7,1,5,50,3,2,1,4,4,5,7,1,1,3,4,5,2,16,1,20,2,8,1,1,7,9,1,10,1,14,,44,9,1,22,9,121.58142,25.0436575
111,9,11,11,18,2,11南港區,南港區忠孝東路6段與東新街口,0,0,1,1,C03,6,1,5,50,4,1,1,4,4,5,7,1,1,1,4,4,2,11,2,28,2,9,1,1,7,9,1,10,2,11,,23,23,1,22,9,121.5851656,25.04808101
111,9,11,11,18,2,11南港區,南港區忠孝東路6段與東新街口,0,0,1,2,B03,6,1,5,50,4,1,1,4,4,5,7,1,1,1,4,4,2,11,1,29,3,10,1,1,7,5,1,8,2,1,,44,23,1,22,9,121.5851656,25.04808101
111,9,11,11,20,2,03中山區,中山區民族東路336號,0,0,1,1,B03,6,1,5,50,14,9,1,4,4,5,7,1,1,3,4,4,2,17,2,35,3,10,1,1,7,5,1,8,1,1,,8,8,1,22,9,121.5362952,25.06817801
111,9,11,11,20,2,03中山區,中山區民族東路336號,0,0,1,2,C03,6,1,5,50,14,9,1,4,4,5,7,1,1,3,4,4,2,17,2,36,2,9,1,1,7,9,6,8,1,14,12,44,8,1,22,9,121.5362952,25.06817801
111,9,11,11,50,2,10文山區,文山區興隆路2段203巷24號,0,0,1,1,B03,6,1,5,30,14,9,1,4,4,5,7,4,4,10,5,5,2,16,1,26,3,10,1,1,7,1,1,8,1,5,,19,19,1,22,9,121.5489821,25.00234189
111,9,11,11,50,2,10文山區,文山區興隆路2段203巷24號,0,0,1,2,C03,6,1,5,30,14,9,1,4,4,5,7,4,4,10,5,5,2,16,2,52,2,9,1,1,7,9,1,10,1,14,,44,19,1,22,9,121.5489821,25.00234189
111,9,11,11,50,2,10文山區,文山區興隆路2段203巷24號,0,0,1,3,B03,6,1,5,30,14,9,1,4,4,5,7,4,4,10,5,5,2,16,1,37,3,10,3,4,7,13,1,8,11,8,,44,19,1,22,9,121.5489821,25.00234189
111,9,11,12,5,2,02萬華區,萬華區西園路2段與西園路2段372巷口,0,0,2,1,C03,6,1,5,30,4,1,1,4,4,5,7,3,1,10,5,5,2,15,1,27,2,9,1,1,7,9,1,10,2,11,,26,26,1,22,9,121.4914469,25.0251031
111,9,11,12,5,2,02萬華區,萬華區西園路2段與西園路2段372巷口,0,0,2,2,B03,6,1,5,30,4,1,1,4,4,5,7,3,1,10,5,5,2,15,2,30,3,10,1,1,7,9,1,8,2,8,,13,26,1,22,9,121.4914469,25.0251031