發生年度,發生月,發生日,發生時-Hours,發生分,處理別-編號,區序,肇事地點,死亡人數,2-30日死亡人數,受傷人數,當事人序號,車種,天候,光線,道路類別,速限-速度限制,道路型態,事故位置,路面狀況1,路面狀況2,路面狀況3,道路障礙1,道路障礙2,號誌1,號誌2,車道劃分-分向,車道劃分-分道1,車道劃分-分道2,車道劃分-分道3,事故類型及型態,性別,年齡,受傷程度,主要傷處,安全帽,行動電話,車輛用途,當事者行動狀態,駕駛資格情形,駕駛執照種類,飲酒情形,車輛撞擊部位1,車輛撞擊部位2,肇因碼-個別,肇因碼-主要,個人肇逃否,職業,旅次目的,座標-X,座標-Y
111,9,11,12,5,2,02萬華區,萬華區西園路2段與西園路2段372巷口,0,0,2,3,H02,6,1,5,30,4,1,1,4,4,5,7,3,1,10,5,5,2,15,1,26,2,9,4,5,7,20,8,20,10,16,,67,26,1,22,9,121.4914469,25.0251031
111,9,11,12,40,2,11南港區,南港區忠孝東路6段與昆陽街口,0,0,1,1,B03,6,1,5,50,4,1,1,4,4,5,7,2,1,1,4,4,2,16,1,39,3,10,3,4,7,11,1,8,1,6,,10,10,1,22,9,121.5939621,25.05047433
111,9,11,12,40,2,11南港區,南港區忠孝東路6段與昆陽街口,0,0,1,2,C02,6,1,5,50,4,1,1,4,4,5,7,2,1,1,4,4,2,16,1,20,2,9,1,1,7,9,1,9,1,11,,13,10,1,22,9,121.5939621,25.05047433
111,9,11,14,43,2,04大安區,大安區市民大道3段288號,0,0,4,1,C03,6,1,5,40,14,9,1,4,4,5,7,4,4,8,3,5,2,12,1,45,2,9,1,1,7,7,1,10,1,14,,7,7,1,22,9,121.5431625,25.0446773
111,9,11,14,43,2,04大安區,大安區市民大道3段288號,0,0,4,2,C03,6,1,5,40,14,9,1,4,4,5,7,4,4,8,3,5,2,12,1,21,2,9,1,1,7,9,1,10,1,12,,44,7,1,22,9,121.5431625,25.0446773
111,9,11,14,43,2,04大安區,大安區市民大道3段288號,0,0,4,3,C03,6,1,5,40,14,9,1,4,4,5,7,4,4,8,3,5,2,12,1,28,2,9,1,1,7,9,1,10,1,11,,23,7,1,22,9,121.5431625,25.0446773
111,9,11,14,43,2,04大安區,大安區市民大道3段288號,0,0,4,4,C03,6,1,5,40,14,9,1,4,4,5,7,4,4,8,3,5,2,12,1,23,2,8,1,1,7,9,1,10,1,15,,44,7,1,22,9,121.5431625,25.0446773
111,9,11,14,51,2,02萬華區,萬華區艋舺大道與西園路1段口,0,0,1,1,C03,6,1,5,50,4,1,1,4,4,5,7,1,1,1,5,5,2,17,1,39,2,9,1,1,7,9,1,10,1,14,,13,13,1,22,9,121.498035,25.03326606
111,9,11,14,51,2,02萬華區,萬華區艋舺大道與西園路1段口,0,0,1,2,C03,6,1,5,50,4,1,1,4,4,5,7,1,1,1,5,5,2,17,1,31,3,10,1,1,7,8,1,10,1,15,,7,13,1,22,9,121.498035,25.03326606
111,9,11,14,51,2,02萬華區,萬華區艋舺大道與西園路1段口,0,0,1,3,,6,1,5,50,4,1,1,4,4,5,7,1,1,1,5,5,2,17,3,,,,,,,,,,,,,67,13,1,,,121.498035,25.03326606
111,9,11,15,58,2,08士林區,士林區東山路25巷81弄上山方向,0,0,1,1,B03,6,2,5,30,12,9,1,4,4,5,7,1,1,10,5,5,1,17,2,40,3,10,1,1,7,9,1,8,1,8,,25,25,1,21,8,121.5413752,25.12215495
111,9,11,15,58,2,08士林區,士林區東山路25巷81弄上山方向,0,0,1,2,C03,6,2,5,30,12,9,1,4,4,5,7,1,1,10,5,5,1,17,1,31,2,9,1,1,7,9,1,10,1,11,,44,25,1,21,8,121.5413752,25.12215495
111,9,11,16,11,2,10文山區,文山區辛亥路4段100號,0,0,1,1,B03,6,1,5,50,14,9,1,4,4,5,7,4,4,5,4,5,2,12,2,51,3,10,1,1,7,8,1,8,1,2,,7,7,1,22,9,121.5582939,25.0063287
111,9,11,16,11,2,10文山區,文山區辛亥路4段100號,0,0,1,2,C03,6,1,5,50,14,9,1,4,4,5,7,4,4,5,4,5,2,12,1,26,2,9,1,1,7,9,1,10,1,11,,23,7,1,22,9,121.5582939,25.0063287
111,9,11,16,22,2,07信義區,信義區忠孝東路5段468號,0,0,1,1,B03,6,1,5,50,14,9,1,4,4,5,7,4,4,10,4,5,2,13,2,23,3,10,1,1,7,9,1,8,1,1,,16,16,1,22,9,121.5767371,25.0407577
111,9,11,16,22,2,07信義區,信義區忠孝東路5段468號,0,0,1,2,F01,6,1,5,50,14,9,1,4,4,5,7,4,4,10,4,5,2,13,1,62,2,8,1,1,7,9,8,20,1,16,,44,16,1,22,9,121.5767371,25.0407577
111,9,11,16,38,2,10文山區,文山區木柵路4段33巷與木柵路4段口,0,0,1,1,B03,6,1,5,50,3,1,1,4,4,5,7,3,1,5,4,5,2,17,2,67,4,11,3,4,7,15,7,19,11,15,,6,6,2,22,9,121.5715449,24.9940369
111,9,11,16,38,2,10文山區,文山區木柵路4段33巷與木柵路4段口,0,0,1,2,C03,6,1,5,50,3,1,1,4,4,5,7,3,1,5,4,5,2,17,1,24,2,8,1,1,7,9,1,10,1,15,,44,6,1,22,9,121.5715449,24.9940369
111,9,11,16,40,2,01大同區,大同區延平北路4段與迪化街2段364巷口,0,0,1,1,B01,6,1,5,50,3,2,1,4,4,5,7,1,1,9,4,5,1,13,1,69,3,10,1,1,7,1,1,8,3,1,,23,23,1,22,9,121.5112316,25.07304174
111,9,11,16,40,2,01大同區,大同區延平北路4段與迪化街2段364巷口,0,0,1,2,C03,6,1,5,50,3,2,1,4,4,5,7,1,1,9,4,5,1,13,2,55,2,8,1,1,7,1,1,10,2,13,,44,23,1,22,9,121.5112316,25.07304174
111,9,11,17,12,2,03中山區,中山區民權東路2段與民權東路2段135巷口,0,0,1,1,B01,6,2,5,50,4,1,1,4,4,5,7,1,1,3,4,5,2,17,1,53,3,10,1,1,7,8,1,4,1,6,,7,7,1,22,9,121.5349742,25.06254641
111,9,11,17,12,2,03中山區,中山區民權東路2段與民權東路2段135巷口,0,0,1,2,C03,6,2,5,50,4,1,1,4,4,5,7,1,1,3,4,5,2,17,1,27,2,9,1,1,7,9,1,10,1,12,,23,7,1,22,9,121.5349742,25.06254641
111,9,11,17,20,2,05中正區,中正區重慶南路1段與開封街1段口,0,0,1,1,F01,6,2,5,50,14,9,1,4,4,5,7,4,4,10,4,5,2,17,1,16,3,10,1,1,7,9,8,20,2,16,,4,4,1,22,9,121.5131909,25.0458492
111,9,11,17,20,2,05中正區,中正區重慶南路1段與開封街1段口,0,0,1,2,C03,6,2,5,50,14,9,1,4,4,5,7,4,4,10,4,5,2,17,1,38,2,9,1,1,7,9,1,10,2,14,,42,4,1,22,9,121.5131909,25.0458492
111,9,11,17,37,2,12內湖區,內湖區金湖路與金湖路347巷口,0,0,1,1,B03,6,3,5,50,4,1,1,4,4,5,7,2,1,3,4,5,2,17,1,40,3,10,1,1,7,11,1,8,1,4,,10,10,1,22,9,121.6018911,25.07409194
111,9,11,17,37,2,12內湖區,內湖區金湖路與金湖路347巷口,0,0,1,2,C02,6,3,5,50,4,1,1,4,4,5,7,2,1,3,4,5,2,17,1,22,2,9,1,1,7,9,1,9,1,11,,23,10,1,22,9,121.6018911,25.07409194
111,9,11,18,10,2,01大同區,大同區寧夏路與民權西路160巷26弄口,0,0,1,1,B03,6,3,5,50,4,1,1,4,4,5,7,1,1,7,4,5,2,16,1,60,3,10,1,1,7,9,1,8,1,6,,23,23,1,22,9,121.5141444,25.0617527
111,9,11,18,10,2,01大同區,大同區寧夏路與民權西路160巷26弄口,0,0,1,2,C04,6,3,5,50,4,1,1,4,4,5,7,1,1,7,4,5,2,16,2,70,2,9,1,1,7,9,1,11,1,14,,44,23,1,22,9,121.5141444,25.0617527
111,9,11,18,30,2,05中正區,中正區中山南路與仁愛路1段口,0,0,1,1,C03,6,3,5,50,5,2,1,4,4,5,7,1,1,1,4,5,2,17,1,20,2,9,1,1,7,7,1,10,2,14,,7,7,1,22,9,121.5179231,25.0395091
111,9,11,18,30,2,05中正區,中正區中山南路與仁愛路1段口,0,0,1,2,B01,6,3,5,50,5,2,1,4,4,5,7,1,1,1,4,5,2,17,1,61,3,10,1,1,7,9,1,4,2,5,,44,7,1,22,9,121.5179231,25.0395091
111,9,11,19,2,2,05中正區,中正區和平西路1段與南昌路2段口,0,0,1,1,B01,6,3,5,50,5,1,1,4,4,5,7,1,1,1,4,4,2,12,1,57,3,10,1,1,7,9,1,4,2,2,,23,23,1,22,9,121.5209788,25.02687139
111,9,11,19,2,2,05中正區,中正區和平西路1段與南昌路2段口,0,0,1,2,C03,6,3,5,50,5,1,1,4,4,5,7,1,1,1,4,4,2,12,1,32,2,8,1,1,7,7,1,10,2,14,,7,23,1,22,9,121.5209788,25.02687139
111,9,11,19,54,2,08士林區,士林區承德路4段與大南路口口,0,0,2,1,B03,6,3,5,50,4,1,1,4,4,5,7,1,1,5,4,5,2,11,2,34,3,10,1,1,7,5,1,8,1,8,,6,,1,22,9,121.5216003,25.08884329
111,9,11,19,54,2,08士林區,士林區承德路4段與大南路口口,0,0,2,2,C03,6,3,5,50,4,1,1,4,4,5,7,1,1,5,4,5,2,11,2,42,2,8,1,1,7,9,1,10,1,11,,44,,1,22,9,121.5216003,25.08884329
111,9,11,19,54,2,08士林區,士林區承德路4段與大南路口口,0,0,2,3,H02,6,3,5,50,4,1,1,4,4,5,7,1,1,5,4,5,2,11,2,43,2,8,1,1,7,21,8,20,10,16,,67,,1,22,9,121.5216003,25.08884329
111,9,11,20,0,2,07信義區,信義區松壽路與一號道路口,0,0,1,1,C03,6,3,5,50,3,2,4,4,4,5,7,2,1,4,3,5,1,18,2,25,2,9,1,4,7,6,1,10,9,12,,42,42,1,22,9,121.5619943,25.0360842
111,9,11,20,0,2,07信義區,信義區松壽路與一號道路口,0,0,1,2,,6,3,5,50,3,2,4,4,4,5,7,2,1,4,3,5,1,18,3,,,,,,,,,,,,,67,42,1,,,121.5619943,25.0360842
111,9,11,20,36,2,11南港區,南港區市民大道7段與東新街口,0,0,1,1,B12,6,3,5,50,4,1,1,4,4,5,7,1,1,1,4,5,2,16,2,19,3,10,1,1,7,5,1,8,2,8,,8,8,1,22,9,121.5838971,25.04958273
111,9,11,20,36,2,11南港區,南港區市民大道7段與東新街口,0,0,1,2,C03,6,3,5,50,4,1,1,4,4,5,7,1,1,1,4,5,2,16,1,33,2,9,1,1,7,9,1,10,2,14,,44,8,1,22,9,121.5838971,25.04958273
111,9,11,21,47,2,05中正區,中正區臨沂街與臨沂街19巷口,0,0,1,1,B01,6,3,5,30,4,1,1,4,4,5,7,4,4,10,3,5,2,15,1,59,3,10,1,1,7,9,1,4,2,4,,6,6,1,22,9,121.5303798,25.0415854
111,9,11,21,47,2,05中正區,中正區臨沂街與臨沂街19巷口,0,0,1,2,C03,6,3,5,30,4,1,1,4,4,5,7,4,4,10,3,5,2,15,2,20,2,9,1,1,7,9,1,10,2,11,,13,6,1,22,9,121.5303798,25.0415854
111,9,11,23,20,2,05中正區,中正區和平西路2段與寧波西街口,0,0,1,1,C03,6,3,5,50,4,2,1,4,4,1,7,1,1,9,4,5,2,20,1,35,2,9,1,1,7,9,1,10,1,11,,23,23,1,22,9,121.512201,25.02908721
111,9,11,23,20,2,05中正區,中正區和平西路2段與寧波西街口,0,0,1,2,,6,3,5,50,4,2,1,4,4,1,7,1,1,9,4,5,2,20,3,,,,,,,,,,,,,67,23,1,,,121.512201,25.02908721
111,9,12,0,0,2,10文山區,文山區辛亥路5段與辛亥路5段73巷口,0,0,1,1,B01,6,3,5,50,3,1,1,4,4,5,7,2,1,1,4,5,2,16,1,49,3,10,1,1,7,5,1,4,2,4,,8,8,1,22,9,121.5530788,24.99824308
111,9,12,0,0,2,10文山區,文山區辛亥路5段與辛亥路5段73巷口,0,0,1,2,C03,6,3,5,50,3,1,1,4,4,5,7,2,1,1,4,5,2,16,1,20,2,9,1,1,7,9,1,10,2,11,,44,8,1,22,9,121.5530788,24.99824308
111,9,12,1,42,2,03中山區,中山區民權東路2段與建國北路2段口,0,0,1,1,B02,6,3,5,50,4,1,1,4,4,5,7,1,1,10,4,5,2,15,1,26,3,10,1,1,7,9,1,8,2,2,,25,25,1,22,9,121.5367814,25.0623149
111,9,12,1,42,2,03中山區,中山區民權東路2段與建國北路2段口,0,0,1,2,C03,6,3,5,50,4,1,1,4,4,5,7,1,1,10,4,5,2,15,1,32,2,9,1,1,7,9,1,10,2,11,,44,25,1,22,9,121.5367814,25.0623149
111,9,12,4,26,2,04大安區,大安區羅斯福路2段49號,0,0,1,1,B03,6,3,5,50,14,9,1,4,4,5,7,2,1,1,4,5,2,16,1,46,3,10,1,1,7,9,6,8,1,1,,43,43,1,21,8,121.5223353,25.02733042
111,9,12,4,26,2,04大安區,大安區羅斯福路2段49號,0,0,1,2,F01,6,3,5,50,14,9,1,4,4,5,7,2,1,1,4,5,2,16,1,46,2,8,1,1,7,9,8,20,1,16,,43,43,1,21,8,121.5223353,25.02733042
111,9,12,4,50,2,05中正區,中正區重慶南路3段與寧波西街口,0,0,1,1,B01,8,3,5,50,4,1,1,4,4,5,7,1,1,1,4,5,2,17,1,53,3,10,1,1,7,6,1,2,11,6,,9,9,2,22,9,121.515356,25.02979741
111,9,12,4,50,2,05中正區,中正區重慶南路3段與寧波西街口,0,0,1,2,C03,8,3,5,50,4,1,1,4,4,5,7,1,1,1,4,5,2,17,1,35,2,9,1,1,7,9,1,10,1,11,,44,9,1,22,9,121.515356,25.02979741
111,9,12,7,19,2,05中正區,中正區貴陽街1段與重慶南路1段口124號北側停車場出入口,0,0,2,1,B02,6,1,5,50,3,1,1,4,4,5,6,4,4,5,4,5,2,17,1,45,3,10,1,1,7,5,1,8,2,5,,8,8,1,22,9,121.5120357,25.0388428
111,9,12,7,19,2,05中正區,中正區貴陽街1段與重慶南路1段口124號北側停車場出入口,0,0,2,2,C03,6,1,5,50,3,1,1,4,4,5,6,4,4,5,4,5,2,17,2,40,2,9,1,1,7,9,1,10,2,14,,44,8,1,22,9,121.5120357,25.0388428
111,9,12,7,19,2,05中正區,中正區貴陽街1段與重慶南路1段口124號北側停車場出入口,0,0,2,3,H02,6,1,5,50,3,1,1,4,4,5,6,4,4,5,4,5,2,17,2,14,2,9,4,5,7,20,8,20,10,16,,67,8,1,22,9,121.5120357,25.0388428
111,9,12,7,25,2,10文山區,文山區木新路3段與樟新街口,0,0,1,1,C03,6,1,5,50,4,2,1,4,4,5,7,2,1,5,4,5,2,17,2,64,2,3,1,1,7,9,1,10,1,11,,43,43,1,22,9,121.5551322,24.9803111
111,9,12,7,25,2,10文山區,文山區木新路3段與樟新街口,0,0,1,2,B01,6,1,5,50,4,2,1,4,4,5,7,2,1,5,4,5,2,17,1,50,3,10,1,1,7,12,1,4,1,3,,43,43,1,22,9,121.5551322,24.9803111
111,9,12,7,25,2,07信義區,信義區松勇路與松仁路95巷口口,0,0,1,1,B03,6,1,5,30,3,1,1,4,4,5,7,4,4,5,5,5,2,17,1,48,3,10,1,1,7,5,1,8,1,1,,8,8,1,21,8,121.5697714,25.0365857
111,9,12,7,25,2,07信義區,信義區松勇路與松仁路95巷口口,0,0,1,2,C03,6,1,5,30,3,1,1,4,4,5,7,4,4,5,5,5,2,17,1,48,2,9,1,1,7,9,1,10,1,12,,14,8,1,21,8,121.5697714,25.0365857
111,9,12,7,30,2,08士林區,士林區至誠路2段51巷與至誠路2段口,0,0,1,1,B03,6,1,5,50,3,1,1,4,4,5,7,4,4,5,5,5,2,16,1,34,3,10,3,4,7,5,1,8,1,5,,8,8,1,22,9,121.5281788,25.10150552
111,9,12,7,30,2,08士林區,士林區至誠路2段51巷與至誠路2段口,0,0,1,2,C03,6,1,5,50,3,1,1,4,4,5,7,4,4,5,5,5,2,16,2,28,2,8,3,4,7,9,1,10,1,11,,44,8,1,22,9,121.5281788,25.10150552
111,9,12,7,37,2,11南港區,南港區經貿二路與南湖大橋口,0,0,1,1,C03,6,1,5,50,14,9,1,4,4,5,7,4,4,2,4,5,2,16,2,29,3,10,1,1,7,8,1,10,1,12,,23,23,1,22,9,121.6139591,25.0611303
111,9,12,7,37,2,11南港區,南港區經貿二路與南湖大橋口,0,0,1,2,C03,6,1,5,50,14,9,1,4,4,5,7,4,4,2,4,5,2,16,2,43,2,9,1,1,7,9,1,10,1,14,,17,23,1,22,9,121.6139591,25.0611303
111,9,12,7,37,2,11南港區,南港區經貿二路與南湖大橋口,0,0,1,3,H02,6,1,5,50,14,9,1,4,4,5,7,4,4,2,4,5,2,16,2,5,3,10,1,1,7,20,8,20,10,16,,67,23,1,22,9,121.6139591,25.0611303
111,9,12,7,45,2,09北投區,北投區明德路118巷23號,0,0,2,1,B03,6,1,5,30,11,9,1,4,4,5,7,4,4,10,5,5,1,17,1,64,3,10,1,1,7,1,1,8,1,5,,19,19,1,22,9,121.5212612,25.10941938
111,9,12,7,45,2,09北投區,北投區明德路118巷23號,0,0,2,2,C03,6,1,5,30,11,9,1,4,4,5,7,4,4,10,5,5,1,17,2,45,2,9,1,1,7,9,1,10,1,11,,44,19,1,22,9,121.5212612,25.10941938
111,9,12,7,45,2,09北投區,北投區明德路118巷23號,0,0,2,3,H02,6,1,5,30,11,9,1,4,4,5,7,4,4,10,5,5,1,17,2,9,2,9,4,5,7,20,8,20,1,16,,67,19,1,22,9,121.5212612,25.10941938
111,9,12,7,47,2,06松山區,松山區市民大道4段127號,0,0,2,2,C03,6,1,5,40,14,9,1,4,4,5,7,4,4,1,4,5,2,17,2,48,2,9,3,4,7,9,1,10,2,14,,44,42,1,22,9,121.5497697,25.04490607
111,9,12,7,47,2,06松山區,松山區市民大道4段127號,0,0,2,3,H02,6,1,5,40,14,9,1,4,4,5,7,4,4,1,4,5,2,17,2,18,2,9,4,5,7,20,8,20,10,16,,67,42,1,22,9,121.5497697,25.04490607
111,9,12,7,47,2,06松山區,松山區市民大道4段127號,0,0,2,1,C03,6,1,5,40,14,9,1,4,4,5,7,4,4,1,4,5,2,17,2,48,4,11,3,4,7,15,7,19,11,15,,42,42,2,22,9,121.5497697,25.04490607
111,9,12,7,47,2,06松山區,松山區市民大道4段127號,0,0,2,4,C03,6,1,5,40,14,9,1,4,4,5,7,4,4,1,4,5,2,17,1,66,4,11,1,1,7,5,1,10,11,15,,6,42,2,22,9,121.5497697,25.04490607
111,9,12,7,50,2,04大安區,大安區市民大道3段與新生北路1段口,0,0,2,1,C03,6,1,5,50,5,4,1,4,4,5,7,1,1,8,3,5,2,13,1,37,2,9,1,1,7,9,1,10,1,11,,23,23,1,22,9,121.5330108,25.0450576
111,9,12,7,50,2,04大安區,大安區市民大道3段與新生北路1段口,0,0,2,2,C03,6,1,5,50,5,4,1,4,4,5,7,1,1,8,3,5,2,13,1,32,2,9,1,1,7,14,1,10,1,12,,44,23,1,22,9,121.5330108,25.0450576
111,9,12,7,50,2,05中正區,中正區中正橋往北下橋處,0,0,1,1,B03,6,1,5,30,8,9,1,4,4,5,7,4,4,3,4,5,2,13,1,20,3,10,1,1,7,9,3,18,1,1,5,16,16,1,22,9,121.5167267,25.0220436
111,9,12,7,50,2,05中正區,中正區中正橋往北下橋處,0,0,1,2,C03,6,1,5,30,8,9,1,4,4,5,7,4,4,3,4,5,2,13,2,39,2,9,1,1,7,9,1,10,1,13,,25,16,1,22,9,121.5167267,25.0220436
111,9,12,7,50,2,05中正區,中正區中正橋往北下橋處,0,0,1,3,B03,6,1,5,30,8,9,1,4,4,5,7,4,4,3,4,5,2,13,1,40,3,10,1,1,7,9,1,8,1,7,,44,16,1,22,9,121.5167267,25.0220436
111,9,12,8,0,2,10文山區,文山區木柵路1段與辛亥路6段口,0,0,1,1,C03,6,1,5,50,4,1,1,4,4,5,7,1,1,5,4,5,2,16,1,18,3,10,3,4,7,5,1,10,2,12,,8,8,1,21,8,121.5523368,24.98779452
111,9,12,8,0,2,10文山區,文山區木柵路1段與辛亥路6段口,0,0,1,2,C03,6,1,5,50,4,1,1,4,4,5,7,1,1,5,4,5,2,16,2,77,2,9,3,4,7,9,1,10,2,11,,23,8,1,21,8,121.5523368,24.98779452
111,9,12,8,1,2,01大同區,大同區塔城街(捷運北門站2號出口),0,0,1,1,C03,6,1,5,50,14,9,1,4,4,5,7,4,4,5,4,5,2,13,2,51,2,9,1,4,7,9,1,10,2,11,,16,16,1,22,9,121.5103449,25.04949757
111,9,12,8,1,2,01大同區,大同區塔城街(捷運北門站2號出口),0,0,1,2,B03,6,1,5,50,14,9,1,4,4,5,7,4,4,5,4,5,2,13,2,31,3,10,1,4,7,9,1,8,2,6,,44,16,1,22,9,121.5103449,25.04949757
111,9,12,8,10,2,09北投區,北投區大度路3段185號,0,0,1,1,C03,6,1,5,50,14,9,1,4,4,5,7,4,4,1,4,5,2,13,1,36,2,9,1,1,7,9,1,10,1,11,,43,43,1,22,9,121.470731,25.12275998
111,9,12,8,10,2,09北投區,北投區大度路3段185號,0,0,1,2,C03,6,1,5,50,14,9,1,4,4,5,7,4,4,1,4,5,2,13,1,40,3,10,1,1,7,9,1,10,1,13,,43,43,1,22,9,121.470731,25.12275998
111,9,12,8,15,2,01大同區,大同區承德路3段與承德路3段208巷口,0,0,1,1,C03,6,1,5,50,4,2,1,4,4,5,7,1,1,1,4,5,2,13,2,32,2,9,1,1,7,9,1,10,2,11,,16,16,1,22,9,121.5183716,25.0704607
111,9,12,8,15,2,01大同區,大同區承德路3段與承德路3段208巷口,0,0,1,2,B03,6,1,5,50,4,2,1,4,4,5,7,1,1,1,4,5,2,13,1,44,3,10,1,1,7,9,1,8,2,6,,44,16,1,22,9,121.5183716,25.0704607
111,9,12,8,20,2,07信義區,信義區永吉路180巷與虎林街120巷口,0,0,1,1,C03,6,1,5,30,4,1,1,4,4,5,7,4,4,10,5,5,2,15,1,32,2,9,1,1,7,9,1,10,1,12,,6,6,1,21,8,121.5714064,25.0422515
111,9,12,8,20,2,07信義區,信義區永吉路180巷與虎林街120巷口,0,0,1,2,B03,6,1,5,30,4,1,1,4,4,5,7,4,4,10,5,5,2,15,1,37,3,10,1,1,7,9,1,8,1,8,,13,6,1,21,8,121.5714064,25.0422515
111,9,12,8,27,2,12內湖區,內湖區成功路3段與星雲街口口,0,0,1,1,B03,6,1,5,40,4,1,1,4,4,5,7,2,1,5,5,5,2,12,1,42,3,10,1,1,7,6,1,8,2,2,,9,9,1,22,9,121.5900407,25.07752779
111,9,12,8,27,2,12內湖區,內湖區成功路3段與星雲街口口,0,0,1,2,C03,6,1,5,40,4,1,1,4,4,5,7,2,1,5,5,5,2,12,2,55,2,9,1,1,7,9,1,10,1,14,,44,9,1,22,9,121.5900407,25.07752779
111,9,12,8,30,2,12內湖區,內湖區內湖路1段737巷50弄35號前,0,0,1,1,C03,6,1,5,50,14,9,1,4,4,5,7,4,4,9,4,5,2,3,1,31,3,10,1,1,7,9,1,10,2,11,,23,23,1,22,9,121.5790082,25.0808251
111,9,12,8,30,2,12內湖區,內湖區內湖路1段737巷50弄35號前,0,0,1,2,H01,6,1,5,50,14,9,1,4,4,5,7,4,4,9,4,5,2,3,2,66,2,8,4,5,8,16,8,20,10,16,,51,23,1,22,9,121.5790082,25.0808251
111,9,12,8,41,2,04大安區,大安區忠孝東路3段84號,0,0,1,1,B01,7,1,5,50,14,9,1,4,4,5,7,4,4,1,4,1,2,17,1,62,3,10,1,1,7,8,1,4,1,15,,7,7,1,22,9,121.5357528,25.0416432
111,9,12,8,41,2,04大安區,大安區忠孝東路3段84號,0,0,1,2,C03,7,1,5,50,14,9,1,4,4,5,7,4,4,1,4,1,2,17,1,39,2,9,1,1,7,9,1,10,1,15,,44,7,1,22,9,121.5357528,25.0416432
111,9,12,8,43,2,03中山區,中山區松江路與民權東路2段口,0,0,1,1,C03,6,1,5,50,4,2,1,4,4,5,7,1,1,1,4,5,2,13,2,49,2,9,1,1,7,9,3,18,1,14,,16,16,1,22,9,121.5333278,25.0621436
111,9,12,8,43,2,03中山區,中山區松江路與民權東路2段口,0,0,1,2,B03,6,1,5,50,4,2,1,4,4,5,7,1,1,1,4,5,2,13,2,28,3,10,1,1,7,12,1,8,1,6,,44,16,1,22,9,121.5333278,25.0621436
111,9,12,8,50,2,12內湖區,內湖區金龍路與內湖路3段141巷口口,0,0,2,1,C03,6,1,5,50,4,1,1,4,4,5,7,2,1,5,4,5,2,16,1,71,2,8,1,1,7,5,1,10,1,11,,6,6,1,22,9,121.5892233,25.08623295
111,9,12,8,50,2,12內湖區,內湖區金龍路與內湖路3段141巷口口,0,0,2,2,C03,6,1,5,50,4,1,1,4,4,5,7,2,1,5,4,5,2,16,1,21,2,9,1,1,7,9,1,10,1,14,,44,6,1,22,9,121.5892233,25.08623295
111,9,12,8,55,2,10文山區,文山區興隆路1段與興順街口,0,0,1,1,C03,6,1,5,50,3,1,1,4,4,5,7,1,1,1,4,5,2,16,2,28,3,10,1,1,7,5,1,10,1,13,,8,8,1,22,9,121.543179,25.0005976
111,9,12,8,55,2,10文山區,文山區興隆路1段與興順街口,0,0,1,2,C03,6,1,5,50,3,1,1,4,4,5,7,1,1,1,4,5,2,16,1,60,2,9,1,1,7,9,1,10,1,11,,13,8,1,22,9,121.543179,25.0005976
111,9,12,8,56,2,12內湖區,內湖區新明路與新明路321巷口,0,0,1,2,B01,6,1,5,50,3,1,1,4,4,5,7,1,1,5,4,5,2,16,1,57,3,10,1,1,7,9,1,4,1,1,,44,6,1,22,9,121.5844413,25.0569569
111,9,12,8,56,2,12內湖區,內湖區新明路與新明路321巷口,0,0,1,1,C03,6,1,5,50,3,1,1,4,4,5,7,1,1,5,4,5,2,16,2,58,2,9,1,1,7,5,1,10,1,12,,6,6,1,22,9,121.5844413,25.0569569
111,9,12,9,28,2,03中山區,中山區林森北路與錦州街口,0,0,2,1,C03,7,1,5,50,4,1,1,4,4,5,7,2,1,5,4,5,2,16,1,47,2,9,1,4,7,5,1,10,1,12,,8,8,1,22,9,121.5256178,25.0603666
111,9,12,9,28,2,03中山區,中山區林森北路與錦州街口,0,0,2,2,C03,7,1,5,50,4,1,1,4,4,5,7,2,1,5,4,5,2,16,1,21,2,9,1,4,7,9,1,10,1,11,,44,8,1,22,9,121.5256178,25.0603666
111,9,12,9,30,2,12內湖區,內湖區康寧路3段75巷94號對面,0,0,1,1,B03,6,1,5,50,12,9,1,4,4,5,7,4,4,9,5,5,2,17,1,24,3,10,1,1,7,5,1,8,2,15,,8,8,1,22,9,121.610641,25.07608835
111,9,12,9,30,2,12內湖區,內湖區康寧路3段75巷94號對面,0,0,1,2,C03,6,1,5,50,12,9,1,4,4,5,7,4,4,9,5,5,2,17,1,69,2,9,1,1,7,9,1,10,1,14,,13,8,1,22,9,121.610641,25.07608835
111,9,12,9,31,2,07信義區,信義區信義路5段117號,0,0,1,1,C03,6,1,5,30,11,9,1,4,4,5,7,4,4,9,4,5,2,18,2,31,2,9,1,1,7,6,1,10,1,12,,42,42,1,22,9,121.5734474,25.0339347
111,9,12,9,31,2,07信義區,信義區信義路5段117號,0,0,1,2,,6,1,5,30,11,9,1,4,4,5,7,4,4,9,4,5,2,18,3,,,,,,,,,,,,,67,42,1,,,121.5734474,25.0339347
111,9,12,9,31,2,07信義區,信義區信義路5段117號,0,0,1,3,B01,6,1,5,30,11,9,1,4,4,5,7,4,4,9,4,5,2,18,1,54,3,10,1,1,7,14,1,4,1,15,,38,42,1,22,9,121.5734474,25.0339347
111,9,12,9,50,2,08士林區,士林區至善路2段252號電燈桿,0,0,1,1,C03,7,1,5,50,14,8,1,4,4,5,7,4,4,1,4,4,2,17,2,19,2,7,1,1,7,8,1,10,1,12,,43,43,1,22,9,121.5432148,25.09707476