發生年度,發生月,發生日,發生時-Hours,發生分,處理別-編號,區序,肇事地點,死亡人數,2-30日死亡人數,受傷人數,當事人序號,車種,天候,光線,道路類別,速限-速度限制,道路型態,事故位置,路面狀況1,路面狀況2,路面狀況3,道路障礙1,道路障礙2,號誌1,號誌2,車道劃分-分向,車道劃分-分道1,車道劃分-分道2,車道劃分-分道3,事故類型及型態,性別,年齡,受傷程度,主要傷處,安全帽,行動電話,車輛用途,當事者行動狀態,駕駛資格情形,駕駛執照種類,飲酒情形,車輛撞擊部位1,車輛撞擊部位2,肇因碼-個別,肇因碼-主要,個人肇逃否,職業,旅次目的,座標-X,座標-Y
111,9,12,9,50,2,08士林區,士林區至善路2段252號電燈桿,0,0,1,2,C03,7,1,5,50,14,8,1,4,4,5,7,4,4,1,4,4,2,17,2,25,3,10,1,1,7,9,1,10,1,14,,43,43,1,22,9,121.5432148,25.09707476
111,9,12,9,59,2,06松山區,松山區三民路88號,0,0,1,1,A12,6,1,5,50,14,8,1,4,4,5,7,2,1,1,4,5,2,11,1,60,3,10,1,1,7,5,1,7,1,6,,8,8,1,22,9,121.5636296,25.05687144
111,9,12,9,59,2,06松山區,松山區三民路88號,0,0,1,2,C03,6,1,5,50,14,8,1,4,4,5,7,2,1,1,4,5,2,11,1,20,2,9,1,1,7,9,1,10,1,11,,44,8,1,22,9,121.5636296,25.05687144
111,9,12,10,45,2,09北投區,北投區自強街5巷與文林北路口,0,0,1,1,B03,6,1,5,30,3,2,1,4,4,4,6,4,4,10,5,5,1,3,1,56,3,10,1,1,7,5,1,8,1,5,,15,15,1,22,9,121.5120651,25.11030393
111,9,12,10,45,2,09北投區,北投區自強街5巷與文林北路口,0,0,1,2,H01,6,1,5,30,3,2,1,4,4,4,6,4,4,10,5,5,1,3,2,72,2,9,4,5,8,16,8,20,1,16,,67,15,1,22,9,121.5120651,25.11030393
111,9,12,10,58,2,03中山區,中山區中山北路3段與農安街口,0,0,1,1,F01,6,1,5,50,4,1,1,4,4,5,7,1,1,5,5,5,2,16,2,79,2,8,1,1,7,9,8,20,1,16,,25,25,1,22,9,121.5223545,25.06492251
111,9,12,10,58,2,03中山區,中山區中山北路3段與農安街口,0,0,1,2,B01,6,1,5,50,4,1,1,4,4,5,7,1,1,5,5,5,2,16,1,51,3,10,1,1,7,9,1,4,1,1,,44,25,1,22,9,121.5223545,25.06492251
111,9,12,11,0,2,12內湖區,內湖區環山路1段與環山路1段136巷口,0,0,1,1,C03,8,1,5,50,4,4,1,4,4,5,7,2,1,9,4,5,2,12,4,,4,11,3,4,7,15,7,19,11,15,,43,43,2,22,9,121.5689254,25.08645361
111,9,12,11,0,2,12內湖區,內湖區環山路1段與環山路1段136巷口,0,0,1,2,C03,8,1,5,50,4,4,1,4,4,5,7,2,1,9,4,5,2,12,1,58,2,9,1,1,7,9,1,10,1,14,,43,43,1,22,9,121.5689254,25.08645361
111,9,12,11,6,2,03中山區,中山區中山北路1段103號,0,0,1,1,C03,6,1,5,50,14,9,1,4,4,5,7,4,4,1,4,1,1,17,1,69,2,9,1,1,7,8,1,10,2,12,,7,7,1,22,9,121.5230036,25.0561769
111,9,12,11,6,2,03中山區,中山區中山北路1段103號,0,0,1,2,C03,6,1,5,50,14,9,1,4,4,5,7,4,4,1,4,1,1,17,1,28,3,10,1,1,7,9,1,10,2,14,,23,7,1,22,9,121.5230036,25.0561769
111,9,12,11,10,2,12內湖區,內湖區康樂街136巷與康樂街136巷15弄口口,0,0,1,1,B03,6,1,5,30,4,1,1,4,4,5,7,4,4,10,5,5,2,3,2,70,3,10,1,1,7,5,1,8,1,8,,23,23,1,22,9,121.6184376,25.07195093
111,9,12,11,10,2,12內湖區,內湖區康樂街136巷與康樂街136巷15弄口口,0,0,1,2,H01,6,1,5,30,4,1,1,4,4,5,7,4,4,10,5,5,2,3,2,72,2,9,4,5,8,16,8,20,10,16,,67,23,1,22,9,121.6184376,25.07195093
111,9,12,11,20,2,03中山區,中山區敬業二路與植福路口,0,0,1,1,B01,6,1,5,50,4,1,1,4,4,5,7,2,1,4,5,5,2,11,1,57,3,10,3,4,7,5,1,4,2,8,,6,6,1,22,9,121.5544355,25.08395676
111,9,12,11,20,2,03中山區,中山區敬業二路與植福路口,0,0,1,2,C03,6,1,5,50,4,1,1,4,4,5,7,2,1,4,5,5,2,11,1,61,2,9,3,4,7,9,1,10,2,11,,44,6,1,22,9,121.5544355,25.08395676
111,9,12,11,48,2,08士林區,士林區福德路與基河路口,0,0,1,1,A11,6,1,5,0,15,20,4,4,4,5,7,1,1,10,5,5,2,8,1,46,3,10,1,1,7,2,1,1,1,3,,12,12,1,22,9,121.5207799,25.0920776
111,9,12,11,48,2,08士林區,士林區福德路與基河路口,0,0,1,2,H01,6,1,5,0,15,20,4,4,4,5,7,1,1,10,5,5,2,8,2,35,2,1,4,5,8,17,8,20,10,16,,67,12,1,22,9,121.5207799,25.0920776
111,9,12,11,48,2,08士林區,士林區福德路與基河路口,0,0,1,3,H01,6,1,5,0,15,20,4,4,4,5,7,1,1,10,5,5,2,8,2,33,3,10,4,5,8,17,8,20,10,16,,67,12,1,22,9,121.5207799,25.0920776
111,9,12,12,30,2,05中正區,中正區濟南路2段與臨沂街33巷口,0,0,1,1,C03,6,1,5,30,4,1,1,4,4,5,7,4,4,5,4,5,2,15,2,33,2,9,1,1,7,9,1,10,2,11,,6,6,1,22,9,121.531585,25.0402964
111,9,12,12,30,2,05中正區,中正區濟南路2段與臨沂街33巷口,0,0,1,2,B01,6,1,5,30,4,1,1,4,4,5,7,4,4,5,4,5,2,15,1,68,3,10,1,1,7,9,1,4,2,5,,14,6,1,22,9,121.531585,25.0402964
111,9,12,12,44,2,02萬華區,萬華區西園路2段與莒光路口,0,0,1,1,B01,6,1,5,50,4,1,1,4,4,5,7,1,1,1,4,5,2,16,1,67,3,10,1,1,7,6,1,4,1,2,,6,6,1,22,9,121.496949,25.03103872
111,9,12,12,44,2,02萬華區,萬華區西園路2段與莒光路口,0,0,1,2,C03,6,1,5,50,4,1,1,4,4,5,7,1,1,1,4,5,2,16,1,20,2,7,1,1,7,9,1,10,1,11,,16,6,1,22,9,121.496949,25.03103872
111,9,12,12,54,2,09北投區,北投區立農街1段與立農街1段320巷口,0,0,1,1,C03,6,1,5,30,4,1,1,4,4,5,7,4,4,10,5,5,2,15,1,43,2,9,1,1,7,9,1,10,1,12,,6,6,1,22,9,121.5042797,25.120146
111,9,12,12,54,2,09北投區,北投區立農街1段與立農街1段320巷口,0,0,1,2,B01,6,1,5,30,4,1,1,4,4,5,7,4,4,10,5,5,2,15,1,49,3,10,1,1,7,9,1,8,1,1,,14,6,1,22,9,121.5042797,25.120146
111,9,12,13,14,2,05中正區,中正區重慶南路2段7巷與湖口街口,0,0,1,1,B03,6,1,5,50,14,9,1,4,4,5,7,4,4,9,4,5,2,12,2,54,3,10,1,1,7,6,1,8,2,5,,42,42,1,22,9,121.5144243,25.0337486
111,9,12,13,14,2,05中正區,中正區重慶南路2段7巷與湖口街口,0,0,1,2,C03,6,1,5,50,14,9,1,4,4,5,7,4,4,9,4,5,2,12,2,19,2,9,1,1,7,9,1,10,2,11,,42,42,1,22,9,121.5144243,25.0337486
111,9,12,13,14,2,07信義區,信義區松平路與松仁路口,0,0,1,1,F03,6,1,5,50,4,1,1,4,4,5,7,1,1,5,4,5,2,12,2,61,2,8,1,1,7,5,8,20,1,16,,8,8,1,22,9,121.5682981,25.0305099
111,9,12,13,14,2,07信義區,信義區松平路與松仁路口,0,0,1,2,B02,6,1,5,50,4,1,1,4,4,5,7,1,1,5,4,5,2,12,1,54,3,10,3,4,7,9,1,8,1,2,,44,8,1,22,9,121.5682981,25.0305099
111,9,12,13,17,2,09北投區,北投區中央北路2段335號與中央北路2段口,0,0,2,1,B12,1,3,5,50,14,9,1,4,4,5,7,4,4,9,4,5,2,12,1,69,3,10,1,1,7,13,1,8,1,1,,43,43,1,22,9,121.4889295,25.13843291
111,9,12,13,17,2,09北投區,北投區中央北路2段335號與中央北路2段口,0,0,2,2,C03,1,3,5,50,14,9,1,4,4,5,7,4,4,9,4,5,2,12,1,18,2,9,1,1,7,9,1,10,1,11,,43,43,1,22,9,121.4889295,25.13843291
111,9,12,13,17,2,09北投區,北投區中央北路2段335號與中央北路2段口,0,0,2,3,H02,1,3,5,50,14,9,1,4,4,5,7,4,4,9,4,5,2,12,2,18,2,9,4,5,7,21,8,20,10,15,,67,43,1,22,9,121.4889295,25.13843291
111,9,12,14,10,2,03中山區,中山區建國高架道與建國高架道口往北，民族東路上方,0,0,1,1,B03,6,1,5,70,10,9,1,4,4,5,7,4,4,1,4,5,2,13,1,69,3,10,3,4,7,9,1,8,1,1,,16,16,1,22,9,121.5340224,25.06754496
111,9,12,14,10,2,03中山區,中山區建國高架道與建國高架道口往北，民族東路上方,0,0,1,2,B12,6,1,5,70,10,9,1,4,4,5,7,4,4,1,4,5,2,13,1,44,3,10,3,4,7,14,1,8,1,3,,44,16,1,22,9,121.5340224,25.06754496
111,9,12,14,10,2,03中山區,中山區建國高架道與建國高架道口往北，民族東路上方,0,0,1,3,B03,6,1,5,70,10,9,1,4,4,5,7,4,4,1,4,5,2,13,1,29,3,10,3,4,7,9,1,8,1,3,,44,16,1,22,9,121.5340224,25.06754496
111,9,12,14,10,2,03中山區,中山區建國高架道與建國高架道口往北，民族東路上方,0,0,1,4,H02,6,1,5,70,10,9,1,4,4,5,7,4,4,1,4,5,2,13,2,33,2,9,4,5,7,20,8,20,10,16,,67,16,1,22,9,121.5340224,25.06754496
111,9,12,14,18,2,08士林區,士林區堤外便道與百齡堤外停車場口(槌球場南側停車場出入口),0,0,1,1,B03,6,1,5,30,4,1,1,4,4,5,7,4,4,10,5,5,2,17,1,33,3,10,3,4,7,1,1,8,1,4,,19,19,1,22,9,121.512662,25.08589408
111,9,12,14,18,2,08士林區,士林區堤外便道與百齡堤外停車場口(槌球場南側停車場出入口),0,0,1,2,C03,6,1,5,30,4,1,1,4,4,5,7,4,4,10,5,5,2,17,1,26,2,9,1,1,7,9,1,10,1,11,,14,19,1,22,9,121.512662,25.08589408
111,9,12,14,30,2,03中山區,中山區長安東路1段與長安東路1段53巷口,0,0,1,1,B12,6,1,5,50,4,1,1,4,4,5,7,1,1,10,5,5,2,3,1,36,3,10,1,1,7,6,1,8,1,2,,15,15,1,22,9,121.5263385,25.04877535
111,9,12,14,30,2,03中山區,中山區長安東路1段與長安東路1段53巷口,0,0,1,2,H01,6,1,5,50,4,1,1,4,4,5,7,1,1,10,5,5,2,3,1,73,2,8,4,5,8,16,8,20,1,16,,67,15,1,22,9,121.5263385,25.04877535
111,9,12,15,55,2,06松山區,松山區吉祥路14號,0,0,2,1,C03,6,1,5,30,14,9,1,4,4,5,7,4,4,5,4,5,2,17,1,24,2,9,1,1,7,5,1,10,1,12,,6,6,1,22,9,121.5626059,25.04923146
111,9,12,15,55,2,06松山區,松山區吉祥路14號,0,0,2,2,C03,6,1,5,30,14,9,1,4,4,5,7,4,4,5,4,5,2,17,1,26,2,9,1,1,7,9,1,10,1,11,,44,6,1,22,9,121.5626059,25.04923146
111,9,12,16,31,2,04大安區,大安區市民大道3段188號,0,0,1,1,C03,6,1,5,40,14,9,1,4,4,5,7,4,4,1,4,5,2,16,1,71,2,9,1,1,7,9,1,10,1,14,,44,44,1,22,9,121.5378099,25.0443422
111,9,12,16,31,2,04大安區,大安區市民大道3段188號,0,0,1,2,C03,6,1,5,40,14,9,1,4,4,5,7,4,4,1,4,5,2,16,1,19,3,10,1,1,7,8,1,10,1,12,,7,44,1,22,9,121.5378099,25.0443422
111,9,12,16,40,2,03中山區,中山區民權東路2段29號前,0,0,2,1,C03,1,1,5,50,14,9,1,4,4,5,7,4,4,1,4,5,2,16,2,61,2,9,3,4,7,8,1,10,1,14,,7,7,1,22,9,121.5293494,25.06268005
111,9,12,16,40,2,03中山區,中山區民權東路2段29號前,0,0,2,2,C03,1,1,5,50,14,9,1,4,4,5,7,4,4,1,4,5,2,16,1,67,2,7,3,4,7,8,1,10,1,12,,23,7,1,22,9,121.5293494,25.06268005
111,9,12,16,56,2,04大安區,大安區基隆路2段與敦化南路2段口,0,0,1,1,C03,6,2,5,50,14,9,1,4,4,5,7,2,1,8,3,5,1,17,1,53,2,9,1,1,7,9,1,10,1,14,,42,42,1,21,8,121.5490968,25.02114238
111,9,12,16,56,2,04大安區,大安區基隆路2段與敦化南路2段口,0,0,1,2,B12,6,2,5,50,14,9,1,4,4,5,7,2,1,8,3,5,1,17,1,39,3,10,1,1,7,9,1,8,1,7,,44,42,1,5,3,121.5490968,25.02114238
111,9,12,17,20,2,09北投區,北投區大業路與大度路1段口,0,0,1,1,C03,6,1,5,60,5,1,1,4,4,5,7,2,1,1,4,5,2,16,1,56,2,9,3,4,7,5,1,10,1,11,,8,8,1,22,9,121.4996218,25.1209344
111,9,12,17,20,2,09北投區,北投區大業路與大度路1段口,0,0,1,2,B12,6,1,5,60,5,1,1,4,4,5,7,2,1,1,4,5,2,16,1,30,3,10,3,4,7,9,1,8,1,5,,23,8,1,22,9,121.4996218,25.1209344
111,9,12,17,20,2,10文山區,文山區景文街與景美街口,0,0,2,1,C03,6,2,5,50,3,1,1,4,4,5,7,4,4,9,4,5,2,16,1,66,2,7,1,1,7,5,1,10,2,12,,6,6,1,22,9,121.5413478,24.9922581
111,9,12,17,20,2,10文山區,文山區景文街與景美街口,0,0,2,2,C03,6,2,5,50,3,1,1,4,4,5,7,4,4,9,4,5,2,16,1,57,2,9,1,1,7,9,1,10,2,11,,14,6,1,22,9,121.5413478,24.9922581
111,9,12,17,24,2,05中正區,中正區中華路1段與愛國西路口,0,0,1,1,B03,6,1,5,50,5,1,1,4,4,5,7,2,1,1,2,1,2,15,1,40,3,10,1,1,7,1,1,8,2,1,,23,23,1,22,9,121.5069793,25.0375159
111,9,12,17,24,2,05中正區,中正區中華路1段與愛國西路口,0,0,1,2,C03,6,1,5,50,5,1,1,4,4,5,7,2,1,1,2,1,2,15,1,39,2,8,1,1,7,9,1,10,2,14,,44,23,1,22,9,121.5069793,25.0375159
111,9,12,17,25,2,07信義區,信義區一號道路南向北,0,0,1,1,C03,8,1,8,50,15,22,4,4,4,5,7,4,4,10,3,5,2,18,1,18,2,9,1,1,7,9,1,10,1,11,,43,43,1,22,9,121.561992,25.03613768
111,9,12,17,25,2,07信義區,信義區一號道路南向北,0,0,1,2,,8,1,8,50,15,22,4,4,4,5,7,4,4,10,3,5,2,18,3,,,,,,,,,,,,,67,43,1,,,121.561992,25.03613768
111,9,12,17,27,2,11南港區,南港區南港路1段與三重路口,0,0,1,1,C03,1,1,5,50,4,1,1,4,4,5,7,2,1,5,4,5,2,16,1,25,2,7,1,1,7,5,1,10,2,11,,43,43,1,21,8,121.613945,25.05524742
111,9,12,17,27,2,11南港區,南港區南港路1段與三重路口,0,0,1,2,,1,1,5,50,4,1,1,4,4,5,7,2,1,5,4,5,2,16,4,,4,11,3,4,7,15,7,19,11,15,,43,43,2,22,9,121.613945,25.05524742
111,9,12,17,30,2,12內湖區,內湖區成功路2段456巷與成功路2段口無名巷口,0,0,2,1,C03,6,3,5,30,3,2,1,4,4,5,7,4,4,10,5,5,2,17,1,21,2,8,1,1,7,9,1,10,1,11,,16,16,1,22,9,121.5886055,25.07314006
111,9,12,17,30,2,12內湖區,內湖區成功路2段456巷與成功路2段口無名巷口,0,0,2,2,C03,6,3,5,30,3,2,1,4,4,5,7,4,4,10,5,5,2,17,1,53,2,6,1,1,7,9,1,10,1,13,,44,16,1,22,9,121.5886055,25.07314006
111,9,12,17,40,2,12內湖區,內湖區行忠路與行善路口口,0,0,1,1,B03,6,1,5,50,4,1,1,4,4,5,7,2,1,5,4,5,2,12,1,43,3,10,1,1,7,6,1,8,1,2,,9,9,1,22,9,121.5856837,25.0663199
111,9,12,17,40,2,12內湖區,內湖區行忠路與行善路口口,0,0,1,2,C03,6,1,5,50,4,1,1,4,4,5,7,2,1,5,4,5,2,12,1,45,2,9,1,1,7,9,1,10,1,14,,44,9,1,22,9,121.5856837,25.0663199
111,9,12,17,41,2,03中山區,中山區南京東路3段77號,0,0,1,1,C03,6,3,5,50,14,7,1,4,4,5,7,4,4,1,3,4,2,13,1,33,2,8,1,1,7,7,1,10,1,11,,7,7,1,22,9,121.5385401,25.0520589
111,9,12,17,41,2,03中山區,中山區南京東路3段77號,0,0,1,2,B02,6,3,5,50,14,7,1,4,4,5,7,4,4,1,3,4,2,13,1,45,3,10,1,1,7,9,1,8,1,3,,44,7,1,22,9,121.5385401,25.0520589
111,9,12,17,45,2,03中山區,中山區南京東路3段與建國北路2段口,0,0,2,1,C03,6,3,5,50,4,1,1,4,4,5,7,1,1,5,4,4,2,17,1,26,2,9,1,4,7,9,1,10,1,13,,16,16,1,22,9,121.5368505,25.05189043
111,9,12,17,45,2,03中山區,中山區南京東路3段與建國北路2段口,0,0,2,2,C03,6,3,5,50,4,1,1,4,4,5,7,1,1,5,4,4,2,17,2,26,2,9,1,4,7,15,1,10,1,13,,44,16,1,22,9,121.5368505,25.05189043
111,9,12,18,10,2,01大同區,大同區鄭州路與塔城街口,0,0,1,2,C04,6,3,5,50,4,2,1,4,4,5,7,2,1,5,2,5,2,17,2,71,2,9,1,1,7,9,1,11,1,11,,43,43,1,22,9,121.510561,25.0503669
111,9,12,18,10,2,01大同區,大同區鄭州路與塔城街口,0,0,1,1,H01,6,3,5,50,4,2,1,4,4,5,7,2,1,5,2,5,2,17,4,,4,11,3,4,7,15,7,19,11,15,,43,43,2,22,9,121.510561,25.0503669
111,9,12,18,20,2,04大安區,大安區忠孝東路3段248巷9-1號前,0,0,2,1,C03,6,3,5,30,14,9,1,4,4,5,7,4,4,10,5,5,2,9,1,45,2,9,1,4,7,9,1,10,11,11,,23,23,1,22,9,121.5413,25.0409724
111,9,12,18,20,2,04大安區,大安區忠孝東路3段248巷9-1號前,0,0,2,2,H01,6,3,5,30,14,9,1,4,4,5,7,4,4,10,5,5,2,9,1,30,2,9,4,5,8,20,8,20,11,16,,67,23,1,22,9,121.5413,25.0409724
111,9,12,18,26,2,04大安區,大安區基隆路2段與基隆路2段291巷口,0,0,1,1,C03,6,3,5,50,3,2,1,4,4,5,7,4,4,8,3,5,1,12,1,43,3,10,1,1,7,6,1,9,1,12,,9,9,1,21,7,121.5493644,25.0213864
111,9,12,18,26,2,04大安區,大安區基隆路2段與基隆路2段291巷口,0,0,1,2,C03,6,3,5,50,3,2,1,4,4,5,7,4,4,8,3,5,1,12,2,46,2,8,1,1,7,9,1,10,1,11,,44,9,1,5,1,121.5493644,25.0213864
111,9,12,18,36,2,07信義區,信義區松仁路與忠孝東路5段236巷2弄口,0,0,1,1,C03,6,3,5,50,4,1,1,4,4,5,7,4,4,1,4,5,2,11,2,27,2,8,1,1,7,5,1,10,1,14,,8,8,1,22,9,121.5684392,25.04043089
111,9,12,18,36,2,07信義區,信義區松仁路與忠孝東路5段236巷2弄口,0,0,1,2,B02,6,3,5,50,4,1,1,4,4,5,7,4,4,1,4,5,2,11,1,28,3,10,1,1,7,5,1,8,1,1,,23,8,1,22,9,121.5684392,25.04043089
111,9,12,19,0,2,08士林區,士林區福林路100巷與福林路口,0,0,1,1,B03,6,3,5,50,3,1,1,4,4,5,7,3,1,5,5,5,2,3,1,39,3,10,1,1,7,5,1,8,2,8,,23,23,1,22,9,121.5311606,25.09575906
111,9,12,19,0,2,08士林區,士林區福林路100巷與福林路口,0,0,1,2,H01,6,3,5,50,3,1,1,4,4,5,7,3,1,5,5,5,2,3,1,63,2,8,4,5,8,16,8,20,10,16,,51,23,1,22,9,121.5311606,25.09575906
111,9,12,19,10,2,05中正區,中正區重慶南路3段16巷與泉州街口,0,0,1,1,B03,6,3,5,30,3,2,1,4,4,5,7,4,4,10,4,5,2,17,1,46,3,10,1,1,7,5,1,8,2,2,,6,6,1,22,9,121.5144378,25.02881613
111,9,12,19,10,2,05中正區,中正區重慶南路3段16巷與泉州街口,0,0,1,2,C03,6,3,5,30,3,2,1,4,4,5,7,4,4,10,4,5,2,17,1,41,2,9,1,1,7,9,1,10,2,14,,44,6,1,22,9,121.5144378,25.02881613
111,9,12,19,18,2,05中正區,中正區新生南路1段與八德路1段口,0,0,2,1,B12,6,3,5,50,4,2,1,4,4,5,7,1,1,10,5,5,2,2,2,42,3,10,1,1,7,5,1,8,2,8,,15,15,1,22,9,121.5328221,25.0442336
111,9,12,19,18,2,05中正區,中正區新生南路1段與八德路1段口,0,0,2,2,H01,6,3,5,50,4,2,1,4,4,5,7,1,1,10,5,5,2,2,2,22,2,9,4,5,8,16,8,20,10,16,,67,15,1,22,9,121.5328221,25.0442336
111,9,12,19,18,2,05中正區,中正區新生南路1段與八德路1段口,0,0,2,3,H01,6,3,5,50,4,2,1,4,4,5,7,1,1,10,5,5,2,2,2,20,2,9,4,5,8,16,8,20,10,16,,67,15,1,22,9,121.5328221,25.0442336
111,9,12,19,25,2,09北投區,北投區尊賢街251巷36號,0,0,1,1,B03,6,3,5,30,15,9,1,4,4,5,7,4,4,10,5,5,2,1,1,57,3,10,1,1,7,5,1,8,1,8,,23,23,1,22,9,121.5049449,25.11721175
111,9,12,19,25,2,09北投區,北投區尊賢街251巷36號,0,0,1,2,H01,6,3,5,30,15,9,1,4,4,5,7,4,4,10,5,5,2,1,2,52,2,7,4,5,8,16,8,20,10,16,,67,23,1,22,9,121.5049449,25.11721175
111,9,12,19,25,2,12內湖區,內湖區內湖路1段203巷與內湖路1段口,0,0,1,1,C03,6,3,5,50,14,9,1,4,4,5,7,4,4,1,4,4,2,13,2,25,2,9,1,1,7,9,1,10,1,11,,16,16,1,22,9,121.5633762,25.08341422
111,9,12,19,25,2,12內湖區,內湖區內湖路1段203巷與內湖路1段口,0,0,1,2,B12,6,3,5,50,14,9,1,4,4,5,7,4,4,1,4,4,2,13,1,44,3,10,1,1,7,9,1,8,1,3,,44,16,1,22,9,121.5633762,25.08341422
111,9,12,19,47,2,03中山區,中山區中山北路3段與民族西路口,0,0,1,1,B03,6,3,5,50,14,9,1,4,4,5,7,4,4,9,4,5,2,17,1,46,3,10,1,1,7,8,1,8,1,15,,7,7,1,5,3,121.5230117,25.06940664
111,9,12,19,47,2,03中山區,中山區中山北路3段與民族西路口,0,0,1,2,C03,6,3,5,50,14,9,1,4,4,5,7,4,4,9,4,5,2,17,2,25,2,9,1,1,7,9,1,10,1,15,,44,7,1,5,5,121.5230117,25.06940664
111,9,12,19,55,2,10文山區,文山區木柵路1段與和興路口口,0,0,1,1,C03,6,3,5,50,4,1,1,4,4,5,7,1,1,4,4,5,2,16,2,25,3,10,1,1,7,5,1,10,2,12,,8,8,1,22,9,121.5460255,24.9866821
111,9,12,19,55,2,10文山區,文山區木柵路1段與和興路口口,0,0,1,2,C03,6,3,5,50,4,1,1,4,4,5,7,1,1,4,4,5,2,16,1,64,2,9,1,1,7,9,1,10,2,11,,23,8,1,22,9,121.5460255,24.9866821
111,9,12,20,7,2,04大安區,大安區羅斯福路4段與基隆路4段口,0,0,1,1,B02,6,3,5,50,5,1,1,4,4,5,7,1,1,1,4,5,2,16,1,64,3,10,1,1,7,10,1,4,1,5,,7,7,1,22,9,121.5372603,25.0113245
111,9,12,20,7,2,04大安區,大安區羅斯福路4段與基隆路4段口,0,0,1,2,C03,6,3,5,50,5,1,1,4,4,5,7,1,1,1,4,5,2,16,1,24,2,9,1,1,7,5,1,10,1,14,,8,7,1,22,9,121.5372603,25.0113245
111,9,12,20,7,2,10文山區,文山區羅斯福路6段292號,0,0,1,1,A02,6,3,5,50,14,9,1,4,4,5,7,4,4,1,4,5,2,9,1,63,3,10,1,1,7,1,1,6,2,15,,36,36,1,22,9,121.5399018,24.99087858
111,9,12,20,7,2,10文山區,文山區羅斯福路6段292號,0,0,1,2,H02,6,3,5,50,14,9,1,4,4,5,7,4,4,1,4,5,2,9,2,83,2,9,4,5,7,19,8,20,10,16,,67,36,1,22,9,121.5399018,24.99087858
111,9,12,20,15,2,03中山區,中山區錦州街32號,0,0,2,1,H01,6,3,5,0,3,2,1,4,4,5,7,4,4,5,5,5,2,3,1,52,2,1,4,5,8,18,8,20,10,16,,51,51,1,22,9,121.5248821,25.06030917
111,9,12,20,15,2,03中山區,中山區錦州街32號,0,0,2,2,C03,6,3,5,0,3,2,1,4,4,5,7,4,4,5,5,5,2,3,1,58,2,8,1,1,7,9,1,10,11,14,,44,51,1,22,9,121.5248821,25.06030917
111,9,12,20,15,2,03中山區,中山區錦州街32號,0,0,2,3,B01,6,3,5,0,3,2,1,4,4,5,7,4,4,5,5,5,2,3,1,52,4,11,3,4,7,13,7,19,11,15,,38,51,1,22,9,121.5248821,25.06030917
111,9,12,20,30,2,11南港區,南港區研究院路2段108號前,0,0,2,1,B03,6,3,5,50,14,9,1,4,4,5,7,4,4,9,4,5,2,13,1,31,3,10,1,1,7,9,1,8,8,1,,23,23,1,22,9,121.6165245,25.0428717
111,9,12,20,30,2,11南港區,南港區研究院路2段108號前,0,0,2,2,B03,6,3,5,50,14,9,1,4,4,5,7,4,4,9,4,5,2,13,1,43,2,1,1,1,7,14,1,8,2,3,,44,23,1,22,9,121.6165245,25.0428717
111,9,12,20,30,2,11南港區,南港區研究院路2段108號前,0,0,2,3,H02,6,3,5,50,14,9,1,4,4,5,7,4,4,9,4,5,2,13,2,43,2,1,1,1,7,17,8,20,10,15,,67,23,1,22,9,121.6165245,25.0428717
111,9,12,21,15,2,03中山區,中山區新生北路2段68巷與林森北路口,0,0,1,1,B03,6,3,5,30,4,1,1,4,4,5,7,4,4,9,5,5,2,17,1,63,3,10,3,4,7,5,1,8,1,15,,6,6,1,22,9,121.5254789,25.05662508
111,9,12,21,15,2,03中山區,中山區新生北路2段68巷與林森北路口,0,0,1,2,C03,6,3,5,30,4,1,1,4,4,5,7,4,4,9,5,5,2,17,1,21,2,9,1,1,7,9,1,10,1,12,,13,6,1,22,9,121.5254789,25.05662508
111,9,12,21,38,2,03中山區,中山區市民大道3段與八德路2段300巷口,0,0,1,1,B03,6,3,5,40,3,1,1,4,4,5,7,4,4,1,4,5,2,16,1,33,3,10,3,4,7,6,1,8,1,2,,9,9,1,22,9,121.5429067,25.04486414
111,9,12,21,38,2,03中山區,中山區市民大道3段與八德路2段300巷口,0,0,1,2,C03,6,3,5,40,3,1,1,4,4,5,7,4,4,1,4,5,2,16,2,21,2,9,1,1,7,9,1,10,1,11,,44,9,1,22,9,121.5429067,25.04486414
111,9,12,21,40,2,12內湖區,內湖區內湖路3段與內湖路3段59巷口,0,0,1,1,B03,6,3,5,30,5,1,1,4,4,5,7,3,1,5,5,5,2,3,2,39,3,10,1,1,7,5,1,8,2,4,,15,15,1,22,9,121.5921878,25.08616432
111,9,12,21,40,2,12內湖區,內湖區內湖路3段與內湖路3段59巷口,0,0,1,2,H01,6,3,5,30,5,1,1,4,4,5,7,3,1,5,5,5,2,3,2,49,2,9,4,5,8,16,8,20,10,16,,67,15,1,22,9,121.5921878,25.08616432
111,9,12,22,40,2,10文山區,文山區木新路2段與恆光街口口,0,0,1,1,B03,6,3,5,50,4,1,1,4,4,5,7,1,1,4,4,5,2,16,2,65,3,10,1,1,7,5,1,8,2,6,,8,8,1,22,9,121.5667441,24.9832346
111,9,12,22,40,2,10文山區,文山區木新路2段與恆光街口口,0,0,1,2,C03,6,3,5,50,4,1,1,4,4,5,7,1,1,4,4,5,2,16,1,52,2,9,1,1,7,9,4,8,2,11,,23,8,1,22,9,121.5667441,24.9832346
111,9,12,22,51,2,01大同區,大同區忠孝西路2段與塔城街口,0,0,2,1,B03,6,3,5,50,4,2,1,4,4,5,7,2,1,5,4,5,2,13,1,65,3,10,3,4,7,9,1,8,2,5,,23,23,1,22,9,121.5101757,25.04836104