發生年度,發生月,發生日,發生時-Hours,發生分,處理別-編號,區序,肇事地點,死亡人數,2-30日死亡人數,受傷人數,當事人序號,車種,天候,光線,道路類別,速限-速度限制,道路型態,事故位置,路面狀況1,路面狀況2,路面狀況3,道路障礙1,道路障礙2,號誌1,號誌2,車道劃分-分向,車道劃分-分道1,車道劃分-分道2,車道劃分-分道3,事故類型及型態,性別,年齡,受傷程度,主要傷處,安全帽,行動電話,車輛用途,當事者行動狀態,駕駛資格情形,駕駛執照種類,飲酒情形,車輛撞擊部位1,車輛撞擊部位2,肇因碼-個別,肇因碼-主要,個人肇逃否,職業,旅次目的,座標-X,座標-Y
111,9,12,22,51,2,01大同區,大同區忠孝西路2段與塔城街口,0,0,2,2,C03,6,3,5,50,4,2,1,4,4,5,7,2,1,5,4,5,2,13,2,45,2,9,3,4,7,9,1,10,2,14,,44,23,1,22,9,121.5101757,25.04836104
111,9,12,22,51,2,01大同區,大同區忠孝西路2段與塔城街口,0,0,2,3,H02,6,3,5,50,4,2,1,4,4,5,7,2,1,5,4,5,2,13,1,44,2,9,3,5,7,21,8,20,10,15,,67,23,1,22,9,121.5101757,25.04836104
111,9,12,23,25,2,07信義區,信義區崇德街與信安街口,0,0,1,1,C03,6,3,5,50,4,2,1,4,4,5,7,1,1,9,5,5,2,18,1,30,2,9,1,1,7,5,1,10,1,14,,42,42,1,22,9,121.555735,25.0240856
111,9,12,23,25,2,07信義區,信義區崇德街與信安街口,0,0,1,2,,6,3,5,50,4,2,1,4,4,5,7,1,1,9,5,5,2,18,3,,,,,,,,,,,,,67,42,1,,,121.555735,25.0240856
111,9,12,23,28,2,09北投區,北投區大業路與中央北路2段口,0,0,1,1,C03,6,3,5,50,4,1,1,4,4,5,7,1,1,3,4,5,2,17,1,31,3,10,3,4,7,4,1,10,1,14,,1,1,1,22,9,121.4971494,25.13593439
111,9,12,23,28,2,09北投區,北投區大業路與中央北路2段口,0,0,1,2,B03,6,3,5,50,4,1,1,4,4,5,7,1,1,3,4,5,2,17,1,26,3,10,3,4,7,5,1,8,1,2,,44,1,1,22,9,121.4971494,25.13593439
111,9,12,23,28,2,09北投區,北投區大業路與中央北路2段口,0,0,1,3,B02,6,3,5,50,4,1,1,4,4,5,7,1,1,3,4,5,2,17,1,21,3,10,3,4,7,9,3,18,1,8,,44,1,1,22,9,121.4971494,25.13593439
111,9,12,23,28,2,09北投區,北投區大業路與中央北路2段口,0,0,1,4,H02,6,3,5,50,4,1,1,4,4,5,7,1,1,3,4,5,2,17,1,32,2,9,4,5,7,20,8,20,10,16,,67,1,1,22,9,121.4971494,25.13593439
111,9,13,4,58,2,04大安區,大安區市民大道3段與建國南路1段口,0,0,1,1,B01,6,3,5,40,4,1,1,4,4,5,7,1,1,10,5,5,2,17,4,,4,11,3,4,7,15,7,19,11,15,,43,43,2,22,9,121.5363385,25.0446877
111,9,13,4,58,2,04大安區,大安區市民大道3段與建國南路1段口,0,0,1,2,C03,6,3,5,40,4,1,1,4,4,5,7,1,1,10,5,5,2,17,2,38,2,9,1,1,7,12,1,10,9,14,,44,43,1,22,9,121.5363385,25.0446877
111,9,13,6,15,2,02萬華區,萬華區華江橋機車道往台北市,0,0,2,1,C03,6,1,5,40,11,8,1,4,4,5,7,4,4,3,5,3,2,17,1,50,2,7,1,1,7,9,1,10,1,15,,42,42,1,22,9,121.4891109,25.03400632
111,9,13,6,15,2,02萬華區,萬華區華江橋機車道往台北市,0,0,2,2,C03,6,1,5,40,11,8,1,4,4,5,7,4,4,3,5,3,2,17,1,38,2,9,1,1,7,9,1,10,1,12,,44,42,1,22,9,121.4891109,25.03400632
111,9,13,7,15,2,08士林區,士林區環河北路3段015燈桿,0,0,1,1,A41,6,3,5,50,14,9,1,4,4,5,7,4,4,9,4,5,2,16,1,52,3,10,1,1,7,8,1,1,1,5,,7,7,1,22,9,121.5024457,25.08918571
111,9,13,7,15,2,08士林區,士林區環河北路3段015燈桿,0,0,1,2,B03,6,3,5,50,14,9,1,4,4,5,7,4,4,9,4,5,2,16,1,28,2,7,1,1,7,9,1,8,1,4,,44,7,1,22,9,121.5024457,25.08918571
111,9,13,7,25,2,05中正區,中正區鄭州路與重慶北路1段口,0,0,1,2,C03,6,1,5,40,4,1,1,4,4,5,7,1,1,1,4,5,2,12,2,26,2,9,1,1,7,9,1,10,2,14,,44,23,1,22,9,121.5134786,25.0492548
111,9,13,7,25,2,05中正區,中正區鄭州路與重慶北路1段口,0,0,1,1,C03,6,1,5,40,4,1,1,4,4,5,7,1,1,1,4,5,2,12,1,46,3,10,1,1,7,8,1,10,2,12,,23,23,1,22,9,121.5134786,25.0492548
111,9,13,8,2,2,11南港區,南港區市民大道7段與玉成街口,0,0,1,1,B03,6,1,5,50,4,2,1,4,4,5,7,2,1,1,3,5,2,13,1,63,3,10,1,1,7,9,1,8,1,1,,23,23,1,22,9,121.5813053,25.0490406
111,9,13,8,2,2,11南港區,南港區市民大道7段與玉成街口,0,0,1,2,C03,6,1,5,50,4,2,1,4,4,5,7,2,1,1,3,5,2,13,2,37,2,9,1,1,7,14,1,10,1,13,,44,23,1,22,9,121.5813053,25.0490406
111,9,13,8,2,2,07信義區,信義區忠孝東路5段與忠孝東路5段215巷口,0,0,1,1,B03,6,1,5,50,3,1,1,4,4,5,7,2,1,1,4,5,2,17,2,58,3,10,1,1,7,5,1,8,1,4,,8,8,1,21,8,121.5701973,25.04109206
111,9,13,8,2,2,07信義區,信義區忠孝東路5段與忠孝東路5段215巷口,0,0,1,2,C03,6,1,5,50,3,1,1,4,4,5,7,2,1,1,4,5,2,17,1,18,2,9,1,1,7,9,1,10,1,11,,13,8,1,21,8,121.5701973,25.04109206
111,9,13,8,5,2,04大安區,大安區臥龍街與和平東路3段308巷15弄口,0,0,1,1,B03,6,1,5,30,3,1,1,4,4,5,7,4,4,10,5,5,2,16,1,40,3,10,1,1,7,5,1,8,2,2,,6,6,1,22,9,121.5563619,25.0185115
111,9,13,8,5,2,04大安區,大安區臥龍街與和平東路3段308巷15弄口,0,0,1,2,G01,6,1,5,30,3,1,1,4,4,5,7,4,4,10,5,5,2,16,2,68,2,7,3,1,7,9,3,18,2,15,,14,6,1,22,9,121.5563619,25.0185115
111,9,13,8,5,2,04大安區,大安區臥龍街與和平東路3段308巷15弄口,0,0,1,3,C03,6,1,5,30,3,1,1,4,4,5,7,4,4,10,5,5,2,16,1,43,4,11,3,4,7,15,7,19,11,15,,44,6,2,22,9,121.5563619,25.0185115
111,9,13,8,5,2,04大安區,大安區臥龍街與和平東路3段308巷15弄口,0,0,1,4,C04,6,1,5,30,3,1,1,4,4,5,7,4,4,10,5,5,2,16,2,27,4,11,3,4,7,15,7,19,11,15,,44,6,2,22,9,121.5563619,25.0185115
111,9,13,8,5,2,04大安區,大安區臥龍街與和平東路3段308巷15弄口,0,0,1,5,C03,6,1,5,30,3,1,1,4,4,5,7,4,4,10,5,5,2,16,1,31,4,11,3,4,7,15,7,19,11,15,,44,6,2,22,9,121.5563619,25.0185115
111,9,13,8,10,2,09北投區,北投區中和街502巷與中和街口,0,0,2,1,C03,6,1,5,30,3,2,1,4,4,4,5,4,4,9,4,5,2,16,2,22,2,9,3,4,7,5,1,10,1,14,,8,8,1,22,9,121.4934636,25.14543667
111,9,13,8,10,2,09北投區,北投區中和街502巷與中和街口,0,0,2,2,C03,6,1,5,30,3,2,1,4,4,4,5,4,4,9,4,5,2,16,1,25,2,9,3,4,7,9,1,10,1,11,,44,8,1,22,9,121.4934636,25.14543667
111,9,13,8,15,2,06松山區,松山區吉祥路與八德路4段245巷32弄口,0,0,1,1,B03,6,1,5,30,3,1,1,4,4,5,7,4,4,5,4,5,2,16,1,52,3,10,1,1,7,5,1,8,1,5,,6,6,1,22,9,121.5625407,25.04980686
111,9,13,8,15,2,06松山區,松山區吉祥路與八德路4段245巷32弄口,0,0,1,2,C03,6,1,5,30,3,1,1,4,4,5,7,4,4,5,4,5,2,16,1,25,2,8,1,1,7,9,1,9,1,11,,14,6,1,22,9,121.5625407,25.04980686
111,9,13,8,15,2,07信義區,信義區吳興街394號,0,0,1,1,C03,6,1,5,30,14,9,1,4,4,5,7,2,1,10,4,5,1,18,2,29,2,9,3,4,7,9,1,10,1,14,,43,43,1,22,9,121.5676476,25.02484899
111,9,13,8,15,2,07信義區,信義區吳興街394號,0,0,1,2,,6,1,5,30,14,9,1,4,4,5,7,2,1,10,4,5,1,18,3,,,,,,,,,,,,,67,43,1,,,121.5676476,25.02484899
111,9,13,8,17,2,01大同區,大同區重慶北路1段與長安西路口,0,0,3,1,C03,7,1,5,50,4,1,1,4,4,5,7,1,1,8,3,5,1,12,1,59,2,8,1,1,7,9,1,10,1,12,,17,17,1,22,9,121.5138662,25.05160572
111,9,13,8,17,2,01大同區,大同區重慶北路1段與長安西路口,0,0,3,2,C03,7,1,5,50,4,1,1,4,4,5,7,1,1,8,3,5,1,12,1,41,2,8,1,1,7,9,1,10,1,11,,17,17,1,22,9,121.5138662,25.05160572
111,9,13,8,17,2,01大同區,大同區重慶北路1段與長安西路口,0,0,3,3,H02,7,1,5,50,4,1,1,4,4,5,7,1,1,8,3,5,1,12,2,28,2,9,4,5,7,21,8,20,10,15,,67,17,1,22,9,121.5138662,25.05160572
111,9,13,8,27,2,04大安區,大安區新生南路2段與金華街口,0,0,1,1,B03,6,1,5,40,3,1,1,4,4,5,7,1,1,8,3,5,2,17,2,55,3,10,1,1,7,7,1,8,1,4,,7,7,1,22,9,121.533789,25.0307306
111,9,13,8,27,2,04大安區,大安區新生南路2段與金華街口,0,0,1,2,C03,6,1,5,40,3,1,1,4,4,5,7,1,1,8,3,5,2,17,2,36,2,9,1,1,7,8,1,10,1,12,,7,7,1,22,9,121.533789,25.0307306
111,9,13,8,28,2,03中山區,中山區明水路與樂群一路口,0,0,1,1,B12,6,1,5,50,14,9,1,4,4,5,7,4,4,1,3,5,1,17,1,35,4,11,3,4,7,15,7,19,11,15,,23,23,2,22,9,121.5521547,25.07716985
111,9,13,8,28,2,03中山區,中山區明水路與樂群一路口,0,0,1,2,C03,6,1,5,50,14,9,1,4,4,5,7,4,4,1,3,5,1,17,1,34,2,9,1,1,7,9,1,10,2,13,,44,23,1,22,9,121.5521547,25.07716985
111,9,13,8,28,2,03中山區,中山區明水路與樂群一路口,0,0,1,3,B03,6,1,5,50,14,9,1,4,4,5,7,4,4,1,3,5,1,17,1,61,3,10,3,4,7,14,1,8,2,7,,44,23,1,22,9,121.5521547,25.07716985
111,9,13,8,28,2,03中山區,中山區明水路與樂群一路口,0,0,1,4,B03,6,1,5,50,14,9,1,4,4,5,7,4,4,1,3,5,1,17,1,39,3,10,3,4,7,14,1,8,2,7,,44,23,1,22,9,121.5521547,25.07716985
111,9,13,8,30,2,12內湖區,內湖區康樂街與康樂街131巷口,0,0,1,1,C03,6,1,5,50,3,2,1,4,4,5,7,4,4,9,5,5,2,12,1,74,2,9,1,1,7,9,1,10,1,14,,44,44,1,22,9,121.6196687,25.07390218
111,9,13,8,30,2,12內湖區,內湖區康樂街與康樂街131巷口,0,0,1,2,B03,6,1,5,50,3,2,1,4,4,5,7,4,4,9,5,5,2,12,1,37,3,10,1,1,7,9,1,8,1,6,,17,44,1,22,9,121.6196687,25.07390218
111,9,13,8,33,2,03中山區,中山區民生東路2段與松江路口,0,0,2,1,B01,6,1,5,50,4,2,1,4,4,5,7,1,1,5,4,5,2,13,1,71,3,10,1,1,7,9,4,8,1,1,,16,16,1,22,9,121.5327762,25.0579
111,9,13,8,33,2,03中山區,中山區民生東路2段與松江路口,0,0,2,2,C03,6,1,5,50,4,2,1,4,4,5,7,1,1,5,4,5,2,13,2,47,2,8,1,1,7,12,1,10,1,13,,44,16,1,22,9,121.5327762,25.0579
111,9,13,8,33,2,03中山區,中山區民生東路2段與松江路口,0,0,2,3,C03,6,1,5,50,4,2,1,4,4,5,7,1,1,5,4,5,2,13,1,34,2,7,1,1,7,12,1,10,1,13,,44,16,1,22,9,121.5327762,25.0579
111,9,13,8,40,2,03中山區,中山區民權東路3段16號,0,0,1,1,C03,6,1,5,50,14,9,1,4,4,5,7,4,4,1,4,5,2,13,2,31,2,9,3,4,7,9,1,10,2,11,,16,16,1,22,9,121.5401273,25.0622878
111,9,13,8,40,2,03中山區,中山區民權東路3段16號,0,0,1,2,C03,6,1,5,50,14,9,1,4,4,5,7,4,4,1,4,5,2,13,1,31,3,10,3,4,7,12,1,10,2,12,,44,16,1,22,9,121.5401273,25.0622878
111,9,13,8,40,2,09北投區,北投區明德路與東華街1段口,0,0,1,1,C03,6,1,5,50,4,2,1,4,4,5,7,1,1,1,5,5,2,16,1,49,2,9,3,4,7,9,1,10,1,14,,44,44,1,22,9,121.5193121,25.10947089
111,9,13,8,40,2,09北投區,北投區明德路與東華街1段口,0,0,1,2,B03,6,1,5,50,4,2,1,4,4,5,7,1,1,1,5,5,2,16,2,64,3,10,3,4,7,8,1,8,1,6,,7,44,1,22,9,121.5193121,25.10947089
111,9,13,8,48,2,03中山區,中山區松江路119號,0,0,3,1,B03,6,1,5,40,14,9,1,4,4,5,7,4,4,1,4,4,2,17,1,26,3,10,1,4,7,1,1,8,1,15,,19,19,1,22,9,121.5331449,25.05244047
111,9,13,8,48,2,03中山區,中山區松江路119號,0,0,3,2,C03,6,1,5,40,14,9,1,4,4,5,7,4,4,1,4,4,2,17,2,33,4,11,3,4,7,15,7,19,11,15,,44,19,2,22,9,121.5331449,25.05244047
111,9,13,8,48,2,03中山區,中山區松江路119號,0,0,3,3,C03,6,1,5,40,14,9,1,4,4,5,7,4,4,1,4,4,2,17,1,34,2,8,1,4,7,9,1,9,1,11,,16,19,1,22,9,121.5331449,25.05244047
111,9,13,8,48,2,03中山區,中山區松江路119號,0,0,3,4,C03,6,1,5,40,14,9,1,4,4,5,7,4,4,1,4,4,2,17,2,30,2,8,1,4,7,9,1,10,1,12,,44,19,1,22,9,121.5331449,25.05244047
111,9,13,8,48,2,03中山區,中山區松江路119號,0,0,3,5,C03,6,1,5,40,14,9,1,4,4,5,7,4,4,1,4,4,2,17,2,38,2,9,1,4,7,9,1,10,1,14,,42,19,1,22,9,121.5331449,25.05244047
111,9,13,8,51,1,04大安區,大安區通化街與通化街98巷口,1,0,0,1,B03,6,1,5,50,4,1,1,4,4,5,7,4,4,9,5,5,2,16,1,37,3,10,1,1,7,5,1,8,2,15,,6,6,1,22,9,121.5540506,25.0296864
111,9,13,8,51,1,04大安區,大安區通化街與通化街98巷口,1,0,0,2,C03,6,1,5,50,4,1,1,4,4,5,7,4,4,9,5,5,2,16,1,36,1,1,1,1,7,9,1,10,9,12,,42,6,1,22,9,121.5540506,25.0296864
111,9,13,8,51,2,07信義區,信義區信義路5段100-1號,0,0,1,1,C03,6,1,5,50,14,9,1,4,4,5,7,4,4,1,4,5,2,13,1,30,2,8,1,1,7,7,1,10,1,11,,16,16,1,21,8,121.5648237,25.0328803
111,9,13,8,51,2,07信義區,信義區信義路5段100-1號,0,0,1,2,B03,6,1,5,50,14,9,1,4,4,5,7,4,4,1,4,5,2,13,1,74,3,10,1,1,7,14,1,8,1,6,,44,16,1,21,8,121.5648237,25.0328803
111,9,13,8,53,2,01大同區,大同區承德路2段與錦西街口,0,0,2,1,C03,6,1,5,50,4,1,1,4,4,5,7,2,1,1,2,5,2,15,1,19,2,9,1,1,7,9,1,10,2,14,,44,44,1,22,9,121.5183153,25.0601867
111,9,13,8,53,2,01大同區,大同區承德路2段與錦西街口,0,0,2,2,F01,6,1,5,50,4,1,1,4,4,5,7,2,1,1,2,5,2,15,2,52,2,9,1,1,7,9,8,20,2,16,,25,44,1,22,9,121.5183153,25.0601867
111,9,13,8,53,2,12內湖區,內湖區民權東路6段153巷與民權東路6段口,0,0,1,1,B03,6,1,5,50,3,1,1,4,4,5,7,4,4,9,4,5,2,16,1,69,3,10,1,1,7,6,1,8,2,6,,9,9,1,22,9,121.5948423,25.06879446
111,9,13,8,53,2,12內湖區,內湖區民權東路6段153巷與民權東路6段口,0,0,1,2,C03,6,1,5,50,3,1,1,4,4,5,7,4,4,9,4,5,2,16,1,36,2,9,1,1,7,9,1,10,2,14,,44,9,1,22,9,121.5948423,25.06879446
111,9,13,9,15,2,12內湖區,內湖區新明路92號,0,0,1,1,B12,6,1,5,50,14,9,1,4,4,5,7,4,4,5,4,5,2,16,1,53,3,10,1,1,7,11,1,8,1,4,,26,26,1,22,9,121.5896116,25.0596011
111,9,13,9,15,2,12內湖區,內湖區新明路92號,0,0,1,2,C03,6,1,5,50,14,9,1,4,4,5,7,4,4,5,4,5,2,16,1,24,2,9,1,1,7,9,1,10,1,11,,44,26,1,22,9,121.5896116,25.0596011
111,9,13,9,15,2,07信義區,信義區忠孝東路5段440號,0,0,1,1,B01,6,1,5,50,14,9,1,4,4,5,7,4,4,1,4,5,2,13,1,67,3,10,1,1,7,8,1,4,2,6,,7,7,1,22,9,121.5761512,25.04078686
111,9,13,9,15,2,07信義區,信義區忠孝東路5段440號,0,0,1,2,C03,6,1,5,50,14,9,1,4,4,5,7,4,4,1,4,5,2,13,1,30,2,9,1,1,7,9,1,10,2,11,,13,7,1,22,9,121.5761512,25.04078686
111,9,13,9,30,2,12內湖區,內湖區內湖路2段29巷與內湖路2段口口,0,0,2,1,C03,6,1,5,50,3,2,1,4,4,5,7,4,4,4,4,5,2,16,1,26,2,7,1,1,7,4,1,10,1,11,,1,1,1,22,9,121.5796079,25.0788849
111,9,13,9,30,2,12內湖區,內湖區內湖路2段29巷與內湖路2段口口,0,0,2,2,C03,6,1,5,50,3,2,1,4,4,5,7,4,4,4,4,5,2,16,1,45,3,10,1,1,7,5,1,10,1,12,,44,1,1,22,9,121.5796079,25.0788849
111,9,13,9,30,2,12內湖區,內湖區內湖路2段29巷與內湖路2段口口,0,0,2,3,H02,6,1,5,50,3,2,1,4,4,5,7,4,4,4,4,5,2,16,2,38,2,9,1,5,7,21,8,20,10,16,,67,1,1,22,9,121.5796079,25.0788849
111,9,13,9,30,2,07信義區,信義區松壽路20巷(南向北),0,0,1,1,C03,6,1,5,30,14,9,1,4,4,5,7,4,4,10,4,5,1,18,2,36,2,9,3,4,7,9,1,10,1,14,,43,43,1,22,9,121.5675516,25.03487817
111,9,13,9,30,2,07信義區,信義區松壽路20巷(南向北),0,0,1,2,,6,1,5,30,14,9,1,4,4,5,7,4,4,10,4,5,1,18,3,,,,,,,,,,,,,67,43,1,,,121.5675516,25.03487817
111,9,13,9,45,2,01大同區,大同區環河北路2段與民權西路口,0,0,1,1,B02,6,1,5,50,3,1,1,4,4,5,7,4,4,1,4,5,2,16,1,54,3,10,1,1,7,6,1,8,2,8,,6,6,1,22,9,121.5088202,25.06355223
111,9,13,9,45,2,01大同區,大同區環河北路2段與民權西路口,0,0,1,2,C03,6,1,5,50,3,1,1,4,4,5,7,4,4,1,4,5,2,16,1,33,2,9,1,1,7,9,1,10,2,12,,44,6,1,22,9,121.5088202,25.06355223
111,9,13,9,57,2,07信義區,信義區吳興街156巷與吳興街156巷22弄口口,0,0,1,1,B03,6,1,5,30,4,1,1,4,4,5,7,4,4,5,5,5,2,17,1,25,3,10,1,1,7,5,1,8,1,8,,8,8,1,21,8,121.5607123,25.02850714
111,9,13,9,57,2,07信義區,信義區吳興街156巷與吳興街156巷22弄口口,0,0,1,2,C03,6,1,5,30,4,1,1,4,4,5,7,4,4,5,5,5,2,17,1,26,2,9,1,1,7,9,1,10,1,12,,17,8,1,21,8,121.5607123,25.02850714
111,9,13,10,0,2,07信義區,信義區基隆路2段179號,0,0,1,1,B03,6,1,5,50,14,9,1,4,4,5,7,4,4,1,4,5,2,12,1,65,3,10,1,1,7,6,1,8,11,5,,9,9,1,22,9,121.5536359,25.0250374
111,9,13,10,0,2,07信義區,信義區基隆路2段179號,0,0,1,2,C03,6,1,5,50,14,9,1,4,4,5,7,4,4,1,4,5,2,12,1,52,2,8,1,1,7,9,1,10,11,14,,44,9,1,22,9,121.5536359,25.0250374
111,9,13,10,5,2,10文山區,文山區興隆路4段與下崙路口,0,0,1,1,C03,6,1,5,30,4,1,1,4,4,5,7,2,1,1,1,5,2,18,2,21,2,9,3,4,7,9,1,10,1,12,,42,42,1,22,9,121.5609521,24.98660841
111,9,13,10,5,2,10文山區,文山區興隆路4段與下崙路口,0,0,1,2,,6,1,5,30,4,1,1,4,4,5,7,2,1,1,1,5,2,18,3,,,,,,,,,,,,,67,42,1,,,121.5609521,24.98660841
111,9,13,10,21,2,04大安區,大安區敦化南路1段270巷與仁愛路4段71巷口,0,0,1,1,B03,7,1,5,30,4,1,1,4,4,5,7,4,4,10,5,5,2,15,2,44,3,10,1,1,7,9,1,8,1,8,,26,26,1,22,9,121.5471311,25.0389803
111,9,13,10,21,2,04大安區,大安區敦化南路1段270巷與仁愛路4段71巷口,0,0,1,2,C03,7,1,5,30,4,1,1,4,4,5,7,4,4,10,5,5,2,15,2,33,2,7,1,1,7,9,1,10,1,11,,44,26,1,22,9,121.5471311,25.0389803
111,9,13,11,13,2,03中山區,中山區中山北路3段28號,0,0,2,1,B03,6,1,5,50,14,8,1,4,4,5,7,4,4,1,1,1,1,12,1,53,3,10,3,4,7,1,1,8,11,4,,19,19,1,22,9,121.5221077,25.06523856
111,9,13,11,13,2,03中山區,中山區中山北路3段28號,0,0,2,2,C03,6,1,5,50,14,8,1,4,4,5,7,4,4,1,1,1,1,12,1,25,2,8,3,4,7,9,1,10,1,12,,44,19,1,22,9,121.5221077,25.06523856
111,9,13,11,13,2,03中山區,中山區中山北路3段28號,0,0,2,3,H02,6,1,5,50,14,8,1,4,4,5,7,4,4,1,1,1,1,12,2,28,2,7,4,5,7,21,8,20,10,16,,67,19,1,22,9,121.5221077,25.06523856
111,9,13,11,16,2,12內湖區,內湖區東湖路113巷與東湖路113巷95弄口,0,0,2,1,B12,6,1,5,50,4,1,1,4,4,5,7,3,1,5,5,5,2,17,1,33,3,10,1,1,7,9,1,4,1,15,,6,6,1,22,9,121.6156401,25.07203028
111,9,13,11,16,2,12內湖區,內湖區東湖路113巷與東湖路113巷95弄口,0,0,2,2,C03,6,1,5,50,4,1,1,4,4,5,7,3,1,5,5,5,2,17,1,54,2,9,1,1,7,9,1,10,1,14,,44,6,1,22,9,121.6156401,25.07203028
111,9,13,11,16,2,12內湖區,內湖區東湖路113巷與東湖路113巷95弄口,0,0,2,3,H02,6,1,5,50,4,1,1,4,4,5,7,3,1,5,5,5,2,17,2,49,2,7,1,5,7,21,8,20,10,15,,67,6,1,22,9,121.6156401,25.07203028
111,9,13,11,52,2,07信義區,信義區忠孝東路5段790巷與忠孝東路5段790巷25弄口口,0,0,1,1,C03,6,1,5,30,4,1,1,4,4,5,7,4,4,10,5,5,1,15,1,27,2,8,3,4,7,9,1,10,1,11,,6,6,1,22,9,121.5827849,25.04239893
111,9,13,11,52,2,07信義區,信義區忠孝東路5段790巷與忠孝東路5段790巷25弄口口,0,0,1,2,C03,6,1,5,30,4,1,1,4,4,5,7,4,4,10,5,5,1,15,1,46,3,10,3,4,7,9,1,10,1,14,,23,6,1,22,9,121.5827849,25.04239893
111,9,13,13,16,2,04大安區,大安區和平東路2段與瑞安街口,0,0,1,1,F03,7,1,8,0,15,22,4,5,4,5,7,4,4,10,5,5,2,17,1,19,3,10,1,1,7,9,8,20,1,15,,23,23,1,22,9,121.5388152,25.0256552
111,9,13,13,16,2,04大安區,大安區和平東路2段與瑞安街口,0,0,1,2,F02,7,1,8,0,15,22,4,5,4,5,7,4,4,10,5,5,2,17,1,72,2,9,1,1,7,21,8,20,1,15,,23,23,1,22,9,121.5388152,25.0256552
111,9,13,13,30,2,09北投區,北投區大度路3段與聖景路口,0,0,1,1,C03,6,1,5,50,4,1,1,4,4,5,7,2,3,1,4,4,2,12,2,52,2,9,1,1,7,6,1,10,1,14,,43,43,1,22,9,121.4641308,25.12379722
111,9,13,13,30,2,09北投區,北投區大度路3段與聖景路口,0,0,1,2,C03,6,1,5,50,4,1,1,4,4,5,7,2,3,1,4,4,2,12,1,26,3,10,1,1,7,6,1,9,1,13,,43,43,1,22,9,121.4641308,25.12379722
111,9,13,13,35,2,12內湖區,內湖區成功路2段472號,0,0,1,1,C03,6,1,5,50,14,9,1,4,4,5,7,4,4,1,4,5,2,17,1,23,2,9,1,1,7,9,3,18,1,11,,16,16,1,22,9,121.5897343,25.07268709
111,9,13,13,35,2,12內湖區,內湖區成功路2段472號,0,0,1,2,B03,6,1,5,50,14,9,1,4,4,5,7,4,4,1,4,5,2,17,1,64,3,10,1,1,7,15,1,8,1,3,,44,16,1,22,9,121.5897343,25.07268709
111,9,13,13,47,2,05中正區,中正區市民大道2段與林森北路口,0,0,1,2,C03,6,1,5,40,4,1,1,4,4,5,7,1,1,1,5,5,2,12,2,20,2,9,1,1,7,9,1,10,9,11,,16,44,1,22,9,121.5242899,25.04765425
111,9,13,13,47,2,05中正區,中正區市民大道2段與林森北路口,0,0,1,1,C03,6,1,5,40,4,1,1,4,4,5,7,1,1,1,5,5,2,12,1,20,3,10,1,1,7,9,1,10,9,14,,44,44,1,22,9,121.5242899,25.04765425
111,9,13,13,47,2,05中正區,中正區市民大道2段與林森北路口,0,0,1,3,C03,6,1,5,40,4,1,1,4,4,5,7,1,1,1,5,5,2,12,2,59,3,10,1,1,7,8,4,8,9,15,,7,44,1,22,9,121.5242899,25.04765425
111,9,13,13,48,2,06松山區,松山區南京東路5段與東興路口,0,0,1,1,B12,6,1,5,50,3,1,1,4,4,5,7,2,1,3,4,5,2,3,1,66,3,10,1,1,7,6,1,4,1,5,,15,15,1,22,9,121.5654372,25.05128801
111,9,13,13,48,2,06松山區,松山區南京東路5段與東興路口,0,0,1,2,H01,6,1,5,50,3,1,1,4,4,5,7,2,1,3,4,5,2,3,2,47,2,5,4,5,8,16,8,20,1,16,,67,15,1,22,9,121.5654372,25.05128801
111,9,13,14,0,2,04大安區,大安區敦化南路1段269號前,0,0,1,1,B03,6,1,5,50,14,9,1,4,4,5,7,4,4,8,3,5,1,12,1,70,3,10,1,1,7,1,1,10,1,5,,19,19,1,21,5,121.549146,25.03633162
111,9,13,14,0,2,04大安區,大安區敦化南路1段269號前,0,0,1,2,C04,6,1,5,50,14,9,1,4,4,5,7,4,4,8,3,5,1,12,2,46,2,9,1,1,7,9,1,11,1,14,,44,19,1,5,3,121.549146,25.03633162
111,9,13,14,0,2,08士林區,士林區中正路與中正路247巷口,0,0,1,1,C03,7,1,5,50,3,1,1,4,4,5,7,1,1,1,4,5,2,12,1,18,2,8,1,1,7,6,1,10,1,12,,9,9,1,22,9,121.525515,25.09515752
111,9,13,14,0,2,08士林區,士林區中正路與中正路247巷口,0,0,1,2,C03,7,1,5,50,3,1,1,4,4,5,7,1,1,1,4,5,2,12,1,23,3,10,1,1,7,9,1,10,1,14,,44,9,1,22,9,121.525515,25.09515752
111,9,13,14,23,2,07信義區,信義區永吉路180巷與虎林街120巷口,0,0,1,1,B12,7,1,5,30,4,1,1,4,4,5,7,4,4,10,5,5,1,15,1,32,3,10,3,4,7,9,1,8,1,5,,6,6,1,22,9,121.5714035,25.04226687
111,9,13,14,23,2,07信義區,信義區永吉路180巷與虎林街120巷口,0,0,1,2,C03,7,1,5,30,4,1,1,4,4,5,7,4,4,10,5,5,1,15,1,21,2,8,1,1,7,9,1,10,1,11,,13,6,1,22,9,121.5714035,25.04226687
111,9,13,14,50,2,03中山區,中山區民權東路3段與建國北路2段口,0,0,2,1,C03,6,1,5,50,4,1,1,4,4,5,7,2,1,1,4,5,2,13,1,18,2,7,3,4,7,9,3,18,1,11,,16,16,1,22,9,121.5371605,25.06229891
111,9,13,14,50,2,03中山區,中山區民權東路3段與建國北路2段口,0,0,2,2,C03,6,1,5,50,4,1,1,4,4,5,7,2,1,1,4,5,2,13,2,32,2,9,3,4,7,9,1,10,1,13,,26,16,1,22,9,121.5371605,25.06229891