發生年度,發生月,發生日,發生時-Hours,發生分,處理別-編號,區序,肇事地點,死亡人數,2-30日死亡人數,受傷人數,當事人序號,車種,天候,光線,道路類別,速限-速度限制,道路型態,事故位置,路面狀況1,路面狀況2,路面狀況3,道路障礙1,道路障礙2,號誌1,號誌2,車道劃分-分向,車道劃分-分道1,車道劃分-分道2,車道劃分-分道3,事故類型及型態,性別,年齡,受傷程度,主要傷處,安全帽,行動電話,車輛用途,當事者行動狀態,駕駛資格情形,駕駛執照種類,飲酒情形,車輛撞擊部位1,車輛撞擊部位2,肇因碼-個別,肇因碼-主要,個人肇逃否,職業,旅次目的,座標-X,座標-Y
111,9,13,14,51,2,07信義區,信義區一號道路南往北,0,0,1,1,C03,6,1,5,50,14,9,4,4,4,5,7,4,4,9,4,5,2,17,1,37,2,9,3,4,7,9,1,10,1,14,,23,23,1,22,9,121.5619506,25.0372408
111,9,13,14,51,2,07信義區,信義區一號道路南往北,0,0,1,2,C03,6,1,5,50,14,9,4,4,4,5,7,4,4,9,4,5,2,17,4,,4,11,3,4,7,15,7,19,11,15,,43,23,2,22,9,121.5619506,25.0372408
111,9,13,15,30,2,03中山區,中山區吉林路與松江路100巷口,0,0,2,1,C03,6,1,5,50,4,1,1,4,4,5,6,4,4,5,4,5,2,17,1,29,2,9,3,4,7,5,1,10,1,12,,8,8,1,22,9,121.5301188,25.0510243
111,9,13,15,30,2,03中山區,中山區吉林路與松江路100巷口,0,0,2,2,C03,6,1,5,50,4,1,1,4,4,5,6,4,4,5,4,5,2,17,1,37,2,9,3,4,7,9,1,10,1,11,,44,8,1,22,9,121.5301188,25.0510243
111,9,13,15,34,2,09北投區,北投區中央南路1段159號,0,0,1,1,C03,6,1,5,50,14,9,1,4,4,5,7,4,4,9,4,5,2,16,1,72,3,10,1,1,7,5,3,18,1,12,,8,8,1,22,9,121.5010731,25.12945389
111,9,13,15,34,2,09北投區,北投區中央南路1段159號,0,0,1,2,C03,6,1,5,50,14,9,1,4,4,5,7,4,4,9,4,5,2,16,1,47,2,8,1,1,7,9,1,10,1,11,,26,8,1,22,9,121.5010731,25.12945389
111,9,13,16,0,2,10文山區,文山區木柵路1段與和興路口,0,0,1,1,C03,6,1,5,50,4,1,1,4,4,5,7,2,1,5,2,5,2,17,1,62,2,7,1,1,7,9,1,10,1,12,,14,14,1,22,9,121.545965,24.9867367
111,9,13,16,0,2,10文山區,文山區木柵路1段與和興路口,0,0,1,2,B01,6,1,5,50,4,1,1,4,4,5,7,2,1,5,2,5,2,17,1,65,3,10,1,1,7,5,1,4,1,15,,6,14,1,22,9,121.545965,24.9867367
111,9,13,16,25,2,10文山區,文山區興隆路4段與興隆路4段145巷口,0,0,1,1,B03,7,1,5,50,4,1,1,4,4,5,7,4,4,1,2,5,2,13,1,65,3,10,3,4,7,5,1,8,1,8,,43,43,1,22,9,121.5615472,24.98494809
111,9,13,16,25,2,10文山區,文山區興隆路4段與興隆路4段145巷口,0,0,1,2,C03,7,1,5,50,4,1,1,4,4,5,7,4,4,1,2,5,2,13,2,24,2,9,1,4,7,14,1,10,1,12,,43,43,1,22,9,121.5615472,24.98494809
111,9,13,16,57,2,04大安區,大安區建國南路2段勝利加油站旁,0,0,1,1,C03,6,1,5,50,14,9,1,4,4,5,7,4,4,1,4,5,2,18,1,22,2,8,1,1,7,9,1,10,1,12,,13,13,1,22,9,121.5375227,25.03090397
111,9,13,16,57,2,04大安區,大安區建國南路2段勝利加油站旁,0,0,1,2,,6,1,5,50,14,9,1,4,4,5,7,4,4,1,4,5,2,18,3,,,,,,,,,,,,,67,13,1,,,121.5375227,25.03090397
111,9,13,17,3,2,09北投區,北投區三合街2段424巷與三合街2段口,0,0,1,2,C03,6,1,5,30,14,9,1,4,4,5,7,4,4,9,4,5,2,16,1,20,2,9,1,1,7,9,1,10,1,11,,43,43,1,22,9,121.5026231,25.12660502
111,9,13,17,3,2,09北投區,北投區三合街2段424巷與三合街2段口,0,0,1,1,B03,6,1,5,30,14,9,1,4,4,5,7,4,4,9,4,5,2,16,1,30,3,10,1,1,7,5,1,8,1,1,,43,43,1,22,9,121.5026231,25.12660502
111,9,13,17,34,2,02萬華區,萬華區中華路2段與南寧路口,0,0,1,1,B03,6,2,5,50,5,1,1,4,4,5,7,1,1,1,4,5,2,16,2,37,3,10,1,1,7,6,1,8,1,5,,9,9,1,22,9,121.5066107,25.03727158
111,9,13,17,34,2,02萬華區,萬華區中華路2段與南寧路口,0,0,1,2,C03,6,2,5,50,5,1,1,4,4,5,7,1,1,1,4,5,2,16,1,33,2,9,1,1,7,9,7,19,1,14,,13,9,1,22,9,121.5066107,25.03727158
111,9,13,17,37,2,07信義區,信義區永吉路與永吉路150巷口,0,0,1,1,C03,6,3,5,50,3,2,1,4,4,5,7,4,4,3,4,5,2,13,1,47,2,8,1,1,7,9,1,10,11,11,,16,16,1,22,9,121.570912,25.0455773
111,9,13,17,37,2,07信義區,信義區永吉路與永吉路150巷口,0,0,1,2,B02,6,3,5,50,3,2,1,4,4,5,7,4,4,3,4,5,2,13,2,49,3,10,1,1,7,12,1,8,11,3,,44,16,1,22,9,121.570912,25.0455773
111,9,13,17,49,2,01大同區,大同區承德路1段與太原路97巷口,0,0,1,2,C03,6,3,5,0,4,1,1,4,4,5,7,2,1,1,5,5,2,17,1,25,2,8,1,1,7,5,1,10,1,14,,26,25,1,22,9,121.5173489,25.05190468
111,9,13,17,49,2,01大同區,大同區承德路1段與太原路97巷口,0,0,1,1,B03,6,3,5,0,4,1,1,4,4,5,7,2,1,1,5,5,2,17,1,69,4,11,3,4,7,15,7,19,11,15,,25,25,2,22,9,121.5173489,25.05190468
111,9,13,18,3,2,08士林區,士林區忠誠路2段與忠誠路2段207巷口,0,0,1,1,C03,6,3,5,50,3,2,1,4,4,5,7,2,1,1,3,5,1,17,1,50,2,7,1,1,7,9,6,18,2,12,,43,43,1,22,9,121.5341075,25.1162739
111,9,13,18,3,2,08士林區,士林區忠誠路2段與忠誠路2段207巷口,0,0,1,2,B03,6,3,5,50,3,2,1,4,4,5,7,2,1,1,3,5,1,17,2,67,3,10,3,4,7,13,1,8,1,4,,44,43,1,22,9,121.5341075,25.1162739
111,9,13,18,3,2,08士林區,士林區忠誠路2段與忠誠路2段207巷口,0,0,1,3,H01,6,3,5,50,3,2,1,4,4,5,7,2,1,1,3,5,1,17,4,,4,11,3,4,7,15,7,19,11,15,,43,43,2,22,9,121.5341075,25.1162739
111,9,13,18,5,2,08士林區,士林區至善路1段005號路燈桿,0,0,1,1,B03,7,1,5,50,14,9,1,5,4,5,7,4,4,1,5,5,2,17,2,25,3,10,1,1,7,8,1,8,1,5,,7,7,1,22,9,121.5368349,25.0990791
111,9,13,18,5,2,08士林區,士林區至善路1段005號路燈桿,0,0,1,2,C03,7,1,5,50,14,9,1,5,4,5,7,4,4,1,5,5,2,17,1,32,2,9,1,1,7,9,1,10,1,14,,44,7,1,22,9,121.5368349,25.0990791
111,9,13,18,25,2,07信義區,信義區福德街268巷32號,0,0,1,1,C03,6,3,5,30,14,9,1,4,4,5,7,4,4,9,4,5,2,11,2,59,2,8,1,1,7,15,1,10,1,11,,42,42,1,22,9,121.5856536,25.0398718
111,9,13,18,25,2,07信義區,信義區福德街268巷32號,0,0,1,2,B01,6,3,5,30,14,9,1,4,4,5,7,4,4,9,4,5,2,11,1,53,3,10,1,1,7,9,1,4,1,8,,44,42,1,22,9,121.5856536,25.0398718
111,9,13,18,30,2,12內湖區,內湖區陽光街321巷42號,0,0,1,1,B03,6,3,5,50,14,9,1,4,4,5,7,4,4,9,5,5,2,17,1,33,3,10,1,1,7,13,1,8,2,4,,40,40,1,22,9,121.5779097,25.07149219
111,9,13,18,30,2,12內湖區,內湖區陽光街321巷42號,0,0,1,2,F01,6,3,5,50,14,9,1,4,4,5,7,4,4,9,5,5,2,17,1,75,2,9,1,1,7,9,8,20,2,16,,44,40,1,22,9,121.5779097,25.07149219
111,9,13,18,30,2,07信義區,信義區忠孝東路4段與基隆路1段口,0,0,1,1,C03,6,3,5,50,4,1,1,4,4,5,7,2,1,10,5,5,2,17,1,20,2,9,1,1,7,9,1,10,1,12,,42,42,1,22,9,121.5641681,25.0410469
111,9,13,18,30,2,07信義區,信義區忠孝東路4段與基隆路1段口,0,0,1,2,C03,6,3,5,50,4,1,1,4,4,5,7,2,1,10,5,5,2,17,1,29,3,10,1,1,7,6,1,10,1,11,,42,42,1,22,9,121.5641681,25.0410469
111,9,13,18,31,2,09北投區,北投區自強街31巷與自強街61巷口,0,0,2,1,C03,8,3,5,30,4,1,1,5,4,5,7,4,4,10,5,5,1,15,1,36,2,9,1,1,7,9,1,10,1,12,,6,6,1,22,9,121.5126576,25.11107293
111,9,13,18,31,2,09北投區,北投區自強街31巷與自強街61巷口,0,0,2,2,C03,8,3,5,30,4,1,1,5,4,5,7,4,4,10,5,5,1,15,2,42,2,9,1,1,7,9,1,10,1,11,,44,6,1,22,9,121.5126576,25.11107293
111,9,13,18,35,2,12內湖區,內湖區新明路166號,0,0,1,1,B03,6,3,5,50,14,9,1,4,4,5,7,4,4,5,4,5,2,16,2,53,3,10,1,1,7,1,1,8,1,8,,19,19,1,22,9,121.5856239,25.05744286
111,9,13,18,35,2,12內湖區,內湖區新明路166號,0,0,1,2,C03,6,3,5,50,14,9,1,4,4,5,7,4,4,5,4,5,2,16,1,63,2,7,1,1,7,9,1,10,1,12,,23,19,1,22,9,121.5856239,25.05744286
111,9,13,18,39,2,04大安區,大安區忠孝東路3段247號,0,0,1,1,C03,6,3,5,50,14,9,1,4,4,5,7,4,4,1,4,5,2,13,1,44,2,8,1,1,7,12,1,10,1,12,,16,16,1,22,9,121.5413885,25.041743
111,9,13,18,39,2,04大安區,大安區忠孝東路3段247號,0,0,1,2,B03,6,3,5,50,14,9,1,4,4,5,7,4,4,1,4,5,2,13,1,38,3,10,1,1,7,12,1,8,1,7,,44,16,1,22,9,121.5413885,25.041743
111,9,13,18,44,2,04大安區,大安區仁愛路3段與建國南路1段口,0,0,1,1,B03,6,3,5,50,4,2,1,4,4,5,7,2,1,8,3,2,1,15,1,57,3,10,1,1,7,15,5,8,1,8,,25,25,1,2,5,121.5381264,25.03799398
111,9,13,18,44,2,04大安區,大安區仁愛路3段與建國南路1段口,0,0,1,2,C03,6,3,5,50,4,2,1,4,4,5,7,2,1,8,3,2,1,15,1,24,2,7,1,1,7,9,1,10,1,11,,44,25,1,5,5,121.5381264,25.03799398
111,9,13,19,14,2,05中正區,中正區中山南路與徐州路口,0,0,1,1,H01,6,3,5,50,4,2,1,4,4,5,7,1,1,9,3,5,2,3,2,70,3,10,4,1,8,16,8,20,10,16,,51,51,1,22,9,121.5186323,25.04192405
111,9,13,19,14,2,05中正區,中正區中山南路與徐州路口,0,0,1,2,C03,6,3,5,50,4,2,1,4,4,5,7,1,1,9,3,5,2,3,1,24,2,9,1,1,7,9,1,10,2,15,,13,51,1,22,9,121.5186323,25.04192405
111,9,13,20,28,2,09北投區,北投區立農街2段155號與立農街2段口陽明大學,0,0,1,1,B03,6,3,5,50,3,1,1,4,4,5,7,1,1,5,4,5,2,12,1,22,3,10,3,4,7,6,1,8,1,2,,17,17,1,22,9,121.5136826,25.11884428
111,9,13,20,28,2,09北投區,北投區立農街2段155號與立農街2段口陽明大學,0,0,1,2,C03,6,3,5,50,3,1,1,4,4,5,7,1,1,5,4,5,2,12,1,22,2,9,3,4,7,4,1,10,1,14,,44,17,1,22,9,121.5136826,25.11884428
111,9,13,20,42,2,12內湖區,內湖區新明路278號,0,0,2,1,H01,6,3,5,0,14,9,1,4,4,5,7,4,4,5,4,5,2,3,2,68,2,7,4,5,8,18,8,20,10,16,,52,52,1,22,9,121.5827182,25.05627159
111,9,13,20,42,2,12內湖區,內湖區新明路278號,0,0,2,2,C03,6,3,5,0,14,9,1,4,4,5,7,4,4,5,4,5,2,3,1,32,2,8,1,1,7,9,1,10,2,11,,44,52,1,22,9,121.5827182,25.05627159
111,9,13,21,0,2,12內湖區,內湖區內湖路2段179巷250號,0,0,1,1,B12,6,3,5,50,14,9,1,4,4,5,7,4,4,4,5,5,1,12,1,27,3,10,3,4,7,1,1,8,11,4,,19,19,1,22,9,121.5837047,25.08453799
111,9,13,21,0,2,12內湖區,內湖區內湖路2段179巷250號,0,0,1,2,C03,6,3,5,50,14,9,1,4,4,5,7,4,4,4,5,5,1,12,2,46,2,9,3,4,7,9,1,10,11,12,,27,19,1,22,9,121.5837047,25.08453799
111,9,13,21,35,2,08士林區,士林區中山北路6段與克強路口,0,0,1,1,B03,8,3,5,50,4,1,1,4,4,5,7,2,1,1,4,1,1,17,2,63,3,10,1,1,7,5,1,8,1,1,,23,23,1,22,9,121.5252961,25.1088363
111,9,13,21,35,2,08士林區,士林區中山北路6段與克強路口,0,0,1,2,G06,8,3,5,50,4,1,1,4,4,5,7,2,1,1,4,1,1,17,2,64,2,8,2,1,7,1,7,19,1,15,,19,23,1,22,9,121.5252961,25.1088363
111,9,13,22,3,2,05中正區,中正區中山南路與貴陽街1段口,0,0,2,1,B03,6,3,5,50,3,2,1,4,4,5,7,1,1,5,4,1,1,13,1,25,3,10,1,1,7,1,1,8,1,1,,23,23,1,22,9,121.5174971,25.0379089
111,9,13,22,3,2,05中正區,中正區中山南路與貴陽街1段口,0,0,2,2,C03,6,3,5,50,3,2,1,4,4,5,7,1,1,5,4,1,1,13,2,20,2,8,1,1,7,15,1,10,1,13,,44,23,1,22,9,121.5174971,25.0379089
111,9,13,22,3,2,05中正區,中正區中山南路與貴陽街1段口,0,0,2,3,C03,6,3,5,50,3,2,1,4,4,5,7,1,1,5,4,1,1,13,1,24,3,10,1,1,7,14,1,10,1,13,,44,23,1,22,9,121.5174971,25.0379089
111,9,13,22,3,2,05中正區,中正區中山南路與貴陽街1段口,0,0,2,4,H02,6,3,5,50,3,2,1,4,4,5,7,1,1,5,4,1,1,13,1,21,2,9,1,5,7,20,8,20,10,16,,67,23,1,22,9,121.5174971,25.0379089
111,9,13,22,17,2,02萬華區,萬華區華江橋機車道往新北市上橋處,0,0,1,1,B03,6,3,7,40,14,11,1,4,4,5,7,4,4,10,5,5,1,17,2,50,3,10,1,4,7,14,1,8,1,15,,38,38,1,22,9,121.4951397,25.03845165
111,9,13,22,17,2,02萬華區,萬華區華江橋機車道往新北市上橋處,0,0,1,2,C03,6,3,7,40,14,11,1,4,4,5,7,4,4,10,5,5,1,17,2,30,2,9,1,4,7,9,1,10,1,12,,42,38,1,22,9,121.4951397,25.03845165
111,9,13,22,17,2,02萬華區,萬華區華江橋機車道往新北市上橋處,0,0,1,3,C03,6,3,7,40,14,11,1,4,4,5,7,4,4,10,5,5,1,17,1,20,3,10,1,4,7,9,1,10,1,12,,23,38,1,22,9,121.4951397,25.03845165
111,9,13,22,35,2,05中正區,中正區中華路2段1號,0,0,1,1,B01,6,3,5,50,14,9,1,4,4,5,7,4,4,3,4,5,2,12,1,58,3,10,1,1,7,9,1,4,1,2,,23,23,1,22,9,121.5067357,25.0363901
111,9,13,22,35,2,05中正區,中正區中華路2段1號,0,0,1,2,C03,6,3,5,50,14,9,1,4,4,5,7,4,4,3,4,5,2,12,2,33,2,9,1,1,7,9,1,10,1,12,,17,23,1,22,9,121.5067357,25.0363901
111,9,13,22,42,2,02萬華區,萬華區環河南路1段與忠孝西路2段口,0,0,1,1,B03,6,3,5,50,3,2,1,4,4,5,7,1,1,8,3,5,1,16,1,48,3,10,3,4,7,5,6,8,1,2,,8,8,1,22,9,121.5058795,25.04911656
111,9,13,22,42,2,02萬華區,萬華區環河南路1段與忠孝西路2段口,0,0,1,2,C03,6,3,5,50,3,2,1,4,4,5,7,1,1,8,3,5,1,16,1,20,2,1,3,4,7,15,1,10,1,11,,44,8,1,22,9,121.5058795,25.04911656
111,9,13,23,47,2,05中正區,中正區忠孝東路2段與忠孝東路2段64巷口,0,0,1,1,B03,6,3,5,50,3,2,1,4,4,5,7,2,1,3,2,4,2,17,2,47,3,10,1,1,7,6,7,19,11,15,,9,9,1,22,9,121.5286631,25.04340043
111,9,13,23,47,2,05中正區,中正區忠孝東路2段與忠孝東路2段64巷口,0,0,1,2,C03,6,3,5,50,3,2,1,4,4,5,7,2,1,3,2,4,2,17,1,45,2,9,1,1,7,9,1,10,11,14,,44,9,1,22,9,121.5286631,25.04340043
111,9,14,0,37,2,08士林區,士林區承德路4段與大南路口,0,0,2,1,B03,6,3,5,0,3,2,1,4,4,5,7,2,1,9,2,5,1,17,1,44,4,11,3,4,7,6,7,19,11,15,,9,9,2,22,9,121.5164412,25.0905692
111,9,14,0,37,2,08士林區,士林區承德路4段與大南路口,0,0,2,2,C03,6,3,5,0,3,2,1,4,4,5,7,2,1,9,2,5,1,17,1,21,2,9,1,1,7,9,1,10,2,14,,44,9,1,22,9,121.5164412,25.0905692
111,9,14,0,37,2,08士林區,士林區承德路4段與大南路口,0,0,2,3,H02,6,3,5,0,3,2,1,4,4,5,7,2,1,9,2,5,1,17,2,21,2,9,4,5,7,20,8,20,10,16,,67,9,1,22,9,121.5164412,25.0905692
111,9,14,1,37,2,03中山區,中山區長安東路1段23號,0,0,1,1,B01,6,3,5,50,14,9,1,4,4,5,7,4,4,5,4,5,2,17,1,66,3,10,1,1,7,11,1,4,1,4,,10,10,1,22,9,121.5274034,25.04849795
111,9,14,1,37,2,03中山區,中山區長安東路1段23號,0,0,1,2,C03,6,3,5,50,14,9,1,4,4,5,7,4,4,5,4,5,2,17,1,27,2,9,1,1,7,9,1,10,1,11,,44,10,1,22,9,121.5274034,25.04849795
111,9,14,1,46,2,05中正區,中正區忠孝西路1段與館前路口,0,0,1,1,B01,6,3,5,50,4,1,1,4,4,5,7,1,1,1,4,5,2,3,1,43,3,10,1,1,7,9,1,4,2,5,,15,15,1,22,9,121.5151488,25.0467299
111,9,14,1,46,2,05中正區,中正區忠孝西路1段與館前路口,0,0,1,2,H01,6,3,5,50,4,1,1,4,4,5,7,1,1,1,4,5,2,3,2,44,2,9,4,5,8,20,8,20,10,16,,52,15,1,22,9,121.5151488,25.0467299
111,9,14,3,32,2,05中正區,中正區中山南路與仁愛路1段口,0,0,1,1,C03,6,3,5,50,5,2,1,4,4,5,7,1,1,5,4,1,2,16,1,25,2,9,1,1,7,9,1,10,2,14,,17,17,1,22,9,121.5179264,25.0395443
111,9,14,3,32,2,05中正區,中正區中山南路與仁愛路1段口,0,0,1,2,B01,6,3,5,50,5,2,1,4,4,5,7,1,1,5,4,1,2,16,1,61,3,10,1,1,7,9,1,4,2,5,,44,17,1,22,9,121.5179264,25.0395443
111,9,14,6,0,2,04大安區,大安區仁愛路3段與建國南路1段口,0,0,1,1,B01,6,2,5,50,4,1,1,4,4,5,7,1,1,10,5,5,2,16,1,63,3,10,1,1,7,6,1,4,1,5,,9,9,1,22,9,121.5376223,25.038064
111,9,14,6,0,2,04大安區,大安區仁愛路3段與建國南路1段口,0,0,1,2,C03,6,2,5,50,4,1,1,4,4,5,7,1,1,10,5,5,2,16,1,44,2,9,1,1,7,9,6,11,1,14,,44,9,1,22,9,121.5376223,25.038064
111,9,14,6,34,2,09北投區,北投區稻香路,0,0,1,1,C03,7,1,5,50,11,9,1,4,4,5,7,4,4,5,4,5,1,19,1,55,2,9,1,1,7,9,1,10,1,14,,14,14,1,22,9,121.4843903,25.14366097
111,9,14,6,34,2,09北投區,北投區稻香路,0,0,1,2,,7,1,5,50,11,9,1,4,4,5,7,4,4,5,4,5,1,19,3,,,,,,,,,,,,,67,14,1,,,121.4843903,25.14366097
111,9,14,6,55,2,12內湖區,內湖區潭美街與安康路22巷口,0,0,2,1,C03,6,3,5,40,3,1,1,4,4,5,7,2,1,9,4,5,2,16,2,44,2,9,1,1,7,5,1,10,2,12,,8,8,1,22,9,121.5939072,25.0610215
111,9,14,6,55,2,12內湖區,內湖區潭美街與安康路22巷口,0,0,2,2,C03,6,3,5,40,3,1,1,4,4,5,7,2,1,9,4,5,2,16,1,23,2,9,1,1,7,9,1,10,11,11,,13,8,1,22,9,121.5939072,25.0610215
111,9,14,7,14,1,03中山區,中山區新生高架道長安東匝道北向,1,0,0,1,C01,8,1,5,40,10,14,1,4,4,5,7,4,4,2,3,5,1,13,1,35,1,1,1,1,7,9,1,9,9,11,,16,16,1,22,1,121.5278545,25.05181589
111,9,14,7,14,1,03中山區,中山區新生高架道長安東匝道北向,1,0,0,2,B03,8,1,5,40,10,14,1,4,4,5,7,4,4,2,3,5,1,13,1,22,3,10,1,1,7,9,1,8,2,3,,44,16,1,22,9,121.5278545,25.05181589
111,9,14,7,14,1,03中山區,中山區新生高架道長安東匝道北向,1,0,0,3,B03,8,1,5,40,10,14,1,4,4,5,7,4,4,2,3,5,1,13,1,54,3,10,1,1,7,9,1,8,2,1,,16,16,1,22,9,121.5278545,25.05181589
111,9,14,7,14,1,03中山區,中山區新生高架道長安東匝道北向,1,0,0,4,B03,8,1,5,40,10,14,1,4,4,5,7,4,4,2,3,5,1,13,1,40,3,10,1,1,7,9,1,8,2,8,,23,16,1,22,9,121.5278545,25.05181589
111,9,14,7,14,1,03中山區,中山區新生高架道長安東匝道北向,1,0,0,5,B03,8,1,5,40,10,14,1,4,4,5,7,4,4,2,3,5,1,13,2,50,3,10,1,1,7,9,1,8,11,15,,44,16,1,22,9,121.5278545,25.05181589
111,9,14,7,23,2,04大安區,大安區大安路1段與敦化南路1段236巷口,0,0,1,1,B01,6,1,5,30,4,1,1,4,4,5,7,4,4,10,5,5,2,15,1,64,3,10,1,1,7,9,1,4,2,4,,6,6,1,22,9,121.5461077,25.0405867
111,9,14,7,23,2,04大安區,大安區大安路1段與敦化南路1段236巷口,0,0,1,2,C03,6,1,5,30,4,1,1,4,4,5,7,4,4,10,5,5,2,15,1,65,2,8,1,1,7,9,1,10,2,11,,14,6,1,22,9,121.5461077,25.0405867
111,9,14,7,30,2,05中正區,中正區公園路與襄陽路口,0,0,1,1,C03,7,1,5,50,3,2,1,4,4,5,7,1,1,9,2,5,2,13,1,32,2,8,1,1,7,9,1,10,1,11,,23,23,1,22,9,121.5166271,25.0435092
111,9,14,7,30,2,05中正區,中正區公園路與襄陽路口,0,0,1,2,C03,7,1,5,50,3,2,1,4,4,5,7,1,1,9,2,5,2,13,1,40,3,10,1,1,7,14,1,10,1,13,,44,23,1,22,9,121.5166271,25.0435092
111,9,14,7,47,2,02萬華區,萬華區和平西路3段與和平西路3段159巷口,0,0,3,1,C03,8,1,5,30,3,2,1,4,4,5,7,4,4,1,4,4,2,16,1,22,2,9,1,1,7,6,1,10,1,14,,9,9,1,22,9,121.4984183,25.03535574
111,9,14,7,47,2,02萬華區,萬華區和平西路3段與和平西路3段159巷口,0,0,3,2,C03,8,1,5,30,3,2,1,4,4,5,7,4,4,1,4,4,2,16,1,48,2,9,1,1,7,9,1,10,1,11,,13,9,1,22,9,121.4984183,25.03535574
111,9,14,7,47,2,02萬華區,萬華區和平西路3段與和平西路3段159巷口,0,0,3,3,H02,8,1,5,30,3,2,1,4,4,5,7,4,4,1,4,4,2,16,1,25,2,9,4,5,7,20,8,20,10,16,,67,9,1,22,9,121.4984183,25.03535574
111,9,14,8,3,1,08士林區,士林區中山北路5段250號對面北向南,1,0,1,1,C03,8,1,5,50,14,9,1,4,4,5,7,4,4,8,4,2,2,12,1,58,1,1,1,1,7,8,1,10,9,12,,7,7,1,22,9,121.5265569,25.08730352
111,9,14,8,3,1,08士林區,士林區中山北路5段250號對面北向南,1,0,1,2,C03,8,1,5,50,14,9,1,4,4,5,7,4,4,8,4,2,2,12,1,28,2,7,1,1,7,9,1,10,2,14,,44,7,1,22,9,121.5265569,25.08730352
111,9,14,8,5,2,06松山區,松山區麥帥一橋與麥帥一橋口機車道往西下橋前第九燈桿,0,0,5,1,C03,8,1,5,40,14,11,1,5,4,5,7,4,4,9,4,5,2,13,1,38,2,9,1,1,7,9,1,10,1,15,,13,13,1,22,9,121.5708557,25.05155517
111,9,14,8,5,2,06松山區,松山區麥帥一橋與麥帥一橋口機車道往西下橋前第九燈桿,0,0,5,2,C03,8,1,5,40,14,11,1,5,4,5,7,4,4,9,4,5,2,13,2,28,2,8,1,1,7,9,1,10,1,13,,44,13,1,22,9,121.5708557,25.05155517
111,9,14,8,5,2,06松山區,松山區麥帥一橋與麥帥一橋口機車道往西下橋前第九燈桿,0,0,5,3,C03,8,1,5,40,14,11,1,5,4,5,7,4,4,9,4,5,2,13,1,59,2,9,1,1,7,9,1,10,1,11,,23,13,1,22,9,121.5708557,25.05155517
111,9,14,8,5,2,06松山區,松山區麥帥一橋與麥帥一橋口機車道往西下橋前第九燈桿,0,0,5,4,C03,8,1,5,40,14,11,1,5,4,5,7,4,4,9,4,5,2,13,1,40,2,9,1,1,7,9,1,10,1,11,,23,13,1,22,9,121.5708557,25.05155517
111,9,14,8,5,2,06松山區,松山區麥帥一橋與麥帥一橋口機車道往西下橋前第九燈桿,0,0,5,5,H02,8,1,5,40,14,11,1,5,4,5,7,4,4,9,4,5,2,13,2,38,2,9,1,5,7,20,8,20,10,16,,67,13,1,22,9,121.5708557,25.05155517
111,9,14,8,10,2,12內湖區,內湖區民權東路6段13號,0,0,1,1,C03,7,1,5,40,14,8,1,4,4,5,7,4,4,1,4,4,2,13,1,28,3,10,1,1,7,9,1,10,1,11,,23,23,1,22,9,121.5800033,25.0673227
111,9,14,8,10,2,12內湖區,內湖區民權東路6段13號,0,0,1,2,C03,7,1,5,40,14,8,1,4,4,5,7,4,4,1,4,4,2,13,2,54,2,9,1,1,7,9,1,10,1,13,,44,23,1,22,9,121.5800033,25.0673227
111,9,14,8,10,2,12內湖區,內湖區民權東路6段13號,0,0,1,3,B03,7,1,5,40,14,8,1,4,4,5,7,4,4,1,4,4,2,13,2,47,3,10,1,1,7,6,1,8,9,15,,44,23,1,22,9,121.5800033,25.0673227
111,9,14,8,11,2,06松山區,松山區民權東路3段與復興北路口,0,0,2,1,C03,7,1,5,50,4,2,1,4,4,5,7,1,1,1,3,5,2,17,1,57,2,9,1,1,7,6,1,10,1,13,,43,43,1,22,9,121.5445196,25.0622517
111,9,14,8,11,2,06松山區,松山區民權東路3段與復興北路口,0,0,2,2,C03,7,1,5,50,4,2,1,4,4,5,7,1,1,1,3,5,2,17,1,25,2,9,1,1,7,12,1,10,1,11,,43,43,1,22,9,121.5445196,25.0622517
111,9,14,8,12,2,04大安區,大安區市民大道3段290號,0,0,2,1,H01,8,1,5,0,14,9,1,5,4,5,7,4,4,1,4,5,2,3,2,32,2,9,4,5,8,16,8,20,10,15,,51,51,1,22,9,121.5428179,25.0445315
111,9,14,8,12,2,04大安區,大安區市民大道3段290號,0,0,2,2,C03,8,1,5,0,14,9,1,5,4,5,7,4,4,1,4,5,2,3,1,24,2,9,3,4,7,9,1,10,2,11,,13,51,1,22,9,121.5428179,25.0445315
111,9,14,8,14,2,04大安區,大安區延吉街237號,0,0,1,1,B03,8,1,5,30,14,9,1,4,4,5,7,4,4,8,3,5,2,17,1,53,3,10,1,1,7,9,1,8,1,15,,6,6,1,22,9,121.555617,25.0365418
111,9,14,8,14,2,04大安區,大安區延吉街237號,0,0,1,2,C03,8,1,5,30,14,9,1,4,4,5,7,4,4,8,3,5,2,17,2,28,2,9,1,1,7,9,1,10,1,14,,44,6,1,22,9,121.555617,25.0365418
111,9,14,8,47,2,04大安區,大安區仁愛路3段120號前,0,0,2,1,C03,8,1,5,50,14,9,1,4,4,5,7,2,1,8,3,1,1,16,2,55,2,8,1,1,7,11,1,10,1,14,,25,25,1,5,1,121.5397586,25.03765323
111,9,14,8,47,2,04大安區,大安區仁愛路3段120號前,0,0,2,2,C03,8,1,5,50,14,9,1,4,4,5,7,2,1,8,3,1,1,16,1,43,2,9,1,1,7,9,1,10,1,11,,44,25,1,5,1,121.5397586,25.03765323