發生年度,發生月,發生日,發生時-Hours,發生分,處理別-編號,區序,肇事地點,死亡人數,2-30日死亡人數,受傷人數,當事人序號,車種,天候,光線,道路類別,速限-速度限制,道路型態,事故位置,路面狀況1,路面狀況2,路面狀況3,道路障礙1,道路障礙2,號誌1,號誌2,車道劃分-分向,車道劃分-分道1,車道劃分-分道2,車道劃分-分道3,事故類型及型態,性別,年齡,受傷程度,主要傷處,安全帽,行動電話,車輛用途,當事者行動狀態,駕駛資格情形,駕駛執照種類,飲酒情形,車輛撞擊部位1,車輛撞擊部位2,肇因碼-個別,肇因碼-主要,個人肇逃否,職業,旅次目的,座標-X,座標-Y
111,9,14,8,47,2,07信義區,信義區信義路5段與市府路口,0,0,1,1,C03,8,1,5,50,3,1,1,5,3,5,7,1,1,1,5,5,2,18,1,41,2,9,1,1,7,6,1,10,1,12,,42,61,1,22,9,121.563602,25.0330836
111,9,14,8,47,2,07信義區,信義區信義路5段與市府路口,0,0,1,2,,8,1,5,50,3,1,1,5,3,5,7,1,1,1,5,5,2,18,3,,,,,,,,,,,,,67,61,1,,,121.563602,25.0330836
111,9,14,8,53,2,07信義區,信義區信安街與富陽街44巷口,0,0,1,1,C03,7,1,5,30,3,1,1,5,4,5,7,4,4,10,5,5,1,16,1,57,3,10,3,4,7,5,1,10,1,11,,23,23,1,22,9,121.555408,25.02320513
111,9,14,8,53,2,07信義區,信義區信安街與富陽街44巷口,0,0,1,2,C03,7,1,5,30,3,1,1,5,4,5,7,4,4,10,5,5,1,16,1,32,2,8,3,4,7,4,1,10,1,12,,1,23,1,22,9,121.555408,25.02320513
111,9,14,8,55,2,07信義區,信義區松壽路與市府路口,0,0,1,1,B11,7,1,5,50,4,1,1,5,4,5,7,1,1,9,4,5,2,15,1,55,3,10,1,1,7,21,1,4,2,6,,6,6,1,22,9,121.5635453,25.035868
111,9,14,8,55,2,07信義區,信義區松壽路與市府路口,0,0,1,2,C03,7,1,5,50,4,1,1,5,4,5,7,1,1,9,4,5,2,15,1,41,2,9,1,1,7,21,1,10,2,11,,44,6,1,22,9,121.5635453,25.035868
111,9,14,9,0,2,11南港區,南港區向陽路80號,0,0,1,1,C03,7,1,5,50,14,9,1,5,4,5,7,3,1,1,4,5,2,17,1,52,3,10,1,1,7,8,1,10,2,15,,7,7,1,22,9,121.5953066,25.05261112
111,9,14,9,0,2,11南港區,南港區向陽路80號,0,0,1,2,C03,7,1,5,50,14,9,1,5,4,5,7,3,1,1,4,5,2,17,1,53,2,9,1,1,7,9,1,10,2,12,,23,7,1,22,9,121.5953066,25.05261112
111,9,14,9,17,2,12內湖區,內湖區潭美街399號前,0,0,1,1,B01,8,1,5,40,14,9,1,5,4,5,7,4,4,9,4,5,2,12,1,67,3,10,3,4,7,5,1,4,2,4,,8,8,1,22,9,121.5927935,25.06071133
111,9,14,9,17,2,12內湖區,內湖區潭美街399號前,0,0,1,2,C03,8,1,5,40,14,9,1,5,4,5,7,4,4,9,4,5,2,12,1,27,2,9,3,4,7,4,1,10,2,12,,1,8,1,22,9,121.5927935,25.06071133
111,9,14,9,49,2,02萬華區,萬華區艋舺大道89號,0,0,1,1,B01,8,1,5,30,14,9,1,5,4,5,7,4,4,9,5,5,2,17,1,58,3,10,1,1,7,1,1,4,1,8,,19,19,1,22,9,121.5028266,25.03371042
111,9,14,9,49,2,02萬華區,萬華區艋舺大道89號,0,0,1,2,C03,8,1,5,30,14,9,1,5,4,5,7,4,4,9,5,5,2,17,1,34,2,9,1,1,7,9,1,9,1,11,,13,19,1,22,9,121.5028266,25.03371042
111,9,14,9,51,2,11南港區,南港區南港路1段4號,0,0,1,2,B03,8,1,5,50,14,9,1,5,4,5,7,4,4,4,3,5,2,16,1,67,3,10,1,1,7,9,1,8,1,5,,23,7,1,22,9,121.6199606,25.0547851
111,9,14,9,51,2,11南港區,南港區南港路1段4號,0,0,1,1,C03,8,1,5,50,14,9,1,5,4,5,7,4,4,4,3,5,2,16,2,55,2,7,1,1,7,7,1,10,1,14,,7,7,1,22,9,121.6199606,25.0547851
111,9,14,10,23,2,05中正區,中正區公園路與貴陽街1段口,0,0,2,1,B03,8,1,5,50,4,1,1,5,4,5,7,1,1,10,5,5,2,16,1,68,3,10,1,1,7,5,1,8,2,1,,8,8,1,22,9,121.5152229,25.03857029
111,9,14,10,23,2,05中正區,中正區公園路與貴陽街1段口,0,0,2,2,C03,8,1,5,50,4,1,1,5,4,5,7,1,1,10,5,5,2,16,1,20,2,9,1,1,7,9,1,10,2,11,,44,8,1,22,9,121.5152229,25.03857029
111,9,14,10,23,2,05中正區,中正區公園路與貴陽街1段口,0,0,2,3,H01,8,1,5,50,4,1,1,5,4,5,7,1,1,10,5,5,2,16,1,34,2,8,4,5,8,16,8,20,2,16,,67,8,1,22,9,121.5152229,25.03857029
111,9,14,10,34,2,05中正區,中正區忠孝東路2段122號,0,0,1,1,B02,8,1,5,50,14,9,1,5,4,5,7,4,4,3,4,5,1,12,1,19,3,10,1,1,7,6,1,8,2,6,,9,9,2,22,9,121.5315625,25.0425486
111,9,14,10,34,2,05中正區,中正區忠孝東路2段122號,0,0,1,2,C03,8,1,5,50,14,9,1,5,4,5,7,4,4,3,4,5,1,12,1,30,3,10,1,1,7,6,1,10,2,11,,44,9,1,22,9,121.5315625,25.0425486
111,9,14,10,34,2,05中正區,中正區忠孝東路2段122號,0,0,1,3,H02,8,1,5,50,14,9,1,5,4,5,7,4,4,3,4,5,1,12,2,26,2,8,4,5,7,20,8,20,10,16,,67,9,1,22,9,121.5315625,25.0425486
111,9,14,10,35,2,09北投區,北投區光明路與磺港路口,0,0,1,2,C04,8,1,5,50,4,2,1,5,4,5,7,4,4,10,4,5,1,13,2,63,2,9,1,1,7,5,1,8,1,13,,43,23,1,22,9,121.5019341,25.13343983
111,9,14,10,35,2,09北投區,北投區光明路與磺港路口,0,0,1,1,B12,8,1,5,50,4,2,1,5,4,5,7,4,4,10,4,5,1,13,1,38,3,10,1,1,7,5,1,8,1,1,,23,23,1,22,9,121.5019341,25.13343983
111,9,14,10,40,2,03中山區,中山區北安路東向西機慢車專用道,0,0,2,1,C04,7,1,5,50,3,1,1,5,4,5,7,4,4,10,3,5,1,13,2,30,2,8,1,4,7,9,1,10,1,11,,16,16,1,22,9,121.5508501,25.08617529
111,9,14,10,40,2,03中山區,中山區北安路東向西機慢車專用道,0,0,2,2,F01,7,1,5,50,3,1,1,5,4,5,7,4,4,10,3,5,1,13,1,86,2,8,1,1,7,9,8,20,1,16,,44,16,1,22,9,121.5508501,25.08617529
111,9,14,10,48,2,05中正區,中正區汀州路3段40號,0,0,1,1,B03,8,1,5,50,14,9,1,5,4,5,7,1,1,9,4,5,2,12,1,33,3,10,1,1,7,5,1,8,2,4,,8,8,1,22,9,121.5297317,25.0163971
111,9,14,10,48,2,05中正區,中正區汀州路3段40號,0,0,1,2,C03,8,1,5,50,14,9,1,5,4,5,7,1,1,9,4,5,2,12,1,49,2,9,1,1,7,9,1,10,2,11,,23,8,1,22,9,121.5297317,25.0163971
111,9,14,11,0,2,04大安區,大安區金山南路2段與金華街口,0,0,1,1,B03,8,1,5,50,4,2,1,5,4,5,7,2,1,1,4,5,2,11,1,57,3,10,3,4,7,5,1,4,1,2,,6,6,1,22,9,121.5266647,25.03015971
111,9,14,11,0,2,04大安區,大安區金山南路2段與金華街口,0,0,1,2,C03,8,1,5,50,4,2,1,5,4,5,7,2,1,1,4,5,2,11,2,35,3,10,3,4,7,9,3,18,1,11,,44,6,1,22,9,121.5266647,25.03015971
111,9,14,11,0,2,04大安區,大安區金山南路2段與金華街口,0,0,1,3,H02,8,1,5,50,4,2,1,5,4,5,7,2,1,1,4,5,2,11,2,35,2,7,3,4,7,21,8,20,10,16,,67,6,1,22,9,121.5266647,25.03015971
111,9,14,11,0,2,06松山區,松山區三民路與三民路180巷口,0,0,2,1,C03,8,3,5,50,4,1,1,5,4,5,7,4,4,9,4,5,2,10,1,79,2,9,1,1,7,9,1,10,1,11,,6,6,1,22,9,121.5631603,25.06227632
111,9,14,11,0,2,06松山區,松山區三民路與三民路180巷口,0,0,2,2,C03,8,3,5,50,4,1,1,5,4,5,7,4,4,9,4,5,2,10,1,51,2,9,1,1,7,9,1,10,1,11,,23,6,1,22,9,121.5631603,25.06227632
111,9,14,11,11,2,04大安區,大安區光復南路108巷與光復南路96巷口,0,0,1,1,C03,8,1,5,30,4,1,1,5,4,5,7,4,4,9,4,5,2,15,1,42,2,9,1,1,7,9,1,10,1,11,,6,6,1,22,9,121.5570986,25.04395088
111,9,14,11,11,2,04大安區,大安區光復南路108巷與光復南路96巷口,0,0,1,2,B03,8,1,5,30,4,1,1,5,4,5,7,4,4,9,4,5,2,15,2,26,3,10,1,1,7,9,1,8,1,4,,14,6,1,22,9,121.5570986,25.04395088
111,9,14,11,12,2,12內湖區,內湖區民權東路6段與行愛路口,0,0,1,1,C03,7,1,5,50,4,1,1,5,4,5,7,1,1,1,4,5,2,3,1,64,4,11,3,4,7,15,7,19,11,15,,15,15,2,22,9,121.5787344,25.06664697
111,9,14,11,12,2,12內湖區,內湖區民權東路6段與行愛路口,0,0,1,2,H01,7,1,5,50,4,1,1,5,4,5,7,1,1,1,4,5,2,3,1,34,2,9,4,5,8,16,8,20,11,16,,51,15,1,22,9,121.5787344,25.06664697
111,9,14,11,25,2,01大同區,大同區延平北路2段239號,0,0,1,1,C03,7,1,5,50,14,9,1,5,4,5,7,4,4,5,4,5,2,17,2,66,2,8,1,1,7,9,1,10,1,15,,42,42,1,22,9,121.5113658,25.0610552
111,9,14,11,25,2,01大同區,大同區延平北路2段239號,0,0,1,2,C03,7,1,5,50,14,9,1,5,4,5,7,4,4,5,4,5,2,17,1,63,3,10,1,1,7,9,1,10,1,15,,42,42,1,22,9,121.5113658,25.0610552
111,9,14,11,31,2,03中山區,中山區市民大道2段與長安東路1段52巷口,0,0,2,1,C03,7,1,5,40,3,1,1,5,4,5,7,1,1,1,4,5,2,17,2,68,2,9,1,1,7,1,4,8,1,14,,25,25,1,22,9,121.5277448,25.04703535
111,9,14,11,31,2,03中山區,中山區市民大道2段與長安東路1段52巷口,0,0,2,2,C03,7,1,5,40,3,1,1,5,4,5,7,1,1,1,4,5,2,17,1,22,2,9,1,1,7,9,3,18,1,11,,23,25,1,22,9,121.5277448,25.04703535
111,9,14,11,48,2,01大同區,大同區重慶北路3段與重慶北路3段113巷口,0,0,1,1,C03,8,1,5,50,4,1,1,5,4,5,7,2,1,5,5,5,2,16,1,63,2,9,1,1,7,9,1,10,1,12,,26,26,1,22,9,121.5138528,25.06722861
111,9,14,11,48,2,01大同區,大同區重慶北路3段與重慶北路3段113巷口,0,0,1,2,C03,8,1,5,50,4,1,1,5,4,5,7,2,1,5,5,5,2,16,1,24,3,10,1,1,7,5,1,10,1,13,,44,26,1,22,9,121.5138528,25.06722861
111,9,14,11,58,2,05中正區,中正區廈門街25巷與廈門街25巷4弄口口,0,0,1,1,B01,8,1,5,30,14,9,1,5,4,5,7,4,4,10,5,5,2,12,1,40,3,10,1,1,7,1,1,8,1,1,,43,43,1,22,9,121.5181269,25.02617121
111,9,14,11,58,2,05中正區,中正區廈門街25巷與廈門街25巷4弄口口,0,0,1,2,C03,8,1,5,30,14,9,1,5,4,5,7,4,4,10,5,5,2,12,1,77,2,9,1,1,7,9,6,10,1,12,,43,43,1,22,9,121.5181269,25.02617121
111,9,14,12,30,2,06松山區,松山區健康路15巷與敦化北路165巷口,0,0,1,1,B03,8,1,5,30,3,1,1,5,4,5,7,4,4,9,4,5,2,17,1,54,3,10,1,1,7,6,1,8,1,15,,9,9,1,22,9,121.5529126,25.0547135
111,9,14,12,30,2,06松山區,松山區健康路15巷與敦化北路165巷口,0,0,1,2,C03,8,1,5,30,3,1,1,5,4,5,7,4,4,9,4,5,2,17,1,61,2,9,1,1,7,9,1,10,1,12,,14,9,1,22,9,121.5529126,25.0547135
111,9,14,12,32,2,04大安區,大安區基隆路2段與和平東路3段口,0,0,1,1,C03,8,1,5,50,15,9,1,5,4,5,7,4,4,3,4,5,2,17,2,72,2,8,1,4,7,6,1,10,1,14,,9,9,1,22,9,121.5521023,25.024074
111,9,14,12,32,2,04大安區,大安區基隆路2段與和平東路3段口,0,0,1,2,C03,8,1,5,50,15,9,1,5,4,5,7,4,4,3,4,5,2,17,1,22,3,10,1,4,7,9,1,10,1,12,,44,9,1,22,9,121.5521023,25.024074
111,9,14,12,50,2,12內湖區,內湖區康樂街204-3號旁,0,0,1,1,B03,8,1,5,50,14,9,1,5,4,5,7,4,4,9,4,5,2,16,2,64,3,10,1,4,7,6,1,8,2,2,,9,9,1,22,9,121.6211662,25.07616543
111,9,14,12,50,2,12內湖區,內湖區康樂街204-3號旁,0,0,1,2,C03,8,1,5,50,14,9,1,5,4,5,7,4,4,9,4,5,2,16,1,31,2,9,1,1,7,9,1,10,2,14,,44,9,1,22,9,121.6211662,25.07616543
111,9,14,12,56,2,07信義區,信義區市民大道6段與基隆路1段口,0,0,1,1,C03,8,1,5,50,4,1,1,5,4,5,7,2,1,1,4,5,1,16,1,44,3,10,3,4,7,10,1,10,1,13,,7,7,1,22,9,121.5693413,25.0490368
111,9,14,12,56,2,07信義區,信義區市民大道6段與基隆路1段口,0,0,1,2,C03,8,1,5,50,4,1,1,5,4,5,7,2,1,1,4,5,1,16,2,24,2,7,3,4,7,9,1,10,1,11,,44,7,1,22,9,121.5693413,25.0490368
111,9,14,13,0,2,03中山區,中山區市民大道2段與長安東路1段52巷口,0,0,1,1,C03,8,1,5,40,3,2,1,5,4,5,7,1,1,1,4,4,2,13,1,34,2,7,3,4,7,9,1,10,1,12,,23,23,1,22,9,121.5280349,25.0469506
111,9,14,13,0,2,03中山區,中山區市民大道2段與長安東路1段52巷口,0,0,1,2,C03,8,1,5,40,3,2,1,5,4,5,7,1,1,1,4,4,2,13,1,20,3,10,3,4,7,9,1,9,1,14,,44,23,1,22,9,121.5280349,25.0469506
111,9,14,13,0,2,12內湖區,內湖區民權東路6段191巷與民權東路6段191巷38弄口,0,0,1,3,B03,8,1,5,40,3,2,1,5,4,5,7,4,4,5,5,5,1,17,1,45,3,10,1,1,7,13,1,8,1,4,,44,19,1,22,9,121.5983295,25.06879297
111,9,14,13,0,2,12內湖區,內湖區民權東路6段191巷與民權東路6段191巷38弄口,0,0,1,1,B01,8,1,5,40,3,2,1,5,4,5,7,4,4,5,5,5,1,17,1,62,3,10,1,1,7,1,1,4,1,15,,19,19,1,22,9,121.5983295,25.06879297
111,9,14,13,0,2,12內湖區,內湖區民權東路6段191巷與民權東路6段191巷38弄口,0,0,1,2,C03,8,1,5,40,3,2,1,5,4,5,7,4,4,5,5,5,1,17,1,24,2,9,1,1,7,9,1,10,1,12,,13,19,1,22,9,121.5983295,25.06879297
111,9,14,13,10,2,03中山區,中山區林森北路561號,0,0,2,1,C03,8,1,5,50,14,9,1,5,4,5,7,4,4,5,5,5,2,3,1,57,2,9,1,4,7,9,1,10,1,14,,44,44,1,22,9,121.5256839,25.0645138
111,9,14,13,10,2,03中山區,中山區林森北路561號,0,0,2,2,H01,8,1,5,50,14,9,1,5,4,5,7,4,4,5,5,5,2,3,2,11,2,9,4,5,8,18,8,20,10,16,,67,44,1,22,9,121.5256839,25.0645138
111,9,14,13,10,2,03中山區,中山區自強隧道機車道往大直、士林交岔口,0,0,1,1,C03,7,1,5,50,3,1,1,5,4,5,7,4,4,10,5,5,1,17,1,36,3,10,1,4,7,8,1,10,2,15,,7,7,1,22,9,121.5508286,25.08619059
111,9,14,13,10,2,03中山區,中山區自強隧道機車道往大直、士林交岔口,0,0,1,2,C03,7,1,5,50,3,1,1,5,4,5,7,4,4,10,5,5,1,17,1,27,2,9,1,4,7,8,1,9,2,12,,44,7,1,22,9,121.5508286,25.08619059
111,9,14,13,37,2,09北投區,北投區中央北路1段222號,0,0,1,1,B03,7,1,5,50,4,2,1,5,4,5,7,1,1,7,4,5,2,12,1,31,3,10,3,4,7,5,1,8,1,4,,43,43,1,22,9,121.4969879,25.1361211
111,9,14,13,37,2,09北投區,北投區中央北路1段222號,0,0,1,2,C03,7,1,5,50,4,2,1,5,4,5,7,1,1,7,4,5,2,12,1,59,2,9,3,4,7,5,1,8,1,12,,43,43,1,22,9,121.4969879,25.1361211
111,9,14,13,40,2,04大安區,大安區敦化南路1段168號,0,0,1,1,A12,8,1,5,50,14,9,1,5,4,5,7,4,4,9,4,5,2,16,1,49,3,10,1,1,7,8,1,2,2,2,,7,7,1,22,9,121.5486291,25.04324438
111,9,14,13,40,2,04大安區,大安區敦化南路1段168號,0,0,1,2,C03,8,1,5,50,14,9,1,5,4,5,7,4,4,9,4,5,2,16,2,25,2,9,1,1,7,9,1,10,2,14,,44,7,1,22,9,121.5486291,25.04324438
111,9,14,13,43,2,09北投區,北投區東昇路與泉源路口,0,0,1,1,B03,8,1,5,50,3,1,1,5,4,5,7,3,1,5,5,5,1,17,1,39,3,10,1,1,7,9,1,8,1,8,,23,23,1,22,9,121.5229703,25.14588845
111,9,14,13,43,2,09北投區,北投區東昇路與泉源路口,0,0,1,2,C03,8,1,5,50,3,1,1,5,4,5,7,3,1,5,5,5,1,17,2,63,2,9,1,1,7,5,1,10,1,14,,8,23,1,22,9,121.5229703,25.14588845
111,9,14,14,12,2,04大安區,大安區仁愛路4段266巷與仁愛路4段300巷20弄口,0,0,1,1,B03,8,1,5,50,4,1,1,5,4,5,7,1,1,10,4,5,2,17,1,25,3,10,1,1,7,9,1,8,1,15,,6,6,1,22,9,121.5527155,25.0365159
111,9,14,14,12,2,04大安區,大安區仁愛路4段266巷與仁愛路4段300巷20弄口,0,0,1,2,C03,8,1,5,50,4,1,1,5,4,5,7,1,1,10,4,5,2,17,1,48,2,9,1,1,7,9,1,10,1,15,,14,6,1,22,9,121.5527155,25.0365159
111,9,14,14,13,2,05中正區,中正區汀州路1段282號與汀州路1段284巷口口,0,0,1,1,B03,8,1,5,50,3,2,1,5,4,5,7,4,4,5,5,5,1,17,2,25,3,10,1,1,7,15,1,8,2,4,,40,40,1,22,9,121.5113238,25.02687532
111,9,14,14,13,2,05中正區,中正區汀州路1段282號與汀州路1段284巷口口,0,0,1,2,C03,8,1,5,50,3,2,1,5,4,5,7,4,4,5,5,5,1,17,1,42,2,9,1,1,7,9,1,10,2,12,,44,40,1,22,9,121.5113238,25.02687532
111,9,14,14,13,2,05中正區,中正區汀州路1段282號與汀州路1段284巷口口,0,0,1,3,B01,8,1,5,50,3,2,1,5,4,5,7,4,4,5,5,5,1,17,1,47,3,10,1,1,7,9,1,4,2,2,,44,40,1,22,9,121.5113238,25.02687532
111,9,14,14,15,2,05中正區,中正區開封街1段與博愛路口,0,0,2,1,C03,8,1,5,50,4,1,1,5,4,5,7,1,1,10,5,5,2,16,1,70,2,5,1,1,7,5,1,10,2,13,,8,8,1,22,9,121.5113019,25.04599772
111,9,14,14,15,2,05中正區,中正區開封街1段與博愛路口,0,0,2,2,C03,8,1,5,50,4,1,1,5,4,5,7,1,1,10,5,5,2,16,1,36,2,9,1,3,7,9,1,10,3,11,,44,8,1,22,9,121.5113019,25.04599772
111,9,14,14,20,2,06松山區,松山區光復北路與光復北路60巷口,0,0,1,1,B01,8,1,5,30,3,1,1,5,4,5,7,4,4,3,4,5,2,16,1,53,3,10,1,1,7,6,1,4,1,8,,6,6,1,22,9,121.5577902,25.0497101
111,9,14,14,20,2,06松山區,松山區光復北路與光復北路60巷口,0,0,1,2,C03,8,1,5,30,3,1,1,5,4,5,7,4,4,3,4,5,2,16,1,27,2,9,1,1,7,9,6,10,1,11,,14,6,1,22,9,121.5577902,25.0497101
111,9,14,14,20,2,07信義區,信義區吳興街600巷18號,0,0,1,1,C03,8,1,5,30,11,9,1,5,4,5,1,4,4,10,5,5,2,11,1,27,2,9,1,1,7,9,1,10,1,14,,5,5,1,22,9,121.5694518,25.02134112
111,9,14,14,20,2,07信義區,信義區吳興街600巷18號,0,0,1,2,B12,8,1,5,30,11,9,1,5,4,5,1,4,4,10,5,5,2,11,2,41,3,10,1,1,7,9,1,8,1,8,,44,5,1,22,9,121.5694518,25.02134112
111,9,14,14,44,2,04大安區,大安區仁愛路4段與光復南路口,0,0,1,1,B01,8,1,5,50,4,1,1,5,4,5,7,1,1,1,4,1,2,16,1,54,3,10,3,4,7,8,1,4,1,2,,7,7,1,22,9,121.5574456,25.0378169
111,9,14,14,44,2,04大安區,大安區仁愛路4段與光復南路口,0,0,1,2,C03,8,1,5,50,4,1,1,5,4,5,7,1,1,1,4,1,2,16,1,63,2,9,3,4,7,9,1,10,1,14,,44,7,1,22,9,121.5574456,25.0378169
111,9,14,15,1,2,10文山區,文山區新光路2段與文和橋口,0,0,1,1,C03,8,1,5,40,3,1,1,5,4,5,7,3,1,5,4,5,1,13,1,18,2,7,3,4,7,9,1,10,1,11,,23,23,1,22,9,121.5963583,25.00127531
111,9,14,15,1,2,10文山區,文山區新光路2段與文和橋口,0,0,1,2,B12,8,1,5,40,3,1,1,5,4,5,7,3,1,5,4,5,1,13,1,47,3,10,3,4,7,14,1,8,1,6,,44,23,1,22,9,121.5963583,25.00127531
111,9,14,15,11,2,12內湖區,內湖區安美街59-11號,0,0,1,1,B03,8,1,5,50,3,2,1,5,4,5,7,4,4,9,4,5,2,12,1,59,3,10,1,1,7,6,1,8,1,2,,9,9,1,22,9,121.5966142,25.0616457
111,9,14,15,11,2,12內湖區,內湖區安美街59-11號,0,0,1,2,C03,8,1,5,50,3,2,1,5,4,5,7,4,4,9,4,5,2,12,1,75,2,9,1,1,7,9,1,10,1,14,,44,9,1,22,9,121.5966142,25.0616457
111,9,14,15,30,2,03中山區,中山區新生北路2段與民權東路2段口,0,0,1,1,C03,7,1,5,50,3,1,1,5,4,5,7,1,1,1,3,5,1,13,2,30,2,8,1,4,7,9,1,10,1,11,,16,16,1,22,9,121.5274455,25.06252031
111,9,14,15,30,2,03中山區,中山區新生北路2段與民權東路2段口,0,0,1,2,B03,7,1,5,50,3,1,1,5,4,5,7,1,1,1,3,5,1,13,1,31,3,10,3,4,7,9,1,8,1,3,,44,16,1,22,9,121.5274455,25.06252031
111,9,14,15,31,2,03中山區,中山區北安路837號,0,0,1,1,B03,8,1,5,50,14,8,1,5,4,5,7,4,4,1,4,4,2,16,2,65,3,10,3,4,7,8,1,8,2,2,,7,7,1,22,9,121.5571768,25.0845738
111,9,14,15,31,2,03中山區,中山區北安路837號,0,0,1,2,C03,8,1,5,50,14,8,1,5,4,5,7,4,4,1,4,4,2,16,1,21,2,9,3,4,7,9,1,9,2,14,,44,7,1,22,9,121.5571768,25.0845738
111,9,14,15,31,2,05中正區,中正區市民大道2段與中山北路1段口,0,0,2,1,C03,8,1,5,40,4,2,1,5,4,5,7,1,1,1,4,5,1,12,1,24,2,9,1,1,7,7,1,10,2,14,,7,7,1,22,9,121.5209527,25.0479555
111,9,14,15,31,2,05中正區,中正區市民大道2段與中山北路1段口,0,0,2,2,C03,8,1,5,40,4,2,1,5,4,5,7,1,1,1,4,5,1,12,2,28,2,9,1,1,7,9,1,10,2,11,,44,7,1,22,9,121.5209527,25.0479555
111,9,14,15,45,2,09北投區,北投區三合街1段117巷52號,0,0,1,1,B02,8,1,5,30,14,9,1,5,4,5,6,4,4,10,5,5,2,9,1,38,3,10,1,1,7,1,1,8,1,2,,23,23,1,22,9,121.5043665,25.12563608
111,9,14,15,45,2,09北投區,北投區三合街1段117巷52號,0,0,1,2,H01,8,1,5,30,14,9,1,5,4,5,6,4,4,10,5,5,2,9,2,67,2,9,4,5,8,20,8,20,1,16,,60,23,1,22,9,121.5043665,25.12563608
111,9,14,16,10,2,05中正區,中正區泰安街與泰安街3巷口,0,0,3,1,B12,8,1,5,30,4,1,1,5,4,5,7,4,4,10,5,5,2,15,1,31,3,10,1,1,7,9,1,8,2,2,,13,13,1,22,9,121.5280597,25.0400847
111,9,14,16,10,2,05中正區,中正區泰安街與泰安街3巷口,0,0,3,2,C03,8,1,5,30,4,1,1,5,4,5,7,4,4,10,5,5,2,15,2,33,2,9,1,1,7,9,1,10,2,11,,6,13,1,22,9,121.5280597,25.0400847
111,9,14,16,10,2,05中正區,中正區泰安街與泰安街3巷口,0,0,3,3,H02,8,1,5,30,4,1,1,5,4,5,7,4,4,10,5,5,2,15,1,4,2,9,4,5,7,20,8,20,10,16,,67,13,1,22,9,121.5280597,25.0400847
111,9,14,16,10,2,05中正區,中正區泰安街與泰安街3巷口,0,0,3,4,H02,8,1,5,30,4,1,1,5,4,5,7,4,4,10,5,5,2,15,1,8,2,9,4,5,7,20,8,20,10,16,,67,13,1,22,9,121.5280597,25.0400847
111,9,14,16,11,2,06松山區,松山區八德路4段與基隆路1段口,0,0,1,1,B03,8,1,5,50,5,1,1,5,4,5,7,1,1,1,3,5,2,15,1,18,3,10,1,1,7,9,3,18,1,4,,25,25,1,22,9,121.5695308,25.04948005
111,9,14,16,11,2,06松山區,松山區八德路4段與基隆路1段口,0,0,1,2,F03,8,1,5,50,5,1,1,5,4,5,7,1,1,1,3,5,2,15,1,62,2,9,1,1,7,9,8,20,1,16,,44,25,1,22,9,121.5695308,25.04948005
111,9,14,16,15,2,02萬華區,萬華區中華路1段與長沙街2段口,0,0,2,1,C03,8,1,5,50,4,1,1,5,4,5,7,1,1,1,4,1,2,16,2,19,2,8,1,1,7,6,3,18,1,12,,9,9,1,22,9,121.5076588,25.04055465
111,9,14,16,15,2,02萬華區,萬華區中華路1段與長沙街2段口,0,0,2,2,C03,8,1,5,50,4,1,1,5,4,5,7,1,1,1,4,1,2,16,1,32,2,9,1,1,7,9,1,10,1,11,,44,9,1,22,9,121.5076588,25.04055465
111,9,14,16,20,2,01大同區,大同區西寧北路與鄭州路口,0,0,1,1,F01,8,1,5,0,4,2,1,5,4,1,5,2,1,9,4,5,2,17,1,60,2,9,1,1,7,11,8,20,1,16,,11,11,1,22,9,121.5080517,25.0506352
111,9,14,16,20,2,01大同區,大同區西寧北路與鄭州路口,0,0,1,2,B03,8,1,5,0,4,2,1,5,4,1,5,2,1,9,4,5,2,17,1,42,3,10,1,1,7,9,1,8,1,2,,25,11,1,22,9,121.5080517,25.0506352
111,9,14,16,20,2,01大同區,大同區西寧北路與鄭州路口,0,0,1,3,B12,8,1,5,0,4,2,1,5,4,1,5,2,1,9,4,5,2,17,1,47,4,11,3,4,7,15,7,19,9,15,,44,11,2,22,9,121.5080517,25.0506352
111,9,14,16,40,2,06松山區,松山區市民大道4段119號,0,0,1,1,C03,8,1,8,40,15,22,1,5,4,5,7,4,4,1,4,5,2,16,1,31,3,10,1,4,7,6,1,10,1,12,,6,6,1,22,9,121.5497063,25.0448889
111,9,14,16,40,2,06松山區,松山區市民大道4段119號,0,0,1,2,C03,8,1,8,40,15,22,1,5,4,5,7,4,4,1,4,5,2,16,1,18,2,8,1,4,7,9,1,10,1,11,,23,6,1,22,9,121.5497063,25.0448889
111,9,14,16,49,2,12內湖區,內湖區新明路143巷與新明路口,0,0,1,1,C03,7,1,5,50,3,2,1,5,4,5,7,4,4,5,4,4,2,16,2,49,3,10,1,1,7,7,1,10,1,14,,7,7,1,22,9,121.5893581,25.05934029
111,9,14,16,49,2,12內湖區,內湖區新明路143巷與新明路口,0,0,1,2,B03,7,1,5,50,3,2,1,5,4,5,7,4,4,5,4,4,2,16,2,48,3,10,1,1,7,9,1,8,1,2,,44,7,1,22,9,121.5893581,25.05934029
111,9,14,16,49,2,12內湖區,內湖區新明路143巷與新明路口,0,0,1,3,H02,7,1,5,50,3,2,1,5,4,5,7,4,4,5,4,4,2,16,2,46,2,8,1,5,7,21,8,20,10,16,,67,7,1,22,9,121.5893581,25.05934029