發生年度,發生月,發生日,發生時-Hours,發生分,處理別-編號,區序,肇事地點,死亡人數,2-30日死亡人數,受傷人數,當事人序號,車種,天候,光線,道路類別,速限-速度限制,道路型態,事故位置,路面狀況1,路面狀況2,路面狀況3,道路障礙1,道路障礙2,號誌1,號誌2,車道劃分-分向,車道劃分-分道1,車道劃分-分道2,車道劃分-分道3,事故類型及型態,性別,年齡,受傷程度,主要傷處,安全帽,行動電話,車輛用途,當事者行動狀態,駕駛資格情形,駕駛執照種類,飲酒情形,車輛撞擊部位1,車輛撞擊部位2,肇因碼-個別,肇因碼-主要,個人肇逃否,職業,旅次目的,座標-X,座標-Y
111,9,14,17,13,2,04大安區,大安區瑞安街23巷與大安路2段口,0,0,1,1,B01,8,1,5,0,4,1,1,5,4,5,7,1,1,9,4,5,2,16,1,47,3,10,1,1,7,5,1,4,1,6,,6,6,1,22,9,121.5460906,25.03098471
111,9,14,17,13,2,04大安區,大安區瑞安街23巷與大安路2段口,0,0,1,2,C03,8,1,5,0,4,1,1,5,4,5,7,1,1,9,4,5,2,16,1,43,2,9,1,1,7,9,1,10,1,11,,44,6,1,22,9,121.5460906,25.03098471
111,9,14,17,33,2,05中正區,中正區汀州路3段與師大路口,0,0,1,1,B02,8,1,5,50,5,1,1,5,4,5,7,1,1,10,4,5,2,16,1,21,3,10,1,1,7,5,1,8,1,7,,8,8,1,22,9,121.5254773,25.02087989
111,9,14,17,33,2,05中正區,中正區汀州路3段與師大路口,0,0,1,2,C02,8,1,5,50,5,1,1,5,4,5,7,1,1,10,4,5,2,16,1,29,2,9,1,1,7,9,1,9,1,12,,23,8,1,22,9,121.5254773,25.02087989
111,9,14,17,45,2,05中正區,中正區和平西路1段與廈門街口,0,0,2,1,C03,7,1,5,50,4,1,1,5,4,5,7,2,1,1,4,5,1,16,2,19,2,9,1,1,7,5,1,10,1,12,,8,8,1,22,9,121.518,25.02675549
111,9,14,17,45,2,05中正區,中正區和平西路1段與廈門街口,0,0,2,2,C03,7,1,5,50,4,1,1,5,4,5,7,2,1,1,4,5,1,16,1,45,2,9,1,1,7,9,1,10,9,11,,13,8,1,22,9,121.518,25.02675549
111,9,14,17,47,2,06松山區,松山區市民大道4段與延吉街口,0,0,1,1,B03,8,1,5,40,4,1,1,5,4,5,7,1,1,1,4,5,2,12,2,43,3,10,1,1,7,6,1,8,1,5,,9,9,1,22,9,121.5537997,25.04453635
111,9,14,17,47,2,06松山區,松山區市民大道4段與延吉街口,0,0,1,2,C03,8,1,5,40,4,1,1,5,4,5,7,1,1,1,4,5,2,12,1,43,2,9,1,1,7,9,1,10,1,11,,23,9,1,22,9,121.5537997,25.04453635
111,9,14,17,52,2,10文山區,文山區木新路3段與木新路3段74巷口,0,0,1,1,B01,8,3,5,30,3,2,1,5,4,5,7,4,4,9,4,5,2,12,1,38,3,10,1,1,7,6,1,4,1,2,,9,9,1,22,9,121.5635283,24.98235958
111,9,14,17,52,2,10文山區,文山區木新路3段與木新路3段74巷口,0,0,1,2,C03,8,3,5,30,3,2,1,5,4,5,7,4,4,9,4,5,2,12,1,46,2,8,1,1,7,14,1,10,1,15,,44,9,1,22,9,121.5635283,24.98235958
111,9,14,17,57,2,08士林區,士林區天母北路與天母北路44巷口,0,0,1,1,B03,8,3,5,30,4,2,1,5,4,5,7,4,4,10,2,5,1,16,2,41,3,10,1,1,7,5,1,8,1,1,,6,6,1,22,9,121.5265799,25.1206721
111,9,14,17,57,2,08士林區,士林區天母北路與天母北路44巷口,0,0,1,2,C03,8,3,5,30,4,2,1,5,4,5,7,4,4,10,2,5,1,16,2,54,2,9,1,1,7,9,1,10,1,12,,23,6,1,22,9,121.5265799,25.1206721
111,9,14,18,3,2,04大安區,大安區和平東路1段與師大路口,0,0,1,1,C03,7,1,5,50,14,9,1,5,4,5,7,4,4,1,4,1,2,12,2,20,2,9,1,1,7,7,1,10,1,14,,7,7,1,22,9,121.5283005,25.02655786
111,9,14,18,3,2,04大安區,大安區和平東路1段與師大路口,0,0,1,2,B03,7,1,5,50,14,9,1,5,4,5,7,4,4,1,4,1,2,12,1,51,3,10,1,1,7,9,1,8,1,2,,44,7,1,22,9,121.5283005,25.02655786
111,9,14,18,30,2,01大同區,大同區台北橋機車道東往西上橋處,0,0,2,1,C03,8,3,5,50,14,11,1,5,4,5,7,4,4,10,4,5,2,12,1,57,2,9,1,1,7,7,1,10,2,12,,7,7,1,22,9,121.511182,25.06299972
111,9,14,18,30,2,01大同區,大同區台北橋機車道東往西上橋處,0,0,2,2,C03,8,3,5,50,14,11,1,5,4,5,7,4,4,10,4,5,2,12,1,31,2,7,1,1,7,9,1,10,2,12,,44,7,1,22,9,121.511182,25.06299972
111,9,14,18,35,2,03中山區,中山區農安街與農安街1巷口,0,0,1,1,C03,8,3,5,50,5,1,1,5,4,5,7,4,4,10,5,5,2,16,1,26,2,8,1,1,7,6,1,10,1,14,,6,6,1,22,9,121.5228628,25.06495449
111,9,14,18,35,2,03中山區,中山區農安街與農安街1巷口,0,0,1,2,B03,8,3,5,50,5,1,1,5,4,5,7,4,4,10,5,5,2,16,2,48,3,10,1,1,7,9,1,8,1,2,,44,6,1,22,9,121.5228628,25.06495449
111,9,14,18,44,2,03中山區,中山區長安東路1段59號,0,0,1,1,C03,8,1,5,50,14,9,1,5,4,5,7,4,4,4,3,5,1,16,1,40,3,10,1,4,7,7,1,10,1,13,,7,7,1,22,9,121.5268922,25.04865837
111,9,14,18,44,2,03中山區,中山區長安東路1段59號,0,0,1,2,C03,8,1,5,50,14,9,1,5,4,5,7,4,4,4,3,5,1,16,2,32,2,8,1,4,7,9,1,10,1,12,,44,7,1,22,9,121.5268922,25.04865837
111,9,14,18,46,2,02萬華區,萬華區西藏路與寶興街口,0,0,2,1,B03,7,3,5,50,5,1,1,5,4,5,7,2,1,1,4,5,1,17,1,61,3,10,3,4,7,6,1,8,1,6,,9,9,1,22,9,121.4922929,25.02841891
111,9,14,18,46,2,02萬華區,萬華區西藏路與寶興街口,0,0,2,2,C03,7,3,5,50,5,1,1,5,4,5,7,2,1,1,4,5,1,17,1,24,2,7,3,4,7,9,1,10,1,14,,26,9,1,22,9,121.4922929,25.02841891
111,9,14,18,46,2,02萬華區,萬華區西藏路與寶興街口,0,0,2,3,H02,7,3,5,50,5,1,1,5,4,5,7,2,1,1,4,5,1,17,2,23,2,7,3,5,7,20,8,20,10,16,,67,9,1,22,9,121.4922929,25.02841891
111,9,14,18,54,2,09北投區,北投區東華街2段與公館路口,0,0,1,1,B03,8,3,5,50,4,2,1,5,4,5,7,2,1,1,4,5,2,16,2,63,3,10,1,1,7,5,1,8,1,8,,8,8,1,22,9,121.5028049,25.1217835
111,9,14,18,54,2,09北投區,北投區東華街2段與公館路口,0,0,1,2,C03,8,3,5,50,4,2,1,5,4,5,7,2,1,1,4,5,2,16,2,66,2,9,1,1,7,14,1,10,1,11,,43,8,1,22,9,121.5028049,25.1217835
111,9,14,19,4,2,01大同區,大同區南京西路95號,0,0,1,1,B01,7,3,5,50,14,9,1,5,4,5,7,4,4,1,4,4,2,12,1,66,3,10,1,1,7,9,1,4,1,2,,17,17,1,22,9,121.5181856,25.0533855
111,9,14,19,4,2,01大同區,大同區南京西路95號,0,0,1,2,C03,7,3,5,50,14,9,1,5,4,5,7,4,4,1,4,4,2,12,1,34,2,9,1,1,7,9,1,10,1,14,,17,17,1,22,9,121.5181856,25.0533855
111,9,14,19,17,2,10文山區,文山區羅斯福路4段200號,0,0,1,1,C03,8,1,5,50,5,1,1,5,4,5,7,1,1,1,4,5,2,16,1,33,2,9,1,1,7,5,1,10,1,14,,26,26,1,22,9,121.5354727,25.0135213
111,9,14,19,17,2,10文山區,文山區羅斯福路4段200號,0,0,1,2,B03,8,1,5,50,5,1,1,5,4,5,7,1,1,1,4,5,2,16,1,46,3,10,1,1,7,10,1,8,1,1,,27,26,1,22,9,121.5354727,25.0135213
111,9,14,19,22,2,10文山區,文山區指南路3段34巷電燈桿指南幹80B7227BB13,0,0,1,1,B03,8,3,5,30,11,9,1,5,4,5,1,4,4,10,5,5,1,11,1,33,3,10,1,1,7,9,1,8,2,8,,17,17,2,21,8,121.5792868,24.978283
111,9,14,19,22,2,10文山區,文山區指南路3段34巷電燈桿指南幹80B7227BB13,0,0,1,2,B12,8,3,5,30,11,9,1,5,4,5,1,4,4,10,5,5,1,11,1,35,2,9,1,1,7,9,1,8,2,8,,17,17,1,21,8,121.5792868,24.978283
111,9,14,19,34,2,04大安區,大安區辛亥路2段與建國南路2段口,0,0,1,1,B03,8,3,5,50,3,1,1,5,4,5,7,1,1,10,3,5,2,12,2,72,3,10,1,1,7,6,1,8,1,6,,9,9,1,22,9,121.5374363,25.0229352
111,9,14,19,34,2,04大安區,大安區辛亥路2段與建國南路2段口,0,0,1,2,C03,8,3,5,50,3,1,1,5,4,5,7,1,1,10,3,5,2,12,1,57,2,9,1,1,7,9,1,10,1,14,,44,9,1,22,9,121.5374363,25.0229352
111,9,14,19,34,2,07信義區,信義區基隆路1段與市民大道6段口,0,0,2,1,B01,8,3,5,50,5,1,1,5,4,5,7,1,1,1,4,5,2,16,1,49,3,10,3,4,7,6,1,4,1,5,,9,9,1,22,9,121.5693958,25.0491121
111,9,14,19,34,2,07信義區,信義區基隆路1段與市民大道6段口,0,0,2,2,C03,8,3,5,50,5,1,1,5,4,5,7,1,1,1,4,5,2,16,1,22,2,9,3,4,7,9,1,10,1,14,,47,9,1,22,9,121.5693958,25.0491121
111,9,14,19,34,2,07信義區,信義區基隆路1段與市民大道6段口,0,0,2,3,H02,8,3,5,50,5,1,1,5,4,5,7,1,1,1,4,5,2,16,2,21,2,9,4,5,7,20,8,20,10,16,,67,9,1,22,9,121.5693958,25.0491121
111,9,14,19,45,2,01大同區,大同區長安西路39號(建成國中地下停車場),0,0,1,1,B03,7,3,5,50,3,1,1,5,4,5,7,1,1,5,2,5,2,17,1,37,3,10,1,1,7,6,7,19,1,2,,9,9,1,22,9,121.5195936,25.0503603
111,9,14,19,45,2,01大同區,大同區長安西路39號(建成國中地下停車場),0,0,1,2,C02,7,3,5,50,3,1,1,5,4,5,7,1,1,5,2,5,2,17,1,38,2,9,1,1,7,9,4,10,1,11,,23,9,1,22,9,121.5195936,25.0503603
111,9,14,19,53,2,06松山區,松山區八德路4段與東興路口,0,0,1,1,B03,8,3,5,50,4,2,1,5,4,5,7,1,1,9,4,5,2,16,1,22,3,10,1,4,7,11,1,8,2,1,,10,10,1,22,9,121.5655303,25.0489607
111,9,14,19,53,2,06松山區,松山區八德路4段與東興路口,0,0,1,2,C03,8,3,5,50,4,2,1,5,4,5,7,1,1,9,4,5,2,16,1,20,2,9,1,4,7,9,1,10,2,14,,44,10,1,22,9,121.5655303,25.0489607
111,9,14,19,57,2,08士林區,士林區延平北路6段與倫等街口口,0,0,1,1,C03,8,3,5,50,14,9,1,5,4,5,7,3,1,1,4,4,2,13,1,20,2,9,1,1,7,9,1,10,1,11,,23,23,1,22,9,121.5002481,25.09157697
111,9,14,19,57,2,08士林區,士林區延平北路6段與倫等街口口,0,0,1,2,B03,8,3,5,50,14,9,1,5,4,5,7,3,1,1,4,4,2,13,1,47,3,10,1,1,7,9,1,8,1,3,,6,23,1,22,9,121.5002481,25.09157697
111,9,14,20,2,2,08士林區,士林區中正路605號,0,0,1,1,C03,8,4,5,50,14,9,1,5,4,5,7,4,4,1,5,5,1,12,1,70,2,9,1,1,7,5,1,10,1,12,,6,6,1,22,9,121.5096334,25.08668293
111,9,14,20,2,2,08士林區,士林區中正路605號,0,0,1,2,B03,8,4,5,50,14,9,1,5,4,5,7,4,4,1,5,5,1,12,1,47,3,10,1,1,7,9,1,8,1,4,,23,6,1,22,9,121.5096334,25.08668293
111,9,14,20,18,2,07信義區,信義區光復南路與基隆路1段380巷口,0,0,1,1,B03,8,3,5,30,3,1,1,5,4,5,7,4,4,3,4,5,2,16,1,21,3,10,3,4,7,6,1,8,1,1,,23,23,1,22,9,121.5576653,25.03428787
111,9,14,20,18,2,07信義區,信義區光復南路與基隆路1段380巷口,0,0,1,2,F01,8,3,5,30,3,1,1,5,4,5,7,4,4,3,4,5,2,16,2,72,2,9,1,1,7,11,8,20,1,16,,11,23,1,22,9,121.5576653,25.03428787
111,9,14,21,5,2,12內湖區,內湖區瑞光路與瑞湖街口,0,0,1,1,C01,8,3,5,50,4,2,4,5,4,5,7,2,1,5,4,5,2,12,1,40,3,10,1,1,7,6,1,9,1,13,,9,9,1,22,9,121.5769395,25.0751418
111,9,14,21,5,2,12內湖區,內湖區瑞光路與瑞湖街口,0,0,1,2,C04,8,3,5,50,4,2,4,5,4,5,7,2,1,5,4,5,2,12,2,39,2,9,1,1,7,5,1,11,1,12,,44,9,1,22,9,121.5769395,25.0751418
111,9,14,21,37,2,01大同區,大同區民生西路與承德路2段口,0,0,1,1,C03,8,3,5,50,4,1,1,5,4,5,7,1,1,5,4,5,2,12,1,30,3,10,1,1,7,9,1,10,1,14,,17,17,1,22,9,121.5180154,25.05737899
111,9,14,21,37,2,01大同區,大同區民生西路與承德路2段口,0,0,1,2,C03,8,3,5,50,4,1,1,5,4,5,7,1,1,5,4,5,2,12,2,22,2,7,1,1,7,9,1,10,1,12,,17,17,1,22,9,121.5180154,25.05737899
111,9,14,21,50,2,12內湖區,內湖區港華街與無名巷口,0,0,1,1,C03,7,3,5,30,3,2,1,5,4,5,7,4,4,5,5,5,2,17,2,55,2,9,1,1,7,9,1,10,1,12,,44,44,1,22,9,121.5751036,25.0831822
111,9,14,21,50,2,12內湖區,內湖區港華街與無名巷口,0,0,1,2,B03,7,3,5,30,3,2,1,5,4,5,7,4,4,5,5,5,2,17,1,43,3,10,1,1,7,13,1,8,11,8,,44,44,1,22,9,121.5751036,25.0831822
111,9,14,21,50,2,12內湖區,內湖區港華街與無名巷口,0,0,1,3,,7,3,5,30,3,2,1,5,4,5,7,4,4,5,5,5,2,17,3,,,,,,,,,,,,,66,44,1,,,121.5751036,25.0831822
111,9,14,23,10,2,05中正區,中正區愛國西路與羅斯福路1段口,0,0,1,1,B03,7,3,5,50,5,1,1,5,4,5,7,2,1,1,4,4,1,16,1,20,3,10,1,1,7,6,1,8,1,2,,9,9,1,22,9,121.5165478,25.0346888
111,9,14,23,10,2,05中正區,中正區愛國西路與羅斯福路1段口,0,0,1,2,C03,7,3,5,50,5,1,1,5,4,5,7,2,1,1,4,4,1,16,2,23,2,9,1,1,7,9,1,10,1,14,,26,9,1,22,9,121.5165478,25.0346888
111,9,14,23,25,2,09北投區,北投區文林北路與承德路7段口,0,0,1,1,B03,8,3,5,60,3,1,1,5,4,5,7,1,1,1,4,5,2,12,1,53,3,10,1,1,7,8,1,8,1,2,,7,7,1,22,9,121.5113031,25.1105148
111,9,14,23,25,2,09北投區,北投區文林北路與承德路7段口,0,0,1,2,C03,8,3,5,60,3,1,1,5,4,5,7,1,1,1,4,5,2,12,1,19,2,9,1,1,7,1,1,10,1,14,,44,7,1,22,9,121.5113031,25.1105148
111,9,14,23,27,2,06松山區,松山區南京東路4段2號,0,0,1,1,B03,8,3,5,40,14,8,1,5,4,5,7,4,4,1,4,4,2,17,1,44,3,10,1,4,7,9,1,8,7,2,,23,23,1,22,9,121.5495985,25.05162777
111,9,14,23,27,2,06松山區,松山區南京東路4段2號,0,0,1,2,C03,8,3,5,40,14,8,1,5,4,5,7,4,4,1,4,4,2,17,1,31,2,7,3,4,7,13,1,10,2,15,,38,23,1,22,9,121.5495985,25.05162777
111,9,15,5,58,2,11南港區,南港區大坑街008號燈桿,0,0,1,1,B12,8,1,5,40,14,9,1,5,4,5,7,4,4,8,5,5,2,16,1,72,3,10,3,4,7,4,1,8,1,5,,23,23,1,22,9,121.6171609,25.046626
111,9,15,5,58,2,11南港區,南港區大坑街008號燈桿,0,0,1,2,C03,8,1,5,40,14,9,1,5,4,5,7,4,4,8,5,5,2,16,2,39,2,8,3,4,7,9,1,10,1,14,,44,23,1,22,9,121.6171609,25.046626
111,9,15,6,2,2,09北投區,北投區承德路6段與福國路口口,0,0,2,1,C03,8,1,5,50,4,2,1,5,4,5,7,2,1,1,4,4,1,13,2,19,2,9,1,1,7,15,1,10,1,11,,23,23,1,22,9,121.5121958,25.1012239
111,9,15,6,2,2,09北投區,北投區承德路6段與福國路口口,0,0,2,2,C03,8,1,5,50,4,2,1,5,4,5,7,2,1,1,4,4,1,13,1,47,2,8,1,1,7,9,1,10,1,13,,44,23,1,22,9,121.5121958,25.1012239
111,9,15,6,30,2,02萬華區,萬華區國興路14號對面,0,0,1,1,A02,8,1,5,30,14,9,1,5,4,5,7,4,4,10,5,5,1,9,1,46,3,10,1,4,7,15,1,6,9,15,,43,43,1,22,9,121.5087451,25.02456845
111,9,15,6,30,2,02萬華區,萬華區國興路14號對面,0,0,1,2,H02,8,1,5,30,14,9,1,5,4,5,7,4,4,10,5,5,1,9,1,69,2,7,4,5,7,20,8,20,10,16,,67,43,1,22,9,121.5087451,25.02456845
111,9,15,6,35,2,10文山區,文山區興隆路2段97號,0,0,1,1,C04,8,1,5,50,14,9,1,5,4,5,7,1,1,1,4,5,2,16,2,82,2,9,1,1,7,1,3,18,2,14,,19,19,1,22,9,121.547734,24.999699
111,9,15,6,35,2,10文山區,文山區興隆路2段97號,0,0,1,2,B02,8,1,5,50,14,9,1,5,4,5,7,1,1,1,4,5,2,16,1,42,3,10,1,1,7,9,1,8,2,2,,44,19,1,22,9,121.547734,24.999699
111,9,15,6,45,2,09北投區,北投區大業路527巷34號燈桿,0,0,1,1,C03,8,1,5,40,15,9,1,5,4,5,7,4,4,5,5,5,2,17,1,35,3,10,1,1,7,11,1,10,1,15,,44,44,1,22,9,121.4864426,25.13559558
111,9,15,6,45,2,09北投區,北投區大業路527巷34號燈桿,0,0,1,2,C03,8,1,5,40,15,9,1,5,4,5,7,4,4,5,5,5,2,17,1,53,2,9,1,1,7,9,1,10,1,12,,42,44,1,22,9,121.4864426,25.13559558
111,9,15,6,46,2,10文山區,文山區興隆路1段70巷與羅斯福路5段269巷口口,0,0,2,1,C03,8,1,5,30,4,1,1,5,4,5,7,4,4,10,5,5,2,15,1,44,2,9,1,1,7,9,1,10,1,11,,6,6,1,22,9,121.5397973,25.00111434
111,9,15,6,46,2,10文山區,文山區興隆路1段70巷與羅斯福路5段269巷口口,0,0,2,2,B01,8,1,5,30,4,1,1,5,4,5,7,4,4,10,5,5,2,15,1,65,3,10,1,1,7,9,1,4,1,8,,23,6,1,22,9,121.5397973,25.00111434
111,9,15,6,46,2,10文山區,文山區興隆路1段70巷與羅斯福路5段269巷口口,0,0,2,3,H02,8,1,5,30,4,1,1,5,4,5,7,4,4,10,5,5,2,15,2,39,2,9,4,5,7,21,8,20,10,16,,67,6,1,22,9,121.5397973,25.00111434
111,9,15,7,20,2,04大安區,大安區和平東路1段14號,0,0,1,1,B03,8,1,5,50,14,9,1,5,4,5,7,4,4,1,4,5,2,13,1,19,3,10,1,1,7,9,1,8,1,1,,23,23,1,22,9,121.5233872,25.02693454
111,9,15,7,20,2,04大安區,大安區和平東路1段14號,0,0,1,2,B03,8,1,5,50,14,9,1,5,4,5,7,4,4,1,4,5,2,13,2,54,3,10,1,1,7,9,1,8,1,3,,44,23,1,22,9,121.5233872,25.02693454
111,9,15,7,20,2,04大安區,大安區和平東路1段14號,0,0,1,3,B03,8,1,5,50,14,9,1,5,4,5,7,4,4,1,4,5,2,13,2,65,2,1,1,1,7,14,1,8,1,3,,44,23,1,22,9,121.5233872,25.02693454
111,9,15,7,20,2,04大安區,大安區和平東路1段14號,0,0,1,4,B03,8,1,5,50,14,9,1,5,4,5,7,4,4,1,4,5,2,13,1,44,3,10,1,1,7,14,1,8,1,3,,44,23,1,22,9,121.5233872,25.02693454
111,9,15,7,30,2,03中山區,中山區民生西路3巷與錦州街口,0,0,3,1,C03,8,1,5,50,4,1,1,5,4,5,7,4,4,10,5,5,2,15,1,71,2,9,1,1,7,9,6,10,1,11,,6,6,1,22,9,121.5218643,25.06029798
111,9,15,7,30,2,03中山區,中山區民生西路3巷與錦州街口,0,0,3,2,C03,8,1,5,50,4,1,1,5,4,5,7,4,4,10,5,5,2,15,2,46,2,8,1,1,7,9,1,10,1,12,,44,6,1,22,9,121.5218643,25.06029798
111,9,15,7,30,2,03中山區,中山區民生西路3巷與錦州街口,0,0,3,3,H02,8,1,5,50,4,1,1,5,4,5,7,4,4,10,5,5,2,15,2,10,2,8,4,5,7,20,8,20,10,16,,67,6,1,22,9,121.5218643,25.06029798
111,9,15,7,30,2,09北投區,北投區大度路3段與關渡路口,0,0,1,1,B03,8,1,5,50,3,2,4,5,4,5,7,2,1,3,4,5,1,12,1,52,3,10,1,1,7,7,1,8,1,6,,7,7,1,22,9,121.4700127,25.12290117
111,9,15,7,30,2,09北投區,北投區大度路3段與關渡路口,0,0,1,2,C03,8,1,5,50,3,2,4,5,4,5,7,2,1,3,4,5,1,12,1,20,2,9,1,1,7,8,1,10,1,14,,44,7,1,22,9,121.4700127,25.12290117
111,9,15,7,31,2,04大安區,大安區市民大道3段與建國南路1段口,0,0,1,1,B03,8,1,5,40,5,1,1,5,4,5,7,4,4,1,5,5,2,16,1,56,3,10,1,1,7,6,1,8,1,6,,9,9,1,22,9,121.5363031,25.0446413
111,9,15,7,31,2,04大安區,大安區市民大道3段與建國南路1段口,0,0,1,2,C03,8,1,5,40,5,1,1,5,4,5,7,4,4,1,5,5,2,16,1,24,2,5,1,1,7,9,4,8,1,11,,13,9,1,22,9,121.5363031,25.0446413
111,9,15,7,38,2,04大安區,大安區仁愛路3段與忠孝東路3段248巷口,0,0,1,1,B03,8,1,5,50,3,1,1,5,4,3,5,4,4,1,4,5,2,16,2,45,3,10,1,4,7,6,1,8,1,8,,9,9,1,22,9,121.5412765,25.038476
111,9,15,7,38,2,04大安區,大安區仁愛路3段與忠孝東路3段248巷口,0,0,1,2,F01,8,1,5,50,3,1,1,5,4,3,5,4,4,1,4,5,2,16,1,60,2,8,1,4,7,9,8,20,1,16,,23,9,1,22,9,121.5412765,25.038476
111,9,15,7,38,2,04大安區,大安區仁愛路3段與忠孝東路3段248巷口,0,0,1,3,B03,8,1,5,50,3,1,1,5,4,3,5,4,4,1,4,5,2,16,2,43,3,10,1,4,7,14,1,8,9,15,,38,9,1,22,9,121.5412765,25.038476
111,9,15,7,40,2,12內湖區,內湖區康寧路3段75巷137號,0,0,1,1,C03,8,1,5,30,14,9,1,5,4,5,7,4,4,9,5,5,2,12,2,23,2,9,1,1,7,9,1,10,1,14,,17,17,1,22,9,121.6101907,25.0752268
111,9,15,7,40,2,12內湖區,內湖區康寧路3段75巷137號,0,0,1,2,B03,8,1,5,30,14,9,1,5,4,5,7,4,4,9,5,5,2,12,1,49,3,10,1,1,7,9,1,8,1,2,,17,17,1,22,9,121.6101907,25.0752268
111,9,15,7,46,2,10文山區,文山區木柵路3段66巷與木柵路3段102巷口口,0,0,1,1,B03,8,1,5,50,4,1,1,5,4,5,7,4,4,4,5,5,1,16,2,42,3,10,2,4,7,9,1,8,1,2,,23,23,1,22,9,121.5678552,24.98683639
111,9,15,7,46,2,10文山區,文山區木柵路3段66巷與木柵路3段102巷口口,0,0,1,2,F01,8,1,5,50,4,1,1,5,4,5,7,4,4,4,5,5,1,16,1,15,2,8,3,4,7,5,8,20,1,16,,8,23,1,22,9,121.5678552,24.98683639
111,9,15,7,50,2,09北投區,北投區育仁路與大同街口,0,0,1,1,C03,8,1,5,30,5,1,1,5,4,5,7,3,1,10,5,5,2,17,1,67,2,9,1,1,7,9,1,10,1,12,,2,2,1,22,9,121.4984852,25.13383846
111,9,15,7,50,2,09北投區,北投區育仁路與大同街口,0,0,1,2,B01,8,1,5,30,5,1,1,5,4,5,7,3,1,10,5,5,2,17,1,53,3,10,1,1,7,9,1,8,1,1,,44,2,1,22,9,121.4984852,25.13383846
111,9,15,7,51,2,01大同區,大同區承德路3段303-1號,0,0,2,1,F01,8,3,5,30,15,9,1,5,4,5,7,4,4,10,4,5,2,17,1,16,2,9,1,4,7,9,8,20,2,16,,26,26,1,22,9,121.520707,25.07639723
111,9,15,7,51,2,01大同區,大同區承德路3段303-1號,0,0,2,2,C03,8,3,5,30,15,9,1,5,4,5,7,4,4,10,4,5,2,17,1,34,2,9,1,4,7,5,1,10,2,11,,13,26,1,22,9,121.520707,25.07639723
111,9,15,7,55,2,06松山區,松山區三民路180巷與新東街口,0,0,1,1,C03,8,1,5,30,4,1,1,5,4,3,7,4,4,10,5,5,2,15,2,32,2,8,1,1,7,9,1,10,1,11,,6,6,1,22,9,121.5650971,25.0625478
111,9,15,7,55,2,06松山區,松山區三民路180巷與新東街口,0,0,1,2,B03,8,1,5,30,4,1,1,5,4,3,7,4,4,10,5,5,2,15,1,40,3,10,1,1,7,9,1,8,1,6,,14,6,1,22,9,121.5650971,25.0625478
111,9,15,7,55,2,06松山區,松山區三民路180巷與新東街口,0,0,1,3,B12,8,1,5,30,4,1,1,5,4,3,7,4,4,10,5,5,2,15,1,54,3,10,1,1,7,13,1,8,11,15,,38,6,1,22,9,121.5650971,25.0625478
111,9,15,8,4,2,04大安區,大安區基隆路4段75號,0,0,1,1,F01,8,1,5,0,14,8,1,5,4,5,7,4,4,1,4,4,2,16,1,30,2,8,3,4,7,6,8,20,2,16,,9,9,1,22,9,121.5393408,25.0127898
111,9,15,8,4,2,04大安區,大安區基隆路4段75號,0,0,1,2,C03,8,1,5,0,14,8,1,5,4,5,7,4,4,1,4,4,2,16,1,26,3,10,3,4,7,6,1,10,2,12,,42,9,1,22,9,121.5393408,25.0127898
111,9,15,8,5,2,06松山區,松山區三民路與民生東路5段口,0,0,1,1,B03,8,1,5,50,16,9,1,5,4,5,7,2,1,10,4,5,2,16,1,70,3,10,1,1,7,6,1,8,1,5,,9,9,1,22,9,121.563447,25.05924366
111,9,15,8,5,2,06松山區,松山區三民路與民生東路5段口,0,0,1,2,C03,8,1,5,50,16,9,1,5,4,5,7,2,1,10,4,5,2,16,2,26,2,9,1,1,7,9,1,10,1,13,,6,9,1,22,9,121.563447,25.05924366
111,9,15,8,8,2,12內湖區,內湖區瑞光路與港墘路口,0,0,1,1,C03,8,1,5,50,4,2,1,5,4,5,7,2,1,10,5,5,2,13,1,41,2,8,1,1,7,9,1,10,1,11,,23,23,1,22,9,121.5748821,25.07643181
111,9,15,8,8,2,12內湖區,內湖區瑞光路與港墘路口,0,0,1,2,B03,8,1,5,50,4,2,1,5,4,5,7,2,1,10,5,5,2,13,1,63,3,10,1,1,7,12,1,8,1,3,,44,23,1,22,9,121.5748821,25.07643181
111,9,15,8,8,2,12內湖區,內湖區瑞光路與港墘路口,0,0,1,3,C03,8,1,5,50,4,2,1,5,4,5,7,2,1,10,5,5,2,13,1,62,3,10,1,1,7,9,1,10,1,11,,23,23,1,22,9,121.5748821,25.07643181
111,9,15,8,9,2,05中正區,中正區中山南路與仁愛路1段口口,0,0,1,1,C03,8,1,5,50,4,2,1,5,4,5,7,2,1,9,4,4,1,12,2,56,2,9,1,1,7,9,1,10,2,11,,17,17,1,21,1,121.517919,25.0394909
111,9,15,8,9,2,05中正區,中正區中山南路與仁愛路1段口口,0,0,1,2,B02,8,1,5,50,4,2,1,5,4,5,7,2,1,9,4,4,1,12,1,44,3,10,1,1,7,9,1,8,2,5,,17,17,1,21,1,121.517919,25.0394909
111,9,15,8,20,2,04大安區,大安區金山南路2段151號,0,0,1,1,B01,8,1,5,50,14,9,1,5,4,5,7,4,4,1,5,5,2,17,1,68,3,10,1,1,7,9,1,4,1,6,,17,17,1,22,9,121.5264793,25.02936818
111,9,15,8,20,2,04大安區,大安區金山南路2段151號,0,0,1,2,C03,8,1,5,50,14,9,1,5,4,5,7,4,4,1,5,5,2,17,2,24,2,9,1,1,7,9,1,10,1,11,,16,17,1,22,9,121.5264793,25.02936818