發生年度,發生月,發生日,發生時-Hours,發生分,處理別-編號,區序,肇事地點,死亡人數,2-30日死亡人數,受傷人數,當事人序號,車種,天候,光線,道路類別,速限-速度限制,道路型態,事故位置,路面狀況1,路面狀況2,路面狀況3,道路障礙1,道路障礙2,號誌1,號誌2,車道劃分-分向,車道劃分-分道1,車道劃分-分道2,車道劃分-分道3,事故類型及型態,性別,年齡,受傷程度,主要傷處,安全帽,行動電話,車輛用途,當事者行動狀態,駕駛資格情形,駕駛執照種類,飲酒情形,車輛撞擊部位1,車輛撞擊部位2,肇因碼-個別,肇因碼-主要,個人肇逃否,職業,旅次目的,座標-X,座標-Y
111,9,15,8,20,2,08士林區,士林區和豐街與通河東街1段口,0,0,2,1,C03,8,1,5,30,3,2,1,5,4,5,7,4,4,10,5,5,2,17,1,32,2,7,1,1,7,5,1,10,1,11,,6,6,1,22,9,121.5171687,25.0822597
111,9,15,8,20,2,08士林區,士林區和豐街與通河東街1段口,0,0,2,2,C03,8,1,5,30,3,2,1,5,4,5,7,4,4,10,5,5,2,17,2,38,2,3,1,1,7,9,1,10,1,11,,44,6,1,22,9,121.5171687,25.0822597
111,9,15,8,35,2,02萬華區,萬華區堤外便道,0,0,2,1,C03,8,1,5,40,14,9,1,5,4,5,7,4,4,10,5,5,2,17,1,57,2,8,1,4,7,9,1,10,1,14,,17,17,1,22,9,121.4953665,25.03874503
111,9,15,8,35,2,02萬華區,萬華區堤外便道,0,0,2,2,C03,8,1,5,40,14,9,1,5,4,5,7,4,4,10,5,5,2,17,1,29,2,7,1,4,7,9,1,10,1,14,,17,17,1,22,9,121.4953665,25.03874503
111,9,15,8,35,2,08士林區,士林區延平北路7段106巷94弄與延平北路7段口堤外,0,0,2,2,C03,8,1,5,30,3,1,1,5,4,5,7,4,4,10,5,5,1,17,1,21,2,9,3,4,7,9,1,10,1,11,,14,6,1,22,9,121.4955827,25.0990927
111,9,15,8,35,2,08士林區,士林區延平北路7段106巷94弄與延平北路7段口堤外,0,0,2,1,B12,8,1,5,30,3,1,1,5,4,5,7,4,4,10,5,5,1,17,1,29,2,1,3,4,7,6,1,4,1,1,,6,6,1,22,9,121.4955827,25.0990927
111,9,15,8,38,2,05中正區,中正區汀州路2段40號,0,0,1,1,C03,8,1,5,50,14,9,1,5,4,5,7,4,4,5,4,5,2,16,1,41,3,10,1,1,7,7,1,10,2,13,,7,7,1,22,9,121.5177697,25.02540978
111,9,15,8,38,2,05中正區,中正區汀州路2段40號,0,0,1,2,C03,8,1,5,50,14,9,1,5,4,5,7,4,4,5,4,5,2,16,2,58,2,9,1,1,7,9,1,10,2,11,,44,7,1,22,9,121.5177697,25.02540978
111,9,15,8,38,2,05中正區,中正區汀州路2段40號,0,0,1,3,H02,8,1,5,50,14,9,1,5,4,5,7,4,4,5,4,5,2,16,2,32,4,11,1,5,7,20,8,20,10,16,,67,7,1,22,9,121.5177697,25.02540978
111,9,15,8,47,2,05中正區,中正區重慶南路3段12號,0,0,1,1,C03,8,1,5,50,14,9,1,5,4,5,7,4,4,9,4,5,2,12,1,49,2,1,1,1,7,9,1,10,2,11,,16,16,1,22,9,121.5153565,25.02916911
111,9,15,8,47,2,05中正區,中正區重慶南路3段12號,0,0,1,2,B01,8,1,5,50,14,9,1,5,4,5,7,4,4,9,4,5,2,12,1,67,3,10,1,1,7,9,1,4,2,3,,44,16,1,22,9,121.5153565,25.02916911
111,9,15,8,50,2,07信義區,信義區基隆路1段與永吉路口口,0,0,1,1,B03,8,1,5,50,4,2,1,5,4,5,7,2,1,1,4,5,2,17,1,39,3,10,3,4,7,9,1,8,1,5,,25,25,1,22,9,121.5673429,25.0457978
111,9,15,8,50,2,07信義區,信義區基隆路1段與永吉路口口,0,0,1,2,C03,8,1,5,50,4,2,1,5,4,5,7,2,1,1,4,5,2,17,1,33,2,9,3,4,7,9,1,10,1,11,,44,25,1,22,9,121.5673429,25.0457978
111,9,15,9,7,2,04大安區,大安區信義路4段與四維路口,0,0,1,1,B03,8,1,5,50,3,2,1,5,4,5,7,4,4,8,3,5,1,17,1,44,3,10,1,1,7,5,1,8,1,4,,8,8,1,21,5,121.5480778,25.03341421
111,9,15,9,7,2,04大安區,大安區信義路4段與四維路口,0,0,1,2,C03,8,1,5,50,3,2,1,5,4,5,7,4,4,8,3,5,1,17,1,28,2,7,2,1,7,9,1,10,1,12,,14,8,1,5,1,121.5480778,25.03341421
111,9,15,9,15,2,03中山區,中山區龍江路與南京東路3段口,0,0,1,1,B03,8,1,5,50,4,1,1,5,4,5,7,2,1,10,5,5,2,2,1,27,3,10,1,1,7,5,1,8,1,1,,15,15,1,22,9,121.5404458,25.052005
111,9,15,9,15,2,03中山區,中山區龍江路與南京東路3段口,0,0,1,2,H01,8,1,5,50,4,1,1,5,4,5,7,2,1,10,5,5,2,2,2,56,2,9,4,5,8,16,8,20,10,16,,67,15,1,22,9,121.5404458,25.052005
111,9,15,9,20,2,07信義區,信義區基隆路1段與松隆路口,0,0,2,1,C03,8,1,5,50,3,1,1,5,4,5,7,1,1,1,2,5,2,13,1,33,2,9,1,1,7,9,1,10,1,11,,23,23,1,22,9,121.5659348,25.0434084
111,9,15,9,20,2,07信義區,信義區基隆路1段與松隆路口,0,0,2,2,C03,8,1,5,50,3,1,1,5,4,5,7,1,1,1,2,5,2,13,1,31,2,9,1,1,7,9,1,10,1,13,,44,23,1,22,9,121.5659348,25.0434084
111,9,15,9,42,2,04大安區,大安區臥龍街188巷與辛亥路3段157巷12弄口,0,0,1,1,C03,8,1,5,30,3,2,1,5,4,5,7,4,4,8,3,5,1,12,1,55,2,9,1,1,7,5,1,10,1,14,,8,8,1,3,1,121.5506444,25.0168325
111,9,15,9,42,2,04大安區,大安區臥龍街188巷與辛亥路3段157巷12弄口,0,0,1,2,C03,8,1,5,30,3,2,1,5,4,5,7,4,4,8,3,5,1,12,1,38,3,10,1,1,7,9,1,10,1,12,,4,8,1,5,1,121.5506444,25.0168325
111,9,15,9,50,2,09北投區,北投區石牌路2段90巷26號,0,0,1,1,H01,8,1,5,30,14,9,1,5,4,5,7,4,4,10,4,5,1,3,1,80,3,10,4,5,8,20,8,20,1,16,,67,67,1,22,9,121.5179161,25.11705549
111,9,15,9,50,2,09北投區,北投區石牌路2段90巷26號,0,0,1,2,C03,8,1,5,30,14,9,1,5,4,5,7,4,4,10,4,5,1,3,1,21,2,8,1,1,7,9,1,10,1,11,,43,67,1,22,9,121.5179161,25.11705549
111,9,15,10,6,2,10文山區,文山區秀明路1段與秀明路1段22巷口,0,0,1,1,C03,8,1,5,50,3,2,1,5,4,5,7,4,4,9,4,5,2,13,2,20,2,7,1,1,7,7,1,10,1,11,,23,23,1,22,9,121.5640882,24.98942297
111,9,15,10,6,2,10文山區,文山區秀明路1段與秀明路1段22巷口,0,0,1,2,B03,8,1,5,50,3,2,1,5,4,5,7,4,4,9,4,5,2,13,1,45,3,10,1,1,7,14,1,8,1,6,,44,23,1,22,9,121.5640882,24.98942297
111,9,15,10,18,2,04大安區,大安區辛亥路3段157巷12弄,0,0,1,1,B03,8,1,5,50,11,9,1,5,4,5,7,4,4,9,4,5,2,12,1,69,3,10,3,4,7,11,1,8,1,8,,10,10,1,22,9,121.550061,25.01803306
111,9,15,10,18,2,04大安區,大安區辛亥路3段157巷12弄,0,0,1,2,C03,8,1,5,50,11,9,1,5,4,5,7,4,4,9,4,5,2,12,1,24,2,9,3,4,7,9,1,10,1,12,,13,10,1,22,9,121.550061,25.01803306
111,9,15,10,30,2,06松山區,松山區敦化北路201號,0,0,1,2,B03,8,1,5,40,14,8,1,5,4,5,7,4,4,1,3,4,2,17,1,62,2,7,2,1,7,13,1,8,11,4,,40,43,1,22,9,121.5492468,25.05635166
111,9,15,10,30,2,06松山區,松山區敦化北路201號,0,0,1,1,,8,1,5,40,14,8,1,5,4,5,7,4,4,1,3,4,2,17,4,,4,11,3,4,7,15,7,19,11,15,,43,43,2,22,9,121.5492468,25.05635166
111,9,15,11,8,2,07信義區,信義區信義路5段與基隆路1段口,0,0,1,1,C03,8,1,5,50,4,1,1,5,4,5,7,1,1,3,4,5,2,13,1,24,2,9,3,4,7,5,1,10,1,11,,16,16,1,22,9,121.5598291,25.0330429
111,9,15,11,8,2,07信義區,信義區信義路5段與基隆路1段口,0,0,1,2,B12,8,1,5,50,4,1,1,5,4,5,7,1,1,3,4,5,2,13,1,41,3,10,3,4,7,5,1,8,1,6,,44,16,1,22,9,121.5598291,25.0330429
111,9,15,11,12,2,11南港區,南港區南港路2段與南港路2段41巷口,0,0,1,2,C03,8,1,5,50,14,9,1,3,4,5,7,1,1,8,3,5,2,18,1,33,2,9,1,1,7,9,1,9,1,14,,43,61,1,22,9,121.6020051,25.0534197
111,9,15,11,12,2,11南港區,南港區南港路2段與南港路2段41巷口,0,0,1,1,,8,1,5,50,14,9,1,3,4,5,7,1,1,8,3,5,2,18,3,,,,,,,,,,,,,61,61,1,,,121.6020051,25.0534197
111,9,15,11,20,2,12內湖區,內湖區環山路1段與內湖路1段285巷口,0,0,1,1,C03,8,1,5,50,3,1,1,5,4,5,7,2,1,9,4,5,2,16,1,18,3,10,1,1,7,7,1,10,2,13,,7,7,1,22,9,121.5669614,25.08641046
111,9,15,11,20,2,12內湖區,內湖區環山路1段與內湖路1段285巷口,0,0,1,2,C03,8,1,5,50,3,1,1,5,4,5,7,2,1,9,4,5,2,16,2,19,2,9,1,1,7,9,1,10,2,11,,44,7,1,22,9,121.5669614,25.08641046
111,9,15,12,12,2,03中山區,中山區民生東路3段與建國北路2段口,0,0,1,1,B03,7,1,5,50,4,2,1,5,4,5,7,1,1,10,2,5,2,12,1,74,3,10,1,4,7,4,1,8,1,2,,23,1,1,22,9,121.5364939,25.05806138
111,9,15,12,12,2,03中山區,中山區民生東路3段與建國北路2段口,0,0,1,2,F02,7,1,5,50,4,2,1,5,4,5,7,1,1,10,2,5,2,12,2,70,2,9,1,4,7,7,8,20,1,16,,7,1,1,22,9,121.5364939,25.05806138
111,9,15,12,12,2,09北投區,北投區學園路與學園路口一德橋,0,0,3,1,C03,8,1,5,50,11,9,1,5,4,5,7,4,4,9,4,5,1,12,2,22,2,9,1,1,7,1,1,10,1,14,,19,19,1,22,9,121.4697527,25.1339605
111,9,15,12,12,2,09北投區,北投區學園路與學園路口一德橋,0,0,3,2,C03,8,1,5,50,11,9,1,5,4,5,7,4,4,9,4,5,1,12,1,19,2,9,1,1,7,9,1,10,1,12,,44,19,1,22,9,121.4697527,25.1339605
111,9,15,12,12,2,09北投區,北投區學園路與學園路口一德橋,0,0,3,3,C03,8,1,5,50,11,9,1,5,4,5,7,4,4,9,4,5,1,12,1,22,2,9,1,1,7,4,1,10,1,12,,1,19,1,22,9,121.4697527,25.1339605
111,9,15,12,17,2,09北投區,北投區承德路6段461號,0,0,1,1,B03,8,1,5,60,14,12,1,5,4,5,7,4,4,1,4,4,2,12,1,69,3,10,1,1,7,6,1,8,1,3,,9,9,1,22,9,121.5113458,25.10939361
111,9,15,12,17,2,09北投區,北投區承德路6段461號,0,0,1,2,C03,8,1,5,60,14,12,1,5,4,5,7,4,4,1,4,4,2,12,1,45,2,9,1,1,7,9,1,10,1,11,,44,9,1,22,9,121.5113458,25.10939361
111,9,15,13,4,2,09北投區,北投區承德路7段與公館路口,0,0,1,1,C03,8,1,5,60,4,2,1,5,4,5,7,2,1,3,4,4,2,13,1,54,2,9,1,1,7,9,1,10,1,11,,23,23,1,22,9,121.5016207,25.11953536
111,9,15,13,4,2,09北投區,北投區承德路7段與公館路口,0,0,1,2,B02,8,1,5,60,4,2,1,5,4,5,7,2,1,3,4,4,2,13,1,28,3,10,1,1,7,14,1,8,1,3,,44,23,1,22,9,121.5016207,25.11953536
111,9,15,13,17,2,02萬華區,萬華區環河南路2段250巷28弄6號與無名巷口,0,0,1,1,C03,8,1,5,30,3,2,1,5,4,4,5,4,4,10,5,5,2,17,1,41,3,10,1,1,7,1,1,10,2,11,,19,19,1,22,9,121.4918727,25.0336758
111,9,15,13,17,2,02萬華區,萬華區環河南路2段250巷28弄6號與無名巷口,0,0,1,2,C03,8,1,5,30,3,2,1,5,4,4,5,4,4,10,5,5,2,17,1,33,2,8,1,1,7,9,1,10,2,11,,23,19,1,22,9,121.4918727,25.0336758
111,9,15,13,17,2,02萬華區,萬華區環河南路2段250巷28弄6號與無名巷口,0,0,1,3,B12,8,1,5,30,3,2,1,5,4,4,5,4,4,10,5,5,2,17,1,27,3,10,3,4,7,14,1,8,9,15,,38,19,1,22,9,121.4918727,25.0336758
111,9,15,14,0,2,03中山區,中山區復興北路514巷與龍江路口,0,0,1,1,B12,7,1,5,50,4,1,1,5,4,5,7,1,1,5,5,5,2,11,1,42,3,10,1,1,7,5,1,8,1,8,,8,8,1,22,9,121.5409758,25.0659911
111,9,15,14,0,2,03中山區,中山區復興北路514巷與龍江路口,0,0,1,2,C03,7,1,5,50,4,1,1,5,4,5,7,1,1,5,5,5,2,11,1,27,2,9,1,1,7,9,1,10,1,14,,14,8,1,22,9,121.5409758,25.0659911
111,9,15,14,0,2,03中山區,中山區復興北路514巷與龍江路口,0,0,1,3,B03,7,1,5,50,4,1,1,5,4,5,7,1,1,5,5,5,2,11,1,43,3,10,1,1,7,13,1,8,1,6,,38,8,1,22,9,121.5409758,25.0659911
111,9,15,14,16,2,03中山區,中山區八德路2段與龍江路口,0,0,1,1,C03,7,1,5,50,4,1,1,4,4,5,7,1,1,5,4,5,2,17,1,24,2,9,1,4,7,15,1,10,1,14,11,23,23,1,22,9,121.5405194,25.0467254
111,9,15,14,16,2,03中山區,中山區八德路2段與龍江路口,0,0,1,2,B01,7,1,5,50,4,1,1,4,4,5,7,1,1,5,4,5,2,17,1,55,3,10,1,4,7,14,1,4,1,6,,38,23,1,22,9,121.5405194,25.0467254
111,9,15,14,20,2,07信義區,信義區信義路5段100號,0,0,1,1,C03,6,1,5,50,14,9,1,4,4,1,7,4,4,3,4,5,2,28,1,30,2,9,3,4,7,9,1,10,1,11,,43,43,1,22,9,121.5656408,25.0328297
111,9,15,14,20,2,07信義區,信義區信義路5段100號,0,0,1,2,,6,1,5,50,14,9,1,4,4,1,7,4,4,3,4,5,2,28,3,,,,,,,,,,,,,61,43,1,,,121.5656408,25.0328297
111,9,15,14,35,2,09北投區,北投區大度路3段與關渡路口,0,0,1,1,C03,8,1,5,30,3,2,1,5,4,5,7,1,1,1,4,5,2,13,1,61,2,9,1,1,7,9,1,10,2,11,,16,16,1,22,9,121.4693955,25.12287093
111,9,15,14,35,2,09北投區,北投區大度路3段與關渡路口,0,0,1,2,B01,8,1,5,30,3,2,1,5,4,5,7,1,1,1,4,5,2,13,1,58,3,10,1,1,7,9,1,4,2,6,,44,16,1,22,9,121.4693955,25.12287093
111,9,15,14,35,2,10文山區,文山區永安街22巷與木新路2段口口,0,0,2,1,C03,7,1,5,50,3,2,1,5,4,5,7,1,1,4,5,5,2,16,2,19,2,7,1,1,7,6,1,10,1,14,,43,43,1,22,9,121.5704619,24.98661637
111,9,15,14,35,2,10文山區,文山區永安街22巷與木新路2段口口,0,0,2,2,A02,7,1,5,50,3,2,1,5,4,5,7,1,1,4,5,5,2,16,1,51,3,10,1,4,7,14,1,2,1,4,,43,43,1,22,9,121.5704619,24.98661637
111,9,15,14,35,2,10文山區,文山區永安街22巷與木新路2段口口,0,0,2,3,H02,7,1,5,50,3,2,1,5,4,5,7,1,1,4,5,5,2,16,1,21,2,9,1,5,7,20,8,20,10,16,,67,43,1,22,9,121.5704619,24.98661637
111,9,15,14,47,2,10文山區,文山區景文街與景美街口,0,0,1,1,C03,6,1,5,30,3,2,1,4,4,5,7,4,4,9,5,4,2,16,2,47,2,9,1,1,7,5,1,10,1,12,,6,6,1,22,9,121.541324,24.99224177
111,9,15,14,47,2,10文山區,文山區景文街與景美街口,0,0,1,2,B03,6,1,5,30,3,2,1,4,4,5,7,4,4,9,5,4,2,16,1,39,3,10,1,1,7,9,1,8,1,8,,44,6,1,22,9,121.541324,24.99224177
111,9,15,14,54,2,05中正區,中正區中山南路與愛國東路口,0,0,1,1,B03,6,1,5,50,4,1,1,4,4,5,7,1,1,1,4,5,2,16,1,36,3,10,1,1,7,6,1,8,2,6,,9,9,1,22,9,121.5167643,25.0349455
111,9,15,14,54,2,05中正區,中正區中山南路與愛國東路口,0,0,1,2,C03,6,1,5,50,4,1,1,4,4,5,7,1,1,1,4,5,2,16,1,18,3,10,1,1,7,9,1,10,2,14,,44,9,1,22,9,121.5167643,25.0349455
111,9,15,14,54,2,05中正區,中正區中山南路與愛國東路口,0,0,1,3,H02,6,1,5,50,4,1,1,4,4,5,7,1,1,1,4,5,2,16,2,18,2,9,4,5,7,20,8,20,10,16,,67,9,1,22,9,121.5167643,25.0349455
111,9,15,15,14,2,03中山區,中山區新生北路2段與長春路口,0,0,3,1,C03,6,1,5,50,4,1,1,4,4,5,7,2,1,1,3,5,2,3,1,18,2,9,3,4,7,9,1,10,2,11,,15,15,1,22,9,121.5277167,25.0549902
111,9,15,15,14,2,03中山區,中山區新生北路2段與長春路口,0,0,3,2,H01,6,1,5,50,4,1,1,4,4,5,7,2,1,1,3,5,2,3,2,82,2,9,4,5,8,16,8,20,10,16,,52,15,1,22,9,121.5277167,25.0549902
111,9,15,15,14,2,03中山區,中山區新生北路2段與長春路口,0,0,3,3,H02,6,1,5,50,4,1,1,4,4,5,7,2,1,1,3,5,2,3,2,51,2,9,3,5,7,20,8,20,10,16,,67,15,1,22,9,121.5277167,25.0549902
111,9,15,15,15,2,04大安區,大安區忠孝東路4段與忠孝東路4段205巷口,0,0,1,1,B03,1,1,5,30,3,1,1,4,4,5,7,4,4,1,4,5,2,16,2,75,3,10,3,4,7,6,1,8,2,8,,6,6,1,22,9,121.5518377,25.04153769
111,9,15,15,15,2,04大安區,大安區忠孝東路4段與忠孝東路4段205巷口,0,0,1,2,C03,1,1,5,30,3,1,1,4,4,5,7,4,4,1,4,5,2,16,2,35,2,8,3,4,7,9,1,10,2,12,,44,6,1,22,9,121.5518377,25.04153769
111,9,15,15,40,2,04大安區,大安區青田街與青田街5巷口,0,0,1,1,B03,6,1,5,30,4,1,1,4,4,5,7,4,4,10,5,5,2,15,2,55,3,10,1,1,7,9,1,8,2,1,,6,6,1,22,9,121.5319704,25.0285925
111,9,15,15,40,2,04大安區,大安區青田街與青田街5巷口,0,0,1,2,C03,6,1,5,30,4,1,1,4,4,5,7,4,4,10,5,5,2,15,1,60,2,9,1,1,7,9,1,10,2,12,,23,6,1,22,9,121.5319704,25.0285925
111,9,15,15,53,2,05中正區,中正區中華路1段45號,0,0,1,1,B03,6,1,5,50,14,9,1,4,4,5,7,4,4,1,4,5,2,16,1,54,3,10,1,1,7,9,6,8,2,4,,44,44,1,22,9,121.5091914,25.0445829
111,9,15,15,53,2,05中正區,中正區中華路1段45號,0,0,1,2,C03,6,1,5,50,14,9,1,4,4,5,7,4,4,1,4,5,2,16,2,50,3,10,1,1,7,10,1,10,2,12,,7,44,1,22,9,121.5091914,25.0445829
111,9,15,15,53,2,05中正區,中正區中華路1段45號,0,0,1,3,C03,6,1,5,50,14,9,1,4,4,5,7,4,4,1,4,5,2,16,2,45,2,7,1,1,7,9,1,10,2,12,,44,44,1,22,9,121.5091914,25.0445829
111,9,15,15,57,2,05中正區,中正區中華路1段與中華路1段9巷口,0,0,1,1,B01,6,1,5,50,4,2,1,4,4,5,7,2,1,1,4,5,2,12,1,64,3,10,1,1,7,8,1,4,2,2,,7,7,1,22,9,121.5099169,25.04698728
111,9,15,15,57,2,05中正區,中正區中華路1段與中華路1段9巷口,0,0,1,2,C03,6,1,5,50,4,2,1,4,4,5,7,2,1,1,4,5,2,12,2,39,2,9,1,1,7,9,1,10,2,14,,44,7,1,22,9,121.5099169,25.04698728
111,9,15,16,17,2,01大同區,大同區承德路2段62號,0,0,1,1,C03,7,1,5,50,14,9,1,5,4,5,7,4,4,1,4,5,2,13,1,29,3,10,1,4,7,9,1,10,1,11,,23,23,1,22,9,121.5180669,25.0570993
111,9,15,16,17,2,01大同區,大同區承德路2段62號,0,0,1,2,C03,7,1,5,50,14,9,1,5,4,5,7,4,4,1,4,5,2,13,1,37,2,7,1,4,7,12,1,10,1,13,,44,23,1,22,9,121.5180669,25.0570993
111,9,15,16,17,2,01大同區,大同區承德路2段62號,0,0,1,3,C03,7,1,5,50,14,9,1,5,4,5,7,4,4,1,4,5,2,13,1,68,3,10,1,1,7,12,6,10,1,13,,42,23,1,22,9,121.5180669,25.0570993
111,9,15,16,24,2,01大同區,大同區民生西路178巷與民生西路口,0,0,1,1,B03,6,1,5,50,3,2,1,4,4,5,7,4,4,5,4,5,2,17,1,48,3,10,3,4,7,15,1,8,2,2,,42,42,1,22,9,121.5178554,25.05723866
111,9,15,16,24,2,01大同區,大同區民生西路178巷與民生西路口,0,0,1,2,C03,6,1,5,50,3,2,1,4,4,5,7,4,4,5,4,5,2,17,1,24,2,9,3,4,7,9,1,10,2,11,,42,42,1,22,9,121.5178554,25.05723866
111,9,15,16,30,2,03中山區,中山區林森北路與林森北路485巷口,0,0,2,1,C03,7,1,5,50,3,1,1,4,4,5,7,4,4,9,5,5,2,13,2,44,2,8,1,4,7,9,1,10,2,11,,16,16,1,22,9,121.52564,25.06121554
111,9,15,16,30,2,03中山區,中山區林森北路與林森北路485巷口,0,0,2,2,C03,7,1,5,50,3,1,1,4,4,5,7,4,4,9,5,5,2,13,1,21,2,8,1,4,7,9,1,10,2,13,,44,16,1,22,9,121.52564,25.06121554
111,9,15,16,37,2,09北投區,北投區石牌路1段39巷124號,0,0,1,1,H01,8,1,5,30,14,9,1,5,4,5,7,4,4,10,5,5,2,3,2,88,2,9,4,5,8,16,8,20,1,16,,53,53,1,22,9,121.5096146,25.11709791
111,9,15,16,37,2,09北投區,北投區石牌路1段39巷124號,0,0,1,2,B01,8,1,5,30,14,9,1,5,4,5,7,4,4,10,5,5,2,3,2,57,3,10,1,1,7,9,1,4,1,5,,23,53,1,22,9,121.5096146,25.11709791
111,9,15,16,40,2,07信義區,信義區松高路(市議會前),0,0,2,1,C03,8,1,5,50,14,9,1,4,4,5,7,4,4,9,4,5,2,12,1,44,2,9,1,1,7,7,3,18,2,11,,7,7,1,22,9,121.5629181,25.03918613
111,9,15,16,40,2,07信義區,信義區松高路(市議會前),0,0,2,2,C03,8,1,5,50,14,9,1,4,4,5,7,4,4,9,4,5,2,12,1,26,2,9,1,1,7,8,1,10,2,12,,7,7,1,22,9,121.5629181,25.03918613
111,9,15,16,45,2,09北投區,北投區大業路695號,0,0,1,1,B03,7,1,5,50,14,9,1,5,4,5,7,4,4,3,5,5,2,17,1,34,3,10,3,4,7,13,1,8,2,4,,40,40,1,22,9,121.5002129,25.13713042
111,9,15,16,45,2,09北投區,北投區大業路695號,0,0,1,2,F01,7,1,5,50,14,9,1,5,4,5,7,4,4,3,5,5,2,17,2,71,2,9,3,4,7,9,8,20,2,16,,44,40,1,22,9,121.5002129,25.13713042
111,9,15,16,46,2,12內湖區,內湖區瑞光路393巷內,0,0,1,1,B12,7,2,5,50,15,9,1,4,4,5,7,4,4,5,4,5,2,17,1,49,3,10,1,1,7,14,1,8,1,15,,40,40,1,22,9,121.5733694,25.07867342
111,9,15,16,46,2,12內湖區,內湖區瑞光路393巷內,0,0,1,2,C04,7,2,5,50,15,9,1,4,4,5,7,4,4,5,4,5,2,17,1,29,2,8,2,1,7,15,1,10,1,15,,44,40,1,22,9,121.5733694,25.07867342
111,9,15,17,21,2,04大安區,大安區市民大道4段100號,0,0,1,1,C03,6,3,5,40,14,9,1,4,4,5,7,4,4,1,5,5,2,17,1,19,3,10,1,1,7,5,1,10,2,13,,8,8,1,22,9,121.5499178,25.044655
111,9,15,17,21,2,04大安區,大安區市民大道4段100號,0,0,1,2,C03,6,3,5,40,14,9,1,4,4,5,7,4,4,1,5,5,2,17,1,28,2,9,1,1,7,9,1,10,2,11,,13,8,1,22,9,121.5499178,25.044655
111,9,15,17,40,2,03中山區,中山區大佳河濱公園8號水門與大直橋間,0,0,1,1,C03,7,2,5,50,14,9,1,5,4,5,7,4,4,5,5,5,2,11,1,60,2,7,1,1,7,12,1,10,1,14,,42,42,1,22,9,121.5417462,25.07365977
111,9,15,17,40,2,03中山區,中山區大佳河濱公園8號水門與大直橋間,0,0,1,2,B03,7,2,5,50,14,9,1,5,4,5,7,4,4,5,5,5,2,11,2,41,3,10,1,1,7,14,1,8,1,5,,44,42,1,22,9,121.5417462,25.07365977
111,9,15,18,2,2,06松山區,松山區民權東路5段臨43號,0,0,1,1,B03,8,3,8,30,15,22,1,5,4,5,7,3,1,10,5,5,2,16,2,49,3,10,1,4,7,6,1,8,1,6,,9,9,1,22,9,121.5677792,25.06332471
111,9,15,18,2,2,06松山區,松山區民權東路5段臨43號,0,0,1,2,C03,8,3,8,30,15,22,1,5,4,5,7,3,1,10,5,5,2,16,1,42,2,7,1,4,7,9,1,10,1,11,,23,9,1,22,9,121.5677792,25.06332471
111,9,15,18,5,2,03中山區,中山區新生高架道往北第277號燈桿前,0,0,2,1,B03,7,3,5,70,10,9,1,5,4,5,7,4,4,1,3,5,2,13,1,21,3,10,3,4,7,9,1,8,1,1,,23,23,1,22,9,121.525332,25.0763877
111,9,15,18,5,2,03中山區,中山區新生高架道往北第277號燈桿前,0,0,2,2,B01,7,3,5,70,10,9,1,5,4,5,7,4,4,1,3,5,2,13,1,31,2,9,3,4,7,14,1,4,1,3,,44,23,1,22,9,121.525332,25.0763877
111,9,15,18,5,2,03中山區,中山區新生高架道往北第277號燈桿前,0,0,2,3,H02,7,3,5,70,10,9,1,5,4,5,7,4,4,1,3,5,2,13,2,62,2,9,4,5,7,20,8,20,10,16,,67,23,1,22,9,121.525332,25.0763877
111,9,15,18,5,2,05中正區,中正區中華路1段與忠孝西路1段口,0,0,2,1,C03,7,3,5,50,4,2,1,5,4,5,7,1,1,1,4,5,2,13,2,23,2,8,1,1,7,9,1,10,2,11,,16,16,1,22,9,121.5101033,25.0477043
111,9,15,18,5,2,05中正區,中正區中華路1段與忠孝西路1段口,0,0,2,2,C03,7,3,5,50,4,2,1,5,4,5,7,1,1,1,4,5,2,13,2,45,2,9,1,1,7,3,1,10,2,13,,44,16,1,22,9,121.5101033,25.0477043
111,9,15,18,5,2,05中正區,中正區中華路1段與忠孝西路1段口,0,0,2,3,A02,7,3,5,50,4,2,1,5,4,5,7,1,1,1,4,5,2,13,1,40,3,10,1,1,7,3,1,1,2,2,,44,16,1,22,9,121.5101033,25.0477043
111,9,15,18,10,2,09北投區,北投區明德路與東陽街口,0,0,2,1,C03,7,1,5,50,3,1,1,5,4,5,7,3,1,10,5,5,2,16,2,30,2,8,1,1,7,5,1,10,1,13,,6,6,1,22,9,121.5214988,25.11194847
111,9,15,18,10,2,09北投區,北投區明德路與東陽街口,0,0,2,2,C03,7,1,5,50,3,1,1,5,4,5,7,3,1,10,5,5,2,16,2,24,2,9,1,1,7,9,1,10,1,11,,44,6,1,22,9,121.5214988,25.11194847
111,9,15,18,14,2,08士林區,(近延平北路七段106巷臨218號),0,0,1,1,B12,8,3,5,30,3,2,1,5,4,5,7,4,4,10,5,5,2,11,1,46,3,10,3,4,7,9,6,8,2,8,,43,43,1,22,9,121.496039,25.10329092
111,9,15,18,14,2,08士林區,(近延平北路七段106巷臨218號),0,0,1,2,C03,8,3,5,30,3,2,1,5,4,5,7,4,4,10,5,5,2,11,1,23,2,9,3,4,7,9,1,10,2,14,,43,43,1,22,9,121.496039,25.10329092