發生年度,發生月,發生日,發生時-Hours,發生分,處理別-編號,區序,肇事地點,死亡人數,2-30日死亡人數,受傷人數,當事人序號,車種,天候,光線,道路類別,速限-速度限制,道路型態,事故位置,路面狀況1,路面狀況2,路面狀況3,道路障礙1,道路障礙2,號誌1,號誌2,車道劃分-分向,車道劃分-分道1,車道劃分-分道2,車道劃分-分道3,事故類型及型態,性別,年齡,受傷程度,主要傷處,安全帽,行動電話,車輛用途,當事者行動狀態,駕駛資格情形,駕駛執照種類,飲酒情形,車輛撞擊部位1,車輛撞擊部位2,肇因碼-個別,肇因碼-主要,個人肇逃否,職業,旅次目的,座標-X,座標-Y
111,9,15,18,18,2,11南港區,南港區三重路與經貿二路62巷口口,0,0,1,1,B03,7,3,5,50,3,1,1,5,4,5,7,1,3,5,4,5,2,12,2,44,3,10,1,1,7,1,1,8,1,8,,42,42,1,22,9,121.614117,25.0570143
111,9,15,18,18,2,11南港區,南港區三重路與經貿二路62巷口口,0,0,1,2,C03,7,3,5,50,3,1,1,5,4,5,7,1,3,5,4,5,2,12,1,27,2,8,1,1,7,8,1,10,1,12,,7,42,1,22,9,121.614117,25.0570143
111,9,15,18,50,2,08士林區,士林區中山北路4段與通河街口,0,0,1,1,B03,8,3,5,50,14,9,1,5,4,5,7,4,4,2,3,5,2,17,1,47,3,10,1,1,7,9,1,8,1,5,,43,43,1,22,9,121.5243605,25.08023126
111,9,15,18,50,2,08士林區,士林區中山北路4段與通河街口,0,0,1,2,C03,8,3,5,50,14,9,1,5,4,5,7,4,4,2,3,5,2,17,2,44,2,9,1,1,7,9,1,10,1,13,,43,43,1,22,9,121.5243605,25.08023126
111,9,15,18,58,1,04大安區,大安區羅斯福路3段271號,1,0,1,1,H01,8,3,5,50,14,9,1,5,4,5,7,2,1,3,4,5,2,3,1,71,1,1,4,1,8,18,8,20,10,16,,52,52,1,22,9,121.5305101,25.0186022
111,9,15,18,58,1,04大安區,大安區羅斯福路3段271號,1,0,1,2,C03,8,3,5,50,14,9,1,5,4,5,7,2,1,3,4,5,2,3,1,29,2,9,1,1,7,9,1,10,2,11,,15,52,1,22,9,121.5305101,25.0186022
111,9,15,18,58,1,04大安區,大安區羅斯福路3段271號,1,0,1,3,B12,8,3,5,50,14,9,1,5,4,5,7,2,1,3,4,5,2,3,2,44,3,10,3,4,7,14,7,19,11,7,,44,52,1,22,9,121.5305101,25.0186022
111,9,15,19,15,2,12內湖區,內湖區五分街往東,0,0,1,1,B03,8,3,5,40,14,9,1,5,4,5,7,4,4,9,4,5,2,2,1,20,4,11,3,4,7,15,7,19,11,15,,23,23,2,22,9,121.614882,25.0673731
111,9,15,19,15,2,12內湖區,內湖區五分街往東,0,0,1,2,H01,8,3,5,40,14,9,1,5,4,5,7,4,4,9,4,5,2,2,2,33,2,6,4,5,8,16,8,20,10,16,,67,23,2,22,9,121.614882,25.0673731
111,9,15,20,30,2,05中正區,中正區中華路1段與忠孝西路1段口,0,0,1,1,F03,8,3,5,50,4,2,1,5,4,5,7,2,1,1,4,5,2,12,2,30,2,9,1,1,7,7,8,20,1,16,,7,7,1,22,9,121.5101043,25.04806953
111,9,15,20,30,2,05中正區,中正區中華路1段與忠孝西路1段口,0,0,1,2,A04,8,3,5,50,4,2,1,5,4,5,7,2,1,1,4,5,2,12,1,55,3,10,1,1,7,9,1,2,11,5,,44,7,1,22,9,121.5101043,25.04806953
111,9,15,21,15,2,12內湖區,內湖區康寧路3段葫洲捷運站2號出口,0,0,1,1,C03,8,1,5,50,14,9,1,5,4,5,7,4,4,9,4,5,1,12,2,49,2,9,1,1,7,7,1,10,1,15,,7,7,1,22,9,121.6070345,25.07269448
111,9,15,21,15,2,12內湖區,內湖區康寧路3段葫洲捷運站2號出口,0,0,1,2,B03,8,1,5,50,14,9,1,5,4,5,7,4,4,9,4,5,1,12,1,61,3,10,1,1,7,9,1,8,1,2,,44,7,1,22,9,121.6070345,25.07269448
111,9,15,21,20,2,11南港區,南港區南港路1段與惠民街口,0,0,1,1,C03,7,3,5,50,14,9,1,5,4,5,7,4,4,9,4,5,2,12,1,45,2,9,1,1,7,8,6,10,2,12,,7,7,1,22,9,121.6106286,25.0550804
111,9,15,21,20,2,11南港區,南港區南港路1段與惠民街口,0,0,1,2,B03,7,3,5,50,14,9,1,5,4,5,7,4,4,9,4,5,2,12,1,41,3,10,1,1,7,9,1,8,2,4,,44,7,1,22,9,121.6106286,25.0550804
111,9,15,21,20,2,11南港區,南港區南港路1段與惠民街口,0,0,1,3,B03,7,3,5,50,14,9,1,5,4,5,7,4,4,9,4,5,2,12,2,49,3,10,1,1,7,9,1,8,2,5,,44,7,1,22,9,121.6106286,25.0550804
111,9,15,21,49,2,09北投區,北投區大業路與承德路7段口,0,0,1,1,C03,8,3,5,50,5,1,1,5,4,5,7,2,1,8,3,5,2,17,2,24,2,9,1,1,7,10,1,10,1,14,,7,7,1,22,9,121.4998484,25.12093336
111,9,15,21,49,2,09北投區,北投區大業路與承德路7段口,0,0,1,2,B03,8,3,5,50,5,1,1,5,4,5,7,2,1,8,3,5,2,17,2,50,3,10,1,1,7,9,1,8,1,6,,44,7,1,22,9,121.4998484,25.12093336
111,9,15,22,20,2,09北投區,北投區明德路與明德路150巷口,0,0,1,1,B03,8,1,5,50,3,2,1,5,4,5,7,1,1,7,4,5,1,3,2,53,3,10,1,1,7,5,1,8,2,8,,15,15,1,22,9,121.5208093,25.11065037
111,9,15,22,20,2,09北投區,北投區明德路與明德路150巷口,0,0,1,2,H01,8,1,5,50,3,2,1,5,4,5,7,1,1,7,4,5,1,3,2,20,2,9,4,5,8,16,8,20,10,16,,51,15,1,22,9,121.5208093,25.11065037
111,9,15,22,37,2,05中正區,中正區承德路1段與市民大道1段口,0,0,2,1,B01,8,3,5,30,5,1,1,5,4,5,7,2,1,1,4,5,2,12,1,52,3,10,1,1,7,8,1,4,2,2,,23,23,1,22,9,121.5164254,25.04863727
111,9,15,22,37,2,05中正區,中正區承德路1段與市民大道1段口,0,0,2,2,C03,8,3,5,30,5,1,1,5,4,5,7,2,1,1,4,5,2,12,2,43,2,9,1,1,7,7,1,10,2,14,,7,23,1,22,9,121.5164254,25.04863727
111,9,15,22,37,2,05中正區,中正區承德路1段與市民大道1段口,0,0,2,3,H02,8,3,5,30,5,1,1,5,4,5,7,2,1,1,4,5,2,12,2,15,2,9,4,5,7,20,8,20,10,16,,67,23,1,22,9,121.5164254,25.04863727
111,9,15,22,48,2,04大安區,大安區和平東路3段300號與和平東路3段口,0,0,1,1,B02,8,3,5,50,4,1,1,5,4,5,7,1,1,1,4,3,2,9,1,25,3,10,1,1,7,5,1,8,1,4,,43,43,1,22,9,121.5564022,25.0207202
111,9,15,22,48,2,04大安區,大安區和平東路3段300號與和平東路3段口,0,0,1,2,H01,8,3,5,50,4,1,1,5,4,5,7,1,1,1,4,3,2,9,1,53,2,9,4,5,8,17,8,20,1,16,,67,43,1,22,9,121.5564022,25.0207202
111,9,16,1,10,2,03中山區,中山區中山北路2段與民生西路口,0,0,1,1,B02,7,3,5,50,4,1,1,5,4,5,7,2,1,1,4,5,2,16,1,41,3,10,3,4,7,5,1,8,1,2,,6,6,1,22,9,121.5227547,25.05794886
111,9,16,1,10,2,03中山區,中山區中山北路2段與民生西路口,0,0,1,2,C03,7,3,5,50,4,1,1,5,4,5,7,2,1,1,4,5,2,16,1,23,2,7,3,4,7,9,1,10,1,11,,13,6,1,22,9,121.5227547,25.05794886
111,9,16,3,32,2,07信義區,信義區永吉路與松信路口口,0,0,2,1,B01,7,3,5,50,4,1,1,5,4,5,7,2,1,3,4,5,1,16,1,63,3,10,1,1,7,5,1,8,2,1,,25,25,1,22,9,121.5720559,25.0456267
111,9,16,3,32,2,07信義區,信義區永吉路與松信路口口,0,0,2,2,B03,7,3,5,50,4,1,1,5,4,5,7,2,1,3,4,5,1,16,1,38,3,10,1,1,7,9,1,8,2,1,,44,25,1,22,9,121.5720559,25.0456267
111,9,16,3,32,2,07信義區,信義區永吉路與松信路口口,0,0,2,3,H02,7,3,5,50,4,1,1,5,4,5,7,2,1,3,4,5,1,16,1,30,2,9,2,1,7,20,8,20,10,16,,60,25,1,22,9,121.5720559,25.0456267
111,9,16,3,32,2,07信義區,信義區永吉路與松信路口口,0,0,2,4,H02,7,3,5,50,4,1,1,5,4,5,7,2,1,3,4,5,1,16,1,29,2,9,2,1,7,20,8,20,10,16,,60,25,1,22,9,121.5720559,25.0456267
111,9,16,4,54,2,03中山區,中山區建國北路2段與合江街180巷口,0,0,1,1,C03,8,3,5,50,3,1,1,5,4,5,7,1,1,1,5,5,1,13,1,27,2,9,1,4,7,9,1,10,2,15,,23,23,1,22,9,121.5372538,25.0611631
111,9,16,4,54,2,03中山區,中山區建國北路2段與合江街180巷口,0,0,1,2,A31,8,3,5,50,3,1,1,5,4,5,7,1,1,1,5,5,1,13,1,57,3,10,3,4,7,14,1,1,2,3,,44,23,1,22,9,121.5372538,25.0611631
111,9,16,7,43,2,05中正區,中正區汀州路1段與三元街口口,0,0,1,1,B12,8,1,5,30,4,1,1,5,4,5,7,1,1,1,4,5,1,17,1,31,3,10,1,1,7,6,1,6,2,5,,9,9,1,22,9,121.5073843,25.03050352
111,9,16,7,43,2,05中正區,中正區汀州路1段與三元街口口,0,0,1,2,C03,8,1,5,30,4,1,1,5,4,5,7,1,1,1,4,5,1,17,1,20,2,9,1,1,7,9,1,10,2,14,,26,9,1,22,9,121.5073843,25.03050352
111,9,16,7,45,2,11南港區,南港區忠孝東路6段與忠孝東路6段81巷口口,0,0,1,1,C03,8,1,5,30,3,1,1,5,4,5,7,4,4,10,5,5,2,17,2,21,2,9,1,1,7,6,1,10,1,14,,6,6,1,22,9,121.5846305,25.04770675
111,9,16,7,45,2,11南港區,南港區忠孝東路6段與忠孝東路6段81巷口口,0,0,1,2,,8,1,5,30,3,1,1,5,4,5,7,4,4,10,5,5,2,17,4,,4,11,3,4,7,15,7,19,11,15,,43,6,2,22,9,121.5846305,25.04770675
111,9,16,7,50,2,05中正區,中正區漢口街1段101號,0,0,1,1,C03,8,1,5,50,14,9,1,5,4,5,7,4,4,9,4,5,2,17,1,44,3,10,1,4,7,13,1,10,1,15,,42,42,1,22,9,121.5110631,25.04523848
111,9,16,7,50,2,05中正區,中正區漢口街1段101號,0,0,1,2,C03,8,1,5,50,14,9,1,5,4,5,7,4,4,9,4,5,2,17,1,35,3,10,1,4,7,9,1,10,1,12,,44,42,1,22,9,121.5110631,25.04523848
111,9,16,7,50,2,05中正區,中正區漢口街1段101號,0,0,1,3,C03,8,1,5,50,14,9,1,5,4,5,7,4,4,9,4,5,2,17,2,59,2,9,1,4,7,9,1,10,1,11,,23,42,1,22,9,121.5110631,25.04523848
111,9,16,7,50,2,08士林區,士林區中山北路5段46號對面,0,0,1,1,C03,8,1,5,50,14,9,1,5,4,5,7,4,4,3,4,5,2,13,1,26,2,8,1,1,7,9,1,10,1,11,,23,23,1,22,9,121.5253395,25.0831906
111,9,16,7,50,2,08士林區,士林區中山北路5段46號對面,0,0,1,2,B03,8,1,5,50,14,9,1,5,4,5,7,4,4,3,4,5,2,13,2,47,3,10,1,1,7,15,1,8,1,3,,44,23,1,22,9,121.5253395,25.0831906
111,9,16,7,58,2,09北投區,北投區泉源路67-1號,0,0,1,1,C03,8,1,5,50,14,9,1,5,4,5,7,4,4,9,5,5,1,17,1,19,2,9,1,1,7,4,1,10,11,11,,1,1,1,22,9,121.5168915,25.14240378
111,9,16,7,58,2,09北投區,北投區泉源路67-1號,0,0,1,2,B03,8,1,5,50,14,9,1,5,4,5,7,4,4,9,5,5,1,17,1,41,3,10,1,1,7,4,1,8,11,15,,27,1,2,22,9,121.5168915,25.14240378
111,9,16,7,58,2,09北投區,北投區泉源路67-1號,0,0,1,3,B03,8,1,5,50,14,9,1,5,4,5,7,4,4,9,5,5,1,17,4,,4,11,3,4,7,13,7,19,11,15,,44,1,2,22,9,121.5168915,25.14240378
111,9,16,8,3,2,02萬華區,萬華區西園路1段72巷與貴陽街2段232巷口,0,0,1,1,C03,8,1,5,30,3,1,1,5,4,5,7,4,4,10,5,5,2,9,1,64,3,10,1,4,7,15,1,10,1,12,,42,42,1,22,9,121.4990848,25.03948377
111,9,16,8,3,2,02萬華區,萬華區西園路1段72巷與貴陽街2段232巷口,0,0,1,2,H01,8,1,5,30,3,1,1,5,4,5,7,4,4,10,5,5,2,9,2,80,2,9,4,4,8,16,8,20,10,16,,67,42,1,22,9,121.4990848,25.03948377
111,9,16,8,5,2,05中正區,中正區重慶南路1段124號,0,0,1,1,A02,8,1,5,50,14,9,1,5,4,5,7,4,4,5,4,5,2,17,1,56,3,10,1,1,7,3,1,2,2,15,,36,36,1,22,9,121.5127654,25.0372941
111,9,16,8,5,2,05中正區,中正區重慶南路1段124號,0,0,1,2,C03,8,1,5,50,14,9,1,5,4,5,7,4,4,5,4,5,2,17,1,51,2,3,1,1,7,9,1,10,2,14,,44,36,1,22,9,121.5127654,25.0372941
111,9,16,8,5,2,05中正區,中正區重慶南路1段124號,0,0,1,3,H02,8,1,5,50,14,9,1,5,4,5,7,4,4,5,4,5,2,17,4,,4,11,3,4,7,15,7,19,11,15,,67,36,2,22,9,121.5127654,25.0372941
111,9,16,8,18,2,02萬華區,萬華區環河南路1段與內江街口,0,0,1,1,C03,8,1,5,50,4,1,1,5,4,5,7,1,1,8,4,5,2,12,1,30,3,10,1,1,7,5,1,10,1,14,,8,8,1,22,9,121.5001973,25.04193999
111,9,16,8,18,2,02萬華區,萬華區環河南路1段與內江街口,0,0,1,2,C03,8,1,5,50,4,1,1,5,4,5,7,1,1,8,4,5,2,12,2,39,2,9,1,1,7,5,1,10,1,12,,8,8,1,22,9,121.5001973,25.04193999
111,9,16,8,20,2,09北投區,北投區大業路157號,0,0,1,1,B03,8,1,5,60,15,9,1,5,4,5,7,4,4,9,4,5,2,12,1,46,3,10,1,1,7,6,1,8,1,2,,9,9,1,22,9,121.4986386,25.12475606
111,9,16,8,20,2,09北投區,北投區大業路157號,0,0,1,2,C03,8,1,5,60,15,9,1,5,4,5,7,4,4,9,4,5,2,12,2,38,2,9,1,1,7,9,1,10,1,11,,44,9,1,22,9,121.4986386,25.12475606
111,9,16,8,30,2,11南港區,南港區市民大道8段東往西（北流前）,0,0,1,1,C03,8,1,5,50,14,9,1,5,4,5,7,4,4,8,3,5,2,13,1,64,3,10,1,1,7,7,1,10,1,11,,23,23,1,22,9,121.5982033,25.05197834
111,9,16,8,30,2,11南港區,南港區市民大道8段東往西（北流前）,0,0,1,2,C03,8,1,5,50,14,9,1,5,4,5,7,4,4,8,3,5,2,13,1,26,3,10,1,1,7,7,1,10,1,11,,23,23,1,22,9,121.5982033,25.05197834
111,9,16,8,30,2,11南港區,南港區市民大道8段東往西（北流前）,0,0,1,3,C03,8,1,5,50,14,9,1,5,4,5,7,4,4,8,3,5,2,13,1,47,2,9,1,1,7,7,1,10,1,13,,44,23,1,22,9,121.5982033,25.05197834
111,9,16,8,40,2,07信義區,信義區福德街64號,0,0,1,1,C03,8,1,5,50,15,9,4,5,4,5,7,1,1,10,4,5,2,17,2,23,3,10,3,4,7,9,1,10,1,11,,23,23,1,22,9,121.5806995,25.0369049
111,9,16,8,40,2,07信義區,信義區福德街64號,0,0,1,2,C03,8,1,5,50,15,9,4,5,4,5,7,1,1,10,4,5,2,17,2,26,2,8,3,4,7,14,1,10,1,13,,44,23,1,22,9,121.5806995,25.0369049
111,9,16,8,45,2,04大安區,大安區基隆路3段與辛亥路3段口,0,0,1,1,B03,8,1,5,50,5,1,1,5,4,5,7,4,4,1,5,5,2,16,1,50,3,10,1,1,7,6,1,8,2,6,,9,9,1,22,9,121.5467466,25.0194421
111,9,16,8,45,2,04大安區,大安區基隆路3段與辛亥路3段口,0,0,1,2,C03,8,1,5,50,5,1,1,5,4,5,7,4,4,1,5,5,2,16,1,31,2,8,1,1,7,9,1,10,2,14,,44,9,1,22,9,121.5467466,25.0194421
111,9,16,8,58,2,08士林區,士林區基河路與小西街口,0,0,1,1,C03,8,1,5,50,3,2,1,5,4,5,7,4,4,5,5,5,2,3,1,29,3,10,1,1,7,9,1,10,1,12,,14,14,1,22,9,121.523169,25.0892423
111,9,16,8,58,2,08士林區,士林區基河路與小西街口,0,0,1,2,H01,8,1,5,50,3,2,1,5,4,5,7,4,4,5,5,5,2,3,2,43,2,9,4,5,8,16,8,20,10,16,,67,14,1,22,9,121.523169,25.0892423
111,9,16,9,0,2,02萬華區,萬華區桂林路135號,0,0,2,1,F01,8,1,5,40,14,9,1,5,4,5,7,4,4,5,4,4,2,17,2,65,2,9,1,4,7,5,8,20,1,16,,8,8,1,22,9,121.4994087,25.03848941
111,9,16,9,0,2,02萬華區,萬華區桂林路135號,0,0,2,2,C03,8,1,5,40,14,9,1,5,4,5,7,4,4,5,4,4,2,17,2,61,2,9,1,4,7,9,1,10,1,11,,44,8,1,22,9,121.4994087,25.03848941
111,9,16,9,17,2,10文山區,文山區汀州路4段95號對面,0,0,1,1,H01,8,1,5,50,14,9,1,5,4,5,7,4,4,9,4,5,2,3,2,69,3,10,4,5,8,16,8,20,10,16,,51,51,1,22,9,121.5369842,25.00731625
111,9,16,9,17,2,10文山區,文山區汀州路4段95號對面,0,0,1,2,C03,8,1,5,50,14,9,1,5,4,5,7,4,4,9,4,5,2,3,1,22,2,9,1,1,7,9,1,10,1,15,,42,51,1,22,9,121.5369842,25.00731625
111,9,16,9,33,2,08士林區,士林區承德路4段317號,0,0,1,1,C03,8,1,5,40,14,8,1,5,4,5,7,4,4,1,3,4,1,13,2,18,2,9,1,1,7,9,1,10,1,11,,23,23,1,22,9,121.5181647,25.0900152
111,9,16,9,33,2,08士林區,士林區承德路4段317號,0,0,1,2,B03,8,1,5,40,14,8,1,5,4,5,7,4,4,1,3,4,1,13,1,57,3,10,1,1,7,14,1,8,1,7,,42,23,1,22,9,121.5181647,25.0900152
111,9,16,9,35,2,01大同區,大同區環河北路2段與民族西路口,0,1,0,1,B03,8,1,5,60,3,1,1,5,4,5,7,2,1,9,4,5,2,3,1,55,3,10,1,1,7,9,1,8,2,5,,25,25,1,22,9,121.5090985,25.06870145
111,9,16,9,35,2,01大同區,大同區環河北路2段與民族西路口,0,1,0,2,H01,8,1,5,60,3,1,1,5,4,5,7,2,1,9,4,5,2,3,2,75,5,9,4,5,8,16,8,20,10,16,,67,25,1,22,9,121.5090985,25.06870145
111,9,16,9,53,2,04大安區,大安區仁愛路4段與敦化南路1段口,0,0,1,1,B03,8,1,5,50,5,1,1,5,4,5,7,1,1,1,5,5,2,15,1,53,3,10,1,1,7,9,1,7,2,1,,23,23,1,22,9,121.5477438,25.0379121
111,9,16,9,53,2,04大安區,大安區仁愛路4段與敦化南路1段口,0,0,1,2,F01,8,1,5,50,5,1,1,5,4,5,7,1,1,1,5,5,2,15,2,46,2,9,1,4,7,11,8,20,2,16,,25,23,1,22,9,121.5477438,25.0379121
111,9,16,10,50,2,05中正區,中正區水源路7號與水源快速道路附近側附近口,0,0,1,1,B03,8,1,5,50,14,7,1,5,4,5,7,4,4,1,4,5,1,17,1,24,3,10,1,1,7,14,1,8,2,3,,44,44,1,22,9,121.5263046,25.0148565
111,9,16,10,50,2,05中正區,中正區水源路7號與水源快速道路附近側附近口,0,0,1,2,B12,8,1,5,50,14,7,1,5,4,5,7,4,4,1,4,5,1,17,1,36,2,9,1,1,7,15,1,4,2,8,,42,44,1,22,9,121.5263046,25.0148565
111,9,16,10,50,2,05中正區,中正區水源路7號與水源快速道路附近側附近口,0,0,1,3,,8,1,5,50,14,7,1,5,4,5,7,4,4,1,4,5,1,17,3,,,,,,,,,,,,,67,44,1,,,121.5263046,25.0148565
111,9,16,11,0,2,08士林區,士林區社中街271號,0,0,1,1,C03,8,1,5,50,14,9,1,5,4,5,7,4,4,9,5,5,2,17,1,54,3,10,1,1,7,5,1,10,1,15,,8,8,1,22,9,121.5067991,25.09179459
111,9,16,11,0,2,08士林區,士林區社中街271號,0,0,1,2,C03,8,1,5,50,14,9,1,5,4,5,7,4,4,9,5,5,2,17,1,44,2,9,1,1,7,9,1,10,1,14,,44,8,1,22,9,121.5067991,25.09179459
111,9,16,11,10,2,11南港區,南港區市民大道8段與忠孝東路7段265巷口,0,0,1,1,B01,8,1,5,50,4,1,1,5,4,5,7,1,1,3,3,5,2,17,1,64,3,10,1,1,7,5,1,4,1,15,,8,8,1,22,9,121.6027598,25.0527816
111,9,16,11,10,2,11南港區,南港區市民大道8段與忠孝東路7段265巷口,0,0,1,2,C03,8,1,5,50,4,1,1,5,4,5,7,1,1,3,3,5,2,17,1,21,2,9,1,1,7,9,1,10,1,15,,44,8,1,22,9,121.6027598,25.0527816
111,9,16,11,26,2,04大安區,大安區信義路3段與復興南路1段口,0,0,1,1,C03,8,1,5,50,4,1,1,5,4,5,7,2,1,8,3,4,1,13,1,22,3,10,1,1,7,5,1,8,1,15,,8,8,1,22,9,121.5436722,25.0334832
111,9,16,11,26,2,04大安區,大安區信義路3段與復興南路1段口,0,0,1,2,B01,8,1,5,50,4,1,1,5,4,5,7,2,1,8,3,4,1,13,1,55,3,10,1,1,7,9,1,4,1,3,,44,8,1,22,9,121.5436722,25.0334832
111,9,16,11,26,2,04大安區,大安區信義路3段與復興南路1段口,0,0,1,3,C03,8,1,5,50,4,1,1,5,4,5,7,2,1,8,3,4,1,13,1,40,2,8,1,1,7,9,1,10,1,11,,16,8,1,22,9,121.5436722,25.0334832
111,9,16,11,50,2,07信義區,信義區信安街67巷與吳興街156巷65弄口,0,0,1,1,B01,8,1,5,50,3,1,1,5,4,5,7,4,4,9,5,4,2,16,1,68,3,10,1,1,7,5,1,4,1,8,,6,6,1,22,9,121.5590688,25.0259876
111,9,16,11,50,2,07信義區,信義區信安街67巷與吳興街156巷65弄口,0,0,1,2,C03,8,1,5,50,3,1,1,5,4,5,7,4,4,9,5,4,2,16,1,18,2,9,1,1,7,9,1,10,1,14,,13,6,1,22,9,121.5590688,25.0259876
111,9,16,12,0,2,03中山區,中山區八德路2段與建國北路1段口,0,0,1,1,B03,8,1,5,50,4,1,1,5,4,5,7,1,1,1,4,5,2,16,1,35,3,10,3,4,7,6,1,8,1,2,,26,26,1,22,9,121.5363461,25.04604412
111,9,16,12,0,2,03中山區,中山區八德路2段與建國北路1段口,0,0,1,2,C03,8,1,5,50,4,1,1,5,4,5,7,1,1,1,4,5,2,16,1,33,2,7,1,4,7,9,1,10,1,14,,26,26,1,22,9,121.5363461,25.04604412
111,9,16,12,26,2,08士林區,士林區仰德大道3段191號,0,0,1,1,C03,8,1,5,40,14,9,1,5,4,5,7,4,4,4,5,5,1,16,1,21,2,9,1,1,7,1,1,10,1,11,,19,19,1,22,9,121.5509506,25.12364999
111,9,16,12,26,2,08士林區,士林區仰德大道3段191號,0,0,1,2,C03,8,1,5,40,14,9,1,5,4,5,7,4,4,4,5,5,1,16,1,18,3,10,1,1,7,9,1,10,1,12,,44,19,1,22,9,121.5509506,25.12364999
111,9,16,12,35,2,08士林區,士林區建業路與建業路11巷口,0,0,1,1,C03,8,1,5,30,4,1,1,5,4,5,7,4,4,10,5,5,2,15,1,18,2,9,1,1,7,9,1,10,1,12,,13,13,1,22,9,121.5478722,25.13538473
111,9,16,12,35,2,08士林區,士林區建業路與建業路11巷口,0,0,1,2,B03,8,1,5,30,4,1,1,5,4,5,7,4,4,10,5,5,2,15,2,30,3,10,1,1,7,9,1,8,1,1,,6,13,1,22,9,121.5478722,25.13538473
111,9,16,12,45,2,11南港區,南港區南港路3段與南港路3段106巷口口,0,0,1,1,,8,1,5,0,3,1,1,5,4,5,7,2,1,5,4,5,2,17,4,,4,11,3,4,7,15,7,19,11,15,,43,43,2,22,9,121.5897826,25.0533682
111,9,16,12,45,2,11南港區,南港區南港路3段與南港路3段106巷口口,0,0,1,2,C03,8,1,5,0,3,1,1,5,4,5,7,2,1,5,4,5,2,17,1,40,2,8,1,1,7,9,1,10,1,14,,43,43,1,22,9,121.5897826,25.0533682
111,9,16,13,13,2,10文山區,文山區木柵路2段與興隆路4段口口,0,0,1,1,C03,8,1,5,50,4,1,1,5,4,5,7,2,1,4,3,5,1,15,2,21,3,10,1,4,7,11,1,10,1,12,,10,10,1,22,9,121.5603687,24.98871764
111,9,16,13,13,2,10文山區,文山區木柵路2段與興隆路4段口口,0,0,1,2,C03,8,1,5,50,4,1,1,5,4,5,7,2,1,4,3,5,1,15,1,19,2,7,1,4,7,9,1,10,1,11,,44,10,1,22,9,121.5603687,24.98871764
111,9,16,13,38,2,05中正區,中正區南昌路1段與重慶南路2段7巷口口,0,0,1,1,B03,8,1,5,50,5,1,1,5,4,5,7,4,4,5,5,5,1,15,1,26,3,10,1,1,7,9,1,8,2,4,,6,6,1,22,9,121.5148871,25.03426541
111,9,16,13,38,2,05中正區,中正區南昌路1段與重慶南路2段7巷口口,0,0,1,2,C03,8,1,5,50,5,1,1,5,4,5,7,4,4,5,5,5,1,15,1,42,2,9,1,1,7,9,1,10,2,11,,13,6,1,22,9,121.5148871,25.03426541
111,9,16,14,0,2,12內湖區,內湖區江南街與江南街112巷口,0,0,1,1,C03,8,1,5,50,14,9,1,5,4,5,7,4,4,5,5,5,2,9,1,20,3,10,1,1,7,9,1,10,11,11,,23,,1,22,9,121.5766015,25.07678086
111,9,16,14,0,2,12內湖區,內湖區江南街與江南街112巷口,0,0,1,2,H01,8,1,5,50,14,9,1,5,4,5,7,4,4,5,5,5,2,9,2,39,2,9,4,5,8,20,8,20,10,16,,67,,1,22,9,121.5766015,25.07678086
111,9,16,14,10,2,05中正區,中正區汀州路2段與金門街口口,0,0,1,1,B03,8,1,5,50,4,1,1,5,4,5,7,1,1,5,2,5,2,12,1,18,3,10,1,1,7,5,1,8,1,8,,8,8,1,22,9,121.5239303,25.0222776
111,9,16,14,10,2,05中正區,中正區汀州路2段與金門街口口,0,0,1,2,C03,8,1,5,50,4,1,1,5,4,5,7,1,1,5,2,5,2,12,1,41,2,9,1,1,7,9,1,10,1,12,,44,8,1,22,9,121.5239303,25.0222776
111,9,16,15,5,2,08士林區,士林區至善路3段71巷(川瀨公車站牌),0,1,0,1,C03,8,1,5,50,11,9,1,5,4,5,7,4,4,5,5,5,1,19,1,76,5,1,1,1,7,9,1,10,1,14,,42,42,1,22,9,121.5674374,25.11569544
111,9,16,15,5,2,08士林區,士林區至善路3段71巷(川瀨公車站牌),0,1,0,2,,8,1,5,50,11,9,1,5,4,5,7,4,4,5,5,5,1,19,3,,,,,,,,,,,,,67,42,1,,,121.5674374,25.11569544
111,9,16,15,10,2,05中正區,中正區重慶南路1段與武昌街1段口,0,0,1,1,B03,8,1,5,50,4,2,1,5,4,5,7,1,1,10,4,5,2,12,1,58,3,10,1,1,7,9,1,8,1,5,,44,44,1,22,9,121.5131964,25.04413356
111,9,16,15,10,2,05中正區,中正區重慶南路1段與武昌街1段口,0,0,1,2,C03,8,1,5,50,4,2,1,5,4,5,7,1,1,10,4,5,2,12,2,19,2,8,1,1,7,7,1,10,1,14,,7,44,1,22,9,121.5131964,25.04413356
111,9,16,15,10,2,06松山區,松山區三民路102巷2號,0,0,1,2,C04,8,1,5,30,14,9,1,5,3,5,7,4,4,10,5,5,2,29,1,68,2,9,1,4,7,9,1,8,1,11,,23,61,1,22,9,121.5636473,25.05741918
111,9,16,15,10,2,06松山區,松山區三民路102巷2號,0,0,1,1,,8,1,5,30,14,9,1,5,3,5,7,4,4,10,5,5,2,29,3,,,,,,,,,,,,,61,61,1,,,121.5636473,25.05741918
111,9,16,15,23,2,09北投區,北投區公館路與西安街2段口,0,0,1,1,B03,8,1,5,50,4,2,1,5,4,5,7,2,1,9,4,5,1,3,2,50,3,10,1,1,7,5,1,8,1,4,,8,8,1,22,9,121.5027979,25.12144498