發生年度,發生月,發生日,發生時-Hours,發生分,處理別-編號,區序,肇事地點,死亡人數,2-30日死亡人數,受傷人數,當事人序號,車種,天候,光線,道路類別,速限-速度限制,道路型態,事故位置,路面狀況1,路面狀況2,路面狀況3,道路障礙1,道路障礙2,號誌1,號誌2,車道劃分-分向,車道劃分-分道1,車道劃分-分道2,車道劃分-分道3,事故類型及型態,性別,年齡,受傷程度,主要傷處,安全帽,行動電話,車輛用途,當事者行動狀態,駕駛資格情形,駕駛執照種類,飲酒情形,車輛撞擊部位1,車輛撞擊部位2,肇因碼-個別,肇因碼-主要,個人肇逃否,職業,旅次目的,座標-X,座標-Y
111,9,16,15,23,2,09北投區,北投區公館路與西安街2段口,0,0,1,2,H01,8,1,5,50,4,2,1,5,4,5,7,2,1,9,4,5,1,3,2,18,2,9,4,1,8,16,8,20,10,16,,67,8,1,22,9,121.5027979,25.12144498
111,9,16,15,28,2,07信義區,信義區莊敬路與吳興街361巷33弄口,0,0,2,1,B03,8,1,5,50,3,2,1,5,4,5,7,4,4,5,5,4,2,17,1,56,3,10,3,4,7,11,1,10,1,7,,10,10,1,22,9,121.5672579,25.026968
111,9,16,15,28,2,07信義區,信義區莊敬路與吳興街361巷33弄口,0,0,2,2,C03,8,1,5,50,3,2,1,5,4,5,7,4,4,5,5,4,2,17,1,34,2,8,3,4,7,9,1,10,1,14,,14,10,1,22,9,121.5672579,25.026968
111,9,16,15,28,2,07信義區,信義區莊敬路與吳興街361巷33弄口,0,0,2,3,H02,8,1,5,50,3,2,1,5,4,5,7,4,4,5,5,4,2,17,2,43,2,1,3,4,7,20,8,20,10,16,,67,10,1,22,9,121.5672579,25.026968
111,9,16,15,53,2,02萬華區,萬華區德昌街與德昌街7巷口,0,0,1,1,C03,8,1,5,30,4,1,1,5,4,5,7,4,4,10,5,5,2,15,2,40,3,10,1,4,7,9,4,11,9,14,,6,6,1,22,9,121.4997692,25.02537942
111,9,16,15,53,2,02萬華區,萬華區德昌街與德昌街7巷口,0,0,1,2,C03,8,1,5,30,4,1,1,5,4,5,7,4,4,10,5,5,2,15,1,25,2,9,1,4,7,9,1,10,9,11,,44,6,1,22,9,121.4997692,25.02537942
111,9,16,15,54,2,03中山區,中山區建國北路1段與長安東路2段口,0,0,1,1,B03,8,1,5,50,4,2,1,5,4,5,7,2,1,1,1,1,1,13,1,61,3,10,3,4,7,9,1,8,2,1,,42,42,1,22,9,121.5368815,25.04816916
111,9,16,15,54,2,03中山區,中山區建國北路1段與長安東路2段口,0,0,1,2,B01,8,1,5,50,4,2,1,5,4,5,7,2,1,1,1,1,1,13,1,48,2,4,3,4,7,14,1,3,2,3,,44,42,1,22,9,121.5368815,25.04816916
111,9,16,16,24,2,09北投區,北投區復興三路201巷前,0,0,1,1,B12,8,1,5,50,11,9,1,4,4,5,1,4,4,10,5,5,2,17,1,58,4,11,3,4,7,15,7,19,11,15,,43,43,2,22,9,121.504403,25.14891436
111,9,16,16,24,2,09北投區,北投區復興三路201巷前,0,0,1,2,C03,8,1,5,50,11,9,1,4,4,5,1,4,4,10,5,5,2,17,1,30,2,9,1,1,7,9,1,10,11,14,,44,43,1,22,9,121.504403,25.14891436
111,9,16,16,33,2,05中正區,中正區中山南路與仁愛路1段口,0,0,2,1,B01,8,1,5,50,5,2,1,5,4,5,7,1,1,1,4,1,1,12,1,47,3,10,1,1,7,9,1,4,2,6,,17,17,1,22,9,121.5179536,25.03945038
111,9,16,16,33,2,05中正區,中正區中山南路與仁愛路1段口,0,0,2,2,C03,8,1,5,50,5,2,1,5,4,5,7,1,1,1,4,1,1,12,1,40,2,9,1,1,7,9,1,10,2,14,,17,17,1,22,9,121.5179536,25.03945038
111,9,16,16,33,2,05中正區,中正區中山南路與仁愛路1段口,0,0,2,3,H02,8,1,5,50,5,2,1,5,4,5,7,1,1,1,4,1,1,12,2,38,2,9,1,5,7,21,8,20,10,16,,67,17,1,22,9,121.5179536,25.03945038
111,9,16,16,45,2,09北投區,北投區天母西路與磺溪便道口,0,0,2,1,B03,8,1,5,50,4,1,1,5,4,5,7,4,4,5,4,5,2,12,1,61,3,10,1,1,7,6,1,8,1,2,,6,6,1,22,9,121.5237725,25.11868364
111,9,16,16,45,2,09北投區,北投區天母西路與磺溪便道口,0,0,2,2,C03,8,1,5,50,4,1,1,5,4,5,7,4,4,5,4,5,2,12,2,69,2,9,1,1,7,9,1,10,1,14,,23,6,1,22,9,121.5237725,25.11868364
111,9,16,16,45,2,09北投區,北投區天母西路與磺溪便道口,0,0,2,3,H02,8,1,5,50,4,1,1,5,4,5,7,4,4,5,4,5,2,12,2,10,2,9,4,5,7,20,8,20,10,16,,67,6,1,22,9,121.5237725,25.11868364
111,9,16,16,50,2,07信義區,信義區基隆路2段與光復南路口,0,0,1,1,B12,8,1,5,50,4,2,1,5,4,5,7,1,1,1,4,5,2,17,1,61,3,10,3,4,7,6,1,10,1,6,,9,9,1,22,9,121.5575642,25.0300163
111,9,16,16,50,2,07信義區,信義區基隆路2段與光復南路口,0,0,1,2,F01,8,1,5,50,4,2,1,5,4,5,7,1,1,1,4,5,2,17,2,35,2,9,1,4,7,9,8,20,1,16,,23,9,1,22,9,121.5575642,25.0300163
111,9,16,17,0,2,07信義區,信義區基隆路1段與信義路5段口,0,0,1,1,B03,8,1,5,50,4,2,1,5,4,5,7,2,1,1,4,5,2,17,1,64,3,10,1,1,7,6,1,8,1,2,,9,9,1,22,9,121.5595866,25.0329285
111,9,16,17,0,2,07信義區,信義區基隆路1段與信義路5段口,0,0,1,2,C03,8,1,5,50,4,2,1,5,4,5,7,2,1,1,4,5,2,17,1,39,2,9,1,1,7,9,1,10,1,14,,44,9,1,22,9,121.5595866,25.0329285
111,9,16,17,4,2,03中山區,中山區建國北路3段與五常街口,0,0,1,1,B03,8,1,5,50,3,2,1,5,4,5,7,4,4,1,5,5,1,16,2,54,3,10,3,4,7,7,1,8,2,7,,6,6,1,22,9,121.5372448,25.06443784
111,9,16,17,4,2,03中山區,中山區建國北路3段與五常街口,0,0,1,2,C03,8,1,5,50,3,2,1,5,4,5,7,4,4,1,5,5,1,16,1,48,2,9,3,4,7,9,3,18,2,12,,13,6,1,22,9,121.5372448,25.06443784
111,9,16,17,8,2,01大同區,大同區民樂街34號,0,0,1,1,C03,8,1,5,50,15,9,1,5,4,5,7,4,4,8,5,5,2,3,1,46,3,10,1,1,7,9,1,10,2,11,,23,23,1,22,9,121.5108527,25.05648778
111,9,16,17,8,2,01大同區,大同區民樂街34號,0,0,1,2,H01,8,1,5,50,15,9,1,5,4,5,7,4,4,8,5,5,2,3,1,49,2,9,4,5,8,16,8,20,1,16,,51,23,1,22,9,121.5108527,25.05648778
111,9,16,17,8,2,08士林區,士林區中山北路6段405巷78號口側附近,0,0,1,1,B12,8,1,5,50,14,9,1,5,4,5,7,4,4,5,5,5,2,17,1,56,3,10,3,4,7,11,1,8,1,5,,10,10,1,22,9,121.5261945,25.1168875
111,9,16,17,8,2,08士林區,士林區中山北路6段405巷78號口側附近,0,0,1,2,C03,8,1,5,50,14,9,1,5,4,5,7,4,4,5,5,5,2,17,1,21,3,10,1,1,7,9,1,10,1,14,,44,10,1,22,9,121.5261945,25.1168875
111,9,16,17,8,2,08士林區,士林區中山北路6段405巷78號口側附近,0,0,1,3,B12,8,1,5,50,14,9,1,5,4,5,7,4,4,5,5,5,2,17,2,50,3,10,3,1,7,13,1,8,9,4,,38,10,1,22,9,121.5261945,25.1168875
111,9,16,17,8,2,08士林區,士林區中山北路6段405巷78號口側附近,0,0,1,4,H02,8,1,5,50,14,9,1,5,4,5,7,4,4,5,5,5,2,17,2,20,2,8,1,5,7,21,8,20,10,16,,67,10,1,22,9,121.5261945,25.1168875
111,9,16,17,37,2,11南港區,南港區經貿二路與經貿二路105巷口,0,0,1,1,B12,8,1,5,50,4,2,1,5,4,5,7,1,1,1,4,5,2,9,1,38,3,10,1,1,7,5,1,8,2,2,,23,23,1,22,9,121.6169904,25.05808225
111,9,16,17,37,2,11南港區,南港區經貿二路與經貿二路105巷口,0,0,1,2,H03,8,1,5,50,4,2,1,5,4,5,7,1,1,1,4,5,2,9,2,66,2,9,4,5,8,20,8,20,10,16,,60,23,1,22,9,121.6169904,25.05808225
111,9,16,18,0,2,12內湖區,內湖區民權東路6段與民權東路6段175巷口,0,0,1,1,C03,8,1,5,30,3,1,1,5,4,5,7,4,4,1,5,5,2,17,1,62,3,10,1,1,7,6,6,18,1,11,,9,9,1,22,9,121.5965849,25.0679598
111,9,16,18,0,2,12內湖區,內湖區民權東路6段與民權東路6段175巷口,0,0,1,2,C03,8,1,5,30,3,1,1,5,4,5,7,4,4,1,5,5,2,17,1,48,2,9,1,1,7,9,1,10,1,12,,13,9,1,22,9,121.5965849,25.0679598
111,9,16,18,3,2,03中山區,中山區民權西路73號,0,0,1,1,C03,8,3,5,40,14,8,1,5,4,5,7,4,4,1,4,4,2,17,1,19,3,10,1,1,7,9,1,10,1,14,,23,23,1,22,9,121.5199208,25.0629465
111,9,16,18,3,2,03中山區,中山區民權西路73號,0,0,1,2,C03,8,3,5,40,14,8,1,5,4,5,7,4,4,1,4,4,2,17,2,33,2,7,1,1,7,9,1,10,1,15,,44,23,1,22,9,121.5199208,25.0629465
111,9,16,18,30,2,11南港區,南港區經貿二路與三重路口口,0,0,1,1,B03,8,3,5,50,4,1,1,5,4,5,7,2,1,1,4,5,2,16,1,79,3,10,1,1,7,5,1,8,1,2,,25,25,1,22,9,121.6145873,25.06058744
111,9,16,18,30,2,11南港區,南港區經貿二路與三重路口口,0,0,1,2,C03,8,3,5,50,4,1,1,5,4,5,7,2,1,1,4,5,2,16,1,24,2,8,1,1,7,9,1,10,1,11,,13,25,1,22,9,121.6145873,25.06058744
111,9,16,18,45,2,04大安區,大安區忠孝東路3段243號,0,0,1,1,B03,8,3,5,50,14,9,1,5,4,5,7,4,4,1,4,5,2,17,1,67,3,10,3,4,7,8,1,8,1,2,,7,7,1,22,9,121.5410415,25.0417191
111,9,16,18,45,2,04大安區,大安區忠孝東路3段243號,0,0,1,2,C03,8,3,5,50,14,9,1,5,4,5,7,4,4,1,4,5,2,17,2,28,2,9,1,1,7,9,1,9,1,14,,44,7,1,22,9,121.5410415,25.0417191
111,9,16,19,15,2,07信義區,信義區忠孝東路5段6號,0,0,1,1,C03,7,3,5,50,14,9,1,5,4,5,7,2,1,3,4,5,1,13,1,28,2,9,1,1,7,9,1,10,1,11,,16,16,1,22,9,121.5658638,25.0410816
111,9,16,19,15,2,07信義區,信義區忠孝東路5段6號,0,0,1,2,B03,7,3,5,50,14,9,1,5,4,5,7,2,1,3,4,5,1,13,1,65,3,10,1,1,7,9,1,8,1,3,,44,16,1,22,9,121.5658638,25.0410816
111,9,16,19,22,2,12內湖區,內湖區康樂街與康樂街61巷口,0,0,1,1,B03,8,3,5,50,3,1,1,5,4,5,7,2,1,5,4,5,2,1,1,45,3,10,1,1,7,5,1,8,2,4,,15,15,1,22,9,121.6183389,25.06843584
111,9,16,19,22,2,12內湖區,內湖區康樂街與康樂街61巷口,0,0,1,2,H01,8,3,5,50,3,1,1,5,4,5,7,2,1,5,4,5,2,1,1,33,2,7,4,5,8,16,8,20,10,16,,67,15,1,22,9,121.6183389,25.06843584
111,9,16,19,25,2,06松山區,松山區光復北路37號,0,0,1,1,C03,8,3,5,50,14,9,1,5,4,5,7,4,4,1,4,5,2,13,2,31,2,9,1,4,7,9,1,10,1,11,,16,16,1,22,9,121.5579616,25.05000815
111,9,16,19,25,2,06松山區,松山區光復北路37號,0,0,1,2,B01,8,3,5,50,14,9,1,5,4,5,7,4,4,1,4,5,2,13,1,57,3,10,1,4,7,15,1,4,1,3,,44,16,1,22,9,121.5579616,25.05000815
111,9,16,19,39,2,03中山區,中山區中山北路2段89-2號,0,0,1,1,C03,7,3,5,50,14,9,1,5,4,5,7,4,4,5,4,5,2,18,1,59,2,9,1,4,7,8,1,10,7,11,14,23,23,1,22,9,121.5230832,25.0589481
111,9,16,19,39,2,03中山區,中山區中山北路2段89-2號,0,0,1,2,,7,3,5,50,14,9,1,5,4,5,7,4,4,5,4,5,2,18,3,,,,,,,,,,,,,67,23,1,,,121.5230832,25.0589481
111,9,16,19,53,2,04大安區,大安區復興南路1段與仁愛路3段123巷13弄口,0,0,1,1,B03,8,3,5,50,4,2,1,5,4,5,7,2,1,1,4,5,2,17,1,42,4,11,3,4,7,15,7,19,11,15,,6,6,2,22,9,121.5436695,25.0398175
111,9,16,19,53,2,04大安區,大安區復興南路1段與仁愛路3段123巷13弄口,0,0,1,2,C03,8,3,5,50,4,2,1,5,4,5,7,2,1,1,4,5,2,17,1,19,2,9,1,1,7,9,1,10,1,15,,13,6,1,22,9,121.5436695,25.0398175
111,9,16,20,25,2,05中正區,中正區金山南路1段與濟南路2段口,0,0,1,1,B03,8,3,5,50,4,2,1,5,4,5,7,1,1,1,4,5,1,2,1,23,3,10,1,1,7,5,1,8,2,1,,15,15,1,22,9,121.5291054,25.0407646
111,9,16,20,25,2,05中正區,中正區金山南路1段與濟南路2段口,0,0,1,2,H01,8,3,5,50,4,2,1,5,4,5,7,1,1,1,4,5,1,2,2,46,2,9,1,1,8,16,8,20,10,15,,67,15,1,22,9,121.5291054,25.0407646
111,9,16,20,45,2,05中正區,中正區羅斯福路3段與師大路口,0,0,1,1,B01,8,3,5,50,4,1,1,5,4,5,7,1,1,2,4,5,2,15,1,45,3,10,1,1,7,9,1,4,1,1,,25,25,1,22,9,121.5276336,25.02101183
111,9,16,20,45,2,05中正區,中正區羅斯福路3段與師大路口,0,0,1,2,C03,8,3,5,50,4,1,1,5,4,5,7,1,1,2,4,5,2,15,1,54,2,9,1,1,7,1,1,10,1,14,,19,25,1,22,9,121.5276336,25.02101183
111,9,16,21,15,2,10文山區,文山區羅斯福路6段295號,0,0,2,1,B12,8,3,5,50,5,1,1,5,4,5,7,2,1,1,4,5,2,12,1,67,3,10,1,1,7,9,1,8,2,2,,17,17,1,22,9,121.5412075,24.9942246
111,9,16,21,15,2,10文山區,文山區羅斯福路6段295號,0,0,2,2,C03,8,3,5,50,5,1,1,5,4,5,7,2,1,1,4,5,2,12,1,23,2,9,1,1,7,9,1,10,2,14,,44,17,1,22,9,121.5412075,24.9942246
111,9,16,21,15,2,10文山區,文山區羅斯福路6段295號,0,0,2,3,H02,8,3,5,50,5,1,1,5,4,5,7,2,1,1,4,5,2,12,2,20,2,9,1,1,7,21,8,20,10,16,,67,17,1,22,9,121.5412075,24.9942246
111,9,16,21,15,2,12內湖區,內湖區新湖一路79號前,0,0,1,1,B03,8,3,5,50,14,9,1,5,4,5,7,4,4,9,4,5,2,16,1,30,3,10,1,1,7,5,1,8,2,8,,8,8,1,22,9,121.5792704,25.0603075
111,9,16,21,15,2,12內湖區,內湖區新湖一路79號前,0,0,1,2,C03,8,3,5,50,14,9,1,5,4,5,7,4,4,9,4,5,2,16,1,23,2,9,1,1,7,9,1,10,2,14,,23,8,1,22,9,121.5792704,25.0603075
111,9,16,21,20,2,03中山區,中山區長春路與松江路口,0,0,1,1,G01,7,3,5,50,4,1,1,2,4,5,7,1,1,5,4,5,2,17,4,,4,11,3,4,7,9,7,19,11,15,,30,30,1,22,9,121.5332962,25.0548493
111,9,16,21,20,2,03中山區,中山區長春路與松江路口,0,0,1,2,C03,7,3,5,50,4,1,1,2,4,5,7,1,1,5,4,5,2,17,1,57,2,9,1,4,7,9,1,10,1,14,,44,30,1,22,9,121.5332962,25.0548493
111,9,16,21,31,2,10文山區,文山區木柵路1段燈桿G10508105074號,0,0,2,1,C03,8,3,5,50,11,9,1,5,4,5,7,4,4,5,5,5,2,20,1,31,2,9,3,4,7,9,1,10,2,12,,42,42,1,22,9,121.5430807,24.98844548
111,9,16,21,31,2,10文山區,文山區木柵路1段燈桿G10508105074號,0,0,2,3,H02,8,3,5,50,11,9,1,5,4,5,7,4,4,5,5,5,2,20,1,28,2,9,3,5,7,20,8,20,10,16,,67,42,1,22,9,121.5430807,24.98844548
111,9,16,21,31,2,10文山區,文山區木柵路1段燈桿G10508105074號,0,0,2,2,,8,3,5,50,11,9,1,5,4,5,7,4,4,5,5,5,2,20,3,,,,,,,,,,,,,67,42,1,,,121.5430807,24.98844548
111,9,16,21,50,2,05中正區,中正區羅斯福路2段200-1號,0,0,2,1,C03,8,3,5,50,14,9,1,5,4,5,7,4,4,10,4,5,2,13,2,41,2,9,1,1,7,9,1,10,2,11,,16,16,1,22,9,121.523952,25.0248389
111,9,16,21,50,2,05中正區,中正區羅斯福路2段200-1號,0,0,2,2,C03,8,3,5,50,14,9,1,5,4,5,7,4,4,10,4,5,2,13,2,23,2,9,1,1,7,9,1,10,2,11,13,16,16,1,22,9,121.523952,25.0248389
111,9,16,21,50,2,05中正區,中正區羅斯福路2段200-1號,0,0,2,3,C04,8,3,5,50,14,9,1,5,4,5,7,4,4,10,4,5,2,13,1,23,3,10,1,1,7,9,1,10,2,13,,44,16,1,22,9,121.523952,25.0248389
111,9,16,21,52,2,08士林區,士林區仰德大道1段16號,0,0,1,1,C03,8,3,5,40,14,9,1,5,3,5,7,4,4,8,5,5,1,17,1,18,2,9,1,1,7,9,1,10,1,14,,13,13,1,22,9,121.5378111,25.1012357
111,9,16,21,52,2,08士林區,士林區仰德大道1段16號,0,0,1,2,C03,8,3,5,40,14,9,1,5,3,5,7,4,4,8,5,5,1,17,2,36,3,10,3,1,7,13,1,10,11,13,,38,13,1,22,9,121.5378111,25.1012357
111,9,16,21,52,2,08士林區,士林區仰德大道1段16號,0,0,1,3,C03,8,3,5,40,14,9,1,5,3,5,7,4,4,8,5,5,1,17,1,21,3,10,3,1,7,13,1,10,9,12,,38,13,1,22,9,121.5378111,25.1012357
111,9,16,21,52,2,08士林區,士林區仰德大道1段16號,0,0,1,4,C03,8,3,5,40,14,9,1,5,3,5,7,4,4,8,5,5,1,17,1,36,3,10,3,1,7,13,1,10,9,14,,38,13,1,22,9,121.5378111,25.1012357
111,9,16,21,52,2,08士林區,士林區仰德大道1段16號,0,0,1,5,,8,3,5,40,14,9,1,5,3,5,7,4,4,8,5,5,1,17,3,,,,,,,,,,,,,61,13,1,,,121.5378111,25.1012357
111,9,16,22,33,2,08士林區,士林區中正路與承德路4段口,0,0,3,1,C03,8,3,5,0,14,8,1,5,4,5,7,4,4,1,4,5,2,12,1,30,2,8,1,1,7,9,1,10,2,13,,42,42,1,22,9,121.5160883,25.09091374
111,9,16,22,33,2,08士林區,士林區中正路與承德路4段口,0,0,3,2,C03,8,3,5,0,14,8,1,5,4,5,7,4,4,1,4,5,2,12,1,61,2,8,1,1,7,9,1,10,2,11,,23,42,1,22,9,121.5160883,25.09091374
111,9,16,22,33,2,08士林區,士林區中正路與承德路4段口,0,0,3,3,C03,8,3,5,0,14,8,1,5,4,5,7,4,4,1,4,5,2,12,2,60,2,7,1,1,7,9,1,10,2,11,,23,42,1,22,9,121.5160883,25.09091374
111,9,16,22,56,2,03中山區,中山區中山北路4段往南、圓山涵洞前機慢車專用道,0,0,1,1,C03,8,3,5,40,14,11,1,5,4,5,7,1,1,1,5,5,1,13,1,30,2,9,1,4,7,9,1,10,1,11,,23,23,1,22,9,121.5250631,25.07705441
111,9,16,22,56,2,03中山區,中山區中山北路4段往南、圓山涵洞前機慢車專用道,0,0,1,2,C03,8,3,5,40,14,11,1,5,4,5,7,1,1,1,5,5,1,13,1,36,3,10,1,4,7,9,1,10,1,13,,44,23,1,22,9,121.5250631,25.07705441
111,9,16,22,56,2,03中山區,中山區中山北路4段往南、圓山涵洞前機慢車專用道,0,0,1,3,B03,8,3,5,40,14,11,1,5,4,5,7,1,1,1,5,5,1,13,2,56,3,10,3,4,7,9,1,8,9,15,,25,23,1,22,9,121.5250631,25.07705441
111,9,16,23,21,2,02萬華區,萬華區成都路30號,0,0,2,1,H01,7,3,5,50,14,9,1,5,4,5,7,4,4,10,4,5,1,9,2,22,2,9,4,5,8,16,8,20,10,16,,51,51,1,22,9,121.5063447,25.0426864
111,9,16,23,21,2,02萬華區,萬華區成都路30號,0,0,2,2,C03,7,3,5,50,14,9,1,5,4,5,7,4,4,10,4,5,1,9,2,20,2,9,3,4,7,9,1,10,2,11,,44,51,1,22,9,121.5063447,25.0426864
111,9,17,0,30,2,03中山區,中山區長安東路1段53巷與林森北路85巷口,0,0,2,1,C03,8,3,5,30,4,1,1,5,4,5,7,4,4,10,5,5,2,15,1,39,2,9,1,4,7,9,1,10,2,11,,6,6,1,22,9,121.5265469,25.0494308
111,9,17,0,30,2,03中山區,中山區長安東路1段53巷與林森北路85巷口,0,0,2,2,C01,8,3,5,30,4,1,1,5,4,5,7,4,4,10,5,5,2,15,1,36,2,9,1,4,7,9,1,9,2,12,,13,6,1,22,9,121.5265469,25.0494308
111,9,17,0,30,2,03中山區,中山區長安東路1段53巷與林森北路85巷口,0,0,2,3,C03,8,3,5,30,4,1,1,5,4,5,7,4,4,10,5,5,2,15,1,47,3,10,3,4,7,13,3,18,11,13,,44,6,1,22,9,121.5265469,25.0494308
111,9,17,0,30,2,03中山區,中山區長安東路1段53巷與林森北路85巷口,0,0,2,4,C03,8,3,5,30,4,1,1,5,4,5,7,4,4,10,5,5,2,15,1,47,3,10,3,4,7,13,1,10,11,14,,44,6,1,22,9,121.5265469,25.0494308
111,9,17,1,27,2,04大安區,大安區和平東路2段134-18號前人行道,0,0,1,1,F01,8,4,5,0,15,20,1,5,4,5,4,4,4,10,5,5,2,18,1,30,2,9,1,1,7,21,8,20,8,16,,21,21,1,22,9,121.5454803,25.0246142
111,9,17,1,27,2,04大安區,大安區和平東路2段134-18號前人行道,0,0,1,2,,8,4,5,0,15,20,1,5,4,5,4,4,4,10,5,5,2,18,3,,,,,,,,,,,,,67,21,1,,,121.5454803,25.0246142
111,9,17,1,30,2,09北投區,北投區光明路2巷與大興街口,0,0,1,1,B03,8,3,5,50,14,9,4,5,4,5,7,4,4,9,4,5,2,3,1,56,3,10,1,1,7,9,1,8,1,2,,23,23,1,22,9,121.499384,25.130357
111,9,17,1,30,2,09北投區,北投區光明路2巷與大興街口,0,0,1,2,H01,8,3,5,50,14,9,4,5,4,5,7,4,4,9,4,5,2,3,1,34,2,9,4,1,8,18,8,20,10,16,,51,23,1,22,9,121.499384,25.130357
111,9,17,5,0,2,09北投區,北投區承德路7段與大業路口,0,0,1,1,C03,8,1,5,60,5,2,1,5,4,5,7,1,1,9,4,5,1,11,1,27,2,8,1,1,7,5,1,10,2,11,,43,43,1,22,9,121.4999107,25.12095664
111,9,17,5,0,2,09北投區,北投區承德路7段與大業路口,0,0,1,2,B03,8,1,5,60,5,2,1,5,4,5,7,1,1,9,4,5,1,11,1,36,3,10,1,1,7,9,1,8,2,7,,43,43,1,22,9,121.4999107,25.12095664
111,9,17,6,17,2,06松山區,松山區東興路與八德路4段口,0,0,1,1,B03,8,1,5,50,4,1,1,5,4,5,7,1,1,5,4,5,2,16,1,25,3,10,1,1,7,6,1,8,1,2,,9,9,1,22,9,121.5655285,25.04895311
111,9,17,6,17,2,06松山區,松山區東興路與八德路4段口,0,0,1,2,C03,8,1,5,50,4,1,1,5,4,5,7,1,1,5,4,5,2,16,1,40,2,9,1,1,7,9,1,10,1,11,,44,9,1,22,9,121.5655285,25.04895311
111,9,17,6,34,2,02萬華區,萬華區康定路與桂林路口,0,0,3,1,C03,7,1,5,50,4,1,1,5,4,5,7,1,1,9,4,4,1,13,1,71,2,9,1,1,7,9,1,10,2,11,,23,23,1,22,9,121.5018009,25.03825551
111,9,17,6,34,2,02萬華區,萬華區康定路與桂林路口,0,0,3,2,C03,7,1,5,50,4,1,1,5,4,5,7,1,1,9,4,4,1,13,2,44,2,9,1,1,7,12,1,10,2,14,,44,23,1,22,9,121.5018009,25.03825551
111,9,17,6,34,2,02萬華區,萬華區康定路與桂林路口,0,0,3,3,C03,7,1,5,50,4,1,1,5,4,5,7,1,1,9,4,4,1,13,1,45,2,9,1,1,7,12,1,10,2,13,,44,23,1,22,9,121.5018009,25.03825551
111,9,17,8,20,2,02萬華區,萬華區桂林路與華西街29巷1弄口,0,0,1,1,C03,8,1,5,40,4,1,1,5,4,5,7,1,1,9,4,4,2,12,1,65,2,9,1,1,7,1,1,10,2,14,,19,19,1,22,9,121.4991567,25.03850924
111,9,17,8,20,2,02萬華區,萬華區桂林路與華西街29巷1弄口,0,0,1,2,C03,8,1,5,40,4,1,1,5,4,5,7,1,1,9,4,4,2,12,1,70,3,10,1,1,7,9,1,10,2,12,,44,19,1,22,9,121.4991567,25.03850924
111,9,17,8,20,2,02萬華區,萬華區西園路2段與莒光路口,0,0,1,1,B03,7,1,5,50,3,1,1,5,4,5,7,1,1,1,4,5,2,12,1,42,3,10,1,1,7,11,1,8,1,8,,10,10,1,22,9,121.497077,25.03108936
111,9,17,8,20,2,02萬華區,萬華區西園路2段與莒光路口,0,0,1,2,C03,7,1,5,50,3,1,1,5,4,5,7,1,1,1,4,5,2,12,1,42,2,8,1,1,7,7,1,10,1,12,,23,10,1,22,9,121.497077,25.03108936
111,9,17,8,24,2,11南港區,南港區興中路與重陽路口,0,0,2,1,B03,8,1,5,50,4,1,1,5,4,5,7,2,1,5,5,4,2,16,1,35,3,10,3,4,7,6,1,8,2,5,,9,9,1,22,9,121.606574,25.05806571
111,9,17,8,24,2,11南港區,南港區興中路與重陽路口,0,0,2,2,C03,8,1,5,50,4,1,1,5,4,5,7,2,1,5,5,4,2,16,2,44,2,9,1,1,7,9,1,10,1,14,,44,9,1,22,9,121.606574,25.05806571
111,9,17,8,24,2,11南港區,南港區興中路與重陽路口,0,0,2,3,H02,8,1,5,50,4,1,1,5,4,5,7,2,1,5,5,4,2,16,2,8,2,9,4,5,7,20,8,20,10,16,,67,9,1,22,9,121.606574,25.05806571
111,9,17,8,35,2,01大同區,大同區民族西路225巷與迪化街2段191巷口,0,0,1,1,C03,8,1,5,30,3,2,1,5,4,5,7,4,4,10,5,5,2,16,1,83,2,9,1,1,7,5,1,10,2,14,,8,8,1,22,9,121.5122672,25.06913098
111,9,17,8,35,2,01大同區,大同區民族西路225巷與迪化街2段191巷口,0,0,1,2,C03,8,1,5,30,3,2,1,5,4,5,7,4,4,10,5,5,2,16,1,37,3,10,1,1,7,9,1,10,2,12,,44,8,1,22,9,121.5122672,25.06913098
111,9,17,8,54,2,05中正區,中正區金門街與晉江街口口,0,0,1,1,F01,8,1,5,30,4,1,1,5,4,5,7,4,4,10,5,5,1,15,1,22,2,9,1,1,7,9,8,20,2,16,,6,6,1,22,9,121.5245257,25.02294107
111,9,17,8,54,2,05中正區,中正區金門街與晉江街口口,0,0,1,2,B03,8,1,5,30,4,1,1,5,4,5,7,4,4,10,5,5,1,15,1,50,3,10,1,1,7,9,1,8,2,1,,23,6,1,22,9,121.5245257,25.02294107
111,9,17,9,10,2,03中山區,中山區中山北路3段與北安路口圓山機車專用道,0,0,1,1,C03,8,1,5,50,11,11,1,5,4,5,7,4,4,1,4,5,2,17,1,33,2,9,1,1,7,9,1,10,1,14,,13,13,1,22,9,121.5258633,25.07432878
111,9,17,9,10,2,03中山區,中山區中山北路3段與北安路口圓山機車專用道,0,0,1,2,C03,8,1,5,50,11,11,1,5,4,5,7,4,4,1,4,5,2,17,1,36,3,10,1,1,7,7,1,10,1,15,,7,13,1,22,9,121.5258633,25.07432878
111,9,17,9,15,2,05中正區,中正區愛國西路與南昌路1段口,0,0,1,1,B03,8,1,5,50,4,1,1,5,4,5,7,1,1,1,4,1,2,16,1,53,3,10,1,1,7,6,1,8,1,2,,6,6,1,22,9,121.5146552,25.03479449