發生年度,發生月,發生日,發生時-Hours,發生分,處理別-編號,區序,肇事地點,死亡人數,2-30日死亡人數,受傷人數,當事人序號,車種,天候,光線,道路類別,速限-速度限制,道路型態,事故位置,路面狀況1,路面狀況2,路面狀況3,道路障礙1,道路障礙2,號誌1,號誌2,車道劃分-分向,車道劃分-分道1,車道劃分-分道2,車道劃分-分道3,事故類型及型態,性別,年齡,受傷程度,主要傷處,安全帽,行動電話,車輛用途,當事者行動狀態,駕駛資格情形,駕駛執照種類,飲酒情形,車輛撞擊部位1,車輛撞擊部位2,肇因碼-個別,肇因碼-主要,個人肇逃否,職業,旅次目的,座標-X,座標-Y
111,9,17,9,15,2,05中正區,中正區愛國西路與南昌路1段口,0,0,1,2,C03,8,1,5,50,4,1,1,5,4,5,7,1,1,1,4,1,2,16,1,21,2,9,1,1,7,9,1,10,1,14,,44,6,1,22,9,121.5146552,25.03479449
111,9,17,9,55,2,12內湖區,內湖區內湖路2段103巷與麗山街37巷口口,0,0,3,1,F01,8,1,5,50,3,2,1,5,4,5,7,4,4,5,5,5,2,12,1,70,2,9,1,1,7,5,8,20,1,16,,8,8,1,22,9,121.5820632,25.08075112
111,9,17,9,55,2,12內湖區,內湖區內湖路2段103巷與麗山街37巷口口,0,0,3,2,C03,8,1,5,50,3,2,1,5,4,5,7,4,4,5,5,5,2,12,2,44,2,9,1,1,7,9,1,10,1,11,,23,8,1,22,9,121.5820632,25.08075112
111,9,17,9,55,2,12內湖區,內湖區內湖路2段103巷與麗山街37巷口口,0,0,3,3,H02,8,1,5,50,3,2,1,5,4,5,7,4,4,5,5,5,2,12,1,15,2,9,4,5,7,21,8,20,10,16,,67,8,1,22,9,121.5820632,25.08075112
111,9,17,10,0,2,06松山區,松山區三民路與三民路3巷口,0,0,1,1,C04,8,1,5,30,4,1,1,5,4,5,7,3,1,5,4,4,2,15,1,20,2,7,1,1,7,9,1,10,1,11,,6,6,1,22,9,121.5638348,25.0520123
111,9,17,10,0,2,06松山區,松山區三民路與三民路3巷口,0,0,1,2,B03,8,1,5,30,4,1,1,5,4,5,7,3,1,5,4,4,2,15,1,39,3,10,1,1,7,9,1,8,1,8,,44,6,1,22,9,121.5638348,25.0520123
111,9,17,10,16,2,04大安區,大安區辛亥路3段304號對面,0,0,1,1,C03,8,1,5,50,14,9,1,5,4,5,7,4,4,1,4,5,2,13,2,46,2,9,3,4,7,9,1,10,2,11,,16,16,1,22,9,121.5524676,25.01480084
111,9,17,10,16,2,04大安區,大安區辛亥路3段304號對面,0,0,1,2,B03,8,1,5,50,14,9,1,5,4,5,7,4,4,1,4,5,2,13,1,32,3,10,3,4,7,12,1,8,2,6,,44,16,1,22,9,121.5524676,25.01480084
111,9,17,10,28,2,09北投區,北投區北投路1段與大興街口,0,0,2,1,C03,8,1,5,50,4,1,1,5,4,5,7,2,1,5,4,4,2,10,2,55,2,9,1,1,7,1,1,10,2,11,,19,19,1,22,9,121.4996609,25.1302325
111,9,17,10,28,2,09北投區,北投區北投路1段與大興街口,0,0,2,2,C03,8,1,5,50,4,1,1,5,4,5,7,2,1,5,4,4,2,10,1,36,2,9,1,3,7,9,1,10,2,11,,13,19,1,22,9,121.4996609,25.1302325
111,9,17,10,34,2,03中山區,中山區通北街國防部6號門,0,0,1,1,B03,8,1,5,50,11,9,1,5,4,5,7,4,4,5,5,5,2,16,1,60,3,10,3,4,7,3,1,8,1,8,,18,18,1,22,9,121.5409441,25.08233816
111,9,17,10,34,2,03中山區,中山區通北街國防部6號門,0,0,1,2,C03,8,1,5,50,11,9,1,5,4,5,7,4,4,5,5,5,2,16,1,45,2,9,1,1,7,5,1,10,1,12,,44,18,1,22,9,121.5409441,25.08233816
111,9,17,10,45,2,03中山區,中山區建國北路3段與農安街口,0,0,1,1,C03,8,1,5,50,4,1,1,5,4,5,7,1,1,1,4,5,2,16,1,21,4,11,3,4,7,15,7,19,11,15,,23,23,2,22,9,121.5365931,25.06483541
111,9,17,10,45,2,03中山區,中山區建國北路3段與農安街口,0,0,1,2,C03,8,1,5,50,4,1,1,5,4,5,7,1,1,1,4,5,2,16,2,24,2,9,1,1,7,14,1,10,11,13,,44,23,1,22,9,121.5365931,25.06483541
111,9,17,10,58,2,12內湖區,內湖區江南街與瑞光路口,0,0,1,1,B01,8,1,5,50,3,2,1,5,4,5,7,3,1,5,5,5,2,17,1,56,3,10,1,1,7,5,1,8,1,5,,6,6,1,22,9,121.5754046,25.07608198
111,9,17,10,58,2,12內湖區,內湖區江南街與瑞光路口,0,0,1,2,C03,8,1,5,50,3,2,1,5,4,5,7,3,1,5,5,5,2,17,1,57,2,9,1,1,7,9,6,18,1,11,,44,6,1,22,9,121.5754046,25.07608198
111,9,17,11,2,2,08士林區,士林區福華路與福華路165巷口,0,0,1,1,C03,8,1,5,0,3,2,1,5,4,5,7,4,4,10,5,5,2,16,2,49,2,9,1,1,7,7,1,10,1,14,,7,7,1,22,9,121.5220853,25.1040921
111,9,17,11,2,2,08士林區,士林區福華路與福華路165巷口,0,0,1,2,B03,8,1,5,0,3,2,1,5,4,5,7,4,4,10,5,5,2,16,1,28,3,10,1,1,7,9,1,8,1,2,,44,7,1,22,9,121.5220853,25.1040921
111,9,17,11,13,2,04大安區,大安區市民大道4段68巷與大安路1段19巷口,0,0,1,1,C03,8,1,5,30,4,2,1,5,4,5,7,4,4,10,5,5,2,15,1,28,3,10,1,1,7,9,1,10,1,11,,6,6,1,22,9,121.5472725,25.044451
111,9,17,11,13,2,04大安區,大安區市民大道4段68巷與大安路1段19巷口,0,0,1,2,C03,8,1,5,30,4,2,1,5,4,5,7,4,4,10,5,5,2,15,2,34,2,8,1,1,7,9,1,10,1,14,,44,6,1,22,9,121.5472725,25.044451
111,9,17,11,39,2,06松山區,松山區南京東路5段289號,0,0,1,1,C03,8,1,5,50,14,9,1,5,4,5,7,1,1,1,4,5,2,13,1,22,2,8,3,4,7,9,1,10,1,11,,16,16,1,22,9,121.5660592,25.0514382
111,9,17,11,39,2,06松山區,松山區南京東路5段289號,0,0,1,2,C03,8,1,5,50,14,9,1,5,4,5,7,1,1,1,4,5,2,13,1,29,3,10,3,4,7,9,1,10,1,13,,44,16,1,22,9,121.5660592,25.0514382
111,9,17,11,45,2,04大安區,大安區市民大道4段與光復南路口,0,0,1,1,B01,8,1,5,40,5,1,1,5,4,5,7,2,1,4,4,5,2,17,1,52,3,10,1,1,7,8,1,4,2,15,,26,26,1,22,9,121.5578955,25.04498
111,9,17,11,45,2,04大安區,大安區市民大道4段與光復南路口,0,0,1,2,B03,8,1,5,40,5,1,1,5,4,5,7,2,1,4,4,5,2,17,1,37,3,10,1,1,7,9,1,8,2,2,,26,26,1,22,9,121.5578955,25.04498
111,9,17,11,45,2,04大安區,大安區市民大道4段與光復南路口,0,0,1,3,C03,8,1,5,40,5,1,1,5,4,5,7,2,1,4,4,5,2,17,1,52,2,9,1,1,7,9,1,10,2,14,,26,26,1,22,9,121.5578955,25.04498
111,9,17,11,50,2,11南港區,南港區南港路2段與南港路2段178巷口,0,0,1,1,B03,8,1,5,50,4,1,1,5,4,5,6,2,1,5,2,4,2,17,1,35,3,10,1,4,7,5,1,8,2,8,,6,6,1,22,9,121.599703,25.05341684
111,9,17,11,50,2,11南港區,南港區南港路2段與南港路2段178巷口,0,0,1,2,C03,8,1,5,50,4,1,1,5,4,5,6,2,1,5,2,4,2,17,2,53,2,9,1,4,7,9,1,10,11,11,,44,6,1,22,9,121.599703,25.05341684
111,9,17,12,18,2,10文山區,文山區興順街181號,0,0,1,1,B03,8,1,5,30,3,1,1,5,4,5,7,4,4,10,5,5,2,16,1,69,3,10,1,1,7,5,1,8,1,8,,6,6,1,22,9,121.5460644,25.00167465
111,9,17,12,18,2,10文山區,文山區興順街181號,0,0,1,2,C03,8,1,5,30,3,1,1,5,4,5,7,4,4,10,5,5,2,16,1,34,2,9,1,1,7,9,1,10,1,11,,13,6,1,22,9,121.5460644,25.00167465
111,9,17,12,24,2,08士林區,士林區大東路與文林路口,0,0,2,1,C03,8,1,5,50,3,1,1,5,4,5,1,4,4,5,5,5,2,17,1,71,2,9,1,4,7,5,1,10,1,14,,6,6,1,22,9,121.5250439,25.09359854
111,9,17,12,24,2,08士林區,士林區大東路與文林路口,0,0,2,2,C03,8,1,5,50,3,1,1,5,4,5,1,4,4,5,5,5,2,17,2,23,2,7,1,4,7,9,1,10,1,14,,44,6,1,22,9,121.5250439,25.09359854
111,9,17,12,25,2,10文山區,文山區木柵路1段320號對面,0,0,1,1,C03,8,1,5,50,14,9,2,5,4,5,7,4,4,5,4,5,2,17,2,64,2,9,1,4,7,15,1,10,2,14,,44,44,1,22,9,121.5573129,24.98862992
111,9,17,12,25,2,10文山區,文山區木柵路1段320號對面,0,0,1,2,B03,8,1,5,50,14,9,2,5,4,5,7,4,4,5,4,5,2,17,1,42,3,10,3,4,7,9,1,8,2,5,,23,44,1,22,9,121.5573129,24.98862992
111,9,17,12,25,2,10文山區,文山區木柵路1段320號對面,0,0,1,3,A02,8,1,5,50,14,9,2,5,4,5,7,4,4,5,4,5,2,17,1,42,3,10,3,4,7,1,1,2,2,15,,19,44,1,22,9,121.5573129,24.98862992
111,9,17,12,32,2,03中山區,中山區吉林路與德惠街口,0,0,1,1,C03,8,1,5,50,4,1,1,5,4,5,7,2,1,5,4,5,2,16,1,49,2,7,1,1,7,4,6,18,1,12,,4,4,1,22,9,121.5304162,25.0665353
111,9,17,12,32,2,03中山區,中山區吉林路與德惠街口,0,0,1,2,B03,8,1,5,50,4,1,1,5,4,5,7,2,1,5,4,5,2,16,1,24,3,10,3,4,7,5,1,8,1,4,,44,4,1,22,9,121.5304162,25.0665353
111,9,17,12,36,2,04大安區,大安區仁愛路4段與敦化南路1段口,0,0,1,1,B03,8,1,5,50,4,2,1,5,4,5,7,2,1,8,3,4,1,16,1,41,3,10,1,1,7,9,1,8,1,2,,44,44,1,22,9,121.5496982,25.03765456
111,9,17,12,36,2,04大安區,大安區仁愛路4段與敦化南路1段口,0,0,1,2,C03,8,1,5,50,4,2,1,5,4,5,7,2,1,8,3,4,1,16,2,53,2,1,1,1,7,6,1,10,1,11,,6,44,1,22,9,121.5496982,25.03765456
111,9,17,12,36,1,10文山區,文山區木柵路5段76號燈桿旁,1,0,0,1,A12,8,1,5,40,11,9,1,5,4,5,7,4,4,2,4,5,2,17,1,46,3,10,3,4,7,8,1,3,2,6,,7,7,1,22,9,121.5939728,24.99828017
111,9,17,12,36,1,10文山區,文山區木柵路5段76號燈桿旁,1,0,0,2,C03,8,1,5,40,11,9,1,5,4,5,7,4,4,2,4,5,2,17,2,57,1,9,1,1,7,9,1,10,2,13,,44,7,1,22,9,121.5939728,24.99828017
111,9,17,12,41,2,03中山區,中山區民生東路1段與林森北路口,0,0,1,1,C03,8,1,5,50,4,2,1,5,4,5,7,1,1,4,3,5,1,12,2,53,2,7,1,1,7,8,1,10,1,12,,7,7,1,22,9,121.5255596,25.05801114
111,9,17,12,41,2,03中山區,中山區民生東路1段與林森北路口,0,0,1,2,C03,8,1,5,50,4,2,1,5,4,5,7,1,1,4,3,5,1,12,2,41,3,10,1,1,7,7,1,10,1,14,,7,7,1,22,9,121.5255596,25.05801114
111,9,17,12,50,2,10文山區,文山區木新路3段236號,0,0,1,1,B03,8,1,5,50,14,9,1,5,4,5,7,1,1,4,4,5,2,12,1,46,3,10,1,1,7,8,1,8,1,5,,43,43,1,22,9,121.55912,24.9813764
111,9,17,12,50,2,10文山區,文山區木新路3段236號,0,0,1,2,C03,8,1,5,50,14,9,1,5,4,5,7,1,1,4,4,5,2,12,1,30,2,9,1,1,7,9,1,10,1,14,,43,43,1,22,9,121.55912,24.9813764
111,9,17,13,24,2,06松山區,松山區敦化北路與八德路2段口,0,0,1,1,B03,8,1,5,50,5,2,1,5,4,5,7,2,1,1,4,1,2,13,2,47,3,10,1,1,7,6,1,8,1,15,,9,9,1,22,9,121.548696,25.0481951
111,9,17,13,24,2,06松山區,松山區敦化北路與八德路2段口,0,0,1,2,C03,8,1,5,50,5,2,1,5,4,5,7,2,1,1,4,1,2,13,1,29,2,9,1,1,7,9,1,10,1,11,,42,9,1,22,9,121.548696,25.0481951
111,9,17,13,24,2,06松山區,松山區敦化北路與八德路2段口,0,0,1,3,C03,8,1,5,50,5,2,1,5,4,5,7,2,1,1,4,1,2,13,1,33,3,10,1,1,7,9,1,10,1,13,,44,9,1,22,9,121.548696,25.0481951
111,9,17,13,36,2,05中正區,中正區牯嶺街與廈門街81巷口,0,0,1,2,C04,8,1,5,30,4,1,1,5,4,5,7,3,1,10,5,5,2,15,1,28,2,9,1,1,7,9,1,10,2,14,,14,6,1,22,9,121.5190318,25.02440945
111,9,17,13,36,2,05中正區,中正區牯嶺街與廈門街81巷口,0,0,1,3,H02,8,1,5,30,4,1,1,5,4,5,7,3,1,10,5,5,2,15,2,23,4,11,4,5,7,20,8,20,10,16,,67,6,1,22,9,121.5190318,25.02440945
111,9,17,13,36,2,05中正區,中正區牯嶺街與廈門街81巷口,0,0,1,1,B01,8,1,5,30,4,1,1,5,4,5,7,3,1,10,5,5,2,15,1,64,3,10,1,1,7,9,1,4,2,5,,6,6,1,22,9,121.5190318,25.02440945
111,9,17,14,9,2,02萬華區,萬華區興義街與西園路2段320巷口口,0,0,1,1,C03,8,1,5,30,4,1,1,5,4,5,7,4,4,10,5,5,2,15,2,20,2,9,1,4,7,9,1,10,1,11,,26,26,1,22,9,121.491786,25.02668899
111,9,17,14,9,2,02萬華區,萬華區興義街與西園路2段320巷口口,0,0,1,2,B03,8,1,5,30,4,1,1,5,4,5,7,4,4,10,5,5,2,15,1,63,3,10,3,4,7,9,1,8,1,8,,14,26,1,22,9,121.491786,25.02668899
111,9,17,14,19,2,06松山區,松山區八德路2段與復興南路1段口,0,0,1,1,C03,8,1,5,50,4,1,1,5,4,5,7,2,1,1,4,5,2,16,1,27,3,10,1,4,7,6,1,10,1,12,,9,9,1,22,9,121.5440348,25.04758284
111,9,17,14,19,2,06松山區,松山區八德路2段與復興南路1段口,0,0,1,2,C03,8,1,5,50,4,1,1,5,4,5,7,2,1,1,4,5,2,16,2,25,2,9,1,4,7,9,1,10,1,14,,44,9,1,22,9,121.5440348,25.04758284
111,9,17,14,26,2,01大同區,大同區民權西路270號,0,0,1,2,C03,8,1,5,50,14,9,1,5,4,5,7,4,4,1,4,5,2,17,1,31,2,8,1,4,7,9,1,10,1,12,,44,7,1,22,9,121.5119092,25.0628136
111,9,17,14,26,2,01大同區,大同區民權西路270號,0,0,1,1,C03,8,1,5,50,14,9,1,5,4,5,7,4,4,1,4,5,2,17,1,38,3,10,1,4,7,8,1,10,1,13,,7,7,1,22,9,121.5119092,25.0628136
111,9,17,14,30,2,09北投區,北投區新市街35號,0,0,1,1,B12,8,1,5,30,14,9,1,5,4,5,7,4,4,10,5,5,1,12,1,49,3,10,1,1,7,14,1,8,1,8,,40,40,1,22,9,121.5019992,25.13192949
111,9,17,14,30,2,09北投區,北投區新市街35號,0,0,1,2,C03,8,1,5,30,14,9,1,5,4,5,7,4,4,10,5,5,1,12,2,54,2,9,1,1,7,9,1,10,1,12,,44,40,1,22,9,121.5019992,25.13192949
111,9,17,14,33,2,04大安區,大安區信義路4段與敦化南路2段口,0,0,1,1,B03,8,1,5,50,4,1,1,5,4,5,7,2,1,5,4,5,2,12,1,62,4,11,3,4,7,6,7,19,11,15,,9,9,2,22,9,121.5486029,25.03300804
111,9,17,14,33,2,04大安區,大安區信義路4段與敦化南路2段口,0,0,1,2,C04,8,1,5,50,4,1,1,5,4,5,7,2,1,5,4,5,2,12,2,20,2,9,1,1,7,9,1,10,1,14,,44,9,1,22,9,121.5486029,25.03300804
111,9,17,14,35,2,12內湖區,內湖區瑞光路235巷與瑞光路口,0,0,1,1,B03,8,1,5,30,4,1,1,5,4,5,7,1,1,5,4,5,2,3,1,60,3,10,1,1,7,5,1,8,1,1,,15,15,1,22,9,121.5781138,25.07443633
111,9,17,14,35,2,12內湖區,內湖區瑞光路235巷與瑞光路口,0,0,1,2,H01,8,1,5,30,4,1,1,5,4,5,7,1,1,5,4,5,2,3,2,27,2,7,4,1,8,16,8,20,10,16,,67,15,1,22,9,121.5781138,25.07443633
111,9,17,14,40,2,09北投區,北投區尊賢街218巷7號與尊賢街218巷口,0,0,2,1,C03,8,1,5,30,4,1,1,5,4,5,7,4,4,10,5,5,2,15,1,23,2,9,1,1,7,9,1,10,1,11,,6,6,1,22,9,121.5084565,25.11574306
111,9,17,14,40,2,09北投區,北投區尊賢街218巷7號與尊賢街218巷口,0,0,2,2,C03,8,1,5,30,4,1,1,5,4,5,7,4,4,10,5,5,2,15,1,55,2,3,1,1,7,9,1,10,1,11,,44,6,1,22,9,121.5084565,25.11574306
111,9,17,14,43,2,05中正區,中正區桃源街2號,0,0,1,1,A12,8,1,5,50,14,9,1,5,4,5,7,4,4,9,4,5,2,12,1,57,3,10,1,1,7,9,1,3,2,2,,23,23,1,22,9,121.5104904,25.0419519
111,9,17,14,43,2,05中正區,中正區桃源街2號,0,0,1,2,B12,8,1,5,50,14,9,1,5,4,5,7,4,4,9,4,5,2,12,1,42,3,10,1,1,7,14,1,8,2,7,,38,23,1,22,9,121.5104904,25.0419519
111,9,17,14,43,2,05中正區,中正區桃源街2號,0,0,1,3,H02,8,1,5,50,14,9,1,5,4,5,7,4,4,9,4,5,2,12,2,48,2,8,4,5,7,20,8,20,10,16,,67,23,1,22,9,121.5104904,25.0419519
111,9,17,14,48,2,09北投區,北投區竹子湖路(近翠林橋處),0,0,1,1,B03,8,1,5,30,11,9,1,5,4,5,1,4,4,10,5,5,1,10,1,46,3,10,1,1,7,15,1,8,1,5,,5,5,1,22,9,121.56676,25.1853416
111,9,17,14,48,2,09北投區,北投區竹子湖路(近翠林橋處),0,0,1,2,C03,8,1,5,30,11,9,1,5,4,5,1,4,4,10,5,5,1,10,2,54,2,9,1,1,7,15,1,9,1,12,,5,5,1,22,9,121.56676,25.1853416
111,9,17,14,48,2,07信義區,信義區信義路5段1號,0,0,1,1,C02,8,1,5,50,14,9,1,5,4,5,7,4,4,9,4,5,2,13,1,55,2,7,1,1,7,9,1,9,1,11,,23,23,1,22,9,121.5606383,25.03306407
111,9,17,14,48,2,07信義區,信義區信義路5段1號,0,0,1,2,B01,8,1,5,50,14,9,1,5,4,5,7,4,4,9,4,5,2,13,1,61,3,10,1,1,7,9,1,4,1,6,,44,23,1,22,9,121.5606383,25.03306407
111,9,17,14,48,2,07信義區,信義區信義路5段1號,0,0,1,3,B03,8,1,5,50,14,9,1,5,4,5,7,4,4,9,4,5,2,13,1,72,3,10,1,1,7,9,1,8,1,1,,23,23,1,22,9,121.5606383,25.03306407
111,9,17,15,36,2,05中正區,中正區廣州街與博愛路口,0,0,1,3,H02,8,1,5,30,4,1,1,5,4,5,7,4,4,5,4,5,2,15,2,38,4,11,1,5,7,20,8,20,10,16,,67,6,1,22,9,121.5106609,25.0349092
111,9,17,15,36,2,05中正區,中正區廣州街與博愛路口,0,0,1,1,C03,8,1,5,30,4,1,1,5,4,5,7,4,4,5,4,5,2,15,2,63,2,9,1,1,7,11,4,8,2,11,,6,6,1,22,9,121.5106609,25.0349092
111,9,17,15,36,2,05中正區,中正區廣州街與博愛路口,0,0,1,2,C03,8,1,5,30,4,1,1,5,4,5,7,4,4,5,4,5,2,15,1,38,3,10,1,1,7,9,1,10,2,12,,44,6,1,22,9,121.5106609,25.0349092
111,9,17,15,55,2,11南港區,南港區南深路深坑往南港方向,0,0,2,1,C03,8,1,8,50,15,22,1,5,4,5,6,4,4,5,4,4,2,17,1,18,2,9,1,4,7,15,1,10,11,11,,23,23,1,22,9,121.6235738,25.0259895
111,9,17,15,55,2,11南港區,南港區南深路深坑往南港方向,0,0,2,2,C03,8,1,8,50,15,22,1,5,4,5,6,4,4,5,4,4,2,17,1,17,2,9,1,4,7,15,2,18,11,13,,14,23,1,22,9,121.6235738,25.0259895
111,9,17,16,8,2,11南港區,南港區忠孝東路6段146號對面,0,0,1,1,C03,8,1,5,50,14,9,1,5,4,5,7,4,4,1,4,5,2,13,1,52,2,8,1,1,7,9,6,10,8,11,,21,21,1,22,9,121.585582,25.04826808
111,9,17,16,8,2,11南港區,南港區忠孝東路6段146號對面,0,0,1,2,B01,8,1,5,50,14,9,1,5,4,5,7,4,4,1,4,5,2,13,1,64,3,10,1,1,7,14,1,4,2,6,,44,21,1,22,9,121.585582,25.04826808
111,9,17,16,20,2,09北投區,北投區大度路1段與承德路7段口,0,0,1,1,B03,8,1,5,50,5,1,1,5,4,5,7,2,1,1,4,4,2,15,1,36,3,10,1,1,7,11,1,8,1,1,,43,43,1,22,9,121.4998632,25.12073813
111,9,17,16,20,2,09北投區,北投區大度路1段與承德路7段口,0,0,1,2,C03,8,1,5,50,5,1,1,5,4,5,7,2,1,1,4,4,2,15,1,19,2,9,1,1,7,9,1,10,1,11,,43,43,1,22,9,121.4998632,25.12073813
111,9,17,16,43,2,03中山區,中山區長安西路15號,0,0,2,1,B03,8,1,5,50,14,9,1,5,4,5,7,4,4,5,5,5,2,16,1,65,3,10,3,4,7,8,1,8,1,2,,7,7,1,22,9,121.5205478,25.0501228
111,9,17,16,43,2,03中山區,中山區長安西路15號,0,0,2,2,C03,8,1,5,50,14,9,1,5,4,5,7,4,4,5,5,5,2,16,1,47,2,9,1,1,7,9,1,10,1,14,,44,7,1,22,9,121.5205478,25.0501228
111,9,17,16,43,2,03中山區,中山區長安西路15號,0,0,2,3,H02,8,1,5,50,14,9,1,5,4,5,7,4,4,5,5,5,2,16,2,28,2,7,4,5,7,17,8,20,10,16,,67,7,1,22,9,121.5205478,25.0501228
111,9,17,17,10,2,07信義區,信義區和平東路3段391巷與和平東路3段435巷口,0,0,1,1,C03,8,1,5,30,4,1,1,5,4,5,7,4,4,10,5,5,2,15,1,19,3,10,3,4,7,9,1,10,1,12,,6,6,1,22,9,121.5595324,25.0208566
111,9,17,17,10,2,07信義區,信義區和平東路3段391巷與和平東路3段435巷口,0,0,1,2,B03,8,1,5,30,4,1,1,5,4,5,7,4,4,10,5,5,2,15,1,50,3,10,3,4,7,9,1,8,1,4,,14,6,1,22,9,121.5595324,25.0208566
111,9,17,17,10,2,07信義區,信義區和平東路3段391巷與和平東路3段435巷口,0,0,1,3,H02,8,1,5,30,4,1,1,5,4,5,7,4,4,10,5,5,2,15,2,19,2,9,3,4,7,20,8,20,10,16,,67,6,1,22,9,121.5595324,25.0208566
111,9,17,17,25,2,12內湖區,內湖區民權東路6段與民權東路6段248巷口,0,0,1,1,B03,8,1,5,50,3,2,1,5,4,5,7,2,1,1,4,5,2,17,2,52,3,10,1,1,7,5,1,8,2,6,,8,8,1,22,9,121.6014256,25.06745795
111,9,17,17,25,2,12內湖區,內湖區民權東路6段與民權東路6段248巷口,0,0,1,2,C03,8,1,5,50,3,2,1,5,4,5,7,2,1,1,4,5,2,17,1,26,2,9,1,1,7,9,1,10,2,11,,26,8,1,22,9,121.6014256,25.06745795
111,9,17,17,47,2,10文山區,文山區木柵路4段與秀明路1段口,0,0,1,1,B03,8,1,5,50,14,9,2,5,4,5,7,1,1,5,4,5,2,17,1,56,3,10,3,4,7,6,1,8,1,2,,9,9,1,22,9,121.571121,24.99171268
111,9,17,17,47,2,10文山區,文山區木柵路4段與秀明路1段口,0,0,1,2,C03,8,1,5,50,14,9,2,5,4,5,7,1,1,5,4,5,2,17,2,24,2,9,1,4,7,9,1,10,1,11,,44,9,1,22,9,121.571121,24.99171268
111,9,17,17,48,2,04大安區,大安區復興南路2段151巷與復興南路2段口,0,0,1,1,C02,8,1,5,50,4,1,1,5,4,5,7,2,1,5,4,5,2,12,1,34,3,10,1,1,7,9,1,9,1,12,,13,13,1,22,9,121.5435759,25.02837222
111,9,17,17,48,2,04大安區,大安區復興南路2段151巷與復興南路2段口,0,0,1,2,C03,8,1,5,50,4,1,1,5,4,5,7,2,1,5,4,5,2,12,1,49,2,9,1,1,7,5,1,9,1,14,,8,13,1,22,9,121.5435759,25.02837222
111,9,17,17,50,2,11南港區,南港區松河街與中坡北路口,0,0,3,1,B03,8,2,5,50,3,1,1,5,4,5,7,4,4,5,5,5,2,16,1,45,3,10,3,4,7,11,6,18,2,8,,10,10,1,22,9,121.5801944,25.0521675
111,9,17,17,50,2,11南港區,南港區松河街與中坡北路口,0,0,3,2,C03,8,2,5,50,3,1,1,5,4,5,7,4,4,5,5,5,2,16,1,66,2,9,1,1,7,9,1,10,2,11,,23,10,1,22,9,121.5801944,25.0521675
111,9,17,17,50,2,11南港區,南港區松河街與中坡北路口,0,0,3,3,H02,8,2,5,50,3,1,1,5,4,5,7,4,4,5,5,5,2,16,2,69,2,9,4,5,7,20,8,20,10,16,,67,10,1,22,9,121.5801944,25.0521675
111,9,17,17,50,2,11南港區,南港區松河街與中坡北路口,0,0,3,4,H01,8,2,5,50,3,1,1,5,4,5,7,4,4,5,5,5,2,16,2,60,2,9,4,5,8,16,8,20,10,16,,67,10,1,22,9,121.5801944,25.0521675
111,9,17,18,0,2,01大同區,大同區酒泉街214號,0,0,1,1,C03,8,2,5,50,14,9,1,5,4,5,7,4,4,4,4,5,2,16,1,69,2,9,3,4,7,10,1,10,2,14,,7,7,1,22,9,121.5106145,25.07212261
111,9,17,18,0,2,01大同區,大同區酒泉街214號,0,0,1,2,B03,8,2,5,50,14,9,1,5,4,5,7,4,4,4,4,5,2,16,1,22,3,10,3,4,7,9,1,8,2,2,,17,7,1,22,9,121.5106145,25.07212261
111,9,17,18,30,2,12內湖區,內湖區東湖路10號,0,0,2,1,C03,8,3,5,50,14,9,1,5,4,5,7,4,4,5,4,5,2,17,1,70,2,9,1,1,7,9,1,10,1,11,,16,16,1,22,9,121.6126829,25.0688574
111,9,17,18,30,2,12內湖區,內湖區東湖路10號,0,0,2,2,C03,8,3,5,50,14,9,1,5,4,5,7,4,4,5,4,5,2,17,2,30,2,9,1,1,7,9,1,10,1,13,,44,16,1,22,9,121.6126829,25.0688574
111,9,17,18,30,2,12內湖區,內湖區東湖路10號,0,0,2,3,C03,8,3,5,50,14,9,1,5,4,5,7,4,4,5,4,5,2,17,1,29,3,10,1,1,7,6,1,10,1,13,,9,16,1,22,9,121.6126829,25.0688574
111,9,17,18,55,2,05中正區,中正區忠孝東路2段134巷與濟南路2段口,0,0,1,2,C03,8,4,5,50,4,1,1,5,4,5,7,4,4,10,5,5,1,16,2,40,2,9,1,1,7,9,1,10,2,11,,44,8,1,22,9,121.5316326,25.0402988
111,9,17,18,55,2,05中正區,中正區忠孝東路2段134巷與濟南路2段口,0,0,1,1,B03,8,4,5,50,4,1,1,5,4,5,7,4,4,10,5,5,1,16,1,38,3,10,1,1,7,5,1,8,2,4,,8,8,1,22,9,121.5316326,25.0402988
111,9,17,19,3,2,03中山區,中山區龍江路與五常街口,0,0,1,1,B03,7,3,5,50,4,2,1,5,4,5,7,2,1,10,5,5,2,3,1,73,3,10,3,4,7,5,1,8,2,8,,15,15,1,22,9,121.540854,25.0642971
111,9,17,19,3,2,03中山區,中山區龍江路與五常街口,0,0,1,2,H01,7,3,5,50,4,2,1,5,4,5,7,2,1,10,5,5,2,3,1,65,2,2,4,5,8,16,8,20,10,16,,67,15,1,22,9,121.540854,25.0642971
111,9,17,19,10,2,07信義區,信義區松壽路與基隆路1段口口,0,0,1,1,B01,7,3,5,50,4,1,1,5,4,5,7,2,1,1,4,5,1,12,1,50,3,10,1,1,7,6,1,8,1,5,,9,9,1,22,9,121.5614414,25.0358609
111,9,17,19,10,2,07信義區,信義區松壽路與基隆路1段口口,0,0,1,2,C03,7,3,5,50,4,1,1,5,4,5,7,2,1,1,4,5,1,12,2,54,2,9,1,1,7,9,1,10,1,14,,26,9,1,22,9,121.5614414,25.0358609