發生年度,發生月,發生日,發生時-Hours,發生分,處理別-編號,區序,肇事地點,死亡人數,2-30日死亡人數,受傷人數,當事人序號,車種,天候,光線,道路類別,速限-速度限制,道路型態,事故位置,路面狀況1,路面狀況2,路面狀況3,道路障礙1,道路障礙2,號誌1,號誌2,車道劃分-分向,車道劃分-分道1,車道劃分-分道2,車道劃分-分道3,事故類型及型態,性別,年齡,受傷程度,主要傷處,安全帽,行動電話,車輛用途,當事者行動狀態,駕駛資格情形,駕駛執照種類,飲酒情形,車輛撞擊部位1,車輛撞擊部位2,肇因碼-個別,肇因碼-主要,個人肇逃否,職業,旅次目的,座標-X,座標-Y
111,9,17,19,25,2,07信義區,信義區基隆路汽機車混合地下道,0,0,2,1,B12,8,3,5,50,7,9,1,5,4,5,7,4,4,7,4,5,2,25,1,32,2,1,1,1,7,9,1,8,2,1,,26,26,1,22,9,121.5615671,25.03625097
111,9,17,19,25,2,07信義區,信義區基隆路汽機車混合地下道,0,0,2,2,,8,3,5,50,7,9,1,5,4,5,7,4,4,7,4,5,2,25,3,,,,,,,,,,,,,67,26,1,,,121.5615671,25.03625097
111,9,17,19,25,2,07信義區,信義區基隆路汽機車混合地下道,0,0,2,3,H02,8,3,5,50,7,9,1,5,4,5,7,4,4,7,4,5,2,25,1,22,2,1,2,1,7,20,8,20,10,16,,60,26,1,22,9,121.5615671,25.03625097
111,9,17,19,28,2,09北投區,北投區泉源路14號,0,0,1,1,C03,8,3,5,50,14,9,1,5,4,5,7,1,1,8,3,5,2,18,1,30,2,7,1,1,7,9,1,10,11,12,,43,43,1,22,9,121.5043243,25.1373766
111,9,17,19,28,2,09北投區,北投區泉源路14號,0,0,1,2,,8,3,5,50,14,9,1,5,4,5,7,1,1,8,3,5,2,18,3,,,,,,,,,,,,,67,43,1,,,121.5043243,25.1373766
111,9,17,19,40,2,03中山區,中山區長春路與吉林路口,0,0,1,1,C03,7,3,5,50,4,1,1,5,4,5,7,1,1,5,4,5,2,16,1,18,3,10,1,4,7,5,1,10,2,12,,8,8,1,22,9,121.5301624,25.05495108
111,9,17,19,40,2,03中山區,中山區長春路與吉林路口,0,0,1,2,C03,7,3,5,50,4,1,1,5,4,5,7,1,1,5,4,5,2,16,1,43,2,9,1,4,7,9,1,10,2,11,,44,8,1,22,9,121.5301624,25.05495108
111,9,17,20,13,2,12內湖區,內湖區康樂街61巷與康樂街85巷口,0,0,2,1,B03,8,3,5,30,4,1,1,5,4,5,7,4,4,10,5,5,2,15,1,27,2,2,1,1,7,9,1,8,1,1,,13,13,1,22,9,121.6194832,25.069542
111,9,17,20,13,2,12內湖區,內湖區康樂街61巷與康樂街85巷口,0,0,2,2,C03,8,3,5,30,4,1,1,5,4,5,7,4,4,10,5,5,2,15,1,54,2,9,1,1,7,9,1,10,1,12,,6,13,1,22,9,121.6194832,25.069542
111,9,17,20,16,2,10文山區,文山區木柵路5段東往西第62車格,0,0,1,1,C03,8,3,5,50,14,9,1,5,4,5,7,4,4,5,2,5,2,17,1,25,2,9,3,4,7,9,1,10,2,11,,23,23,1,21,8,121.5827684,25.00263732
111,9,17,20,16,2,10文山區,文山區木柵路5段東往西第62車格,0,0,1,2,B03,8,3,5,50,14,9,1,5,4,5,7,4,4,5,2,5,2,17,1,47,3,10,3,4,7,13,1,1,9,3,,44,23,1,21,8,121.5827684,25.00263732
111,9,17,20,52,2,04大安區,大安區基隆路2段172號,0,0,1,1,B01,8,3,5,50,14,9,1,5,4,5,7,4,4,1,4,5,2,17,1,41,3,10,1,4,7,8,1,4,2,2,,7,7,1,22,9,121.5543362,25.0260463
111,9,17,20,52,2,04大安區,大安區基隆路2段172號,0,0,1,2,C02,8,3,5,50,14,9,1,5,4,5,7,4,4,1,4,5,2,17,1,41,2,9,1,1,7,9,1,9,2,14,,44,7,1,22,9,121.5543362,25.0260463
111,9,17,20,52,2,07信義區,信義區忠孝東路5段215巷與忠孝東路5段口,0,0,1,1,C03,7,3,5,50,3,1,1,5,4,5,7,2,1,3,4,4,1,16,1,48,2,9,1,1,7,9,1,10,1,11,,23,23,1,22,9,121.5701569,25.0410966
111,9,17,20,52,2,07信義區,信義區忠孝東路5段215巷與忠孝東路5段口,0,0,1,2,B03,7,3,5,50,3,1,1,5,4,5,7,2,1,3,4,4,1,16,1,32,3,10,1,1,7,5,1,8,1,2,,6,23,1,22,9,121.5701569,25.0410966
111,9,17,21,0,2,09北投區,北投區中央北路3段與新興路口,0,0,1,1,C03,8,1,5,50,4,2,1,5,4,5,7,1,1,5,4,5,1,11,1,52,2,9,1,1,7,5,1,10,2,11,,6,6,1,22,9,121.4867949,25.1382747
111,9,17,21,0,2,09北投區,北投區中央北路3段與新興路口,0,0,1,2,B03,8,1,5,50,4,2,1,5,4,5,7,1,1,5,4,5,1,11,1,38,3,10,1,1,7,9,1,8,2,1,,23,6,1,22,9,121.4867949,25.1382747
111,9,17,21,8,2,01大同區,大同區民生西路與迪化街1段口,0,0,2,1,B03,7,3,5,50,4,1,1,5,4,5,7,1,1,5,4,5,2,16,1,32,3,10,1,1,7,5,1,8,1,1,,6,6,1,22,9,121.5098708,25.0630075
111,9,17,21,8,2,01大同區,大同區民生西路與迪化街1段口,0,0,2,2,C03,7,3,5,50,4,1,1,5,4,5,7,1,1,5,4,5,2,16,1,28,2,9,1,1,7,9,1,10,1,11,,44,6,1,22,9,121.5098708,25.0630075
111,9,17,21,8,2,01大同區,大同區民生西路與迪化街1段口,0,0,2,3,H02,7,3,5,50,4,1,1,5,4,5,7,1,1,5,4,5,2,16,2,25,2,9,1,5,7,20,8,20,10,16,,67,6,1,22,9,121.5098708,25.0630075
111,9,17,21,8,2,03中山區,中山區民族東路與松江路口,0,0,1,1,F02,8,3,5,50,4,1,1,5,4,5,7,1,1,1,4,5,2,15,1,60,2,9,1,1,7,9,8,20,8,16,,25,25,1,22,9,121.5330581,25.0683911
111,9,17,21,8,2,03中山區,中山區民族東路與松江路口,0,0,1,2,B03,8,3,5,50,4,1,1,5,4,5,7,1,1,1,4,5,2,15,1,36,3,10,1,1,7,9,1,8,2,1,,44,25,1,22,9,121.5330581,25.0683911
111,9,17,21,10,2,03中山區,中山區明水路698號對面,0,0,1,1,C03,7,3,5,50,14,7,1,5,4,5,7,4,4,1,4,4,2,10,1,78,2,7,1,4,7,9,1,10,1,11,,4,4,1,22,9,121.5513548,25.08518292
111,9,17,21,10,2,03中山區,中山區明水路698號對面,0,0,1,2,B03,7,3,5,50,14,7,1,5,4,5,7,4,4,1,4,4,2,10,2,72,3,10,1,4,7,9,1,8,1,5,,44,4,1,22,9,121.5513548,25.08518292
111,9,17,21,14,2,05中正區,中正區重慶南路2段與南海路口,0,0,2,1,C04,8,3,5,50,4,1,1,5,4,5,7,1,1,10,4,5,2,17,2,18,2,8,1,1,7,5,1,10,1,14,,8,8,1,22,9,121.5143695,25.03189976
111,9,17,21,14,2,05中正區,中正區重慶南路2段與南海路口,0,0,2,2,C03,8,3,5,50,4,1,1,5,4,5,7,1,1,10,4,5,2,17,2,64,2,8,1,1,7,9,1,10,1,11,,44,8,1,22,9,121.5143695,25.03189976
111,9,17,21,14,2,05中正區,中正區重慶南路2段與南海路口,0,0,2,3,H02,8,3,5,50,4,1,1,5,4,5,7,1,1,10,4,5,2,17,2,18,4,11,1,5,7,20,8,20,10,16,,67,8,1,22,9,121.5143695,25.03189976
111,9,17,21,43,2,03中山區,中山區興安街55號,0,0,1,1,C03,8,3,5,40,14,8,1,5,4,5,7,4,4,4,3,4,1,9,1,19,3,10,1,1,7,2,1,10,2,13,,12,12,1,22,9,121.5418993,25.05609366
111,9,17,21,43,2,03中山區,中山區興安街55號,0,0,1,2,H01,8,3,5,40,14,8,1,5,4,5,7,4,4,4,3,4,1,9,2,67,2,9,4,5,8,16,8,20,10,16,,51,12,1,22,9,121.5418993,25.05609366
111,9,17,21,45,2,10文山區,文山區老泉街26巷1-3號,0,0,3,1,B03,7,3,5,30,14,9,1,5,4,5,7,4,4,10,5,5,2,29,2,52,2,2,1,1,7,9,1,8,1,8,,23,23,1,22,9,121.5596828,24.9754214
111,9,17,21,45,2,10文山區,文山區老泉街26巷1-3號,0,0,3,2,,7,3,5,30,14,9,1,5,4,5,7,4,4,10,5,5,2,29,3,,,,,,,,,,,,,67,23,1,,,121.5596828,24.9754214
111,9,17,21,45,2,10文山區,文山區老泉街26巷1-3號,0,0,3,3,H02,7,3,5,30,14,9,1,5,4,5,7,4,4,10,5,5,2,29,2,28,2,3,1,5,7,21,8,20,10,15,,67,23,1,22,9,121.5596828,24.9754214
111,9,17,21,45,2,10文山區,文山區老泉街26巷1-3號,0,0,3,4,H02,7,3,5,30,14,9,1,5,4,5,7,4,4,10,5,5,2,29,2,26,2,2,1,5,7,21,8,20,10,15,,67,23,1,22,9,121.5596828,24.9754214
111,9,17,22,5,2,05中正區,中正區和平西路1段與南昌路2段口,0,0,1,1,B03,8,1,5,50,4,1,1,5,4,5,7,1,1,1,4,5,1,13,2,51,3,10,1,1,7,6,1,8,1,15,,9,9,2,22,9,121.5213075,25.0269275
111,9,17,22,5,2,05中正區,中正區和平西路1段與南昌路2段口,0,0,1,2,B03,8,1,5,50,4,1,1,5,4,5,7,1,1,1,4,5,1,13,1,39,2,9,1,1,7,9,1,8,1,1,,16,9,1,22,9,121.5213075,25.0269275
111,9,17,22,5,2,05中正區,中正區和平西路1段與南昌路2段口,0,0,1,3,B03,8,1,5,50,4,1,1,5,4,5,7,1,1,1,4,5,1,13,2,52,3,10,1,1,7,9,1,8,1,3,,44,9,1,22,9,121.5213075,25.0269275
111,9,17,23,20,2,09北投區,北投區石牌路2段與東華街1段口,0,0,1,1,B03,8,3,8,50,15,22,1,5,4,5,7,2,1,6,3,5,1,17,2,48,3,10,3,1,7,6,1,8,1,5,,9,9,1,22,9,121.5152795,25.1152884
111,9,17,23,20,2,09北投區,北投區石牌路2段與東華街1段口,0,0,1,2,C03,8,3,8,50,15,22,1,5,4,5,7,2,1,6,3,5,1,17,1,18,2,9,1,1,7,9,1,10,1,11,,23,9,1,22,9,121.5152795,25.1152884
111,9,17,23,28,2,08士林區,士林區承德路4段9巷與承德路4段口,0,0,1,1,C03,8,3,5,50,4,1,1,5,4,5,7,3,1,9,4,5,1,15,2,22,2,8,1,1,7,9,1,10,1,11,,6,6,1,22,9,121.5219667,25.079261
111,9,17,23,28,2,08士林區,士林區承德路4段9巷與承德路4段口,0,0,1,2,B03,8,3,5,50,4,1,1,5,4,5,7,3,1,9,4,5,1,15,1,48,3,10,1,1,7,9,1,8,1,4,,23,6,1,22,9,121.5219667,25.079261
111,9,18,0,27,2,06松山區,松山區敦化北路4巷60號,0,0,2,1,C03,8,3,5,30,15,9,1,5,4,5,7,4,4,9,4,5,2,15,1,19,2,9,1,1,7,9,1,10,2,14,,6,6,1,22,9,121.5446873,25.05021514
111,9,18,0,27,2,06松山區,松山區敦化北路4巷60號,0,0,2,2,A12,8,3,5,30,15,9,1,5,4,5,7,4,4,9,4,5,2,15,1,57,3,10,3,4,7,9,1,6,2,5,,23,6,1,22,9,121.5446873,25.05021514
111,9,18,0,27,2,06松山區,松山區敦化北路4巷60號,0,0,2,3,H02,8,3,5,30,15,9,1,5,4,5,7,4,4,9,4,5,2,15,2,21,2,1,1,4,7,20,8,20,10,16,,67,6,1,22,9,121.5446873,25.05021514
111,9,18,0,41,2,05中正區,中正區林森北路11號,0,0,2,1,C03,8,3,5,50,14,9,1,5,4,5,7,4,4,5,4,5,2,13,1,18,3,10,1,1,7,7,3,18,2,14,,7,7,1,22,9,121.5237276,25.04610497
111,9,18,0,41,2,05中正區,中正區林森北路11號,0,0,2,2,C03,8,3,5,50,14,9,1,5,4,5,7,4,4,5,4,5,2,13,1,28,2,9,1,1,7,9,1,10,2,12,,23,7,1,22,9,121.5237276,25.04610497
111,9,18,0,41,2,05中正區,中正區林森北路11號,0,0,2,3,H02,8,3,5,50,14,9,1,5,4,5,7,4,4,5,4,5,2,13,2,26,2,9,4,5,7,20,8,20,10,16,,67,7,1,22,9,121.5237276,25.04610497
111,9,18,1,26,2,08士林區,士林區格致路與凱旋路口,0,0,2,1,C03,8,3,5,40,3,1,1,5,4,5,7,4,4,4,3,5,1,16,1,18,2,8,1,1,7,5,1,10,1,14,,8,8,1,22,9,121.5464008,25.1369442
111,9,18,1,26,2,08士林區,士林區格致路與凱旋路口,0,0,2,2,C03,8,3,5,40,3,1,1,5,4,5,7,4,4,4,3,5,1,16,1,18,2,7,1,1,7,9,1,10,1,11,,23,8,1,22,9,121.5464008,25.1369442
111,9,18,8,20,2,12內湖區,內湖區文德路101巷與文德路171巷9弄口,0,0,1,1,C03,8,1,5,30,3,2,1,5,4,5,7,4,4,9,5,5,2,17,2,66,2,9,1,1,7,6,1,8,2,13,,9,9,1,22,9,121.5830791,25.07935527
111,9,18,8,20,2,12內湖區,內湖區文德路101巷與文德路171巷9弄口,0,0,1,2,B03,8,1,5,30,3,2,1,5,4,5,7,4,4,9,5,5,2,17,1,71,3,10,1,1,7,9,1,8,2,5,,44,9,1,22,9,121.5830791,25.07935527
111,9,18,8,28,2,02萬華區,萬華區西園路1段與貴陽街2段口,0,0,1,1,B03,8,1,5,50,4,1,1,5,4,5,7,1,1,5,5,5,2,17,1,22,3,10,1,4,7,5,6,8,2,5,,23,23,1,22,9,121.4998781,25.0401581
111,9,18,8,28,2,02萬華區,萬華區西園路1段與貴陽街2段口,0,0,1,2,C03,8,1,5,50,4,1,1,5,4,5,7,1,1,5,5,5,2,17,1,60,2,9,1,4,7,9,1,10,2,11,,44,23,1,22,9,121.4998781,25.0401581
111,9,18,8,52,2,04大安區,大安區復興南路2段與復興南路2段151巷口,0,0,1,1,B03,8,1,5,50,4,1,1,5,4,5,7,2,1,9,3,5,2,17,2,43,3,10,1,1,7,5,1,8,2,15,,8,8,1,22,9,121.5436129,25.0283883
111,9,18,8,52,2,04大安區,大安區復興南路2段與復興南路2段151巷口,0,0,1,2,C03,8,1,5,50,4,1,1,5,4,5,7,2,1,9,3,5,2,17,1,26,2,9,1,1,7,9,1,9,2,14,,13,8,1,22,9,121.5436129,25.0283883
111,9,18,9,0,2,12內湖區,內湖區瑞光路與江南街口,0,0,2,1,C03,8,1,5,50,3,2,1,5,4,5,7,3,1,5,4,5,2,11,1,41,2,8,1,1,7,11,1,10,1,12,,10,10,1,22,9,121.5754364,25.0760766
111,9,18,9,0,2,12內湖區,內湖區瑞光路與江南街口,0,0,2,2,C03,8,1,5,50,3,2,1,5,4,5,7,3,1,5,4,5,2,11,1,21,2,9,1,1,7,9,1,10,1,11,,44,10,1,22,9,121.5754364,25.0760766
111,9,18,10,0,2,08士林區,士林區平菁街與平菁街105巷口,0,0,1,1,F01,8,1,5,30,3,1,1,5,4,5,7,4,4,10,5,5,2,10,1,61,2,9,1,1,7,9,8,20,1,16,,44,44,1,22,9,121.5753238,25.12879408
111,9,18,10,0,2,08士林區,士林區平菁街與平菁街105巷口,0,0,1,2,B03,8,1,5,30,3,1,1,5,4,5,7,4,4,10,5,5,2,10,1,57,3,10,1,1,7,9,1,8,1,1,,5,44,1,22,9,121.5753238,25.12879408
111,9,18,10,22,2,02萬華區,萬華區西園路2段與西園路2段281巷口口(光復橋下涵洞),0,0,2,1,B12,8,1,5,50,4,2,1,5,4,5,7,3,1,10,5,5,2,15,1,39,2,2,3,4,7,9,1,8,1,5,,26,26,1,22,9,121.4915346,25.02493712
111,9,18,10,22,2,02萬華區,萬華區西園路2段與西園路2段281巷口口(光復橋下涵洞),0,0,2,2,C03,8,1,5,50,4,2,1,5,4,5,7,3,1,10,5,5,2,15,2,22,2,9,3,4,7,9,3,18,1,11,,23,26,1,22,9,121.4915346,25.02493712
111,9,18,10,38,2,04大安區,大安區忠孝東路4段128號與忠孝東路4段口,0,0,1,1,C03,8,1,5,50,14,9,1,5,4,5,7,4,4,1,4,5,2,13,1,63,2,7,1,1,7,9,1,10,1,11,,16,16,1,22,9,121.5479065,25.0414579
111,9,18,10,38,2,04大安區,大安區忠孝東路4段128號與忠孝東路4段口,0,0,1,2,B03,8,1,5,50,14,9,1,5,4,5,7,4,4,1,4,5,2,13,1,54,3,10,1,1,7,12,1,8,1,7,,44,16,1,22,9,121.5479065,25.0414579
111,9,18,11,2,2,03中山區,中山區北安路535號,0,0,1,1,C04,8,1,5,50,14,9,1,5,4,5,7,1,1,1,3,5,1,16,2,28,2,9,1,1,7,5,1,10,1,13,,8,8,1,22,9,121.5473104,25.0799034
111,9,18,11,2,2,03中山區,中山區北安路535號,0,0,1,2,B03,8,1,5,50,14,9,1,5,4,5,7,1,1,1,3,5,1,16,1,29,3,10,1,1,7,9,1,8,1,1,,44,8,1,22,9,121.5473104,25.0799034
111,9,18,11,5,2,12內湖區,內湖區民權大橋與民權大橋口西往東編號028路燈桿處,0,0,2,1,C03,8,1,5,40,8,11,1,5,4,5,7,4,4,1,4,5,2,13,2,28,2,9,1,1,7,4,6,10,1,11,,23,23,1,22,9,121.5706551,25.06426797
111,9,18,11,5,2,12內湖區,內湖區民權大橋與民權大橋口西往東編號028路燈桿處,0,0,2,2,F01,8,1,5,40,8,11,1,5,4,5,7,4,4,1,4,5,2,13,2,64,2,1,1,1,7,9,8,20,1,16,,43,23,1,22,9,121.5706551,25.06426797
111,9,18,12,52,2,05中正區,中正區仁愛路1段與林森南路口,0,0,1,1,C03,8,1,5,50,4,1,1,5,4,5,7,1,1,1,4,5,2,16,1,26,2,9,1,1,7,5,1,10,2,14,,26,26,1,22,9,121.5215517,25.0387763
111,9,18,12,52,2,05中正區,中正區仁愛路1段與林森南路口,0,0,1,2,B03,8,1,5,50,4,1,1,5,4,5,7,1,1,1,4,5,2,16,2,43,3,10,1,1,7,9,1,4,2,5,,44,26,1,22,9,121.5215517,25.0387763
111,9,18,12,55,2,02萬華區,萬華區中華路2段416巷9號,0,0,1,1,C03,8,1,5,50,14,9,1,5,4,5,7,4,4,9,4,5,2,17,1,42,2,8,1,1,7,4,1,10,1,12,,1,1,1,22,9,121.5045748,25.02726017
111,9,18,12,55,2,02萬華區,萬華區中華路2段416巷9號,0,0,1,2,B03,8,1,5,50,14,9,1,5,4,5,7,4,4,9,4,5,2,17,1,38,3,10,1,1,7,5,1,8,1,8,,44,1,1,22,9,121.5045748,25.02726017
111,9,18,12,58,2,05中正區,中正區金山南路1段與濟南路2段口,0,0,1,1,B03,8,1,5,50,4,1,1,5,4,5,7,2,1,1,4,5,2,1,1,26,4,11,3,4,7,15,7,19,11,15,,15,43,2,22,9,121.5291095,25.0407632
111,9,18,12,58,2,05中正區,中正區金山南路1段與濟南路2段口,0,0,1,2,H01,8,1,5,50,4,1,1,5,4,5,7,2,1,1,4,5,2,1,2,69,2,7,4,5,8,16,8,20,10,16,,67,43,1,19,5,121.5291095,25.0407632
111,9,18,13,2,2,04大安區,大安區信義路3段與信義路3段152巷口,0,0,1,1,B03,8,1,5,50,3,1,1,5,4,5,7,4,4,10,4,5,2,3,1,54,3,10,1,1,7,6,1,8,11,4,,15,15,1,22,9,121.5407925,25.0333016
111,9,18,13,2,2,04大安區,大安區信義路3段與信義路3段152巷口,0,0,1,2,H01,8,1,5,50,3,1,1,5,4,5,7,4,4,10,4,5,2,3,1,23,2,9,4,1,8,16,8,20,11,16,,51,15,1,22,9,121.5407925,25.0333016
111,9,18,13,16,2,07信義區,信義區永吉路30巷與永吉路30巷167弄口口,0,0,1,1,B03,8,1,5,50,4,2,1,5,4,5,7,4,4,9,5,5,2,9,1,23,3,10,1,1,7,6,1,8,1,2,,23,23,1,21,8,121.5688634,25.0419419
111,9,18,13,16,2,07信義區,信義區永吉路30巷與永吉路30巷167弄口口,0,0,1,2,H03,8,1,5,50,4,2,1,5,4,5,7,4,4,9,5,5,2,9,1,62,2,9,4,5,8,17,8,20,10,16,,59,23,1,21,8,121.5688634,25.0419419
111,9,18,13,30,2,04大安區,大安區和平東路2段128號,0,0,1,1,F01,8,1,5,50,15,20,4,5,4,4,3,4,4,10,5,5,2,17,1,45,3,10,1,1,7,7,8,20,1,16,,6,6,1,22,9,121.5437322,25.0245666
111,9,18,13,30,2,04大安區,大安區和平東路2段128號,0,0,1,2,F01,8,1,5,50,15,20,4,5,4,4,3,4,4,10,5,5,2,17,2,62,2,9,1,1,7,9,8,20,1,16,,44,6,1,22,9,121.5437322,25.0245666
111,9,18,13,30,2,08士林區,士林區中山北路7段14巷與中山北路7段14巷53弄口,0,0,1,1,B01,8,1,5,30,3,1,1,5,4,5,7,4,4,9,5,5,2,16,1,68,3,10,3,4,7,5,1,4,11,1,,6,6,1,22,9,121.5339884,25.12069735
111,9,18,13,30,2,08士林區,士林區中山北路7段14巷與中山北路7段14巷53弄口,0,0,1,2,C03,8,1,5,30,3,1,1,5,4,5,7,4,4,9,5,5,2,16,2,19,2,9,1,1,7,9,1,10,11,11,,13,6,1,22,9,121.5339884,25.12069735
111,9,18,14,4,2,09北投區,北投區立賢路178號附近側附近(社子大橋旁),0,0,2,1,C03,8,1,5,50,14,9,1,5,4,5,7,4,4,1,2,5,2,17,1,18,2,9,1,1,7,1,1,10,1,14,,19,19,1,22,9,121.5018097,25.1140272
111,9,18,14,4,2,09北投區,北投區立賢路178號附近側附近(社子大橋旁),0,0,2,2,C02,8,1,5,50,14,9,1,5,4,5,7,4,4,1,2,5,2,17,1,42,3,10,1,1,7,9,1,9,1,12,,44,19,1,22,9,121.5018097,25.1140272
111,9,18,14,4,2,09北投區,北投區立賢路178號附近側附近(社子大橋旁),0,0,2,3,H02,8,1,5,50,14,9,1,5,4,5,7,4,4,1,2,5,2,17,1,14,2,8,1,5,7,20,8,20,10,15,,67,19,1,22,9,121.5018097,25.1140272
111,9,18,14,5,2,07信義區,信義區永吉路與永吉路30巷口,0,0,1,1,B03,8,1,5,50,4,2,1,5,4,5,7,2,1,1,4,5,2,17,1,36,3,10,1,1,7,9,1,8,1,8,,25,25,1,22,9,121.5687819,25.0457556
111,9,18,14,5,2,07信義區,信義區永吉路與永吉路30巷口,0,0,1,2,C02,8,1,5,50,4,2,1,5,4,5,7,2,1,1,4,5,2,17,1,47,2,9,1,1,7,5,1,9,1,12,,44,25,1,22,9,121.5687819,25.0457556
111,9,18,14,15,2,12內湖區,內湖區新明路與新明路333巷口,0,0,1,1,C03,8,1,5,50,4,1,1,5,4,1,7,2,1,5,4,5,2,13,1,26,2,9,1,1,7,9,1,10,1,11,,23,23,1,22,9,121.5837054,25.05665597
111,9,18,14,15,2,12內湖區,內湖區新明路與新明路333巷口,0,0,1,2,C03,8,1,5,50,4,1,1,5,4,1,7,2,1,5,4,5,2,13,1,21,3,10,1,1,7,14,1,10,1,13,,44,23,1,22,9,121.5837054,25.05665597
111,9,18,14,15,2,12內湖區,內湖區新明路與新明路333巷口,0,0,1,3,H03,8,1,5,50,4,1,1,5,4,1,7,2,1,5,4,5,2,13,1,43,3,10,1,1,8,21,8,20,1,16,,59,23,1,22,9,121.5837054,25.05665597
111,9,18,14,30,2,12內湖區,內湖區安美街與潭美街口,0,0,1,1,B03,8,1,5,40,3,1,1,5,4,4,3,3,1,5,4,5,1,17,1,38,3,10,1,1,7,5,1,8,2,6,,6,6,1,22,9,121.602756,25.061066
111,9,18,14,30,2,12內湖區,內湖區安美街與潭美街口,0,0,1,2,C03,8,1,5,40,3,1,1,5,4,4,3,3,1,5,4,5,1,17,1,27,2,9,1,1,7,9,1,10,1,11,,44,6,1,22,9,121.602756,25.061066
111,9,18,15,0,2,07信義區,信義區福德街221巷189-7號,0,0,1,1,C03,8,1,5,30,14,9,1,5,4,5,7,4,4,10,5,5,2,10,1,31,2,9,1,1,7,9,1,10,1,15,,23,23,1,22,9,121.5854188,25.0306889
111,9,18,15,0,2,07信義區,信義區福德街221巷189-7號,0,0,1,2,B03,8,1,5,30,14,9,1,5,4,5,7,4,4,10,5,5,2,10,1,33,3,10,1,1,7,9,1,8,1,5,,5,23,1,22,9,121.5854188,25.0306889
111,9,18,16,23,2,01大同區,大同區民權西路與蘭州街口,0,0,1,1,C03,8,1,5,50,4,1,1,5,4,5,7,1,1,9,4,5,2,17,1,19,3,10,1,1,7,5,1,10,2,15,,44,44,1,22,9,121.5146956,25.0629103
111,9,18,16,23,2,01大同區,大同區民權西路與蘭州街口,0,0,1,2,C03,8,1,5,50,4,1,1,5,4,5,7,1,1,9,4,5,2,17,1,19,3,10,1,1,7,5,1,10,2,15,,44,44,1,22,9,121.5146956,25.0629103
111,9,18,16,23,2,01大同區,大同區民權西路與蘭州街口,0,0,1,3,C03,8,1,5,50,4,1,1,5,4,5,7,1,1,9,4,5,2,17,2,33,2,9,1,1,7,9,1,10,2,14,,16,44,1,22,9,121.5146956,25.0629103
111,9,18,16,23,2,01大同區,大同區民權西路與蘭州街口,0,0,1,4,C03,8,1,5,50,4,1,1,5,4,5,7,1,1,9,4,5,2,17,1,19,3,10,1,1,7,9,1,10,2,12,,44,44,1,22,9,121.5146956,25.0629103
111,9,18,16,23,2,01大同區,大同區民權西路與蘭州街口,0,0,1,5,C03,8,1,5,50,4,1,1,5,4,5,7,1,1,9,4,5,2,17,2,28,3,10,1,1,7,9,1,10,2,15,,44,44,1,22,9,121.5146956,25.0629103
111,9,18,16,27,2,01大同區,大同區承德路3段與敦煌路口,0,0,2,1,B03,8,1,5,50,4,1,1,5,4,5,7,2,1,1,4,4,2,16,1,72,3,10,1,1,7,9,1,8,2,4,,25,25,1,22,9,121.5202105,25.07524529
111,9,18,16,27,2,01大同區,大同區承德路3段與敦煌路口,0,0,2,2,C03,8,1,5,50,4,1,1,5,4,5,7,2,1,1,4,4,2,16,2,44,2,1,1,1,7,5,1,10,1,11,,44,25,1,22,9,121.5202105,25.07524529
111,9,18,16,27,2,01大同區,大同區承德路3段與敦煌路口,0,0,2,3,H02,8,1,5,50,4,1,1,5,4,5,7,2,1,1,4,4,2,16,1,12,2,9,1,5,7,20,8,20,10,16,,67,25,1,22,9,121.5202105,25.07524529
111,9,18,17,10,2,10文山區,文山區興隆路3段與興隆路3段255巷口,0,0,1,1,B03,8,1,5,50,4,1,1,5,4,5,7,2,1,1,4,5,2,16,1,44,3,10,1,1,7,1,1,8,2,4,,19,19,1,22,9,121.5588343,24.99275865
111,9,18,17,10,2,10文山區,文山區興隆路3段與興隆路3段255巷口,0,0,1,2,C03,8,1,5,50,4,1,1,5,4,5,7,2,1,1,4,5,2,16,1,25,2,9,1,1,7,7,1,10,2,11,,13,19,1,22,9,121.5588343,24.99275865
111,9,18,17,40,2,09北投區,北投區中央北路2段95巷4弄與中央北路2段113巷口,0,0,1,1,C03,8,1,5,30,4,1,1,5,4,5,7,4,4,10,5,5,2,15,2,28,3,10,1,1,7,9,1,10,1,14,,6,6,1,22,9,121.4945992,25.13678724
111,9,18,17,40,2,09北投區,北投區中央北路2段95巷4弄與中央北路2段113巷口,0,0,1,2,C03,8,1,5,30,4,1,1,5,4,5,7,4,4,10,5,5,2,15,1,18,2,9,1,1,7,9,1,10,1,12,,44,6,1,22,9,121.4945992,25.13678724
111,9,18,18,4,2,05中正區,中正區中山南路與凱達格蘭大道口,0,0,1,1,C03,8,2,5,50,5,1,1,5,4,5,7,1,1,10,5,5,2,12,1,31,3,10,1,1,7,9,1,10,1,12,,23,23,1,22,9,121.5172656,25.0390807
111,9,18,18,4,2,05中正區,中正區中山南路與凱達格蘭大道口,0,0,1,2,C03,8,2,5,50,5,1,1,5,4,5,7,1,1,10,5,5,2,12,1,32,2,9,1,1,7,9,1,10,1,14,,44,23,1,22,9,121.5172656,25.0390807
111,9,18,18,10,2,03中山區,中山區北安路與北安路608巷口,0,0,1,1,B03,8,2,5,50,4,1,1,5,4,5,7,2,1,3,5,5,2,16,1,47,3,10,1,1,7,11,1,8,2,2,,10,10,1,22,9,121.5488792,25.08205732