發生年度,發生月,發生日,發生時-Hours,發生分,處理別-編號,區序,肇事地點,死亡人數,2-30日死亡人數,受傷人數,當事人序號,車種,天候,光線,道路類別,速限-速度限制,道路型態,事故位置,路面狀況1,路面狀況2,路面狀況3,道路障礙1,道路障礙2,號誌1,號誌2,車道劃分-分向,車道劃分-分道1,車道劃分-分道2,車道劃分-分道3,事故類型及型態,性別,年齡,受傷程度,主要傷處,安全帽,行動電話,車輛用途,當事者行動狀態,駕駛資格情形,駕駛執照種類,飲酒情形,車輛撞擊部位1,車輛撞擊部位2,肇因碼-個別,肇因碼-主要,個人肇逃否,職業,旅次目的,座標-X,座標-Y
111,9,18,18,10,2,03中山區,中山區北安路與北安路608巷口,0,0,1,2,C03,8,2,5,50,4,1,1,5,4,5,7,2,1,3,5,5,2,16,1,31,2,9,1,1,7,9,1,10,2,11,,44,10,1,22,9,121.5488792,25.08205732
111,9,18,18,10,2,07信義區,信義區林口街80巷與大道路口側附近口,0,0,2,1,C03,8,3,5,30,4,2,1,5,4,5,7,4,4,5,4,5,2,15,1,65,2,9,1,1,7,9,1,10,2,14,,26,26,1,22,9,121.5823686,25.04096558
111,9,18,18,10,2,07信義區,信義區林口街80巷與大道路口側附近口,0,0,2,2,C03,8,3,5,30,4,2,1,5,4,5,7,4,4,5,4,5,2,15,2,20,2,1,1,1,7,9,1,10,2,11,,23,26,1,22,9,121.5823686,25.04096558
111,9,18,18,32,2,06松山區,松山區八德路4段226號,0,0,2,1,C03,8,3,5,50,3,1,1,5,4,5,7,2,1,5,5,5,2,16,2,47,2,9,1,1,7,5,1,10,1,12,,8,8,1,22,9,121.5649263,25.04890019
111,9,18,18,32,2,06松山區,松山區八德路4段226號,0,0,2,2,C02,8,3,5,50,3,1,1,5,4,5,7,2,1,5,5,5,2,16,1,45,2,9,1,1,7,9,1,9,1,11,,23,8,1,22,9,121.5649263,25.04890019
111,9,18,18,46,2,08士林區,士林區中正路603號,0,0,3,1,B03,8,3,5,50,15,9,1,5,4,5,7,4,4,8,3,5,1,12,1,23,3,10,1,1,7,9,1,8,2,5,,44,44,1,22,9,121.5096412,25.0866591
111,9,18,18,46,2,08士林區,士林區中正路603號,0,0,3,2,C03,8,3,5,50,15,9,1,5,4,5,7,4,4,8,3,5,1,12,1,67,2,8,1,1,7,7,1,8,2,13,,7,44,1,22,9,121.5096412,25.0866591
111,9,18,18,46,2,08士林區,士林區中正路603號,0,0,3,3,H02,8,3,5,50,15,9,1,5,4,5,7,4,4,8,3,5,1,12,2,17,2,8,1,5,7,17,8,20,10,16,,67,44,1,22,9,121.5096412,25.0866591
111,9,18,18,46,2,08士林區,士林區中正路603號,0,0,3,4,H02,8,3,5,50,15,9,1,5,4,5,7,4,4,8,3,5,1,12,2,53,2,9,1,5,7,17,8,20,10,16,,67,44,1,22,9,121.5096412,25.0866591
111,9,18,19,13,2,07信義區,信義區松智路與松平路口,0,0,1,1,B03,7,3,5,50,4,2,1,5,4,5,7,1,1,5,5,5,1,3,2,29,4,11,3,4,7,15,7,19,11,15,,15,15,2,22,9,121.5654556,25.0304756
111,9,18,19,13,2,07信義區,信義區松智路與松平路口,0,0,1,2,H01,7,3,5,50,4,2,1,5,4,5,7,1,1,5,5,5,1,3,2,26,2,8,4,5,8,18,8,20,10,16,,51,15,1,22,9,121.5654556,25.0304756
111,9,18,19,55,2,08士林區,士林區延平北路7段106巷與社子大橋口,0,0,1,1,C03,8,3,5,30,3,1,1,5,4,5,7,1,1,4,3,5,1,15,1,20,2,8,1,1,7,9,1,10,1,11,,13,13,1,22,9,121.4953517,25.1093307
111,9,18,19,55,2,08士林區,士林區延平北路7段106巷與社子大橋口,0,0,1,2,B03,8,3,5,30,3,1,1,5,4,5,7,1,1,4,3,5,1,15,1,46,3,10,1,1,7,9,1,8,1,4,,25,13,1,22,9,121.4953517,25.1093307
111,9,18,20,28,2,03中山區,中山區興安街與建國北路2段口,0,0,1,1,B03,7,3,5,50,4,2,1,5,4,5,7,2,1,10,5,5,2,1,1,75,3,10,3,4,7,5,1,7,2,4,,15,15,1,22,9,121.5371216,25.0563153
111,9,18,20,28,2,03中山區,中山區興安街與建國北路2段口,0,0,1,2,H01,7,3,5,50,4,2,1,5,4,5,7,2,1,10,5,5,2,1,2,9,2,8,4,5,8,16,8,20,10,16,,67,15,1,22,9,121.5371216,25.0563153
111,9,18,20,38,2,08士林區,士林區延平北路7段與延平北路7段106巷口,0,0,1,2,C03,8,3,5,50,3,1,1,5,4,5,7,4,4,5,5,5,1,17,1,39,3,10,1,1,7,9,1,10,1,11,,23,19,1,22,9,121.4969772,25.0969742
111,9,18,20,38,2,08士林區,士林區延平北路7段與延平北路7段106巷口,0,0,1,1,F01,8,3,5,50,3,1,1,5,4,5,7,4,4,5,5,5,1,17,1,38,2,9,1,1,7,1,8,20,1,16,,19,19,1,22,9,121.4969772,25.0969742
111,9,18,20,46,2,12內湖區,內湖區港華街與港華街85巷口,0,0,2,1,C03,8,3,5,30,3,1,1,5,4,5,7,4,4,9,4,5,2,12,1,19,2,9,1,1,7,9,3,18,2,11,,4,4,1,22,9,121.574293,25.0832586
111,9,18,20,46,2,12內湖區,內湖區港華街與港華街85巷口,0,0,2,2,B03,8,3,5,30,3,1,1,5,4,5,7,4,4,9,4,5,2,12,1,35,3,10,1,1,7,5,1,8,2,8,,44,4,1,22,9,121.574293,25.0832586
111,9,18,20,46,2,12內湖區,內湖區港華街與港華街85巷口,0,0,2,3,H02,8,3,5,30,3,1,1,5,4,5,7,4,4,9,4,5,2,12,2,14,2,9,1,1,7,21,8,20,10,15,,67,4,1,22,9,121.574293,25.0832586
111,9,18,21,58,2,04大安區,大安區信義路4段與敦化南路1段口,0,0,1,1,B03,8,3,5,50,4,1,1,5,4,5,7,1,1,9,4,5,1,16,1,25,3,10,1,1,7,5,6,8,1,1,,8,8,1,22,9,121.5490087,25.0333735
111,9,18,21,58,2,04大安區,大安區信義路4段與敦化南路1段口,0,0,1,2,C03,8,3,5,50,4,1,1,5,4,5,7,1,1,9,4,5,1,16,1,26,2,9,1,1,7,9,1,10,1,12,,44,8,1,22,9,121.5490087,25.0333735
111,9,18,22,0,2,08士林區,士林區劍潭路與中山北路5段口,0,0,1,1,B03,7,3,5,50,14,9,1,5,4,5,7,1,1,10,4,5,2,17,1,31,3,10,1,1,7,8,1,8,2,6,,7,7,1,22,9,121.5253416,25.08413337
111,9,18,22,0,2,08士林區,士林區劍潭路與中山北路5段口,0,0,1,2,C03,7,3,5,50,14,9,1,5,4,5,7,1,1,10,4,5,2,17,1,21,2,8,1,1,7,9,1,10,2,14,,25,7,1,22,9,121.5253416,25.08413337
111,9,18,22,35,2,05中正區,中正區延平南路與貴陽街1段口口,0,0,2,1,A02,8,3,5,50,4,2,1,5,4,5,7,2,1,9,4,5,1,11,1,48,3,10,1,1,7,5,1,2,2,5,,44,44,1,10,1,121.5085603,25.0383841
111,9,18,22,35,2,05中正區,中正區延平南路與貴陽街1段口口,0,0,2,2,C03,8,3,5,50,4,2,1,5,4,5,7,2,1,9,4,5,1,11,1,20,2,9,1,1,7,9,1,10,2,11,,25,44,1,17,5,121.5085603,25.0383841
111,9,18,22,35,2,05中正區,中正區延平南路與貴陽街1段口口,0,0,2,3,H02,8,3,5,50,4,2,1,5,4,5,7,2,1,9,4,5,1,11,1,20,2,1,1,5,7,20,8,20,10,16,,67,44,1,17,5,121.5085603,25.0383841
111,9,18,23,36,2,07信義區,信義區基隆路1段與基隆路1段35巷口口,0,0,2,1,B12,7,3,5,50,3,1,1,5,4,5,7,2,1,1,4,5,2,12,1,25,3,10,1,1,7,6,1,8,1,6,,9,9,1,22,9,121.5687556,25.0480276
111,9,18,23,36,2,07信義區,信義區基隆路1段與基隆路1段35巷口口,0,0,2,2,C03,7,3,5,50,3,1,1,5,4,5,7,2,1,1,4,5,2,12,1,24,2,7,1,1,7,9,1,10,1,14,,44,9,1,22,9,121.5687556,25.0480276
111,9,18,23,36,2,07信義區,信義區基隆路1段與基隆路1段35巷口口,0,0,2,3,H02,7,3,5,50,3,1,1,5,4,5,7,2,1,1,4,5,2,12,2,25,2,8,1,5,7,21,8,20,10,16,,67,9,1,22,9,121.5687556,25.0480276
111,9,18,23,48,2,02萬華區,萬華區西園路1段230號,0,0,2,1,C03,8,3,5,50,14,9,1,5,4,5,7,4,4,1,5,5,2,12,2,20,2,9,1,1,7,9,1,10,1,14,,17,17,1,22,9,121.4990261,25.0348943
111,9,18,23,48,2,02萬華區,萬華區西園路1段230號,0,0,2,2,B03,8,3,5,50,14,9,1,5,4,5,7,4,4,1,5,5,2,12,1,32,3,10,1,1,7,9,1,8,1,2,,17,17,1,22,9,121.4990261,25.0348943
111,9,18,23,48,2,02萬華區,萬華區西園路1段230號,0,0,2,3,H02,8,3,5,50,14,9,1,5,4,5,7,4,4,1,5,5,2,12,2,19,2,9,4,5,7,20,8,20,10,16,,67,17,1,22,9,121.4990261,25.0348943
111,9,19,0,20,2,04大安區,大安區延吉街與光復南路280巷口,0,0,2,1,B01,8,3,5,30,4,1,1,5,4,5,7,4,4,10,4,5,1,15,1,57,3,10,1,1,7,9,1,4,1,1,,6,6,1,22,9,121.5549032,25.0398408
111,9,19,0,20,2,04大安區,大安區延吉街與光復南路280巷口,0,0,2,2,C03,8,3,5,30,4,1,1,5,4,5,7,4,4,10,4,5,1,15,1,35,2,9,1,1,7,9,1,10,1,12,,44,6,1,22,9,121.5549032,25.0398408
111,9,19,0,20,2,04大安區,大安區延吉街與光復南路280巷口,0,0,2,3,H02,8,3,5,30,4,1,1,5,4,5,7,4,4,10,4,5,1,15,1,37,2,9,1,1,7,21,8,20,10,16,,67,6,1,22,9,121.5549032,25.0398408
111,9,19,0,26,2,10文山區,文山區羅斯福路6段與景福街口,0,0,1,1,C03,8,3,5,50,4,1,1,5,4,5,7,2,1,1,4,5,2,17,1,22,2,9,1,1,7,5,1,10,2,14,,43,43,1,22,9,121.5398426,24.9996633
111,9,19,0,26,2,10文山區,文山區羅斯福路6段與景福街口,0,0,1,2,C03,8,3,5,50,4,1,1,5,4,5,7,2,1,1,4,5,2,17,1,19,3,10,1,1,7,9,1,10,2,13,,43,43,1,22,9,121.5398426,24.9996633
111,9,19,5,6,2,02萬華區,萬華區西園路2段與東園街口,0,0,2,1,C03,8,3,5,50,3,1,1,5,4,5,7,1,1,1,5,5,2,13,2,60,2,9,1,1,7,9,1,10,1,11,,23,23,1,22,9,121.4951696,25.0280104
111,9,19,5,6,2,02萬華區,萬華區西園路2段與東園街口,0,0,2,2,C03,8,3,5,50,3,1,1,5,4,5,7,1,1,1,5,5,2,13,1,43,2,9,1,1,7,15,1,10,1,13,,44,23,1,22,9,121.4951696,25.0280104
111,9,19,6,36,2,10文山區,文山區景興路與景興路53巷口,0,0,1,1,H01,8,1,5,50,4,2,1,5,4,5,7,2,1,1,4,5,2,3,2,83,2,9,4,5,8,16,8,20,10,16,,52,52,1,22,9,121.5446747,24.996777
111,9,19,6,36,2,10文山區,文山區景興路與景興路53巷口,0,0,1,2,F01,8,1,5,50,4,2,1,5,4,5,7,2,1,1,4,5,2,3,1,44,3,10,1,1,7,9,8,20,2,16,,15,52,1,22,9,121.5446747,24.996777
111,9,19,6,36,2,10文山區,文山區景興路與景興路53巷口,0,0,1,3,A05,8,1,5,50,4,2,1,5,4,5,7,2,1,1,4,5,2,3,1,46,3,10,1,1,7,14,1,2,2,15,,38,52,1,22,9,121.5446747,24.996777
111,9,19,6,48,2,04大安區,大安區愛國東路與杭州南路2段口,0,0,1,1,B03,8,1,5,50,5,2,1,5,4,5,7,2,1,1,4,5,2,11,1,64,3,10,3,4,7,5,1,8,2,2,,6,6,1,22,9,121.5226071,25.03226646
111,9,19,6,48,2,04大安區,大安區愛國東路與杭州南路2段口,0,0,1,2,C03,8,1,5,50,5,2,1,5,4,5,7,2,1,1,4,5,2,11,1,24,2,9,3,4,7,9,1,10,2,11,,44,6,1,22,9,121.5226071,25.03226646
111,9,19,6,51,2,12內湖區,內湖區瑞光路356號對面,0,0,2,1,C03,8,1,5,50,14,9,1,5,4,5,7,2,1,5,4,5,2,12,1,20,2,9,1,1,7,9,1,10,2,11,,16,16,1,22,9,121.573047,25.07726984
111,9,19,6,51,2,12內湖區,內湖區瑞光路356號對面,0,0,2,2,C03,8,1,5,50,14,9,1,5,4,5,7,2,1,5,4,5,2,12,2,35,3,10,1,1,7,9,1,10,2,12,,44,16,1,22,9,121.573047,25.07726984
111,9,19,6,51,2,12內湖區,內湖區瑞光路356號對面,0,0,2,3,H02,8,1,5,50,14,9,1,5,4,5,7,2,1,5,4,5,2,12,2,21,2,9,4,5,7,20,8,20,10,16,,67,16,1,22,9,121.573047,25.07726984
111,9,19,7,14,2,02萬華區,萬華區艋舺大道與西園路2段50巷口,0,0,1,1,C03,8,1,5,50,14,9,1,5,4,5,7,4,4,10,4,5,2,17,1,27,2,9,1,1,7,15,1,10,1,11,,23,23,1,22,9,121.4967741,25.03290277
111,9,19,7,14,2,02萬華區,萬華區艋舺大道與西園路2段50巷口,0,0,1,2,C03,8,1,5,50,14,9,1,5,4,5,7,4,4,10,4,5,2,17,1,26,4,11,3,4,7,15,7,19,9,15,,44,23,2,22,9,121.4967741,25.03290277
111,9,19,7,18,2,08士林區,士林區文林路587巷120號停車格,0,0,1,1,B03,8,1,5,50,14,9,1,5,4,5,7,4,4,7,5,5,2,16,1,42,3,10,1,1,7,1,1,8,1,8,,19,19,1,22,9,121.519288,25.09883213
111,9,19,7,18,2,08士林區,士林區文林路587巷120號停車格,0,0,1,2,C03,8,1,5,50,14,9,1,5,4,5,7,4,4,7,5,5,2,16,1,70,2,8,1,1,7,9,1,10,1,11,,44,19,1,22,9,121.519288,25.09883213
111,9,19,7,39,2,05中正區,中正區重慶南路1段122號,0,0,2,1,C03,8,1,5,50,4,1,1,5,4,5,7,1,1,9,4,5,2,13,2,28,2,9,1,1,7,9,1,10,1,11,,16,16,1,22,9,121.5129145,25.0403572
111,9,19,7,39,2,05中正區,中正區重慶南路1段122號,0,0,2,2,C03,8,1,5,50,4,1,1,5,4,5,7,1,1,9,4,5,2,13,2,45,2,9,1,1,7,9,1,10,1,11,,16,16,1,22,9,121.5129145,25.0403572
111,9,19,7,39,2,05中正區,中正區重慶南路1段122號,0,0,2,3,B03,8,1,5,50,4,1,1,5,4,5,7,1,1,9,4,5,2,13,2,58,3,10,1,1,7,12,1,8,1,3,,44,16,1,22,9,121.5129145,25.0403572
111,9,19,7,39,2,05中正區,中正區重慶南路1段122號,0,0,2,4,B02,8,1,5,50,4,1,1,5,4,5,7,1,1,9,4,5,2,13,1,51,3,10,1,1,7,8,1,8,1,15,,6,16,1,22,9,121.5129145,25.0403572
111,9,19,7,40,2,07信義區,信義區福德街221巷12號對面,0,0,3,1,B03,8,1,5,30,14,9,1,5,4,5,7,4,4,9,4,5,2,14,2,37,3,10,1,1,7,2,1,8,1,3,,42,42,1,22,9,121.5851683,25.03731228
111,9,19,7,40,2,07信義區,信義區福德街221巷12號對面,0,0,3,2,F02,8,1,5,30,14,9,1,5,4,5,7,4,4,9,4,5,2,14,1,37,3,10,1,1,7,15,8,20,1,16,,42,42,1,22,9,121.5851683,25.03731228
111,9,19,7,40,2,07信義區,信義區福德街221巷12號對面,0,0,3,3,H02,8,1,5,30,14,9,1,5,4,5,7,4,4,9,4,5,2,14,1,5,2,9,1,5,7,21,8,20,10,16,,67,42,1,22,9,121.5851683,25.03731228
111,9,19,7,40,2,07信義區,信義區福德街221巷12號對面,0,0,3,4,H02,8,1,5,30,14,9,1,5,4,5,7,4,4,9,4,5,2,14,2,2,2,9,1,5,7,20,8,20,10,16,,67,42,1,22,9,121.5851683,25.03731228
111,9,19,7,40,2,07信義區,信義區福德街221巷12號對面,0,0,3,5,H02,8,1,5,30,14,9,1,5,4,5,7,4,4,9,4,5,2,14,2,2,2,9,1,5,7,20,8,20,10,16,,67,42,1,22,9,121.5851683,25.03731228
111,9,19,7,46,2,11南港區,南港區市民大道7段與向陽路口,0,0,1,1,C03,8,1,5,50,4,1,1,5,4,5,6,2,1,5,2,3,2,17,1,41,3,10,1,4,7,9,1,10,1,13,,35,35,1,22,9,121.5955377,25.0515708
111,9,19,7,46,2,11南港區,南港區市民大道7段與向陽路口,0,0,1,2,C03,8,1,5,50,4,1,1,5,4,5,6,2,1,5,2,3,2,17,1,46,2,9,1,4,7,9,1,10,1,11,,16,35,1,22,9,121.5955377,25.0515708
111,9,19,7,46,2,11南港區,南港區市民大道7段與向陽路口,0,0,1,3,C03,8,1,5,50,4,1,1,5,4,5,6,2,1,5,2,3,2,17,1,48,3,10,1,4,7,9,1,10,1,14,,17,35,1,22,9,121.5955377,25.0515708
111,9,19,7,46,2,11南港區,南港區市民大道7段與向陽路口,0,0,1,4,C03,8,1,5,50,4,1,1,5,4,5,6,2,1,5,2,3,2,17,1,55,4,11,3,4,7,9,4,11,11,15,,16,35,2,22,9,121.5955377,25.0515708
111,9,19,7,50,2,08士林區,士林區福華路與中山北路5段829巷口,0,0,3,1,C03,8,1,5,50,3,1,1,5,4,1,7,4,4,4,5,5,2,17,2,51,2,9,1,4,7,9,3,18,1,11,,16,16,1,22,9,121.5231894,25.10116984
111,9,19,7,50,2,08士林區,士林區福華路與中山北路5段829巷口,0,0,3,2,C03,8,1,5,50,3,1,1,5,4,1,7,4,4,4,5,5,2,17,1,44,2,7,1,4,7,5,1,10,1,13,,44,16,1,22,9,121.5231894,25.10116984
111,9,19,7,50,2,08士林區,士林區福華路與中山北路5段829巷口,0,0,3,3,C03,8,1,5,50,3,1,1,5,4,1,7,4,4,4,5,5,2,17,2,60,2,7,1,4,7,9,1,10,1,14,,44,16,1,22,9,121.5231894,25.10116984
111,9,19,8,11,2,09北投區,北投區大興街與光明路2巷口,0,0,1,1,C03,8,1,5,50,3,2,1,5,4,5,7,4,4,4,1,5,2,17,2,68,2,9,1,1,7,5,1,10,1,12,,6,6,1,22,9,121.5002526,25.1304212
111,9,19,8,11,2,09北投區,北投區大興街與光明路2巷口,0,0,1,2,B03,8,1,5,50,3,2,1,5,4,5,7,4,4,4,1,5,2,17,1,51,3,10,1,1,7,9,1,8,1,7,,14,6,1,22,9,121.5002526,25.1304212
111,9,19,8,24,2,04大安區,大安區復興南路1段151號前,0,0,2,1,C03,8,1,5,50,14,9,1,5,4,5,7,4,4,8,3,5,1,13,1,52,2,8,1,1,7,12,1,10,1,11,,16,16,1,5,1,121.5438619,25.04208808
111,9,19,8,24,2,04大安區,大安區復興南路1段151號前,0,0,2,2,B03,8,1,5,50,14,9,1,5,4,5,7,4,4,8,3,5,1,13,1,61,3,10,1,1,7,12,1,8,1,3,,44,16,1,2,1,121.5438619,25.04208808
111,9,19,8,24,2,04大安區,大安區復興南路1段151號前,0,0,2,4,C03,8,1,5,50,14,9,1,5,4,5,7,4,4,8,3,5,1,13,1,36,3,10,1,1,7,15,1,10,1,12,,44,16,1,5,1,121.5438619,25.04208808
111,9,19,8,24,2,04大安區,大安區復興南路1段151號前,0,0,2,3,C03,8,1,5,50,14,9,1,5,4,5,7,4,4,8,3,5,1,13,1,61,2,7,1,1,7,12,1,10,1,11,,16,16,1,12,1,121.5438619,25.04208808
111,9,19,8,24,2,04大安區,大安區復興南路1段151號前,0,0,2,5,B03,8,1,5,50,14,9,1,5,4,5,7,4,4,8,3,5,1,13,2,53,3,10,1,1,7,12,1,8,1,1,,44,16,1,12,1,121.5438619,25.04208808
111,9,19,8,24,2,04大安區,大安區基隆路3段與辛亥路3段口,0,0,1,1,C03,8,1,5,50,14,9,1,5,4,5,7,2,1,9,3,5,2,12,2,28,2,9,1,1,7,9,1,10,2,11,,23,23,1,22,9,121.5466416,25.01892414
111,9,19,8,24,2,04大安區,大安區基隆路3段與辛亥路3段口,0,0,1,2,C03,8,1,5,50,14,9,1,5,4,5,7,2,1,9,3,5,2,12,1,40,3,10,1,1,7,9,1,10,2,13,,44,23,1,22,9,121.5466416,25.01892414
111,9,19,8,40,2,10文山區,文山區新光路2段與新光路2段74巷口,0,0,1,1,C03,8,1,5,40,3,1,1,5,4,5,1,4,4,9,4,5,1,18,1,18,2,9,1,1,7,9,1,10,9,11,,43,43,1,22,9,121.5939498,24.9962088
111,9,19,8,40,2,10文山區,文山區新光路2段與新光路2段74巷口,0,0,1,2,,8,1,5,40,3,1,1,5,4,5,1,4,4,9,4,5,1,18,3,,,,,,,,,,,,,67,43,1,,,121.5939498,24.9962088
111,9,19,8,44,2,06松山區,松山區八德路3段12巷與八德路3段12巷16弄口,0,0,1,1,C03,8,1,5,30,4,1,1,5,4,5,7,4,4,10,5,5,2,15,1,26,2,9,1,1,7,9,1,9,1,14,,6,6,1,22,9,121.5507258,25.04715146
111,9,19,8,44,2,06松山區,松山區八德路3段12巷與八德路3段12巷16弄口,0,0,1,2,B03,8,1,5,30,4,1,1,5,4,5,7,4,4,10,5,5,2,15,2,35,3,10,1,1,7,9,1,8,1,5,,14,6,1,22,9,121.5507258,25.04715146
111,9,19,8,45,2,08士林區,迴轉道(中正路607號),0,0,1,1,C03,8,1,5,50,3,1,1,5,4,5,7,4,4,1,3,5,2,17,1,36,3,10,1,4,7,5,1,10,1,13,,6,6,1,22,9,121.5096679,25.08671735
111,9,19,8,45,2,08士林區,迴轉道(中正路607號),0,0,1,2,C03,8,1,5,50,3,1,1,5,4,5,7,4,4,1,3,5,2,17,1,20,2,8,1,4,7,9,1,10,1,12,,23,6,1,22,9,121.5096679,25.08671735
111,9,19,9,0,2,05中正區,中正區公園路與青島西路口,0,0,1,1,C03,8,1,5,50,4,2,1,5,4,5,7,1,1,10,5,5,2,12,2,55,2,9,1,1,7,5,1,10,2,14,,17,17,1,22,9,121.5173202,25.0450214
111,9,19,9,0,2,05中正區,中正區公園路與青島西路口,0,0,1,2,B01,8,1,5,50,4,2,1,5,4,5,7,1,1,10,5,5,2,12,1,69,3,10,1,1,7,5,1,4,2,2,,44,17,1,22,9,121.5173202,25.0450214
111,9,19,9,7,2,12內湖區,內湖區堤外便道五分疏散門,0,0,1,1,C03,8,1,5,50,14,9,1,5,4,5,7,2,1,5,5,5,2,29,1,25,2,9,1,1,7,9,1,10,2,11,,44,44,1,22,9,121.6138238,25.06534572
111,9,19,9,7,2,12內湖區,內湖區堤外便道五分疏散門,0,0,1,2,,8,1,5,50,14,9,1,5,4,5,7,2,1,5,5,5,2,29,3,,,,,,,,,,,,,66,44,1,,,121.6138238,25.06534572
111,9,19,9,7,2,12內湖區,內湖區堤外便道五分疏散門,0,0,1,3,,8,1,5,50,14,9,1,5,4,5,7,2,1,5,5,5,2,29,3,,,,,,,,,,,,,66,44,1,,,121.6138238,25.06534572
111,9,19,9,19,2,03中山區,中山區南京東路2段與吉林路口,0,0,1,1,B03,8,1,5,50,4,1,1,5,4,5,7,1,1,1,4,5,2,3,1,54,4,11,3,4,7,15,7,19,11,15,,15,15,2,22,9,121.5299419,25.0521194
111,9,19,9,19,2,03中山區,中山區南京東路2段與吉林路口,0,0,1,2,H01,8,1,5,50,4,1,1,5,4,5,7,1,1,1,4,5,2,3,2,72,2,9,4,5,8,16,8,20,10,16,,67,15,1,21,9,121.5299419,25.0521194
111,9,19,9,50,2,05中正區,中正區鄭州路往東(機捷6號出口),0,0,1,1,C03,8,1,5,40,14,9,1,5,4,5,7,4,4,1,4,5,2,13,1,26,2,9,1,4,7,9,1,10,1,11,,23,23,1,3,1,121.5123129,25.0496851
111,9,19,9,50,2,05中正區,中正區鄭州路往東(機捷6號出口),0,0,1,2,B12,8,1,5,40,14,9,1,5,4,5,7,4,4,1,4,5,2,13,1,60,3,10,1,1,7,14,1,8,1,6,,44,23,1,2,4,121.5123129,25.0496851
111,9,19,10,41,2,07信義區,信義區忠孝東路5段458號,0,0,1,1,B03,8,1,5,50,14,9,1,5,4,5,7,2,1,1,4,5,1,17,2,65,4,11,3,4,7,15,7,19,11,15,,25,25,2,22,9,121.5765254,25.04079393
111,9,19,10,41,2,07信義區,信義區忠孝東路5段458號,0,0,1,2,C03,8,1,5,50,14,9,1,5,4,5,7,2,1,1,4,5,1,17,2,38,2,9,3,4,7,9,1,10,2,14,,43,25,1,22,9,121.5765254,25.04079393
111,9,19,10,50,2,08士林區,士林區延平北路5段83巷與葫蘆街30巷口,0,0,1,1,C03,8,1,5,30,4,1,1,5,4,5,7,4,4,10,5,5,2,17,1,31,2,9,1,1,7,9,1,10,1,12,,6,6,1,22,9,121.5099114,25.08093209
111,9,19,10,50,2,08士林區,士林區延平北路5段83巷與葫蘆街30巷口,0,0,1,2,B03,8,1,5,30,4,1,1,5,4,5,7,4,4,10,5,5,2,17,1,50,3,10,1,1,7,9,1,8,1,1,,23,6,1,22,9,121.5099114,25.08093209
111,9,19,11,14,2,04大安區,大安區仁愛路3段與建國南路1段口,0,0,1,1,C03,8,1,5,50,4,2,1,5,4,5,7,4,4,1,4,5,2,16,2,56,2,9,1,1,7,10,1,10,1,14,,7,7,1,22,9,121.5372804,25.0382842
111,9,19,11,14,2,04大安區,大安區仁愛路3段與建國南路1段口,0,0,1,2,B02,8,1,5,50,4,2,1,5,4,5,7,4,4,1,4,5,2,16,1,42,3,10,1,1,7,9,1,8,1,6,,44,7,1,22,9,121.5372804,25.0382842
111,9,19,11,40,2,07信義區,信義區松仁路與松壽路口,0,0,1,1,B01,8,1,5,50,14,9,1,5,4,5,7,2,1,3,4,5,1,13,1,49,3,10,1,1,7,9,1,8,1,1,,23,23,1,22,9,121.5683786,25.0356248
111,9,19,11,40,2,07信義區,信義區松仁路與松壽路口,0,0,1,2,B03,8,1,5,50,14,9,1,5,4,5,7,2,1,3,4,5,1,13,2,29,3,10,1,1,7,9,1,8,1,3,,43,23,1,22,9,121.5683786,25.0356248
111,9,19,11,40,2,07信義區,信義區松仁路與松壽路口,0,0,1,3,H02,8,1,5,50,14,9,1,5,4,5,7,2,1,3,4,5,1,13,2,30,2,1,1,1,7,20,8,20,2,16,,67,23,1,22,9,121.5683786,25.0356248
111,9,19,11,46,2,03中山區,中山區松江路與松江路164巷口,0,0,1,1,B01,8,1,5,50,3,2,1,5,4,5,7,4,4,1,3,5,2,13,1,52,3,10,3,4,7,6,1,4,1,7,,44,44,1,22,9,121.5329747,25.05561846
111,9,19,11,46,2,03中山區,中山區松江路與松江路164巷口,0,0,1,2,C03,8,1,5,50,3,2,1,5,4,5,7,4,4,1,3,5,2,13,1,38,2,9,3,4,7,9,1,10,1,11,,23,44,1,22,9,121.5329747,25.05561846
111,9,19,12,33,2,05中正區,中正區金山北路三創停車場出入口旁,0,0,1,1,B12,8,1,5,50,14,9,1,5,4,5,7,4,4,10,4,5,2,17,1,57,3,10,1,1,7,2,1,8,2,7,,12,12,1,22,9,121.5306245,25.0450532
111,9,19,12,33,2,05中正區,中正區金山北路三創停車場出入口旁,0,0,1,2,C03,8,1,5,50,14,9,1,5,4,5,7,4,4,10,4,5,2,17,2,25,2,9,1,1,7,15,1,10,2,12,,44,12,1,22,9,121.5306245,25.0450532
111,9,19,12,33,2,05中正區,中正區金山北路三創停車場出入口旁,0,0,1,3,B02,8,1,5,50,14,9,1,5,4,5,7,4,4,10,4,5,2,17,1,44,3,10,1,1,7,14,1,3,2,15,,38,12,1,22,9,121.5306245,25.0450532
111,9,19,12,43,2,04大安區,大安區仁愛路3段與復興南路1段口,0,0,2,1,C03,8,1,5,50,4,1,1,5,4,5,7,1,1,1,3,5,2,16,1,22,2,9,1,1,7,5,1,10,1,14,,17,17,1,22,9,121.5437187,25.0377646