發生年度,發生月,發生日,發生時-Hours,發生分,處理別-編號,區序,肇事地點,死亡人數,2-30日死亡人數,受傷人數,當事人序號,車種,天候,光線,道路類別,速限-速度限制,道路型態,事故位置,路面狀況1,路面狀況2,路面狀況3,道路障礙1,道路障礙2,號誌1,號誌2,車道劃分-分向,車道劃分-分道1,車道劃分-分道2,車道劃分-分道3,事故類型及型態,性別,年齡,受傷程度,主要傷處,安全帽,行動電話,車輛用途,當事者行動狀態,駕駛資格情形,駕駛執照種類,飲酒情形,車輛撞擊部位1,車輛撞擊部位2,肇因碼-個別,肇因碼-主要,個人肇逃否,職業,旅次目的,座標-X,座標-Y
111,9,19,12,43,2,04大安區,大安區仁愛路3段與復興南路1段口,0,0,2,2,C03,8,1,5,50,4,1,1,5,4,5,7,1,1,1,3,5,2,16,1,45,2,9,1,1,7,9,1,10,1,12,,44,17,1,22,9,121.5437187,25.0377646
111,9,19,12,45,2,01大同區,大同區重慶北路2段與民權西路口,0,0,2,1,C03,8,1,5,50,4,1,1,5,4,5,7,2,1,1,4,5,2,12,1,28,2,8,1,1,7,6,1,10,1,12,,6,6,1,22,9,121.5135065,25.06286649
111,9,19,12,45,2,01大同區,大同區重慶北路2段與民權西路口,0,0,2,2,C03,8,1,5,50,4,1,1,5,4,5,7,2,1,1,4,5,2,12,1,30,2,7,1,1,7,6,1,10,1,11,,23,6,1,22,9,121.5135065,25.06286649
111,9,19,13,28,2,09北投區,北投區中央北路4段與中央北路4段456巷口,0,0,2,1,C03,8,1,5,50,3,1,1,5,4,5,7,2,1,5,4,5,2,15,1,25,2,8,1,1,7,9,3,18,2,11,,25,25,1,22,9,121.4698311,25.1287758
111,9,19,13,28,2,09北投區,北投區中央北路4段與中央北路4段456巷口,0,0,2,2,C03,8,1,5,50,3,1,1,5,4,5,7,2,1,5,4,5,2,15,2,42,2,9,1,1,7,14,1,10,2,14,,38,25,1,22,9,121.4698311,25.1287758
111,9,19,13,32,2,12內湖區,內湖區環山路1段9巷西湖市場停車場出入口,0,0,2,1,C03,8,1,5,30,14,9,1,5,4,5,7,4,4,10,5,5,2,17,1,32,2,7,1,1,7,9,1,10,1,11,,23,23,1,22,9,121.5664927,25.08298016
111,9,19,13,32,2,12內湖區,內湖區環山路1段9巷西湖市場停車場出入口,0,0,2,2,B03,8,1,5,30,14,9,1,5,4,5,7,4,4,10,5,5,2,17,1,26,2,2,1,1,7,6,1,8,1,7,,44,23,1,22,9,121.5664927,25.08298016
111,9,19,14,30,2,01大同區,大同區民生西路與承德路2段口,0,0,1,1,B03,7,1,5,50,4,1,1,5,4,5,7,1,1,1,4,5,2,17,2,29,3,10,1,1,7,15,1,8,1,5,,25,25,1,22,9,121.5182266,25.0573428
111,9,19,14,30,2,01大同區,大同區民生西路與承德路2段口,0,0,1,2,C03,7,1,5,50,4,1,1,5,4,5,7,1,1,1,4,5,2,17,1,26,2,8,1,1,7,9,1,10,1,14,,44,25,1,22,9,121.5182266,25.0573428
111,9,19,14,45,2,05中正區,中正區重慶南路3段57號前,0,0,1,1,B02,8,1,5,50,5,2,1,5,4,5,7,4,4,1,4,5,2,12,1,36,3,10,1,1,7,6,1,8,2,5,,9,9,1,22,9,121.516084,25.02719117
111,9,19,14,45,2,05中正區,中正區重慶南路3段57號前,0,0,1,2,C03,8,1,5,50,5,2,1,5,4,5,7,4,4,1,4,5,2,12,1,73,2,9,1,1,7,6,1,10,2,14,,23,9,1,22,9,121.516084,25.02719117
111,9,19,15,35,2,07信義區,信義區松德路與松德路12巷口,0,0,2,1,B12,8,1,5,50,3,1,1,5,4,5,7,4,4,1,4,4,2,16,1,63,3,10,1,1,7,6,1,8,1,5,,9,9,1,22,9,121.5774877,25.0394458
111,9,19,15,35,2,07信義區,信義區松德路與松德路12巷口,0,0,2,2,C03,8,1,5,50,3,1,1,5,4,5,7,4,4,1,4,4,2,16,2,22,2,7,1,1,7,8,1,10,1,14,,23,9,1,22,9,121.5774877,25.0394458
111,9,19,15,35,2,07信義區,信義區松德路與松德路12巷口,0,0,2,3,H02,8,1,5,50,3,1,1,5,4,5,7,4,4,1,4,4,2,16,2,19,2,9,1,5,7,17,8,20,10,16,,67,9,1,22,9,121.5774877,25.0394458
111,9,19,15,35,2,07信義區,信義區松德路與松德路12巷口,0,0,2,4,B02,8,1,5,50,3,1,1,5,4,5,7,4,4,1,4,4,2,16,1,26,4,11,3,4,7,15,7,19,11,15,,38,9,2,22,9,121.5774877,25.0394458
111,9,19,15,35,2,07信義區,信義區松德路與松德路12巷口,0,0,2,5,B12,8,1,5,50,3,1,1,5,4,5,7,4,4,1,4,4,2,16,1,33,4,11,3,4,7,15,7,19,9,15,,38,9,2,22,9,121.5774877,25.0394458
111,9,19,15,38,2,03中山區,中山區民權西路36-1號,0,0,1,1,F01,7,1,5,30,14,20,1,5,4,5,7,4,4,1,3,5,2,2,4,,4,11,3,4,7,15,7,19,11,15,,43,43,2,22,9,121.5213168,25.0625825
111,9,19,15,38,2,03中山區,中山區民權西路36-1號,0,0,1,2,H01,7,1,5,30,14,20,1,5,4,5,7,4,4,1,3,5,2,2,2,56,2,8,4,5,8,16,8,20,10,16,,67,43,1,22,9,121.5213168,25.0625825
111,9,19,15,38,2,05中正區,中正區仁愛路1段與林森南路口,0,0,1,1,F01,8,1,5,50,15,18,1,5,4,5,7,1,1,10,5,5,2,9,2,60,2,9,1,1,7,5,8,20,1,16,,42,42,1,22,9,121.521566,25.0389767
111,9,19,15,38,2,05中正區,中正區仁愛路1段與林森南路口,0,0,1,2,H01,8,1,5,50,15,18,1,5,4,5,7,1,1,10,5,5,2,9,2,27,3,10,4,5,8,16,8,20,10,16,,67,42,1,22,9,121.521566,25.0389767
111,9,19,15,48,2,01大同區,大同區鄭州路與西寧北路口,0,0,1,1,B02,8,1,5,40,14,11,1,5,4,5,7,1,1,7,4,5,2,16,1,32,3,10,3,4,7,9,1,8,1,5,,42,42,1,22,9,121.5082021,25.0506052
111,9,19,15,48,2,01大同區,大同區鄭州路與西寧北路口,0,0,1,2,C03,8,1,5,40,14,11,1,5,4,5,7,1,1,7,4,5,2,16,1,20,2,8,1,4,7,9,1,10,1,14,,26,42,1,22,9,121.5082021,25.0506052
111,9,19,15,58,2,09北投區,北投區大度路1段8.5K處,0,0,1,1,C03,7,1,5,50,14,12,1,5,4,5,7,4,4,1,4,1,1,17,1,20,2,9,1,1,7,9,3,18,1,11,,23,23,1,22,9,121.4793473,25.1222207
111,9,19,15,58,2,09北投區,北投區大度路1段8.5K處,0,0,1,2,C03,7,1,5,50,14,12,1,5,4,5,7,4,4,1,4,1,1,17,1,21,3,10,1,1,7,9,1,10,1,11,,23,23,1,22,9,121.4793473,25.1222207
111,9,19,16,0,2,04大安區,大安區辛亥路3段與芳蘭路口,0,0,2,1,B03,8,1,5,50,4,1,1,5,4,5,7,1,1,5,4,5,1,16,2,21,2,8,1,1,7,6,1,8,1,2,,6,6,1,22,9,121.5489865,25.01683504
111,9,19,16,0,2,04大安區,大安區辛亥路3段與芳蘭路口,0,0,2,2,C01,8,1,5,50,4,1,1,5,4,5,7,1,1,5,4,5,1,16,1,19,2,9,1,1,7,9,1,9,1,12,,44,6,1,22,9,121.5489865,25.01683504
111,9,19,16,35,2,03中山區,中山區民生東路1段與民生東路1段70巷口,0,0,1,1,B03,7,1,5,50,4,2,1,5,4,5,7,4,4,5,4,5,2,17,1,61,3,10,1,1,7,11,1,8,1,2,,10,10,1,22,9,121.5264307,25.0580109
111,9,19,16,35,2,03中山區,中山區民生東路1段與民生東路1段70巷口,0,0,1,2,C03,7,1,5,50,4,2,1,5,4,5,7,4,4,5,4,5,2,17,1,18,2,8,1,1,7,9,1,10,1,11,,42,10,1,22,9,121.5264307,25.0580109
111,9,19,16,39,2,10文山區,文山區指南路3段40巷電桿編號岐山幹39旁,0,0,1,1,C03,8,1,5,30,11,9,1,5,4,5,1,4,4,10,5,5,2,18,1,18,2,9,1,1,7,9,1,10,1,12,,14,14,1,22,9,121.5909137,24.97506856
111,9,19,16,39,2,10文山區,文山區指南路3段40巷電桿編號岐山幹39旁,0,0,1,2,,8,1,5,30,11,9,1,5,4,5,1,4,4,10,5,5,2,18,3,,,,,,,,,,,,,67,14,1,,,121.5909137,24.97506856
111,9,19,16,48,2,04大安區,大安區辛亥路2段臺大體育館旁,0,0,1,1,F01,8,1,5,0,15,20,1,5,4,5,7,4,4,10,5,5,2,18,1,52,2,1,3,4,7,15,8,20,1,16,,43,43,1,22,9,121.538282,25.02242285
111,9,19,16,48,2,04大安區,大安區辛亥路2段臺大體育館旁,0,0,1,2,,8,1,5,0,15,20,1,5,4,5,7,4,4,10,5,5,2,18,3,,,,,,,,,,,,,67,43,1,,,121.538282,25.02242285
111,9,19,16,52,2,03中山區,中山區天津街與中山北路1段53巷口,0,0,1,1,B03,7,1,5,30,4,1,1,5,4,5,7,3,1,4,5,5,2,15,2,39,3,10,3,4,7,9,1,8,1,1,,6,6,1,22,9,121.522677,25.0490885
111,9,19,16,52,2,03中山區,中山區天津街與中山北路1段53巷口,0,0,1,2,B03,7,1,5,30,4,1,1,5,4,5,7,3,1,4,5,5,2,15,1,53,2,9,3,4,7,9,1,8,1,8,,23,6,1,22,9,121.522677,25.0490885
111,9,19,17,0,2,05中正區,中正區中華路1段與武昌街1段口,0,0,1,1,B03,8,1,5,50,4,2,1,5,4,5,7,1,1,9,4,3,2,17,1,30,3,10,1,4,7,6,1,8,1,15,,6,6,1,22,9,121.5090342,25.04405868
111,9,19,17,0,2,05中正區,中正區中華路1段與武昌街1段口,0,0,1,2,C03,8,1,5,50,4,2,1,5,4,5,7,1,1,9,4,3,2,17,2,20,2,9,1,4,7,7,1,10,1,14,,7,6,1,22,9,121.5090342,25.04405868
111,9,19,17,0,2,05中正區,中正區中華路1段與武昌街1段口,0,0,1,3,C03,8,1,5,50,4,2,1,5,4,5,7,1,1,9,4,3,2,17,1,19,3,10,2,4,7,9,1,10,1,12,,44,6,1,22,9,121.5090342,25.04405868
111,9,19,17,21,2,08士林區,士林區光華路與光華路26巷口口,0,0,1,1,C03,8,1,5,30,4,1,1,5,4,5,7,4,4,10,5,5,2,16,1,19,2,6,1,1,7,21,1,10,1,12,,6,6,1,22,9,121.5425587,25.13694494
111,9,19,17,21,2,08士林區,士林區光華路與光華路26巷口口,0,0,1,2,B03,8,1,5,30,4,1,1,5,4,5,7,4,4,10,5,5,2,16,1,20,3,10,1,1,7,9,1,8,1,1,,13,6,1,22,9,121.5425587,25.13694494
111,9,19,17,30,2,04大安區,大安區和平東路1段與和平東路1段75巷口,0,0,1,1,C04,8,1,5,50,3,2,1,5,4,5,7,4,4,1,4,5,2,17,2,20,2,9,1,1,7,9,1,10,1,11,,23,23,1,22,9,121.5251308,25.02697637
111,9,19,17,30,2,04大安區,大安區和平東路1段與和平東路1段75巷口,0,0,1,2,B03,8,1,5,50,3,2,1,5,4,5,7,4,4,1,4,5,2,17,2,25,3,10,1,1,7,9,1,8,1,7,,44,23,1,22,9,121.5251308,25.02697637
111,9,19,17,55,2,03中山區,中山區民族東路410巷與龍江路370巷口,0,0,2,1,C03,8,1,5,30,4,1,1,5,4,5,7,4,4,8,5,5,2,15,2,36,2,9,3,4,7,9,1,10,1,11,,6,6,1,22,9,121.538314,25.06642
111,9,19,17,55,2,03中山區,中山區民族東路410巷與龍江路370巷口,0,0,2,2,C03,8,1,5,30,4,1,1,5,4,5,7,4,4,8,5,5,2,15,1,33,2,9,3,4,7,9,1,10,1,11,,13,6,1,22,9,121.538314,25.06642
111,9,19,18,35,2,09北投區,北投區承德路7段97號,0,0,1,1,B12,8,3,5,60,14,9,1,5,4,5,7,4,4,1,4,5,1,16,1,37,3,10,1,1,7,6,1,8,2,5,,9,9,1,22,9,121.50981,25.1117216
111,9,19,18,35,2,09北投區,北投區承德路7段97號,0,0,1,2,C03,8,3,5,60,14,9,1,5,4,5,7,4,4,1,4,5,1,16,1,20,2,9,1,1,7,9,1,10,2,14,,23,9,1,22,9,121.50981,25.1117216
111,9,19,18,56,2,03中山區,中山區北安路與敬業四路口,0,0,1,1,C03,7,3,5,50,4,1,1,5,4,5,7,2,1,1,4,4,2,17,1,59,2,9,1,1,7,9,1,10,2,14,,25,25,1,22,9,121.5584499,25.0847736
111,9,19,18,56,2,03中山區,中山區北安路與敬業四路口,0,0,1,2,B03,7,3,5,50,4,1,1,5,4,5,7,2,1,1,4,4,2,17,1,39,3,10,3,4,7,9,1,8,2,1,,42,25,1,22,9,121.5584499,25.0847736
111,9,19,19,7,2,04大安區,大安區和平東路3段308巷與富陽街口,0,0,3,1,C03,8,3,5,30,5,2,1,5,4,5,7,2,1,9,4,5,1,16,1,49,2,9,1,4,7,5,1,10,1,14,,25,25,1,22,9,121.5565175,25.02043314
111,9,19,19,7,2,04大安區,大安區和平東路3段308巷與富陽街口,0,0,3,2,C03,8,3,5,30,5,2,1,5,4,5,7,2,1,9,4,5,1,16,1,26,2,9,1,4,7,9,1,10,1,11,,44,25,1,22,9,121.5565175,25.02043314
111,9,19,19,7,2,04大安區,大安區和平東路3段308巷與富陽街口,0,0,3,3,H02,8,3,5,30,5,2,1,5,4,5,7,2,1,9,4,5,1,16,1,9,2,5,4,5,7,20,8,20,10,16,,67,25,1,22,9,121.5565175,25.02043314
111,9,19,19,14,2,12內湖區,內湖區民權東路6段11巷與瑞湖街口,0,0,1,1,B03,8,3,5,50,3,1,1,5,4,5,7,2,1,9,4,5,2,16,1,38,3,10,3,4,7,6,1,8,2,1,,9,9,1,22,9,121.5764508,25.06754439
111,9,19,19,14,2,12內湖區,內湖區民權東路6段11巷與瑞湖街口,0,0,1,2,F01,8,3,5,50,3,1,1,5,4,5,7,2,1,9,4,5,2,16,2,31,2,9,1,1,7,15,8,20,2,16,,44,9,1,22,9,121.5764508,25.06754439
111,9,19,19,30,2,03中山區,中山區北安路670巷與明水路口,0,0,1,1,B01,8,3,5,50,4,2,1,5,4,5,7,2,1,9,4,5,2,16,1,57,3,10,1,1,7,5,1,4,1,8,,8,8,1,22,9,121.5507107,25.0837926
111,9,19,19,30,2,03中山區,中山區北安路670巷與明水路口,0,0,1,2,C03,8,3,5,50,4,2,1,5,4,5,7,2,1,9,4,5,2,16,1,36,2,9,1,1,7,9,1,9,1,14,,44,8,1,22,9,121.5507107,25.0837926
111,9,19,20,16,2,02萬華區,萬華區西園路2段與東園街口,0,0,3,1,C03,8,3,5,50,3,1,1,5,4,5,7,1,1,1,5,5,2,15,1,20,2,9,1,1,7,12,1,10,1,11,,25,25,1,22,9,121.4951752,25.02823256
111,9,19,20,16,2,02萬華區,萬華區西園路2段與東園街口,0,0,3,2,C03,8,3,5,50,3,1,1,5,4,5,7,1,1,1,5,5,2,15,1,20,2,9,1,1,7,1,1,10,1,14,,44,25,1,22,9,121.4951752,25.02823256
111,9,19,20,16,2,02萬華區,萬華區西園路2段與東園街口,0,0,3,3,H02,8,3,5,50,3,1,1,5,4,5,7,1,1,1,5,5,2,15,1,18,2,9,4,5,7,20,8,20,10,16,,67,25,1,22,9,121.4951752,25.02823256
111,9,19,20,19,2,05中正區,中正區林森南路1號,0,0,2,1,C03,8,3,5,50,14,9,1,5,4,5,7,4,4,5,4,5,1,12,1,36,2,9,1,1,7,5,1,10,2,14,,26,44,1,22,9,121.5232485,25.0444454
111,9,19,20,19,2,05中正區,中正區林森南路1號,0,0,2,2,C03,8,3,5,50,14,9,1,5,4,5,7,4,4,5,4,5,1,12,2,19,2,9,1,1,7,9,1,10,2,11,,26,44,1,22,9,121.5232485,25.0444454
111,9,19,21,9,2,03中山區,中山區林森北路399巷與林森北路口,0,0,1,1,B01,8,3,5,50,4,2,1,5,4,5,7,1,1,4,5,5,1,17,1,56,3,10,1,1,7,9,1,4,1,8,,43,43,1,22,9,121.5255766,25.05913567
111,9,19,21,9,2,03中山區,中山區林森北路399巷與林森北路口,0,0,1,2,C03,8,3,5,50,4,2,1,5,4,5,7,1,1,4,5,5,1,17,1,56,2,7,1,1,7,5,1,10,1,12,,25,43,1,22,9,121.5255766,25.05913567
111,9,19,21,20,2,03中山區,中山區中山北路3段與民族西路口,0,0,3,1,C03,8,3,5,50,4,1,1,5,4,5,7,1,1,5,4,3,2,12,1,59,2,7,1,1,7,8,1,10,1,13,14,7,7,1,22,9,121.5227904,25.06847636
111,9,19,21,20,2,03中山區,中山區中山北路3段與民族西路口,0,0,3,2,C03,8,3,5,50,4,1,1,5,4,5,7,1,1,5,4,3,2,12,1,24,2,9,1,1,7,9,1,10,1,11,14,23,7,1,22,9,121.5227904,25.06847636
111,9,19,21,20,2,03中山區,中山區中山北路3段與民族西路口,0,0,3,3,H02,8,3,5,50,4,1,1,5,4,5,7,1,1,5,4,3,2,12,2,27,2,9,1,1,7,20,8,20,10,16,,67,7,1,22,9,121.5227904,25.06847636
111,9,19,22,8,2,01大同區,大同區西寧北路與民生西路口,0,0,1,1,B01,8,3,5,50,4,1,1,5,4,5,7,1,1,5,4,5,2,17,1,62,3,10,1,1,7,5,1,4,2,8,,8,8,1,22,9,121.5089919,25.0568903
111,9,19,22,8,2,01大同區,大同區西寧北路與民生西路口,0,0,1,2,C03,8,3,5,50,4,1,1,5,4,5,7,1,1,5,4,5,2,17,2,25,2,9,1,1,7,9,1,10,2,12,,44,8,1,22,9,121.5089919,25.0568903
111,9,19,22,45,2,10文山區,文山區羅斯福路4段200號,0,0,2,1,C03,8,3,5,50,5,1,1,5,4,5,7,1,1,1,4,5,2,16,1,20,2,9,1,1,7,5,1,10,2,14,,26,26,1,22,9,121.5370876,25.01096932
111,9,19,22,45,2,10文山區,文山區羅斯福路4段200號,0,0,2,2,C03,8,3,5,50,5,1,1,5,4,5,7,1,1,1,4,5,2,16,1,28,2,8,1,1,7,9,1,10,2,12,,26,26,1,22,9,121.5370876,25.01096932
111,9,20,0,5,2,03中山區,中山區林森北路119巷與新生北路1段口,0,0,1,1,B01,8,3,5,50,4,2,1,5,4,5,7,1,1,1,3,5,1,12,1,52,3,10,1,1,7,6,1,4,1,2,,9,9,1,22,9,121.5280918,25.05041549
111,9,20,0,5,2,03中山區,中山區林森北路119巷與新生北路1段口,0,0,1,2,C03,8,3,5,50,4,2,1,5,4,5,7,1,1,1,3,5,1,12,1,26,2,7,1,1,7,9,1,10,1,11,,44,9,1,22,9,121.5280918,25.05041549
111,9,20,7,30,2,01大同區,大同區塔城街24巷與塔城街口,0,0,1,1,B03,8,1,5,50,3,2,1,5,4,5,7,4,4,5,4,5,2,16,1,69,3,10,3,4,7,5,1,8,2,4,,8,8,1,22,9,121.5105395,25.05050001
111,9,20,7,30,2,01大同區,大同區塔城街24巷與塔城街口,0,0,1,2,C03,8,1,5,50,3,2,1,5,4,5,7,4,4,5,4,5,2,16,1,33,2,9,3,4,7,10,1,10,2,12,,27,8,1,22,9,121.5105395,25.05050001
111,9,20,8,17,2,04大安區,大安區和平東路2段68號,0,0,1,1,C03,8,1,5,50,14,9,1,5,4,5,7,2,1,1,4,5,2,12,1,36,3,10,3,4,7,9,1,10,1,15,,17,17,1,22,9,121.5390688,25.02535338
111,9,20,8,17,2,04大安區,大安區和平東路2段68號,0,0,1,2,C03,8,1,5,50,14,9,1,5,4,5,7,2,1,1,4,5,2,12,1,20,2,7,3,4,7,9,1,10,1,14,,17,17,1,22,9,121.5390688,25.02535338
111,9,20,8,30,2,05中正區,中正區重慶北路1段與北平西路口,0,0,1,1,B02,8,1,5,50,4,2,1,5,4,5,7,1,3,10,4,5,2,16,2,21,3,10,1,1,7,8,1,8,2,2,,7,7,1,22,9,121.5132426,25.0482805
111,9,20,8,30,2,05中正區,中正區重慶北路1段與北平西路口,0,0,1,2,C03,8,1,5,50,4,2,1,5,4,5,7,1,3,10,4,5,2,16,2,33,2,9,1,1,7,9,1,8,2,11,,44,7,1,22,9,121.5132426,25.0482805
111,9,20,8,55,2,10文山區,文山區老泉街(電線桿樟湖幹17號1枝6),0,0,2,1,C03,8,1,5,30,11,9,1,5,4,5,7,4,4,10,5,5,2,10,1,25,2,9,1,1,7,9,1,10,2,11,12,5,5,1,22,9,121.5634624,24.97846334
111,9,20,8,55,2,10文山區,文山區老泉街(電線桿樟湖幹17號1枝6),0,0,2,2,C03,8,1,5,30,11,9,1,5,4,5,7,4,4,10,5,5,2,10,1,29,2,9,1,1,7,9,1,10,2,11,12,44,5,1,22,9,121.5634624,24.97846334
111,9,20,9,0,2,03中山區,中山區南京東路2段188號,0,0,1,1,C03,8,1,5,40,14,8,1,5,4,5,7,4,4,1,4,4,1,17,1,55,4,11,3,4,7,15,7,19,11,15,,44,44,2,22,9,121.5352097,25.0516723
111,9,20,9,0,2,03中山區,中山區南京東路2段188號,0,0,1,2,C03,8,1,5,40,14,8,1,5,4,5,7,4,4,1,4,4,1,17,2,36,2,9,1,1,7,9,1,10,1,14,,13,44,1,22,9,121.5352097,25.0516723
111,9,20,9,3,2,03中山區,中山區吉林路與錦州街口,0,0,1,1,B03,8,1,5,40,14,8,1,5,4,5,7,1,1,4,3,4,1,16,1,54,3,10,3,4,7,1,1,8,1,8,,19,19,1,22,9,121.5302874,25.06048932
111,9,20,9,3,2,03中山區,中山區吉林路與錦州街口,0,0,1,2,C03,8,1,5,40,14,8,1,5,4,5,7,1,1,4,3,4,1,16,1,32,2,8,1,4,7,9,1,10,1,12,,44,19,1,22,9,121.5302874,25.06048932
111,9,20,9,5,2,05中正區,中正區和平西路1段與南昌路2段口,0,0,1,1,B03,8,1,5,50,14,9,1,5,4,5,7,1,1,3,4,4,2,11,1,70,3,10,1,1,7,6,1,8,2,5,,23,23,1,22,9,121.5152575,25.0273036
111,9,20,9,5,2,05中正區,中正區和平西路1段與南昌路2段口,0,0,1,2,F01,8,1,5,50,14,9,1,5,4,5,7,1,1,3,4,4,2,11,2,29,2,9,1,1,7,11,8,20,2,16,,11,23,1,22,9,121.5152575,25.0273036
111,9,20,9,5,2,08士林區,士林區至誠路1段雨農橋,0,0,1,1,B03,8,1,5,50,3,1,1,5,4,5,7,1,1,5,4,5,2,12,1,69,3,10,3,4,7,6,1,8,1,8,,9,9,1,22,9,121.5329065,25.10151661
111,9,20,9,5,2,08士林區,士林區至誠路1段雨農橋,0,0,1,2,C03,8,1,5,50,3,1,1,5,4,5,7,1,1,5,4,5,2,12,2,19,2,8,3,4,7,9,1,10,1,14,,23,9,1,22,9,121.5329065,25.10151661
111,9,20,9,10,2,11南港區,南港區舊莊街2段302巷2-1號,0,0,1,1,B03,8,1,5,40,15,9,1,5,4,5,7,4,4,10,5,5,2,17,1,66,3,10,3,4,7,9,1,8,2,4,,43,43,1,22,9,121.646565,25.027598
111,9,20,9,10,2,11南港區,南港區舊莊街2段302巷2-1號,0,0,1,2,F01,8,1,5,40,15,9,1,5,4,5,7,4,4,10,5,5,2,17,2,37,2,9,3,4,7,9,8,20,1,16,,43,43,1,22,9,121.646565,25.027598
111,9,20,9,49,2,02萬華區,萬華區長順街與長順街14巷口,0,0,1,1,C03,8,1,5,30,4,1,1,5,4,5,7,4,4,10,5,5,2,16,1,37,2,9,3,4,7,9,1,10,1,11,,6,6,1,22,9,121.4902727,25.0316082
111,9,20,9,49,2,02萬華區,萬華區長順街與長順街14巷口,0,0,1,2,B02,8,1,5,30,4,1,1,5,4,5,7,4,4,10,5,5,2,16,1,20,3,10,3,4,7,9,1,8,1,2,,44,6,1,22,9,121.4902727,25.0316082
111,9,20,9,50,2,11南港區,南港區研究院路2段與研究院路2段口路邊停車格36號,0,0,2,1,C03,8,1,5,50,14,9,1,5,4,5,7,4,4,9,4,5,2,12,1,19,2,9,1,1,7,8,1,10,1,11,,23,23,1,22,9,121.6171988,25.0443662
111,9,20,9,50,2,11南港區,南港區研究院路2段與研究院路2段口路邊停車格36號,0,0,2,2,C04,8,1,5,50,14,9,1,5,4,5,7,4,4,9,4,5,2,12,2,44,2,8,1,1,7,14,1,10,1,13,,44,23,1,22,9,121.6171988,25.0443662
111,9,20,9,50,2,11南港區,南港區研究院路2段與研究院路2段口路邊停車格36號,0,0,2,3,C02,8,1,5,50,14,9,1,5,4,5,7,4,4,9,4,5,2,12,1,34,3,10,3,1,7,13,1,9,1,14,,44,23,1,22,9,121.6171988,25.0443662
111,9,20,9,59,2,02萬華區,萬華區西園路2段與西園路2段11巷口,0,0,1,1,C03,8,1,5,50,4,1,1,5,4,5,7,2,1,1,4,5,2,12,2,24,3,10,1,1,7,6,1,10,1,12,,6,6,1,22,9,121.4974039,25.0319493
111,9,20,9,59,2,02萬華區,萬華區西園路2段與西園路2段11巷口,0,0,1,2,C03,8,1,5,50,4,1,1,5,4,5,7,2,1,1,4,5,2,12,2,19,2,8,1,1,7,9,1,10,1,11,,44,6,1,22,9,121.4974039,25.0319493
111,9,20,10,13,2,03中山區,中山區南京東路3段36號,0,0,1,1,C03,8,1,5,50,14,9,1,5,4,5,7,4,4,1,4,4,1,13,1,22,2,7,1,1,7,9,1,10,1,11,,16,16,1,22,9,121.5382596,25.0516878
111,9,20,10,13,2,03中山區,中山區南京東路3段36號,0,0,1,2,B03,8,1,5,50,14,9,1,5,4,5,7,4,4,1,4,4,1,13,2,48,3,10,1,1,7,9,1,8,1,3,,44,16,1,22,9,121.5382596,25.0516878
111,9,20,10,31,2,05中正區,中正區青島東路(中山南與鎮江街之間),0,0,1,1,B03,8,1,5,50,14,9,1,5,4,5,7,4,4,10,3,5,2,17,2,59,3,10,1,1,7,1,1,8,2,15,,19,19,1,22,9,121.5199176,25.04435429
111,9,20,10,31,2,05中正區,中正區青島東路(中山南與鎮江街之間),0,0,1,2,C03,8,1,5,50,14,9,1,5,4,5,7,4,4,10,3,5,2,17,2,49,2,9,1,1,7,9,1,10,2,15,,44,19,1,22,9,121.5199176,25.04435429
111,9,20,10,35,2,12內湖區,內湖區內湖路1段288巷與內湖路1段口,0,0,2,1,C03,8,1,5,50,14,9,1,5,4,5,7,4,4,9,5,5,2,16,1,18,2,9,1,1,7,1,1,10,1,11,,19,19,1,22,9,121.5683611,25.08180569
111,9,20,10,35,2,12內湖區,內湖區內湖路1段288巷與內湖路1段口,0,0,2,2,C03,8,1,5,50,14,9,1,5,4,5,7,4,4,9,5,5,2,16,1,24,2,9,1,1,7,9,1,10,1,11,,44,19,1,22,9,121.5683611,25.08180569
111,9,20,10,44,2,04大安區,大安區復興南路1段196巷與仁愛路3段143巷口,0,0,1,1,C03,8,1,5,30,4,1,1,5,4,5,7,4,4,10,5,5,2,15,1,26,2,9,1,4,7,9,1,10,1,12,,6,6,1,22,9,121.5430299,25.03984484
111,9,20,10,44,2,04大安區,大安區復興南路1段196巷與仁愛路3段143巷口,0,0,1,2,B02,8,1,5,30,4,1,1,5,4,5,7,4,4,10,5,5,2,15,1,20,3,10,3,4,7,9,1,8,1,1,,23,6,1,22,9,121.5430299,25.03984484
111,9,20,10,50,2,05中正區,中正區青島西路13號,0,0,1,1,B03,8,1,5,50,14,9,1,5,4,5,7,1,1,9,4,5,2,16,1,30,3,10,1,1,7,11,1,8,2,4,,10,10,1,22,9,121.5175021,25.0450637
111,9,20,10,50,2,05中正區,中正區青島西路13號,0,0,1,2,C03,8,1,5,50,14,9,1,5,4,5,7,1,1,9,4,5,2,16,1,42,2,9,1,1,7,9,1,10,2,11,,23,10,1,22,9,121.5175021,25.0450637
111,9,20,11,15,2,03中山區,中山區濱江街105號,0,0,2,1,C03,8,1,5,30,14,9,1,5,4,5,7,4,4,9,4,5,2,16,1,44,2,9,1,1,7,1,1,10,2,14,,19,19,1,5,3,121.5355832,25.07316721
111,9,20,11,15,2,03中山區,中山區濱江街105號,0,0,2,2,C03,8,1,5,30,14,9,1,5,4,5,7,4,4,9,4,5,2,16,1,24,2,9,1,1,7,9,1,10,2,11,,44,19,1,5,3,121.5355832,25.07316721