發生年度,發生月,發生日,發生時-Hours,發生分,處理別-編號,區序,肇事地點,死亡人數,2-30日死亡人數,受傷人數,當事人序號,車種,天候,光線,道路類別,速限-速度限制,道路型態,事故位置,路面狀況1,路面狀況2,路面狀況3,道路障礙1,道路障礙2,號誌1,號誌2,車道劃分-分向,車道劃分-分道1,車道劃分-分道2,車道劃分-分道3,事故類型及型態,性別,年齡,受傷程度,主要傷處,安全帽,行動電話,車輛用途,當事者行動狀態,駕駛資格情形,駕駛執照種類,飲酒情形,車輛撞擊部位1,車輛撞擊部位2,肇因碼-個別,肇因碼-主要,個人肇逃否,職業,旅次目的,座標-X,座標-Y
111,9,20,11,30,2,10文山區,文山區羅斯福路6段與景中街口,0,0,1,1,A02,8,1,5,50,4,1,1,5,4,5,7,2,1,1,4,5,2,9,1,40,3,10,1,1,7,9,1,2,11,15,,43,43,1,22,9,121.5409005,24.9932366
111,9,20,11,30,2,10文山區,文山區羅斯福路6段與景中街口,0,0,1,2,H02,8,1,5,50,4,1,1,5,4,5,7,2,1,1,4,5,2,9,2,67,2,1,4,5,7,20,8,20,10,16,,67,43,1,22,9,121.5409005,24.9932366
111,9,20,11,36,2,09北投區,北投區大度路1段與承德路7段口,0,0,1,1,B03,8,1,5,60,5,1,1,5,4,5,7,1,1,1,4,5,2,16,1,22,3,10,1,1,7,11,1,8,11,3,,10,10,2,22,9,121.4999137,25.1207282
111,9,20,11,36,2,09北投區,北投區大度路1段與承德路7段口,0,0,1,2,C03,8,1,5,60,5,1,1,5,4,5,7,1,1,1,4,5,2,16,1,24,2,9,1,1,7,9,1,10,11,11,,13,10,1,22,9,121.4999137,25.1207282
111,9,20,11,57,2,09北投區,北投區立農街2段與義理街口,0,0,2,1,H01,8,1,5,50,3,2,1,5,4,5,7,4,4,5,5,5,2,3,1,27,2,9,4,5,8,16,8,20,10,15,,51,51,1,22,9,121.5164356,25.1186309
111,9,20,11,57,2,09北投區,北投區立農街2段與義理街口,0,0,2,2,C03,8,1,5,50,3,2,1,5,4,5,7,4,4,5,5,5,2,3,1,21,2,8,1,1,7,9,1,10,2,11,,23,51,1,22,9,121.5164356,25.1186309
111,9,20,12,25,2,11南港區,南港區玉成街48號,0,0,1,1,F01,8,1,5,30,14,9,1,5,4,5,7,4,4,5,5,5,2,12,1,75,2,9,3,1,7,5,8,20,1,16,,26,26,1,22,9,121.5817315,25.0471285
111,9,20,12,25,2,11南港區,南港區玉成街48號,0,0,1,2,C03,8,1,5,30,14,9,1,5,4,5,7,4,4,5,5,5,2,12,2,32,3,10,1,1,7,9,1,10,1,11,,44,26,1,22,9,121.5817315,25.0471285
111,9,20,12,26,2,03中山區,中山區民族東路與吉林路口,0,0,2,1,C03,8,1,5,50,3,1,1,5,4,5,7,1,1,1,4,5,2,15,1,23,3,10,1,4,7,9,1,10,1,12,,43,43,1,22,9,121.5304479,25.06833884
111,9,20,12,26,2,03中山區,中山區民族東路與吉林路口,0,0,2,2,C03,8,1,5,50,3,1,1,5,4,5,7,1,1,1,4,5,2,15,1,39,2,9,1,4,7,1,1,10,1,11,,43,43,1,22,9,121.5304479,25.06833884
111,9,20,12,26,2,03中山區,中山區民族東路與吉林路口,0,0,2,3,H02,8,1,5,50,3,1,1,5,4,5,7,1,1,1,4,5,2,15,2,49,2,9,4,5,7,21,8,20,10,16,,67,43,1,22,9,121.5304479,25.06833884
111,9,20,12,26,2,07信義區,信義區福德街15-1號,0,0,1,1,C03,8,1,5,30,14,9,1,5,4,5,7,4,4,10,4,5,2,18,1,62,2,1,1,1,7,9,1,10,1,14,,43,43,1,22,9,121.5801218,25.03646475
111,9,20,12,26,2,07信義區,信義區福德街15-1號,0,0,1,2,,8,1,5,30,14,9,1,5,4,5,7,4,4,10,4,5,2,18,3,,,,,,,,,,,,,67,43,1,,,121.5801218,25.03646475
111,9,20,12,28,2,06松山區,松山區八德路2段414號,0,0,1,1,B03,8,1,5,50,14,9,1,5,4,5,7,2,1,5,4,5,2,16,1,27,3,10,1,1,7,8,1,8,1,5,,23,23,1,22,9,121.5469097,25.0481559
111,9,20,12,28,2,06松山區,松山區八德路2段414號,0,0,1,2,C03,8,1,5,50,14,9,1,5,4,5,7,2,1,5,4,5,2,16,1,66,2,9,1,1,7,7,1,10,1,13,,7,23,1,22,9,121.5469097,25.0481559
111,9,20,12,30,2,01大同區,大同區民族西路253號,0,0,1,1,B03,8,1,5,50,14,9,1,5,4,5,7,4,4,5,4,5,2,16,1,61,3,10,3,4,7,11,1,8,2,8,,10,10,1,22,9,121.5115888,25.0687819
111,9,20,12,30,2,01大同區,大同區民族西路253號,0,0,1,2,C03,8,1,5,50,14,9,1,5,4,5,7,4,4,5,4,5,2,16,1,44,2,9,1,4,7,9,1,10,2,14,,44,10,1,22,9,121.5115888,25.0687819
111,9,20,12,31,2,02萬華區,萬華區環河南路1段洛陽停車場入口前,0,0,1,1,B03,8,1,5,50,14,9,1,5,4,5,7,4,4,5,4,5,2,17,1,53,3,10,1,1,7,5,1,8,1,2,,8,8,1,22,9,121.5052917,25.04817001
111,9,20,12,31,2,02萬華區,萬華區環河南路1段洛陽停車場入口前,0,0,1,2,C03,8,1,5,50,14,9,1,5,4,5,7,4,4,5,4,5,2,17,1,20,2,9,1,1,7,9,1,10,1,11,,13,8,1,22,9,121.5052917,25.04817001
111,9,20,12,40,2,08士林區,士林區天母西路38巷第19號停車格,0,0,1,1,B03,8,1,5,50,14,9,1,5,4,5,7,4,4,9,5,5,2,8,1,71,3,10,1,1,7,15,1,8,2,7,,43,43,1,22,9,121.5261203,25.11753208
111,9,20,12,40,2,08士林區,士林區天母西路38巷第19號停車格,0,0,1,2,H01,8,1,5,50,14,9,1,5,4,5,7,4,4,9,5,5,2,8,1,69,2,8,4,5,8,17,8,20,10,16,,60,43,1,22,9,121.5261203,25.11753208
111,9,20,12,42,2,01大同區,大同區民權西路240號,0,0,1,1,C03,8,1,5,50,14,9,1,5,4,5,7,4,4,1,4,5,2,13,1,37,2,9,1,4,7,9,1,10,2,11,,16,16,1,22,9,121.5128337,25.06285217
111,9,20,12,42,2,01大同區,大同區民權西路240號,0,0,1,2,B02,8,1,5,50,14,9,1,5,4,5,7,4,4,1,4,5,2,13,1,32,3,10,1,4,7,1,1,8,2,3,,44,16,1,22,9,121.5128337,25.06285217
111,9,20,13,0,2,02萬華區,萬華區西園路2段與西園路2段81巷口,0,0,1,1,C03,8,1,5,50,3,2,1,5,4,5,7,4,4,1,4,5,1,17,1,20,2,7,3,4,7,9,1,10,2,11,,23,23,1,22,9,121.4966138,25.0305357
111,9,20,13,0,2,02萬華區,萬華區西園路2段與西園路2段81巷口,0,0,1,2,B02,8,1,5,50,3,2,1,5,4,5,7,4,4,1,4,5,1,17,1,23,3,10,3,4,7,8,1,8,2,7,,7,23,1,22,9,121.4966138,25.0305357
111,9,20,13,0,2,02萬華區,萬華區西園路2段與西園路2段81巷口,0,0,1,3,B03,8,1,5,50,3,2,1,5,4,5,7,4,4,1,4,5,1,17,1,62,3,10,3,4,7,13,1,8,2,15,,38,23,1,22,9,121.4966138,25.0305357
111,9,20,13,5,2,04大安區,大安區和平東路1段與金山南路2段口,0,0,1,1,B03,7,1,5,50,3,2,1,5,4,5,7,2,1,1,4,5,2,13,2,19,3,10,3,4,7,6,1,8,1,2,,9,9,1,22,9,121.5252369,25.02668046
111,9,20,13,5,2,04大安區,大安區和平東路1段與金山南路2段口,0,0,1,2,C03,7,1,5,50,3,2,1,5,4,5,7,2,1,1,4,5,2,13,2,24,2,9,1,4,7,9,1,10,1,14,,23,9,1,22,9,121.5252369,25.02668046
111,9,20,13,10,2,08士林區,士林區中山北路5段與福國路口,0,0,4,2,C03,8,1,5,50,3,1,1,5,4,5,7,2,1,1,3,5,1,16,2,46,2,9,1,1,7,5,1,10,1,14,,25,44,1,22,9,121.5256037,25.10250426
111,9,20,13,10,2,08士林區,士林區中山北路5段與福國路口,0,0,4,3,F01,8,1,5,50,3,1,1,5,4,5,7,2,1,1,3,5,1,16,2,54,2,9,1,1,7,15,8,20,10,16,,44,44,1,22,9,121.5256037,25.10250426
111,9,20,13,10,2,08士林區,士林區中山北路5段與福國路口,0,0,4,4,H02,8,1,5,50,3,1,1,5,4,5,7,2,1,1,3,5,1,16,2,56,2,9,4,5,7,20,8,20,10,16,,67,44,1,22,9,121.5256037,25.10250426
111,9,20,13,10,2,08士林區,士林區中山北路5段與福國路口,0,0,4,1,C03,8,1,5,50,3,1,1,5,4,5,7,2,1,1,3,5,1,16,1,57,2,8,1,1,7,9,1,10,1,12,,44,44,1,22,9,121.5256037,25.10250426
111,9,20,13,14,2,02萬華區,萬華區和平西路3段與南寧路口,0,0,1,1,C03,8,1,5,50,5,1,1,5,4,5,7,2,1,1,4,5,2,12,1,58,2,9,1,1,7,7,1,10,1,14,,7,7,1,22,9,121.5032479,25.0351447
111,9,20,13,14,2,02萬華區,萬華區和平西路3段與南寧路口,0,0,1,2,B03,8,1,5,50,5,1,1,5,4,5,7,2,1,1,4,5,2,12,1,55,3,10,1,1,7,5,1,8,1,6,,44,7,1,22,9,121.5032479,25.0351447
111,9,20,13,29,2,04大安區,大安區市民大道4段66號前,0,0,2,1,C03,8,1,5,40,3,2,1,5,4,5,7,4,4,10,4,5,2,17,1,41,2,9,1,1,7,15,1,10,1,13,,6,6,1,22,9,121.5472784,25.04490197
111,9,20,13,29,2,04大安區,大安區市民大道4段66號前,0,0,2,2,C03,8,1,5,40,3,2,1,5,4,5,7,4,4,10,4,5,2,17,1,29,2,9,1,1,7,9,1,10,1,11,,23,6,1,22,9,121.5472784,25.04490197
111,9,20,13,29,2,04大安區,大安區市民大道4段66號前,0,0,2,3,C03,8,1,5,40,3,2,1,5,4,5,7,4,4,10,4,5,2,17,3,,,,,,,,,,,,,67,6,1,,,121.5472784,25.04490197
111,9,20,13,30,2,08士林區,士林區東山路25巷81弄,0,0,1,1,C03,8,1,5,30,14,9,1,5,4,5,7,1,1,10,5,5,1,13,1,18,2,7,1,1,7,9,1,10,1,11,,16,16,1,22,9,121.5416066,25.12116376
111,9,20,13,30,2,08士林區,士林區東山路25巷81弄,0,0,1,2,B03,8,1,5,30,14,9,1,5,4,5,7,1,1,10,5,5,1,13,1,70,3,10,1,1,7,9,1,8,1,6,,44,16,1,22,9,121.5416066,25.12116376
111,9,20,13,30,2,08士林區,士林區東山路25巷81弄,0,0,1,3,B03,8,1,5,30,14,9,1,5,4,5,7,1,1,10,5,5,1,13,1,66,3,10,1,1,7,7,1,8,1,15,,5,16,1,22,9,121.5416066,25.12116376
111,9,20,13,42,2,01大同區,大同區承德路3段62號,0,0,3,1,C03,8,1,5,50,14,9,1,5,4,5,7,4,4,5,4,5,2,16,1,50,2,7,3,4,7,1,1,10,2,14,,19,19,1,22,9,121.5182096,25.06569383
111,9,20,13,42,2,01大同區,大同區承德路3段62號,0,0,3,2,C03,8,1,5,50,14,9,1,5,4,5,7,4,4,5,4,5,2,16,1,53,2,9,3,4,7,9,1,10,2,11,,42,19,1,22,9,121.5182096,25.06569383
111,9,20,13,42,2,01大同區,大同區承德路3段62號,0,0,3,3,H02,8,1,5,50,14,9,1,5,4,5,7,4,4,5,4,5,2,16,2,29,2,9,3,4,7,21,8,20,10,16,,67,19,1,22,9,121.5182096,25.06569383
111,9,20,14,5,2,04大安區,大安區復興南路1段219巷與仁愛路4段27巷口,0,0,1,1,B03,8,1,5,30,4,1,1,5,4,5,7,4,4,10,5,5,2,1,1,34,3,10,1,1,7,5,1,10,1,1,,8,8,1,22,9,121.5452462,25.0390142
111,9,20,14,5,2,04大安區,大安區復興南路1段219巷與仁愛路4段27巷口,0,0,1,2,H01,8,1,5,30,4,1,1,5,4,5,7,4,4,10,5,5,2,1,1,31,2,9,4,1,8,16,8,20,1,16,,67,8,1,22,9,121.5452462,25.0390142
111,9,20,14,16,2,07信義區,信義區光復南路與信義路4段口,0,0,2,1,C03,8,1,5,50,4,1,1,5,4,5,7,2,1,1,4,5,1,13,1,53,2,7,3,4,7,9,1,10,1,11,,16,16,1,22,9,121.5575141,25.03321284
111,9,20,14,16,2,07信義區,信義區光復南路與信義路4段口,0,0,2,2,C04,8,1,5,50,4,1,1,5,4,5,7,2,1,1,4,5,1,13,2,25,2,7,3,4,7,9,1,10,1,13,,16,16,1,22,9,121.5575141,25.03321284
111,9,20,14,16,2,07信義區,信義區光復南路與信義路4段口,0,0,2,3,C03,8,1,5,50,4,1,1,5,4,5,7,2,1,1,4,5,1,13,1,30,3,10,3,4,7,9,1,10,1,13,,44,16,1,22,9,121.5575141,25.03321284
111,9,20,14,20,2,11南港區,南港區向陽路248號,0,0,1,1,B11,8,1,5,50,3,2,1,5,4,5,7,4,4,9,5,5,2,16,1,58,3,10,1,1,7,14,1,8,1,15,,44,44,1,22,9,121.5930625,25.05771021
111,9,20,14,20,2,11南港區,南港區向陽路248號,0,0,1,2,B03,8,1,5,50,3,2,1,5,4,5,7,4,4,9,5,5,2,16,1,40,3,10,1,1,7,9,1,8,1,5,,44,44,1,22,9,121.5930625,25.05771021
111,9,20,14,20,2,11南港區,南港區向陽路248號,0,0,1,3,C03,8,1,5,50,3,2,1,5,4,5,7,4,4,9,5,5,2,16,2,27,2,9,1,1,7,1,1,10,1,14,,19,44,1,22,9,121.5930625,25.05771021
111,9,20,14,25,2,03中山區,中山區新生北路3段3巷與中原街口,0,0,3,1,C03,8,1,5,30,4,1,1,5,4,5,7,4,4,9,5,5,2,15,1,47,2,9,3,4,7,9,1,10,1,14,,2,2,1,22,9,121.5289901,25.06315856
111,9,20,14,25,2,03中山區,中山區新生北路3段3巷與中原街口,0,0,3,2,C03,8,1,5,30,4,1,1,5,4,5,7,4,4,9,5,5,2,15,1,28,2,9,3,4,7,9,3,18,1,11,,14,2,1,22,9,121.5289901,25.06315856
111,9,20,14,25,2,03中山區,中山區新生北路3段3巷與中原街口,0,0,3,3,H02,8,1,5,30,4,1,1,5,4,5,7,4,4,9,5,5,2,15,2,23,2,9,4,5,7,17,8,20,10,16,,67,2,1,22,9,121.5289901,25.06315856
111,9,20,14,25,2,04大安區,大安區和平東路1段17號,0,0,1,1,B03,8,1,5,50,14,9,1,5,4,5,7,2,1,4,1,5,1,13,1,23,3,10,3,4,7,15,1,8,1,8,,16,16,1,22,9,121.5227729,25.02703711
111,9,20,14,25,2,04大安區,大安區和平東路1段17號,0,0,1,2,C02,8,1,5,50,14,9,1,5,4,5,7,2,1,4,1,5,1,13,1,55,2,9,3,4,7,15,1,9,1,13,,44,16,1,22,9,121.5227729,25.02703711
111,9,20,14,25,2,04大安區,大安區和平東路1段17號,0,0,1,3,A02,8,1,5,50,14,9,1,5,4,5,7,2,1,4,1,5,1,13,1,57,3,10,3,4,7,15,1,2,1,1,,44,16,1,22,9,121.5227729,25.02703711
111,9,20,14,33,2,06松山區,松山區復興北路367號,0,0,1,1,B11,8,1,5,50,14,9,1,5,4,5,7,4,4,1,4,4,2,12,1,54,3,10,1,1,7,6,1,8,1,5,,9,9,1,22,9,121.544331,25.06168509
111,9,20,14,33,2,06松山區,松山區復興北路367號,0,0,1,2,C03,8,1,5,50,14,9,1,5,4,5,7,4,4,1,4,4,2,12,1,49,2,7,1,1,7,9,1,10,1,14,,44,9,1,22,9,121.544331,25.06168509
111,9,20,14,39,2,08士林區,士林區中山北路5段與中正路口,0,0,1,1,C03,8,1,5,50,4,2,1,5,4,5,7,2,1,1,5,5,1,17,2,64,2,9,1,1,7,8,1,10,2,12,,7,7,1,22,9,121.5280774,25.0957263
111,9,20,14,39,2,08士林區,士林區中山北路5段與中正路口,0,0,1,2,C03,8,1,5,50,4,2,1,5,4,5,7,2,1,1,5,5,1,17,1,19,3,10,1,1,7,9,1,10,2,11,,23,7,1,22,9,121.5280774,25.0957263
111,9,20,14,50,2,03中山區,中山區民權西路40號,0,0,1,1,B03,8,1,5,50,14,9,1,5,4,5,7,4,4,1,3,5,2,16,1,48,3,10,1,4,7,8,1,10,1,5,,7,7,1,22,9,121.5210989,25.06271984
111,9,20,14,50,2,03中山區,中山區民權西路40號,0,0,1,2,C03,8,1,5,50,14,9,1,5,4,5,7,4,4,1,3,5,2,16,1,25,2,9,1,4,7,9,1,10,1,11,,23,7,1,22,9,121.5210989,25.06271984
111,9,20,15,0,2,11南港區,南港區東新街與東新街89巷口,0,0,1,1,B12,8,1,5,50,14,9,1,5,4,5,7,4,4,5,5,5,2,17,1,54,3,10,1,1,7,11,1,4,2,15,,4,4,1,22,9,121.5889457,25.04659758
111,9,20,15,0,2,11南港區,南港區東新街與東新街89巷口,0,0,1,2,C03,8,1,5,50,14,9,1,5,4,5,7,4,4,5,5,5,2,17,1,48,2,9,1,1,7,9,1,10,2,15,,44,4,1,22,9,121.5889457,25.04659758
111,9,20,15,17,2,01大同區,大同區民生西路與民樂街口,0,0,1,1,B03,8,1,5,50,5,1,1,5,4,5,7,2,1,9,4,5,2,16,2,47,3,10,3,4,7,6,1,8,1,2,,6,6,1,22,9,121.5106504,25.05694848
111,9,20,15,17,2,01大同區,大同區民生西路與民樂街口,0,0,1,2,C03,8,1,5,50,5,1,1,5,4,5,7,2,1,9,4,5,2,16,1,53,2,9,1,1,7,9,1,10,1,14,,44,6,1,22,9,121.5106504,25.05694848
111,9,20,15,20,2,12內湖區,內湖區內湖路1段411巷與港華街口,0,0,1,1,F01,7,1,5,50,4,1,1,5,4,5,7,1,1,10,4,5,2,15,1,83,2,8,1,1,7,11,8,20,1,15,,25,25,1,22,9,121.5719489,25.08394085
111,9,20,15,20,2,12內湖區,內湖區內湖路1段411巷與港華街口,0,0,1,2,B03,7,1,5,50,4,1,1,5,4,5,7,1,1,10,4,5,2,15,2,71,3,10,1,1,7,9,1,8,1,5,,44,25,1,22,9,121.5719489,25.08394085
111,9,20,15,44,2,01大同區,大同區承德路3段與庫倫街口,0,0,5,1,B03,8,1,5,50,4,2,1,5,4,5,7,2,1,1,4,5,2,16,1,63,2,9,3,4,7,9,1,8,2,1,,42,42,1,22,9,121.5184571,25.07184546
111,9,20,15,44,2,01大同區,大同區承德路3段與庫倫街口,0,0,5,2,C03,8,1,5,50,4,2,1,5,4,5,7,2,1,1,4,5,2,16,1,21,2,9,3,4,7,14,1,10,2,13,,42,42,1,22,9,121.5184571,25.07184546
111,9,20,15,44,2,01大同區,大同區承德路3段與庫倫街口,0,0,5,3,C03,8,1,5,50,4,2,1,5,4,5,7,2,1,1,4,5,2,16,2,70,2,9,3,4,7,14,1,10,2,13,,42,42,1,22,9,121.5184571,25.07184546
111,9,20,15,44,2,01大同區,大同區承德路3段與庫倫街口,0,0,5,4,C03,8,1,5,50,4,2,1,5,4,5,7,2,1,1,4,5,2,16,1,33,2,9,3,4,7,14,1,10,2,13,,42,42,1,22,9,121.5184571,25.07184546
111,9,20,15,44,2,01大同區,大同區承德路3段與庫倫街口,0,0,5,5,A02,8,1,5,50,4,2,1,5,4,5,7,2,1,1,4,5,2,16,1,62,3,10,3,4,7,6,1,2,2,7,,42,42,1,22,9,121.5184571,25.07184546
111,9,20,15,44,2,01大同區,大同區承德路3段與庫倫街口,0,0,5,6,H02,8,1,5,50,4,2,1,5,4,5,7,2,1,1,4,5,2,16,2,22,2,9,3,4,7,20,8,20,10,16,,67,42,1,22,9,121.5184571,25.07184546
111,9,20,15,50,2,03中山區,中山區建國北路1段67巷5號,0,0,1,1,C03,8,1,5,30,14,9,1,5,4,5,7,4,4,10,5,5,2,16,1,27,2,9,1,1,7,9,1,10,1,11,,4,4,1,5,5,121.5375959,25.05092422
111,9,20,15,50,2,03中山區,中山區建國北路1段67巷5號,0,0,1,2,B03,8,1,5,30,14,9,1,5,4,5,7,4,4,10,5,5,2,16,1,43,3,10,1,1,7,1,1,8,1,8,,19,4,1,5,5,121.5375959,25.05092422
111,9,20,16,0,2,06松山區,松山區市民大道5段與東寧路口,0,0,1,1,B12,8,1,5,40,3,2,1,5,4,5,7,2,1,3,4,5,2,16,1,61,3,10,1,1,7,6,1,4,1,6,,9,9,1,22,9,121.5629953,25.04736592
111,9,20,16,0,2,06松山區,松山區市民大道5段與東寧路口,0,0,1,2,C03,8,1,5,40,3,2,1,5,4,5,7,2,1,3,4,5,2,16,1,44,2,9,1,1,7,9,1,10,1,14,,23,9,1,22,9,121.5629953,25.04736592
111,9,20,16,16,2,05中正區,中正區延平南路與愛國西路口,0,0,1,1,C03,8,1,5,50,5,2,1,5,4,5,7,1,1,1,4,5,2,17,1,64,4,11,3,4,7,15,7,19,11,15,,25,25,2,22,9,121.5080868,25.0365475
111,9,20,16,16,2,05中正區,中正區延平南路與愛國西路口,0,0,1,2,C03,8,1,5,50,5,2,1,5,4,5,7,1,1,1,4,5,2,17,1,24,2,9,1,1,7,1,1,10,1,14,,25,25,1,22,9,121.5080868,25.0365475
111,9,20,16,36,2,06松山區,松山區新東街12巷與塔悠路口,0,0,1,1,B12,8,1,5,30,3,1,1,5,4,5,7,4,4,10,5,5,2,17,1,33,3,10,1,1,7,6,1,8,1,5,,6,6,1,22,9,121.5691333,25.05795638
111,9,20,16,36,2,06松山區,松山區新東街12巷與塔悠路口,0,0,1,2,F01,8,1,5,30,3,1,1,5,4,5,7,4,4,10,5,5,2,17,1,81,2,9,1,1,7,9,8,20,1,16,,23,6,1,22,9,121.5691333,25.05795638
111,9,20,16,45,2,07信義區,信義區嘉興街212號,0,0,3,1,C03,8,1,5,30,14,9,1,5,4,5,7,4,4,8,4,5,2,16,2,37,2,8,1,1,7,5,1,10,1,11,,8,8,1,22,9,121.5568461,25.02717756
111,9,20,16,45,2,07信義區,信義區嘉興街212號,0,0,3,2,C03,8,1,5,30,14,9,1,5,4,5,7,4,4,8,4,5,2,16,1,19,2,7,1,1,7,9,1,10,1,11,,13,8,1,22,9,121.5568461,25.02717756
111,9,20,16,45,2,07信義區,信義區嘉興街212號,0,0,3,5,H02,8,1,5,30,14,9,1,5,4,5,7,4,4,8,4,5,2,16,2,20,2,8,1,1,7,20,8,20,10,16,,67,8,1,22,9,121.5568461,25.02717756
111,9,20,16,45,2,07信義區,信義區嘉興街212號,0,0,3,3,B03,8,1,5,30,14,9,1,5,4,5,7,4,4,8,4,5,2,16,1,45,3,10,1,1,7,15,1,8,1,4,,38,8,1,22,9,121.5568461,25.02717756
111,9,20,16,45,2,07信義區,信義區嘉興街212號,0,0,3,4,B03,8,1,5,30,14,9,1,5,4,5,7,4,4,8,4,5,2,16,1,40,3,10,1,1,7,15,1,8,1,7,,38,8,1,22,9,121.5568461,25.02717756
111,9,20,17,0,2,07信義區,信義區基隆路2段與信義路4段450巷口口,0,0,1,1,B02,8,1,5,50,4,1,1,5,4,5,7,1,1,2,4,5,2,17,1,26,3,10,1,1,7,6,1,8,2,2,,9,9,1,22,9,121.5588642,25.03200591
111,9,20,17,0,2,07信義區,信義區基隆路2段與信義路4段450巷口口,0,0,1,2,C03,8,1,5,50,4,1,1,5,4,5,7,1,1,2,4,5,2,17,1,18,2,2,1,1,7,9,3,18,2,11,,44,9,1,22,9,121.5588642,25.03200591
111,9,20,18,15,2,03中山區,中山區民族東路與松江路口,0,0,1,1,B03,8,1,5,50,5,1,1,5,4,5,7,2,1,1,4,5,2,16,1,35,3,10,3,4,7,9,1,8,1,1,,25,25,1,22,9,121.5329595,25.06831082
111,9,20,18,15,2,03中山區,中山區民族東路與松江路口,0,0,1,2,C03,8,1,5,50,5,1,1,5,4,5,7,2,1,1,4,5,2,16,1,22,2,9,3,4,7,6,1,10,1,13,,44,25,1,22,9,121.5329595,25.06831082
111,9,20,18,33,2,05中正區,中正區杭州南路1段105巷與仁愛路2段14巷口,0,0,1,1,C03,7,3,5,30,4,1,1,5,4,5,7,4,4,10,5,5,2,15,2,49,2,1,1,1,7,9,1,10,2,11,,6,6,1,22,9,121.5259125,25.0373195
111,9,20,18,33,2,05中正區,中正區杭州南路1段105巷與仁愛路2段14巷口,0,0,1,2,B01,7,3,5,30,4,1,1,5,4,5,7,4,4,10,5,5,2,15,1,59,3,10,1,1,7,9,1,4,2,5,,23,6,1,22,9,121.5259125,25.0373195
111,9,20,18,47,2,04大安區,大安區忠孝東路4段310號與無名巷口,0,0,1,1,C03,8,3,5,50,3,2,1,5,4,5,7,4,4,10,5,5,1,12,1,86,2,9,1,4,7,1,1,10,1,14,,19,19,1,22,9,121.5569168,25.04109582
111,9,20,18,47,2,04大安區,大安區忠孝東路4段310號與無名巷口,0,0,1,2,B03,8,3,5,50,3,2,1,5,4,5,7,4,4,10,5,5,1,12,1,48,3,10,1,4,7,6,1,8,1,5,,44,19,1,22,9,121.5569168,25.04109582
111,9,20,19,1,2,05中正區,中正區基隆路4段與福和橋口(往新北市方向),0,0,1,1,C03,8,3,5,40,14,12,1,5,4,5,7,4,4,1,4,4,2,13,2,27,3,10,2,1,7,9,1,10,11,11,,16,16,2,22,9,121.5331679,25.00937847
111,9,20,19,1,2,05中正區,中正區基隆路4段與福和橋口(往新北市方向),0,0,1,2,C03,8,3,5,40,14,12,1,5,4,5,7,4,4,1,4,4,2,13,2,24,3,10,1,1,7,9,1,10,1,13,,16,16,1,22,9,121.5331679,25.00937847
111,9,20,19,1,2,05中正區,中正區基隆路4段與福和橋口(往新北市方向),0,0,1,3,C03,8,3,5,40,14,12,1,5,4,5,7,4,4,1,4,4,2,13,2,41,2,8,1,1,7,9,1,10,1,13,,44,16,1,22,9,121.5331679,25.00937847
111,9,20,19,25,2,11南港區,南港區市民大道7段與忠孝東路6段269巷口,0,0,2,1,C03,7,3,5,50,3,2,1,5,4,5,7,2,1,3,4,5,2,13,1,17,2,9,1,1,7,9,2,18,2,11,,16,16,1,22,9,121.5896059,25.0505899
111,9,20,19,25,2,11南港區,南港區市民大道7段與忠孝東路6段269巷口,0,0,2,2,C03,7,3,5,50,3,2,1,5,4,5,7,2,1,3,4,5,2,13,2,25,3,10,1,1,7,9,1,10,2,13,,44,16,1,22,9,121.5896059,25.0505899
111,9,20,19,25,2,11南港區,南港區市民大道7段與忠孝東路6段269巷口,0,0,2,3,H02,7,3,5,50,3,2,1,5,4,5,7,2,1,3,4,5,2,13,1,17,2,9,1,5,7,20,8,20,10,16,,67,16,1,22,9,121.5896059,25.0505899
111,9,20,19,36,2,11南港區,南港區南港路3段與昆陽街口,0,0,1,1,B03,7,3,5,50,3,1,1,5,4,5,7,2,3,4,3,5,2,11,1,36,3,10,1,1,7,5,1,8,1,6,,8,8,1,22,9,121.5922999,25.0541875
111,9,20,19,36,2,11南港區,南港區南港路3段與昆陽街口,0,0,1,2,C03,7,3,5,50,3,1,1,5,4,5,7,2,3,4,3,5,2,11,1,30,2,9,1,1,7,9,1,10,1,11,,44,8,1,22,9,121.5922999,25.0541875
111,9,20,20,22,2,04大安區,大安區仁愛路3段26-5號,0,0,1,1,C03,8,3,5,50,14,9,1,5,4,5,7,4,4,1,5,5,1,17,1,19,2,9,3,4,7,9,1,10,1,12,,16,16,1,22,9,121.536317,25.0377633
111,9,20,20,22,2,04大安區,大安區仁愛路3段26-5號,0,0,1,2,B01,8,3,5,50,14,9,1,5,4,5,7,4,4,1,5,5,1,17,1,56,3,10,3,4,7,3,1,4,1,15,,42,16,1,22,9,121.536317,25.0377633
111,9,20,20,26,2,09北投區,北投區明德路與明德路191巷口,0,0,2,1,,8,1,5,50,4,1,1,5,4,5,7,4,4,5,4,5,2,27,3,,,,,,,,,,,,,66,66,1,,,121.5212839,25.11159193
111,9,20,20,26,2,09北投區,北投區明德路與明德路191巷口,0,0,2,2,C03,8,1,5,50,4,1,1,5,4,5,7,4,4,5,4,5,2,27,1,40,2,9,1,1,7,9,1,10,2,11,,44,66,1,22,9,121.5212839,25.11159193