發生年度,發生月,發生日,發生時-Hours,發生分,處理別-編號,區序,肇事地點,死亡人數,2-30日死亡人數,受傷人數,當事人序號,車種,天候,光線,道路類別,速限-速度限制,道路型態,事故位置,路面狀況1,路面狀況2,路面狀況3,道路障礙1,道路障礙2,號誌1,號誌2,車道劃分-分向,車道劃分-分道1,車道劃分-分道2,車道劃分-分道3,事故類型及型態,性別,年齡,受傷程度,主要傷處,安全帽,行動電話,車輛用途,當事者行動狀態,駕駛資格情形,駕駛執照種類,飲酒情形,車輛撞擊部位1,車輛撞擊部位2,肇因碼-個別,肇因碼-主要,個人肇逃否,職業,旅次目的,座標-X,座標-Y
111,9,20,20,26,2,09北投區,北投區明德路與明德路191巷口,0,0,2,3,H02,8,1,5,50,4,1,1,5,4,5,7,4,4,5,4,5,2,27,2,35,2,9,1,5,7,20,8,20,10,16,,67,66,1,22,9,121.5212839,25.11159193
111,9,20,21,0,2,12內湖區,內湖區民權東路6段與堤頂大道1段口,0,0,1,1,B03,8,3,5,70,3,2,1,5,4,5,7,1,1,1,4,5,2,13,1,39,3,10,1,1,7,9,1,8,1,1,,23,23,1,22,9,121.5722255,25.06508744
111,9,20,21,0,2,12內湖區,內湖區民權東路6段與堤頂大道1段口,0,0,1,2,B12,8,3,5,70,3,2,1,5,4,5,7,1,1,1,4,5,2,13,1,57,3,10,1,1,7,14,1,8,1,1,,44,23,1,22,9,121.5722255,25.06508744
111,9,20,21,0,2,12內湖區,內湖區民權東路6段與堤頂大道1段口,0,0,1,3,B03,8,3,5,70,3,2,1,5,4,5,7,1,1,1,4,5,2,13,1,28,3,10,1,1,7,14,1,8,1,3,,44,23,1,22,9,121.5722255,25.06508744
111,9,20,21,0,2,12內湖區,內湖區民權東路6段與堤頂大道1段口,0,0,1,4,H02,8,3,5,70,3,2,1,5,4,5,7,1,1,1,4,5,2,13,2,33,2,9,1,5,7,21,8,20,10,16,,67,23,1,22,9,121.5722255,25.06508744
111,9,20,21,10,2,12內湖區,內湖區康樂街73號,0,0,2,1,B02,7,3,5,50,14,9,1,5,4,5,7,4,4,9,5,5,2,12,1,20,3,10,1,1,7,9,1,8,1,2,,23,23,1,22,9,121.618539,25.0689915
111,9,20,21,10,2,12內湖區,內湖區康樂街73號,0,0,2,2,C03,7,3,5,50,14,9,1,5,4,5,7,4,4,9,5,5,2,12,1,39,2,9,1,1,7,7,1,10,1,14,,7,23,1,22,9,121.618539,25.0689915
111,9,20,21,10,2,12內湖區,內湖區康樂街73號,0,0,2,3,H02,7,3,5,50,14,9,1,5,4,5,7,4,4,9,5,5,2,12,2,26,2,9,1,5,7,20,8,20,10,16,,67,23,1,22,9,121.618539,25.0689915
111,9,20,21,10,2,12內湖區,內湖區康樂街73號,0,0,2,4,B03,7,3,5,50,14,9,1,5,4,5,7,4,4,9,5,5,2,12,1,61,3,10,1,1,7,14,1,8,9,15,,38,23,2,22,9,121.618539,25.0689915
111,9,20,21,21,2,03中山區,中山區南京東路1段96號,0,0,1,1,B01,8,3,5,50,14,9,1,5,4,5,7,4,4,7,4,5,2,12,1,48,3,10,1,1,7,8,1,4,1,6,,7,7,1,10,4,121.5258378,25.052025
111,9,20,21,21,2,03中山區,中山區南京東路1段96號,0,0,1,2,C03,8,3,5,50,14,9,1,5,4,5,7,4,4,7,4,5,2,12,2,30,2,9,1,1,7,9,1,10,1,11,,44,7,1,5,5,121.5258378,25.052025
111,9,20,21,25,2,03中山區,中山區大直街62巷與大直街62巷5弄口實踐大學門口,0,0,3,1,C03,8,3,5,30,4,1,5,5,4,5,7,4,4,10,5,5,2,15,1,21,2,9,1,1,7,9,1,10,2,14,,6,6,1,22,9,121.5453104,25.0828752
111,9,20,21,25,2,03中山區,中山區大直街62巷與大直街62巷5弄口實踐大學門口,0,0,3,2,C03,8,3,5,30,4,1,5,5,4,5,7,4,4,10,5,5,2,15,1,21,2,9,1,1,7,9,1,10,2,11,,6,6,1,22,9,121.5453104,25.0828752
111,9,20,21,25,2,03中山區,中山區大直街62巷與大直街62巷5弄口實踐大學門口,0,0,3,3,H02,8,3,5,30,4,1,5,5,4,5,7,4,4,10,5,5,2,15,2,21,2,9,1,5,7,20,8,20,10,16,,67,6,1,22,9,121.5453104,25.0828752
111,9,20,21,25,2,09北投區,北投區東華街1段406號,0,0,1,1,C03,8,3,5,50,14,9,1,5,4,5,7,4,4,9,5,5,2,17,2,18,2,9,3,4,7,9,1,10,2,11,,23,23,1,22,9,121.5182888,25.11097792
111,9,20,21,25,2,09北投區,北投區東華街1段406號,0,0,1,2,B03,8,3,5,50,14,9,1,5,4,5,7,4,4,9,5,5,2,17,1,44,3,10,3,4,7,13,1,8,9,7,,44,23,1,22,9,121.5182888,25.11097792
111,9,20,21,34,2,02萬華區,萬華區民和街與德昌街132巷口,0,0,1,1,F02,7,3,5,30,4,1,1,5,4,3,5,4,4,10,5,5,2,15,2,68,2,9,1,1,7,9,8,20,1,16,,6,6,1,22,9,121.4962946,25.02494576
111,9,20,21,34,2,02萬華區,萬華區民和街與德昌街132巷口,0,0,1,2,B03,7,3,5,30,4,1,1,5,4,3,5,4,4,10,5,5,2,15,1,36,3,10,1,1,7,9,1,8,1,5,,23,6,1,22,9,121.4962946,25.02494576
111,9,20,21,34,2,02萬華區,萬華區民和街與德昌街132巷口,0,0,1,3,B03,7,3,5,30,4,1,1,5,4,3,5,4,4,10,5,5,2,15,1,51,3,10,3,4,7,13,7,19,9,15,,38,6,2,22,9,121.4962946,25.02494576
111,9,20,21,34,2,02萬華區,萬華區民和街與德昌街132巷口,0,0,1,4,B03,7,3,5,30,4,1,1,5,4,3,5,4,4,10,5,5,2,15,1,48,4,11,3,4,7,13,1,8,9,15,,38,6,1,22,9,121.4962946,25.02494576
111,9,20,21,34,2,02萬華區,萬華區民和街與德昌街132巷口,0,0,1,5,B03,7,3,5,30,4,1,1,5,4,3,5,4,4,10,5,5,2,15,1,60,4,11,3,4,7,13,1,8,11,15,,38,6,2,22,9,121.4962946,25.02494576
111,9,20,21,34,2,02萬華區,萬華區民和街與德昌街132巷口,0,0,1,6,B03,7,3,5,30,4,1,1,5,4,3,5,4,4,10,5,5,2,15,1,37,3,10,3,1,7,13,1,8,9,15,,38,6,1,22,9,121.4962946,25.02494576
111,9,20,22,26,2,08士林區,士林區中山北路5段112號,0,0,1,1,C03,7,3,5,50,14,9,1,5,4,5,7,1,1,1,4,5,2,13,1,19,2,4,1,1,7,9,1,10,2,11,,16,16,1,22,9,121.5257502,25.0855377
111,9,20,22,26,2,08士林區,士林區中山北路5段112號,0,0,1,2,B01,7,3,5,50,14,9,1,5,4,5,7,1,1,1,4,5,2,13,1,59,3,10,1,1,7,12,1,8,2,3,,44,16,1,22,9,121.5257502,25.0855377
111,9,20,22,26,2,08士林區,士林區中山北路5段112號,0,0,1,3,C03,7,3,5,50,14,9,1,5,4,5,7,1,1,1,4,5,2,13,1,19,3,10,1,1,7,12,1,10,2,15,,42,16,1,22,9,121.5257502,25.0855377
111,9,20,22,50,2,02萬華區,萬華區青年路與水源路口,0,0,3,1,B12,8,3,5,50,4,1,1,5,4,5,7,2,1,3,5,5,1,11,1,58,2,7,1,4,7,9,1,8,1,1,,25,25,1,22,9,121.5043843,25.01981746
111,9,20,22,50,2,02萬華區,萬華區青年路與水源路口,0,0,3,2,B03,8,3,5,50,4,1,1,5,4,5,7,2,1,3,5,5,1,11,1,33,2,9,1,4,7,9,1,8,1,4,,44,25,1,22,9,121.5043843,25.01981746
111,9,20,22,50,2,02萬華區,萬華區青年路與水源路口,0,0,3,3,H02,8,3,5,50,4,1,1,5,4,5,7,2,1,3,5,5,1,11,2,61,2,9,1,5,7,20,8,20,10,16,,67,25,1,22,9,121.5043843,25.01981746
111,9,21,0,13,2,03中山區,中山區林森北路42號,0,0,1,1,C03,8,3,5,50,14,9,1,5,4,5,7,4,4,4,3,5,2,17,1,19,2,9,3,4,7,9,1,10,1,15,,44,44,1,22,9,121.5242814,25.04834514
111,9,21,0,13,2,03中山區,中山區林森北路42號,0,0,1,2,B03,8,3,5,50,14,9,1,5,4,5,7,4,4,4,3,5,2,17,4,,4,11,3,4,7,15,7,19,11,15,,43,44,2,22,9,121.5242814,25.04834514
111,9,21,0,13,2,03中山區,中山區林森北路42號,0,0,1,3,B01,8,3,5,50,14,9,1,5,4,5,7,4,4,4,3,5,2,17,4,,4,11,3,4,7,15,7,19,11,15,,43,44,2,22,9,121.5242814,25.04834514
111,9,21,0,43,2,11南港區,南港區昆陽街154號與昆陽街口,0,0,1,1,C03,7,3,5,50,3,1,1,5,4,5,7,4,4,4,3,5,2,16,1,18,3,10,1,1,7,9,1,10,1,14,,23,23,1,22,9,121.5941699,25.0488559
111,9,21,0,43,2,11南港區,南港區昆陽街154號與昆陽街口,0,0,1,2,C03,7,3,5,50,3,1,1,5,4,5,7,4,4,4,3,5,2,16,2,27,2,9,1,1,7,9,1,10,1,12,,44,23,1,22,9,121.5941699,25.0488559
111,9,21,0,59,2,09北投區,北投區西安街1段與建民路口,0,0,1,1,C02,8,3,5,30,3,1,1,5,4,5,7,4,4,9,4,5,2,17,1,20,3,10,1,1,7,6,1,9,1,14,,9,9,1,22,9,121.5182029,25.11013799
111,9,21,0,59,2,09北投區,北投區西安街1段與建民路口,0,0,1,2,C03,8,3,5,30,3,1,1,5,4,5,7,4,4,9,4,5,2,17,2,19,2,9,1,1,7,9,1,10,1,11,,44,9,1,22,9,121.5182029,25.11013799
111,9,21,0,59,2,09北投區,北投區西安街1段與建民路口,0,0,1,3,,8,3,5,30,3,1,1,5,4,5,7,4,4,9,4,5,2,17,3,,,,,,,,,,,,,67,9,1,,,121.5182029,25.11013799
111,9,21,1,14,2,09北投區,北投區湖山路1段與湖山路1段6巷口,0,0,1,1,C03,8,3,5,40,3,1,1,5,3,5,7,4,4,5,5,5,2,18,1,20,2,9,3,4,7,9,1,10,1,14,,43,43,1,22,9,121.5489211,25.15214216
111,9,21,1,14,2,09北投區,北投區湖山路1段與湖山路1段6巷口,0,0,1,2,,8,3,5,40,3,1,1,5,3,5,7,4,4,5,5,5,2,18,3,,,,,,,,,,,,,67,43,1,,,121.5489211,25.15214216
111,9,21,6,38,2,05中正區,中正區羅斯福路1段與南海路口,0,0,1,1,C03,8,1,5,50,14,9,1,5,4,5,7,1,1,9,4,5,2,12,1,26,2,9,1,1,7,5,1,10,2,14,,8,8,1,22,9,121.5180677,25.032954
111,9,21,6,38,2,05中正區,中正區羅斯福路1段與南海路口,0,0,1,2,C03,8,1,5,50,14,9,1,5,4,5,7,1,1,9,4,5,2,12,1,26,3,10,1,1,7,9,1,10,2,12,,13,8,1,22,9,121.5180677,25.032954
111,9,21,7,7,2,03中山區,中山區林森北路399巷與林森北路口口,0,0,1,1,B01,8,1,5,50,4,1,1,5,4,5,7,1,1,4,3,5,1,16,4,,4,11,3,4,7,15,7,19,11,15,,43,43,2,22,9,121.5255719,25.0591315
111,9,21,7,7,2,03中山區,中山區林森北路399巷與林森北路口口,0,0,1,2,C03,8,1,5,50,4,1,1,5,4,5,7,1,1,4,3,5,1,16,2,53,2,8,1,1,7,9,1,10,1,14,,44,43,1,22,9,121.5255719,25.0591315
111,9,21,7,35,2,07信義區,信義區松隆路123巷與基隆路1段35巷7弄口,0,0,1,1,C03,7,1,5,30,4,1,1,5,4,5,7,4,4,8,3,5,2,17,1,46,2,8,1,1,7,9,1,10,1,12,,6,6,1,22,9,121.5716092,25.047949
111,9,21,7,35,2,07信義區,信義區松隆路123巷與基隆路1段35巷7弄口,0,0,1,2,B03,7,1,5,30,4,1,1,5,4,5,7,4,4,8,3,5,2,17,1,31,3,10,1,1,7,9,1,8,1,8,,14,6,1,22,9,121.5716092,25.047949
111,9,21,7,38,2,05中正區,中正區和平西路2段與和平西路2段52巷口口,0,0,2,1,C03,8,1,5,50,3,2,1,5,4,5,7,4,4,1,4,5,1,17,1,24,2,9,1,1,7,9,1,10,2,11,,16,16,1,22,9,121.5125581,25.02868974
111,9,21,7,38,2,05中正區,中正區和平西路2段與和平西路2段52巷口口,0,0,2,2,B03,8,1,5,50,3,2,1,5,4,5,7,4,4,1,4,5,1,17,1,64,3,10,1,1,7,15,6,18,2,7,,44,16,1,22,9,121.5125581,25.02868974
111,9,21,7,38,2,05中正區,中正區和平西路2段與和平西路2段52巷口口,0,0,2,3,C03,8,1,5,50,3,2,1,5,4,5,7,4,4,1,4,5,1,17,1,21,2,9,1,1,7,9,1,10,2,12,,44,16,1,22,9,121.5125581,25.02868974
111,9,21,7,38,2,05中正區,中正區和平西路2段與和平西路2段52巷口口,0,0,2,4,B03,8,1,5,50,3,2,1,5,4,5,7,4,4,1,4,5,1,17,1,45,3,10,1,1,7,1,1,8,9,10,,19,16,1,22,9,121.5125581,25.02868974
111,9,21,7,45,2,12內湖區,內湖區民權東路6段190巷63弄與民權東路6段190巷口,0,0,3,1,B03,8,1,5,30,4,1,1,5,4,5,7,4,4,5,5,5,2,16,1,28,3,10,1,1,7,9,1,8,1,5,,6,6,1,22,9,121.5942866,25.06570238
111,9,21,7,45,2,12內湖區,內湖區民權東路6段190巷63弄與民權東路6段190巷口,0,0,3,2,C02,8,1,5,30,4,1,1,5,4,5,7,4,4,5,5,5,2,16,1,56,2,9,1,1,7,9,4,10,1,14,,23,6,1,22,9,121.5942866,25.06570238
111,9,21,7,45,2,12內湖區,內湖區民權東路6段190巷63弄與民權東路6段190巷口,0,0,3,3,H02,8,1,5,30,4,1,1,5,4,5,7,4,4,5,5,5,2,16,1,8,2,9,1,5,7,21,8,20,10,16,,67,6,1,22,9,121.5942866,25.06570238
111,9,21,7,45,2,12內湖區,內湖區民權東路6段190巷63弄與民權東路6段190巷口,0,0,3,4,H02,8,1,5,30,4,1,1,5,4,5,7,4,4,5,5,5,2,16,1,9,2,9,1,5,7,21,8,20,10,16,,67,6,1,22,9,121.5942866,25.06570238
111,9,21,7,45,2,11南港區,南港區南港路2段與興南街口,0,0,2,1,C03,8,1,5,50,3,1,1,5,4,5,7,1,1,8,3,4,2,12,1,35,2,9,1,1,7,9,1,10,1,12,,23,23,1,22,9,121.5974311,25.05411146
111,9,21,7,45,2,11南港區,南港區南港路2段與興南街口,0,0,2,2,C03,8,1,5,50,3,1,1,5,4,5,7,1,1,8,3,4,2,12,1,31,2,9,1,1,7,5,1,10,1,15,,44,23,1,22,9,121.5974311,25.05411146
111,9,21,7,47,2,09北投區,北投區磺港路158號,0,0,1,1,C03,8,1,5,30,14,9,1,5,4,5,7,4,4,9,5,5,1,14,2,21,2,8,1,1,7,2,1,10,1,13,,12,12,1,22,9,121.503051,25.12861464
111,9,21,7,47,2,09北投區,北投區磺港路158號,0,0,1,2,B03,8,1,5,30,14,9,1,5,4,5,7,4,4,9,5,5,1,14,1,56,3,10,1,1,7,9,1,8,1,5,,23,12,1,22,9,121.503051,25.12861464
111,9,21,7,47,2,10文山區,文山區木柵路4段77號前,0,0,1,1,B03,8,1,5,50,14,13,1,5,4,5,7,1,1,4,3,5,2,16,2,46,3,10,1,1,7,6,1,8,1,2,,9,9,1,22,9,121.5720091,24.9959315
111,9,21,7,47,2,10文山區,文山區木柵路4段77號前,0,0,1,2,C03,8,1,5,50,14,13,1,5,4,5,7,1,1,4,3,5,2,16,2,53,2,9,1,1,7,9,1,10,1,14,,44,9,1,22,9,121.5720091,24.9959315
111,9,21,7,49,2,09北投區,北投區大度路1段往淡水機慢車優先道(046號燈桿),0,0,1,1,C03,8,1,5,50,14,12,1,5,4,5,7,4,4,1,4,5,1,13,2,42,2,9,1,1,7,9,1,10,2,11,,23,23,1,22,9,121.4908847,25.1218172
111,9,21,7,49,2,09北投區,北投區大度路1段往淡水機慢車優先道(046號燈桿),0,0,1,2,C03,8,1,5,50,14,12,1,5,4,5,7,4,4,1,4,5,1,13,1,56,3,10,1,1,7,9,1,10,2,13,,42,23,1,22,9,121.4908847,25.1218172
111,9,21,7,56,2,07信義區,信義區光復南路100號對面,0,0,1,2,C03,8,1,5,50,14,9,1,5,4,5,7,4,4,1,4,5,2,17,1,43,2,9,3,4,7,9,1,10,1,12,,44,7,1,22,9,121.5578011,25.0441364
111,9,21,7,56,2,07信義區,信義區光復南路100號對面,0,0,1,1,B02,8,1,5,50,14,9,1,5,4,5,7,4,4,1,4,5,2,17,1,48,3,10,3,4,7,8,1,10,1,6,,7,7,1,22,9,121.5578011,25.0441364
111,9,21,8,6,2,04大安區,大安區信義路4段與敦化南路1段口口,0,0,1,1,B03,8,1,5,50,5,1,1,5,4,5,7,2,1,8,3,5,1,16,1,38,3,10,3,4,7,6,1,8,1,5,,9,9,1,22,9,121.5490535,25.0331812
111,9,21,8,6,2,04大安區,大安區信義路4段與敦化南路1段口口,0,0,1,2,C03,8,1,5,50,5,1,1,5,4,5,7,2,1,8,3,5,1,16,1,26,2,8,3,4,7,15,1,10,1,13,,13,9,1,22,9,121.5490535,25.0331812
111,9,21,8,15,2,05中正區,中正區愛國東路18號,0,0,2,1,C03,8,1,5,40,14,8,1,5,4,5,7,4,4,3,4,4,2,12,1,20,2,8,1,1,7,9,1,10,2,14,,17,17,1,22,9,121.5173344,25.0345457
111,9,21,8,15,2,05中正區,中正區愛國東路18號,0,0,2,2,C03,8,1,5,40,14,8,1,5,4,5,7,4,4,3,4,4,2,12,1,51,2,8,1,1,7,9,1,10,2,12,,17,17,1,22,9,121.5173344,25.0345457
111,9,21,8,18,2,05中正區,中正區愛國西路16號,0,0,1,1,C03,8,1,5,50,14,9,1,5,4,5,7,1,1,1,4,5,2,13,1,19,2,9,1,1,7,9,1,10,2,11,,23,23,1,22,9,121.5120685,25.03509859
111,9,21,8,18,2,05中正區,中正區愛國西路16號,0,0,1,2,C03,8,1,5,50,14,9,1,5,4,5,7,1,1,1,4,5,2,13,2,38,3,10,1,1,7,14,1,10,2,13,,42,23,1,22,9,121.5120685,25.03509859
111,9,21,8,18,2,05中正區,中正區愛國西路16號,0,0,1,3,H02,8,1,5,50,14,9,1,5,4,5,7,1,1,1,4,5,2,13,2,16,4,11,4,5,7,20,8,20,10,16,,60,23,1,22,9,121.5120685,25.03509859
111,9,21,9,4,2,09北投區,北投區三合街1段與三合街1段117巷口,0,0,1,1,B03,8,1,5,40,4,2,1,5,4,5,7,3,1,7,4,5,1,12,1,63,3,10,1,1,7,6,1,8,2,2,,9,9,1,22,9,121.5041562,25.12672326
111,9,21,9,4,2,09北投區,北投區三合街1段與三合街1段117巷口,0,0,1,2,C03,8,1,5,40,4,2,1,5,4,5,7,3,1,7,4,5,1,12,1,65,2,7,1,1,7,9,1,10,2,11,,23,9,1,22,9,121.5041562,25.12672326
111,9,21,10,3,2,08士林區,士林區社子街52巷與社子街22巷口,0,0,1,1,B12,8,1,5,30,4,1,1,5,4,5,7,4,4,10,5,5,1,15,1,47,3,10,3,4,7,9,1,8,2,2,,6,6,1,22,9,121.5072474,25.0870295
111,9,21,10,3,2,08士林區,士林區社子街52巷與社子街22巷口,0,0,1,2,C03,8,1,5,30,4,1,1,5,4,5,7,4,4,10,5,5,1,15,1,62,2,9,3,4,7,9,1,10,2,11,,14,6,1,22,9,121.5072474,25.0870295
111,9,21,10,3,2,08士林區,士林區承德路5段與士商路口,0,0,1,1,B03,8,1,5,50,4,1,1,5,4,5,7,1,1,1,4,5,2,12,2,36,3,10,3,4,7,6,1,8,2,6,,9,9,1,22,9,121.5141322,25.09609897
111,9,21,10,3,2,08士林區,士林區承德路5段與士商路口,0,0,1,2,C03,8,1,5,50,4,1,1,5,4,5,7,1,1,1,4,5,2,12,2,21,2,9,3,4,7,9,1,10,2,11,,23,9,1,22,9,121.5141322,25.09609897
111,9,21,10,9,2,02萬華區,萬華區西藏路與艋舺大道口,0,0,1,1,C03,8,1,5,40,4,2,1,5,4,5,7,1,1,9,4,4,2,17,2,59,2,9,1,4,7,8,1,10,1,12,,7,7,1,22,9,121.4915817,25.0288468
111,9,21,10,9,2,02萬華區,萬華區西藏路與艋舺大道口,0,0,1,2,B01,8,1,5,40,4,2,1,5,4,5,7,1,1,9,4,4,2,17,1,60,3,10,1,4,7,9,1,8,1,8,,44,7,1,22,9,121.4915817,25.0288468
111,9,21,10,10,2,10文山區,文山區景華街與景華街52巷口,0,0,1,1,B03,8,1,5,30,4,1,1,5,4,5,7,4,4,5,5,5,2,15,1,75,3,10,1,1,7,9,1,8,2,1,,6,6,1,22,9,121.5438096,24.9951017
111,9,21,10,10,2,10文山區,文山區景華街與景華街52巷口,0,0,1,2,C03,8,1,5,30,4,1,1,5,4,5,7,4,4,5,5,5,2,15,2,69,2,9,1,1,7,9,1,10,9,14,,44,6,1,22,9,121.5438096,24.9951017
111,9,21,10,57,2,08士林區,士林區延平北路5段與重慶北路4段49巷口,0,0,1,1,B12,8,1,5,50,4,1,1,5,4,5,7,2,1,1,4,5,2,17,1,34,3,10,3,4,7,5,1,8,1,7,,8,8,1,22,9,121.5106529,25.08096501
111,9,21,10,57,2,08士林區,士林區延平北路5段與重慶北路4段49巷口,0,0,1,2,C03,8,1,5,50,4,1,1,5,4,5,7,2,1,1,4,5,2,17,1,23,2,8,3,4,7,9,1,10,1,11,,44,8,1,22,9,121.5106529,25.08096501
111,9,21,11,7,2,10文山區,文山區和平東路4段與和平東路4段101巷口,0,0,1,1,C02,8,1,5,40,14,9,1,5,4,5,7,1,1,5,2,5,1,16,1,50,2,9,1,1,7,1,4,10,2,12,,19,19,1,22,9,121.5681635,25.0048859
111,9,21,11,7,2,10文山區,文山區和平東路4段與和平東路4段101巷口,0,0,1,2,B12,8,1,5,40,14,9,1,5,4,5,7,1,1,5,2,5,1,16,1,27,3,10,1,1,7,9,1,8,2,4,,13,19,1,22,9,121.5681635,25.0048859
111,9,21,11,22,2,04大安區,大安區羅斯福路2段與杭州南路2段口,0,0,1,1,B03,8,1,5,50,5,1,1,5,4,5,7,2,1,1,4,5,2,16,2,44,4,11,3,4,7,6,7,19,11,15,,9,9,2,22,9,121.5218046,25.028124
111,9,21,11,22,2,04大安區,大安區羅斯福路2段與杭州南路2段口,0,0,1,2,C04,8,1,5,50,5,1,1,5,4,5,7,2,1,1,4,5,2,16,2,67,2,9,1,4,7,9,1,8,1,14,,44,9,1,22,9,121.5218046,25.028124
111,9,21,11,46,2,07信義區,信義區虎林街164巷與忠孝東路5段236巷37弄口口,0,0,1,1,B03,8,1,5,30,3,2,1,5,4,5,7,4,4,9,5,5,2,17,1,64,3,10,3,4,7,5,1,8,1,8,,8,8,1,22,9,121.5740579,25.037589
111,9,21,11,46,2,07信義區,信義區虎林街164巷與忠孝東路5段236巷37弄口口,0,0,1,2,C03,8,1,5,30,3,2,1,5,4,5,7,4,4,9,5,5,2,17,1,31,2,8,3,4,7,9,1,10,1,14,,14,8,1,22,9,121.5740579,25.037589
111,9,21,11,56,2,05中正區,中正區忠孝東路1段23號,0,0,1,1,B03,8,1,8,0,15,22,1,5,4,5,7,4,4,10,5,5,2,17,1,57,3,10,1,1,7,1,1,8,1,8,,19,19,1,22,9,121.5246448,25.04469375
111,9,21,11,56,2,05中正區,中正區忠孝東路1段23號,0,0,1,2,F01,8,1,8,0,15,22,1,5,4,5,7,4,4,10,5,5,2,17,1,52,2,9,1,1,7,9,8,20,1,16,,42,19,1,22,9,121.5246448,25.04469375
111,9,21,12,0,2,11南港區,南港區東新街170巷41號,0,0,1,1,B12,8,1,5,40,14,9,1,5,4,5,7,4,4,8,5,5,2,17,1,32,3,10,3,4,7,1,1,8,1,15,,19,19,1,22,9,121.5927144,25.0416956
111,9,21,12,0,2,11南港區,南港區東新街170巷41號,0,0,1,2,C03,8,1,5,40,14,9,1,5,4,5,7,4,4,8,5,5,2,17,1,25,3,10,3,4,7,9,1,10,1,15,,44,19,1,22,9,121.5927144,25.0416956
111,9,21,12,0,2,11南港區,南港區東新街170巷41號,0,0,1,3,C03,8,1,5,40,14,9,1,5,4,5,7,4,4,8,5,5,2,17,1,39,2,9,3,4,7,9,1,10,1,15,,16,19,1,22,9,121.5927144,25.0416956
111,9,21,12,22,2,04大安區,大安區金山南路2段31巷與金山南路2段口,0,0,1,1,C03,8,1,5,50,3,2,1,5,4,5,7,2,1,1,4,5,2,12,1,30,3,10,1,4,7,6,1,10,1,13,,9,9,1,22,9,121.5273749,25.032902
111,9,21,12,22,2,04大安區,大安區金山南路2段31巷與金山南路2段口,0,0,1,2,C03,8,1,5,50,3,2,1,5,4,5,7,2,1,1,4,5,2,12,1,29,2,9,1,4,7,9,1,10,1,14,,16,9,1,22,9,121.5273749,25.032902
111,9,21,12,40,2,11南港區,南港區南港路1段與興中路口,0,0,1,1,B03,8,1,5,50,4,2,1,5,4,5,7,1,1,9,5,5,2,17,1,58,3,10,1,1,7,5,1,8,1,15,,8,8,1,22,9,121.6074678,25.0545082
111,9,21,12,40,2,11南港區,南港區南港路1段與興中路口,0,0,1,2,C03,8,1,5,50,4,2,1,5,4,5,7,1,1,9,5,5,2,17,1,18,2,9,1,1,7,9,1,10,1,14,,13,8,1,22,9,121.6074678,25.0545082
111,9,21,12,54,2,08士林區,士林區仰德大道2段148巷與仰德大道2段口,0,0,1,1,C03,8,1,5,40,14,9,1,5,4,5,7,4,4,5,5,5,1,17,1,19,3,10,1,1,7,4,1,10,2,12,,23,23,1,22,9,121.5475093,25.10974921
111,9,21,12,54,2,08士林區,士林區仰德大道2段148巷與仰德大道2段口,0,0,1,2,C03,8,1,5,40,14,9,1,5,4,5,7,4,4,5,5,5,1,17,2,21,2,8,1,1,7,9,1,10,2,14,,44,23,1,22,9,121.5475093,25.10974921
111,9,21,12,54,2,08士林區,士林區仰德大道2段148巷與仰德大道2段口,0,0,1,3,B03,8,1,5,40,14,9,1,5,4,5,7,4,4,5,5,5,1,17,1,41,3,10,1,1,7,9,1,8,2,6,,44,23,1,22,9,121.5475093,25.10974921
111,9,21,13,21,2,01大同區,大同區民權西路與蘭州街口,0,0,2,1,C03,8,1,5,50,4,2,1,5,4,5,7,2,1,1,4,5,2,16,1,63,3,10,3,4,7,1,1,10,2,15,,19,19,1,22,9,121.5146869,25.06285668
111,9,21,13,21,2,01大同區,大同區民權西路與蘭州街口,0,0,2,2,C03,8,1,5,50,4,2,1,5,4,5,7,2,1,1,4,5,2,16,1,69,3,10,3,4,7,9,3,18,2,13,,44,19,1,22,9,121.5146869,25.06285668
111,9,21,13,21,2,01大同區,大同區民權西路與蘭州街口,0,0,2,3,C03,8,1,5,50,4,2,1,5,4,5,7,2,1,1,4,5,2,16,2,48,2,9,3,4,7,9,1,10,2,11,,16,19,1,22,9,121.5146869,25.06285668
111,9,21,13,21,2,01大同區,大同區民權西路與蘭州街口,0,0,2,4,H02,8,1,5,50,4,2,1,5,4,5,7,2,1,1,4,5,2,16,2,21,2,7,3,4,7,21,8,20,10,16,,67,19,1,22,9,121.5146869,25.06285668
111,9,21,13,22,2,10文山區,文山區指南路2段71號對面,0,0,1,1,F01,8,1,5,50,14,9,1,5,4,5,7,4,4,4,5,5,2,17,1,16,2,9,1,1,7,9,8,20,1,15,,15,6,1,22,9,121.5748901,24.98785922
111,9,21,13,22,2,10文山區,文山區指南路2段71號對面,0,0,1,2,,8,1,5,50,14,9,1,5,4,5,7,4,4,4,5,5,2,17,4,,4,11,3,4,7,15,7,19,11,15,,43,6,2,22,9,121.5748901,24.98785922
111,9,21,13,28,2,05中正區,中正區羅斯福路4段92號,0,0,1,1,A02,8,1,5,50,14,10,1,5,4,5,7,4,4,3,4,5,2,9,1,50,3,10,1,1,7,1,1,2,2,15,,42,42,1,22,9,121.534971,25.0135188
111,9,21,13,28,2,05中正區,中正區羅斯福路4段92號,0,0,1,2,H02,8,1,5,50,14,10,1,5,4,5,7,4,4,3,4,5,2,9,2,76,2,1,4,5,7,17,8,20,10,15,,60,42,1,22,9,121.534971,25.0135188