發生年度,發生月,發生日,發生時-Hours,發生分,處理別-編號,區序,肇事地點,死亡人數,2-30日死亡人數,受傷人數,當事人序號,車種,天候,光線,道路類別,速限-速度限制,道路型態,事故位置,路面狀況1,路面狀況2,路面狀況3,道路障礙1,道路障礙2,號誌1,號誌2,車道劃分-分向,車道劃分-分道1,車道劃分-分道2,車道劃分-分道3,事故類型及型態,性別,年齡,受傷程度,主要傷處,安全帽,行動電話,車輛用途,當事者行動狀態,駕駛資格情形,駕駛執照種類,飲酒情形,車輛撞擊部位1,車輛撞擊部位2,肇因碼-個別,肇因碼-主要,個人肇逃否,職業,旅次目的,座標-X,座標-Y
111,9,21,13,35,2,05中正區,中正區廈門街與和平西路1段口口,0,0,1,1,B01,8,1,5,50,4,1,1,5,4,5,7,1,1,1,4,5,1,17,1,69,3,10,1,1,7,10,1,4,2,6,,7,7,1,22,9,121.517943,25.02667654
111,9,21,13,35,2,05中正區,中正區廈門街與和平西路1段口口,0,0,1,2,C03,8,1,5,50,4,1,1,5,4,5,7,1,1,1,4,5,1,17,2,32,2,9,1,1,7,9,1,10,2,12,,23,7,1,22,9,121.517943,25.02667654
111,9,21,13,50,2,11南港區,南港區舊莊街1段215巷與大坑街口,0,0,1,1,B02,8,1,5,50,4,2,1,5,4,5,7,2,1,8,5,5,2,17,2,55,3,10,3,4,7,5,1,8,1,15,,6,6,1,22,9,121.6221152,25.0397922
111,9,21,13,50,2,11南港區,南港區舊莊街1段215巷與大坑街口,0,0,1,2,C03,8,1,5,50,4,2,1,5,4,5,7,2,1,8,5,5,2,17,1,33,2,7,3,4,7,9,1,10,1,15,,23,6,1,22,9,121.6221152,25.0397922
111,9,21,14,12,2,08士林區,士林區德行東路177號,0,0,1,1,B03,8,1,5,50,14,9,1,5,4,5,7,4,4,5,5,5,2,17,2,49,3,10,1,1,7,13,1,8,1,4,,40,40,1,22,9,121.5309898,25.1086682
111,9,21,14,12,2,08士林區,士林區德行東路177號,0,0,1,2,C03,8,1,5,50,14,9,1,5,4,5,7,4,4,5,5,5,2,17,1,62,3,10,1,1,7,9,1,10,1,12,,44,40,1,22,9,121.5309898,25.1086682
111,9,21,14,12,2,08士林區,士林區德行東路177號,0,0,1,3,B12,8,1,5,50,14,9,1,5,4,5,7,4,4,5,5,5,2,17,1,26,3,10,1,1,7,14,1,8,1,2,,44,40,1,22,9,121.5309898,25.1086682
111,9,21,14,12,2,08士林區,士林區德行東路177號,0,0,1,4,H02,8,1,5,50,14,9,1,5,4,5,7,4,4,5,5,5,2,17,2,57,2,8,1,5,7,20,8,20,10,16,,67,40,1,22,9,121.5309898,25.1086682
111,9,21,14,30,2,11南港區,南港區玉成街與玉成街140巷口,0,0,1,1,B12,8,1,5,50,3,2,1,5,4,5,7,4,4,9,5,5,2,11,1,47,3,10,1,1,7,5,1,8,1,8,,6,6,1,22,9,121.5833329,25.0450897
111,9,21,14,30,2,11南港區,南港區玉成街與玉成街140巷口,0,0,1,2,C03,8,1,5,50,3,2,1,5,4,5,7,4,4,9,5,5,2,11,2,45,2,9,1,1,7,9,1,10,1,14,,44,6,1,22,9,121.5833329,25.0450897
111,9,21,14,40,2,03中山區,中山區長春路與建國北路2段口,0,0,1,1,B03,8,1,5,50,4,1,1,5,4,5,7,1,1,1,4,5,2,13,1,23,3,10,3,4,7,6,1,8,1,7,,44,44,1,22,9,121.5369428,25.054645
111,9,21,14,40,2,03中山區,中山區長春路與建國北路2段口,0,0,1,2,C03,8,1,5,50,4,1,1,5,4,5,7,1,1,1,4,5,2,13,1,57,2,8,2,4,7,7,1,10,1,12,,23,44,1,22,9,121.5369428,25.054645
111,9,21,15,0,2,03中山區,中山區建國北路3段與建國北路3段75巷口,0,0,1,1,C03,8,1,5,50,3,2,1,5,4,5,7,4,4,1,3,5,1,16,1,28,2,9,1,4,7,7,1,10,2,13,,7,7,1,22,9,121.5369271,25.06518109
111,9,21,15,0,2,03中山區,中山區建國北路3段與建國北路3段75巷口,0,0,1,2,B03,8,1,5,50,3,2,1,5,4,5,7,4,4,1,3,5,1,16,1,28,3,10,3,4,7,9,1,8,2,5,,44,7,1,22,9,121.5369271,25.06518109
111,9,21,15,25,2,01大同區,大同區長安西路177巷無名巷,0,0,2,1,C02,8,1,5,30,14,9,1,5,4,5,7,4,4,10,5,5,2,16,1,25,2,9,1,4,7,9,1,9,2,11,,4,4,1,22,9,121.5136542,25.05230079
111,9,21,15,25,2,01大同區,大同區長安西路177巷無名巷,0,0,2,2,C03,8,1,5,30,14,9,1,5,4,5,7,4,4,10,5,5,2,16,1,60,2,9,1,4,7,9,1,10,2,12,,44,4,1,22,9,121.5136542,25.05230079
111,9,21,15,25,2,09北投區,北投區承德路7段與承德路7段393巷口,0,0,3,1,C03,8,1,5,50,4,1,1,5,4,5,7,2,1,1,4,4,1,16,2,18,2,9,1,1,7,9,3,18,1,11,,43,43,1,22,9,121.5014286,25.1194442
111,9,21,15,25,2,09北投區,北投區承德路7段與承德路7段393巷口,0,0,3,2,C03,8,1,5,50,4,1,1,5,4,5,7,2,1,1,4,4,1,16,2,64,2,9,1,1,7,9,1,10,1,14,,43,43,1,22,9,121.5014286,25.1194442
111,9,21,15,25,2,09北投區,北投區承德路7段與承德路7段393巷口,0,0,3,3,H02,8,1,5,50,4,1,1,5,4,5,7,2,1,1,4,4,1,16,2,68,2,9,1,5,7,20,8,20,10,16,,67,43,1,22,9,121.5014286,25.1194442
111,9,21,15,42,2,12內湖區,內湖區內湖路1段411巷與內湖路1段411巷9弄口,0,0,1,1,C03,8,1,5,30,4,1,1,5,4,5,7,4,4,10,5,5,1,15,1,67,2,9,1,1,7,9,1,10,2,12,,6,6,1,22,9,121.5711036,25.08212601
111,9,21,15,42,2,12內湖區,內湖區內湖路1段411巷與內湖路1段411巷9弄口,0,0,1,2,B03,8,1,5,30,4,1,1,5,4,5,7,4,4,10,5,5,1,15,1,46,3,10,1,1,7,9,1,8,2,1,,44,6,1,22,9,121.5711036,25.08212601
111,9,21,15,45,2,08士林區,士林區承德路4段10巷與通河街76巷口,0,0,2,1,C03,8,1,5,30,4,1,1,5,4,5,7,4,4,5,5,5,2,15,2,76,2,8,1,1,7,9,3,18,2,11,,6,6,1,22,9,121.5201151,25.08013497
111,9,21,15,45,2,08士林區,士林區承德路4段10巷與通河街76巷口,0,0,2,2,C03,8,1,5,30,4,1,1,5,4,5,7,4,4,5,5,5,2,15,1,35,2,7,1,1,7,9,1,10,2,11,,14,6,1,22,9,121.5201151,25.08013497
111,9,21,15,58,2,12內湖區,內湖區港墘路與港華街口,0,0,1,1,B12,8,1,5,50,4,1,1,5,4,5,7,1,1,1,3,1,1,3,1,56,3,10,1,1,7,6,1,4,1,5,,15,15,1,22,9,121.5781557,25.08214471
111,9,21,15,58,2,12內湖區,內湖區港墘路與港華街口,0,0,1,2,H01,8,1,5,50,4,1,1,5,4,5,7,1,1,1,3,1,1,3,1,70,2,9,4,1,8,16,8,20,1,16,,67,15,1,22,9,121.5781557,25.08214471
111,9,21,16,15,2,07信義區,信義區光復南路587號,0,0,2,1,C03,8,1,5,50,11,9,1,5,4,5,7,4,4,10,5,5,2,13,2,27,2,9,1,1,7,9,1,10,1,11,,16,16,1,22,9,121.5575184,25.03036402
111,9,21,16,15,2,07信義區,信義區光復南路587號,0,0,2,2,C03,8,1,5,50,11,9,1,5,4,5,7,4,4,10,5,5,2,13,2,58,2,9,1,1,7,9,1,10,1,11,,23,16,1,22,9,121.5575184,25.03036402
111,9,21,16,15,2,07信義區,信義區光復南路587號,0,0,2,3,C03,8,1,5,50,11,9,1,5,4,5,7,4,4,10,5,5,2,13,1,24,3,10,1,1,7,12,1,10,1,13,,44,16,1,22,9,121.5575184,25.03036402
111,9,21,16,16,2,07信義區,信義區松山路650巷15弄18號,0,0,1,1,C03,8,1,5,30,14,9,1,5,4,5,7,2,1,10,5,5,1,10,1,52,2,8,1,1,7,9,1,10,1,14,,23,23,1,22,9,121.5793426,25.03129518
111,9,21,16,16,2,07信義區,信義區松山路650巷15弄18號,0,0,1,2,B03,8,1,5,30,14,9,1,5,4,5,7,2,1,10,5,5,1,10,2,41,3,10,1,1,7,9,1,8,1,4,,23,23,1,22,9,121.5793426,25.03129518
111,9,21,16,26,2,01大同區,大同區承德路3段24巷與大龍街口,0,0,1,1,C03,8,1,5,30,4,1,1,5,4,5,7,4,4,9,4,5,2,16,1,63,2,9,1,1,7,9,1,10,1,11,,6,6,1,22,9,121.5160413,25.06423914
111,9,21,16,26,2,01大同區,大同區承德路3段24巷與大龍街口,0,0,1,2,B01,8,1,5,30,4,1,1,5,4,5,7,4,4,9,4,5,2,16,1,51,3,10,1,1,7,9,1,4,1,4,,44,6,1,22,9,121.5160413,25.06423914
111,9,21,16,30,2,10文山區,文山區指南路2段67號,0,0,1,1,B01,8,1,5,50,14,9,1,5,4,5,7,4,4,5,2,5,2,3,1,59,3,10,1,1,7,9,1,4,2,4,,15,15,1,22,9,121.5748638,24.98783352
111,9,21,16,30,2,10文山區,文山區指南路2段67號,0,0,1,2,H01,8,1,5,50,14,9,1,5,4,5,7,4,4,5,2,5,2,3,2,20,2,9,4,5,8,16,8,20,10,15,,67,15,1,22,9,121.5748638,24.98783352
111,9,21,16,37,2,12內湖區,內湖區成功路4段344號,0,0,1,1,B03,8,1,5,50,14,8,1,5,4,5,7,4,4,10,4,4,1,12,2,41,3,10,1,1,7,6,1,8,1,6,,9,9,1,22,9,121.5996119,25.084771
111,9,21,16,37,2,12內湖區,內湖區成功路4段344號,0,0,1,2,C03,8,1,5,50,14,8,1,5,4,5,7,4,4,10,4,4,1,12,1,27,2,9,1,1,7,9,1,10,1,14,,14,9,1,22,9,121.5996119,25.084771
111,9,21,16,51,2,05中正區,中正區和平西路1段與泉州街口口,0,0,1,1,B03,8,1,5,50,5,1,1,5,4,5,7,1,1,1,4,5,1,17,1,54,3,10,1,1,7,9,1,7,2,2,,26,26,1,22,9,121.5146334,25.0277198
111,9,21,16,51,2,05中正區,中正區和平西路1段與泉州街口口,0,0,1,2,C03,8,1,5,50,5,1,1,5,4,5,7,1,1,1,4,5,1,17,1,18,2,9,1,1,7,5,1,10,2,14,,8,26,1,22,9,121.5146334,25.0277198
111,9,21,17,23,2,01大同區,大同區延平北路2段與民權西路口,0,0,1,1,B12,7,1,5,50,4,4,1,5,4,5,7,2,1,1,5,5,2,13,1,30,3,10,3,4,7,1,6,8,2,1,,23,23,1,22,9,121.5109748,25.06280604
111,9,21,17,23,2,01大同區,大同區延平北路2段與民權西路口,0,0,1,2,C03,7,1,5,50,4,4,1,5,4,5,7,2,1,1,5,5,2,13,1,34,2,9,1,4,7,14,1,10,2,13,,44,23,1,22,9,121.5109748,25.06280604
111,9,21,17,26,2,01大同區,大同區承德路2段與平陽街口,0,0,1,1,E05,8,1,5,50,4,2,1,5,4,5,7,2,1,1,4,5,2,12,1,59,3,10,1,4,7,10,1,8,1,2,,7,7,1,22,9,121.5181183,25.05475512
111,9,21,17,26,2,01大同區,大同區承德路2段與平陽街口,0,0,1,2,C03,8,1,5,50,4,2,1,5,4,5,7,2,1,1,4,5,2,12,1,24,3,10,1,4,7,9,1,10,1,14,,13,7,1,22,9,121.5181183,25.05475512
111,9,21,17,26,2,01大同區,大同區承德路2段與平陽街口,0,0,1,3,H02,8,1,5,50,4,2,1,5,4,5,7,2,1,1,4,5,2,12,2,24,2,8,1,5,7,21,8,20,10,16,,67,7,1,22,9,121.5181183,25.05475512
111,9,21,17,33,2,08士林區,士林區中山北路6段與中山北路6段290巷口,0,0,1,1,E03,8,1,5,50,3,1,1,5,4,5,7,2,1,1,5,5,1,17,2,27,3,10,1,1,7,5,1,8,2,2,,8,8,1,22,9,121.5255658,25.109878
111,9,21,17,33,2,08士林區,士林區中山北路6段與中山北路6段290巷口,0,0,1,2,C03,8,1,5,50,3,1,1,5,4,5,7,2,1,1,5,5,1,17,1,40,2,9,1,1,7,9,1,10,2,11,,23,8,1,22,9,121.5255658,25.109878
111,9,21,17,33,2,12內湖區,內湖區金湖路與康寧路1段口,0,0,1,1,C03,8,1,5,50,3,1,1,5,4,5,7,1,1,1,5,5,2,17,1,22,4,11,3,4,7,15,7,19,11,15,,6,6,2,22,9,121.5995423,25.07894649
111,9,21,17,33,2,12內湖區,內湖區金湖路與康寧路1段口,0,0,1,2,C03,8,1,5,50,3,1,1,5,4,5,7,1,1,1,5,5,2,17,1,18,3,10,1,1,7,9,1,10,11,14,,13,6,1,22,9,121.5995423,25.07894649
111,9,21,17,33,2,12內湖區,內湖區金湖路與康寧路1段口,0,0,1,3,H02,8,1,5,50,3,1,1,5,4,5,7,1,1,1,5,5,2,17,2,17,2,8,1,5,7,20,8,20,10,16,,67,6,1,22,9,121.5995423,25.07894649
111,9,21,17,37,2,12內湖區,內湖區星雲街15巷25號,0,0,1,1,F01,8,3,5,30,3,1,1,5,4,5,7,4,4,10,5,5,2,17,2,46,3,10,3,1,7,9,8,20,2,16,,6,6,1,22,9,121.59016,25.0788634
111,9,21,17,37,2,12內湖區,內湖區星雲街15巷25號,0,0,1,2,C03,8,3,5,30,3,1,1,5,4,5,7,4,4,10,5,5,2,17,2,26,2,9,1,1,7,9,1,10,1,15,,23,6,1,22,9,121.59016,25.0788634
111,9,21,17,40,2,02萬華區,萬華區和平西路3段261-14號,0,0,2,1,C03,8,3,5,50,14,9,1,5,4,5,7,4,4,9,4,5,1,17,2,60,2,8,1,1,7,12,1,10,2,11,,23,23,1,22,9,121.4940869,25.03560275
111,9,21,17,40,2,02萬華區,萬華區和平西路3段261-14號,0,0,2,2,C03,8,3,5,50,14,9,1,5,4,5,7,4,4,9,4,5,1,17,2,56,2,8,1,1,7,12,1,9,2,13,,30,23,1,22,9,121.4940869,25.03560275
111,9,21,17,40,2,02萬華區,萬華區和平西路3段261-14號,0,0,2,3,C03,8,3,5,50,14,9,1,5,4,5,7,4,4,9,4,5,1,17,1,40,3,10,1,1,7,9,1,10,2,13,,44,23,1,22,9,121.4940869,25.03560275
111,9,21,17,47,2,05中正區,中正區西藏路與惠安街口,0,0,2,1,C03,8,1,5,30,4,1,1,5,4,5,7,1,1,1,4,5,2,16,2,58,2,9,1,1,7,8,1,10,1,12,,7,7,1,22,9,121.5059337,25.030296
111,9,21,17,47,2,05中正區,中正區西藏路與惠安街口,0,0,2,2,C03,8,1,5,30,4,1,1,5,4,5,7,1,1,1,4,5,2,16,2,27,2,9,1,1,7,9,1,10,1,14,,13,7,1,22,9,121.5059337,25.030296
111,9,21,17,50,2,08士林區,士林區至善路1段至善公園前,0,0,1,1,C03,8,1,5,50,14,9,1,5,4,5,7,4,4,1,5,5,2,17,1,56,3,10,1,1,7,7,1,10,1,15,,7,7,1,22,9,121.5569041,25.10471887
111,9,21,17,50,2,08士林區,士林區至善路1段至善公園前,0,0,1,2,C03,8,1,5,50,14,9,1,5,4,5,7,4,4,1,5,5,2,17,2,35,2,9,1,1,7,9,1,10,1,11,,23,7,1,22,9,121.5569041,25.10471887
111,9,21,17,50,2,08士林區,士林區至善路1段至善公園前,0,0,1,3,B01,8,1,5,50,14,9,1,5,4,5,7,4,4,1,5,5,2,17,1,68,3,10,1,1,7,9,1,4,1,15,,23,7,1,22,9,121.5569041,25.10471887
111,9,21,17,52,2,11南港區,南港區向陽路162巷與重陽路39巷口,0,0,1,1,B03,8,1,5,40,4,1,1,5,4,5,7,4,4,8,3,5,2,15,2,55,3,10,1,1,7,9,1,8,1,1,,25,25,1,22,9,121.5949337,25.0560884
111,9,21,17,52,2,11南港區,南港區向陽路162巷與重陽路39巷口,0,0,1,2,C03,8,1,5,40,4,1,1,5,4,5,7,4,4,8,3,5,2,15,1,46,2,9,1,1,7,9,1,10,1,12,,6,25,1,22,9,121.5949337,25.0560884
111,9,21,17,54,2,02萬華區,萬華區環河南路2段250巷與環河南路2段250巷3弄口口,0,0,1,1,B03,8,1,5,30,3,1,1,5,4,5,7,4,4,10,5,5,2,17,1,33,3,10,3,4,7,5,1,8,1,4,,8,8,1,22,9,121.4918305,25.033116
111,9,21,17,54,2,02萬華區,萬華區環河南路2段250巷與環河南路2段250巷3弄口口,0,0,1,2,C03,8,1,5,30,3,1,1,5,4,5,7,4,4,10,5,5,2,17,2,54,2,9,3,4,7,9,1,10,1,11,,13,8,1,22,9,121.4918305,25.033116
111,9,21,17,56,2,01大同區,大同區延平北路2段276號,0,0,1,1,C03,8,1,5,0,4,1,1,5,4,5,7,1,1,9,4,5,2,12,1,68,4,11,3,4,7,15,7,19,11,15,,16,16,2,22,9,121.5112456,25.06224984
111,9,21,17,56,2,01大同區,大同區延平北路2段276號,0,0,1,2,C03,8,1,5,0,4,1,1,5,4,5,7,1,1,9,4,5,2,12,2,37,2,8,1,1,7,9,1,10,1,14,,44,16,1,22,9,121.5112456,25.06224984
111,9,21,18,0,2,05中正區,中正區羅斯福路3段70號,0,0,2,1,C03,8,3,5,50,14,9,1,5,4,5,7,1,1,3,4,5,2,12,2,31,2,9,1,1,7,9,1,10,1,11,,25,25,1,22,9,121.4895696,25.03869991
111,9,21,18,0,2,05中正區,中正區羅斯福路3段70號,0,0,2,2,C03,8,3,5,50,14,9,1,5,4,5,7,1,1,3,4,5,2,12,1,35,2,9,1,1,7,9,1,10,1,14,,44,25,1,22,9,121.4895696,25.03869991
111,9,21,18,15,2,04大安區,大安區復興南路2段150號,0,0,1,1,C03,7,3,5,50,14,9,1,5,4,5,7,2,1,1,4,5,2,16,1,43,2,8,3,4,7,7,1,10,1,11,,7,7,1,22,9,121.5434047,25.02814437
111,9,21,18,15,2,04大安區,大安區復興南路2段150號,0,0,1,2,B01,7,3,5,50,14,9,1,5,4,5,7,2,1,1,4,5,2,16,1,58,3,10,3,4,7,14,1,4,1,6,,44,7,1,22,9,121.5434047,25.02814437
111,9,21,18,15,2,04大安區,大安區復興南路2段150號,0,0,1,3,A05,7,3,5,50,14,9,1,5,4,5,7,2,1,1,4,5,2,16,1,56,4,11,3,4,7,15,7,19,11,15,,44,7,2,22,9,121.5434047,25.02814437
111,9,21,18,15,2,12內湖區,內湖區康寧路3段與康寧路3段189巷口,0,0,1,1,C04,8,1,5,50,3,1,1,5,4,5,7,4,4,1,5,5,2,17,2,43,2,9,1,1,7,7,1,10,1,14,,7,7,1,22,9,121.61188,25.06983461
111,9,21,18,15,2,12內湖區,內湖區康寧路3段與康寧路3段189巷口,0,0,1,2,B03,8,1,5,50,3,1,1,5,4,5,7,4,4,1,5,5,2,17,1,55,3,10,1,1,7,9,1,8,1,2,,44,7,1,22,9,121.61188,25.06983461
111,9,21,18,16,2,07信義區,信義區光復南路419號,0,0,1,1,B03,8,3,5,50,14,9,1,5,4,5,7,4,4,3,4,5,1,13,1,64,3,10,1,1,7,9,1,8,9,15,,43,43,1,22,9,121.5576711,25.03644933
111,9,21,18,16,2,07信義區,信義區光復南路419號,0,0,1,2,C03,8,3,5,50,14,9,1,5,4,5,7,4,4,3,4,5,1,13,2,23,3,10,1,1,7,9,1,10,1,13,,43,43,1,22,9,121.5576711,25.03644933
111,9,21,18,16,2,07信義區,信義區光復南路419號,0,0,1,3,C03,8,3,5,50,14,9,1,5,4,5,7,4,4,3,4,5,1,13,2,27,2,8,1,1,7,9,1,10,1,14,,43,43,1,22,9,121.5576711,25.03644933
111,9,21,18,28,2,01大同區,大同區長安西路與塔城街口,0,0,1,1,A02,7,3,5,50,4,1,1,5,4,5,7,2,1,5,2,5,2,12,1,43,3,10,1,4,7,5,1,2,1,7,,44,44,1,22,9,121.5104363,25.05201949
111,9,21,18,28,2,01大同區,大同區長安西路與塔城街口,0,0,1,2,C03,7,3,5,50,4,1,1,5,4,5,7,2,1,5,2,5,2,12,2,29,2,9,1,4,7,5,1,10,1,12,,4,44,1,22,9,121.5104363,25.05201949
111,9,21,18,32,2,04大安區,大安區大安路1段與復興南路1段135巷口,0,0,1,1,C03,8,3,5,40,4,2,1,5,4,5,7,4,4,10,4,5,2,12,2,52,2,9,1,1,7,5,1,10,1,14,,8,8,1,22,9,121.5461358,25.0426522
111,9,21,18,32,2,04大安區,大安區大安路1段與復興南路1段135巷口,0,0,1,2,B03,8,3,5,40,4,2,1,5,4,5,7,4,4,10,4,5,2,12,1,55,3,10,1,1,7,9,1,2,1,5,,44,8,1,22,9,121.5461358,25.0426522
111,9,21,18,36,2,08士林區,士林區中山北路5段575號,0,0,1,1,C03,7,3,5,40,14,9,1,5,4,5,7,4,4,1,4,5,2,17,2,20,2,9,1,1,7,7,1,10,1,14,,7,7,1,22,9,121.5278292,25.0956875
111,9,21,18,36,2,08士林區,士林區中山北路5段575號,0,0,1,2,B03,7,3,5,40,14,9,1,5,4,5,7,4,4,1,4,5,2,17,1,62,3,10,1,1,7,9,1,8,1,5,,44,7,1,22,9,121.5278292,25.0956875
111,9,21,18,36,2,08士林區,士林區中山北路5段575號,0,0,1,3,B01,7,3,5,40,14,9,1,5,4,5,7,4,4,1,4,5,2,17,1,64,3,10,1,1,7,8,1,8,9,15,,42,7,1,22,9,121.5278292,25.0956875
111,9,21,18,40,2,03中山區,中山區松江路170巷與吉林路口,0,0,1,1,B03,8,3,5,50,4,1,1,5,4,5,7,2,1,5,1,5,2,12,1,39,3,10,1,1,7,1,1,8,1,2,,19,19,1,5,5,121.5303734,25.0560773
111,9,21,18,40,2,03中山區,中山區松江路170巷與吉林路口,0,0,1,2,C03,8,3,5,50,4,1,1,5,4,5,7,2,1,5,1,5,2,12,2,73,2,9,1,1,7,1,1,10,1,15,,44,19,1,19,5,121.5303734,25.0560773
111,9,21,19,0,2,04大安區,大安區信義路4段與大安路2段口,0,0,1,1,B03,8,3,5,50,14,10,1,5,4,5,7,2,1,10,5,5,2,8,1,25,3,10,1,1,7,9,1,8,2,1,,23,23,1,22,9,121.5458044,25.03334568
111,9,21,19,0,2,04大安區,大安區信義路4段與大安路2段口,0,0,1,2,H01,8,3,5,50,14,10,1,5,4,5,7,2,1,10,5,5,2,8,1,72,2,1,4,5,8,17,8,20,10,16,,67,23,1,22,9,121.5458044,25.03334568
111,9,21,19,8,2,06松山區,松山區民權東路3段103巷與復興北路427巷口,0,0,1,1,B03,8,4,5,30,4,1,1,5,4,5,7,4,4,10,5,5,2,3,2,48,3,10,1,1,7,5,1,8,1,4,,15,15,1,22,9,121.5449866,25.06336019
111,9,21,19,8,2,06松山區,松山區民權東路3段103巷與復興北路427巷口,0,0,1,2,H01,8,4,5,30,4,1,1,5,4,5,7,4,4,10,5,5,2,3,2,77,2,5,4,5,8,16,8,20,10,16,,67,15,1,22,9,121.5449866,25.06336019
111,9,21,19,48,2,03中山區,中山區長安東路2段與建國北路1段口,0,0,1,1,C03,8,3,5,50,4,1,1,5,4,5,7,1,1,5,4,5,2,16,1,24,2,7,1,1,7,8,1,10,1,12,,7,7,1,22,9,121.5369835,25.04842001
111,9,21,19,48,2,03中山區,中山區長安東路2段與建國北路1段口,0,0,1,2,B01,8,3,5,50,4,1,1,5,4,5,7,1,1,5,4,5,2,16,1,60,3,10,3,4,7,1,1,4,1,8,,44,7,1,22,9,121.5369835,25.04842001
111,9,21,19,48,2,03中山區,中山區長安東路2段與建國北路1段口,0,0,1,3,B01,8,3,5,50,4,1,1,5,4,5,7,1,1,5,4,5,2,16,1,56,3,10,3,4,7,1,1,4,1,2,,44,7,1,22,9,121.5369835,25.04842001
111,9,21,20,30,2,12內湖區,內湖區文德路25號前,0,0,1,1,B03,8,1,5,50,14,7,1,5,4,5,7,4,4,1,4,4,2,16,1,32,3,10,1,1,7,9,1,8,1,2,,23,23,1,22,9,121.5806049,25.07851432
111,9,21,20,30,2,12內湖區,內湖區文德路25號前,0,0,1,2,C03,8,1,5,50,14,7,1,5,4,5,7,4,4,1,4,4,2,16,2,39,2,9,1,1,7,9,1,10,1,13,,44,23,1,22,9,121.5806049,25.07851432
111,9,21,20,30,2,12內湖區,內湖區文德路25號前,0,0,1,3,A02,8,1,5,50,14,7,1,5,4,5,7,4,4,1,4,4,2,16,1,60,3,10,1,1,7,1,1,2,1,15,,19,23,1,22,9,121.5806049,25.07851432
111,9,21,20,40,2,06松山區,松山區市民大道6段與中坡北路口口,0,0,3,1,C04,8,3,5,50,14,9,1,5,4,5,7,2,1,1,4,1,2,12,1,23,2,9,1,1,7,1,1,10,1,14,,19,19,1,22,9,121.5799988,25.0495051
111,9,21,20,40,2,06松山區,松山區市民大道6段與中坡北路口口,0,0,3,2,C03,8,3,5,50,14,9,1,5,4,5,7,2,1,1,4,1,2,12,1,25,2,9,1,1,7,9,1,10,1,11,,13,19,1,22,9,121.5799988,25.0495051
111,9,21,20,40,2,06松山區,松山區市民大道6段與中坡北路口口,0,0,3,3,H02,8,3,5,50,14,9,1,5,4,5,7,2,1,1,4,1,2,12,2,23,2,9,4,5,7,21,8,20,10,15,,67,19,1,22,9,121.5799988,25.0495051
111,9,21,21,15,2,08士林區,士林區中正路603號,0,0,1,1,C03,7,3,5,50,15,9,1,5,4,5,7,4,4,9,4,5,2,17,2,19,2,9,1,1,7,5,1,10,2,12,,6,6,1,22,9,121.5096088,25.08666884
111,9,21,21,15,2,08士林區,士林區中正路603號,0,0,1,2,B03,7,3,5,50,15,9,1,5,4,5,7,4,4,9,4,5,2,17,2,47,3,10,1,1,7,9,1,8,2,1,,44,6,1,22,9,121.5096088,25.08666884
111,9,21,21,35,2,12內湖區,內湖區安康路與潭美街口(五分疏散門),0,0,1,1,C03,8,3,8,30,15,22,1,5,4,5,7,4,4,10,5,5,2,17,1,26,3,10,1,1,7,9,1,10,1,11,,26,26,1,22,9,121.6138514,25.06574886
111,9,21,21,35,2,12內湖區,內湖區安康路與潭美街口(五分疏散門),0,0,1,2,F01,8,3,8,30,15,22,1,5,4,5,7,4,4,10,5,5,2,17,2,57,2,9,1,1,7,5,8,20,1,16,,44,26,1,22,9,121.6138514,25.06574886
111,9,21,22,6,2,04大安區,大安區羅斯福路3段283巷與羅斯福路3段283巷9弄口,0,0,2,1,C03,8,3,5,30,4,1,1,5,4,5,7,4,4,10,5,5,2,15,1,45,2,9,1,1,7,9,1,10,2,11,,6,6,1,22,9,121.5316501,25.0189325
111,9,21,22,6,2,04大安區,大安區羅斯福路3段283巷與羅斯福路3段283巷9弄口,0,0,2,2,C03,8,3,5,30,4,1,1,5,4,5,7,4,4,10,5,5,2,15,2,26,2,9,1,1,7,9,1,10,2,11,,14,6,1,22,9,121.5316501,25.0189325
111,9,21,22,10,2,03中山區,中山區復興北路與遼寧街185巷口,0,0,1,1,B03,8,3,5,50,4,2,1,5,4,5,7,1,1,5,5,5,2,3,1,55,3,10,1,1,7,5,1,8,1,1,,15,15,1,22,9,121.5440135,25.05327685
111,9,21,22,10,2,03中山區,中山區復興北路與遼寧街185巷口,0,0,1,2,H01,8,3,5,50,4,2,1,5,4,5,7,1,1,5,5,5,2,3,1,35,2,9,4,5,8,16,8,20,10,16,,67,15,1,22,9,121.5440135,25.05327685
111,9,21,22,30,2,08士林區,士林區克強路2號前,0,0,1,1,C03,8,3,5,50,14,9,1,5,4,5,7,4,4,5,5,5,2,17,1,23,2,8,1,1,7,9,1,10,1,15,,23,23,1,22,9,121.5248805,25.10878898
111,9,21,22,30,2,08士林區,士林區克強路2號前,0,0,1,2,C04,8,3,5,50,14,9,1,5,4,5,7,4,4,5,5,5,2,17,1,18,3,10,1,1,7,13,1,10,1,13,,42,23,1,22,9,121.5248805,25.10878898