發生年度,發生月,發生日,發生時-Hours,發生分,處理別-編號,區序,肇事地點,死亡人數,2-30日死亡人數,受傷人數,當事人序號,車種,天候,光線,道路類別,速限-速度限制,道路型態,事故位置,路面狀況1,路面狀況2,路面狀況3,道路障礙1,道路障礙2,號誌1,號誌2,車道劃分-分向,車道劃分-分道1,車道劃分-分道2,車道劃分-分道3,事故類型及型態,性別,年齡,受傷程度,主要傷處,安全帽,行動電話,車輛用途,當事者行動狀態,駕駛資格情形,駕駛執照種類,飲酒情形,車輛撞擊部位1,車輛撞擊部位2,肇因碼-個別,肇因碼-主要,個人肇逃否,職業,旅次目的,座標-X,座標-Y
111,9,21,22,47,2,04大安區,大安區市民大道4段136號,0,0,2,1,B03,8,3,5,40,14,9,1,5,4,5,7,4,4,1,4,5,2,13,2,37,2,9,3,4,7,9,1,8,2,1,,16,16,1,22,9,121.5514954,25.04446646
111,9,21,22,47,2,04大安區,大安區市民大道4段136號,0,0,2,2,B02,8,3,5,40,14,9,1,5,4,5,7,4,4,1,4,5,2,13,1,25,2,9,3,4,7,14,1,8,2,3,,44,16,1,22,9,121.5514954,25.04446646
111,9,21,23,11,2,08士林區,士林區重陽橋機車道東向西,0,0,3,1,C04,8,3,5,50,14,11,1,5,4,5,7,4,4,10,5,5,1,13,2,71,2,9,1,1,7,9,1,11,1,11,,16,16,1,22,9,121.5066649,25.08610584
111,9,21,23,11,2,08士林區,士林區重陽橋機車道東向西,0,0,3,2,C03,8,3,5,50,14,11,1,5,4,5,7,4,4,10,5,5,1,13,1,18,2,9,1,1,7,12,1,10,1,13,,44,16,1,22,9,121.5066649,25.08610584
111,9,21,23,11,2,08士林區,士林區重陽橋機車道東向西,0,0,3,3,C03,8,3,5,50,14,11,1,5,4,5,7,4,4,10,5,5,1,13,1,38,2,8,1,1,7,12,1,10,1,13,,44,16,1,22,9,121.5066649,25.08610584
111,9,21,23,25,2,04大安區,大安區市民大道3段與八德路2段口,0,0,1,1,C03,8,3,5,40,5,1,1,5,4,5,7,2,1,1,4,5,2,13,1,28,3,10,1,1,7,9,1,10,1,11,,23,23,1,22,9,121.534464,25.04490105
111,9,21,23,25,2,04大安區,大安區市民大道3段與八德路2段口,0,0,1,2,C03,8,3,5,40,5,1,1,5,4,5,7,2,1,1,4,5,2,13,1,39,2,7,1,1,7,14,1,10,1,13,,44,23,1,22,9,121.534464,25.04490105
111,9,21,23,25,2,04大安區,大安區市民大道3段與八德路2段口,0,0,1,3,E01,8,3,5,40,5,1,1,5,4,5,7,2,1,1,4,5,2,13,1,29,4,11,3,4,7,15,7,19,11,15,,44,23,2,22,9,121.534464,25.04490105
111,9,22,1,40,2,03中山區,中山區長春路與長春路61巷口,0,0,1,1,B03,8,3,5,50,3,1,1,5,4,5,7,4,4,8,3,5,2,12,1,31,3,10,3,4,7,11,1,8,2,7,,10,10,1,22,9,121.5262686,25.054918
111,9,22,1,40,2,03中山區,中山區長春路與長春路61巷口,0,0,1,2,C03,8,3,5,50,3,1,1,5,4,5,7,4,4,8,3,5,2,12,2,26,2,9,3,4,7,9,1,10,2,11,,23,10,1,22,9,121.5262686,25.054918
111,9,22,2,30,2,05中正區,中正區愛國東路與杭州南路2段口,0,0,2,1,C03,8,3,5,50,4,1,1,5,4,5,7,1,3,2,2,5,2,16,1,29,2,7,1,1,7,15,1,10,1,14,,26,26,1,22,9,121.5225053,25.03234935
111,9,22,2,30,2,05中正區,中正區愛國東路與杭州南路2段口,0,0,2,2,B01,8,3,5,50,4,1,1,5,4,5,7,1,3,2,2,5,2,16,1,52,3,10,1,1,7,9,1,4,1,1,,44,26,1,22,9,121.5225053,25.03234935
111,9,22,2,30,2,05中正區,中正區愛國東路與杭州南路2段口,0,0,2,3,C03,8,3,5,50,4,1,1,5,4,5,7,1,3,2,2,5,2,16,1,51,3,10,1,1,7,14,1,10,1,14,,44,26,1,22,9,121.5225053,25.03234935
111,9,22,2,30,2,05中正區,中正區愛國東路與杭州南路2段口,0,0,2,4,H02,8,3,5,50,4,1,1,5,4,5,7,1,3,2,2,5,2,16,2,39,2,2,1,1,7,20,8,20,10,16,,67,26,1,22,9,121.5225053,25.03234935
111,9,22,2,32,2,10文山區,文山區忠順街1段與木新路3段310巷口口,0,0,1,1,C03,7,3,5,50,3,2,1,5,4,5,7,2,1,4,3,5,1,13,1,50,2,8,1,4,7,9,1,10,2,11,,23,23,1,22,9,121.5567247,24.98343819
111,9,22,2,32,2,10文山區,文山區忠順街1段與木新路3段310巷口口,0,0,1,2,B03,7,3,5,50,3,2,1,5,4,5,7,2,1,4,3,5,1,13,1,35,3,10,3,4,7,14,1,8,2,3,,44,23,1,22,9,121.5567247,24.98343819
111,9,22,6,22,2,12內湖區,內湖區康寧路3段與安康路口,0,0,1,1,C03,8,1,5,50,4,2,1,5,4,5,7,1,1,1,5,5,2,17,2,70,2,9,1,1,7,7,1,10,1,14,,7,7,1,22,9,121.6109593,25.06608299
111,9,22,6,22,2,12內湖區,內湖區康寧路3段與安康路口,0,0,1,2,A02,8,1,5,50,4,2,1,5,4,5,7,1,1,1,5,5,2,17,1,45,3,10,1,1,7,9,1,2,1,5,,44,7,1,22,9,121.6109593,25.06608299
111,9,22,7,15,2,09北投區,北投區中和街與復興一路口,0,0,1,1,B03,8,1,5,50,3,1,1,5,4,5,7,4,4,9,4,5,2,12,1,58,3,10,3,4,7,6,1,8,1,5,,43,43,1,22,9,121.499545,25.13885846
111,9,22,7,15,2,09北投區,北投區中和街與復興一路口,0,0,1,2,C03,8,1,5,50,3,1,1,5,4,5,7,4,4,9,4,5,2,12,1,54,2,9,3,4,7,9,1,10,1,14,,43,43,1,22,9,121.499545,25.13885846
111,9,22,7,20,2,03中山區,中山區長春路與建國北路2段口,0,0,1,1,B03,8,1,5,50,4,1,1,5,4,5,7,1,1,10,2,5,2,16,1,19,3,10,1,4,7,9,1,8,2,8,,25,25,1,22,9,121.5366857,25.05470909
111,9,22,7,20,2,03中山區,中山區長春路與建國北路2段口,0,0,1,2,C03,8,1,5,50,4,1,1,5,4,5,7,1,1,10,2,5,2,16,1,21,2,9,1,4,7,1,1,10,2,14,,44,25,1,22,9,121.5366857,25.05470909
111,9,22,7,29,2,09北投區,北投區七星街與育仁路口,0,0,1,1,C03,8,1,5,30,3,2,1,5,4,5,7,4,4,10,4,5,1,12,2,46,2,8,1,1,7,6,1,10,2,12,,9,9,1,22,9,121.5010008,25.13664812
111,9,22,7,29,2,09北投區,北投區七星街與育仁路口,0,0,1,2,B03,8,1,5,30,3,2,1,5,4,5,7,4,4,10,4,5,1,12,1,58,3,10,1,1,7,6,1,8,2,8,,8,9,1,22,9,121.5010008,25.13664812
111,9,22,7,39,2,12內湖區,內湖區民權東路6段13-9號對面,0,0,1,1,B03,8,1,5,50,15,9,1,5,4,5,7,4,4,1,4,5,2,16,1,63,3,10,1,1,7,9,1,8,1,2,,44,44,1,22,9,121.5794208,25.06690029
111,9,22,7,39,2,12內湖區,內湖區民權東路6段13-9號對面,0,0,1,2,C03,8,1,5,50,15,9,1,5,4,5,7,4,4,1,4,5,2,16,2,22,2,8,1,1,7,7,1,10,1,14,,7,44,1,22,9,121.5794208,25.06690029
111,9,22,7,41,2,09北投區,北投區承德路6段333號,0,0,4,1,C03,8,1,5,60,14,12,1,5,4,5,7,1,1,1,4,4,2,13,2,22,2,9,1,1,7,9,1,10,1,11,,16,16,1,22,9,121.5117391,25.1057828
111,9,22,7,41,2,09北投區,北投區承德路6段333號,0,0,4,2,C03,8,1,5,60,14,12,1,5,4,5,7,1,1,1,4,4,2,13,1,45,2,9,1,1,7,15,1,10,1,13,,44,16,1,22,9,121.5117391,25.1057828
111,9,22,7,41,2,09北投區,北投區承德路6段333號,0,0,4,3,C03,8,1,5,60,14,12,1,5,4,5,7,1,1,1,4,4,2,13,1,37,2,8,1,1,7,9,1,10,1,11,,16,16,1,22,9,121.5117391,25.1057828
111,9,22,7,41,2,09北投區,北投區承德路6段333號,0,0,4,4,C03,8,1,5,60,14,12,1,5,4,5,7,1,1,1,4,4,2,13,1,35,2,8,1,1,7,15,1,10,1,13,,44,16,1,22,9,121.5117391,25.1057828
111,9,22,7,48,2,09北投區,北投區承德路7段303號,0,0,1,1,C03,8,1,5,40,14,11,1,5,4,5,7,4,4,1,4,4,2,13,1,19,2,9,1,1,7,9,1,10,1,11,,16,16,1,22,9,121.5040655,25.11696922
111,9,22,7,48,2,09北投區,北投區承德路7段303號,0,0,1,2,C03,8,1,5,40,14,11,1,5,4,5,7,4,4,1,4,4,2,13,1,57,3,10,1,1,7,15,1,10,1,13,,44,16,1,22,9,121.5040655,25.11696922
111,9,22,7,48,2,10文山區,文山區和平東路4段67號,0,0,1,1,B11,8,1,5,50,4,1,1,5,4,5,7,1,1,4,3,5,1,16,1,36,3,10,1,1,7,5,1,8,2,1,,44,44,1,22,9,121.5671656,25.00557645
111,9,22,7,48,2,10文山區,文山區和平東路4段67號,0,0,1,2,C03,8,1,5,50,4,1,1,5,4,5,7,1,1,4,3,5,1,16,1,55,2,9,1,1,7,9,1,10,2,14,,25,44,1,22,9,121.5671656,25.00557645
111,9,22,7,50,2,07信義區,信義區忠孝東路5段629號,0,0,1,1,C03,8,1,5,50,14,9,1,5,4,5,7,4,4,1,4,5,2,13,1,47,2,8,3,4,7,9,6,10,1,11,,43,43,1,22,9,121.5794366,25.0418017
111,9,22,7,50,2,07信義區,信義區忠孝東路5段629號,0,0,1,2,C03,8,1,5,50,14,9,1,5,4,5,7,4,4,1,4,5,2,13,1,19,3,10,3,4,7,9,1,10,1,13,,43,43,1,22,9,121.5794366,25.0418017
111,9,22,7,50,2,07信義區,信義區市民大道6段240號,0,0,1,1,C03,8,1,5,40,14,9,1,5,4,5,7,4,4,1,4,5,2,18,2,46,2,9,1,1,7,9,1,10,1,14,,43,43,1,22,9,121.5767784,25.04896544
111,9,22,7,50,2,07信義區,信義區市民大道6段240號,0,0,1,2,,8,1,5,40,14,9,1,5,4,5,7,4,4,1,4,5,2,18,3,,,,,,,,,,,,,67,43,1,,,121.5767784,25.04896544
111,9,22,8,7,2,05中正區,中正區公園路與貴陽街1段口,0,0,1,1,B03,8,1,5,50,4,1,1,5,4,5,7,1,1,9,4,5,2,2,1,70,3,10,1,1,7,5,1,8,2,1,,15,15,1,22,9,121.5153363,25.038646
111,9,22,8,7,2,05中正區,中正區公園路與貴陽街1段口,0,0,1,2,H01,8,1,5,50,4,1,1,5,4,5,7,1,1,9,4,5,2,2,2,52,2,9,4,5,8,16,8,20,10,16,,67,15,1,22,9,121.5153363,25.038646
111,9,22,8,13,2,04大安區,大安區新生南路1段與八德路2段口,0,0,2,1,C03,8,1,5,50,14,9,1,5,4,5,7,2,1,1,4,5,2,16,2,50,2,9,3,4,7,6,1,10,1,11,,14,14,1,22,9,121.5331173,25.04437924
111,9,22,8,13,2,04大安區,大安區新生南路1段與八德路2段口,0,0,2,2,F01,8,1,5,50,14,9,1,5,4,5,7,2,1,1,4,5,2,16,1,47,2,9,3,4,7,11,8,20,1,16,,11,14,1,22,9,121.5331173,25.04437924
111,9,22,8,22,2,12內湖區,內湖區安康路324巷與無名巷口,0,0,1,1,B12,8,1,5,30,3,1,1,5,4,5,7,4,4,10,5,5,2,17,1,59,3,10,1,1,7,6,6,7,9,15,,6,6,1,22,9,121.609869,25.06391837
111,9,22,8,22,2,12內湖區,內湖區安康路324巷與無名巷口,0,0,1,2,C03,8,1,5,30,3,1,1,5,4,5,7,4,4,10,5,5,2,17,1,57,2,9,1,1,7,9,1,10,11,12,,44,6,1,22,9,121.609869,25.06391837
111,9,22,8,22,2,12內湖區,內湖區安康路324巷與無名巷口,0,0,1,3,B12,8,1,5,30,3,1,1,5,4,5,7,4,4,10,5,5,2,17,2,53,3,10,3,4,7,13,1,8,11,15,,38,6,1,22,9,121.609869,25.06391837
111,9,22,8,24,2,08士林區,士林區故宮路51號對面,0,0,2,1,C03,8,1,5,0,14,9,1,5,4,5,7,4,4,10,3,5,1,13,1,35,2,9,3,4,7,9,1,10,1,11,,23,23,1,22,9,121.5477786,25.0963955
111,9,22,8,24,2,08士林區,士林區故宮路51號對面,0,0,2,2,C03,8,1,5,0,14,9,1,5,4,5,7,4,4,10,3,5,1,13,1,65,2,9,3,4,7,9,1,10,1,13,,44,23,1,22,9,121.5477786,25.0963955
111,9,22,8,30,2,01大同區,大同區延平北路3段與昌吉街口口,0,0,1,1,C03,8,1,5,50,4,1,1,5,4,5,7,2,1,5,5,5,2,16,1,33,2,9,1,1,7,9,1,10,1,12,,4,4,1,22,9,121.5110262,25.0659334
111,9,22,8,30,2,01大同區,大同區延平北路3段與昌吉街口口,0,0,1,2,B03,8,1,5,50,4,1,1,5,4,5,7,2,1,5,5,5,2,16,2,46,3,10,1,1,7,5,1,8,1,8,,44,4,1,22,9,121.5110262,25.0659334
111,9,22,8,32,2,03中山區,中山區北安路與明水路口,0,0,1,1,C03,8,1,5,50,4,1,1,5,4,5,7,1,1,1,3,5,1,17,1,23,2,9,1,1,7,9,1,10,2,12,,42,42,1,22,9,121.5529431,25.0855497
111,9,22,8,32,2,03中山區,中山區北安路與明水路口,0,0,1,2,B03,8,1,5,50,4,1,1,5,4,5,7,1,1,1,3,5,1,17,1,31,3,10,1,1,7,9,1,8,2,1,,44,42,1,22,9,121.5529431,25.0855497
111,9,22,8,35,2,03中山區,中山區長春路364號,0,0,1,1,C03,8,1,5,40,14,7,1,5,4,4,7,4,4,9,5,4,2,12,1,23,2,9,1,4,7,7,1,10,1,11,,7,7,1,22,9,121.5426196,25.05453777
111,9,22,8,35,2,03中山區,中山區長春路364號,0,0,1,2,B03,8,1,5,40,14,7,1,5,4,4,7,4,4,9,5,4,2,12,2,50,3,10,1,4,7,9,1,8,1,5,,44,7,1,22,9,121.5426196,25.05453777
111,9,22,8,41,2,08士林區,士林區忠誠路2段與忠誠路2段53巷口,0,0,1,1,B01,8,1,5,50,14,8,1,5,4,5,7,4,4,1,4,4,1,16,1,65,3,10,1,1,7,6,1,4,9,2,,9,9,1,22,9,121.5308002,25.11107951
111,9,22,8,41,2,08士林區,士林區忠誠路2段與忠誠路2段53巷口,0,0,1,2,C03,8,1,5,50,14,8,1,5,4,5,7,4,4,1,4,4,1,16,2,22,2,9,1,1,7,9,1,10,9,14,,14,9,1,22,9,121.5308002,25.11107951
111,9,22,8,42,2,02萬華區,萬華區環河南路1段與貴陽街2段口,0,0,1,1,C03,8,1,5,30,5,1,1,5,4,5,7,1,1,10,5,5,2,12,1,25,2,9,1,1,7,5,1,10,1,14,,8,8,1,22,9,121.4979451,25.04008361
111,9,22,8,42,2,02萬華區,萬華區環河南路1段與貴陽街2段口,0,0,1,2,B03,8,1,5,30,5,1,1,5,4,5,7,1,1,10,5,5,2,12,1,30,3,10,1,1,7,9,1,8,1,2,,26,8,1,22,9,121.4979451,25.04008361
111,9,22,8,43,2,05中正區,中正區濟南路2段58號,0,0,1,1,B03,8,1,5,30,13,9,1,5,4,5,7,4,4,10,5,5,2,3,2,34,3,10,1,4,7,5,1,8,2,4,,23,23,1,19,4,121.5316028,25.0400469
111,9,22,8,43,2,05中正區,中正區濟南路2段58號,0,0,1,2,H01,8,1,5,30,13,9,1,5,4,5,7,4,4,10,5,5,2,3,2,85,2,9,4,5,8,16,8,20,10,16,,60,23,1,19,7,121.5316028,25.0400469
111,9,22,8,45,2,05中正區,中正區公園路38號,0,0,1,1,B03,8,1,5,50,14,9,1,5,4,5,7,4,4,10,4,5,2,16,1,27,3,10,1,1,7,11,1,8,2,4,,10,10,1,22,9,121.5166924,25.04352008
111,9,22,8,45,2,05中正區,中正區公園路38號,0,0,1,2,C03,8,1,5,50,14,9,1,5,4,5,7,4,4,10,4,5,2,16,1,34,2,9,1,1,7,9,1,10,2,12,,44,10,1,22,9,121.5166924,25.04352008
111,9,22,8,48,2,03中山區,中山區樂群一路與敬業三路口往東第2根燈桿處,0,0,1,1,C03,8,1,5,50,14,9,1,5,4,5,7,4,4,1,4,5,2,13,2,44,2,8,1,4,7,9,1,10,1,11,,16,16,1,22,9,121.5567305,25.0771317
111,9,22,8,48,2,03中山區,中山區樂群一路與敬業三路口往東第2根燈桿處,0,0,1,2,C03,8,1,5,50,14,9,1,5,4,5,7,4,4,1,4,5,2,13,2,33,3,10,1,4,7,14,1,10,1,14,,44,16,1,22,9,121.5567305,25.0771317
111,9,22,8,48,2,03中山區,中山區樂群一路與敬業三路口往東第2根燈桿處,0,0,1,3,B03,8,1,5,50,14,9,1,5,4,5,7,4,4,1,4,5,2,13,2,50,3,10,3,4,7,14,1,8,1,3,,44,16,1,22,9,121.5567305,25.0771317
111,9,22,8,51,2,08士林區,士林區承德路4段與福港街口,0,0,1,1,B12,8,1,5,50,4,1,1,5,4,5,7,1,1,1,4,5,2,12,1,68,3,10,3,4,7,6,1,7,2,5,,9,9,1,22,9,121.5184123,25.08997213
111,9,22,8,51,2,08士林區,士林區承德路4段與福港街口,0,0,1,2,C03,8,1,5,50,4,1,1,5,4,5,7,1,1,1,4,5,2,12,1,26,2,9,1,4,7,9,1,10,2,11,,13,9,1,22,9,121.5184123,25.08997213
111,9,22,8,58,2,12內湖區,內湖區瑞光路與江南街117巷8弄口,0,0,2,1,B03,8,1,5,50,4,2,1,5,4,5,7,2,1,5,4,5,2,17,1,51,3,10,1,1,7,8,1,8,1,15,,6,6,1,22,9,121.5760063,25.07572576
111,9,22,8,58,2,12內湖區,內湖區瑞光路與江南街117巷8弄口,0,0,2,2,C03,8,1,5,50,4,2,1,5,4,5,7,2,1,5,4,5,2,17,1,30,2,9,1,1,7,9,1,10,1,15,,44,6,1,22,9,121.5760063,25.07572576
111,9,22,8,58,2,12內湖區,內湖區瑞光路與江南街117巷8弄口,0,0,2,4,H02,8,1,5,50,4,2,1,5,4,5,7,2,1,5,4,5,2,17,2,30,2,7,4,5,7,21,8,20,10,15,,67,6,1,22,9,121.5760063,25.07572576
111,9,22,8,58,2,12內湖區,內湖區瑞光路與江南街117巷8弄口,0,0,2,3,B03,8,1,5,50,4,2,1,5,4,5,7,2,1,5,4,5,2,17,1,29,3,10,1,1,7,5,1,8,1,15,,44,6,1,22,9,121.5760063,25.07572576
111,9,22,9,13,2,04大安區,大安區復興南路2段與復興南路2段78巷口,0,0,1,1,B01,8,1,5,50,5,1,1,5,4,5,7,4,4,1,5,5,2,16,1,44,3,10,1,1,7,6,1,4,2,6,,9,9,1,22,9,121.5434413,25.0311223
111,9,22,9,13,2,04大安區,大安區復興南路2段與復興南路2段78巷口,0,0,1,2,C03,8,1,5,50,5,1,1,5,4,5,7,4,4,1,5,5,2,16,1,22,2,8,1,1,7,9,1,10,2,14,,44,9,1,22,9,121.5434413,25.0311223
111,9,22,9,16,2,02萬華區,萬華區堤外便道市民桂林,0,0,2,1,C03,8,1,5,40,14,11,1,5,4,5,7,4,4,4,5,5,2,13,1,27,2,9,1,1,7,9,1,10,1,11,,16,16,1,22,9,121.5033616,25.0468898
111,9,22,9,16,2,02萬華區,萬華區堤外便道市民桂林,0,0,2,2,C03,8,1,5,40,14,11,1,5,4,5,7,4,4,4,5,5,2,13,2,30,2,9,1,1,7,9,1,10,1,13,,44,16,1,22,9,121.5033616,25.0468898
111,9,22,9,20,2,10文山區,文山區木新路1段與無名巷口,0,0,1,1,B01,8,1,5,50,14,9,1,5,4,5,7,4,4,5,2,5,2,16,1,47,3,10,1,1,7,11,1,4,2,4,,10,10,1,22,9,121.5706227,24.98914048
111,9,22,9,20,2,10文山區,文山區木新路1段與無名巷口,0,0,1,2,C03,8,1,5,50,14,9,1,5,4,5,7,4,4,5,2,5,2,16,1,20,2,9,1,1,7,9,1,10,2,12,14,14,10,1,22,9,121.5706227,24.98914048
111,9,22,9,32,2,03中山區,中山區民權東路3段榮星花園前,0,0,1,1,C03,8,1,5,50,14,9,1,5,4,5,7,4,4,1,3,5,1,13,1,52,2,9,1,4,7,9,1,10,9,11,,16,16,1,22,9,121.5381272,25.06246219
111,9,22,9,32,2,03中山區,中山區民權東路3段榮星花園前,0,0,1,2,B01,8,1,5,50,14,9,1,5,4,5,7,4,4,1,3,5,1,13,1,71,3,10,3,4,7,14,6,18,9,3,,44,16,1,22,9,121.5381272,25.06246219
111,9,22,9,36,2,09北投區,北投區西安街1段與文林北路94巷口,0,0,2,1,C03,8,1,5,50,4,1,1,5,4,5,7,1,1,9,4,5,2,15,2,19,2,9,1,1,7,9,1,10,2,11,,25,25,1,22,9,121.5149997,25.1145778
111,9,22,9,36,2,09北投區,北投區西安街1段與文林北路94巷口,0,0,2,2,C03,8,1,5,50,4,1,1,5,4,5,7,1,1,9,4,5,2,15,2,42,2,9,1,1,7,9,1,10,2,12,,44,25,1,22,9,121.5149997,25.1145778
111,9,22,9,38,2,03中山區,中山區吉林路與吉林路154巷口,0,0,1,1,B03,8,1,5,30,4,1,1,5,4,5,7,4,4,4,3,5,1,16,1,38,3,10,1,1,7,5,1,8,1,8,,6,6,1,22,9,121.5300499,25.0565053
111,9,22,9,38,2,03中山區,中山區吉林路與吉林路154巷口,0,0,1,2,C03,8,1,5,30,4,1,1,5,4,5,7,4,4,4,3,5,1,16,1,44,2,9,1,1,7,9,1,10,1,11,,23,6,1,22,9,121.5300499,25.0565053
111,9,22,9,47,2,06松山區,松山區民生東路3段與民生東路3段140巷口,0,0,2,1,C03,8,1,5,50,14,9,1,5,4,5,7,4,4,1,4,5,2,13,1,51,2,9,1,1,7,12,1,10,2,13,,44,44,1,22,9,121.5473333,25.0576577
111,9,22,9,47,2,06松山區,松山區民生東路3段與民生東路3段140巷口,0,0,2,2,C03,8,1,5,50,14,9,1,5,4,5,7,4,4,1,4,5,2,13,2,36,2,9,1,1,7,9,1,10,2,11,,16,44,1,22,9,121.5473333,25.0576577
111,9,22,9,50,2,03中山區,中山區明水路397巷與明水路397巷7弄口,0,0,2,1,C03,8,1,5,30,4,1,1,5,4,5,7,4,4,10,5,5,2,15,1,36,2,8,3,4,7,9,1,10,1,12,,6,6,1,22,9,121.5476894,25.078048
111,9,22,9,50,2,03中山區,中山區明水路397巷與明水路397巷7弄口,0,0,2,2,C03,8,1,5,30,4,1,1,5,4,5,7,4,4,10,5,5,2,15,1,20,2,9,1,4,7,9,1,10,1,11,,13,6,1,22,9,121.5476894,25.078048
111,9,22,9,58,2,04大安區,大安區信義路3段157巷口側附近,0,0,1,1,B03,8,1,5,50,14,9,1,5,4,5,7,4,4,1,4,5,2,12,1,53,3,10,3,4,7,5,1,8,1,8,,8,8,1,22,9,121.5429778,25.0334928
111,9,22,9,58,2,04大安區,大安區信義路3段157巷口側附近,0,0,1,2,C03,8,1,5,50,14,9,1,5,4,5,7,4,4,1,4,5,2,12,2,23,2,5,3,4,7,9,1,10,1,12,,14,8,1,22,9,121.5429778,25.0334928
111,9,22,10,2,2,09北投區,北投區承德路7段與承德路7段393巷口,0,0,1,1,B03,8,1,5,0,4,2,1,5,4,5,7,1,1,9,4,5,1,12,2,59,3,10,1,1,7,6,1,8,1,2,,9,9,1,22,9,121.5013525,25.11944216
111,9,22,10,2,2,09北投區,北投區承德路7段與承德路7段393巷口,0,0,1,2,C03,8,1,5,0,4,2,1,5,4,5,7,1,1,9,4,5,1,12,1,18,2,7,1,1,7,9,1,10,1,14,,23,9,1,22,9,121.5013525,25.11944216
111,9,22,10,14,2,07信義區,信義區松平路與松智路口,0,0,1,1,B03,8,3,5,30,4,1,1,5,4,5,7,1,1,5,5,5,2,15,2,73,3,10,3,4,7,9,1,8,1,6,,13,13,1,22,9,121.5653842,25.0304787
111,9,22,10,14,2,07信義區,信義區松平路與松智路口,0,0,1,2,C03,8,3,5,30,4,1,1,5,4,5,7,1,1,5,5,5,2,15,2,50,2,9,3,4,7,9,1,10,1,11,,25,13,1,22,9,121.5653842,25.0304787
111,9,22,10,15,2,07信義區,信義區松山路515巷2弄4號,0,0,2,1,C03,8,1,5,30,14,9,1,5,4,5,7,4,4,10,5,5,2,16,2,40,2,8,1,1,7,9,1,10,1,12,,14,14,1,22,8,121.5785001,25.0385658
111,9,22,10,15,2,07信義區,信義區松山路515巷2弄4號,0,0,2,2,C03,8,1,5,30,14,9,1,5,4,5,7,4,4,10,5,5,2,16,2,26,2,9,1,1,7,9,1,10,1,11,,6,14,1,22,9,121.5785001,25.0385658
111,9,22,10,49,2,07信義區,信義區吳興街260巷與吳興街260巷19弄口口,0,0,2,1,F02,8,1,5,30,3,2,1,5,4,5,7,4,4,10,5,5,2,17,1,37,2,7,3,4,7,9,8,20,1,16,,44,44,1,22,9,121.5632878,25.0262746
111,9,22,10,49,2,07信義區,信義區吳興街260巷與吳興街260巷19弄口口,0,0,2,2,C03,8,1,5,30,3,2,1,5,4,5,7,4,4,10,5,5,2,17,2,59,2,9,3,4,7,14,1,10,1,13,,42,44,1,22,9,121.5632878,25.0262746
111,9,22,10,50,2,05中正區,中正區南昌路1段與南海路口口,0,0,3,1,C03,8,1,5,30,4,1,1,5,4,1,7,1,1,10,4,5,1,15,2,22,2,9,1,1,7,9,1,10,1,11,,25,25,1,22,9,121.5163562,25.03246582
111,9,22,10,50,2,05中正區,中正區南昌路1段與南海路口口,0,0,3,2,C03,8,1,5,30,4,1,1,5,4,1,7,1,1,10,4,5,1,15,1,45,2,9,1,1,7,1,1,10,1,12,,44,25,1,22,9,121.5163562,25.03246582
111,9,22,10,50,2,05中正區,中正區南昌路1段與南海路口口,0,0,3,3,H02,8,1,5,30,4,1,1,5,4,1,7,1,1,10,4,5,1,15,2,22,2,9,1,1,7,20,8,20,10,16,,67,25,1,22,9,121.5163562,25.03246582
111,9,22,10,50,2,07信義區,信義區松智路與松智路33巷口,0,0,1,1,B02,8,1,5,50,4,1,1,5,4,5,7,4,4,9,4,5,2,17,1,35,3,10,1,1,7,11,1,8,1,1,,10,10,1,22,9,121.5653869,25.0300792
111,9,22,10,50,2,07信義區,信義區松智路與松智路33巷口,0,0,1,2,C03,8,1,5,50,4,1,1,5,4,5,7,4,4,9,4,5,2,17,1,40,2,9,1,1,7,9,1,10,1,14,,44,10,1,22,9,121.5653869,25.0300792
111,9,22,10,56,2,02萬華區,萬華區西園路2段與東園街口,0,0,1,1,C03,8,1,5,50,4,1,1,5,4,5,7,2,1,3,4,5,2,16,1,22,3,10,1,1,7,6,3,18,1,13,,9,9,1,22,9,121.4952995,25.028127
111,9,22,10,56,2,02萬華區,萬華區西園路2段與東園街口,0,0,1,2,C03,8,1,5,50,4,1,1,5,4,5,7,2,1,3,4,5,2,16,2,26,2,8,1,1,7,9,1,10,1,11,,44,9,1,22,9,121.4952995,25.028127
111,9,22,10,57,2,07信義區,信義區信安街67巷力揚停車場前,0,0,1,1,B03,8,1,5,40,14,8,1,5,4,5,7,4,4,9,4,4,2,17,1,39,3,10,1,1,7,6,1,14,1,6,,9,9,1,22,9,121.5601783,25.0259461
111,9,22,10,57,2,07信義區,信義區信安街67巷力揚停車場前,0,0,1,2,C03,8,1,5,40,14,8,1,5,4,5,7,4,4,9,4,4,2,17,2,62,2,9,1,1,7,9,1,10,1,14,,44,9,1,22,9,121.5601783,25.0259461
111,9,22,11,15,2,08士林區,士林區忠誠路2段50巷與忠誠路2段40巷14弄口,0,0,1,1,B03,8,1,5,30,4,1,1,5,4,5,7,4,4,10,5,5,1,17,1,65,3,10,1,1,7,9,1,8,1,1,,6,6,1,22,9,121.5299887,25.1107974
111,9,22,11,15,2,08士林區,士林區忠誠路2段50巷與忠誠路2段40巷14弄口,0,0,1,2,C03,8,1,5,30,4,1,1,5,4,5,7,4,4,10,5,5,1,17,1,43,2,9,1,1,7,9,1,10,1,12,,14,6,1,22,9,121.5299887,25.1107974
111,9,22,11,28,2,05中正區,中正區承德路1段與鄭州路口,0,0,1,1,C03,8,1,5,40,5,1,1,5,4,5,7,2,1,1,4,5,2,12,2,28,2,9,1,1,7,5,1,10,9,14,,17,17,1,5,1,121.5163773,25.04863888