發生年度,發生月,發生日,發生時-Hours,發生分,處理別-編號,區序,肇事地點,死亡人數,2-30日死亡人數,受傷人數,當事人序號,車種,天候,光線,道路類別,速限-速度限制,道路型態,事故位置,路面狀況1,路面狀況2,路面狀況3,道路障礙1,道路障礙2,號誌1,號誌2,車道劃分-分向,車道劃分-分道1,車道劃分-分道2,車道劃分-分道3,事故類型及型態,性別,年齡,受傷程度,主要傷處,安全帽,行動電話,車輛用途,當事者行動狀態,駕駛資格情形,駕駛執照種類,飲酒情形,車輛撞擊部位1,車輛撞擊部位2,肇因碼-個別,肇因碼-主要,個人肇逃否,職業,旅次目的,座標-X,座標-Y
111,9,22,11,28,2,05中正區,中正區承德路1段與鄭州路口,0,0,1,2,C03,8,1,5,40,5,1,1,5,4,5,7,2,1,1,4,5,2,12,1,22,3,10,1,1,7,9,1,10,9,12,,17,17,1,5,4,121.5163773,25.04863888
111,9,22,11,40,2,05中正區,中正區重慶南路1段與凱達格蘭大道口,0,0,1,1,B12,8,1,5,50,3,2,1,5,4,5,7,1,1,5,4,5,2,12,1,24,3,10,1,1,7,1,1,8,1,2,,23,23,1,22,9,121.5129509,25.0398942
111,9,22,11,40,2,05中正區,中正區重慶南路1段與凱達格蘭大道口,0,0,1,2,C03,8,1,5,50,3,2,1,5,4,5,7,1,1,5,4,5,2,12,1,63,2,9,1,1,7,1,1,10,1,14,,44,23,1,22,9,121.5129509,25.0398942
111,9,22,11,40,2,12內湖區,內湖區民權東路6段296巷與康寧路3段16巷口,0,0,2,1,C03,8,1,5,30,4,1,1,5,4,5,7,4,4,9,4,5,2,13,1,20,2,9,1,1,7,4,1,10,1,11,,23,23,1,22,9,121.6063903,25.07206318
111,9,22,11,40,2,12內湖區,內湖區民權東路6段296巷與康寧路3段16巷口,0,0,2,2,C03,8,1,5,30,4,1,1,5,4,5,7,4,4,9,4,5,2,13,1,43,2,9,1,1,7,5,1,10,1,14,,8,23,1,22,9,121.6063903,25.07206318
111,9,22,12,23,2,10文山區,文山區辛亥路4段204號,0,0,2,1,C03,8,1,5,50,14,9,1,5,4,5,7,4,4,1,4,5,2,13,1,32,2,9,1,1,7,9,1,10,1,11,,16,16,1,22,9,121.5555871,25.0024243
111,9,22,12,23,2,10文山區,文山區辛亥路4段204號,0,0,2,2,C03,8,1,5,50,14,9,1,5,4,5,7,4,4,1,4,5,2,13,1,34,2,9,1,1,7,9,1,10,1,13,,44,16,1,22,9,121.5555871,25.0024243
111,9,22,12,23,2,10文山區,文山區辛亥路4段204號,0,0,2,3,B03,8,1,5,50,14,9,1,5,4,5,7,4,4,1,4,5,2,13,1,73,3,10,1,1,7,9,1,8,1,3,,44,16,1,22,9,121.5555871,25.0024243
111,9,22,12,32,2,09北投區,北投區明德路與東華街1段口,0,0,1,1,C03,8,1,5,50,4,1,1,5,4,5,7,1,1,5,5,5,2,12,1,32,2,9,1,1,7,15,1,10,1,11,,23,23,1,22,9,121.5193409,25.1093334
111,9,22,12,32,2,09北投區,北投區明德路與東華街1段口,0,0,1,2,B11,8,1,5,50,4,1,1,5,4,5,7,1,1,5,5,5,2,12,1,39,3,10,1,1,7,9,1,8,1,6,,44,23,1,22,9,121.5193409,25.1093334
111,9,22,13,2,2,06松山區,松山區民生東路4段與光復北路口,0,0,1,1,B03,8,1,5,50,4,1,1,5,4,5,7,2,1,3,4,4,2,16,1,31,3,10,1,1,7,6,1,8,2,5,,9,9,1,22,9,121.5552288,25.0583116
111,9,22,13,2,2,06松山區,松山區民生東路4段與光復北路口,0,0,1,2,C03,8,1,5,50,4,1,1,5,4,5,7,2,1,3,4,4,2,16,1,25,2,9,1,1,7,9,1,10,2,14,,23,9,1,22,9,121.5552288,25.0583116
111,9,22,13,39,2,12內湖區,內湖區成功橋與潭美街口,0,0,1,1,B03,8,1,5,40,3,1,1,5,4,5,7,1,1,5,5,5,1,12,1,55,3,10,1,1,7,6,1,8,1,5,,9,9,1,22,9,121.5897335,25.06076036
111,9,22,13,39,2,12內湖區,內湖區成功橋與潭美街口,0,0,1,2,C03,8,1,5,40,3,1,1,5,4,5,7,1,1,5,5,5,1,12,2,32,2,9,1,1,7,9,1,10,1,11,,13,9,1,22,9,121.5897335,25.06076036
111,9,22,13,40,2,05中正區,中正區新生南路1段132巷與新生南路1段口,0,0,1,1,C03,8,1,5,50,4,2,1,5,4,5,7,1,1,4,3,4,2,12,1,46,2,9,2,1,7,7,1,10,1,14,,43,43,1,22,9,121.5325988,25.03683383
111,9,22,13,40,2,05中正區,中正區新生南路1段132巷與新生南路1段口,0,0,1,2,B01,8,1,5,50,4,2,1,5,4,5,7,1,1,4,3,4,2,12,1,65,3,10,1,1,7,1,1,8,1,5,,43,43,1,22,9,121.5325988,25.03683383
111,9,22,13,59,2,02萬華區,(廣州街67號),0,0,1,1,F01,8,1,5,50,5,2,1,5,4,5,7,2,1,5,4,5,2,15,2,57,2,9,1,1,7,11,8,20,1,16,,25,25,1,22,9,121.5046011,25.03652945
111,9,22,13,59,2,02萬華區,(廣州街67號),0,0,1,2,C03,8,1,5,50,5,2,1,5,4,5,7,2,1,5,4,5,2,15,1,18,3,10,1,1,7,9,1,10,1,11,,44,25,1,22,9,121.5046011,25.03652945
111,9,22,14,2,2,10文山區,文山區景文街與景興路282巷口,0,0,1,1,C03,8,1,5,50,5,1,1,5,4,5,7,2,1,5,5,4,2,16,2,57,2,9,1,1,7,5,1,10,1,12,,23,23,1,22,9,121.5408981,24.989649
111,9,22,14,2,2,10文山區,文山區景文街與景興路282巷口,0,0,1,2,B03,8,1,5,50,5,1,1,5,4,5,7,2,1,5,5,4,2,16,1,68,3,10,1,1,7,6,1,8,1,4,,6,23,1,22,9,121.5408981,24.989649
111,9,22,14,20,2,12內湖區,內湖區康樂街129號對面,0,0,1,1,B03,8,1,5,50,14,9,1,5,4,5,7,4,4,9,5,5,2,16,1,75,3,10,1,1,7,5,1,8,1,4,,8,8,1,22,9,121.619573,25.07369167
111,9,22,14,20,2,12內湖區,內湖區康樂街129號對面,0,0,1,2,F02,8,1,5,50,14,9,1,5,4,5,7,4,4,9,5,5,2,16,2,47,2,9,1,1,7,9,8,20,1,16,,43,8,1,22,9,121.619573,25.07369167
111,9,22,14,22,2,03中山區,中山區民生東路1段54號,0,0,1,1,B03,8,1,5,30,3,2,1,5,4,5,7,4,4,4,3,5,1,16,1,17,3,10,3,4,7,6,2,18,1,5,,6,6,1,22,9,121.5249029,25.05805044
111,9,22,14,22,2,03中山區,中山區民生東路1段54號,0,0,1,2,C03,8,1,5,30,3,2,1,5,4,5,7,4,4,4,3,5,1,16,1,26,2,9,1,4,7,9,1,10,1,12,,44,6,1,22,9,121.5249029,25.05805044
111,9,22,15,1,2,08士林區,士林區德行東路229巷與德行東路口,0,0,1,1,C03,8,1,5,50,3,2,1,5,4,5,7,4,4,9,4,5,1,13,2,20,2,9,3,4,7,9,1,10,1,11,,23,23,1,22,9,121.5331996,25.10941112
111,9,22,15,1,2,08士林區,士林區德行東路229巷與德行東路口,0,0,1,2,B02,8,1,5,50,3,2,1,5,4,5,7,4,4,9,4,5,1,13,1,36,3,10,3,4,7,14,1,8,1,6,,44,23,1,22,9,121.5331996,25.10941112
111,9,22,15,1,2,08士林區,士林區德行東路229巷與德行東路口,0,0,1,3,B01,8,1,5,50,3,2,1,5,4,5,7,4,4,9,4,5,1,13,1,53,3,10,3,4,7,5,3,18,9,15,,6,23,1,22,9,121.5331996,25.10941112
111,9,22,15,2,2,02萬華區,萬華區昆明街與漢口街2段口,0,0,1,1,H01,8,1,5,50,4,2,1,5,4,5,7,2,1,4,4,5,2,3,1,58,2,9,4,5,8,16,8,20,10,16,,52,52,1,22,9,121.5057388,25.0459535
111,9,22,15,2,2,02萬華區,萬華區昆明街與漢口街2段口,0,0,1,2,B03,8,1,5,50,4,2,1,5,4,5,7,2,1,4,4,5,2,3,1,65,3,10,1,1,7,9,1,8,1,1,,15,52,1,22,9,121.5057388,25.0459535
111,9,22,15,20,2,06松山區,松山區新東街41-7號,0,0,1,1,B01,8,1,5,50,14,9,1,5,4,5,7,4,4,9,5,5,2,17,1,64,3,10,1,1,7,13,1,4,2,15,,42,42,1,22,9,121.5654773,25.06082709
111,9,22,15,20,2,06松山區,松山區新東街41-7號,0,0,1,2,F02,8,1,5,50,14,9,1,5,4,5,7,4,4,9,5,5,2,17,2,50,2,1,1,1,7,21,8,20,2,15,,42,42,1,22,9,121.5654773,25.06082709
111,9,22,15,51,2,08士林區,士林區通河西街1段堤外便道百齡左岸060號電桿,0,0,2,1,C03,8,1,5,50,14,9,1,5,4,5,7,4,4,10,5,5,1,17,2,26,2,7,1,1,7,9,1,9,1,11,,43,43,1,21,8,121.5134559,25.08265289
111,9,22,15,51,2,08士林區,士林區通河西街1段堤外便道百齡左岸060號電桿,0,0,2,2,F01,8,1,5,50,14,9,1,5,4,5,7,4,4,10,5,5,1,17,1,54,2,9,1,1,7,9,8,20,1,16,,43,43,1,21,8,121.5134559,25.08265289
111,9,22,15,58,2,12內湖區,內湖區文德路66巷11弄與文德路90巷口,0,0,2,1,C03,8,1,5,30,4,1,1,5,4,5,7,4,4,10,5,5,1,15,1,60,2,9,1,1,7,9,1,10,1,12,,6,6,1,22,9,121.5824642,25.07795336
111,9,22,15,58,2,12內湖區,內湖區文德路66巷11弄與文德路90巷口,0,0,2,2,B01,8,1,5,30,4,1,1,5,4,5,7,4,4,10,5,5,1,15,1,37,3,10,1,1,7,9,1,4,1,1,,44,6,1,22,9,121.5824642,25.07795336
111,9,22,15,58,2,12內湖區,內湖區文德路66巷11弄與文德路90巷口,0,0,2,3,H02,8,1,5,30,4,1,1,5,4,5,7,4,4,10,5,5,1,15,2,47,2,9,1,5,7,17,8,20,10,15,,67,6,1,22,9,121.5824642,25.07795336
111,9,22,15,58,2,12內湖區,內湖區文德路66巷11弄與文德路90巷口,0,0,2,4,B12,8,1,5,30,4,1,1,5,4,5,7,4,4,10,5,5,1,15,1,49,3,10,3,4,7,13,1,8,1,1,,44,6,1,22,9,121.5824642,25.07795336
111,9,22,16,12,2,07信義區,信義區市民大道6段與松信路口,0,0,1,1,C03,8,1,5,40,4,2,1,5,4,5,7,2,1,1,4,5,1,16,2,63,3,10,3,4,7,8,1,10,1,12,,7,7,1,22,9,121.5719097,25.0492073
111,9,22,16,12,2,07信義區,信義區市民大道6段與松信路口,0,0,1,2,C03,8,1,5,40,4,2,1,5,4,5,7,2,1,1,4,5,1,16,1,57,2,7,3,4,7,9,1,10,1,14,,44,7,1,22,9,121.5719097,25.0492073
111,9,22,16,14,2,02萬華區,萬華區西園路2段與寶興街口,0,0,1,1,A02,8,1,5,50,4,1,1,5,4,5,7,1,1,8,3,5,1,12,1,59,3,10,1,1,7,9,1,2,1,2,,44,44,1,22,9,121.4936731,25.0267723
111,9,22,16,14,2,02萬華區,萬華區西園路2段與寶興街口,0,0,1,2,C03,8,1,5,50,4,1,1,5,4,5,7,1,1,8,3,5,1,12,1,67,2,9,1,1,7,7,1,10,1,14,,7,44,1,22,9,121.4936731,25.0267723
111,9,22,16,15,2,05中正區,中正區中華路2段與中華路2段307巷口,0,0,1,1,B03,8,1,5,50,4,2,1,5,4,5,7,1,1,5,5,4,2,12,1,48,3,10,1,1,7,6,1,8,2,2,,44,44,1,22,9,121.5052285,25.02875199
111,9,22,16,15,2,05中正區,中正區中華路2段與中華路2段307巷口,0,0,1,2,F01,8,1,5,50,4,2,1,5,4,5,7,1,1,5,5,4,2,12,2,73,2,7,1,1,7,7,8,20,2,16,,7,44,1,22,9,121.5052285,25.02875199
111,9,22,16,24,2,08士林區,士林區中山北路6段與忠誠路1段口,0,0,1,1,B01,8,2,5,50,4,1,1,5,4,5,7,2,1,1,4,5,1,17,1,61,3,10,1,1,7,9,1,4,2,2,,17,17,1,21,8,121.5247794,25.10388568
111,9,22,16,24,2,08士林區,士林區中山北路6段與忠誠路1段口,0,0,1,2,C03,8,2,5,50,4,1,1,5,4,5,7,2,1,1,4,5,1,17,2,31,2,8,1,1,7,9,1,10,2,11,,17,17,1,21,8,121.5247794,25.10388568
111,9,22,16,40,2,10文山區,文山區木柵路1段與辛亥路6段口,0,0,1,1,B03,8,1,5,50,4,1,1,5,4,5,7,1,1,1,4,5,2,16,1,61,3,10,1,1,7,6,1,8,1,5,,9,9,1,22,9,121.5523023,24.98788114
111,9,22,16,40,2,10文山區,文山區木柵路1段與辛亥路6段口,0,0,1,2,C03,8,1,5,50,4,1,1,5,4,5,7,1,1,1,4,5,2,16,1,26,2,9,1,1,7,9,1,10,1,11,,44,9,1,22,9,121.5523023,24.98788114
111,9,22,17,5,2,04大安區,大安區金山南路2段203巷口側附近,0,0,1,1,B11,8,1,5,30,14,9,1,5,4,5,7,4,4,10,5,5,2,17,1,38,3,10,3,4,7,9,1,3,2,8,,6,6,1,22,9,121.5263696,25.02798146
111,9,22,17,5,2,04大安區,大安區金山南路2段203巷口側附近,0,0,1,2,F02,8,1,5,30,14,9,1,5,4,5,7,4,4,10,5,5,2,17,2,16,2,9,3,4,7,1,8,20,2,16,,19,6,1,22,9,121.5263696,25.02798146
111,9,22,17,13,2,01大同區,大同區環河北路1段205號,0,0,1,1,C03,8,1,5,50,14,9,1,5,4,5,7,4,4,9,4,5,2,12,1,25,2,9,1,1,7,7,6,18,1,11,,23,23,1,22,9,121.5081582,25.05637217
111,9,22,17,13,2,01大同區,大同區環河北路1段205號,0,0,1,2,B03,8,1,5,50,14,9,1,5,4,5,7,4,4,9,4,5,2,12,1,44,3,10,3,4,7,8,1,8,1,6,,44,23,1,22,9,121.5081582,25.05637217
111,9,22,17,43,2,03中山區,中山區民族東路與中山北路3段口,0,0,1,1,B03,8,1,5,50,4,2,1,5,4,5,7,1,1,1,4,5,2,12,1,22,3,10,1,1,7,6,1,8,2,5,,44,44,1,22,9,121.5230943,25.0685218
111,9,22,17,43,2,03中山區,中山區民族東路與中山北路3段口,0,0,1,2,C03,8,1,5,50,4,2,1,5,4,5,7,1,1,1,4,5,2,12,2,33,2,9,1,1,7,9,1,10,2,14,,26,44,1,22,9,121.5230943,25.0685218
111,9,22,17,48,2,08士林區,士林區仰德大道3段與仰德大道3段5巷口,0,0,2,1,C03,8,2,5,40,3,1,1,5,4,5,2,2,1,4,5,5,1,17,1,20,2,9,1,4,7,9,1,10,9,11,,16,16,1,22,9,121.5504356,25.11412791
111,9,22,17,48,2,08士林區,士林區仰德大道3段與仰德大道3段5巷口,0,0,2,2,C03,8,2,5,40,3,1,1,5,4,5,2,2,1,4,5,5,1,17,1,20,2,8,1,4,7,9,1,10,9,13,,44,16,1,22,9,121.5504356,25.11412791
111,9,22,17,48,2,08士林區,士林區仰德大道3段與仰德大道3段5巷口,0,0,2,3,B12,8,2,5,40,3,1,1,5,4,5,2,2,1,4,5,5,1,17,1,45,3,10,3,4,7,2,6,8,9,15,,12,16,1,22,9,121.5504356,25.11412791
111,9,22,18,0,2,01大同區,大同區承德路3段與民族西路口,0,0,2,2,C03,8,1,5,50,4,3,1,5,4,5,7,2,1,1,3,5,2,15,1,31,2,9,1,1,7,1,1,10,1,11,,44,23,1,22,9,121.5182876,25.06856087
111,9,22,18,0,2,01大同區,大同區承德路3段與民族西路口,0,0,2,1,C03,8,1,5,50,4,3,1,5,4,5,7,2,1,1,3,5,2,15,1,47,2,9,1,1,7,9,1,10,1,12,,23,23,1,22,9,121.5182876,25.06856087
111,9,22,18,5,2,12內湖區,內湖區行善路與行愛路口,0,0,1,1,B12,8,3,5,50,4,1,1,5,4,5,7,2,1,3,4,4,2,2,1,43,3,10,1,1,7,5,1,8,2,8,,15,15,1,22,9,121.5827265,25.06055979
111,9,22,18,5,2,12內湖區,內湖區行善路與行愛路口,0,0,1,2,H01,8,3,5,50,4,1,1,5,4,5,7,2,1,3,4,4,2,2,1,40,2,8,4,5,8,16,8,20,10,15,,67,15,1,22,9,121.5827265,25.06055979
111,9,22,18,6,2,01大同區,大同區重慶北路2段與重慶北路2段46巷口,0,0,1,1,C03,8,2,5,50,3,2,1,5,4,5,7,1,1,1,4,5,2,13,1,58,2,9,1,1,7,9,1,10,2,11,,16,16,1,22,9,121.5140277,25.05536147
111,9,22,18,6,2,01大同區,大同區重慶北路2段與重慶北路2段46巷口,0,0,1,2,C03,8,2,5,50,3,2,1,5,4,5,7,1,1,1,4,5,2,13,1,31,3,10,1,1,7,9,1,10,2,11,,44,16,1,22,9,121.5140277,25.05536147
111,9,22,18,6,2,01大同區,大同區重慶北路2段與重慶北路2段46巷口,0,0,1,3,C03,8,2,5,50,3,2,1,5,4,5,7,1,1,1,4,5,2,13,1,26,3,10,1,1,7,9,1,9,2,13,,44,16,1,22,9,121.5140277,25.05536147
111,9,22,18,6,2,01大同區,大同區重慶北路2段與重慶北路2段46巷口,0,0,1,4,C03,8,2,5,50,3,2,1,5,4,5,7,1,1,1,4,5,2,13,1,25,3,10,1,1,7,9,1,10,2,13,,44,16,1,22,9,121.5140277,25.05536147
111,9,22,18,15,2,12內湖區,內湖區瑞光路與瑞光路393巷口,0,0,2,1,B03,8,3,5,50,4,1,1,5,4,5,7,2,1,5,4,5,2,17,1,55,3,10,1,1,7,6,1,8,2,1,,25,25,1,22,9,121.5728068,25.07738145
111,9,22,18,15,2,12內湖區,內湖區瑞光路與瑞光路393巷口,0,0,2,2,C03,8,3,5,50,4,1,1,5,4,5,7,2,1,5,4,5,2,17,1,29,2,8,1,1,7,9,1,10,2,11,,44,25,1,22,9,121.5728068,25.07738145
111,9,22,18,15,2,12內湖區,內湖區瑞光路與瑞光路393巷口,0,0,2,3,H02,8,3,5,50,4,1,1,5,4,5,7,2,1,5,4,5,2,17,2,26,2,9,4,5,7,21,8,20,10,15,,67,25,1,22,9,121.5728068,25.07738145
111,9,22,18,20,2,08士林區,士林區仰德大道3段與仰德大道3段125巷口口,0,0,1,1,B02,8,3,8,40,3,1,1,5,4,5,7,2,1,5,5,5,1,16,2,52,3,10,1,1,7,5,1,8,1,2,,8,8,1,22,9,121.5516668,25.12272556
111,9,22,18,20,2,08士林區,士林區仰德大道3段與仰德大道3段125巷口口,0,0,1,2,C03,8,3,8,40,3,1,1,5,4,5,7,2,1,5,5,5,1,16,1,21,2,9,1,1,7,9,1,10,1,11,,14,8,1,22,9,121.5516668,25.12272556
111,9,22,18,20,2,09北投區,北投區中央北路3段與中央北路3段102巷口,0,0,1,1,B03,8,3,5,50,3,1,1,5,4,5,6,2,1,4,1,5,2,17,1,53,3,10,1,1,7,5,1,8,2,6,,6,6,1,22,9,121.4840216,25.1376282
111,9,22,18,20,2,09北投區,北投區中央北路3段與中央北路3段102巷口,0,0,1,2,C01,8,3,5,50,3,1,1,5,4,5,6,2,1,4,1,5,2,17,1,42,2,7,1,1,7,15,1,9,2,11,,14,6,1,22,9,121.4840216,25.1376282
111,9,22,18,20,2,07信義區,信義區基隆路2段131-24號,0,0,2,1,C03,8,1,5,50,4,1,1,5,4,5,7,2,1,3,4,5,2,16,2,25,2,8,1,1,7,12,1,10,2,14,,17,17,1,22,9,121.5562157,25.02754932
111,9,22,18,20,2,07信義區,信義區基隆路2段131-24號,0,0,2,2,C03,8,1,5,50,4,1,1,5,4,5,7,2,1,3,4,5,2,16,2,56,2,8,1,1,7,14,1,10,2,12,,44,17,1,22,9,121.5562157,25.02754932
111,9,22,18,30,2,04大安區,大安區延吉街與延吉街137巷口,0,0,1,1,C03,8,3,5,50,3,1,1,5,4,5,7,4,4,10,5,5,2,17,1,39,3,10,1,1,7,9,1,10,1,15,,23,23,1,22,9,121.5543238,25.0420414
111,9,22,18,30,2,04大安區,大安區延吉街與延吉街137巷口,0,0,1,2,C03,8,3,5,50,3,1,1,5,4,5,7,4,4,10,5,5,2,17,1,40,2,9,1,1,7,5,1,10,1,14,,26,23,1,22,9,121.5543238,25.0420414
111,9,22,18,55,2,03中山區,中山區農安街38巷與林森北路557巷口,0,0,1,1,C03,7,3,5,30,4,1,1,5,4,5,7,4,4,10,5,5,2,15,1,52,2,9,1,1,7,9,1,10,1,11,12,6,6,1,22,9,121.5271467,25.0643819
111,9,22,18,55,2,03中山區,中山區農安街38巷與林森北路557巷口,0,0,1,2,B03,7,3,5,30,4,1,1,5,4,5,7,4,4,10,5,5,2,15,1,51,3,10,1,1,7,9,1,8,1,7,,14,6,1,22,9,121.5271467,25.0643819
111,9,22,18,55,2,05中正區,中正區三元街與寧波西街口,0,0,2,1,C03,8,3,5,50,4,1,1,5,4,5,7,2,1,3,4,5,2,16,1,23,2,7,1,1,7,5,1,10,2,14,,8,8,1,22,9,121.5114844,25.0279726
111,9,22,18,55,2,05中正區,中正區三元街與寧波西街口,0,0,2,2,C03,8,3,5,50,4,1,1,5,4,5,7,2,1,3,4,5,2,16,1,36,2,9,1,1,7,9,1,10,2,11,,26,8,1,22,9,121.5114844,25.0279726
111,9,22,18,55,2,05中正區,中正區三元街與寧波西街口,0,0,2,3,H02,8,3,5,50,4,1,1,5,4,5,7,2,1,3,4,5,2,16,2,21,4,11,1,5,7,20,8,20,10,16,,67,8,1,22,9,121.5114844,25.0279726
111,9,22,18,55,2,12內湖區,內湖區成功路3段173號前,0,0,1,1,B03,8,1,5,50,14,8,1,5,4,5,7,4,4,1,4,4,2,12,2,29,3,10,3,4,7,9,1,8,1,2,,43,43,1,22,9,121.5907855,25.08047059
111,9,22,18,55,2,12內湖區,內湖區成功路3段173號前,0,0,1,2,C03,8,1,5,50,14,8,1,5,4,5,7,4,4,1,4,4,2,12,1,36,2,8,1,1,7,9,1,10,1,14,,43,43,1,22,9,121.5907855,25.08047059
111,9,22,18,57,2,03中山區,中山區長安東路2段與建國北路1段口,0,0,1,1,B03,8,3,5,50,4,1,1,5,4,5,7,1,1,5,4,5,2,3,2,47,3,10,3,4,7,5,1,8,1,1,,23,23,1,22,9,121.5365497,25.0482666
111,9,22,18,57,2,03中山區,中山區長安東路2段與建國北路1段口,0,0,1,2,H01,8,3,5,50,4,1,1,5,4,5,7,1,1,5,4,5,2,3,1,35,2,9,4,5,8,17,8,20,10,16,,67,23,1,22,9,121.5365497,25.0482666
111,9,22,19,4,2,12內湖區,內湖區舊宗路1段188號,0,0,1,1,B03,8,3,5,50,14,9,1,5,4,5,7,4,4,9,4,5,2,12,1,51,3,10,1,1,7,7,1,8,9,15,,7,7,1,22,9,121.5769668,25.06313671
111,9,22,19,4,2,12內湖區,內湖區舊宗路1段188號,0,0,1,2,C03,8,3,5,50,14,9,1,5,4,5,7,4,4,9,4,5,2,12,1,33,2,8,1,1,7,9,1,10,9,12,,27,7,1,22,9,121.5769668,25.06313671
111,9,22,19,9,2,03中山區,中山區農安街12-1號,0,0,1,1,C03,7,3,5,50,14,9,1,5,4,5,7,4,4,9,4,5,2,12,2,30,2,8,3,4,7,9,1,10,1,11,,16,16,1,22,9,121.5240703,25.0648531
111,9,22,19,9,2,03中山區,中山區農安街12-1號,0,0,1,2,B01,7,3,5,50,14,9,1,5,4,5,7,4,4,9,4,5,2,12,1,61,3,10,3,4,7,15,1,2,1,6,,42,16,1,22,9,121.5240703,25.0648531
111,9,22,19,10,2,09北投區,北投區東華街2段102巷2弄與立農街2段202巷口,0,0,2,1,C03,8,3,5,30,4,1,1,5,4,5,1,4,4,9,5,5,2,17,2,20,2,5,1,1,7,6,1,10,1,14,,9,9,1,22,9,121.5140129,25.11830338
111,9,22,19,10,2,09北投區,北投區東華街2段102巷2弄與立農街2段202巷口,0,0,2,2,C03,8,3,5,30,4,1,1,5,4,5,1,4,4,9,5,5,2,17,1,35,2,9,2,1,7,9,1,10,1,11,,44,9,1,22,9,121.5140129,25.11830338
111,9,22,19,14,2,02萬華區,萬華區和平西路3段與和平西路3段68巷口,0,0,3,1,C03,7,1,5,50,5,1,1,5,4,5,7,1,1,1,4,4,2,12,1,42,2,9,1,1,7,8,1,10,1,12,,7,7,1,22,9,121.5031859,25.03499454
111,9,22,19,14,2,02萬華區,萬華區和平西路3段與和平西路3段68巷口,0,0,3,2,C03,7,1,5,50,5,1,1,5,4,5,7,1,1,1,4,4,2,12,2,23,2,9,1,1,7,9,1,10,1,14,,44,7,1,22,9,121.5031859,25.03499454
111,9,22,19,14,2,02萬華區,萬華區和平西路3段與和平西路3段68巷口,0,0,3,3,H02,7,1,5,50,5,1,1,5,4,5,7,1,1,1,4,4,2,12,2,39,2,8,4,5,7,20,8,20,10,16,,67,7,1,22,9,121.5031859,25.03499454
111,9,22,19,20,2,12內湖區,內湖區內湖路2段103巷64號前,0,0,1,1,F03,8,3,5,30,14,9,1,5,4,5,7,4,4,9,5,5,2,12,2,22,3,10,1,1,7,5,8,20,1,16,,8,8,1,22,9,121.5810741,25.08273744
111,9,22,19,20,2,12內湖區,內湖區內湖路2段103巷64號前,0,0,1,2,C04,8,3,5,30,14,9,1,5,4,5,7,4,4,9,5,5,2,12,2,38,2,9,1,1,7,9,1,11,1,11,,13,8,1,22,9,121.5810741,25.08273744
111,9,22,19,33,2,05中正區,中正區中華路2段315巷5弄與西藏路口,0,0,2,1,C03,7,3,5,30,4,1,1,5,4,5,7,2,1,10,4,5,1,16,1,23,2,9,1,1,7,5,1,10,1,11,,26,26,1,22,9,121.505147,25.03017149
111,9,22,19,33,2,05中正區,中正區中華路2段315巷5弄與西藏路口,0,0,2,3,H02,7,3,5,30,4,1,1,5,4,5,7,2,1,10,4,5,1,16,2,23,4,11,1,5,7,17,8,20,10,16,,67,26,1,22,9,121.505147,25.03017149
111,9,22,19,33,2,05中正區,中正區中華路2段315巷5弄與西藏路口,0,0,2,2,C04,7,3,5,30,4,1,1,5,4,5,7,2,1,10,4,5,1,16,2,43,2,9,1,1,7,9,1,10,1,14,,44,26,1,22,9,121.505147,25.03017149
111,9,22,19,51,2,08士林區,士林區中正路580號,0,0,1,1,C03,8,3,5,50,14,9,1,5,4,5,7,4,4,1,4,5,2,27,2,53,2,3,1,1,7,9,1,10,1,14,,23,23,1,22,9,121.5102653,25.0871569
111,9,22,19,51,2,08士林區,士林區中正路580號,0,0,1,2,,8,3,5,50,14,9,1,5,4,5,7,4,4,1,4,5,2,27,3,,,,,,,,,,,,,66,23,1,,,121.5102653,25.0871569
111,9,22,19,51,2,08士林區,士林區中正路580號,0,0,1,3,B03,8,3,5,50,14,9,1,5,4,5,7,4,4,1,4,5,2,27,1,49,3,10,1,1,7,9,1,8,1,1,,23,23,1,22,9,121.5102653,25.0871569
111,9,22,19,54,2,07信義區,信義區信安街78號,0,0,1,1,B01,7,3,5,50,14,9,1,5,4,5,7,2,1,4,5,5,1,12,1,66,3,10,3,4,7,6,1,4,1,8,,9,9,1,22,9,121.5572896,25.0259509
111,9,22,19,54,2,07信義區,信義區信安街78號,0,0,1,2,F01,7,3,5,50,14,9,1,5,4,5,7,2,1,4,5,5,1,12,2,57,2,9,1,1,7,5,8,20,1,16,,42,9,1,22,9,121.5572896,25.0259509
111,9,22,20,33,2,07信義區,信義區福德街與福德街84巷口,0,0,1,1,B03,8,1,5,30,4,1,1,5,4,5,7,2,1,3,4,5,2,17,1,37,3,10,1,1,7,5,1,8,2,5,,26,26,1,22,9,121.5814797,25.03719051
111,9,22,20,33,2,07信義區,信義區福德街與福德街84巷口,0,0,1,2,C03,8,1,5,30,4,1,1,5,4,5,7,2,1,3,4,5,2,17,1,38,2,8,1,1,7,9,1,10,2,11,,13,26,1,22,9,121.5814797,25.03719051
111,9,22,21,26,2,12內湖區,內湖區金湖路與康寧路1段口口,0,0,1,1,C03,8,3,5,50,3,1,1,5,4,5,7,2,1,1,4,4,2,11,2,44,2,9,1,1,7,5,1,10,1,11,,8,8,1,22,9,121.599621,25.07899807