發生年度,發生月,發生日,發生時-Hours,發生分,處理別-編號,區序,肇事地點,死亡人數,2-30日死亡人數,受傷人數,當事人序號,車種,天候,光線,道路類別,速限-速度限制,道路型態,事故位置,路面狀況1,路面狀況2,路面狀況3,道路障礙1,道路障礙2,號誌1,號誌2,車道劃分-分向,車道劃分-分道1,車道劃分-分道2,車道劃分-分道3,事故類型及型態,性別,年齡,受傷程度,主要傷處,安全帽,行動電話,車輛用途,當事者行動狀態,駕駛資格情形,駕駛執照種類,飲酒情形,車輛撞擊部位1,車輛撞擊部位2,肇因碼-個別,肇因碼-主要,個人肇逃否,職業,旅次目的,座標-X,座標-Y
111,9,22,21,26,2,12內湖區,內湖區金湖路與康寧路1段口口,0,0,1,2,B01,8,3,5,50,3,1,1,5,4,5,7,2,1,1,4,4,2,11,1,27,3,10,1,1,7,9,1,4,1,1,,23,8,1,22,9,121.599621,25.07899807
111,9,22,22,8,2,08士林區,士林區中山北路5段與文林路口,0,0,2,1,C03,8,3,5,50,4,4,1,5,4,5,7,1,1,4,2,5,1,13,1,18,2,9,1,1,7,9,1,10,1,11,,16,16,1,22,9,121.5257723,25.08542579
111,9,22,22,8,2,08士林區,士林區中山北路5段與文林路口,0,0,2,2,C03,8,3,5,50,4,4,1,5,4,5,7,1,1,4,2,5,1,13,2,19,2,9,1,1,7,9,1,10,1,13,,42,16,1,22,9,121.5257723,25.08542579
111,9,22,22,30,2,01大同區,大同區延平北路4段108號,0,0,2,1,C04,8,3,5,50,14,8,1,5,4,5,7,4,4,5,4,4,2,13,1,18,2,9,3,4,7,9,3,18,1,11,,23,23,1,22,9,121.5109132,25.07204382
111,9,22,22,30,2,01大同區,大同區延平北路4段108號,0,0,2,2,B12,8,3,5,50,14,8,1,5,4,5,7,4,4,5,4,4,2,13,1,34,3,10,3,4,7,13,1,8,1,3,,38,23,1,22,9,121.5109132,25.07204382
111,9,22,22,30,2,01大同區,大同區延平北路4段108號,0,0,2,3,H02,8,3,5,50,14,8,1,5,4,5,7,4,4,5,4,4,2,13,1,18,2,9,3,5,7,20,8,20,10,16,,67,23,1,22,9,121.5109132,25.07204382
111,9,22,22,34,2,01大同區,大同區鄭州路與延平北路1段口,0,0,2,1,C03,8,3,5,40,4,1,1,5,4,5,7,2,1,1,4,5,2,12,1,24,3,10,1,1,7,6,6,18,1,12,,9,9,1,22,9,121.5120087,25.04999311
111,9,22,22,34,2,01大同區,大同區鄭州路與延平北路1段口,0,0,2,2,C04,8,3,5,40,4,1,1,5,4,5,7,2,1,1,4,5,2,12,2,20,2,9,1,1,7,9,1,10,1,14,,44,9,1,22,9,121.5120087,25.04999311
111,9,22,22,34,2,01大同區,大同區鄭州路與延平北路1段口,0,0,2,3,H02,8,3,5,40,4,1,1,5,4,5,7,2,1,1,4,5,2,12,2,20,2,9,1,5,7,21,8,20,10,16,,67,9,1,22,9,121.5120087,25.04999311
111,9,22,22,34,2,02萬華區,萬華區環河南路1段與武昌街2段口口,0,0,2,1,C03,8,3,5,50,4,2,1,5,4,5,7,1,3,10,5,5,2,17,1,45,2,9,3,4,7,8,1,10,1,12,,7,7,1,22,9,121.5027083,25.04575923
111,9,22,22,34,2,02萬華區,萬華區環河南路1段與武昌街2段口口,0,0,2,2,C03,8,3,5,50,4,2,1,5,4,5,7,1,3,10,5,5,2,17,1,19,2,9,3,4,7,9,1,10,1,14,,44,7,1,22,9,121.5027083,25.04575923
111,9,22,22,45,2,08士林區,士林區至善路2段469號,0,0,1,1,C03,7,3,5,50,14,9,1,5,4,5,7,4,4,5,4,5,2,17,1,60,2,9,1,1,7,9,1,10,6,14,,42,42,1,22,9,121.5576624,25.11085289
111,9,22,22,45,2,08士林區,士林區至善路2段469號,0,0,1,2,C03,7,3,5,50,14,9,1,5,4,5,7,4,4,5,4,5,2,17,1,19,3,10,1,1,7,9,1,10,2,15,,44,42,1,22,9,121.5576624,25.11085289
111,9,22,22,45,2,08士林區,士林區至善路2段469號,0,0,1,3,B03,7,3,5,50,14,9,1,5,4,5,7,4,4,5,4,5,2,17,3,,,,,,,,,,,,,67,42,1,,,121.5576624,25.11085289
111,9,22,23,59,2,09北投區,北投區湖山路1段第59號燈桿,0,0,2,1,C03,8,3,5,30,14,9,1,5,4,5,7,4,4,9,4,5,2,18,1,18,2,9,1,1,7,15,1,10,1,14,,23,23,1,22,9,121.5405847,25.15643152
111,9,22,23,59,2,09北投區,北投區湖山路1段第59號燈桿,0,0,2,3,H02,8,3,5,30,14,9,1,5,4,5,7,4,4,9,4,5,2,18,2,18,2,9,1,1,7,20,8,20,10,16,,67,23,1,22,9,121.5405847,25.15643152
111,9,22,23,59,2,09北投區,北投區湖山路1段第59號燈桿,0,0,2,2,,8,3,5,30,14,9,1,5,4,5,7,4,4,9,4,5,2,18,3,,,,,,,,,,,,,67,23,1,,,121.5405847,25.15643152
111,9,23,2,18,2,10文山區,文山區辛亥路4段200號,0,0,2,1,C03,8,1,5,50,14,9,1,5,4,5,7,4,4,1,4,5,2,17,1,17,2,7,1,1,7,7,2,18,1,13,14,7,7,1,22,9,121.5557412,25.00278637
111,9,23,2,18,2,10文山區,文山區辛亥路4段200號,0,0,2,2,C03,8,1,5,50,14,9,1,5,4,5,7,4,4,1,4,5,2,17,1,19,2,9,1,1,7,9,1,10,1,11,12,23,7,1,22,9,121.5557412,25.00278637
111,9,23,6,35,2,08士林區,士林區德行東路與德行東路90巷口,0,0,1,1,C03,8,1,5,50,3,1,1,5,4,5,7,4,4,4,3,5,1,17,1,63,3,10,1,1,7,5,1,10,2,12,,8,8,1,22,9,121.5278783,25.1075099
111,9,23,6,35,2,08士林區,士林區德行東路與德行東路90巷口,0,0,1,2,C03,8,1,5,50,3,1,1,5,4,5,7,4,4,4,3,5,1,17,2,38,2,8,1,1,7,9,1,10,2,11,,14,8,1,22,9,121.5278783,25.1075099
111,9,23,6,42,2,02萬華區,萬華區西藏路與莒光路299巷口,0,0,1,1,B03,8,1,5,50,3,2,1,5,4,5,7,1,1,1,4,5,2,12,1,51,3,10,1,1,7,9,1,4,1,2,,44,44,1,22,9,121.4991822,25.0292849
111,9,23,6,42,2,02萬華區,萬華區西藏路與莒光路299巷口,0,0,1,2,C03,8,1,5,50,3,2,1,5,4,5,7,1,1,1,4,5,2,12,1,19,2,9,1,1,7,7,1,10,1,14,,6,44,1,22,9,121.4991822,25.0292849
111,9,23,7,1,2,08士林區,士林區重慶北路4段123號,0,0,1,1,B03,7,1,5,0,15,9,1,5,4,5,7,4,4,1,4,4,2,17,1,50,3,10,1,1,7,1,1,8,1,8,,19,19,1,22,9,121.5122489,25.08257561
111,9,23,7,1,2,08士林區,士林區重慶北路4段123號,0,0,1,2,C03,7,1,5,0,15,9,1,5,4,5,7,4,4,1,4,4,2,17,2,50,2,7,1,1,7,9,1,10,1,12,,23,19,1,22,9,121.5122489,25.08257561
111,9,23,7,1,2,08士林區,士林區重慶北路4段123號,0,0,1,3,B03,7,1,5,0,15,9,1,5,4,5,7,4,4,1,4,4,2,17,1,41,3,10,1,1,7,14,1,8,9,1,,38,19,1,22,9,121.5122489,25.08257561
111,9,23,7,25,2,12內湖區,內湖區安康路與安康路25巷口,0,0,1,1,C03,8,1,5,50,4,4,1,5,4,5,7,1,1,5,4,5,2,13,1,39,2,1,1,1,7,9,1,10,1,11,,13,13,1,22,9,121.5935147,25.06259299
111,9,23,7,25,2,12內湖區,內湖區安康路與安康路25巷口,0,0,1,2,B03,8,1,5,50,4,4,1,5,4,5,7,1,1,5,4,5,2,13,1,26,3,10,1,1,7,14,1,8,1,3,,44,13,1,22,9,121.5935147,25.06259299
111,9,23,7,30,2,02萬華區,萬華區貴陽街2段142號,0,0,2,1,B01,8,1,5,50,15,9,1,5,4,5,7,4,4,10,5,5,2,17,1,59,3,10,3,4,7,15,1,4,1,4,,17,17,1,22,9,121.5018065,25.04013163
111,9,23,7,30,2,02萬華區,萬華區貴陽街2段142號,0,0,2,2,C03,8,1,5,50,15,9,1,5,4,5,7,4,4,10,5,5,2,17,1,65,2,7,3,4,7,15,1,10,1,12,,17,17,1,22,9,121.5018065,25.04013163
111,9,23,7,30,2,02萬華區,萬華區貴陽街2段142號,0,0,2,3,C03,8,1,5,50,15,9,1,5,4,5,7,4,4,10,5,5,2,17,2,61,2,9,3,4,7,15,1,10,1,11,,23,17,1,22,9,121.5018065,25.04013163
111,9,23,7,44,2,01大同區,大同區敦煌路與慶昌橋口,0,0,1,1,B03,8,1,5,50,8,9,1,5,4,5,7,4,4,1,4,5,2,12,2,61,3,10,3,4,7,10,1,8,2,4,,6,6,1,22,9,121.5100535,25.0765103
111,9,23,7,44,2,01大同區,大同區敦煌路與慶昌橋口,0,0,1,2,C01,8,1,5,50,8,9,1,5,4,5,7,4,4,1,4,5,2,12,1,48,2,7,1,4,7,9,1,9,2,12,,14,6,1,22,9,121.5100535,25.0765103
111,9,23,7,47,2,08士林區,士林區忠誠路1段與忠誠路1段16巷14弄口,0,0,1,1,B03,8,1,5,50,4,1,1,5,4,5,7,2,1,1,4,5,1,16,2,74,3,10,1,1,7,5,1,8,1,5,,8,8,1,21,8,121.5266794,25.10418472
111,9,23,7,47,2,08士林區,士林區忠誠路1段與忠誠路1段16巷14弄口,0,0,1,2,C03,8,1,5,50,4,1,1,5,4,5,7,2,1,1,4,5,1,16,2,19,2,8,1,1,7,9,1,10,1,11,,44,8,1,21,8,121.5266794,25.10418472
111,9,23,7,51,2,11南港區,南港區南港路1段49號,0,0,1,1,C03,8,1,5,50,14,9,1,5,4,5,7,4,4,5,4,5,2,13,2,32,3,10,1,1,7,9,1,10,1,11,,43,43,1,22,9,121.6162656,25.05521932
111,9,23,7,51,2,11南港區,南港區南港路1段49號,0,0,1,2,C03,8,1,5,50,14,9,1,5,4,5,7,4,4,5,4,5,2,13,2,30,2,9,1,1,7,9,1,10,1,13,,43,43,1,22,9,121.6162656,25.05521932
111,9,23,7,55,2,05中正區,中正區羅斯福路2段62號,0,0,2,1,C03,8,1,5,50,14,9,1,5,4,5,7,4,4,1,4,5,1,13,2,37,2,9,1,1,7,9,1,10,1,11,,16,16,1,22,9,121.5217742,25.0275299
111,9,23,7,55,2,05中正區,中正區羅斯福路2段62號,0,0,2,2,C03,8,1,5,50,14,9,1,5,4,5,7,4,4,1,4,5,1,13,1,46,2,9,1,1,7,9,1,10,1,13,,44,16,1,22,9,121.5217742,25.0275299
111,9,23,8,0,2,02萬華區,萬華區長順街2號與雙園街152巷口校門口,0,0,1,1,C03,8,1,5,30,4,2,1,5,4,5,7,2,1,5,5,5,2,12,2,57,2,7,1,1,7,5,1,10,1,13,,8,8,1,22,9,121.4911466,25.03105437
111,9,23,8,0,2,02萬華區,萬華區長順街2號與雙園街152巷口校門口,0,0,1,2,B02,8,1,5,30,4,2,1,5,4,5,7,2,1,5,5,5,2,12,2,50,3,10,1,1,7,9,1,8,1,8,,44,8,1,22,9,121.4911466,25.03105437
111,9,23,8,3,2,08士林區,士林區德行東路與芝玉路1段口,0,0,2,1,C03,8,1,5,30,5,1,1,5,4,5,7,3,1,5,5,5,1,16,2,66,2,9,1,1,7,9,1,10,1,14,,6,6,1,22,9,121.5341475,25.10971871
111,9,23,8,3,2,08士林區,士林區德行東路與芝玉路1段口,0,0,2,2,C03,8,1,5,30,5,1,1,5,4,5,7,3,1,5,5,5,1,16,1,18,2,9,1,1,7,9,1,10,1,11,,23,6,1,22,9,121.5341475,25.10971871
111,9,23,8,5,2,08士林區,士林區後港街210號前,0,0,1,1,C03,8,1,5,50,14,9,1,5,4,5,7,4,4,5,5,5,1,16,2,38,2,9,1,1,7,6,1,10,1,12,,16,16,1,21,8,121.5206327,25.08850922
111,9,23,8,5,2,08士林區,士林區後港街210號前,0,0,1,2,C03,8,1,5,50,14,9,1,5,4,5,7,4,4,5,5,5,1,16,1,38,3,10,1,1,7,6,1,9,1,14,,44,16,1,21,8,121.5206327,25.08850922
111,9,23,8,6,2,10文山區,文山區指南路3段52號,0,0,1,1,B03,8,1,5,30,14,9,5,5,4,5,7,4,4,10,5,5,1,12,1,63,3,10,1,1,7,9,1,8,2,2,,17,17,1,22,9,121.5808681,24.98190164
111,9,23,8,6,2,10文山區,文山區指南路3段52號,0,0,1,2,C03,8,1,5,30,14,9,5,5,4,5,7,4,4,10,5,5,1,12,1,73,2,9,1,1,7,9,1,10,2,11,,44,17,1,22,9,121.5808681,24.98190164
111,9,23,8,9,2,08士林區,士林區承德橋001燈桿,0,0,2,1,C03,8,1,5,50,8,9,1,5,4,5,7,4,4,4,3,5,1,13,1,46,2,8,1,1,7,9,1,10,1,11,,16,16,1,22,9,121.5212646,25.0787593
111,9,23,8,9,2,08士林區,士林區承德橋001燈桿,0,0,2,2,C03,8,1,5,50,8,9,1,5,4,5,7,4,4,4,3,5,1,13,1,32,2,8,1,1,7,9,1,10,1,13,,44,16,1,22,9,121.5212646,25.0787593
111,9,23,8,9,2,08士林區,士林區承德橋001燈桿,0,0,2,3,C03,8,1,5,50,8,9,1,5,4,5,7,4,4,4,3,5,1,13,1,52,3,10,1,1,7,13,1,10,1,13,,38,16,1,22,9,121.5212646,25.0787593
111,9,23,8,10,2,10文山區,文山區木柵路4段與萬壽橋口,0,0,1,1,B03,8,1,5,50,4,1,1,5,4,5,7,1,1,5,4,5,2,16,2,58,3,10,1,1,7,6,1,8,1,5,,6,6,1,22,9,121.5712362,24.99161615
111,9,23,8,10,2,10文山區,文山區木柵路4段與萬壽橋口,0,0,1,2,C03,8,1,5,50,4,1,1,5,4,5,7,1,1,5,4,5,2,16,1,31,2,9,1,1,7,9,1,10,1,11,,44,6,1,22,9,121.5712362,24.99161615
111,9,23,8,13,2,03中山區,中山區民生東路3段2號,0,0,1,1,C03,8,1,5,50,14,9,1,5,4,5,7,4,4,1,4,5,2,13,1,34,2,9,3,4,7,6,1,10,1,12,,16,16,1,22,9,121.5375847,25.0578866
111,9,23,8,13,2,03中山區,中山區民生東路3段2號,0,0,1,2,B03,8,1,5,50,14,9,1,5,4,5,7,4,4,1,4,5,2,13,1,43,3,10,3,4,7,12,1,8,1,6,,44,16,1,22,9,121.5375847,25.0578866
111,9,23,8,24,2,03中山區,中山區植福路與樂群二路口,0,0,1,1,C03,8,1,5,50,4,2,1,5,4,5,7,1,1,4,5,5,1,11,1,23,3,10,1,1,7,5,1,10,1,11,,8,,1,22,9,121.5618332,25.08007648
111,9,23,8,24,2,03中山區,中山區植福路與樂群二路口,0,0,1,2,C03,8,1,5,50,4,2,1,5,4,5,7,1,1,4,5,5,1,11,1,37,2,7,1,1,7,9,1,10,1,14,,44,,1,22,9,121.5618332,25.08007648
111,9,23,8,25,2,05中正區,中正區天津街(警政署側門),0,0,2,1,C03,8,1,5,50,14,9,1,5,4,5,7,4,4,10,5,5,2,16,2,22,2,9,1,1,7,9,1,10,2,11,,23,23,1,22,9,121.5219218,25.046293
111,9,23,8,25,2,05中正區,中正區天津街(警政署側門),0,0,2,2,F01,8,1,5,50,14,9,1,5,4,5,7,4,4,10,5,5,2,16,1,83,2,9,1,1,7,7,8,20,2,16,,7,23,1,22,9,121.5219218,25.046293
111,9,23,8,35,2,06松山區,松山區民生東路4段97巷與民生東路4段97巷8弄口,0,0,1,1,B01,8,1,5,30,3,1,1,5,4,5,7,4,4,10,4,5,2,17,1,62,3,10,1,1,7,14,1,4,9,6,,42,42,1,22,9,121.5519464,25.05945244
111,9,23,8,35,2,06松山區,松山區民生東路4段97巷與民生東路4段97巷8弄口,0,0,1,2,F01,8,1,5,30,3,1,1,5,4,5,7,4,4,10,4,5,2,17,2,41,2,7,1,1,7,9,8,20,9,16,,42,42,1,22,9,121.5519464,25.05945244
111,9,23,8,35,2,06松山區,松山區民生東路4段97巷與民生東路4段97巷8弄口,0,0,1,3,H02,8,1,5,30,3,1,1,5,4,5,7,4,4,10,4,5,2,17,1,37,3,10,4,1,7,19,8,20,9,16,,60,42,1,22,9,121.5519464,25.05945244
111,9,23,8,37,2,02萬華區,萬華區堤外便道市民桂林,0,0,1,1,C03,8,1,5,40,14,11,1,5,4,5,7,4,4,3,4,5,2,13,1,44,3,10,1,1,7,9,1,10,1,11,,16,16,1,22,9,121.4948363,25.03848176
111,9,23,8,37,2,02萬華區,萬華區堤外便道市民桂林,0,0,1,2,C03,8,1,5,40,14,11,1,5,4,5,7,4,4,3,4,5,2,13,2,30,2,9,1,1,7,9,1,10,1,13,,44,16,1,22,9,121.4948363,25.03848176
111,9,23,8,38,2,05中正區,中正區信義路1段國家兩廳院地下停車場入口,0,0,2,1,C03,8,1,5,50,14,9,1,5,4,5,7,4,4,10,4,5,2,17,1,22,2,9,1,1,7,6,1,10,1,12,,9,9,1,22,9,121.5202309,25.0373677
111,9,23,8,38,2,05中正區,中正區信義路1段國家兩廳院地下停車場入口,0,0,2,2,C03,8,1,5,50,14,9,1,5,4,5,7,4,4,10,4,5,2,17,1,26,2,9,1,1,7,9,1,10,1,14,,44,9,1,22,9,121.5202309,25.0373677
111,9,23,9,9,2,03中山區,中山區復興北路與五常街口,0,0,1,1,B01,8,1,5,50,4,1,1,5,4,5,7,1,1,1,3,5,1,16,1,67,3,10,1,1,7,5,1,4,2,1,,8,8,1,22,9,121.5441323,25.0643002
111,9,23,9,9,2,03中山區,中山區復興北路與五常街口,0,0,1,2,C03,8,1,5,50,4,1,1,5,4,5,7,1,1,1,3,5,1,16,2,22,2,9,1,1,7,9,1,10,2,14,,44,8,1,22,9,121.5441323,25.0643002
111,9,23,9,11,2,03中山區,中山區明水路453號對面,0,0,1,1,B03,8,1,5,50,14,9,1,5,4,5,7,4,4,1,3,5,1,13,2,41,3,10,1,1,7,9,1,8,1,5,,16,16,1,22,9,121.5502943,25.0772754
111,9,23,9,11,2,03中山區,中山區明水路453號對面,0,0,1,2,C03,8,1,5,50,14,9,1,5,4,5,7,4,4,1,3,5,1,13,2,29,2,9,1,1,7,9,1,10,1,13,,44,16,1,22,9,121.5502943,25.0772754
111,9,23,9,12,2,02萬華區,萬華區西寧南路7號,0,0,1,1,C03,8,1,5,50,14,9,1,5,4,5,7,4,4,10,3,5,1,17,1,25,3,10,3,4,7,9,1,10,1,15,,23,23,1,22,9,121.5075505,25.0484909
111,9,23,9,12,2,02萬華區,萬華區西寧南路7號,0,0,1,2,C03,8,1,5,50,14,9,1,5,4,5,7,4,4,10,3,5,1,17,1,75,2,9,3,4,7,9,1,10,1,14,,44,23,1,22,9,121.5075505,25.0484909
111,9,23,9,13,2,04大安區,大安區愛國東路與杭州南路2段口,0,0,2,1,B03,8,1,5,50,4,1,1,5,4,5,7,1,1,10,4,5,2,17,1,64,3,10,1,1,7,5,1,8,1,5,,6,6,1,22,9,121.5225505,25.0322847
111,9,23,9,13,2,04大安區,大安區愛國東路與杭州南路2段口,0,0,2,2,C03,8,1,5,50,4,1,1,5,4,5,7,1,1,10,4,5,2,17,1,43,2,9,1,1,7,9,1,10,1,11,,44,6,1,22,9,121.5225505,25.0322847
111,9,23,9,13,2,04大安區,大安區愛國東路與杭州南路2段口,0,0,2,3,H02,8,1,5,50,4,1,1,5,4,5,7,1,1,10,4,5,2,17,2,31,2,8,1,1,7,17,8,20,10,16,,67,6,1,22,9,121.5225505,25.0322847
111,9,23,9,19,2,08士林區,士林區天母北路與天母北路44巷口,0,0,1,1,B01,8,1,5,50,4,1,1,5,4,5,7,4,4,5,5,5,2,17,1,55,3,10,3,4,7,11,1,4,1,2,,10,10,1,22,9,121.5265807,25.12066616
111,9,23,9,19,2,08士林區,士林區天母北路與天母北路44巷口,0,0,1,2,C03,8,1,5,50,4,1,1,5,4,5,7,4,4,5,5,5,2,17,1,18,2,9,3,4,7,9,1,10,1,11,,13,10,1,22,9,121.5265807,25.12066616
111,9,23,9,24,2,08士林區,士林區基河路101號,0,0,3,1,C03,8,1,5,50,14,9,1,5,4,5,7,4,4,4,3,5,1,3,1,63,2,7,1,1,7,9,1,10,2,11,,23,23,1,22,9,121.5240613,25.087579
111,9,23,9,24,2,08士林區,士林區基河路101號,0,0,3,2,H01,8,1,5,50,14,9,1,5,4,5,7,4,4,4,3,5,1,3,2,56,2,8,4,5,8,16,8,20,10,16,,51,23,1,22,9,121.5240613,25.087579
111,9,23,9,24,2,08士林區,士林區基河路101號,0,0,3,3,H02,8,1,5,50,14,9,1,5,4,5,7,4,4,4,3,5,1,3,2,58,2,7,1,5,7,17,8,20,10,16,,67,23,1,22,9,121.5240613,25.087579
111,9,23,9,48,2,03中山區,中山區松江路97巷5號,0,0,1,1,B01,8,1,5,30,14,9,1,5,4,5,7,4,4,10,5,5,2,1,2,51,4,11,3,4,7,15,7,19,11,15,,23,23,2,22,9,121.5339855,25.05097737
111,9,23,9,48,2,03中山區,中山區松江路97巷5號,0,0,1,2,H01,8,1,5,30,14,9,1,5,4,5,7,4,4,10,5,5,2,1,2,37,2,9,4,5,8,16,8,20,10,16,,67,23,1,22,9,121.5339855,25.05097737
111,9,23,9,50,2,03中山區,中山區民族東路與民族東路410巷口,0,0,1,1,B03,8,1,5,50,4,1,1,5,4,5,7,1,1,1,3,5,1,16,2,69,3,10,1,1,7,5,1,8,1,6,,8,8,1,22,9,121.5382204,25.0680814
111,9,23,9,50,2,03中山區,中山區民族東路與民族東路410巷口,0,0,1,2,C03,8,1,5,50,4,1,1,5,4,5,7,1,1,1,3,5,1,16,2,19,2,9,1,1,7,9,1,10,1,11,,44,8,1,22,9,121.5382204,25.0680814
111,9,23,10,12,2,08士林區,士林區凱旋路與國泰街口,0,0,1,1,B03,8,1,5,30,3,1,1,5,4,5,7,4,4,10,5,5,1,16,1,70,3,10,1,1,7,6,1,8,1,5,,6,6,1,22,9,121.5436435,25.13583121
111,9,23,10,12,2,08士林區,士林區凱旋路與國泰街口,0,0,1,2,C03,8,1,5,30,3,1,1,5,4,5,7,4,4,10,5,5,1,16,1,20,3,10,1,1,7,9,1,10,1,14,,23,6,1,22,9,121.5436435,25.13583121
111,9,23,10,12,2,08士林區,士林區凱旋路與國泰街口,0,0,1,3,H02,8,1,5,30,3,1,1,5,4,5,7,4,4,10,5,5,1,16,1,21,2,8,1,5,7,20,8,20,1,16,,67,6,1,22,9,121.5436435,25.13583121
111,9,23,10,15,2,10文山區,文山區萬美街1段100號旁,0,0,1,1,C04,8,1,5,50,11,9,1,5,4,5,7,4,4,5,4,5,2,18,1,32,2,3,3,4,7,6,1,10,2,14,,48,48,1,21,8,121.5640021,25.00213544
111,9,23,10,15,2,10文山區,文山區萬美街1段100號旁,0,0,1,2,,8,1,5,50,11,9,1,5,4,5,7,4,4,5,4,5,2,18,3,,,,,,,,,,9,,,67,48,1,,,121.5640021,25.00213544
111,9,23,10,30,2,11南港區,南港區研究院路1段114號(212直)公車上發生,0,0,1,1,A04,8,1,5,40,14,13,1,5,4,5,7,4,4,8,3,4,2,9,1,55,3,10,3,4,7,1,1,2,11,15,,36,36,1,22,9,121.6157768,25.05157781
111,9,23,10,30,2,11南港區,南港區研究院路1段114號(212直)公車上發生,0,0,1,2,H02,8,1,5,40,14,13,1,5,4,5,7,4,4,8,3,4,2,9,2,81,2,6,4,4,7,19,8,20,10,15,,56,36,1,22,9,121.6157768,25.05157781
111,9,23,10,40,2,05中正區,中正區貴陽街1段與懷寧街口,0,0,1,1,B03,8,1,5,50,3,1,1,5,4,5,7,4,4,5,4,5,2,16,1,53,3,10,1,1,7,5,1,8,1,7,,8,8,1,22,9,121.5137545,25.03870452
111,9,23,10,40,2,05中正區,中正區貴陽街1段與懷寧街口,0,0,1,2,C04,8,1,5,50,3,1,1,5,4,5,7,4,4,5,4,5,2,16,2,53,2,9,1,1,7,5,1,11,1,12,,26,8,1,22,9,121.5137545,25.03870452
111,9,23,10,46,2,01大同區,大同區民權西路與延平北路3段口,0,0,1,1,C03,8,1,5,50,4,1,1,5,4,5,7,2,1,1,4,5,2,12,1,70,2,8,1,4,7,7,1,10,1,14,,7,7,1,22,9,121.5112042,25.06306093
111,9,23,10,46,2,01大同區,大同區民權西路與延平北路3段口,0,0,1,2,C03,8,1,5,50,4,1,1,5,4,5,7,2,1,1,4,5,2,12,1,24,3,10,1,4,7,9,1,10,1,12,,44,7,1,22,9,121.5112042,25.06306093
111,9,23,11,42,2,01大同區,大同區敦煌路1號,0,0,1,1,B01,8,1,8,50,15,22,1,5,4,5,7,4,4,1,3,5,2,16,1,53,3,10,1,1,7,11,1,8,1,4,,10,10,1,22,9,121.5210889,25.07491472
111,9,23,11,42,2,01大同區,大同區敦煌路1號,0,0,1,2,C03,8,1,8,50,15,22,1,5,4,5,7,4,4,1,3,5,2,16,1,34,2,9,1,1,7,9,1,10,1,12,,44,10,1,22,9,121.5210889,25.07491472
111,9,23,11,55,2,12內湖區,內湖區內湖路1段與內湖路1段288巷口,0,0,2,1,B03,8,1,5,50,3,2,1,5,4,5,7,2,1,1,4,5,2,17,1,36,3,10,1,1,7,5,1,8,2,2,,8,8,1,22,9,121.5683651,25.0820978
111,9,23,11,55,2,12內湖區,內湖區內湖路1段與內湖路1段288巷口,0,0,2,2,B03,8,1,5,50,3,2,1,5,4,5,7,2,1,1,4,5,2,17,1,37,3,10,1,1,7,9,1,8,2,1,,44,8,1,22,9,121.5683651,25.0820978
111,9,23,11,55,2,12內湖區,內湖區內湖路1段與內湖路1段288巷口,0,0,2,3,H02,8,1,5,50,3,2,1,5,4,5,7,2,1,1,4,5,2,17,2,42,2,7,2,5,7,21,8,20,10,16,,67,8,1,22,9,121.5683651,25.0820978
111,9,23,11,55,2,12內湖區,內湖區內湖路1段與內湖路1段288巷口,0,0,2,4,H02,8,1,5,50,3,2,1,5,4,5,7,2,1,1,4,5,2,17,1,39,2,8,2,5,7,21,8,20,10,16,,67,8,1,22,9,121.5683651,25.0820978
111,9,23,12,10,2,01大同區,大同區承德路3段105號,0,0,1,1,C03,8,1,5,50,14,9,1,5,4,5,7,4,4,1,5,5,2,17,1,25,3,10,1,4,7,8,1,10,1,15,,7,7,1,22,9,121.5184443,25.06664953
111,9,23,12,10,2,01大同區,大同區承德路3段105號,0,0,1,2,C03,8,1,5,50,14,9,1,5,4,5,7,4,4,1,5,5,2,17,1,59,2,9,1,4,7,9,1,10,1,12,,16,7,1,22,9,121.5184443,25.06664953
111,9,23,12,21,2,07信義區,信義區基隆路2段與和平東路3段口,0,0,1,1,B01,8,1,5,50,4,1,1,5,4,5,7,1,1,3,4,5,2,12,1,67,3,10,1,1,7,7,1,4,1,7,,7,7,1,22,9,121.5523904,25.0245241
111,9,23,12,21,2,07信義區,信義區基隆路2段與和平東路3段口,0,0,1,2,C03,8,1,5,50,4,1,1,5,4,5,7,1,1,3,4,5,2,12,1,22,2,9,1,1,7,8,1,10,1,12,,7,7,1,22,9,121.5523904,25.0245241
111,9,23,12,23,2,01大同區,大同區重慶北路2段68號,0,0,1,1,B03,8,1,5,50,14,9,1,5,4,5,7,4,4,1,4,5,2,12,1,46,3,10,3,4,7,6,1,8,1,2,,9,9,1,22,9,121.5138132,25.05617769
111,9,23,12,23,2,01大同區,大同區重慶北路2段68號,0,0,1,2,C03,8,1,5,50,14,9,1,5,4,5,7,4,4,1,4,5,2,12,1,23,2,9,1,1,7,9,1,10,1,14,,23,9,1,22,9,121.5138132,25.05617769
111,9,23,12,25,2,01大同區,大同區錦西街與錦西街87巷口,0,0,1,1,B03,8,1,5,50,3,2,1,5,4,5,7,4,4,9,4,5,2,16,2,55,3,10,3,4,7,11,1,8,1,5,,10,10,1,22,9,121.5152454,25.05964966
111,9,23,12,25,2,01大同區,大同區錦西街與錦西街87巷口,0,0,1,2,C03,8,1,5,50,3,2,1,5,4,5,7,4,4,9,4,5,2,16,1,30,2,9,3,4,7,9,1,10,1,11,,42,10,1,22,9,121.5152454,25.05964966