發生年度,發生月,發生日,發生時-Hours,發生分,處理別-編號,區序,肇事地點,死亡人數,2-30日死亡人數,受傷人數,當事人序號,車種,天候,光線,道路類別,速限-速度限制,道路型態,事故位置,路面狀況1,路面狀況2,路面狀況3,道路障礙1,道路障礙2,號誌1,號誌2,車道劃分-分向,車道劃分-分道1,車道劃分-分道2,車道劃分-分道3,事故類型及型態,性別,年齡,受傷程度,主要傷處,安全帽,行動電話,車輛用途,當事者行動狀態,駕駛資格情形,駕駛執照種類,飲酒情形,車輛撞擊部位1,車輛撞擊部位2,肇因碼-個別,肇因碼-主要,個人肇逃否,職業,旅次目的,座標-X,座標-Y
111,9,23,12,45,2,03中山區,中山區長春路與建國北路2段口,0,0,1,1,B03,8,1,5,50,4,1,1,5,4,5,7,1,1,4,3,4,1,16,1,56,3,10,1,1,7,5,1,8,1,5,,6,6,1,22,9,121.5371404,25.0548244
111,9,23,12,45,2,03中山區,中山區長春路與建國北路2段口,0,0,1,2,C03,8,1,5,50,4,1,1,5,4,5,7,1,1,4,3,4,1,16,1,22,2,8,1,1,7,9,1,10,1,11,,44,6,1,22,9,121.5371404,25.0548244
111,9,23,13,0,2,08士林區,士林區德行西路與磺溪街口,0,0,1,1,B02,8,1,5,50,3,1,1,5,4,5,7,2,1,5,4,5,2,12,1,46,3,10,1,1,7,6,1,8,1,2,,9,9,1,22,9,121.5231634,25.1056655
111,9,23,13,0,2,08士林區,士林區德行西路與磺溪街口,0,0,1,2,C03,8,1,5,50,3,1,1,5,4,5,7,2,1,5,4,5,2,12,2,40,2,9,1,1,7,9,1,10,1,11,,44,9,1,22,9,121.5231634,25.1056655
111,9,23,13,17,2,07信義區,信義區信義路5段100-1號,0,0,1,2,B03,8,1,5,30,14,9,1,5,4,5,7,4,4,10,5,5,1,17,1,27,3,10,1,1,7,14,1,8,1,1,,44,42,1,22,9,121.5646459,25.0327843
111,9,23,13,17,2,07信義區,信義區信義路5段100-1號,0,0,1,1,C03,8,1,5,30,14,9,1,5,4,5,7,4,4,10,5,5,1,17,2,37,2,9,1,1,7,1,1,10,1,12,,42,42,1,22,9,121.5646459,25.0327843
111,9,23,13,21,2,06松山區,松山區民權東路3段102號,0,0,2,1,C03,8,1,5,50,14,9,1,5,4,5,7,2,1,3,4,5,2,13,1,31,2,9,1,4,7,9,1,10,1,11,,16,16,1,22,9,121.5447518,25.06202912
111,9,23,13,21,2,06松山區,松山區民權東路3段102號,0,0,2,2,C03,8,1,5,50,14,9,1,5,4,5,7,2,1,3,4,5,2,13,2,43,2,9,1,4,7,9,1,10,1,11,,16,16,1,22,9,121.5447518,25.06202912
111,9,23,13,21,2,06松山區,松山區民權東路3段102號,0,0,2,3,B03,8,1,5,50,14,9,1,5,4,5,7,2,1,3,4,5,2,13,1,33,3,10,1,4,7,8,1,8,1,3,,44,16,1,22,9,121.5447518,25.06202912
111,9,23,13,23,2,02萬華區,萬華區西園路2段與西藏路口,0,0,1,1,C03,8,1,5,50,4,1,1,5,4,5,7,1,1,1,4,5,2,16,2,40,2,8,1,1,7,6,1,10,1,11,,6,6,1,22,9,121.4956454,25.02853172
111,9,23,13,23,2,02萬華區,萬華區西園路2段與西藏路口,0,0,1,2,C03,8,1,5,50,4,1,1,5,4,5,7,1,1,1,4,5,2,16,1,59,3,10,1,1,7,9,1,10,1,14,,44,6,1,22,9,121.4956454,25.02853172
111,9,23,13,45,2,03中山區,中山區濱江街337號,0,0,1,1,B03,8,1,5,40,14,8,1,5,4,5,7,4,4,1,4,4,2,16,1,52,3,10,3,4,7,6,1,8,1,7,,44,44,1,22,9,121.5484763,25.07236757
111,9,23,13,45,2,03中山區,中山區濱江街337號,0,0,1,2,C03,8,1,5,40,14,8,1,5,4,5,7,4,4,1,4,4,2,16,2,22,2,8,1,4,7,9,1,10,1,12,,23,44,1,22,9,121.5484763,25.07236757
111,9,23,13,54,2,03中山區,中山區民權東路2段46號,0,0,2,1,C03,8,1,5,50,14,9,1,5,4,5,7,1,1,1,3,5,1,17,1,42,2,9,1,1,7,9,1,10,1,11,,23,23,1,22,9,121.5301028,25.0624845
111,9,23,13,54,2,03中山區,中山區民權東路2段46號,0,0,2,2,C03,8,1,5,50,14,9,1,5,4,5,7,1,1,1,3,5,1,17,2,64,2,9,1,1,7,14,1,10,1,13,,44,23,1,22,9,121.5301028,25.0624845
111,9,23,13,54,2,09北投區,北投區承德路7段382-1號南往北方向,0,0,1,1,A05,8,1,5,60,14,9,1,5,4,5,7,4,4,9,4,5,1,13,1,40,3,10,1,1,7,9,1,2,2,1,,16,16,1,22,9,121.5022573,25.11894188
111,9,23,13,54,2,09北投區,北投區承德路7段382-1號南往北方向,0,0,1,2,B12,8,1,5,60,14,9,1,5,4,5,7,4,4,9,4,5,1,13,1,51,2,1,1,1,7,14,1,8,2,3,,44,16,1,22,9,121.5022573,25.11894188
111,9,23,14,8,2,12內湖區,內湖區內湖路2段與內湖路3段口,0,0,2,1,C03,8,1,5,50,14,9,1,5,4,5,7,4,4,5,4,5,2,12,1,20,2,9,1,1,7,5,1,10,1,14,,8,8,1,22,9,121.5932084,25.0842133
111,9,23,14,8,2,12內湖區,內湖區內湖路2段與內湖路3段口,0,0,2,2,C03,8,1,5,50,14,9,1,5,4,5,7,4,4,5,4,5,2,12,1,38,3,10,1,1,7,9,1,10,1,11,,44,8,1,22,9,121.5932084,25.0842133
111,9,23,14,8,2,12內湖區,內湖區內湖路2段與內湖路3段口,0,0,2,3,H02,8,1,5,50,14,9,1,5,4,5,7,4,4,5,4,5,2,12,2,21,2,9,1,1,7,21,8,20,10,15,,67,8,1,22,9,121.5932084,25.0842133
111,9,23,14,10,2,04大安區,大安區泰順街60巷與龍泉街口,0,0,1,1,B01,8,1,5,30,4,2,1,5,4,5,7,4,4,10,5,5,1,15,1,63,3,10,1,1,7,9,1,4,1,1,,6,6,1,10,4,121.5292578,25.0224767
111,9,23,14,10,2,04大安區,大安區泰順街60巷與龍泉街口,0,0,1,2,C03,8,1,5,30,4,2,1,5,4,5,7,4,4,10,5,5,1,15,1,39,2,8,1,1,7,9,1,10,1,14,,44,6,1,5,3,121.5292578,25.0224767
111,9,23,14,15,2,01大同區,大同區承德路3段與昌吉街口,0,0,1,1,B03,8,1,5,50,4,1,1,5,4,5,7,2,1,1,4,5,2,17,1,54,3,10,1,4,7,5,1,8,2,4,,25,25,1,22,9,121.5183658,25.06586561
111,9,23,14,15,2,01大同區,大同區承德路3段與昌吉街口,0,0,1,2,F01,8,1,5,50,4,1,1,5,4,5,7,2,1,1,4,5,2,17,2,65,2,9,1,4,7,11,8,20,2,16,,11,25,1,22,9,121.5183658,25.06586561
111,9,23,14,24,2,11南港區,南港區松河街418號,0,0,1,2,H01,8,1,5,0,14,9,1,5,4,5,7,4,4,9,5,5,2,2,1,39,2,7,4,5,8,21,8,20,10,15,,67,43,1,22,9,121.5907143,25.05666932
111,9,23,14,24,2,11南港區,南港區松河街418號,0,0,1,1,B03,8,1,5,0,14,9,1,5,4,5,7,4,4,9,5,5,2,2,4,,4,11,3,4,7,15,7,19,11,15,,43,43,2,22,9,121.5907143,25.05666932
111,9,23,14,30,2,12內湖區,內湖區瑞湖街39號對面,0,0,2,1,B12,8,1,5,50,14,9,1,5,4,5,7,4,4,9,5,5,2,16,1,45,3,10,1,1,7,1,1,8,1,5,,19,19,1,22,9,121.5758164,25.07423265
111,9,23,14,30,2,12內湖區,內湖區瑞湖街39號對面,0,0,2,2,C03,8,1,5,50,14,9,1,5,4,5,7,4,4,9,5,5,2,16,1,21,2,8,1,1,7,9,1,10,1,11,,44,19,1,22,9,121.5758164,25.07423265
111,9,23,14,30,2,12內湖區,內湖區瑞湖街39號對面,0,0,2,3,H02,8,1,5,50,14,9,1,5,4,5,7,4,4,9,5,5,2,16,2,21,2,9,4,5,7,20,8,20,10,16,,67,19,1,22,9,121.5758164,25.07423265
111,9,23,14,50,2,08士林區,士林區中山北路5段與福國路口,0,0,1,1,C03,8,1,5,50,3,4,1,5,4,5,7,2,1,1,2,5,2,12,1,54,2,7,1,1,7,7,1,10,1,11,,7,7,1,22,9,121.5256856,25.1024642
111,9,23,14,50,2,08士林區,士林區中山北路5段與福國路口,0,0,1,2,C03,8,1,5,50,3,4,1,5,4,5,7,2,1,1,2,5,2,12,1,28,3,10,1,1,7,9,1,9,1,12,,44,7,1,22,9,121.5256856,25.1024642
111,9,23,15,14,2,09北投區,北投區承德路7段298號南往北方向,0,0,2,1,C03,8,1,5,60,14,8,1,5,4,5,7,4,4,9,4,4,1,13,1,49,2,7,1,1,7,9,1,10,2,11,,16,16,1,22,9,121.5049293,25.11652034
111,9,23,15,14,2,09北投區,北投區承德路7段298號南往北方向,0,0,2,2,C03,8,1,5,60,14,8,1,5,4,5,7,4,4,9,4,4,1,13,1,60,2,8,1,1,7,9,1,10,2,13,,44,16,1,22,9,121.5049293,25.11652034
111,9,23,15,19,2,03中山區,中山區林森北路630號,0,0,1,1,B03,8,1,5,50,14,9,1,5,4,5,7,4,4,5,5,5,2,12,1,29,3,10,1,1,7,1,1,8,1,8,,19,19,1,22,9,121.5257276,25.0675754
111,9,23,15,19,2,03中山區,中山區林森北路630號,0,0,1,2,C03,8,1,5,50,14,9,1,5,4,5,7,4,4,5,5,5,2,12,1,20,2,9,1,1,7,9,1,10,1,12,,44,19,1,22,9,121.5257276,25.0675754
111,9,23,15,25,2,11南港區,南港區忠孝東路6段與永吉路口,0,0,1,1,F02,8,1,5,50,4,1,1,5,4,5,7,1,1,1,4,5,2,16,2,58,2,9,1,1,7,9,8,20,1,16,,25,25,1,22,9,121.5825782,25.04518849
111,9,23,15,25,2,11南港區,南港區忠孝東路6段與永吉路口,0,0,1,2,B03,8,1,5,50,4,1,1,5,4,5,7,1,1,1,4,5,2,16,1,32,3,10,1,1,7,9,1,8,1,1,,44,25,1,22,9,121.5825782,25.04518849
111,9,23,15,46,2,09北投區,北投區天母西路與石牌路2段口,0,0,1,1,B03,8,1,5,50,3,1,1,5,4,5,7,3,1,5,4,5,2,17,2,51,3,10,1,1,7,15,1,8,2,5,,6,6,1,22,9,121.5220047,25.1192578
111,9,23,15,46,2,09北投區,北投區天母西路與石牌路2段口,0,0,1,2,C03,8,1,5,50,3,1,1,5,4,5,7,3,1,5,4,5,2,17,2,51,2,9,1,1,7,9,1,10,2,12,,44,6,1,22,9,121.5220047,25.1192578
111,9,23,16,16,2,10文山區,文山區新光路2段路樹(WS1040221169),0,0,1,1,C03,8,1,5,40,14,9,1,5,4,5,1,4,4,5,4,4,2,18,1,40,2,9,1,1,7,9,6,10,2,11,,13,13,1,22,9,121.5738193,24.99374329
111,9,23,16,16,2,10文山區,文山區新光路2段路樹(WS1040221169),0,0,1,2,,8,1,5,40,14,9,1,5,4,5,1,4,4,5,4,4,2,18,3,,,,,,,,,,,,,67,13,1,,,121.5738193,24.99374329
111,9,23,16,19,2,10文山區,文山區辛亥路4段222巷與辛亥路4段222巷19弄口口,0,0,1,1,C03,8,1,5,30,4,2,1,5,4,5,7,4,4,10,5,5,2,17,1,41,2,9,1,1,7,4,1,10,2,15,,42,42,1,22,9,121.5542907,25.002488
111,9,23,16,19,2,10文山區,文山區辛亥路4段222巷與辛亥路4段222巷19弄口口,0,0,1,2,B03,8,1,5,30,4,2,1,5,4,5,7,4,4,10,5,5,2,17,1,51,3,10,3,4,7,13,1,8,11,7,,44,42,1,22,9,121.5542907,25.002488
111,9,23,16,21,2,01大同區,大同區民族西路與承德路3段口,0,0,1,1,B02,8,1,5,50,4,1,1,5,4,5,7,2,1,5,4,5,2,12,1,40,3,10,3,4,7,10,1,8,1,2,,7,,1,22,9,121.518481,25.06854174
111,9,23,16,21,2,01大同區,大同區民族西路與承德路3段口,0,0,1,2,C03,8,1,5,50,4,1,1,5,4,5,7,2,1,5,4,5,2,12,2,43,2,9,1,1,7,9,1,10,1,11,,44,,1,22,9,121.518481,25.06854174
111,9,23,16,25,2,12內湖區,內湖區行善路383巷東往西,0,0,1,1,B03,8,1,5,50,14,9,1,5,4,5,7,4,4,9,5,5,2,12,1,62,3,10,1,1,7,6,1,8,2,5,,9,9,1,22,9,121.5869286,25.06367148
111,9,23,16,25,2,12內湖區,內湖區行善路383巷東往西,0,0,1,2,C03,8,1,5,50,14,9,1,5,4,5,7,4,4,9,5,5,2,12,1,31,2,9,1,1,7,9,1,10,2,11,,44,9,1,22,9,121.5869286,25.06367148
111,9,23,16,30,2,05中正區,中正區和平西路1段與廈門街口,0,0,2,1,C03,8,1,5,50,4,1,1,5,4,5,7,2,1,1,4,5,2,16,1,20,2,9,1,1,7,5,1,10,1,14,,8,8,1,22,9,121.5180172,25.0267538
111,9,23,16,30,2,05中正區,中正區和平西路1段與廈門街口,0,0,2,2,C03,8,1,5,50,4,1,1,5,4,5,7,2,1,1,4,5,2,16,1,30,2,7,1,1,7,9,1,10,1,11,,23,8,1,22,9,121.5180172,25.0267538
111,9,23,16,30,2,12內湖區,內湖區康樂街61巷與康樂街口,0,0,1,1,B03,7,1,5,50,3,1,1,5,4,5,7,2,1,9,5,5,2,13,1,65,3,10,1,1,7,9,1,8,9,1,,23,23,1,22,9,121.6183336,25.06848358
111,9,23,16,30,2,12內湖區,內湖區康樂街61巷與康樂街口,0,0,1,2,C03,7,1,5,50,3,1,1,5,4,5,7,2,1,9,5,5,2,13,2,20,2,8,1,1,7,14,1,10,9,13,,44,23,1,22,9,121.6183336,25.06848358
111,9,23,16,34,2,12內湖區,內湖區文德路66巷與陽光街68巷口,0,0,1,1,B03,8,1,5,30,4,1,1,5,4,5,7,4,4,10,5,5,2,16,1,67,3,10,1,1,7,5,1,8,1,1,,6,6,1,22,9,121.5823014,25.07547077
111,9,23,16,34,2,12內湖區,內湖區文德路66巷與陽光街68巷口,0,0,1,2,C03,8,1,5,30,4,1,1,5,4,5,7,4,4,10,5,5,2,16,1,56,2,9,1,1,7,9,1,10,1,12,,26,6,1,22,9,121.5823014,25.07547077
111,9,23,17,40,2,05中正區,中正區林森南路地下道,0,0,1,1,B03,8,3,5,50,7,9,1,5,4,5,7,4,4,10,2,4,2,13,1,27,3,10,1,1,7,9,1,8,1,1,,43,43,1,22,9,121.5194932,25.03425892
111,9,23,17,40,2,05中正區,中正區林森南路地下道,0,0,1,2,B12,8,3,5,50,7,9,1,5,4,5,7,4,4,10,2,4,2,13,1,57,2,3,1,1,7,14,1,8,1,3,,43,43,1,22,9,121.5194932,25.03425892
111,9,23,17,40,2,11南港區,南港區三重路與經貿二路口,0,0,1,1,B03,7,1,5,50,3,2,1,5,4,5,7,4,4,5,4,5,2,16,1,26,3,10,1,1,7,6,1,8,1,5,,9,9,1,22,9,121.614308,25.06007966
111,9,23,17,40,2,11南港區,南港區三重路與經貿二路口,0,0,1,2,C03,7,1,5,50,3,2,1,5,4,5,7,4,4,5,4,5,2,16,1,26,2,9,1,1,7,9,1,10,1,14,,23,9,1,22,9,121.614308,25.06007966
111,9,23,17,50,2,09北投區,北投區西安街2段與致遠二路口,0,0,1,1,C03,8,3,5,50,4,1,1,5,4,5,7,2,1,1,4,5,2,15,1,46,3,10,1,1,7,9,1,10,1,11,,23,23,1,22,9,121.5132244,25.1174789
111,9,23,17,50,2,09北投區,北投區西安街2段與致遠二路口,0,0,1,2,F01,8,3,5,50,4,1,1,5,4,5,7,2,1,1,4,5,2,15,2,67,2,7,1,1,7,9,8,20,1,16,,42,23,1,22,9,121.5132244,25.1174789
111,9,23,17,55,2,03中山區,中山區民族東路17號,0,0,1,1,C03,7,2,5,50,14,9,1,5,4,5,7,4,4,1,4,5,2,13,1,40,2,9,1,1,7,9,1,10,1,11,,16,16,1,22,9,121.5260427,25.0684306
111,9,23,17,55,2,03中山區,中山區民族東路17號,0,0,1,2,B01,7,2,5,50,14,9,1,5,4,5,7,4,4,1,4,5,2,13,1,52,3,10,3,4,7,12,1,3,1,6,,44,16,1,22,9,121.5260427,25.0684306
111,9,23,18,0,2,06松山區,松山區民生東路3段與敦化北路口,0,0,1,1,,8,2,5,50,5,2,1,5,4,5,7,1,1,1,3,4,2,17,4,,4,11,3,4,7,15,7,19,11,15,,43,43,2,22,9,121.5486198,25.05781343
111,9,23,18,0,2,06松山區,松山區民生東路3段與敦化北路口,0,0,1,2,C03,8,2,5,50,5,2,1,5,4,5,7,1,1,1,3,4,2,17,1,22,2,9,1,1,7,12,1,10,9,14,,43,43,1,22,9,121.5486198,25.05781343
111,9,23,18,10,2,04大安區,大安區敦化南路1段與敦化南路1段295巷口,0,0,2,1,H01,8,3,5,50,3,1,1,5,4,5,7,2,1,1,4,5,2,3,2,66,2,7,4,5,8,20,8,20,1,16,,53,53,1,21,8,121.5491017,25.03548255
111,9,23,18,10,2,04大安區,大安區敦化南路1段與敦化南路1段295巷口,0,0,2,2,C03,8,3,5,50,3,1,1,5,4,5,7,2,1,1,4,5,2,3,1,42,2,9,1,1,7,9,6,10,1,11,,43,53,1,21,8,121.5491017,25.03548255
111,9,23,18,38,2,06松山區,松山區光復北路123號,0,0,2,1,C03,8,3,5,50,14,9,1,5,4,5,7,4,4,5,4,5,2,17,1,59,2,9,1,1,7,5,1,10,1,11,,8,8,1,22,9,121.5571452,25.05219104
111,9,23,18,38,2,06松山區,松山區光復北路123號,0,0,2,2,C03,8,3,5,50,14,9,1,5,4,5,7,4,4,5,4,5,2,17,2,38,3,10,1,1,7,9,1,10,1,12,,44,8,1,22,9,121.5571452,25.05219104
111,9,23,18,38,2,06松山區,松山區光復北路123號,0,0,2,3,H02,8,3,5,50,14,9,1,5,4,5,7,4,4,5,4,5,2,17,2,57,2,9,1,1,7,21,8,20,10,16,,67,8,1,22,9,121.5571452,25.05219104
111,9,23,18,57,2,07信義區,信義區逸仙路50巷28號,0,0,1,1,C03,8,3,5,30,14,9,1,5,4,5,7,4,4,9,4,4,2,1,2,28,3,10,1,1,7,5,1,10,2,11,,23,23,1,22,9,121.5631155,25.0405983
111,9,23,18,57,2,07信義區,信義區逸仙路50巷28號,0,0,1,2,H01,8,3,5,30,14,9,1,5,4,5,7,4,4,9,4,4,2,1,1,62,2,8,4,5,8,16,8,20,10,16,,67,23,1,22,9,121.5631155,25.0405983
111,9,23,19,16,2,05中正區,中正區臨沂街與信義路2段161巷2弄口,0,0,1,1,C03,8,3,5,30,3,2,1,5,4,5,7,4,4,10,5,5,1,18,1,22,2,9,1,1,7,9,1,10,2,12,,13,13,1,22,9,121.5279069,25.034478
111,9,23,19,16,2,05中正區,中正區臨沂街與信義路2段161巷2弄口,0,0,1,2,,8,3,5,30,3,2,1,5,4,5,7,4,4,10,5,5,1,18,3,,,,,,,,,,,,,67,13,1,,,121.5279069,25.034478
111,9,23,19,33,2,02萬華區,萬華區東園街73巷與東園街35巷口,0,0,2,1,H01,8,3,5,30,3,1,1,5,4,5,7,4,4,9,5,5,2,3,2,61,2,9,4,5,8,16,8,20,10,16,,51,51,1,22,9,121.4982007,25.02678042
111,9,23,19,33,2,02萬華區,萬華區東園街73巷與東園街35巷口,0,0,2,2,C03,8,3,5,30,3,1,1,5,4,5,7,4,4,9,5,5,2,3,1,43,2,9,1,1,7,9,1,10,1,11,,23,51,1,22,9,121.4982007,25.02678042
111,9,23,19,36,2,08士林區,士林區德行東路與德行東路90巷口,0,0,1,1,C03,8,1,5,50,4,2,1,5,4,5,7,4,4,5,5,5,2,9,1,35,3,10,1,1,7,9,1,10,1,11,,15,15,1,21,8,121.5278743,25.1075032
111,9,23,19,36,2,08士林區,士林區德行東路與德行東路90巷口,0,0,1,2,H01,8,1,5,50,4,2,1,5,4,5,7,4,4,5,5,5,2,9,2,54,2,9,4,5,8,16,8,20,10,16,,67,15,1,21,8,121.5278743,25.1075032
111,9,23,19,40,2,05中正區,中正區寧波東街與愛國東路口,0,0,2,1,C03,8,1,5,50,3,1,1,5,4,5,7,1,1,1,4,5,2,16,1,23,2,9,1,1,7,5,5,10,2,14,,25,25,1,22,9,121.5204415,25.03325542
111,9,23,19,40,2,05中正區,中正區寧波東街與愛國東路口,0,0,2,2,C03,8,1,5,50,3,1,1,5,4,5,7,1,1,1,4,5,2,16,1,19,2,9,1,1,7,9,3,18,2,11,,13,25,1,22,9,121.5204415,25.03325542
111,9,23,19,40,2,05中正區,中正區寧波東街與愛國東路口,0,0,2,3,H02,8,1,5,50,3,1,1,5,4,5,7,1,1,1,4,5,2,16,2,22,4,11,1,1,7,20,8,20,10,16,,67,25,1,22,9,121.5204415,25.03325542
111,9,23,20,30,2,05中正區,中正區博愛路與寶慶路口,0,0,1,1,C03,7,3,5,50,4,1,1,5,4,5,7,2,1,5,4,5,2,16,1,22,2,7,1,1,7,1,1,10,1,14,,19,19,1,22,9,121.5114408,25.0412516
111,9,23,20,30,2,05中正區,中正區博愛路與寶慶路口,0,0,1,2,B03,7,3,5,50,4,1,1,5,4,5,7,2,1,5,4,5,2,16,1,31,3,10,1,1,7,9,1,8,1,1,,44,19,1,22,9,121.5114408,25.0412516
111,9,23,20,30,2,12內湖區,內湖區民權東路6段50號,0,0,1,1,C03,8,3,5,50,14,9,1,5,4,5,7,1,1,1,5,5,2,17,1,28,2,9,1,1,7,7,1,10,1,14,,7,7,1,22,9,121.5841719,25.06860871
111,9,23,20,30,2,12內湖區,內湖區民權東路6段50號,0,0,1,2,B02,8,3,5,50,14,9,1,5,4,5,7,1,1,1,5,5,2,17,2,46,3,10,1,1,7,9,1,8,1,2,,23,7,1,22,9,121.5841719,25.06860871
111,9,23,20,30,2,12內湖區,內湖區民權東路6段50號,0,0,1,3,B03,8,3,5,50,14,9,1,5,4,5,7,1,1,1,5,5,2,17,1,33,3,10,1,1,7,9,1,8,1,7,,44,7,1,22,9,121.5841719,25.06860871
111,9,23,20,32,2,09北投區,北投區關渡路與知行路292巷口,0,0,2,1,B03,8,3,5,50,14,9,1,5,4,5,7,4,4,9,4,5,2,16,2,39,3,10,1,1,7,11,1,8,1,4,,43,43,1,22,9,121.4694063,25.12154407
111,9,23,20,32,2,09北投區,北投區關渡路與知行路292巷口,0,0,2,2,C03,8,3,5,50,14,9,1,5,4,5,7,4,4,9,4,5,2,16,1,23,2,8,1,1,7,9,1,10,1,11,,43,43,1,22,9,121.4694063,25.12154407
111,9,23,20,32,2,09北投區,北投區關渡路與知行路292巷口,0,0,2,3,H02,8,3,5,50,14,9,1,5,4,5,7,4,4,9,4,5,2,16,2,54,2,8,1,1,7,20,8,20,1,16,,67,43,1,22,9,121.4694063,25.12154407
111,9,23,20,33,2,08士林區,士林區延平北路5段91號,0,0,1,1,B01,8,3,5,50,14,9,1,5,4,5,7,4,4,1,4,5,1,9,1,61,3,10,1,1,7,14,1,4,1,6,,38,38,1,22,9,121.5105327,25.08108882
111,9,23,20,33,2,08士林區,士林區延平北路5段91號,0,0,1,2,H02,8,3,5,50,14,9,1,5,4,5,7,4,4,1,4,5,1,9,1,70,3,10,4,5,7,19,8,20,10,16,,56,38,1,22,9,121.5105327,25.08108882
111,9,23,20,33,2,08士林區,士林區延平北路5段91號,0,0,1,3,C03,8,3,5,50,14,9,1,5,4,5,7,4,4,1,4,5,1,9,1,36,2,9,1,1,7,9,1,10,1,11,,44,38,1,22,9,121.5105327,25.08108882
111,9,23,20,33,2,08士林區,士林區延平北路5段91號,0,0,1,4,C03,8,3,5,50,14,9,1,5,4,5,7,4,4,1,4,5,1,9,3,,,,,,,,,,10,,,67,38,1,,,121.5105327,25.08108882
111,9,23,20,33,2,08士林區,士林區延平北路5段91號,0,0,1,5,B03,8,3,5,50,14,9,1,5,4,5,7,4,4,1,4,5,1,9,3,,,,,,,,,,10,,,67,38,1,,,121.5105327,25.08108882
111,9,23,20,45,2,12內湖區,內湖區康寧路3段225號,0,0,1,1,C03,7,3,5,50,14,9,1,5,4,5,7,4,4,1,4,5,2,13,1,19,2,9,1,1,7,9,1,10,2,11,,16,16,1,22,9,121.6114834,25.06706557
111,9,23,20,45,2,12內湖區,內湖區康寧路3段225號,0,0,1,2,B03,7,3,5,50,14,9,1,5,4,5,7,4,4,1,4,5,2,13,2,35,3,10,1,1,7,9,1,8,2,3,,44,16,1,22,9,121.6114834,25.06706557
111,9,23,20,45,2,12內湖區,內湖區康寧路3段225號,0,0,1,3,H02,7,3,5,50,14,9,1,5,4,5,7,4,4,1,4,5,2,13,2,18,3,10,4,5,7,21,8,20,10,16,,67,16,1,22,9,121.6114834,25.06706557
111,9,23,21,40,2,04大安區,大安區金山南路2段與金華街口,0,0,1,1,A02,8,3,5,50,4,1,1,5,4,5,7,1,1,10,5,5,2,13,1,57,3,10,1,1,7,12,1,2,1,2,,23,23,1,22,9,121.5265369,25.0304125
111,9,23,21,40,2,04大安區,大安區金山南路2段與金華街口,0,0,1,2,B12,8,3,5,50,4,1,1,5,4,5,7,1,1,10,5,5,2,13,1,27,3,10,1,1,7,12,1,1,1,3,,44,23,1,22,9,121.5265369,25.0304125
111,9,23,21,40,2,04大安區,大安區金山南路2段與金華街口,0,0,1,3,H02,8,3,5,50,4,1,1,5,4,5,7,1,1,10,5,5,2,13,2,35,2,7,4,5,7,17,8,20,10,16,,67,23,1,22,9,121.5265369,25.0304125
111,9,23,21,50,2,05中正區,中正區和平西路2段與延平南路口,0,0,1,1,B03,8,1,5,50,3,1,1,5,4,5,7,1,1,1,4,5,2,1,2,61,3,10,1,1,7,6,1,8,1,1,,15,15,1,22,9,121.5070381,25.032035
111,9,23,21,50,2,05中正區,中正區和平西路2段與延平南路口,0,0,1,2,H01,8,1,5,50,3,1,1,5,4,5,7,1,1,1,4,5,2,1,2,53,2,9,4,5,8,16,8,20,10,16,,67,15,1,22,9,121.5070381,25.032035
111,9,23,21,54,2,07信義區,信義區吳興街與吳興街269巷口,0,0,1,1,C03,8,3,5,30,4,1,1,5,4,5,7,4,4,9,4,4,2,15,2,43,2,9,1,1,7,9,1,10,1,14,,26,26,1,22,9,121.5639588,25.0268212
111,9,23,21,54,2,07信義區,信義區吳興街與吳興街269巷口,0,0,1,2,B01,8,3,5,30,4,1,1,5,4,5,7,4,4,9,4,4,2,15,1,62,3,10,1,1,7,11,1,4,1,1,,10,26,1,22,9,121.5639588,25.0268212
111,9,23,22,12,2,08士林區,士林區通河街76巷與承德路4段10巷口,0,0,3,1,C03,8,3,5,30,4,1,1,5,4,5,7,4,4,9,5,5,1,15,2,47,2,8,1,1,7,9,1,10,1,14,,6,6,1,22,9,121.5201485,25.08011426
111,9,23,22,12,2,08士林區,士林區通河街76巷與承德路4段10巷口,0,0,3,2,C03,8,3,5,30,4,1,1,5,4,5,7,4,4,9,5,5,1,15,1,18,2,8,1,1,7,9,3,18,1,11,,13,6,1,22,9,121.5201485,25.08011426
111,9,23,22,12,2,08士林區,士林區通河街76巷與承德路4段10巷口,0,0,3,3,H02,8,3,5,30,4,1,1,5,4,5,7,4,4,9,5,5,1,15,2,18,2,7,4,5,7,20,8,20,10,16,,67,6,1,22,9,121.5201485,25.08011426
111,9,23,22,25,2,08士林區,士林區仰德大道1段華興中學,0,0,2,1,C03,6,3,5,40,14,9,1,4,4,5,7,4,4,5,5,5,1,18,1,18,2,9,1,1,7,9,1,10,1,12,,42,42,1,22,9,121.5379849,25.10457629
111,9,23,22,25,2,08士林區,士林區仰德大道1段華興中學,0,0,2,3,H02,6,3,5,40,14,9,1,4,4,5,7,4,4,5,5,5,1,18,1,18,2,8,1,5,7,17,8,20,10,16,,67,42,1,22,9,121.5379849,25.10457629
111,9,23,22,25,2,08士林區,士林區仰德大道1段華興中學,0,0,2,2,,6,3,5,40,14,9,1,4,4,5,7,4,4,5,5,5,1,18,3,,,,,,,,,,,,,67,42,1,,,121.5379849,25.10457629