發生年度,發生月,發生日,發生時-Hours,發生分,處理別-編號,區序,肇事地點,死亡人數,2-30日死亡人數,受傷人數,當事人序號,車種,天候,光線,道路類別,速限-速度限制,道路型態,事故位置,路面狀況1,路面狀況2,路面狀況3,道路障礙1,道路障礙2,號誌1,號誌2,車道劃分-分向,車道劃分-分道1,車道劃分-分道2,車道劃分-分道3,事故類型及型態,性別,年齡,受傷程度,主要傷處,安全帽,行動電話,車輛用途,當事者行動狀態,駕駛資格情形,駕駛執照種類,飲酒情形,車輛撞擊部位1,車輛撞擊部位2,肇因碼-個別,肇因碼-主要,個人肇逃否,職業,旅次目的,座標-X,座標-Y
111,9,23,22,39,2,04大安區,大安區仁愛路4段與延吉街口,0,0,1,1,B03,8,3,5,50,5,1,1,5,4,5,7,2,1,1,4,5,2,17,1,18,3,10,1,1,7,5,1,8,9,5,,8,8,1,21,8,121.5553707,25.03790587
111,9,23,22,39,2,04大安區,大安區仁愛路4段與延吉街口,0,0,1,2,C03,8,3,5,50,5,1,1,5,4,5,7,2,1,1,4,5,2,17,1,25,2,9,1,1,7,9,1,10,2,11,,44,8,1,21,8,121.5553707,25.03790587
111,9,23,23,20,2,08士林區,士林區光華路61巷4弄,0,0,2,1,C03,7,3,5,30,11,9,1,4,4,5,7,4,4,10,5,5,1,18,1,27,2,9,1,1,7,6,1,10,1,12,,13,42,1,22,9,121.5407494,25.12570767
111,9,23,23,20,2,08士林區,士林區光華路61巷4弄,0,0,2,3,H02,7,3,5,30,11,9,1,4,4,5,7,4,4,10,5,5,1,18,2,27,2,9,1,5,7,17,8,20,10,16,,67,42,1,22,9,121.5407494,25.12570767
111,9,23,23,20,2,08士林區,士林區光華路61巷4弄,0,0,2,2,,7,3,5,30,11,9,1,4,4,5,7,4,4,10,5,5,1,18,3,,,,,,,,,,10,,,67,42,1,,,121.5407494,25.12570767
111,9,23,23,29,2,08士林區,士林區通河東街1段136巷與通河東街1段口,0,0,1,1,B03,8,3,5,30,3,2,1,5,4,5,7,4,4,10,5,5,1,17,1,38,3,10,1,1,7,6,1,7,1,8,,6,6,1,22,9,121.515814,25.08721807
111,9,23,23,29,2,08士林區,士林區通河東街1段136巷與通河東街1段口,0,0,1,2,C03,8,3,5,30,3,2,1,5,4,5,7,4,4,10,5,5,1,17,1,18,2,9,1,1,7,9,3,18,1,14,,14,6,1,22,9,121.515814,25.08721807
111,9,23,23,50,2,03中山區,中山區中山北路3段與民權西路口,0,0,1,1,B03,8,3,5,50,4,1,1,5,4,5,7,1,1,1,4,5,2,16,1,23,3,10,3,4,7,5,1,8,2,2,,8,8,1,22,9,121.5224576,25.06291136
111,9,23,23,50,2,03中山區,中山區中山北路3段與民權西路口,0,0,1,2,C03,8,3,5,50,4,1,1,5,4,5,7,1,1,1,4,5,2,16,1,27,2,9,3,4,7,9,1,10,2,11,,13,8,1,22,9,121.5224576,25.06291136
111,9,24,0,45,2,12內湖區,內湖區民權東路6段與民權東路6段56巷口,0,0,1,1,B01,8,3,5,50,4,2,1,5,4,5,7,1,1,1,5,5,2,17,1,54,3,10,1,1,7,6,1,8,2,6,,9,9,1,22,9,121.584286,25.06868905
111,9,24,0,45,2,12內湖區,內湖區民權東路6段與民權東路6段56巷口,0,0,1,2,C03,8,3,5,50,4,2,1,5,4,5,7,1,1,1,5,5,2,17,1,24,2,7,1,1,7,9,1,10,2,14,,23,9,1,22,9,121.584286,25.06868905
111,9,24,2,13,2,03中山區,中山區林森北路279號,0,0,1,1,B01,8,3,5,50,14,9,1,5,4,5,7,4,4,9,5,5,2,16,1,41,3,10,1,1,7,5,1,4,1,4,,8,8,1,22,9,121.5254573,25.05534016
111,9,24,2,13,2,03中山區,中山區林森北路279號,0,0,1,2,C03,8,3,5,50,14,9,1,5,4,5,7,4,4,9,5,5,2,16,1,32,2,9,1,1,7,9,1,10,1,12,,44,8,1,22,9,121.5254573,25.05534016
111,9,24,2,14,2,03中山區,中山區中山北路2段與錦西街口,0,0,1,1,B01,8,3,5,50,4,1,1,5,4,5,7,1,1,1,4,5,2,16,1,50,3,10,3,4,7,5,1,4,1,6,,6,6,1,22,9,121.5228454,25.06030615
111,9,24,2,14,2,03中山區,中山區中山北路2段與錦西街口,0,0,1,2,C03,8,3,5,50,4,1,1,5,4,5,7,1,1,1,4,5,2,16,1,20,2,9,1,1,7,9,1,10,1,12,,44,6,1,22,9,121.5228454,25.06030615
111,9,24,2,21,2,03中山區,中山區撫順街與天祥路口,0,0,2,1,B12,7,3,5,50,4,1,1,5,4,5,7,4,4,5,4,5,1,15,1,36,3,10,1,1,7,9,1,8,1,8,,6,6,1,22,9,121.5205853,25.0637024
111,9,24,2,21,2,03中山區,中山區撫順街與天祥路口,0,0,2,2,C03,7,3,5,50,4,1,1,5,4,5,7,4,4,5,4,5,1,15,1,26,2,7,1,1,7,9,1,10,1,11,,6,6,1,22,9,121.5205853,25.0637024
111,9,24,2,21,2,03中山區,中山區撫順街與天祥路口,0,0,2,3,H02,7,3,5,50,4,1,1,5,4,5,7,4,4,5,4,5,1,15,2,26,2,9,1,1,7,21,8,20,10,15,,67,6,1,22,9,121.5205853,25.0637024
111,9,24,2,40,2,09北投區,北投區東華街1段478號,0,0,1,1,B01,8,3,5,40,14,9,1,5,4,5,7,1,1,9,4,5,2,17,1,57,3,10,1,1,7,14,1,8,2,2,,44,44,1,22,9,121.517638,25.11212358
111,9,24,2,40,2,09北投區,北投區東華街1段478號,0,0,1,2,C03,8,3,5,40,14,9,1,5,4,5,7,1,1,9,4,5,2,17,1,31,2,7,1,1,7,9,1,10,2,14,,44,44,1,22,9,121.517638,25.11212358
111,9,24,2,40,2,09北投區,北投區東華街1段478號,0,0,1,3,H02,8,3,5,40,14,9,1,5,4,5,7,1,1,9,4,5,2,17,1,37,3,10,4,1,7,20,8,20,10,16,,60,44,1,22,9,121.517638,25.11212358
111,9,24,4,45,2,03中山區,中山區中山北路1段與長安東路1段口,0,0,1,1,B01,7,3,5,50,4,1,1,4,4,5,7,1,1,1,4,1,1,17,1,45,3,10,1,1,7,5,4,8,1,1,,8,8,1,22,9,121.5218128,25.04978672
111,9,24,4,45,2,03中山區,中山區中山北路1段與長安東路1段口,0,0,1,2,C03,7,3,5,50,4,1,1,4,4,5,7,1,1,1,4,1,1,17,2,25,2,8,1,1,7,9,1,10,1,11,,13,8,1,22,9,121.5218128,25.04978672
111,9,24,6,0,2,04大安區,大安區忠孝東路4段與仁愛路4段151巷口,0,0,1,1,C03,6,1,5,50,3,2,1,4,4,5,7,4,4,1,4,5,2,17,1,30,2,9,1,1,7,9,1,10,1,14,,44,44,1,22,9,121.55173,25.0413523
111,9,24,6,0,2,04大安區,大安區忠孝東路4段與仁愛路4段151巷口,0,0,1,2,B01,6,1,5,50,3,2,1,4,4,5,7,4,4,1,4,5,2,17,1,51,3,10,1,1,7,8,1,4,1,6,,7,44,1,22,9,121.55173,25.0413523
111,9,24,7,12,2,07信義區,信義區基隆路1段與松高路口口,0,0,1,1,F01,6,1,5,0,14,20,4,4,4,5,7,2,1,10,5,5,2,18,2,68,2,8,1,1,7,9,8,20,1,16,,43,43,1,22,9,121.5637682,25.0392844
111,9,24,7,12,2,07信義區,信義區基隆路1段與松高路口口,0,0,1,2,,6,1,5,0,14,20,4,4,4,5,7,2,1,10,5,5,2,18,3,,,,,,,,,,,,,67,43,1,,,121.5637682,25.0392844
111,9,24,8,1,2,08士林區,士林區百齡橋與堤外便道口槌球場南側,0,0,1,1,B03,7,1,5,40,15,9,1,5,4,5,7,4,4,10,5,5,2,17,2,52,3,10,1,1,7,1,1,8,1,8,,19,19,1,22,9,121.5124189,25.08722185
111,9,24,8,1,2,08士林區,士林區百齡橋與堤外便道口槌球場南側,0,0,1,2,C03,7,1,5,40,15,9,1,5,4,5,7,4,4,10,5,5,2,17,1,21,2,8,1,1,7,9,1,10,1,12,,13,19,1,22,9,121.5124189,25.08722185
111,9,24,8,4,2,04大安區,大安區敦化南路1段187巷與忠孝東路4段205巷口,0,0,1,1,B03,7,1,5,30,4,1,1,5,4,5,7,4,4,10,5,5,2,15,1,77,3,10,1,1,7,9,1,8,1,1,,6,6,1,22,9,121.5519225,25.04255971
111,9,24,8,4,2,04大安區,大安區敦化南路1段187巷與忠孝東路4段205巷口,0,0,1,2,C03,7,1,5,30,4,1,1,5,4,5,7,4,4,10,5,5,2,15,1,63,2,9,1,1,7,9,1,10,1,14,,44,6,1,22,9,121.5519225,25.04255971
111,9,24,8,12,2,02萬華區,萬華區環河南路1段與武昌街2段口,0,0,1,1,C03,7,1,5,50,4,1,1,5,4,5,7,1,1,10,3,5,1,16,1,48,3,10,3,4,7,7,1,10,1,13,,7,7,1,22,9,121.5026761,25.04570816
111,9,24,8,12,2,02萬華區,萬華區環河南路1段與武昌街2段口,0,0,1,2,C03,7,1,5,50,4,1,1,5,4,5,7,1,1,10,3,5,1,16,1,51,2,9,3,4,7,9,1,10,1,11,,44,7,1,22,9,121.5026761,25.04570816
111,9,24,8,29,2,09北投區,北投區石牌路2段130巷,0,0,1,1,B01,7,1,5,30,14,9,1,4,4,3,7,4,4,10,5,5,2,11,1,62,3,10,1,1,7,9,1,4,11,4,,23,23,2,22,9,121.5175497,25.11781708
111,9,24,8,29,2,09北投區,北投區石牌路2段130巷,0,0,1,2,C03,7,1,5,30,14,9,1,4,4,3,7,4,4,10,5,5,2,11,1,30,2,7,1,1,7,9,1,10,2,15,,44,23,1,22,9,121.5175497,25.11781708
111,9,24,9,26,2,08士林區,士林區大東路168號對面,0,0,1,1,B03,8,1,5,50,14,9,1,5,4,5,7,4,4,10,4,5,1,17,1,43,3,10,1,1,7,13,1,8,1,8,,40,40,1,22,9,121.5252323,25.09263688
111,9,24,9,26,2,08士林區,士林區大東路168號對面,0,0,1,2,F01,8,1,5,50,14,9,1,5,4,5,7,4,4,10,4,5,1,17,1,16,2,9,1,1,7,9,8,20,1,16,,44,40,1,22,9,121.5252323,25.09263688
111,9,24,10,0,2,04大安區,大安區基隆路2段與樂業街口,0,0,1,1,C04,6,1,5,50,4,2,1,4,4,5,7,2,1,8,3,5,1,18,1,20,2,9,1,1,7,6,1,10,1,12,,42,42,1,18,5,121.5501958,25.02247141
111,9,24,10,0,2,04大安區,大安區基隆路2段與樂業街口,0,0,1,2,,6,1,5,50,4,2,1,4,4,5,7,2,1,8,3,5,1,18,3,,,,,,,,,,,,,67,42,1,,,121.5501958,25.02247141
111,9,24,10,0,2,07信義區,信義區大道路與忠孝東路5段790巷70弄口,0,0,2,1,B03,6,1,5,50,3,1,1,4,4,5,7,4,4,9,5,5,2,16,1,36,3,10,1,1,7,11,1,8,1,2,,10,10,1,22,9,121.5828026,25.04011428
111,9,24,10,0,2,07信義區,信義區大道路與忠孝東路5段790巷70弄口,0,0,2,2,C03,6,1,5,50,3,1,1,4,4,5,7,4,4,9,5,5,2,16,1,25,2,7,1,1,7,9,1,10,1,11,,13,10,1,22,9,121.5828026,25.04011428
111,9,24,10,0,2,07信義區,信義區大道路與忠孝東路5段790巷70弄口,0,0,2,3,H02,6,1,5,50,3,1,1,4,4,5,7,4,4,9,5,5,2,16,2,19,2,9,4,5,7,20,8,20,10,16,,67,10,1,22,9,121.5828026,25.04011428
111,9,24,10,3,2,03中山區,中山區明水路與明水路526巷口,0,0,1,2,C03,7,1,5,50,3,1,1,4,4,5,7,4,4,1,4,4,2,17,1,26,2,9,3,4,7,9,1,10,1,14,,42,44,1,22,9,121.5523921,25.07921274
111,9,24,10,3,2,03中山區,中山區明水路與明水路526巷口,0,0,1,1,B03,7,1,5,50,3,1,1,4,4,5,7,4,4,1,4,4,2,17,1,37,3,10,3,4,7,6,1,8,1,15,,44,44,1,22,9,121.5523921,25.07921274
111,9,24,10,48,2,04大安區,大安區忠孝東路4段172號,0,0,1,1,B03,6,1,5,50,14,9,1,4,4,5,7,4,4,1,4,5,2,17,1,61,3,10,3,4,7,1,1,8,1,15,,19,19,1,22,9,121.5508809,25.0413817
111,9,24,10,48,2,04大安區,大安區忠孝東路4段172號,0,0,1,2,C03,6,1,5,50,14,9,1,4,4,5,7,4,4,1,4,5,2,17,1,28,2,9,1,4,7,9,1,10,1,15,,42,19,1,22,9,121.5508809,25.0413817
111,9,24,12,0,2,01大同區,大同區鄭州路145號,0,0,1,1,B02,8,3,5,40,14,9,1,5,4,5,7,4,4,1,4,5,2,16,1,24,3,10,3,4,7,6,1,2,1,6,,9,9,1,22,9,121.5093907,25.05054162
111,9,24,12,0,2,01大同區,大同區鄭州路145號,0,0,1,2,C03,8,3,5,40,14,9,1,5,4,5,7,4,4,1,4,5,2,16,1,53,2,9,3,4,7,9,1,10,1,11,,23,9,1,22,9,121.5093907,25.05054162
111,9,24,12,15,2,05中正區,中正區汀州路1段234號,0,0,2,1,C04,6,1,5,50,14,9,1,4,4,5,7,4,4,5,5,5,2,16,2,68,2,8,1,1,7,1,1,10,2,14,,19,19,1,22,9,121.5101299,25.02750695
111,9,24,12,15,2,05中正區,中正區汀州路1段234號,0,0,2,2,C03,6,1,5,50,14,9,1,4,4,5,7,4,4,5,5,5,2,16,1,44,2,8,1,1,7,9,1,10,2,11,,13,19,1,22,9,121.5101299,25.02750695
111,9,24,12,15,2,05中正區,中正區汀州路1段234號,0,0,2,3,B03,6,1,5,50,14,9,1,4,4,5,7,4,4,5,5,5,2,16,1,46,3,10,1,1,7,1,1,8,2,8,,44,19,1,22,9,121.5101299,25.02750695
111,9,24,12,15,2,05中正區,中正區汀州路1段234號,0,0,2,4,B03,6,1,5,50,14,9,1,4,4,5,7,4,4,5,5,5,2,16,1,55,3,10,2,1,7,13,1,8,9,7,,44,19,1,22,9,121.5101299,25.02750695
111,9,24,12,17,2,10文山區,文山區辛亥路7段與光輝路50巷口,0,0,1,1,C03,6,1,5,50,14,7,1,4,4,5,7,2,1,5,2,4,2,13,1,23,2,3,1,1,7,9,1,10,1,11,,16,16,1,22,9,121.5540869,24.985043
111,9,24,12,17,2,10文山區,文山區辛亥路7段與光輝路50巷口,0,0,1,2,B03,6,1,5,50,14,7,1,4,4,5,7,2,1,5,2,4,2,13,1,24,3,10,1,1,7,12,1,8,1,3,,42,16,1,22,9,121.5540869,24.985043
111,9,24,12,22,2,06松山區,松山區塔悠路與松河街口,0,0,1,1,B03,6,1,5,50,5,1,1,4,4,5,7,1,1,1,4,5,2,16,2,34,3,10,1,1,7,6,1,8,1,2,,42,42,1,22,9,121.5707835,25.05113863
111,9,24,12,22,2,06松山區,松山區塔悠路與松河街口,0,0,1,2,C03,6,1,5,50,5,1,1,4,4,5,7,1,1,1,4,5,2,16,2,47,2,8,1,1,7,6,1,10,1,11,,42,42,1,22,9,121.5707835,25.05113863
111,9,24,12,40,2,11南港區,南港區忠孝東路6段與忠孝東路6段185巷口,0,0,2,1,B01,8,1,5,30,4,1,1,5,4,5,3,4,4,10,5,5,2,16,1,69,3,10,1,1,7,9,1,4,1,8,,6,6,1,21,8,121.5872471,25.04911636
111,9,24,12,40,2,11南港區,南港區忠孝東路6段與忠孝東路6段185巷口,0,0,2,2,C03,8,1,5,30,4,1,1,5,4,5,3,4,4,10,5,5,2,16,2,36,2,7,1,1,7,9,1,10,1,14,,14,6,1,21,8,121.5872471,25.04911636
111,9,24,12,40,2,11南港區,南港區忠孝東路6段與忠孝東路6段185巷口,0,0,2,3,H02,8,1,5,30,4,1,1,5,4,5,3,4,4,10,5,5,2,16,2,72,2,8,1,5,7,20,8,20,10,16,,67,6,1,21,8,121.5872471,25.04911636
111,9,24,12,50,2,01大同區,大同區赤峰街與承德路2段75巷口,0,0,1,1,C03,8,1,5,30,4,1,1,5,4,5,7,4,4,10,5,5,2,15,1,21,2,9,1,1,7,9,1,10,1,12,,6,6,1,22,9,121.5196603,25.05573464
111,9,24,12,50,2,01大同區,大同區赤峰街與承德路2段75巷口,0,0,1,2,B03,8,1,5,30,4,1,1,5,4,5,7,4,4,10,5,5,2,15,1,60,3,10,1,1,7,9,1,8,1,1,,44,6,1,22,9,121.5196603,25.05573464
111,9,24,13,7,2,06松山區,松山區富錦街484號,0,0,1,1,B03,6,1,5,50,14,9,1,4,4,5,7,4,4,5,4,5,1,16,1,62,3,10,1,1,7,13,1,8,1,4,,40,40,1,22,9,121.563042,25.06091161
111,9,24,13,7,2,06松山區,松山區富錦街484號,0,0,1,2,C03,6,1,5,50,14,9,1,4,4,5,7,4,4,5,4,5,1,16,1,31,2,8,1,1,7,9,1,10,1,12,,44,40,1,22,9,121.563042,25.06091161
111,9,24,13,7,2,06松山區,松山區富錦街484號,0,0,1,3,B03,6,1,5,50,14,9,1,4,4,5,7,4,4,5,4,5,1,16,1,46,3,10,1,1,7,9,1,8,1,15,,44,40,1,22,9,121.563042,25.06091161
111,9,24,13,35,2,05中正區,中正區林森北路11號,0,0,1,1,B01,7,1,5,50,14,9,1,5,4,5,7,4,4,10,5,5,1,14,1,61,3,10,1,1,7,2,1,4,2,3,,12,12,1,22,9,121.5238012,25.0459043
111,9,24,13,35,2,05中正區,中正區林森北路11號,0,0,1,2,B01,7,1,5,50,14,9,1,5,4,5,7,4,4,10,5,5,1,14,2,48,2,7,1,1,7,14,1,4,2,1,,44,12,1,22,9,121.5238012,25.0459043
111,9,24,13,37,2,08士林區,士林區平菁街與平菁街116巷口,0,0,1,1,B03,6,1,5,50,3,1,1,4,4,5,7,4,4,9,4,5,1,16,1,66,3,10,1,1,7,5,1,8,1,6,,8,8,1,22,9,121.5725207,25.1241848
111,9,24,13,37,2,08士林區,士林區平菁街與平菁街116巷口,0,0,1,2,C03,6,1,5,50,3,1,1,4,4,5,7,4,4,9,4,5,1,16,1,18,2,7,1,1,7,9,1,10,1,11,,23,8,1,22,9,121.5725207,25.1241848
111,9,24,13,48,2,07信義區,信義區福德街與福德街84巷口,0,0,1,1,C03,6,1,5,30,4,1,1,4,4,5,7,1,1,10,4,5,1,15,1,33,2,9,1,1,7,9,1,10,1,11,,26,26,1,22,9,121.5814666,25.0372746
111,9,24,13,48,2,07信義區,信義區福德街與福德街84巷口,0,0,1,2,B03,6,1,5,30,4,1,1,4,4,5,7,1,1,10,4,5,1,15,1,52,3,10,1,1,7,9,1,8,1,4,,13,26,1,22,9,121.5814666,25.0372746
111,9,24,14,36,2,11南港區,南港區松河街與南港路3段106巷口,0,0,3,1,C03,6,1,5,50,3,1,1,4,4,5,7,2,1,5,4,5,2,16,2,38,2,1,1,1,7,5,1,10,2,12,,8,8,1,21,8,121.5890704,25.05529631
111,9,24,14,36,2,11南港區,南港區松河街與南港路3段106巷口,0,0,3,2,C03,6,1,5,50,3,1,1,4,4,5,7,2,1,5,4,5,2,16,1,20,2,1,1,1,7,9,1,10,2,11,,13,8,1,21,8,121.5890704,25.05529631
111,9,24,14,36,2,11南港區,南港區松河街與南港路3段106巷口,0,0,3,3,H02,6,1,5,50,3,1,1,4,4,5,7,2,1,5,4,5,2,16,2,20,2,1,1,5,7,20,8,20,10,16,,67,8,1,21,8,121.5890704,25.05529631
111,9,24,14,37,2,07信義區,信義區逸仙路(仁愛路四段507號),0,0,2,1,A02,6,1,5,50,14,9,1,4,4,5,7,4,4,5,5,5,1,13,1,51,2,1,3,4,7,9,1,2,2,1,,23,23,1,10,1,121.5615591,25.0378922
111,9,24,14,37,2,07信義區,信義區逸仙路(仁愛路四段507號),0,0,2,2,B03,6,1,5,50,14,9,1,4,4,5,7,4,4,5,5,5,1,13,1,32,2,8,3,4,7,14,1,8,2,3,,44,23,1,22,9,121.5615591,25.0378922
111,9,24,14,37,2,07信義區,信義區逸仙路(仁愛路四段507號),0,0,2,3,B03,6,1,5,50,14,9,1,4,4,5,7,4,4,5,5,5,1,13,1,48,3,10,3,4,7,14,1,8,2,3,,44,23,1,22,9,121.5615591,25.0378922
111,9,24,15,10,2,12內湖區,內湖區康樂街110巷與康樂街136巷18弄口,0,0,1,1,B03,6,1,5,30,4,1,1,4,4,5,7,4,4,10,5,5,2,16,2,34,3,10,1,1,7,9,1,8,1,5,,6,6,1,22,9,121.6183032,25.070728
111,9,24,15,10,2,12內湖區,內湖區康樂街110巷與康樂街136巷18弄口,0,0,1,2,C03,6,1,5,30,4,1,1,4,4,5,7,4,4,10,5,5,2,16,1,42,2,9,1,1,7,9,1,10,1,11,,23,6,1,22,9,121.6183032,25.070728
111,9,24,15,37,2,02萬華區,萬華區中華路1段162-1號,0,0,2,1,,7,1,5,50,14,9,1,5,4,5,7,4,4,1,5,5,2,18,3,,,,,,,,,,,,,66,66,1,,,121.5079356,25.04173921
111,9,24,15,37,2,02萬華區,萬華區中華路1段162-1號,0,0,2,2,C03,7,1,5,50,14,9,1,5,4,5,7,4,4,1,5,5,2,18,1,59,2,8,1,1,7,12,1,10,2,12,,44,66,1,22,9,121.5079356,25.04173921
111,9,24,15,37,2,02萬華區,萬華區中華路1段162-1號,0,0,2,3,C04,7,1,5,50,14,9,1,5,4,5,7,4,4,1,5,5,2,18,2,52,2,8,1,1,7,12,1,10,2,14,,44,66,1,22,9,121.5079356,25.04173921
111,9,24,15,37,2,02萬華區,萬華區中華路1段162-1號,0,0,2,4,C03,7,1,5,50,14,9,1,5,4,5,7,4,4,1,5,5,2,18,4,,4,11,3,4,7,9,7,19,11,15,,43,66,1,22,9,121.5079356,25.04173921
111,9,24,16,0,2,08士林區,士林區延平北路6段116巷與社正路45巷29弄口,0,0,1,1,C03,8,1,5,30,3,1,1,5,4,5,1,4,4,10,5,5,1,16,1,41,3,10,1,1,7,5,1,10,1,11,,6,6,1,22,9,121.50837,25.09013612
111,9,24,16,0,2,08士林區,士林區延平北路6段116巷與社正路45巷29弄口,0,0,1,2,F01,8,1,5,30,3,1,1,5,4,5,1,4,4,10,5,5,1,16,2,71,2,7,1,1,7,9,8,20,1,16,,44,6,1,22,9,121.50837,25.09013612
111,9,24,16,0,2,07信義區,信義區基隆路2段131號,0,0,1,1,C04,6,1,5,50,14,9,1,4,4,5,7,2,1,3,4,5,1,18,2,19,2,8,1,1,7,21,1,10,1,15,,43,43,1,22,9,121.5562446,25.02759171
111,9,24,16,0,2,07信義區,信義區基隆路2段131號,0,0,1,2,,6,1,5,50,14,9,1,4,4,5,7,2,1,3,4,5,1,18,3,,,,,,,,,,,,,67,43,1,,,121.5562446,25.02759171
111,9,24,16,5,2,03中山區,中山區中山北路1段與市民大道2段口,0,0,1,1,C03,7,1,5,40,14,9,1,5,4,5,7,1,1,1,3,5,1,16,1,19,2,9,1,4,7,9,1,10,2,12,,13,13,1,22,9,121.5210281,25.04815683
111,9,24,16,5,2,03中山區,中山區中山北路1段與市民大道2段口,0,0,1,2,B03,7,1,5,40,14,9,1,5,4,5,7,1,1,1,3,5,1,16,1,25,3,10,3,4,7,14,1,8,2,4,,44,13,1,22,9,121.5210281,25.04815683
111,9,24,16,20,2,12內湖區,內湖區陽光街與文德路208巷口,0,0,1,1,C03,6,1,5,50,3,1,1,4,4,5,7,1,1,5,1,5,1,17,2,23,2,9,1,1,7,9,1,10,2,14,,44,44,1,22,9,121.583554,25.074995
111,9,24,16,20,2,12內湖區,內湖區陽光街與文德路208巷口,0,0,1,2,B03,6,1,5,50,3,1,1,4,4,5,7,1,1,5,1,5,1,17,1,61,3,10,1,1,7,5,1,8,2,15,,6,44,1,22,9,121.583554,25.074995
111,9,24,16,25,2,08士林區,士林區福林橋北往南(南往北第二根燈桿),0,0,1,1,B03,8,1,5,0,14,9,1,5,4,5,7,4,4,3,4,5,1,17,1,46,3,10,3,4,7,8,1,8,1,15,,7,7,1,22,9,121.527073,25.09863345
111,9,24,16,25,2,08士林區,士林區福林橋北往南(南往北第二根燈桿),0,0,1,2,C03,8,1,5,0,14,9,1,5,4,5,7,4,4,3,4,5,1,17,1,64,2,9,3,4,7,9,1,10,1,15,,44,7,1,22,9,121.527073,25.09863345
111,9,24,16,30,2,04大安區,大安區敦化南路1段270巷與無名巷口,0,0,1,1,C03,6,1,5,30,3,1,1,4,4,5,7,4,4,10,5,5,2,16,1,35,2,7,1,1,7,6,1,10,1,14,,6,6,1,22,9,121.5481561,25.038957
111,9,24,16,30,2,04大安區,大安區敦化南路1段270巷與無名巷口,0,0,1,2,B03,6,1,5,30,3,1,1,4,4,5,7,4,4,10,5,5,2,16,1,41,3,10,1,1,7,9,1,8,1,2,,23,6,1,22,9,121.5481561,25.038957
111,9,24,16,30,2,04大安區,大安區敦化南路1段270巷與無名巷口,0,0,1,3,B03,6,1,5,30,3,1,1,4,4,5,7,4,4,10,5,5,2,16,1,57,3,10,3,4,7,14,1,8,9,15,,38,6,1,22,9,121.5481561,25.038957
111,9,24,17,20,2,03中山區,中山區北安路535-1號,0,0,2,1,C03,7,2,5,50,11,9,1,5,4,5,1,2,1,1,4,5,2,12,2,23,2,9,1,4,7,7,1,10,2,14,,7,7,1,22,9,121.5473834,25.0799303
111,9,24,17,20,2,03中山區,中山區北安路535-1號,0,0,2,2,B03,7,2,5,50,11,9,1,5,4,5,1,2,1,1,4,5,2,12,1,61,3,10,3,4,7,15,1,8,2,2,,23,7,1,22,9,121.5473834,25.0799303
111,9,24,17,20,2,03中山區,中山區北安路535-1號,0,0,2,3,C03,7,2,5,50,11,9,1,5,4,5,1,2,1,1,4,5,2,12,1,29,3,10,3,4,7,7,1,10,2,15,,7,7,1,22,9,121.5473834,25.0799303
111,9,24,17,20,2,03中山區,中山區北安路535-1號,0,0,2,4,H02,7,2,5,50,11,9,1,5,4,5,1,2,1,1,4,5,2,12,2,21,2,9,4,5,7,20,8,20,10,16,,67,7,1,22,9,121.5473834,25.0799303
111,9,24,17,51,2,03中山區,中山區長春路241號,0,0,1,1,B01,6,1,5,50,14,9,1,4,4,5,7,4,4,4,3,5,1,17,1,65,3,10,3,4,7,7,1,8,1,3,,7,7,1,22,9,121.539376,25.0547378
111,9,24,17,51,2,03中山區,中山區長春路241號,0,0,1,2,C03,6,1,5,50,14,9,1,4,4,5,7,4,4,4,3,5,1,17,1,26,2,9,1,4,7,9,1,10,1,14,,42,7,1,22,9,121.539376,25.0547378
111,9,24,17,55,2,03中山區,中山區樂群二路116巷與敬業三路161巷口,0,0,2,1,B03,6,3,5,30,4,1,1,4,4,5,7,4,4,5,4,5,1,15,1,77,3,10,1,1,7,9,1,8,1,6,,6,6,1,22,9,121.5553614,25.0792211
111,9,24,17,55,2,03中山區,中山區樂群二路116巷與敬業三路161巷口,0,0,2,2,B02,6,3,5,30,4,1,1,4,4,5,7,4,4,5,4,5,1,15,1,38,3,10,1,1,7,9,1,8,1,1,,23,6,1,22,9,121.5553614,25.0792211
111,9,24,17,55,2,03中山區,中山區樂群二路116巷與敬業三路161巷口,0,0,2,3,H02,6,3,5,30,4,1,1,4,4,5,7,4,4,5,4,5,1,15,1,62,2,1,1,5,7,21,8,20,10,16,,67,6,1,22,9,121.5553614,25.0792211
111,9,24,17,55,2,03中山區,中山區樂群二路116巷與敬業三路161巷口,0,0,2,4,H02,6,3,5,30,4,1,1,4,4,5,7,4,4,5,4,5,1,15,2,73,2,3,1,5,7,21,8,20,10,16,,67,6,1,22,9,121.5553614,25.0792211
111,9,24,18,2,2,09北投區,北投區中和街與復興一路口,0,0,2,1,C03,6,3,5,30,3,2,1,4,4,5,7,4,4,10,5,5,1,16,2,29,2,7,1,1,7,5,1,10,1,12,,6,6,1,22,9,121.5018397,25.1389329
111,9,24,18,2,2,09北投區,北投區中和街與復興一路口,0,0,2,2,B03,6,3,5,30,3,2,1,4,4,5,7,4,4,10,5,5,1,16,1,46,3,10,1,1,7,9,1,8,1,4,,44,6,1,22,9,121.5018397,25.1389329
111,9,24,18,2,2,09北投區,北投區中和街與復興一路口,0,0,2,3,H02,6,3,5,30,3,2,1,4,4,5,7,4,4,10,5,5,1,16,2,28,2,8,4,5,7,20,8,20,10,16,,67,6,1,22,9,121.5018397,25.1389329