發生年度,發生月,發生日,發生時-Hours,發生分,處理別-編號,區序,肇事地點,死亡人數,2-30日死亡人數,受傷人數,當事人序號,車種,天候,光線,道路類別,速限-速度限制,道路型態,事故位置,路面狀況1,路面狀況2,路面狀況3,道路障礙1,道路障礙2,號誌1,號誌2,車道劃分-分向,車道劃分-分道1,車道劃分-分道2,車道劃分-分道3,事故類型及型態,性別,年齡,受傷程度,主要傷處,安全帽,行動電話,車輛用途,當事者行動狀態,駕駛資格情形,駕駛執照種類,飲酒情形,車輛撞擊部位1,車輛撞擊部位2,肇因碼-個別,肇因碼-主要,個人肇逃否,職業,旅次目的,座標-X,座標-Y
111,9,24,18,3,2,10文山區,文山區興隆路4段與興隆路4段122巷口,0,0,2,1,C03,6,3,5,30,4,1,1,4,4,5,7,2,1,3,4,5,2,15,1,71,3,10,1,1,7,9,1,10,1,11,,44,44,1,22,9,121.5623124,24.98260699
111,9,24,18,3,2,10文山區,文山區興隆路4段與興隆路4段122巷口,0,0,2,2,C03,6,3,5,30,4,1,1,4,4,5,7,2,1,3,4,5,2,15,2,27,2,9,1,1,7,9,1,10,1,12,,25,44,1,22,9,121.5623124,24.98260699
111,9,24,18,3,2,10文山區,文山區興隆路4段與興隆路4段122巷口,0,0,2,3,H02,6,3,5,30,4,1,1,4,4,5,7,2,1,3,4,5,2,15,2,27,2,7,1,5,7,21,8,20,10,15,,67,44,1,22,9,121.5623124,24.98260699
111,9,24,18,15,2,03中山區,中山區民生東路2段141號,0,0,3,1,B03,6,3,5,50,14,9,1,4,4,5,7,4,4,1,4,5,2,17,1,33,2,9,1,1,7,8,1,8,1,15,,7,7,1,22,9,121.5339016,25.05802035
111,9,24,18,15,2,03中山區,中山區民生東路2段141號,0,0,3,2,C03,6,3,5,50,14,9,1,4,4,5,7,4,4,1,4,5,2,17,2,33,2,9,1,1,7,9,1,10,1,14,,44,7,1,22,9,121.5339016,25.05802035
111,9,24,18,15,2,03中山區,中山區民生東路2段141號,0,0,3,3,H02,6,3,5,50,14,9,1,4,4,5,7,4,4,1,4,5,2,17,2,62,2,9,4,5,7,20,8,20,10,16,,67,7,1,22,9,121.5339016,25.05802035
111,9,24,18,30,2,05中正區,中正區臨沂街與臨沂街24巷口,0,0,1,1,B02,6,3,5,30,4,1,1,4,4,5,7,4,4,10,5,5,1,17,1,37,3,10,1,1,7,9,1,8,2,2,,6,6,1,22,9,121.5299069,25.040111
111,9,24,18,30,2,05中正區,中正區臨沂街與臨沂街24巷口,0,0,1,2,C03,6,3,5,30,4,1,1,4,4,5,7,4,4,10,5,5,1,17,1,53,2,9,1,1,7,9,1,10,2,12,,14,6,1,22,9,121.5299069,25.040111
111,9,24,18,40,2,01大同區,大同區民權西路與民權西路144巷口,0,0,1,1,C04,6,3,5,50,4,1,1,4,4,5,7,1,1,1,4,5,2,17,1,31,3,10,1,1,7,6,1,10,1,13,,9,9,1,22,9,121.5158987,25.0628339
111,9,24,18,40,2,01大同區,大同區民權西路與民權西路144巷口,0,0,1,2,C04,6,3,5,50,4,1,1,4,4,5,7,1,1,1,4,5,2,17,2,24,2,9,1,1,7,9,1,10,1,11,,44,9,1,22,9,121.5158987,25.0628339
111,9,24,18,50,2,11南港區,南港區南港路1段194號,0,0,1,2,C03,6,3,5,50,14,9,1,4,4,5,7,4,4,5,4,5,2,16,1,22,2,9,1,1,7,9,1,10,1,11,,44,19,1,22,9,121.6114622,25.0552091
111,9,24,18,50,2,11南港區,南港區南港路1段194號,0,0,1,1,B03,6,3,5,50,14,9,1,4,4,5,7,4,4,5,4,5,2,16,1,41,3,10,1,1,7,1,1,8,1,4,,19,19,1,22,9,121.6114622,25.0552091
111,9,24,18,55,2,06松山區,松山區市民大道4段171號,0,0,1,1,B01,6,3,5,40,14,9,1,4,4,5,7,4,4,9,4,5,2,17,1,52,3,10,1,1,7,8,1,4,1,15,,7,7,1,22,9,121.5516856,25.04466951
111,9,24,18,55,2,06松山區,松山區市民大道4段171號,0,0,1,2,C03,6,3,5,40,14,9,1,4,4,5,7,4,4,9,4,5,2,17,1,23,2,9,1,1,7,9,1,10,1,14,,44,7,1,22,9,121.5516856,25.04466951
111,9,24,19,8,2,08士林區,士林區德行西路與文林路口,0,0,1,1,B03,8,3,5,50,4,1,1,5,4,5,7,2,1,1,4,4,1,17,2,30,3,10,1,1,7,5,1,8,2,8,,6,6,1,22,9,121.5196567,25.10323388
111,9,24,19,8,2,08士林區,士林區德行西路與文林路口,0,0,1,2,C03,8,3,5,50,4,1,1,5,4,5,7,2,1,1,4,4,1,17,1,65,2,9,1,1,7,1,1,10,2,14,,19,6,1,22,9,121.5196567,25.10323388
111,9,24,19,20,2,12內湖區,內湖區舊宗路1段268號前,0,0,1,1,B01,6,3,5,50,14,9,1,4,4,5,7,4,4,1,4,5,2,13,1,63,3,10,1,1,7,9,1,1,2,1,,16,16,1,22,9,121.5760998,25.06418994
111,9,24,19,20,2,12內湖區,內湖區舊宗路1段268號前,0,0,1,2,C03,6,3,5,50,14,9,1,4,4,5,7,4,4,1,4,5,2,13,1,36,2,9,1,1,7,12,1,10,2,13,,44,16,1,22,9,121.5760998,25.06418994
111,9,24,19,47,2,08士林區,士林區承德路5段第5燈桿,0,0,1,1,B03,6,3,5,60,14,8,1,4,4,5,7,4,4,1,4,4,2,17,2,28,3,10,1,1,7,12,1,8,2,15,,42,42,1,22,9,121.5147893,25.09444532
111,9,24,19,47,2,08士林區,士林區承德路5段第5燈桿,0,0,1,2,C03,6,3,5,60,14,8,1,4,4,5,7,4,4,1,4,4,2,17,1,38,3,10,1,1,7,10,1,10,2,13,,7,42,1,22,9,121.5147893,25.09444532
111,9,24,19,47,2,08士林區,士林區承德路5段第5燈桿,0,0,1,3,C03,6,3,5,60,14,8,1,4,4,5,7,4,4,1,4,4,2,17,1,55,2,9,1,1,7,9,1,10,2,11,,13,42,1,22,9,121.5147893,25.09444532
111,9,24,19,47,2,08士林區,士林區承德路5段第5燈桿,0,0,1,4,C03,6,3,5,60,14,8,1,4,4,5,7,4,4,1,4,4,2,17,1,46,3,10,1,1,7,9,1,10,2,11,,13,42,1,22,9,121.5147893,25.09444532
111,9,24,20,50,2,09北投區,北投區承德路7段382號,0,0,2,2,C03,8,3,5,60,14,9,1,5,4,5,7,4,4,9,4,5,2,16,1,77,2,9,1,1,7,9,1,10,2,13,,44,7,1,22,9,121.5023624,25.11883169
111,9,24,20,50,2,09北投區,北投區承德路7段382號,0,0,2,3,H02,8,3,5,60,14,9,1,5,4,5,7,4,4,9,4,5,2,16,2,66,2,9,1,1,7,20,8,20,10,16,,67,7,1,22,9,121.5023624,25.11883169
111,9,24,20,50,2,09北投區,北投區承德路7段382號,0,0,2,1,B03,8,3,5,60,14,9,1,5,4,5,7,4,4,9,4,5,2,16,2,55,3,10,1,1,7,7,1,8,2,4,,7,7,1,22,9,121.5023624,25.11883169
111,9,24,20,51,2,08士林區,士林區中正路與基河路口,0,0,2,1,C03,7,3,5,50,14,9,1,5,4,5,7,4,4,5,4,5,2,17,1,25,2,9,1,1,7,4,1,10,2,12,,4,4,1,22,9,121.5202562,25.0930146
111,9,24,20,51,2,08士林區,士林區中正路與基河路口,0,0,2,2,B01,7,3,5,50,14,9,1,5,4,5,7,4,4,5,4,5,2,17,1,44,3,10,1,1,7,11,1,4,2,8,,44,4,1,22,9,121.5202562,25.0930146
111,9,24,20,51,2,08士林區,士林區中正路與基河路口,0,0,2,3,H02,7,3,5,50,14,9,1,5,4,5,7,4,4,5,4,5,2,17,2,25,2,9,1,5,7,17,8,20,10,16,,67,4,1,22,9,121.5202562,25.0930146
111,9,24,21,20,2,05中正區,中正區忠孝東路2段與林森北路口口,0,0,1,1,C04,6,3,5,50,4,2,1,4,4,5,7,2,1,9,4,4,1,18,2,33,2,8,1,1,7,6,1,10,1,12,,42,42,1,21,5,121.5234183,25.0449479
111,9,24,21,20,2,05中正區,中正區忠孝東路2段與林森北路口口,0,0,1,2,,6,3,5,50,4,2,1,4,4,5,7,2,1,9,4,4,1,18,3,,,,,,,,,,,,,67,42,1,,,121.5234183,25.0449479
111,9,24,21,32,2,02萬華區,萬華區桂林路1號,0,0,2,1,C03,6,3,5,50,14,9,1,4,4,5,7,4,4,5,5,5,2,13,2,18,2,9,1,1,7,9,1,10,1,11,,23,23,1,22,9,121.5059242,25.0376998
111,9,24,21,32,2,02萬華區,萬華區桂林路1號,0,0,2,2,B01,6,3,5,50,14,9,1,4,4,5,7,4,4,5,5,5,2,13,1,45,3,10,1,1,7,14,1,4,1,7,,38,23,1,22,9,121.5059242,25.0376998
111,9,24,21,32,2,02萬華區,萬華區桂林路1號,0,0,2,3,H02,6,3,5,50,14,9,1,4,4,5,7,4,4,5,5,5,2,13,1,17,2,8,1,5,7,20,8,20,10,16,,67,23,1,22,9,121.5059242,25.0376998
111,9,24,22,2,2,08士林區,士林區通河西街1段堤外便道百齡左岸054燈桿,0,0,1,1,C03,6,3,5,50,14,9,1,4,4,5,7,4,4,10,4,5,2,10,1,35,2,1,3,4,7,4,1,10,1,11,,1,1,1,22,9,121.5109451,25.09139952
111,9,24,22,2,2,08士林區,士林區通河西街1段堤外便道百齡左岸054燈桿,0,0,1,2,B01,6,3,5,50,14,9,1,4,4,5,7,4,4,10,4,5,2,10,1,39,3,10,3,4,7,9,1,4,1,4,,44,1,1,22,9,121.5109451,25.09139952
111,9,24,22,2,2,08士林區,士林區通河西街1段堤外便道百齡左岸054燈桿,0,0,1,3,B02,6,3,5,50,14,9,1,4,4,5,7,4,4,10,4,5,2,10,1,53,3,10,3,4,7,9,1,8,1,1,,44,1,1,22,9,121.5109451,25.09139952
111,9,24,22,14,2,08士林區,士林區天母東路8巷31弄與天母東路50巷口,0,0,1,1,B03,6,3,5,30,3,2,1,4,4,5,7,4,4,9,4,5,2,17,1,23,3,10,1,1,7,5,1,8,2,8,,8,8,1,22,9,121.5335086,25.1169069
111,9,24,22,14,2,08士林區,士林區天母東路8巷31弄與天母東路50巷口,0,0,1,2,C03,6,3,5,30,3,2,1,4,4,5,7,4,4,9,4,5,2,17,2,20,2,8,1,1,7,14,1,10,2,11,,44,8,1,22,9,121.5335086,25.1169069
111,9,24,22,15,2,03中山區,中山區崇實路與北安路口,0,0,1,1,C03,6,3,5,50,4,1,1,4,4,5,7,1,1,1,4,5,2,12,1,19,2,9,1,1,7,5,1,10,1,14,,8,8,1,22,9,121.5443606,25.0797508
111,9,24,22,15,2,03中山區,中山區崇實路與北安路口,0,0,1,2,B03,6,3,5,50,4,1,1,4,4,5,7,1,1,1,4,5,2,12,1,25,3,10,1,1,7,5,1,8,1,5,,44,8,1,22,9,121.5443606,25.0797508
111,9,24,22,30,2,04大安區,大安區復興南路1段253巷52號,0,0,1,1,C04,6,3,5,30,13,9,1,4,3,5,7,4,4,10,5,5,2,18,2,18,2,9,1,1,7,9,1,10,2,14,,44,44,1,22,9,121.5457272,25.0367688
111,9,24,22,30,2,04大安區,大安區復興南路1段253巷52號,0,0,1,2,,6,3,5,30,13,9,1,4,3,5,7,4,4,10,5,5,2,18,3,,,,,,,,,,,,,61,44,1,,,121.5457272,25.0367688
111,9,24,22,30,2,06松山區,松山區八德路3段與北寧路口,0,0,1,1,B03,6,3,5,50,4,1,1,4,4,5,7,1,1,8,3,4,2,17,2,32,3,10,3,4,7,5,1,8,1,8,,8,8,1,22,9,121.5525606,25.04820832
111,9,24,22,30,2,06松山區,松山區八德路3段與北寧路口,0,0,1,2,C03,6,3,5,50,4,1,1,4,4,5,7,1,1,8,3,4,2,17,2,37,2,9,1,1,7,9,1,10,1,14,,23,8,1,22,9,121.5525606,25.04820832
111,9,25,3,39,2,04大安區,大安區辛亥路3段與基隆路3段口,0,0,1,1,B01,6,3,5,0,4,1,1,4,4,5,7,2,1,1,4,5,2,17,1,55,3,10,1,1,7,5,1,4,2,5,,8,8,1,22,9,121.5465917,25.01896711
111,9,25,3,39,2,04大安區,大安區辛亥路3段與基隆路3段口,0,0,1,2,C03,6,3,5,0,4,1,1,4,4,5,7,2,1,1,4,5,2,17,1,51,2,9,1,1,7,9,1,10,2,11,,44,8,1,22,9,121.5465917,25.01896711
111,9,25,3,39,2,04大安區,大安區辛亥路3段與基隆路3段口,0,0,1,3,C03,6,3,5,0,4,1,1,4,4,5,7,2,1,1,4,5,2,17,1,37,3,10,1,1,7,12,1,10,2,11,,44,8,1,22,9,121.5465917,25.01896711
111,9,25,6,46,2,02萬華區,萬華區萬大路與萬大路423巷口,0,0,1,1,A02,7,1,5,30,14,9,1,5,4,5,7,2,1,1,4,5,1,9,1,57,3,10,3,4,7,15,1,2,1,15,,43,43,1,22,9,121.4986839,25.0214656
111,9,25,6,46,2,02萬華區,萬華區萬大路與萬大路423巷口,0,0,1,2,H02,7,1,5,30,14,9,1,5,4,5,7,2,1,1,4,5,1,9,2,72,2,9,3,4,7,17,8,20,10,16,,67,43,1,22,9,121.4986839,25.0214656
111,9,25,6,53,2,05中正區,中正區杭州南路1段143巷與信義路2段17巷口,0,0,2,1,C03,6,1,5,30,4,1,1,4,4,5,7,4,4,10,5,5,1,15,1,64,2,9,1,1,7,9,1,10,1,11,,6,6,1,22,9,121.5256455,25.0359482
111,9,25,6,53,2,05中正區,中正區杭州南路1段143巷與信義路2段17巷口,0,0,2,2,C03,6,1,5,30,4,1,1,4,4,5,7,4,4,10,5,5,1,15,2,26,2,9,1,1,7,9,1,10,1,14,,23,6,1,22,9,121.5256455,25.0359482
111,9,25,7,50,2,12內湖區,內湖區民權大橋往東下橋處,0,0,1,1,B03,6,1,5,50,4,2,1,4,4,5,7,1,1,2,1,4,1,13,1,24,3,10,3,4,7,6,1,8,1,2,,26,26,1,22,9,121.5785172,25.066696
111,9,25,7,50,2,12內湖區,內湖區民權大橋往東下橋處,0,0,1,2,C03,6,1,5,50,4,2,1,4,4,5,7,1,1,2,1,4,1,13,1,23,2,9,3,4,7,9,1,10,1,11,,16,26,1,22,9,121.5785172,25.066696
111,9,25,8,4,2,10文山區,文山區景興路與景興路282巷口,0,0,1,1,B01,6,1,5,50,3,1,1,4,4,5,7,2,1,5,5,5,2,13,1,61,3,10,1,1,7,12,1,4,1,3,,25,25,1,22,9,121.5423995,24.9894599
111,9,25,8,4,2,10文山區,文山區景興路與景興路282巷口,0,0,1,2,C03,6,1,5,50,3,1,1,4,4,5,7,2,1,5,5,5,2,13,2,51,2,9,1,1,7,9,1,10,1,11,,16,25,1,22,9,121.5423995,24.9894599
111,9,25,8,31,2,02萬華區,萬華區萬大路與興寧街口,0,0,2,1,C03,6,1,5,50,4,2,1,4,4,5,7,3,1,5,4,5,1,17,1,70,2,7,3,4,7,5,6,18,1,11,,6,6,1,22,9,121.500567,25.03225529
111,9,25,8,31,2,02萬華區,萬華區萬大路與興寧街口,0,0,2,2,C03,6,1,5,50,4,2,1,4,4,5,7,3,1,5,4,5,1,17,2,22,2,9,3,4,7,9,1,10,1,12,,44,6,1,22,9,121.500567,25.03225529
111,9,25,8,57,2,10文山區,文山區辛亥路4段100號,0,0,2,1,C03,6,1,5,50,3,2,1,4,4,5,7,2,1,1,2,5,2,17,1,41,2,9,1,1,7,9,1,10,1,14,,13,42,1,22,9,121.5581987,25.00619731
111,9,25,8,57,2,10文山區,文山區辛亥路4段100號,0,0,2,2,C03,6,1,5,50,3,2,1,4,4,5,7,2,1,1,2,5,2,17,2,41,2,9,1,1,7,14,1,10,1,13,,38,42,1,22,9,121.5581987,25.00619731
111,9,25,9,1,2,10文山區,文山區木柵路2段4號,0,0,1,1,C03,6,1,5,50,14,9,1,4,4,5,7,1,1,9,2,4,2,16,1,72,2,8,3,4,7,5,1,10,1,11,,8,8,1,22,9,121.5579005,24.98871822
111,9,25,9,1,2,10文山區,文山區木柵路2段4號,0,0,1,2,A04,6,1,5,50,14,9,1,4,4,5,7,1,1,9,2,4,2,16,1,55,3,10,3,4,7,9,1,2,2,8,,44,8,1,22,9,121.5579005,24.98871822
111,9,25,9,11,2,03中山區,中山區吉林路218巷與吉林路口,0,0,2,1,C03,7,1,5,30,4,1,1,4,4,5,7,1,1,4,3,4,1,16,1,39,2,9,1,1,7,9,1,10,1,14,,25,25,1,22,9,121.5301705,25.0589245
111,9,25,9,11,2,03中山區,中山區吉林路218巷與吉林路口,0,0,2,2,C03,7,1,5,30,4,1,1,4,4,5,7,1,1,4,3,4,1,16,2,60,2,9,1,1,7,9,4,8,1,14,,25,25,1,22,9,121.5301705,25.0589245
111,9,25,9,21,2,08士林區,士林區中正路與中正路212巷口,0,0,1,1,C03,7,1,5,50,4,1,1,5,4,5,7,2,1,1,4,5,1,16,2,34,2,9,1,1,7,9,1,10,1,14,,25,25,1,21,8,121.526335,25.095393
111,9,25,9,21,2,08士林區,士林區中正路與中正路212巷口,0,0,1,2,B03,7,1,5,50,4,1,1,5,4,5,7,2,1,1,4,5,1,16,1,48,3,10,1,1,7,9,1,7,1,5,,44,25,1,21,8,121.526335,25.095393
111,9,25,9,21,2,08士林區,士林區中正路與中正路212巷口,0,0,1,3,B03,7,1,5,50,4,1,1,5,4,5,7,2,1,1,4,5,1,16,1,60,3,10,1,1,7,14,1,8,1,7,,38,25,1,21,8,121.526335,25.095393
111,9,25,10,12,2,09北投區,北投區承德路6段與福國路口南往北方向,0,0,1,1,B03,8,1,5,60,4,2,1,5,4,5,7,1,1,9,4,5,1,12,2,45,3,10,1,1,7,6,1,8,1,2,,5,5,1,22,9,121.5125323,25.10153254
111,9,25,10,12,2,09北投區,北投區承德路6段與福國路口南往北方向,0,0,1,2,C03,8,1,5,60,4,2,1,5,4,5,7,1,1,9,4,5,1,12,1,18,2,8,1,1,7,9,1,10,1,14,,13,5,1,22,9,121.5125323,25.10153254
111,9,25,10,35,2,08士林區,士林區光華路與國泰街口,0,0,2,1,B12,6,1,5,0,4,1,1,4,4,5,7,4,4,10,5,5,2,17,1,56,3,10,1,1,7,5,1,8,2,8,,8,8,1,22,9,121.5425334,25.1369752
111,9,25,10,35,2,08士林區,士林區光華路與國泰街口,0,0,2,2,C03,6,1,5,0,4,1,1,4,4,5,7,4,4,10,5,5,2,17,2,20,2,8,1,1,7,9,1,10,2,11,,44,8,1,22,9,121.5425334,25.1369752
111,9,25,10,35,2,08士林區,士林區光華路與國泰街口,0,0,2,3,H02,6,1,5,0,4,1,1,4,4,5,7,4,4,10,5,5,2,17,2,20,2,8,4,5,7,20,8,20,1,16,,67,8,1,22,9,121.5425334,25.1369752
111,9,25,10,44,2,04大安區,大安區師大路與師大路92巷口,0,0,1,1,B03,6,1,5,50,4,1,1,4,4,5,7,2,1,5,5,5,2,17,1,49,4,11,3,4,7,15,7,19,11,15,,6,6,2,22,9,121.5284276,25.02253856
111,9,25,10,44,2,04大安區,大安區師大路與師大路92巷口,0,0,1,2,C03,6,1,5,50,4,1,1,4,4,5,7,2,1,5,5,5,2,17,2,19,2,9,3,4,7,9,1,10,1,14,,44,6,1,22,9,121.5284276,25.02253856
111,9,25,11,30,2,03中山區,中山區長春路與中原街口,0,0,1,1,B03,6,1,5,40,3,1,1,4,4,5,7,3,1,5,5,4,2,13,1,39,3,10,1,1,7,1,1,8,1,3,,19,19,1,22,9,121.5288284,25.0548889
111,9,25,11,30,2,03中山區,中山區長春路與中原街口,0,0,1,2,C03,6,1,5,40,3,1,1,4,4,5,7,3,1,5,5,4,2,13,1,29,2,9,1,1,7,9,1,10,1,14,,23,19,1,22,9,121.5288284,25.0548889
111,9,25,11,34,2,03中山區,中山區吉林路與德惠街口,0,0,1,1,B03,7,1,5,50,4,2,1,4,4,5,7,2,1,10,4,5,2,2,1,42,3,10,3,4,7,6,1,4,1,1,,15,15,1,22,9,121.5304625,25.0666509
111,9,25,11,34,2,03中山區,中山區吉林路與德惠街口,0,0,1,2,H01,7,1,5,50,4,2,1,4,4,5,7,2,1,10,4,5,2,2,2,26,2,8,4,5,8,16,8,20,10,16,,67,15,1,22,9,121.5304625,25.0666509
111,9,25,11,38,2,03中山區,中山區大直街62巷實踐大學前,0,0,1,1,B03,8,1,5,30,15,9,1,5,4,5,7,4,4,10,4,5,1,17,2,46,3,10,1,1,7,5,1,8,1,8,,8,8,1,22,9,121.545117,25.08291254
111,9,25,11,38,2,03中山區,中山區大直街62巷實踐大學前,0,0,1,2,C03,8,1,5,30,15,9,1,5,4,5,7,4,4,10,4,5,1,17,1,43,2,9,1,1,7,9,1,10,1,12,,13,8,1,22,9,121.545117,25.08291254
111,9,25,11,55,2,01大同區,大同區延平北路2段272巷與安西街口口,0,0,2,1,C03,7,1,5,30,4,1,1,4,4,5,3,4,4,10,5,5,2,15,2,37,2,4,1,1,7,9,1,10,1,12,,6,6,1,22,9,121.5097503,25.06208109
111,9,25,11,55,2,01大同區,大同區延平北路2段272巷與安西街口口,0,0,2,2,C03,7,1,5,30,4,1,1,4,4,5,3,4,4,10,5,5,2,15,1,34,2,9,1,1,7,9,1,10,1,11,,23,6,1,22,9,121.5097503,25.06208109
111,9,25,12,10,2,03中山區,中山區市民大道2段與林森北路口,0,0,1,1,B03,6,1,5,40,4,1,1,4,4,5,7,1,1,1,3,5,1,17,1,47,3,10,1,1,7,8,1,8,2,6,,44,44,1,22,9,121.5244111,25.0478726
111,9,25,12,10,2,03中山區,中山區市民大道2段與林森北路口,0,0,1,2,C03,6,1,5,40,4,1,1,4,4,5,7,1,1,1,3,5,1,17,1,37,2,9,1,1,7,9,1,10,2,12,,42,44,1,22,9,121.5244111,25.0478726
111,9,25,12,10,2,03中山區,中山區市民大道2段與林森北路口,0,0,1,3,B03,6,1,5,40,4,1,1,4,4,5,7,1,1,1,3,5,1,17,1,25,3,10,1,1,7,9,1,8,2,15,,44,44,1,22,9,121.5244111,25.0478726
111,9,25,12,20,2,05中正區,中正區羅斯福路4段與基隆路4段口,0,0,2,1,C03,8,1,5,50,5,1,1,5,4,5,7,2,1,10,4,5,2,12,1,24,3,10,1,1,7,5,1,10,1,14,,8,8,1,22,9,121.5368219,25.0111674
111,9,25,12,20,2,05中正區,中正區羅斯福路4段與基隆路4段口,0,0,2,2,C03,8,1,5,50,5,1,1,5,4,5,7,2,1,10,4,5,2,12,1,27,2,7,1,1,7,9,1,10,1,12,,17,8,1,22,9,121.5368219,25.0111674
111,9,25,12,20,2,05中正區,中正區羅斯福路4段與基隆路4段口,0,0,2,3,C03,8,1,5,50,5,1,1,5,4,5,7,2,1,10,4,5,2,12,1,23,2,9,1,1,7,9,1,10,1,11,,23,8,1,22,9,121.5368219,25.0111674
111,9,25,12,25,2,03中山區,中山區自強隧道圓環、北安路,0,0,1,1,C03,7,1,5,50,16,9,1,5,4,5,7,1,1,10,4,5,2,17,1,63,2,9,1,1,7,9,1,10,1,14,,42,42,1,22,9,121.5499716,25.085205
111,9,25,12,25,2,03中山區,中山區自強隧道圓環、北安路,0,0,1,2,C03,7,1,5,50,16,9,1,5,4,5,7,1,1,10,4,5,2,17,1,21,3,10,1,1,7,12,1,10,1,15,,42,42,1,22,9,121.5499716,25.085205
111,9,25,12,33,2,10文山區,(木柵路4段35-1號前),0,0,1,1,C03,6,1,5,30,11,9,1,4,4,5,1,4,4,5,2,5,2,16,2,32,2,9,1,1,7,6,1,10,1,12,,43,43,1,22,9,121.5715557,24.9942983
111,9,25,12,33,2,10文山區,(木柵路4段35-1號前),0,0,1,2,B03,6,1,5,30,11,9,1,4,4,5,1,4,4,5,2,5,2,16,1,45,3,10,1,1,7,14,1,8,1,6,,43,43,1,22,9,121.5715557,24.9942983
111,9,25,12,47,2,07信義區,信義區松德路78號,0,0,1,1,B03,6,1,5,50,15,9,1,4,4,5,7,4,4,10,5,5,2,17,2,40,3,10,1,1,7,1,1,8,1,8,,19,19,1,22,9,121.5757333,25.03818054
111,9,25,12,47,2,07信義區,信義區松德路78號,0,0,1,2,C03,6,1,5,50,15,9,1,4,4,5,7,4,4,10,5,5,2,17,1,58,2,9,1,1,7,9,1,10,1,12,,42,19,1,22,9,121.5757333,25.03818054
111,9,25,12,47,2,07信義區,信義區松德路78號,0,0,1,3,B03,6,1,5,50,15,9,1,4,4,5,7,4,4,10,5,5,2,17,1,46,3,10,1,1,7,15,1,8,9,15,,42,19,1,22,9,121.5757333,25.03818054
111,9,25,13,7,2,03中山區,中山區明水路397巷與明水路397巷7弄口,0,0,2,1,C03,6,1,5,30,4,1,1,4,3,5,7,4,4,10,5,5,2,15,1,21,2,9,1,1,7,9,3,18,1,11,14,6,6,1,22,9,121.5477025,25.07804706
111,9,25,13,7,2,03中山區,中山區明水路397巷與明水路397巷7弄口,0,0,2,2,B03,6,1,5,30,4,1,1,4,3,5,7,4,4,10,5,5,2,15,1,47,3,10,1,1,7,9,1,8,1,4,,44,6,1,22,9,121.5477025,25.07804706
111,9,25,13,7,2,03中山區,中山區明水路397巷與明水路397巷7弄口,0,0,2,3,H02,6,1,5,30,4,1,1,4,3,5,7,4,4,10,5,5,2,15,2,19,2,9,4,5,7,20,8,20,10,16,,67,6,1,22,9,121.5477025,25.07804706
111,9,25,13,8,2,02萬華區,萬華區萬大路與萬大路329巷口,0,0,2,1,C03,6,1,5,30,4,1,1,4,4,5,7,1,1,1,4,5,2,16,1,26,2,8,1,1,7,6,3,18,1,12,,6,6,1,22,9,121.5002677,25.02412201
111,9,25,13,8,2,02萬華區,萬華區萬大路與萬大路329巷口,0,0,2,2,C03,6,1,5,30,4,1,1,4,4,5,7,1,1,1,4,5,2,16,1,40,2,9,1,1,7,9,1,9,1,14,,44,6,1,22,9,121.5002677,25.02412201
111,9,25,13,42,2,02萬華區,萬華區西園路1段160號對面,0,0,2,1,C03,6,1,5,50,14,9,1,4,4,5,7,4,4,5,5,5,2,12,1,23,2,9,1,1,7,9,1,10,1,12,,23,23,1,22,9,121.4994786,25.03705797
111,9,25,13,42,2,02萬華區,萬華區西園路1段160號對面,0,0,2,2,C03,6,1,5,50,14,9,1,4,4,5,7,4,4,5,5,5,2,12,1,66,2,9,1,1,7,7,1,10,1,14,,7,23,1,22,9,121.4994786,25.03705797
111,9,25,13,45,2,05中正區,中正區博愛路與開封街1段口,0,0,1,1,C03,6,1,5,50,4,2,1,4,4,5,7,1,1,10,4,5,2,12,1,21,3,10,1,1,7,7,1,10,1,14,,7,7,1,22,9,121.5112789,25.04599448
111,9,25,13,45,2,05中正區,中正區博愛路與開封街1段口,0,0,1,2,C03,6,1,5,50,4,2,1,4,4,5,7,1,1,10,4,5,2,12,1,46,2,8,1,1,7,9,1,10,1,12,,44,7,1,22,9,121.5112789,25.04599448
111,9,25,13,50,2,07信義區,信義區松平路81號,0,0,2,1,B03,6,1,5,30,14,9,1,4,4,5,7,4,4,9,5,5,2,17,1,40,3,10,1,1,7,5,1,8,1,1,,8,8,1,22,9,121.5669631,25.0304902
111,9,25,13,50,2,07信義區,信義區松平路81號,0,0,2,2,C03,6,1,5,30,14,9,1,4,4,5,7,4,4,9,5,5,2,17,1,29,2,7,1,1,7,9,1,10,1,11,,13,8,1,22,9,121.5669631,25.0304902
111,9,25,13,50,2,07信義區,信義區松平路81號,0,0,2,3,H02,6,1,5,30,14,9,1,4,4,5,7,4,4,9,5,5,2,17,1,14,2,7,4,5,7,20,8,20,10,16,,67,8,1,22,9,121.5669631,25.0304902
111,9,25,13,50,2,07信義區,信義區松仁路253巷4弄與松仁路275巷口,0,0,1,1,C03,6,1,5,30,4,1,1,4,4,5,7,4,4,10,5,5,2,15,1,26,2,9,1,1,7,9,1,10,1,11,,6,6,1,22,9,121.569833,25.0249858
111,9,25,13,50,2,07信義區,信義區松仁路253巷4弄與松仁路275巷口,0,0,1,2,B01,6,1,5,30,4,1,1,4,4,5,7,4,4,10,5,5,2,15,1,57,3,10,1,1,7,9,1,4,1,8,,14,6,1,22,9,121.569833,25.0249858