發生年度,發生月,發生日,發生時-Hours,發生分,處理別-編號,區序,肇事地點,死亡人數,2-30日死亡人數,受傷人數,當事人序號,車種,天候,光線,道路類別,速限-速度限制,道路型態,事故位置,路面狀況1,路面狀況2,路面狀況3,道路障礙1,道路障礙2,號誌1,號誌2,車道劃分-分向,車道劃分-分道1,車道劃分-分道2,車道劃分-分道3,事故類型及型態,性別,年齡,受傷程度,主要傷處,安全帽,行動電話,車輛用途,當事者行動狀態,駕駛資格情形,駕駛執照種類,飲酒情形,車輛撞擊部位1,車輛撞擊部位2,肇因碼-個別,肇因碼-主要,個人肇逃否,職業,旅次目的,座標-X,座標-Y
111,9,25,14,13,2,05中正區,中正區忠孝東路2段與新生南路1段口口,0,0,1,1,B03,6,1,5,50,4,1,1,4,4,5,7,2,1,9,4,4,1,16,1,30,3,10,1,1,7,6,1,8,2,5,,9,9,1,21,5,121.5328072,25.04230674
111,9,25,14,13,2,05中正區,中正區忠孝東路2段與新生南路1段口口,0,0,1,2,C03,6,1,5,50,4,1,1,4,4,5,7,2,1,9,4,4,1,16,1,36,2,9,1,1,7,9,1,10,2,11,,23,9,1,21,4,121.5328072,25.04230674
111,9,25,14,13,2,10文山區,文山區景隆街與景隆街19巷口,0,0,1,1,B12,6,1,5,30,4,1,1,4,4,5,7,4,4,10,5,5,2,17,1,27,3,10,1,1,7,6,1,8,1,2,,6,6,1,22,9,121.5408402,25.000013
111,9,25,14,13,2,10文山區,文山區景隆街與景隆街19巷口,0,0,1,2,C03,6,1,5,30,4,1,1,4,4,5,7,4,4,10,5,5,2,17,2,60,2,9,1,1,7,5,1,10,1,12,,6,6,1,22,9,121.5408402,25.000013
111,9,25,14,40,2,07信義區,信義區基隆路1段與松壽路口,0,0,1,1,B01,6,1,5,50,5,1,1,4,4,5,7,1,1,10,4,5,1,12,1,64,3,10,1,1,7,5,1,4,1,5,,23,23,1,22,9,121.5618275,25.0359267
111,9,25,14,40,2,07信義區,信義區基隆路1段與松壽路口,0,0,1,2,C04,6,1,5,50,5,1,1,4,4,5,7,1,1,10,4,5,1,12,1,19,2,7,1,1,7,5,1,10,1,13,,8,23,1,22,9,121.5618275,25.0359267
111,9,25,15,20,2,10文山區,文山區新光路2段與新光路2段23巷口,0,0,1,1,C03,7,1,5,30,3,1,1,4,4,5,7,4,4,9,4,5,2,17,1,69,3,10,3,4,7,5,1,10,1,15,,8,8,1,22,9,121.5990699,25.00223975
111,9,25,15,20,2,10文山區,文山區新光路2段與新光路2段23巷口,0,0,1,2,C03,7,1,5,30,3,1,1,4,4,5,7,4,4,9,4,5,2,17,1,24,2,9,3,4,7,9,1,10,1,12,,42,8,1,22,9,121.5990699,25.00223975
111,9,25,15,58,2,02萬華區,萬華區華江橋往台北市機車道,0,0,1,1,C03,7,1,5,40,15,11,1,5,4,5,7,4,4,9,5,5,2,17,1,75,3,10,1,4,7,6,1,10,1,13,,14,14,1,22,9,121.4889981,25.03446942
111,9,25,15,58,2,02萬華區,萬華區華江橋往台北市機車道,0,0,1,2,C03,7,1,5,40,15,11,1,5,4,5,7,4,4,9,5,5,2,17,1,36,3,10,1,4,7,5,1,10,1,15,,44,14,1,22,9,121.4889981,25.03446942
111,9,25,15,58,2,02萬華區,萬華區華江橋往台北市機車道,0,0,1,3,H02,7,1,5,40,15,11,1,5,4,5,7,4,4,9,5,5,2,17,2,17,2,8,4,4,7,20,8,20,10,16,,67,14,1,22,9,121.4889981,25.03446942
111,9,25,17,0,2,07信義區,信義區松山路234號,0,0,2,1,C03,6,1,5,50,14,9,1,4,4,5,7,4,4,1,4,5,2,9,1,29,2,9,1,1,7,12,1,10,2,14,,42,42,1,22,9,121.5777069,25.04449265
111,9,25,17,0,2,07信義區,信義區松山路234號,0,0,2,2,H02,6,1,5,50,14,9,1,4,4,5,7,4,4,1,4,5,2,9,2,25,2,9,4,5,7,20,8,20,10,16,,67,42,1,22,9,121.5777069,25.04449265
111,9,25,17,0,2,07信義區,信義區松山路234號,0,0,2,3,B01,6,1,5,50,14,9,1,4,4,5,7,4,4,1,4,5,2,9,1,66,3,10,1,1,7,7,1,4,2,3,,7,42,1,22,9,121.5777069,25.04449265
111,9,25,17,10,2,11南港區,南港區市民大道7段與昆陽街口往西20公尺處,0,0,1,1,C03,6,1,5,50,14,9,1,4,4,5,7,4,4,9,4,5,2,12,1,36,3,10,1,1,7,9,1,10,2,15,,42,42,1,22,9,121.5933638,25.05119237
111,9,25,17,10,2,11南港區,南港區市民大道7段與昆陽街口往西20公尺處,0,0,1,2,C03,6,1,5,50,14,9,1,4,4,5,7,4,4,9,4,5,2,12,1,32,3,10,1,1,7,9,1,10,2,12,,44,42,1,22,9,121.5933638,25.05119237
111,9,25,17,10,2,11南港區,南港區市民大道7段與昆陽街口往西20公尺處,0,0,1,3,C03,6,1,5,50,14,9,1,4,4,5,7,4,4,9,4,5,2,12,1,23,3,10,1,1,7,9,1,10,2,14,,16,42,1,22,9,121.5933638,25.05119237
111,9,25,17,10,2,11南港區,南港區市民大道7段與昆陽街口往西20公尺處,0,0,1,4,C03,6,1,5,50,14,9,1,4,4,5,7,4,4,9,4,5,2,12,1,26,3,10,1,1,7,9,1,10,2,15,,44,42,1,22,9,121.5933638,25.05119237
111,9,25,17,10,2,11南港區,南港區市民大道7段與昆陽街口往西20公尺處,0,0,1,5,H02,6,1,5,50,14,9,1,4,4,5,7,4,4,9,4,5,2,12,2,31,2,8,1,5,7,17,8,20,10,15,,67,42,1,22,9,121.5933638,25.05119237
111,9,25,17,25,2,07信義區,信義區松仁路(松壽路13號),0,0,1,1,B03,6,1,5,50,14,9,1,4,4,5,7,4,4,1,4,5,1,17,2,49,3,10,3,4,7,9,1,8,2,1,,16,16,1,22,9,121.5682807,25.03624892
111,9,25,17,25,2,07信義區,信義區松仁路(松壽路13號),0,0,1,2,C03,6,1,5,50,14,9,1,4,4,5,7,4,4,1,4,5,1,17,1,33,2,9,3,4,7,7,1,10,2,13,,44,16,1,22,9,121.5682807,25.03624892
111,9,25,17,25,2,07信義區,信義區松仁路(松壽路13號),0,0,1,3,B03,6,1,5,50,14,9,1,4,4,5,7,4,4,1,4,5,1,17,1,32,3,10,3,4,7,7,1,8,2,7,,44,16,1,22,9,121.5682807,25.03624892
111,9,25,18,13,2,02萬華區,萬華區艋舺大道與西園路1段口,0,0,2,1,C03,6,3,5,50,4,1,1,4,4,5,7,1,1,1,4,5,2,17,1,47,3,10,1,4,7,6,1,10,1,12,,9,9,1,22,9,121.4981413,25.03323122
111,9,25,18,13,2,02萬華區,萬華區艋舺大道與西園路1段口,0,0,2,2,C03,6,3,5,50,4,1,1,4,4,5,7,1,1,1,4,5,2,17,2,22,2,9,1,4,7,9,1,10,1,11,,44,9,1,22,9,121.4981413,25.03323122
111,9,25,18,13,2,02萬華區,萬華區艋舺大道與西園路1段口,0,0,2,3,H02,6,3,5,50,4,1,1,4,4,5,7,1,1,1,4,5,2,17,1,25,2,8,1,5,7,21,8,20,1,16,,67,9,1,22,9,121.4981413,25.03323122
111,9,25,18,14,2,01大同區,大同區台北橋機車道往三重(東往西),0,0,2,1,C03,6,3,5,50,14,11,1,4,4,5,7,4,4,1,4,5,2,13,1,26,2,9,3,4,7,9,1,10,1,11,,26,26,1,22,9,121.5105022,25.0630729
111,9,25,18,14,2,01大同區,大同區台北橋機車道往三重(東往西),0,0,2,2,C03,6,3,5,50,14,11,1,4,4,5,7,4,4,1,4,5,2,13,1,24,2,9,3,4,7,9,1,10,1,11,,23,26,1,22,9,121.5105022,25.0630729
111,9,25,18,14,2,01大同區,大同區台北橋機車道往三重(東往西),0,0,2,3,C03,6,3,5,50,14,11,1,4,4,5,7,4,4,1,4,5,2,13,1,53,3,10,3,4,7,9,1,10,1,13,,26,26,1,22,9,121.5105022,25.0630729
111,9,25,18,18,2,07信義區,信義區市府路與松高路口,0,0,1,1,B03,6,3,5,50,4,2,1,4,4,5,7,1,1,5,4,5,2,13,1,61,3,10,3,4,7,9,1,10,1,1,,23,23,1,22,9,121.5636708,25.0387997
111,9,25,18,18,2,07信義區,信義區市府路與松高路口,0,0,1,2,B03,6,3,5,50,4,2,1,4,4,5,7,1,1,5,4,5,2,13,1,30,3,10,3,4,7,14,1,8,1,3,,43,23,1,22,9,121.5636708,25.0387997
111,9,25,18,18,2,07信義區,信義區市府路與松高路口,0,0,1,3,B03,6,3,5,50,4,2,1,4,4,5,7,1,1,5,4,5,2,13,1,50,3,10,3,4,7,14,1,8,1,3,,43,23,1,22,9,121.5636708,25.0387997
111,9,25,18,18,2,07信義區,信義區市府路與松高路口,0,0,1,4,H02,6,3,5,50,4,2,1,4,4,5,7,1,1,5,4,5,2,13,2,44,2,1,4,5,7,20,8,20,10,16,,67,23,1,22,9,121.5636708,25.0387997
111,9,25,18,20,2,06松山區,松山區寶清街22號,0,0,3,1,C03,6,3,5,50,14,9,1,4,4,5,7,4,4,8,3,5,2,17,1,30,2,9,1,1,7,11,1,10,1,12,,10,10,1,22,9,121.5685621,25.05084887
111,9,25,18,20,2,06松山區,松山區寶清街22號,0,0,3,2,C03,6,3,5,50,14,9,1,4,4,5,7,4,4,8,3,5,2,17,2,22,2,9,1,1,7,9,1,10,1,14,,43,10,1,22,9,121.5685621,25.05084887
111,9,25,18,20,2,06松山區,松山區寶清街22號,0,0,3,3,H02,6,3,5,50,14,9,1,4,4,5,7,4,4,8,3,5,2,17,1,33,2,9,1,5,7,20,8,20,10,16,,67,10,1,22,9,121.5685621,25.05084887
111,9,25,18,40,2,07信義區,信義區林口街與福德街口,0,0,2,1,C03,6,3,5,30,4,2,2,4,4,5,7,2,1,9,4,5,2,17,1,23,2,9,1,1,7,9,1,10,1,12,,16,16,1,22,9,121.5791361,25.0362714
111,9,25,18,40,2,07信義區,信義區林口街與福德街口,0,0,2,2,B03,6,3,5,30,4,2,2,4,4,5,7,2,1,9,4,5,2,17,1,39,3,10,1,1,7,9,1,8,1,15,,13,16,1,22,9,121.5791361,25.0362714
111,9,25,18,40,2,07信義區,信義區林口街與福德街口,0,0,2,3,H02,6,3,5,30,4,2,2,4,4,5,7,2,1,9,4,5,2,17,2,23,2,9,1,5,7,20,8,20,10,16,,67,16,1,22,9,121.5791361,25.0362714
111,9,25,18,42,2,06松山區,松山區八德路3段99巷與八德路3段71巷9弄口,0,0,1,1,B01,6,3,5,30,4,1,1,4,4,5,7,4,4,8,3,5,1,16,1,39,3,10,3,1,7,9,1,4,1,1,,6,6,1,22,9,121.5532763,25.04866314
111,9,25,18,42,2,06松山區,松山區八德路3段99巷與八德路3段71巷9弄口,0,0,1,2,C03,6,3,5,30,4,1,1,4,4,5,7,4,4,8,3,5,1,16,1,30,2,9,3,1,7,9,1,10,1,11,,14,6,1,22,9,121.5532763,25.04866314
111,9,25,18,46,2,03中山區,中山區民生東路2段與中原街口,0,0,1,1,B03,6,1,5,50,4,1,1,4,4,5,7,1,1,4,3,5,1,3,1,34,4,11,3,4,7,15,7,19,11,15,,15,15,2,22,9,121.5289451,25.05799114
111,9,25,18,46,2,03中山區,中山區民生東路2段與中原街口,0,0,1,2,H01,6,1,5,50,4,1,1,4,4,5,7,1,1,4,3,5,1,3,2,26,2,3,4,5,8,16,8,20,10,16,,67,15,1,22,9,121.5289451,25.05799114
111,9,25,19,25,2,11南港區,南港區忠孝東路6段297號與忠孝東路6段口,0,0,1,1,B12,6,3,5,50,5,1,1,4,4,5,7,2,1,1,4,5,2,15,1,30,3,10,3,4,7,9,1,8,1,1,,44,44,1,22,9,121.5913426,25.04985958
111,9,25,19,25,2,11南港區,南港區忠孝東路6段297號與忠孝東路6段口,0,0,1,2,C03,6,3,5,50,5,1,1,4,4,5,7,2,1,1,4,5,2,15,1,29,2,9,1,1,7,9,1,10,1,12,,25,44,1,22,9,121.5913426,25.04985958
111,9,25,20,30,2,03中山區,中山區民權東路1段46號,0,0,1,1,B01,6,3,5,50,14,9,1,4,4,5,7,1,1,1,4,5,2,16,1,66,3,10,1,1,7,8,1,4,1,2,,7,7,1,22,9,121.524327,25.0626141
111,9,25,20,30,2,03中山區,中山區民權東路1段46號,0,0,1,2,C03,6,3,5,50,14,9,1,4,4,5,7,1,1,1,4,5,2,16,1,25,2,9,1,1,7,9,1,10,1,11,,44,7,1,22,9,121.524327,25.0626141
111,9,25,20,37,2,05中正區,中正區中山北路1段與北平東路口,0,0,1,1,B03,6,3,5,50,5,1,1,4,4,5,7,2,1,1,4,5,2,2,1,31,3,10,1,1,7,5,1,8,2,1,,15,8,1,2,5,121.5204823,25.0472914
111,9,25,20,37,2,05中正區,中正區中山北路1段與北平東路口,0,0,1,2,H01,6,3,5,50,5,1,1,4,4,5,7,2,1,1,4,5,2,2,1,52,2,8,4,5,8,16,8,20,10,16,,67,8,1,22,8,121.5204823,25.0472914
111,9,25,20,43,2,06松山區,松山區東興路與八德路4段295巷18弄口,0,0,2,1,H01,6,3,5,50,4,1,1,4,4,5,7,4,4,8,3,5,1,3,2,41,2,1,4,5,8,16,8,20,1,16,,51,51,1,22,9,121.5655076,25.04960137
111,9,25,20,43,2,06松山區,松山區東興路與八德路4段295巷18弄口,0,0,2,2,C03,6,3,5,50,4,1,1,4,4,5,7,4,4,8,3,5,1,3,1,55,2,9,3,1,7,9,1,10,1,11,,14,51,1,22,9,121.5655076,25.04960137
111,9,25,21,20,2,03中山區,中山區民權西路與天祥路口,0,0,1,1,B03,6,3,5,50,4,1,1,4,4,5,7,1,1,1,3,5,1,16,1,32,3,10,3,4,7,6,1,8,1,6,,9,9,1,22,9,121.5208086,25.06273844
111,9,25,21,20,2,03中山區,中山區民權西路與天祥路口,0,0,1,2,C03,6,3,5,50,4,1,1,4,4,5,7,1,1,1,3,5,1,16,1,20,2,9,1,4,7,9,1,10,1,14,,23,9,1,22,9,121.5208086,25.06273844
111,9,25,21,25,2,09北投區,北投區文林北路與承德路7段口,0,0,1,2,,7,1,5,60,5,1,1,5,4,5,7,1,1,1,5,4,1,27,3,,,,,,,,,,9,,,66,23,1,,,121.5113713,25.1104743
111,9,25,21,25,2,09北投區,北投區文林北路與承德路7段口,0,0,1,1,C03,7,1,5,60,5,1,1,5,4,5,7,1,1,1,5,4,1,27,1,28,2,9,1,1,7,9,1,10,1,11,,23,23,1,22,9,121.5113713,25.1104743
111,9,25,22,4,2,03中山區,中山區中山北路1段105巷與中山北路1段口,0,0,1,2,C03,6,3,5,30,3,2,1,4,4,5,7,4,4,1,4,5,2,17,2,19,2,9,1,1,7,9,1,10,1,11,,42,6,1,22,9,121.5223583,25.05126889
111,9,25,22,4,2,03中山區,中山區中山北路1段105巷與中山北路1段口,0,0,1,1,B03,6,3,5,30,3,2,1,4,4,5,7,4,4,1,4,5,2,17,2,59,4,11,3,4,7,15,7,19,11,15,,6,6,2,22,9,121.5223583,25.05126889
111,9,25,22,16,2,05中正區,中正區汀州路4段與基隆路4段口,0,0,1,1,C03,6,3,5,30,5,1,1,4,4,5,7,1,1,10,5,5,2,12,1,57,3,10,1,1,7,5,1,10,1,12,,23,23,1,22,9,121.5361598,25.0110285
111,9,25,22,16,2,05中正區,中正區汀州路4段與基隆路4段口,0,0,1,2,C03,6,3,5,30,5,1,1,4,4,5,7,1,1,10,5,5,2,12,1,21,2,9,1,1,7,5,1,10,1,14,,17,23,1,22,9,121.5361598,25.0110285
111,9,25,22,29,2,05中正區,中正區南昌路1段與寧波西街口,0,0,1,1,B01,6,3,5,50,4,1,1,4,4,5,7,1,1,5,4,5,2,2,1,68,3,10,1,1,7,6,1,4,2,1,,15,15,1,22,9,121.5176151,25.030751
111,9,25,22,29,2,05中正區,中正區南昌路1段與寧波西街口,0,0,1,2,H01,6,3,5,50,4,1,1,4,4,5,7,1,1,5,4,5,2,2,2,44,2,9,4,5,8,16,8,20,10,16,,67,15,1,22,9,121.5176151,25.030751
111,9,25,23,54,2,08士林區,士林區中山北路5段與劍潭路口,0,0,1,1,C03,6,3,5,50,3,2,1,4,4,5,7,1,1,10,4,5,2,29,1,18,2,8,1,1,7,9,1,10,2,14,,23,23,1,22,9,121.5254751,25.08413744
111,9,25,23,54,2,08士林區,士林區中山北路5段與劍潭路口,0,0,1,2,C03,6,3,5,50,3,2,1,4,4,5,7,1,1,10,4,5,2,29,3,,,,,,,,,,,,,67,23,1,,,121.5254751,25.08413744
111,9,25,23,54,2,08士林區,士林區中山北路5段與劍潭路口,0,0,1,3,C03,6,3,5,50,3,2,1,4,4,5,7,1,1,10,4,5,2,29,3,,,,,,,,,,,,,67,23,1,,,121.5254751,25.08413744
111,9,25,23,54,2,10文山區,文山區指南路2段與指南路2段147巷口,0,0,1,1,C03,6,3,5,50,14,9,2,4,4,5,7,3,1,5,4,5,2,17,1,19,3,10,1,4,7,5,1,10,1,15,,6,6,1,22,9,121.577223,24.98737199
111,9,25,23,54,2,10文山區,文山區指南路2段與指南路2段147巷口,0,0,1,2,C03,6,3,5,50,14,9,2,4,4,5,7,3,1,5,4,5,2,17,1,24,2,9,1,4,7,9,1,10,1,14,,14,6,1,22,9,121.577223,24.98737199
111,9,26,3,10,2,08士林區,士林區承德路4段與福港街口,0,0,1,1,B02,6,3,5,50,4,2,1,4,4,5,7,2,1,1,5,5,2,13,1,34,3,10,1,1,7,9,1,8,1,1,,23,23,1,22,9,121.5185152,25.08993387
111,9,26,3,10,2,08士林區,士林區承德路4段與福港街口,0,0,1,2,C03,6,3,5,50,4,2,1,4,4,5,7,2,1,1,5,5,2,13,2,20,2,5,1,1,7,9,1,10,1,13,,44,23,1,22,9,121.5185152,25.08993387
111,9,26,4,14,2,07信義區,信義區松山路與松山路465巷口,0,0,2,2,C03,6,3,5,0,4,1,1,4,4,5,7,1,1,1,4,5,2,3,1,46,2,9,3,4,7,9,1,10,2,11,,23,52,1,22,9,121.5779202,25.0396607
111,9,26,4,14,2,07信義區,信義區松山路與松山路465巷口,0,0,2,1,H01,6,3,5,0,4,1,1,4,4,5,7,1,1,1,4,5,2,3,2,67,2,9,4,5,8,16,8,20,10,16,,52,52,1,22,9,121.5779202,25.0396607
111,9,26,6,18,2,02萬華區,萬華區萬大路277巷與萬大路237巷10弄口,0,0,1,1,C03,7,1,5,0,4,1,1,4,4,5,7,4,4,10,5,5,2,16,1,42,3,10,1,4,7,9,1,10,1,11,,6,6,1,22,9,121.5010818,25.0254181
111,9,26,6,18,2,02萬華區,萬華區萬大路277巷與萬大路237巷10弄口,0,0,1,2,C03,7,1,5,0,4,1,1,4,4,5,7,4,4,10,5,5,2,16,2,51,2,9,1,4,7,9,1,10,1,14,,44,6,1,22,9,121.5010818,25.0254181
111,9,26,6,44,2,10文山區,文山區新光路1段與秀明路2段口,0,0,1,1,B03,6,1,5,50,4,1,1,4,4,5,7,1,1,5,4,5,2,16,1,28,3,10,3,4,7,5,1,8,2,1,,8,8,1,21,8,121.5736748,24.99159455
111,9,26,6,44,2,10文山區,文山區新光路1段與秀明路2段口,0,0,1,2,C03,6,1,5,50,4,1,1,4,4,5,7,1,1,5,4,5,2,16,1,60,2,8,3,4,7,9,1,10,2,11,,44,8,1,21,8,121.5736748,24.99159455
111,9,26,6,45,2,03中山區,中山區新生北路3段與民權東路1段口,0,0,1,1,B03,6,1,5,50,5,1,1,4,4,5,7,2,1,1,5,5,1,17,4,,4,11,3,4,7,15,7,19,11,15,,43,43,2,22,9,121.5275287,25.06250653
111,9,26,6,45,2,03中山區,中山區新生北路3段與民權東路1段口,0,0,1,2,C03,6,1,5,50,5,1,1,4,4,5,7,2,1,1,5,5,1,17,1,40,2,8,3,4,7,9,1,10,9,14,,44,43,1,22,9,121.5275287,25.06250653
111,9,26,6,49,2,08士林區,士林區中山北路5段與福國路口,0,0,1,1,B03,6,1,5,50,3,2,1,4,4,5,7,2,1,3,3,5,1,17,4,,4,11,3,4,7,15,7,19,11,15,,43,43,2,22,9,121.525685,25.10243114
111,9,26,6,49,2,08士林區,士林區中山北路5段與福國路口,0,0,1,2,C03,6,1,5,50,3,2,1,4,4,5,7,2,1,3,3,5,1,17,2,34,2,8,1,1,7,9,1,10,11,15,,44,43,1,22,9,121.525685,25.10243114
111,9,26,7,19,2,05中正區,中正區重慶南路3段與和平西路1段口,0,0,1,1,B12,8,1,5,50,14,9,1,5,4,5,7,1,1,3,4,5,2,17,4,,4,11,3,4,7,15,7,19,11,15,,43,43,2,22,9,121.5188646,25.0262716
111,9,26,7,19,2,05中正區,中正區重慶南路3段與和平西路1段口,0,0,1,2,C03,8,1,5,50,14,9,1,5,4,5,7,1,1,3,4,5,2,17,1,45,2,9,1,1,7,9,1,10,2,12,,43,43,1,22,9,121.5188646,25.0262716
111,9,26,7,25,2,05中正區,中正區貴陽街1段西往東外交部停車場前,0,0,1,1,B03,8,1,5,50,14,9,1,5,4,5,7,4,4,9,4,5,1,16,1,48,3,10,1,1,7,5,1,8,2,4,,8,8,1,21,1,121.5161626,25.03837256
111,9,26,7,25,2,05中正區,中正區貴陽街1段西往東外交部停車場前,0,0,1,2,C03,8,1,5,50,14,9,1,5,4,5,7,4,4,9,4,5,1,16,1,54,2,8,1,1,7,9,1,10,2,11,,44,8,1,21,1,121.5161626,25.03837256
111,9,26,7,25,2,05中正區,中正區貴陽街1段西往東外交部停車場前,0,0,1,3,C03,8,1,5,50,14,9,1,5,4,5,7,4,4,9,4,5,1,16,1,40,4,11,3,4,7,15,7,19,11,15,,44,8,2,22,9,121.5161626,25.03837256
111,9,26,7,28,2,08士林區,士林區芝玉路1段197巷與忠義街91巷口,0,0,1,1,F01,7,1,5,30,4,1,1,4,4,5,7,4,4,10,5,5,1,15,1,16,2,7,1,1,7,9,8,20,1,16,,6,6,1,21,8,121.5329383,25.10621938
111,9,26,7,28,2,08士林區,士林區芝玉路1段197巷與忠義街91巷口,0,0,1,2,B01,7,1,5,30,4,1,1,4,4,5,7,4,4,10,5,5,1,15,1,36,3,10,1,1,7,9,1,4,1,1,,23,6,1,21,8,121.5329383,25.10621938
111,9,26,7,28,2,08士林區,士林區芝玉路1段197巷與忠義街91巷口,0,0,1,3,B03,7,1,5,30,4,1,1,4,4,5,7,4,4,10,5,5,1,15,1,69,3,10,1,1,7,14,1,8,1,15,,38,6,1,21,8,121.5329383,25.10621938
111,9,26,7,30,2,08士林區,士林區至善路3段71巷11號,0,0,2,1,C03,6,1,5,30,14,9,1,4,4,5,7,4,4,10,5,5,2,17,1,42,2,9,1,1,7,9,1,10,1,11,,5,5,1,22,9,121.5681282,25.118177
111,9,26,7,30,2,08士林區,士林區至善路3段71巷11號,0,0,2,2,C03,6,1,5,30,14,9,1,4,4,5,7,4,4,10,5,5,2,17,1,22,2,9,1,1,7,9,1,10,1,11,,13,5,1,22,9,121.5681282,25.118177
111,9,26,7,44,2,08士林區,士林區中正路與延平北路5段口,0,0,1,1,C03,6,1,5,50,4,1,1,4,4,5,7,2,1,1,4,5,2,12,1,29,2,7,1,1,7,9,1,10,2,11,,16,16,1,22,9,121.5093256,25.0866487
111,9,26,7,44,2,08士林區,士林區中正路與延平北路5段口,0,0,1,2,C03,6,1,5,50,4,1,1,4,4,5,7,2,1,1,4,5,2,12,1,45,3,10,1,1,7,5,1,10,2,13,,44,16,1,22,9,121.5093256,25.0866487
111,9,26,7,49,2,10文山區,文山區和平東路4段260號,0,0,1,1,C03,7,1,5,40,14,9,1,4,4,5,7,1,1,5,4,5,2,13,1,52,2,7,3,4,7,9,1,10,1,12,,23,23,1,22,9,121.5731129,25.00061957
111,9,26,7,49,2,10文山區,文山區和平東路4段260號,0,0,1,2,B03,7,1,5,40,14,9,1,4,4,5,7,1,1,5,4,5,2,13,1,37,3,10,3,4,7,14,1,8,1,7,,42,23,1,22,9,121.5731129,25.00061957
111,9,26,7,55,2,04大安區,大安區復興南路2段210巷5弄與復興南路2段180巷口,0,0,1,1,C03,8,1,5,30,4,1,1,5,4,5,7,4,4,10,5,5,2,15,1,46,2,9,1,1,7,9,1,10,1,11,,6,6,1,22,9,121.542758,25.0274058
111,9,26,7,55,2,04大安區,大安區復興南路2段210巷5弄與復興南路2段180巷口,0,0,1,2,B03,8,1,5,30,4,1,1,5,4,5,7,4,4,10,5,5,2,15,1,64,3,10,1,1,7,9,1,8,1,5,,14,6,1,22,9,121.542758,25.0274058
111,9,26,8,10,2,10文山區,文山區興隆路1段與興隆路1段251巷口,0,0,2,1,B03,6,1,5,50,3,1,1,4,4,5,7,2,1,1,4,5,2,16,1,52,3,10,1,1,7,1,1,8,2,8,,19,19,1,22,9,121.5440616,24.9994144
111,9,26,8,10,2,10文山區,文山區興隆路1段與興隆路1段251巷口,0,0,2,2,C03,6,1,5,50,3,1,1,4,4,5,7,2,1,1,4,5,2,16,2,66,2,8,1,1,7,5,4,11,2,14,,44,19,1,22,9,121.5440616,24.9994144
111,9,26,8,10,2,10文山區,文山區興隆路1段與興隆路1段251巷口,0,0,2,3,H02,6,1,5,50,3,1,1,4,4,5,7,2,1,1,4,5,2,16,1,5,2,7,4,5,7,21,8,20,10,16,,67,19,1,22,9,121.5440616,24.9994144
111,9,26,8,22,2,02萬華區,萬華區西藏路125巷與青年路30巷口,0,0,1,1,C03,8,1,5,30,3,1,1,5,4,5,7,3,3,10,5,5,2,13,2,38,2,9,1,1,7,9,1,10,1,11,,16,16,1,22,9,121.5034182,25.02614508
111,9,26,8,22,2,02萬華區,萬華區西藏路125巷與青年路30巷口,0,0,1,2,B03,8,1,5,30,3,1,1,5,4,5,7,3,3,10,5,5,2,13,1,63,3,10,1,1,7,5,1,8,1,7,,44,16,1,22,9,121.5034182,25.02614508
111,9,26,8,27,2,10文山區,文山區萬美街1段與萬樂街口,0,0,1,1,B03,7,1,5,40,11,9,1,4,4,5,7,4,4,5,2,5,1,12,1,62,3,10,3,4,7,8,1,8,2,6,,7,7,1,22,9,121.5656665,25.00138237
111,9,26,8,27,2,10文山區,文山區萬美街1段與萬樂街口,0,0,1,2,C03,7,1,5,40,11,9,1,4,4,5,7,4,4,5,2,5,1,12,2,56,2,9,1,4,7,9,1,10,2,11,,42,7,1,22,9,121.5656665,25.00138237
111,9,26,8,40,2,08士林區,士林區士商路86號前,0,0,1,1,B03,6,1,5,50,14,9,1,4,4,5,7,4,4,5,5,5,1,17,2,61,3,10,1,1,7,5,1,8,1,15,,8,8,1,22,9,121.5195978,25.09130918
111,9,26,8,40,2,08士林區,士林區士商路86號前,0,0,1,2,C03,6,1,5,50,14,9,1,4,4,5,7,4,4,5,5,5,1,17,1,40,2,9,1,1,7,9,1,10,1,15,,44,8,1,22,9,121.5195978,25.09130918
111,9,26,8,40,2,09北投區,北投區大度路1段與大業路口,0,0,1,1,C03,8,1,8,50,14,9,1,5,4,5,7,4,4,2,3,5,1,18,1,19,2,9,1,1,7,9,1,10,1,11,,61,,1,22,9,121.4981895,25.1207723
111,9,26,8,40,2,09北投區,北投區大度路1段與大業路口,0,0,1,2,,8,1,8,50,14,9,1,5,4,5,7,4,4,2,3,5,1,18,3,,,,,,,,,,,,,67,,1,,,121.4981895,25.1207723
111,9,26,8,42,2,02萬華區,萬華區西園路1段與貴陽街2段口,0,0,1,1,C03,8,1,5,30,4,2,4,5,4,5,7,2,1,10,5,5,2,17,1,18,3,10,1,1,7,5,3,18,2,13,,6,6,1,22,9,121.4998943,25.04009386
111,9,26,8,42,2,02萬華區,萬華區西園路1段與貴陽街2段口,0,0,1,2,C03,8,1,5,30,4,2,4,5,4,5,7,2,1,10,5,5,2,17,2,41,2,9,1,1,7,9,1,10,2,12,,23,6,1,22,9,121.4998943,25.04009386