發生年度,發生月,發生日,發生時-Hours,發生分,處理別-編號,區序,肇事地點,死亡人數,2-30日死亡人數,受傷人數,當事人序號,車種,天候,光線,道路類別,速限-速度限制,道路型態,事故位置,路面狀況1,路面狀況2,路面狀況3,道路障礙1,道路障礙2,號誌1,號誌2,車道劃分-分向,車道劃分-分道1,車道劃分-分道2,車道劃分-分道3,事故類型及型態,性別,年齡,受傷程度,主要傷處,安全帽,行動電話,車輛用途,當事者行動狀態,駕駛資格情形,駕駛執照種類,飲酒情形,車輛撞擊部位1,車輛撞擊部位2,肇因碼-個別,肇因碼-主要,個人肇逃否,職業,旅次目的,座標-X,座標-Y
111,9,26,8,47,2,04大安區,大安區羅斯福路4段與基隆路4段口,0,0,2,1,C03,8,1,5,50,16,9,1,5,4,5,7,2,1,9,4,5,2,16,1,22,2,9,1,1,7,7,1,10,1,14,,7,7,1,22,9,121.5373756,25.01113901
111,9,26,8,47,2,04大安區,大安區羅斯福路4段與基隆路4段口,0,0,2,2,C03,8,1,5,50,16,9,1,5,4,5,7,2,1,9,4,5,2,16,1,36,2,9,1,1,7,9,1,10,1,12,,44,7,1,22,9,121.5373756,25.01113901
111,9,26,8,47,2,09北投區,北投區文林北路與自強街口,0,0,1,1,C03,6,1,5,50,3,1,1,4,4,5,7,1,1,1,4,5,2,15,1,67,2,7,1,4,7,9,1,10,1,11,,25,25,1,22,9,121.5121398,25.10980718
111,9,26,8,47,2,09北投區,北投區文林北路與自強街口,0,0,1,2,C03,6,1,5,50,3,1,1,4,4,5,7,1,1,1,4,5,2,15,1,44,3,10,1,4,7,9,1,10,1,14,,44,25,1,22,9,121.5121398,25.10980718
111,9,26,8,49,2,09北投區,北投區三合街1段82巷與三合街1段82巷50弄口,0,0,1,1,B03,6,1,5,30,4,1,1,4,4,5,7,3,1,10,5,5,2,17,1,45,3,10,1,1,7,9,1,8,1,15,,25,25,1,22,9,121.5048347,25.1277835
111,9,26,8,49,2,09北投區,北投區三合街1段82巷與三合街1段82巷50弄口,0,0,1,2,C03,6,1,5,30,4,1,1,4,4,5,7,3,1,10,5,5,2,17,2,47,2,9,1,1,7,9,1,10,1,12,,44,25,1,22,9,121.5048347,25.1277835
111,9,26,8,55,2,10文山區,文山區興隆路4段與興隆路4段145巷口,0,0,1,1,B12,7,1,5,50,4,1,1,4,4,5,7,4,4,1,4,5,2,15,1,65,3,10,3,4,7,15,1,8,2,8,,6,6,1,22,9,121.5615663,24.98493562
111,9,26,8,55,2,10文山區,文山區興隆路4段與興隆路4段145巷口,0,0,1,2,C03,7,1,5,50,4,1,1,4,4,5,7,4,4,1,4,5,2,15,1,21,2,2,3,4,7,15,1,10,2,12,,14,6,1,22,9,121.5615663,24.98493562
111,9,26,9,6,2,04大安區,大安區信義路3段與復興南路1段口,0,0,1,1,C03,6,1,5,50,14,9,1,4,4,5,7,2,1,1,4,5,2,17,1,38,3,10,3,4,7,5,1,10,11,15,,8,8,1,22,9,121.543564,25.03348772
111,9,26,9,6,2,04大安區,大安區信義路3段與復興南路1段口,0,0,1,2,C03,6,1,5,50,14,9,1,4,4,5,7,2,1,1,4,5,2,17,1,27,2,9,3,4,7,9,1,10,11,14,,44,8,1,22,9,121.543564,25.03348772
111,9,26,9,22,1,04大安區,大安區忠孝東路3段與新生南路1段口,1,0,1,1,C03,7,1,5,50,4,2,1,4,4,5,7,2,1,1,4,5,2,3,1,24,2,9,1,1,7,9,1,10,2,11,,15,43,1,22,9,121.5330004,25.04210344
111,9,26,9,22,1,04大安區,大安區忠孝東路3段與新生南路1段口,1,0,1,2,H01,7,1,5,50,4,2,1,4,4,5,7,2,1,1,4,5,2,3,2,85,1,9,4,5,8,16,8,20,10,16,,52,43,1,22,9,121.5330004,25.04210344
111,9,26,9,22,2,04大安區,大安區敦化南路1段270巷與仁愛路4段71巷口,0,0,2,1,B03,8,1,5,30,4,1,1,5,4,5,7,4,4,10,5,5,2,15,2,49,3,10,1,1,7,9,1,8,1,1,,6,6,1,22,9,121.5484231,25.0368267
111,9,26,9,22,2,04大安區,大安區敦化南路1段270巷與仁愛路4段71巷口,0,0,2,2,B01,8,1,5,30,4,1,1,5,4,5,7,4,4,10,5,5,2,15,1,43,2,9,1,1,7,9,1,4,1,5,,14,6,1,22,9,121.5484231,25.0368267
111,9,26,9,22,2,04大安區,大安區敦化南路1段270巷與仁愛路4段71巷口,0,0,2,3,H02,8,1,5,30,4,1,1,5,4,5,7,4,4,10,5,5,2,15,2,32,2,9,4,5,7,20,8,20,10,16,,67,6,1,22,9,121.5484231,25.0368267
111,9,26,9,26,2,06松山區,松山區八德路4段739號,0,0,1,1,B01,8,1,5,50,14,9,1,5,4,5,7,2,1,9,4,5,2,17,1,29,3,10,3,4,7,1,1,4,1,1,,19,19,1,22,9,121.5776937,25.05034134
111,9,26,9,26,2,06松山區,松山區八德路4段739號,0,0,1,2,B01,8,1,5,50,14,9,1,5,4,5,7,2,1,9,4,5,2,17,1,52,2,8,3,2,7,14,1,8,1,15,,23,19,1,22,9,121.5776937,25.05034134
111,9,26,9,41,2,06松山區,松山區民生東路5段141號,0,0,2,2,C03,8,1,8,50,15,22,1,5,4,5,7,4,4,1,3,5,2,13,1,45,2,9,3,4,7,15,1,10,11,11,,16,44,1,22,9,121.5618506,25.05884473
111,9,26,9,41,2,06松山區,松山區民生東路5段141號,0,0,2,3,C03,8,1,8,50,15,22,1,5,4,5,7,4,4,1,3,5,2,13,1,47,2,9,3,4,7,15,1,10,1,11,,23,44,1,22,9,121.5618506,25.05884473
111,9,26,9,41,2,06松山區,松山區民生東路5段141號,0,0,2,1,C03,8,1,8,50,15,22,1,5,4,5,7,4,4,1,3,5,2,13,1,69,4,11,3,4,7,15,7,19,11,15,,44,44,2,22,9,121.5618506,25.05884473
111,9,26,10,0,2,08士林區,士林區承德路5段與士商路口,0,0,1,1,B03,8,1,5,60,4,1,1,5,4,5,7,2,1,1,4,4,2,12,1,60,3,10,1,1,7,6,1,8,2,2,,9,9,1,22,9,121.5144191,25.0960735
111,9,26,10,0,2,08士林區,士林區承德路5段與士商路口,0,0,1,2,C03,8,1,5,60,4,1,1,5,4,5,7,2,1,1,4,4,2,12,2,21,2,9,1,1,7,9,1,10,2,11,,44,9,1,22,9,121.5144191,25.0960735
111,9,26,10,3,2,09北投區,北投區中央北路4段與中央北路4段515巷口,0,0,1,1,C03,8,1,5,50,3,1,1,5,4,5,7,2,1,5,4,5,2,17,1,18,3,10,1,1,7,11,1,10,2,11,,10,10,1,22,9,121.4683959,25.12822085
111,9,26,10,3,2,09北投區,北投區中央北路4段與中央北路4段515巷口,0,0,1,2,C03,8,1,5,50,3,1,1,5,4,5,7,2,1,5,4,5,2,17,1,18,2,9,1,1,7,9,1,10,2,11,,44,10,1,22,9,121.4683959,25.12822085
111,9,26,10,3,2,09北投區,北投區中央北路4段與中央北路4段515巷口,0,0,1,3,C03,8,1,5,50,3,1,1,5,4,5,7,2,1,5,4,5,2,17,3,,,,,,,,,,,,,67,10,1,,,121.4683959,25.12822085
111,9,26,10,3,2,09北投區,北投區中央北路4段與中央北路4段515巷口,0,0,1,4,C03,8,1,5,50,3,1,1,5,4,5,7,2,1,5,4,5,2,17,3,,,,,,,,,,,,,67,10,1,,,121.4683959,25.12822085
111,9,26,10,5,2,08士林區,士林區忠誠路1段173巷與德行東路190巷口,0,0,2,1,C03,8,1,5,30,4,1,1,5,4,5,7,4,4,10,5,5,2,17,2,60,2,9,1,1,7,9,1,10,2,12,,6,6,1,22,9,121.5312845,25.1080771
111,9,26,10,5,2,08士林區,士林區忠誠路1段173巷與德行東路190巷口,0,0,2,2,C03,8,1,5,30,4,1,1,5,4,5,7,4,4,10,5,5,2,17,1,72,2,9,1,1,7,9,1,10,2,11,,14,6,1,22,9,121.5312845,25.1080771
111,9,26,10,38,2,04大安區,大安區建國南路2段269號,0,0,1,1,B03,8,1,5,50,14,8,1,5,4,5,7,4,4,1,4,4,2,12,1,41,3,10,3,4,7,6,1,8,1,2,,9,9,1,22,9,121.5379384,25.0240123
111,9,26,10,38,2,04大安區,大安區建國南路2段269號,0,0,1,2,C03,8,1,5,50,14,8,1,5,4,5,7,4,4,1,4,4,2,12,1,36,2,9,3,4,7,9,1,10,1,14,,44,9,1,22,9,121.5379384,25.0240123
111,9,26,11,20,2,05中正區,中正區常德街1號,0,0,1,2,H01,8,1,5,30,14,8,1,5,4,5,7,4,4,9,4,4,2,5,1,59,2,6,4,5,8,20,8,20,10,16,,60,15,1,8,9,121.5171409,25.0412748
111,9,26,11,20,2,05中正區,中正區常德街1號,0,0,1,1,B01,8,1,5,30,14,8,1,5,4,5,7,4,4,9,4,4,2,5,1,49,4,11,3,4,7,15,7,19,9,15,,15,15,2,22,9,121.5171409,25.0412748
111,9,26,11,30,2,08士林區,士林區文林路與文林路615巷口,0,0,2,1,C03,8,1,5,50,4,1,1,5,4,5,7,1,1,4,5,5,2,17,2,53,2,8,1,1,7,5,1,10,1,11,,6,6,1,22,9,121.5233736,25.09961706
111,9,26,11,30,2,08士林區,士林區文林路與文林路615巷口,0,0,2,2,C03,8,1,5,50,4,1,1,5,4,5,7,1,1,4,5,5,2,17,1,19,2,8,1,1,7,9,3,18,1,11,,13,6,1,22,9,121.5233736,25.09961706
111,9,26,11,57,2,10文山區,文山區木新路3段與一壽街口口,0,0,1,1,B03,8,1,5,50,3,2,1,5,4,5,7,1,1,4,5,5,2,16,1,60,3,10,1,4,7,5,1,8,1,8,,6,6,1,22,9,121.5563772,24.9805884
111,9,26,11,57,2,10文山區,文山區木新路3段與一壽街口口,0,0,1,2,C03,8,1,5,50,3,2,1,5,4,5,7,1,1,4,5,5,2,16,1,18,2,9,1,1,7,9,3,18,1,14,,44,6,1,22,9,121.5563772,24.9805884
111,9,26,12,43,2,11南港區,南港區南港路2段與向陽路口,0,0,1,1,C03,8,1,5,50,4,2,1,5,4,5,7,2,1,3,1,5,2,13,1,23,2,8,3,4,7,9,1,10,1,11,,23,23,1,22,9,121.5934848,25.0545672
111,9,26,12,43,2,11南港區,南港區南港路2段與向陽路口,0,0,1,2,B03,8,1,5,50,4,2,1,5,4,5,7,2,1,3,1,5,2,13,2,52,3,10,3,4,7,9,1,8,1,3,,42,23,1,22,9,121.5934848,25.0545672
111,9,26,12,45,2,09北投區,北投區東陽街與東華街1段口,0,0,1,1,B11,8,1,5,50,4,1,1,5,4,5,7,2,1,5,4,5,2,12,1,41,3,10,1,1,7,6,1,4,2,5,,9,9,1,22,9,121.5175022,25.11234403
111,9,26,12,45,2,09北投區,北投區東陽街與東華街1段口,0,0,1,2,C03,8,1,5,50,4,1,1,5,4,5,7,2,1,5,4,5,2,12,2,75,2,8,1,1,7,9,1,10,2,14,,44,9,1,22,9,121.5175022,25.11234403
111,9,26,12,54,2,01大同區,大同區鄭州路與塔城街口,0,0,1,1,B03,8,1,5,40,4,1,1,5,4,5,7,1,1,1,4,5,2,16,1,76,3,10,1,1,7,6,1,8,2,5,,9,9,1,22,9,121.5104826,25.0500532
111,9,26,12,54,2,01大同區,大同區鄭州路與塔城街口,0,0,1,2,C03,8,1,5,40,4,1,1,5,4,5,7,1,1,1,4,5,2,16,2,19,2,9,1,1,7,9,1,8,2,14,,13,9,1,22,9,121.5104826,25.0500532
111,9,26,12,54,2,05中正區,中正區中山北路1段與市民大道1段口,0,0,2,1,F01,8,1,5,25,4,2,1,5,4,5,7,1,1,9,4,1,1,13,1,64,2,9,1,1,7,9,8,20,2,16,,25,25,1,22,9,121.5205164,25.0479196
111,9,26,12,54,2,05中正區,中正區中山北路1段與市民大道1段口,0,0,2,2,C03,8,1,5,25,4,2,1,5,4,5,7,1,1,9,4,1,1,13,1,34,2,9,1,1,7,9,1,10,2,11,,44,25,1,22,9,121.5205164,25.0479196
111,9,26,12,55,2,08士林區,士林區中山北路6段11號,0,0,1,1,B01,8,1,5,50,14,9,5,5,4,5,7,4,4,1,5,5,2,12,1,62,3,10,1,1,7,8,1,4,1,5,,6,6,1,22,9,121.524879,25.10422106
111,9,26,12,55,2,08士林區,士林區中山北路6段11號,0,0,1,2,C03,8,1,5,50,14,9,5,5,4,5,7,4,4,1,5,5,2,12,1,26,2,8,1,1,7,9,1,10,1,11,,44,6,1,22,9,121.524879,25.10422106
111,9,26,13,4,2,10文山區,文山區永安街22巷17號,0,0,3,1,C03,8,1,5,50,15,9,1,5,4,5,7,4,4,5,4,5,2,17,1,20,2,9,3,4,7,1,1,10,1,14,,19,19,1,22,9,121.5691619,24.986783
111,9,26,13,4,2,10文山區,文山區永安街22巷17號,0,0,3,2,C03,8,1,5,50,15,9,1,5,4,5,7,4,4,5,4,5,2,17,1,20,2,9,3,4,7,9,1,10,1,11,,23,19,1,22,9,121.5691619,24.986783
111,9,26,13,4,2,10文山區,文山區永安街22巷17號,0,0,3,3,H02,8,1,5,50,15,9,1,5,4,5,7,4,4,5,4,5,2,17,2,20,2,9,3,4,7,20,8,20,10,16,,67,19,1,22,9,121.5691619,24.986783
111,9,26,13,20,2,03中山區,中山區建國北路2段與錦州街口,0,0,1,1,A12,8,1,5,50,4,1,1,5,4,5,7,1,1,1,4,5,2,15,1,57,3,10,1,1,7,9,1,1,1,5,,25,25,1,22,9,121.5371439,25.0603104
111,9,26,13,20,2,03中山區,中山區建國北路2段與錦州街口,0,0,1,2,C03,8,1,5,50,4,1,1,5,4,5,7,1,1,1,4,5,2,15,2,49,2,9,1,1,7,9,1,9,1,14,,44,25,1,22,9,121.5371439,25.0603104
111,9,26,13,25,2,10文山區,文山區木新路2段與指南路1段口,0,0,1,1,B12,8,1,5,50,4,1,1,5,4,5,7,1,1,5,2,5,2,16,1,55,3,10,3,4,7,5,6,4,1,6,,44,44,1,22,9,121.5706751,24.98777831
111,9,26,13,25,2,10文山區,文山區木新路2段與指南路1段口,0,0,1,2,C03,8,1,5,50,4,1,1,5,4,5,7,1,1,5,2,5,2,16,1,19,2,7,1,4,7,9,1,10,1,11,,25,44,1,22,9,121.5706751,24.98777831
111,9,26,13,35,2,10文山區,文山區忠順街1段26巷與忠順街1段26巷30弄口口,0,0,1,1,B03,8,1,5,30,4,1,1,5,4,5,7,4,4,10,5,5,2,16,2,62,3,10,1,4,7,5,1,8,1,8,,8,8,1,22,9,121.5596259,24.9825619
111,9,26,13,35,2,10文山區,文山區忠順街1段26巷與忠順街1段26巷30弄口口,0,0,1,2,C03,8,1,5,30,4,1,1,5,4,5,7,4,4,10,5,5,2,16,2,32,2,9,1,1,7,9,1,10,1,12,,23,8,1,22,9,121.5596259,24.9825619
111,9,26,13,48,2,03中山區,中山區中山北路2段96號,0,0,3,1,C03,8,1,5,50,14,9,1,5,4,5,7,4,4,1,4,5,2,13,1,33,3,10,1,1,7,9,1,10,1,11,,23,23,1,22,9,121.5227768,25.05978446
111,9,26,13,48,2,03中山區,中山區中山北路2段96號,0,0,3,2,C03,8,1,5,50,14,9,1,5,4,5,7,4,4,1,4,5,2,13,1,30,3,10,1,1,7,9,1,10,1,13,,44,23,1,22,9,121.5227768,25.05978446
111,9,26,13,48,2,03中山區,中山區中山北路2段96號,0,0,3,3,C03,8,1,5,50,14,9,1,5,4,5,7,4,4,1,4,5,2,13,2,23,2,9,1,1,7,9,1,10,1,14,,44,23,1,22,9,121.5227768,25.05978446
111,9,26,13,48,2,03中山區,中山區中山北路2段96號,0,0,3,4,B01,8,1,5,50,14,9,1,5,4,5,7,4,4,1,4,5,2,13,1,29,3,10,1,1,7,7,1,4,1,15,,7,23,1,22,9,121.5227768,25.05978446
111,9,26,13,48,2,03中山區,中山區中山北路2段96號,0,0,3,5,H02,8,1,5,50,14,9,1,5,4,5,7,4,4,1,4,5,2,13,2,29,2,9,4,5,7,20,8,20,10,16,,67,23,1,22,9,121.5227768,25.05978446
111,9,26,13,48,2,03中山區,中山區中山北路2段96號,0,0,3,6,H02,8,1,5,50,14,9,1,5,4,5,7,4,4,1,4,5,2,13,1,51,2,9,4,5,7,20,8,20,10,16,,67,23,1,22,9,121.5227768,25.05978446
111,9,26,14,0,2,08士林區,士林區中山北路6段186巷17號,0,0,1,1,B03,8,1,5,30,11,9,1,5,4,5,1,4,4,10,5,5,2,11,1,71,4,11,3,4,7,15,7,19,11,15,,23,23,2,22,9,121.52625,25.1075963
111,9,26,14,0,2,08士林區,士林區中山北路6段186巷17號,0,0,1,2,F01,8,1,5,30,11,9,1,5,4,5,1,4,4,10,5,5,2,11,2,60,2,9,3,4,7,21,8,20,11,16,,42,23,1,22,9,121.52625,25.1075963
111,9,26,14,5,2,08士林區,士林區延平北路7段211號出入口,0,0,1,1,C03,8,1,5,40,3,1,5,5,4,5,7,4,4,10,5,5,1,13,1,29,2,9,1,1,7,9,1,10,2,11,,13,13,1,22,9,121.4874925,25.101329
111,9,26,14,5,2,08士林區,士林區延平北路7段211號出入口,0,0,1,2,B03,8,1,5,40,3,1,5,5,4,5,7,4,4,10,5,5,1,13,1,55,3,10,1,1,7,7,1,8,2,7,,7,13,1,22,9,121.4874925,25.101329
111,9,26,14,20,2,05中正區,中正區同安街與廈門街113巷口,0,0,1,1,C03,8,1,5,30,4,1,1,5,4,3,7,4,4,10,5,5,2,17,2,73,2,8,1,1,7,5,4,11,1,14,,23,23,1,22,9,121.5210951,25.02326096
111,9,26,14,20,2,05中正區,中正區同安街與廈門街113巷口,0,0,1,2,B12,8,1,5,30,4,1,1,5,4,3,7,4,4,10,5,5,2,17,1,37,3,10,1,1,7,14,1,8,1,7,,42,23,1,22,9,121.5210951,25.02326096
111,9,26,14,20,2,07信義區,信義區信義路5段與松勇路口,0,0,1,1,C03,8,1,5,30,3,1,1,5,4,5,7,4,4,8,3,5,2,17,2,20,2,9,1,1,7,9,1,10,1,13,,6,6,1,22,9,121.5695502,25.0329402
111,9,26,14,20,2,07信義區,信義區信義路5段與松勇路口,0,0,1,2,B03,8,1,5,30,3,1,1,5,4,5,7,4,4,8,3,5,2,17,1,41,3,10,1,1,7,9,1,8,1,1,,44,6,1,22,9,121.5695502,25.0329402
111,9,26,14,41,2,04大安區,大安區臥龍街151巷與樂業街口,0,0,1,1,C03,8,1,5,50,4,1,1,5,4,5,7,1,1,4,5,5,2,12,2,23,2,8,1,1,7,5,1,10,1,14,,8,8,1,22,9,121.552575,25.0202622
111,9,26,14,41,2,04大安區,大安區臥龍街151巷與樂業街口,0,0,1,2,B03,8,1,5,50,4,1,1,5,4,5,7,1,1,4,5,5,2,12,1,71,3,10,1,1,7,9,1,4,1,5,,44,8,1,22,9,121.552575,25.0202622
111,9,26,14,44,2,02萬華區,萬華區和平西路3段與和平西路3段382巷口,0,0,1,1,C03,8,1,5,50,4,1,1,5,4,5,7,1,1,10,5,5,2,17,1,38,2,7,1,4,7,9,1,10,1,12,,25,25,1,22,9,121.4914832,25.03542193
111,9,26,14,44,2,02萬華區,萬華區和平西路3段與和平西路3段382巷口,0,0,1,2,E01,8,1,5,50,4,1,1,5,4,5,7,1,1,10,5,5,2,17,1,39,3,10,1,4,7,5,1,6,1,4,,44,25,1,22,9,121.4914832,25.03542193
111,9,26,15,4,2,10文山區,文山區木新路2段272號,0,0,1,1,B03,8,1,5,50,14,13,1,5,4,5,7,1,1,5,4,5,2,17,1,63,3,10,1,1,7,13,1,8,1,4,,40,40,1,22,9,121.5652807,24.9828223
111,9,26,15,4,2,10文山區,文山區木新路2段272號,0,0,1,2,C03,8,1,5,50,14,13,1,5,4,5,7,1,1,5,4,5,2,17,1,30,2,9,1,1,7,9,1,10,1,12,,23,40,1,22,9,121.5652807,24.9828223
111,9,26,15,4,2,10文山區,文山區木新路2段272號,0,0,1,3,B03,8,1,5,50,14,13,1,5,4,5,7,1,1,5,4,5,2,17,1,55,3,10,1,1,7,13,1,8,1,4,,43,40,1,22,9,121.5652807,24.9828223
111,9,26,15,5,2,10文山區,文山區萬美街2段(235號燈桿),0,0,1,1,C03,8,1,5,40,11,9,1,5,4,5,1,4,4,5,2,5,1,18,1,22,2,9,3,4,7,5,1,10,9,14,,43,43,1,22,9,121.5647271,25.00520435
111,9,26,15,5,2,10文山區,文山區萬美街2段(235號燈桿),0,0,1,2,,8,1,5,40,11,9,1,5,4,5,1,4,4,5,2,5,1,18,3,,,,,,,,,,,,,67,43,1,,,121.5647271,25.00520435
111,9,26,15,27,2,02萬華區,(康定路265號前),0,0,2,1,C03,8,1,5,50,4,2,1,5,4,5,7,1,1,4,5,5,2,17,1,24,3,10,1,1,7,12,1,10,1,11,,16,16,1,22,9,121.501122,25.03452155
111,9,26,15,27,2,02萬華區,(康定路265號前),0,0,2,2,C03,8,1,5,50,4,2,1,5,4,5,7,1,1,4,5,5,2,17,1,45,2,8,1,1,7,12,1,9,1,13,,44,16,1,22,9,121.501122,25.03452155
111,9,26,15,27,2,02萬華區,(康定路265號前),0,0,2,3,B03,8,1,5,50,4,2,1,5,4,5,7,1,1,4,5,5,2,17,2,33,3,10,1,1,7,12,1,8,1,6,,44,16,1,22,9,121.501122,25.03452155
111,9,26,15,27,2,02萬華區,(康定路265號前),0,0,2,4,H02,8,1,5,50,4,2,1,5,4,5,7,1,1,4,5,5,2,17,2,24,2,8,4,5,7,20,8,20,10,15,,67,16,1,22,9,121.501122,25.03452155
111,9,26,15,42,2,04大安區,大安區和平東路3段與敦化南路2段口,0,0,1,1,B02,8,1,5,50,4,1,1,5,4,5,7,1,1,1,3,5,2,2,1,64,3,10,1,1,7,9,1,2,2,1,,15,23,1,22,9,121.5490529,25.0245043
111,9,26,15,42,2,04大安區,大安區和平東路3段與敦化南路2段口,0,0,1,2,H01,8,1,5,50,4,1,1,5,4,5,7,1,1,1,3,5,2,2,2,80,2,9,4,5,8,16,8,20,10,16,,67,23,1,22,9,121.5490529,25.0245043
111,9,26,15,45,2,06松山區,松山區長安東路2段286號,0,0,1,1,B03,8,1,5,50,14,9,1,5,4,5,7,4,4,9,4,5,2,11,1,50,3,10,1,1,7,5,1,8,1,1,,8,8,1,22,9,121.5450392,25.04823127
111,9,26,15,45,2,06松山區,松山區長安東路2段286號,0,0,1,2,C03,8,1,5,50,14,9,1,5,4,5,7,4,4,9,4,5,2,11,1,28,2,9,1,1,7,9,1,10,1,14,,44,8,1,22,9,121.5450392,25.04823127
111,9,26,16,15,2,06松山區,松山區南京東路5段2號,0,0,2,1,F01,8,1,5,50,14,9,1,5,4,5,7,2,1,1,4,5,2,17,2,62,2,9,1,1,7,9,8,20,1,16,,25,25,1,22,9,121.558031,25.05144321
111,9,26,16,15,2,06松山區,松山區南京東路5段2號,0,0,2,2,C03,8,1,5,50,14,9,1,5,4,5,7,2,1,1,4,5,2,17,1,22,2,9,1,3,7,5,1,10,1,11,,23,25,1,22,9,121.558031,25.05144321
111,9,26,16,19,2,05中正區,中正區廈門街25巷與廈門街口,0,0,1,1,B03,8,1,5,30,4,1,1,5,4,5,7,4,4,9,5,5,2,17,1,29,3,10,1,1,7,5,1,8,2,5,,6,6,1,22,9,121.5178799,25.02639142
111,9,26,16,19,2,05中正區,中正區廈門街25巷與廈門街口,0,0,1,2,C03,8,1,5,30,4,1,1,5,4,5,7,4,4,9,5,5,2,17,2,33,2,9,1,1,7,9,1,10,2,12,,14,6,1,22,9,121.5178799,25.02639142
111,9,26,16,30,2,07信義區,信義區大道路與福德街口,0,0,1,1,C03,8,1,5,30,4,1,1,5,4,5,7,1,1,1,4,5,1,17,2,49,2,9,1,1,7,9,1,10,1,12,,25,25,1,22,9,121.5837609,25.0380638
111,9,26,16,30,2,07信義區,信義區大道路與福德街口,0,0,1,2,A02,8,1,5,30,4,1,1,5,4,5,7,1,1,1,4,5,1,17,1,59,3,10,1,1,7,5,1,2,1,1,,44,25,1,22,9,121.5837609,25.0380638
111,9,26,16,33,2,03中山區,中山區建國北路3段83號,0,0,1,2,C01,8,1,5,50,14,9,1,5,4,5,7,4,4,9,4,5,2,12,1,25,2,9,1,1,7,9,1,9,1,14,,44,7,1,5,5,121.5367223,25.0654603
111,9,26,16,33,2,03中山區,中山區建國北路3段83號,0,0,1,1,C03,8,1,5,50,14,9,1,5,4,5,7,4,4,9,4,5,2,12,1,18,3,10,1,1,7,7,1,10,1,14,,7,7,1,22,5,121.5367223,25.0654603
111,9,26,16,35,2,08士林區,士林區中山北路5段與中正路口,0,0,1,1,B03,8,1,5,50,4,1,1,5,4,5,7,2,1,4,3,1,1,12,1,19,3,10,1,1,7,6,1,8,1,2,,9,9,1,22,9,121.5277799,25.09574742
111,9,26,16,35,2,08士林區,士林區中山北路5段與中正路口,0,0,1,2,C03,8,1,5,50,4,1,1,5,4,5,7,2,1,4,3,1,1,12,1,22,2,9,1,1,7,6,1,10,1,11,,44,9,1,22,9,121.5277799,25.09574742
111,9,26,16,44,2,07信義區,信義區忠孝東路5段與松仁路口,0,0,1,1,C03,8,1,5,50,14,9,1,5,4,5,7,4,4,3,4,5,2,12,2,37,3,10,3,4,7,8,1,10,1,12,,7,7,1,22,9,121.5686771,25.040999
111,9,26,16,44,2,07信義區,信義區忠孝東路5段與松仁路口,0,0,1,2,C03,8,1,5,50,14,9,1,5,4,5,7,4,4,3,4,5,2,12,1,20,2,8,3,4,7,9,1,10,1,14,,23,7,1,22,9,121.5686771,25.040999
111,9,26,16,52,2,07信義區,信義區基隆路1段與松壽路口,0,0,1,1,C03,8,1,5,50,4,1,1,5,4,5,7,1,1,1,4,5,2,12,1,20,2,6,1,1,7,9,1,10,1,14,,42,42,1,22,9,121.5613623,25.03591337
111,9,26,16,52,2,07信義區,信義區基隆路1段與松壽路口,0,0,1,2,B03,8,1,5,50,4,1,1,5,4,5,7,1,1,1,4,5,2,12,1,42,3,10,1,1,7,6,1,8,1,5,,44,42,1,22,9,121.5613623,25.03591337
111,9,26,16,58,2,10文山區,文山區木新路3段與樟新街口,0,0,2,1,C03,8,1,5,50,4,2,1,5,4,5,7,2,1,5,4,5,2,16,1,39,2,8,3,4,7,5,6,11,2,12,,8,8,1,22,9,121.5549239,24.98013835
111,9,26,16,58,2,10文山區,文山區木新路3段與樟新街口,0,0,2,2,C03,8,1,5,50,4,2,1,5,4,5,7,2,1,5,4,5,2,16,2,22,2,9,3,4,7,9,1,10,2,11,,44,8,1,22,9,121.5549239,24.98013835
111,9,26,17,0,2,05中正區,中正區金門街與汀州路2段口,0,0,1,1,B03,8,1,5,30,4,1,1,5,4,5,7,1,1,1,5,5,2,3,1,72,3,10,1,1,7,5,1,8,2,1,,15,15,1,22,9,121.5239396,25.0222303
111,9,26,17,0,2,05中正區,中正區金門街與汀州路2段口,0,0,1,2,H01,8,1,5,30,4,1,1,5,4,5,7,1,1,1,5,5,2,3,2,38,2,9,1,1,8,16,8,20,10,16,,67,15,1,22,9,121.5239396,25.0222303
111,9,26,17,7,2,02萬華區,萬華區西園路1段與桂林路口,0,0,1,1,C03,8,1,5,40,4,2,1,5,4,5,7,2,1,5,4,4,2,12,1,29,3,10,1,1,7,6,1,10,1,14,,6,6,1,22,9,121.4998353,25.03864561
111,9,26,17,7,2,02萬華區,萬華區西園路1段與桂林路口,0,0,1,2,C03,8,1,5,40,4,2,1,5,4,5,7,2,1,5,4,4,2,12,2,61,2,9,1,1,7,5,1,10,1,12,,44,6,1,22,9,121.4998353,25.03864561
111,9,26,17,12,2,09北投區,北投區復興一路與永興路2段口,0,0,1,1,C03,8,1,5,30,4,1,1,5,4,5,7,3,1,10,5,5,2,17,2,45,3,10,1,1,7,1,1,10,2,14,,6,6,1,22,9,121.5027859,25.14027648
111,9,26,17,12,2,09北投區,北投區復興一路與永興路2段口,0,0,1,2,C03,8,1,5,30,4,1,1,5,4,5,7,3,1,10,5,5,2,17,1,43,2,8,1,1,7,9,1,10,2,12,,44,6,1,22,9,121.5027859,25.14027648