發生年度,發生月,發生日,發生時-Hours,發生分,處理別-編號,區序,肇事地點,死亡人數,2-30日死亡人數,受傷人數,當事人序號,車種,天候,光線,道路類別,速限-速度限制,道路型態,事故位置,路面狀況1,路面狀況2,路面狀況3,道路障礙1,道路障礙2,號誌1,號誌2,車道劃分-分向,車道劃分-分道1,車道劃分-分道2,車道劃分-分道3,事故類型及型態,性別,年齡,受傷程度,主要傷處,安全帽,行動電話,車輛用途,當事者行動狀態,駕駛資格情形,駕駛執照種類,飲酒情形,車輛撞擊部位1,車輛撞擊部位2,肇因碼-個別,肇因碼-主要,個人肇逃否,職業,旅次目的,座標-X,座標-Y
111,9,26,17,13,2,10文山區,文山區興隆路2段與興隆路2段275巷口口,0,0,1,1,F01,8,1,5,50,4,1,1,5,4,5,7,2,1,1,4,5,2,16,1,70,2,9,1,1,7,5,8,20,2,16,,8,8,1,22,9,121.5524961,25.00151682
111,9,26,17,13,2,10文山區,文山區興隆路2段與興隆路2段275巷口口,0,0,1,2,B03,8,1,5,50,4,1,1,5,4,5,7,2,1,1,4,5,2,16,2,65,3,10,1,1,7,9,1,8,2,1,,44,8,1,22,9,121.5524961,25.00151682
111,9,26,17,20,2,11南港區,南港區忠孝東路6段與玉成街口,0,0,1,1,B03,8,3,5,50,3,1,1,5,4,5,7,1,1,3,4,5,2,17,1,28,3,10,1,1,7,5,1,8,1,1,,8,8,1,22,9,121.582639,25.045334
111,9,26,17,20,2,11南港區,南港區忠孝東路6段與玉成街口,0,0,1,2,F01,8,3,5,50,3,1,1,5,4,5,7,1,1,3,4,5,2,17,2,60,2,9,1,1,7,11,8,20,1,16,,11,8,1,22,9,121.582639,25.045334
111,9,26,17,40,2,12內湖區,內湖區安康路32巷24弄與安康路32巷口,0,0,1,1,B12,8,1,5,50,4,1,1,5,4,5,7,4,4,9,4,5,2,16,1,27,3,10,1,1,7,9,1,8,2,2,,6,6,1,22,9,121.5949738,25.06191183
111,9,26,17,40,2,12內湖區,內湖區安康路32巷24弄與安康路32巷口,0,0,1,2,C03,8,1,5,50,4,1,1,5,4,5,7,4,4,9,4,5,2,16,2,27,2,9,1,1,7,9,1,10,2,11,,6,6,1,22,9,121.5949738,25.06191183
111,9,26,17,45,2,09北投區,北投區光明路與中山路口,0,0,1,1,B03,8,1,5,50,5,1,1,5,4,5,7,2,1,5,4,5,2,3,1,79,3,10,1,1,7,5,1,8,2,8,,15,15,1,22,9,121.5043767,25.13688677
111,9,26,17,45,2,09北投區,北投區光明路與中山路口,0,0,1,2,H01,8,1,5,50,5,1,1,5,4,5,7,2,1,5,4,5,2,3,2,13,2,8,4,5,8,16,8,20,10,16,,67,15,1,22,9,121.5043767,25.13688677
111,9,26,17,45,2,11南港區,南港區重陽路與園區街58巷口,0,0,2,1,B03,8,3,5,40,4,2,1,5,4,5,7,2,1,8,3,5,2,16,1,32,2,7,3,4,7,11,1,8,1,4,,10,10,1,22,9,121.6123203,25.0601161
111,9,26,17,45,2,11南港區,南港區重陽路與園區街58巷口,0,0,2,2,B12,8,3,5,40,4,2,1,5,4,5,7,2,1,8,3,5,2,16,1,63,2,3,3,4,7,9,1,8,1,1,,44,10,1,22,9,121.6123203,25.0601161
111,9,26,17,52,2,07信義區,信義區吳興街281巷47弄與吳興街281巷口,0,0,1,1,C03,8,3,5,50,3,1,1,5,4,5,7,4,4,9,5,5,2,3,1,53,4,11,3,4,7,15,7,19,11,15,,23,43,2,22,9,121.5654291,25.02654183
111,9,26,17,52,2,07信義區,信義區吳興街281巷47弄與吳興街281巷口,0,0,1,2,H01,8,3,5,50,3,1,1,5,4,5,7,4,4,9,5,5,2,3,2,20,2,9,4,5,8,20,8,20,10,16,,53,43,1,22,9,121.5654291,25.02654183
111,9,26,17,57,2,04大安區,大安區忠孝東路4段與光復南路口,0,0,1,1,C03,8,1,5,50,4,2,1,5,4,5,7,2,1,3,2,5,2,12,2,23,2,8,1,1,7,6,1,10,2,12,,9,9,1,22,9,121.5575276,25.04128826
111,9,26,17,57,2,04大安區,大安區忠孝東路4段與光復南路口,0,0,1,2,E03,8,1,5,50,4,2,1,5,4,5,7,2,1,3,2,5,2,12,1,40,3,10,1,1,7,9,1,7,2,8,,44,9,1,23,9,121.5575276,25.04128826
111,9,26,18,18,2,04大安區,大安區信義路4段與大安路1段口,0,0,1,1,B03,7,1,5,50,4,2,1,5,4,5,7,1,1,1,4,5,2,13,2,20,3,10,1,1,7,9,1,8,1,1,,23,23,1,22,9,121.5457906,25.0332533
111,9,26,18,18,2,04大安區,大安區信義路4段與大安路1段口,0,0,1,2,C03,7,1,5,50,4,2,1,5,4,5,7,1,1,1,4,5,2,13,1,54,2,9,1,1,7,14,1,10,1,13,,44,23,1,22,9,121.5457906,25.0332533
111,9,26,18,25,2,05中正區,中正區南海路與和平西路2段口,0,0,1,1,B03,8,3,5,50,14,9,1,5,4,5,7,4,4,5,4,5,2,12,1,40,3,10,1,1,7,9,1,8,1,2,,17,17,1,22,9,121.5090711,25.03024597
111,9,26,18,25,2,05中正區,中正區南海路與和平西路2段口,0,0,1,2,C03,8,3,5,50,14,9,1,5,4,5,7,4,4,5,4,5,2,12,2,67,2,9,1,1,7,9,1,10,1,14,,44,17,1,22,9,121.5090711,25.03024597
111,9,26,18,31,2,05中正區,中正區台北車站西側門西１門,0,0,1,1,C03,8,3,5,50,14,9,1,5,4,5,7,4,4,9,4,5,1,16,2,55,2,8,1,1,7,10,1,10,1,12,,7,7,1,21,1,121.516257,25.0481303
111,9,26,18,31,2,05中正區,中正區台北車站西側門西１門,0,0,1,2,B03,8,3,5,50,14,9,1,5,4,5,7,4,4,9,4,5,1,16,1,59,3,10,1,1,7,9,1,8,1,8,,23,7,1,21,1,121.516257,25.0481303
111,9,26,19,23,2,12內湖區,內湖區康寧路3段75巷24弄與康寧路3段99巷17弄口,0,0,1,1,B03,8,3,5,30,4,1,1,5,4,5,7,4,4,10,5,5,2,16,1,76,3,10,1,1,7,5,1,8,2,8,,8,8,1,22,9,121.6097158,25.0728992
111,9,26,19,23,2,12內湖區,內湖區康寧路3段75巷24弄與康寧路3段99巷17弄口,0,0,1,2,C03,8,3,5,30,4,1,1,5,4,5,7,4,4,10,5,5,2,16,1,49,2,9,1,1,7,6,1,10,2,11,,44,8,1,22,9,121.6097158,25.0728992
111,9,26,19,30,2,03中山區,中山區市民大道2段與林森北路口,0,0,1,1,C03,7,3,5,40,4,1,1,5,4,5,7,1,1,10,2,5,2,17,1,32,3,10,1,4,7,5,1,10,1,15,,8,8,1,22,9,121.5241945,25.0476987
111,9,26,19,30,2,03中山區,中山區市民大道2段與林森北路口,0,0,1,2,C03,7,3,5,40,4,1,1,5,4,5,7,1,1,10,2,5,2,17,1,31,2,9,1,4,7,9,1,10,1,14,,44,8,1,22,9,121.5241945,25.0476987
111,9,26,19,31,2,03中山區,中山區中山北路2段44巷,0,0,2,1,C03,8,3,5,50,14,9,1,5,4,5,7,4,4,8,3,5,1,16,1,50,2,8,1,1,7,1,1,10,2,14,,19,19,1,22,9,121.5219301,25.0550384
111,9,26,19,31,2,03中山區,中山區中山北路2段44巷,0,0,2,2,C03,8,3,5,50,14,9,1,5,4,5,7,4,4,8,3,5,1,16,1,26,2,9,1,1,7,9,1,10,2,12,,44,19,1,22,9,121.5219301,25.0550384
111,9,26,19,35,2,06松山區,松山區東興路15巷與東興路口,0,0,1,1,C03,8,3,5,50,4,1,1,5,4,5,7,1,1,8,3,5,2,13,1,58,3,10,1,1,7,8,1,10,1,13,,7,7,1,5,3,121.5654411,25.05003827
111,9,26,19,35,2,06松山區,松山區東興路15巷與東興路口,0,0,1,2,C03,8,3,5,50,4,1,1,5,4,5,7,1,1,8,3,5,2,13,1,40,2,3,1,1,7,9,1,10,1,11,,16,7,1,5,3,121.5654411,25.05003827
111,9,26,20,4,2,04大安區,大安區和平東路3段麟光捷運站前,0,0,1,1,B03,8,3,5,50,15,18,1,5,4,5,7,2,1,1,5,5,2,9,1,38,3,10,1,1,7,5,1,7,2,8,,15,15,1,22,9,121.5585001,25.01875644
111,9,26,20,4,2,04大安區,大安區和平東路3段麟光捷運站前,0,0,1,2,H01,8,3,5,50,15,18,1,5,4,5,7,2,1,1,5,5,2,9,1,71,2,9,4,5,8,16,8,20,10,16,,67,15,1,22,9,121.5585001,25.01875644
111,9,26,21,29,2,04大安區,大安區和平東路1段2號,0,0,1,1,B01,7,3,5,50,14,9,1,5,4,5,7,4,4,1,4,4,2,13,1,58,3,10,1,1,7,14,1,4,1,3,,38,38,1,22,9,121.5228858,25.0269423
111,9,26,21,29,2,04大安區,大安區和平東路1段2號,0,0,1,2,C03,7,3,5,50,14,9,1,5,4,5,7,4,4,1,4,4,2,13,1,42,2,9,1,1,7,9,1,10,1,11,,23,38,1,22,9,121.5228858,25.0269423
111,9,26,21,34,2,04大安區,大安區基隆路3段與辛亥路3段口,0,0,2,1,C03,8,3,5,50,14,9,1,5,4,5,7,2,1,5,4,5,2,13,2,61,2,1,1,1,7,9,3,18,2,11,,16,16,1,22,9,121.5464765,25.0191629
111,9,26,21,34,2,04大安區,大安區基隆路3段與辛亥路3段口,0,0,2,2,C03,8,3,5,50,14,9,1,5,4,5,7,2,1,5,4,5,2,13,1,29,2,8,1,1,7,14,1,9,2,13,,44,16,1,22,9,121.5464765,25.0191629
111,9,26,22,30,2,08士林區,士林區天母北路1號,0,0,3,1,C03,8,3,8,50,15,22,1,5,4,3,5,4,4,4,5,5,2,17,1,25,2,9,1,1,7,1,1,10,1,14,,19,19,1,22,9,121.5262374,25.11885228
111,9,26,22,30,2,08士林區,士林區天母北路1號,0,0,3,2,C03,8,3,8,50,15,22,1,5,4,3,5,4,4,4,5,5,2,17,1,21,2,9,1,1,7,9,1,10,1,11,,14,19,1,22,9,121.5262374,25.11885228
111,9,26,22,30,2,08士林區,士林區天母北路1號,0,0,3,3,B12,8,3,8,50,15,22,1,5,4,3,5,4,4,4,5,5,2,17,3,,,,,,,,,,,,,67,19,1,,,121.5262374,25.11885228
111,9,26,22,30,2,08士林區,士林區天母北路1號,0,0,3,4,H02,8,3,8,50,15,22,1,5,4,3,5,4,4,4,5,5,2,17,2,25,2,9,4,5,7,20,8,20,10,16,,67,19,1,22,9,121.5262374,25.11885228
111,9,26,23,21,2,08士林區,士林區福林橋南往北,0,0,2,1,C03,8,1,5,50,14,9,1,5,4,5,7,4,4,3,4,5,1,13,1,21,2,9,3,4,7,21,1,10,1,11,,23,23,1,22,9,121.5270741,25.09903375
111,9,26,23,21,2,08士林區,士林區福林橋南往北,0,0,2,2,C03,8,1,5,50,14,9,1,5,4,5,7,4,4,3,4,5,1,13,2,19,2,9,3,4,7,14,1,10,2,14,,44,23,1,22,9,121.5270741,25.09903375
111,9,26,23,21,2,08士林區,士林區福林橋南往北,0,0,2,3,B03,8,1,5,50,14,9,1,5,4,5,7,4,4,3,4,5,1,13,1,48,3,10,3,4,7,14,1,8,2,3,,39,23,1,22,9,121.5270741,25.09903375
111,9,26,23,50,2,11南港區,南港區同德路與同德路85巷口,0,0,1,1,B02,8,3,5,50,4,1,1,5,4,5,7,2,1,10,5,5,2,3,2,51,3,10,3,4,7,5,1,8,2,15,,15,15,1,22,9,121.5858209,25.0460435
111,9,26,23,50,2,11南港區,南港區同德路與同德路85巷口,0,0,1,2,H01,8,3,5,50,4,1,1,5,4,5,7,2,1,10,5,5,2,3,1,56,2,9,4,5,8,16,8,20,10,16,,67,15,1,22,9,121.5858209,25.0460435
111,9,27,1,50,2,03中山區,中山區新生北路1段與長安東路1段口,0,0,1,1,B01,8,3,5,50,4,1,1,5,4,5,7,2,1,1,4,5,2,15,1,44,3,10,3,4,7,9,1,4,1,2,,25,25,1,22,9,121.5295115,25.0481418
111,9,27,1,50,2,03中山區,中山區新生北路1段與長安東路1段口,0,0,1,2,C03,8,3,5,50,4,1,1,5,4,5,7,2,1,1,4,5,2,15,1,71,2,9,1,4,7,9,1,10,1,11,,44,25,1,22,9,121.5295115,25.0481418
111,9,27,2,19,2,10文山區,文山區興隆路2段與興隆路2段244巷口,0,0,1,1,B03,8,3,5,50,3,1,1,5,4,5,7,4,4,1,4,5,2,13,1,17,3,10,1,1,7,9,2,18,1,1,,16,16,1,22,9,121.5539739,25.001079
111,9,27,2,19,2,10文山區,文山區興隆路2段與興隆路2段244巷口,0,0,1,2,C03,8,3,5,50,3,1,1,5,4,5,7,4,4,1,4,5,2,13,2,23,2,9,1,1,7,9,1,10,1,13,,44,16,1,22,9,121.5539739,25.001079
111,9,27,2,43,2,12內湖區,內湖區成功路2段與安康路口涵洞前,0,0,1,1,B03,8,3,5,50,3,2,1,5,4,5,7,4,4,1,4,5,2,12,1,23,3,10,1,1,7,6,1,8,2,2,,6,6,1,22,9,121.5910542,25.06199678
111,9,27,2,43,2,12內湖區,內湖區成功路2段與安康路口涵洞前,0,0,1,2,C03,8,3,5,50,3,2,1,5,4,5,7,4,4,1,4,5,2,12,1,25,2,9,1,1,7,9,1,10,2,14,,13,6,1,22,9,121.5910542,25.06199678
111,9,27,3,59,2,02萬華區,萬華區長泰街282巷與長泰街282巷13弄口,0,0,2,1,C03,7,3,5,50,5,1,1,5,4,5,7,4,4,10,5,5,2,15,1,43,2,9,1,1,7,9,1,10,1,12,,6,6,1,22,9,121.4935489,25.0219422
111,9,27,3,59,2,02萬華區,萬華區長泰街282巷與長泰街282巷13弄口,0,0,2,2,C03,7,3,5,50,5,1,1,5,4,5,7,4,4,10,5,5,2,15,1,27,2,9,1,1,7,9,3,18,1,11,,13,6,1,22,9,121.4935489,25.0219422
111,9,27,6,17,2,06松山區,松山區光復南路6巷48弄與光復南路6巷口,0,0,1,1,C02,8,1,5,30,4,1,1,5,4,5,7,4,4,8,3,5,1,16,1,20,2,9,3,1,7,9,1,9,1,14,,6,6,1,22,9,121.5563317,25.04747092
111,9,27,6,17,2,06松山區,松山區光復南路6巷48弄與光復南路6巷口,0,0,1,2,B03,8,1,5,30,4,1,1,5,4,5,7,4,4,8,3,5,1,16,2,35,3,10,3,1,7,9,1,8,1,1,,14,6,1,22,9,121.5563317,25.04747092
111,9,27,6,30,2,07信義區,信義區吳興街281巷與吳興街281巷11弄口口,0,0,1,1,C04,8,1,5,50,3,1,1,5,4,5,7,4,4,9,4,5,2,17,2,71,2,7,1,1,7,1,1,8,2,14,,19,19,1,22,9,121.56465,25.026475
111,9,27,6,30,2,07信義區,信義區吳興街281巷與吳興街281巷11弄口口,0,0,1,2,B03,8,1,5,50,3,1,1,5,4,5,7,4,4,9,4,5,2,17,1,53,3,10,1,1,7,9,1,8,2,2,,44,19,1,22,9,121.56465,25.026475
111,9,27,7,10,2,12內湖區,內湖區康寧路1段290號對面,0,0,1,1,B03,8,1,5,40,14,9,1,5,4,5,7,4,4,9,4,5,2,16,2,36,3,10,1,1,7,1,1,8,1,5,,19,19,1,22,9,121.5978184,25.07863159
111,9,27,7,10,2,12內湖區,內湖區康寧路1段290號對面,0,0,1,2,C03,8,1,5,40,14,9,1,5,4,5,7,4,4,9,4,5,2,16,2,64,2,5,1,1,7,9,1,10,1,12,,23,19,1,22,9,121.5978184,25.07863159
111,9,27,7,15,2,08士林區,士林區通河東街2段16號,0,0,1,1,C03,7,1,8,40,15,22,1,5,4,5,7,4,4,10,5,5,2,15,1,23,3,10,1,4,7,9,1,10,9,15,,6,42,1,22,1,121.5148396,25.09180121
111,9,27,7,15,2,08士林區,士林區通河東街2段16號,0,0,1,2,C03,7,1,8,40,15,22,1,5,4,5,7,4,4,10,5,5,2,15,2,46,2,8,1,1,7,9,1,10,9,11,,23,42,1,19,2,121.5148396,25.09180121
111,9,27,7,30,2,10文山區,文山區興隆路2段218-1號,0,0,1,1,C03,8,1,5,50,14,9,1,5,4,5,7,2,1,1,4,5,2,13,1,18,2,7,1,1,7,9,1,10,1,11,,23,23,1,22,9,121.5523812,25.0015731
111,9,27,7,30,2,10文山區,文山區興隆路2段218-1號,0,0,1,2,B03,8,1,5,50,14,9,1,5,4,5,7,2,1,1,4,5,2,13,1,41,3,10,1,1,7,14,1,8,1,3,,44,23,1,22,9,121.5523812,25.0015731
111,9,27,7,35,2,12內湖區,內湖區新明路467號,0,0,1,1,C03,8,1,5,30,14,9,1,5,4,5,7,4,4,9,5,5,2,13,1,20,2,9,1,1,7,9,1,10,1,11,,23,23,1,22,9,121.5800183,25.05462008
111,9,27,7,35,2,12內湖區,內湖區新明路467號,0,0,1,2,B01,8,1,5,30,14,9,1,5,4,5,7,4,4,9,5,5,2,13,1,57,3,10,1,1,7,12,1,4,1,6,,44,23,1,22,9,121.5800183,25.05462008
111,9,27,7,36,2,09北投區,北投區東華街2段與致遠三路55巷口,0,0,2,1,C03,8,1,5,50,4,1,1,5,4,5,7,1,1,10,5,5,2,16,2,43,2,7,1,1,7,9,1,10,1,11,,43,43,1,22,9,121.5081519,25.1206829
111,9,27,7,36,2,09北投區,北投區東華街2段與致遠三路55巷口,0,0,2,2,C03,8,1,5,50,4,1,1,5,4,5,7,1,1,10,5,5,2,16,1,58,2,7,1,1,7,9,1,10,1,14,,43,43,1,22,9,121.5081519,25.1206829
111,9,27,7,47,2,05中正區,中正區重慶北路1段與北平西路口,0,0,1,1,B02,8,1,5,50,4,1,1,5,4,5,7,2,1,5,4,5,2,16,1,42,3,10,1,1,7,6,7,19,2,2,,9,9,1,22,9,121.5133246,25.04827741
111,9,27,7,47,2,05中正區,中正區重慶北路1段與北平西路口,0,0,1,2,C03,8,1,5,50,4,1,1,5,4,5,7,2,1,5,4,5,2,16,2,39,2,9,1,1,7,9,1,10,2,14,,23,9,1,22,9,121.5133246,25.04827741
111,9,27,7,47,2,06松山區,松山區八德路4段809號,0,0,1,1,C03,8,1,8,30,14,9,1,5,4,5,7,2,1,5,4,5,2,17,2,34,2,9,3,4,7,9,1,10,1,14,,16,16,1,22,9,121.5789107,25.05131237
111,9,27,7,47,2,06松山區,松山區八德路4段809號,0,0,1,2,C03,8,1,8,30,14,9,1,5,4,5,7,2,1,5,4,5,2,17,2,22,3,10,3,4,7,9,1,10,1,15,,13,16,1,22,9,121.5789107,25.05131237
111,9,27,7,50,2,12內湖區,內湖區文德路208巷6弄與文德路208巷口,0,0,2,1,C03,8,1,5,30,3,1,1,5,4,5,7,4,4,9,5,5,2,16,2,58,2,9,1,1,7,14,1,10,9,13,,6,6,1,22,9,121.583604,25.07793851
111,9,27,7,50,2,12內湖區,內湖區文德路208巷6弄與文德路208巷口,0,0,2,2,C03,8,1,5,30,3,1,1,5,4,5,7,4,4,9,5,5,2,16,2,20,2,8,1,1,7,9,1,10,9,11,,44,6,1,22,9,121.583604,25.07793851
111,9,27,7,53,2,11南港區,南港區研究院路1段與中南街123巷口,0,0,1,1,B03,8,1,5,50,4,2,1,5,4,5,7,2,1,3,3,5,2,17,1,82,3,10,3,4,7,9,6,18,1,15,,23,23,1,22,9,121.6169163,25.0520372
111,9,27,7,53,2,11南港區,南港區研究院路1段與中南街123巷口,0,0,1,2,C03,8,1,5,50,4,2,1,5,4,5,7,2,1,3,3,5,2,17,2,47,2,9,3,4,7,9,1,10,2,11,,44,23,1,22,9,121.6169163,25.0520372
111,9,27,7,55,2,08士林區,士林區故宮路與故宮路47巷口,0,0,1,1,B03,8,1,5,50,4,1,1,5,4,5,7,2,1,1,4,5,1,16,1,53,3,10,1,1,7,6,3,18,1,6,,9,9,1,21,8,121.5473929,25.0963369
111,9,27,7,55,2,08士林區,士林區故宮路與故宮路47巷口,0,0,1,2,C03,8,1,5,50,4,1,1,5,4,5,7,2,1,1,4,5,1,16,2,18,2,9,1,1,7,9,1,10,1,11,,14,9,1,21,8,121.5473929,25.0963369
111,9,27,8,0,2,08士林區,士林區重陽橋往北市機車道,0,0,2,1,C03,8,1,5,40,14,11,1,5,4,5,7,4,4,4,4,1,1,13,1,19,3,10,1,1,7,9,1,10,1,11,,16,16,1,22,9,121.5022876,25.08496374
111,9,27,8,0,2,08士林區,士林區重陽橋往北市機車道,0,0,2,2,C03,8,1,5,40,14,11,1,5,4,5,7,4,4,4,4,1,1,13,2,28,2,9,1,1,7,9,1,10,1,11,,16,16,1,22,9,121.5022876,25.08496374
111,9,27,8,0,2,08士林區,士林區重陽橋往北市機車道,0,0,2,3,C03,8,1,5,40,14,11,1,5,4,5,7,4,4,4,4,1,1,13,1,24,3,10,1,1,7,9,1,10,1,11,,16,16,1,22,9,121.5022876,25.08496374
111,9,27,8,0,2,08士林區,士林區重陽橋往北市機車道,0,0,2,4,C03,8,1,5,40,14,11,1,5,4,5,7,4,4,4,4,1,1,13,1,56,2,8,1,1,7,9,1,10,1,11,,44,16,1,22,9,121.5022876,25.08496374
111,9,27,8,0,2,07信義區,信義區基隆路1段與松壽路口,0,0,1,1,C03,8,1,5,50,4,1,1,5,4,5,7,1,1,9,4,5,2,13,1,20,2,9,1,1,7,9,1,10,1,11,,43,43,1,22,9,121.5614831,25.0359073
111,9,27,8,0,2,07信義區,信義區基隆路1段與松壽路口,0,0,1,2,B02,8,1,5,50,4,1,1,5,4,5,7,1,1,9,4,5,2,13,1,60,3,10,1,1,7,6,1,8,1,3,,43,43,1,22,9,121.5614831,25.0359073
111,9,27,8,3,2,04大安區,大安區永康街17巷與信義路2段198巷口,0,0,1,1,B01,8,1,5,30,4,1,1,5,4,5,7,4,4,10,5,5,2,15,1,48,3,10,3,4,7,9,1,4,1,1,,6,6,1,22,9,121.5307223,25.0323733
111,9,27,8,3,2,04大安區,大安區永康街17巷與信義路2段198巷口,0,0,1,2,B03,8,1,5,30,4,1,1,5,4,5,7,4,4,10,5,5,2,15,1,31,3,10,3,4,7,9,1,8,1,2,,23,6,1,22,9,121.5307223,25.0323733
111,9,27,8,3,2,04大安區,大安區永康街17巷與信義路2段198巷口,0,0,1,3,H02,8,1,5,30,4,1,1,5,4,5,7,4,4,10,5,5,2,15,2,31,2,3,3,4,7,21,8,20,10,16,,67,6,1,22,9,121.5307223,25.0323733
111,9,27,8,5,2,11南港區,南港區向陽路258巷與重陽路57巷口,0,0,3,1,C03,8,1,5,40,4,2,1,5,4,5,7,1,1,9,4,5,2,13,1,48,2,9,1,1,7,9,1,10,2,11,,23,23,1,22,9,121.5955188,25.0583065
111,9,27,8,5,2,11南港區,南港區向陽路258巷與重陽路57巷口,0,0,3,2,C03,8,1,5,40,4,2,1,5,4,5,7,1,1,9,4,5,2,13,2,28,2,9,1,1,7,14,1,10,2,13,,44,23,1,22,9,121.5955188,25.0583065
111,9,27,8,5,2,11南港區,南港區向陽路258巷與重陽路57巷口,0,0,3,3,H02,8,1,5,40,4,2,1,5,4,5,7,1,1,9,4,5,2,13,2,42,2,9,1,1,7,17,8,20,10,15,,67,23,1,22,9,121.5955188,25.0583065
111,9,27,8,38,2,03中山區,中山區松江路188巷與松江路口,0,0,1,2,F01,8,1,5,0,3,2,1,5,4,5,7,4,4,1,5,5,2,17,2,22,2,9,3,1,7,9,8,20,1,16,,23,42,1,22,9,121.5330094,25.0567714
111,9,27,8,38,2,03中山區,中山區松江路188巷與松江路口,0,0,1,1,C03,8,1,5,0,3,2,1,5,4,5,7,4,4,1,5,5,2,17,2,60,4,11,3,4,7,15,7,19,9,15,,42,42,2,22,9,121.5330094,25.0567714
111,9,27,8,40,2,04大安區,大安區光復南路與光復南路350巷口,0,0,1,1,C03,8,1,5,50,3,2,1,5,4,5,7,4,4,10,4,5,2,17,1,25,2,9,1,1,7,7,1,10,1,14,,7,7,1,22,9,121.5575196,25.0381269
111,9,27,8,40,2,04大安區,大安區光復南路與光復南路350巷口,0,0,1,2,B02,8,1,5,50,3,2,1,5,4,5,7,4,4,10,4,5,2,17,1,39,3,10,1,1,7,9,1,8,1,2,,44,7,1,22,9,121.5575196,25.0381269
111,9,27,8,41,2,03中山區,中山區吉林路12-3號,0,0,1,1,C03,8,1,5,50,14,9,1,5,4,5,7,4,4,5,2,5,2,13,2,29,2,9,1,1,7,9,1,10,1,11,,16,16,1,2,1,121.5300145,25.0504362
111,9,27,8,41,2,03中山區,中山區吉林路12-3號,0,0,1,2,B03,8,1,5,50,14,9,1,5,4,5,7,4,4,5,2,5,2,13,2,48,3,10,1,1,7,9,1,8,1,7,,44,16,1,1,9,121.5300145,25.0504362
111,9,27,8,41,2,03中山區,中山區吉林路12-3號,0,0,1,3,C03,8,1,5,50,14,9,1,5,4,5,7,4,4,5,2,5,2,13,2,40,3,10,1,3,7,2,1,10,1,15,,12,16,1,5,9,121.5300145,25.0504362
111,9,27,8,48,2,05中正區,中正區和平西路1段與廈門街口口,0,0,2,1,C03,8,1,5,50,4,1,1,5,4,5,7,1,1,1,4,5,1,15,2,26,2,9,1,1,7,9,3,18,2,11,,25,25,1,22,9,121.5179917,25.02677869
111,9,27,8,48,2,05中正區,中正區和平西路1段與廈門街口口,0,0,2,2,C03,8,1,5,50,4,1,1,5,4,5,7,1,1,1,4,5,1,15,1,30,2,9,1,1,7,1,1,10,2,14,,25,25,1,22,9,121.5179917,25.02677869
111,9,27,8,58,2,08士林區,士林區重慶北路4段與通河西街1段口,0,0,1,1,C04,8,1,5,50,3,1,1,5,4,5,7,2,1,1,4,4,1,16,1,21,2,9,1,1,7,11,1,10,1,11,,10,10,1,21,8,121.5126417,25.08193336
111,9,27,8,58,2,08士林區,士林區重慶北路4段與通河西街1段口,0,0,1,2,B12,8,1,5,50,3,1,1,5,4,5,7,2,1,1,4,4,1,16,1,46,3,10,1,1,7,9,1,4,1,5,,44,10,1,21,8,121.5126417,25.08193336
111,9,27,9,0,2,10文山區,文山區興隆路4段29巷2弄2號後方,0,0,3,1,C03,8,1,5,30,14,9,1,5,4,5,3,4,4,10,5,5,2,10,2,19,2,7,1,1,7,9,1,10,1,11,,17,17,1,22,9,121.5596302,24.9906064
111,9,27,9,0,2,10文山區,文山區興隆路4段29巷2弄2號後方,0,0,3,2,C03,8,1,5,30,14,9,1,5,4,5,3,4,4,10,5,5,2,10,1,69,2,8,1,1,7,9,1,10,1,11,,17,17,1,22,9,121.5596302,24.9906064
111,9,27,9,0,2,10文山區,文山區興隆路4段29巷2弄2號後方,0,0,3,3,H02,8,1,5,30,14,9,1,5,4,5,3,4,4,10,5,5,2,10,2,35,2,8,1,5,7,21,8,20,10,15,,67,17,1,22,9,121.5596302,24.9906064
111,9,27,9,10,2,07信義區,信義區信安街與嘉興街181巷口口,0,0,1,1,C03,8,1,5,50,5,1,1,5,4,5,7,1,1,5,4,5,2,17,2,26,2,9,1,1,7,9,1,10,2,11,,23,23,1,22,9,121.5574299,25.02597934
111,9,27,9,10,2,07信義區,信義區信安街與嘉興街181巷口口,0,0,1,2,C03,8,1,5,50,5,1,1,5,4,5,7,1,1,5,4,5,2,17,2,60,3,10,2,1,7,5,1,10,2,13,,44,23,1,22,9,121.5574299,25.02597934
111,9,27,9,15,2,12內湖區,內湖區安康路25巷與民權東路6段190巷117弄口,0,0,1,1,C03,8,1,5,50,4,2,1,5,4,5,7,1,1,9,4,5,2,16,2,48,2,9,1,1,7,14,1,10,3,11,,23,23,1,22,9,121.5934262,25.06442693
111,9,27,9,15,2,12內湖區,內湖區安康路25巷與民權東路6段190巷117弄口,0,0,1,2,B03,8,1,5,50,4,2,1,5,4,5,7,1,1,9,4,5,2,16,1,48,3,10,1,1,7,5,1,8,2,1,,8,23,1,22,9,121.5934262,25.06442693
111,9,27,9,15,2,07信義區,信義區松德路12巷與虎林街141巷口,0,0,2,1,F01,8,1,5,30,3,2,1,5,4,5,7,4,4,10,5,5,1,15,2,73,2,5,1,1,7,9,8,20,1,16,,6,6,1,22,9,121.5772875,25.03956849
111,9,27,9,15,2,07信義區,信義區松德路12巷與虎林街141巷口,0,0,2,2,F02,8,1,5,30,3,2,1,5,4,5,7,4,4,10,5,5,1,15,1,30,2,8,1,1,7,9,8,20,1,16,,23,6,1,22,9,121.5772875,25.03956849