發生年度,發生月,發生日,發生時-Hours,發生分,處理別-編號,區序,肇事地點,死亡人數,2-30日死亡人數,受傷人數,當事人序號,車種,天候,光線,道路類別,速限-速度限制,道路型態,事故位置,路面狀況1,路面狀況2,路面狀況3,道路障礙1,道路障礙2,號誌1,號誌2,車道劃分-分向,車道劃分-分道1,車道劃分-分道2,車道劃分-分道3,事故類型及型態,性別,年齡,受傷程度,主要傷處,安全帽,行動電話,車輛用途,當事者行動狀態,駕駛資格情形,駕駛執照種類,飲酒情形,車輛撞擊部位1,車輛撞擊部位2,肇因碼-個別,肇因碼-主要,個人肇逃否,職業,旅次目的,座標-X,座標-Y
111,9,27,9,16,2,06松山區,松山區南京東路5段251巷22弄2號,0,0,2,1,C03,8,1,8,30,15,22,1,5,4,3,5,4,4,10,5,5,2,15,2,45,2,8,1,4,7,9,1,10,1,13,,6,6,1,22,9,121.5650983,25.05197875
111,9,27,9,16,2,06松山區,松山區南京東路5段251巷22弄2號,0,0,2,2,C03,8,1,8,30,15,22,1,5,4,3,5,4,4,10,5,5,2,15,1,43,2,8,1,4,7,9,1,10,1,11,,44,6,1,22,9,121.5650983,25.05197875
111,9,27,9,16,2,06松山區,松山區南京東路5段251巷22弄2號,0,0,2,3,B03,8,1,8,30,15,22,1,5,4,3,5,4,4,10,5,5,2,15,4,,4,11,3,4,7,15,7,19,11,15,,38,6,2,22,9,121.5650983,25.05197875
111,9,27,9,21,2,04大安區,大安區安和路2段與文昌街口,0,0,1,2,C03,8,1,5,30,4,1,1,5,4,5,7,2,1,1,4,5,2,16,1,27,2,9,1,4,7,9,1,10,1,14,,44,9,1,22,9,121.5525484,25.03261834
111,9,27,9,21,2,04大安區,大安區安和路2段與文昌街口,0,0,1,1,B02,8,1,5,30,4,1,1,5,4,5,7,2,1,1,4,5,2,16,1,43,3,10,3,4,7,6,1,8,1,2,,9,9,1,22,9,121.5525484,25.03261834
111,9,27,9,30,2,01大同區,大同區民族西路與延平北路3段口,0,0,1,1,B12,8,1,5,50,4,1,1,5,4,5,7,1,1,9,4,5,2,11,1,50,3,10,1,1,7,5,1,8,2,2,,44,44,1,22,9,121.5108572,25.0686588
111,9,27,9,30,2,01大同區,大同區民族西路與延平北路3段口,0,0,1,2,C03,8,1,5,50,4,1,1,5,4,5,7,1,1,9,4,5,2,11,2,20,2,9,1,1,7,9,1,10,2,11,,25,44,1,22,9,121.5108572,25.0686588
111,9,27,9,45,2,04大安區,大安區基隆路4段41巷68弄8號與基隆路4段41巷68弄口,0,0,2,1,C03,8,1,5,0,3,1,1,5,4,5,7,4,4,9,5,5,2,16,1,27,2,7,1,1,7,9,1,10,1,11,,42,42,1,22,9,121.5420403,25.0117691
111,9,27,9,45,2,04大安區,大安區基隆路4段41巷68弄8號與基隆路4段41巷68弄口,0,0,2,2,C03,8,1,5,0,3,1,1,5,4,5,7,4,4,9,5,5,2,16,1,22,2,5,1,1,7,5,1,10,1,14,,44,42,1,22,9,121.5420403,25.0117691
111,9,27,9,45,2,08士林區,士林區格致路與建業路口,0,0,1,1,B03,8,1,5,50,3,1,1,5,4,5,7,2,1,5,5,5,2,17,2,55,3,10,1,1,7,6,1,8,2,5,,6,6,1,22,9,121.546111,25.1355758
111,9,27,9,45,2,08士林區,士林區格致路與建業路口,0,0,1,2,C03,8,1,5,50,3,1,1,5,4,5,7,2,1,5,5,5,2,17,2,18,2,9,1,1,7,9,1,10,2,11,,44,6,1,22,9,121.546111,25.1355758
111,9,27,9,47,2,06松山區,松山區塔悠路與民生東路5段口口,0,0,1,1,C03,8,1,5,40,3,1,1,5,4,5,7,2,1,1,4,4,2,16,1,53,2,8,1,1,7,5,1,10,1,11,,23,23,1,22,9,121.5690762,25.05933572
111,9,27,9,47,2,06松山區,松山區塔悠路與民生東路5段口口,0,0,1,2,C03,8,1,5,40,3,1,1,5,4,5,7,2,1,1,4,4,2,16,1,47,3,10,1,1,7,5,1,10,1,14,,16,23,1,22,9,121.5690762,25.05933572
111,9,27,10,6,2,08士林區,士林區芝玉路1段石蘭幹 45A B6656 BA57對面,0,0,1,1,B12,8,1,5,30,14,9,1,5,4,5,7,4,4,10,5,5,1,16,1,60,3,10,1,1,7,5,1,8,1,4,,8,8,1,21,8,121.533417,25.10832075
111,9,27,10,6,2,08士林區,士林區芝玉路1段石蘭幹 45A B6656 BA57對面,0,0,1,2,C03,8,1,5,30,14,9,1,5,4,5,7,4,4,10,5,5,1,16,1,18,2,9,1,1,7,9,1,10,1,11,,13,8,1,21,8,121.533417,25.10832075
111,9,27,10,10,2,07信義區,信義區莊敬路與吳興街156巷口,0,0,1,1,F01,8,1,5,50,4,1,1,5,4,5,7,1,1,9,4,5,2,15,2,20,2,9,1,1,7,15,8,20,1,16,,43,43,1,22,9,121.5622147,25.0295627
111,9,27,10,10,2,07信義區,信義區莊敬路與吳興街156巷口,0,0,1,2,C03,8,1,5,50,4,1,1,5,4,5,7,1,1,9,4,5,2,15,1,19,3,10,1,1,7,9,1,10,1,14,,43,43,1,22,9,121.5622147,25.0295627
111,9,27,10,26,2,04大安區,大安區信義路4段與大安路2段口,0,0,2,1,C03,8,1,5,50,3,1,1,5,4,5,7,2,1,5,4,5,2,17,1,33,2,9,1,1,7,11,1,10,1,14,,10,10,1,22,9,121.5459732,25.03317636
111,9,27,10,26,2,04大安區,大安區信義路4段與大安路2段口,0,0,2,2,C04,8,1,5,50,3,1,1,5,4,5,7,2,1,5,4,5,2,17,1,22,2,9,1,1,7,9,1,11,1,14,,13,10,1,22,9,121.5459732,25.03317636
111,9,27,10,40,2,02萬華區,萬華區環河南路2段與環河南路2段250巷口,0,0,3,1,B03,8,1,5,50,4,1,1,5,4,5,7,1,1,1,4,5,1,17,1,34,2,9,1,1,7,5,1,4,2,1,,6,6,1,22,9,121.492102,25.03289781
111,9,27,10,40,2,02萬華區,萬華區環河南路2段與環河南路2段250巷口,0,0,3,2,B01,8,1,5,50,4,1,1,5,4,5,7,1,1,1,4,5,1,17,1,40,2,9,1,1,7,9,1,4,2,1,,13,6,1,22,9,121.492102,25.03289781
111,9,27,10,40,2,02萬華區,萬華區環河南路2段與環河南路2段250巷口,0,0,3,3,H02,8,1,5,50,4,1,1,5,4,5,7,1,1,1,4,5,1,17,2,34,2,9,1,1,7,20,8,20,10,16,,67,6,1,22,9,121.492102,25.03289781
111,9,27,11,41,2,02萬華區,萬華區忠孝西路2段與昆明街口,0,0,1,1,C03,8,1,5,30,4,1,1,5,4,5,7,2,1,10,4,5,2,15,1,32,2,9,1,1,7,9,1,10,1,12,,25,25,1,22,9,121.5064478,25.04871363
111,9,27,11,41,2,02萬華區,萬華區忠孝西路2段與昆明街口,0,0,1,2,B01,8,1,5,30,4,1,1,5,4,5,7,2,1,10,4,5,2,15,1,66,3,10,1,1,7,9,1,4,1,1,,44,25,1,22,9,121.5064478,25.04871363
111,9,27,11,50,2,05中正區,中正區汀州路3段133號,0,0,1,1,B12,8,1,5,50,14,9,1,5,4,5,7,4,4,9,4,5,2,12,1,47,3,10,1,1,7,11,1,8,2,8,,10,10,1,22,9,121.5307397,25.0162735
111,9,27,11,50,2,05中正區,中正區汀州路3段133號,0,0,1,2,C03,8,1,5,50,14,9,1,5,4,5,7,4,4,9,4,5,2,12,1,72,2,9,1,1,7,9,1,10,2,14,,26,10,1,22,9,121.5307397,25.0162735
111,9,27,12,0,2,06松山區,松山區南京東路5段與三民路口,0,0,1,1,C04,8,1,5,50,4,2,1,5,4,5,7,2,1,1,3,5,2,12,1,37,2,9,1,1,7,8,1,11,1,12,,17,17,1,22,9,121.564144,25.05139852
111,9,27,12,0,2,06松山區,松山區南京東路5段與三民路口,0,0,1,2,B03,8,1,5,50,4,2,1,5,4,5,7,2,1,1,3,5,2,12,1,49,3,10,1,1,7,9,1,8,1,4,,17,17,1,22,9,121.564144,25.05139852
111,9,27,12,17,2,04大安區,大安區和平東路2段與和平東路2段175巷口,0,0,1,1,C03,8,1,5,50,3,1,1,5,4,5,7,2,1,1,4,5,2,17,1,34,3,10,3,4,7,8,1,10,1,13,,7,7,1,22,9,121.5418059,25.02521666
111,9,27,12,17,2,04大安區,大安區和平東路2段與和平東路2段175巷口,0,0,1,2,C03,8,1,5,50,3,1,1,5,4,5,7,2,1,1,4,5,2,17,1,43,2,6,3,4,7,9,1,10,1,11,,44,7,1,22,9,121.5418059,25.02521666
111,9,27,12,19,2,07信義區,信義區忠孝東路5段372巷與忠孝東路5段236巷3弄口,0,0,1,1,C03,8,1,5,30,4,1,1,5,4,5,7,4,4,10,5,5,2,15,1,22,2,9,3,4,7,9,1,10,1,11,,6,6,1,22,9,121.5740129,25.0403584
111,9,27,12,19,2,07信義區,信義區忠孝東路5段372巷與忠孝東路5段236巷3弄口,0,0,1,2,B01,8,1,5,30,4,1,1,5,4,5,7,4,4,10,5,5,2,15,1,62,3,10,3,4,7,9,1,6,1,2,,14,6,1,22,9,121.5740129,25.0403584
111,9,27,12,27,2,03中山區,中山區德惠街與德惠街79巷口,0,0,1,1,C03,8,1,5,30,4,1,1,5,4,5,7,4,4,10,5,5,2,17,1,45,2,6,1,1,7,9,1,10,1,14,,6,6,1,22,9,121.5285289,25.0666383
111,9,27,12,27,2,03中山區,中山區德惠街與德惠街79巷口,0,0,1,2,B01,8,1,5,30,4,1,1,5,4,5,7,4,4,10,5,5,2,17,1,59,3,10,3,4,7,9,1,4,1,1,,44,6,1,22,9,121.5285289,25.0666383
111,9,27,12,27,2,05中正區,中正區南昌路1段與南海路口,0,0,1,1,C03,8,1,5,30,4,1,1,5,4,5,7,1,1,10,4,5,2,13,1,41,2,9,1,1,7,9,1,10,2,11,,23,23,1,22,9,121.5164774,25.03239112
111,9,27,12,27,2,05中正區,中正區南昌路1段與南海路口,0,0,1,2,B03,8,1,5,30,4,1,1,5,4,5,7,1,1,10,4,5,2,13,2,47,3,10,1,1,7,9,1,8,2,3,,26,23,1,22,9,121.5164774,25.03239112
111,9,27,13,0,2,07信義區,信義區林口街107號,0,0,2,1,C03,8,1,5,50,14,9,1,5,4,5,7,2,1,8,3,5,2,13,1,57,2,9,1,1,7,9,1,10,1,11,,43,43,1,22,9,121.5803132,25.0400743
111,9,27,13,0,2,07信義區,信義區林口街107號,0,0,2,2,C03,8,1,5,50,14,9,1,5,4,5,7,2,1,8,3,5,2,13,1,40,2,7,1,1,7,9,1,10,1,13,,44,43,1,22,9,121.5803132,25.0400743
111,9,27,13,13,2,09北投區,北投區東華街1段360號,0,0,2,1,C03,8,1,5,50,14,9,1,5,4,5,7,4,4,10,4,5,2,13,1,21,2,9,1,1,7,9,1,10,1,11,,23,23,1,22,9,121.5192731,25.1094611
111,9,27,13,13,2,09北投區,北投區東華街1段360號,0,0,2,2,C04,8,1,5,50,14,9,1,5,4,5,7,4,4,10,4,5,2,13,2,59,2,9,1,1,7,9,1,10,1,11,,23,23,1,22,9,121.5192731,25.1094611
111,9,27,13,13,2,09北投區,北投區東華街1段360號,0,0,2,3,C03,8,1,5,50,14,9,1,5,4,5,7,4,4,10,4,5,2,13,2,49,3,10,1,1,7,15,4,8,1,13,,44,23,1,22,9,121.5192731,25.1094611
111,9,27,13,25,2,08士林區,士林區仰德大道3段119號,0,0,1,1,C03,8,1,5,40,14,9,1,5,4,5,7,4,4,5,4,4,1,12,1,39,4,11,3,4,7,15,7,19,11,15,,23,23,2,22,9,121.5522379,25.12202946
111,9,27,13,25,2,08士林區,士林區仰德大道3段119號,0,0,1,2,F01,8,1,5,40,14,9,1,5,4,5,7,4,4,5,4,4,1,12,1,60,2,9,1,4,7,9,8,20,1,16,,42,23,1,22,9,121.5522379,25.12202946
111,9,27,13,26,2,05中正區,中正區中華路2段297號,0,0,1,1,B12,8,1,5,30,14,7,1,5,4,5,7,4,4,9,4,4,2,12,1,64,3,10,1,1,7,1,1,8,1,8,,19,19,1,22,9,121.5048514,25.02919368
111,9,27,13,26,2,05中正區,中正區中華路2段297號,0,0,1,2,C03,8,1,5,30,14,7,1,5,4,5,7,4,4,9,4,4,2,12,2,26,2,8,1,1,7,9,1,10,1,12,,44,19,1,22,9,121.5048514,25.02919368
111,9,27,13,30,2,09北投區,北投區中央北路1段與育仁路口,0,0,2,1,C03,8,1,5,50,4,1,1,5,4,5,7,1,1,5,5,5,2,16,1,48,2,9,1,1,7,5,1,10,1,14,,6,6,1,22,9,121.4995552,25.13474489
111,9,27,13,30,2,09北投區,北投區中央北路1段與育仁路口,0,0,2,2,C03,8,1,5,50,4,1,1,5,4,5,7,1,1,5,5,5,2,16,2,41,2,7,1,1,7,9,1,10,1,14,,44,6,1,22,9,121.4995552,25.13474489
111,9,27,13,50,2,03中山區,中山區南京東路1段132巷與林森北路133巷口,0,0,1,1,C03,8,1,5,30,4,1,1,5,4,5,7,4,4,10,5,5,2,15,2,61,2,8,1,4,7,9,1,10,1,12,,6,6,1,22,9,121.5269296,25.0506989
111,9,27,13,50,2,03中山區,中山區南京東路1段132巷與林森北路133巷口,0,0,1,2,B03,8,1,5,30,4,1,1,5,4,5,7,4,4,10,5,5,2,15,1,35,3,10,3,4,7,9,1,8,1,1,,44,6,1,22,9,121.5269296,25.0506989
111,9,27,13,50,2,03中山區,中山區南京東路1段132巷與林森北路133巷口,0,0,1,3,B02,8,1,5,30,4,1,1,5,4,5,7,4,4,10,5,5,2,15,1,48,3,10,3,4,7,14,1,4,11,15,,38,6,1,22,9,121.5269296,25.0506989
111,9,27,13,50,2,03中山區,中山區民權東路3段18號,0,0,1,1,B12,8,1,5,50,14,9,1,5,4,5,7,4,4,1,4,5,2,14,1,61,3,10,3,4,7,2,1,7,1,3,,12,12,1,22,9,121.5401227,25.0622529
111,9,27,13,50,2,03中山區,中山區民權東路3段18號,0,0,1,2,C03,8,1,5,50,14,9,1,5,4,5,7,4,4,1,4,5,2,14,1,44,2,7,1,4,7,14,1,10,1,11,,44,12,1,22,9,121.5401227,25.0622529
111,9,27,14,5,2,03中山區,中山區民權東路2段92巷與松江路362巷口,0,0,1,1,B03,8,1,5,30,4,1,1,5,4,3,5,4,4,10,5,5,2,17,1,39,3,10,3,4,7,9,1,8,1,5,,6,6,1,22,9,121.5317316,25.0619691
111,9,27,14,5,2,03中山區,中山區民權東路2段92巷與松江路362巷口,0,0,1,2,C03,8,1,5,30,4,1,1,5,4,3,5,4,4,10,5,5,2,17,2,38,2,9,1,1,7,9,1,10,1,14,,23,6,1,22,9,121.5317316,25.0619691
111,9,27,14,5,2,03中山區,中山區民權東路2段92巷與松江路362巷口,0,0,1,3,B12,8,1,5,30,4,1,1,5,4,3,5,4,4,10,5,5,2,17,1,56,3,10,2,1,7,13,1,8,11,15,,38,6,1,22,9,121.5317316,25.0619691
111,9,27,14,10,2,07信義區,信義區基隆路2段與信義路5段口,0,0,1,1,C03,8,1,5,50,4,2,1,5,4,5,7,4,4,1,4,5,2,17,2,20,2,9,3,4,7,9,1,10,1,11,,26,26,1,22,9,121.5596409,25.0329607
111,9,27,14,10,2,07信義區,信義區基隆路2段與信義路5段口,0,0,1,2,B03,8,1,5,50,4,2,1,5,4,5,7,4,4,1,4,5,2,17,1,31,3,10,3,4,7,6,1,8,1,6,,44,26,1,22,9,121.5596409,25.0329607
111,9,27,14,34,2,07信義區,信義區忠孝東路5段423巷49號,0,0,1,1,B12,8,1,5,30,14,9,1,5,4,5,7,4,4,8,5,5,1,17,2,59,3,10,2,4,7,13,6,8,1,4,,40,40,1,22,9,121.5753593,25.04299942
111,9,27,14,34,2,07信義區,信義區忠孝東路5段423巷49號,0,0,1,2,F02,8,1,5,30,14,9,1,5,4,5,7,4,4,8,5,5,1,17,2,64,2,9,1,1,7,9,8,20,1,16,,44,40,1,22,9,121.5753593,25.04299942
111,9,27,14,45,2,02萬華區,萬華區和平西路3段174-1號,0,0,1,1,C03,8,1,5,40,14,8,1,5,4,5,7,4,4,9,2,4,2,16,2,55,2,8,1,1,7,9,1,10,1,11,,23,23,1,22,9,121.4979474,25.03524881
111,9,27,14,45,2,02萬華區,萬華區和平西路3段174-1號,0,0,1,2,B03,8,1,5,40,14,8,1,5,4,5,7,4,4,9,2,4,2,16,1,60,3,10,1,1,7,2,1,8,1,6,,12,23,1,22,9,121.4979474,25.03524881
111,9,27,15,0,2,07信義區,信義區基隆路1段往環東大道引道,0,0,1,1,B01,8,1,5,40,14,9,1,5,4,5,7,4,4,10,4,5,1,13,1,54,3,10,1,1,7,9,1,4,1,1,,43,43,1,22,9,121.5665157,25.04448014
111,9,27,15,0,2,07信義區,信義區基隆路1段往環東大道引道,0,0,1,2,B01,8,1,5,40,14,9,1,5,4,5,7,4,4,10,4,5,1,13,1,43,3,10,1,1,7,9,1,4,1,3,,43,43,1,22,9,121.5665157,25.04448014
111,9,27,15,0,2,07信義區,信義區基隆路1段往環東大道引道,0,0,1,3,H02,8,1,5,40,14,9,1,5,4,5,7,4,4,10,4,5,1,13,2,68,2,9,4,5,7,20,8,20,10,15,,67,43,1,22,9,121.5665157,25.04448014
111,9,27,15,10,2,11南港區,南港區東新街與忠孝東路6段81巷口,0,0,1,1,B03,8,1,5,50,3,2,1,5,4,5,7,4,4,3,3,5,2,16,2,60,3,10,3,4,7,6,1,8,2,5,,6,6,1,22,9,121.5853452,25.0485525
111,9,27,15,10,2,11南港區,南港區東新街與忠孝東路6段81巷口,0,0,1,2,C03,8,1,5,50,3,2,1,5,4,5,7,4,4,3,3,5,2,16,1,49,2,9,3,4,7,9,1,10,2,14,,23,6,1,22,9,121.5853452,25.0485525
111,9,27,15,40,2,05中正區,中正區北平東路與林森北路口,0,0,2,1,C03,8,1,5,50,4,2,1,5,4,1,7,1,1,9,5,5,2,16,1,33,2,9,1,1,7,6,1,10,1,12,,9,9,1,22,9,121.5237636,25.0465105
111,9,27,15,40,2,05中正區,中正區北平東路與林森北路口,0,0,2,2,C03,8,1,5,50,4,2,1,5,4,1,7,1,1,9,5,5,2,16,1,44,2,9,1,1,7,9,1,10,1,14,,44,9,1,22,9,121.5237636,25.0465105
111,9,27,15,45,2,01大同區,大同區承德路1段69巷與承德路1段口,0,0,1,1,B02,8,1,5,50,4,1,1,5,4,5,7,2,1,9,4,5,2,15,2,24,3,10,1,1,7,9,1,8,1,8,,25,25,1,22,9,121.5174151,25.0518967
111,9,27,15,45,2,01大同區,大同區承德路1段69巷與承德路1段口,0,0,1,2,C03,8,1,5,50,4,1,1,5,4,5,7,2,1,9,4,5,2,15,1,25,2,9,1,1,7,9,1,10,1,12,,44,25,1,22,9,121.5174151,25.0518967
111,9,27,15,57,2,05中正區,中正區杭州南路2段與金華街口,0,0,1,1,B03,8,1,5,50,4,1,1,5,4,5,7,1,1,5,4,5,2,15,1,88,3,10,1,1,7,9,1,8,2,8,,25,25,1,22,9,121.5222466,25.0309218
111,9,27,15,57,2,05中正區,中正區杭州南路2段與金華街口,0,0,1,2,C03,8,1,5,50,4,1,1,5,4,5,7,1,1,5,4,5,2,15,1,71,2,9,1,1,7,9,1,10,2,11,,44,25,1,22,9,121.5222466,25.0309218
111,9,27,16,0,2,05中正區,中正區市民大道1段與承德路1段口,0,0,2,1,C03,8,1,5,40,4,1,1,5,4,5,7,1,1,1,4,5,2,13,2,68,2,9,1,1,7,9,1,10,2,11,,43,43,1,22,9,121.5163373,25.0486846
111,9,27,16,0,2,05中正區,中正區市民大道1段與承德路1段口,0,0,2,2,C03,8,1,5,40,4,1,1,5,4,5,7,1,1,1,4,5,2,13,1,56,2,9,1,1,7,9,1,10,2,13,,43,43,1,22,9,121.5163373,25.0486846
111,9,27,16,0,2,05中正區,中正區仁愛路2段與仁愛路2段20巷口,0,0,1,1,B03,8,1,5,30,3,1,1,5,4,5,7,4,4,1,4,5,2,16,1,51,3,10,1,1,7,5,1,8,2,5,,6,6,1,22,9,121.5265528,25.0381702
111,9,27,16,0,2,05中正區,中正區仁愛路2段與仁愛路2段20巷口,0,0,1,2,C03,8,1,5,30,3,1,1,5,4,5,7,4,4,1,4,5,2,16,2,54,2,8,1,1,7,9,1,10,2,14,,44,6,1,22,9,121.5265528,25.0381702
111,9,27,16,0,2,05中正區,中正區仁愛路2段與仁愛路2段20巷口,0,0,1,3,B11,8,1,5,30,3,1,1,5,4,5,7,4,4,1,4,5,2,16,1,30,3,10,1,1,7,14,1,4,11,15,,38,6,1,22,9,121.5265528,25.0381702
111,9,27,16,0,2,12內湖區,內湖區環山路1段56號,0,0,1,1,B03,8,1,5,50,3,1,1,5,4,5,7,2,1,9,4,5,2,12,2,51,3,10,1,1,7,6,1,8,1,2,,9,9,1,22,9,121.5654984,25.08640565
111,9,27,16,0,2,12內湖區,內湖區環山路1段56號,0,0,1,2,C03,8,1,5,50,3,1,1,5,4,5,7,2,1,9,4,5,2,12,2,20,2,8,1,1,7,9,1,10,1,14,,44,9,1,22,9,121.5654984,25.08640565
111,9,27,16,12,2,07信義區,信義區松仁路與松勤街口,0,0,1,1,B02,8,1,5,50,14,18,1,5,4,5,7,1,1,9,4,5,2,3,1,52,3,10,3,4,7,5,1,8,1,4,,15,15,1,22,9,121.5683123,25.0318427
111,9,27,16,12,2,07信義區,信義區松仁路與松勤街口,0,0,1,2,H01,8,1,5,50,14,18,1,5,4,5,7,1,1,9,4,5,2,3,2,62,2,9,4,5,8,16,8,20,10,16,,67,15,1,22,9,121.5683123,25.0318427
111,9,27,16,18,2,08士林區,士林區中山北路6段與克強路口,0,0,1,1,B03,8,1,5,50,5,2,1,5,4,5,7,1,1,1,4,5,2,17,1,46,3,10,1,1,7,5,1,8,1,5,,8,8,1,22,9,121.525209,25.10873175
111,9,27,16,18,2,08士林區,士林區中山北路6段與克強路口,0,0,1,2,C03,8,1,5,50,5,2,1,5,4,5,7,1,1,1,4,5,2,17,2,25,2,9,1,1,7,9,1,10,1,14,,44,8,1,22,9,121.525209,25.10873175
111,9,27,16,30,2,03中山區,中山區新生北路2段與民權東路2段口,0,0,1,1,C03,8,1,5,50,4,1,1,5,4,5,7,1,1,1,4,5,2,13,2,20,2,9,1,4,7,9,1,10,1,11,,23,23,1,22,9,121.527958,25.0627318
111,9,27,16,30,2,03中山區,中山區新生北路2段與民權東路2段口,0,0,1,2,B03,8,1,5,50,4,1,1,5,4,5,7,1,1,1,4,5,2,13,2,62,3,10,3,4,7,14,1,8,1,7,,44,23,1,22,9,121.527958,25.0627318
111,9,27,16,32,2,09北投區,北投區明德路與明德路18巷口,0,0,2,1,C03,8,1,5,30,4,1,1,5,4,5,7,4,4,10,5,5,2,15,1,75,2,9,2,1,7,9,1,10,1,12,,6,6,1,22,9,121.5174638,25.10698506
111,9,27,16,32,2,09北投區,北投區明德路與明德路18巷口,0,0,2,2,C03,8,1,5,30,4,1,1,5,4,5,7,4,4,10,5,5,2,15,2,38,2,8,1,1,7,9,1,10,1,11,,14,6,1,22,9,121.5174638,25.10698506
111,9,27,16,47,2,11南港區,南港區向陽路258巷1號,0,0,1,1,B01,8,1,5,40,14,9,1,5,4,5,7,4,4,9,5,5,2,12,1,60,3,10,1,1,7,11,1,4,2,4,,10,10,1,22,9,121.5933768,25.05826476
111,9,27,16,47,2,11南港區,南港區向陽路258巷1號,0,0,1,2,C03,8,1,5,40,14,9,1,5,4,5,7,4,4,9,5,5,2,12,1,22,2,9,1,1,7,9,1,10,2,11,,13,10,1,22,9,121.5933768,25.05826476
111,9,27,16,48,2,07信義區,信義區光復南路與市民大道5段口,0,0,1,1,B12,8,1,5,50,4,1,1,5,4,5,7,2,1,1,3,5,1,12,1,63,3,10,3,4,7,6,1,8,1,2,,6,6,1,22,9,121.5578717,25.0449544
111,9,27,16,48,2,07信義區,信義區光復南路與市民大道5段口,0,0,1,2,C03,8,1,5,50,4,1,1,5,4,5,7,2,1,1,3,5,1,12,2,72,2,9,1,1,7,9,1,10,1,11,,44,6,1,22,9,121.5578717,25.0449544
111,9,27,16,56,2,01大同區,大同區西寧北路與南京西路口,0,0,2,1,C03,7,1,5,50,4,1,1,5,4,5,7,1,1,5,2,5,2,17,1,63,2,8,1,1,7,9,6,18,2,11,,42,42,1,22,9,121.5087264,25.0534289
111,9,27,16,56,2,01大同區,大同區西寧北路與南京西路口,0,0,2,2,C03,7,1,5,50,4,1,1,5,4,5,7,1,1,5,2,5,2,17,1,30,2,9,1,1,7,9,1,10,2,11,,13,42,1,22,9,121.5087264,25.0534289
111,9,27,17,14,2,05中正區,中正區西藏路與惠安街口,0,0,2,1,C03,8,1,5,30,14,9,1,5,4,5,7,4,4,1,4,5,2,13,1,60,2,8,1,1,7,9,1,10,1,11,,16,16,1,22,9,121.5055847,25.03017852
111,9,27,17,14,2,05中正區,中正區西藏路與惠安街口,0,0,2,2,C03,8,1,5,30,14,9,1,5,4,5,7,4,4,1,4,5,2,13,1,41,3,10,1,1,7,9,1,10,1,13,,44,16,1,22,9,121.5055847,25.03017852
111,9,27,17,14,2,05中正區,中正區西藏路與惠安街口,0,0,2,3,C03,8,1,5,30,14,9,1,5,4,5,7,4,4,1,4,5,2,13,2,36,2,8,1,1,7,9,1,10,1,13,,44,16,1,22,9,121.5055847,25.03017852
111,9,27,17,30,2,07信義區,信義區忠孝東路5段與基隆路1段口,0,0,1,1,C03,7,1,5,30,4,1,1,5,4,5,7,1,1,1,4,5,1,12,2,24,2,9,1,1,7,8,1,10,1,12,,7,7,1,22,9,121.5646337,25.0411166
111,9,27,17,30,2,07信義區,信義區忠孝東路5段與基隆路1段口,0,0,1,2,B03,7,1,5,30,4,1,1,5,4,5,7,1,1,1,4,5,1,12,2,47,3,10,1,1,7,9,1,8,1,8,,44,7,1,22,9,121.5646337,25.0411166
111,9,27,17,47,2,03中山區,中山區松江路8號,0,0,1,1,F01,8,1,8,0,15,22,1,5,4,5,7,4,4,1,5,5,1,11,2,45,2,9,1,1,7,9,8,20,1,16,,42,42,1,22,9,121.5327652,25.0463384
111,9,27,17,47,2,03中山區,中山區松江路8號,0,0,1,2,F01,8,1,8,0,15,22,1,5,4,5,7,4,4,1,5,5,1,11,2,32,3,10,1,1,7,9,8,20,1,16,,42,42,1,22,9,121.5327652,25.0463384
111,9,27,17,49,2,08士林區,士林區中正路603號,0,0,2,1,C03,7,3,5,50,3,2,1,5,4,5,7,4,4,1,4,5,1,12,2,49,2,9,1,1,7,7,1,10,2,14,,7,7,1,22,9,121.5097717,25.08670329
111,9,27,17,49,2,08士林區,士林區中正路603號,0,0,2,2,B03,7,3,5,50,3,2,1,5,4,5,7,4,4,1,4,5,1,12,2,58,3,10,1,1,7,6,1,8,2,2,,9,7,1,22,9,121.5097717,25.08670329
111,9,27,17,49,2,08士林區,士林區中正路603號,0,0,2,3,H02,7,3,5,50,3,2,1,5,4,5,7,4,4,1,4,5,1,12,1,14,2,7,4,5,7,17,8,20,10,16,,67,7,1,22,9,121.5097717,25.08670329
111,9,27,18,27,2,07信義區,信義區信安街67巷與吳興街156巷65弄口,0,0,1,1,F01,8,3,5,40,3,1,1,5,4,5,7,4,4,10,4,4,1,16,1,15,3,10,1,1,7,5,8,20,1,16,,8,8,1,22,9,121.5590372,25.0259412
111,9,27,18,27,2,07信義區,信義區信安街67巷與吳興街156巷65弄口,0,0,1,2,C03,8,3,5,40,3,1,1,5,4,5,7,4,4,10,4,4,1,16,1,20,2,9,3,4,7,9,1,10,1,11,,14,8,1,22,9,121.5590372,25.0259412
111,9,27,18,34,2,05中正區,中正區重慶南路1段與凱達格蘭大道口,0,0,1,1,C03,8,3,5,50,3,1,1,5,4,5,7,1,1,5,4,5,2,13,1,27,2,9,1,1,7,9,3,18,2,11,,16,16,1,22,9,121.5129487,25.03991589
111,9,27,18,34,2,05中正區,中正區重慶南路1段與凱達格蘭大道口,0,0,1,2,B01,8,3,5,50,3,1,1,5,4,5,7,1,1,5,4,5,2,13,1,56,3,10,1,1,7,9,1,8,2,6,,44,16,1,22,9,121.5129487,25.03991589