發生年度,發生月,發生日,發生時-Hours,發生分,處理別-編號,區序,肇事地點,死亡人數,2-30日死亡人數,受傷人數,當事人序號,車種,天候,光線,道路類別,速限-速度限制,道路型態,事故位置,路面狀況1,路面狀況2,路面狀況3,道路障礙1,道路障礙2,號誌1,號誌2,車道劃分-分向,車道劃分-分道1,車道劃分-分道2,車道劃分-分道3,事故類型及型態,性別,年齡,受傷程度,主要傷處,安全帽,行動電話,車輛用途,當事者行動狀態,駕駛資格情形,駕駛執照種類,飲酒情形,車輛撞擊部位1,車輛撞擊部位2,肇因碼-個別,肇因碼-主要,個人肇逃否,職業,旅次目的,座標-X,座標-Y
111,9,27,18,39,2,04大安區,大安區羅斯福路4段與基隆路4段口,0,0,1,1,B03,8,2,5,50,5,1,1,5,4,5,7,2,1,9,4,5,1,11,1,50,3,10,1,4,7,5,1,8,9,8,,43,43,1,22,9,121.5373917,25.0111957
111,9,27,18,39,2,04大安區,大安區羅斯福路4段與基隆路4段口,0,0,1,2,C03,8,2,5,50,5,1,1,5,4,5,7,2,1,9,4,5,1,11,1,53,2,8,1,4,7,9,3,18,9,12,,43,43,1,22,9,121.5373917,25.0111957
111,9,27,18,44,2,03中山區,中山區市民大道3段與復興南路1段口,0,0,2,1,C03,8,3,5,40,4,1,1,5,4,5,7,1,1,1,4,5,2,12,2,23,2,9,1,1,7,5,1,10,1,14,,8,8,1,22,9,121.543804,25.0449251
111,9,27,18,44,2,03中山區,中山區市民大道3段與復興南路1段口,0,0,2,2,C03,8,3,5,40,4,1,1,5,4,5,7,1,1,1,4,5,2,12,1,21,2,9,1,1,7,9,1,10,1,12,,13,8,1,22,9,121.543804,25.0449251
111,9,27,18,55,2,05中正區,中正區仁愛路2段與金山南路1段口,0,0,2,1,C03,8,1,5,50,4,1,1,5,4,5,7,1,1,1,4,5,2,12,1,28,2,9,1,1,7,5,1,10,2,11,,8,8,1,22,9,121.5282057,25.0383422
111,9,27,18,55,2,05中正區,中正區仁愛路2段與金山南路1段口,0,0,2,2,C03,8,1,5,50,4,1,1,5,4,5,7,1,1,1,4,5,2,12,1,21,2,9,1,1,7,9,1,10,2,11,,44,8,1,22,9,121.5282057,25.0383422
111,9,27,19,0,2,01大同區,大同區長安西路與重慶北路1段口,0,0,1,1,B03,8,3,5,50,14,9,1,5,4,5,7,1,1,7,4,5,2,16,1,25,3,10,3,4,7,5,1,4,2,6,,8,8,1,22,9,121.5141475,25.0514483
111,9,27,19,0,2,01大同區,大同區長安西路與重慶北路1段口,0,0,1,2,C03,8,3,5,50,14,9,1,5,4,5,7,1,1,7,4,5,2,16,1,25,2,9,1,4,7,9,1,10,1,11,,44,8,1,22,9,121.5141475,25.0514483
111,9,27,19,6,2,01大同區,大同區民生西路與寧夏路口,0,0,2,1,C03,7,3,5,50,4,1,1,5,4,5,7,2,1,5,4,5,2,17,1,66,2,9,1,4,7,5,1,10,2,11,,25,25,1,22,9,121.5156189,25.0570288
111,9,27,19,6,2,01大同區,大同區民生西路與寧夏路口,0,0,2,2,C03,7,3,5,50,4,1,1,5,4,5,7,2,1,5,4,5,2,17,1,26,2,7,1,4,7,9,1,10,2,11,,44,25,1,22,9,121.5156189,25.0570288
111,9,27,19,12,2,03中山區,中山區建國北路2段36號,0,0,1,1,C03,8,3,5,50,14,9,1,5,4,5,7,4,4,1,3,5,1,17,1,24,2,9,1,1,7,9,1,10,1,14,,44,44,1,22,9,121.5365626,25.05331732
111,9,27,19,12,2,03中山區,中山區建國北路2段36號,0,0,1,2,C03,8,3,5,50,14,9,1,5,4,5,7,4,4,1,3,5,1,17,1,34,3,10,1,1,7,7,1,10,1,15,,7,44,1,22,9,121.5365626,25.05331732
111,9,27,19,37,2,10文山區,文山區木柵路1段與景美溪橋口,0,0,1,1,C03,8,3,5,50,3,2,1,2,4,5,7,2,1,9,4,5,2,17,1,33,2,9,1,1,7,6,1,10,1,12,,14,14,1,22,9,121.5453253,24.98680102
111,9,27,19,37,2,10文山區,文山區木柵路1段與景美溪橋口,0,0,1,2,C03,8,3,5,50,3,2,1,2,4,5,7,2,1,9,4,5,2,17,1,48,3,10,1,1,7,14,1,10,1,11,,43,14,1,22,9,121.5453253,24.98680102
111,9,27,19,40,2,03中山區,中山區南京東路2段111號,0,0,1,1,F01,7,3,5,30,15,20,4,5,4,5,7,4,4,10,5,5,2,17,2,38,3,10,1,4,7,15,8,20,1,16,,23,23,1,22,9,121.5334573,25.05217909
111,9,27,19,40,2,03中山區,中山區南京東路2段111號,0,0,1,2,F01,7,3,5,30,15,20,4,5,4,5,7,4,4,10,5,5,2,17,2,65,2,7,1,1,7,9,8,20,1,16,,44,23,1,22,9,121.5334573,25.05217909
111,9,27,19,58,2,08士林區,士林區福林路與自祥街口,0,0,2,1,C03,8,1,5,50,4,1,1,5,4,5,7,2,1,5,4,5,2,16,1,19,2,8,3,4,7,5,1,10,1,12,,8,8,1,22,9,121.5329318,25.09693999
111,9,27,19,58,2,08士林區,士林區福林路與自祥街口,0,0,2,2,C03,8,1,5,50,4,1,1,5,4,5,7,2,1,5,4,5,2,16,1,25,2,7,3,4,7,9,1,10,1,11,,14,8,1,22,9,121.5329318,25.09693999
111,9,27,20,4,2,04大安區,大安區永康街與永康街8巷口,0,0,2,1,C03,8,3,5,30,4,1,1,5,4,5,7,4,4,9,4,5,2,17,1,29,3,10,1,1,7,11,1,10,1,15,,10,10,1,22,9,121.5296969,25.03226254
111,9,27,20,4,2,04大安區,大安區永康街與永康街8巷口,0,0,2,2,C03,8,3,5,30,4,1,1,5,4,5,7,4,4,9,4,5,2,17,1,32,2,9,1,1,7,9,1,10,1,14,,23,10,1,22,9,121.5296969,25.03226254
111,9,27,20,4,2,04大安區,大安區永康街與永康街8巷口,0,0,2,3,H02,8,3,5,30,4,1,1,5,4,5,7,4,4,9,4,5,2,17,2,32,2,9,4,5,7,17,8,20,10,16,,67,10,1,22,9,121.5296969,25.03226254
111,9,27,20,30,2,10文山區,文山區老泉街45巷045燈桿,0,0,2,1,F01,8,4,5,30,11,9,1,5,4,5,7,4,4,10,5,5,1,2,1,26,2,9,1,1,7,9,8,20,1,16,,23,23,1,22,9,121.5725276,24.97423967
111,9,27,20,30,2,10文山區,文山區老泉街45巷045燈桿,0,0,2,2,H01,8,4,5,30,11,9,1,5,4,5,7,4,4,10,5,5,1,2,1,61,2,9,4,5,8,16,8,20,10,16,,67,23,1,22,9,121.5725276,24.97423967
111,9,27,20,32,2,03中山區,中山區市民大道3段209號,0,0,3,3,H02,8,3,5,40,14,9,1,5,4,5,7,4,4,1,4,5,2,12,1,23,2,9,1,5,7,20,8,20,10,16,,67,7,1,22,9,121.5434345,25.0448911
111,9,27,20,32,2,03中山區,中山區市民大道3段209號,0,0,3,1,C03,8,3,5,40,14,9,1,5,4,5,7,4,4,1,4,5,2,12,1,22,2,9,1,1,7,7,1,10,1,14,,7,7,1,22,9,121.5434345,25.0448911
111,9,27,20,32,2,03中山區,中山區市民大道3段209號,0,0,3,2,C03,8,3,5,40,14,9,1,5,4,5,7,4,4,1,4,5,2,12,1,30,2,9,1,1,7,9,1,10,1,12,,13,7,1,22,9,121.5434345,25.0448911
111,9,27,20,50,2,06松山區,松山區八德路4段與虎林街口口,0,0,1,1,B01,8,4,5,50,3,1,1,5,4,5,7,1,1,1,3,4,2,12,1,53,3,10,1,1,7,1,1,4,2,4,,19,19,1,10,3,121.575891,25.0499791
111,9,27,20,50,2,06松山區,松山區八德路4段與虎林街口口,0,0,1,2,C03,8,4,5,50,3,1,1,5,4,5,7,1,1,1,3,4,2,12,2,33,2,9,1,1,7,9,1,10,2,11,,44,19,1,23,5,121.575891,25.0499791
111,9,27,20,50,2,08士林區,士林區通河街76巷與承德路4段10巷口,0,0,2,1,C03,7,3,5,30,4,1,1,5,4,5,7,4,4,5,5,5,1,16,1,29,2,9,1,1,7,9,1,10,1,12,,6,6,1,22,9,121.5201457,25.08012862
111,9,27,20,50,2,08士林區,士林區通河街76巷與承德路4段10巷口,0,0,2,2,C03,7,3,5,30,4,1,1,5,4,5,7,4,4,5,5,5,1,16,1,18,2,9,1,1,7,9,1,10,1,11,,23,6,1,22,9,121.5201457,25.08012862
111,9,27,21,0,2,10文山區,文山區木柵路1段與試院路口(單號),0,0,1,1,C01,8,3,5,50,14,9,1,5,4,5,7,1,1,5,2,5,2,16,1,23,3,10,1,1,7,9,1,9,2,14,,17,17,2,22,9,121.5486965,24.98717514
111,9,27,21,0,2,10文山區,文山區木柵路1段與試院路口(單號),0,0,1,2,B03,8,3,5,50,14,9,1,5,4,5,7,1,1,5,2,5,2,16,1,24,2,9,1,1,7,9,1,8,2,2,,17,17,1,22,9,121.5486965,24.98717514
111,9,27,21,1,2,07信義區,信義區松山路421號前,0,0,1,1,C04,8,3,5,50,14,9,1,5,4,5,7,4,4,1,4,5,2,13,1,71,3,10,1,1,7,9,6,18,8,11,,21,21,1,22,9,121.5778427,25.04046566
111,9,27,21,1,2,07信義區,信義區松山路421號前,0,0,1,2,C03,8,3,5,50,14,9,1,5,4,5,7,4,4,1,4,5,2,13,1,41,2,8,1,1,7,9,1,10,2,13,,44,21,1,22,9,121.5778427,25.04046566
111,9,27,21,38,2,03中山區,中山區中山北路2段59-1號,0,0,1,1,A02,8,3,5,50,14,9,1,5,4,5,7,4,4,4,3,5,1,17,1,60,3,10,1,1,7,8,1,2,1,15,,7,7,1,22,9,121.5228993,25.0560118
111,9,27,21,38,2,03中山區,中山區中山北路2段59-1號,0,0,1,2,C04,8,3,5,50,14,9,1,5,4,5,7,4,4,4,3,5,1,17,1,26,2,9,1,1,7,8,1,10,1,12,,23,7,1,22,9,121.5228993,25.0560118
111,9,27,21,38,2,03中山區,中山區中山北路2段59-1號,0,0,1,3,B01,8,3,5,50,14,9,1,5,4,5,7,4,4,4,3,5,1,17,1,40,3,10,1,1,7,14,1,4,1,4,,38,7,1,22,9,121.5228993,25.0560118
111,9,27,21,40,2,04大安區,大安區羅斯福路4段113巷21號,0,0,1,1,B03,8,3,5,30,14,9,1,5,4,5,7,4,4,9,5,5,2,9,1,24,3,10,3,4,7,9,1,8,2,2,,23,23,1,22,9,121.5400265,25.01132292
111,9,27,21,40,2,04大安區,大安區羅斯福路4段113巷21號,0,0,1,2,H01,8,3,5,30,14,9,1,5,4,5,7,4,4,9,5,5,2,9,1,26,2,9,4,5,8,20,8,20,10,16,,67,23,1,22,9,121.5400265,25.01132292
111,9,27,21,54,2,02萬華區,萬華區中興橋機車道往新北,0,0,1,1,C03,8,3,5,30,14,11,1,5,4,5,7,4,4,10,5,5,2,16,1,50,4,11,3,4,7,7,7,19,11,15,,7,43,2,22,9,121.5019486,25.0456339
111,9,27,21,54,2,02萬華區,萬華區中興橋機車道往新北,0,0,1,2,C03,8,3,5,30,14,11,1,5,4,5,7,4,4,10,5,5,2,16,1,33,2,9,3,4,7,9,1,10,2,12,,13,43,1,22,9,121.5019486,25.0456339
111,9,27,21,55,2,08士林區,士林區文林路62號,0,0,3,1,C03,8,1,5,50,14,9,1,5,4,5,7,4,4,5,5,5,2,16,1,21,2,9,1,1,7,1,1,10,1,14,,19,19,1,22,9,121.5257224,25.08693075
111,9,27,21,55,2,08士林區,士林區文林路62號,0,0,3,2,C03,8,1,5,50,14,9,1,5,4,5,7,4,4,5,5,5,2,16,1,23,2,9,1,1,7,9,1,10,1,11,,44,19,1,22,9,121.5257224,25.08693075
111,9,27,21,55,2,08士林區,士林區文林路62號,0,0,3,3,H02,8,1,5,50,14,9,1,5,4,5,7,4,4,5,5,5,2,16,1,18,2,9,4,5,7,20,8,20,10,16,,67,19,1,22,9,121.5257224,25.08693075
111,9,27,23,19,2,02萬華區,萬華區環河南路1段101號對面,0,0,1,1,C03,8,3,5,50,14,9,1,5,4,5,7,4,4,4,5,5,2,13,1,28,2,7,1,1,7,9,1,10,1,11,,23,23,1,22,9,121.5008391,25.04392631
111,9,27,23,19,2,02萬華區,萬華區環河南路1段101號對面,0,0,1,2,B03,8,3,5,50,14,9,1,5,4,5,7,4,4,4,5,5,2,13,1,40,3,10,1,1,7,14,1,8,1,4,,44,23,1,22,9,121.5008391,25.04392631
111,9,28,6,43,2,04大安區,大安區仁愛路3段與建國南路1段口,0,0,1,1,B03,8,1,5,50,5,2,1,5,4,5,7,4,4,1,4,5,2,16,1,48,3,10,1,1,7,6,1,8,1,4,,6,6,1,22,9,121.5380533,25.0376746
111,9,28,6,43,2,04大安區,大安區仁愛路3段與建國南路1段口,0,0,1,2,C03,8,1,5,50,5,2,1,5,4,5,7,4,4,1,4,5,2,16,1,48,2,9,1,1,7,9,1,10,1,12,,17,6,1,22,9,121.5380533,25.0376746
111,9,28,7,15,2,10文山區,文山區木柵路5段43巷23C區,0,0,1,1,C03,8,1,5,30,14,9,1,5,4,5,7,4,4,5,5,5,1,29,2,48,2,9,1,1,7,9,1,10,1,14,,43,43,1,22,9,121.5852332,25.00664391
111,9,28,7,15,2,10文山區,文山區木柵路5段43巷23C區,0,0,1,2,,8,1,5,30,14,9,1,5,4,5,7,4,4,5,5,5,1,29,3,,,,,,,,,,,,,67,43,1,,,121.5852332,25.00664391
111,9,28,7,17,2,05中正區,中正區重慶南路1段與寶慶路口,0,0,1,1,C03,8,1,5,50,4,2,1,5,4,5,7,2,1,5,4,5,2,13,2,27,2,8,1,1,7,5,1,10,2,11,,16,16,1,22,9,121.5130948,25.0412095
111,9,28,7,17,2,05中正區,中正區重慶南路1段與寶慶路口,0,0,1,2,C03,8,1,5,50,4,2,1,5,4,5,7,2,1,5,4,5,2,13,1,30,3,10,1,1,7,5,1,10,2,13,,8,16,1,22,9,121.5130948,25.0412095
111,9,28,7,25,2,12內湖區,內湖區民權東路6段180巷41弄36號,0,0,1,1,B03,8,1,5,50,3,1,1,5,4,5,7,4,4,9,5,5,2,3,1,58,3,10,1,1,7,5,1,4,9,1,,15,15,1,22,9,121.5936229,25.06723967
111,9,28,7,25,2,12內湖區,內湖區民權東路6段180巷41弄36號,0,0,1,2,H01,8,1,5,50,3,1,1,5,4,5,7,4,4,9,5,5,2,3,2,8,2,9,4,5,8,16,8,20,10,16,,67,15,1,22,9,121.5936229,25.06723967
111,9,28,7,34,2,07信義區,信義區松仁路與松平路口口,0,0,1,1,B03,8,1,5,50,4,1,1,5,4,5,7,1,1,5,4,5,2,17,1,29,3,10,1,1,7,5,1,4,2,5,,6,6,1,22,9,121.5683193,25.0304206
111,9,28,7,34,2,07信義區,信義區松仁路與松平路口口,0,0,1,2,C03,8,1,5,50,4,1,1,5,4,5,7,1,1,5,4,5,2,17,1,48,2,9,1,1,7,9,1,10,2,11,,44,6,1,22,9,121.5683193,25.0304206
111,9,28,7,34,2,07信義區,信義區松仁路與松平路口口,0,0,1,3,C03,8,1,5,50,4,1,1,5,4,5,7,1,1,5,4,5,2,17,2,54,3,10,1,1,7,9,1,10,2,11,,23,6,1,22,9,121.5683193,25.0304206
111,9,28,7,38,2,04大安區,大安區忠孝東路4段與大安路1段口,0,0,2,1,B01,8,1,5,0,4,1,1,5,4,5,7,1,1,1,4,5,2,15,1,52,3,10,1,1,7,9,1,4,1,5,,44,44,1,22,9,121.5461637,25.0416444
111,9,28,7,38,2,04大安區,大安區忠孝東路4段與大安路1段口,0,0,2,2,C03,8,1,5,0,4,1,1,5,4,5,7,1,1,1,4,5,2,15,1,42,2,9,1,1,7,9,1,10,1,11,,13,44,1,22,9,121.5461637,25.0416444
111,9,28,7,38,2,04大安區,大安區忠孝東路4段與大安路1段口,0,0,2,3,H02,8,1,5,0,4,1,1,5,4,5,7,1,1,1,4,5,2,15,2,41,2,9,1,5,7,20,8,20,10,16,,67,44,1,22,9,121.5461637,25.0416444
111,9,28,7,44,2,08士林區,士林區承德路5段與通河東街2段口口,0,1,0,1,C03,8,1,5,50,14,9,1,5,4,5,7,4,4,10,5,5,1,12,1,68,5,1,1,1,7,9,1,10,2,14,,43,43,1,22,9,121.5141381,25.09518727
111,9,28,7,44,2,08士林區,士林區承德路5段與通河東街2段口口,0,1,0,2,C03,8,1,5,50,14,9,1,5,4,5,7,4,4,10,5,5,1,12,1,23,3,10,1,1,7,9,1,10,2,12,,43,43,1,22,9,121.5141381,25.09518727
111,9,28,7,52,2,03中山區,中山區中山北路3段往北機車專用道,0,0,2,1,C03,8,1,5,50,11,11,1,5,4,5,7,4,4,10,4,5,2,16,1,47,2,9,1,4,7,5,1,9,1,14,,17,17,1,22,9,121.5257422,25.07439411
111,9,28,7,52,2,03中山區,中山區中山北路3段往北機車專用道,0,0,2,2,C03,8,1,5,50,11,11,1,5,4,5,7,4,4,10,4,5,2,16,1,23,2,7,1,4,7,5,1,10,1,12,,17,17,1,22,9,121.5257422,25.07439411
111,9,28,7,55,2,11南港區,南港區南港路2段與南港路2段178巷口,0,0,2,1,C03,8,1,5,40,14,8,1,5,4,5,7,4,4,5,5,4,2,16,2,38,2,8,1,1,7,9,1,10,1,11,,44,44,1,22,9,121.5998995,25.05338673
111,9,28,7,55,2,11南港區,南港區南港路2段與南港路2段178巷口,0,0,2,2,C03,8,1,5,40,14,8,1,5,4,5,7,4,4,5,5,4,2,16,1,20,3,10,1,1,7,6,1,9,1,13,,9,44,1,22,9,121.5998995,25.05338673
111,9,28,7,55,2,11南港區,南港區南港路2段與南港路2段178巷口,0,0,2,3,C03,8,1,5,40,14,8,1,5,4,5,7,4,4,5,5,4,2,16,1,59,2,8,1,1,7,9,1,10,1,11,,44,44,1,22,9,121.5998995,25.05338673
111,9,28,8,29,2,10文山區,文山區木柵路4段與和平東路4段口,0,0,2,1,C03,8,1,5,50,3,1,1,5,4,5,7,1,1,5,4,5,2,12,1,22,2,9,1,1,7,7,1,10,1,14,,7,7,1,22,9,121.5746667,24.9981916
111,9,28,8,29,2,10文山區,文山區木柵路4段與和平東路4段口,0,0,2,2,C03,8,1,5,50,3,1,1,5,4,5,7,1,1,5,4,5,2,12,2,37,3,10,1,1,7,9,1,10,1,12,,44,7,1,22,9,121.5746667,24.9981916
111,9,28,8,29,2,10文山區,文山區木柵路4段與和平東路4段口,0,0,2,3,C03,8,1,5,50,3,1,1,5,4,5,7,1,1,5,4,5,2,12,2,38,2,9,1,1,7,9,1,10,1,12,,16,7,1,22,9,121.5746667,24.9981916
111,9,28,8,30,2,12內湖區,內湖區舊宗路2段與民權東路6段11巷口,0,0,1,1,B03,8,1,5,50,4,2,1,5,4,5,7,1,1,9,4,5,1,12,2,50,3,10,1,1,7,6,1,8,2,2,,9,9,1,22,9,121.5748018,25.06744876
111,9,28,8,30,2,12內湖區,內湖區舊宗路2段與民權東路6段11巷口,0,0,1,2,C03,8,1,5,50,4,2,1,5,4,5,7,1,1,9,4,5,1,12,1,31,2,9,1,1,7,9,1,10,2,11,14,44,9,1,22,9,121.5748018,25.06744876
111,9,28,8,38,2,01大同區,大同區承德路3段162號,0,0,1,1,B01,8,1,5,50,14,9,1,5,4,5,7,2,1,1,4,5,2,13,1,69,3,10,3,4,7,9,1,4,4,1,,16,16,1,22,9,121.5183212,25.06871052
111,9,28,8,38,2,01大同區,大同區承德路3段162號,0,0,1,2,C03,8,1,5,50,14,9,1,5,4,5,7,2,1,1,4,5,2,13,2,37,2,9,3,4,7,9,1,10,2,13,,44,16,1,22,9,121.5183212,25.06871052
111,9,28,8,50,2,12內湖區,內湖區金龍路59號,0,0,2,1,C03,8,1,5,40,14,8,1,5,4,5,7,4,4,9,4,4,2,16,2,24,2,8,1,1,7,8,1,10,1,13,,7,7,1,22,9,121.5932398,25.08489856
111,9,28,8,50,2,12內湖區,內湖區金龍路59號,0,0,2,2,C03,8,1,5,40,14,8,1,5,4,5,7,4,4,9,4,4,2,16,2,54,2,9,1,1,7,9,1,10,1,11,,44,7,1,22,9,121.5932398,25.08489856
111,9,28,8,52,2,12內湖區,內湖區康寧路3段與康寧路3段75巷口,0,0,2,1,C03,8,1,5,50,3,1,4,5,4,5,7,2,1,9,4,5,2,16,2,72,2,8,1,1,7,5,1,10,2,14,,8,8,1,22,9,121.6088625,25.07196465
111,9,28,8,52,2,12內湖區,內湖區康寧路3段與康寧路3段75巷口,0,0,2,2,C03,8,1,5,50,3,1,4,5,4,5,7,2,1,9,4,5,2,16,1,33,2,9,1,1,7,9,1,10,2,11,,44,8,1,22,9,121.6088625,25.07196465
111,9,28,8,52,2,11南港區,南港區忠孝東路7段與忠孝東路7段325巷口,0,0,1,1,B01,8,1,5,50,3,2,1,5,4,5,7,2,1,3,3,4,2,9,1,69,3,10,3,4,7,5,1,4,1,8,,15,15,1,22,9,121.6060928,25.0517528
111,9,28,8,52,2,11南港區,南港區忠孝東路7段與忠孝東路7段325巷口,0,0,1,2,H01,8,1,5,50,3,2,1,5,4,5,7,2,1,3,3,4,2,9,1,24,2,9,4,5,8,16,8,20,1,16,,67,15,1,22,9,121.6060928,25.0517528
111,9,28,8,55,2,03中山區,中山區民生東路3段73巷與民生東路3段口,0,0,1,1,C03,8,1,5,50,3,1,1,5,4,5,7,4,4,1,4,5,2,17,2,40,3,10,1,1,7,6,1,10,1,15,,9,9,1,22,9,121.5436093,25.05786955
111,9,28,8,55,2,03中山區,中山區民生東路3段73巷與民生東路3段口,0,0,1,2,C03,8,1,5,50,3,1,1,5,4,5,7,4,4,1,4,5,2,17,2,27,2,9,3,4,7,9,1,10,1,14,,44,9,1,22,9,121.5436093,25.05786955
111,9,28,8,55,2,03中山區,中山區民生東路3段73巷與民生東路3段口,0,0,1,3,C03,8,1,5,50,3,1,1,5,4,5,7,4,4,1,4,5,2,17,2,29,3,10,1,1,7,6,1,10,1,15,,44,9,1,22,9,121.5436093,25.05786955
111,9,28,8,59,2,03中山區,中山區北安路630巷9弄9號,0,0,2,1,C03,8,1,5,30,14,11,1,5,4,5,7,4,4,9,4,5,2,12,1,29,2,9,1,1,7,5,1,10,1,14,,8,8,1,5,4,121.5496984,25.08328392
111,9,28,8,59,2,03中山區,中山區北安路630巷9弄9號,0,0,2,2,C03,8,1,5,30,14,11,1,5,4,5,7,4,4,9,4,5,2,12,2,65,2,9,1,1,7,9,1,10,1,11,,23,8,1,5,3,121.5496984,25.08328392
111,9,28,9,14,2,05中正區,中正區信義路2段1號,0,0,2,1,C03,8,1,5,50,14,9,1,5,4,5,7,1,1,1,4,5,2,13,1,63,2,9,1,1,7,9,1,10,2,11,,16,16,1,22,9,121.524601,25.0354374
111,9,28,9,14,2,05中正區,中正區信義路2段1號,0,0,2,2,C03,8,1,5,50,14,9,1,5,4,5,7,1,1,1,4,5,2,13,1,44,2,9,1,1,7,12,1,10,2,13,,44,16,1,22,9,121.524601,25.0354374
111,9,28,9,14,2,05中正區,中正區信義路2段1號,0,0,2,3,B11,8,1,5,50,14,9,1,5,4,5,7,1,1,1,4,5,2,13,1,49,3,10,1,1,7,9,1,4,2,15,,44,16,1,22,9,121.524601,25.0354374
111,9,28,9,25,2,05中正區,中正區忠孝東路1段與鎮江街口,0,0,1,1,B01,8,1,5,50,4,2,1,5,4,5,7,1,1,1,4,1,2,12,1,42,3,10,1,1,7,6,1,4,1,2,,9,9,1,22,9,121.5218897,25.04507686
111,9,28,9,25,2,05中正區,中正區忠孝東路1段與鎮江街口,0,0,1,2,C03,8,1,5,50,4,2,1,5,4,5,7,1,1,1,4,1,2,12,1,20,2,6,1,1,7,9,1,10,1,14,,44,9,1,22,9,121.5218897,25.04507686
111,9,28,9,25,2,05中正區,中正區忠孝東路1段與鎮江街口,0,0,1,3,B01,8,1,5,50,4,2,1,5,4,5,7,1,1,1,4,1,2,12,1,65,4,11,1,4,7,14,7,19,11,15,,38,9,1,22,9,121.5218897,25.04507686
111,9,28,9,29,2,12內湖區,內湖區瑞光路227號對面,0,0,1,1,C03,8,1,5,50,14,9,1,5,4,5,7,4,4,9,4,5,2,17,1,44,2,8,1,1,7,9,1,10,1,14,,42,42,1,22,9,121.5783472,25.07424262
111,9,28,9,29,2,12內湖區,內湖區瑞光路227號對面,0,0,1,2,C03,8,1,5,50,14,9,1,5,4,5,7,4,4,9,4,5,2,17,1,26,3,10,1,1,7,8,1,10,1,15,,7,42,1,22,9,121.5783472,25.07424262
111,9,28,9,43,2,05中正區,中正區羅斯福路1段與寧波西街口,0,0,1,1,C03,8,1,5,50,14,9,1,5,4,5,7,1,1,3,4,5,2,12,2,51,2,9,1,1,7,5,1,10,2,14,,42,42,1,22,9,121.5190193,25.0315893
111,9,28,9,43,2,05中正區,中正區羅斯福路1段與寧波西街口,0,0,1,2,B12,8,1,5,50,14,9,1,5,4,5,7,1,1,3,4,5,2,12,1,47,3,10,1,1,7,9,1,8,2,5,,42,42,1,22,9,121.5190193,25.0315893
111,9,28,9,44,2,08士林區,士林區光華路7號前,0,0,3,3,H02,8,1,5,30,14,9,1,5,4,5,7,4,4,10,5,5,1,10,2,18,2,1,1,1,7,20,8,20,10,15,,67,5,1,22,9,121.545242,25.13761954
111,9,28,9,44,2,08士林區,士林區光華路7號前,0,0,3,2,C03,8,1,5,30,14,9,1,5,4,5,7,4,4,10,5,5,1,10,1,19,2,7,1,1,7,9,1,10,1,11,,23,5,1,22,9,121.545242,25.13761954
111,9,28,9,44,2,08士林區,士林區光華路7號前,0,0,3,1,C03,8,1,5,30,14,9,1,5,4,5,7,4,4,10,5,5,1,10,1,18,2,7,1,1,7,9,1,10,1,11,,5,5,1,22,9,121.545242,25.13761954
111,9,28,9,52,2,03中山區,中山區中山北路2段118號,0,0,1,1,C03,8,1,5,50,14,9,1,5,4,5,7,4,4,1,4,1,1,13,1,24,2,9,1,1,7,9,1,10,1,11,,16,16,1,22,9,121.522881,25.06092554
111,9,28,9,52,2,03中山區,中山區中山北路2段118號,0,0,1,2,B03,8,1,5,50,14,9,1,5,4,5,7,4,4,1,4,1,1,13,2,73,3,10,1,1,7,12,1,8,9,7,,14,16,1,22,9,121.522881,25.06092554
111,9,28,10,10,2,10文山區,文山區木柵路1段191巷與木柵路1段口,0,0,1,1,C03,8,1,5,50,3,2,1,5,4,5,7,2,1,5,4,5,2,17,1,21,3,10,1,1,7,6,1,10,1,13,,9,9,1,22,9,121.5513821,24.9877333
111,9,28,10,10,2,10文山區,文山區木柵路1段191巷與木柵路1段口,0,0,1,2,C03,8,1,5,50,3,2,1,5,4,5,7,2,1,5,4,5,2,17,2,25,2,1,1,1,7,9,1,10,1,11,,44,9,1,22,9,121.5513821,24.9877333
111,9,28,10,14,2,05中正區,中正區延平南路與愛國西路口,0,0,2,1,B03,8,1,5,50,5,1,1,5,4,5,7,2,1,1,4,5,2,13,1,31,3,10,1,1,7,5,1,10,1,1,,23,23,1,22,9,121.5081294,25.03702735
111,9,28,10,14,2,05中正區,中正區延平南路與愛國西路口,0,0,2,2,C03,8,1,5,50,5,1,1,5,4,5,7,2,1,1,4,5,2,13,2,49,2,9,1,1,7,14,1,10,1,13,,44,23,1,22,9,121.5081294,25.03702735
111,9,28,10,14,2,05中正區,中正區延平南路與愛國西路口,0,0,2,3,H02,8,1,5,50,5,1,1,5,4,5,7,2,1,1,4,5,2,13,2,45,2,9,4,5,7,20,8,20,10,16,,67,23,1,22,9,121.5081294,25.03702735
111,9,28,10,22,2,09北投區,北投區致遠二路與石牌路1段39巷80弄口,0,0,2,1,F01,8,1,5,50,3,1,1,5,4,5,7,1,1,10,5,5,2,12,2,76,2,9,1,1,7,7,8,20,2,16,,7,7,1,22,9,121.511549,25.1159927
111,9,28,10,22,2,09北投區,北投區致遠二路與石牌路1段39巷80弄口,0,0,2,2,C03,8,1,5,50,3,1,1,5,4,5,7,1,1,10,5,5,2,12,1,18,2,7,1,1,7,9,1,10,2,12,,23,7,1,22,9,121.511549,25.1159927