發生年度,發生月,發生日,發生時-Hours,發生分,處理別-編號,區序,肇事地點,死亡人數,2-30日死亡人數,受傷人數,當事人序號,車種,天候,光線,道路類別,速限-速度限制,道路型態,事故位置,路面狀況1,路面狀況2,路面狀況3,道路障礙1,道路障礙2,號誌1,號誌2,車道劃分-分向,車道劃分-分道1,車道劃分-分道2,車道劃分-分道3,事故類型及型態,性別,年齡,受傷程度,主要傷處,安全帽,行動電話,車輛用途,當事者行動狀態,駕駛資格情形,駕駛執照種類,飲酒情形,車輛撞擊部位1,車輛撞擊部位2,肇因碼-個別,肇因碼-主要,個人肇逃否,職業,旅次目的,座標-X,座標-Y
111,9,28,10,29,2,05中正區,中正區濟南路2段38-1號,0,0,2,1,C03,8,1,5,0,14,9,1,5,4,5,7,4,4,6,3,5,2,16,1,29,2,8,1,1,7,5,1,10,1,12,,26,26,1,22,9,121.5300336,25.04064092
111,9,28,10,29,2,05中正區,中正區濟南路2段38-1號,0,0,2,2,B01,8,1,5,0,14,9,1,5,4,5,7,4,4,6,3,5,2,16,1,34,2,2,1,1,7,9,1,4,2,4,,44,26,1,22,9,121.5300336,25.04064092
111,9,28,10,29,2,05中正區,中正區和平西路2段109-1號,0,0,1,1,B03,8,1,5,40,14,8,1,5,4,5,7,4,4,1,4,4,2,17,1,48,3,10,1,1,7,6,1,8,1,1,,23,23,1,22,9,121.5064683,25.03256437
111,9,28,10,29,2,05中正區,中正區和平西路2段109-1號,0,0,1,2,C03,8,1,5,40,14,8,1,5,4,5,7,4,4,1,4,4,2,17,1,59,2,9,1,1,7,14,1,10,1,13,,26,23,1,22,9,121.5064683,25.03256437
111,9,28,10,44,2,07信義區,信義區松仁路226號,0,0,1,1,C03,8,1,5,50,14,9,1,5,4,5,7,2,1,5,4,5,2,16,2,48,3,10,1,1,7,1,1,10,2,14,,19,19,1,22,8,121.568835,25.025834
111,9,28,10,44,2,07信義區,信義區松仁路226號,0,0,1,2,C03,8,1,5,50,14,9,1,5,4,5,7,2,1,5,4,5,2,16,2,55,2,8,1,1,7,9,1,10,2,11,,44,19,1,22,8,121.568835,25.025834
111,9,28,10,50,2,01大同區,大同區錦西街成淵高中停車場出入口,0,0,2,1,C03,8,1,5,50,14,9,1,5,4,5,7,4,4,5,5,5,2,12,2,36,2,9,1,1,7,7,1,10,1,13,,7,7,1,22,9,121.5200616,25.06033426
111,9,28,10,50,2,01大同區,大同區錦西街成淵高中停車場出入口,0,0,2,2,B01,8,1,5,50,14,9,1,5,4,5,7,4,4,5,5,5,2,12,1,44,3,10,1,1,7,9,1,4,1,5,,17,7,1,22,9,121.5200616,25.06033426
111,9,28,10,50,2,01大同區,大同區錦西街成淵高中停車場出入口,0,0,2,3,G01,8,1,5,50,14,9,1,5,4,5,7,4,4,5,5,5,2,12,4,,4,11,3,4,7,15,7,19,11,15,,38,7,2,22,9,121.5200616,25.06033426
111,9,28,10,50,2,01大同區,大同區錦西街成淵高中停車場出入口,0,0,2,4,H02,8,1,5,50,14,9,1,5,4,5,7,4,4,5,5,5,2,12,1,4,2,1,4,5,7,21,8,20,10,16,,67,7,1,22,9,121.5200616,25.06033426
111,9,28,10,50,2,04大安區,大安區信義路4段199巷與安和路1段112巷口,0,0,1,1,C03,8,1,5,30,4,1,1,5,4,5,7,4,4,10,5,5,2,15,1,34,2,8,1,1,7,9,1,10,1,12,,6,6,1,22,9,121.5516388,25.0338872
111,9,28,10,50,2,04大安區,大安區信義路4段199巷與安和路1段112巷口,0,0,1,2,B03,8,1,5,30,4,1,1,5,4,5,7,4,4,10,5,5,2,15,1,62,3,10,1,1,7,14,1,8,1,1,,44,6,1,22,9,121.5516388,25.0338872
111,9,28,10,51,2,07信義區,信義區忠孝東路5段275巷與虎林街120巷口,0,0,1,1,C03,8,1,5,30,4,2,1,5,4,5,7,4,4,10,5,5,2,17,1,23,2,7,3,4,7,9,1,10,1,12,,13,13,1,22,9,121.5713885,25.0422308
111,9,28,10,51,2,07信義區,信義區忠孝東路5段275巷與虎林街120巷口,0,0,1,2,B01,8,1,5,30,4,2,1,5,4,5,7,4,4,10,5,5,2,17,1,58,3,10,3,4,7,14,1,4,1,6,,38,13,1,22,9,121.5713885,25.0422308
111,9,28,10,55,2,01大同區,大同區酒泉街103巷,0,0,1,1,B03,8,1,5,30,14,9,1,5,4,5,7,4,4,10,5,5,2,12,2,58,3,10,1,4,7,1,1,8,2,1,,19,19,1,22,9,121.5149071,25.07251413
111,9,28,10,55,2,01大同區,大同區酒泉街103巷,0,0,1,2,C03,8,1,5,30,14,9,1,5,4,5,7,4,4,10,5,5,2,12,1,38,2,8,1,4,7,10,1,10,2,14,,44,19,1,22,9,121.5149071,25.07251413
111,9,28,11,5,2,10文山區,文山區福和橋機車道西往東(水快正下方),0,0,1,1,C03,8,1,5,40,14,11,1,5,4,5,7,4,4,1,4,1,2,13,1,29,3,10,1,1,7,9,1,10,1,13,,44,44,1,22,9,121.5325571,25.00882085
111,9,28,11,5,2,10文山區,文山區福和橋機車道西往東(水快正下方),0,0,1,2,C03,8,1,5,40,14,11,1,5,4,5,7,4,4,1,4,1,2,13,2,27,2,9,1,1,7,9,1,10,1,11,,16,44,1,22,9,121.5325571,25.00882085
111,9,28,11,8,2,09北投區,北投區中央南路1段與民權街口,0,0,1,1,B01,8,1,5,50,3,1,1,5,4,5,7,4,4,5,4,5,2,13,1,65,3,10,1,1,7,9,1,4,2,8,,23,23,1,22,9,121.5011214,25.12914129
111,9,28,11,8,2,09北投區,北投區中央南路1段與民權街口,0,0,1,2,C03,8,1,5,50,3,1,1,5,4,5,7,4,4,5,4,5,2,13,2,55,2,9,1,1,7,5,3,18,2,13,,44,23,1,22,9,121.5011214,25.12914129
111,9,28,11,40,2,10文山區,文山區樟新街與樟新街15巷口,0,0,1,1,B03,8,1,5,30,3,2,1,5,4,5,7,4,4,10,5,5,2,16,1,59,3,10,1,1,7,6,1,8,1,7,,43,43,1,22,9,121.5552249,24.9792677
111,9,28,11,40,2,10文山區,文山區樟新街與樟新街15巷口,0,0,1,2,C03,8,1,5,30,3,2,1,5,4,5,7,4,4,10,5,5,2,16,2,18,2,9,1,1,7,9,1,10,1,12,,43,43,1,22,9,121.5552249,24.9792677
111,9,28,11,43,2,02萬華區,萬華區康定路格萊天漾大飯店前,0,0,1,1,C03,8,1,5,50,14,9,1,5,4,5,7,4,4,5,4,4,2,16,2,71,2,9,1,1,7,7,4,8,1,14,,7,7,1,22,9,121.5009753,25.03395613
111,9,28,11,43,2,02萬華區,萬華區康定路格萊天漾大飯店前,0,0,1,2,B03,8,1,5,50,14,9,1,5,4,5,7,4,4,5,4,4,2,16,1,45,3,10,1,1,7,9,1,8,1,2,,44,7,1,22,9,121.5009753,25.03395613
111,9,28,11,48,2,03中山區,中山區吉林路與松江路108巷口,0,0,1,1,C03,8,1,5,30,4,1,1,5,4,5,7,4,4,5,2,5,2,16,2,55,2,9,1,1,4,5,1,10,1,12,,8,8,1,5,7,121.5300756,25.05140946
111,9,28,11,48,2,03中山區,中山區吉林路與松江路108巷口,0,0,1,2,B01,8,1,5,30,4,1,1,5,4,5,7,4,4,5,2,5,2,16,1,62,3,10,1,1,7,9,1,4,1,4,,44,8,1,10,4,121.5300756,25.05140946
111,9,28,11,49,2,10文山區,文山區木柵路2段138巷與木柵路2段口,0,0,1,1,B03,8,1,5,50,4,1,1,5,4,5,7,2,1,5,4,5,2,17,1,52,3,10,1,1,7,5,1,8,1,2,,6,6,1,22,9,121.5617965,24.9887908
111,9,28,11,49,2,10文山區,文山區木柵路2段138巷與木柵路2段口,0,0,1,2,C03,8,1,5,50,4,1,1,5,4,5,7,2,1,5,4,5,2,17,1,48,2,8,1,1,7,9,1,10,1,11,,23,6,1,22,9,121.5617965,24.9887908
111,9,28,11,58,2,04大安區,大安區復興南路2段52號大安高工前,0,0,1,1,C03,8,1,5,50,14,9,1,5,4,3,5,4,4,1,4,5,2,13,2,35,2,9,1,1,7,9,1,10,1,11,,23,23,1,22,9,121.5434695,25.0318422
111,9,28,11,58,2,04大安區,大安區復興南路2段52號大安高工前,0,0,1,2,B03,8,1,5,50,14,9,1,5,4,3,5,4,4,1,4,5,2,13,1,42,3,10,1,1,7,14,1,8,1,7,,42,23,1,22,9,121.5434695,25.0318422
111,9,28,12,0,2,04大安區,大安區和平東路1段177號,0,0,1,1,B03,8,1,5,50,14,9,1,5,4,5,7,2,1,1,4,5,2,17,1,48,3,10,1,1,7,14,1,8,1,4,,40,40,1,21,8,121.5322859,25.02640921
111,9,28,12,0,2,04大安區,大安區和平東路1段177號,0,0,1,2,C03,8,1,5,50,14,9,1,5,4,5,7,2,1,1,4,5,2,17,1,34,2,9,1,1,7,9,1,10,1,12,,44,40,1,21,8,121.5322859,25.02640921
111,9,28,12,0,2,09北投區,北投區文化三路97號,0,0,1,1,B03,8,1,5,30,14,9,1,5,4,5,1,4,4,10,5,5,2,17,1,53,3,10,1,1,7,6,1,8,1,1,,23,23,1,22,9,121.498652,25.14042125
111,9,28,12,0,2,09北投區,北投區文化三路97號,0,0,1,2,C03,8,1,5,30,14,9,1,5,4,5,1,4,4,10,5,5,2,17,2,48,2,8,1,1,7,9,1,10,1,11,,5,23,1,22,9,121.498652,25.14042125
111,9,28,12,8,2,03中山區,中山區南京東路3段216巷與南京東路3段口,0,0,1,1,B02,8,1,5,30,14,9,1,5,4,5,7,4,4,10,3,5,1,17,1,44,3,10,1,1,7,14,1,8,1,2,,40,40,1,22,9,121.5434488,25.05153067
111,9,28,12,8,2,03中山區,中山區南京東路3段216巷與南京東路3段口,0,0,1,2,C03,8,1,5,30,14,9,1,5,4,5,7,4,4,10,3,5,1,17,1,42,2,9,1,1,7,9,1,10,1,14,,26,40,1,22,9,121.5434488,25.05153067
111,9,28,12,8,2,03中山區,中山區南京東路3段216巷與南京東路3段口,0,0,1,3,H02,8,1,5,30,14,9,1,5,4,5,7,4,4,10,3,5,1,17,2,48,3,10,4,5,7,20,8,20,10,16,,60,40,1,22,9,121.5434488,25.05153067
111,9,28,12,26,2,12內湖區,內湖區瑞光路466號,0,0,1,1,C03,8,1,5,50,14,9,1,5,4,5,7,4,4,5,4,5,2,13,1,19,2,8,1,1,7,9,1,10,1,11,,16,16,1,22,9,121.5700417,25.07860452
111,9,28,12,26,2,12內湖區,內湖區瑞光路466號,0,0,1,2,C03,8,1,5,50,14,9,1,5,4,5,7,4,4,5,4,5,2,13,1,40,3,10,1,1,7,5,1,10,1,13,,44,16,1,22,9,121.5700417,25.07860452
111,9,28,12,32,2,10文山區,文山區秀明路1段與木柵路3段口,0,0,1,1,F01,8,1,5,50,3,1,1,5,4,5,7,1,1,5,1,4,2,15,2,71,2,9,3,4,7,9,8,20,2,16,,25,25,1,21,8,121.5631753,24.98905624
111,9,28,12,32,2,10文山區,文山區秀明路1段與木柵路3段口,0,0,1,2,C03,8,1,5,50,3,1,1,5,4,5,7,1,1,5,1,4,2,15,1,20,3,10,3,4,7,9,1,10,2,14,,23,25,1,21,8,121.5631753,24.98905624
111,9,28,12,35,2,05中正區,中正區市民大道1段168號,0,0,1,1,B03,8,1,5,40,15,6,1,5,4,5,7,4,4,1,3,4,2,17,1,67,3,10,1,1,7,11,1,8,2,5,,6,6,1,22,9,121.5188324,25.04835056
111,9,28,12,35,2,05中正區,中正區市民大道1段168號,0,0,1,2,C03,8,1,5,40,15,6,1,5,4,5,7,4,4,1,3,4,2,17,1,32,2,9,1,1,7,11,1,10,2,11,,13,6,1,22,9,121.5188324,25.04835056
111,9,28,12,35,2,10文山區,文山區景文街131號,0,0,1,1,C03,8,1,5,50,14,8,1,5,4,5,7,4,4,5,5,4,2,16,1,18,3,10,1,1,7,8,3,18,1,12,,7,9,1,22,9,121.5411204,24.99021539
111,9,28,12,35,2,10文山區,文山區景文街131號,0,0,1,2,C03,8,1,5,50,14,8,1,5,4,5,7,4,4,5,5,4,2,16,2,25,2,9,1,1,7,9,1,10,1,11,,13,9,1,22,9,121.5411204,24.99021539
111,9,28,12,44,2,03中山區,中山區建國北路3段與民權東路2段口,0,0,1,1,C03,8,1,5,50,4,1,1,5,4,5,7,1,1,1,4,5,1,17,1,58,3,10,1,1,7,7,1,10,1,14,,7,7,1,22,9,121.5366648,25.0625034
111,9,28,12,44,2,03中山區,中山區建國北路3段與民權東路2段口,0,0,1,2,C03,8,1,5,50,4,1,1,5,4,5,7,1,1,1,4,5,1,17,1,58,2,9,1,1,7,9,1,10,1,12,,44,7,1,22,9,121.5366648,25.0625034
111,9,28,12,46,2,01大同區,大同區延平北路4段與敦煌路口,0,0,2,1,C03,8,1,5,50,4,1,1,5,4,5,7,2,1,5,5,5,2,16,1,33,2,9,1,1,7,5,1,10,1,14,,6,6,1,22,9,121.5119953,25.0764542
111,9,28,12,46,2,01大同區,大同區延平北路4段與敦煌路口,0,0,2,2,C03,8,1,5,50,4,1,1,5,4,5,7,2,1,5,5,5,2,16,1,21,2,9,1,1,7,9,1,10,1,12,,23,6,1,22,9,121.5119953,25.0764542
111,9,28,13,5,2,12內湖區,內湖區康樂街85巷與康樂街61巷口,0,0,1,1,C03,8,1,5,30,4,1,1,5,4,5,7,4,4,10,5,5,2,16,1,38,2,8,1,1,7,9,1,10,2,12,,6,6,1,22,9,121.618679,25.0694614
111,9,28,13,5,2,12內湖區,內湖區康樂街85巷與康樂街61巷口,0,0,1,2,B01,8,1,5,30,4,1,1,5,4,5,7,4,4,10,5,5,2,16,1,54,3,10,1,1,7,9,1,4,2,1,,6,6,1,22,9,121.618679,25.0694614
111,9,28,13,14,2,02萬華區,萬華區環河南路1段與成都路口,0,0,3,1,B03,8,1,5,50,3,2,1,5,4,5,7,3,1,4,5,5,2,10,1,49,2,1,1,1,7,15,6,8,2,1,,4,4,1,22,9,121.5008297,25.04406056
111,9,28,13,14,2,02萬華區,萬華區環河南路1段與成都路口,0,0,3,2,B03,8,1,5,50,3,2,1,5,4,5,7,3,1,4,5,5,2,10,1,62,3,10,1,1,7,12,1,8,2,1,,44,4,1,22,9,121.5008297,25.04406056
111,9,28,13,14,2,02萬華區,萬華區環河南路1段與成都路口,0,0,3,3,H02,8,1,5,50,3,2,1,5,4,5,7,3,1,4,5,5,2,10,2,28,2,4,1,5,7,20,8,20,10,15,,67,4,1,22,9,121.5008297,25.04406056
111,9,28,13,14,2,02萬華區,萬華區環河南路1段與成都路口,0,0,3,4,H02,8,1,5,50,3,2,1,5,4,5,7,3,1,4,5,5,2,10,2,30,2,1,4,5,7,20,8,20,10,15,,67,4,1,22,9,121.5008297,25.04406056
111,9,28,13,15,2,03中山區,中山區復興北路78號,0,0,1,1,C03,8,1,5,50,14,9,1,5,4,5,7,4,4,1,3,5,1,16,2,19,2,9,1,1,7,7,1,10,2,14,,7,7,1,22,9,121.5439371,25.05089761
111,9,28,13,15,2,03中山區,中山區復興北路78號,0,0,1,2,B03,8,1,5,50,14,9,1,5,4,5,7,4,4,1,3,5,1,16,2,66,3,10,1,1,7,9,1,8,2,2,,44,7,1,22,9,121.5439371,25.05089761
111,9,28,13,15,2,03中山區,中山區復興北路78號,0,0,1,3,B03,8,1,5,50,14,9,1,5,4,5,7,4,4,1,3,5,1,16,1,70,3,10,1,1,7,14,1,8,11,15,,38,7,1,22,9,121.5439371,25.05089761
111,9,28,13,15,2,03中山區,中山區復興北路78號,0,0,1,4,B12,8,1,5,50,14,9,1,5,4,5,7,4,4,1,3,5,1,16,4,,4,11,3,4,7,15,7,19,11,15,,38,7,2,22,9,121.5439371,25.05089761
111,9,28,13,15,2,03中山區,中山區長安東路2段84號,0,0,1,1,B02,8,1,5,50,14,9,1,5,4,5,7,4,4,5,4,5,2,12,1,23,3,10,1,4,7,15,1,8,2,3,,23,23,1,22,9,121.5343628,25.0483298
111,9,28,13,15,2,03中山區,中山區長安東路2段84號,0,0,1,2,F01,8,1,5,50,14,9,1,5,4,5,7,4,4,5,4,5,2,12,2,61,2,1,1,1,7,7,8,20,2,16,,7,23,1,22,9,121.5343628,25.0483298
111,9,28,13,15,2,10文山區,文山區萬和街與萬樂街口,0,0,2,1,C03,8,1,5,50,3,2,1,5,4,5,7,4,4,5,4,5,2,17,2,22,2,5,1,1,7,5,1,10,1,13,,8,8,1,22,9,121.5690856,24.9993468
111,9,28,13,15,2,10文山區,文山區萬和街與萬樂街口,0,0,2,2,C03,8,1,5,50,3,2,1,5,4,5,7,4,4,5,4,5,2,17,2,56,2,8,1,1,7,9,1,10,1,11,,44,8,1,22,9,121.5690856,24.9993468
111,9,28,13,34,2,04大安區,大安區和平東路1段77號,0,0,1,1,C04,8,1,5,50,14,9,1,5,4,5,7,4,4,1,4,5,2,13,1,23,2,9,1,1,7,9,1,10,1,11,,23,23,1,21,8,121.5251207,25.02698005
111,9,28,13,34,2,04大安區,大安區和平東路1段77號,0,0,1,2,C03,8,1,5,50,14,9,1,5,4,5,7,4,4,1,4,5,2,13,1,25,3,10,1,1,7,8,1,10,1,13,,7,23,1,21,8,121.5251207,25.02698005
111,9,28,13,36,2,09北投區,北投區大業路527巷161弄,0,0,1,1,A12,8,1,5,30,14,9,2,5,4,5,7,4,4,10,5,5,2,17,1,32,3,10,1,1,7,2,1,3,1,3,,12,12,1,22,9,121.4759036,25.130103
111,9,28,13,36,2,09北投區,北投區大業路527巷161弄,0,0,1,2,C03,8,1,5,30,14,9,2,5,4,5,7,4,4,10,5,5,2,17,1,22,2,9,1,1,7,14,1,10,1,11,,44,12,1,22,9,121.4759036,25.130103
111,9,28,14,30,2,06松山區,松山區三民路42號,0,0,1,1,B03,8,1,5,50,14,9,1,5,4,5,7,4,4,9,4,5,2,16,2,44,3,10,1,1,7,11,1,8,1,4,,10,10,1,22,9,121.5638591,25.05341516
111,9,28,14,30,2,06松山區,松山區三民路42號,0,0,1,2,C03,8,1,5,50,14,9,1,5,4,5,7,4,4,9,4,5,2,16,1,25,2,9,1,1,7,9,1,10,1,11,,44,10,1,22,9,121.5638591,25.05341516
111,9,28,14,59,2,05中正區,中正區信義路2段與金山南路1段口,0,0,1,1,B12,8,1,5,50,4,1,1,5,4,5,7,1,1,1,4,5,2,13,1,45,3,10,1,1,7,1,1,8,2,1,,23,23,1,22,9,121.5272458,25.0343554
111,9,28,14,59,2,05中正區,中正區信義路2段與金山南路1段口,0,0,1,2,C03,8,1,5,50,4,1,1,5,4,5,7,1,1,1,4,5,2,13,2,34,2,9,1,1,7,14,1,10,2,13,,44,23,1,22,9,121.5272458,25.0343554
111,9,28,14,59,2,05中正區,中正區信義路2段與金山南路1段口,0,0,1,3,C03,8,1,5,50,4,1,1,5,4,5,7,1,1,1,4,5,2,13,1,47,3,10,3,4,7,9,1,10,9,11,,16,23,1,22,9,121.5272458,25.0343554
111,9,28,15,0,2,07信義區,信義區松仁路90號,0,0,1,1,C03,8,1,5,50,14,9,1,5,4,5,7,4,4,1,4,5,1,13,1,21,2,9,1,1,7,9,1,10,1,11,,23,23,1,22,9,121.5682398,25.0344079
111,9,28,15,0,2,07信義區,信義區松仁路90號,0,0,1,2,B01,8,1,5,50,14,9,1,5,4,5,7,4,4,1,4,5,1,13,1,58,3,10,1,1,7,9,1,8,1,3,,44,23,1,22,9,121.5682398,25.0344079
111,9,28,15,1,2,10文山區,文山區木柵路2段與興隆路4段口,0,0,1,1,B03,8,1,5,50,4,1,1,5,4,5,7,2,1,5,4,5,2,16,1,38,3,10,1,1,7,5,1,8,2,2,,6,6,1,22,9,121.5600697,24.988825
111,9,28,15,1,2,10文山區,文山區木柵路2段與興隆路4段口,0,0,1,2,C02,8,1,5,50,4,1,1,5,4,5,7,2,1,5,4,5,2,16,1,20,2,9,1,1,7,9,1,9,2,11,,23,6,1,22,9,121.5600697,24.988825
111,9,28,15,17,2,07信義區,信義區莊敬路與莊敬路197巷口,0,0,2,1,C03,8,1,5,50,4,1,1,5,4,5,1,1,1,9,4,4,2,11,1,66,2,9,3,4,7,5,1,10,1,11,,8,8,1,22,9,121.5612768,25.0306759
111,9,28,15,17,2,07信義區,信義區莊敬路與莊敬路197巷口,0,0,2,2,C03,8,1,5,50,4,1,1,5,4,5,1,1,1,9,4,4,2,11,1,34,2,9,3,4,7,9,1,10,1,14,,13,8,1,22,9,121.5612768,25.0306759
111,9,28,15,18,2,03中山區,中山區錦州街與錦州街13巷口口,0,0,1,1,C03,8,1,5,50,3,1,1,5,4,5,7,4,4,5,4,5,2,16,2,69,2,9,1,4,7,5,1,10,1,11,,6,6,1,22,9,121.5242925,25.060366
111,9,28,15,18,2,03中山區,中山區錦州街與錦州街13巷口口,0,0,1,2,C03,8,1,5,50,3,1,1,5,4,5,7,4,4,5,4,5,2,16,2,30,3,10,1,4,7,9,1,10,1,14,,44,6,1,22,9,121.5242925,25.060366
111,9,28,15,40,2,09北投區,北投區中央北路1段115號,0,0,1,1,B03,8,1,5,50,14,9,1,5,4,5,7,4,4,9,4,5,2,13,2,41,3,10,1,1,7,9,1,8,1,5,,23,23,1,22,9,121.4992624,25.13491206
111,9,28,15,40,2,09北投區,北投區中央北路1段115號,0,0,1,2,C04,8,1,5,50,14,9,1,5,4,5,7,4,4,9,4,5,2,13,2,65,2,8,1,1,7,9,1,11,1,13,,44,23,1,22,9,121.4992624,25.13491206
111,9,28,15,53,2,06松山區,松山區復興北路與興安街口,0,0,1,1,C03,8,1,5,50,4,1,1,5,4,5,7,2,1,7,4,5,2,17,1,18,2,9,1,1,7,5,1,10,1,14,,27,27,1,22,9,121.5442188,25.05610423
111,9,28,15,53,2,06松山區,松山區復興北路與興安街口,0,0,1,2,C03,8,1,5,50,4,1,1,5,4,5,7,2,1,7,4,5,2,17,2,46,3,10,1,1,7,9,1,10,1,12,,4,27,1,22,9,121.5442188,25.05610423
111,9,28,15,54,2,09北投區,北投區行義路與泉源路口,0,0,1,1,B03,8,1,5,50,4,2,1,5,4,5,7,1,1,5,5,5,2,3,2,54,3,10,3,4,7,5,1,8,2,1,,15,15,1,22,9,121.5267115,25.1438135
111,9,28,15,54,2,09北投區,北投區行義路與泉源路口,0,0,1,2,H01,8,1,5,50,4,2,1,5,4,5,7,1,1,5,5,5,2,3,1,4,2,1,4,5,8,18,8,20,10,16,,67,15,1,22,9,121.5267115,25.1438135
111,9,28,15,54,2,09北投區,北投區承德路7段與立賢路口北往南方向,0,0,2,1,B03,8,1,5,60,4,2,1,5,4,5,7,1,1,9,4,5,1,17,1,70,3,10,1,1,7,6,1,4,2,15,,9,9,1,22,9,121.5049749,25.1161929
111,9,28,15,54,2,09北投區,北投區承德路7段與立賢路口北往南方向,0,0,2,2,C03,8,1,5,60,4,2,1,5,4,5,7,1,1,9,4,5,1,17,1,57,2,8,1,1,7,9,1,10,2,13,,44,9,1,22,9,121.5049749,25.1161929
111,9,28,15,54,2,09北投區,北投區承德路7段與立賢路口北往南方向,0,0,2,3,C03,8,1,5,60,4,2,1,5,4,5,7,1,1,9,4,5,1,17,2,34,2,7,1,1,7,9,1,10,2,11,,16,9,1,22,9,121.5049749,25.1161929
111,9,28,16,12,2,06松山區,松山區八德路4段559號,0,0,1,1,C03,8,1,5,50,14,7,1,5,4,5,7,4,4,1,4,4,2,12,1,53,3,10,1,1,7,8,1,10,1,13,,7,7,1,22,9,121.5732651,25.050006
111,9,28,16,12,2,06松山區,松山區八德路4段559號,0,0,1,2,C03,8,1,5,50,14,7,1,5,4,5,7,4,4,1,4,4,2,12,2,48,2,9,1,1,7,9,1,10,1,11,,44,7,1,22,9,121.5732651,25.050006
111,9,28,16,13,2,09北投區,北投區公館路148號前,0,0,3,1,C03,8,1,5,50,14,9,1,5,4,5,7,4,4,9,5,5,2,16,2,69,2,9,1,1,7,5,1,10,1,11,,8,8,1,22,9,121.505681,25.129223
111,9,28,16,13,2,09北投區,北投區公館路148號前,0,0,3,2,C03,8,1,5,50,14,9,1,5,4,5,7,4,4,9,5,5,2,16,1,19,2,9,1,1,7,9,6,10,1,14,,23,8,1,22,9,121.505681,25.129223
111,9,28,16,13,2,09北投區,北投區公館路148號前,0,0,3,3,H02,8,1,5,50,14,9,1,5,4,5,7,4,4,9,5,5,2,16,2,19,2,8,4,5,7,20,8,20,10,16,,67,8,1,22,9,121.505681,25.129223
111,9,28,16,28,2,12內湖區,內湖區內湖路1段310號前(洲子街上),0,0,1,1,B03,8,1,5,50,14,9,1,5,4,5,7,4,4,9,5,5,2,17,1,55,3,10,1,1,7,1,1,8,1,1,,19,19,1,22,9,121.5686618,25.08107525
111,9,28,16,28,2,12內湖區,內湖區內湖路1段310號前(洲子街上),0,0,1,2,C03,8,1,5,50,14,9,1,5,4,5,7,4,4,9,5,5,2,17,1,27,2,9,1,1,7,9,1,10,1,11,,44,19,1,22,9,121.5686618,25.08107525
111,9,28,16,29,2,06松山區,松山區南京東路5段與基隆路1段口,0,0,1,1,C03,8,1,5,50,5,1,1,5,4,5,7,2,1,1,4,5,2,12,1,21,3,10,1,4,7,6,1,10,2,12,,9,9,1,22,9,121.5702189,25.05110386
111,9,28,16,29,2,06松山區,松山區南京東路5段與基隆路1段口,0,0,1,2,C03,8,1,5,50,5,1,1,5,4,5,7,2,1,1,4,5,2,12,1,60,2,9,1,4,7,9,1,10,2,11,,44,9,1,22,9,121.5702189,25.05110386
111,9,28,16,32,2,11南港區,南港區南港路1段與惠民街口,0,0,1,2,C02,8,1,5,50,3,2,1,5,4,5,7,2,1,8,3,5,2,16,1,47,2,9,3,4,7,9,1,9,1,11,,44,10,1,22,9,121.6108743,25.055216
111,9,28,16,32,2,11南港區,南港區南港路1段與惠民街口,0,0,1,1,B01,8,1,5,50,3,2,1,5,4,5,7,2,1,8,3,5,2,16,1,54,3,10,3,4,7,11,1,4,1,8,,10,10,1,22,9,121.6108743,25.055216
111,9,28,16,40,2,06松山區,松山區民生東路3段122號,0,0,2,1,C03,8,1,5,50,14,9,1,5,4,5,7,4,4,3,3,5,2,13,2,53,2,9,1,1,7,9,1,10,2,11,,23,23,1,22,9,121.5453584,25.05768151
111,9,28,16,40,2,06松山區,松山區民生東路3段122號,0,0,2,2,C03,8,1,5,50,14,9,1,5,4,5,7,4,4,3,3,5,2,13,1,31,2,9,1,1,7,9,1,10,2,13,,44,23,1,22,9,121.5453584,25.05768151
111,9,28,16,45,2,12內湖區,內湖區康樂街111巷10號,0,0,1,1,B03,8,1,5,30,4,1,1,5,4,5,7,4,4,10,5,5,2,15,1,19,3,10,1,1,7,9,1,8,2,1,,6,6,1,22,9,121.6197923,25.07068931
111,9,28,16,45,2,12內湖區,內湖區康樂街111巷10號,0,0,1,2,C03,8,1,5,30,4,1,1,5,4,5,7,4,4,10,5,5,2,15,1,40,2,7,1,1,7,9,1,10,2,12,,44,6,1,22,9,121.6197923,25.07068931
111,9,28,16,50,2,03中山區,中山區民生東路1段與民生東路1段27巷口口,0,0,1,1,C03,8,2,5,30,3,2,1,5,4,5,7,4,4,5,4,5,2,17,1,55,3,10,3,4,7,6,1,10,1,15,,6,6,1,22,9,121.5248194,25.0581426
111,9,28,16,50,2,03中山區,中山區民生東路1段與民生東路1段27巷口口,0,0,1,2,C03,8,2,5,30,3,2,1,5,4,5,7,4,4,5,4,5,2,17,1,60,2,9,3,4,7,9,1,10,1,14,,14,6,1,22,9,121.5248194,25.0581426
111,9,28,16,50,2,05中正區,中正區信義路1段1號對面,0,0,1,1,B02,8,1,5,50,14,7,1,5,4,5,7,4,4,10,3,5,2,12,1,48,3,10,1,1,7,1,1,8,2,8,,19,19,1,22,9,121.5197644,25.03755679