發生年度,發生月,發生日,發生時-Hours,發生分,處理別-編號,區序,肇事地點,死亡人數,2-30日死亡人數,受傷人數,當事人序號,車種,天候,光線,道路類別,速限-速度限制,道路型態,事故位置,路面狀況1,路面狀況2,路面狀況3,道路障礙1,道路障礙2,號誌1,號誌2,車道劃分-分向,車道劃分-分道1,車道劃分-分道2,車道劃分-分道3,事故類型及型態,性別,年齡,受傷程度,主要傷處,安全帽,行動電話,車輛用途,當事者行動狀態,駕駛資格情形,駕駛執照種類,飲酒情形,車輛撞擊部位1,車輛撞擊部位2,肇因碼-個別,肇因碼-主要,個人肇逃否,職業,旅次目的,座標-X,座標-Y
111,9,28,16,50,2,05中正區,中正區信義路1段1號對面,0,0,1,2,C03,8,1,5,50,14,7,1,5,4,5,7,4,4,10,3,5,2,12,2,31,2,9,1,1,7,9,1,10,2,11,,44,19,1,22,9,121.5197644,25.03755679
111,9,28,17,40,2,07信義區,信義區和平東路3段697-12號,0,0,1,1,B03,8,1,5,40,11,9,1,5,4,5,7,4,4,5,5,5,1,12,1,42,3,10,1,1,7,9,1,8,1,5,,44,44,1,22,9,121.5638249,25.01102337
111,9,28,17,40,2,07信義區,信義區和平東路3段697-12號,0,0,1,2,C03,8,1,5,40,11,9,1,5,4,5,7,4,4,5,5,5,1,12,1,20,2,9,1,1,7,9,1,10,1,13,,17,44,1,22,9,121.5638249,25.01102337
111,9,28,17,41,2,11南港區,南港區南港路3段與南港路3段47巷口,0,0,1,1,B02,8,3,5,30,3,2,1,5,4,5,7,4,4,8,5,5,2,16,1,40,3,10,3,4,7,1,1,8,2,5,,19,19,1,22,9,121.5909998,25.0535487
111,9,28,17,41,2,11南港區,南港區南港路3段與南港路3段47巷口,0,0,1,2,C03,8,3,5,30,3,2,1,5,4,5,7,4,4,8,5,5,2,16,1,19,2,8,3,4,7,9,1,10,2,11,,44,19,1,22,9,121.5909998,25.0535487
111,9,28,17,41,2,11南港區,南港區南港路3段與南港路3段47巷口,0,0,1,3,B03,8,3,5,30,3,2,1,5,4,5,7,4,4,8,5,5,2,16,2,38,3,10,3,4,7,9,1,8,2,5,,44,19,1,22,9,121.5909998,25.0535487
111,9,28,17,54,2,02萬華區,萬華區桂林路與桂林路54巷口,0,0,2,1,C03,8,3,5,50,3,2,1,5,4,5,7,4,4,9,4,4,2,12,1,19,2,8,1,1,7,12,1,10,1,12,,44,44,1,22,9,121.5042259,25.0379295
111,9,28,17,54,2,02萬華區,萬華區桂林路與桂林路54巷口,0,0,2,2,C03,8,3,5,50,3,2,1,5,4,5,7,4,4,9,4,4,2,12,1,24,2,8,1,1,7,9,1,10,2,11,,16,44,1,22,9,121.5042259,25.0379295
111,9,28,18,5,2,03中山區,中山區長安東路2段與建國北路1段口,0,0,1,1,C03,8,3,5,50,4,2,1,5,4,5,7,1,1,1,4,5,2,16,2,64,2,1,3,4,7,8,1,10,9,12,,7,7,1,22,9,121.5369361,25.04843509
111,9,28,18,5,2,03中山區,中山區長安東路2段與建國北路1段口,0,0,1,2,B03,8,3,5,50,4,2,1,5,4,5,7,1,1,1,4,5,2,16,1,66,3,10,3,4,7,9,1,8,2,4,,44,7,1,22,9,121.5369361,25.04843509
111,9,28,18,15,2,12內湖區,內湖區內湖路1段155號,0,0,1,1,C03,8,3,5,50,14,7,1,5,4,5,7,4,4,1,4,4,2,13,2,26,2,9,1,1,7,8,1,10,1,14,,23,23,1,22,9,121.5630826,25.08356598
111,9,28,18,15,2,12內湖區,內湖區內湖路1段155號,0,0,1,2,B03,8,3,5,50,14,7,1,5,4,5,7,4,4,1,4,4,2,13,1,35,3,10,1,1,7,14,1,8,1,6,,44,23,1,22,9,121.5630826,25.08356598
111,9,28,18,20,2,12內湖區,內湖區文湖街與環山路1段口,0,0,1,1,B03,8,3,5,50,3,1,1,5,4,5,7,1,1,5,4,5,2,16,2,22,3,10,1,1,7,11,1,8,1,5,,10,10,1,22,9,121.5655762,25.08634658
111,9,28,18,20,2,12內湖區,內湖區文湖街與環山路1段口,0,0,1,2,C03,8,3,5,50,3,1,1,5,4,5,7,1,1,5,4,5,2,16,2,70,2,9,1,1,7,9,1,10,1,14,,44,10,1,22,9,121.5655762,25.08634658
111,9,28,18,20,2,12內湖區,內湖區文湖街與環山路1段口,0,0,1,3,C03,8,3,5,50,3,1,1,5,4,5,7,1,1,5,4,5,2,16,1,21,3,10,3,1,7,13,1,10,11,12,,44,10,1,22,9,121.5655762,25.08634658
111,9,28,18,20,2,12內湖區,內湖區文湖街與環山路1段口,0,0,1,4,C03,8,3,5,50,3,1,1,5,4,5,7,1,1,5,4,5,2,16,1,22,3,10,3,1,7,13,1,10,11,12,,44,10,1,22,9,121.5655762,25.08634658
111,9,28,18,35,2,04大安區,大安區復興南路2段160巷與復興南路2段口,0,0,1,1,C03,8,3,5,50,14,9,1,5,4,5,7,2,1,1,4,5,2,12,1,27,2,8,1,1,7,9,1,10,9,12,,26,26,1,21,8,121.5434425,25.02804199
111,9,28,18,35,2,04大安區,大安區復興南路2段160巷與復興南路2段口,0,0,1,2,B03,8,3,5,50,14,9,1,5,4,5,7,2,1,1,4,5,2,12,1,48,3,10,1,1,7,7,1,8,9,4,,7,26,1,21,8,121.5434425,25.02804199
111,9,28,18,38,2,11南港區,南港區重陽路269號,0,0,1,1,B03,8,1,6,50,14,7,1,5,4,5,7,4,4,5,5,4,2,16,2,48,3,10,1,1,7,1,1,8,1,4,,19,19,1,22,9,121.6037786,25.05769209
111,9,28,18,38,2,11南港區,南港區重陽路269號,0,0,1,2,C03,8,1,6,50,14,7,1,5,4,5,7,4,4,5,5,4,2,16,1,26,2,8,1,1,7,9,1,10,1,11,,13,19,1,22,9,121.6037786,25.05769209
111,9,28,18,40,2,07信義區,信義區松智路市府東大門,0,0,1,1,A02,7,1,5,50,14,9,1,5,4,5,7,2,1,9,4,5,2,9,1,50,3,10,1,1,7,15,1,2,2,15,,43,43,1,22,9,121.5655396,25.037326
111,9,28,18,40,2,07信義區,信義區松智路市府東大門,0,0,1,2,H02,7,1,5,50,14,9,1,5,4,5,7,2,1,9,4,5,2,9,1,65,2,9,4,5,7,20,8,20,10,16,,67,43,1,22,9,121.5655396,25.037326
111,9,28,18,42,2,01大同區,大同區長安西路85號,0,0,1,1,B03,8,3,5,50,14,9,1,5,4,5,7,4,4,5,5,5,2,12,2,23,3,10,1,1,7,7,1,8,1,5,,17,17,1,22,9,121.5164883,25.05103323
111,9,28,18,42,2,01大同區,大同區長安西路85號,0,0,1,2,C03,8,3,5,50,14,9,1,5,4,5,7,4,4,5,5,5,2,12,1,58,2,9,1,1,7,7,1,10,1,13,,7,17,1,22,9,121.5164883,25.05103323
111,9,28,19,17,2,04大安區,大安區仁愛路4段25號(北側快車道),0,0,1,1,B03,8,3,5,50,14,7,1,5,4,5,7,2,1,1,4,5,2,13,2,64,3,10,1,1,7,9,1,8,1,1,,42,42,1,21,8,121.544829,25.03813196
111,9,28,19,17,2,04大安區,大安區仁愛路4段25號(北側快車道),0,0,1,2,B03,8,3,5,50,14,7,1,5,4,5,7,2,1,1,4,5,2,13,1,34,2,6,1,1,7,14,1,8,1,3,,44,42,1,21,8,121.544829,25.03813196
111,9,28,19,17,2,09北投區,北投區光明路與磺港路口,0,0,1,1,B03,8,3,5,50,5,1,1,5,4,5,7,3,1,5,5,5,2,12,2,52,3,10,1,1,7,9,1,8,2,4,,23,23,1,22,9,121.501829,25.1334103
111,9,28,19,17,2,09北投區,北投區光明路與磺港路口,0,0,1,2,F03,8,3,5,50,5,1,1,5,4,5,7,3,1,5,5,5,2,12,2,68,2,3,1,1,7,9,8,20,2,16,,5,23,1,22,9,121.501829,25.1334103
111,9,28,19,30,2,07信義區,松山區復興北路地下道,0,0,1,1,C03,8,3,5,40,14,9,1,5,4,5,7,4,4,5,2,5,1,17,1,23,2,9,3,4,7,9,1,10,2,11,,16,16,1,22,9,121.5443936,25.0691413
111,9,28,19,30,2,07信義區,松山區復興北路地下道,0,0,1,2,C03,8,3,5,40,14,9,1,5,4,5,7,4,4,5,2,5,1,17,1,38,3,10,3,4,7,13,1,10,2,14,,44,16,1,22,9,121.5443936,25.0691413
111,9,28,19,34,2,04大安區,大安區忠孝東路4段17巷與復興南路1段135巷口,0,0,1,1,B01,8,3,5,30,4,1,1,5,4,5,7,4,4,10,5,5,2,3,4,,4,11,3,4,7,15,7,19,11,15,,43,43,2,22,9,121.5445315,25.04248846
111,9,28,19,34,2,04大安區,大安區忠孝東路4段17巷與復興南路1段135巷口,0,0,1,2,H01,8,3,5,30,4,1,1,5,4,5,7,4,4,10,5,5,2,3,2,40,2,8,4,5,8,16,8,20,10,16,,67,43,1,21,8,121.5445315,25.04248846
111,9,28,19,51,2,01大同區,大同區重慶北路1段與長安西路口,0,0,2,1,B01,8,3,5,50,4,2,1,5,4,5,7,2,1,1,4,5,2,16,1,39,2,8,3,4,7,11,1,4,2,5,,10,10,1,22,9,121.5140081,25.05163256
111,9,28,19,51,2,01大同區,大同區重慶北路1段與長安西路口,0,0,2,2,C03,8,3,5,50,4,2,1,5,4,5,7,2,1,1,4,5,2,16,1,20,2,9,3,4,7,9,1,10,2,11,,13,10,1,22,9,121.5140081,25.05163256
111,9,28,20,19,2,03中山區,中山區雙城街與中山北路2段183巷口,0,0,1,1,B02,7,3,5,30,4,2,1,5,4,5,7,4,4,10,5,5,2,1,1,63,3,10,3,4,7,5,1,7,1,8,,15,15,1,22,9,121.524346,25.0637102
111,9,28,20,19,2,03中山區,中山區雙城街與中山北路2段183巷口,0,0,1,2,H01,7,3,5,30,4,2,1,5,4,5,7,4,4,10,5,5,2,1,1,75,2,9,4,5,8,16,8,20,10,16,,67,15,1,22,9,121.524346,25.0637102
111,9,28,20,56,2,02萬華區,萬華區西園路1段與和平西路3段口,0,0,1,1,B03,7,3,5,50,5,2,1,5,4,5,7,1,1,1,3,5,1,16,1,71,3,10,3,4,7,9,1,8,1,4,,26,26,1,22,9,121.4993828,25.03536191
111,9,28,20,56,2,02萬華區,萬華區西園路1段與和平西路3段口,0,0,1,2,C03,7,3,5,50,5,2,1,5,4,5,7,1,1,1,3,5,1,16,1,32,2,9,3,4,7,9,1,10,1,12,,44,26,1,22,9,121.4993828,25.03536191
111,9,28,21,14,2,06松山區,松山區光復北路125號,0,0,2,1,C03,8,1,5,50,14,18,1,5,4,3,7,4,4,5,4,5,2,3,1,29,2,9,1,1,7,7,1,10,1,11,,14,14,1,22,9,121.5570735,25.0523795
111,9,28,21,14,2,06松山區,松山區光復北路125號,0,0,2,2,H01,8,1,5,50,14,18,1,5,4,3,7,4,4,5,4,5,2,3,1,21,2,9,4,5,8,16,8,20,10,16,,53,14,1,22,9,121.5570735,25.0523795
111,9,28,21,14,2,06松山區,松山區光復北路125號,0,0,2,3,B03,8,1,5,50,14,18,1,5,4,3,7,4,4,5,4,5,2,3,2,46,3,10,1,1,7,14,1,8,9,15,,26,14,1,22,9,121.5570735,25.0523795
111,9,28,21,42,2,09北投區,北投區承德路7段139號,0,0,1,1,C03,8,3,5,60,14,7,1,5,4,5,7,4,4,1,4,4,2,18,2,24,2,9,1,1,7,9,1,10,1,12,,42,42,1,22,9,121.5089277,25.1125848
111,9,28,21,42,2,09北投區,北投區承德路7段139號,0,0,1,2,,8,3,5,60,14,7,1,5,4,5,7,4,4,1,4,4,2,18,3,,,,,,,,,,,,,67,42,1,,,121.5089277,25.1125848
111,9,28,21,47,2,10文山區,文山區景興路與景興路153巷口,0,0,1,1,F01,8,3,5,50,3,2,1,5,4,5,7,1,1,1,4,5,2,17,2,56,2,9,1,1,7,8,8,20,1,16,,4,4,1,22,9,121.5446591,24.993766
111,9,28,21,47,2,10文山區,文山區景興路與景興路153巷口,0,0,1,2,B03,8,3,5,50,3,2,1,5,4,5,7,1,1,1,4,5,2,17,1,50,3,10,1,1,7,5,1,8,1,1,,44,4,1,22,9,121.5446591,24.993766
111,9,28,21,59,2,04大安區,大安區敦化南路1段190巷與忠孝東路4段77巷口,0,0,3,1,C03,8,3,5,30,4,2,1,5,4,5,7,4,4,10,5,5,1,15,2,23,2,8,1,1,7,15,1,10,1,12,,6,6,1,5,1,121.5472084,25.0426197
111,9,28,21,59,2,04大安區,大安區敦化南路1段190巷與忠孝東路4段77巷口,0,0,3,2,C04,8,3,5,30,4,2,1,5,4,5,7,4,4,10,5,5,1,15,1,25,2,8,1,1,7,15,1,10,1,11,,14,6,1,21,5,121.5472084,25.0426197
111,9,28,21,59,2,04大安區,大安區敦化南路1段190巷與忠孝東路4段77巷口,0,0,3,3,H02,8,3,5,30,4,2,1,5,4,5,7,4,4,10,5,5,1,15,2,28,2,8,1,1,7,20,8,20,10,16,,67,6,1,21,5,121.5472084,25.0426197
111,9,28,22,20,2,07信義區,信義區松仁路與松仁路95巷口,0,0,2,1,C03,8,3,5,50,3,1,1,5,4,5,7,4,4,9,4,5,1,16,1,18,2,9,3,4,7,6,3,18,1,14,,6,6,1,22,9,121.568511,25.03659456
111,9,28,22,20,2,07信義區,信義區松仁路與松仁路95巷口,0,0,2,2,B03,8,3,5,50,3,1,1,5,4,5,7,4,4,9,4,5,1,16,1,26,3,10,3,4,7,9,1,8,1,2,,13,6,1,22,9,121.568511,25.03659456
111,9,28,22,20,2,07信義區,信義區松仁路與松仁路95巷口,0,0,2,3,H02,8,3,5,50,3,1,1,5,4,5,7,4,4,9,4,5,1,16,2,18,2,9,3,5,7,20,8,20,10,16,,67,6,1,22,9,121.568511,25.03659456
111,9,28,22,30,2,09北投區,北投區中央北路1段198巷與中央北路1段口,0,0,1,1,B03,8,3,5,50,4,1,1,5,4,5,7,4,4,5,5,5,2,16,2,36,3,10,1,1,7,5,1,8,1,4,,8,8,1,22,9,121.4975403,25.13590909
111,9,28,22,30,2,09北投區,北投區中央北路1段198巷與中央北路1段口,0,0,1,2,C03,8,3,5,50,4,1,1,5,4,5,7,4,4,5,5,5,2,16,1,18,2,9,1,1,7,9,1,10,1,11,,23,8,1,22,9,121.4975403,25.13590909
111,9,28,22,38,2,03中山區,中山區南京東路3段103號,0,0,2,1,C03,8,3,5,50,14,7,1,5,4,3,5,4,4,1,4,4,2,17,1,21,2,9,1,1,7,12,1,10,2,14,,13,13,1,22,9,121.5394603,25.0520359
111,9,28,22,38,2,03中山區,中山區南京東路3段103號,0,0,2,2,C03,8,3,5,50,14,7,1,5,4,3,5,4,4,1,4,4,2,17,1,29,2,9,1,1,7,9,1,15,2,13,,44,13,1,22,9,121.5394603,25.0520359
111,9,28,22,38,2,03中山區,中山區南京東路3段103號,0,0,2,3,B03,8,3,5,50,14,7,1,5,4,3,5,4,4,1,4,4,2,17,1,40,3,10,1,1,7,1,1,8,2,15,,19,13,1,22,9,121.5394603,25.0520359
111,9,28,22,38,2,03中山區,中山區南京東路3段103號,0,0,2,4,B03,8,3,5,50,14,7,1,5,4,3,5,4,4,1,4,4,2,17,1,52,3,10,1,1,7,13,1,8,2,15,,38,13,1,22,9,121.5394603,25.0520359
111,9,28,23,4,2,01大同區,大同區鄭州路與鄭州路口台北地下街停車場出入,0,0,2,1,C03,7,3,5,40,14,9,1,5,4,5,7,4,4,1,4,5,2,17,1,26,2,9,1,4,7,6,1,10,2,13,,9,9,1,22,9,121.5152982,25.0491128
111,9,28,23,4,2,01大同區,大同區鄭州路與鄭州路口台北地下街停車場出入,0,0,2,2,C03,7,3,5,40,14,9,1,5,4,5,7,4,4,1,4,5,2,17,2,26,2,9,1,4,7,9,1,9,2,14,,14,9,1,22,9,121.5152982,25.0491128
111,9,28,23,9,2,02萬華區,萬華區莒光路183巷與莒光路口,0,0,1,1,B01,8,3,5,0,4,1,1,5,4,5,7,1,1,1,3,5,2,11,1,57,3,10,1,1,7,11,1,4,1,5,,10,10,1,22,9,121.5023443,25.0308937
111,9,28,23,9,2,02萬華區,萬華區莒光路183巷與莒光路口,0,0,1,2,C03,8,3,5,0,4,1,1,5,4,5,7,1,1,1,3,5,2,11,1,29,2,8,1,1,7,9,1,10,1,12,,44,10,1,22,9,121.5023443,25.0308937
111,9,28,23,26,2,10文山區,文山區木柵路1段與木柵路1段76巷口,0,0,1,1,B03,8,3,5,50,4,2,1,5,4,5,7,2,1,5,4,5,2,16,1,46,3,10,1,1,7,5,1,8,2,8,,8,8,1,22,9,121.5502511,24.9875003
111,9,28,23,26,2,10文山區,文山區木柵路1段與木柵路1段76巷口,0,0,1,2,C03,8,3,5,50,4,2,1,5,4,5,7,2,1,5,4,5,2,16,1,30,2,9,1,1,7,9,1,9,2,12,,44,8,1,22,9,121.5502511,24.9875003
111,9,29,0,44,2,08士林區,士林區福港街與前港街口,0,0,1,1,B01,8,3,5,50,4,1,1,5,4,5,7,4,4,10,5,5,1,16,1,63,3,10,1,1,7,5,1,4,2,4,,6,6,1,22,9,121.5176354,25.085261
111,9,29,0,44,2,08士林區,士林區福港街與前港街口,0,0,1,2,C03,8,3,5,50,4,1,1,5,4,5,7,4,4,10,5,5,1,16,1,20,2,9,1,1,7,9,1,10,2,14,,23,6,1,22,9,121.5176354,25.085261
111,9,29,0,44,2,08士林區,士林區福港街與前港街口,0,0,1,3,C03,8,3,5,50,4,1,1,5,4,5,7,4,4,10,5,5,1,16,3,,,,,,,,,,,,,67,6,1,,,121.5176354,25.085261
111,9,29,0,44,2,08士林區,士林區福港街與前港街口,0,0,1,4,C03,8,3,5,50,4,1,1,5,4,5,7,4,4,10,5,5,1,16,3,,,,,,,,,,,,,67,6,1,,,121.5176354,25.085261
111,9,29,0,44,2,08士林區,士林區福港街與前港街口,0,0,1,5,C03,8,3,5,50,4,1,1,5,4,5,7,4,4,10,5,5,1,16,3,,,,,,,,,,,,,67,6,1,,,121.5176354,25.085261
111,9,29,0,44,2,08士林區,士林區福港街與前港街口,0,0,1,6,C03,8,3,5,50,4,1,1,5,4,5,7,4,4,10,5,5,1,16,3,,,,,,,,,,,,,67,6,1,,,121.5176354,25.085261
111,9,29,0,44,2,08士林區,士林區福港街與前港街口,0,0,1,7,C03,8,3,5,50,4,1,1,5,4,5,7,4,4,10,5,5,1,16,3,,,,,,,,,,,,,67,6,1,,,121.5176354,25.085261
111,9,29,0,44,2,08士林區,士林區福港街與前港街口,0,0,1,8,C03,8,3,5,50,4,1,1,5,4,5,7,4,4,10,5,5,1,16,3,,,,,,,,,,,,,67,6,1,,,121.5176354,25.085261
111,9,29,2,7,2,06松山區,松山區塔悠路226號,0,0,2,1,C03,8,3,5,30,14,9,1,5,4,5,7,4,4,10,5,5,2,17,1,28,2,9,1,1,7,9,1,10,2,11,,44,44,1,22,9,121.5689205,25.05857275
111,9,29,2,7,2,06松山區,松山區塔悠路226號,0,0,2,2,G06,8,3,5,30,14,9,1,5,4,5,7,4,4,10,5,5,2,17,1,47,2,9,4,4,7,9,7,19,2,15,,42,44,1,22,9,121.5689205,25.05857275
111,9,29,6,41,2,05中正區,中正區忠孝西路1段38號,0,0,2,1,B01,8,1,5,50,14,9,1,5,4,5,7,4,4,1,4,5,2,16,1,66,3,10,1,1,7,8,6,18,2,6,,7,7,1,22,9,121.5163001,25.04644414
111,9,29,6,41,2,05中正區,中正區忠孝西路1段38號,0,0,2,2,C01,8,1,5,50,14,9,1,5,4,5,7,4,4,1,4,5,2,16,1,45,2,9,1,1,7,9,1,9,2,11,,13,7,1,22,9,121.5163001,25.04644414
111,9,29,6,41,2,05中正區,中正區忠孝西路1段38號,0,0,2,3,H02,8,1,5,50,14,9,1,5,4,5,7,4,4,1,4,5,2,16,2,15,2,9,4,5,7,20,8,20,10,16,,67,7,1,22,9,121.5163001,25.04644414
111,9,29,7,37,2,02萬華區,萬華區堤外便道南往北(華中187燈桿前),0,0,2,1,C03,8,1,6,40,14,9,1,5,4,5,7,4,4,10,5,5,1,17,1,25,3,10,1,1,7,4,1,10,1,12,,16,16,1,22,9,121.4881965,25.030935
111,9,29,7,37,2,02萬華區,萬華區堤外便道南往北(華中187燈桿前),0,0,2,2,C03,8,1,6,40,14,9,1,5,4,5,7,4,4,10,5,5,1,17,1,82,2,9,1,1,7,15,1,10,1,14,,44,16,1,22,9,121.4881965,25.030935
111,9,29,7,37,2,02萬華區,萬華區堤外便道南往北(華中187燈桿前),0,0,2,3,H02,8,1,6,40,14,9,1,5,4,5,7,4,4,10,5,5,1,17,2,75,2,8,4,5,7,21,8,20,10,16,,67,16,1,22,9,121.4881965,25.030935
111,9,29,7,40,2,05中正區,中正區新生南路1段與仁愛路2段口,0,0,2,1,C03,8,1,5,50,4,1,1,5,4,5,7,1,1,10,5,5,2,13,1,27,2,9,1,1,7,5,1,10,2,13,,8,8,1,22,9,121.532833,25.0380213
111,9,29,7,40,2,05中正區,中正區新生南路1段與仁愛路2段口,0,0,2,2,C03,8,1,5,50,4,1,1,5,4,5,7,1,1,10,5,5,2,13,1,52,2,1,1,1,7,9,1,10,2,11,,23,8,1,22,9,121.532833,25.0380213
111,9,29,7,40,2,12內湖區,內湖區潭美街293號,0,0,2,1,C03,8,1,5,40,14,9,1,5,4,5,7,4,4,7,4,5,2,13,2,74,2,9,1,1,7,1,1,10,2,13,,19,19,1,22,9,121.5885568,25.0578516
111,9,29,7,40,2,12內湖區,內湖區潭美街293號,0,0,2,2,C03,8,1,5,40,14,9,1,5,4,5,7,4,4,7,4,5,2,13,1,20,2,9,1,1,7,9,1,10,2,11,,23,19,1,22,9,121.5885568,25.0578516
111,9,29,7,53,2,01大同區,大同區南京西路與西寧北路口,0,0,1,1,B03,8,1,5,50,4,1,1,5,4,5,7,2,1,5,2,5,2,3,1,44,3,10,1,4,7,5,1,8,2,8,,15,15,1,22,9,121.508742,25.05338517
111,9,29,7,53,2,01大同區,大同區南京西路與西寧北路口,0,0,1,2,H01,8,1,5,50,4,1,1,5,4,5,7,2,1,5,2,5,2,3,1,60,2,9,4,5,8,16,8,20,10,16,,67,15,1,22,9,121.508742,25.05338517
111,9,29,7,59,2,10文山區,文山區新光路2段與新光路2段74巷口,0,0,2,1,C03,8,1,5,50,3,2,1,5,4,5,1,4,4,5,5,5,1,11,1,18,2,9,1,1,7,9,1,10,1,11,,13,13,1,22,9,121.5939932,24.9962467
111,9,29,7,59,2,10文山區,文山區新光路2段與新光路2段74巷口,0,0,2,2,B03,8,1,5,50,3,2,1,5,4,5,1,4,4,5,5,5,1,11,1,27,3,10,1,1,7,9,1,8,1,4,,44,13,1,22,9,121.5939932,24.9962467
111,9,29,7,59,2,10文山區,文山區新光路2段與新光路2段74巷口,0,0,2,3,H02,8,1,5,50,3,2,1,5,4,5,1,4,4,5,5,5,1,11,1,17,2,9,1,1,7,20,8,20,10,16,,67,13,1,22,9,121.5939932,24.9962467
111,9,29,8,4,2,12內湖區,內湖區瑞光路與江南街117巷8弄口,0,0,2,1,C03,8,1,5,50,4,1,1,5,4,5,7,1,1,5,4,5,2,3,2,29,2,9,1,1,7,9,1,10,1,15,,25,25,1,22,9,121.5758662,25.07579749
111,9,29,8,4,2,12內湖區,內湖區瑞光路與江南街117巷8弄口,0,0,2,2,H01,8,1,5,50,4,1,1,5,4,5,7,1,1,5,4,5,2,3,2,23,2,9,4,5,8,16,8,20,1,16,,67,25,1,22,9,121.5758662,25.07579749
111,9,29,8,8,2,10文山區,文山區辛亥路4段與辛亥路4段77巷口,0,0,1,1,B03,8,1,5,50,3,1,1,5,4,5,7,3,1,1,4,5,2,16,1,61,3,10,1,1,7,5,1,8,1,5,,6,6,1,22,9,121.558663,25.0074178
111,9,29,8,8,2,10文山區,文山區辛亥路4段與辛亥路4段77巷口,0,0,1,2,C03,8,1,5,50,3,1,1,5,4,5,7,3,1,1,4,5,2,16,1,58,2,9,1,1,7,9,1,10,1,14,,44,6,1,22,9,121.558663,25.0074178
111,9,29,8,20,2,08士林區,士林區至善路2段255燈桿,0,0,1,1,B03,8,1,5,50,14,7,1,5,4,5,7,4,4,3,3,4,1,12,2,38,3,10,1,1,7,1,1,8,1,7,,19,19,1,22,9,121.5428443,25.0972298
111,9,29,8,20,2,08士林區,士林區至善路2段255燈桿,0,0,1,2,C03,8,1,5,50,14,7,1,5,4,5,7,4,4,3,3,4,1,12,1,22,2,7,1,1,7,9,1,10,1,11,,26,19,1,22,9,121.5428443,25.0972298
111,9,29,8,25,2,02萬華區,萬華區華江橋往台北市機車道001029燈桿,0,0,1,1,C03,8,1,7,40,8,11,1,5,4,5,7,4,4,1,5,5,2,13,2,46,3,10,1,1,7,9,1,10,1,11,,23,23,1,22,9,121.488483,25.03552881
111,9,29,8,25,2,02萬華區,萬華區華江橋往台北市機車道001029燈桿,0,0,1,2,C03,8,1,7,40,8,11,1,5,4,5,7,4,4,1,5,5,2,13,2,27,2,6,1,1,7,9,1,10,1,13,,44,23,1,22,9,121.488483,25.03552881
111,9,29,8,27,2,02萬華區,萬華區堤外便道南往北(DSR351牌面前),0,0,2,1,C03,8,1,7,40,11,11,1,5,4,5,1,4,4,9,5,5,1,13,1,25,2,8,1,1,7,12,1,10,1,11,13,16,16,1,22,9,121.5008901,25.04437284
111,9,29,8,27,2,02萬華區,萬華區堤外便道南往北(DSR351牌面前),0,0,2,2,C03,8,1,7,40,11,11,1,5,4,5,1,4,4,9,5,5,1,13,1,40,3,10,1,1,7,9,1,10,1,13,,44,16,1,22,9,121.5008901,25.04437284
111,9,29,8,27,2,02萬華區,萬華區堤外便道南往北(DSR351牌面前),0,0,2,3,C03,8,1,7,40,11,11,1,5,4,5,1,4,4,9,5,5,1,13,2,38,2,8,1,1,7,12,1,10,1,11,,16,16,1,22,9,121.5008901,25.04437284
111,9,29,8,27,2,04大安區,大安區信義路2段與新生南路1段口,0,0,1,1,F01,8,1,5,0,4,1,1,5,4,5,7,2,1,1,4,5,2,11,2,64,2,9,1,1,7,11,8,20,1,16,,25,25,1,22,9,121.5329508,25.0335179
111,9,29,8,27,2,04大安區,大安區信義路2段與新生南路1段口,0,0,1,2,B03,8,1,5,0,4,1,1,5,4,5,7,2,1,1,4,5,2,11,1,29,3,10,3,4,7,5,1,8,1,8,,8,25,1,22,9,121.5329508,25.0335179
111,9,29,8,30,2,06松山區,松山區民權東路3段102號,0,0,2,1,C03,8,1,5,50,14,9,1,5,4,5,7,4,4,3,4,5,2,13,1,42,2,9,1,1,7,9,1,10,2,12,,23,23,1,22,9,121.5447758,25.06203079
111,9,29,8,30,2,06松山區,松山區民權東路3段102號,0,0,2,2,C03,8,1,5,50,14,9,1,5,4,5,7,4,4,3,4,5,2,13,2,27,2,9,1,1,7,9,1,10,2,11,,44,23,1,22,9,121.5447758,25.06203079
111,9,29,8,30,2,06松山區,松山區民權東路3段102號,0,0,2,3,B03,8,1,5,50,14,9,1,5,4,5,7,4,4,3,4,5,2,13,1,46,3,10,1,1,7,13,1,8,2,7,,38,23,1,22,9,121.5447758,25.06203079
111,9,29,8,30,2,08士林區,士林區延平北路5段11號,0,0,1,1,A02,8,1,5,50,14,9,1,5,4,5,7,1,1,1,4,5,1,13,1,65,3,10,3,4,7,1,1,2,1,8,,19,19,1,22,9,121.5104803,25.08121309
111,9,29,8,30,2,08士林區,士林區延平北路5段11號,0,0,1,2,C03,8,1,5,50,14,9,1,5,4,5,7,1,1,1,4,5,1,13,2,53,2,9,3,4,7,9,1,10,1,13,,44,19,1,22,9,121.5104803,25.08121309
111,9,29,8,37,2,08士林區,士林區堤外便道與百齡堤外停車場口(槌球場),0,0,3,1,C03,8,1,5,50,4,1,1,5,4,5,7,4,4,5,5,5,2,17,1,68,2,9,1,1,7,9,1,10,2,11,,23,23,1,22,9,121.5123842,25.08604226
111,9,29,8,37,2,08士林區,士林區堤外便道與百齡堤外停車場口(槌球場),0,0,3,2,C03,8,1,5,50,4,1,1,5,4,5,7,4,4,5,5,5,2,17,1,25,2,5,1,1,7,9,1,10,2,13,,42,23,1,22,9,121.5123842,25.08604226