發生年度,發生月,發生日,發生時-Hours,發生分,處理別-編號,區序,肇事地點,死亡人數,2-30日死亡人數,受傷人數,當事人序號,車種,天候,光線,道路類別,速限-速度限制,道路型態,事故位置,路面狀況1,路面狀況2,路面狀況3,道路障礙1,道路障礙2,號誌1,號誌2,車道劃分-分向,車道劃分-分道1,車道劃分-分道2,車道劃分-分道3,事故類型及型態,性別,年齡,受傷程度,主要傷處,安全帽,行動電話,車輛用途,當事者行動狀態,駕駛資格情形,駕駛執照種類,飲酒情形,車輛撞擊部位1,車輛撞擊部位2,肇因碼-個別,肇因碼-主要,個人肇逃否,職業,旅次目的,座標-X,座標-Y
111,9,29,8,37,2,08士林區,士林區堤外便道與百齡堤外停車場口(槌球場),0,0,3,3,C03,8,1,5,50,4,1,1,5,4,5,7,4,4,5,5,5,2,17,1,29,3,10,1,1,7,14,1,10,2,13,,44,23,1,22,9,121.5123842,25.08604226
111,9,29,8,37,2,08士林區,士林區堤外便道與百齡堤外停車場口(槌球場),0,0,3,4,B03,8,1,5,50,4,1,1,5,4,5,7,4,4,5,5,5,2,17,1,45,3,10,3,4,7,9,1,8,2,5,,14,23,1,22,9,121.5123842,25.08604226
111,9,29,8,37,2,08士林區,士林區堤外便道與百齡堤外停車場口(槌球場),0,0,3,5,H02,8,1,5,50,4,1,1,5,4,5,7,4,4,5,5,5,2,17,2,34,2,9,1,5,7,20,8,20,10,16,,67,23,1,22,9,121.5123842,25.08604226
111,9,29,8,54,2,09北投區,北投區大度路3段與關渡路口,0,0,1,1,B03,8,1,5,50,14,9,1,5,4,5,7,1,1,9,4,5,2,16,1,28,3,10,1,1,7,6,1,8,1,6,,9,9,1,22,9,121.4694872,25.12288686
111,9,29,8,54,2,09北投區,北投區大度路3段與關渡路口,0,0,1,2,C03,8,1,5,50,14,9,1,5,4,5,7,1,1,9,4,5,2,16,2,24,2,7,1,1,7,9,1,10,1,11,,44,9,1,22,9,121.4694872,25.12288686
111,9,29,9,0,2,09北投區,北投區大度路2段與承德路7段401巷620弄口,0,0,1,1,B01,8,1,5,50,4,1,1,5,4,5,7,2,1,1,4,5,2,17,1,68,3,10,1,1,7,6,1,8,1,5,,9,9,1,22,9,121.4858995,25.12165029
111,9,29,9,0,2,09北投區,北投區大度路2段與承德路7段401巷620弄口,0,0,1,2,C03,8,1,5,50,4,1,1,5,4,5,7,2,1,1,4,5,2,17,1,48,2,9,1,1,7,9,1,10,1,11,,44,9,1,22,9,121.4858995,25.12165029
111,9,29,9,2,2,08士林區,士林區忠誠路2段207巷1號旁,0,0,1,1,B02,8,1,5,50,14,9,1,5,4,5,7,4,4,10,4,5,1,16,1,58,3,10,1,1,7,1,1,8,1,5,,19,19,1,22,9,121.5365373,25.11644504
111,9,29,9,2,2,08士林區,士林區忠誠路2段207巷1號旁,0,0,1,2,C03,8,1,5,50,14,9,1,5,4,5,7,4,4,10,4,5,1,16,2,18,2,9,1,1,7,9,1,10,1,11,,23,19,1,22,9,121.5365373,25.11644504
111,9,29,9,5,2,03中山區,中山區民權東路2段與新生北路2段口,0,0,2,1,C03,8,1,5,50,4,1,1,5,4,5,7,1,1,10,4,5,1,15,1,34,2,7,1,1,7,9,1,10,1,11,,25,25,1,22,9,121.5278753,25.0625445
111,9,29,9,5,2,03中山區,中山區民權東路2段與新生北路2段口,0,0,2,2,C03,8,1,5,50,4,1,1,5,4,5,7,1,1,10,4,5,1,15,2,33,2,8,1,1,7,9,1,10,1,11,,44,25,1,22,9,121.5278753,25.0625445
111,9,29,9,12,2,08士林區,士林區中正路與福林路口,0,0,1,1,B03,8,1,5,50,4,1,1,5,4,5,7,2,1,3,3,5,1,12,2,62,3,10,1,1,7,6,1,8,1,2,,9,9,1,22,9,121.5318161,25.096404
111,9,29,9,12,2,08士林區,士林區中正路與福林路口,0,0,1,2,C03,8,1,5,50,4,1,1,5,4,5,7,2,1,3,3,5,1,12,1,34,2,8,1,1,7,9,1,10,1,14,,44,9,1,22,9,121.5318161,25.096404
111,9,29,9,15,2,05中正區,中正區林森北路7-1號,0,0,1,1,B03,8,1,5,50,14,9,1,5,4,5,7,4,4,9,4,5,1,13,1,40,3,10,1,1,7,8,1,8,2,3,,7,7,1,22,9,121.523587,25.0458571
111,9,29,9,15,2,05中正區,中正區林森北路7-1號,0,0,1,2,C01,8,1,5,50,14,9,1,5,4,5,7,4,4,9,4,5,1,13,1,33,2,9,1,1,7,9,1,9,2,11,,23,7,1,22,9,121.523587,25.0458571
111,9,29,9,15,2,05中正區,中正區林森北路7-1號,0,0,1,3,C03,8,1,5,50,14,9,1,5,4,5,7,4,4,9,4,5,1,13,1,59,3,10,1,1,7,5,1,10,2,13,,8,7,1,22,9,121.523587,25.0458571
111,9,29,9,40,2,10文山區,文山區興隆路3段與興隆路3段181巷口,0,0,1,1,G03,8,3,5,50,5,1,1,5,4,5,7,4,4,1,4,5,2,17,1,63,3,10,1,1,7,11,1,7,1,1,,42,42,1,22,9,121.5599555,24.995804
111,9,29,9,40,2,10文山區,文山區興隆路3段與興隆路3段181巷口,0,0,1,2,C03,8,3,5,50,5,1,1,5,4,5,7,4,4,1,4,5,2,17,2,63,2,9,1,1,7,9,1,10,1,12,,44,42,1,22,9,121.5599555,24.995804
111,9,29,9,50,2,04大安區,大安區復興南路2段193巷與和平東路2段265巷口,0,0,1,1,B03,8,1,5,30,4,1,1,5,4,5,7,4,4,8,1,5,2,15,1,24,3,10,1,1,7,9,1,8,1,2,,44,44,1,22,9,121.5440437,25.0265455
111,9,29,9,50,2,04大安區,大安區復興南路2段193巷與和平東路2段265巷口,0,0,1,2,C03,8,1,5,30,4,1,1,5,4,5,7,4,4,8,1,5,2,15,2,21,2,9,1,1,7,9,1,10,1,11,,6,44,1,22,9,121.5440437,25.0265455
111,9,29,9,50,2,09北投區,北投區承德路6段與洲美街口,0,0,3,1,C03,8,1,5,40,4,2,1,5,4,5,7,1,1,1,4,4,2,13,2,20,2,9,3,4,7,9,1,10,1,11,,16,16,1,22,9,121.5129437,25.09919375
111,9,29,9,50,2,09北投區,北投區承德路6段與洲美街口,0,0,3,2,C03,8,1,5,40,4,2,1,5,4,5,7,1,1,1,4,4,2,13,2,52,2,9,3,4,7,9,1,10,1,13,,13,16,1,22,9,121.5129437,25.09919375
111,9,29,9,50,2,09北投區,北投區承德路6段與洲美街口,0,0,3,3,C03,8,1,5,40,4,2,1,5,4,5,7,1,1,1,4,4,2,13,2,38,2,7,3,4,7,9,1,10,1,13,,44,16,1,22,9,121.5129437,25.09919375
111,9,29,9,53,2,02萬華區,萬華區艋舺大道74號對面,0,0,1,1,B03,8,1,5,50,14,9,1,5,4,5,7,4,4,10,5,5,2,17,1,58,3,10,3,4,7,8,1,8,1,2,,7,7,1,22,9,121.5023649,25.03405327
111,9,29,9,53,2,02萬華區,萬華區艋舺大道74號對面,0,0,1,2,C03,8,1,5,50,14,9,1,5,4,5,7,4,4,10,5,5,2,17,1,33,2,9,3,4,7,9,6,10,1,11,,42,7,1,22,9,121.5023649,25.03405327
111,9,29,9,55,2,10文山區,文山區萬美街2段(117號停車格),0,0,1,2,B03,8,1,5,40,14,9,1,5,4,5,7,4,4,5,5,5,1,12,2,37,3,10,3,4,7,13,1,8,11,7,,44,23,1,22,9,121.5620611,25.003402
111,9,29,9,55,2,10文山區,文山區萬美街2段(117號停車格),0,0,1,1,C03,8,1,5,40,14,9,1,5,4,5,7,4,4,5,5,5,1,12,2,32,2,9,1,1,7,9,3,18,1,12,,23,23,1,22,9,121.5620611,25.003402
111,9,29,10,0,2,10文山區,文山區興隆路3段153號與興隆路3段口,0,0,1,1,B03,8,1,5,50,4,2,1,5,4,5,7,1,1,1,4,5,2,17,1,48,3,10,1,1,7,5,1,8,1,4,4,8,8,1,22,9,121.5591878,24.9979797
111,9,29,10,0,2,10文山區,文山區興隆路3段153號與興隆路3段口,0,0,1,2,C03,8,1,5,50,4,2,1,5,4,5,7,1,1,1,4,5,2,17,2,22,2,8,1,1,7,9,1,10,1,12,12,44,8,1,22,9,121.5591878,24.9979797
111,9,29,10,5,2,03中山區,中山區長安東路2段與建國北路1段口,0,0,1,1,B03,8,1,5,50,4,1,1,5,4,5,7,1,1,1,4,5,2,16,1,65,3,10,1,1,7,6,1,8,1,5,,9,9,1,22,9,121.5364425,25.0484141
111,9,29,10,5,2,03中山區,中山區長安東路2段與建國北路1段口,0,0,1,2,C03,8,1,5,50,4,1,1,5,4,5,7,1,1,1,4,5,2,16,1,32,2,9,1,1,7,9,1,9,1,14,,44,9,1,22,9,121.5364425,25.0484141
111,9,29,10,5,2,05中正區,中正區臨沂街與金山南路1段67巷口,0,0,1,1,C03,8,1,5,30,4,1,1,5,4,5,7,4,4,10,5,5,2,16,1,53,2,7,1,1,7,9,1,10,2,11,,6,6,1,22,9,121.5292109,25.03769024
111,9,29,10,5,2,05中正區,中正區臨沂街與金山南路1段67巷口,0,0,1,2,C03,8,1,5,30,4,1,1,5,4,5,7,4,4,10,5,5,2,16,1,40,3,10,1,1,7,9,1,10,2,12,,23,6,1,22,9,121.5292109,25.03769024
111,9,29,10,11,2,09北投區,北投區文林北路與自強街口,0,0,3,1,C03,8,1,5,50,14,9,1,5,4,5,7,1,1,9,4,5,2,17,1,30,2,8,1,1,7,12,1,10,1,12,,13,13,1,22,9,121.5121153,25.10976803
111,9,29,10,11,2,09北投區,北投區文林北路與自強街口,0,0,3,2,C03,8,1,5,50,14,9,1,5,4,5,7,1,1,9,4,5,2,17,2,27,2,9,1,1,7,9,1,10,1,11,,44,13,1,22,9,121.5121153,25.10976803
111,9,29,10,11,2,09北投區,北投區文林北路與自強街口,0,0,3,3,C03,8,1,5,50,14,9,1,5,4,5,7,1,1,9,4,5,2,17,2,34,2,8,1,1,7,9,1,10,1,15,,44,13,1,22,9,121.5121153,25.10976803
111,9,29,10,13,2,03中山區,中山區南京東路1段與新生北路1段口,0,0,1,1,C03,8,1,5,50,4,1,1,5,4,5,7,1,1,1,4,5,2,16,1,26,2,8,1,1,7,9,1,10,9,14,,43,43,1,22,9,121.5274948,25.05198798
111,9,29,10,13,2,03中山區,中山區南京東路1段與新生北路1段口,0,0,1,2,B01,8,1,5,50,4,1,1,5,4,5,7,1,1,1,4,5,2,16,4,,4,11,3,4,7,15,7,19,11,15,,43,43,2,22,9,121.5274948,25.05198798
111,9,29,10,30,2,08士林區,士林區仰德大道1段國安局,0,0,1,1,C03,8,1,5,40,11,9,1,5,4,5,7,4,4,5,5,5,1,18,1,19,2,9,1,1,7,15,1,10,2,12,,42,42,1,22,9,121.5344557,25.10780547
111,9,29,10,30,2,08士林區,士林區仰德大道1段國安局,0,0,1,2,C03,8,1,5,40,11,9,1,5,4,5,7,4,4,5,5,5,1,18,1,21,3,10,3,4,7,13,7,19,11,15,,44,42,1,22,9,121.5344557,25.10780547
111,9,29,10,37,2,08士林區,士林區士東路200巷與士東路200巷31弄口,0,0,2,1,C03,8,1,5,30,3,2,1,5,4,5,7,4,4,9,4,5,2,17,2,52,2,9,1,1,7,5,1,10,1,14,,8,8,1,22,9,121.5338091,25.11146459
111,9,29,10,37,2,08士林區,士林區士東路200巷與士東路200巷31弄口,0,0,2,2,C04,8,1,5,30,3,2,1,5,4,5,7,4,4,9,4,5,2,17,2,64,2,8,1,1,7,9,1,8,1,11,,14,8,1,22,9,121.5338091,25.11146459
111,9,29,10,46,2,03中山區,中山區撫順街41巷1-6號,0,0,1,1,C03,8,1,5,30,14,9,1,5,4,5,7,4,4,10,5,5,2,12,1,66,2,7,1,1,7,9,1,10,1,12,,23,23,1,22,9,121.5193507,25.0638281
111,9,29,10,46,2,03中山區,中山區撫順街41巷1-6號,0,0,1,2,B03,8,1,5,30,14,9,1,5,4,5,7,4,4,10,5,5,2,12,2,30,3,10,1,1,7,13,1,8,1,7,,38,23,1,22,9,121.5193507,25.0638281
111,9,29,10,46,2,04大安區,大安區大安路1段與復興南路1段107巷口,0,0,1,1,B12,8,1,5,30,4,1,1,5,4,5,7,4,4,9,4,5,2,15,1,25,3,10,1,1,7,9,1,8,1,5,,26,26,1,21,8,121.5461752,25.04358892
111,9,29,10,46,2,04大安區,大安區大安路1段與復興南路1段107巷口,0,0,1,2,C03,8,1,5,30,4,1,1,5,4,5,7,4,4,9,4,5,2,15,1,33,2,8,1,1,7,9,6,10,1,11,,44,26,1,21,8,121.5461752,25.04358892
111,9,29,10,57,2,09北投區,北投區中和街與大同街口,0,0,1,1,C03,8,1,5,50,4,2,1,5,4,5,7,1,1,9,4,5,1,3,1,39,3,10,1,1,7,5,1,10,1,11,,15,15,1,22,9,121.4993838,25.14140292
111,9,29,10,57,2,09北投區,北投區中和街與大同街口,0,0,1,2,H01,8,1,5,50,4,2,1,5,4,5,7,1,1,9,4,5,1,3,2,59,2,9,4,5,8,16,8,20,10,16,,67,15,1,22,9,121.4993838,25.14140292
111,9,29,10,59,2,05中正區,中正區中山南路與信義路1段口,0,0,2,1,C03,8,1,5,40,5,2,1,5,4,5,7,1,1,1,4,5,2,17,2,37,2,9,1,1,7,9,1,10,2,11,,23,23,1,22,9,121.5180691,25.0384183
111,9,29,10,59,2,05中正區,中正區中山南路與信義路1段口,0,0,2,2,F01,8,1,5,40,5,2,1,5,4,5,7,1,1,1,4,5,2,17,2,63,2,9,1,1,7,11,8,20,2,16,,11,23,1,22,9,121.5180691,25.0384183
111,9,29,11,3,2,04大安區,大安區信義路2段230號,0,0,1,1,C03,8,1,5,50,14,9,1,5,4,5,7,4,4,10,4,5,2,13,1,43,2,7,1,4,7,9,3,18,11,11,,23,23,1,22,9,121.5320705,25.0335141
111,9,29,11,3,2,04大安區,大安區信義路2段230號,0,0,1,2,B03,8,1,5,50,14,9,1,5,4,5,7,4,4,10,4,5,2,13,1,39,3,10,1,4,7,9,1,8,11,3,,44,23,1,22,9,121.5320705,25.0335141
111,9,29,11,10,2,01大同區,大同區塔城街36號,0,0,1,1,B01,8,1,5,50,14,9,1,5,4,5,7,4,4,9,4,5,2,16,1,59,3,10,1,1,7,11,1,4,1,8,,10,10,1,22,9,121.5104322,25.05197691
111,9,29,11,10,2,01大同區,大同區塔城街36號,0,0,1,2,C03,8,1,5,50,14,9,1,5,4,5,7,4,4,9,4,5,2,16,1,20,2,9,1,1,7,9,1,10,1,12,,44,10,1,22,9,121.5104322,25.05197691
111,9,29,11,35,2,08士林區,士林區雨聲街68號,0,0,1,1,C04,8,1,5,30,14,9,1,5,4,5,7,4,4,5,5,5,2,12,1,43,2,8,1,1,7,5,1,10,1,13,,8,8,1,22,9,121.5287585,25.10382602
111,9,29,11,35,2,08士林區,士林區雨聲街68號,0,0,1,2,C03,8,1,5,30,14,9,1,5,4,5,7,4,4,5,5,5,2,12,1,27,3,10,1,1,7,9,1,10,1,11,,23,8,1,22,9,121.5287585,25.10382602
111,9,29,11,46,2,11南港區,南港區忠孝東路7段369號,0,0,1,1,B03,8,1,5,50,14,9,1,5,4,5,7,4,4,5,4,5,2,12,1,54,3,10,1,1,7,1,1,8,1,4,,19,19,1,22,9,121.6078553,25.0525528
111,9,29,11,46,2,11南港區,南港區忠孝東路7段369號,0,0,1,2,C03,8,1,5,50,14,9,1,5,4,5,7,4,4,5,4,5,2,12,1,50,2,9,1,1,7,9,1,10,1,12,,44,19,1,22,9,121.6078553,25.0525528
111,9,29,11,50,2,03中山區,中山區長安東路2段與建國北路1段口,0,0,1,1,C03,8,1,5,50,4,1,1,5,4,5,7,1,1,5,4,5,2,16,2,78,2,9,1,4,7,9,1,10,1,14,,26,26,1,22,9,121.536512,25.0483282
111,9,29,11,50,2,03中山區,中山區長安東路2段與建國北路1段口,0,0,1,2,B01,8,1,5,50,4,1,1,5,4,5,7,1,1,5,4,5,2,16,1,40,3,10,3,4,7,6,1,4,1,2,,44,26,1,22,9,121.536512,25.0483282
111,9,29,11,52,2,05中正區,中正區三元街225號與和平西路2段16巷口口,0,0,2,1,B12,8,1,5,30,3,1,1,5,4,3,5,4,4,1,4,4,1,17,1,44,3,10,1,1,7,1,1,8,2,8,,19,19,1,22,9,121.5135467,25.02750985
111,9,29,11,52,2,05中正區,中正區三元街225號與和平西路2段16巷口口,0,0,2,2,C03,8,1,5,30,3,1,1,5,4,3,5,4,4,1,4,4,1,17,1,40,2,9,1,1,7,9,1,10,2,11,,13,19,1,22,9,121.5135467,25.02750985
111,9,29,11,52,2,05中正區,中正區三元街225號與和平西路2段16巷口口,0,0,2,3,C03,8,1,5,30,3,1,1,5,4,3,5,4,4,1,4,4,1,17,1,31,2,9,1,1,7,9,1,10,2,11,,14,19,1,22,9,121.5135467,25.02750985
111,9,29,12,15,2,09北投區,北投區光明路174號,0,0,1,1,B02,8,1,5,50,14,9,1,5,4,5,7,4,4,9,4,5,2,13,1,49,3,10,1,1,7,9,1,8,1,1,,23,23,1,22,9,121.5030517,25.1355723
111,9,29,12,15,2,09北投區,北投區光明路174號,0,0,1,2,C03,8,1,5,50,14,9,1,5,4,5,7,4,4,9,4,5,2,13,2,57,2,8,1,1,7,7,1,10,1,13,,7,23,1,22,9,121.5030517,25.1355723
111,9,29,12,28,2,09北投區,北投區中央北路4段與中央北路4段142巷口,0,0,2,1,C03,8,1,5,50,3,1,1,5,4,5,7,1,1,4,4,5,2,17,1,21,2,8,1,1,7,11,1,10,2,12,,10,10,1,22,9,121.4759598,25.13342797
111,9,29,12,28,2,09北投區,北投區中央北路4段與中央北路4段142巷口,0,0,2,2,C04,8,1,5,50,3,1,1,5,4,5,7,1,1,4,4,5,2,17,2,52,2,9,1,1,7,9,4,11,2,11,,44,10,1,22,9,121.4759598,25.13342797
111,9,29,12,29,2,06松山區,松山區民生東路3段113巷與民權東路3段106巷15弄口,0,0,1,1,C03,8,1,5,30,4,1,1,5,4,5,7,4,4,10,5,5,2,15,1,41,2,9,1,1,7,9,1,10,1,12,,6,6,1,22,9,121.5461996,25.0599537
111,9,29,12,29,2,06松山區,松山區民生東路3段113巷與民權東路3段106巷15弄口,0,0,1,2,B01,8,1,5,30,4,1,1,5,4,5,7,4,4,10,5,5,2,15,1,45,3,10,1,1,7,9,1,4,1,1,,23,6,1,22,9,121.5461996,25.0599537
111,9,29,12,35,2,11南港區,南港區研究院路1段101巷與研究院路1段口,0,0,1,1,B03,8,1,5,50,4,1,1,5,4,5,7,2,1,1,3,5,2,16,1,46,3,10,1,1,7,5,1,8,1,1,,8,8,1,22,9,121.6161396,25.0519487
111,9,29,12,35,2,11南港區,南港區研究院路1段101巷與研究院路1段口,0,0,1,2,C03,8,1,5,50,4,1,1,5,4,5,7,2,1,1,3,5,2,16,1,29,2,9,1,1,7,9,1,10,1,11,,44,8,1,22,9,121.6161396,25.0519487
111,9,29,12,53,2,09北投區,北投區中和街195號前,0,0,1,1,C02,8,1,5,50,14,9,1,5,4,5,7,4,4,10,5,5,2,13,1,21,2,9,1,1,7,9,1,9,1,11,,23,23,1,22,9,121.5017723,25.13895545
111,9,29,12,53,2,09北投區,北投區中和街195號前,0,0,1,2,B02,8,1,5,50,14,9,1,5,4,5,7,4,4,10,5,5,2,13,2,35,3,10,1,1,7,6,1,8,1,6,,44,23,1,22,9,121.5017723,25.13895545
111,9,29,13,0,2,08士林區,士林區中山北路5段銘傳大學旁,0,0,1,1,C03,8,1,5,40,14,9,1,5,4,5,7,4,4,10,5,5,2,13,2,19,3,10,1,1,7,9,1,10,1,11,,23,23,1,22,9,121.5269151,25.08761526
111,9,29,13,0,2,08士林區,士林區中山北路5段銘傳大學旁,0,0,1,2,C03,8,1,5,40,14,9,1,5,4,5,7,4,4,10,5,5,2,13,1,21,2,8,1,1,7,12,1,10,1,13,,44,23,1,22,9,121.5269151,25.08761526
111,9,29,13,19,2,04大安區,大安區延吉街與光復南路420巷口,0,0,1,1,B01,8,1,5,30,4,1,1,5,4,5,7,4,4,10,5,5,2,13,1,67,3,10,1,1,7,9,1,4,1,5,,16,16,1,22,9,121.5556032,25.0364703
111,9,29,13,19,2,04大安區,大安區延吉街與光復南路420巷口,0,0,1,2,B03,8,1,5,30,4,1,1,5,4,5,7,4,4,10,5,5,2,13,1,62,3,10,1,1,7,14,1,8,1,3,,44,16,1,22,9,121.5556032,25.0364703
111,9,29,13,19,2,04大安區,大安區延吉街與光復南路420巷口,0,0,1,3,H02,8,1,5,30,4,1,1,5,4,5,7,4,4,10,5,5,2,13,1,32,2,9,1,1,7,17,8,20,10,16,,67,16,1,22,9,121.5556032,25.0364703
111,9,29,13,35,2,03中山區,中山區吉林路174巷前,0,0,1,1,B01,8,1,5,40,14,7,1,5,4,5,7,4,4,9,4,4,2,16,1,23,3,10,3,4,7,1,1,4,1,8,,19,19,1,22,9,121.5301649,25.05715753
111,9,29,13,35,2,03中山區,中山區吉林路174巷前,0,0,1,2,C03,8,1,5,40,14,7,1,5,4,5,7,4,4,9,4,4,2,16,1,52,2,9,1,4,7,9,1,10,1,12,,44,19,1,22,9,121.5301649,25.05715753
111,9,29,14,10,2,08士林區,士林區延平北路7段106巷臨319號,0,0,1,1,C03,8,1,5,30,14,9,1,5,4,3,6,4,4,10,5,5,2,17,1,53,2,7,1,1,7,6,1,10,1,12,,13,13,1,22,9,121.4957323,25.10327221
111,9,29,14,10,2,08士林區,士林區延平北路7段106巷臨319號,0,0,1,2,C03,8,1,5,30,14,9,1,5,4,3,6,4,4,10,5,5,2,17,1,61,3,10,1,1,7,9,6,10,1,15,,44,13,1,22,9,121.4957323,25.10327221
111,9,29,14,10,2,08士林區,士林區延平北路7段106巷臨319號,0,0,1,3,B12,8,1,5,30,14,9,1,5,4,3,6,4,4,10,5,5,2,17,1,35,3,10,1,1,7,14,1,8,1,15,,38,13,1,22,9,121.4957323,25.10327221
111,9,29,14,11,2,07信義區,信義區松仁路與松廉路口口,0,0,1,1,B02,8,1,5,50,3,2,1,5,4,5,7,4,4,1,4,5,2,12,1,43,3,10,1,1,7,6,1,8,1,2,,9,9,1,22,9,121.5682193,25.0340143
111,9,29,14,11,2,07信義區,信義區松仁路與松廉路口口,0,0,1,2,C03,8,1,5,50,3,2,1,5,4,5,7,4,4,1,4,5,2,12,1,46,2,9,1,1,7,9,1,10,1,14,,44,9,1,22,9,121.5682193,25.0340143
111,9,29,14,47,2,03中山區,中山區北安路55號,0,0,1,1,B01,8,1,5,50,14,9,1,5,4,5,7,1,1,1,4,5,1,17,1,57,3,10,1,1,7,8,1,4,1,3,,7,7,1,22,9,121.5279102,25.07706591
111,9,29,14,47,2,03中山區,中山區北安路55號,0,0,1,2,C03,8,1,5,50,14,9,1,5,4,5,7,1,1,1,4,5,1,17,1,23,3,10,1,1,7,9,1,10,1,11,,13,7,1,22,9,121.5279102,25.07706591
111,9,29,14,47,2,03中山區,中山區北安路55號,0,0,1,3,C03,8,1,5,50,14,9,1,5,4,5,7,1,1,1,4,5,1,17,1,22,2,7,1,1,7,9,1,10,1,11,,13,7,1,22,9,121.5279102,25.07706591
111,9,29,14,47,2,07信義區,信義區市民大道5段193號對面,0,0,2,1,C03,8,1,5,40,14,9,1,5,4,5,7,4,4,9,4,5,2,13,1,32,2,9,1,1,7,9,6,18,2,11,,16,16,1,22,9,121.5662002,25.04834027
111,9,29,14,47,2,07信義區,信義區市民大道5段193號對面,0,0,2,2,F01,8,1,5,40,14,9,1,5,4,5,7,4,4,9,4,5,2,13,1,39,2,9,1,1,7,9,8,20,2,16,,44,16,1,22,9,121.5662002,25.04834027
111,9,29,15,5,2,03中山區,中山區長安東路2段與伊通街口,0,0,2,1,B03,8,1,5,50,4,1,1,5,4,5,7,1,1,5,4,5,2,16,1,52,3,10,1,1,7,5,1,8,1,4,,8,8,1,22,9,121.5347359,25.0484276
111,9,29,15,5,2,03中山區,中山區長安東路2段與伊通街口,0,0,2,2,C03,8,1,5,50,4,1,1,5,4,5,7,1,1,5,4,5,2,16,2,29,2,9,1,1,7,9,1,10,1,12,,44,8,1,22,9,121.5347359,25.0484276
111,9,29,15,5,2,03中山區,中山區長安東路2段與伊通街口,0,0,2,3,H02,8,1,5,50,4,1,1,5,4,5,7,1,1,5,4,5,2,16,2,50,2,9,1,5,7,21,8,20,1,16,,67,8,1,22,9,121.5347359,25.0484276
111,9,29,15,20,2,05中正區,中正區羅斯福路3段96號,0,0,1,1,B03,8,1,5,50,14,9,1,5,4,5,7,4,4,1,4,5,1,13,1,57,3,10,1,1,7,9,1,8,1,6,,44,44,1,22,9,121.526891,25.021594
111,9,29,15,20,2,05中正區,中正區羅斯福路3段96號,0,0,1,2,C03,8,1,5,50,14,9,1,5,4,5,7,4,4,1,4,5,1,13,1,58,2,9,1,1,7,9,1,10,1,11,,23,44,1,22,9,121.526891,25.021594
111,9,29,15,45,2,01大同區,大同區民權西路與承德路2段口,0,0,2,2,C03,8,1,5,50,4,2,1,5,4,5,7,2,1,1,4,5,2,13,1,37,2,6,3,4,7,8,1,10,1,13,,7,42,1,22,9,121.51822,25.0628392
111,9,29,15,45,2,01大同區,大同區民權西路與承德路2段口,0,0,2,3,C03,8,1,5,50,4,2,1,5,4,5,7,2,1,1,4,5,2,13,2,25,2,8,3,4,7,9,1,10,1,11,,23,42,1,22,9,121.51822,25.0628392
111,9,29,15,45,2,01大同區,大同區民權西路與承德路2段口,0,0,2,1,C03,8,1,5,50,4,2,1,5,4,5,7,2,1,1,4,5,2,13,1,30,4,11,3,4,7,15,7,19,11,15,,42,42,2,22,9,121.51822,25.0628392
111,9,29,15,59,2,08士林區,士林區承德路4段與大南路口,0,0,1,1,B03,8,1,5,50,5,1,1,5,4,5,7,2,1,1,3,5,1,12,1,38,3,10,1,1,7,8,1,8,1,5,,7,7,1,22,9,121.5216086,25.0889076
111,9,29,15,59,2,08士林區,士林區承德路4段與大南路口,0,0,1,2,C04,8,1,5,50,5,1,1,5,4,5,7,2,1,1,3,5,1,12,2,35,2,7,1,1,7,7,1,10,1,14,,7,7,1,22,9,121.5216086,25.0889076
111,9,29,16,20,2,10文山區,文山區萬芳路與萬和街口,0,0,1,1,A12,8,1,5,50,14,9,1,5,4,5,7,2,1,5,2,5,2,13,1,54,3,10,1,1,7,9,1,7,2,1,,23,23,1,22,9,121.5692438,24.9987824
111,9,29,16,20,2,10文山區,文山區萬芳路與萬和街口,0,0,1,2,B01,8,1,5,50,14,9,1,5,4,5,7,2,1,5,2,5,2,13,1,40,2,9,1,1,7,9,1,4,9,3,,44,23,1,22,9,121.5692438,24.9987824
111,9,29,16,26,2,12內湖區,內湖區成功路2段與石潭路口,0,0,1,1,B03,8,1,5,50,3,2,1,5,4,5,7,1,1,1,4,5,2,15,1,29,3,10,1,1,7,9,1,8,2,5,,25,25,1,22,9,121.5906616,25.0635375
111,9,29,16,26,2,12內湖區,內湖區成功路2段與石潭路口,0,0,1,2,C03,8,1,5,50,3,2,1,5,4,5,7,1,1,1,4,5,2,15,1,33,2,9,1,1,7,9,1,8,2,12,,44,25,1,22,9,121.5906616,25.0635375
111,9,29,16,30,2,12內湖區,內湖區內湖路3段115巷2弄4號,0,0,1,1,B03,8,1,5,30,14,9,1,5,4,5,7,4,4,10,5,5,2,9,1,52,3,10,1,1,7,2,1,8,9,6,,12,12,1,22,9,121.5904214,25.08641064
111,9,29,16,30,2,12內湖區,內湖區內湖路3段115巷2弄4號,0,0,1,2,H01,8,1,5,30,14,9,1,5,4,5,7,4,4,10,5,5,2,9,1,78,2,9,4,5,8,17,8,20,10,16,,67,12,1,22,9,121.5904214,25.08641064
111,9,29,16,45,2,09北投區,北投區立農街2段155號,0,0,1,1,B03,8,1,5,30,14,9,1,5,4,5,7,1,1,9,4,5,2,16,1,37,3,10,1,1,7,6,1,8,1,5,,9,9,1,22,9,121.5138765,25.1192972