發生年度,發生月,發生日,發生時-Hours,發生分,處理別-編號,區序,肇事地點,死亡人數,2-30日死亡人數,受傷人數,當事人序號,車種,天候,光線,道路類別,速限-速度限制,道路型態,事故位置,路面狀況1,路面狀況2,路面狀況3,道路障礙1,道路障礙2,號誌1,號誌2,車道劃分-分向,車道劃分-分道1,車道劃分-分道2,車道劃分-分道3,事故類型及型態,性別,年齡,受傷程度,主要傷處,安全帽,行動電話,車輛用途,當事者行動狀態,駕駛資格情形,駕駛執照種類,飲酒情形,車輛撞擊部位1,車輛撞擊部位2,肇因碼-個別,肇因碼-主要,個人肇逃否,職業,旅次目的,座標-X,座標-Y
111,9,29,16,45,2,09北投區,北投區立農街2段155號,0,0,1,2,C03,8,1,5,30,14,9,1,5,4,5,7,1,1,9,4,5,2,16,2,44,2,9,1,1,7,9,1,10,1,14,,44,9,1,22,9,121.5138765,25.1192972
111,9,29,16,55,2,06松山區,松山區松河街96號,0,0,2,1,C03,8,1,5,40,14,9,1,5,4,5,7,4,4,9,4,5,2,13,2,17,2,9,1,1,7,9,2,18,1,11,,23,23,1,22,9,121.5746917,25.05095454
111,9,29,16,55,2,06松山區,松山區松河街96號,0,0,2,2,C03,8,1,5,40,14,9,1,5,4,5,7,4,4,9,4,5,2,13,2,41,2,9,1,1,7,14,1,10,1,13,,44,23,1,22,9,121.5746917,25.05095454
111,9,29,16,55,2,06松山區,松山區松河街96號,0,0,2,3,B01,8,1,5,40,14,9,1,5,4,5,7,4,4,9,4,5,2,13,1,42,3,10,1,1,7,14,1,4,1,3,,44,23,1,22,9,121.5746917,25.05095454
111,9,29,17,20,2,02萬華區,萬華區桂林路水門口,0,0,1,1,C03,8,1,5,40,5,1,1,5,4,5,7,2,1,1,4,5,2,12,2,35,2,9,1,1,7,6,1,10,1,11,,9,9,1,22,9,121.4958998,25.0389063
111,9,29,17,20,2,02萬華區,萬華區桂林路水門口,0,0,1,2,C03,8,1,5,40,5,1,1,5,4,5,7,2,1,1,4,5,2,12,1,46,3,10,1,1,7,6,1,10,1,12,,9,9,1,22,9,121.4958998,25.0389063
111,9,29,17,20,2,12內湖區,內湖區民權東路6段190巷61弄與民權東路6段190巷口,0,0,1,1,C03,8,1,5,30,4,1,1,5,4,5,7,4,4,9,4,5,2,16,1,31,2,9,1,1,7,9,1,10,2,11,,44,44,1,22,9,121.5944124,25.0666404
111,9,29,17,20,2,12內湖區,內湖區民權東路6段190巷61弄與民權東路6段190巷口,0,0,1,2,B03,8,1,5,30,4,1,1,5,4,5,7,4,4,9,4,5,2,16,1,56,3,10,1,1,7,6,1,8,2,2,,9,44,1,22,9,121.5944124,25.0666404
111,9,29,17,21,2,11南港區,南港區舊莊街1段100號,0,0,1,1,B03,8,1,5,50,14,9,1,5,4,5,7,1,1,4,5,5,2,12,2,55,3,10,3,4,7,1,1,8,2,4,,19,19,1,22,9,121.6195149,25.04052655
111,9,29,17,21,2,11南港區,南港區舊莊街1段100號,0,0,1,2,C03,8,1,5,50,14,9,1,5,4,5,7,1,1,4,5,5,2,12,1,20,2,7,1,4,7,9,3,18,2,12,,23,19,1,22,9,121.6195149,25.04052655
111,9,29,17,37,2,08士林區,士林區承德路5段與通河東街2段口,0,0,3,1,C03,8,2,5,50,4,1,1,5,4,5,7,1,1,10,5,5,1,16,2,52,2,9,1,1,7,8,1,10,1,11,,16,16,1,22,9,121.5139267,25.0960592
111,9,29,17,37,2,08士林區,士林區承德路5段與通河東街2段口,0,0,3,2,C03,8,2,5,50,4,1,1,5,4,5,7,1,1,10,5,5,1,16,2,30,2,8,1,1,7,9,1,10,1,14,,44,16,1,22,9,121.5139267,25.0960592
111,9,29,17,37,2,08士林區,士林區承德路5段與通河東街2段口,0,0,3,3,H02,8,2,5,50,4,1,1,5,4,5,7,1,1,10,5,5,1,16,2,29,2,9,1,5,7,20,8,20,10,16,,67,16,1,22,9,121.5139267,25.0960592
111,9,29,17,45,2,12內湖區,內湖區安康路與安康路附近側附近22巷口,0,0,2,1,B03,8,1,5,50,4,2,1,5,4,5,7,2,1,5,4,5,2,12,1,43,3,10,1,1,7,7,1,8,1,8,,26,26,1,22,9,121.5935672,25.06235038
111,9,29,17,45,2,12內湖區,內湖區安康路與安康路附近側附近22巷口,0,0,2,2,C03,8,1,5,50,4,2,1,5,4,5,7,2,1,5,4,5,2,12,1,22,2,9,1,1,7,4,1,10,1,12,,1,26,1,22,9,121.5935672,25.06235038
111,9,29,17,45,2,12內湖區,內湖區安康路與安康路附近側附近22巷口,0,0,2,3,H02,8,1,5,50,4,2,1,5,4,5,7,2,1,5,4,5,2,12,2,22,2,9,4,5,7,21,8,20,10,15,,67,26,1,22,9,121.5935672,25.06235038
111,9,29,17,51,2,08士林區,士林區故宮路與故宮路48巷口,0,0,1,1,C03,8,3,5,50,5,2,1,5,4,5,7,1,1,3,4,5,2,17,1,54,2,9,1,1,7,9,1,10,1,14,,16,16,1,22,9,121.5473845,25.09634813
111,9,29,17,51,2,08士林區,士林區故宮路與故宮路48巷口,0,0,1,2,B03,8,3,5,50,5,2,1,5,4,5,7,1,1,3,4,5,2,17,2,46,3,10,1,1,7,12,1,8,1,6,,44,16,1,22,9,121.5473845,25.09634813
111,9,29,18,27,2,09北投區,北投區實踐街與尊賢街口,0,0,1,1,C03,7,3,5,30,14,9,1,5,4,5,7,4,4,5,5,5,2,12,2,35,3,10,1,1,7,4,4,8,11,12,,1,4,1,22,9,121.5082847,25.1150348
111,9,29,18,27,2,09北投區,北投區實踐街與尊賢街口,0,0,1,2,C03,7,3,5,30,14,9,1,5,4,5,7,4,4,5,5,5,2,12,2,24,2,9,1,1,7,5,1,10,11,14,,44,4,1,22,9,121.5082847,25.1150348
111,9,29,18,30,2,12內湖區,內湖區潭美街606號旁,0,0,2,1,C03,8,3,5,40,14,9,1,5,4,5,7,4,4,9,5,5,2,3,2,20,2,8,1,1,7,9,1,10,9,11,,44,44,1,22,9,121.6012224,25.06089552
111,9,29,18,30,2,12內湖區,內湖區潭美街606號旁,0,0,2,2,H01,8,3,5,40,14,9,1,5,4,5,7,4,4,9,5,5,2,3,2,49,2,9,1,1,8,16,8,20,10,16,,52,44,1,22,9,121.6012224,25.06089552
111,9,29,18,55,2,04大安區,大安區金山南路2段165號前,0,0,1,1,C03,8,3,5,50,14,9,1,5,4,5,7,4,4,8,3,4,1,12,2,19,2,8,1,1,7,15,1,10,1,14,,16,16,1,18,5,121.5264999,25.02919107
111,9,29,18,55,2,04大安區,大安區金山南路2段165號前,0,0,1,2,B03,8,3,5,50,14,9,1,5,4,5,7,4,4,8,3,4,1,12,1,25,3,10,1,1,7,14,1,8,1,2,,44,16,1,5,5,121.5264999,25.02919107
111,9,29,18,55,2,04大安區,大安區建國南路2段151巷47號,0,0,2,1,F01,8,3,5,30,13,9,1,5,4,3,5,4,4,9,5,5,2,17,2,58,2,9,1,1,7,1,8,20,1,16,,19,19,1,22,9,121.5399152,25.0287737
111,9,29,18,55,2,04大安區,大安區建國南路2段151巷47號,0,0,2,2,C03,8,3,5,30,13,9,1,5,4,3,5,4,4,9,5,5,2,17,2,22,2,9,1,1,7,9,1,10,1,12,,23,19,1,22,9,121.5399152,25.0287737
111,9,29,18,55,2,04大安區,大安區建國南路2段151巷47號,0,0,2,3,B03,8,3,5,30,13,9,1,5,4,3,5,4,4,9,5,5,2,17,2,31,3,10,3,1,7,13,1,8,9,3,,44,19,1,22,9,121.5399152,25.0287737
111,9,29,18,55,2,04大安區,大安區建國南路2段151巷47號,0,0,2,4,B03,8,3,5,30,13,9,1,5,4,3,5,4,4,9,5,5,2,17,1,28,3,10,3,1,7,13,1,8,9,7,,44,19,1,22,9,121.5399152,25.0287737
111,9,29,19,0,2,10文山區,文山區木柵路3段102巷13號,0,0,1,1,B03,8,1,5,30,14,9,1,5,4,5,7,4,4,10,5,5,2,16,2,61,3,10,1,1,7,1,1,8,1,8,,19,19,1,22,9,121.5676236,24.98788939
111,9,29,19,0,2,10文山區,文山區木柵路3段102巷13號,0,0,1,2,C03,8,1,5,30,14,9,1,5,4,5,7,4,4,10,5,5,2,16,1,38,2,9,1,1,7,9,1,10,1,11,,13,19,1,22,9,121.5676236,24.98788939
111,9,29,19,5,2,03中山區,中山區濱江街180巷與民族東路410巷口,0,0,1,1,C03,8,3,5,50,4,1,1,5,4,5,7,2,1,10,5,5,2,16,1,23,3,10,1,1,7,5,1,10,1,11,,23,23,1,22,9,121.5382921,25.06809424
111,9,29,19,5,2,03中山區,中山區濱江街180巷與民族東路410巷口,0,0,1,2,C03,8,3,5,50,4,1,1,5,4,5,7,2,1,10,5,5,2,16,2,59,2,9,1,1,7,5,1,10,1,11,,23,23,1,22,9,121.5382921,25.06809424
111,9,29,19,45,2,05中正區,中正區中華路2段與南海路口,0,0,1,1,B01,7,3,5,50,4,2,1,5,4,5,7,4,4,4,4,5,1,17,1,56,4,11,3,4,7,6,7,19,11,15,,9,9,2,22,9,121.507074,25.0267374
111,9,29,19,45,2,05中正區,中正區中華路2段與南海路口,0,0,1,2,A02,7,3,5,50,4,2,1,5,4,5,7,4,4,4,4,5,1,17,1,57,3,10,1,1,7,9,1,2,1,15,,44,9,1,22,9,121.507074,25.0267374
111,9,29,19,45,2,05中正區,中正區中華路2段與南海路口,0,0,1,3,H02,7,3,5,50,4,2,1,5,4,5,7,4,4,4,4,5,1,17,1,69,2,1,4,1,7,20,8,20,10,16,,67,9,1,22,9,121.507074,25.0267374
111,9,29,19,49,2,05中正區,中正區新生南路1段與新生南路1段160巷口,0,0,1,1,B01,8,3,5,30,3,1,1,5,4,5,7,4,4,3,3,5,2,17,1,58,3,10,1,1,7,6,1,8,2,15,,6,6,1,22,9,121.5325712,25.0344831
111,9,29,19,49,2,05中正區,中正區新生南路1段與新生南路1段160巷口,0,0,1,2,C03,8,3,5,30,3,1,1,5,4,5,7,4,4,3,3,5,2,17,1,45,2,9,1,1,7,9,1,10,2,14,,13,6,1,22,9,121.5325712,25.0344831
111,9,29,19,50,2,05中正區,中正區羅斯福路1段與林森南路口,0,0,1,1,C03,8,3,5,30,5,1,1,5,4,5,7,2,1,10,4,5,2,16,1,19,3,10,1,1,7,5,1,10,2,11,,8,8,1,22,9,121.5180988,25.0328827
111,9,29,19,50,2,05中正區,中正區羅斯福路1段與林森南路口,0,0,1,2,C03,8,3,5,30,5,1,1,5,4,5,7,2,1,10,4,5,2,16,1,23,2,9,1,1,7,9,1,10,2,12,,44,8,1,22,9,121.5180988,25.0328827
111,9,29,20,0,2,09北投區,北投區大業路527巷004號燈桿,0,0,1,1,C03,8,3,5,50,14,9,1,5,4,5,7,4,4,5,4,5,2,12,1,27,2,9,1,1,7,8,1,10,1,12,,23,23,1,22,9,121.4953978,25.13518328
111,9,29,20,0,2,09北投區,北投區大業路527巷004號燈桿,0,0,1,2,B03,8,3,5,50,14,9,1,5,4,5,7,4,4,5,4,5,2,12,1,28,3,10,1,1,7,14,1,8,1,7,,44,23,1,22,9,121.4953978,25.13518328
111,9,29,20,0,2,09北投區,北投區大業路527巷004號燈桿,0,0,1,3,B03,8,3,5,50,14,9,1,5,4,5,7,4,4,5,4,5,2,12,1,45,3,10,1,1,7,14,1,8,1,7,,44,23,1,22,9,121.4953978,25.13518328
111,9,29,20,44,2,12內湖區,內湖區洲子街118號,0,0,2,1,B03,8,3,5,50,14,9,1,5,4,5,7,4,4,9,5,5,2,16,1,40,3,10,1,1,7,1,1,8,2,1,,19,19,1,22,9,121.5689126,25.08091072
111,9,29,20,44,2,12內湖區,內湖區洲子街118號,0,0,2,2,C03,8,3,5,50,14,9,1,5,4,5,7,4,4,9,5,5,2,16,1,22,2,9,1,1,7,9,1,10,2,12,,44,19,1,22,9,121.5689126,25.08091072
111,9,29,20,44,2,12內湖區,內湖區洲子街118號,0,0,2,3,H02,8,3,5,50,14,9,1,5,4,5,7,4,4,9,5,5,2,16,2,20,2,9,4,5,7,21,8,20,10,15,,67,19,1,22,9,121.5689126,25.08091072
111,9,29,21,17,2,04大安區,大安區敦化南路1段202號,0,0,1,1,C03,8,1,5,50,14,9,1,5,4,5,7,4,4,1,4,5,2,13,1,21,2,9,1,4,7,9,1,10,1,11,,23,23,1,22,9,121.548637,25.0420483
111,9,29,21,17,2,04大安區,大安區敦化南路1段202號,0,0,1,2,B03,8,1,5,50,14,9,1,5,4,5,7,4,4,1,4,5,2,13,2,42,3,10,1,4,7,1,1,8,1,7,,44,23,1,22,9,121.548637,25.0420483
111,9,29,21,51,2,12內湖區,內湖區行善路與行善路417巷口,0,0,1,1,B03,8,3,5,50,4,1,1,5,4,5,7,2,1,1,1,1,1,2,1,24,3,10,1,2,7,5,3,18,1,4,,15,15,1,22,9,121.5856285,25.06479764
111,9,29,21,51,2,12內湖區,內湖區行善路與行善路417巷口,0,0,1,2,H01,8,3,5,50,4,1,1,5,4,5,7,2,1,1,1,1,1,2,1,22,2,8,4,5,8,16,8,20,1,16,,67,15,1,22,9,121.5856285,25.06479764
111,9,29,22,20,2,09北投區,北投區大度路3段與立功街口,0,0,1,1,B03,8,3,5,30,3,2,1,5,4,5,7,3,1,3,4,5,2,16,2,28,3,10,3,4,7,6,1,8,2,7,,26,26,1,22,9,121.4685611,25.12318017
111,9,29,22,20,2,09北投區,北投區大度路3段與立功街口,0,0,1,2,C03,8,3,5,30,3,2,1,5,4,5,7,3,1,3,4,5,2,16,1,51,2,9,3,4,7,9,1,10,2,11,,44,26,1,22,9,121.4685611,25.12318017
111,9,29,23,21,2,02萬華區,萬華區桂林路244巷55弄與桂林路244巷口,0,0,2,1,C03,7,3,5,30,4,1,1,5,4,3,5,4,4,10,5,5,2,15,2,43,2,9,1,1,7,9,1,10,9,12,,6,6,1,22,9,121.4932098,25.0365211
111,9,29,23,21,2,02萬華區,萬華區桂林路244巷55弄與桂林路244巷口,0,0,2,2,C03,7,3,5,30,4,1,1,5,4,3,5,4,4,10,5,5,2,15,1,25,2,7,1,1,7,9,1,10,9,11,,14,6,1,22,9,121.4932098,25.0365211
111,9,29,23,25,2,11南港區,南港區市民大道7段與玉成街口,0,0,2,1,C03,8,3,5,50,4,1,1,5,4,5,7,1,1,1,4,5,2,16,1,17,2,9,1,1,7,5,2,18,2,14,,8,8,1,22,9,121.5813904,25.04906159
111,9,29,23,25,2,11南港區,南港區市民大道7段與玉成街口,0,0,2,2,C03,8,3,5,50,4,1,1,5,4,5,7,1,1,1,4,5,2,16,1,31,2,9,1,1,7,9,1,10,2,12,,44,8,1,22,9,121.5813904,25.04906159
111,9,30,1,29,2,02萬華區,萬華區堤外便道(41燈桿),0,0,2,1,C03,8,3,8,50,14,9,1,5,4,5,7,4,4,9,4,5,2,3,1,70,2,1,1,1,7,9,1,10,2,11,,23,23,1,22,9,121.5009308,25.01785759
111,9,30,1,29,2,02萬華區,萬華區堤外便道(41燈桿),0,0,2,2,H01,8,3,8,50,14,9,1,5,4,5,7,4,4,9,4,5,2,3,1,70,2,9,4,5,8,16,8,20,10,16,,53,23,1,22,9,121.5009308,25.01785759
111,9,30,2,2,2,01大同區,大同區民生西路173號,0,0,1,1,B02,8,3,5,0,14,9,1,5,4,5,7,4,4,5,2,5,2,16,1,56,3,10,1,1,7,5,1,8,2,4,,8,8,1,22,9,121.5172574,25.05722754
111,9,30,2,2,2,01大同區,大同區民生西路173號,0,0,1,2,C03,8,3,5,0,14,9,1,5,4,5,7,4,4,5,2,5,2,16,2,18,2,9,1,1,7,9,1,10,2,11,,23,8,1,22,9,121.5172574,25.05722754
111,9,30,2,34,2,04大安區,大安區信義路2段與新生南路2段口,0,0,3,1,C03,8,1,5,50,4,1,1,5,4,5,7,2,1,1,4,5,2,15,1,29,2,9,1,4,7,9,1,10,11,14,,42,42,1,22,9,121.5325738,25.0335125
111,9,30,2,34,2,04大安區,大安區信義路2段與新生南路2段口,0,0,3,2,B01,8,1,5,50,4,1,1,5,4,5,7,2,1,1,4,5,2,15,1,54,2,9,1,4,7,9,1,4,2,1,,42,42,1,22,9,121.5325738,25.0335125
111,9,30,2,34,2,04大安區,大安區信義路2段與新生南路2段口,0,0,3,3,H02,8,1,5,50,4,1,1,5,4,5,7,2,1,1,4,5,2,15,1,33,2,1,4,5,7,20,8,20,10,16,,67,42,1,22,9,121.5325738,25.0335125
111,9,30,2,34,2,04大安區,大安區信義路2段與新生南路2段口,0,0,3,4,,8,1,5,50,4,1,1,5,4,5,7,2,1,1,4,5,2,15,3,,,,,,,,,,,,,67,42,1,,,121.5325738,25.0335125
111,9,30,5,10,2,04大安區,大安區敦化南路2段與文昌街口,0,0,2,1,C03,7,3,5,30,3,1,1,5,4,5,7,4,4,10,5,5,2,16,2,30,2,8,1,4,7,6,1,10,1,11,,23,23,1,22,9,121.54912,25.0329892
111,9,30,5,10,2,04大安區,大安區敦化南路2段與文昌街口,0,0,2,2,F01,7,3,5,30,3,1,1,5,4,5,7,4,4,10,5,5,2,16,1,42,2,9,1,1,7,11,8,20,1,16,,11,23,1,22,9,121.54912,25.0329892
111,9,30,6,14,2,04大安區,大安區信義路4段與四維路口,0,0,1,1,C03,8,2,5,50,3,1,1,5,4,5,7,4,4,1,4,5,2,17,1,73,3,10,1,1,7,5,1,10,2,11,,8,8,1,22,9,121.5480548,25.03342525
111,9,30,6,14,2,04大安區,大安區信義路4段與四維路口,0,0,1,2,C03,8,2,5,50,3,1,1,5,4,5,7,4,4,1,4,5,2,17,1,74,2,5,1,1,7,5,1,10,2,13,,44,8,1,22,9,121.5480548,25.03342525
111,9,30,6,40,2,10文山區,文山區景文街142巷與景文街146巷口,0,0,1,1,C03,8,1,5,50,5,1,1,5,4,5,7,1,1,9,4,5,2,17,1,66,2,9,1,1,7,5,1,10,2,14,,6,6,1,22,9,121.5408327,24.98840055
111,9,30,6,40,2,10文山區,文山區景文街142巷與景文街146巷口,0,0,1,2,B12,8,1,5,50,5,1,1,5,4,5,7,1,1,9,4,5,2,17,1,47,3,10,1,1,7,9,1,8,3,5,,13,6,1,22,9,121.5408327,24.98840055
111,9,30,6,56,2,02萬華區,萬華區東園街與東園街140巷口,0,0,1,1,C03,8,1,5,30,4,1,1,5,4,5,7,2,1,10,5,5,1,12,2,40,2,9,1,4,7,9,4,10,1,14,,26,26,1,22,9,121.4974872,25.02364224
111,9,30,6,56,2,02萬華區,萬華區東園街與東園街140巷口,0,0,1,2,B01,8,1,5,30,4,1,1,5,4,5,7,2,1,10,5,5,1,12,1,56,3,10,1,4,7,5,1,8,1,15,,44,26,1,22,9,121.4974872,25.02364224
111,9,30,7,5,2,08士林區,士林區延平北路8段臨7號,0,0,2,1,C03,8,1,5,40,15,9,1,5,4,5,7,1,1,7,5,5,2,3,1,55,2,8,1,1,7,9,1,10,2,14,,15,15,1,22,9,121.4870747,25.10342097
111,9,30,7,5,2,08士林區,士林區延平北路8段臨7號,0,0,2,2,H01,8,1,5,40,15,9,1,5,4,5,7,1,1,7,5,5,2,3,1,65,2,1,4,5,8,16,8,20,1,16,,52,15,1,22,9,121.4870747,25.10342097
111,9,30,7,15,2,07信義區,信義區莊敬路377號,0,0,1,1,B03,8,1,5,50,15,7,1,5,4,5,7,4,4,9,4,4,2,9,2,45,3,10,3,4,7,9,1,8,1,4,,15,15,1,22,9,121.565105,25.0276315
111,9,30,7,15,2,07信義區,信義區莊敬路377號,0,0,1,2,H01,8,1,5,50,15,7,1,5,4,5,7,4,4,9,4,4,2,9,1,21,2,9,4,5,8,16,8,20,1,16,,51,15,1,22,9,121.565105,25.0276315
111,9,30,7,19,2,10文山區,文山區木新路3段355號,0,0,1,1,F01,8,1,5,50,14,9,1,5,4,5,7,4,4,4,5,5,2,18,1,15,2,9,1,1,7,9,8,20,1,16,,43,43,1,22,9,121.5555418,24.9803788
111,9,30,7,19,2,10文山區,文山區木新路3段355號,0,0,1,2,,8,1,5,50,14,9,1,5,4,5,7,4,4,4,5,5,2,18,3,,,,,,,,,,,,,67,43,1,,,121.5555418,24.9803788
111,9,30,7,23,2,04大安區,大安區基隆路3段22巷與敦南街76巷口,0,0,2,1,C03,8,1,5,30,3,1,1,5,4,5,7,4,4,10,5,5,2,17,2,49,2,9,1,4,7,5,1,10,1,14,,6,6,1,22,9,121.5465362,25.0203776
111,9,30,7,23,2,04大安區,大安區基隆路3段22巷與敦南街76巷口,0,0,2,2,B03,8,1,5,30,3,1,1,5,4,5,7,4,4,10,5,5,2,17,1,26,3,10,3,4,7,5,1,8,1,8,,6,6,1,22,9,121.5465362,25.0203776
111,9,30,7,23,2,04大安區,大安區基隆路3段22巷與敦南街76巷口,0,0,2,3,H02,8,1,5,30,3,1,1,5,4,5,7,4,4,10,5,5,2,17,2,8,2,9,1,4,7,20,8,20,10,15,,67,6,1,22,9,121.5465362,25.0203776
111,9,30,7,23,2,08士林區,士林區延平北路6段308號,0,0,2,1,B03,7,1,5,50,14,9,1,5,4,5,7,4,4,9,5,5,2,17,1,46,3,10,1,1,7,11,1,8,1,8,,10,10,1,21,8,121.5019496,25.0901857
111,9,30,7,23,2,08士林區,士林區延平北路6段308號,0,0,2,2,C03,7,1,5,50,14,9,1,5,4,5,7,4,4,9,5,5,2,17,1,67,2,9,1,1,7,9,1,10,1,11,,44,10,1,21,8,121.5019496,25.0901857
111,9,30,7,23,2,08士林區,士林區延平北路6段308號,0,0,2,3,H02,7,1,5,50,14,9,1,5,4,5,7,4,4,9,5,5,2,17,2,68,2,9,4,5,7,20,8,20,10,16,,67,10,1,21,8,121.5019496,25.0901857
111,9,30,7,28,2,09北投區,北投區中央北路4段589號,0,0,1,1,B03,8,1,5,50,14,9,1,5,4,5,7,4,4,5,4,5,2,16,1,49,3,10,1,1,7,8,1,8,1,6,,7,7,1,22,9,121.4652454,25.12486824
111,9,30,7,28,2,09北投區,北投區中央北路4段589號,0,0,1,2,C03,8,1,5,50,14,9,1,5,4,5,7,4,4,5,4,5,2,16,1,21,2,9,1,1,7,9,1,10,1,14,,23,7,1,22,9,121.4652454,25.12486824
111,9,30,7,30,2,06松山區,松山區堤頂大道北往南第267號燈桿,0,0,1,1,B02,8,1,5,50,10,9,1,5,4,5,7,4,4,10,4,5,2,13,1,51,3,10,1,1,7,9,1,8,1,1,,23,23,1,22,9,121.5697942,25.0502128
111,9,30,7,30,2,06松山區,松山區堤頂大道北往南第267號燈桿,0,0,1,2,B12,8,1,5,50,10,9,1,5,4,5,7,4,4,10,4,5,2,13,1,44,2,1,1,1,7,14,1,8,1,3,,44,23,1,22,9,121.5697942,25.0502128
111,9,30,7,30,2,06松山區,松山區堤頂大道北往南第267號燈桿,0,0,1,3,B03,8,1,5,50,10,9,1,5,4,5,7,4,4,10,4,5,2,13,1,26,3,10,1,1,7,14,1,8,1,3,,44,23,1,22,9,121.5697942,25.0502128
111,9,30,7,39,2,11南港區,南港區南港路2段86巷與南港路2段口,0,0,3,1,C03,8,1,5,40,14,8,1,5,4,5,7,1,1,8,3,4,2,13,1,65,2,7,1,4,7,9,1,10,2,11,,23,23,1,22,9,121.6033992,25.05377824
111,9,30,7,39,2,11南港區,南港區南港路2段86巷與南港路2段口,0,0,3,2,C03,8,1,5,40,14,8,1,5,4,5,7,1,1,8,3,4,2,13,1,56,2,8,1,4,7,1,1,10,2,13,,19,23,1,22,9,121.6033992,25.05377824
111,9,30,7,39,2,11南港區,南港區南港路2段86巷與南港路2段口,0,0,3,3,C03,8,1,5,40,14,8,1,5,4,5,7,1,1,8,3,4,2,13,2,54,2,7,1,4,7,9,1,10,2,12,,13,23,1,22,9,121.6033992,25.05377824
111,9,30,7,55,2,05中正區,中正區中華路1段41號,0,0,1,1,C03,8,1,5,50,14,9,1,5,4,5,7,1,1,1,4,1,1,13,1,19,2,9,1,1,7,9,1,10,2,11,,23,23,1,22,9,121.5092204,25.0448409
111,9,30,7,55,2,05中正區,中正區中華路1段41號,0,0,1,2,C03,8,1,5,50,14,9,1,5,4,5,7,1,1,1,4,1,1,13,1,22,3,10,1,1,7,9,1,9,2,13,,44,23,1,22,9,121.5092204,25.0448409
111,9,30,7,57,2,11南港區,南港區南港路2段與向陽路口引道口,0,0,1,1,C03,8,1,5,50,3,2,1,5,4,5,7,4,4,1,4,5,2,18,1,36,2,9,1,1,7,9,1,10,1,12,,42,42,1,22,9,121.5952273,25.05437438
111,9,30,7,57,2,11南港區,南港區南港路2段與向陽路口引道口,0,0,1,2,,8,1,5,50,3,2,1,5,4,5,7,4,4,1,4,5,2,18,3,,,,,,,,,,,,,67,42,1,,,121.5952273,25.05437438
111,9,30,8,23,2,01大同區,大同區哈密街45巷2號對面,0,0,1,1,B03,8,1,5,30,14,9,1,5,4,5,7,4,4,10,5,5,2,17,1,65,3,10,3,4,7,9,1,8,1,2,,44,44,1,22,9,121.5173902,25.07339689
111,9,30,8,23,2,01大同區,大同區哈密街45巷2號對面,0,0,1,2,E05,8,1,5,30,14,9,1,5,4,5,7,4,4,10,5,5,2,17,2,42,2,8,3,4,7,14,1,2,1,15,,42,44,1,22,9,121.5173902,25.07339689
111,9,30,8,30,2,01大同區,大同區承德路3段與酒泉街口,0,0,2,1,B03,8,1,5,50,4,1,1,5,4,5,7,1,1,1,4,5,2,16,2,29,3,10,1,1,7,5,1,8,2,5,,42,42,1,22,9,121.518466,25.07055157
111,9,30,8,30,2,01大同區,大同區承德路3段與酒泉街口,0,0,2,2,C03,8,1,5,50,4,1,1,5,4,5,7,1,1,1,4,5,2,16,1,26,2,9,3,4,7,9,1,10,11,11,,42,42,1,22,9,121.518466,25.07055157
111,9,30,8,30,2,01大同區,大同區承德路3段與酒泉街口,0,0,2,3,C03,8,1,5,50,4,1,1,5,4,5,7,1,1,1,4,5,2,16,1,66,2,7,1,1,7,9,1,10,2,11,,42,42,1,22,9,121.518466,25.07055157
111,9,30,8,30,2,01大同區,大同區承德路3段與酒泉街口,0,0,2,4,C03,8,1,5,50,4,1,1,5,4,5,7,1,1,1,4,5,2,16,1,24,3,10,1,1,7,9,1,10,2,14,,42,42,1,22,9,121.518466,25.07055157
111,9,30,8,30,2,03中山區,中山區建國北路2段112號,0,0,2,1,B03,8,1,5,50,14,9,1,5,4,5,7,2,1,1,4,5,2,13,1,56,2,9,3,4,7,9,1,8,2,1,,23,23,1,22,9,121.536703,25.05858037
111,9,30,8,30,2,03中山區,中山區建國北路2段112號,0,0,2,2,B03,8,1,5,50,14,9,1,5,4,5,7,2,1,1,4,5,2,13,1,54,2,6,3,4,7,14,1,8,2,3,,44,23,1,22,9,121.536703,25.05858037
111,9,30,8,30,2,03中山區,中山區建國北路2段112號,0,0,2,3,B03,8,1,5,50,14,9,1,5,4,5,7,2,1,1,4,5,2,13,1,60,3,10,3,4,7,14,1,8,2,3,,44,23,1,22,9,121.536703,25.05858037
111,9,30,8,30,2,10文山區,文山區和平東路4段與和平東路4段95巷口,0,0,1,1,C03,8,1,5,50,4,2,1,5,4,5,6,1,1,5,5,5,1,16,1,27,3,10,1,1,7,5,3,18,1,12,,8,8,1,22,9,121.5679867,25.0050352
111,9,30,8,30,2,10文山區,文山區和平東路4段與和平東路4段95巷口,0,0,1,2,C03,8,1,5,50,4,2,1,5,4,5,6,1,1,5,5,5,1,16,2,27,2,9,1,1,7,9,1,10,1,11,,44,8,1,22,9,121.5679867,25.0050352
111,9,30,8,32,2,03中山區,中山區龍江路與龍江路271巷口,0,0,2,1,C03,8,1,5,30,4,1,1,5,4,5,7,4,4,10,5,5,2,16,1,62,2,8,1,1,7,9,1,10,1,12,,6,6,1,22,9,121.5407154,25.05947773