發生年度,發生月,發生日,發生時-Hours,發生分,處理別-編號,區序,肇事地點,死亡人數,2-30日死亡人數,受傷人數,當事人序號,車種,天候,光線,道路類別,速限-速度限制,道路型態,事故位置,路面狀況1,路面狀況2,路面狀況3,道路障礙1,道路障礙2,號誌1,號誌2,車道劃分-分向,車道劃分-分道1,車道劃分-分道2,車道劃分-分道3,事故類型及型態,性別,年齡,受傷程度,主要傷處,安全帽,行動電話,車輛用途,當事者行動狀態,駕駛資格情形,駕駛執照種類,飲酒情形,車輛撞擊部位1,車輛撞擊部位2,肇因碼-個別,肇因碼-主要,個人肇逃否,職業,旅次目的,座標-X,座標-Y
111,9,30,8,32,2,03中山區,中山區龍江路與龍江路271巷口,0,0,2,2,C03,8,1,5,30,4,1,1,5,4,5,7,4,4,10,5,5,2,16,1,27,2,7,1,1,7,9,1,10,1,11,,14,6,1,22,9,121.5407154,25.05947773
111,9,30,8,32,2,04大安區,大安區羅斯福路3段與羅斯福路3段333巷口,0,0,1,1,B03,8,1,5,50,3,1,1,5,4,5,7,4,4,1,4,5,2,17,1,36,3,10,1,1,7,6,1,8,2,5,,9,9,1,22,9,121.5323339,25.0169191
111,9,30,8,32,2,04大安區,大安區羅斯福路3段與羅斯福路3段333巷口,0,0,1,2,C03,8,1,5,50,3,1,1,5,4,5,7,4,4,1,4,5,2,17,1,18,2,9,1,1,7,9,1,10,2,15,,23,9,1,22,9,121.5323339,25.0169191
111,9,30,8,32,2,04大安區,大安區羅斯福路3段與羅斯福路3段333巷口,0,0,1,3,F01,8,1,5,50,3,1,1,5,4,5,7,4,4,1,4,5,2,17,3,,,,,,,,,,,,,67,9,1,,,121.5323339,25.0169191
111,9,30,8,32,2,04大安區,大安區羅斯福路3段與羅斯福路3段333巷口,0,0,1,4,C03,8,1,5,50,3,1,1,5,4,5,7,4,4,1,4,5,2,17,2,42,3,10,1,1,7,13,1,10,9,12,,44,9,1,22,9,121.5323339,25.0169191
111,9,30,8,32,2,04大安區,大安區羅斯福路3段與羅斯福路3段333巷口,0,0,1,5,C03,8,1,5,50,3,1,1,5,4,5,7,4,4,1,4,5,2,17,1,27,3,10,1,1,7,13,1,10,9,14,,44,9,1,22,9,121.5323339,25.0169191
111,9,30,8,39,2,05中正區,中正區汀州路3段103號,0,0,2,1,C03,8,1,5,50,14,9,1,5,4,5,7,1,1,5,5,5,1,17,1,70,2,9,1,1,7,11,1,10,2,14,,42,42,1,22,9,121.5295898,25.01694195
111,9,30,8,39,2,05中正區,中正區汀州路3段103號,0,0,2,2,C03,8,1,5,50,14,9,1,5,4,5,7,1,1,5,5,5,1,17,1,33,2,9,1,1,7,9,1,10,2,11,,44,42,1,22,9,121.5295898,25.01694195
111,9,30,8,43,2,09北投區,北投區行義路與行義路137巷口,0,0,1,1,C03,8,1,5,50,3,2,1,5,4,5,7,4,4,4,5,5,2,18,1,55,2,9,1,1,7,9,1,10,1,14,,42,42,1,22,9,121.5278266,25.12930038
111,9,30,8,43,2,09北投區,北投區行義路與行義路137巷口,0,0,1,2,,8,1,5,50,3,2,1,5,4,5,7,4,4,4,5,5,2,18,3,,,,,,,,,,,,,67,42,1,,,121.5278266,25.12930038
111,9,30,8,45,2,10文山區,文山區汀州路4段75號,0,0,1,1,C03,8,1,5,30,15,20,1,5,4,5,7,4,4,10,5,5,2,17,1,79,3,10,1,1,7,9,1,10,1,11,,23,23,1,22,9,121.5375967,25.0079972
111,9,30,8,45,2,10文山區,文山區汀州路4段75號,0,0,1,2,C04,8,1,5,30,15,20,1,5,4,5,7,4,4,10,5,5,2,17,2,33,2,5,1,1,7,15,1,10,1,12,,23,23,1,22,9,121.5375967,25.0079972
111,9,30,8,50,2,01大同區,大同區重慶北路3段與酒泉街口,0,0,2,1,A11,8,1,5,50,4,1,4,5,4,5,7,1,1,1,4,5,2,12,1,42,4,11,3,4,7,15,7,19,11,15,,17,17,2,22,9,121.5137143,25.07200713
111,9,30,8,50,2,01大同區,大同區重慶北路3段與酒泉街口,0,0,2,2,C03,8,1,5,50,4,1,4,5,4,5,7,1,1,1,4,5,2,12,1,55,2,9,1,1,7,9,1,10,1,14,,17,17,1,22,9,121.5137143,25.07200713
111,9,30,8,50,2,01大同區,大同區重慶北路3段與酒泉街口,0,0,2,3,C03,8,1,5,50,4,1,4,5,4,5,7,1,1,1,4,5,2,12,1,31,2,9,1,1,7,9,1,10,1,12,,17,17,1,22,9,121.5137143,25.07200713
111,9,30,8,59,2,03中山區,中山區天祥路40號,0,0,2,1,C03,8,1,5,50,14,9,1,5,4,5,7,4,4,9,5,5,2,16,1,23,2,9,1,1,7,1,1,10,1,14,,19,19,1,22,9,121.5210374,25.06144516
111,9,30,8,59,2,03中山區,中山區天祥路40號,0,0,2,2,C03,8,1,5,50,14,9,1,5,4,5,7,4,4,9,5,5,2,16,1,29,2,9,1,1,7,9,1,10,1,11,,44,19,1,22,9,121.5210374,25.06144516
111,9,30,9,0,2,12內湖區,內湖區江南街71巷16弄與江南街71巷口,0,0,2,1,C03,8,1,5,30,4,1,1,5,4,5,7,4,4,10,4,5,2,16,1,37,2,9,1,1,7,9,1,10,2,12,,6,6,1,22,9,121.5784322,25.0759729
111,9,30,9,0,2,12內湖區,內湖區江南街71巷16弄與江南街71巷口,0,0,2,2,C03,8,1,5,30,4,1,1,5,4,5,7,4,4,10,4,5,2,16,2,35,2,9,1,1,7,9,1,10,2,14,,44,6,1,22,9,121.5784322,25.0759729
111,9,30,9,0,2,07信義區,信義區基隆路1段3號,0,0,1,1,C03,8,1,5,40,14,9,1,5,4,5,7,4,4,3,3,5,1,29,1,42,2,9,1,1,7,9,1,10,9,11,,43,43,1,22,9,121.5699914,25.0492018
111,9,30,9,0,2,07信義區,信義區基隆路1段3號,0,0,1,2,,8,1,5,40,14,9,1,5,4,5,7,4,4,3,3,5,1,29,3,,,,,,,,,,,,,67,43,1,,,121.5699914,25.0492018
111,9,30,9,10,2,07信義區,信義區松德路18號,0,0,1,1,B01,8,1,5,50,14,7,1,5,4,5,7,4,4,1,4,4,1,12,1,58,3,10,1,1,7,7,1,4,1,8,,7,7,1,22,9,121.5775113,25.0394304
111,9,30,9,10,2,07信義區,信義區松德路18號,0,0,1,2,C03,8,1,5,50,14,7,1,5,4,5,7,4,4,1,4,4,1,12,2,37,2,9,1,1,7,9,1,10,1,12,,44,7,1,22,9,121.5775113,25.0394304
111,9,30,9,19,2,01大同區,大同區延平北路4段與酒泉街口,0,0,1,1,C03,8,1,5,50,4,1,1,5,4,1,7,1,1,5,4,5,2,17,1,44,3,10,1,1,7,5,1,10,1,11,,6,6,1,22,9,121.5109137,25.07207661
111,9,30,9,19,2,01大同區,大同區延平北路4段與酒泉街口,0,0,1,2,C03,8,1,5,50,4,1,1,5,4,1,7,1,1,5,4,5,2,17,1,27,2,9,1,1,7,9,1,10,1,11,,44,6,1,22,9,121.5109137,25.07207661
111,9,30,9,49,2,03中山區,中山區植福路與樂群三路口,0,0,1,1,B12,8,1,5,40,4,1,1,5,4,5,7,2,1,5,4,5,2,12,1,32,3,10,3,4,7,6,1,8,1,2,,6,6,1,22,9,121.560583,25.0826821
111,9,30,9,49,2,03中山區,中山區植福路與樂群三路口,0,0,1,2,C03,8,1,5,40,4,1,1,5,4,5,7,2,1,5,4,5,2,12,1,59,2,9,1,4,7,9,1,10,1,14,,44,6,1,22,9,121.560583,25.0826821
111,9,30,10,2,2,04大安區,大安區瑞安街與瑞安街160巷口,0,0,1,1,C03,8,1,5,50,3,1,1,5,4,5,7,4,4,9,5,5,2,12,1,43,2,9,1,4,7,4,6,10,1,11,,4,4,1,22,9,121.5417374,25.0289783
111,9,30,10,2,2,04大安區,大安區瑞安街與瑞安街160巷口,0,0,1,2,B11,8,1,5,50,3,1,1,5,4,5,7,4,4,9,5,5,2,12,1,55,3,10,3,4,7,5,1,8,1,8,,44,4,1,22,9,121.5417374,25.0289783
111,9,30,10,21,2,08士林區,士林區中正路510號,0,0,1,1,B12,8,1,5,50,14,9,1,5,4,5,7,4,4,1,4,5,1,17,1,43,3,10,1,1,7,6,1,8,2,5,,9,9,1,22,9,121.5172599,25.09174135
111,9,30,10,21,2,08士林區,士林區中正路510號,0,0,1,2,C03,8,1,5,50,14,9,1,5,4,5,7,4,4,1,4,5,1,17,1,63,2,8,1,1,7,9,6,10,2,14,,44,9,1,22,9,121.5172599,25.09174135
111,9,30,10,28,2,04大安區,大安區光復南路100號,0,0,1,1,C03,8,1,5,50,14,9,1,5,2,5,7,4,4,1,3,5,2,18,2,34,2,9,1,1,7,9,1,10,1,14,,42,42,1,22,9,121.5576504,25.0433503
111,9,30,10,28,2,04大安區,大安區光復南路100號,0,0,1,2,,8,1,5,50,14,9,1,5,2,5,7,4,4,1,3,5,2,18,3,,,,,,,,,,,,,61,42,1,,,121.5576504,25.0433503
111,9,30,10,30,2,10文山區,文山區辛亥路4段166巷與辛亥路4段166巷26弄口,0,0,1,1,C03,8,1,5,30,3,1,1,5,4,3,5,4,4,10,5,5,2,15,1,36,3,10,1,1,7,9,1,10,1,11,,6,6,1,22,9,121.5560631,25.00403802
111,9,30,10,30,2,10文山區,文山區辛亥路4段166巷與辛亥路4段166巷26弄口,0,0,1,2,C03,8,1,5,30,3,1,1,5,4,3,5,4,4,10,5,5,2,15,2,34,2,9,1,1,7,9,1,10,1,11,,44,6,1,22,9,121.5560631,25.00403802
111,9,30,10,35,2,04大安區,大安區仁愛路3段41號,0,0,1,1,B02,8,1,5,50,14,12,1,5,4,5,7,4,4,10,5,5,1,11,2,39,3,10,3,1,7,9,1,8,1,2,,43,43,1,22,9,121.5354167,25.0387105
111,9,30,10,35,2,04大安區,大安區仁愛路3段41號,0,0,1,2,C03,8,1,5,50,14,12,1,5,4,5,7,4,4,10,5,5,1,11,2,72,2,9,1,1,7,9,7,19,1,14,,44,43,1,22,9,121.5354167,25.0387105
111,9,30,10,46,2,04大安區,大安區信義路3段與新生南路1段口,0,0,1,1,B03,8,1,5,50,4,1,1,5,4,5,7,1,1,10,5,5,2,16,1,52,3,10,1,1,7,6,1,8,1,5,,9,9,1,22,9,121.5328744,25.0336631
111,9,30,10,46,2,04大安區,大安區信義路3段與新生南路1段口,0,0,1,2,C03,8,1,5,50,4,1,1,5,4,5,7,1,1,10,5,5,2,16,1,20,2,9,1,1,7,9,1,10,1,14,,44,9,1,22,9,121.5328744,25.0336631
111,9,30,10,59,2,01大同區,大同區承德路3段與民族西路口,0,0,1,1,C03,8,1,5,50,4,1,1,5,4,5,7,2,1,1,4,5,2,12,1,23,4,11,3,4,7,15,7,19,11,15,,17,17,2,22,9,121.5183423,25.06855545
111,9,30,10,59,2,01大同區,大同區承德路3段與民族西路口,0,0,1,2,C03,8,1,5,50,4,1,1,5,4,5,7,2,1,1,4,5,2,12,2,50,2,9,1,1,7,9,1,10,1,14,,17,17,1,22,9,121.5183423,25.06855545
111,9,30,11,0,2,05中正區,中正區中山北路1段與市民大道1段口,0,0,2,1,A02,8,1,5,50,4,1,1,5,4,5,7,1,1,1,4,5,2,12,1,35,3,10,1,1,7,9,1,2,2,5,,44,44,1,22,9,121.5203414,25.0475208
111,9,30,11,0,2,05中正區,中正區中山北路1段與市民大道1段口,0,0,2,2,C03,8,1,5,50,4,1,1,5,4,5,7,1,1,1,4,5,2,12,2,50,2,9,1,1,7,7,1,10,2,13,,7,44,1,22,9,121.5203414,25.0475208
111,9,30,11,0,2,05中正區,中正區中山北路1段與市民大道1段口,0,0,2,3,H02,8,1,5,50,4,1,1,5,4,5,7,1,1,1,4,5,2,12,1,22,2,9,1,5,7,17,8,20,10,16,,67,44,1,22,9,121.5203414,25.0475208
111,9,30,11,10,2,03中山區,中山區新生高架道與德惠街口橋下停車場迴轉道,0,0,1,1,B03,8,1,5,50,4,1,1,5,4,5,7,4,4,9,4,5,2,15,2,65,3,10,3,4,7,9,1,8,1,5,,6,6,1,22,9,121.5278019,25.0669401
111,9,30,11,10,2,03中山區,中山區新生高架道與德惠街口橋下停車場迴轉道,0,0,1,2,C03,8,1,5,50,4,1,1,5,4,5,7,4,4,9,4,5,2,15,1,69,2,9,1,4,7,9,1,10,1,14,,44,6,1,22,9,121.5278019,25.0669401
111,9,30,11,26,2,09北投區,北投區中央南路1段與民權街口口,0,0,2,1,C03,8,1,5,50,3,1,1,5,4,5,7,4,4,5,5,5,2,17,2,49,2,9,1,1,7,5,1,10,1,12,,6,6,1,22,9,121.501127,25.1291658
111,9,30,11,26,2,09北投區,北投區中央南路1段與民權街口口,0,0,2,2,C03,8,1,5,50,3,1,1,5,4,5,7,4,4,5,5,5,2,17,2,61,2,9,1,1,7,9,1,10,1,11,,44,6,1,22,9,121.501127,25.1291658
111,9,30,12,23,2,09北投區,北投區大業路與大興街口,0,0,1,1,C03,8,1,5,50,14,9,1,5,4,5,7,4,4,9,4,5,2,13,1,21,2,8,1,1,7,9,1,10,1,11,,23,23,1,22,9,121.4975023,25.12972051
111,9,30,12,23,2,09北投區,北投區大業路與大興街口,0,0,1,2,B03,8,1,5,50,14,9,1,5,4,5,7,4,4,9,4,5,2,13,1,37,3,10,1,1,7,14,1,8,1,6,,44,23,1,22,9,121.4975023,25.12972051
111,9,30,12,25,2,05中正區,中正區常德街1號,0,0,1,1,B01,8,1,5,30,14,9,5,5,4,5,7,1,1,10,5,5,2,12,1,69,3,10,1,1,7,5,1,4,2,8,,8,8,1,22,9,121.5174158,25.0411102
111,9,30,12,25,2,05中正區,中正區常德街1號,0,0,1,2,C04,8,1,5,30,14,9,5,5,4,5,7,1,1,10,5,5,2,12,2,21,2,9,1,1,7,5,1,8,2,12,,23,8,1,22,9,121.5174158,25.0411102
111,9,30,12,30,2,01大同區,大同區通河西街1段與通河西街1段口,0,0,1,1,B03,8,1,5,30,3,1,1,5,4,5,7,4,4,10,5,5,2,10,1,62,3,10,3,4,7,9,1,8,1,8,,6,26,1,22,9,121.5177992,25.0777079
111,9,30,12,30,2,01大同區,大同區通河西街1段與通河西街1段口,0,0,1,2,C03,8,1,5,30,3,1,1,5,4,5,7,4,4,10,5,5,2,10,2,35,2,8,3,4,7,9,1,10,1,11,,44,26,1,22,9,121.5177992,25.0777079
111,9,30,12,30,2,03中山區,中山區龍江路356巷與民族東路410巷口,0,0,1,1,C03,8,1,5,30,4,2,1,5,4,5,7,2,1,5,5,5,2,17,1,32,3,10,3,4,7,9,1,10,1,11,,44,44,1,22,9,121.5382718,25.0660316
111,9,30,12,30,2,03中山區,中山區龍江路356巷與民族東路410巷口,0,0,1,2,F01,8,1,5,30,4,2,1,5,4,5,7,2,1,5,5,5,2,17,2,68,2,8,1,1,7,5,8,20,1,16,,8,44,1,22,9,121.5382718,25.0660316
111,9,30,12,48,2,07信義區,信義區和平東路3段133號燈桿(莊敬隧道前),0,0,1,1,C03,8,1,5,40,11,9,1,5,4,5,1,4,4,5,5,5,2,18,1,59,2,9,1,1,7,5,1,10,1,14,,43,43,1,22,9,121.5651965,25.0100455
111,9,30,12,48,2,07信義區,信義區和平東路3段133號燈桿(莊敬隧道前),0,0,1,2,,8,1,5,40,11,9,1,5,4,5,1,4,4,5,5,5,2,18,3,,,,,,,,,,,,,67,43,1,,,121.5651965,25.0100455
111,9,30,13,11,2,03中山區,中山區自強隧道往大直,0,0,1,1,B12,8,1,5,50,14,9,1,5,4,5,7,4,4,10,4,5,1,16,1,40,3,10,1,1,7,8,1,8,1,5,,26,26,1,22,9,121.5493669,25.08602753
111,9,30,13,11,2,03中山區,中山區自強隧道往大直,0,0,1,2,C03,8,1,5,50,14,9,1,5,4,5,7,4,4,10,4,5,1,16,1,29,2,8,1,1,7,9,1,10,1,14,,44,26,1,22,9,121.5493669,25.08602753
111,9,30,13,20,2,10文山區,文山區木柵路4段與木柵路4段111巷口口,0,0,2,1,B01,8,1,5,50,3,1,1,5,4,5,7,1,1,4,5,5,2,16,1,67,3,10,1,4,7,5,1,4,2,2,,8,8,1,22,9,121.5735029,24.9972894
111,9,30,13,20,2,10文山區,文山區木柵路4段與木柵路4段111巷口口,0,0,2,2,C03,8,1,5,50,3,1,1,5,4,5,7,1,1,4,5,5,2,16,1,22,2,9,1,1,7,9,1,10,2,11,,23,8,1,22,9,121.5735029,24.9972894
111,9,30,13,20,2,10文山區,文山區木柵路4段與木柵路4段111巷口口,0,0,2,3,H02,8,1,5,50,3,1,1,5,4,5,7,1,1,4,5,5,2,16,2,19,2,9,1,1,7,21,8,20,10,16,,67,8,1,22,5,121.5735029,24.9972894
111,9,30,13,40,2,05中正區,中正區延平南路115號,0,0,1,1,B12,8,1,5,50,14,9,1,5,4,3,5,4,4,10,4,5,1,17,1,46,3,10,1,1,7,1,1,8,2,1,,19,19,1,22,9,121.5092866,25.0410592
111,9,30,13,40,2,05中正區,中正區延平南路115號,0,0,1,2,C03,8,1,5,50,14,9,1,5,4,3,5,4,4,10,4,5,1,17,2,49,2,9,1,1,7,9,1,10,2,12,,44,19,1,22,9,121.5092866,25.0410592
111,9,30,13,40,2,05中正區,中正區延平南路115號,0,0,1,3,B03,8,1,5,50,14,9,1,5,4,3,5,4,4,10,4,5,1,17,1,58,3,10,1,1,7,14,1,8,9,4,,38,19,1,22,9,121.5092866,25.0410592
111,9,30,13,46,2,09北投區,北投區承德路7段與文林北路口,0,0,1,1,A02,8,1,5,50,3,1,1,5,4,5,7,1,1,1,4,5,2,12,1,65,3,10,1,1,7,7,1,2,1,5,,7,7,1,22,9,121.5111479,25.1106478
111,9,30,13,46,2,09北投區,北投區承德路7段與文林北路口,0,0,1,2,C03,8,1,5,50,3,1,1,5,4,5,7,1,1,1,4,5,2,12,2,67,2,9,1,1,7,9,1,10,1,14,,17,7,1,22,9,121.5111479,25.1106478
111,9,30,13,46,2,09北投區,北投區承德路7段與文林北路口,0,0,1,3,C03,8,1,5,50,3,1,1,5,4,5,7,1,1,1,4,5,2,12,1,30,3,10,1,1,7,9,1,10,1,13,,17,7,1,22,9,121.5111479,25.1106478
111,9,30,13,50,2,03中山區,中山區建國高架道3段往北下濱江匝道旁,0,0,1,1,B03,8,1,5,70,10,7,1,5,4,5,7,4,4,1,4,5,2,13,1,30,2,3,3,4,7,9,1,8,1,1,3,16,16,1,22,9,121.5334005,25.06826094
111,9,30,13,50,2,03中山區,中山區建國高架道3段往北下濱江匝道旁,0,0,1,2,B03,8,1,5,70,10,7,1,5,4,5,7,4,4,1,4,5,2,13,1,45,3,10,3,4,7,9,1,8,1,1,3,44,16,1,22,9,121.5334005,25.06826094
111,9,30,13,50,2,03中山區,中山區建國高架道3段往北下濱江匝道旁,0,0,1,3,B03,8,1,5,70,10,7,1,5,4,5,7,4,4,1,4,5,2,13,2,40,3,10,3,4,7,9,1,8,1,3,,44,16,1,22,9,121.5334005,25.06826094
111,9,30,13,50,2,03中山區,中山區建國高架道3段往北下濱江匝道旁,0,0,1,4,B03,8,1,5,70,10,7,1,5,4,5,7,4,4,1,4,5,2,13,1,61,3,10,3,4,7,9,1,8,1,1,,16,16,1,22,9,121.5334005,25.06826094
111,9,30,13,50,2,04大安區,大安區敦化南路1段與敦化南路1段190巷口,0,0,3,1,B03,8,1,5,50,4,1,1,5,4,5,7,1,1,10,5,5,2,16,1,58,2,1,1,1,7,6,1,8,1,2,,9,9,1,22,9,121.5488272,25.042603
111,9,30,13,50,2,04大安區,大安區敦化南路1段與敦化南路1段190巷口,0,0,3,2,A04,8,1,5,50,4,1,1,5,4,5,7,1,1,10,5,5,2,16,1,60,2,1,1,1,7,9,1,1,1,1,,44,9,1,22,9,121.5488272,25.042603
111,9,30,13,50,2,04大安區,大安區敦化南路1段與敦化南路1段190巷口,0,0,3,3,H02,8,1,5,50,4,1,1,5,4,5,7,1,1,10,5,5,2,16,1,88,2,1,4,5,7,20,8,20,10,16,,67,9,1,22,9,121.5488272,25.042603
111,9,30,13,50,2,07信義區,信義區仁愛路4段505號,0,0,1,1,C03,8,1,5,50,14,8,1,5,4,5,7,2,1,1,4,4,2,13,1,23,2,8,1,1,7,9,1,10,1,14,,16,16,1,22,8,121.5582143,25.03776029
111,9,30,13,50,2,07信義區,信義區仁愛路4段505號,0,0,1,2,B03,8,1,5,50,14,8,1,5,4,5,7,2,1,1,4,4,2,13,1,43,3,10,1,1,7,9,1,8,1,2,,44,16,1,22,8,121.5582143,25.03776029
111,9,30,14,5,2,03中山區,中山區基湖路145巷與基湖路口,0,0,1,3,B12,8,1,5,30,4,1,1,5,4,5,7,4,4,1,4,5,1,15,2,25,3,10,1,1,7,14,1,8,1,7,,44,6,1,22,9,121.5638859,25.07830828
111,9,30,14,5,2,03中山區,中山區基湖路145巷與基湖路口,0,0,1,2,C03,8,1,5,30,4,1,1,5,4,5,7,4,4,1,4,5,1,15,1,34,2,8,1,1,7,9,1,10,1,12,,13,6,1,22,9,121.5638859,25.07830828
111,9,30,14,5,2,03中山區,中山區基湖路145巷與基湖路口,0,0,1,1,B12,8,1,5,30,4,1,1,5,4,5,7,4,4,1,4,5,1,15,1,42,3,10,1,1,7,9,1,8,1,1,,6,6,1,22,9,121.5638859,25.07830828
111,9,30,14,30,2,03中山區,中山區中山北路3段與民族東路口,0,0,1,1,B03,8,1,5,50,4,1,1,5,4,5,7,2,1,1,4,5,2,17,1,37,3,10,3,4,7,6,3,18,1,5,,9,9,1,22,9,121.5229443,25.06834689
111,9,30,14,30,2,03中山區,中山區中山北路3段與民族東路口,0,0,1,2,C03,8,1,5,50,4,1,1,5,4,5,7,2,1,1,4,5,2,17,1,28,2,9,3,4,7,9,1,10,1,12,,44,9,1,22,9,121.5229443,25.06834689
111,9,30,14,42,2,04大安區,大安區仁愛路4段122巷與敦化南路1段329巷口,0,0,1,1,B12,8,2,5,30,3,2,1,5,4,5,5,4,4,10,5,5,1,16,1,39,3,10,1,4,7,9,1,7,1,1,,44,44,1,22,9,121.5501371,25.0341851
111,9,30,14,42,2,04大安區,大安區仁愛路4段122巷與敦化南路1段329巷口,0,0,1,2,C03,8,2,5,30,3,2,1,5,4,5,5,4,4,10,5,5,1,16,1,22,2,8,1,4,7,6,1,10,1,11,,23,44,1,22,9,121.5501371,25.0341851
111,9,30,14,42,2,04大安區,大安區仁愛路4段122巷與敦化南路1段329巷口,0,0,1,3,B03,8,2,5,30,3,2,1,5,4,5,5,4,4,10,5,5,1,16,1,61,3,10,3,4,7,13,7,19,11,15,,38,44,2,22,9,121.5501371,25.0341851
111,9,30,14,48,2,08士林區,士林區承德路4段83-1號,0,0,1,1,C03,8,1,5,40,14,9,1,5,4,5,7,4,4,1,4,5,2,17,2,40,2,9,1,1,7,9,1,10,1,11,,23,23,1,22,9,121.5234395,25.08288068
111,9,30,14,48,2,08士林區,士林區承德路4段83-1號,0,0,1,2,B03,8,1,5,40,14,9,1,5,4,5,7,4,4,1,4,5,2,17,1,67,3,10,1,1,7,14,1,8,1,3,,38,23,1,22,9,121.5234395,25.08288068
111,9,30,14,55,2,04大安區,大安區基隆路4段138號,0,0,2,1,B01,8,1,5,50,14,7,1,5,4,5,7,2,1,1,4,4,2,17,1,59,3,10,1,1,7,9,1,3,1,5,,44,44,1,22,9,121.5402194,25.01394581
111,9,30,14,55,2,04大安區,大安區基隆路4段138號,0,0,2,2,C03,8,1,5,50,14,7,1,5,4,5,7,2,1,1,4,4,2,17,2,60,2,8,1,1,7,7,1,10,1,14,,7,44,1,22,9,121.5402194,25.01394581
111,9,30,14,55,2,04大安區,大安區基隆路4段138號,0,0,2,3,H02,8,1,5,50,14,7,1,5,4,5,7,2,1,1,4,4,2,17,2,33,2,8,1,5,7,21,8,20,10,16,,67,44,1,22,9,121.5402194,25.01394581
111,9,30,15,12,2,04大安區,大安區通安街與安和路2段69巷口,0,0,1,1,C03,8,1,5,30,5,1,1,5,4,5,5,4,4,10,5,5,2,17,1,32,2,8,1,4,7,9,1,10,1,14,,6,6,1,22,9,121.5532509,25.0304692
111,9,30,15,12,2,04大安區,大安區通安街與安和路2段69巷口,0,0,1,2,B12,8,1,5,30,5,1,1,5,4,5,5,4,4,10,5,5,2,17,1,36,3,10,1,4,7,9,1,8,1,15,,14,6,1,22,9,121.5532509,25.0304692
111,9,30,15,20,2,03中山區,中山區民權東路3段與復興北路口,0,0,1,1,B01,8,1,5,50,11,9,1,5,4,5,7,4,4,1,4,5,2,12,1,45,3,10,3,4,7,8,1,4,1,2,,7,7,1,22,9,121.5439062,25.0621748
111,9,30,15,20,2,03中山區,中山區民權東路3段與復興北路口,0,0,1,2,C03,8,1,5,50,11,9,1,5,4,5,7,4,4,1,4,5,2,12,1,21,2,9,1,4,7,15,1,9,1,14,,44,7,1,22,9,121.5439062,25.0621748
111,9,30,15,25,2,08士林區,士林區仰德大道1段國安局,0,0,2,1,C03,8,1,5,40,14,9,1,5,4,5,1,4,4,5,5,5,1,17,1,24,2,9,1,1,7,5,1,10,2,12,,8,8,1,22,9,121.5364278,25.10846915
111,9,30,15,25,2,08士林區,士林區仰德大道1段國安局,0,0,2,2,C03,8,1,5,40,14,9,1,5,4,5,1,4,4,5,5,5,1,17,1,22,2,9,1,1,7,9,1,10,2,11,,13,8,1,22,9,121.5364278,25.10846915
111,9,30,15,50,2,09北投區,北投區義理街與立農街2段口,0,0,1,1,C03,8,1,8,50,15,22,1,5,4,5,7,4,4,5,5,5,1,17,1,23,2,9,1,1,7,5,1,10,1,12,,6,6,1,22,9,121.5163464,25.1185986
111,9,30,15,50,2,09北投區,北投區義理街與立農街2段口,0,0,1,2,B12,8,1,8,50,15,22,1,5,4,5,7,4,4,5,5,5,1,17,1,35,3,10,3,1,7,9,1,8,1,4,,23,6,1,22,9,121.5163464,25.1185986
111,9,30,15,57,2,05中正區,中正區市民大道1段與承德路1段口,0,0,1,1,C03,8,1,5,50,4,2,1,5,4,5,7,2,1,9,4,5,1,12,1,22,3,10,1,1,7,4,1,10,2,12,,17,17,1,21,5,121.5163848,25.0486729
111,9,30,15,57,2,05中正區,中正區市民大道1段與承德路1段口,0,0,1,2,C03,8,1,5,50,4,2,1,5,4,5,7,2,1,9,4,5,1,12,2,38,2,9,1,1,7,9,1,10,2,14,,44,17,1,21,5,121.5163848,25.0486729
111,9,30,16,0,2,01大同區,大同區環河北路1段與貴德街46巷口,0,0,1,1,B03,8,1,5,50,3,1,1,5,4,5,7,4,4,1,4,5,2,12,1,39,3,10,3,4,7,9,1,8,1,2,,17,17,1,22,9,121.5086512,25.0779224
111,9,30,16,0,2,01大同區,大同區環河北路1段與貴德街46巷口,0,0,1,2,C03,8,1,5,50,3,1,1,5,4,5,7,4,4,1,4,5,2,12,1,76,2,9,1,4,7,9,6,18,1,14,,44,17,1,22,9,121.5086512,25.0779224
111,9,30,16,0,2,12內湖區,內湖區成功交流道與成功交流道口西北角,0,0,1,1,B01,8,1,5,50,4,1,1,5,4,5,7,1,1,1,4,5,2,12,1,66,3,10,1,1,7,8,1,4,1,5,,7,7,1,22,9,121.5902968,25.065325
111,9,30,16,0,2,12內湖區,內湖區成功交流道與成功交流道口西北角,0,0,1,2,C03,8,1,5,50,4,1,1,5,4,5,7,1,1,1,4,5,2,12,2,29,2,9,1,1,7,9,1,10,1,14,,44,7,1,22,9,121.5902968,25.065325
111,9,30,16,15,2,11南港區,南港區興中路與重陽路口,0,0,2,1,B03,8,1,5,50,4,1,1,5,4,5,7,2,1,5,5,5,2,16,1,46,3,10,3,4,7,6,1,8,1,5,,9,9,1,22,9,121.606681,25.0581199
111,9,30,16,15,2,11南港區,南港區興中路與重陽路口,0,0,2,2,C03,8,1,5,50,4,1,1,5,4,5,7,2,1,5,5,5,2,16,1,21,2,9,1,1,7,9,1,10,1,14,,44,9,1,22,9,121.606681,25.0581199
111,9,30,16,15,2,11南港區,南港區興中路與重陽路口,0,0,2,3,H02,8,1,5,50,4,1,1,5,4,5,7,2,1,5,5,5,2,16,1,22,2,9,4,5,7,20,8,20,10,16,,67,9,1,22,9,121.606681,25.0581199