發生年度,發生月,發生日,發生時-Hours,發生分,處理別-編號,區序,肇事地點,死亡人數,2-30日死亡人數,受傷人數,當事人序號,車種,天候,光線,道路類別,速限-速度限制,道路型態,事故位置,路面狀況1,路面狀況2,路面狀況3,道路障礙1,道路障礙2,號誌1,號誌2,車道劃分-分向,車道劃分-分道1,車道劃分-分道2,車道劃分-分道3,事故類型及型態,性別,年齡,受傷程度,主要傷處,安全帽,行動電話,車輛用途,當事者行動狀態,駕駛資格情形,駕駛執照種類,飲酒情形,車輛撞擊部位1,車輛撞擊部位2,肇因碼-個別,肇因碼-主要,個人肇逃否,職業,旅次目的,座標-X,座標-Y
111,9,30,16,18,2,07信義區,信義區忠孝東路5段275巷與虎林街120巷口,0,0,1,1,C03,8,1,5,30,4,1,1,5,4,5,7,4,4,9,5,5,2,15,1,18,3,10,1,1,7,9,1,10,1,12,,6,6,1,22,9,121.5713781,25.042254
111,9,30,16,18,2,07信義區,信義區忠孝東路5段275巷與虎林街120巷口,0,0,1,2,C03,8,1,5,30,4,1,1,5,4,5,7,4,4,9,5,5,2,15,2,20,2,9,1,1,7,9,1,10,1,11,,13,6,1,22,9,121.5713781,25.042254
111,9,30,16,28,2,05中正區,中正區臨沂街與臨沂街27巷口,0,0,1,1,C03,8,1,5,30,4,1,1,5,4,5,7,4,4,5,4,5,2,16,2,27,2,9,1,1,7,9,1,10,2,12,,6,6,1,22,9,121.5302137,25.0411589
111,9,30,16,28,2,05中正區,中正區臨沂街與臨沂街27巷口,0,0,1,2,B01,8,1,5,30,4,1,1,5,4,5,7,4,4,5,4,5,2,16,1,51,3,10,1,1,7,9,1,4,2,8,,14,6,1,22,9,121.5302137,25.0411589
111,9,30,17,5,2,09北投區,北投區西安街1段325號,0,0,2,2,C03,8,1,5,50,14,9,1,5,4,5,7,4,4,9,4,5,2,16,1,24,2,8,1,1,7,9,1,10,1,11,,44,7,1,22,9,121.5161183,25.11325294
111,9,30,17,5,2,09北投區,北投區西安街1段325號,0,0,2,1,C03,8,1,5,50,14,9,1,5,4,5,7,4,4,9,4,5,2,16,1,67,2,9,1,1,7,8,1,10,1,13,,7,7,1,22,9,121.5161183,25.11325294
111,9,30,17,7,2,03中山區,中山區北安路忠烈祠,0,0,1,1,C03,8,1,5,50,14,9,1,5,4,5,7,4,4,1,3,5,1,12,1,26,2,7,1,1,7,4,1,10,1,12,,17,17,1,22,9,121.5330751,25.07815079
111,9,30,17,7,2,03中山區,中山區北安路忠烈祠,0,0,1,2,B03,8,1,5,50,14,9,1,5,4,5,7,4,4,1,3,5,1,12,1,53,3,10,1,1,7,9,1,8,1,4,,44,17,1,22,9,121.5330751,25.07815079
111,9,30,17,10,2,10文山區,文山區萬芳路52號,0,0,2,1,C03,8,1,5,40,11,9,1,5,4,5,1,4,4,4,5,5,2,16,1,22,2,8,1,4,7,1,1,10,1,14,,19,19,1,22,9,121.5710696,24.99744742
111,9,30,17,10,2,10文山區,文山區萬芳路52號,0,0,2,2,C03,8,1,5,40,11,9,1,5,4,5,1,4,4,4,5,5,2,16,1,50,2,9,1,4,7,6,1,10,1,11,,44,19,1,22,9,121.5710696,24.99744742
111,9,30,17,17,2,01大同區,大同區民權西路與蘭州街口,0,0,2,1,C03,8,1,5,50,4,2,1,5,4,5,7,2,1,1,4,4,2,17,1,58,2,9,1,4,7,9,1,10,1,11,,23,23,1,22,9,121.5146559,25.0629196
111,9,30,17,17,2,01大同區,大同區民權西路與蘭州街口,0,0,2,2,C03,8,1,5,50,4,2,1,5,4,5,7,2,1,1,4,4,2,17,1,56,2,9,1,4,7,5,1,10,1,13,,8,23,1,22,9,121.5146559,25.0629196
111,9,30,17,17,2,01大同區,大同區民權西路與蘭州街口,0,0,2,3,B01,8,1,5,50,4,2,1,5,4,5,7,2,1,1,4,4,2,17,1,54,3,10,3,4,7,14,1,4,1,3,,44,23,1,22,9,121.5146559,25.0629196
111,9,30,17,20,2,08士林區,士林區菁山路34巷13號,0,0,1,1,C03,8,3,5,30,11,9,1,5,4,5,7,4,4,10,5,5,1,10,2,21,3,10,1,1,7,9,1,10,1,11,,5,5,1,22,9,121.5474681,25.13758039
111,9,30,17,20,2,08士林區,士林區菁山路34巷13號,0,0,1,2,C03,8,3,5,30,11,9,1,5,4,5,7,4,4,10,5,5,1,10,1,20,2,7,1,1,7,9,1,10,1,11,,44,5,1,22,9,121.5474681,25.13758039
111,9,30,17,30,2,06松山區,松山區復興北路地下道29號緊急電話,0,0,3,1,B03,8,3,5,40,6,9,1,5,4,5,7,4,4,1,3,5,2,17,1,33,3,10,3,4,7,12,1,8,1,1,,43,43,1,22,9,121.5442306,25.06900553
111,9,30,17,30,2,06松山區,松山區復興北路地下道29號緊急電話,0,0,3,2,C03,8,3,5,40,6,9,1,5,4,5,7,4,4,1,3,5,2,17,1,49,2,9,3,4,7,12,1,10,1,13,,43,43,1,22,9,121.5442306,25.06900553
111,9,30,17,30,2,06松山區,松山區復興北路地下道29號緊急電話,0,0,3,3,C03,8,3,5,40,6,9,1,5,4,5,7,4,4,1,3,5,2,17,1,56,2,9,3,4,7,12,1,10,1,13,,43,43,1,22,9,121.5442306,25.06900553
111,9,30,17,30,2,06松山區,松山區復興北路地下道29號緊急電話,0,0,3,4,C03,8,3,5,40,6,9,1,5,4,5,7,4,4,1,3,5,2,17,1,38,2,9,3,4,7,12,1,10,1,13,,43,43,1,22,9,121.5442306,25.06900553
111,9,30,17,30,2,06松山區,松山區復興北路地下道29號緊急電話,0,0,3,5,B03,8,3,5,40,6,9,1,5,4,5,7,4,4,1,3,5,2,17,1,28,3,10,3,4,7,12,1,8,1,3,,43,43,1,22,9,121.5442306,25.06900553
111,9,30,17,35,2,11南港區,南港區研究院路2段12巷75號,0,0,1,1,B03,8,1,5,30,14,9,1,5,4,5,7,4,4,8,3,5,2,12,1,39,3,10,3,4,7,1,1,8,1,8,,19,19,1,22,9,121.6138828,25.04696681
111,9,30,17,35,2,11南港區,南港區研究院路2段12巷75號,0,0,1,2,C03,8,1,5,30,14,9,1,5,4,5,7,4,4,8,3,5,2,12,1,19,2,7,1,4,7,9,1,10,1,12,,44,19,1,22,9,121.6138828,25.04696681
111,9,30,17,38,2,12內湖區,內湖區江南街71巷75弄與文德路22巷53弄口,0,0,2,1,C03,8,3,5,30,4,1,1,5,4,5,7,4,4,10,5,5,2,16,1,40,2,7,1,1,7,12,1,10,1,12,,6,6,1,22,9,121.5797642,25.07551994
111,9,30,17,38,2,12內湖區,內湖區江南街71巷75弄與文德路22巷53弄口,0,0,2,2,B03,8,3,5,30,4,1,1,5,4,5,7,4,4,10,5,5,2,16,1,46,3,10,1,1,7,9,1,8,1,8,,23,6,1,22,9,121.5797642,25.07551994
111,9,30,17,38,2,12內湖區,內湖區江南街71巷75弄與文德路22巷53弄口,0,0,2,3,H02,8,3,5,30,4,1,1,5,4,5,7,4,4,10,5,5,2,16,2,31,2,9,1,5,7,20,8,20,10,16,,67,6,1,22,9,121.5797642,25.07551994
111,9,30,17,45,2,05中正區,中正區汀州路3段與羅斯福路4段24巷口,0,0,1,1,C03,8,3,5,50,4,1,1,5,4,5,7,2,1,5,4,5,2,12,2,36,2,9,1,1,7,7,1,10,1,14,,7,7,1,22,9,121.5326076,25.0148451
111,9,30,17,45,2,05中正區,中正區汀州路3段與羅斯福路4段24巷口,0,0,1,2,B03,8,3,5,50,4,1,1,5,4,5,7,2,1,5,4,5,2,12,1,21,3,10,1,1,7,9,1,8,1,5,,23,7,1,22,9,121.5326076,25.0148451
111,9,30,17,51,2,05中正區,中正區林森北路與北平東路口口,0,0,2,1,C02,8,3,5,50,4,2,1,5,4,5,7,2,1,9,4,4,1,13,1,21,2,7,1,1,7,9,1,9,1,11,,16,16,1,21,5,121.5237706,25.0463341
111,9,30,17,51,2,05中正區,中正區林森北路與北平東路口口,0,0,2,2,C01,8,3,5,50,4,2,1,5,4,5,7,2,1,9,4,4,1,13,1,54,2,8,1,1,7,9,1,9,1,13,,44,16,1,21,1,121.5237706,25.0463341
111,9,30,17,51,2,05中正區,中正區林森北路與北平東路口口,0,0,2,3,B01,8,3,5,50,4,2,1,5,4,5,7,2,1,9,4,4,1,13,1,58,3,10,1,1,7,14,1,4,1,7,,44,16,1,21,1,121.5237706,25.0463341
111,9,30,18,5,2,12內湖區,內湖區康寧路3段220號前,0,0,1,1,C03,8,3,5,50,14,9,1,5,4,5,7,4,4,1,4,5,2,13,1,61,3,10,1,1,7,9,1,10,1,11,,16,16,1,22,9,121.6109273,25.06629162
111,9,30,18,5,2,12內湖區,內湖區康寧路3段220號前,0,0,1,2,C03,8,3,5,50,14,9,1,5,4,5,7,4,4,1,4,5,2,13,1,42,2,5,1,1,7,14,1,10,1,13,,33,16,1,22,9,121.6109273,25.06629162
111,9,30,18,10,1,03中山區,中山區建國北路2段82號,1,0,0,1,H01,7,1,5,50,3,2,1,5,4,5,7,4,4,1,4,5,2,3,2,89,1,1,4,5,8,16,8,20,10,16,,51,51,1,22,9,121.5366316,25.0554767
111,9,30,18,10,1,03中山區,中山區建國北路2段82號,1,0,0,2,B02,7,1,5,50,3,2,1,5,4,5,7,4,4,1,4,5,2,3,1,50,3,10,3,4,7,9,1,8,2,5,,23,51,1,22,9,121.5366316,25.0554767
111,9,30,18,10,2,12內湖區,內湖區康樂街72巷與康樂街口,0,0,2,1,C03,8,3,5,30,4,1,1,5,4,5,7,1,1,10,4,5,2,15,1,23,2,9,1,1,7,9,1,10,1,11,,25,25,1,22,9,121.6186971,25.06943731
111,9,30,18,10,2,12內湖區,內湖區康樂街72巷與康樂街口,0,0,2,2,C03,8,3,5,30,4,1,1,5,4,5,7,1,1,10,4,5,2,15,2,28,2,9,1,1,7,9,1,9,1,14,,44,25,1,22,9,121.6186971,25.06943731
111,9,30,18,11,2,09北投區,北投區裕民二路與裕民四路口,0,0,1,1,B03,8,3,8,50,15,22,1,5,4,5,7,4,4,5,2,5,1,14,1,39,3,10,3,1,7,2,1,8,7,3,,12,12,1,22,9,121.5168933,25.1153908
111,9,30,18,11,2,09北投區,北投區裕民二路與裕民四路口,0,0,1,2,C03,8,3,8,50,15,22,1,5,4,5,7,4,4,5,2,5,1,14,1,23,2,9,1,1,7,14,1,10,2,11,,44,12,1,22,9,121.5168933,25.1153908
111,9,30,18,15,2,01大同區,大同區延平北路4段與延平北路4段235巷口口,0,0,1,1,C03,8,3,5,50,3,1,1,5,4,5,7,2,1,8,3,5,2,12,1,64,2,9,1,1,7,9,1,10,1,11,,43,43,1,22,9,121.511955,25.07585734
111,9,30,18,15,2,01大同區,大同區延平北路4段與延平北路4段235巷口口,0,0,1,2,G01,8,3,5,50,3,1,1,5,4,5,7,2,1,8,3,5,2,12,1,68,3,10,1,1,7,9,1,10,1,15,,44,43,1,22,9,121.511955,25.07585734
111,9,30,18,32,2,01大同區,大同區重慶北路3段與重慶北路3段223巷口,0,0,1,1,B03,7,3,5,50,4,1,1,5,4,5,7,2,1,1,4,5,2,2,1,49,3,10,3,4,7,5,1,8,2,1,,15,8,1,22,9,121.5137465,25.07040786
111,9,30,18,32,2,01大同區,大同區重慶北路3段與重慶北路3段223巷口,0,0,1,2,H01,7,3,5,50,4,1,1,5,4,5,7,2,1,1,4,5,2,2,1,28,2,9,4,5,8,16,8,20,10,16,,67,8,1,22,9,121.5137465,25.07040786
111,9,30,18,45,2,06松山區,松山區三民路與富錦街口,0,0,1,1,B01,8,3,5,50,4,1,1,5,4,5,7,2,1,1,4,5,2,16,1,62,3,10,1,1,7,5,1,4,1,8,,8,8,1,22,9,121.5631917,25.06091929
111,9,30,18,45,2,06松山區,松山區三民路與富錦街口,0,0,1,2,C03,8,3,5,50,4,1,1,5,4,5,7,2,1,1,4,5,2,16,1,31,2,9,1,1,7,9,1,10,1,14,,23,8,1,22,9,121.5631917,25.06091929
111,9,30,19,30,2,05中正區,中正區重慶南路3段3巷與重慶南路3段口,0,0,1,1,C03,8,3,5,50,3,1,1,5,4,5,7,4,4,1,4,5,2,12,2,25,2,9,1,1,7,7,1,10,1,14,,7,7,1,22,9,121.5154706,25.0293277
111,9,30,19,30,2,05中正區,中正區重慶南路3段3巷與重慶南路3段口,0,0,1,2,B03,8,3,5,50,3,1,1,5,4,5,7,4,4,1,4,5,2,12,1,42,3,10,1,1,7,9,1,8,1,2,,44,7,1,22,9,121.5154706,25.0293277
111,9,30,19,30,2,05中正區,中正區重慶南路3段3巷與重慶南路3段口,0,0,1,3,H02,8,3,5,50,3,1,1,5,4,5,7,4,4,1,4,5,2,12,2,25,4,11,4,5,7,20,8,20,10,16,,67,7,1,22,9,121.5154706,25.0293277
111,9,30,19,30,2,09北投區,北投區中央北路2段257巷與大業路527巷口,0,0,1,1,C03,8,2,5,30,3,1,1,5,4,5,7,4,4,10,5,5,2,18,1,47,2,9,3,4,7,9,1,10,9,14,,43,23,1,22,9,121.4905328,25.13682931
111,9,30,19,30,2,09北投區,北投區中央北路2段257巷與大業路527巷口,0,0,1,2,,8,2,5,30,3,1,1,5,4,5,7,4,4,10,5,5,2,18,3,,,,,,,,,,,,,67,23,1,,,121.4905328,25.13682931
111,9,30,19,50,2,09北投區,北投區中央北路2段361號對面,0,0,1,1,C03,8,3,5,50,14,9,1,5,4,5,7,4,4,5,5,5,2,12,1,51,3,10,1,1,7,9,1,10,1,12,,43,43,1,22,9,121.4877804,25.13842411
111,9,30,19,50,2,09北投區,北投區中央北路2段361號對面,0,0,1,2,F01,8,3,5,50,14,9,1,5,4,5,7,4,4,5,5,5,2,12,1,76,2,9,1,1,7,9,8,20,1,16,,43,43,1,22,9,121.4877804,25.13842411
111,9,30,20,45,2,08士林區,士林區中山北路5段112號,0,0,1,1,C03,8,1,5,50,14,9,1,5,4,5,7,1,1,5,4,5,2,13,1,26,2,9,1,1,7,9,1,10,1,11,,23,23,1,22,9,121.5257793,25.0853229
111,9,30,20,45,2,08士林區,士林區中山北路5段112號,0,0,1,2,B03,8,1,5,50,14,9,1,5,4,5,7,1,1,5,4,5,2,13,1,23,3,10,1,1,7,14,1,8,1,3,,44,23,1,22,9,121.5257793,25.0853229
111,9,30,20,58,2,11南港區,南港區南港路1段與經貿一路口,0,0,1,1,B03,8,3,5,50,4,1,1,5,4,5,7,1,1,1,4,5,2,16,1,51,3,10,1,1,7,5,1,8,2,6,,8,8,1,22,9,121.6187326,25.0548863
111,9,30,20,58,2,11南港區,南港區南港路1段與經貿一路口,0,0,1,2,C03,8,3,5,50,4,1,1,5,4,5,7,1,1,1,4,5,2,16,1,19,2,9,1,1,7,9,1,10,2,11,,23,8,1,22,9,121.6187326,25.0548863
111,9,30,21,10,2,03中山區,中山區長安東路2段與吉林路口,0,0,2,1,B03,7,3,5,50,4,1,1,5,4,5,7,2,1,4,3,5,2,12,1,43,3,10,3,4,7,8,1,8,2,2,,7,7,1,22,9,121.5299372,25.048547
111,9,30,21,10,2,03中山區,中山區長安東路2段與吉林路口,0,0,2,2,C03,7,3,5,50,4,1,1,5,4,5,7,2,1,4,3,5,2,12,2,44,2,9,3,4,7,7,1,10,2,11,,7,7,1,22,9,121.5299372,25.048547
111,9,30,21,10,2,03中山區,中山區長安東路2段與吉林路口,0,0,2,3,H02,7,3,5,50,4,1,1,5,4,5,7,2,1,4,3,5,2,12,2,54,2,9,3,5,7,20,8,20,10,16,,67,7,1,22,9,121.5299372,25.048547
111,9,30,21,10,2,03中山區,中山區林森北路442-1號,0,0,2,4,H02,8,3,5,50,14,9,1,5,4,5,7,4,4,9,5,5,2,17,1,42,3,10,4,5,7,19,8,20,10,16,,56,38,1,22,9,121.525506,25.06045986
111,9,30,21,10,2,03中山區,中山區林森北路442-1號,0,0,2,5,H02,8,3,5,50,14,9,1,5,4,5,7,4,4,9,5,5,2,17,2,22,2,9,4,5,7,20,8,20,10,16,,67,38,1,22,9,121.525506,25.06045986
111,9,30,21,10,2,03中山區,中山區林森北路442-1號,0,0,2,1,B01,8,3,5,50,14,9,1,5,4,5,7,4,4,9,5,5,2,17,1,54,3,10,1,1,7,14,1,4,1,2,,38,38,1,22,9,121.525506,25.06045986
111,9,30,21,10,2,03中山區,中山區林森北路442-1號,0,0,2,2,C03,8,3,5,50,14,9,1,5,4,5,7,4,4,9,5,5,2,17,1,24,2,8,1,1,7,9,1,10,1,14,12,44,38,1,22,9,121.525506,25.06045986
111,9,30,21,10,2,03中山區,中山區林森北路442-1號,0,0,2,3,B03,8,3,5,50,14,9,1,5,4,5,7,4,4,9,5,5,2,17,1,26,3,10,1,1,7,13,1,4,1,4,,38,38,1,22,9,121.525506,25.06045986
111,9,30,21,39,2,10文山區,文山區辛亥路7段與辛亥路7段5巷口,0,0,2,1,C03,8,3,5,50,3,1,1,5,4,5,7,4,4,5,5,4,2,3,1,72,2,9,1,1,7,9,1,10,2,11,,23,23,1,8,9,121.5524653,24.9871818
111,9,30,21,39,2,10文山區,文山區辛亥路7段與辛亥路7段5巷口,0,0,2,2,H01,8,3,5,50,3,1,1,5,4,5,7,4,4,5,5,4,2,3,2,66,2,9,4,5,8,17,8,20,10,16,,51,23,1,22,9,121.5524653,24.9871818
111,9,30,22,5,2,08士林區,士林區至誠路2段與雨聲街口,0,0,2,1,B03,8,3,5,50,4,1,1,5,4,5,7,4,4,5,5,5,2,17,1,58,3,10,1,1,7,5,1,8,1,1,,6,6,1,22,9,121.5290079,25.1018431
111,9,30,22,5,2,08士林區,士林區至誠路2段與雨聲街口,0,0,2,2,C03,8,3,5,50,4,1,1,5,4,5,7,4,4,5,5,5,2,17,2,24,2,9,1,1,7,9,1,10,1,11,,23,6,1,22,9,121.5290079,25.1018431
111,9,30,22,5,2,08士林區,士林區至誠路2段與雨聲街口,0,0,2,3,H02,8,3,5,50,4,1,1,5,4,5,7,4,4,5,5,5,2,17,1,24,2,9,1,3,7,20,8,20,10,16,,67,6,1,22,9,121.5290079,25.1018431
111,9,30,22,25,2,12內湖區,內湖區舊宗路2段與舊宗路2段213巷口,0,0,1,1,B03,8,3,5,50,3,1,1,5,4,5,7,4,4,1,4,5,2,17,1,31,3,10,1,1,7,6,1,8,9,2,,9,9,1,22,9,121.5735378,25.07309159
111,9,30,22,25,2,12內湖區,內湖區舊宗路2段與舊宗路2段213巷口,0,0,1,2,C03,8,3,5,50,3,1,1,5,4,5,7,4,4,1,4,5,2,17,2,20,2,8,1,1,7,9,1,10,9,14,,23,9,1,22,9,121.5735378,25.07309159
111,9,30,22,47,2,07信義區,信義區松勇路53巷66號,0,0,1,1,B02,8,3,5,30,14,9,1,5,4,5,7,4,4,10,5,5,1,16,1,39,3,10,3,4,7,9,1,8,1,1,,44,44,1,22,9,121.5728362,25.03402535
111,9,30,22,47,2,07信義區,信義區松勇路53巷66號,0,0,1,2,C01,8,3,5,30,14,9,1,5,4,5,7,4,4,10,5,5,1,16,1,20,2,9,1,1,7,1,1,9,1,11,,19,44,1,22,9,121.5728362,25.03402535
111,9,30,22,50,2,05中正區,中正區信義路1段東門國小旁,0,0,1,1,B03,8,3,5,40,14,8,1,5,4,5,7,4,4,1,4,1,2,13,2,42,4,11,3,4,7,13,7,19,11,15,,44,44,2,22,9,121.5202773,25.03757988
111,9,30,22,50,2,05中正區,中正區信義路1段東門國小旁,0,0,1,2,C03,8,3,5,40,14,8,1,5,4,5,7,4,4,1,4,1,2,13,1,30,2,9,1,1,7,9,1,10,2,11,,23,44,1,22,9,121.5202773,25.03757988
111,9,30,23,20,2,02萬華區,萬華區華江橋機車道往新北市,0,0,3,1,C03,7,3,5,40,14,11,1,5,4,5,7,4,4,10,5,5,2,17,2,22,2,9,1,1,7,9,1,10,1,11,,23,23,1,22,9,121.4909554,25.03613579
111,9,30,23,20,2,02萬華區,萬華區華江橋機車道往新北市,0,0,3,2,C03,7,3,5,40,14,11,1,5,4,5,7,4,4,10,5,5,2,17,1,38,2,9,1,1,7,14,1,9,1,13,,30,23,1,22,9,121.4909554,25.03613579
111,9,30,23,20,2,02萬華區,萬華區華江橋機車道往新北市,0,0,3,3,H02,7,3,5,40,14,11,1,5,4,5,7,4,4,10,5,5,2,17,2,22,2,9,1,5,7,21,8,20,10,16,,67,23,1,22,9,121.4909554,25.03613579
111,10,1,1,0,2,01大同區,大同區延平北路2段與延平北路2段247巷口,0,0,1,1,C03,8,3,5,50,4,2,1,5,4,5,7,2,1,10,4,5,2,17,1,21,2,8,1,1,7,9,1,10,1,12,,6,,1,22,9,121.5112906,25.06225883
111,10,1,1,0,2,01大同區,大同區延平北路2段與延平北路2段247巷口,0,0,1,2,B03,8,3,5,50,4,2,1,5,4,5,7,2,1,10,4,5,2,17,1,24,3,10,1,1,7,6,1,8,1,8,,23,,1,22,9,121.5112906,25.06225883
111,10,1,1,59,2,02萬華區,萬華區漢中街與峨眉街口,0,0,1,1,B01,7,4,5,30,4,1,4,5,4,5,7,4,4,10,5,5,2,17,1,45,3,10,1,1,7,9,1,4,1,1,,6,6,1,22,9,121.5072484,25.04352128
111,10,1,1,59,2,02萬華區,萬華區漢中街與峨眉街口,0,0,1,2,C03,7,4,5,30,4,1,4,5,4,5,7,4,4,10,5,5,2,17,1,19,2,8,1,1,7,9,1,10,1,14,,14,6,1,22,9,121.5072484,25.04352128
111,10,1,3,25,2,03中山區,中山區遼寧街155巷與遼寧街口,0,0,1,1,B03,8,3,5,30,4,1,1,5,4,5,7,4,4,10,5,5,2,15,1,48,4,11,3,4,7,15,7,19,11,15,,6,43,2,22,9,121.5420515,25.05248684
111,10,1,3,25,2,03中山區,中山區遼寧街155巷與遼寧街口,0,0,1,2,C04,8,3,5,30,4,1,1,5,4,5,7,4,4,10,5,5,2,15,1,42,2,9,1,1,7,9,1,10,1,11,14,14,43,1,22,9,121.5420515,25.05248684
111,10,1,5,36,2,09北投區,北投區大業路與育仁路口,0,0,1,1,B03,8,1,5,50,4,1,1,5,4,5,7,2,1,3,4,4,2,16,1,69,3,10,1,1,7,11,1,8,2,5,,10,10,1,22,9,121.5010948,25.13701226
111,10,1,5,36,2,09北投區,北投區大業路與育仁路口,0,0,1,2,C03,8,1,5,50,4,1,1,5,4,5,7,2,1,3,4,4,2,16,2,20,2,9,1,1,7,9,1,10,2,11,,44,10,1,22,9,121.5010948,25.13701226
111,10,1,5,36,2,09北投區,北投區大業路與育仁路口,0,0,1,3,B03,8,1,5,50,4,1,1,5,4,5,7,2,1,3,4,4,2,16,1,66,3,10,3,4,7,13,1,8,1,7,,44,10,1,22,9,121.5010948,25.13701226
111,10,1,6,29,2,01大同區,大同區台北橋機車道(往三重),0,0,2,1,C03,8,1,5,50,14,11,1,5,4,5,7,4,4,10,4,5,2,12,1,49,2,9,1,4,7,8,4,8,2,11,,7,7,1,22,9,121.5111096,25.06313189
111,10,1,6,29,2,01大同區,大同區台北橋機車道(往三重),0,0,2,2,C03,8,1,5,50,14,11,1,5,4,5,7,4,4,10,4,5,2,12,1,28,2,9,1,4,7,9,1,10,2,11,,13,7,1,22,9,121.5111096,25.06313189
111,10,1,6,50,2,10文山區,文山區景文街131號,0,0,1,1,B12,8,1,5,50,14,7,1,5,4,5,7,4,4,5,2,4,2,17,1,61,4,11,3,4,7,15,7,19,11,15,2,23,23,2,22,9,121.5410987,24.99021507
111,10,1,6,50,2,10文山區,文山區景文街131號,0,0,1,2,C03,8,1,5,50,14,7,1,5,4,5,7,4,4,5,2,4,2,17,1,76,2,9,1,1,7,9,1,10,9,14,12,17,23,1,22,9,121.5410987,24.99021507
111,10,1,7,26,2,07信義區,信義區忠孝東路5段790巷34號,0,0,1,1,C03,8,1,5,30,14,9,1,5,4,5,7,4,4,10,5,5,1,17,1,77,2,8,1,4,7,9,1,10,2,11,,23,23,1,22,9,121.5830734,25.04177408
111,10,1,7,26,2,07信義區,信義區忠孝東路5段790巷34號,0,0,1,2,C03,8,1,5,30,14,9,1,5,4,5,7,4,4,10,5,5,1,17,1,51,3,10,3,4,7,15,1,10,2,12,,42,23,1,22,9,121.5830734,25.04177408
111,10,1,7,40,2,02萬華區,萬華區中華路2段與中華路2段416巷口,0,0,2,1,C03,8,1,5,50,4,1,1,5,4,5,7,1,1,10,5,5,2,17,1,18,2,7,3,4,7,5,1,10,1,12,,6,6,1,22,9,121.5058992,25.0277604
111,10,1,7,40,2,02萬華區,萬華區中華路2段與中華路2段416巷口,0,0,2,2,C03,8,1,5,50,4,1,1,5,4,5,7,1,1,10,5,5,2,17,1,40,2,7,3,4,7,9,1,10,1,11,,42,6,1,22,9,121.5058992,25.0277604
111,10,1,7,45,2,04大安區,大安區仁愛路4段8巷與復興南路1段253巷口,0,0,1,1,C03,8,1,5,30,4,1,1,5,4,5,7,4,4,10,5,5,2,15,1,63,2,9,3,4,7,9,1,10,1,11,,6,6,1,22,9,121.5443589,25.03678312
111,10,1,7,45,2,04大安區,大安區仁愛路4段8巷與復興南路1段253巷口,0,0,1,2,B11,8,1,5,30,4,1,1,5,4,5,7,4,4,10,5,5,2,15,1,26,3,10,3,4,7,9,6,18,1,1,,14,6,1,22,9,121.5443589,25.03678312
111,10,1,7,55,2,03中山區,中山區民權東路2段與新生北路2段口,0,0,2,1,C03,8,1,5,50,4,2,1,5,4,5,7,2,1,5,4,4,2,13,2,19,2,9,1,4,7,9,1,10,2,11,,16,16,1,22,9,121.5277212,25.062544
111,10,1,7,55,2,03中山區,中山區民權東路2段與新生北路2段口,0,0,2,2,C03,8,1,5,50,4,2,1,5,4,5,7,2,1,5,4,4,2,13,1,52,2,7,1,4,7,9,1,10,2,13,,44,16,1,22,9,121.5277212,25.062544
111,10,1,8,1,2,05中正區,中正區濟南路2段58號,0,0,1,1,C03,8,1,5,50,14,18,1,5,4,5,7,4,4,7,4,5,2,3,2,74,3,10,1,4,7,5,1,10,1,11,,15,15,1,22,9,121.5316248,25.04030454
111,10,1,8,1,2,05中正區,中正區濟南路2段58號,0,0,1,2,H01,8,1,5,50,14,18,1,5,4,5,7,4,4,7,4,5,2,3,2,78,2,9,4,5,8,16,8,20,1,16,,67,15,1,22,9,121.5316248,25.04030454
111,10,1,8,5,2,07信義區,信義區松山路275-1號,0,0,1,1,B12,8,1,5,50,14,9,1,5,4,5,7,4,4,1,4,5,2,12,1,41,3,10,1,1,7,7,1,2,2,4,,7,7,1,22,9,121.5778459,25.04336955
111,10,1,8,5,2,07信義區,信義區松山路275-1號,0,0,1,2,C03,8,1,5,50,14,9,1,5,4,5,7,4,4,1,4,5,2,12,1,53,2,9,1,1,7,9,1,9,2,12,,13,7,1,22,9,121.5778459,25.04336955
111,10,1,8,10,2,06松山區,松山區延壽街107號,0,0,1,1,C03,8,1,5,30,14,9,1,5,4,5,7,4,4,4,5,5,2,16,2,68,2,9,1,1,7,6,1,10,1,14,,6,6,1,22,9,121.565546,25.05703629
111,10,1,8,10,2,06松山區,松山區延壽街107號,0,0,1,2,B03,8,1,5,30,14,9,1,5,4,5,7,4,4,4,5,5,2,16,2,41,3,10,1,1,7,9,1,8,1,2,,23,6,1,22,9,121.565546,25.05703629
111,10,1,8,49,2,12內湖區,內湖區內湖路1段285巷內,0,0,1,1,H01,8,1,5,30,14,9,1,5,4,5,7,4,4,10,5,5,2,3,2,66,2,9,1,1,8,16,8,20,10,16,,51,51,1,22,9,121.566935,25.08443331
111,10,1,8,49,2,12內湖區,內湖區內湖路1段285巷內,0,0,1,2,B03,8,1,5,30,14,9,1,5,4,5,7,4,4,10,5,5,2,3,1,66,3,10,1,1,7,9,1,8,1,5,,23,51,1,22,9,121.566935,25.08443331
111,10,1,9,45,2,08士林區,士林區延平北路7段與延平北路7段106巷口,0,0,3,1,F01,8,1,5,30,3,1,1,5,4,5,7,4,4,10,5,5,2,17,2,57,2,9,1,1,7,11,8,20,1,16,,11,11,1,22,9,121.4970429,25.0970989