發生年度,發生月,發生日,發生時-Hours,發生分,處理別-編號,區序,肇事地點,死亡人數,2-30日死亡人數,受傷人數,當事人序號,車種,天候,光線,道路類別,速限-速度限制,道路型態,事故位置,路面狀況1,路面狀況2,路面狀況3,道路障礙1,道路障礙2,號誌1,號誌2,車道劃分-分向,車道劃分-分道1,車道劃分-分道2,車道劃分-分道3,事故類型及型態,性別,年齡,受傷程度,主要傷處,安全帽,行動電話,車輛用途,當事者行動狀態,駕駛資格情形,駕駛執照種類,飲酒情形,車輛撞擊部位1,車輛撞擊部位2,肇因碼-個別,肇因碼-主要,個人肇逃否,職業,旅次目的,座標-X,座標-Y
111,10,1,9,45,2,08士林區,士林區延平北路7段與延平北路7段106巷口,0,0,3,2,C03,8,1,5,30,3,1,1,5,4,5,7,4,4,10,5,5,2,17,1,21,2,9,1,1,7,11,1,10,1,11,,13,11,1,22,9,121.4970429,25.0970989
111,10,1,9,45,2,08士林區,士林區延平北路7段與延平北路7段106巷口,0,0,3,3,H02,8,1,5,30,3,1,1,5,4,5,7,4,4,10,5,5,2,17,2,22,2,9,1,1,7,21,8,20,10,15,,67,11,1,22,9,121.4970429,25.0970989
111,10,1,10,30,2,05中正區,中正區羅斯福路4段與基隆路4段口口,0,0,2,1,C03,8,1,5,50,5,1,1,5,4,5,7,1,1,1,4,5,1,17,1,42,2,9,1,1,7,9,3,18,2,14,,42,42,1,22,9,121.5368187,25.01132555
111,10,1,10,30,2,05中正區,中正區羅斯福路4段與基隆路4段口口,0,0,2,2,F01,8,1,5,50,5,1,1,5,4,5,7,1,1,1,4,5,1,17,1,78,2,9,1,1,7,15,8,20,2,16,,42,42,1,22,9,121.5368187,25.01132555
111,10,1,10,30,2,08士林區,士林區中山北路7段51巷與中山北路7段63巷口,0,0,2,1,C03,8,1,5,30,4,1,1,5,4,5,7,4,4,10,5,5,2,15,1,33,2,7,1,1,7,9,1,10,11,11,,6,6,1,22,9,121.5303317,25.120467
111,10,1,10,30,2,08士林區,士林區中山北路7段51巷與中山北路7段63巷口,0,0,2,2,C03,8,1,5,30,4,1,1,5,4,5,7,4,4,10,5,5,2,15,1,39,2,7,1,1,7,9,1,10,11,11,,14,6,1,22,9,121.5303317,25.120467
111,10,1,10,39,2,06松山區,松山區民生東路5段80號,0,0,1,1,H01,8,1,5,0,14,9,1,5,4,5,7,4,4,1,4,5,2,3,2,75,2,9,4,1,8,16,8,20,2,16,,51,51,1,22,9,121.5591129,25.05850127
111,10,1,10,39,2,06松山區,松山區民生東路5段80號,0,0,1,2,C03,8,1,5,0,14,9,1,5,4,5,7,4,4,1,4,5,2,3,1,31,3,10,1,1,7,9,1,10,2,11,,23,51,1,22,9,121.5591129,25.05850127
111,10,1,10,40,2,08士林區,士林區文林路與福德路口,0,0,1,1,B03,8,1,5,50,4,1,1,5,4,5,7,2,1,5,4,5,1,16,1,27,3,10,1,1,7,5,1,4,1,5,,8,8,1,21,8,121.5259668,25.09234656
111,10,1,10,40,2,08士林區,士林區文林路與福德路口,0,0,1,2,C03,8,1,5,50,4,1,1,5,4,5,7,2,1,5,4,5,1,16,2,27,2,9,1,1,7,9,1,9,1,11,,44,8,1,21,8,121.5259668,25.09234656
111,10,1,10,55,2,01大同區,大同區民權西路228號,0,0,1,1,C03,8,1,5,50,14,9,1,5,4,5,7,4,4,1,4,5,2,13,2,18,2,8,1,1,7,9,1,10,1,11,,43,43,1,22,9,121.513412,25.06286234
111,10,1,10,55,2,01大同區,大同區民權西路228號,0,0,1,2,B03,8,1,5,50,14,9,1,5,4,5,7,4,4,1,4,5,2,13,1,69,3,10,3,4,7,6,1,8,1,7,,43,43,1,22,9,121.513412,25.06286234
111,10,1,11,6,2,05中正區,中正區中山南路與凱達格蘭大道口,0,0,1,1,B12,8,1,5,50,5,1,1,5,4,5,7,2,1,1,4,5,2,15,2,62,3,10,1,1,7,9,1,8,1,2,,25,25,1,19,5,121.517547,25.0386761
111,10,1,11,6,2,05中正區,中正區中山南路與凱達格蘭大道口,0,0,1,2,C03,8,1,5,50,5,1,1,5,4,5,7,2,1,1,4,5,2,15,1,20,2,9,1,1,7,9,1,10,1,14,,44,25,2,18,5,121.517547,25.0386761
111,10,1,11,45,2,05中正區,中正區南昌路1段與重慶南路2段7巷口,0,0,1,1,B01,8,1,5,50,4,1,1,5,4,5,7,4,4,5,2,5,2,16,1,65,3,10,1,1,7,9,1,4,1,1,,6,6,1,22,9,121.5148722,25.03427064
111,10,1,11,45,2,05中正區,中正區南昌路1段與重慶南路2段7巷口,0,0,1,2,C03,8,1,5,50,4,1,1,5,4,5,7,4,4,5,2,5,2,16,1,59,2,9,1,1,7,9,1,10,1,12,,14,6,1,22,9,121.5148722,25.03427064
111,10,1,11,50,2,07信義區,信義區永吉路321巷與永吉路口側附近口,0,0,1,1,C03,8,1,5,50,4,1,1,5,4,5,7,2,1,9,4,4,2,16,1,65,3,10,1,1,7,5,1,10,1,11,,8,8,1,22,9,121.5754996,25.0455504
111,10,1,11,50,2,07信義區,信義區永吉路321巷與永吉路口側附近口,0,0,1,2,C03,8,1,5,50,4,1,1,5,4,5,7,2,1,9,4,4,2,16,1,43,3,10,1,1,7,9,1,10,1,11,,44,8,1,22,9,121.5754996,25.0455504
111,10,1,11,50,2,07信義區,信義區永吉路321巷與永吉路口側附近口,0,0,1,3,H02,8,1,5,50,4,1,1,5,4,5,7,2,1,9,4,4,2,16,2,58,2,8,1,1,7,20,8,20,10,16,,67,8,1,22,9,121.5754996,25.0455504
111,10,1,11,53,2,10文山區,文山區木柵路4段159巷(74號燈桿),0,0,1,1,C03,8,1,5,30,11,9,1,5,4,5,1,4,4,10,5,5,2,11,1,28,2,9,1,4,7,5,1,10,1,14,,8,8,1,22,9,121.5742272,25.01258095
111,10,1,11,53,2,10文山區,文山區木柵路4段159巷(74號燈桿),0,0,1,2,B02,8,1,5,30,11,9,1,5,4,5,1,4,4,10,5,5,2,11,1,25,3,10,1,4,7,6,1,8,1,8,,23,8,1,22,9,121.5742272,25.01258095
111,10,1,12,0,2,03中山區,中山區中原街與新生北路2段115巷口,0,0,1,1,C03,8,1,5,50,4,1,1,5,4,5,7,4,4,9,5,5,2,16,1,69,3,10,1,1,7,5,1,10,1,14,,8,8,1,22,9,121.5289154,25.05853408
111,10,1,12,0,2,03中山區,中山區中原街與新生北路2段115巷口,0,0,1,2,C03,8,1,5,50,4,1,1,5,4,5,7,4,4,9,5,5,2,16,2,25,2,9,1,1,7,9,1,10,1,12,,44,8,1,22,9,121.5289154,25.05853408
111,10,1,12,1,2,08士林區,士林區天母東路69巷遠雄陽明旁,0,0,1,1,,8,1,5,0,14,9,1,5,4,5,7,4,4,5,5,5,2,17,4,,4,11,3,4,7,15,7,19,11,15,,43,43,2,22,9,121.5328249,25.12084857
111,10,1,12,1,2,08士林區,士林區天母東路69巷遠雄陽明旁,0,0,1,2,C03,8,1,5,0,14,9,1,5,4,5,7,4,4,5,5,5,2,17,1,44,2,9,1,1,7,9,1,10,1,14,,44,43,1,21,8,121.5328249,25.12084857
111,10,1,12,23,2,05中正區,中正區中山北路1段與北平西路口,0,0,1,1,B01,8,1,5,50,4,1,1,5,4,5,7,2,1,1,4,5,2,11,1,60,3,10,1,1,7,5,1,4,2,1,,8,8,1,10,4,121.5203519,25.0472603
111,10,1,12,23,2,05中正區,中正區中山北路1段與北平西路口,0,0,1,2,B01,8,1,5,50,4,1,1,5,4,5,7,2,1,1,4,5,2,11,1,49,2,7,1,1,7,9,1,4,2,4,,23,8,1,10,4,121.5203519,25.0472603
111,10,1,12,42,2,04大安區,大安區和平東路1段256號旁,0,0,1,1,A02,8,1,5,50,14,9,1,5,4,5,7,4,4,1,4,5,2,9,1,44,3,10,1,1,7,14,1,1,1,15,,44,44,1,22,9,121.532921,25.0260788
111,10,1,12,42,2,04大安區,大安區和平東路1段256號旁,0,0,1,2,H02,8,1,5,50,14,9,1,5,4,5,7,4,4,1,4,5,2,9,1,87,2,8,4,5,7,19,8,20,10,16,,56,44,1,22,9,121.532921,25.0260788
111,10,1,12,56,2,04大安區,大安區辛亥路2段與和平東路2段76巷口,0,0,2,1,C03,8,1,5,40,3,1,1,5,4,5,7,4,4,10,3,4,2,12,1,32,2,9,1,1,7,1,1,10,1,14,,19,19,1,22,9,121.5384803,25.0221091
111,10,1,12,56,2,04大安區,大安區辛亥路2段與和平東路2段76巷口,0,0,2,2,B02,8,1,5,40,3,1,1,5,4,5,7,4,4,10,3,4,2,12,2,70,3,10,1,1,7,9,1,8,1,6,,44,19,1,22,9,121.5384803,25.0221091
111,10,1,12,56,2,04大安區,大安區辛亥路2段與和平東路2段76巷口,0,0,2,3,H02,8,1,5,40,3,1,1,5,4,5,7,4,4,10,3,4,2,12,2,26,2,9,1,5,7,20,8,20,10,16,,67,19,1,22,9,121.5384803,25.0221091
111,10,1,13,1,2,12內湖區,內湖區民權東路6段296巷與無名巷口,0,0,1,1,B01,8,1,5,30,4,1,1,5,4,5,7,4,4,10,4,5,2,16,1,39,3,10,1,1,7,9,1,4,2,5,,6,6,1,22,9,121.6087005,25.070249
111,10,1,13,1,2,12內湖區,內湖區民權東路6段296巷與無名巷口,0,0,1,2,C03,8,1,5,30,4,1,1,5,4,5,7,4,4,10,4,5,2,16,2,24,2,9,1,1,7,9,1,10,2,11,,14,6,1,22,9,121.6087005,25.070249
111,10,1,13,8,1,02萬華區,萬華區環河南路2段與環河南路2段250巷口,1,0,0,1,A41,8,1,5,50,4,1,1,5,4,5,7,1,1,1,4,5,2,16,1,60,3,10,1,1,1,5,1,1,2,1,,6,6,1,22,9,121.4920884,25.03289744
111,10,1,13,8,1,02萬華區,萬華區環河南路2段與環河南路2段250巷口,1,0,0,2,C03,8,1,5,50,4,1,1,5,4,5,7,1,1,1,4,5,2,16,1,76,1,3,1,1,7,9,1,10,9,11,,44,6,1,22,9,121.4920884,25.03289744
111,10,1,13,40,2,01大同區,大同區承德路2段與承德路2段117巷口,0,0,1,1,G03,8,1,5,50,3,1,1,5,4,5,7,4,4,1,4,5,2,13,1,41,3,10,3,4,7,6,3,18,6,1,,23,23,1,22,9,121.518258,25.05688397
111,10,1,13,40,2,01大同區,大同區承德路2段與承德路2段117巷口,0,0,1,2,C03,8,1,5,50,3,1,1,5,4,5,7,4,4,1,4,5,2,13,2,35,2,8,1,1,7,14,1,10,2,13,,38,23,1,22,9,121.518258,25.05688397
111,10,1,13,50,2,01大同區,大同區重慶北路3段113巷與民族西路182巷口,0,0,1,1,B03,8,1,5,30,4,1,1,5,4,5,7,4,4,9,4,5,2,15,1,40,3,10,1,1,7,9,1,8,11,4,,6,6,1,22,9,121.5147795,25.0672758
111,10,1,13,50,2,01大同區,大同區重慶北路3段113巷與民族西路182巷口,0,0,1,2,C03,8,1,5,30,4,1,1,5,4,5,7,4,4,9,4,5,2,15,2,20,2,8,1,1,7,9,1,10,11,11,,14,6,1,22,9,121.5147795,25.0672758
111,10,1,13,50,2,05中正區,中正區南海路與泉州街口口,0,0,2,1,C03,8,1,5,30,3,1,1,5,4,5,7,3,1,10,4,5,1,17,2,39,2,9,1,1,7,5,3,18,2,14,,8,8,1,22,9,121.5136694,25.03168901
111,10,1,13,50,2,05中正區,中正區南海路與泉州街口口,0,0,2,2,C03,8,1,5,30,3,1,1,5,4,5,7,3,1,10,4,5,1,17,1,34,2,9,1,1,7,9,1,10,2,12,,44,8,1,22,9,121.5136694,25.03168901
111,10,1,14,8,2,07信義區,信義區永吉路與永吉路502巷口口,0,0,2,1,B01,8,1,5,50,3,1,1,5,4,5,7,4,4,1,4,4,2,16,1,65,3,10,1,1,7,6,1,4,1,5,,9,9,1,22,9,121.5799889,25.0453071
111,10,1,14,8,2,07信義區,信義區永吉路與永吉路502巷口口,0,0,2,3,B03,8,1,5,50,3,1,1,5,4,5,7,4,4,1,4,4,2,16,1,65,3,10,1,1,7,14,1,8,1,7,,38,9,1,22,9,121.5799889,25.0453071
111,10,1,14,8,2,07信義區,信義區永吉路與永吉路502巷口口,0,0,2,2,C03,8,1,5,50,3,1,1,5,4,5,7,4,4,1,4,4,2,16,2,29,2,8,1,1,7,9,1,10,1,14,,44,9,1,22,9,121.5799889,25.0453071
111,10,1,14,8,2,07信義區,信義區永吉路與永吉路502巷口口,0,0,2,4,H02,8,1,5,50,3,1,1,5,4,5,7,4,4,1,4,4,2,16,2,32,2,8,1,1,7,21,8,20,10,15,,67,9,1,22,9,121.5799889,25.0453071
111,10,1,14,18,2,05中正區,中正區中山南路與忠孝西路1段口,0,0,1,1,C03,8,1,5,50,4,1,1,5,4,5,7,1,1,5,4,5,2,12,1,63,4,11,3,4,7,15,7,19,11,15,,26,26,2,22,9,121.5194845,25.0457311
111,10,1,14,18,2,05中正區,中正區中山南路與忠孝西路1段口,0,0,1,2,C03,8,1,5,50,4,1,1,5,4,5,7,1,1,5,4,5,2,12,1,21,2,9,1,1,7,8,1,10,2,12,,7,26,1,22,9,121.5194845,25.0457311
111,10,1,15,1,2,04大安區,大安區延吉街256-1號,0,0,1,1,B03,8,1,5,30,14,9,1,5,4,5,7,4,4,10,5,5,1,12,2,47,3,10,1,4,7,1,1,8,1,1,,19,19,1,22,9,121.5561602,25.03448309
111,10,1,15,1,2,04大安區,大安區延吉街256-1號,0,0,1,2,C03,8,1,5,30,14,9,1,5,4,5,7,4,4,10,5,5,1,12,1,34,2,8,1,4,7,9,1,10,1,12,,44,19,1,22,9,121.5561602,25.03448309
111,10,1,15,1,2,04大安區,大安區延吉街256-1號,0,0,1,3,B03,8,1,5,30,14,9,1,5,4,5,7,4,4,10,5,5,1,12,2,30,3,10,1,1,7,15,7,19,11,15,,44,19,1,22,9,121.5561602,25.03448309
111,10,1,15,15,2,11南港區,南港區忠孝東路7段與忠孝東路7段596巷口,0,0,1,1,C03,8,1,5,50,4,1,4,5,4,5,7,2,1,1,4,5,2,13,1,18,2,8,1,1,7,9,1,10,1,11,,16,16,1,21,8,121.6149452,25.05294902
111,10,1,15,15,2,11南港區,南港區忠孝東路7段與忠孝東路7段596巷口,0,0,1,2,B03,8,1,5,50,4,1,4,5,4,5,7,2,1,1,4,5,2,13,1,60,3,10,1,1,7,9,1,8,1,3,,44,16,1,21,8,121.6149452,25.05294902
111,10,1,15,30,2,12內湖區,內湖區新湖二路與新湖二路259巷口,0,0,1,1,B03,8,1,5,50,4,1,1,5,4,5,7,4,4,5,4,5,1,16,2,57,3,10,1,1,7,5,1,8,1,1,,23,23,1,22,9,121.5818994,25.06395196
111,10,1,15,30,2,12內湖區,內湖區新湖二路與新湖二路259巷口,0,0,1,2,C03,8,1,5,50,4,1,1,5,4,5,7,4,4,5,4,5,1,16,2,49,2,8,1,1,7,9,1,10,1,11,,6,23,1,22,9,121.5818994,25.06395196
111,10,1,15,35,2,04大安區,大安區仁愛路4段與敦化南路1段口,0,0,1,1,B03,8,1,5,50,4,1,1,5,4,5,7,2,1,1,4,5,2,17,1,45,3,10,1,1,7,5,1,8,1,4,,8,8,1,22,9,121.5480164,25.03777125
111,10,1,15,35,2,04大安區,大安區仁愛路4段與敦化南路1段口,0,0,1,2,C03,8,1,5,50,4,1,1,5,4,5,7,2,1,1,4,5,2,17,1,67,2,7,1,1,7,9,1,10,1,11,,23,8,1,22,9,121.5480164,25.03777125
111,10,1,15,58,2,06松山區,松山區健康路與延壽街72巷口,0,0,1,1,B03,8,1,5,50,3,1,1,5,4,5,7,4,4,8,3,4,1,16,1,28,3,10,3,1,7,6,1,8,1,5,,9,9,1,22,9,121.5656318,25.05432109
111,10,1,15,58,2,06松山區,松山區健康路與延壽街72巷口,0,0,1,2,C03,8,1,5,50,3,1,1,5,4,5,7,4,4,8,3,4,1,16,2,18,2,9,3,1,7,9,1,10,1,14,,44,9,1,22,9,121.5656318,25.05432109
111,10,1,16,10,2,08士林區,士林區仰德大道3段5巷,0,0,3,1,C02,8,1,8,40,15,22,1,5,4,4,6,2,1,4,5,5,2,17,1,44,2,9,1,1,7,5,1,9,1,12,,6,6,1,22,9,121.5504379,25.11410398
111,10,1,16,10,2,08士林區,士林區仰德大道3段5巷,0,0,3,2,C03,8,1,8,40,15,22,1,5,4,4,6,2,1,4,5,5,2,17,2,19,2,9,1,1,7,9,1,10,1,11,,44,6,1,22,9,121.5504379,25.11410398
111,10,1,16,10,2,08士林區,士林區仰德大道3段5巷,0,0,3,3,H02,8,1,8,40,15,22,1,5,4,4,6,2,1,4,5,5,2,17,2,19,2,9,4,5,7,20,8,20,10,16,,67,6,1,22,9,121.5504379,25.11410398
111,10,1,17,16,2,10文山區,文山區木柵路4段與木柵路4段149巷口口,0,0,1,1,B03,8,1,5,50,3,1,1,5,4,5,7,2,1,4,4,5,2,15,1,32,3,10,3,4,7,9,1,8,1,2,,25,25,1,22,9,121.5749379,24.99865557
111,10,1,17,16,2,10文山區,文山區木柵路4段與木柵路4段149巷口口,0,0,1,2,C03,8,1,5,50,3,1,1,5,4,5,7,2,1,4,4,5,2,15,2,23,2,8,1,4,7,9,1,10,1,11,,44,25,1,22,9,121.5749379,24.99865557
111,10,1,17,17,2,03中山區,中山區民權東路3段與復興北路口,0,0,4,1,C03,8,1,5,50,4,1,1,5,4,5,7,1,1,1,4,5,2,16,1,30,2,9,3,4,7,9,1,10,1,11,,16,16,1,22,9,121.5441029,25.0621373
111,10,1,17,17,2,03中山區,中山區民權東路3段與復興北路口,0,0,4,2,C03,8,1,5,50,4,1,1,5,4,5,7,1,1,1,4,5,2,16,1,28,2,9,3,4,7,9,1,10,1,13,,44,16,1,22,9,121.5441029,25.0621373
111,10,1,17,17,2,03中山區,中山區民權東路3段與復興北路口,0,0,4,3,H02,8,1,5,50,4,1,1,5,4,5,7,1,1,1,4,5,2,16,2,29,2,8,3,5,7,20,8,20,10,16,,67,16,1,22,9,121.5441029,25.0621373
111,10,1,17,17,2,03中山區,中山區民權東路3段與復興北路口,0,0,4,4,H02,8,1,5,50,4,1,1,5,4,5,7,1,1,1,4,5,2,16,2,24,2,9,3,5,7,20,8,20,10,16,,67,16,1,22,9,121.5441029,25.0621373
111,10,1,17,20,2,05中正區,中正區中山南路自由廣場前,0,0,2,1,C03,8,1,5,50,14,8,1,5,4,5,7,4,4,1,3,3,1,13,1,71,2,9,1,1,7,9,1,10,1,11,,23,23,1,22,9,121.5171792,25.0367057
111,10,1,17,20,2,05中正區,中正區中山南路自由廣場前,0,0,2,2,C03,8,1,5,50,14,8,1,5,4,5,7,4,4,1,3,3,1,13,1,18,2,8,1,1,7,12,1,10,1,13,,44,23,1,22,9,121.5171792,25.0367057
111,10,1,17,20,2,05中正區,中正區中山南路自由廣場前,0,0,2,3,B01,8,1,5,50,14,8,1,5,4,5,7,4,4,1,3,3,1,13,1,69,3,10,1,4,7,14,1,4,11,15,,38,23,1,22,9,121.5171792,25.0367057
111,10,1,17,35,2,11南港區,南港區成功路1段36巷與松河街口,0,0,1,1,F01,8,2,5,30,3,1,1,5,4,5,2,4,4,5,5,4,2,16,2,42,2,9,1,1,7,5,8,20,1,16,,6,6,1,22,9,121.5913577,25.05732331
111,10,1,17,35,2,11南港區,南港區成功路1段36巷與松河街口,0,0,1,2,C03,8,2,5,30,3,1,1,5,4,5,2,4,4,5,5,4,2,16,1,26,3,10,1,1,7,9,1,10,1,11,,14,6,1,22,9,121.5913577,25.05732331
111,10,1,17,50,2,03中山區,無名巷(北安路55號前),0,0,2,1,C03,8,3,5,30,3,2,1,5,4,5,7,3,1,1,4,5,2,16,2,50,2,6,1,4,7,5,1,10,1,12,,6,6,1,22,9,121.5292786,25.077794
111,10,1,17,50,2,03中山區,無名巷(北安路55號前),0,0,2,2,C03,8,3,5,30,3,2,1,5,4,5,7,3,1,1,4,5,2,16,1,20,2,9,1,4,7,9,1,10,1,11,,13,6,1,22,9,121.5292786,25.077794
111,10,1,18,8,2,01大同區,大同區西寧北路與民生西路408巷口,0,0,1,1,B01,7,3,5,50,3,1,1,5,4,5,7,4,4,5,2,5,2,17,1,28,3,10,1,1,7,11,1,4,1,4,,10,10,1,22,9,121.5089768,25.0562699
111,10,1,18,8,2,01大同區,大同區西寧北路與民生西路408巷口,0,0,1,2,C03,7,3,5,50,3,1,1,5,4,5,7,4,4,5,2,5,2,17,1,47,2,9,1,1,7,9,1,10,1,11,,14,10,1,22,9,121.5089768,25.0562699
111,10,1,18,19,2,05中正區,中正區信義路2段與連雲街口,0,0,2,1,C03,8,1,5,50,14,9,1,5,4,5,7,1,1,1,4,1,1,12,1,24,2,9,1,1,7,7,1,9,2,13,,7,7,1,22,9,121.5298434,25.0338347
111,10,1,18,19,2,05中正區,中正區信義路2段與連雲街口,0,0,2,2,C03,8,1,5,50,14,9,1,5,4,5,7,1,1,1,4,1,1,12,1,22,2,9,1,1,7,9,1,10,2,11,,23,7,1,22,9,121.5298434,25.0338347
111,10,1,18,20,2,05中正區,中正區羅斯福路4段與基隆路4段口,0,0,1,1,C03,8,3,5,50,4,1,1,5,4,5,7,2,1,1,4,5,2,12,2,39,2,9,1,1,7,7,1,10,2,14,,7,7,1,22,9,121.5368584,25.0112251
111,10,1,18,20,2,05中正區,中正區羅斯福路4段與基隆路4段口,0,0,1,2,B03,8,3,5,50,4,1,1,5,4,5,7,2,1,1,4,5,2,12,1,49,3,10,1,1,7,9,1,8,2,5,,44,7,1,22,9,121.5368584,25.0112251
111,10,1,18,26,2,01大同區,大同區民權西路與蘭州街口(東向西),0,0,1,1,C03,8,3,5,50,14,9,1,5,4,5,7,1,1,8,3,5,1,12,2,67,2,9,1,1,7,7,1,10,2,14,,7,7,1,22,9,121.5148678,25.06313526
111,10,1,18,26,2,01大同區,大同區民權西路與蘭州街口(東向西),0,0,1,2,C03,8,3,5,50,14,9,1,5,4,5,7,1,1,8,3,5,1,12,1,20,3,10,1,1,7,9,1,10,2,12,,17,7,1,22,9,121.5148678,25.06313526
111,10,1,18,30,2,09北投區,北投區承德路7段1號,0,0,2,1,B03,8,3,5,60,14,9,1,5,4,5,7,4,4,9,4,4,2,16,1,29,3,10,1,1,7,6,1,8,1,2,,43,43,1,22,9,121.5105917,25.11092302
111,10,1,18,30,2,09北投區,北投區承德路7段1號,0,0,2,2,C03,8,3,5,60,14,9,1,5,4,5,7,4,4,9,4,4,2,16,1,22,2,9,1,1,7,9,1,10,1,14,,43,43,1,22,9,121.5105917,25.11092302
111,10,1,18,30,2,09北投區,北投區承德路7段1號,0,0,2,3,H02,8,3,5,60,14,9,1,5,4,5,7,4,4,9,4,4,2,16,2,22,2,8,1,1,7,20,8,20,10,16,,67,43,1,22,9,121.5105917,25.11092302
111,10,1,18,54,2,03中山區,中山區民生東路1段與林森北路口,0,0,1,1,B01,8,3,5,50,4,1,1,5,4,5,7,1,1,5,4,5,2,16,1,66,3,10,1,1,7,5,1,4,1,2,,8,8,1,22,9,121.525538,25.05807393
111,10,1,18,54,2,03中山區,中山區民生東路1段與林森北路口,0,0,1,2,C03,8,3,5,50,4,1,1,5,4,5,7,1,1,5,4,5,2,16,1,18,2,9,1,1,7,9,1,10,1,11,14,44,8,1,22,9,121.525538,25.05807393
111,10,1,19,1,2,07信義區,信義區吳興街220巷83號,0,0,1,1,C03,8,3,5,50,14,7,1,5,4,5,7,4,4,5,5,4,2,13,2,59,2,9,1,1,7,9,1,10,1,11,,43,43,1,21,8,121.5603937,25.025942
111,10,1,19,1,2,07信義區,信義區吳興街220巷83號,0,0,1,2,B01,8,3,5,50,14,7,1,5,4,5,7,4,4,5,5,4,2,13,1,35,3,10,1,1,7,14,1,4,1,6,,43,43,1,21,8,121.5603937,25.025942
111,10,1,19,15,2,08士林區,士林區福國路96號,0,0,1,1,B03,8,3,5,50,14,9,1,5,4,5,7,4,4,1,4,5,1,17,1,43,3,10,1,1,7,7,1,8,1,15,,26,26,1,22,9,121.5223414,25.10189409
111,10,1,19,15,2,08士林區,士林區福國路96號,0,0,1,2,C03,8,3,5,50,14,9,1,5,4,5,7,4,4,1,4,5,1,17,1,31,2,9,1,1,7,9,1,10,1,11,,44,26,1,22,9,121.5223414,25.10189409
111,10,1,19,20,2,07信義區,信義區松山路531號,0,0,1,1,C03,8,3,5,30,14,9,1,5,4,5,7,4,4,9,5,5,2,18,1,23,2,9,1,1,7,9,1,10,1,12,,43,43,1,22,9,121.5781677,25.0380374
111,10,1,19,20,2,07信義區,信義區松山路531號,0,0,1,2,,8,3,5,30,14,9,1,5,4,5,7,4,4,9,5,5,2,18,3,,,,,,,,,,,,,67,43,1,,,121.5781677,25.0380374
111,10,1,20,2,2,06松山區,松山區塔悠路182號,0,0,1,1,C03,8,3,5,50,14,7,1,5,4,5,7,2,1,1,4,4,2,16,2,38,2,8,1,1,7,9,1,10,1,11,,23,23,1,22,9,121.5694212,25.05637534
111,10,1,20,2,2,06松山區,松山區塔悠路182號,0,0,1,2,C03,8,3,5,50,14,7,1,5,4,5,7,2,1,1,4,4,2,16,1,19,3,10,1,1,7,7,3,18,1,13,,7,23,1,22,9,121.5694212,25.05637534
111,10,1,20,40,2,08士林區,士林區中山北路7段與中山北路7段38巷口,0,0,2,1,B03,8,3,5,50,5,2,1,5,4,5,7,1,1,1,4,5,2,17,1,68,3,10,1,1,7,5,1,8,2,5,,8,8,1,22,9,121.5311044,25.12022357
111,10,1,20,40,2,08士林區,士林區中山北路7段與中山北路7段38巷口,0,0,2,2,C03,8,3,5,50,5,2,1,5,4,5,7,1,1,1,4,5,2,17,1,31,2,9,1,1,7,9,1,10,2,11,,44,8,1,22,9,121.5311044,25.12022357
111,10,1,20,40,2,08士林區,士林區中山北路7段與中山北路7段38巷口,0,0,2,3,H02,8,3,5,50,5,2,1,5,4,5,7,1,1,1,4,5,2,17,2,32,2,8,1,5,7,17,8,20,10,16,,67,8,1,22,9,121.5311044,25.12022357
111,10,1,20,59,2,01大同區,大同區重慶北路1段與長安西路口,0,0,1,1,B01,7,3,5,50,4,1,1,5,4,5,7,1,1,1,4,5,2,15,1,61,4,11,3,4,7,15,7,19,11,15,,6,6,2,22,9,121.5138602,25.051628
111,10,1,20,59,2,01大同區,大同區重慶北路1段與長安西路口,0,0,1,2,C03,7,3,5,50,4,1,1,5,4,5,7,1,1,1,4,5,2,15,1,26,2,7,1,1,7,9,1,10,2,11,,44,6,1,22,9,121.5138602,25.051628
111,10,1,21,9,2,02萬華區,萬華區國興路96號,0,0,2,1,C03,8,3,5,50,14,9,1,5,4,5,7,4,4,9,5,5,2,16,1,67,3,10,1,1,7,1,1,10,2,14,,19,19,1,22,9,121.5058292,25.02698472
111,10,1,21,9,2,02萬華區,萬華區國興路96號,0,0,2,2,C03,8,3,5,50,14,9,1,5,4,5,7,4,4,9,5,5,2,16,2,29,2,9,1,1,7,9,1,10,2,12,,42,19,1,22,9,121.5058292,25.02698472
111,10,1,21,9,2,02萬華區,萬華區國興路96號,0,0,2,3,H02,8,3,5,50,14,9,1,5,4,5,7,4,4,9,5,5,2,16,2,61,2,7,4,5,7,20,8,20,10,16,,67,19,1,22,9,121.5058292,25.02698472
111,10,1,21,15,2,03中山區,中山區建國北路2段與南京東路1段口,0,0,1,1,B01,8,3,5,50,4,2,1,5,4,5,7,1,1,5,4,4,2,13,1,71,3,10,1,1,7,9,6,18,1,1,,16,16,1,22,9,121.5367462,25.052078
111,10,1,21,15,2,03中山區,中山區建國北路2段與南京東路1段口,0,0,1,2,B03,8,3,5,50,4,2,1,5,4,5,7,1,1,5,4,4,2,13,1,70,3,10,1,1,7,12,1,8,1,3,,44,16,1,22,9,121.5367462,25.052078
111,10,1,21,15,2,03中山區,中山區建國北路2段與南京東路1段口,0,0,1,3,H02,8,3,5,50,4,2,1,5,4,5,7,1,1,5,4,4,2,13,2,38,2,9,4,5,7,20,8,20,10,16,,67,16,1,22,9,121.5367462,25.052078