發生年度,發生月,發生日,發生時-Hours,發生分,處理別-編號,區序,肇事地點,死亡人數,2-30日死亡人數,受傷人數,當事人序號,車種,天候,光線,道路類別,速限-速度限制,道路型態,事故位置,路面狀況1,路面狀況2,路面狀況3,道路障礙1,道路障礙2,號誌1,號誌2,車道劃分-分向,車道劃分-分道1,車道劃分-分道2,車道劃分-分道3,事故類型及型態,性別,年齡,受傷程度,主要傷處,安全帽,行動電話,車輛用途,當事者行動狀態,駕駛資格情形,駕駛執照種類,飲酒情形,車輛撞擊部位1,車輛撞擊部位2,肇因碼-個別,肇因碼-主要,個人肇逃否,職業,旅次目的,座標-X,座標-Y
111,10,1,21,48,2,02萬華區,萬華區中華路1段與成都路口,0,0,1,1,A02,8,3,5,50,4,2,1,5,4,5,7,1,1,8,3,5,2,17,1,38,3,10,3,4,7,12,1,2,9,15,,44,44,1,22,9,121.5078032,25.0423128
111,10,1,21,48,2,02萬華區,萬華區中華路1段與成都路口,0,0,1,2,B01,8,3,5,50,4,2,1,5,4,5,7,1,1,8,3,5,2,17,1,64,3,10,3,4,7,7,1,8,9,15,,7,44,1,22,9,121.5078032,25.0423128
111,10,1,21,48,2,02萬華區,萬華區中華路1段與成都路口,0,0,1,3,H02,8,3,5,50,4,2,1,5,4,5,7,1,1,8,3,5,2,17,2,31,2,9,4,5,7,17,8,20,10,16,,67,44,1,22,9,121.5078032,25.0423128
111,10,1,22,54,2,10文山區,文山區興隆路3段222號,0,0,1,1,B01,8,3,5,50,4,1,1,5,4,5,7,2,1,1,4,5,2,16,1,52,3,10,1,1,7,11,1,4,1,6,,10,10,1,22,9,121.5592325,24.9970954
111,10,1,22,54,2,10文山區,文山區興隆路3段222號,0,0,1,2,C03,8,3,5,50,4,1,1,5,4,5,7,2,1,1,4,5,2,16,2,20,2,9,1,1,7,9,1,10,1,12,,44,10,1,22,9,121.5592325,24.9970954
111,10,1,23,15,2,08士林區,士林區大南路與基河路口,0,0,1,1,B01,8,1,5,50,4,1,1,5,4,5,7,1,1,5,4,5,2,16,1,37,3,10,3,4,7,5,1,4,1,5,,23,23,1,22,9,121.5227954,25.0897112
111,10,1,23,15,2,08士林區,士林區大南路與基河路口,0,0,1,2,C03,8,1,5,50,4,1,1,5,4,5,7,1,1,5,4,5,2,16,1,43,2,9,1,1,7,5,1,10,1,12,,44,23,1,22,9,121.5227954,25.0897112
111,10,2,0,5,2,05中正區,中正區水源路與師大路口,0,0,1,1,B03,8,3,5,50,5,1,1,5,4,5,7,2,1,3,4,3,2,16,1,40,3,10,1,1,7,6,1,8,2,1,,25,25,1,22,9,121.5227937,25.020283
111,10,2,0,5,2,05中正區,中正區水源路與師大路口,0,0,1,2,C04,8,3,5,50,5,1,1,5,4,5,7,2,1,3,4,3,2,16,1,27,2,9,1,1,7,9,1,8,2,12,,26,25,1,22,9,121.5227937,25.020283
111,10,2,1,6,2,08士林區,士林區福林路240號,0,0,2,1,B01,8,3,5,50,14,9,1,5,4,5,7,3,1,5,4,5,2,16,1,65,3,10,1,1,7,11,1,4,1,8,,6,6,1,22,9,121.5339402,25.09768518
111,10,2,1,6,2,08士林區,士林區福林路240號,0,0,2,2,C03,8,3,5,50,14,9,1,5,4,5,7,3,1,5,4,5,2,16,1,22,2,9,1,1,7,9,1,10,1,12,,44,6,1,22,9,121.5339402,25.09768518
111,10,2,1,6,2,08士林區,士林區福林路240號,0,0,2,3,H02,8,3,5,50,14,9,1,5,4,5,7,3,1,5,4,5,2,16,2,19,2,9,1,5,7,21,8,20,10,16,,67,6,1,22,9,121.5339402,25.09768518
111,10,2,5,25,2,08士林區,士林區百齡橋第010號燈桿前,0,0,2,1,C03,8,2,5,50,14,11,1,5,4,5,7,4,4,3,3,5,2,17,1,75,2,8,1,1,7,9,1,10,1,12,,23,23,1,22,9,121.5131647,25.08891516
111,10,2,5,25,2,08士林區,士林區百齡橋第010號燈桿前,0,0,2,2,F01,8,2,5,50,14,11,1,5,4,5,7,4,4,3,3,5,2,17,1,67,2,8,1,1,7,9,8,20,1,16,,44,23,1,22,9,121.5131647,25.08891516
111,10,2,5,27,2,07信義區,信義區信義路5段與基隆路1段口,0,0,1,1,B01,8,3,5,50,4,2,1,5,4,5,7,2,1,1,4,5,2,17,1,65,3,10,1,1,7,6,1,4,2,5,,23,23,1,21,8,121.5596975,25.03290615
111,10,2,5,27,2,07信義區,信義區信義路5段與基隆路1段口,0,0,1,2,F01,8,3,5,50,4,2,1,5,4,5,7,2,1,1,4,5,2,17,2,71,2,9,1,1,7,11,8,20,1,16,,11,23,1,21,8,121.5596975,25.03290615
111,10,2,6,35,2,03中山區,中山區民權東路2段與松江路口,0,0,1,1,A04,8,1,5,50,4,1,1,5,4,5,7,1,1,1,4,5,2,17,1,42,3,10,1,1,7,9,1,2,2,15,,25,25,1,22,9,121.5331084,25.0625501
111,10,2,6,35,2,03中山區,中山區民權東路2段與松江路口,0,0,1,2,C03,8,1,5,50,4,1,1,5,4,5,7,1,1,1,4,5,2,17,1,50,2,9,1,1,7,9,1,10,2,12,,44,25,1,22,9,121.5331084,25.0625501
111,10,2,6,39,2,01大同區,大同區承德路2段與錦西街口,0,0,1,1,F01,8,1,5,0,15,20,4,5,4,5,7,2,1,1,5,5,2,16,2,25,3,10,1,1,7,5,8,20,1,16,,8,8,1,22,9,121.5184352,25.06029817
111,10,2,6,39,2,01大同區,大同區承德路2段與錦西街口,0,0,1,2,F01,8,1,5,0,15,20,4,5,4,5,7,2,1,1,5,5,2,16,1,74,2,8,1,1,7,9,8,20,1,16,,26,8,1,22,9,121.5184352,25.06029817
111,10,2,8,0,2,03中山區,中山區中山北路4段北往南近中山橋處,0,0,1,2,C03,8,1,5,25,11,11,1,5,4,5,7,4,4,1,4,5,2,12,1,69,2,9,1,4,7,15,1,10,1,14,,44,23,1,22,9,121.5255813,25.07454487
111,10,2,8,0,2,03中山區,中山區中山北路4段北往南近中山橋處,0,0,1,1,C03,8,1,5,25,11,11,1,5,4,5,7,4,4,1,4,5,2,12,1,44,3,10,1,4,7,15,1,10,1,12,,23,23,1,22,9,121.5255813,25.07454487
111,10,2,8,6,2,02萬華區,萬華區華中橋往新北市機車道(標牌:華中033),0,0,2,1,C03,8,1,7,40,8,11,1,5,4,5,7,4,4,10,5,5,2,13,1,20,2,9,1,1,7,9,1,10,1,11,,16,16,1,22,9,121.4953595,25.01080606
111,10,2,8,6,2,02萬華區,萬華區華中橋往新北市機車道(標牌:華中033),0,0,2,2,F03,8,1,7,40,8,11,1,5,4,5,7,4,4,10,5,5,2,13,2,33,2,9,1,1,7,9,8,20,1,16,,26,16,1,22,9,121.4953595,25.01080606
111,10,2,9,22,2,04大安區,大安區敦化南路1段289號,0,0,1,1,C01,8,1,5,50,14,9,1,5,4,5,7,4,4,1,4,5,2,17,1,54,3,10,3,4,7,1,1,9,1,15,,19,19,1,22,9,121.5490848,25.0358983
111,10,2,9,22,2,04大安區,大安區敦化南路1段289號,0,0,1,2,C03,8,1,5,50,14,9,1,5,4,5,7,4,4,1,4,5,2,17,2,60,2,9,3,4,7,9,1,10,1,13,,44,19,1,22,9,121.5490848,25.0358983
111,10,2,9,48,2,10文山區,文山區木柵路2段與興隆路4段口口,0,0,4,2,C03,8,1,5,50,4,1,1,5,4,5,7,2,1,4,3,5,1,15,1,43,2,8,1,4,7,9,1,10,2,11,,23,25,1,22,9,121.5588848,24.98912461
111,10,2,9,48,2,10文山區,文山區木柵路2段與興隆路4段口口,0,0,4,3,H02,8,1,5,50,4,1,1,5,4,5,7,2,1,4,3,5,1,15,2,41,2,9,1,4,7,21,8,20,10,16,,67,25,1,22,9,121.5588848,24.98912461
111,10,2,9,48,2,10文山區,文山區木柵路2段與興隆路4段口口,0,0,4,4,H02,8,1,5,50,4,1,1,5,4,5,7,2,1,4,3,5,1,15,2,7,2,8,1,4,7,21,8,20,10,16,,67,25,1,22,9,121.5588848,24.98912461
111,10,2,9,48,2,10文山區,文山區木柵路2段與興隆路4段口口,0,0,4,1,C03,8,1,5,50,4,1,1,5,4,5,7,2,1,4,3,5,1,15,1,34,2,7,1,4,7,1,1,10,2,14,,25,25,1,22,9,121.5588848,24.98912461
111,10,2,9,55,2,05中正區,中正區紹興南街公衛大樓入口,0,0,1,1,B03,8,1,5,40,14,9,1,5,4,5,7,4,4,9,4,5,2,17,1,42,3,10,1,1,7,2,1,8,2,4,,12,12,1,22,9,121.5241708,25.041224
111,10,2,9,55,2,05中正區,中正區紹興南街公衛大樓入口,0,0,1,2,C03,8,1,5,40,14,9,1,5,4,5,7,4,4,9,4,5,2,17,2,19,2,9,1,1,7,9,1,10,2,12,,23,12,1,22,9,121.5241708,25.041224
111,10,2,11,0,2,08士林區,士林區雨聲街105號與無名巷口陽明醫院旁,0,0,1,1,B03,8,1,5,50,3,1,1,5,4,5,7,2,1,9,4,5,1,12,2,62,3,10,1,1,7,5,1,8,2,5,,17,17,1,22,9,121.5311724,25.10475041
111,10,2,11,0,2,08士林區,士林區雨聲街105號與無名巷口陽明醫院旁,0,0,1,2,C03,8,1,5,50,3,1,1,5,4,5,7,2,1,9,4,5,1,12,2,67,2,9,1,1,7,5,1,10,2,14,,17,17,1,22,9,121.5311724,25.10475041
111,10,2,11,0,2,07信義區,信義區永吉路與松隆路口口,0,0,1,1,B03,8,1,5,50,5,2,1,5,4,5,7,2,1,5,4,5,2,17,1,42,3,10,2,1,7,5,1,8,2,8,,6,6,1,22,9,121.570284,25.04523561
111,10,2,11,0,2,07信義區,信義區永吉路與松隆路口口,0,0,1,2,C03,8,1,5,50,5,2,1,5,4,5,7,2,1,5,4,5,2,17,1,37,2,9,1,1,7,9,1,10,2,14,,44,6,1,22,9,121.570284,25.04523561
111,10,2,11,10,2,09北投區,北投區立農街1段與立農街1段320巷口,0,0,1,1,C03,8,1,5,30,14,9,1,5,4,5,7,4,4,9,5,5,2,16,1,25,2,9,1,1,7,9,1,10,1,12,,43,43,1,22,9,121.5067266,25.11949589
111,10,2,11,10,2,09北投區,北投區立農街1段與立農街1段320巷口,0,0,1,2,B03,8,1,5,30,14,9,1,5,4,5,7,4,4,9,5,5,2,16,1,58,3,10,1,1,7,9,1,8,1,1,,43,43,1,22,9,121.5067266,25.11949589
111,10,2,11,19,2,06松山區,松山區南京東路4段2號,0,0,1,1,B01,8,1,5,50,14,8,1,5,4,5,7,4,4,1,3,4,2,17,1,69,3,10,3,4,7,8,1,4,1,5,,7,7,1,22,9,121.5504193,25.05160411
111,10,2,11,19,2,06松山區,松山區南京東路4段2號,0,0,1,2,C03,8,1,5,50,14,8,1,5,4,5,7,4,4,1,3,4,2,17,1,40,2,9,3,4,7,9,1,10,1,14,,23,7,1,22,9,121.5504193,25.05160411
111,10,2,11,20,2,08士林區,士林區福林路與福林路口士林官邸前,0,0,1,1,B02,8,1,5,50,3,2,1,5,4,5,7,3,1,1,5,5,1,16,1,34,3,10,1,1,7,6,1,8,1,6,,9,9,1,22,9,121.5303499,25.09515219
111,10,2,11,20,2,08士林區,士林區福林路與福林路口士林官邸前,0,0,1,2,C03,8,1,5,50,3,2,1,5,4,5,7,3,1,1,5,5,1,16,1,59,2,7,1,1,7,9,1,10,1,11,,23,9,1,22,9,121.5303499,25.09515219
111,10,2,11,33,2,06松山區,松山區三民路136巷與三民路口口,0,0,1,1,C03,8,1,5,50,4,1,1,5,4,5,7,4,4,1,4,5,2,16,2,37,2,9,1,1,7,7,1,10,1,14,,7,7,1,22,9,121.5633122,25.0605245
111,10,2,11,33,2,06松山區,松山區三民路136巷與三民路口口,0,0,1,2,B01,8,1,5,50,4,1,1,5,4,5,7,4,4,1,4,5,2,16,1,57,3,10,1,1,7,9,1,4,1,2,,44,7,1,22,9,121.5633122,25.0605245
111,10,2,12,10,2,04大安區,大安區仁愛路3段與建國南路1段口,0,0,1,1,B01,8,1,5,50,4,1,1,5,4,5,7,2,1,1,4,5,2,2,1,64,3,10,1,1,7,5,1,4,1,1,,15,15,1,22,9,121.53765,25.0378581
111,10,2,12,10,2,04大安區,大安區仁愛路3段與建國南路1段口,0,0,1,2,H01,8,1,5,50,4,1,1,5,4,5,7,2,1,1,4,5,2,2,2,31,2,9,4,5,8,16,8,20,10,16,,67,15,1,22,9,121.53765,25.0378581
111,10,2,12,11,2,06松山區,松山區南京東路4段與光復北路口口,0,0,1,1,C03,8,1,5,50,5,1,1,5,4,5,7,1,1,1,3,4,2,17,1,46,2,9,3,4,7,9,1,10,1,11,,23,23,1,22,9,121.5573007,25.05152758
111,10,2,12,11,2,06松山區,松山區南京東路4段與光復北路口口,0,0,1,2,C03,8,1,5,50,5,1,1,5,4,5,7,1,1,1,3,4,2,17,1,53,3,10,3,4,7,12,1,10,1,13,,23,23,1,22,9,121.5573007,25.05152758
111,10,2,12,17,2,09北投區,北投區立德路與立功街口,0,0,3,1,C03,8,1,5,50,14,9,1,5,4,5,7,4,4,9,4,5,2,3,1,46,2,7,1,1,7,9,1,10,1,11,,44,44,1,22,9,121.4715614,25.12482423
111,10,2,12,17,2,09北投區,北投區立德路與立功街口,0,0,3,2,H01,8,1,5,50,14,9,1,5,4,5,7,4,4,9,4,5,2,3,2,45,2,9,4,5,8,16,8,20,10,16,,53,44,1,22,9,121.4715614,25.12482423
111,10,2,12,17,2,09北投區,北投區立德路與立功街口,0,0,3,3,H02,8,1,5,50,14,9,1,5,4,5,7,4,4,9,4,5,2,3,2,41,2,9,1,1,7,20,8,20,10,16,,67,44,1,22,9,121.4715614,25.12482423
111,10,2,12,24,2,09北投區,北投區尊賢街與尊賢街245巷口,0,0,1,1,C03,8,1,5,30,4,1,1,5,4,5,7,4,4,10,5,5,2,16,2,59,2,9,1,1,7,9,1,10,1,11,,6,6,1,22,9,121.5070271,25.11734097
111,10,2,12,24,2,09北投區,北投區尊賢街與尊賢街245巷口,0,0,1,2,C03,8,1,5,30,4,1,1,5,4,5,7,4,4,10,5,5,2,16,1,24,3,10,1,1,7,9,1,10,1,12,,14,6,1,22,9,121.5070271,25.11734097
111,10,2,12,50,2,05中正區,中正區林森南路與仁愛路1段口地下道旁平面道路,0,0,1,1,C03,8,1,5,50,14,9,1,5,4,5,7,1,1,5,4,5,2,18,2,59,2,9,1,1,7,9,1,10,9,15,,44,44,1,22,9,121.5214273,25.0384296
111,10,2,12,50,2,05中正區,中正區林森南路與仁愛路1段口地下道旁平面道路,0,0,1,2,,8,1,5,50,14,9,1,5,4,5,7,1,1,5,4,5,2,18,3,,,,,,,,,,,,,61,44,1,,,121.5214273,25.0384296
111,10,2,13,43,2,08士林區,士林區承德路4段與承德路4段77巷口,0,0,1,1,B03,8,1,5,50,4,1,1,5,4,5,7,1,1,1,5,5,1,12,1,46,4,11,3,4,7,6,7,19,11,15,,9,9,2,22,9,121.5232164,25.08203898
111,10,2,13,43,2,08士林區,士林區承德路4段與承德路4段77巷口,0,0,1,2,C03,8,1,5,50,4,1,1,5,4,5,7,1,1,1,5,5,1,12,1,19,2,7,1,1,7,9,1,10,1,14,,44,9,1,22,9,121.5232164,25.08203898
111,10,2,14,26,2,04大安區,大安區信義路3段與建國南路2段口,0,0,2,2,C03,8,1,5,50,5,2,1,5,4,5,7,2,1,8,3,5,1,13,2,59,2,9,1,1,7,9,1,10,1,13,,30,23,1,22,9,121.5375096,25.0333722
111,10,2,14,26,2,04大安區,大安區信義路3段與建國南路2段口,0,0,2,1,C03,8,1,5,50,5,2,1,5,4,5,7,2,1,8,3,5,1,13,1,49,2,9,1,1,7,9,1,10,1,11,,23,23,1,22,9,121.5375096,25.0333722
111,10,2,14,34,2,07信義區,信義區市民高架道往西,0,0,2,1,B03,8,1,5,80,14,9,1,5,4,5,7,4,4,1,4,5,2,13,1,37,2,2,3,4,7,9,1,8,1,1,,23,23,1,22,9,121.5640934,25.0448253
111,10,2,14,34,2,07信義區,信義區市民高架道往西,0,0,2,2,B03,8,1,5,80,14,9,1,5,4,5,7,4,4,1,4,5,2,13,1,34,2,2,3,4,7,9,1,8,1,3,,43,23,1,22,9,121.5640934,25.0448253
111,10,2,14,35,2,11南港區,南港區研究院路2段與研究院路2段12巷口,0,0,2,1,B03,8,1,5,30,3,1,1,5,4,5,7,1,1,5,5,5,2,12,1,32,3,10,1,1,7,6,1,6,1,5,,9,9,1,22,9,121.6155496,25.0476847
111,10,2,14,35,2,11南港區,南港區研究院路2段與研究院路2段12巷口,0,0,2,2,C03,8,1,5,30,3,1,1,5,4,5,7,1,1,5,5,5,2,12,1,44,2,9,1,1,7,5,1,10,1,14,,8,9,1,22,9,121.6155496,25.0476847
111,10,2,14,35,2,11南港區,南港區研究院路2段與研究院路2段12巷口,0,0,2,3,H02,8,1,5,30,3,1,1,5,4,5,7,1,1,5,5,5,2,12,2,9,2,9,4,5,7,20,8,20,10,16,,67,9,1,22,9,121.6155496,25.0476847
111,10,2,14,49,2,11南港區,南港區成功路1段18號,0,0,1,1,B03,8,1,5,50,14,9,1,5,4,5,6,4,4,9,4,5,2,17,1,36,3,10,1,4,7,11,1,8,2,4,,10,10,1,22,9,121.5905708,25.0636091
111,10,2,14,49,2,11南港區,南港區成功路1段18號,0,0,1,2,C03,8,1,5,50,14,9,1,5,4,5,6,4,4,9,4,5,2,17,1,34,2,5,1,4,7,9,1,10,2,11,,4,10,1,22,9,121.5905708,25.0636091
111,10,2,17,21,2,09北投區,北投區承德路6段359號對面,0,0,1,1,C03,8,1,5,60,14,7,1,5,4,4,7,4,4,1,4,4,2,29,2,42,2,9,1,4,7,9,1,10,2,11,,23,23,1,22,9,121.5118043,25.10743955
111,10,2,17,21,2,09北投區,北投區承德路6段359號對面,0,0,1,2,,8,1,5,60,14,7,1,5,4,4,7,4,4,1,4,4,2,29,3,,,,,,,,,,,,,61,23,1,,,121.5118043,25.10743955
111,10,2,17,36,2,11南港區,南港區研究院路2段與研究院路2段84巷口,0,0,1,1,C03,8,1,5,50,5,1,1,5,4,5,7,2,1,1,3,5,2,18,1,21,2,9,1,1,7,9,1,10,1,11,,23,23,1,22,9,121.6154871,25.045151
111,10,2,17,36,2,11南港區,南港區研究院路2段與研究院路2段84巷口,0,0,1,2,,8,1,5,50,5,1,1,5,4,5,7,2,1,1,3,5,2,18,3,,,,,,,,,,,,,67,23,1,,,121.6154871,25.045151
111,10,2,17,46,2,05中正區,中正區林森北路警政署側門,0,0,3,1,C03,7,3,5,50,14,9,1,5,4,5,7,4,4,9,4,5,2,12,1,33,2,8,1,1,7,8,1,10,2,12,,7,7,1,22,9,121.5234944,25.0456098
111,10,2,17,46,2,05中正區,中正區林森北路警政署側門,0,0,3,2,C03,7,3,5,50,14,9,1,5,4,5,7,4,4,9,4,5,2,12,1,25,2,8,1,1,7,9,1,10,2,14,,44,7,1,22,9,121.5234944,25.0456098
111,10,2,17,46,2,05中正區,中正區林森北路警政署側門,0,0,3,3,H02,7,3,5,50,14,9,1,5,4,5,7,4,4,9,4,5,2,12,2,26,2,8,4,5,7,20,8,20,10,16,,67,7,1,22,9,121.5234944,25.0456098
111,10,2,18,0,2,11南港區,南港區重陽路66號對面,0,0,1,1,B03,8,2,5,50,14,8,1,5,4,5,7,4,4,9,4,4,2,16,1,29,3,10,1,1,7,6,1,8,2,2,,9,9,1,22,9,121.5974142,25.05591875
111,10,2,18,0,2,11南港區,南港區重陽路66號對面,0,0,1,2,C03,8,2,5,50,14,8,1,5,4,5,7,4,4,9,4,4,2,16,1,34,2,7,1,1,7,9,1,10,2,11,,13,9,1,22,9,121.5974142,25.05591875
111,10,2,18,7,2,07信義區,信義區松德路與信義路5段口,0,0,1,2,C03,8,3,5,50,4,1,1,5,4,5,7,1,1,1,4,5,2,12,2,31,2,9,1,1,7,9,1,10,1,14,,44,9,1,22,9,121.5744881,25.0336901
111,10,2,18,7,2,07信義區,信義區松德路與信義路5段口,0,0,1,1,B03,8,3,5,50,4,1,1,5,4,5,7,1,1,1,4,5,2,12,2,60,4,11,3,4,7,6,7,19,11,15,,9,9,2,22,9,121.5744881,25.0336901
111,10,2,18,20,2,04大安區,大安區仁愛路3段123巷26弄與仁愛路3段123巷口,0,0,1,1,C03,8,3,5,30,4,1,1,5,4,5,7,4,4,10,5,5,1,15,2,22,2,9,1,1,7,9,1,10,1,11,,6,6,1,22,9,121.5419833,25.0390695
111,10,2,18,20,2,04大安區,大安區仁愛路3段123巷26弄與仁愛路3段123巷口,0,0,1,2,B02,8,3,5,30,4,1,1,5,4,5,7,4,4,10,5,5,1,15,1,31,3,10,1,1,7,9,1,4,1,5,,14,6,1,22,9,121.5419833,25.0390695
111,10,2,18,20,2,04大安區,大安區仁愛路3段123巷26弄與仁愛路3段123巷口,0,0,1,3,B03,8,3,5,30,4,1,1,5,4,5,7,4,4,10,5,5,1,15,1,71,4,11,1,1,7,15,7,19,11,15,,38,6,2,22,9,121.5419833,25.0390695
111,10,2,19,16,2,01大同區,大同區民權西路與延平北路3段口,0,0,1,1,C03,8,3,5,50,4,1,1,5,4,5,7,2,1,1,4,5,2,13,1,36,2,8,1,4,7,9,1,10,1,11,,23,23,1,22,9,121.5112088,25.06306024
111,10,2,19,16,2,01大同區,大同區民權西路與延平北路3段口,0,0,1,2,B03,8,3,5,50,4,1,1,5,4,5,7,2,1,1,4,5,2,13,2,27,3,10,3,4,7,5,1,8,1,7,,44,23,1,22,9,121.5112088,25.06306024
111,10,2,20,10,2,12內湖區,內湖區成功路5段450巷與成功路5段420巷口,0,0,1,1,B02,8,3,5,30,3,1,1,5,4,5,7,3,1,5,5,5,2,3,2,69,3,10,1,1,7,6,1,8,1,1,,15,15,1,22,9,121.608545,25.0742505
111,10,2,20,10,2,12內湖區,內湖區成功路5段450巷與成功路5段420巷口,0,0,1,2,H01,8,3,5,30,3,1,1,5,4,5,7,3,1,5,5,5,2,3,1,30,2,9,4,5,8,16,8,20,1,16,,67,15,1,22,9,121.608545,25.0742505
111,10,2,21,0,2,12內湖區,內湖區康寧路3段56巷與康寧路3段70巷口,0,0,1,1,B01,8,3,5,30,3,1,1,5,4,5,7,4,4,10,5,5,2,9,1,34,3,10,1,1,7,5,1,4,1,8,,23,23,1,22,9,121.6086339,25.06680061
111,10,2,21,0,2,12內湖區,內湖區康寧路3段56巷與康寧路3段70巷口,0,0,1,2,H01,8,3,5,30,3,1,1,5,4,5,7,4,4,10,5,5,2,9,2,63,2,9,4,5,8,16,8,20,10,16,,51,23,1,22,9,121.6086339,25.06680061
111,10,2,21,26,2,03中山區,中山區中山北路2段與錦州街口,0,0,1,1,B03,8,3,5,50,4,1,1,5,4,5,7,1,1,1,4,5,2,16,1,33,3,10,3,4,7,5,1,8,1,2,,8,8,1,22,9,121.5231053,25.06032981
111,10,2,21,26,2,03中山區,中山區中山北路2段與錦州街口,0,0,1,2,C03,8,3,5,50,4,1,1,5,4,5,7,1,1,1,4,5,2,16,2,26,2,9,3,4,7,9,1,10,1,11,,23,8,1,22,9,121.5231053,25.06032981
111,10,2,21,30,2,07信義區,信義區松德路與松山路口,0,0,1,1,C03,7,3,5,30,4,1,1,5,4,5,7,1,1,1,4,4,2,12,1,29,3,10,1,1,7,5,1,10,1,12,,30,30,1,22,9,121.577831,25.0394946
111,10,2,21,30,2,07信義區,信義區松德路與松山路口,0,0,1,2,C03,7,3,5,30,4,1,1,5,4,5,7,1,1,1,4,4,2,12,2,32,2,8,1,1,7,9,1,10,1,14,,44,30,1,22,9,121.577831,25.0394946
111,10,2,21,55,2,06松山區,松山區八德路4段692號,0,0,1,1,B01,8,3,5,50,14,8,1,5,4,5,7,4,4,9,4,4,2,13,1,45,3,10,1,1,7,9,1,8,1,7,,6,6,1,22,9,121.5772663,25.05001067
111,10,2,21,55,2,06松山區,松山區八德路4段692號,0,0,1,2,C03,8,3,5,50,14,8,1,5,4,5,7,4,4,9,4,4,2,13,1,21,2,9,1,1,7,9,1,10,1,11,,23,6,1,22,9,121.5772663,25.05001067
111,10,2,22,0,2,08士林區,士林區至善路2段與力行街口,0,0,2,1,C03,7,3,5,50,3,1,1,5,4,5,7,3,1,10,4,4,2,17,1,19,3,10,1,1,7,8,1,10,2,13,,7,7,1,22,9,121.5475442,25.09875365
111,10,2,22,0,2,08士林區,士林區至善路2段與力行街口,0,0,2,2,C03,7,3,5,50,3,1,1,5,4,5,7,3,1,10,4,4,2,17,1,20,2,9,1,1,7,9,1,10,2,11,,13,7,1,22,9,121.5475442,25.09875365
111,10,2,22,0,2,08士林區,士林區至善路2段與力行街口,0,0,2,3,H02,7,3,5,50,3,1,1,5,4,5,7,3,1,10,4,4,2,17,2,20,2,7,1,5,7,17,8,20,10,16,,67,7,1,22,9,121.5475442,25.09875365
111,10,2,22,0,2,07信義區,信義區基隆路2段62號,0,0,2,1,C03,8,3,5,50,14,9,1,5,4,5,7,4,4,1,4,5,2,18,2,48,2,9,1,1,7,9,1,10,2,12,,42,48,1,21,8,121.5583284,25.0312307
111,10,2,22,0,2,07信義區,信義區基隆路2段62號,0,0,2,2,,8,3,5,50,14,9,1,5,4,5,7,4,4,1,4,5,2,18,3,,,,,,,,,,,,,67,48,1,,,121.5583284,25.0312307
111,10,2,22,0,2,07信義區,信義區基隆路2段62號,0,0,2,3,H02,8,3,5,50,14,9,1,5,4,5,7,4,4,1,4,5,2,18,2,25,2,9,1,5,7,20,8,20,10,16,,67,48,1,21,8,121.5583284,25.0312307
111,10,2,22,39,2,08士林區,士林區承德路4段,0,0,1,1,C03,8,1,5,50,14,7,1,5,4,5,7,4,4,1,4,4,2,18,2,21,2,9,1,1,7,9,1,10,1,14,,42,42,1,22,9,121.5171336,25.09066718
111,10,2,22,39,2,08士林區,士林區承德路4段,0,0,1,2,,8,1,5,50,14,7,1,5,4,5,7,4,4,1,4,4,2,18,3,,,,,,,,,,,,,67,42,1,,,121.5171336,25.09066718
111,10,2,22,57,2,03中山區,中山區玉門街與庫倫街口,0,0,1,1,B01,7,3,5,50,11,9,1,5,4,5,7,4,4,1,5,5,2,3,1,61,3,10,3,4,7,11,1,4,2,8,,10,10,1,22,9,121.520332,25.07180503
111,10,2,22,57,2,03中山區,中山區玉門街與庫倫街口,0,0,1,2,H01,7,3,5,50,11,9,1,5,4,5,7,4,4,1,5,5,2,3,1,39,2,9,4,5,8,16,8,20,10,16,,67,10,1,22,9,121.520332,25.07180503
111,10,2,23,35,2,05中正區,中正區思源街與永福橋口,0,0,2,1,C03,8,3,5,50,3,1,1,5,4,5,7,1,1,5,4,5,2,12,1,16,2,9,1,1,7,5,2,18,2,14,,8,8,1,22,9,121.5302478,25.013491
111,10,2,23,35,2,05中正區,中正區思源街與永福橋口,0,0,2,2,C03,8,3,5,50,3,1,1,5,4,5,7,1,1,5,4,5,2,12,1,24,2,9,1,1,7,9,1,10,2,12,,44,8,1,22,9,121.5302478,25.013491
111,10,2,23,35,2,05中正區,中正區思源街與永福橋口,0,0,2,3,H02,8,3,5,50,3,1,1,5,4,5,7,1,1,5,4,5,2,12,2,18,4,11,1,1,7,20,8,20,10,16,,67,8,1,22,9,121.5302478,25.013491
111,10,3,1,19,2,10文山區,文山區羅斯福路4段200號,0,0,1,1,C03,8,3,5,50,5,1,1,5,4,5,7,2,1,1,4,5,2,16,1,18,3,10,1,1,7,5,1,10,1,13,,8,8,1,22,9,121.5367751,25.0107833
111,10,3,1,19,2,10文山區,文山區羅斯福路4段200號,0,0,1,2,C03,8,3,5,50,5,1,1,5,4,5,7,2,1,1,4,5,2,16,1,27,2,9,1,1,7,9,1,10,1,11,,26,8,1,22,9,121.5367751,25.0107833
111,10,3,1,51,2,04大安區,大安區安和路2段與敦化南路2段63巷口,0,0,1,1,C03,8,3,5,30,4,1,1,5,4,5,7,3,1,1,4,5,1,15,2,21,2,9,3,4,7,9,1,10,2,11,,6,6,1,22,9,121.5523468,25.0309413