發生年度,發生月,發生日,發生時-Hours,發生分,處理別-編號,區序,肇事地點,死亡人數,2-30日死亡人數,受傷人數,當事人序號,車種,天候,光線,道路類別,速限-速度限制,道路型態,事故位置,路面狀況1,路面狀況2,路面狀況3,道路障礙1,道路障礙2,號誌1,號誌2,車道劃分-分向,車道劃分-分道1,車道劃分-分道2,車道劃分-分道3,事故類型及型態,性別,年齡,受傷程度,主要傷處,安全帽,行動電話,車輛用途,當事者行動狀態,駕駛資格情形,駕駛執照種類,飲酒情形,車輛撞擊部位1,車輛撞擊部位2,肇因碼-個別,肇因碼-主要,個人肇逃否,職業,旅次目的,座標-X,座標-Y
111,10,3,1,51,2,04大安區,大安區安和路2段與敦化南路2段63巷口,0,0,1,2,B01,8,3,5,30,4,1,1,5,4,5,7,3,1,1,4,5,1,15,1,37,3,10,3,4,7,9,1,4,2,8,,13,6,1,22,9,121.5523468,25.0309413
111,10,3,6,50,2,12內湖區,內湖區堤外便道與堤外便道口五分舊吊橋,0,0,1,1,B03,8,1,5,50,4,1,1,5,4,5,7,3,1,5,5,5,2,16,1,71,3,10,1,1,7,9,1,8,1,1,,23,23,1,22,9,121.6138547,25.0653844
111,10,3,6,50,2,12內湖區,內湖區堤外便道與堤外便道口五分舊吊橋,0,0,1,2,F01,8,1,5,50,4,1,1,5,4,5,7,3,1,5,5,5,2,16,1,17,2,9,2,1,7,1,8,20,1,16,,19,23,1,22,9,121.6138547,25.0653844
111,10,3,7,26,2,05中正區,中正區汀州路1段與寧波西街口,0,0,1,1,C03,8,1,5,30,14,9,1,5,4,5,7,1,1,5,4,5,2,12,1,29,2,9,1,1,7,5,1,10,2,11,,8,8,1,22,9,121.525916,25.0207206
111,10,3,7,26,2,05中正區,中正區汀州路1段與寧波西街口,0,0,1,2,C03,8,1,5,30,14,9,1,5,4,5,7,1,1,5,4,5,2,12,2,26,3,10,1,1,7,9,1,10,2,12,,23,8,1,22,9,121.525916,25.0207206
111,10,3,7,29,2,03中山區,中山區民權東路2段64號,0,0,1,1,C03,8,1,5,50,14,9,1,5,4,5,7,4,4,1,4,5,2,13,1,28,2,9,3,4,7,9,1,10,2,11,,23,23,1,22,9,121.5311989,25.0625045
111,10,3,7,29,2,03中山區,中山區民權東路2段64號,0,0,1,2,B01,8,1,5,50,14,9,1,5,4,5,7,4,4,1,4,5,2,13,1,40,3,10,3,4,7,9,1,3,2,6,,44,23,1,22,9,121.5311989,25.0625045
111,10,3,7,29,2,03中山區,中山區民權東路2段64號,0,0,1,3,C03,8,1,5,50,14,9,1,5,4,5,7,4,4,1,4,5,2,13,1,52,3,10,3,4,7,9,1,10,2,13,,16,23,1,22,9,121.5311989,25.0625045
111,10,3,7,29,2,03中山區,中山區民權東路2段64號,0,0,1,4,C03,8,1,5,50,14,9,1,5,4,5,7,4,4,1,4,5,2,13,1,25,3,10,3,4,7,9,1,10,2,11,,44,23,1,22,9,121.5311989,25.0625045
111,10,3,7,30,2,09北投區,北投區明德路113巷與東華街1段22巷口,0,0,1,1,C03,8,1,5,30,4,1,1,5,4,5,7,4,4,7,5,5,2,16,1,22,2,8,1,1,7,9,1,10,2,12,,6,6,1,22,9,121.5198447,25.10978209
111,10,3,7,30,2,09北投區,北投區明德路113巷與東華街1段22巷口,0,0,1,2,B03,8,1,5,30,4,1,1,5,4,5,7,4,4,7,5,5,2,16,1,59,3,10,1,1,7,14,1,8,1,1,,38,6,1,22,9,121.5198447,25.10978209
111,10,3,7,30,2,09北投區,北投區明德路113巷與東華街1段22巷口,0,0,1,3,B03,8,1,5,30,4,1,1,5,4,5,7,4,4,7,5,5,2,16,1,38,3,10,1,1,7,3,1,8,1,1,,44,6,1,22,9,121.5198447,25.10978209
111,10,3,7,38,2,02萬華區,萬華區萬大路與民和街口,0,0,2,1,C03,8,1,5,30,4,1,1,5,4,5,7,1,1,9,5,5,2,15,2,65,2,9,1,1,7,9,1,10,1,15,,25,25,1,22,9,121.5004686,25.02633833
111,10,3,7,38,2,02萬華區,萬華區萬大路與民和街口,0,0,2,2,C03,8,1,5,30,4,1,1,5,4,5,7,1,1,9,5,5,2,15,1,64,2,9,1,1,7,9,1,10,1,15,,13,25,1,22,9,121.5004686,25.02633833
111,10,3,8,10,2,02萬華區,萬華區萬大路與莒光路口,0,0,1,1,C03,8,1,5,50,4,1,1,5,4,5,7,1,1,1,4,5,1,17,1,63,3,10,1,1,7,7,1,10,1,15,,7,7,1,22,9,121.5006178,25.0311271
111,10,3,8,10,2,02萬華區,萬華區萬大路與莒光路口,0,0,1,2,C03,8,1,5,50,4,1,1,5,4,5,7,1,1,1,4,5,1,17,1,34,2,9,1,1,7,9,1,10,1,14,,44,7,1,22,9,121.5006178,25.0311271
111,10,3,8,25,2,12內湖區,內湖區內湖路1段口治磐新村公車站,0,0,1,1,A04,8,1,5,40,14,7,1,5,4,5,7,4,4,1,4,4,2,16,1,50,3,10,1,1,7,1,1,2,1,4,,19,19,1,22,9,121.5636732,25.08327722
111,10,3,8,25,2,12內湖區,內湖區內湖路1段口治磐新村公車站,0,0,1,2,C03,8,1,5,40,14,7,1,5,4,5,7,4,4,1,4,4,2,16,2,19,2,9,1,1,7,9,1,8,1,11,,13,19,1,22,9,121.5636732,25.08327722
111,10,3,8,44,2,05中正區,中正區林森南路地下道近出口避車彎,0,0,1,1,C03,8,1,5,50,7,12,1,5,4,5,7,4,4,7,2,5,2,12,1,35,2,9,1,1,7,9,1,10,2,14,,17,17,1,22,9,121.5191646,25.0340371
111,10,3,8,44,2,05中正區,中正區林森南路地下道近出口避車彎,0,0,1,2,B02,8,1,5,50,7,12,1,5,4,5,7,4,4,7,2,5,2,12,1,67,3,10,1,1,7,9,1,8,2,2,,23,17,1,22,9,121.5191646,25.0340371
111,10,3,9,0,2,05中正區,中正區市民大道3段與金山北路口,0,0,1,1,C03,8,1,5,40,4,1,1,5,4,5,7,2,1,1,4,5,2,17,2,67,2,8,1,1,7,9,1,10,2,15,,42,42,1,22,1,121.5307684,25.0459395
111,10,3,9,0,2,05中正區,中正區市民大道3段與金山北路口,0,0,1,2,C03,8,1,5,40,4,1,1,5,4,5,7,2,1,1,4,5,2,17,1,28,3,10,1,1,7,9,1,10,2,15,,23,42,1,22,1,121.5307684,25.0459395
111,10,3,9,10,2,03中山區,中山區中山北路3段北往南(水晶情人橋下),0,0,2,1,C03,8,1,5,50,14,9,1,5,4,5,7,2,1,1,4,5,2,12,1,44,2,7,3,4,7,9,1,10,1,14,,26,26,1,22,9,121.5233902,25.07083933
111,10,3,9,10,2,03中山區,中山區中山北路3段北往南(水晶情人橋下),0,0,2,2,C03,8,1,5,50,14,9,1,5,4,5,7,2,1,1,4,5,2,12,1,53,2,9,3,4,7,8,1,10,1,12,,7,26,1,22,9,121.5233902,25.07083933
111,10,3,9,30,2,05中正區,中正區汀州路3段46號,0,0,1,1,B03,8,1,5,50,3,1,1,5,4,5,7,4,4,5,4,5,2,12,2,19,3,10,1,1,7,6,1,8,1,5,,9,9,1,22,9,121.5306431,25.0161459
111,10,3,9,30,2,05中正區,中正區汀州路3段46號,0,0,1,2,C03,8,1,5,50,3,1,1,5,4,5,7,4,4,5,4,5,2,12,2,52,2,9,1,1,7,4,1,10,1,14,,23,9,1,22,9,121.5306431,25.0161459
111,10,3,9,32,2,07信義區,信義區忠孝東路5段372巷29弄與虎林街164巷60弄口,0,0,3,1,B01,8,1,5,30,4,1,1,5,4,5,7,4,4,10,5,5,2,16,1,46,2,9,1,1,7,9,1,4,1,4,,6,6,1,22,9,121.5739793,25.0389644
111,10,3,9,32,2,07信義區,信義區忠孝東路5段372巷29弄與虎林街164巷60弄口,0,0,3,2,B03,8,1,5,30,4,1,1,5,4,5,7,4,4,10,5,5,2,16,1,38,2,7,1,1,7,9,1,8,1,1,,14,6,1,22,9,121.5739793,25.0389644
111,10,3,9,32,2,07信義區,信義區忠孝東路5段372巷29弄與虎林街164巷60弄口,0,0,3,3,H02,8,1,5,30,4,1,1,5,4,5,7,4,4,10,5,5,2,16,2,29,2,6,4,5,7,20,8,20,10,16,,67,6,1,22,9,121.5739793,25.0389644
111,10,3,9,34,2,09北投區,北投區泉源路與紗帽路口,0,0,1,1,C03,8,1,5,30,11,9,1,5,4,5,7,4,4,7,5,5,2,18,1,18,2,8,1,1,7,9,1,10,1,11,,42,42,1,22,9,121.5328993,25.15190603
111,10,3,9,34,2,09北投區,北投區泉源路與紗帽路口,0,0,1,2,,8,1,5,30,11,9,1,5,4,5,7,4,4,7,5,5,2,18,3,,,,,,,,,,,,,67,42,1,,,121.5328993,25.15190603
111,10,3,10,3,2,10文山區,文山區木柵路1段與木柵路1段59巷口,0,0,1,1,B03,8,1,5,50,14,9,2,5,4,5,7,1,1,5,4,5,2,17,1,41,3,10,3,4,7,8,1,8,2,2,,7,7,1,22,9,121.5459718,24.98673319
111,10,3,10,3,2,10文山區,文山區木柵路1段與木柵路1段59巷口,0,0,1,2,C03,8,1,5,50,14,9,2,5,4,5,7,1,1,5,4,5,2,17,2,58,2,9,1,4,7,9,1,10,2,14,,44,7,1,22,9,121.5459718,24.98673319
111,10,3,10,50,2,09北投區,北投區明德路5號,0,0,1,1,B03,8,1,5,50,14,9,1,5,4,5,7,4,4,9,5,5,2,11,1,42,3,10,1,1,7,1,1,8,1,4,,19,19,1,22,9,121.5168972,25.10651578
111,10,3,10,50,2,09北投區,北投區明德路5號,0,0,1,2,C03,8,1,5,50,14,9,1,5,4,5,7,4,4,9,5,5,2,11,2,40,2,9,1,1,7,9,1,10,1,11,,44,19,1,22,9,121.5168972,25.10651578
111,10,3,10,55,2,05中正區,中正區市民大道2段與中山北路1段口,0,0,1,1,B03,8,1,5,50,4,2,1,5,4,5,7,2,1,1,2,1,2,16,1,64,3,10,1,1,7,6,1,8,2,5,,9,9,1,22,9,121.5208624,25.0479282
111,10,3,10,55,2,05中正區,中正區市民大道2段與中山北路1段口,0,0,1,2,C03,8,1,5,50,4,2,1,5,4,5,7,2,1,1,2,1,2,16,2,28,2,9,1,1,7,9,1,10,2,14,,23,9,1,22,9,121.5208624,25.0479282
111,10,3,11,0,2,08士林區,士林區華岡路文大停車場前,0,0,2,1,C03,8,1,8,30,15,22,1,5,4,5,7,4,4,10,5,5,2,17,1,24,2,9,1,1,7,9,1,10,9,11,,23,23,1,22,9,121.5438323,25.13852152
111,10,3,11,0,2,08士林區,士林區華岡路文大停車場前,0,0,2,2,C03,8,1,8,30,15,22,1,5,4,5,7,4,4,10,5,5,2,17,1,19,2,9,1,1,7,5,1,10,9,14,,8,23,1,22,9,121.5438323,25.13852152
111,10,3,11,8,2,03中山區,中山區建國北路3段與松江路口,0,0,2,1,C03,8,1,5,50,4,1,1,5,4,5,7,2,1,1,3,5,2,12,2,19,2,9,3,4,7,5,1,10,1,11,,8,8,1,22,9,121.5333662,25.0676854
111,10,3,11,8,2,03中山區,中山區建國北路3段與松江路口,0,0,2,2,C03,8,1,5,50,4,1,1,5,4,5,7,2,1,1,3,5,2,12,1,22,2,9,3,4,7,9,1,10,1,11,,23,8,1,22,9,121.5333662,25.0676854
111,10,3,11,35,2,03中山區,中山區林森北路與德惠街口,0,0,1,1,B03,8,1,5,50,4,1,1,5,4,5,7,1,1,5,5,5,2,16,1,37,3,10,1,1,7,5,1,8,1,8,,8,8,1,22,9,121.5257635,25.0667084
111,10,3,11,35,2,03中山區,中山區林森北路與德惠街口,0,0,1,2,C03,8,1,5,50,4,1,1,5,4,5,7,1,1,5,5,5,2,16,1,62,2,9,1,1,7,9,1,9,1,14,,44,8,1,22,9,121.5257635,25.0667084
111,10,3,11,35,2,03中山區,中山區林森北路與德惠街口,0,0,1,3,B03,8,1,5,50,4,1,1,5,4,5,7,1,1,5,5,5,2,16,1,50,3,10,1,1,7,13,1,8,11,3,,44,8,1,22,9,121.5257635,25.0667084
111,10,3,12,0,2,10文山區,文山區秀明路1段169號前,0,0,1,1,C04,8,1,5,50,14,8,1,5,4,5,7,4,4,1,4,4,2,13,1,18,2,9,3,4,7,9,3,18,2,11,,23,23,2,22,9,121.5674759,24.99124467
111,10,3,12,0,2,10文山區,文山區秀明路1段169號前,0,0,1,2,B03,8,1,5,50,14,8,1,5,4,5,7,4,4,1,4,4,2,13,1,70,3,10,3,4,7,14,1,8,2,7,,44,23,2,22,9,121.5674759,24.99124467
111,10,3,12,13,2,03中山區,中山區民生東路2段127巷與民生東路2段口,0,0,1,1,B01,8,1,5,30,14,9,1,5,4,5,7,4,4,10,5,5,2,13,1,38,3,10,3,4,7,9,1,4,1,1,,23,23,1,22,9,121.5322223,25.05810865
111,10,3,12,13,2,03中山區,中山區民生東路2段127巷與民生東路2段口,0,0,1,2,C03,8,1,5,30,14,9,1,5,4,5,7,4,4,10,5,5,2,13,2,44,2,5,3,4,7,14,1,10,1,13,,42,23,1,22,9,121.5322223,25.05810865
111,10,3,12,16,2,01大同區,大同區民權西路與承德路3段口,0,0,1,1,B03,8,1,5,50,4,2,1,5,4,5,7,1,1,1,4,5,2,17,1,43,3,10,1,1,7,6,1,8,1,6,,9,9,1,22,9,121.5181538,25.0629778
111,10,3,12,16,2,01大同區,大同區民權西路與承德路3段口,0,0,1,2,C03,8,1,5,50,4,2,1,5,4,5,7,1,1,1,4,5,2,17,1,51,2,8,1,1,7,9,1,10,1,11,,42,9,1,22,9,121.5181538,25.0629778
111,10,3,12,40,2,02萬華區,萬華區中華路1段與成都路口,0,0,1,1,B01,8,1,5,50,4,2,1,5,4,5,7,1,1,1,4,1,2,12,1,68,3,10,1,1,7,6,1,4,1,5,,9,9,1,22,9,121.5081598,25.04237842
111,10,3,12,40,2,02萬華區,萬華區中華路1段與成都路口,0,0,1,2,C03,8,1,5,50,4,2,1,5,4,5,7,1,1,1,4,1,2,12,1,22,2,7,1,1,7,9,1,10,1,14,,44,9,1,22,9,121.5081598,25.04237842
111,10,3,12,55,2,12內湖區,內湖區新明路與新明路143巷口,0,0,1,1,C03,8,1,5,50,3,1,1,5,4,5,7,4,4,5,4,4,1,16,2,25,2,8,1,1,7,5,1,10,1,11,,4,4,1,22,9,121.5893927,25.05936651
111,10,3,12,55,2,12內湖區,內湖區新明路與新明路143巷口,0,0,1,2,C03,8,1,5,50,3,1,1,5,4,5,7,4,4,5,4,4,1,16,1,28,3,10,1,1,7,6,1,10,1,11,,44,4,1,22,9,121.5893927,25.05936651
111,10,3,13,6,2,03中山區,中山區南京東路1段132巷,0,0,1,1,B01,8,1,5,30,14,9,1,5,4,3,7,4,4,10,5,5,2,2,1,59,3,10,1,1,7,9,1,2,1,5,,23,23,1,22,9,121.5268788,25.0504874
111,10,3,13,6,2,03中山區,中山區南京東路1段132巷,0,0,1,2,H01,8,1,5,30,14,9,1,5,4,3,7,4,4,10,5,5,2,2,2,25,2,9,4,5,8,16,8,20,10,16,,54,23,1,22,9,121.5268788,25.0504874
111,10,3,13,6,2,03中山區,中山區南京東路1段132巷,0,0,1,3,B12,8,1,5,30,14,9,1,5,4,3,7,4,4,10,5,5,2,2,1,38,3,10,1,1,7,14,1,8,1,15,,38,23,1,22,9,121.5268788,25.0504874
111,10,3,13,6,2,05中正區,中正區南海路與牯嶺街口,0,0,1,1,B12,8,1,5,30,14,9,1,5,4,5,7,1,1,9,4,5,2,15,2,47,3,10,1,1,7,9,1,8,1,4,,25,25,1,22,9,121.5149579,25.0320293
111,10,3,13,6,2,05中正區,中正區南海路與牯嶺街口,0,0,1,2,C03,8,1,5,30,14,9,1,5,4,5,7,1,1,9,4,5,2,15,2,21,2,9,1,1,7,1,1,10,1,11,,42,25,1,22,9,121.5149579,25.0320293
111,10,3,13,15,2,05中正區,中正區重慶南路1段與貴陽街1段口,0,0,3,1,C03,8,1,5,50,4,1,1,5,4,5,7,2,1,5,2,5,2,12,1,23,2,9,1,1,7,8,1,10,2,12,,7,7,1,22,9,121.5127916,25.0388843
111,10,3,13,15,2,05中正區,中正區重慶南路1段與貴陽街1段口,0,0,3,2,C03,8,1,5,50,4,1,1,5,4,5,7,2,1,5,2,5,2,12,1,18,2,9,1,1,7,9,1,10,2,14,,44,7,1,22,9,121.5127916,25.0388843
111,10,3,13,15,2,05中正區,中正區重慶南路1段與貴陽街1段口,0,0,3,3,C03,8,1,5,50,4,1,1,5,4,5,7,2,1,5,2,5,2,12,1,43,2,9,1,1,7,9,1,10,2,11,,44,7,1,22,9,121.5127916,25.0388843
111,10,3,13,20,2,10文山區,文山區木柵路2段104號,0,0,2,1,C04,8,1,5,50,14,9,1,5,4,5,7,4,4,4,3,5,1,12,2,21,2,8,1,4,7,7,1,10,1,14,,7,7,1,22,9,121.5608278,24.98870809
111,10,3,13,20,2,10文山區,文山區木柵路2段104號,0,0,2,2,B01,8,1,5,50,14,9,1,5,4,5,7,4,4,4,3,5,1,12,1,40,3,10,3,4,7,9,1,8,1,2,,44,7,1,22,9,121.5608278,24.98870809
111,10,3,13,20,2,10文山區,文山區木柵路2段104號,0,0,2,3,H02,8,1,5,50,14,9,1,5,4,5,7,4,4,4,3,5,1,12,2,21,2,8,1,5,7,21,8,20,10,16,,67,7,1,22,9,121.5608278,24.98870809
111,10,3,13,36,2,04大安區,大安區建國高架道108燈桿(北往南),0,0,1,1,B03,8,1,5,70,10,9,1,5,4,5,7,4,4,9,4,5,2,12,2,71,3,10,1,1,7,7,1,8,1,4,,7,7,1,22,9,121.5365959,25.0438104
111,10,3,13,36,2,04大安區,大安區建國高架道108燈桿(北往南),0,0,1,2,B11,8,1,5,70,10,9,1,5,4,5,7,4,4,9,4,5,2,12,1,34,2,9,1,1,7,9,1,2,1,2,,44,7,1,22,9,121.5365959,25.0438104
111,10,3,13,40,2,12內湖區,內湖區舊宗路1段與新湖三路口,0,0,1,1,C04,8,1,5,50,14,9,1,5,4,5,7,4,4,1,4,5,2,12,2,26,2,9,1,1,7,9,1,10,1,15,,44,44,1,22,9,121.5770585,25.0632049
111,10,3,13,40,2,12內湖區,內湖區舊宗路1段與新湖三路口,0,0,1,2,B03,8,1,5,50,14,9,1,5,4,5,7,4,4,1,4,5,2,12,2,53,3,10,1,1,7,9,1,8,1,2,,17,44,1,22,9,121.5770585,25.0632049
111,10,3,13,50,2,03中山區,中山區民族東路與吉林路口,0,0,1,1,B03,8,1,5,50,3,1,1,5,4,5,7,1,1,1,4,4,2,16,1,31,3,10,3,4,7,11,1,8,1,5,,10,10,1,22,9,121.5303899,25.0683281
111,10,3,13,50,2,03中山區,中山區民族東路與吉林路口,0,0,1,2,C03,8,1,5,50,3,1,1,5,4,5,7,1,1,1,4,4,2,16,1,22,2,9,3,4,7,9,1,10,2,11,,44,10,1,22,9,121.5303899,25.0683281
111,10,3,13,58,2,05中正區,中正區鎮江街2號與鎮江街口,0,0,3,1,C03,8,1,5,30,3,1,1,5,4,5,7,4,4,7,4,5,2,16,2,28,2,9,1,1,7,5,1,10,2,11,,6,6,1,22,9,121.5214446,25.044553
111,10,3,13,58,2,05中正區,中正區鎮江街2號與鎮江街口,0,0,3,2,C03,8,1,5,30,3,1,1,5,4,5,7,4,4,7,4,5,2,16,1,31,2,9,1,1,7,9,1,9,2,12,,44,6,1,22,9,121.5214446,25.044553
111,10,3,13,58,2,05中正區,中正區鎮江街2號與鎮江街口,0,0,3,3,H02,8,1,5,30,3,1,1,5,4,5,7,4,4,7,4,5,2,16,1,32,2,8,1,1,7,20,8,20,10,16,,67,6,1,22,9,121.5214446,25.044553
111,10,3,14,0,2,09北投區,北投區明德路337巷72號停車格,0,0,3,1,B03,8,1,5,30,14,9,1,5,4,5,7,4,4,9,5,5,2,17,1,25,3,10,1,1,7,13,1,8,1,4,,40,40,1,22,9,121.5191794,25.11690857
111,10,3,14,0,2,09北投區,北投區明德路337巷72號停車格,0,0,3,2,C03,8,1,5,30,14,9,1,5,4,5,7,4,4,9,5,5,2,17,2,25,2,9,1,1,7,9,1,10,1,12,,44,40,1,22,9,121.5191794,25.11690857
111,10,3,14,0,2,09北投區,北投區明德路337巷72號停車格,0,0,3,3,C03,8,1,5,30,14,9,1,5,4,5,7,4,4,9,5,5,2,17,2,40,2,8,1,1,7,9,1,10,1,12,,44,40,1,22,9,121.5191794,25.11690857
111,10,3,14,0,2,09北投區,北投區明德路337巷72號停車格,0,0,3,4,H02,8,1,5,30,14,9,1,5,4,5,7,4,4,9,5,5,2,17,2,7,2,8,4,5,7,21,8,20,9,16,,67,40,1,22,9,121.5191794,25.11690857
111,10,3,14,44,2,09北投區,北投區文林北路與明德路口,0,0,1,1,C02,8,1,5,50,4,1,1,5,4,5,7,2,1,1,1,4,2,17,1,50,2,8,1,1,7,5,1,9,2,14,,8,8,1,22,9,121.5166008,25.10615172
111,10,3,14,44,2,09北投區,北投區文林北路與明德路口,0,0,1,2,B03,8,1,5,50,4,1,1,5,4,5,7,2,1,1,1,4,2,17,1,23,3,10,1,1,7,9,1,8,2,5,,44,8,1,22,9,121.5166008,25.10615172
111,10,3,14,53,2,04大安區,大安區安東街與安東街40巷口,0,0,1,1,C03,8,1,5,30,4,1,1,5,4,5,7,4,4,10,5,5,2,17,1,24,3,10,1,1,7,9,1,10,1,11,,6,6,1,21,8,121.5422445,25.0440216
111,10,3,14,53,2,04大安區,大安區安東街與安東街40巷口,0,0,1,2,C03,8,1,5,30,4,1,1,5,4,5,7,4,4,10,5,5,2,17,1,23,2,9,1,1,7,9,1,10,1,11,,14,6,1,21,8,121.5422445,25.0440216
111,10,3,14,55,2,10文山區,文山區保儀路117號斜對面,0,0,1,1,C03,8,1,5,50,14,9,1,5,4,5,7,4,4,5,5,5,2,12,1,21,2,9,1,1,7,9,1,10,1,12,,17,17,1,22,9,121.5678401,24.98621
111,10,3,14,55,2,10文山區,文山區保儀路117號斜對面,0,0,1,2,B01,8,1,5,50,14,9,1,5,4,5,7,4,4,5,5,5,2,12,1,64,3,10,3,4,7,13,1,4,11,7,,44,17,1,22,9,121.5678401,24.98621
111,10,3,15,30,2,03中山區,中山區濱江街與濱江街180巷口,0,0,1,1,B12,8,1,5,50,3,1,1,5,4,5,7,1,1,1,4,4,2,12,1,41,3,10,1,1,7,6,1,8,1,5,,9,9,1,22,9,121.5384308,25.0723905
111,10,3,15,30,2,03中山區,中山區濱江街與濱江街180巷口,0,0,1,2,C03,8,1,5,50,3,1,1,5,4,5,7,1,1,1,4,4,2,12,1,37,2,9,1,1,7,9,1,10,1,14,,44,9,1,22,9,121.5384308,25.0723905
111,10,3,15,40,2,12內湖區,內湖區內湖路1段411巷89弄與無名巷口,0,0,2,1,C03,8,1,5,30,4,2,1,5,4,5,7,4,4,10,5,5,2,15,1,32,2,9,1,1,7,1,1,10,1,14,,19,19,1,22,9,121.572857,25.08415963
111,10,3,15,40,2,12內湖區,內湖區內湖路1段411巷89弄與無名巷口,0,0,2,2,C03,8,1,5,30,4,2,1,5,4,5,7,4,4,10,5,5,2,15,2,49,2,9,1,1,7,9,1,10,1,11,,14,19,1,22,9,121.572857,25.08415963
111,10,3,15,40,2,07信義區,信義區吳興街與吳興街269巷口,0,0,1,1,B03,8,1,5,30,4,1,1,5,4,5,7,4,4,5,5,5,2,12,1,47,3,10,3,4,7,5,1,8,1,4,,27,27,1,22,9,121.5639543,25.0267344
111,10,3,15,40,2,07信義區,信義區吳興街與吳興街269巷口,0,0,1,2,C03,8,1,5,30,4,1,1,5,4,5,7,4,4,5,5,5,2,12,1,19,2,9,3,4,7,9,1,10,1,11,,26,27,1,22,9,121.5639543,25.0267344
111,10,3,16,0,2,04大安區,大安區光復南路290巷與廢鐵道口,0,0,1,1,B01,8,1,5,20,14,9,4,5,4,5,7,4,4,5,4,5,2,12,1,54,3,10,1,1,7,6,1,4,1,5,,9,9,1,21,8,121.5567946,25.03926118
111,10,3,16,0,2,04大安區,大安區光復南路290巷與廢鐵道口,0,0,1,2,C03,8,1,5,20,14,9,4,5,4,5,7,4,4,5,4,5,2,12,1,34,2,8,1,1,7,9,1,10,1,14,,13,9,1,21,8,121.5567946,25.03926118
111,10,3,16,10,2,04大安區,大安區和平東路1段218號,0,0,2,1,C03,8,1,5,50,14,18,1,5,4,5,7,2,1,10,5,5,2,3,1,24,2,7,1,3,7,9,1,10,2,11,,15,15,1,22,9,121.5320788,25.0262352
111,10,3,16,10,2,04大安區,大安區和平東路1段218號,0,0,2,2,H01,8,1,5,50,14,18,1,5,4,5,7,2,1,10,5,5,2,3,2,79,2,8,4,5,8,16,8,20,10,16,,67,15,1,22,9,121.5320788,25.0262352
111,10,3,16,17,2,07信義區,信義區忠孝東路5段137號,0,0,1,1,B03,8,1,5,50,14,9,1,5,4,5,7,4,4,1,4,5,1,16,2,38,3,10,3,4,7,13,1,8,1,4,,40,40,1,22,9,121.5678165,25.041157
111,10,3,16,17,2,07信義區,信義區忠孝東路5段137號,0,0,1,2,C03,8,1,5,50,14,9,1,5,4,5,7,4,4,1,4,5,1,16,1,19,2,9,3,4,7,9,1,10,1,11,,44,40,1,22,9,121.5678165,25.041157
111,10,3,16,18,1,02萬華區,萬華區桂林路與桂林路65巷口,1,0,1,1,H01,8,1,5,50,14,9,1,5,4,5,7,4,4,5,4,5,2,3,1,85,1,9,4,5,8,18,8,20,1,16,,52,52,1,22,9,121.5023612,25.03825398
111,10,3,16,18,1,02萬華區,萬華區桂林路與桂林路65巷口,1,0,1,2,C03,8,1,5,50,14,9,1,5,4,5,7,4,4,5,4,5,2,3,1,39,2,9,1,1,7,9,1,10,1,11,,13,52,1,22,9,121.5023612,25.03825398
111,10,3,16,25,2,03中山區,中山區長安東路1段9號,0,0,1,1,C03,8,1,5,50,14,9,1,5,4,5,7,4,4,9,4,5,2,16,2,66,2,9,3,4,7,7,1,10,1,14,,7,7,1,22,9,121.5223052,25.04973583
111,10,3,16,25,2,03中山區,中山區長安東路1段9號,0,0,1,2,B02,8,1,5,50,14,9,1,5,4,5,7,4,4,9,4,5,2,16,1,24,3,10,3,4,7,9,1,8,1,2,,44,7,1,22,9,121.5223052,25.04973583
111,10,3,16,34,2,12內湖區,內湖區環山路1段25號前,0,0,1,1,B03,8,1,5,50,14,7,1,5,4,5,7,2,1,9,4,4,2,12,1,46,3,10,3,4,7,1,1,8,1,1,,19,19,1,22,9,121.5655821,25.08374403
111,10,3,16,34,2,12內湖區,內湖區環山路1段25號前,0,0,1,2,C02,8,1,5,50,14,7,1,5,4,5,7,2,1,9,4,4,2,12,1,18,2,8,1,1,7,9,4,10,1,12,,23,19,1,22,9,121.5655821,25.08374403
111,10,3,16,41,2,05中正區,中正區中山南路與信義路1段口,0,0,1,1,B03,8,1,5,50,5,1,1,5,4,5,7,2,1,5,4,5,2,15,1,22,3,10,1,1,7,9,3,18,2,1,,25,25,1,22,9,121.5178834,25.03869852
111,10,3,16,41,2,05中正區,中正區中山南路與信義路1段口,0,0,1,2,C03,8,1,5,50,5,1,1,5,4,5,7,2,1,5,4,5,2,15,2,19,2,9,1,1,7,9,1,10,2,14,,44,25,1,22,9,121.5178834,25.03869852
111,10,3,17,20,2,01大同區,大同區民權西路與蘭州街口,0,0,1,1,C03,8,1,5,50,4,2,1,5,4,5,7,2,1,9,4,5,2,17,1,59,3,10,1,1,7,9,1,10,1,12,,23,,1,22,9,121.5148137,25.06308403
111,10,3,17,20,2,01大同區,大同區民權西路與蘭州街口,0,0,1,2,C03,8,1,5,50,4,2,1,5,4,5,7,2,1,9,4,5,2,17,1,47,2,9,1,1,7,14,1,10,1,14,,44,,1,22,9,121.5148137,25.06308403
111,10,3,17,27,2,11南港區,南港區忠孝東路7段與昆陽街157巷口,0,0,3,1,C03,8,1,5,50,5,1,1,5,4,5,7,1,1,1,4,4,2,16,2,30,2,9,1,1,7,9,1,10,1,11,,23,23,1,22,9,121.5957096,25.05074219