發生年度,發生月,發生日,發生時-Hours,發生分,處理別-編號,區序,肇事地點,死亡人數,2-30日死亡人數,受傷人數,當事人序號,車種,天候,光線,道路類別,速限-速度限制,道路型態,事故位置,路面狀況1,路面狀況2,路面狀況3,道路障礙1,道路障礙2,號誌1,號誌2,車道劃分-分向,車道劃分-分道1,車道劃分-分道2,車道劃分-分道3,事故類型及型態,性別,年齡,受傷程度,主要傷處,安全帽,行動電話,車輛用途,當事者行動狀態,駕駛資格情形,駕駛執照種類,飲酒情形,車輛撞擊部位1,車輛撞擊部位2,肇因碼-個別,肇因碼-主要,個人肇逃否,職業,旅次目的,座標-X,座標-Y
111,10,3,17,27,2,11南港區,南港區忠孝東路7段與昆陽街157巷口,0,0,3,2,F01,8,1,5,50,5,1,1,5,4,5,7,1,1,1,4,4,2,16,2,52,2,1,1,1,7,9,8,20,1,16,,25,23,1,22,9,121.5957096,25.05074219
111,10,3,17,27,2,11南港區,南港區忠孝東路7段與昆陽街157巷口,0,0,3,3,H02,8,1,5,50,5,1,1,5,4,5,7,1,1,1,4,4,2,16,2,29,2,8,4,5,7,21,8,20,10,16,,67,23,1,22,9,121.5957096,25.05074219
111,10,3,17,40,2,06松山區,松山區復興北路地下道北往南,0,0,2,1,C03,8,3,5,40,6,9,1,5,4,5,7,4,4,1,1,5,2,13,2,23,3,10,1,1,7,9,1,10,1,11,,16,16,1,22,9,121.5442361,25.0691614
111,10,3,17,40,2,06松山區,松山區復興北路地下道北往南,0,0,2,2,C03,8,3,5,40,6,9,1,5,4,5,7,4,4,1,1,5,2,13,1,32,2,9,1,1,7,9,1,10,1,11,,16,16,1,22,9,121.5442361,25.0691614
111,10,3,17,40,2,06松山區,松山區復興北路地下道北往南,0,0,2,3,C03,8,3,5,40,6,9,1,5,4,5,7,4,4,1,1,5,2,13,1,47,3,10,1,1,7,9,1,10,1,13,,44,16,1,22,9,121.5442361,25.0691614
111,10,3,17,40,2,06松山區,松山區復興北路地下道北往南,0,0,2,4,C04,8,3,5,40,6,9,1,5,4,5,7,4,4,1,1,5,2,13,2,55,3,10,1,1,7,14,1,10,1,13,,38,16,1,22,9,121.5442361,25.0691614
111,10,3,17,40,2,06松山區,松山區復興北路地下道北往南,0,0,2,5,H02,8,3,5,40,6,9,1,5,4,5,7,4,4,1,1,5,2,13,2,36,2,9,1,1,7,17,8,20,10,16,,67,16,1,22,9,121.5442361,25.0691614
111,10,3,17,50,2,12內湖區,內湖區安康路與成功橋口,0,0,1,1,C03,8,3,5,50,4,2,1,5,4,5,7,2,1,5,4,5,2,12,1,48,2,7,1,1,7,8,3,18,1,13,,7,7,1,22,9,121.5914842,25.06058276
111,10,3,17,50,2,12內湖區,內湖區安康路與成功橋口,0,0,1,2,B03,8,3,5,50,4,2,1,5,4,5,7,2,1,5,4,5,2,12,1,51,3,10,1,1,7,9,1,8,1,8,,44,7,1,22,9,121.5914842,25.06058276
111,10,3,17,55,2,06松山區,松山區南京東路4段117號,0,0,1,1,F01,8,3,5,0,15,20,4,5,4,5,7,4,4,10,5,5,2,8,1,24,3,10,1,1,7,15,8,20,1,16,,13,13,1,22,9,121.5549779,25.05169313
111,10,3,17,55,2,06松山區,松山區南京東路4段117號,0,0,1,2,H01,8,3,5,0,15,20,4,5,4,5,7,4,4,10,5,5,2,8,2,73,2,9,4,5,8,17,8,20,10,16,,67,13,1,22,9,121.5549779,25.05169313
111,10,3,18,4,2,06松山區,松山區撫遠街與撫遠街389巷口,0,0,1,1,B03,8,3,5,30,4,2,1,5,4,5,7,4,4,1,4,5,2,15,1,50,3,10,1,4,7,9,1,8,1,8,,6,6,1,22,9,121.5657655,25.06494718
111,10,3,18,4,2,06松山區,松山區撫遠街與撫遠街389巷口,0,0,1,2,C03,8,3,5,30,4,2,1,5,4,5,7,4,4,1,4,5,2,15,1,21,2,9,1,4,7,9,1,10,1,11,,23,6,1,22,9,121.5657655,25.06494718
111,10,3,18,10,2,02萬華區,萬華區西園路2段與東園街口,0,0,1,1,C03,8,3,5,50,3,1,1,5,4,5,7,2,1,1,5,5,2,12,2,26,2,9,1,1,7,9,1,10,1,14,,17,17,1,22,9,121.4952164,25.02825645
111,10,3,18,10,2,02萬華區,萬華區西園路2段與東園街口,0,0,1,2,C03,8,3,5,50,3,1,1,5,4,5,7,2,1,1,5,5,2,12,1,22,3,10,1,1,7,9,1,10,1,12,,17,17,1,22,9,121.4952164,25.02825645
111,10,3,18,34,2,07信義區,信義區吳興街600巷38號,0,0,2,1,C03,8,3,5,30,14,9,1,5,4,5,7,4,4,10,5,5,1,17,1,54,3,10,3,4,7,5,1,10,2,15,,8,8,1,22,9,121.5694564,25.02111974
111,10,3,18,34,2,07信義區,信義區吳興街600巷38號,0,0,2,2,C03,8,3,5,30,14,9,1,5,4,5,7,4,4,10,5,5,1,17,1,48,2,9,3,4,7,9,1,10,2,14,,26,8,1,22,9,121.5694564,25.02111974
111,10,3,18,34,2,07信義區,信義區吳興街600巷38號,0,0,2,3,H02,8,3,5,30,14,9,1,5,4,5,7,4,4,10,5,5,1,17,2,47,2,9,3,5,7,20,8,20,10,16,,67,8,1,22,9,121.5694564,25.02111974
111,10,3,18,40,2,08士林區,士林區士東路與士東路54巷口,0,0,2,1,C03,7,3,5,50,3,1,1,5,4,5,7,4,4,9,5,5,2,9,1,20,2,8,1,1,7,9,1,10,2,11,,23,23,1,22,9,121.5280054,25.1120428
111,10,3,18,40,2,08士林區,士林區士東路與士東路54巷口,0,0,2,2,H01,7,3,5,50,3,1,1,5,4,5,7,4,4,9,5,5,2,9,2,85,2,9,4,5,8,16,8,20,10,16,,51,23,1,22,9,121.5280054,25.1120428
111,10,3,19,5,2,06松山區,松山區東興路與市民大道5段口,0,0,1,1,B01,8,3,5,50,4,2,1,5,4,5,7,2,1,4,3,5,2,12,1,62,3,10,1,1,7,6,1,8,1,5,,6,6,1,22,9,121.5658036,25.0483737
111,10,3,19,5,2,06松山區,松山區東興路與市民大道5段口,0,0,1,2,F01,8,3,5,50,4,2,1,5,4,5,7,2,1,4,3,5,2,12,2,30,2,6,1,1,7,9,8,20,1,16,,44,6,1,22,9,121.5658036,25.0483737
111,10,3,19,9,2,01大同區,大同區承德路3段與承德路3段254巷口,0,0,1,1,B03,7,3,5,50,3,1,1,5,4,5,7,2,1,1,4,5,2,12,1,33,3,10,1,4,7,6,1,8,2,7,,9,9,1,22,9,121.5190751,25.07307673
111,10,3,19,9,2,01大同區,大同區承德路3段與承德路3段254巷口,0,0,1,2,C03,7,3,5,50,3,1,1,5,4,5,7,2,1,1,4,5,2,12,1,39,2,9,1,4,7,9,1,10,2,14,,16,9,1,22,9,121.5190751,25.07307673
111,10,3,19,26,2,06松山區,松山區光復北路與民權東路4段口,0,0,2,1,C03,8,3,5,50,4,1,1,5,4,5,7,1,1,1,4,5,2,12,1,29,2,9,1,4,7,8,1,10,1,12,,44,44,1,22,9,121.5545966,25.0618458
111,10,3,19,26,2,06松山區,松山區光復北路與民權東路4段口,0,0,2,2,C03,8,3,5,50,4,1,1,5,4,5,7,1,1,1,4,5,2,12,1,21,2,9,1,4,7,9,1,10,1,14,,16,44,1,22,9,121.5545966,25.0618458
111,10,3,19,35,2,06松山區,松山區南京東路3段與敦化北路口,0,0,3,1,C03,7,3,5,40,4,1,1,5,4,5,7,1,1,1,4,4,2,10,2,31,2,9,1,1,7,9,1,10,1,11,,25,25,1,22,9,121.5487344,25.0518232
111,10,3,19,35,2,06松山區,松山區南京東路3段與敦化北路口,0,0,3,2,C03,7,3,5,40,4,1,1,5,4,5,7,1,1,1,4,4,2,10,1,30,2,9,1,1,7,9,1,10,1,14,,44,25,1,22,9,121.5487344,25.0518232
111,10,3,19,35,2,06松山區,松山區南京東路3段與敦化北路口,0,0,3,3,H02,7,3,5,40,4,1,1,5,4,5,7,1,1,1,4,4,2,10,2,26,2,9,4,5,7,17,8,20,10,16,,67,25,1,22,9,121.5487344,25.0518232
111,10,3,19,38,2,09北投區,北投區光明路166-6號,0,0,1,1,C03,8,3,5,50,3,1,1,5,4,5,7,4,4,5,5,5,2,3,1,37,3,10,1,4,7,9,1,10,2,11,,15,15,1,22,9,121.5027111,25.13518432
111,10,3,19,38,2,09北投區,北投區光明路166-6號,0,0,1,2,H01,8,3,5,50,3,1,1,5,4,5,7,4,4,5,5,5,2,3,2,69,2,9,4,5,8,21,8,20,10,16,,67,15,1,22,9,121.5027111,25.13518432
111,10,3,20,6,2,02萬華區,萬華區康定路與成都路口,0,0,1,1,B03,8,3,5,50,4,1,1,5,4,5,7,2,1,3,5,5,1,11,1,48,3,10,1,4,7,6,1,8,1,8,,6,6,1,22,9,121.50256,25.0432997
111,10,3,20,6,2,02萬華區,萬華區康定路與成都路口,0,0,1,2,F03,8,3,5,50,4,1,1,5,4,5,7,2,1,3,5,5,1,11,1,59,2,9,1,4,7,5,8,20,1,16,,6,6,1,22,9,121.50256,25.0432997
111,10,3,20,10,2,08士林區,士林區士東路299巷與忠誠路2段207巷口,0,0,1,1,C03,8,3,5,30,3,1,1,5,4,5,7,3,1,5,5,5,2,16,2,19,2,9,1,1,7,5,1,10,2,12,,6,6,1,22,9,121.5374573,25.1164466
111,10,3,20,10,2,08士林區,士林區士東路299巷與忠誠路2段207巷口,0,0,1,2,B03,8,3,5,30,3,1,1,5,4,5,7,3,1,5,5,5,2,16,1,62,3,10,1,1,7,9,1,8,2,4,,14,6,1,22,9,121.5374573,25.1164466
111,10,3,21,30,2,03中山區,中山區民生東路1段與林森北路口,0,0,1,1,B03,8,3,5,50,4,1,1,5,4,5,7,1,1,5,4,5,2,16,1,53,3,10,1,1,7,5,1,8,1,8,,8,8,1,22,9,121.5255609,25.05805806
111,10,3,21,30,2,03中山區,中山區民生東路1段與林森北路口,0,0,1,2,C02,8,3,5,50,4,1,1,5,4,5,7,1,1,5,4,5,2,16,1,24,2,9,1,1,7,9,1,9,1,14,,44,8,1,22,9,121.5255609,25.05805806
111,10,3,21,52,2,05中正區,中正區重慶南路1段126巷與重慶南路1段口,0,0,1,1,C03,8,3,5,50,3,2,1,5,4,5,7,4,4,5,4,5,2,18,1,59,2,9,1,1,7,15,1,10,2,14,,43,43,1,22,9,121.5127588,25.0372786
111,10,3,21,52,2,05中正區,中正區重慶南路1段126巷與重慶南路1段口,0,0,1,2,,8,3,5,50,3,2,1,5,4,5,7,4,4,5,4,5,2,18,3,,,,,,,,,,,,,67,43,1,,,121.5127588,25.0372786
111,10,3,22,2,2,02萬華區,萬華區和平西路3段7號,0,0,1,1,C03,8,3,5,40,14,8,1,5,4,5,7,4,4,3,5,5,1,17,2,34,2,9,1,4,7,9,1,10,1,11,,23,23,1,22,9,121.5043509,25.03435594
111,10,3,22,2,2,02萬華區,萬華區和平西路3段7號,0,0,1,2,B03,8,3,5,40,14,8,1,5,4,5,7,4,4,3,5,5,1,17,2,45,3,10,1,4,7,14,1,8,1,7,,42,23,1,22,9,121.5043509,25.03435594
111,10,3,22,35,2,06松山區,松山區三民路12號,0,0,4,1,C03,8,3,5,50,3,2,1,5,4,5,7,4,4,5,4,5,2,12,1,23,2,9,1,1,7,6,1,10,2,12,,9,9,1,22,9,121.5638742,25.05262134
111,10,3,22,35,2,06松山區,松山區三民路12號,0,0,4,2,C03,8,3,5,50,3,2,1,5,4,5,7,4,4,5,4,5,2,12,1,25,2,9,1,1,7,9,1,9,2,14,,14,9,1,22,9,121.5638742,25.05262134
111,10,3,22,35,2,06松山區,松山區三民路12號,0,0,4,3,H02,8,3,5,50,3,2,1,5,4,5,7,4,4,5,4,5,2,12,2,27,2,9,1,5,7,20,8,20,10,16,,67,9,1,22,9,121.5638742,25.05262134
111,10,3,22,35,2,06松山區,松山區三民路12號,0,0,4,4,H02,8,3,5,50,3,2,1,5,4,5,7,4,4,5,4,5,2,12,2,26,2,9,1,5,7,20,8,20,10,16,,67,9,1,22,9,121.5638742,25.05262134
111,10,3,22,41,2,03中山區,中山區中山北路3段往北中山橋機車專用道,0,0,2,1,C03,8,3,5,50,14,9,1,5,4,5,7,4,4,9,4,5,2,12,1,19,2,9,3,4,7,8,3,18,1,13,,7,7,1,22,9,121.5245395,25.0737042
111,10,3,22,41,2,03中山區,中山區中山北路3段往北中山橋機車專用道,0,0,2,2,C03,8,3,5,50,14,9,1,5,4,5,7,4,4,9,4,5,2,12,1,42,2,9,3,4,7,9,1,10,1,11,,23,7,1,22,9,121.5245395,25.0737042
111,10,3,22,55,2,05中正區,中正區南海路與牯嶺街口,0,0,2,2,C03,8,3,5,30,4,1,1,5,4,5,7,1,1,10,4,5,2,12,1,20,3,10,1,1,7,9,1,10,1,11,,13,8,1,22,9,121.5150007,25.0320123
111,10,3,22,55,2,05中正區,中正區南海路與牯嶺街口,0,0,2,3,H02,8,3,5,30,4,1,1,5,4,5,7,1,1,10,4,5,2,12,2,18,2,9,4,5,7,20,8,20,10,16,,67,8,1,22,9,121.5150007,25.0320123
111,10,3,22,55,2,05中正區,中正區南海路與牯嶺街口,0,0,2,1,C03,8,3,5,30,4,1,1,5,4,5,7,1,1,10,4,5,2,12,1,18,2,9,1,1,7,5,1,10,1,14,,8,8,1,22,9,121.5150007,25.0320123
111,10,3,22,55,2,10文山區,文山區辛亥路6段北向南懷恩隧道出口處,0,0,2,1,C04,8,3,5,50,14,9,1,5,4,5,7,4,4,1,4,5,2,18,2,20,2,9,1,1,7,9,1,10,1,14,,17,17,1,22,9,121.5514502,24.9916502
111,10,3,22,55,2,10文山區,文山區辛亥路6段北向南懷恩隧道出口處,0,0,2,2,,8,3,5,50,14,9,1,5,4,5,7,4,4,1,4,5,2,18,3,,,,,,,,,,,,,67,17,1,,,121.5514502,24.9916502
111,10,3,22,55,2,10文山區,文山區辛亥路6段北向南懷恩隧道出口處,0,0,2,3,H02,8,3,5,50,14,9,1,5,4,5,7,4,4,1,4,5,2,18,2,20,2,8,1,1,7,20,8,20,10,16,,67,17,1,22,9,121.5514502,24.9916502
111,10,3,22,57,2,05中正區,中正區市民大道1段168號,0,0,2,1,B02,8,3,5,40,14,9,1,5,4,3,5,4,4,1,4,5,1,12,1,20,3,10,1,1,7,9,1,8,2,2,,23,23,1,22,9,121.5187228,25.0483216
111,10,3,22,57,2,05中正區,中正區市民大道1段168號,0,0,2,2,C03,8,3,5,40,14,9,1,5,4,3,5,4,4,1,4,5,1,12,1,30,2,9,1,1,7,7,1,10,2,14,,7,23,1,22,9,121.5187228,25.0483216
111,10,3,22,57,2,05中正區,中正區市民大道1段168號,0,0,2,3,H02,8,3,5,40,14,9,1,5,4,3,5,4,4,1,4,5,1,12,1,34,2,9,4,5,7,20,8,20,10,16,,67,23,1,22,9,121.5187228,25.0483216
111,10,3,22,57,2,05中正區,中正區市民大道1段168號,0,0,2,4,B01,8,3,5,40,14,9,1,5,4,3,5,4,4,1,4,5,1,12,2,56,4,11,3,4,7,13,7,19,11,15,,38,23,1,22,9,121.5187228,25.0483216
111,10,3,23,3,2,12內湖區,內湖區堤頂大道2段與瑞光路478巷口,0,0,1,1,B03,8,1,5,50,4,2,1,5,4,5,7,1,1,7,5,5,1,12,1,33,3,10,1,1,7,6,1,8,1,6,,9,9,1,22,9,121.5687486,25.0775427
111,10,3,23,3,2,12內湖區,內湖區堤頂大道2段與瑞光路478巷口,0,0,1,2,C03,8,1,5,50,4,2,1,5,4,5,7,1,1,7,5,5,1,12,1,45,2,9,1,1,7,9,1,10,1,11,,44,9,1,22,9,121.5687486,25.0775427
111,10,4,0,11,2,07信義區,信義區信義路5段與基隆路1段口,0,0,1,1,B02,8,3,5,50,4,2,1,5,4,5,7,1,1,1,2,5,2,12,1,22,3,10,3,4,7,7,1,8,1,8,,7,7,1,22,9,121.5601433,25.0330586
111,10,4,0,11,2,07信義區,信義區信義路5段與基隆路1段口,0,0,1,2,C03,8,3,5,50,4,2,1,5,4,5,7,1,1,1,2,5,2,12,1,19,2,9,3,4,7,7,1,10,1,12,,13,7,1,22,9,121.5601433,25.0330586
111,10,4,4,38,2,01大同區,大同區長安西路與重慶北路1段口,0,0,2,1,C03,8,1,5,50,4,1,1,5,4,5,7,2,1,9,4,5,2,11,2,54,2,9,1,1,7,5,1,10,9,11,,6,6,1,22,9,121.5138108,25.05162754
111,10,4,4,38,2,01大同區,大同區長安西路與重慶北路1段口,0,0,2,2,C03,8,1,5,50,4,1,1,5,4,5,7,2,1,9,4,5,2,11,1,22,2,9,1,4,7,9,1,10,2,14,,44,6,1,22,9,121.5138108,25.05162754
111,10,4,6,52,2,04大安區,大安區信義路3段與新生南路1段口,0,0,2,1,C03,8,1,5,50,4,1,1,5,4,5,7,1,1,10,5,5,2,16,1,51,2,7,1,1,7,5,1,10,1,12,,8,8,1,22,9,121.5328364,25.0337606
111,10,4,6,52,2,04大安區,大安區信義路3段與新生南路1段口,0,0,2,2,G06,8,1,5,50,4,1,1,5,4,5,7,1,1,10,5,5,2,16,1,68,2,8,1,1,7,9,7,19,1,5,,44,8,1,22,9,121.5328364,25.0337606
111,10,4,7,0,2,12內湖區,內湖區康寧路3段與成功路5段420巷23弄口,0,0,1,1,B03,8,1,5,50,3,1,1,5,4,5,7,1,1,1,5,4,2,17,1,69,3,10,1,1,7,6,1,8,1,15,,9,9,1,22,9,121.6083178,25.07238085
111,10,4,7,0,2,12內湖區,內湖區康寧路3段與成功路5段420巷23弄口,0,0,1,2,C03,8,1,5,50,3,1,1,5,4,5,7,1,1,1,5,4,2,17,1,41,2,7,1,1,7,9,1,10,1,12,,44,9,1,22,9,121.6083178,25.07238085
111,10,4,7,36,2,03中山區,中山區市民大道2段65號,0,0,1,1,C03,8,1,5,40,14,9,1,5,4,5,7,4,4,1,3,5,1,17,1,27,2,9,1,1,7,7,1,10,1,12,,7,7,1,22,9,121.5291465,25.0465751
111,10,4,7,36,2,03中山區,中山區市民大道2段65號,0,0,1,2,A12,8,1,5,40,14,9,1,5,4,5,7,4,4,1,3,5,1,17,1,68,3,10,1,1,7,8,1,7,9,15,,44,7,1,22,9,121.5291465,25.0465751
111,10,4,7,36,2,03中山區,中山區市民大道2段65號,0,0,1,3,B03,8,1,5,40,14,9,1,5,4,5,7,4,4,1,3,5,1,17,1,35,3,10,1,1,7,14,1,8,1,4,,44,7,1,22,9,121.5291465,25.0465751
111,10,4,7,36,2,03中山區,中山區市民大道2段65號,0,0,1,4,B03,8,1,5,40,14,9,1,5,4,5,7,4,4,1,3,5,1,17,2,56,3,10,1,1,7,14,1,8,1,7,,44,7,1,22,9,121.5291465,25.0465751
111,10,4,7,50,2,03中山區,中山區民權東路3段60巷,0,0,1,1,C03,8,1,5,50,14,9,1,5,4,5,7,4,4,8,3,5,1,29,1,27,2,8,1,1,7,15,1,10,9,14,,43,43,1,22,9,121.5424582,25.06165926
111,10,4,7,50,2,03中山區,中山區民權東路3段60巷,0,0,1,2,C03,8,1,5,50,14,9,1,5,4,5,7,4,4,8,3,5,1,29,3,,,,,,,,,,,,,67,43,1,,,121.5424582,25.06165926
111,10,4,7,50,2,03中山區,中山區民權東路3段60巷,0,0,1,3,B03,8,1,5,50,14,9,1,5,4,5,7,4,4,8,3,5,1,29,4,,4,11,3,4,7,14,7,19,11,15,,43,43,2,22,9,121.5424582,25.06165926
111,10,4,7,54,2,05中正區,中正區連雲街與臨沂街75巷口,0,0,1,1,C03,8,1,5,30,5,1,1,5,4,5,7,4,4,10,5,5,2,15,1,55,2,3,1,1,7,9,1,10,2,11,,4,4,1,22,9,121.5300247,25.03464311
111,10,4,7,54,2,05中正區,中正區連雲街與臨沂街75巷口,0,0,1,2,B12,8,1,5,30,5,1,1,5,4,5,7,4,4,10,5,5,2,15,1,38,3,10,1,1,7,9,1,8,2,8,,14,4,1,22,9,121.5300247,25.03464311
111,10,4,8,10,2,03中山區,中山區吉林路與農安街口,0,0,1,1,B03,8,1,5,50,4,2,1,5,4,5,7,1,1,5,4,5,2,12,1,48,3,10,1,1,7,9,1,8,1,2,,44,44,1,22,9,121.5303205,25.0649977
111,10,4,8,10,2,03中山區,中山區吉林路與農安街口,0,0,1,2,C03,8,1,5,50,4,2,1,5,4,5,7,1,1,5,4,5,2,12,1,36,2,7,1,1,7,1,1,10,1,14,,19,44,1,22,9,121.5303205,25.0649977
111,10,4,8,30,2,03中山區,中山區新生北路2段76巷與林森北路口,0,0,1,1,B03,8,1,5,30,4,1,1,5,4,5,7,4,4,10,5,5,2,15,1,39,3,10,1,1,7,9,1,8,2,5,,6,6,1,22,9,121.5255166,25.0574831
111,10,4,8,30,2,03中山區,中山區新生北路2段76巷與林森北路口,0,0,1,2,C03,8,1,5,30,4,1,1,5,4,5,7,4,4,10,5,5,2,15,1,27,2,9,1,1,7,9,1,10,2,14,,44,6,1,22,9,121.5255166,25.0574831
111,10,4,8,36,2,03中山區,中山區民權東路2段135巷11號,0,0,1,1,C01,8,1,5,50,14,9,1,5,4,5,7,4,4,8,3,5,1,16,1,35,2,9,1,1,7,11,1,9,1,12,,10,10,1,22,9,121.5349688,25.0633703
111,10,4,8,36,2,03中山區,中山區民權東路2段135巷11號,0,0,1,2,B01,8,1,5,50,14,9,1,5,4,5,7,4,4,8,3,5,1,16,1,64,3,10,1,1,7,9,1,4,1,1,,14,10,1,22,9,121.5349688,25.0633703
111,10,4,8,39,2,05中正區,中正區愛國西路1號,0,0,1,1,C04,8,1,5,40,14,8,1,5,4,5,7,4,4,1,5,4,2,13,2,23,3,10,1,1,7,6,1,10,2,15,,44,44,1,22,9,121.5139883,25.0353668
111,10,4,8,39,2,05中正區,中正區愛國西路1號,0,0,1,2,C03,8,1,5,40,14,8,1,5,4,5,7,4,4,1,5,4,2,13,1,41,2,9,1,1,7,9,1,10,2,11,,16,44,1,22,9,121.5139883,25.0353668
111,10,4,8,39,2,05中正區,中正區愛國西路1號,0,0,1,3,C04,8,1,5,40,14,8,1,5,4,5,7,4,4,1,5,4,2,13,2,26,3,10,1,1,7,9,1,10,2,13,,44,44,1,22,9,121.5139883,25.0353668
111,10,4,8,40,2,09北投區,北投區公館路與公館路423巷口,0,0,1,1,B03,8,1,5,30,3,1,1,5,4,5,7,4,4,5,4,5,2,16,1,63,3,10,1,1,7,5,1,8,1,5,,6,6,1,22,9,121.5024641,25.12087937
111,10,4,8,40,2,09北投區,北投區公館路與公館路423巷口,0,0,1,2,C03,8,1,5,30,3,1,1,5,4,5,7,4,4,5,4,5,2,16,1,32,2,8,1,1,7,9,1,10,1,12,,14,6,1,22,9,121.5024641,25.12087937
111,10,4,9,4,2,04大安區,大安區羅斯福路3段245號,0,0,1,1,B01,8,1,5,50,14,9,1,5,4,5,7,2,1,1,4,5,2,13,1,55,3,10,1,1,7,9,1,4,1,5,,16,16,1,21,8,121.5299222,25.01924881
111,10,4,9,4,2,04大安區,大安區羅斯福路3段245號,0,0,1,2,C03,8,1,5,50,14,9,1,5,4,5,7,2,1,1,4,5,2,13,2,39,2,9,1,1,7,9,1,10,1,13,,44,16,1,21,8,121.5299222,25.01924881
111,10,4,9,7,2,10文山區,文山區福興路4巷15弄與興隆路2段275巷1弄口,0,0,2,1,C03,8,1,5,30,4,1,1,5,4,5,7,4,4,10,5,5,2,15,2,22,2,9,1,1,7,9,1,10,1,14,,6,6,1,22,9,121.5518491,25.0033528
111,10,4,9,7,2,10文山區,文山區福興路4巷15弄與興隆路2段275巷1弄口,0,0,2,2,C03,8,1,5,30,4,1,1,5,4,5,7,4,4,10,5,5,2,15,1,30,2,9,1,1,7,9,1,10,1,11,,23,6,1,22,9,121.5518491,25.0033528
111,10,4,9,10,2,10文山區,文山區木柵路1段378巷與木柵路1段口,0,0,2,1,C03,8,1,5,0,3,1,1,5,4,5,7,4,4,9,4,5,1,17,1,81,2,9,1,1,7,11,1,10,1,12,,10,10,1,22,9,121.5566287,24.98847642
111,10,4,9,10,2,10文山區,文山區木柵路1段378巷與木柵路1段口,0,0,2,2,C03,8,1,5,0,3,1,1,5,4,5,7,4,4,9,4,5,1,17,1,25,2,9,1,1,7,9,1,10,1,11,,13,10,1,22,9,121.5566287,24.98847642
111,10,4,9,15,2,10文山區,文山區木新路3段172巷與忠順街1段26巷27弄口,0,0,3,1,C03,8,1,5,30,14,9,2,5,4,5,7,4,4,10,4,5,2,15,2,43,2,9,1,4,7,9,1,10,1,14,,6,6,1,22,9,121.5605668,24.98220259
111,10,4,9,15,2,10文山區,文山區木新路3段172巷與忠順街1段26巷27弄口,0,0,3,2,C03,8,1,5,30,14,9,2,5,4,5,7,4,4,10,4,5,2,15,2,57,2,9,1,4,7,9,1,10,1,11,,14,6,1,22,9,121.5605668,24.98220259
111,10,4,9,15,2,10文山區,文山區木新路3段172巷與忠順街1段26巷27弄口,0,0,3,3,H02,8,1,5,30,14,9,2,5,4,5,7,4,4,10,4,5,2,15,1,4,2,9,1,5,7,17,8,20,10,16,,67,6,1,22,9,121.5605668,24.98220259
111,10,4,9,56,2,04大安區,大安區杭州南路2段25巷1號旁,0,0,1,1,B02,8,1,5,30,13,9,1,5,4,3,5,4,4,10,5,5,2,11,1,41,3,10,1,1,7,9,1,8,1,8,4,23,23,1,22,9,121.5237015,25.0338089
111,10,4,9,56,2,04大安區,大安區杭州南路2段25巷1號旁,0,0,1,2,C03,8,1,5,30,13,9,1,5,4,3,5,4,4,10,5,5,2,11,1,32,2,7,1,1,7,6,6,10,1,14,,9,23,1,22,9,121.5237015,25.0338089
111,10,4,10,3,2,08士林區,士林區中山北路5段與劍潭路口,0,0,1,1,C03,8,1,5,50,4,2,1,5,4,5,7,1,1,3,4,5,1,16,1,26,2,9,3,4,7,15,1,10,1,15,,23,23,1,22,9,121.5253842,25.08399867
111,10,4,10,3,2,08士林區,士林區中山北路5段與劍潭路口,0,0,1,2,A02,8,1,5,50,4,2,1,5,4,5,7,1,1,3,4,5,1,16,1,45,3,10,3,4,7,9,1,2,1,2,,44,23,1,22,9,121.5253842,25.08399867
111,10,4,10,9,2,10文山區,文山區木新路3段37號,0,0,1,1,B03,8,1,5,50,14,9,1,5,4,5,7,4,4,4,3,5,2,16,1,82,3,10,1,1,7,7,1,8,1,8,,7,7,1,22,9,121.5643801,24.982516
111,10,4,10,9,2,10文山區,文山區木新路3段37號,0,0,1,2,C03,8,1,5,50,14,9,1,5,4,5,7,4,4,4,3,5,2,16,1,17,2,9,1,1,7,9,2,18,1,11,,44,7,1,22,9,121.5643801,24.982516
111,10,4,10,40,2,12內湖區,內湖區南京東路6段79號,0,0,1,1,B03,8,1,5,50,14,9,1,5,4,5,7,4,4,1,5,5,2,17,2,26,3,10,1,1,7,8,1,8,1,2,,7,7,1,22,9,121.5755503,25.05512857
111,10,4,10,40,2,12內湖區,內湖區南京東路6段79號,0,0,1,2,C03,8,1,5,50,14,9,1,5,4,5,7,4,4,1,5,5,2,17,1,75,2,9,1,1,7,9,1,10,1,14,,44,7,1,22,9,121.5755503,25.05512857
111,10,4,10,41,1,09北投區,北投區稻香路260號,1,0,0,1,C03,8,1,5,40,14,9,1,5,4,5,7,4,4,5,5,5,1,20,2,58,1,1,1,1,7,9,4,11,11,12,,43,43,1,22,9,121.4826236,25.1468968
111,10,4,10,41,1,09北投區,北投區稻香路260號,1,0,0,2,,8,1,5,40,14,9,1,5,4,5,7,4,4,5,5,5,1,20,3,,,,,,,,,,,,,67,43,1,,,121.4826236,25.1468968
111,10,4,10,54,2,07信義區,信義區松仁路138號與松勤街口,0,0,1,1,C03,8,1,5,50,14,9,1,5,4,5,7,2,1,8,3,5,1,13,1,73,2,9,1,1,7,9,1,10,1,11,,23,23,1,22,9,121.5683738,25.0317431
111,10,4,10,54,2,07信義區,信義區松仁路138號與松勤街口,0,0,1,2,C03,8,1,5,50,14,9,1,5,4,5,7,2,1,8,3,5,1,13,2,60,3,10,1,1,7,9,1,10,1,13,,44,23,1,22,9,121.5683738,25.0317431