發生年度,發生月,發生日,發生時-Hours,發生分,處理別-編號,區序,肇事地點,死亡人數,2-30日死亡人數,受傷人數,當事人序號,車種,天候,光線,道路類別,速限-速度限制,道路型態,事故位置,路面狀況1,路面狀況2,路面狀況3,道路障礙1,道路障礙2,號誌1,號誌2,車道劃分-分向,車道劃分-分道1,車道劃分-分道2,車道劃分-分道3,事故類型及型態,性別,年齡,受傷程度,主要傷處,安全帽,行動電話,車輛用途,當事者行動狀態,駕駛資格情形,駕駛執照種類,飲酒情形,車輛撞擊部位1,車輛撞擊部位2,肇因碼-個別,肇因碼-主要,個人肇逃否,職業,旅次目的,座標-X,座標-Y
111,10,4,10,55,2,03中山區,中山區新生北路2段與錦州街口,0,0,1,1,C03,8,1,5,50,4,1,1,5,4,5,7,2,1,5,4,5,2,13,2,37,2,9,1,4,7,5,1,10,1,13,,8,8,1,22,9,121.5275445,25.0602811
111,10,4,10,55,2,03中山區,中山區新生北路2段與錦州街口,0,0,1,2,B03,8,1,5,50,4,1,1,5,4,5,7,2,1,5,4,5,2,13,1,79,3,10,3,4,7,9,1,8,1,1,,44,8,1,22,9,121.5275445,25.0602811
111,10,4,11,15,2,03中山區,中山區建國北路2段188號與建國北路2段口前迴轉道,0,0,1,1,B03,8,1,5,50,3,1,1,5,4,5,7,1,1,9,4,5,2,16,2,63,3,10,3,4,7,5,1,8,1,8,,23,23,1,22,9,121.5367549,25.05965698
111,10,4,11,15,2,03中山區,中山區建國北路2段188號與建國北路2段口前迴轉道,0,0,1,2,C03,8,1,5,50,3,1,1,5,4,5,7,1,1,9,4,5,2,16,1,53,2,9,3,4,7,9,1,10,1,11,,44,23,1,22,9,121.5367549,25.05965698
111,10,4,11,38,2,12內湖區,內湖區堤外便道西向東(南湖018柱前),0,0,1,1,B12,8,1,5,50,14,9,1,5,4,5,7,4,4,9,2,5,2,12,1,38,3,10,3,4,7,9,1,8,2,2,,23,23,1,22,9,121.592396,25.06035632
111,10,4,11,38,2,12內湖區,內湖區堤外便道西向東(南湖018柱前),0,0,1,2,C03,8,1,5,50,14,9,1,5,4,5,7,4,4,9,2,5,2,12,2,71,2,9,1,1,7,9,1,10,2,14,,44,23,1,22,9,121.592396,25.06035632
111,10,4,11,50,2,09北投區,北投區明德路與懷德街口,0,0,2,1,C03,8,1,5,50,4,1,1,5,4,5,7,2,1,5,4,5,2,16,1,63,2,9,3,4,7,9,1,10,2,11,,23,23,1,22,9,121.5202921,25.11005853
111,10,4,11,50,2,09北投區,北投區明德路與懷德街口,0,0,2,2,C03,8,1,5,50,4,1,1,5,4,5,7,2,1,5,4,5,2,16,1,28,2,9,3,4,7,5,1,10,2,14,,8,23,1,22,9,121.5202921,25.11005853
111,10,4,11,55,2,06松山區,松山區健康路158號,0,0,1,1,B03,8,1,5,40,14,8,1,5,4,5,7,1,1,9,4,4,2,17,2,54,3,10,1,1,7,14,1,8,1,4,,40,40,1,22,9,121.55768,25.05370743
111,10,4,11,55,2,06松山區,松山區健康路158號,0,0,1,2,C03,8,1,5,40,14,8,1,5,4,5,7,1,1,9,4,4,2,17,2,31,2,9,1,1,7,9,1,10,1,12,,23,40,1,22,9,121.55768,25.05370743
111,10,4,12,3,2,04大安區,大安區大安路1段與敦化南路1段190巷口,0,0,1,2,C03,8,1,5,30,4,2,1,5,4,5,7,4,4,8,3,5,1,16,1,44,2,8,1,1,7,9,1,10,1,11,,13,6,1,5,3,121.5461882,25.04264764
111,10,4,12,3,2,04大安區,大安區大安路1段與敦化南路1段190巷口,0,0,1,1,B02,8,1,5,30,4,2,1,5,4,5,7,4,4,8,3,5,1,16,1,48,3,10,1,1,7,15,1,8,1,8,,6,6,1,10,5,121.5461882,25.04264764
111,10,4,12,10,2,09北投區,北投區公館路228巷與公館路306巷口,0,0,2,1,C03,8,1,5,30,3,2,1,5,4,5,7,4,4,10,5,5,2,17,2,46,3,10,1,1,7,5,1,10,1,11,,6,6,1,22,9,121.5060617,25.12538072
111,10,4,12,10,2,09北投區,北投區公館路228巷與公館路306巷口,0,0,2,2,C03,8,1,5,30,3,2,1,5,4,5,7,4,4,10,5,5,2,17,1,35,2,9,1,1,7,9,1,10,1,11,,14,6,1,22,9,121.5060617,25.12538072
111,10,4,12,10,2,09北投區,北投區公館路228巷與公館路306巷口,0,0,2,3,H02,8,1,5,30,3,2,1,5,4,5,7,4,4,10,5,5,2,17,2,26,2,9,1,5,7,21,8,20,10,16,,67,6,1,22,9,121.5060617,25.12538072
111,10,4,12,30,2,07信義區,信義區永吉路150巷與永吉路180巷16弄口,0,0,2,1,C03,8,1,6,30,4,1,1,5,4,5,7,4,4,10,5,5,2,15,1,25,2,9,1,1,7,9,1,10,1,12,,6,6,1,22,9,121.57092,25.04496402
111,10,4,12,30,2,07信義區,信義區永吉路150巷與永吉路180巷16弄口,0,0,2,2,C03,8,1,6,30,4,1,1,5,4,5,7,4,4,10,5,5,2,15,2,62,2,9,1,1,7,9,1,10,1,11,,5,6,1,22,9,121.57092,25.04496402
111,10,4,14,3,2,02萬華區,萬華區桂林路與柳州街口,0,0,1,1,B01,8,1,5,50,4,1,1,5,4,5,7,1,1,8,3,5,2,11,1,41,3,10,3,4,7,5,1,4,1,5,,6,6,1,22,9,121.505194,25.0377281
111,10,4,14,3,2,02萬華區,萬華區桂林路與柳州街口,0,0,1,2,C03,8,1,5,50,4,1,1,5,4,5,7,1,1,8,3,5,2,11,1,20,2,9,1,4,7,9,1,10,1,11,,13,6,1,22,9,121.505194,25.0377281
111,10,4,14,12,2,09北投區,北投區立農街2段202巷與立農街2段273巷口,0,0,2,1,C03,8,1,5,50,4,1,1,5,4,5,7,2,1,9,5,5,2,11,1,19,2,9,1,3,7,5,1,10,1,11,,6,6,1,22,9,121.514299,25.11883568
111,10,4,14,12,2,09北投區,北投區立農街2段202巷與立農街2段273巷口,0,0,2,2,C03,8,1,5,50,4,1,1,5,4,5,7,2,1,9,5,5,2,11,2,59,2,9,1,1,7,9,1,10,1,11,,44,6,1,22,9,121.514299,25.11883568
111,10,4,14,22,2,12內湖區,內湖區民善街205號,0,0,1,1,B12,8,1,5,50,14,9,1,5,4,5,7,4,4,5,5,5,2,12,1,25,3,10,1,1,7,6,1,8,1,2,,9,9,1,22,9,121.5744408,25.06410147
111,10,4,14,22,2,12內湖區,內湖區民善街205號,0,0,1,2,C03,8,1,5,50,14,9,1,5,4,5,7,4,4,5,5,5,2,12,1,35,2,9,1,1,7,9,1,10,1,14,,44,9,1,22,9,121.5744408,25.06410147
111,10,4,14,37,2,12內湖區,內湖區舊宗路2段189號,0,0,1,1,B03,8,1,5,50,14,9,1,5,4,5,7,4,4,1,4,5,2,12,1,26,3,10,1,1,7,7,1,8,2,8,,7,7,1,22,9,121.5743352,25.07195429
111,10,4,14,37,2,12內湖區,內湖區舊宗路2段189號,0,0,1,2,C01,8,1,5,50,14,9,1,5,4,5,7,4,4,1,4,5,2,12,1,37,2,9,1,1,7,9,1,9,2,12,,44,7,1,22,9,121.5743352,25.07195429
111,10,4,15,8,2,09北投區,北投區中央北路4段與自立路口,0,0,1,1,B12,8,1,5,50,4,2,1,5,4,5,7,4,4,5,4,5,2,12,1,18,3,10,1,1,7,9,1,8,11,2,,17,17,2,22,9,121.4655251,25.12588617
111,10,4,15,8,2,09北投區,北投區中央北路4段與自立路口,0,0,1,2,C03,8,1,5,50,4,2,1,5,4,5,7,4,4,5,4,5,2,12,2,19,2,9,1,1,7,9,1,10,1,14,,44,17,1,22,9,121.4655251,25.12588617
111,10,4,16,8,2,09北投區,北投區行義路與泉源路口,0,0,1,1,B12,8,1,8,40,15,22,1,5,4,5,7,2,1,4,3,5,1,3,1,35,3,10,3,1,7,5,1,8,2,8,,23,23,1,22,9,121.523551,25.1459971
111,10,4,16,8,2,09北投區,北投區行義路與泉源路口,0,0,1,2,H01,8,1,8,40,15,22,1,5,4,5,7,2,1,4,3,5,1,3,1,91,2,9,4,5,8,16,8,20,9,16,,53,23,1,22,9,121.523551,25.1459971
111,10,4,16,12,2,05中正區,中正區北平東路20號,0,0,1,1,B03,8,1,5,50,14,9,1,5,4,5,7,4,4,10,3,5,2,17,1,54,3,10,1,1,7,11,1,8,1,5,,10,10,1,22,9,121.5247367,25.04613359
111,10,4,16,12,2,05中正區,中正區北平東路20號,0,0,1,2,C03,8,1,5,50,14,9,1,5,4,5,7,4,4,10,3,5,2,17,1,60,2,8,1,1,7,9,1,10,2,11,,44,10,1,22,9,121.5247367,25.04613359
111,10,4,16,17,2,05中正區,中正區重慶南路1段與重慶南路1段136巷口,0,0,1,1,C03,8,1,5,50,3,2,1,5,4,5,7,4,4,5,4,5,2,17,1,67,3,10,1,1,7,15,1,10,2,15,,44,44,1,22,9,121.5124931,25.0362781
111,10,4,16,17,2,05中正區,中正區重慶南路1段與重慶南路1段136巷口,0,0,1,2,C03,8,1,5,50,3,2,1,5,4,5,7,4,4,5,4,5,2,17,1,34,2,9,1,1,7,21,1,9,2,15,,44,44,1,22,9,121.5124931,25.0362781
111,10,4,16,31,2,03中山區,中山區中山北路1段與長安西路口,0,0,1,1,C03,8,1,5,50,4,1,1,5,4,5,7,1,1,4,3,5,1,3,2,38,3,10,1,1,7,9,1,10,1,11,,15,15,1,22,9,121.5213954,25.0499219
111,10,4,16,31,2,03中山區,中山區中山北路1段與長安西路口,0,0,1,2,H01,8,1,5,50,4,1,1,5,4,5,7,1,1,4,3,5,1,3,1,50,2,9,4,5,8,16,8,20,10,16,,67,15,1,22,9,121.5213954,25.0499219
111,10,4,16,40,2,01大同區,大同區承德路3段與昌吉街口,0,0,1,1,C03,8,1,5,0,14,9,1,5,4,5,7,1,1,9,4,5,1,16,2,26,2,9,3,4,7,7,1,10,2,14,,7,7,1,22,9,121.5182737,25.06589953
111,10,4,16,40,2,01大同區,大同區承德路3段與昌吉街口,0,0,1,2,B03,8,1,5,0,14,9,1,5,4,5,7,1,1,9,4,5,1,16,1,26,3,10,3,4,7,9,1,8,2,2,,44,7,1,22,9,121.5182737,25.06589953
111,10,4,16,51,2,07信義區,信義區吳興街與吳興街220巷口,0,0,1,1,B12,8,1,5,50,4,1,1,5,4,5,7,1,1,5,4,5,2,16,1,59,3,10,1,1,7,5,1,8,2,2,,6,6,1,22,9,121.5630937,25.027699
111,10,4,16,51,2,07信義區,信義區吳興街與吳興街220巷口,0,0,1,2,C03,8,1,5,50,4,1,1,5,4,5,7,1,1,5,4,5,2,16,1,37,2,9,1,1,7,9,1,10,2,11,,13,6,1,22,9,121.5630937,25.027699
111,10,4,16,54,2,01大同區,大同區長安西路與塔城街口,0,0,1,1,B03,8,1,5,50,4,1,1,5,4,5,7,2,1,5,4,5,2,17,1,50,3,10,3,4,7,5,1,8,2,1,,8,8,1,22,9,121.5103834,25.0519997
111,10,4,16,54,2,01大同區,大同區長安西路與塔城街口,0,0,1,2,C03,8,1,5,50,4,1,1,5,4,5,7,2,1,5,4,5,2,17,1,17,2,9,1,4,7,9,2,18,2,11,,13,8,1,22,9,121.5103834,25.0519997
111,10,4,17,0,2,08士林區,士林區文林路與福德路口,0,0,1,1,B01,8,1,5,50,4,1,1,5,4,5,7,1,1,5,5,5,2,17,1,34,3,10,1,1,7,11,1,4,2,8,,10,10,1,22,9,121.5259511,25.09237877
111,10,4,17,0,2,08士林區,士林區文林路與福德路口,0,0,1,2,C03,8,1,5,50,4,1,1,5,4,5,7,1,1,5,5,5,2,17,1,51,2,9,1,1,7,9,1,10,2,11,,23,10,1,22,9,121.5259511,25.09237877
111,10,4,17,2,2,06松山區,松山區光復北路192號,0,0,1,1,C03,8,1,5,50,14,8,1,5,4,5,7,2,1,9,4,5,2,12,1,34,2,9,1,1,7,9,1,10,1,11,,23,23,1,22,9,121.5558919,25.0546853
111,10,4,17,2,2,06松山區,松山區光復北路192號,0,0,1,2,B01,8,1,5,50,14,8,1,5,4,5,7,2,1,9,4,5,2,12,1,69,3,10,1,1,7,14,1,4,1,4,,38,23,1,22,9,121.5558919,25.0546853
111,10,4,17,15,2,05中正區,中正區辛亥路1段與汀州路3段口,0,0,1,1,C03,8,1,5,50,11,9,1,5,4,5,7,1,1,1,4,4,2,18,1,34,2,9,1,1,7,9,1,10,1,15,,13,13,1,22,9,121.5277105,25.0180873
111,10,4,17,15,2,05中正區,中正區辛亥路1段與汀州路3段口,0,0,1,2,,8,1,5,50,11,9,1,5,4,5,7,1,1,1,4,4,2,18,3,,,,,,,,,,,,,67,13,1,,,121.5277105,25.0180873
111,10,4,17,40,2,10文山區,文山區木新路3段與木新路3段127巷口,0,0,1,1,C03,8,3,5,30,3,2,1,5,4,5,7,4,4,9,4,5,1,12,1,22,2,7,1,1,7,5,1,10,1,12,,6,6,1,22,9,121.5619444,24.9820236
111,10,4,17,40,2,10文山區,文山區木新路3段與木新路3段127巷口,0,0,1,2,C03,8,3,5,30,3,2,1,5,4,5,7,4,4,9,4,5,1,12,1,39,3,10,1,1,7,9,1,10,1,14,,44,6,1,22,9,121.5619444,24.9820236
111,10,4,17,50,2,10文山區,文山區和平東路4段81號,0,0,1,1,C03,8,1,5,50,14,9,1,5,4,5,7,2,1,5,2,5,1,18,1,43,2,9,1,4,7,9,1,10,1,12,,42,42,1,22,9,121.56724,25.00543951
111,10,4,17,50,2,10文山區,文山區和平東路4段81號,0,0,1,2,,8,1,5,50,14,9,1,5,4,5,7,2,1,5,2,5,1,18,3,,,,,,,,,,,,,67,42,1,,,121.56724,25.00543951
111,10,4,17,50,2,07信義區,信義區嘉興街181巷與信安街口,0,0,2,1,C03,8,3,5,50,4,1,1,5,4,5,7,2,1,9,4,4,1,16,2,55,2,8,3,4,7,5,3,18,1,14,,6,6,1,22,9,121.5575229,25.0260545
111,10,4,17,50,2,07信義區,信義區嘉興街181巷與信安街口,0,0,2,2,C04,8,3,5,50,4,1,1,5,4,5,7,2,1,9,4,4,1,16,2,31,2,9,3,4,7,9,1,10,1,11,,23,6,1,22,9,121.5575229,25.0260545
111,10,4,17,56,2,08士林區,士林區福國路15巷與中山北路5段829巷口,0,0,3,1,F01,8,3,5,30,4,2,1,5,4,5,7,4,4,10,5,5,1,16,2,71,2,1,1,1,7,5,8,20,1,16,,17,17,1,22,9,121.524633,25.10151377
111,10,4,17,56,2,08士林區,士林區福國路15巷與中山北路5段829巷口,0,0,3,2,C03,8,3,5,30,4,2,1,5,4,5,7,4,4,10,5,5,1,16,1,20,2,9,1,1,7,9,1,10,1,12,,23,17,1,22,9,121.524633,25.10151377
111,10,4,17,56,2,08士林區,士林區福國路15巷與中山北路5段829巷口,0,0,3,3,H02,8,3,5,30,4,2,1,5,4,5,7,4,4,10,5,5,1,16,2,21,2,9,1,1,7,20,8,20,10,16,,67,17,1,22,9,121.524633,25.10151377
111,10,4,18,10,2,07信義區,信義區光復南路與市民大道5段口,0,0,1,1,C03,8,3,5,50,14,9,1,5,4,5,7,4,4,1,4,5,2,12,2,64,2,9,1,1,7,8,1,10,1,12,,7,7,1,22,9,121.5578413,25.04474202
111,10,4,18,10,2,07信義區,信義區光復南路與市民大道5段口,0,0,1,2,B01,8,3,5,50,14,9,1,5,4,5,7,4,4,1,4,5,2,12,1,61,3,10,1,1,7,9,1,4,1,8,,44,7,1,22,9,121.5578413,25.04474202
111,10,4,18,27,2,07信義區,信義區基隆路2段87號,0,0,1,2,H02,8,3,5,30,14,9,1,5,4,5,7,1,1,7,4,5,1,9,1,6,3,10,4,5,7,19,8,20,10,16,,60,40,1,22,9,121.5581657,25.02976013
111,10,4,18,27,2,07信義區,信義區基隆路2段87號,0,0,1,3,C03,8,3,5,30,14,9,1,5,4,5,7,1,1,7,4,5,1,9,1,43,2,8,3,4,7,9,1,10,9,15,,26,40,1,22,9,121.5581657,25.02976013
111,10,4,18,27,2,07信義區,信義區基隆路2段87號,0,0,1,1,B03,8,3,5,30,14,9,1,5,4,5,7,1,1,7,4,5,1,9,1,71,3,10,3,4,7,14,1,8,9,4,,40,40,1,22,9,121.5581657,25.02976013
111,10,4,19,1,2,07信義區,信義區忠孝東路5段396號,0,0,1,1,C03,8,3,5,50,14,9,1,5,4,5,7,2,1,1,4,5,1,12,1,31,2,7,3,4,7,7,1,10,1,14,,7,7,1,22,9,121.5743065,25.04084485
111,10,4,19,1,2,07信義區,信義區忠孝東路5段396號,0,0,1,2,B03,8,3,5,50,14,9,1,5,4,5,7,2,1,1,4,5,1,12,1,40,3,10,3,4,7,9,1,8,1,2,,44,7,1,22,9,121.5743065,25.04084485
111,10,4,19,45,2,05中正區,中正區中華路2段與廣州街口,0,0,2,1,C03,8,1,5,50,4,2,1,5,4,5,7,1,1,1,4,5,2,12,1,17,2,9,1,1,7,9,2,18,1,14,,23,23,1,22,9,121.5065942,25.0359028
111,10,4,19,45,2,05中正區,中正區中華路2段與廣州街口,0,0,2,2,C03,8,1,5,50,4,2,1,5,4,5,7,1,1,1,4,5,2,12,2,27,2,9,1,1,7,9,1,10,1,12,,44,23,1,22,9,121.5065942,25.0359028
111,10,4,19,50,2,09北投區,北投區大度路3段與立德路口,0,0,3,1,C03,7,3,5,50,3,2,1,5,4,5,7,1,1,1,4,1,1,12,2,37,2,9,1,1,7,8,1,10,1,11,,7,7,1,22,9,121.4723445,25.1229517
111,10,4,19,50,2,09北投區,北投區大度路3段與立德路口,0,0,3,2,C03,7,3,5,50,3,2,1,5,4,5,7,1,1,1,4,1,1,12,1,19,2,9,1,1,7,9,1,10,1,11,,23,7,1,22,9,121.4723445,25.1229517
111,10,4,19,50,2,09北投區,北投區大度路3段與立德路口,0,0,3,3,C03,7,3,5,50,3,2,1,5,4,5,7,1,1,1,4,1,1,12,1,50,2,9,1,1,7,14,1,10,1,12,,44,7,1,22,9,121.4723445,25.1229517
111,10,4,20,33,2,02萬華區,萬華區康定路與桂林路口,0,0,1,1,B03,8,3,5,50,4,1,1,5,4,5,7,2,1,10,5,5,1,3,1,20,3,10,1,4,7,9,1,8,1,1,,15,15,1,22,9,121.5017555,25.03841166
111,10,4,20,33,2,02萬華區,萬華區康定路與桂林路口,0,0,1,2,H01,8,3,5,50,4,1,1,5,4,5,7,2,1,10,5,5,1,3,2,77,2,9,4,5,8,16,8,20,10,16,,52,15,1,22,9,121.5017555,25.03841166
111,10,4,21,56,2,12內湖區,內湖區金湖路與星雲街口,0,0,1,1,C03,8,3,5,50,4,1,1,5,4,5,7,1,1,1,4,5,2,17,1,35,2,9,1,1,7,9,1,10,1,15,,13,42,1,22,9,121.5974668,25.08140573
111,10,4,21,56,2,12內湖區,內湖區金湖路與星雲街口,0,0,1,2,C03,8,3,5,50,4,1,1,5,4,5,7,1,1,1,4,5,2,17,1,27,3,10,1,1,7,5,1,10,1,15,,44,42,1,22,9,121.5974668,25.08140573
111,10,4,21,56,2,12內湖區,內湖區金湖路與星雲街口,0,0,1,3,C03,8,3,5,50,4,1,1,5,4,5,7,1,1,1,4,5,2,17,1,19,3,10,1,1,7,9,1,10,1,12,,23,42,1,22,9,121.5974668,25.08140573
111,10,4,22,13,2,03中山區,中山區吉林路與新生北路3段3巷口,0,0,2,1,C03,8,3,5,30,4,1,1,5,4,5,7,4,4,10,5,5,2,15,1,36,2,9,1,1,7,9,6,18,1,12,,6,6,1,22,9,121.5303232,25.0631356
111,10,4,22,13,2,03中山區,中山區吉林路與新生北路3段3巷口,0,0,2,2,C03,8,3,5,30,4,1,1,5,4,5,7,4,4,10,5,5,2,15,1,19,2,9,1,1,7,9,1,10,1,11,,14,6,1,22,9,121.5303232,25.0631356
111,10,4,22,31,2,05中正區,中正區思源街與汀州路3段口,0,0,1,1,C03,8,3,5,50,3,1,1,5,4,5,7,1,1,9,2,5,2,17,2,34,2,9,1,1,7,5,1,10,2,11,,23,23,1,22,9,121.5321542,25.01505742
111,10,4,22,31,2,05中正區,中正區思源街與汀州路3段口,0,0,1,2,C03,8,3,5,50,3,1,1,5,4,5,7,1,1,9,2,5,2,17,1,21,3,10,1,1,7,5,1,10,2,13,,2,23,1,22,9,121.5321542,25.01505742
111,10,4,22,38,2,04大安區,大安區和平東路3段147號,0,0,1,1,C03,7,3,5,50,15,9,1,5,4,5,7,1,1,8,3,5,2,12,1,21,3,10,1,1,7,6,1,10,1,12,,9,9,1,22,9,121.5528009,25.0247094
111,10,4,22,38,2,04大安區,大安區和平東路3段147號,0,0,1,2,C03,7,3,5,50,15,9,1,5,4,5,7,1,1,8,3,5,2,12,2,20,2,7,1,1,7,9,1,10,1,14,,44,9,1,22,9,121.5528009,25.0247094
111,10,4,22,55,2,08士林區,士林區中山北路5段與文林路口,0,0,1,1,B03,8,1,5,50,3,1,1,5,4,5,7,2,1,5,4,5,2,17,1,41,3,10,1,1,7,6,1,8,1,6,,6,6,1,22,9,121.5256318,25.0860374
111,10,4,22,55,2,08士林區,士林區中山北路5段與文林路口,0,0,1,2,C03,8,1,5,50,3,1,1,5,4,5,7,2,1,5,4,5,2,17,1,19,2,9,1,1,7,9,1,10,1,11,,23,6,1,22,9,121.5256318,25.0860374
111,10,4,23,20,2,05中正區,中正區忠孝東路1段與杭州北路口口,0,0,3,1,B03,8,3,5,50,4,2,1,5,4,5,7,2,1,9,4,5,1,15,2,45,2,1,1,1,7,9,1,8,2,1,,25,25,1,21,5,121.526863,25.0439956
111,10,4,23,20,2,05中正區,中正區忠孝東路1段與杭州北路口口,0,0,3,2,B01,8,3,5,50,4,2,1,5,4,5,7,2,1,9,4,5,1,15,1,46,2,7,1,1,7,9,1,4,2,2,,44,25,1,21,1,121.526863,25.0439956
111,10,4,23,20,2,05中正區,中正區忠孝東路1段與杭州北路口口,0,0,3,3,H02,8,3,5,50,4,2,1,5,4,5,7,2,1,9,4,5,1,15,1,49,2,7,4,5,7,20,8,20,10,16,,67,25,1,21,1,121.526863,25.0439956
111,10,4,23,40,2,12內湖區,內湖區堤頂大道2段與港墘路口,0,0,1,1,B01,8,3,5,70,3,1,1,5,4,5,7,2,1,1,4,1,2,17,1,59,3,10,1,1,7,9,1,4,1,15,,25,25,1,22,9,121.5722056,25.0746157
111,10,4,23,40,2,12內湖區,內湖區堤頂大道2段與港墘路口,0,0,1,2,C03,8,3,5,70,3,1,1,5,4,5,7,2,1,1,4,1,2,17,1,24,2,9,1,1,7,5,3,18,1,12,,27,25,1,22,9,121.5722056,25.0746157
111,10,4,23,55,2,03中山區,中山區民權西路與天祥路口,0,0,1,1,B01,8,3,5,50,4,1,1,5,4,5,7,1,1,1,4,5,2,12,1,62,3,10,1,1,7,6,1,4,1,2,,9,9,1,22,9,121.5208278,25.06271034
111,10,4,23,55,2,03中山區,中山區民權西路與天祥路口,0,0,1,2,C03,8,3,5,50,4,1,1,5,4,5,7,1,1,1,4,5,2,12,1,22,2,9,1,1,7,9,1,10,1,14,,27,9,1,22,9,121.5208278,25.06271034
111,10,5,0,5,2,11南港區,南港區南港路1段與經貿一路口,0,0,1,2,C03,8,1,5,50,3,2,1,5,4,5,7,2,1,3,3,5,2,17,1,29,2,9,3,4,7,9,1,10,2,15,,13,10,1,22,9,121.6192434,25.0549765
111,10,5,0,5,2,11南港區,南港區南港路1段與經貿一路口,0,0,1,1,B01,8,1,5,50,3,2,1,5,4,5,7,2,1,3,3,5,2,17,1,63,3,10,3,4,7,11,1,4,2,15,,10,10,1,22,9,121.6192434,25.0549765
111,10,5,1,42,2,05中正區,中正區寶慶路67號,0,0,1,1,B01,8,3,5,50,14,9,1,5,4,5,7,4,4,10,4,5,2,16,4,,4,11,3,4,7,15,7,19,11,15,,43,43,2,22,9,121.508955,25.04192527
111,10,5,1,42,2,05中正區,中正區寶慶路67號,0,0,1,2,C03,8,3,5,50,14,9,1,5,4,5,7,4,4,10,4,5,2,16,1,28,2,9,1,1,7,9,1,10,9,14,,44,43,1,22,9,121.508955,25.04192527
111,10,5,6,0,2,03中山區,中山區大佳河濱公園3012169燈桿,0,0,2,1,H01,8,1,5,30,14,9,1,5,4,5,7,4,4,9,5,5,2,2,1,45,2,9,4,5,8,18,8,20,10,16,,54,54,1,22,9,121.5452535,25.07529537
111,10,5,6,0,2,03中山區,中山區大佳河濱公園3012169燈桿,0,0,2,2,F01,8,1,5,30,14,9,1,5,4,5,7,4,4,9,5,5,2,2,1,46,2,9,1,1,7,9,8,20,1,16,,23,54,1,22,9,121.5452535,25.07529537
111,10,5,6,56,2,09北投區,北投區中央北路3段278巷與中央北路4段口,0,0,3,1,C03,6,1,5,50,3,1,1,4,4,5,7,4,4,5,4,4,2,16,2,52,2,9,1,1,7,11,1,10,1,14,,10,10,1,22,9,121.479046,25.13547048
111,10,5,6,56,2,09北投區,北投區中央北路3段278巷與中央北路4段口,0,0,3,2,C03,6,1,5,50,3,1,1,4,4,5,7,4,4,5,4,4,2,16,1,29,2,9,1,1,7,9,1,10,1,11,,23,10,1,22,9,121.479046,25.13547048
111,10,5,6,56,2,09北投區,北投區中央北路3段278巷與中央北路4段口,0,0,3,3,H02,6,1,5,50,3,1,1,4,4,5,7,4,4,5,4,4,2,16,1,13,2,9,1,1,7,20,8,20,10,16,,67,10,1,22,9,121.479046,25.13547048
111,10,5,7,0,2,09北投區,北投區稻香路145號,0,0,2,1,C03,6,1,5,40,14,9,1,4,4,5,7,4,4,10,4,5,2,3,1,46,2,9,3,4,7,9,1,10,9,11,,23,23,1,22,9,121.4894783,25.1425074
111,10,5,7,0,2,09北投區,北投區稻香路145號,0,0,2,2,H01,6,1,5,40,14,9,1,4,4,5,7,4,4,10,4,5,2,3,2,30,2,9,4,5,8,16,8,20,10,16,,51,23,1,22,9,121.4894783,25.1425074
111,10,5,7,15,2,09北投區,北投區文林北路288號,0,0,1,1,C03,8,1,5,50,14,9,1,4,4,5,7,4,4,9,4,4,2,18,2,24,2,9,1,1,7,15,1,10,1,14,,42,42,1,22,9,121.5124803,25.10948479
111,10,5,7,15,2,09北投區,北投區文林北路288號,0,0,1,2,,8,1,5,50,14,9,1,4,4,5,7,4,4,9,4,4,2,18,3,,,,,,,,,,,,,67,42,1,,,121.5124803,25.10948479
111,10,5,7,25,2,03中山區,中山區樂群一路與基湖路口,0,0,1,1,A12,7,1,5,50,3,1,1,4,4,5,7,2,1,10,5,5,2,17,1,40,3,10,3,4,7,5,1,7,11,15,,35,35,1,22,9,121.5631816,25.0761902
111,10,5,7,25,2,03中山區,中山區樂群一路與基湖路口,0,0,1,2,C03,7,1,5,50,3,1,1,4,4,5,7,2,1,10,5,5,2,17,1,27,2,9,3,4,7,5,1,10,1,14,,42,35,1,22,9,121.5631816,25.0761902
111,10,5,7,36,2,07信義區,信義區松信路158號,0,0,2,1,F01,6,1,5,50,14,7,2,4,4,5,7,4,4,4,3,4,1,17,2,75,2,9,1,1,7,1,8,20,1,16,,19,19,1,22,9,121.5719802,25.0431517
111,10,5,7,36,2,07信義區,信義區松信路158號,0,0,2,2,C03,6,1,5,50,14,7,2,4,4,5,7,4,4,4,3,4,1,17,2,51,2,9,1,1,7,9,1,10,1,11,,13,19,1,22,9,121.5719802,25.0431517
111,10,5,7,50,2,12內湖區,內湖區內湖路2段253巷與內湖路2段口,0,0,2,1,B01,8,1,5,30,3,1,1,5,4,5,7,4,4,10,4,5,2,15,1,57,3,10,1,1,7,1,1,4,2,1,,6,6,1,22,9,121.5897311,25.0819517
111,10,5,7,50,2,12內湖區,內湖區內湖路2段253巷與內湖路2段口,0,0,2,2,C03,8,1,5,30,3,1,1,5,4,5,7,4,4,10,4,5,2,15,1,31,2,9,1,1,7,9,1,10,2,12,,44,6,1,22,9,121.5897311,25.0819517
111,10,5,7,50,2,12內湖區,內湖區內湖路2段253巷與內湖路2段口,0,0,2,3,C03,8,1,5,30,3,1,1,5,4,5,7,4,4,10,4,5,2,15,2,44,2,9,1,1,7,9,1,10,2,11,,44,6,1,22,9,121.5897311,25.0819517