發生年度,發生月,發生日,發生時-Hours,發生分,處理別-編號,區序,肇事地點,死亡人數,2-30日死亡人數,受傷人數,當事人序號,車種,天候,光線,道路類別,速限-速度限制,道路型態,事故位置,路面狀況1,路面狀況2,路面狀況3,道路障礙1,道路障礙2,號誌1,號誌2,車道劃分-分向,車道劃分-分道1,車道劃分-分道2,車道劃分-分道3,事故類型及型態,性別,年齡,受傷程度,主要傷處,安全帽,行動電話,車輛用途,當事者行動狀態,駕駛資格情形,駕駛執照種類,飲酒情形,車輛撞擊部位1,車輛撞擊部位2,肇因碼-個別,肇因碼-主要,個人肇逃否,職業,旅次目的,座標-X,座標-Y
111,10,5,7,55,2,05中正區,中正區金山南路1段47號1段,0,0,1,1,C03,6,1,5,50,14,9,1,4,4,5,7,1,1,1,4,5,2,17,2,49,2,9,1,1,7,9,1,10,2,12,,42,42,1,22,9,121.5288023,25.03931334
111,10,5,7,55,2,05中正區,中正區金山南路1段47號1段,0,0,1,2,C03,6,1,5,50,14,9,1,4,4,5,7,1,1,1,4,5,2,17,1,46,3,10,1,1,7,14,1,10,2,13,,44,42,1,22,9,121.5288023,25.03931334
111,10,5,7,59,2,11南港區,南港區松河街與松河街口(重陽路477號後方),0,0,1,1,B03,7,1,5,50,3,1,1,5,4,5,7,4,4,5,5,5,2,16,2,43,3,10,1,1,7,5,1,8,1,8,,23,23,1,22,9,121.6110215,25.06087019
111,10,5,7,59,2,11南港區,南港區松河街與松河街口(重陽路477號後方),0,0,1,2,C03,7,1,5,50,3,1,1,5,4,5,7,4,4,5,5,5,2,16,1,38,2,8,1,1,7,9,1,10,1,12,,44,23,1,22,9,121.6110215,25.06087019
111,10,5,8,10,2,07信義區,信義區信義路5段與松智路口,0,0,2,1,C03,6,1,5,50,4,2,1,4,4,5,7,2,1,3,4,5,2,16,1,34,2,7,1,1,7,7,1,10,1,14,,7,7,1,22,9,121.5656224,25.03298442
111,10,5,8,10,2,07信義區,信義區信義路5段與松智路口,0,0,2,2,C03,6,1,5,50,4,2,1,4,4,5,7,2,1,3,4,5,2,16,1,19,2,8,1,1,7,9,1,10,1,12,,44,7,1,22,9,121.5656224,25.03298442
111,10,5,8,15,2,02萬華區,萬華區中興橋往台北市與環河南路1段口機車道下橋處,0,0,1,1,C04,7,1,7,30,14,11,1,5,4,5,7,4,4,10,5,5,2,13,2,27,3,10,1,1,7,9,1,8,1,11,,23,23,1,22,9,121.5004416,25.04379062
111,10,5,8,15,2,02萬華區,萬華區中興橋往台北市與環河南路1段口機車道下橋處,0,0,1,2,C03,7,1,7,30,14,11,1,5,4,5,7,4,4,10,5,5,2,13,2,50,2,9,1,1,7,9,1,10,1,13,,44,23,1,22,9,121.5004416,25.04379062
111,10,5,8,16,2,10文山區,文山區木柵路1段與富山路口,0,0,1,1,B03,6,1,5,50,4,1,1,4,4,5,7,2,1,9,4,5,2,17,1,51,3,10,1,1,7,11,1,8,1,15,,10,10,1,22,9,121.5538131,24.98803794
111,10,5,8,16,2,10文山區,文山區木柵路1段與富山路口,0,0,1,2,C03,6,1,5,50,4,1,1,4,4,5,7,2,1,9,4,5,2,17,1,33,2,9,1,1,7,9,1,10,1,15,,44,10,1,22,9,121.5538131,24.98803794
111,10,5,8,30,2,08士林區,士林區中正路與文昌路口,0,0,2,1,C03,8,1,5,50,4,2,1,5,4,5,7,2,1,3,4,5,1,17,1,23,2,9,1,1,7,5,1,10,2,14,,8,8,1,22,9,121.5218067,25.09437664
111,10,5,8,30,2,08士林區,士林區中正路與文昌路口,0,0,2,2,C03,8,1,5,50,4,2,1,5,4,5,7,2,1,3,4,5,1,17,1,45,2,7,1,1,7,9,1,10,2,12,,44,8,1,22,9,121.5218067,25.09437664
111,10,5,8,30,2,10文山區,文山區木柵路1段139號,0,0,1,1,C03,6,1,5,50,14,9,1,4,4,5,7,4,4,9,4,5,1,18,1,20,2,9,1,1,7,9,1,10,9,14,,23,23,1,22,9,121.5503704,24.9875288
111,10,5,8,30,2,10文山區,文山區木柵路1段139號,0,0,1,2,,6,1,5,50,14,9,1,4,4,5,7,4,4,9,4,5,1,18,3,,,,,,,,,,,,,67,23,1,,,121.5503704,24.9875288
111,10,5,8,35,2,05中正區,中正區中華路2段與廣州街口,0,0,1,1,C03,6,1,5,50,4,1,1,4,4,5,7,1,1,1,4,5,2,12,1,54,2,9,1,1,7,7,1,10,1,14,,17,17,1,22,9,121.5066492,25.0361072
111,10,5,8,35,2,05中正區,中正區中華路2段與廣州街口,0,0,1,2,B03,6,1,5,50,4,1,1,4,4,5,7,1,1,1,4,5,2,12,1,60,3,10,1,1,7,9,1,8,1,6,,17,17,1,22,9,121.5066492,25.0361072
111,10,5,8,41,2,07信義區,信義區基隆路1段與基隆路1段102巷口,0,0,1,1,B03,6,1,5,50,14,9,1,4,4,5,7,4,4,1,4,5,2,16,1,27,3,10,3,4,7,6,1,8,2,2,,16,16,1,22,9,121.5667899,25.0453229
111,10,5,8,41,2,07信義區,信義區基隆路1段與基隆路1段102巷口,0,0,1,2,C03,6,1,5,50,14,9,1,4,4,5,7,4,4,1,4,5,2,16,1,20,2,9,3,4,7,9,1,10,2,14,,14,16,1,22,9,121.5667899,25.0453229
111,10,5,8,50,2,05中正區,中正區市民大道3段與金山北路口,0,0,2,1,C03,6,1,5,40,4,1,1,4,4,5,7,1,1,1,4,5,2,16,2,39,2,8,1,1,7,15,1,10,2,12,,44,44,1,22,9,121.5307481,25.0459155
111,10,5,8,50,2,05中正區,中正區市民大道3段與金山北路口,0,0,2,2,C03,6,1,5,40,4,1,1,4,4,5,7,1,1,1,4,5,2,16,1,29,3,10,1,1,7,7,1,10,2,15,,7,44,1,22,9,121.5307481,25.0459155
111,10,5,8,50,2,05中正區,中正區市民大道3段與金山北路口,0,0,2,3,C03,6,1,5,40,4,1,1,4,4,5,7,1,1,1,4,5,2,16,2,45,2,8,1,1,7,9,1,10,2,15,,44,44,1,22,9,121.5307481,25.0459155
111,10,5,8,50,2,07信義區,信義區忠孝東路4段559巷6號,0,0,1,1,B03,6,1,5,30,3,2,1,4,4,5,7,4,4,10,5,5,2,15,1,51,4,11,3,4,7,15,7,19,11,15,,6,6,2,22,9,121.563654,25.04191492
111,10,5,8,50,2,07信義區,信義區忠孝東路4段559巷6號,0,0,1,2,C03,6,1,5,30,3,2,1,4,4,5,7,4,4,10,5,5,2,15,2,26,2,8,1,1,7,9,1,10,2,13,,44,6,1,22,9,121.563654,25.04191492
111,10,5,8,55,2,03中山區,中山區伊通街與建國北路1段78巷口,0,0,1,1,B01,6,1,5,30,4,1,1,4,4,5,7,4,4,10,5,5,2,17,1,55,3,10,3,4,7,9,1,4,1,1,,6,6,1,22,9,121.5347569,25.0493431
111,10,5,8,55,2,03中山區,中山區伊通街與建國北路1段78巷口,0,0,1,2,C03,6,1,5,30,4,1,1,4,4,5,7,4,4,10,5,5,2,17,1,33,2,9,1,1,7,9,5,18,1,12,,23,6,1,22,9,121.5347569,25.0493431
111,10,5,9,0,2,07信義區,信義區光復南路495號旁,0,0,1,1,B03,1,1,5,50,14,9,1,4,4,5,7,2,1,3,3,5,1,17,4,,4,11,3,4,7,15,7,19,11,15,,43,43,2,22,9,121.5575132,25.0327604
111,10,5,9,0,2,07信義區,信義區光復南路495號旁,0,0,1,2,C03,1,1,5,50,14,9,1,4,4,5,7,2,1,3,3,5,1,17,2,29,2,9,1,1,7,15,1,10,1,14,,42,43,1,22,9,121.5575132,25.0327604
111,10,5,9,0,2,07信義區,信義區光復南路495號旁,0,0,1,3,B01,1,1,5,50,14,9,1,4,4,5,7,2,1,3,3,5,1,17,1,61,3,10,3,4,7,14,1,4,1,4,,44,43,1,22,9,121.5575132,25.0327604
111,10,5,9,2,2,10文山區,文山區汀州路4段130號,0,0,1,1,B03,6,1,5,50,14,9,1,4,4,5,7,4,4,9,5,5,2,13,1,69,3,10,1,1,7,13,6,18,2,3,,38,38,1,22,9,121.5359455,25.00547038
111,10,5,9,2,2,10文山區,文山區汀州路4段130號,0,0,1,2,C03,6,1,5,50,14,9,1,4,4,5,7,4,4,9,5,5,2,13,1,33,2,9,1,1,7,9,1,10,2,11,,23,38,1,22,9,121.5359455,25.00547038
111,10,5,9,10,2,03中山區,中山區新生北路2段與錦州街口,0,0,2,1,C03,6,1,5,50,4,1,1,4,4,5,7,2,1,1,4,5,2,16,1,23,2,9,3,4,7,5,1,10,2,14,,8,8,1,22,9,121.5274621,25.06032206
111,10,5,9,10,2,03中山區,中山區新生北路2段與錦州街口,0,0,2,2,C03,6,1,5,50,4,1,1,4,4,5,7,2,1,1,4,5,2,16,1,20,2,9,3,4,7,9,1,10,2,11,,44,8,1,22,9,121.5274621,25.06032206
111,10,5,9,20,2,05中正區,中正區重慶南路3段56號前,0,0,1,1,,6,1,5,50,14,9,1,4,3,5,7,2,1,1,4,5,2,18,3,,,,,,,,,,,,,61,61,1,,,121.5158052,25.027671
111,10,5,9,20,2,05中正區,中正區重慶南路3段56號前,0,0,1,2,C03,6,1,5,50,14,9,1,4,3,5,7,2,1,1,4,5,2,18,1,24,2,9,1,1,7,9,1,10,2,11,,44,61,1,22,9,121.5158052,25.027671
111,10,5,9,20,2,12內湖區,內湖區舊宗路1段與新湖三路口,0,0,1,1,C03,6,1,5,50,4,1,1,4,4,5,7,1,1,1,4,5,2,13,2,33,2,7,1,1,7,9,1,10,1,11,,16,16,1,22,9,121.5789859,25.0598147
111,10,5,9,20,2,12內湖區,內湖區舊宗路1段與新湖三路口,0,0,1,2,B01,6,1,5,50,4,1,1,4,4,5,7,1,1,1,4,5,2,13,1,69,3,10,1,1,7,12,1,4,1,6,,44,16,1,22,9,121.5789859,25.0598147
111,10,5,9,20,2,12內湖區,內湖區舊宗路1段與新湖三路口,0,0,1,3,C03,6,1,5,50,4,1,1,4,4,5,7,1,1,1,4,5,2,13,2,42,3,10,1,1,7,5,1,10,11,15,,8,16,2,22,9,121.5789859,25.0598147
111,10,5,9,39,2,05中正區,中正區重慶南路3段與和平西路1段口口,0,0,1,1,C03,6,1,5,30,5,1,1,4,4,5,7,1,1,1,4,5,1,17,2,28,3,10,1,1,7,6,1,10,2,12,,42,42,1,22,9,121.5161532,25.02711234
111,10,5,9,39,2,05中正區,中正區重慶南路3段與和平西路1段口口,0,0,1,2,C03,6,1,5,30,5,1,1,4,4,5,7,1,1,1,4,5,1,17,2,60,2,9,1,1,7,9,1,10,2,14,,44,42,1,22,9,121.5161532,25.02711234
111,10,5,9,48,2,03中山區,中山區民權東路2段24號,0,0,2,1,C03,6,1,5,50,14,9,1,4,4,5,7,4,4,1,3,5,1,16,2,21,2,2,1,4,7,9,1,10,2,14,,13,13,1,22,9,121.5287296,25.06250121
111,10,5,9,48,2,03中山區,中山區民權東路2段24號,0,0,2,2,C03,6,1,5,50,14,9,1,4,4,5,7,4,4,1,3,5,1,16,2,35,2,9,1,4,7,9,1,10,2,12,,44,13,1,22,9,121.5287296,25.06250121
111,10,5,10,14,2,05中正區,中正區金山南路1段與濟南路2段口,0,0,1,1,B01,6,1,5,50,4,1,1,4,4,5,7,1,1,1,4,5,2,16,1,68,3,10,1,1,7,6,1,4,1,6,,9,9,1,22,9,121.5292792,25.0407688
111,10,5,10,14,2,05中正區,中正區金山南路1段與濟南路2段口,0,0,1,2,C03,6,1,5,50,4,1,1,4,4,5,7,1,1,1,4,5,2,16,2,22,2,9,1,1,7,9,1,10,1,14,,44,9,1,22,9,121.5292792,25.0407688
111,10,5,10,15,2,08士林區,士林區仰德大道2段與莊頂路口,0,0,2,1,C03,8,1,5,40,3,2,1,5,4,1,7,2,1,9,5,5,1,17,2,19,3,10,1,1,7,9,1,10,2,13,,44,44,1,22,9,121.5487338,25.11060363
111,10,5,10,15,2,08士林區,士林區仰德大道2段與莊頂路口,0,0,2,2,C03,8,1,5,40,3,2,1,5,4,1,7,2,1,9,5,5,1,17,2,19,2,9,1,1,7,9,1,10,9,11,,16,44,1,22,9,121.5487338,25.11060363
111,10,5,10,15,2,08士林區,士林區仰德大道2段與莊頂路口,0,0,2,3,C03,8,1,5,40,3,2,1,5,4,1,7,2,1,9,5,5,1,17,2,23,2,9,1,1,7,9,1,10,9,11,,16,44,1,22,9,121.5487338,25.11060363
111,10,5,10,15,2,08士林區,士林區仰德大道2段與莊頂路口,0,0,2,4,H03,8,1,5,40,3,2,1,5,4,1,7,2,1,9,5,5,1,17,1,62,3,10,4,5,8,20,8,20,10,16,,67,44,1,22,9,121.5487338,25.11060363
111,10,5,10,50,2,09北投區,北投區承德路7段與公館路口,0,0,1,1,C03,7,1,5,60,14,9,1,5,4,5,7,4,4,1,4,4,2,18,1,26,2,9,3,4,7,9,1,10,1,14,,43,43,1,22,9,121.5014354,25.11973147
111,10,5,10,50,2,09北投區,北投區承德路7段與公館路口,0,0,1,2,,7,1,5,60,14,9,1,5,4,5,7,4,4,1,4,4,2,18,3,,,,,,,,,,,,,67,43,1,,,121.5014354,25.11973147
111,10,5,10,52,2,04大安區,大安區永康街75巷與青田街口,0,0,1,1,C03,7,1,5,30,4,1,1,4,4,5,7,4,4,10,5,5,2,17,1,32,2,9,1,1,7,9,1,10,1,15,,6,6,1,22,9,121.5310084,25.02928943
111,10,5,10,52,2,04大安區,大安區永康街75巷與青田街口,0,0,1,2,C03,7,1,5,30,4,1,1,4,4,5,7,4,4,10,5,5,2,17,1,22,3,10,1,1,7,9,3,18,1,15,,14,6,1,22,9,121.5310084,25.02928943
111,10,5,11,35,2,11南港區,南港區忠孝東路6段372號,0,0,1,1,C03,8,1,5,40,14,8,1,5,4,5,7,4,4,1,4,4,2,16,1,65,3,10,1,1,7,9,1,10,9,15,,44,44,1,22,9,121.5918812,25.04982236
111,10,5,11,35,2,11南港區,南港區忠孝東路6段372號,0,0,1,2,C03,8,1,5,40,14,8,1,5,4,5,7,4,4,1,4,4,2,16,2,36,2,9,1,1,7,9,1,10,1,14,,42,44,1,22,9,121.5918812,25.04982236
111,10,5,11,45,2,06松山區,松山區光復南路46巷36號,0,0,1,1,B03,8,1,5,30,14,9,1,5,4,5,7,4,4,10,5,5,2,16,1,58,3,10,1,1,7,1,1,8,2,4,,19,19,1,22,3,121.5542802,25.04548949
111,10,5,11,45,2,06松山區,松山區光復南路46巷36號,0,0,1,2,C03,8,1,5,30,14,9,1,5,4,5,7,4,4,10,5,5,2,16,1,61,2,9,1,1,7,9,1,10,2,11,,44,19,1,5,4,121.5542802,25.04548949
111,10,5,12,5,2,04大安區,大安區和平東路1段與和平東路1段104巷口,0,0,1,1,B12,8,1,5,50,3,2,1,5,4,5,7,4,4,9,4,5,1,12,1,63,3,10,1,4,7,6,1,3,1,6,,9,9,1,22,9,121.5249225,25.0267629
111,10,5,12,5,2,04大安區,大安區和平東路1段與和平東路1段104巷口,0,0,1,2,C03,8,1,5,50,3,2,1,5,4,5,7,4,4,9,4,5,1,12,2,30,2,8,1,4,7,9,1,10,1,11,,13,9,1,22,9,121.5249225,25.0267629
111,10,5,12,13,2,03中山區,中山區濱江街與大直橋口,0,0,1,1,B03,8,1,5,50,8,9,1,5,4,5,7,4,4,1,3,5,1,16,2,42,3,10,3,4,7,8,1,8,1,5,,7,7,1,22,9,121.5443945,25.0726608
111,10,5,12,13,2,03中山區,中山區濱江街與大直橋口,0,0,1,2,B03,8,1,5,50,8,9,1,5,4,5,7,4,4,1,3,5,1,16,2,48,2,2,3,4,7,9,1,8,1,8,,44,7,1,22,9,121.5443945,25.0726608
111,10,5,12,35,2,06松山區,松山區民生東路5段36巷4弄24號,0,0,1,1,B11,8,1,5,30,14,9,1,5,4,5,7,4,4,10,5,5,2,2,1,28,4,11,3,4,7,15,7,19,11,15,,23,23,2,22,9,121.5604461,25.0579528
111,10,5,12,35,2,06松山區,松山區民生東路5段36巷4弄24號,0,0,1,2,H01,8,1,5,30,14,9,1,5,4,5,7,4,4,10,5,5,2,2,1,23,2,7,4,5,8,16,8,20,10,16,,60,23,1,22,9,121.5604461,25.0579528
111,10,5,13,4,2,04大安區,大安區和平東路1段141巷與麗水街口,0,0,1,1,C03,7,1,5,30,3,1,1,5,4,5,7,4,4,10,5,5,2,16,2,22,2,9,1,1,7,6,1,10,1,13,,6,6,1,22,9,121.530486,25.0278186
111,10,5,13,4,2,04大安區,大安區和平東路1段141巷與麗水街口,0,0,1,2,B03,7,1,5,30,3,1,1,5,4,5,7,4,4,10,5,5,2,16,1,55,3,10,1,1,7,9,1,8,1,2,,13,6,1,22,9,121.530486,25.0278186
111,10,5,13,8,2,09北投區,北投區裕民六路114巷與裕民二路49巷口,0,0,1,1,B01,8,1,5,50,4,1,1,5,4,5,7,2,1,9,5,5,2,1,1,55,3,10,1,1,7,5,1,4,1,1,,43,43,1,22,9,121.51744,25.11442575
111,10,5,13,8,2,09北投區,北投區裕民六路114巷與裕民二路49巷口,0,0,1,2,H01,8,1,5,50,4,1,1,5,4,5,7,2,1,9,5,5,2,1,2,62,2,9,4,5,8,16,8,20,10,16,,67,43,1,22,9,121.51744,25.11442575
111,10,5,13,58,2,07信義區,信義區光復南路與光復南路419巷口口,0,0,1,1,B03,6,1,5,0,3,2,1,4,4,5,7,4,4,10,5,5,2,17,1,62,4,11,3,4,7,15,7,19,11,15,,44,44,2,22,9,121.5576135,25.0365379
111,10,5,13,58,2,07信義區,信義區光復南路與光復南路419巷口口,0,0,1,2,C03,6,1,5,0,3,2,1,4,4,5,7,4,4,10,5,5,2,17,2,24,2,9,1,1,7,9,1,10,9,14,,23,44,1,22,9,121.5576135,25.0365379
111,10,5,14,15,2,03中山區,中山區八德路2段與遼寧街口,0,0,1,1,B12,8,1,5,50,4,1,1,5,4,5,7,1,1,5,4,5,2,16,1,44,3,10,3,4,7,11,1,4,1,8,,10,10,1,22,9,121.5423235,25.0472002
111,10,5,14,15,2,03中山區,中山區八德路2段與遼寧街口,0,0,1,2,C03,8,1,5,50,4,1,1,5,4,5,7,1,1,5,4,5,2,16,2,52,2,3,1,4,7,9,1,10,1,11,,44,10,1,22,9,121.5423235,25.0472002
111,10,5,14,15,2,05中正區,中正區汀州路2段262號前,0,0,1,1,C03,8,1,5,50,14,9,1,5,4,5,7,4,4,5,4,5,2,11,1,51,2,9,1,1,7,9,6,10,1,11,,4,4,1,22,9,121.5250784,25.0213033
111,10,5,14,15,2,05中正區,中正區汀州路2段262號前,0,0,1,2,B03,8,1,5,50,14,9,1,5,4,5,7,4,4,5,4,5,2,11,1,19,3,10,1,1,7,14,1,8,1,8,,44,4,1,22,9,121.5250784,25.0213033
111,10,5,14,20,2,05中正區,中正區牯嶺街與南昌路1段54巷附近口,0,0,1,1,C03,7,1,5,50,4,2,1,4,4,5,7,4,4,9,5,5,1,16,1,21,3,10,1,1,7,5,1,10,2,11,,6,6,1,22,9,121.5158433,25.03093006
111,10,5,14,20,2,05中正區,中正區牯嶺街與南昌路1段54巷附近口,0,0,1,2,C03,7,1,5,50,4,2,1,4,4,5,7,4,4,9,5,5,1,16,1,55,2,9,1,1,7,9,1,10,2,11,,14,6,1,22,9,121.5158433,25.03093006
111,10,5,14,22,2,07信義區,信義區大道路2號,0,0,1,1,C04,8,1,5,30,14,9,1,5,4,5,7,3,1,10,5,5,2,18,1,27,2,9,1,1,7,9,1,10,9,12,,43,43,1,22,9,121.5813436,25.04258081
111,10,5,14,22,2,07信義區,信義區大道路2號,0,0,1,2,,8,1,5,30,14,9,1,5,4,5,7,3,1,10,5,5,2,18,3,,,,,,,,,,,,,67,43,1,,,121.5813436,25.04258081
111,10,5,14,42,2,03中山區,中山區民生西路3巷與民生西路45巷3弄口,0,0,1,1,B01,8,1,5,30,14,9,1,5,4,5,7,4,4,10,5,5,2,1,1,51,3,10,3,4,7,9,1,4,1,5,,23,23,1,22,9,121.5217623,25.0581573
111,10,5,14,42,2,03中山區,中山區民生西路3巷與民生西路45巷3弄口,0,0,1,2,H01,8,1,5,30,14,9,1,5,4,5,7,4,4,10,5,5,2,1,1,55,2,9,4,5,8,16,8,20,10,16,,51,23,1,22,9,121.5217623,25.0581573
111,10,5,15,16,2,04大安區,大安區仁愛路4段與安和路1段口,0,0,1,1,B03,8,1,5,50,4,2,1,5,4,5,7,1,1,1,3,1,2,16,1,46,3,10,1,1,7,6,1,8,1,6,,9,9,1,22,9,121.551536,25.0379969
111,10,5,15,16,2,04大安區,大安區仁愛路4段與安和路1段口,0,0,1,2,C02,8,1,5,50,4,2,1,5,4,5,7,1,1,1,3,1,2,16,1,49,2,8,1,1,7,9,1,9,1,14,,44,9,1,22,9,121.551536,25.0379969
111,10,5,15,33,2,06松山區,松山區八德路4段與東興路口,0,0,1,1,C03,8,1,5,50,4,1,1,5,4,5,7,2,1,8,4,5,2,16,2,46,2,9,1,1,7,8,1,10,1,12,,7,7,1,22,9,121.5655302,25.04895676
111,10,5,15,33,2,06松山區,松山區八德路4段與東興路口,0,0,1,2,B03,8,1,5,50,4,1,1,5,4,5,7,2,1,8,4,5,2,16,2,52,3,10,1,1,7,9,1,8,1,4,,44,7,1,22,9,121.5655302,25.04895676
111,10,5,15,40,2,11南港區,南港區松河街316號與松河街口旁無名路,0,0,1,1,C03,7,1,5,30,3,2,1,5,4,5,7,4,4,10,4,5,2,11,1,20,3,10,1,1,7,6,1,10,1,11,,5,5,1,22,9,121.5832973,25.05272957
111,10,5,15,40,2,11南港區,南港區松河街316號與松河街口旁無名路,0,0,1,2,B12,7,1,5,30,3,2,1,5,4,5,7,4,4,10,4,5,2,11,1,40,3,10,1,1,7,9,1,8,1,5,,5,5,1,22,9,121.5832973,25.05272957
111,10,5,15,40,2,11南港區,南港區松河街316號與松河街口旁無名路,0,0,1,3,B01,7,1,5,30,3,2,1,5,4,5,7,4,4,10,4,5,2,11,3,,,,,,,,,,,,,67,5,1,,,121.5832973,25.05272957
111,10,5,15,40,2,11南港區,南港區松河街316號與松河街口旁無名路,0,0,1,4,H02,7,1,5,30,3,2,1,5,4,5,7,4,4,10,4,5,2,11,2,19,2,8,4,5,7,20,8,20,10,16,,67,5,1,22,9,121.5832973,25.05272957
111,10,5,15,50,2,12內湖區,內湖區東湖路113巷99號,0,0,1,1,C03,6,1,5,50,14,9,1,4,4,5,7,4,4,9,5,5,2,17,2,29,2,9,1,1,7,9,1,10,1,12,,13,13,1,22,9,121.6154523,25.07222662
111,10,5,15,50,2,12內湖區,內湖區東湖路113巷99號,0,0,1,2,B03,6,1,5,50,14,9,1,4,4,5,7,4,4,9,5,5,2,17,2,56,3,10,1,1,7,15,1,8,1,15,,42,13,1,22,9,121.6154523,25.07222662
111,10,5,15,50,2,12內湖區,內湖區東湖路113巷99號,0,0,1,3,B03,6,1,5,50,14,9,1,4,4,5,7,4,4,9,5,5,2,17,1,63,3,10,1,1,7,13,1,8,9,8,,44,13,1,22,9,121.6154523,25.07222662
111,10,5,15,55,2,08士林區,士林區德行東路109巷與士東路120巷20弄口,0,0,1,1,B12,8,1,5,30,4,1,1,5,4,5,7,4,4,5,5,5,2,3,1,59,3,10,3,4,7,5,6,8,1,1,,15,15,1,22,9,121.5288648,25.11160325
111,10,5,15,55,2,08士林區,士林區德行東路109巷與士東路120巷20弄口,0,0,1,2,H01,8,1,5,30,4,1,1,5,4,5,7,4,4,5,5,5,2,3,2,82,2,8,4,5,8,16,8,20,10,16,,67,15,1,22,9,121.5288648,25.11160325
111,10,5,16,9,2,04大安區,大安區復興南路2段與信義路3段口,0,0,1,1,B02,7,1,5,50,4,2,1,5,4,5,7,2,1,1,4,5,2,12,2,62,3,10,1,1,7,9,1,8,1,2,,23,23,1,22,9,121.5435054,25.0331415
111,10,5,16,9,2,04大安區,大安區復興南路2段與信義路3段口,0,0,1,2,C03,7,1,5,50,4,2,1,5,4,5,7,2,1,1,4,5,2,12,2,46,2,9,1,1,7,9,1,10,1,14,,17,23,1,22,9,121.5435054,25.0331415
111,10,5,16,19,2,11南港區,南港區忠孝東路7段99號東向西,0,0,1,1,B03,7,1,5,40,14,8,1,5,4,5,7,4,4,1,4,4,2,16,1,57,3,10,3,4,7,1,1,8,2,8,,19,19,1,22,9,121.600003,25.05135774
111,10,5,16,19,2,11南港區,南港區忠孝東路7段99號東向西,0,0,1,2,C03,7,1,5,40,14,8,1,5,4,5,7,4,4,1,4,4,2,16,2,66,2,9,1,4,7,9,3,18,2,12,,44,19,1,22,9,121.600003,25.05135774
111,10,5,16,43,2,05中正區,中正區市民大道1段與承德路1段口,0,0,1,1,B01,7,1,5,50,4,1,1,5,4,5,7,1,1,1,4,5,2,17,1,60,3,10,1,1,7,9,1,4,2,15,,44,44,1,22,9,121.5163519,25.0486978
111,10,5,16,43,2,05中正區,中正區市民大道1段與承德路1段口,0,0,1,2,C03,7,1,5,50,4,1,1,5,4,5,7,1,1,1,4,5,2,17,1,47,2,9,1,1,7,9,1,10,2,14,,44,44,1,22,9,121.5163519,25.0486978
111,10,5,17,15,2,03中山區,中山區林森北路與中山北路2段77巷口口,0,0,1,1,B03,7,2,5,30,4,1,1,5,4,5,7,4,4,9,4,5,2,16,1,36,3,10,3,4,7,5,1,8,1,1,,8,8,1,22,9,121.5254849,25.0574432
111,10,5,17,15,2,03中山區,中山區林森北路與中山北路2段77巷口口,0,0,1,2,C03,7,2,5,30,4,1,1,5,4,5,7,4,4,9,4,5,2,16,1,45,2,9,1,4,7,9,1,10,1,12,,44,8,1,22,9,121.5254849,25.0574432
111,10,5,17,20,2,10文山區,文山區景興路與景興路23巷口,0,0,1,1,C03,8,3,5,50,3,1,1,5,4,5,7,4,4,1,4,5,2,16,1,41,3,10,1,1,7,6,1,10,8,12,,9,9,1,22,9,121.5447772,24.9976934
111,10,5,17,20,2,10文山區,文山區景興路與景興路23巷口,0,0,1,2,C03,8,3,5,50,3,1,1,5,4,5,7,4,4,1,4,5,2,16,1,52,2,9,1,1,7,9,1,10,2,14,,44,9,1,22,9,121.5447772,24.9976934
111,10,5,17,20,2,10文山區,文山區景興路與景興路23巷口,0,0,1,3,C03,8,3,5,50,3,1,1,5,4,5,7,4,4,1,4,5,2,16,2,39,3,10,3,4,7,21,1,10,11,13,,44,9,1,22,9,121.5447772,24.9976934
111,10,5,17,20,2,12內湖區,內湖區成功路3段170號,0,0,1,1,C03,6,3,5,50,14,7,1,4,4,5,7,4,4,1,4,4,2,17,2,19,2,8,1,1,7,9,1,10,1,12,14,42,42,1,22,9,121.5905772,25.08052565
111,10,5,17,20,2,12內湖區,內湖區成功路3段170號,0,0,1,2,B12,6,3,5,50,14,7,1,4,4,5,7,4,4,1,4,4,2,17,1,21,3,10,1,1,7,14,1,8,1,15,,44,42,1,22,9,121.5905772,25.08052565
111,10,5,17,20,2,11南港區,南港區南港路2段16號,0,0,1,1,B02,7,3,5,40,14,9,1,5,4,5,7,4,4,5,5,4,2,16,1,50,3,10,1,1,7,1,1,7,1,8,,26,26,1,22,9,121.6058063,25.05420913
111,10,5,17,20,2,11南港區,南港區南港路2段16號,0,0,1,2,C03,7,3,5,40,14,9,1,5,4,5,7,4,4,5,5,4,2,16,1,35,2,9,1,1,7,9,1,10,1,11,,44,26,1,22,9,121.6058063,25.05420913
111,10,5,17,24,2,05中正區,中正區林森南路地下道(往羅斯福路方向),0,0,2,1,C03,8,1,5,50,14,8,1,5,4,5,7,4,4,10,4,4,1,12,1,39,2,8,1,1,7,8,1,10,2,12,,7,7,1,22,9,121.5188241,25.03352936
111,10,5,17,24,2,05中正區,中正區林森南路地下道(往羅斯福路方向),0,0,2,2,C03,8,1,5,50,14,8,1,5,4,5,7,4,4,10,4,4,1,12,1,37,2,7,1,1,7,9,1,10,2,14,,17,7,1,22,9,121.5188241,25.03352936