發生年度,發生月,發生日,發生時-Hours,發生分,處理別-編號,區序,肇事地點,死亡人數,2-30日死亡人數,受傷人數,當事人序號,車種,天候,光線,道路類別,速限-速度限制,道路型態,事故位置,路面狀況1,路面狀況2,路面狀況3,道路障礙1,道路障礙2,號誌1,號誌2,車道劃分-分向,車道劃分-分道1,車道劃分-分道2,車道劃分-分道3,事故類型及型態,性別,年齡,受傷程度,主要傷處,安全帽,行動電話,車輛用途,當事者行動狀態,駕駛資格情形,駕駛執照種類,飲酒情形,車輛撞擊部位1,車輛撞擊部位2,肇因碼-個別,肇因碼-主要,個人肇逃否,職業,旅次目的,座標-X,座標-Y
111,10,5,17,35,2,08士林區,士林區福林路254巷西向東,0,0,1,1,F01,8,3,5,40,14,9,1,5,4,5,7,4,4,10,5,5,1,16,2,25,2,9,1,1,7,5,8,20,1,15,,6,6,1,22,9,121.5363696,25.09806327
111,10,5,17,35,2,08士林區,士林區福林路254巷西向東,0,0,1,2,C03,8,3,5,40,14,9,1,5,4,5,7,4,4,10,5,5,1,16,2,50,3,10,1,1,7,9,1,10,1,12,,23,6,1,22,9,121.5363696,25.09806327
111,10,5,17,54,2,07信義區,信義區松仁路與松壽路口,0,0,1,1,C03,8,3,5,50,3,1,1,5,4,5,7,2,1,5,4,5,1,16,2,37,4,11,3,4,7,15,7,19,11,15,,23,23,2,22,9,121.5682132,25.0358442
111,10,5,17,54,2,07信義區,信義區松仁路與松壽路口,0,0,1,2,C03,8,3,5,50,3,1,1,5,4,5,7,2,1,5,4,5,1,16,1,22,2,9,3,4,7,11,1,10,1,14,,10,23,1,22,9,121.5682132,25.0358442
111,10,5,18,0,2,12內湖區,內湖區堤頂大道2段與內湖路1段口,0,0,2,1,C03,6,3,5,50,3,2,1,4,4,5,7,2,1,1,4,4,2,12,1,34,2,8,1,1,7,7,1,10,1,14,,7,7,1,22,9,121.5609845,25.08416519
111,10,5,18,0,2,12內湖區,內湖區堤頂大道2段與內湖路1段口,0,0,2,2,C03,6,3,5,50,3,2,1,4,4,5,7,2,1,1,4,4,2,12,2,24,2,9,1,1,7,9,1,10,1,11,,44,7,1,22,9,121.5609845,25.08416519
111,10,5,18,3,2,02萬華區,萬華區康定路與長沙街2段口,0,0,1,1,B03,7,3,5,50,4,1,1,5,4,5,7,2,1,5,4,5,2,11,1,57,3,10,1,1,7,5,1,8,1,2,,6,6,1,22,9,121.5021081,25.0405314
111,10,5,18,3,2,02萬華區,萬華區康定路與長沙街2段口,0,0,1,2,C03,7,3,5,50,4,1,1,5,4,5,7,2,1,5,4,5,2,11,1,18,2,7,1,1,7,9,1,10,1,11,,44,6,1,22,9,121.5021081,25.0405314
111,10,5,18,10,2,05中正區,中正區漢口街1段45號,0,0,1,1,C03,7,3,5,50,14,9,1,4,4,5,7,4,4,10,4,5,1,11,1,19,3,10,1,1,7,5,1,10,2,11,,6,6,1,22,9,121.5125006,25.0451883
111,10,5,18,10,2,05中正區,中正區漢口街1段45號,0,0,1,2,C03,7,3,5,50,14,9,1,4,4,5,7,4,4,10,4,5,1,11,2,47,2,9,1,1,7,9,1,10,2,11,,44,6,1,22,9,121.5125006,25.0451883
111,10,5,18,10,2,05中正區,中正區漢口街1段45號,0,0,1,3,B03,7,3,5,50,14,9,1,4,4,5,7,4,4,10,4,5,1,11,2,29,3,10,1,1,7,14,1,8,2,2,,38,6,1,22,9,121.5125006,25.0451883
111,10,5,18,30,2,08士林區,士林區基河路251巷與基河路口,0,0,2,1,C03,6,3,5,30,4,1,1,4,4,5,7,2,1,10,5,5,2,17,2,19,2,8,1,1,7,5,1,10,1,14,,8,8,1,22,9,121.5215439,25.09134518
111,10,5,18,30,2,08士林區,士林區基河路251巷與基河路口,0,0,2,2,C03,6,3,5,30,4,1,1,4,4,5,7,2,1,10,5,5,2,17,2,56,2,8,1,1,7,5,1,10,1,14,,23,8,1,22,9,121.5215439,25.09134518
111,10,5,18,31,2,03中山區,中山區龍江路與龍江路179巷口,0,0,2,1,C03,7,3,5,50,4,1,1,5,4,5,7,4,4,4,3,5,1,3,1,50,2,9,1,1,7,9,1,10,2,11,,15,15,1,22,9,121.5405369,25.0551505
111,10,5,18,31,2,03中山區,中山區龍江路與龍江路179巷口,0,0,2,2,H01,7,3,5,50,4,1,1,5,4,5,7,4,4,4,3,5,1,3,2,83,2,9,4,5,8,16,8,20,10,16,,67,15,1,22,9,121.5405369,25.0551505
111,10,5,18,45,2,11南港區,南港區研究院路2段61巷與大坑街口,0,0,1,1,C03,6,3,5,50,4,2,1,4,4,5,7,2,1,8,5,5,2,16,1,30,2,8,3,4,7,5,1,10,1,12,,6,6,1,22,9,121.6179081,25.04534509
111,10,5,18,45,2,11南港區,南港區研究院路2段61巷與大坑街口,0,0,1,2,B03,6,3,5,50,4,2,1,4,4,5,7,2,1,8,5,5,2,16,2,38,3,10,3,4,7,9,1,8,1,5,,44,6,1,22,9,121.6179081,25.04534509
111,10,5,18,55,2,09北投區,大度路橋,0,0,1,1,C03,7,3,5,50,14,9,1,5,4,5,7,4,4,5,4,5,2,13,1,25,2,9,1,1,7,9,1,10,1,11,,16,16,1,22,9,121.4682077,25.12320042
111,10,5,18,55,2,09北投區,大度路橋,0,0,1,2,B03,7,3,5,50,14,9,1,5,4,5,7,4,4,5,4,5,2,13,2,65,3,10,1,1,7,9,1,8,1,3,,44,16,1,22,9,121.4682077,25.12320042
111,10,5,18,56,2,08士林區,士林區中山北路5段與至誠路2段口,0,0,1,1,C03,6,3,5,50,4,1,1,4,4,5,7,3,1,5,5,5,2,16,1,44,2,9,1,1,7,5,1,10,1,12,,6,6,1,22,9,121.5265304,25.10101544
111,10,5,18,56,2,08士林區,士林區中山北路5段與至誠路2段口,0,0,1,2,B03,6,3,5,50,4,1,1,4,4,5,7,3,1,5,5,5,2,16,1,48,3,10,1,1,7,9,1,8,1,1,,44,6,1,22,9,121.5265304,25.10101544
111,10,5,19,0,2,12內湖區,內湖區環山路1段與環山路1段9巷口,0,0,1,1,C03,6,1,5,40,3,1,1,4,4,5,7,4,4,4,3,4,1,12,2,21,2,9,3,4,7,6,1,10,1,13,,9,9,1,22,9,121.5656034,25.08299111
111,10,5,19,0,2,12內湖區,內湖區環山路1段與環山路1段9巷口,0,0,1,2,C03,6,1,5,40,3,1,1,4,4,5,7,4,4,4,3,4,1,12,1,29,3,10,3,4,7,9,1,10,1,11,,23,9,1,22,9,121.5656034,25.08299111
111,10,5,19,2,2,03中山區,中山區建國高架道北往南(民族東路上方),0,0,1,1,B03,7,3,5,70,10,9,1,5,4,5,7,4,4,1,4,5,2,12,1,62,3,10,3,4,7,8,1,8,2,5,,7,7,1,22,9,121.5331633,25.06867476
111,10,5,19,2,2,03中山區,中山區建國高架道北往南(民族東路上方),0,0,1,2,B02,7,3,5,70,10,9,1,5,4,5,7,4,4,1,4,5,2,12,1,35,2,7,3,4,7,9,1,4,2,7,,23,7,1,22,9,121.5331633,25.06867476
111,10,5,19,15,2,01大同區,大同區民生西路214號,0,0,2,1,H01,6,3,5,50,14,9,1,4,4,5,7,4,4,5,4,5,2,3,2,47,2,9,4,5,8,16,8,20,10,16,,51,51,1,22,9,121.5149032,25.05701928
111,10,5,19,15,2,01大同區,大同區民生西路214號,0,0,2,2,B01,6,3,5,50,14,9,1,4,4,5,7,4,4,5,4,5,2,3,1,59,3,10,1,4,7,9,1,4,2,1,,23,51,1,22,9,121.5149032,25.05701928
111,10,5,19,15,2,01大同區,大同區民生西路214號,0,0,2,3,H01,6,3,5,50,14,9,1,4,4,5,7,4,4,5,4,5,2,3,1,16,2,9,4,5,8,16,8,20,10,16,,51,51,1,22,9,121.5149032,25.05701928
111,10,5,19,23,2,03中山區,中山區基湖路112巷與基湖路口,0,0,1,1,B03,6,3,5,50,4,1,1,4,4,5,7,4,4,1,4,1,2,16,1,52,3,10,1,1,7,5,1,8,1,1,,8,8,1,22,9,121.5637766,25.0783342
111,10,5,19,23,2,03中山區,中山區基湖路112巷與基湖路口,0,0,1,2,C03,6,3,5,50,4,1,1,4,4,5,7,4,4,1,4,1,2,16,1,41,2,9,1,1,7,9,1,10,1,14,,14,8,1,22,9,121.5637766,25.0783342
111,10,5,19,44,2,07信義區,信義區松高路與松勇路口口,0,0,1,1,B02,6,3,5,50,4,2,1,4,4,5,7,1,1,5,4,5,2,17,1,58,3,10,3,4,7,6,1,8,2,2,,9,9,1,22,9,121.5698382,25.0390149
111,10,5,19,44,2,07信義區,信義區松高路與松勇路口口,0,0,1,2,C03,6,3,5,50,4,2,1,4,4,5,7,1,1,5,4,5,2,17,1,36,2,8,3,4,7,9,1,10,2,14,,44,9,1,22,9,121.5698382,25.0390149
111,10,5,20,17,2,05中正區,中正區羅斯福路2段與杭州南路2段口,0,0,2,1,C03,8,3,5,50,4,2,1,5,4,5,7,1,1,5,4,5,2,9,2,19,2,9,1,1,7,9,1,10,1,11,,23,23,1,22,9,121.5217412,25.02840037
111,10,5,20,17,2,05中正區,中正區羅斯福路2段與杭州南路2段口,0,0,2,2,H01,8,3,5,50,4,2,1,5,4,5,7,1,1,5,4,5,2,9,1,75,2,9,4,5,8,16,8,20,1,16,,67,23,1,22,9,121.5217412,25.02840037
111,10,5,20,26,2,04大安區,大安區市民大道4段與敦化南路1段口,0,0,1,1,B01,7,3,5,40,5,1,1,5,4,5,7,4,4,1,5,5,2,13,1,31,3,10,1,1,7,8,1,4,1,5,,7,7,1,22,9,121.5484804,25.0447825
111,10,5,20,26,2,04大安區,大安區市民大道4段與敦化南路1段口,0,0,1,2,C03,7,3,5,40,5,1,1,5,4,5,7,4,4,1,5,5,2,13,1,22,2,8,1,1,7,14,1,10,1,13,,44,7,1,22,9,121.5484804,25.0447825
111,10,5,21,3,2,01大同區,大同區鄭州路與鄭州路口139號前迴轉道,0,0,1,1,B02,7,3,5,40,3,1,1,5,4,5,7,4,4,1,4,5,2,17,2,56,3,10,1,1,7,11,1,8,2,5,,6,6,1,22,9,121.5099912,25.05037817
111,10,5,21,3,2,01大同區,大同區鄭州路與鄭州路口139號前迴轉道,0,0,1,2,C03,7,3,5,40,3,1,1,5,4,5,7,4,4,1,4,5,2,17,1,70,2,9,1,1,7,21,1,10,2,14,,44,6,1,22,9,121.5099912,25.05037817
111,10,5,21,6,2,11南港區,南港區向陽路80號,0,0,2,1,H01,6,3,5,50,14,9,1,4,4,5,7,2,1,3,3,5,2,3,2,77,2,9,4,5,8,16,8,20,1,16,,52,52,1,22,9,121.5962073,25.0529134
111,10,5,21,6,2,11南港區,南港區向陽路80號,0,0,2,2,C03,6,3,5,50,14,9,1,4,4,5,7,2,1,3,3,5,2,3,1,47,2,9,3,4,7,9,1,10,2,11,,15,52,1,22,9,121.5962073,25.0529134
111,10,5,21,10,2,12內湖區,內湖區內湖路2段103巷與麗山街37巷口,0,0,3,1,C03,7,3,5,50,3,1,1,5,4,5,7,4,4,5,5,5,2,16,2,61,2,8,1,3,7,5,1,10,1,11,,6,6,1,22,9,121.5820596,25.08073315
111,10,5,21,10,2,12內湖區,內湖區內湖路2段103巷與麗山街37巷口,0,0,3,2,C03,7,3,5,50,3,1,1,5,4,5,7,4,4,5,5,5,2,16,1,27,2,9,1,1,7,9,1,10,1,14,,44,6,1,22,9,121.5820596,25.08073315
111,10,5,21,10,2,12內湖區,內湖區內湖路2段103巷與麗山街37巷口,0,0,3,3,H02,7,3,5,50,3,1,1,5,4,5,7,4,4,5,5,5,2,16,2,18,2,9,1,5,7,20,8,20,10,16,,67,6,1,22,9,121.5820596,25.08073315
111,10,5,21,15,2,10文山區,文山區木柵路4段與萬芳路口,0,0,2,1,C03,8,3,5,50,3,1,1,5,4,5,7,1,1,5,4,5,2,12,1,20,2,9,1,1,7,6,1,10,1,12,,9,9,1,22,9,121.5718138,24.9949341
111,10,5,21,15,2,10文山區,文山區木柵路4段與萬芳路口,0,0,2,2,C04,8,3,5,50,3,1,1,5,4,5,7,1,1,5,4,5,2,12,2,21,2,9,1,1,7,9,1,8,1,14,,44,9,1,22,9,121.5718138,24.9949341
111,10,5,21,48,2,07信義區,信義區基隆路1段51號,0,0,2,2,,6,3,5,50,14,9,1,4,4,5,7,4,4,10,4,5,2,29,3,,,,,,,,,,,,,61,44,1,,,121.5684231,25.04745143
111,10,5,21,48,2,07信義區,信義區基隆路1段51號,0,0,2,3,H02,6,3,5,50,14,9,1,4,4,5,7,4,4,10,4,5,2,29,2,47,2,9,3,5,7,20,8,20,10,15,,67,44,1,22,9,121.5684231,25.04745143
111,10,5,21,48,2,07信義區,信義區基隆路1段51號,0,0,2,1,C03,6,3,5,50,14,9,1,4,4,5,7,4,4,10,4,5,2,29,1,47,2,9,3,4,7,9,1,10,1,11,,44,44,1,22,9,121.5684231,25.04745143
111,10,5,21,58,2,01大同區,大同區鄭州路與西寧北路口,0,0,1,1,C03,6,3,5,40,4,1,1,4,4,5,7,2,1,1,2,5,2,12,1,20,3,10,1,1,7,5,1,10,1,14,,8,8,1,22,9,121.5082092,25.05060235
111,10,5,21,58,2,01大同區,大同區鄭州路與西寧北路口,0,0,1,2,C03,6,3,5,40,4,1,1,4,4,5,7,2,1,1,2,5,2,12,2,28,2,9,1,1,7,9,1,10,1,11,,26,8,1,22,9,121.5082092,25.05060235
111,10,5,22,10,2,04大安區,大安區基隆路2段230號,0,0,2,2,C03,7,1,5,50,14,9,1,5,4,5,7,4,4,9,4,5,1,13,1,43,2,7,1,1,7,9,1,10,1,13,,43,43,1,22,9,121.5510928,25.0234275
111,10,5,22,10,2,04大安區,大安區基隆路2段230號,0,0,2,1,C03,7,1,5,50,14,9,1,5,4,5,7,4,4,9,4,5,1,13,4,,4,11,3,4,7,15,7,19,11,15,,43,43,2,22,9,121.5510928,25.0234275
111,10,5,22,10,2,04大安區,大安區基隆路2段230號,0,0,2,3,H02,7,1,5,50,14,9,1,5,4,5,7,4,4,9,4,5,1,13,2,45,2,7,4,5,7,20,8,20,10,16,,67,43,1,22,9,121.5510928,25.0234275
111,10,5,22,10,2,11南港區,南港區南港路2段與南港路2段60巷口,0,0,2,1,C03,6,3,5,40,14,8,1,4,4,5,7,4,4,5,5,4,2,5,1,23,2,8,1,1,7,9,1,10,1,11,,23,23,1,22,9,121.604269,25.05392658
111,10,5,22,10,2,11南港區,南港區南港路2段與南港路2段60巷口,0,0,2,2,H01,6,3,5,40,14,8,1,4,4,5,7,4,4,5,5,4,2,5,2,48,2,8,4,5,8,20,8,20,1,16,,53,23,1,22,9,121.604269,25.05392658
111,10,5,22,29,2,07信義區,信義區忠孝東路5段372巷與忠孝東路5段372巷29弄口,0,0,1,1,B01,6,3,5,30,4,1,1,4,4,5,7,4,4,10,5,5,1,15,1,48,3,10,3,4,7,9,1,4,2,8,,6,6,1,22,9,121.5739918,25.0389265
111,10,5,22,29,2,07信義區,信義區忠孝東路5段372巷與忠孝東路5段372巷29弄口,0,0,1,2,C03,6,3,5,30,4,1,1,4,4,5,7,4,4,10,5,5,1,15,2,42,2,9,3,4,7,9,1,10,2,12,,23,6,1,22,9,121.5739918,25.0389265
111,10,5,23,5,2,04大安區,大安區信義路3段65號,0,0,1,1,B03,6,3,5,50,14,9,1,4,4,5,7,4,4,8,3,5,2,13,1,27,3,10,1,1,7,9,1,8,1,1,,23,23,1,22,9,121.5361679,25.0336443
111,10,5,23,5,2,04大安區,大安區信義路3段65號,0,0,1,2,C03,6,3,5,50,14,9,1,4,4,5,7,4,4,8,3,5,2,13,1,34,2,9,1,1,7,7,1,10,1,13,,7,23,1,22,9,121.5361679,25.0336443
111,10,5,23,10,2,03中山區,中山區民生東路1段與新生北路2段口,0,0,1,1,B03,6,3,5,50,3,1,1,4,4,5,1,4,4,9,4,5,2,15,1,31,3,10,3,4,7,11,1,8,1,8,,6,6,1,22,9,121.5268778,25.05802709
111,10,5,23,10,2,03中山區,中山區民生東路1段與新生北路2段口,0,0,1,2,C03,6,3,5,50,3,1,1,4,4,5,1,4,4,9,4,5,2,15,1,67,2,9,3,4,7,9,1,10,1,12,,44,6,1,22,9,121.5268778,25.05802709
111,10,5,23,31,2,02萬華區,萬華區萬大路349號對面,0,0,1,1,C03,6,3,5,30,14,9,1,4,4,5,7,2,1,3,5,5,1,12,1,33,2,9,1,4,7,9,1,10,1,11,,23,23,1,22,9,121.4998601,25.02353907
111,10,5,23,31,2,02萬華區,萬華區萬大路349號對面,0,0,1,2,C03,6,3,5,30,14,9,1,4,4,5,7,2,1,3,5,5,1,12,1,46,3,10,1,4,7,14,1,10,1,12,,44,23,1,22,9,121.4998601,25.02353907
111,10,5,23,35,2,03中山區,中山區南京東路2段137號,0,0,1,1,C03,6,3,5,40,14,8,1,4,4,5,7,4,4,1,4,4,2,13,1,30,2,9,1,1,7,9,1,10,1,11,,23,23,1,22,9,121.5351491,25.0521336
111,10,5,23,35,2,03中山區,中山區南京東路2段137號,0,0,1,2,B03,6,3,5,40,14,8,1,4,4,5,7,4,4,1,4,4,2,13,1,27,3,10,1,1,7,14,3,18,1,3,,38,23,1,22,9,121.5351491,25.0521336
111,10,6,1,7,2,04大安區,大安區忠孝東路4段77巷與敦化南路1段190巷口,0,0,2,2,B01,6,3,5,30,4,2,1,4,4,5,7,4,4,10,5,5,1,15,1,65,3,10,1,1,7,9,1,4,1,4,,14,6,1,22,9,121.5472089,25.042625
111,10,6,1,7,2,04大安區,大安區忠孝東路4段77巷與敦化南路1段190巷口,0,0,2,1,C03,6,3,5,30,4,2,1,4,4,5,7,4,4,10,5,5,1,15,1,27,2,9,1,1,7,9,1,10,1,11,,6,6,1,22,9,121.5472089,25.042625
111,10,6,1,7,2,04大安區,大安區忠孝東路4段77巷與敦化南路1段190巷口,0,0,2,3,H02,6,3,5,30,4,2,1,4,4,5,7,4,4,10,5,5,1,15,2,20,2,8,4,5,7,21,8,20,10,15,,67,6,1,22,9,121.5472089,25.042625
111,10,6,1,16,2,07信義區,信義區基隆路2段107-3號,0,0,1,1,C04,6,3,5,0,14,20,1,4,4,5,7,4,4,10,5,5,2,18,2,27,2,8,1,1,7,9,1,10,9,14,,42,42,1,22,9,121.5574645,25.02942909
111,10,6,1,16,2,07信義區,信義區基隆路2段107-3號,0,0,1,2,,6,3,5,0,14,20,1,4,4,5,7,4,4,10,5,5,2,18,3,,,,,,,,,,,,,67,42,1,,,121.5574645,25.02942909
111,10,6,2,33,2,08士林區,士林區通河街16號,0,0,2,1,C03,8,1,5,50,14,9,1,4,4,5,7,4,4,5,5,5,2,13,1,30,2,8,1,1,7,9,1,10,1,11,,23,23,1,22,9,121.5230281,25.0800296
111,10,6,2,33,2,08士林區,士林區通河街16號,0,0,2,2,C03,8,1,5,50,14,9,1,4,4,5,7,4,4,5,5,5,2,13,2,29,3,10,1,1,7,14,1,10,1,13,,44,23,1,22,9,121.5230281,25.0800296
111,10,6,2,33,2,08士林區,士林區通河街16號,0,0,2,3,C03,8,1,5,50,14,9,1,4,4,5,7,4,4,5,5,5,2,13,2,23,2,9,1,1,7,2,1,10,1,11,,42,23,1,22,9,121.5230281,25.0800296
111,10,6,2,33,2,08士林區,士林區通河街16號,0,0,2,4,,8,1,5,50,14,9,1,4,4,5,7,4,4,5,5,5,2,13,3,,,,,,,,,,,,,67,23,1,,,121.5230281,25.0800296
111,10,6,6,56,2,09北投區,北投區承德路7段與承德路7段413巷口,0,0,1,1,C03,8,1,5,50,14,9,1,5,4,5,7,4,4,1,4,5,1,12,2,65,2,9,1,1,7,8,1,10,1,12,,7,7,1,22,9,121.4999337,25.11796025
111,10,6,6,56,2,09北投區,北投區承德路7段與承德路7段413巷口,0,0,1,2,B12,8,1,5,50,14,9,1,5,4,5,7,4,4,1,4,5,1,12,1,52,3,10,1,1,7,9,1,8,1,1,,44,7,1,22,9,121.4999337,25.11796025
111,10,6,7,5,2,07信義區,信義區市民大道6段與松隆路329巷口,0,0,1,1,B03,6,1,5,40,3,2,1,4,4,5,7,2,1,10,4,5,1,17,2,59,3,10,1,1,7,8,1,8,9,15,,7,9,1,22,9,121.5791066,25.0488883
111,10,6,7,5,2,07信義區,信義區市民大道6段與松隆路329巷口,0,0,1,2,C03,6,1,5,40,3,2,1,4,4,5,7,2,1,10,4,5,1,17,1,26,2,9,1,1,7,9,1,10,9,14,,44,9,1,22,9,121.5791066,25.0488883
111,10,6,7,8,2,07信義區,信義區基隆路2段81號,0,0,1,1,B03,7,1,5,50,14,9,1,5,4,5,7,4,4,3,5,5,2,12,1,54,3,10,1,1,7,8,1,8,1,2,,7,7,1,22,9,121.5578311,25.03003495
111,10,6,7,8,2,07信義區,信義區基隆路2段81號,0,0,1,2,C03,7,1,5,50,14,9,1,5,4,5,7,4,4,3,5,5,2,12,1,27,2,8,1,1,7,9,1,10,1,14,,17,7,1,22,9,121.5578311,25.03003495
111,10,6,7,30,2,03中山區,中山區錦西街與中山北路2段口,0,0,1,1,F01,8,1,5,50,4,1,1,5,4,5,7,2,1,3,4,5,2,12,1,62,2,9,1,1,7,11,8,20,1,16,,25,25,1,22,9,121.522899,25.06033046
111,10,6,7,30,2,03中山區,中山區錦西街與中山北路2段口,0,0,1,2,B01,8,1,5,50,4,1,1,5,4,5,7,2,1,3,4,5,2,12,1,53,3,10,1,1,7,1,1,8,1,2,,23,25,1,22,9,121.522899,25.06033046
111,10,6,7,30,2,10文山區,文山區木新路3段與中崙路口,0,0,1,1,C03,7,1,5,50,14,9,1,4,4,5,7,4,4,5,2,5,2,17,2,61,2,9,1,1,7,11,3,18,2,12,14,42,42,1,22,9,121.5648599,24.98269683
111,10,6,7,30,2,10文山區,文山區木新路3段與中崙路口,0,0,1,2,C03,7,1,5,50,14,9,1,4,4,5,7,4,4,5,2,5,2,17,1,29,3,10,1,1,7,6,1,10,2,15,,44,42,1,22,9,121.5648599,24.98269683
111,10,6,7,45,2,11南港區,南港區市民大道8段與中南街口口,0,0,1,1,B03,6,1,5,30,4,1,1,4,4,5,7,2,1,9,5,5,2,12,2,31,3,10,1,1,7,9,3,18,1,8,,17,17,1,22,9,121.6152377,25.054255
111,10,6,7,45,2,11南港區,南港區市民大道8段與中南街口口,0,0,1,2,C03,6,1,5,30,4,1,1,4,4,5,7,2,1,9,5,5,2,12,2,44,2,9,1,1,7,9,1,10,1,12,,17,17,1,22,9,121.6152377,25.054255
111,10,6,7,50,2,12內湖區,內湖區潭美街與安美街口口,0,0,1,1,C03,6,1,5,40,3,1,1,4,4,5,7,2,1,5,5,5,2,16,1,22,3,10,1,1,7,4,1,10,2,11,,1,1,1,22,9,121.6027866,25.06102539
111,10,6,7,50,2,12內湖區,內湖區潭美街與安美街口口,0,0,1,2,C03,6,1,5,40,3,1,1,4,4,5,7,2,1,5,5,5,2,16,1,45,2,9,1,1,7,5,1,10,2,14,,44,1,1,22,9,121.6027866,25.06102539
111,10,6,7,52,2,07信義區,信義區信義路6段94號,0,0,1,1,C03,6,1,5,50,14,9,1,4,4,5,7,4,4,9,4,5,2,17,1,36,2,9,1,1,7,9,1,10,1,14,,16,16,1,22,9,121.5777122,25.0359282
111,10,6,7,52,2,07信義區,信義區信義路6段94號,0,0,1,2,C03,6,1,5,50,14,9,1,4,4,5,7,4,4,9,4,5,2,17,1,44,3,10,1,1,7,12,1,10,1,15,,44,16,1,22,9,121.5777122,25.0359282
111,10,6,7,58,2,09北投區,北投區承德路7段與公館路口,0,0,1,1,C03,7,1,5,50,4,1,1,5,4,5,7,2,1,10,5,5,1,12,1,18,3,10,1,1,7,5,1,10,1,14,,43,43,1,22,9,121.5014286,25.1194442
111,10,6,7,58,2,09北投區,北投區承德路7段與公館路口,0,0,1,2,C03,7,1,5,50,4,1,1,5,4,5,7,2,1,10,5,5,1,12,1,76,2,8,1,1,7,9,1,10,1,12,,43,43,1,22,9,121.5014286,25.1194442
111,10,6,8,0,2,09北投區,北投區中央北路4段與自立路口,0,0,2,1,C03,7,1,5,50,4,1,1,5,4,5,7,2,1,5,4,4,2,11,1,38,2,9,1,1,7,5,1,10,1,12,,6,6,1,22,9,121.4655711,25.1260124
111,10,6,8,0,2,09北投區,北投區中央北路4段與自立路口,0,0,2,2,C03,7,1,5,50,4,1,1,5,4,5,7,2,1,5,4,4,2,11,1,23,2,9,1,1,7,9,1,10,1,11,,44,6,1,22,9,121.4655711,25.1260124
111,10,6,8,8,2,07信義區,信義區林口街與松山路465巷口,0,0,1,1,C03,6,1,5,40,3,2,1,4,4,5,7,3,1,9,4,4,2,18,1,29,2,8,1,1,7,9,1,10,1,12,,42,42,1,22,9,121.5792471,25.0395409
111,10,6,8,8,2,07信義區,信義區林口街與松山路465巷口,0,0,1,2,,6,1,5,40,3,2,1,4,4,5,7,3,1,9,4,4,2,18,3,,,,,,,,,,,,,67,42,1,,,121.5792471,25.0395409
111,10,6,8,10,2,05中正區,中正區林森南路6號,0,0,1,1,B03,7,1,5,50,14,9,1,5,4,5,7,4,4,5,4,5,2,12,1,37,3,10,1,1,7,8,1,8,2,5,,7,7,1,22,9,121.5228297,25.0433008
111,10,6,8,10,2,05中正區,中正區林森南路6號,0,0,1,2,C03,7,1,5,50,14,9,1,5,4,5,7,4,4,5,4,5,2,12,2,19,2,9,1,1,7,9,1,10,2,11,,44,7,1,22,9,121.5228297,25.0433008
111,10,6,8,12,2,08士林區,士林區仰德大道2段41巷與仰德大道2段口,0,0,1,1,C03,7,1,5,40,3,2,1,5,4,5,7,2,1,4,5,5,2,17,2,19,2,9,1,1,7,9,1,10,1,11,,23,23,1,21,8,121.5435052,25.10486852
111,10,6,8,12,2,08士林區,士林區仰德大道2段41巷與仰德大道2段口,0,0,1,2,B03,7,1,5,40,3,2,1,5,4,5,7,2,1,4,5,5,2,17,1,56,3,10,1,1,7,14,1,8,1,6,,44,23,1,21,8,121.5435052,25.10486852
111,10,6,8,45,2,04大安區,大安區大安路1段與仁愛路4段91巷口,0,0,1,1,C03,6,1,5,30,4,1,1,4,4,5,7,4,4,9,4,5,2,15,2,42,2,9,1,1,7,9,1,10,2,11,,26,26,1,21,8,121.5460725,25.03859181
111,10,6,8,45,2,04大安區,大安區大安路1段與仁愛路4段91巷口,0,0,1,2,B12,6,1,5,30,4,1,1,4,4,5,7,4,4,9,4,5,2,15,1,42,3,10,1,1,7,9,1,8,2,6,,14,26,1,21,8,121.5460725,25.03859181
111,10,6,8,46,2,04大安區,大安區辛亥路3段與臥龍街188巷口口,0,0,1,2,B03,7,1,5,50,3,2,1,5,4,5,7,4,4,3,4,5,2,12,1,48,3,10,1,1,7,9,1,8,9,4,,43,13,1,22,9,121.5504208,25.01617453
111,10,6,8,46,2,04大安區,大安區辛亥路3段與臥龍街188巷口口,0,0,1,3,B03,7,1,5,50,3,2,1,5,4,5,7,4,4,3,4,5,2,12,1,44,3,10,1,1,7,14,1,8,9,6,,44,13,1,22,9,121.5504208,25.01617453
111,10,6,8,46,2,04大安區,大安區辛亥路3段與臥龍街188巷口口,0,0,1,1,C03,7,1,5,50,3,2,1,5,4,5,7,4,4,3,4,5,2,12,2,33,2,9,1,1,7,9,1,10,9,12,,13,13,1,22,9,121.5504208,25.01617453
111,10,6,8,55,2,04大安區,大安區市民大道4段30號,0,0,1,1,C03,8,1,5,40,14,9,1,5,4,5,7,4,4,1,4,5,2,13,1,25,2,9,1,1,7,7,1,10,1,14,,7,7,1,22,9,121.5451912,25.04488446
111,10,6,8,55,2,04大安區,大安區市民大道4段30號,0,0,1,2,B02,8,1,5,40,14,9,1,5,4,5,7,4,4,1,4,5,2,13,1,59,3,10,1,1,7,9,1,8,1,6,,44,7,1,22,9,121.5451912,25.04488446
111,10,6,8,56,2,05中正區,中正區重慶南路3段57號,0,0,1,1,C03,8,1,5,50,4,1,1,5,4,5,7,1,1,1,5,5,2,17,1,23,3,10,1,1,7,6,1,10,1,12,,9,9,1,22,9,121.5161209,25.0270551
111,10,6,8,56,2,05中正區,中正區重慶南路3段57號,0,0,1,2,C03,8,1,5,50,4,1,1,5,4,5,7,1,1,1,5,5,2,17,1,29,2,9,1,1,7,9,1,10,1,14,,44,9,1,22,9,121.5161209,25.0270551