發生年度,發生月,發生日,發生時-Hours,發生分,處理別-編號,區序,肇事地點,死亡人數,2-30日死亡人數,受傷人數,當事人序號,車種,天候,光線,道路類別,速限-速度限制,道路型態,事故位置,路面狀況1,路面狀況2,路面狀況3,道路障礙1,道路障礙2,號誌1,號誌2,車道劃分-分向,車道劃分-分道1,車道劃分-分道2,車道劃分-分道3,事故類型及型態,性別,年齡,受傷程度,主要傷處,安全帽,行動電話,車輛用途,當事者行動狀態,駕駛資格情形,駕駛執照種類,飲酒情形,車輛撞擊部位1,車輛撞擊部位2,肇因碼-個別,肇因碼-主要,個人肇逃否,職業,旅次目的,座標-X,座標-Y
111,10,6,9,7,2,01大同區,大同區環河堤外便道敦煌疏散門(六號水門內自行車道),0,0,2,1,F01,7,1,8,0,15,22,2,5,4,5,7,4,4,10,4,5,2,16,2,41,2,9,1,1,7,11,8,20,1,16,,10,10,1,22,9,121.5084498,25.07621004
111,10,6,9,7,2,01大同區,大同區環河堤外便道敦煌疏散門(六號水門內自行車道),0,0,2,2,F01,7,1,8,0,15,22,2,5,4,5,7,4,4,10,4,5,2,16,1,58,2,9,1,1,7,9,8,20,1,16,,44,10,1,22,9,121.5084498,25.07621004
111,10,6,9,12,2,06松山區,松山區民權大橋,0,0,2,1,B02,6,1,8,50,14,7,1,4,4,5,7,4,4,1,4,4,2,12,1,58,3,10,1,1,7,8,1,8,1,2,,7,7,1,22,9,121.5676962,25.06359452
111,10,6,9,12,2,06松山區,松山區民權大橋,0,0,2,2,C03,6,1,8,50,14,7,1,4,4,5,7,4,4,1,4,4,2,12,1,22,2,9,1,1,7,9,1,10,1,13,,16,7,1,22,9,121.5676962,25.06359452
111,10,6,9,12,2,06松山區,松山區民權大橋,0,0,2,3,C03,6,1,8,50,14,7,1,4,4,5,7,4,4,1,4,4,2,12,1,33,2,9,1,1,7,9,1,10,1,11,,44,7,1,22,9,121.5676962,25.06359452
111,10,6,9,13,2,06松山區,松山區民權東路5段與撫遠街口,0,0,1,1,B03,7,1,5,50,4,1,1,4,4,5,7,2,1,9,4,5,2,17,1,39,3,10,1,1,7,5,1,8,1,15,,6,6,1,22,9,121.5659964,25.06318384
111,10,6,9,13,2,06松山區,松山區民權東路5段與撫遠街口,0,0,1,2,C03,7,1,5,50,4,1,1,4,4,5,7,2,1,9,4,5,2,17,1,51,2,9,1,1,7,9,1,10,1,12,,44,6,1,22,9,121.5659964,25.06318384
111,10,6,9,20,2,12內湖區,內湖區南湖大橋往內湖,0,0,1,1,A02,6,1,5,50,8,9,1,4,4,5,7,4,4,1,4,5,2,16,1,63,3,10,1,1,7,8,1,2,2,5,,7,7,1,22,9,121.6008631,25.06079338
111,10,6,9,20,2,12內湖區,內湖區南湖大橋往內湖,0,0,1,2,C03,6,1,5,50,8,9,1,4,4,5,7,4,4,1,4,5,2,16,2,72,2,9,1,1,7,9,1,8,2,14,,23,7,1,22,9,121.6008631,25.06079338
111,10,6,9,39,2,03中山區,中山區中原街與民權東路2段口,0,0,2,1,C03,7,1,5,50,4,2,1,5,4,5,7,2,1,4,5,5,2,13,2,22,2,9,3,4,7,9,1,10,1,11,,16,16,1,22,9,121.5289948,25.06229879
111,10,6,9,39,2,03中山區,中山區中原街與民權東路2段口,0,0,2,2,C03,7,1,5,50,4,2,1,5,4,5,7,2,1,4,5,5,2,13,1,44,2,9,3,4,7,12,1,10,1,13,,30,16,1,22,9,121.5289948,25.06229879
111,10,6,9,45,2,12內湖區,內湖區內湖路1段518巷與內湖路1段口,0,0,1,1,B01,7,1,5,50,3,1,1,5,4,5,7,4,4,1,4,4,2,12,1,59,3,10,1,1,7,6,1,4,1,2,,6,6,1,22,9,121.574061,25.08035459
111,10,6,9,45,2,12內湖區,內湖區內湖路1段518巷與內湖路1段口,0,0,1,2,C03,7,1,5,50,3,1,1,5,4,5,7,4,4,1,4,4,2,12,2,24,2,9,1,1,7,9,1,10,1,14,,13,6,1,22,9,121.574061,25.08035459
111,10,6,10,0,2,03中山區,中山區敬業二路美福飯店對面停車場出入口前,0,0,1,1,B03,8,1,5,50,14,9,1,5,4,5,7,4,4,5,5,5,2,12,1,35,3,10,1,1,7,6,1,8,1,2,,9,9,1,22,9,121.5544135,25.0808591
111,10,6,10,0,2,03中山區,中山區敬業二路美福飯店對面停車場出入口前,0,0,1,2,C03,8,1,5,50,14,9,1,5,4,5,7,4,4,5,5,5,2,12,2,20,2,9,1,1,7,9,1,10,1,14,,23,9,1,22,9,121.5544135,25.0808591
111,10,6,10,18,2,08士林區,士林區中正路與中正路212巷口,0,0,1,2,C03,7,1,5,0,4,2,1,5,4,5,7,2,1,1,4,5,2,17,1,56,2,7,1,1,7,10,3,18,1,11,,7,42,1,21,8,121.5263342,25.09545142
111,10,6,10,18,2,08士林區,士林區中正路與中正路212巷口,0,0,1,3,B02,7,1,5,0,4,2,1,5,4,5,7,2,1,1,4,5,2,17,1,51,3,10,1,1,7,14,1,8,1,6,,44,42,1,23,8,121.5263342,25.09545142
111,10,6,10,18,2,08士林區,士林區中正路與中正路212巷口,0,0,1,1,B03,7,1,5,0,4,2,1,5,4,5,7,2,1,1,4,5,2,17,1,44,4,11,3,4,7,15,7,19,11,15,,42,42,2,22,9,121.5263342,25.09545142
111,10,6,10,34,2,12內湖區,內湖區內湖路1段與內湖路1段285巷口,0,0,1,1,C03,8,1,5,50,3,2,1,5,4,5,7,1,1,1,4,5,2,16,1,25,2,9,1,1,7,9,1,10,2,11,,23,23,1,22,9,121.5663248,25.08227784
111,10,6,10,34,2,12內湖區,內湖區內湖路1段與內湖路1段285巷口,0,0,1,2,B01,8,1,5,50,3,2,1,5,4,5,7,1,1,1,4,5,2,16,1,61,3,10,1,1,7,14,1,4,2,7,,44,23,1,22,9,121.5663248,25.08227784
111,10,6,10,35,2,06松山區,松山區光復北路26巷10號,0,0,1,1,C03,8,1,5,30,14,9,1,5,4,3,7,4,4,10,5,5,2,12,1,52,2,8,1,1,7,7,1,10,1,14,,7,7,1,22,9,121.5575366,25.04901994
111,10,6,10,35,2,06松山區,松山區光復北路26巷10號,0,0,1,2,B03,8,1,5,30,14,9,1,5,4,3,7,4,4,10,5,5,2,12,1,28,3,10,1,1,7,9,1,8,1,5,,23,7,1,22,9,121.5575366,25.04901994
111,10,6,10,35,2,06松山區,松山區光復北路26巷10號,0,0,1,3,B11,8,1,5,30,14,9,1,5,4,3,7,4,4,10,5,5,2,12,1,41,4,11,3,4,7,14,7,19,11,15,,38,7,1,22,9,121.5575366,25.04901994
111,10,6,10,47,2,05中正區,中正區中華路2段與廣州街口,0,0,1,1,B03,8,1,5,50,4,1,1,5,4,5,7,1,1,1,4,5,2,17,1,65,3,10,2,1,7,6,1,8,1,8,,23,23,1,22,9,121.5066432,25.03598807
111,10,6,10,47,2,05中正區,中正區中華路2段與廣州街口,0,0,1,2,C03,8,1,5,50,4,1,1,5,4,5,7,1,1,1,4,5,2,17,2,42,2,9,1,1,7,9,1,10,1,12,,44,23,1,22,9,121.5066432,25.03598807
111,10,6,10,55,2,08士林區,士林區通河東街2段186號燈桿,0,0,1,1,C03,8,1,5,30,14,9,1,5,4,5,7,4,4,10,5,5,1,16,1,52,2,7,1,1,7,4,1,10,1,11,,1,42,1,22,9,121.5137529,25.09364928
111,10,6,10,55,2,08士林區,士林區通河東街2段186號燈桿,0,0,1,2,C03,8,1,5,30,14,9,1,5,4,5,7,4,4,10,5,5,1,16,1,57,3,10,1,1,7,5,1,10,1,14,,8,42,1,22,9,121.5137529,25.09364928
111,10,6,11,0,2,12內湖區,內湖區行愛路與行忠路口,0,0,1,1,B03,7,1,5,50,4,1,1,5,4,5,7,2,1,1,4,4,2,12,2,36,3,10,1,1,7,6,1,8,1,5,,9,9,1,22,9,121.5788322,25.0659523
111,10,6,11,0,2,12內湖區,內湖區行愛路與行忠路口,0,0,1,2,C03,7,1,5,50,4,1,1,5,4,5,7,2,1,1,4,4,2,12,2,23,2,9,1,1,7,9,1,10,1,14,,44,9,1,22,9,121.5788322,25.0659523
111,10,6,11,8,2,06松山區,松山區撫遠街247號,0,0,1,1,C03,7,1,5,50,14,9,1,5,4,5,7,4,4,1,3,5,2,17,1,22,2,9,3,4,7,15,1,10,1,14,,42,42,1,22,9,121.5676527,25.06002988
111,10,6,11,8,2,06松山區,松山區撫遠街247號,0,0,1,2,B03,7,1,5,50,14,9,1,5,4,5,7,4,4,1,3,5,2,17,1,63,3,10,3,4,7,13,1,8,9,7,,42,42,1,22,9,121.5676527,25.06002988
111,10,6,11,30,2,03中山區,中山區北安路與大直街口,0,0,1,1,B03,8,1,5,50,4,1,1,5,4,5,7,2,1,1,4,5,2,12,1,48,3,10,3,4,7,6,1,8,1,2,,9,9,1,22,9,121.5471306,25.07994993
111,10,6,11,30,2,03中山區,中山區北安路與大直街口,0,0,1,2,C03,8,1,5,50,4,1,1,5,4,5,7,2,1,1,4,5,2,12,1,21,2,9,3,4,7,9,1,10,1,14,,44,9,1,22,9,121.5471306,25.07994993
111,10,6,11,30,2,09北投區,北投區石牌路1段39巷100號,0,0,1,1,C03,7,1,5,30,14,9,1,5,4,5,7,4,4,10,5,5,2,6,1,33,3,10,1,1,7,9,1,10,1,11,,23,23,1,22,9,121.5095802,25.11691752
111,10,6,11,30,2,09北投區,北投區石牌路1段39巷100號,0,0,1,2,H01,7,1,5,30,14,9,1,5,4,5,7,4,4,10,5,5,2,6,2,8,2,9,4,5,8,18,8,20,10,16,,67,23,1,22,9,121.5095802,25.11691752
111,10,6,11,44,2,06松山區,松山區八德路4段181巷17弄48號,0,0,1,1,B03,7,1,5,30,14,9,1,5,4,5,7,4,4,10,5,5,2,17,1,26,3,10,3,4,7,2,1,8,1,3,,43,43,1,22,9,121.5644298,25.04944354
111,10,6,11,44,2,06松山區,松山區八德路4段181巷17弄48號,0,0,1,2,C03,7,1,5,30,14,9,1,5,4,5,7,4,4,10,5,5,2,17,1,27,2,9,3,4,7,14,1,10,1,11,,43,43,1,22,9,121.5644298,25.04944354
111,10,6,11,54,2,11南港區,南港區大坑街與研究院路2段口,0,0,1,1,B01,6,1,5,50,4,1,1,4,4,5,7,1,1,1,4,5,2,3,1,59,3,10,1,1,7,5,1,4,2,4,,15,15,1,22,9,121.6158554,25.04877404
111,10,6,11,54,2,11南港區,南港區大坑街與研究院路2段口,0,0,1,2,H01,6,1,5,50,4,1,1,4,4,5,7,1,1,1,4,5,2,3,2,87,2,9,4,5,8,16,8,20,10,16,,67,15,1,22,9,121.6158554,25.04877404
111,10,6,11,56,2,08士林區,士林區格致路與愛富一街口,0,0,2,1,C03,8,1,5,40,3,2,1,5,4,5,7,4,4,10,2,5,1,16,1,19,2,9,1,1,7,5,1,10,1,14,,8,8,1,22,9,121.5465303,25.1382145
111,10,6,11,56,2,08士林區,士林區格致路與愛富一街口,0,0,2,2,C03,8,1,5,40,3,2,1,5,4,5,7,4,4,10,2,5,1,16,1,24,2,9,1,1,7,9,1,10,1,12,,23,8,1,22,9,121.5465303,25.1382145
111,10,6,12,8,2,01大同區,大同區民權西路與民權西路118巷口,0,0,1,1,C03,7,1,5,50,14,9,1,5,4,5,7,4,4,1,4,5,2,12,1,52,2,9,1,1,7,7,1,10,1,14,,7,7,1,22,9,121.5168769,25.06300138
111,10,6,12,8,2,01大同區,大同區民權西路與民權西路118巷口,0,0,1,2,B03,7,1,5,50,14,9,1,5,4,5,7,4,4,1,4,5,2,12,2,43,3,10,1,1,7,9,1,8,1,2,,23,7,1,22,9,121.5168769,25.06300138
111,10,6,12,10,2,03中山區,中山區民生東路3段與合江街口,0,0,1,1,B12,7,1,5,50,4,1,1,5,4,5,7,1,1,5,5,5,2,16,1,47,3,10,1,1,7,5,1,8,2,8,,8,8,1,22,9,121.5392183,25.0579231
111,10,6,12,10,2,03中山區,中山區民生東路3段與合江街口,0,0,1,2,C03,7,1,5,50,4,1,1,5,4,5,7,1,1,5,5,5,2,16,1,29,2,9,1,1,7,9,1,9,2,14,,44,8,1,22,9,121.5392183,25.0579231
111,10,6,12,17,2,12內湖區,內湖區內湖路1段203巷5號前,0,0,1,1,C03,6,1,5,30,14,9,1,4,4,5,7,4,4,9,5,5,2,3,2,38,2,9,1,1,7,12,1,10,1,14,,13,42,1,22,9,121.5635012,25.08367641
111,10,6,12,17,2,12內湖區,內湖區內湖路1段203巷5號前,0,0,1,2,H01,6,1,5,30,14,9,1,4,4,5,7,4,4,9,5,5,2,3,1,53,3,10,4,1,8,16,8,20,1,16,,51,42,1,22,9,121.5635012,25.08367641
111,10,6,12,20,2,09北投區,北投區北投路1段與中央南路1段口,0,0,1,1,C03,7,1,5,50,3,1,1,5,4,5,7,4,4,10,4,5,1,12,1,67,3,10,1,1,7,6,1,10,1,12,,9,9,1,22,9,121.5016588,25.1215099
111,10,6,12,20,2,09北投區,北投區北投路1段與中央南路1段口,0,0,1,2,C03,7,1,5,50,3,1,1,5,4,5,7,4,4,10,4,5,1,12,1,21,2,9,1,1,7,9,1,10,1,14,,13,9,1,22,9,121.5016588,25.1215099
111,10,6,12,28,2,04大安區,大安區和平東路1段與溫州街口,0,0,2,1,C04,6,1,5,50,3,1,1,4,4,5,7,2,1,9,4,5,1,15,1,28,2,9,1,4,7,9,1,10,1,11,,25,25,1,22,9,121.5336347,25.0261031
111,10,6,12,28,2,04大安區,大安區和平東路1段與溫州街口,0,0,2,2,C03,6,1,5,50,3,1,1,4,4,5,7,2,1,9,4,5,1,15,1,46,2,9,1,4,7,9,1,10,1,14,,23,25,1,22,9,121.5336347,25.0261031
111,10,6,12,30,2,07信義區,信義區莊敬路與吳興街225巷口,0,0,2,1,C03,6,1,5,50,4,2,1,4,4,5,7,1,1,9,4,4,2,12,1,34,2,9,1,1,7,5,1,10,1,14,,8,8,1,22,9,121.5635472,25.0280263
111,10,6,12,30,2,07信義區,信義區莊敬路與吳興街225巷口,0,0,2,2,C03,6,1,5,50,4,2,1,4,4,5,7,1,1,9,4,4,2,12,1,34,2,9,1,1,7,5,1,10,1,14,,8,8,1,22,9,121.5635472,25.0280263
111,10,6,12,51,2,07信義區,信義區忠孝東路5段與基隆路1段口,0,0,1,1,C04,6,1,5,50,4,2,1,4,4,5,7,1,1,10,4,5,2,12,2,32,2,8,3,4,7,9,1,10,1,11,,16,16,1,22,9,121.5648228,25.0412285
111,10,6,12,51,2,07信義區,信義區忠孝東路5段與基隆路1段口,0,0,1,2,B12,6,1,5,50,4,2,1,4,4,5,7,1,1,10,4,5,2,12,1,34,3,10,3,4,7,14,1,3,1,7,,44,16,1,22,9,121.5648228,25.0412285
111,10,6,13,20,2,07信義區,信義區基隆路2段79巷與基隆路2段79巷4弄口,0,0,1,1,F01,6,1,5,30,4,1,1,4,4,5,7,4,4,10,5,5,2,15,2,65,2,9,1,1,7,9,8,20,1,16,,4,4,1,22,9,121.558429,25.0300637
111,10,6,13,20,2,07信義區,信義區基隆路2段79巷與基隆路2段79巷4弄口,0,0,1,2,B03,6,1,5,30,4,1,1,4,4,5,7,4,4,10,5,5,2,15,1,66,3,10,1,1,7,9,1,8,1,1,,14,4,1,22,9,121.558429,25.0300637
111,10,6,13,32,2,06松山區,松山區光復南路與光復南路32巷口,0,0,2,1,C03,6,1,5,50,4,2,1,4,4,3,7,2,1,1,4,5,2,16,1,22,2,8,1,1,7,8,1,10,1,12,,7,7,1,22,9,121.5577262,25.0466776
111,10,6,13,32,2,06松山區,松山區光復南路與光復南路32巷口,0,0,2,2,C04,6,1,5,50,4,2,1,4,4,3,7,2,1,1,4,5,2,16,2,21,2,9,1,1,7,9,1,10,1,11,,44,7,1,22,9,121.5577262,25.0466776
111,10,6,13,32,2,06松山區,松山區光復南路與光復南路32巷口,0,0,2,3,A11,6,1,5,50,4,2,1,4,4,3,7,2,1,1,4,5,2,16,1,28,3,10,1,1,7,14,1,2,1,15,,38,7,1,22,9,121.5577262,25.0466776
111,10,6,14,2,2,04大安區,大安區基隆路3段155巷研揚停車場,0,0,1,1,B03,7,1,5,50,14,9,1,5,4,3,7,4,4,9,4,5,1,16,1,32,3,10,1,4,7,5,1,8,1,8,,8,8,1,22,9,121.5431525,25.0149554
111,10,6,14,2,2,04大安區,大安區基隆路3段155巷研揚停車場,0,0,1,2,C04,7,1,5,50,14,9,1,5,4,3,7,4,4,9,4,5,1,16,2,22,2,9,1,4,7,9,1,10,1,11,,44,8,1,22,9,121.5431525,25.0149554
111,10,6,14,11,2,04大安區,大安區復興南路1段135巷與復興南路1段口,0,0,1,1,B03,8,1,5,50,14,9,4,5,4,5,7,4,4,1,4,5,2,12,1,58,3,10,1,4,7,8,1,8,1,5,,7,7,1,22,9,121.5439263,25.0426322
111,10,6,14,11,2,04大安區,大安區復興南路1段135巷與復興南路1段口,0,0,1,2,C03,8,1,5,50,14,9,4,5,4,5,7,4,4,1,4,5,2,12,1,28,3,10,1,4,7,9,1,10,1,14,,16,7,1,22,9,121.5439263,25.0426322
111,10,6,14,11,2,04大安區,大安區復興南路1段135巷與復興南路1段口,0,0,1,3,H02,8,1,5,50,14,9,4,5,4,5,7,4,4,1,4,5,2,12,1,32,2,8,4,4,7,21,8,20,10,16,,67,7,1,22,9,121.5439263,25.0426322
111,10,6,14,16,2,12內湖區,內湖區新湖二路(IKEA出口),0,0,1,1,C03,7,1,5,50,14,9,1,5,4,5,7,4,4,5,4,5,2,17,2,63,3,10,1,1,7,5,4,8,2,13,,8,8,1,22,9,121.5772787,25.06145907
111,10,6,14,16,2,12內湖區,內湖區新湖二路(IKEA出口),0,0,1,2,C03,7,1,5,50,14,9,1,5,4,5,7,4,4,5,4,5,2,17,1,46,2,9,1,1,7,9,1,10,2,14,,44,8,1,22,9,121.5772787,25.06145907
111,10,6,15,5,2,09北投區,北投區大度路3段與立德路口,0,0,3,1,C03,8,1,5,50,14,9,1,5,4,5,7,1,1,1,4,5,1,13,1,45,2,8,3,4,7,9,1,10,1,14,,23,23,1,22,9,121.4723683,25.12263989
111,10,6,15,5,2,09北投區,北投區大度路3段與立德路口,0,0,3,2,C03,8,1,5,50,14,9,1,5,4,5,7,1,1,1,4,5,1,13,1,40,2,8,3,4,7,14,1,10,1,13,,43,23,1,22,9,121.4723683,25.12263989
111,10,6,15,5,2,09北投區,北投區大度路3段與立德路口,0,0,3,3,H02,8,1,5,50,14,9,1,5,4,5,7,1,1,1,4,5,1,13,2,41,2,9,3,4,7,21,8,20,10,16,,67,23,1,22,9,121.4723683,25.12263989
111,10,6,15,17,2,05中正區,中正區重慶南路3段174巷與重慶南路3段口,0,0,2,1,C03,8,1,5,30,14,9,1,5,4,5,7,4,4,10,5,5,2,13,2,35,2,8,1,1,7,9,1,10,2,11,,16,16,1,22,9,121.5166459,25.0230989
111,10,6,15,17,2,05中正區,中正區重慶南路3段174巷與重慶南路3段口,0,0,2,2,C03,8,1,5,30,14,9,1,5,4,5,7,4,4,10,5,5,2,13,2,47,2,8,1,1,7,9,1,10,2,13,,44,16,1,22,9,121.5166459,25.0230989
111,10,6,15,27,2,01大同區,大同區重慶北路3段136巷與重慶北路3段口口,0,0,1,1,C03,8,3,8,30,15,22,1,5,4,5,7,4,4,10,5,5,2,13,2,31,2,9,1,1,7,1,1,10,1,11,,16,16,1,22,9,121.5135147,25.06769737
111,10,6,15,27,2,01大同區,大同區重慶北路3段136巷與重慶北路3段口口,0,0,1,2,C03,8,3,8,30,15,22,1,5,4,5,7,4,4,10,5,5,2,13,1,39,3,10,1,1,7,3,1,10,1,13,,42,16,1,22,9,121.5135147,25.06769737
111,10,6,15,41,2,04大安區,大安區羅斯福路2段15巷與羅斯福路2段口,0,0,1,1,B03,7,1,5,50,5,4,1,5,4,5,7,2,1,3,4,5,2,13,1,30,3,10,1,1,7,9,1,8,1,1,,16,16,1,22,9,121.521795,25.0280471
111,10,6,15,41,2,04大安區,大安區羅斯福路2段15巷與羅斯福路2段口,0,0,1,2,C03,7,1,5,50,5,4,1,5,4,5,7,2,1,3,4,5,2,13,2,19,2,8,1,1,7,9,1,10,1,13,,44,16,1,22,9,121.521795,25.0280471
111,10,6,17,0,2,03中山區,中山區中山北路1段114-1號,0,0,2,1,B03,7,1,5,50,14,9,1,5,4,5,7,4,4,4,3,5,2,12,2,20,3,10,3,4,7,7,1,8,1,8,,7,7,1,22,9,121.5217644,25.05055438
111,10,6,17,0,2,03中山區,中山區中山北路1段114-1號,0,0,2,2,C03,7,1,5,50,14,9,1,5,4,5,7,4,4,4,3,5,2,12,1,29,2,9,3,4,7,9,1,10,1,12,,44,7,1,22,9,121.5217644,25.05055438
111,10,6,17,0,2,03中山區,中山區中山北路1段114-1號,0,0,2,3,C03,7,1,5,50,14,9,1,5,4,5,7,4,4,4,3,5,2,12,1,24,2,9,3,4,7,9,1,10,1,12,,44,7,1,22,9,121.5217644,25.05055438
111,10,6,17,35,2,04大安區,大安區新生南路3段19巷與新生南路3段口,0,0,1,1,B02,8,2,5,50,3,2,1,5,4,5,7,4,4,1,4,5,2,17,1,65,3,10,1,1,7,6,1,4,1,7,,9,9,1,21,8,121.5348281,25.02498119
111,10,6,17,35,2,04大安區,大安區新生南路3段19巷與新生南路3段口,0,0,1,2,C03,8,2,5,50,3,2,1,5,4,5,7,4,4,1,4,5,2,17,1,20,2,9,1,1,7,9,1,9,1,11,,42,9,1,21,8,121.5348281,25.02498119
111,10,6,17,45,2,12內湖區,內湖區基湖路與內湖路1段口,0,0,1,1,C03,6,3,5,50,4,1,1,4,4,5,7,2,1,5,4,5,2,17,2,55,3,10,1,1,7,5,1,10,2,15,,6,6,1,22,9,121.5654938,25.0823195
111,10,6,17,45,2,12內湖區,內湖區基湖路與內湖路1段口,0,0,1,2,C03,6,3,5,50,4,1,1,4,4,5,7,2,1,5,4,5,2,17,2,32,2,9,1,1,7,9,1,10,2,14,,44,6,1,22,9,121.5654938,25.0823195
111,10,6,17,50,2,03中山區,中山區吉林路與長春路口,0,0,2,1,C03,7,3,5,50,4,1,1,5,4,5,7,2,1,4,5,4,2,11,2,43,2,9,3,4,7,5,1,10,1,11,,8,8,1,22,9,121.5300982,25.0548469
111,10,6,17,50,2,03中山區,中山區吉林路與長春路口,0,0,2,2,C03,7,3,5,50,4,1,1,5,4,5,7,2,1,4,5,4,2,11,1,42,2,9,3,4,7,9,1,10,1,11,,23,8,1,22,9,121.5300982,25.0548469
111,10,6,18,0,2,03中山區,中山區林森北路與南京東路1段口,0,0,1,1,C03,8,2,5,50,4,1,1,5,4,5,7,2,1,10,5,5,2,17,1,67,2,5,1,1,7,9,6,18,2,12,,25,25,1,22,9,121.5254712,25.0521755
111,10,6,18,0,2,03中山區,中山區林森北路與南京東路1段口,0,0,1,2,B03,8,2,5,50,4,1,1,5,4,5,7,2,1,10,5,5,2,17,2,55,3,10,3,4,7,9,1,8,2,8,,26,25,1,22,9,121.5254712,25.0521755
111,10,6,18,5,2,10文山區,文山區政大三街96號旁,0,0,2,1,B03,8,3,5,50,14,9,1,5,4,5,7,4,4,9,4,5,2,16,2,47,3,10,1,1,7,5,1,8,1,8,,8,8,1,22,9,121.5830179,24.98599453
111,10,6,18,5,2,10文山區,文山區政大三街96號旁,0,0,2,2,C04,8,3,5,50,14,9,1,5,4,5,7,4,4,9,4,5,2,16,2,45,2,9,1,1,7,9,1,11,1,12,,44,8,1,22,9,121.5830179,24.98599453
111,10,6,18,5,2,10文山區,文山區政大三街96號旁,0,0,2,3,H02,8,3,5,50,14,9,1,5,4,5,7,4,4,9,4,5,2,16,1,8,2,9,4,5,7,20,8,20,10,16,,67,8,1,22,9,121.5830179,24.98599453
111,10,6,18,7,2,10文山區,文山區興隆路2段93-1號與興隆路2段口,0,0,1,1,B03,8,3,5,50,5,2,1,5,4,5,7,2,1,1,4,5,2,16,2,45,3,10,1,1,7,11,1,8,2,1,,10,10,1,22,9,121.5471442,24.99930076
111,10,6,18,7,2,10文山區,文山區興隆路2段93-1號與興隆路2段口,0,0,1,2,C03,8,3,5,50,5,2,1,5,4,5,7,2,1,1,4,5,2,16,1,49,2,9,1,1,7,9,1,10,2,14,,44,10,1,22,9,121.5471442,24.99930076
111,10,6,18,14,2,04大安區,大安區復興南路2段78巷與復興南路2段78巷30弄口,0,0,1,1,C04,7,3,5,50,3,1,1,5,4,5,7,4,4,9,5,5,2,9,2,66,3,10,1,1,7,9,1,10,1,11,,15,15,1,22,9,121.5423131,25.0310963
111,10,6,18,14,2,04大安區,大安區復興南路2段78巷與復興南路2段78巷30弄口,0,0,1,2,H01,7,3,5,50,3,1,1,5,4,5,7,4,4,9,5,5,2,9,2,64,2,1,4,5,8,16,8,20,10,16,,67,15,1,22,9,121.5423131,25.0310963
111,10,6,18,15,2,08士林區,士林區中正路與基河路口,0,0,1,1,B03,8,3,5,50,14,9,1,5,4,5,7,4,4,3,4,4,2,17,1,68,4,11,3,4,7,15,7,19,11,15,,44,44,2,22,9,121.5198007,25.0931526
111,10,6,18,15,2,08士林區,士林區中正路與基河路口,0,0,1,2,B03,8,3,5,50,14,9,1,5,4,5,7,4,4,3,4,4,2,17,1,38,2,7,1,1,7,8,1,8,1,5,,7,44,1,22,9,121.5198007,25.0931526
111,10,6,18,22,2,04大安區,大安區辛亥路1段136號,0,0,1,1,C03,7,1,5,50,14,9,1,5,4,5,7,4,4,1,4,5,2,17,1,33,2,9,3,4,7,9,1,10,1,15,,23,23,2,22,9,121.533699,25.02225798
111,10,6,18,22,2,04大安區,大安區辛亥路1段136號,0,0,1,2,B03,7,1,5,50,14,9,1,5,4,5,7,4,4,1,4,5,2,17,1,54,3,10,3,4,7,5,1,8,1,15,,26,23,1,22,9,121.533699,25.02225798
111,10,6,18,30,2,10文山區,文山區興隆路2段153巷與興隆路2段153巷5弄口,0,0,1,1,C03,7,3,5,30,4,1,1,5,4,5,7,4,4,10,5,5,2,15,1,37,2,9,1,4,7,9,4,8,2,11,,6,6,1,22,9,121.547986,25.0010912
111,10,6,18,30,2,10文山區,文山區興隆路2段153巷與興隆路2段153巷5弄口,0,0,1,2,B03,7,3,5,30,4,1,1,5,4,5,7,4,4,10,5,5,2,15,1,35,3,10,1,4,7,9,1,8,2,8,,23,6,1,22,9,121.547986,25.0010912
111,10,6,18,45,2,12內湖區,內湖區舊宗路2段與堤頂交流道口,0,0,1,1,B03,7,3,5,40,4,1,1,5,4,5,7,2,1,1,4,5,2,16,1,55,3,10,1,1,7,6,1,8,1,8,,6,6,1,22,9,121.5748298,25.0708068
111,10,6,18,45,2,12內湖區,內湖區舊宗路2段與堤頂交流道口,0,0,1,2,C04,7,3,5,40,4,1,1,5,4,5,7,2,1,1,4,5,2,16,2,27,2,9,1,1,7,9,1,8,1,12,,44,6,1,22,9,121.5748298,25.0708068
111,10,6,18,46,2,04大安區,大安區仁愛路3段與信義路3段147巷口,0,0,1,1,B01,7,3,5,50,3,1,1,5,4,5,7,4,4,1,3,1,2,1,1,65,3,10,1,1,7,5,1,4,1,8,,15,15,1,22,9,121.5420024,25.0378092
111,10,6,18,46,2,04大安區,大安區仁愛路3段與信義路3段147巷口,0,0,1,2,H01,7,3,5,50,3,1,1,5,4,5,7,4,4,1,3,1,2,1,2,47,2,9,4,5,8,16,8,20,10,16,,67,15,2,22,9,121.5420024,25.0378092
111,10,6,18,50,2,07信義區,信義區信義路6段15巷與信義路6段15巷12弄口,0,0,1,1,B03,8,3,5,30,4,1,1,5,4,5,7,4,4,10,5,5,2,15,2,55,3,10,1,1,7,9,1,8,1,8,,6,6,1,22,9,121.5751524,25.0349209
111,10,6,18,50,2,07信義區,信義區信義路6段15巷與信義路6段15巷12弄口,0,0,1,2,C03,8,3,5,30,4,1,1,5,4,5,7,4,4,10,5,5,2,15,2,51,2,8,1,1,7,9,1,10,1,12,,44,6,1,22,9,121.5751524,25.0349209