發生年度,發生月,發生日,發生時-Hours,發生分,處理別-編號,區序,肇事地點,死亡人數,2-30日死亡人數,受傷人數,當事人序號,車種,天候,光線,道路類別,速限-速度限制,道路型態,事故位置,路面狀況1,路面狀況2,路面狀況3,道路障礙1,道路障礙2,號誌1,號誌2,車道劃分-分向,車道劃分-分道1,車道劃分-分道2,車道劃分-分道3,事故類型及型態,性別,年齡,受傷程度,主要傷處,安全帽,行動電話,車輛用途,當事者行動狀態,駕駛資格情形,駕駛執照種類,飲酒情形,車輛撞擊部位1,車輛撞擊部位2,肇因碼-個別,肇因碼-主要,個人肇逃否,職業,旅次目的,座標-X,座標-Y
111,10,6,19,12,2,11南港區,南港區南港路3段與南港路3段106巷口,0,0,1,1,B03,7,3,5,50,3,1,1,4,4,5,7,1,1,5,4,5,2,16,1,46,3,10,1,1,7,5,1,7,1,7,,6,6,1,22,9,121.5897826,25.0533682
111,10,6,19,12,2,11南港區,南港區南港路3段與南港路3段106巷口,0,0,1,2,C03,7,3,5,50,3,1,1,4,4,5,7,1,1,5,4,5,2,16,2,32,2,8,1,1,7,4,1,10,1,12,,23,6,1,22,9,121.5897826,25.0533682
111,10,6,19,15,2,01大同區,中正區中山南路與忠孝西路1段口,0,0,2,1,C03,7,3,5,40,4,2,1,5,4,5,7,1,1,1,4,1,2,16,1,29,3,10,1,1,7,9,1,10,2,15,,23,23,1,22,9,121.5194024,25.04549842
111,10,6,19,15,2,01大同區,中正區中山南路與忠孝西路1段口,0,0,2,2,C03,7,3,5,40,4,2,1,5,4,5,7,1,1,1,4,1,2,16,2,70,2,9,1,1,7,9,1,10,2,14,,44,23,1,22,9,121.5194024,25.04549842
111,10,6,19,15,2,01大同區,中正區中山南路與忠孝西路1段口,0,0,2,3,C03,7,3,5,40,4,2,1,5,4,5,7,1,1,1,4,1,2,16,1,53,2,9,1,1,7,9,1,10,2,11,,44,23,1,22,9,121.5194024,25.04549842
111,10,6,19,16,2,12內湖區,內湖區堤頂大道2段295號,0,0,1,1,C03,6,3,5,50,14,9,1,4,4,5,7,4,4,1,5,5,2,13,1,18,2,8,1,1,7,4,1,10,1,11,,23,23,1,22,9,121.5651838,25.07856029
111,10,6,19,16,2,12內湖區,內湖區堤頂大道2段295號,0,0,1,2,B02,6,3,5,50,14,9,1,4,4,5,7,4,4,1,5,5,2,13,1,39,3,10,1,1,7,14,1,8,1,7,,44,23,1,22,9,121.5651838,25.07856029
111,10,6,19,20,2,10文山區,文山區木新路3段與木新路3段74巷口,0,0,1,1,C03,8,3,5,40,3,2,1,5,4,5,7,4,4,5,2,5,2,17,1,19,2,9,1,4,7,5,1,10,2,12,,6,6,1,22,9,121.5635745,24.98239115
111,10,6,19,20,2,10文山區,文山區木新路3段與木新路3段74巷口,0,0,1,2,B03,8,3,5,40,3,2,1,5,4,5,7,4,4,5,2,5,2,17,1,57,3,10,3,4,7,9,1,8,2,8,,42,6,1,22,9,121.5635745,24.98239115
111,10,6,19,26,2,07信義區,信義區市民大道5段與東興路口口,0,0,2,3,H02,8,3,5,50,4,2,1,5,4,5,7,2,1,1,4,5,2,17,2,22,2,8,3,4,7,21,8,20,10,16,,67,25,1,22,9,121.5659185,25.048215
111,10,6,19,26,2,07信義區,信義區市民大道5段與東興路口口,0,0,2,1,C03,8,3,5,50,4,2,1,5,4,5,7,2,1,1,4,5,2,17,1,26,3,10,3,4,7,9,1,10,1,11,,25,25,1,22,9,121.5659185,25.048215
111,10,6,19,26,2,07信義區,信義區市民大道5段與東興路口口,0,0,2,2,C03,8,3,5,50,4,2,1,5,4,5,7,2,1,1,4,5,2,17,1,21,2,9,3,4,7,9,1,10,1,13,,44,25,1,22,9,121.5659185,25.048215
111,10,6,19,49,2,04大安區,大安區仁愛路4段與大安路1段口,0,0,2,1,C03,7,3,5,50,5,1,1,5,4,5,7,4,4,5,5,5,2,16,1,30,2,9,1,1,7,5,1,10,1,14,,8,8,1,22,9,121.5460606,25.037715
111,10,6,19,49,2,04大安區,大安區仁愛路4段與大安路1段口,0,0,2,2,C03,7,3,5,50,5,1,1,5,4,5,7,4,4,5,5,5,2,16,2,29,2,9,1,1,7,9,1,10,1,11,,44,8,1,22,9,121.5460606,25.037715
111,10,6,19,57,2,03中山區,中山區龍江路251號,0,0,2,1,C04,7,3,5,50,4,1,1,5,4,5,7,4,4,4,5,5,1,16,2,56,2,9,1,4,7,7,1,10,1,14,,7,7,1,22,9,121.5407301,25.0587684
111,10,6,19,57,2,03中山區,中山區龍江路251號,0,0,2,2,C03,7,3,5,50,4,1,1,5,4,5,7,4,4,4,5,5,1,16,1,25,2,9,1,4,7,9,1,10,1,12,,44,7,1,22,9,121.5407301,25.0587684
111,10,6,20,18,1,12內湖區,內湖區民權東路6段27號,1,0,0,1,C03,6,3,5,40,14,8,1,4,4,5,7,4,4,1,4,4,2,29,1,72,1,9,1,1,7,9,1,10,2,12,,42,42,1,22,9,121.5838941,25.06875674
111,10,6,20,18,1,12內湖區,內湖區民權東路6段27號,1,0,0,2,,6,3,5,40,14,8,1,4,4,5,7,4,4,1,4,4,2,29,3,,,,,,,,,,,,,67,42,1,,,121.5838941,25.06875674
111,10,6,20,18,1,12內湖區,內湖區民權東路6段27號,1,0,0,3,,6,3,5,40,14,8,1,4,4,5,7,4,4,1,4,4,2,29,3,,,,,,,,,,,,,67,42,1,,,121.5838941,25.06875674
111,10,6,20,29,2,09北投區,北投區自強街61巷25號,0,0,2,1,F02,8,1,5,30,14,9,1,5,4,5,7,4,4,10,5,5,2,16,2,42,2,9,1,1,7,1,8,20,1,16,,19,19,1,22,9,121.5130823,25.11108139
111,10,6,20,29,2,09北投區,北投區自強街61巷25號,0,0,2,2,C03,8,1,5,30,14,9,1,5,4,5,7,4,4,10,5,5,2,16,1,26,2,9,1,1,7,9,3,18,1,11,,13,19,1,22,9,121.5130823,25.11108139
111,10,6,20,41,2,12內湖區,內湖區新明路298巷23號,0,0,1,1,B03,6,3,5,50,4,1,1,4,4,5,7,2,1,5,4,5,2,17,1,38,3,10,1,1,7,9,1,8,1,1,,25,25,1,22,9,121.5816114,25.0567818
111,10,6,20,41,2,12內湖區,內湖區新明路298巷23號,0,0,1,2,C03,6,3,5,50,4,1,1,4,4,5,7,2,1,5,4,5,2,17,1,31,2,9,1,1,7,9,1,10,1,14,,44,25,1,22,9,121.5816114,25.0567818
111,10,6,20,45,2,10文山區,文山區木柵路1段與試院路口,0,0,2,1,C03,8,3,5,50,4,1,1,5,4,5,7,2,1,5,2,5,2,17,1,19,2,9,3,4,7,5,1,10,2,13,,8,8,1,22,9,121.5498655,24.98746621
111,10,6,20,45,2,10文山區,文山區木柵路1段與試院路口,0,0,2,2,C03,8,3,5,50,4,1,1,5,4,5,7,2,1,5,2,5,2,17,1,18,2,9,3,4,7,9,1,10,2,15,,23,8,1,22,9,121.5498655,24.98746621
111,10,6,21,7,2,06松山區,松山區市民大道6段與基隆路1段口,0,0,1,1,B03,8,3,5,40,4,1,1,5,4,5,7,1,1,1,4,5,2,12,1,31,3,10,1,1,7,6,1,8,1,6,,9,9,1,22,9,121.569418,25.04917111
111,10,6,21,7,2,06松山區,松山區市民大道6段與基隆路1段口,0,0,1,2,C03,8,3,5,40,4,1,1,5,4,5,7,1,1,1,4,5,2,12,2,18,2,8,1,1,7,9,1,10,1,14,,23,9,1,22,9,121.569418,25.04917111
111,10,6,21,14,2,08士林區,士林區中正路與士商路口,0,0,1,1,C03,8,3,5,50,4,1,1,5,4,5,7,1,1,1,5,1,1,17,1,20,2,9,1,1,7,5,1,10,1,11,,25,25,1,22,9,121.5186136,25.092538
111,10,6,21,14,2,08士林區,士林區中正路與士商路口,0,0,1,2,B03,8,3,5,50,4,1,1,5,4,5,7,1,1,1,5,1,1,17,2,22,3,10,1,1,7,9,1,8,1,8,,44,25,1,22,9,121.5186136,25.092538
111,10,6,21,21,2,04大安區,大安區敦化南路1段與敦化南路1段295巷口,0,0,1,1,F03,7,3,5,50,3,1,1,5,4,5,7,1,1,10,5,5,2,16,2,76,2,9,1,1,7,5,8,20,2,16,,6,6,1,22,9,121.549071,25.0355401
111,10,6,21,21,2,04大安區,大安區敦化南路1段與敦化南路1段295巷口,0,0,1,2,B01,7,3,5,50,3,1,1,5,4,5,7,1,1,10,5,5,2,16,1,48,3,10,1,1,7,6,1,4,2,4,,44,6,1,22,9,121.549071,25.0355401
111,10,6,22,24,2,08士林區,士林區中山北路5段6號,0,0,1,1,C04,8,3,5,40,14,9,1,5,4,5,7,4,4,3,4,5,1,13,2,18,2,9,3,4,7,9,1,10,2,11,,42,42,1,22,9,121.5255758,25.08277642
111,10,6,22,24,2,08士林區,士林區中山北路5段6號,0,0,1,2,B03,8,3,5,40,14,9,1,5,4,5,7,4,4,3,4,5,1,13,1,26,3,10,3,4,7,9,1,8,2,7,,42,42,1,22,9,121.5255758,25.08277642
111,10,6,22,49,2,04大安區,大安區羅斯福路3段與師大路口,0,0,3,1,H01,7,3,5,0,4,1,1,5,4,5,7,2,1,1,4,5,2,3,2,86,2,9,4,5,8,21,8,20,10,16,,52,67,1,22,9,121.5279353,25.0210191
111,10,6,22,49,2,04大安區,大安區羅斯福路3段與師大路口,0,0,3,2,C03,7,3,5,0,4,1,1,5,4,5,7,2,1,1,4,5,2,3,2,21,2,9,1,1,7,9,1,10,2,11,,15,67,1,22,9,121.5279353,25.0210191
111,10,6,22,49,2,04大安區,大安區羅斯福路3段與師大路口,0,0,3,3,C03,7,3,5,0,4,1,1,5,4,5,7,2,1,1,4,5,2,3,1,23,2,9,1,1,7,9,1,9,2,11,,13,67,1,22,9,121.5279353,25.0210191
111,10,6,23,14,2,01大同區,大同區長安西路與塔城街口,0,0,1,1,C03,8,3,5,50,4,1,1,5,4,5,7,1,1,5,4,5,2,17,1,20,2,9,1,1,7,9,3,18,2,14,,42,42,1,22,9,121.5104337,25.0520235
111,10,6,23,14,2,01大同區,大同區長安西路與塔城街口,0,0,1,2,B03,8,3,5,50,4,1,1,5,4,5,7,1,1,5,4,5,2,17,1,45,3,10,1,1,7,13,1,7,1,7,,44,42,1,22,9,121.5104337,25.0520235
111,10,7,0,31,2,01大同區,大同區市民大道1段209號,0,0,1,1,B01,7,3,5,40,11,9,1,5,4,5,7,4,4,10,4,5,2,16,1,65,3,10,1,1,7,5,1,4,2,5,,6,6,1,22,9,121.5188595,25.04854832
111,10,7,0,31,2,01大同區,大同區市民大道1段209號,0,0,1,2,C03,7,3,5,40,11,9,1,5,4,5,7,4,4,10,4,5,2,16,1,19,2,9,1,1,7,9,1,10,2,11,,13,6,1,22,9,121.5188595,25.04854832
111,10,7,2,54,2,05中正區,中正區汀州路3段與基隆路4段口,0,0,1,1,B01,8,3,5,50,4,2,1,5,4,5,7,1,1,1,4,5,2,17,1,31,3,10,1,1,7,5,1,4,1,6,,6,6,1,22,9,121.5362661,25.01101841
111,10,7,2,54,2,05中正區,中正區汀州路3段與基隆路4段口,0,0,1,2,C03,8,3,5,50,4,2,1,5,4,5,7,1,1,1,4,5,2,17,1,24,2,9,1,1,7,9,1,10,1,12,,13,6,1,22,9,121.5362661,25.01101841
111,10,7,3,0,2,12內湖區,內湖區南京東路6段與舊宗路1段口,0,0,1,1,B03,6,3,5,0,4,1,1,4,4,5,7,1,1,1,4,4,1,17,1,78,4,11,3,4,7,15,7,19,11,15,,25,25,2,22,9,121.5789859,25.0598147
111,10,7,3,0,2,12內湖區,內湖區南京東路6段與舊宗路1段口,0,0,1,2,C03,6,3,5,0,4,1,1,4,4,5,7,1,1,1,4,4,1,17,1,59,2,9,3,4,7,9,1,10,1,12,,44,25,1,22,9,121.5789859,25.0598147
111,10,7,4,5,2,05中正區,中正區忠孝西路1段98號,0,0,1,1,C03,7,3,5,50,14,9,1,5,4,5,7,4,4,1,4,1,2,12,2,47,2,8,1,1,7,9,1,10,2,11,,23,23,1,22,9,121.5129431,25.0472273
111,10,7,4,5,2,05中正區,中正區忠孝西路1段98號,0,0,1,2,B01,7,3,5,50,14,9,1,5,4,5,7,4,4,1,4,1,2,12,1,52,3,10,1,1,7,14,1,4,2,6,,44,23,1,22,9,121.5129431,25.0472273
111,10,7,5,58,2,03中山區,中山區復興北路與南京東路3段口,0,0,1,1,B03,8,2,5,50,4,1,1,5,4,5,7,2,1,1,4,5,2,16,1,20,3,10,3,4,7,6,3,18,1,2,,9,9,1,22,9,121.5439264,25.0519789
111,10,7,5,58,2,03中山區,中山區復興北路與南京東路3段口,0,0,1,2,C03,8,2,5,50,4,1,1,5,4,5,7,2,1,1,4,5,2,16,2,34,2,9,1,1,7,9,1,10,1,14,,44,9,1,22,9,121.5439264,25.0519789
111,10,7,6,9,2,01大同區,大同區延平北路2段96號,0,0,1,1,B03,8,2,5,50,14,9,1,5,4,5,7,4,4,5,4,5,2,16,1,25,3,10,1,1,7,1,1,8,2,4,,19,19,1,22,9,121.5115866,25.0564756
111,10,7,6,9,2,01大同區,大同區延平北路2段96號,0,0,1,2,C03,8,2,5,50,14,9,1,5,4,5,7,4,4,5,4,5,2,16,2,57,2,9,1,1,7,9,1,10,2,11,,23,19,1,22,9,121.5115866,25.0564756
111,10,7,6,50,2,09北投區,北投區大度路3段15號對面,0,0,1,1,B03,6,1,5,50,14,9,1,4,4,5,7,4,4,5,4,5,1,17,1,50,3,10,1,1,7,1,1,8,1,8,,19,19,1,22,9,121.4716302,25.12439599
111,10,7,6,50,2,09北投區,北投區大度路3段15號對面,0,0,1,2,C03,6,1,5,50,14,9,1,4,4,5,7,4,4,5,4,5,1,17,1,52,2,9,1,1,7,9,1,10,1,12,,44,19,1,22,9,121.4716302,25.12439599
111,10,7,6,55,2,09北投區,北投區稻香路與石仙路口42號,0,0,1,1,C03,7,1,5,40,14,9,1,4,4,5,7,4,4,5,4,5,1,11,1,39,3,10,1,1,7,9,1,10,1,14,,4,4,1,22,9,121.489359,25.1418697
111,10,7,6,55,2,09北投區,北投區稻香路與石仙路口42號,0,0,1,2,C03,7,1,5,40,14,9,1,4,4,5,7,4,4,5,4,5,1,11,1,68,2,9,1,1,7,9,1,10,1,14,,44,4,1,22,9,121.489359,25.1418697
111,10,7,6,55,2,09北投區,北投區稻香路與石仙路口42號,0,0,1,3,B03,7,1,5,40,14,9,1,4,4,5,7,4,4,5,4,5,1,11,1,61,4,11,3,4,7,15,7,19,11,15,,44,4,2,22,9,121.489359,25.1418697
111,10,7,7,30,2,08士林區,士林區重陽橋270659號電燈桿,0,0,2,1,C03,7,1,5,40,8,11,1,5,4,5,7,4,4,4,4,5,1,13,2,31,2,8,1,1,7,9,1,10,1,11,,43,43,1,22,9,121.503391,25.08516094
111,10,7,7,30,2,08士林區,士林區重陽橋270659號電燈桿,0,0,2,2,C03,7,1,5,40,8,11,1,5,4,5,7,4,4,4,4,5,1,13,1,22,2,9,1,1,7,9,1,10,1,13,,43,43,1,22,9,121.503391,25.08516094
111,10,7,7,32,2,07信義區,信義區光復南路與光復南路290巷口,0,0,2,1,C03,7,1,5,50,4,1,1,5,4,5,7,2,1,3,4,5,2,11,1,70,2,8,1,1,7,5,1,10,2,12,,17,17,1,22,9,121.5576705,25.0395662
111,10,7,7,32,2,07信義區,信義區光復南路與光復南路290巷口,0,0,2,2,B03,7,1,5,50,4,1,1,5,4,5,7,2,1,3,4,5,2,11,1,51,3,10,1,1,7,1,1,8,2,8,,19,17,1,22,9,121.5576705,25.0395662
111,10,7,7,32,2,07信義區,信義區光復南路與光復南路290巷口,0,0,2,3,H02,7,1,5,50,4,1,1,5,4,5,7,2,1,3,4,5,2,11,2,9,2,8,1,1,7,21,8,20,10,16,,67,17,1,22,9,121.5576705,25.0395662
111,10,7,7,41,2,01大同區,大同區延平北路2段與民權西路口,0,0,1,1,C03,7,1,5,50,14,9,1,5,4,5,7,2,1,9,4,5,1,12,1,34,3,10,3,4,7,9,1,10,2,11,,23,23,1,22,9,121.5118956,25.06303747
111,10,7,7,41,2,01大同區,大同區延平北路2段與民權西路口,0,0,1,2,C03,7,1,5,50,14,9,1,5,4,5,7,2,1,9,4,5,1,12,2,58,2,9,3,4,7,14,1,10,2,13,,44,23,1,22,9,121.5118956,25.06303747
111,10,7,7,45,2,06松山區,松山區南京東路4段與北寧路口,0,0,1,1,B12,7,1,5,40,4,1,1,5,4,5,7,2,1,9,4,4,2,3,1,38,3,10,1,1,7,6,1,8,2,7,,15,15,1,22,9,121.5527413,25.05158477
111,10,7,7,45,2,06松山區,松山區南京東路4段與北寧路口,0,0,1,2,H01,7,1,5,40,4,1,1,5,4,5,7,2,1,9,4,4,2,3,2,47,2,9,4,5,8,16,8,20,10,16,,67,15,1,22,9,121.5527413,25.05158477
111,10,7,7,45,2,12內湖區,內湖區康寧路1段288號,0,0,2,1,B03,7,1,5,40,14,9,1,5,4,5,7,4,4,9,1,5,2,16,1,35,3,10,1,1,7,1,1,8,1,4,,19,19,1,22,9,121.5972303,25.078495
111,10,7,7,45,2,12內湖區,內湖區康寧路1段288號,0,0,2,2,C03,7,1,5,40,14,9,1,5,4,5,7,4,4,9,1,5,2,16,2,28,2,9,1,1,7,9,4,8,1,11,,13,19,1,22,9,121.5972303,25.078495
111,10,7,7,45,2,12內湖區,內湖區康寧路1段288號,0,0,2,3,H02,7,1,5,40,14,9,1,5,4,5,7,4,4,9,1,5,2,16,2,6,2,9,1,1,7,21,8,20,10,16,,67,19,1,22,9,121.5972303,25.078495
111,10,7,7,57,2,04大安區,大安區基隆路4段75號公車停靠區,0,0,1,1,A02,8,1,5,40,14,9,1,5,4,5,7,4,4,1,4,5,2,9,1,55,3,10,1,1,7,1,1,2,9,2,,36,36,1,22,9,121.5385562,25.01213172
111,10,7,7,57,2,04大安區,大安區基隆路4段75號公車停靠區,0,0,1,2,H02,8,1,5,40,14,9,1,5,4,5,7,4,4,1,4,5,2,9,1,10,2,8,4,5,7,19,8,20,9,16,,67,36,1,22,9,121.5385562,25.01213172
111,10,7,8,29,2,01大同區,大同區承德路2段94號,0,0,1,1,B01,7,1,5,0,14,9,1,5,4,5,7,4,4,9,4,5,1,16,1,68,3,10,3,4,7,7,1,4,1,4,,7,7,1,22,9,121.5180941,25.05810286
111,10,7,8,29,2,01大同區,大同區承德路2段94號,0,0,1,2,C03,7,1,5,0,14,9,1,5,4,5,7,4,4,9,4,5,1,16,2,40,3,10,3,4,7,9,1,10,1,14,,44,7,1,22,9,121.5180941,25.05810286
111,10,7,8,29,2,01大同區,大同區承德路2段94號,0,0,1,3,C03,7,1,5,0,14,9,1,5,4,5,7,4,4,9,4,5,1,16,1,24,2,9,3,4,7,9,1,10,1,12,,16,7,1,22,9,121.5180941,25.05810286
111,10,7,8,29,2,01大同區,大同區承德路2段94號,0,0,1,4,H02,7,1,5,0,14,9,1,5,4,5,7,4,4,9,4,5,1,16,1,46,3,10,4,5,7,20,8,20,10,16,,67,7,1,22,9,121.5180941,25.05810286
111,10,7,8,35,2,06松山區,松山區延吉街與延吉街9巷口,0,0,1,1,C03,6,1,5,30,4,1,1,4,4,5,7,4,4,5,5,5,2,16,2,44,2,9,1,1,7,5,1,10,1,12,,6,6,1,22,9,121.5534552,25.04714502
111,10,7,8,35,2,06松山區,松山區延吉街與延吉街9巷口,0,0,1,2,B03,6,1,5,30,4,1,1,4,4,5,7,4,4,5,5,5,2,16,1,63,3,10,1,1,7,9,1,8,1,4,,23,6,1,22,9,121.5534552,25.04714502
111,10,7,8,36,2,12內湖區,內湖區金湖路與康寧路1段口,0,0,1,1,B03,6,1,5,50,3,1,1,4,4,5,7,2,1,1,4,4,1,16,1,75,3,10,1,1,7,5,1,8,2,2,,8,8,1,22,9,121.5995736,25.07899332
111,10,7,8,36,2,12內湖區,內湖區金湖路與康寧路1段口,0,0,1,2,C03,6,1,5,50,3,1,1,4,4,5,7,2,1,1,4,4,1,16,2,21,2,9,1,1,7,9,1,10,2,11,,23,8,1,22,9,121.5995736,25.07899332
111,10,7,8,46,2,10文山區,文山區羅斯福路5段57號附近,0,0,2,1,C03,6,1,5,50,14,9,1,4,4,5,7,4,4,1,4,5,2,12,2,33,2,8,1,1,7,9,1,10,1,12,,17,17,1,22,9,121.5390271,25.00656467
111,10,7,8,46,2,10文山區,文山區羅斯福路5段57號附近,0,0,2,2,C03,6,1,5,50,14,9,1,4,4,5,7,4,4,1,4,5,2,12,2,52,2,9,1,1,7,9,1,10,1,14,,44,17,1,22,9,121.5390271,25.00656467
111,10,7,8,46,2,07信義區,信義區市民大道5段46號,0,0,1,1,C03,6,1,5,50,14,9,1,4,4,5,7,4,4,10,4,5,2,18,1,53,2,9,1,1,7,9,1,10,11,12,,43,43,1,22,9,121.5604826,25.04609052
111,10,7,8,46,2,07信義區,信義區市民大道5段46號,0,0,1,2,,6,1,5,50,14,9,1,4,4,5,7,4,4,10,4,5,2,18,3,,,,,,,,,,,,,67,43,1,,,121.5604826,25.04609052
111,10,7,8,50,2,08士林區,士林區中山北路5段與中正路口,0,0,1,1,C03,7,1,5,50,4,1,1,5,4,5,7,1,1,3,4,5,2,12,2,20,2,9,1,1,7,7,1,10,1,14,,7,7,1,22,9,121.5278186,25.09571136
111,10,7,8,50,2,08士林區,士林區中山北路5段與中正路口,0,0,1,2,B03,7,1,5,50,4,1,1,5,4,5,7,1,1,3,4,5,2,12,1,41,3,10,1,1,7,9,1,7,1,2,,44,7,1,22,9,121.5278186,25.09571136
111,10,7,8,53,2,05中正區,中正區金門街12巷12弄與金門街24巷口口,0,0,1,1,B03,6,1,5,30,4,1,1,4,4,5,7,4,4,10,5,5,1,15,2,35,3,10,1,1,7,9,1,8,1,2,,6,6,1,22,9,121.5227866,25.02177244
111,10,7,8,53,2,05中正區,中正區金門街12巷12弄與金門街24巷口口,0,0,1,2,C03,6,1,5,30,4,1,1,4,4,5,7,4,4,10,5,5,1,15,2,21,2,8,1,1,7,9,1,10,1,11,,13,6,1,22,9,121.5227866,25.02177244
111,10,7,8,54,2,01大同區,大同區延平北路2段272巷與安西街口,0,0,2,1,B03,8,1,5,30,4,1,1,5,4,5,7,4,4,10,5,5,2,15,1,42,2,1,3,4,7,9,1,8,9,8,,14,14,1,22,9,121.5097989,25.0620406
111,10,7,8,54,2,01大同區,大同區延平北路2段272巷與安西街口,0,0,2,2,C03,8,1,5,30,4,1,1,5,4,5,7,4,4,10,5,5,2,15,1,25,2,7,2,4,7,9,1,10,9,11,,6,14,1,22,9,121.5097989,25.0620406
111,10,7,8,58,2,12內湖區,內湖區民權東路6段123巷24號前,0,0,1,2,C03,6,1,5,0,14,9,1,4,4,5,7,4,4,9,5,5,2,17,1,48,2,9,3,4,7,21,1,10,11,15,,43,18,1,22,9,121.5928827,25.06989974
111,10,7,8,58,2,12內湖區,內湖區民權東路6段123巷24號前,0,0,1,3,C03,6,1,5,0,14,9,1,4,4,5,7,4,4,9,5,5,2,17,1,43,3,10,1,1,7,13,1,10,1,14,,38,18,1,22,9,121.5928827,25.06989974
111,10,7,8,58,2,12內湖區,內湖區民權東路6段123巷24號前,0,0,1,4,B12,6,1,5,0,14,9,1,4,4,5,7,4,4,9,5,5,2,17,1,43,3,10,1,1,7,13,1,8,1,3,,44,18,1,22,9,121.5928827,25.06989974
111,10,7,8,58,2,12內湖區,內湖區民權東路6段123巷24號前,0,0,1,1,B01,6,1,5,0,14,9,1,4,4,5,7,4,4,9,5,5,2,17,1,60,3,10,1,1,7,3,1,4,1,6,,18,18,1,22,9,121.5928827,25.06989974
111,10,7,8,58,2,12內湖區,內湖區民權東路6段123巷24號前,0,0,1,5,H02,6,1,5,0,14,9,1,4,4,5,7,4,4,9,5,5,2,17,2,26,3,10,1,1,7,19,8,20,10,16,,56,18,1,22,9,121.5928827,25.06989974
111,10,7,9,0,2,03中山區,中山區中山北路4段與北安路口,0,0,1,1,C03,6,1,5,50,3,1,1,4,4,5,7,1,1,3,4,5,2,9,1,33,2,9,1,1,7,12,1,10,1,12,,14,14,1,22,9,121.5271127,25.076491
111,10,7,9,0,2,03中山區,中山區中山北路4段與北安路口,0,0,1,2,H03,6,1,5,50,3,1,1,4,4,5,7,1,1,3,4,5,2,9,1,31,3,10,4,5,8,20,8,20,10,16,,67,14,1,22,9,121.5271127,25.076491
111,10,7,9,25,2,03中山區,中山區民權西路19號,0,0,1,1,B01,6,1,5,50,14,9,1,4,4,5,7,4,4,1,4,5,2,16,1,67,3,10,3,4,7,1,1,4,1,4,,19,19,1,22,9,121.5216316,25.06288218
111,10,7,9,25,2,03中山區,中山區民權西路19號,0,0,1,2,C03,6,1,5,50,14,9,1,4,4,5,7,4,4,1,4,5,2,16,1,31,2,9,1,1,7,9,1,10,1,12,,23,19,1,22,9,121.5216316,25.06288218
111,10,7,9,30,2,12內湖區,內湖區東湖路與東湖路43巷口,0,0,1,1,B03,6,1,5,50,4,1,1,4,4,5,7,1,1,5,4,5,2,17,1,36,3,10,1,1,7,8,1,8,1,15,,7,7,1,22,9,121.6139462,25.06882344
111,10,7,9,30,2,12內湖區,內湖區東湖路與東湖路43巷口,0,0,1,2,C03,6,1,5,50,4,1,1,4,4,5,7,1,1,5,4,5,2,17,1,39,2,9,1,1,7,9,1,10,1,12,,44,7,1,22,9,121.6139462,25.06882344
111,10,7,9,31,2,08士林區,士林區中山北路6段754巷26-1號,0,0,1,1,C03,6,1,5,30,14,9,1,4,4,5,7,4,4,10,5,5,2,10,1,27,2,8,1,1,7,1,1,10,1,11,,19,19,1,22,9,121.5293729,25.11429602
111,10,7,9,31,2,08士林區,士林區中山北路6段754巷26-1號,0,0,1,2,B03,6,1,5,30,14,9,1,4,4,5,7,4,4,10,5,5,2,10,1,36,3,10,1,1,7,9,1,8,1,1,,44,19,1,22,9,121.5293729,25.11429602
111,10,7,9,35,2,12內湖區,內湖區陽光街288號與瑞湖街口口,0,0,1,1,C03,6,1,5,50,4,1,1,4,4,5,7,2,1,5,5,5,2,17,1,32,2,8,1,1,7,5,1,10,1,14,,8,8,1,22,9,121.5759891,25.07279799
111,10,7,9,35,2,12內湖區,內湖區陽光街288號與瑞湖街口口,0,0,1,2,C03,6,1,5,50,4,1,1,4,4,5,7,2,1,5,5,5,2,17,2,35,3,10,1,1,7,4,1,10,1,15,,4,8,1,22,9,121.5759891,25.07279799
111,10,7,9,54,2,06松山區,松山區南京東路3段與復興北路口,0,0,3,1,C03,6,1,5,50,4,2,1,4,4,5,7,1,1,1,4,5,2,17,2,18,2,7,1,1,7,12,1,10,1,12,,42,42,1,22,9,121.5441542,25.05177539
111,10,7,9,54,2,06松山區,松山區南京東路3段與復興北路口,0,0,3,2,C03,6,1,5,50,4,2,1,4,4,5,7,1,1,1,4,5,2,17,1,22,2,7,1,1,7,9,1,10,1,11,,23,42,1,22,9,121.5441542,25.05177539
111,10,7,9,54,2,06松山區,松山區南京東路3段與復興北路口,0,0,3,3,H02,6,1,5,50,4,2,1,4,4,5,7,1,1,1,4,5,2,17,2,21,2,9,1,1,7,21,8,20,10,16,,60,42,1,22,9,121.5441542,25.05177539
111,10,7,9,55,2,10文山區,文山區木柵路1段95號,0,0,1,1,C03,6,1,5,50,14,9,1,4,4,5,7,1,1,4,3,5,2,18,2,20,2,9,1,1,7,9,1,10,1,14,,45,45,1,22,9,121.5474386,24.9870507
111,10,7,9,55,2,10文山區,文山區木柵路1段95號,0,0,1,2,,6,1,5,50,14,9,1,4,4,5,7,1,1,4,3,5,2,18,3,,,,,,,,,,,,,67,45,1,,,121.5474386,24.9870507
111,10,7,9,56,2,07信義區,信義區吳興街220巷與吳興街口,0,0,1,1,B03,6,1,5,30,4,1,1,4,4,5,7,2,1,9,4,5,2,9,1,32,3,10,1,1,7,5,1,8,2,1,,15,15,1,22,9,121.563086,25.0276791