發生年度,發生月,發生日,發生時-Hours,發生分,處理別-編號,區序,肇事地點,死亡人數,2-30日死亡人數,受傷人數,當事人序號,車種,天候,光線,道路類別,速限-速度限制,道路型態,事故位置,路面狀況1,路面狀況2,路面狀況3,道路障礙1,道路障礙2,號誌1,號誌2,車道劃分-分向,車道劃分-分道1,車道劃分-分道2,車道劃分-分道3,事故類型及型態,性別,年齡,受傷程度,主要傷處,安全帽,行動電話,車輛用途,當事者行動狀態,駕駛資格情形,駕駛執照種類,飲酒情形,車輛撞擊部位1,車輛撞擊部位2,肇因碼-個別,肇因碼-主要,個人肇逃否,職業,旅次目的,座標-X,座標-Y
111,10,7,9,56,2,07信義區,信義區吳興街220巷與吳興街口,0,0,1,2,H01,6,1,5,30,4,1,1,4,4,5,7,2,1,9,4,5,2,9,1,41,2,9,4,1,8,16,8,20,10,16,,51,15,1,22,9,121.563086,25.0276791
111,10,7,10,0,2,01大同區,大同區延平北路4段107號,0,0,1,1,C03,6,1,5,50,14,8,1,4,4,5,7,4,4,8,3,4,2,3,1,19,3,10,1,1,7,9,1,10,1,11,,23,23,1,22,9,121.5109314,25.07130999
111,10,7,10,0,2,01大同區,大同區延平北路4段107號,0,0,1,2,H01,6,1,5,50,14,8,1,4,4,5,7,4,4,8,3,4,2,3,2,62,2,9,4,5,8,16,8,20,10,16,,67,23,1,22,9,121.5109314,25.07130999
111,10,7,10,20,2,04大安區,大安區泰順街與雲和街口,0,0,1,1,C03,6,1,5,30,4,1,1,4,4,5,7,4,4,10,5,5,1,15,2,32,2,9,1,1,7,9,1,10,1,11,,6,6,1,22,9,121.5312751,25.0232852
111,10,7,10,20,2,04大安區,大安區泰順街與雲和街口,0,0,1,2,B03,6,1,5,30,4,1,1,4,4,5,7,4,4,10,5,5,1,15,1,44,3,10,1,1,7,9,1,8,1,4,,14,6,1,22,9,121.5312751,25.0232852
111,10,7,10,23,2,03中山區,中山區新生北路1段與林森北路119巷口前迴轉道,0,0,1,1,B12,6,1,5,50,4,2,1,4,4,5,7,2,1,1,4,5,2,1,1,40,3,10,3,4,7,5,1,3,2,8,,23,23,1,22,9,121.5281626,25.0504659
111,10,7,10,23,2,03中山區,中山區新生北路1段與林森北路119巷口前迴轉道,0,0,1,2,H01,6,1,5,50,4,2,1,4,4,5,7,2,1,1,4,5,2,1,2,69,2,8,4,5,8,16,8,20,10,16,,51,23,1,22,9,121.5281626,25.0504659
111,10,7,10,25,2,02萬華區,萬華區長沙街2段106號,0,0,2,1,C03,6,1,5,50,14,9,1,4,4,5,7,4,4,5,5,5,2,16,2,30,2,9,1,1,7,1,1,10,1,12,,19,19,1,22,9,121.5040825,25.04037006
111,10,7,10,25,2,02萬華區,萬華區長沙街2段106號,0,0,2,2,C03,6,1,5,50,14,9,1,4,4,5,7,4,4,5,5,5,2,16,2,18,2,9,1,1,7,9,1,10,1,14,,23,19,1,22,9,121.5040825,25.04037006
111,10,7,11,30,2,04大安區,大安區和平東路2段與和平東路2段175巷口,0,0,1,1,B03,6,1,5,50,3,1,1,4,4,5,7,2,1,1,4,5,2,17,1,75,3,10,1,1,7,9,1,8,2,5,,25,25,1,22,9,121.541805,25.02508535
111,10,7,11,30,2,04大安區,大安區和平東路2段與和平東路2段175巷口,0,0,1,2,C03,6,1,5,50,3,1,1,4,4,5,7,2,1,1,4,5,2,17,1,29,2,7,1,1,7,9,1,10,2,11,,44,25,1,22,9,121.541805,25.02508535
111,10,7,11,50,2,01大同區,大同區長安西路與長安西路78巷口,0,0,1,1,B01,6,1,5,50,3,1,1,4,4,5,7,1,1,9,4,5,1,11,1,58,3,10,3,1,7,11,1,4,2,2,,10,10,1,22,9,121.5188574,25.05050734
111,10,7,11,50,2,01大同區,大同區長安西路與長安西路78巷口,0,0,1,2,C03,6,1,5,50,3,1,1,4,4,5,7,1,1,9,4,5,1,11,1,41,2,8,1,4,7,9,1,10,2,11,,44,10,1,22,9,121.5188574,25.05050734
111,10,7,11,53,2,04大安區,大安區文昌街與無名巷口,0,0,1,1,B03,6,1,5,30,4,1,1,4,4,5,7,2,1,10,5,5,2,17,1,64,3,10,1,1,7,9,1,8,2,5,,25,25,1,22,9,121.5501389,25.03286426
111,10,7,11,53,2,04大安區,大安區文昌街與無名巷口,0,0,1,2,C03,6,1,5,30,4,1,1,4,4,5,7,2,1,10,5,5,2,17,1,52,2,8,1,1,7,9,1,10,2,12,,44,25,1,22,9,121.5501389,25.03286426
111,10,7,11,53,2,04大安區,大安區文昌街與無名巷口,0,0,1,3,C03,6,1,5,30,4,1,1,4,4,5,7,2,1,10,5,5,2,17,2,35,3,10,1,1,7,13,1,10,9,14,,44,25,1,22,9,121.5501389,25.03286426
111,10,7,11,53,2,04大安區,大安區文昌街與無名巷口,0,0,1,4,C03,6,1,5,30,4,1,1,4,4,5,7,2,1,10,5,5,2,17,2,31,3,10,1,1,7,13,1,10,9,12,,44,25,1,22,9,121.5501389,25.03286426
111,10,7,11,53,2,04大安區,大安區文昌街與無名巷口,0,0,1,5,C03,6,1,5,30,4,1,1,4,4,5,7,2,1,10,5,5,2,17,1,33,3,10,1,1,7,13,1,10,9,14,,44,25,1,22,9,121.5501389,25.03286426
111,10,7,11,56,2,02萬華區,萬華區康定路與桂林路口,0,0,1,1,B02,6,1,5,50,4,2,1,4,4,5,7,1,1,5,4,5,2,17,1,64,3,10,1,1,7,8,1,8,1,15,,6,6,1,22,9,121.5017429,25.03841348
111,10,7,11,56,2,02萬華區,萬華區康定路與桂林路口,0,0,1,2,C03,6,1,5,50,4,2,1,4,4,5,7,1,1,5,4,5,2,17,1,47,2,9,1,1,7,9,1,10,1,12,,44,6,1,22,9,121.5017429,25.03841348
111,10,7,12,35,2,03中山區,中山區民族西路特斯拉停車場前,0,0,1,2,C03,6,1,5,50,14,9,1,4,4,5,7,4,4,5,4,5,2,17,1,54,2,9,1,4,7,9,1,10,1,15,,44,26,1,22,9,121.521824,25.06851718
111,10,7,12,35,2,03中山區,中山區民族西路特斯拉停車場前,0,0,1,1,B03,6,1,5,50,14,9,1,4,4,5,7,4,4,5,4,5,2,17,1,50,4,11,3,4,7,15,7,19,11,15,,26,26,2,22,9,121.521824,25.06851718
111,10,7,12,36,2,06松山區,松山區塔悠路與健康路口,0,0,1,1,B03,6,1,5,40,4,2,1,4,4,5,7,3,1,1,3,4,2,17,1,33,3,10,3,4,7,6,1,8,1,5,,43,43,1,22,9,121.5696564,25.05476921
111,10,7,12,36,2,06松山區,松山區塔悠路與健康路口,0,0,1,2,C03,6,1,5,40,4,2,1,4,4,5,7,3,1,1,3,4,2,17,1,25,2,9,3,4,7,9,1,10,1,14,,43,43,1,22,9,121.5696564,25.05476921
111,10,7,12,47,2,02萬華區,萬華區峨眉街與武昌街2段120巷口,0,0,1,1,C03,6,1,5,30,4,1,1,4,4,5,6,4,4,10,4,4,2,16,1,33,4,11,3,4,7,15,7,19,9,15,,6,43,2,22,9,121.5037908,25.04427431
111,10,7,12,47,2,02萬華區,萬華區峨眉街與武昌街2段120巷口,0,0,1,2,C03,6,1,5,30,4,1,1,4,4,5,6,4,4,10,4,4,2,16,1,22,2,9,1,1,7,9,1,10,1,11,,44,43,1,22,9,121.5037908,25.04427431
111,10,7,12,49,2,07信義區,信義區虎林街120巷與永吉路口側附近180巷口,0,0,1,1,B01,6,1,5,30,4,1,1,4,4,5,7,4,4,10,5,5,1,15,1,53,3,10,3,4,7,9,3,18,2,2,,6,6,1,10,9,121.5713989,25.0422456
111,10,7,12,49,2,07信義區,信義區虎林街120巷與永吉路口側附近180巷口,0,0,1,2,C03,6,1,5,30,4,1,1,4,4,5,7,4,4,10,5,5,1,15,1,45,2,9,1,1,7,9,1,10,2,11,,23,6,1,22,9,121.5713989,25.0422456
111,10,7,13,5,2,01大同區,大同區延平北路2段與民權西路口,0,0,1,1,C03,6,1,5,40,4,1,1,4,4,5,7,2,1,8,3,5,2,12,1,56,3,10,1,1,7,5,1,10,1,13,,43,27,1,22,9,121.5112227,25.06284687
111,10,7,13,5,2,01大同區,大同區延平北路2段與民權西路口,0,0,1,2,C04,6,1,5,40,4,1,1,4,4,5,7,2,1,8,3,5,2,12,2,26,2,9,1,1,7,9,1,10,1,11,,43,27,1,22,9,121.5112227,25.06284687
111,10,7,13,41,2,02萬華區,萬華區環河快速道路往南(二層接三層匝道上),0,0,1,1,B01,6,1,5,40,14,16,1,4,4,5,7,4,4,9,5,5,2,17,1,58,2,6,1,1,7,9,1,4,2,1,,23,23,1,22,9,121.5033452,25.04677033
111,10,7,13,41,2,02萬華區,萬華區環河快速道路往南(二層接三層匝道上),0,0,1,2,B03,6,1,5,40,14,16,1,4,4,5,7,4,4,9,5,5,2,17,1,47,3,10,1,1,7,9,1,8,2,3,,44,23,1,22,9,121.5033452,25.04677033
111,10,7,13,48,2,02萬華區,萬華區中華路2段與廣州街口,0,0,1,1,B12,6,1,5,40,4,2,1,4,4,5,7,1,1,1,4,4,2,12,1,43,3,10,1,1,7,6,1,8,1,6,,9,9,1,22,9,121.5064516,25.03606308
111,10,7,13,48,2,02萬華區,萬華區中華路2段與廣州街口,0,0,1,2,C03,6,1,5,40,4,2,1,4,4,5,7,1,1,1,4,4,2,12,1,28,2,9,1,1,7,9,1,10,1,14,,13,9,1,22,9,121.5064516,25.03606308
111,10,7,13,50,2,07信義區,信義區和平東路3段647號,0,0,1,1,C03,6,1,5,40,14,9,1,4,4,5,7,4,4,5,5,5,2,13,1,22,2,7,1,1,7,9,1,10,1,11,,43,43,1,22,9,121.5634652,25.01267153
111,10,7,13,50,2,07信義區,信義區和平東路3段647號,0,0,1,2,B12,6,1,5,40,14,9,1,4,4,5,7,4,4,5,5,5,2,13,1,50,3,10,1,1,7,14,1,8,1,6,,43,43,1,22,9,121.5634652,25.01267153
111,10,7,14,34,2,03中山區,中山區八德路2段284號,0,0,2,1,C03,7,1,5,50,14,9,1,4,4,5,7,1,1,4,3,5,1,13,1,55,2,9,1,1,7,9,1,10,1,11,,16,16,1,22,9,121.5416587,25.0469932
111,10,7,14,34,2,03中山區,中山區八德路2段284號,0,0,2,2,B03,7,1,5,50,14,9,1,4,4,5,7,1,1,4,3,5,1,13,1,51,3,10,1,1,7,9,1,8,1,7,,44,16,1,22,9,121.5416587,25.0469932
111,10,7,14,34,2,03中山區,中山區八德路2段284號,0,0,2,3,C03,7,1,5,50,14,9,1,4,4,5,7,1,1,4,3,5,1,13,1,70,2,9,1,1,7,9,1,10,1,11,,16,16,1,22,9,121.5416587,25.0469932
111,10,7,14,34,2,03中山區,中山區八德路2段284號,0,0,2,4,B01,7,1,5,50,14,9,1,4,4,5,7,1,1,4,3,5,1,13,1,63,3,10,1,1,7,9,1,4,11,15,,14,16,1,22,9,121.5416587,25.0469932
111,10,7,14,34,2,03中山區,中山區八德路2段284號,0,0,2,5,B03,7,1,5,50,14,9,1,4,4,5,7,1,1,4,3,5,1,13,1,53,3,10,3,4,7,13,1,8,11,15,,38,16,1,22,9,121.5416587,25.0469932
111,10,7,14,36,2,07信義區,信義區信義路5段100號,0,0,1,1,C03,6,1,5,50,14,9,1,4,4,5,7,4,4,1,4,5,2,13,1,19,2,9,1,1,7,9,1,10,1,11,,43,43,1,21,8,121.5658277,25.0328488
111,10,7,14,36,2,07信義區,信義區信義路5段100號,0,0,1,2,B03,6,1,5,50,14,9,1,4,4,5,7,4,4,1,4,5,2,13,2,50,3,10,1,1,7,9,1,8,1,6,,43,43,1,21,8,121.5658277,25.0328488
111,10,7,15,3,2,11南港區,南港區忠孝東路7段325巷與忠孝東路7段口,0,0,1,1,B01,6,1,5,50,3,2,1,4,4,5,6,2,1,1,2,4,2,17,1,68,3,10,1,4,7,9,1,8,1,3,,44,44,1,22,9,121.6054793,25.0518615
111,10,7,15,3,2,11南港區,南港區忠孝東路7段325巷與忠孝東路7段口,0,0,1,2,C03,6,1,5,50,3,2,1,4,4,5,6,2,1,1,2,4,2,17,1,21,2,9,1,4,7,9,1,10,1,11,,23,44,1,22,9,121.6054793,25.0518615
111,10,7,15,4,2,05中正區,中正區北平東路與林森北路口,0,0,1,1,B01,7,1,5,50,4,1,1,4,4,5,7,2,1,9,4,5,2,11,1,31,3,10,1,1,7,5,1,4,2,7,,25,25,1,10,4,121.523845,25.046384
111,10,7,15,4,2,05中正區,中正區北平東路與林森北路口,0,0,1,2,C03,7,1,5,50,4,1,1,4,4,5,7,2,1,9,4,5,2,11,2,32,2,9,1,1,7,9,1,10,2,14,,25,25,1,22,5,121.523845,25.046384
111,10,7,15,7,2,05中正區,中正區秀山街4號,0,0,1,1,C03,7,1,5,30,14,9,1,4,4,5,7,4,4,10,5,5,2,3,2,19,3,10,1,1,7,9,3,18,2,14,,23,23,1,22,9,121.5092667,25.04290553
111,10,7,15,7,2,05中正區,中正區秀山街4號,0,0,1,2,H01,7,1,5,30,14,9,1,4,4,5,7,4,4,10,5,5,2,3,2,60,2,8,4,5,8,16,8,20,10,16,,51,23,1,22,9,121.5092667,25.04290553
111,10,7,15,29,2,09北投區,北投區大度路1段與大業路口引道口,0,0,1,1,B03,7,1,5,50,3,2,1,4,4,5,7,4,4,1,3,5,1,16,1,63,3,10,1,1,7,8,1,8,2,5,,7,7,1,22,9,121.4989165,25.12137605
111,10,7,15,29,2,09北投區,北投區大度路1段與大業路口引道口,0,0,1,2,C03,7,1,5,50,3,2,1,4,4,5,7,4,4,1,3,5,1,16,1,23,2,9,1,1,7,9,1,10,2,14,,44,7,1,22,9,121.4989165,25.12137605
111,10,7,15,50,2,03中山區,中山區松江路259巷與民生東路2段147巷12弄口,0,0,2,1,C03,8,1,5,30,4,1,1,5,4,5,7,4,4,10,5,5,2,16,1,40,2,9,1,1,7,9,1,10,1,11,,6,6,1,22,9,121.5337479,25.05957214
111,10,7,15,50,2,03中山區,中山區松江路259巷與民生東路2段147巷12弄口,0,0,2,2,C03,8,1,5,30,4,1,1,5,4,5,7,4,4,10,5,5,2,16,1,18,2,9,1,1,7,9,1,10,1,11,,14,6,1,22,9,121.5337479,25.05957214
111,10,7,16,10,2,10文山區,文山區和平東路4段與和平東路4段381巷口,0,0,1,1,B03,8,1,5,50,14,9,1,4,4,5,7,4,4,5,2,5,2,17,1,50,3,10,1,1,7,5,1,8,2,15,,8,8,1,22,9,121.5740484,24.99938912
111,10,7,16,10,2,10文山區,文山區和平東路4段與和平東路4段381巷口,0,0,1,2,C03,8,1,5,50,14,9,1,4,4,5,7,4,4,5,2,5,2,17,1,21,2,9,1,1,7,9,1,10,2,11,14,42,8,1,22,9,121.5740484,24.99938912
111,10,7,16,13,2,09北投區,北投區東華街2段406號,0,0,1,1,C03,7,1,5,40,14,9,1,5,4,5,7,4,4,8,3,5,2,17,1,60,3,10,1,1,7,9,1,10,11,11,,43,43,1,22,9,121.5033082,25.12169517
111,10,7,16,13,2,09北投區,北投區東華街2段406號,0,0,1,2,F01,7,1,5,40,14,9,1,5,4,5,7,4,4,8,3,5,2,17,2,76,2,9,1,1,7,9,8,20,11,16,,43,43,1,22,9,121.5033082,25.12169517
111,10,7,16,38,2,12內湖區,內湖區康寧路3段189巷與康寧路3段189巷12弄口,0,0,1,1,B01,6,1,5,30,4,1,1,4,4,5,7,4,4,10,5,5,2,16,1,60,3,10,1,1,7,5,1,4,1,8,,8,8,1,22,9,121.6125946,25.07030819
111,10,7,16,38,2,12內湖區,內湖區康寧路3段189巷與康寧路3段189巷12弄口,0,0,1,2,C03,6,1,5,30,4,1,1,4,4,5,7,4,4,10,5,5,2,16,1,35,2,9,1,1,7,9,1,10,1,11,,44,8,1,22,9,121.6125946,25.07030819
111,10,7,16,40,2,01大同區,大同區延平北路1段與長安西路口,0,0,1,1,C03,7,1,5,50,4,1,1,5,4,5,7,2,1,5,4,5,2,17,1,47,3,10,3,4,7,9,1,10,1,12,,4,4,1,22,9,121.5117482,25.05207477
111,10,7,16,40,2,01大同區,大同區延平北路1段與長安西路口,0,0,1,2,C03,7,1,5,50,4,1,1,5,4,5,7,2,1,5,4,5,2,17,1,21,2,8,3,4,7,11,1,10,1,11,,11,4,1,22,9,121.5117482,25.05207477
111,10,7,16,50,2,03中山區,中山區大直橋北往南橋上,0,0,1,1,C03,7,2,5,50,8,9,1,5,4,5,7,4,4,2,4,5,2,17,1,20,2,9,1,1,7,7,1,10,1,11,,23,23,1,22,9,121.5443348,25.07856359
111,10,7,16,50,2,03中山區,中山區大直橋北往南橋上,0,0,1,2,C03,7,2,5,50,8,9,1,5,4,5,7,4,4,2,4,5,2,17,1,32,3,10,1,1,7,14,1,10,1,13,,44,23,1,23,9,121.5443348,25.07856359
111,10,7,17,8,2,01大同區,大同區台北橋與台北橋口往台北(機車道),0,0,2,1,C03,6,1,7,40,14,11,1,4,4,5,7,4,4,9,4,5,2,13,2,35,2,8,1,1,7,9,1,10,1,11,,16,16,1,22,9,121.5106522,25.062912
111,10,7,17,8,2,01大同區,大同區台北橋與台北橋口往台北(機車道),0,0,2,2,C03,6,1,7,40,14,11,1,4,4,5,7,4,4,9,4,5,2,13,1,23,2,9,1,1,7,9,1,10,1,13,,44,16,1,22,9,121.5106522,25.062912
111,10,7,17,8,2,01大同區,大同區台北橋與台北橋口往台北(機車道),0,0,2,3,C03,6,1,7,40,14,11,1,4,4,5,7,4,4,9,4,5,2,13,1,36,3,10,1,1,7,9,1,10,1,13,,44,16,1,22,9,121.5106522,25.062912
111,10,7,17,19,2,04大安區,大安區龍泉街與泰順街38巷口,0,0,1,1,C03,7,1,5,30,4,1,1,4,4,5,7,4,4,10,5,5,2,15,1,52,4,11,3,4,7,15,7,19,11,15,,14,14,2,22,9,121.5294044,25.0245804
111,10,7,17,19,2,04大安區,大安區龍泉街與泰順街38巷口,0,0,1,2,C03,7,1,5,30,4,1,1,4,4,5,7,4,4,10,5,5,2,15,2,33,2,9,3,4,7,9,1,10,9,11,,6,14,1,22,9,121.5294044,25.0245804
111,10,7,17,35,2,08士林區,士林區中山北路6段17號,0,0,1,1,C03,8,2,5,50,14,9,1,5,4,5,7,4,4,3,4,5,2,9,1,53,3,10,1,4,7,9,1,10,1,11,,23,23,1,22,9,121.5251877,25.10312786
111,10,7,17,35,2,08士林區,士林區中山北路6段17號,0,0,1,2,H02,8,2,5,50,14,9,1,5,4,5,7,4,4,3,4,5,2,9,2,27,2,9,4,5,7,19,8,20,10,16,,67,23,1,22,9,121.5251877,25.10312786
111,10,7,17,35,2,08士林區,士林區中山北路6段17號,0,0,1,3,A04,8,2,5,50,14,9,1,5,4,5,7,4,4,3,4,5,2,9,1,40,3,10,1,4,7,14,1,2,1,15,,44,23,1,22,9,121.5251877,25.10312786
111,10,7,17,38,2,03中山區,中山區長春路137巷6號,0,0,1,1,B03,7,1,5,50,14,9,1,5,4,5,7,4,4,8,4,5,1,17,1,63,3,10,1,1,7,13,1,8,1,4,,40,40,1,22,9,121.5315517,25.05551853
111,10,7,17,38,2,03中山區,中山區長春路137巷6號,0,0,1,2,C03,7,1,5,50,14,9,1,5,4,5,7,4,4,8,4,5,1,17,2,49,2,9,1,1,7,9,1,10,1,12,,44,40,1,22,9,121.5315517,25.05551853
111,10,7,17,58,2,10文山區,文山區辛亥路6段112號,0,0,1,1,B03,7,3,5,50,14,9,1,5,4,5,7,4,4,1,4,5,2,12,1,64,3,10,3,4,7,7,1,8,1,4,,7,7,1,22,9,121.5522788,24.98818473
111,10,7,17,58,2,10文山區,文山區辛亥路6段112號,0,0,1,2,C03,7,3,5,50,14,9,1,5,4,5,7,4,4,1,4,5,2,12,1,40,2,7,3,4,7,9,1,10,1,12,,42,7,1,22,9,121.5522788,24.98818473
111,10,7,18,0,2,03中山區,中山區中山北路2段與長春路口,0,0,2,1,B01,8,3,5,50,4,1,1,5,4,5,7,3,1,1,4,5,2,2,1,65,3,10,3,4,7,5,1,4,1,4,,15,15,1,22,9,121.5228249,25.05499924
111,10,7,18,0,2,03中山區,中山區中山北路2段與長春路口,0,0,2,2,H01,8,3,5,50,4,1,1,5,4,5,7,3,1,1,4,5,2,2,1,21,2,9,4,5,8,16,8,20,10,16,,67,15,1,22,9,121.5228249,25.05499924
111,10,7,18,0,2,03中山區,中山區中山北路2段與長春路口,0,0,2,3,H01,8,3,5,50,4,1,1,5,4,5,7,3,1,1,4,5,2,2,2,22,2,9,4,5,8,16,8,20,10,16,,67,15,1,22,9,121.5228249,25.05499924
111,10,7,18,6,2,11南港區,南港區南港路2段41巷與市民大道8段口,0,0,1,1,C03,6,3,5,50,4,1,1,4,4,5,7,2,1,1,4,5,2,16,1,27,3,10,1,4,7,5,1,10,1,12,,8,8,1,22,9,121.6032906,25.0526768
111,10,7,18,6,2,11南港區,南港區南港路2段41巷與市民大道8段口,0,0,1,2,C03,6,3,5,50,4,1,1,4,4,5,7,2,1,1,4,5,2,16,1,37,2,9,1,4,7,9,1,10,1,11,,13,8,1,22,9,121.6032906,25.0526768
111,10,7,18,15,2,01大同區,大同區甘州街與歸綏街口,0,0,1,1,B03,7,3,5,50,3,1,1,5,4,5,7,4,4,5,5,5,2,12,2,50,3,10,3,4,7,5,1,8,2,4,,44,44,1,22,9,121.5129337,25.0581811
111,10,7,18,15,2,01大同區,大同區甘州街與歸綏街口,0,0,1,2,C03,7,3,5,50,3,1,1,5,4,5,7,4,4,5,5,5,2,12,1,60,2,9,3,4,7,9,1,10,2,12,,4,44,1,22,9,121.5129337,25.0581811
111,10,7,18,30,2,05中正區,中正區重慶南路2段與南海路口,0,0,1,1,B11,6,3,5,50,4,1,1,4,4,5,7,1,1,10,2,5,2,12,1,27,3,10,1,1,7,9,1,4,1,2,,26,26,1,22,9,121.5144109,25.03191905
111,10,7,18,30,2,05中正區,中正區重慶南路2段與南海路口,0,0,1,2,C03,6,3,5,50,4,1,1,4,4,5,7,1,1,10,2,5,2,12,2,35,2,9,1,1,7,5,1,10,1,14,,44,26,1,22,9,121.5144109,25.03191905
111,10,7,18,30,2,08士林區,士林區至誠路2段與至誠路2段口(芝山加油站前,0,0,2,1,C03,8,3,5,50,3,2,1,5,4,5,7,4,4,5,1,5,1,16,1,29,2,9,1,1,7,5,1,10,1,11,,8,8,1,22,9,121.5288556,25.10175961
111,10,7,18,30,2,08士林區,士林區至誠路2段與至誠路2段口(芝山加油站前,0,0,2,2,C03,8,3,5,50,3,2,1,5,4,5,7,4,4,5,1,5,1,16,1,42,2,9,1,1,7,9,1,10,1,11,,43,8,1,22,9,121.5288556,25.10175961
111,10,7,18,34,2,02萬華區,萬華區中興橋往台北市汔車道(燈桿289860),0,0,1,1,B03,7,3,5,40,8,9,1,5,4,5,7,4,4,10,5,5,2,13,1,25,3,10,1,1,7,9,3,18,1,1,,16,16,1,22,9,121.4999853,25.04496067
111,10,7,18,34,2,02萬華區,萬華區中興橋往台北市汔車道(燈桿289860),0,0,1,2,B03,7,3,5,40,8,9,1,5,4,5,7,4,4,10,5,5,2,13,1,43,3,10,1,1,7,15,1,8,1,3,,44,16,1,22,9,121.4999853,25.04496067
111,10,7,18,34,2,02萬華區,萬華區中興橋往台北市汔車道(燈桿289860),0,0,1,3,B03,7,3,5,40,8,9,1,5,4,5,7,4,4,10,5,5,2,13,1,50,3,10,1,1,7,14,1,8,1,3,,44,16,1,22,9,121.4999853,25.04496067
111,10,7,18,34,2,02萬華區,萬華區中興橋往台北市汔車道(燈桿289860),0,0,1,4,H02,7,3,5,40,8,9,1,5,4,5,7,4,4,10,5,5,2,13,1,20,2,7,1,5,7,20,8,20,10,16,,67,16,1,22,9,121.4999853,25.04496067
111,10,7,18,34,2,04大安區,大安區麗水街與永康街2巷口,0,0,2,1,C03,7,3,5,30,4,1,1,5,4,5,7,4,4,5,4,5,2,15,2,33,2,9,3,4,7,9,1,10,1,11,,26,26,1,22,9,121.5291586,25.03323418
111,10,7,18,34,2,04大安區,大安區麗水街與永康街2巷口,0,0,2,2,C03,7,3,5,30,4,1,1,5,4,5,7,4,4,5,4,5,2,15,1,34,2,9,3,4,7,9,1,10,1,12,,23,26,1,22,9,121.5291586,25.03323418
111,10,7,18,35,2,03中山區,中山區民族東路與雙城街口,0,0,1,1,B03,6,3,5,50,3,1,1,4,4,5,7,2,1,1,3,5,2,12,1,23,3,10,3,4,7,8,1,8,1,5,,7,7,1,22,9,121.5244412,25.0684805
111,10,7,18,35,2,03中山區,中山區民族東路與雙城街口,0,0,1,2,C03,6,3,5,50,3,1,1,4,4,5,7,2,1,1,3,5,2,12,1,64,2,9,3,4,7,9,1,10,1,11,,44,7,1,22,9,121.5244412,25.0684805
111,10,7,18,38,2,03中山區,中山區長春路145號,0,0,1,1,C03,7,3,5,50,14,9,1,5,4,5,7,4,4,8,3,4,1,13,1,27,2,7,1,4,7,9,1,8,1,11,,16,16,1,22,9,121.5319748,25.05488823
111,10,7,18,38,2,03中山區,中山區長春路145號,0,0,1,2,B01,7,3,5,50,14,9,1,5,4,5,7,4,4,8,3,4,1,13,1,31,3,10,3,4,7,9,1,8,1,6,,44,16,1,22,9,121.5319748,25.05488823
111,10,7,18,38,2,03中山區,中山區長春路145號,0,0,1,3,C03,7,3,5,50,14,9,1,5,4,5,7,4,4,8,3,4,1,13,2,33,3,10,1,4,7,9,1,10,1,14,,44,16,1,22,9,121.5319748,25.05488823
111,10,7,18,40,2,07信義區,信義區基隆路1段往環東大道引道,0,0,1,1,B03,6,3,5,40,14,9,1,4,4,5,7,4,4,10,4,5,1,13,1,46,3,10,1,1,7,9,1,8,2,1,,16,16,1,22,9,121.5667277,25.0456788
111,10,7,18,40,2,07信義區,信義區基隆路1段往環東大道引道,0,0,1,2,B02,6,3,5,40,14,9,1,4,4,5,7,4,4,10,4,5,1,13,1,57,3,10,1,1,7,9,1,8,2,3,,44,16,1,22,9,121.5667277,25.0456788
111,10,7,18,40,2,07信義區,信義區基隆路1段往環東大道引道,0,0,1,3,H02,6,3,5,40,14,9,1,4,4,5,7,4,4,10,4,5,1,13,2,58,2,9,3,1,7,20,8,20,10,16,,67,16,1,22,9,121.5667277,25.0456788
111,10,7,19,0,2,11南港區,南港區市民大道7段與昆陽街口,0,0,2,1,C03,6,3,5,50,4,4,1,4,4,5,7,3,1,3,3,5,1,12,1,45,2,8,1,4,7,5,1,10,1,14,,8,8,1,22,9,121.5939136,25.05124986
111,10,7,19,0,2,11南港區,南港區市民大道7段與昆陽街口,0,0,2,2,C03,6,3,5,50,4,4,1,4,4,5,7,3,1,3,3,5,1,12,1,19,2,8,1,4,7,9,1,10,1,11,,23,8,1,22,9,121.5939136,25.05124986
111,10,7,19,15,2,04大安區,大安區基隆路2段與樂業街口,0,0,1,1,B03,6,3,5,50,4,2,1,4,4,5,7,2,1,1,4,5,2,11,1,41,3,10,1,1,7,9,1,8,2,8,,26,26,1,22,9,121.5504891,25.0225346
111,10,7,19,15,2,04大安區,大安區基隆路2段與樂業街口,0,0,1,2,C02,6,3,5,50,4,2,1,4,4,5,7,2,1,1,4,5,2,11,1,41,2,9,1,1,7,9,1,9,2,11,,44,26,1,22,9,121.5504891,25.0225346
111,10,7,20,35,2,12內湖區,內湖區新明路與新明路143巷口,0,0,4,1,F03,6,3,5,50,3,2,1,4,4,5,7,4,4,5,4,5,2,17,2,32,3,10,1,1,7,1,8,20,2,15,,19,19,1,22,9,121.5893706,25.05931612
111,10,7,20,35,2,12內湖區,內湖區新明路與新明路143巷口,0,0,4,2,C03,6,3,5,50,3,2,1,4,4,5,7,4,4,5,4,5,2,17,1,55,2,9,1,1,7,9,4,8,2,11,,23,19,1,22,9,121.5893706,25.05931612
111,10,7,20,35,2,12內湖區,內湖區新明路與新明路143巷口,0,0,4,3,C03,6,3,5,50,3,2,1,4,4,5,7,4,4,5,4,5,2,17,2,48,2,9,1,1,7,9,1,10,2,12,,23,19,1,22,9,121.5893706,25.05931612