發生年度,發生月,發生日,發生時-Hours,發生分,處理別-編號,區序,肇事地點,死亡人數,2-30日死亡人數,受傷人數,當事人序號,車種,天候,光線,道路類別,速限-速度限制,道路型態,事故位置,路面狀況1,路面狀況2,路面狀況3,道路障礙1,道路障礙2,號誌1,號誌2,車道劃分-分向,車道劃分-分道1,車道劃分-分道2,車道劃分-分道3,事故類型及型態,性別,年齡,受傷程度,主要傷處,安全帽,行動電話,車輛用途,當事者行動狀態,駕駛資格情形,駕駛執照種類,飲酒情形,車輛撞擊部位1,車輛撞擊部位2,肇因碼-個別,肇因碼-主要,個人肇逃否,職業,旅次目的,座標-X,座標-Y
111,10,7,20,35,2,12內湖區,內湖區新明路與新明路143巷口,0,0,4,4,H02,6,3,5,50,3,2,1,4,4,5,7,4,4,5,4,5,2,17,1,22,2,8,1,5,7,20,8,20,10,16,,67,19,1,22,9,121.5893706,25.05931612
111,10,7,20,35,2,12內湖區,內湖區新明路與新明路143巷口,0,0,4,5,H02,6,3,5,50,3,2,1,4,4,5,7,4,4,5,4,5,2,17,2,48,2,8,1,5,7,20,8,20,10,16,,67,19,1,22,9,121.5893706,25.05931612
111,10,7,21,1,2,03中山區,中山區建國高架道往北民族東路上方,0,0,1,1,B11,6,3,5,70,10,9,1,4,4,5,7,4,4,1,3,5,2,13,1,26,3,10,3,4,7,9,1,10,1,1,,16,16,1,22,9,121.5337172,25.06777799
111,10,7,21,1,2,03中山區,中山區建國高架道往北民族東路上方,0,0,1,2,B03,6,3,5,70,10,9,1,4,4,5,7,4,4,1,3,5,2,13,1,47,2,1,3,4,7,12,1,8,1,3,,44,16,1,22,9,121.5337172,25.06777799
111,10,7,21,1,2,03中山區,中山區建國高架道往北民族東路上方,0,0,1,3,B03,6,3,5,70,10,9,1,4,4,5,7,4,4,1,3,5,2,13,1,51,3,10,3,4,7,12,1,8,1,3,,44,16,1,22,9,121.5337172,25.06777799
111,10,7,21,1,2,09北投區,北投區立農街1段與西安街2段275巷口口,0,0,3,1,C03,8,3,5,30,4,1,1,5,4,5,7,4,4,10,5,5,2,15,1,22,2,9,1,1,7,9,1,10,1,11,,6,6,1,22,9,121.5067471,25.11950758
111,10,7,21,1,2,09北投區,北投區立農街1段與西安街2段275巷口口,0,0,3,2,C03,8,3,5,30,4,1,1,5,4,5,7,4,4,10,5,5,2,15,2,42,2,9,1,1,7,9,1,10,1,12,,23,6,1,22,9,121.5067471,25.11950758
111,10,7,21,1,2,09北投區,北投區立農街1段與西安街2段275巷口口,0,0,3,3,H02,8,3,5,30,4,1,1,5,4,5,7,4,4,10,5,5,2,15,2,12,2,9,1,1,7,20,8,20,10,16,,67,6,1,22,9,121.5067471,25.11950758
111,10,7,21,11,2,06松山區,松山區民權東路4段180號,0,0,1,1,B01,6,3,5,50,14,9,1,4,4,5,7,4,4,1,4,4,2,17,1,56,4,11,3,4,7,10,7,19,11,15,,7,43,2,22,9,121.5574463,25.06204674
111,10,7,21,11,2,06松山區,松山區民權東路4段180號,0,0,1,2,C03,6,3,5,50,14,9,1,4,4,5,7,4,4,1,4,4,2,17,1,34,2,9,1,1,7,9,1,10,1,12,,44,43,1,22,9,121.5574463,25.06204674
111,10,7,21,11,2,06松山區,松山區民權東路4段180號,0,0,1,3,B12,6,3,5,50,14,9,1,4,4,5,7,4,4,1,4,4,2,17,1,51,3,10,1,1,7,15,1,8,11,15,,44,,2,22,9,121.5574463,25.06204674
111,10,7,21,54,2,05中正區,中正區水源路與汀州路3段24巷口,0,0,1,1,C03,6,3,5,50,3,1,1,4,4,5,6,2,1,5,4,5,2,13,1,17,3,10,1,1,7,9,2,18,1,12,,23,23,1,22,9,121.5259515,25.015373
111,10,7,21,54,2,05中正區,中正區水源路與汀州路3段24巷口,0,0,1,2,F01,6,3,5,50,3,1,1,4,4,5,6,2,1,5,4,5,2,13,1,34,2,9,1,1,7,9,8,20,1,16,,29,23,1,22,9,121.5259515,25.015373
111,10,7,21,55,2,08士林區,士林區至善路1段與福林路254巷口,0,0,1,1,B01,8,3,5,50,3,2,1,5,4,5,7,3,1,1,4,4,2,17,1,57,3,10,1,1,7,7,1,4,1,8,,26,26,1,22,9,121.5378942,25.0978694
111,10,7,21,55,2,08士林區,士林區至善路1段與福林路254巷口,0,0,1,2,C03,8,3,5,50,3,2,1,5,4,5,7,3,1,1,4,4,2,17,1,37,2,9,1,1,7,9,1,10,1,13,,44,26,1,22,9,121.5378942,25.0978694
111,10,7,22,0,2,06松山區,松山區八德路2段402號,0,0,1,1,C03,6,3,5,50,14,9,1,4,4,5,7,2,1,9,4,5,2,17,1,24,3,10,1,1,7,15,1,10,11,12,,6,6,1,22,9,121.5467234,25.04815463
111,10,7,22,0,2,06松山區,松山區八德路2段402號,0,0,1,2,C03,6,3,5,50,14,9,1,4,4,5,7,2,1,9,4,5,2,17,2,56,2,9,1,1,7,9,4,11,11,11,,23,6,1,22,9,121.5467234,25.04815463
111,10,7,22,17,2,03中山區,中山區中山北路1段與南京東路1段口,0,0,1,1,B01,7,3,5,50,4,1,1,5,4,5,7,1,1,1,3,5,1,16,1,66,3,10,3,4,7,6,1,8,2,2,,9,9,1,22,9,121.5225996,25.05218298
111,10,7,22,17,2,03中山區,中山區中山北路1段與南京東路1段口,0,0,1,2,C03,7,3,5,50,4,1,1,5,4,5,7,1,1,1,3,5,1,16,1,18,2,9,1,4,7,9,1,10,2,11,,44,9,1,22,9,121.5225996,25.05218298
111,10,7,22,24,2,04大安區,大安區敦化南路1段與敦化南路1段270巷口,0,0,2,1,B01,7,1,5,30,3,1,1,4,4,5,7,4,4,1,4,5,2,16,1,56,3,10,3,4,7,6,1,4,1,8,,26,26,1,22,9,121.5485403,25.03893348
111,10,7,22,24,2,04大安區,大安區敦化南路1段與敦化南路1段270巷口,0,0,2,2,C03,7,1,5,30,3,1,1,4,4,5,7,4,4,1,4,5,2,16,2,62,2,9,3,4,7,9,1,10,1,11,,23,26,1,22,9,121.5485403,25.03893348
111,10,7,22,24,2,04大安區,大安區敦化南路1段與敦化南路1段270巷口,0,0,2,3,H02,7,1,5,30,3,1,1,4,4,5,7,4,4,1,4,5,2,16,2,33,2,9,4,5,7,21,8,20,10,15,,67,26,1,22,9,121.5485403,25.03893348
111,10,7,22,26,2,03中山區,中山區吉林路與新生北路2段137巷口,0,0,1,1,C03,7,3,5,50,4,1,1,5,4,5,7,2,1,5,4,5,2,12,1,30,3,10,1,1,7,9,1,9,2,15,,23,23,1,22,9,121.5302508,25.0612493
111,10,7,22,26,2,03中山區,中山區吉林路與新生北路2段137巷口,0,0,1,2,B03,7,3,5,50,4,1,1,5,4,5,7,2,1,5,4,5,2,12,1,26,3,10,3,4,7,14,1,8,2,6,,44,23,1,22,9,121.5302508,25.0612493
111,10,7,22,26,2,03中山區,中山區吉林路與新生北路2段137巷口,0,0,1,3,H02,7,3,5,50,4,1,1,5,4,5,7,2,1,5,4,5,2,12,2,26,2,8,4,5,7,17,8,20,10,16,,67,23,1,22,9,121.5302508,25.0612493
111,10,7,22,43,2,05中正區,中正區汀州路1段與和平西路2段134巷口,0,0,1,1,C03,7,3,5,30,4,1,1,5,4,5,7,4,4,5,5,5,2,17,1,38,4,11,3,4,7,15,7,19,11,15,,6,6,2,22,9,121.5062519,25.03191809
111,10,7,22,43,2,05中正區,中正區汀州路1段與和平西路2段134巷口,0,0,1,2,C03,7,3,5,30,4,1,1,5,4,5,7,4,4,5,5,5,2,17,1,31,2,9,1,1,7,9,1,10,2,15,,44,6,1,22,9,121.5062519,25.03191809
111,10,7,23,1,2,10文山區,文山區忠順街1段9巷與光輝路口口,0,0,2,1,C03,6,3,5,50,4,1,1,4,4,5,7,4,4,4,5,5,2,16,2,20,2,9,1,1,7,9,1,10,2,12,,6,6,1,22,9,121.5566073,24.98496946
111,10,7,23,1,2,10文山區,文山區忠順街1段9巷與光輝路口口,0,0,2,2,B01,6,3,5,50,4,1,1,4,4,5,7,4,4,4,5,5,2,16,1,53,3,10,2,4,7,9,1,4,2,1,,23,6,1,22,9,121.5566073,24.98496946
111,10,7,23,1,2,10文山區,文山區忠順街1段9巷與光輝路口口,0,0,2,3,H02,6,3,5,50,4,1,1,4,4,5,7,4,4,4,5,5,2,16,2,17,2,9,1,1,7,21,8,20,10,15,,67,6,1,22,9,121.5566073,24.98496946
111,10,7,23,36,2,04大安區,大安區基隆路3段與辛亥路3段口,0,0,2,1,C03,6,3,5,50,4,2,1,4,4,5,7,2,1,1,4,5,2,13,1,19,2,9,1,1,7,9,1,10,1,11,,16,16,1,22,9,121.5469609,25.0195001
111,10,7,23,36,2,04大安區,大安區基隆路3段與辛亥路3段口,0,0,2,2,B03,6,3,5,50,4,2,1,4,4,5,7,2,1,1,4,5,2,13,1,26,3,10,1,1,7,9,1,8,1,3,,44,16,1,22,9,121.5469609,25.0195001
111,10,7,23,36,2,04大安區,大安區基隆路3段與辛亥路3段口,0,0,2,3,C03,6,3,5,50,4,2,1,4,4,5,7,2,1,1,4,5,2,13,2,20,2,9,1,1,7,9,1,10,1,11,,42,16,1,22,9,121.5469609,25.0195001
111,10,7,23,46,2,03中山區,中山區中山北路1段與市民大道2段口,0,0,1,1,C03,7,3,5,50,4,1,1,5,4,5,7,2,1,1,3,5,2,3,1,23,2,9,3,4,7,6,1,10,1,14,,23,23,1,22,9,121.520547,25.0482046
111,10,7,23,46,2,03中山區,中山區中山北路1段與市民大道2段口,0,0,1,2,H01,7,3,5,50,4,1,1,5,4,5,7,2,1,1,3,5,2,3,2,24,3,10,4,5,8,16,8,20,10,16,,51,23,1,22,9,121.520547,25.0482046
111,10,7,23,53,2,03中山區,中山區中山北路2段與民權西路口,0,0,3,1,B03,7,3,5,50,4,1,1,5,4,5,7,1,1,1,3,5,1,16,1,23,2,9,3,4,7,5,1,8,2,1,,6,6,1,22,9,121.5224965,25.06288107
111,10,7,23,53,2,03中山區,中山區中山北路2段與民權西路口,0,0,3,2,C03,7,3,5,50,4,1,1,5,4,5,7,1,1,1,3,5,1,16,1,34,2,9,1,4,7,9,1,10,2,11,,13,6,1,22,9,121.5224965,25.06288107
111,10,7,23,53,2,03中山區,中山區中山北路2段與民權西路口,0,0,3,3,H02,7,3,5,50,4,1,1,5,4,5,7,1,1,1,3,5,1,16,2,23,2,9,3,5,7,17,8,20,10,16,,67,6,1,22,9,121.5224965,25.06288107
111,10,8,4,36,2,03中山區,中山區中山北路2段與長春路口,0,0,1,1,B03,7,3,5,50,4,1,1,5,4,5,7,2,1,4,3,5,2,16,1,61,3,10,3,4,7,5,1,8,2,5,,8,8,1,22,9,121.522841,25.0549857
111,10,8,4,36,2,03中山區,中山區中山北路2段與長春路口,0,0,1,2,C03,7,3,5,50,4,1,1,5,4,5,7,2,1,4,3,5,2,16,1,44,2,9,3,4,7,9,1,10,2,11,,44,8,1,22,9,121.522841,25.0549857
111,10,8,5,53,2,12內湖區,內湖區康樂隧道東向西,0,0,1,1,C03,7,2,5,50,6,11,1,5,4,5,7,4,4,9,4,4,2,13,1,43,4,11,3,4,7,15,7,19,11,15,,16,44,2,22,9,121.6219847,25.07880985
111,10,8,5,53,2,12內湖區,內湖區康樂隧道東向西,0,0,1,2,F03,7,2,5,50,6,11,1,5,4,5,7,4,4,9,4,4,2,13,2,29,2,8,1,1,7,9,8,20,1,15,,44,44,1,22,9,121.6219847,25.07880985
111,10,8,6,23,2,04大安區,大安區忠孝東路4段與延吉街口,0,0,2,1,B03,6,2,5,50,4,2,1,4,4,3,7,2,1,1,4,5,2,17,1,54,3,10,1,1,7,11,1,8,1,3,,10,10,1,22,9,121.5548149,25.0413351
111,10,8,6,23,2,04大安區,大安區忠孝東路4段與延吉街口,0,0,2,2,B01,6,2,5,50,4,2,1,4,4,3,7,2,1,1,4,5,2,17,1,55,2,9,1,1,7,9,1,4,1,1,,14,10,1,22,9,121.5548149,25.0413351
111,10,8,6,23,2,04大安區,大安區忠孝東路4段與延吉街口,0,0,2,3,B02,6,2,5,50,4,2,1,4,4,3,7,2,1,1,4,5,2,17,1,41,3,10,1,1,7,14,1,4,1,4,,26,10,1,22,9,121.5548149,25.0413351
111,10,8,6,23,2,04大安區,大安區忠孝東路4段與延吉街口,0,0,2,4,B03,6,2,5,50,4,2,1,4,4,3,7,2,1,1,4,5,2,17,1,36,3,10,3,1,7,13,1,8,9,3,,26,10,1,22,9,121.5548149,25.0413351
111,10,8,6,23,2,04大安區,大安區忠孝東路4段與延吉街口,0,0,2,5,H02,6,2,5,50,4,2,1,4,4,3,7,2,1,1,4,5,2,17,1,23,2,9,4,5,7,20,8,20,10,16,,67,10,1,22,9,121.5548149,25.0413351
111,10,8,7,30,2,11南港區,南港區忠孝東路7段南港捷運站2號出口,0,0,1,1,B03,6,1,5,50,14,9,1,4,4,5,7,4,4,10,5,5,2,12,2,53,3,10,3,4,7,8,1,8,2,1,,23,23,1,22,9,121.6074846,25.05205611
111,10,8,7,30,2,11南港區,南港區忠孝東路7段南港捷運站2號出口,0,0,1,2,C03,6,1,5,50,14,9,1,4,4,5,7,4,4,10,5,5,2,12,1,39,2,9,3,4,7,9,1,10,2,13,,44,23,1,22,9,121.6074846,25.05205611
111,10,8,7,30,2,11南港區,南港區忠孝東路7段南港捷運站2號出口,0,0,1,3,B01,6,1,5,50,14,9,1,4,4,5,7,4,4,10,5,5,2,12,1,50,3,10,3,4,7,14,1,4,2,3,,44,23,1,22,9,121.6074846,25.05205611
111,10,8,8,10,2,11南港區,南港區市民大道8段99號與市民大道8段口無名巷,0,0,3,1,C03,6,1,5,50,3,1,1,4,4,5,6,3,1,5,2,5,2,17,1,48,2,9,1,4,7,7,1,10,1,14,,7,7,1,22,9,121.5996419,25.05216396
111,10,8,8,10,2,11南港區,南港區市民大道8段99號與市民大道8段口無名巷,0,0,3,2,C03,6,1,5,50,3,1,1,4,4,5,6,3,1,5,2,5,2,17,2,63,2,9,1,4,7,9,1,10,1,11,,23,7,1,22,9,121.5996419,25.05216396
111,10,8,8,10,2,11南港區,南港區市民大道8段99號與市民大道8段口無名巷,0,0,3,3,H02,6,1,5,50,3,1,1,4,4,5,6,3,1,5,2,5,2,17,1,64,2,9,1,5,7,21,8,20,10,16,,67,7,1,22,9,121.5996419,25.05216396
111,10,8,8,20,2,08士林區,士林區中山北路6段與士東路口,0,0,1,1,C03,7,1,5,50,4,2,1,5,4,5,7,2,1,1,4,5,1,17,1,80,4,11,3,4,7,15,7,19,11,15,,25,25,2,22,9,121.5261004,25.11174798
111,10,8,8,20,2,08士林區,士林區中山北路6段與士東路口,0,0,1,2,C03,7,1,5,50,4,2,1,5,4,5,7,2,1,1,4,5,1,17,1,46,2,9,1,1,7,12,1,10,1,14,,14,25,1,21,8,121.5261004,25.11174798
111,10,8,8,58,2,06松山區,松山區市民大道6段與基隆路1段口,0,0,1,1,B01,6,1,5,50,4,1,1,4,4,5,7,1,1,1,3,5,2,15,1,60,3,10,3,4,7,9,1,8,2,4,,25,25,1,22,9,121.5690628,25.04909282
111,10,8,8,58,2,06松山區,松山區市民大道6段與基隆路1段口,0,0,1,2,C03,6,1,5,50,4,1,1,4,4,5,7,1,1,1,3,5,2,15,1,35,2,9,3,4,7,9,1,10,2,11,,23,25,1,22,9,121.5690628,25.04909282
111,10,8,8,59,2,04大安區,大安區安和路1段100號,0,0,2,1,C03,6,1,5,50,14,9,1,4,4,5,7,4,4,1,4,5,2,9,2,62,2,9,1,1,7,9,1,10,1,11,,23,23,1,22,9,121.5524305,25.03444776
111,10,8,8,59,2,04大安區,大安區安和路1段100號,0,0,2,2,H02,6,1,5,50,14,9,1,4,4,5,7,4,4,1,4,5,2,9,1,76,2,9,4,5,7,19,8,20,10,16,,67,23,1,22,9,121.5524305,25.03444776
111,10,8,8,59,2,04大安區,大安區安和路1段100號,0,0,2,3,A02,6,1,5,50,14,9,1,4,4,5,7,4,4,1,4,5,2,9,1,46,3,10,1,1,7,14,1,2,1,15,,38,23,1,22,9,121.5524305,25.03444776
111,10,8,9,39,2,05中正區,中正區林森南路與濟南路1段口,0,0,3,1,C03,6,1,5,50,4,1,1,4,4,5,7,2,1,5,4,5,2,12,2,21,2,9,1,1,7,7,1,10,2,14,,7,7,1,22,9,121.5226527,25.04243816
111,10,8,9,39,2,05中正區,中正區林森南路與濟南路1段口,0,0,3,2,C03,6,1,5,50,4,1,1,4,4,5,7,2,1,5,4,5,2,12,1,21,2,9,1,1,7,9,3,18,2,12,,44,7,1,22,9,121.5226527,25.04243816
111,10,8,9,39,2,05中正區,中正區林森南路與濟南路1段口,0,0,3,3,H02,6,1,5,50,4,1,1,4,4,5,7,2,1,5,4,5,2,12,1,18,2,9,4,5,7,20,8,20,10,16,,67,7,1,22,9,121.5226527,25.04243816
111,10,8,9,43,2,05中正區,中正區市民大道1段與中山北路1段口,0,0,1,1,B02,6,1,5,50,5,1,1,4,4,5,7,2,1,1,4,5,2,12,1,49,3,10,1,1,7,6,1,8,2,2,,9,9,1,22,5,121.5208055,25.0479147
111,10,8,9,43,2,05中正區,中正區市民大道1段與中山北路1段口,0,0,1,2,C03,6,1,5,50,5,1,1,4,4,5,7,2,1,1,4,5,2,12,1,23,2,9,1,1,7,9,1,10,2,11,,23,9,1,22,5,121.5208055,25.0479147
111,10,8,9,44,2,05中正區,中正區市民大道1段168號,0,0,2,1,C03,7,1,5,40,14,9,1,5,4,5,7,4,4,1,4,1,2,16,1,67,2,9,1,1,7,5,1,10,2,14,,8,8,1,22,9,121.5186264,25.04831778
111,10,8,9,44,2,05中正區,中正區市民大道1段168號,0,0,2,2,C03,7,1,5,40,14,9,1,5,4,5,7,4,4,1,4,1,2,16,1,22,2,9,1,1,7,9,1,10,2,12,,44,8,1,22,9,121.5186264,25.04831778
111,10,8,10,0,2,08士林區,士林區東山路25巷81弄,0,0,2,1,C03,6,1,5,30,11,9,1,4,4,5,7,4,4,10,5,5,1,17,1,60,2,9,1,1,7,9,1,10,2,11,,42,42,1,22,9,121.541403,25.1222407
111,10,8,10,0,2,08士林區,士林區東山路25巷81弄,0,0,2,2,B03,6,1,5,30,11,9,1,4,4,5,7,4,4,10,5,5,1,17,1,38,2,2,1,1,7,9,1,8,2,8,,44,42,1,22,9,121.541403,25.1222407
111,10,8,10,0,2,08士林區,士林區東山路25巷81弄,0,0,2,3,,6,1,5,30,11,9,1,4,4,5,7,4,4,10,5,5,1,17,3,,,,,,,,,,,,,67,42,1,,,121.541403,25.1222407
111,10,8,10,13,2,07信義區,信義區光復南路與基隆路1段380巷口,0,0,1,1,F01,6,1,5,50,3,2,1,4,4,5,7,1,1,1,4,5,2,12,2,63,2,9,1,1,7,9,8,20,1,16,,43,43,1,22,9,121.557587,25.03419576
111,10,8,10,13,2,07信義區,信義區光復南路與基隆路1段380巷口,0,0,1,2,C03,6,1,5,50,3,2,1,4,4,5,7,1,1,1,4,5,2,12,1,46,3,10,3,4,7,9,1,10,1,12,,43,43,1,22,9,121.557587,25.03419576
111,10,8,10,40,2,02萬華區,萬華區永福街13號,0,0,1,1,C03,6,1,5,30,14,9,1,4,4,5,7,4,4,10,5,5,1,17,1,19,3,10,3,4,7,5,1,10,1,14,,8,8,1,22,9,121.5056165,25.03816655
111,10,8,10,40,2,02萬華區,萬華區永福街13號,0,0,1,2,C03,6,1,5,30,14,9,1,4,4,5,7,4,4,10,5,5,1,17,1,51,2,9,3,4,7,9,1,10,1,12,,44,8,1,22,9,121.5056165,25.03816655
111,10,8,10,44,2,08士林區,士林區中正路351號,0,0,1,1,C03,8,1,5,50,15,9,1,5,4,5,7,1,1,1,4,5,2,13,1,40,2,9,3,4,7,9,1,10,1,11,,16,16,1,22,9,121.5224328,25.09447122
111,10,8,10,44,2,08士林區,士林區中正路351號,0,0,1,2,C03,8,1,5,50,15,9,1,5,4,5,7,1,1,1,4,5,2,13,2,24,3,10,3,4,7,9,1,10,1,13,,44,16,1,22,9,121.5224328,25.09447122
111,10,8,10,45,2,05中正區,中正區水源快速道路第79號燈桿前,0,0,5,1,B03,6,1,5,60,10,7,1,4,4,5,7,4,4,2,4,5,1,13,2,39,2,2,2,1,7,9,1,8,1,1,,23,23,1,22,9,121.5323988,25.00921362
111,10,8,10,45,2,05中正區,中正區水源快速道路第79號燈桿前,0,0,5,2,B03,6,1,5,60,10,7,1,4,4,5,7,4,4,2,4,5,1,13,1,42,2,1,1,1,7,9,1,8,1,3,,44,23,1,22,9,121.5323988,25.00921362
111,10,8,10,45,2,05中正區,中正區水源快速道路第79號燈桿前,0,0,5,3,H02,6,1,5,60,10,7,1,4,4,5,7,4,4,2,4,5,1,13,2,33,2,3,2,5,7,17,8,20,10,16,,67,23,1,22,9,121.5323988,25.00921362
111,10,8,10,45,2,05中正區,中正區水源快速道路第79號燈桿前,0,0,5,4,H02,6,1,5,60,10,7,1,4,4,5,7,4,4,2,4,5,1,13,2,43,2,2,1,5,7,17,8,20,10,16,,67,23,1,22,9,121.5323988,25.00921362
111,10,8,10,45,2,05中正區,中正區水源快速道路第79號燈桿前,0,0,5,5,H02,6,1,5,60,10,7,1,4,4,5,7,4,4,2,4,5,1,13,2,5,2,2,1,5,7,17,8,20,10,16,,67,23,1,22,9,121.5323988,25.00921362
111,10,8,11,22,2,11南港區,南港區松河街316號與松河街口無名巷,0,0,2,1,C03,8,1,5,40,3,2,1,4,4,5,7,4,4,5,5,5,2,15,1,19,2,7,1,1,7,11,3,18,1,12,,6,6,1,22,9,121.5833554,25.0529166
111,10,8,11,22,2,11南港區,南港區松河街316號與松河街口無名巷,0,0,2,2,C03,8,1,5,40,3,2,1,4,4,5,7,4,4,5,5,5,2,15,2,24,2,9,1,1,7,9,1,10,1,11,,14,6,1,22,9,121.5833554,25.0529166
111,10,8,11,25,2,04大安區,大安區和平東路3段與基隆路2段口,0,0,2,1,B03,6,1,5,50,5,1,1,4,4,5,7,2,1,10,5,5,2,17,1,89,3,10,1,3,7,6,1,8,1,5,,9,9,1,22,9,121.5524559,25.02419565
111,10,8,11,25,2,04大安區,大安區和平東路3段與基隆路2段口,0,0,2,2,C03,6,1,5,50,5,1,1,4,4,5,7,2,1,10,5,5,2,17,1,22,2,7,1,1,7,9,1,10,1,14,,44,9,1,22,9,121.5524559,25.02419565
111,10,8,11,25,2,04大安區,大安區和平東路3段與基隆路2段口,0,0,2,3,H03,6,1,5,50,5,1,1,4,4,5,7,2,1,10,5,5,2,17,2,76,3,10,4,1,8,21,8,20,10,15,,67,9,1,22,9,121.5524559,25.02419565
111,10,8,11,25,2,04大安區,大安區和平東路3段與基隆路2段口,0,0,2,4,H03,6,1,5,50,5,1,1,4,4,5,7,2,1,10,5,5,2,17,2,19,2,9,4,5,8,21,8,20,10,15,,67,9,1,22,9,121.5524559,25.02419565
111,10,8,11,40,2,01大同區,大同區華陰街與重慶北路1段口,0,0,2,1,C03,7,1,5,50,4,1,1,5,4,5,7,1,1,1,4,5,2,17,1,67,2,9,1,1,7,8,1,10,1,13,,7,7,1,22,9,121.513713,25.0505813
111,10,8,11,40,2,01大同區,大同區華陰街與重慶北路1段口,0,0,2,2,C03,7,1,5,50,4,1,1,5,4,5,7,1,1,1,4,5,2,17,1,30,2,9,1,1,7,9,1,10,1,11,,16,7,1,22,9,121.513713,25.0505813
111,10,8,11,43,2,12內湖區,內湖區基湖路與堤頂大道2段口,0,0,1,1,B03,6,1,5,70,15,18,1,4,4,5,7,2,1,1,2,1,2,3,1,32,3,10,3,4,7,1,1,2,2,1,,19,19,1,22,9,121.56415,25.07897298
111,10,8,11,43,2,12內湖區,內湖區基湖路與堤頂大道2段口,0,0,1,2,H01,6,1,5,70,15,18,1,4,4,5,7,2,1,1,2,1,2,3,1,56,2,9,4,5,8,16,8,20,10,16,,67,19,1,22,9,121.56415,25.07897298
111,10,8,11,45,2,03中山區,中山區民族東路410巷2弄6號,0,0,2,1,C03,7,1,5,50,14,9,1,5,4,5,7,4,4,9,5,5,2,3,2,48,2,9,1,1,7,9,1,10,1,11,,23,23,1,22,9,121.5378341,25.0668719
111,10,8,11,45,2,03中山區,中山區民族東路410巷2弄6號,0,0,2,2,H01,7,1,5,50,14,9,1,5,4,5,7,4,4,9,5,5,2,3,2,51,2,9,4,5,8,16,8,20,10,16,,51,23,1,22,9,121.5378341,25.0668719
111,10,8,11,55,2,07信義區,信義區吳興街220巷33號與吳興街220巷口,0,0,1,1,B03,6,1,5,50,3,1,1,4,4,5,7,1,1,5,4,5,2,16,1,75,3,10,1,1,7,5,1,8,2,1,,8,8,1,22,9,121.562267,25.027229
111,10,8,11,55,2,07信義區,信義區吳興街220巷33號與吳興街220巷口,0,0,1,2,C03,6,1,5,50,3,1,1,4,4,5,7,1,1,5,4,5,2,16,2,54,2,9,1,1,7,9,1,10,2,11,,44,8,1,22,9,121.562267,25.027229
111,10,8,12,0,2,08士林區,士林區中正路227號,0,0,1,1,C03,8,1,5,50,14,9,1,5,4,5,7,4,4,1,4,5,2,13,1,22,2,9,1,1,7,9,1,10,2,11,,16,16,1,22,9,121.5261406,25.09532068
111,10,8,12,0,2,08士林區,士林區中正路227號,0,0,1,2,B03,8,1,5,50,14,9,1,5,4,5,7,4,4,1,4,5,2,13,1,40,3,10,3,4,7,9,1,8,2,3,,44,16,1,22,9,121.5261406,25.09532068
111,10,8,12,0,2,08士林區,士林區中正路227號,0,0,1,3,,8,1,5,50,14,9,1,5,4,5,7,4,4,1,4,5,2,13,3,,,,,,,,,,,,,67,16,1,,,121.5261406,25.09532068
111,10,8,12,4,2,02萬華區,萬華區西藏路215號,0,0,1,1,C03,7,1,5,50,14,9,1,5,4,5,7,3,1,1,4,5,1,9,1,42,2,9,3,4,7,9,1,10,2,12,,42,42,1,22,9,121.494976,25.02871168
111,10,8,12,4,2,02萬華區,萬華區西藏路215號,0,0,1,2,H01,7,1,5,50,14,9,1,5,4,5,7,3,1,1,4,5,1,9,2,60,3,10,4,5,8,20,8,20,9,16,,67,42,1,22,9,121.494976,25.02871168
111,10,8,12,9,2,02萬華區,萬華區環河南路2段202號,0,0,1,1,B01,7,1,5,50,14,9,1,5,4,5,7,1,1,10,5,5,2,17,1,39,3,10,3,4,7,1,1,4,2,4,,19,19,1,22,9,121.4930406,25.03389713
111,10,8,12,9,2,02萬華區,萬華區環河南路2段202號,0,0,1,2,C03,7,1,5,50,14,9,1,5,4,5,7,1,1,10,5,5,2,17,1,44,2,9,3,4,7,9,1,10,5,11,,13,19,1,22,9,121.4930406,25.03389713
111,10,8,12,15,2,06松山區,松山區健康路與健康路15巷口,0,0,1,1,B12,7,1,5,30,4,1,1,4,4,5,7,2,1,9,4,5,2,17,1,40,3,10,1,1,7,9,1,8,9,4,,23,23,1,22,9,121.5526137,25.053257
111,10,8,12,15,2,06松山區,松山區健康路與健康路15巷口,0,0,1,2,G06,7,1,5,30,4,1,1,4,4,5,7,2,1,9,4,5,2,17,2,11,2,6,1,1,7,11,7,19,9,15,,42,23,1,22,9,121.5526137,25.053257
111,10,8,12,17,2,06松山區,松山區南京東路5段343號,0,0,1,2,C03,6,1,5,50,14,11,1,4,4,5,7,4,4,8,3,4,1,17,1,27,2,9,3,1,7,9,1,10,1,14,,44,43,1,22,9,121.5677277,25.05140976
111,10,8,12,17,2,06松山區,松山區南京東路5段343號,0,0,1,1,,6,1,5,50,14,11,1,4,4,5,7,4,4,8,3,4,1,17,4,,4,11,3,4,7,15,7,19,11,15,,43,43,2,22,9,121.5677277,25.05140976
111,10,8,12,22,2,08士林區,士林區中山北路6段89號,0,0,1,1,B03,7,1,5,50,14,7,1,5,4,5,7,4,4,1,4,4,2,13,1,57,3,10,1,1,7,9,1,8,1,1,,23,23,1,22,9,121.524807,25.10548458