發生年度,發生月,發生日,發生時-Hours,發生分,處理別-編號,區序,肇事地點,死亡人數,2-30日死亡人數,受傷人數,當事人序號,車種,天候,光線,道路類別,速限-速度限制,道路型態,事故位置,路面狀況1,路面狀況2,路面狀況3,道路障礙1,道路障礙2,號誌1,號誌2,車道劃分-分向,車道劃分-分道1,車道劃分-分道2,車道劃分-分道3,事故類型及型態,性別,年齡,受傷程度,主要傷處,安全帽,行動電話,車輛用途,當事者行動狀態,駕駛資格情形,駕駛執照種類,飲酒情形,車輛撞擊部位1,車輛撞擊部位2,肇因碼-個別,肇因碼-主要,個人肇逃否,職業,旅次目的,座標-X,座標-Y
111,10,8,12,22,2,08士林區,士林區中山北路6段89號,0,0,1,2,B03,7,1,5,50,14,7,1,5,4,5,7,4,4,1,4,4,2,13,1,50,2,2,1,1,7,14,1,8,1,3,,44,23,1,22,9,121.524807,25.10548458
111,10,8,12,44,2,04大安區,大安區臥龍街151巷與安居街98巷口,0,0,1,1,B12,6,1,5,30,3,1,1,4,4,5,7,4,4,9,4,5,2,17,1,73,3,10,1,1,7,5,1,8,2,1,,6,6,1,22,9,121.5519051,25.0197683
111,10,8,12,44,2,04大安區,大安區臥龍街151巷與安居街98巷口,0,0,1,2,C03,6,1,5,30,3,1,1,4,4,5,7,4,4,9,4,5,2,17,2,20,2,9,1,1,7,9,1,10,2,12,,44,6,1,22,9,121.5519051,25.0197683
111,10,8,13,30,2,03中山區,中山區大佳河濱公園東往西共融式遊樂場前,0,0,1,1,C04,7,1,5,50,11,9,1,5,4,5,7,4,4,4,5,5,1,18,1,22,2,9,1,4,7,9,1,10,2,12,,42,42,1,22,9,121.5345235,25.07440422
111,10,8,13,30,2,03中山區,中山區大佳河濱公園東往西共融式遊樂場前,0,0,1,2,,7,1,5,50,11,9,1,5,4,5,7,4,4,4,5,5,1,18,3,,,,,,,,,,,,,67,42,1,,,121.5345235,25.07440422
111,10,8,14,51,2,09北投區,北投區石牌路1段與承德路7段口,0,0,2,1,C03,8,1,5,50,4,2,1,5,4,5,7,2,1,1,4,5,2,17,2,28,2,9,1,1,7,8,1,10,1,12,,7,7,1,22,9,121.521436,25.120726
111,10,8,14,51,2,09北投區,北投區石牌路1段與承德路7段口,0,0,2,2,C03,8,1,5,50,4,2,1,5,4,5,7,2,1,1,4,5,2,17,1,52,2,9,1,1,7,9,1,10,1,11,,44,7,1,22,9,121.521436,25.120726
111,10,8,14,53,2,12內湖區,內湖區民權東路6段124號前,0,0,1,1,B12,6,1,5,40,14,8,1,4,4,5,7,1,1,1,4,4,2,16,1,31,3,10,1,1,7,1,1,8,1,7,,19,19,1,22,9,121.5874278,25.06897873
111,10,8,14,53,2,12內湖區,內湖區民權東路6段124號前,0,0,1,2,C03,6,1,5,40,14,8,1,4,4,5,7,1,1,1,4,4,2,16,1,42,2,9,1,1,7,9,1,10,1,11,,44,19,1,22,9,121.5874278,25.06897873
111,10,8,14,56,2,05中正區,中正區金山南路1段迴轉道,0,0,1,2,C03,7,1,5,50,15,6,1,4,4,5,7,4,4,4,1,5,2,12,2,26,2,8,1,1,7,5,1,9,1,12,,43,43,1,22,9,121.52976,25.04263947
111,10,8,14,56,2,05中正區,中正區金山南路1段迴轉道,0,0,1,1,B03,7,1,5,50,15,6,1,4,4,5,7,4,4,4,1,5,2,12,1,38,3,10,1,1,7,5,1,8,1,4,,43,43,1,22,9,121.52976,25.04263947
111,10,8,15,0,2,09北投區,北投區公館路427號,0,0,1,3,B12,6,1,5,50,14,9,1,4,4,5,7,4,4,5,4,5,2,17,1,54,3,10,1,1,7,14,1,8,1,4,,44,7,1,22,9,121.5024434,25.12078625
111,10,8,15,0,2,09北投區,北投區公館路427號,0,0,1,1,C03,6,1,5,50,14,9,1,4,4,5,7,4,4,5,4,5,2,17,2,71,2,8,1,1,7,7,1,10,1,14,,7,7,1,22,9,121.5024434,25.12078625
111,10,8,15,0,2,09北投區,北投區公館路427號,0,0,1,2,B03,6,1,5,50,14,9,1,4,4,5,7,4,4,5,4,5,2,17,1,53,3,10,1,1,7,9,1,8,1,2,,23,7,1,22,9,121.5024434,25.12078625
111,10,8,15,1,2,01大同區,大同區鄭州路與環河北路1段口,0,0,1,1,C03,6,1,5,50,4,2,1,4,4,5,7,1,1,9,2,5,2,12,1,32,3,10,1,1,7,8,1,10,1,15,,26,26,1,22,9,121.5068078,25.05034513
111,10,8,15,1,2,01大同區,大同區鄭州路與環河北路1段口,0,0,1,2,C03,6,1,5,50,4,2,1,4,4,5,7,1,1,9,2,5,2,12,1,32,2,9,1,1,7,9,1,10,1,14,,44,26,1,22,9,121.5068078,25.05034513
111,10,8,15,24,2,04大安區,大安區忠孝東路4段146巷與安和路1段口,0,0,1,1,B01,6,1,5,30,3,1,1,4,4,5,7,4,4,1,5,5,2,16,1,59,3,10,1,1,7,6,1,4,1,1,,6,6,1,22,9,121.549599,25.0397248
111,10,8,15,24,2,04大安區,大安區忠孝東路4段146巷與安和路1段口,0,0,1,2,C03,6,1,5,30,3,1,1,4,4,5,7,4,4,1,5,5,2,16,2,38,2,9,1,1,7,9,1,10,1,12,,13,6,1,22,9,121.549599,25.0397248
111,10,8,16,4,2,09北投區,北投區大度路1段167號,0,0,2,1,C03,7,1,5,50,14,12,1,5,4,5,7,4,4,1,4,5,1,12,1,43,2,8,1,1,7,8,1,10,1,13,,7,7,1,22,9,121.4916363,25.12145737
111,10,8,16,4,2,09北投區,北投區大度路1段167號,0,0,2,2,C03,7,1,5,50,14,12,1,5,4,5,7,4,4,1,4,5,1,12,1,28,2,9,1,1,7,9,1,10,1,11,,23,7,1,22,9,121.4916363,25.12145737
111,10,8,17,5,2,08士林區,士林區基河路與基河路口劍潭捷運站停車場出入口,0,0,1,1,B03,6,2,5,50,3,1,1,4,4,5,7,4,4,10,4,5,2,17,1,41,3,10,1,4,7,5,1,8,1,15,,8,8,1,22,9,121.5243547,25.08249078
111,10,8,17,5,2,08士林區,士林區基河路與基河路口劍潭捷運站停車場出入口,0,0,1,2,C03,6,2,5,50,3,1,1,4,4,5,7,4,4,10,4,5,2,17,1,53,2,9,1,4,7,9,1,10,1,12,,42,8,1,22,9,121.5243547,25.08249078
111,10,8,17,42,2,02萬華區,萬華區昆明街與開封街2段口,0,0,1,1,B03,6,3,5,50,4,1,1,4,4,5,7,2,1,10,5,5,1,13,1,29,3,10,1,4,7,5,1,8,1,8,,23,23,1,22,9,121.50592,25.0468371
111,10,8,17,42,2,02萬華區,萬華區昆明街與開封街2段口,0,0,1,2,B01,6,3,5,50,4,1,1,4,4,5,7,2,1,10,5,5,1,13,1,58,2,9,1,4,7,14,1,8,1,6,,44,23,1,22,9,121.50592,25.0468371
111,10,8,18,10,2,10文山區,文山區木新路3段133-2號,0,0,1,1,B03,6,3,5,50,14,9,2,4,4,5,7,4,4,5,4,5,2,17,1,75,3,10,3,4,7,5,1,8,2,15,,43,43,1,22,9,121.5619271,24.98195601
111,10,8,18,10,2,10文山區,文山區木新路3段133-2號,0,0,1,2,C03,6,3,5,50,14,9,2,4,4,5,7,4,4,5,4,5,2,17,1,74,2,9,1,1,7,9,6,10,1,12,,44,43,1,22,9,121.5619271,24.98195601
111,10,8,18,35,2,11南港區,南港區市民大道8段與南港路2段178巷口,0,0,1,1,C03,6,3,5,50,3,1,1,4,4,5,7,2,1,5,4,5,2,16,2,27,2,7,1,1,7,5,1,10,1,14,,8,8,1,21,8,121.599568,25.05212427
111,10,8,18,35,2,11南港區,南港區市民大道8段與南港路2段178巷口,0,0,1,2,B02,6,3,5,50,3,1,1,4,4,5,7,2,1,5,4,5,2,16,1,18,3,10,1,1,7,9,1,8,1,8,,44,8,1,21,8,121.599568,25.05212427
111,10,8,18,44,2,10文山區,文山區景華街82巷與景華街82巷7弄口,0,0,2,1,C04,6,3,5,30,3,2,1,4,4,5,7,4,4,10,5,5,2,16,2,54,2,9,1,1,7,6,1,11,1,11,,23,23,1,22,9,121.5453203,24.99467761
111,10,8,18,44,2,10文山區,文山區景華街82巷與景華街82巷7弄口,0,0,2,2,C03,6,3,5,30,3,2,1,4,4,5,7,4,4,10,5,5,2,16,2,20,2,9,1,1,7,9,1,10,1,11,,5,23,1,22,9,121.5453203,24.99467761
111,10,8,19,53,2,01大同區,大同區鄭州路中興醫院前,0,0,3,1,C03,7,3,5,40,14,9,1,5,4,5,7,4,4,1,5,5,2,13,2,18,2,9,1,1,7,9,3,18,1,11,,23,23,1,22,9,121.50887,25.05051633
111,10,8,19,53,2,01大同區,大同區鄭州路中興醫院前,0,0,3,2,C03,7,3,5,40,14,9,1,5,4,5,7,4,4,1,5,5,2,13,2,49,2,9,1,1,7,9,1,10,1,13,,44,23,1,22,9,121.50887,25.05051633
111,10,8,19,53,2,01大同區,大同區鄭州路中興醫院前,0,0,3,3,H02,7,3,5,40,14,9,1,5,4,5,7,4,4,1,5,5,2,13,1,20,2,9,4,5,7,21,8,20,10,16,,67,23,1,22,9,121.50887,25.05051633
111,10,8,20,19,2,02萬華區,萬華區環河南路2段與雙園街口,0,0,2,1,B12,8,3,5,50,5,1,1,5,4,5,7,2,1,1,5,5,2,16,1,64,3,10,1,1,7,5,1,8,1,8,,6,6,1,22,9,121.4913935,25.03211634
111,10,8,20,19,2,02萬華區,萬華區環河南路2段與雙園街口,0,0,2,2,C03,8,3,5,50,5,1,1,5,4,5,7,2,1,1,5,5,2,16,1,25,2,9,1,1,7,9,1,10,1,14,,44,6,1,22,9,121.4913935,25.03211634
111,10,8,20,19,2,02萬華區,萬華區環河南路2段與雙園街口,0,0,2,3,H02,8,3,5,50,5,1,1,5,4,5,7,2,1,1,5,5,2,16,2,25,2,9,4,5,7,20,8,20,10,16,,67,6,1,22,9,121.4913935,25.03211634
111,10,8,20,20,2,08士林區,士林區中正路287號,0,0,2,1,H01,8,3,5,50,14,9,1,5,4,5,7,4,4,1,5,5,2,3,2,25,2,9,4,5,8,16,8,20,10,16,,51,51,1,22,9,121.5241186,25.09484952
111,10,8,20,20,2,08士林區,士林區中正路287號,0,0,2,2,C03,8,3,5,50,14,9,1,5,4,5,7,4,4,1,5,5,2,3,2,19,2,9,1,1,7,9,1,10,2,11,,23,51,1,22,9,121.5241186,25.09484952
111,10,8,20,53,2,06松山區,松山區市民大道4段與敦化南路1段口,0,0,1,1,C03,8,3,5,40,4,1,1,5,4,5,7,1,1,1,4,5,2,13,2,29,2,9,1,1,7,9,1,10,1,11,,23,23,1,22,9,121.5491521,25.04492151
111,10,8,20,53,2,06松山區,松山區市民大道4段與敦化南路1段口,0,0,1,2,B03,8,3,5,40,4,1,1,5,4,5,7,1,1,1,4,5,2,13,1,36,3,10,1,1,7,6,1,10,1,7,,44,23,1,22,9,121.5491521,25.04492151
111,10,8,20,55,2,04大安區,大安區大安路1段116巷與復興南路1段口,0,0,2,1,B03,6,3,5,50,4,1,1,4,4,5,7,2,1,1,4,4,2,16,1,58,3,10,1,1,7,5,1,8,1,2,,6,6,1,22,9,121.5438333,25.03982414
111,10,8,20,55,2,04大安區,大安區大安路1段116巷與復興南路1段口,0,0,2,2,B01,6,3,5,50,4,1,1,4,4,5,7,2,1,1,4,4,2,16,1,61,2,3,1,1,7,9,1,4,1,1,,23,6,1,22,9,121.5438333,25.03982414
111,10,8,20,55,2,04大安區,大安區大安路1段116巷與復興南路1段口,0,0,2,3,H02,6,3,5,50,4,1,1,4,4,5,7,2,1,1,4,4,2,16,2,50,2,1,4,5,7,20,8,20,10,16,,67,6,1,22,9,121.5438333,25.03982414
111,10,8,21,10,2,08士林區,士林區通河西街2段與社中街384巷口,0,0,1,1,B03,8,1,5,30,3,2,1,5,4,5,7,4,4,9,5,5,1,17,2,32,3,10,1,1,7,5,1,8,9,2,,8,8,1,22,9,121.5034971,25.0934701
111,10,8,21,10,2,08士林區,士林區通河西街2段與社中街384巷口,0,0,1,2,C03,8,1,5,30,3,2,1,5,4,5,7,4,4,9,5,5,1,17,1,19,2,9,1,1,7,9,1,10,9,11,,23,8,1,22,9,121.5034971,25.0934701
111,10,8,21,22,2,03中山區,中山區濱江街99號與濱江街口,0,0,1,1,C03,8,3,5,50,4,1,1,5,4,5,7,4,4,1,4,5,2,17,1,25,2,9,1,4,7,9,1,10,1,14,,13,13,1,22,9,121.53445,25.07323728
111,10,8,21,22,2,03中山區,中山區濱江街99號與濱江街口,0,0,1,2,B03,8,3,5,50,4,1,1,5,4,5,7,4,4,1,4,5,2,17,1,36,3,10,3,4,7,5,1,8,1,15,,8,13,1,22,9,121.53445,25.07323728
111,10,8,22,5,2,03中山區,中山區民權東路2段與中原街口,0,0,1,1,C03,7,3,5,50,4,1,1,4,4,5,7,2,1,1,3,5,2,17,1,23,2,9,3,4,7,9,1,10,1,12,,44,44,1,22,9,121.5290401,25.06251771
111,10,8,22,5,2,03中山區,中山區民權東路2段與中原街口,0,0,1,2,B01,7,3,5,50,4,1,1,4,4,5,7,2,1,1,3,5,2,17,1,29,3,10,3,4,7,8,1,4,1,15,,7,44,1,22,9,121.5290401,25.06251771
111,10,8,22,5,2,03中山區,中山區民權東路2段與中原街口,0,0,1,3,B03,7,3,5,50,4,1,1,4,4,5,7,2,1,1,3,5,2,17,1,19,4,11,3,4,7,15,7,19,11,15,,38,44,2,22,9,121.5290401,25.06251771
111,10,8,22,18,2,12內湖區,內湖區成功路4段61巷與成功路4段口,0,0,1,1,B03,6,3,5,50,3,1,1,4,4,5,7,1,1,1,5,5,2,13,1,51,3,10,1,1,7,11,1,8,2,6,,10,10,1,22,9,121.5923406,25.0819876
111,10,8,22,18,2,12內湖區,內湖區成功路4段61巷與成功路4段口,0,0,1,2,C03,6,3,5,50,3,1,1,4,4,5,7,1,1,1,5,5,2,13,1,34,2,9,1,1,7,9,1,10,2,11,,44,10,1,22,9,121.5923406,25.0819876
111,10,8,22,46,2,06松山區,松山區市民大道5段37號,0,0,1,2,C03,6,3,5,40,14,9,1,4,4,5,7,4,4,1,4,5,2,17,1,26,2,9,1,1,7,9,1,10,1,15,,13,19,1,22,9,121.5597,25.04595699
111,10,8,22,46,2,06松山區,松山區市民大道5段37號,0,0,1,1,B01,6,3,5,40,14,9,1,4,4,5,7,4,4,1,4,5,2,17,1,46,3,10,3,4,7,1,1,4,1,15,,19,19,1,22,9,121.5597,25.04595699
111,10,8,22,57,2,02萬華區,萬華區康定路與康定路101巷口,0,0,1,1,B12,8,3,5,50,3,2,1,5,4,5,7,4,4,5,5,5,2,16,1,47,3,10,1,1,7,11,1,8,1,4,,10,10,1,22,9,121.5019573,25.03966463
111,10,8,22,57,2,02萬華區,萬華區康定路與康定路101巷口,0,0,1,2,C03,8,3,5,50,3,2,1,5,4,5,7,4,4,5,5,5,2,16,1,59,2,9,1,1,7,9,1,10,1,11,,23,10,1,22,9,121.5019573,25.03966463
111,10,8,23,36,2,05中正區,中正區中山南路與凱達格蘭大道口,0,0,1,1,C03,8,4,5,50,5,1,1,5,4,5,7,1,1,10,5,5,2,16,2,39,2,9,1,1,7,6,1,10,2,14,,6,6,1,22,9,121.5171503,25.0392977
111,10,8,23,36,2,05中正區,中正區中山南路與凱達格蘭大道口,0,0,1,2,B01,8,4,5,50,5,1,1,5,4,5,7,1,1,10,5,5,2,16,1,47,3,10,1,1,7,9,1,8,2,2,,44,6,1,22,9,121.5171503,25.0392977
111,10,8,23,45,2,04大安區,大安區和平東路3段與基隆路2段口,0,0,1,1,B02,7,1,5,50,4,2,1,5,4,5,7,1,1,1,4,5,2,16,2,35,3,10,1,1,7,6,1,8,2,2,,6,6,1,22,9,121.5524847,25.0244389
111,10,8,23,45,2,04大安區,大安區和平東路3段與基隆路2段口,0,0,1,2,C03,7,1,5,50,4,2,1,5,4,5,7,1,1,1,4,5,2,16,1,37,2,9,1,1,7,9,1,10,2,14,,44,6,1,22,9,121.5524847,25.0244389
111,10,9,0,2,2,01大同區,大同區鄭州路與延平北路1段口,0,0,1,1,C03,8,3,5,40,14,9,1,5,4,4,7,1,1,8,3,5,1,13,1,19,2,7,1,1,7,9,1,10,1,11,,23,23,1,22,9,121.5119749,25.05013724
111,10,9,0,2,2,01大同區,大同區鄭州路與延平北路1段口,0,0,1,2,B01,8,3,5,40,14,9,1,5,4,4,7,1,1,8,3,5,1,13,1,48,3,10,1,1,7,9,1,4,1,1,,23,23,1,22,9,121.5119749,25.05013724
111,10,9,0,2,2,01大同區,大同區鄭州路與延平北路1段口,0,0,1,3,B01,8,3,5,40,14,9,1,5,4,4,7,1,1,8,3,5,1,13,1,62,3,10,1,1,7,9,1,4,1,1,,23,23,1,22,9,121.5119749,25.05013724
111,10,9,0,2,2,01大同區,大同區鄭州路與延平北路1段口,0,0,1,4,,8,3,5,40,14,9,1,5,4,4,7,1,1,8,3,5,1,13,3,,,,,,,,,,10,,,67,23,1,,,121.5119749,25.05013724
111,10,9,0,45,2,07信義區,信義區永吉路120巷55號,0,0,1,1,C03,7,3,5,30,14,9,1,5,4,5,7,4,4,9,5,5,2,16,1,20,2,9,1,1,7,5,1,10,2,14,,6,6,1,22,9,121.5702289,25.0439309
111,10,9,0,45,2,07信義區,信義區永吉路120巷55號,0,0,1,2,B03,7,3,5,30,14,9,1,5,4,5,7,4,4,9,5,5,2,16,1,40,3,10,1,1,7,9,1,8,2,5,,14,6,1,22,9,121.5702289,25.0439309
111,10,9,2,5,2,06松山區,松山區民權東路3段與民權東路3段103巷口,0,0,2,1,B03,8,3,5,30,3,1,1,5,4,5,7,4,4,10,5,5,2,15,1,31,2,7,3,4,7,9,1,8,1,2,,23,23,1,22,9,121.5449535,25.06225422
111,10,9,2,5,2,06松山區,松山區民權東路3段與民權東路3段103巷口,0,0,2,2,F01,8,3,5,30,3,1,1,5,4,5,7,4,4,10,5,5,2,15,2,20,2,9,1,1,7,11,8,20,1,16,,11,23,1,22,9,121.5449535,25.06225422
111,10,9,3,27,2,07信義區,信義區松德路168巷與忠孝東路5段236巷口,0,0,1,1,C03,6,1,5,30,11,9,1,4,4,5,7,4,4,10,5,5,2,29,2,32,2,9,1,1,7,5,1,10,1,14,,44,44,1,22,9,121.5719049,25.0365782
111,10,9,3,27,2,07信義區,信義區松德路168巷與忠孝東路5段236巷口,0,0,1,3,,6,1,5,30,11,9,1,4,4,5,7,4,4,10,5,5,2,29,3,,,,,,,,,,10,,,67,44,1,,,121.5719049,25.0365782
111,10,9,3,27,2,07信義區,信義區松德路168巷與忠孝東路5段236巷口,0,0,1,2,A12,6,1,5,30,11,9,1,4,4,5,7,4,4,10,5,5,2,29,1,40,3,10,1,1,7,5,1,6,9,15,,42,44,1,22,9,121.5719049,25.0365782
111,10,9,4,46,2,07信義區,信義區市民大道5段2號,0,0,2,1,C04,6,3,5,40,14,9,1,4,4,5,7,4,4,10,5,5,2,17,1,31,2,9,1,1,7,15,1,11,6,11,,21,21,1,22,9,121.5588546,25.04543848
111,10,9,4,46,2,07信義區,信義區市民大道5段2號,0,0,2,2,B03,6,3,5,40,14,9,1,4,4,5,7,4,4,10,5,5,2,17,1,32,3,10,1,1,7,15,1,8,2,3,,23,21,1,22,9,121.5588546,25.04543848
111,10,9,4,46,2,07信義區,信義區市民大道5段2號,0,0,2,3,B03,6,3,5,40,14,9,1,4,4,5,7,4,4,10,5,5,2,17,1,47,3,10,1,1,7,15,1,8,2,1,,44,21,1,22,9,121.5588546,25.04543848
111,10,9,4,46,2,07信義區,信義區市民大道5段2號,0,0,2,4,H02,6,3,5,40,14,9,1,4,4,5,7,4,4,10,5,5,2,17,1,23,2,9,4,5,7,21,8,20,10,16,,60,21,1,22,9,121.5588546,25.04543848
111,10,9,6,30,2,04大安區,大安區新生南路1段與仁愛路3段口,0,0,2,1,H01,7,2,5,0,4,2,1,5,4,5,7,2,1,1,4,5,2,1,1,38,2,9,4,5,8,18,8,20,10,16,,52,52,1,22,9,121.533019,25.0380092
111,10,9,6,30,2,04大安區,大安區新生南路1段與仁愛路3段口,0,0,2,2,C03,7,2,5,0,4,2,1,5,4,5,7,2,1,1,4,5,2,1,1,39,2,9,1,1,7,9,1,10,1,11,,15,52,1,22,9,121.533019,25.0380092
111,10,9,6,34,2,08士林區,士林區美崙街2號,0,0,1,1,C03,8,1,5,50,14,9,1,5,4,5,7,4,4,9,4,5,2,17,1,78,2,9,1,1,7,7,1,10,1,14,,7,7,1,22,9,121.5239802,25.09730204
111,10,9,6,34,2,08士林區,士林區美崙街2號,0,0,1,2,B03,8,1,5,50,14,9,1,5,4,5,7,4,4,9,4,5,2,17,1,25,3,10,1,1,7,9,1,8,1,2,,23,7,1,22,9,121.5239802,25.09730204
111,10,9,9,4,2,04大安區,大安區濟南路3段5巷與濟南路3段口,0,0,3,1,C03,8,1,5,30,4,1,1,5,4,5,7,4,4,10,5,5,2,15,1,24,2,8,1,1,7,9,1,10,1,12,,6,6,1,22,9,121.5334448,25.0401685
111,10,9,9,4,2,04大安區,大安區濟南路3段5巷與濟南路3段口,0,0,3,2,C03,8,1,5,30,4,1,1,5,4,5,7,4,4,10,5,5,2,15,2,35,2,9,1,1,7,9,1,10,1,11,,44,6,1,22,9,121.5334448,25.0401685
111,10,9,9,4,2,04大安區,大安區濟南路3段5巷與濟南路3段口,0,0,3,3,H02,8,1,5,30,4,1,1,5,4,5,7,4,4,10,5,5,2,15,2,14,2,9,1,1,7,21,8,20,10,16,,67,6,1,22,9,121.5334448,25.0401685
111,10,9,9,6,2,01大同區,大同區環河北路1段與環河北路1段口南往北(玉泉公園停車場),0,0,1,1,B12,8,1,5,50,3,2,1,5,4,5,7,4,4,1,4,5,2,16,2,59,3,10,3,4,7,6,1,8,2,2,,9,9,1,22,9,121.5066768,25.04997049
111,10,9,9,6,2,01大同區,大同區環河北路1段與環河北路1段口南往北(玉泉公園停車場),0,0,1,2,C03,8,1,5,50,3,2,1,5,4,5,7,4,4,1,4,5,2,16,1,25,2,9,3,4,7,9,1,10,2,14,,23,9,1,22,9,121.5066768,25.04997049
111,10,9,9,8,2,04大安區,大安區安和路1段29號,0,0,1,1,C03,8,1,5,50,14,9,1,5,4,5,7,4,4,8,3,5,1,16,1,25,2,9,1,1,7,9,1,10,8,12,,21,21,1,22,9,121.5498756,25.0395031
111,10,9,9,8,2,04大安區,大安區安和路1段29號,0,0,1,2,B01,8,1,5,50,14,9,1,5,4,5,7,4,4,8,3,5,1,16,1,56,3,10,1,1,7,14,1,4,2,4,,38,21,1,22,9,121.5498756,25.0395031
111,10,9,9,21,2,07信義區,信義區松勤街與莊敬路口,0,0,1,1,B03,6,1,5,50,4,1,1,4,4,5,7,1,1,5,4,4,2,11,1,44,3,10,3,4,7,5,1,8,1,2,,6,6,1,22,9,121.5613468,25.0320557
111,10,9,9,21,2,07信義區,信義區松勤街與莊敬路口,0,0,1,2,C03,6,1,5,50,4,1,1,4,4,5,7,1,1,5,4,4,2,11,1,28,2,9,3,4,7,9,1,10,1,11,,44,6,1,22,9,121.5613468,25.0320557
111,10,9,9,53,2,09北投區,北投區文林北路94巷與西安街1段口,0,0,1,1,B01,7,1,5,50,14,9,1,5,4,5,7,1,1,1,4,5,1,12,1,62,3,10,1,1,7,1,1,4,1,5,,19,19,1,22,9,121.5200109,25.10765317
111,10,9,9,53,2,09北投區,北投區文林北路94巷與西安街1段口,0,0,1,2,C03,7,1,5,50,14,9,1,5,4,5,7,1,1,1,4,5,1,12,1,33,2,9,1,1,7,9,1,10,1,11,,23,19,1,22,9,121.5200109,25.10765317
111,10,9,9,53,2,09北投區,北投區文林北路94巷與西安街1段口,0,0,1,3,C03,7,1,5,50,14,9,1,5,4,5,7,1,1,1,4,5,1,12,1,62,3,10,3,1,7,13,1,10,9,13,,44,19,1,22,9,121.5200109,25.10765317
111,10,9,9,53,2,09北投區,北投區文林北路94巷與西安街1段口,0,0,1,4,C03,7,1,5,50,14,9,1,5,4,5,7,1,1,1,4,5,1,12,2,39,3,10,3,1,7,13,1,10,9,13,,44,19,1,22,9,121.5200109,25.10765317
111,10,9,9,53,2,09北投區,北投區文林北路94巷與西安街1段口,0,0,1,5,C03,7,1,5,50,14,9,1,5,4,5,7,1,1,1,4,5,1,12,1,42,3,10,3,1,7,13,1,10,9,13,,44,19,1,22,9,121.5200109,25.10765317
111,10,9,9,53,2,09北投區,北投區文林北路94巷與西安街1段口,0,0,1,6,C02,7,1,5,50,14,9,1,5,4,5,7,1,1,1,4,5,1,12,3,,,,,,,,,,,,,67,19,1,,,121.5200109,25.10765317
111,10,9,10,26,2,02萬華區,萬華區西藏路125巷與雙和街口,0,0,1,2,H01,8,1,5,50,4,2,1,5,4,5,7,2,1,5,5,5,2,2,2,54,2,6,4,5,8,16,8,20,10,16,,54,23,1,22,9,121.5026894,25.02798097
111,10,9,10,26,2,02萬華區,萬華區西藏路125巷與雙和街口,0,0,1,1,C03,8,1,5,50,4,2,1,5,4,5,7,2,1,5,5,5,2,2,2,22,4,11,3,4,7,15,7,19,11,15,,23,23,2,22,9,121.5026894,25.02798097
111,10,9,11,25,2,01大同區,大同區延平北路2段與歸綏街口,0,0,1,1,B03,7,1,5,50,3,1,1,5,4,5,7,1,1,5,4,5,2,16,1,48,3,10,3,4,7,6,1,8,2,5,,9,9,1,22,9,121.5114606,25.05830367
111,10,9,11,25,2,01大同區,大同區延平北路2段與歸綏街口,0,0,1,2,C03,7,1,5,50,3,1,1,5,4,5,7,1,1,5,4,5,2,16,1,55,2,9,3,4,7,9,1,10,2,11,,13,9,1,22,9,121.5114606,25.05830367
111,10,9,11,39,2,04大安區,大安區信義路3段149號前公車站牌,0,0,1,1,A04,7,1,5,40,14,10,1,5,4,5,7,2,1,1,2,5,2,9,1,58,3,10,1,1,7,9,1,2,2,15,,43,43,1,22,9,121.541966,25.0334315
111,10,9,11,39,2,04大安區,大安區信義路3段149號前公車站牌,0,0,1,2,H02,7,1,5,40,14,10,1,5,4,5,7,2,1,1,2,5,2,9,1,73,2,1,4,5,7,17,8,20,10,16,,67,43,1,22,9,121.541966,25.0334315
111,10,9,12,35,2,06松山區,松山區市民大道4段與復興南路1段口,0,0,3,1,B03,8,1,5,40,4,1,1,5,4,5,7,1,1,1,4,5,2,13,1,73,3,10,1,1,7,6,1,8,2,7,,9,9,1,22,9,121.5439319,25.04497544
111,10,9,12,35,2,06松山區,松山區市民大道4段與復興南路1段口,0,0,3,2,C03,8,1,5,40,4,1,1,5,4,5,7,1,1,1,4,5,2,13,1,24,2,9,1,1,7,9,1,10,2,12,,23,9,1,22,9,121.5439319,25.04497544
111,10,9,12,35,2,06松山區,松山區市民大道4段與復興南路1段口,0,0,3,3,C03,8,1,5,40,4,1,1,5,4,5,7,1,1,1,4,5,2,13,1,36,2,9,1,1,7,9,1,10,2,12,,44,9,1,22,9,121.5439319,25.04497544
111,10,9,12,35,2,06松山區,松山區市民大道4段與復興南路1段口,0,0,3,4,H02,8,1,5,40,4,1,1,5,4,5,7,1,1,1,4,5,2,13,2,35,2,9,4,5,7,17,8,20,10,16,,67,9,1,22,9,121.5439319,25.04497544
111,10,9,12,38,2,02萬華區,萬華區堤外便道華中青年與水源快速道路口,0,0,1,1,B03,8,1,5,50,3,1,1,5,4,5,7,4,4,9,4,5,2,17,1,60,3,10,1,1,7,6,1,8,1,5,,6,6,1,22,9,121.4981195,25.01614217
111,10,9,12,38,2,02萬華區,萬華區堤外便道華中青年與水源快速道路口,0,0,1,2,C03,8,1,5,50,3,1,1,5,4,5,7,4,4,9,4,5,2,17,1,69,2,9,1,1,7,9,1,10,1,14,,14,6,1,22,9,121.4981195,25.01614217
111,10,9,12,57,2,02萬華區,萬華區興寧街與萬大路口,0,0,2,1,C03,8,1,5,30,4,2,1,5,4,5,7,3,1,5,4,5,2,17,1,21,2,9,1,1,7,5,1,10,1,12,,6,6,1,22,9,121.5005329,25.03217431