發生年度,發生月,發生日,發生時-Hours,發生分,處理別-編號,區序,肇事地點,死亡人數,2-30日死亡人數,受傷人數,當事人序號,車種,天候,光線,道路類別,速限-速度限制,道路型態,事故位置,路面狀況1,路面狀況2,路面狀況3,道路障礙1,道路障礙2,號誌1,號誌2,車道劃分-分向,車道劃分-分道1,車道劃分-分道2,車道劃分-分道3,事故類型及型態,性別,年齡,受傷程度,主要傷處,安全帽,行動電話,車輛用途,當事者行動狀態,駕駛資格情形,駕駛執照種類,飲酒情形,車輛撞擊部位1,車輛撞擊部位2,肇因碼-個別,肇因碼-主要,個人肇逃否,職業,旅次目的,座標-X,座標-Y
111,10,9,12,57,2,02萬華區,萬華區興寧街與萬大路口,0,0,2,2,B01,8,1,5,30,4,2,1,5,4,5,7,3,1,5,4,5,2,17,1,65,3,10,1,1,7,9,1,4,1,8,,23,6,1,22,9,121.5005329,25.03217431
111,10,9,12,57,2,02萬華區,萬華區興寧街與萬大路口,0,0,2,3,H02,8,1,5,30,4,2,1,5,4,5,7,3,1,5,4,5,2,17,2,50,2,9,1,5,7,21,8,20,10,16,,67,6,1,22,9,121.5005329,25.03217431
111,10,9,13,35,2,12內湖區,內湖區民權東路6段190巷117弄與民權東路6段206巷143弄口,0,0,2,1,C03,6,1,5,30,3,1,1,4,4,5,7,4,4,9,5,5,2,16,1,22,2,9,1,1,7,5,1,10,1,14,,6,6,1,22,9,121.5956834,25.0643033
111,10,9,13,35,2,12內湖區,內湖區民權東路6段190巷117弄與民權東路6段206巷143弄口,0,0,2,2,B03,6,1,5,30,3,1,1,4,4,5,7,4,4,9,5,5,2,16,1,58,3,10,1,1,7,9,1,4,1,1,,44,6,1,22,9,121.5956834,25.0643033
111,10,9,13,35,2,12內湖區,內湖區民權東路6段190巷117弄與民權東路6段206巷143弄口,0,0,2,3,H02,6,1,5,30,3,1,1,4,4,5,7,4,4,9,5,5,2,16,2,22,2,9,1,1,7,20,8,20,10,16,,67,6,1,22,9,121.5956834,25.0643033
111,10,9,13,38,2,02萬華區,萬華區寶興街140巷與寶興街80巷29弄口,0,0,2,1,C03,7,1,5,30,4,2,1,5,4,5,7,4,4,10,5,5,1,17,1,57,2,9,3,4,7,9,1,10,1,11,,6,6,1,22,9,121.4943142,25.02434293
111,10,9,13,38,2,02萬華區,萬華區寶興街140巷與寶興街80巷29弄口,0,0,2,2,C03,7,1,5,30,4,2,1,5,4,5,7,4,4,10,5,5,1,17,1,30,2,9,3,4,7,9,1,10,1,12,,44,6,1,22,9,121.4943142,25.02434293
111,10,9,13,48,2,05中正區,中正區汀州路3段與羅斯福路4段136巷口口,0,0,1,1,C03,8,1,5,50,14,9,1,5,4,5,7,1,1,9,4,5,2,12,1,32,3,10,1,1,7,12,1,10,2,13,,42,42,1,22,9,121.5353099,25.01258137
111,10,9,13,48,2,05中正區,中正區汀州路3段與羅斯福路4段136巷口口,0,0,1,2,C03,8,1,5,50,14,9,1,5,4,5,7,1,1,9,4,5,2,12,1,29,2,9,1,1,7,9,1,10,2,15,,16,42,1,22,9,121.5353099,25.01258137
111,10,9,13,50,2,03中山區,中山區民權西路67號,0,0,1,1,A01,8,1,5,50,14,10,1,5,4,5,7,4,4,1,4,5,2,9,1,52,3,10,3,4,7,9,1,2,11,15,,43,43,1,22,9,121.5200439,25.06295036
111,10,9,13,50,2,03中山區,中山區民權西路67號,0,0,1,2,H02,8,1,5,50,14,10,1,5,4,5,7,4,4,1,4,5,2,9,2,74,2,7,4,5,7,17,8,20,10,16,,67,43,1,22,9,121.5200439,25.06295036
111,10,9,13,50,2,10文山區,文山區基隆路4段與汀州路4段口,0,0,2,1,C03,7,1,5,40,4,1,1,4,4,5,7,1,1,1,4,5,2,12,2,36,2,8,1,4,7,8,1,10,1,12,,7,7,1,22,9,121.536434,25.0108344
111,10,9,13,50,2,10文山區,文山區基隆路4段與汀州路4段口,0,0,2,2,C03,7,1,5,40,4,1,1,4,4,5,7,1,1,1,4,5,2,12,1,40,2,8,1,4,7,9,1,10,1,11,,44,7,1,22,9,121.536434,25.0108344
111,10,9,13,58,2,12內湖區,內湖區民權東路6段180巷與民權東路6段180巷72弄口,0,0,1,1,B03,6,1,5,30,3,2,1,4,4,5,7,4,4,9,5,5,2,17,1,76,4,11,3,4,7,11,7,19,11,15,,10,10,2,22,9,121.5925652,25.06605041
111,10,9,13,58,2,12內湖區,內湖區民權東路6段180巷與民權東路6段180巷72弄口,0,0,1,2,C03,6,1,5,30,3,2,1,4,4,5,7,4,4,9,5,5,2,17,1,44,2,9,1,1,7,9,1,10,1,12,,13,10,1,22,9,121.5925652,25.06605041
111,10,9,13,58,2,12內湖區,內湖區民權東路6段180巷與民權東路6段180巷72弄口,0,0,1,3,C03,6,1,5,30,3,2,1,4,4,5,7,4,4,9,5,5,2,17,2,22,4,11,3,4,7,13,1,10,11,13,,44,10,1,22,9,121.5925652,25.06605041
111,10,9,14,20,2,04大安區,大安區愛國東路與愛國東路21巷口,0,0,3,1,C03,7,1,5,30,4,1,1,5,4,5,7,3,1,10,5,5,2,15,1,54,2,9,1,1,7,9,1,10,2,14,,6,6,1,22,9,121.524101,25.03210811
111,10,9,14,20,2,04大安區,大安區愛國東路與愛國東路21巷口,0,0,3,2,C03,7,1,5,30,4,1,1,5,4,5,7,3,1,10,5,5,2,15,2,24,2,9,1,1,7,9,1,10,2,11,,14,6,1,22,9,121.524101,25.03210811
111,10,9,14,20,2,04大安區,大安區愛國東路與愛國東路21巷口,0,0,3,3,H02,7,1,5,30,4,1,1,5,4,5,7,3,1,10,5,5,2,15,2,25,2,9,1,1,7,21,8,20,10,16,,67,6,1,22,9,121.524101,25.03210811
111,10,9,14,25,2,12內湖區,內湖區民權東路6段190巷與民權東路6段190巷65弄口,0,0,1,1,B02,8,1,5,30,4,1,1,4,4,5,7,4,4,5,5,5,2,17,1,52,4,11,3,4,7,15,7,19,11,15,,42,42,2,22,9,121.5943112,25.0657398
111,10,9,14,25,2,12內湖區,內湖區民權東路6段190巷與民權東路6段190巷65弄口,0,0,1,2,C03,8,1,5,30,4,1,1,4,4,5,7,4,4,5,5,5,2,17,2,37,2,9,1,1,7,9,1,10,1,14,,6,42,1,22,9,121.5943112,25.0657398
111,10,9,15,15,2,07信義區,信義區松仁路與松勤街口口,0,0,1,1,C03,6,1,5,50,14,9,1,4,4,5,7,2,1,5,4,5,2,17,1,40,4,11,3,4,7,7,7,19,11,15,,7,43,2,22,9,121.5682714,25.03210513
111,10,9,15,15,2,07信義區,信義區松仁路與松勤街口口,0,0,1,2,C03,6,1,5,50,14,9,1,4,4,5,7,2,1,5,4,5,2,17,2,52,2,9,1,1,7,9,1,10,9,11,,23,43,1,21,8,121.5682714,25.03210513
111,10,9,16,33,2,01大同區,大同區承德路2段與民權西路口,0,0,1,1,B03,7,1,5,50,4,1,1,5,4,5,7,2,1,1,4,5,2,3,2,67,3,10,3,4,7,15,6,18,9,15,,15,44,2,22,9,121.5183718,25.0628266
111,10,9,16,33,2,01大同區,大同區承德路2段與民權西路口,0,0,1,2,H01,7,1,5,50,4,1,1,5,4,5,7,2,1,1,4,5,2,3,1,9,2,8,4,5,8,18,8,20,10,16,,53,44,1,22,9,121.5183718,25.0628266
111,10,9,17,49,2,09北投區,北投區承德路7段376號,0,0,1,1,C03,8,3,5,50,14,9,1,5,4,5,7,4,4,9,4,4,2,29,2,39,2,9,1,1,7,9,1,10,1,12,,23,23,1,22,9,121.5034654,25.1184623
111,10,9,17,49,2,09北投區,北投區承德路7段376號,0,0,1,2,,8,3,5,50,14,9,1,5,4,5,7,4,4,9,4,4,2,29,3,,,,,,,,,,,,,61,23,1,,,121.5034654,25.1184623
111,10,9,17,50,2,02萬華區,萬華區萬大路與萬大路329巷口,0,0,2,1,B03,7,3,5,30,4,1,1,5,4,5,6,1,1,2,5,5,2,17,1,21,3,10,1,1,7,5,1,8,1,1,,6,6,1,22,9,121.5002613,25.02414817
111,10,9,17,50,2,02萬華區,萬華區萬大路與萬大路329巷口,0,0,2,2,C01,7,3,5,30,4,1,1,5,4,5,6,1,1,2,5,5,2,17,1,21,2,9,1,1,7,9,1,9,1,14,,13,6,1,22,9,121.5002613,25.02414817
111,10,9,17,50,2,02萬華區,萬華區萬大路與萬大路329巷口,0,0,2,3,C03,7,3,5,30,4,1,1,5,4,5,6,1,1,2,5,5,2,17,2,56,3,10,1,1,7,15,1,10,9,12,,44,6,1,22,9,121.5002613,25.02414817
111,10,9,17,50,2,02萬華區,萬華區萬大路與萬大路329巷口,0,0,2,4,H02,7,3,5,30,4,1,1,5,4,5,6,1,1,2,5,5,2,17,2,20,2,9,1,5,7,20,8,20,10,16,,67,6,1,22,9,121.5002613,25.02414817
111,10,9,18,15,2,08士林區,士林區中正路608號,0,0,2,1,C03,7,3,8,50,15,22,1,5,4,5,7,4,4,1,4,5,2,17,2,21,2,9,3,4,7,7,1,10,2,11,,7,7,1,22,9,121.5095904,25.08694643
111,10,9,18,15,2,08士林區,士林區中正路608號,0,0,2,2,C03,7,3,8,50,15,22,1,5,4,5,7,4,4,1,4,5,2,17,1,21,3,10,1,1,7,9,1,10,2,12,,14,7,1,22,9,121.5095904,25.08694643
111,10,9,18,15,2,08士林區,士林區中正路608號,0,0,2,3,H02,7,3,8,50,15,22,1,5,4,5,7,4,4,1,4,5,2,17,2,58,2,9,3,4,7,20,8,20,10,16,,67,7,1,22,9,121.5095904,25.08694643
111,10,9,19,8,2,02萬華區,萬華區中華路2段與南寧路口,0,0,2,1,B01,6,3,5,50,5,2,1,4,4,5,7,2,1,1,5,5,2,16,1,67,3,10,1,1,7,9,1,4,1,8,,23,23,1,22,9,121.506619,25.0367641
111,10,9,19,8,2,02萬華區,萬華區中華路2段與南寧路口,0,0,2,2,A02,6,3,5,50,5,2,1,4,4,5,7,2,1,1,5,5,2,16,1,56,3,10,1,1,7,9,1,2,1,4,,44,23,1,22,9,121.506619,25.0367641
111,10,9,19,8,2,02萬華區,萬華區中華路2段與南寧路口,0,0,2,3,H02,6,3,5,50,5,2,1,4,4,5,7,2,1,1,5,5,2,16,1,62,2,9,4,5,7,20,8,20,10,16,,67,23,1,22,9,121.506619,25.0367641
111,10,9,19,8,2,02萬華區,萬華區中華路2段與南寧路口,0,0,2,4,H02,6,3,5,50,5,2,1,4,4,5,7,2,1,1,5,5,2,16,2,59,2,9,4,5,7,20,8,20,10,16,,67,23,1,22,9,121.506619,25.0367641
111,10,9,19,8,2,02萬華區,萬華區中華路2段與南寧路口,0,0,2,5,,6,3,5,50,5,2,1,4,4,5,7,2,1,1,5,5,2,16,3,,,,,,,,,,,,,67,23,1,,,121.506619,25.0367641
111,10,9,20,22,2,12內湖區,內湖區民權東路6段與舊宗路2段口,0,0,1,1,B03,7,3,5,50,4,1,1,5,4,5,7,2,1,1,4,5,2,11,1,36,3,10,1,1,7,5,1,8,2,2,,6,6,1,22,9,121.5749091,25.06591831
111,10,9,20,22,2,12內湖區,內湖區民權東路6段與舊宗路2段口,0,0,1,2,C03,7,3,5,50,4,1,1,5,4,5,7,2,1,1,4,5,2,11,2,50,2,9,1,1,7,9,1,10,2,11,,44,6,1,22,9,121.5749091,25.06591831
111,10,9,20,40,2,05中正區,中正區中華路2段與和平西路2段口,0,0,1,1,C03,6,3,5,50,4,2,1,4,4,5,7,1,1,1,4,5,2,3,1,57,3,10,1,1,7,6,1,10,1,11,,15,15,1,22,9,121.5054325,25.033583
111,10,9,20,40,2,05中正區,中正區中華路2段與和平西路2段口,0,0,1,2,H01,6,3,5,50,4,2,1,4,4,5,7,1,1,1,4,5,2,3,2,40,2,9,4,5,8,16,8,20,10,16,,51,15,1,22,9,121.5054325,25.033583
111,10,9,21,20,2,03中山區,中山區南京東路2段與建國北路2段口,0,0,1,1,B03,6,3,5,50,4,1,1,4,4,5,7,1,1,1,4,4,2,17,1,36,3,10,3,4,7,6,1,8,1,15,,9,9,1,22,9,121.537052,25.05188199
111,10,9,21,20,2,03中山區,中山區南京東路2段與建國北路2段口,0,0,1,2,C03,6,3,5,50,4,1,1,4,4,5,7,1,1,1,4,4,2,17,1,24,2,9,1,4,7,9,1,10,1,14,,44,9,1,22,9,121.537052,25.05188199
111,10,9,21,28,2,04大安區,大安區敦化南路2段與四維路154巷口,0,0,1,1,C03,6,3,5,50,4,1,1,4,4,5,7,2,1,5,4,5,2,12,2,32,3,10,1,1,7,5,4,8,1,14,,8,8,1,22,9,121.5487848,25.0309475
111,10,9,21,28,2,04大安區,大安區敦化南路2段與四維路154巷口,0,0,1,2,B03,6,3,5,50,4,1,1,4,4,5,7,2,1,5,4,5,2,12,2,47,3,10,1,1,7,9,1,8,1,5,,44,8,1,22,9,121.5487848,25.0309475
111,10,9,21,28,2,04大安區,大安區敦化南路2段與四維路154巷口,0,0,1,3,H02,6,3,5,50,4,1,1,4,4,5,7,2,1,5,4,5,2,12,2,31,2,9,4,5,7,21,8,20,10,16,,67,8,1,22,9,121.5487848,25.0309475
111,10,9,21,39,2,07信義區,信義區基隆路2段與嘉興街216巷口,0,0,1,1,B03,6,3,5,50,4,2,1,4,4,5,7,2,1,10,4,5,2,17,1,36,3,10,1,1,7,11,1,8,1,15,,42,42,1,22,9,121.5561687,25.0275037
111,10,9,21,39,2,07信義區,信義區基隆路2段與嘉興街216巷口,0,0,1,2,C03,6,3,5,50,4,2,1,4,4,5,7,2,1,10,4,5,2,17,1,20,2,9,1,1,7,9,1,10,1,14,,13,42,1,22,9,121.5561687,25.0275037
111,10,9,22,32,2,12內湖區,內湖區內湖路1段與港墘路口引道,0,0,1,1,B03,6,3,5,50,3,1,1,4,4,5,7,4,4,1,2,5,2,16,2,52,3,10,1,1,7,8,1,8,1,2,,7,9,1,22,9,121.5763496,25.07947
111,10,9,22,32,2,12內湖區,內湖區內湖路1段與港墘路口引道,0,0,1,2,C03,6,3,5,50,3,1,1,4,4,5,7,4,4,1,2,5,2,16,2,19,2,9,1,1,7,9,1,10,1,11,,23,9,1,22,9,121.5763496,25.07947
111,10,9,22,38,2,06松山區,松山區八德路4段604號,0,0,1,1,B03,6,3,5,50,14,8,1,4,4,5,7,4,4,3,4,4,2,17,1,52,3,10,1,1,7,15,1,8,2,15,,42,42,1,22,9,121.5724347,25.04990852
111,10,9,22,38,2,06松山區,松山區八德路4段604號,0,0,1,2,C03,6,3,5,50,14,8,1,4,4,5,7,4,4,3,4,4,2,17,1,30,2,9,1,1,7,15,1,10,2,15,,42,42,1,22,9,121.5724347,25.04990852
111,10,9,22,45,2,04大安區,大安區忠孝東路4段209號,0,0,2,1,B01,6,3,5,50,14,9,1,4,4,5,7,4,4,3,5,5,1,13,1,62,3,10,1,1,7,8,1,4,1,15,,7,7,1,22,9,121.5520556,25.0415529
111,10,9,22,45,2,04大安區,大安區忠孝東路4段209號,0,0,2,2,B01,6,3,5,50,14,9,1,4,4,5,7,4,4,3,5,5,1,13,1,67,3,10,1,1,7,9,1,4,1,1,,23,7,1,22,9,121.5520556,25.0415529
111,10,9,22,45,2,04大安區,大安區忠孝東路4段209號,0,0,2,3,C03,6,3,5,50,14,9,1,4,4,5,7,4,4,3,5,5,1,13,1,26,2,7,1,1,7,12,1,10,1,14,,42,7,1,22,9,121.5520556,25.0415529
111,10,9,22,45,2,04大安區,大安區忠孝東路4段209號,0,0,2,4,C03,6,3,5,50,14,9,1,4,4,5,7,4,4,3,5,5,1,13,1,26,2,9,1,1,7,12,1,10,1,12,,23,7,1,22,9,121.5520556,25.0415529
111,10,10,0,13,2,01大同區,大同區承德路2段與民生西路口,0,0,2,2,C03,6,3,5,50,4,1,1,4,4,5,7,2,1,1,4,5,2,17,1,18,2,9,1,1,7,9,3,18,1,12,,13,7,1,22,9,121.5181006,25.0573418
111,10,10,0,13,2,01大同區,大同區承德路2段與民生西路口,0,0,2,3,H02,6,3,5,50,4,1,1,4,4,5,7,2,1,1,4,5,2,17,1,26,2,9,4,5,7,21,8,20,10,16,,67,7,1,22,9,121.5181006,25.0573418
111,10,10,0,13,2,01大同區,大同區承德路2段與民生西路口,0,0,2,1,B01,6,3,5,50,4,1,1,4,4,5,7,2,1,1,4,5,2,17,2,58,4,11,3,4,7,8,7,19,11,15,,7,7,2,22,9,121.5181006,25.0573418
111,10,10,0,19,2,07信義區,信義區忠孝東路5段與松山路口,0,0,1,1,B03,6,3,5,50,4,1,1,4,4,5,7,2,1,1,4,5,2,9,1,20,3,10,1,1,7,5,1,8,2,1,,8,8,1,21,8,121.5776314,25.0408256
111,10,10,0,19,2,07信義區,信義區忠孝東路5段與松山路口,0,0,1,2,H01,6,3,5,50,4,1,1,4,4,5,7,2,1,1,4,5,2,9,1,23,2,9,4,5,8,16,8,20,10,16,,67,8,1,21,8,121.5776314,25.0408256
111,10,10,0,26,2,04大安區,大安區敦化南路1段187巷與忠孝東路4段147巷口,0,0,1,1,B02,6,3,5,30,4,2,1,4,4,5,7,4,4,10,5,5,1,15,1,30,3,10,1,1,7,9,1,8,1,1,,6,6,1,21,5,121.5496478,25.04255988
111,10,10,0,26,2,04大安區,大安區敦化南路1段187巷與忠孝東路4段147巷口,0,0,1,2,C03,6,3,5,30,4,2,1,4,4,5,7,4,4,10,5,5,1,15,1,29,2,1,1,1,7,9,1,10,1,12,,14,6,1,5,1,121.5496478,25.04255988
111,10,10,1,20,2,12內湖區,內湖區金湖路32號,0,0,2,1,C03,6,3,5,50,14,9,1,4,4,5,7,4,4,9,4,5,2,17,1,40,3,10,1,1,7,1,1,10,1,15,,19,19,1,22,9,121.5963582,25.08280464
111,10,10,1,20,2,12內湖區,內湖區金湖路32號,0,0,2,2,C03,6,3,5,50,14,9,1,4,4,5,7,4,4,9,4,5,2,17,1,18,2,9,1,1,7,9,1,10,1,14,,13,19,1,22,9,121.5963582,25.08280464
111,10,10,1,20,2,12內湖區,內湖區金湖路32號,0,0,2,3,H02,6,3,5,50,14,9,1,4,4,5,7,4,4,9,4,5,2,17,1,19,2,9,1,1,7,21,8,20,10,15,,67,19,1,22,9,121.5963582,25.08280464
111,10,10,5,10,2,03中山區,中山區長春路與林森北路口,0,0,1,1,B03,6,3,5,50,4,1,1,4,4,5,7,2,1,5,4,5,1,9,1,36,3,10,1,1,7,5,1,8,2,8,,15,15,1,22,9,121.5255665,25.05495238
111,10,10,5,10,2,03中山區,中山區長春路與林森北路口,0,0,1,2,H01,6,3,5,50,4,1,1,4,4,5,7,2,1,5,4,5,1,9,1,33,2,9,4,5,8,16,8,20,10,16,,67,15,1,22,9,121.5255665,25.05495238
111,10,10,10,4,2,07信義區,信義區信義路4段與光復南路口,0,0,1,1,B03,7,1,5,50,4,1,1,4,4,5,7,1,1,1,4,5,2,17,1,30,3,10,1,1,7,7,1,8,2,3,,7,7,1,22,9,121.5575261,25.032959
111,10,10,10,4,2,07信義區,信義區信義路4段與光復南路口,0,0,1,2,C03,7,1,5,50,4,1,1,4,4,5,7,1,1,1,4,5,2,17,1,27,2,9,1,1,7,9,1,10,2,14,,14,7,1,22,9,121.5575261,25.032959
111,10,10,10,38,2,04大安區,大安區忠孝東路4段與延吉街口,0,0,1,1,B03,8,1,5,50,4,2,1,5,4,5,7,1,1,3,3,5,2,17,1,44,4,11,3,4,7,6,7,19,11,15,,9,9,2,22,9,121.5544681,25.0412935
111,10,10,10,38,2,04大安區,大安區忠孝東路4段與延吉街口,0,0,1,2,C03,8,1,5,50,4,2,1,5,4,5,7,1,1,3,3,5,2,17,2,21,2,8,1,1,7,9,1,10,1,15,,13,9,1,22,9,121.5544681,25.0412935
111,10,10,10,40,2,03中山區,中山區民族東路與新生北路3段口,0,0,2,1,C03,7,1,5,50,4,2,1,5,4,5,7,2,1,5,4,5,2,13,1,25,2,9,1,4,7,9,1,10,1,11,,16,16,1,22,9,121.5275024,25.06832294
111,10,10,10,40,2,03中山區,中山區民族東路與新生北路3段口,0,0,2,2,C03,7,1,5,50,4,2,1,5,4,5,7,2,1,5,4,5,2,13,1,52,3,10,1,4,7,9,1,10,1,13,,44,16,1,22,9,121.5275024,25.06832294
111,10,10,10,40,2,03中山區,中山區民族東路與新生北路3段口,0,0,2,3,H02,7,1,5,50,4,2,1,5,4,5,7,2,1,5,4,5,2,13,1,25,2,9,4,5,7,20,8,20,10,16,,67,16,1,22,9,121.5275024,25.06832294
111,10,10,11,31,2,04大安區,大安區辛亥路2段與新生南路3段口,0,0,5,1,C03,7,1,5,0,14,9,1,5,4,5,7,2,1,10,5,5,2,13,2,39,2,9,1,1,7,9,4,8,2,11,,23,23,1,22,9,121.5345941,25.0227016
111,10,10,11,31,2,04大安區,大安區辛亥路2段與新生南路3段口,0,0,5,2,C03,7,1,5,0,14,9,1,5,4,5,7,2,1,10,5,5,2,13,1,32,2,9,1,1,7,12,1,10,2,14,,44,23,1,22,9,121.5345941,25.0227016
111,10,10,11,31,2,04大安區,大安區辛亥路2段與新生南路3段口,0,0,5,3,C03,7,1,5,0,14,9,1,5,4,5,7,2,1,10,5,5,2,13,1,58,2,8,1,1,7,14,1,10,2,13,,44,23,1,22,9,121.5345941,25.0227016
111,10,10,11,31,2,04大安區,大安區辛亥路2段與新生南路3段口,0,0,5,4,C03,7,1,5,0,14,9,1,5,4,5,7,2,1,10,5,5,2,13,1,53,3,10,1,1,7,14,1,10,2,13,,44,23,1,23,9,121.5345941,25.0227016
111,10,10,11,31,2,04大安區,大安區辛亥路2段與新生南路3段口,0,0,5,5,C02,7,1,5,0,14,9,1,5,4,5,7,2,1,10,5,5,2,13,1,55,2,9,1,1,7,12,1,9,2,12,,44,23,1,22,9,121.5345941,25.0227016
111,10,10,11,31,2,04大安區,大安區辛亥路2段與新生南路3段口,0,0,5,6,H02,7,1,5,0,14,9,1,5,4,5,7,2,1,10,5,5,2,13,1,47,2,9,1,5,7,21,8,20,10,16,,67,23,1,22,9,121.5345941,25.0227016
111,10,10,11,37,2,10文山區,文山區木新路3段與木新路3段232巷口,0,0,1,1,C03,6,1,5,50,3,1,1,4,4,5,7,1,1,5,4,5,2,17,1,44,2,9,1,4,7,15,1,10,9,13,,44,44,1,22,9,121.5591487,24.98133061
111,10,10,11,37,2,10文山區,文山區木新路3段與木新路3段232巷口,0,0,1,2,B03,6,1,5,50,3,1,1,4,4,5,7,1,1,5,4,5,2,17,1,51,3,10,3,4,7,9,1,8,9,1,,23,44,1,22,9,121.5591487,24.98133061
111,10,10,11,55,2,09北投區,北投區磺港路磺港溪一號橋,0,0,1,1,C03,7,1,5,30,14,9,1,5,4,5,7,4,4,10,4,5,1,27,2,37,2,9,1,1,7,9,1,10,1,11,,44,44,1,22,9,121.5032893,25.12906582
111,10,10,11,55,2,09北投區,北投區磺港路磺港溪一號橋,0,0,1,2,,7,1,5,30,14,9,1,5,4,5,7,4,4,10,4,5,1,27,3,,,,,,,,,,,,,67,44,1,,,121.5032893,25.12906582
111,10,10,12,15,2,09北投區,北投區光明路與公館路口,0,0,1,1,B12,7,1,5,50,5,1,1,5,4,5,7,3,1,5,4,5,2,13,1,76,3,10,1,1,7,5,1,8,1,1,,23,23,1,22,9,121.501902,25.133531
111,10,10,12,15,2,09北投區,北投區光明路與公館路口,0,0,1,2,C03,7,1,5,50,5,1,1,5,4,5,7,3,1,5,4,5,2,13,2,25,2,8,1,1,7,5,1,10,1,13,,44,23,1,22,9,121.501902,25.133531
111,10,10,12,23,2,08士林區,士林區延平北路6段189巷與社子街125巷口,0,0,2,1,C03,7,1,5,30,3,1,1,5,4,5,7,4,4,10,5,5,2,16,1,64,2,8,1,1,7,5,1,10,1,14,,8,8,1,22,9,121.5061754,25.08880396
111,10,10,12,23,2,08士林區,士林區延平北路6段189巷與社子街125巷口,0,0,2,2,C03,7,1,5,30,3,1,1,5,4,5,7,4,4,10,5,5,2,16,1,46,2,8,1,1,7,9,1,10,1,11,,14,8,1,22,9,121.5061754,25.08880396
111,10,10,12,59,2,04大安區,大安區忠孝東路4段與忠孝東路4段181巷口,0,0,1,1,C03,7,1,5,50,3,2,1,5,4,5,7,2,1,1,4,5,2,12,1,37,4,11,3,4,7,15,7,19,9,15,,25,25,2,22,9,121.5508346,25.04159381
111,10,10,12,59,2,04大安區,大安區忠孝東路4段與忠孝東路4段181巷口,0,0,1,2,F01,7,1,5,50,3,2,1,5,4,5,7,2,1,1,4,5,2,12,1,23,2,7,1,1,7,6,8,20,1,16,,25,25,1,22,9,121.5508346,25.04159381
111,10,10,13,23,2,03中山區,中山區北安路與北安路770巷口,0,0,1,1,C03,7,1,5,50,3,2,1,5,4,5,7,4,4,1,4,5,2,16,2,27,3,10,3,4,7,6,1,9,1,12,,9,9,1,22,9,121.5532604,25.08543329
111,10,10,13,23,2,03中山區,中山區北安路與北安路770巷口,0,0,1,2,C03,7,1,5,50,3,2,1,5,4,5,7,4,4,1,4,5,2,16,2,72,2,9,3,4,7,9,1,10,1,11,,44,9,1,22,9,121.5532604,25.08543329
111,10,10,13,45,2,05中正區,中正區館前路71號,0,0,1,1,C03,7,1,5,50,14,9,1,5,4,5,7,4,4,10,4,5,1,12,2,19,2,9,1,1,7,7,1,10,2,14,,7,7,1,22,9,121.5150419,25.0440761
111,10,10,13,45,2,05中正區,中正區館前路71號,0,0,1,2,B03,7,1,5,50,14,9,1,5,4,5,7,4,4,10,4,5,1,12,1,37,3,10,1,1,7,9,1,8,2,5,,44,7,1,22,9,121.5150419,25.0440761
111,10,10,14,15,2,12內湖區,內湖區康寧路3段70巷與康寧路3段165巷口,0,0,1,1,B03,7,1,5,50,4,2,1,5,4,5,7,1,1,1,4,5,2,11,1,33,3,10,1,1,7,5,1,8,1,1,,6,6,1,22,9,121.6112492,25.07047734
111,10,10,14,15,2,12內湖區,內湖區康寧路3段70巷與康寧路3段165巷口,0,0,1,2,C03,7,1,5,50,4,2,1,5,4,5,7,1,1,1,4,5,2,11,2,24,2,9,1,1,7,9,1,10,1,11,,44,6,1,22,9,121.6112492,25.07047734
111,10,10,14,18,2,06松山區,松山區民生東路4段112巷與民生東路4段80巷3弄口,0,0,1,1,C03,8,1,5,30,4,1,1,5,4,5,7,4,4,10,5,5,2,15,1,38,2,9,1,1,7,9,1,10,1,11,,6,6,1,22,9,121.5544398,25.0573519
111,10,10,14,18,2,06松山區,松山區民生東路4段112巷與民生東路4段80巷3弄口,0,0,1,2,B03,8,1,5,30,4,1,1,5,4,5,7,4,4,10,5,5,2,15,1,53,3,10,1,1,7,9,1,8,1,8,,23,6,1,22,9,121.5544398,25.0573519
111,10,10,14,50,2,08士林區,士林區中正路與承德路4段口口,0,0,1,1,B01,8,1,5,50,4,1,1,5,4,5,7,1,1,1,4,5,2,12,1,46,3,10,1,1,7,6,1,4,1,2,,9,9,1,22,9,121.5165564,25.09085888
111,10,10,14,50,2,08士林區,士林區中正路與承德路4段口口,0,0,1,2,C03,8,1,5,50,4,1,1,5,4,5,7,1,1,1,4,5,2,12,2,23,2,9,1,1,7,9,1,10,1,11,,44,9,1,22,9,121.5165564,25.09085888
111,10,10,15,23,2,04大安區,大安區延吉街239號前,0,0,2,1,C03,7,1,5,50,14,9,1,5,4,3,5,4,4,4,1,5,1,16,1,42,2,8,1,1,7,1,1,10,1,14,,19,19,1,5,3,121.5556492,25.0362033
111,10,10,15,23,2,04大安區,大安區延吉街239號前,0,0,2,2,C03,7,1,5,50,14,9,1,5,4,3,5,4,4,4,1,5,1,16,1,25,2,9,1,1,7,9,1,10,1,11,,44,19,1,21,1,121.5556492,25.0362033
111,10,10,16,45,2,08士林區,士林區至善路2段與力行街口,0,0,2,1,B03,7,1,5,50,3,1,1,5,4,5,7,1,1,1,4,4,2,15,1,56,3,10,1,1,7,9,1,8,1,6,,25,25,1,22,9,121.5474602,25.09870173