發生年度,發生月,發生日,發生時-Hours,發生分,處理別-編號,區序,肇事地點,死亡人數,2-30日死亡人數,受傷人數,當事人序號,車種,天候,光線,道路類別,速限-速度限制,道路型態,事故位置,路面狀況1,路面狀況2,路面狀況3,道路障礙1,道路障礙2,號誌1,號誌2,車道劃分-分向,車道劃分-分道1,車道劃分-分道2,車道劃分-分道3,事故類型及型態,性別,年齡,受傷程度,主要傷處,安全帽,行動電話,車輛用途,當事者行動狀態,駕駛資格情形,駕駛執照種類,飲酒情形,車輛撞擊部位1,車輛撞擊部位2,肇因碼-個別,肇因碼-主要,個人肇逃否,職業,旅次目的,座標-X,座標-Y
111,10,10,16,45,2,08士林區,士林區至善路2段與力行街口,0,0,2,2,C03,7,1,5,50,3,1,1,5,4,5,7,1,1,1,4,4,2,15,2,29,2,8,1,1,7,9,1,10,1,11,,44,25,1,22,9,121.5474602,25.09870173
111,10,10,16,45,2,08士林區,士林區至善路2段與力行街口,0,0,2,3,H02,7,1,5,50,3,1,1,5,4,5,7,1,1,1,4,4,2,15,2,30,2,8,1,5,7,21,8,20,10,16,,67,25,1,22,9,121.5474602,25.09870173
111,10,10,16,53,2,01大同區,大同區延平北路4段31號,0,0,2,1,H01,7,1,5,0,14,8,1,5,4,5,7,4,4,5,5,4,2,9,1,22,2,9,4,5,8,20,8,20,10,16,,51,51,1,22,9,121.510868,25.06939708
111,10,10,16,53,2,01大同區,大同區延平北路4段31號,0,0,2,2,C04,7,1,5,0,14,8,1,5,4,5,7,4,4,5,5,4,2,9,1,42,2,9,1,4,7,9,1,9,1,14,,44,51,1,22,9,121.510868,25.06939708
111,10,10,17,16,2,03中山區,中山區吉林路407巷與德惠街170巷口,0,0,1,1,C03,7,1,5,30,4,1,1,5,4,5,7,4,4,6,4,5,1,16,1,61,2,9,1,1,7,9,1,10,1,14,,6,6,1,22,9,121.5317699,25.0660627
111,10,10,17,16,2,03中山區,中山區吉林路407巷與德惠街170巷口,0,0,1,2,C03,7,1,5,30,4,1,1,5,4,5,7,4,4,6,4,5,1,16,1,33,3,10,1,1,7,9,1,10,1,11,,44,6,2,22,9,121.5317699,25.0660627
111,10,10,17,16,2,03中山區,中山區吉林路407巷與德惠街170巷口,0,0,1,3,B12,7,1,5,30,4,1,1,5,4,5,7,4,4,6,4,5,1,16,4,,4,11,3,4,7,15,7,19,11,15,,38,6,2,22,9,121.5317699,25.0660627
111,10,10,17,30,2,02萬華區,萬華區康定路與三水街口,0,0,1,1,F01,8,3,5,50,3,1,1,5,4,5,7,2,1,8,5,5,2,9,2,26,3,10,1,1,7,9,8,20,1,16,,25,25,1,22,9,121.5013756,25.036077
111,10,10,17,30,2,02萬華區,萬華區康定路與三水街口,0,0,1,2,H01,8,3,5,50,3,1,1,5,4,5,7,2,1,8,5,5,2,9,1,57,2,9,4,5,8,16,8,20,10,16,,67,25,1,22,9,121.5013756,25.036077
111,10,10,17,31,2,10文山區,文山區羅斯福路4段200號,0,0,1,1,C03,8,3,5,50,14,9,1,5,4,5,7,1,1,1,4,5,2,16,1,23,2,9,1,1,7,9,1,10,2,12,,26,26,1,22,9,121.5370777,25.01096494
111,10,10,17,31,2,10文山區,文山區羅斯福路4段200號,0,0,1,2,B03,8,3,5,50,14,9,1,5,4,5,7,1,1,1,4,5,2,16,1,32,3,10,1,1,7,5,1,8,2,8,,27,26,1,22,9,121.5370777,25.01096494
111,10,10,18,35,2,11南港區,南港區忠孝東路6段250巷與忠孝東路6段278巷22弄口,0,0,1,1,C03,7,3,5,40,4,1,1,5,4,5,7,4,4,10,5,5,2,15,1,28,3,10,1,1,7,9,1,10,1,15,,44,44,1,22,9,121.5885222,25.04805398
111,10,10,18,35,2,11南港區,南港區忠孝東路6段250巷與忠孝東路6段278巷22弄口,0,0,1,2,C03,7,3,5,40,4,1,1,5,4,5,7,4,4,10,5,5,2,15,1,67,2,9,1,1,7,9,1,10,1,15,,43,44,1,22,9,121.5885222,25.04805398
111,10,10,18,50,2,08士林區,士林區通河東街1段與通河東街1段136巷口,0,0,1,1,B03,7,3,5,30,3,2,1,5,4,5,7,4,4,10,5,5,2,17,2,34,3,10,1,1,7,13,1,8,2,15,,40,40,1,21,8,121.5158273,25.0872314
111,10,10,18,50,2,08士林區,士林區通河東街1段與通河東街1段136巷口,0,0,1,2,C03,7,3,5,30,3,2,1,5,4,5,7,4,4,10,5,5,2,17,1,32,2,9,1,1,7,9,1,10,2,12,,13,40,1,21,8,121.5158273,25.0872314
111,10,10,18,52,2,11南港區,南港區研究院路2段61巷與大坑街口,0,0,1,2,C03,7,3,5,50,4,2,1,5,4,5,7,2,1,4,5,5,2,14,1,39,2,8,1,1,7,14,1,10,1,11,,44,12,1,22,9,121.6179755,25.045229
111,10,10,18,52,2,11南港區,南港區研究院路2段61巷與大坑街口,0,0,1,1,B03,7,3,5,50,4,2,1,5,4,5,7,2,1,4,5,5,2,14,1,26,3,10,1,1,7,2,1,8,1,3,,12,12,1,22,9,121.6179755,25.045229
111,10,10,19,5,2,10文山區,文山區興隆路4段101巷與木柵路2段138巷口,0,0,2,1,C03,8,3,5,30,14,9,2,5,4,5,7,3,1,10,5,5,2,17,2,68,2,7,1,4,7,9,1,10,1,11,,6,6,1,22,9,121.5619832,24.98831218
111,10,10,19,5,2,10文山區,文山區興隆路4段101巷與木柵路2段138巷口,0,0,2,2,B03,8,3,5,30,14,9,2,5,4,5,7,3,1,10,5,5,2,17,1,24,3,10,3,4,7,9,1,8,1,4,,44,6,1,22,9,121.5619832,24.98831218
111,10,10,19,5,2,10文山區,文山區興隆路4段101巷與木柵路2段138巷口,0,0,2,3,H02,8,3,5,30,14,9,2,5,4,5,7,3,1,10,5,5,2,17,1,8,2,7,1,5,7,17,8,20,10,16,,67,6,1,22,9,121.5619832,24.98831218
111,10,10,19,15,2,12內湖區,內湖區環山路2段53巷與環山路2段口,0,0,3,1,C01,8,3,5,50,4,1,1,5,4,5,7,1,1,10,4,5,2,16,1,36,2,8,1,1,7,5,1,9,2,12,,8,8,1,22,9,121.5735646,25.0848875
111,10,10,19,15,2,12內湖區,內湖區環山路2段53巷與環山路2段口,0,0,3,2,C03,8,3,5,50,4,1,1,5,4,5,7,1,1,10,4,5,2,16,1,20,2,9,1,1,7,9,1,10,2,11,,42,8,1,22,9,121.5735646,25.0848875
111,10,10,19,15,2,12內湖區,內湖區環山路2段53巷與環山路2段口,0,0,3,3,H02,8,3,5,50,4,1,1,5,4,5,7,1,1,10,4,5,2,16,2,47,2,8,1,5,7,21,8,20,10,16,,67,8,1,22,9,121.5735646,25.0848875
111,10,10,19,40,2,09北投區,北投區石牌路2段與天母西路口,0,0,1,1,C04,8,1,5,50,3,2,1,5,4,5,7,3,1,7,4,5,1,12,1,26,2,7,1,1,7,9,1,10,1,12,,17,17,1,22,9,121.5219221,25.119222
111,10,10,19,40,2,09北投區,北投區石牌路2段與天母西路口,0,0,1,2,B03,8,1,5,50,3,2,1,5,4,5,7,3,1,7,4,5,1,12,2,50,3,10,1,1,7,9,1,8,1,4,,44,17,1,22,9,121.5219221,25.119222
111,10,10,19,59,2,08士林區,士林區中正路584號,0,0,1,1,B03,8,1,5,50,14,9,1,5,4,5,7,4,4,1,4,5,2,12,1,68,3,10,1,1,7,7,1,8,1,4,,7,,1,22,9,121.5101079,25.0872351
111,10,10,19,59,2,08士林區,士林區中正路584號,0,0,1,2,C03,8,1,5,50,14,9,1,5,4,5,7,4,4,1,4,5,2,12,2,46,2,9,1,1,7,9,1,10,1,12,,44,,1,22,9,121.5101079,25.0872351
111,10,10,20,40,2,03中山區,中山區松江路與南京東路2段口,0,0,2,1,C03,7,3,5,40,4,1,1,5,4,5,7,1,1,1,4,4,1,12,1,25,2,7,1,1,7,8,1,10,1,12,,7,7,1,22,9,121.5329027,25.05212791
111,10,10,20,40,2,03中山區,中山區松江路與南京東路2段口,0,0,2,2,C03,7,3,5,40,4,1,1,5,4,5,7,1,1,1,4,4,1,12,2,48,2,7,1,1,7,9,1,10,1,11,,23,7,1,22,9,121.5329027,25.05212791
111,10,10,20,45,2,07信義區,信義區忠孝東路5段295巷與忠孝東路5段295巷6弄口,0,0,1,1,B03,8,3,5,30,3,1,1,5,4,5,7,4,4,8,3,5,2,17,1,47,3,10,1,1,7,6,1,8,1,1,,23,23,1,22,9,121.5725712,25.04182092
111,10,10,20,45,2,07信義區,信義區忠孝東路5段295巷與忠孝東路5段295巷6弄口,0,0,1,2,C03,8,3,5,30,3,1,1,5,4,5,7,4,4,8,3,5,2,17,1,59,2,8,1,1,7,9,1,10,1,11,,44,23,1,22,9,121.5725712,25.04182092
111,10,10,20,45,2,07信義區,信義區忠孝東路5段295巷與忠孝東路5段295巷6弄口,0,0,1,3,B03,8,3,5,30,3,1,1,5,4,5,7,4,4,8,3,5,2,17,1,18,4,11,3,4,7,15,7,19,11,15,,38,23,2,22,9,121.5725712,25.04182092
111,10,10,20,45,2,07信義區,信義區忠孝東路5段295巷與忠孝東路5段295巷6弄口,0,0,1,4,B03,8,3,5,30,3,1,1,5,4,5,7,4,4,8,3,5,2,17,1,26,4,11,3,4,7,15,7,19,11,15,,44,23,2,22,9,121.5725712,25.04182092
111,10,10,21,40,2,09北投區,北投區西安街2段與致遠二路口,0,0,1,1,B03,7,3,5,50,4,1,1,5,4,5,7,2,1,9,1,5,2,2,1,32,3,10,1,1,7,5,1,8,1,1,,15,15,1,22,9,121.5132038,25.11744388
111,10,10,21,40,2,09北投區,北投區西安街2段與致遠二路口,0,0,1,2,H01,7,3,5,50,4,1,1,5,4,5,7,2,1,9,1,5,2,2,2,44,2,8,4,5,8,16,8,20,10,16,,67,15,1,22,9,121.5132038,25.11744388
111,10,10,21,50,2,03中山區,中山區林森北路與雙城街49巷口,0,0,1,1,B02,8,3,5,50,4,1,1,5,4,5,7,4,4,5,5,5,2,12,1,30,3,10,1,1,7,11,1,4,1,4,,10,10,1,22,9,121.5257414,25.0679221
111,10,10,21,50,2,03中山區,中山區林森北路與雙城街49巷口,0,0,1,2,C03,8,3,5,50,4,1,1,5,4,5,7,4,4,5,5,5,2,12,1,19,3,10,1,1,7,9,1,10,1,12,,14,10,1,22,9,121.5257414,25.0679221
111,10,10,21,50,2,03中山區,中山區林森北路與雙城街49巷口,0,0,1,3,H02,8,3,5,50,4,1,1,5,4,5,7,4,4,5,5,5,2,12,2,20,2,8,4,5,7,20,8,20,10,16,,67,10,1,22,9,121.5257414,25.0679221
111,10,10,22,0,2,07信義區,信義區福德街與福德街84巷口,0,0,1,1,C03,8,3,5,30,4,1,1,5,4,5,7,2,1,8,3,5,2,17,2,25,2,8,1,1,7,15,1,10,1,11,,42,42,1,22,9,121.5813903,25.0372799
111,10,10,22,0,2,07信義區,信義區福德街與福德街84巷口,0,0,1,2,B03,8,3,5,30,4,1,1,5,4,5,7,2,1,8,3,5,2,17,2,43,3,10,1,1,7,9,1,8,1,1,,13,42,1,22,9,121.5813903,25.0372799
111,10,10,22,0,2,07信義區,信義區信義路5段與基隆路1段口,0,0,1,1,C03,8,1,5,50,4,2,1,5,4,5,7,2,1,1,4,5,2,13,1,25,3,10,1,1,7,9,1,10,1,11,,16,16,1,22,9,121.5598749,25.0330316
111,10,10,22,0,2,07信義區,信義區信義路5段與基隆路1段口,0,0,1,2,C03,8,1,5,50,4,2,1,5,4,5,7,2,1,1,4,5,2,13,2,26,2,9,1,1,7,9,1,10,1,13,,44,16,1,22,9,121.5598749,25.0330316
111,10,10,22,7,2,02萬華區,萬華區艋舺大道22號,0,0,2,1,C03,7,3,5,50,14,9,1,5,4,5,7,4,4,1,3,5,1,12,1,18,3,10,3,4,7,8,1,10,1,13,,7,7,1,22,9,121.5050449,25.03399736
111,10,10,22,7,2,02萬華區,萬華區艋舺大道22號,0,0,2,2,C03,7,3,5,50,14,9,1,5,4,5,7,4,4,1,3,5,1,12,1,41,2,8,3,4,7,9,1,10,1,11,,44,7,1,22,9,121.5050449,25.03399736
111,10,10,22,7,2,02萬華區,萬華區艋舺大道22號,0,0,2,3,H02,7,3,5,50,14,9,1,5,4,5,7,4,4,1,3,5,1,12,2,35,2,7,3,4,7,21,8,20,10,15,,67,7,1,22,9,121.5050449,25.03399736
111,10,10,22,20,2,10文山區,文山區景興路與景興路238巷口口,0,0,2,1,H01,8,3,5,50,3,1,1,5,4,5,7,2,1,5,5,5,2,3,1,14,2,7,4,5,8,16,8,20,10,16,,52,52,1,22,9,121.5432083,24.99058857
111,10,10,22,20,2,10文山區,文山區景興路與景興路238巷口口,0,0,2,2,C03,8,3,5,50,3,1,1,5,4,5,7,2,1,5,5,5,2,3,1,20,2,8,1,1,7,9,1,10,1,11,,15,52,1,22,9,121.5432083,24.99058857
111,10,10,22,32,2,02萬華區,萬華區西藏路與莒光路299巷口,0,0,2,1,C03,8,3,5,50,3,1,1,5,4,5,7,4,4,1,4,5,2,13,1,24,2,9,1,1,7,9,1,9,1,11,,16,16,1,22,9,121.4992293,25.0293759
111,10,10,22,32,2,02萬華區,萬華區西藏路與莒光路299巷口,0,0,2,2,C03,8,3,5,50,3,1,1,5,4,5,7,4,4,1,4,5,2,13,1,32,2,9,1,1,7,15,1,10,1,13,,13,16,1,22,9,121.4992293,25.0293759
111,10,10,23,7,2,07信義區,信義區忠孝東路5段與無名巷口,0,0,3,1,C03,7,3,5,50,4,1,1,5,4,5,7,1,1,1,4,5,2,15,2,24,2,9,1,1,7,9,1,10,2,12,,25,25,1,22,9,121.5754306,25.0407763
111,10,10,23,7,2,07信義區,信義區忠孝東路5段與無名巷口,0,0,3,2,C03,7,3,5,50,4,1,1,5,4,5,7,1,1,1,4,5,2,15,1,19,2,9,1,1,7,9,1,10,2,11,,44,25,1,22,9,121.5754306,25.0407763
111,10,10,23,7,2,07信義區,信義區忠孝東路5段與無名巷口,0,0,3,3,H02,7,3,5,50,4,1,1,5,4,5,7,1,1,1,4,5,2,15,2,28,2,9,1,4,7,17,8,20,10,16,,67,25,1,22,9,121.5754306,25.0407763
111,10,11,1,20,2,02萬華區,萬華區開封街2段與漢中街口,0,0,1,1,B02,8,3,5,30,3,2,1,5,4,5,7,4,4,10,4,5,2,12,2,21,2,8,1,1,7,9,1,8,6,2,,23,23,2,22,9,121.5081017,25.04635886
111,10,11,1,20,2,02萬華區,萬華區開封街2段與漢中街口,0,0,1,2,B03,8,3,5,30,3,2,1,5,4,5,7,4,4,10,4,5,2,12,1,61,3,10,1,1,7,13,1,8,1,4,,44,23,1,22,9,121.5081017,25.04635886
111,10,11,1,22,2,02萬華區,萬華區桂林路246巷與和平西路3段309巷15弄口口附近,0,0,1,1,C04,8,3,5,30,3,2,1,5,4,5,7,4,4,10,5,5,2,29,1,39,2,9,1,1,7,15,1,10,9,11,,42,42,1,22,9,121.491281,25.03597873
111,10,11,1,22,2,02萬華區,萬華區桂林路246巷與和平西路3段309巷15弄口口附近,0,0,1,2,,8,3,5,30,3,2,1,5,4,5,7,4,4,10,5,5,2,29,3,,,,,,,,,,,,,67,42,1,,,121.491281,25.03597873
111,10,11,1,38,2,07信義區,信義區福德街與林口街口,0,0,1,1,B01,7,3,5,30,4,1,1,5,4,5,7,1,1,1,4,5,2,12,1,63,3,10,1,1,7,9,1,4,2,2,,16,16,1,22,9,121.5791224,25.0363702
111,10,11,1,38,2,07信義區,信義區福德街與林口街口,0,0,1,2,C03,7,3,5,30,4,1,1,5,4,5,7,1,1,1,4,5,2,12,2,25,2,9,1,1,7,9,1,10,2,11,,16,16,1,22,9,121.5791224,25.0363702
111,10,11,1,53,2,08士林區,士林區光華路與凱旋路口,0,0,4,1,C03,8,3,5,30,3,2,1,5,4,5,7,4,4,10,5,5,1,17,1,19,2,9,1,1,7,5,1,10,1,11,,6,6,1,22,9,121.5457633,25.13686432
111,10,11,1,53,2,08士林區,士林區光華路與凱旋路口,0,0,4,2,C03,8,3,5,30,3,2,1,5,4,5,7,4,4,10,5,5,1,17,1,21,2,9,1,1,7,9,1,10,1,11,,44,6,1,22,9,121.5457633,25.13686432
111,10,11,1,53,2,08士林區,士林區光華路與凱旋路口,0,0,4,3,H02,8,3,5,30,3,2,1,5,4,5,7,4,4,10,5,5,1,17,1,19,2,9,1,5,7,20,8,20,10,16,,67,6,1,22,9,121.5457633,25.13686432
111,10,11,1,53,2,08士林區,士林區光華路與凱旋路口,0,0,4,4,H02,8,3,5,30,3,2,1,5,4,5,7,4,4,10,5,5,1,17,2,20,2,9,1,5,7,20,8,20,10,16,,67,6,1,22,9,121.5457633,25.13686432
111,10,11,7,25,2,10文山區,文山區木柵路1段與辛亥路7段口,0,0,1,1,B03,8,1,5,50,4,1,1,5,4,5,7,2,1,5,2,5,2,16,2,29,3,10,1,1,7,5,1,8,2,5,,25,25,1,22,9,121.5523359,24.9878498
111,10,11,7,25,2,10文山區,文山區木柵路1段與辛亥路7段口,0,0,1,2,C03,8,1,5,50,4,1,1,5,4,5,7,2,1,5,2,5,2,16,2,47,2,8,1,1,7,5,1,10,2,12,,42,25,1,22,9,121.5523359,24.9878498
111,10,11,7,37,2,05中正區,中正區懷寧街與漢口街1段口,0,0,3,1,B03,7,1,5,50,4,1,1,5,4,5,7,3,1,10,4,5,2,15,1,51,2,9,1,1,7,9,1,8,1,2,,6,6,1,22,9,121.514132,25.0451463
111,10,11,7,37,2,05中正區,中正區懷寧街與漢口街1段口,0,0,3,2,B03,7,1,5,50,4,1,1,5,4,5,7,3,1,10,4,5,2,15,1,50,3,10,1,1,7,9,1,8,1,1,,23,6,1,22,9,121.514132,25.0451463
111,10,11,7,37,2,05中正區,中正區懷寧街與漢口街1段口,0,0,3,3,H02,7,1,5,50,4,1,1,5,4,5,7,3,1,10,4,5,2,15,1,17,2,9,4,5,7,21,8,20,10,16,,67,6,1,22,9,121.514132,25.0451463
111,10,11,7,37,2,05中正區,中正區懷寧街與漢口街1段口,0,0,3,4,H02,7,1,5,50,4,1,1,5,4,5,7,3,1,10,4,5,2,15,1,19,2,9,4,5,7,21,8,20,10,16,,67,6,1,22,9,121.514132,25.0451463
111,10,11,7,38,2,03中山區,中山區崇實路與大直街2巷口,0,0,1,1,B03,7,1,5,40,3,2,1,5,4,5,7,4,4,1,4,5,2,16,1,40,3,10,3,4,7,6,1,8,2,2,,26,26,1,22,9,121.5445138,25.080717
111,10,11,7,38,2,03中山區,中山區崇實路與大直街2巷口,0,0,1,2,C03,7,1,5,40,3,2,1,5,4,5,7,4,4,1,4,5,2,16,2,51,2,6,1,1,7,9,1,10,2,14,,44,26,1,22,9,121.5445138,25.080717
111,10,11,7,38,2,03中山區,中山區崇實路與大直街2巷口,0,0,1,3,B03,7,1,5,40,3,2,1,5,4,5,7,4,4,1,4,5,2,16,2,42,3,10,3,4,7,14,1,8,2,10,,44,26,1,22,9,121.5445138,25.080717
111,10,11,7,50,2,10文山區,文山區景福街與景福街168巷口,0,0,1,1,B03,8,1,5,30,4,1,1,5,4,5,7,3,1,10,5,5,2,16,2,46,3,10,1,1,7,5,1,8,2,8,,6,6,1,22,9,121.5372504,24.9949234
111,10,11,7,50,2,10文山區,文山區景福街與景福街168巷口,0,0,1,2,F01,8,1,5,30,4,1,1,5,4,5,7,3,1,10,5,5,2,16,1,62,2,1,1,1,7,9,8,20,1,16,,44,6,1,22,9,121.5372504,24.9949234
111,10,11,7,53,2,05中正區,中正區西藏路與惠安街口口,0,0,2,1,B12,8,1,5,30,4,1,1,5,4,1,6,1,1,1,4,5,1,17,1,33,3,10,1,1,7,11,1,8,7,2,,26,26,1,22,9,121.5060548,25.03043995
111,10,11,7,53,2,05中正區,中正區西藏路與惠安街口口,0,0,2,2,C03,8,1,5,30,4,1,1,5,4,1,6,1,1,1,4,5,1,17,1,58,2,9,1,1,7,9,1,10,2,14,,44,26,1,22,9,121.5060548,25.03043995
111,10,11,7,53,2,05中正區,中正區西藏路與惠安街口口,0,0,2,3,C03,8,1,5,30,4,1,1,5,4,1,6,1,1,1,4,5,1,17,1,23,2,9,1,1,7,9,1,10,2,14,,44,26,1,22,9,121.5060548,25.03043995
111,10,11,7,53,2,12內湖區,內湖區康寧路3段與康寧路3段222巷口,0,0,1,1,C03,6,1,5,50,5,2,1,4,4,5,7,1,1,1,4,5,2,17,1,23,3,10,1,1,7,9,1,10,9,15,,43,43,1,22,9,121.6108262,25.06597421
111,10,11,7,53,2,12內湖區,內湖區康寧路3段與康寧路3段222巷口,0,0,1,2,C03,6,1,5,50,5,2,1,4,4,5,7,1,1,1,4,5,2,17,1,34,2,9,1,1,7,14,1,10,11,13,,43,43,1,22,9,121.6108262,25.06597421
111,10,11,8,10,2,09北投區,北投區中央北路4段541巷與中央北路4段口,0,0,2,1,C03,8,1,5,30,3,1,1,5,4,5,7,1,1,9,4,5,2,3,2,19,2,9,3,4,7,6,1,10,1,11,,15,23,1,22,9,121.4679046,25.1278414
111,10,11,8,10,2,09北投區,北投區中央北路4段541巷與中央北路4段口,0,0,2,2,H01,8,1,5,30,3,1,1,5,4,5,7,1,1,9,4,5,2,3,2,52,2,9,4,5,8,16,8,20,10,16,,67,23,1,22,9,121.4679046,25.1278414
111,10,11,8,13,2,07信義區,信義區基隆路1段102巷與基隆路1段口口,0,0,1,1,B12,6,1,5,50,14,9,1,4,4,5,7,4,4,7,4,5,2,16,1,37,3,10,1,1,7,6,1,8,2,2,,9,9,1,22,9,121.5668153,25.0453586
111,10,11,8,13,2,07信義區,信義區基隆路1段102巷與基隆路1段口口,0,0,1,2,C03,6,1,5,50,14,9,1,4,4,5,7,4,4,7,4,5,2,16,1,50,2,9,1,1,7,9,1,10,2,11,,16,9,1,22,9,121.5668153,25.0453586
111,10,11,8,14,2,07信義區,信義區忠孝東路5段與忠孝東路5段215巷口,0,0,1,1,B03,7,1,5,50,3,1,1,5,4,5,7,1,1,1,4,5,2,17,1,59,3,10,1,1,7,5,1,8,1,15,,6,6,1,22,9,121.5702169,25.0410688
111,10,11,8,14,2,07信義區,信義區忠孝東路5段與忠孝東路5段215巷口,0,0,1,2,C03,7,1,5,50,3,1,1,5,4,5,7,1,1,1,4,5,2,17,1,45,2,9,1,1,7,9,1,10,1,12,,13,6,1,22,9,121.5702169,25.0410688
111,10,11,8,20,2,03中山區,中山區民生東路2段80號,0,0,1,1,B02,8,1,5,50,14,9,1,5,4,5,7,4,4,9,4,5,2,12,2,43,3,10,3,4,7,8,1,8,1,15,,7,7,1,22,9,121.5305282,25.05794329
111,10,11,8,20,2,03中山區,中山區民生東路2段80號,0,0,1,2,B02,8,1,5,50,14,9,1,5,4,5,7,4,4,9,4,5,2,12,1,40,3,10,3,4,7,8,1,8,1,2,,7,7,1,22,9,121.5305282,25.05794329
111,10,11,8,20,2,03中山區,中山區民生東路2段80號,0,0,1,3,C03,8,1,5,50,14,9,1,5,4,5,7,4,4,9,4,5,2,12,1,34,2,9,3,4,7,9,1,10,1,14,,44,7,1,22,9,121.5305282,25.05794329
111,10,11,8,37,2,01大同區,大同區民權西路捷運站6號出口前,0,0,1,1,C03,7,1,5,0,14,9,1,5,4,5,7,4,4,1,4,4,2,13,1,22,2,2,1,4,7,9,1,10,1,11,,16,16,1,22,9,121.5189122,25.0628271
111,10,11,8,37,2,01大同區,大同區民權西路捷運站6號出口前,0,0,1,2,B12,7,1,5,0,14,9,1,5,4,5,7,4,4,1,4,4,2,13,1,42,3,10,3,4,7,9,1,8,1,7,,44,16,1,22,9,121.5189122,25.0628271
111,10,11,8,38,2,12內湖區,內湖區民權東路6段56巷與民權東路6段90巷16弄口口,0,0,1,1,B03,7,1,5,50,3,1,1,5,4,5,7,4,4,9,5,4,2,17,1,67,3,10,1,1,7,5,1,8,2,15,,6,6,1,22,9,121.5851088,25.06789834
111,10,11,8,38,2,12內湖區,內湖區民權東路6段56巷與民權東路6段90巷16弄口口,0,0,1,2,C03,7,1,5,50,3,1,1,5,4,5,7,4,4,9,5,4,2,17,1,35,2,9,1,1,7,9,1,10,2,12,,14,6,1,22,9,121.5851088,25.06789834
111,10,11,8,40,2,12內湖區,內湖區民權東路6段56巷與民權東路6段90巷16弄口,0,0,1,1,B03,8,1,5,50,3,1,1,5,4,5,7,4,4,7,4,4,2,17,1,35,3,10,1,1,7,7,1,8,1,8,,7,7,1,22,9,121.5851052,25.0678998
111,10,11,8,40,2,12內湖區,內湖區民權東路6段56巷與民權東路6段90巷16弄口,0,0,1,2,C03,8,1,5,50,3,1,1,5,4,5,7,4,4,7,4,4,2,17,2,32,2,9,1,1,7,9,1,10,1,13,,44,7,1,22,9,121.5851052,25.0678998
111,10,11,9,4,2,03中山區,中山區建國北路2段226巷與民生東路2段159巷口,0,0,1,1,C03,7,1,5,30,4,1,1,5,4,5,7,4,4,10,3,5,1,17,2,45,3,10,1,1,7,9,1,10,1,13,,4,4,1,22,9,121.5360857,25.0610803
111,10,11,9,4,2,03中山區,中山區建國北路2段226巷與民生東路2段159巷口,0,0,1,2,F01,7,1,5,30,4,1,1,5,4,5,7,4,4,10,3,5,1,17,2,72,2,9,1,1,7,9,8,20,1,16,,4,4,1,22,9,121.5360857,25.0610803
111,10,11,9,15,2,05中正區,中正區愛國西路30號,0,0,1,1,B03,7,1,5,50,14,9,1,5,4,5,7,4,4,3,4,5,2,12,1,34,3,10,1,1,7,9,1,8,1,5,,23,23,1,22,9,121.5091142,25.0361258
111,10,11,9,15,2,05中正區,中正區愛國西路30號,0,0,1,2,C03,7,1,5,50,14,9,1,5,4,5,7,4,4,3,4,5,2,12,2,34,2,9,1,1,7,15,1,10,1,15,,44,23,1,22,9,121.5091142,25.0361258
111,10,11,9,35,2,12內湖區,內湖區行善路001號燈桿,0,0,2,1,C03,6,1,5,40,14,8,1,4,4,5,7,4,4,1,4,4,2,16,1,53,2,9,1,1,7,9,1,10,1,12,,43,43,1,22,9,121.5809783,25.058177
111,10,11,9,35,2,12內湖區,內湖區行善路001號燈桿,0,0,2,2,C03,6,1,5,40,14,8,1,4,4,5,7,4,4,1,4,4,2,16,1,41,2,9,1,1,7,9,1,10,1,14,,43,43,1,22,9,121.5809783,25.058177
111,10,11,9,40,2,05中正區,中正區寧波西街與羅斯福路1段口,0,0,1,1,C03,7,1,5,50,4,1,1,5,4,5,7,1,1,10,5,5,2,18,2,31,2,9,1,1,7,9,1,10,2,15,,13,13,1,22,9,121.519039,25.03166511
111,10,11,9,40,2,05中正區,中正區寧波西街與羅斯福路1段口,0,0,1,2,,7,1,5,50,4,1,1,5,4,5,7,1,1,10,5,5,2,18,3,,,,,,,,,,,,,67,13,1,,,121.519039,25.03166511
111,10,11,9,40,2,05中正區,中正區寧波西街與羅斯福路1段口,0,0,1,3,C03,7,1,5,50,4,1,1,5,4,5,7,1,1,10,5,5,2,18,1,38,4,11,3,4,7,5,7,19,11,15,,8,13,2,22,9,121.519039,25.03166511
111,10,11,9,50,2,03中山區,中山區堤頂大道2段566號,0,0,1,1,B03,7,1,5,50,14,9,1,5,4,5,7,4,4,1,4,5,2,16,1,63,3,10,3,4,7,9,1,8,1,2,,44,44,1,22,9,121.5601496,25.0846292
111,10,11,9,50,2,03中山區,中山區堤頂大道2段566號,0,0,1,2,C03,7,1,5,50,14,9,1,5,4,5,7,4,4,1,4,5,2,16,2,68,2,9,1,1,7,7,3,18,1,14,,7,44,1,22,9,121.5601496,25.0846292
111,10,11,9,57,2,10文山區,文山區木柵路1段與和興路口,0,0,2,1,C03,6,1,5,50,4,2,1,4,4,5,7,2,1,5,2,5,2,12,1,59,2,7,1,1,7,9,1,10,1,14,,23,23,1,22,9,121.5459118,24.9867263
111,10,11,9,57,2,10文山區,文山區木柵路1段與和興路口,0,0,2,2,C03,6,1,5,50,4,2,1,4,4,5,7,2,1,5,2,5,2,12,1,20,2,9,1,1,7,5,1,10,1,13,,42,23,1,22,9,121.5459118,24.9867263