發生年度,發生月,發生日,發生時-Hours,發生分,處理別-編號,區序,肇事地點,死亡人數,2-30日死亡人數,受傷人數,當事人序號,車種,天候,光線,道路類別,速限-速度限制,道路型態,事故位置,路面狀況1,路面狀況2,路面狀況3,道路障礙1,道路障礙2,號誌1,號誌2,車道劃分-分向,車道劃分-分道1,車道劃分-分道2,車道劃分-分道3,事故類型及型態,性別,年齡,受傷程度,主要傷處,安全帽,行動電話,車輛用途,當事者行動狀態,駕駛資格情形,駕駛執照種類,飲酒情形,車輛撞擊部位1,車輛撞擊部位2,肇因碼-個別,肇因碼-主要,個人肇逃否,職業,旅次目的,座標-X,座標-Y
111,10,11,9,59,2,08士林區,士林區新安路008燈桿,0,0,1,1,C01,7,1,5,30,12,9,1,4,4,5,1,4,4,10,5,4,2,17,1,24,2,9,1,1,7,6,1,9,1,12,,42,42,1,22,9,121.5534214,25.11910803
111,10,11,9,59,2,08士林區,士林區新安路008燈桿,0,0,1,2,B12,7,1,5,30,12,9,1,4,4,5,1,4,4,10,5,4,2,17,1,20,3,10,1,1,7,5,1,8,1,1,,5,42,1,22,9,121.5534214,25.11910803
111,10,11,10,5,2,04大安區,大安區建國南路1段與建國南路1段65巷口,0,0,1,1,B03,8,1,5,50,14,9,1,5,4,1,7,1,1,9,4,5,2,20,2,47,3,10,1,1,7,9,1,8,1,5,,23,23,1,22,9,121.5369993,25.0438634
111,10,11,10,5,2,04大安區,大安區建國南路1段與建國南路1段65巷口,0,0,1,2,,8,1,5,50,14,9,1,5,4,1,7,1,1,9,4,5,2,20,3,,,,,,,,,,,,,67,23,1,,,121.5369993,25.0438634
111,10,11,10,5,2,04大安區,大安區建國南路1段與建國南路1段65巷口,0,0,1,3,H03,8,1,5,50,14,9,1,5,4,1,7,1,1,9,4,5,2,20,1,63,2,5,4,5,8,20,8,20,10,16,,67,23,1,22,9,121.5369993,25.0438634
111,10,11,10,28,2,04大安區,大安區辛亥路3段330號大門口,0,0,1,1,B03,6,1,5,50,14,9,1,4,4,5,7,4,4,1,4,5,2,12,1,59,3,10,1,1,7,6,1,8,1,2,,9,9,1,22,9,121.5530868,25.0139126
111,10,11,10,28,2,04大安區,大安區辛亥路3段330號大門口,0,0,1,2,C03,6,1,5,50,14,9,1,4,4,5,7,4,4,1,4,5,2,12,1,20,2,9,1,1,7,9,1,10,1,12,,44,9,1,22,9,121.5530868,25.0139126
111,10,11,10,57,2,07信義區,信義區忠孝東路5段372巷27弄1號,0,0,1,1,F03,7,1,5,30,14,9,1,4,4,5,7,4,4,10,5,5,2,17,2,60,2,9,3,4,7,5,8,20,1,16,,23,23,1,22,9,121.5740527,25.03969887
111,10,11,10,57,2,07信義區,信義區忠孝東路5段372巷27弄1號,0,0,1,2,C03,7,1,5,30,14,9,1,4,4,5,7,4,4,10,5,5,2,17,1,30,3,10,3,4,7,13,1,10,1,14,,44,23,1,22,9,121.5740527,25.03969887
111,10,11,10,57,2,07信義區,信義區忠孝東路5段372巷27弄1號,0,0,1,3,C03,7,1,5,30,14,9,1,4,4,5,7,4,4,10,5,5,2,17,1,53,3,10,3,4,7,13,1,10,1,14,,44,23,1,22,9,121.5740527,25.03969887
111,10,11,11,10,2,05中正區,中正區金山南路1段135號,0,0,2,1,C03,8,1,5,50,14,9,1,5,4,5,7,4,4,1,4,5,2,13,1,35,2,9,1,1,7,9,1,10,2,11,,23,23,1,22,9,121.5275269,25.0352808
111,10,11,11,10,2,05中正區,中正區金山南路1段135號,0,0,2,2,C03,8,1,5,50,14,9,1,5,4,5,7,4,4,1,4,5,2,13,1,61,2,9,1,1,7,14,1,10,2,13,,44,23,1,22,9,121.5275269,25.0352808
111,10,11,11,10,2,05中正區,中正區金山南路1段135號,0,0,2,3,B03,8,1,5,50,14,9,1,5,4,5,7,4,4,1,4,5,2,13,1,64,4,11,3,4,7,15,7,19,9,15,,38,23,2,22,9,121.5275269,25.0352808
111,10,11,11,10,2,05中正區,中正區金山南路1段135號,0,0,2,4,C03,8,1,5,50,14,9,1,5,4,5,7,4,4,1,4,5,2,13,1,21,3,10,1,1,7,14,1,10,9,15,,44,23,1,22,9,121.5275269,25.0352808
111,10,11,11,23,2,07信義區,信義區松仁路與松勤街口口,0,0,1,1,B03,7,1,5,50,4,1,1,5,4,5,7,2,1,5,4,5,1,11,1,61,3,10,3,4,7,5,1,8,1,5,,8,8,1,22,9,121.5683851,25.0318958
111,10,11,11,23,2,07信義區,信義區松仁路與松勤街口口,0,0,1,2,C03,7,1,5,50,4,1,1,5,4,5,7,2,1,5,4,5,1,11,1,49,2,8,1,1,7,9,1,10,1,11,,44,8,1,22,9,121.5683851,25.0318958
111,10,11,11,25,2,07信義區,信義區永吉路與基隆路1段37巷口,0,0,1,1,C03,8,1,5,50,5,1,1,5,4,5,7,1,1,10,4,5,1,12,2,74,2,9,1,1,7,1,1,10,1,14,,19,19,1,22,9,121.5688255,25.0457836
111,10,11,11,25,2,07信義區,信義區永吉路與基隆路1段37巷口,0,0,1,2,B03,8,1,5,50,5,1,1,5,4,5,7,1,1,10,4,5,1,12,2,46,3,10,3,4,7,9,1,8,1,2,,44,19,1,22,9,121.5688255,25.0457836
111,10,11,11,27,2,04大安區,大安區辛亥路3段與芳蘭路口,0,0,1,1,C03,7,1,5,50,14,9,1,5,4,5,7,4,4,8,3,5,1,12,1,25,2,8,1,1,7,7,1,10,1,14,,43,43,1,22,9,121.5457148,25.0204143
111,10,11,11,27,2,04大安區,大安區辛亥路3段與芳蘭路口,0,0,1,2,,7,1,5,50,14,9,1,5,4,5,7,4,4,8,3,5,1,12,4,,4,11,3,4,7,15,7,19,11,15,,43,43,2,22,9,121.5457148,25.0204143
111,10,11,11,42,2,09北投區,北投區幽雅路7號,0,0,1,1,B03,7,1,5,30,14,9,1,5,4,5,7,4,4,10,5,5,2,12,1,57,3,10,1,1,7,7,1,8,2,8,,7,7,1,22,9,121.513603,25.1372797
111,10,11,11,42,2,09北投區,北投區幽雅路7號,0,0,1,2,C03,7,1,5,30,14,9,1,5,4,5,7,4,4,10,5,5,2,12,2,28,2,9,1,1,7,4,1,10,2,12,,23,7,1,22,9,121.513603,25.1372797
111,10,11,11,43,2,01大同區,大同區市民高架道往三重(台北轉運站旁),0,0,1,1,C01,7,1,5,60,10,9,1,5,4,5,7,4,4,1,4,5,1,13,1,61,2,9,1,4,7,9,1,9,1,11,,23,23,1,22,9,121.5177864,25.04863623
111,10,11,11,43,2,01大同區,大同區市民高架道往三重(台北轉運站旁),0,0,1,2,B12,7,1,5,60,10,9,1,5,4,5,7,4,4,1,4,5,1,13,1,31,3,10,3,4,7,9,1,8,1,1,,23,23,1,22,9,121.5177864,25.04863623
111,10,11,11,43,2,01大同區,大同區市民高架道往三重(台北轉運站旁),0,0,1,3,B03,7,1,5,60,10,9,1,5,4,5,7,4,4,1,4,5,1,13,1,32,3,10,3,4,7,9,1,8,1,3,,44,23,1,22,9,121.5177864,25.04863623
111,10,11,11,50,2,08士林區,士林區東山路25巷81弄99-1號,0,0,1,1,B03,6,1,5,30,11,9,1,4,4,5,1,4,4,10,5,5,1,16,1,71,3,10,1,1,7,5,1,8,1,4,,17,17,1,22,9,121.5356908,25.13372519
111,10,11,11,50,2,08士林區,士林區東山路25巷81弄99-1號,0,0,1,2,C03,6,1,5,30,11,9,1,4,4,5,1,4,4,10,5,5,1,16,1,56,2,8,1,1,7,6,1,10,1,14,,17,17,1,22,9,121.5356908,25.13372519
111,10,11,11,56,2,11南港區,南港區市民大道8段與興中路口,0,0,1,1,B12,7,1,5,50,4,2,1,5,4,5,7,2,1,3,3,5,2,16,1,51,3,10,3,4,7,5,1,8,2,1,,8,6,1,22,9,121.6069839,25.0533885
111,10,11,11,56,2,11南港區,南港區市民大道8段與興中路口,0,0,1,2,C03,7,1,5,50,4,2,1,5,4,5,7,2,1,3,3,5,2,16,1,24,2,9,3,4,7,9,1,10,2,14,,25,6,1,22,9,121.6069839,25.0533885
111,10,11,12,28,2,09北投區,北投區中央北路4段與學園路口,0,0,1,1,C03,8,1,5,50,3,1,1,5,4,5,7,1,1,9,4,5,2,12,2,24,3,10,3,4,7,6,1,10,1,13,,9,9,1,22,9,121.465976,25.1266012
111,10,11,12,28,2,09北投區,北投區中央北路4段與學園路口,0,0,1,2,C03,8,1,5,50,3,1,1,5,4,5,7,1,1,9,4,5,2,12,2,50,2,9,3,4,7,9,1,10,1,11,,44,9,1,22,9,121.465976,25.1266012
111,10,11,13,5,2,08士林區,士林區重陽橋與中正路口機車道往蘆洲方向燈桿編號270672處,0,0,2,1,C03,7,1,5,25,8,11,1,5,4,5,7,4,4,3,4,5,2,17,2,64,4,11,3,4,7,15,7,19,11,15,,43,43,2,22,9,121.5012513,25.08496903
111,10,11,13,5,2,08士林區,士林區重陽橋與中正路口機車道往蘆洲方向燈桿編號270672處,0,0,2,2,,7,1,5,25,8,11,1,5,4,5,7,4,4,3,4,5,2,17,4,,4,11,3,4,7,15,7,19,11,15,,43,43,2,22,9,121.5012513,25.08496903
111,10,11,13,5,2,08士林區,士林區重陽橋與中正路口機車道往蘆洲方向燈桿編號270672處,0,0,2,3,C03,7,1,5,25,8,11,1,5,4,5,7,4,4,3,4,5,2,17,1,18,2,8,1,1,7,9,1,10,1,11,,43,43,1,22,9,121.5012513,25.08496903
111,10,11,13,5,2,08士林區,士林區重陽橋與中正路口機車道往蘆洲方向燈桿編號270672處,0,0,2,4,C03,7,1,5,25,8,11,1,5,4,5,7,4,4,3,4,5,2,17,2,41,3,10,1,1,7,9,1,10,1,11,,43,43,1,22,9,121.5012513,25.08496903
111,10,11,13,5,2,08士林區,士林區重陽橋與中正路口機車道往蘆洲方向燈桿編號270672處,0,0,2,5,C03,7,1,5,25,8,11,1,5,4,5,7,4,4,3,4,5,2,17,1,33,2,8,1,1,7,9,1,10,1,11,,43,43,1,22,9,121.5012513,25.08496903
111,10,11,13,6,2,02萬華區,萬華區西園路2段與東園街口,0,0,1,1,C03,8,1,5,50,3,1,1,5,4,5,7,2,1,1,4,5,2,17,1,19,3,10,1,1,7,6,1,10,1,12,,6,6,1,22,9,121.4952995,25.028127
111,10,11,13,6,2,02萬華區,萬華區西園路2段與東園街口,0,0,1,2,C03,8,1,5,50,3,1,1,5,4,5,7,2,1,1,4,5,2,17,2,59,2,8,1,1,7,9,1,10,1,14,,44,6,1,22,9,121.4952995,25.028127
111,10,11,13,16,2,09北投區,北投區石牌路2段與振興街口,0,0,1,1,C03,7,1,5,50,4,1,1,5,4,5,7,2,1,5,4,5,2,16,2,39,3,10,1,1,7,5,1,10,1,13,,43,43,1,22,9,121.5213323,25.11898383
111,10,11,13,16,2,09北投區,北投區石牌路2段與振興街口,0,0,1,2,C03,7,1,5,50,4,1,1,5,4,5,7,2,1,5,4,5,2,16,1,27,2,9,1,1,7,9,1,10,1,11,,43,43,1,22,9,121.5213323,25.11898383
111,10,11,13,24,2,08士林區,士林區中山北路6段175-1號,0,0,1,1,C03,8,1,5,50,14,9,1,5,4,5,7,4,4,10,5,5,1,13,1,23,2,9,1,1,7,8,1,10,1,11,,16,16,1,22,9,121.5249987,25.10749136
111,10,11,13,24,2,08士林區,士林區中山北路6段175-1號,0,0,1,2,B03,8,1,5,50,14,9,1,5,4,5,7,4,4,10,5,5,1,13,2,57,3,10,1,1,7,9,1,8,1,6,,44,16,1,22,9,121.5249987,25.10749136
111,10,11,13,40,2,05中正區,中正區忠孝東路2段130號,0,0,1,1,B12,7,1,5,50,14,9,1,5,4,5,7,1,1,9,4,4,2,17,1,66,3,10,1,4,7,15,1,8,1,15,,40,40,1,22,9,121.5319955,25.04248077
111,10,11,13,40,2,05中正區,中正區忠孝東路2段130號,0,0,1,2,C03,7,1,5,50,14,9,1,5,4,5,7,1,1,9,4,4,2,17,2,24,2,9,1,4,7,9,1,10,1,14,,44,40,1,22,9,121.5319955,25.04248077
111,10,11,13,40,2,05中正區,中正區忠孝東路2段130號,0,0,1,3,A11,7,1,5,50,14,9,1,5,4,5,7,1,1,9,4,4,2,17,1,29,3,10,1,4,7,9,1,3,1,2,,44,40,1,22,9,121.5319955,25.04248077
111,10,11,13,40,2,08士林區,士林區士東路大葉高島屋旁,0,0,1,1,B03,7,1,5,50,14,9,1,5,4,3,5,4,4,1,4,5,2,17,2,64,3,10,1,1,7,6,1,8,1,5,,9,9,1,22,9,121.5320508,25.11247901
111,10,11,13,40,2,08士林區,士林區士東路大葉高島屋旁,0,0,1,2,C03,7,1,5,50,14,9,1,5,4,3,5,4,4,1,4,5,2,17,2,18,2,9,1,1,7,9,1,10,1,14,,44,9,1,22,9,121.5320508,25.11247901
111,10,11,13,40,2,08士林區,士林區士東路大葉高島屋旁,0,0,1,3,A11,7,1,5,50,14,9,1,5,4,3,5,4,4,1,4,5,2,17,1,52,3,10,1,1,7,14,1,1,1,15,,38,9,1,22,9,121.5320508,25.11247901
111,10,11,14,20,2,12內湖區,內湖區環山路2段50巷與環山路2段口,0,0,2,1,B03,6,1,5,50,4,1,1,4,4,5,7,1,1,5,4,5,2,16,1,66,3,10,1,1,7,1,1,8,1,8,,19,19,1,22,9,121.5737844,25.0853751
111,10,11,14,20,2,12內湖區,內湖區環山路2段50巷與環山路2段口,0,0,2,2,C03,6,1,5,50,4,1,1,4,4,5,7,1,1,5,4,5,2,16,1,25,2,9,1,1,7,9,1,10,1,12,,44,19,1,22,9,121.5737844,25.0853751
111,10,11,14,20,2,12內湖區,內湖區環山路2段50巷與環山路2段口,0,0,2,3,H02,6,1,5,50,4,1,1,4,4,5,7,1,1,5,4,5,2,16,2,21,2,9,1,1,7,20,8,20,10,16,,67,19,1,22,9,121.5737844,25.0853751
111,10,11,14,30,2,05中正區,中正區愛國東路82號,0,0,1,1,B12,8,1,5,40,14,7,1,5,4,5,7,4,4,1,4,4,2,17,1,31,3,10,1,1,7,1,1,8,1,4,,19,19,1,22,9,121.5198661,25.03348464
111,10,11,14,30,2,05中正區,中正區愛國東路82號,0,0,1,2,C03,8,1,5,40,14,7,1,5,4,5,7,4,4,1,4,4,2,17,1,23,2,7,1,1,7,9,1,10,1,12,,44,19,1,22,9,121.5198661,25.03348464
111,10,11,14,33,2,01大同區,大同區赤峰街41巷與赤峰街口,0,0,2,1,C03,7,1,5,30,4,1,1,5,4,5,7,4,4,10,5,5,2,15,1,23,2,7,1,4,7,9,1,10,2,11,,6,6,1,22,9,121.5196077,25.0548927
111,10,11,14,33,2,01大同區,大同區赤峰街41巷與赤峰街口,0,0,2,2,C03,7,1,5,30,4,1,1,5,4,5,7,4,4,10,5,5,2,15,2,29,2,8,1,4,7,9,1,10,2,12,,13,6,1,22,9,121.5196077,25.0548927
111,10,11,14,36,2,04大安區,大安區羅斯福路3段與辛亥路1段口,0,0,2,1,C03,7,1,5,50,4,2,1,5,4,5,7,1,1,1,4,5,2,13,1,48,2,8,3,4,7,8,1,10,9,11,,23,23,1,22,9,121.5289894,25.0201285
111,10,11,14,36,2,04大安區,大安區羅斯福路3段與辛亥路1段口,0,0,2,2,F01,7,1,5,50,4,2,1,5,4,5,7,1,1,1,4,5,2,13,2,21,2,9,1,1,7,9,8,20,9,16,,44,23,1,22,9,121.5289894,25.0201285
111,10,11,14,52,2,03中山區,中山區松江路136號,0,0,1,1,B01,8,1,5,50,14,9,1,5,4,5,7,4,4,3,4,5,2,9,1,28,3,10,1,1,7,1,1,4,1,2,,19,19,1,22,9,121.5328894,25.05298934
111,10,11,14,52,2,03中山區,中山區松江路136號,0,0,1,2,H02,8,1,5,50,14,9,1,5,4,5,7,4,4,3,4,5,2,9,1,52,2,8,4,5,7,19,8,20,10,15,,67,19,1,22,9,121.5328894,25.05298934
111,10,11,15,15,2,01大同區,大同區長安西路與長安西路口建成國中停車場出口,0,0,1,1,C03,8,1,5,50,3,1,1,5,4,5,7,3,1,5,4,5,2,15,1,25,2,8,1,1,7,9,1,10,1,11,,23,23,1,22,9,121.5195649,25.05032162
111,10,11,15,15,2,01大同區,大同區長安西路與長安西路口建成國中停車場出口,0,0,1,2,B03,8,1,5,50,3,1,1,5,4,5,7,3,1,5,4,5,2,15,2,49,3,10,3,4,7,1,1,8,1,7,,19,23,1,22,9,121.5195649,25.05032162
111,10,11,15,30,2,04大安區,大安區潮州街60巷與潮州街口,0,0,1,1,B03,8,1,5,50,5,1,1,5,4,5,7,4,4,9,5,5,2,17,1,70,3,10,1,4,7,6,1,8,1,5,,9,9,1,22,9,121.5237321,25.029274
111,10,11,15,30,2,04大安區,大安區潮州街60巷與潮州街口,0,0,1,2,C03,8,1,5,50,5,1,1,5,4,5,7,4,4,9,5,5,2,17,1,35,2,8,1,4,7,9,1,10,1,14,,44,9,1,22,9,121.5237321,25.029274
111,10,11,15,30,2,04大安區,大安區潮州街60巷與潮州街口,0,0,1,3,B03,8,1,5,50,5,1,1,5,4,5,7,4,4,9,5,5,2,17,1,42,3,10,1,4,7,13,1,8,1,15,,42,9,1,22,9,121.5237321,25.029274
111,10,11,15,36,2,07信義區,信義區基隆路1段200號,0,0,2,1,C03,6,1,5,50,14,9,1,4,4,5,7,4,4,10,5,5,1,3,1,27,2,8,3,4,7,9,1,10,1,12,,23,23,1,22,9,121.5635433,25.0399027
111,10,11,15,36,2,07信義區,信義區基隆路1段200號,0,0,2,2,H01,6,1,5,50,14,9,1,4,4,5,7,4,4,10,5,5,1,3,2,61,2,9,4,5,8,16,8,20,10,16,,60,23,1,22,9,121.5635433,25.0399027
111,10,11,15,36,2,07信義區,信義區基隆路1段200號,0,0,2,3,,6,1,5,50,14,9,1,4,4,5,7,4,4,10,5,5,1,3,3,,,,,,,,,,,,,67,23,1,,,121.5635433,25.0399027
111,10,11,15,38,2,07信義區,信義區光復南路567號,0,0,1,1,B03,8,1,5,50,14,9,1,5,4,5,7,1,1,1,4,4,2,12,2,34,3,10,1,1,7,6,1,8,1,5,,9,9,1,22,9,121.5576103,25.0307353
111,10,11,15,38,2,07信義區,信義區光復南路567號,0,0,1,2,C03,8,1,5,50,14,9,1,5,4,5,7,1,1,1,4,4,2,12,1,59,2,9,1,1,7,9,1,10,1,11,,23,9,1,22,9,121.5576103,25.0307353
111,10,11,15,45,2,05中正區,中正區鄭州路與承德路1段口,0,0,3,1,C03,7,1,5,40,14,9,1,5,4,5,7,1,1,1,4,1,2,16,1,21,3,10,1,1,7,6,1,10,2,12,,9,9,1,22,9,121.5163807,25.04861507
111,10,11,15,45,2,05中正區,中正區鄭州路與承德路1段口,0,0,3,2,C03,7,1,5,40,14,9,1,5,4,5,7,1,1,1,4,1,2,16,1,18,2,8,1,1,7,14,1,10,2,14,,44,9,1,22,9,121.5163807,25.04861507
111,10,11,15,45,2,05中正區,中正區鄭州路與承德路1段口,0,0,3,3,C03,7,1,5,40,14,9,1,5,4,5,7,1,1,1,4,1,2,16,2,20,2,9,1,1,7,9,1,10,2,14,,44,9,1,22,9,121.5163807,25.04861507
111,10,11,15,45,2,05中正區,中正區鄭州路與承德路1段口,0,0,3,4,H02,7,1,5,40,14,9,1,5,4,5,7,1,1,1,4,1,2,16,2,19,2,8,4,5,7,21,8,20,10,16,,67,9,1,22,9,121.5163807,25.04861507
111,10,11,16,30,2,12內湖區,內湖區金豐街與行善路口,0,0,1,1,B02,8,1,5,50,4,1,1,5,4,5,7,2,1,3,4,5,2,3,1,28,3,10,1,1,7,5,1,4,2,5,,15,15,1,22,9,121.5856971,25.06628755
111,10,11,16,30,2,12內湖區,內湖區金豐街與行善路口,0,0,1,2,H01,8,1,5,50,4,1,1,5,4,5,7,2,1,3,4,5,2,3,1,37,2,9,4,5,8,16,8,20,10,16,,67,15,1,22,9,121.5856971,25.06628755
111,10,11,16,53,2,10文山區,文山區木柵路2段與木柵路2段109巷口口,0,0,1,1,B01,8,1,5,50,4,2,1,5,4,5,7,2,1,4,5,5,2,3,1,53,3,10,1,4,7,5,1,4,1,4,,8,8,1,22,9,121.5617664,24.98892034
111,10,11,16,53,2,10文山區,文山區木柵路2段與木柵路2段109巷口口,0,0,1,2,H01,8,1,5,50,4,2,1,5,4,5,7,2,1,4,5,5,2,3,2,22,2,9,4,5,8,16,8,20,1,16,,67,8,1,22,9,121.5617664,24.98892034
111,10,11,16,55,2,09北投區,北投區立德路15號,0,0,1,1,B03,7,1,5,50,14,9,1,5,4,5,7,4,4,5,4,5,2,16,1,49,3,10,3,4,7,6,1,8,1,6,,9,9,1,22,9,121.4715831,25.12482945
111,10,11,16,55,2,09北投區,北投區立德路15號,0,0,1,2,C03,7,1,5,50,14,9,1,5,4,5,7,4,4,5,4,5,2,16,1,19,2,9,3,4,7,9,1,10,1,14,,23,9,1,22,9,121.4715831,25.12482945
111,10,11,16,56,2,03中山區,中山區建國北路3段與建國北路3段93巷口,0,0,1,1,B03,7,1,5,50,3,1,1,5,4,5,7,4,4,1,3,5,1,16,1,26,3,10,3,4,7,1,3,18,1,8,,19,19,1,22,9,121.5366211,25.065693
111,10,11,16,56,2,03中山區,中山區建國北路3段與建國北路3段93巷口,0,0,1,2,C03,7,1,5,50,3,1,1,5,4,5,7,4,4,1,3,5,1,16,1,22,2,8,1,4,7,6,1,10,1,12,,9,19,1,22,9,121.5366211,25.065693
111,10,11,17,1,2,06松山區,松山區八德路2段366巷5號,0,0,1,1,H01,8,1,5,30,14,9,1,5,4,5,7,1,1,10,5,5,2,3,2,60,2,8,1,1,8,16,8,20,10,16,,51,51,1,22,9,121.5459733,25.04775182
111,10,11,17,1,2,06松山區,松山區八德路2段366巷5號,0,0,1,2,C03,8,1,5,30,14,9,1,5,4,5,7,1,1,10,5,5,2,3,1,25,3,10,1,1,7,9,1,10,2,11,,23,51,1,22,9,121.5459733,25.04775182
111,10,11,17,13,2,10文山區,文山區辛亥路4段與辛亥路4段252巷口,0,0,1,1,B03,8,1,5,50,3,1,1,5,4,5,7,4,4,1,4,5,2,16,1,54,3,10,1,1,7,6,1,8,1,5,,9,9,1,22,9,121.5548437,25.00140661
111,10,11,17,13,2,10文山區,文山區辛亥路4段與辛亥路4段252巷口,0,0,1,2,C03,8,1,5,50,3,1,1,5,4,5,7,4,4,1,4,5,2,16,1,26,2,9,1,1,7,9,1,10,1,14,,14,9,1,22,9,121.5548437,25.00140661
111,10,11,17,22,2,10文山區,文山區景後街與景興路202巷口,0,0,1,1,C03,8,1,5,50,4,1,1,5,4,5,7,2,1,9,5,5,2,3,1,54,3,10,1,1,7,9,6,18,2,11,,15,15,1,22,9,121.5429399,24.9921434
111,10,11,17,22,2,10文山區,文山區景後街與景興路202巷口,0,0,1,2,H01,8,1,5,50,4,1,1,5,4,5,7,2,1,9,5,5,2,3,1,19,2,9,4,1,8,16,8,20,10,16,,67,15,1,22,9,121.5429399,24.9921434
111,10,11,17,25,2,08士林區,士林區社正路24號,0,0,1,1,C03,6,3,5,50,14,9,1,4,4,5,7,4,4,5,5,5,2,12,1,20,3,10,1,1,7,5,1,10,1,15,,6,6,1,22,9,121.5093716,25.08869091
111,10,11,17,25,2,08士林區,士林區社正路24號,0,0,1,2,C03,6,3,5,50,14,9,1,4,4,5,7,4,4,5,5,5,2,12,1,60,2,9,1,1,7,9,1,10,1,11,,44,6,1,22,9,121.5093716,25.08869091
111,10,11,17,25,2,08士林區,士林區中山北路6段35巷26號,0,0,1,1,C03,7,1,5,50,14,9,1,5,4,5,7,4,4,10,4,5,2,17,1,71,2,3,1,1,7,9,1,10,1,11,,23,23,1,21,8,121.5247271,25.10303305
111,10,11,17,25,2,08士林區,士林區中山北路6段35巷26號,0,0,1,2,B03,7,1,5,50,14,9,1,5,4,5,7,4,4,10,4,5,2,17,1,46,3,10,1,1,7,9,1,8,1,6,,44,23,1,21,8,121.5247271,25.10303305
111,10,11,17,37,2,01大同區,大同區長安西路149號,0,0,2,1,C03,6,3,8,50,15,22,1,4,4,5,7,2,1,9,3,5,2,17,1,23,2,9,1,1,7,5,1,10,1,11,,8,8,1,22,9,121.5148116,25.05139091
111,10,11,17,37,2,01大同區,大同區長安西路149號,0,0,2,2,C03,6,3,8,50,15,22,1,4,4,5,7,2,1,9,3,5,2,17,1,25,2,9,1,1,7,15,1,10,1,11,,13,8,1,22,9,121.5148116,25.05139091
111,10,11,17,48,2,12內湖區,內湖區民權東路6段208號旁,0,0,3,1,C03,6,3,5,50,14,9,1,4,4,5,7,4,4,9,4,5,2,16,1,18,2,9,1,1,7,8,1,10,1,12,,7,7,1,22,9,121.5961722,25.06806064
111,10,11,17,48,2,12內湖區,內湖區民權東路6段208號旁,0,0,3,2,C03,6,3,5,50,14,9,1,4,4,5,7,4,4,9,4,5,2,16,1,44,2,9,1,1,7,9,1,10,1,14,,23,7,1,22,9,121.5961722,25.06806064
111,10,11,17,48,2,12內湖區,內湖區民權東路6段208號旁,0,0,3,3,H02,6,3,5,50,14,9,1,4,4,5,7,4,4,9,4,5,2,16,2,18,2,9,1,3,7,21,8,20,10,15,,67,7,1,22,9,121.5961722,25.06806064
111,10,11,17,55,2,04大安區,大安區市民大道4段80號,0,0,2,2,C03,6,3,5,40,14,9,1,4,4,5,7,4,4,9,4,5,1,12,2,65,2,9,1,4,7,9,1,10,1,11,,23,46,1,22,9,121.547833,25.0448679
111,10,11,17,55,2,04大安區,大安區市民大道4段80號,0,0,2,1,C04,6,3,5,40,14,9,1,4,4,5,7,4,4,9,4,5,1,12,2,20,2,8,1,4,7,9,1,10,1,13,,42,46,1,22,9,121.547833,25.0448679
111,10,11,18,5,2,02萬華區,萬華區中華路1段192號旁,0,0,2,2,H01,7,3,5,30,14,9,1,5,4,5,7,4,4,10,5,5,2,3,2,26,2,9,4,5,8,16,8,20,10,16,,51,14,1,22,9,121.5069062,25.03878188
111,10,11,18,5,2,02萬華區,萬華區中華路1段192號旁,0,0,2,1,C03,7,3,5,30,14,9,1,5,4,5,7,4,4,10,5,5,2,3,1,34,2,7,1,1,7,9,1,10,11,11,,14,14,1,22,9,121.5069062,25.03878188
111,10,11,18,5,2,12內湖區,內湖區民權東路6段32號,0,0,1,1,C03,6,3,5,50,14,9,1,4,4,5,7,4,4,1,4,5,2,13,2,21,2,9,1,1,7,9,1,10,1,15,,16,16,1,22,9,121.580763,25.06750483
111,10,11,18,5,2,12內湖區,內湖區民權東路6段32號,0,0,1,2,B12,6,3,5,50,14,9,1,4,4,5,7,4,4,1,4,5,2,13,1,38,3,10,1,1,7,14,1,8,1,6,,44,16,1,22,9,121.580763,25.06750483
111,10,11,18,11,2,08士林區,士林區中山北路5段北往南514燈桿,0,0,1,1,B01,8,1,5,50,10,9,1,5,4,5,7,4,4,4,3,5,2,17,1,33,3,10,1,1,7,8,1,4,1,5,,7,7,1,22,9,121.5273662,25.08878617
111,10,11,18,11,2,08士林區,士林區中山北路5段北往南514燈桿,0,0,1,2,C03,8,1,5,50,10,9,1,5,4,5,7,4,4,4,3,5,2,17,1,21,2,8,1,1,7,9,1,10,1,11,,13,7,1,22,9,121.5273662,25.08878617
111,10,11,18,17,2,12內湖區,內湖區行愛路141巷38號,0,0,1,1,B03,6,3,5,50,14,9,1,4,4,5,7,4,4,9,5,5,2,12,2,44,3,10,1,1,7,9,1,8,1,8,,23,23,1,22,9,121.5818305,25.06502564
111,10,11,18,17,2,12內湖區,內湖區行愛路141巷38號,0,0,1,2,C03,6,3,5,50,14,9,1,4,4,5,7,4,4,9,5,5,2,12,1,44,2,9,1,1,7,1,1,10,1,13,,19,23,1,22,9,121.5818305,25.06502564