發生年度,發生月,發生日,發生時-Hours,發生分,處理別-編號,區序,肇事地點,死亡人數,2-30日死亡人數,受傷人數,當事人序號,車種,天候,光線,道路類別,速限-速度限制,道路型態,事故位置,路面狀況1,路面狀況2,路面狀況3,道路障礙1,道路障礙2,號誌1,號誌2,車道劃分-分向,車道劃分-分道1,車道劃分-分道2,車道劃分-分道3,事故類型及型態,性別,年齡,受傷程度,主要傷處,安全帽,行動電話,車輛用途,當事者行動狀態,駕駛資格情形,駕駛執照種類,飲酒情形,車輛撞擊部位1,車輛撞擊部位2,肇因碼-個別,肇因碼-主要,個人肇逃否,職業,旅次目的,座標-X,座標-Y
111,10,11,18,22,2,04大安區,大安區忠孝東路3段52號,0,0,1,1,B01,8,1,5,50,14,9,1,5,4,5,7,1,1,1,4,5,2,13,1,62,3,10,1,4,7,9,1,4,1,1,,23,23,1,22,9,121.5355189,25.041722
111,10,11,18,22,2,04大安區,大安區忠孝東路3段52號,0,0,1,2,B03,8,1,5,50,14,9,1,5,4,5,7,1,1,1,4,5,2,13,1,34,3,10,1,4,7,14,1,8,1,3,,44,23,1,22,9,121.5355189,25.041722
111,10,11,18,22,2,04大安區,大安區忠孝東路3段52號,0,0,1,3,H02,8,1,5,50,14,9,1,5,4,5,7,1,1,1,4,5,2,13,2,30,2,9,4,5,7,21,8,20,10,16,,67,23,1,22,9,121.5355189,25.041722
111,10,11,18,22,2,12內湖區,內湖區行善路55號前,0,0,1,1,B03,6,3,5,50,14,9,1,4,4,5,7,4,4,5,5,5,2,16,2,44,3,10,1,1,7,5,1,8,1,1,,8,8,1,22,9,121.5775365,25.05751873
111,10,11,18,22,2,12內湖區,內湖區行善路55號前,0,0,1,2,C03,6,3,5,50,14,9,1,4,4,5,7,4,4,5,5,5,2,16,1,23,2,9,1,1,7,9,1,10,1,14,,44,8,1,22,9,121.5775365,25.05751873
111,10,11,18,25,2,10文山區,文山區萬樂街與萬美街1段口,0,0,1,1,B03,8,3,5,40,3,1,1,5,4,5,7,3,1,5,4,5,1,13,1,67,3,10,3,4,7,5,1,8,2,1,,23,23,1,22,9,121.5656044,25.00146786
111,10,11,18,25,2,10文山區,文山區萬樂街與萬美街1段口,0,0,1,2,C03,8,3,5,40,3,1,1,5,4,5,7,3,1,5,4,5,1,13,1,48,2,9,1,4,7,14,1,10,2,13,,44,23,1,22,9,121.5656044,25.00146786
111,10,11,18,29,2,04大安區,大安區和平東路1段129-1號,0,0,1,1,C03,8,3,5,50,14,9,1,5,4,3,7,4,4,1,4,4,2,12,1,38,3,10,3,4,7,7,1,10,1,13,,7,7,1,22,9,121.5291415,25.02667448
111,10,11,18,29,2,04大安區,大安區和平東路1段129-1號,0,0,1,2,C03,8,3,5,50,14,9,1,5,4,3,7,4,4,1,4,4,2,12,1,56,2,9,3,4,7,9,1,10,1,11,,44,7,1,22,9,121.5291415,25.02667448
111,10,11,18,29,2,04大安區,大安區和平東路1段129-1號,0,0,1,3,B01,8,3,5,50,14,9,1,5,4,3,7,4,4,1,4,4,2,12,1,65,3,10,3,4,7,1,1,4,1,15,,19,7,1,22,9,121.5291415,25.02667448
111,10,11,18,43,2,11南港區,南港區市民大道8段586號,0,0,1,1,C03,6,3,5,50,14,9,1,4,4,5,7,4,4,1,4,5,2,13,2,35,2,9,3,4,7,9,1,10,2,11,,16,16,1,22,9,121.6148012,25.05419232
111,10,11,18,43,2,11南港區,南港區市民大道8段586號,0,0,1,2,C03,6,3,5,50,14,9,1,4,4,5,7,4,4,1,4,5,2,13,1,34,3,10,3,4,7,15,1,10,2,13,,44,16,1,22,9,121.6148012,25.05419232
111,10,11,18,59,2,10文山區,文山區羅斯福路5段196號,0,0,1,1,C03,7,3,5,50,14,9,1,5,4,5,7,4,4,1,4,5,2,17,1,66,3,10,1,1,7,7,1,10,1,15,,7,7,1,22,9,121.5386045,25.00355296
111,10,11,18,59,2,10文山區,文山區羅斯福路5段196號,0,0,1,2,C03,7,3,5,50,14,9,1,5,4,5,7,4,4,1,4,5,2,17,1,39,2,9,1,1,7,9,1,10,1,12,,23,7,1,22,9,121.5386045,25.00355296
111,10,11,18,59,2,10文山區,文山區羅斯福路5段196號,0,0,1,3,C03,7,3,5,50,14,9,1,5,4,5,7,4,4,1,4,5,2,17,2,46,3,10,1,1,7,9,1,10,1,13,,44,7,1,22,9,121.5386045,25.00355296
111,10,11,19,9,2,11南港區,南港區松河街與成美橋口下,0,0,1,1,C03,7,4,5,50,5,1,1,4,4,5,7,4,4,5,5,5,2,13,2,50,2,7,1,1,7,9,1,10,1,11,,23,23,1,22,9,121.5832234,25.0528681
111,10,11,19,9,2,11南港區,南港區松河街與成美橋口下,0,0,1,2,B12,7,4,5,50,5,1,1,4,4,5,7,4,4,5,5,5,2,13,1,55,3,10,1,1,7,9,1,8,1,3,,44,23,1,22,9,121.5832234,25.0528681
111,10,11,19,20,2,04大安區,大安區仁愛路4段91巷與仁愛路4段71巷口,0,0,1,1,C03,8,3,5,30,4,1,1,5,4,5,7,4,4,10,5,5,2,15,1,24,2,7,3,4,7,21,1,10,1,15,,6,6,1,22,9,121.5471255,25.03864612
111,10,11,19,20,2,04大安區,大安區仁愛路4段91巷與仁愛路4段71巷口,0,0,1,2,B01,8,3,5,30,4,1,1,5,4,5,7,4,4,10,5,5,2,15,1,59,3,10,3,4,7,21,1,4,1,15,,44,6,1,22,9,121.5471255,25.03864612
111,10,11,19,26,2,12內湖區,內湖區行善路與行善路111巷口,0,0,3,1,C03,7,3,5,50,3,1,1,5,4,5,7,2,1,5,4,5,2,16,1,31,2,9,1,1,7,5,1,10,1,11,,6,6,1,22,9,121.579461,25.05854658
111,10,11,19,26,2,12內湖區,內湖區行善路與行善路111巷口,0,0,3,2,C03,7,3,5,50,3,1,1,5,4,5,7,2,1,5,4,5,2,16,2,50,2,9,1,1,7,9,1,10,1,11,,44,6,1,22,9,121.579461,25.05854658
111,10,11,19,26,2,12內湖區,內湖區行善路與行善路111巷口,0,0,3,3,H02,7,3,5,50,3,1,1,5,4,5,7,2,1,5,4,5,2,16,2,51,2,8,1,5,7,20,8,20,10,15,,67,6,1,22,9,121.579461,25.05854658
111,10,11,20,29,2,04大安區,大安區芳蘭路49號對面,0,0,2,1,C03,8,3,5,50,14,9,1,5,4,5,7,4,4,9,4,5,2,17,1,35,2,9,3,4,7,8,1,10,1,11,,23,23,1,22,9,121.5467781,25.01409402
111,10,11,20,29,2,04大安區,大安區芳蘭路49號對面,0,0,2,2,F01,8,3,5,50,14,9,1,5,4,5,7,4,4,9,4,5,2,17,1,23,2,8,3,4,7,15,8,20,1,16,,26,23,1,22,9,121.5467781,25.01409402
111,10,11,21,39,2,12內湖區,內湖區內湖路2段與麗山街口,0,0,1,1,C03,6,3,5,50,4,1,1,4,4,5,7,4,4,9,4,5,2,16,1,57,3,10,1,1,7,5,1,10,2,13,,8,8,1,22,9,121.5815547,25.07938994
111,10,11,21,39,2,12內湖區,內湖區內湖路2段與麗山街口,0,0,1,2,C03,6,3,5,50,4,1,1,4,4,5,7,4,4,9,4,5,2,16,2,45,2,9,1,1,7,9,1,10,2,12,,44,8,1,22,9,121.5815547,25.07938994
111,10,11,21,41,2,10文山區,文山區興隆路3段與興隆路3段229巷口,0,0,1,1,B12,7,3,5,50,3,1,1,5,4,5,7,2,1,1,4,5,2,16,1,29,3,10,1,1,7,11,1,8,1,6,,10,10,1,22,9,121.55918,24.99349963
111,10,11,21,41,2,10文山區,文山區興隆路3段與興隆路3段229巷口,0,0,1,2,C03,7,3,5,50,3,1,1,5,4,5,7,2,1,1,4,5,2,16,1,20,2,9,1,1,7,9,1,10,1,11,,44,10,1,22,9,121.55918,24.99349963
111,10,11,21,46,2,01大同區,大同區南京西路95號,0,0,1,2,B03,7,3,5,50,14,9,1,5,4,5,7,4,4,1,4,5,2,12,1,38,3,10,1,4,7,9,1,8,1,4,,17,43,1,22,9,121.5181287,25.05319159
111,10,11,21,46,2,01大同區,大同區南京西路95號,0,0,1,3,H02,7,3,5,50,14,9,1,5,4,5,7,4,4,1,4,5,2,12,2,37,2,4,1,5,7,20,8,20,10,16,,67,43,1,22,9,121.5181287,25.05319159
111,10,11,21,46,2,01大同區,大同區南京西路95號,0,0,1,1,,7,3,5,50,14,9,1,5,4,5,7,4,4,1,4,5,2,12,4,,4,11,3,4,7,15,7,19,11,15,,43,43,2,22,9,121.5181287,25.05319159
111,10,11,22,0,2,03中山區,中山區濱江街與濱江街口往東，林安泰古厝前,0,0,1,1,F01,8,3,5,50,3,2,1,5,4,5,7,2,1,10,4,4,2,16,1,35,2,8,1,1,7,1,8,20,1,16,,19,19,1,22,9,121.5302733,25.07152614
111,10,11,22,0,2,03中山區,中山區濱江街與濱江街口往東，林安泰古厝前,0,0,1,2,B12,8,3,5,50,3,2,1,5,4,5,7,2,1,10,4,4,2,16,1,68,3,10,3,4,7,5,1,8,1,1,,23,19,1,22,9,121.5302733,25.07152614
111,10,11,22,5,2,06松山區,松山區民生東路5段11號,0,0,1,1,C03,8,3,5,50,14,9,1,5,4,5,7,4,4,1,3,5,2,18,1,20,2,9,3,4,7,9,1,10,9,14,,43,43,1,22,9,121.5559052,25.05836913
111,10,11,22,5,2,06松山區,松山區民生東路5段11號,0,0,1,2,,8,3,5,50,14,9,1,5,4,5,7,4,4,1,3,5,2,18,3,,,,,,,,,,,,,67,43,1,,,121.5559052,25.05836913
111,10,11,22,11,2,09北投區,北投區中央北路2段與文化三路口,0,0,1,1,C03,8,3,5,50,3,2,1,5,4,5,7,2,1,5,4,5,1,13,2,46,2,9,1,1,7,9,1,10,1,11,,23,23,1,22,9,121.496241,25.1364916
111,10,11,22,11,2,09北投區,北投區中央北路2段與文化三路口,0,0,1,2,B03,8,3,5,50,3,2,1,5,4,5,7,2,1,5,4,5,1,13,2,57,3,10,1,1,7,9,1,8,1,3,,44,23,1,22,9,121.496241,25.1364916
111,10,11,22,45,2,08士林區,士林區通河街2巷38號,0,0,2,1,C03,8,1,5,30,14,9,1,5,4,5,7,4,4,10,5,5,1,4,2,22,2,9,1,1,7,9,1,10,1,11,,23,23,1,22,9,121.5227048,25.07800256
111,10,11,22,45,2,08士林區,士林區通河街2巷38號,0,0,2,2,H01,8,1,5,30,14,9,1,5,4,5,7,4,4,10,5,5,1,4,2,22,2,9,4,5,8,16,8,20,10,16,,67,23,1,22,9,121.5227048,25.07800256
111,10,12,1,32,2,05中正區,中正區汀州路3段與辛亥路1段口,0,0,1,1,B03,8,3,5,50,4,1,1,5,4,5,7,1,2,5,4,5,2,15,1,28,3,10,1,1,7,9,1,8,2,6,,44,44,1,22,9,121.5277527,25.01821092
111,10,12,1,32,2,05中正區,中正區汀州路3段與辛亥路1段口,0,0,1,2,B03,8,3,5,50,4,1,1,5,4,5,7,1,2,5,4,5,2,15,1,23,2,7,1,1,7,9,1,8,2,5,,6,44,1,22,9,121.5277527,25.01821092
111,10,12,5,9,2,05中正區,中正區中華路2段73號,0,0,1,1,B03,8,3,5,50,14,9,1,5,4,5,7,4,4,1,4,5,2,9,1,56,3,10,1,1,7,9,1,8,2,5,,23,23,1,22,9,121.5059406,25.03451761
111,10,12,5,9,2,05中正區,中正區中華路2段73號,0,0,1,2,H01,8,3,5,50,14,9,1,5,4,5,7,4,4,1,4,5,2,9,2,55,2,9,4,5,8,20,8,20,11,16,,51,23,1,22,9,121.5059406,25.03451761
111,10,12,6,20,2,07信義區,信義區永吉路30巷與永吉路30巷101弄口,0,0,1,1,C03,8,1,5,30,4,2,1,5,4,5,7,4,4,5,4,5,2,18,2,29,2,9,1,1,7,9,1,10,9,14,,43,43,1,22,9,121.5687473,25.0435172
111,10,12,6,20,2,07信義區,信義區永吉路30巷與永吉路30巷101弄口,0,0,1,2,,8,1,5,30,4,2,1,5,4,5,7,4,4,5,4,5,2,18,3,,,,,,,,,,,,,67,43,1,,,121.5687473,25.0435172
111,10,12,7,3,2,01大同區,大同區南京西路與南京西路155巷口,0,0,1,1,B01,8,1,5,50,4,1,1,5,4,5,7,4,4,4,4,5,2,16,1,59,3,10,3,4,7,5,1,4,1,8,,44,44,1,22,9,121.5134809,25.05401691
111,10,12,7,3,2,01大同區,大同區南京西路與南京西路155巷口,0,0,1,2,C03,8,1,5,50,4,1,1,5,4,5,7,4,4,4,4,5,2,16,2,58,2,9,3,4,7,9,1,10,1,11,,4,44,1,22,9,121.5134809,25.05401691
111,10,12,7,19,2,05中正區,中正區中山南路與仁愛路1段口,0,0,1,1,B03,8,1,5,50,16,9,1,5,4,5,7,1,1,1,4,5,2,11,2,53,3,10,1,1,7,9,1,8,1,5,,44,44,1,22,9,121.5180022,25.03967137
111,10,12,7,19,2,05中正區,中正區中山南路與仁愛路1段口,0,0,1,2,C03,8,1,5,50,16,9,1,5,4,5,7,1,1,1,4,5,2,11,1,25,2,9,1,1,7,9,1,10,1,14,,6,44,1,22,9,121.5180022,25.03967137
111,10,12,7,28,2,05中正區,中正區信義路2段與信義路2段181巷口,0,0,1,1,F01,6,1,5,0,3,1,1,4,4,5,7,4,4,5,4,5,2,16,1,15,3,10,1,1,7,9,8,20,2,16,,23,23,1,22,9,121.5293455,25.03391803
111,10,12,7,28,2,05中正區,中正區信義路2段與信義路2段181巷口,0,0,1,2,F01,6,1,5,0,3,1,1,4,4,5,7,4,4,5,4,5,2,16,2,73,2,9,1,1,7,5,8,20,2,16,,8,23,1,22,9,121.5293455,25.03391803
111,10,12,7,37,2,03中山區,中山區民權東路3段2號,0,0,2,1,C03,7,1,5,50,14,9,1,5,4,5,7,4,4,1,4,5,2,12,1,29,2,8,1,1,7,6,1,10,1,12,,9,9,1,22,9,121.5379898,25.0622635
111,10,12,7,37,2,03中山區,中山區民權東路3段2號,0,0,2,2,C03,7,1,5,50,14,9,1,5,4,5,7,4,4,1,4,5,2,12,2,24,2,9,1,1,7,9,1,10,1,14,,23,9,1,22,9,121.5379898,25.0622635
111,10,12,7,40,2,05中正區,中正區中山南路(自由廣場前),0,0,1,1,C03,7,1,5,50,14,9,1,5,4,5,7,1,1,9,4,1,2,13,1,23,2,9,1,4,7,9,1,10,2,11,,16,16,1,22,9,121.5173762,25.03755127
111,10,12,7,40,2,05中正區,中正區中山南路(自由廣場前),0,0,1,2,B03,7,1,5,50,14,9,1,5,4,5,7,1,1,9,4,1,2,13,2,49,3,10,1,4,7,12,1,8,2,7,,44,16,1,22,9,121.5173762,25.03755127
111,10,12,7,45,2,07信義區,信義區松德路200巷與松德路180巷口,0,0,1,1,C03,6,1,5,30,4,1,1,4,4,5,7,3,1,9,5,5,2,17,1,33,2,9,1,1,7,5,1,10,1,14,,43,43,1,22,9,121.5734621,25.0346245
111,10,12,7,45,2,07信義區,信義區松德路200巷與松德路180巷口,0,0,1,2,F01,6,1,5,30,4,1,1,4,4,5,7,3,1,9,5,5,2,17,4,,4,11,3,4,7,15,7,19,11,15,,43,43,2,22,9,121.5734621,25.0346245
111,10,12,7,49,2,04大安區,大安區辛亥路3段330號對面,0,0,1,2,C03,6,1,5,50,14,9,1,4,4,5,7,4,4,10,4,5,2,17,2,35,2,8,1,4,7,9,1,10,1,12,,44,7,1,22,9,121.5533158,25.0141597
111,10,12,7,49,2,04大安區,大安區辛亥路3段330號對面,0,0,1,1,B03,6,1,5,50,14,9,1,4,4,5,7,4,4,10,4,5,2,17,2,41,3,10,1,4,7,8,1,8,11,15,,7,7,2,22,9,121.5533158,25.0141597
111,10,12,7,56,2,10文山區,文山區木新路3段243巷與木新路3段243巷3弄口,0,0,2,1,C03,6,1,5,30,3,1,1,4,4,5,7,4,4,10,5,5,2,17,1,55,2,9,3,4,7,5,1,10,2,14,,6,6,1,22,9,121.5589306,24.98050713
111,10,12,7,56,2,10文山區,文山區木新路3段243巷與木新路3段243巷3弄口,0,0,2,2,C03,6,1,5,30,3,1,1,4,4,5,7,4,4,10,5,5,2,17,2,42,2,9,3,4,7,9,1,10,2,11,,42,6,1,22,9,121.5589306,24.98050713
111,10,12,7,57,2,05中正區,中正區中山南路與信義路1段口口,0,0,1,1,C03,7,1,5,50,4,2,1,5,4,5,7,2,1,9,4,4,1,16,1,18,2,7,1,1,7,4,1,10,1,14,,23,23,1,21,1,121.518023,25.0386426
111,10,12,7,57,2,05中正區,中正區中山南路與信義路1段口口,0,0,1,2,B03,7,1,5,50,4,2,1,5,4,5,7,2,1,9,4,4,1,16,1,71,3,10,1,1,7,6,1,8,1,5,,9,23,1,21,5,121.518023,25.0386426
111,10,12,7,59,2,05中正區,中正區林森北路與市民大道2段口,0,0,1,1,C03,6,1,5,50,4,1,1,4,4,5,7,1,1,1,4,5,2,16,1,48,3,10,1,1,7,8,1,10,2,12,,7,7,1,22,9,121.5241624,25.04767652
111,10,12,7,59,2,05中正區,中正區林森北路與市民大道2段口,0,0,1,2,C03,6,1,5,50,4,1,1,4,4,5,7,1,1,1,4,5,2,16,2,27,2,8,1,1,7,9,1,10,2,14,,44,7,1,22,9,121.5241624,25.04767652
111,10,12,8,10,2,03中山區,中山區市民大道2段與長安東路1段52巷口,0,0,1,1,C03,6,1,5,40,3,2,1,4,4,5,7,1,1,1,4,5,1,13,1,62,3,10,1,1,7,9,1,10,1,14,,23,23,1,22,9,121.5283131,25.0468893
111,10,12,8,10,2,03中山區,中山區市民大道2段與長安東路1段52巷口,0,0,1,2,B03,6,1,5,40,3,2,1,4,4,5,7,1,1,1,4,5,1,13,1,54,3,10,1,1,7,14,1,8,1,2,,44,23,1,22,9,121.5283131,25.0468893
111,10,12,8,10,2,03中山區,中山區市民大道2段與長安東路1段52巷口,0,0,1,3,C03,6,1,5,40,3,2,1,4,4,5,7,1,1,1,4,5,1,13,1,41,2,6,1,1,7,14,1,10,1,13,,44,23,1,22,9,121.5283131,25.0468893
111,10,12,8,11,2,07信義區,信義區莊敬路325巷與莊敬路325巷45弄口口,0,0,1,1,C03,6,1,5,30,4,1,1,4,4,5,7,2,1,9,4,5,1,17,1,22,2,8,3,4,7,9,1,10,1,14,,44,44,1,22,9,121.5649987,25.0291557
111,10,12,8,11,2,07信義區,信義區莊敬路325巷與莊敬路325巷45弄口口,0,0,1,2,B03,6,1,5,30,4,1,1,4,4,5,7,2,1,9,4,5,1,17,2,69,3,10,1,1,7,5,1,8,9,15,,2,44,1,22,9,121.5649987,25.0291557
111,10,12,8,15,2,02萬華區,萬華區華江橋機車道往北市燈桿001024,0,0,2,1,C03,7,1,7,40,8,11,1,5,4,5,7,4,4,9,4,3,2,13,2,39,2,9,1,1,7,9,1,10,1,11,,16,16,1,22,9,121.4866708,25.03563715
111,10,12,8,15,2,02萬華區,萬華區華江橋機車道往北市燈桿001024,0,0,2,2,C03,7,1,7,40,8,11,1,5,4,5,7,4,4,9,4,3,2,13,2,23,2,9,1,1,7,9,1,10,1,13,,44,16,1,22,9,121.4866708,25.03563715
111,10,12,8,15,2,02萬華區,萬華區華江橋機車道往北市燈桿001024,0,0,2,3,C03,7,1,7,40,8,11,1,5,4,5,7,4,4,9,4,3,2,13,1,29,3,10,1,1,7,14,1,10,1,13,,44,16,1,22,9,121.4866708,25.03563715
111,10,12,8,33,2,11南港區,南港區忠孝東路6段與忠孝東路6段370巷口,0,0,1,1,,6,1,5,50,4,2,1,4,4,5,7,1,1,1,4,5,2,16,4,,4,11,3,4,7,15,7,19,11,15,,43,43,2,22,9,121.5915395,25.04989643
111,10,12,8,33,2,11南港區,南港區忠孝東路6段與忠孝東路6段370巷口,0,0,1,2,C03,6,1,5,50,4,2,1,4,4,5,7,1,1,1,4,5,2,16,2,47,2,9,1,1,7,9,4,10,9,14,,43,43,1,22,9,121.5915395,25.04989643
111,10,12,8,38,2,12內湖區,內湖區麗山街與麗山街364巷口口,0,0,1,1,C03,6,1,5,30,4,1,1,4,4,5,7,4,4,10,5,5,2,15,1,29,2,9,1,1,7,9,1,10,1,11,,6,6,1,22,9,121.5726635,25.08165809
111,10,12,8,38,2,12內湖區,內湖區麗山街與麗山街364巷口口,0,0,1,2,B12,6,1,5,30,4,1,1,4,4,5,7,4,4,10,5,5,2,15,1,29,3,10,1,3,7,9,1,8,1,5,,44,6,1,22,9,121.5726635,25.08165809
111,10,12,8,45,2,08士林區,士林區文林路740巷與福華路147巷口,0,0,2,1,C03,6,1,5,30,4,1,1,4,4,3,5,4,4,10,5,5,2,15,1,37,2,9,1,4,7,9,1,10,1,11,,6,6,1,22,9,121.5208449,25.1032314
111,10,12,8,45,2,08士林區,士林區文林路740巷與福華路147巷口,0,0,2,2,C02,6,1,5,30,4,1,1,4,4,3,5,4,4,10,5,5,2,15,1,27,2,9,1,4,7,9,4,10,1,11,,14,6,1,22,9,121.5208449,25.1032314
111,10,12,8,51,2,02萬華區,萬華區華江橋機車道往台北市方向,0,0,2,1,C03,6,1,5,40,10,11,1,4,4,5,7,4,4,10,4,5,2,17,1,28,2,9,1,1,7,9,1,10,1,11,,16,16,1,22,9,121.4883078,25.0355113
111,10,12,8,51,2,02萬華區,萬華區華江橋機車道往台北市方向,0,0,2,2,C03,6,1,5,40,10,11,1,4,4,5,7,4,4,10,4,5,2,17,2,25,2,9,1,1,7,9,1,10,1,11,,16,16,1,22,9,121.4883078,25.0355113
111,10,12,8,51,2,02萬華區,萬華區華江橋機車道往台北市方向,0,0,2,3,C03,6,1,5,40,10,11,1,4,4,5,7,4,4,10,4,5,2,17,1,44,3,10,1,1,7,9,1,10,1,11,,16,16,1,22,9,121.4883078,25.0355113
111,10,12,8,51,2,02萬華區,萬華區華江橋機車道往台北市方向,0,0,2,4,C03,6,1,5,40,10,11,1,4,4,5,7,4,4,10,4,5,2,17,1,29,3,10,1,1,7,9,1,10,1,11,,16,16,1,22,9,121.4883078,25.0355113
111,10,12,8,51,2,02萬華區,萬華區華江橋機車道往台北市方向,0,0,2,5,C03,6,1,5,40,10,11,1,4,4,5,7,4,4,10,4,5,2,17,1,33,3,10,1,1,7,9,1,10,1,13,,44,16,1,22,9,121.4883078,25.0355113
111,10,12,8,51,2,02萬華區,萬華區華江橋機車道往台北市方向,0,0,2,6,C03,6,1,5,40,10,11,1,4,4,5,7,4,4,10,4,5,2,17,2,48,4,11,3,4,7,15,7,19,11,15,,42,16,2,22,9,121.4883078,25.0355113
111,10,12,8,52,2,03中山區,中山區吉林路與長春路口,0,0,1,1,C03,6,1,5,50,4,2,1,4,4,5,7,1,1,5,3,5,2,17,1,30,3,10,1,1,7,5,1,10,1,15,,8,8,1,22,9,121.530128,25.0549989
111,10,12,8,52,2,03中山區,中山區吉林路與長春路口,0,0,1,2,C03,6,1,5,50,4,2,1,4,4,5,7,1,1,5,3,5,2,17,2,27,2,9,1,1,7,9,1,10,1,14,,44,8,1,22,9,121.530128,25.0549989
111,10,12,9,4,2,08士林區,士林區延平北路7段176巷內,0,0,1,1,A21,8,1,5,30,14,9,1,5,4,5,7,4,4,10,5,5,1,16,1,67,3,10,1,1,7,4,1,1,2,2,,23,23,1,22,9,121.490862,25.10232709
111,10,12,9,4,2,08士林區,士林區延平北路7段176巷內,0,0,1,2,F01,8,1,5,30,14,9,1,5,4,5,7,4,4,10,5,5,1,16,2,71,2,1,1,1,7,9,8,20,2,16,,17,23,1,22,9,121.490862,25.10232709
111,10,12,9,16,2,05中正區,中正區襄陽路與懷寧街口口,0,0,1,1,B03,6,1,5,50,4,2,1,4,4,5,7,2,1,9,4,4,1,15,1,59,3,10,1,1,7,9,1,8,1,7,,25,25,2,21,5,121.5141088,25.0434307
111,10,12,9,16,2,05中正區,中正區襄陽路與懷寧街口口,0,0,1,2,C03,6,1,5,50,4,2,1,4,4,5,7,2,1,9,4,4,1,15,2,21,2,6,1,1,7,9,1,10,1,11,,23,25,1,21,1,121.5141088,25.0434307
111,10,12,9,18,2,07信義區,信義區崇德街288號,0,0,1,1,B12,6,1,5,30,11,9,1,4,4,5,7,4,4,10,5,5,2,16,1,41,3,10,1,1,7,5,1,8,1,8,,5,5,1,22,9,121.5614558,25.01793185
111,10,12,9,18,2,07信義區,信義區崇德街288號,0,0,1,2,C03,6,1,5,30,11,9,1,4,4,5,7,4,4,10,5,5,2,16,2,23,2,9,1,1,7,6,1,10,1,11,,13,5,1,22,9,121.5614558,25.01793185
111,10,12,9,38,2,03中山區,中山區長安東路2段與長安東路2段129巷口,0,0,1,1,B01,7,1,5,50,4,1,1,4,4,5,7,4,4,5,4,5,2,17,1,68,3,10,1,1,7,11,1,4,1,5,,10,10,1,22,9,121.5360134,25.0484511
111,10,12,9,38,2,03中山區,中山區長安東路2段與長安東路2段129巷口,0,0,1,2,C03,7,1,5,50,4,1,1,4,4,5,7,4,4,5,4,5,2,17,2,29,2,9,1,1,7,9,1,10,1,11,,44,10,1,22,9,121.5360134,25.0484511
111,10,12,9,40,2,05中正區,中正區水源路與師大路口口,0,0,1,1,B03,6,1,5,40,5,1,1,4,4,5,7,1,1,1,4,5,1,17,1,54,3,10,1,1,7,5,1,4,1,7,,17,17,1,22,9,121.5224702,25.02032517
111,10,12,9,40,2,05中正區,中正區水源路與師大路口口,0,0,1,2,B12,6,1,5,40,5,1,1,4,4,5,7,1,1,1,4,5,1,17,1,23,2,7,1,1,7,5,1,8,1,5,,17,17,1,22,9,121.5224702,25.02032517
111,10,12,9,48,2,03中山區,中山區龍江路174號,0,0,1,1,B03,7,1,5,50,14,9,1,4,4,3,7,4,4,9,5,5,2,17,1,72,3,10,3,4,7,7,1,8,1,4,,7,7,1,22,9,121.5405256,25.0555649
111,10,12,9,48,2,03中山區,中山區龍江路174號,0,0,1,2,C03,7,1,5,50,14,9,1,4,4,3,7,4,4,9,5,5,2,17,2,33,2,9,3,4,7,9,1,10,1,14,,44,7,1,22,9,121.5405256,25.0555649
111,10,12,9,48,2,03中山區,中山區龍江路174號,0,0,1,3,A12,7,1,5,50,14,9,1,4,4,3,7,4,4,9,5,5,2,17,1,34,3,10,3,4,7,14,1,7,11,15,,38,7,1,22,9,121.5405256,25.0555649
111,10,12,10,17,2,06松山區,松山區八德路4段與松山路口,0,0,1,1,B03,6,1,5,50,4,1,1,4,4,5,7,2,1,3,4,5,2,17,4,,4,11,3,4,7,15,7,19,11,15,,43,43,2,22,9,121.5776484,25.05011196
111,10,12,10,17,2,06松山區,松山區八德路4段與松山路口,0,0,1,2,C03,6,1,5,50,4,1,1,4,4,5,7,2,1,3,4,5,2,17,1,18,2,9,1,1,7,9,1,10,1,15,,13,43,1,22,9,121.5776484,25.05011196
111,10,12,10,25,2,04大安區,大安區新生南路3段88號南向北,0,0,2,1,C03,7,1,5,50,14,8,1,4,4,5,7,4,4,1,4,4,2,17,1,24,2,8,1,1,7,9,1,10,1,14,,13,13,1,22,9,121.533674,25.01823312
111,10,12,10,25,2,04大安區,大安區新生南路3段88號南向北,0,0,2,2,B01,7,1,5,50,14,8,1,4,4,5,7,4,4,1,4,4,2,17,1,46,3,10,1,1,7,14,1,4,1,15,,38,13,1,22,9,121.533674,25.01823312
111,10,12,10,25,2,04大安區,大安區新生南路3段88號南向北,0,0,2,3,H02,7,1,5,50,14,8,1,4,4,5,7,4,4,1,4,4,2,17,2,21,2,7,4,5,7,20,8,20,10,16,,67,13,1,22,9,121.533674,25.01823312
111,10,12,10,28,2,07信義區,信義區基隆路1段與永吉路口,0,0,1,1,C03,6,1,5,50,5,1,1,4,4,5,7,2,1,1,4,5,2,13,1,27,2,9,1,1,7,9,1,10,2,11,,16,16,1,22,9,121.5673239,25.0457043
111,10,12,10,28,2,07信義區,信義區基隆路1段與永吉路口,0,0,1,2,C03,6,1,5,50,5,1,1,4,4,5,7,2,1,1,4,5,2,13,2,42,3,10,1,1,7,8,1,10,2,13,,7,16,1,22,9,121.5673239,25.0457043