發生年度,發生月,發生日,發生時-Hours,發生分,處理別-編號,區序,肇事地點,死亡人數,2-30日死亡人數,受傷人數,當事人序號,車種,天候,光線,道路類別,速限-速度限制,道路型態,事故位置,路面狀況1,路面狀況2,路面狀況3,道路障礙1,道路障礙2,號誌1,號誌2,車道劃分-分向,車道劃分-分道1,車道劃分-分道2,車道劃分-分道3,事故類型及型態,性別,年齡,受傷程度,主要傷處,安全帽,行動電話,車輛用途,當事者行動狀態,駕駛資格情形,駕駛執照種類,飲酒情形,車輛撞擊部位1,車輛撞擊部位2,肇因碼-個別,肇因碼-主要,個人肇逃否,職業,旅次目的,座標-X,座標-Y
111,10,12,10,46,2,04大安區,大安區大安路1段與大安路1段96巷口,0,0,1,1,B03,7,1,5,30,4,1,1,4,4,5,7,4,4,8,3,5,1,15,2,43,3,10,1,1,7,9,1,8,1,4,,6,6,1,22,9,121.5460737,25.0405897
111,10,12,10,46,2,04大安區,大安區大安路1段與大安路1段96巷口,0,0,1,2,C03,7,1,5,30,4,1,1,4,4,5,7,4,4,8,3,5,1,15,1,48,2,8,1,1,7,9,1,10,1,11,,23,6,1,22,9,121.5460737,25.0405897
111,10,12,11,20,2,04大安區,大安區忠孝東路3段與復興南路1段口,0,0,1,1,B12,7,1,5,50,4,2,1,4,4,5,7,1,1,10,5,5,1,12,1,25,3,10,3,1,7,1,1,8,1,8,,19,19,1,22,9,121.544126,25.0415126
111,10,12,11,20,2,04大安區,大安區忠孝東路3段與復興南路1段口,0,0,1,2,C03,7,1,5,50,4,2,1,4,4,5,7,1,1,10,5,5,1,12,2,29,2,9,1,1,7,9,1,10,1,14,,13,19,1,22,9,121.544126,25.0415126
111,10,12,11,45,2,01大同區,大同區台北橋與台北橋口機車道往三重,0,0,1,2,C03,8,1,5,0,15,11,1,5,4,5,7,4,4,9,5,5,2,16,1,53,2,9,1,1,7,9,1,10,1,11,,16,43,1,22,9,121.5105022,25.0630729
111,10,12,11,45,2,01大同區,大同區台北橋與台北橋口機車道往三重,0,0,1,1,C03,8,1,5,0,15,11,1,5,4,5,7,4,4,9,5,5,2,16,4,,4,11,3,4,7,15,7,19,11,15,,43,43,2,22,9,121.5105022,25.0630729
111,10,12,11,53,2,07信義區,信義區基隆路1段380巷,0,0,1,1,C03,6,1,5,50,14,9,1,4,4,5,7,4,4,10,4,5,1,12,2,38,2,9,3,4,7,7,1,10,2,13,,44,44,1,22,9,121.56031,25.03450294
111,10,12,11,53,2,07信義區,信義區基隆路1段380巷,0,0,1,2,A02,6,1,5,50,14,9,1,4,4,5,7,4,4,10,4,5,1,12,1,26,3,10,3,4,7,9,1,2,2,5,,23,44,1,10,1,121.56031,25.03450294
111,10,12,11,55,2,12內湖區,內湖區江南街與江南街96巷口口,0,0,1,1,F01,6,1,5,30,3,1,1,4,4,5,7,4,4,9,4,5,2,16,2,75,2,9,1,1,7,5,8,20,1,16,,6,6,1,22,9,121.5771139,25.07698173
111,10,12,11,55,2,12內湖區,內湖區江南街與江南街96巷口口,0,0,1,2,B03,6,1,5,30,3,1,1,4,4,5,7,4,4,9,4,5,2,16,2,59,3,10,1,1,7,9,1,8,1,8,,23,6,1,22,9,121.5771139,25.07698173
111,10,12,12,0,2,08士林區,士林區士東路大葉高島屋旁,0,0,1,1,B03,7,1,5,50,14,9,1,5,4,5,7,4,4,1,4,5,2,17,2,66,3,10,1,1,7,6,1,8,1,2,,43,43,1,22,9,121.5320507,25.11247809
111,10,12,12,0,2,08士林區,士林區士東路大葉高島屋旁,0,0,1,2,C03,7,1,5,50,14,9,1,5,4,5,7,4,4,1,4,5,2,17,2,34,2,9,1,1,7,9,1,10,1,14,,43,43,1,22,9,121.5320507,25.11247809
111,10,12,12,2,2,10文山區,文山區木柵路1段與木柵路1段311巷口,0,0,3,1,C03,6,1,5,50,3,2,1,4,4,5,7,4,4,5,4,5,2,16,1,69,2,9,3,4,7,5,1,10,2,13,,8,8,1,21,8,121.5556749,24.98828535
111,10,12,12,2,2,10文山區,文山區木柵路1段與木柵路1段311巷口,0,0,3,2,C03,6,1,5,50,3,2,1,4,4,5,7,4,4,5,4,5,2,16,1,21,2,9,3,4,7,9,1,10,2,11,,14,8,1,21,8,121.5556749,24.98828535
111,10,12,12,2,2,10文山區,文山區木柵路1段與木柵路1段311巷口,0,0,3,3,H02,6,1,5,50,3,2,1,4,4,5,7,4,4,5,4,5,2,16,2,66,2,9,3,5,7,20,8,20,10,16,,67,8,1,21,8,121.5556749,24.98828535
111,10,12,12,8,2,07信義區,信義區松仁路7號,0,0,1,1,B03,6,1,5,50,14,9,1,4,4,5,7,4,4,9,4,4,2,13,1,34,3,10,1,1,7,9,1,8,1,1,,23,23,1,22,9,121.5684904,25.03813547
111,10,12,12,8,2,07信義區,信義區松仁路7號,0,0,1,2,B03,6,1,5,50,14,9,1,4,4,5,7,4,4,9,4,4,2,13,1,51,3,10,1,1,7,12,6,8,1,1,,23,23,1,22,9,121.5684904,25.03813547
111,10,12,12,8,2,07信義區,信義區松仁路7號,0,0,1,3,B12,6,1,5,50,14,9,1,4,4,5,7,4,4,9,4,4,2,13,1,56,2,2,1,1,7,14,1,8,1,3,,44,23,1,22,9,121.5684904,25.03813547
111,10,12,12,53,2,08士林區,士林區延平北路7段18-2號,0,0,1,1,B03,7,1,5,50,14,9,1,5,4,5,7,4,4,1,5,5,1,12,2,43,3,10,1,1,7,6,1,8,1,6,,9,9,1,22,9,121.4974337,25.09519458
111,10,12,12,53,2,08士林區,士林區延平北路7段18-2號,0,0,1,2,C03,7,1,5,50,14,9,1,5,4,5,7,4,4,1,5,5,1,12,1,34,2,9,1,1,7,9,1,10,1,11,,23,9,1,22,9,121.4974337,25.09519458
111,10,12,12,56,2,03中山區,中山區龍江路與龍江路345巷口,0,0,1,1,C03,7,1,5,40,3,1,1,4,4,5,7,4,4,5,5,5,2,12,2,46,3,10,1,1,7,5,1,10,1,14,,32,32,1,22,9,121.540914,25.0634184
111,10,12,12,56,2,03中山區,中山區龍江路與龍江路345巷口,0,0,1,2,C03,7,1,5,40,3,1,1,4,4,5,7,4,4,5,5,5,2,12,1,32,3,10,1,1,7,4,1,10,1,11,,1,32,1,22,9,121.540914,25.0634184
111,10,12,12,56,2,03中山區,中山區龍江路與龍江路345巷口,0,0,1,3,H02,7,1,5,40,3,1,1,4,4,5,7,4,4,5,5,5,2,12,1,6,2,8,1,5,7,20,8,20,10,16,,67,32,1,22,9,121.540914,25.0634184
111,10,12,13,45,2,07信義區,信義區嘉興街216巷與基隆路2段口,0,0,1,1,C03,7,1,5,50,4,1,1,5,4,5,7,1,1,10,4,5,1,11,1,33,2,9,3,4,7,9,1,10,1,11,,16,16,1,22,9,121.55597,25.0273112
111,10,12,13,45,2,07信義區,信義區嘉興街216巷與基隆路2段口,0,0,1,2,B01,7,1,5,50,4,1,1,5,4,5,7,1,1,10,4,5,1,11,1,50,3,10,3,4,7,12,1,8,1,6,,44,16,1,22,9,121.55597,25.0273112
111,10,12,13,46,2,04大安區,大安區基隆路4段75號北向南,0,0,1,1,B03,6,1,5,40,14,8,1,4,4,5,7,4,4,1,4,4,2,16,1,20,3,10,1,1,7,6,1,8,1,2,,9,9,1,22,9,121.5383876,25.01233651
111,10,12,13,46,2,04大安區,大安區基隆路4段75號北向南,0,0,1,2,C03,6,1,5,40,14,8,1,4,4,5,7,4,4,1,4,4,2,16,1,22,2,4,1,1,7,9,1,10,1,11,,23,9,1,22,9,121.5383876,25.01233651
111,10,12,14,24,2,03中山區,中山區長春路與建國北路2段口,0,0,1,1,B01,7,1,5,50,4,1,1,5,4,5,7,1,1,10,4,5,2,12,1,60,3,10,1,1,7,8,1,4,1,5,,7,7,1,22,9,121.5366151,25.05471864
111,10,12,14,24,2,03中山區,中山區長春路與建國北路2段口,0,0,1,2,C03,7,1,5,50,4,1,1,5,4,5,7,1,1,10,4,5,2,12,1,21,2,9,1,1,7,9,1,10,1,14,12,44,7,1,22,9,121.5366151,25.05471864
111,10,12,14,40,2,12內湖區,內湖區舊宗路1段135號,0,0,1,1,C03,6,1,5,50,15,20,4,4,4,5,7,4,4,10,5,5,1,17,1,32,2,8,3,4,7,9,1,10,1,14,,42,42,1,22,9,121.5791756,25.06068238
111,10,12,14,40,2,12內湖區,內湖區舊宗路1段135號,0,0,1,2,B01,6,1,5,50,15,20,4,4,4,5,7,4,4,10,5,5,1,17,1,44,3,10,3,4,7,1,1,4,1,1,,19,42,1,22,9,121.5791756,25.06068238
111,10,12,14,45,2,07信義區,信義區永吉路30巷101弄4號,0,0,2,1,C03,6,1,5,30,14,9,1,4,4,5,7,4,4,9,5,5,2,11,1,52,2,9,1,1,7,5,1,10,1,12,,8,8,1,22,9,121.569006,25.0436514
111,10,12,14,45,2,07信義區,信義區永吉路30巷101弄4號,0,0,2,2,C03,6,1,5,30,14,9,1,4,4,5,7,4,4,9,5,5,2,11,1,26,2,9,1,1,7,9,1,10,1,11,,13,8,1,22,9,121.569006,25.0436514
111,10,12,15,0,2,04大安區,大安區仁愛路3段5巷與新生南路1段119巷口,0,0,1,1,C03,6,1,5,30,4,1,1,4,4,5,7,4,4,10,5,5,2,15,1,33,2,9,1,4,7,9,1,10,1,11,,6,6,1,22,9,121.5334427,25.0392233
111,10,12,15,0,2,04大安區,大安區仁愛路3段5巷與新生南路1段119巷口,0,0,1,2,B02,6,1,5,30,4,1,1,4,4,5,7,4,4,10,5,5,2,15,1,40,3,10,3,4,7,9,1,8,1,8,,44,6,1,22,9,121.5334427,25.0392233
111,10,12,15,15,2,09北投區,北投區立德路1號,0,0,1,1,B03,7,1,5,50,14,9,1,5,4,5,7,4,4,5,4,5,1,11,1,52,3,10,1,1,7,5,1,8,1,5,,8,8,1,22,9,121.471463,25.12389146
111,10,12,15,15,2,09北投區,北投區立德路1號,0,0,1,2,C03,7,1,5,50,14,9,1,5,4,5,7,4,4,5,4,5,1,11,2,46,2,9,1,1,7,9,1,10,1,11,,44,8,1,22,9,121.471463,25.12389146
111,10,12,15,26,2,04大安區,大安區新生南路3段與溫州街11巷口,0,0,1,1,B01,6,2,5,50,3,2,1,4,4,5,7,4,4,9,4,5,1,12,1,40,3,10,1,4,7,6,1,4,1,6,,9,9,1,22,9,121.5346978,25.0254924
111,10,12,15,26,2,04大安區,大安區新生南路3段與溫州街11巷口,0,0,1,2,C03,6,2,5,50,3,2,1,4,4,5,7,4,4,9,4,5,1,12,1,63,2,9,1,4,7,9,1,10,1,11,,23,9,1,22,9,121.5346978,25.0254924
111,10,12,15,36,2,05中正區,中正區重慶南路2段與南海路口,0,0,2,1,C03,6,1,5,50,4,1,1,4,4,5,7,1,1,10,4,5,2,17,1,21,2,5,1,1,7,5,1,10,2,14,,44,44,1,22,9,121.5144653,25.03187995
111,10,12,15,36,2,05中正區,中正區重慶南路2段與南海路口,0,0,2,2,C03,6,1,5,50,4,1,1,4,4,5,7,1,1,10,4,5,2,17,1,24,2,9,1,1,7,9,1,10,2,11,,26,44,1,22,9,121.5144653,25.03187995
111,10,12,16,8,2,05中正區,中正區汀州路1段與泉州街20巷口口,0,0,2,1,C03,6,1,5,30,14,9,1,4,4,5,7,4,4,9,4,5,2,12,2,35,2,9,1,1,7,6,1,10,1,14,,6,6,1,22,9,121.511731,25.0268179
111,10,12,16,8,2,05中正區,中正區汀州路1段與泉州街20巷口口,0,0,2,2,C03,6,1,5,30,14,9,1,4,4,5,7,4,4,9,4,5,2,12,1,53,2,9,1,1,7,9,1,10,1,12,,14,6,1,22,9,121.511731,25.0268179
111,10,12,16,8,2,05中正區,中正區汀州路1段與泉州街20巷口口,0,0,2,3,H02,6,1,5,30,14,9,1,4,4,5,7,4,4,9,4,5,2,12,2,1,4,11,4,5,7,21,8,20,10,16,,60,6,1,22,9,121.511731,25.0268179
111,10,12,16,21,2,07信義區,信義區信安街15巷與吳興街156巷65弄口口,0,0,1,1,C03,6,1,5,30,4,2,1,4,4,5,7,4,4,5,5,5,2,17,1,22,2,9,3,4,7,9,1,10,1,11,,23,23,1,22,9,121.5591156,25.0278267
111,10,12,16,21,2,07信義區,信義區信安街15巷與吳興街156巷65弄口口,0,0,1,2,C03,6,1,5,30,4,2,1,4,4,5,7,4,4,5,5,5,2,17,1,45,3,10,3,4,7,9,1,10,1,12,,6,23,1,22,9,121.5591156,25.0278267
111,10,12,16,24,2,08士林區,士林區士林橋北往南,0,0,3,1,C03,6,1,5,40,8,8,1,4,4,5,7,4,4,5,5,4,1,12,1,51,2,9,1,1,7,7,1,10,1,11,,7,7,1,22,9,121.5234647,25.09921767
111,10,12,16,24,2,08士林區,士林區士林橋北往南,0,0,3,3,C03,6,1,5,40,8,8,1,4,4,5,7,4,4,5,5,4,1,12,2,39,2,9,1,1,7,9,1,10,1,11,,44,7,1,22,9,121.5234647,25.09921767
111,10,12,16,24,2,08士林區,士林區士林橋北往南,0,0,3,2,,6,1,5,40,8,8,1,4,4,5,7,4,4,5,5,4,1,12,4,,4,11,3,4,7,15,7,19,11,15,,43,7,2,22,9,121.5234647,25.09921767
111,10,12,16,24,2,08士林區,士林區士林橋北往南,0,0,3,4,H02,6,1,5,40,8,8,1,4,4,5,7,4,4,5,5,4,1,12,2,3,2,9,1,5,7,21,8,20,10,16,,67,7,1,22,9,121.5234647,25.09921767
111,10,12,16,44,2,09北投區,北投區石牌路2段201號與振興街口榮總三號門,0,0,1,1,B03,7,1,5,50,4,2,1,5,4,5,7,1,1,5,4,5,1,12,1,56,3,10,1,1,7,6,1,8,1,5,,9,9,1,22,9,121.5213505,25.11906946
111,10,12,16,44,2,09北投區,北投區石牌路2段201號與振興街口榮總三號門,0,0,1,2,C03,7,1,5,50,4,2,1,5,4,5,7,1,1,5,4,5,1,12,2,18,2,9,1,1,7,9,1,10,1,11,,17,9,1,22,9,121.5213505,25.11906946
111,10,12,16,55,2,02萬華區,萬華區西園路2段127號,0,0,1,1,B03,7,1,5,50,14,9,1,5,4,5,7,4,4,8,3,5,1,17,1,38,3,10,1,1,7,8,1,7,1,6,,7,7,1,22,9,121.4962755,25.02985654
111,10,12,16,55,2,02萬華區,萬華區西園路2段127號,0,0,1,2,C03,7,1,5,50,14,9,1,5,4,5,7,4,4,8,3,5,1,17,1,31,2,9,1,1,7,15,1,10,1,14,,23,7,1,22,9,121.4962755,25.02985654
111,10,12,17,8,2,02萬華區,萬華區環河南路2段67號,0,0,1,1,B03,6,1,5,50,14,9,1,4,4,5,7,4,4,1,5,5,2,17,1,43,3,10,1,1,7,8,1,8,1,15,,7,7,1,22,9,121.4965126,25.03777136
111,10,12,17,8,2,02萬華區,萬華區環河南路2段67號,0,0,1,2,C03,6,1,5,50,14,9,1,4,4,5,7,4,4,1,5,5,2,17,1,22,2,7,1,1,7,9,1,10,1,14,,44,7,1,22,9,121.4965126,25.03777136
111,10,12,17,10,2,02萬華區,萬華區西藏路352號,0,0,1,1,C03,7,1,5,50,15,9,1,4,4,5,7,2,1,3,5,5,1,12,1,62,2,9,1,4,7,9,1,10,1,11,,23,23,1,22,9,121.4992251,25.02937546
111,10,12,17,10,2,02萬華區,萬華區西藏路352號,0,0,1,2,B03,7,1,5,50,15,9,1,4,4,5,7,2,1,3,5,5,1,12,1,50,3,10,1,4,7,14,1,8,1,7,,44,23,1,22,9,121.4992251,25.02937546
111,10,12,17,10,2,02萬華區,萬華區西藏路352號,0,0,1,3,B03,7,1,5,50,15,9,1,4,4,5,7,2,1,3,5,5,1,12,2,35,3,10,1,4,7,9,1,8,1,1,,23,23,1,22,9,121.4992251,25.02937546
111,10,12,17,14,2,10文山區,文山區新光路2段西往東第264燈桿前,0,0,1,1,C03,6,1,5,50,15,6,1,4,4,5,7,4,4,5,4,5,2,16,2,18,2,9,3,4,7,11,1,10,2,12,,10,10,1,21,8,121.5744808,24.99526757
111,10,12,17,14,2,10文山區,文山區新光路2段西往東第264燈桿前,0,0,1,2,B12,6,1,5,50,15,6,1,4,4,5,7,4,4,5,4,5,2,16,1,58,3,10,3,4,7,9,1,8,2,4,,14,10,1,21,8,121.5744808,24.99526757
111,10,12,17,18,2,03中山區,中山區建國北路2段與錦州街口,0,0,1,1,C03,6,1,5,50,4,1,1,4,4,5,7,2,1,1,4,5,2,17,2,41,3,10,3,4,7,6,6,18,1,15,,9,9,1,22,9,121.5367021,25.0603511
111,10,12,17,18,2,03中山區,中山區建國北路2段與錦州街口,0,0,1,2,C03,6,1,5,50,4,1,1,4,4,5,7,2,1,1,4,5,2,17,1,33,2,9,3,4,7,9,1,10,1,12,,44,9,1,22,9,121.5367021,25.0603511
111,10,12,17,36,2,05中正區,中正區林森南路與林森南路8巷口,0,0,1,1,C03,6,3,5,50,3,2,1,4,4,5,7,4,4,5,1,5,2,29,2,27,2,9,1,1,7,12,1,10,1,13,,16,16,1,22,9,121.5228067,25.0430593
111,10,12,17,36,2,05中正區,中正區林森南路與林森南路8巷口,0,0,1,2,,6,3,5,50,3,2,1,4,4,5,7,4,4,5,1,5,2,29,3,,,,,,,,,,,,,67,16,1,,,121.5228067,25.0430593
111,10,12,17,40,2,12內湖區,內湖區文德路與內湖路2段76巷口口,0,0,1,1,B01,6,3,5,30,15,18,1,4,4,5,7,2,1,1,4,4,2,3,1,52,3,10,1,1,7,5,1,4,2,8,,15,15,1,22,9,121.5811437,25.07852954
111,10,12,17,40,2,12內湖區,內湖區文德路與內湖路2段76巷口口,0,0,1,2,H01,6,3,5,30,15,18,1,4,4,5,7,2,1,1,4,4,2,3,1,55,2,9,4,5,8,16,8,20,10,16,,51,15,1,22,9,121.5811437,25.07852954
111,10,12,17,45,2,12內湖區,內湖區瑞光路358巷295號與瑞光路358巷38弄口,0,0,1,1,B03,6,3,5,50,3,1,1,4,4,5,7,4,4,5,4,5,2,16,2,39,3,10,1,1,7,6,1,8,1,6,,6,6,1,22,9,121.571684,25.07649782
111,10,12,17,45,2,12內湖區,內湖區瑞光路358巷295號與瑞光路358巷38弄口,0,0,1,2,C03,6,3,5,50,3,1,1,4,4,5,7,4,4,5,4,5,2,16,1,29,2,1,1,1,7,9,1,10,1,14,,44,6,1,22,9,121.571684,25.07649782
111,10,12,17,48,2,03中山區,中山區明水路606巷與敬業一路口,0,0,1,1,B03,6,3,5,50,4,1,1,4,4,5,7,2,1,5,5,5,2,1,2,37,3,10,1,1,7,5,1,8,1,8,,15,15,1,22,9,121.5525159,25.0820095
111,10,12,17,48,2,03中山區,中山區明水路606巷與敬業一路口,0,0,1,2,H01,6,3,5,50,4,1,1,4,4,5,7,2,1,5,5,5,2,1,2,65,2,9,4,5,8,16,8,20,10,16,,67,15,1,22,9,121.5525159,25.0820095
111,10,12,18,0,2,01大同區,大同區民族西路與民族西路187巷口,0,0,1,1,B03,6,3,5,50,4,1,1,4,4,5,7,2,1,4,4,5,2,15,1,73,3,10,3,4,7,9,1,8,1,1,,23,23,1,22,9,121.5149072,25.06864076
111,10,12,18,0,2,01大同區,大同區民族西路與民族西路187巷口,0,0,1,2,C03,6,3,5,50,4,1,1,4,4,5,7,2,1,4,4,5,2,15,1,38,2,3,3,4,7,9,1,10,1,14,,44,23,1,22,9,121.5149072,25.06864076
111,10,12,18,0,2,06松山區,松山區延壽街401號,0,0,2,1,C03,6,3,5,50,14,19,1,4,4,5,7,4,4,4,5,5,2,3,1,22,2,9,1,1,7,9,1,10,1,11,,15,15,1,22,9,121.5565908,25.05635288
111,10,12,18,0,2,06松山區,松山區延壽街401號,0,0,2,2,H01,6,3,5,50,14,19,1,4,4,5,7,4,4,4,5,5,2,3,1,13,2,9,4,5,8,16,8,20,1,16,,51,15,1,22,9,121.5565908,25.05635288
111,10,12,18,2,2,08士林區,士林區至善路3段253號,0,0,1,2,A05,6,3,5,40,11,9,1,4,4,5,7,4,4,5,4,5,2,13,1,53,3,10,3,4,7,13,1,2,9,7,,38,23,1,22,9,121.5833611,25.1190492
111,10,12,18,2,2,08士林區,士林區至善路3段253號,0,0,1,1,B03,6,3,5,40,11,9,1,4,4,5,7,4,4,5,4,5,2,13,1,52,2,2,1,1,7,9,1,8,1,1,,23,23,1,22,9,121.5833611,25.1190492
111,10,12,18,15,2,01大同區,大同區民權西路137號,0,0,1,1,C03,6,1,5,50,14,9,1,4,4,5,7,2,1,1,4,5,2,13,2,22,2,9,1,1,7,9,1,10,1,11,,16,16,1,22,9,121.5168801,25.06303082
111,10,12,18,15,2,01大同區,大同區民權西路137號,0,0,1,2,C03,6,1,5,50,14,9,1,4,4,5,7,2,1,1,4,5,2,13,1,23,3,10,1,1,7,9,1,10,1,13,,44,16,1,22,9,121.5168801,25.06303082
111,10,12,18,15,2,01大同區,大同區民權西路137號,0,0,1,3,C03,6,1,5,50,14,9,1,4,4,5,7,2,1,1,4,5,2,13,1,75,3,10,1,1,7,9,6,10,1,15,,44,16,1,22,9,121.5168801,25.06303082
111,10,12,18,23,2,05中正區,中正區中山北路1段與忠孝東路1段口,0,0,2,1,C03,6,3,5,50,4,1,1,4,4,5,7,2,1,1,4,1,2,13,1,22,2,8,1,1,7,9,1,10,2,11,,16,16,1,22,9,121.5198255,25.0458229
111,10,12,18,23,2,05中正區,中正區中山北路1段與忠孝東路1段口,0,0,2,2,C03,6,3,5,50,4,1,1,4,4,5,7,2,1,1,4,1,2,13,2,49,2,8,1,1,7,9,1,10,2,13,,44,16,1,22,9,121.5198255,25.0458229
111,10,12,18,25,2,08士林區,士林區大南路與無名巷口,0,0,1,1,H01,6,3,5,30,3,1,4,4,4,5,7,4,4,10,5,5,2,3,2,16,3,10,4,5,8,18,8,20,10,16,,54,54,1,16,9,121.5238298,25.08962225
111,10,12,18,25,2,08士林區,士林區大南路與無名巷口,0,0,1,2,C03,6,3,5,30,3,1,4,4,4,5,7,4,4,10,5,5,2,3,2,49,2,9,1,1,7,9,1,10,2,12,,44,54,1,22,9,121.5238298,25.08962225
111,10,12,18,25,2,08士林區,士林區大南路與無名巷口,0,0,1,3,H01,6,3,5,30,3,1,4,4,4,5,7,4,4,10,5,5,2,3,1,17,3,10,4,5,8,18,8,20,10,16,,54,54,1,16,9,121.5238298,25.08962225
111,10,12,18,35,2,03中山區,中山區林森北路112號,0,0,3,1,C03,6,3,5,50,14,9,1,4,4,5,7,4,4,3,4,5,2,17,1,27,2,9,1,1,7,9,1,10,1,14,,42,42,1,22,9,121.5250905,25.05108423
111,10,12,18,35,2,03中山區,中山區林森北路112號,0,0,3,2,C03,6,3,5,50,14,9,1,4,4,5,7,4,4,3,4,5,2,17,1,31,2,7,1,1,7,9,1,10,1,11,,44,42,1,22,9,121.5250905,25.05108423
111,10,12,18,35,2,03中山區,中山區林森北路112號,0,0,3,3,H02,6,3,5,50,14,9,1,4,4,5,7,4,4,3,4,5,2,17,2,26,2,8,1,5,7,20,8,20,10,16,,67,42,1,22,9,121.5250905,25.05108423
111,10,12,18,40,2,05中正區,中正區和平西路1段6號,0,0,1,1,B01,6,3,5,50,5,2,1,4,4,5,7,1,1,1,4,5,2,13,1,71,3,10,2,1,7,9,4,8,2,1,,23,23,1,22,9,121.5142436,25.02778663
111,10,12,18,40,2,05中正區,中正區和平西路1段6號,0,0,1,2,C02,6,3,5,50,5,2,1,4,4,5,7,1,1,1,4,5,2,13,1,40,2,8,1,1,7,9,1,9,2,13,,44,23,1,22,9,121.5142436,25.02778663
111,10,12,18,45,2,02萬華區,萬華區長沙街2段85號,0,0,1,1,B03,6,3,5,50,14,9,1,4,4,5,7,4,4,8,3,5,2,11,1,58,3,10,1,1,7,9,1,8,1,1,,43,43,1,22,9,121.5048107,25.0404511
111,10,12,18,45,2,02萬華區,萬華區長沙街2段85號,0,0,1,2,C03,6,3,5,50,14,9,1,4,4,5,7,4,4,8,3,5,2,11,2,40,2,8,1,1,7,4,1,10,1,12,,43,43,1,22,9,121.5048107,25.0404511
111,10,12,18,45,2,02萬華區,萬華區長沙街2段85號,0,0,1,3,B01,6,3,5,50,14,9,1,4,4,5,7,4,4,8,3,5,2,11,1,48,3,10,1,1,7,14,1,4,1,4,,38,43,1,22,9,121.5048107,25.0404511
111,10,12,18,50,2,09北投區,北投區磺港路與崇仁路1段131巷口,0,0,1,1,C03,6,3,5,30,3,2,1,4,4,5,7,4,4,10,5,5,2,17,1,18,2,9,3,4,7,9,1,10,1,11,,23,23,1,22,9,121.5027966,25.12472679
111,10,12,18,50,2,09北投區,北投區磺港路與崇仁路1段131巷口,0,0,1,2,B03,6,3,5,30,3,2,1,4,4,5,7,4,4,10,5,5,2,17,1,59,3,10,3,1,7,15,1,8,9,7,,44,23,1,22,9,121.5027966,25.12472679
111,10,12,19,9,2,09北投區,北投區中央北路4段與中央北路4段456巷口,0,0,2,1,C03,6,3,5,50,3,2,1,4,4,5,7,2,1,5,4,5,2,13,2,18,2,9,1,1,7,9,1,10,1,11,,23,23,1,22,9,121.4699279,25.12887477
111,10,12,19,9,2,09北投區,北投區中央北路4段與中央北路4段456巷口,0,0,2,2,C03,6,3,5,50,3,2,1,4,4,5,7,2,1,5,4,5,2,13,1,71,2,7,1,1,7,8,1,10,1,13,,7,23,1,22,9,121.4699279,25.12887477
111,10,12,19,12,2,05中正區,中正區新生南路1段與信義路2段口,0,0,1,1,C03,6,3,5,50,4,2,1,4,4,5,7,1,1,1,4,5,2,13,2,31,2,9,1,1,7,15,1,10,2,11,,16,16,1,22,9,121.5325507,25.0338381
111,10,12,19,12,2,05中正區,中正區新生南路1段與信義路2段口,0,0,1,2,C03,6,3,5,50,4,2,1,4,4,5,7,1,1,1,4,5,2,13,2,54,3,10,1,1,7,14,1,10,2,13,,44,16,1,22,9,121.5325507,25.0338381
111,10,12,19,34,2,09北投區,北投區中央北路4段與中央北路4段60巷口,0,0,1,1,C03,6,3,5,50,3,2,1,4,4,5,7,4,4,5,4,5,2,13,1,26,2,8,3,4,7,9,1,10,2,11,,23,23,1,22,9,121.4769832,25.13422777
111,10,12,19,34,2,09北投區,北投區中央北路4段與中央北路4段60巷口,0,0,1,2,B12,6,3,5,50,3,2,1,4,4,5,7,4,4,5,4,5,2,13,1,37,3,10,3,4,7,14,1,8,2,6,,44,23,1,22,9,121.4769832,25.13422777
111,10,12,19,45,2,01大同區,大同區鄭州路與西寧北路口,0,0,1,1,C03,6,3,5,40,4,1,1,4,4,5,7,2,1,9,4,5,2,12,1,20,2,9,1,1,7,5,1,10,1,14,,8,,1,22,9,121.5082021,25.0506052
111,10,12,19,45,2,01大同區,大同區鄭州路與西寧北路口,0,0,1,2,B03,6,3,5,40,4,1,1,4,4,5,7,2,1,9,4,5,2,12,1,45,3,10,1,1,7,5,1,8,1,5,,44,,1,22,9,121.5082021,25.0506052
111,10,12,20,0,2,08士林區,北投區中央北路4段48號,0,0,3,1,C03,6,3,5,50,14,18,1,4,4,5,7,2,1,5,4,5,2,3,1,34,2,9,1,1,7,9,1,10,2,11,,25,25,1,22,9,121.4774197,25.13462623
111,10,12,20,0,2,08士林區,北投區中央北路4段48號,0,0,3,2,H03,6,3,5,50,14,18,1,4,4,5,7,2,1,5,4,5,2,3,2,37,2,9,4,5,8,16,8,20,10,16,,67,25,1,23,9,121.4774197,25.13462623
111,10,12,20,0,2,08士林區,北投區中央北路4段48號,0,0,3,3,H02,6,3,5,50,14,18,1,4,4,5,7,2,1,5,4,5,2,3,2,27,2,9,1,5,7,20,8,20,10,16,,67,25,1,22,9,121.4774197,25.13462623