發生年度,發生月,發生日,發生時-Hours,發生分,處理別-編號,區序,肇事地點,死亡人數,2-30日死亡人數,受傷人數,當事人序號,車種,天候,光線,道路類別,速限-速度限制,道路型態,事故位置,路面狀況1,路面狀況2,路面狀況3,道路障礙1,道路障礙2,號誌1,號誌2,車道劃分-分向,車道劃分-分道1,車道劃分-分道2,車道劃分-分道3,事故類型及型態,性別,年齡,受傷程度,主要傷處,安全帽,行動電話,車輛用途,當事者行動狀態,駕駛資格情形,駕駛執照種類,飲酒情形,車輛撞擊部位1,車輛撞擊部位2,肇因碼-個別,肇因碼-主要,個人肇逃否,職業,旅次目的,座標-X,座標-Y
111,10,12,20,10,2,12內湖區,內湖區瑞光路548巷與瑞光路478巷18弄口,0,0,2,1,C03,6,3,5,50,4,1,1,4,4,5,7,3,1,5,4,5,1,15,1,48,2,9,1,1,7,9,1,10,1,11,,6,6,1,22,9,121.5670966,25.0790617
111,10,12,20,10,2,12內湖區,內湖區瑞光路548巷與瑞光路478巷18弄口,0,0,2,2,C03,6,3,5,50,4,1,1,4,4,5,7,3,1,5,4,5,1,15,1,45,2,9,1,1,7,9,1,10,1,11,,44,6,1,22,9,121.5670966,25.0790617
111,10,12,20,15,2,05中正區,中正區和平西路1段與廈門街口,0,0,2,1,B01,7,3,5,50,4,2,1,4,4,5,7,2,1,1,4,5,1,17,1,60,3,10,1,1,7,9,1,4,9,1,,23,23,1,22,9,121.5179676,25.02675778
111,10,12,20,15,2,05中正區,中正區和平西路1段與廈門街口,0,0,2,2,C03,7,3,5,50,4,2,1,4,4,5,7,2,1,1,4,5,1,17,1,20,2,9,1,1,7,11,3,18,9,13,,10,23,1,22,9,121.5179676,25.02675778
111,10,12,20,15,2,05中正區,中正區和平西路1段與廈門街口,0,0,2,3,H02,7,3,5,50,4,2,1,4,4,5,7,2,1,1,4,5,1,17,1,20,2,1,1,5,7,17,8,20,10,16,,67,23,1,22,9,121.5179676,25.02675778
111,10,12,20,40,2,01大同區,大同區民權西路大橋頭捷運1號出口前,0,0,2,1,C03,7,3,5,50,14,9,1,5,4,5,7,2,1,8,3,5,2,12,1,57,2,8,1,1,7,9,1,10,1,11,,16,16,1,22,9,121.5122906,25.06317896
111,10,12,20,40,2,01大同區,大同區民權西路大橋頭捷運1號出口前,0,0,2,2,C03,7,3,5,50,14,9,1,5,4,5,7,2,1,8,3,5,2,12,1,31,3,10,1,1,7,9,1,10,1,13,,44,16,1,22,9,121.5122906,25.06317896
111,10,12,20,40,2,01大同區,大同區民權西路大橋頭捷運1號出口前,0,0,2,3,C03,7,3,5,50,14,9,1,5,4,5,7,2,1,8,3,5,2,12,1,41,3,10,1,1,7,9,1,10,1,13,,44,16,1,22,9,121.5122906,25.06317896
111,10,12,20,40,2,01大同區,大同區民權西路大橋頭捷運1號出口前,0,0,2,4,C03,7,3,5,50,14,9,1,5,4,5,7,2,1,8,3,5,2,12,1,30,2,9,1,1,7,9,1,10,1,11,,16,16,1,22,9,121.5122906,25.06317896
111,10,12,20,40,2,01大同區,大同區民權西路大橋頭捷運1號出口前,0,0,2,5,C03,7,3,5,50,14,9,1,5,4,5,7,2,1,8,3,5,2,12,1,22,3,10,1,1,7,9,1,10,1,13,,44,16,1,22,9,121.5122906,25.06317896
111,10,12,20,40,2,01大同區,大同區民權西路大橋頭捷運1號出口前,0,0,2,6,C03,7,3,5,50,14,9,1,5,4,5,7,2,1,8,3,5,2,12,1,40,3,10,1,1,7,5,1,10,1,15,,44,16,1,22,9,121.5122906,25.06317896
111,10,12,20,44,2,04大安區,大安區基隆路2段與樂業街口,0,0,1,1,B01,6,3,5,50,14,9,1,4,4,5,7,4,4,1,4,5,2,17,1,55,3,10,1,1,7,10,1,4,9,15,,7,7,1,22,9,121.5500855,25.0223113
111,10,12,20,44,2,04大安區,大安區基隆路2段與樂業街口,0,0,1,2,C03,6,3,5,50,14,9,1,4,4,5,7,4,4,1,4,5,2,17,2,31,2,9,1,1,7,9,1,10,1,15,,42,7,1,22,9,121.5500855,25.0223113
111,10,12,20,52,2,01大同區,大同區民權西路與蘭州街口,0,0,2,1,C03,6,3,5,50,4,1,1,4,4,5,7,1,1,1,4,5,2,17,1,18,2,9,1,1,7,5,1,10,2,14,,6,6,1,22,9,121.5147165,25.06290184
111,10,12,20,52,2,01大同區,大同區民權西路與蘭州街口,0,0,2,2,C03,6,3,5,50,4,1,1,4,4,5,7,1,1,1,4,5,2,17,1,25,2,9,1,1,7,9,1,10,2,12,,44,6,1,22,9,121.5147165,25.06290184
111,10,12,21,2,2,05中正區,中正區長沙街1段與延平南路口,0,0,1,1,C03,7,3,5,50,4,2,1,5,4,5,7,1,1,7,4,5,2,16,1,25,2,9,1,1,7,9,1,10,2,12,,23,23,1,22,9,121.5091178,25.04034695
111,10,12,21,2,2,05中正區,中正區長沙街1段與延平南路口,0,0,1,2,B03,7,3,5,50,4,2,1,5,4,5,7,1,1,7,4,5,2,16,1,53,3,10,1,1,7,11,1,8,2,7,,4,23,1,22,9,121.5091178,25.04034695
111,10,12,21,5,2,09北投區,北投區光明路2巷13號,0,0,1,1,C03,6,3,5,50,14,9,1,4,4,5,7,4,4,5,4,5,2,11,1,50,3,10,1,1,7,11,1,10,2,15,,10,10,1,22,9,121.4999903,25.13080523
111,10,12,21,5,2,09北投區,北投區光明路2巷13號,0,0,1,2,C03,6,3,5,50,14,9,1,4,4,5,7,4,4,5,4,5,2,11,2,22,2,9,1,1,7,9,1,10,2,11,,44,10,1,22,9,121.4999903,25.13080523
111,10,12,21,52,2,05中正區,中正區仁愛路2段與新生南路1段口,0,0,1,1,C03,6,3,5,50,4,1,1,4,4,5,7,1,1,1,4,5,2,16,2,59,2,7,1,1,7,8,1,10,2,12,,7,7,1,22,9,121.532616,25.038247
111,10,12,21,52,2,05中正區,中正區仁愛路2段與新生南路1段口,0,0,1,2,C03,6,3,5,50,4,1,1,4,4,5,7,1,1,1,4,5,2,16,2,29,3,10,1,1,7,9,1,10,2,14,,44,7,1,22,9,121.532616,25.038247
111,10,12,22,10,2,08士林區,士林區福林路與中山北路5段口,0,0,1,1,B02,6,3,5,50,4,1,1,4,4,5,7,2,1,4,3,5,1,12,1,29,3,10,1,1,7,6,1,8,2,6,,9,9,1,22,9,121.5283758,25.0940364
111,10,12,22,10,2,08士林區,士林區福林路與中山北路5段口,0,0,1,2,C03,6,3,5,50,4,1,1,4,4,5,7,2,1,4,3,5,1,12,1,42,2,8,1,1,7,9,1,10,2,11,,23,9,1,22,9,121.5283758,25.0940364
111,10,12,22,26,2,10文山區,文山區木柵路4段5號旁,0,0,1,1,B03,6,3,5,50,14,9,1,4,4,5,7,2,1,9,4,5,2,13,1,36,3,10,1,1,7,9,1,8,2,1,,23,23,1,22,9,121.5711293,24.99174893
111,10,12,22,26,2,10文山區,文山區木柵路4段5號旁,0,0,1,2,C03,6,3,5,50,14,9,1,4,4,5,7,2,1,9,4,5,2,13,2,26,2,9,1,1,7,14,1,10,2,13,,44,23,1,22,9,121.5711293,24.99174893
111,10,12,22,30,2,07信義區,信義區基隆路2段96號,0,0,1,1,C03,6,3,5,50,14,9,1,4,4,5,7,1,1,1,4,5,2,17,1,27,2,9,1,1,7,9,1,10,1,12,,42,42,1,22,9,121.5577147,25.0301095
111,10,12,22,30,2,07信義區,信義區基隆路2段96號,0,0,1,2,B03,6,3,5,50,14,9,1,4,4,5,7,1,1,1,4,5,2,17,1,70,3,10,1,1,7,8,1,10,1,15,,44,42,1,22,9,121.5577147,25.0301095
111,10,12,22,30,2,07信義區,信義區基隆路2段96號,0,0,1,3,B03,6,3,5,50,14,9,1,4,4,5,7,1,1,1,4,5,2,17,1,70,3,10,3,4,7,10,7,19,11,15,,7,42,2,22,9,121.5577147,25.0301095
111,10,12,22,52,2,02萬華區,萬華區中華路2段416巷與中華路2段416巷口路邊50號停車格,0,0,1,1,B12,6,3,5,30,14,9,1,4,4,5,7,4,4,10,5,5,2,14,1,53,3,10,1,1,7,2,1,8,1,3,,12,,1,22,9,121.5019026,25.02654498
111,10,12,22,52,2,02萬華區,萬華區中華路2段416巷與中華路2段416巷口路邊50號停車格,0,0,1,2,C03,6,3,5,30,14,9,1,4,4,5,7,4,4,10,5,5,2,14,2,40,2,9,1,1,7,14,1,10,1,11,,44,,1,22,9,121.5019026,25.02654498
111,10,12,22,52,2,02萬華區,萬華區中華路2段416巷路邊50號停車格,0,0,1,1,B12,6,3,5,30,14,9,1,4,4,5,7,4,4,10,5,5,2,14,1,53,3,10,1,1,7,2,1,8,1,3,,12,12,1,22,9,121.5019312,25.02653243
111,10,12,22,52,2,02萬華區,萬華區中華路2段416巷路邊50號停車格,0,0,1,2,C03,6,3,5,30,14,9,1,4,4,5,7,4,4,10,5,5,2,14,2,40,2,9,1,1,7,14,1,10,1,11,,44,12,1,22,9,121.5019312,25.02653243
111,10,12,22,55,2,03中山區,中山區中山北路3段與德惠街口,0,0,2,1,B03,6,3,5,50,3,1,1,4,4,5,7,2,1,1,4,5,2,17,2,48,3,10,3,4,7,5,1,8,1,7,,8,8,1,22,9,121.5225136,25.0668025
111,10,12,22,55,2,03中山區,中山區中山北路3段與德惠街口,0,0,2,3,C03,6,3,5,50,3,1,1,4,4,5,7,2,1,1,4,5,2,17,2,20,2,9,1,4,7,9,1,10,1,15,,44,8,1,22,9,121.5225136,25.0668025
111,10,12,22,55,2,03中山區,中山區中山北路3段與德惠街口,0,0,2,2,C03,6,3,5,50,3,1,1,4,4,5,7,2,1,1,4,5,2,17,1,25,2,9,1,4,7,9,1,10,1,12,,44,8,1,22,9,121.5225136,25.0668025
111,10,12,22,58,2,05中正區,中正區中華路2段315巷5弄與中華路2段307巷口,0,0,1,1,B01,6,3,5,30,4,1,1,4,4,5,7,4,4,5,4,5,2,3,1,43,4,11,3,4,7,15,7,19,11,15,,23,43,2,22,9,121.5058715,25.029165
111,10,12,22,58,2,05中正區,中正區中華路2段315巷5弄與中華路2段307巷口,0,0,1,2,H01,6,3,5,30,4,1,1,4,4,5,7,4,4,5,4,5,2,3,1,41,2,8,4,5,8,16,8,20,7,16,,51,43,1,22,9,121.5058715,25.029165
111,10,12,23,7,2,07信義區,信義區大道路與林口街80巷口,0,0,2,1,C03,6,3,5,30,4,1,1,4,4,5,7,4,4,9,4,5,1,15,2,40,2,9,3,4,7,9,1,10,1,14,,6,6,1,22,9,121.5827736,25.0404662
111,10,12,23,7,2,07信義區,信義區大道路與林口街80巷口,0,0,2,2,C03,6,3,5,30,4,1,1,4,4,5,7,4,4,9,4,5,1,15,1,63,2,8,3,4,7,9,1,9,1,11,,14,6,1,22,9,121.5827736,25.0404662
111,10,13,5,52,1,08士林區,士林區承德路5段與中正路口,1,0,0,1,A05,7,1,5,50,4,1,1,5,4,5,7,1,1,1,4,5,1,16,1,64,3,10,1,1,7,5,1,1,2,1,,25,25,1,22,9,121.5164947,25.09119085
111,10,13,5,52,1,08士林區,士林區承德路5段與中正路口,1,0,0,2,F01,7,1,5,50,4,1,1,5,4,5,7,1,1,1,4,5,1,16,2,57,1,1,1,1,7,9,8,20,9,16,,44,25,1,22,9,121.5164947,25.09119085
111,10,13,6,43,2,03中山區,中山區濱江街與大直橋口,0,0,2,1,B03,6,1,5,50,5,2,1,4,4,5,7,2,1,1,2,5,2,13,1,60,3,10,3,4,7,9,1,1,1,1,,23,23,1,22,9,121.5442113,25.0725819
111,10,13,6,43,2,03中山區,中山區濱江街與大直橋口,0,0,2,2,C03,6,1,5,50,5,2,1,4,4,5,7,2,1,1,2,5,2,13,2,47,2,9,3,4,7,14,1,10,1,13,,44,23,1,22,9,121.5442113,25.0725819
111,10,13,6,43,2,03中山區,中山區濱江街與大直橋口,0,0,2,3,C03,6,1,5,50,5,2,1,4,4,5,7,2,1,1,2,5,2,13,2,26,2,4,3,4,7,14,1,10,1,13,,44,23,1,22,9,121.5442113,25.0725819
111,10,13,7,16,2,09北投區,北投區石牌路2段315巷28弄3-1號,0,0,1,1,B03,6,1,5,0,14,9,1,4,4,3,5,4,4,10,5,5,2,17,1,65,3,10,1,1,7,1,1,8,1,1,,19,19,1,22,9,121.5223359,25.1232948
111,10,13,7,16,2,09北投區,北投區石牌路2段315巷28弄3-1號,0,0,1,2,C03,6,1,5,0,14,9,1,4,4,3,5,4,4,10,5,5,2,17,1,44,2,8,1,1,7,9,1,10,1,14,,13,19,1,22,9,121.5223359,25.1232948
111,10,13,7,27,2,05中正區,中正區仁愛路2段與仁愛路2段65巷口,0,0,1,1,B03,7,1,5,50,3,1,1,5,4,5,7,4,4,1,4,5,2,16,2,43,3,10,1,1,7,6,1,8,1,5,,9,9,1,22,9,121.5310036,25.03837127
111,10,13,7,27,2,05中正區,中正區仁愛路2段與仁愛路2段65巷口,0,0,1,2,C03,7,1,5,50,3,1,1,5,4,5,7,4,4,1,4,5,2,16,1,27,2,8,1,1,7,9,1,10,1,14,,23,9,1,22,9,121.5310036,25.03837127
111,10,13,7,30,2,05中正區,中正區中山北路1段與市民大道1段口,0,0,1,1,C03,8,1,5,40,4,2,1,5,4,5,7,1,1,1,4,5,2,13,1,29,2,9,1,1,7,9,1,10,1,11,,23,23,1,22,9,121.5204502,25.04807841
111,10,13,7,30,2,05中正區,中正區中山北路1段與市民大道1段口,0,0,1,2,B03,8,1,5,40,4,2,1,5,4,5,7,1,1,1,4,5,2,13,1,48,3,10,1,1,7,14,1,8,1,3,,44,23,1,22,9,121.5204502,25.04807841
111,10,13,7,30,2,05中正區,中正區中山北路1段與市民大道1段口,0,0,1,3,C03,8,1,5,40,4,2,1,5,4,5,7,1,1,1,4,5,2,13,1,62,3,10,1,1,7,9,1,10,1,11,,44,23,1,22,9,121.5204502,25.04807841
111,10,13,7,40,2,05中正區,中正區汀州路3段46號與汀州路3段無名巷口口,0,0,2,1,C03,8,1,5,50,3,1,1,5,4,5,7,4,4,5,5,5,1,3,2,33,2,9,1,1,7,9,1,10,2,11,,23,23,1,22,9,121.5307312,25.0161076
111,10,13,7,40,2,05中正區,中正區汀州路3段46號與汀州路3段無名巷口口,0,0,2,2,H01,8,1,5,50,3,1,1,5,4,5,7,4,4,5,5,5,1,3,2,20,2,5,4,5,8,16,8,20,10,16,,51,23,1,22,9,121.5307312,25.0161076
111,10,13,7,40,2,08士林區,士林區永平街20巷與永平街口,0,0,2,1,C04,7,1,5,30,3,2,1,5,4,5,7,4,4,5,5,5,2,17,2,38,2,9,1,1,7,5,1,8,2,12,,6,6,1,22,9,121.5051716,25.0900345
111,10,13,7,40,2,08士林區,士林區永平街20巷與永平街口,0,0,2,2,C03,7,1,5,30,3,2,1,5,4,5,7,4,4,5,5,5,2,17,1,62,3,10,1,1,7,9,1,10,2,14,,44,6,1,22,9,121.5051716,25.0900345
111,10,13,7,40,2,08士林區,士林區永平街20巷與永平街口,0,0,2,3,H02,7,1,5,30,3,2,1,5,4,5,7,4,4,5,5,5,2,17,1,8,2,7,4,5,7,17,8,20,10,16,,67,6,1,22,9,121.5051716,25.0900345
111,10,13,7,42,2,01大同區,大同區萬全街與萬全街106巷口,0,0,1,1,B12,7,1,5,30,14,9,1,5,4,5,7,4,4,10,5,5,2,17,1,34,3,10,3,4,7,1,1,8,1,5,,19,19,1,22,9,121.5169453,25.0580584
111,10,13,7,42,2,01大同區,大同區萬全街與萬全街106巷口,0,0,1,2,C03,7,1,5,30,14,9,1,5,4,5,7,4,4,10,5,5,2,17,1,33,2,7,3,4,7,9,1,10,1,11,,13,19,1,22,9,121.5169453,25.0580584
111,10,13,7,45,2,08士林區,士林區延平北路8段2巷56弄與延平北路8段2巷口,0,0,1,1,C03,7,1,5,30,4,1,1,5,4,5,7,4,4,10,5,5,2,15,2,44,2,8,1,1,7,9,1,10,1,14,,6,6,1,22,9,121.4868928,25.10554113
111,10,13,7,45,2,08士林區,士林區延平北路8段2巷56弄與延平北路8段2巷口,0,0,1,2,B03,7,1,5,30,4,1,1,5,4,5,7,4,4,10,5,5,2,15,1,61,3,10,1,1,7,9,1,8,1,5,,44,6,1,22,9,121.4868928,25.10554113
111,10,13,8,6,2,09北投區,北投區三合街2段與崇仁路1段口,0,0,1,1,B03,8,1,5,50,14,9,1,5,4,5,7,2,1,5,2,5,2,3,1,41,3,10,1,1,7,9,1,8,1,5,,23,23,1,22,9,121.5015483,25.1258802
111,10,13,8,6,2,09北投區,北投區三合街2段與崇仁路1段口,0,0,1,2,H01,8,1,5,50,14,9,1,5,4,5,7,2,1,5,2,5,2,3,1,25,2,9,4,5,8,16,8,20,9,16,,51,23,1,22,9,121.5015483,25.1258802
111,10,13,8,10,2,07信義區,信義區永吉路89號,0,0,1,1,B03,8,1,5,30,14,9,1,5,4,5,7,4,4,10,5,5,2,14,1,47,3,10,1,1,7,2,1,8,9,7,,12,12,1,22,8,121.5699679,25.04623779
111,10,13,8,10,2,07信義區,信義區永吉路89號,0,0,1,2,F03,8,1,5,30,14,9,1,5,4,5,7,4,4,10,5,5,2,14,2,66,2,6,1,1,7,6,8,20,9,16,,44,12,1,22,8,121.5699679,25.04623779
111,10,13,8,19,2,04大安區,大安區和平東路3段與樂業街口,0,0,1,1,C03,6,1,5,50,3,2,1,4,4,5,7,4,4,1,4,5,2,17,2,24,2,9,1,1,7,12,1,10,2,14,,16,16,1,22,9,121.5498845,25.0244532
111,10,13,8,19,2,04大安區,大安區和平東路3段與樂業街口,0,0,1,2,A04,6,1,5,50,3,2,1,4,4,5,7,4,4,1,4,5,2,17,1,36,3,10,1,1,7,8,1,2,2,15,,44,16,1,22,9,121.5498845,25.0244532
111,10,13,8,40,2,06松山區,松山區復興北路313巷47號,0,0,2,1,C03,6,1,5,30,14,9,1,4,4,5,7,4,4,10,5,5,2,16,2,31,2,8,1,1,7,6,1,10,1,12,,9,9,1,22,9,121.5472787,25.0589356
111,10,13,8,40,2,06松山區,松山區復興北路313巷47號,0,0,2,2,C03,6,1,5,30,14,9,1,4,4,5,7,4,4,10,5,5,2,16,1,57,2,7,1,1,7,9,1,9,1,14,,44,9,1,22,9,121.5472787,25.0589356
111,10,13,8,42,2,09北投區,北投區大業路與北投路2段口,0,0,1,1,B03,7,1,5,50,4,1,1,5,4,5,7,2,1,1,5,5,2,17,1,70,3,10,1,1,7,6,1,8,1,1,,9,9,1,22,9,121.4964834,25.13475907
111,10,13,8,42,2,09北投區,北投區大業路與北投路2段口,0,0,1,2,C03,7,1,5,50,4,1,1,5,4,5,7,2,1,1,5,5,2,17,1,72,2,8,1,1,7,9,1,10,1,14,,44,9,1,22,9,121.4964834,25.13475907
111,10,13,8,42,2,09北投區,北投區大業路與北投路2段口,0,0,1,3,A02,7,1,5,50,4,1,1,5,4,5,7,2,1,1,5,5,2,17,1,57,3,10,1,1,7,6,1,2,1,1,,44,9,1,22,9,121.4964834,25.13475907
111,10,13,8,46,2,06松山區,松山區民權東路3段162號,0,0,1,1,C03,6,1,5,50,14,9,1,4,4,5,7,4,4,1,3,4,2,18,2,28,2,9,3,4,7,9,1,10,1,12,,23,23,1,22,9,121.5479366,25.06192296
111,10,13,8,46,2,06松山區,松山區民權東路3段162號,0,0,1,2,,6,1,5,50,14,9,1,4,4,5,7,4,4,1,3,4,2,18,3,,,,,,,,,,,,,67,23,1,,,121.5479366,25.06192296
111,10,13,8,50,2,03中山區,中山區民生西路28號,0,0,1,1,C03,7,1,5,50,3,1,1,5,4,5,7,4,4,5,4,5,2,12,1,39,2,9,1,1,7,8,6,18,1,12,,7,7,1,22,9,121.5217741,25.0577682
111,10,13,8,50,2,03中山區,中山區民生西路28號,0,0,1,2,B03,7,1,5,50,3,1,1,5,4,5,7,4,4,5,4,5,2,12,1,55,3,10,3,4,7,9,1,8,1,4,,44,7,1,22,9,121.5217741,25.0577682
111,10,13,8,51,2,07信義區,信義區松隆路與松隆路123巷口,0,0,1,1,B03,6,1,5,50,3,2,1,4,4,5,5,4,4,1,4,5,2,16,1,58,3,10,1,1,7,6,1,8,1,5,,9,9,1,22,9,121.5715025,25.0466298
111,10,13,8,51,2,07信義區,信義區松隆路與松隆路123巷口,0,0,1,2,C03,6,1,5,50,3,2,1,4,4,5,5,4,4,1,4,5,2,16,2,50,2,9,1,1,7,6,1,10,1,14,,9,9,1,22,9,121.5715025,25.0466298
111,10,13,8,51,2,07信義區,信義區松隆路與松隆路123巷口,0,0,1,3,A05,6,1,5,50,3,2,1,4,4,5,5,4,4,1,4,5,2,16,1,52,3,10,1,1,7,14,1,2,1,15,,38,9,1,22,9,121.5715025,25.0466298
111,10,13,9,0,2,12內湖區,內湖區新湖一路與新湖二路口口,0,0,1,1,B01,8,1,5,40,4,1,1,4,4,5,7,4,4,5,4,5,2,16,1,61,3,10,1,1,7,9,1,4,1,2,,6,6,1,22,9,121.5846783,25.0650208
111,10,13,9,0,2,12內湖區,內湖區新湖一路與新湖二路口口,0,0,1,2,C03,8,1,5,40,4,1,1,4,4,5,7,4,4,5,4,5,2,16,1,40,2,9,1,1,7,9,1,10,1,11,,14,6,1,22,9,121.5846783,25.0650208
111,10,13,9,4,2,09北投區,北投區中央北路4段與學園路口,0,0,1,1,C03,8,1,6,50,3,2,1,5,4,5,7,1,1,7,4,5,1,11,2,19,2,8,1,1,7,5,1,10,2,12,,8,8,1,22,9,121.465976,25.1266012
111,10,13,9,4,2,09北投區,北投區中央北路4段與學園路口,0,0,1,2,C03,8,1,6,50,3,2,1,5,4,5,7,1,1,7,4,5,1,11,1,32,3,10,1,1,7,9,1,10,2,11,,44,8,1,22,9,121.465976,25.1266012
111,10,13,9,25,2,04大安區,大安區敦化南路1段259巷與敦化南路1段口,0,0,1,1,B01,6,1,5,50,5,1,1,4,4,5,7,1,1,1,4,1,2,12,1,45,3,10,1,4,7,9,1,8,2,2,,23,23,1,22,9,121.5490324,25.0355298
111,10,13,9,25,2,04大安區,大安區敦化南路1段259巷與敦化南路1段口,0,0,1,2,C03,6,1,5,50,5,1,1,4,4,5,7,1,1,1,4,1,2,12,1,21,2,7,1,4,7,7,1,10,2,14,,7,23,1,22,9,121.5490324,25.0355298
111,10,13,9,26,2,03中山區,中山區南京東路3段與建國北路1段口,0,0,1,1,B01,6,1,5,50,4,2,1,4,4,5,7,2,1,1,2,5,2,16,1,65,3,10,3,4,7,6,5,4,1,15,,44,44,1,22,9,121.537101,25.05188157
111,10,13,9,26,2,03中山區,中山區南京東路3段與建國北路1段口,0,0,1,2,C03,6,1,5,50,4,2,1,4,4,5,7,2,1,1,2,5,2,16,1,33,2,9,3,4,7,9,1,10,1,12,,25,44,1,22,9,121.537101,25.05188157
111,10,13,9,27,2,03中山區,中山區內湖路1段1巷與北安路口,0,0,1,1,B03,7,1,5,30,4,1,1,5,4,5,7,1,1,1,4,5,2,2,2,48,3,10,3,4,7,5,1,8,1,8,,15,15,1,22,9,121.5584846,25.08481971
111,10,13,9,27,2,03中山區,中山區內湖路1段1巷與北安路口,0,0,1,2,H01,7,1,5,30,4,1,1,5,4,5,7,1,1,1,4,5,2,2,2,51,2,9,4,5,8,16,8,20,10,16,,67,15,1,22,9,121.5584846,25.08481971
111,10,13,9,31,2,04大安區,大安區忠孝東路3段150號前,0,0,1,1,C03,8,1,5,50,14,9,1,5,4,5,7,4,4,8,3,5,1,18,2,24,2,8,1,1,7,9,1,10,9,14,,23,23,1,5,1,121.538059,25.04153704
111,10,13,9,31,2,04大安區,大安區忠孝東路3段150號前,0,0,1,2,,8,1,5,50,14,9,1,5,4,5,7,4,4,8,3,5,1,18,3,,,,,,,,,,,,,67,23,1,,,121.538059,25.04153704
111,10,13,9,32,2,06松山區,松山區八德路4段36巷與光復南路33巷口,0,0,1,1,C03,7,1,5,30,4,1,1,5,4,5,7,4,4,10,4,5,2,16,2,30,2,9,1,1,7,9,1,10,1,12,,6,6,1,22,9,121.5593054,25.0468533
111,10,13,9,32,2,06松山區,松山區八德路4段36巷與光復南路33巷口,0,0,1,2,B03,7,1,5,30,4,1,1,5,4,5,7,4,4,10,4,5,2,16,1,39,3,10,1,1,7,9,1,8,1,1,,14,6,1,22,9,121.5593054,25.0468533
111,10,13,9,37,2,05中正區,中正區重慶南路3段與和平西路1段口口,0,0,1,1,B01,6,1,5,30,5,1,1,4,4,5,7,1,1,1,4,5,1,17,1,69,3,10,1,1,7,6,1,4,2,2,,42,42,1,22,9,121.5161574,25.02704385
111,10,13,9,37,2,05中正區,中正區重慶南路3段與和平西路1段口口,0,0,1,2,C03,6,1,5,30,5,1,1,4,4,5,7,1,1,1,4,5,1,17,1,41,2,9,1,1,7,9,1,10,2,12,,42,42,1,22,9,121.5161574,25.02704385
111,10,13,9,59,2,11南港區,南港區忠孝東路7段515號,0,0,2,1,C03,6,1,5,30,14,8,1,4,4,5,7,4,4,4,4,4,1,13,2,26,2,9,3,4,7,9,1,10,1,11,,23,23,1,22,9,121.6121793,25.0527892
111,10,13,9,59,2,11南港區,南港區忠孝東路7段515號,0,0,2,2,B03,6,1,5,30,14,8,1,4,4,5,7,4,4,4,4,4,1,13,1,52,3,10,3,4,7,9,1,8,1,7,,44,23,1,22,9,121.6121793,25.0527892
111,10,13,9,59,2,11南港區,南港區忠孝東路7段515號,0,0,2,3,C03,6,1,5,30,14,8,1,4,4,5,7,4,4,4,4,4,1,13,1,28,2,9,3,4,7,9,1,10,1,11,,44,23,1,22,9,121.6121793,25.0527892
111,10,13,10,0,2,04大安區,大安區信義路4段265巷與信義路4段口,0,0,1,1,C03,6,1,5,50,14,9,1,4,4,5,7,4,4,1,4,5,2,12,1,37,2,9,1,1,7,7,1,10,1,14,,27,27,1,22,9,121.5538413,25.0332697
111,10,13,10,0,2,04大安區,大安區信義路4段265巷與信義路4段口,0,0,1,2,B12,6,1,5,50,14,9,1,4,4,5,7,4,4,1,4,5,2,12,1,43,3,10,1,1,7,9,1,8,1,2,,23,27,1,22,9,121.5538413,25.0332697
111,10,13,10,8,2,06松山區,松山區市民大道4段223號,0,0,1,1,C03,6,1,5,40,14,9,1,4,4,5,7,4,4,1,3,5,2,13,1,55,2,9,3,4,7,9,1,10,1,11,,23,23,1,22,9,121.5535002,25.04460036
111,10,13,10,8,2,06松山區,松山區市民大道4段223號,0,0,1,2,C03,6,1,5,40,14,9,1,4,4,5,7,4,4,1,3,5,2,13,2,38,3,10,3,4,7,12,4,11,1,13,,42,23,1,22,9,121.5535002,25.04460036
111,10,13,10,30,2,12內湖區,內湖區成功路4段370號,0,0,1,1,A02,7,1,5,40,14,8,1,4,4,5,7,4,4,1,4,5,1,17,1,56,3,10,1,1,7,8,1,2,1,15,,7,7,1,22,9,121.600547,25.084689
111,10,13,10,30,2,12內湖區,內湖區成功路4段370號,0,0,1,2,C03,7,1,5,40,14,8,1,4,4,5,7,4,4,1,4,5,1,17,1,29,2,9,1,1,7,9,1,10,1,11,,42,7,1,22,9,121.600547,25.084689
111,10,13,10,30,2,12內湖區,內湖區成功路4段370號,0,0,1,3,B12,7,1,5,40,14,8,1,4,4,5,7,4,4,1,4,5,1,17,1,29,3,10,1,1,7,14,1,8,1,10,,38,7,1,22,9,121.600547,25.084689
111,10,13,10,40,2,03中山區,中山區長春路290號,0,0,1,1,C03,6,1,5,40,14,8,1,4,4,5,7,4,4,5,4,4,2,13,1,66,2,9,1,4,7,9,1,10,1,11,,16,16,1,22,9,121.5395882,25.05464467
111,10,13,10,40,2,03中山區,中山區長春路290號,0,0,1,2,C03,6,1,5,40,14,8,1,4,4,5,7,4,4,5,4,4,2,13,1,43,3,10,1,4,7,9,1,10,1,13,,44,16,1,22,9,121.5395882,25.05464467
111,10,13,10,40,2,03中山區,中山區長春路290號,0,0,1,3,B01,6,1,5,40,14,8,1,4,4,5,7,4,4,5,4,4,2,13,1,60,3,10,3,4,7,8,1,4,1,15,,7,16,1,22,9,121.5395882,25.05464467