發生年度,發生月,發生日,發生時-Hours,發生分,處理別-編號,區序,肇事地點,死亡人數,2-30日死亡人數,受傷人數,當事人序號,車種,天候,光線,道路類別,速限-速度限制,道路型態,事故位置,路面狀況1,路面狀況2,路面狀況3,道路障礙1,道路障礙2,號誌1,號誌2,車道劃分-分向,車道劃分-分道1,車道劃分-分道2,車道劃分-分道3,事故類型及型態,性別,年齡,受傷程度,主要傷處,安全帽,行動電話,車輛用途,當事者行動狀態,駕駛資格情形,駕駛執照種類,飲酒情形,車輛撞擊部位1,車輛撞擊部位2,肇因碼-個別,肇因碼-主要,個人肇逃否,職業,旅次目的,座標-X,座標-Y
111,10,13,10,45,2,11南港區,南港區中坡南路與中坡南路49巷口,0,0,1,1,F01,6,1,5,50,4,1,1,4,4,5,7,1,1,5,4,4,2,17,1,27,3,10,1,1,7,5,8,20,1,16,,8,8,1,22,9,121.583573,25.04279543
111,10,13,10,45,2,11南港區,南港區中坡南路與中坡南路49巷口,0,0,1,2,C03,6,1,5,50,4,1,1,4,4,5,7,1,1,5,4,4,2,17,2,22,2,9,1,1,7,9,1,10,1,15,,42,8,1,22,9,121.583573,25.04279543
111,10,13,11,1,2,01大同區,大同區延平北路2段與延平北路2段60巷口,0,0,1,1,C03,6,1,5,50,4,1,1,4,4,5,7,2,1,5,4,5,2,17,2,64,4,11,3,4,7,15,7,19,11,15,,27,27,2,22,9,121.5116716,25.05545823
111,10,13,11,1,2,01大同區,大同區延平北路2段與延平北路2段60巷口,0,0,1,2,C03,6,1,5,50,4,1,1,4,4,5,7,2,1,5,4,5,2,17,1,25,2,7,1,1,7,9,1,10,1,15,,26,27,1,22,9,121.5116716,25.05545823
111,10,13,11,14,2,03中山區,中山區中山北路2段9號,0,0,1,1,B12,6,1,5,50,14,8,1,4,4,5,7,4,4,1,1,1,1,17,1,58,3,10,3,4,7,8,1,4,1,6,,7,7,1,22,9,121.5227181,25.05272142
111,10,13,11,14,2,03中山區,中山區中山北路2段9號,0,0,1,2,C03,6,1,5,50,14,8,1,4,4,5,7,4,4,1,1,1,1,17,1,55,2,9,3,4,7,9,1,10,1,12,,23,7,1,22,9,121.5227181,25.05272142
111,10,13,11,34,2,02萬華區,萬華區環河南路1段296-1號,0,0,1,1,B11,7,1,5,50,14,9,1,4,4,5,7,4,4,10,5,5,1,17,1,53,3,10,1,4,7,1,1,8,1,15,,19,19,1,22,9,121.498802,25.04103241
111,10,13,11,34,2,02萬華區,萬華區環河南路1段296-1號,0,0,1,2,C03,7,1,5,50,14,9,1,4,4,5,7,4,4,10,5,5,1,17,1,25,2,9,1,4,7,9,1,10,1,14,,44,19,1,22,9,121.498802,25.04103241
111,10,13,12,34,2,10文山區,文山區試院路144巷與試院路口,0,0,1,1,C03,6,1,5,30,3,1,1,4,4,5,7,4,4,10,5,5,2,17,2,21,2,7,1,1,7,5,1,10,1,11,,5,5,1,22,9,121.5472652,24.9899986
111,10,13,12,34,2,10文山區,文山區試院路144巷與試院路口,0,0,1,2,C03,6,1,5,30,3,1,1,4,4,5,7,4,4,10,5,5,2,17,1,42,3,10,1,1,7,9,1,10,1,11,,44,5,1,22,9,121.5472652,24.9899986
111,10,13,12,35,2,06松山區,松山區民生東路5段137巷與民生東路5段137巷6弄口,0,0,1,1,C03,7,1,5,30,3,1,1,4,4,5,7,4,4,10,5,5,2,17,1,28,2,9,1,1,7,9,1,10,1,11,,4,4,1,22,9,121.5614264,25.06029272
111,10,13,12,35,2,06松山區,松山區民生東路5段137巷與民生東路5段137巷6弄口,0,0,1,2,B03,7,1,5,30,3,1,1,4,4,5,7,4,4,10,5,5,2,17,1,78,3,10,1,1,7,5,1,8,1,1,,44,4,1,22,9,121.5614264,25.06029272
111,10,13,12,36,2,10文山區,文山區木新路2段129號,0,0,2,1,C03,6,1,5,50,14,18,1,4,4,5,7,4,4,5,4,5,2,3,1,52,2,7,3,4,7,9,1,10,2,11,,15,15,1,21,8,121.5692426,24.98412039
111,10,13,12,36,2,10文山區,文山區木新路2段129號,0,0,2,2,H01,6,1,5,50,14,18,1,4,4,5,7,4,4,5,4,5,2,3,2,74,2,9,4,5,8,16,8,20,2,16,,67,15,1,21,8,121.5692426,24.98412039
111,10,13,13,3,2,09北投區,北投區中央北路4段與大度路3段口,0,0,1,1,B03,7,1,5,50,4,1,1,5,4,5,7,2,1,8,3,5,2,17,2,24,3,10,1,1,7,5,1,8,1,1,,6,6,1,22,9,121.4644209,25.12383544
111,10,13,13,3,2,09北投區,北投區中央北路4段與大度路3段口,0,0,1,2,C03,7,1,5,50,4,1,1,5,4,5,7,2,1,8,3,5,2,17,1,20,2,9,1,1,7,9,1,10,1,14,,44,6,1,22,9,121.4644209,25.12383544
111,10,13,13,10,2,08士林區,士林區凱旋路與凱旋路29巷口,0,0,2,1,C03,6,1,5,30,11,9,1,4,4,5,7,4,4,10,5,5,2,17,2,20,2,9,1,1,7,9,1,10,1,14,,5,5,1,22,9,121.5443732,25.13618501
111,10,13,13,10,2,08士林區,士林區凱旋路與凱旋路29巷口,0,0,2,2,C03,6,1,5,30,11,9,1,4,4,5,7,4,4,10,5,5,2,17,1,19,2,9,1,1,7,9,1,10,1,14,,44,5,1,22,9,121.5443732,25.13618501
111,10,13,13,14,2,01大同區,大同區南京西路247號對面,0,0,2,2,C04,7,1,5,50,14,9,1,5,4,1,7,2,1,5,4,5,2,12,1,57,2,8,1,1,7,7,1,10,1,14,,7,42,1,22,9,121.5102663,25.05356863
111,10,13,13,14,2,01大同區,大同區南京西路247號對面,0,0,2,3,H02,7,1,5,50,14,9,1,5,4,1,7,2,1,5,4,5,2,12,2,53,2,9,1,5,7,21,8,20,10,16,,67,42,1,22,9,121.5102663,25.05356863
111,10,13,13,14,2,01大同區,大同區南京西路247號對面,0,0,2,1,B12,7,1,5,50,14,9,1,5,4,1,7,2,1,5,4,5,2,12,1,63,4,11,3,4,7,15,7,19,11,15,,42,42,2,22,9,121.5102663,25.05356863
111,10,13,13,30,2,08士林區,士林區下樹林街與中正路365巷口,0,0,1,1,B03,6,1,5,30,4,2,1,4,4,5,7,4,4,10,5,5,2,14,1,20,3,10,3,4,7,2,1,8,1,3,,12,12,1,22,9,121.5218549,25.0930793
111,10,13,13,30,2,08士林區,士林區下樹林街與中正路365巷口,0,0,1,2,C03,6,1,5,30,4,2,1,4,4,5,7,4,4,10,5,5,2,14,2,53,2,9,1,4,7,9,1,10,1,11,,44,12,1,22,9,121.5218549,25.0930793
111,10,13,14,20,2,03中山區,中山區合江街與合江街180巷口,0,0,1,1,C03,6,1,5,30,4,1,1,4,4,5,7,4,4,9,4,5,2,16,1,27,2,5,1,4,7,5,1,10,1,13,,6,6,1,22,9,121.5392479,25.0611109
111,10,13,14,20,2,03中山區,中山區合江街與合江街180巷口,0,0,1,2,B01,6,1,5,30,4,1,1,4,4,5,7,4,4,9,4,5,2,16,1,57,3,10,3,4,7,9,1,4,1,1,,44,6,1,22,9,121.5392479,25.0611109
111,10,13,14,35,2,12內湖區,內湖區新明路與南京東路6段368巷口,0,0,1,1,B12,6,1,5,40,4,2,1,4,4,5,7,1,1,5,4,4,2,12,1,42,3,10,1,1,7,9,1,4,1,15,,6,6,1,22,9,121.5870128,25.05794102
111,10,13,14,35,2,12內湖區,內湖區新明路與南京東路6段368巷口,0,0,1,2,C03,6,1,5,40,4,2,1,4,4,5,7,1,1,5,4,4,2,12,2,22,2,9,1,1,7,9,1,10,1,11,,44,6,1,22,9,121.5870128,25.05794102
111,10,13,14,42,2,10文山區,文山區木新路3段50巷與木新路3段50巷7弄口,0,0,2,1,C03,6,1,5,30,4,1,1,4,4,5,7,4,4,10,5,5,2,15,1,21,2,8,3,4,7,9,1,10,2,12,,6,6,1,21,8,121.5640487,24.9830127
111,10,13,14,42,2,10文山區,文山區木新路3段50巷與木新路3段50巷7弄口,0,0,2,2,C03,6,1,5,30,4,1,1,4,4,5,7,4,4,10,5,5,2,15,1,24,2,8,3,4,7,9,1,10,2,12,,14,6,1,21,8,121.5640487,24.9830127
111,10,13,14,42,2,10文山區,文山區木新路3段50巷與木新路3段50巷7弄口,0,0,2,3,B03,6,1,5,30,4,1,1,4,4,5,7,4,4,10,5,5,2,15,1,55,3,10,3,4,7,13,1,8,9,8,,44,6,1,21,8,121.5640487,24.9830127
111,10,13,14,53,2,02萬華區,萬華區寶興街222巷與德昌街185巷27弄口,0,0,1,1,C03,7,1,5,30,4,1,1,5,4,5,7,4,4,9,5,5,2,15,1,36,2,9,1,1,7,9,1,10,1,11,,6,6,1,22,9,121.4947236,25.02209023
111,10,13,14,53,2,02萬華區,萬華區寶興街222巷與德昌街185巷27弄口,0,0,1,2,B12,7,1,5,30,4,1,1,5,4,5,7,4,4,9,5,5,2,15,1,43,3,10,1,1,7,9,1,8,1,8,,13,6,1,22,9,121.4947236,25.02209023
111,10,13,14,59,2,01大同區,大同區鄭州路與西寧北路口,0,0,1,1,C03,7,2,5,50,4,1,1,5,4,5,7,1,1,10,4,5,2,16,1,21,2,9,1,1,7,9,1,10,1,14,,25,25,1,22,9,121.5082021,25.0506052
111,10,13,14,59,2,01大同區,大同區鄭州路與西寧北路口,0,0,1,2,B03,7,2,5,50,4,1,1,5,4,5,7,1,1,10,4,5,2,16,1,38,3,10,1,1,7,9,1,8,1,1,,13,25,1,22,9,121.5082021,25.0506052
111,10,13,15,51,2,07信義區,信義區和平東路3段341巷30號,0,0,1,1,C03,6,1,5,30,13,9,1,4,4,5,7,4,4,5,5,5,2,17,1,18,3,10,3,4,7,9,1,10,1,14,,6,6,1,22,9,121.558041,25.0215833
111,10,13,15,51,2,07信義區,信義區和平東路3段341巷30號,0,0,1,2,C03,6,1,5,30,13,9,1,4,4,5,7,4,4,5,5,5,2,17,1,25,2,9,3,4,7,9,1,10,1,11,,14,6,1,22,9,121.558041,25.0215833
111,10,13,16,15,2,06松山區,松山區南京東路4段與健康路口,0,0,1,1,B03,6,1,5,50,4,2,5,4,4,5,7,1,1,10,5,5,2,12,1,74,4,11,3,4,7,15,7,19,11,15,,44,43,2,22,9,121.5525862,25.05175136
111,10,13,16,15,2,06松山區,松山區南京東路4段與健康路口,0,0,1,2,C04,6,1,5,50,4,2,5,4,4,5,7,1,1,10,5,5,2,12,2,30,2,9,1,1,7,7,1,10,1,12,,7,43,1,22,9,121.5525862,25.05175136
111,10,13,16,23,2,05中正區,中正區新生南路1段與八德路1段口,0,0,2,1,C03,8,1,5,50,4,1,1,5,4,5,7,1,1,10,5,5,2,12,2,37,2,9,1,1,7,8,1,10,2,12,,7,7,1,22,9,121.5328846,25.04433984
111,10,13,16,23,2,05中正區,中正區新生南路1段與八德路1段口,0,0,2,2,C03,8,1,5,50,4,1,1,5,4,5,7,1,1,10,5,5,2,12,1,41,2,9,1,1,7,9,1,10,2,14,,23,7,1,22,9,121.5328846,25.04433984
111,10,13,16,35,2,10文山區,文山區木新路3段312號,0,0,1,1,B12,6,1,5,50,14,9,1,4,4,5,7,1,1,4,4,5,2,16,1,86,4,11,3,4,7,1,7,19,11,15,,19,19,2,22,9,121.5566081,24.9807297
111,10,13,16,35,2,10文山區,文山區木新路3段312號,0,0,1,2,C03,6,1,5,50,14,9,1,4,4,5,7,1,1,4,4,5,2,16,2,45,3,10,1,1,7,13,1,10,11,12,,38,19,1,22,9,121.5566081,24.9807297
111,10,13,16,35,2,10文山區,文山區木新路3段312號,0,0,1,3,H02,6,1,5,50,14,9,1,4,4,5,7,1,1,4,4,5,2,16,2,16,2,8,4,1,7,17,8,20,10,16,,67,19,1,22,9,121.5566081,24.9807297
111,10,13,16,57,2,04大安區,大安區仁愛路3段與建國南路1段口,0,0,1,1,B03,7,2,5,50,4,1,1,4,4,5,7,2,1,9,4,1,1,15,1,37,3,10,1,4,7,9,1,8,1,4,,25,25,1,22,9,121.5380803,25.0380366
111,10,13,16,57,2,04大安區,大安區仁愛路3段與建國南路1段口,0,0,1,2,C03,7,2,5,50,4,1,1,4,4,5,7,2,1,9,4,1,1,15,2,37,2,9,1,4,7,9,1,10,1,11,,44,25,1,22,9,121.5380803,25.0380366
111,10,13,17,9,2,01大同區,大同區民權西路與延平北路3段口,0,0,1,1,B03,7,2,5,50,4,1,1,5,4,5,7,1,1,10,4,5,2,16,1,23,3,10,1,1,7,5,1,8,1,8,,8,8,1,22,9,121.5111672,25.06306976
111,10,13,17,9,2,01大同區,大同區民權西路與延平北路3段口,0,0,1,2,C03,7,2,5,50,4,1,1,5,4,5,7,1,1,10,4,5,2,16,2,30,2,9,1,1,7,9,1,10,1,12,,44,8,1,22,9,121.5111672,25.06306976
111,10,13,17,10,2,07信義區,信義區基隆路2段與光復南路口口,0,0,1,1,A02,6,3,5,50,4,2,1,4,4,5,7,2,1,1,4,5,2,17,1,47,3,10,3,4,7,9,1,2,1,2,,44,44,1,22,9,121.5577426,25.0298231
111,10,13,17,10,2,07信義區,信義區基隆路2段與光復南路口口,0,0,1,2,C03,6,3,5,50,4,2,1,4,4,5,7,2,1,1,4,5,2,17,2,25,2,8,3,4,7,7,1,10,1,14,,7,44,1,22,9,121.5577426,25.0298231
111,10,13,17,37,2,05中正區,中正區羅斯福路3段244巷與汀州路3段口,0,0,1,1,B03,6,1,5,30,3,1,2,4,4,5,7,4,4,5,4,5,2,16,1,24,3,10,1,1,7,5,1,8,1,7,,6,6,1,22,9,121.5303772,25.0164065
111,10,13,17,37,2,05中正區,中正區羅斯福路3段244巷與汀州路3段口,0,0,1,2,C03,6,1,5,30,3,1,2,4,4,5,7,4,4,5,4,5,2,16,2,38,2,9,1,1,7,9,1,10,1,11,,44,6,1,22,9,121.5303772,25.0164065
111,10,13,17,50,2,12內湖區,內湖區康樂街61巷與康樂街口,0,0,2,1,C03,6,3,5,50,4,1,1,4,4,5,7,1,1,5,5,5,2,12,2,48,2,9,1,1,7,5,1,10,1,13,,6,6,1,22,9,121.618333,25.06847972
111,10,13,17,50,2,12內湖區,內湖區康樂街61巷與康樂街口,0,0,2,2,B12,6,3,5,50,4,1,1,4,4,5,7,1,1,5,5,5,2,12,1,30,3,10,1,1,7,9,1,7,1,1,,44,6,1,22,9,121.618333,25.06847972
111,10,13,17,50,2,12內湖區,內湖區康樂街61巷與康樂街口,0,0,2,3,H02,6,3,5,50,4,1,1,4,4,5,7,1,1,5,5,5,2,12,2,6,2,1,4,5,7,21,8,20,10,16,,67,6,1,22,9,121.618333,25.06847972
111,10,13,18,0,2,05中正區,中正區汀州路3段與師大路口,0,0,1,2,C03,6,3,5,50,5,1,1,4,4,5,7,2,1,1,3,5,1,16,2,21,2,9,1,1,7,9,1,10,2,14,,44,9,1,22,9,121.5255115,25.02086747
111,10,13,18,0,2,05中正區,中正區汀州路3段與師大路口,0,0,1,1,B03,6,3,5,50,5,1,1,4,4,5,7,2,1,1,3,5,1,16,1,41,3,10,1,1,7,6,1,8,2,2,,9,9,1,22,9,121.5255115,25.02086747
111,10,13,18,0,2,10文山區,文山區秀明路2段與新光路1段口,0,0,1,1,B03,6,3,5,50,4,1,1,4,4,5,7,2,1,5,4,5,2,12,1,27,3,10,1,1,7,9,1,8,1,4,,42,42,1,22,9,121.5730451,24.9917066
111,10,13,18,0,2,10文山區,文山區秀明路2段與新光路1段口,0,0,1,2,C03,6,3,5,50,4,1,1,4,4,5,7,2,1,5,4,5,2,12,2,45,3,10,1,1,7,9,4,11,1,12,,42,42,1,22,9,121.5730451,24.9917066
111,10,13,18,0,2,10文山區,文山區秀明路2段與新光路1段口,0,0,1,3,H02,6,3,5,50,4,1,1,4,4,5,7,2,1,5,4,5,2,12,1,10,2,8,1,5,7,21,8,20,10,15,,67,42,1,22,9,121.5730451,24.9917066
111,10,13,18,10,2,10文山區,文山區興隆路3段58-4號,0,0,1,1,B01,6,3,5,30,14,9,1,4,4,5,7,4,4,10,5,5,2,12,1,55,3,10,1,1,7,9,1,8,2,5,,44,44,1,22,9,121.5556591,24.99961239
111,10,13,18,10,2,10文山區,文山區興隆路3段58-4號,0,0,1,2,C03,6,3,5,30,14,9,1,4,4,5,7,4,4,10,5,5,2,12,2,32,2,9,1,1,7,7,1,10,2,14,,7,44,1,22,9,121.5556591,24.99961239
111,10,13,18,15,2,09北投區,北投區中央南路1段與中央南路1段184巷口,0,0,1,1,C03,7,3,5,50,3,1,1,5,4,5,7,4,4,9,4,5,2,27,2,58,2,9,3,4,7,9,1,10,1,11,,44,44,1,22,9,121.5015469,25.1319905
111,10,13,18,15,2,09北投區,北投區中央南路1段與中央南路1段184巷口,0,0,1,2,,7,3,5,50,3,1,1,5,4,5,7,4,4,9,4,5,2,27,3,,,,,,,,,,,,,66,44,1,,,121.5015469,25.1319905
111,10,13,18,17,2,07信義區,信義區基隆路汽機車混合地下道,0,0,1,1,B03,7,3,5,30,7,9,1,4,4,5,7,4,4,10,4,5,2,17,2,66,3,10,1,1,7,1,1,8,1,5,,23,23,1,22,9,121.5614914,25.0363801
111,10,13,18,17,2,07信義區,信義區基隆路汽機車混合地下道,0,0,1,2,C03,7,3,5,30,7,9,1,4,4,5,7,4,4,10,4,5,2,17,1,31,2,8,1,1,7,1,1,9,1,15,,44,23,1,22,9,121.5614914,25.0363801
111,10,13,18,27,2,01大同區,大同區承德路1段與長安西路口,0,0,1,1,H01,7,3,5,50,4,1,1,5,4,5,7,2,1,1,4,5,2,3,1,42,2,9,4,5,8,16,8,20,10,16,,53,53,1,22,9,121.5170299,25.05085947
111,10,13,18,27,2,01大同區,大同區承德路1段與長安西路口,0,0,1,2,B02,7,3,5,50,4,1,1,5,4,5,7,2,1,1,4,5,2,3,2,54,3,10,3,4,7,9,1,8,2,2,,44,53,1,22,9,121.5170299,25.05085947
111,10,13,18,35,2,12內湖區,內湖區基湖路10巷與堤頂大道2段407巷口,0,0,2,1,B03,6,3,5,30,3,1,1,4,4,5,7,4,4,4,5,5,1,12,1,46,3,10,3,4,7,5,1,8,1,8,,44,44,1,22,9,121.5644824,25.08173595
111,10,13,18,35,2,12內湖區,內湖區基湖路10巷與堤頂大道2段407巷口,0,0,2,2,C03,6,3,5,30,3,1,1,4,4,5,7,4,4,4,5,5,1,12,1,24,2,9,3,4,7,4,1,10,1,12,,4,44,1,22,9,121.5644824,25.08173595
111,10,13,18,35,2,12內湖區,內湖區基湖路10巷與堤頂大道2段407巷口,0,0,2,3,H01,6,3,5,30,3,1,1,4,4,5,7,4,4,4,5,5,1,12,2,35,2,8,4,5,8,16,8,20,10,16,,67,44,1,22,9,121.5644824,25.08173595
111,10,13,18,39,2,07信義區,信義區基隆路2段22號,0,0,2,1,C03,7,3,5,50,14,19,1,4,4,5,7,2,1,1,4,5,2,3,2,29,2,7,1,1,7,9,1,10,2,11,,14,14,1,22,8,121.5588245,25.0319754
111,10,13,18,39,2,07信義區,信義區基隆路2段22號,0,0,2,2,H01,7,3,5,50,14,19,1,4,4,5,7,2,1,1,4,5,2,3,1,63,2,8,4,5,8,16,8,20,10,16,,52,14,1,22,8,121.5588245,25.0319754
111,10,13,18,49,2,03中山區,中山區吉林路383號,0,0,2,1,C03,7,3,5,50,14,7,1,5,4,5,7,4,4,4,3,4,1,11,1,19,2,8,1,4,7,9,1,10,1,11,,42,42,1,22,9,121.5304118,25.0654092
111,10,13,18,49,2,03中山區,中山區吉林路383號,0,0,2,2,C03,7,3,5,50,14,7,1,5,4,5,7,4,4,4,3,4,1,11,1,46,2,9,1,4,7,9,1,10,1,11,,42,42,1,22,9,121.5304118,25.0654092
111,10,13,19,10,2,02萬華區,萬華區西寧南路102巷與內江街55巷口,0,0,2,1,C03,8,3,5,30,4,1,1,5,4,5,7,4,4,10,5,5,2,15,2,19,2,9,1,1,7,9,1,10,2,11,,6,6,1,22,9,121.5051912,25.04184479
111,10,13,19,10,2,02萬華區,萬華區西寧南路102巷與內江街55巷口,0,0,2,2,C03,8,3,5,30,4,1,1,5,4,5,7,4,4,10,5,5,2,15,1,56,2,9,1,1,7,9,1,10,2,12,,14,6,1,22,9,121.5051912,25.04184479
111,10,13,19,30,2,09北投區,北投區大業路與豐年路2段口,0,0,2,1,C03,6,3,5,50,5,2,1,4,4,5,7,2,1,1,4,5,2,9,1,21,2,9,1,1,7,9,1,10,2,12,,23,23,1,22,9,121.4965286,25.13473
111,10,13,19,30,2,09北投區,北投區大業路與豐年路2段口,0,0,2,2,H01,6,3,5,50,5,2,1,4,4,5,7,2,1,1,4,5,2,9,2,21,3,10,4,5,8,18,8,20,10,16,,52,23,1,22,9,121.4965286,25.13473
111,10,13,19,30,2,09北投區,北投區大業路與豐年路2段口,0,0,2,4,H02,6,3,5,50,5,2,1,4,4,5,7,2,1,1,4,5,2,9,2,19,2,9,1,5,7,21,8,20,10,16,,67,23,1,22,9,121.4965286,25.13473
111,10,13,19,30,2,09北投區,北投區大業路與豐年路2段口,0,0,2,3,H01,6,3,5,50,5,2,1,4,4,5,7,2,1,1,4,5,2,9,1,21,3,10,4,5,8,16,8,20,10,16,,52,23,1,22,9,121.4965286,25.13473
111,10,13,19,57,2,04大安區,大安區市民大道4段與敦化南路1段口,0,0,3,1,C03,7,3,5,40,14,9,1,5,4,5,7,2,1,1,4,5,2,17,1,33,2,9,1,1,7,9,1,10,1,11,,16,16,1,22,9,121.5482788,25.0448085
111,10,13,19,57,2,04大安區,大安區市民大道4段與敦化南路1段口,0,0,3,2,C03,7,3,5,40,14,9,1,5,4,5,7,2,1,1,4,5,2,17,2,33,2,9,1,1,7,9,3,18,1,13,,44,16,1,22,9,121.5482788,25.0448085
111,10,13,19,57,2,04大安區,大安區市民大道4段與敦化南路1段口,0,0,3,3,C03,7,3,5,40,14,9,1,5,4,5,7,2,1,1,4,5,2,17,1,25,2,9,1,1,7,9,1,10,1,15,,42,16,1,22,9,121.5482788,25.0448085
111,10,13,19,58,2,03中山區,中山區南京東路2段11號,0,0,1,1,C03,7,3,5,40,14,8,1,5,4,5,7,4,4,1,3,4,1,16,1,21,2,9,3,4,7,9,1,10,2,12,,23,23,1,22,9,121.5283854,25.05224596
111,10,13,19,58,2,03中山區,中山區南京東路2段11號,0,0,1,2,B03,7,3,5,40,14,8,1,5,4,5,7,4,4,1,3,4,1,16,1,32,3,10,3,4,7,14,1,8,2,4,,38,23,1,22,9,121.5283854,25.05224596
111,10,13,20,35,2,05中正區,中正區水源路與水源路33巷口,0,0,2,1,C03,6,3,5,50,3,2,1,4,4,5,7,4,4,5,5,5,2,16,2,22,2,9,1,1,7,9,1,10,2,11,,23,23,1,22,9,121.5241736,25.01819596
111,10,13,20,35,2,05中正區,中正區水源路與水源路33巷口,0,0,2,2,C03,6,3,5,50,3,2,1,4,4,5,7,4,4,5,5,5,2,16,1,85,2,8,1,1,7,5,1,10,2,13,,6,23,1,22,9,121.5241736,25.01819596
111,10,13,20,40,2,11南港區,南港區松河街成美左岸自行車道055燈桿,0,0,2,1,H01,6,3,8,0,15,22,1,4,4,5,7,4,4,9,5,5,1,9,2,46,2,1,4,5,8,21,8,20,10,16,,60,60,1,22,9,121.5848764,25.05357813
111,10,13,20,40,2,11南港區,南港區松河街成美左岸自行車道055燈桿,0,0,2,2,F01,6,3,8,0,15,22,1,4,4,5,7,4,4,9,5,5,1,9,1,51,2,9,1,1,7,9,8,20,2,16,,23,60,1,22,9,121.5848764,25.05357813
111,10,13,20,53,2,04大安區,大安區仁愛路4段與敦化南路1段口,0,0,1,1,C03,6,3,5,50,4,2,1,4,4,5,7,2,1,1,4,5,2,18,1,49,2,9,1,1,7,15,1,10,9,14,,42,44,1,22,9,121.5480754,25.03821909
111,10,13,20,53,2,04大安區,大安區仁愛路4段與敦化南路1段口,0,0,1,2,,6,3,5,50,4,2,1,4,4,5,7,2,1,1,4,5,2,18,3,,,,,,,,,,,,,67,44,1,,,121.5480754,25.03821909
111,10,13,21,3,2,11南港區,南港區興中路與南港路1段口,0,0,2,1,B03,6,3,5,50,4,2,1,4,4,5,7,2,1,5,4,5,2,3,2,41,3,10,3,4,7,5,1,8,2,1,,15,15,1,22,9,121.6074898,25.05448692
111,10,13,21,3,2,11南港區,南港區興中路與南港路1段口,0,0,2,2,H01,6,3,5,50,4,2,1,4,4,5,7,2,1,5,4,5,2,3,2,22,2,9,4,5,8,16,8,20,10,16,,67,15,1,22,9,121.6074898,25.05448692
111,10,13,21,3,2,11南港區,南港區興中路與南港路1段口,0,0,2,3,H01,6,3,5,50,4,2,1,4,4,5,7,2,1,5,4,5,2,3,2,22,2,9,4,5,8,16,8,20,10,16,,67,15,1,22,9,121.6074898,25.05448692
111,10,13,21,4,2,03中山區,中山區長春路210號,0,0,4,1,C03,6,3,5,50,14,7,1,4,4,5,7,4,4,9,5,4,2,16,1,56,2,9,1,1,7,10,1,10,1,13,,7,7,1,22,9,121.5374921,25.05473345
111,10,13,21,4,2,03中山區,中山區長春路210號,0,0,4,2,C03,6,3,5,50,14,7,1,4,4,5,7,4,4,9,5,4,2,16,1,25,2,9,1,1,7,9,1,10,1,11,,23,7,1,22,9,121.5374921,25.05473345
111,10,13,21,4,2,03中山區,中山區長春路210號,0,0,4,3,H02,6,3,5,50,14,7,1,4,4,5,7,4,4,9,5,4,2,16,2,53,2,1,1,1,7,21,8,20,1,16,,67,7,1,22,9,121.5374921,25.05473345
111,10,13,21,4,2,03中山區,中山區長春路210號,0,0,4,4,H02,6,3,5,50,14,7,1,4,4,5,7,4,4,9,5,4,2,16,2,24,2,7,1,1,7,21,8,20,1,16,,67,7,1,22,9,121.5374921,25.05473345
111,10,13,21,12,2,08士林區,士林區中山北路6段與天母東路口,0,0,1,1,B03,6,3,5,50,4,1,1,4,4,5,7,2,1,1,5,5,1,3,1,38,3,10,1,1,7,5,1,8,1,1,,15,8,1,22,9,121.5295526,25.1181943
111,10,13,21,12,2,08士林區,士林區中山北路6段與天母東路口,0,0,1,2,H01,6,3,5,50,4,1,1,4,4,5,7,2,1,1,5,5,1,3,2,27,2,9,4,5,8,16,8,20,10,16,,67,8,1,22,9,121.5295526,25.1181943
111,10,13,22,7,2,12內湖區,內湖區成功路3段61號附近側附近,0,0,1,1,B03,6,3,5,50,14,9,1,4,4,5,7,4,4,1,4,5,2,12,1,55,3,10,1,1,7,7,1,8,2,7,,7,7,1,22,9,121.590339,25.07639736
111,10,13,22,7,2,12內湖區,內湖區成功路3段61號附近側附近,0,0,1,2,C03,6,3,5,50,14,9,1,4,4,5,7,4,4,1,4,5,2,12,1,21,2,8,1,1,7,9,1,10,2,12,,44,7,1,22,9,121.590339,25.07639736
111,10,13,22,30,2,09北投區,北投區大度路3段與聖景路口,0,0,1,1,B03,6,3,5,50,4,1,1,4,4,5,7,2,1,1,4,5,2,17,1,32,3,10,1,1,7,9,1,8,2,1,,25,25,1,22,9,121.4644399,25.12382245
111,10,13,22,30,2,09北投區,北投區大度路3段與聖景路口,0,0,1,2,C03,6,3,5,50,4,1,1,4,4,5,7,2,1,1,4,5,2,17,1,17,2,9,1,1,7,9,2,18,2,12,,44,25,1,22,9,121.4644399,25.12382245
111,10,13,22,37,2,03中山區,中山區中山北路3段45號,0,0,1,1,C03,7,3,5,50,14,9,1,5,4,5,7,4,4,1,3,5,1,13,2,64,2,9,3,4,7,9,1,10,2,11,,23,23,1,22,9,121.5224653,25.06625565
111,10,13,22,37,2,03中山區,中山區中山北路3段45號,0,0,1,2,B03,7,3,5,50,14,9,1,5,4,5,7,4,4,1,3,5,1,13,1,49,3,10,3,4,7,13,6,18,9,7,,44,23,1,22,9,121.5224653,25.06625565