發生年度,發生月,發生日,發生時-Hours,發生分,處理別-編號,區序,肇事地點,死亡人數,2-30日死亡人數,受傷人數,當事人序號,車種,天候,光線,道路類別,速限-速度限制,道路型態,事故位置,路面狀況1,路面狀況2,路面狀況3,道路障礙1,道路障礙2,號誌1,號誌2,車道劃分-分向,車道劃分-分道1,車道劃分-分道2,車道劃分-分道3,事故類型及型態,性別,年齡,受傷程度,主要傷處,安全帽,行動電話,車輛用途,當事者行動狀態,駕駛資格情形,駕駛執照種類,飲酒情形,車輛撞擊部位1,車輛撞擊部位2,肇因碼-個別,肇因碼-主要,個人肇逃否,職業,旅次目的,座標-X,座標-Y
111,10,13,22,39,2,04大安區,大安區信義路4段與信義路4段400巷口,0,0,1,1,B03,6,3,5,30,3,2,1,4,4,5,7,4,4,1,4,5,2,16,4,,4,11,3,4,7,15,7,19,11,15,,43,43,2,22,9,121.55667,25.0330112
111,10,13,22,39,2,04大安區,大安區信義路4段與信義路4段400巷口,0,0,1,2,C03,6,3,5,30,3,2,1,4,4,5,7,4,4,1,4,5,2,16,1,36,2,9,1,4,7,9,1,10,9,12,,44,43,1,22,9,121.55667,25.0330112
111,10,13,23,16,2,03中山區,中山區北安路與北安路554巷口,0,0,1,1,C03,7,3,5,50,3,1,1,4,4,5,7,1,1,3,4,5,2,17,1,18,3,10,1,1,7,7,1,10,1,13,,7,7,1,22,9,121.5482242,25.08047921
111,10,13,23,16,2,03中山區,中山區北安路與北安路554巷口,0,0,1,2,C03,7,3,5,50,3,1,1,4,4,5,7,1,1,3,4,5,2,17,1,26,2,8,1,1,7,9,1,10,1,13,,26,7,1,22,9,121.5482242,25.08047921
111,10,13,23,16,2,03中山區,中山區北安路與北安路554巷口,0,0,1,3,B03,7,3,5,50,3,1,1,4,4,5,7,1,1,3,4,5,2,17,1,40,3,10,1,1,7,9,1,8,1,1,,16,7,1,22,9,121.5482242,25.08047921
111,10,13,23,43,2,01大同區,大同區環河北路1段與鄭州路口口,0,0,1,1,C03,6,3,5,50,4,1,1,4,4,5,7,2,1,8,3,5,2,12,1,21,3,10,1,1,7,6,1,10,1,15,,9,,1,22,9,121.5068594,25.05050068
111,10,13,23,43,2,01大同區,大同區環河北路1段與鄭州路口口,0,0,1,2,C03,6,3,5,50,4,1,1,4,4,5,7,2,1,8,3,5,2,12,1,67,2,9,1,1,7,9,1,10,1,15,,44,,1,22,9,121.5068594,25.05050068
111,10,13,23,47,2,10文山區,文山區木新路3段與興隆路4段口,0,0,1,1,B02,6,3,5,50,14,9,1,4,4,5,7,1,1,5,2,5,2,16,1,18,3,10,1,1,7,11,1,8,2,4,,10,10,1,22,9,121.5626908,24.9821701
111,10,13,23,47,2,10文山區,文山區木新路3段與興隆路4段口,0,0,1,2,C03,6,3,5,50,14,9,1,4,4,5,7,1,1,5,2,5,2,16,1,20,2,9,1,1,7,9,1,9,2,11,14,44,10,1,22,9,121.5626908,24.9821701
111,10,13,23,53,2,12內湖區,內湖區成功路4段與金龍路口,0,0,1,1,B01,6,3,5,50,4,1,1,4,4,5,7,1,1,1,4,5,2,3,1,34,3,10,1,1,7,5,1,4,2,8,,15,15,1,22,9,121.5950157,25.08417782
111,10,13,23,53,2,12內湖區,內湖區成功路4段與金龍路口,0,0,1,2,H01,6,3,5,50,4,1,1,4,4,5,7,1,1,1,4,5,2,3,2,34,2,9,4,5,8,16,8,20,10,16,,67,15,1,22,9,121.5950157,25.08417782
111,10,14,6,49,2,05中正區,中正區公園路與常德街口往北,0,0,2,1,H01,6,2,5,0,14,9,1,4,4,5,7,4,4,9,4,5,1,3,2,68,2,8,4,5,8,16,8,20,10,16,,67,67,1,22,9,121.5162817,25.0418839
111,10,14,6,49,2,05中正區,中正區公園路與常德街口往北,0,0,2,2,C03,6,2,5,0,14,9,1,4,4,5,7,4,4,9,4,5,1,3,2,61,2,9,1,1,7,9,1,10,2,11,,23,67,1,22,9,121.5162817,25.0418839
111,10,14,7,3,2,04大安區,大安區新生南路1段97巷與忠孝東路3段44巷口,0,0,1,1,C03,6,1,5,0,4,1,1,4,4,5,7,4,4,10,5,5,2,15,1,31,2,9,1,1,7,9,1,10,1,11,,6,6,1,22,9,121.5522915,25.03329796
111,10,14,7,3,2,04大安區,大安區新生南路1段97巷與忠孝東路3段44巷口,0,0,1,2,B03,6,1,5,0,4,1,1,4,4,5,7,4,4,10,5,5,2,15,1,60,3,10,1,1,7,9,1,8,1,8,,23,6,1,22,9,121.5522915,25.03329796
111,10,14,7,10,2,10文山區,文山區興隆路4段與木柵路2段口,0,0,1,2,C03,6,1,5,30,4,1,1,4,4,5,7,1,1,1,4,5,2,16,2,29,2,9,1,1,7,9,1,10,1,14,,44,9,1,22,9,121.5602844,24.9886382
111,10,14,7,10,2,10文山區,文山區興隆路4段與木柵路2段口,0,0,1,1,B03,6,1,5,30,4,1,1,4,4,5,7,1,1,1,4,5,2,16,1,25,3,10,1,1,7,6,1,8,1,2,,9,9,1,22,9,121.5602844,24.9886382
111,10,14,7,25,2,05中正區,中正區南陽街與信陽街口,0,0,1,1,C03,6,3,5,50,4,1,1,4,4,5,7,4,4,10,5,5,2,12,1,37,3,10,1,1,7,6,1,10,1,12,,44,44,1,22,9,121.5161146,25.04462114
111,10,14,7,25,2,05中正區,中正區南陽街與信陽街口,0,0,1,2,C03,6,3,5,50,4,1,1,4,4,5,7,4,4,10,5,5,2,12,1,19,2,8,1,1,7,9,1,10,1,14,,44,44,1,22,9,121.5161146,25.04462114
111,10,14,7,30,2,08士林區,士林區文林路653-2號,0,0,3,1,B01,7,1,5,50,14,9,1,5,4,5,7,4,4,5,5,5,1,11,1,20,2,9,1,1,7,7,1,8,1,1,,4,4,1,22,9,121.5227082,25.10060793
111,10,14,7,30,2,08士林區,士林區文林路653-2號,0,0,3,2,B03,7,1,5,50,14,9,1,5,4,5,7,4,4,5,5,5,1,11,2,41,2,7,1,1,7,9,1,8,1,1,,44,4,1,22,9,121.5227082,25.10060793
111,10,14,7,30,2,08士林區,士林區文林路653-2號,0,0,3,3,H02,7,1,5,50,14,9,1,5,4,5,7,4,4,5,5,5,1,11,1,48,2,3,1,5,7,21,8,20,10,16,,67,4,1,22,9,121.5227082,25.10060793
111,10,14,7,55,2,08士林區,士林區天母東路105巷16弄與中山北路7段114巷72弄口,0,0,2,1,B03,6,1,5,30,3,1,1,4,4,5,2,4,4,10,5,5,2,17,2,43,3,10,3,4,7,5,1,8,1,8,,43,43,1,22,9,121.5359432,25.12010291
111,10,14,7,55,2,08士林區,士林區天母東路105巷16弄與中山北路7段114巷72弄口,0,0,2,2,C03,6,1,5,30,3,1,1,4,4,5,2,4,4,10,5,5,2,17,2,43,2,9,1,4,7,6,1,10,1,12,,43,43,1,22,9,121.5359432,25.12010291
111,10,14,7,55,2,08士林區,士林區天母東路105巷16弄與中山北路7段114巷72弄口,0,0,2,3,H02,6,1,5,30,3,1,1,4,4,5,2,4,4,10,5,5,2,17,2,7,2,9,1,5,7,20,8,20,10,16,,67,43,1,22,9,121.5359432,25.12010291
111,10,14,8,17,2,06松山區,松山區光復北路152號,0,0,1,1,B03,6,1,5,30,14,9,1,4,4,5,7,2,1,9,4,5,2,2,1,45,3,10,1,1,7,5,1,8,1,8,,15,15,1,22,9,121.5570042,25.0525897
111,10,14,8,17,2,06松山區,松山區光復北路152號,0,0,1,2,H01,6,1,5,30,14,9,1,4,4,5,7,2,1,9,4,5,2,2,2,39,2,1,4,5,8,16,8,20,1,16,,67,15,1,22,9,121.5570042,25.0525897
111,10,14,8,25,2,05中正區,中正區濟南路2段9號,0,0,1,1,B03,6,1,5,50,14,9,1,4,4,5,7,4,4,8,4,5,2,17,1,46,3,10,1,1,7,14,1,8,1,4,,40,40,1,22,9,121.5271804,25.04135337
111,10,14,8,25,2,05中正區,中正區濟南路2段9號,0,0,1,2,C03,6,1,5,50,14,9,1,4,4,5,7,4,4,8,4,5,2,17,1,20,2,9,1,1,7,9,1,10,1,12,,44,40,1,22,9,121.5271804,25.04135337
111,10,14,8,27,2,09北投區,北投區西安街1段與西安街1段281巷口,0,0,2,1,C03,7,1,5,50,4,1,1,5,4,5,7,1,1,5,4,5,2,16,1,60,2,9,1,1,7,8,1,10,1,12,,7,7,1,22,9,121.5168303,25.1120515
111,10,14,8,27,2,09北投區,北投區西安街1段與西安街1段281巷口,0,0,2,2,C03,7,1,5,50,4,1,1,5,4,5,7,1,1,5,4,5,2,16,1,20,2,9,1,1,7,9,1,10,1,14,,13,7,1,22,9,121.5168303,25.1120515
111,10,14,8,30,2,07信義區,信義區嘉興街216巷7號,0,0,1,1,A12,6,1,5,30,11,9,1,4,4,5,7,4,4,9,4,5,1,9,1,43,3,10,1,1,7,9,1,3,1,2,,23,42,1,22,9,121.5564122,25.0269862
111,10,14,8,30,2,07信義區,信義區嘉興街216巷7號,0,0,1,2,H01,6,1,5,30,11,9,1,4,4,5,7,4,4,9,4,5,1,9,1,70,2,8,4,5,8,16,8,20,1,16,,67,42,1,22,9,121.5564122,25.0269862
111,10,14,8,30,2,07信義區,信義區嘉興街216巷7號,0,0,1,3,C03,6,1,5,30,11,9,1,4,4,5,7,4,4,9,4,5,1,9,1,27,3,10,1,1,7,13,1,10,1,13,,44,42,1,22,9,121.5564122,25.0269862
111,10,14,8,47,2,08士林區,士林區基河路15號,0,0,1,1,B03,8,1,5,30,14,9,1,5,4,5,7,4,4,5,4,5,2,16,1,38,3,10,3,4,7,11,1,8,1,4,,10,10,1,22,9,121.5245641,25.08679602
111,10,14,8,47,2,08士林區,士林區基河路15號,0,0,1,2,C03,8,1,5,30,14,9,1,5,4,5,7,4,4,5,4,5,2,16,2,32,2,9,3,4,7,4,1,10,1,12,,23,10,1,22,9,121.5245641,25.08679602
111,10,14,9,0,2,04大安區,大安區忠孝東路4段53號,0,0,1,1,B03,6,1,5,50,14,9,1,4,4,5,7,4,4,9,4,5,1,12,1,62,3,10,1,4,7,8,1,8,1,3,,7,7,1,22,9,121.5455667,25.0416935
111,10,14,9,0,2,04大安區,大安區忠孝東路4段53號,0,0,1,2,C03,6,1,5,50,14,9,1,4,4,5,7,4,4,9,4,5,1,12,2,33,2,9,1,4,7,9,1,10,1,14,,44,7,1,22,9,121.5455667,25.0416935
111,10,14,9,0,2,04大安區,大安區忠孝東路4段53號,0,0,1,3,C03,6,1,5,50,14,9,1,4,4,5,7,4,4,9,4,5,1,12,2,38,3,10,1,4,7,9,1,9,1,12,,16,7,1,22,9,121.5455667,25.0416935
111,10,14,9,10,2,03中山區,中山區吉林路與四平街口,0,0,1,1,C03,7,1,5,50,3,2,1,5,4,5,7,1,1,5,4,4,2,17,1,23,2,9,1,1,7,9,1,10,1,14,,23,23,1,22,9,121.5301151,25.05363059
111,10,14,9,10,2,03中山區,中山區吉林路與四平街口,0,0,1,2,C03,7,1,5,50,3,2,1,5,4,5,7,1,1,5,4,4,2,17,2,31,3,10,1,1,7,5,1,10,1,15,,8,23,1,22,9,121.5301151,25.05363059
111,10,14,9,15,2,10文山區,文山區辛亥路7段與光輝路50巷口,0,0,1,1,C03,6,1,5,50,3,2,1,4,4,5,7,2,1,5,5,4,2,18,1,63,2,9,1,1,7,12,1,10,1,11,,42,42,1,22,9,121.554175,24.9848708
111,10,14,9,15,2,10文山區,文山區辛亥路7段與光輝路50巷口,0,0,1,2,,6,1,5,50,3,2,1,4,4,5,7,2,1,5,5,4,2,18,3,,,,,,,,,,,,,67,42,1,,,121.554175,24.9848708
111,10,14,9,32,2,03中山區,中山區北安路與敬業二路口,0,0,1,1,B02,8,1,5,50,3,2,1,5,4,5,7,4,4,10,4,5,1,17,1,44,3,10,1,1,7,6,1,8,1,2,,9,9,1,22,9,121.5544049,25.085121
111,10,14,9,32,2,03中山區,中山區北安路與敬業二路口,0,0,1,2,C03,8,1,5,50,3,2,1,5,4,5,7,4,4,10,4,5,1,17,1,38,2,9,1,1,7,9,1,10,1,14,,44,9,1,22,9,121.5544049,25.085121
111,10,14,9,42,2,07信義區,信義區市民大道6段與虎林街口,0,0,2,1,C03,7,1,5,50,4,1,1,5,4,5,7,1,1,10,4,5,1,13,2,18,2,9,3,4,7,9,1,10,1,11,,23,23,1,22,9,121.575828,25.0491544
111,10,14,9,42,2,07信義區,信義區市民大道6段與虎林街口,0,0,2,2,C03,7,1,5,50,4,1,1,5,4,5,7,1,1,10,4,5,1,13,2,24,2,9,3,4,7,14,1,10,1,13,,44,23,1,22,9,121.575828,25.0491544
111,10,14,10,45,2,12內湖區,內湖區康寧路3段16巷與康寧路3段口,0,0,2,1,C03,7,1,5,50,3,1,1,5,4,1,7,2,1,1,4,5,2,16,2,63,2,8,1,1,7,6,1,10,1,11,,23,23,1,22,9,121.6068756,25.07270968
111,10,14,10,45,2,12內湖區,內湖區康寧路3段16巷與康寧路3段口,0,0,2,2,C03,7,1,5,50,3,1,1,5,4,1,7,2,1,1,4,5,2,16,1,21,2,8,1,1,7,7,1,9,1,14,,7,23,1,22,9,121.6068756,25.07270968
111,10,14,10,54,2,08士林區,士林區雨農路與忠勇街口,0,0,1,1,C03,8,1,5,50,5,2,1,5,4,5,7,1,1,5,4,5,2,17,1,41,2,9,1,1,7,7,1,10,2,14,,7,7,1,22,9,121.5323818,25.09834373
111,10,14,10,54,2,08士林區,士林區雨農路與忠勇街口,0,0,1,2,B02,8,1,5,50,5,2,1,5,4,5,7,1,1,5,4,5,2,17,1,39,3,10,1,1,7,9,1,8,2,2,,44,7,1,22,9,121.5323818,25.09834373
111,10,14,11,8,2,04大安區,大安區辛亥路3段往西方向,0,0,1,1,B03,8,1,5,50,14,9,1,5,4,5,7,2,1,8,3,5,1,17,1,25,3,10,1,1,7,15,1,8,1,5,,23,23,1,5,8,121.5525627,25.01482477
111,10,14,11,8,2,04大安區,大安區辛亥路3段往西方向,0,0,1,2,C03,8,1,5,50,14,9,1,5,4,5,7,2,1,8,3,5,1,17,1,32,2,8,1,1,7,3,1,10,1,13,,18,23,1,5,1,121.5525627,25.01482477
111,10,14,11,35,2,04大安區,大安區和平東路2段與新生南路2段口,0,0,1,1,C03,7,1,5,50,4,2,1,5,4,5,7,2,1,8,3,5,1,13,2,45,2,3,1,3,7,12,1,10,1,11,,16,16,1,12,1,121.5351428,25.02605521
111,10,14,11,35,2,04大安區,大安區和平東路2段與新生南路2段口,0,0,1,2,C03,7,1,5,50,4,2,1,5,4,5,7,2,1,8,3,5,1,13,2,48,3,10,1,1,7,14,1,10,1,13,,44,16,1,21,8,121.5351428,25.02605521
111,10,14,11,44,2,02萬華區,萬華區中興橋往台北市機車道,0,0,2,1,C03,8,1,5,40,8,11,1,5,4,5,7,4,4,10,5,5,2,17,1,19,3,10,1,1,7,4,1,10,9,15,,1,1,1,22,9,121.5006102,25.04443751
111,10,14,11,44,2,02萬華區,萬華區中興橋往台北市機車道,0,0,2,2,C03,8,1,5,40,8,11,1,5,4,5,7,4,4,10,5,5,2,17,1,23,2,7,1,1,7,9,1,10,9,14,,13,1,1,22,9,121.5006102,25.04443751
111,10,14,11,44,2,02萬華區,萬華區中興橋往台北市機車道,0,0,2,3,H02,8,1,5,40,8,11,1,5,4,5,7,4,4,10,5,5,2,17,2,24,2,8,4,5,7,20,8,20,10,16,,67,1,1,22,9,121.5006102,25.04443751
111,10,14,11,46,2,09北投區,北投區承德路7段與文林北路口口,0,0,2,1,C03,7,1,5,60,3,1,1,5,4,5,7,1,1,1,4,4,2,16,1,39,2,9,1,1,7,8,1,10,1,12,,7,7,1,22,9,121.5112,25.1106101
111,10,14,11,46,2,09北投區,北投區承德路7段與文林北路口口,0,0,2,2,C03,7,1,5,60,3,1,1,5,4,5,7,1,1,1,4,4,2,16,1,27,2,9,1,1,7,9,1,10,1,11,,44,7,1,22,9,121.5112,25.1106101
111,10,14,12,7,2,04大安區,大安區敦化南路2段與四維路170巷口,0,0,1,1,B03,8,1,5,50,14,9,1,4,4,5,7,1,1,1,5,5,1,12,1,47,3,10,1,1,7,7,1,8,1,4,,7,7,1,22,9,121.548543,25.0281912
111,10,14,12,7,2,04大安區,大安區敦化南路2段與四維路170巷口,0,0,1,2,C03,8,1,5,50,14,9,1,4,4,5,7,1,1,1,5,5,1,12,1,43,2,9,1,1,7,9,1,10,1,11,,44,7,1,22,9,121.548543,25.0281912
111,10,14,12,16,2,04大安區,大安區和平東路1段274號,0,0,1,1,B03,8,1,5,50,14,9,1,5,4,5,7,2,1,8,3,5,1,16,1,37,3,10,1,1,7,8,1,8,1,5,,7,,1,22,9,121.5344415,25.0260358
111,10,14,12,16,2,04大安區,大安區和平東路1段274號,0,0,1,2,C03,8,1,5,50,14,9,1,5,4,5,7,2,1,8,3,5,1,16,2,43,2,9,1,1,7,9,1,10,1,14,,23,,1,22,9,121.5344415,25.0260358
111,10,14,12,22,2,04大安區,大安區師大路11號旁,0,0,2,1,C03,8,1,5,50,11,9,1,5,4,5,7,4,4,8,3,5,1,17,1,21,2,7,1,1,7,11,1,10,1,12,,11,11,1,18,5,121.5284177,25.02526392
111,10,14,12,22,2,04大安區,大安區師大路11號旁,0,0,2,2,C03,8,1,5,50,11,9,1,5,4,5,7,4,4,8,3,5,1,17,1,41,2,7,1,1,7,9,1,10,1,11,,23,11,1,5,3,121.5284177,25.02526392
111,10,14,12,38,2,09北投區,北投區大度路3段296巷與大度路3段口,0,0,1,1,B03,7,1,5,30,4,1,1,5,4,5,7,3,1,10,5,5,2,15,2,58,3,10,1,1,7,9,1,8,2,1,,6,6,1,22,9,121.4663695,25.1234846
111,10,14,12,38,2,09北投區,北投區大度路3段296巷與大度路3段口,0,0,1,2,C03,7,1,5,30,4,1,1,5,4,5,7,3,1,10,5,5,2,15,1,21,2,9,1,1,7,9,1,10,2,12,,23,6,1,22,9,121.4663695,25.1234846
111,10,14,12,40,2,04大安區,大安區忠孝東路4段與復興南路1段口,0,0,1,1,B03,7,1,5,50,4,2,1,5,4,5,7,1,1,1,4,4,2,16,1,53,3,10,3,4,7,6,1,8,1,2,,9,9,1,22,9,121.5439747,25.0415627
111,10,14,12,40,2,04大安區,大安區忠孝東路4段與復興南路1段口,0,0,1,2,G06,7,1,5,50,4,2,1,5,4,5,7,1,1,1,4,4,2,16,2,60,2,9,1,1,7,9,7,19,1,15,,23,9,1,22,9,121.5439747,25.0415627
111,10,14,12,41,2,01大同區,大同區民權西路與蘭州街口,0,0,1,1,B03,8,1,5,50,4,1,1,5,4,5,7,1,1,1,4,5,2,17,1,47,3,10,1,1,7,5,1,8,3,7,,8,8,1,22,9,121.5147988,25.0630835
111,10,14,12,41,2,01大同區,大同區民權西路與蘭州街口,0,0,1,2,C03,8,1,5,50,4,1,1,5,4,5,7,1,1,1,4,5,2,17,1,43,2,9,1,1,7,9,1,9,2,11,,13,8,1,22,9,121.5147988,25.0630835
111,10,14,12,44,2,01大同區,大同區延平北路4段北往南(汙水處理廠旁),0,0,1,1,B03,7,1,5,50,14,9,1,5,4,5,7,1,1,5,4,5,2,12,1,53,3,10,3,4,7,9,1,8,1,5,,23,23,1,22,9,121.5115663,25.0744776
111,10,14,12,44,2,01大同區,大同區延平北路4段北往南(汙水處理廠旁),0,0,1,2,C03,7,1,5,50,14,9,1,5,4,5,7,1,1,5,4,5,2,12,2,27,3,10,3,4,7,7,1,10,1,14,,7,23,1,22,9,121.5115663,25.0744776
111,10,14,12,44,2,01大同區,大同區延平北路4段北往南(汙水處理廠旁),0,0,1,3,H02,7,1,5,50,14,9,1,5,4,5,7,1,1,5,4,5,2,12,2,51,2,7,4,5,7,21,8,20,10,16,,67,23,1,22,9,121.5115663,25.0744776
111,10,14,12,59,2,07信義區,信義區永吉路127巷11弄與永吉路127巷口,0,0,1,1,B03,7,1,5,30,4,1,1,4,4,5,7,4,4,9,4,5,2,15,2,63,3,10,1,1,7,9,1,8,2,1,,26,26,1,22,9,121.5703768,25.04622566
111,10,14,12,59,2,07信義區,信義區永吉路127巷11弄與永吉路127巷口,0,0,1,2,C03,7,1,5,30,4,1,1,4,4,5,7,4,4,9,4,5,2,15,1,30,2,7,1,1,7,9,1,10,2,12,,14,26,1,22,9,121.5703768,25.04622566
111,10,14,13,5,2,12內湖區,內湖區永保街與安康路93巷口口,0,0,1,1,B03,7,1,5,40,3,1,1,4,4,5,7,4,4,10,5,5,2,16,1,63,3,10,1,1,7,11,1,8,2,5,,10,10,1,22,9,121.5971501,25.063169
111,10,14,13,5,2,12內湖區,內湖區永保街與安康路93巷口口,0,0,1,2,C03,7,1,5,40,3,1,1,4,4,5,7,4,4,10,5,5,2,16,1,39,2,7,1,1,7,9,1,10,2,14,,44,10,1,22,9,121.5971501,25.063169
111,10,14,13,5,2,12內湖區,內湖區永保街與安康路93巷口口,0,0,1,3,C03,7,1,5,40,3,1,1,4,4,5,7,4,4,10,5,5,2,16,1,33,4,11,3,4,7,15,7,19,11,12,,44,10,1,22,9,121.5971501,25.063169
111,10,14,13,10,2,11南港區,南港區市民大道7段與昆陽街口,0,0,1,1,C03,7,1,5,30,4,2,1,5,4,5,7,2,1,9,4,5,2,15,1,61,2,9,1,1,7,9,1,10,1,11,,25,25,1,22,9,121.5937361,25.0512126
111,10,14,13,10,2,11南港區,南港區市民大道7段與昆陽街口,0,0,1,2,B03,7,1,5,30,4,2,1,5,4,5,7,2,1,9,4,5,2,15,1,34,3,10,1,1,7,9,1,15,1,4,,44,25,1,22,9,121.5937361,25.0512126
111,10,14,14,10,2,10文山區,文山區木新路1段與指南路1段口,0,0,2,1,C03,6,1,5,50,4,1,1,4,4,5,7,2,1,5,5,5,2,17,2,18,2,8,1,1,7,5,1,10,1,11,,6,6,1,22,9,121.5707175,24.9877152
111,10,14,14,10,2,10文山區,文山區木新路1段與指南路1段口,0,0,2,2,C03,6,1,5,50,4,1,1,4,4,5,7,2,1,5,5,5,2,17,2,24,2,8,1,1,7,9,1,10,1,11,,44,6,1,22,9,121.5707175,24.9877152
111,10,14,15,10,2,10文山區,文山區木柵路1段與木柵路1段89巷口,0,0,1,1,C03,7,1,5,50,4,2,1,4,4,5,7,2,1,5,4,5,2,16,1,20,2,8,1,1,7,11,1,10,1,11,,10,10,1,22,9,121.5474284,24.9870192
111,10,14,15,10,2,10文山區,文山區木柵路1段與木柵路1段89巷口,0,0,1,2,C03,7,1,5,50,4,2,1,4,4,5,7,2,1,5,4,5,2,16,1,19,3,10,1,1,7,9,1,10,1,11,,13,10,1,22,9,121.5474284,24.9870192
111,10,14,15,30,2,05中正區,中正區愛國東路與寧波東街口,0,0,1,1,C03,7,1,5,50,3,1,1,5,4,5,7,1,1,1,4,4,2,16,2,26,3,10,1,1,7,9,1,10,1,11,,25,25,1,22,9,121.5204425,25.03326776
111,10,14,15,30,2,05中正區,中正區愛國東路與寧波東街口,0,0,1,2,C03,7,1,5,50,3,1,1,5,4,5,7,1,1,1,4,4,2,16,2,22,2,8,1,1,7,11,1,10,1,13,,25,25,1,22,9,121.5204425,25.03326776
111,10,14,15,32,2,03中山區,中山區中山北路1段與長安西路口,0,0,1,1,B03,7,1,5,50,4,1,1,5,4,5,7,1,1,1,4,5,2,16,2,32,3,10,3,4,7,6,1,8,1,5,,9,9,1,22,9,121.5214807,25.04986185
111,10,14,15,32,2,03中山區,中山區中山北路1段與長安西路口,0,0,1,2,C03,7,1,5,50,4,1,1,5,4,5,7,1,1,1,4,5,2,16,1,33,2,8,1,1,7,9,1,10,1,14,,17,9,1,22,9,121.5214807,25.04986185
111,10,14,15,50,2,02萬華區,萬華區光復橋往台北市下橋路段(燈桿003014),0,0,2,1,C03,7,1,5,50,8,9,1,5,4,5,1,4,4,10,5,5,2,17,1,21,2,9,1,1,7,15,3,18,1,11,,23,23,1,22,9,121.4909725,25.02450851
111,10,14,15,50,2,02萬華區,萬華區光復橋往台北市下橋路段(燈桿003014),0,0,2,2,C03,7,1,5,50,8,9,1,5,4,5,1,4,4,10,5,5,2,17,1,19,2,8,1,1,7,12,1,10,1,11,,44,23,1,22,9,121.4909725,25.02450851
111,10,14,15,50,2,02萬華區,萬華區光復橋往台北市下橋路段(燈桿003014),0,0,2,3,,7,1,5,50,8,9,1,5,4,5,1,4,4,10,5,5,2,17,3,,,,,,,,,,,,,67,23,1,,,121.4909725,25.02450851
111,10,14,15,59,2,08士林區,士林區承德路5段62號,0,0,1,1,B03,7,1,5,50,14,12,1,5,4,5,7,4,4,10,5,5,1,17,1,73,3,10,1,1,7,1,1,8,2,8,,19,19,1,22,9,121.5149278,25.09327774
111,10,14,15,59,2,08士林區,士林區承德路5段62號,0,0,1,2,C03,7,1,5,50,14,12,1,5,4,5,7,4,4,10,5,5,1,17,2,54,2,9,1,1,7,9,1,10,2,12,,44,19,1,22,9,121.5149278,25.09327774
111,10,14,16,7,2,07信義區,信義區吳興街263號,0,0,1,1,F01,8,1,5,30,14,9,1,5,4,5,7,4,4,10,5,5,1,18,1,42,2,9,2,1,7,9,8,20,9,16,,42,42,1,22,9,121.5638289,25.02693518
111,10,14,16,7,2,07信義區,信義區吳興街263號,0,0,1,2,,8,1,5,30,14,9,1,5,4,5,7,4,4,10,5,5,1,18,3,,,,,,,,,,,,,67,42,1,,,121.5638289,25.02693518
111,10,14,17,15,2,08士林區,士林區承德路4段與福港街口,0,0,1,1,B12,7,1,5,50,4,1,1,5,4,5,7,1,1,1,5,5,1,11,1,26,3,10,1,1,7,5,1,8,1,6,,8,8,1,22,9,121.5184109,25.08980313
111,10,14,17,15,2,08士林區,士林區承德路4段與福港街口,0,0,1,2,C03,7,1,5,50,4,1,1,5,4,5,7,1,1,1,5,5,1,11,1,21,2,9,1,1,7,9,1,10,1,11,,13,8,1,22,9,121.5184109,25.08980313
111,10,14,17,30,2,03中山區,中山區市民大道3段與八德路2段300巷口,0,0,1,1,C03,8,2,5,40,3,1,1,5,4,5,7,4,4,1,4,5,2,12,1,18,3,10,1,1,7,8,1,10,1,12,,7,7,1,22,9,121.5429042,25.04485529
111,10,14,17,30,2,03中山區,中山區市民大道3段與八德路2段300巷口,0,0,1,2,C03,8,2,5,40,3,1,1,5,4,5,7,4,4,1,4,5,2,12,2,42,2,8,1,1,7,9,1,10,1,14,,44,7,1,22,9,121.5429042,25.04485529
111,10,14,17,37,2,04大安區,大安區辛亥路2段與復興南路2段口,0,0,1,1,C03,6,3,5,50,3,2,1,4,4,5,7,2,1,1,4,5,2,12,1,58,3,10,1,1,7,6,1,10,2,12,,17,17,1,22,9,121.5436354,25.0214953
111,10,14,17,37,2,04大安區,大安區辛亥路2段與復興南路2段口,0,0,1,2,C03,6,3,5,50,3,2,1,4,4,5,7,2,1,1,4,5,2,12,1,21,2,8,1,1,7,14,1,10,2,14,,44,17,1,22,9,121.5436354,25.0214953
111,10,14,17,51,2,03中山區,中山區龍江路與龍江路76巷口,0,0,1,1,B03,7,3,5,50,4,1,1,4,4,5,7,4,4,9,5,5,2,12,1,26,3,10,1,1,7,6,1,8,1,5,,6,6,1,22,9,121.5404101,25.0513436
111,10,14,17,51,2,03中山區,中山區龍江路與龍江路76巷口,0,0,1,2,C03,7,3,5,50,4,1,1,4,4,5,7,4,4,9,5,5,2,12,1,27,2,9,1,1,7,9,1,10,1,14,,23,6,1,22,9,121.5404101,25.0513436
111,10,14,18,0,2,09北投區,北投區中央北路2段與新興路口,0,0,1,1,C03,6,3,5,50,4,2,1,4,4,5,7,2,1,5,4,5,2,13,1,47,2,9,1,1,7,9,1,10,1,11,,16,16,1,22,9,121.4869974,25.1383478
111,10,14,18,0,2,09北投區,北投區中央北路2段與新興路口,0,0,1,2,B03,6,3,5,50,4,2,1,4,4,5,7,2,1,5,4,5,2,13,1,47,3,10,1,1,7,14,1,8,1,6,,44,16,1,22,9,121.4869974,25.1383478