發生年度,發生月,發生日,發生時-Hours,發生分,處理別-編號,區序,肇事地點,死亡人數,2-30日死亡人數,受傷人數,當事人序號,車種,天候,光線,道路類別,速限-速度限制,道路型態,事故位置,路面狀況1,路面狀況2,路面狀況3,道路障礙1,道路障礙2,號誌1,號誌2,車道劃分-分向,車道劃分-分道1,車道劃分-分道2,車道劃分-分道3,事故類型及型態,性別,年齡,受傷程度,主要傷處,安全帽,行動電話,車輛用途,當事者行動狀態,駕駛資格情形,駕駛執照種類,飲酒情形,車輛撞擊部位1,車輛撞擊部位2,肇因碼-個別,肇因碼-主要,個人肇逃否,職業,旅次目的,座標-X,座標-Y
111,10,14,18,3,2,05中正區,中正區重慶南路1段與漢口街1段口,0,0,1,1,C03,7,3,5,50,4,1,1,4,4,5,7,1,1,10,4,5,2,16,1,35,3,10,1,1,7,6,1,10,2,12,,9,9,1,22,9,121.5132164,25.04516473
111,10,14,18,3,2,05中正區,中正區重慶南路1段與漢口街1段口,0,0,1,2,C03,7,3,5,50,4,1,1,4,4,5,7,1,1,10,4,5,2,16,1,40,2,8,1,1,7,9,1,10,2,14,,44,9,1,22,9,121.5132164,25.04516473
111,10,14,18,4,2,06松山區,松山區三民路與富錦街口,0,0,1,1,C03,7,3,5,50,4,2,1,5,4,5,7,2,1,1,4,5,2,16,1,31,2,8,1,4,7,6,1,10,1,11,,9,9,1,22,9,121.5631591,25.06094425
111,10,14,18,4,2,06松山區,松山區三民路與富錦街口,0,0,1,2,B03,7,3,5,50,4,2,1,5,4,5,7,2,1,1,4,5,2,16,1,62,3,10,1,4,7,1,1,8,1,8,,19,9,1,22,9,121.5631591,25.06094425
111,10,14,18,37,2,05中正區,中正區重慶南路1段與愛國西路口,0,0,1,1,C03,7,3,5,50,4,1,1,5,4,5,7,1,1,8,3,5,2,15,1,19,3,10,1,1,7,9,1,10,2,12,,25,25,1,22,9,121.5125527,25.0355377
111,10,14,18,37,2,05中正區,中正區重慶南路1段與愛國西路口,0,0,1,2,C03,7,3,5,50,4,1,1,5,4,5,7,1,1,8,3,5,2,15,2,51,2,9,1,1,7,9,1,10,2,11,,44,25,1,22,9,121.5125527,25.0355377
111,10,14,18,45,2,12內湖區,內湖區新明路22號前,0,0,1,1,B03,6,3,5,50,14,9,1,4,4,5,7,4,4,5,4,5,2,17,1,58,4,11,3,4,7,15,7,19,11,15,,26,26,2,22,9,121.5908683,25.06041466
111,10,14,18,45,2,12內湖區,內湖區新明路22號前,0,0,1,2,C03,6,3,5,50,14,9,1,4,4,5,7,4,4,5,4,5,2,17,1,42,2,9,1,1,7,9,1,10,2,14,,44,26,1,22,9,121.5908683,25.06041466
111,10,14,18,50,2,03中山區,中山區天祥路與撫順街口,0,0,1,1,B03,6,3,5,50,4,1,1,4,4,5,7,4,4,9,5,5,2,3,2,39,3,10,1,1,7,5,1,8,1,8,,15,15,1,22,9,121.5207214,25.06361582
111,10,14,18,50,2,03中山區,中山區天祥路與撫順街口,0,0,1,2,H01,6,3,5,50,4,1,1,4,4,5,7,4,4,9,5,5,2,3,2,27,2,8,1,5,8,16,8,20,10,16,,67,15,1,22,9,121.5207214,25.06361582
111,10,14,19,5,2,12內湖區,內湖區內湖路1段203巷與內湖路1段口口,0,0,1,1,B03,6,1,5,30,4,1,1,4,4,5,7,1,1,1,4,4,1,1,1,37,3,10,3,4,7,6,1,8,1,5,,15,15,1,22,9,121.5635794,25.0834621
111,10,14,19,5,2,12內湖區,內湖區內湖路1段203巷與內湖路1段口口,0,0,1,2,H01,6,1,5,30,4,1,1,4,4,5,7,1,1,1,4,4,1,1,2,46,2,8,4,5,8,16,8,20,10,16,,67,15,1,22,9,121.5635794,25.0834621
111,10,14,19,12,2,03中山區,中山區松江路與松江路25巷口,0,0,2,2,C03,7,3,5,50,4,1,1,5,4,5,7,1,1,3,4,5,2,12,2,46,2,9,1,1,7,7,1,10,1,14,,7,43,1,22,9,121.5330288,25.0470551
111,10,14,19,12,2,03中山區,中山區松江路與松江路25巷口,0,0,2,1,,7,3,5,50,4,1,1,5,4,5,7,1,1,3,4,5,2,12,4,,4,11,3,4,7,15,7,19,11,15,,43,43,2,22,9,121.5330288,25.0470551
111,10,14,19,12,2,03中山區,中山區松江路與松江路25巷口,0,0,2,3,H02,7,3,5,50,4,1,1,5,4,5,7,1,1,3,4,5,2,12,2,44,2,9,1,5,7,20,8,20,10,16,,67,43,1,22,9,121.5330288,25.0470551
111,10,14,19,15,2,03中山區,中山區中山北路3段與農安街口,0,0,1,1,B01,6,3,5,50,4,1,1,4,4,5,7,1,1,1,4,5,2,13,1,61,3,10,1,1,7,5,1,4,1,8,,23,23,1,21,8,121.5221794,25.06487889
111,10,14,19,15,2,03中山區,中山區中山北路3段與農安街口,0,0,1,2,C03,6,3,5,50,4,1,1,4,4,5,7,1,1,1,4,5,2,13,1,28,2,9,1,1,7,14,1,10,1,13,,44,23,1,21,8,121.5221794,25.06487889
111,10,14,19,21,2,04大安區,大安區信義路3段147巷農會停車場出口,0,0,1,1,B03,8,3,5,30,14,9,1,5,4,5,7,4,4,9,4,5,2,17,1,54,3,10,1,1,7,1,1,8,1,1,,19,19,1,22,9,121.5419895,25.03678336
111,10,14,19,21,2,04大安區,大安區信義路3段147巷農會停車場出口,0,0,1,2,C03,8,3,5,30,14,9,1,5,4,5,7,4,4,9,4,5,2,17,1,43,2,9,1,1,7,9,1,10,1,12,,44,19,1,22,9,121.5419895,25.03678336
111,10,14,19,31,2,11南港區,南港區南港路1段與興華路口,0,0,1,1,A02,6,3,5,50,4,1,1,4,4,5,6,2,1,5,4,5,2,17,1,56,3,10,1,4,7,10,1,2,2,7,,7,7,1,22,9,121.6062081,25.0542667
111,10,14,19,31,2,11南港區,南港區南港路1段與興華路口,0,0,1,2,C03,6,3,5,50,4,1,1,4,4,5,6,2,1,5,4,5,2,17,1,19,2,9,1,4,7,9,1,10,2,11,,23,7,1,22,9,121.6062081,25.0542667
111,10,14,19,31,2,11南港區,南港區南港路1段與興華路口,0,0,1,3,B01,6,3,5,50,4,1,1,4,4,5,6,2,1,5,4,5,2,17,1,59,3,10,1,4,7,14,1,8,2,6,,44,7,1,22,9,121.6062081,25.0542667
111,10,14,20,28,2,06松山區,松山區民族東路679號,0,0,1,1,B03,6,3,5,30,14,9,1,4,4,5,7,4,4,10,5,5,2,1,1,30,3,10,1,4,7,9,1,8,1,2,,23,23,1,22,9,121.5478225,25.06371264
111,10,14,20,28,2,06松山區,松山區民族東路679號,0,0,1,2,H01,6,3,5,30,14,9,1,4,4,5,7,4,4,10,5,5,2,1,2,45,2,9,4,5,8,16,8,20,10,16,,60,23,1,22,9,121.5478225,25.06371264
111,10,14,20,45,2,10文山區,文山區興隆路2段與興隆路2段220巷口,0,0,1,1,C03,6,3,5,50,4,1,1,4,4,5,7,2,1,1,4,5,2,17,1,33,2,9,1,1,7,9,1,10,1,12,,42,42,1,22,9,121.5526708,25.00143518
111,10,14,20,45,2,10文山區,文山區興隆路2段與興隆路2段220巷口,0,0,1,2,B01,6,3,5,50,4,1,1,4,4,5,7,2,1,1,4,5,2,17,1,67,3,10,1,1,7,8,1,4,1,15,,7,42,1,22,9,121.5526708,25.00143518
111,10,14,20,50,2,07信義區,信義區松仁路200號,0,0,1,1,C03,6,3,5,50,14,7,1,4,4,5,7,4,4,9,4,4,2,18,1,39,2,9,1,1,7,9,1,10,1,14,,43,43,1,22,9,121.5683521,25.0273723
111,10,14,20,50,2,07信義區,信義區松仁路200號,0,0,1,2,,6,3,5,50,14,7,1,4,4,5,7,4,4,9,4,4,2,18,3,,,,,,,,,,,,,67,43,1,,,121.5683521,25.0273723
111,10,14,21,2,2,03中山區,中山區北安路與北安路770巷口,0,0,1,1,B03,6,3,5,50,3,1,1,4,4,5,7,4,4,1,4,5,2,12,2,52,3,10,1,1,7,6,1,8,1,2,,6,6,1,22,9,121.5531709,25.0854321
111,10,14,21,2,2,03中山區,中山區北安路與北安路770巷口,0,0,1,2,C03,6,3,5,50,3,1,1,4,4,5,7,4,4,1,4,5,2,12,1,36,2,9,1,1,7,9,1,10,1,14,,44,6,1,22,9,121.5531709,25.0854321
111,10,14,21,8,2,07信義區,信義區吳興街與吳興街220巷口口,0,0,2,1,C03,6,3,5,30,4,1,1,4,4,5,7,2,1,5,5,5,2,3,2,24,2,8,1,1,7,9,1,10,1,11,,15,15,1,22,9,121.5631749,25.0276438
111,10,14,21,8,2,07信義區,信義區吳興街與吳興街220巷口口,0,0,2,2,H01,6,3,5,30,4,1,1,4,4,5,7,2,1,5,5,5,2,3,2,41,2,9,4,5,8,16,8,20,10,16,,52,15,1,22,9,121.5631749,25.0276438
111,10,14,21,12,2,03中山區,中山區新生北路2段51-1號,0,0,1,1,B03,6,3,5,0,14,9,1,4,4,5,7,4,4,1,4,5,2,16,4,,4,11,3,4,7,15,7,19,11,15,,43,43,2,22,9,121.5277526,25.05618741
111,10,14,21,12,2,03中山區,中山區新生北路2段51-1號,0,0,1,2,C03,6,3,5,0,14,9,1,4,4,5,7,4,4,1,4,5,2,16,1,26,2,9,3,4,7,9,1,10,2,14,,43,43,1,22,9,121.5277526,25.05618741
111,10,14,21,15,2,03中山區,中山區建國高架道北往南(濱江街上方),0,0,1,1,A12,6,3,5,40,10,9,1,4,4,5,7,4,4,1,4,5,2,12,1,41,3,10,3,4,7,8,1,1,2,5,,7,7,1,22,9,121.5332888,25.07069517
111,10,14,21,15,2,03中山區,中山區建國高架道北往南(濱江街上方),0,0,1,2,B03,6,3,5,40,10,9,1,4,4,5,7,4,4,1,4,5,2,12,1,59,2,1,3,4,7,9,1,8,2,7,,13,7,1,22,9,121.5332888,25.07069517
111,10,14,21,18,2,03中山區,中山區新生北路2段與南京東路1段北口迴轉道,0,0,2,1,C03,6,3,5,50,3,1,1,4,4,5,7,4,4,1,5,5,2,17,1,26,2,9,1,1,7,5,1,10,1,12,,6,6,1,22,9,121.527394,25.0528422
111,10,14,21,18,2,03中山區,中山區新生北路2段與南京東路1段北口迴轉道,0,0,2,2,C03,6,3,5,50,3,1,1,4,4,5,7,4,4,1,5,5,2,17,1,48,2,9,1,1,7,9,1,10,1,14,,14,6,1,22,9,121.527394,25.0528422
111,10,14,21,21,2,10文山區,文山區興隆路2段與景豐街口,0,0,2,1,C03,6,3,5,50,3,2,1,4,4,5,7,1,1,1,4,5,2,13,1,60,2,9,1,1,7,9,1,10,2,11,,23,23,1,22,9,121.5467369,24.9991433
111,10,14,21,21,2,10文山區,文山區興隆路2段與景豐街口,0,0,2,2,C03,6,3,5,50,3,2,1,4,4,5,7,1,1,1,4,5,2,13,1,35,2,9,1,1,7,9,1,10,2,13,,44,23,1,22,9,121.5467369,24.9991433
111,10,14,21,21,2,10文山區,文山區興隆路2段與景豐街口,0,0,2,3,,6,3,5,50,3,2,1,4,4,5,7,1,1,1,4,5,2,13,3,,,,,,,,,,,,,67,23,1,,,121.5467369,24.9991433
111,10,14,22,10,2,04大安區,大安區基隆路2段與臥龍街口,0,0,1,1,B03,6,3,5,50,3,2,1,4,4,5,7,4,4,10,4,5,2,17,1,23,3,10,1,1,7,6,1,8,1,15,,9,9,1,22,9,121.5483412,25.02078863
111,10,14,22,10,2,04大安區,大安區基隆路2段與臥龍街口,0,0,1,2,C04,6,3,5,50,3,2,1,4,4,5,7,4,4,10,4,5,2,17,2,43,2,9,1,1,7,12,1,10,1,15,,42,9,1,22,9,121.5483412,25.02078863
111,10,14,22,17,2,06松山區,松山區八德路3段與延吉街口口,0,0,1,1,B01,6,3,5,50,3,1,1,4,4,5,7,2,1,5,4,5,2,3,1,53,3,10,1,1,7,5,1,8,2,2,,15,15,1,22,9,121.5532874,25.04821849
111,10,14,22,17,2,06松山區,松山區八德路3段與延吉街口口,0,0,1,2,H01,6,3,5,50,3,1,1,4,4,5,7,2,1,5,4,5,2,3,1,32,2,7,4,1,8,16,8,20,10,16,,67,15,1,22,9,121.5532874,25.04821849
111,10,14,22,20,2,01大同區,大同區台北橋機車道往三重,0,0,2,1,C03,6,3,5,50,14,11,1,4,4,5,7,4,4,7,5,5,2,12,1,20,2,8,2,4,7,7,1,10,1,14,,7,7,1,22,9,121.5105022,25.0630729
111,10,14,22,20,2,01大同區,大同區台北橋機車道往三重,0,0,2,2,C03,6,3,5,50,14,11,1,4,4,5,7,4,4,7,5,5,2,12,1,54,2,8,1,1,7,11,1,10,1,14,,13,7,1,22,9,121.5105022,25.0630729
111,10,14,23,0,2,06松山區,松山區八德路3段與敦化北路口,0,0,1,1,B03,6,3,5,50,4,1,1,4,4,5,7,2,1,9,4,5,2,13,1,39,3,10,1,2,7,9,1,8,7,8,,23,23,1,22,9,121.5491564,25.0481886
111,10,14,23,0,2,06松山區,松山區八德路3段與敦化北路口,0,0,1,2,C03,6,3,5,50,4,1,1,4,4,5,7,2,1,9,4,5,2,13,1,23,2,9,1,1,7,14,1,10,2,13,,44,23,1,22,9,121.5491564,25.0481886
111,10,14,23,2,2,07信義區,信義區松仁路228巷與吳興街口側附近口口,0,0,1,1,B03,6,3,5,50,4,1,1,4,4,5,7,1,1,10,4,5,2,17,1,27,3,10,1,1,7,5,1,8,1,7,,8,8,1,22,9,121.5675529,25.02482308
111,10,14,23,2,2,07信義區,信義區松仁路228巷與吳興街口側附近口口,0,0,1,2,C03,6,3,5,50,4,1,1,4,4,5,7,1,1,10,4,5,2,17,2,38,2,8,1,1,7,4,1,10,1,12,,1,8,1,22,9,121.5675529,25.02482308
111,10,14,23,17,2,09北投區,北投區大度路1段與中央北路2段257巷口,0,0,1,1,C03,6,3,5,50,14,9,1,4,4,5,7,4,4,9,4,4,2,12,1,26,2,7,1,1,7,12,1,10,1,14,,44,44,1,22,9,121.486023,25.12212167
111,10,14,23,17,2,09北投區,北投區大度路1段與中央北路2段257巷口,0,0,1,2,C03,6,3,5,50,14,9,1,4,4,5,7,4,4,9,4,4,2,12,2,21,3,10,1,1,7,9,1,10,1,12,,16,44,1,22,9,121.486023,25.12212167
111,10,14,23,38,2,09北投區,北投區大度路3段與中央北路4段口,0,0,1,1,C03,6,3,5,50,14,9,1,4,4,5,7,1,1,9,4,5,2,18,2,28,2,8,1,1,7,12,1,10,11,14,,43,43,1,22,9,121.4645776,25.12400682
111,10,14,23,38,2,09北投區,北投區大度路3段與中央北路4段口,0,0,1,2,,6,3,5,50,14,9,1,4,4,5,7,1,1,9,4,5,2,18,3,,,,,,,,,,,,,67,43,1,,,121.4645776,25.12400682
111,10,15,0,11,2,03中山區,中山區林森北路85巷與長安東路1段53巷口,0,0,1,1,B01,6,3,5,30,4,1,1,4,4,5,7,4,4,10,5,5,2,15,1,70,3,10,1,1,7,9,6,18,1,1,,6,6,1,22,9,121.5265783,25.0494244
111,10,15,0,11,2,03中山區,中山區林森北路85巷與長安東路1段53巷口,0,0,1,2,C03,6,3,5,30,4,1,1,4,4,5,7,4,4,10,5,5,2,15,2,20,2,8,1,1,7,9,1,10,1,12,,23,6,1,22,9,121.5265783,25.0494244
111,10,15,0,30,2,07信義區,信義區忠孝東路5段22巷與忠孝東路口側附近5段口口,0,0,3,1,H01,6,3,5,50,14,9,1,4,4,5,7,4,4,9,4,5,2,3,1,30,2,9,4,5,8,16,8,20,10,16,,51,51,1,22,9,121.5660935,25.040906
111,10,15,0,30,2,07信義區,信義區忠孝東路5段22巷與忠孝東路口側附近5段口口,0,0,3,2,C03,6,3,5,50,14,9,1,4,4,5,7,4,4,9,4,5,2,3,2,19,2,8,1,1,7,6,1,10,1,11,,15,51,1,22,9,121.5660935,25.040906
111,10,15,0,30,2,07信義區,信義區忠孝東路5段22巷與忠孝東路口側附近5段口口,0,0,3,3,H02,6,3,5,50,14,9,1,4,4,5,7,4,4,9,4,5,2,3,2,18,2,9,4,5,7,20,8,20,10,16,,67,51,1,22,9,121.5660935,25.040906
111,10,15,1,1,2,01大同區,大同區重慶北路3段與昌吉街口,0,0,2,1,C03,6,3,5,50,4,2,1,4,4,5,7,1,1,1,4,5,2,17,1,25,2,9,1,1,7,11,1,10,1,13,,10,10,1,22,9,121.5138982,25.0659111
111,10,15,1,1,2,01大同區,大同區重慶北路3段與昌吉街口,0,0,2,2,C03,6,3,5,50,4,2,1,4,4,5,7,1,1,1,4,5,2,17,1,46,2,9,1,1,7,9,1,10,1,11,,44,10,1,22,9,121.5138982,25.0659111
111,10,15,1,19,2,03中山區,中山區新生北路2段與錦州街口,0,0,1,1,B03,6,3,5,50,4,2,1,4,4,5,7,4,4,1,4,5,2,17,1,24,3,10,1,1,7,1,1,8,1,4,,19,19,1,22,9,121.5274691,25.0600797
111,10,15,1,19,2,03中山區,中山區新生北路2段與錦州街口,0,0,1,2,C03,6,3,5,50,4,2,1,4,4,5,7,4,4,1,4,5,2,17,1,18,2,9,1,1,7,9,3,18,1,12,,44,19,1,22,9,121.5274691,25.0600797
111,10,15,1,19,2,03中山區,中山區新生北路2段與錦州街口,0,0,1,3,C03,6,3,5,50,4,2,1,4,4,5,7,4,4,1,4,5,2,17,1,18,3,10,1,1,7,13,1,10,1,14,,38,19,1,22,9,121.5274691,25.0600797
111,10,15,4,29,2,02萬華區,萬華區西園路1段與廣州街口,0,0,1,1,C03,6,3,5,40,4,1,1,4,4,5,7,2,1,5,4,4,2,2,1,31,3,10,1,1,7,9,1,10,1,11,,23,23,1,22,9,121.4993782,25.0366816
111,10,15,4,29,2,02萬華區,萬華區西園路1段與廣州街口,0,0,1,2,H01,6,3,5,40,4,1,1,4,4,5,7,2,1,5,4,4,2,2,2,78,2,5,4,5,8,16,8,20,10,16,,52,23,1,22,9,121.4993782,25.0366816
111,10,15,6,56,2,07信義區,信義區松仁路170號,0,0,1,1,C03,6,1,5,0,14,20,1,4,4,5,7,4,4,9,5,4,2,18,1,30,2,9,1,1,7,9,1,10,2,14,,42,42,1,21,8,121.5682291,25.0281896
111,10,15,6,56,2,07信義區,信義區松仁路170號,0,0,1,2,,6,1,5,0,14,20,1,4,4,5,7,4,4,9,5,4,2,18,3,,,,,,,,,,,,,67,42,1,,,121.5682291,25.0281896
111,10,15,7,50,2,02萬華區,萬華區艋舺大道101號停車場出入口,0,0,1,1,B03,6,1,5,50,14,9,1,4,4,5,7,4,4,1,4,5,2,17,1,52,3,10,1,4,7,6,1,8,1,6,,9,9,1,22,9,121.5020107,25.03332464
111,10,15,7,50,2,02萬華區,萬華區艋舺大道101號停車場出入口,0,0,1,2,C03,6,1,5,50,14,9,1,4,4,5,7,4,4,1,4,5,2,17,2,22,2,9,1,4,7,9,6,18,1,11,,13,9,1,22,9,121.5020107,25.03332464
111,10,15,8,50,2,06松山區,松山區東興路1號,0,0,1,1,B12,6,1,5,50,14,9,1,4,4,5,7,4,4,9,4,5,2,16,2,41,3,10,1,1,7,5,1,8,2,5,,6,6,1,22,9,121.5654296,25.05072782
111,10,15,8,50,2,06松山區,松山區東興路1號,0,0,1,2,C03,6,1,5,50,14,9,1,4,4,5,7,4,4,9,4,5,2,16,1,16,2,8,1,1,7,9,2,18,2,11,,14,6,1,22,9,121.5654296,25.05072782
111,10,15,8,50,2,06松山區,松山區東興路1號,0,0,1,3,H02,6,1,5,50,14,9,1,4,4,5,7,4,4,9,4,5,2,16,2,19,3,10,4,5,7,21,8,20,10,16,,67,6,1,22,9,121.5654296,25.05072782
111,10,15,8,58,2,07信義區,信義區松高路1號,0,0,1,1,B01,6,1,5,50,14,9,1,4,4,5,7,4,4,5,4,5,2,17,1,51,3,10,1,1,7,7,1,4,1,8,,7,7,1,21,8,121.5640809,25.03913759
111,10,15,8,58,2,07信義區,信義區松高路1號,0,0,1,2,C03,6,1,5,50,14,9,1,4,4,5,7,4,4,5,4,5,2,17,1,40,2,8,1,1,7,9,1,10,1,11,,44,7,1,21,8,121.5640809,25.03913759
111,10,15,9,36,2,04大安區,大安區辛亥路3段與臥龍街188巷口,0,0,1,1,B02,6,1,5,50,14,9,1,4,4,5,7,4,4,10,5,5,2,12,1,25,3,10,1,1,7,6,1,8,2,2,,9,9,1,22,9,121.5505087,25.01618725
111,10,15,9,36,2,04大安區,大安區辛亥路3段與臥龍街188巷口,0,0,1,2,C03,6,1,5,50,14,9,1,4,4,5,7,4,4,10,5,5,2,12,2,37,2,9,1,1,7,9,1,10,2,11,,44,9,1,22,9,121.5505087,25.01618725
111,10,15,9,50,2,06松山區,松山區市民大道6段與松山路口,0,0,1,1,C03,6,1,5,40,4,1,1,4,4,5,7,1,1,10,3,5,2,17,2,25,2,9,1,1,7,9,1,10,2,15,,14,14,1,5,3,121.5778236,25.04951318
111,10,15,9,50,2,06松山區,松山區市民大道6段與松山路口,0,0,1,2,C03,6,1,5,40,4,1,1,4,4,5,7,1,1,10,3,5,2,17,1,45,3,10,1,1,7,5,1,10,2,15,,8,14,1,5,3,121.5778236,25.04951318
111,10,15,10,23,2,07信義區,信義區市民大道5段與松山路口,0,0,1,1,B03,6,1,5,40,14,9,1,4,4,5,7,2,1,10,4,5,2,16,1,43,3,10,1,1,7,6,1,8,1,2,,9,9,1,22,9,121.5776617,25.048893
111,10,15,10,23,2,07信義區,信義區市民大道5段與松山路口,0,0,1,2,C03,6,1,5,40,14,9,1,4,4,5,7,2,1,10,4,5,2,16,2,31,2,9,1,1,7,9,1,10,1,11,,13,9,1,22,9,121.5776617,25.048893
111,10,15,10,48,2,09北投區,北投區大度路3段159號,0,0,1,1,B12,6,1,5,70,14,12,1,4,4,5,7,4,4,8,3,1,2,17,1,51,3,10,1,1,7,8,1,8,1,15,,7,7,1,22,9,121.4719033,25.12265388
111,10,15,10,48,2,09北投區,北投區大度路3段159號,0,0,1,2,C03,6,1,5,70,14,12,1,4,4,5,7,4,4,8,3,1,2,17,1,22,2,9,1,1,7,9,1,10,1,12,,44,7,1,22,9,121.4719033,25.12265388
111,10,15,11,15,2,12內湖區,內湖區康寧路3段與康寧路3段165巷口,0,0,1,1,B03,6,1,5,30,4,1,1,4,4,5,7,1,1,10,5,5,2,1,1,43,3,10,1,1,7,5,1,8,1,4,,15,15,1,22,9,121.6112432,25.07051563
111,10,15,11,15,2,12內湖區,內湖區康寧路3段與康寧路3段165巷口,0,0,1,2,H01,6,1,5,30,4,1,1,4,4,5,7,1,1,10,5,5,2,1,2,78,2,8,4,5,8,16,8,20,1,16,,52,15,1,22,9,121.6112432,25.07051563
111,10,15,11,43,2,10文山區,文山區木柵路1段47號,0,0,1,1,C03,6,1,5,30,14,9,1,4,4,5,7,4,4,5,2,5,2,17,4,,4,11,3,4,7,15,7,19,11,15,,43,43,2,22,9,121.5450991,24.98726972
111,10,15,11,43,2,10文山區,文山區木柵路1段47號,0,0,1,2,C03,6,1,5,30,14,9,1,4,4,5,7,4,4,5,2,5,2,17,1,39,2,8,1,4,7,9,1,10,2,14,,43,43,1,22,9,121.5450991,24.98726972
111,10,15,13,0,2,04大安區,大安區樂業街與樂業街口側附近118巷口,0,0,2,3,H02,6,1,5,50,4,2,1,4,4,5,7,4,4,5,5,5,2,16,2,23,2,8,4,5,7,20,8,20,10,16,,67,8,1,22,9,121.5520676,25.0208746
111,10,15,13,0,2,04大安區,大安區樂業街與樂業街口側附近118巷口,0,0,2,1,C03,6,1,5,50,4,2,1,4,4,5,7,4,4,5,5,5,2,16,1,38,3,10,1,4,7,5,1,10,1,15,,8,8,1,22,9,121.5520676,25.0208746
111,10,15,13,0,2,04大安區,大安區樂業街與樂業街口側附近118巷口,0,0,2,2,C03,6,1,5,50,4,2,1,4,4,5,7,4,4,5,5,5,2,16,2,25,2,9,1,4,7,9,1,10,1,12,,23,8,1,22,9,121.5520676,25.0208746
111,10,15,13,3,2,10文山區,文山區景華街與景華街22巷口,0,0,2,3,H02,6,1,5,50,3,1,1,4,4,5,7,4,4,9,5,5,2,16,2,8,2,8,1,5,7,20,8,20,10,16,,67,6,1,22,9,121.5422931,24.9949534
111,10,15,13,3,2,10文山區,文山區景華街與景華街22巷口,0,0,2,1,C03,6,1,5,50,3,1,1,4,4,5,7,4,4,9,5,5,2,16,2,68,4,11,3,4,7,15,7,19,11,15,,6,6,2,22,9,121.5422931,24.9949534
111,10,15,13,3,2,10文山區,文山區景華街與景華街22巷口,0,0,2,2,C03,6,1,5,50,3,1,1,4,4,5,7,4,4,9,5,5,2,16,2,34,2,8,1,1,7,9,1,10,2,11,,44,6,1,22,9,121.5422931,24.9949534
111,10,15,13,20,2,04大安區,大安區和平東路1段8號前,0,0,1,1,B03,6,1,5,50,14,9,1,4,4,5,7,4,4,8,3,4,1,16,1,39,3,10,1,1,7,8,1,8,1,6,,7,7,1,21,8,121.5233882,25.02704243
111,10,15,13,20,2,04大安區,大安區和平東路1段8號前,0,0,1,2,C03,6,1,5,50,14,9,1,4,4,5,7,4,4,8,3,4,1,16,1,24,2,9,1,1,7,9,1,10,1,11,,44,7,1,5,1,121.5233882,25.02704243
111,10,15,13,20,2,12內湖區,內湖區新明路355號,0,0,1,1,B03,6,1,5,50,14,9,1,4,4,5,7,4,4,5,4,5,1,16,2,35,3,10,1,1,7,5,1,8,2,8,,8,8,1,22,9,121.5824178,25.05583911
111,10,15,13,20,2,12內湖區,內湖區新明路355號,0,0,1,2,C03,6,1,5,50,14,9,1,4,4,5,7,4,4,5,4,5,1,16,1,31,2,9,1,1,7,9,1,10,2,12,,26,8,1,22,9,121.5824178,25.05583911
111,10,15,13,26,2,01大同區,大同區延平北路4段與敦煌路口,0,0,1,1,C03,6,1,5,50,4,1,1,4,4,5,7,1,1,9,4,5,2,15,1,34,2,9,1,1,7,9,1,10,1,11,,42,42,1,22,9,121.5120276,25.07630292
111,10,15,13,26,2,01大同區,大同區延平北路4段與敦煌路口,0,0,1,2,B03,6,1,5,50,4,1,1,4,4,5,7,1,1,9,4,5,2,15,1,29,3,10,1,1,7,9,1,8,1,6,,44,42,1,22,9,121.5120276,25.07630292
111,10,15,13,30,2,07信義區,信義區永吉路30巷與忠孝東路5段71巷11弄口,0,0,1,1,B03,6,1,5,30,4,1,1,4,4,5,7,4,4,5,5,5,2,15,2,28,3,10,3,4,7,9,1,8,1,2,,6,6,1,22,9,121.5687383,25.0419481
111,10,15,13,30,2,07信義區,信義區永吉路30巷與忠孝東路5段71巷11弄口,0,0,1,2,C03,6,1,5,30,4,1,1,4,4,5,7,4,4,5,5,5,2,15,1,37,2,9,3,4,7,9,1,10,1,11,,23,6,1,22,9,121.5687383,25.0419481
111,10,15,14,0,2,03中山區,中山區龍江路311號,0,0,1,1,C03,6,1,5,50,14,9,1,4,4,5,7,4,4,9,5,5,2,16,1,26,2,8,1,1,7,9,1,10,1,14,,17,17,1,22,9,121.5407979,25.06124085
111,10,15,14,0,2,03中山區,中山區龍江路311號,0,0,1,2,B03,6,1,5,50,14,9,1,4,4,5,7,4,4,9,5,5,2,16,1,54,3,10,3,4,7,8,1,8,1,2,,7,17,1,22,9,121.5407979,25.06124085
111,10,15,14,10,2,01大同區,大同區赤峰街與赤峰街77巷口,0,0,2,1,C03,6,2,5,30,4,1,1,4,4,5,7,4,4,10,4,5,2,16,2,21,2,9,1,1,7,9,1,10,1,11,,6,6,1,22,9,121.5197318,25.05703203
111,10,15,14,10,2,01大同區,大同區赤峰街與赤峰街77巷口,0,0,2,2,C03,6,2,5,30,4,1,1,4,4,5,7,4,4,10,4,5,2,16,1,27,2,8,1,1,7,9,1,10,1,12,,14,6,1,22,9,121.5197318,25.05703203
111,10,15,14,10,2,01大同區,大同區赤峰街與赤峰街77巷口,0,0,2,3,,6,2,5,30,4,1,1,4,4,5,7,4,4,10,4,5,2,16,3,,,,,,,,,,,,,67,6,1,,,121.5197318,25.05703203