發生年度,發生月,發生日,發生時-Hours,發生分,處理別-編號,區序,肇事地點,死亡人數,2-30日死亡人數,受傷人數,當事人序號,車種,天候,光線,道路類別,速限-速度限制,道路型態,事故位置,路面狀況1,路面狀況2,路面狀況3,道路障礙1,道路障礙2,號誌1,號誌2,車道劃分-分向,車道劃分-分道1,車道劃分-分道2,車道劃分-分道3,事故類型及型態,性別,年齡,受傷程度,主要傷處,安全帽,行動電話,車輛用途,當事者行動狀態,駕駛資格情形,駕駛執照種類,飲酒情形,車輛撞擊部位1,車輛撞擊部位2,肇因碼-個別,肇因碼-主要,個人肇逃否,職業,旅次目的,座標-X,座標-Y
111,10,15,14,31,2,01大同區,大同區延平北路2段43巷與南京西路185巷口,0,0,2,1,C03,7,1,5,30,4,1,1,4,4,5,7,4,4,8,5,5,1,15,2,49,2,9,1,1,7,9,1,10,2,14,,14,14,1,22,9,121.5122472,25.05515733
111,10,15,14,31,2,01大同區,大同區延平北路2段43巷與南京西路185巷口,0,0,2,2,B03,7,1,5,30,4,1,1,4,4,5,7,4,4,8,5,5,1,15,1,70,3,10,1,1,7,9,1,8,2,1,,6,14,1,22,9,121.5122472,25.05515733
111,10,15,14,31,2,01大同區,大同區延平北路2段43巷與南京西路185巷口,0,0,2,3,H02,7,1,5,30,4,1,1,4,4,5,7,4,4,8,5,5,1,15,2,49,2,9,1,5,7,20,8,20,10,15,,67,14,1,22,9,121.5122472,25.05515733
111,10,15,14,40,2,08士林區,士林區故宮路與至善路2段113巷口,0,0,1,1,B03,6,1,5,50,4,1,1,4,4,5,7,1,1,1,4,4,1,12,1,28,3,10,1,1,7,6,1,8,1,8,,9,9,1,22,9,121.5464019,25.0981812
111,10,15,14,40,2,08士林區,士林區故宮路與至善路2段113巷口,0,0,1,2,C03,6,1,5,50,4,1,1,4,4,5,7,1,1,1,4,4,1,12,1,29,2,9,1,1,7,5,1,10,1,12,,8,9,1,22,9,121.5464019,25.0981812
111,10,15,15,30,2,03中山區,中山區樂群二路214號,0,0,1,1,B12,6,1,5,50,14,9,1,4,4,5,7,4,4,1,4,5,2,17,1,45,3,10,3,4,7,6,1,8,1,15,,9,9,1,22,9,121.5598588,25.0798636
111,10,15,15,30,2,03中山區,中山區樂群二路214號,0,0,1,2,C03,6,1,5,50,14,9,1,4,4,5,7,4,4,1,4,5,2,17,2,53,2,9,3,4,7,9,1,10,1,14,,44,9,1,22,9,121.5598588,25.0798636
111,10,15,16,24,2,04大安區,大安區基隆路2段與和平東路3段口,0,0,1,1,B03,1,2,5,50,5,1,1,4,4,5,7,1,1,8,3,5,2,12,2,42,3,10,1,1,7,6,1,8,1,5,,9,9,1,22,9,121.5523398,25.0240439
111,10,15,16,24,2,04大安區,大安區基隆路2段與和平東路3段口,0,0,1,2,C03,1,2,5,50,5,1,1,4,4,5,7,1,1,8,3,5,2,12,1,37,2,8,1,1,7,9,1,10,1,14,,44,9,1,22,9,121.5523398,25.0240439
111,10,15,16,36,2,02萬華區,萬華區中華路1段與成都路口,0,0,1,1,F01,6,1,5,0,4,2,1,4,4,5,7,2,1,3,5,5,1,11,4,,4,11,3,4,7,15,7,19,11,15,,43,43,2,22,9,121.5081036,25.04223307
111,10,15,16,36,2,02萬華區,萬華區中華路1段與成都路口,0,0,1,2,C04,6,1,5,0,4,2,1,4,4,5,7,2,1,3,5,5,1,11,1,27,2,9,1,4,7,9,1,11,1,11,,43,43,1,22,9,121.5081036,25.04223307
111,10,15,17,20,2,11南港區,南港區市民大道7段與東新街口,0,0,1,1,B03,6,1,5,50,4,2,1,4,4,5,7,1,1,3,4,5,2,12,1,52,3,10,1,1,7,6,1,3,1,2,,9,9,1,22,9,121.5838971,25.0497024
111,10,15,17,20,2,11南港區,南港區市民大道7段與東新街口,0,0,1,2,C03,6,1,5,50,4,2,1,4,4,5,7,1,1,3,4,5,2,12,2,22,2,9,2,1,7,9,1,10,1,14,,44,9,1,22,9,121.5838971,25.0497024
111,10,15,17,30,2,05中正區,中正區懷寧街與凱達格蘭大道口,0,0,1,1,C03,6,3,5,50,4,1,1,4,4,5,7,4,4,5,4,5,2,16,1,26,2,7,1,1,7,9,1,10,2,11,,43,43,1,22,9,121.5138173,25.0397748
111,10,15,17,30,2,05中正區,中正區懷寧街與凱達格蘭大道口,0,0,1,2,B01,6,3,5,50,4,1,1,4,4,5,7,4,4,5,4,5,2,16,1,57,3,10,1,1,7,9,1,4,2,4,,43,43,1,22,9,121.5138173,25.0397748
111,10,15,17,40,2,03中山區,中山區吉林路110號,0,0,1,1,C03,6,3,5,40,14,8,1,4,4,5,7,4,4,5,5,4,2,17,2,19,2,9,1,1,7,9,1,10,1,14,,42,42,1,22,9,121.5300654,25.0535373
111,10,15,17,40,2,03中山區,中山區吉林路110號,0,0,1,2,B01,6,3,5,40,14,8,1,4,4,5,7,4,4,5,5,4,2,17,1,57,3,10,3,4,7,14,1,4,1,7,,38,42,1,22,9,121.5300654,25.0535373
111,10,15,17,41,2,07信義區,信義區基隆路1段141號,0,0,1,1,C03,6,3,5,50,14,9,1,4,4,5,7,4,4,10,4,5,2,13,1,25,3,10,1,1,7,9,1,10,1,14,,16,16,1,22,9,121.5658277,25.0431907
111,10,15,17,41,2,07信義區,信義區基隆路1段141號,0,0,1,2,C03,6,3,5,50,14,9,1,4,4,5,7,4,4,10,4,5,2,13,1,32,2,8,1,1,7,9,1,10,1,12,,44,16,1,22,9,121.5658277,25.0431907
111,10,15,17,41,2,07信義區,信義區基隆路1段141號,0,0,1,3,C03,6,3,5,50,14,9,1,4,4,5,7,4,4,10,4,5,2,13,2,33,3,10,1,1,7,9,1,10,1,15,,23,16,1,22,9,121.5658277,25.0431907
111,10,15,18,23,2,05中正區,中正區汀州路3段131號前,0,0,3,1,C03,6,3,5,50,15,18,1,4,4,5,7,4,4,5,5,5,2,3,1,25,2,8,1,1,7,9,1,10,2,11,,15,15,1,22,9,121.5307449,25.0161351
111,10,15,18,23,2,05中正區,中正區汀州路3段131號前,0,0,3,2,H01,6,3,5,50,15,18,1,4,4,5,7,4,4,5,5,5,2,3,2,20,2,9,4,5,8,16,8,20,10,16,,67,15,1,22,9,121.5307449,25.0161351
111,10,15,18,23,2,05中正區,中正區汀州路3段131號前,0,0,3,3,C03,6,3,5,50,15,18,1,4,4,5,7,4,4,5,5,5,2,3,3,,,,,,,,,,,,,67,15,1,,,121.5307449,25.0161351
111,10,15,18,23,2,05中正區,中正區汀州路3段131號前,0,0,3,4,C03,6,3,5,50,15,18,1,4,4,5,7,4,4,5,5,5,2,3,3,,,,,,,,,,,,,67,15,1,,,121.5307449,25.0161351
111,10,15,18,23,2,05中正區,中正區汀州路3段131號前,0,0,3,5,C03,6,3,5,50,15,18,1,4,4,5,7,4,4,5,5,5,2,3,3,,,,,,,,,,,,,67,15,1,,,121.5307449,25.0161351
111,10,15,18,23,2,05中正區,中正區汀州路3段131號前,0,0,3,6,H02,6,3,5,50,15,18,1,4,4,5,7,4,4,5,5,5,2,3,2,24,2,8,4,5,7,20,8,20,10,16,,67,15,1,22,9,121.5307449,25.0161351
111,10,15,18,45,2,01大同區,大同區延平北路3段與昌吉街口,0,0,1,1,B03,6,3,5,50,4,2,1,4,4,5,7,2,1,5,4,5,2,16,1,32,3,10,3,4,7,5,1,8,2,15,,8,8,1,22,9,121.5110722,25.06595861
111,10,15,18,45,2,01大同區,大同區延平北路3段與昌吉街口,0,0,1,2,C03,6,3,5,50,4,2,1,4,4,5,7,2,1,5,4,5,2,16,1,52,2,9,3,4,7,9,1,10,2,12,,42,8,1,22,9,121.5110722,25.06595861
111,10,15,18,47,2,03中山區,中山區興安街18號,0,0,1,1,B01,6,3,5,50,14,9,1,4,4,5,7,4,4,4,3,5,1,16,1,65,3,10,1,1,7,11,1,4,1,4,,10,10,1,22,9,121.5380282,25.05618491
111,10,15,18,47,2,03中山區,中山區興安街18號,0,0,1,2,C03,6,3,5,50,14,9,1,4,4,5,7,4,4,4,3,5,1,16,1,27,2,9,1,1,7,9,1,10,1,11,,13,10,1,22,9,121.5380282,25.05618491
111,10,15,18,52,2,06松山區,松山區塔悠路南往北76車格旁,0,0,2,1,C03,6,3,5,50,14,7,1,4,4,1,7,4,4,1,3,4,2,13,1,40,2,9,1,1,7,9,1,10,1,11,,23,23,1,22,9,121.568281,25.06393119
111,10,15,18,52,2,06松山區,松山區塔悠路南往北76車格旁,0,0,2,2,F01,6,3,5,50,14,7,1,4,4,1,7,4,4,1,3,4,2,13,1,75,2,9,1,1,7,9,8,20,1,16,,2,23,1,22,9,121.568281,25.06393119
111,10,15,18,56,2,02萬華區,萬華區西園路2段與寶興街口,0,0,2,2,C03,6,3,5,50,14,18,1,4,4,5,7,2,1,1,4,5,2,9,1,31,2,9,1,1,7,9,1,10,2,11,,15,52,1,22,9,121.4936082,25.02688285
111,10,15,18,56,2,02萬華區,萬華區西園路2段與寶興街口,0,0,2,1,H01,6,3,5,50,14,18,1,4,4,5,7,2,1,1,4,5,2,9,1,50,2,9,4,5,8,16,8,20,2,16,,52,52,1,22,9,121.4936082,25.02688285
111,10,15,19,6,2,05中正區,中正區中山北路1段與北平西路口,0,0,1,1,A05,6,3,5,50,5,1,1,4,4,5,7,2,1,5,4,5,2,17,1,64,3,10,1,1,7,5,1,2,2,8,,25,25,1,22,9,121.5202422,25.04729469
111,10,15,19,6,2,05中正區,中正區中山北路1段與北平西路口,0,0,1,2,C03,6,3,5,50,5,1,1,4,4,5,7,2,1,5,4,5,2,17,1,22,2,9,1,1,7,9,1,10,2,12,,44,25,1,22,9,121.5202422,25.04729469
111,10,15,19,10,2,11南港區,南港區市民大道8段與忠孝東路7段325巷口,0,0,1,1,C03,6,3,5,50,3,2,1,4,4,5,7,1,1,10,5,5,2,12,1,32,3,10,3,4,7,1,1,10,1,15,,19,19,1,22,9,121.6053105,25.0529644
111,10,15,19,10,2,11南港區,南港區市民大道8段與忠孝東路7段325巷口,0,0,1,2,C03,6,3,5,50,3,2,1,4,4,5,7,1,1,10,5,5,2,12,2,32,2,8,3,4,7,9,1,10,1,14,,44,19,1,22,9,121.6053105,25.0529644
111,10,15,19,13,2,11南港區,南港區市民大道8段與南港路2段178巷口,0,0,1,1,B03,6,3,5,50,3,1,1,4,4,5,7,1,1,4,3,4,2,17,1,35,3,10,1,1,7,5,1,8,1,15,,8,8,1,22,9,121.599618,25.052128
111,10,15,19,13,2,11南港區,南港區市民大道8段與南港路2段178巷口,0,0,1,2,C03,6,3,5,50,3,1,1,4,4,5,7,1,1,4,3,4,2,17,2,34,2,1,1,1,7,9,1,10,1,14,,23,8,1,22,9,121.599618,25.052128
111,10,15,21,10,2,10文山區,文山區汀州路4段與溪洲街107巷口,0,0,2,1,C03,6,3,5,30,3,2,1,4,4,5,7,4,4,10,5,5,2,16,1,63,2,9,1,1,7,5,1,10,1,12,,6,6,1,22,9,121.5355174,25.00338379
111,10,15,21,10,2,10文山區,文山區汀州路4段與溪洲街107巷口,0,0,2,2,C03,6,3,5,30,3,2,1,4,4,5,7,4,4,10,5,5,2,16,1,23,2,9,1,1,7,9,1,10,1,15,,13,6,1,22,9,121.5355174,25.00338379
111,10,15,21,16,2,03中山區,中山區錦西街與天祥路口,0,0,1,1,B03,6,3,5,50,3,1,1,4,4,5,7,4,4,9,5,5,2,3,1,41,3,10,3,4,7,5,1,8,2,1,,15,8,1,22,9,121.5210371,25.06034199
111,10,15,21,16,2,03中山區,中山區錦西街與天祥路口,0,0,1,2,H01,6,3,5,50,3,1,1,4,4,5,7,4,4,9,5,5,2,3,1,57,2,9,4,5,8,16,8,20,10,16,,67,8,1,22,9,121.5210371,25.06034199
111,10,15,21,50,2,12內湖區,內湖區行忠路與行愛路口,0,0,1,1,C03,6,4,5,50,4,1,1,4,4,5,7,2,1,9,4,5,2,16,2,56,2,8,1,1,7,9,3,18,1,12,,25,25,1,22,9,121.5694337,25.06979283
111,10,15,21,50,2,12內湖區,內湖區行忠路與行愛路口,0,0,1,2,B03,6,4,5,50,4,1,1,4,4,5,7,2,1,9,4,5,2,16,2,63,3,10,1,1,7,9,1,8,1,1,,44,25,1,22,9,121.5694337,25.06979283
111,10,15,22,3,2,10文山區,文山區景華街與景華街104巷口,0,0,1,1,H01,6,3,5,30,14,9,1,4,4,5,6,4,4,10,5,5,2,3,2,61,2,9,4,5,8,16,8,20,10,16,,51,51,1,22,9,121.5462502,24.99544686
111,10,15,22,3,2,10文山區,文山區景華街與景華街104巷口,0,0,1,2,C03,6,3,5,30,14,9,1,4,4,5,6,4,4,10,5,5,2,3,1,53,3,10,1,1,7,9,1,10,2,11,,23,51,1,22,9,121.5462502,24.99544686
111,10,15,22,10,2,03中山區,中山區中山北路2段與長春路口,0,0,1,1,B03,6,3,5,50,4,1,1,4,4,5,7,1,1,4,3,4,1,16,2,54,3,10,1,1,7,6,1,8,1,8,,9,9,1,22,9,121.5228178,25.0551332
111,10,15,22,10,2,03中山區,中山區中山北路2段與長春路口,0,0,1,2,C03,6,3,5,50,4,1,1,4,4,5,7,1,1,4,3,4,1,16,2,19,2,9,1,1,7,5,1,10,1,11,,44,9,1,22,9,121.5228178,25.0551332
111,10,15,22,20,2,07信義區,信義區松仁路105號前,0,0,1,1,C03,6,3,5,50,14,9,1,4,4,5,7,2,1,1,4,5,2,13,1,20,3,10,1,1,7,9,1,10,1,12,,42,43,1,22,9,121.5684423,25.035593
111,10,15,22,20,2,07信義區,信義區松仁路105號前,0,0,1,2,C03,6,3,5,50,14,9,1,4,4,5,7,2,1,1,4,5,2,13,1,35,3,10,1,1,7,9,1,10,1,13,,44,43,1,22,9,121.5684423,25.035593
111,10,15,22,20,2,07信義區,信義區松仁路105號前,0,0,1,3,B01,6,3,5,50,14,9,1,4,4,5,7,2,1,1,4,5,2,13,1,51,4,11,3,4,7,10,7,19,11,15,,7,43,2,22,9,121.5684423,25.035593
111,10,15,22,20,2,07信義區,信義區松仁路105號前,0,0,1,4,H02,6,3,5,50,14,9,1,4,4,5,7,2,1,1,4,5,2,13,2,25,2,8,1,5,7,21,8,20,10,16,,67,43,1,22,9,121.5684423,25.035593
111,10,15,22,33,2,07信義區,信義區松仁路與莊敬路口,0,0,1,1,B03,6,3,5,50,14,9,5,4,4,5,7,1,1,10,5,5,2,3,1,22,3,10,1,1,7,5,1,8,2,1,,15,15,1,22,9,121.5684292,25.0265674
111,10,15,22,33,2,07信義區,信義區松仁路與莊敬路口,0,0,1,2,H01,6,3,5,50,14,9,5,4,4,5,7,1,1,10,5,5,2,3,2,29,2,9,4,5,8,16,8,20,10,16,,51,15,1,22,9,121.5684292,25.0265674
111,10,15,22,38,2,09北投區,北投區大度路2段(2迴附近)機慢車優先道,0,0,1,1,,6,3,5,50,14,12,1,4,4,5,7,4,4,1,4,5,2,17,4,,4,11,3,4,7,15,7,19,11,15,,43,43,2,22,9,121.4817702,25.1223838
111,10,15,22,38,2,09北投區,北投區大度路2段(2迴附近)機慢車優先道,0,0,1,2,C03,6,3,5,50,14,12,1,4,4,5,7,4,4,1,4,5,2,17,1,19,2,7,1,1,7,9,1,10,2,14,,43,43,1,22,9,121.4817702,25.1223838
111,10,15,23,19,2,07信義區,信義區永吉路與永吉路30巷口口,0,0,1,1,B03,6,3,5,30,4,1,1,4,4,5,7,1,1,10,4,5,2,17,1,49,2,2,1,1,7,5,1,8,1,2,,25,25,1,22,9,121.5688556,25.0457181
111,10,15,23,19,2,07信義區,信義區永吉路與永吉路30巷口口,0,0,1,2,B03,6,3,5,30,4,1,1,4,4,5,7,1,1,10,4,5,2,17,1,40,3,10,1,1,7,9,1,8,1,1,,44,25,1,22,9,121.5688556,25.0457181
111,10,15,23,25,2,05中正區,中正區汀州路2段247號,0,0,1,1,B01,6,3,5,50,14,9,1,4,4,5,7,4,4,9,4,5,2,17,1,65,3,10,1,1,7,11,1,4,2,15,,10,10,1,22,9,121.52309,25.0230474
111,10,15,23,25,2,05中正區,中正區汀州路2段247號,0,0,1,2,C03,6,3,5,50,14,9,1,4,4,5,7,4,4,9,4,5,2,17,1,27,2,9,1,1,7,9,1,10,2,14,,13,10,1,22,9,121.52309,25.0230474
111,10,15,23,49,2,02萬華區,萬華區環河南路1段131號,0,0,1,1,B01,6,3,5,50,14,7,1,4,4,5,7,4,4,4,4,5,2,12,1,64,3,10,1,1,7,11,1,4,1,8,,10,10,1,22,9,121.492187,25.03338
111,10,15,23,49,2,02萬華區,萬華區環河南路1段131號,0,0,1,2,C03,6,3,5,50,14,7,1,4,4,5,7,4,4,4,4,5,2,12,1,32,2,9,1,1,7,9,1,10,1,11,,44,10,1,22,9,121.492187,25.03338
111,10,16,0,22,2,07信義區,信義區忠孝東路5段423巷與忠孝東路5段423巷4弄口,0,0,1,1,H01,6,3,5,0,14,9,1,4,4,5,7,4,4,9,5,5,2,3,2,81,2,9,4,5,8,16,8,20,10,16,,51,51,1,22,9,121.5753648,25.0414655
111,10,16,0,22,2,07信義區,信義區忠孝東路5段423巷與忠孝東路5段423巷4弄口,0,0,1,2,C03,6,3,5,0,14,9,1,4,4,5,7,4,4,9,5,5,2,3,2,41,3,10,1,1,7,9,1,10,1,12,,23,51,1,22,9,121.5753648,25.0414655
111,10,16,0,30,2,03中山區,中山區樂群二路與敬業三路162巷口,0,0,1,1,B01,6,3,5,50,3,1,1,4,4,5,7,2,1,1,4,5,2,15,1,39,3,10,3,4,7,11,1,4,1,5,,10,10,1,22,9,121.5595843,25.07989929
111,10,16,0,30,2,03中山區,中山區樂群二路與敬業三路162巷口,0,0,1,2,C03,6,3,5,50,3,1,1,4,4,5,7,2,1,1,4,5,2,15,1,33,2,9,3,4,7,9,1,10,1,14,,44,10,1,22,9,121.5595843,25.07989929
111,10,16,0,34,2,05中正區,中正區林森南路與青島東路口,0,0,1,1,B11,6,3,5,50,4,1,1,4,4,5,7,1,1,10,4,5,2,16,2,44,3,10,1,1,7,5,1,3,2,8,,8,8,1,22,9,121.5230182,25.0436223
111,10,16,0,34,2,05中正區,中正區林森南路與青島東路口,0,0,1,2,C03,6,3,5,50,4,1,1,4,4,5,7,1,1,10,4,5,2,16,1,73,2,1,1,1,7,9,1,10,9,11,,44,8,1,22,9,121.5230182,25.0436223
111,10,16,0,36,2,05中正區,中正區漢口街1段140號,0,0,1,1,C03,6,3,5,50,14,9,1,4,4,5,7,4,4,10,4,5,1,17,1,56,2,9,1,1,7,12,1,10,2,11,,23,23,1,22,9,121.5097405,25.045139
111,10,16,0,36,2,05中正區,中正區漢口街1段140號,0,0,1,2,B03,6,3,5,50,14,9,1,4,4,5,7,4,4,10,4,5,1,17,1,41,3,10,1,1,7,15,1,8,11,4,,40,23,1,22,9,121.5097405,25.045139
111,10,16,4,31,2,03中山區,中山區天祥路與撫順街口,0,0,1,1,B03,6,3,5,30,4,1,1,4,4,5,7,4,4,4,3,5,1,16,1,51,3,10,1,1,7,9,1,8,2,2,,6,6,1,22,9,121.5207154,25.0635751
111,10,16,4,31,2,03中山區,中山區天祥路與撫順街口,0,0,1,2,C03,6,3,5,30,4,1,1,4,4,5,7,4,4,4,3,5,1,16,1,29,2,9,1,1,7,9,1,10,2,11,,26,6,1,22,9,121.5207154,25.0635751
111,10,16,5,25,2,02萬華區,萬華區堤外便道華中青年,0,0,2,1,C03,6,2,5,40,14,9,1,4,4,5,7,4,4,1,5,5,2,9,1,53,2,1,1,1,7,9,1,10,1,11,,23,23,1,22,9,121.498281,25.01600609
111,10,16,5,25,2,02萬華區,萬華區堤外便道華中青年,0,0,2,2,H01,6,2,5,40,14,9,1,4,4,5,7,4,4,1,5,5,2,9,1,43,2,9,4,5,8,17,8,20,1,16,,60,23,1,22,9,121.498281,25.01600609
111,10,16,6,26,2,05中正區,中正區中山南路與忠孝西路1段口,0,0,1,1,B03,6,1,5,50,4,1,1,4,4,5,7,1,1,1,4,4,2,17,1,23,3,10,1,4,7,5,1,8,2,6,,6,6,1,22,9,121.5197649,25.04560913
111,10,16,6,26,2,05中正區,中正區中山南路與忠孝西路1段口,0,0,1,2,C03,6,1,5,50,4,1,1,4,4,5,7,1,1,1,4,4,2,17,2,20,2,9,1,4,7,9,1,10,2,11,,13,6,1,22,9,121.5197649,25.04560913
111,10,16,8,55,2,03中山區,中山區復興北路與民族東路口,0,0,1,1,A02,6,1,5,50,4,1,1,4,4,5,7,1,1,1,4,5,2,9,1,44,3,10,3,4,7,6,1,1,2,15,,43,43,1,22,9,121.5441604,25.06650751
111,10,16,8,55,2,03中山區,中山區復興北路與民族東路口,0,0,1,2,H02,6,1,5,50,4,1,1,4,4,5,7,1,1,1,4,5,2,9,2,64,2,9,4,5,7,20,8,20,10,16,,67,43,1,22,9,121.5441604,25.06650751
111,10,16,9,56,2,04大安區,大安區和平東路1段與金山南路2段口,0,0,1,1,C03,6,1,5,50,3,2,1,4,4,5,7,2,1,1,4,5,2,17,2,23,2,8,1,1,7,9,1,10,2,14,,23,23,1,22,9,121.5261769,25.0268843
111,10,16,9,56,2,04大安區,大安區和平東路1段與金山南路2段口,0,0,1,2,B03,6,1,5,50,3,2,1,4,4,5,7,2,1,1,4,5,2,17,1,51,3,10,1,1,7,14,6,8,2,7,,44,23,1,22,9,121.5261769,25.0268843
111,10,16,9,59,2,12內湖區,內湖區瑞光路與瑞光路583巷口,0,0,2,1,C03,6,1,5,50,4,2,1,4,4,5,7,1,1,10,5,5,2,16,1,40,2,8,1,1,7,5,1,10,1,14,,44,44,1,22,9,121.5674946,25.0797532
111,10,16,9,59,2,12內湖區,內湖區瑞光路與瑞光路583巷口,0,0,2,2,C03,6,1,5,50,4,2,1,4,4,5,7,1,1,10,5,5,2,16,1,19,2,7,1,1,7,15,1,10,1,11,,26,44,1,22,9,121.5674946,25.0797532
111,10,16,10,8,2,07信義區,信義區嘉興街257號,0,0,1,1,C03,6,1,5,30,14,9,1,4,3,5,7,4,4,10,4,5,1,18,2,34,2,8,3,4,7,9,1,10,1,14,,42,42,1,22,9,121.5557578,25.02478252
111,10,16,10,8,2,07信義區,信義區嘉興街257號,0,0,1,2,,6,1,5,30,14,9,1,4,3,5,7,4,4,10,4,5,1,18,3,,,,,,,,,,,,,67,42,1,,,121.5557578,25.02478252
111,10,16,10,25,2,12內湖區,內湖區內湖路2段434巷與成功路4段182巷6弄口,0,0,3,1,C04,6,1,5,30,3,1,1,4,4,5,7,4,4,9,5,5,2,16,2,45,2,9,1,1,7,5,1,10,1,14,,6,6,1,22,9,121.5926098,25.08304334
111,10,16,10,25,2,12內湖區,內湖區內湖路2段434巷與成功路4段182巷6弄口,0,0,3,2,C03,6,1,5,30,3,1,1,4,4,5,7,4,4,9,5,5,2,16,1,61,2,9,1,1,7,9,1,10,1,11,,42,6,1,22,9,121.5926098,25.08304334
111,10,16,10,25,2,12內湖區,內湖區內湖路2段434巷與成功路4段182巷6弄口,0,0,3,3,H02,6,1,5,30,3,1,1,4,4,5,7,4,4,9,5,5,2,16,1,16,2,8,1,5,7,20,8,20,10,15,,67,6,1,22,9,121.5926098,25.08304334
111,10,16,10,41,2,07信義區,信義區永吉路與永吉路30巷口,0,0,1,1,B03,6,1,5,50,4,1,1,4,4,5,7,1,1,1,2,5,2,16,1,69,3,10,1,1,7,9,1,8,1,8,,25,25,1,22,9,121.5688168,25.0457169
111,10,16,10,41,2,07信義區,信義區永吉路與永吉路30巷口,0,0,1,2,C03,6,1,5,50,4,1,1,4,4,5,7,1,1,1,2,5,2,16,1,36,2,9,1,1,7,5,1,10,1,12,,44,25,1,22,9,121.5688168,25.0457169
111,10,16,12,5,2,04大安區,大安區青田街6巷與青田街口,0,0,1,1,C03,6,1,5,30,4,1,1,4,4,5,7,4,4,10,5,5,2,15,1,24,2,9,1,4,7,9,1,10,1,14,,6,6,1,22,9,121.5319692,25.02808
111,10,16,12,5,2,04大安區,大安區青田街6巷與青田街口,0,0,1,2,B01,6,1,5,30,4,1,1,4,4,5,7,4,4,10,5,5,2,15,1,69,3,10,3,4,7,9,1,4,1,1,,14,6,1,22,9,121.5319692,25.02808
111,10,16,12,23,2,05中正區,中正區中華路1段91巷與中華路1段口口,0,0,1,1,C03,6,1,5,50,3,2,1,4,4,5,7,4,4,9,4,5,1,17,1,30,3,10,1,1,7,6,1,10,1,13,,9,9,1,21,1,121.5074336,25.038389
111,10,16,12,23,2,05中正區,中正區中華路1段91巷與中華路1段口口,0,0,1,2,C03,6,1,5,50,3,2,1,4,4,5,7,4,4,9,4,5,1,17,1,37,2,9,1,1,7,9,1,10,1,12,,23,9,1,21,5,121.5074336,25.038389
111,10,16,12,40,2,07信義區,信義區莊敬隧道,0,0,1,1,F01,6,3,5,40,6,9,1,4,3,5,7,4,4,5,5,5,2,18,1,27,2,8,1,1,7,9,8,20,1,16,,44,44,1,22,9,121.5658767,25.00829334
111,10,16,12,40,2,07信義區,信義區莊敬隧道,0,0,1,2,,6,3,5,40,6,9,1,4,3,5,7,4,4,5,5,5,2,18,3,,,,,,,,,,,,,61,44,1,,,121.5658767,25.00829334
111,10,16,12,42,2,11南港區,南港區市民大道7段與玉成街口,0,0,3,4,H01,1,1,5,50,4,1,1,4,4,5,7,2,1,4,3,5,2,1,1,7,2,9,1,1,8,16,8,20,1,16,,67,15,1,22,9,121.5815462,25.0495051
111,10,16,12,42,2,11南港區,南港區市民大道7段與玉成街口,0,0,3,1,B01,1,1,5,50,4,1,1,4,4,5,7,2,1,4,3,5,2,1,1,58,3,10,1,1,7,5,1,4,2,1,,15,15,1,22,9,121.5815462,25.0495051
111,10,16,12,42,2,11南港區,南港區市民大道7段與玉成街口,0,0,3,2,H01,1,1,5,50,4,1,1,4,4,5,7,2,1,4,3,5,2,1,1,43,2,9,1,1,8,16,8,20,1,16,,67,15,1,22,9,121.5815462,25.0495051
111,10,16,12,42,2,11南港區,南港區市民大道7段與玉成街口,0,0,3,3,H01,1,1,5,50,4,1,1,4,4,5,7,2,1,4,3,5,2,1,2,42,2,9,1,1,8,16,8,20,1,16,,67,15,1,22,9,121.5815462,25.0495051
111,10,16,13,5,2,04大安區,大安區仁愛路4段408巷與仁愛路4段口,0,0,1,1,B03,6,1,5,50,3,2,1,4,4,5,7,4,4,8,3,5,1,17,1,53,3,10,1,1,7,1,1,8,1,1,,19,19,1,21,5,121.5569043,25.03777268
111,10,16,13,5,2,04大安區,大安區仁愛路4段408巷與仁愛路4段口,0,0,1,2,C03,6,1,5,50,3,2,1,4,4,5,7,4,4,8,3,5,1,17,2,41,2,8,1,1,7,8,1,10,1,12,,7,19,1,21,8,121.5569043,25.03777268
111,10,16,13,57,2,08士林區,士林區後港街與大南路口,0,0,1,1,C03,6,1,5,50,3,1,1,4,4,5,7,4,4,10,3,5,1,3,1,36,3,10,1,1,7,6,1,10,2,11,,15,15,1,22,9,121.5207261,25.0883433
111,10,16,13,57,2,08士林區,士林區後港街與大南路口,0,0,1,2,H01,6,1,5,50,3,1,1,4,4,5,7,4,4,10,3,5,1,3,1,53,2,8,4,1,8,18,8,20,10,16,,67,15,1,22,9,121.5207261,25.0883433
111,10,16,13,57,2,08士林區,士林區後港街與大南路口,0,0,1,3,B12,6,1,5,50,3,1,1,4,4,5,7,4,4,10,3,5,1,3,1,47,3,10,3,4,7,14,1,8,11,15,,42,15,1,22,9,121.5207261,25.0883433
111,10,16,14,47,2,03中山區,中山區八德路2段141號,0,0,4,1,B01,6,1,5,50,14,9,1,4,4,5,7,4,4,5,4,5,2,13,1,57,3,10,3,4,7,8,1,4,2,1,,23,23,1,22,9,121.5376046,25.04629092