發生年度,發生月,發生日,發生時-Hours,發生分,處理別-編號,區序,肇事地點,死亡人數,2-30日死亡人數,受傷人數,當事人序號,車種,天候,光線,道路類別,速限-速度限制,道路型態,事故位置,路面狀況1,路面狀況2,路面狀況3,道路障礙1,道路障礙2,號誌1,號誌2,車道劃分-分向,車道劃分-分道1,車道劃分-分道2,車道劃分-分道3,事故類型及型態,性別,年齡,受傷程度,主要傷處,安全帽,行動電話,車輛用途,當事者行動狀態,駕駛資格情形,駕駛執照種類,飲酒情形,車輛撞擊部位1,車輛撞擊部位2,肇因碼-個別,肇因碼-主要,個人肇逃否,職業,旅次目的,座標-X,座標-Y
111,10,16,14,47,2,03中山區,中山區八德路2段141號,0,0,4,2,B02,6,1,5,50,14,9,1,4,4,5,7,4,4,5,4,5,2,13,1,43,2,6,3,4,7,14,1,8,2,3,,38,23,1,22,9,121.5376046,25.04629092
111,10,16,14,47,2,03中山區,中山區八德路2段141號,0,0,4,3,H02,6,1,5,50,14,9,1,4,4,5,7,4,4,5,4,5,2,13,2,28,2,8,4,5,7,20,8,20,10,16,,67,23,1,22,9,121.5376046,25.04629092
111,10,16,14,47,2,03中山區,中山區八德路2段141號,0,0,4,4,H02,6,1,5,50,14,9,1,4,4,5,7,4,4,5,4,5,2,13,2,28,2,9,4,5,7,20,8,20,10,16,,67,23,1,22,9,121.5376046,25.04629092
111,10,16,14,47,2,03中山區,中山區八德路2段141號,0,0,4,5,H02,6,1,5,50,14,9,1,4,4,5,7,4,4,5,4,5,2,13,2,30,2,9,4,5,7,20,8,20,10,16,,67,23,1,22,9,121.5376046,25.04629092
111,10,16,15,0,2,07信義區,信義區松平路與莊敬路239巷口,0,0,1,1,B02,6,1,5,30,3,1,1,4,4,5,7,2,1,10,5,5,2,17,1,26,3,10,1,1,7,6,1,8,1,5,,42,42,1,22,9,121.5631078,25.0301232
111,10,16,15,0,2,07信義區,信義區松平路與莊敬路239巷口,0,0,1,2,C03,6,1,5,30,3,1,1,4,4,5,7,2,1,10,5,5,2,17,1,22,2,9,1,1,7,9,1,10,1,14,,13,42,1,22,9,121.5631078,25.0301232
111,10,16,15,35,2,04大安區,大安區復興南路2段143號,0,0,1,1,B01,6,1,5,0,14,9,1,4,4,5,7,2,1,1,4,5,2,17,1,44,3,10,1,1,7,8,1,4,1,5,,7,7,1,22,9,121.5435927,25.02837986
111,10,16,15,35,2,04大安區,大安區復興南路2段143號,0,0,1,2,C03,6,1,5,0,14,9,1,4,4,5,7,2,1,1,4,5,2,17,1,26,2,9,1,1,7,12,1,10,1,14,,44,7,1,22,9,121.5435927,25.02837986
111,10,16,16,5,2,12內湖區,內湖區成功路2段237號,0,0,1,2,B03,6,1,5,50,14,9,1,4,4,5,7,4,4,3,4,5,2,13,1,47,3,10,1,1,7,14,1,8,1,3,,44,23,1,22,9,121.5908145,25.06782233
111,10,16,16,5,2,12內湖區,內湖區成功路2段237號,0,0,1,1,C03,6,1,5,50,14,9,1,4,4,5,7,4,4,3,4,5,2,13,1,23,2,9,1,1,7,9,1,10,1,11,,23,23,1,22,9,121.5908145,25.06782233
111,10,16,17,15,2,03中山區,中山區建國北路3段與松江路口,0,0,2,4,H02,6,2,5,50,5,1,1,4,4,5,7,2,1,1,4,5,2,13,2,36,2,1,4,5,7,20,8,20,10,16,,67,23,1,22,9,121.5336447,25.06810725
111,10,16,17,15,2,03中山區,中山區建國北路3段與松江路口,0,0,2,1,A05,6,2,5,50,5,1,1,4,4,5,7,2,1,1,4,5,2,13,1,34,3,10,3,4,7,9,1,1,2,1,,23,23,1,22,9,121.5336447,25.06810725
111,10,16,17,15,2,03中山區,中山區建國北路3段與松江路口,0,0,2,2,B03,6,2,5,50,5,1,1,4,4,5,7,2,1,1,4,5,2,13,1,25,2,1,3,4,7,9,1,8,2,3,,44,23,1,22,9,121.5336447,25.06810725
111,10,16,17,15,2,03中山區,中山區建國北路3段與松江路口,0,0,2,3,B03,6,2,5,50,5,1,1,4,4,5,7,2,1,1,4,5,2,13,2,38,3,10,3,4,7,12,1,8,2,3,,23,23,1,22,9,121.5336447,25.06810725
111,10,16,17,20,2,05中正區,中正區思源街16號,0,0,1,1,B03,6,3,5,50,3,1,1,4,4,5,7,2,1,3,4,4,2,17,1,46,4,11,3,4,7,15,7,19,11,15,,26,26,2,22,9,121.5302982,25.0135744
111,10,16,17,20,2,05中正區,中正區思源街16號,0,0,1,2,C03,6,3,5,50,3,1,1,4,4,5,7,2,1,3,4,4,2,17,2,40,2,9,1,1,7,9,1,10,2,14,,44,26,1,22,9,121.5302982,25.0135744
111,10,16,17,20,2,05中正區,中正區思源街16號,0,0,1,3,C03,6,3,5,50,3,1,1,4,4,5,7,2,1,3,4,4,2,17,1,26,3,10,1,1,7,9,1,10,2,11,,44,26,1,22,9,121.5302982,25.0135744
111,10,16,17,40,2,02萬華區,萬華區艋舺大道101號,0,0,3,1,B01,6,3,5,50,14,9,1,4,4,5,7,4,4,1,4,4,2,13,1,60,3,10,1,1,7,9,1,4,2,1,,16,16,1,22,9,121.5014319,25.03315472
111,10,16,17,40,2,02萬華區,萬華區艋舺大道101號,0,0,3,2,B03,6,3,5,50,14,9,1,4,4,5,7,4,4,1,4,4,2,13,1,50,3,10,1,1,7,14,1,8,2,3,,44,16,1,22,9,121.5014319,25.03315472
111,10,16,17,40,2,02萬華區,萬華區艋舺大道101號,0,0,3,3,B03,6,3,5,50,14,9,1,4,4,5,7,4,4,1,4,4,2,13,1,31,2,2,1,1,7,14,1,8,2,6,,44,16,1,22,9,121.5014319,25.03315472
111,10,16,17,40,2,02萬華區,萬華區艋舺大道101號,0,0,3,4,H02,6,3,5,50,14,9,1,4,4,5,7,4,4,1,4,4,2,13,2,50,2,2,1,1,7,20,8,20,10,16,,67,16,1,22,9,121.5014319,25.03315472
111,10,16,17,40,2,02萬華區,萬華區艋舺大道101號,0,0,3,5,H02,6,3,5,50,14,9,1,4,4,5,7,4,4,1,4,4,2,13,1,12,2,9,1,1,7,20,8,20,10,16,,67,16,1,22,9,121.5014319,25.03315472
111,10,16,17,46,2,03中山區,中山區明水路往西大直橋下,0,0,1,1,C03,1,3,5,50,14,9,1,4,4,5,7,1,1,1,3,5,1,18,1,30,2,9,1,1,7,9,1,10,2,14,,44,44,1,22,9,121.5439906,25.0774934
111,10,16,17,46,2,03中山區,中山區明水路往西大直橋下,0,0,1,2,,1,3,5,50,14,9,1,4,4,5,7,1,1,1,3,5,1,18,3,,,,,,,,,,,,,67,44,1,,,121.5439906,25.0774934
111,10,16,17,48,2,07信義區,信義區光復南路271號,0,0,1,1,C03,6,3,5,50,14,9,1,4,4,5,7,4,4,9,4,5,2,17,1,43,2,9,1,1,7,9,1,10,1,11,,43,43,1,22,9,121.5577285,25.0401814
111,10,16,17,48,2,07信義區,信義區光復南路271號,0,0,1,2,B03,6,3,5,50,14,9,1,4,4,5,7,4,4,9,4,5,2,17,1,50,3,10,1,1,7,15,1,8,9,7,,43,43,1,22,9,121.5577285,25.0401814
111,10,16,17,50,2,03中山區,中山區合江街102巷與合江街口,0,0,1,1,B02,1,3,5,30,5,1,1,4,4,5,7,4,4,9,5,5,2,16,1,36,3,10,3,4,7,5,1,8,2,2,,6,6,2,22,9,121.5391853,25.05876274
111,10,16,17,50,2,03中山區,中山區合江街102巷與合江街口,0,0,1,2,B12,1,3,5,30,5,1,1,4,4,5,7,4,4,9,5,5,2,16,1,63,3,10,3,4,7,9,1,8,2,8,,44,6,1,22,9,121.5391853,25.05876274
111,10,16,17,50,2,03中山區,中山區合江街102巷與合江街口,0,0,1,3,H02,1,3,5,30,5,1,1,4,4,5,7,4,4,9,5,5,2,16,2,35,2,5,4,5,7,21,8,20,10,16,,67,6,1,22,9,121.5391853,25.05876274
111,10,16,18,5,2,04大安區,大安區忠孝東路4段216巷與仁愛路4段345巷4弄口,0,0,1,1,C03,6,3,5,30,14,18,1,4,4,5,7,4,4,10,5,5,2,3,1,32,3,10,1,1,7,9,1,10,1,11,,15,,1,22,9,121.5530248,25.0390064
111,10,16,18,5,2,04大安區,大安區忠孝東路4段216巷與仁愛路4段345巷4弄口,0,0,1,2,H01,6,3,5,30,14,18,1,4,4,5,7,4,4,10,5,5,2,3,2,89,2,9,4,5,8,17,8,20,10,16,,67,,1,22,9,121.5530248,25.0390064
111,10,16,18,7,2,06松山區,松山區塔悠路351號,0,0,1,2,C03,1,3,5,0,14,9,1,4,2,4,7,4,4,9,4,5,2,29,1,30,2,9,1,4,7,9,1,10,2,11,,23,62,1,22,9,121.5685417,25.06243444
111,10,16,18,7,2,06松山區,松山區塔悠路351號,0,0,1,1,,1,3,5,0,14,9,1,4,2,4,7,4,4,9,4,5,2,29,3,,,,,,,,,,,,,62,62,1,,,121.5685417,25.06243444
111,10,16,18,10,2,10文山區,文山區忠順街2段29號,0,0,1,1,C03,6,3,5,50,14,9,1,4,4,5,7,4,4,5,4,5,2,17,2,42,3,10,3,4,7,1,1,10,1,13,,19,19,1,22,9,121.5633828,24.98474975
111,10,16,18,10,2,10文山區,文山區忠順街2段29號,0,0,1,2,C03,6,3,5,50,14,9,1,4,4,5,7,4,4,5,4,5,2,17,1,45,2,5,3,4,7,9,1,10,1,11,,42,19,1,22,9,121.5633828,24.98474975
111,10,16,18,25,2,08士林區,士林區中正路與士商路口,0,0,2,1,C03,6,3,5,50,4,1,1,4,4,5,7,2,1,1,4,5,2,17,2,44,2,9,1,1,7,9,1,10,9,14,,16,23,1,21,8,121.5186754,25.09242432
111,10,16,18,25,2,08士林區,士林區中正路與士商路口,0,0,2,2,C03,6,3,5,50,4,1,1,4,4,5,7,2,1,1,4,5,2,17,2,51,2,9,1,1,7,12,1,10,9,12,,44,23,1,21,8,121.5186754,25.09242432
111,10,16,18,32,2,02萬華區,萬華區環河南路1段與康定路口,0,0,1,1,C03,6,3,5,50,3,1,1,4,4,5,7,1,1,8,3,5,2,16,2,73,2,9,1,4,7,1,1,10,1,12,,19,19,1,22,9,121.5033836,25.0462521
111,10,16,18,32,2,02萬華區,萬華區環河南路1段與康定路口,0,0,1,2,B01,6,3,5,50,3,1,1,4,4,5,7,1,1,8,3,5,2,16,1,62,3,10,3,4,7,6,1,8,1,4,,44,19,1,22,9,121.5033836,25.0462521
111,10,16,19,0,2,06松山區,松山區復興北路與長春路口,0,0,1,1,B01,6,3,5,50,4,1,1,4,4,5,7,1,1,1,4,5,2,13,1,59,3,10,1,1,7,9,1,4,1,1,,23,23,1,22,9,121.5441959,25.05456011
111,10,16,19,0,2,06松山區,松山區復興北路與長春路口,0,0,1,2,C03,6,3,5,50,4,1,1,4,4,5,7,1,1,1,4,5,2,13,2,33,2,8,1,1,7,14,1,10,1,13,,44,23,1,22,9,121.5441959,25.05456011
111,10,16,19,30,2,11南港區,南港區大坑街與宜興街口,0,0,1,1,C04,6,3,5,50,4,2,1,4,4,5,7,2,1,10,5,5,2,3,2,61,3,10,3,4,7,9,1,11,9,11,,23,23,1,22,9,121.6203261,25.04188875
111,10,16,19,30,2,11南港區,南港區大坑街與宜興街口,0,0,1,2,H01,6,3,5,50,4,2,1,4,4,5,7,2,1,10,5,5,2,3,2,55,2,9,4,5,8,16,8,20,10,16,,67,23,1,22,9,121.6203261,25.04188875
111,10,16,19,49,2,04大安區,大安區敦化南路2段與敦化南路2段63巷口口,0,0,1,1,B01,6,3,5,50,4,2,1,4,4,5,7,1,1,5,4,5,2,16,1,28,3,10,1,1,7,5,1,4,1,2,,6,6,1,22,9,121.5490175,25.03093673
111,10,16,19,49,2,04大安區,大安區敦化南路2段與敦化南路2段63巷口口,0,0,1,2,C03,6,3,5,50,4,2,1,4,4,5,7,1,1,5,4,5,2,16,1,31,2,8,1,1,7,9,1,10,1,11,,13,6,1,22,9,121.5490175,25.03093673
111,10,16,19,51,2,01大同區,大同區忠孝西路2段與塔城街口,0,0,1,1,B12,6,3,5,50,4,2,1,4,4,5,7,2,1,1,4,5,2,9,1,64,3,10,1,1,7,6,1,8,2,1,,15,15,1,22,9,121.5096095,25.0482225
111,10,16,19,51,2,01大同區,大同區忠孝西路2段與塔城街口,0,0,1,2,H01,6,3,5,50,4,2,1,4,4,5,7,2,1,1,4,5,2,9,2,20,2,9,4,5,8,16,8,20,10,16,,67,15,1,22,9,121.5096095,25.0482225
111,10,16,20,6,2,04大安區,大安區復興南路1段317號,0,0,1,1,C03,6,1,5,50,14,9,1,4,4,3,5,4,4,1,4,5,2,13,1,65,2,8,1,4,7,9,1,10,1,12,,23,23,1,22,9,121.5437701,25.03425562
111,10,16,20,6,2,04大安區,大安區復興南路1段317號,0,0,1,2,B03,6,1,5,50,14,9,1,4,4,3,5,4,4,1,4,5,2,13,2,57,3,10,1,4,7,14,1,8,1,4,,38,23,1,22,9,121.5437701,25.03425562
111,10,16,20,15,2,12內湖區,內湖區瑞光路與港墘路口,0,0,1,1,B03,6,3,5,50,4,1,1,4,4,5,7,2,1,1,4,5,1,2,1,45,3,10,1,1,7,5,1,8,2,1,,15,8,1,22,9,121.5749822,25.07638851
111,10,16,20,15,2,12內湖區,內湖區瑞光路與港墘路口,0,0,1,2,H01,6,3,5,50,4,1,1,4,4,5,7,2,1,1,4,5,1,2,1,63,2,9,4,5,8,16,8,20,10,15,,67,8,1,22,9,121.5749822,25.07638851
111,10,16,20,55,2,06松山區,松山區南京東路4段75號,0,0,1,1,B03,6,3,5,50,14,8,1,4,4,5,7,4,4,1,4,4,2,17,1,18,3,10,1,1,7,8,1,8,1,15,,7,7,1,22,9,121.553459,25.05173291
111,10,16,20,55,2,06松山區,松山區南京東路4段75號,0,0,1,2,C03,6,3,5,50,14,8,1,4,4,5,7,4,4,1,4,4,2,17,2,25,2,9,1,1,7,9,1,10,1,12,,44,7,1,22,9,121.553459,25.05173291
111,10,16,21,42,2,04大安區,大安區復興南路1段136號,0,0,1,1,C03,6,3,5,50,14,9,1,4,4,5,7,4,4,1,5,5,2,12,1,19,3,10,1,1,7,9,1,10,1,12,,43,43,1,22,9,121.5437405,25.042767
111,10,16,21,42,2,04大安區,大安區復興南路1段136號,0,0,1,2,C03,6,3,5,50,14,9,1,4,4,5,7,4,4,1,5,5,2,12,1,19,3,10,1,1,7,9,1,10,1,11,,43,43,1,22,9,121.5437405,25.042767
111,10,16,21,42,2,04大安區,大安區復興南路1段136號,0,0,1,3,H02,6,3,5,50,14,9,1,4,4,5,7,4,4,1,5,5,2,12,2,15,2,9,4,5,7,20,8,20,10,16,,67,43,1,22,9,121.5437405,25.042767
111,10,16,23,59,2,04大安區,大安區忠孝東路3段244號,0,0,1,1,B01,6,3,5,50,14,9,1,4,4,5,7,4,4,8,3,5,2,12,1,59,3,10,1,1,7,8,1,8,1,2,,7,7,1,22,9,121.5410936,25.04155053
111,10,16,23,59,2,04大安區,大安區忠孝東路3段244號,0,0,1,2,C03,6,3,5,50,14,9,1,4,4,5,7,4,4,8,3,5,2,12,1,63,2,9,1,1,7,9,1,10,1,14,,13,7,1,22,9,121.5410936,25.04155053
111,10,17,6,11,2,04大安區,大安區羅斯福路4段與基隆路4段口,0,0,1,1,B03,6,1,5,50,5,2,1,4,4,5,7,2,1,1,4,4,2,16,2,20,3,10,3,4,7,7,1,8,11,4,,7,7,1,22,9,121.5378809,25.0117121
111,10,17,6,11,2,04大安區,大安區羅斯福路4段與基隆路4段口,0,0,1,2,C03,6,1,5,50,5,2,1,4,4,5,7,2,1,1,4,4,2,16,1,37,2,9,1,4,7,9,1,10,11,12,,44,7,1,22,9,121.5378809,25.0117121
111,10,17,6,13,2,03中山區,中山區樂群三路與敬業一路口,0,0,1,1,B01,6,1,5,50,4,1,1,4,4,5,7,2,1,5,5,5,2,17,1,31,3,10,3,2,7,5,1,3,1,8,,41,41,1,22,9,121.5522687,25.0828043
111,10,17,6,13,2,03中山區,中山區樂群三路與敬業一路口,0,0,1,2,C03,6,1,5,50,4,1,1,4,4,5,7,2,1,5,5,5,2,17,1,42,2,9,1,1,7,14,1,10,1,12,,42,41,1,22,9,121.5522687,25.0828043
111,10,17,6,55,2,10文山區,文山區景興路216號,0,0,1,1,B03,6,1,5,50,14,9,1,4,4,5,7,4,4,5,5,5,2,12,2,41,3,10,1,1,7,9,1,8,2,5,,17,17,1,22,9,121.5435327,24.99122647
111,10,17,6,55,2,10文山區,文山區景興路216號,0,0,1,2,F02,6,1,5,50,14,9,1,4,4,5,7,4,4,5,5,5,2,12,2,75,2,9,1,1,7,9,8,20,2,16,,44,17,1,22,9,121.5435327,24.99122647
111,10,17,7,45,2,11南港區,南港區忠孝東路6段與忠孝東路6段口無名巷,0,0,1,1,B03,6,1,5,50,4,2,1,4,4,5,7,2,1,3,3,4,2,16,1,31,3,10,3,4,7,6,1,8,1,6,,6,6,1,22,9,121.5919592,25.0497521
111,10,17,7,45,2,11南港區,南港區忠孝東路6段與忠孝東路6段口無名巷,0,0,1,2,C03,6,1,5,50,4,2,1,4,4,5,7,2,1,3,3,4,2,16,1,37,2,8,3,4,7,9,1,10,1,14,,44,6,1,22,9,121.5919592,25.0497521
111,10,17,7,54,2,04大安區,大安區安和路2段與安和路2段35巷口口,0,0,1,1,C03,6,1,5,50,4,1,1,4,4,5,7,2,1,8,3,5,1,17,2,28,2,9,3,4,7,15,1,10,2,13,,44,44,1,22,9,121.5524551,25.03175942
111,10,17,7,54,2,04大安區,大安區安和路2段與安和路2段35巷口口,0,0,1,2,B03,6,1,5,50,4,1,1,4,4,5,7,2,1,8,3,5,1,17,1,37,3,10,3,4,7,15,1,8,2,1,,23,44,1,22,9,121.5524551,25.03175942
111,10,17,8,24,2,12內湖區,內湖區陽光街與瑞光路口,0,0,1,1,C03,6,1,5,50,4,1,1,4,4,5,7,2,1,5,2,5,2,16,2,63,2,8,1,1,7,5,1,10,2,14,,8,8,1,22,9,121.5791862,25.07375657
111,10,17,8,24,2,12內湖區,內湖區陽光街與瑞光路口,0,0,1,2,B03,6,1,5,50,4,1,1,4,4,5,7,2,1,5,2,5,2,16,1,44,3,10,1,1,7,5,1,8,2,5,,23,8,1,22,9,121.5791862,25.07375657
111,10,17,8,25,2,08士林區,士林區百齡橋往士林18號燈柱,0,0,1,1,C03,6,1,5,50,14,11,1,4,4,5,7,4,4,10,4,5,1,13,2,25,2,8,1,1,7,12,1,10,1,13,,44,44,1,22,9,121.5135509,25.08906205
111,10,17,8,25,2,08士林區,士林區百齡橋往士林18號燈柱,0,0,1,2,C03,6,1,5,50,14,11,1,4,4,5,7,4,4,10,4,5,1,13,1,18,3,10,1,1,7,9,1,10,1,13,,16,44,1,22,9,121.5135509,25.08906205
111,10,17,8,25,2,08士林區,士林區百齡橋往士林18號燈柱,0,0,1,3,C03,6,1,5,50,14,11,1,4,4,5,7,4,4,10,4,5,1,13,1,32,3,10,1,1,7,9,1,10,1,11,,16,44,1,22,9,121.5135509,25.08906205
111,10,17,8,35,2,03中山區,中山區民生東路3段10號,0,0,2,1,C03,6,1,5,50,14,9,1,4,4,5,7,4,4,1,3,5,1,16,2,22,2,9,1,4,7,9,1,10,1,14,,42,42,1,22,9,121.5388572,25.05776376
111,10,17,8,35,2,03中山區,中山區民生東路3段10號,0,0,2,2,C03,6,1,5,50,14,9,1,4,4,5,7,4,4,1,3,5,1,16,1,32,2,9,1,4,7,9,1,10,1,12,,44,42,1,22,9,121.5388572,25.05776376
111,10,17,8,40,2,04大安區,大安區和平東路3段與基隆路2段口,0,0,1,1,C03,6,1,5,50,4,1,1,4,4,5,7,1,1,8,3,5,2,13,1,58,2,9,1,1,7,9,1,10,1,11,,44,44,1,22,9,121.5521208,25.0241031
111,10,17,8,40,2,04大安區,大安區和平東路3段與基隆路2段口,0,0,1,2,C03,6,1,5,50,4,1,1,4,4,5,7,1,1,8,3,5,2,13,1,22,3,10,1,1,7,9,1,10,1,13,,44,44,1,22,9,121.5521208,25.0241031
111,10,17,8,40,2,04大安區,大安區和平東路3段與基隆路2段口,0,0,1,3,,6,1,5,50,4,1,1,4,4,5,7,1,1,8,3,5,2,13,4,,4,11,3,4,7,15,7,19,11,15,,43,44,2,22,9,121.5521208,25.0241031
111,10,17,8,40,2,09北投區,北投區明德路174巷與建民路口,0,0,2,1,C03,6,1,5,50,4,2,1,4,4,5,7,4,4,9,4,5,1,16,1,47,2,8,1,1,7,11,1,10,1,12,,10,19,1,22,9,121.5211427,25.11123338
111,10,17,8,40,2,09北投區,北投區明德路174巷與建民路口,0,0,2,2,C03,6,1,5,50,4,2,1,4,4,5,7,4,4,9,4,5,1,16,1,35,2,7,1,1,7,9,1,10,1,11,,44,19,1,22,9,121.5211427,25.11123338
111,10,17,8,40,2,09北投區,北投區明德路174巷與建民路口,0,0,2,3,B03,6,1,5,50,4,2,1,4,4,5,7,4,4,9,4,5,1,16,1,40,3,10,2,1,7,14,1,8,1,2,,44,19,1,22,9,121.5211427,25.11123338
111,10,17,8,40,2,12內湖區,內湖區安康路149號,0,0,1,1,C03,6,1,5,30,14,9,1,4,4,5,7,4,4,10,5,5,2,17,1,24,2,9,1,1,7,5,1,10,1,13,,8,8,1,22,9,121.6019772,25.06325363
111,10,17,8,40,2,12內湖區,內湖區安康路149號,0,0,1,2,C03,6,1,5,30,14,9,1,4,4,5,7,4,4,10,5,5,2,17,1,36,3,10,1,1,7,9,1,10,1,11,,23,8,1,22,9,121.6019772,25.06325363
111,10,17,8,40,2,11南港區,南港區向陽路與南港路2段口,0,0,1,1,C03,6,1,5,50,4,2,1,4,3,5,7,2,1,3,1,5,2,18,2,28,2,9,3,4,7,9,1,10,1,12,,13,13,1,22,9,121.5953357,25.054461
111,10,17,8,40,2,11南港區,南港區向陽路與南港路2段口,0,0,1,2,,6,1,5,50,4,2,1,4,3,5,7,2,1,3,1,5,2,18,3,,,,,,,,,,,,,61,13,1,,,121.5953357,25.054461
111,10,17,8,50,2,03中山區,中山區吉林路與松江路156巷口,0,0,2,1,C03,6,1,5,40,3,1,1,4,4,5,7,4,4,9,4,4,2,12,2,52,2,9,1,4,7,8,1,10,1,12,,7,7,1,22,9,121.5301923,25.05437685
111,10,17,8,50,2,03中山區,中山區吉林路與松江路156巷口,0,0,2,2,C03,6,1,5,40,3,1,1,4,4,5,7,4,4,9,4,4,2,12,2,41,2,9,1,4,7,9,1,11,1,14,,42,7,1,22,9,121.5301923,25.05437685
111,10,17,8,50,2,08士林區,士林區延平北路6段505號,0,0,1,1,B03,6,1,5,50,14,12,1,4,4,5,7,4,4,1,4,5,2,17,1,58,3,10,3,4,7,1,1,8,1,4,,19,19,1,22,9,121.4982544,25.09335826
111,10,17,8,50,2,08士林區,士林區延平北路6段505號,0,0,1,2,C03,6,1,5,50,14,12,1,4,4,5,7,4,4,1,4,5,2,17,2,65,2,7,3,4,7,9,1,10,1,11,,44,19,1,22,9,121.4982544,25.09335826
111,10,17,8,52,2,02萬華區,萬華區興義街與西園路2段320巷口,0,0,1,1,C03,6,1,5,30,4,1,1,4,4,5,7,4,4,10,5,5,1,11,2,26,2,9,1,4,7,9,1,10,1,12,,6,6,1,22,9,121.4917856,25.02669284
111,10,17,8,52,2,02萬華區,萬華區興義街與西園路2段320巷口,0,0,1,2,B12,6,1,5,30,4,1,1,4,4,5,7,4,4,10,5,5,1,11,1,41,3,10,1,4,7,9,1,8,1,8,,13,6,1,22,9,121.4917856,25.02669284
111,10,17,8,59,2,12內湖區,內湖區成功路5段與康湖路口,0,0,2,1,B03,6,1,5,50,3,2,1,4,4,5,7,1,1,5,4,5,2,12,1,48,3,10,1,1,7,8,1,8,11,5,,7,7,1,22,9,121.6068612,25.08198695
111,10,17,8,59,2,12內湖區,內湖區成功路5段與康湖路口,0,0,2,3,H02,6,1,5,50,3,2,1,4,4,5,7,1,1,5,4,5,2,12,2,26,2,7,1,5,7,21,8,20,10,16,,67,7,1,22,9,121.6068612,25.08198695
111,10,17,8,59,2,12內湖區,內湖區成功路5段與康湖路口,0,0,2,2,C03,6,1,5,50,3,2,1,4,4,5,7,1,1,5,4,5,2,12,2,26,2,9,1,1,7,9,1,10,1,12,,42,7,1,22,9,121.6068612,25.08198695
111,10,17,9,23,2,04大安區,大安區市民大道4段與忠孝東路4段101巷口,0,0,1,1,C03,6,1,5,0,3,2,1,4,4,5,7,4,4,10,5,5,2,17,1,39,3,10,1,1,7,9,1,10,2,15,,6,6,1,22,9,121.5481577,25.04479787
111,10,17,9,23,2,04大安區,大安區市民大道4段與忠孝東路4段101巷口,0,0,1,2,C03,6,1,5,0,3,2,1,4,4,5,7,4,4,10,5,5,2,17,1,33,2,9,1,1,7,12,1,10,2,14,,14,6,1,22,9,121.5481577,25.04479787
111,10,17,9,30,2,04大安區,大安區和平東路2段175巷20號,0,0,1,1,B01,6,1,5,0,14,9,1,4,4,5,7,4,4,10,5,5,2,17,1,67,3,10,1,1,7,4,1,4,11,2,,23,23,1,22,9,121.5417539,25.02585292
111,10,17,9,30,2,04大安區,大安區和平東路2段175巷20號,0,0,1,2,G06,6,1,5,0,14,9,1,4,4,5,7,4,4,10,5,5,2,17,1,66,2,9,4,4,7,1,7,19,11,15,,19,23,1,22,9,121.5417539,25.02585292
111,10,17,10,0,2,07信義區,信義區忠孝東路5段743巷11號,0,0,1,1,H01,6,1,5,50,14,9,1,4,4,5,7,2,1,1,4,5,2,3,2,92,2,1,4,1,8,16,8,20,10,16,,52,52,1,22,9,121.5811583,25.0435313
111,10,17,10,0,2,07信義區,信義區忠孝東路5段743巷11號,0,0,1,2,B03,6,1,5,50,14,9,1,4,4,5,7,2,1,1,4,5,2,3,2,40,3,10,1,1,7,1,1,8,2,1,,15,52,1,22,9,121.5811583,25.0435313
111,10,17,11,1,2,03中山區,中山區松江路133巷與南京東路2段115巷口,0,0,1,1,B01,8,1,5,30,4,1,1,5,4,5,7,4,4,10,5,5,2,15,1,50,3,10,1,1,7,9,1,4,1,4,,6,6,1,22,9,121.533639,25.0543609
111,10,17,11,1,2,03中山區,中山區松江路133巷與南京東路2段115巷口,0,0,1,2,F01,8,1,5,30,4,1,1,5,4,5,7,4,4,10,5,5,2,15,1,68,2,9,1,1,7,9,8,20,1,16,,44,6,1,22,9,121.533639,25.0543609
111,10,17,11,5,2,11南港區,南港區南港路1段與興中路口,0,0,1,1,B03,6,1,5,50,4,2,1,4,4,5,7,2,1,8,3,5,2,3,2,44,3,10,3,4,7,5,1,10,2,1,,23,23,1,22,9,121.6081836,25.0543814
111,10,17,11,5,2,11南港區,南港區南港路1段與興中路口,0,0,1,2,H01,6,1,5,50,4,2,1,4,4,5,7,2,1,8,3,5,2,3,2,35,2,9,3,5,8,16,8,20,10,16,,51,23,1,22,9,121.6081836,25.0543814
111,10,17,11,29,2,09北投區,北投區西安街2段165號,0,0,1,1,H02,6,1,5,50,11,9,1,4,4,5,7,4,4,9,4,5,2,9,1,65,3,10,4,5,7,19,8,20,10,16,,56,56,1,22,9,121.5121564,25.11898988
111,10,17,11,29,2,09北投區,北投區西安街2段165號,0,0,1,2,B03,6,1,5,50,11,9,1,4,4,5,7,4,4,9,4,5,2,9,1,33,3,10,1,1,7,14,1,8,1,2,,40,56,1,22,9,121.5121564,25.11898988
111,10,17,11,29,2,09北投區,北投區西安街2段165號,0,0,1,3,C03,6,1,5,50,11,9,1,4,4,5,7,4,4,9,4,5,2,9,1,47,2,9,1,1,7,9,1,10,1,11,,44,56,1,22,9,121.5121564,25.11898988