發生年度,發生月,發生日,發生時-Hours,發生分,處理別-編號,區序,肇事地點,死亡人數,2-30日死亡人數,受傷人數,當事人序號,車種,天候,光線,道路類別,速限-速度限制,道路型態,事故位置,路面狀況1,路面狀況2,路面狀況3,道路障礙1,道路障礙2,號誌1,號誌2,車道劃分-分向,車道劃分-分道1,車道劃分-分道2,車道劃分-分道3,事故類型及型態,性別,年齡,受傷程度,主要傷處,安全帽,行動電話,車輛用途,當事者行動狀態,駕駛資格情形,駕駛執照種類,飲酒情形,車輛撞擊部位1,車輛撞擊部位2,肇因碼-個別,肇因碼-主要,個人肇逃否,職業,旅次目的,座標-X,座標-Y
111,10,17,11,30,2,04大安區,大安區羅斯福路4段與基隆路4段口,0,0,1,1,B03,6,1,5,50,16,9,1,4,4,5,7,2,1,8,3,5,1,17,2,42,3,10,1,1,7,15,1,8,1,4,,6,6,1,21,5,121.5373856,25.01121566
111,10,17,11,30,2,04大安區,大安區羅斯福路4段與基隆路4段口,0,0,1,2,C03,6,1,5,50,16,9,1,4,4,5,7,2,1,8,3,5,1,17,1,39,2,8,1,1,7,12,1,10,1,12,,23,6,1,5,1,121.5373856,25.01121566
111,10,17,11,40,2,10文山區,文山區興隆路4段與興隆路4段109巷口口,0,0,2,1,C03,6,1,5,50,4,1,1,4,4,5,7,2,1,1,3,5,1,12,2,48,2,8,1,4,7,5,1,10,2,14,,17,17,1,22,9,121.56101,24.98652544
111,10,17,11,40,2,10文山區,文山區興隆路4段與興隆路4段109巷口口,0,0,2,2,C03,6,1,5,50,4,1,1,4,4,5,7,2,1,1,3,5,1,12,1,64,2,7,1,4,7,9,1,10,2,12,,44,17,1,22,9,121.56101,24.98652544
111,10,17,11,50,2,05中正區,中正區中山南路與貴陽街1段口,0,0,1,1,B03,6,1,5,50,3,1,1,4,4,5,7,1,1,5,4,5,2,12,1,58,3,10,1,1,7,6,1,8,2,2,,6,6,1,22,9,121.5172355,25.0380788
111,10,17,11,50,2,05中正區,中正區中山南路與貴陽街1段口,0,0,1,2,C03,6,1,5,50,3,1,1,4,4,5,7,1,1,5,4,5,2,12,1,60,2,8,1,1,7,9,1,10,2,14,,16,6,1,22,9,121.5172355,25.0380788
111,10,17,11,51,2,04大安區,大安區通化街19巷與通化街口,0,0,1,1,C03,6,1,5,50,4,2,1,4,4,5,7,4,4,7,2,5,1,12,1,33,3,10,1,1,7,7,1,10,1,13,,7,7,1,22,9,121.5542664,25.0316666
111,10,17,11,51,2,04大安區,大安區通化街19巷與通化街口,0,0,1,2,C03,6,1,5,50,4,2,1,4,4,5,7,4,4,7,2,5,1,12,1,24,2,7,1,1,7,9,1,10,1,12,,17,7,1,22,9,121.5542664,25.0316666
111,10,17,12,0,2,02萬華區,萬華區環河南路1段132號,0,0,1,1,C03,7,1,5,50,14,9,1,4,4,5,7,4,4,9,4,5,2,17,2,27,2,7,1,1,7,9,1,10,1,11,,23,23,1,22,9,121.5044256,25.04724906
111,10,17,12,0,2,02萬華區,萬華區環河南路1段132號,0,0,1,2,B01,7,1,5,50,14,9,1,4,4,5,7,4,4,9,4,5,2,17,1,38,3,10,1,1,7,14,1,4,1,3,,44,23,1,22,9,121.5044256,25.04724906
111,10,17,12,0,2,02萬華區,萬華區環河南路1段132號,0,0,1,3,C03,7,1,5,50,14,9,1,4,4,5,7,4,4,9,4,5,2,17,1,39,3,10,1,1,7,7,1,9,9,15,,7,23,2,22,9,121.5044256,25.04724906
111,10,17,12,12,2,07信義區,信義區忠孝東路4段560號,0,0,1,1,C03,6,1,5,50,14,9,1,4,4,5,7,4,4,1,2,5,2,13,2,34,2,9,1,1,7,9,1,10,1,14,,43,43,1,22,9,121.5639878,25.0410752
111,10,17,12,12,2,07信義區,信義區忠孝東路4段560號,0,0,1,2,B03,6,1,5,50,14,9,1,4,4,5,7,4,4,1,2,5,2,13,1,30,3,10,1,1,7,14,1,8,1,7,,43,43,1,22,9,121.5639878,25.0410752
111,10,17,12,45,2,08士林區,士林區至誠路1段與雨農路口,0,0,1,1,B01,6,1,5,50,3,1,1,4,4,5,7,2,1,4,3,5,1,11,1,58,3,10,3,4,7,5,1,4,11,4,,8,8,1,22,9,121.5329682,25.1014685
111,10,17,12,45,2,08士林區,士林區至誠路1段與雨農路口,0,0,1,2,C03,6,1,5,50,3,1,1,4,4,5,7,2,1,4,3,5,1,11,1,82,2,8,3,4,7,9,1,10,11,14,,44,8,1,22,9,121.5329682,25.1014685
111,10,17,12,53,2,07信義區,信義區基隆路1段與基隆路1段35巷口口,0,0,1,1,C03,6,1,5,50,4,1,1,4,4,5,7,2,1,1,4,5,1,16,1,54,3,10,3,4,7,5,1,10,1,13,,44,44,1,22,9,121.5687418,25.04810894
111,10,17,12,53,2,07信義區,信義區基隆路1段與基隆路1段35巷口口,0,0,1,2,C03,6,1,5,50,4,1,1,4,4,5,7,2,1,1,4,5,1,16,2,46,2,9,3,4,7,9,1,10,1,11,,6,44,1,22,9,121.5687418,25.04810894
111,10,17,12,59,2,01大同區,大同區承德路3段122巷與承德路3段口,0,0,2,1,H01,6,1,5,50,4,2,1,4,4,5,7,2,1,5,5,5,2,3,2,40,2,9,4,5,8,16,8,20,10,16,,51,51,1,22,9,121.5181056,25.0672933
111,10,17,12,59,2,01大同區,大同區承德路3段122巷與承德路3段口,0,0,2,2,C03,6,1,5,50,4,2,1,4,4,5,7,2,1,5,5,5,2,3,2,33,2,8,1,1,7,9,1,10,2,14,,23,51,1,22,9,121.5181056,25.0672933
111,10,17,13,0,2,08士林區,士林區承德路4段與劍潭路口,0,0,1,1,C03,6,1,8,50,15,22,1,4,4,5,7,2,1,1,5,5,2,17,2,25,2,9,1,1,7,9,1,10,1,15,,14,14,1,22,9,121.5235637,25.08395482
111,10,17,13,0,2,08士林區,士林區承德路4段與劍潭路口,0,0,1,2,C03,6,1,8,50,15,22,1,4,4,5,7,2,1,1,5,5,2,17,2,20,3,10,1,1,7,6,1,10,1,15,,5,14,1,22,9,121.5235637,25.08395482
111,10,17,13,42,2,04大安區,大安區基隆路高架道105燈桿,0,0,1,1,B12,6,1,5,60,10,9,1,4,4,5,7,4,4,1,4,5,2,13,1,37,3,10,1,4,7,9,1,8,1,1,,23,23,1,22,9,121.5459427,25.0185976
111,10,17,13,42,2,04大安區,大安區基隆路高架道105燈桿,0,0,1,2,B03,6,1,5,60,10,9,1,4,4,5,7,4,4,1,4,5,2,13,2,57,2,1,1,4,7,14,1,8,1,3,,44,23,1,22,9,121.5459427,25.0185976
111,10,17,13,42,2,04大安區,大安區基隆路高架道105燈桿,0,0,1,3,B03,6,1,5,60,10,9,1,4,4,5,7,4,4,1,4,5,2,13,1,67,3,10,1,4,7,14,1,8,1,3,,44,23,1,22,9,121.5459427,25.0185976
111,10,17,13,44,2,03中山區,中山區明水路與北安路458巷口,0,0,1,1,C03,6,1,5,50,14,9,1,4,4,5,7,1,1,5,4,5,2,16,1,35,2,9,1,1,7,9,1,10,1,14,,23,23,1,22,9,121.5444299,25.0774033
111,10,17,13,44,2,03中山區,中山區明水路與北安路458巷口,0,0,1,2,B03,6,1,5,50,14,9,1,4,4,5,7,1,1,5,4,5,2,16,1,39,3,10,1,1,7,12,1,8,1,2,,14,23,1,22,9,121.5444299,25.0774033
111,10,17,13,52,2,07信義區,信義區基隆路車行地下道往北,0,0,1,1,B01,6,3,5,50,7,9,1,4,4,5,7,4,4,10,2,5,1,13,1,66,3,10,3,4,7,9,1,4,1,1,,16,16,1,22,9,121.5629585,25.0386891
111,10,17,13,52,2,07信義區,信義區基隆路車行地下道往北,0,0,1,2,B03,6,3,5,50,7,9,1,4,4,5,7,4,4,10,2,5,1,13,1,57,3,10,3,4,7,9,1,8,1,3,,44,16,1,22,9,121.5629585,25.0386891
111,10,17,13,52,2,07信義區,信義區基隆路車行地下道往北,0,0,1,3,H02,6,3,5,50,7,9,1,4,4,5,7,4,4,10,2,5,1,13,1,28,2,3,4,5,7,20,8,20,1,16,,67,16,1,22,9,121.5629585,25.0386891
111,10,17,14,12,2,12內湖區,內湖區瑞光路583巷與洲子街口,0,0,1,1,B12,6,1,5,50,4,2,1,4,4,5,7,2,1,5,5,5,2,3,1,56,3,10,1,1,7,5,1,8,2,8,,15,15,1,22,9,121.5682186,25.08119723
111,10,17,14,12,2,12內湖區,內湖區瑞光路583巷與洲子街口,0,0,1,2,H01,6,1,5,50,4,2,1,4,4,5,7,2,1,5,5,5,2,3,2,44,2,9,4,5,8,16,8,20,10,16,,67,15,1,22,9,121.5682186,25.08119723
111,10,17,14,13,2,04大安區,大安區辛亥路2段往東036燈桿,0,0,1,1,B12,6,1,5,50,11,9,1,4,4,5,7,4,4,8,3,4,1,12,1,55,3,10,1,1,7,15,1,8,1,4,,2,2,1,5,3,121.5380471,25.02182485
111,10,17,14,13,2,04大安區,大安區辛亥路2段往東036燈桿,0,0,1,2,C03,6,1,5,50,11,9,1,4,4,5,7,4,4,8,3,4,1,12,2,54,2,9,1,1,7,9,1,10,1,15,,44,2,1,5,1,121.5380471,25.02182485
111,10,17,15,46,2,03中山區,中山區北安路139號忠烈祠前,0,0,1,1,B03,6,1,5,50,16,9,1,4,4,5,7,4,4,1,3,5,1,16,1,45,3,10,1,1,7,7,1,8,1,4,,7,7,1,22,9,121.5330305,25.07812135
111,10,17,15,46,2,03中山區,中山區北安路139號忠烈祠前,0,0,1,2,C03,6,1,5,50,16,9,1,4,4,5,7,4,4,1,3,5,1,16,1,18,2,9,1,1,7,9,1,10,1,12,,44,7,1,22,9,121.5330305,25.07812135
111,10,17,15,49,2,04大安區,大安區復興南路2段208號與復興南路2段口,0,0,1,1,B03,6,1,5,50,4,2,1,4,4,5,7,1,1,1,1,1,2,16,1,63,3,10,3,4,7,11,7,19,11,15,,10,10,2,22,9,121.5431797,25.0266026
111,10,17,15,49,2,04大安區,大安區復興南路2段208號與復興南路2段口,0,0,1,2,C03,6,1,5,50,4,2,1,4,4,5,7,1,1,1,1,1,2,16,1,21,2,9,1,1,7,9,1,10,1,14,,13,10,1,22,9,121.5431797,25.0266026
111,10,17,16,14,2,12內湖區,內湖區內湖路1段387巷與內湖路1段口,0,0,1,1,B03,6,1,5,40,3,1,1,4,4,5,7,4,4,1,4,4,2,3,1,67,3,10,1,1,7,6,1,8,1,5,,15,15,1,22,9,121.5701194,25.0818701
111,10,17,16,14,2,12內湖區,內湖區內湖路1段387巷與內湖路1段口,0,0,1,2,H01,6,1,5,40,3,1,1,4,4,5,7,4,4,1,4,4,2,3,2,42,2,8,4,5,8,16,8,20,1,16,,67,15,1,22,9,121.5701194,25.0818701
111,10,17,16,20,2,09北投區,北投區大度路1段11號,0,0,1,1,H03,6,1,5,0,14,7,1,4,4,1,7,4,4,9,4,1,2,9,1,56,3,10,4,5,8,20,8,20,1,16,,60,60,1,22,9,121.4981895,25.1207723
111,10,17,16,20,2,09北投區,北投區大度路1段11號,0,0,1,2,C03,6,1,5,0,14,7,1,4,4,1,7,4,4,9,4,1,2,9,2,61,2,8,1,1,7,11,1,10,1,12,,23,60,1,22,9,121.4981895,25.1207723
111,10,17,16,37,2,06松山區,松山區長春路與敦化北路120巷7弄口口,0,0,1,1,B12,6,2,5,50,4,1,1,4,4,5,7,4,4,5,5,4,2,17,1,34,3,10,1,1,7,7,1,8,1,15,,7,,1,22,9,121.5480196,25.05446211
111,10,17,16,37,2,06松山區,松山區長春路與敦化北路120巷7弄口口,0,0,1,2,C03,6,2,5,50,4,1,1,4,4,5,7,4,4,5,5,4,2,17,1,25,2,9,1,1,7,9,1,10,1,15,,16,,1,22,9,121.5480196,25.05446211
111,10,17,17,8,2,09北投區,北投區石牌路1段與承德路7段口,0,0,1,1,C03,6,1,5,50,4,2,1,4,4,5,7,2,1,5,5,5,2,18,2,44,2,9,1,1,7,9,1,10,11,14,,42,42,1,22,9,121.5096223,25.11271874
111,10,17,17,8,2,09北投區,北投區石牌路1段與承德路7段口,0,0,1,2,,6,1,5,50,4,2,1,4,4,5,7,2,1,5,5,5,2,18,3,,,,,,,,,,,,,67,42,1,,,121.5096223,25.11271874
111,10,17,17,17,2,05中正區,中正區重慶南路1段116號,0,0,1,1,B01,7,1,5,50,14,9,1,4,4,5,7,4,4,9,4,5,2,17,1,68,3,10,1,1,7,14,1,4,2,6,,38,38,1,22,9,121.5131112,25.04192849
111,10,17,17,17,2,05中正區,中正區重慶南路1段116號,0,0,1,2,C03,7,1,5,50,14,9,1,4,4,5,7,4,4,9,4,5,2,17,1,22,2,9,1,1,7,9,1,10,2,11,,44,38,1,22,9,121.5131112,25.04192849
111,10,17,17,17,2,05中正區,中正區重慶南路1段116號,0,0,1,3,H02,7,1,5,50,14,9,1,4,4,5,7,4,4,9,4,5,2,17,2,66,3,10,4,5,7,20,8,20,10,16,,67,38,1,22,9,121.5131112,25.04192849
111,10,17,17,25,2,01大同區,大同區環河北路2段與環河北路2段145巷口,0,0,1,1,B03,6,3,5,50,3,1,1,4,4,5,7,4,4,1,4,5,2,17,1,40,3,10,3,4,7,6,1,8,1,15,,9,9,1,22,9,121.5090078,25.06722077
111,10,17,17,25,2,01大同區,大同區環河北路2段與環河北路2段145巷口,0,0,1,2,C03,6,3,5,50,3,1,1,4,4,5,7,4,4,1,4,5,2,17,1,45,2,9,1,1,7,9,1,10,1,15,,44,9,1,22,9,121.5090078,25.06722077
111,10,17,17,43,2,04大安區,大安區辛亥路3段與敦南街76巷口,0,0,1,1,C03,6,3,5,50,3,1,1,4,4,5,7,4,4,1,4,5,2,12,1,21,3,10,1,4,7,9,1,10,1,14,,17,17,1,22,9,121.5460744,25.0200323
111,10,17,17,43,2,04大安區,大安區辛亥路3段與敦南街76巷口,0,0,1,2,C03,6,3,5,50,3,1,1,4,4,5,7,4,4,1,4,5,2,12,2,24,2,9,1,4,7,9,1,10,1,12,,17,17,1,22,9,121.5460744,25.0200323
111,10,17,17,45,2,03中山區,中山區大直街與大直街84巷口,0,0,1,2,C03,6,3,5,50,3,1,1,4,4,5,7,4,4,5,4,5,2,17,1,18,2,9,1,1,7,9,1,10,1,12,,44,7,1,22,9,121.5467774,25.0841243
111,10,17,17,45,2,03中山區,中山區大直街與大直街84巷口,0,0,1,3,B03,6,3,5,50,3,1,1,4,4,5,7,4,4,5,4,5,2,17,4,,4,11,3,4,7,15,7,19,11,15,,44,7,2,22,9,121.5467774,25.0841243
111,10,17,17,45,2,03中山區,中山區大直街與大直街84巷口,0,0,1,1,B03,6,3,5,50,3,1,1,4,4,5,7,4,4,5,4,5,2,17,1,21,3,10,1,1,7,7,1,8,1,8,,7,7,1,22,9,121.5467774,25.0841243
111,10,17,17,55,2,07信義區,信義區福德街9號,0,0,1,1,B03,6,3,5,50,14,9,1,4,4,5,7,2,1,3,4,5,2,12,1,49,3,10,1,1,7,7,1,8,9,4,,7,7,1,22,9,121.5790249,25.03630938
111,10,17,17,55,2,07信義區,信義區福德街9號,0,0,1,2,C04,6,3,5,50,14,9,1,4,4,5,7,2,1,3,4,5,2,12,2,67,2,7,1,1,7,9,1,8,9,12,,44,7,1,22,8,121.5790249,25.03630938
111,10,17,18,0,2,03中山區,中山區五常街53巷25號,0,0,1,1,C03,6,3,5,50,14,9,1,4,4,5,7,4,4,8,5,5,1,3,1,34,3,10,3,4,7,9,1,10,2,11,,23,23,1,22,9,121.5396511,25.06604746
111,10,17,18,0,2,03中山區,中山區五常街53巷25號,0,0,1,2,H01,6,3,5,50,14,9,1,4,4,5,7,4,4,8,5,5,1,3,2,71,2,9,4,4,8,16,8,20,10,16,,51,23,1,22,9,121.5396511,25.06604746
111,10,17,18,4,2,05中正區,中正區貴陽街1段58號,0,0,1,1,B03,7,3,5,50,14,9,1,5,4,5,7,4,4,9,4,5,2,12,1,40,3,10,1,1,7,11,1,8,2,8,,10,10,1,2,4,121.5095337,25.0390766
111,10,17,18,4,2,05中正區,中正區貴陽街1段58號,0,0,1,2,C03,7,3,5,50,14,9,1,5,4,5,7,4,4,9,4,5,2,12,1,19,2,9,1,3,7,9,1,10,2,12,,23,10,1,22,5,121.5095337,25.0390766
111,10,17,18,10,2,12內湖區,內湖區金龍路與內湖路3段191巷口,0,0,1,1,B03,6,3,5,30,3,2,1,4,4,5,7,4,4,5,4,5,2,17,2,44,3,10,1,1,7,5,1,8,2,15,,8,8,1,22,9,121.587861,25.08730399
111,10,17,18,10,2,12內湖區,內湖區金龍路與內湖路3段191巷口,0,0,1,2,C03,6,3,5,30,3,2,1,4,4,5,7,4,4,5,4,5,2,17,2,22,2,8,1,1,7,9,1,10,2,12,,43,8,1,22,9,121.587861,25.08730399
111,10,17,18,20,2,12內湖區,內湖區安康路300號附近側附近,0,0,1,1,C03,6,3,5,40,14,9,1,4,3,5,7,4,4,9,5,5,2,12,1,53,2,9,1,1,7,9,1,9,2,15,,23,23,1,22,9,121.6075484,25.0646078
111,10,17,18,20,2,12內湖區,內湖區安康路300號附近側附近,0,0,1,2,B03,6,3,5,40,14,9,1,4,3,5,7,4,4,9,5,5,2,12,1,63,3,10,1,1,7,9,1,8,2,2,,44,23,1,22,9,121.6075484,25.0646078
111,10,17,18,20,2,12內湖區,內湖區安康路300號附近側附近,0,0,1,3,,6,3,5,40,14,9,1,4,3,5,7,4,4,9,5,5,2,12,3,,,,,,,,,,,,,67,23,1,,,121.6075484,25.0646078
111,10,17,18,33,2,06松山區,松山區八德路2段397號,0,0,1,1,C03,6,3,5,50,14,9,1,4,4,5,7,4,4,1,3,5,2,13,1,23,2,9,3,4,7,9,1,10,1,11,,23,23,1,22,9,121.5462787,25.04817615
111,10,17,18,33,2,06松山區,松山區八德路2段397號,0,0,1,2,B12,6,3,5,50,14,9,1,4,4,5,7,4,4,1,3,5,2,13,1,47,3,10,3,4,7,9,1,4,1,6,,42,23,1,22,9,121.5462787,25.04817615
111,10,17,18,59,2,01大同區,大同區忠孝西路2段與西寧北路口,0,0,1,1,C03,8,3,5,50,4,1,1,5,4,5,7,2,1,4,4,5,2,12,1,50,4,11,3,4,7,15,7,19,11,15,,17,17,2,22,9,121.5076213,25.04877932
111,10,17,18,59,2,01大同區,大同區忠孝西路2段與西寧北路口,0,0,1,2,C03,8,3,5,50,4,1,1,5,4,5,7,2,1,4,4,5,2,12,1,43,2,8,3,4,7,6,1,10,9,14,,44,17,1,22,9,121.5076213,25.04877932
111,10,17,19,0,2,03中山區,中山區民權東路2段85號,0,0,1,1,B03,6,3,5,50,14,9,1,4,4,5,7,4,4,1,4,5,2,13,1,36,3,10,3,4,7,9,1,8,1,5,,16,16,1,22,9,121.5321378,25.0626157
111,10,17,19,0,2,03中山區,中山區民權東路2段85號,0,0,1,2,C03,6,3,5,50,14,9,1,4,4,5,7,4,4,1,4,5,2,13,2,36,2,8,1,1,7,9,1,10,1,13,,44,16,1,22,9,121.5321378,25.0626157
111,10,17,19,0,2,12內湖區,內湖區內湖路1段667巷與港墘路82巷口,0,0,2,1,C03,6,3,5,50,3,2,1,4,4,5,7,4,4,5,4,5,2,16,1,29,2,8,1,1,7,11,1,10,2,14,,10,10,1,22,9,121.5757343,25.0800728
111,10,17,19,0,2,12內湖區,內湖區內湖路1段667巷與港墘路82巷口,0,0,2,2,C03,6,3,5,50,3,2,1,4,4,5,7,4,4,5,4,5,2,16,1,50,2,8,1,1,7,9,1,9,2,11,,23,10,1,22,9,121.5757343,25.0800728
111,10,17,19,5,2,12內湖區,內湖區江南街71巷75弄與文德路22巷53弄口,0,0,2,1,C03,6,3,5,30,4,1,1,4,4,5,7,4,4,10,5,5,2,16,1,39,2,9,1,4,7,9,1,10,2,12,,6,6,1,22,9,121.5797234,25.07551402
111,10,17,19,5,2,12內湖區,內湖區江南街71巷75弄與文德路22巷53弄口,0,0,2,2,C03,6,3,5,30,4,1,1,4,4,5,7,4,4,10,5,5,2,16,2,48,2,9,1,1,7,9,1,10,2,11,,6,6,1,22,9,121.5797234,25.07551402
111,10,17,19,10,2,04大安區,大安區樂利路9號前,0,0,1,1,C03,6,3,5,40,14,9,1,4,4,5,7,4,4,5,4,5,2,17,2,70,2,8,1,1,7,15,1,10,1,12,,26,26,1,22,9,121.5510752,25.0283461
111,10,17,19,10,2,04大安區,大安區樂利路9號前,0,0,1,2,B03,6,3,5,40,14,9,1,4,4,5,7,4,4,5,4,5,2,17,1,36,3,10,1,1,7,9,1,8,1,8,,44,26,1,22,9,121.5510752,25.0283461
111,10,17,19,29,2,09北投區,北投區大度路3段與立德路口,0,0,1,1,B03,6,3,8,50,5,2,1,4,4,5,7,2,1,4,5,5,2,9,1,52,3,10,1,1,7,6,1,8,1,5,,15,23,1,22,9,121.4712768,25.1230069
111,10,17,19,29,2,09北投區,北投區大度路3段與立德路口,0,0,1,2,H01,6,3,8,50,5,2,1,4,4,5,7,2,1,4,5,5,2,9,2,48,2,9,4,5,8,16,8,20,1,16,,67,23,1,22,9,121.4712768,25.1230069
111,10,17,19,31,2,06松山區,松山區延壽街168號,0,0,1,1,C03,6,3,5,50,14,9,1,4,4,5,7,4,4,5,5,5,2,13,1,18,3,10,1,1,7,9,1,10,1,11,,16,16,1,22,9,121.5627613,25.05680907
111,10,17,19,31,2,06松山區,松山區延壽街168號,0,0,1,2,F03,6,3,5,50,14,9,1,4,4,5,7,4,4,5,5,5,2,13,1,56,2,8,1,1,7,9,8,20,1,16,,42,16,1,22,9,121.5627613,25.05680907
111,10,17,19,36,2,02萬華區,萬華區西園路1段與長沙街2段口,0,0,1,1,B03,7,3,5,50,4,1,1,5,4,5,7,1,1,8,3,5,2,2,1,40,3,10,3,4,7,5,1,8,1,8,,15,15,1,22,9,121.5000003,25.0411948
111,10,17,19,36,2,02萬華區,萬華區西園路1段與長沙街2段口,0,0,1,2,H01,7,3,5,50,4,1,1,5,4,5,7,1,1,8,3,5,2,2,2,69,2,9,4,5,8,16,8,20,10,16,,67,15,1,22,9,121.5000003,25.0411948
111,10,17,20,14,2,05中正區,中正區中華路2段465號(古亭國中前),0,0,1,1,B03,7,3,5,50,4,1,1,5,4,2,7,1,1,5,4,4,2,17,1,42,3,10,1,1,7,1,1,8,1,1,,19,19,1,22,9,121.5107147,25.02449521
111,10,17,20,14,2,05中正區,中正區中華路2段465號(古亭國中前),0,0,1,2,C03,7,3,5,50,4,1,1,5,4,2,7,1,1,5,4,4,2,17,1,48,2,9,1,1,7,9,1,10,1,14,,44,19,1,22,9,121.5107147,25.02449521
111,10,17,20,15,2,03中山區,中山區民權東路3段2號對面,0,0,4,1,C03,6,3,5,50,14,9,1,4,4,5,7,4,4,1,4,5,2,13,1,37,2,9,3,4,7,9,1,10,1,11,,16,16,1,22,9,121.5388589,25.0624551
111,10,17,20,15,2,03中山區,中山區民權東路3段2號對面,0,0,4,2,C03,6,3,5,50,14,9,1,4,4,5,7,4,4,1,4,5,2,13,1,35,2,8,3,4,7,14,1,10,1,13,,44,16,1,22,9,121.5388589,25.0624551
111,10,17,20,15,2,03中山區,中山區民權東路3段2號對面,0,0,4,3,C03,6,3,5,50,14,9,1,4,4,5,7,4,4,1,4,5,2,13,1,20,2,8,3,4,7,14,1,10,1,14,,44,16,1,22,9,121.5388589,25.0624551
111,10,17,20,15,2,03中山區,中山區民權東路3段2號對面,0,0,4,4,B03,6,3,5,50,14,9,1,4,4,5,7,4,4,1,4,5,2,13,1,27,3,10,3,4,7,14,1,8,1,7,,44,16,1,22,9,121.5388589,25.0624551
111,10,17,20,15,2,03中山區,中山區民權東路3段2號對面,0,0,4,5,H02,6,3,5,50,14,9,1,4,4,5,7,4,4,1,4,5,2,13,2,44,2,8,4,5,7,17,8,20,10,16,,67,16,1,22,9,121.5388589,25.0624551
111,10,17,20,36,2,06松山區,松山區敦化南路1段68號,0,0,1,1,H01,7,3,5,30,14,8,1,4,4,5,7,4,4,10,4,4,2,8,1,44,2,9,4,5,8,17,8,20,10,16,,42,42,1,22,9,121.5486791,25.04728539
111,10,17,20,36,2,06松山區,松山區敦化南路1段68號,0,0,1,2,B01,7,3,5,30,14,8,1,4,4,5,7,4,4,10,4,4,2,8,1,32,3,10,1,1,7,9,1,4,1,2,,23,42,1,22,9,121.5486791,25.04728539
111,10,17,21,0,2,12內湖區,內湖區舊宗路1段與新湖一路口口,0,0,1,1,B03,6,3,5,50,4,2,1,4,4,5,7,2,1,1,4,5,2,12,1,46,3,10,1,1,7,7,1,8,1,4,,7,7,1,22,9,121.5790777,25.06038177
111,10,17,21,0,2,12內湖區,內湖區舊宗路1段與新湖一路口口,0,0,1,2,C03,6,3,5,50,4,2,1,4,4,5,7,2,1,1,4,5,2,12,1,21,2,9,1,1,7,9,1,10,1,12,,44,7,1,22,9,121.5790777,25.06038177
111,10,17,22,10,2,04大安區,大安區建國南路2段69巷與瑞安街208巷口,0,0,2,1,F01,6,3,5,30,3,2,1,4,4,5,6,4,4,10,5,5,2,16,2,68,2,9,1,1,7,5,8,20,1,16,,6,6,1,22,9,121.5405018,25.0311664
111,10,17,22,10,2,04大安區,大安區建國南路2段69巷與瑞安街208巷口,0,0,2,2,C03,6,3,5,30,3,2,1,4,4,5,6,4,4,10,5,5,2,16,1,18,2,9,1,1,7,9,1,10,1,11,,13,6,1,22,9,121.5405018,25.0311664
111,10,17,22,10,2,12內湖區,內湖區文德路210巷30弄39號,0,0,1,1,C03,6,3,5,30,3,2,1,4,4,5,7,4,4,9,5,5,2,1,1,38,3,10,1,1,7,9,1,10,2,12,,23,23,1,22,9,121.5852256,25.07703738
111,10,17,22,10,2,12內湖區,內湖區文德路210巷30弄39號,0,0,1,2,H01,6,3,5,30,3,2,1,4,4,5,7,4,4,9,5,5,2,1,2,34,2,9,4,5,8,16,8,20,10,16,,67,23,1,22,9,121.5852256,25.07703738
111,10,17,22,11,2,06松山區,松山區健康路90號,0,0,1,1,B12,6,3,5,50,14,9,1,4,4,5,7,4,4,9,5,5,2,14,1,57,3,10,1,1,7,2,1,8,2,8,,12,12,1,22,9,121.5547703,25.05345283
111,10,17,22,11,2,06松山區,松山區健康路90號,0,0,1,2,C03,6,3,5,50,14,9,1,4,4,5,7,4,4,9,5,5,2,14,1,38,2,9,1,1,7,9,1,10,2,11,,23,12,1,22,9,121.5547703,25.05345283
111,10,17,22,13,2,03中山區,中山區長安東路2段與新生北路1段口,0,0,1,1,B03,6,3,5,50,4,1,1,4,4,5,7,2,1,4,5,5,1,17,2,53,3,10,3,4,7,5,1,8,11,15,,6,6,2,22,9,121.5297326,25.04838067
111,10,17,22,13,2,03中山區,中山區長安東路2段與新生北路1段口,0,0,1,2,C03,6,3,5,50,4,1,1,4,4,5,7,2,1,4,5,5,1,17,1,30,2,8,3,4,7,9,1,9,1,12,,13,6,1,22,9,121.5297326,25.04838067
111,10,17,22,14,2,08士林區,士林區通河街1巷與通河街口,0,0,1,1,B03,6,3,5,30,4,1,1,4,4,5,7,3,1,10,5,5,2,2,1,31,3,10,1,1,7,5,1,8,1,8,,15,15,1,22,9,121.5237104,25.07989951
111,10,17,22,14,2,08士林區,士林區通河街1巷與通河街口,0,0,1,2,H01,6,3,5,30,4,1,1,4,4,5,7,3,1,10,5,5,2,2,1,24,2,9,4,5,8,16,8,20,10,16,,67,15,1,22,9,121.5237104,25.07989951
111,10,17,22,33,2,09北投區,北投區石牌路2段與東華街1段口,0,0,1,1,A02,8,3,5,50,14,9,1,5,4,5,7,4,4,1,4,5,2,9,1,57,3,10,1,1,7,12,1,2,11,15,,43,43,1,22,9,121.5154569,25.11581827
111,10,17,22,33,2,09北投區,北投區石牌路2段與東華街1段口,0,0,1,2,H02,8,3,5,50,14,9,1,5,4,5,7,4,4,1,4,5,2,9,2,37,2,9,1,1,7,20,8,20,10,16,,67,43,1,22,9,121.5154569,25.11581827