發生年度,發生月,發生日,發生時-Hours,發生分,處理別-編號,區序,肇事地點,死亡人數,2-30日死亡人數,受傷人數,當事人序號,車種,天候,光線,道路類別,速限-速度限制,道路型態,事故位置,路面狀況1,路面狀況2,路面狀況3,道路障礙1,道路障礙2,號誌1,號誌2,車道劃分-分向,車道劃分-分道1,車道劃分-分道2,車道劃分-分道3,事故類型及型態,性別,年齡,受傷程度,主要傷處,安全帽,行動電話,車輛用途,當事者行動狀態,駕駛資格情形,駕駛執照種類,飲酒情形,車輛撞擊部位1,車輛撞擊部位2,肇因碼-個別,肇因碼-主要,個人肇逃否,職業,旅次目的,座標-X,座標-Y
111,10,17,22,40,2,03中山區,中山區建國北路2段與民權東路3段口,0,0,1,1,B03,6,3,5,50,4,2,1,4,4,5,7,2,1,10,4,5,2,16,1,24,4,11,3,4,7,6,7,19,11,15,,9,9,2,22,9,121.5373642,25.0623022
111,10,17,22,40,2,03中山區,中山區建國北路2段與民權東路3段口,0,0,1,2,F01,6,3,5,50,4,2,1,4,4,5,7,2,1,10,4,5,2,16,1,18,2,9,1,1,7,11,8,20,1,16,,11,9,1,22,9,121.5373642,25.0623022
111,10,17,22,42,2,02萬華區,萬華區桂林路212號,0,0,1,1,B01,6,3,5,50,14,7,1,4,4,5,7,4,4,4,1,5,2,12,1,65,3,10,1,3,7,11,1,4,1,4,,10,10,1,22,9,121.4966888,25.0384532
111,10,17,22,42,2,02萬華區,萬華區桂林路212號,0,0,1,2,C03,6,3,5,50,14,7,1,4,4,5,7,4,4,4,1,5,2,12,1,52,2,8,1,1,7,9,1,10,1,12,,23,10,1,22,9,121.4966888,25.0384532
111,10,17,22,50,2,07信義區,信義區信義路5段7號,0,0,3,2,H01,6,3,5,0,14,9,1,4,4,5,7,4,4,9,4,5,2,9,2,29,2,9,4,5,8,16,8,20,10,16,,51,51,1,22,9,121.5653996,25.03470369
111,10,17,22,50,2,07信義區,信義區信義路5段7號,0,0,3,3,C03,6,3,5,0,14,9,1,4,4,5,7,4,4,9,4,5,2,9,1,18,2,9,1,1,7,12,1,10,1,14,,13,51,1,22,9,121.5653996,25.03470369
111,10,17,22,50,2,07信義區,信義區信義路5段7號,0,0,3,1,H01,6,3,5,0,14,9,1,4,4,5,7,4,4,9,4,5,2,9,1,39,2,9,4,5,8,16,8,20,10,16,,51,51,1,22,9,121.5653996,25.03470369
111,10,17,22,52,2,05中正區,中正區忠孝西路1段與館前路口,0,0,1,1,B03,7,3,5,50,4,1,1,4,4,5,7,1,1,6,4,4,2,2,1,73,3,10,1,4,7,5,1,8,2,4,,15,44,1,22,9,121.5149917,25.0467573
111,10,17,22,52,2,05中正區,中正區忠孝西路1段與館前路口,0,0,1,2,H01,7,3,5,50,4,1,1,4,4,5,7,1,1,6,4,4,2,2,1,48,2,1,4,5,8,16,8,20,10,16,,67,44,1,22,9,121.5149917,25.0467573
111,10,18,0,3,2,08士林區,士林區愛富二街與厚生巷口,0,0,1,1,C03,6,3,5,50,3,1,1,4,4,5,7,4,4,7,5,5,1,9,1,19,3,10,1,1,7,9,1,10,1,11,,23,23,1,22,9,121.54575,25.138885
111,10,18,0,3,2,08士林區,士林區愛富二街與厚生巷口,0,0,1,2,H01,6,3,5,50,3,1,1,4,4,5,7,4,4,7,5,5,1,9,2,21,2,9,4,5,8,16,8,20,10,16,,60,23,1,22,9,121.54575,25.138885
111,10,18,6,8,2,04大安區,大安區和平東路3段530號,0,0,1,1,C03,6,1,5,0,14,20,1,4,4,5,7,1,1,4,3,5,1,3,4,,4,11,3,4,7,15,7,19,11,15,,43,43,2,22,9,121.5613115,25.0153571
111,10,18,6,8,2,04大安區,大安區和平東路3段530號,0,0,1,2,H01,6,1,5,0,14,20,1,4,4,5,7,1,1,4,3,5,1,3,2,71,2,8,1,1,8,16,8,20,10,16,,67,43,1,22,9,121.5613115,25.0153571
111,10,18,6,43,2,10文山區,文山區萬芳路捷運高架橋墩10018柱,0,0,1,1,B03,6,1,5,50,14,9,1,4,4,5,7,4,4,5,4,5,2,12,1,64,3,10,1,1,7,1,1,8,2,4,,19,19,1,22,9,121.5635595,24.99793409
111,10,18,6,43,2,10文山區,文山區萬芳路捷運高架橋墩10018柱,0,0,1,2,C03,6,1,5,50,14,9,1,4,4,5,7,4,4,5,4,5,2,12,2,53,2,9,1,1,7,9,1,10,2,11,,44,19,1,22,9,121.5635595,24.99793409
111,10,18,7,24,2,05中正區,中正區延平南路與開封街1段口,0,0,1,1,B03,6,1,5,30,4,1,1,4,4,5,7,1,1,10,5,5,2,16,1,27,3,10,1,1,7,6,1,8,1,5,,9,9,1,22,9,121.510671,25.04596707
111,10,18,7,24,2,05中正區,中正區延平南路與開封街1段口,0,0,1,2,C03,6,1,5,30,4,1,1,4,4,5,7,1,1,10,5,5,2,16,1,48,2,9,1,1,7,9,1,10,1,14,,44,9,1,22,9,121.510671,25.04596707
111,10,18,7,40,2,07信義區,信義區林口街27號,0,0,1,1,C03,6,1,5,40,14,8,1,4,4,5,7,4,4,9,4,4,2,29,2,39,2,8,3,4,7,1,1,10,1,15,,19,19,1,22,9,121.5788172,25.0369935
111,10,18,7,40,2,07信義區,信義區林口街27號,0,0,1,2,,6,1,5,40,14,8,1,4,4,5,7,4,4,9,4,4,2,29,3,,,,,,,,,,,,,67,19,1,,,121.5788172,25.0369935
111,10,18,7,57,2,09北投區,北投區立農街1段與西安街2段275巷口,0,0,1,1,C03,6,1,5,30,4,1,1,4,4,5,7,4,4,10,5,5,2,15,2,57,2,8,1,1,7,9,1,10,1,12,,6,6,1,22,9,121.5067334,25.11947353
111,10,18,7,57,2,09北投區,北投區立農街1段與西安街2段275巷口,0,0,1,2,B12,6,1,5,30,4,1,1,4,4,5,7,4,4,10,5,5,2,15,1,41,3,10,3,4,7,9,1,8,1,8,,23,6,1,22,9,121.5067334,25.11947353
111,10,18,7,59,2,03中山區,中山區濱江街與大直橋口,0,0,1,1,B03,6,1,5,50,4,1,1,4,4,5,7,1,1,1,3,5,1,16,1,31,3,10,3,4,7,6,1,8,2,5,,9,9,1,22,9,121.5443914,25.07245205
111,10,18,7,59,2,03中山區,中山區濱江街與大直橋口,0,0,1,2,C03,6,1,5,50,4,1,1,4,4,5,7,1,1,1,3,5,1,16,1,24,2,9,1,4,7,9,1,10,2,14,,42,9,1,22,9,121.5443914,25.07245205
111,10,18,8,0,2,01大同區,大同區市民高架道與市民高架道口東往西路燈463號旁,0,0,1,1,B03,6,1,5,50,10,7,1,4,4,5,7,4,4,1,5,5,1,13,2,34,3,10,1,1,7,9,1,8,1,1,,16,16,1,22,9,121.5121359,25.04986803
111,10,18,8,0,2,01大同區,大同區市民高架道與市民高架道口東往西路燈463號旁,0,0,1,2,B03,6,1,5,50,10,7,1,4,4,5,7,4,4,1,5,5,1,13,2,39,2,9,1,1,7,9,1,8,1,3,,44,16,1,22,9,121.5121359,25.04986803
111,10,18,8,2,2,05中正區,中正區仁愛路1段與紹興南街口,0,0,2,1,B03,6,1,5,50,4,1,1,4,4,5,7,1,1,10,5,5,2,17,1,56,4,11,3,4,7,7,7,19,11,15,,7,7,2,22,9,121.5232257,25.0384434
111,10,18,8,2,2,05中正區,中正區仁愛路1段與紹興南街口,0,0,2,2,C03,6,1,5,50,4,1,1,4,4,5,7,1,1,10,5,5,2,17,2,44,2,8,1,1,7,9,1,10,9,14,,42,7,2,22,9,121.5232257,25.0384434
111,10,18,8,2,2,05中正區,中正區仁愛路1段與紹興南街口,0,0,2,3,H02,6,1,5,50,4,1,1,4,4,5,7,1,1,10,5,5,2,17,1,15,2,8,4,5,7,20,8,20,10,16,,67,7,2,22,9,121.5232257,25.0384434
111,10,18,8,9,2,01大同區,大同區市民高架道往西下環河北路匝道,0,0,1,1,C02,7,1,5,40,10,9,1,4,4,5,7,1,1,9,4,5,2,17,1,24,2,9,3,4,7,9,1,9,2,11,,16,16,1,22,9,121.5072735,25.05069978
111,10,18,8,9,2,01大同區,大同區市民高架道往西下環河北路匝道,0,0,1,2,B03,7,1,5,40,10,9,1,4,4,5,7,1,1,9,4,5,2,17,1,49,3,10,3,4,7,14,1,8,2,7,,44,16,1,22,9,121.5072735,25.05069978
111,10,18,8,9,2,01大同區,大同區市民高架道往西下環河北路匝道,0,0,1,3,B03,7,1,5,40,10,9,1,4,4,5,7,1,1,9,4,5,2,17,2,38,3,10,3,4,7,14,1,8,2,2,,44,16,1,22,9,121.5072735,25.05069978
111,10,18,8,9,2,08士林區,士林區士東路190號,0,0,1,1,B03,6,1,5,50,14,9,1,4,4,5,7,4,4,1,4,5,2,17,1,52,3,10,1,1,7,13,1,8,1,4,,40,40,1,22,9,121.5333039,25.11263641
111,10,18,8,9,2,08士林區,士林區士東路190號,0,0,1,2,F01,6,1,5,50,14,9,1,4,4,5,7,4,4,1,4,5,2,17,1,17,2,7,1,1,7,9,8,20,1,16,,44,40,1,22,9,121.5333039,25.11263641
111,10,18,8,10,2,10文山區,文山區試院路40號,0,0,2,1,C03,6,1,5,30,14,9,1,4,4,5,7,4,4,8,4,5,1,3,2,18,2,7,1,4,7,9,1,10,1,11,,23,23,1,22,9,121.5492858,24.98930179
111,10,18,8,10,2,10文山區,文山區試院路40號,0,0,2,2,H01,6,1,5,30,14,9,1,4,4,5,7,4,4,8,4,5,1,3,2,19,2,8,4,5,8,16,8,20,10,16,,53,23,1,22,9,121.5492858,24.98930179
111,10,18,8,15,2,02萬華區,萬華區環河南路2段與環河南路2段250巷口,0,0,1,1,B03,8,1,5,50,4,1,1,5,4,5,7,2,1,1,5,5,2,16,2,59,3,10,1,1,7,5,1,8,1,2,,44,44,1,22,9,121.4921424,25.03286696
111,10,18,8,15,2,02萬華區,萬華區環河南路2段與環河南路2段250巷口,0,0,1,2,C03,8,1,5,50,4,1,1,5,4,5,7,2,1,1,5,5,2,16,2,22,2,9,1,1,7,9,1,10,1,11,,25,44,1,22,9,121.4921424,25.03286696
111,10,18,8,15,2,05中正區,中正區三元街與寧波西街口,0,0,1,1,B03,6,1,5,50,4,1,1,4,4,5,7,1,1,3,4,4,2,13,2,57,3,10,1,1,7,1,1,4,1,1,,23,16,1,22,9,121.5112488,25.0280138
111,10,18,8,15,2,05中正區,中正區三元街與寧波西街口,0,0,1,2,C03,6,1,5,50,4,1,1,4,4,5,7,1,1,3,4,4,2,13,2,37,2,9,1,1,7,7,1,10,1,13,,7,16,1,22,9,121.5112488,25.0280138
111,10,18,8,30,2,09北投區,北投區大度路3段109號燈桿,0,0,1,1,B03,6,1,5,50,14,9,1,4,4,5,7,4,4,1,4,5,2,17,2,26,3,10,1,1,7,8,1,8,1,15,,7,7,1,22,9,121.4669172,25.12313183
111,10,18,8,30,2,09北投區,北投區大度路3段109號燈桿,0,0,1,2,C03,6,1,5,50,14,9,1,4,4,5,7,4,4,1,4,5,2,17,2,43,2,9,1,1,7,9,1,10,1,14,,13,7,1,22,9,121.4669172,25.12313183
111,10,18,8,37,2,04大安區,大安區和平東路1段153號,0,0,2,1,B01,6,1,5,50,14,7,1,4,4,5,7,4,4,3,3,4,2,17,2,69,4,11,3,4,7,10,7,19,11,15,,7,7,2,22,9,121.5307471,25.0264762
111,10,18,8,37,2,04大安區,大安區和平東路1段153號,0,0,2,2,C03,6,1,5,50,14,7,1,4,4,5,7,4,4,3,3,4,2,17,2,30,2,8,1,1,7,9,1,10,1,15,,44,7,1,22,9,121.5307471,25.0264762
111,10,18,8,37,2,04大安區,大安區和平東路1段153號,0,0,2,3,C03,6,1,5,50,14,7,1,4,4,5,7,4,4,3,3,4,2,17,1,21,2,8,1,1,7,9,1,10,1,15,,44,7,1,22,9,121.5307471,25.0264762
111,10,18,8,41,2,03中山區,中山區新生高架道往北民族東路上方,0,0,3,1,B03,6,1,5,60,10,9,1,4,4,5,7,4,4,1,4,5,2,12,2,49,2,2,1,1,7,8,1,8,2,2,,7,7,1,22,9,121.5274864,25.0717989
111,10,18,8,41,2,03中山區,中山區新生高架道往北民族東路上方,0,0,3,2,B02,6,1,5,60,10,9,1,4,4,5,7,4,4,1,4,5,2,12,1,32,3,10,1,1,7,7,1,8,2,4,,7,7,1,22,9,121.5274864,25.0717989
111,10,18,8,41,2,03中山區,中山區新生高架道往北民族東路上方,0,0,3,3,H02,6,1,5,60,10,9,1,4,4,5,7,4,4,1,4,5,2,12,2,32,2,9,1,5,7,20,8,20,10,16,,67,7,1,22,9,121.5274864,25.0717989
111,10,18,8,41,2,03中山區,中山區新生高架道往北民族東路上方,0,0,3,4,H02,6,1,5,60,10,9,1,4,4,5,7,4,4,1,4,5,2,12,1,1,2,9,1,5,7,20,8,20,10,16,,67,7,1,22,9,121.5274864,25.0717989
111,10,18,8,50,2,03中山區,中山區錦州街與中原街口,0,0,1,1,C03,6,1,5,50,4,1,1,4,4,5,7,1,1,5,4,5,2,16,2,45,3,10,1,4,7,6,4,11,1,12,,9,9,1,22,9,121.5288621,25.0603137
111,10,18,8,50,2,03中山區,中山區錦州街與中原街口,0,0,1,2,F01,6,1,5,50,4,1,1,4,4,5,7,1,1,5,4,5,2,16,2,52,2,9,1,1,7,9,8,20,1,16,,44,9,1,22,9,121.5288621,25.0603137
111,10,18,9,5,2,03中山區,中山區中山北路3段49-3號,0,0,1,1,A05,6,1,5,50,14,9,1,4,4,5,7,4,4,5,4,5,2,17,1,50,4,11,3,4,7,10,7,19,11,15,,7,7,2,22,9,121.5226023,25.0670475
111,10,18,9,5,2,03中山區,中山區中山北路3段49-3號,0,0,1,2,C03,6,1,5,50,14,9,1,4,4,5,7,4,4,5,4,5,2,17,2,29,2,9,1,1,7,12,1,10,11,12,,44,7,1,22,9,121.5226023,25.0670475
111,10,18,9,6,2,03中山區,中山區中山北路3段49-3號,0,0,1,1,C03,7,1,5,50,14,9,1,5,4,5,7,4,4,1,3,5,1,16,1,18,3,10,1,4,7,9,1,10,1,12,,16,16,1,22,9,121.522652,25.06710509
111,10,18,9,6,2,03中山區,中山區中山北路3段49-3號,0,0,1,2,C03,7,1,5,50,14,9,1,5,4,5,7,4,4,1,3,5,1,16,1,20,2,8,1,4,7,9,1,10,1,14,,43,16,1,22,9,121.522652,25.06710509
111,10,18,9,20,2,02萬華區,萬華區中華路2段與中華路2段606巷口,0,0,1,1,C03,8,1,5,50,4,1,1,5,4,5,7,2,1,5,4,4,2,16,2,59,2,8,1,1,7,5,1,10,1,14,,8,8,1,22,9,121.5101192,25.02466636
111,10,18,9,20,2,02萬華區,萬華區中華路2段與中華路2段606巷口,0,0,1,2,B12,8,1,5,50,4,1,1,5,4,5,7,2,1,5,4,4,2,16,1,40,3,10,1,1,7,9,1,8,1,5,,44,8,1,22,9,121.5101192,25.02466636
111,10,18,9,31,2,04大安區,大安區市民大道4段64號,0,0,1,1,C03,6,1,5,40,14,9,1,4,4,5,7,4,4,1,4,5,1,13,1,21,2,7,1,1,7,9,1,10,1,11,,16,16,1,22,9,121.5444029,25.04478619
111,10,18,9,31,2,04大安區,大安區市民大道4段64號,0,0,1,2,C03,6,1,5,40,14,9,1,4,4,5,7,4,4,1,4,5,1,13,1,27,3,10,1,1,7,12,1,10,1,13,,13,16,1,22,9,121.5444029,25.04478619
111,10,18,9,31,2,04大安區,大安區市民大道4段64號,0,0,1,3,C03,6,1,5,40,14,9,1,4,4,5,7,4,4,1,4,5,1,13,1,64,3,10,1,1,7,14,1,10,1,14,,38,16,1,22,9,121.5444029,25.04478619
111,10,18,9,35,2,07信義區,信義區基隆路1段與基隆路1段102巷口,0,0,1,1,B03,6,1,5,50,3,1,1,4,4,5,7,4,4,1,4,5,1,12,1,38,3,10,3,4,7,6,1,8,1,2,,6,6,1,22,9,121.5668408,25.04535853
111,10,18,9,35,2,07信義區,信義區基隆路1段與基隆路1段102巷口,0,0,1,2,C03,6,1,5,50,3,1,1,4,4,5,7,4,4,1,4,5,1,12,1,25,2,7,3,4,7,9,1,9,1,14,,23,6,1,22,9,121.5668408,25.04535853
111,10,18,10,12,2,01大同區,大同區大龍街與昌吉街口,0,0,1,1,C03,8,1,5,30,4,2,1,5,4,5,7,1,1,5,5,5,2,17,1,19,3,10,1,1,7,6,1,10,2,11,,42,42,1,22,9,121.5160596,25.06594311
111,10,18,10,12,2,01大同區,大同區大龍街與昌吉街口,0,0,1,2,F01,8,1,5,30,4,2,1,5,4,5,7,1,1,5,5,5,2,17,1,84,2,9,1,1,7,21,8,20,2,16,,42,42,1,22,9,121.5160596,25.06594311
111,10,18,10,40,2,09北投區,北投區石牌路1段39巷與石牌路1段39巷80弄口,0,0,2,1,C04,6,1,5,30,5,2,1,4,4,5,6,4,4,10,5,5,2,17,2,75,2,9,1,1,7,7,1,11,1,11,,5,5,1,22,9,121.5096362,25.11579849
111,10,18,10,40,2,09北投區,北投區石牌路1段39巷與石牌路1段39巷80弄口,0,0,2,2,C03,6,1,5,30,5,2,1,4,4,5,6,4,4,10,5,5,2,17,2,49,2,9,1,1,7,9,1,10,1,11,,5,5,1,22,9,121.5096362,25.11579849
111,10,18,11,50,2,03中山區,中山區南京東路3段1號,0,0,1,1,B03,6,1,5,50,4,2,1,4,4,5,7,2,1,1,4,5,2,17,2,31,3,10,3,4,7,7,1,8,11,15,,7,7,1,22,9,121.5370769,25.0521004
111,10,18,11,50,2,03中山區,中山區南京東路3段1號,0,0,1,2,C03,6,1,5,50,4,2,1,4,4,5,7,2,1,1,4,5,2,17,1,32,2,9,3,4,7,9,1,10,1,14,,44,7,1,22,9,121.5370769,25.0521004
111,10,18,11,56,2,05中正區,中正區重慶南路2段與愛國西路口,0,0,2,1,C04,7,1,5,50,14,9,1,5,4,5,7,1,1,1,4,1,2,13,1,20,2,8,1,1,7,9,3,18,2,11,,16,16,1,22,9,121.5125967,25.0350266
111,10,18,11,56,2,05中正區,中正區重慶南路2段與愛國西路口,0,0,2,2,C03,7,1,5,50,14,9,1,5,4,5,7,1,1,1,4,1,2,13,2,54,2,8,1,1,7,9,4,11,2,13,,44,16,1,22,9,121.5125967,25.0350266
111,10,18,11,59,2,04大安區,大安區仁愛路4段345巷5弄與延吉街口,0,0,1,1,C03,6,1,5,30,4,1,1,4,4,5,7,4,4,7,2,5,1,16,1,20,3,10,1,1,7,9,1,10,1,13,,6,6,1,22,9,121.555227,25.0384598
111,10,18,11,59,2,04大安區,大安區仁愛路4段345巷5弄與延吉街口,0,0,1,2,C03,6,1,5,30,4,1,1,4,4,5,7,4,4,7,2,5,1,16,1,71,2,8,1,1,7,9,1,10,1,11,,23,6,1,22,9,121.555227,25.0384598
111,10,18,12,0,2,03中山區,中山區中山北路2段與錦州街口,0,0,1,1,B03,6,1,5,50,4,2,1,4,4,5,7,1,1,5,4,5,2,16,1,71,3,10,3,4,7,9,1,8,1,8,,44,44,1,22,9,121.5231426,25.06037603
111,10,18,12,0,2,03中山區,中山區中山北路2段與錦州街口,0,0,1,2,C03,6,1,5,50,4,2,1,4,4,5,7,1,1,5,4,5,2,16,2,32,2,9,1,4,7,8,1,10,1,12,,7,44,1,22,9,121.5231426,25.06037603
111,10,18,12,9,2,06松山區,松山區復興北路與五常街口,0,0,2,1,B12,6,1,5,50,4,1,1,4,4,5,7,2,1,3,4,5,2,11,1,53,3,10,3,4,7,5,1,4,1,6,,8,8,1,22,9,121.5443582,25.0643304
111,10,18,12,9,2,06松山區,松山區復興北路與五常街口,0,0,2,2,C03,6,1,5,50,4,1,1,4,4,5,7,2,1,3,4,5,2,11,1,20,2,9,1,4,7,9,1,10,1,11,,23,8,1,22,9,121.5443582,25.0643304
111,10,18,12,9,2,06松山區,松山區復興北路與五常街口,0,0,2,3,H02,6,1,5,50,4,1,1,4,4,5,7,2,1,3,4,5,2,11,1,20,2,9,1,4,7,20,8,20,10,16,,67,8,1,22,9,121.5443582,25.0643304
111,10,18,12,21,2,07信義區,信義區松山路225巷5號,0,0,1,1,C03,7,1,5,30,14,9,1,4,4,5,7,4,4,10,5,5,1,12,1,24,3,10,1,1,7,9,3,18,9,11,,16,16,1,22,9,121.578107,25.044877
111,10,18,12,21,2,07信義區,信義區松山路225巷5號,0,0,1,2,F03,7,1,5,30,14,9,1,4,4,5,7,4,4,10,5,5,1,12,1,59,2,3,2,1,7,5,8,20,9,16,,44,16,1,22,9,121.578107,25.044877
111,10,18,12,25,2,12內湖區,內湖區民權東路6段11巷與瑞光路76巷口,0,0,1,1,B03,6,1,5,50,3,1,1,4,4,5,7,4,4,9,4,5,2,16,1,59,3,10,1,1,7,6,1,8,1,8,,23,23,1,22,9,121.5781631,25.0674379
111,10,18,12,25,2,12內湖區,內湖區民權東路6段11巷與瑞光路76巷口,0,0,1,2,C03,6,1,5,50,3,1,1,4,4,5,7,4,4,9,4,5,2,16,2,56,2,9,1,1,7,5,1,10,1,12,,6,23,1,22,9,121.5781631,25.0674379
111,10,18,12,59,2,05中正區,中正區金山南路1段與金山南路1段53巷口,0,0,1,1,B03,6,1,5,50,3,1,1,4,4,5,7,4,4,3,4,5,2,17,2,58,3,10,1,1,7,15,1,8,2,15,,6,6,1,22,9,121.5287167,25.03904117
111,10,18,12,59,2,05中正區,中正區金山南路1段與金山南路1段53巷口,0,0,1,2,C03,6,1,5,50,3,1,1,4,4,5,7,4,4,3,4,5,2,17,1,43,2,9,1,1,7,9,1,10,2,14,,42,6,1,22,9,121.5287167,25.03904117
111,10,18,13,48,2,04大安區,大安區永康街17巷與信義路2段198巷口,0,0,1,1,B03,6,1,5,30,4,1,1,4,4,5,7,4,4,10,5,5,1,16,2,33,3,10,1,1,7,9,1,8,1,8,,6,6,1,22,9,121.5307082,25.0323802
111,10,18,13,48,2,04大安區,大安區永康街17巷與信義路2段198巷口,0,0,1,2,C03,6,1,5,30,4,1,1,4,4,5,7,4,4,10,5,5,1,16,1,38,2,9,1,1,7,9,1,10,1,12,,13,6,1,22,9,121.5307082,25.0323802
111,10,18,13,55,2,03中山區,中山區中原街與吉林路168巷口,0,0,1,1,B01,6,1,5,30,4,1,1,4,4,5,7,4,4,10,5,5,2,16,1,49,3,10,3,4,7,9,1,4,1,2,,6,6,1,22,9,121.5288594,25.0568454
111,10,18,13,55,2,03中山區,中山區中原街與吉林路168巷口,0,0,1,2,C03,6,1,5,30,4,1,1,4,4,5,7,4,4,10,5,5,2,16,2,27,2,8,1,1,7,9,1,10,1,11,,44,6,1,22,9,121.5288594,25.0568454
111,10,18,14,12,2,09北投區,北投區中央北路2段321號,0,0,2,1,C03,7,1,5,50,14,9,1,5,4,5,7,4,4,8,3,5,2,17,2,72,2,9,1,1,7,1,1,10,1,11,,19,19,1,22,9,121.4893333,25.13841124
111,10,18,14,12,2,09北投區,北投區中央北路2段321號,0,0,2,2,C03,7,1,5,50,14,9,1,5,4,5,7,4,4,8,3,5,2,17,1,24,2,9,1,1,7,9,1,10,1,11,,44,19,1,22,9,121.4893333,25.13841124
111,10,18,15,10,2,04大安區,大安區基隆路3段與基隆路3段155巷口,0,0,2,1,C03,7,1,5,50,4,1,1,4,4,5,7,1,1,1,4,4,2,16,1,18,2,9,3,4,7,5,1,10,1,14,,8,8,1,22,9,121.542702,25.01568074
111,10,18,15,10,2,04大安區,大安區基隆路3段與基隆路3段155巷口,0,0,2,2,C03,7,1,5,50,4,1,1,4,4,5,7,1,1,1,4,4,2,16,2,25,2,9,3,4,7,9,1,10,1,11,,23,8,1,22,9,121.542702,25.01568074
111,10,18,15,20,2,03中山區,中山區伊通街與建國北路1段78巷口,0,0,1,1,C04,6,1,5,30,4,1,1,4,4,5,7,4,4,7,4,5,1,15,2,63,2,9,1,1,7,9,1,11,1,11,,6,6,1,22,9,121.5347865,25.0514067
111,10,18,15,20,2,03中山區,中山區伊通街與建國北路1段78巷口,0,0,1,2,C03,6,1,5,30,4,1,1,4,4,5,7,4,4,7,4,5,1,15,1,37,3,10,1,1,7,9,1,10,1,12,,14,6,1,22,9,121.5347865,25.0514067
111,10,18,15,55,2,10文山區,文山區興隆路3段192巷8弄27號旁,0,0,2,1,C03,6,1,5,30,14,9,1,4,4,5,7,4,4,9,5,5,2,3,1,20,2,9,1,1,7,9,1,10,2,11,,23,23,1,22,9,121.5563636,24.99854511
111,10,18,15,55,2,10文山區,文山區興隆路3段192巷8弄27號旁,0,0,2,2,H01,6,1,5,30,14,9,1,4,4,5,7,4,4,9,5,5,2,3,2,67,2,9,4,1,8,16,8,20,10,16,,53,23,1,22,9,121.5563636,24.99854511
111,10,18,15,56,2,10文山區,文山區興隆路3段192巷8弄臨27號,0,0,1,1,C03,6,1,5,30,14,9,1,4,4,5,7,4,4,9,5,5,2,13,1,18,2,8,1,1,7,9,1,10,2,11,,23,23,1,22,9,121.5562483,24.9987863
111,10,18,15,56,2,10文山區,文山區興隆路3段192巷8弄臨27號,0,0,1,2,C03,6,1,5,30,14,9,1,4,4,5,7,4,4,9,5,5,2,13,1,27,3,10,1,1,7,14,1,10,2,13,,44,23,1,22,9,121.5562483,24.9987863
111,10,18,15,59,2,05中正區,中正區市民大道1段迴轉道(近中山北路),0,0,1,1,B01,6,1,5,40,15,6,1,4,4,5,7,4,4,1,4,5,2,17,1,40,3,10,1,1,7,5,1,4,1,5,,6,6,1,22,9,121.5213209,25.0479043
111,10,18,15,59,2,05中正區,中正區市民大道1段迴轉道(近中山北路),0,0,1,2,C03,6,1,5,40,15,6,1,4,4,5,7,4,4,1,4,5,2,17,2,28,2,9,1,1,7,9,1,10,1,11,,44,6,1,22,9,121.5213209,25.0479043
111,10,18,16,15,2,12內湖區,內湖區江南街71巷16弄與江南街71巷口,0,0,1,1,B03,6,1,5,50,3,1,1,4,4,5,7,4,4,5,5,5,2,17,2,39,3,10,1,1,7,6,1,8,1,5,,9,9,1,22,9,121.5784411,25.07586655
111,10,18,16,15,2,12內湖區,內湖區江南街71巷16弄與江南街71巷口,0,0,1,2,C03,6,1,5,50,3,1,1,4,4,5,7,4,4,5,5,5,2,17,2,26,2,9,1,1,7,9,1,10,1,11,,44,9,1,22,9,121.5784411,25.07586655
111,10,18,16,29,2,05中正區,中正區市民大道3段與新生北路1段口口,0,0,1,1,C03,6,1,5,50,4,2,1,4,4,5,7,2,1,9,4,4,1,12,1,61,3,10,1,1,7,9,1,10,1,12,,17,17,1,21,1,121.5327945,25.04514
111,10,18,16,29,2,05中正區,中正區市民大道3段與新生北路1段口口,0,0,1,2,C03,6,1,5,50,4,2,1,4,4,5,7,2,1,9,4,4,1,12,1,39,2,9,1,1,7,9,1,10,1,14,,17,17,1,21,1,121.5327945,25.04514
111,10,18,16,35,2,03中山區,中山區林森北路247號,0,0,1,1,C03,6,3,5,50,14,9,1,4,4,5,7,4,4,5,4,5,2,13,2,45,2,9,1,1,7,9,1,10,1,11,,23,23,1,22,9,121.5254904,25.054009
111,10,18,16,35,2,03中山區,中山區林森北路247號,0,0,1,2,C03,6,3,5,50,14,9,1,4,4,5,7,4,4,5,4,5,2,13,2,47,3,10,1,1,7,12,1,10,1,13,,42,23,1,22,9,121.5254904,25.054009
111,10,18,17,0,2,10文山區,文山區木柵路1段67號,0,0,2,1,C03,6,1,5,50,14,9,1,4,4,5,7,4,4,5,4,5,2,17,1,18,2,8,1,1,7,9,1,10,1,11,,43,43,1,22,9,121.5463379,24.9868512
111,10,18,17,0,2,10文山區,文山區木柵路1段67號,0,0,2,2,C03,6,1,5,50,14,9,1,4,4,5,7,4,4,5,4,5,2,17,1,18,2,8,1,1,7,14,1,10,1,13,,43,43,1,22,9,121.5463379,24.9868512