發生年度,發生月,發生日,發生時-Hours,發生分,處理別-編號,區序,肇事地點,死亡人數,2-30日死亡人數,受傷人數,當事人序號,車種,天候,光線,道路類別,速限-速度限制,道路型態,事故位置,路面狀況1,路面狀況2,路面狀況3,道路障礙1,道路障礙2,號誌1,號誌2,車道劃分-分向,車道劃分-分道1,車道劃分-分道2,車道劃分-分道3,事故類型及型態,性別,年齡,受傷程度,主要傷處,安全帽,行動電話,車輛用途,當事者行動狀態,駕駛資格情形,駕駛執照種類,飲酒情形,車輛撞擊部位1,車輛撞擊部位2,肇因碼-個別,肇因碼-主要,個人肇逃否,職業,旅次目的,座標-X,座標-Y
111,10,18,17,6,2,03中山區,中山區長安東路2段與長安東路2段36巷口,0,0,1,1,B12,6,1,5,50,4,1,1,4,4,5,7,1,1,5,4,5,1,17,1,28,3,10,1,1,7,11,1,8,1,15,,10,10,1,22,9,121.5314555,25.04847835
111,10,18,17,6,2,03中山區,中山區長安東路2段與長安東路2段36巷口,0,0,1,2,C03,6,1,5,50,4,1,1,4,4,5,7,1,1,5,4,5,1,17,1,23,2,9,1,1,7,9,1,10,1,12,,44,10,1,22,9,121.5314555,25.04847835
111,10,18,17,10,2,04大安區,大安區敦化南路1段與敦化南路1段187巷口,0,0,1,1,B03,6,3,5,50,4,1,1,4,4,5,7,1,1,1,4,1,1,3,1,53,3,10,3,4,7,5,1,8,2,8,,15,15,1,22,9,121.5488603,25.0424928
111,10,18,17,10,2,04大安區,大安區敦化南路1段與敦化南路1段187巷口,0,0,1,2,H01,6,3,5,50,4,1,1,4,4,5,7,1,1,1,4,1,1,3,2,61,2,9,4,5,8,16,8,20,10,16,,52,15,1,22,9,121.5488603,25.0424928
111,10,18,17,29,2,03中山區,中山區長春路與中原街口,0,0,1,1,B03,6,3,5,50,3,1,1,4,4,5,7,1,1,4,3,4,1,16,2,40,3,10,3,4,7,5,1,8,1,8,,23,23,1,22,9,121.528826,25.05492711
111,10,18,17,29,2,03中山區,中山區長春路與中原街口,0,0,1,2,C03,6,3,5,50,3,1,1,4,4,5,7,1,1,4,3,4,1,16,1,21,2,9,1,4,7,14,1,10,1,11,,42,23,1,22,9,121.528826,25.05492711
111,10,18,17,33,2,05中正區,中正區林森北路11號,0,0,1,1,C03,6,1,5,50,14,9,1,4,4,5,7,4,4,9,4,5,2,17,2,36,2,9,1,1,7,8,1,10,2,12,,6,6,1,22,9,121.5237113,25.04588641
111,10,18,17,33,2,05中正區,中正區林森北路11號,0,0,1,2,C03,6,1,5,50,14,9,1,4,4,5,7,4,4,9,4,5,2,17,2,19,3,10,1,1,7,9,1,10,2,11,,44,6,1,22,9,121.5237113,25.04588641
111,10,18,17,40,2,07信義區,信義區基隆路2段131號,0,0,1,1,C03,6,1,5,50,14,9,1,4,4,5,7,4,4,2,4,5,2,12,2,22,2,9,1,1,7,8,1,10,1,11,,23,7,1,22,9,121.5561239,25.02742312
111,10,18,17,40,2,07信義區,信義區基隆路2段131號,0,0,1,2,B03,6,1,5,50,14,9,1,4,4,5,7,4,4,2,4,5,2,12,1,32,3,10,1,1,7,9,1,8,1,6,,44,7,1,22,9,121.5561239,25.02742312
111,10,18,17,43,2,03中山區,中山區民權東路1段與林森北路口,0,0,1,1,B03,6,3,5,50,4,1,1,4,4,5,7,1,1,1,4,5,2,16,1,29,3,10,3,4,7,6,1,8,1,2,,9,9,1,22,9,121.5256427,25.06275263
111,10,18,17,43,2,03中山區,中山區民權東路1段與林森北路口,0,0,1,2,C03,6,3,5,50,4,1,1,4,4,5,7,1,1,1,4,5,2,16,1,31,2,9,1,4,7,9,1,10,1,14,,23,9,1,22,9,121.5256427,25.06275263
111,10,18,17,50,2,05中正區,中正區金山南路1段72號,0,0,1,1,C04,6,3,5,50,14,9,1,4,4,5,7,4,4,3,4,5,2,16,1,29,2,9,1,1,7,7,1,8,2,14,,7,7,1,22,9,121.5279841,25.03743473
111,10,18,17,50,2,05中正區,中正區金山南路1段72號,0,0,1,2,B01,6,3,5,50,14,9,1,4,4,5,7,4,4,3,4,5,2,16,1,32,3,10,1,1,7,9,1,4,2,5,,44,7,1,22,9,121.5279841,25.03743473
111,10,18,17,50,2,10文山區,文山區福和橋第003燈桿,0,0,1,1,C03,6,2,5,40,14,11,1,4,4,5,7,4,4,1,4,5,1,18,1,59,2,9,1,1,7,9,1,10,1,14,,23,23,1,22,9,121.5348682,25.0101219
111,10,18,17,50,2,10文山區,文山區福和橋第003燈桿,0,0,1,2,,6,2,5,40,14,11,1,4,4,5,7,4,4,1,4,5,1,18,3,,,,,,,,,,,,,67,23,1,,,121.5348682,25.0101219
111,10,18,17,55,2,08士林區,士林區通河西街1段堤外 百齡左岸NO.044燈桿,0,0,1,2,C03,6,3,5,50,14,9,1,4,4,5,7,4,4,9,5,5,1,17,1,21,3,10,1,1,7,9,1,10,9,14,,44,23,1,22,9,121.5153336,25.07978133
111,10,18,17,55,2,08士林區,士林區通河西街1段堤外 百齡左岸NO.044燈桿,0,0,1,1,B03,6,3,5,50,14,9,1,4,4,5,7,4,4,9,5,5,1,17,1,51,4,11,3,4,7,15,7,19,11,15,,23,23,2,22,9,121.5153336,25.07978133
111,10,18,17,55,2,08士林區,士林區通河西街1段堤外 百齡左岸NO.044燈桿,0,0,1,3,H02,6,3,5,50,14,9,1,4,4,5,7,4,4,9,5,5,1,17,2,22,2,8,4,5,7,20,8,20,10,16,,67,23,1,22,9,121.5153336,25.07978133
111,10,18,18,0,2,08士林區,士林區延平北路7段106巷與延平北路7段106巷327弄口,0,0,2,1,B03,7,3,5,50,3,1,1,5,4,5,7,1,1,10,5,5,2,17,1,28,3,10,1,1,7,5,1,6,1,2,,43,43,1,22,9,121.4959445,25.10453724
111,10,18,18,0,2,08士林區,士林區延平北路7段106巷與延平北路7段106巷327弄口,0,0,2,2,C03,7,3,5,50,3,1,1,5,4,5,7,1,1,10,5,5,2,17,1,26,2,8,1,1,7,9,1,10,1,12,,43,43,1,22,9,121.4959445,25.10453724
111,10,18,18,0,2,08士林區,士林區延平北路7段106巷與延平北路7段106巷327弄口,0,0,2,3,H02,7,3,5,50,3,1,1,5,4,5,7,1,1,10,5,5,2,17,2,22,2,9,1,5,7,20,8,20,10,16,,67,43,1,22,9,121.4959445,25.10453724
111,10,18,18,0,2,12內湖區,內湖區文德路208巷與文德路口,0,0,1,1,B03,6,3,5,50,4,1,1,4,4,5,7,1,1,1,4,5,2,16,1,48,3,10,1,1,7,9,1,8,1,1,,25,25,1,22,9,121.5835911,25.07845429
111,10,18,18,0,2,12內湖區,內湖區文德路208巷與文德路口,0,0,1,2,C03,6,3,5,50,4,1,1,4,4,5,7,1,1,1,4,5,2,16,2,24,2,9,1,1,7,9,1,10,1,14,,44,25,1,22,9,121.5835911,25.07845429
111,10,18,18,13,2,01大同區,大同區民權西路157號,0,0,1,1,B01,6,3,5,50,14,9,1,4,4,5,7,4,4,1,4,5,2,12,1,59,3,10,3,4,7,7,1,4,2,3,,7,7,1,22,9,121.5163294,25.06310039
111,10,18,18,13,2,01大同區,大同區民權西路157號,0,0,1,2,B03,6,3,5,50,14,9,1,4,4,5,7,4,4,1,4,5,2,12,1,43,3,10,3,4,7,9,1,8,2,1,,23,7,1,22,9,121.5163294,25.06310039
111,10,18,18,13,2,01大同區,大同區民權西路157號,0,0,1,3,C02,6,3,5,50,14,9,1,4,4,5,7,4,4,1,4,5,2,12,1,26,2,6,3,4,7,9,1,9,2,13,,44,7,1,22,9,121.5163294,25.06310039
111,10,18,18,19,2,04大安區,大安區和平東路2段96巷與和平東路2段口,0,0,1,1,B03,6,3,5,50,3,2,1,4,4,5,7,4,4,1,4,4,2,2,1,39,3,10,1,1,7,6,1,8,1,8,,15,15,1,22,9,121.5413799,25.0249859
111,10,18,18,19,2,04大安區,大安區和平東路2段96巷與和平東路2段口,0,0,1,2,H01,6,3,5,50,3,2,1,4,4,5,7,4,4,1,4,4,2,2,2,50,2,9,4,5,8,16,8,20,10,16,,67,15,1,22,9,121.5413799,25.0249859
111,10,18,18,40,2,10文山區,文山區老泉街,0,0,1,1,B03,6,3,5,30,11,9,1,4,4,5,1,4,4,5,2,5,2,17,1,46,3,10,1,1,7,9,1,8,1,4,,44,44,1,22,9,121.5670279,24.97975284
111,10,18,18,40,2,10文山區,文山區老泉街,0,0,1,2,C03,6,3,5,30,11,9,1,4,4,5,1,4,4,5,2,5,2,17,2,39,2,9,1,1,7,9,1,10,1,12,,6,44,1,22,9,121.5670279,24.97975284
111,10,18,18,51,2,12內湖區,內湖區文德路208巷與文德路208巷6弄口,0,0,1,1,B03,6,3,5,30,3,1,1,4,4,5,7,4,4,9,5,5,2,17,1,50,3,10,1,1,7,5,1,8,2,5,,8,8,1,22,9,121.5835814,25.07794249
111,10,18,18,51,2,12內湖區,內湖區文德路208巷與文德路208巷6弄口,0,0,1,2,C03,6,3,5,30,3,1,1,4,4,5,7,4,4,9,5,5,2,17,1,62,2,9,1,1,7,9,1,10,2,14,,44,8,1,22,9,121.5835814,25.07794249
111,10,18,18,57,2,11南港區,南港區忠孝東路7段與昆陽街157巷口,0,0,2,1,C03,6,3,5,50,5,1,1,4,4,5,7,1,1,8,3,5,2,15,2,62,2,8,1,1,7,9,1,10,1,11,,42,42,1,22,9,121.5965884,25.0506281
111,10,18,18,57,2,11南港區,南港區忠孝東路7段與昆陽街157巷口,0,0,2,2,C03,6,3,5,50,5,1,1,4,4,5,7,1,1,8,3,5,2,15,1,27,2,8,1,1,7,9,1,10,1,14,,23,42,1,22,9,121.5965884,25.0506281
111,10,18,20,6,2,06松山區,松山區南京東路5段230號,0,0,1,1,B03,7,3,5,50,14,9,1,4,4,5,7,2,1,1,4,5,2,17,1,63,3,10,1,1,7,1,1,8,2,15,,19,19,1,22,9,121.5657235,25.0512781
111,10,18,20,6,2,06松山區,松山區南京東路5段230號,0,0,1,2,C03,7,3,5,50,14,9,1,4,4,5,7,2,1,1,4,5,2,17,1,57,2,9,1,1,7,9,1,10,2,14,,44,19,1,22,9,121.5657235,25.0512781
111,10,18,21,0,2,04大安區,大安區安和路2段與敦化南路2段265巷口,0,0,2,1,C03,6,3,5,50,3,1,1,4,4,5,7,3,1,1,4,5,2,3,2,50,2,9,1,1,7,9,1,10,1,11,,15,15,1,22,9,121.5501313,25.0253347
111,10,18,21,0,2,04大安區,大安區安和路2段與敦化南路2段265巷口,0,0,2,2,H01,6,3,5,50,3,1,1,4,4,5,7,3,1,1,4,5,2,3,2,52,2,9,4,5,8,16,8,20,10,16,,67,15,1,22,9,121.5501313,25.0253347
111,10,18,21,4,2,06松山區,松山區塔悠路99號,0,0,1,1,B03,6,3,5,30,15,9,4,4,4,5,7,4,4,10,5,5,2,16,1,41,3,10,1,1,7,6,1,8,1,8,,9,9,1,22,9,121.5703395,25.05375387
111,10,18,21,4,2,06松山區,松山區塔悠路99號,0,0,1,2,C03,6,3,5,30,15,9,4,4,4,5,7,4,4,10,5,5,2,16,2,26,2,9,1,1,7,9,1,9,1,11,,44,9,1,22,9,121.5703395,25.05375387
111,10,18,21,34,2,05中正區,中正區重慶南路1段與開封街1段口口,0,0,1,1,B02,6,3,5,50,4,1,1,4,4,5,7,1,1,10,4,5,2,2,1,29,3,10,1,1,7,6,1,8,2,5,,15,44,1,22,9,121.5131427,25.045961
111,10,18,21,34,2,05中正區,中正區重慶南路1段與開封街1段口口,0,0,1,2,H01,6,3,5,50,4,1,1,4,4,5,7,1,1,10,4,5,2,2,1,30,2,9,4,5,8,16,8,20,10,16,,67,44,1,22,9,121.5131427,25.045961
111,10,18,21,40,2,10文山區,文山區木柵路1段172號,0,0,1,1,B03,6,3,5,50,15,9,1,4,4,5,7,1,1,1,4,5,2,17,2,19,3,10,3,4,7,5,1,8,1,6,,6,6,1,22,9,121.5523035,24.98778392
111,10,18,21,40,2,10文山區,文山區木柵路1段172號,0,0,1,2,C03,6,3,5,50,15,9,1,4,4,5,7,1,1,1,4,5,2,17,1,24,2,8,3,4,7,9,1,10,1,11,,6,6,1,22,9,121.5523035,24.98778392
111,10,18,21,42,2,02萬華區,萬華區昆明街與開封街2段口,0,0,1,1,C03,6,3,5,50,4,1,2,4,4,5,7,1,1,8,3,5,1,17,1,24,2,8,3,4,7,9,1,10,1,15,,44,44,1,22,9,121.50592,25.0468371
111,10,18,21,42,2,02萬華區,萬華區昆明街與開封街2段口,0,0,1,2,C03,6,3,5,50,4,1,2,4,4,5,7,1,1,8,3,5,1,17,1,76,3,10,3,4,7,21,1,10,1,15,,27,44,1,22,9,121.50592,25.0468371
111,10,18,21,46,2,07信義區,信義區和平東路3段391巷與和平東路3段口,0,0,1,1,C04,6,3,5,50,4,2,1,4,4,5,7,2,1,1,4,5,1,17,2,20,3,10,1,1,7,5,1,10,1,12,,8,8,1,21,9,121.5576135,25.01976837
111,10,18,21,46,2,07信義區,信義區和平東路3段391巷與和平東路3段口,0,0,1,2,C03,6,3,5,50,4,2,1,4,4,5,7,2,1,1,4,5,1,17,1,59,2,9,1,4,7,9,1,10,1,11,,13,8,1,22,9,121.5576135,25.01976837
111,10,18,21,46,2,07信義區,信義區和平東路3段391巷與和平東路3段口,0,0,1,3,B01,6,3,5,50,4,2,1,4,4,5,7,2,1,1,4,5,1,17,1,62,3,10,3,4,7,9,1,4,1,1,,23,8,2,21,9,121.5576135,25.01976837
111,10,18,22,45,2,05中正區,中正區館前路與開封街1段口,0,0,1,1,C03,6,3,5,50,4,2,1,4,4,5,7,4,4,10,4,5,2,12,1,20,2,9,1,1,7,9,1,10,1,11,,23,23,1,22,9,121.5150392,25.0460401
111,10,18,22,45,2,05中正區,中正區館前路與開封街1段口,0,0,1,2,B01,6,3,5,50,4,2,1,4,4,5,7,4,4,10,4,5,2,12,1,68,3,10,1,1,7,14,1,4,1,3,,38,23,1,22,9,121.5150392,25.0460401
111,10,18,23,15,2,05中正區,中正區中山北路1段與北平東路口,0,0,2,1,B03,6,3,5,50,4,1,1,4,4,5,7,1,1,1,3,1,2,12,2,42,2,2,1,1,7,6,1,8,1,2,,9,9,1,22,9,121.5204161,25.0470422
111,10,18,23,15,2,05中正區,中正區中山北路1段與北平東路口,0,0,2,2,C03,6,3,5,50,4,1,1,4,4,5,7,1,1,1,3,1,2,12,1,23,2,9,1,1,7,9,1,10,1,14,,44,9,1,22,9,121.5204161,25.0470422
111,10,18,23,16,2,02萬華區,萬華區昆明街與開封街2段口,0,0,1,1,C03,6,3,5,0,4,1,1,4,4,5,7,1,1,9,3,5,2,12,2,26,2,9,1,1,7,9,1,10,1,12,,44,44,1,22,9,121.50592,25.0468371
111,10,18,23,16,2,02萬華區,萬華區昆明街與開封街2段口,0,0,1,2,C03,6,3,5,0,4,1,1,4,4,5,7,1,1,9,3,5,2,12,1,37,3,10,1,1,7,6,1,10,1,15,,9,44,1,22,9,121.50592,25.0468371
111,10,18,23,24,2,11南港區,南港區中坡北路與市民大道7段口,0,0,2,1,C03,6,3,5,50,4,1,1,4,4,5,7,2,1,1,4,5,2,16,1,47,2,9,1,1,7,1,1,10,2,14,,19,19,1,22,9,121.5800944,25.04949198
111,10,18,23,24,2,11南港區,南港區中坡北路與市民大道7段口,0,0,2,2,C03,6,3,5,50,4,1,1,4,4,5,7,2,1,1,4,5,2,16,1,21,2,9,1,1,7,9,1,10,9,11,,13,19,1,22,9,121.5800944,25.04949198
111,10,18,23,24,2,11南港區,南港區中坡北路與市民大道7段口,0,0,2,3,,6,3,5,50,4,1,1,4,4,5,7,2,1,1,4,5,2,16,3,,,,,,,,,,,,,67,19,1,,,121.5800944,25.04949198
111,10,18,23,44,2,03中山區,中山區新生北路1段33號前迴轉道,0,0,1,1,C03,6,3,5,50,14,9,1,4,4,5,7,4,4,10,5,5,2,16,1,36,2,9,1,1,7,9,1,10,1,14,,17,17,1,22,9,121.5306661,25.04745825
111,10,18,23,44,2,03中山區,中山區新生北路1段33號前迴轉道,0,0,1,2,B01,6,3,5,50,14,9,1,4,4,5,7,4,4,10,5,5,2,16,1,72,3,10,3,4,7,9,1,4,1,4,,17,17,1,22,9,121.5306661,25.04745825
111,10,19,6,33,2,05中正區,中正區忠孝東路1段與紹興北街口,0,0,1,1,B01,7,1,5,50,4,2,1,5,4,5,7,1,1,1,4,5,2,9,1,54,3,10,1,1,7,6,1,4,2,1,,15,23,1,22,9,121.524964,25.0444087
111,10,19,6,33,2,05中正區,中正區忠孝東路1段與紹興北街口,0,0,1,2,H01,7,1,5,50,4,2,1,5,4,5,7,1,1,1,4,5,2,9,1,72,2,9,1,1,8,16,8,20,10,16,,67,23,1,22,9,121.524964,25.0444087
111,10,19,7,9,2,06松山區,松山區復興北路地下道北往南,0,0,2,1,B03,7,3,5,40,7,8,1,5,4,5,7,4,4,7,2,4,1,12,2,42,3,10,1,1,7,9,1,8,2,5,,17,17,1,22,9,121.5442124,25.07068519
111,10,19,7,9,2,06松山區,松山區復興北路地下道北往南,0,0,2,2,C03,7,3,5,40,7,8,1,5,4,5,7,4,4,7,2,4,1,12,1,67,2,9,1,1,7,9,1,10,2,11,14,44,17,1,22,9,121.5442124,25.07068519
111,10,19,7,9,2,06松山區,松山區復興北路地下道北往南,0,0,2,3,C03,7,3,5,40,7,8,1,5,4,5,7,4,4,7,2,4,1,12,2,52,2,8,1,1,7,9,1,10,2,11,,23,17,1,22,9,121.5442124,25.07068519
111,10,19,7,43,2,04大安區,大安區永康街與永康街41巷口口,0,0,1,1,B03,8,1,5,40,3,2,1,5,4,5,7,4,4,10,5,5,1,12,1,54,3,10,1,1,7,5,1,4,1,4,,8,8,1,22,9,121.5295438,25.03047454
111,10,19,7,43,2,04大安區,大安區永康街與永康街41巷口口,0,0,1,2,C03,8,1,5,40,3,2,1,5,4,5,7,4,4,10,5,5,1,12,2,45,2,9,1,1,7,9,1,10,1,12,,14,8,1,22,9,121.5295438,25.03047454
111,10,19,7,48,2,03中山區,中山區市民大道3段與新生北路1段口,0,0,2,1,C03,8,1,5,40,4,1,1,5,4,5,7,2,1,1,4,5,2,12,1,59,2,9,3,4,7,8,1,11,1,12,,7,7,1,22,9,121.5308924,25.04617543
111,10,19,7,48,2,03中山區,中山區市民大道3段與新生北路1段口,0,0,2,2,C03,8,1,5,40,4,1,1,5,4,5,7,2,1,1,4,5,2,12,2,28,2,8,3,4,7,9,1,10,1,11,,44,7,1,22,9,121.5308924,25.04617543
111,10,19,7,53,2,02萬華區,萬華區西園路1段與貴陽街2段口,0,0,1,1,B01,7,1,5,50,4,2,1,5,4,5,7,2,1,5,5,5,1,17,1,58,3,10,3,4,7,6,1,4,1,5,,9,9,1,22,9,121.4999225,25.04012174
111,10,19,7,53,2,02萬華區,萬華區西園路1段與貴陽街2段口,0,0,1,2,C03,7,1,5,50,4,2,1,5,4,5,7,2,1,5,5,5,1,17,1,20,2,9,3,4,7,9,1,10,1,14,,23,9,1,22,9,121.4999225,25.04012174
111,10,19,8,3,2,04大安區,大安區杭州南路2段25巷13號與愛國東路21巷口,0,0,1,1,B03,7,1,5,30,3,1,1,5,4,5,7,4,4,8,3,5,1,12,1,48,3,10,1,1,7,11,1,8,1,1,,10,10,1,22,9,121.5243157,25.0334916
111,10,19,8,3,2,04大安區,大安區杭州南路2段25巷13號與愛國東路21巷口,0,0,1,2,C03,7,1,5,30,3,1,1,5,4,5,7,4,4,8,3,5,1,12,1,49,2,9,1,1,7,9,1,10,1,12,,14,10,1,22,9,121.5243157,25.0334916
111,10,19,8,10,2,03中山區,中山區市民大道3段與復興南路1段口,0,0,1,2,B03,7,3,5,50,4,2,1,5,4,5,7,1,1,1,4,5,2,13,1,61,3,10,1,1,7,14,1,8,1,6,,44,16,1,22,9,121.5437469,25.0450709
111,10,19,8,10,2,03中山區,中山區市民大道3段與復興南路1段口,0,0,1,1,C03,7,3,5,50,4,2,1,5,4,5,7,1,1,1,4,5,2,13,2,25,2,9,1,1,7,9,1,10,1,11,,16,16,1,22,9,121.5437469,25.0450709
111,10,19,8,15,2,12內湖區,內湖區瑞光路393巷與洲子街口,0,0,1,1,C03,6,1,5,50,4,1,1,4,4,5,7,2,1,9,4,5,2,16,2,28,2,7,1,1,7,5,1,10,2,12,,8,8,1,22,9,121.5735329,25.07905748
111,10,19,8,15,2,12內湖區,內湖區瑞光路393巷與洲子街口,0,0,1,2,B02,6,1,5,50,4,1,1,4,4,5,7,2,1,9,4,5,2,16,1,50,3,10,1,1,7,9,1,8,2,1,,44,8,1,22,9,121.5735329,25.07905748
111,10,19,8,16,2,12內湖區,內湖區民權東路6段180巷66號,0,0,1,1,C03,6,1,5,30,14,9,1,4,4,5,7,4,4,5,5,5,2,29,2,58,2,9,1,1,7,9,1,10,2,15,,44,44,1,22,9,121.5926777,25.06711917
111,10,19,8,16,2,12內湖區,內湖區民權東路6段180巷66號,0,0,1,2,,6,1,5,30,14,9,1,4,4,5,7,4,4,5,5,5,2,29,3,,,,,,,,,,9,,,66,44,1,,,121.5926777,25.06711917
111,10,19,8,21,2,04大安區,大安區復興南路1段255-2號,0,0,1,1,C03,7,1,5,50,14,8,1,5,4,5,7,4,4,1,4,4,2,12,1,43,2,9,1,1,7,9,1,10,1,11,,44,44,1,22,9,121.5437897,25.0366194
111,10,19,8,21,2,04大安區,大安區復興南路1段255-2號,0,0,1,2,C03,7,1,5,50,14,8,1,5,4,5,7,4,4,1,4,4,2,12,1,21,3,10,1,1,7,8,7,19,1,12,,7,44,1,22,9,121.5437897,25.0366194
111,10,19,8,21,2,04大安區,大安區復興南路1段255-2號,0,0,1,3,B03,7,1,5,50,14,8,1,5,4,5,7,4,4,1,4,4,2,12,1,51,3,10,1,1,7,14,1,8,1,2,,44,44,1,22,9,121.5437897,25.0366194
111,10,19,8,23,2,01大同區,大同區環河北路2段與環河北路2段145巷口,0,0,2,1,C03,7,1,5,50,3,1,1,5,4,5,7,4,4,1,4,5,2,12,2,25,2,8,1,1,7,9,1,10,1,11,,16,16,1,22,9,121.5090096,25.06722068
111,10,19,8,23,2,01大同區,大同區環河北路2段與環河北路2段145巷口,0,0,2,2,C03,7,1,5,50,3,1,1,5,4,5,7,4,4,1,4,5,2,12,1,59,2,8,1,1,7,15,1,10,1,13,,44,16,1,22,9,121.5090096,25.06722068
111,10,19,8,26,2,04大安區,大安區復興南路1段107巷與大安路1段口,0,0,1,1,C03,7,1,5,30,4,1,1,5,4,5,7,4,4,10,5,5,1,15,2,32,2,9,1,1,7,9,1,10,1,12,,6,,1,22,9,121.5462034,25.0435983
111,10,19,8,26,2,04大安區,大安區復興南路1段107巷與大安路1段口,0,0,1,2,B03,7,1,5,30,4,1,1,5,4,5,7,4,4,10,5,5,1,15,1,60,3,10,1,1,7,9,1,8,1,1,,44,,1,22,9,121.5462034,25.0435983
111,10,19,8,34,2,02萬華區,萬華區西園路2段281巷與西園路2段281巷6弄口,0,0,2,1,C03,7,1,5,30,4,1,1,5,4,5,7,4,4,10,5,5,2,15,2,21,3,10,2,1,7,9,4,8,9,14,,6,6,1,22,9,121.4918983,25.02456402
111,10,19,8,34,2,02萬華區,萬華區西園路2段281巷與西園路2段281巷6弄口,0,0,2,2,C03,7,1,5,30,4,1,1,5,4,5,7,4,4,10,5,5,2,15,1,30,2,9,1,1,7,9,1,10,9,11,,14,6,1,22,9,121.4918983,25.02456402
111,10,19,8,34,2,02萬華區,萬華區西園路2段281巷與西園路2段281巷6弄口,0,0,2,3,H02,7,1,5,30,4,1,1,5,4,5,7,4,4,10,5,5,2,15,2,23,2,8,1,5,7,17,8,20,10,16,,67,6,1,22,9,121.4918983,25.02456402
111,10,19,8,45,2,01大同區,大同區塔城街(北門站1號出口對面),0,0,1,1,C03,7,1,5,50,14,9,1,5,4,5,7,4,4,5,4,5,2,12,1,68,3,10,1,1,7,15,1,10,1,12,,23,23,1,22,9,121.5101611,25.04874399
111,10,19,8,45,2,01大同區,大同區塔城街(北門站1號出口對面),0,0,1,2,C03,7,1,5,50,14,9,1,5,4,5,7,4,4,5,4,5,2,12,2,42,2,9,1,1,7,9,1,10,1,14,,44,23,1,22,9,121.5101611,25.04874399
111,10,19,8,45,2,04大安區,大安區安和路2段與安和路2段171巷口,0,0,1,1,C03,7,1,5,0,4,2,1,5,4,5,7,2,1,1,4,5,2,17,1,44,2,9,1,1,7,1,1,10,1,13,,19,19,1,22,9,121.549643,25.02808071
111,10,19,8,45,2,04大安區,大安區安和路2段與安和路2段171巷口,0,0,1,2,B03,7,1,5,0,4,2,1,5,4,5,7,2,1,1,4,5,2,17,1,63,3,10,1,1,7,1,1,8,1,5,,44,19,1,22,9,121.549643,25.02808071
111,10,19,9,0,2,03中山區,中山區南京東路2段與吉林路口,0,0,2,1,C03,7,1,5,50,14,9,1,5,4,5,7,1,1,1,3,5,1,12,1,29,4,11,3,4,7,7,7,19,11,15,,7,7,2,22,9,121.5298239,25.0519806
111,10,19,9,0,2,03中山區,中山區南京東路2段與吉林路口,0,0,2,2,C03,7,1,5,50,14,9,1,5,4,5,7,1,1,1,3,5,1,12,1,26,2,9,1,4,7,9,1,10,1,11,,23,7,1,22,9,121.5298239,25.0519806
111,10,19,9,0,2,03中山區,中山區南京東路2段與吉林路口,0,0,2,3,H02,7,1,5,50,14,9,1,5,4,5,7,1,1,1,3,5,1,12,2,24,2,9,1,5,7,17,8,20,10,16,,67,7,1,22,9,121.5298239,25.0519806
111,10,19,9,0,2,07信義區,信義區基隆路1段與逸仙路50巷口,0,0,2,1,C03,7,1,5,50,3,1,1,5,4,5,7,4,4,1,4,5,2,13,2,32,2,9,1,1,7,9,1,10,1,11,,16,16,1,22,9,121.5638758,25.0403723
111,10,19,9,0,2,07信義區,信義區基隆路1段與逸仙路50巷口,0,0,2,2,C03,7,1,5,50,3,1,1,5,4,5,7,4,4,1,4,5,2,13,2,21,2,9,1,1,7,9,1,10,1,14,,16,16,1,22,9,121.5638758,25.0403723
111,10,19,9,0,2,07信義區,信義區基隆路1段與逸仙路50巷口,0,0,2,3,C03,7,1,5,50,3,1,1,5,4,5,7,4,4,1,4,5,2,13,1,23,3,10,1,1,7,9,1,10,1,13,,44,16,1,22,9,121.5638758,25.0403723
111,10,19,9,0,2,07信義區,信義區基隆路1段與逸仙路50巷口,0,0,2,4,B01,7,1,5,50,3,1,1,5,4,5,7,4,4,1,4,5,2,13,1,53,3,10,1,1,7,7,1,4,1,15,,7,16,1,22,9,121.5638758,25.0403723
111,10,19,9,10,2,08士林區,士林區延平北路5段171號,0,0,3,3,H02,7,1,5,50,14,9,1,5,4,5,7,4,4,1,5,5,2,17,1,7,2,9,4,5,7,20,8,20,10,16,,67,19,1,22,9,121.5101447,25.08287677
111,10,19,9,10,2,08士林區,士林區延平北路5段171號,0,0,3,1,C03,7,1,5,50,14,9,1,5,4,5,7,4,4,1,5,5,2,17,2,37,2,9,1,1,7,1,1,10,1,11,,19,19,1,22,9,121.5101447,25.08287677
111,10,19,9,10,2,08士林區,士林區延平北路5段171號,0,0,3,2,C03,7,1,5,50,14,9,1,5,4,5,7,4,4,1,5,5,2,17,2,28,2,9,1,1,7,9,3,18,1,12,,44,19,1,22,9,121.5101447,25.08287677
111,10,19,9,10,2,07信義區,信義區虎林街242巷與虎林街口,0,0,2,1,C04,7,1,5,30,4,1,1,5,4,5,7,4,4,10,5,5,2,15,2,26,2,9,1,1,7,9,1,10,1,14,,6,6,1,22,9,121.5776589,25.036508
111,10,19,9,10,2,07信義區,信義區虎林街242巷與虎林街口,0,0,2,2,C03,7,1,5,30,4,1,1,5,4,5,7,4,4,10,5,5,2,15,1,37,2,9,1,1,7,9,1,10,1,11,,14,6,1,22,9,121.5776589,25.036508
111,10,19,9,24,2,02萬華區,萬華區環河南路2段與環河南路2段149巷口,0,0,1,1,C03,7,1,5,50,3,1,1,5,4,5,7,1,1,3,5,5,1,17,1,30,3,10,1,4,7,5,1,10,1,15,,6,6,1,22,9,121.4930906,25.03384776