發生年度,發生月,發生日,發生時-Hours,發生分,處理別-編號,區序,肇事地點,死亡人數,2-30日死亡人數,受傷人數,當事人序號,車種,天候,光線,道路類別,速限-速度限制,道路型態,事故位置,路面狀況1,路面狀況2,路面狀況3,道路障礙1,道路障礙2,號誌1,號誌2,車道劃分-分向,車道劃分-分道1,車道劃分-分道2,車道劃分-分道3,事故類型及型態,性別,年齡,受傷程度,主要傷處,安全帽,行動電話,車輛用途,當事者行動狀態,駕駛資格情形,駕駛執照種類,飲酒情形,車輛撞擊部位1,車輛撞擊部位2,肇因碼-個別,肇因碼-主要,個人肇逃否,職業,旅次目的,座標-X,座標-Y
111,10,19,9,24,2,02萬華區,萬華區環河南路2段與環河南路2段149巷口,0,0,1,2,C03,7,1,5,50,3,1,1,5,4,5,7,1,1,3,5,5,1,17,1,24,2,9,1,4,7,9,1,10,1,14,,44,6,1,22,9,121.4930906,25.03384776
111,10,19,9,39,2,04大安區,大安區和平東路1段17號,0,0,1,1,B02,7,1,5,50,14,9,1,5,4,5,7,2,1,3,4,5,2,13,1,40,3,10,1,1,7,9,1,8,1,1,,23,23,1,22,9,121.5228171,25.0271515
111,10,19,9,39,2,04大安區,大安區和平東路1段17號,0,0,1,2,C03,7,1,5,50,14,9,1,5,4,5,7,2,1,3,4,5,2,13,2,49,2,9,1,1,7,9,1,10,1,13,,44,23,1,22,9,121.5228171,25.0271515
111,10,19,10,58,2,07信義區,信義區嘉興街175巷與嘉興街口側附近口,0,0,1,1,C03,8,1,5,30,4,1,1,5,4,5,7,4,4,7,5,5,1,15,1,52,3,10,1,4,7,9,1,10,1,11,,6,6,1,22,9,121.5571156,25.0277622
111,10,19,10,58,2,07信義區,信義區嘉興街175巷與嘉興街口側附近口,0,0,1,2,C04,8,1,5,30,4,1,1,5,4,5,7,4,4,7,5,5,1,15,2,34,2,8,1,1,7,9,1,8,1,11,,13,6,1,22,9,121.5571156,25.0277622
111,10,19,11,0,2,04大安區,大安區辛亥路2段與建國南路2段口,0,0,1,3,H02,8,1,5,50,4,1,1,5,4,5,7,1,1,1,4,5,2,16,2,47,2,1,4,5,7,20,8,20,10,16,,67,10,1,22,9,121.5379332,25.0229154
111,10,19,11,0,2,04大安區,大安區辛亥路2段與建國南路2段口,0,0,1,1,B03,8,1,5,50,4,1,1,5,4,5,7,1,1,1,4,5,2,16,1,52,3,10,1,1,7,11,1,8,1,5,,10,10,1,22,9,121.5379332,25.0229154
111,10,19,11,0,2,04大安區,大安區辛亥路2段與建國南路2段口,0,0,1,2,B03,8,1,5,50,4,1,1,5,4,5,7,1,1,1,4,5,2,16,1,70,3,10,1,1,7,6,1,8,1,5,,44,10,1,22,9,121.5379332,25.0229154
111,10,19,11,8,2,03中山區,中山區林森北路482號,0,0,1,1,A04,7,1,5,50,14,9,1,5,4,5,7,4,4,5,5,5,2,16,1,54,3,10,1,1,7,8,1,2,1,2,,7,7,1,22,9,121.5255513,25.06122819
111,10,19,11,8,2,03中山區,中山區林森北路482號,0,0,1,2,C03,7,1,5,50,14,9,1,5,4,5,7,4,4,5,5,5,2,16,1,37,2,9,1,1,7,9,1,10,1,14,,13,7,1,22,9,121.5255513,25.06122819
111,10,19,11,10,2,09北投區,北投區學園路19號停車格,0,0,1,1,C03,7,1,5,40,14,9,1,5,4,5,7,4,4,5,4,5,2,13,1,65,2,8,1,1,7,9,1,10,1,11,,16,16,1,22,9,121.4690887,25.13307008
111,10,19,11,10,2,09北投區,北投區學園路19號停車格,0,0,1,2,B03,7,1,5,40,14,9,1,5,4,5,7,4,4,5,4,5,2,13,2,53,3,10,1,1,7,9,1,8,1,6,,44,16,1,22,9,121.4690887,25.13307008
111,10,19,11,10,2,09北投區,北投區學園路19號停車格,0,0,1,3,H01,7,1,5,40,14,9,1,5,4,5,7,4,4,5,4,5,2,13,1,62,3,10,4,5,8,16,8,20,10,16,,52,16,1,22,9,121.4690887,25.13307008
111,10,19,11,40,2,02萬華區,萬華區寶興街222巷與德昌街185巷27弄口口,0,0,2,1,C03,8,1,6,30,4,1,1,5,4,5,7,4,4,10,5,5,2,15,1,32,2,9,3,4,7,9,1,10,1,11,,23,23,1,22,9,121.4947352,25.02208128
111,10,19,11,40,2,02萬華區,萬華區寶興街222巷與德昌街185巷27弄口口,0,0,2,2,C03,8,1,6,30,4,1,1,5,4,5,7,4,4,10,5,5,2,15,2,51,2,9,3,4,7,9,1,10,1,12,,6,23,1,22,9,121.4947352,25.02208128
111,10,19,12,14,2,03中山區,中山區建國北路2段與錦州街口南側迴轉道,0,0,2,1,C03,8,3,5,50,4,1,1,5,4,5,7,1,1,1,4,5,2,16,1,44,2,9,1,4,7,5,1,10,1,14,,8,8,1,22,9,121.5372063,25.05962494
111,10,19,12,14,2,03中山區,中山區建國北路2段與錦州街口南側迴轉道,0,0,2,2,C03,8,3,5,50,4,1,1,5,4,5,7,1,1,1,4,5,2,16,1,22,2,9,1,4,7,9,1,10,1,11,,44,8,1,22,9,121.5372063,25.05962494
111,10,19,12,14,2,10文山區,文山區指南路2段45巷24弄18號,0,0,1,1,B03,7,1,5,30,14,9,2,5,4,5,7,4,4,10,5,5,2,2,1,74,3,10,3,4,7,9,1,7,1,1,,23,23,1,22,9,121.575074,24.989709
111,10,19,12,14,2,10文山區,文山區指南路2段45巷24弄18號,0,0,1,2,H01,7,1,5,30,14,9,2,5,4,5,7,4,4,10,5,5,2,2,2,64,2,6,4,5,8,16,8,20,10,16,,67,23,1,22,9,121.575074,24.989709
111,10,19,12,39,2,03中山區,中山區南京東路3段與建國北路1段口,0,0,1,1,B12,7,1,5,50,4,1,1,5,4,5,7,1,1,1,3,5,1,16,4,,4,11,3,4,7,15,7,19,11,15,,43,43,2,22,9,121.5370509,25.05183646
111,10,19,12,39,2,03中山區,中山區南京東路3段與建國北路1段口,0,0,1,2,C03,7,1,5,50,4,1,1,5,4,5,7,1,1,1,3,5,1,16,1,74,2,9,1,4,7,9,1,10,2,11,,43,43,1,22,9,121.5370509,25.05183646
111,10,19,12,41,2,09北投區,北投區致遠二路2段與西安街2段口,0,0,1,1,B03,6,1,5,50,5,2,1,4,4,5,7,1,1,5,4,5,2,3,1,42,3,10,3,4,7,5,1,8,2,1,,15,15,1,22,9,121.5132109,25.11744299
111,10,19,12,41,2,09北投區,北投區致遠二路2段與西安街2段口,0,0,1,2,H01,6,1,5,50,5,2,1,4,4,5,7,1,1,5,4,5,2,3,1,74,2,9,4,5,8,16,8,20,10,16,,67,15,1,22,9,121.5132109,25.11744299
111,10,19,13,0,2,12內湖區,內湖區瑞光路與瑞光路112巷口,0,0,1,1,C03,7,1,5,50,3,2,1,5,4,5,7,1,1,5,4,5,2,16,2,41,2,7,1,1,7,7,1,10,1,14,,7,7,1,22,9,121.5808962,25.07216877
111,10,19,13,0,2,12內湖區,內湖區瑞光路與瑞光路112巷口,0,0,1,2,B03,7,1,5,50,3,2,1,5,4,5,7,1,1,5,4,5,2,16,1,33,3,10,1,1,7,9,1,8,1,2,,44,7,1,22,9,121.5808962,25.07216877
111,10,19,13,25,2,05中正區,中正區林森南路(台大國際會議中心停車場出入口),0,0,1,1,B03,7,1,5,50,14,9,1,5,4,5,7,4,4,5,5,5,2,16,1,28,3,10,1,1,7,6,1,8,2,5,,9,44,1,22,9,121.5218062,25.03958179
111,10,19,13,25,2,05中正區,中正區林森南路(台大國際會議中心停車場出入口),0,0,1,2,C03,7,1,5,50,14,9,1,5,4,5,7,4,4,5,5,5,2,16,1,31,2,9,1,1,7,9,1,10,2,14,,44,44,1,22,9,121.5218062,25.03958179
111,10,19,13,37,2,06松山區,松山區南京東路3段與南京東路3段335巷口,0,0,1,1,B03,7,1,5,50,14,9,1,5,4,5,7,4,4,1,4,4,1,13,1,39,3,10,1,1,7,12,1,8,1,3,,16,16,1,22,9,121.5475554,25.05184753
111,10,19,13,37,2,06松山區,松山區南京東路3段與南京東路3段335巷口,0,0,1,2,B03,7,1,5,50,14,9,1,5,4,5,7,4,4,1,4,4,1,13,1,37,2,3,1,1,7,9,1,8,1,1,,42,16,1,22,9,121.5475554,25.05184753
111,10,19,13,40,2,03中山區,中山區新生北路1段與松江路38巷口,0,0,1,1,B01,7,1,5,50,3,1,1,5,4,5,7,4,4,1,5,5,2,16,1,46,3,10,3,4,7,6,1,8,1,5,,9,9,1,22,9,121.5305548,25.0475486
111,10,19,13,40,2,03中山區,中山區新生北路1段與松江路38巷口,0,0,1,2,C03,7,1,5,50,3,1,1,5,4,5,7,4,4,1,5,5,2,16,1,49,2,9,1,4,7,9,1,10,1,14,,14,9,1,22,9,121.5305548,25.0475486
111,10,19,13,59,2,09北投區,北投區承德路7段100號,0,0,1,1,C03,8,1,5,60,14,9,1,5,4,5,7,4,4,1,4,5,2,12,2,40,2,9,1,1,7,7,1,10,2,14,,7,7,1,22,9,121.5101066,25.11196032
111,10,19,13,59,2,09北投區,北投區承德路7段100號,0,0,1,2,B01,8,1,5,60,14,9,1,5,4,5,7,4,4,1,4,5,2,12,1,56,3,10,1,1,7,9,1,4,2,5,,44,7,1,22,9,121.5101066,25.11196032
111,10,19,14,9,2,03中山區,中山區濱江街高公涵洞,0,0,1,1,C03,7,1,5,50,11,9,1,5,4,5,7,1,1,1,4,4,2,16,1,18,2,9,1,1,7,15,1,10,1,13,,17,17,1,22,9,121.5357291,25.0727758
111,10,19,14,9,2,03中山區,中山區濱江街高公涵洞,0,0,1,2,B03,7,1,5,50,11,9,1,5,4,5,7,1,1,1,4,4,2,16,1,72,3,10,1,1,7,15,1,8,1,2,,44,17,1,22,9,121.5357291,25.0727758
111,10,19,14,15,2,03中山區,中山區北安路575號,0,0,1,1,C03,7,1,5,50,14,9,1,5,4,5,7,1,1,1,5,5,2,12,1,36,2,7,1,1,7,5,1,10,1,14,,6,6,1,22,9,121.5485903,25.0812651
111,10,19,14,15,2,03中山區,中山區北安路575號,0,0,1,2,B03,7,1,5,50,14,9,1,5,4,5,7,1,1,1,5,5,2,12,1,54,3,10,1,1,7,9,1,8,1,2,,25,6,1,22,9,121.5485903,25.0812651
111,10,19,14,51,2,06松山區,松山區松河街46號,0,0,1,1,C04,8,1,5,30,14,9,1,5,4,5,7,4,4,10,4,5,2,17,2,71,2,1,1,1,7,21,7,19,1,15,,43,43,1,22,9,121.5736168,25.05079239
111,10,19,14,51,2,06松山區,松山區松河街46號,0,0,1,2,C03,8,1,5,30,14,9,1,5,4,5,7,4,4,10,4,5,2,17,1,52,3,10,3,1,7,13,1,10,1,15,,43,43,1,22,9,121.5736168,25.05079239
111,10,19,14,51,2,06松山區,松山區松河街46號,0,0,1,3,C03,8,1,5,30,14,9,1,5,4,5,7,4,4,10,4,5,2,17,2,64,3,10,3,4,7,15,1,10,9,13,,43,43,1,22,9,121.5736168,25.05079239
111,10,19,14,51,2,06松山區,松山區松河街46號,0,0,1,4,C03,8,1,5,30,14,9,1,5,4,5,7,4,4,10,4,5,2,17,1,24,3,10,3,4,7,15,1,10,9,13,,43,43,1,22,9,121.5736168,25.05079239
111,10,19,14,51,2,06松山區,松山區松河街46號,0,0,1,5,C03,8,1,5,30,14,9,1,5,4,5,7,4,4,10,4,5,2,17,1,38,3,10,3,1,7,15,1,10,9,12,,43,43,1,22,9,121.5736168,25.05079239
111,10,19,15,11,2,04大安區,大安區臥龍街188巷45號,0,0,2,1,C03,6,1,5,50,14,9,1,4,4,5,7,4,4,1,4,5,2,12,1,19,2,9,1,1,7,8,1,10,1,11,,7,7,1,22,9,121.5498192,25.01658968
111,10,19,15,11,2,04大安區,大安區臥龍街188巷45號,0,0,2,2,B12,6,1,5,50,14,9,1,4,4,5,7,4,4,1,4,5,2,12,1,40,3,10,1,1,7,14,1,8,1,6,,44,7,1,22,9,121.5498192,25.01658968
111,10,19,15,11,2,04大安區,大安區臥龍街188巷45號,0,0,2,3,C03,6,1,5,50,14,9,1,4,4,5,7,4,4,1,4,5,2,12,2,30,2,9,1,1,7,9,1,10,1,11,,44,7,1,22,9,121.5498192,25.01658968
111,10,19,15,36,2,03中山區,中山區民族東路新生公園,0,0,1,1,B01,7,1,5,50,14,9,1,5,4,5,7,4,4,1,4,5,2,16,1,67,3,10,1,1,7,8,6,18,1,2,,7,7,1,22,9,121.5325649,25.06831614
111,10,19,15,36,2,03中山區,中山區民族東路新生公園,0,0,1,2,C03,7,1,5,50,14,9,1,5,4,5,7,4,4,1,4,5,2,16,1,26,2,9,1,1,7,9,1,10,1,14,,44,7,1,22,9,121.5325649,25.06831614
111,10,19,16,22,2,03中山區,中山區建國北路1段61號,0,0,1,2,B03,7,1,5,50,14,9,1,5,4,5,7,4,4,1,4,5,2,12,2,44,3,10,1,1,7,9,1,10,1,8,,44,7,1,22,9,121.5370333,25.0506549
111,10,19,16,22,2,03中山區,中山區建國北路1段61號,0,0,1,1,C03,7,1,5,50,14,9,1,5,4,5,7,4,4,1,4,5,2,12,1,22,2,7,1,1,7,8,1,10,1,12,,7,7,1,22,9,121.5370333,25.0506549
111,10,19,16,25,2,05中正區,中正區中華路2段與西藏路口,0,0,1,1,B03,7,1,5,50,4,1,1,5,4,1,7,1,1,1,4,5,2,16,1,45,3,10,1,1,7,8,1,8,2,6,,6,6,1,22,9,121.5042265,25.03014009
111,10,19,16,25,2,05中正區,中正區中華路2段與西藏路口,0,0,1,2,C03,7,1,5,50,4,1,1,5,4,1,7,1,1,1,4,5,2,16,1,22,2,9,1,1,7,9,1,10,2,11,,44,6,1,22,9,121.5042265,25.03014009
111,10,19,16,27,2,09北投區,北投區大業路649號,0,0,1,1,C03,7,1,5,50,14,9,1,5,4,5,7,4,4,1,4,5,2,12,1,70,2,9,1,1,7,9,1,10,9,14,,42,42,1,22,9,121.4986643,25.1370443
111,10,19,16,27,2,09北投區,北投區大業路649號,0,0,1,2,B12,7,1,5,50,14,9,1,5,4,5,7,4,4,1,4,5,2,12,2,54,3,10,1,1,7,9,1,8,2,2,,44,42,1,22,9,121.4986643,25.1370443
111,10,19,16,30,2,03中山區,中山區中山北路2段77巷33號,0,0,1,1,B03,8,1,5,30,14,9,1,5,4,5,7,4,4,10,5,5,2,16,1,35,3,10,3,4,7,1,1,8,1,1,,19,19,1,22,9,121.5245292,25.05747807
111,10,19,16,30,2,03中山區,中山區中山北路2段77巷33號,0,0,1,2,C03,8,1,5,30,14,9,1,5,4,5,7,4,4,10,5,5,2,16,2,29,2,9,3,4,7,9,1,10,1,12,,44,19,1,22,9,121.5245292,25.05747807
111,10,19,16,36,2,11南港區,南港區南港路1段4-1號,0,0,1,1,B03,8,1,5,50,14,20,1,5,4,5,7,4,4,10,4,5,2,11,1,21,3,10,3,4,7,14,1,8,1,2,,38,38,1,22,9,121.6197332,25.05484053
111,10,19,16,36,2,11南港區,南港區南港路1段4-1號,0,0,1,2,F01,8,1,5,50,14,20,1,5,4,5,7,4,4,10,4,5,2,11,1,15,2,7,1,1,7,9,8,20,1,16,,23,38,1,22,9,121.6197332,25.05484053
111,10,19,16,52,2,04大安區,大安區瑞安街135巷與和平東路2段175巷口,0,0,3,1,C03,8,1,5,30,4,1,1,5,4,5,7,4,4,10,5,5,2,16,1,52,2,3,1,1,7,9,1,10,1,11,,13,13,1,22,9,121.5417934,25.02654
111,10,19,16,52,2,04大安區,大安區瑞安街135巷與和平東路2段175巷口,0,0,3,2,C03,8,1,5,30,4,1,1,5,4,5,7,4,4,10,5,5,2,16,1,35,2,6,1,1,7,9,1,9,1,12,,44,13,1,22,9,121.5417934,25.02654
111,10,19,16,52,2,04大安區,大安區瑞安街135巷與和平東路2段175巷口,0,0,3,3,H02,8,1,5,30,4,1,1,5,4,5,7,4,4,10,5,5,2,16,2,61,2,9,1,5,7,20,8,20,1,16,,67,13,1,22,9,121.5417934,25.02654
111,10,19,17,0,2,08士林區,士林區中山北路6段與中山北路6段439巷口,0,0,1,1,B03,8,1,5,50,4,1,1,5,4,5,7,1,1,1,4,5,1,16,1,67,3,10,1,1,7,5,1,8,2,1,,6,6,1,22,9,121.5273817,25.11451044
111,10,19,17,0,2,08士林區,士林區中山北路6段與中山北路6段439巷口,0,0,1,2,C03,8,1,5,50,4,1,1,5,4,5,7,1,1,1,4,5,1,16,1,18,2,8,1,1,7,9,1,10,2,14,,44,6,1,22,9,121.5273817,25.11451044
111,10,19,17,15,2,02萬華區,萬華區環河快速道路(環河高架87燈桿),0,0,2,1,B03,8,2,5,40,10,7,1,5,4,5,7,4,4,10,4,5,2,13,1,32,3,10,1,1,7,9,1,8,1,5,,16,16,1,22,9,121.5042067,25.0471422
111,10,19,17,15,2,02萬華區,萬華區環河快速道路(環河高架87燈桿),0,0,2,2,C02,8,2,5,40,10,7,1,5,4,5,7,4,4,10,4,5,2,13,1,34,2,8,1,1,7,9,1,9,1,13,,44,16,1,22,9,121.5042067,25.0471422
111,10,19,17,15,2,02萬華區,萬華區環河快速道路(環河高架87燈桿),0,0,2,3,B12,8,2,5,40,10,7,1,5,4,5,7,4,4,10,4,5,2,13,1,31,3,10,1,1,7,9,1,8,1,3,,44,16,1,22,9,121.5042067,25.0471422
111,10,19,17,15,2,02萬華區,萬華區環河快速道路(環河高架87燈桿),0,0,2,4,H02,8,2,5,40,10,7,1,5,4,5,7,4,4,10,4,5,2,13,2,30,2,5,1,5,7,21,8,20,10,16,,67,16,1,22,9,121.5042067,25.0471422
111,10,19,17,55,2,04大安區,大安區復興南路2段273號,0,0,2,1,B03,7,1,5,50,14,9,1,5,4,5,7,4,4,1,4,5,2,17,1,56,4,11,3,4,7,10,7,19,11,15,,7,7,2,22,9,121.5433443,25.02568969
111,10,19,17,55,2,04大安區,大安區復興南路2段273號,0,0,2,2,C03,7,1,5,50,14,9,1,5,4,5,7,4,4,1,4,5,2,17,1,22,2,9,3,4,7,9,1,10,1,12,,44,7,1,22,9,121.5433443,25.02568969
111,10,19,17,55,2,04大安區,大安區復興南路2段273號,0,0,2,3,H02,7,1,5,50,14,9,1,5,4,5,7,4,4,1,4,5,2,17,2,21,2,9,3,5,7,20,8,20,10,16,,67,7,1,22,9,121.5433443,25.02568969
111,10,19,18,0,2,04大安區,大安區羅斯福路4段與羅斯福路4段119巷口,0,0,2,1,C03,8,3,5,50,5,1,1,5,4,5,7,1,1,1,4,5,2,17,1,39,2,7,1,1,7,12,1,11,1,15,,23,23,1,22,9,121.5374294,25.0109839
111,10,19,18,0,2,04大安區,大安區羅斯福路4段與羅斯福路4段119巷口,0,0,2,2,C03,8,3,5,50,5,1,1,5,4,5,7,1,1,1,4,5,2,17,2,42,2,9,1,1,7,12,1,10,1,12,,43,23,1,22,9,121.5374294,25.0109839
111,10,19,18,17,2,02萬華區,萬華區桂林路與貴陽街2段164巷口,0,0,2,1,B03,8,3,5,40,3,1,1,5,4,5,7,4,4,10,5,5,1,12,1,41,3,10,1,4,7,6,1,8,1,5,,9,9,1,22,9,121.501101,25.0384279
111,10,19,18,17,2,02萬華區,萬華區桂林路與貴陽街2段164巷口,0,0,2,2,C03,8,3,5,40,3,1,1,5,4,5,7,4,4,10,5,5,1,12,1,69,2,9,1,4,7,9,1,10,1,14,,44,9,1,22,9,121.501101,25.0384279
111,10,19,18,17,2,02萬華區,萬華區桂林路與貴陽街2段164巷口,0,0,2,3,H02,8,3,5,40,3,1,1,5,4,5,7,4,4,10,5,5,1,12,2,69,2,9,1,5,7,20,8,20,10,16,,67,9,1,22,9,121.501101,25.0384279
111,10,19,18,19,2,03中山區,中山區中山北路2段81號,0,0,1,1,C03,7,3,5,50,14,8,1,5,4,5,7,4,4,1,4,5,2,13,2,22,2,9,1,1,7,9,1,10,1,11,,16,16,1,22,9,121.5231514,25.0583849
111,10,19,18,19,2,03中山區,中山區中山北路2段81號,0,0,1,2,C03,7,3,5,50,14,8,1,5,4,5,7,4,4,1,4,5,2,13,1,42,3,10,1,1,7,9,1,10,1,13,,44,16,1,22,9,121.5231514,25.0583849
111,10,19,18,19,2,03中山區,中山區中山北路2段81號,0,0,1,3,C03,7,3,5,50,14,8,1,5,4,5,7,4,4,1,4,5,2,13,1,20,3,10,1,1,7,9,1,10,1,14,,44,16,1,22,9,121.5231514,25.0583849
111,10,19,18,23,2,11南港區,南港區南港路2段與南港路2段41巷口,0,0,2,1,C03,7,3,5,50,3,1,1,5,4,5,7,2,1,5,4,4,2,16,1,49,2,7,1,1,7,11,1,10,1,12,,10,10,1,21,8,121.6025511,25.05361094
111,10,19,18,23,2,11南港區,南港區南港路2段與南港路2段41巷口,0,0,2,2,C03,7,3,5,50,3,1,1,5,4,5,7,2,1,5,4,4,2,16,1,39,2,1,1,1,7,9,1,10,1,11,,44,10,1,21,8,121.6025511,25.05361094
111,10,19,18,30,2,05中正區,中正區南陽街30號,0,0,2,1,C03,8,3,5,30,14,9,1,5,4,5,7,4,4,10,5,5,2,12,1,54,2,7,1,1,7,5,1,10,1,14,,8,8,1,22,9,121.5160495,25.04398793
111,10,19,18,30,2,05中正區,中正區南陽街30號,0,0,2,2,C03,8,3,5,30,14,9,1,5,4,5,7,4,4,10,5,5,2,12,1,26,2,9,1,1,7,9,1,10,1,12,,44,8,1,22,9,121.5160495,25.04398793
111,10,19,18,33,2,07信義區,信義區崇德街88號,0,0,1,1,C03,7,3,5,50,14,9,1,5,4,5,7,4,4,10,4,5,1,2,1,22,3,10,1,1,7,9,1,10,9,12,,23,23,2,22,9,121.555143,25.0241667
111,10,19,18,33,2,07信義區,信義區崇德街88號,0,0,1,2,H01,7,3,5,50,14,9,1,5,4,5,7,4,4,10,4,5,1,2,2,58,2,7,4,5,8,16,8,20,10,16,,67,23,1,22,9,121.555143,25.0241667
111,10,19,18,40,2,12內湖區,內湖區大湖隧道往東,0,0,2,1,C03,7,3,5,50,6,9,1,5,4,5,7,4,4,5,2,5,2,13,1,43,3,10,1,1,7,14,1,10,1,15,,37,37,1,22,9,121.6087439,25.08115337
111,10,19,18,40,2,12內湖區,內湖區大湖隧道往東,0,0,2,2,C03,7,3,5,50,6,9,1,5,4,5,7,4,4,5,2,5,2,13,1,38,3,10,1,1,7,14,1,9,1,13,,44,37,1,22,9,121.6087439,25.08115337
111,10,19,18,40,2,12內湖區,內湖區大湖隧道往東,0,0,2,3,C03,7,3,5,50,6,9,1,5,4,5,7,4,4,5,2,5,2,13,2,44,2,9,1,1,7,9,1,10,1,13,,44,37,1,22,9,121.6087439,25.08115337
111,10,19,18,40,2,12內湖區,內湖區大湖隧道往東,0,0,2,4,C03,7,3,5,50,6,9,1,5,4,5,7,4,4,5,2,5,2,13,1,29,2,9,1,1,7,9,1,10,1,11,,16,37,1,22,9,121.6087439,25.08115337
111,10,19,19,10,2,09北投區,北投區中央北路3段與中央北路3段53巷口,0,0,3,1,C03,7,3,5,50,3,2,1,5,4,5,7,2,1,5,4,5,2,17,1,32,3,10,1,1,7,5,1,10,1,11,,6,6,1,22,9,121.4853357,25.1380624
111,10,19,19,10,2,09北投區,北投區中央北路3段與中央北路3段53巷口,0,0,3,2,C03,7,3,5,50,3,2,1,5,4,5,7,2,1,5,4,5,2,17,1,27,2,9,1,1,7,9,1,10,1,14,,44,6,1,22,9,121.4853357,25.1380624
111,10,19,19,10,2,09北投區,北投區中央北路3段與中央北路3段53巷口,0,0,3,3,C03,7,3,5,50,3,2,1,5,4,5,7,2,1,5,4,5,2,17,1,31,2,9,1,1,7,9,1,10,1,11,,23,6,1,22,9,121.4853357,25.1380624
111,10,19,19,10,2,09北投區,北投區中央北路3段與中央北路3段53巷口,0,0,3,4,C03,7,3,5,50,3,2,1,5,4,5,7,2,1,5,4,5,2,17,1,36,2,9,1,1,7,9,1,10,1,11,,23,6,1,22,9,121.4853357,25.1380624
111,10,19,19,15,2,09北投區,北投區承德路7段與承德路7段口迴轉道口,0,0,1,1,B03,7,3,5,60,3,1,1,5,4,5,7,1,1,1,4,5,2,16,1,42,3,10,1,1,7,8,1,8,2,2,,7,7,1,22,9,121.5110253,25.1104346
111,10,19,19,15,2,09北投區,北投區承德路7段與承德路7段口迴轉道口,0,0,1,2,C03,7,3,5,60,3,1,1,5,4,5,7,1,1,1,4,5,2,16,1,31,3,10,1,1,7,9,1,10,2,14,,44,7,1,22,9,121.5110253,25.1104346
111,10,19,19,15,2,09北投區,北投區承德路7段與承德路7段口迴轉道口,0,0,1,3,H02,7,3,5,60,3,1,1,5,4,5,7,1,1,1,4,5,2,16,2,32,2,8,1,5,7,20,8,20,10,16,,67,7,1,22,9,121.5110253,25.1104346
111,10,19,19,21,2,07信義區,信義區和平東路3段與臥龍街426巷口,0,0,2,1,C03,8,3,5,50,5,1,1,5,4,5,7,4,4,10,5,5,1,16,1,20,2,7,1,1,7,9,1,10,2,12,,14,14,1,22,9,121.5628428,25.01349112
111,10,19,19,21,2,07信義區,信義區和平東路3段與臥龍街426巷口,0,0,2,2,G01,8,3,5,50,5,1,1,5,4,5,7,4,4,10,5,5,1,16,1,64,2,8,4,1,7,1,7,19,2,8,,19,14,1,22,9,121.5628428,25.01349112
111,10,19,19,25,2,12內湖區,內湖區成美橋北向南,0,0,2,1,B03,8,3,5,50,14,9,1,5,4,5,7,4,4,5,4,5,2,9,1,49,3,10,1,1,7,9,1,8,1,2,,23,23,1,22,9,121.5825457,25.05443919
111,10,19,19,25,2,12內湖區,內湖區成美橋北向南,0,0,2,2,H01,8,3,5,50,14,9,1,5,4,5,7,4,4,5,4,5,2,9,2,70,2,7,4,5,8,16,8,20,1,16,,60,23,1,22,9,121.5825457,25.05443919
111,10,19,19,25,2,12內湖區,內湖區成美橋北向南,0,0,2,3,C04,8,3,5,50,14,9,1,5,4,5,7,4,4,5,4,5,2,9,1,23,2,9,1,1,7,9,1,10,1,11,,16,23,1,22,9,121.5825457,25.05443919
111,10,19,19,33,2,10文山區,文山區木柵路3段92號,0,0,1,1,B01,7,3,5,50,15,9,1,5,4,5,5,4,4,9,4,5,2,13,1,40,3,10,3,4,7,9,1,4,2,1,,23,23,1,22,9,121.5670188,24.98861995
111,10,19,19,33,2,10文山區,文山區木柵路3段92號,0,0,1,2,C03,7,3,5,50,15,9,1,5,4,5,5,4,4,9,4,5,2,13,1,40,2,9,3,4,7,14,1,10,2,13,,44,23,1,22,9,121.5670188,24.98861995
111,10,19,19,33,2,10文山區,文山區木柵路3段92號,0,0,1,3,A11,7,3,5,50,15,9,1,5,4,5,5,4,4,9,4,5,2,13,1,42,3,10,3,4,7,15,1,3,9,15,,38,23,1,22,9,121.5670188,24.98861995
111,10,19,19,44,2,01大同區,大同區鄭州路與塔城街口,0,0,2,1,C03,7,3,5,40,4,1,1,5,4,5,7,2,1,1,4,5,2,12,1,35,3,10,1,4,7,8,1,9,2,15,,7,7,1,22,9,121.5104842,25.0502645
111,10,19,19,44,2,01大同區,大同區鄭州路與塔城街口,0,0,2,2,C03,7,3,5,40,4,1,1,5,4,5,7,2,1,1,4,5,2,12,1,34,2,7,1,4,7,9,1,10,2,13,,42,7,1,22,9,121.5104842,25.0502645
111,10,19,19,44,2,01大同區,大同區鄭州路與塔城街口,0,0,2,3,C03,7,3,5,40,4,1,1,5,4,5,7,2,1,1,4,5,2,12,1,43,2,8,1,4,7,9,1,10,2,11,,44,7,1,22,9,121.5104842,25.0502645
111,10,19,19,44,2,02萬華區,萬華區西寧南路與長沙街2段口,0,0,2,1,C03,7,3,5,50,14,9,1,5,4,5,7,1,1,10,3,5,1,17,2,51,3,10,3,4,7,9,1,10,1,13,,43,43,1,22,9,121.506042,25.0407214