發生年度,發生月,發生日,發生時-Hours,發生分,處理別-編號,區序,肇事地點,死亡人數,2-30日死亡人數,受傷人數,當事人序號,車種,天候,光線,道路類別,速限-速度限制,道路型態,事故位置,路面狀況1,路面狀況2,路面狀況3,道路障礙1,道路障礙2,號誌1,號誌2,車道劃分-分向,車道劃分-分道1,車道劃分-分道2,車道劃分-分道3,事故類型及型態,性別,年齡,受傷程度,主要傷處,安全帽,行動電話,車輛用途,當事者行動狀態,駕駛資格情形,駕駛執照種類,飲酒情形,車輛撞擊部位1,車輛撞擊部位2,肇因碼-個別,肇因碼-主要,個人肇逃否,職業,旅次目的,座標-X,座標-Y
111,10,19,19,44,2,02萬華區,萬華區西寧南路與長沙街2段口,0,0,2,2,C03,7,3,5,50,14,9,1,5,4,5,7,1,1,10,3,5,1,17,1,29,2,9,3,4,7,9,1,10,1,13,,43,43,1,22,9,121.506042,25.0407214
111,10,19,19,44,2,02萬華區,萬華區西寧南路與長沙街2段口,0,0,2,3,H02,7,3,5,50,14,9,1,5,4,5,7,1,1,10,3,5,1,17,2,29,2,7,3,4,7,20,8,20,10,15,,67,43,1,22,9,121.506042,25.0407214
111,10,19,19,46,2,01大同區,大同區延平北路4段171號,0,0,1,1,B03,8,3,5,0,14,9,1,5,4,5,7,4,4,9,5,5,2,16,1,50,3,10,1,1,7,11,6,18,2,8,,11,11,1,22,9,121.5113656,25.07352319
111,10,19,19,46,2,01大同區,大同區延平北路4段171號,0,0,1,2,C03,8,3,5,0,14,9,1,5,4,5,7,4,4,9,5,5,2,16,1,22,2,9,1,1,7,9,1,10,2,11,,14,11,1,22,9,121.5113656,25.07352319
111,10,19,19,57,2,10文山區,文山區興隆路2段351號,0,0,1,1,C03,8,3,5,50,4,2,1,5,4,5,7,1,1,1,4,5,2,17,1,36,2,6,1,1,7,5,1,10,1,14,14,8,8,1,22,9,121.5545785,25.0009086
111,10,19,19,57,2,10文山區,文山區興隆路2段351號,0,0,1,2,B03,8,3,5,50,4,2,1,5,4,5,7,1,1,1,4,5,2,17,1,45,3,10,1,1,7,9,1,8,1,5,5,44,8,1,22,9,121.5545785,25.0009086
111,10,19,20,15,2,10文山區,文山區木柵路1段與辛亥路6段口,0,0,1,1,B03,7,3,5,50,4,1,1,5,4,5,7,1,1,5,4,5,2,16,1,73,3,10,3,4,7,5,1,8,2,2,,6,6,1,21,8,121.5523724,24.98779769
111,10,19,20,15,2,10文山區,文山區木柵路1段與辛亥路6段口,0,0,1,2,C03,7,3,5,50,4,1,1,5,4,5,7,1,1,5,4,5,2,16,1,22,2,8,3,4,7,9,1,9,2,11,,13,6,1,21,8,121.5523724,24.98779769
111,10,19,20,20,2,09北投區,北投區中和街與珠海路口,0,0,1,1,B03,8,3,5,50,4,2,1,5,4,5,7,2,1,5,5,5,1,3,1,56,3,10,1,1,7,6,1,8,1,2,,15,15,1,22,9,121.5025276,25.13834234
111,10,19,20,20,2,09北投區,北投區中和街與珠海路口,0,0,1,2,H01,8,3,5,50,4,2,1,5,4,5,7,2,1,5,5,5,1,3,2,78,2,9,4,5,8,16,8,20,1,16,,51,15,1,22,9,121.5025276,25.13834234
111,10,19,21,6,2,03中山區,中山區北安路535-2號,0,0,2,1,C03,7,3,5,50,14,9,1,5,4,5,7,1,1,1,4,5,2,13,1,19,3,10,1,1,7,9,1,10,1,11,,23,23,1,22,9,121.547252,25.0800349
111,10,19,21,6,2,03中山區,中山區北安路535-2號,0,0,2,2,C03,7,3,5,50,14,9,1,5,4,5,7,1,1,1,4,5,2,13,2,43,3,10,1,1,7,9,1,10,1,13,,44,23,1,22,9,121.547252,25.0800349
111,10,19,21,6,2,03中山區,中山區北安路535-2號,0,0,2,3,C03,7,3,5,50,14,9,1,5,4,5,7,1,1,1,4,5,2,13,2,30,2,9,1,1,7,9,1,10,1,11,,23,23,1,22,9,121.547252,25.0800349
111,10,19,21,6,2,03中山區,中山區北安路535-2號,0,0,2,4,C03,7,3,5,50,14,9,1,5,4,5,7,1,1,1,4,5,2,13,2,27,2,8,1,1,7,9,1,10,1,11,,44,23,1,22,9,121.547252,25.0800349
111,10,19,21,9,2,06松山區,松山區民權大橋機車道(東往西),0,0,2,1,F03,8,3,5,40,14,11,1,5,4,5,7,4,4,10,4,4,2,17,2,42,2,9,1,1,7,13,8,20,10,16,,42,42,1,22,9,121.5689674,25.06380473
111,10,19,21,9,2,06松山區,松山區民權大橋機車道(東往西),0,0,2,2,C03,8,3,5,40,14,11,1,5,4,5,7,4,4,10,4,4,2,17,1,41,2,7,1,1,7,9,1,10,1,15,,23,42,1,22,9,121.5689674,25.06380473
111,10,19,21,10,2,08士林區,士林區士東路91巷與士東路口口,0,0,3,1,C03,8,3,5,30,5,1,1,5,4,5,7,2,1,5,5,5,2,16,1,28,2,8,1,1,7,5,1,10,1,14,,8,8,1,22,9,121.52904,25.11225492
111,10,19,21,10,2,08士林區,士林區士東路91巷與士東路口口,0,0,3,2,C03,8,3,5,30,5,1,1,5,4,5,7,2,1,5,5,5,2,16,1,27,2,9,1,1,7,9,1,10,1,12,,44,8,1,22,9,121.52904,25.11225492
111,10,19,21,10,2,08士林區,士林區士東路91巷與士東路口口,0,0,3,3,H02,8,3,5,30,5,1,1,5,4,5,7,2,1,5,5,5,2,16,2,27,2,8,4,5,7,20,8,20,10,16,,67,8,1,22,9,121.52904,25.11225492
111,10,19,21,39,2,02萬華區,萬華區萬大路與雙和街口,0,0,2,1,H01,7,3,5,50,3,1,1,5,4,5,7,1,3,1,3,5,1,3,1,70,2,3,4,4,8,20,8,20,10,15,,51,51,1,22,9,121.5005154,25.02770682
111,10,19,21,39,2,02萬華區,萬華區萬大路與雙和街口,0,0,2,2,C03,7,3,5,50,3,1,1,5,4,5,7,1,3,1,3,5,1,3,2,25,2,9,3,4,7,9,1,10,2,11,,13,51,1,22,9,121.5005154,25.02770682
111,10,19,22,29,2,03中山區,中山區中山北路2段與民權東路1段口,0,0,1,2,C03,7,3,5,50,4,2,1,5,4,5,7,1,1,1,4,1,1,17,1,19,2,8,1,1,7,9,1,10,1,12,,13,7,1,22,9,121.5227006,25.0628986
111,10,19,22,29,2,03中山區,中山區中山北路2段與民權東路1段口,0,0,1,1,C03,7,3,5,50,4,2,1,5,4,5,7,1,1,1,4,1,1,17,1,20,3,10,1,1,7,8,1,10,1,15,,7,7,1,22,9,121.5227006,25.0628986
111,10,19,22,41,2,07信義區,信義區忠孝東路5段372巷與忠孝東路5段236巷3弄口,0,0,1,1,C03,8,3,5,30,4,1,1,5,4,5,7,4,4,10,5,5,2,15,1,23,3,10,3,4,7,9,1,10,1,13,,6,6,1,22,9,121.5740099,25.0403603
111,10,19,22,41,2,07信義區,信義區忠孝東路5段372巷與忠孝東路5段236巷3弄口,0,0,1,2,C03,8,3,5,30,4,1,1,5,4,5,7,4,4,10,5,5,2,15,1,45,2,1,3,4,7,9,1,10,1,11,,14,6,1,22,9,121.5740099,25.0403603
111,10,19,22,51,2,04大安區,大安區忠孝東路4段270號,0,0,1,1,B01,7,3,5,50,14,9,1,5,4,5,7,1,1,1,4,5,2,13,1,63,4,11,3,4,7,7,7,19,11,15,,7,7,2,22,9,121.554621,25.0413158
111,10,19,22,51,2,04大安區,大安區忠孝東路4段270號,0,0,1,2,C03,7,3,5,50,14,9,1,5,4,5,7,1,1,1,4,5,2,13,1,23,2,8,3,4,7,9,1,10,1,11,,42,7,1,22,9,121.554621,25.0413158
111,10,19,22,51,2,04大安區,大安區忠孝東路4段270號,0,0,1,3,B03,7,3,5,50,14,9,1,5,4,5,7,1,1,1,4,5,2,13,1,20,3,10,3,4,7,9,3,18,1,6,,13,7,1,22,9,121.554621,25.0413158
111,10,19,23,21,2,07信義區,信義區松仁路與松壽路口,0,0,1,1,C03,8,3,5,50,3,1,1,5,4,5,7,1,1,1,4,5,2,13,1,18,2,9,3,4,7,9,1,10,1,11,,16,16,1,22,9,121.568307,25.0360012
111,10,19,23,21,2,07信義區,信義區松仁路與松壽路口,0,0,1,2,C03,8,3,5,50,3,1,1,5,4,5,7,1,1,1,4,5,2,13,1,36,3,10,3,4,7,14,1,10,1,13,,44,16,1,22,9,121.568307,25.0360012
111,10,19,23,33,2,09北投區,北投區大業路618號,0,0,1,1,C03,8,3,5,50,11,9,1,5,4,5,7,4,4,3,4,5,2,12,1,21,2,9,1,1,7,9,1,10,1,14,,17,17,1,22,9,121.4979029,25.13666026
111,10,19,23,33,2,09北投區,北投區大業路618號,0,0,1,2,B03,8,3,5,50,11,9,1,5,4,5,7,4,4,3,4,5,2,12,1,19,3,10,1,1,7,9,1,8,1,2,,17,17,1,22,9,121.4979029,25.13666026
111,10,19,23,48,2,10文山區,文山區景文街與羅斯福路6段455巷口,0,0,1,1,B03,8,3,5,30,5,2,4,5,4,5,7,1,1,10,5,5,2,3,2,43,3,10,1,1,7,5,1,8,2,1,,23,23,1,22,9,121.5410593,24.990062
111,10,19,23,48,2,10文山區,文山區景文街與羅斯福路6段455巷口,0,0,1,2,H01,8,3,5,30,5,2,4,5,4,5,7,1,1,10,5,5,2,3,1,74,2,9,4,5,8,16,8,20,10,16,,51,23,1,22,9,121.5410593,24.990062
111,10,20,1,30,2,11南港區,南港區忠孝東路7段382號,0,0,1,2,B12,8,3,5,50,14,9,1,5,4,5,7,4,4,1,3,5,2,29,1,28,3,10,3,4,7,13,7,19,11,7,,61,23,1,22,9,121.6075811,25.0520735
111,10,20,1,30,2,11南港區,南港區忠孝東路7段382號,0,0,1,1,C03,8,3,5,50,14,9,1,5,4,5,7,4,4,1,3,5,2,29,2,26,2,8,3,4,7,9,1,10,2,12,,23,23,1,22,9,121.6075811,25.0520735
111,10,20,6,45,2,03中山區,中山區吉林路314號,0,0,1,1,B03,8,1,5,50,14,9,1,5,4,5,7,4,4,8,3,5,1,16,1,55,3,10,1,1,7,7,1,8,1,8,,7,7,1,22,9,121.530275,25.0621291
111,10,20,6,45,2,03中山區,中山區吉林路314號,0,0,1,2,C03,8,1,5,50,14,9,1,5,4,5,7,4,4,8,3,5,1,16,1,40,2,9,1,1,7,10,1,10,1,12,,7,7,1,22,9,121.530275,25.0621291
111,10,20,6,56,2,01大同區,大同區長安西路與重慶北路1段口,0,0,2,1,C02,8,1,5,50,4,1,1,5,4,5,7,1,1,8,3,5,1,15,1,33,2,9,1,1,7,9,1,9,2,11,,25,25,1,22,9,121.5138272,25.05143011
111,10,20,6,56,2,01大同區,大同區長安西路與重慶北路1段口,0,0,2,2,C03,8,1,5,50,4,1,1,5,4,5,7,1,1,8,3,5,1,15,1,33,2,9,1,1,7,9,1,10,2,14,,42,25,1,22,9,121.5138272,25.05143011
111,10,20,7,9,2,10文山區,文山區恆光街17巷10號1樓,0,0,1,1,C03,8,1,5,30,14,9,1,5,4,5,7,4,4,9,4,5,2,17,1,78,2,5,1,4,7,9,1,10,11,12,,23,23,2,22,9,121.5668349,24.98392254
111,10,20,7,9,2,10文山區,文山區恆光街17巷10號1樓,0,0,1,2,B03,8,1,5,30,14,9,1,5,4,5,7,4,4,9,4,5,2,17,1,41,3,10,3,1,7,13,1,8,9,7,,44,23,1,22,9,121.5668349,24.98392254
111,10,20,7,15,2,12內湖區,內湖區康樂街85巷與康樂街61巷口,0,0,1,1,C03,7,1,5,30,4,1,1,5,4,5,7,4,4,9,5,5,2,16,1,41,2,8,1,1,7,9,1,10,2,11,,6,6,1,22,9,121.6194707,25.06956266
111,10,20,7,15,2,12內湖區,內湖區康樂街85巷與康樂街61巷口,0,0,1,2,B03,7,1,5,30,4,1,1,5,4,5,7,4,4,9,5,5,2,16,1,59,3,10,1,1,7,9,1,8,2,8,,6,6,1,22,9,121.6194707,25.06956266
111,10,20,7,35,2,05中正區,中正區市民大道2段與天津街口,0,0,3,1,C03,8,1,5,40,4,1,1,5,4,5,7,1,1,1,4,5,2,17,1,25,2,9,1,1,7,6,1,10,2,12,,9,9,1,22,9,121.5223057,25.047786
111,10,20,7,35,2,05中正區,中正區市民大道2段與天津街口,0,0,3,2,C03,8,1,5,40,4,1,1,5,4,5,7,1,1,1,4,5,2,17,1,60,2,9,1,1,7,9,1,10,2,14,,44,9,1,22,9,121.5223057,25.047786
111,10,20,7,35,2,05中正區,中正區市民大道2段與天津街口,0,0,3,3,C03,8,1,5,40,4,1,1,5,4,5,7,1,1,1,4,5,2,17,2,59,2,9,1,1,7,9,1,10,2,12,,44,9,1,22,9,121.5223057,25.047786
111,10,20,7,35,2,12內湖區,內湖區民權隧道往西,0,0,1,1,C03,7,3,5,50,14,11,1,5,4,5,7,4,4,1,1,5,1,13,1,44,3,10,3,4,7,9,1,10,1,11,,16,16,1,22,9,121.6029348,25.0689617
111,10,20,7,35,2,12內湖區,內湖區民權隧道往西,0,0,1,2,C03,7,3,5,50,14,11,1,5,4,5,7,4,4,1,1,5,1,13,2,46,2,7,3,4,7,9,1,10,1,13,,44,16,1,22,9,121.6029348,25.0689617
111,10,20,7,40,2,08士林區,士林區東山路25巷81弄082號路燈桿,0,0,1,1,C02,8,1,5,30,14,9,1,5,4,5,7,4,4,10,5,5,1,17,1,47,2,9,1,1,7,9,1,9,2,11,,17,17,1,22,9,121.5390982,25.13030911
111,10,20,7,40,2,08士林區,士林區東山路25巷81弄082號路燈桿,0,0,1,2,B03,8,1,5,30,14,9,1,5,4,5,7,4,4,10,5,5,1,17,2,63,3,10,1,1,7,9,1,8,2,1,,17,17,1,22,9,121.5390982,25.13030911
111,10,20,7,50,2,04大安區,大安區新生南路3段往北(車道口),0,0,2,1,B03,7,1,5,50,14,9,1,5,4,5,7,4,4,8,3,4,1,12,2,52,3,10,1,1,7,8,1,8,1,6,,7,7,1,21,3,121.5342477,25.02084199
111,10,20,7,50,2,04大安區,大安區新生南路3段往北(車道口),0,0,2,2,C03,7,1,5,50,14,9,1,5,4,5,7,4,4,8,3,4,1,12,2,37,2,8,1,1,7,12,1,10,1,11,,44,7,1,5,1,121.5342477,25.02084199
111,10,20,7,50,2,04大安區,大安區新生南路3段往北(車道口),0,0,2,3,C03,7,1,5,50,14,9,1,5,4,5,7,4,4,8,3,4,1,12,1,21,2,8,1,1,7,12,1,10,1,11,,44,7,1,18,2,121.5342477,25.02084199
111,10,20,8,13,2,10文山區,文山區忠順街1段26巷3弄與忠順街1段26巷口,0,0,1,1,B03,8,1,5,30,14,9,2,5,4,5,7,4,4,10,5,5,2,17,1,47,3,10,3,4,7,5,1,8,2,4,,6,6,1,22,9,121.5593361,24.98347743
111,10,20,8,13,2,10文山區,文山區忠順街1段26巷3弄與忠順街1段26巷口,0,0,1,2,F01,8,1,5,30,14,9,2,5,4,5,7,4,4,10,5,5,2,17,1,57,2,9,3,4,7,11,8,20,2,16,,44,6,1,22,9,121.5593361,24.98347743
111,10,20,8,15,2,05中正區,中正區汀州路1段與寧波西街口,0,0,1,1,C03,8,1,5,50,4,1,1,5,4,5,7,1,1,5,5,5,2,12,1,37,3,10,1,1,7,5,1,10,9,13,,8,8,1,22,9,121.510825,25.0270975
111,10,20,8,15,2,05中正區,中正區汀州路1段與寧波西街口,0,0,1,2,C03,8,1,5,50,4,1,1,5,4,5,7,1,1,5,5,5,2,12,1,18,2,9,1,1,7,9,1,10,9,11,,23,8,1,22,9,121.510825,25.0270975
111,10,20,8,16,2,06松山區,松山區新中街與民生東路5段36巷4弄口口,0,0,2,1,C03,8,1,5,50,4,2,1,5,4,5,7,4,4,9,4,5,2,16,2,50,2,9,1,1,7,5,1,10,2,14,,8,8,1,22,9,121.560591,25.05798263
111,10,20,8,16,2,06松山區,松山區新中街與民生東路5段36巷4弄口口,0,0,2,2,C03,8,1,5,50,4,2,1,5,4,5,7,4,4,9,4,5,2,16,1,38,2,7,1,1,7,9,1,10,2,12,,16,8,1,22,9,121.560591,25.05798263
111,10,20,8,35,2,12內湖區,內湖區瑞光路與瑞光路393巷口,0,0,1,1,C03,8,1,5,50,4,1,1,5,4,5,7,1,1,5,5,5,1,12,2,30,2,8,3,4,7,5,1,10,1,14,,8,8,1,22,9,121.5731751,25.0782478
111,10,20,8,35,2,12內湖區,內湖區瑞光路與瑞光路393巷口,0,0,1,2,B01,8,1,5,50,4,1,1,5,4,5,7,1,1,5,5,5,1,12,1,51,3,10,3,4,7,9,1,4,1,5,,44,8,1,22,9,121.5731751,25.0782478
111,10,20,8,39,2,03中山區,中山區新生北路1段106號,0,0,1,1,C03,7,1,5,30,14,9,1,5,4,5,7,4,4,10,5,5,2,10,1,27,3,10,1,1,7,9,1,10,1,11,,26,44,1,22,9,121.5283846,25.0495278
111,10,20,8,39,2,03中山區,中山區新生北路1段106號,0,0,1,2,C03,7,1,5,30,14,9,1,5,4,5,7,4,4,10,5,5,2,10,2,26,2,8,1,1,7,9,1,10,1,11,,13,44,1,22,9,121.5283846,25.0495278
111,10,20,8,42,2,11南港區,南港區興華路112號與興華路114巷口,0,0,1,1,B01,7,1,5,50,4,2,1,5,4,5,7,4,4,5,4,5,2,8,1,57,3,10,1,1,7,2,1,4,2,3,,12,12,1,22,9,121.6055828,25.0566368
111,10,20,8,42,2,11南港區,南港區興華路112號與興華路114巷口,0,0,1,2,H01,7,1,5,50,4,2,1,5,4,5,7,4,4,5,4,5,2,8,1,83,2,9,4,5,8,17,8,20,10,16,,67,12,1,22,9,121.6055828,25.0566368
111,10,20,8,45,2,10文山區,文山區景隆街99號,0,0,1,1,B03,7,1,5,50,14,9,1,5,4,5,7,4,4,9,5,5,2,16,1,18,3,10,1,4,7,1,1,8,2,8,,19,19,1,22,9,121.5429878,24.9991119
111,10,20,8,45,2,10文山區,文山區景隆街99號,0,0,1,2,C03,7,1,5,50,14,9,1,5,4,5,7,4,4,9,5,5,2,16,1,18,2,8,1,4,7,9,1,10,2,11,,23,19,1,22,9,121.5429878,24.9991119
111,10,20,8,45,2,10文山區,文山區景隆街99號,0,0,1,3,C04,7,1,5,50,14,9,1,5,4,5,7,4,4,9,5,5,2,16,1,47,3,10,3,4,7,13,7,19,11,14,,44,19,1,22,9,121.5429878,24.9991119
111,10,20,8,45,2,10文山區,文山區景隆街99號,0,0,1,4,C03,7,1,5,50,14,9,1,5,4,5,7,4,4,9,5,5,2,16,2,67,3,10,3,4,7,13,7,19,11,14,,44,19,1,22,9,121.5429878,24.9991119
111,10,20,8,45,2,10文山區,文山區景隆街99號,0,0,1,5,C03,7,1,5,50,14,9,1,5,4,5,7,4,4,9,5,5,2,16,1,23,3,10,3,4,7,13,1,10,11,14,,44,19,1,22,9,121.5429878,24.9991119
111,10,20,8,45,2,07信義區,信義區松仁路與信義路5段口,0,0,1,1,C03,7,1,5,50,14,9,1,5,4,5,7,1,1,10,4,5,2,13,2,61,2,9,1,1,7,9,1,10,1,11,,23,23,1,22,9,121.5685745,25.032933
111,10,20,8,45,2,07信義區,信義區松仁路與信義路5段口,0,0,1,2,C03,7,1,5,50,14,9,1,5,4,5,7,1,1,10,4,5,2,13,1,33,3,10,1,1,7,10,1,10,1,13,,7,23,1,22,9,121.5685745,25.032933
111,10,20,8,46,2,12內湖區,內湖區石潭路88號,0,0,1,1,B03,7,1,5,50,14,9,1,5,4,5,7,4,4,9,4,5,1,12,1,45,3,10,1,1,7,6,1,8,1,2,,9,9,1,22,9,121.5882961,25.06292053
111,10,20,8,46,2,12內湖區,內湖區石潭路88號,0,0,1,2,C04,7,1,5,50,14,9,1,5,4,5,7,4,4,9,4,5,1,12,1,31,2,9,1,1,7,9,1,10,1,14,,44,9,1,22,9,121.5882961,25.06292053
111,10,20,8,46,2,07信義區,信義區市民大道5段與東寧路口,0,0,2,1,A12,7,1,5,50,4,2,1,5,4,5,7,2,1,1,4,5,2,17,1,48,3,10,3,4,7,9,1,2,1,2,,23,23,1,22,9,121.56332,25.0473057
111,10,20,8,46,2,07信義區,信義區市民大道5段與東寧路口,0,0,2,2,C03,7,1,5,50,4,2,1,5,4,5,7,2,1,1,4,5,2,17,1,35,2,9,3,4,7,7,1,10,1,14,,7,23,1,22,9,121.56332,25.0473057
111,10,20,8,46,2,07信義區,信義區市民大道5段與東寧路口,0,0,2,3,H02,7,1,5,50,4,2,1,5,4,5,7,2,1,1,4,5,2,17,2,34,2,9,3,4,7,20,8,20,10,16,,67,23,1,22,9,121.56332,25.0473057
111,10,20,8,48,2,12內湖區,內湖區潭美街東向西no.290車格對面,0,0,1,1,C03,7,1,5,40,14,9,1,5,4,5,7,4,4,9,4,5,2,13,2,52,2,9,1,1,7,9,1,10,1,11,,16,16,1,22,9,121.5931455,25.06087754
111,10,20,8,48,2,12內湖區,內湖區潭美街東向西no.290車格對面,0,0,1,2,C03,7,1,5,40,14,9,1,5,4,5,7,4,4,9,4,5,2,13,1,42,3,10,1,1,7,12,1,10,1,13,,44,16,1,22,9,121.5931455,25.06087754
111,10,20,8,48,2,12內湖區,內湖區潭美街東向西no.290車格對面,0,0,1,3,B03,7,1,5,40,14,9,1,5,4,5,7,4,4,9,4,5,2,13,2,31,3,10,1,1,7,7,1,8,1,15,,7,16,1,22,9,121.5931455,25.06087754
111,10,20,8,50,2,03中山區,中山區北安路301號與北安路口,0,0,1,1,C03,8,1,5,50,3,2,1,5,4,5,7,2,1,1,4,5,2,13,1,32,2,9,1,4,7,9,1,10,2,11,,16,16,1,22,9,121.5351872,25.0779809
111,10,20,8,50,2,03中山區,中山區北安路301號與北安路口,0,0,1,2,B03,8,1,5,50,3,2,1,5,4,5,7,2,1,1,4,5,2,13,2,63,3,10,3,4,7,9,1,8,2,7,,44,16,1,22,9,121.5351872,25.0779809
111,10,20,8,50,2,03中山區,中山區北安路301號與北安路口,0,0,1,3,B03,8,1,5,50,3,2,1,5,4,5,7,2,1,1,4,5,2,13,1,55,3,10,3,4,7,9,1,8,2,5,,44,16,1,22,9,121.5351872,25.0779809
111,10,20,8,50,2,06松山區,松山區市民大道5段與東寧路口,0,0,2,1,C03,8,1,5,40,4,1,1,5,4,5,7,1,1,1,4,4,2,13,1,77,2,9,1,1,7,9,1,10,2,11,,16,16,1,22,9,121.5629682,25.0473606
111,10,20,8,50,2,06松山區,松山區市民大道5段與東寧路口,0,0,2,2,C03,8,1,5,40,4,1,1,5,4,5,7,1,1,1,4,4,2,13,1,41,3,10,1,1,7,12,1,10,2,13,,44,16,1,22,9,121.5629682,25.0473606
111,10,20,8,50,2,06松山區,松山區市民大道5段與東寧路口,0,0,2,3,C03,8,1,5,40,4,1,1,5,4,5,7,1,1,1,4,4,2,13,2,29,2,9,1,1,7,9,1,10,2,14,,42,16,1,22,9,121.5629682,25.0473606
111,10,20,8,50,2,06松山區,松山區市民大道5段與東寧路口,0,0,2,4,C03,8,1,5,40,4,1,1,5,4,5,7,1,1,1,4,4,2,13,1,30,3,10,1,1,7,9,1,10,2,11,,44,16,1,22,9,121.5629682,25.0473606
111,10,20,9,0,2,12內湖區,內湖區瑞光路與瑞光路316巷口,0,0,1,1,C03,8,1,5,50,3,2,1,5,4,5,7,2,1,5,4,5,2,13,1,29,2,8,1,1,7,9,1,10,2,11,,16,16,1,22,9,121.5739829,25.0768498
111,10,20,9,0,2,12內湖區,內湖區瑞光路與瑞光路316巷口,0,0,1,2,B01,8,1,5,50,3,2,1,5,4,5,7,2,1,5,4,5,2,13,1,55,3,10,1,1,7,9,1,3,2,6,,44,16,1,22,9,121.5739829,25.0768498
111,10,20,9,22,2,03中山區,中山區基湖路與基湖路157巷口,0,0,1,1,A12,8,1,5,50,3,1,1,5,4,5,7,4,4,1,3,5,1,16,1,62,3,10,1,1,7,6,1,3,2,2,,9,9,1,22,9,121.5632579,25.0769675
111,10,20,9,22,2,03中山區,中山區基湖路與基湖路157巷口,0,0,1,2,C03,8,1,5,50,3,1,1,5,4,5,7,4,4,1,3,5,1,16,2,31,2,9,1,1,7,9,1,10,2,11,,44,9,1,22,9,121.5632579,25.0769675
111,10,20,9,24,2,06松山區,松山區光復北路136號,0,0,1,1,C03,8,1,5,30,13,9,1,5,4,5,7,4,4,10,4,5,2,17,2,47,2,7,1,1,7,6,1,10,1,11,,6,6,1,22,9,121.5570951,25.05215756
111,10,20,9,24,2,06松山區,松山區光復北路136號,0,0,1,2,F01,8,1,5,30,13,9,1,5,4,5,7,4,4,10,4,5,2,17,1,44,3,10,1,1,7,15,8,20,1,16,,42,6,1,22,9,121.5570951,25.05215756
111,10,20,9,27,2,02萬華區,萬華區漢口街2段與環河南路1段口,0,0,1,1,C03,8,1,5,50,3,1,1,5,4,5,7,3,1,10,5,5,1,16,2,24,3,10,1,4,7,6,1,10,1,12,,9,9,1,22,9,121.5036425,25.04641845
111,10,20,9,27,2,02萬華區,萬華區漢口街2段與環河南路1段口,0,0,1,2,C03,8,1,5,50,3,1,1,5,4,5,7,3,1,10,5,5,1,16,2,28,2,4,1,4,7,9,1,10,1,11,,44,9,1,22,9,121.5036425,25.04641845
111,10,20,9,30,2,03中山區,中山區南京東路3段與復興北路口,0,0,1,1,C03,8,3,5,50,4,2,1,5,4,5,7,1,1,1,4,4,2,16,2,29,2,7,1,4,7,9,1,10,1,11,,16,16,1,22,9,121.5438437,25.05177877
111,10,20,9,30,2,03中山區,中山區南京東路3段與復興北路口,0,0,1,2,B12,8,3,5,50,4,2,1,5,4,5,7,1,1,1,4,4,2,16,1,41,3,10,3,4,7,9,1,8,1,6,,44,16,1,22,9,121.5438437,25.05177877
111,10,20,9,38,2,03中山區,中山區樂群一路與敬業三路口,0,0,2,1,C03,8,1,5,50,14,9,1,5,4,5,7,4,4,9,4,5,2,12,1,23,2,9,1,1,7,8,1,10,1,11,,7,7,1,22,9,121.5558793,25.07713408
111,10,20,9,38,2,03中山區,中山區樂群一路與敬業三路口,0,0,2,2,C03,8,1,5,50,14,9,1,5,4,5,7,4,4,9,4,5,2,12,1,34,2,8,1,1,7,9,1,10,1,14,,44,7,1,22,9,121.5558793,25.07713408
111,10,20,9,52,2,03中山區,中山區北安路139號忠烈祠對面,0,0,1,1,B03,7,1,5,30,16,9,1,5,4,5,7,4,4,1,4,5,2,12,1,54,3,10,1,1,7,7,1,4,1,4,,7,7,1,22,9,121.5332253,25.07792517
111,10,20,9,52,2,03中山區,中山區北安路139號忠烈祠對面,0,0,1,2,C03,7,1,5,30,16,9,1,5,4,5,7,4,4,1,4,5,2,12,1,19,3,10,1,1,7,8,1,10,1,12,,7,7,1,22,9,121.5332253,25.07792517
111,10,20,9,52,2,03中山區,中山區北安路139號忠烈祠對面,0,0,1,3,H02,7,1,5,30,16,9,1,5,4,5,7,4,4,1,4,5,2,12,2,18,2,9,1,5,7,20,8,20,10,16,,67,7,1,22,9,121.5332253,25.07792517
111,10,20,10,4,2,12內湖區,內湖區瑞光路337號,0,0,1,1,B12,8,1,5,50,14,9,1,4,4,5,7,4,4,9,4,5,1,12,1,34,3,10,2,1,7,7,1,8,2,4,,7,7,1,22,9,121.5698692,25.07888011
111,10,20,10,4,2,12內湖區,內湖區瑞光路337號,0,0,1,2,C01,8,1,5,50,14,9,1,4,4,5,7,4,4,9,4,5,1,12,1,22,2,9,1,1,7,9,1,9,2,12,,23,7,1,22,9,121.5698692,25.07888011
111,10,20,10,19,2,04大安區,大安區仁愛路4段112巷13弄與仁愛路4段112巷口,0,0,1,1,B02,7,1,5,30,4,1,1,5,4,5,7,4,4,10,5,5,1,15,2,59,3,10,1,1,7,9,1,8,1,1,,6,6,1,22,9,121.5496488,25.036346
111,10,20,10,19,2,04大安區,大安區仁愛路4段112巷13弄與仁愛路4段112巷口,0,0,1,2,C03,7,1,5,30,4,1,1,5,4,5,7,4,4,10,5,5,1,15,2,22,2,9,1,1,7,9,1,10,1,14,,44,6,1,22,9,121.5496488,25.036346