發生年度,發生月,發生日,發生時-Hours,發生分,處理別-編號,區序,肇事地點,死亡人數,2-30日死亡人數,受傷人數,當事人序號,車種,天候,光線,道路類別,速限-速度限制,道路型態,事故位置,路面狀況1,路面狀況2,路面狀況3,道路障礙1,道路障礙2,號誌1,號誌2,車道劃分-分向,車道劃分-分道1,車道劃分-分道2,車道劃分-分道3,事故類型及型態,性別,年齡,受傷程度,主要傷處,安全帽,行動電話,車輛用途,當事者行動狀態,駕駛資格情形,駕駛執照種類,飲酒情形,車輛撞擊部位1,車輛撞擊部位2,肇因碼-個別,肇因碼-主要,個人肇逃否,職業,旅次目的,座標-X,座標-Y
111,10,20,10,25,2,11南港區,南港區忠孝東路6段與忠孝東路6段403巷口昆陽站,0,0,1,1,H01,7,1,5,0,3,2,1,5,4,5,7,2,1,1,4,5,2,3,2,79,2,9,4,5,8,16,8,20,10,16,,51,51,1,22,9,121.5925749,25.0501345
111,10,20,10,25,2,11南港區,南港區忠孝東路6段與忠孝東路6段403巷口昆陽站,0,0,1,2,B03,7,1,5,0,3,2,1,5,4,5,7,2,1,1,4,5,2,3,1,58,3,10,1,1,7,1,1,8,2,5,,44,51,1,22,9,121.5925749,25.0501345
111,10,20,11,0,2,12內湖區,內湖區舊宗路1段與行忠路口,0,0,1,1,B01,8,1,5,50,3,1,1,5,4,5,7,4,4,9,4,5,2,12,1,61,3,10,1,1,7,6,1,8,2,2,,9,9,1,22,9,121.5758352,25.06491386
111,10,20,11,0,2,12內湖區,內湖區舊宗路1段與行忠路口,0,0,1,2,C03,8,1,5,50,3,1,1,5,4,5,7,4,4,9,4,5,2,12,1,25,2,9,1,1,7,9,1,10,2,11,,44,9,1,22,9,121.5758352,25.06491386
111,10,20,11,5,2,03中山區,中山區長春路與新生北路2段口,0,0,1,1,B03,8,1,5,50,4,2,1,5,4,5,7,1,1,1,5,5,2,13,2,40,3,10,3,4,7,1,1,8,1,1,,23,23,1,22,9,121.527706,25.054708
111,10,20,11,5,2,03中山區,中山區長春路與新生北路2段口,0,0,1,2,C03,8,1,5,50,4,2,1,5,4,5,7,1,1,1,5,5,2,13,2,46,2,1,1,4,7,14,1,10,1,13,,44,23,1,22,9,121.527706,25.054708
111,10,20,11,20,2,04大安區,大安區新生南路1段與新生南路1段151巷口口,0,0,1,1,B01,8,1,5,30,3,1,1,5,4,5,7,4,4,10,5,5,2,15,1,59,3,10,3,4,7,9,1,4,1,1,,23,23,1,22,9,121.5329897,25.03535574
111,10,20,11,20,2,04大安區,大安區新生南路1段與新生南路1段151巷口口,0,0,1,2,F01,8,1,5,30,3,1,1,5,4,5,7,4,4,10,5,5,2,15,1,20,2,9,1,1,7,9,8,20,1,16,,44,23,1,22,9,121.5329897,25.03535574
111,10,20,11,22,2,04大安區,大安區忠孝東路3段與復興南路1段口,0,0,1,1,C03,7,1,5,50,4,2,1,5,4,5,7,1,1,1,4,5,2,12,1,18,4,11,3,4,7,8,7,19,11,15,,7,7,2,22,9,121.5436412,25.0416928
111,10,20,11,22,2,04大安區,大安區忠孝東路3段與復興南路1段口,0,0,1,2,C03,7,1,5,50,4,2,1,5,4,5,7,1,1,1,4,5,2,12,1,65,2,9,1,1,7,9,1,10,1,12,,44,7,1,22,9,121.5436412,25.0416928
111,10,20,11,39,2,12內湖區,內湖區堤頂大道2段497號,0,0,2,1,C03,8,1,5,50,14,9,1,5,4,3,5,4,4,1,5,5,2,17,1,53,2,9,1,1,7,1,1,10,2,13,,19,19,1,22,9,121.5619038,25.08251039
111,10,20,11,39,2,12內湖區,內湖區堤頂大道2段497號,0,0,2,2,C03,8,1,5,50,14,9,1,5,4,3,5,4,4,1,5,5,2,17,1,18,2,9,1,1,7,9,1,10,2,11,,13,19,1,22,9,121.5619038,25.08251039
111,10,20,11,39,2,12內湖區,內湖區堤頂大道2段497號,0,0,2,3,B11,8,1,5,50,14,9,1,5,4,3,5,4,4,1,5,5,2,17,1,32,3,10,3,4,7,14,1,8,2,15,,38,19,1,22,9,121.5619038,25.08251039
111,10,20,12,4,2,05中正區,中正區金山南路1段與齊東街口,0,0,1,1,B03,7,1,5,50,3,1,5,5,4,5,7,1,1,10,5,5,2,16,1,36,3,10,1,1,7,6,7,19,2,5,,9,9,1,22,9,121.528702,25.04338574
111,10,20,12,4,2,05中正區,中正區金山南路1段與齊東街口,0,0,1,2,C03,7,1,5,50,3,1,5,5,4,5,7,1,1,10,5,5,2,16,1,31,2,9,1,1,7,9,1,10,2,11,,16,9,1,22,9,121.528702,25.04338574
111,10,20,12,18,2,03中山區,中山區林森北路與南京東路1段口,0,0,1,1,C04,8,1,5,50,4,2,4,5,4,5,7,1,1,1,4,5,2,16,2,30,2,8,1,4,7,7,1,10,1,14,,7,7,1,22,9,121.5255054,25.0570526
111,10,20,12,18,2,03中山區,中山區林森北路與南京東路1段口,0,0,1,2,B12,8,1,5,50,4,2,4,5,4,5,7,1,1,1,4,5,2,16,1,35,3,10,3,4,7,9,1,8,1,1,,44,7,1,22,9,121.5255054,25.0570526
111,10,20,12,19,2,08士林區,士林區延平北路5段與葫東街口,0,0,1,1,B12,7,1,5,50,4,2,1,5,4,5,7,1,1,1,4,5,2,13,1,47,3,10,3,4,7,9,1,8,2,1,,16,16,1,22,9,121.5100364,25.08354616
111,10,20,12,19,2,08士林區,士林區延平北路5段與葫東街口,0,0,1,2,C03,7,1,5,50,4,2,1,5,4,5,7,1,1,1,4,5,2,13,2,47,2,9,1,1,7,9,1,10,2,13,,44,16,1,22,9,121.5100364,25.08354616
111,10,20,12,30,2,01大同區,大同區民權西路與民權西路250巷口,0,0,1,1,B03,8,1,5,30,3,1,1,5,4,5,7,4,4,1,5,5,2,12,1,56,3,10,3,4,7,9,1,8,1,2,,23,23,1,22,9,121.5125739,25.0628413
111,10,20,12,30,2,01大同區,大同區民權西路與民權西路250巷口,0,0,1,2,C03,8,1,5,30,3,1,1,5,4,5,7,4,4,1,5,5,2,12,2,57,2,8,3,4,7,1,1,10,1,14,,44,23,1,22,9,121.5125739,25.0628413
111,10,20,12,30,2,11南港區,南港區市民大道8段(正承停車場),0,0,1,1,B03,8,1,5,50,14,9,1,5,4,5,7,4,4,1,4,5,2,16,1,39,3,10,1,1,7,6,1,8,1,6,,9,9,1,21,8,121.6127744,25.05415377
111,10,20,12,30,2,11南港區,南港區市民大道8段(正承停車場),0,0,1,2,C03,8,1,5,50,14,9,1,5,4,5,7,4,4,1,4,5,2,16,2,30,2,8,1,1,7,9,1,10,1,14,,44,9,1,21,8,121.6127744,25.05415377
111,10,20,12,50,2,09北投區,北投區中央北路2段與大業路口,0,0,1,1,B03,7,1,5,50,4,1,1,5,4,5,7,2,1,1,4,5,2,3,1,40,3,10,1,1,7,5,1,8,2,1,,15,15,1,22,9,121.4970833,25.13599558
111,10,20,12,50,2,09北投區,北投區中央北路2段與大業路口,0,0,1,2,H01,7,1,5,50,4,1,1,5,4,5,7,2,1,1,4,5,2,3,1,18,2,9,4,5,8,16,8,20,10,16,,67,15,1,22,9,121.4970833,25.13599558
111,10,20,13,27,2,10文山區,文山區新光路2段2號(河堤停車場入口),0,0,1,1,B03,8,1,5,50,14,9,2,5,4,5,7,4,4,5,4,4,2,17,1,42,3,10,3,4,7,6,1,8,1,2,,9,9,1,22,9,121.579184,24.99828566
111,10,20,13,27,2,10文山區,文山區新光路2段2號(河堤停車場入口),0,0,1,2,C03,8,1,5,50,14,9,2,5,4,5,7,4,4,5,4,4,2,17,1,20,2,9,1,4,7,9,1,10,1,14,,44,9,1,22,9,121.579184,24.99828566
111,10,20,13,39,2,01大同區,大同區南京西路85號,0,0,1,1,C03,8,1,5,50,14,9,1,5,4,5,7,4,4,1,4,5,2,13,1,58,2,7,1,4,7,9,6,18,1,11,,16,16,1,22,9,121.5182178,25.05317618
111,10,20,13,39,2,01大同區,大同區南京西路85號,0,0,1,2,B03,8,1,5,50,14,9,1,5,4,5,7,4,4,1,4,5,2,13,1,40,3,10,3,4,7,9,1,8,1,7,,44,16,1,22,9,121.5182178,25.05317618
111,10,20,14,40,2,11南港區,南港區南港路1段與研究院路1段口,0,0,2,1,C03,7,1,5,50,4,1,1,5,4,5,7,2,1,5,4,5,2,16,2,34,2,7,1,1,7,9,1,10,1,14,,42,42,1,22,9,121.6165154,25.0550874
111,10,20,14,40,2,11南港區,南港區南港路1段與研究院路1段口,0,0,2,2,C03,7,1,5,50,4,1,1,5,4,5,7,2,1,5,4,5,2,16,1,29,2,8,1,1,7,8,1,10,1,11,,44,42,1,22,9,121.6165154,25.0550874
111,10,20,14,55,2,08士林區,士林區延平北路7段106巷(延平河濱22號燈桿),0,0,1,1,C03,8,1,5,40,14,9,1,5,4,5,7,4,4,10,5,5,2,10,2,26,2,9,3,4,7,4,1,10,1,14,,1,1,1,22,9,121.4807873,25.1107837
111,10,20,14,55,2,08士林區,士林區延平北路7段106巷(延平河濱22號燈桿),0,0,1,2,B03,8,1,5,40,14,9,1,5,4,5,7,4,4,10,5,5,2,10,1,19,3,10,3,4,7,9,1,8,1,4,,44,1,1,22,9,121.4807873,25.1107837
111,10,20,14,55,2,09北投區,北投區大度路3段與立德路口,0,0,3,1,A42,7,1,5,50,3,2,1,3,4,5,7,2,1,1,4,5,2,17,1,52,3,10,1,1,7,11,1,1,11,15,,30,30,1,22,9,121.4714727,25.12278367
111,10,20,14,55,2,09北投區,北投區大度路3段與立德路口,0,0,3,2,C03,7,1,5,50,3,2,1,3,4,5,7,2,1,1,4,5,2,17,2,23,2,9,1,1,7,9,1,10,2,14,,44,30,1,22,9,121.4714727,25.12278367
111,10,20,14,55,2,09北投區,北投區大度路3段與立德路口,0,0,3,3,C03,7,1,5,50,3,2,1,3,4,5,7,2,1,1,4,5,2,17,1,19,2,9,1,1,7,5,1,10,2,11,,44,30,1,22,9,121.4714727,25.12278367
111,10,20,14,55,2,09北投區,北投區大度路3段與立德路口,0,0,3,4,C03,7,1,5,50,3,2,1,3,4,5,7,2,1,1,4,5,2,17,1,19,2,9,1,1,7,5,1,10,2,11,,44,30,1,22,9,121.4714727,25.12278367
111,10,20,15,15,2,10文山區,文山區興隆路4段6號,0,0,1,1,B03,8,1,5,50,14,9,1,5,4,5,7,4,4,9,4,5,1,12,1,41,3,10,1,1,7,1,1,8,1,1,,19,19,1,22,9,121.5595745,24.98993513
111,10,20,15,15,2,10文山區,文山區興隆路4段6號,0,0,1,2,A02,8,1,5,50,14,9,1,5,4,5,7,4,4,9,4,5,1,12,1,53,3,10,1,1,7,8,1,2,1,2,,23,19,1,22,9,121.5595745,24.98993513
111,10,20,15,15,2,10文山區,文山區興隆路4段6號,0,0,1,3,H02,8,1,5,50,14,9,1,5,4,5,7,4,4,9,4,5,1,12,2,57,2,1,4,5,7,21,8,20,10,16,,67,19,1,22,9,121.5595745,24.98993513
111,10,20,15,42,2,02萬華區,萬華區長泰街139巷與長泰街口,0,0,2,1,C03,8,1,5,30,3,1,1,5,4,5,7,4,4,10,5,5,2,16,1,62,2,9,1,4,7,6,1,10,1,11,,44,44,1,22,9,121.497517,25.02220043
111,10,20,15,42,2,02萬華區,萬華區長泰街139巷與長泰街口,0,0,2,2,C03,8,1,5,30,3,1,1,5,4,5,7,4,4,10,5,5,2,16,1,22,2,9,1,4,7,9,1,10,1,15,,13,44,1,22,9,121.497517,25.02220043
111,10,20,16,20,2,12內湖區,內湖區民權東路6段與行愛路口,0,0,1,1,C03,6,1,5,50,14,9,1,4,4,5,7,4,4,9,4,5,2,12,2,43,2,9,1,1,7,9,1,10,1,14,,6,6,1,22,9,121.5792534,25.06682929
111,10,20,16,20,2,12內湖區,內湖區民權東路6段與行愛路口,0,0,1,2,A04,6,1,5,50,14,9,1,4,4,5,7,4,4,9,4,5,2,12,1,51,3,10,1,1,7,9,1,2,1,2,,23,6,1,22,9,121.5792534,25.06682929
111,10,20,16,20,2,11南港區,南港區松河街438號,0,0,2,1,C03,7,1,5,30,11,9,1,5,4,5,1,4,4,10,5,5,2,17,1,18,2,7,1,1,7,9,1,10,1,11,,23,23,1,22,9,121.5919916,25.0581503
111,10,20,16,20,2,11南港區,南港區松河街438號,0,0,2,2,B12,7,1,5,30,11,9,1,5,4,5,1,4,4,10,5,5,2,17,1,63,3,10,1,1,7,13,1,8,1,7,,44,23,1,22,9,121.5919916,25.0581503
111,10,20,16,20,2,11南港區,南港區松河街438號,0,0,2,3,H02,7,1,5,30,11,9,1,5,4,5,1,4,4,10,5,5,2,17,2,17,2,9,1,5,7,20,8,20,10,16,,67,23,1,22,9,121.5919916,25.0581503
111,10,20,16,25,2,12內湖區,內湖區舊宗路2段五汐高架南下出口,0,0,2,1,B03,7,1,5,50,14,9,1,5,4,5,7,2,1,1,4,5,2,17,1,47,3,10,1,1,7,8,1,8,1,15,,7,7,1,22,9,121.5748273,25.07068337
111,10,20,16,25,2,12內湖區,內湖區舊宗路2段五汐高架南下出口,0,0,2,2,C03,7,1,5,50,14,9,1,5,4,5,7,2,1,1,4,5,2,17,1,47,2,9,1,1,7,9,1,9,1,13,,44,7,1,22,9,121.5748273,25.07068337
111,10,20,16,25,2,12內湖區,內湖區舊宗路2段五汐高架南下出口,0,0,2,3,C03,7,1,5,50,14,9,1,5,4,5,7,2,1,1,4,5,2,17,1,36,2,8,1,1,7,9,1,10,1,11,,16,7,1,22,9,121.5748273,25.07068337
111,10,20,16,30,2,03中山區,中山區長安東路2段與長安東路2段129巷口,0,0,1,1,B03,8,1,5,50,4,1,1,5,4,5,7,4,4,5,4,5,2,16,1,61,3,10,3,4,7,11,1,4,1,4,,10,10,1,22,9,121.5359786,25.04845076
111,10,20,16,30,2,03中山區,中山區長安東路2段與長安東路2段129巷口,0,0,1,2,C03,8,1,5,50,4,1,1,5,4,5,7,4,4,5,4,5,2,16,1,67,2,9,1,4,7,9,1,10,1,11,,4,10,1,22,9,121.5359786,25.04845076
111,10,20,16,50,2,08士林區,士林區通河街155號,0,0,2,1,C03,7,1,5,50,14,9,1,5,4,5,7,4,4,9,5,5,2,12,1,67,2,9,1,1,7,1,1,10,1,14,,19,19,1,22,9,121.520256,25.08108361
111,10,20,16,50,2,08士林區,士林區通河街155號,0,0,2,2,C03,7,1,5,50,14,9,1,5,4,5,7,4,4,9,5,5,2,12,1,19,2,9,1,1,7,9,1,10,1,11,,44,19,1,22,9,121.520256,25.08108361
111,10,20,17,0,2,03中山區,中山區民族東路518號,0,0,1,1,B03,6,1,5,50,11,9,1,4,4,5,7,4,4,5,4,5,1,12,2,43,3,10,1,1,7,8,1,8,1,5,,7,7,1,22,9,121.5425532,25.0674908
111,10,20,17,0,2,03中山區,中山區民族東路518號,0,0,1,2,C03,6,1,5,50,11,9,1,4,4,5,7,4,4,5,4,5,1,12,1,65,2,9,1,1,7,9,1,10,1,14,,44,7,1,22,9,121.5425532,25.0674908
111,10,20,17,0,2,10文山區,文山區景美街35號,0,0,1,1,C03,7,2,5,30,14,9,1,4,4,5,7,4,4,10,5,5,2,17,2,19,2,9,1,1,7,9,1,10,1,11,,23,23,1,22,9,121.5421822,24.9918915
111,10,20,17,0,2,10文山區,文山區景美街35號,0,0,1,2,B03,7,2,5,30,14,9,1,4,4,5,7,4,4,10,5,5,2,17,1,40,3,10,3,1,7,13,1,8,1,6,,44,23,1,22,9,121.5421822,24.9918915
111,10,20,17,35,2,09北投區,北投區中和街與中和街20巷口,0,0,2,1,C03,6,3,5,50,4,2,1,4,4,5,7,4,4,5,5,5,2,3,2,51,2,9,1,1,7,9,1,10,2,14,,15,15,1,22,9,121.5030665,25.13775948
111,10,20,17,35,2,09北投區,北投區中和街與中和街20巷口,0,0,2,2,H01,6,3,5,50,4,2,1,4,4,5,7,4,4,5,5,5,2,3,1,12,2,7,4,5,8,18,8,20,10,16,,67,15,1,22,9,121.5030665,25.13775948
111,10,20,17,50,2,03中山區,中山區松江路38巷與新生北路1段口,0,0,1,1,B03,7,3,5,30,3,1,4,5,4,5,7,4,4,1,5,5,2,16,1,77,3,10,3,4,7,6,1,8,1,2,,6,6,1,22,9,121.5305375,25.0475666
111,10,20,17,50,2,03中山區,中山區松江路38巷與新生北路1段口,0,0,1,2,C03,7,3,5,30,3,1,4,5,4,5,7,4,4,1,5,5,2,16,2,35,2,9,3,4,7,9,1,10,1,14,,13,6,1,22,9,121.5305375,25.0475666
111,10,20,18,0,2,03中山區,中山區長春路與合江街口,0,0,1,1,B01,6,3,5,50,4,1,1,4,4,5,7,2,1,5,4,5,2,3,1,65,3,10,3,4,7,6,1,4,2,6,,15,15,1,22,9,121.5390868,25.05480286
111,10,20,18,0,2,03中山區,中山區長春路與合江街口,0,0,1,2,H01,6,3,5,50,4,1,1,4,4,5,7,2,1,5,4,5,2,3,1,62,2,7,4,5,8,16,8,20,10,16,,67,15,1,22,9,121.5390868,25.05480286
111,10,20,18,1,2,03中山區,中山區市民大道2段與林森北路口,0,0,1,1,C03,6,3,5,40,4,1,1,4,4,5,7,1,1,1,3,5,1,16,2,29,2,8,1,1,7,5,1,10,1,14,,8,8,1,22,9,121.524181,25.0478805
111,10,20,18,1,2,03中山區,中山區市民大道2段與林森北路口,0,0,1,2,B03,6,3,5,40,4,1,1,4,4,5,7,1,1,1,3,5,1,16,2,23,3,10,1,1,7,9,1,8,1,5,,44,8,1,22,9,121.524181,25.0478805
111,10,20,18,12,2,04大安區,大安區信義路2段與信義路2段198巷口,0,0,1,1,B03,7,3,5,50,3,2,1,5,4,5,7,4,4,1,5,5,1,16,1,70,3,10,1,1,7,9,1,8,2,2,,23,23,1,22,9,121.5307443,25.0335384
111,10,20,18,12,2,04大安區,大安區信義路2段與信義路2段198巷口,0,0,1,2,C03,7,3,5,50,3,2,1,5,4,5,7,4,4,1,5,5,1,16,2,59,2,9,1,1,7,6,1,10,2,14,,6,23,1,22,9,121.5307443,25.0335384
111,10,20,18,15,2,09北投區,北投區石牌路2段130巷與石牌路2段口,0,0,1,1,C03,8,3,5,50,4,2,1,5,4,5,7,2,1,5,4,5,2,12,2,44,3,10,1,1,7,8,1,10,1,12,,7,7,2,22,9,121.5174246,25.118006
111,10,20,18,15,2,09北投區,北投區石牌路2段130巷與石牌路2段口,0,0,1,2,C03,8,3,5,50,4,2,1,5,4,5,7,2,1,5,4,5,2,12,1,24,2,8,1,1,7,9,1,10,1,11,,16,7,1,22,9,121.5174246,25.118006
111,10,20,18,25,2,05中正區,中正區中華路2段33號,0,0,1,1,C03,8,3,5,50,14,9,1,5,4,5,7,4,4,3,4,5,2,12,1,43,2,9,1,1,7,8,1,10,1,12,,17,17,1,22,9,121.5063181,25.0353053
111,10,20,18,25,2,05中正區,中正區中華路2段33號,0,0,1,2,C03,8,3,5,50,14,9,1,5,4,5,7,4,4,3,4,5,2,12,1,21,3,10,1,1,7,10,1,10,1,14,,17,17,1,22,9,121.5063181,25.0353053
111,10,20,18,30,2,06松山區,松山區南京東路5段291巷與南京東路5段口,0,0,1,1,C03,7,3,5,50,4,1,1,5,4,5,7,2,1,1,3,5,2,3,1,37,3,10,1,1,7,9,1,10,1,15,,15,23,1,22,9,121.5662331,25.05132307
111,10,20,18,30,2,06松山區,松山區南京東路5段291巷與南京東路5段口,0,0,1,2,H01,7,3,5,50,4,1,1,5,4,5,7,2,1,1,3,5,2,3,2,83,2,9,4,5,8,16,8,20,10,16,,51,23,1,22,9,121.5662331,25.05132307
111,10,20,18,30,2,09北投區,北投區文林北路與文承路口,0,0,1,1,B01,8,3,5,50,4,1,1,5,4,1,6,2,1,1,4,4,1,12,1,58,3,10,1,1,7,8,1,4,1,5,,7,7,1,22,9,121.5165363,25.10605105
111,10,20,18,30,2,09北投區,北投區文林北路與文承路口,0,0,1,2,C03,8,3,5,50,4,1,1,5,4,1,6,2,1,1,4,4,1,12,1,22,2,9,1,1,7,9,1,10,1,14,,23,7,1,22,9,121.5165363,25.10605105
111,10,20,18,35,2,03中山區,中山區八德路2段與八德路2段312巷口,0,0,1,1,B03,6,3,5,50,3,2,1,4,4,5,7,4,4,9,5,5,2,16,1,43,3,10,1,1,7,5,1,8,1,8,,8,8,1,22,9,121.5427112,25.0472673
111,10,20,18,35,2,03中山區,中山區八德路2段與八德路2段312巷口,0,0,1,2,C03,6,3,5,50,3,2,1,4,4,5,7,4,4,9,5,5,2,16,2,50,2,9,1,1,7,6,1,10,1,12,,44,8,1,22,9,121.5427112,25.0472673
111,10,20,18,55,2,12內湖區,內湖區成功路2段115巷20~36號與無名巷口(民權東路六段180巷上),0,0,1,1,C03,6,3,5,50,3,2,1,4,4,5,7,4,4,5,5,5,2,13,1,55,2,7,1,1,7,9,3,18,2,11,,23,23,1,22,9,121.5925437,25.06522706
111,10,20,18,55,2,12內湖區,內湖區成功路2段115巷20~36號與無名巷口(民權東路六段180巷上),0,0,1,2,C03,6,3,5,50,3,2,1,4,4,5,7,4,4,5,5,5,2,13,1,54,3,10,1,1,7,14,1,10,2,13,,44,23,1,22,9,121.5925437,25.06522706
111,10,20,19,7,2,11南港區,南港區南港路2段與南港路2段178巷口,0,0,1,2,C03,6,3,5,50,4,1,1,4,4,5,7,1,1,5,4,4,2,16,1,22,2,9,1,1,7,9,1,10,2,11,,13,8,1,22,9,121.5997107,25.0534431
111,10,20,19,7,2,11南港區,南港區南港路2段與南港路2段178巷口,0,0,1,1,B03,6,3,5,50,4,1,1,4,4,5,7,1,1,5,4,4,2,16,1,64,3,10,1,1,7,5,6,8,2,1,,8,8,1,22,9,121.5997107,25.0534431
111,10,20,19,19,2,04大安區,大安區安和路2段與安和路2段59巷口,0,0,2,1,B02,7,3,5,50,4,1,1,5,4,5,7,2,1,1,4,5,2,17,1,61,3,10,3,4,7,11,1,8,1,1,,10,10,1,22,9,121.5523893,25.0309121
111,10,20,19,19,2,04大安區,大安區安和路2段與安和路2段59巷口,0,0,2,2,C03,7,3,5,50,4,1,1,5,4,5,7,2,1,1,4,5,2,17,2,49,2,9,1,4,7,9,1,10,1,14,,23,10,1,22,9,121.5523893,25.0309121
111,10,20,19,19,2,04大安區,大安區安和路2段與安和路2段59巷口,0,0,2,3,H02,7,3,5,50,4,1,1,5,4,5,7,2,1,1,4,5,2,17,2,15,2,9,1,5,7,20,8,20,10,16,,67,10,1,22,9,121.5523893,25.0309121
111,10,20,19,45,2,03中山區,中山區北安路608巷與北安路608巷5弄口,0,0,1,1,B12,6,3,5,30,4,1,1,4,4,5,7,2,1,9,5,5,2,12,1,39,3,10,3,4,7,5,1,8,1,8,,8,8,1,22,9,121.5493648,25.08195439
111,10,20,19,45,2,03中山區,中山區北安路608巷與北安路608巷5弄口,0,0,1,2,C03,6,3,5,30,4,1,1,4,4,5,7,2,1,9,5,5,2,12,2,43,2,8,3,4,7,9,1,10,1,12,,44,8,1,22,9,121.5493648,25.08195439
111,10,20,20,0,2,09北投區,北投區中和街與中和街474巷口,0,0,1,1,C03,8,3,5,30,3,2,1,5,4,5,7,4,4,5,5,5,1,16,1,51,2,9,1,1,7,5,1,10,1,13,,6,6,1,22,9,121.4953037,25.14516178
111,10,20,20,0,2,09北投區,北投區中和街與中和街474巷口,0,0,1,2,B03,8,3,5,30,3,2,1,5,4,5,7,4,4,5,5,5,1,16,1,66,3,10,1,1,7,9,1,8,1,8,,23,6,1,22,9,121.4953037,25.14516178
111,10,20,20,38,2,03中山區,中山區吉林路與新生北路2段149巷口,0,0,2,1,C03,6,3,5,50,4,1,1,4,4,5,7,4,4,9,4,4,2,16,2,68,2,8,1,1,7,5,1,10,1,12,,8,8,1,22,9,121.5302897,25.0620068
111,10,20,20,38,2,03中山區,中山區吉林路與新生北路2段149巷口,0,0,2,2,C03,6,3,5,50,4,1,1,4,4,5,7,4,4,9,4,4,2,16,1,31,2,9,1,1,7,9,1,10,1,11,,14,8,1,22,9,121.5302897,25.0620068
111,10,20,21,5,2,05中正區,中正區金山南路1段71號,0,0,2,1,C03,7,3,5,50,14,9,1,5,4,5,7,4,4,1,4,1,2,3,2,65,2,2,1,1,7,9,1,10,2,11,,23,23,1,22,9,121.5281044,25.03727894
111,10,20,21,5,2,05中正區,中正區金山南路1段71號,0,0,2,2,H01,7,3,5,50,14,9,1,5,4,5,7,4,4,1,4,1,2,3,2,58,2,7,4,5,8,20,8,20,10,16,,42,23,1,22,9,121.5281044,25.03727894
111,10,20,21,20,2,02萬華區,萬華區康定路105號,0,0,1,1,C03,7,3,5,50,14,9,1,5,4,5,7,4,4,8,3,5,1,17,1,39,2,9,3,4,7,9,1,10,2,15,,42,42,1,22,9,121.5019474,25.03925299
111,10,20,21,20,2,02萬華區,萬華區康定路105號,0,0,1,2,B01,7,3,5,50,14,9,1,5,4,5,7,4,4,8,3,5,1,17,1,51,3,10,3,4,7,11,1,4,2,15,,10,42,1,22,9,121.5019474,25.03925299
111,10,20,21,24,2,08士林區,士林區延平北路5段與重慶北路4段49巷口,0,0,1,1,C03,7,3,5,50,4,1,1,5,4,5,7,1,1,3,4,5,2,17,1,19,2,9,1,1,7,9,1,10,1,11,,44,44,1,22,9,121.5106495,25.08098323
111,10,20,21,24,2,08士林區,士林區延平北路5段與重慶北路4段49巷口,0,0,1,2,B03,7,3,5,50,4,1,1,5,4,5,7,1,1,3,4,5,2,17,1,64,3,10,1,1,7,7,1,7,1,7,,7,44,1,22,9,121.5106495,25.08098323
111,10,20,21,48,2,08士林區,士林區中山北路5段811巷與福華路口,0,0,2,1,F02,7,3,5,30,3,2,1,5,4,5,7,4,4,9,1,5,1,17,2,17,2,9,1,1,7,6,8,20,1,16,,6,6,1,22,9,121.5234461,25.10056065
111,10,20,21,48,2,08士林區,士林區中山北路5段811巷與福華路口,0,0,2,2,B01,7,3,5,30,3,2,1,5,4,5,7,4,4,9,1,5,1,17,1,68,3,10,1,1,7,9,1,4,1,2,,23,6,1,22,9,121.5234461,25.10056065
111,10,20,21,48,2,08士林區,士林區中山北路5段811巷與福華路口,0,0,2,3,H02,7,3,5,30,3,2,1,5,4,5,7,4,4,9,1,5,1,17,2,17,2,9,1,5,7,20,8,20,10,16,,67,6,1,22,9,121.5234461,25.10056065
111,10,20,22,10,2,06松山區,松山區南京東路5段250巷2弄19-1號,0,0,1,2,C03,7,3,5,30,14,9,1,5,4,5,7,4,4,10,5,5,2,16,1,29,2,9,1,1,7,9,1,10,2,11,,42,19,1,22,9,121.5672531,25.0511298
111,10,20,22,10,2,06松山區,松山區南京東路5段250巷2弄19-1號,0,0,1,1,B03,7,3,5,30,14,9,1,5,4,5,7,4,4,10,5,5,2,16,1,67,3,10,1,1,7,1,1,8,9,8,,19,19,1,22,9,121.5672531,25.0511298
111,10,20,22,10,2,06松山區,松山區南京東路5段250巷2弄19-1號,0,0,1,3,B12,7,3,5,30,14,9,1,5,4,5,7,4,4,10,5,5,2,16,1,49,3,10,1,1,7,13,1,8,9,15,,38,19,1,22,9,121.5672531,25.0511298
111,10,20,22,13,2,09北投區,北投區立農街2段與立農街2段202巷口口,0,0,2,1,B03,8,3,5,50,4,1,1,5,4,5,7,2,1,5,5,5,2,16,1,48,3,10,1,1,7,5,1,8,1,2,,8,8,1,22,9,121.5143019,25.11882653
111,10,20,22,13,2,09北投區,北投區立農街2段與立農街2段202巷口口,0,0,2,2,C03,8,3,5,50,4,1,1,5,4,5,7,2,1,5,5,5,2,16,1,21,2,9,1,1,7,9,1,10,1,11,,44,8,1,22,9,121.5143019,25.11882653