發生年度,發生月,發生日,發生時-Hours,發生分,處理別-編號,區序,肇事地點,死亡人數,2-30日死亡人數,受傷人數,當事人序號,車種,天候,光線,道路類別,速限-速度限制,道路型態,事故位置,路面狀況1,路面狀況2,路面狀況3,道路障礙1,道路障礙2,號誌1,號誌2,車道劃分-分向,車道劃分-分道1,車道劃分-分道2,車道劃分-分道3,事故類型及型態,性別,年齡,受傷程度,主要傷處,安全帽,行動電話,車輛用途,當事者行動狀態,駕駛資格情形,駕駛執照種類,飲酒情形,車輛撞擊部位1,車輛撞擊部位2,肇因碼-個別,肇因碼-主要,個人肇逃否,職業,旅次目的,座標-X,座標-Y
111,10,20,22,13,2,09北投區,北投區立農街2段與立農街2段202巷口口,0,0,2,3,H02,8,3,5,50,4,1,1,5,4,5,7,2,1,5,5,5,2,16,2,21,2,9,1,1,7,21,8,20,10,16,,67,8,1,22,9,121.5143019,25.11882653
111,10,20,22,34,2,02萬華區,萬華區西園路2段與西藏路口,0,0,1,1,B03,7,3,5,50,4,1,1,5,4,5,7,2,1,1,4,5,2,17,2,25,3,10,1,1,7,5,1,8,2,6,,6,6,1,22,9,121.4955142,25.02876801
111,10,20,22,34,2,02萬華區,萬華區西園路2段與西藏路口,0,0,1,2,C03,7,3,5,50,4,1,1,5,4,5,7,2,1,1,4,5,2,17,1,18,2,9,1,1,7,9,1,10,2,11,,44,6,1,22,9,121.4955142,25.02876801
111,10,20,23,0,2,12內湖區,內湖區康寧路3段與康寧路3段165巷口,0,0,1,1,B03,8,1,5,50,4,1,1,5,4,5,7,1,1,1,4,4,2,16,1,43,3,10,1,1,7,5,1,8,1,6,,6,6,1,22,9,121.6113207,25.07046459
111,10,20,23,0,2,12內湖區,內湖區康寧路3段與康寧路3段165巷口,0,0,1,2,C03,8,1,5,50,4,1,1,5,4,5,7,1,1,1,4,4,2,16,2,19,2,7,1,1,7,9,1,10,1,11,,44,6,1,22,9,121.6113207,25.07046459
111,10,21,0,1,2,05中正區,中正區中山北路1段與市民大道1段口,0,0,1,1,B01,8,1,5,50,4,1,1,5,4,5,7,1,1,9,4,3,2,17,1,29,3,10,1,4,7,9,1,4,1,6,,25,43,1,22,9,121.5207637,25.04794056
111,10,21,0,1,2,05中正區,中正區中山北路1段與市民大道1段口,0,0,1,2,C03,8,1,5,50,4,1,1,5,4,5,7,1,1,9,4,3,2,17,2,31,2,9,1,4,7,9,1,10,1,11,,44,43,1,22,9,121.5207637,25.04794056
111,10,21,1,15,2,02萬華區,萬華區康定路與桂林路口,0,0,3,1,C03,7,3,5,50,4,1,1,5,4,5,7,2,1,5,4,5,2,17,1,18,2,9,1,1,7,5,1,10,1,11,,8,8,1,22,9,121.5018431,25.03844125
111,10,21,1,15,2,02萬華區,萬華區康定路與桂林路口,0,0,3,2,C03,7,3,5,50,4,1,1,5,4,5,7,2,1,5,4,5,2,17,1,24,2,9,1,1,7,9,3,18,1,11,,44,8,1,22,9,121.5018431,25.03844125
111,10,21,1,15,2,02萬華區,萬華區康定路與桂林路口,0,0,3,3,H02,7,3,5,50,4,1,1,5,4,5,7,2,1,5,4,5,2,17,1,23,2,9,1,1,7,21,8,20,10,16,,67,8,1,22,9,121.5018431,25.03844125
111,10,21,2,25,2,05中正區,中正區汀州路2段與師大路口,0,0,1,1,B03,7,3,5,50,5,1,1,5,4,5,7,2,1,1,4,5,1,15,1,29,3,10,1,1,7,9,1,8,2,8,,25,25,1,22,9,121.5253761,25.02096853
111,10,21,2,25,2,05中正區,中正區汀州路2段與師大路口,0,0,1,2,B01,7,3,5,50,5,1,1,5,4,5,7,2,1,1,4,5,1,15,1,57,3,10,1,1,7,9,1,4,2,5,,44,25,1,22,9,121.5253761,25.02096853
111,10,21,2,25,2,05中正區,中正區汀州路2段與師大路口,0,0,1,3,H02,7,3,5,50,5,1,1,5,4,5,7,2,1,1,4,5,1,15,1,38,2,1,1,1,7,17,8,20,10,16,,67,25,1,22,9,121.5253761,25.02096853
111,10,21,3,49,2,02萬華區,萬華區中華路1段22號,0,0,1,1,C04,7,3,5,50,14,8,1,5,4,5,7,4,4,1,3,1,1,18,1,24,2,9,3,4,7,9,1,8,8,15,,21,21,1,22,9,121.5096201,25.04742303
111,10,21,3,49,2,02萬華區,萬華區中華路1段22號,0,0,1,2,,7,3,5,50,14,8,1,5,4,5,7,4,4,1,3,1,1,18,3,,,,,,,,,,,,,67,21,1,,,121.5096201,25.04742303
111,10,21,5,32,2,04大安區,大安區和平東路2段134-12號,0,0,2,1,C03,7,2,5,50,14,9,1,5,4,5,7,4,4,1,4,5,2,1,1,78,2,9,1,1,7,9,6,10,1,11,,22,22,1,22,9,121.5453307,25.0246949
111,10,21,5,32,2,04大安區,大安區和平東路2段134-12號,0,0,2,2,H01,7,2,5,50,14,9,1,5,4,5,7,4,4,1,4,5,2,1,2,72,2,9,4,5,8,21,8,20,11,16,,67,22,1,22,9,121.5453307,25.0246949
111,10,21,6,6,2,11南港區,南港區市民大道8段與南港路1段277巷口,0,0,2,1,C03,6,1,5,50,4,2,1,4,4,5,7,1,1,5,4,5,2,16,1,39,2,9,1,1,7,5,1,10,2,12,,8,8,1,22,9,121.6088807,25.05353842
111,10,21,6,6,2,11南港區,南港區市民大道8段與南港路1段277巷口,0,0,2,2,C03,6,1,5,50,4,2,1,4,4,5,7,1,1,5,4,5,2,16,1,54,2,9,1,1,7,9,1,10,2,11,,44,8,1,22,9,121.6088807,25.05353842
111,10,21,6,13,2,02萬華區,萬華區東園街28巷與東園街66巷53弄口,0,0,1,1,C03,8,1,5,30,3,1,1,5,4,5,7,4,4,10,5,5,2,17,1,54,3,10,1,1,7,6,1,10,2,11,,6,6,1,22,9,121.4947609,25.02639685
111,10,21,6,13,2,02萬華區,萬華區東園街28巷與東園街66巷53弄口,0,0,1,2,C03,8,1,5,30,3,1,1,5,4,5,7,4,4,10,5,5,2,17,1,22,2,9,1,1,7,9,1,10,2,11,,42,6,1,22,9,121.4947609,25.02639685
111,10,21,7,35,2,08士林區,士林區故宮路與力行街口,0,0,1,1,G06,8,1,5,40,4,2,1,5,4,5,7,3,1,1,4,5,2,17,4,,4,11,3,4,7,15,7,19,11,15,,43,43,2,22,9,121.5486272,25.0958218
111,10,21,7,35,2,08士林區,士林區故宮路與力行街口,0,0,1,2,C03,8,1,5,40,4,2,1,5,4,5,7,3,1,1,4,5,2,17,1,47,2,9,1,1,7,9,1,10,1,14,,43,43,1,22,9,121.5486272,25.0958218
111,10,21,7,44,2,08士林區,士林區百齡橋011標牌,0,0,2,1,A12,7,1,5,50,8,11,1,5,4,5,7,4,4,3,1,5,1,17,1,55,4,11,3,4,7,15,7,19,11,15,,42,43,2,22,9,121.51414,25.0893893
111,10,21,7,44,2,08士林區,士林區百齡橋011標牌,0,0,2,2,C02,7,1,5,50,8,11,1,5,4,5,7,4,4,3,1,5,1,17,1,26,2,9,1,1,7,15,1,9,2,11,,16,43,1,22,9,121.51414,25.0893893
111,10,21,7,44,2,08士林區,士林區百齡橋011標牌,0,0,2,3,C03,7,1,5,50,8,11,1,5,4,5,7,4,4,3,1,5,1,17,1,23,2,9,1,1,7,9,1,10,2,14,,44,43,1,22,9,121.51414,25.0893893
111,10,21,8,3,2,08士林區,士林區福港街與大南路428巷口,0,0,1,1,F01,8,1,5,50,3,1,1,5,4,5,7,4,4,7,5,5,2,12,2,69,2,7,1,1,7,5,8,20,1,16,,6,6,1,22,9,121.5183215,25.0894264
111,10,21,8,3,2,08士林區,士林區福港街與大南路428巷口,0,0,1,2,B12,8,1,5,50,3,1,1,5,4,5,7,4,4,7,5,5,2,12,1,34,3,10,1,1,7,9,1,8,1,1,,23,6,1,22,9,121.5183215,25.0894264
111,10,21,8,30,2,02萬華區,萬華區環河南路1段282號,0,0,2,1,C03,8,1,5,50,14,9,1,5,4,3,5,4,4,10,5,5,2,17,1,31,2,9,3,4,7,9,1,10,1,11,,23,23,1,22,9,121.4993076,25.04135894
111,10,21,8,30,2,02萬華區,萬華區環河南路1段282號,0,0,2,2,C03,8,1,5,50,14,9,1,5,4,3,5,4,4,10,5,5,2,17,2,37,2,9,3,4,7,9,1,10,1,13,,42,23,1,22,9,121.4993076,25.04135894
111,10,21,8,30,2,02萬華區,萬華區環河南路1段282號,0,0,2,3,B12,8,1,5,50,14,9,1,5,4,3,5,4,4,10,5,5,2,17,1,62,3,10,3,4,7,13,1,8,1,3,,26,23,1,22,9,121.4993076,25.04135894
111,10,21,8,30,2,10文山區,文山區試院路8-1號,0,0,1,1,C03,8,1,5,30,14,9,1,5,4,5,7,4,4,9,4,5,1,17,1,19,3,10,1,1,7,4,1,10,1,12,,1,1,1,22,9,121.5495725,24.9882435
111,10,21,8,30,2,10文山區,文山區試院路8-1號,0,0,1,2,C03,8,1,5,30,14,9,1,5,4,5,7,4,4,9,4,5,1,17,1,21,2,7,1,1,7,5,1,10,1,14,,8,1,1,22,9,121.5495725,24.9882435
111,10,21,8,30,2,10文山區,文山區試院路8-1號,0,0,1,3,C03,8,1,5,30,14,9,1,5,4,5,7,4,4,9,4,5,1,17,2,36,3,10,1,1,7,13,1,10,1,11,,44,1,1,22,9,121.5495725,24.9882435
111,10,21,8,30,2,10文山區,文山區試院路8-1號,0,0,1,4,C03,8,1,5,30,14,9,1,5,4,5,7,4,4,9,4,5,1,17,2,21,3,10,1,1,7,14,1,10,1,14,,44,1,1,22,9,121.5495725,24.9882435
111,10,21,8,32,2,02萬華區,萬華區和平西路3段與康定路口,0,0,1,1,C03,8,1,5,50,4,1,1,5,4,5,7,2,1,10,5,5,2,12,1,72,2,7,1,1,7,9,1,10,2,11,,16,16,1,22,9,121.5012767,25.03530165
111,10,21,8,32,2,02萬華區,萬華區和平西路3段與康定路口,0,0,1,2,C03,8,1,5,50,4,1,1,5,4,5,7,2,1,10,5,5,2,12,2,61,3,10,1,1,7,9,1,10,2,13,,17,16,1,22,9,121.5012767,25.03530165
111,10,21,8,33,2,03中山區,中山區吉林路411號,0,0,1,1,B12,8,1,5,50,14,9,1,5,4,5,7,4,4,5,4,5,2,17,1,46,3,10,1,1,7,13,1,8,1,4,,40,40,1,22,9,121.530427,25.06643582
111,10,21,8,33,2,03中山區,中山區吉林路411號,0,0,1,2,C03,8,1,5,50,14,9,1,5,4,5,7,4,4,5,4,5,2,17,2,43,2,9,1,1,7,9,1,10,1,12,14,44,40,1,22,9,121.530427,25.06643582
111,10,21,8,35,2,01大同區,大同區通河西街1段(燈桿:百齡左岸A15),0,0,2,1,C03,8,1,5,30,14,9,1,5,4,5,7,4,4,8,5,5,1,10,2,28,2,9,1,1,7,9,1,10,1,11,,5,5,1,22,9,121.5179136,25.07765284
111,10,21,8,35,2,01大同區,大同區通河西街1段(燈桿:百齡左岸A15),0,0,2,2,C03,8,1,5,30,14,9,1,5,4,5,7,4,4,8,5,5,1,10,1,23,2,9,1,1,7,9,1,10,1,11,,13,5,1,22,9,121.5179136,25.07765284
111,10,21,8,45,2,07信義區,信義區吳興街260巷與吳興街260巷19弄口,0,0,3,1,C03,7,1,5,30,14,9,1,5,4,5,7,4,4,10,5,5,1,12,2,27,2,9,1,1,7,5,1,10,1,14,,8,8,1,22,9,121.5633439,25.026315
111,10,21,8,45,2,07信義區,信義區吳興街260巷與吳興街260巷19弄口,0,0,3,2,C03,7,1,5,30,14,9,1,5,4,5,7,4,4,10,5,5,1,12,2,46,2,9,1,1,7,9,1,10,1,12,,44,8,1,22,9,121.5633439,25.026315
111,10,21,8,45,2,07信義區,信義區吳興街260巷與吳興街260巷19弄口,0,0,3,3,H02,7,1,5,30,14,9,1,5,4,5,7,4,4,10,5,5,1,12,2,22,2,9,4,5,7,20,8,20,10,16,,67,8,1,22,9,121.5633439,25.026315
111,10,21,9,3,2,08士林區,士林區承德路5段與士商路口,0,0,1,1,B03,8,1,5,50,4,1,1,5,4,5,7,1,1,1,5,5,2,12,1,61,3,10,1,1,7,6,1,8,1,5,,6,6,1,22,9,121.5141302,25.09610522
111,10,21,9,3,2,08士林區,士林區承德路5段與士商路口,0,0,1,2,C03,8,1,5,50,4,1,1,5,4,5,7,1,1,1,5,5,2,12,1,39,2,9,1,1,7,9,1,10,1,14,,44,6,1,22,9,121.5141302,25.09610522
111,10,21,9,5,2,09北投區,北投區承德路7段與承德路7段164巷口,0,0,1,1,C03,8,1,5,60,14,9,1,5,4,5,7,4,4,9,4,4,2,13,1,27,2,7,1,1,7,9,1,10,1,12,,23,23,1,22,9,121.5084485,25.1133113
111,10,21,9,5,2,09北投區,北投區承德路7段與承德路7段164巷口,0,0,1,2,B03,8,1,5,60,14,9,1,5,4,5,7,4,4,9,4,4,2,13,1,51,3,10,1,1,7,9,1,8,1,7,,44,23,1,22,9,121.5084485,25.1133113
111,10,21,9,12,2,09北投區,北投區公館路308巷與公館路228巷口,0,0,2,1,C03,8,1,5,30,4,1,1,5,4,5,7,4,4,10,5,5,2,15,2,37,2,9,1,1,7,9,4,11,2,11,,6,6,1,22,9,121.5057472,25.12523287
111,10,21,9,12,2,09北投區,北投區公館路308巷與公館路228巷口,0,0,2,2,C03,8,1,5,30,4,1,1,5,4,5,7,4,4,10,5,5,2,15,1,31,2,9,1,1,7,9,1,9,2,14,,44,6,1,22,9,121.5057472,25.12523287
111,10,21,9,19,2,01大同區,大同區民生西路與雙連街口,0,0,1,1,B03,8,1,5,50,3,1,1,5,4,5,7,2,1,5,5,5,2,16,1,25,3,10,1,1,7,5,1,8,2,2,,6,6,1,22,9,121.5192176,25.05753115
111,10,21,9,19,2,01大同區,大同區民生西路與雙連街口,0,0,1,2,C03,8,1,5,50,3,1,1,5,4,5,7,2,1,5,5,5,2,16,1,32,2,9,1,1,7,9,1,9,2,14,,44,6,1,22,9,121.5192176,25.05753115
111,10,21,9,22,2,03中山區,中山區建國北路1段52號,0,0,1,1,C03,8,1,5,50,14,9,1,5,4,5,7,4,4,10,4,5,2,13,1,22,2,9,3,4,7,9,1,9,1,14,,16,16,1,22,9,121.5364309,25.048082
111,10,21,9,22,2,03中山區,中山區建國北路1段52號,0,0,1,2,B03,8,1,5,50,14,9,1,5,4,5,7,4,4,10,4,5,2,13,2,26,3,10,3,4,7,12,1,8,1,6,,44,16,1,22,9,121.5364309,25.048082
111,10,21,9,22,2,08士林區,士林區東山路與忠誠路2段207巷口,0,0,1,1,B03,8,1,5,50,4,1,1,5,4,5,7,3,1,1,4,5,2,16,1,32,3,10,1,1,7,11,1,8,1,8,,10,10,1,22,9,121.5391025,25.1164052
111,10,21,9,22,2,08士林區,士林區東山路與忠誠路2段207巷口,0,0,1,2,C03,8,1,5,50,4,1,1,5,4,5,7,3,1,1,4,5,2,16,2,19,2,7,1,1,7,9,1,10,1,11,,23,10,1,22,9,121.5391025,25.1164052
111,10,21,9,37,2,07信義區,信義區忠孝東路5段372巷29弄與虎林街164巷60弄口,0,0,1,1,B01,8,1,5,30,4,1,1,5,4,5,7,4,4,10,4,5,1,15,1,66,2,3,1,1,7,9,1,4,1,8,,6,6,1,22,9,121.5739895,25.0389312
111,10,21,9,37,2,07信義區,信義區忠孝東路5段372巷29弄與虎林街164巷60弄口,0,0,1,2,B03,8,1,5,30,4,1,1,5,4,5,7,4,4,10,4,5,1,15,2,40,3,10,1,1,7,9,1,8,1,5,,23,6,1,22,9,121.5739895,25.0389312
111,10,21,9,39,2,07信義區,信義區松勤街92號,0,0,1,1,C03,8,1,5,50,14,9,1,5,4,5,7,4,4,7,5,5,2,17,2,22,2,8,1,1,7,9,1,10,1,11,,16,16,1,22,9,121.5662853,25.03189891
111,10,21,9,39,2,07信義區,信義區松勤街92號,0,0,1,2,B03,8,1,5,50,14,9,1,5,4,5,7,4,4,7,5,5,2,17,1,28,3,10,1,1,7,12,1,10,1,3,,44,16,1,22,9,121.5662853,25.03189891
111,10,21,10,10,2,12內湖區,內湖區民權東路6段56巷與民權東路6段56巷5弄口,0,0,1,1,C03,8,1,5,50,3,1,1,5,4,5,7,4,4,9,4,4,2,12,1,65,4,11,3,4,7,5,7,19,11,15,,8,8,2,22,9,121.5850346,25.0681405
111,10,21,10,10,2,12內湖區,內湖區民權東路6段56巷與民權東路6段56巷5弄口,0,0,1,2,C03,8,1,5,50,3,1,1,5,4,5,7,4,4,9,4,4,2,12,2,25,2,9,1,1,7,9,1,10,1,12,,44,8,1,22,9,121.5850346,25.0681405
111,10,21,10,38,2,04大安區,大安區光復南路180巷與光復南路口,0,0,1,1,B01,8,1,5,50,3,2,1,5,4,5,7,4,4,8,3,5,1,17,1,44,3,10,1,1,7,15,1,4,1,2,,6,6,1,10,4,121.5576327,25.042347
111,10,21,10,38,2,04大安區,大安區光復南路180巷與光復南路口,0,0,1,2,C03,8,1,5,50,3,2,1,5,4,5,7,4,4,8,3,5,1,17,1,26,2,7,1,1,7,9,1,10,1,14,,44,6,1,5,1,121.5576327,25.042347
111,10,21,10,40,2,08士林區,士林區忠誠路2段166巷28弄與忠誠路2段166巷口,0,0,1,1,C03,8,1,5,30,4,1,1,5,4,5,7,4,4,10,5,5,2,17,2,58,2,9,1,1,7,9,1,10,1,11,,6,6,1,22,9,121.532355,25.11592554
111,10,21,10,40,2,08士林區,士林區忠誠路2段166巷28弄與忠誠路2段166巷口,0,0,1,2,B03,8,1,5,30,4,1,1,5,4,5,7,4,4,10,5,5,2,17,1,57,3,10,1,1,7,9,1,8,1,8,,23,6,1,22,9,121.532355,25.11592554
111,10,21,10,51,2,05中正區,中正區林森南路與徐州路口,0,0,1,1,B01,8,1,5,50,4,1,1,5,4,5,7,1,1,5,4,5,2,16,1,63,3,10,1,1,7,5,1,4,2,2,,6,6,1,22,9,121.5221815,25.04104
111,10,21,10,51,2,05中正區,中正區林森南路與徐州路口,0,0,1,2,C03,8,1,5,50,4,1,1,5,4,5,7,1,1,5,4,5,2,16,1,28,2,9,1,1,7,15,1,10,2,11,,13,6,1,22,9,121.5221815,25.04104
111,10,21,11,30,2,10文山區,文山區木柵路1段378巷與木柵路1段口,0,0,1,1,C03,8,1,5,50,3,2,1,5,4,5,7,4,4,9,4,5,1,17,1,72,2,7,1,1,7,5,1,10,1,14,,8,8,1,22,9,121.556628,24.9884749
111,10,21,11,30,2,10文山區,文山區木柵路1段378巷與木柵路1段口,0,0,1,2,B01,8,1,5,50,3,2,1,5,4,5,7,4,4,9,4,5,1,17,1,64,3,10,1,1,7,9,1,4,1,2,,44,8,1,22,9,121.556628,24.9884749
111,10,21,11,43,2,05中正區,中正區和平西路1段與牯嶺街口口,0,0,1,1,C03,8,1,5,50,4,2,1,5,4,1,6,1,1,1,4,5,1,11,1,18,2,8,1,1,7,9,1,10,1,12,,23,23,1,22,9,121.5190058,25.02637541
111,10,21,11,43,2,05中正區,中正區和平西路1段與牯嶺街口口,0,0,1,2,B01,8,1,5,50,4,2,1,5,4,1,6,1,1,1,4,5,1,11,1,31,3,10,1,1,7,9,1,4,1,4,,44,23,1,22,9,121.5190058,25.02637541
111,10,21,11,53,2,10文山區,文山區忠順街1段48巷與忠順街1段26巷3弄口口,0,0,1,1,C03,8,1,5,30,4,2,1,5,4,5,7,4,4,10,5,5,2,18,1,71,3,10,1,1,7,6,1,10,1,12,,42,42,1,22,9,121.5599728,24.9836857
111,10,21,11,53,2,10文山區,文山區忠順街1段48巷與忠順街1段26巷3弄口口,0,0,1,3,H02,8,1,5,30,4,2,1,5,4,5,7,4,4,10,5,5,2,18,2,65,2,7,1,1,7,20,8,20,10,15,,67,42,1,22,9,121.5599728,24.9836857
111,10,21,11,53,2,10文山區,文山區忠順街1段48巷與忠順街1段26巷3弄口口,0,0,1,2,,8,1,5,30,4,2,1,5,4,5,7,4,4,10,5,5,2,18,3,,,,,,,,,,,,,67,42,1,,,121.5599728,24.9836857
111,10,21,12,7,2,10文山區,文山區試院路38號前,0,0,2,2,C03,8,1,5,30,14,9,1,5,4,5,7,4,4,9,4,5,2,10,2,20,2,9,1,1,7,9,1,10,1,11,,44,19,1,22,9,121.5492675,24.98930815
111,10,21,12,7,2,10文山區,文山區試院路38號前,0,0,2,1,C03,8,1,5,30,14,9,1,5,4,5,7,4,4,9,4,5,2,10,1,18,2,9,1,1,7,1,1,10,1,11,,19,19,1,22,9,121.5492675,24.98930815
111,10,21,12,7,2,10文山區,文山區木新路3段288號對面,0,0,2,1,C03,8,1,5,50,14,9,2,5,4,5,7,4,4,5,4,5,2,17,2,60,2,9,1,4,7,7,1,10,1,14,,7,7,1,22,9,121.5578304,24.98099283
111,10,21,12,7,2,10文山區,文山區木新路3段288號對面,0,0,2,2,C03,8,1,5,50,14,9,2,5,4,5,7,4,4,5,4,5,2,17,2,64,2,9,1,4,7,9,1,10,1,12,,44,7,1,22,9,121.5578304,24.98099283
111,10,21,12,22,2,05中正區,中正區新生南路1段與新生南路1段52巷口,0,0,1,1,B03,8,1,5,50,3,1,1,5,4,5,7,4,4,3,2,5,2,16,1,43,3,10,1,1,7,6,1,8,1,2,,9,9,1,22,9,121.5327671,25.04156822
111,10,21,12,22,2,05中正區,中正區新生南路1段與新生南路1段52巷口,0,0,1,2,C03,8,1,5,50,3,1,1,5,4,5,7,4,4,3,2,5,2,16,1,37,2,9,1,1,7,9,6,18,1,14,,44,9,1,22,9,121.5327671,25.04156822
111,10,21,12,30,2,12內湖區,內湖區康寧路1段69號,0,0,1,1,B03,8,1,5,30,3,2,1,5,4,5,7,4,4,9,5,5,2,14,1,53,3,10,1,1,7,2,1,8,1,7,,12,12,1,22,9,121.5925822,25.07996645
111,10,21,12,30,2,12內湖區,內湖區康寧路1段69號,0,0,1,2,C03,8,1,5,30,3,2,1,5,4,5,7,4,4,9,5,5,2,14,2,20,2,8,1,1,7,14,1,10,1,15,,44,12,1,22,9,121.5925822,25.07996645
111,10,21,12,37,2,05中正區,中正區中山北路1段與忠孝東路1段口,0,0,2,1,C03,8,1,5,50,4,1,1,5,4,5,7,1,1,1,4,5,2,13,2,50,2,9,1,1,7,9,1,10,1,11,,16,16,1,22,9,121.519741,25.0457032
111,10,21,12,37,2,05中正區,中正區中山北路1段與忠孝東路1段口,0,0,2,2,C03,8,1,5,50,4,1,1,5,4,5,7,1,1,1,4,5,2,13,1,28,3,10,1,1,7,12,1,10,1,13,,44,16,1,22,9,121.519741,25.0457032
111,10,21,12,37,2,05中正區,中正區中山北路1段與忠孝東路1段口,0,0,2,3,C03,8,1,5,50,4,1,1,5,4,5,7,1,1,1,4,5,2,13,1,28,2,9,1,1,7,9,1,10,1,11,,16,16,1,22,9,121.519741,25.0457032
111,10,21,13,0,2,12內湖區,內湖區環山路2段與環山路2段26巷口,0,0,1,2,B03,8,1,5,50,14,9,1,5,4,5,7,4,4,5,4,5,2,17,1,62,3,10,1,1,7,9,1,8,11,1,,23,44,1,22,9,121.5723928,25.08584049
111,10,21,13,0,2,12內湖區,內湖區環山路2段與環山路2段26巷口,0,0,1,1,F01,8,1,5,50,14,9,1,5,4,5,7,4,4,5,4,5,2,17,2,22,2,9,1,1,7,7,8,20,11,16,,44,44,1,22,9,121.5723928,25.08584049
111,10,21,13,3,2,01大同區,大同區鄭州路27號,0,0,4,1,C03,8,1,5,40,14,9,1,5,4,5,7,1,1,8,3,5,1,13,1,54,2,9,1,1,7,12,1,10,1,12,,42,42,1,22,9,121.5142408,25.0494218
111,10,21,13,3,2,01大同區,大同區鄭州路27號,0,0,4,2,C03,8,1,5,40,14,9,1,5,4,5,7,1,1,8,3,5,1,13,2,41,2,9,1,1,7,9,1,10,1,11,,23,42,1,22,9,121.5142408,25.0494218
111,10,21,13,3,2,01大同區,大同區鄭州路27號,0,0,4,3,C03,8,1,5,40,14,9,1,5,4,5,7,1,1,8,3,5,1,13,2,22,2,9,1,1,7,9,1,10,1,13,,44,42,1,22,9,121.5142408,25.0494218
111,10,21,13,3,2,01大同區,大同區鄭州路27號,0,0,4,4,H02,8,1,5,40,14,9,1,5,4,5,7,1,1,8,3,5,1,13,2,39,2,9,4,5,7,20,8,20,10,15,,67,42,1,22,9,121.5142408,25.0494218
111,10,21,13,8,2,01大同區,大同區重慶北路3段與民族西路口,0,0,1,1,B02,7,1,5,50,4,2,1,5,4,5,7,1,1,5,2,5,2,17,1,27,3,10,1,1,7,6,1,8,1,5,,9,9,1,22,9,121.5135466,25.0685659
111,10,21,13,8,2,01大同區,大同區重慶北路3段與民族西路口,0,0,1,2,C03,7,1,5,50,4,2,1,5,4,5,7,1,1,5,2,5,2,17,2,38,2,9,1,1,7,9,1,10,1,14,,44,9,1,22,9,121.5135466,25.0685659
111,10,21,13,14,2,10文山區,文山區汀州路4段140巷與溪洲街口,0,0,1,1,C03,7,1,5,30,3,2,1,5,4,5,7,4,4,5,5,5,2,13,2,23,2,9,1,1,7,9,1,10,1,11,,16,16,1,22,9,121.5349612,25.0049012
111,10,21,13,14,2,10文山區,文山區汀州路4段140巷與溪洲街口,0,0,1,2,C03,7,1,5,30,3,2,1,5,4,5,7,4,4,5,5,5,2,13,1,42,3,10,1,1,7,9,1,10,1,13,,42,16,1,22,9,121.5349612,25.0049012
111,10,21,13,20,2,09北投區,北投區大度路1段11-7號,0,0,3,1,C03,8,1,5,50,14,9,1,5,4,1,7,4,4,1,4,5,2,17,2,22,2,9,1,1,7,8,1,10,1,11,,16,16,1,22,9,121.498145,25.12102932
111,10,21,13,20,2,09北投區,北投區大度路1段11-7號,0,0,3,2,C03,8,1,5,50,14,9,1,5,4,1,7,4,4,1,4,5,2,17,1,28,2,9,1,1,7,8,1,10,1,11,,44,16,1,22,9,121.498145,25.12102932
111,10,21,13,20,2,09北投區,北投區大度路1段11-7號,0,0,3,3,H02,8,1,5,50,14,9,1,5,4,1,7,4,4,1,4,5,2,17,2,20,2,9,1,5,7,21,8,20,10,16,,67,16,1,22,9,121.498145,25.12102932
111,10,21,14,0,2,09北投區,北投區石牌路2段14號前,0,0,2,1,C03,8,1,5,50,14,9,1,5,4,5,7,4,4,1,4,5,2,13,1,20,2,9,1,1,7,9,1,10,1,11,,23,23,1,22,9,121.5155631,25.11548152
111,10,21,14,0,2,09北投區,北投區石牌路2段14號前,0,0,2,2,C03,8,1,5,50,14,9,1,5,4,5,7,4,4,1,4,5,2,13,1,80,2,9,1,1,7,9,3,18,1,13,,44,23,1,22,9,121.5155631,25.11548152
111,10,21,14,40,2,05中正區,中正區羅斯福路3段與羅斯福路3段284巷口,0,0,1,1,A02,7,1,5,40,3,2,1,5,4,5,7,1,1,2,2,5,2,17,1,55,3,10,1,1,7,9,1,2,2,15,,42,42,2,22,9,121.5323055,25.01655936
111,10,21,14,40,2,05中正區,中正區羅斯福路3段與羅斯福路3段284巷口,0,0,1,2,H01,7,1,5,40,3,2,1,5,4,5,7,1,1,2,2,5,2,17,4,,4,11,3,4,7,15,7,19,11,15,,43,42,2,22,9,121.5323055,25.01655936
111,10,21,14,40,2,05中正區,中正區羅斯福路3段與羅斯福路3段284巷口,0,0,1,3,H02,7,1,5,40,3,2,1,5,4,5,7,1,1,2,2,5,2,17,2,71,2,5,1,1,7,20,8,20,10,16,,58,42,1,22,9,121.5323055,25.01655936
111,10,21,14,43,2,08士林區,士林區萬溪產業道路崁腳幹線298號電桿,0,0,1,1,C03,6,1,5,0,14,9,1,4,4,5,7,4,4,10,5,5,1,10,1,18,2,9,1,1,7,9,1,10,1,11,,17,17,1,22,9,121.6031742,25.13655825
111,10,21,14,43,2,08士林區,士林區萬溪產業道路崁腳幹線298號電桿,0,0,1,2,B03,6,1,5,0,14,9,1,4,4,5,7,4,4,10,5,5,1,10,2,52,3,10,1,1,7,9,1,8,1,1,,17,17,1,22,9,121.6031742,25.13655825