發生年度,發生月,發生日,發生時-Hours,發生分,處理別-編號,區序,肇事地點,死亡人數,2-30日死亡人數,受傷人數,當事人序號,車種,天候,光線,道路類別,速限-速度限制,道路型態,事故位置,路面狀況1,路面狀況2,路面狀況3,道路障礙1,道路障礙2,號誌1,號誌2,車道劃分-分向,車道劃分-分道1,車道劃分-分道2,車道劃分-分道3,事故類型及型態,性別,年齡,受傷程度,主要傷處,安全帽,行動電話,車輛用途,當事者行動狀態,駕駛資格情形,駕駛執照種類,飲酒情形,車輛撞擊部位1,車輛撞擊部位2,肇因碼-個別,肇因碼-主要,個人肇逃否,職業,旅次目的,座標-X,座標-Y
111,10,21,15,28,2,03中山區,中山區新生北路2段58巷與長春路61巷口,0,0,1,1,C03,7,1,5,30,4,1,1,5,4,5,7,4,4,10,5,5,2,16,1,42,2,9,1,1,7,9,1,10,1,14,,6,6,1,22,9,121.5263501,25.0553691
111,10,21,15,28,2,03中山區,中山區新生北路2段58巷與長春路61巷口,0,0,1,2,B12,7,1,5,30,4,1,1,5,4,5,7,4,4,10,5,5,2,16,1,28,3,10,3,4,7,9,1,8,1,5,,14,6,1,22,9,121.5263501,25.0553691
111,10,21,15,37,2,06松山區,松山區撫遠街與民權東路5段口,0,0,3,1,C03,6,1,5,50,4,1,1,4,4,5,7,1,1,1,4,5,2,13,1,18,2,9,1,1,7,9,1,10,1,11,,23,23,1,22,9,121.5659115,25.06317295
111,10,21,15,37,2,06松山區,松山區撫遠街與民權東路5段口,0,0,3,2,C03,6,1,5,50,4,1,1,4,4,5,7,1,1,1,4,5,2,13,1,20,2,8,1,1,7,6,1,10,1,13,,9,23,1,22,9,121.5659115,25.06317295
111,10,21,15,37,2,06松山區,松山區撫遠街與民權東路5段口,0,0,3,3,H02,6,1,5,50,4,1,1,4,4,5,7,1,1,1,4,5,2,13,1,18,2,9,1,5,7,21,8,20,10,16,,67,23,1,22,9,121.5659115,25.06317295
111,10,21,16,15,2,05中正區,中正區重慶南路2段與寧波西街口,0,0,2,1,C03,6,1,5,50,4,1,1,4,4,5,7,2,1,4,4,5,1,16,2,20,2,9,1,1,7,5,1,10,1,14,,8,8,1,22,9,121.5153289,25.0298179
111,10,21,16,15,2,05中正區,中正區重慶南路2段與寧波西街口,0,0,2,2,C03,6,1,5,50,4,1,1,4,4,5,7,2,1,4,4,5,1,16,1,40,2,8,1,1,7,9,1,10,1,12,,44,8,1,22,9,121.5153289,25.0298179
111,10,21,16,27,2,07信義區,信義區永吉路167號,0,0,1,1,A02,8,1,5,50,14,9,1,5,4,5,7,4,4,1,4,5,2,9,1,42,3,10,3,4,7,9,1,2,9,15,,44,44,1,22,9,121.5714032,25.0456864
111,10,21,16,27,2,07信義區,信義區永吉路167號,0,0,1,2,H02,8,1,5,50,14,9,1,5,4,5,7,4,4,1,4,5,2,9,1,49,2,8,3,4,7,20,8,20,10,16,,67,44,1,22,9,121.5714032,25.0456864
111,10,21,16,35,2,08士林區,士林區基河路188巷與基河路口,0,0,1,1,B01,8,2,5,30,3,2,1,5,4,5,7,4,4,5,4,5,2,17,1,31,3,10,1,1,7,15,1,4,1,5,,43,43,1,22,9,121.5222532,25.09036696
111,10,21,16,35,2,08士林區,士林區基河路188巷與基河路口,0,0,1,2,C04,8,2,5,30,3,2,1,5,4,5,7,4,4,5,4,5,2,17,2,69,2,8,1,1,7,15,1,8,1,13,,43,43,1,22,9,121.5222532,25.09036696
111,10,21,16,40,2,04大安區,大安區復興南路1段與仁愛路3段123巷13弄口,0,0,1,2,C03,6,1,5,50,4,1,1,4,4,5,6,2,1,1,4,5,2,16,2,21,2,9,1,4,7,9,1,10,1,11,,44,8,1,22,9,121.5436246,25.039842
111,10,21,16,40,2,04大安區,大安區復興南路1段與仁愛路3段123巷13弄口,0,0,1,1,B03,6,1,5,50,4,1,1,4,4,5,6,2,1,1,4,5,2,16,2,32,3,10,1,4,7,5,1,8,1,2,,8,8,1,22,9,121.5436246,25.039842
111,10,21,16,47,2,08士林區,士林區中山北路5段470巷與中山北路5段口,0,0,1,1,B01,8,1,5,50,3,2,1,5,4,5,7,4,4,10,5,5,1,17,1,43,3,10,1,1,7,6,1,4,1,5,,9,9,1,22,9,121.5279297,25.09227142
111,10,21,16,47,2,08士林區,士林區中山北路5段470巷與中山北路5段口,0,0,1,2,C03,8,1,5,50,3,2,1,5,4,5,7,4,4,10,5,5,1,17,1,21,2,9,1,1,7,9,1,10,1,14,,13,9,1,22,9,121.5279297,25.09227142
111,10,21,16,54,2,05中正區,中正區寧波西街258號前,0,0,2,1,C03,7,1,5,30,14,9,1,5,4,5,7,4,4,10,5,5,2,9,1,43,2,9,1,1,7,9,1,10,2,14,,13,13,1,22,9,121.5107248,25.02642642
111,10,21,16,54,2,05中正區,中正區寧波西街258號前,0,0,2,2,H01,7,1,5,30,14,9,1,5,4,5,7,4,4,10,5,5,2,9,1,49,2,1,4,5,8,16,8,20,10,16,,51,13,1,22,9,121.5107248,25.02642642
111,10,21,16,55,2,04大安區,大安區敦化南路2段與安和路2段171巷口,0,0,1,1,B03,6,3,5,50,4,2,1,4,4,5,7,2,1,8,3,1,1,17,2,72,3,10,1,1,7,5,1,8,1,15,,6,6,1,20,7,121.5489981,25.02810756
111,10,21,16,55,2,04大安區,大安區敦化南路2段與安和路2段171巷口,0,0,1,2,C03,6,3,5,50,4,2,1,4,4,5,7,2,1,8,3,1,1,17,1,26,2,8,1,1,7,12,1,10,1,15,,13,6,1,21,1,121.5489981,25.02810756
111,10,21,17,10,2,11南港區,南港區永吉路與中坡北路口,0,0,1,1,B03,6,1,5,50,4,2,1,4,4,5,7,1,1,9,4,5,2,11,2,47,3,10,1,1,7,5,1,8,1,8,,8,8,1,22,9,121.5807199,25.0454517
111,10,21,17,10,2,11南港區,南港區永吉路與中坡北路口,0,0,1,2,C03,6,1,5,50,4,2,1,4,4,5,7,1,1,9,4,5,2,11,1,26,2,9,1,1,7,9,1,10,1,14,,13,8,1,22,9,121.5807199,25.0454517
111,10,21,17,30,2,11南港區,南港區忠孝東路7段325巷與市民大道8段口,0,0,1,1,C03,6,3,5,50,3,2,1,4,4,5,7,2,1,1,4,5,2,3,1,67,3,10,1,1,7,9,1,10,1,14,,15,15,1,22,9,121.6052614,25.05281
111,10,21,17,30,2,11南港區,南港區忠孝東路7段325巷與市民大道8段口,0,0,1,2,H01,6,3,5,50,3,2,1,4,4,5,7,2,1,1,4,5,2,3,2,47,2,9,4,5,8,16,8,20,10,16,,51,15,1,22,9,121.6052614,25.05281
111,10,21,17,35,2,07信義區,信義區松山路與松隆路口口,0,0,2,1,C03,6,3,5,50,4,1,1,4,4,5,7,2,1,1,4,5,2,3,1,28,2,1,1,1,7,9,1,10,2,11,,23,23,1,22,9,121.5777634,25.0478662
111,10,21,17,35,2,07信義區,信義區松山路與松隆路口口,0,0,2,2,H01,6,3,5,50,4,1,1,4,4,5,7,2,1,1,4,5,2,3,1,69,2,9,4,5,8,16,8,20,10,16,,52,23,1,22,9,121.5777634,25.0478662
111,10,21,18,8,2,10文山區,文山區羅斯福路5段6號,0,0,1,1,,6,3,5,50,14,9,1,4,4,5,7,4,4,1,4,5,2,17,4,,4,11,3,4,7,15,7,19,11,15,,43,43,2,22,9,121.5374057,25.00958724
111,10,21,18,8,2,10文山區,文山區羅斯福路5段6號,0,0,1,2,B03,6,3,5,50,14,9,1,4,4,5,7,4,4,1,4,5,2,17,2,50,3,10,1,1,7,12,1,8,2,3,,43,43,1,22,9,121.5374057,25.00958724
111,10,21,18,8,2,10文山區,文山區羅斯福路5段6號,0,0,1,3,C03,6,3,5,50,14,9,1,4,4,5,7,4,4,1,4,5,2,17,1,31,3,10,1,1,7,9,1,10,2,13,,43,43,1,22,9,121.5374057,25.00958724
111,10,21,18,8,2,10文山區,文山區羅斯福路5段6號,0,0,1,4,C03,6,3,5,50,14,9,1,4,4,5,7,4,4,1,4,5,2,17,2,25,2,8,1,1,7,9,1,10,2,11,,43,43,1,22,9,121.5374057,25.00958724
111,10,21,18,8,2,10文山區,文山區羅斯福路5段6號,0,0,1,5,C03,6,3,5,50,14,9,1,4,4,5,7,4,4,1,4,5,2,17,1,18,3,10,1,1,7,9,1,10,2,11,,43,43,1,22,9,121.5374057,25.00958724
111,10,21,18,20,2,02萬華區,萬華區桂林路與柳州街口,0,0,2,1,C04,6,3,5,50,4,1,1,4,4,5,7,1,1,8,3,5,1,17,2,39,2,5,1,1,7,1,1,8,1,13,,19,19,1,22,9,121.5049423,25.03787
111,10,21,18,20,2,02萬華區,萬華區桂林路與柳州街口,0,0,2,2,C03,6,3,5,50,4,1,1,4,4,5,7,1,1,8,3,5,1,17,2,22,2,9,1,1,7,9,1,10,1,11,,44,19,1,22,9,121.5049423,25.03787
111,10,21,18,20,2,05中正區,中正區中華路1段與長沙街1段口,0,0,1,2,C03,7,3,5,50,4,1,1,4,4,5,7,1,1,10,5,5,2,17,1,53,2,1,1,1,7,9,1,10,2,11,,25,44,2,22,9,121.5078817,25.0405458
111,10,21,18,20,2,05中正區,中正區中華路1段與長沙街1段口,0,0,1,1,B03,7,3,5,50,4,1,1,4,4,5,7,1,1,10,5,5,2,17,1,23,4,11,3,4,7,15,7,19,11,15,,44,44,2,22,9,121.5078817,25.0405458
111,10,21,18,24,2,09北投區,北投區明德路與西安街1段口,0,0,1,1,B03,7,3,5,50,4,1,1,5,4,5,7,1,1,10,5,5,2,13,1,38,3,10,1,1,7,9,1,8,2,1,,23,23,1,22,9,121.5190247,25.10910181
111,10,21,18,24,2,09北投區,北投區明德路與西安街1段口,0,0,1,2,C03,7,3,5,50,4,1,1,5,4,5,7,1,1,10,5,5,2,13,1,28,2,7,1,1,7,5,1,10,2,13,,8,23,1,22,9,121.5190247,25.10910181
111,10,21,18,24,2,10文山區,文山區和平東路4段295巷與和平東路4段口,0,0,1,1,B03,6,3,5,50,3,1,1,4,4,5,7,2,1,5,5,5,2,17,1,62,3,10,1,1,7,11,1,8,9,2,,10,10,2,22,9,121.5731423,25.0005476
111,10,21,18,24,2,10文山區,文山區和平東路4段295巷與和平東路4段口,0,0,1,2,C03,6,3,5,50,3,1,1,4,4,5,7,2,1,5,5,5,2,17,1,54,2,9,1,1,7,9,1,10,1,15,,23,10,1,22,9,121.5731423,25.0005476
111,10,21,18,26,2,05中正區,中正區承德路1段與重慶北路1段口台北車站西側道路,0,0,1,1,B12,6,3,5,50,14,9,1,4,4,5,7,4,4,9,4,5,1,12,1,65,3,10,1,1,7,9,1,8,1,2,,23,23,1,21,1,121.5157445,25.04854766
111,10,21,18,26,2,05中正區,中正區承德路1段與重慶北路1段口台北車站西側道路,0,0,1,2,C03,6,3,5,50,14,9,1,4,4,5,7,4,4,9,4,5,1,12,2,18,2,9,1,1,7,9,1,10,1,14,,44,23,1,18,2,121.5157445,25.04854766
111,10,21,18,27,2,09北投區,北投區大度路3段與立德路口,0,0,1,1,B01,8,3,5,50,14,9,1,5,4,5,7,4,4,3,4,5,2,12,1,45,3,10,1,1,7,8,1,4,1,6,,7,7,1,22,9,121.4703774,25.12302841
111,10,21,18,27,2,09北投區,北投區大度路3段與立德路口,0,0,1,2,C03,8,3,5,50,14,9,1,5,4,5,7,4,4,3,4,5,2,12,1,23,2,9,1,1,7,9,1,10,1,14,,23,7,1,22,9,121.4703774,25.12302841
111,10,21,18,33,2,07信義區,信義區吳興街220巷與信安街103巷口,0,0,1,1,B03,6,3,5,30,3,1,1,4,4,5,7,4,4,9,5,5,1,17,1,44,3,10,3,4,7,5,1,8,1,8,,8,8,1,22,9,121.5599774,25.025134
111,10,21,18,33,2,07信義區,信義區吳興街220巷與信安街103巷口,0,0,1,2,C03,6,3,5,30,3,1,1,4,4,5,7,4,4,9,5,5,1,17,1,33,2,5,3,4,7,9,1,10,1,11,,44,8,1,22,9,121.5599774,25.025134
111,10,21,18,34,2,04大安區,大安區樂業街96號,0,0,1,1,B03,8,3,5,50,14,9,1,4,4,5,7,4,4,4,3,5,2,12,1,55,3,10,1,1,7,9,1,8,1,15,,44,44,1,22,9,121.5514389,25.0214285
111,10,21,18,34,2,04大安區,大安區樂業街96號,0,0,1,2,C03,8,3,5,50,14,9,1,4,4,5,7,4,4,4,3,5,2,12,2,30,2,9,1,1,7,9,1,10,1,14,,23,44,1,22,9,121.5514389,25.0214285
111,10,21,18,35,2,07信義區,信義區松高路20巷與松高路20巷口寒舍艾美停車場出入口,0,0,2,1,B02,6,3,5,30,3,1,1,4,4,5,7,4,4,10,4,5,2,3,1,24,3,10,1,1,7,5,1,8,1,8,,23,23,1,21,8,121.5676254,25.0383694
111,10,21,18,35,2,07信義區,信義區松高路20巷與松高路20巷口寒舍艾美停車場出入口,0,0,2,2,H01,6,3,5,30,3,1,1,4,4,5,7,4,4,10,4,5,2,3,2,35,2,9,4,5,8,16,8,20,10,16,,51,23,1,21,8,121.5676254,25.0383694
111,10,21,18,35,2,07信義區,信義區松高路20巷與松高路20巷口寒舍艾美停車場出入口,0,0,2,3,H01,6,3,5,30,3,1,1,4,4,5,7,4,4,10,4,5,2,3,1,34,2,7,4,5,8,16,8,20,10,16,,51,23,1,21,8,121.5676254,25.0383694
111,10,21,18,38,2,10文山區,文山區指南路2段99號,0,0,2,1,C03,7,3,5,50,14,19,1,4,4,5,7,3,1,5,5,5,2,3,1,35,2,9,1,1,7,9,1,10,2,11,,15,15,1,22,9,121.5756162,24.987702
111,10,21,18,38,2,10文山區,文山區指南路2段99號,0,0,2,2,H01,7,3,5,50,14,19,1,4,4,5,7,3,1,5,5,5,2,3,2,21,2,9,4,5,8,16,8,20,10,16,,51,15,1,18,8,121.5756162,24.987702
111,10,21,18,40,2,01大同區,大同區承德路2段與承德路2段201巷口,0,0,1,1,B03,6,3,5,30,3,1,1,4,4,5,7,4,4,1,4,5,2,12,1,60,3,10,3,4,7,8,1,8,1,8,,6,6,1,22,9,121.518294,25.05955654
111,10,21,18,40,2,01大同區,大同區承德路2段與承德路2段201巷口,0,0,1,2,C03,6,3,5,30,3,1,1,4,4,5,7,4,4,1,4,5,2,12,2,29,2,9,1,1,7,9,1,10,1,12,,44,6,1,22,9,121.518294,25.05955654
111,10,21,18,40,2,07信義區,信義區松智路與松智路15巷口,0,0,1,1,B03,6,3,5,50,14,9,1,4,4,5,7,4,4,5,4,5,2,13,2,45,3,10,1,1,7,8,1,8,1,1,,23,23,1,22,8,121.5655085,25.03699725
111,10,21,18,40,2,07信義區,信義區松智路與松智路15巷口,0,0,1,2,C03,6,3,5,50,14,9,1,4,4,5,7,4,4,5,4,5,2,13,1,46,2,8,1,1,7,12,3,18,1,13,,44,23,1,22,8,121.5655085,25.03699725
111,10,21,18,47,2,06松山區,松山區民權東路3段與民族東路口,0,0,1,1,C03,6,3,5,50,14,9,1,4,4,5,7,4,4,9,4,5,2,13,1,30,2,9,1,1,7,9,1,10,1,11,,16,16,1,22,9,121.5498912,25.06175844
111,10,21,18,47,2,06松山區,松山區民權東路3段與民族東路口,0,0,1,2,B03,6,3,5,50,14,9,1,4,4,5,7,4,4,9,4,5,2,13,1,34,3,10,1,1,7,12,1,8,1,6,,44,16,1,22,9,121.5498912,25.06175844
111,10,21,18,49,2,12內湖區,內湖區行善路59巷20弄與行善路59巷口,0,0,1,1,B03,6,3,5,30,3,1,1,4,4,5,7,4,4,9,5,5,2,12,1,54,4,11,3,4,7,5,7,19,11,15,,8,8,2,22,9,121.5782482,25.05717108
111,10,21,18,49,2,12內湖區,內湖區行善路59巷20弄與行善路59巷口,0,0,1,2,C03,6,3,5,30,3,1,1,4,4,5,7,4,4,9,5,5,2,12,1,24,2,9,1,1,7,9,1,10,9,11,,4,8,1,22,9,121.5782482,25.05717108
111,10,21,19,0,2,07信義區,信義區菸廠路88號,0,0,1,1,B01,6,3,5,50,14,9,1,4,4,5,7,4,4,5,4,5,2,11,1,58,3,10,1,1,7,11,1,4,2,5,,26,26,1,22,9,121.5615159,25.04500909
111,10,21,19,0,2,07信義區,信義區菸廠路88號,0,0,1,2,C02,6,3,5,50,14,9,1,4,4,5,7,4,4,5,4,5,2,11,1,25,2,9,1,1,7,9,1,9,2,14,,44,26,1,22,9,121.5615159,25.04500909
111,10,21,19,4,2,05中正區,中正區新生南路1段與新生南路1段12巷口,0,0,2,1,C03,6,3,5,50,3,2,1,4,4,5,7,4,4,3,4,5,2,1,2,42,2,7,1,4,7,9,1,10,1,12,,23,23,1,22,9,121.5328073,25.04375878
111,10,21,19,4,2,05中正區,中正區新生南路1段與新生南路1段12巷口,0,0,2,2,H01,6,3,5,50,3,2,1,4,4,5,7,4,4,3,4,5,2,1,1,57,2,7,4,5,8,16,8,20,9,16,,67,23,2,22,9,121.5328073,25.04375878
111,10,21,19,9,2,04大安區,大安區仁愛路3段與建國南路1段口,0,0,1,1,B03,6,3,5,50,4,1,1,4,4,5,7,2,1,1,3,5,2,15,1,52,3,10,1,1,7,9,1,8,1,1,,23,23,1,22,9,121.5381173,25.0382343
111,10,21,19,9,2,04大安區,大安區仁愛路3段與建國南路1段口,0,0,1,2,C03,6,3,5,50,4,1,1,4,4,5,7,2,1,1,3,5,2,15,1,25,2,9,1,1,7,1,1,10,1,14,,44,23,1,22,9,121.5381173,25.0382343
111,10,21,19,17,2,07信義區,信義區松仁路7號,0,0,1,1,A06,6,3,5,50,14,9,1,4,4,5,7,4,4,1,3,5,2,12,1,61,3,10,1,1,7,9,1,2,9,5,,23,23,2,22,8,121.5684962,25.03812274
111,10,21,19,17,2,07信義區,信義區松仁路7號,0,0,1,2,C03,6,3,5,50,14,9,1,4,4,5,7,4,4,1,3,5,2,12,2,71,2,8,1,1,7,9,1,10,1,14,,44,23,1,22,8,121.5684962,25.03812274
111,10,21,19,17,2,07信義區,信義區松仁路7號,0,0,1,3,B03,6,3,5,50,14,9,1,4,4,5,7,4,4,1,3,5,2,12,1,42,3,10,1,1,7,14,1,8,1,8,,44,23,1,22,8,121.5684962,25.03812274
111,10,21,19,26,2,05中正區,中正區重慶南路1段與漢口街1段口口,0,0,1,1,C03,6,3,5,50,4,2,1,4,4,5,7,2,1,9,4,5,1,16,1,39,3,10,1,1,7,5,1,10,1,14,,8,8,1,21,1,121.5132609,25.0452363
111,10,21,19,26,2,05中正區,中正區重慶南路1段與漢口街1段口口,0,0,1,2,C03,6,3,5,50,4,2,1,4,4,5,7,2,1,9,4,5,1,16,2,25,2,9,1,1,7,9,1,10,1,11,,44,8,1,21,3,121.5132609,25.0452363
111,10,21,19,40,2,12內湖區,內湖區環山路3段22號對面,0,0,1,1,B03,6,3,5,50,11,9,1,4,4,5,7,4,4,5,4,5,2,16,2,37,3,10,1,1,7,1,1,8,1,4,,19,19,1,22,9,121.579732,25.08469127
111,10,21,19,40,2,12內湖區,內湖區環山路3段22號對面,0,0,1,2,C03,6,3,5,50,11,9,1,4,4,5,7,4,4,5,4,5,2,16,1,60,2,8,1,1,7,15,1,10,1,11,,44,19,1,22,9,121.579732,25.08469127
111,10,21,19,46,2,12內湖區,內湖區文德路90巷與文德路66巷11弄口,0,0,1,1,C03,6,3,5,30,4,1,1,4,4,5,7,4,4,10,5,5,2,17,2,45,2,9,1,1,7,9,1,10,1,15,,14,14,1,22,9,121.5824738,25.07795219
111,10,21,19,46,2,12內湖區,內湖區文德路90巷與文德路66巷11弄口,0,0,1,2,B03,6,3,5,30,4,1,1,4,4,5,7,4,4,10,5,5,2,17,1,43,3,10,1,1,7,9,1,8,1,15,,14,14,1,22,9,121.5824738,25.07795219
111,10,21,20,0,2,10文山區,文山區興隆路4段與興隆路4段109巷口,0,0,1,1,B03,6,3,5,50,4,1,1,4,4,5,7,1,1,5,5,5,2,3,4,,4,11,3,4,7,15,7,19,11,15,,43,43,2,22,9,121.5609343,24.9865297
111,10,21,20,0,2,10文山區,文山區興隆路4段與興隆路4段109巷口,0,0,1,2,H01,6,3,5,50,4,1,1,4,4,5,7,1,1,5,5,5,2,3,1,54,2,8,4,5,8,16,8,20,1,15,,67,43,1,22,9,121.5609343,24.9865297
111,10,21,20,10,2,11南港區,南港區研究院路2段與福山街口,0,0,2,1,B12,6,3,5,50,5,2,1,4,4,5,7,1,1,3,4,5,2,12,1,54,3,10,1,1,7,11,1,8,1,6,,10,10,1,22,9,121.6151322,25.04582504
111,10,21,20,10,2,11南港區,南港區研究院路2段與福山街口,0,0,2,2,C03,6,3,5,50,5,2,1,4,4,5,7,1,1,3,4,5,2,12,1,25,2,9,2,1,7,9,1,10,1,11,,23,10,1,22,9,121.6151322,25.04582504
111,10,21,20,10,2,11南港區,南港區研究院路2段與福山街口,0,0,2,3,H02,6,3,5,50,5,2,1,4,4,5,7,1,1,3,4,5,2,12,2,24,2,9,1,1,7,21,8,20,11,16,,67,10,1,22,9,121.6151322,25.04582504
111,10,21,20,41,2,08士林區,士林區承德橋南向001燈桿,0,0,2,1,C03,7,3,5,50,8,11,1,5,4,5,2,4,4,3,4,4,1,2,1,36,2,9,1,1,7,9,1,10,1,11,,23,23,1,22,9,121.5213331,25.07867723
111,10,21,20,41,2,08士林區,士林區承德橋南向001燈桿,0,0,2,2,H01,7,3,5,50,8,11,1,5,4,5,2,4,4,3,4,4,1,2,2,72,2,9,4,5,8,16,8,20,10,16,,67,23,1,22,9,121.5213331,25.07867723
111,10,21,20,46,2,08士林區,士林區仰德大道3段與新安路口,0,0,1,1,C03,6,3,5,40,3,2,1,4,4,5,7,2,1,9,4,5,1,16,1,71,2,9,3,4,7,9,1,10,1,11,,25,25,1,22,9,121.5528492,25.11894816
111,10,21,20,46,2,08士林區,士林區仰德大道3段與新安路口,0,0,1,2,B03,6,3,5,40,3,2,1,4,4,5,7,2,1,9,4,5,1,16,2,36,3,10,3,4,7,5,1,8,1,8,,44,25,1,22,9,121.5528492,25.11894816
111,10,21,21,0,2,09北投區,北投區清江路114號,0,0,1,1,H01,8,3,5,30,14,9,1,5,4,5,7,4,4,10,5,5,2,9,1,56,2,9,4,5,8,20,8,20,10,16,,60,60,1,22,9,121.5017243,25.12948347
111,10,21,21,0,2,09北投區,北投區清江路114號,0,0,1,2,B03,8,3,5,30,14,9,1,5,4,5,7,4,4,10,5,5,2,9,1,27,3,10,1,1,7,9,1,8,2,8,,44,60,1,22,9,121.5017243,25.12948347
111,10,21,21,10,2,07信義區,信義區松壽路2號,0,0,1,1,,6,3,5,0,15,20,4,4,4,5,7,4,4,10,5,5,2,17,4,,4,11,3,4,7,15,7,19,11,15,,43,43,2,22,9,121.562122,25.0358226
111,10,21,21,10,2,07信義區,信義區松壽路2號,0,0,1,2,F01,6,3,5,0,15,20,4,4,4,5,7,4,4,10,5,5,2,17,1,26,2,1,1,1,7,9,8,20,9,16,,44,43,1,22,9,121.562122,25.0358226
111,10,21,21,30,2,09北投區,北投區中央南路1段205號與崇仁路1段口,0,0,1,1,F01,7,4,5,50,3,1,1,5,4,5,7,1,1,9,5,5,2,16,2,64,2,1,1,1,7,6,8,20,1,16,,6,6,1,22,9,121.5011875,25.1282988
111,10,21,21,30,2,09北投區,北投區中央南路1段205號與崇仁路1段口,0,0,1,2,B03,7,4,5,50,3,1,1,5,4,5,7,1,1,9,5,5,2,16,1,30,3,10,1,4,7,9,1,8,1,1,,23,6,1,22,9,121.5011875,25.1282988
111,10,21,21,40,2,06松山區,松山區光復北路129號,0,0,1,1,B03,6,3,5,30,14,9,1,4,4,5,7,3,1,9,4,5,2,15,1,48,3,10,1,1,7,9,1,8,1,8,,6,6,1,22,9,121.5569851,25.05263677
111,10,21,21,40,2,06松山區,松山區光復北路129號,0,0,1,2,A02,6,3,5,30,14,9,1,4,4,5,7,3,1,9,4,5,2,15,1,46,3,10,1,1,7,9,1,2,1,5,,44,6,1,22,9,121.5569851,25.05263677
111,10,21,21,40,2,06松山區,松山區光復北路129號,0,0,1,3,H02,6,3,5,30,14,9,1,4,4,5,7,3,1,9,4,5,2,15,2,15,2,7,4,5,7,20,8,20,10,16,,67,6,1,22,9,121.5569851,25.05263677
111,10,21,21,46,2,03中山區,中山區民生東路1段與新生北路2段口,0,0,1,1,C03,6,3,5,50,14,9,1,4,4,5,7,1,1,4,3,5,1,16,1,29,4,11,3,4,7,7,7,19,11,15,,7,7,2,22,9,121.5271238,25.0580208
111,10,21,21,46,2,03中山區,中山區民生東路1段與新生北路2段口,0,0,1,2,C03,6,3,5,50,14,9,1,4,4,5,7,1,1,4,3,5,1,16,1,56,2,9,1,1,7,9,3,18,1,12,,44,7,1,22,9,121.5271238,25.0580208
111,10,21,21,46,2,03中山區,中山區民生東路1段與新生北路2段口,0,0,1,3,B03,6,3,5,50,14,9,1,4,4,5,7,1,1,4,3,5,1,16,1,43,3,10,1,1,7,9,1,8,1,6,,44,7,1,22,9,121.5271238,25.0580208
111,10,21,21,46,2,03中山區,中山區民生東路1段與新生北路2段口,0,0,1,4,B01,6,3,5,50,14,9,1,4,4,5,7,1,1,4,3,5,1,16,1,61,4,11,3,4,7,15,7,19,11,15,,38,7,2,22,9,121.5271238,25.0580208
111,10,21,21,51,2,04大安區,大安區忠孝東路3段224號,0,0,1,1,B03,7,3,5,50,14,9,1,4,4,5,7,4,4,3,3,5,2,16,1,29,3,10,1,1,7,1,1,8,1,8,,19,19,1,22,9,121.5404976,25.0414837
111,10,21,21,51,2,04大安區,大安區忠孝東路3段224號,0,0,1,2,C03,7,3,5,50,14,9,1,4,4,5,7,4,4,3,3,5,2,16,2,28,2,9,1,1,7,9,1,10,1,11,,27,19,1,22,9,121.5404976,25.0414837
111,10,21,22,18,2,05中正區,中正區中山南路與仁愛路1段口口,0,0,1,1,C03,6,3,5,50,16,7,1,4,4,5,7,2,1,9,4,4,1,16,2,24,2,8,1,1,7,8,1,10,1,12,,26,26,1,21,5,121.5176293,25.0392575
111,10,21,22,18,2,05中正區,中正區中山南路與仁愛路1段口口,0,0,1,2,B03,6,3,5,50,16,7,1,4,4,5,7,2,1,9,4,4,1,16,1,47,3,10,1,1,7,9,1,8,1,4,,44,26,1,21,5,121.5176293,25.0392575
111,10,21,22,21,2,04大安區,大安區辛亥路2段與建國南路2段口,0,0,2,1,B01,6,3,5,40,3,1,1,4,4,5,7,1,1,1,4,5,2,16,1,64,2,9,1,1,7,8,1,4,1,5,,7,7,1,22,9,121.5379332,25.0229154
111,10,21,22,21,2,04大安區,大安區辛亥路2段與建國南路2段口,0,0,2,2,B03,6,3,5,40,3,1,1,4,4,5,7,1,1,1,4,5,2,16,1,46,3,10,1,1,7,9,1,8,1,4,,44,7,1,22,9,121.5379332,25.0229154
111,10,21,22,21,2,04大安區,大安區辛亥路2段與建國南路2段口,0,0,2,3,H02,6,3,5,40,3,1,1,4,4,5,7,1,1,1,4,5,2,16,2,40,2,9,4,5,7,20,8,20,10,16,,67,7,1,22,9,121.5379332,25.0229154
111,10,21,22,45,2,08士林區,士林區中正路與百齡橋口東向西,0,0,2,1,C03,8,1,5,50,14,9,1,5,4,5,7,4,4,10,5,5,1,16,1,56,2,9,1,1,7,8,1,10,2,12,,7,7,1,22,9,121.5155173,25.09050191
111,10,21,22,45,2,08士林區,士林區中正路與百齡橋口東向西,0,0,2,2,C03,8,1,5,50,14,9,1,5,4,5,7,4,4,10,5,5,1,16,1,23,2,9,1,1,7,9,1,10,2,14,,23,7,1,22,9,121.5155173,25.09050191
111,10,21,22,57,2,05中正區,中正區中華路1段59號,0,0,1,1,C03,6,3,5,50,14,9,1,4,4,5,7,4,4,1,4,1,2,17,1,19,2,9,1,1,7,9,1,10,2,14,,43,43,1,22,9,121.5081496,25.0411052