發生年度,發生月,發生日,發生時-Hours,發生分,處理別-編號,區序,肇事地點,死亡人數,2-30日死亡人數,受傷人數,當事人序號,車種,天候,光線,道路類別,速限-速度限制,道路型態,事故位置,路面狀況1,路面狀況2,路面狀況3,道路障礙1,道路障礙2,號誌1,號誌2,車道劃分-分向,車道劃分-分道1,車道劃分-分道2,車道劃分-分道3,事故類型及型態,性別,年齡,受傷程度,主要傷處,安全帽,行動電話,車輛用途,當事者行動狀態,駕駛資格情形,駕駛執照種類,飲酒情形,車輛撞擊部位1,車輛撞擊部位2,肇因碼-個別,肇因碼-主要,個人肇逃否,職業,旅次目的,座標-X,座標-Y
111,10,21,22,57,2,05中正區,中正區中華路1段59號,0,0,1,2,C03,6,3,5,50,14,9,1,4,4,5,7,4,4,1,4,1,2,17,4,,4,11,3,4,7,15,7,19,11,15,,43,43,2,22,9,121.5081496,25.0411052
111,10,21,23,3,2,06松山區,松山區健康路15巷62號,0,0,1,1,B03,6,3,5,50,14,9,1,4,4,5,7,4,4,10,2,5,2,17,1,48,3,10,3,1,7,13,1,8,1,4,,40,40,1,22,9,121.5529843,25.0557553
111,10,21,23,3,2,06松山區,松山區健康路15巷62號,0,0,1,2,F01,6,3,5,50,14,9,1,4,4,5,7,4,4,10,2,5,2,17,1,20,2,3,3,1,7,9,8,20,1,16,,23,40,1,22,9,121.5529843,25.0557553
111,10,21,23,51,2,12內湖區,內湖區康樂街136巷與康樂街136巷30弄口,0,0,1,1,C03,6,3,5,30,3,2,1,4,4,5,7,4,4,10,5,5,2,3,1,54,3,10,1,1,7,9,1,10,2,11,,23,23,1,22,9,121.6178637,25.07193647
111,10,21,23,51,2,12內湖區,內湖區康樂街136巷與康樂街136巷30弄口,0,0,1,2,H01,6,3,5,30,3,2,1,4,4,5,7,4,4,10,5,5,2,3,1,40,2,9,4,5,8,16,8,20,10,16,,53,23,1,22,9,121.6178637,25.07193647
111,10,22,0,12,2,08士林區,士林區通河西街2段堤外便道,0,0,3,1,C01,8,3,5,50,14,9,1,5,4,5,7,4,4,10,5,5,1,13,1,20,2,9,1,1,7,9,4,10,2,11,,23,23,1,22,9,121.5035268,25.09371959
111,10,22,0,12,2,08士林區,士林區通河西街2段堤外便道,0,0,3,2,C03,8,3,5,50,14,9,1,5,4,5,7,4,4,10,5,5,1,13,1,49,2,9,1,1,7,9,1,10,2,13,,44,23,1,22,9,121.5035268,25.09371959
111,10,22,0,12,2,08士林區,士林區通河西街2段堤外便道,0,0,3,3,H02,8,3,5,50,14,9,1,5,4,5,7,4,4,10,5,5,1,13,1,49,2,9,4,5,7,20,8,20,10,16,,67,23,1,22,9,121.5035268,25.09371959
111,10,22,4,54,2,11南港區,南港區忠孝東路7段與忠孝東路7段265巷口,0,0,1,1,B03,6,3,5,50,3,2,1,4,4,5,7,2,1,3,3,4,2,13,1,45,3,10,3,4,7,9,1,8,1,1,,23,23,1,22,9,121.6027368,25.0513732
111,10,22,4,54,2,11南港區,南港區忠孝東路7段與忠孝東路7段265巷口,0,0,1,2,C03,6,3,5,50,3,2,1,4,4,5,7,2,1,3,3,4,2,13,1,22,2,8,3,3,7,14,1,10,1,13,,44,23,1,22,9,121.6027368,25.0513732
111,10,22,6,2,2,12內湖區,內湖區瑞光路與江南街117巷8弄口,0,0,1,1,B03,6,2,5,30,4,2,1,4,4,5,7,3,1,10,5,5,2,17,2,58,4,11,3,4,7,15,7,19,11,15,,6,6,2,22,9,121.5760092,25.07573845
111,10,22,6,2,2,12內湖區,內湖區瑞光路與江南街117巷8弄口,0,0,1,2,C03,6,2,5,30,4,2,1,4,4,5,7,3,1,10,5,5,2,17,1,23,2,9,1,1,7,9,1,10,1,14,,13,6,1,22,9,121.5760092,25.07573845
111,10,22,8,3,2,04大安區,大安區芳蘭路與基隆路3段155巷176弄口,0,0,1,1,C03,7,1,5,50,3,1,1,4,4,5,7,4,4,10,5,5,2,17,4,,4,11,3,4,7,15,7,19,11,15,,4,4,2,22,9,121.5469625,25.0142946
111,10,22,8,3,2,04大安區,大安區芳蘭路與基隆路3段155巷176弄口,0,0,1,2,C03,7,1,5,50,3,1,1,4,4,5,7,4,4,10,5,5,2,17,1,46,2,9,1,4,7,5,1,10,1,14,,44,4,1,22,9,121.5469625,25.0142946
111,10,22,8,15,2,03中山區,中山區中山北路3段與民族西路口,0,0,1,1,C03,6,1,5,50,4,1,1,4,4,5,7,2,1,4,3,5,2,16,1,46,2,9,3,4,7,5,6,18,1,11,,8,8,1,22,9,121.5227952,25.0682955
111,10,22,8,15,2,03中山區,中山區中山北路3段與民族西路口,0,0,1,2,B03,6,1,5,50,4,1,1,4,4,5,7,2,1,4,3,5,2,16,2,51,3,10,3,4,7,9,1,8,1,2,,23,8,1,22,9,121.5227952,25.0682955
111,10,22,8,15,2,06松山區,松山區塔悠路182號,0,0,1,1,C03,6,1,5,50,14,7,1,4,4,5,7,2,1,1,4,4,2,12,1,18,3,10,1,4,7,8,1,10,1,11,,7,7,1,22,9,121.5694169,25.05638936
111,10,22,8,15,2,06松山區,松山區塔悠路182號,0,0,1,2,C03,6,1,5,50,14,7,1,4,4,5,7,2,1,1,4,4,2,12,1,69,2,9,1,4,7,9,1,9,1,11,,44,7,1,22,9,121.5694169,25.05638936
111,10,22,8,50,2,03中山區,中山區中山北路3段與德惠街口,0,0,1,1,C03,6,3,5,50,3,1,1,4,4,5,7,2,1,1,1,1,1,17,2,28,2,9,3,4,7,9,1,10,1,14,,23,23,1,22,9,121.5223627,25.06691546
111,10,22,8,50,2,03中山區,中山區中山北路3段與德惠街口,0,0,1,2,B01,6,3,5,50,3,1,1,4,4,5,7,2,1,1,1,1,1,17,1,69,3,10,3,4,7,12,1,4,1,7,,14,23,1,22,9,121.5223627,25.06691546
111,10,22,9,1,2,01大同區,大同區鄭州路與西寧北路口,0,0,1,2,C03,6,1,5,40,4,1,1,4,4,5,7,2,1,1,4,5,2,12,2,28,2,8,1,1,7,9,1,10,1,11,,13,8,1,22,9,121.5082493,25.05062209
111,10,22,9,1,2,01大同區,大同區鄭州路與西寧北路口,0,0,1,1,C04,6,1,5,40,4,1,1,4,4,5,7,2,1,1,4,5,2,12,1,51,3,10,1,1,7,5,1,10,1,13,,8,8,1,22,9,121.5082493,25.05062209
111,10,22,9,5,2,01大同區,大同區民權西路144巷19弄7號,0,0,2,1,C03,8,1,5,30,14,9,1,4,4,5,7,4,4,10,5,5,2,12,1,27,2,9,1,1,7,1,1,10,2,12,,19,19,1,22,9,121.5162787,25.06160522
111,10,22,9,5,2,01大同區,大同區民權西路144巷19弄7號,0,0,2,2,C03,8,1,5,30,14,9,1,4,4,5,7,4,4,10,5,5,2,12,2,69,2,9,1,1,7,9,1,10,2,14,,23,19,1,22,9,121.5162787,25.06160522
111,10,22,9,5,2,01大同區,大同區民權西路144巷19弄7號,0,0,2,3,B12,8,1,5,30,14,9,1,4,4,5,7,4,4,10,5,5,2,12,1,31,4,11,3,4,7,15,7,19,11,15,,44,19,2,22,9,121.5162787,25.06160522
111,10,22,9,33,2,03中山區,中山區新生北路2段與南京東路1段口,0,0,2,1,B03,8,1,5,50,4,1,1,5,4,5,7,2,1,1,3,5,2,12,1,26,3,10,3,4,7,9,5,18,2,6,,17,17,1,22,9,121.5274794,25.05229974
111,10,22,9,33,2,03中山區,中山區新生北路2段與南京東路1段口,0,0,2,2,C03,8,1,5,50,4,1,1,5,4,5,7,2,1,1,3,5,2,12,1,62,2,9,3,4,7,9,1,10,2,11,,17,17,1,22,9,121.5274794,25.05229974
111,10,22,9,33,2,03中山區,中山區新生北路2段與南京東路1段口,0,0,2,3,H02,8,1,5,50,4,1,1,5,4,5,7,2,1,1,3,5,2,12,2,63,2,9,3,5,7,20,8,20,10,16,,67,17,1,22,9,121.5274794,25.05229974
111,10,22,9,36,2,04大安區,大安區辛亥路3段與臥龍街188巷口,0,0,1,1,B02,8,1,5,50,3,1,1,5,4,5,7,4,4,1,4,5,2,16,1,42,3,10,1,4,7,6,1,8,1,2,,9,9,1,22,9,121.550516,25.0161663
111,10,22,9,36,2,04大安區,大安區辛亥路3段與臥龍街188巷口,0,0,1,2,C03,8,1,5,50,3,1,1,5,4,5,7,4,4,1,4,5,2,16,1,77,2,9,1,4,7,9,1,10,1,14,,44,9,1,22,9,121.550516,25.0161663
111,10,22,9,44,2,07信義區,信義區福德街270號,0,0,1,1,B02,6,1,5,50,14,9,1,4,4,5,7,1,1,9,4,5,2,17,2,56,3,10,1,1,7,5,7,19,2,8,,8,8,1,22,9,121.5861101,25.0388807
111,10,22,9,44,2,07信義區,信義區福德街270號,0,0,1,2,C03,6,1,5,50,14,9,1,4,4,5,7,1,1,9,4,5,2,17,2,28,2,9,1,1,7,9,1,10,2,11,,13,8,1,22,9,121.5861101,25.0388807
111,10,22,10,22,2,05中正區,中正區重慶南路1段54號,0,0,3,3,H02,8,1,5,50,14,9,1,5,4,5,7,4,4,10,4,5,2,13,2,34,2,8,1,5,7,20,8,20,10,16,,67,14,1,22,9,121.5132072,25.04432091
111,10,22,10,22,2,05中正區,中正區重慶南路1段54號,0,0,3,4,B01,8,1,5,50,14,9,1,5,4,5,7,4,4,10,4,5,2,13,1,62,4,11,3,4,7,10,7,19,11,15,,7,14,2,22,9,121.5132072,25.04432091
111,10,22,10,22,2,05中正區,中正區重慶南路1段54號,0,0,3,1,C03,8,1,5,50,14,9,1,5,4,5,7,4,4,10,4,5,2,13,2,33,2,8,1,1,7,9,1,10,2,13,,14,14,1,22,9,121.5132072,25.04432091
111,10,22,10,22,2,05中正區,中正區重慶南路1段54號,0,0,3,2,C03,8,1,5,50,14,9,1,5,4,5,7,4,4,10,4,5,2,13,1,42,2,3,1,1,7,9,1,10,2,11,,16,14,1,22,9,121.5132072,25.04432091
111,10,22,10,50,2,12內湖區,彩虹河濱公園自行車道編號055路燈桿處,0,0,2,1,F01,8,1,8,0,14,9,1,5,4,5,7,4,4,7,4,5,1,6,1,33,2,9,1,1,7,9,8,20,2,16,,23,23,1,22,9,121.5755181,25.05266622
111,10,22,10,50,2,12內湖區,彩虹河濱公園自行車道編號055路燈桿處,0,0,2,2,H01,8,1,8,0,14,9,1,5,4,5,7,4,4,7,4,5,1,6,1,66,2,9,4,5,8,18,8,20,10,16,,67,23,1,22,9,121.5755181,25.05266622
111,10,22,11,0,2,09北投區,北投區承德路6段與福國路口口,0,0,3,1,C03,7,1,5,40,4,2,1,5,4,5,7,2,1,1,4,5,2,16,1,68,2,9,1,1,7,9,1,10,2,11,,16,16,1,22,9,121.5124887,25.1014148
111,10,22,11,0,2,09北投區,北投區承德路6段與福國路口口,0,0,3,2,C03,7,1,5,40,4,2,1,5,4,5,7,2,1,1,4,5,2,16,2,51,2,9,1,1,7,15,1,10,2,13,,13,16,1,22,9,121.5124887,25.1014148
111,10,22,11,0,2,09北投區,北投區承德路6段與福國路口口,0,0,3,3,H02,7,1,5,40,4,2,1,5,4,5,7,2,1,1,4,5,2,16,2,68,2,9,4,5,7,20,8,20,10,16,,67,16,1,22,9,121.5124887,25.1014148
111,10,22,11,15,2,07信義區,信義區信安街與信安街15巷口,0,0,1,1,B12,7,1,5,30,4,1,1,5,4,5,7,4,4,9,4,5,1,15,1,38,3,10,3,4,7,9,1,8,1,2,,6,6,1,22,9,121.558074,25.0278739
111,10,22,11,15,2,07信義區,信義區信安街與信安街15巷口,0,0,1,2,C03,7,1,5,30,4,1,1,5,4,5,7,4,4,9,4,5,1,15,1,41,2,9,3,4,7,9,1,10,1,11,,13,6,1,22,9,121.558074,25.0278739
111,10,22,11,37,2,12內湖區,內湖區港華街與內湖路1段629巷103弄口,0,0,2,1,B03,7,1,5,50,4,2,1,4,4,5,7,4,4,5,5,5,2,12,2,39,3,10,1,1,7,11,1,8,1,4,,10,10,1,22,9,121.5767813,25.08247368
111,10,22,11,37,2,12內湖區,內湖區港華街與內湖路1段629巷103弄口,0,0,2,2,C03,7,1,5,50,4,2,1,4,4,5,7,4,4,5,5,5,2,12,1,63,2,8,1,1,7,9,1,10,1,11,,44,10,1,22,9,121.5767813,25.08247368
111,10,22,11,37,2,12內湖區,內湖區港華街與內湖路1段629巷103弄口,0,0,2,3,H02,7,1,5,50,4,2,1,4,4,5,7,4,4,5,5,5,2,12,2,63,2,8,1,5,7,21,8,20,1,16,,67,10,1,22,9,121.5767813,25.08247368
111,10,22,11,40,2,10文山區,文山區興隆路2段156號,0,0,2,1,B03,8,1,5,50,14,9,1,5,4,5,7,4,4,1,4,5,2,12,1,53,3,10,1,4,7,8,1,8,2,2,,7,7,2,22,9,121.5511811,25.0016863
111,10,22,11,40,2,10文山區,文山區興隆路2段156號,0,0,2,2,C03,8,1,5,50,14,9,1,5,4,5,7,4,4,1,4,5,2,12,2,59,2,9,1,4,7,9,1,10,2,14,,44,7,1,22,9,121.5511811,25.0016863
111,10,22,11,40,2,10文山區,文山區興隆路2段156號,0,0,2,3,H02,8,1,5,50,14,9,1,5,4,5,7,4,4,1,4,5,2,12,2,63,2,7,4,5,7,21,8,20,10,16,,67,7,1,22,9,121.5511811,25.0016863
111,10,22,11,41,2,02萬華區,萬華區和平西路3段139號,0,0,2,1,C03,8,1,5,50,14,20,1,5,4,5,7,4,4,1,4,4,2,9,1,74,2,9,1,4,7,15,1,10,1,11,,42,42,1,22,9,121.4990894,25.03538241
111,10,22,11,41,2,02萬華區,萬華區和平西路3段139號,0,0,2,2,H01,8,1,5,50,14,20,1,5,4,5,7,4,4,1,4,4,2,9,2,73,2,9,4,4,8,17,8,20,10,16,,67,42,1,22,9,121.4990894,25.03538241
111,10,22,12,0,2,03中山區,中山區市民大道3段1號,0,0,1,1,B03,8,1,5,40,4,1,1,5,4,5,7,2,1,1,4,5,2,12,1,40,3,10,3,4,7,6,3,18,2,2,,9,9,1,22,9,121.5308936,25.04616832
111,10,22,12,0,2,03中山區,中山區市民大道3段1號,0,0,1,2,C03,8,1,5,40,4,1,1,5,4,5,7,2,1,1,4,5,2,12,1,27,2,9,3,4,7,9,1,10,2,14,,44,9,1,22,9,121.5308936,25.04616832
111,10,22,13,1,2,09北投區,北投區承德路7段與公館路口,0,0,1,1,B12,8,1,5,40,4,1,1,5,4,5,7,1,1,10,5,5,2,12,2,45,3,10,1,1,7,6,1,8,1,5,,9,9,1,22,9,121.5016152,25.11956209
111,10,22,13,1,2,09北投區,北投區承德路7段與公館路口,0,0,1,2,C03,8,1,5,40,4,1,1,5,4,5,7,1,1,10,5,5,2,12,2,45,2,8,1,1,7,9,1,10,1,14,,44,9,1,22,9,121.5016152,25.11956209
111,10,22,13,1,2,09北投區,北投區承德路7段與公館路口,0,0,1,3,H02,8,1,5,40,4,1,1,5,4,5,7,1,1,10,5,5,2,12,2,6,4,11,4,5,7,20,8,20,10,16,,67,9,1,22,9,121.5016152,25.11956209
111,10,22,13,12,2,11南港區,南港區同德路與忠孝東路6段70巷口,0,0,3,1,C03,6,1,5,30,4,1,1,4,4,5,7,4,4,10,1,5,2,15,1,58,2,9,3,4,7,15,1,10,1,13,,6,6,1,22,9,121.5846291,25.0454768
111,10,22,13,12,2,11南港區,南港區同德路與忠孝東路6段70巷口,0,0,3,2,C03,6,1,5,30,4,1,1,4,4,5,7,4,4,10,1,5,2,15,2,54,2,9,3,4,7,9,1,10,1,11,,23,6,1,22,9,121.5846291,25.0454768
111,10,22,13,12,2,11南港區,南港區同德路與忠孝東路6段70巷口,0,0,3,3,H02,6,1,5,30,4,1,1,4,4,5,7,4,4,10,1,5,2,15,2,18,2,9,4,5,7,20,8,20,10,16,,67,6,1,22,9,121.5846291,25.0454768
111,10,22,13,30,2,09北投區,北投區中央北路1段與育仁路口,0,0,2,1,C04,7,1,5,30,14,9,1,5,4,5,7,4,4,9,4,5,2,3,1,22,2,9,1,1,7,9,1,10,2,11,,23,23,1,22,9,121.4996355,25.13493167
111,10,22,13,30,2,09北投區,北投區中央北路1段與育仁路口,0,0,2,2,H01,7,1,5,30,14,9,1,5,4,5,7,4,4,9,4,5,2,3,2,79,2,9,4,5,8,16,8,20,10,16,,51,23,1,22,9,121.4996355,25.13493167
111,10,22,14,44,2,04大安區,大安區辛亥路2段與建國南路2段口,0,0,1,1,B03,8,1,5,50,14,9,1,5,4,5,7,2,1,9,3,5,2,16,1,51,3,10,1,1,7,8,1,8,2,15,,7,7,1,22,9,121.537978,25.02245489
111,10,22,14,44,2,04大安區,大安區辛亥路2段與建國南路2段口,0,0,1,2,C03,8,1,5,50,14,9,1,5,4,5,7,2,1,9,3,5,2,16,1,38,2,9,1,1,7,9,4,11,2,12,,44,7,1,22,9,121.537978,25.02245489
111,10,22,14,44,2,04大安區,大安區辛亥路2段與建國南路2段口,0,0,1,3,B03,8,1,5,50,14,9,1,5,4,5,7,2,1,9,3,5,2,16,1,55,4,11,3,4,7,15,7,19,11,15,,14,7,2,22,9,121.537978,25.02245489
111,10,22,14,53,2,08士林區,士林區至誠路2段與至誠路2段92巷口,0,0,1,1,B03,7,1,5,40,3,1,1,5,4,5,7,4,4,5,5,5,1,16,1,46,3,10,1,1,7,5,1,8,1,6,,8,8,1,21,8,121.5277204,25.1013872
111,10,22,14,53,2,08士林區,士林區至誠路2段與至誠路2段92巷口,0,0,1,2,C03,7,1,5,40,3,1,1,5,4,5,7,4,4,5,5,5,1,16,1,21,2,9,1,1,7,9,1,10,1,11,,23,8,1,21,8,121.5277204,25.1013872
111,10,22,15,13,2,03中山區,中山區長安東路2段與龍江路口,0,0,1,1,B01,7,1,5,50,4,1,1,5,4,5,7,1,3,5,4,5,2,17,1,53,3,10,1,1,7,11,1,4,1,15,,10,10,1,22,9,121.5403533,25.0483461
111,10,22,15,13,2,03中山區,中山區長安東路2段與龍江路口,0,0,1,2,C03,7,1,5,50,4,1,1,5,4,5,7,1,3,5,4,5,2,17,1,46,2,9,1,1,7,12,1,10,1,14,,44,10,1,22,9,121.5403533,25.0483461
111,10,22,15,45,2,04大安區,大安區信義路2段198巷與永康街13巷口,0,0,2,1,B03,8,1,5,30,4,2,1,5,4,5,7,4,4,10,5,5,1,15,2,59,3,10,1,1,7,9,1,8,1,1,,6,6,1,21,5,121.5305539,25.0327528
111,10,22,15,45,2,04大安區,大安區信義路2段198巷與永康街13巷口,0,0,2,2,C03,8,1,5,30,4,2,1,5,4,5,7,4,4,10,5,5,1,15,1,44,2,8,1,1,7,12,1,10,1,14,,14,6,1,21,8,121.5305539,25.0327528
111,10,22,15,45,2,04大安區,大安區信義路2段198巷與永康街13巷口,0,0,2,3,H02,8,1,5,30,4,2,1,5,4,5,7,4,4,10,5,5,1,15,1,15,2,8,1,1,7,20,8,20,10,16,,67,6,1,15,2,121.5305539,25.0327528
111,10,22,16,25,2,01大同區,大同區南京西路與延平北路1段口,0,0,1,1,B01,6,1,5,50,4,2,1,4,4,5,7,2,1,5,4,5,2,16,1,59,3,10,3,4,7,8,1,4,2,6,,7,7,1,22,9,121.5118597,25.0538621
111,10,22,16,25,2,01大同區,大同區南京西路與延平北路1段口,0,0,1,2,C03,6,1,5,50,4,2,1,4,4,5,7,2,1,5,4,5,2,16,1,32,2,7,3,4,7,9,1,10,2,14,,42,7,1,22,9,121.5118597,25.0538621
111,10,22,16,29,2,11南港區,南港區大坑街與弘道橋口,0,0,1,1,C03,6,1,5,50,3,1,1,4,4,5,7,4,4,4,5,5,2,16,2,18,2,8,1,1,7,5,1,10,1,12,,8,8,1,22,9,121.6163841,25.0488137
111,10,22,16,29,2,11南港區,南港區大坑街與弘道橋口,0,0,1,2,B03,6,1,5,50,3,1,1,4,4,5,7,4,4,4,5,5,2,16,2,47,3,10,1,1,7,9,1,8,1,5,,44,8,1,22,9,121.6163841,25.0488137
111,10,22,16,37,2,04大安區,大安區忠孝東路4段與仁愛路4段151巷口,0,0,2,1,B01,6,2,5,50,14,9,1,4,4,5,7,4,4,8,3,5,1,12,1,56,3,10,1,1,7,8,1,4,1,3,,7,7,1,10,4,121.5517317,25.04140115
111,10,22,16,37,2,04大安區,大安區忠孝東路4段與仁愛路4段151巷口,0,0,2,2,C03,6,2,5,50,14,9,1,4,4,5,7,4,4,8,3,5,1,12,1,19,2,8,1,1,7,9,1,10,1,11,,23,7,1,21,5,121.5517317,25.04140115
111,10,22,16,37,2,04大安區,大安區忠孝東路4段與仁愛路4段151巷口,0,0,2,3,H02,6,2,5,50,14,9,1,4,4,5,7,4,4,8,3,5,1,12,2,18,2,8,1,1,7,20,8,20,10,16,,67,7,1,21,5,121.5517317,25.04140115
111,10,22,17,2,2,06松山區,松山區南京東路3段248號,0,0,1,1,H01,6,1,5,50,14,9,1,4,4,5,7,4,4,1,4,5,2,7,2,7,3,10,4,5,8,18,8,20,10,15,,60,60,1,22,9,121.5441603,25.0514294
111,10,22,17,2,2,06松山區,松山區南京東路3段248號,0,0,1,2,C03,6,1,5,50,14,9,1,4,4,5,7,4,4,1,4,5,2,7,1,18,2,9,1,1,7,9,1,10,2,12,,13,60,1,22,9,121.5441603,25.0514294
111,10,22,17,2,2,06松山區,松山區南京東路4段133巷4弄與南京東路4段133巷口,0,0,1,1,C04,6,4,5,30,4,2,1,4,4,5,7,4,4,5,5,5,2,16,2,64,2,9,1,1,7,5,1,10,1,15,,6,6,1,22,9,121.5551148,25.05221683
111,10,22,17,2,2,06松山區,松山區南京東路4段133巷4弄與南京東路4段133巷口,0,0,1,2,B01,6,4,5,30,4,2,1,4,4,5,7,4,4,5,5,5,2,16,1,44,3,10,1,1,7,9,1,4,1,8,,42,6,1,22,9,121.5551148,25.05221683
111,10,22,17,5,2,04大安區,大安區和平東路2段127號,0,0,1,1,B03,6,1,5,50,14,7,1,4,4,5,7,4,4,1,4,4,2,16,1,43,3,10,3,4,7,7,1,8,1,8,,6,6,1,22,9,121.5406745,25.02525587
111,10,22,17,5,2,04大安區,大安區和平東路2段127號,0,0,1,2,C03,6,1,5,50,14,7,1,4,4,5,7,4,4,1,4,4,2,16,1,39,2,9,3,4,7,9,1,9,1,12,,26,6,1,22,9,121.5406745,25.02525587
111,10,22,17,23,2,06松山區,松山區復興北路地下道入口處(南往北方向),0,0,1,1,C03,6,3,5,40,14,9,1,4,4,5,7,4,4,7,2,5,2,13,2,20,2,7,1,4,7,9,1,10,1,11,,23,23,1,22,9,121.5443735,25.06664589
111,10,22,17,23,2,06松山區,松山區復興北路地下道入口處(南往北方向),0,0,1,2,B03,6,3,5,40,14,9,1,4,4,5,7,4,4,7,2,5,2,13,2,32,3,10,3,4,7,14,1,8,1,6,,44,23,1,22,9,121.5443735,25.06664589
111,10,22,17,23,2,09北投區,北投區明德路與文林北路口,0,1,0,1,B12,7,3,5,50,4,1,1,5,4,5,7,1,1,10,1,5,2,3,1,63,3,10,1,1,7,5,1,8,2,1,,43,43,1,22,9,121.5166437,25.1059992
111,10,22,17,23,2,09北投區,北投區明德路與文林北路口,0,1,0,2,H01,7,3,5,50,4,1,1,5,4,5,7,1,1,10,1,5,2,3,2,73,5,9,4,5,8,16,8,20,10,16,,67,43,1,22,9,121.5166437,25.1059992
111,10,22,17,25,2,12內湖區,內湖區康寧路3段與成功路5段450巷23弄口,0,0,1,1,B03,6,3,5,40,3,1,1,4,4,5,7,1,1,1,4,4,2,12,1,42,3,10,1,1,7,6,1,8,1,2,,9,9,1,22,9,121.608172,25.07227316
111,10,22,17,25,2,12內湖區,內湖區康寧路3段與成功路5段450巷23弄口,0,0,1,2,C03,6,3,5,40,3,1,1,4,4,5,7,1,1,1,4,4,2,12,2,22,2,9,1,1,7,9,1,10,1,14,,23,9,1,22,9,121.608172,25.07227316
111,10,22,17,30,2,01大同區,大同區民生西路與太原路口,0,0,1,1,B02,6,3,5,50,3,1,1,4,4,5,7,1,1,5,2,5,2,17,1,60,3,10,1,1,7,5,1,8,1,1,,8,8,1,22,9,121.5169174,25.0571348
111,10,22,17,30,2,01大同區,大同區民生西路與太原路口,0,0,1,2,C03,6,3,5,50,3,1,1,4,4,5,7,1,1,5,2,5,2,17,1,30,2,3,1,1,7,9,1,10,1,15,,44,8,1,22,9,121.5169174,25.0571348
111,10,22,18,10,2,07信義區,信義區忠孝東路5段與松仁路口口,0,0,1,1,B03,6,3,5,50,4,2,1,4,4,5,7,1,1,1,4,5,2,17,1,57,3,10,1,1,7,6,1,8,2,1,,42,42,1,22,9,121.5688405,25.0410283
111,10,22,18,10,2,07信義區,信義區忠孝東路5段與松仁路口口,0,0,1,2,F01,6,3,5,50,4,2,1,4,4,5,7,1,1,1,4,5,2,17,1,32,2,9,1,1,7,9,8,20,9,16,,42,42,1,22,9,121.5688405,25.0410283
111,10,22,18,55,2,05中正區,中正區忠孝東路2段101號,0,0,1,1,C03,6,3,5,50,14,9,1,4,4,5,7,4,4,8,3,4,2,17,1,28,2,9,1,1,7,12,1,10,1,12,,42,42,1,22,9,121.5317172,25.04271476
111,10,22,18,55,2,05中正區,中正區忠孝東路2段101號,0,0,1,2,B01,6,3,5,50,14,9,1,4,4,5,7,4,4,8,3,4,2,17,1,66,3,10,1,1,7,14,1,4,1,7,,44,42,1,22,9,121.5317172,25.04271476
111,10,22,18,58,2,08士林區,士林區中正路與延平北路5段口,0,0,1,1,C03,6,3,5,50,5,2,1,4,4,5,7,1,1,5,4,5,2,17,1,28,2,8,1,1,7,6,1,10,1,12,,9,9,1,22,9,121.5093179,25.08657442
111,10,22,18,58,2,08士林區,士林區中正路與延平北路5段口,0,0,1,2,C03,6,3,5,50,5,2,1,4,4,5,7,1,1,5,4,5,2,17,1,23,3,10,1,1,7,9,1,10,1,14,,23,9,1,22,9,121.5093179,25.08657442
111,10,22,19,35,2,01大同區,大同區民權西路與民權西路225巷口,0,0,1,1,C03,6,3,5,50,4,1,1,4,4,5,7,2,1,5,5,5,2,17,2,45,3,10,1,1,7,5,1,10,2,15,,25,25,1,22,9,121.512132,25.06304835
111,10,22,19,35,2,01大同區,大同區民權西路與民權西路225巷口,0,0,1,2,C03,6,3,5,50,4,1,1,4,4,5,7,2,1,5,5,5,2,17,2,37,2,8,1,1,7,9,1,10,2,12,,44,25,1,22,9,121.512132,25.06304835
111,10,22,19,41,2,06松山區,松山區市民大道5段44號對面,0,0,1,1,C03,6,3,5,40,14,5,1,4,4,5,7,4,4,1,5,1,1,23,2,25,2,9,1,4,7,9,1,10,1,11,,23,23,1,22,9,121.5625755,25.04722814
111,10,22,19,41,2,06松山區,松山區市民大道5段44號對面,0,0,1,2,,6,3,5,40,14,5,1,4,4,5,7,4,4,1,5,1,1,23,3,,,,,,,,,,,,,67,23,1,,,121.5625755,25.04722814
111,10,22,19,59,2,07信義區,信義區松高路20巷與松高路口,0,0,1,1,C03,6,3,5,50,3,1,1,4,4,5,7,4,4,9,4,5,2,16,1,28,2,6,1,1,7,5,1,9,1,11,,8,8,1,22,9,121.5676489,25.03906682
111,10,22,19,59,2,07信義區,信義區松高路20巷與松高路口,0,0,1,2,B03,6,3,5,50,3,1,1,4,4,5,7,4,4,9,4,5,2,16,1,31,3,10,1,1,7,9,1,8,1,8,,44,8,1,22,9,121.5676489,25.03906682
111,10,22,20,0,2,01大同區,大同區南京西路165號,0,0,3,1,C03,6,3,5,50,14,9,1,4,4,5,7,4,4,9,4,5,2,3,2,22,2,7,1,4,7,9,1,10,2,11,,14,14,1,22,9,121.5128796,25.0540711
111,10,22,20,0,2,01大同區,大同區南京西路165號,0,0,3,2,H01,6,3,5,50,14,9,1,4,4,5,7,4,4,9,4,5,2,3,2,34,2,9,4,5,8,16,8,20,10,15,,67,14,1,22,9,121.5128796,25.0540711