發生年度,發生月,發生日,發生時-Hours,發生分,處理別-編號,區序,肇事地點,死亡人數,2-30日死亡人數,受傷人數,當事人序號,車種,天候,光線,道路類別,速限-速度限制,道路型態,事故位置,路面狀況1,路面狀況2,路面狀況3,道路障礙1,道路障礙2,號誌1,號誌2,車道劃分-分向,車道劃分-分道1,車道劃分-分道2,車道劃分-分道3,事故類型及型態,性別,年齡,受傷程度,主要傷處,安全帽,行動電話,車輛用途,當事者行動狀態,駕駛資格情形,駕駛執照種類,飲酒情形,車輛撞擊部位1,車輛撞擊部位2,肇因碼-個別,肇因碼-主要,個人肇逃否,職業,旅次目的,座標-X,座標-Y
111,10,22,20,0,2,01大同區,大同區南京西路165號,0,0,3,3,H02,6,3,5,50,14,9,1,4,4,5,7,4,4,9,4,5,2,3,2,21,2,9,4,5,7,21,8,20,10,15,,67,14,1,22,9,121.5128796,25.0540711
111,10,22,20,2,2,03中山區,中山區南京西路與南京西路23巷口,0,0,2,1,B03,6,3,5,50,4,1,1,4,4,5,7,2,1,1,4,5,2,16,1,27,3,10,3,4,7,6,1,8,1,2,,9,9,1,22,9,121.5205442,25.0526759
111,10,22,20,2,2,03中山區,中山區南京西路與南京西路23巷口,0,0,2,2,C03,6,3,5,50,4,1,1,4,4,5,7,2,1,1,4,5,2,16,2,49,2,1,1,1,7,9,1,10,1,14,,44,9,1,22,9,121.5205442,25.0526759
111,10,22,20,2,2,03中山區,中山區南京西路與南京西路23巷口,0,0,2,3,H01,6,3,5,50,4,1,1,4,4,5,7,2,1,1,4,5,2,16,2,29,2,9,4,5,8,16,8,20,10,16,,67,9,1,22,9,121.5205442,25.0526759
111,10,22,20,11,2,04大安區,大安區辛亥路3段往東(二殯前),0,0,1,1,B01,6,3,5,50,14,9,1,4,4,5,7,4,4,8,3,5,2,12,1,54,3,10,1,1,7,8,1,8,1,2,,7,7,1,22,9,121.5530179,25.0139791
111,10,22,20,11,2,04大安區,大安區辛亥路3段往東(二殯前),0,0,1,2,C03,6,3,5,50,14,9,1,4,4,5,7,4,4,8,3,5,2,12,1,41,2,9,1,1,7,9,1,10,1,14,,44,7,1,22,9,121.5530179,25.0139791
111,10,22,20,40,2,09北投區,北投區承德路7段303號,0,0,1,1,B03,6,3,5,40,14,7,1,4,4,5,7,4,4,1,4,4,1,17,1,45,3,10,1,1,7,1,1,8,1,3,,19,19,1,22,9,121.5043844,25.11677392
111,10,22,20,40,2,09北投區,北投區承德路7段303號,0,0,1,2,C03,6,3,5,40,14,7,1,4,4,5,7,4,4,1,4,4,1,17,1,33,2,9,1,1,7,9,1,10,1,11,,23,19,1,22,9,121.5043844,25.11677392
111,10,22,20,40,2,09北投區,北投區承德路7段303號,0,0,1,3,B01,6,3,5,40,14,7,1,4,4,5,7,4,4,1,4,4,1,17,1,64,3,10,1,1,7,9,1,1,1,1,,23,19,1,22,9,121.5043844,25.11677392
111,10,22,21,0,2,09北投區,北投區文林北路與自強街口,0,0,1,1,B03,6,3,5,50,4,1,1,4,4,5,7,2,1,1,4,5,1,3,2,62,3,10,1,1,7,5,1,8,1,4,,15,15,1,22,9,121.5120994,25.1098149
111,10,22,21,0,2,09北投區,北投區文林北路與自強街口,0,0,1,2,H01,6,3,5,50,4,1,1,4,4,5,7,2,1,1,4,5,1,3,1,36,2,8,4,5,8,16,8,20,1,16,,67,15,1,22,9,121.5120994,25.1098149
111,10,22,21,19,2,01大同區,大同區承德路3段與酒泉街口口,0,0,1,1,C03,6,3,5,50,4,1,1,4,4,5,7,2,1,1,4,5,2,16,1,19,2,9,1,1,7,8,1,10,2,12,,7,7,1,22,9,121.5185506,25.07059515
111,10,22,21,19,2,01大同區,大同區承德路3段與酒泉街口口,0,0,1,2,A04,6,3,5,50,4,1,1,4,4,5,7,2,1,1,4,5,2,16,1,43,3,10,1,1,7,6,1,2,2,4,,44,7,1,22,9,121.5185506,25.07059515
111,10,22,22,13,2,07信義區,信義區松勤街92號,0,0,2,1,C03,6,3,5,50,14,18,1,4,4,5,7,4,4,5,5,5,1,3,1,65,2,7,1,1,7,9,1,10,2,11,,23,23,1,22,9,121.5667568,25.03196512
111,10,22,22,13,2,07信義區,信義區松勤街92號,0,0,2,2,H01,6,3,5,50,14,18,1,4,4,5,7,4,4,5,5,5,1,3,1,19,2,9,4,5,8,16,8,20,10,16,,67,23,1,22,9,121.5667568,25.03196512
111,10,22,22,28,2,06松山區,松山區市民大道4段185-1號,0,0,1,1,B03,6,3,5,30,14,9,1,4,4,5,7,4,4,1,4,5,2,17,2,26,3,10,1,1,7,6,1,8,1,15,,6,6,1,22,9,121.5524592,25.04459247
111,10,22,22,28,2,06松山區,松山區市民大道4段185-1號,0,0,1,2,C03,6,3,5,30,14,9,1,4,4,5,7,4,4,1,4,5,2,17,1,26,2,9,1,1,7,9,1,10,1,14,,44,6,1,22,9,121.5524592,25.04459247
111,10,22,22,40,2,04大安區,大安區建國南路2段與建國南路2段口迴轉道,0,0,3,1,B03,6,3,5,50,3,2,1,4,4,5,7,3,1,1,3,4,1,16,1,27,2,3,1,1,7,5,1,4,1,1,,6,6,1,22,9,121.5380004,25.03230434
111,10,22,22,40,2,04大安區,大安區建國南路2段與建國南路2段口迴轉道,0,0,3,2,B03,6,3,5,50,3,2,1,4,4,5,7,3,1,1,3,4,1,16,1,49,2,3,1,1,7,9,1,4,1,1,,44,6,1,22,9,121.5380004,25.03230434
111,10,22,22,40,2,04大安區,大安區建國南路2段與建國南路2段口迴轉道,0,0,3,3,H02,6,3,5,50,3,2,1,4,4,5,7,3,1,1,3,4,1,16,2,15,2,7,1,1,7,21,8,20,1,15,,67,6,1,22,9,121.5380004,25.03230434
111,10,23,0,35,1,04大安區,大安區和平東路3段與敦化南路2段口,1,0,2,1,B03,7,3,5,50,4,1,1,5,4,5,7,2,1,4,4,1,2,16,1,20,2,9,1,1,7,5,1,8,2,1,,6,6,1,22,9,121.5484997,25.02466104
111,10,23,0,35,1,04大安區,大安區和平東路3段與敦化南路2段口,1,0,2,2,B03,7,3,5,50,4,1,1,5,4,5,7,2,1,4,4,1,2,16,1,50,2,9,1,1,7,9,1,8,2,4,,13,6,1,22,9,121.5484997,25.02466104
111,10,23,0,35,1,04大安區,大安區和平東路3段與敦化南路2段口,1,0,2,3,C03,7,3,5,50,4,1,1,5,4,5,7,2,1,4,4,1,2,16,1,21,1,9,1,1,7,14,1,10,2,14,,44,6,1,22,9,121.5484997,25.02466104
111,10,23,0,35,1,04大安區,大安區和平東路3段與敦化南路2段口,1,0,2,4,,7,3,5,50,4,1,1,5,4,5,7,2,1,4,4,1,2,16,3,,,,,,,,,,,,,67,6,1,,,121.5484997,25.02466104
111,10,23,2,0,2,09北投區,北投區文林北路與文承路口,0,0,1,1,C03,7,3,5,50,4,1,1,5,4,5,7,2,1,1,4,4,1,29,2,22,2,9,1,1,7,9,1,10,1,14,,23,23,1,22,9,121.5130989,25.106976
111,10,23,2,0,2,09北投區,北投區文林北路與文承路口,0,0,1,2,H03,7,3,5,50,4,1,1,5,4,5,7,2,1,1,4,4,1,29,3,,,,,,,,,,,,,67,23,1,,,121.5130989,25.106976
111,10,23,3,50,2,09北投區,北投區榮華三路與磺溪便道口天母橋頭,0,0,1,1,C03,7,3,5,30,4,1,1,5,4,5,7,4,4,10,5,5,1,16,1,41,2,9,1,1,7,9,1,10,1,11,,43,43,1,22,9,121.5251983,25.11373168
111,10,23,3,50,2,09北投區,北投區榮華三路與磺溪便道口天母橋頭,0,0,1,2,B01,7,3,5,30,4,1,1,5,4,5,7,4,4,10,5,5,1,16,1,41,3,10,1,1,7,9,1,4,1,4,,43,43,1,22,9,121.5251983,25.11373168
111,10,23,6,37,2,03中山區,中山區錦州街46號,0,0,1,1,B01,8,2,5,50,14,9,1,5,4,5,7,4,4,5,4,5,2,16,1,55,3,10,3,4,7,10,1,4,1,1,,7,7,1,10,9,121.5257758,25.0603397
111,10,23,6,37,2,03中山區,中山區錦州街46號,0,0,1,2,C02,8,2,5,50,14,9,1,5,4,5,7,4,4,5,4,5,2,16,1,39,2,9,3,4,7,12,4,10,1,13,,27,7,1,22,9,121.5257758,25.0603397
111,10,23,10,20,2,07信義區,信義區忠孝東路4段559巷16弄與基隆路1段口,0,0,1,1,B03,6,1,5,30,3,1,1,4,4,5,7,4,4,10,5,5,2,17,1,31,3,10,1,1,7,6,1,8,1,8,,6,6,1,22,9,121.5647145,25.04187709
111,10,23,10,20,2,07信義區,信義區忠孝東路4段559巷16弄與基隆路1段口,0,0,1,2,C03,6,1,5,30,3,1,1,4,4,5,7,4,4,10,5,5,2,17,1,40,2,9,1,1,7,9,1,10,1,12,,42,6,1,22,9,121.5647145,25.04187709
111,10,23,10,22,2,04大安區,大安區四維路52巷與大安路1段口,0,0,1,1,B03,6,1,5,30,4,1,1,4,4,5,7,4,4,9,4,4,1,16,2,48,3,10,3,4,7,5,1,8,1,4,,6,6,1,22,9,121.5460248,25.0351091
111,10,23,10,22,2,04大安區,大安區四維路52巷與大安路1段口,0,0,1,2,C03,6,1,5,30,4,1,1,4,4,5,7,4,4,9,4,4,1,16,1,32,2,7,1,1,7,9,1,10,1,14,,14,6,1,22,9,121.5460248,25.0351091
111,10,23,10,50,2,10文山區,文山區木柵路2段3號,0,0,1,1,C03,6,1,5,50,14,9,1,4,4,5,7,1,1,4,4,5,2,17,2,63,3,10,1,1,7,8,1,10,1,15,,7,7,1,22,9,121.5588484,24.9888381
111,10,23,10,50,2,10文山區,文山區木柵路2段3號,0,0,1,2,C03,6,1,5,50,14,9,1,4,4,5,7,1,1,4,4,5,2,17,1,28,2,9,1,1,7,9,1,10,1,11,,23,7,1,22,9,121.5588484,24.9888381
111,10,23,10,50,2,10文山區,文山區木柵路2段3號,0,0,1,3,,6,1,5,50,14,9,1,4,4,5,7,1,1,4,4,5,2,17,3,,,,,,,,,,,,,67,7,1,,,121.5588484,24.9888381
111,10,23,11,7,2,09北投區,北投區文林北路80巷與文林北路80巷59弄口,0,0,1,1,F01,8,1,5,30,4,1,1,5,4,5,7,4,4,10,5,5,2,15,2,67,2,9,1,1,7,9,8,20,9,16,,6,6,1,22,9,121.5194306,25.1062859
111,10,23,11,7,2,09北投區,北投區文林北路80巷與文林北路80巷59弄口,0,0,1,2,B03,8,1,5,30,4,1,1,5,4,5,7,4,4,10,5,5,2,15,1,56,3,10,1,1,7,9,1,8,9,8,,14,6,1,22,9,121.5194306,25.1062859
111,10,23,11,12,2,04大安區,大安區羅斯福路3段269巷與羅斯福路3段283巷21弄口,0,0,1,1,B03,6,1,5,30,4,1,1,4,4,5,7,4,4,10,5,5,2,17,1,29,3,10,1,1,7,6,1,8,1,8,,23,6,1,22,9,121.5309431,25.0202035
111,10,23,11,12,2,04大安區,大安區羅斯福路3段269巷與羅斯福路3段283巷21弄口,0,0,1,2,C03,6,1,5,30,4,1,1,4,4,5,7,4,4,10,5,5,2,17,2,27,2,8,1,1,7,9,1,10,1,14,,23,6,1,22,9,121.5309431,25.0202035
111,10,23,11,27,2,03中山區,中山區市民大道2段與林森北路口,0,0,1,1,C04,7,1,5,40,4,1,1,4,4,5,7,1,1,1,3,5,1,16,2,19,2,9,1,1,7,5,1,11,1,14,,8,8,1,22,9,121.5241833,25.0478752
111,10,23,11,27,2,03中山區,中山區市民大道2段與林森北路口,0,0,1,2,C03,7,1,5,40,4,1,1,4,4,5,7,1,1,1,3,5,1,16,1,25,3,10,1,1,7,9,1,10,1,12,,44,8,1,22,9,121.5241833,25.0478752
111,10,23,11,55,2,12內湖區,內湖區大湖山莊街219巷88號,0,0,1,1,B03,7,1,5,30,14,9,1,4,4,5,7,4,4,10,5,5,2,11,1,60,3,10,1,1,7,9,1,8,9,4,,17,17,1,22,9,121.6003497,25.0901013
111,10,23,11,55,2,12內湖區,內湖區大湖山莊街219巷88號,0,0,1,2,C01,7,1,5,30,14,9,1,4,4,5,7,4,4,10,5,5,2,11,1,56,2,7,1,1,7,9,1,9,1,14,,44,17,1,22,9,121.6003497,25.0901013
111,10,23,11,55,2,12內湖區,內湖區大湖山莊街219巷88號,0,0,1,3,B03,7,1,5,30,14,9,1,4,4,5,7,4,4,10,5,5,2,11,2,57,3,10,1,1,7,13,1,8,1,4,,44,17,1,22,9,121.6003497,25.0901013
111,10,23,12,5,2,03中山區,中山區民權東路3段與建國北路3段口,0,0,1,1,C03,7,1,5,50,4,1,1,4,4,5,7,1,1,1,3,5,1,17,1,24,2,9,1,1,7,9,1,10,1,14,,44,44,1,22,9,121.5373013,25.0625149
111,10,23,12,5,2,03中山區,中山區民權東路3段與建國北路3段口,0,0,1,2,B12,7,1,5,50,4,1,1,4,4,5,7,1,1,1,3,5,1,17,1,58,3,10,1,1,7,6,1,8,1,15,,9,44,1,22,9,121.5373013,25.0625149
111,10,23,12,5,2,07信義區,信義區基隆路2段131-24號,0,0,2,1,C03,8,1,5,50,14,9,1,5,4,5,7,1,1,1,4,5,2,13,1,31,2,9,1,1,7,9,1,10,1,11,,16,16,1,22,9,121.5559941,25.0273411
111,10,23,12,5,2,07信義區,信義區基隆路2段131-24號,0,0,2,2,C03,8,1,5,50,14,9,1,5,4,5,7,1,1,1,4,5,2,13,1,71,2,9,1,1,7,9,1,10,1,13,,44,16,1,22,9,121.5559941,25.0273411
111,10,23,12,9,2,04大安區,大安區新生南路3段與新生南路3段22巷口,0,0,3,1,C03,6,1,5,50,3,2,1,4,4,5,7,4,4,1,5,5,2,13,1,46,2,9,1,1,7,9,1,10,1,11,,16,16,1,22,9,121.534577,25.0242575
111,10,23,12,9,2,04大安區,大安區新生南路3段與新生南路3段22巷口,0,0,3,2,C03,6,1,5,50,3,2,1,4,4,5,7,4,4,1,5,5,2,13,1,29,2,9,1,1,7,9,1,10,1,13,,44,16,1,22,9,121.534577,25.0242575
111,10,23,12,9,2,04大安區,大安區新生南路3段與新生南路3段22巷口,0,0,3,3,H02,6,1,5,50,3,2,1,4,4,5,7,4,4,1,5,5,2,13,2,36,2,9,1,5,7,20,8,20,10,16,,67,16,1,22,9,121.534577,25.0242575
111,10,23,12,10,2,06松山區,松山區麥帥一橋西往東302燈桿,0,0,2,1,C03,6,2,5,40,8,11,1,4,4,5,7,4,4,1,4,5,2,12,1,52,2,9,1,1,7,8,1,9,1,12,,7,7,1,22,9,121.5676514,25.05125146
111,10,23,12,10,2,06松山區,松山區麥帥一橋西往東302燈桿,0,0,2,2,C03,6,2,5,40,8,11,1,4,4,5,7,4,4,1,4,5,2,12,1,32,2,7,1,1,7,9,1,10,1,14,,13,7,1,22,9,121.5676514,25.05125146
111,10,23,12,25,2,04大安區,大安區光復南路420巷與光復南路420巷1弄口,0,0,1,1,C03,6,1,5,30,4,1,1,4,4,5,7,4,4,10,5,5,2,15,2,49,2,9,1,1,7,9,1,10,1,12,,6,6,1,22,9,121.5568941,25.0364476
111,10,23,12,25,2,04大安區,大安區光復南路420巷與光復南路420巷1弄口,0,0,1,2,B03,6,1,5,30,4,1,1,4,4,5,7,4,4,10,5,5,2,15,1,39,3,10,1,1,7,9,1,8,1,1,,6,6,1,22,9,121.5568941,25.0364476
111,10,23,12,36,2,07信義區,信義區忠孝東路5段790巷與忠孝東路5段790巷23弄口,0,0,1,1,B03,6,1,5,30,4,1,1,4,4,5,7,4,4,10,5,5,1,15,1,59,3,10,3,4,7,9,1,8,1,4,,6,6,1,22,9,121.5824321,25.04265897
111,10,23,12,36,2,07信義區,信義區忠孝東路5段790巷與忠孝東路5段790巷23弄口,0,0,1,2,C03,6,1,5,30,4,1,1,4,4,5,7,4,4,10,5,5,1,15,1,48,2,8,3,4,7,9,1,10,1,11,,44,6,1,22,9,121.5824321,25.04265897
111,10,23,12,38,2,09北投區,北投區承德路7段與立賢路口口,0,0,1,1,B03,6,1,5,50,4,2,1,4,4,5,7,2,1,1,4,5,2,17,2,44,3,10,1,1,7,1,1,8,1,2,,19,19,1,22,9,121.5047951,25.1163483
111,10,23,12,38,2,09北投區,北投區承德路7段與立賢路口口,0,0,1,2,C03,6,1,5,50,4,2,1,4,4,5,7,2,1,1,4,5,2,17,2,34,2,8,1,1,7,14,1,10,1,15,,44,19,1,22,9,121.5047951,25.1163483
111,10,23,12,39,2,04大安區,大安區新生南路3段與和平東路1段口,0,0,2,1,C03,7,1,5,50,4,2,1,5,4,5,7,4,4,8,3,5,2,12,1,59,2,9,1,1,7,7,1,10,1,14,,7,7,1,22,9,121.53503,25.026115
111,10,23,12,39,2,04大安區,大安區新生南路3段與和平東路1段口,0,0,2,2,C03,7,1,5,50,4,2,1,5,4,5,7,4,4,8,3,5,2,12,1,35,2,8,1,1,7,9,1,10,1,12,,23,7,1,22,9,121.53503,25.026115
111,10,23,12,49,2,08士林區,士林區福林路與中正路口,0,0,1,1,C03,6,1,5,50,5,2,1,4,4,5,7,1,1,5,4,5,2,12,2,39,2,9,1,4,7,11,1,10,2,14,,10,10,1,22,9,121.5321872,25.09650506
111,10,23,12,49,2,08士林區,士林區福林路與中正路口,0,0,1,2,C03,6,1,5,50,5,2,1,4,4,5,7,1,1,5,4,5,2,12,1,20,3,10,3,4,7,9,1,9,2,11,,42,10,1,22,9,121.5321872,25.09650506
111,10,23,13,17,2,08士林區,士林區忠誠路1段與德行東路口,0,0,1,1,B02,6,1,5,50,4,2,1,4,4,5,7,1,1,5,4,5,2,3,1,60,3,10,3,4,7,5,1,8,2,8,,15,15,1,22,9,121.5301841,25.10825057
111,10,23,13,17,2,08士林區,士林區忠誠路1段與德行東路口,0,0,1,2,H01,6,1,5,50,4,2,1,4,4,5,7,1,1,5,4,5,2,3,1,30,2,9,4,5,8,18,8,20,10,16,,67,15,1,22,9,121.5301841,25.10825057
111,10,23,13,18,2,03中山區,中山區南京東路2段與伊通街口,0,0,1,1,B03,7,1,5,50,4,1,1,5,4,5,7,1,1,1,4,4,2,16,1,36,3,10,3,4,7,6,1,8,1,2,,9,9,1,22,9,121.5347954,25.0519303
111,10,23,13,18,2,03中山區,中山區南京東路2段與伊通街口,0,0,1,2,C03,7,1,5,50,4,1,1,5,4,5,7,1,1,1,4,4,2,16,1,57,2,9,3,4,7,9,1,10,1,14,,44,9,1,22,9,121.5347954,25.0519303
111,10,23,13,42,2,05中正區,中正區重慶南路1段136巷與重慶南路1段口,0,0,1,1,B03,6,1,5,50,14,9,1,4,4,5,7,4,4,10,4,5,2,16,1,46,3,10,1,1,7,5,1,8,2,6,,8,8,1,22,9,121.5125866,25.03623966
111,10,23,13,42,2,05中正區,中正區重慶南路1段136巷與重慶南路1段口,0,0,1,2,C03,6,1,5,50,14,9,1,4,4,5,7,4,4,10,4,5,2,16,1,32,2,9,1,1,7,9,1,10,2,11,,44,8,1,22,9,121.5125866,25.03623966
111,10,23,13,47,2,04大安區,大安區羅斯福路2段與羅斯福路2段117巷口,0,0,1,1,C03,6,1,5,50,3,2,1,4,4,5,7,1,1,1,4,5,2,17,1,19,2,9,3,4,7,9,1,10,1,15,,13,13,1,22,9,121.5246646,25.0242859
111,10,23,13,47,2,04大安區,大安區羅斯福路2段與羅斯福路2段117巷口,0,0,1,2,B01,6,1,5,50,3,2,1,4,4,5,7,1,1,1,4,5,2,17,1,65,3,10,3,4,7,8,1,4,1,15,,7,13,1,22,9,121.5246646,25.0242859
111,10,23,13,50,2,03中山區,中山區天祥路48巷25號,0,0,1,1,C03,6,1,5,30,14,9,1,4,4,5,7,4,4,10,5,5,2,9,2,28,2,9,1,4,7,9,1,10,1,11,,23,23,1,22,9,121.5202211,25.0618756
111,10,23,13,50,2,03中山區,中山區天祥路48巷25號,0,0,1,2,H01,6,1,5,30,14,9,1,4,4,5,7,4,4,10,5,5,2,9,1,57,3,10,4,5,8,16,8,20,10,16,,60,23,1,22,9,121.5202211,25.0618756
111,10,23,14,26,2,05中正區,中正區和平西路1段與廈門街口,0,0,1,1,B01,6,1,5,50,4,1,1,4,4,5,7,1,1,5,4,5,2,17,1,41,3,10,1,1,7,6,1,4,2,2,,9,9,1,22,9,121.5180255,25.02682907
111,10,23,14,26,2,05中正區,中正區和平西路1段與廈門街口,0,0,1,2,C03,6,1,5,50,4,1,1,4,4,5,7,1,1,5,4,5,2,17,2,37,2,9,1,1,7,9,1,10,2,12,,44,9,1,22,9,121.5180255,25.02682907
111,10,23,15,9,2,04大安區,大安區杭州南路2段61巷與潮州街55巷口,0,0,1,1,B03,8,1,5,30,4,1,1,5,4,5,7,4,4,10,5,5,2,15,2,37,3,10,3,4,7,9,1,8,1,5,,6,6,1,22,9,121.5241833,25.0300052
111,10,23,15,9,2,04大安區,大安區杭州南路2段61巷與潮州街55巷口,0,0,1,2,C03,8,1,5,30,4,1,1,5,4,5,7,4,4,10,5,5,2,15,1,32,2,9,3,4,7,9,1,10,1,14,,5,6,1,22,9,121.5241833,25.0300052
111,10,23,15,18,2,03中山區,中山區民權西路40-1號,0,0,1,1,B01,6,1,5,50,14,9,1,4,4,5,7,4,4,1,3,5,1,17,1,63,3,10,1,1,7,8,1,4,1,15,,7,7,1,22,9,121.5212476,25.0627207
111,10,23,15,18,2,03中山區,中山區民權西路40-1號,0,0,1,2,C03,6,1,5,50,14,9,1,4,4,5,7,4,4,1,3,5,1,17,1,21,2,9,1,1,7,9,1,10,1,12,,44,7,1,22,9,121.5212476,25.0627207
111,10,23,16,52,2,09北投區,北投區大度路3段與知行路口,0,0,1,1,B03,6,1,5,50,4,1,1,4,4,5,7,1,1,1,4,5,2,17,1,43,3,10,1,1,7,5,1,8,1,8,,42,42,1,22,9,121.4669723,25.1233605
111,10,23,16,52,2,09北投區,北投區大度路3段與知行路口,0,0,1,2,C03,6,1,5,50,4,1,1,4,4,5,7,1,1,1,4,5,2,17,1,61,2,9,1,1,7,14,1,10,1,11,,44,42,1,22,9,121.4669723,25.1233605
111,10,23,17,25,2,12內湖區,內湖區成功路5段與成功路5段45巷口,0,0,1,1,B01,7,3,5,50,3,2,1,4,4,5,7,4,4,1,4,4,1,12,1,67,3,10,3,4,7,8,1,4,1,2,,7,7,1,22,9,121.6066458,25.07455814
111,10,23,17,25,2,12內湖區,內湖區成功路5段與成功路5段45巷口,0,0,1,2,C03,7,3,5,50,3,2,1,4,4,5,7,4,4,1,4,4,1,12,1,24,2,9,3,4,7,9,1,10,1,14,,13,7,1,22,9,121.6066458,25.07455814
111,10,23,17,40,2,02萬華區,萬華區艋舺大道與西藏路口口,0,0,1,2,C03,6,2,5,50,4,1,1,4,4,5,7,3,1,8,3,5,1,16,2,41,2,8,3,4,7,9,1,10,2,11,,44,43,1,22,9,121.4914776,25.0290007
111,10,23,17,40,2,02萬華區,萬華區艋舺大道與西藏路口口,0,0,1,1,B03,6,2,5,50,4,1,1,4,4,5,7,3,1,8,3,5,1,16,4,,4,11,3,4,7,15,7,19,11,15,,25,43,2,22,9,121.4914776,25.0290007
111,10,23,17,54,2,04大安區,大安區金山南路2段與金華街口,0,0,2,1,B01,8,3,5,50,14,9,1,5,4,5,7,2,1,1,4,5,2,13,1,63,3,10,3,4,7,8,1,4,1,3,,7,7,1,22,9,121.5267318,25.03045741
111,10,23,17,54,2,04大安區,大安區金山南路2段與金華街口,0,0,2,2,C03,8,3,5,50,14,9,1,5,4,5,7,2,1,1,4,5,2,13,1,30,2,8,3,4,7,9,1,10,1,11,,44,7,1,22,9,121.5267318,25.03045741
111,10,23,17,54,2,04大安區,大安區金山南路2段與金華街口,0,0,2,3,H02,8,3,5,50,14,9,1,5,4,5,7,2,1,1,4,5,2,13,2,29,2,9,3,4,7,21,8,20,10,16,,67,7,1,22,9,121.5267318,25.03045741
111,10,23,18,0,2,04大安區,大安區信義路3段147巷10號,0,0,1,1,B12,7,3,5,50,14,9,1,4,4,5,7,4,4,9,5,5,2,17,1,65,3,10,3,4,7,1,1,8,9,2,,19,19,1,22,9,121.542012,25.03681742
111,10,23,18,0,2,04大安區,大安區信義路3段147巷10號,0,0,1,2,F01,7,3,5,50,14,9,1,4,4,5,7,4,4,9,5,5,2,17,1,29,2,9,1,1,7,5,8,20,9,16,,44,19,1,22,9,121.542012,25.03681742
111,10,23,18,5,2,11南港區,南港區南港路2段155號,0,0,1,1,C03,8,3,5,50,11,9,1,5,4,5,7,4,4,1,4,5,1,16,2,64,2,9,1,4,7,5,1,10,2,14,,6,6,1,22,9,121.5953261,25.0544075
111,10,23,18,5,2,11南港區,南港區南港路2段155號,0,0,1,2,B01,8,3,5,50,11,9,1,5,4,5,7,4,4,1,4,5,1,16,1,49,3,10,3,4,7,9,1,4,2,5,,23,6,1,22,9,121.5953261,25.0544075
111,10,23,18,5,2,07信義區,信義區忠孝東路5段790巷59弄與忠孝東路5段790巷59弄口,0,0,1,1,C03,7,3,6,30,3,2,1,5,4,5,7,4,4,10,5,5,2,15,1,43,4,11,3,4,7,15,7,19,11,15,,14,14,2,22,9,121.5842402,25.0405949
111,10,23,18,5,2,07信義區,信義區忠孝東路5段790巷59弄與忠孝東路5段790巷59弄口,0,0,1,2,F01,7,3,6,30,3,2,1,5,4,5,7,4,4,10,5,5,2,15,2,68,2,8,1,1,7,9,8,20,9,16,,6,14,1,22,9,121.5842402,25.0405949
111,10,23,18,10,2,12內湖區,內湖區康寧路1段64巷與康寧路1段口,0,0,2,1,C03,8,3,5,30,4,2,1,5,4,5,7,4,4,9,5,5,2,3,1,20,2,9,1,1,7,9,1,10,1,11,,23,23,1,22,9,121.5921873,25.08013165
111,10,23,18,10,2,12內湖區,內湖區康寧路1段64巷與康寧路1段口,0,0,2,2,H01,8,3,5,30,4,2,1,5,4,5,7,4,4,9,5,5,2,3,2,38,2,9,4,5,8,16,8,20,1,16,,51,23,1,22,9,121.5921873,25.08013165
111,10,23,18,31,2,03中山區,中山區中山北路1段與長安西路口,0,0,1,1,B03,6,3,5,50,4,1,1,4,4,5,7,2,1,4,3,5,2,12,1,39,3,10,3,4,7,6,1,8,2,5,,9,9,1,22,9,121.5214946,25.0498304
111,10,23,18,31,2,03中山區,中山區中山北路1段與長安西路口,0,0,1,2,C03,6,3,5,50,4,1,1,4,4,5,7,2,1,4,3,5,2,12,2,65,2,9,3,4,7,9,1,10,2,14,,44,9,1,22,9,121.5214946,25.0498304
111,10,23,18,33,2,06松山區,松山區光復北路與南京東路5段口,0,0,1,1,C03,7,3,5,50,5,1,1,4,4,5,7,1,1,1,3,5,2,18,1,56,2,9,1,1,7,5,1,10,1,14,,42,42,1,22,9,121.557827,25.05148064
111,10,23,18,33,2,06松山區,松山區光復北路與南京東路5段口,0,0,1,2,,7,3,5,50,5,1,1,4,4,5,7,1,1,1,3,5,2,18,3,,,,,,,,,,,,,67,42,1,,,121.557827,25.05148064
111,10,23,19,36,2,03中山區,中山區林森北路與錦州街口,0,0,1,1,B03,6,3,5,50,4,1,1,4,4,5,7,1,1,5,5,5,2,17,1,34,3,10,1,1,7,5,1,8,1,1,,6,6,1,22,9,121.5255993,25.0603201
111,10,23,19,36,2,03中山區,中山區林森北路與錦州街口,0,0,1,2,C03,6,3,5,50,4,1,1,4,4,5,7,1,1,5,5,5,2,17,2,22,2,8,1,1,7,12,1,10,1,12,,44,6,1,22,9,121.5255993,25.0603201
111,10,23,19,53,2,07信義區,信義區忠孝東路5段353號前,0,0,1,1,C03,6,3,5,50,14,9,1,4,4,5,7,1,1,3,4,5,2,13,1,32,2,8,3,4,7,9,1,10,1,11,,26,26,1,22,9,121.5741345,25.0409326
111,10,23,19,53,2,07信義區,信義區忠孝東路5段353號前,0,0,1,2,B01,6,3,5,50,14,9,1,4,4,5,7,1,1,3,4,5,2,13,1,44,3,10,3,4,7,5,1,4,1,6,,8,26,1,22,9,121.5741345,25.0409326
111,10,23,20,36,2,05中正區,中正區中山南路8號,0,0,1,1,B02,7,3,5,50,14,9,1,4,4,5,7,4,4,8,4,1,1,12,2,37,3,10,1,1,7,6,1,8,2,2,,9,9,1,22,9,121.5190315,25.0443349