發生年度,發生月,發生日,發生時-Hours,發生分,處理別-編號,區序,肇事地點,死亡人數,2-30日死亡人數,受傷人數,當事人序號,車種,天候,光線,道路類別,速限-速度限制,道路型態,事故位置,路面狀況1,路面狀況2,路面狀況3,道路障礙1,道路障礙2,號誌1,號誌2,車道劃分-分向,車道劃分-分道1,車道劃分-分道2,車道劃分-分道3,事故類型及型態,性別,年齡,受傷程度,主要傷處,安全帽,行動電話,車輛用途,當事者行動狀態,駕駛資格情形,駕駛執照種類,飲酒情形,車輛撞擊部位1,車輛撞擊部位2,肇因碼-個別,肇因碼-主要,個人肇逃否,職業,旅次目的,座標-X,座標-Y
111,10,23,20,36,2,05中正區,中正區中山南路8號,0,0,1,2,C03,7,3,5,50,14,9,1,4,4,5,7,4,4,8,4,1,1,12,1,58,2,7,1,1,7,9,1,10,2,14,,23,9,1,22,9,121.5190315,25.0443349
111,10,23,20,55,2,03中山區,中山區長春路206-1號,0,0,1,1,C03,7,3,5,40,14,9,1,4,4,5,7,4,4,5,4,4,2,17,1,34,2,9,3,4,7,9,1,10,9,12,,13,13,1,22,9,121.5362636,25.0547235
111,10,23,20,55,2,03中山區,中山區長春路206-1號,0,0,1,2,B12,7,3,5,40,14,9,1,4,4,5,7,4,4,5,4,4,2,17,1,51,3,10,3,4,7,8,1,8,11,15,,7,13,1,22,9,121.5362636,25.0547235
111,10,23,21,0,2,03中山區,中山區吉林路239號,0,0,1,1,B12,7,3,5,50,14,13,1,5,4,5,7,2,1,5,4,5,2,14,1,33,3,10,3,4,7,2,1,8,1,7,,12,12,1,22,9,121.5303412,25.0611532
111,10,23,21,0,2,03中山區,中山區吉林路239號,0,0,1,2,C03,7,3,5,50,14,13,1,5,4,5,7,2,1,5,4,5,2,14,2,31,2,8,3,4,7,6,1,10,1,11,,44,12,1,22,9,121.5303412,25.0611532
111,10,23,21,2,2,09北投區,北投區承德路6段與福國路口,0,0,1,1,B03,6,3,5,60,4,1,1,4,4,5,7,2,1,1,4,4,2,16,1,55,3,10,1,1,7,6,1,8,2,2,,9,9,1,22,9,121.5125053,25.10165607
111,10,23,21,2,2,09北投區,北投區承德路6段與福國路口,0,0,1,2,C03,6,3,5,60,4,1,1,4,4,5,7,2,1,1,4,4,2,16,1,18,2,9,1,1,7,9,1,10,2,11,,23,9,1,22,9,121.5125053,25.10165607
111,10,23,21,10,2,02萬華區,萬華區西園路1段與艋舺大道口,0,0,1,1,B01,8,3,5,50,4,1,1,5,4,5,7,2,1,3,4,5,2,16,1,52,3,10,1,4,7,6,1,4,1,5,,9,9,1,22,9,121.4982081,25.03335093
111,10,23,21,10,2,02萬華區,萬華區西園路1段與艋舺大道口,0,0,1,2,F01,8,3,5,50,4,1,1,5,4,5,7,2,1,3,4,5,2,16,2,56,2,9,1,1,7,11,8,20,1,16,,11,9,1,22,9,121.4982081,25.03335093
111,10,23,21,14,2,10文山區,文山區景福街47號,0,0,1,1,B12,8,3,5,40,14,7,1,5,4,5,7,2,1,10,5,4,2,13,2,64,3,10,1,1,7,9,1,8,1,1,,23,23,1,22,9,121.5370113,24.99808253
111,10,23,21,14,2,10文山區,文山區景福街47號,0,0,1,2,B01,8,3,5,40,14,7,1,5,4,5,7,2,1,10,5,4,2,13,1,57,3,10,1,1,7,14,1,4,1,3,,44,23,1,22,9,121.5370113,24.99808253
111,10,23,21,14,2,10文山區,文山區景福街47號,0,0,1,3,H02,8,3,5,40,14,7,1,5,4,5,7,2,1,10,5,4,2,13,2,49,2,1,1,1,7,17,8,20,10,16,,67,23,1,22,9,121.5370113,24.99808253
111,10,23,21,27,2,01大同區,大同區延平北路1段136號,0,0,2,1,C03,6,3,5,50,14,9,1,4,4,5,7,4,4,5,5,5,2,12,1,18,2,8,3,4,7,9,1,10,2,11,,23,23,1,22,9,121.5116893,25.0532823
111,10,23,21,27,2,01大同區,大同區延平北路1段136號,0,0,2,2,F01,6,3,5,50,14,9,1,4,4,5,7,4,4,5,5,5,2,12,2,37,2,9,3,4,7,9,8,20,2,16,,44,23,1,22,9,121.5116893,25.0532823
111,10,23,21,27,2,01大同區,大同區延平北路1段136號,0,0,2,3,B03,6,3,5,50,14,9,1,4,4,5,7,4,4,5,5,5,2,12,2,65,3,10,3,4,7,13,7,19,9,4,,44,23,1,22,9,121.5116893,25.0532823
111,10,24,3,33,2,07信義區,信義區忠孝東路5段372巷29弄與忠孝東路5段口,0,0,1,1,C03,7,3,5,30,4,1,1,5,4,5,7,4,4,10,4,5,2,15,1,23,2,9,3,4,7,9,1,10,2,11,,6,6,1,22,9,121.5739718,25.0389193
111,10,24,3,33,2,07信義區,信義區忠孝東路5段372巷29弄與忠孝東路5段口,0,0,1,2,B01,7,3,5,30,4,1,1,5,4,5,7,4,4,10,4,5,2,15,1,49,3,10,3,4,7,9,1,4,2,4,,13,6,1,22,9,121.5739718,25.0389193
111,10,24,5,36,2,03中山區,中山區長春路與吉林路口,0,0,1,1,B01,7,3,5,50,4,1,1,5,4,5,7,1,1,4,3,4,1,9,1,64,4,11,3,4,7,15,7,19,11,15,,15,15,2,22,9,121.530141,25.05489492
111,10,24,5,36,2,03中山區,中山區長春路與吉林路口,0,0,1,2,H01,7,3,5,50,4,1,1,5,4,5,7,1,1,4,3,4,1,9,2,25,2,8,4,5,8,16,8,20,10,16,,67,15,1,22,9,121.530141,25.05489492
111,10,24,6,5,2,10文山區,文山區萬樂街與萬利街2巷口口,0,0,1,1,B02,8,1,5,30,3,1,1,5,4,5,7,4,4,8,5,5,1,16,1,18,3,10,3,4,7,5,1,8,1,1,,6,6,1,22,9,121.5683268,24.99945909
111,10,24,6,5,2,10文山區,文山區萬樂街與萬利街2巷口口,0,0,1,2,C03,8,1,5,30,3,1,1,5,4,5,7,4,4,8,5,5,1,16,1,51,2,7,1,4,7,9,1,10,1,11,,14,6,1,22,9,121.5683268,24.99945909
111,10,24,7,40,2,12內湖區,內湖區康樂街與安泰街口,0,0,2,1,C03,8,1,5,50,4,1,1,5,4,5,7,1,1,5,5,5,2,6,2,60,2,9,1,1,7,9,1,10,1,11,,15,44,1,22,9,121.6194778,25.0733521
111,10,24,7,40,2,12內湖區,內湖區康樂街與安泰街口,0,0,2,2,H01,8,1,5,50,4,1,1,5,4,5,7,1,1,5,5,5,2,6,1,16,2,9,4,1,8,18,8,20,1,16,,52,44,1,22,9,121.6194778,25.0733521
111,10,24,8,8,2,03中山區,中山區濱江街250號,0,0,2,1,C02,8,1,5,50,4,2,1,5,4,5,7,1,1,5,4,1,2,17,1,45,2,9,1,1,7,5,1,9,1,12,,8,8,1,22,9,121.5422749,25.07243179
111,10,24,8,8,2,03中山區,中山區濱江街250號,0,0,2,2,B03,8,1,5,50,4,2,1,5,4,5,7,1,1,5,4,1,2,17,1,40,3,10,1,1,7,9,1,8,1,5,8,23,8,1,22,9,121.5422749,25.07243179
111,10,24,8,8,2,03中山區,中山區濱江街250號,0,0,2,3,C01,8,1,5,50,4,2,1,5,4,5,7,1,1,5,4,1,2,17,1,50,2,8,1,1,7,9,1,9,1,14,,44,8,1,22,9,121.5422749,25.07243179
111,10,24,8,8,2,03中山區,中山區濱江街250號,0,0,2,4,B03,8,1,5,50,4,2,1,5,4,5,7,1,1,5,4,1,2,17,2,36,3,10,1,1,7,14,1,8,1,4,,44,8,1,22,9,121.5422749,25.07243179
111,10,24,8,16,2,08士林區,士林區忠誠路1段108號,0,0,1,1,C03,8,1,5,0,14,9,1,5,4,5,7,1,1,1,4,4,2,12,2,18,2,8,1,1,7,7,1,10,1,14,,7,7,1,22,9,121.5287016,25.1055078
111,10,24,8,16,2,08士林區,士林區忠誠路1段108號,0,0,1,2,B03,8,1,5,0,14,9,1,5,4,5,7,1,1,1,4,4,2,12,1,71,3,10,1,1,7,9,1,8,1,6,,44,7,1,22,9,121.5287016,25.1055078
111,10,24,8,28,2,10文山區,文山區木新路2段與保儀路109巷21弄口口,0,0,1,1,C03,8,1,5,30,3,1,1,5,4,5,7,4,4,4,3,5,2,17,1,19,3,10,1,1,7,5,1,10,2,15,,8,8,1,22,9,121.5702493,24.9849558
111,10,24,8,28,2,10文山區,文山區木新路2段與保儀路109巷21弄口口,0,0,1,2,C03,8,1,5,30,3,1,1,5,4,5,7,4,4,4,3,5,2,17,1,22,2,9,1,1,7,9,1,10,2,14,,13,8,1,22,9,121.5702493,24.9849558
111,10,24,8,30,2,10文山區,文山區新光路2段19號(圓環捷運機廠公務門)前,0,0,1,1,B12,8,1,5,50,16,9,1,5,4,5,7,3,1,9,4,5,2,16,1,45,3,10,1,3,7,9,1,8,2,8,,6,6,1,22,9,121.5833732,25.00052328
111,10,24,8,30,2,10文山區,文山區新光路2段19號(圓環捷運機廠公務門)前,0,0,1,2,C03,8,1,5,50,16,9,1,5,4,5,7,3,1,9,4,5,2,16,1,42,2,8,1,1,7,9,1,10,2,11,14,44,6,1,22,9,121.5833732,25.00052328
111,10,24,8,30,2,07信義區,信義區大道路25號,0,0,1,1,C03,8,1,5,50,14,9,1,5,4,5,7,4,4,5,5,5,2,13,1,24,2,8,3,4,7,9,1,9,1,11,,43,43,1,22,9,121.5822193,25.0414254
111,10,24,8,30,2,07信義區,信義區大道路25號,0,0,1,2,B03,8,1,5,50,14,9,1,5,4,5,7,4,4,5,5,5,2,13,1,37,3,10,3,4,7,14,1,8,1,7,,43,43,1,22,9,121.5822193,25.0414254
111,10,24,8,39,2,06松山區,松山區松河街與中坡北路口,0,0,1,1,B11,8,1,5,50,3,2,1,5,4,5,7,1,1,1,4,5,2,13,1,53,3,10,1,1,7,9,1,8,1,1,,16,16,1,22,9,121.5798812,25.05208365
111,10,24,8,39,2,06松山區,松山區松河街與中坡北路口,0,0,1,2,C03,8,1,5,50,3,2,1,5,4,5,7,1,1,1,4,5,2,13,2,40,2,9,1,1,7,14,1,10,1,13,,44,16,1,22,9,121.5798812,25.05208365
111,10,24,8,40,2,03中山區,中山區中山北路1段與市民大道2段口,0,0,1,1,C03,8,1,5,50,4,1,1,5,4,5,7,1,1,5,4,5,2,13,2,41,3,10,1,1,7,12,1,10,1,11,,23,23,1,22,9,121.5208803,25.04831391
111,10,24,8,40,2,03中山區,中山區中山北路1段與市民大道2段口,0,0,1,2,C03,8,1,5,50,4,1,1,5,4,5,7,1,1,5,4,5,2,13,2,32,2,7,1,1,7,14,1,10,1,13,,44,23,1,22,9,121.5208803,25.04831391
111,10,24,8,47,2,02萬華區,萬華區桂林路102號,0,0,1,1,B12,8,1,5,50,14,9,1,5,4,5,7,4,4,10,5,5,2,16,1,26,3,10,3,4,7,7,1,4,1,2,,42,42,1,22,9,121.5000669,25.03840208
111,10,24,8,47,2,02萬華區,萬華區桂林路102號,0,0,1,2,C03,8,1,5,50,14,9,1,5,4,5,7,4,4,10,5,5,2,16,2,29,2,9,3,4,7,7,1,10,1,14,,7,42,1,22,9,121.5000669,25.03840208
111,10,24,8,50,2,12內湖區,內湖區內湖路1段283號,0,0,2,1,C03,8,1,5,50,14,7,1,5,4,5,7,4,4,1,4,4,1,12,2,33,2,9,3,4,7,7,1,10,1,14,,7,7,1,22,9,121.5599455,25.0850636
111,10,24,8,50,2,12內湖區,內湖區內湖路1段283號,0,0,2,2,C03,8,1,5,50,14,7,1,5,4,5,7,4,4,1,4,4,1,12,1,74,2,8,3,4,7,9,1,10,1,13,,44,7,1,22,9,121.5599455,25.0850636
111,10,24,8,50,2,12內湖區,內湖區內湖路1段283號,0,0,2,3,B03,8,1,5,50,14,7,1,5,4,5,7,4,4,1,4,4,1,12,2,56,3,10,3,4,7,9,1,8,11,2,,42,7,2,22,9,121.5599455,25.0850636
111,10,24,8,53,2,04大安區,大安區和平東路3段1巷與四維路198巷口口,0,0,2,1,F01,8,1,5,0,3,2,1,5,4,5,7,4,4,10,5,5,2,16,2,45,2,9,1,1,7,7,8,20,1,16,,7,7,1,22,9,121.5468407,25.0268901
111,10,24,8,53,2,04大安區,大安區和平東路3段1巷與四維路198巷口口,0,0,2,2,C03,8,1,5,0,3,2,1,5,4,5,7,4,4,10,5,5,2,16,2,49,2,9,3,4,7,9,1,10,1,11,,44,7,1,22,9,121.5468407,25.0268901
111,10,24,8,54,2,08士林區,士林區重陽橋往北市機車道下橋處,0,0,1,1,C03,8,1,5,30,10,11,1,5,4,5,7,4,4,10,4,5,1,13,2,42,3,10,3,4,7,9,1,10,1,11,,23,23,1,22,9,121.5077454,25.0861421
111,10,24,8,54,2,08士林區,士林區重陽橋往北市機車道下橋處,0,0,1,2,C03,8,1,5,30,10,11,1,5,4,5,7,4,4,10,4,5,1,13,2,24,2,9,3,4,7,9,1,10,1,13,,42,23,1,22,9,121.5077454,25.0861421
111,10,24,8,58,2,11南港區,南港區重陽路39巷與向陽路162巷口,0,0,1,1,C03,8,1,5,50,4,1,1,5,4,5,7,4,4,7,4,5,2,15,1,29,2,5,1,1,7,9,1,10,2,12,,6,6,1,22,9,121.595343,25.05603174
111,10,24,8,58,2,11南港區,南港區重陽路39巷與向陽路162巷口,0,0,1,2,B03,8,1,5,50,4,1,1,5,4,5,7,4,4,7,4,5,2,15,1,30,3,10,1,1,7,9,1,8,2,1,,6,6,1,22,9,121.595343,25.05603174
111,10,24,9,9,2,04大安區,大安區羅斯福路4段與新生南路3段口,0,0,1,1,C03,8,1,5,50,4,2,1,5,4,5,7,2,1,9,4,5,1,12,4,,4,11,3,4,7,15,7,19,11,15,,43,43,2,22,9,121.5332602,25.0159622
111,10,24,9,9,2,04大安區,大安區羅斯福路4段與新生南路3段口,0,0,1,2,C03,8,1,5,50,4,2,1,5,4,5,7,2,1,9,4,5,1,12,1,41,2,8,1,1,7,9,1,10,1,11,,23,43,1,22,9,121.5332602,25.0159622
111,10,24,9,30,2,06松山區,松山區延吉街55號,0,0,1,1,C03,7,1,5,50,14,8,1,5,4,5,7,1,1,9,4,5,1,17,2,43,3,10,1,1,7,1,3,18,1,13,,19,19,1,22,9,121.5537491,25.0449992
111,10,24,9,30,2,06松山區,松山區延吉街55號,0,0,1,2,C03,7,1,5,50,14,8,1,5,4,5,7,1,1,9,4,5,1,17,1,53,2,9,1,1,7,9,1,10,1,11,,23,19,1,22,9,121.5537491,25.0449992
111,10,24,9,50,2,07信義區,信義區忠孝東路5段與中坡南路口,0,0,2,1,C03,8,1,5,50,4,2,1,5,4,5,7,1,1,5,5,4,2,17,2,41,2,9,3,4,7,4,1,10,1,11,,26,26,1,22,9,121.5819847,25.0441366
111,10,24,9,50,2,07信義區,信義區忠孝東路5段與中坡南路口,0,0,2,2,C03,8,1,5,50,4,2,1,5,4,5,7,1,1,5,5,4,2,17,1,47,2,9,3,4,7,9,1,10,1,14,,6,26,1,22,9,121.5819847,25.0441366
111,10,24,9,58,2,10文山區,(景福街269號前),0,0,1,1,C03,8,1,5,30,14,9,1,5,4,5,7,4,4,10,5,5,2,16,1,38,2,9,1,1,7,6,1,10,2,14,,6,6,1,22,9,121.5404166,24.99333094
111,10,24,9,58,2,10文山區,(景福街269號前),0,0,1,2,B03,8,1,5,30,14,9,1,5,4,5,7,4,4,10,5,5,2,16,1,40,3,10,1,1,7,9,1,8,2,2,,44,6,1,22,9,121.5404166,24.99333094
111,10,24,10,15,2,07信義區,信義區永吉路326巷2號,0,0,1,2,B01,8,1,5,30,14,9,1,5,4,5,7,4,4,9,4,5,2,17,1,37,3,10,1,1,7,9,1,4,1,2,,44,19,1,22,9,121.575459,25.04506366
111,10,24,10,15,2,07信義區,信義區永吉路326巷2號,0,0,1,1,C03,8,1,5,30,14,9,1,5,4,5,7,4,4,9,4,5,2,17,1,75,2,8,1,1,7,1,1,10,1,14,,19,19,1,22,9,121.575459,25.04506366
111,10,24,10,30,2,12內湖區,內湖區成功路2段與安康路口,0,0,1,1,B01,8,1,5,50,4,2,1,5,4,5,7,1,1,1,4,4,1,13,4,,4,11,3,4,7,15,7,19,11,15,,43,43,2,22,9,121.5913715,25.06059385
111,10,24,10,30,2,12內湖區,內湖區成功路2段與安康路口,0,0,1,2,C02,8,1,5,50,4,2,1,5,4,5,7,1,1,1,4,4,1,13,1,37,2,8,3,4,7,5,1,9,1,11,,16,43,1,22,9,121.5913715,25.06059385
111,10,24,10,35,2,03中山區,中山區市民大道3段83號,0,0,1,1,B03,8,1,5,40,14,9,1,5,4,5,7,1,1,5,4,5,2,11,2,25,3,10,3,4,7,1,1,8,1,5,,23,19,1,22,9,121.5377917,25.04490798
111,10,24,10,35,2,03中山區,中山區市民大道3段83號,0,0,1,2,C03,8,1,5,40,14,9,1,5,4,5,7,1,1,5,4,5,2,11,2,40,2,8,3,4,7,1,6,18,1,14,,44,19,1,22,9,121.5377917,25.04490798
111,10,24,10,50,2,11南港區,南港區玉成街與忠孝東路6段9巷口口,0,0,1,2,C03,8,1,5,30,3,2,1,5,4,5,7,4,4,5,5,5,2,17,1,26,2,9,1,1,7,9,1,10,1,11,,43,43,1,22,9,121.5825191,25.0465217
111,10,24,10,50,2,11南港區,南港區玉成街與忠孝東路6段9巷口口,0,0,1,1,,8,1,5,30,3,2,1,5,4,5,7,4,4,5,5,5,2,17,4,,4,11,3,4,7,15,7,19,11,15,,43,43,2,22,9,121.5825191,25.0465217
111,10,24,10,54,2,01大同區,大同區西寧北路玉泉公園旁,0,0,1,1,B03,8,1,5,50,14,9,1,5,4,5,7,4,4,5,4,5,2,16,1,71,3,10,3,4,7,11,1,8,2,1,,10,10,1,22,9,121.5079375,25.04981912
111,10,24,10,54,2,01大同區,大同區西寧北路玉泉公園旁,0,0,1,2,C03,8,1,5,50,14,9,1,5,4,5,7,4,4,5,4,5,2,16,1,18,2,9,3,4,7,9,1,10,2,14,,13,10,1,22,9,121.5079375,25.04981912
111,10,24,11,9,2,10文山區,文山區指南路3段40巷(電燈桿088),0,0,1,1,A12,8,1,5,30,11,9,1,5,4,5,1,4,4,10,5,5,2,16,1,40,3,10,1,1,7,9,1,10,2,8,,23,23,1,22,9,121.600998,24.97028836
111,10,24,11,9,2,10文山區,文山區指南路3段40巷(電燈桿088),0,0,1,2,C03,8,1,5,30,11,9,1,5,4,5,1,4,4,10,5,5,2,16,1,24,2,8,1,1,7,9,1,3,2,11,12,23,23,1,22,9,121.600998,24.97028836
111,10,24,11,35,2,07信義區,信義區永吉路30巷113號,0,0,1,1,B01,8,1,5,30,14,9,1,5,4,5,7,4,4,5,5,5,2,13,1,52,3,10,3,4,7,9,1,4,1,1,,23,23,1,22,9,121.5687803,25.0433438
111,10,24,11,35,2,07信義區,信義區永吉路30巷113號,0,0,1,2,C03,8,1,5,30,14,9,1,5,4,5,7,4,4,5,5,5,2,13,2,69,2,9,3,4,7,14,1,10,1,13,,26,23,1,22,9,121.5687803,25.0433438
111,10,24,12,30,2,07信義區,信義區忠孝東路5段1-3號,0,0,1,1,,8,1,5,0,14,20,4,5,4,5,7,4,4,1,4,5,2,29,3,,,,,,,,,,,,,61,61,1,,,121.5648573,25.04145681
111,10,24,12,30,2,07信義區,信義區忠孝東路5段1-3號,0,0,1,2,F01,8,1,5,0,14,20,4,5,4,5,7,4,4,1,4,5,2,29,2,38,2,9,3,4,7,9,8,20,9,16,,44,61,1,22,9,121.5648573,25.04145681
111,10,24,12,36,2,10文山區,文山區羅斯福路6段280號,0,0,1,1,C03,8,1,5,50,14,9,1,5,4,5,7,4,4,1,4,5,2,12,1,61,3,10,1,1,7,9,3,18,1,14,,23,23,1,22,9,121.5400071,24.99110462
111,10,24,12,36,2,10文山區,文山區羅斯福路6段280號,0,0,1,2,C03,8,1,5,50,14,9,1,5,4,5,7,4,4,1,4,5,2,12,1,45,2,9,1,1,7,8,1,10,1,12,,7,23,1,22,9,121.5400071,24.99110462
111,10,24,12,40,2,09北投區,北投區公館路與公館路161巷口,0,0,1,1,C03,7,1,5,50,4,1,1,5,4,5,7,4,4,9,5,5,2,16,1,30,2,8,1,1,7,9,1,10,1,11,,6,6,1,22,9,121.5062612,25.12906234
111,10,24,12,40,2,09北投區,北投區公館路與公館路161巷口,0,0,1,2,B12,7,1,5,50,4,1,1,5,4,5,7,4,4,9,5,5,2,16,1,39,3,10,1,1,7,9,1,8,1,8,,44,6,1,22,9,121.5062612,25.12906234
111,10,24,12,48,2,01大同區,大同區重慶北路2段與涼州街口,0,0,2,1,C03,8,1,5,50,14,9,1,5,4,5,7,2,1,1,4,5,2,12,1,61,2,9,3,4,7,8,1,10,2,12,,7,7,1,22,9,121.5133994,25.06066479
111,10,24,12,48,2,01大同區,大同區重慶北路2段與涼州街口,0,0,2,2,C03,8,1,5,50,14,9,1,5,4,5,7,2,1,1,4,5,2,12,2,58,2,9,3,4,7,9,1,10,2,11,,44,7,1,22,9,121.5133994,25.06066479
111,10,24,12,56,2,04大安區,大安區和平東路2段89號,0,0,1,1,B03,8,1,5,50,14,9,1,5,4,5,7,4,4,1,4,4,2,16,1,61,3,10,1,1,7,6,1,8,1,5,,9,9,1,22,9,121.5392382,25.02550189
111,10,24,12,56,2,04大安區,大安區和平東路2段89號,0,0,1,2,C03,8,1,5,50,14,9,1,5,4,5,7,4,4,1,4,4,2,16,2,23,2,8,1,1,7,9,1,10,1,14,,44,9,1,22,9,121.5392382,25.02550189
111,10,24,13,0,2,03中山區,中山區民權東路2段144號前,0,0,1,1,C03,7,1,5,50,14,9,1,5,4,5,7,4,4,1,4,5,2,13,1,40,2,9,3,4,7,9,1,10,1,11,,16,16,1,22,9,121.5335243,25.0623948
111,10,24,13,0,2,03中山區,中山區民權東路2段144號前,0,0,1,2,C03,7,1,5,50,14,9,1,5,4,5,7,4,4,1,4,5,2,13,1,37,3,10,3,4,7,9,1,10,1,13,,44,16,1,22,9,121.5335243,25.0623948
111,10,24,13,0,2,03中山區,中山區民權東路2段144號前,0,0,1,3,B01,7,1,5,50,14,9,1,5,4,5,7,4,4,1,4,5,2,13,2,46,3,10,3,4,7,1,1,4,1,15,,19,16,1,10,9,121.5335243,25.0623948
111,10,24,13,34,2,10文山區,文山區羅斯福路6段與車前路口,0,0,1,1,C03,8,1,5,50,4,1,1,5,4,5,7,2,1,1,4,5,2,12,2,43,3,10,1,1,7,8,1,10,2,12,,7,7,1,22,9,121.540499,24.9918577
111,10,24,13,34,2,10文山區,文山區羅斯福路6段與車前路口,0,0,1,2,C03,8,1,5,50,4,1,1,5,4,5,7,2,1,1,4,5,2,12,2,24,2,9,1,1,7,9,1,10,2,14,,44,7,1,22,9,121.540499,24.9918577
111,10,24,13,39,2,04大安區,大安區樂利路與通化街口,0,0,1,1,B01,8,1,5,50,3,1,1,5,4,5,7,1,1,5,4,5,2,16,1,68,3,10,3,4,7,5,1,8,1,4,,15,23,1,22,9,121.5520841,25.0258797
111,10,24,13,39,2,04大安區,大安區樂利路與通化街口,0,0,1,2,H01,8,1,5,50,3,1,1,5,4,5,7,1,1,5,4,5,2,16,1,33,2,8,4,5,8,16,8,20,1,16,,67,23,1,22,9,121.5520841,25.0258797
111,10,24,14,2,2,08士林區,士林區承德路4段與福港街口,0,0,1,1,B03,7,1,5,50,4,1,1,5,4,5,7,1,1,1,4,5,2,16,1,59,3,10,1,1,7,6,1,8,1,2,,9,,1,22,9,121.5184017,25.09005996
111,10,24,14,2,2,08士林區,士林區承德路4段與福港街口,0,0,1,2,C03,7,1,5,50,4,1,1,5,4,5,7,1,1,1,4,5,2,16,1,40,2,9,1,1,7,9,1,10,1,11,,44,,1,22,9,121.5184017,25.09005996
111,10,24,14,25,2,09北投區,北投區中央北路2段122號,0,0,1,1,C03,8,1,5,50,14,9,1,5,4,5,7,4,4,5,4,5,2,13,2,52,2,7,1,1,7,9,1,10,1,11,,23,23,1,22,9,121.4917255,25.13842734
111,10,24,14,25,2,09北投區,北投區中央北路2段122號,0,0,1,2,B03,8,1,5,50,14,9,1,5,4,5,7,4,4,5,4,5,2,13,1,69,3,10,3,4,7,14,1,8,1,7,,38,23,1,22,9,121.4917255,25.13842734
111,10,24,14,35,2,03中山區,中山區民權東路2段92巷2-1號,0,0,1,1,B12,8,1,5,30,14,9,1,5,4,5,7,4,4,7,5,5,2,9,1,57,3,10,1,1,7,2,1,8,1,6,,12,12,1,22,9,121.53171,25.06146526
111,10,24,14,35,2,03中山區,中山區民權東路2段92巷2-1號,0,0,1,2,H01,8,1,5,30,14,9,1,5,4,5,7,4,4,7,5,5,2,9,1,54,2,8,4,5,8,17,8,20,10,16,,67,12,1,22,9,121.53171,25.06146526
111,10,24,14,40,2,03中山區,中山區民權西路17號,0,0,2,1,B02,8,1,5,50,14,9,1,5,4,5,7,4,4,1,4,5,1,17,2,60,3,10,1,1,7,1,1,8,1,4,,19,19,1,22,9,121.521688,25.0630195
111,10,24,14,40,2,03中山區,中山區民權西路17號,0,0,2,2,C03,8,1,5,50,14,9,1,5,4,5,7,4,4,1,4,5,1,17,2,43,2,9,1,1,7,9,1,10,1,12,,44,19,1,22,9,121.521688,25.0630195
111,10,24,14,40,2,03中山區,中山區民權西路17號,0,0,2,3,B03,8,1,5,50,14,9,1,5,4,5,7,4,4,1,4,5,1,17,1,51,3,10,1,1,7,9,1,8,1,6,,44,19,1,22,9,121.521688,25.0630195
111,10,24,14,40,2,03中山區,中山區民權西路17號,0,0,2,4,H02,8,1,5,50,14,9,1,5,4,5,7,4,4,1,4,5,1,17,2,32,2,9,1,5,7,21,8,20,10,15,,67,19,1,22,9,121.521688,25.0630195
111,10,24,14,45,2,12內湖區,內湖區潭美街171號,0,0,1,1,C03,7,1,5,40,14,9,1,5,4,5,7,4,4,5,5,5,2,12,1,27,3,10,1,1,7,9,1,10,1,11,,44,44,1,22,9,121.5819886,25.05460373
111,10,24,14,45,2,12內湖區,內湖區潭美街171號,0,0,1,2,C03,7,1,5,40,14,9,1,5,4,5,7,4,4,5,5,5,2,12,1,73,2,9,1,1,7,7,1,10,1,14,,7,44,1,22,9,121.5819886,25.05460373
111,10,24,15,16,2,03中山區,中山區松江路與松江路63巷口,0,0,2,1,B01,7,1,5,50,3,2,1,5,4,5,7,4,4,3,4,5,2,17,1,53,3,10,1,1,7,8,1,4,1,2,,7,7,1,22,9,121.5330553,25.0489808
111,10,24,15,16,2,03中山區,中山區松江路與松江路63巷口,0,0,2,3,H02,7,1,5,50,3,2,1,5,4,5,7,4,4,3,4,5,2,17,2,57,2,9,4,5,7,20,8,20,10,16,,67,7,1,22,9,121.5330553,25.0489808
111,10,24,15,16,2,03中山區,中山區松江路與松江路63巷口,0,0,2,2,C03,7,1,5,50,3,2,1,5,4,5,7,4,4,3,4,5,2,17,1,33,2,9,1,1,7,9,1,10,1,14,,44,7,1,22,9,121.5330553,25.0489808
111,10,24,15,32,2,07信義區,信義區永吉路502巷與中坡北路15巷口,0,0,2,1,C03,8,1,6,30,5,1,1,5,4,5,7,4,4,10,5,5,2,15,2,56,2,9,1,1,7,9,1,10,1,11,,6,6,1,22,9,121.580019,25.04475409
111,10,24,15,32,2,07信義區,信義區永吉路502巷與中坡北路15巷口,0,0,2,2,C03,8,1,6,30,5,1,1,5,4,5,7,4,4,10,5,5,2,15,1,59,2,7,1,1,7,9,1,10,1,14,,23,6,1,22,9,121.580019,25.04475409
111,10,24,15,49,2,09北投區,北投區承德路7段與石牌路1段口,0,0,1,1,B03,8,1,5,60,4,1,1,5,4,5,7,1,1,1,4,5,2,16,1,57,3,10,3,4,7,6,1,8,1,8,,9,9,1,22,9,121.509502,25.11246136
111,10,24,15,49,2,09北投區,北投區承德路7段與石牌路1段口,0,0,1,2,C03,8,1,5,60,4,1,1,5,4,5,7,1,1,1,4,5,2,16,1,57,2,9,3,4,7,9,1,10,1,14,,44,9,1,22,9,121.509502,25.11246136