發生年度,發生月,發生日,發生時-Hours,發生分,處理別-編號,區序,肇事地點,死亡人數,2-30日死亡人數,受傷人數,當事人序號,車種,天候,光線,道路類別,速限-速度限制,道路型態,事故位置,路面狀況1,路面狀況2,路面狀況3,道路障礙1,道路障礙2,號誌1,號誌2,車道劃分-分向,車道劃分-分道1,車道劃分-分道2,車道劃分-分道3,事故類型及型態,性別,年齡,受傷程度,主要傷處,安全帽,行動電話,車輛用途,當事者行動狀態,駕駛資格情形,駕駛執照種類,飲酒情形,車輛撞擊部位1,車輛撞擊部位2,肇因碼-個別,肇因碼-主要,個人肇逃否,職業,旅次目的,座標-X,座標-Y
111,10,24,16,20,2,03中山區,中山區長安東路2段與長安東路2段153巷口,0,0,1,1,C03,8,1,5,50,4,2,1,5,4,5,7,1,1,5,4,5,1,13,1,53,2,9,1,1,7,9,1,10,1,11,,16,16,1,22,9,121.5390836,25.04834929
111,10,24,16,20,2,03中山區,中山區長安東路2段與長安東路2段153巷口,0,0,1,2,B03,8,1,5,50,4,2,1,5,4,5,7,1,1,5,4,5,1,13,1,40,3,10,1,1,7,9,1,8,1,6,,44,16,1,22,9,121.5390836,25.04834929
111,10,24,16,45,2,09北投區,北投區文承路與承信路口,0,0,2,1,C03,8,1,5,50,4,1,1,5,4,5,7,3,1,10,4,5,2,16,1,57,2,9,1,1,7,9,1,9,2,12,,6,6,1,22,9,121.5128228,25.1048233
111,10,24,16,45,2,09北投區,北投區文承路與承信路口,0,0,2,2,B12,8,1,5,50,4,1,1,5,4,5,7,3,1,10,4,5,2,16,1,60,3,10,1,1,7,9,1,8,2,1,,14,6,1,22,9,121.5128228,25.1048233
111,10,24,16,45,2,09北投區,北投區文承路與承信路口,0,0,2,3,H02,8,1,5,50,4,1,1,5,4,5,7,3,1,10,4,5,2,16,1,11,2,9,1,5,7,20,8,20,10,16,,67,6,1,22,9,121.5128228,25.1048233
111,10,24,16,55,2,06松山區,松山區市民大道4段與八德路2段366巷口,0,0,1,1,B12,8,1,5,50,4,1,1,5,4,5,7,1,1,1,4,5,2,3,2,44,3,10,1,1,7,5,1,8,2,1,,15,15,1,22,9,121.5460759,25.04520876
111,10,24,16,55,2,06松山區,松山區市民大道4段與八德路2段366巷口,0,0,1,2,H01,8,1,5,50,4,1,1,5,4,5,7,1,1,1,4,5,2,3,2,38,2,9,4,5,8,16,8,20,10,16,,67,15,1,22,9,121.5460759,25.04520876
111,10,24,17,0,2,12內湖區,內湖區康寧路3段與康寧路3段180巷口口,0,0,1,1,B03,8,1,5,50,3,2,1,5,4,5,7,4,4,1,4,4,2,16,2,28,3,10,1,1,7,8,1,8,1,5,,7,7,1,22,9,121.612021,25.06911782
111,10,24,17,0,2,12內湖區,內湖區康寧路3段與康寧路3段180巷口口,0,0,1,2,C04,8,1,5,50,3,2,1,5,4,5,7,4,4,1,4,4,2,16,1,27,2,8,1,1,7,9,1,9,1,14,,44,7,1,22,9,121.612021,25.06911782
111,10,24,17,28,2,05中正區,中正區和平西路1段與福州街口,0,0,2,1,C03,7,2,5,50,14,9,1,5,4,5,7,4,4,3,4,5,2,13,2,63,4,11,3,4,7,21,7,19,11,15,,43,43,1,22,9,121.5166749,25.0271417
111,10,24,17,28,2,05中正區,中正區和平西路1段與福州街口,0,0,2,2,C03,7,2,5,50,14,9,1,5,4,5,7,4,4,3,4,5,2,13,1,72,2,9,1,1,7,9,1,10,1,13,12,43,43,1,22,9,121.5166749,25.0271417
111,10,24,17,28,2,05中正區,中正區和平西路1段與福州街口,0,0,2,3,C03,7,2,5,50,14,9,1,5,4,5,7,4,4,3,4,5,2,13,1,25,2,9,1,1,7,9,1,10,1,13,,43,43,1,22,9,121.5166749,25.0271417
111,10,24,17,35,2,05中正區,中正區金華街與羅斯福路1段83巷口,0,0,2,1,B03,8,3,5,50,3,2,1,5,4,5,7,4,4,9,4,5,2,16,1,62,3,10,1,1,7,9,1,8,2,2,,23,23,2,22,9,121.5205108,25.0316902
111,10,24,17,35,2,05中正區,中正區金華街與羅斯福路1段83巷口,0,0,2,2,C03,8,3,5,50,3,2,1,5,4,5,7,4,4,9,4,5,2,16,2,46,2,9,1,1,7,6,1,10,2,14,,9,23,1,22,9,121.5205108,25.0316902
111,10,24,17,35,2,05中正區,中正區金華街與羅斯福路1段83巷口,0,0,2,3,H03,8,3,5,50,3,2,1,5,4,5,7,4,4,9,4,5,2,16,1,38,2,9,4,5,8,17,8,20,10,16,,67,23,1,22,9,121.5205108,25.0316902
111,10,24,17,36,2,09北投區,北投區中央北路2段與新興路口,0,0,1,1,C03,8,3,5,50,4,2,1,5,4,5,7,1,1,5,4,5,2,9,1,46,3,10,1,1,7,6,1,10,2,15,,42,42,1,22,9,121.48686,25.13841101
111,10,24,17,36,2,09北投區,北投區中央北路2段與新興路口,0,0,1,2,H01,8,3,5,50,4,2,1,5,4,5,7,1,1,5,4,5,2,9,1,60,2,9,4,5,8,16,8,20,10,16,,60,42,1,22,9,121.48686,25.13841101
111,10,24,17,48,2,03中山區,中山區林森北路356號對面,0,0,1,1,C03,7,3,5,50,14,9,1,5,4,5,7,4,4,8,5,5,2,13,1,64,3,10,3,4,7,9,1,10,1,11,,16,16,1,22,9,121.5255398,25.05710381
111,10,24,17,48,2,03中山區,中山區林森北路356號對面,0,0,1,2,C03,7,3,5,50,14,9,1,5,4,5,7,4,4,8,5,5,2,13,2,32,2,9,3,4,7,9,1,10,1,13,,44,16,1,22,9,121.5255398,25.05710381
111,10,24,17,48,2,03中山區,中山區林森北路356號對面,0,0,1,3,B01,7,3,5,50,14,9,1,5,4,5,7,4,4,8,5,5,2,13,1,47,3,10,3,4,7,8,1,4,1,6,,7,16,1,22,9,121.5255398,25.05710381
111,10,24,17,50,2,12內湖區,內湖區內湖路2段103巷96號前,0,0,2,1,C03,8,3,5,30,14,9,1,5,4,5,7,3,1,9,5,5,2,13,1,18,2,9,1,1,7,9,1,10,2,11,,16,16,1,22,9,121.5810068,25.08324739
111,10,24,17,50,2,12內湖區,內湖區內湖路2段103巷96號前,0,0,2,2,C03,8,3,5,30,14,9,1,5,4,5,7,3,1,9,5,5,2,13,1,21,2,8,1,1,7,9,1,10,2,13,,44,16,1,22,9,121.5810068,25.08324739
111,10,24,18,13,2,06松山區,松山區南京東路5段99號,0,0,2,1,B03,7,3,5,40,14,8,1,5,4,5,7,4,4,1,4,4,2,16,1,57,3,10,1,1,7,1,1,8,1,8,,19,19,1,22,9,121.5605179,25.05155632
111,10,24,18,13,2,06松山區,松山區南京東路5段99號,0,0,2,2,C03,7,3,5,40,14,8,1,5,4,5,7,4,4,1,4,4,2,16,1,25,2,9,1,1,7,8,1,10,1,12,,7,19,1,22,9,121.5605179,25.05155632
111,10,24,18,13,2,06松山區,松山區南京東路5段99號,0,0,2,3,C03,7,3,5,40,14,8,1,5,4,5,7,4,4,1,4,4,2,16,1,65,2,9,1,1,7,9,1,10,1,11,,23,19,1,22,9,121.5605179,25.05155632
111,10,24,18,20,2,08士林區,士林區中正路與中正路399巷口,0,0,1,1,B03,8,3,5,50,3,1,1,5,4,5,7,4,4,3,4,5,2,17,1,62,3,10,1,1,7,11,6,8,11,2,,10,10,1,22,9,121.521138,25.0940279
111,10,24,18,20,2,08士林區,士林區中正路與中正路399巷口,0,0,1,2,C03,8,3,5,50,3,1,1,5,4,5,7,4,4,3,4,5,2,17,1,21,2,9,1,1,7,9,1,10,11,11,,14,10,1,22,9,121.521138,25.0940279
111,10,24,18,22,2,05中正區,中正區青島東路與林森南路口,0,0,1,1,C03,8,3,5,50,4,2,1,5,4,5,7,1,1,8,3,4,2,16,1,20,3,10,3,4,7,5,1,10,11,11,,8,8,2,22,9,121.5228133,25.0436867
111,10,24,18,22,2,05中正區,中正區青島東路與林森南路口,0,0,1,2,C03,8,3,5,50,4,2,1,5,4,5,7,1,1,8,3,4,2,16,1,42,2,9,1,1,7,6,1,10,2,11,,9,8,2,22,9,121.5228133,25.0436867
111,10,24,18,28,2,01大同區,大同區長安西路與西寧北路口,0,0,2,1,C03,8,3,5,50,4,1,1,5,4,5,7,2,1,5,4,5,2,16,1,25,2,9,1,1,7,5,1,10,1,12,,6,6,1,22,9,121.5085536,25.052032
111,10,24,18,28,2,01大同區,大同區長安西路與西寧北路口,0,0,2,2,C03,8,3,5,50,4,1,1,5,4,5,7,2,1,5,4,5,2,16,1,48,2,8,1,1,7,9,1,10,1,11,,44,6,1,22,9,121.5085536,25.052032
111,10,24,18,49,2,07信義區,信義區松智路與松壽路口,0,0,1,1,B03,8,3,5,50,4,1,1,5,4,5,7,2,1,4,1,5,1,16,1,24,3,10,3,4,7,11,1,8,1,4,,26,26,1,22,9,121.5654228,25.0357149
111,10,24,18,49,2,07信義區,信義區松智路與松壽路口,0,0,1,2,C02,8,3,5,50,4,1,1,5,4,5,7,2,1,4,1,5,1,16,1,35,2,9,1,1,7,5,1,9,1,11,,26,26,1,22,9,121.5654228,25.0357149
111,10,24,19,4,2,12內湖區,內湖區行愛路77巷與新湖二路259巷口口,0,0,1,1,B03,8,3,5,50,4,1,1,5,4,5,7,4,4,5,5,5,2,17,1,59,3,10,1,2,7,9,1,8,1,15,,6,42,1,22,9,121.582393,25.063264
111,10,24,19,4,2,12內湖區,內湖區行愛路77巷與新湖二路259巷口口,0,0,1,2,C03,8,3,5,50,4,1,1,5,4,5,7,4,4,5,5,5,2,17,1,48,2,8,1,1,7,9,1,10,1,14,,42,42,1,22,9,121.582393,25.063264
111,10,24,19,15,2,05中正區,中正區延平南路與貴陽街1段口,0,0,1,1,C03,8,3,5,50,4,1,1,5,4,5,7,1,1,5,4,5,2,12,1,23,3,10,1,1,7,5,1,10,2,13,,8,8,1,22,9,121.508771,25.039134
111,10,24,19,15,2,05中正區,中正區延平南路與貴陽街1段口,0,0,1,2,C03,8,3,5,50,4,1,1,5,4,5,7,1,1,5,4,5,2,12,1,24,2,8,1,1,7,9,1,10,2,11,,23,8,1,22,9,121.508771,25.039134
111,10,24,19,19,2,03中山區,中山區松江路125號,0,0,1,1,A02,7,3,5,50,14,9,1,5,4,5,7,4,4,1,3,5,2,17,1,47,3,10,3,4,7,13,1,1,1,7,,50,42,1,22,9,121.533174,25.05314535
111,10,24,19,19,2,03中山區,中山區松江路125號,0,0,1,2,F01,7,3,5,50,14,9,1,5,4,5,7,4,4,1,3,5,2,17,1,50,2,9,1,1,7,9,8,20,1,16,,23,42,1,22,9,121.533174,25.05314535
111,10,24,19,19,2,03中山區,中山區松江路125號,0,0,1,3,H03,7,3,5,50,14,9,1,5,4,5,7,4,4,1,3,5,2,17,1,25,3,10,4,5,8,17,8,20,10,16,,67,42,1,22,9,121.533174,25.05314535
111,10,24,19,28,2,02萬華區,萬華區民和街與德昌街154巷口,0,0,2,1,C03,8,3,5,30,4,1,1,5,4,5,7,4,4,10,5,5,2,15,1,37,2,9,1,4,7,9,1,10,1,12,,6,6,1,22,9,121.4956647,25.02459523
111,10,24,19,28,2,02萬華區,萬華區民和街與德昌街154巷口,0,0,2,2,C03,8,3,5,30,4,1,1,5,4,5,7,4,4,10,5,5,2,15,1,42,2,9,1,4,7,9,1,10,1,11,,13,6,1,22,9,121.4956647,25.02459523
111,10,24,20,16,2,06松山區,松山區復興北路333號,0,0,1,1,B03,8,3,5,50,14,9,1,5,4,5,7,4,4,1,3,5,2,17,1,75,3,10,3,4,7,1,1,8,2,8,,19,19,1,22,9,121.5442712,25.05984093
111,10,24,20,16,2,06松山區,松山區復興北路333號,0,0,1,2,C03,8,3,5,50,14,9,1,5,4,5,7,4,4,1,3,5,2,17,1,32,2,9,1,1,7,9,1,10,2,12,,23,19,1,22,9,121.5442712,25.05984093
111,10,24,20,26,2,03中山區,中山區中山北路3段與民族西路口,0,0,1,1,B03,8,3,5,50,4,1,1,5,4,5,7,1,1,5,4,5,2,12,1,35,3,10,1,1,7,6,1,8,1,6,,9,9,1,22,9,121.5227151,25.0683879
111,10,24,20,26,2,03中山區,中山區中山北路3段與民族西路口,0,0,1,2,C03,8,3,5,50,4,1,1,5,4,5,7,1,1,5,4,5,2,12,1,53,2,9,1,1,7,9,1,9,1,14,,44,9,1,22,9,121.5227151,25.0683879
111,10,24,20,58,2,11南港區,南港區南港路2段60巷與南港路2段86巷9弄口,0,0,1,1,B12,7,3,5,30,3,2,1,5,4,5,7,4,4,10,5,5,2,16,1,26,3,10,3,4,7,5,1,8,2,8,,6,6,1,22,9,121.604792,25.0553325
111,10,24,20,58,2,11南港區,南港區南港路2段60巷與南港路2段86巷9弄口,0,0,1,2,C03,7,3,5,30,3,2,1,5,4,5,7,4,4,10,5,5,2,16,1,34,2,9,3,4,7,9,1,10,2,14,,14,6,1,22,9,121.604792,25.0553325
111,10,24,22,1,2,03中山區,中山區復興北路420號,0,0,2,1,C03,7,3,5,50,15,9,1,5,4,5,7,4,4,1,3,5,2,12,1,21,2,7,3,4,7,6,1,10,2,13,,9,9,1,22,9,121.5441377,25.0627395
111,10,24,22,1,2,03中山區,中山區復興北路420號,0,0,2,2,C03,7,3,5,50,15,9,1,5,4,5,7,4,4,1,3,5,2,12,1,56,2,7,3,4,7,9,1,10,2,11,,14,9,1,22,9,121.5441377,25.0627395
111,10,24,22,18,2,01大同區,大同區民權西路與蘭州街口,0,0,3,1,C03,8,3,5,50,4,1,1,5,4,5,7,1,1,1,4,5,2,17,1,64,2,9,1,1,7,1,1,10,2,14,,19,19,1,22,9,121.5147067,25.0628935
111,10,24,22,18,2,01大同區,大同區民權西路與蘭州街口,0,0,3,2,C03,8,3,5,50,4,1,1,5,4,5,7,1,1,1,4,5,2,17,1,18,2,9,1,1,7,9,1,10,2,12,,13,19,1,22,9,121.5147067,25.0628935
111,10,24,22,18,2,01大同區,大同區民權西路與蘭州街口,0,0,3,3,H02,8,3,5,50,4,1,1,5,4,5,7,1,1,1,4,5,2,17,2,63,2,9,1,1,7,20,8,20,10,16,,67,19,1,22,9,121.5147067,25.0628935
111,10,24,22,42,2,07信義區,信義區信義路5段180號與松德路口,0,0,1,1,C03,8,3,5,50,4,2,1,5,4,5,7,2,1,10,2,5,2,13,2,59,2,8,1,1,7,7,1,10,1,11,,26,26,1,22,9,121.5744763,25.0333875
111,10,24,22,42,2,07信義區,信義區信義路5段180號與松德路口,0,0,1,2,C03,8,3,5,50,4,2,1,5,4,5,7,2,1,10,2,5,2,13,1,30,3,10,1,1,7,8,1,10,1,13,,7,26,1,22,9,121.5744763,25.0333875
111,10,24,22,59,2,04大安區,大安區基隆路2段與和平東路3段口,0,0,1,1,B03,8,3,5,50,5,2,1,5,4,5,7,2,1,1,4,5,2,12,1,25,3,10,3,4,7,6,1,8,1,7,,6,6,1,22,9,121.5523048,25.02423227
111,10,24,22,59,2,04大安區,大安區基隆路2段與和平東路3段口,0,0,1,2,C03,8,3,5,50,5,2,1,5,4,5,7,2,1,1,4,5,2,12,2,18,2,9,3,4,7,9,1,10,1,11,,44,6,1,22,9,121.5523048,25.02423227
111,10,24,23,15,2,07信義區,信義區崇德街與基隆路2段口口,0,0,1,1,C03,7,3,5,50,16,17,1,5,4,5,7,1,1,1,4,5,2,17,2,51,2,9,1,1,7,15,1,10,2,14,,26,26,1,22,9,121.5529148,25.0244904
111,10,24,23,15,2,07信義區,信義區崇德街與基隆路2段口口,0,0,1,2,B01,7,3,5,50,16,17,1,5,4,5,7,1,1,1,4,5,2,17,1,41,3,10,1,1,7,9,1,8,2,2,,44,26,1,22,9,121.5529148,25.0244904
111,10,24,23,20,2,05中正區,中正區林森北路11號對面,0,0,2,1,C03,8,3,5,50,14,9,1,5,4,5,7,4,4,5,4,5,2,13,2,47,2,9,1,1,7,9,1,10,2,11,,16,16,1,22,9,121.5236766,25.0461706
111,10,24,23,20,2,05中正區,中正區林森北路11號對面,0,0,2,2,C03,8,3,5,50,14,9,1,5,4,5,7,4,4,5,4,5,2,13,2,43,2,9,1,1,7,9,1,10,2,13,,44,16,1,22,9,121.5236766,25.0461706
111,10,24,23,20,2,10文山區,文山區辛亥路4段100號與辛亥路4段口前,0,0,1,1,C03,8,3,5,50,3,1,1,5,4,5,7,2,1,5,2,5,2,17,1,21,2,7,1,1,7,5,1,10,1,13,,8,8,1,22,9,121.5580895,25.00613393
111,10,24,23,20,2,10文山區,文山區辛亥路4段100號與辛亥路4段口前,0,0,1,2,B03,8,3,5,50,3,1,1,5,4,5,7,2,1,5,2,5,2,17,1,70,3,10,1,1,7,9,1,8,1,1,,26,8,1,22,9,121.5580895,25.00613393
111,10,25,4,55,2,10文山區,文山區木新路3段與木新路3段74巷口,0,0,1,1,C03,8,3,5,50,3,2,1,5,4,5,7,4,4,5,2,5,2,17,1,56,2,9,3,4,7,9,1,10,2,15,,23,23,1,22,9,121.5634665,24.98232934
111,10,25,4,55,2,10文山區,文山區木新路3段與木新路3段74巷口,0,0,1,2,A11,8,3,5,50,3,2,1,5,4,5,7,4,4,5,2,5,2,17,1,66,3,10,3,4,7,14,1,3,2,7,,38,23,1,22,9,121.5634665,24.98232934
111,10,25,6,50,2,09北投區,北投區石牌路2段201號,0,0,1,1,C03,8,1,5,50,14,9,1,5,4,5,7,2,1,5,4,5,1,13,1,47,2,9,1,1,7,9,1,10,1,11,,16,16,1,22,9,121.5201876,25.11866197
111,10,25,6,50,2,09北投區,北投區石牌路2段201號,0,0,1,2,B03,8,1,5,50,14,9,1,5,4,5,7,2,1,5,4,5,1,13,1,39,3,10,1,1,7,9,1,8,1,7,,44,16,1,22,9,121.5201876,25.11866197
111,10,25,6,57,2,05中正區,中正區三元街與南海路口,0,0,2,1,F01,8,1,5,50,14,9,1,5,4,5,7,1,1,9,4,5,2,16,1,15,2,8,1,1,7,9,8,20,1,16,,25,25,1,22,9,121.5089227,25.0295965
111,10,25,6,57,2,05中正區,中正區三元街與南海路口,0,0,2,2,C03,8,1,5,50,14,9,1,5,4,5,7,1,1,9,4,5,2,16,1,78,2,8,1,1,7,1,1,10,1,14,,44,25,1,22,9,121.5089227,25.0295965
111,10,25,7,28,2,12內湖區,內湖區內湖路2段175號前,0,0,2,1,C03,8,1,5,50,14,9,1,5,4,5,7,4,4,9,5,5,2,3,1,69,2,9,1,1,7,9,1,10,1,11,,23,23,1,22,9,121.5857839,25.08095413
111,10,25,7,28,2,12內湖區,內湖區內湖路2段175號前,0,0,2,2,H01,8,1,5,50,14,9,1,5,4,5,7,4,4,9,5,5,2,3,1,88,2,9,4,1,8,20,8,20,1,16,,51,23,1,22,9,121.5857839,25.08095413
111,10,25,7,30,2,03中山區,中山區吉林路12巷與吉林路口,0,0,1,1,B03,8,1,5,50,14,9,1,5,4,5,7,4,4,5,4,5,2,17,1,46,3,10,1,1,7,1,1,8,1,15,,19,19,1,22,9,121.5300743,25.05002635
111,10,25,7,30,2,03中山區,中山區吉林路12巷與吉林路口,0,0,1,2,C03,8,1,5,50,14,9,1,5,4,5,7,4,4,5,4,5,2,17,1,27,2,9,1,1,7,9,1,10,1,12,,44,19,1,22,9,121.5300743,25.05002635
111,10,25,7,51,2,07信義區,信義區逸仙路與逸仙路50巷口,0,0,1,1,B03,8,1,5,30,3,2,1,5,4,5,7,4,4,5,5,5,2,17,2,43,3,10,2,4,7,5,1,8,1,8,,6,6,1,22,9,121.5615848,25.0406341
111,10,25,7,51,2,07信義區,信義區逸仙路與逸仙路50巷口,0,0,1,2,C03,8,1,5,30,3,2,1,5,4,5,7,4,4,5,5,5,2,17,2,35,2,9,3,4,7,14,1,10,1,11,,44,6,1,22,9,121.5615848,25.0406341
111,10,25,8,0,2,02萬華區,萬華區忠孝橋往台北市與忠孝西路2段口機車道,0,0,2,1,C03,7,1,7,40,14,11,1,5,4,5,7,4,4,1,5,5,1,13,2,34,2,9,1,1,7,9,1,10,1,11,,16,16,1,22,9,121.5059213,25.0490259
111,10,25,8,0,2,02萬華區,萬華區忠孝橋往台北市與忠孝西路2段口機車道,0,0,2,2,C03,7,1,7,40,14,11,1,5,4,5,7,4,4,1,5,5,1,13,1,20,3,10,1,1,7,12,1,10,1,13,,44,16,1,22,9,121.5059213,25.0490259
111,10,25,8,0,2,02萬華區,萬華區忠孝橋往台北市與忠孝西路2段口機車道,0,0,2,3,H02,7,1,7,40,14,11,1,5,4,5,7,4,4,1,5,5,1,13,2,22,2,8,1,1,7,20,8,20,10,16,,67,16,1,22,9,121.5059213,25.0490259
111,10,25,8,5,2,10文山區,文山區辛亥路7段140號停車格,0,0,1,1,B03,8,1,5,50,14,9,1,5,4,5,7,4,4,1,4,5,2,12,1,60,3,10,1,1,7,1,1,8,1,4,,19,19,1,22,9,121.553621,24.9808961
111,10,25,8,5,2,10文山區,文山區辛亥路7段140號停車格,0,0,1,2,C02,8,1,5,50,14,9,1,5,4,5,7,4,4,1,4,5,2,12,1,32,2,9,1,1,7,8,1,9,1,12,,44,19,1,22,9,121.553621,24.9808961
111,10,25,8,10,2,12內湖區,內湖區內湖路2段253巷1弄與內湖路2段263巷口,0,0,1,1,B03,8,1,5,30,4,2,1,5,4,5,7,4,4,10,5,5,1,11,2,33,3,10,3,4,7,5,1,8,1,1,,8,8,1,22,9,121.590171,25.0825015
111,10,25,8,10,2,12內湖區,內湖區內湖路2段253巷1弄與內湖路2段263巷口,0,0,1,2,C03,8,1,5,30,4,2,1,5,4,5,7,4,4,10,5,5,1,11,2,56,2,8,3,4,7,5,1,10,1,14,,8,8,1,22,9,121.590171,25.0825015
111,10,25,8,12,2,10文山區,文山區試院路8-1號對面,0,0,1,2,C03,8,1,5,30,14,9,1,5,4,5,7,4,4,9,5,5,2,16,2,54,2,8,1,1,7,9,1,10,1,11,,44,7,1,22,1,121.5494529,24.988425
111,10,25,8,12,2,10文山區,文山區試院路8-1號對面,0,0,1,1,C03,8,1,5,30,14,9,1,5,4,5,7,4,4,9,5,5,2,16,2,18,3,10,1,1,7,10,1,10,1,11,,7,7,1,18,2,121.5494529,24.988425
111,10,25,8,25,2,01大同區,大同區塔城街與忠孝西路2段口,0,0,2,1,C03,8,1,5,50,4,1,1,5,4,5,7,2,1,8,3,5,2,12,1,19,2,9,1,1,7,9,1,10,1,11,,23,23,1,22,9,121.5099015,25.04829641
111,10,25,8,25,2,01大同區,大同區塔城街與忠孝西路2段口,0,0,2,2,C03,8,1,5,50,4,1,1,5,4,5,7,2,1,8,3,5,2,12,2,51,2,9,1,1,7,9,4,8,1,15,,44,23,1,22,9,121.5099015,25.04829641
111,10,25,8,30,2,07信義區,信義區富陽街71巷與富陽街21巷口,0,0,1,1,B03,8,1,5,30,4,2,1,5,4,5,7,4,4,10,5,5,2,17,1,38,3,10,1,1,7,9,1,8,1,1,,6,6,1,22,9,121.557737,25.0221479
111,10,25,8,30,2,07信義區,信義區富陽街71巷與富陽街21巷口,0,0,1,2,C03,8,1,5,30,4,2,1,5,4,5,7,4,4,10,5,5,2,17,1,26,2,9,1,1,7,9,1,10,1,12,,14,6,1,22,9,121.557737,25.0221479
111,10,25,8,34,2,09北投區,北投區大度路3段296巷45號,0,0,2,1,C03,8,1,5,30,14,9,1,5,4,5,7,4,4,10,5,5,2,16,2,28,2,9,1,1,7,5,1,10,1,14,,8,8,1,22,9,121.4667924,25.1242528
111,10,25,8,34,2,09北投區,北投區大度路3段296巷45號,0,0,2,2,C03,8,1,5,30,14,9,1,5,4,5,7,4,4,10,5,5,2,16,1,39,2,8,1,1,7,9,1,10,1,11,,5,8,1,22,9,121.4667924,25.1242528
111,10,25,8,53,2,03中山區,中山區合江街180巷與建國北路2段口,0,0,1,1,C03,8,1,5,50,3,2,1,5,4,5,7,4,4,1,4,5,2,16,2,69,2,9,1,1,7,6,1,10,1,12,,9,9,1,22,9,121.53725,25.06105918
111,10,25,8,53,2,03中山區,中山區合江街180巷與建國北路2段口,0,0,1,2,C03,8,1,5,50,3,2,1,5,4,5,7,4,4,1,4,5,2,16,1,19,3,10,1,1,7,9,1,10,1,11,,14,9,1,22,9,121.53725,25.06105918
111,10,25,8,55,2,07信義區,信義區虎林街30巷與虎林街46巷口,0,0,2,1,C03,8,1,5,30,4,1,1,5,4,5,7,4,4,10,5,5,2,17,1,25,2,7,1,1,7,9,1,10,1,14,,6,6,1,22,9,121.5759812,25.04724507
111,10,25,8,55,2,07信義區,信義區虎林街30巷與虎林街46巷口,0,0,2,2,C03,8,1,5,30,4,1,1,5,4,5,7,4,4,10,5,5,2,17,1,22,2,7,1,1,7,9,1,10,1,11,,13,6,1,22,9,121.5759812,25.04724507
111,10,25,9,10,2,02萬華區,萬華區大理街與西園路1段口,0,0,1,1,B03,7,1,5,50,4,2,1,5,4,5,7,1,1,1,4,4,1,2,1,46,3,10,1,1,7,5,1,8,2,1,,15,15,1,22,9,121.4987823,25.03445537
111,10,25,9,10,2,02萬華區,萬華區大理街與西園路1段口,0,0,1,2,H01,7,1,5,50,4,2,1,5,4,5,7,1,1,1,4,4,1,2,2,23,2,8,4,5,8,16,8,20,10,16,,51,15,1,22,9,121.4987823,25.03445537
111,10,25,9,31,2,05中正區,中正區中華路2段75巷1弄39號,0,0,1,1,C03,8,1,5,30,14,9,1,5,4,5,7,4,4,10,5,5,2,12,1,69,2,3,1,1,7,5,1,10,2,12,,6,6,1,22,9,121.5067844,25.0349535
111,10,25,9,31,2,05中正區,中正區中華路2段75巷1弄39號,0,0,1,2,B01,8,1,5,30,14,9,1,5,4,5,7,4,4,10,5,5,2,12,1,68,3,10,1,1,7,9,1,4,2,8,,14,6,1,22,9,121.5067844,25.0349535
111,10,25,9,45,2,05中正區,中正區重慶南路1段與貴陽街1段口,0,0,1,1,A03,7,1,5,50,4,1,1,5,4,5,7,2,1,5,4,4,2,9,4,,,,,,,,,,9,,,43,,1,,,121.5127734,25.0387825
111,10,25,9,45,2,05中正區,中正區重慶南路1段與貴陽街1段口,0,0,1,2,H02,7,1,5,50,4,1,1,5,4,5,7,2,1,5,4,4,2,9,2,45,2,6,4,5,7,17,8,20,10,16,,67,,1,22,9,121.5127734,25.0387825
111,10,25,9,47,2,12內湖區,內湖區成功路2段236號與成功路2段口前,0,0,1,1,C03,8,1,5,30,3,1,1,5,4,5,7,4,4,10,5,5,2,16,1,31,2,9,1,1,7,6,1,10,1,11,,23,23,1,22,9,121.5900274,25.06557587
111,10,25,9,47,2,12內湖區,內湖區成功路2段236號與成功路2段口前,0,0,1,2,B12,8,1,5,30,3,1,1,5,4,5,7,4,4,10,5,5,2,16,1,59,3,10,1,1,7,9,1,4,1,8,,14,23,1,22,9,121.5900274,25.06557587
111,10,25,9,51,2,05中正區,中正區重慶南路1段122號,0,0,2,1,C03,8,1,5,50,14,9,1,5,4,5,7,1,1,10,5,5,1,17,2,19,2,9,1,1,7,9,1,10,2,11,,16,16,1,22,9,121.5128687,25.0400144
111,10,25,9,51,2,05中正區,中正區重慶南路1段122號,0,0,2,2,F01,8,1,5,50,14,9,1,5,4,5,7,1,1,10,5,5,1,17,1,61,3,10,1,1,7,9,8,20,2,16,,44,16,1,22,9,121.5128687,25.0400144
111,10,25,9,51,2,05中正區,中正區重慶南路1段122號,0,0,2,3,C03,8,1,5,50,14,9,1,5,4,5,7,1,1,10,5,5,1,17,2,70,2,9,1,1,7,9,1,10,2,11,,44,16,1,22,9,121.5128687,25.0400144
111,10,25,9,53,2,03中山區,中山區中山北路2段與民權西路口,0,0,2,1,C03,8,1,5,50,4,1,1,5,4,5,7,2,1,3,4,5,2,15,1,39,2,9,1,4,7,9,1,10,1,11,,43,43,1,22,9,121.5225795,25.0640865