發生年度,發生月,發生日,發生時-Hours,發生分,處理別-編號,區序,肇事地點,死亡人數,2-30日死亡人數,受傷人數,當事人序號,車種,天候,光線,道路類別,速限-速度限制,道路型態,事故位置,路面狀況1,路面狀況2,路面狀況3,道路障礙1,道路障礙2,號誌1,號誌2,車道劃分-分向,車道劃分-分道1,車道劃分-分道2,車道劃分-分道3,事故類型及型態,性別,年齡,受傷程度,主要傷處,安全帽,行動電話,車輛用途,當事者行動狀態,駕駛資格情形,駕駛執照種類,飲酒情形,車輛撞擊部位1,車輛撞擊部位2,肇因碼-個別,肇因碼-主要,個人肇逃否,職業,旅次目的,座標-X,座標-Y
111,10,25,9,53,2,03中山區,中山區中山北路2段與民權西路口,0,0,2,2,C03,8,1,5,50,4,1,1,5,4,5,7,2,1,3,4,5,2,15,2,25,2,9,1,4,7,1,1,10,1,11,,44,43,1,22,9,121.5225795,25.0640865
111,10,25,10,5,2,02萬華區,萬華區環河南路2段125巷9號,0,0,1,1,B03,8,1,5,30,14,9,1,5,4,5,7,4,4,10,5,5,2,13,1,51,3,10,3,4,7,9,1,8,1,5,,44,44,1,22,9,121.4938486,25.03415467
111,10,25,10,5,2,02萬華區,萬華區環河南路2段125巷9號,0,0,1,2,C03,8,1,5,30,14,9,1,5,4,5,7,4,4,10,5,5,2,13,1,17,2,9,3,4,7,13,2,18,9,13,,44,44,1,22,9,121.4938486,25.03415467
111,10,25,11,4,2,01大同區,大同區承德路2段168號,0,0,2,1,C03,8,1,5,50,14,9,1,5,4,5,7,4,4,1,4,5,2,13,2,22,2,7,1,1,7,9,1,10,1,11,,16,16,1,22,9,121.5181421,25.06100052
111,10,25,11,4,2,01大同區,大同區承德路2段168號,0,0,2,2,C03,8,1,5,50,14,9,1,5,4,5,7,4,4,1,4,5,2,13,1,64,2,7,1,1,7,9,1,10,1,11,,16,16,1,22,9,121.5181421,25.06100052
111,10,25,11,4,2,01大同區,大同區承德路2段168號,0,0,2,3,C02,8,1,5,50,14,9,1,5,4,5,7,4,4,1,4,5,2,13,1,30,3,10,1,1,7,7,1,9,1,13,,7,16,1,22,9,121.5181421,25.06100052
111,10,25,11,16,2,07信義區,信義區松仁路38號,0,0,2,1,C03,8,1,5,50,14,9,1,5,4,5,7,4,4,10,4,5,2,13,1,18,2,7,1,1,7,9,1,10,1,11,,23,16,1,22,9,121.5682651,25.0380486
111,10,25,11,16,2,07信義區,信義區松仁路38號,0,0,2,2,B01,8,1,5,50,14,9,1,5,4,5,7,4,4,10,4,5,2,13,1,56,3,10,1,1,7,6,1,4,1,7,,44,16,1,22,9,121.5682651,25.0380486
111,10,25,11,16,2,07信義區,信義區松仁路38號,0,0,2,3,H02,8,1,5,50,14,9,1,5,4,5,7,4,4,10,4,5,2,13,2,18,2,8,4,5,7,20,8,20,10,16,,67,16,1,22,9,121.5682651,25.0380486
111,10,25,11,25,2,12內湖區,內湖區潭美街852號對面,0,0,2,1,C03,8,1,5,40,14,9,1,5,4,5,7,4,4,9,5,5,2,12,1,38,2,9,1,1,7,1,1,10,1,12,,19,19,1,22,9,121.6081201,25.06297676
111,10,25,11,25,2,12內湖區,內湖區潭美街852號對面,0,0,2,2,C03,8,1,5,40,14,9,1,5,4,5,7,4,4,9,5,5,2,12,1,23,2,9,1,1,7,9,1,10,1,14,,44,19,1,22,9,121.6081201,25.06297676
111,10,25,11,55,2,06松山區,松山區民生東路4段68號,0,0,1,1,A02,8,1,5,50,14,9,1,5,4,5,7,4,4,1,4,5,2,9,1,61,3,10,1,1,7,9,1,2,9,1,,44,44,1,22,9,121.5524,25.05797736
111,10,25,11,55,2,06松山區,松山區民生東路4段68號,0,0,1,2,H02,8,1,5,50,14,9,1,5,4,5,7,4,4,1,4,5,2,9,2,66,2,9,4,5,7,17,8,20,10,16,,67,44,1,22,9,121.5524,25.05797736
111,10,25,11,55,2,06松山區,松山區民生東路4段68號,0,0,1,3,B03,8,1,5,50,14,9,1,5,4,5,7,4,4,1,4,5,2,9,1,62,3,10,1,1,7,8,1,8,9,2,,7,44,1,22,9,121.5524,25.05797736
111,10,25,12,0,2,03中山區,中山區松江路與農安街口,0,0,2,1,C03,8,1,5,50,4,1,1,5,4,5,7,1,1,5,5,5,2,16,2,40,2,9,1,4,7,5,1,10,1,12,,8,8,1,22,9,121.5332549,25.064717
111,10,25,12,0,2,03中山區,中山區松江路與農安街口,0,0,2,2,C03,8,1,5,50,4,1,1,5,4,5,7,1,1,5,5,5,2,16,1,64,2,9,1,4,7,9,1,10,1,11,,44,8,1,22,9,121.5332549,25.064717
111,10,25,12,0,2,05中正區,中正區八德路1段與臨沂街口口,0,0,1,1,B03,8,1,5,50,3,2,1,5,4,5,7,4,4,9,4,5,1,16,2,32,3,10,1,1,7,11,1,8,1,8,,10,10,1,21,1,121.5309703,25.0438893
111,10,25,12,0,2,05中正區,中正區八德路1段與臨沂街口口,0,0,1,2,C03,8,1,5,50,3,2,1,5,4,5,7,4,4,9,4,5,1,16,1,44,2,9,1,1,7,9,1,10,1,11,,23,10,1,21,3,121.5309703,25.0438893
111,10,25,12,0,2,05中正區,中正區中正橋與水源快速道路口匝道,0,0,2,1,B03,7,1,5,30,3,1,1,5,4,5,7,4,4,10,4,5,2,12,1,36,3,10,1,1,7,6,1,8,1,6,,9,9,1,22,9,121.5165581,25.0214337
111,10,25,12,0,2,05中正區,中正區中正橋與水源快速道路口匝道,0,0,2,2,C03,7,1,5,30,3,1,1,5,4,5,7,4,4,10,4,5,2,12,1,25,2,9,1,1,7,9,1,10,1,14,,23,9,1,22,9,121.5165581,25.0214337
111,10,25,12,0,2,05中正區,中正區中正橋與水源快速道路口匝道,0,0,2,3,H02,7,1,5,30,3,1,1,5,4,5,7,4,4,10,4,5,2,12,2,23,2,9,4,5,7,20,8,20,10,16,,67,9,1,22,9,121.5165581,25.0214337
111,10,25,12,10,2,03中山區,中山區新生北路2段108號,0,0,1,1,B01,7,1,5,50,14,9,1,5,4,5,7,4,4,8,5,5,2,17,1,57,3,10,3,4,7,11,1,4,2,15,,10,10,1,22,9,121.5273725,25.06007612
111,10,25,12,10,2,03中山區,中山區新生北路2段108號,0,0,1,2,C03,7,1,5,50,14,9,1,5,4,5,7,4,4,8,5,5,2,17,2,47,2,9,3,4,7,9,1,10,2,12,,44,10,1,22,9,121.5273725,25.06007612
111,10,25,12,42,2,07信義區,信義區松智路與松壽路口(市政府松壽公車站),0,0,1,1,C03,8,1,5,50,14,9,1,5,4,5,7,4,4,9,4,5,2,17,1,38,3,10,1,1,7,11,1,10,1,13,,10,10,1,22,9,121.565024,25.0358084
111,10,25,12,42,2,07信義區,信義區松智路與松壽路口(市政府松壽公車站),0,0,1,2,C03,8,1,5,50,14,9,1,5,4,5,7,4,4,9,4,5,2,17,1,35,2,9,1,1,7,9,1,10,1,11,,44,10,1,22,9,121.565024,25.0358084
111,10,25,12,49,2,07信義區,信義區吳興街284巷22弄與吳興街284巷24弄口,0,0,1,1,C03,7,1,5,30,4,1,1,5,4,5,7,4,4,10,5,5,2,15,1,20,2,9,1,1,7,9,1,10,1,11,,6,6,1,22,9,121.5615338,25.0231349
111,10,25,12,49,2,07信義區,信義區吳興街284巷22弄與吳興街284巷24弄口,0,0,1,2,B03,7,1,5,30,4,1,1,5,4,5,7,4,4,10,5,5,2,15,1,38,3,10,1,1,7,9,1,8,1,4,,14,6,1,22,9,121.5615338,25.0231349
111,10,25,13,5,2,01大同區,大同區鄭州路與西寧北路口,0,0,1,2,C03,8,1,5,40,4,1,1,5,4,5,7,2,1,1,2,5,2,13,1,20,3,10,1,1,7,5,1,10,1,13,,44,26,1,22,9,121.5082021,25.0506052
111,10,25,13,5,2,01大同區,大同區鄭州路與西寧北路口,0,0,1,1,C03,8,1,5,40,4,1,1,5,4,5,7,2,1,1,2,5,2,13,2,32,2,7,1,1,7,9,1,10,1,11,,26,26,1,22,9,121.5082021,25.0506052
111,10,25,13,30,2,03中山區,中山區建國北路1段與長安東路2段口,0,0,1,1,B02,8,1,5,40,4,1,1,5,4,5,7,1,1,1,4,5,2,12,1,67,3,10,1,1,7,6,1,7,1,6,,26,26,1,22,9,121.5369849,25.0483426
111,10,25,13,30,2,03中山區,中山區建國北路1段與長安東路2段口,0,0,1,2,C03,8,1,5,40,4,1,1,5,4,5,7,1,1,1,4,5,2,12,2,32,2,9,1,1,7,9,1,10,1,14,,44,26,1,22,9,121.5369849,25.0483426
111,10,25,13,45,2,02萬華區,萬華區康定路與桂林路口,0,0,1,1,C03,8,1,5,40,4,1,1,5,4,5,7,1,1,8,3,4,2,16,1,61,2,9,1,4,7,5,1,10,1,13,,8,8,1,22,9,121.5016226,25.0383784
111,10,25,13,45,2,02萬華區,萬華區康定路與桂林路口,0,0,1,2,B03,8,1,5,40,4,1,1,5,4,5,7,1,1,8,3,4,2,16,1,39,3,10,3,4,7,9,1,8,1,5,,44,8,1,22,9,121.5016226,25.0383784
111,10,25,13,45,2,02萬華區,萬華區康定路與桂林路口,0,0,1,3,,8,1,5,40,4,1,1,5,4,5,7,1,1,8,3,4,2,16,3,,,,,,,,,,,,,67,8,1,,,121.5016226,25.0383784
111,10,25,13,55,2,03中山區,中山區松江路221巷5號,0,0,1,1,B11,7,1,5,30,14,9,1,5,4,5,7,4,4,10,5,5,2,9,1,45,3,10,3,4,7,9,1,8,2,2,,44,44,1,22,9,121.5343791,25.05834077
111,10,25,13,55,2,03中山區,中山區松江路221巷5號,0,0,1,2,H01,7,1,5,30,14,9,1,5,4,5,7,4,4,10,5,5,2,9,2,25,2,9,4,5,8,20,8,20,10,16,,54,44,1,22,9,121.5343791,25.05834077
111,10,25,13,55,2,03中山區,中山區松江路221巷5號,0,0,1,3,H03,7,1,5,30,14,9,1,5,4,5,7,4,4,10,5,5,2,9,1,37,3,10,4,5,8,20,8,20,10,16,,67,44,1,22,9,121.5343791,25.05834077
111,10,25,13,57,2,07信義區,信義區忠孝東路4段與光復南路口,0,0,1,1,B11,8,1,5,50,4,1,1,5,4,5,7,1,1,1,2,5,2,12,1,31,3,10,1,1,7,6,1,8,1,2,,9,9,1,22,9,121.5578526,25.0414482
111,10,25,13,57,2,07信義區,信義區忠孝東路4段與光復南路口,0,0,1,2,C03,8,1,5,50,4,1,1,5,4,5,7,1,1,1,2,5,2,12,1,47,2,7,1,1,7,9,1,10,1,14,,44,9,1,22,9,121.5578526,25.0414482
111,10,25,14,30,2,03中山區,中山區建國北路2段258巷與民權東路2段152巷口,0,0,1,1,B03,8,1,5,30,4,1,1,5,4,5,7,4,4,9,5,5,2,16,1,44,3,10,1,1,7,5,1,8,1,8,,6,6,1,22,9,121.5348699,25.061795
111,10,25,14,30,2,03中山區,中山區建國北路2段258巷與民權東路2段152巷口,0,0,1,2,C03,8,1,5,30,4,1,1,5,4,5,7,4,4,9,5,5,2,16,1,25,2,8,1,1,7,9,1,10,1,12,,44,6,1,22,9,121.5348699,25.061795
111,10,25,14,30,2,03中山區,中山區建國北路2段258巷與民權東路2段152巷口,0,0,1,3,B03,8,1,5,30,4,1,1,5,4,5,7,4,4,9,5,5,2,16,1,43,4,11,3,4,7,15,7,19,11,15,,38,6,2,22,9,121.5348699,25.061795
111,10,25,14,55,2,02萬華區,萬華區堤外便道與長順街口底水門口,0,0,1,1,B12,7,1,5,50,4,1,1,5,4,5,7,1,1,10,5,5,2,16,1,61,3,10,1,1,7,9,1,8,1,2,,43,43,1,22,9,121.4887421,25.03240086
111,10,25,14,55,2,02萬華區,萬華區堤外便道與長順街口底水門口,0,0,1,2,C03,7,1,5,50,4,1,1,5,4,5,7,1,1,10,5,5,2,16,1,32,2,9,1,1,7,9,1,10,1,11,,43,43,1,22,9,121.4887421,25.03240086
111,10,25,15,0,2,01大同區,大同區民權西路160巷26弄與民權西路184巷口口,0,0,1,1,C03,8,1,5,30,4,1,1,5,4,5,7,4,4,9,4,5,2,12,1,43,2,9,1,1,7,9,1,10,1,15,,23,23,1,22,9,121.5146412,25.06165749
111,10,25,15,0,2,01大同區,大同區民權西路160巷26弄與民權西路184巷口口,0,0,1,2,C03,8,1,5,30,4,1,1,5,4,5,7,4,4,9,4,5,2,12,1,47,3,10,1,1,7,6,1,10,1,15,,9,23,1,22,9,121.5146412,25.06165749
111,10,25,15,58,2,03中山區,中山區錦西街與錦西街5巷口,0,0,1,1,C03,7,1,5,50,4,2,1,5,4,5,7,4,4,8,5,5,2,13,1,55,2,7,3,4,7,9,6,18,1,11,,16,16,1,22,9,121.522047,25.0603336
111,10,25,15,58,2,03中山區,中山區錦西街與錦西街5巷口,0,0,1,2,B01,7,1,5,50,4,2,1,5,4,5,7,4,4,8,5,5,2,13,1,52,3,10,3,4,7,14,1,4,1,6,,44,16,1,22,9,121.522047,25.0603336
111,10,25,16,5,2,01大同區,大同區民生西路與民生西路171巷口,0,0,1,1,C03,8,1,5,50,3,1,1,5,4,5,7,4,4,4,4,5,2,16,1,70,3,10,3,4,7,5,3,18,1,12,,8,8,1,22,9,121.5172836,25.05725217
111,10,25,16,5,2,01大同區,大同區民生西路與民生西路171巷口,0,0,1,2,C03,8,1,5,50,3,1,1,5,4,5,7,4,4,4,4,5,2,16,1,38,2,9,3,4,7,9,1,10,1,11,,44,8,1,22,9,121.5172836,25.05725217
111,10,25,16,10,2,10文山區,文山區木柵路1段191巷與木柵路1段191巷口全聯停車場出入口,0,0,1,1,B03,8,1,5,30,4,2,1,5,4,5,7,4,4,10,5,5,1,3,2,54,3,10,2,1,7,5,1,8,1,8,,23,23,1,22,9,121.551208,24.98835263
111,10,25,16,10,2,10文山區,文山區木柵路1段191巷與木柵路1段191巷口全聯停車場出入口,0,0,1,2,H01,8,1,5,30,4,2,1,5,4,5,7,4,4,10,5,5,1,3,2,72,2,9,4,5,8,16,8,20,1,15,,51,23,1,22,9,121.551208,24.98835263
111,10,25,16,30,2,05中正區,中正區中山南路與愛國西路口,0,0,1,2,C03,7,1,5,50,4,1,1,5,4,5,7,1,1,9,3,5,2,17,2,34,2,8,1,1,7,9,1,10,1,11,,44,9,1,22,9,121.5166126,25.03482877
111,10,25,16,30,2,05中正區,中正區中山南路與愛國西路口,0,0,1,1,C03,7,1,5,50,4,1,1,5,4,5,7,1,1,9,3,5,2,17,2,25,3,10,1,1,7,6,1,10,1,13,,9,9,1,22,9,121.5166126,25.03482877
111,10,25,16,40,2,07信義區,信義區大道路與大道路28巷口,0,0,2,1,C03,8,1,5,30,5,1,1,5,4,5,7,4,4,10,3,5,1,15,1,75,2,8,1,1,7,9,1,10,1,14,,6,6,1,22,9,121.5819041,25.0419309
111,10,25,16,40,2,07信義區,信義區大道路與大道路28巷口,0,0,2,2,C02,8,1,5,30,5,1,1,5,4,5,7,4,4,10,3,5,1,15,1,40,2,9,1,1,7,9,1,9,1,14,,14,6,1,22,9,121.5819041,25.0419309
111,10,25,16,45,2,10文山區,文山區羅斯福路5段24號,0,0,1,1,F01,8,1,5,50,14,9,1,5,4,5,7,4,4,1,4,5,2,13,1,15,2,9,1,1,7,9,8,20,2,16,,23,23,1,22,9,121.5374856,25.00927084
111,10,25,16,45,2,10文山區,文山區羅斯福路5段24號,0,0,1,2,B03,8,1,5,50,14,9,1,5,4,5,7,4,4,1,4,5,2,13,1,60,3,10,1,1,7,13,1,8,11,3,,38,23,1,22,9,121.5374856,25.00927084
111,10,25,17,6,1,04大安區,大安區復興南路1段340巷口附近,1,0,0,1,C03,8,2,5,50,14,9,1,5,4,5,7,4,4,1,4,5,2,13,1,54,1,9,1,1,7,9,6,10,6,11,,23,23,1,22,9,121.5435315,25.036037
111,10,25,17,6,1,04大安區,大安區復興南路1段340巷口附近,1,0,0,2,B03,8,2,5,50,14,9,1,5,4,5,7,4,4,1,4,5,2,13,1,71,3,10,3,4,7,14,1,8,2,3,,44,23,1,22,9,121.5435315,25.036037
111,10,25,17,17,2,08士林區,士林區中正路174號,0,0,1,1,C03,8,3,5,50,14,9,1,5,4,5,7,4,4,1,4,5,1,13,2,62,2,9,1,1,7,9,1,10,1,11,,16,16,1,22,9,121.5276448,25.09574282
111,10,25,17,17,2,08士林區,士林區中正路174號,0,0,1,2,B03,8,3,5,50,14,9,1,5,4,5,7,4,4,1,4,5,1,13,2,55,3,10,1,1,7,9,1,8,1,6,,44,16,1,22,9,121.5276448,25.09574282
111,10,25,17,27,2,06松山區,松山區民生東路4段133號,0,0,1,1,C03,8,3,5,50,14,8,1,5,4,5,7,2,1,9,4,4,2,13,2,26,3,10,1,1,7,9,1,10,1,11,,16,16,1,22,9,121.5552288,25.0583116
111,10,25,17,27,2,06松山區,松山區民生東路4段133號,0,0,1,2,C03,8,3,5,50,14,8,1,5,4,5,7,2,1,9,4,4,2,13,2,55,2,9,1,1,7,9,1,10,1,13,,44,16,1,22,9,121.5552288,25.0583116
111,10,25,17,31,2,05中正區,中正區博愛路與衡陽路口,0,0,2,1,C03,8,3,5,50,4,2,1,5,4,5,7,2,1,10,4,5,2,12,1,19,2,9,1,1,7,5,1,10,2,14,,8,8,1,18,5,121.5115089,25.0421563
111,10,25,17,31,2,05中正區,中正區博愛路與衡陽路口,0,0,2,2,C03,8,3,5,50,4,2,1,5,4,5,7,2,1,10,4,5,2,12,1,36,2,9,1,1,7,9,1,10,2,11,,44,8,1,22,1,121.5115089,25.0421563
111,10,25,17,34,2,11南港區,南港區玉成街166巷與中坡南路口,0,0,2,1,C03,8,3,5,30,4,1,1,5,4,5,7,4,4,5,5,4,2,3,2,63,2,9,1,1,7,9,1,10,2,11,,15,15,1,22,9,121.5828366,25.0434296
111,10,25,17,34,2,11南港區,南港區玉成街166巷與中坡南路口,0,0,2,2,H01,8,3,5,30,4,1,1,5,4,5,7,4,4,5,5,4,2,3,2,52,2,9,4,5,8,16,8,20,10,16,,67,15,1,22,9,121.5828366,25.0434296
111,10,25,17,40,2,12內湖區,內湖區行忠路與行愛路口,0,0,1,1,C03,8,1,5,50,4,1,1,5,4,5,7,1,1,1,3,5,1,11,1,43,2,9,3,4,7,5,1,10,1,11,,8,8,1,22,9,121.5788322,25.0659523
111,10,25,17,40,2,12內湖區,內湖區行忠路與行愛路口,0,0,1,2,B03,8,1,5,50,4,1,1,5,4,5,7,1,1,1,3,5,1,11,1,59,3,10,3,4,7,9,1,8,1,4,,44,8,1,22,9,121.5788322,25.0659523
111,10,25,17,52,2,01大同區,大同區環河北路2段47號,0,0,1,1,C03,8,1,5,50,14,9,1,5,4,5,7,4,4,1,4,5,2,12,2,34,2,8,3,4,7,9,1,10,1,14,,23,23,1,22,9,121.5088135,25.06481972
111,10,25,17,52,2,01大同區,大同區環河北路2段47號,0,0,1,2,B03,8,1,5,50,14,9,1,5,4,5,7,4,4,1,4,5,2,12,1,42,3,10,3,4,7,12,1,8,1,6,,44,23,1,22,9,121.5088135,25.06481972
111,10,25,17,54,2,03中山區,中山區復興北路(復北地下道)(北往南),0,0,2,1,C03,8,3,5,40,7,9,1,5,4,5,7,4,4,1,4,5,2,13,1,31,2,9,3,4,7,9,1,9,1,11,,16,16,1,22,9,121.5442471,25.07186973
111,10,25,17,54,2,03中山區,中山區復興北路(復北地下道)(北往南),0,0,2,2,C03,8,3,5,40,7,9,1,5,4,5,7,4,4,1,4,5,2,13,1,38,2,9,3,4,7,9,1,10,1,13,,44,16,1,22,9,121.5442471,25.07186973
111,10,25,18,3,2,04大安區,大安區信義路2段198巷與永康街13巷口,0,0,1,2,B02,7,3,5,30,4,1,1,5,4,5,7,4,4,10,4,5,1,15,1,40,3,10,1,1,7,9,1,8,1,1,,14,26,1,22,9,121.5305529,25.0327563
111,10,25,18,3,2,04大安區,大安區信義路2段198巷與永康街13巷口,0,0,1,1,C03,7,3,5,30,4,1,1,5,4,5,7,4,4,10,4,5,1,15,2,23,2,9,1,1,7,9,1,10,1,12,,26,26,1,22,9,121.5305529,25.0327563
111,10,25,18,6,2,12內湖區,內湖區康寧路3段189巷與康寧路3段189巷12弄口,0,0,1,1,C03,7,3,5,30,4,1,1,5,4,5,7,4,4,10,5,5,2,16,1,35,4,11,3,4,7,15,7,19,11,15,,44,44,2,22,9,121.6125939,25.07030983
111,10,25,18,6,2,12內湖區,內湖區康寧路3段189巷與康寧路3段189巷12弄口,0,0,1,2,C03,7,3,5,30,4,1,1,5,4,5,7,4,4,10,5,5,2,16,1,38,2,9,1,1,7,15,1,10,1,12,,6,44,1,22,9,121.6125939,25.07030983
111,10,25,18,25,2,11南港區,南港區南港路2段與興華路口,0,0,3,1,C03,7,3,5,50,4,2,1,5,4,5,7,2,1,8,3,4,2,16,1,18,2,7,3,4,7,5,1,10,1,12,,6,6,1,22,9,121.6069089,25.0541512
111,10,25,18,25,2,11南港區,南港區南港路2段與興華路口,0,0,3,2,C03,7,3,5,50,4,2,1,5,4,5,7,2,1,8,3,4,2,16,1,36,2,7,3,4,7,9,1,10,1,11,,44,6,1,22,9,121.6069089,25.0541512
111,10,25,18,25,2,11南港區,南港區南港路2段與興華路口,0,0,3,3,H02,7,3,5,50,4,2,1,5,4,5,7,2,1,8,3,4,2,16,1,17,2,1,4,5,7,20,8,20,10,16,,67,6,1,22,9,121.6069089,25.0541512
111,10,25,18,41,2,04大安區,大安區通安街111號,0,0,1,1,B03,8,3,5,30,14,9,1,5,4,5,7,4,4,10,5,5,2,13,1,31,3,10,3,4,7,9,1,8,1,1,,23,23,1,22,9,121.5530399,25.029747
111,10,25,18,41,2,04大安區,大安區通安街111號,0,0,1,2,C03,8,3,5,30,14,9,1,5,4,5,7,4,4,10,5,5,2,13,1,47,2,7,3,4,7,12,1,9,1,13,,42,23,1,22,9,121.5530399,25.029747
111,10,25,18,45,2,01大同區,大同區台北橋機車道往三重方向,0,0,3,1,C03,7,3,7,50,8,11,1,5,4,5,7,4,4,10,4,5,1,13,2,22,2,8,1,4,7,12,1,10,1,12,,42,42,1,22,9,121.5095761,25.0633096
111,10,25,18,45,2,01大同區,大同區台北橋機車道往三重方向,0,0,3,2,C03,7,3,7,50,8,11,1,5,4,5,7,4,4,10,4,5,1,13,1,22,3,10,1,4,7,9,1,10,1,15,,44,42,1,22,9,121.5095761,25.0633096
111,10,25,18,45,2,01大同區,大同區台北橋機車道往三重方向,0,0,3,3,C03,7,3,7,50,8,11,1,5,4,5,7,4,4,10,4,5,1,13,2,58,2,7,1,4,7,9,1,10,1,11,,23,42,1,22,9,121.5095761,25.0633096
111,10,25,18,45,2,01大同區,大同區台北橋機車道往三重方向,0,0,3,4,C03,7,3,7,50,8,11,1,5,4,5,7,4,4,10,4,5,1,13,1,20,2,9,1,4,7,9,1,10,1,14,,23,42,1,22,9,121.5095761,25.0633096
111,10,25,18,55,2,01大同區,大同區鄭州路與西寧北路口,0,0,1,1,C03,7,3,5,40,4,1,1,5,4,5,7,2,1,1,4,5,2,12,1,64,3,10,1,4,7,9,1,10,2,15,,23,23,1,22,9,121.5081193,25.05039287
111,10,25,18,55,2,01大同區,大同區鄭州路與西寧北路口,0,0,1,2,C03,7,3,5,40,4,1,1,5,4,5,7,2,1,1,4,5,2,12,2,44,2,9,1,4,7,9,1,10,2,12,,44,23,1,22,9,121.5081193,25.05039287
111,10,25,18,57,2,10文山區,文山區羅斯福路4段200號,0,0,1,1,C03,8,3,5,50,16,9,1,5,4,5,7,2,1,1,4,5,2,16,1,29,2,7,1,1,7,8,1,10,2,12,,23,7,1,22,9,121.5370273,25.0109975
111,10,25,18,57,2,10文山區,文山區羅斯福路4段200號,0,0,1,2,B03,8,3,5,50,16,9,1,5,4,5,7,2,1,1,4,5,2,16,2,30,3,10,1,1,7,5,1,8,2,4,,44,7,1,22,9,121.5370273,25.0109975
111,10,25,19,13,2,09北投區,北投區自強街78號,0,0,1,1,C03,7,3,5,50,14,9,1,5,4,5,7,4,4,9,4,5,1,17,2,48,2,9,1,1,7,2,1,10,1,13,,12,12,1,22,9,121.5144505,25.1104938
111,10,25,19,13,2,09北投區,北投區自強街78號,0,0,1,2,B03,7,3,5,50,14,9,1,5,4,5,7,4,4,9,4,5,1,17,1,46,3,10,1,1,7,9,1,4,1,5,,23,12,1,22,9,121.5144505,25.1104938
111,10,25,19,13,2,09北投區,北投區自強街78號,0,0,1,3,C03,7,3,5,50,14,9,1,5,4,5,7,4,4,9,4,5,1,17,1,21,4,11,3,4,7,13,1,10,11,12,,44,12,2,22,9,121.5144505,25.1104938
111,10,25,19,31,2,10文山區,文山區木柵路1段52號,0,0,1,1,B02,8,3,5,50,14,9,2,5,4,5,7,4,4,5,4,5,2,13,1,40,3,10,3,4,7,9,1,8,1,5,,43,43,1,22,9,121.5468432,24.98687738
111,10,25,19,31,2,10文山區,文山區木柵路1段52號,0,0,1,2,C03,8,3,5,50,14,9,2,5,4,5,7,4,4,5,4,5,2,13,1,41,2,8,1,4,7,9,1,10,1,14,,43,43,1,22,9,121.5468432,24.98687738
111,10,25,19,35,2,03中山區,中山區南京東路3段與建國北路1段口,0,0,1,1,B03,8,3,5,50,4,1,1,5,4,5,7,2,1,1,4,5,2,16,1,57,3,10,3,4,7,6,1,8,2,5,,9,9,1,22,9,121.5370442,25.0519208
111,10,25,19,35,2,03中山區,中山區南京東路3段與建國北路1段口,0,0,1,2,C03,8,3,5,50,4,1,1,5,4,5,7,2,1,1,4,5,2,16,1,42,2,9,3,4,7,9,1,10,2,11,,13,9,1,22,9,121.5370442,25.0519208
111,10,25,19,40,2,08士林區,士林區劍潭路與基河路口,0,0,1,1,B12,8,3,5,50,4,1,1,5,4,5,7,2,1,1,5,5,2,15,1,31,3,10,1,1,7,9,1,8,1,4,,25,25,1,22,9,121.5247442,25.0842567
111,10,25,19,40,2,08士林區,士林區劍潭路與基河路口,0,0,1,2,C03,8,3,5,50,4,1,1,5,4,5,7,2,1,1,5,5,2,15,1,33,2,9,1,1,7,9,1,10,1,11,,44,25,1,22,9,121.5247442,25.0842567
111,10,25,20,8,2,10文山區,文山區木柵路4段與和平東路4段口口,0,0,2,1,C03,8,1,5,50,3,1,1,5,4,5,7,2,1,4,4,5,1,12,1,32,2,8,1,4,7,9,1,10,1,11,,23,23,1,22,9,121.5746281,24.99811856
111,10,25,20,8,2,10文山區,文山區木柵路4段與和平東路4段口口,0,0,2,2,C03,8,1,5,50,3,1,1,5,4,5,7,2,1,4,4,5,1,12,1,30,2,7,1,4,7,8,1,10,1,12,,17,23,1,22,9,121.5746281,24.99811856
111,10,25,20,50,2,10文山區,文山區興隆路2段244巷1號,0,0,1,1,B01,8,1,5,50,14,20,1,5,4,5,7,4,4,1,4,5,2,9,1,54,3,10,1,1,7,1,1,4,2,1,,19,19,1,22,9,121.5540829,25.0009124
111,10,25,20,50,2,10文山區,文山區興隆路2段244巷1號,0,0,1,2,H01,8,1,5,50,14,20,1,5,4,5,7,4,4,1,4,5,2,9,2,60,2,5,4,5,8,16,8,20,10,16,,67,19,1,22,9,121.5540829,25.0009124
111,10,25,21,18,2,07信義區,信義區松仁路236號,0,0,1,1,B03,8,3,5,50,14,9,1,5,4,5,7,4,4,8,5,5,1,16,1,57,3,10,3,4,7,6,1,8,1,2,,9,9,1,22,9,121.569239,25.02507084
111,10,25,21,18,2,07信義區,信義區松仁路236號,0,0,1,2,C03,8,3,5,50,14,9,1,5,4,5,7,4,4,8,5,5,1,16,1,34,2,9,1,1,7,9,1,10,1,14,,23,9,1,22,9,121.569239,25.02507084
111,10,25,22,24,2,04大安區,大安區復興南路1段200號,0,0,1,1,C03,8,3,5,50,14,9,1,5,4,5,7,4,4,1,4,5,2,17,1,75,2,9,1,1,7,21,3,18,1,11,,42,42,1,21,8,121.5436264,25.03967668