發生年度,發生月,發生日,發生時-Hours,發生分,處理別-編號,區序,肇事地點,死亡人數,2-30日死亡人數,受傷人數,當事人序號,車種,天候,光線,道路類別,速限-速度限制,道路型態,事故位置,路面狀況1,路面狀況2,路面狀況3,道路障礙1,道路障礙2,號誌1,號誌2,車道劃分-分向,車道劃分-分道1,車道劃分-分道2,車道劃分-分道3,事故類型及型態,性別,年齡,受傷程度,主要傷處,安全帽,行動電話,車輛用途,當事者行動狀態,駕駛資格情形,駕駛執照種類,飲酒情形,車輛撞擊部位1,車輛撞擊部位2,肇因碼-個別,肇因碼-主要,個人肇逃否,職業,旅次目的,座標-X,座標-Y
111,10,25,22,24,2,04大安區,大安區復興南路1段200號,0,0,1,2,A04,8,3,5,50,14,9,1,5,4,5,7,4,4,1,4,5,2,17,1,57,3,10,1,1,7,14,1,2,1,8,,44,42,1,21,8,121.5436264,25.03967668
111,10,25,22,24,2,04大安區,大安區復興南路1段200號,0,0,1,3,,8,3,5,50,14,9,1,5,4,5,7,4,4,1,4,5,2,17,4,,,,,,,,,,11,,,,42,,,,121.5436264,25.03967668
111,10,25,23,5,2,08士林區,士林區中正路與承德路5段口,0,0,1,1,C03,7,3,5,50,4,1,1,5,4,5,7,1,1,10,4,5,1,17,1,24,2,9,1,1,7,9,1,10,2,11,,13,42,1,22,9,121.5162719,25.09101723
111,10,25,23,5,2,08士林區,士林區中正路與承德路5段口,0,0,1,2,B03,7,3,5,50,4,1,1,5,4,5,7,1,1,10,4,5,1,17,1,22,3,10,1,1,7,5,1,8,2,6,,25,42,1,22,9,121.5162719,25.09101723
111,10,26,2,19,2,05中正區,中正區羅斯福路4段70號,0,0,2,1,C03,8,3,5,50,14,9,1,5,4,5,7,1,1,1,4,5,2,12,2,20,2,9,1,1,7,9,1,10,2,14,,23,23,1,22,9,121.5343016,25.01462699
111,10,26,2,19,2,05中正區,中正區羅斯福路4段70號,0,0,2,2,F01,8,3,5,50,14,9,1,5,4,5,7,1,1,1,4,5,2,12,2,18,2,9,1,1,7,8,8,20,2,16,,7,23,1,22,9,121.5343016,25.01462699
111,10,26,2,19,2,05中正區,中正區羅斯福路4段70號,0,0,2,3,H02,8,3,5,50,14,9,1,5,4,5,7,1,1,1,4,5,2,12,1,20,4,11,1,5,7,20,8,20,10,16,,67,23,1,22,9,121.5343016,25.01462699
111,10,26,3,46,2,01大同區,大同區環河北路2段汙水處理廠前,0,0,1,1,B03,7,3,5,50,14,9,1,4,4,5,7,4,4,1,4,5,2,17,1,21,4,11,3,4,7,15,7,19,11,15,,43,43,2,22,9,121.5087679,25.07509422
111,10,26,3,46,2,01大同區,大同區環河北路2段汙水處理廠前,0,0,1,2,C03,7,3,5,50,14,9,1,4,4,5,7,4,4,1,4,5,2,17,1,23,2,9,1,1,7,9,1,10,1,12,,43,43,1,22,9,121.5087679,25.07509422
111,10,26,5,35,2,07信義區,信義區松智路與松廉路口,0,0,1,1,B01,8,1,5,50,3,1,1,5,4,5,7,3,1,10,4,5,2,17,1,54,3,10,1,1,7,9,1,10,1,1,,14,14,1,22,9,121.5653883,25.03394235
111,10,26,5,35,2,07信義區,信義區松智路與松廉路口,0,0,1,2,C03,8,1,5,50,3,1,1,5,4,5,7,3,1,10,4,5,2,17,2,45,2,8,1,1,7,5,3,18,1,13,,6,14,1,22,9,121.5653883,25.03394235
111,10,26,6,30,2,03中山區,中山區合江街與錦州街口,0,0,1,1,B12,8,1,5,50,4,1,1,5,4,5,7,2,1,5,4,5,2,16,1,58,3,10,3,4,7,11,6,8,5,2,,6,6,1,22,9,121.5392059,25.0602722
111,10,26,6,30,2,03中山區,中山區合江街與錦州街口,0,0,1,2,C03,8,1,5,50,4,1,1,5,4,5,7,2,1,5,4,5,2,16,1,66,2,9,1,4,7,9,3,18,2,11,,44,6,1,22,9,121.5392059,25.0602722
111,10,26,6,30,2,03中山區,中山區中山北路3段與民權西路口,0,0,2,1,B03,8,1,5,50,4,1,1,5,4,5,7,1,1,1,3,5,1,13,1,30,3,10,1,1,7,9,3,18,1,5,,23,23,1,22,9,121.5223314,25.0627202
111,10,26,6,30,2,03中山區,中山區中山北路3段與民權西路口,0,0,2,2,C03,8,1,5,50,4,1,1,5,4,5,7,1,1,1,3,5,1,13,1,61,2,8,1,1,7,14,1,10,1,13,,44,23,1,22,9,121.5223314,25.0627202
111,10,26,6,30,2,03中山區,中山區中山北路3段與民權西路口,0,0,2,3,C03,8,1,5,50,4,1,1,5,4,5,7,1,1,1,3,5,1,13,1,24,2,8,1,1,7,14,1,10,1,13,,44,23,1,22,9,121.5223314,25.0627202
111,10,26,6,43,2,08士林區,士林區福國路與文昌路口,0,0,1,1,B12,8,1,5,50,5,1,1,5,4,5,7,2,1,4,1,5,1,17,2,70,3,10,1,1,7,6,1,10,2,4,,9,9,1,22,9,121.5215283,25.1019405
111,10,26,6,43,2,08士林區,士林區福國路與文昌路口,0,0,1,2,C03,8,1,5,50,5,1,1,5,4,5,7,2,1,4,1,5,1,17,2,69,2,7,1,1,7,5,1,10,2,12,,8,9,1,22,9,121.5215283,25.1019405
111,10,26,7,4,2,04大安區,大安區復興南路2段與復興南路2段111巷口,0,0,2,1,C03,8,1,5,30,3,2,1,5,4,5,7,4,4,8,5,5,2,17,1,33,2,9,1,1,7,6,1,10,1,11,,6,6,1,22,9,121.5437019,25.0303802
111,10,26,7,4,2,04大安區,大安區復興南路2段與復興南路2段111巷口,0,0,2,2,F01,8,1,5,30,3,2,1,5,4,5,7,4,4,8,5,5,2,17,1,73,2,9,1,1,7,9,8,20,1,16,,42,6,1,22,9,121.5437019,25.0303802
111,10,26,7,30,2,03中山區,中山區中山北路3段往圓山飯店待轉區,0,0,1,1,C03,8,1,5,50,4,1,1,5,4,5,7,1,1,1,4,5,2,12,1,22,2,8,1,1,7,6,1,10,1,12,,9,9,1,22,9,121.5257628,25.07435682
111,10,26,7,30,2,03中山區,中山區中山北路3段往圓山飯店待轉區,0,0,1,2,C03,8,1,5,50,4,1,1,5,4,5,7,1,1,1,4,5,2,12,2,55,3,10,1,1,7,9,1,10,1,11,,44,9,1,22,9,121.5257628,25.07435682
111,10,26,7,30,2,03中山區,中山區明水路與明水路526巷口,0,0,1,1,C03,8,1,5,40,3,1,1,5,4,5,7,4,4,1,4,4,2,12,1,38,3,10,3,4,7,9,3,18,2,14,,23,23,1,22,9,121.5523762,25.07922323
111,10,26,7,30,2,03中山區,中山區明水路與明水路526巷口,0,0,1,2,C03,8,1,5,40,3,1,1,5,4,5,7,4,4,1,4,4,2,12,2,22,2,9,3,4,7,6,1,10,2,12,,9,23,1,22,9,121.5523762,25.07922323
111,10,26,7,35,2,11南港區,南港區松河街與重陽路263巷口旁無名道,0,0,1,1,B03,8,1,5,40,3,1,1,5,4,5,7,4,4,5,5,5,2,16,1,26,3,10,3,4,7,11,3,18,1,8,,10,10,1,22,9,121.602634,25.05845664
111,10,26,7,35,2,11南港區,南港區松河街與重陽路263巷口旁無名道,0,0,1,2,C03,8,1,5,40,3,1,1,5,4,5,7,4,4,5,5,5,2,16,1,25,2,9,3,4,7,9,1,10,1,11,,44,10,1,22,9,121.602634,25.05845664
111,10,26,7,47,2,08士林區,士林區福林路246-2號,0,0,2,1,C03,8,1,5,50,14,9,1,5,4,5,7,4,4,5,4,5,2,13,1,18,2,9,1,1,7,9,3,18,2,11,,16,16,1,22,9,121.5341555,25.09769868
111,10,26,7,47,2,08士林區,士林區福林路246-2號,0,0,2,2,C03,8,1,5,50,14,9,1,5,4,5,7,4,4,5,4,5,2,13,2,22,2,9,1,1,7,11,1,10,2,13,,44,16,1,22,9,121.5341555,25.09769868
111,10,26,7,47,2,08士林區,士林區福林路246-2號,0,0,2,3,C03,8,1,5,50,14,9,1,5,4,5,7,4,4,5,4,5,2,13,1,18,3,10,1,1,7,9,1,10,2,11,,44,16,1,22,9,121.5341555,25.09769868
111,10,26,7,55,2,12內湖區,內湖區康寧路3段與安康路口南湖大橋下橋處,0,0,1,1,B03,8,1,5,50,4,2,1,5,4,5,7,1,1,1,4,5,1,12,1,56,3,10,3,4,7,6,1,8,1,2,,9,9,1,22,9,121.6110125,25.06492271
111,10,26,7,55,2,12內湖區,內湖區康寧路3段與安康路口南湖大橋下橋處,0,0,1,2,C03,8,1,5,50,4,2,1,5,4,5,7,1,1,1,4,5,1,12,1,23,2,9,3,4,7,9,1,10,1,14,,44,9,1,22,9,121.6110125,25.06492271
111,10,26,8,15,2,09北投區,北投區大業路與大業路便道口,0,0,1,1,B03,8,1,5,60,4,1,1,5,4,5,7,1,1,10,4,4,2,16,2,38,3,10,1,1,7,5,1,8,1,6,,6,6,1,22,9,121.4979413,25.12699445
111,10,26,8,15,2,09北投區,北投區大業路與大業路便道口,0,0,1,2,C03,8,1,5,60,4,1,1,5,4,5,7,1,1,10,4,4,2,16,1,48,2,9,1,1,7,9,1,10,1,11,,44,6,1,22,9,121.4979413,25.12699445
111,10,26,8,16,2,04大安區,大安區市民大道4段196號,0,0,1,2,C03,8,1,5,40,14,9,1,5,4,5,7,4,4,9,4,5,1,12,2,31,2,8,1,1,7,7,1,10,1,14,,7,44,1,22,9,121.5550754,25.04446756
111,10,26,8,16,2,04大安區,大安區市民大道4段196號,0,0,1,1,B03,8,1,5,40,14,9,1,5,4,5,7,4,4,9,4,5,1,12,1,25,3,10,3,4,7,9,1,8,1,15,,44,44,1,22,9,121.5550754,25.04446756
111,10,26,8,27,2,11南港區,南港區市民大道7段與東新街口,0,0,2,1,C03,8,1,5,50,4,1,1,5,4,5,7,2,1,1,4,5,2,15,1,65,2,9,1,1,7,9,1,10,2,12,,25,25,1,22,9,121.5838536,25.04961843
111,10,26,8,27,2,11南港區,南港區市民大道7段與東新街口,0,0,2,2,C03,8,1,5,50,4,1,1,5,4,5,7,2,1,1,4,5,2,15,2,31,2,9,1,1,7,9,1,10,2,11,,44,25,1,22,9,121.5838536,25.04961843
111,10,26,8,38,2,12內湖區,內湖區康樂街61巷與康樂街111巷口,0,0,2,1,B03,8,1,5,30,4,1,1,5,4,5,7,4,4,10,5,5,2,16,1,33,3,10,1,1,7,9,1,8,1,1,,6,6,1,22,9,121.6197912,25.07069484
111,10,26,8,38,2,12內湖區,內湖區康樂街61巷與康樂街111巷口,0,0,2,2,C03,8,1,5,30,4,1,1,5,4,5,7,4,4,10,5,5,2,16,1,34,2,9,1,1,7,9,1,10,1,12,,14,6,1,22,9,121.6197912,25.07069484
111,10,26,8,38,2,12內湖區,內湖區康樂街61巷與康樂街111巷口,0,0,2,3,H02,8,1,5,30,4,1,1,5,4,5,7,4,4,10,5,5,2,16,1,4,2,7,1,5,7,21,8,20,10,15,,67,6,1,22,9,121.6197912,25.07069484
111,10,26,8,39,2,04大安區,大安區忠孝東路3段與建國南路1段口,0,0,1,1,C03,8,1,5,50,5,2,1,5,4,5,7,1,1,8,4,5,2,13,2,25,2,8,1,1,7,9,1,10,1,14,,43,43,1,22,9,121.5370745,25.04165526
111,10,26,8,39,2,04大安區,大安區忠孝東路3段與建國南路1段口,0,0,1,2,B03,8,1,5,50,5,2,1,5,4,5,7,1,1,8,4,5,2,13,2,29,3,10,1,1,7,9,1,8,1,4,,43,43,1,22,9,121.5370745,25.04165526
111,10,26,8,39,2,04大安區,大安區忠孝東路3段與建國南路1段口,0,0,1,3,B02,8,1,5,50,5,2,1,5,4,5,7,1,1,8,4,5,2,13,4,,4,11,3,4,7,15,7,19,11,15,,43,43,2,22,9,121.5370745,25.04165526
111,10,26,8,39,2,07信義區,信義區信義路5段91巷與信義路5段口,0,0,1,1,B03,8,1,5,50,3,2,1,5,4,5,7,2,1,1,4,5,2,13,1,59,3,10,3,4,7,9,1,8,1,1,,23,23,1,22,9,121.5719079,25.0328383
111,10,26,8,39,2,07信義區,信義區信義路5段91巷與信義路5段口,0,0,1,2,C03,8,1,5,50,3,2,1,5,4,5,7,2,1,1,4,5,2,13,1,31,2,9,3,4,7,14,1,10,1,13,,44,23,1,22,9,121.5719079,25.0328383
111,10,26,8,50,2,04大安區,大安區信義路4段與信義路4段30巷口,0,0,1,1,C03,8,1,5,50,3,2,1,5,4,5,7,4,4,1,4,5,2,16,1,42,4,11,3,4,7,15,7,19,11,15,,6,6,2,22,9,121.5448699,25.033142
111,10,26,8,50,2,04大安區,大安區信義路4段與信義路4段30巷口,0,0,1,2,C03,8,1,5,50,3,2,1,5,4,5,7,4,4,1,4,5,2,16,2,35,2,9,1,1,7,9,1,10,1,11,,44,6,1,22,9,121.5448699,25.033142
111,10,26,8,50,2,07信義區,信義區市府路與松壽路口,0,0,1,1,C03,8,1,5,50,4,2,1,5,4,5,7,1,1,5,4,5,2,13,2,59,2,9,3,4,7,9,1,10,1,11,,16,16,1,22,9,121.563517,25.0359678
111,10,26,8,50,2,07信義區,信義區市府路與松壽路口,0,0,1,2,B03,8,1,5,50,4,2,1,5,4,5,7,1,1,5,4,5,2,13,1,56,3,10,3,4,7,9,1,8,1,7,,44,16,1,22,9,121.563517,25.0359678
111,10,26,8,55,2,02萬華區,萬華區西園路1段與和平西路3段口,0,0,1,1,C03,8,1,5,40,4,2,1,5,4,5,7,1,1,1,4,1,2,12,1,75,2,9,1,1,7,9,1,10,2,14,,17,17,1,22,9,121.4993928,25.03543923
111,10,26,8,55,2,02萬華區,萬華區西園路1段與和平西路3段口,0,0,1,2,B02,8,1,5,40,4,2,1,5,4,5,7,1,1,1,4,1,2,12,1,64,3,10,1,1,7,8,1,8,2,5,,7,17,1,22,9,121.4993928,25.03543923
111,10,26,8,55,2,03中山區,中山區長春路與林森北路口,0,0,1,1,C03,8,1,5,50,4,2,1,5,4,5,7,1,1,8,3,5,2,17,1,20,3,10,1,4,7,5,1,10,1,11,,8,8,1,22,9,121.5254898,25.054915
111,10,26,8,55,2,03中山區,中山區長春路與林森北路口,0,0,1,2,C03,8,1,5,50,4,2,1,5,4,5,7,1,1,8,3,5,2,17,1,46,2,9,1,4,7,9,1,10,1,11,,44,8,1,22,9,121.5254898,25.054915
111,10,26,9,0,2,05中正區,中正區貴陽街1段與懷寧街口口,0,0,1,1,C03,8,1,5,50,3,2,1,5,4,5,7,4,4,9,4,5,1,16,1,25,3,10,1,1,7,9,6,18,1,11,,23,23,1,21,1,121.5135762,25.0387193
111,10,26,9,0,2,05中正區,中正區貴陽街1段與懷寧街口口,0,0,1,2,F01,8,1,5,50,3,2,1,5,4,5,7,4,4,9,4,5,1,16,2,35,2,1,1,1,7,5,8,20,1,16,,8,23,1,21,1,121.5135762,25.0387193
111,10,26,9,2,2,04大安區,大安區基隆路3段與基隆路3段155巷口,0,0,1,1,C03,8,1,5,40,4,2,1,5,4,5,7,1,1,8,3,5,2,12,1,21,3,10,1,1,7,6,1,10,9,15,,43,43,1,22,9,121.5404873,25.0137704
111,10,26,9,2,2,04大安區,大安區基隆路3段與基隆路3段155巷口,0,0,1,2,C04,8,1,5,40,4,2,1,5,4,5,7,1,1,8,3,5,2,12,2,66,2,9,1,1,7,9,1,11,1,11,,43,43,1,22,9,121.5404873,25.0137704
111,10,26,9,4,2,03中山區,中山區中山北路3段與農安街口口,0,0,1,1,B12,8,1,5,50,4,1,1,5,4,5,7,1,1,5,4,5,2,3,1,54,4,11,3,4,7,15,7,19,11,15,,23,23,2,22,9,121.5224476,25.0648992
111,10,26,9,4,2,03中山區,中山區中山北路3段與農安街口口,0,0,1,2,H01,8,1,5,50,4,1,1,5,4,5,7,1,1,5,4,5,2,3,2,22,2,9,4,5,8,16,8,20,1,16,,67,23,1,22,9,121.5224476,25.0648992
111,10,26,9,7,2,06松山區,松山區健康路與寶清街口口,0,0,1,1,B12,8,1,5,50,4,1,1,5,4,5,7,2,1,5,5,5,2,16,1,43,3,10,1,1,7,6,1,8,1,5,,9,9,1,22,9,121.5673566,25.05423103
111,10,26,9,7,2,06松山區,松山區健康路與寶清街口口,0,0,1,2,C03,8,1,5,50,4,1,1,5,4,5,7,2,1,5,5,5,2,16,2,31,2,8,1,1,7,9,1,10,1,14,,44,9,1,22,9,121.5673566,25.05423103
111,10,26,9,32,2,03中山區,中山區北安路西往東忠烈祠前,0,0,2,2,C03,8,1,5,50,14,9,1,5,4,5,7,4,4,1,3,5,1,13,1,28,3,10,1,1,7,9,1,10,1,13,,44,16,1,22,9,121.5314966,25.07808102
111,10,26,9,32,2,03中山區,中山區北安路西往東忠烈祠前,0,0,2,3,B03,8,1,5,50,14,9,1,5,4,5,7,4,4,1,3,5,1,13,1,36,3,10,1,1,7,9,1,8,1,5,,44,16,1,22,9,121.5314966,25.07808102
111,10,26,9,32,2,03中山區,中山區北安路西往東忠烈祠前,0,0,2,1,C03,8,1,5,50,14,9,1,5,4,5,7,4,4,1,3,5,1,13,1,20,2,9,1,1,7,9,1,10,1,11,,16,16,1,22,9,121.5314966,25.07808102
111,10,26,9,32,2,03中山區,中山區北安路西往東忠烈祠前,0,0,2,4,C03,8,1,5,50,14,9,1,5,4,5,7,4,4,1,3,5,1,13,1,25,2,9,1,1,7,9,1,10,1,12,,42,16,1,22,9,121.5314966,25.07808102
111,10,26,9,55,2,09北投區,北投區中央北路2段50號,0,0,1,2,B03,8,1,5,50,14,9,1,5,4,5,7,4,4,4,4,5,2,16,1,45,3,10,1,1,7,9,1,8,2,7,,44,23,1,22,9,121.4951562,25.13702965
111,10,26,9,55,2,09北投區,北投區中央北路2段50號,0,0,1,1,C03,8,1,5,50,14,9,1,5,4,5,7,4,4,4,4,5,2,16,1,29,2,9,1,1,7,8,1,10,2,11,,23,23,1,22,9,121.4951562,25.13702965
111,10,26,10,0,2,05中正區,中正區金門街與晉江街口口,0,0,1,1,B03,8,1,5,30,14,9,1,5,4,5,7,4,4,10,5,5,2,11,1,52,3,10,1,1,7,5,1,8,2,4,,6,6,1,22,9,121.524468,25.0229383
111,10,26,10,0,2,05中正區,中正區金門街與晉江街口口,0,0,1,2,C03,8,1,5,30,14,9,1,5,4,5,7,4,4,10,5,5,2,11,2,39,2,8,1,1,7,9,1,10,2,14,,14,6,1,22,9,121.524468,25.0229383
111,10,26,10,15,2,03中山區,中山區北安路387號,0,0,1,1,B12,8,1,5,50,14,9,1,5,4,5,7,4,4,1,3,5,1,16,1,69,3,10,1,1,7,11,1,8,1,4,,10,10,1,22,9,121.5403286,25.07942846
111,10,26,10,15,2,03中山區,中山區北安路387號,0,0,1,2,C03,8,1,5,50,14,9,1,5,4,5,7,4,4,1,3,5,1,16,2,55,2,9,1,1,7,9,1,10,1,11,,44,10,1,22,9,121.5403286,25.07942846
111,10,26,10,18,2,01大同區,大同區民權西路與承德路2段口,0,0,2,1,C03,8,1,5,50,4,1,1,5,4,5,7,2,1,1,4,5,2,12,1,21,2,7,1,1,7,8,1,10,1,12,,7,7,1,22,9,121.51822,25.0628392
111,10,26,10,18,2,01大同區,大同區民權西路與承德路2段口,0,0,2,2,C03,8,1,5,50,4,1,1,5,4,5,7,2,1,1,4,5,2,12,2,18,2,7,1,1,7,9,1,10,1,14,,44,7,1,22,9,121.51822,25.0628392
111,10,26,10,20,2,12內湖區,內湖區安康路414巷與五分街72巷口,0,0,1,1,C03,8,1,5,30,3,1,1,5,4,5,7,4,4,8,4,5,1,16,1,74,3,10,3,4,7,5,1,10,1,14,,6,6,1,22,9,121.6163617,25.06625554
111,10,26,10,20,2,12內湖區,內湖區安康路414巷與五分街72巷口,0,0,1,2,C03,8,1,5,30,3,1,1,5,4,5,7,4,4,8,4,5,1,16,1,33,2,6,3,4,7,9,1,10,1,11,,14,6,1,22,9,121.6163617,25.06625554
111,10,26,10,25,2,09北投區,北投區承德路7段與承德路7段1巷口,0,0,1,1,C03,8,1,5,60,3,2,1,5,4,4,6,1,1,1,4,4,1,17,2,26,2,9,1,1,7,9,1,10,1,12,,42,42,1,22,9,121.5105889,25.11100777
111,10,26,10,25,2,09北投區,北投區承德路7段與承德路7段1巷口,0,0,1,2,B03,8,1,5,60,3,2,1,5,4,4,6,1,1,1,4,4,1,17,1,42,3,10,1,1,7,6,1,8,1,6,,9,42,1,22,9,121.5105889,25.11100777
111,10,26,11,19,2,10文山區,文山區木柵路3段與保儀路口,0,0,2,1,B03,8,1,5,50,3,1,1,5,4,5,7,2,1,5,2,5,2,13,1,58,3,10,1,1,7,9,1,8,1,1,,16,16,1,22,9,121.5685058,24.9888923
111,10,26,11,19,2,10文山區,文山區木柵路3段與保儀路口,0,0,2,2,C03,8,1,5,50,3,1,1,5,4,5,7,2,1,5,2,5,2,13,2,50,2,8,1,1,7,14,1,10,1,13,,44,16,1,22,9,121.5685058,24.9888923
111,10,26,11,19,2,10文山區,文山區木柵路3段與保儀路口,0,0,2,3,H02,8,1,5,50,3,1,1,5,4,5,7,2,1,5,2,5,2,13,2,73,2,7,4,5,7,20,8,20,10,16,,67,16,1,22,9,121.5685058,24.9888923
111,10,26,11,20,2,12內湖區,內湖區新湖二路與新湖三路219巷口,0,0,1,1,B12,8,1,5,30,4,1,1,5,4,5,7,4,4,10,5,5,2,16,1,56,3,10,1,1,7,9,1,8,1,2,,6,6,1,22,9,121.5818755,25.06398406
111,10,26,11,20,2,12內湖區,內湖區新湖二路與新湖三路219巷口,0,0,1,2,B01,8,1,5,30,4,1,1,5,4,5,7,4,4,10,5,5,2,16,1,47,3,10,1,1,7,9,1,4,1,1,,14,6,1,22,9,121.5818755,25.06398406
111,10,26,11,20,2,12內湖區,內湖區新湖二路與新湖三路219巷口,0,0,1,3,H02,8,1,5,30,4,1,1,5,4,5,7,4,4,10,5,5,2,16,2,56,2,9,1,5,7,21,8,20,10,16,,67,6,1,22,9,121.5818755,25.06398406
111,10,26,11,34,2,11南港區,南港區研究院路2段86號,0,0,1,1,B03,8,1,8,30,15,9,1,5,4,5,6,2,1,10,5,5,2,13,2,42,3,10,1,4,7,1,1,8,1,1,,16,16,1,22,9,121.6153624,25.044893
111,10,26,11,34,2,11南港區,南港區研究院路2段86號,0,0,1,2,C03,8,1,8,30,15,9,1,5,4,5,6,2,1,10,5,5,2,13,1,27,2,9,1,4,7,1,1,10,1,13,,44,16,1,22,9,121.6153624,25.044893
111,10,26,11,34,2,11南港區,南港區研究院路2段86號,0,0,1,3,H02,8,1,8,30,15,9,1,5,4,5,6,2,1,10,5,5,2,13,1,22,3,10,4,5,7,21,8,20,10,16,,67,16,1,22,9,121.6153624,25.044893
111,10,26,11,46,2,07信義區,信義區基隆路1段與基隆路1段102巷口,0,0,1,1,B03,8,1,5,50,3,1,1,5,4,5,7,4,4,1,2,5,2,17,1,67,3,10,1,1,7,6,1,8,1,6,,9,9,1,22,9,121.5668179,25.0453563
111,10,26,11,46,2,07信義區,信義區基隆路1段與基隆路1段102巷口,0,0,1,2,C03,8,1,5,50,3,1,1,5,4,5,7,4,4,1,2,5,2,17,1,59,2,9,1,1,7,9,1,10,1,14,,14,9,1,22,9,121.5668179,25.0453563
111,10,26,12,0,2,01大同區,大同區延平北路2段247巷太平市場,0,0,1,2,H01,8,1,5,40,14,9,1,5,4,5,7,4,4,9,5,5,2,1,2,68,2,9,4,5,8,16,8,20,10,16,,67,43,1,22,9,121.5124377,25.06231637
111,10,26,12,0,2,01大同區,大同區延平北路2段247巷太平市場,0,0,1,1,,8,1,5,40,14,9,1,5,4,5,7,4,4,9,5,5,2,1,4,,4,11,3,4,7,15,7,19,11,15,,43,43,2,22,9,121.5124377,25.06231637
111,10,26,12,2,2,05中正區,中正區林森南路與青島東路口口,0,0,1,2,C03,8,1,5,50,4,2,1,5,4,5,7,2,1,9,4,4,1,16,2,23,2,8,1,1,7,9,1,10,2,11,,44,6,1,21,2,121.5230759,25.0436439
111,10,26,12,2,2,05中正區,中正區林森南路與青島東路口口,0,0,1,1,B03,8,1,5,50,4,2,1,5,4,5,7,2,1,9,4,4,1,16,1,73,3,10,1,1,7,5,1,8,2,5,,6,6,1,19,5,121.5230759,25.0436439
111,10,26,12,48,2,04大安區,大安區辛亥路3段306號,0,0,1,1,C03,8,1,5,50,14,9,1,5,4,5,7,2,1,3,4,5,2,13,1,45,2,7,1,1,7,9,1,9,1,11,,16,16,1,22,9,121.5522523,25.01462803
111,10,26,12,48,2,04大安區,大安區辛亥路3段306號,0,0,1,2,B03,8,1,5,50,14,9,1,5,4,5,7,2,1,3,4,5,2,13,2,62,3,10,1,1,7,9,1,8,1,2,,44,16,1,22,9,121.5522523,25.01462803
111,10,26,12,48,2,04大安區,大安區辛亥路3段306號,0,0,1,3,B01,8,1,5,50,14,9,1,5,4,5,7,2,1,3,4,5,2,13,1,56,3,10,1,1,7,9,1,2,1,4,,44,16,1,22,9,121.5522523,25.01462803
111,10,26,13,0,2,05中正區,中正區濟南路1段與林森南路口,0,0,1,1,B03,8,1,5,50,4,2,1,5,4,5,7,2,1,4,2,1,2,16,1,33,3,10,1,1,7,11,1,8,2,7,,10,10,1,22,9,121.5225463,25.0420549
111,10,26,13,0,2,05中正區,中正區濟南路1段與林森南路口,0,0,1,2,C03,8,1,5,50,4,2,1,5,4,5,7,2,1,4,2,1,2,16,1,61,2,9,1,1,7,9,1,10,2,11,,26,10,1,22,9,121.5225463,25.0420549
111,10,26,13,5,2,03中山區,中山區北安路與敬業四路口,0,0,1,1,B12,8,1,5,50,4,1,1,5,4,5,7,4,4,1,4,5,2,2,1,63,3,10,1,1,7,2,1,8,1,3,,12,12,1,22,9,121.5582751,25.08493661
111,10,26,13,5,2,03中山區,中山區北安路與敬業四路口,0,0,1,2,H01,8,1,5,50,4,1,1,5,4,5,7,4,4,1,4,5,2,2,1,28,2,8,4,5,8,16,8,20,10,16,,67,12,1,22,9,121.5582751,25.08493661
111,10,26,14,7,2,09北投區,北投區學園路一德橋,0,0,1,1,C03,8,1,5,30,11,9,1,5,4,5,7,4,4,5,5,5,2,29,1,18,2,9,1,1,7,9,1,10,9,12,,42,42,1,22,9,121.4685861,25.13234575
111,10,26,14,7,2,09北投區,北投區學園路一德橋,0,0,1,2,,8,1,5,30,11,9,1,5,4,5,7,4,4,5,5,5,2,29,3,,,,,,,,,,,,,67,42,1,,,121.4685861,25.13234575
111,10,26,14,15,2,03中山區,中山區南京東路3段與南京東路3段48巷口,0,0,3,1,C03,8,1,5,40,3,1,1,5,4,5,7,4,4,1,4,4,2,12,1,50,2,9,1,4,7,6,1,10,2,12,,9,9,1,22,9,121.5384243,25.05185879
111,10,26,14,15,2,03中山區,中山區南京東路3段與南京東路3段48巷口,0,0,3,2,C03,8,1,5,40,3,1,1,5,4,5,7,4,4,1,4,4,2,12,2,25,2,9,1,4,7,9,3,18,2,14,,13,9,1,22,9,121.5384243,25.05185879
111,10,26,14,15,2,03中山區,中山區南京東路3段與南京東路3段48巷口,0,0,3,3,B12,8,1,5,40,3,1,1,5,4,5,7,4,4,1,4,4,2,12,1,45,3,10,3,4,7,6,1,8,2,8,,44,9,1,22,9,121.5384243,25.05185879
111,10,26,14,15,2,03中山區,中山區南京東路3段與南京東路3段48巷口,0,0,3,4,H02,8,1,5,40,3,1,1,5,4,5,7,4,4,1,4,4,2,12,2,62,2,9,4,5,7,20,8,20,10,16,,67,9,1,22,9,121.5384243,25.05185879
111,10,26,14,15,2,07信義區,信義區信安街67巷景勤2號公園旁,0,0,1,1,B03,8,1,5,50,14,9,1,5,4,5,7,4,4,9,4,4,2,17,1,67,3,10,1,1,7,5,1,8,1,4,,8,8,1,22,9,121.5583712,25.02604459
111,10,26,14,15,2,07信義區,信義區信安街67巷景勤2號公園旁,0,0,1,2,C03,8,1,5,50,14,9,1,5,4,5,7,4,4,9,4,4,2,17,1,28,2,9,1,1,7,9,4,8,1,12,,44,8,1,22,9,121.5583712,25.02604459