發生年度,發生月,發生日,發生時-Hours,發生分,處理別-編號,區序,肇事地點,死亡人數,2-30日死亡人數,受傷人數,當事人序號,車種,天候,光線,道路類別,速限-速度限制,道路型態,事故位置,路面狀況1,路面狀況2,路面狀況3,道路障礙1,道路障礙2,號誌1,號誌2,車道劃分-分向,車道劃分-分道1,車道劃分-分道2,車道劃分-分道3,事故類型及型態,性別,年齡,受傷程度,主要傷處,安全帽,行動電話,車輛用途,當事者行動狀態,駕駛資格情形,駕駛執照種類,飲酒情形,車輛撞擊部位1,車輛撞擊部位2,肇因碼-個別,肇因碼-主要,個人肇逃否,職業,旅次目的,座標-X,座標-Y
111,10,26,14,33,2,07信義區,信義區虎林街與虎林街242巷口口,0,0,2,1,C03,8,1,5,30,4,1,1,5,4,5,7,4,4,10,5,5,1,15,2,29,2,9,1,4,7,9,1,10,1,14,,6,6,1,22,9,121.577661,25.0364995
111,10,26,14,33,2,07信義區,信義區虎林街與虎林街242巷口口,0,0,2,2,C03,8,1,5,30,4,1,1,5,4,5,7,4,4,10,5,5,1,15,1,31,2,9,1,4,7,9,1,9,1,11,,14,6,1,22,9,121.577661,25.0364995
111,10,26,14,47,2,08士林區,士林區中山北路6段與福國路口,0,0,2,1,C03,8,1,5,50,5,2,1,5,4,5,7,1,1,3,4,5,1,12,1,71,2,9,1,1,7,7,1,10,2,14,,7,17,1,22,9,121.5255749,25.10257394
111,10,26,14,47,2,08士林區,士林區中山北路6段與福國路口,0,0,2,2,B03,8,1,5,50,5,2,1,5,4,5,7,1,1,3,4,5,1,12,2,56,3,10,1,1,7,9,1,8,2,2,,44,17,1,22,9,121.5255749,25.10257394
111,10,26,14,47,2,08士林區,士林區中山北路6段與福國路口,0,0,2,3,H02,8,1,5,50,5,2,1,5,4,5,7,1,1,3,4,5,1,12,2,66,2,9,4,5,7,17,8,20,10,16,,67,17,1,22,9,121.5255749,25.10257394
111,10,26,15,5,2,12內湖區,內湖區洲子街183號,0,0,1,1,C03,8,1,5,50,11,9,1,5,4,5,1,4,4,9,5,5,2,17,1,41,3,10,1,1,7,1,1,10,1,11,,19,19,1,22,9,121.5661041,25.08150349
111,10,26,15,5,2,12內湖區,內湖區洲子街183號,0,0,1,2,F01,8,1,5,50,11,9,1,5,4,5,1,4,4,9,5,5,2,17,1,54,2,9,1,1,7,9,8,20,1,16,,23,19,1,22,9,121.5661041,25.08150349
111,10,26,15,15,2,07信義區,信義區和平東路3段391巷與無名巷口側附近口,0,0,1,1,C03,8,1,5,30,4,1,1,5,4,5,7,4,4,10,4,5,1,15,2,22,2,9,1,1,7,9,1,10,1,11,,6,6,1,22,9,121.5595278,25.02084831
111,10,26,15,15,2,07信義區,信義區和平東路3段391巷與無名巷口側附近口,0,0,1,2,B03,8,1,5,30,4,1,1,5,4,5,7,4,4,10,4,5,1,15,1,30,3,10,1,1,7,9,1,8,1,8,,23,6,1,22,9,121.5595278,25.02084831
111,10,26,15,20,2,03中山區,中山區中山北路2段26巷1號前,0,0,1,2,H01,8,1,5,0,14,9,1,5,4,5,7,4,4,10,5,5,2,2,2,22,2,6,4,5,8,16,8,20,10,16,,67,42,1,22,9,121.5222259,25.05396174
111,10,26,15,20,2,03中山區,中山區中山北路2段26巷1號前,0,0,1,1,B03,8,1,5,0,14,9,1,5,4,5,7,4,4,10,5,5,2,2,2,39,4,11,3,4,7,15,7,19,11,15,,42,42,2,22,9,121.5222259,25.05396174
111,10,26,15,23,2,10文山區,文山區汀州路4段與汀州路4段口口,0,0,2,3,H02,8,1,5,50,4,1,1,5,4,5,7,2,1,1,4,5,2,16,1,22,2,9,4,5,7,17,8,20,10,16,,67,19,1,22,9,121.537383,25.0077557
111,10,26,15,23,2,10文山區,文山區汀州路4段與汀州路4段口口,0,0,2,1,C03,8,1,5,50,4,1,1,5,4,5,7,2,1,1,4,5,2,16,1,24,2,9,1,1,7,1,1,10,1,12,,19,19,1,22,9,121.537383,25.0077557
111,10,26,15,23,2,10文山區,文山區汀州路4段與汀州路4段口口,0,0,2,2,B03,8,1,5,50,4,1,1,5,4,5,7,2,1,1,4,5,2,16,2,57,3,10,1,1,7,9,1,8,1,1,,23,19,1,22,9,121.537383,25.0077557
111,10,26,15,37,2,12內湖區,內湖區瑞光路229號對面,0,0,1,1,B03,8,1,5,50,14,9,1,5,4,5,7,4,4,5,4,5,2,17,2,45,3,10,3,4,7,7,1,8,1,8,,7,,1,22,9,121.5781284,25.07440136
111,10,26,15,37,2,12內湖區,內湖區瑞光路229號對面,0,0,1,2,B01,8,1,5,50,14,9,1,5,4,5,7,4,4,5,4,5,2,17,1,46,2,2,3,4,7,9,1,4,1,6,,44,,1,22,9,121.5781284,25.07440136
111,10,26,15,40,2,08士林區,士林區社中街與社中街426巷口,0,0,1,1,B03,8,1,5,30,3,1,1,5,4,5,7,4,4,5,5,5,2,3,2,50,3,10,1,1,7,9,1,8,1,1,,23,23,1,22,9,121.5025196,25.09181563
111,10,26,15,40,2,08士林區,士林區社中街與社中街426巷口,0,0,1,2,H01,8,1,5,30,3,1,1,5,4,5,7,4,4,5,5,5,2,3,1,77,2,9,4,5,8,16,8,20,10,16,,51,23,1,22,9,121.5025196,25.09181563
111,10,26,15,41,2,07信義區,信義區基隆路1段126號,0,0,1,1,B12,8,1,5,50,14,9,1,5,4,5,7,4,4,1,4,5,1,12,1,23,3,10,1,1,7,9,1,8,9,5,,17,17,1,22,9,121.5667299,25.0451747
111,10,26,15,41,2,07信義區,信義區基隆路1段126號,0,0,1,2,C03,8,1,5,50,14,9,1,5,4,5,7,4,4,1,4,5,1,12,1,67,2,9,1,1,7,9,1,10,9,14,,17,17,1,22,9,121.5667299,25.0451747
111,10,26,15,42,2,07信義區,信義區永吉路與永吉路127巷口,0,0,1,1,C03,8,1,5,30,14,9,1,5,4,5,7,1,1,10,5,5,1,12,1,66,3,10,1,1,7,1,1,10,1,13,,23,23,1,22,9,121.5703609,25.0458584
111,10,26,15,42,2,07信義區,信義區永吉路與永吉路127巷口,0,0,1,2,F01,8,1,5,30,14,9,1,5,4,5,7,1,1,10,5,5,1,12,2,34,2,8,1,1,7,5,8,20,1,16,,8,23,1,22,9,121.5703609,25.0458584
111,10,26,15,58,2,04大安區,大安區樂業街15巷與樂業街口,0,0,1,1,B03,8,1,5,30,3,1,1,5,4,5,7,4,4,9,5,5,2,16,1,63,3,10,1,1,7,11,1,8,1,4,,10,10,1,22,9,121.5499294,25.0239121
111,10,26,15,58,2,04大安區,大安區樂業街15巷與樂業街口,0,0,1,2,C03,8,1,5,30,3,1,1,5,4,5,7,4,4,9,5,5,2,16,2,31,2,9,1,1,7,9,1,10,1,11,,13,10,1,22,9,121.5499294,25.0239121
111,10,26,16,22,2,09北投區,北投區石牌路2段與振興街口口,0,0,2,1,C03,8,1,5,50,4,1,1,5,4,5,7,2,1,7,4,5,2,16,2,65,2,9,1,1,7,5,1,10,1,11,,6,6,1,22,9,121.5216251,25.11868694
111,10,26,16,22,2,09北投區,北投區石牌路2段與振興街口口,0,0,2,2,C03,8,1,5,50,4,1,1,5,4,5,7,2,1,7,4,5,2,16,1,57,2,9,1,1,7,9,1,10,1,11,,44,6,1,22,9,121.5216251,25.11868694
111,10,26,16,45,2,03中山區,中山區錦西街與錦西街5巷口,0,0,2,1,H01,8,1,5,30,4,1,1,5,4,5,7,4,4,5,4,5,2,3,1,81,2,9,4,5,8,18,8,20,10,16,,51,51,1,22,9,121.5218686,25.06030749
111,10,26,16,45,2,03中山區,中山區錦西街與錦西街5巷口,0,0,2,2,C03,8,1,5,30,4,1,1,5,4,5,7,4,4,5,4,5,2,3,1,59,2,9,1,4,7,9,1,10,2,11,,23,51,1,22,9,121.5218686,25.06030749
111,10,26,17,18,2,10文山區,文山區景興路174號,0,0,1,1,A02,8,1,5,50,14,9,1,5,4,5,7,4,4,1,4,5,2,16,1,48,3,10,1,1,7,9,1,2,1,2,,44,44,1,22,9,121.5442487,24.99290698
111,10,26,17,18,2,10文山區,文山區景興路174號,0,0,1,2,C03,8,1,5,50,14,9,1,5,4,5,7,4,4,1,4,5,2,16,2,62,2,9,1,1,7,1,1,10,1,13,,19,44,1,22,9,121.5442487,24.99290698
111,10,26,17,21,2,07信義區,信義區光復南路423號,0,0,1,1,C03,7,3,5,50,14,9,1,5,4,5,7,4,4,10,4,5,1,12,1,38,2,9,3,4,7,9,1,10,1,12,,16,16,1,21,9,121.5576679,25.03607822
111,10,26,17,21,2,07信義區,信義區光復南路423號,0,0,1,2,C03,7,3,5,50,14,9,1,5,4,5,7,4,4,10,4,5,1,12,1,37,3,10,3,4,7,8,1,10,1,15,,7,16,1,22,9,121.5576679,25.03607822
111,10,26,17,23,2,10文山區,文山區興隆路1段242號,0,0,1,1,B01,8,2,5,50,14,9,1,5,4,5,7,4,4,1,4,5,2,17,1,62,3,10,3,4,7,1,1,4,9,4,,23,23,1,22,9,121.5441896,24.9989993
111,10,26,17,23,2,10文山區,文山區興隆路1段242號,0,0,1,2,C03,8,2,5,50,14,9,1,5,4,5,7,4,4,1,4,5,2,17,2,27,2,8,1,1,7,14,1,10,9,12,,44,23,1,22,9,121.5441896,24.9989993
111,10,26,17,33,2,09北投區,北投區承德路7段與公館路口,0,0,1,1,B11,7,3,5,40,4,1,1,5,4,5,7,1,1,10,5,5,2,16,1,31,3,10,1,1,7,6,1,8,1,5,,9,9,1,22,9,121.5016605,25.119608
111,10,26,17,33,2,09北投區,北投區承德路7段與公館路口,0,0,1,2,C03,7,3,5,40,4,1,1,5,4,5,7,1,1,10,5,5,2,16,2,19,2,9,1,1,7,9,1,10,1,14,,23,9,1,22,9,121.5016605,25.119608
111,10,26,17,39,2,04大安區,大安區大安路1段與大安路1段106巷口,0,0,1,1,B01,7,3,5,30,4,1,1,5,4,5,7,4,4,8,3,5,2,15,2,44,3,10,1,1,7,9,1,8,1,2,,6,6,1,22,9,121.5461096,25.040197
111,10,26,17,39,2,04大安區,大安區大安路1段與大安路1段106巷口,0,0,1,2,C03,7,3,5,30,4,1,1,5,4,5,7,4,4,8,3,5,2,15,1,70,2,9,1,1,7,9,1,10,1,11,,44,6,1,22,9,121.5461096,25.040197
111,10,26,18,1,2,07信義區,信義區中坡南路與中坡南路49巷口,0,0,1,1,B12,8,3,5,30,4,2,1,5,4,5,7,2,1,5,5,5,1,17,1,60,3,10,3,4,7,11,1,8,1,4,,10,10,1,22,9,121.5835068,25.0427519
111,10,26,18,1,2,07信義區,信義區中坡南路與中坡南路49巷口,0,0,1,2,C03,8,3,5,30,4,2,1,5,4,5,7,2,1,5,5,5,1,17,1,26,2,9,1,4,7,9,1,10,1,11,,42,10,1,22,9,121.5835068,25.0427519
111,10,26,18,9,2,02萬華區,萬華區康定路與艋舺大道口,0,0,1,1,F01,8,3,5,50,4,2,1,5,4,5,7,2,1,8,3,5,1,12,1,69,2,8,1,1,7,7,8,20,1,16,,7,7,1,22,9,121.5006379,25.03319454
111,10,26,18,9,2,02萬華區,萬華區康定路與艋舺大道口,0,0,1,2,B03,8,3,5,50,4,2,1,5,4,5,7,2,1,8,3,5,1,12,1,80,3,10,3,4,7,9,1,6,1,2,,23,7,1,22,9,121.5006379,25.03319454
111,10,26,18,22,2,11南港區,南港區市民大道8段與南港路2段41巷口,0,0,2,1,C03,8,3,5,50,4,1,1,5,4,5,6,2,1,5,4,5,2,17,1,21,2,9,1,4,7,5,1,10,1,12,,8,8,1,22,9,121.6033389,25.052708
111,10,26,18,22,2,11南港區,南港區市民大道8段與南港路2段41巷口,0,0,2,2,B03,8,3,5,50,4,1,1,5,4,5,6,2,1,5,4,5,2,17,1,38,3,10,1,4,7,9,1,8,1,1,,44,8,1,22,9,121.6033389,25.052708
111,10,26,18,22,2,11南港區,南港區市民大道8段與南港路2段41巷口,0,0,2,3,H02,8,3,5,50,4,1,1,5,4,5,6,2,1,5,4,5,2,17,2,16,2,9,1,4,7,21,8,20,10,15,,67,8,1,22,9,121.6033389,25.052708
111,10,26,18,30,2,12內湖區,內湖區文德路與文德路22巷口,0,0,2,1,C03,8,3,5,50,4,2,1,5,4,5,7,1,1,1,4,5,2,17,1,60,2,8,1,1,7,8,1,10,1,12,,7,7,1,22,9,121.5796486,25.07852525
111,10,26,18,30,2,12內湖區,內湖區文德路與文德路22巷口,0,0,2,2,C03,8,3,5,50,4,2,1,5,4,5,7,1,1,1,4,5,2,17,2,29,2,9,1,1,7,9,1,10,1,14,,44,7,1,22,9,121.5796486,25.07852525
111,10,26,18,30,2,07信義區,信義區基隆路汽機車混合地下道往北,0,0,1,1,B12,8,3,5,30,6,9,1,5,4,5,7,4,4,9,4,5,2,25,1,26,2,5,1,1,7,9,1,8,1,9,,26,26,1,22,9,121.561659,25.0362063
111,10,26,18,30,2,07信義區,信義區基隆路汽機車混合地下道往北,0,0,1,2,,8,3,5,30,6,9,1,5,4,5,7,4,4,9,4,5,2,25,3,,,,,,,,,,,,,67,26,1,,,121.561659,25.0362063
111,10,26,18,39,2,07信義區,信義區吳興街220巷與信安街67巷口,0,0,1,1,B02,8,3,5,50,3,1,1,5,4,5,7,2,1,5,2,5,2,17,1,22,3,10,1,1,7,11,1,8,1,4,,10,10,1,21,8,121.5608916,25.02586808
111,10,26,18,39,2,07信義區,信義區吳興街220巷與信安街67巷口,0,0,1,2,C03,8,3,5,50,3,1,1,5,4,5,7,2,1,5,2,5,2,17,2,31,2,9,1,1,7,9,1,10,1,12,,44,10,1,21,8,121.5608916,25.02586808
111,10,26,18,40,2,01大同區,大同區民生西路337號,0,0,1,1,C03,8,3,5,50,14,9,1,5,4,5,7,1,1,5,4,5,2,17,1,66,4,11,3,4,7,15,7,19,11,15,,6,6,2,22,9,121.5113957,25.05695152
111,10,26,18,40,2,01大同區,大同區民生西路337號,0,0,1,2,C03,8,3,5,50,14,9,1,5,4,5,7,1,1,5,4,5,2,17,1,36,2,9,1,1,7,9,1,10,1,14,,44,6,1,22,9,121.5113957,25.05695152
111,10,26,18,54,2,10文山區,文山區木柵路2段137號對面,0,0,1,1,B03,8,3,5,50,14,9,1,5,4,5,7,4,4,9,4,5,2,13,1,47,3,10,1,1,7,9,1,8,1,5,,23,23,1,22,9,121.5625255,24.98890069
111,10,26,18,54,2,10文山區,文山區木柵路2段137號對面,0,0,1,2,C03,8,3,5,50,14,9,1,5,4,5,7,4,4,9,4,5,2,13,2,41,2,9,1,1,7,9,1,10,1,13,,43,23,1,22,9,121.5625255,24.98890069
111,10,26,19,29,2,04大安區,大安區泰順街與溫州街22巷口,0,0,1,1,C03,8,3,5,30,4,1,1,5,4,5,7,4,4,10,5,5,2,15,1,18,2,9,1,1,7,9,3,18,1,12,,6,6,1,22,9,121.5313362,25.02361999
111,10,26,19,29,2,04大安區,大安區泰順街與溫州街22巷口,0,0,1,2,B03,8,3,5,30,4,1,1,5,4,5,7,4,4,10,5,5,2,15,1,30,3,10,1,1,7,9,1,8,1,1,,44,6,1,22,9,121.5313362,25.02361999
111,10,26,20,20,2,09北投區,北投區大業路527巷與中央北路2段257巷口,0,0,1,1,B03,8,3,5,40,3,1,1,5,4,5,7,3,1,5,5,5,2,16,1,66,3,10,1,1,7,5,1,8,1,4,,8,8,1,22,9,121.4909024,25.1376067
111,10,26,20,20,2,09北投區,北投區大業路527巷與中央北路2段257巷口,0,0,1,2,C03,8,3,5,40,3,1,1,5,4,5,7,3,1,5,5,5,2,16,1,42,2,7,1,1,7,5,1,10,1,11,,6,8,1,22,9,121.4909024,25.1376067
111,10,26,20,27,2,03中山區,中山區八德路2段與龍江路口,0,0,1,1,B03,7,3,5,50,4,1,1,5,4,5,7,1,1,5,4,5,2,16,1,39,3,10,1,1,7,5,1,8,1,8,,8,8,1,22,9,121.5405365,25.0467791
111,10,26,20,27,2,03中山區,中山區八德路2段與龍江路口,0,0,1,2,C03,7,3,5,50,4,1,1,5,4,5,7,1,1,5,4,5,2,16,2,26,2,9,1,1,7,9,1,10,1,11,,44,8,1,22,9,121.5405365,25.0467791
111,10,26,20,38,2,04大安區,大安區辛亥路3段與基隆路3段口,0,0,1,2,B03,8,3,5,50,3,1,1,5,4,5,7,4,4,1,4,4,2,17,1,48,2,4,1,1,7,9,1,8,1,7,,44,8,1,22,9,121.5468741,25.01869093
111,10,26,20,38,2,04大安區,大安區辛亥路3段與基隆路3段口,0,0,1,1,B03,8,3,5,50,3,1,1,5,4,5,7,4,4,1,4,4,2,17,1,52,3,10,1,1,7,5,1,8,1,5,,8,8,1,22,9,121.5468741,25.01869093
111,10,26,21,5,2,12內湖區,內湖區民權東路6段與民權東路6段46巷口,0,0,1,1,B03,8,3,5,50,4,2,1,5,4,5,7,2,1,1,4,5,2,17,1,22,3,10,1,1,7,9,1,8,1,8,,23,23,1,22,9,121.5815873,25.06791286
111,10,26,21,5,2,12內湖區,內湖區民權東路6段與民權東路6段46巷口,0,0,1,2,C03,8,3,5,50,4,2,1,5,4,5,7,2,1,1,4,5,2,17,2,55,2,9,1,1,7,14,1,10,1,13,,44,23,1,22,9,121.5815873,25.06791286
111,10,26,21,20,2,01大同區,大同區興城街與歸綏街口,0,0,3,1,C03,8,1,5,30,4,1,1,5,4,5,7,4,4,10,4,5,2,15,1,22,2,7,3,4,7,9,1,10,1,11,,6,6,1,22,9,121.5174576,25.0592631
111,10,26,21,20,2,01大同區,大同區興城街與歸綏街口,0,0,3,2,C02,8,1,5,30,4,1,1,5,4,5,7,4,4,10,4,5,2,15,1,33,2,7,3,4,7,9,1,9,1,11,,13,6,1,22,9,121.5174576,25.0592631
111,10,26,21,20,2,01大同區,大同區興城街與歸綏街口,0,0,3,3,H02,8,1,5,30,4,1,1,5,4,5,7,4,4,10,4,5,2,15,2,21,2,7,3,4,7,21,8,20,10,16,,67,6,1,22,9,121.5174576,25.0592631
111,10,26,21,20,2,05中正區,中正區衡陽路103號,0,0,1,1,C03,8,3,5,50,11,9,1,5,4,5,7,4,4,10,4,5,2,16,1,27,3,10,1,1,7,9,1,10,2,12,,23,23,1,22,9,121.5090451,25.0422067
111,10,26,21,20,2,05中正區,中正區衡陽路103號,0,0,1,2,C03,8,3,5,50,11,9,1,5,4,5,7,4,4,10,4,5,2,16,1,19,2,8,1,1,7,13,1,10,2,15,,38,23,1,22,9,121.5090451,25.0422067
111,10,26,22,7,2,08士林區,士林區中山北路5段112號,0,0,2,1,C03,7,3,5,50,14,9,1,5,4,5,7,1,1,1,4,5,2,13,1,19,2,8,1,1,7,9,1,10,1,11,,23,23,1,22,9,121.5257468,25.08551577
111,10,26,22,7,2,08士林區,士林區中山北路5段112號,0,0,2,2,C03,7,3,5,50,14,9,1,5,4,5,7,1,1,1,4,5,2,13,1,25,2,8,1,1,7,14,1,10,1,13,,44,23,1,22,9,121.5257468,25.08551577
111,10,26,22,15,2,12內湖區,內湖區舊宗路1段與新湖三路口台北花市站,0,0,1,1,A04,8,3,5,50,14,9,4,5,4,5,7,4,4,1,4,5,2,6,1,55,3,10,1,1,7,1,1,2,1,6,,44,44,2,22,9,121.5788721,25.06057481
111,10,26,22,15,2,12內湖區,內湖區舊宗路1段與新湖三路口台北花市站,0,0,1,2,H01,8,3,5,50,14,9,4,5,4,5,7,4,4,1,4,5,2,6,2,47,2,7,4,5,8,18,8,20,10,16,,60,44,1,22,9,121.5788721,25.06057481
111,10,26,23,47,2,11南港區,南港區忠孝東路7段594號,0,0,2,1,C03,8,3,5,50,14,9,1,5,4,5,7,4,4,1,4,5,2,16,2,54,2,8,1,1,7,8,1,10,1,12,,7,7,1,21,8,121.6148509,25.0529246
111,10,26,23,47,2,11南港區,南港區忠孝東路7段594號,0,0,2,2,C03,8,3,5,50,14,9,1,5,4,5,7,4,4,1,4,5,2,16,1,40,2,7,1,1,7,9,1,10,1,11,,44,7,1,21,8,121.6148509,25.0529246
111,10,27,3,3,2,03中山區,中山區龍江路與龍江路223巷口,0,0,2,1,C03,8,3,5,30,4,1,1,5,4,5,7,4,4,10,5,5,2,15,1,18,2,9,1,1,7,9,1,10,1,12,,26,26,1,22,9,121.5405788,25.0568735
111,10,27,3,3,2,03中山區,中山區龍江路與龍江路223巷口,0,0,2,2,B01,8,3,5,30,4,1,1,5,4,5,7,4,4,10,5,5,2,15,1,48,3,10,1,1,7,9,1,4,1,1,,13,26,1,22,9,121.5405788,25.0568735
111,10,27,3,3,2,03中山區,中山區龍江路與龍江路223巷口,0,0,2,3,H02,8,3,5,30,4,1,1,5,4,5,7,4,4,10,5,5,2,15,1,18,2,9,4,5,7,20,8,20,10,16,,67,26,1,22,9,121.5405788,25.0568735
111,10,27,5,5,2,08士林區,士林區東山路25巷81弄,0,0,1,1,C03,7,3,5,30,11,9,1,5,4,5,7,4,4,10,5,5,1,18,1,19,2,9,1,1,7,9,1,10,1,12,,42,42,1,22,9,121.5406075,25.12578354
111,10,27,5,5,2,08士林區,士林區東山路25巷81弄,0,0,1,2,,7,3,5,30,11,9,1,5,4,5,7,4,4,10,5,5,1,18,3,,,,,,,,,,,,,67,42,1,,,121.5406075,25.12578354
111,10,27,6,42,2,05中正區,中正區忠孝東路2段與新生南路1段口,0,0,2,1,B03,8,1,5,50,4,1,1,5,4,5,7,1,1,1,5,5,2,23,1,32,2,9,1,1,7,15,1,8,4,1,,23,23,1,22,9,121.5326196,25.04240153
111,10,27,6,42,2,05中正區,中正區忠孝東路2段與新生南路1段口,0,0,2,2,,8,1,5,50,4,1,1,5,4,5,7,1,1,1,5,5,2,23,3,,,,,,,,,,,,,67,23,1,,,121.5326196,25.04240153
111,10,27,6,42,2,05中正區,中正區忠孝東路2段與新生南路1段口,0,0,2,3,,8,1,5,50,4,1,1,5,4,5,7,1,1,1,5,5,2,23,3,,,,,,,,,,,,,67,23,1,,,121.5326196,25.04240153
111,10,27,6,42,2,05中正區,中正區忠孝東路2段與新生南路1段口,0,0,2,4,,8,1,5,50,4,1,1,5,4,5,7,1,1,1,5,5,2,23,3,,,,,,,,,,,,,67,23,1,,,121.5326196,25.04240153
111,10,27,6,42,2,05中正區,中正區忠孝東路2段與新生南路1段口,0,0,2,5,H02,8,1,5,50,4,1,1,5,4,5,7,1,1,1,5,5,2,23,2,31,2,9,1,1,7,20,8,20,10,16,,67,23,1,22,9,121.5326196,25.04240153
111,10,27,6,47,2,09北投區,北投區承德路6段與文林北路口,0,0,2,1,C03,8,1,5,50,3,1,1,5,4,5,7,2,1,3,4,4,2,12,1,68,2,9,1,1,7,5,1,10,2,11,,8,8,1,22,9,121.5114434,25.11058535
111,10,27,6,47,2,09北投區,北投區承德路6段與文林北路口,0,0,2,2,B03,8,1,5,50,3,1,1,5,4,5,7,2,1,3,4,4,2,12,1,36,3,10,1,1,7,5,1,8,2,2,,44,8,1,22,9,121.5114434,25.11058535
111,10,27,6,47,2,09北投區,北投區承德路6段與文林北路口,0,0,2,3,H02,8,1,5,50,3,1,1,5,4,5,7,2,1,3,4,4,2,12,2,67,2,9,4,5,7,20,8,20,10,16,,67,8,1,22,9,121.5114434,25.11058535
111,10,27,6,55,2,11南港區,南港區東明街與東明街123巷口,0,0,1,1,B03,8,1,5,50,4,1,1,5,4,5,7,4,4,10,5,5,2,3,1,47,3,10,3,4,7,6,1,8,1,1,,23,23,1,22,9,121.5999377,25.0547768
111,10,27,6,55,2,11南港區,南港區東明街與東明街123巷口,0,0,1,2,H01,8,1,5,50,4,1,1,5,4,5,7,4,4,10,5,5,2,3,2,73,2,9,4,5,8,16,8,20,10,16,,67,23,1,22,9,121.5999377,25.0547768
111,10,27,7,11,2,08士林區,士林區延平北路6段與延平北路6段176巷口,0,0,1,1,B03,8,1,5,50,3,1,1,5,4,5,7,4,4,10,2,5,1,3,1,29,4,11,3,4,7,15,7,19,11,15,,15,43,2,22,9,121.5062423,25.08947562
111,10,27,7,11,2,08士林區,士林區延平北路6段與延平北路6段176巷口,0,0,1,2,H01,8,1,5,50,3,1,1,5,4,5,7,4,4,10,2,5,1,3,1,10,2,9,4,5,8,16,8,20,9,16,,67,43,1,22,9,121.5062423,25.08947562
111,10,27,7,24,2,02萬華區,萬華區西藏路與寶興街口,0,0,2,2,C03,8,1,5,50,5,1,1,3,4,5,7,1,1,1,4,4,2,17,1,50,2,9,1,4,7,9,1,10,1,12,,13,42,1,22,9,121.4925048,25.02856613
111,10,27,7,24,2,02萬華區,萬華區西藏路與寶興街口,0,0,2,3,C03,8,1,5,50,5,1,1,3,4,5,7,1,1,1,4,4,2,17,1,63,2,9,1,4,7,9,1,10,1,12,,44,42,1,22,9,121.4925048,25.02856613
111,10,27,7,24,2,02萬華區,萬華區西藏路與寶興街口,0,0,2,1,A41,8,1,5,50,5,1,1,3,4,5,7,1,1,1,4,4,2,17,1,48,3,10,1,4,7,9,1,1,1,15,,30,42,1,22,9,121.4925048,25.02856613
111,10,27,7,28,2,03中山區,中山區中山北路3段與農安街口,0,0,1,1,B01,8,1,5,50,14,9,1,5,4,5,7,1,1,1,3,5,1,16,1,64,3,10,1,1,7,8,1,4,1,6,,7,7,1,22,9,121.5221655,25.06478
111,10,27,7,28,2,03中山區,中山區中山北路3段與農安街口,0,0,1,2,C03,8,1,5,50,14,9,1,5,4,5,7,1,1,1,3,5,1,16,2,27,2,9,1,1,7,9,1,10,1,14,,44,7,1,22,9,121.5221655,25.06478
111,10,27,7,30,2,10文山區,文山區木新路3段74巷19號,0,0,1,1,C03,8,1,5,50,14,9,1,5,4,5,7,4,4,5,2,5,2,16,1,39,3,10,1,1,7,9,1,10,1,12,,6,6,1,22,9,121.5630171,24.9837422
111,10,27,7,30,2,10文山區,文山區木新路3段74巷19號,0,0,1,2,C03,8,1,5,50,14,9,1,5,4,5,7,4,4,5,2,5,2,16,2,22,2,9,1,1,7,9,1,10,1,11,,13,6,1,22,9,121.5630171,24.9837422
111,10,27,7,31,2,11南港區,南港區東新街與玉成街25巷口,0,0,2,1,C03,8,1,5,50,3,2,1,5,4,5,6,4,4,5,4,5,2,17,1,64,2,9,1,4,7,7,1,9,1,14,,44,44,1,22,9,121.5828953,25.0508277
111,10,27,7,31,2,11南港區,南港區東新街與玉成街25巷口,0,0,2,2,C03,8,1,5,50,3,2,1,5,4,5,6,4,4,5,4,5,2,17,1,26,2,9,1,4,7,8,1,9,1,12,,23,44,1,22,9,121.5828953,25.0508277
111,10,27,7,47,2,03中山區,中山區樂群一路與敬業三路口,0,0,1,1,C03,8,1,5,50,14,9,1,5,4,5,7,1,1,1,5,5,1,13,1,56,2,9,3,4,7,8,1,10,1,11,,7,7,1,22,9,121.5551023,25.07713204
111,10,27,7,47,2,03中山區,中山區樂群一路與敬業三路口,0,0,1,2,B03,8,1,5,50,14,9,1,5,4,5,7,1,1,1,5,5,1,13,1,54,3,10,3,4,7,9,1,8,1,6,,44,7,1,22,9,121.5551023,25.07713204
111,10,27,7,48,2,12內湖區,內湖區舊宗路2段與陽光街口,0,0,2,3,H02,8,1,5,50,3,1,1,5,4,5,7,4,4,9,4,5,2,16,2,21,2,7,1,5,7,21,8,20,10,15,,67,6,1,22,9,121.5740539,25.07235103
111,10,27,7,48,2,12內湖區,內湖區舊宗路2段與陽光街口,0,0,2,1,C03,8,1,5,50,3,1,1,5,4,5,7,4,4,9,4,5,2,16,1,22,2,9,1,1,7,6,1,10,1,11,,6,6,1,22,9,121.5740539,25.07235103
111,10,27,7,48,2,12內湖區,內湖區舊宗路2段與陽光街口,0,0,2,2,C03,8,1,5,50,3,1,1,5,4,5,7,4,4,9,4,5,2,16,1,25,3,10,1,1,7,9,1,10,1,13,,14,6,1,22,9,121.5740539,25.07235103