發生年度,發生月,發生日,發生時-Hours,發生分,處理別-編號,區序,肇事地點,死亡人數,2-30日死亡人數,受傷人數,當事人序號,車種,天候,光線,道路類別,速限-速度限制,道路型態,事故位置,路面狀況1,路面狀況2,路面狀況3,道路障礙1,道路障礙2,號誌1,號誌2,車道劃分-分向,車道劃分-分道1,車道劃分-分道2,車道劃分-分道3,事故類型及型態,性別,年齡,受傷程度,主要傷處,安全帽,行動電話,車輛用途,當事者行動狀態,駕駛資格情形,駕駛執照種類,飲酒情形,車輛撞擊部位1,車輛撞擊部位2,肇因碼-個別,肇因碼-主要,個人肇逃否,職業,旅次目的,座標-X,座標-Y
111,10,27,7,53,2,02萬華區,萬華區忠孝橋往台北市與忠孝橋往台北市口機車道,0,0,2,1,C03,7,1,7,40,8,11,5,5,4,5,7,4,4,10,5,5,2,13,2,29,2,7,1,1,7,9,1,10,1,11,,43,43,1,22,9,121.5053545,25.04917053
111,10,27,7,53,2,02萬華區,萬華區忠孝橋往台北市與忠孝橋往台北市口機車道,0,0,2,2,C03,7,1,7,40,8,11,5,5,4,5,7,4,4,10,5,5,2,13,1,22,3,10,1,1,7,14,1,10,1,13,,43,43,1,22,9,121.5053545,25.04917053
111,10,27,7,53,2,02萬華區,萬華區忠孝橋往台北市與忠孝橋往台北市口機車道,0,0,2,3,,7,1,7,40,8,11,5,5,4,5,7,4,4,10,5,5,2,13,4,,4,11,3,4,7,15,7,19,11,15,,43,43,2,22,9,121.5053545,25.04917053
111,10,27,7,53,2,02萬華區,萬華區忠孝橋往台北市與忠孝橋往台北市口機車道,0,0,2,4,H02,7,1,7,40,8,11,5,5,4,5,7,4,4,10,5,5,2,13,2,21,2,8,1,1,7,20,8,20,10,16,,67,43,1,22,9,121.5053545,25.04917053
111,10,27,8,5,2,09北投區,北投區中央南路2段121號,0,0,1,1,C03,8,1,5,40,14,9,1,5,4,5,7,4,4,9,4,5,2,16,1,49,3,10,1,1,7,11,1,10,9,11,,10,10,1,22,9,121.5002375,25.1217136
111,10,27,8,5,2,09北投區,北投區中央南路2段121號,0,0,1,2,C03,8,1,5,40,14,9,1,5,4,5,7,4,4,9,4,5,2,16,2,29,2,9,1,1,7,9,1,10,1,14,,44,10,1,22,9,121.5002375,25.1217136
111,10,27,8,7,2,04大安區,大安區新生南路3段與新生南路3段11巷口,0,0,1,1,C03,8,1,5,50,3,2,1,5,4,5,7,4,4,8,3,5,2,12,1,72,2,8,1,1,7,8,1,10,1,12,,43,43,1,22,9,121.5349134,25.0254502
111,10,27,8,7,2,04大安區,大安區新生南路3段與新生南路3段11巷口,0,0,1,2,B01,8,1,5,50,3,2,1,5,4,5,7,4,4,8,3,5,2,12,1,69,3,10,1,1,7,9,1,8,1,8,,43,43,1,22,9,121.5349134,25.0254502
111,10,27,8,12,2,10文山區,文山區萬和街6號,0,0,1,1,B03,8,1,5,50,14,9,1,5,4,5,7,4,4,9,5,5,2,12,2,46,3,10,1,1,7,11,1,8,1,4,,10,10,1,22,9,121.56725,25.0016191
111,10,27,8,12,2,10文山區,文山區萬和街6號,0,0,1,2,C03,8,1,5,50,14,9,1,5,4,5,7,4,4,9,5,5,2,12,1,25,2,9,1,1,7,9,1,10,1,12,,44,10,1,22,9,121.56725,25.0016191
111,10,27,8,30,2,04大安區,大安區基隆路3段155巷57號(機車道出入口)旁,0,0,1,1,C03,8,1,5,50,14,9,1,5,4,5,7,4,4,8,3,5,1,16,2,24,3,10,1,1,7,5,1,10,1,11,,8,8,1,2,1,121.5434147,25.01471641
111,10,27,8,30,2,04大安區,大安區基隆路3段155巷57號(機車道出入口)旁,0,0,1,2,C03,8,1,5,50,14,9,1,5,4,5,7,4,4,8,3,5,1,16,1,80,3,10,1,1,7,9,1,10,1,14,,44,8,1,20,8,121.5434147,25.01471641
111,10,27,8,30,2,04大安區,大安區基隆路3段155巷57號(機車道出入口)旁,0,0,1,3,H02,8,1,5,50,14,9,1,5,4,5,7,4,4,8,3,5,1,16,2,73,2,8,1,1,7,20,8,20,10,16,,67,8,1,20,8,121.5434147,25.01471641
111,10,27,8,32,2,03中山區,中山區中山北路2段113號,0,0,2,1,C03,8,1,5,50,14,9,1,5,4,5,7,4,4,1,3,5,1,13,1,21,2,9,1,1,7,9,1,10,1,11,,16,16,1,22,9,121.5230783,25.06094684
111,10,27,8,32,2,03中山區,中山區中山北路2段113號,0,0,2,2,C04,8,1,5,50,14,9,1,5,4,5,7,4,4,1,3,5,1,13,2,44,2,9,1,1,7,6,1,11,1,13,,44,16,1,22,9,121.5230783,25.06094684
111,10,27,8,32,2,05中正區,中正區南海路與惠安街口,0,0,1,1,B03,8,1,5,50,3,1,1,5,4,5,7,1,1,5,4,5,2,17,1,43,3,10,1,1,7,6,1,8,1,2,,9,9,1,22,9,121.5080315,25.02810916
111,10,27,8,32,2,05中正區,中正區南海路與惠安街口,0,0,1,2,C03,8,1,5,50,3,1,1,5,4,5,7,1,1,5,4,5,2,17,2,30,2,9,1,1,7,9,1,10,1,11,,23,9,1,22,9,121.5080315,25.02810916
111,10,27,8,38,2,05中正區,中正區金山南路1段與忠孝東路2段口,0,0,1,1,C03,8,1,5,50,4,1,1,5,4,5,7,2,1,1,4,5,2,16,2,22,2,8,1,1,7,5,1,10,2,13,,8,8,1,22,9,121.529756,25.04310969
111,10,27,8,38,2,05中正區,中正區金山南路1段與忠孝東路2段口,0,0,1,2,B03,8,1,5,50,4,1,1,5,4,5,7,2,1,1,4,5,2,16,1,38,3,10,1,1,7,9,1,8,2,5,,44,8,1,22,9,121.529756,25.04310969
111,10,27,8,39,2,03中山區,中山區錦西街4號,0,0,1,1,B03,8,1,5,50,14,9,1,5,4,5,7,4,4,4,3,5,1,17,2,55,3,10,1,1,7,1,1,8,2,8,,19,19,1,22,9,121.5223837,25.06030006
111,10,27,8,39,2,03中山區,中山區錦西街4號,0,0,1,2,C03,8,1,5,50,14,9,1,5,4,5,7,4,4,4,3,5,1,17,1,58,3,10,1,1,7,9,1,10,1,15,,23,19,1,22,9,121.5223837,25.06030006
111,10,27,8,39,2,03中山區,中山區錦西街4號,0,0,1,3,H02,8,1,5,50,14,9,1,5,4,5,7,4,4,4,3,5,1,17,1,27,2,8,1,5,7,20,8,20,10,16,,67,19,1,22,9,121.5223837,25.06030006
111,10,27,8,40,2,12內湖區,內湖區康寧路3段75巷與康寧路3段75巷186弄口,0,0,1,1,B01,8,1,5,30,14,9,1,5,4,5,7,4,4,5,4,5,2,13,1,68,3,10,3,4,7,12,1,8,2,7,,42,42,1,22,9,121.6126256,25.07715967
111,10,27,8,40,2,12內湖區,內湖區康寧路3段75巷與康寧路3段75巷186弄口,0,0,1,2,C03,8,1,5,30,14,9,1,5,4,5,7,4,4,5,4,5,2,13,1,29,2,9,1,1,7,9,1,10,2,12,,23,42,1,22,9,121.6126256,25.07715967
111,10,27,8,40,2,11南港區,南港區市民大道7段與東新街口,0,0,1,1,B03,8,1,5,50,4,2,1,5,4,5,7,1,1,10,5,5,2,17,1,72,3,10,3,4,7,9,1,8,1,8,,23,23,1,22,9,121.5837992,25.04961158
111,10,27,8,40,2,11南港區,南港區市民大道7段與東新街口,0,0,1,2,C03,8,1,5,50,4,2,1,5,4,5,7,1,1,10,5,5,2,17,2,40,2,9,3,4,7,10,1,10,1,13,,7,23,1,22,9,121.5837992,25.04961158
111,10,27,8,40,2,11南港區,南港區市民大道7段與東新街口,0,0,1,3,C03,8,1,5,50,4,2,1,5,4,5,7,1,1,10,5,5,2,17,2,34,3,10,3,4,7,14,1,10,1,11,,44,23,1,22,9,121.5837992,25.04961158
111,10,27,8,40,2,11南港區,南港區市民大道7段與東新街口,0,0,1,4,B03,8,1,5,50,4,2,1,5,4,5,7,1,1,10,5,5,2,17,1,46,3,10,3,4,7,14,1,8,1,3,,44,23,1,22,9,121.5837992,25.04961158
111,10,27,8,41,2,03中山區,中山區市民大道3段65號,0,0,1,1,C03,8,1,5,40,14,7,1,5,4,5,7,4,4,1,3,4,1,13,1,23,2,8,3,4,7,9,1,10,1,11,,16,16,1,22,9,121.5360636,25.04492661
111,10,27,8,41,2,03中山區,中山區市民大道3段65號,0,0,1,2,B03,8,1,5,40,14,7,1,5,4,5,7,4,4,1,3,4,1,13,1,49,3,10,3,4,7,9,1,8,1,6,,44,16,1,22,9,121.5360636,25.04492661
111,10,27,8,41,2,08士林區,士林區仰德大道2段,0,0,2,1,C03,8,1,5,40,14,9,1,5,4,5,7,4,4,4,5,5,1,12,1,19,2,9,1,1,7,9,1,10,1,14,,23,26,1,22,9,121.5389626,25.10293065
111,10,27,8,41,2,08士林區,士林區仰德大道2段,0,0,2,2,B12,8,1,5,40,14,9,1,5,4,5,7,4,4,4,5,5,1,12,1,33,3,10,1,1,7,9,1,8,1,6,,44,26,1,22,9,121.5389626,25.10293065
111,10,27,8,41,2,08士林區,士林區仰德大道2段,0,0,2,3,H02,8,1,5,40,14,9,1,5,4,5,7,4,4,4,5,5,1,12,2,19,2,9,1,5,7,21,8,20,10,16,,67,26,1,22,9,121.5389626,25.10293065
111,10,27,8,41,2,07信義區,信義區松仁路與松仁路240巷口口,0,0,1,1,B12,8,1,5,30,4,1,1,5,4,5,7,2,1,10,5,5,2,3,1,82,3,10,1,1,7,5,1,8,2,4,,15,15,1,22,9,121.5694146,25.0248509
111,10,27,8,41,2,07信義區,信義區松仁路與松仁路240巷口口,0,0,1,2,H01,8,1,5,30,4,1,1,5,4,5,7,2,1,10,5,5,2,3,2,74,2,9,4,5,8,16,8,20,10,16,,67,15,1,22,9,121.5694146,25.0248509
111,10,27,8,45,2,12內湖區,內湖區瑞光路393巷與瑞光路393巷口8號,0,0,1,1,B03,8,1,5,50,3,1,1,5,4,5,7,4,4,5,4,5,2,12,1,53,4,11,3,4,7,15,7,19,11,15,,44,43,2,22,9,121.5733157,25.0785754
111,10,27,8,45,2,12內湖區,內湖區瑞光路393巷與瑞光路393巷口8號,0,0,1,2,C03,8,1,5,50,3,1,1,5,4,5,7,4,4,5,4,5,2,12,2,25,2,8,1,1,7,7,1,10,1,14,,7,43,1,22,9,121.5733157,25.0785754
111,10,27,8,45,2,12內湖區,內湖區瑞光路393巷與瑞光路393巷口8號,0,0,1,3,B03,8,1,5,50,3,1,1,5,4,5,7,4,4,5,4,5,2,12,1,45,3,10,1,1,7,9,1,4,1,4,,44,43,1,22,9,121.5733157,25.0785754
111,10,27,8,50,2,08士林區,士林區平菁街平溪1+900處,0,0,1,1,A12,8,1,5,30,11,9,1,5,4,5,7,4,4,10,5,5,1,17,1,64,3,10,1,1,7,9,1,7,9,15,,43,43,1,22,9,121.5698134,25.11707816
111,10,27,8,50,2,08士林區,士林區平菁街平溪1+900處,0,0,1,2,C03,8,1,5,30,11,9,1,5,4,5,7,4,4,10,5,5,1,17,2,50,2,9,1,1,7,9,3,18,1,14,,43,43,1,22,9,121.5698134,25.11707816
111,10,27,9,4,2,10文山區,文山區試院路6-2號,0,0,1,1,C03,8,1,5,30,15,9,1,5,4,5,7,4,4,5,4,5,2,17,1,61,3,10,3,4,7,5,1,10,2,14,,8,8,1,22,9,121.5496769,24.98811728
111,10,27,9,4,2,10文山區,文山區試院路6-2號,0,0,1,2,C03,8,1,5,30,15,9,1,5,4,5,7,4,4,5,4,5,2,17,1,22,2,9,3,4,7,9,1,10,2,11,,13,8,1,22,9,121.5496769,24.98811728
111,10,27,9,5,2,06松山區,松山區光復北路與南京東路4段179巷3弄口,0,0,2,1,C03,8,1,5,30,4,1,1,5,4,5,7,4,4,9,4,5,2,17,1,51,2,8,1,4,7,5,1,10,2,11,,6,6,1,22,9,121.5571455,25.0521929
111,10,27,9,5,2,06松山區,松山區光復北路與南京東路4段179巷3弄口,0,0,2,2,C03,8,1,5,30,4,1,1,5,4,5,7,4,4,9,4,5,2,17,2,33,2,8,1,4,7,9,1,10,2,11,,4,6,1,22,9,121.5571455,25.0521929
111,10,27,9,10,2,03中山區,中山區大直橋與濱江街口,0,0,1,1,C03,8,1,5,50,4,1,1,5,4,5,7,2,1,1,2,5,2,12,1,52,3,10,3,4,7,8,1,9,1,13,,7,7,1,22,9,121.5441963,25.0724162
111,10,27,9,10,2,03中山區,中山區大直橋與濱江街口,0,0,1,2,C03,8,1,5,50,4,1,1,5,4,5,7,2,1,1,2,5,2,12,1,34,2,9,3,4,7,9,1,9,1,11,,14,7,1,22,9,121.5441963,25.0724162
111,10,27,9,21,2,12內湖區,內湖區東湖路160巷與五分街72巷口,0,0,2,1,B03,8,1,5,40,14,9,1,5,4,5,7,4,4,9,5,5,1,10,1,41,2,7,1,1,7,1,1,8,1,1,,4,4,1,22,9,121.6165071,25.06629826
111,10,27,9,21,2,12內湖區,內湖區東湖路160巷與五分街72巷口,0,0,2,2,B03,8,1,5,40,14,9,1,5,4,5,7,4,4,9,5,5,1,10,1,57,2,9,1,1,7,9,1,8,1,4,,44,4,1,22,9,121.6165071,25.06629826
111,10,27,9,21,2,12內湖區,內湖區東湖路160巷與五分街72巷口,0,0,2,3,B03,8,1,5,40,14,9,1,5,4,5,7,4,4,9,5,5,1,10,1,41,3,10,3,4,7,13,1,8,11,1,,44,4,1,22,9,121.6165071,25.06629826
111,10,27,9,21,2,12內湖區,內湖區東湖路160巷與五分街72巷口,0,0,2,4,B03,8,1,5,40,14,9,1,5,4,5,7,4,4,9,5,5,1,10,2,49,3,10,3,4,7,13,1,8,11,7,,44,4,1,22,9,121.6165071,25.06629826
111,10,27,9,21,2,12內湖區,內湖區東湖路160巷與五分街72巷口,0,0,2,5,C03,8,1,5,40,14,9,1,5,4,5,7,4,4,9,5,5,1,10,1,41,3,10,3,4,7,13,1,10,11,13,,44,4,1,22,9,121.6165071,25.06629826
111,10,27,9,25,2,02萬華區,萬華區萬大路349號對面,0,0,2,1,C03,8,1,5,30,14,9,1,5,4,5,7,4,4,1,3,5,2,17,1,19,2,8,1,1,7,9,1,10,9,11,,14,23,1,22,9,121.4998836,25.02361267
111,10,27,9,25,2,02萬華區,萬華區萬大路349號對面,0,0,2,3,H02,8,1,5,30,14,9,1,5,4,5,7,4,4,1,3,5,2,17,2,67,2,9,4,5,7,19,8,20,10,16,,67,23,1,22,9,121.4998836,25.02361267
111,10,27,9,25,2,02萬華區,萬華區萬大路349號對面,0,0,2,2,A02,8,1,5,30,14,9,1,5,4,5,7,4,4,1,3,5,2,17,1,61,3,10,1,1,7,14,1,2,9,15,,38,23,1,22,9,121.4998836,25.02361267
111,10,27,9,49,2,03中山區,中山區南京東路2段與伊通街口,0,0,1,1,B03,8,1,5,50,4,2,1,5,4,5,7,1,1,1,4,4,2,12,1,49,3,10,3,4,7,6,1,4,2,4,,44,44,1,22,9,121.5347954,25.0519303
111,10,27,9,49,2,03中山區,中山區南京東路2段與伊通街口,0,0,1,2,C03,8,1,5,50,4,2,1,5,4,5,7,1,1,1,4,4,2,12,1,63,2,9,3,4,7,9,1,10,2,11,,44,44,1,22,9,121.5347954,25.0519303
111,10,27,9,50,2,06松山區,松山區市民大道4段與光復南路66巷口,0,0,1,1,B02,8,1,5,40,3,1,1,5,4,5,7,1,1,1,4,5,2,16,1,22,3,10,1,4,7,6,1,8,1,2,,9,9,1,22,9,121.5566977,25.04503334
111,10,27,9,50,2,06松山區,松山區市民大道4段與光復南路66巷口,0,0,1,2,C03,8,1,5,40,3,1,1,5,4,5,7,1,1,1,4,5,2,16,2,27,2,9,1,4,7,9,1,10,1,14,,23,9,1,22,9,121.5566977,25.04503334
111,10,27,9,50,2,12內湖區,內湖區潭美街600號與無名巷口對面,0,0,2,1,C03,8,1,5,40,3,1,1,5,4,5,7,4,4,9,4,5,2,16,1,32,2,9,1,1,7,5,1,10,2,12,,6,6,1,22,9,121.6006251,25.06081674
111,10,27,9,50,2,12內湖區,內湖區潭美街600號與無名巷口對面,0,0,2,2,C03,8,1,5,40,3,1,1,5,4,5,7,4,4,9,4,5,2,16,1,28,2,9,1,1,7,9,1,10,2,11,,44,6,1,22,9,121.6006251,25.06081674
111,10,27,10,0,2,09北投區,北投區三合街1段與磺港路口,0,0,2,1,F01,6,1,5,50,4,1,1,4,4,5,7,2,1,5,4,5,2,15,2,73,2,4,1,1,7,9,8,20,1,16,,26,26,1,22,9,121.5035857,25.12663717
111,10,27,10,0,2,09北投區,北投區三合街1段與磺港路口,0,0,2,2,C03,6,1,5,50,4,1,1,4,4,5,7,2,1,5,4,5,2,15,2,25,2,8,1,1,7,9,1,10,1,11,,25,26,1,22,9,121.5035857,25.12663717
111,10,27,10,0,2,07信義區,信義區松高路與松智路附近口,0,0,1,1,B03,8,1,5,50,3,1,1,5,4,5,7,4,4,9,4,5,2,12,1,61,3,10,1,1,7,6,1,8,1,2,,9,9,1,22,9,121.5650412,25.03903846
111,10,27,10,0,2,07信義區,信義區松高路與松智路附近口,0,0,1,2,C03,8,1,5,50,3,1,1,5,4,5,7,4,4,9,4,5,2,12,1,32,2,9,1,1,7,9,1,10,1,14,,23,9,1,22,9,121.5650412,25.03903846
111,10,27,10,1,2,05中正區,中正區汀州路2段244號,0,0,1,1,B01,8,1,5,50,14,9,1,5,4,3,5,4,4,9,5,5,1,17,1,46,3,10,1,1,7,11,1,4,2,4,,10,10,1,22,9,121.524806,25.02160489
111,10,27,10,1,2,05中正區,中正區汀州路2段244號,0,0,1,2,C03,8,1,5,50,14,9,1,5,4,3,5,4,4,9,5,5,1,17,2,29,2,9,1,1,7,9,1,10,2,12,,23,10,1,22,9,121.524806,25.02160489
111,10,27,10,1,2,05中正區,中正區汀州路2段244號,0,0,1,3,B03,8,1,5,50,14,9,1,5,4,3,5,4,4,9,5,5,1,17,1,59,3,10,3,4,7,13,7,19,11,8,,44,10,1,22,9,121.524806,25.02160489
111,10,27,10,1,2,05中正區,中正區汀州路2段244號,0,0,1,4,F03,8,1,5,50,14,9,1,5,4,3,5,4,4,9,5,5,1,17,1,59,3,10,3,4,7,13,8,20,10,15,,44,10,1,22,9,121.524806,25.02160489
111,10,27,10,2,2,08士林區,士林區延平北路5段139號與延平北路5段口,0,0,2,1,C03,8,1,5,50,3,1,1,5,4,5,7,1,1,1,1,5,1,16,2,21,2,9,1,1,7,11,1,10,1,14,,10,10,1,22,9,121.5103563,25.08208924
111,10,27,10,2,2,08士林區,士林區延平北路5段139號與延平北路5段口,0,0,2,2,C03,8,1,5,50,3,1,1,5,4,5,7,1,1,1,1,5,1,16,1,20,2,9,1,1,7,9,1,10,1,11,,44,10,1,22,9,121.5103563,25.08208924
111,10,27,10,35,2,12內湖區,內湖區成功路5段462號,0,0,1,1,B12,8,1,5,50,3,2,1,5,4,5,7,2,1,1,4,4,2,12,1,59,3,10,1,1,7,6,1,8,1,6,,9,9,1,22,9,121.6064016,25.0733914
111,10,27,10,35,2,12內湖區,內湖區成功路5段462號,0,0,1,2,C03,8,1,5,50,3,2,1,5,4,5,7,2,1,1,4,4,2,12,2,23,2,9,1,1,7,9,1,10,1,14,,44,9,1,22,9,121.6064016,25.0733914
111,10,27,10,37,2,12內湖區,內湖區康寧路3段99巷6弄11號,0,0,1,1,B01,8,1,5,30,14,9,1,5,4,5,7,4,4,10,5,5,2,11,1,63,2,7,1,1,7,9,1,4,1,4,,4,4,1,22,9,121.6104269,25.07168243
111,10,27,10,37,2,12內湖區,內湖區康寧路3段99巷6弄11號,0,0,1,2,C03,8,1,5,30,14,9,1,5,4,5,7,4,4,10,5,5,2,11,1,21,3,10,1,1,7,3,1,10,1,14,,44,4,1,22,9,121.6104269,25.07168243
111,10,27,10,43,2,06松山區,松山區塔悠路99號,0,0,1,1,B03,8,1,5,50,14,9,1,5,4,5,7,4,4,1,4,5,2,16,1,63,3,10,1,1,7,1,1,8,2,7,,19,19,1,22,9,121.5700725,25.0538271
111,10,27,10,43,2,06松山區,松山區塔悠路99號,0,0,1,2,C03,8,1,5,50,14,9,1,5,4,5,7,4,4,1,4,5,2,16,1,23,2,9,1,1,7,9,1,10,2,12,,44,19,1,22,9,121.5700725,25.0538271
111,10,27,10,49,2,06松山區,松山區南京東路5段66巷與南京東路5段66巷3弄口,0,0,2,1,C04,8,1,5,30,4,1,1,5,4,5,7,4,4,10,5,5,2,15,1,24,2,8,1,1,7,9,1,10,1,12,,6,6,1,22,9,121.5607953,25.05086649
111,10,27,10,49,2,06松山區,松山區南京東路5段66巷與南京東路5段66巷3弄口,0,0,2,2,C03,8,1,5,30,4,1,1,5,4,5,7,4,4,10,5,5,2,15,1,39,2,8,1,1,7,9,1,10,1,11,,44,6,1,22,9,121.5607953,25.05086649
111,10,27,11,7,2,08士林區,士林區德行東路109巷與忠誠路2段40巷口,0,0,1,1,C03,8,1,5,30,4,2,1,5,4,5,7,4,4,4,5,5,1,16,1,45,3,10,1,1,7,9,1,10,1,11,,6,6,1,22,9,121.5286511,25.11030169
111,10,27,11,7,2,08士林區,士林區德行東路109巷與忠誠路2段40巷口,0,0,1,2,C03,8,1,5,30,4,2,1,5,4,5,7,4,4,4,5,5,1,16,1,28,2,9,1,1,7,9,1,10,1,11,,23,6,1,22,9,121.5286511,25.11030169
111,10,27,11,18,2,08士林區,士林區忠誠路1段與德行東路口,0,0,2,1,C03,8,1,5,50,4,2,1,5,4,5,7,2,1,1,2,5,1,16,1,40,2,9,1,1,7,11,1,10,1,14,,10,10,1,22,9,121.5302088,25.10832063
111,10,27,11,18,2,08士林區,士林區忠誠路1段與德行東路口,0,0,2,2,C03,8,1,5,50,4,2,1,5,4,5,7,2,1,1,2,5,1,16,1,18,2,9,1,1,7,9,1,10,1,12,,23,10,1,22,9,121.5302088,25.10832063
111,10,27,11,20,2,07信義區,信義區信義路5段5號與市府路口,0,0,1,1,B11,8,1,8,0,15,20,1,5,4,5,2,4,4,1,5,5,2,9,2,52,3,10,3,4,7,1,1,4,9,1,,19,19,1,22,9,121.5633666,25.03367
111,10,27,11,20,2,07信義區,信義區信義路5段5號與市府路口,0,0,1,2,H01,8,1,8,0,15,20,1,5,4,5,2,4,4,1,5,5,2,9,1,70,2,9,4,4,8,16,8,20,9,16,,67,19,1,22,9,121.5633666,25.03367
111,10,27,11,22,2,02萬華區,萬華區寶興街與東園街140巷口,0,0,2,1,C03,8,1,5,30,4,1,1,5,4,5,7,3,1,8,3,5,2,16,1,67,2,9,1,4,7,5,1,10,1,14,,6,6,1,22,9,121.4957429,25.0227369
111,10,27,11,22,2,02萬華區,萬華區寶興街與東園街140巷口,0,0,2,2,C03,8,1,5,30,4,1,1,5,4,5,7,3,1,8,3,5,2,16,1,21,2,9,1,4,7,9,1,10,1,11,,44,6,1,22,9,121.4957429,25.0227369
111,10,27,11,34,2,03中山區,中山區復興北路202號,0,0,1,1,C03,8,1,5,50,14,9,1,5,4,5,7,4,4,1,4,5,1,29,2,51,2,9,1,1,7,9,1,10,2,14,,42,42,1,22,9,121.5438575,25.055637
111,10,27,11,34,2,03中山區,中山區復興北路202號,0,0,1,2,,8,1,5,50,14,9,1,5,4,5,7,4,4,1,4,5,1,29,3,,,,,,,,,,,,,67,42,1,,,121.5438575,25.055637
111,10,27,11,41,2,04大安區,大安區和平東路1段與師大路口,0,0,1,1,B03,8,1,5,50,3,2,1,5,4,5,7,2,1,8,3,4,1,17,2,51,3,10,1,1,7,11,1,8,1,2,,10,10,1,5,3,121.5283889,25.02669083
111,10,27,11,41,2,04大安區,大安區和平東路1段與師大路口,0,0,1,2,C03,8,1,5,50,3,2,1,5,4,5,7,2,1,8,3,4,1,17,1,38,2,8,1,1,7,9,1,10,1,14,,44,10,1,5,1,121.5283889,25.02669083
111,10,27,11,55,2,09北投區,北投區立賢路107號對面,0,0,2,1,C03,8,1,5,50,14,9,1,5,4,5,7,3,1,1,4,5,1,12,1,31,2,9,1,1,7,7,1,10,1,13,,7,7,1,22,9,121.502287,25.1143055
111,10,27,11,55,2,09北投區,北投區立賢路107號對面,0,0,2,2,C03,8,1,5,50,14,9,1,5,4,5,7,3,1,1,4,5,1,12,1,19,2,9,1,1,7,9,1,10,1,11,,13,7,1,22,9,121.502287,25.1143055
111,10,27,13,0,2,09北投區,北投區明德路170號,0,0,1,1,B03,8,1,5,50,14,9,1,5,4,5,7,4,4,7,5,5,2,12,1,57,3,10,1,1,7,1,1,8,1,4,,19,19,1,22,9,121.5210255,25.11112642
111,10,27,13,0,2,09北投區,北投區明德路170號,0,0,1,2,C03,8,1,5,50,14,9,1,5,4,5,7,4,4,7,5,5,2,12,2,43,2,9,1,1,7,1,1,10,1,11,,19,19,1,22,9,121.5210255,25.11112642
111,10,27,13,19,2,12內湖區,內湖區康樂街129號,0,0,2,1,C03,8,1,5,50,14,9,1,5,4,5,7,4,4,9,5,5,2,17,1,73,4,11,3,4,7,1,7,19,11,15,,19,43,2,22,9,121.6191555,25.0711065
111,10,27,13,19,2,12內湖區,內湖區康樂街129號,0,0,2,2,C03,8,1,5,50,14,9,1,5,4,5,7,4,4,9,5,5,2,17,1,52,2,9,2,1,7,9,1,10,1,14,,44,43,1,22,9,121.6191555,25.0711065
111,10,27,13,19,2,12內湖區,內湖區康樂街129號,0,0,2,3,H02,8,1,5,50,14,9,1,5,4,5,7,4,4,9,5,5,2,17,1,20,2,9,1,5,7,21,8,20,10,15,,67,43,1,22,9,121.6191555,25.0711065
111,10,27,13,20,2,10文山區,文山區辛亥路4段162號與辛亥路4段口,0,0,2,1,B03,8,1,5,50,3,2,1,5,4,5,7,1,1,1,4,5,2,17,2,55,2,3,1,1,7,9,1,8,1,1,1,16,16,1,22,9,121.5563989,25.00380162
111,10,27,13,20,2,10文山區,文山區辛亥路4段162號與辛亥路4段口,0,0,2,2,C02,8,1,5,50,3,2,1,5,4,5,7,1,1,1,4,5,2,17,1,20,2,2,1,1,7,9,4,10,1,13,13,44,16,1,22,9,121.5563989,25.00380162
111,10,27,14,9,2,04大安區,大安區仁愛路3段28號前,0,0,2,1,C03,8,1,5,50,14,9,1,5,4,5,7,4,4,8,3,5,1,13,2,16,2,8,1,1,7,9,2,18,1,11,,23,23,1,23,5,121.5366005,25.03777035
111,10,27,14,9,2,04大安區,大安區仁愛路3段28號前,0,0,2,2,C04,8,1,5,50,14,9,1,5,4,5,7,4,4,8,3,5,1,13,1,68,2,8,1,1,7,9,1,8,1,13,,44,23,1,21,5,121.5366005,25.03777035
111,10,27,14,20,2,08士林區,士林區雨農路15號,0,0,3,1,C03,8,1,5,50,14,9,1,5,4,5,7,4,4,5,4,5,2,17,1,22,2,9,1,1,7,8,1,10,1,12,,6,6,1,22,9,121.532219,25.09763639
111,10,27,14,20,2,08士林區,士林區雨農路15號,0,0,3,3,H02,8,1,5,50,14,9,1,5,4,5,7,4,4,5,4,5,2,17,2,19,2,7,1,5,7,20,8,20,10,16,,67,6,1,22,9,121.532219,25.09763639
111,10,27,14,20,2,08士林區,士林區雨農路15號,0,0,3,2,B03,8,1,5,50,14,9,1,5,4,5,7,4,4,5,4,5,2,17,1,72,3,10,1,1,7,9,1,8,1,7,,44,6,1,22,9,121.532219,25.09763639
111,10,27,14,20,2,08士林區,士林區雨農路15號,0,0,3,4,H02,8,1,5,50,14,9,1,5,4,5,7,4,4,5,4,5,2,17,2,68,2,5,1,5,7,20,8,20,10,16,,67,6,1,22,9,121.532219,25.09763639
111,10,27,14,35,2,07信義區,信義區信安街67巷與吳興街156巷65弄口,0,0,1,1,B03,8,1,5,50,14,8,1,5,4,5,7,4,4,5,4,4,2,12,1,28,3,10,1,1,7,8,1,8,2,2,,7,7,1,22,9,121.5588868,25.02596393
111,10,27,14,35,2,07信義區,信義區信安街67巷與吳興街156巷65弄口,0,0,1,2,C03,8,1,5,50,14,8,1,5,4,5,7,4,4,5,4,4,2,12,1,50,2,9,2,3,7,9,1,10,2,14,,13,7,1,22,9,121.5588868,25.02596393