發生年度,發生月,發生日,發生時-Hours,發生分,處理別-編號,區序,肇事地點,死亡人數,2-30日死亡人數,受傷人數,當事人序號,車種,天候,光線,道路類別,速限-速度限制,道路型態,事故位置,路面狀況1,路面狀況2,路面狀況3,道路障礙1,道路障礙2,號誌1,號誌2,車道劃分-分向,車道劃分-分道1,車道劃分-分道2,車道劃分-分道3,事故類型及型態,性別,年齡,受傷程度,主要傷處,安全帽,行動電話,車輛用途,當事者行動狀態,駕駛資格情形,駕駛執照種類,飲酒情形,車輛撞擊部位1,車輛撞擊部位2,肇因碼-個別,肇因碼-主要,個人肇逃否,職業,旅次目的,座標-X,座標-Y
111,10,27,14,51,2,06松山區,松山區八德路4段106巷8弄15號,0,0,1,1,B03,7,1,5,30,14,9,1,5,4,5,7,4,4,10,5,5,2,17,1,32,3,10,1,1,7,9,1,8,1,2,,6,6,1,22,9,121.5602546,25.04697326
111,10,27,14,51,2,06松山區,松山區八德路4段106巷8弄15號,0,0,1,2,C03,7,1,5,30,14,9,1,5,4,5,7,4,4,10,5,5,2,17,1,29,2,9,1,1,7,9,1,10,1,11,,14,6,1,22,9,121.5602546,25.04697326
111,10,27,14,54,2,09北投區,北投區大度路3段與關渡路口,0,0,1,1,B03,8,1,5,50,3,1,1,5,4,5,7,2,1,1,4,4,2,12,2,30,3,10,1,1,7,6,1,8,1,2,,6,6,1,22,9,121.4695703,25.12288281
111,10,27,14,54,2,09北投區,北投區大度路3段與關渡路口,0,0,1,2,C03,8,1,5,50,3,1,1,5,4,5,7,2,1,1,4,4,2,12,2,27,2,9,1,1,7,9,1,10,1,11,,44,6,1,22,9,121.4695703,25.12288281
111,10,27,15,3,2,12內湖區,內湖區環山路1段與環山路1段24巷口,0,0,1,1,B01,8,1,5,50,4,1,1,5,4,5,7,1,1,5,4,5,2,11,1,43,3,10,1,1,7,5,1,8,2,1,,8,8,1,22,9,121.5655027,25.0845315
111,10,27,15,3,2,12內湖區,內湖區環山路1段與環山路1段24巷口,0,0,1,2,C01,8,1,5,50,4,1,1,5,4,5,7,1,1,5,4,5,2,11,1,23,2,9,1,1,7,9,4,10,11,11,,13,8,1,22,9,121.5655027,25.0845315
111,10,27,15,3,2,12內湖區,內湖區環山路1段與環山路1段24巷口,0,0,1,3,B03,8,1,5,50,4,1,1,5,4,5,7,1,1,5,4,5,2,11,2,60,3,10,1,1,7,14,1,8,2,3,,42,8,1,22,9,121.5655027,25.0845315
111,10,27,15,16,2,04大安區,大安區信義路4段199巷與安和路1段102巷口,0,0,1,1,C03,8,1,5,30,4,1,1,5,4,5,7,4,4,5,5,5,2,15,1,42,2,9,1,1,7,9,1,9,1,11,,6,6,1,22,9,121.5516702,25.0342755
111,10,27,15,16,2,04大安區,大安區信義路4段199巷與安和路1段102巷口,0,0,1,2,B01,8,1,5,30,4,1,1,5,4,5,7,4,4,5,5,5,2,15,1,32,3,10,1,1,7,9,1,4,1,7,,14,6,1,22,9,121.5516702,25.0342755
111,10,27,15,19,2,09北投區,北投區西安街2段與公館路口,0,0,2,1,C03,8,1,5,50,14,9,1,5,4,5,7,1,1,9,4,5,2,12,1,19,2,8,1,1,7,6,1,10,1,12,,5,5,1,22,9,121.5026779,25.12148357
111,10,27,15,19,2,09北投區,北投區西安街2段與公館路口,0,0,2,2,C03,8,1,5,50,14,9,1,5,4,5,7,1,1,9,4,5,2,12,2,38,2,9,1,1,7,9,1,10,1,14,,44,5,1,22,9,121.5026779,25.12148357
111,10,27,15,34,2,10文山區,文山區木新路3段與興隆路4段口,0,0,1,1,B01,8,1,5,50,3,1,1,5,4,5,7,1,1,1,4,5,2,17,1,57,3,10,3,4,7,5,1,4,2,1,,8,8,1,22,9,121.5625684,24.98211641
111,10,27,15,34,2,10文山區,文山區木新路3段與興隆路4段口,0,0,1,2,C04,8,1,5,50,3,1,1,5,4,5,7,1,1,1,4,5,2,17,1,35,2,9,3,4,7,1,1,10,2,14,,19,8,1,22,9,121.5625684,24.98211641
111,10,27,15,51,2,04大安區,大安區建國南路2段25巷1號前,0,0,1,1,B03,8,1,5,50,4,2,1,5,4,5,7,3,1,10,4,5,2,17,2,57,3,10,1,1,7,5,1,8,1,15,,25,25,1,22,9,121.538045,25.0324675
111,10,27,15,51,2,04大安區,大安區建國南路2段25巷1號前,0,0,1,2,C03,8,1,5,50,4,2,1,5,4,5,7,3,1,10,4,5,2,17,1,20,2,9,1,1,7,9,1,10,1,14,,14,25,1,22,9,121.538045,25.0324675
111,10,27,16,15,2,12內湖區,內湖區南京東路6段與舊宗路1段口,0,0,1,1,C03,8,1,5,50,4,2,1,5,4,5,7,2,1,3,4,5,2,17,1,67,2,9,1,1,7,7,1,10,1,14,,7,7,1,22,9,121.5811739,25.0573066
111,10,27,16,15,2,12內湖區,內湖區南京東路6段與舊宗路1段口,0,0,1,2,B03,8,1,5,50,4,2,1,5,4,5,7,2,1,3,4,5,2,17,1,33,3,10,1,1,7,6,1,8,1,1,,44,7,1,22,9,121.5811739,25.0573066
111,10,27,17,6,2,09北投區,北投區關渡河堤產業道路關渡第143號燈桿旁,0,0,1,2,C03,8,1,5,30,14,9,1,5,4,5,7,4,4,10,5,5,1,16,1,59,2,9,1,1,7,9,1,10,1,12,,44,19,1,22,9,121.4685753,25.11526492
111,10,27,17,6,2,09北投區,北投區關渡河堤產業道路關渡第143號燈桿旁,0,0,1,1,B12,8,1,5,30,14,9,1,5,4,5,7,4,4,10,5,5,1,16,1,37,3,10,1,1,7,1,1,8,1,8,,19,19,1,22,9,121.4685753,25.11526492
111,10,27,17,13,2,07信義區,信義區信安街78號,0,0,1,1,C03,8,1,5,50,5,2,1,5,4,5,7,2,1,10,4,5,1,16,1,58,3,10,1,1,7,5,1,10,2,14,,23,23,1,22,9,121.5573003,25.0259925
111,10,27,17,13,2,07信義區,信義區信安街78號,0,0,1,2,F01,8,1,5,50,5,2,1,5,4,5,7,2,1,10,4,5,1,16,2,21,2,9,1,1,7,11,8,20,2,16,,26,23,1,22,9,121.5573003,25.0259925
111,10,27,17,19,2,12內湖區,內湖區內湖路1段737巷84號前,0,0,2,2,C03,8,1,5,30,14,9,1,5,4,5,7,4,4,9,4,5,2,16,1,31,2,9,1,4,7,5,1,10,2,14,,8,23,1,22,9,121.5791791,25.08181515
111,10,27,17,19,2,12內湖區,內湖區內湖路1段737巷84號前,0,0,2,1,C03,8,1,5,30,14,9,1,5,4,5,7,4,4,9,4,5,2,16,1,58,2,9,1,4,7,5,1,10,2,11,,8,23,1,22,9,121.5791791,25.08181515
111,10,27,17,48,2,04大安區,大安區建國南路1段與忠孝東路3段口,0,0,2,1,C03,7,1,5,40,4,1,1,5,4,5,7,1,1,10,4,5,2,17,1,51,2,8,1,1,7,9,1,10,1,11,,23,23,1,22,9,121.5367777,25.0419621
111,10,27,17,48,2,04大安區,大安區建國南路1段與忠孝東路3段口,0,0,2,2,C03,7,1,5,40,4,1,1,5,4,5,7,1,1,10,4,5,2,17,2,44,2,7,1,1,7,9,1,10,1,13,,44,23,1,22,9,121.5367777,25.0419621
111,10,27,17,48,2,05中正區,中正區中山北路1段與市民大道2段口東南角,0,0,2,1,B01,8,3,5,50,4,2,1,5,4,5,7,2,1,5,4,3,2,13,1,53,3,10,1,1,7,9,1,4,1,5,,16,16,1,22,9,121.520801,25.04792859
111,10,27,17,48,2,05中正區,中正區中山北路1段與市民大道2段口東南角,0,0,2,2,C03,8,3,5,50,4,2,1,5,4,5,7,2,1,5,4,3,2,13,2,69,2,8,1,1,7,9,1,10,1,13,,44,16,1,22,9,121.520801,25.04792859
111,10,27,17,48,2,05中正區,中正區中山北路1段與市民大道2段口東南角,0,0,2,3,C03,8,3,5,50,4,2,1,5,4,5,7,2,1,5,4,3,2,13,1,43,2,8,1,1,7,7,1,10,1,14,,44,16,1,22,9,121.520801,25.04792859
111,10,27,17,48,2,05中正區,中正區中山北路1段與市民大道2段口東南角,0,0,2,4,B01,8,3,5,50,4,2,1,5,4,5,7,2,1,5,4,3,2,13,1,41,3,10,1,1,7,9,1,4,1,4,,44,16,1,22,9,121.520801,25.04792859
111,10,27,18,15,2,11南港區,南港區大坑街無名巷巷口(六福公園旁),0,0,1,1,B03,6,3,5,40,15,9,1,4,4,5,7,4,4,10,5,5,2,17,2,31,3,10,3,4,7,11,1,8,1,4,,10,10,1,22,9,121.6164916,25.0481881
111,10,27,18,15,2,11南港區,南港區大坑街無名巷巷口(六福公園旁),0,0,1,2,C03,6,3,5,40,15,9,1,4,4,5,7,4,4,10,5,5,2,17,1,21,2,9,3,4,7,9,1,10,1,12,,14,10,1,22,9,121.6164916,25.0481881
111,10,27,18,17,2,11南港區,南港區三重路與經貿二路口,0,0,1,2,B03,6,3,5,50,4,1,1,4,4,5,6,2,1,5,4,5,2,17,2,50,3,10,1,4,7,9,1,8,1,3,,44,16,1,22,9,121.6143612,25.0604117
111,10,27,18,17,2,11南港區,南港區三重路與經貿二路口,0,0,1,1,C03,6,3,5,50,4,1,1,4,4,5,6,2,1,5,4,5,2,17,1,40,2,9,1,4,7,9,1,10,1,11,,16,16,1,22,9,121.6143612,25.0604117
111,10,27,18,25,2,01大同區,大同區民族西路與民族西路187巷口,0,0,1,1,C03,7,3,5,50,4,1,1,5,4,5,7,2,1,5,5,5,2,17,2,52,3,10,1,1,7,15,1,10,1,15,,26,26,1,22,9,121.5149094,25.06866262
111,10,27,18,25,2,01大同區,大同區民族西路與民族西路187巷口,0,0,1,2,C03,7,3,5,50,4,1,1,5,4,5,7,2,1,5,5,5,2,17,1,23,2,9,1,1,7,9,1,10,1,14,,13,26,1,22,9,121.5149094,25.06866262
111,10,27,18,25,2,05中正區,中正區忠孝東路1段與杭州北路口,0,0,1,2,C03,7,3,5,50,4,2,1,5,4,5,7,1,1,10,5,5,2,12,1,24,2,7,1,1,7,9,1,9,9,14,,44,23,1,22,9,121.5265055,25.0441537
111,10,27,18,25,2,05中正區,中正區忠孝東路1段與杭州北路口,0,0,1,1,C03,7,3,5,50,4,2,1,5,4,5,7,1,1,10,5,5,2,12,1,25,4,11,3,4,7,15,7,19,11,15,,23,23,2,22,9,121.5265055,25.0441537
111,10,27,18,29,2,12內湖區,內湖區民權大橋東往西向第42號燈桿,0,0,2,1,B03,6,3,5,50,8,9,1,4,4,5,7,4,4,1,2,5,2,12,1,32,3,10,1,1,7,8,1,8,2,8,,23,23,1,22,9,121.5749712,25.06579144
111,10,27,18,29,2,12內湖區,內湖區民權大橋東往西向第42號燈桿,0,0,2,2,B03,6,3,5,50,8,9,1,4,4,5,7,4,4,1,2,5,2,12,1,48,3,10,1,1,7,14,1,8,2,3,,44,23,1,22,9,121.5749712,25.06579144
111,10,27,18,29,2,12內湖區,內湖區民權大橋東往西向第42號燈桿,0,0,2,3,C03,6,3,5,50,8,9,1,4,4,5,7,4,4,1,2,5,2,12,2,27,2,9,1,1,7,9,1,10,2,14,,44,23,1,22,9,121.5749712,25.06579144
111,10,27,18,29,2,12內湖區,內湖區民權大橋東往西向第42號燈桿,0,0,2,4,C03,6,3,5,50,8,9,1,4,4,5,7,4,4,1,2,5,2,12,2,47,2,9,1,1,7,9,1,10,2,14,,44,23,1,22,9,121.5749712,25.06579144
111,10,27,18,29,2,12內湖區,內湖區民權大橋東往西向第42號燈桿,0,0,2,5,B02,6,3,5,50,8,9,1,4,4,5,7,4,4,1,2,5,2,12,1,38,3,10,1,1,7,14,1,8,2,3,,44,23,1,22,9,121.5749712,25.06579144
111,10,27,18,40,2,03中山區,中山區市民高架道與市民高架道口往西，建國南路匝道前,0,0,2,1,C02,7,3,5,80,14,9,1,5,4,5,7,4,4,1,3,5,2,12,1,53,2,9,3,4,7,9,1,9,2,14,,42,42,1,22,9,121.5420931,25.04484274
111,10,27,18,40,2,03中山區,中山區市民高架道與市民高架道口往西，建國南路匝道前,0,0,2,2,C02,7,3,5,80,14,9,1,5,4,5,7,4,4,1,3,5,2,12,1,46,2,8,1,4,7,8,1,9,2,12,,7,42,1,22,9,121.5420931,25.04484274
111,10,27,18,42,2,06松山區,松山區復興北路地下道,0,0,1,1,C03,8,1,5,40,7,9,1,5,4,5,7,4,4,10,5,5,2,16,2,40,2,9,1,1,7,9,3,18,2,14,,13,13,1,5,1,121.5443437,25.06970987
111,10,27,18,42,2,06松山區,松山區復興北路地下道,0,0,1,2,B12,8,1,5,40,7,9,1,5,4,5,7,4,4,10,5,5,2,16,1,39,3,10,1,1,7,14,1,8,3,6,,17,13,1,5,4,121.5443437,25.06970987
111,10,27,19,5,2,06松山區,松山區八德路3段與八德路3段12巷口,0,0,1,1,B01,6,3,5,50,4,1,1,4,4,5,7,1,1,5,4,5,2,17,1,62,3,10,1,1,7,5,1,3,1,15,,6,6,1,22,9,121.5507225,25.0481883
111,10,27,19,5,2,06松山區,松山區八德路3段與八德路3段12巷口,0,0,1,2,C03,6,3,5,50,4,1,1,4,4,5,7,1,1,5,4,5,2,17,1,50,2,9,1,1,7,9,1,9,1,12,,44,6,1,22,9,121.5507225,25.0481883
111,10,27,19,9,2,12內湖區,內湖區瑞湖街與陽光街321巷口,0,0,1,1,B03,8,3,5,0,4,2,1,5,4,5,7,1,1,4,5,5,2,12,1,44,3,10,1,1,7,5,1,8,1,8,,8,8,1,22,9,121.5764092,25.0712322
111,10,27,19,9,2,12內湖區,內湖區瑞湖街與陽光街321巷口,0,0,1,2,C03,8,3,5,0,4,2,1,5,4,5,7,1,1,4,5,5,2,12,2,50,2,9,1,1,7,9,1,10,1,12,,44,8,1,22,9,121.5764092,25.0712322
111,10,27,19,42,2,12內湖區,內湖區五分街與康寧路3段口,0,0,2,1,B12,6,3,5,50,3,2,1,4,4,5,7,2,1,9,4,5,1,13,1,61,3,10,1,1,7,5,1,8,1,8,,23,23,1,22,9,121.6117903,25.06780883
111,10,27,19,42,2,12內湖區,內湖區五分街與康寧路3段口,0,0,2,2,C03,6,3,5,50,3,2,1,4,4,5,7,2,1,9,4,5,1,13,2,34,2,9,1,1,7,5,1,10,1,13,,44,23,1,22,9,121.6117903,25.06780883
111,10,27,19,42,2,12內湖區,內湖區五分街與康寧路3段口,0,0,2,3,H02,6,3,5,50,3,2,1,4,4,5,7,2,1,9,4,5,1,13,1,12,2,9,1,5,7,21,8,20,10,16,,67,23,1,22,9,121.6117903,25.06780883
111,10,27,19,47,2,02萬華區,萬華區西園路2段308號,0,0,1,1,C04,7,3,5,50,14,9,1,5,4,5,7,4,4,1,5,5,2,12,2,26,2,9,1,1,7,8,1,10,1,12,,7,7,1,22,9,121.4927619,25.02621897
111,10,27,19,47,2,02萬華區,萬華區西園路2段308號,0,0,1,2,C03,7,3,5,50,14,9,1,5,4,5,7,4,4,1,5,5,2,12,1,56,3,10,1,1,7,9,1,9,1,14,,44,7,1,22,9,121.4927619,25.02621897
111,10,27,19,57,2,04大安區,大安區基隆路2段162號,0,0,1,1,B01,6,3,5,50,14,9,1,4,4,5,7,4,4,1,4,5,2,13,1,56,3,10,1,1,7,12,1,2,1,1,,23,23,1,22,9,121.5557473,25.0272727
111,10,27,19,57,2,04大安區,大安區基隆路2段162號,0,0,1,2,C03,6,3,5,50,14,9,1,4,4,5,7,4,4,1,4,5,2,13,2,48,2,9,1,1,7,9,1,10,1,13,,44,23,1,22,9,121.5557473,25.0272727
111,10,27,20,0,2,05中正區,中正區中山南路與信義路1段口,0,0,1,1,C03,6,3,5,50,5,2,1,4,4,5,7,1,1,10,5,5,2,12,2,22,3,10,1,1,7,8,1,10,2,12,,7,7,1,22,9,121.5176197,25.038359
111,10,27,20,0,2,05中正區,中正區中山南路與信義路1段口,0,0,1,2,C03,6,3,5,50,5,2,1,4,4,5,7,1,1,10,5,5,2,12,2,39,2,9,1,1,7,9,1,10,2,11,,44,7,1,22,9,121.5176197,25.038359
111,10,27,20,10,2,07信義區,信義區忠孝東路4段與逸仙路口,0,0,2,1,C03,6,3,5,50,4,1,1,4,4,5,7,2,1,1,5,5,2,12,2,38,2,9,1,1,7,7,1,10,1,14,,7,7,1,22,9,121.5615234,25.04114
111,10,27,20,10,2,07信義區,信義區忠孝東路4段與逸仙路口,0,0,2,2,A02,6,3,5,50,4,1,1,4,4,5,7,2,1,1,5,5,2,12,1,37,3,10,1,1,7,9,1,2,1,2,,44,7,1,22,9,121.5615234,25.04114
111,10,27,20,10,2,07信義區,信義區忠孝東路4段與逸仙路口,0,0,2,3,B01,6,3,5,50,4,1,1,4,4,5,7,2,1,1,5,5,2,12,1,66,3,10,1,1,7,9,1,4,1,7,,44,7,1,22,9,121.5615234,25.04114
111,10,27,20,10,2,07信義區,信義區忠孝東路4段與逸仙路口,0,0,2,4,H02,6,3,5,50,4,1,1,4,4,5,7,2,1,1,5,5,2,12,1,2,2,1,2,5,7,20,8,20,10,16,,67,7,1,22,9,121.5615234,25.04114
111,10,27,20,59,2,11南港區,南港區研究院路2段與研究院路2段84巷口,0,0,2,3,H02,6,3,5,50,4,1,1,4,4,5,7,2,1,1,4,5,2,16,2,75,2,1,1,5,7,20,8,20,10,16,,67,6,1,21,8,121.6153781,25.0452161
111,10,27,20,59,2,11南港區,南港區研究院路2段與研究院路2段84巷口,0,0,2,1,B03,6,3,5,50,4,1,1,4,4,5,7,2,1,1,4,5,2,16,1,64,3,10,1,1,7,5,1,8,1,2,,6,6,1,21,8,121.6153781,25.0452161
111,10,27,20,59,2,11南港區,南港區研究院路2段與研究院路2段84巷口,0,0,2,2,C03,6,3,5,50,4,1,1,4,4,5,7,2,1,1,4,5,2,16,1,76,2,8,1,1,7,9,1,10,1,11,,44,6,1,21,8,121.6153781,25.0452161
111,10,27,21,1,2,09北投區,北投區北投路1段與中央南路2段口,0,0,1,1,B03,7,3,5,50,3,1,1,5,4,5,7,4,4,5,4,4,2,16,1,38,3,10,1,1,7,11,1,8,2,4,,10,10,1,22,9,121.500489,25.1274129
111,10,27,21,1,2,09北投區,北投區北投路1段與中央南路2段口,0,0,1,2,C03,7,3,5,50,3,1,1,5,4,5,7,4,4,5,4,4,2,16,2,23,2,9,1,1,7,9,1,10,2,12,,23,10,1,22,9,121.500489,25.1274129
111,10,27,21,20,2,04大安區,大安區仁愛路4段與敦化南路1段口,0,0,1,1,A03,6,3,5,50,16,9,1,4,4,5,7,1,1,1,4,5,2,13,1,33,3,10,1,1,7,9,1,2,1,1,,23,23,1,21,8,121.5485873,25.03739352
111,10,27,21,20,2,04大安區,大安區仁愛路4段與敦化南路1段口,0,0,1,2,B03,6,3,5,50,16,9,1,4,4,5,7,1,1,1,4,5,2,13,2,32,3,10,1,1,7,12,1,8,1,3,,42,23,1,21,8,121.5485873,25.03739352
111,10,27,21,20,2,04大安區,大安區仁愛路4段與敦化南路1段口,0,0,1,3,H02,6,3,5,50,16,9,1,4,4,5,7,1,1,1,4,5,2,13,2,66,2,9,4,5,7,17,8,20,10,15,,58,23,1,21,8,121.5485873,25.03739352
111,10,27,22,24,2,12內湖區,內湖區民權東路6段15巷與瑞光路76巷口,0,0,1,1,C03,6,3,5,50,4,1,1,4,4,5,7,2,1,5,4,5,2,17,1,20,2,9,1,1,7,9,1,10,2,15,,42,42,1,22,9,121.5786685,25.0683293
111,10,27,22,24,2,12內湖區,內湖區民權東路6段15巷與瑞光路76巷口,0,0,1,2,B01,6,3,5,50,4,1,1,4,4,5,7,2,1,5,4,5,2,17,1,54,3,10,1,1,7,5,1,4,2,15,,8,42,1,22,9,121.5786685,25.0683293
111,10,27,22,38,2,12內湖區,內湖區成功路2段233號與成功路2段320巷口,0,0,3,1,C02,8,3,5,50,3,2,1,4,4,5,7,2,1,9,4,5,1,16,1,29,2,9,1,1,7,11,1,9,1,12,,10,10,1,22,9,121.5907772,25.067593
111,10,27,22,38,2,12內湖區,內湖區成功路2段233號與成功路2段320巷口,0,0,3,2,C03,8,3,5,50,3,2,1,4,4,5,7,2,1,9,4,5,1,16,1,26,2,9,1,1,7,9,1,10,1,11,,44,10,1,22,9,121.5907772,25.067593
111,10,27,22,38,2,12內湖區,內湖區成功路2段233號與成功路2段320巷口,0,0,3,3,H03,8,3,5,50,3,2,1,4,4,5,7,2,1,9,4,5,1,16,2,28,2,9,4,5,8,21,8,20,10,16,,67,10,1,22,9,121.5907772,25.067593
111,10,28,1,58,1,09北投區,北投區大度路3段與中央北路4段口,1,0,1,1,C03,8,3,5,50,4,1,1,5,4,5,7,2,1,3,4,5,2,15,1,18,2,9,1,1,7,9,1,10,9,12,,25,25,1,22,9,121.4644208,25.12384565
111,10,28,1,58,1,09北投區,北投區大度路3段與中央北路4段口,1,0,1,2,B01,8,3,5,50,4,1,1,5,4,5,7,2,1,3,4,5,2,15,1,39,3,10,1,1,7,9,1,4,2,1,,44,25,1,22,9,121.4644208,25.12384565
111,10,28,1,58,1,09北投區,北投區大度路3段與中央北路4段口,1,0,1,3,H02,8,3,5,50,4,1,1,5,4,5,7,2,1,3,4,5,2,15,2,18,1,1,1,5,7,20,8,20,10,16,,67,25,1,22,9,121.4644208,25.12384565
111,10,28,6,15,2,03中山區,中山區松江路150巷,0,0,1,1,B03,6,1,5,50,14,9,1,4,4,5,7,4,4,1,4,5,2,17,1,41,3,10,3,4,7,1,1,8,2,8,,19,19,1,22,9,121.5329659,25.05408797
111,10,28,6,15,2,03中山區,中山區松江路150巷,0,0,1,2,C03,6,1,5,50,14,9,1,4,4,5,7,4,4,1,4,5,2,17,1,34,2,9,3,4,7,9,1,10,2,12,,13,19,1,22,9,121.5329659,25.05408797
111,10,28,7,13,2,09北投區,北投區崗山路11巷與崗山路口,0,0,1,1,B03,8,1,5,30,3,1,1,5,4,5,7,4,4,9,4,5,2,11,2,56,3,10,1,1,7,5,1,8,2,8,,44,44,1,22,9,121.4865171,25.14098971
111,10,28,7,13,2,09北投區,北投區崗山路11巷與崗山路口,0,0,1,2,C03,8,1,5,30,3,1,1,5,4,5,7,4,4,9,4,5,2,11,1,57,2,8,1,1,7,1,1,10,2,11,,19,44,1,22,9,121.4865171,25.14098971
111,10,28,7,25,2,07信義區,信義區福德街221巷與福德街251巷6弄口口,0,0,2,1,C03,6,1,5,30,4,1,1,4,4,5,2,4,4,10,5,5,2,12,2,44,2,8,1,1,7,5,1,10,1,12,,6,6,1,22,9,121.5850988,25.0378362
111,10,28,7,25,2,07信義區,信義區福德街221巷與福德街251巷6弄口口,0,0,2,2,B03,6,1,5,30,4,1,1,4,4,5,2,4,4,10,5,5,2,12,1,54,3,10,1,1,7,9,1,8,1,4,,14,6,1,22,9,121.5850988,25.0378362
111,10,28,7,25,2,07信義區,信義區福德街221巷與福德街251巷6弄口口,0,0,2,3,H02,6,1,5,30,4,1,1,4,4,5,2,4,4,10,5,5,2,12,1,13,2,8,1,5,7,21,8,20,10,16,,67,6,1,22,9,121.5850988,25.0378362
111,10,28,7,30,2,12內湖區,內湖區成功路2段與民權東路6段口西南角,0,0,1,1,A11,6,1,5,50,3,1,1,4,4,5,7,4,4,3,4,5,2,12,1,54,3,10,1,1,7,6,1,3,1,2,,9,9,1,22,9,121.5903979,25.06886741
111,10,28,7,30,2,12內湖區,內湖區成功路2段與民權東路6段口西南角,0,0,1,2,C03,6,1,5,50,3,1,1,4,4,5,7,4,4,3,4,5,2,12,1,50,2,9,1,1,7,6,1,10,1,14,,44,9,1,22,9,121.5903979,25.06886741
111,10,28,7,38,2,04大安區,大安區羅斯福路4段與基隆路4段口,0,0,1,1,C03,6,1,8,50,5,1,1,4,4,5,7,1,1,8,3,5,2,17,2,19,2,9,1,1,7,8,1,10,1,12,,7,7,1,22,9,121.537119,25.0109217
111,10,28,7,38,2,04大安區,大安區羅斯福路4段與基隆路4段口,0,0,1,2,C03,6,1,8,50,5,1,1,4,4,5,7,1,1,8,3,5,2,17,1,39,3,10,1,1,7,9,1,10,1,13,,44,7,1,22,9,121.537119,25.0109217
111,10,28,7,47,2,12內湖區,內湖區南京東路6段72號旁,0,0,1,1,C03,6,1,5,50,5,2,1,4,4,5,7,2,1,1,4,1,2,12,4,,4,11,3,4,7,15,7,19,11,15,,43,43,2,22,9,121.5766223,25.05420252
111,10,28,7,47,2,12內湖區,內湖區南京東路6段72號旁,0,0,1,2,C03,6,1,5,50,5,2,1,4,4,5,7,2,1,1,4,1,2,12,1,29,2,8,1,1,7,9,1,10,2,14,,43,43,1,22,9,121.5766223,25.05420252
111,10,28,7,53,2,12內湖區,內湖區成功路3段174巷26弄與成功路3段174巷口,0,0,1,1,C03,6,1,5,30,3,1,1,4,4,5,7,4,4,5,5,5,2,17,2,38,3,10,1,1,7,6,1,10,9,15,,6,6,1,22,9,121.5904354,25.08157332
111,10,28,7,53,2,12內湖區,內湖區成功路3段174巷26弄與成功路3段174巷口,0,0,1,2,C03,6,1,5,30,3,1,1,4,4,5,7,4,4,5,5,5,2,17,2,30,2,9,1,1,7,9,1,10,9,12,,42,6,1,22,9,121.5904354,25.08157332
111,10,28,7,55,2,01大同區,大同區民權西路102巷4弄與民權西路102巷口,0,0,2,1,B01,6,1,5,30,4,1,1,4,4,5,7,4,4,10,5,5,2,15,1,65,3,10,1,1,7,9,1,4,1,1,,6,6,1,22,9,121.5177013,25.0615743
111,10,28,7,55,2,01大同區,大同區民權西路102巷4弄與民權西路102巷口,0,0,2,2,C03,6,1,5,30,4,1,1,4,4,5,7,4,4,10,5,5,2,15,2,43,2,9,1,1,7,9,1,10,1,12,,42,6,1,22,9,121.5177013,25.0615743
111,10,28,7,55,2,01大同區,大同區民權西路102巷4弄與民權西路102巷口,0,0,2,3,H02,6,1,5,30,4,1,1,4,4,5,7,4,4,10,5,5,2,15,1,14,2,9,1,1,7,21,8,20,10,16,,67,6,1,22,9,121.5177013,25.0615743
111,10,28,7,55,2,08士林區,士林區延平北路6段308號,0,0,1,1,C03,6,1,5,50,14,9,1,4,4,5,7,4,4,5,5,5,2,12,2,50,3,10,1,1,7,14,4,11,1,13,,43,43,1,22,9,121.5030043,25.08965267
111,10,28,7,55,2,08士林區,士林區延平北路6段308號,0,0,1,2,C03,6,1,5,50,14,9,1,4,4,5,7,4,4,5,5,5,2,12,2,33,2,9,1,1,7,9,1,10,1,11,,43,43,1,22,9,121.5030043,25.08965267
111,10,28,7,59,2,04大安區,大安區復興南路1段86號,0,0,1,1,C03,6,1,5,50,14,18,1,4,4,5,7,1,1,1,5,5,2,3,1,48,3,10,1,1,7,9,3,18,2,12,,25,25,1,22,9,121.5437102,25.04371275
111,10,28,7,59,2,04大安區,大安區復興南路1段86號,0,0,1,2,H01,6,1,5,50,14,18,1,4,4,5,7,1,1,1,5,5,2,3,2,65,2,1,4,5,8,16,8,20,10,16,,67,25,1,22,9,121.5437102,25.04371275
111,10,28,8,1,2,04大安區,大安區敦化南路1段177巷與忠孝東路4段147巷口,0,0,1,1,B03,6,1,5,30,4,1,1,4,4,5,7,4,4,10,5,5,2,17,1,79,4,11,3,4,7,15,7,19,11,15,,6,6,2,22,9,121.5496647,25.0430705
111,10,28,8,1,2,04大安區,大安區敦化南路1段177巷與忠孝東路4段147巷口,0,0,1,2,C03,6,1,5,30,4,1,1,4,4,5,7,4,4,10,5,5,2,17,1,23,2,9,1,1,7,9,1,10,1,14,,14,6,1,22,9,121.5496647,25.0430705
111,10,28,8,5,2,04大安區,大安區敦化南路2段77號,0,0,1,1,,6,1,5,50,14,9,1,4,4,5,7,4,4,1,4,5,2,16,4,,4,11,3,4,7,15,7,19,11,15,,43,43,2,22,9,121.5491721,25.0301071
111,10,28,8,5,2,04大安區,大安區敦化南路2段77號,0,0,1,2,,6,1,5,50,14,9,1,4,4,5,7,4,4,1,4,5,2,16,4,,4,11,3,4,7,15,7,19,11,15,,43,43,2,22,9,121.5491721,25.0301071