發生年度,發生月,發生日,發生時-Hours,發生分,處理別-編號,區序,肇事地點,死亡人數,2-30日死亡人數,受傷人數,當事人序號,車種,天候,光線,道路類別,速限-速度限制,道路型態,事故位置,路面狀況1,路面狀況2,路面狀況3,道路障礙1,道路障礙2,號誌1,號誌2,車道劃分-分向,車道劃分-分道1,車道劃分-分道2,車道劃分-分道3,事故類型及型態,性別,年齡,受傷程度,主要傷處,安全帽,行動電話,車輛用途,當事者行動狀態,駕駛資格情形,駕駛執照種類,飲酒情形,車輛撞擊部位1,車輛撞擊部位2,肇因碼-個別,肇因碼-主要,個人肇逃否,職業,旅次目的,座標-X,座標-Y
111,10,28,8,5,2,04大安區,大安區敦化南路2段77號,0,0,1,3,C03,6,1,5,50,14,9,1,4,4,5,7,4,4,1,4,5,2,16,2,43,2,9,1,1,7,9,1,10,1,15,,44,43,1,22,9,121.5491721,25.0301071
111,10,28,8,5,2,04大安區,大安區敦化南路2段77號,0,0,1,4,C03,6,1,5,50,14,9,1,4,4,5,7,4,4,1,4,5,2,16,1,54,3,10,1,1,7,9,3,18,1,11,,44,43,1,22,9,121.5491721,25.0301071
111,10,28,8,14,2,05中正區,中正區南昌路1段與寧波西街口口,0,0,1,1,B03,7,1,5,50,4,1,1,4,4,5,7,1,1,10,4,5,1,17,1,58,3,10,1,1,7,6,1,8,2,2,,9,9,1,22,9,121.517568,25.03074508
111,10,28,8,14,2,05中正區,中正區南昌路1段與寧波西街口口,0,0,1,2,C03,7,1,5,50,4,1,1,4,4,5,7,1,1,10,4,5,1,17,2,28,2,9,1,1,7,9,1,10,2,14,,44,9,1,22,9,121.517568,25.03074508
111,10,28,8,19,2,03中山區,中山區民權東路2段135巷與建國北路3段22巷口,0,0,1,1,C03,6,1,5,30,4,1,1,4,4,5,7,4,4,8,5,5,1,16,2,64,2,9,1,1,7,5,1,10,1,12,,6,6,1,22,9,121.5350437,25.06379339
111,10,28,8,19,2,03中山區,中山區民權東路2段135巷與建國北路3段22巷口,0,0,1,2,B01,6,1,5,30,4,1,1,4,4,5,7,4,4,8,5,5,1,16,1,60,3,10,1,1,7,9,1,4,1,4,,44,6,1,22,9,121.5350437,25.06379339
111,10,28,8,20,2,07信義區,信義區基隆路1段與基隆路口側附近1段101巷口,0,0,1,1,B03,6,1,5,50,3,1,1,4,4,5,7,1,1,10,4,5,2,16,2,58,3,10,1,1,7,6,1,8,1,4,,6,6,1,22,9,121.5671638,25.0454718
111,10,28,8,20,2,07信義區,信義區基隆路1段與基隆路口側附近1段101巷口,0,0,1,2,C03,6,1,5,50,3,1,1,4,4,5,7,1,1,10,4,5,2,16,1,18,2,9,1,1,7,9,1,10,1,11,,23,6,1,22,9,121.5671638,25.0454718
111,10,28,8,27,2,02萬華區,萬華區忠孝橋往台北市,0,0,2,1,C03,8,1,8,40,8,8,1,5,4,5,7,4,4,8,3,4,2,12,1,58,2,8,1,1,7,7,1,10,2,13,,7,7,1,22,9,121.5064565,25.04883895
111,10,28,8,27,2,02萬華區,萬華區忠孝橋往台北市,0,0,2,2,C03,8,1,8,40,8,8,1,5,4,5,7,4,4,8,3,4,2,12,2,36,2,8,1,1,7,9,1,10,2,11,,44,7,1,22,9,121.5064565,25.04883895
111,10,28,8,37,2,04大安區,大安區忠孝東路3段30號,0,0,4,1,C03,6,1,5,50,14,9,1,4,4,5,7,4,4,8,3,5,2,13,1,22,2,9,1,1,7,9,1,10,1,15,,16,16,1,22,9,121.5343607,25.04200571
111,10,28,8,37,2,04大安區,大安區忠孝東路3段30號,0,0,4,2,C03,6,1,5,50,14,9,1,4,4,5,7,4,4,8,3,5,2,13,2,42,2,9,1,1,7,12,1,10,1,15,,16,16,1,22,9,121.5343607,25.04200571
111,10,28,8,37,2,04大安區,大安區忠孝東路3段30號,0,0,4,3,C03,6,1,5,50,14,9,1,4,4,5,7,4,4,8,3,5,2,13,2,29,2,9,1,1,7,9,1,10,1,15,,44,16,1,22,9,121.5343607,25.04200571
111,10,28,8,37,2,04大安區,大安區忠孝東路3段30號,0,0,4,4,H02,6,1,5,50,14,9,1,4,4,5,7,4,4,8,3,5,2,13,2,23,2,9,1,5,7,20,8,20,10,16,,67,16,1,22,9,121.5343607,25.04200571
111,10,28,8,38,2,05中正區,中正區重慶南路3段與和平西路1段口,0,0,1,2,B03,6,1,5,50,5,2,1,4,4,5,7,2,1,1,4,5,2,13,1,46,3,10,1,1,7,9,1,8,1,3,,44,16,1,22,9,121.5161542,25.02702556
111,10,28,8,38,2,05中正區,中正區重慶南路3段與和平西路1段口,0,0,1,1,C03,6,1,5,50,5,2,1,4,4,5,7,2,1,1,4,5,2,13,2,44,2,8,1,1,7,9,1,10,1,11,,16,16,1,22,9,121.5161542,25.02702556
111,10,28,8,40,2,01大同區,大同區承德路2段與錦西街口,0,0,1,1,C03,6,1,5,50,4,1,1,4,4,5,7,2,1,1,4,5,2,17,1,23,2,9,3,4,7,9,1,10,1,11,,14,14,1,22,9,121.5181281,25.06029156
111,10,28,8,40,2,01大同區,大同區承德路2段與錦西街口,0,0,1,2,A02,6,1,5,50,4,1,1,4,4,5,7,2,1,1,4,5,2,17,1,56,3,10,3,4,7,6,1,2,1,7,,44,14,1,22,9,121.5181281,25.06029156
111,10,28,8,50,2,07信義區,信義區基隆路2段7號,0,0,1,1,C03,6,1,5,50,14,9,1,4,4,5,7,1,1,9,4,5,2,13,1,25,2,9,1,1,7,9,1,10,1,11,,16,16,1,22,9,121.5594514,25.0327411
111,10,28,8,50,2,07信義區,信義區基隆路2段7號,0,0,1,2,B01,6,1,5,50,14,9,1,4,4,5,7,1,1,9,4,5,2,13,1,53,3,10,1,1,7,9,1,8,1,1,,16,16,1,22,9,121.5594514,25.0327411
111,10,28,8,50,2,07信義區,信義區基隆路2段7號,0,0,1,3,B03,6,1,5,50,14,9,1,4,4,5,7,1,1,9,4,5,2,13,1,42,3,10,1,1,7,9,1,8,1,3,,44,16,1,22,9,121.5594514,25.0327411
111,10,28,8,50,2,07信義區,信義區基隆路2段7號,0,0,1,4,B03,6,1,5,50,14,9,1,4,4,5,7,1,1,9,4,5,2,13,2,32,3,10,1,1,7,9,1,8,1,4,,44,16,1,22,9,121.5594514,25.0327411
111,10,28,8,52,2,03中山區,中山區明水路往東北安國中前,0,0,1,1,C03,6,1,5,50,14,9,1,4,4,5,7,4,4,1,3,5,2,12,2,39,2,9,3,4,7,10,1,10,1,11,,7,7,1,22,9,121.5434584,25.07739375
111,10,28,8,52,2,03中山區,中山區明水路往東北安國中前,0,0,1,2,C03,6,1,5,50,14,9,1,4,4,5,7,4,4,1,3,5,2,12,2,38,3,10,3,4,7,9,1,10,1,12,,44,7,1,22,9,121.5434584,25.07739375
111,10,28,8,52,2,03中山區,中山區民權東路3段與龍江路口,0,0,1,1,A02,6,1,5,50,4,2,1,4,4,5,7,1,1,1,4,5,2,9,1,33,3,10,1,1,7,1,1,2,2,15,,44,44,1,22,9,121.5411533,25.0624573
111,10,28,8,52,2,03中山區,中山區民權東路3段與龍江路口,0,0,1,2,H02,6,1,5,50,4,2,1,4,4,5,7,1,1,1,4,5,2,9,2,71,2,1,2,5,7,20,8,20,10,16,,67,44,1,22,9,121.5411533,25.0624573
111,10,28,8,54,2,02萬華區,萬華區東園街73巷與東園街67巷口,0,0,1,1,C03,6,1,5,30,4,1,1,4,4,5,7,4,4,10,5,5,2,16,1,25,2,9,1,1,7,9,1,10,1,14,,6,6,1,22,9,121.4975991,25.02640084
111,10,28,8,54,2,02萬華區,萬華區東園街73巷與東園街67巷口,0,0,1,2,B03,6,1,5,30,4,1,1,4,4,5,7,4,4,10,5,5,2,16,2,38,3,10,1,1,7,9,1,8,1,5,,44,6,1,22,9,121.4975991,25.02640084
111,10,28,9,0,2,03中山區,中山區長春路與長春路61巷口,0,0,1,1,C03,6,1,5,30,3,1,1,4,4,5,7,4,4,5,5,4,2,17,1,37,3,10,1,1,7,1,1,10,1,15,,6,6,1,22,9,121.5263352,25.0549572
111,10,28,9,0,2,03中山區,中山區長春路與長春路61巷口,0,0,1,2,C03,6,1,5,30,3,1,1,4,4,5,7,4,4,5,5,4,2,17,2,44,2,9,1,1,7,9,1,10,1,14,,14,6,1,22,9,121.5263352,25.0549572
111,10,28,9,2,2,03中山區,中山區中山北路2段77巷17號,0,0,1,1,B03,8,1,5,30,14,9,1,5,4,5,7,4,4,10,5,5,2,16,1,69,3,10,3,4,7,14,1,8,1,2,,40,40,1,22,9,121.5238242,25.0574998
111,10,28,9,2,2,03中山區,中山區中山北路2段77巷17號,0,0,1,2,C03,8,1,5,30,14,9,1,5,4,5,7,4,4,10,5,5,2,16,1,41,2,7,1,4,7,9,1,10,1,14,,44,40,1,22,9,121.5238242,25.0574998
111,10,28,9,2,2,03中山區,中山區中山北路2段77巷17號,0,0,1,3,H02,8,1,5,30,14,9,1,5,4,5,7,4,4,10,5,5,2,16,1,63,3,10,4,5,7,19,8,20,10,16,,56,40,1,22,9,121.5238242,25.0574998
111,10,28,9,25,2,06松山區,松山區民生東路4段80巷15弄9號,0,0,1,1,C03,8,1,8,30,15,22,1,5,4,5,7,4,4,10,5,5,2,17,2,27,2,8,1,1,7,9,1,10,1,14,,23,23,1,22,9,121.5539052,25.05624192
111,10,28,9,25,2,06松山區,松山區民生東路4段80巷15弄9號,0,0,1,2,B03,8,1,8,30,15,22,1,5,4,5,7,4,4,10,5,5,2,17,1,34,3,10,1,1,7,11,1,8,1,15,,10,23,1,22,9,121.5539052,25.05624192
111,10,28,9,28,2,03中山區,中山區民權東路3段與復興北路口,0,0,1,1,B12,6,1,5,50,14,9,1,4,4,5,7,1,1,1,3,5,1,13,1,35,3,10,1,1,7,9,1,8,2,1,,16,16,1,22,9,121.5436151,25.0623134
111,10,28,9,28,2,03中山區,中山區民權東路3段與復興北路口,0,0,1,2,C03,6,1,5,50,14,9,1,4,4,5,7,1,1,1,3,5,1,13,2,24,2,9,1,1,7,14,1,10,2,13,,44,16,1,22,9,121.5436151,25.0623134
111,10,28,9,40,2,01大同區,大同區民權西路144巷與民權西路口,0,0,3,1,C03,6,1,5,50,4,2,1,4,4,5,7,4,4,1,4,5,2,17,2,20,3,10,1,1,7,12,1,10,2,15,,44,44,1,22,9,121.5160843,25.06286513
111,10,28,9,40,2,01大同區,大同區民權西路144巷與民權西路口,0,0,3,2,C03,6,1,5,50,4,2,1,4,4,5,7,4,4,1,4,5,2,17,2,45,2,8,1,1,7,12,1,10,2,14,,42,44,1,22,9,121.5160843,25.06286513
111,10,28,9,40,2,01大同區,大同區民權西路144巷與民權西路口,0,0,3,3,H02,6,1,5,50,4,2,1,4,4,5,7,4,4,1,4,5,2,17,1,4,2,7,1,5,7,20,8,20,10,16,,67,44,1,22,9,121.5160843,25.06286513
111,10,28,9,40,2,01大同區,大同區民權西路144巷與民權西路口,0,0,3,4,H02,6,1,5,50,4,2,1,4,4,5,7,4,4,1,4,5,2,17,2,69,2,7,1,5,7,20,8,20,10,16,,67,44,1,22,9,121.5160843,25.06286513
111,10,28,9,50,2,05中正區,中正區仁愛路2段與臨沂街口,0,0,1,1,B03,7,1,5,50,4,1,1,4,4,5,7,1,1,1,4,5,2,16,1,66,3,10,1,1,7,7,1,8,2,8,,26,26,1,22,9,121.5293535,25.03807083
111,10,28,9,50,2,05中正區,中正區仁愛路2段與臨沂街口,0,0,1,2,C03,7,1,5,50,4,1,1,4,4,5,7,1,1,1,4,5,2,16,2,60,2,9,1,1,7,9,1,10,2,12,,44,26,1,22,9,121.5293535,25.03807083
111,10,28,9,57,2,08士林區,士林區文林路467號前,0,0,3,1,C03,8,1,5,50,14,9,1,5,4,5,7,4,4,5,4,5,1,12,1,20,2,9,1,1,7,9,1,10,1,11,,23,23,1,18,9,121.5244093,25.09583693
111,10,28,9,57,2,08士林區,士林區文林路467號前,0,0,3,2,C03,8,1,5,50,14,9,1,5,4,5,7,4,4,5,4,5,1,12,2,41,2,9,1,1,7,7,1,10,1,14,,7,23,1,22,9,121.5244093,25.09583693
111,10,28,9,57,2,08士林區,士林區文林路467號前,0,0,3,3,H02,8,1,5,50,14,9,1,5,4,5,7,4,4,5,4,5,1,12,1,20,2,9,4,1,7,21,8,20,10,15,,67,23,1,22,9,121.5244093,25.09583693
111,10,28,10,0,2,08士林區,士林區百齡橋西往東,0,0,1,1,C03,6,1,5,50,8,9,1,4,4,5,7,4,4,1,4,5,2,13,2,21,2,9,1,1,7,9,1,10,2,11,,16,16,1,22,9,121.5156203,25.09030694
111,10,28,10,0,2,08士林區,士林區百齡橋西往東,0,0,1,2,B03,6,1,5,50,8,9,1,4,4,5,7,4,4,1,4,5,2,13,1,51,3,10,1,1,7,14,1,8,2,3,,44,16,1,22,9,121.5156203,25.09030694
111,10,28,10,5,2,11南港區,南港區市民大道7段與向陽路口,0,0,2,1,C03,8,1,5,50,4,1,1,5,4,5,7,2,1,1,4,5,2,12,1,65,2,9,1,1,7,5,1,10,1,13,,8,8,1,22,9,121.5954262,25.0514419
111,10,28,10,5,2,11南港區,南港區市民大道7段與向陽路口,0,0,2,2,C03,8,1,5,50,4,1,1,5,4,5,7,2,1,1,4,5,2,12,2,23,2,9,1,1,7,9,1,10,1,11,,44,8,1,22,9,121.5954262,25.0514419
111,10,28,10,39,2,02萬華區,萬華區和平西路3段與西園路1段口,0,0,1,1,C03,8,1,5,50,5,1,1,5,4,5,7,2,1,2,4,5,2,17,2,49,2,9,1,1,7,8,1,10,1,12,,17,17,1,22,9,121.4991881,25.03516701
111,10,28,10,39,2,02萬華區,萬華區和平西路3段與西園路1段口,0,0,1,2,B03,8,1,5,50,5,1,1,5,4,5,7,2,1,2,4,5,2,17,1,50,3,10,1,1,7,9,1,8,1,8,,44,17,1,22,9,121.4991881,25.03516701
111,10,28,10,42,2,04大安區,大安區基隆路2段209巷6號,0,0,1,1,C03,8,1,5,30,14,9,1,5,4,3,7,4,4,10,5,5,2,12,2,55,2,9,3,4,7,4,1,10,1,11,,6,6,1,22,9,121.5516748,25.02300551
111,10,28,10,42,2,04大安區,大安區基隆路2段209巷6號,0,0,1,2,B12,8,1,5,30,14,9,1,5,4,3,7,4,4,10,5,5,2,12,1,68,3,10,3,4,7,9,1,8,1,2,,43,6,1,22,9,121.5516748,25.02300551
111,10,28,10,42,2,04大安區,大安區基隆路2段209巷6號,0,0,1,3,B03,8,1,5,30,14,9,1,5,4,3,7,4,4,10,5,5,2,12,1,41,4,11,3,4,7,15,7,19,11,15,,43,6,1,22,9,121.5516748,25.02300551
111,10,28,11,27,2,01大同區,大同區鄭州路與塔城街口,0,0,1,1,B12,8,1,5,40,4,1,1,5,4,5,7,2,1,1,4,5,2,16,1,53,3,10,3,4,7,6,1,8,1,2,,9,9,1,22,9,121.510358,25.05004282
111,10,28,11,27,2,01大同區,大同區鄭州路與塔城街口,0,0,1,2,C03,8,1,5,40,4,1,1,5,4,5,7,2,1,1,4,5,2,16,1,18,2,9,3,4,7,9,1,10,1,11,,13,9,1,22,9,121.510358,25.05004282
111,10,28,11,42,2,08士林區,士林區磺溪便道與克強路口,0,0,1,1,C03,7,1,5,30,4,1,1,5,4,5,7,4,4,10,5,5,1,15,1,46,2,9,1,1,7,9,1,10,1,12,,6,6,1,22,9,121.5225312,25.1092712
111,10,28,11,42,2,08士林區,士林區磺溪便道與克強路口,0,0,1,2,B01,7,1,5,30,4,1,1,5,4,5,7,4,4,10,5,5,1,15,1,52,3,10,1,1,7,9,1,4,1,1,,23,6,1,22,9,121.5225312,25.1092712
111,10,28,12,12,2,10文山區,文山區試院路102號,0,0,1,1,B12,8,1,5,30,15,9,1,5,4,5,7,4,4,5,2,5,2,16,1,37,3,10,1,1,7,11,1,8,1,8,,11,11,1,22,9,121.5478616,24.9899353
111,10,28,12,12,2,10文山區,文山區試院路102號,0,0,1,2,C03,8,1,5,30,15,9,1,5,4,5,7,4,4,5,2,5,2,16,2,18,2,8,1,1,7,9,1,10,1,12,,23,11,1,22,9,121.5478616,24.9899353
111,10,28,12,18,2,09北投區,北投區光明路與泉源路口,0,0,1,1,C03,7,1,5,50,3,1,1,5,4,5,7,2,1,9,4,5,1,12,2,64,2,9,1,1,7,7,1,10,1,14,,7,7,1,22,9,121.5038816,25.13728287
111,10,28,12,18,2,09北投區,北投區光明路與泉源路口,0,0,1,2,B03,7,1,5,50,3,1,1,5,4,5,7,2,1,9,4,5,1,12,2,32,3,10,1,1,7,9,1,8,1,1,,44,7,1,22,9,121.5038816,25.13728287
111,10,28,12,25,2,09北投區,北投區立農街2段264號,0,0,1,1,C03,6,1,5,50,14,9,1,4,4,5,7,4,4,5,4,5,2,13,1,49,2,7,3,4,7,9,1,10,1,11,,16,16,1,22,9,121.5153179,25.1187121
111,10,28,12,25,2,09北投區,北投區立農街2段264號,0,0,1,2,B03,6,1,5,50,14,9,1,4,4,5,7,4,4,5,4,5,2,13,1,31,3,10,3,4,7,9,1,8,1,6,,44,16,1,22,9,121.5153179,25.1187121
111,10,28,12,25,2,09北投區,北投區立農街2段264號,0,0,1,3,C03,6,1,5,50,14,9,1,4,4,5,7,4,4,5,4,5,2,13,1,75,3,10,3,4,7,12,1,10,1,15,,44,16,1,22,9,121.5153179,25.1187121
111,10,28,12,36,2,12內湖區,內湖區新湖二路與新湖三路口,0,0,1,1,C03,8,1,5,40,4,1,1,5,4,1,6,4,4,9,4,5,2,16,1,50,2,9,1,1,7,9,1,10,2,12,,6,6,1,22,9,121.5846783,25.0650208
111,10,28,12,36,2,12內湖區,內湖區新湖二路與新湖三路口,0,0,1,2,B03,8,1,5,40,4,1,1,5,4,1,6,4,4,9,4,5,2,16,1,38,3,10,1,1,7,9,1,8,2,4,,14,6,1,22,9,121.5846783,25.0650208
111,10,28,12,42,2,07信義區,信義區松山路654號旁,0,0,2,1,C03,8,1,5,30,14,9,1,5,4,5,2,4,4,10,5,5,1,10,2,34,2,9,1,1,7,9,1,10,9,11,,5,5,1,22,9,121.5787674,25.03218325
111,10,28,12,42,2,07信義區,信義區松山路654號旁,0,0,2,2,C03,8,1,5,30,14,9,1,5,4,5,2,4,4,10,5,5,1,10,1,53,2,7,1,1,7,9,1,10,9,11,,5,5,1,22,9,121.5787674,25.03218325
111,10,28,13,18,2,07信義區,信義區吳興街220巷11弄與吳興街220巷口,0,0,1,1,B03,7,1,5,50,3,1,1,5,4,5,7,4,4,8,3,5,2,17,1,51,3,10,1,1,7,15,1,8,1,2,,6,6,1,22,9,121.562777,25.0274588
111,10,28,13,18,2,07信義區,信義區吳興街220巷11弄與吳興街220巷口,0,0,1,2,C03,7,1,5,50,3,1,1,5,4,5,7,4,4,8,3,5,2,17,2,21,2,9,1,1,7,9,1,10,1,11,,44,6,1,22,9,121.562777,25.0274588
111,10,28,13,30,2,08士林區,士林區通河西街1段與通河西街1段口(堤外南側臨時平面停車場,0,0,1,1,C03,8,1,5,30,3,1,1,5,4,5,7,4,4,1,5,5,1,15,1,65,2,9,1,1,7,9,1,10,1,14,,6,6,1,22,9,121.5126661,25.0858489
111,10,28,13,30,2,08士林區,士林區通河西街1段與通河西街1段口(堤外南側臨時平面停車場,0,0,1,2,B03,8,1,5,30,3,1,1,5,4,5,7,4,4,1,5,5,1,15,1,61,3,10,1,1,7,9,1,8,1,5,,44,6,1,22,9,121.5126661,25.0858489
111,10,28,13,50,2,06松山區,松山區民生東路4段與民生東路4段80巷口,0,0,1,1,B03,6,1,5,50,4,1,1,4,4,5,7,2,1,3,3,5,2,17,1,66,3,10,1,1,7,5,1,8,2,2,,8,8,1,22,9,121.5529364,25.05802449
111,10,28,13,50,2,06松山區,松山區民生東路4段與民生東路4段80巷口,0,0,1,2,C03,6,1,5,50,4,1,1,4,4,5,7,2,1,3,3,5,2,17,1,73,2,9,1,1,7,9,1,10,11,12,,42,8,1,22,9,121.5529364,25.05802449
111,10,28,14,30,2,07信義區,信義區福德街266號,0,0,1,1,C03,6,1,5,50,14,9,1,4,4,5,7,2,1,5,4,5,2,17,2,40,3,10,1,1,7,5,1,10,1,11,,6,6,1,22,8,121.5859859,25.03888214
111,10,28,14,30,2,07信義區,信義區福德街266號,0,0,1,2,C03,6,1,5,50,14,9,1,4,4,5,7,2,1,5,4,5,2,17,1,18,2,8,1,1,7,9,1,10,1,12,,44,6,1,22,8,121.5859859,25.03888214
111,10,28,14,35,2,10文山區,文山區保儀路99號,0,0,2,1,C03,7,1,5,50,14,9,1,5,4,5,7,4,4,9,5,5,2,17,1,19,2,7,3,4,7,5,1,10,1,14,,8,8,1,22,9,121.5681867,24.98660964
111,10,28,14,35,2,10文山區,文山區保儀路99號,0,0,2,2,C03,7,1,5,50,14,9,1,5,4,5,7,4,4,9,5,5,2,17,1,43,2,9,3,4,7,9,1,10,1,11,,44,8,1,22,9,121.5681867,24.98660964
111,10,28,14,35,2,10文山區,文山區保儀路99號,0,0,2,3,C03,7,1,5,50,14,9,1,5,4,5,7,4,4,9,5,5,2,17,1,44,3,10,3,4,7,13,1,10,9,13,,44,8,1,22,9,121.5681867,24.98660964
111,10,28,14,35,2,10文山區,文山區保儀路99號,0,0,2,4,C03,7,1,5,50,14,9,1,5,4,5,7,4,4,9,5,5,2,17,1,44,3,10,3,4,7,13,1,10,9,14,,44,8,1,22,9,121.5681867,24.98660964
111,10,28,15,0,2,07信義區,信義區信義路5段與松仁路口,0,0,1,2,C04,8,1,5,50,4,2,1,5,4,5,7,1,1,1,4,5,2,12,1,36,2,9,1,1,7,7,1,8,2,11,,7,43,1,22,9,121.5684556,25.0327831
111,10,28,15,0,2,07信義區,信義區信義路5段與松仁路口,0,0,1,1,A02,8,1,5,50,4,2,1,5,4,5,7,1,1,1,4,5,2,12,1,54,4,11,3,4,7,15,7,19,11,15,,23,43,2,22,9,121.5684556,25.0327831
111,10,28,15,23,2,01大同區,大同區重慶北路2段174號,0,0,1,1,B03,6,1,5,50,14,9,1,4,4,5,7,4,4,1,4,5,2,17,1,57,3,10,3,4,7,14,1,8,2,2,,40,40,1,22,9,121.5134156,25.0596292
111,10,28,15,23,2,01大同區,大同區重慶北路2段174號,0,0,1,2,C03,6,1,5,50,14,9,1,4,4,5,7,4,4,1,4,5,2,17,2,34,2,7,3,4,7,9,1,10,2,14,,44,40,1,22,9,121.5134156,25.0596292
111,10,28,15,23,2,01大同區,大同區重慶北路2段174號,0,0,1,3,H02,6,1,5,50,14,9,1,4,4,5,7,4,4,1,4,5,2,17,1,77,3,10,3,4,7,19,8,20,10,16,,56,40,1,22,9,121.5134156,25.0596292
111,10,28,15,38,2,07信義區,信義區永吉路326巷與永吉路278巷27弄口,0,0,1,1,C03,7,1,5,50,3,1,1,4,4,5,7,4,4,9,5,5,1,18,1,24,2,9,3,4,7,9,1,10,1,14,,42,42,1,22,9,121.5754758,25.0446228
111,10,28,15,38,2,07信義區,信義區永吉路326巷與永吉路278巷27弄口,0,0,1,2,,7,1,5,50,3,1,1,4,4,5,7,4,4,9,5,5,1,18,3,,,,,,,,,,,,,67,42,1,,,121.5754758,25.0446228
111,10,28,15,40,2,01大同區,大同區酒泉街111號,0,0,1,1,,7,1,5,50,14,9,1,5,4,5,7,4,4,9,4,5,2,2,4,,4,11,3,4,7,15,7,19,11,15,,43,43,2,22,9,121.5149186,25.07199977
111,10,28,15,40,2,01大同區,大同區酒泉街111號,0,0,1,2,H01,7,1,5,50,14,9,1,5,4,5,7,4,4,9,4,5,2,2,1,34,2,6,4,5,8,16,8,20,10,16,,67,43,1,22,9,121.5149186,25.07199977
111,10,28,15,40,2,03中山區,中山區林森北路353巷與民生東路1段70巷口,0,0,1,1,B03,6,1,5,30,4,1,1,4,4,5,7,4,4,10,5,5,2,17,1,57,3,10,3,4,7,9,1,8,2,8,,6,6,1,22,9,121.5264213,25.0570373
111,10,28,15,40,2,03中山區,中山區林森北路353巷與民生東路1段70巷口,0,0,1,2,C03,6,1,5,30,4,1,1,4,4,5,7,4,4,10,5,5,2,17,1,48,2,8,1,1,7,9,1,10,2,12,,14,6,1,22,9,121.5264213,25.0570373
111,10,28,15,52,2,11南港區,南港區昆陽街62號與昆陽街口,0,1,0,1,C03,6,1,5,30,3,1,1,4,4,5,7,4,4,9,5,5,2,12,1,73,5,1,1,1,7,5,1,10,2,14,,8,8,1,22,9,121.5929949,25.0525645
111,10,28,15,52,2,11南港區,南港區昆陽街62號與昆陽街口,0,1,0,2,C03,6,1,5,30,3,1,1,4,4,5,7,4,4,9,5,5,2,12,1,40,3,10,1,1,7,4,1,10,2,12,,23,8,1,22,9,121.5929949,25.0525645
111,10,28,16,22,2,05中正區,中正區桃源街與寶慶路口,0,0,1,1,B12,7,1,5,50,4,2,1,5,4,5,7,1,1,10,4,5,1,3,1,45,3,10,1,1,7,5,1,7,2,4,,15,15,1,22,9,121.5104463,25.0414496
111,10,28,16,22,2,05中正區,中正區桃源街與寶慶路口,0,0,1,2,H01,7,1,5,50,4,2,1,5,4,5,7,1,1,10,4,5,1,3,2,74,2,1,4,5,8,16,8,20,10,16,,67,15,1,22,9,121.5104463,25.0414496
111,10,28,16,31,2,04大安區,大安區辛亥路3段157巷與辛亥路3段口,0,0,1,1,C03,6,1,5,50,4,2,1,4,4,5,7,1,1,5,4,5,2,12,1,23,3,10,1,1,7,5,1,10,1,14,,17,17,1,22,9,121.5491997,25.0171079
111,10,28,16,31,2,04大安區,大安區辛亥路3段157巷與辛亥路3段口,0,0,1,2,C03,6,1,5,50,4,2,1,4,4,5,7,1,1,5,4,5,2,12,2,66,2,9,1,1,7,5,1,10,1,14,,17,17,1,22,9,121.5491997,25.0171079
111,10,28,16,33,2,09北投區,北投區新興路50號對面,0,0,1,1,B03,8,1,5,30,11,9,1,5,4,5,7,4,4,10,5,5,2,3,1,23,3,10,1,1,7,15,1,8,1,8,,42,42,1,22,9,121.4884676,25.1411003
111,10,28,16,33,2,09北投區,北投區新興路50號對面,0,0,1,2,H01,8,1,5,30,11,9,1,5,4,5,7,4,4,10,5,5,2,3,2,77,2,9,4,5,8,16,8,20,1,16,,67,42,1,22,9,121.4884676,25.1411003
111,10,28,16,37,2,05中正區,中正區臨沂街74號,0,0,1,1,B02,7,1,5,30,14,9,1,4,4,5,7,4,4,10,5,5,2,2,2,42,3,10,1,1,7,9,1,8,2,5,,23,23,1,19,4,121.5278656,25.0346056
111,10,28,16,37,2,05中正區,中正區臨沂街74號,0,0,1,2,H01,7,1,5,30,14,9,1,4,4,5,7,4,4,10,5,5,2,2,2,64,2,9,4,5,8,16,8,20,10,16,,60,23,1,19,7,121.5278656,25.0346056
111,10,28,16,41,2,03中山區,中山區長春路與吉林路口,0,0,1,1,B03,7,1,5,50,4,1,1,5,4,5,7,2,1,5,4,5,2,12,1,37,3,10,3,4,7,11,1,8,1,4,,10,10,1,22,9,121.5301343,25.0549471
111,10,28,16,41,2,03中山區,中山區長春路與吉林路口,0,0,1,2,C03,7,1,5,50,4,1,1,5,4,5,7,2,1,5,4,5,2,12,2,47,2,9,1,1,7,9,1,10,1,12,,23,10,1,22,9,121.5301343,25.0549471
111,10,28,16,55,2,03中山區,中山區民權東路2段107號,0,0,2,1,C03,6,1,5,50,14,9,1,4,4,5,7,4,4,1,4,5,2,17,1,22,2,9,1,4,7,9,1,10,1,15,,42,44,1,22,9,121.5327751,25.0626068
111,10,28,16,55,2,03中山區,中山區民權東路2段107號,0,0,2,2,B01,6,1,5,50,14,9,1,4,4,5,7,4,4,1,4,5,2,17,1,60,3,10,3,4,7,14,1,1,1,5,,42,44,1,22,9,121.5327751,25.0626068