發生年度,發生月,發生日,發生時-Hours,發生分,處理別-編號,區序,肇事地點,死亡人數,2-30日死亡人數,受傷人數,當事人序號,車種,天候,光線,道路類別,速限-速度限制,道路型態,事故位置,路面狀況1,路面狀況2,路面狀況3,道路障礙1,道路障礙2,號誌1,號誌2,車道劃分-分向,車道劃分-分道1,車道劃分-分道2,車道劃分-分道3,事故類型及型態,性別,年齡,受傷程度,主要傷處,安全帽,行動電話,車輛用途,當事者行動狀態,駕駛資格情形,駕駛執照種類,飲酒情形,車輛撞擊部位1,車輛撞擊部位2,肇因碼-個別,肇因碼-主要,個人肇逃否,職業,旅次目的,座標-X,座標-Y
111,10,28,16,55,2,03中山區,中山區民權東路2段107號,0,0,2,3,C03,6,1,5,50,14,9,1,4,4,5,7,4,4,1,4,5,2,17,1,38,2,9,1,4,7,9,1,10,1,11,,44,44,1,22,9,121.5327751,25.0626068
111,10,28,16,55,2,03中山區,中山區民權東路2段107號,0,0,2,4,C03,6,1,5,50,14,9,1,4,4,5,7,4,4,1,4,5,2,17,2,43,3,10,1,4,7,8,1,10,11,15,,7,44,1,22,9,121.5327751,25.0626068
111,10,28,17,0,2,11南港區,南港區松河街與重陽路125巷口,0,0,2,1,C03,8,1,5,40,5,2,1,5,4,5,7,1,1,10,5,5,2,11,2,43,2,9,3,4,7,7,1,10,1,11,,6,6,1,22,9,121.5969373,25.05852647
111,10,28,17,0,2,11南港區,南港區松河街與重陽路125巷口,0,0,2,2,C03,8,1,5,40,5,2,1,5,4,5,7,1,1,10,5,5,2,11,1,30,2,9,3,4,7,9,1,10,1,11,,44,6,1,22,9,121.5969373,25.05852647
111,10,28,17,0,2,07信義區,信義區忠孝東路5段215巷與忠孝東路5段口,0,0,2,1,B03,7,1,5,50,3,1,1,5,4,5,7,1,1,1,4,5,2,16,2,50,2,7,2,1,7,5,1,8,2,2,,8,8,1,22,9,121.5701597,25.0409587
111,10,28,17,0,2,07信義區,信義區忠孝東路5段215巷與忠孝東路5段口,0,0,2,2,C03,7,1,5,50,3,1,1,5,4,5,7,1,1,1,4,5,2,16,1,68,2,9,1,1,7,9,3,18,2,11,,44,8,1,22,9,121.5701597,25.0409587
111,10,28,17,8,2,10文山區,文山區興隆路2段220巷12號,0,0,1,1,B03,7,2,5,50,14,9,1,5,4,5,7,4,4,9,5,5,2,17,2,58,3,10,1,1,7,2,1,8,1,15,,12,12,1,22,9,121.5523534,25.00090272
111,10,28,17,8,2,10文山區,文山區興隆路2段220巷12號,0,0,1,2,B12,7,2,5,50,14,9,1,5,4,5,7,4,4,9,5,5,2,17,1,53,3,10,1,1,7,9,1,8,1,15,,44,12,1,22,9,121.5523534,25.00090272
111,10,28,17,8,2,10文山區,文山區興隆路2段220巷12號,0,0,1,3,H02,7,2,5,50,14,9,1,5,4,5,7,4,4,9,5,5,2,17,2,55,2,9,4,5,7,20,8,20,10,16,,67,12,1,22,9,121.5523534,25.00090272
111,10,28,17,13,2,04大安區,大安區敦化南路2段81巷與敦化南路2段81巷45弄口,0,0,1,1,B01,7,3,5,30,4,2,1,5,4,5,7,2,1,8,3,5,1,12,1,57,3,10,1,1,7,1,1,4,1,2,,17,17,1,10,4,121.5505242,25.02991167
111,10,28,17,13,2,04大安區,大安區敦化南路2段81巷與敦化南路2段81巷45弄口,0,0,1,2,C03,7,3,5,30,4,2,1,5,4,5,7,2,1,8,3,5,1,12,2,62,2,9,1,1,7,1,1,10,1,14,,17,17,1,5,1,121.5505242,25.02991167
111,10,28,17,15,2,10文山區,文山區秀明路1段與木柵路3段口口,0,0,1,1,C03,7,1,5,50,4,1,1,4,4,5,7,1,1,5,4,5,2,16,1,45,2,8,3,4,7,5,1,10,2,14,,17,17,1,21,8,121.5711074,24.99162033
111,10,28,17,15,2,10文山區,文山區秀明路1段與木柵路3段口口,0,0,1,2,B03,7,1,5,50,4,1,1,4,4,5,7,1,1,5,4,5,2,16,1,26,3,10,3,4,7,9,1,8,2,2,,17,17,1,21,8,121.5711074,24.99162033
111,10,28,17,18,2,07信義區,信義區富陽街55巷與崇德街206巷口,0,0,1,1,C03,7,3,5,30,4,1,1,5,4,5,7,4,4,10,5,5,1,15,2,55,3,10,1,4,7,9,1,10,1,11,,6,6,1,22,9,121.5576792,25.0227341
111,10,28,17,18,2,07信義區,信義區富陽街55巷與崇德街206巷口,0,0,1,2,C03,7,3,5,30,4,1,1,5,4,5,7,4,4,10,5,5,1,15,2,73,2,1,2,4,7,9,1,10,1,14,,23,6,1,22,9,121.5576792,25.0227341
111,10,28,17,20,2,03中山區,中山區民族東路76號,0,0,1,1,C03,7,3,5,50,14,9,1,5,4,5,7,4,4,4,3,5,2,13,1,29,2,9,3,4,7,8,1,10,1,11,,23,23,1,22,9,121.5264617,25.06840094
111,10,28,17,20,2,03中山區,中山區民族東路76號,0,0,1,2,B01,7,3,5,50,14,9,1,5,4,5,7,4,4,4,3,5,2,13,1,65,3,10,3,4,7,14,1,4,2,6,,44,23,1,22,9,121.5264617,25.06840094
111,10,28,17,20,2,07信義區,信義區忠孝東路5段與松仁路口,0,0,2,1,C03,6,3,5,50,4,1,1,4,4,5,7,1,1,1,4,5,1,3,1,33,2,9,1,1,7,9,1,10,1,11,,23,23,1,22,9,121.5687641,25.0409714
111,10,28,17,20,2,07信義區,信義區忠孝東路5段與松仁路口,0,0,2,2,H01,6,3,5,50,4,1,1,4,4,5,7,1,1,1,4,5,1,3,1,59,2,9,4,5,8,16,8,20,10,16,,67,23,1,22,9,121.5687641,25.0409714
111,10,28,17,22,2,09北投區,北投區天母西路與磺溪便道口,0,0,1,1,B02,8,1,5,50,4,1,1,5,4,5,7,4,4,5,5,5,1,16,2,23,3,10,1,1,7,5,1,8,1,8,,6,6,1,22,9,121.5238223,25.11870206
111,10,28,17,22,2,09北投區,北投區天母西路與磺溪便道口,0,0,1,2,C03,8,1,5,50,4,1,1,5,4,5,7,4,4,5,5,5,1,16,2,21,2,9,1,1,7,9,1,10,1,14,,44,6,1,22,9,121.5238223,25.11870206
111,10,28,17,25,2,09北投區,北投區承德路6段與福國路口,0,0,1,1,B01,8,1,5,60,4,1,1,5,4,5,7,2,1,1,4,4,2,17,1,48,3,10,1,1,7,8,1,4,1,15,,7,7,2,22,9,121.5124681,25.10178064
111,10,28,17,25,2,09北投區,北投區承德路6段與福國路口,0,0,1,2,C03,8,1,5,60,4,1,1,5,4,5,7,2,1,1,4,4,2,17,1,29,2,9,1,1,7,9,1,10,1,14,,44,7,1,22,9,121.5124681,25.10178064
111,10,28,17,29,2,09北投區,北投區承德路7段與石牌路1段口,0,0,1,1,B03,7,3,5,50,3,1,1,5,4,5,7,2,1,10,5,5,1,12,1,49,3,10,1,1,7,6,1,8,1,2,,17,17,1,22,9,121.5093934,25.11249874
111,10,28,17,29,2,09北投區,北投區承德路7段與石牌路1段口,0,0,1,2,C03,7,3,5,50,3,1,1,5,4,5,7,2,1,10,5,5,1,12,2,29,2,9,1,1,7,15,1,10,1,14,,17,17,1,22,9,121.5093934,25.11249874
111,10,28,17,40,2,11南港區,南港區市民大道8段與中南街口,0,0,2,1,C03,6,3,5,50,4,2,1,4,4,5,7,1,1,9,5,5,2,12,1,60,2,8,1,1,7,5,1,10,1,14,,8,8,1,22,9,121.6151981,25.0543194
111,10,28,17,40,2,11南港區,南港區市民大道8段與中南街口,0,0,2,2,C03,6,3,5,50,4,2,1,4,4,5,7,1,1,9,5,5,2,12,1,48,2,9,1,1,7,9,1,10,1,11,,23,8,1,22,9,121.6151981,25.0543194
111,10,28,17,46,2,05中正區,(林森南路上),0,0,2,1,C03,6,3,5,50,14,9,1,4,4,5,7,4,4,4,3,5,2,13,2,26,2,9,1,1,7,9,1,10,1,11,,16,16,1,22,9,121.5225957,25.04224612
111,10,28,17,46,2,05中正區,(林森南路上),0,0,2,2,C03,6,3,5,50,14,9,1,4,4,5,7,4,4,4,3,5,2,13,1,28,2,6,1,1,7,9,1,10,1,13,,44,16,1,22,9,121.5225957,25.04224612
111,10,28,17,46,2,06松山區,松山區敦化北路與長春路口,0,0,1,1,B01,6,3,5,50,15,18,1,4,4,5,6,2,1,10,3,1,1,3,1,66,3,10,3,4,7,5,1,4,1,1,,15,23,1,22,9,121.5486148,25.05444698
111,10,28,17,46,2,06松山區,松山區敦化北路與長春路口,0,0,1,2,H01,6,3,5,50,15,18,1,4,4,5,6,2,1,10,3,1,1,3,2,49,2,9,4,5,8,18,8,20,1,16,,52,23,1,22,9,121.5486148,25.05444698
111,10,28,17,52,2,03中山區,中山區民權西路25號,0,0,1,1,C03,6,3,5,50,14,9,1,4,4,5,7,4,4,1,3,5,1,13,1,25,2,8,1,4,7,9,1,10,1,12,,23,23,1,22,9,121.5215262,25.06291713
111,10,28,17,52,2,03中山區,中山區民權西路25號,0,0,1,2,C03,6,3,5,50,14,9,1,4,4,5,7,4,4,1,3,5,1,13,1,21,3,10,1,4,7,9,1,10,1,13,,44,23,1,22,9,121.5215262,25.06291713
111,10,28,17,55,2,05中正區,中正區羅斯福路4段與羅斯福路4段24巷口,0,0,1,1,C03,7,3,5,50,14,9,1,5,4,5,7,4,4,1,4,5,1,16,1,53,3,10,1,1,7,6,1,9,1,12,,9,9,1,22,9,121.533314,25.0156316
111,10,28,17,55,2,05中正區,中正區羅斯福路4段與羅斯福路4段24巷口,0,0,1,2,C03,7,3,5,50,14,9,1,5,4,5,7,4,4,1,4,5,1,16,2,43,2,9,1,1,7,9,1,10,1,14,,44,9,1,22,9,121.533314,25.0156316
111,10,28,17,55,2,05中正區,中正區羅斯福路4段與羅斯福路4段24巷口,0,0,1,3,H02,7,3,5,50,14,9,1,5,4,5,7,4,4,1,4,5,1,16,2,8,4,11,1,5,7,17,8,20,10,16,,67,9,1,22,9,121.533314,25.0156316
111,10,28,18,20,2,08士林區,士林區至誠路1段2-4號,0,0,1,1,C03,6,3,5,50,14,9,1,4,4,5,7,4,4,5,4,5,2,13,2,42,2,9,1,1,7,9,1,10,1,11,,42,42,1,22,9,121.5370102,25.10113176
111,10,28,18,20,2,08士林區,士林區至誠路1段2-4號,0,0,1,2,B03,6,3,5,50,14,9,1,4,4,5,7,4,4,5,4,5,2,13,1,29,3,10,1,1,7,12,1,8,1,3,,44,42,1,22,9,121.5370102,25.10113176
111,10,28,18,27,2,04大安區,大安區忠孝東路4段223巷與延吉街62巷口,0,0,2,1,C03,6,3,5,30,4,1,1,4,4,5,7,4,4,10,5,5,2,15,2,49,2,8,1,1,7,9,1,10,1,11,,6,6,1,22,9,121.5529719,25.0434647
111,10,28,18,27,2,04大安區,大安區忠孝東路4段223巷與延吉街62巷口,0,0,2,2,C03,6,3,5,30,4,1,1,4,4,5,7,4,4,10,5,5,2,15,1,39,2,9,1,1,7,9,1,10,1,14,,23,6,1,22,9,121.5529719,25.0434647
111,10,28,18,36,2,02萬華區,萬華區桂林路與梧州街口,0,0,2,1,F03,6,3,5,50,3,1,4,4,4,5,7,4,4,8,3,4,2,15,2,41,2,9,1,1,7,5,8,20,1,15,,8,8,1,22,9,121.4976477,25.03847395
111,10,28,18,36,2,02萬華區,萬華區桂林路與梧州街口,0,0,2,2,C03,6,3,5,50,3,1,4,4,4,5,7,4,4,8,3,4,2,15,1,24,2,7,1,1,7,11,1,10,1,11,,13,8,1,22,9,121.4976477,25.03847395
111,10,28,19,0,2,03中山區,中山區吉林路與長春路口,0,0,1,1,C03,6,3,5,50,4,1,1,4,4,5,7,2,1,5,4,4,2,16,2,26,2,9,1,4,7,5,1,10,1,11,,8,8,1,22,9,121.5301403,25.0548664
111,10,28,19,0,2,03中山區,中山區吉林路與長春路口,0,0,1,2,B03,6,3,5,50,4,1,1,4,4,5,7,2,1,5,4,4,2,16,2,53,3,10,3,4,7,9,1,8,1,1,,27,8,1,22,9,121.5301403,25.0548664
111,10,28,19,0,2,11南港區,南港區忠孝東路5段968號,0,0,2,1,C03,6,3,5,50,14,9,1,4,4,5,7,4,4,3,4,5,2,16,1,36,2,8,1,1,7,6,1,10,1,12,,9,9,1,22,9,121.5822228,25.0444509
111,10,28,19,0,2,11南港區,南港區忠孝東路5段968號,0,0,2,2,C03,6,3,5,50,14,9,1,4,4,5,7,4,4,3,4,5,2,16,1,40,2,9,1,1,7,9,1,10,1,11,,16,9,1,22,9,121.5822228,25.0444509
111,10,28,19,1,2,05中正區,中正區濟南路1段6號,0,0,1,1,B03,6,3,5,40,14,9,1,4,4,5,7,4,4,8,3,5,2,17,1,55,3,10,1,1,7,11,1,8,2,6,,10,10,1,22,9,121.5218636,25.04266317
111,10,28,19,1,2,05中正區,中正區濟南路1段6號,0,0,1,2,C03,6,3,5,40,14,9,1,4,4,5,7,4,4,8,3,5,2,17,2,26,2,9,1,1,7,9,1,10,2,11,,44,10,1,22,9,121.5218636,25.04266317
111,10,28,19,12,2,05中正區,中正區重慶南路1段與襄陽路口,0,0,1,2,C03,6,3,5,50,3,1,1,4,4,5,7,2,1,9,4,5,2,12,2,26,2,8,1,1,7,9,1,10,2,14,,4,44,1,5,5,121.5132661,25.0433897
111,10,28,19,12,2,05中正區,中正區重慶南路1段與襄陽路口,0,0,1,1,B03,6,3,5,50,3,1,1,4,4,5,7,2,1,9,4,5,2,12,1,34,3,10,1,1,7,6,1,8,2,2,,44,44,1,22,1,121.5132661,25.0433897
111,10,28,19,24,2,10文山區,文山區木新路3段207號前,0,0,1,1,C03,6,3,5,50,14,9,1,4,4,5,7,1,1,9,4,5,2,12,1,22,2,9,1,1,7,7,1,10,1,14,,7,7,1,22,9,121.5598719,24.98149432
111,10,28,19,24,2,10文山區,文山區木新路3段207號前,0,0,1,2,C03,6,3,5,50,14,9,1,4,4,5,7,1,1,9,4,5,2,12,1,35,3,10,1,1,7,9,1,10,1,12,,44,7,1,22,9,121.5598719,24.98149432
111,10,28,19,43,2,01大同區,大同區西寧北路74號,0,0,2,1,B02,6,3,5,50,14,9,1,4,4,5,7,4,4,5,5,5,2,16,1,50,3,10,1,1,7,11,1,8,1,8,,10,10,1,22,9,121.5087843,25.05412853
111,10,28,19,43,2,01大同區,大同區西寧北路74號,0,0,2,2,C03,6,3,5,50,14,9,1,4,4,5,7,4,4,5,5,5,2,16,1,28,2,8,1,1,7,9,1,10,1,12,,23,10,1,22,9,121.5087843,25.05412853
111,10,28,19,43,2,01大同區,大同區西寧北路74號,0,0,2,3,H02,6,3,5,50,14,9,1,4,4,5,7,4,4,5,5,5,2,16,2,29,2,8,1,5,7,21,8,20,10,16,,67,10,1,22,9,121.5087843,25.05412853
111,10,28,19,50,2,03中山區,中山區吉林路與吉林路456巷口,0,0,1,1,H01,6,3,5,50,4,2,1,4,4,5,7,4,4,5,4,4,2,3,2,74,2,9,4,5,8,16,8,20,10,16,,52,52,1,22,9,121.5304141,25.06692443
111,10,28,19,50,2,03中山區,中山區吉林路與吉林路456巷口,0,0,1,2,B03,6,3,5,50,4,2,1,4,4,5,7,4,4,5,4,4,2,3,1,60,3,10,3,4,7,9,1,8,1,1,,23,52,1,22,9,121.5304141,25.06692443
111,10,28,19,52,2,05中正區,中正區仁愛路2段89-1號,0,0,1,1,B03,7,3,5,50,14,9,1,5,4,5,7,4,4,10,4,1,1,17,1,61,3,10,1,1,7,1,1,8,1,15,,19,19,1,22,9,121.531576,25.03828153
111,10,28,19,52,2,05中正區,中正區仁愛路2段89-1號,0,0,1,2,C03,7,3,5,50,14,9,1,5,4,5,7,4,4,10,4,1,1,17,1,43,3,10,1,1,7,12,1,10,1,13,,44,19,1,22,9,121.531576,25.03828153
111,10,28,19,52,2,05中正區,中正區仁愛路2段89-1號,0,0,1,3,C03,7,3,5,50,14,9,1,5,4,5,7,4,4,10,4,1,1,17,1,34,2,9,1,1,7,12,1,10,1,12,,42,19,1,22,9,121.531576,25.03828153
111,10,28,20,15,2,05中正區,中正區濟南路1段1號,0,0,2,1,C03,6,3,5,50,14,9,1,4,4,5,7,4,4,4,3,5,2,3,1,20,2,9,1,1,7,9,1,10,2,11,,15,15,1,22,9,121.5196637,25.04311596
111,10,28,20,15,2,05中正區,中正區濟南路1段1號,0,0,2,2,H01,6,3,5,50,14,9,1,4,4,5,7,4,4,4,3,5,2,3,2,63,2,9,4,5,8,16,8,20,2,16,,67,15,1,22,9,121.5196637,25.04311596
111,10,28,20,16,2,03中山區,中山區建國北路2段與錦州街口,0,0,1,1,B03,6,3,5,50,4,1,1,4,4,5,7,1,1,1,4,5,1,16,1,63,3,10,3,4,7,5,1,8,2,1,,8,8,1,22,9,121.5367271,25.06027769
111,10,28,20,16,2,03中山區,中山區建國北路2段與錦州街口,0,0,1,2,C03,6,3,5,50,4,1,1,4,4,5,7,1,1,1,4,5,1,16,1,41,2,9,1,4,7,9,1,10,2,11,,44,8,1,22,9,121.5367271,25.06027769
111,10,28,20,20,2,06松山區,松山區市民大道5段與八德路4段106巷口,0,0,1,1,C03,6,3,5,30,3,1,1,4,4,5,7,3,1,1,4,5,2,16,1,29,3,10,1,1,7,6,1,10,1,14,,6,6,1,22,9,121.5612189,25.0466399
111,10,28,20,20,2,06松山區,松山區市民大道5段與八德路4段106巷口,0,0,1,2,C03,6,3,5,30,3,1,1,4,4,5,7,3,1,1,4,5,2,16,2,26,2,9,1,1,7,9,1,10,1,12,,44,6,1,22,9,121.5612189,25.0466399
111,10,28,20,25,2,09北投區,北投區中和街與珠海路口,0,0,1,1,A05,6,3,5,50,4,2,1,4,4,5,7,2,1,4,1,5,2,16,1,55,3,10,1,1,7,6,1,1,2,2,,9,9,1,22,9,121.5025305,25.13828987
111,10,28,20,25,2,09北投區,北投區中和街與珠海路口,0,0,1,2,C03,6,3,5,50,4,2,1,4,4,5,7,2,1,4,1,5,2,16,2,39,2,8,1,1,7,9,1,10,2,11,,4,9,1,22,9,121.5025305,25.13828987
111,10,28,20,30,2,10文山區,文山區景文街108號,0,0,1,1,C03,6,3,8,50,15,22,1,4,4,5,7,4,4,5,5,4,2,17,2,31,3,10,1,1,7,1,1,10,1,11,,19,19,1,22,9,121.5408784,24.98946818
111,10,28,20,30,2,10文山區,文山區景文街108號,0,0,1,2,C03,6,3,8,50,15,22,1,4,4,5,7,4,4,5,5,4,2,17,2,43,2,9,1,1,7,9,1,10,1,12,,44,19,1,22,9,121.5408784,24.98946818
111,10,28,20,31,2,03中山區,中山區復興北路與錦州街口,0,0,1,1,C03,6,3,5,50,4,2,1,4,4,5,7,1,1,1,4,5,2,17,1,65,2,9,3,4,7,9,1,10,9,12,,23,44,1,22,9,121.5440795,25.06011995
111,10,28,20,31,2,03中山區,中山區復興北路與錦州街口,0,0,1,2,B01,6,3,5,50,4,2,1,4,4,5,7,1,1,1,4,5,2,17,1,54,4,11,3,4,7,15,7,19,11,15,,38,44,2,22,9,121.5440795,25.06011995
111,10,28,20,55,2,03中山區,中山區長春路與龍江路口,0,0,1,1,B03,6,3,5,50,4,2,1,4,4,5,7,2,1,5,4,4,2,3,1,32,3,10,3,4,7,5,1,8,2,1,,15,15,1,22,9,121.54049,25.0545541
111,10,28,20,55,2,03中山區,中山區長春路與龍江路口,0,0,1,2,H01,6,3,5,50,4,2,1,4,4,5,7,2,1,5,4,4,2,3,2,52,2,9,4,5,8,16,8,20,10,16,,67,15,1,22,9,121.54049,25.0545541
111,10,28,20,55,2,10文山區,文山區新光路2段與無名巷口,0,0,1,1,B03,6,3,5,30,3,2,1,4,4,5,7,4,4,9,4,5,1,17,1,71,3,10,1,1,7,5,1,8,1,1,,6,6,1,22,9,121.5990653,25.0022383
111,10,28,20,55,2,10文山區,文山區新光路2段與無名巷口,0,0,1,2,C03,6,3,5,30,3,2,1,4,4,5,7,4,4,9,4,5,1,17,2,22,2,9,1,1,7,9,1,10,1,11,,44,6,1,22,9,121.5990653,25.0022383
111,10,28,21,0,2,05中正區,中正區中華路1段與長沙街1段口,0,0,1,1,C03,6,3,5,50,5,2,1,4,4,5,7,2,1,1,4,5,2,12,1,21,3,10,1,1,7,7,1,10,1,11,,43,43,1,22,7,121.5079421,25.0402818
111,10,28,21,0,2,05中正區,中正區中華路1段與長沙街1段口,0,0,1,2,A02,6,3,5,50,5,2,1,4,4,5,7,2,1,1,4,5,2,12,1,45,3,10,1,1,7,9,1,2,1,2,,43,43,1,10,4,121.5079421,25.0402818
111,10,28,21,0,2,05中正區,中正區中華路1段與長沙街1段口,0,0,1,3,H02,6,3,5,50,5,2,1,4,4,5,7,2,1,1,4,5,2,12,2,22,2,7,1,5,7,20,8,20,10,16,,67,43,1,18,7,121.5079421,25.0402818
111,10,28,21,5,2,05中正區,中正區信義路1段與杭州南路1段口,0,0,2,1,F01,6,3,5,50,4,2,1,4,4,5,7,2,1,10,5,5,2,15,1,16,2,8,1,1,7,9,8,20,2,16,,25,25,1,22,9,121.5243809,25.0356051
111,10,28,21,5,2,05中正區,中正區信義路1段與杭州南路1段口,0,0,2,2,C03,6,3,5,50,4,2,1,4,4,5,7,2,1,10,5,5,2,15,1,46,2,7,1,1,7,9,1,10,2,11,,44,25,1,22,9,121.5243809,25.0356051
111,10,28,21,20,2,03中山區,中山區復興北路與長春路口,0,0,2,1,C03,6,3,5,50,4,1,1,4,4,5,7,1,1,3,4,5,2,17,4,,4,11,3,4,7,15,7,19,11,15,,43,43,2,22,9,121.5440332,25.0545709
111,10,28,21,20,2,03中山區,中山區復興北路與長春路口,0,0,2,2,C03,6,3,5,50,4,1,1,4,4,5,7,1,1,3,4,5,2,17,1,21,2,8,1,1,7,9,1,10,1,14,,44,43,1,22,9,121.5440332,25.0545709
111,10,28,21,20,2,03中山區,中山區復興北路與長春路口,0,0,2,3,C03,6,3,5,50,4,1,1,4,4,5,7,1,1,3,4,5,2,17,1,18,2,5,1,1,7,9,3,18,1,11,14,44,43,1,22,9,121.5440332,25.0545709
111,10,28,21,20,2,10文山區,文山區萬芳路萬芳社區捷運站停車場出口,0,0,1,3,C03,6,3,5,50,14,9,1,4,4,5,7,4,4,4,4,5,1,16,1,20,3,10,1,4,7,9,1,10,1,11,,23,10,1,22,9,121.5675504,24.99900793
111,10,28,21,20,2,10文山區,文山區萬芳路萬芳社區捷運站停車場出口,0,0,1,1,B03,6,3,5,50,14,9,1,4,4,5,7,4,4,4,4,5,1,16,1,47,3,10,3,4,7,11,1,8,1,4,,10,10,1,22,9,121.5675504,24.99900793
111,10,28,21,20,2,10文山區,文山區萬芳路萬芳社區捷運站停車場出口,0,0,1,2,C03,6,3,5,50,14,9,1,4,4,5,7,4,4,4,4,5,1,16,1,25,2,9,1,4,7,4,1,10,1,11,,44,10,1,22,9,121.5675504,24.99900793
111,10,28,21,26,2,03中山區,中山區松江路與松江路25巷口,0,0,1,1,B01,6,3,5,40,4,1,1,4,4,5,7,1,1,1,5,1,2,15,1,50,3,10,1,1,7,1,1,4,1,5,,25,25,1,22,9,121.533002,25.04709815
111,10,28,21,26,2,03中山區,中山區松江路與松江路25巷口,0,0,1,2,B03,6,3,5,40,4,1,1,4,4,5,7,1,1,1,5,1,2,15,1,71,2,9,1,1,7,9,1,8,1,8,,44,25,1,22,9,121.533002,25.04709815
111,10,28,21,54,2,11南港區,南港區市民大道7段與昆陽街口,0,0,1,1,B03,6,3,5,30,4,1,1,4,4,5,7,2,1,4,5,5,2,16,2,53,3,10,1,1,7,6,1,8,1,5,,9,9,1,22,9,121.5937751,25.0511415
111,10,28,21,54,2,11南港區,南港區市民大道7段與昆陽街口,0,0,1,2,C03,6,3,5,30,4,1,1,4,4,5,7,2,1,4,5,5,2,16,2,22,2,8,1,1,7,9,1,10,1,14,,44,9,1,22,9,121.5937751,25.0511415
111,10,28,22,0,2,03中山區,中山區林森北路與中山北路1段53巷口,0,0,1,1,B03,6,3,5,50,4,1,1,4,4,5,7,4,4,5,4,5,2,17,1,37,3,10,3,4,7,1,1,8,1,4,,19,19,1,22,9,121.5244367,25.0486877
111,10,28,22,0,2,03中山區,中山區林森北路與中山北路1段53巷口,0,0,1,2,C03,6,3,5,50,4,1,1,4,4,5,7,4,4,5,4,5,2,17,1,29,2,9,1,4,7,9,1,10,1,15,,44,19,1,22,9,121.5244367,25.0486877
111,10,28,22,3,2,09北投區,北投區溫泉路35-7號,0,0,1,1,B01,6,3,5,30,14,9,1,4,4,5,7,4,4,10,5,5,2,11,1,69,3,10,1,1,7,9,1,8,11,8,,17,23,2,10,9,121.5028571,25.1344366
111,10,28,22,3,2,09北投區,北投區溫泉路35-7號,0,0,1,2,C03,6,3,5,30,14,9,1,4,4,5,7,4,4,10,5,5,2,11,1,30,2,7,1,1,7,9,1,10,1,15,,17,23,1,22,9,121.5028571,25.1344366
111,10,28,22,5,2,07信義區,信義區忠孝東路5段與忠孝東路5段236巷口,0,0,1,1,C03,6,3,5,50,4,2,1,4,4,5,7,1,1,1,4,5,2,18,1,25,2,9,1,1,7,9,1,10,1,14,,13,13,1,22,9,121.5719011,25.04087741
111,10,28,22,5,2,07信義區,信義區忠孝東路5段與忠孝東路5段236巷口,0,0,1,2,,6,3,5,50,4,2,1,4,4,5,7,1,1,1,4,5,2,18,3,,,,,,,,,,,,,67,13,1,,,121.5719011,25.04087741
111,10,28,22,18,1,04大安區,大安區市民大道3段198號,1,0,0,1,C03,6,3,5,40,14,9,1,4,4,5,7,4,4,4,4,1,2,29,1,18,1,1,1,1,7,9,1,10,2,11,,23,23,1,22,9,121.5377235,25.0445734
111,10,28,22,18,1,04大安區,大安區市民大道3段198號,1,0,0,2,,6,3,5,40,14,9,1,4,4,5,7,4,4,4,4,1,2,29,3,,,,,,,,,,,,,67,23,1,,,121.5377235,25.0445734
111,10,28,22,18,2,11南港區,南港區市民大道7段與東新街口,0,0,1,1,B03,6,3,5,50,4,1,1,4,4,5,7,1,1,1,4,5,2,16,1,47,3,10,1,1,7,5,1,8,2,2,,6,6,1,22,9,121.5838582,25.04958459
111,10,28,22,18,2,11南港區,南港區市民大道7段與東新街口,0,0,1,2,C03,6,3,5,50,4,1,1,4,4,5,7,1,1,1,4,5,2,16,1,31,2,9,1,1,7,9,1,10,2,11,,23,6,1,22,9,121.5838582,25.04958459
111,10,28,22,22,2,04大安區,大安區信義路4段168號,0,0,2,1,C03,6,3,5,50,14,9,1,4,4,5,7,4,4,10,5,5,1,11,1,34,2,9,1,1,7,9,1,10,1,11,,23,23,1,22,9,121.5508698,25.0330629
111,10,28,22,22,2,04大安區,大安區信義路4段168號,0,0,2,2,C03,6,3,5,50,14,9,1,4,4,5,7,4,4,10,5,5,1,11,2,56,2,9,1,1,7,9,1,10,1,11,,23,23,1,22,9,121.5508698,25.0330629
111,10,28,22,22,2,04大安區,大安區信義路4段168號,0,0,2,3,B03,6,3,5,50,14,9,1,4,4,5,7,4,4,10,5,5,1,11,2,42,3,10,3,1,7,13,1,6,1,7,,44,23,1,22,9,121.5508698,25.0330629
111,10,28,22,30,2,03中山區,中山區民權東路2段188號,0,0,1,1,C03,6,3,5,50,14,9,1,4,4,5,7,4,4,3,4,5,2,17,1,35,2,9,1,1,7,1,1,10,1,14,12,19,19,1,22,9,121.5360026,25.06231502
111,10,28,22,30,2,03中山區,中山區民權東路2段188號,0,0,1,2,B03,6,3,5,50,14,9,1,4,4,5,7,4,4,3,4,5,2,17,1,29,3,10,1,1,7,9,1,8,1,3,,44,19,1,22,9,121.5360026,25.06231502
111,10,28,22,30,2,03中山區,中山區民權東路2段188號,0,0,1,3,B03,6,3,5,50,14,9,1,4,4,5,7,4,4,3,4,5,2,17,1,59,3,10,1,1,7,1,1,8,1,15,,19,19,1,22,9,121.5360026,25.06231502