發生年度,發生月,發生日,發生時-Hours,發生分,處理別-編號,區序,肇事地點,死亡人數,2-30日死亡人數,受傷人數,當事人序號,車種,天候,光線,道路類別,速限-速度限制,道路型態,事故位置,路面狀況1,路面狀況2,路面狀況3,道路障礙1,道路障礙2,號誌1,號誌2,車道劃分-分向,車道劃分-分道1,車道劃分-分道2,車道劃分-分道3,事故類型及型態,性別,年齡,受傷程度,主要傷處,安全帽,行動電話,車輛用途,當事者行動狀態,駕駛資格情形,駕駛執照種類,飲酒情形,車輛撞擊部位1,車輛撞擊部位2,肇因碼-個別,肇因碼-主要,個人肇逃否,職業,旅次目的,座標-X,座標-Y
111,10,28,22,32,2,10文山區,文山區興隆路4段與興隆路4段1巷口,0,0,1,1,B03,6,3,5,50,3,1,1,4,4,5,7,2,1,3,4,5,2,17,1,66,3,10,1,1,7,5,1,8,1,5,,43,43,1,22,9,121.5589517,24.99114417
111,10,28,22,32,2,10文山區,文山區興隆路4段與興隆路4段1巷口,0,0,1,2,C03,6,3,5,50,3,1,1,4,4,5,7,2,1,3,4,5,2,17,1,21,2,8,1,1,7,9,1,10,1,11,,43,43,1,22,9,121.5589517,24.99114417
111,10,28,22,48,2,01大同區,大同區鄭州路與西寧北路口,0,0,1,1,C03,6,3,5,50,14,9,1,4,4,5,7,2,1,5,2,5,1,2,1,44,2,9,1,1,7,9,1,10,11,11,,23,23,1,21,9,121.5081416,25.05016468
111,10,28,22,48,2,01大同區,大同區鄭州路與西寧北路口,0,0,1,2,H01,6,3,5,50,14,9,1,4,4,5,7,2,1,5,2,5,1,2,1,57,3,10,4,1,8,16,8,20,10,16,,60,23,1,20,9,121.5081416,25.05016468
111,10,28,22,58,2,07信義區,信義區松智路與松智路9巷口,0,0,1,1,B02,6,3,5,50,3,2,1,4,4,5,7,4,4,5,4,5,2,17,1,54,3,10,3,4,7,9,1,8,9,5,,44,44,1,22,9,121.5655517,25.0379954
111,10,28,22,58,2,07信義區,信義區松智路與松智路9巷口,0,0,1,2,C03,6,3,5,50,3,2,1,4,4,5,7,4,4,5,4,5,2,17,2,22,2,9,3,4,7,6,1,10,9,13,,6,44,1,22,9,121.5655517,25.0379954
111,10,29,2,0,2,05中正區,中正區中華路1段與忠孝西路1段口,0,0,1,2,C03,6,3,5,50,4,2,1,4,4,5,7,1,1,10,5,5,2,17,1,62,2,9,1,1,7,9,1,10,2,14,,42,23,1,22,9,121.510237,25.04804127
111,10,29,2,0,2,05中正區,中正區中華路1段與忠孝西路1段口,0,0,1,1,B01,6,3,5,50,4,2,1,4,4,5,7,1,1,10,5,5,2,17,1,49,4,11,3,4,7,15,7,19,11,15,,23,23,2,22,9,121.510237,25.04804127
111,10,29,2,31,2,02萬華區,萬華區萬大路與西藏路口,0,0,1,1,C03,6,3,5,30,4,1,1,4,4,5,7,1,1,8,3,5,1,12,1,20,2,8,1,1,7,9,1,10,1,11,,43,43,1,22,9,121.5005863,25.0291706
111,10,29,2,31,2,02萬華區,萬華區萬大路與西藏路口,0,0,1,2,B01,6,3,5,30,4,1,1,4,4,5,7,1,1,8,3,5,1,12,1,59,3,10,1,1,7,14,1,4,1,6,,43,43,1,22,9,121.5005863,25.0291706
111,10,29,5,34,2,03中山區,中山區南京東路3段1號,0,0,1,1,B12,6,3,5,50,14,9,1,4,4,5,7,1,1,1,3,5,1,13,1,51,3,10,3,4,7,1,1,8,1,1,,23,23,1,22,9,121.5371378,25.05206426
111,10,29,5,34,2,03中山區,中山區南京東路3段1號,0,0,1,2,C03,6,3,5,50,14,9,1,4,4,5,7,1,1,1,3,5,1,13,1,40,2,8,1,4,7,14,1,10,1,13,,44,23,1,22,9,121.5371378,25.05206426
111,10,29,7,34,2,07信義區,信義區吳興街252號與吳興街南側附近220巷口,0,0,1,1,B03,6,3,5,50,4,2,4,4,4,5,7,2,1,9,5,5,2,16,1,64,3,10,1,1,7,11,1,8,1,1,,10,10,1,22,9,121.5623826,25.0269814
111,10,29,7,34,2,07信義區,信義區吳興街252號與吳興街南側附近220巷口,0,0,1,2,F03,6,3,5,50,4,2,4,4,4,5,7,2,1,9,5,5,2,16,2,56,2,1,1,1,7,9,8,20,1,16,,44,10,1,22,9,121.5623826,25.0269814
111,10,29,8,15,2,02萬華區,萬華區環河南路2段274號,0,0,1,1,C03,7,1,8,30,15,22,1,5,4,5,7,4,4,10,5,5,1,10,1,67,2,9,1,1,7,9,1,10,1,11,,14,14,1,22,9,121.4914982,25.032512
111,10,29,8,15,2,02萬華區,萬華區環河南路2段274號,0,0,1,2,C03,7,1,8,30,15,22,1,5,4,5,7,4,4,10,5,5,1,10,1,64,3,10,1,1,7,15,3,18,1,11,,6,14,1,22,9,121.4914982,25.032512
111,10,29,8,16,2,02萬華區,萬華區堤外便道與富民路口疏散門,0,0,1,2,C03,8,1,8,50,3,1,1,5,4,5,7,4,4,5,4,5,2,11,1,35,2,9,1,1,7,9,1,10,1,11,,44,43,1,22,9,121.5006172,25.01725264
111,10,29,8,16,2,02萬華區,萬華區堤外便道與富民路口疏散門,0,0,1,1,C04,8,1,8,50,3,1,1,5,4,5,7,4,4,5,4,5,2,11,4,,4,11,3,4,7,15,7,19,11,15,,43,43,2,22,9,121.5006172,25.01725264
111,10,29,8,30,2,07信義區,信義區忠孝東路4段與忠孝東路4段554巷口口,0,0,1,1,C03,6,1,5,50,3,2,1,4,4,5,7,4,4,9,4,5,2,18,1,30,2,9,1,1,7,9,1,10,1,14,,43,43,1,22,9,121.5636203,25.0410975
111,10,29,8,30,2,07信義區,信義區忠孝東路4段與忠孝東路4段554巷口口,0,0,1,2,,6,1,5,50,3,2,1,4,4,5,7,4,4,9,4,5,2,18,3,,,,,,,,,,,,,67,43,1,,,121.5636203,25.0410975
111,10,29,9,11,2,09北投區,北投區承德路6段120號,0,0,1,1,C03,7,1,5,40,14,8,1,5,4,5,7,4,4,1,4,4,1,17,2,25,2,9,1,1,7,15,1,10,1,12,,23,23,1,22,9,121.5124564,25.1035555
111,10,29,9,11,2,09北投區,北投區承德路6段120號,0,0,1,2,B03,7,1,5,40,14,8,1,5,4,5,7,4,4,1,4,4,1,17,1,51,3,10,1,1,7,2,1,8,1,4,,12,23,1,22,9,121.5124564,25.1035555
111,10,29,9,25,2,11南港區,南港區南深路與南深路19巷口,0,0,1,1,C03,6,1,5,30,3,2,1,4,4,5,7,4,4,8,4,5,1,12,1,34,2,8,1,1,7,9,1,10,1,15,,23,23,1,22,9,121.6213187,25.0378943
111,10,29,9,25,2,11南港區,南港區南深路與南深路19巷口,0,0,1,2,B03,6,1,5,30,3,2,1,4,4,5,7,4,4,8,4,5,1,12,1,69,3,10,1,1,7,9,1,8,1,15,,42,23,1,22,9,121.6213187,25.0378943
111,10,29,9,46,2,04大安區,大安區延吉街與延吉街137巷口,0,0,2,1,C03,6,1,5,50,3,1,1,4,4,5,7,4,4,5,5,5,2,16,1,32,2,9,1,1,7,5,1,10,1,14,,8,8,1,22,9,121.5543762,25.0419666
111,10,29,9,46,2,04大安區,大安區延吉街與延吉街137巷口,0,0,2,2,C03,6,1,5,50,3,1,1,4,4,5,7,4,4,5,5,5,2,16,1,31,2,8,1,1,7,9,1,9,1,12,,26,8,1,22,9,121.5543762,25.0419666
111,10,29,10,44,2,10文山區,文山區木柵路1段57-4號,0,0,1,1,C03,7,1,5,50,14,9,1,4,4,5,7,1,1,5,2,5,2,18,1,75,2,9,1,1,7,9,1,10,11,14,,42,42,1,22,9,121.5454918,24.9868004
111,10,29,10,44,2,10文山區,文山區木柵路1段57-4號,0,0,1,2,,7,1,5,50,14,9,1,4,4,5,7,1,1,5,2,5,2,18,3,,,,,,,,,,,,,67,42,1,,,121.5454918,24.9868004
111,10,29,10,59,2,04大安區,大安區延吉街與光復南路290巷口,0,0,1,1,B02,6,1,5,50,4,1,1,4,4,5,7,2,1,8,4,5,2,16,1,48,3,10,1,1,7,6,1,8,2,2,,9,9,1,22,9,121.5550803,25.03938188
111,10,29,10,59,2,04大安區,大安區延吉街與光復南路290巷口,0,0,1,2,C03,6,1,5,50,4,1,1,4,4,5,7,2,1,8,4,5,2,16,2,20,2,9,1,1,7,9,1,10,2,14,,44,9,1,22,9,121.5550803,25.03938188
111,10,29,11,3,2,09北投區,北投區北投路1段與中央南路1段口,0,0,1,1,B03,7,1,5,50,4,1,1,5,4,5,7,2,1,9,4,4,1,11,1,30,3,10,1,1,7,5,3,18,1,8,,8,8,1,22,9,121.5004318,25.12770355
111,10,29,11,3,2,09北投區,北投區北投路1段與中央南路1段口,0,0,1,2,C03,7,1,5,50,4,1,1,5,4,5,7,2,1,9,4,4,1,11,1,42,2,9,1,1,7,9,1,10,1,11,,44,8,1,22,9,121.5004318,25.12770355
111,10,29,11,4,2,09北投區,北投區中央南路1段與北投路1段口,0,0,1,1,C03,7,1,5,50,14,7,1,5,4,5,7,4,4,5,4,4,2,13,2,61,2,9,1,1,7,9,1,10,1,11,,23,23,1,22,9,121.5004488,25.1275994
111,10,29,11,4,2,09北投區,北投區中央南路1段與北投路1段口,0,0,1,2,B01,7,1,5,50,14,7,1,5,4,5,7,4,4,5,4,4,2,13,1,59,3,10,1,1,7,14,1,4,1,6,,44,23,1,22,9,121.5004488,25.1275994
111,10,29,11,5,2,05中正區,中正區衡陽路與桃源街口,0,0,1,1,C03,6,1,5,50,3,2,1,4,4,5,7,4,4,10,4,5,2,17,1,82,2,9,1,1,7,5,1,10,2,12,,8,8,1,22,9,121.5105039,25.04222218
111,10,29,11,5,2,05中正區,中正區衡陽路與桃源街口,0,0,1,2,B01,6,1,5,50,3,2,1,4,4,5,7,4,4,10,4,5,2,17,1,64,3,10,1,1,7,9,1,4,2,4,,44,8,1,22,9,121.5105039,25.04222218
111,10,29,11,17,2,05中正區,中正區中華路1段與中華路1段9巷口,0,0,1,1,C03,6,1,5,50,4,2,1,4,4,5,7,1,1,1,3,5,1,12,1,61,3,10,1,1,7,9,1,10,2,12,,44,44,1,22,9,121.5097702,25.046774
111,10,29,11,17,2,05中正區,中正區中華路1段與中華路1段9巷口,0,0,1,2,C04,6,1,5,50,4,2,1,4,4,5,7,1,1,1,3,5,1,12,2,24,2,9,1,1,7,10,1,10,2,14,,7,44,1,22,9,121.5097702,25.046774
111,10,29,11,50,2,10文山區,文山區木柵路3段102巷與保儀路74巷口,0,0,1,1,B12,6,1,5,30,3,1,1,4,4,5,7,4,4,10,5,5,2,9,1,45,3,10,1,1,7,5,1,2,1,1,,15,23,1,22,9,121.5678007,24.9874339
111,10,29,11,50,2,10文山區,文山區木柵路3段102巷與保儀路74巷口,0,0,1,2,H01,6,1,5,30,3,1,1,4,4,5,7,4,4,10,5,5,2,9,2,83,2,4,4,5,8,16,8,20,10,16,,67,23,1,22,9,121.5678007,24.9874339
111,10,29,12,40,2,12內湖區,內湖區金湖路與康寧路1段口,0,0,1,1,C03,6,1,5,50,3,1,1,4,4,5,7,1,1,1,5,5,2,16,2,20,2,9,1,1,7,5,1,10,2,12,,8,8,1,22,9,121.5995245,25.07901421
111,10,29,12,40,2,12內湖區,內湖區金湖路與康寧路1段口,0,0,1,2,B03,6,1,5,50,3,1,1,4,4,5,7,1,1,1,5,5,2,16,1,52,3,10,1,1,7,9,1,8,2,1,,44,8,1,22,9,121.5995245,25.07901421
111,10,29,13,29,2,07信義區,信義區松高路與逸仙路口,0,0,1,1,B01,6,1,5,50,3,1,1,4,4,5,7,2,1,10,5,5,2,17,1,54,3,10,1,1,7,6,1,4,1,2,,9,9,1,22,9,121.5615892,25.0391165
111,10,29,13,29,2,07信義區,信義區松高路與逸仙路口,0,0,1,2,C03,6,1,5,50,3,1,1,4,4,5,7,2,1,10,5,5,2,17,2,27,2,9,1,1,7,9,1,10,1,14,,44,9,1,22,9,121.5615892,25.0391165
111,10,29,13,40,2,06松山區,松山區復興南路1段與市民大道4段口,0,0,2,1,B01,6,1,5,50,4,1,1,4,4,5,7,2,1,9,4,5,2,15,1,64,3,10,1,1,7,9,1,4,2,5,,25,25,1,22,9,121.5439284,25.04497558
111,10,29,13,40,2,06松山區,松山區復興南路1段與市民大道4段口,0,0,2,2,C03,6,1,5,50,4,1,1,4,4,5,7,2,1,9,4,5,2,15,1,38,2,9,1,1,7,9,1,10,2,14,,44,25,1,22,9,121.5439284,25.04497558
111,10,29,13,40,2,06松山區,松山區復興南路1段與市民大道4段口,0,0,2,3,C03,6,1,5,50,4,1,1,4,4,5,7,2,1,9,4,5,2,15,1,57,2,9,1,1,7,9,1,10,2,14,,44,25,1,22,9,121.5439284,25.04497558
111,10,29,13,40,2,08士林區,士林區重慶北路4段與葫東街口,0,0,1,1,B03,6,1,5,50,3,1,1,4,4,5,7,2,1,1,4,5,1,3,2,66,3,10,1,1,7,5,1,8,1,1,,15,15,1,22,9,121.5120345,25.08392316
111,10,29,13,40,2,08士林區,士林區重慶北路4段與葫東街口,0,0,1,2,H01,6,1,5,50,3,1,1,4,4,5,7,2,1,1,4,5,1,3,2,83,2,9,4,5,8,16,8,20,10,16,,67,15,1,22,9,121.5120345,25.08392316
111,10,29,14,0,2,12內湖區,內湖區民權東路6段46巷口附近,0,0,1,1,B01,8,1,5,50,14,8,1,5,4,5,7,4,4,1,4,4,2,13,1,60,3,10,1,1,7,8,1,4,1,6,,7,7,1,22,9,121.5822291,25.0680333
111,10,29,14,0,2,12內湖區,內湖區民權東路6段46巷口附近,0,0,1,2,C03,8,1,5,50,14,8,1,5,4,5,7,4,4,1,4,4,2,13,1,20,2,9,1,1,7,9,1,10,1,11,,44,7,1,22,9,121.5822291,25.0680333
111,10,29,14,17,2,01大同區,大同區長安西路與太原路口,0,0,1,1,C03,7,1,5,50,4,1,1,5,4,5,7,1,1,5,2,5,2,12,1,28,2,9,1,1,7,9,1,10,1,12,,23,23,1,22,9,121.5153929,25.05119541
111,10,29,14,17,2,01大同區,大同區長安西路與太原路口,0,0,1,2,B02,7,1,5,50,4,1,1,5,4,5,7,1,1,5,2,5,2,12,1,23,3,10,1,1,7,6,1,8,1,7,,44,23,1,22,9,121.5153929,25.05119541
111,10,29,14,40,2,05中正區,中正區南昌路1段與寧波西街口,0,0,1,1,C03,6,1,5,50,4,1,1,4,4,5,7,1,1,10,2,5,2,17,4,,4,11,3,4,7,15,7,19,11,15,,43,43,2,22,9,121.5175649,25.0307543
111,10,29,14,40,2,05中正區,中正區南昌路1段與寧波西街口,0,0,1,2,C03,6,1,5,50,4,1,1,4,4,5,7,1,1,10,2,5,2,17,2,21,2,9,1,1,7,9,1,10,2,14,,44,43,1,22,9,121.5175649,25.0307543
111,10,29,15,1,2,04大安區,大安區新生南路3段56巷與新生南路3段口,0,0,1,1,B03,6,1,5,30,3,2,1,4,4,5,7,4,4,10,5,5,2,9,1,64,3,10,1,1,7,3,1,8,1,4,,18,18,1,22,9,121.5337443,25.0203513
111,10,29,15,1,2,04大安區,大安區新生南路3段56巷與新生南路3段口,0,0,1,2,H02,6,1,5,30,3,2,1,4,4,5,7,4,4,10,5,5,2,9,2,86,2,9,4,5,7,20,8,20,10,16,,67,18,1,22,9,121.5337443,25.0203513
111,10,29,15,1,2,04大安區,大安區新生南路3段56巷與新生南路3段口,0,0,1,3,,6,1,5,30,3,2,1,4,4,5,7,4,4,10,5,5,2,9,3,,,,,,,,,,,,,67,18,1,,,121.5337443,25.0203513
111,10,29,15,44,2,02萬華區,萬華區中興橋機車道下橋處,0,0,1,1,C03,7,1,7,30,15,11,1,5,4,5,7,4,4,10,5,5,1,13,2,19,2,9,1,4,7,9,1,10,1,11,,16,23,1,22,9,121.5003815,25.04251628
111,10,29,15,44,2,02萬華區,萬華區中興橋機車道下橋處,0,0,1,2,C03,7,1,7,30,15,11,1,5,4,5,7,4,4,10,5,5,1,13,1,25,3,10,1,4,7,14,1,10,1,13,,44,23,1,22,9,121.5003815,25.04251628
111,10,29,16,35,2,08士林區,士林區至誠路1段287號,0,0,1,1,C03,7,1,5,40,14,9,1,5,4,5,7,4,4,9,5,5,2,17,1,29,2,7,1,1,7,9,1,10,1,11,,23,23,1,22,9,121.5372188,25.1010597
111,10,29,16,35,2,08士林區,士林區至誠路1段287號,0,0,1,2,B03,7,1,5,40,14,9,1,5,4,5,7,4,4,9,5,5,2,17,1,62,3,10,1,1,7,14,1,8,1,7,,38,23,1,22,9,121.5372188,25.1010597
111,10,29,16,35,2,12內湖區,內湖區文德路與內湖路2段口,0,0,1,1,B03,7,1,5,50,4,1,1,5,4,5,7,1,1,1,5,5,2,17,1,70,3,10,1,1,7,5,1,8,1,7,,8,8,1,22,9,121.5795478,25.07849912
111,10,29,16,35,2,12內湖區,內湖區文德路與內湖路2段口,0,0,1,2,C03,7,1,5,50,4,1,1,5,4,5,7,1,1,1,5,5,2,17,1,21,2,7,1,1,7,9,1,10,1,11,,13,8,1,22,9,121.5795478,25.07849912
111,10,29,16,39,2,08士林區,士林區忠誠路2段21巷與德行東路229巷口,0,0,3,1,C03,7,1,5,30,4,2,1,5,4,5,7,4,4,10,5,5,2,17,1,75,2,9,1,1,7,9,1,10,2,12,,26,26,1,22,9,121.5330366,25.10995458
111,10,29,16,39,2,08士林區,士林區忠誠路2段21巷與德行東路229巷口,0,0,3,2,C03,7,1,5,30,4,2,1,5,4,5,7,4,4,10,5,5,2,17,1,19,2,9,1,1,7,9,1,10,2,11,,23,26,1,22,9,121.5330366,25.10995458
111,10,29,16,39,2,08士林區,士林區忠誠路2段21巷與德行東路229巷口,0,0,3,3,H02,7,1,5,30,4,2,1,5,4,5,7,4,4,10,5,5,2,17,1,16,2,9,1,5,7,17,8,20,10,15,,67,26,1,22,9,121.5330366,25.10995458
111,10,29,16,50,2,03中山區,中山區市民大道2段與林森北路口,0,0,2,1,B03,6,1,5,40,4,1,1,4,4,5,7,2,1,1,4,5,2,12,1,26,3,10,3,4,7,6,1,8,1,2,,9,9,1,22,9,121.5242962,25.04790698
111,10,29,16,50,2,03中山區,中山區市民大道2段與林森北路口,0,0,2,2,C03,6,1,5,40,4,1,1,4,4,5,7,2,1,1,4,5,2,12,2,25,2,9,3,4,7,9,1,10,1,14,,44,9,1,22,9,121.5242962,25.04790698
111,10,29,16,50,2,03中山區,中山區市民大道2段與林森北路口,0,0,2,3,H02,6,1,5,40,4,1,1,4,4,5,7,2,1,1,4,5,2,12,2,30,2,9,4,5,7,17,8,20,10,16,,67,9,1,22,9,121.5242962,25.04790698
111,10,29,17,0,2,11南港區,南港區成美橋與南港路3段290巷口,0,0,1,1,B03,6,1,5,50,3,1,1,4,4,5,7,1,1,8,3,5,1,16,1,26,3,10,1,1,7,6,1,8,1,2,,9,9,1,22,9,121.5823278,25.0518815
111,10,29,17,0,2,11南港區,南港區成美橋與南港路3段290巷口,0,0,1,2,C03,6,1,5,50,3,1,1,4,4,5,7,1,1,8,3,5,1,16,1,21,2,9,1,1,7,9,1,10,1,11,,6,9,1,22,9,121.5823278,25.0518815
111,10,29,17,17,2,03中山區,中山區吉林路與松江路90巷口,0,0,1,1,B12,6,3,5,50,4,1,1,4,4,5,7,2,1,9,5,5,2,3,1,55,3,10,3,4,7,5,1,8,2,1,,15,15,1,22,9,121.5300362,25.05050443
111,10,29,17,17,2,03中山區,中山區吉林路與松江路90巷口,0,0,1,2,H01,6,3,5,50,4,1,1,4,4,5,7,2,1,9,5,5,2,3,2,61,2,9,4,5,8,16,8,20,10,16,,67,15,1,22,9,121.5300362,25.05050443
111,10,29,17,22,2,07信義區,信義區信安街188號,0,0,3,1,C03,6,3,5,50,14,9,1,4,4,5,7,4,4,9,5,5,1,3,1,51,2,8,1,1,7,9,1,10,1,11,,23,23,1,22,9,121.5552286,25.0231041
111,10,29,17,22,2,07信義區,信義區信安街188號,0,0,3,2,H01,6,3,5,50,14,9,1,4,4,5,7,4,4,9,5,5,1,3,1,68,2,9,4,5,8,16,8,20,10,16,,51,23,1,22,9,121.5552286,25.0231041
111,10,29,17,22,2,07信義區,信義區信安街188號,0,0,3,3,H02,6,3,5,50,14,9,1,4,4,5,7,4,4,9,5,5,1,3,2,50,2,8,1,5,7,21,8,20,10,16,,67,23,1,22,9,121.5552286,25.0231041
111,10,29,17,29,2,03中山區,中山區堤頂大道2段與樂群三路口,0,0,1,1,B03,6,3,5,50,3,2,1,4,4,5,7,4,4,1,3,5,2,17,1,48,3,10,3,4,7,6,1,8,2,7,,6,6,1,22,9,121.5614742,25.0828141
111,10,29,17,29,2,03中山區,中山區堤頂大道2段與樂群三路口,0,0,1,2,C03,6,3,5,50,3,2,1,4,4,5,7,4,4,1,3,5,2,17,1,22,2,9,3,4,7,9,1,10,2,11,,23,6,1,22,9,121.5614742,25.0828141
111,10,29,17,35,2,07信義區,信義區信義快速道路往北,0,0,1,1,B03,6,3,5,70,14,9,1,4,4,5,7,4,4,9,4,5,2,13,1,27,3,10,1,1,7,9,1,8,2,1,,16,16,1,22,9,121.5777476,25.02160803
111,10,29,17,35,2,07信義區,信義區信義快速道路往北,0,0,1,2,B03,6,3,5,70,14,9,1,4,4,5,7,4,4,9,4,5,2,13,2,25,3,10,1,1,7,12,1,8,2,3,,44,16,1,22,9,121.5777476,25.02160803
111,10,29,17,35,2,07信義區,信義區信義快速道路往北,0,0,1,3,B03,6,3,5,70,14,9,1,4,4,5,7,4,4,9,4,5,2,13,1,57,3,10,1,1,7,12,1,8,2,3,,44,16,1,22,9,121.5777476,25.02160803
111,10,29,17,35,2,07信義區,信義區信義快速道路往北,0,0,1,4,H02,6,3,5,70,14,9,1,4,4,5,7,4,4,9,4,5,2,13,2,23,2,1,4,5,7,20,8,20,10,16,,67,16,1,22,9,121.5777476,25.02160803
111,10,29,17,36,2,05中正區,中正區中山南路與信義路1段口,0,0,2,1,C03,6,3,5,50,14,9,1,4,4,5,7,4,4,10,5,5,2,13,2,25,2,9,1,1,7,9,1,10,2,11,,23,23,1,22,9,121.5178402,25.03853546
111,10,29,17,36,2,05中正區,中正區中山南路與信義路1段口,0,0,2,2,C03,6,3,5,50,14,9,1,4,4,5,7,4,4,10,5,5,2,13,2,29,3,10,1,1,7,14,1,10,2,13,,44,23,1,22,9,121.5178402,25.03853546
111,10,29,17,36,2,05中正區,中正區中山南路與信義路1段口,0,0,2,3,F01,6,3,5,50,14,9,1,4,4,5,7,4,4,10,5,5,2,13,1,25,3,10,1,1,7,11,8,20,2,16,,11,23,1,22,9,121.5178402,25.03853546
111,10,29,17,36,2,05中正區,中正區中山南路與信義路1段口,0,0,2,4,H02,6,3,5,50,14,9,1,4,4,5,7,4,4,10,5,5,2,13,2,24,2,8,1,5,7,21,8,20,10,16,,67,23,1,22,9,121.5178402,25.03853546
111,10,29,17,45,2,03中山區,中山區復興北路與長春路口,0,0,1,1,C03,6,3,5,50,4,1,1,4,4,5,7,2,1,1,1,1,1,12,2,24,3,10,3,4,7,8,1,10,1,12,,7,7,1,22,9,121.5439987,25.05451531
111,10,29,17,45,2,03中山區,中山區復興北路與長春路口,0,0,1,2,C03,6,3,5,50,4,1,1,4,4,5,7,2,1,1,1,1,1,12,1,26,2,9,3,4,7,9,1,10,1,14,,44,7,1,22,9,121.5439987,25.05451531
111,10,29,17,45,2,09北投區,北投區公館路與北投路1段口,0,0,1,1,C03,6,3,5,50,4,1,1,4,4,5,7,2,1,5,4,4,2,12,2,43,2,9,1,1,7,5,1,10,1,14,,8,8,1,22,9,121.5026986,25.12145112
111,10,29,17,45,2,09北投區,北投區公館路與北投路1段口,0,0,1,2,B03,6,3,5,50,4,1,1,4,4,5,7,2,1,5,4,4,2,12,1,43,3,10,1,1,7,9,1,8,1,5,,23,8,1,22,9,121.5026986,25.12145112
111,10,29,17,50,2,09北投區,北投區中央北路2段與稻香路口,0,0,1,1,B03,7,1,5,50,4,2,1,5,4,5,7,2,1,5,4,5,2,3,1,72,3,10,3,4,7,9,1,8,2,1,,15,15,1,22,9,121.4912713,25.13866754
111,10,29,17,50,2,09北投區,北投區中央北路2段與稻香路口,0,0,1,2,H01,7,1,5,50,4,2,1,5,4,5,7,2,1,5,4,5,2,3,1,26,2,9,4,5,8,16,8,20,10,16,,67,15,1,22,9,121.4912713,25.13866754
111,10,29,18,10,2,08士林區,士林區雙溪街與至誠路2段口,0,0,1,1,B03,7,3,5,30,14,9,1,5,4,5,7,4,4,5,5,5,2,3,1,64,3,10,1,1,7,9,1,8,1,1,,23,23,1,22,9,121.5268024,25.10083431
111,10,29,18,10,2,08士林區,士林區雙溪街與至誠路2段口,0,0,1,2,H01,7,3,5,30,14,9,1,5,4,5,7,4,4,5,5,5,2,3,2,63,2,9,4,5,8,16,8,20,10,16,,51,23,1,22,9,121.5268024,25.10083431
111,10,29,18,19,2,02萬華區,萬華區貴陽街2段117號,0,0,1,3,C03,6,3,5,50,14,9,1,4,4,5,7,4,4,10,4,5,2,17,1,38,3,10,3,4,7,13,1,10,9,13,,44,7,2,22,9,121.5022221,25.0401416
111,10,29,18,19,2,02萬華區,萬華區貴陽街2段117號,0,0,1,1,C03,6,3,5,50,14,9,1,4,4,5,7,4,4,10,4,5,2,17,1,30,3,10,1,4,7,10,1,10,1,15,,7,7,1,22,9,121.5022221,25.0401416
111,10,29,18,19,2,02萬華區,萬華區貴陽街2段117號,0,0,1,2,C03,6,3,5,50,14,9,1,4,4,5,7,4,4,10,4,5,2,17,1,22,2,9,1,4,7,9,1,10,1,14,,44,7,1,22,9,121.5022221,25.0401416
111,10,29,18,45,2,11南港區,南港區南港路3段268號與南港路3段口無名路口,0,0,2,1,C02,6,3,5,50,3,1,1,4,4,5,7,4,4,5,4,5,2,17,1,22,2,9,1,1,7,11,1,9,2,11,,23,23,1,22,9,121.583803,25.05211456
111,10,29,18,45,2,11南港區,南港區南港路3段268號與南港路3段口無名路口,0,0,2,2,C03,6,3,5,50,3,1,1,4,4,5,7,4,4,5,4,5,2,17,2,38,2,9,1,1,7,1,1,10,2,13,,19,23,1,22,9,121.583803,25.05211456
111,10,29,18,45,2,11南港區,南港區南港路3段268號與南港路3段口無名路口,0,0,2,3,B12,6,3,5,50,3,1,1,4,4,5,7,4,4,5,4,5,2,17,1,69,3,10,1,1,7,9,1,8,2,8,,23,23,1,22,9,121.583803,25.05211456
111,10,29,19,2,2,07信義區,信義區基隆路2段107-3號,0,0,1,1,B01,6,3,5,50,14,9,1,4,4,5,7,4,4,1,4,5,2,12,1,61,3,10,1,1,7,8,1,4,1,6,,7,7,1,22,9,121.557438,25.0293046
111,10,29,19,2,2,07信義區,信義區基隆路2段107-3號,0,0,1,2,C03,6,3,5,50,14,9,1,4,4,5,7,4,4,1,4,5,2,12,1,20,2,9,1,1,7,9,1,10,1,14,,23,7,1,22,9,121.557438,25.0293046
111,10,29,19,20,2,07信義區,信義區吳興街487號與吳興街口,0,0,1,1,B01,6,1,5,50,4,1,1,4,4,5,7,3,1,9,5,5,2,15,1,69,3,10,1,1,7,9,1,4,1,1,,6,,1,22,9,121.5698382,25.0234305
111,10,29,19,20,2,07信義區,信義區吳興街487號與吳興街口,0,0,1,2,C03,6,1,5,50,4,1,1,4,4,5,7,3,1,9,5,5,2,15,2,31,2,9,1,1,7,9,1,10,1,14,,44,,1,22,9,121.5698382,25.0234305
111,10,29,20,0,2,05中正區,中正區和平西路1段與南昌路2段口,0,0,1,1,C03,6,3,5,50,4,1,1,4,4,5,7,1,1,5,5,5,2,12,2,23,2,9,1,1,7,5,1,10,1,14,,8,8,1,22,9,121.5209604,25.0269062
111,10,29,20,0,2,05中正區,中正區和平西路1段與南昌路2段口,0,0,1,2,B03,6,3,5,50,4,1,1,4,4,5,7,1,1,5,5,5,2,12,1,54,3,10,1,1,7,9,1,8,1,2,,44,8,1,22,9,121.5209604,25.0269062