發生年度,發生月,發生日,發生時-Hours,發生分,處理別-編號,區序,肇事地點,死亡人數,2-30日死亡人數,受傷人數,當事人序號,車種,天候,光線,道路類別,速限-速度限制,道路型態,事故位置,路面狀況1,路面狀況2,路面狀況3,道路障礙1,道路障礙2,號誌1,號誌2,車道劃分-分向,車道劃分-分道1,車道劃分-分道2,車道劃分-分道3,事故類型及型態,性別,年齡,受傷程度,主要傷處,安全帽,行動電話,車輛用途,當事者行動狀態,駕駛資格情形,駕駛執照種類,飲酒情形,車輛撞擊部位1,車輛撞擊部位2,肇因碼-個別,肇因碼-主要,個人肇逃否,職業,旅次目的,座標-X,座標-Y
111,10,29,20,0,2,05中正區,中正區和平西路1段與南昌路2段口,0,0,1,3,H02,6,3,5,50,4,1,1,4,4,5,7,1,1,5,5,5,2,12,1,18,4,11,4,5,7,20,8,20,10,16,,67,8,1,22,9,121.5209604,25.0269062
111,10,29,20,5,2,05中正區,中正區羅斯福路4段與羅斯福路4段90巷口,0,0,1,1,B01,6,3,5,50,3,2,1,4,4,5,7,2,1,2,4,5,2,12,1,64,3,10,1,1,7,10,1,4,1,2,,7,7,1,22,9,121.5349342,25.01401717
111,10,29,20,5,2,05中正區,中正區羅斯福路4段與羅斯福路4段90巷口,0,0,1,2,C03,6,3,5,50,3,2,1,4,4,5,7,2,1,2,4,5,2,12,1,28,2,9,1,1,7,9,1,9,1,14,,44,7,1,22,9,121.5349342,25.01401717
111,10,29,20,10,2,12內湖區,內湖區新明路與新明路246巷口,0,0,1,1,B03,6,3,5,30,4,1,1,4,4,5,7,2,1,10,5,5,2,3,1,49,3,10,1,1,7,6,1,8,2,2,,15,15,1,22,9,121.5836998,25.05666716
111,10,29,20,10,2,12內湖區,內湖區新明路與新明路246巷口,0,0,1,2,H01,6,3,5,30,4,1,1,4,4,5,7,2,1,10,5,5,2,3,2,67,2,9,4,5,8,16,8,20,10,16,,67,15,1,22,9,121.5836998,25.05666716
111,10,29,20,20,2,05中正區,中正區臨沂街與臨沂街19巷口,0,0,1,1,C03,6,3,5,30,4,1,1,4,4,5,7,4,4,10,5,5,2,15,1,24,2,8,1,1,7,9,1,10,2,11,,6,6,1,22,9,121.5304782,25.0419954
111,10,29,20,20,2,05中正區,中正區臨沂街與臨沂街19巷口,0,0,1,2,B03,6,3,5,30,4,1,1,4,4,5,7,4,4,10,5,5,2,15,1,46,3,10,1,1,7,9,1,6,2,4,,44,6,1,22,9,121.5304782,25.0419954
111,10,29,20,23,2,07信義區,信義區忠孝東路5段與松仁路口,0,0,1,1,B01,6,3,5,50,4,1,1,4,4,5,7,1,1,1,4,5,2,16,1,52,3,10,1,1,7,9,1,4,2,5,,23,23,1,22,9,121.5684073,25.0408823
111,10,29,20,23,2,07信義區,信義區忠孝東路5段與松仁路口,0,0,1,2,C03,6,3,5,50,4,1,1,4,4,5,7,1,1,1,4,5,2,16,2,43,2,9,1,1,7,9,1,10,2,14,,44,23,1,22,9,121.5684073,25.0408823
111,10,29,20,43,2,04大安區,大安區復興南路2段與復興南路2段148巷口,0,0,2,1,B03,6,3,5,50,4,1,1,4,4,5,7,1,1,8,5,5,1,17,2,32,3,10,1,1,7,11,1,8,1,15,,10,10,1,22,9,121.5434387,25.0283746
111,10,29,20,43,2,04大安區,大安區復興南路2段與復興南路2段148巷口,0,0,2,2,C03,6,3,5,50,4,1,1,4,4,5,7,1,1,8,5,5,1,17,1,25,2,9,1,1,7,9,1,10,1,12,,44,10,1,22,9,121.5434387,25.0283746
111,10,29,20,43,2,04大安區,大安區復興南路2段與復興南路2段148巷口,0,0,2,3,H02,6,3,5,50,4,1,1,4,4,5,7,1,1,8,5,5,1,17,2,23,2,9,4,5,7,21,8,20,10,16,,67,10,1,22,9,121.5434387,25.0283746
111,10,29,20,44,2,01大同區,大同區民生西路與南京西路25巷口,0,0,1,1,B01,6,3,5,50,4,1,1,4,4,5,7,2,1,5,5,5,2,16,1,62,3,10,1,1,7,5,1,1,2,2,,6,6,1,22,9,121.5205248,25.05756873
111,10,29,20,44,2,01大同區,大同區民生西路與南京西路25巷口,0,0,1,2,C03,6,3,5,50,4,1,1,4,4,5,7,2,1,5,5,5,2,16,1,34,2,9,1,1,7,9,1,10,2,11,,44,6,1,22,9,121.5205248,25.05756873
111,10,29,21,14,2,10文山區,文山區秀明路1段與木柵路4段口,0,0,2,1,C03,7,3,5,50,14,9,1,4,4,5,7,1,1,5,2,5,2,16,2,19,2,8,1,1,7,5,1,10,2,11,12,8,8,1,22,9,121.571079,24.99174179
111,10,29,21,14,2,10文山區,文山區秀明路1段與木柵路4段口,0,0,2,2,C03,7,3,5,50,14,9,1,4,4,5,7,1,1,5,2,5,2,16,1,25,2,8,1,1,7,9,1,10,2,14,,44,8,1,22,9,121.571079,24.99174179
111,10,29,21,18,2,12內湖區,內湖區民權東路6段296巷57號,0,0,1,1,C03,6,3,5,30,4,1,1,4,4,5,7,4,4,9,5,5,2,9,1,26,3,10,1,1,7,9,1,10,2,12,,23,23,1,22,9,121.6074855,25.07132122
111,10,29,21,18,2,12內湖區,內湖區民權東路6段296巷57號,0,0,1,2,H01,6,3,5,30,4,1,1,4,4,5,7,4,4,9,5,5,2,9,1,65,2,9,4,5,8,16,8,20,10,16,,67,23,1,22,9,121.6074855,25.07132122
111,10,29,21,40,2,05中正區,中正區重慶南路2段與南海路口,0,0,1,1,C03,6,3,5,50,4,1,1,4,4,5,7,1,1,10,4,5,2,12,1,28,3,10,1,1,7,5,1,10,1,14,,8,8,1,22,9,121.5143776,25.031884
111,10,29,21,40,2,05中正區,中正區重慶南路2段與南海路口,0,0,1,2,C03,6,3,5,50,4,1,1,4,4,5,7,1,1,10,4,5,2,12,1,22,2,9,1,1,7,9,1,10,1,12,,44,8,1,22,9,121.5143776,25.031884
111,10,29,22,3,2,09北投區,北投區稻香路127號與稻香路125巷口,0,0,1,1,C03,6,3,5,50,3,1,1,4,4,5,7,4,4,9,5,5,2,13,1,21,2,8,1,1,7,9,1,10,1,11,,16,16,1,18,9,121.4901163,25.1415379
111,10,29,22,3,2,09北投區,北投區稻香路127號與稻香路125巷口,0,0,1,2,B03,6,3,5,50,3,1,1,4,4,5,7,4,4,9,5,5,2,13,1,21,3,10,1,1,7,15,1,8,1,3,,44,16,1,22,9,121.4901163,25.1415379
111,10,29,22,25,2,05中正區,中正區濟南路2段與臨沂街口,0,0,1,1,B03,6,3,5,30,4,1,1,4,4,5,7,4,4,10,5,5,2,17,1,28,3,10,1,1,7,5,1,8,2,8,,6,6,1,22,9,121.5301099,25.0406591
111,10,29,22,25,2,05中正區,中正區濟南路2段與臨沂街口,0,0,1,2,C03,6,3,5,30,4,1,1,4,4,5,7,4,4,10,5,5,2,17,1,39,2,8,1,1,7,9,1,9,2,14,,44,6,1,22,9,121.5301099,25.0406591
111,10,29,22,32,2,07信義區,信義區忠孝東路4段與基隆路1段口,0,0,1,1,B01,6,3,5,50,4,1,1,4,4,5,7,1,1,1,4,5,2,3,1,54,3,10,1,1,7,6,1,4,2,2,,15,15,1,22,9,121.5526353,25.0412312
111,10,29,22,32,2,07信義區,信義區忠孝東路4段與基隆路1段口,0,0,1,2,H01,6,3,5,50,4,1,1,4,4,5,7,1,1,1,4,5,2,3,1,35,2,7,4,5,8,16,8,20,10,16,,67,15,1,22,9,121.5526353,25.0412312
111,10,29,22,52,2,07信義區,信義區市民大道5段八德路4段304巷,0,0,1,1,C03,6,3,5,40,4,2,1,4,4,5,7,3,1,1,4,5,2,12,1,24,2,9,1,1,7,7,1,10,2,14,,7,7,1,22,9,121.5681845,25.04879366
111,10,29,22,52,2,07信義區,信義區市民大道5段八德路4段304巷,0,0,1,2,B03,6,3,5,40,4,2,1,4,4,5,7,3,1,1,4,5,2,12,1,40,3,10,1,1,7,9,1,8,2,2,,13,7,1,22,9,121.5681845,25.04879366
111,10,29,23,1,2,02萬華區,萬華區中興橋機車道,0,0,1,2,,6,3,5,30,8,11,1,4,4,5,1,4,4,9,5,5,2,18,3,,,,,,,,,,,,,67,13,1,,,121.5001483,25.0441092
111,10,29,23,1,2,02萬華區,萬華區中興橋機車道,0,0,1,1,C03,6,3,5,30,8,11,1,4,4,5,1,4,4,9,5,5,2,18,1,22,2,9,1,1,7,9,1,10,1,15,,13,13,1,22,9,121.5001483,25.0441092
111,10,29,23,11,2,12內湖區,內湖區成功交流道圓環,0,0,3,1,B03,6,3,5,50,4,1,1,4,4,5,7,2,1,1,4,5,2,17,1,31,2,2,1,1,7,9,1,8,1,8,,25,25,1,22,9,121.5908598,25.06426369
111,10,29,23,11,2,12內湖區,內湖區成功交流道圓環,0,0,3,2,B03,6,3,5,50,4,1,1,4,4,5,7,2,1,1,4,5,2,17,1,37,2,7,1,1,7,9,1,8,1,5,,44,25,1,22,9,121.5908598,25.06426369
111,10,29,23,11,2,12內湖區,內湖區成功交流道圓環,0,0,3,3,H02,6,3,5,50,4,1,1,4,4,5,7,2,1,1,4,5,2,17,2,32,2,1,1,1,7,21,8,20,10,16,,67,25,1,22,9,121.5908598,25.06426369
111,10,29,23,23,2,07信義區,信義區忠孝東路5段236巷2弄與松仁路口,0,0,6,1,B01,6,3,5,50,3,1,1,4,4,5,7,4,4,1,4,5,2,9,1,43,3,10,1,1,7,5,1,4,2,2,,8,8,1,22,9,121.5685932,25.04044752
111,10,29,23,23,2,07信義區,信義區忠孝東路5段236巷2弄與松仁路口,0,0,6,2,H02,6,3,5,50,3,1,1,4,4,5,7,4,4,1,4,5,2,9,2,34,2,7,2,5,7,20,8,20,10,16,,67,8,1,22,9,121.5685932,25.04044752
111,10,29,23,23,2,07信義區,信義區忠孝東路5段236巷2弄與松仁路口,0,0,6,3,H02,6,3,5,50,3,1,1,4,4,5,7,4,4,1,4,5,2,9,2,31,2,9,2,5,7,20,8,20,10,16,,67,8,1,22,9,121.5685932,25.04044752
111,10,29,23,23,2,07信義區,信義區忠孝東路5段236巷2弄與松仁路口,0,0,6,4,H02,6,3,5,50,3,1,1,4,4,5,7,4,4,1,4,5,2,9,2,33,2,9,2,5,7,20,8,20,10,16,,67,8,1,22,9,121.5685932,25.04044752
111,10,29,23,23,2,07信義區,信義區忠孝東路5段236巷2弄與松仁路口,0,0,6,5,B01,6,3,5,50,3,1,1,4,4,5,7,4,4,1,4,5,2,9,1,32,2,8,1,1,7,9,1,4,2,1,,44,8,1,22,9,121.5685932,25.04044752
111,10,29,23,23,2,07信義區,信義區忠孝東路5段236巷2弄與松仁路口,0,0,6,6,H02,6,3,5,50,3,1,1,4,4,5,7,4,4,1,4,5,2,9,2,36,2,9,2,5,7,20,8,20,10,16,,67,8,1,22,9,121.5685932,25.04044752
111,10,29,23,23,2,07信義區,信義區忠孝東路5段236巷2弄與松仁路口,0,0,6,7,H02,6,3,5,50,3,1,1,4,4,5,7,4,4,1,4,5,2,9,2,44,2,9,2,5,7,20,8,20,10,16,,67,8,1,22,9,121.5685932,25.04044752
111,10,30,0,44,2,04大安區,大安區信義路4段與復興南路2段口,0,0,1,1,C03,6,3,5,50,4,1,1,4,4,5,7,1,1,8,3,5,2,13,2,23,2,9,1,1,7,15,1,10,2,13,,26,26,1,22,9,121.5435541,25.0334966
111,10,30,0,44,2,04大安區,大安區信義路4段與復興南路2段口,0,0,1,2,B01,6,3,5,50,4,1,1,4,4,5,7,1,1,8,3,5,2,13,1,61,3,10,1,1,7,9,1,4,2,1,,23,26,1,22,9,121.5435541,25.0334966
111,10,30,2,20,2,08士林區,士林區仰德大道1段上山方向 006號燈桿,0,0,1,1,C03,6,3,5,40,11,9,1,4,4,5,7,4,4,4,5,5,1,18,1,26,2,9,1,4,7,15,1,10,5,12,,21,21,1,22,9,121.5368106,25.10424094
111,10,30,2,20,2,08士林區,士林區仰德大道1段上山方向 006號燈桿,0,0,1,2,,6,3,5,40,11,9,1,4,4,5,7,4,4,4,5,5,1,18,3,,,,,,,,,,,,,67,21,1,,,121.5368106,25.10424094
111,10,30,2,24,2,03中山區,中山區北安路47號,0,0,1,1,C03,6,3,5,50,14,9,1,4,4,5,7,4,4,1,4,5,2,28,1,28,2,8,1,1,7,9,1,10,1,11,,23,23,1,22,9,121.5281495,25.077434
111,10,30,2,24,2,03中山區,中山區北安路47號,0,0,1,2,,6,3,5,50,14,9,1,4,4,5,7,4,4,1,4,5,2,28,3,,,,,,,,,,10,,,67,23,1,,,121.5281495,25.077434
111,10,30,4,56,2,11南港區,南港區忠孝東路7段與中南街口,0,0,1,1,C03,6,3,5,50,4,1,1,4,4,5,7,1,1,1,4,5,2,15,1,52,3,10,1,1,7,9,1,10,2,11,,43,43,1,22,9,121.6152442,25.05312269
111,10,30,4,56,2,11南港區,南港區忠孝東路7段與中南街口,0,0,1,2,C03,6,3,5,50,4,1,1,4,4,5,7,1,1,1,4,5,2,15,1,42,2,9,1,1,7,9,1,10,2,14,,43,43,1,22,9,121.6152442,25.05312269
111,10,30,5,9,2,09北投區,北投區中和街與大業路口,0,0,1,1,B03,6,3,5,50,4,1,1,4,4,5,7,4,4,5,5,5,2,16,1,41,3,10,1,1,7,6,1,8,1,5,,6,6,1,22,9,121.5030456,25.1377427
111,10,30,5,9,2,09北投區,北投區中和街與大業路口,0,0,1,2,C03,6,3,5,50,4,1,1,4,4,5,7,4,4,5,5,5,2,16,1,35,2,9,1,1,7,4,1,10,1,14,,1,6,1,22,9,121.5030456,25.1377427
111,10,30,6,7,2,08士林區,士林區劍潭路與後港街口,0,0,1,1,C03,6,2,5,30,4,2,1,4,4,5,7,4,4,1,4,5,2,3,1,30,3,10,1,1,7,9,1,10,1,12,,23,23,1,22,9,121.5229016,25.08383691
111,10,30,6,7,2,08士林區,士林區劍潭路與後港街口,0,0,1,2,H01,6,2,5,30,4,2,1,4,4,5,7,4,4,1,4,5,2,3,2,46,2,9,4,5,8,16,8,20,1,16,,51,23,1,22,9,121.5229016,25.08383691
111,10,30,6,35,2,03中山區,中山區松江路與長春路口,0,0,1,1,B01,6,1,5,40,4,2,1,4,4,5,7,2,1,5,4,4,2,9,1,53,3,10,1,1,7,15,1,4,1,15,,42,42,1,22,9,121.5327973,25.05482515
111,10,30,6,35,2,03中山區,中山區松江路與長春路口,0,0,1,2,H01,6,1,5,40,4,2,1,4,4,5,7,2,1,5,4,4,2,9,2,24,2,8,4,5,8,20,8,20,10,16,,67,42,1,22,9,121.5327973,25.05482515
111,10,30,7,13,2,03中山區,中山區新生北路3段與民權東路1段口,0,0,2,1,C03,6,1,5,50,4,1,1,4,4,5,7,2,1,1,3,5,2,17,2,29,2,9,3,4,7,9,1,10,1,12,,42,44,1,22,9,121.527573,25.062774
111,10,30,7,13,2,03中山區,中山區新生北路3段與民權東路1段口,0,0,2,2,C03,6,1,5,50,4,1,1,4,4,5,7,2,1,1,3,5,2,17,1,34,3,10,3,4,7,14,1,10,1,13,,38,44,1,22,9,121.527573,25.062774
111,10,30,7,13,2,03中山區,中山區新生北路3段與民權東路1段口,0,0,2,3,C03,6,1,5,50,4,1,1,4,4,5,7,2,1,1,3,5,2,17,1,39,2,9,3,4,7,9,4,8,1,11,,23,44,1,22,9,121.527573,25.062774
111,10,30,7,51,2,09北投區,北投區行義路行義橋,0,0,1,1,C03,6,1,5,40,14,9,1,4,4,5,7,4,4,5,5,5,1,10,1,19,2,9,1,1,7,9,1,10,2,12,,42,42,1,22,9,121.5249217,25.1463507
111,10,30,7,51,2,09北投區,北投區行義路行義橋,0,0,1,2,B01,6,1,5,40,14,9,1,4,4,5,7,4,4,5,5,5,1,10,1,65,3,10,1,1,7,9,1,4,2,1,,44,42,1,22,9,121.5249217,25.1463507
111,10,30,7,54,2,03中山區,中山區民權西路與天祥路口,0,0,1,1,B01,6,1,5,50,4,2,1,4,4,5,7,2,1,3,4,5,2,17,1,59,3,10,1,1,7,6,1,4,11,15,,9,9,2,22,9,121.5207731,25.06272617
111,10,30,7,54,2,03中山區,中山區民權西路與天祥路口,0,0,1,2,C03,6,1,5,50,4,2,1,4,4,5,7,2,1,3,4,5,2,17,1,24,2,9,1,1,7,9,1,10,1,14,,42,9,1,22,9,121.5207731,25.06272617
111,10,30,8,28,2,02萬華區,萬華區艋舺大道與萬大路口,0,0,1,1,B02,6,1,5,50,4,2,1,4,4,5,7,2,1,1,4,5,2,17,1,74,3,10,1,1,7,6,1,8,9,15,,9,9,2,22,9,121.5009979,25.0327672
111,10,30,8,28,2,02萬華區,萬華區艋舺大道與萬大路口,0,0,1,2,C03,6,1,5,50,4,2,1,4,4,5,7,2,1,1,4,5,2,17,2,52,2,9,1,1,7,9,1,10,9,14,,44,9,1,22,9,121.5009979,25.0327672
111,10,30,8,31,2,04大安區,大安區金華街與青田街口,0,0,1,1,B02,7,1,5,30,4,1,1,4,4,5,7,3,1,5,5,5,2,16,1,36,2,1,3,4,7,5,1,8,2,5,,6,6,1,22,9,121.5315527,25.0299947
111,10,30,8,31,2,04大安區,大安區金華街與青田街口,0,0,1,2,B01,7,1,5,30,4,1,1,4,4,5,7,3,1,5,5,5,2,16,1,68,3,10,3,4,7,9,1,4,2,1,,23,6,1,22,9,121.5315527,25.0299947
111,10,30,10,0,2,04大安區,大安區金山南路2段與潮州街口,0,0,2,1,C03,6,1,5,50,4,1,1,4,4,5,7,2,1,1,4,5,2,12,1,47,2,8,1,1,7,6,1,10,1,12,,9,9,1,22,9,121.5262876,25.0288919
111,10,30,10,0,2,04大安區,大安區金山南路2段與潮州街口,0,0,2,2,C03,6,1,5,50,4,1,1,4,4,5,7,2,1,1,4,5,2,12,2,38,2,9,1,1,7,9,1,10,1,14,,23,9,1,22,9,121.5262876,25.0288919
111,10,30,10,46,2,09北投區,北投區立賢路與承德路7段393巷口,0,0,1,1,B03,7,1,5,50,4,2,1,5,4,5,7,2,1,1,5,5,2,17,1,61,3,10,1,1,7,1,1,8,2,1,,19,19,1,22,9,121.4988082,25.11204058
111,10,30,10,46,2,09北投區,北投區立賢路與承德路7段393巷口,0,0,1,2,C03,7,1,5,50,4,2,1,5,4,5,7,2,1,1,5,5,2,17,1,64,2,8,1,1,7,1,1,10,2,14,,42,19,1,22,9,121.4988082,25.11204058
111,10,30,10,50,2,08士林區,士林區天母東路50巷與天母東路50巷10弄口,0,0,2,1,C03,6,1,5,30,4,2,1,4,4,3,7,4,4,10,5,5,1,16,1,27,2,9,1,1,7,5,6,10,1,11,,8,8,1,21,8,121.5334679,25.11749427
111,10,30,10,50,2,08士林區,士林區天母東路50巷與天母東路50巷10弄口,0,0,2,2,C03,6,1,5,30,4,2,1,4,4,3,7,4,4,10,5,5,1,16,1,53,2,9,1,1,7,9,1,10,1,11,,14,8,1,21,8,121.5334679,25.11749427
111,10,30,10,55,2,09北投區,北投區文化三路3號,0,0,3,1,C03,6,1,5,30,14,9,1,4,4,3,5,4,4,9,4,5,2,3,1,25,2,9,3,4,7,9,1,10,2,11,,23,23,1,22,9,121.4970989,25.13724733
111,10,30,10,55,2,09北投區,北投區文化三路3號,0,0,3,2,H01,6,1,5,30,14,9,1,4,4,3,5,4,4,9,4,5,2,3,1,39,2,8,4,5,8,16,8,20,10,16,,53,23,1,22,9,121.4970989,25.13724733
111,10,30,10,55,2,09北投區,北投區文化三路3號,0,0,3,3,H01,6,1,5,30,14,9,1,4,4,3,5,4,4,9,4,5,2,3,2,38,2,8,4,5,8,16,8,20,10,16,,53,23,1,22,9,121.4970989,25.13724733
111,10,30,11,1,2,01大同區,大同區延平北路2段與民權西路口,0,0,2,1,C03,6,1,5,40,4,1,1,4,4,5,7,2,1,1,4,5,1,12,2,20,2,7,1,4,7,9,1,10,2,12,,17,17,1,22,9,121.5112205,25.0627882
111,10,30,11,1,2,01大同區,大同區延平北路2段與民權西路口,0,0,2,2,C03,6,1,5,40,4,1,1,4,4,5,7,2,1,1,4,5,1,12,2,68,2,9,1,4,7,5,1,10,2,14,,17,17,1,22,9,121.5112205,25.0627882
111,10,30,11,19,2,09北投區,北投區行義路與行義路154巷口,0,0,2,1,H01,6,1,5,50,3,2,1,4,4,5,7,1,1,9,4,5,1,3,2,38,2,9,4,5,8,16,8,20,1,16,,51,51,1,22,9,121.528062,25.13057809
111,10,30,11,19,2,09北投區,北投區行義路與行義路154巷口,0,0,2,2,C03,6,1,5,50,3,2,1,4,4,5,7,1,1,9,4,5,1,3,1,81,2,9,1,1,7,9,1,10,1,11,,23,51,1,22,9,121.528062,25.13057809
111,10,30,11,22,2,01大同區,大同區華陰街與承德路1段口,0,0,1,1,C03,6,1,8,50,15,22,1,4,4,5,7,2,1,9,5,5,2,13,1,22,2,8,1,1,7,9,1,10,1,11,,16,16,1,22,9,121.5167031,25.05004485
111,10,30,11,22,2,01大同區,大同區華陰街與承德路1段口,0,0,1,2,B03,6,1,8,50,15,22,1,4,4,5,7,2,1,9,5,5,2,13,1,43,3,10,1,1,7,15,1,8,1,7,,44,16,1,22,9,121.5167031,25.05004485
111,10,30,11,45,2,11南港區,南港區研究院路2段20號,0,0,1,1,C03,6,1,5,50,14,9,1,4,4,5,7,4,4,1,3,5,2,13,1,19,2,8,1,4,7,9,1,10,1,11,,16,16,1,22,9,121.6154965,25.04734905
111,10,30,11,45,2,11南港區,南港區研究院路2段20號,0,0,1,2,B03,6,1,5,50,14,9,1,4,4,5,7,4,4,1,3,5,2,13,1,38,3,10,3,4,7,9,1,8,1,3,,44,16,1,22,9,121.6154965,25.04734905
111,10,30,11,49,2,03中山區,中山區農安街2-3號,0,0,2,2,C03,6,1,5,50,14,9,1,4,4,5,7,4,4,8,3,5,1,17,1,21,2,9,1,1,7,9,1,10,1,14,,23,7,1,22,9,121.5228876,25.0649127
111,10,30,11,49,2,03中山區,中山區農安街2-3號,0,0,2,3,H02,6,1,5,50,14,9,1,4,4,5,7,4,4,8,3,5,1,17,2,27,2,9,1,5,7,20,8,20,10,16,,67,7,1,22,9,121.5228876,25.0649127
111,10,30,11,49,2,03中山區,中山區農安街2-3號,0,0,2,1,C03,6,1,5,50,14,9,1,4,4,5,7,4,4,8,3,5,1,17,1,48,3,10,1,1,7,7,1,10,1,15,,7,7,1,22,9,121.5228876,25.0649127
111,10,30,11,52,2,03中山區,中山區新生北路2段與錦州街口,0,0,1,1,C03,6,1,5,50,4,2,1,4,4,5,7,1,1,1,4,5,2,17,2,39,2,9,3,4,7,12,1,10,1,14,,13,13,1,22,9,121.5274781,25.060394
111,10,30,11,52,2,03中山區,中山區新生北路2段與錦州街口,0,0,1,2,C03,6,1,5,50,4,2,1,4,4,5,7,1,1,1,4,5,2,17,1,21,3,10,3,4,7,14,1,10,1,13,,44,13,1,22,9,121.5274781,25.060394
111,10,30,12,30,2,05中正區,中正區重慶南路2段與愛國西路口口,0,0,1,1,B03,6,1,5,50,14,9,1,4,4,5,7,1,1,1,4,1,2,12,1,69,3,10,1,1,7,9,1,8,9,4,,23,23,1,22,9,121.5124713,25.03503448
111,10,30,12,30,2,05中正區,中正區重慶南路2段與愛國西路口口,0,0,1,2,C03,6,1,5,50,14,9,1,4,4,5,7,1,1,1,4,1,2,12,2,33,2,7,1,1,7,9,1,10,9,12,,42,23,1,22,9,121.5124713,25.03503448
111,10,30,12,40,2,12內湖區,內湖區康樂街20巷與康樂街口,0,0,2,1,C03,6,1,5,50,4,1,1,4,4,5,7,2,1,9,5,5,2,15,2,32,2,9,1,1,7,9,1,10,1,11,,25,25,1,22,9,121.618247,25.06832258
111,10,30,12,40,2,12內湖區,內湖區康樂街20巷與康樂街口,0,0,2,2,C03,6,1,5,50,4,1,1,4,4,5,7,2,1,9,5,5,2,15,2,47,2,8,1,1,7,9,1,10,1,14,,44,25,1,22,9,121.618247,25.06832258
111,10,30,12,52,2,02萬華區,萬華區昆明街158號,0,0,1,1,B03,6,1,5,50,14,9,1,4,4,5,7,4,4,10,4,5,1,17,1,41,3,10,3,4,7,9,1,8,1,8,,23,23,1,22,9,121.5046382,25.04222115
111,10,30,12,52,2,02萬華區,萬華區昆明街158號,0,0,1,2,C03,6,1,5,50,14,9,1,4,4,5,7,4,4,10,4,5,1,17,1,22,2,7,3,4,7,14,1,10,1,13,,44,23,1,22,9,121.5046382,25.04222115
111,10,30,12,54,2,05中正區,中正區中山南路中正紀念堂捷運站5號出口,0,0,3,1,B02,6,1,5,50,11,9,1,4,4,5,7,4,4,1,4,5,2,17,1,26,3,10,1,1,7,9,1,8,2,15,,26,44,1,22,9,121.5167138,25.0352883
111,10,30,12,54,2,05中正區,中正區中山南路中正紀念堂捷運站5號出口,0,0,3,2,C03,6,1,5,50,11,9,1,4,4,5,7,4,4,1,4,5,2,17,2,28,2,8,1,1,7,9,3,18,2,12,,23,44,1,22,9,121.5167138,25.0352883
111,10,30,12,54,2,05中正區,中正區中山南路中正紀念堂捷運站5號出口,0,0,3,3,C03,6,1,5,50,11,9,1,4,4,5,7,4,4,1,4,5,2,17,1,26,2,9,1,1,7,9,1,10,2,14,,23,44,1,22,9,121.5167138,25.0352883
111,10,30,12,54,2,05中正區,中正區中山南路中正紀念堂捷運站5號出口,0,0,3,4,H02,6,1,5,50,11,9,1,4,4,5,7,4,4,1,4,5,2,17,2,22,2,8,1,5,7,20,8,20,10,16,,67,44,1,22,9,121.5167138,25.0352883
111,10,30,13,27,2,02萬華區,萬華區西寧南路與貴陽街2段口,0,0,1,1,B12,6,1,5,50,4,2,1,4,4,5,7,1,1,10,3,5,1,2,1,59,3,10,3,4,7,5,1,8,1,1,,15,15,1,22,9,121.5062126,25.0393967
111,10,30,13,27,2,02萬華區,萬華區西寧南路與貴陽街2段口,0,0,1,2,H01,6,1,5,50,4,2,1,4,4,5,7,1,1,10,3,5,1,2,1,39,2,9,4,5,8,16,8,20,10,16,,67,15,1,22,9,121.5062126,25.0393967
111,10,30,13,30,2,12內湖區,內湖區內湖路1段與港墘路口,0,0,1,1,B03,6,1,5,50,4,1,1,4,4,5,7,4,4,1,4,5,2,16,1,27,3,10,1,1,7,6,1,8,1,2,,9,9,1,22,9,121.5763065,25.07949646
111,10,30,13,30,2,12內湖區,內湖區內湖路1段與港墘路口,0,0,1,2,C03,6,1,5,50,4,1,1,4,4,5,7,4,4,1,4,5,2,16,1,34,2,8,1,1,7,9,1,10,1,11,,13,9,1,22,9,121.5763065,25.07949646
111,10,30,14,21,2,05中正區,中正區濟南路2段與臨沂街口,0,0,1,1,B03,6,1,5,50,4,1,1,4,4,5,7,4,4,4,3,5,2,17,2,66,3,10,1,1,7,9,1,10,2,15,,6,6,1,22,9,121.5301018,25.04063018
111,10,30,14,21,2,05中正區,中正區濟南路2段與臨沂街口,0,0,1,2,C03,6,1,5,50,4,1,1,4,4,5,7,4,4,4,3,5,2,17,1,41,2,8,1,1,7,9,1,10,2,15,,14,6,1,22,9,121.5301018,25.04063018
111,10,30,14,53,2,01大同區,大同區重慶北路3段與重慶北路3段335巷口,0,0,1,1,B03,6,1,5,50,3,1,1,4,4,5,7,2,1,1,4,5,2,12,1,32,3,10,3,4,7,6,1,8,1,2,,9,9,1,22,9,121.5139253,25.07457515
111,10,30,14,53,2,01大同區,大同區重慶北路3段與重慶北路3段335巷口,0,0,1,2,C03,6,1,5,50,3,1,1,4,4,5,7,2,1,1,4,5,2,12,1,28,2,3,1,1,7,9,1,10,1,14,,44,9,1,22,9,121.5139253,25.07457515
111,10,30,15,50,2,05中正區,中正區金山南路1段與仁愛路2段口口,0,0,1,1,B03,6,1,5,50,4,2,1,4,4,5,7,2,1,9,4,5,1,16,2,62,3,10,1,1,7,6,1,8,1,5,,9,,1,19,5,121.5284993,25.0383853
111,10,30,15,50,2,05中正區,中正區金山南路1段與仁愛路2段口口,0,0,1,2,C03,6,1,5,50,4,2,1,4,4,5,7,2,1,9,4,5,1,16,1,21,2,9,1,1,7,9,1,10,1,11,,44,,1,21,1,121.5284993,25.0383853