發生年度,發生月,發生日,發生時-Hours,發生分,處理別-編號,區序,肇事地點,死亡人數,2-30日死亡人數,受傷人數,當事人序號,車種,天候,光線,道路類別,速限-速度限制,道路型態,事故位置,路面狀況1,路面狀況2,路面狀況3,道路障礙1,道路障礙2,號誌1,號誌2,車道劃分-分向,車道劃分-分道1,車道劃分-分道2,車道劃分-分道3,事故類型及型態,性別,年齡,受傷程度,主要傷處,安全帽,行動電話,車輛用途,當事者行動狀態,駕駛資格情形,駕駛執照種類,飲酒情形,車輛撞擊部位1,車輛撞擊部位2,肇因碼-個別,肇因碼-主要,個人肇逃否,職業,旅次目的,座標-X,座標-Y
111,10,30,15,51,2,04大安區,大安區市民大道4段與延吉街口,0,0,1,1,B01,6,1,5,40,3,2,1,4,4,5,7,4,4,1,4,5,2,16,1,59,3,10,3,4,7,11,1,3,2,5,,6,6,1,22,9,121.5534049,25.04430026
111,10,30,15,51,2,04大安區,大安區市民大道4段與延吉街口,0,0,1,2,C03,6,1,5,40,3,2,1,4,4,5,7,4,4,1,4,5,2,16,2,20,2,9,3,4,7,9,3,18,11,11,,23,6,1,22,9,121.5534049,25.04430026
111,10,30,15,58,2,04大安區,大安區和平東路1段220號與和平東路1段口,0,0,2,1,C03,6,1,5,50,5,1,1,4,4,5,7,4,4,1,5,5,2,3,1,44,2,9,1,1,7,9,1,10,2,11,,15,15,1,22,9,121.5320731,25.0262107
111,10,30,15,58,2,04大安區,大安區和平東路1段220號與和平東路1段口,0,0,2,2,H01,6,1,5,50,5,1,1,4,4,5,7,4,4,1,5,5,2,3,2,72,2,9,4,5,8,16,8,20,10,16,,67,15,1,22,9,121.5320731,25.0262107
111,10,30,16,7,2,04大安區,大安區辛亥路2段與建國南路2段口,0,0,2,1,B03,6,1,5,50,3,1,1,4,4,5,7,2,1,1,4,4,2,12,1,50,3,10,3,4,7,9,1,8,1,2,,6,6,1,22,9,121.5381406,25.0216946
111,10,30,16,7,2,04大安區,大安區辛亥路2段與建國南路2段口,0,0,2,2,C03,6,1,5,50,3,1,1,4,4,5,7,2,1,1,4,4,2,12,2,42,2,9,1,4,7,9,1,10,1,12,,44,6,1,22,9,121.5381406,25.0216946
111,10,30,16,7,2,04大安區,大安區辛亥路2段與建國南路2段口,0,0,2,3,H02,6,1,5,50,3,1,1,4,4,5,7,2,1,1,4,4,2,12,2,34,2,9,1,4,7,20,8,20,10,16,,67,6,1,22,9,121.5381406,25.0216946
111,10,30,16,26,2,06松山區,松山區民權東路3段與民族東路口,0,0,1,1,B03,6,1,5,50,3,1,1,4,4,5,7,4,4,1,4,5,2,17,1,22,3,10,3,4,7,6,1,8,1,2,,9,9,1,22,9,121.5499591,25.0617787
111,10,30,16,26,2,06松山區,松山區民權東路3段與民族東路口,0,0,1,2,C03,6,1,5,50,3,1,1,4,4,5,7,4,4,1,4,5,2,17,1,19,2,9,1,4,7,9,1,10,1,11,,14,9,1,22,9,121.5499591,25.0617787
111,10,30,17,10,2,12內湖區,內湖區瑞光路與瑞光路253巷口口,0,0,1,1,B12,6,3,5,50,3,2,1,4,4,5,7,4,4,7,3,5,2,12,1,63,3,10,1,1,7,8,1,8,1,2,,7,7,1,22,9,121.5774831,25.07477564
111,10,30,17,10,2,12內湖區,內湖區瑞光路與瑞光路253巷口口,0,0,1,2,C03,6,3,5,50,3,2,1,4,4,5,7,4,4,7,3,5,2,12,1,63,2,9,1,1,7,9,1,10,1,14,,44,7,1,22,9,121.5774831,25.07477564
111,10,30,17,21,1,01大同區,大同區民族西路與重慶北路3段口,1,0,0,1,B01,6,3,5,50,4,1,1,4,4,5,7,2,1,5,4,5,2,3,1,56,3,10,3,4,7,5,1,4,2,8,,15,15,1,22,9,121.5138171,25.06864934
111,10,30,17,21,1,01大同區,大同區民族西路與重慶北路3段口,1,0,0,2,H01,6,3,5,50,4,1,1,4,4,5,7,2,1,5,4,5,2,3,2,83,1,1,4,5,8,16,8,20,10,16,,67,15,1,22,9,121.5138171,25.06864934
111,10,30,17,41,2,03中山區,中山區長安東路2段106號,0,0,1,1,B01,6,3,5,50,14,9,1,4,4,5,7,4,4,4,3,5,1,2,1,30,3,10,1,1,7,9,1,4,1,2,,23,23,1,22,9,121.5350026,25.04839511
111,10,30,17,41,2,03中山區,中山區長安東路2段106號,0,0,1,2,H01,6,3,5,50,14,9,1,4,4,5,7,4,4,4,3,5,1,2,2,45,2,7,4,5,8,16,8,20,10,16,,53,23,1,22,9,121.5350026,25.04839511
111,10,30,17,57,2,05中正區,中正區寧波西街與南昌路1段口,0,0,1,1,B03,6,3,5,50,4,2,1,4,4,5,7,1,1,10,2,5,2,1,1,59,3,10,1,1,7,5,1,8,2,1,,15,15,1,22,9,121.5175417,25.0308068
111,10,30,17,57,2,05中正區,中正區寧波西街與南昌路1段口,0,0,1,2,H01,6,3,5,50,4,2,1,4,4,5,7,1,1,10,2,5,2,1,2,70,2,9,4,5,8,16,8,20,10,16,,52,15,1,22,9,121.5175417,25.0308068
111,10,30,18,18,2,01大同區,大同區承德橋(往南),0,0,2,1,B03,6,3,5,0,14,9,1,4,4,5,7,2,1,6,2,4,2,13,4,,4,11,3,4,7,15,7,19,11,15,,43,43,2,22,9,121.5201544,25.07547768
111,10,30,18,18,2,01大同區,大同區承德橋(往南),0,0,2,3,B03,6,3,5,0,14,9,1,4,4,5,7,2,1,6,2,4,2,13,2,43,2,2,1,1,7,14,1,8,1,3,,44,43,1,22,9,121.5201544,25.07547768
111,10,30,18,18,2,01大同區,大同區承德橋(往南),0,0,2,2,B03,6,3,5,0,14,9,1,4,4,5,7,2,1,6,2,4,2,13,1,46,3,10,1,3,7,15,1,8,1,7,,44,43,1,22,9,121.5201544,25.07547768
111,10,30,18,18,2,01大同區,大同區承德橋(往南),0,0,2,4,H02,6,3,5,0,14,9,1,4,4,5,7,2,1,6,2,4,2,13,2,42,2,2,4,5,7,20,8,20,10,16,,67,43,1,22,9,121.5201544,25.07547768
111,10,30,18,33,2,01大同區,大同區民權西路與蘭州街口,0,0,1,1,C03,6,3,5,0,14,9,1,4,4,5,7,4,4,9,4,5,1,16,2,25,2,9,3,4,7,9,1,10,9,11,,17,17,1,22,9,121.5147988,25.0630835
111,10,30,18,33,2,01大同區,大同區民權西路與蘭州街口,0,0,1,2,C03,6,3,5,0,14,9,1,4,4,5,7,4,4,9,4,5,1,16,2,39,4,11,3,4,7,15,7,19,11,15,,43,17,2,22,9,121.5147988,25.0630835
111,10,30,18,36,2,04大安區,大安區四維路與四維路44巷口,0,0,1,1,B12,6,3,5,30,4,1,1,4,4,5,7,4,4,10,5,5,2,17,1,53,3,10,3,4,7,2,1,8,1,3,,12,12,1,22,9,121.5481176,25.035543
111,10,30,18,36,2,04大安區,大安區四維路與四維路44巷口,0,0,1,2,B01,6,3,5,30,4,1,1,4,4,5,7,4,4,10,5,5,2,17,1,51,2,1,3,4,7,9,1,8,1,2,,43,12,1,22,9,121.5481176,25.035543
111,10,30,18,45,2,05中正區,中正區貴陽街1段7號停車格,0,0,1,1,C03,6,3,5,50,14,9,1,4,4,5,7,4,4,5,5,5,2,17,1,43,2,9,1,1,7,15,6,10,2,12,,23,23,1,22,9,121.5139025,25.0386487
111,10,30,18,45,2,05中正區,中正區貴陽街1段7號停車格,0,0,1,2,B03,6,3,5,50,14,9,1,4,4,5,7,4,4,5,5,5,2,17,1,46,3,10,1,1,7,13,1,4,11,7,,44,23,1,22,9,121.5139025,25.0386487
111,10,30,19,5,2,02萬華區,萬華區東園街150號,0,0,2,1,C03,6,3,5,30,14,9,1,4,4,5,7,4,4,8,5,5,2,16,2,21,2,8,1,1,7,1,1,10,1,11,,19,19,1,22,9,121.4976483,25.02333706
111,10,30,19,5,2,02萬華區,萬華區東園街150號,0,0,2,2,C03,6,3,5,30,14,9,1,4,4,5,7,4,4,8,5,5,2,16,1,57,2,9,1,1,7,9,1,10,1,11,,13,19,1,22,9,121.4976483,25.02333706
111,10,30,19,10,2,10文山區,文山區興隆路3段與興隆路3段115巷口,0,0,1,1,B03,6,3,5,50,3,1,1,4,4,5,7,1,1,1,4,5,2,23,1,72,2,8,1,1,7,9,1,8,2,1,,23,23,1,22,9,121.5580501,24.9989255
111,10,30,19,10,2,10文山區,文山區興隆路3段與興隆路3段115巷口,0,0,1,2,,6,3,5,50,3,1,1,4,4,5,7,1,1,1,4,5,2,23,3,,,,,,,,,,,,,67,23,1,,,121.5580501,24.9989255
111,10,30,20,0,2,03中山區,中山區吉林路195號,0,0,2,1,H01,6,3,5,50,3,2,1,4,4,5,7,4,4,9,4,4,2,3,2,83,2,9,4,5,8,18,8,20,10,16,,51,51,1,22,9,121.5302656,25.05982435
111,10,30,20,0,2,03中山區,中山區吉林路195號,0,0,2,2,C03,6,3,5,50,3,2,1,4,4,5,7,4,4,9,4,4,2,3,1,22,2,7,3,4,7,9,1,10,2,11,,23,51,1,22,9,121.5302656,25.05982435
111,10,30,20,10,2,03中山區,中山區中山北路2段與民生西路口,0,0,2,1,C03,6,3,5,50,4,1,1,4,4,5,7,2,1,5,4,5,2,1,1,53,2,9,1,1,7,9,1,10,1,14,,14,14,1,22,9,121.5227436,25.0577559
111,10,30,20,10,2,03中山區,中山區中山北路2段與民生西路口,0,0,2,2,H01,6,3,5,50,4,1,1,4,4,5,7,2,1,5,4,5,2,1,2,78,2,9,4,5,8,16,8,20,10,16,,52,14,1,22,9,121.5227436,25.0577559
111,10,30,20,15,2,01大同區,大同區長安西路與塔城街口,0,0,2,1,C03,6,3,5,50,4,1,1,4,4,5,7,2,1,9,4,5,2,16,2,55,2,9,1,1,7,5,1,10,1,13,,8,8,1,22,9,121.5104337,25.0520235
111,10,30,20,15,2,01大同區,大同區長安西路與塔城街口,0,0,2,2,C03,6,3,5,50,4,1,1,4,4,5,7,2,1,9,4,5,2,16,1,57,2,9,1,1,7,9,1,10,1,11,,44,8,1,22,9,121.5104337,25.0520235
111,10,30,20,50,2,04大安區,大安區敦化南路1段316號,0,0,1,1,B12,6,3,5,50,14,9,1,4,4,4,7,4,4,1,4,5,2,17,1,24,3,10,1,1,7,15,1,7,11,15,,30,30,2,22,9,121.5485911,25.0354135
111,10,30,20,50,2,04大安區,大安區敦化南路1段316號,0,0,1,2,C03,6,3,5,50,14,9,1,4,4,4,7,4,4,1,4,5,2,17,2,24,2,1,1,1,7,9,1,10,1,14,,13,30,1,22,9,121.5485911,25.0354135
111,10,30,21,5,2,05中正區,中正區羅斯福路3段與辛亥路1段口,0,0,1,1,B03,6,3,5,50,4,2,1,4,4,5,7,1,1,1,4,5,2,13,1,74,3,10,1,1,7,9,1,8,2,1,,23,23,1,22,9,121.528892,25.0198838
111,10,30,21,5,2,05中正區,中正區羅斯福路3段與辛亥路1段口,0,0,1,2,C03,6,3,5,50,4,2,1,4,4,5,7,1,1,1,4,5,2,13,1,48,2,9,1,1,7,14,1,10,2,13,,25,23,1,22,9,121.528892,25.0198838
111,10,30,21,23,2,09北投區,北投區知行路關渡河濱009號燈桿,0,0,1,1,C03,6,3,5,50,11,9,1,4,4,5,1,4,4,9,5,5,2,10,1,39,2,8,1,1,7,15,1,10,1,11,,43,43,1,22,9,121.4638372,25.1169848
111,10,30,21,23,2,09北投區,北投區知行路關渡河濱009號燈桿,0,0,1,2,B03,6,3,5,50,11,9,1,4,4,5,1,4,4,9,5,5,2,10,2,22,3,10,1,1,7,9,1,8,1,1,,43,43,1,22,9,121.4638372,25.1169848
111,10,30,21,32,2,07信義區,信義區市民大道6段與松山路口口,0,0,2,1,C03,6,3,5,40,4,1,1,4,4,5,7,2,1,10,4,5,1,16,1,18,2,9,3,4,7,5,1,10,1,14,,8,8,1,22,9,121.5777539,25.0489443
111,10,30,21,32,2,07信義區,信義區市民大道6段與松山路口口,0,0,2,2,C03,6,3,5,40,4,1,1,4,4,5,7,2,1,10,4,5,1,16,1,29,3,10,3,4,7,9,1,10,1,12,,13,8,1,22,9,121.5777539,25.0489443
111,10,30,21,32,2,07信義區,信義區市民大道6段與松山路口口,0,0,2,3,H02,6,3,5,40,4,1,1,4,4,5,7,2,1,10,4,5,1,16,2,18,2,7,3,4,7,20,8,20,10,16,,67,8,1,22,9,121.5777539,25.0489443
111,10,30,21,55,2,10文山區,文山區萬芳路1段與萬美街1段19巷口,0,0,1,1,B01,6,3,5,50,14,9,1,4,4,5,7,4,4,9,4,5,2,16,1,60,3,10,1,1,7,6,1,4,2,8,,9,9,1,22,9,121.5696355,25.0023052
111,10,30,21,55,2,10文山區,文山區萬芳路1段與萬美街1段19巷口,0,0,1,2,C03,6,3,5,50,14,9,1,4,4,5,7,4,4,9,4,5,2,16,1,37,2,8,1,1,7,11,1,10,2,12,,44,9,1,22,9,121.5696355,25.0023052
111,10,30,22,5,2,09北投區,北投區立農街2段與石牌路2段99巷口,0,0,2,1,C03,6,3,5,50,4,1,1,4,4,5,7,1,1,10,4,5,2,3,1,49,2,9,1,1,7,9,1,10,1,11,,15,42,1,22,9,121.5169907,25.11856332
111,10,30,22,5,2,09北投區,北投區立農街2段與石牌路2段99巷口,0,0,2,2,H01,6,3,5,50,4,1,1,4,4,5,7,1,1,10,4,5,2,3,2,23,2,9,4,1,8,16,8,20,1,16,,52,42,1,22,9,121.5169907,25.11856332
111,10,30,22,46,2,03中山區,中山區建國北路2段與民權東路2段口,0,0,2,1,C03,6,3,5,50,4,1,1,4,4,5,7,1,1,1,4,5,2,17,1,36,2,9,1,1,7,12,1,10,2,14,,42,42,1,22,9,121.537088,25.062323
111,10,30,22,46,2,03中山區,中山區建國北路2段與民權東路2段口,0,0,2,2,C03,6,3,5,50,4,1,1,4,4,5,7,1,1,1,4,5,2,17,1,20,2,9,1,1,7,12,1,10,2,12,,23,42,1,22,9,121.537088,25.062323
111,10,30,23,6,2,05中正區,中正區南海路與泉州街口,0,0,1,1,B01,6,3,5,50,3,2,1,4,4,5,7,3,1,10,4,5,2,12,1,67,3,10,1,1,7,15,1,4,2,4,,17,17,1,22,9,121.5138085,25.031744
111,10,30,23,6,2,05中正區,中正區南海路與泉州街口,0,0,1,2,C03,6,3,5,50,3,2,1,4,4,5,7,3,1,10,4,5,2,12,2,25,2,9,1,1,7,9,1,10,2,12,,44,17,1,22,9,121.5138085,25.031744
111,10,31,1,3,2,03中山區,中山區濱江街與復興北路口地下道,0,0,1,1,B01,6,3,5,40,4,2,1,4,4,1,7,4,4,1,4,5,2,17,1,25,3,10,1,1,7,8,1,4,1,15,,7,43,1,22,9,121.544219,25.0720097
111,10,31,1,3,2,03中山區,中山區濱江街與復興北路口地下道,0,0,1,2,C03,6,3,5,40,4,2,1,4,4,1,7,4,4,1,4,5,2,17,1,32,2,9,1,1,7,12,1,10,1,14,,13,43,1,22,9,121.544219,25.0720097
111,10,31,1,3,2,03中山區,中山區濱江街與復興北路口地下道,0,0,1,3,H03,6,3,5,40,4,2,1,4,4,1,7,4,4,1,4,5,2,17,1,35,3,10,4,5,8,21,8,20,10,16,,60,43,1,22,9,121.544219,25.0720097
111,10,31,6,30,2,03中山區,中山區北安路與大直街口,0,0,1,1,C03,6,1,5,50,4,1,1,4,4,5,7,1,1,1,4,5,2,16,2,68,2,9,1,1,7,9,1,10,1,14,,26,26,1,22,9,121.5472934,25.0799317
111,10,31,6,30,2,03中山區,中山區北安路與大直街口,0,0,1,2,B03,6,1,5,50,4,1,1,4,4,5,7,1,1,1,4,5,2,16,1,57,3,10,1,1,7,9,1,8,1,2,,44,26,1,22,9,121.5472934,25.0799317
111,10,31,6,37,2,05中正區,中正區市民大道1段迴轉道(近中山北路),0,0,2,1,C03,6,1,5,40,15,6,1,4,4,5,7,4,4,1,4,5,2,16,2,44,2,9,1,1,7,5,1,9,2,12,,6,6,1,22,9,121.5213794,25.0478899
111,10,31,6,37,2,05中正區,中正區市民大道1段迴轉道(近中山北路),0,0,2,2,C03,6,1,5,40,15,6,1,4,4,5,7,4,4,1,4,5,2,16,1,44,2,9,1,1,7,9,1,10,2,14,,23,6,1,22,9,121.5213794,25.0478899
111,10,31,6,37,2,05中正區,中正區市民大道1段迴轉道(近中山北路),0,0,2,3,C03,6,1,5,40,15,6,1,4,4,5,7,4,4,1,4,5,2,16,1,27,3,10,1,1,7,9,1,10,2,11,,44,6,1,22,9,121.5213794,25.0478899
111,10,31,7,42,2,05中正區,中正區延平南路164號,0,0,1,1,F01,6,1,5,50,14,9,1,4,4,5,7,1,1,9,4,5,2,17,2,64,2,9,1,1,7,21,8,20,2,16,,2,42,1,22,9,121.5082242,25.037465
111,10,31,7,42,2,05中正區,中正區延平南路164號,0,0,1,2,B03,6,1,5,50,14,9,1,4,4,5,7,1,1,9,4,5,2,17,1,47,3,10,1,4,7,9,1,8,2,1,,44,42,1,22,9,121.5082242,25.037465
111,10,31,7,52,2,10文山區,文山區木柵路1段與試院路口(雙號),0,0,1,1,B03,6,1,5,50,4,1,1,4,4,5,7,2,1,5,2,5,2,11,1,75,3,10,3,4,7,5,1,8,2,1,,6,6,1,22,9,121.5498572,24.98746816
111,10,31,7,52,2,10文山區,文山區木柵路1段與試院路口(雙號),0,0,1,2,C03,6,1,5,50,4,1,1,4,4,5,7,2,1,5,2,5,2,11,1,56,2,8,1,4,7,9,1,10,2,11,,42,6,1,22,9,121.5498572,24.98746816
111,10,31,8,10,2,12內湖區,內湖區舊宗路2段207號,0,0,1,1,C03,6,1,5,50,11,9,1,4,4,5,7,4,4,1,4,5,2,12,1,24,2,9,1,1,7,10,1,10,1,12,,7,7,1,22,9,121.5737927,25.07263914
111,10,31,8,10,2,12內湖區,內湖區舊宗路2段207號,0,0,1,2,B03,6,1,5,50,11,9,1,4,4,5,7,4,4,1,4,5,2,12,1,48,3,10,1,1,7,7,1,8,1,7,,44,7,1,22,9,121.5737927,25.07263914
111,10,31,8,15,2,04大安區,大安區建國南路2段與建國南路2段69巷口,0,0,1,1,B01,6,1,5,50,3,2,1,4,4,5,7,4,4,1,5,5,2,17,1,61,4,11,3,4,7,10,7,19,11,15,,7,7,2,22,9,121.5380282,25.0313878
111,10,31,8,15,2,04大安區,大安區建國南路2段與建國南路2段69巷口,0,0,1,2,C03,6,1,5,50,3,2,1,4,4,5,7,4,4,1,5,5,2,17,2,61,4,11,3,4,7,15,7,19,11,15,,44,7,2,22,9,121.5380282,25.0313878
111,10,31,8,15,2,04大安區,大安區建國南路2段與建國南路2段69巷口,0,0,1,3,C03,6,1,5,50,3,2,1,4,4,5,7,4,4,1,5,5,2,17,2,28,2,9,1,1,7,9,1,10,2,11,,44,7,1,22,9,121.5380282,25.0313878
111,10,31,8,30,2,03中山區,中山區中山北路2段46巷與中山北路2段口,0,0,1,1,C03,6,1,5,50,3,1,1,4,4,5,7,4,4,1,4,5,2,17,2,49,3,10,1,1,7,8,1,10,1,15,,7,7,1,22,9,121.5225687,25.05542548
111,10,31,8,30,2,03中山區,中山區中山北路2段46巷與中山北路2段口,0,0,1,2,C03,6,1,5,50,3,1,1,4,4,5,7,4,4,1,4,5,2,17,1,28,2,9,1,1,7,9,1,10,1,12,,14,7,1,22,9,121.5225687,25.05542548
111,10,31,8,31,2,12內湖區,內湖區舊宗路1段279號前,0,0,1,1,C03,6,1,5,50,14,9,1,4,4,5,7,4,4,1,4,5,2,12,1,30,2,8,1,1,7,9,1,10,1,12,,16,16,1,22,9,121.5771037,25.06318919
111,10,31,8,31,2,12內湖區,內湖區舊宗路1段279號前,0,0,1,2,C03,6,1,5,50,14,9,1,4,4,5,7,4,4,1,4,5,2,12,1,44,3,10,1,1,7,9,1,10,1,13,,44,16,1,22,9,121.5771037,25.06318919
111,10,31,8,38,2,04大安區,大安區和平東路2段265巷與復興南路2段171巷口,0,0,1,1,C03,6,1,5,30,4,1,1,4,4,3,5,4,4,10,5,5,2,15,1,48,2,7,1,1,7,9,1,10,1,11,,6,6,1,22,9,121.5440788,25.0277325
111,10,31,8,38,2,04大安區,大安區和平東路2段265巷與復興南路2段171巷口,0,0,1,2,B03,6,1,5,30,4,1,1,4,4,3,5,4,4,10,5,5,2,15,1,40,3,10,1,1,7,9,1,8,1,2,,13,6,1,22,9,121.5440788,25.0277325
111,10,31,8,38,2,04大安區,大安區和平東路2段265巷與復興南路2段171巷口,0,0,1,3,B12,6,1,5,30,4,1,1,4,4,3,5,4,4,10,5,5,2,15,3,,,,,,,,,,,,,67,6,1,,,121.5440788,25.0277325
111,10,31,8,40,2,07信義區,信義區光復南路與忠孝東路4段口口,0,0,1,1,B03,6,1,5,50,4,1,1,4,4,5,7,1,1,2,4,5,2,15,1,36,3,10,1,1,7,9,1,8,1,1,,23,23,1,22,9,121.5577317,25.0412526
111,10,31,8,40,2,07信義區,信義區光復南路與忠孝東路4段口口,0,0,1,2,C03,6,1,5,50,4,1,1,4,4,5,7,1,1,2,4,5,2,15,2,26,2,8,1,1,7,9,1,10,1,14,,17,23,1,22,9,121.5577317,25.0412526
111,10,31,8,46,2,04大安區,大安區龍泉街與師大路83巷口,0,0,1,1,B01,6,1,5,30,4,1,1,4,4,5,7,4,4,10,5,5,2,15,1,45,3,10,3,4,7,9,1,8,1,1,,6,6,1,22,9,121.5293672,25.0235537
111,10,31,8,46,2,04大安區,大安區龍泉街與師大路83巷口,0,0,1,2,C03,6,1,5,30,4,1,1,4,4,5,7,4,4,10,5,5,2,15,2,28,2,9,3,4,7,9,1,10,1,14,,23,6,1,22,9,121.5293672,25.0235537
111,10,31,8,50,2,12內湖區,內湖區成美橋,0,0,1,1,C03,6,1,5,50,8,9,1,4,4,5,7,4,4,5,4,5,2,16,2,34,2,9,1,1,7,9,1,10,9,12,,4,4,1,22,9,121.582719,25.05407766
111,10,31,8,50,2,12內湖區,內湖區成美橋,0,0,1,2,C03,6,1,5,50,8,9,1,4,4,5,7,4,4,5,4,5,2,16,2,34,3,10,1,1,7,7,1,9,9,14,,7,4,1,22,9,121.582719,25.05407766
111,10,31,9,0,2,09北投區,北投區崇仁路1段77號,0,0,1,1,B01,6,1,5,50,14,9,1,4,4,5,7,1,1,9,4,5,2,16,1,61,3,10,1,1,7,14,1,4,1,2,,43,43,1,22,9,121.5015397,25.12628376
111,10,31,9,0,2,09北投區,北投區崇仁路1段77號,0,0,1,2,C03,6,1,5,50,14,9,1,4,4,5,7,1,1,9,4,5,2,16,2,50,2,7,1,1,7,9,1,10,1,14,,43,43,1,22,9,121.5015397,25.12628376
111,10,31,9,0,2,09北投區,北投區崇仁路1段77號,0,0,1,3,H02,6,1,5,50,14,9,1,4,4,5,7,1,1,9,4,5,2,16,1,29,3,10,4,1,7,19,8,20,10,16,,67,43,1,22,9,121.5015397,25.12628376
111,10,31,9,5,2,06松山區,松山區光復北路與光復北路11巷口口,0,0,2,1,B03,6,1,5,50,3,1,1,4,4,5,7,2,1,1,3,5,2,17,2,33,3,10,3,4,7,5,1,8,2,2,,6,6,1,22,9,121.5579011,25.0491437
111,10,31,9,5,2,06松山區,松山區光復北路與光復北路11巷口口,0,0,2,2,C03,6,1,5,50,3,1,1,4,4,5,7,2,1,1,3,5,2,17,2,31,2,9,1,4,7,9,1,10,2,11,,13,6,1,22,9,121.5579011,25.0491437
111,10,31,9,5,2,06松山區,松山區光復北路與光復北路11巷口口,0,0,2,3,H02,6,1,5,50,3,1,1,4,4,5,7,2,1,1,3,5,2,17,2,24,2,7,1,4,7,21,8,20,11,16,,67,6,1,22,9,121.5579011,25.0491437
111,10,31,9,20,2,07信義區,信義區一號道路(市民廣場旁),0,0,1,1,C04,6,1,5,50,14,9,4,4,2,5,7,4,4,10,4,5,1,18,2,30,2,9,1,1,7,9,1,10,1,12,,42,42,1,22,9,121.5623779,25.0361683
111,10,31,9,20,2,07信義區,信義區一號道路(市民廣場旁),0,0,1,2,,6,1,5,50,14,9,4,4,2,5,7,4,4,10,4,5,1,18,3,,,,,,,,,,,,,67,42,1,,,121.5623779,25.0361683
111,10,31,9,35,2,09北投區,北投區磺港路與光明路口,0,0,1,1,A06,6,1,5,50,5,1,1,4,4,5,7,3,1,5,4,5,2,12,1,63,3,10,1,1,7,6,1,1,2,5,,9,9,1,22,9,121.5018279,25.13342823
111,10,31,9,35,2,09北投區,北投區磺港路與光明路口,0,0,1,2,C03,6,1,5,50,5,1,1,4,4,5,7,3,1,5,4,5,2,12,2,52,2,9,1,1,7,9,1,10,2,14,,44,9,1,22,9,121.5018279,25.13342823
111,10,31,9,40,2,03中山區,中山區樂群三路218號,0,0,1,1,B03,6,1,5,50,14,7,1,4,4,1,7,4,4,9,5,4,2,16,1,69,3,10,3,4,7,1,1,7,2,1,,19,19,1,22,9,121.5575454,25.0826311
111,10,31,9,40,2,03中山區,中山區樂群三路218號,0,0,1,2,C03,6,1,5,50,14,7,1,4,4,1,7,4,4,9,5,4,2,16,2,29,2,9,3,4,7,9,1,10,2,12,,44,19,1,22,9,121.5575454,25.0826311
111,10,31,9,46,2,03中山區,中山區濱江街351號,0,0,1,1,B03,6,1,5,50,14,9,1,4,4,5,7,4,4,1,4,4,1,13,4,,4,11,3,4,7,15,7,19,11,15,,43,43,2,22,9,121.5494003,25.0724837
111,10,31,9,46,2,03中山區,中山區濱江街351號,0,0,1,2,C03,6,1,5,50,14,9,1,4,4,5,7,4,4,1,4,4,1,13,1,22,2,9,1,1,7,9,1,10,1,11,,43,43,1,22,9,121.5494003,25.0724837
111,10,31,10,1,2,09北投區,北投區承德路6段與承信路口,0,0,1,1,B03,6,1,5,40,14,9,1,4,4,5,7,4,4,9,4,4,2,16,1,45,3,10,1,1,7,6,1,8,1,2,,9,9,1,22,9,121.5118862,25.10728507
111,10,31,10,1,2,09北投區,北投區承德路6段與承信路口,0,0,1,2,C03,6,1,5,40,14,9,1,4,4,5,7,4,4,9,4,4,2,16,1,20,2,7,1,1,7,9,1,10,1,14,,16,9,1,22,9,121.5118862,25.10728507
111,10,31,10,13,2,10文山區,文山區水源快速道路,0,0,1,1,B03,6,1,5,60,14,9,1,4,4,5,7,4,4,5,2,5,2,12,1,60,3,10,1,1,7,8,1,8,2,5,,42,42,1,22,9,121.5339611,25.00677217
111,10,31,10,13,2,10文山區,文山區水源快速道路,0,0,1,2,B03,6,1,5,60,14,9,1,4,4,5,7,4,4,5,2,5,2,12,2,57,2,9,1,1,7,9,1,8,2,7,,44,42,1,22,9,121.5339611,25.00677217
111,10,31,10,13,2,10文山區,文山區水源快速道路,0,0,1,3,,6,1,5,60,14,9,1,4,4,5,7,4,4,5,2,5,2,12,3,,,,,,,,,,,,,67,42,1,,,121.5339611,25.00677217
111,10,31,10,15,2,01大同區,大同區承德路3段234號,0,0,3,1,B03,6,1,5,50,14,9,1,4,4,5,7,4,4,1,4,5,2,13,4,,4,11,3,4,7,15,7,19,11,15,,38,43,2,22,9,121.5187155,25.07239142
111,10,31,10,15,2,01大同區,大同區承德路3段234號,0,0,3,2,C03,6,1,5,50,14,9,1,4,4,5,7,4,4,1,4,5,2,13,1,28,3,10,1,4,7,9,1,10,1,15,,44,43,1,22,9,121.5187155,25.07239142
111,10,31,10,15,2,01大同區,大同區承德路3段234號,0,0,3,3,C03,6,1,5,50,14,9,1,4,4,5,7,4,4,1,4,5,2,13,1,25,2,9,1,4,7,9,1,10,1,13,,44,43,1,22,9,121.5187155,25.07239142
111,10,31,10,15,2,01大同區,大同區承德路3段234號,0,0,3,4,C03,6,1,5,50,14,9,1,4,4,5,7,4,4,1,4,5,2,13,1,30,2,8,1,4,7,9,1,10,1,11,,16,43,1,22,9,121.5187155,25.07239142