發生年度,發生月,發生日,發生時-Hours,發生分,處理別-編號,區序,肇事地點,死亡人數,2-30日死亡人數,受傷人數,當事人序號,車種,天候,光線,道路類別,速限-速度限制,道路型態,事故位置,路面狀況1,路面狀況2,路面狀況3,道路障礙1,道路障礙2,號誌1,號誌2,車道劃分-分向,車道劃分-分道1,車道劃分-分道2,車道劃分-分道3,事故類型及型態,性別,年齡,受傷程度,主要傷處,安全帽,行動電話,車輛用途,當事者行動狀態,駕駛資格情形,駕駛執照種類,飲酒情形,車輛撞擊部位1,車輛撞擊部位2,肇因碼-個別,肇因碼-主要,個人肇逃否,職業,旅次目的,座標-X,座標-Y
111,10,31,10,15,2,01大同區,大同區承德路3段234號,0,0,3,5,C03,6,1,5,50,14,9,1,4,4,5,7,4,4,1,4,5,2,13,2,25,3,10,1,4,7,9,1,10,1,15,,44,43,1,22,9,121.5187155,25.07239142
111,10,31,10,15,2,01大同區,大同區承德路3段234號,0,0,3,6,C03,6,1,5,50,14,9,1,4,4,5,7,4,4,1,4,5,2,13,2,36,2,9,1,4,7,9,1,10,1,13,,44,43,1,22,9,121.5187155,25.07239142
111,10,31,10,15,2,01大同區,大同區承德路3段234號,0,0,3,7,C03,6,1,5,50,14,9,1,4,4,5,7,4,4,1,4,5,2,13,1,23,3,10,1,4,7,9,1,10,1,11,,16,43,1,22,9,121.5187155,25.07239142
111,10,31,10,30,2,07信義區,信義區忠孝東路4段556號,0,0,1,1,C03,6,1,5,50,14,9,1,4,4,5,7,2,1,1,4,5,2,13,2,22,2,8,1,1,7,9,1,10,1,14,,23,23,1,22,8,121.5644763,25.04133953
111,10,31,10,30,2,07信義區,信義區忠孝東路4段556號,0,0,1,2,B01,6,1,5,50,14,9,1,4,4,5,7,2,1,1,4,5,2,13,1,59,3,10,1,1,7,12,1,4,1,6,,44,23,1,22,8,121.5644763,25.04133953
111,10,31,10,52,2,05中正區,中正區中華路2段與西藏路口,0,0,1,1,B03,6,1,5,30,14,9,1,4,4,1,7,1,1,5,4,5,2,16,1,18,3,10,1,1,7,9,1,8,1,5,,42,42,1,22,9,121.5041507,25.0301077
111,10,31,10,52,2,05中正區,中正區中華路2段與西藏路口,0,0,1,2,C03,6,1,5,30,14,9,1,4,4,1,7,1,1,5,4,5,2,16,1,39,2,8,1,1,7,9,1,10,1,11,,13,42,1,22,9,121.5041507,25.0301077
111,10,31,11,10,2,03中山區,中山區民權東路3段16號,0,0,2,1,C03,6,1,5,50,14,9,1,4,3,5,7,4,4,1,4,5,2,13,1,27,2,8,1,1,7,9,1,10,1,11,,13,13,1,22,9,121.5401933,25.06229616
111,10,31,11,10,2,03中山區,中山區民權東路3段16號,0,0,2,2,C03,6,1,5,50,14,9,1,4,3,5,7,4,4,1,4,5,2,13,2,26,2,7,1,1,7,9,1,10,1,11,,44,13,1,22,9,121.5401933,25.06229616
111,10,31,11,10,2,03中山區,中山區民權東路3段16號,0,0,2,3,,6,1,5,50,14,9,1,4,3,5,7,4,4,1,4,5,2,13,3,,,,,,,,,,,,,61,13,1,,,121.5401933,25.06229616
111,10,31,12,20,2,09北投區,北投區致遠一路1段與致遠一路1段125巷口,0,0,1,1,B12,8,1,5,30,4,1,1,4,4,5,7,4,4,9,5,5,2,16,1,60,3,10,1,1,7,5,1,8,1,1,,6,6,1,22,9,121.5150035,25.1102111
111,10,31,12,20,2,09北投區,北投區致遠一路1段與致遠一路1段125巷口,0,0,1,2,C03,8,1,5,30,4,1,1,4,4,5,7,4,4,9,5,5,2,16,1,56,3,10,1,1,7,9,1,10,1,14,,44,6,1,22,9,121.5150035,25.1102111
111,10,31,12,20,2,09北投區,北投區致遠一路1段與致遠一路1段125巷口,0,0,1,3,H02,8,1,5,30,4,1,1,4,4,5,7,4,4,9,5,5,2,16,2,57,2,8,1,5,7,20,8,20,10,16,,67,6,1,22,9,121.5150035,25.1102111
111,10,31,12,36,2,05中正區,中正區忠孝東路1段85號,0,0,1,1,A02,6,1,5,50,14,9,1,4,4,5,7,4,4,10,4,5,2,9,1,51,3,10,1,1,7,12,1,2,1,15,,42,42,1,10,4,121.5265976,25.0441224
111,10,31,12,36,2,05中正區,中正區忠孝東路1段85號,0,0,1,2,H02,6,1,5,50,14,9,1,4,4,5,7,4,4,10,4,5,2,9,2,43,2,1,4,5,7,17,8,20,10,16,,60,42,1,22,5,121.5265976,25.0441224
111,10,31,12,48,2,01大同區,大同區重慶北路2段142號,0,0,1,1,C03,6,1,5,50,14,9,1,4,4,5,7,2,1,1,4,5,2,16,2,51,4,11,3,4,7,15,7,19,11,15,,17,17,2,22,9,121.5135669,25.05841816
111,10,31,12,48,2,01大同區,大同區重慶北路2段142號,0,0,1,2,C03,6,1,5,50,14,9,1,4,4,5,7,2,1,1,4,5,2,16,1,26,2,7,3,4,7,9,1,10,2,11,,17,17,1,22,9,121.5135669,25.05841816
111,10,31,12,48,2,01大同區,大同區重慶北路2段142號,0,0,1,3,B01,6,1,5,50,14,9,1,4,4,5,7,2,1,1,4,5,2,16,1,66,3,10,3,4,7,9,1,4,2,3,,44,17,1,22,9,121.5135669,25.05841816
111,10,31,12,58,2,08士林區,士林區延平北路7段106巷與堤外便道口,0,0,1,1,C03,6,1,5,30,3,2,1,4,4,5,7,4,4,10,5,5,1,13,2,24,2,9,1,1,7,9,1,10,2,12,,42,42,1,22,9,121.4961349,25.10174566
111,10,31,12,58,2,08士林區,士林區延平北路7段106巷與堤外便道口,0,0,1,2,B03,6,1,5,30,3,2,1,4,4,5,7,4,4,10,5,5,1,13,1,61,3,10,1,1,7,14,1,5,2,3,,44,42,1,22,9,121.4961349,25.10174566
111,10,31,12,58,2,08士林區,士林區延平北路7段106巷與堤外便道口,0,0,1,3,B12,6,1,5,30,3,2,1,4,4,5,7,4,4,10,5,5,1,13,1,55,3,10,1,1,7,15,1,8,2,15,,44,42,1,22,9,121.4961349,25.10174566
111,10,31,13,15,2,10文山區,文山區景福街175巷與景福街口,0,0,2,1,C03,6,1,5,30,4,1,1,4,4,5,7,3,1,5,5,5,2,15,2,66,2,8,1,4,7,9,1,10,2,14,,6,6,1,22,9,121.5372815,24.9948801
111,10,31,13,15,2,10文山區,文山區景福街175巷與景福街口,0,0,2,2,C03,6,1,5,30,4,1,1,4,4,5,7,3,1,5,5,5,2,15,1,23,2,8,1,4,7,9,1,10,2,11,,23,6,1,22,9,121.5372815,24.9948801
111,10,31,13,17,2,02萬華區,萬華區萬大路與萬大路85巷口,0,0,1,1,B12,6,1,5,50,4,1,1,4,4,5,7,2,1,1,4,5,2,11,1,43,3,10,1,1,7,5,1,8,1,2,,6,6,1,22,9,121.5005794,25.0303209
111,10,31,13,17,2,02萬華區,萬華區萬大路與萬大路85巷口,0,0,1,2,C03,6,1,5,50,4,1,1,4,4,5,7,2,1,1,4,5,2,11,1,21,2,9,1,1,7,9,1,10,1,11,,44,6,1,22,9,121.5005794,25.0303209
111,10,31,13,28,2,02萬華區,萬華區環河快速道路往北,0,0,1,1,B03,6,1,5,60,10,9,1,4,4,5,7,4,4,2,4,5,1,13,1,22,3,10,1,1,7,9,1,8,1,1,,23,16,1,22,9,121.5022322,25.04557156
111,10,31,13,28,2,02萬華區,萬華區環河快速道路往北,0,0,1,2,B01,6,1,5,60,10,9,1,4,4,5,7,4,4,2,4,5,1,13,1,48,3,10,1,1,7,14,1,4,1,3,,44,16,1,22,9,121.5022322,25.04557156
111,10,31,13,28,2,02萬華區,萬華區環河快速道路往北,0,0,1,3,H02,6,1,5,60,10,9,1,4,4,5,7,4,4,2,4,5,1,13,2,57,2,2,4,5,7,20,8,20,10,16,,67,16,1,22,9,121.5022322,25.04557156
111,10,31,13,30,2,03中山區,中山區林森北路與新生北路3段68巷口,0,0,1,1,B03,6,1,5,50,4,1,1,4,4,5,7,4,4,5,5,5,2,12,1,24,3,10,1,1,7,5,1,8,1,4,,8,8,1,22,9,121.5257038,25.0662006
111,10,31,13,30,2,03中山區,中山區林森北路與新生北路3段68巷口,0,0,1,2,C03,6,1,5,50,4,1,1,4,4,5,7,4,4,5,5,5,2,12,2,40,2,9,1,1,7,9,1,10,1,12,,26,8,1,22,9,121.5257038,25.0662006
111,10,31,13,30,2,07信義區,信義區吳興街156巷與吳興街156巷7弄口,0,0,1,1,C03,6,1,5,30,4,2,1,4,4,5,7,4,4,5,4,5,2,17,2,68,2,9,1,1,7,5,1,10,1,12,,8,8,1,22,9,121.5613054,25.0289405
111,10,31,13,30,2,07信義區,信義區吳興街156巷與吳興街156巷7弄口,0,0,1,2,B03,6,1,5,30,4,2,1,4,4,5,7,4,4,5,4,5,2,17,2,45,3,10,1,1,7,9,1,8,1,4,,14,8,1,22,9,121.5613054,25.0289405
111,10,31,13,40,2,04大安區,大安區羅斯福路3段283巷與羅斯福路3段口,0,0,1,1,B01,6,1,5,30,3,1,1,4,4,5,7,4,4,10,5,5,2,17,1,62,3,10,1,1,7,6,1,4,1,8,,6,6,1,22,9,121.5313063,25.01779496
111,10,31,13,40,2,04大安區,大安區羅斯福路3段283巷與羅斯福路3段口,0,0,1,2,C04,6,1,5,30,3,1,1,4,4,5,7,4,4,10,5,5,2,17,2,20,2,7,1,1,7,9,1,10,1,12,,44,6,1,22,9,121.5313063,25.01779496
111,10,31,14,30,2,05中正區,中正區和平西路2段與莒光路口,0,0,1,1,B12,6,1,5,50,3,2,1,4,4,5,7,4,4,1,4,5,2,12,1,45,3,10,1,1,7,1,1,8,1,2,,19,19,1,22,9,121.50764,25.03139498
111,10,31,14,30,2,05中正區,中正區和平西路2段與莒光路口,0,0,1,2,C03,6,1,5,50,3,2,1,4,4,5,7,4,4,1,4,5,2,12,2,29,2,9,1,1,7,1,1,10,1,14,,19,19,1,22,9,121.50764,25.03139498
111,10,31,14,53,2,11南港區,南港區研究院路1段與研究院路1段151巷口,0,0,1,1,B03,6,1,5,50,4,1,1,4,4,5,7,2,1,5,4,5,2,13,1,66,3,10,1,1,7,5,1,8,2,1,,16,16,1,21,8,121.6158731,25.0492332
111,10,31,14,53,2,11南港區,南港區研究院路1段與研究院路1段151巷口,0,0,1,2,C03,6,1,5,50,4,1,1,4,4,5,7,2,1,5,4,5,2,13,2,27,2,8,1,1,7,5,1,10,2,13,,44,16,1,21,8,121.6158731,25.0492332
111,10,31,15,25,2,07信義區,信義區信安街與嘉興街181巷口,0,0,2,1,C03,6,1,5,50,4,1,1,4,4,5,7,1,1,9,4,5,2,16,1,33,2,9,3,4,7,5,1,10,1,11,,8,8,1,22,9,121.5575007,25.0261315
111,10,31,15,25,2,07信義區,信義區信安街與嘉興街181巷口,0,0,2,2,C03,6,1,5,50,4,1,1,4,4,5,7,1,1,9,4,5,2,16,2,29,2,9,3,4,7,9,3,18,1,14,,44,8,1,22,9,121.5575007,25.0261315
111,10,31,15,26,2,08士林區,士林區仰德大道2段與仰德大道2段29巷口,0,0,1,1,B03,6,1,5,40,3,2,1,4,4,5,7,4,4,4,3,5,1,12,2,80,4,11,3,4,7,8,7,19,11,15,,7,7,2,22,9,121.5424635,25.1039567
111,10,31,15,26,2,08士林區,士林區仰德大道2段與仰德大道2段29巷口,0,0,1,2,C03,6,1,5,40,3,2,1,4,4,5,7,4,4,4,3,5,1,12,2,19,2,8,1,1,7,9,1,10,1,14,,13,7,1,22,9,121.5424635,25.1039567
111,10,31,16,15,2,03中山區,中山區新生北路2段與民生東路2段口,0,0,1,1,B03,6,1,5,50,4,1,1,4,4,5,7,1,1,5,4,5,1,17,2,55,3,10,1,1,7,5,1,8,1,1,,8,8,1,22,9,121.5277393,25.05806652
111,10,31,16,15,2,03中山區,中山區新生北路2段與民生東路2段口,0,0,1,2,C03,6,1,5,50,4,1,1,4,4,5,7,1,1,5,4,5,1,17,1,18,2,8,1,1,7,9,1,10,1,11,,13,8,1,22,9,121.5277393,25.05806652
111,10,31,16,19,2,08士林區,士林區中正路與承德路4段口,0,0,1,1,C03,6,1,5,50,4,1,1,4,4,5,7,2,1,3,3,5,1,17,1,30,4,11,3,4,7,15,7,19,11,15,,30,30,2,22,9,121.5167516,25.0908996
111,10,31,16,19,2,08士林區,士林區中正路與承德路4段口,0,0,1,2,C03,6,1,5,50,4,1,1,4,4,5,7,2,1,3,3,5,1,17,2,49,2,8,1,1,7,9,1,10,11,12,,13,30,1,22,9,121.5167516,25.0908996
111,10,31,16,40,2,01大同區,大同區西寧北路往南玉泉公園旁,0,0,1,1,C03,6,1,5,50,14,9,1,4,4,5,7,4,4,5,4,5,2,17,2,19,2,9,1,1,7,9,1,10,2,11,,23,23,1,22,9,121.5080242,25.05009414
111,10,31,16,40,2,01大同區,大同區西寧北路往南玉泉公園旁,0,0,1,2,A12,6,1,5,50,14,9,1,4,4,5,7,4,4,5,4,5,2,17,1,49,3,10,3,4,7,13,1,1,9,3,,42,23,1,22,9,121.5080242,25.05009414
111,10,31,16,53,2,09北投區,北投區立德路與立功街口,0,0,2,1,C03,6,1,5,50,4,1,1,4,4,5,7,2,1,9,4,5,1,12,2,37,2,8,1,1,7,5,1,10,1,14,,8,8,1,22,9,121.4716635,25.12534234
111,10,31,16,53,2,09北投區,北投區立德路與立功街口,0,0,2,2,C03,6,1,5,50,4,1,1,4,4,5,7,2,1,9,4,5,1,12,1,28,2,7,1,1,7,9,1,10,1,12,,43,8,1,22,9,121.4716635,25.12534234
111,10,31,16,53,2,09北投區,北投區立德路與立功街口,0,0,2,3,H02,6,1,5,50,4,1,1,4,4,5,7,2,1,9,4,5,1,12,2,22,3,10,1,5,7,20,8,20,10,16,,67,8,1,22,9,121.4716635,25.12534234
111,10,31,16,53,2,07信義區,信義區信義路4段468號,0,0,1,1,B03,6,1,5,50,4,1,1,4,4,5,7,1,1,3,4,5,2,13,1,47,3,10,1,1,7,9,1,8,2,1,,43,43,1,22,9,121.5593202,25.03275528
111,10,31,16,53,2,07信義區,信義區信義路4段468號,0,0,1,2,C03,6,1,5,50,4,1,1,4,4,5,7,1,1,3,4,5,2,13,2,26,2,8,1,1,7,9,1,10,2,13,,43,43,1,22,9,121.5593202,25.03275528
111,10,31,17,0,2,02萬華區,(長沙街二段136號),0,0,1,1,,6,3,5,50,4,1,1,4,4,5,7,4,4,5,4,5,2,15,4,,4,11,3,4,7,15,7,19,11,15,,43,,2,22,9,121.5032787,25.04041793
111,10,31,17,0,2,02萬華區,(長沙街二段136號),0,0,1,2,F01,6,3,5,50,4,1,1,4,4,5,7,4,4,5,4,5,2,15,2,66,2,9,3,4,7,9,8,20,9,16,,6,,1,22,9,121.5032787,25.04041793
111,10,31,17,25,2,07信義區,信義區忠孝東路5段295巷與忠孝東路5段295巷2弄口,0,0,1,1,B03,6,3,5,30,13,9,1,4,4,5,7,4,4,10,5,5,2,1,2,63,3,10,1,1,7,5,1,8,9,5,,8,8,1,22,9,121.5725746,25.0414786
111,10,31,17,25,2,07信義區,信義區忠孝東路5段295巷與忠孝東路5段295巷2弄口,0,0,1,2,H01,6,3,5,30,13,9,1,4,4,5,7,4,4,10,5,5,2,1,2,48,2,8,4,5,8,16,8,20,10,16,,67,8,1,22,9,121.5725746,25.0414786
111,10,31,17,43,2,07信義區,信義區吳興街220巷35號,0,0,1,1,B01,6,1,5,50,14,9,1,4,4,5,7,2,1,9,4,5,2,3,1,41,3,10,1,1,7,5,1,4,11,1,,15,8,1,22,9,121.5621744,25.0269928
111,10,31,17,43,2,07信義區,信義區吳興街220巷35號,0,0,1,2,H01,6,1,5,50,14,9,1,4,4,5,7,2,1,9,4,5,2,3,1,23,2,9,4,5,8,16,8,20,10,16,,67,8,1,22,9,121.5621744,25.0269928
111,10,31,17,44,2,04大安區,大安區四維路170巷與敦化南路2段口,0,0,1,1,B03,6,1,5,50,4,1,1,4,4,5,7,2,1,1,4,5,2,3,1,37,3,10,3,4,7,15,1,8,1,1,,15,23,1,22,9,121.5486453,25.0280622
111,10,31,17,44,2,04大安區,大安區四維路170巷與敦化南路2段口,0,0,1,2,H01,6,1,5,50,4,1,1,4,4,5,7,2,1,1,4,5,2,3,2,54,2,9,4,5,8,16,8,20,10,16,,67,23,1,22,9,121.5486453,25.0280622
111,10,31,17,55,2,08士林區,士林區美崙街118號與美崙街口前,0,0,1,1,B01,6,3,5,50,4,2,1,4,4,5,7,4,4,4,5,5,1,3,1,69,3,10,1,1,7,9,1,4,1,1,,15,15,1,22,9,121.5193646,25.09687669
111,10,31,17,55,2,08士林區,士林區美崙街118號與美崙街口前,0,0,1,2,H01,6,3,5,50,4,2,1,4,4,5,7,4,4,4,5,5,1,3,2,19,2,9,1,1,8,16,8,20,10,16,,67,15,1,22,9,121.5193646,25.09687669
111,10,31,17,55,2,09北投區,北投區石仙路42號,0,0,1,1,C03,6,3,5,40,14,9,1,4,4,5,7,4,4,5,2,5,2,17,2,46,2,8,1,1,7,9,1,10,9,11,,44,44,1,22,9,121.4889025,25.14310364
111,10,31,17,55,2,09北投區,北投區石仙路42號,0,0,1,2,B03,6,3,5,40,14,9,1,4,4,5,7,4,4,5,2,5,2,17,4,,4,11,3,4,7,15,7,19,11,15,,43,44,2,22,9,121.4889025,25.14310364
111,10,31,17,55,2,12內湖區,內湖區內湖路1段737巷36號前,0,0,1,1,C03,6,3,5,30,14,9,1,4,4,5,7,4,4,9,5,5,2,16,2,71,4,11,3,4,7,11,7,19,11,15,,10,10,2,22,9,121.5787644,25.08003681
111,10,31,17,55,2,12內湖區,內湖區內湖路1段737巷36號前,0,0,1,2,C03,6,3,5,30,14,9,1,4,4,5,7,4,4,9,5,5,2,16,1,27,2,8,1,1,7,9,1,10,1,12,,13,10,1,22,9,121.5787644,25.08003681
111,10,31,18,10,2,10文山區,文山區木新路3段45巷10弄202號汽車停車格,0,0,1,1,B12,6,3,5,30,14,9,1,4,4,5,7,4,4,10,5,5,2,17,2,35,3,10,3,4,7,13,1,8,1,4,,42,42,1,22,9,121.5627148,24.98072425
111,10,31,18,10,2,10文山區,文山區木新路3段45巷10弄202號汽車停車格,0,0,1,2,C03,6,3,5,30,14,9,1,4,4,5,7,4,4,10,5,5,2,17,2,63,2,9,1,4,7,9,1,10,1,12,,23,42,1,22,9,121.5627148,24.98072425
111,10,31,18,15,2,07信義區,信義區基隆路1段378號,0,0,2,1,C03,6,3,5,50,14,9,1,4,4,5,7,4,4,1,4,5,2,16,1,61,2,9,3,4,7,9,1,10,1,14,,43,42,1,22,9,121.5606434,25.03509437
111,10,31,18,15,2,07信義區,信義區基隆路1段378號,0,0,2,2,C03,6,3,5,50,14,9,1,4,4,5,7,4,4,1,4,5,2,16,1,58,2,9,3,4,7,9,1,10,1,12,,43,42,1,22,9,121.5606434,25.03509437
111,10,31,18,15,2,07信義區,信義區基隆路1段378號,0,0,2,3,B03,6,3,5,50,14,9,1,4,4,5,7,4,4,1,4,5,2,16,4,,4,11,3,4,7,15,7,19,11,15,,43,,2,22,9,121.5606434,25.03509437
111,10,31,18,31,2,04大安區,大安區忠孝東路3段與復興南路1段口,0,0,1,1,C03,6,3,5,50,4,2,1,4,4,5,7,2,1,1,4,5,2,12,1,21,2,7,1,1,7,6,1,10,1,12,,9,9,1,22,9,121.5436237,25.0415551
111,10,31,18,31,2,04大安區,大安區忠孝東路3段與復興南路1段口,0,0,1,2,C03,6,3,5,50,4,2,1,4,4,5,7,2,1,1,4,5,2,12,2,27,3,10,1,1,7,9,1,10,1,11,,44,9,1,22,9,121.5436237,25.0415551
111,10,31,18,34,2,12內湖區,內湖區南京東路6段539巷與石潭路口,0,0,1,1,C01,6,3,5,50,4,2,1,4,4,5,6,2,1,5,4,5,2,17,1,20,3,10,1,1,7,1,1,9,1,13,,44,44,1,22,9,121.5890185,25.06310942
111,10,31,18,34,2,12內湖區,內湖區南京東路6段539巷與石潭路口,0,0,1,2,A12,6,3,5,50,4,2,1,4,4,5,6,2,1,5,4,5,2,17,1,59,3,10,1,1,7,9,1,2,1,5,,23,44,1,22,9,121.5890185,25.06310942
111,10,31,18,34,2,12內湖區,內湖區南京東路6段539巷與石潭路口,0,0,1,3,H02,6,3,5,50,4,2,1,4,4,5,6,2,1,5,4,5,2,17,2,19,2,9,1,5,7,20,8,20,10,16,,67,44,1,22,9,121.5890185,25.06310942
111,10,31,18,35,2,04大安區,大安區潮州街72號與潮州街口,0,0,1,2,B12,6,3,5,30,5,2,1,4,4,5,7,2,1,8,3,5,1,16,1,32,3,10,1,1,7,9,1,5,1,4,,23,6,1,22,9,121.5243668,25.0291353
111,10,31,18,35,2,04大安區,大安區潮州街72號與潮州街口,0,0,1,1,C03,6,3,5,30,5,2,1,4,4,5,7,2,1,8,3,5,1,16,1,71,2,6,1,1,7,5,1,10,1,12,,6,6,1,22,9,121.5243668,25.0291353
111,10,31,19,8,2,06松山區,松山區東興路25號,0,0,1,1,C03,6,3,5,30,14,9,1,4,4,5,7,4,4,8,3,5,2,12,2,51,2,1,1,1,7,5,1,10,1,12,,6,6,1,22,9,121.5654534,25.04951814
111,10,31,19,8,2,06松山區,松山區東興路25號,0,0,1,2,B12,6,3,5,30,14,9,1,4,4,5,7,4,4,8,3,5,2,12,2,26,3,10,1,1,7,9,1,8,1,4,,23,6,1,22,9,121.5654534,25.04951814
111,10,31,19,14,2,12內湖區,內湖區東湖路113巷與康樂街72巷17弄口,0,0,1,1,B03,6,3,5,30,14,9,1,4,4,5,6,4,4,10,5,5,2,2,1,42,3,10,1,1,7,9,1,8,2,1,,23,23,1,22,9,121.6165698,25.07232111
111,10,31,19,14,2,12內湖區,內湖區東湖路113巷與康樂街72巷17弄口,0,0,1,2,H01,6,3,5,30,14,9,1,4,4,5,6,4,4,10,5,5,2,2,2,53,2,9,4,5,8,16,8,20,10,15,,67,23,1,22,9,121.6165698,25.07232111
111,10,31,19,17,2,12內湖區,內湖區內湖路2段73號,0,0,1,1,F01,6,3,5,50,14,9,1,4,4,5,7,4,4,9,4,5,1,10,4,,4,11,3,4,7,15,7,19,11,15,,43,43,2,22,9,121.5824127,25.07969771
111,10,31,19,17,2,12內湖區,內湖區內湖路2段73號,0,0,1,2,C03,6,3,5,50,14,9,1,4,4,5,7,4,4,9,4,5,1,10,1,25,2,8,1,1,7,9,1,10,1,11,,43,43,1,22,9,121.5824127,25.07969771
111,10,31,19,34,2,06松山區,松山區八德路3段12巷17弄35-4號,0,0,1,1,F03,6,3,5,30,14,9,1,4,4,5,7,4,4,10,4,5,2,2,1,29,3,10,1,2,7,9,8,20,1,16,,23,23,1,22,9,121.5520528,25.04674294
111,10,31,19,34,2,06松山區,松山區八德路3段12巷17弄35-4號,0,0,1,2,H01,6,3,5,30,14,9,1,4,4,5,7,4,4,10,4,5,2,2,1,44,2,5,4,5,8,16,8,20,1,16,,67,23,1,22,9,121.5520528,25.04674294
111,10,31,19,50,2,05中正區,中正區忠孝東路1段與林森北路口,0,0,1,1,C03,6,3,5,50,4,1,1,4,4,5,7,1,1,8,4,5,2,3,1,30,3,10,1,1,7,9,1,10,1,11,,15,44,1,22,9,121.5233795,25.0449105
111,10,31,19,50,2,05中正區,中正區忠孝東路1段與林森北路口,0,0,1,2,H01,6,3,5,50,4,1,1,4,4,5,7,1,1,8,4,5,2,3,1,86,2,1,4,5,8,16,8,20,10,16,,52,44,1,22,9,121.5233795,25.0449105
111,10,31,19,55,2,05中正區,中正區和平西路1段與和平西路1段55巷口,0,0,1,1,B03,6,3,5,50,3,2,1,4,4,5,7,4,4,1,4,5,2,12,1,60,3,10,1,1,7,9,1,8,1,2,,44,44,1,22,9,121.5199649,25.02667265
111,10,31,19,55,2,05中正區,中正區和平西路1段與和平西路1段55巷口,0,0,1,2,C03,6,3,5,50,3,2,1,4,4,5,7,4,4,1,4,5,2,12,2,21,2,9,1,1,7,7,1,10,1,14,,7,44,1,22,9,121.5199649,25.02667265
111,10,31,19,56,2,02萬華區,萬華區環河南路1段與忠孝西路2段口,0,0,1,1,C03,6,3,5,50,4,1,1,4,4,5,7,1,1,10,3,5,1,3,1,41,3,10,3,4,7,5,1,10,1,11,,43,43,1,22,9,121.5053839,25.0478375
111,10,31,19,56,2,02萬華區,萬華區環河南路1段與忠孝西路2段口,0,0,1,2,H01,6,3,5,50,4,1,1,4,4,5,7,1,1,10,3,5,1,3,2,21,2,8,4,5,8,16,8,20,1,16,,67,43,1,22,9,121.5053839,25.0478375
111,10,31,20,6,2,07信義區,信義區光復南路與菸廠路口,0,0,1,1,,6,3,5,50,4,2,1,4,3,5,7,2,1,1,4,5,2,29,3,,,,,,,,,,,,,61,61,1,,,121.5580942,25.0447986
111,10,31,20,6,2,07信義區,信義區光復南路與菸廠路口,0,0,1,2,C03,6,3,5,50,4,2,1,4,3,5,7,2,1,1,4,5,2,29,2,29,2,8,1,1,7,9,1,10,1,12,,44,61,1,22,9,121.5580942,25.0447986
111,10,31,20,44,2,10文山區,文山區辛亥路7段與辛亥路7段26巷口,0,0,1,1,B03,6,3,5,50,3,1,1,4,4,5,7,2,1,5,5,4,2,16,2,51,3,10,1,2,7,11,1,8,2,4,,11,11,1,22,8,121.5533602,24.98616858
111,10,31,20,44,2,10文山區,文山區辛亥路7段與辛亥路7段26巷口,0,0,1,2,C03,6,3,5,50,3,1,1,4,4,5,7,2,1,5,5,4,2,16,1,26,2,9,1,1,7,9,1,10,2,11,,44,11,1,22,9,121.5533602,24.98616858
111,10,31,21,5,2,01大同區,大同區環河北路2段與民族西路口,0,0,1,1,B02,6,3,5,50,3,1,1,4,4,5,7,2,1,1,4,5,2,17,1,41,3,10,1,1,7,6,1,8,1,15,,9,9,1,22,9,121.5092168,25.06865931
111,10,31,21,5,2,01大同區,大同區環河北路2段與民族西路口,0,0,1,2,C03,6,3,5,50,3,1,1,4,4,5,7,2,1,1,4,5,2,17,1,28,2,9,1,1,7,9,1,10,1,14,,26,9,1,22,9,121.5092168,25.06865931
111,10,31,21,22,2,01大同區,大同區延平北路2段213號,0,0,2,1,C03,6,1,5,50,14,9,1,4,4,5,7,4,4,5,4,5,2,16,1,33,2,8,1,1,7,1,1,10,2,14,,19,19,1,22,9,121.5114259,25.05971753
111,10,31,21,22,2,01大同區,大同區延平北路2段213號,0,0,2,2,C03,6,1,5,50,14,9,1,4,4,5,7,4,4,5,4,5,2,16,1,31,2,9,1,1,7,9,1,10,2,11,,44,19,1,22,9,121.5114259,25.05971753
111,10,31,22,0,2,03中山區,中山區北安路與敬業四路口,0,0,1,1,B03,6,3,5,50,4,2,1,4,4,5,7,2,1,1,4,4,2,12,1,34,3,10,3,4,7,8,1,8,1,4,,7,7,1,22,9,121.5583452,25.0846569
111,10,31,22,0,2,03中山區,中山區北安路與敬業四路口,0,0,1,2,C03,6,3,5,50,4,2,1,4,4,5,7,2,1,1,4,4,2,12,1,64,2,9,3,4,7,14,1,10,1,12,,44,7,1,22,9,121.5583452,25.0846569
111,10,31,23,20,2,05中正區,中正區汀州路2段143號前,0,0,2,1,C03,6,3,5,50,14,9,1,4,4,5,7,3,3,5,2,5,2,3,1,43,2,9,1,1,7,9,1,10,1,11,,23,23,1,22,9,121.5201062,25.0247927
111,10,31,23,20,2,05中正區,中正區汀州路2段143號前,0,0,2,2,H01,6,3,5,50,14,9,1,4,4,5,7,3,3,5,2,5,2,3,2,74,2,9,4,5,8,16,8,20,1,16,,52,23,1,22,9,121.5201062,25.0247927
111,10,31,23,35,2,05中正區,中正區思源街與汀州路3段30巷2弄口,0,0,2,1,C03,6,3,5,40,3,1,1,4,4,5,7,4,4,3,4,4,2,10,1,26,2,9,1,1,7,9,1,10,2,11,,23,23,1,22,9,121.5312645,25.01430382