發生年度,發生月,發生日,發生時-Hours,發生分,處理別-編號,區序,肇事地點,死亡人數,2-30日死亡人數,受傷人數,當事人序號,車種,天候,光線,道路類別,速限-速度限制,道路型態,事故位置,路面狀況1,路面狀況2,路面狀況3,道路障礙1,道路障礙2,號誌1,號誌2,車道劃分-分向,車道劃分-分道1,車道劃分-分道2,車道劃分-分道3,事故類型及型態,性別,年齡,受傷程度,主要傷處,安全帽,行動電話,車輛用途,當事者行動狀態,駕駛資格情形,駕駛執照種類,飲酒情形,車輛撞擊部位1,車輛撞擊部位2,肇因碼-個別,肇因碼-主要,個人肇逃否,職業,旅次目的,座標-X,座標-Y
111,10,31,23,35,2,05中正區,中正區思源街與汀州路3段30巷2弄口,0,0,2,2,F01,6,3,5,40,3,1,1,4,4,5,7,4,4,3,4,4,2,10,2,19,2,9,1,1,7,9,8,20,2,16,,26,23,1,22,9,121.5312645,25.01430382
111,10,31,23,36,2,01大同區,大同區延平北路1段與甘谷街口,0,0,2,1,B01,6,3,5,50,3,1,1,4,4,5,7,4,4,9,4,5,1,16,1,65,3,10,3,4,7,5,1,4,1,6,,8,8,1,22,9,121.5118341,25.05275927
111,10,31,23,36,2,01大同區,大同區延平北路1段與甘谷街口,0,0,2,2,C03,6,3,5,50,3,1,1,4,4,5,7,4,4,9,4,5,1,16,1,30,2,9,3,4,7,9,1,10,1,11,,44,8,1,22,9,121.5118341,25.05275927
111,10,31,23,36,2,01大同區,大同區延平北路1段與甘谷街口,0,0,2,3,H02,6,3,5,50,3,1,1,4,4,5,7,4,4,9,4,5,1,16,2,27,2,9,4,5,7,21,8,20,10,16,,67,8,1,22,9,121.5118341,25.05275927
111,10,31,23,49,2,07信義區,信義區信義路5段與松智路口,0,0,1,1,B03,6,3,5,50,14,18,1,4,4,5,7,1,1,3,4,5,2,2,1,32,3,10,3,4,7,6,1,8,2,8,,15,23,1,22,9,121.5655609,25.0328692
111,10,31,23,49,2,07信義區,信義區信義路5段與松智路口,0,0,1,2,H01,6,3,5,50,14,18,1,4,4,5,7,1,1,3,4,5,2,2,1,56,2,9,4,5,8,16,8,20,10,16,,52,23,1,22,9,121.5655609,25.0328692
111,10,31,23,55,2,02萬華區,萬華區中華路1段與長沙街2段口,0,0,1,2,C03,6,3,5,50,4,1,1,4,4,5,7,1,1,8,3,5,1,17,1,26,2,9,1,1,7,15,1,10,1,11,,23,10,1,22,9,121.5075965,25.0405397
111,10,31,23,55,2,02萬華區,萬華區中華路1段與長沙街2段口,0,0,1,1,B02,6,3,5,50,4,1,1,4,4,5,7,1,1,8,3,5,1,17,1,22,3,10,1,1,7,11,1,8,1,4,,10,10,1,22,9,121.5075965,25.0405397
111,11,1,0,43,2,01大同區,大同區鄭州路145號前迴轉道,0,0,1,1,C03,6,3,5,40,15,6,1,4,4,5,7,4,4,1,5,5,2,13,1,23,2,8,1,1,7,9,1,10,1,11,,23,23,1,22,9,121.5088797,25.05040538
111,11,1,0,43,2,01大同區,大同區鄭州路145號前迴轉道,0,0,1,2,B03,6,3,5,40,15,6,1,4,4,5,7,4,4,1,5,5,2,13,1,31,3,10,1,1,7,5,1,8,1,7,,44,23,1,22,9,121.5088797,25.05040538
111,11,1,1,8,2,08士林區,士林區建業路002號電燈桿,0,0,1,1,C03,6,3,5,50,14,9,1,4,4,5,7,4,4,9,5,5,2,17,1,19,2,9,1,1,7,9,1,10,1,11,,23,23,1,22,9,121.5465525,25.13556818
111,11,1,1,8,2,08士林區,士林區建業路002號電燈桿,0,0,1,2,B03,6,3,5,50,14,9,1,4,4,5,7,4,4,9,5,5,2,17,1,21,3,10,1,1,7,13,1,8,1,7,,44,23,1,22,9,121.5465525,25.13556818
111,11,1,5,5,2,01大同區,大同區民生西路與民生西路423巷口口,0,0,2,1,C03,6,3,5,50,4,1,1,4,4,5,7,2,1,5,5,5,2,3,2,65,2,1,1,1,7,9,1,11,2,11,,15,23,1,22,9,121.5088685,25.05691696
111,11,1,5,5,2,01大同區,大同區民生西路與民生西路423巷口口,0,0,2,2,H01,6,3,5,50,4,1,1,4,4,5,7,2,1,5,5,5,2,3,1,22,2,1,4,5,8,16,8,20,10,16,,52,23,1,22,9,121.5088685,25.05691696
111,11,1,5,39,2,12內湖區,內湖區內湖路1段411巷與內湖路1段口,0,0,1,1,C03,6,2,5,50,4,1,1,4,4,5,7,2,1,9,4,5,2,16,1,59,2,8,1,1,7,9,1,10,1,11,,25,25,1,22,9,121.5696907,25.08161646
111,11,1,5,39,2,12內湖區,內湖區內湖路1段411巷與內湖路1段口,0,0,1,2,B01,6,2,5,50,4,1,1,4,4,5,7,2,1,9,4,5,2,16,1,57,3,10,1,1,7,9,1,4,1,5,,44,25,1,22,9,121.5696907,25.08161646
111,11,1,5,52,1,09北投區,北投區中央北路2段29號,1,0,0,1,B03,6,1,5,50,14,9,1,4,4,5,7,2,1,8,4,5,2,3,1,38,3,10,1,1,7,9,1,8,2,5,,23,23,1,22,9,121.495658,25.136603
111,11,1,5,52,1,09北投區,北投區中央北路2段29號,1,0,0,2,H01,6,1,5,50,14,9,1,4,4,5,7,2,1,8,4,5,2,3,2,77,1,9,4,5,8,16,8,20,9,16,,51,23,1,22,9,121.495658,25.136603
111,11,1,6,21,2,07信義區,信義區松仁路與松勤街口,0,0,1,1,F01,6,1,5,50,4,1,1,4,4,5,7,2,1,9,4,5,2,16,1,63,3,10,1,1,7,9,8,20,1,16,,25,25,1,22,9,121.5683562,25.0318547
111,11,1,6,21,2,07信義區,信義區松仁路與松勤街口,0,0,1,2,C03,6,1,5,50,4,1,1,4,4,5,7,2,1,9,4,5,2,16,1,66,2,9,1,1,7,9,1,10,1,11,,14,25,1,22,9,121.5683562,25.0318547
111,11,1,7,10,2,05中正區,中正區辛亥路1段與辛亥路1段7巷口口,0,0,1,1,B03,6,1,5,30,14,9,1,4,4,5,7,4,4,1,4,5,2,16,1,46,3,10,1,1,7,6,1,8,1,8,,6,6,1,22,9,121.5278557,25.01884109
111,11,1,7,10,2,05中正區,中正區辛亥路1段與辛亥路1段7巷口口,0,0,1,2,C03,6,1,5,30,14,9,1,4,4,5,7,4,4,1,4,5,2,16,1,58,2,8,1,1,7,9,1,10,1,12,,14,6,1,22,9,121.5278557,25.01884109
111,11,1,7,24,2,05中正區,中正區中華路1段與中華路1段95巷口,0,0,1,1,C03,6,1,5,30,3,1,1,4,4,5,7,4,4,1,4,5,2,16,2,47,3,10,1,1,7,6,1,10,1,14,,6,6,1,22,9,121.5072364,25.03767139
111,11,1,7,24,2,05中正區,中正區中華路1段與中華路1段95巷口,0,0,1,2,C03,6,1,5,30,3,1,1,4,4,5,7,4,4,1,4,5,2,16,1,51,2,9,1,1,7,9,1,10,1,11,,23,6,1,22,9,121.5072364,25.03767139
111,11,1,7,30,2,03中山區,中山區北安路與自強隧道口圓環,0,0,1,1,B03,6,1,5,50,16,9,1,4,4,5,7,1,1,8,5,5,1,12,1,42,3,10,3,4,7,9,1,8,1,4,,44,44,1,22,9,121.5503449,25.08531863
111,11,1,7,30,2,03中山區,中山區北安路與自強隧道口圓環,0,0,1,2,C03,6,1,5,50,16,9,1,4,4,5,7,1,1,8,5,5,1,12,1,59,2,9,3,4,7,8,1,10,1,12,,7,44,1,22,9,121.5503449,25.08531863
111,11,1,7,30,2,09北投區,北投區公館路與西安街2段口口附近,0,0,1,1,B03,6,1,5,50,4,2,1,4,4,5,7,2,1,5,4,5,2,17,1,42,3,10,1,1,7,9,1,8,2,5,,23,23,1,22,9,121.5027076,25.1217412
111,11,1,7,30,2,09北投區,北投區公館路與西安街2段口口附近,0,0,1,2,C03,6,1,5,50,4,2,1,4,4,5,7,2,1,5,4,5,2,17,2,47,2,9,1,1,7,7,1,10,2,13,,7,23,1,22,9,121.5027076,25.1217412
111,11,1,7,41,2,02萬華區,萬華區成都路與環河南路1段口,0,0,1,1,B03,6,1,5,20,3,1,1,4,4,5,7,3,1,9,4,5,2,17,2,42,3,10,1,1,7,6,1,8,1,15,,9,9,1,22,9,121.500867,25.04395928
111,11,1,7,41,2,02萬華區,萬華區成都路與環河南路1段口,0,0,1,2,C03,6,1,5,20,3,1,1,4,4,5,7,3,1,9,4,5,2,17,1,60,2,9,1,1,7,9,1,10,1,15,,23,9,1,22,9,121.500867,25.04395928
111,11,1,7,45,2,12內湖區,內湖區成功路5段31號前,0,0,1,1,B03,6,1,5,40,14,8,1,4,4,5,7,4,4,1,4,4,2,17,1,82,3,10,1,1,7,2,1,8,2,8,,12,12,1,22,9,121.6033468,25.08312925
111,11,1,7,45,2,12內湖區,內湖區成功路5段31號前,0,0,1,2,C03,6,1,5,40,14,8,1,4,4,5,7,4,4,1,4,4,2,17,1,18,2,9,1,1,7,9,1,10,2,12,,44,12,1,22,9,121.6033468,25.08312925
111,11,1,8,19,2,04大安區,大安區金華街243巷與金華街口,0,0,1,1,B03,6,1,5,50,4,1,1,4,4,5,7,2,1,5,4,5,2,15,1,45,3,10,1,1,7,9,1,8,1,1,,6,6,1,22,9,121.5306326,25.0297658
111,11,1,8,19,2,04大安區,大安區金華街243巷與金華街口,0,0,1,2,C03,6,1,5,50,4,1,1,4,4,5,7,2,1,5,4,5,2,15,1,25,2,9,1,1,7,9,1,10,1,12,,44,6,1,22,9,121.5306326,25.0297658
111,11,1,8,30,2,02萬華區,萬華區西園路2段與西園路2段140巷口,0,0,1,1,B03,8,1,5,50,4,1,1,5,4,5,7,1,1,3,3,5,2,17,1,41,3,10,3,4,7,11,1,8,1,15,,10,10,1,22,9,121.4964298,25.0302255
111,11,1,8,30,2,02萬華區,萬華區西園路2段與西園路2段140巷口,0,0,1,2,C03,8,1,5,50,4,1,1,5,4,5,7,1,1,3,3,5,2,17,1,29,2,9,1,4,7,9,1,10,1,14,,44,10,1,22,9,121.4964298,25.0302255
111,11,1,8,40,2,04大安區,大安區辛亥路3段81號(迴轉道),0,0,1,1,B01,6,1,5,50,15,6,1,4,4,5,7,4,4,1,4,5,2,16,1,57,3,10,3,4,7,5,1,4,1,8,,17,23,1,22,9,121.5463805,25.0196513
111,11,1,8,40,2,04大安區,大安區辛亥路3段81號(迴轉道),0,0,1,2,C03,6,1,5,50,15,6,1,4,4,5,7,4,4,1,4,5,2,16,2,40,2,9,3,4,7,5,1,10,1,12,,44,23,1,22,9,121.5463805,25.0196513
111,11,1,8,59,2,01大同區,大同區重慶北路3段與重慶北路3段252巷口,0,0,1,1,B03,6,1,5,30,3,1,1,4,4,5,7,4,4,1,4,5,2,16,1,48,3,10,3,4,7,6,1,8,2,8,,9,9,1,22,9,121.5136782,25.07128949
111,11,1,8,59,2,01大同區,大同區重慶北路3段與重慶北路3段252巷口,0,0,1,2,C03,6,1,5,30,3,1,1,4,4,5,7,4,4,1,4,5,2,16,2,49,2,9,3,4,7,9,1,10,2,11,,44,9,1,22,9,121.5136782,25.07128949
111,11,1,8,59,2,01大同區,大同區重慶北路3段與重慶北路3段252巷口,0,0,1,3,A11,6,1,5,30,3,1,1,4,4,5,7,4,4,1,4,5,2,16,1,44,3,10,3,4,7,14,1,3,9,15,,38,9,1,22,9,121.5136782,25.07128949
111,11,1,9,9,2,06松山區,松山區民權東路5段1號,0,0,2,1,C03,6,1,5,50,14,9,1,4,4,5,7,4,4,1,4,5,2,16,2,26,2,9,1,1,7,9,1,10,2,14,,23,23,1,22,9,121.5646549,25.06311739
111,11,1,9,9,2,06松山區,松山區民權東路5段1號,0,0,2,2,C03,6,1,5,50,14,9,1,4,4,5,7,4,4,1,4,5,2,16,1,19,3,10,1,1,7,9,1,10,2,12,,44,23,1,22,9,121.5646549,25.06311739
111,11,1,9,9,2,06松山區,松山區民權東路5段1號,0,0,2,3,A02,6,1,5,50,14,9,1,4,4,5,7,4,4,1,4,5,2,16,1,42,3,10,1,1,7,9,1,2,2,1,,44,23,1,22,9,121.5646549,25.06311739
111,11,1,9,9,2,06松山區,松山區民權東路5段1號,0,0,2,4,H02,6,1,5,50,14,9,1,4,4,5,7,4,4,1,4,5,2,16,2,72,2,9,4,5,7,19,8,20,10,15,,67,23,1,22,9,121.5646549,25.06311739
111,11,1,9,10,2,04大安區,大安區信義路4段與光復南路口,0,0,1,1,C04,6,1,5,50,4,1,1,4,4,5,7,2,1,9,3,5,2,16,2,45,3,10,1,1,7,8,1,11,1,12,,7,7,1,22,9,121.5573622,25.0330926
111,11,1,9,10,2,04大安區,大安區信義路4段與光復南路口,0,0,1,2,C03,6,1,5,50,4,1,1,4,4,5,7,2,1,9,3,5,2,16,2,22,2,9,1,1,7,9,1,10,1,14,,44,7,1,22,9,121.5573622,25.0330926
111,11,1,9,45,2,05中正區,中正區基隆路4段與汀州路3段口口,0,0,1,1,B03,6,1,5,50,14,8,1,4,4,5,7,1,1,1,4,1,2,11,2,55,3,10,1,1,7,5,1,8,2,1,,6,6,1,22,9,121.5362882,25.01098242
111,11,1,9,45,2,05中正區,中正區基隆路4段與汀州路3段口口,0,0,1,2,C03,6,1,5,50,14,8,1,4,4,5,7,1,1,1,4,1,2,11,1,31,2,8,1,1,7,9,1,10,2,11,,44,6,1,22,9,121.5362882,25.01098242
111,11,1,9,49,2,01大同區,大同區重慶北路1段與南京西路口,0,0,1,1,C03,8,1,5,50,4,1,1,5,4,5,7,2,1,5,4,5,2,16,2,24,2,9,3,4,7,5,1,10,2,14,,8,8,1,22,9,121.5144356,25.05408565
111,11,1,9,49,2,01大同區,大同區重慶北路1段與南京西路口,0,0,1,2,C03,8,1,5,50,4,1,1,5,4,5,7,2,1,5,4,5,2,16,1,27,3,10,3,4,7,9,1,10,2,11,,44,8,1,22,9,121.5144356,25.05408565
111,11,1,9,49,2,12內湖區,內湖區環山路1段與環山路1段136巷口口,0,0,1,1,B03,6,1,5,50,4,1,1,4,4,5,7,2,1,5,4,5,2,16,1,49,3,10,1,1,7,5,1,8,1,2,,6,6,1,22,9,121.567928,25.08644264
111,11,1,9,49,2,12內湖區,內湖區環山路1段與環山路1段136巷口口,0,0,1,2,C03,6,1,5,50,4,1,1,4,4,5,7,2,1,5,4,5,2,16,1,20,2,9,1,1,7,9,1,10,1,11,,13,6,1,22,9,121.567928,25.08644264
111,11,1,9,52,2,04大安區,大安區仁愛路3段與新生南路1段口,0,0,1,1,C03,6,1,5,50,4,2,1,4,4,5,7,1,1,1,4,5,2,17,1,49,3,10,1,1,7,6,1,10,1,13,,9,38,1,22,9,121.5329279,25.0381302
111,11,1,9,52,2,04大安區,大安區仁愛路3段與新生南路1段口,0,0,1,2,C03,6,1,5,50,4,2,1,4,4,5,7,1,1,1,4,5,2,17,1,47,2,9,1,1,7,9,1,10,1,12,,23,38,1,22,9,121.5329279,25.0381302
111,11,1,9,56,2,08士林區,士林區百齡橋往社子,0,0,4,1,C03,7,1,5,50,14,11,1,5,4,5,7,4,4,3,4,4,2,2,1,21,2,9,1,1,7,9,1,10,1,11,,23,,1,22,9,121.5141334,25.08969409
111,11,1,9,56,2,08士林區,士林區百齡橋往社子,0,0,4,2,H01,7,1,5,50,14,11,1,5,4,5,7,4,4,3,4,4,2,2,1,61,2,9,4,5,8,16,8,20,10,16,,67,,1,22,9,121.5141334,25.08969409
111,11,1,9,56,2,08士林區,士林區百齡橋往社子,0,0,4,3,C03,7,1,5,50,14,11,1,5,4,5,7,4,4,3,4,4,2,2,1,45,2,9,1,1,7,9,1,10,1,12,,16,,1,22,9,121.5141334,25.08969409
111,11,1,9,56,2,08士林區,士林區百齡橋往社子,0,0,4,4,B01,7,1,5,50,14,11,1,5,4,5,7,4,4,3,4,4,2,2,1,54,2,9,1,1,7,14,1,8,1,7,,44,,1,22,9,121.5141334,25.08969409
111,11,1,10,13,2,07信義區,信義區信安街67巷與信安街口,0,0,1,1,B03,6,1,5,50,4,2,1,4,4,5,7,1,1,8,5,5,2,13,1,45,3,10,1,1,7,9,1,8,1,1,,23,23,1,22,9,121.5573595,25.0259667
111,11,1,10,13,2,07信義區,信義區信安街67巷與信安街口,0,0,1,2,C03,6,1,5,50,4,2,1,4,4,5,7,1,1,8,5,5,2,13,1,40,2,9,1,1,7,5,1,10,1,13,,44,23,1,22,9,121.5573595,25.0259667
111,11,1,10,16,2,04大安區,大安區和平東路2段86號,0,0,1,1,C03,6,1,5,50,14,7,1,4,4,5,7,4,4,1,4,4,2,17,2,60,3,10,1,1,7,9,1,10,1,14,,44,44,1,22,9,121.5394574,25.0253678
111,11,1,10,16,2,04大安區,大安區和平東路2段86號,0,0,1,2,C03,6,1,5,50,14,7,1,4,4,5,7,4,4,1,4,4,2,17,2,47,2,9,1,1,7,9,1,10,1,11,,16,44,1,22,9,121.5394574,25.0253678
111,11,1,10,33,2,08士林區,士林區中正路與中正路212巷口,0,0,2,2,C03,6,1,5,50,4,2,1,4,4,5,7,1,1,10,4,5,1,17,1,18,2,8,1,1,7,9,1,10,1,11,,44,6,1,22,9,121.5263186,25.09547504
111,11,1,10,33,2,08士林區,士林區中正路與中正路212巷口,0,0,2,3,C03,6,1,5,50,4,2,1,4,4,5,7,1,1,10,4,5,1,17,2,19,2,8,1,1,7,9,1,10,9,12,,44,6,1,22,9,121.5263186,25.09547504
111,11,1,10,33,2,08士林區,士林區中正路與中正路212巷口,0,0,2,1,B12,6,1,5,50,4,2,1,4,4,5,7,1,1,10,4,5,1,17,1,68,3,10,1,1,7,5,1,8,1,2,,6,6,1,22,9,121.5263186,25.09547504
111,11,1,10,50,2,12內湖區,內湖區行善路與新湖二路口,0,0,1,1,B03,6,1,5,50,4,2,1,4,4,5,7,1,1,1,4,5,2,12,1,50,3,10,1,1,7,6,1,8,1,2,,9,9,1,22,9,121.5856165,25.0648363
111,11,1,10,50,2,12內湖區,內湖區行善路與新湖二路口,0,0,1,2,C03,6,1,5,50,4,2,1,4,4,5,7,1,1,1,4,5,2,12,1,65,2,9,1,1,7,9,1,10,1,14,,26,9,1,22,9,121.5856165,25.0648363
111,11,1,10,50,2,12內湖區,內湖區陽光街321巷18號,0,0,1,1,C03,6,1,5,50,11,9,1,4,4,5,7,4,4,9,5,5,1,16,1,23,2,9,1,1,7,1,1,10,1,11,,19,19,1,22,9,121.5789268,25.07269573
111,11,1,10,50,2,12內湖區,內湖區陽光街321巷18號,0,0,1,2,B03,6,1,5,50,11,9,1,4,4,5,7,4,4,9,5,5,1,16,2,30,3,10,1,1,7,11,1,8,1,4,,10,19,1,22,9,121.5789268,25.07269573
111,11,1,10,55,2,07信義區,信義區基隆路1段176號,0,0,1,1,B12,6,1,5,30,11,9,1,4,4,5,1,4,4,10,5,5,2,11,2,51,3,10,1,1,7,5,1,8,1,1,,6,6,1,22,8,121.5648805,25.04320038
111,11,1,10,55,2,07信義區,信義區基隆路1段176號,0,0,1,2,C03,6,1,5,30,11,9,1,4,4,5,1,4,4,10,5,5,2,11,1,43,2,7,1,1,7,9,1,10,1,11,,44,6,1,22,8,121.5648805,25.04320038
111,11,1,11,1,2,08士林區,士林區芝玉路2段52巷與芝玉路2段口,0,0,1,1,C03,7,1,5,30,5,1,1,4,4,5,7,4,4,10,5,5,1,15,2,53,3,10,1,1,7,15,1,10,1,11,,6,6,1,22,9,121.5348176,25.1116292
111,11,1,11,1,2,08士林區,士林區芝玉路2段52巷與芝玉路2段口,0,0,1,2,C03,7,1,5,30,5,1,1,4,4,5,7,4,4,10,5,5,1,15,2,20,2,9,1,1,7,9,1,10,1,12,,14,6,1,22,9,121.5348176,25.1116292
111,11,1,11,30,2,03中山區,中山區南京西路6號,0,0,1,1,A12,8,1,5,40,14,9,1,5,4,5,7,4,4,1,3,4,1,9,1,38,3,10,1,1,7,2,1,8,9,6,,12,12,1,22,9,121.5220157,25.05216315
111,11,1,11,30,2,03中山區,中山區南京西路6號,0,0,1,2,H01,8,1,5,40,14,9,1,5,4,5,7,4,4,1,3,4,1,9,2,65,2,1,4,5,8,16,8,20,10,16,,67,12,1,22,9,121.5220157,25.05216315
111,11,1,11,50,2,07信義區,信義區松壽路與松智路口,0,0,4,1,B03,6,1,5,50,4,1,1,4,4,5,7,1,1,5,4,5,2,15,2,74,2,8,3,4,7,9,1,8,9,4,,25,25,1,22,9,121.5655049,25.0358325
111,11,1,11,50,2,07信義區,信義區松壽路與松智路口,0,0,4,2,B03,6,1,5,50,4,1,1,4,4,5,7,1,1,5,4,5,2,15,2,46,3,10,3,4,7,9,1,8,9,1,,44,25,1,22,9,121.5655049,25.0358325
111,11,1,11,50,2,07信義區,信義區松壽路與松智路口,0,0,4,3,H02,6,1,5,50,4,1,1,4,4,5,7,1,1,5,4,5,2,15,2,67,2,3,3,4,7,20,8,20,10,16,,67,25,1,22,9,121.5655049,25.0358325
111,11,1,11,50,2,07信義區,信義區松壽路與松智路口,0,0,4,4,H02,6,1,5,50,4,1,1,4,4,5,7,1,1,5,4,5,2,15,2,68,2,2,3,5,7,20,8,20,10,16,,67,25,1,22,9,121.5655049,25.0358325
111,11,1,11,50,2,07信義區,信義區松壽路與松智路口,0,0,4,5,H02,6,1,5,50,4,1,1,4,4,5,7,1,1,5,4,5,2,15,2,68,2,1,3,4,7,20,8,20,10,16,,67,25,1,22,9,121.5655049,25.0358325
111,11,1,12,26,2,04大安區,大安區大安路1段與大安路1段84巷口,0,0,1,1,B03,6,1,5,30,4,1,1,4,4,5,7,4,4,8,3,5,1,15,2,39,3,10,1,1,7,9,1,8,1,1,,6,6,1,22,9,121.5461231,25.0409775
111,11,1,12,26,2,04大安區,大安區大安路1段與大安路1段84巷口,0,0,1,2,C03,6,1,5,30,4,1,1,4,4,5,7,4,4,8,3,5,1,15,1,55,2,8,1,1,7,9,1,10,1,11,,14,6,1,22,9,121.5461231,25.0409775
111,11,1,12,38,2,08士林區,士林區格致路3號,0,0,2,1,B03,6,1,5,40,14,9,1,4,4,5,7,4,4,4,3,5,1,17,1,28,3,10,1,1,7,1,1,8,1,1,,19,19,1,22,9,121.5459993,25.1353016
111,11,1,12,38,2,08士林區,士林區格致路3號,0,0,2,2,C03,6,1,5,40,14,9,1,4,4,5,7,4,4,4,3,5,1,17,1,21,2,7,1,1,7,9,1,10,1,12,,44,19,1,22,9,121.5459993,25.1353016
111,11,1,12,38,2,08士林區,士林區格致路3號,0,0,2,3,H02,6,1,5,40,14,9,1,4,4,5,7,4,4,4,3,5,1,17,2,21,2,8,1,5,7,17,8,20,10,16,,67,19,1,22,9,121.5459993,25.1353016
111,11,1,12,45,2,03中山區,中山區樂群一路與明水路口,0,0,1,1,C03,6,1,5,50,3,1,1,4,4,5,7,1,1,1,4,1,2,16,2,20,2,9,1,1,7,5,1,10,1,14,,8,8,1,22,9,121.5510592,25.0772999
111,11,1,12,45,2,03中山區,中山區樂群一路與明水路口,0,0,1,2,B03,6,1,5,50,3,1,1,4,4,5,7,1,1,1,4,1,2,16,1,47,3,10,3,4,7,5,1,8,1,2,,17,8,1,22,9,121.5510592,25.0772999
111,11,1,13,32,2,05中正區,中正區濟南路2段與泰安街口,0,0,1,1,B03,6,1,5,50,3,1,1,4,4,5,7,4,4,9,5,5,2,12,1,38,3,10,1,1,7,5,1,8,1,8,,8,8,1,2,1,121.5283681,25.0410536
111,11,1,13,32,2,05中正區,中正區濟南路2段與泰安街口,0,0,1,2,C03,6,1,5,50,3,1,1,4,4,5,7,4,4,9,5,5,2,12,1,24,2,9,1,1,7,9,1,10,1,12,,23,8,1,4,1,121.5283681,25.0410536
111,11,1,13,54,2,05中正區,中正區羅斯福路3段與新生南路3段口,0,0,1,1,B03,6,1,5,50,3,1,1,4,4,5,7,2,1,3,4,5,2,17,1,54,4,11,3,4,7,15,7,19,11,15,,25,25,2,22,9,121.5325745,25.0164332
111,11,1,13,54,2,05中正區,中正區羅斯福路3段與新生南路3段口,0,0,1,2,A02,6,1,5,50,3,1,1,4,4,5,7,2,1,3,4,5,2,17,1,36,3,10,1,1,7,9,1,2,2,1,,44,25,1,22,9,121.5325745,25.0164332
111,11,1,13,54,2,05中正區,中正區羅斯福路3段與新生南路3段口,0,0,1,3,H02,6,1,5,50,3,1,1,4,4,5,7,2,1,3,4,5,2,17,2,75,2,1,4,5,7,17,8,20,10,16,,67,25,1,22,9,121.5325745,25.0164332
111,11,1,14,0,2,05中正區,中正區濟南路2段13號,0,0,1,1,B03,6,1,5,50,14,9,1,4,4,5,7,4,4,9,5,5,2,12,1,50,3,10,1,1,7,1,1,8,2,8,,19,19,1,22,9,121.5273096,25.0412725
111,11,1,14,0,2,05中正區,中正區濟南路2段13號,0,0,1,2,C03,6,1,5,50,14,9,1,4,4,5,7,4,4,9,5,5,2,12,2,52,2,9,1,1,7,9,1,10,2,12,,44,19,1,22,9,121.5273096,25.0412725
111,11,1,14,0,2,07信義區,信義區吳興街231號,0,0,1,2,H01,6,1,5,30,14,9,1,4,4,5,5,2,1,5,2,5,2,3,1,34,3,10,4,5,8,16,8,20,1,16,,51,23,1,22,8,121.5632253,25.02762107
111,11,1,14,0,2,07信義區,信義區吳興街231號,0,0,1,1,C03,6,1,5,30,14,9,1,4,4,5,5,2,1,5,2,5,2,3,1,23,2,7,1,1,7,9,1,10,1,11,,23,23,1,22,8,121.5632253,25.02762107
111,11,1,14,4,2,02萬華區,萬華區民和街與寶興街口,0,0,1,1,B12,6,1,5,30,3,1,1,4,4,5,7,4,4,10,5,5,1,16,1,42,2,9,1,4,7,14,1,8,1,8,,6,6,1,22,9,121.4951335,25.0242964
111,11,1,14,4,2,02萬華區,萬華區民和街與寶興街口,0,0,1,2,A12,6,1,5,30,3,1,1,4,4,5,7,4,4,10,5,5,1,16,1,59,3,10,1,4,7,9,1,7,1,1,,44,6,1,22,9,121.4951335,25.0242964
111,11,1,14,13,2,04大安區,大安區永康街與潮州街口,0,0,1,1,B12,6,1,5,30,4,1,1,4,4,5,3,4,4,10,5,5,2,15,1,48,3,10,1,1,7,9,1,2,1,8,,6,6,1,22,9,121.5296119,25.0283798
111,11,1,14,13,2,04大安區,大安區永康街與潮州街口,0,0,1,2,C03,6,1,5,30,4,1,1,4,4,5,3,4,4,10,5,5,2,15,2,22,2,9,1,1,7,9,1,10,1,11,,23,6,1,22,9,121.5296119,25.0283798
111,11,1,14,20,2,10文山區,文山區辛亥路4段與辛亥路4段166巷口,0,0,2,1,C03,7,1,5,50,3,1,1,5,4,5,7,1,1,1,4,5,2,16,2,42,2,9,1,1,7,11,1,10,1,12,,10,10,1,22,9,121.5562753,25.003587
111,11,1,14,20,2,10文山區,文山區辛亥路4段與辛亥路4段166巷口,0,0,2,2,C03,7,1,5,50,3,1,1,5,4,5,7,1,1,1,4,5,2,16,1,26,2,9,1,1,7,9,1,10,1,11,,44,10,1,22,9,121.5562753,25.003587
111,11,1,14,27,2,06松山區,松山區南京東路4段133巷與南京東路4段133巷4弄口,0,0,1,1,C03,6,1,5,30,4,1,1,4,4,5,7,4,4,9,4,5,2,10,1,37,2,9,1,1,7,9,1,10,1,12,,6,6,1,22,9,121.5551128,25.0522206
111,11,1,14,27,2,06松山區,松山區南京東路4段133巷與南京東路4段133巷4弄口,0,0,1,2,B12,6,1,5,30,4,1,1,4,4,5,7,4,4,9,4,5,2,10,1,41,3,10,1,1,7,9,1,8,1,1,,23,6,1,22,9,121.5551128,25.0522206
111,11,1,14,35,2,11南港區,南港區玉成街與玉成街140巷口,0,0,3,1,B12,6,1,5,50,3,1,1,4,4,5,7,4,4,5,4,5,2,3,1,73,3,10,1,1,7,11,1,8,2,1,,15,23,1,21,8,121.5832673,25.0450677
111,11,1,14,35,2,11南港區,南港區玉成街與玉成街140巷口,0,0,3,2,H01,6,1,5,50,3,1,1,4,4,5,7,4,4,5,4,5,2,3,1,87,2,8,4,5,8,16,8,20,10,16,,67,23,1,21,8,121.5832673,25.0450677
111,11,1,14,35,2,11南港區,南港區玉成街與玉成街140巷口,0,0,3,3,H01,6,1,5,50,3,1,1,4,4,5,7,4,4,5,4,5,2,3,2,86,2,2,4,5,8,16,8,20,10,16,,67,23,1,21,8,121.5832673,25.0450677