發生年度,發生月,發生日,發生時-Hours,發生分,處理別-編號,區序,肇事地點,死亡人數,2-30日死亡人數,受傷人數,當事人序號,車種,天候,光線,道路類別,速限-速度限制,道路型態,事故位置,路面狀況1,路面狀況2,路面狀況3,道路障礙1,道路障礙2,號誌1,號誌2,車道劃分-分向,車道劃分-分道1,車道劃分-分道2,車道劃分-分道3,事故類型及型態,性別,年齡,受傷程度,主要傷處,安全帽,行動電話,車輛用途,當事者行動狀態,駕駛資格情形,駕駛執照種類,飲酒情形,車輛撞擊部位1,車輛撞擊部位2,肇因碼-個別,肇因碼-主要,個人肇逃否,職業,旅次目的,座標-X,座標-Y
111,11,1,14,35,2,11南港區,南港區玉成街與玉成街140巷口,0,0,3,4,H01,6,1,5,50,3,1,1,4,4,5,7,4,4,5,4,5,2,3,2,53,2,7,4,5,8,16,8,20,10,16,,67,23,1,21,8,121.5832673,25.0450677
111,11,1,14,43,2,02萬華區,萬華區環河南路2段與桂林路口,0,0,1,1,C03,6,1,5,50,4,2,1,4,4,5,7,1,1,10,5,5,2,17,1,58,3,10,3,4,7,6,1,10,1,12,,9,9,1,22,9,121.4969611,25.03843712
111,11,1,14,43,2,02萬華區,萬華區環河南路2段與桂林路口,0,0,1,2,C03,6,1,5,50,4,2,1,4,4,5,7,1,1,10,5,5,2,17,2,45,2,8,3,4,7,9,1,10,1,14,,44,9,1,22,9,121.4969611,25.03843712
111,11,1,14,56,2,10文山區,文山區興隆路3段與興隆路4段1巷口口,0,0,1,1,C03,6,1,5,50,3,1,1,4,4,5,6,2,1,1,4,5,2,17,1,42,3,10,1,1,7,5,6,18,1,15,,6,6,1,22,9,121.5588779,24.991314
111,11,1,14,56,2,10文山區,文山區興隆路3段與興隆路4段1巷口口,0,0,1,2,C03,6,1,5,50,3,1,1,4,4,5,6,2,1,1,4,5,2,17,1,24,2,8,1,1,7,9,1,10,1,15,,13,6,1,22,9,121.5588779,24.991314
111,11,1,15,10,2,04大安區,大安區新生南路1段155號,0,0,1,1,C03,6,1,5,0,15,20,1,4,4,5,7,4,4,10,5,5,2,18,1,60,2,8,1,1,7,9,1,10,1,14,,23,23,1,22,9,121.5329231,25.0351036
111,11,1,15,10,2,04大安區,大安區新生南路1段155號,0,0,1,2,,6,1,5,0,15,20,1,4,4,5,7,4,4,10,5,5,2,18,3,,,,,,,,,,,,,67,23,1,,,121.5329231,25.0351036
111,11,1,15,20,2,01大同區,大同區環河北路1段與鄭州路口,0,0,1,1,C03,6,1,5,50,4,1,1,4,4,5,7,1,1,5,2,5,2,17,2,50,2,7,1,1,7,9,1,10,2,14,,13,13,1,22,9,121.5068974,25.05076424
111,11,1,15,20,2,01大同區,大同區環河北路1段與鄭州路口,0,0,1,2,B12,6,1,5,50,4,1,1,4,4,5,7,1,1,5,2,5,2,17,1,33,3,10,1,1,7,9,1,8,2,6,,44,13,1,22,9,121.5068974,25.05076424
111,11,1,16,3,2,07信義區,信義區基隆路2段107-8號,0,0,1,1,,6,1,5,50,14,9,1,4,4,5,7,4,4,10,5,5,2,2,4,,4,11,3,4,7,15,7,19,11,15,,43,43,2,22,9,121.557881,25.02913092
111,11,1,16,3,2,07信義區,信義區基隆路2段107-8號,0,0,1,2,H01,6,1,5,50,14,9,1,4,4,5,7,4,4,10,5,5,2,2,1,10,2,9,4,5,8,16,8,20,10,16,,67,43,1,22,9,121.557881,25.02913092
111,11,1,17,3,2,07信義區,信義區吳興街220巷與吳興街220巷59弄口,0,0,1,1,B03,6,3,5,50,3,2,1,4,4,5,7,2,1,5,2,5,2,12,1,30,3,10,1,1,7,10,1,8,1,15,,7,7,1,22,9,121.5615899,25.02643359
111,11,1,17,3,2,07信義區,信義區吳興街220巷與吳興街220巷59弄口,0,0,1,2,C03,6,3,5,50,3,2,1,4,4,5,7,2,1,5,2,5,2,12,1,21,2,8,1,1,7,9,1,10,1,12,,23,7,1,22,9,121.5615899,25.02643359
111,11,1,17,19,2,10文山區,文山區萬芳路50號,0,0,1,1,B11,6,1,5,40,14,9,1,4,4,5,7,1,1,5,4,5,2,17,1,46,3,10,3,4,7,11,1,8,2,7,,10,10,1,22,9,121.5708011,24.99672053
111,11,1,17,19,2,10文山區,文山區萬芳路50號,0,0,1,2,C03,6,1,5,40,14,9,1,4,4,5,7,1,1,5,4,5,2,17,1,22,2,9,3,4,7,9,1,10,2,11,,13,10,1,22,9,121.5708011,24.99672053
111,11,1,17,20,2,10文山區,文山區新光路2段與文和橋口頭,0,0,1,1,C03,6,3,5,50,14,9,1,4,4,5,7,1,1,4,5,5,2,13,1,58,2,9,1,1,7,9,1,10,2,11,,16,16,1,22,9,121.5963042,25.0012659
111,11,1,17,20,2,10文山區,文山區新光路2段與文和橋口頭,0,0,1,2,B03,6,3,5,50,14,9,1,4,4,5,7,1,1,4,5,5,2,13,1,75,3,10,1,4,7,9,1,8,2,6,,44,16,1,22,9,121.5963042,25.0012659
111,11,1,17,21,2,08士林區,士林區中正路與志成街口,0,0,1,1,B02,8,3,5,50,3,1,1,5,4,5,7,1,1,3,5,5,1,16,1,65,3,10,1,1,7,5,1,8,9,6,,8,8,1,22,9,121.530273,25.09625202
111,11,1,17,21,2,08士林區,士林區中正路與志成街口,0,0,1,2,C03,8,3,5,50,3,1,1,5,4,5,7,1,1,3,5,5,1,16,1,18,2,9,1,1,7,9,1,10,9,11,,23,8,1,22,9,121.530273,25.09625202
111,11,1,17,55,2,09北投區,北投區大業路157號,0,0,1,1,B03,6,1,5,50,14,9,1,4,4,5,7,4,4,1,4,5,1,12,2,35,3,10,1,1,7,6,1,8,1,15,,9,9,1,22,9,121.4986958,25.12483579
111,11,1,17,55,2,09北投區,北投區大業路157號,0,0,1,2,C03,6,1,5,50,14,9,1,4,4,5,7,4,4,1,4,5,1,12,1,34,2,9,1,1,7,9,1,10,1,12,,44,9,1,22,9,121.4986958,25.12483579
111,11,1,18,3,2,12內湖區,內湖區行善路與行善路168巷口,0,0,3,1,C03,8,3,5,50,3,1,1,4,4,5,7,4,4,5,5,5,1,9,1,30,2,9,1,1,7,21,1,10,1,14,,6,6,1,22,9,121.5788681,25.05831754
111,11,1,18,3,2,12內湖區,內湖區行善路與行善路168巷口,0,0,3,2,H02,8,3,5,50,3,1,1,4,4,5,7,4,4,5,5,5,1,9,2,28,2,9,1,1,7,20,8,20,10,16,,67,6,1,22,9,121.5788681,25.05831754
111,11,1,18,3,2,12內湖區,內湖區行善路與行善路168巷口,0,0,3,3,C03,8,3,5,50,3,1,1,4,4,5,7,4,4,5,5,5,1,9,2,21,2,9,1,1,7,9,1,10,1,11,,13,6,1,22,9,121.5788681,25.05831754
111,11,1,18,10,2,11南港區,南港區市民大道7段與市民大道7段口5號車道出入口,0,0,1,1,C03,6,3,5,50,3,1,1,4,4,5,7,4,4,10,3,5,2,16,2,26,2,8,3,4,7,1,1,10,1,13,,19,19,1,22,9,121.5808265,25.04948133
111,11,1,18,10,2,11南港區,南港區市民大道7段與市民大道7段口5號車道出入口,0,0,1,2,B03,6,3,5,50,3,1,1,4,4,5,7,4,4,10,3,5,2,16,2,61,3,10,3,4,7,9,1,8,1,5,,44,19,1,22,9,121.5808265,25.04948133
111,11,1,18,23,2,04大安區,大安區大安路1段與敦化南路1段190巷口,0,0,1,1,C03,6,3,5,30,4,1,1,4,4,5,7,4,4,10,4,5,2,15,1,43,2,8,1,1,7,9,1,10,1,14,,26,26,1,22,9,121.5461697,25.0426734
111,11,1,18,23,2,04大安區,大安區大安路1段與敦化南路1段190巷口,0,0,1,2,B02,6,3,5,30,4,1,1,4,4,5,7,4,4,10,4,5,2,15,1,34,3,10,1,1,7,9,1,4,1,1,,44,26,1,22,9,121.5461697,25.0426734
111,11,1,18,29,2,03中山區,中山區復興北路514巷56號,0,0,2,1,C03,6,3,5,50,14,9,1,4,4,5,7,4,4,9,4,5,2,3,2,28,2,9,3,4,7,9,1,10,1,11,,23,23,1,22,9,121.5423871,25.0660229
111,11,1,18,29,2,03中山區,中山區復興北路514巷56號,0,0,2,2,H01,6,3,5,50,14,9,1,4,4,5,7,4,4,9,4,5,2,3,1,55,2,9,4,5,8,16,8,20,10,16,,67,23,1,22,9,121.5423871,25.0660229
111,11,1,18,30,2,04大安區,大安區基隆路2段與通化街171巷口,0,0,1,1,B03,6,3,5,50,4,1,1,4,4,5,7,1,1,9,4,5,1,17,2,32,3,10,1,1,7,5,1,8,1,5,,25,25,1,22,9,121.555959,25.0274604
111,11,1,18,30,2,04大安區,大安區基隆路2段與通化街171巷口,0,0,1,2,C03,6,3,5,50,4,1,1,4,4,5,7,1,1,9,4,5,1,17,1,25,2,7,1,1,7,9,1,10,1,11,,44,25,1,22,9,121.555959,25.0274604
111,11,1,18,35,2,03中山區,中山區長安東路2段141號,0,0,1,1,C03,6,3,5,50,14,9,1,4,4,5,7,4,4,5,4,5,2,16,1,21,2,9,3,4,7,9,1,10,1,14,,44,44,1,22,9,121.5375182,25.0484365
111,11,1,18,35,2,03中山區,中山區長安東路2段141號,0,0,1,2,B03,6,3,5,50,14,9,1,4,4,5,7,4,4,5,4,5,2,16,1,66,3,10,3,4,7,8,1,8,1,2,,7,44,1,22,9,121.5375182,25.0484365
111,11,1,18,38,2,04大安區,大安區信義路4段與信義路4段294巷口,0,0,1,1,B01,6,3,5,50,15,18,1,4,4,5,7,1,1,10,5,5,2,3,1,65,3,10,1,1,7,6,1,4,1,1,,15,15,1,22,9,121.5544519,25.0330849
111,11,1,18,38,2,04大安區,大安區信義路4段與信義路4段294巷口,0,0,1,2,H01,6,3,5,50,15,18,1,4,4,5,7,1,1,10,5,5,2,3,2,59,2,9,4,5,8,16,8,20,10,16,,67,15,1,22,9,121.5544519,25.0330849
111,11,1,18,45,2,05中正區,中正區福州街與牯嶺街口,0,0,1,1,B03,6,3,5,50,4,1,1,4,4,5,7,1,3,5,4,5,2,17,1,34,3,10,1,1,7,9,1,8,2,8,,44,44,1,22,9,121.5177344,25.0282964
111,11,1,18,45,2,05中正區,中正區福州街與牯嶺街口,0,0,1,2,C03,6,3,5,50,4,1,1,4,4,5,7,1,3,5,4,5,2,17,2,32,2,7,1,1,7,6,1,10,2,12,,26,44,1,22,9,121.5177344,25.0282964
111,11,1,18,50,2,11南港區,南港區松河街與重陽路125巷口旁,0,0,1,1,B03,6,3,5,50,4,2,1,4,4,5,7,2,1,5,5,5,2,12,1,44,3,10,1,1,7,9,1,8,1,2,,17,17,1,22,9,121.5974835,25.05841683
111,11,1,18,50,2,11南港區,南港區松河街與重陽路125巷口旁,0,0,1,2,C03,6,3,5,50,4,2,1,4,4,5,7,2,1,5,5,5,2,12,2,40,2,9,1,1,7,9,4,8,1,14,,17,17,1,22,9,121.5974835,25.05841683
111,11,1,18,53,2,02萬華區,萬華區西寧南路27號對面,0,0,1,1,C03,6,3,5,50,14,9,1,4,4,5,7,4,4,8,3,5,2,14,1,64,3,10,1,1,7,2,1,10,2,11,,43,43,1,22,9,121.5073622,25.04784401
111,11,1,18,53,2,02萬華區,萬華區西寧南路27號對面,0,0,1,2,C04,6,3,5,50,14,9,1,4,4,5,7,4,4,8,3,5,2,14,2,30,2,8,1,1,7,1,1,10,2,13,,43,43,1,22,9,121.5073622,25.04784401
111,11,1,18,53,2,02萬華區,萬華區西寧南路27號對面,0,0,1,3,B03,6,3,5,50,14,9,1,4,4,5,7,4,4,8,3,5,2,14,1,55,3,10,1,1,7,13,1,4,2,4,,43,43,1,22,9,121.5073622,25.04784401
111,11,1,18,53,2,02萬華區,萬華區西寧南路27號對面,0,0,1,4,H02,6,3,5,50,14,9,1,4,4,5,7,4,4,8,3,5,2,14,4,,4,11,3,4,7,15,7,19,11,15,,43,43,2,22,9,121.5073622,25.04784401
111,11,1,19,13,2,05中正區,中正區濟南路2段65號,0,0,2,1,C03,6,3,5,50,14,9,1,4,4,5,7,4,4,10,4,5,2,3,1,46,2,9,1,1,7,9,1,10,2,11,,15,15,1,22,9,121.5323341,25.04019547
111,11,1,19,13,2,05中正區,中正區濟南路2段65號,0,0,2,2,H01,6,3,5,50,14,9,1,4,4,5,7,4,4,10,4,5,2,3,2,64,2,9,4,5,8,16,8,20,10,16,,67,15,1,22,9,121.5323341,25.04019547
111,11,1,19,30,2,03中山區,中山區錦州街46號,0,0,1,1,C03,6,3,5,50,14,9,1,4,4,5,7,4,4,5,4,5,2,2,1,59,3,10,1,1,7,9,6,10,1,11,,23,23,1,22,9,121.5258584,25.06026815
111,11,1,19,30,2,03中山區,中山區錦州街46號,0,0,1,2,H01,6,3,5,50,14,9,1,4,4,5,7,4,4,5,4,5,2,2,2,32,2,9,4,5,8,16,8,20,10,16,,51,23,1,22,9,121.5258584,25.06026815
111,11,1,19,30,2,11南港區,南港區南港路3段與南港路3段256巷口,0,0,1,1,B03,6,3,5,50,3,1,1,4,4,5,7,1,1,10,5,5,2,17,1,65,3,10,3,4,7,9,1,8,2,1,,25,25,1,22,9,121.5848698,25.0525279
111,11,1,19,30,2,11南港區,南港區南港路3段與南港路3段256巷口,0,0,1,2,C03,6,3,5,50,3,1,1,4,4,5,7,1,1,10,5,5,2,17,2,27,2,9,3,4,7,5,1,10,2,14,,44,25,1,22,9,121.5848698,25.0525279
111,11,1,19,34,2,08士林區,士林區光華路不只賣咖啡旁,0,0,1,1,C03,6,3,5,30,14,9,1,4,4,5,7,4,4,10,5,5,2,17,2,20,2,9,1,1,7,9,1,10,1,11,,43,43,1,22,9,121.5439355,25.1377155
111,11,1,19,34,2,08士林區,士林區光華路不只賣咖啡旁,0,0,1,2,B03,6,3,5,30,14,9,1,4,4,5,7,4,4,10,5,5,2,17,2,40,3,10,1,1,7,9,1,8,1,8,,43,43,1,22,9,121.5439355,25.1377155
111,11,1,19,34,2,08士林區,士林區光華路不只賣咖啡旁,0,0,1,3,H01,6,3,5,30,14,9,1,4,4,5,7,4,4,10,5,5,2,17,4,,4,11,4,5,8,21,8,20,11,16,,67,43,1,22,9,121.5439355,25.1377155
111,11,1,19,46,2,05中正區,中正區三元街與南海路口,0,0,1,1,B12,6,3,5,50,4,1,1,4,4,5,7,1,1,5,4,5,2,12,1,75,3,10,1,1,7,15,1,8,1,2,,23,17,1,22,9,121.5088356,25.0295356
111,11,1,19,46,2,05中正區,中正區三元街與南海路口,0,0,1,2,C04,6,3,5,50,4,1,1,4,4,5,7,1,1,5,4,5,2,12,2,63,2,9,1,1,7,15,1,11,1,14,,17,17,1,22,9,121.5088356,25.0295356
111,11,1,19,50,2,03中山區,中山區林森北路407號,0,0,1,1,B03,6,3,5,50,14,9,1,4,4,5,7,4,4,4,5,5,1,9,1,36,3,10,1,1,7,9,1,8,1,4,,17,,1,22,9,121.5255683,25.05949709
111,11,1,19,50,2,03中山區,中山區林森北路407號,0,0,1,2,H01,6,3,5,50,14,9,1,4,4,5,7,4,4,4,5,5,1,9,1,71,2,8,4,5,8,17,8,20,10,16,,67,,1,22,9,121.5255683,25.05949709
111,11,1,19,51,2,05中正區,中正區三元街與南海路口,0,0,2,1,C03,6,3,5,50,4,1,1,4,4,5,7,1,1,3,4,4,2,3,2,22,2,9,1,1,7,9,1,10,2,11,,15,23,1,22,9,121.5089227,25.0295965
111,11,1,19,51,2,05中正區,中正區三元街與南海路口,0,0,2,2,H01,6,3,5,50,4,1,1,4,4,5,7,1,1,3,4,4,2,3,1,78,2,9,4,5,8,16,8,20,1,16,,67,23,1,22,9,121.5089227,25.0295965
111,11,1,20,28,2,08士林區,士林區通河街2巷與通河街口,0,0,2,1,C03,6,3,5,50,4,1,1,4,4,5,7,3,1,5,4,5,1,12,2,32,2,9,1,1,7,9,1,10,1,12,,4,4,1,22,9,121.5236939,25.07990142
111,11,1,20,28,2,08士林區,士林區通河街2巷與通河街口,0,0,2,2,C03,6,3,5,50,4,1,1,4,4,5,7,3,1,5,4,5,1,12,2,43,2,9,1,1,7,5,1,10,1,14,,44,4,1,22,9,121.5236939,25.07990142
111,11,1,20,33,2,08士林區,士林區承德路4段195巷與基河路口,0,0,1,1,B03,6,1,5,50,4,1,1,4,4,5,7,2,1,5,4,5,2,17,2,36,3,10,3,4,7,5,1,8,1,15,,6,6,1,22,9,121.5233239,25.0889197
111,11,1,20,33,2,08士林區,士林區承德路4段195巷與基河路口,0,0,1,2,C02,6,1,5,50,4,1,1,4,4,5,7,2,1,5,4,5,2,17,1,25,2,7,3,4,7,9,1,9,1,15,,44,6,1,22,9,121.5233239,25.0889197
111,11,1,20,40,2,07信義區,信義區基隆路2段133-10號,0,0,1,1,C03,6,3,5,50,14,9,1,4,4,5,7,4,4,1,4,5,2,13,1,30,2,8,1,1,7,9,1,10,1,12,,16,16,1,22,8,121.5559711,25.02726443
111,11,1,20,40,2,07信義區,信義區基隆路2段133-10號,0,0,1,2,B03,6,3,5,50,14,9,1,4,4,5,7,4,4,1,4,5,2,13,1,64,3,10,1,1,7,6,1,8,1,7,,44,16,1,22,8,121.5559711,25.02726443
111,11,1,20,55,2,05中正區,中正區天津街(行一停車場出入口前),0,0,2,1,C03,6,3,5,50,14,9,1,4,4,5,7,4,4,10,5,5,2,16,1,44,2,3,1,1,7,9,1,10,2,11,,23,44,1,22,9,121.5222271,25.0473348
111,11,1,20,55,2,05中正區,中正區天津街(行一停車場出入口前),0,0,2,2,C03,6,3,5,50,14,9,1,4,4,5,7,4,4,10,5,5,2,16,2,20,2,8,1,1,7,11,1,10,2,13,,10,44,1,22,9,121.5222271,25.0473348
111,11,1,21,2,1,04大安區,大安區敦化南路2段126號,1,0,0,1,B03,6,3,5,50,14,7,1,4,4,5,7,4,4,4,3,1,2,3,1,52,3,10,1,4,7,9,6,8,7,1,,21,21,1,22,9,121.5486829,25.0259798
111,11,1,21,2,1,04大安區,大安區敦化南路2段126號,1,0,0,2,H01,6,3,5,50,14,7,1,4,4,5,7,4,4,4,3,1,2,3,1,54,1,9,4,5,8,16,8,20,10,16,,52,21,1,22,9,121.5486829,25.0259798
111,11,1,21,20,2,05中正區,中正區中華路1段與中華路1段9巷口,0,0,1,2,C04,6,3,5,50,4,2,1,4,4,5,7,2,1,1,4,5,2,13,2,52,2,9,1,1,7,9,1,11,1,13,,43,43,1,22,9,121.5099136,25.0469826
111,11,1,21,20,2,05中正區,中正區中華路1段與中華路1段9巷口,0,0,1,1,B03,6,3,5,50,4,2,1,4,4,5,7,2,1,1,4,5,2,13,1,37,4,11,3,4,7,15,7,19,11,15,,43,43,2,22,9,121.5099136,25.0469826
111,11,1,21,54,2,04大安區,大安區和平東路1段與師大路口,0,0,1,1,B03,6,3,5,50,4,1,1,4,4,5,7,2,1,1,4,5,2,12,1,41,3,10,1,1,7,7,1,8,1,8,,7,7,1,22,9,121.5282454,25.026631
111,11,1,21,54,2,04大安區,大安區和平東路1段與師大路口,0,0,1,2,C02,6,3,5,50,4,1,1,4,4,5,7,2,1,1,4,5,2,12,1,37,2,9,1,1,7,9,1,9,1,13,,44,7,1,22,9,121.5282454,25.026631
111,11,1,22,5,2,08士林區,士林區士東路與天母東路8巷口,0,0,1,2,H01,6,3,5,50,5,1,1,4,4,5,7,2,1,5,5,5,2,3,2,89,2,9,4,5,8,16,8,20,10,16,,51,23,1,22,9,121.5290896,25.1122362
111,11,1,22,5,2,08士林區,士林區士東路與天母東路8巷口,0,0,1,1,C03,6,3,5,50,5,1,1,4,4,5,7,2,1,5,5,5,2,3,1,25,3,10,1,1,7,5,1,10,1,11,,15,23,1,22,9,121.5290896,25.1122362
111,11,1,22,20,2,03中山區,中山區民權東路3段16號,0,0,1,1,C03,6,3,5,50,14,9,1,4,3,1,7,4,4,3,4,5,2,28,2,33,2,9,1,1,7,9,1,10,1,14,,23,23,1,22,9,121.5400959,25.0622837
111,11,1,22,20,2,03中山區,中山區民權東路3段16號,0,0,1,2,,6,3,5,50,14,9,1,4,3,1,7,4,4,3,4,5,2,28,3,,,,,,,,,,,,,67,23,1,,,121.5400959,25.0622837
111,11,1,22,53,2,11南港區,南港區研究院路3段27號,0,0,1,1,B03,6,3,5,50,14,9,1,4,4,5,7,4,4,10,5,5,2,12,1,38,3,10,3,4,7,7,1,8,1,8,,7,7,1,22,9,121.6163676,25.03503389
111,11,1,22,53,2,11南港區,南港區研究院路3段27號,0,0,1,2,C03,6,3,5,50,14,9,1,4,4,5,7,4,4,10,5,5,2,12,1,57,2,7,3,4,7,9,1,10,1,11,,14,7,1,22,9,121.6163676,25.03503389
111,11,1,23,13,2,05中正區,中正區忠孝西路1段與重慶北路1段口,0,0,1,1,B01,6,3,5,50,4,1,1,4,4,5,7,1,1,9,4,5,2,1,1,48,3,10,1,4,7,5,1,2,1,1,,15,15,1,22,9,121.5133214,25.04717287
111,11,1,23,13,2,05中正區,中正區忠孝西路1段與重慶北路1段口,0,0,1,2,H01,6,3,5,50,4,1,1,4,4,5,7,1,1,9,4,5,2,1,1,70,2,8,4,5,8,16,8,20,10,16,,51,15,1,22,9,121.5133214,25.04717287
111,11,1,23,13,2,12內湖區,內湖區陽光街與文德路208巷口,0,0,1,1,B03,6,3,5,50,3,1,1,4,4,5,7,3,1,5,5,5,2,11,2,62,3,10,1,1,7,5,1,8,1,1,,23,23,1,22,9,121.5835508,25.07503446
111,11,1,23,13,2,12內湖區,內湖區陽光街與文德路208巷口,0,0,1,2,C03,6,3,5,50,3,1,1,4,4,5,7,3,1,5,5,5,2,11,1,23,2,9,1,1,7,14,3,18,1,12,,6,23,1,22,9,121.5835508,25.07503446
111,11,1,23,15,2,11南港區,南港區南港路1段與興華路口,0,0,1,1,B01,6,3,5,50,4,1,1,4,4,5,7,2,1,5,4,5,2,16,1,60,3,10,3,4,7,5,1,4,2,1,,6,6,1,22,9,121.6062075,25.0542387
111,11,1,23,15,2,11南港區,南港區南港路1段與興華路口,0,0,1,2,C03,6,3,5,50,4,1,1,4,4,5,7,2,1,5,4,5,2,16,1,27,2,9,1,4,7,9,1,10,2,11,,44,6,1,22,9,121.6062075,25.0542387
111,11,1,23,22,2,06松山區,松山區市民大道4段與延吉街口,0,0,2,1,C03,6,1,5,50,5,1,1,4,4,5,7,1,1,1,4,5,2,15,1,20,2,9,1,1,7,9,1,10,2,12,,25,25,1,22,9,121.553797,25.04453751
111,11,1,23,22,2,06松山區,松山區市民大道4段與延吉街口,0,0,2,2,C03,6,1,5,50,5,1,1,4,4,5,7,1,1,1,4,5,2,15,2,22,2,9,1,1,7,9,1,10,2,11,,44,25,1,22,9,121.553797,25.04453751
111,11,2,5,15,2,06松山區,松山區復興北路與八德路2段口,0,0,1,1,B03,6,3,5,50,4,1,1,4,4,5,7,2,1,1,3,5,2,15,1,48,3,10,1,1,7,9,1,8,1,4,,25,25,1,22,9,121.5440078,25.0475885
111,11,2,5,15,2,06松山區,松山區復興北路與八德路2段口,0,0,1,2,C03,6,3,5,50,4,1,1,4,4,5,7,2,1,1,3,5,2,15,2,70,2,9,1,1,7,9,1,10,1,11,,44,25,1,22,9,121.5440078,25.0475885
111,11,2,7,36,2,05中正區,中正區中華路1段39號,0,0,2,1,B01,6,1,5,50,14,9,1,4,4,5,7,4,4,1,4,5,2,12,1,40,3,10,1,1,7,8,1,4,2,6,,7,7,1,22,9,121.5093933,25.0453401
111,11,2,7,36,2,05中正區,中正區中華路1段39號,0,0,2,2,C03,6,1,5,50,14,9,1,4,4,5,7,4,4,1,4,5,2,12,1,26,2,9,1,1,7,9,3,18,2,14,,17,7,1,22,9,121.5093933,25.0453401
111,11,2,7,36,2,05中正區,中正區中華路1段39號,0,0,2,3,B03,6,1,5,50,14,9,1,4,4,5,7,4,4,1,4,5,2,12,1,38,3,10,1,1,7,1,1,8,2,4,,19,7,1,22,9,121.5093933,25.0453401
111,11,2,7,36,2,05中正區,中正區中華路1段39號,0,0,2,4,C03,6,1,5,50,14,9,1,4,4,5,7,4,4,1,4,5,2,12,1,39,2,9,1,1,7,9,1,10,2,14,,16,7,1,22,9,121.5093933,25.0453401
111,11,2,7,46,2,01大同區,大同區承德路2段與平陽街口,0,0,1,1,B01,7,1,5,50,4,1,1,5,4,5,7,2,1,1,2,5,2,17,1,58,3,10,1,1,7,5,1,4,2,2,,8,8,1,22,9,121.5181153,25.05476909
111,11,2,7,46,2,01大同區,大同區承德路2段與平陽街口,0,0,1,2,C03,7,1,5,50,4,1,1,5,4,5,7,2,1,1,2,5,2,17,1,21,2,9,1,1,7,9,1,9,9,11,,44,8,1,22,9,121.5181153,25.05476909
111,11,2,7,58,2,08士林區,士林區德行東路129巷與德行東路109巷64弄口,0,0,1,1,F01,8,1,5,0,4,1,1,5,4,5,7,4,4,10,5,5,1,17,2,64,2,5,1,1,7,9,8,20,2,16,,6,6,1,22,9,121.5293553,25.10940768
111,11,2,7,58,2,08士林區,士林區德行東路129巷與德行東路109巷64弄口,0,0,1,2,C03,8,1,5,0,4,1,1,5,4,5,7,4,4,10,5,5,1,17,1,18,3,10,1,1,7,9,3,18,2,12,,14,6,1,22,9,121.5293553,25.10940768
111,11,2,8,0,2,02萬華區,萬華區忠孝橋往台北市機車道,0,0,1,1,C03,8,1,5,40,14,11,1,5,4,5,7,4,4,10,5,5,1,13,1,30,3,10,1,1,7,9,1,10,1,11,,16,16,1,22,9,121.5053476,25.0493129
111,11,2,8,0,2,02萬華區,萬華區忠孝橋往台北市機車道,0,0,1,2,C03,8,1,5,40,14,11,1,5,4,5,7,4,4,10,5,5,1,13,2,54,2,9,1,1,7,9,1,10,1,13,,44,16,1,22,9,121.5053476,25.0493129
111,11,2,8,0,2,08士林區,士林區中正路439號,0,0,1,1,B02,8,1,5,50,14,9,1,5,4,5,7,4,4,3,4,5,1,17,1,55,3,10,1,1,7,9,1,8,2,5,,44,44,1,22,9,121.5194284,25.09290918
111,11,2,8,0,2,08士林區,士林區中正路439號,0,0,1,2,C03,8,1,5,50,14,9,1,5,4,5,7,4,4,3,4,5,1,17,1,75,2,9,1,1,7,7,1,10,2,14,,7,44,1,22,9,121.5194284,25.09290918
111,11,2,8,3,2,02萬華區,萬華區貴陽街2段105號,0,0,1,1,C03,7,1,5,50,14,9,1,4,4,5,7,4,4,8,3,5,1,17,1,33,3,10,1,1,7,2,1,10,1,13,,12,12,1,22,9,121.5022163,25.03834005
111,11,2,8,3,2,02萬華區,萬華區貴陽街2段105號,0,0,1,2,C03,7,1,5,50,14,9,1,4,4,5,7,4,4,8,3,5,1,17,1,21,2,7,1,1,7,9,1,10,1,14,,42,12,1,22,9,121.5022163,25.03834005
111,11,2,8,20,2,05中正區,中正區延平南路與愛國西路口口,0,0,1,1,B03,7,1,5,50,5,1,1,5,4,5,7,1,1,1,4,4,1,17,2,62,3,10,1,1,7,6,1,8,2,2,,9,9,1,22,9,121.5078055,25.03669285
111,11,2,8,20,2,05中正區,中正區延平南路與愛國西路口口,0,0,1,2,C03,7,1,5,50,5,1,1,5,4,5,7,1,1,1,4,4,1,17,1,55,2,9,1,1,7,9,1,10,2,14,,44,9,1,22,9,121.5078055,25.03669285
111,11,2,8,22,2,03中山區,中山區松江路357巷與民權東路2段113巷口,0,0,1,1,B03,7,1,5,30,14,9,1,5,4,5,7,4,4,10,5,5,1,14,1,43,3,10,3,4,7,2,1,8,1,6,,12,12,1,22,9,121.5342192,25.0634401
111,11,2,8,22,2,03中山區,中山區松江路357巷與民權東路2段113巷口,0,0,1,2,C03,7,1,5,30,14,9,1,5,4,5,7,4,4,10,5,5,1,14,2,24,2,9,1,4,7,14,1,10,1,11,,44,12,1,22,9,121.5342192,25.0634401