發生年度,發生月,發生日,發生時-Hours,發生分,處理別-編號,區序,肇事地點,死亡人數,2-30日死亡人數,受傷人數,當事人序號,車種,天候,光線,道路類別,速限-速度限制,道路型態,事故位置,路面狀況1,路面狀況2,路面狀況3,道路障礙1,道路障礙2,號誌1,號誌2,車道劃分-分向,車道劃分-分道1,車道劃分-分道2,車道劃分-分道3,事故類型及型態,性別,年齡,受傷程度,主要傷處,安全帽,行動電話,車輛用途,當事者行動狀態,駕駛資格情形,駕駛執照種類,飲酒情形,車輛撞擊部位1,車輛撞擊部位2,肇因碼-個別,肇因碼-主要,個人肇逃否,職業,旅次目的,座標-X,座標-Y
111,11,2,8,30,2,12內湖區,內湖區潭美街(堤外便道PU17A柱),0,0,3,1,C03,6,1,5,50,14,9,1,4,3,5,7,4,4,9,5,5,1,11,2,28,2,9,1,1,7,9,1,10,1,11,,23,23,1,22,9,121.6150504,25.06547513
111,11,2,8,30,2,12內湖區,內湖區潭美街(堤外便道PU17A柱),0,0,3,2,B03,6,1,5,50,14,9,1,4,3,5,7,4,4,9,5,5,1,11,1,52,3,10,1,1,7,9,1,8,1,1,,44,23,1,22,9,121.6150504,25.06547513
111,11,2,8,30,2,12內湖區,內湖區潭美街(堤外便道PU17A柱),0,0,3,3,C03,6,1,5,50,14,9,1,4,3,5,7,4,4,9,5,5,1,11,1,32,2,8,1,1,7,9,1,10,1,14,,16,23,1,22,9,121.6150504,25.06547513
111,11,2,8,30,2,12內湖區,內湖區潭美街(堤外便道PU17A柱),0,0,3,4,C03,6,1,5,50,14,9,1,4,3,5,7,4,4,9,5,5,1,11,2,36,2,9,1,1,7,9,1,10,1,11,,16,23,1,22,9,121.6150504,25.06547513
111,11,2,8,30,2,12內湖區,內湖區潭美街(堤外便道PU17A柱),0,0,3,5,,6,1,5,50,14,9,1,4,3,5,7,4,4,9,5,5,1,11,3,,,,,,,,,,,,,61,23,1,,,121.6150504,25.06547513
111,11,2,8,33,2,07信義區,信義區基隆路1段97號,0,0,1,1,C03,8,1,5,50,14,9,1,4,4,5,7,2,1,1,2,5,1,13,1,37,3,10,1,1,7,9,1,9,1,11,,23,23,1,22,9,121.5671096,25.0453905
111,11,2,8,33,2,07信義區,信義區基隆路1段97號,0,0,1,2,C03,8,1,5,50,14,9,1,4,4,5,7,2,1,1,2,5,1,13,1,34,2,8,1,1,7,14,1,10,1,13,,44,23,1,22,9,121.5671096,25.0453905
111,11,2,8,40,2,05中正區,中正區福和橋機車道,0,0,2,1,C03,7,1,5,40,8,11,1,4,4,5,7,4,4,10,5,5,2,12,1,61,2,9,1,1,7,15,1,10,1,13,,26,44,1,22,9,121.5341832,25.0099616
111,11,2,8,40,2,05中正區,中正區福和橋機車道,0,0,2,2,C03,7,1,5,40,8,11,1,4,4,5,7,4,4,10,5,5,2,12,1,25,2,9,1,1,7,9,1,10,1,11,,23,44,1,22,9,121.5341832,25.0099616
111,11,2,8,40,2,07信義區,信義區崇德街328號,0,0,2,1,C03,6,1,5,30,11,9,1,4,4,5,1,4,4,10,5,5,2,10,1,36,2,8,1,1,7,9,1,10,1,11,,5,5,1,22,9,121.5662288,25.0171032
111,11,2,8,40,2,07信義區,信義區崇德街328號,0,0,2,2,C03,6,1,5,30,11,9,1,4,4,5,1,4,4,10,5,5,2,10,1,22,2,8,1,1,7,9,1,10,1,11,,13,5,1,22,9,121.5662288,25.0171032
111,11,2,8,43,2,07信義區,信義區和平東路3段453號,0,0,2,1,C03,8,1,5,50,14,9,1,5,4,5,7,4,4,1,4,5,1,13,1,64,2,8,1,1,7,9,1,10,1,11,,23,43,1,22,9,121.5586799,25.01873248
111,11,2,8,43,2,07信義區,信義區和平東路3段453號,0,0,2,2,C03,8,1,5,50,14,9,1,5,4,5,7,4,4,1,4,5,1,13,2,24,2,9,1,1,7,14,1,10,1,13,,44,43,1,22,9,121.5586799,25.01873248
111,11,2,8,45,2,09北投區,北投區大業路527巷159號,0,0,2,1,C03,7,1,5,30,3,1,1,5,4,5,7,4,4,10,5,5,2,16,1,47,2,9,1,1,7,6,1,10,2,14,,9,9,1,22,9,121.4749598,25.13184717
111,11,2,8,45,2,09北投區,北投區大業路527巷159號,0,0,2,2,C03,7,1,5,30,3,1,1,5,4,5,7,4,4,10,5,5,2,16,2,41,2,9,1,1,7,9,1,10,2,12,,14,9,1,22,9,121.4749598,25.13184717
111,11,2,9,0,2,09北投區,北投區稻香路與重三路口,0,0,1,1,B03,8,1,5,50,3,1,1,5,4,5,7,4,4,5,5,5,1,16,2,60,3,10,1,1,7,5,1,8,1,5,,8,8,1,22,9,121.4895942,25.1402014
111,11,2,9,0,2,09北投區,北投區稻香路與重三路口,0,0,1,2,C03,8,1,5,50,3,1,1,5,4,5,7,4,4,5,5,5,1,16,2,26,2,9,1,1,7,9,1,10,1,11,,44,8,1,22,9,121.4895942,25.1402014
111,11,2,9,8,2,08士林區,士林區文林路與文林路421巷口,0,0,1,1,B03,8,1,5,50,3,2,1,5,4,5,7,4,4,9,4,5,1,17,2,69,3,10,1,1,7,5,1,8,2,4,,8,8,1,22,9,121.524742,25.09436325
111,11,2,9,8,2,08士林區,士林區文林路與文林路421巷口,0,0,1,2,C03,8,1,5,50,3,2,1,5,4,5,7,4,4,9,4,5,1,17,2,21,2,9,1,1,7,9,1,10,2,11,,23,8,1,22,9,121.524742,25.09436325
111,11,2,9,47,2,07信義區,信義區林口街與松山路515巷口,0,0,1,1,C03,8,1,5,40,4,2,1,4,4,5,7,4,4,10,4,4,1,17,1,85,4,11,3,4,7,15,7,19,11,15,,27,27,2,22,9,121.5792693,25.03863097
111,11,2,9,47,2,07信義區,信義區林口街與松山路515巷口,0,0,1,2,C03,8,1,5,40,4,2,1,4,4,5,7,4,4,10,4,4,1,17,2,23,2,9,3,4,7,9,1,10,2,15,,13,27,1,22,1,121.5792693,25.03863097
111,11,2,9,55,2,03中山區,中山區中山北路2段與民權西路口,0,0,1,1,C03,7,1,5,50,4,2,1,5,4,5,7,2,1,1,4,5,2,15,1,19,3,10,1,4,7,1,1,10,1,14,,19,19,1,22,9,121.5225756,25.06256495
111,11,2,9,55,2,03中山區,中山區中山北路2段與民權西路口,0,0,1,2,C03,7,1,5,50,4,2,1,5,4,5,7,2,1,1,4,5,2,15,2,31,2,8,1,4,7,9,1,10,1,11,,44,19,1,22,9,121.5225756,25.06256495
111,11,2,10,0,2,09北投區,北投區承德路7段303號,0,0,2,1,C03,7,1,5,50,14,8,1,5,4,5,7,4,4,1,4,5,2,13,1,26,2,9,1,3,7,9,1,10,1,11,,23,23,1,22,9,121.5036352,25.11742713
111,11,2,10,0,2,09北投區,北投區承德路7段303號,0,0,2,2,C03,7,1,5,50,14,8,1,5,4,5,7,4,4,1,4,5,2,13,2,47,2,9,1,1,7,14,1,10,1,13,,44,23,1,22,9,121.5036352,25.11742713
111,11,2,10,9,2,03中山區,中山區建國北路3段177號,0,0,1,1,C03,7,1,5,50,14,9,1,5,4,5,7,4,4,1,3,5,1,12,1,35,2,9,1,4,7,9,1,10,1,14,,42,42,1,22,9,121.533779,25.0679181
111,11,2,10,9,2,03中山區,中山區建國北路3段177號,0,0,1,2,B03,7,1,5,50,14,9,1,5,4,5,7,4,4,1,3,5,1,12,1,67,3,10,3,4,7,14,1,8,1,2,,44,42,1,22,9,121.533779,25.0679181
111,11,2,10,9,2,03中山區,中山區建國北路3段177號,0,0,1,3,B03,7,1,5,50,14,9,1,5,4,5,7,4,4,1,3,5,1,12,1,49,3,10,3,4,7,14,1,8,1,7,,44,42,1,22,9,121.533779,25.0679181
111,11,2,10,20,2,07信義區,信義區松高路20巷(0837燈桿),0,0,2,1,C03,8,1,5,50,14,9,1,5,4,5,7,4,4,10,4,5,1,13,1,27,2,8,1,1,7,9,1,10,1,11,,43,43,1,22,9,121.5676254,25.0383694
111,11,2,10,20,2,07信義區,信義區松高路20巷(0837燈桿),0,0,2,2,C03,8,1,5,50,14,9,1,5,4,5,7,4,4,10,4,5,1,13,1,38,2,9,1,1,7,9,1,10,1,13,,43,43,1,22,9,121.5676254,25.0383694
111,11,2,10,25,2,07信義區,信義區菸廠路與市民大道5段14巷口,0,0,1,1,H02,6,1,5,50,3,2,1,4,4,5,7,1,1,9,4,4,2,9,2,30,3,10,4,5,7,19,8,20,10,16,,56,56,1,22,9,121.5602865,25.0450223
111,11,2,10,25,2,07信義區,信義區菸廠路與市民大道5段14巷口,0,0,1,2,C04,6,1,5,50,3,2,1,4,4,5,7,1,1,9,4,4,2,9,2,30,2,9,1,1,7,9,1,10,1,14,,44,56,1,22,9,121.5602865,25.0450223
111,11,2,10,25,2,07信義區,信義區菸廠路與市民大道5段14巷口,0,0,1,3,B03,6,1,5,50,3,2,1,4,4,5,7,1,1,9,4,4,2,9,2,34,3,10,1,1,7,14,1,8,1,6,,40,56,1,22,9,121.5602865,25.0450223
111,11,2,10,26,2,10文山區,文山區興隆路3段與興隆路3段192巷口口,0,0,2,1,B01,8,1,5,50,4,1,1,5,4,5,7,2,1,1,4,5,2,16,1,67,3,10,1,1,7,1,1,8,2,1,,19,19,1,22,9,121.5590348,24.9979107
111,11,2,10,26,2,10文山區,文山區興隆路3段與興隆路3段192巷口口,0,0,2,2,C03,8,1,5,50,4,1,1,5,4,5,7,2,1,1,4,5,2,16,1,55,2,8,1,1,7,9,1,10,2,12,,23,19,1,22,9,121.5590348,24.9979107
111,11,2,10,26,2,10文山區,文山區興隆路3段與興隆路3段192巷口口,0,0,2,3,H02,8,1,5,50,4,1,1,5,4,5,7,2,1,1,4,5,2,16,2,26,2,3,1,5,7,20,8,20,10,15,,67,19,1,22,9,121.5590348,24.9979107
111,11,2,10,35,2,03中山區,中山區北安路305號,0,0,1,1,C03,8,1,5,50,14,9,1,5,4,5,7,4,4,1,4,5,2,18,2,22,2,9,1,1,7,9,1,10,1,12,,13,13,1,22,9,121.5374849,25.07774082
111,11,2,10,35,2,03中山區,中山區北安路305號,0,0,1,2,,8,1,5,50,14,9,1,5,4,5,7,4,4,1,4,5,2,18,3,,,,,,,,,,,,,67,13,1,,,121.5374849,25.07774082
111,11,2,11,23,2,06松山區,松山區八德路4段與吉祥路口,0,0,1,1,B03,7,1,5,50,4,1,1,5,4,5,7,2,1,9,4,5,2,17,1,26,2,8,1,1,7,5,1,8,1,1,,25,25,1,22,9,121.5626938,25.04869558
111,11,2,11,23,2,06松山區,松山區八德路4段與吉祥路口,0,0,1,2,B12,7,1,5,50,4,1,1,5,4,5,7,2,1,9,4,5,2,17,1,38,3,10,1,1,7,14,1,8,1,8,,38,25,1,22,9,121.5626938,25.04869558
111,11,2,11,25,2,11南港區,南港區南港路1段263號,0,0,1,1,C03,7,1,5,50,14,9,1,5,4,5,6,4,4,5,4,5,2,13,1,32,2,8,1,1,7,7,1,10,1,11,,23,23,1,22,9,121.6096298,25.0548659
111,11,2,11,25,2,11南港區,南港區南港路1段263號,0,0,1,2,B12,7,1,5,50,14,9,1,5,4,5,6,4,4,5,4,5,2,13,1,27,3,10,1,1,7,14,1,8,1,3,,44,23,1,22,9,121.6096298,25.0548659
111,11,2,11,56,2,02萬華區,萬華區西寧南路與漢口街2段口,0,0,1,1,C03,8,1,5,50,4,2,1,5,4,5,7,2,1,10,4,5,2,17,2,29,2,9,1,4,7,9,1,10,1,14,,16,16,1,22,9,121.5067915,25.0456756
111,11,2,11,56,2,02萬華區,萬華區西寧南路與漢口街2段口,0,0,1,2,C03,8,1,5,50,4,2,1,5,4,5,7,2,1,10,4,5,2,17,1,59,3,10,1,4,7,9,1,10,1,15,,44,16,1,22,9,121.5067915,25.0456756
111,11,2,12,5,2,11南港區,南港區南港路2段與南港路2段178巷口,0,0,1,1,C03,7,1,5,50,4,1,1,5,4,5,7,1,1,5,4,5,2,12,1,27,3,10,1,1,7,9,1,10,1,14,,23,23,1,21,8,121.5999123,25.0534463
111,11,2,12,5,2,11南港區,南港區南港路2段與南港路2段178巷口,0,0,1,2,C03,7,1,5,50,4,1,1,5,4,5,7,1,1,5,4,5,2,12,2,36,2,8,1,1,7,9,1,10,1,12,,44,23,1,21,8,121.5999123,25.0534463
111,11,2,12,15,2,10文山區,文山區木柵路4段77號與木柵路4段口口,0,0,1,1,B12,8,1,5,50,3,1,1,5,4,5,7,1,1,4,4,5,1,16,1,37,3,10,3,4,7,1,1,8,1,4,,19,19,1,22,9,121.5720072,24.99585484
111,11,2,12,15,2,10文山區,文山區木柵路4段77號與木柵路4段口口,0,0,1,2,C03,8,1,5,50,3,1,1,5,4,5,7,1,1,4,4,5,1,16,1,19,2,7,1,4,7,9,1,10,1,11,,13,19,1,22,9,121.5720072,24.99585484
111,11,2,12,22,2,01大同區,大同區市民高架道往西重慶北路上方,0,0,2,1,B12,8,1,5,50,10,7,1,5,4,5,7,4,4,1,4,5,2,13,1,26,2,8,1,1,7,9,1,8,1,1,,16,16,1,22,9,121.5136159,25.04934236
111,11,2,12,22,2,01大同區,大同區市民高架道往西重慶北路上方,0,0,2,2,B03,8,1,5,50,10,7,1,5,4,5,7,4,4,1,4,5,2,13,1,41,2,1,1,1,7,9,1,8,1,3,,44,16,1,22,9,121.5136159,25.04934236
111,11,2,12,32,2,09北投區,北投區豐年路2段142-1號與中央北路2段237巷口,0,0,1,1,B03,7,1,5,30,3,1,1,5,4,5,7,4,4,10,5,5,2,11,2,33,3,10,1,1,7,5,1,8,1,1,,6,6,1,22,9,121.4934453,25.13695599
111,11,2,12,32,2,09北投區,北投區豐年路2段142-1號與中央北路2段237巷口,0,0,1,2,C03,7,1,5,30,3,1,1,5,4,5,7,4,4,10,5,5,2,11,2,18,2,9,1,1,7,9,3,18,1,11,,14,6,1,22,9,121.4934453,25.13695599
111,11,2,12,36,2,04大安區,大安區泰順街與雲和街口,0,0,3,1,F01,7,1,5,30,4,2,1,5,4,5,7,4,4,10,4,5,2,17,2,19,2,9,1,1,7,5,8,20,1,16,,8,8,1,22,9,121.5312751,25.0232852
111,11,2,12,36,2,04大安區,大安區泰順街與雲和街口,0,0,3,2,C03,7,1,5,30,4,2,1,5,4,5,7,4,4,10,4,5,2,17,1,33,2,9,1,1,7,9,1,10,1,11,,13,8,1,22,9,121.5312751,25.0232852
111,11,2,12,36,2,04大安區,大安區泰順街與雲和街口,0,0,3,3,H02,7,1,5,30,4,2,1,5,4,5,7,4,4,10,4,5,2,17,1,20,2,9,4,5,7,20,8,20,10,16,,60,8,1,22,9,121.5312751,25.0232852
111,11,2,12,54,2,09北投區,北投區北投路2段與大興街23巷口,0,0,1,1,B12,7,1,5,40,3,1,1,5,4,5,7,1,1,4,4,4,2,16,1,72,3,10,1,1,7,5,1,6,2,4,,8,8,1,22,9,121.498983,25.1309676
111,11,2,12,54,2,09北投區,北投區北投路2段與大興街23巷口,0,0,1,2,C03,7,1,5,40,3,1,1,5,4,5,7,1,1,4,4,4,2,16,2,20,2,9,1,1,7,15,1,10,2,12,,13,8,1,22,9,121.498983,25.1309676
111,11,2,13,19,2,01大同區,大同區延平北路4段39號,0,0,1,1,B01,7,1,5,50,14,9,1,5,4,5,7,4,4,5,4,4,2,17,1,50,3,10,3,4,7,8,1,4,2,15,,7,7,1,22,9,121.5109229,25.06960963
111,11,2,13,19,2,01大同區,大同區延平北路4段39號,0,0,1,2,C03,7,1,5,50,14,9,1,5,4,5,7,4,4,5,4,4,2,17,2,29,2,9,3,4,7,9,1,10,2,11,,44,7,1,22,9,121.5109229,25.06960963
111,11,2,13,30,2,12內湖區,內湖區新湖一路與新湖一路358巷口,0,0,1,1,B03,6,1,5,50,3,1,1,4,4,5,7,4,4,5,5,5,2,17,1,52,3,10,1,1,7,5,1,8,1,1,,6,6,1,22,9,121.5829001,25.06259326
111,11,2,13,30,2,12內湖區,內湖區新湖一路與新湖一路358巷口,0,0,1,2,C03,6,1,5,50,3,1,1,4,4,5,7,4,4,5,5,5,2,17,1,30,2,7,1,1,7,9,1,10,1,12,,44,6,1,22,9,121.5829001,25.06259326
111,11,2,14,10,2,05中正區,中正區福和橋機車道,0,0,2,1,C03,7,1,5,40,8,11,1,5,4,5,7,4,4,10,5,1,2,12,2,59,2,9,1,1,7,8,1,10,2,13,,7,7,1,22,9,121.5341316,25.009933
111,11,2,14,10,2,05中正區,中正區福和橋機車道,0,0,2,2,C03,7,1,5,40,8,11,1,5,4,5,7,4,4,10,5,1,2,12,2,28,2,9,1,1,7,9,4,8,2,11,,44,7,1,22,9,121.5341316,25.009933
111,11,2,14,19,2,04大安區,大安區信義路1段與杭州南路2段口,0,0,1,1,C03,6,1,5,50,4,1,1,4,4,5,7,2,1,3,4,5,1,12,1,60,2,9,1,1,7,6,1,10,1,14,,17,17,1,22,9,121.5243898,25.0352835
111,11,2,14,19,2,04大安區,大安區信義路1段與杭州南路2段口,0,0,1,2,B03,6,1,5,50,4,1,1,4,4,5,7,2,1,3,4,5,1,12,2,27,3,10,1,1,7,6,1,8,1,2,,17,17,1,22,9,121.5243898,25.0352835
111,11,2,14,58,2,04大安區,大安區基隆路4段與基隆路4段73巷口口,0,0,1,1,B03,7,1,5,50,4,2,1,5,4,5,7,1,1,1,1,1,1,16,1,63,3,10,1,1,7,5,1,8,1,5,,8,8,1,22,9,121.5396014,25.01299862
111,11,2,14,58,2,04大安區,大安區基隆路4段與基隆路4段73巷口口,0,0,1,2,C03,7,1,5,50,4,2,1,5,4,5,7,1,1,1,1,1,1,16,1,56,2,9,1,1,7,9,1,10,1,11,,44,8,1,22,9,121.5396014,25.01299862
111,11,2,15,5,2,02萬華區,萬華區康定路與和平西路3段口,0,0,1,1,B01,6,1,5,50,4,1,1,4,4,5,7,2,1,1,4,4,2,3,1,60,3,10,1,1,7,5,1,4,1,1,,15,15,1,22,9,121.5011168,25.03528109
111,11,2,15,5,2,02萬華區,萬華區康定路與和平西路3段口,0,0,1,2,H01,6,1,5,50,4,1,1,4,4,5,7,2,1,1,4,4,2,3,1,70,2,9,4,5,8,16,8,20,1,16,,67,15,1,22,9,121.5011168,25.03528109
111,11,2,15,12,2,03中山區,中山區建國北路1段138巷29號,0,0,1,1,B02,6,1,5,30,14,9,1,4,4,5,7,4,4,10,5,5,1,1,1,54,3,10,3,4,7,9,1,8,2,2,,23,23,1,22,9,121.5354279,25.05098816
111,11,2,15,12,2,03中山區,中山區建國北路1段138巷29號,0,0,1,2,H01,6,1,5,30,14,9,1,4,4,5,7,4,4,10,5,5,1,1,1,55,2,7,4,5,8,16,8,20,10,16,,67,23,1,22,9,121.5354279,25.05098816
111,11,2,15,18,2,05中正區,中正區南海路與牯嶺街口,0,0,1,1,B01,6,1,5,30,4,1,1,4,4,5,7,1,1,10,4,5,2,17,1,52,3,10,1,1,7,5,1,4,2,8,,8,8,1,22,9,121.5150016,25.03201391
111,11,2,15,18,2,05中正區,中正區南海路與牯嶺街口,0,0,1,2,C03,6,1,5,30,4,1,1,4,4,5,7,1,1,10,4,5,2,17,1,27,2,8,1,1,7,9,1,10,2,12,,44,8,1,22,9,121.5150016,25.03201391
111,11,2,15,30,2,04大安區,大安區金華街179號,0,0,1,1,B03,6,1,5,50,14,9,1,4,4,5,7,2,1,8,3,5,2,16,1,34,3,10,1,1,7,1,1,8,2,4,,19,19,1,22,9,121.5268162,25.03023786
111,11,2,15,30,2,04大安區,大安區金華街179號,0,0,1,2,C03,6,1,5,50,14,9,1,4,4,5,7,2,1,8,3,5,2,16,1,31,2,9,1,1,7,9,1,10,2,12,,23,19,1,22,9,121.5268162,25.03023786
111,11,2,15,50,2,09北投區,北投區立賢路107號,0,0,1,1,B03,7,1,5,50,15,9,1,5,4,5,7,3,1,9,4,5,2,16,1,62,3,10,3,4,7,15,1,8,1,4,,6,6,1,22,9,121.5022538,25.1144323
111,11,2,15,50,2,09北投區,北投區立賢路107號,0,0,1,2,C03,7,1,5,50,15,9,1,5,4,5,7,3,1,9,4,5,2,16,1,21,2,8,3,4,7,9,1,10,1,11,,44,6,1,22,9,121.5022538,25.1144323
111,11,2,16,1,2,08士林區,士林區延平北路5段282號,0,0,2,1,C03,7,1,5,50,14,9,1,5,4,5,7,4,4,1,4,5,2,12,2,54,2,7,1,1,7,9,1,10,2,12,,43,43,1,22,9,121.5097409,25.08539402
111,11,2,16,1,2,08士林區,士林區延平北路5段282號,0,0,2,2,F01,7,1,5,50,14,9,1,5,4,5,7,4,4,1,4,5,2,12,1,72,2,8,1,1,7,9,8,20,2,16,,43,43,1,22,9,121.5097409,25.08539402
111,11,2,16,24,2,02萬華區,萬華區西園路2段89號,0,0,1,1,B03,6,1,5,50,14,9,1,4,4,5,7,4,4,1,5,5,2,17,1,70,3,10,1,1,7,8,1,8,1,7,,7,7,1,22,9,121.4965891,25.03040966
111,11,2,16,24,2,02萬華區,萬華區西園路2段89號,0,0,1,2,C03,6,1,5,50,14,9,1,4,4,5,7,4,4,1,5,5,2,17,1,54,2,9,1,1,7,9,1,10,1,11,,44,7,1,22,9,121.4965891,25.03040966
111,11,2,16,40,2,06松山區,松山區光復北路與富錦街口,0,0,2,1,C03,7,1,5,50,4,1,1,4,4,5,7,1,1,9,4,4,1,11,2,37,2,1,1,1,7,5,1,10,1,11,,8,8,1,22,9,121.5548705,25.060315
111,11,2,16,40,2,06松山區,松山區光復北路與富錦街口,0,0,2,2,C03,7,1,5,50,4,1,1,4,4,5,7,1,1,9,4,4,1,11,2,63,2,9,1,1,7,9,1,10,1,11,,23,8,1,22,9,121.5548705,25.060315
111,11,2,17,5,2,10文山區,文山區指南路2段與萬壽路口,0,0,3,1,C03,6,2,5,50,3,2,1,4,4,5,7,2,1,5,5,5,2,13,1,21,2,9,1,1,7,9,1,10,1,11,,23,23,1,18,8,121.575832,24.9876184
111,11,2,17,5,2,10文山區,文山區指南路2段與萬壽路口,0,0,3,2,C03,6,2,5,50,3,2,1,4,4,5,7,2,1,5,5,5,2,13,2,42,2,8,1,1,7,14,1,10,1,13,,44,23,1,22,8,121.575832,24.9876184
111,11,2,17,5,2,10文山區,文山區指南路2段與萬壽路口,0,0,3,3,H02,6,2,5,50,3,2,1,4,4,5,7,2,1,5,5,5,2,13,2,20,2,7,1,5,7,17,8,20,10,16,,67,23,1,18,8,121.575832,24.9876184
111,11,2,17,30,2,02萬華區,萬華區環河南路1段與漢口街2段口,0,0,1,1,C03,6,3,5,50,3,1,1,4,4,5,7,1,1,8,3,5,1,17,2,42,2,8,1,1,7,12,1,10,1,15,,23,23,1,22,9,121.5049299,25.04768712
111,11,2,17,30,2,02萬華區,萬華區環河南路1段與漢口街2段口,0,0,1,2,B03,6,3,5,50,3,1,1,4,4,5,7,1,1,8,3,5,1,17,1,42,3,10,1,1,7,8,1,8,1,15,,7,23,1,22,9,121.5049299,25.04768712
111,11,2,17,41,2,07信義區,信義區和平東路3段697-12號,0,0,3,1,C03,6,3,5,40,14,9,1,4,4,5,7,4,4,9,4,4,2,17,1,41,2,9,1,1,7,9,1,10,1,11,,42,42,1,22,9,121.5636625,25.01140095
111,11,2,17,41,2,07信義區,信義區和平東路3段697-12號,0,0,3,2,F01,6,3,5,40,14,9,1,4,4,5,7,4,4,9,4,4,2,17,2,63,2,9,1,1,7,9,8,20,1,16,,42,42,1,22,9,121.5636625,25.01140095
111,11,2,17,41,2,07信義區,信義區和平東路3段697-12號,0,0,3,3,C03,6,3,5,40,14,9,1,4,4,5,7,4,4,9,4,4,2,17,1,45,2,9,1,1,7,9,1,10,1,11,,42,42,1,22,9,121.5636625,25.01140095
111,11,2,17,48,2,09北投區,北投區中央北路3段274號,0,0,2,1,C03,8,3,5,50,14,9,1,5,4,5,7,4,4,4,4,5,2,13,1,22,2,9,1,1,7,9,1,10,1,11,,16,16,1,22,9,121.4792114,25.135625
111,11,2,17,48,2,09北投區,北投區中央北路3段274號,0,0,2,2,C03,8,3,5,50,14,9,1,5,4,5,7,4,4,4,4,5,2,13,1,51,2,9,1,1,7,9,1,10,1,13,,44,16,1,22,9,121.4792114,25.135625
111,11,2,18,0,2,04大安區,大安區樂利路與樂利路86巷口,0,0,1,1,B12,6,3,5,30,3,1,1,4,4,5,5,4,4,9,4,5,1,17,1,41,3,10,1,4,7,9,1,4,1,15,,6,14,1,22,9,121.5520846,25.0254376
111,11,2,18,0,2,04大安區,大安區樂利路與樂利路86巷口,0,0,1,2,F02,6,3,5,30,3,1,1,4,4,5,5,4,4,9,4,5,1,17,2,56,2,9,1,1,7,9,8,20,1,15,,42,14,1,22,9,121.5520846,25.0254376
111,11,2,18,1,2,07信義區,信義區逸仙路與逸仙路26巷口,0,0,1,1,B03,6,1,5,50,3,1,1,4,4,5,7,4,4,5,5,5,1,12,1,67,3,10,1,1,7,6,1,8,1,5,,6,6,1,22,9,121.5616186,25.03935777
111,11,2,18,1,2,07信義區,信義區逸仙路與逸仙路26巷口,0,0,1,2,C03,6,1,5,50,3,1,1,4,4,5,7,4,4,5,5,5,1,12,1,33,2,8,1,1,7,9,1,10,1,14,,23,6,1,22,9,121.5616186,25.03935777
111,11,2,18,4,2,08士林區,士林區中正路與福林路口,0,0,1,1,B03,7,3,5,50,4,4,1,5,4,5,7,1,1,5,4,5,2,17,4,,4,11,3,4,7,15,7,19,11,15,,43,43,2,22,9,121.5324168,25.09664491
111,11,2,18,4,2,08士林區,士林區中正路與福林路口,0,0,1,2,C03,7,3,5,50,4,4,1,5,4,5,7,1,1,5,4,5,2,17,1,24,2,3,1,1,7,14,1,10,1,11,,44,43,1,22,9,121.5324168,25.09664491
111,11,2,18,4,2,08士林區,士林區中正路與福林路口,0,0,1,3,C03,7,3,5,50,4,4,1,5,4,5,7,1,1,5,4,5,2,17,1,38,3,10,1,1,7,14,1,10,1,14,,44,43,1,22,9,121.5324168,25.09664491
111,11,2,18,4,2,08士林區,士林區中正路與福林路口,0,0,1,4,B03,7,3,5,50,4,4,1,5,4,5,7,1,1,5,4,5,2,17,1,53,3,10,1,1,7,14,1,8,1,1,,44,43,1,22,9,121.5324168,25.09664491
111,11,2,18,5,2,04大安區,大安區信義路4段2號,0,0,2,1,C03,6,3,5,50,10,9,1,4,4,5,7,4,4,3,4,5,2,17,1,22,3,10,1,4,7,9,1,10,1,12,,16,16,1,22,9,121.5440226,25.0332802
111,11,2,18,5,2,04大安區,大安區信義路4段2號,0,0,2,2,C03,6,3,5,50,10,9,1,4,4,5,7,4,4,3,4,5,2,17,1,22,2,7,1,4,7,12,1,10,1,14,,44,16,1,22,9,121.5440226,25.0332802
111,11,2,18,5,2,04大安區,大安區信義路4段2號,0,0,2,3,B01,6,3,5,50,10,9,1,4,4,5,7,4,4,3,4,5,2,17,1,69,3,10,1,4,7,1,1,4,1,8,,19,16,1,22,9,121.5440226,25.0332802
111,11,2,18,5,2,04大安區,大安區信義路4段2號,0,0,2,4,H02,6,3,5,50,10,9,1,4,4,5,7,4,4,3,4,5,2,17,2,22,2,7,1,4,7,20,8,20,10,16,,67,16,1,22,9,121.5440226,25.0332802
111,11,2,18,10,2,03中山區,中山區民生東路3段77號,0,0,1,1,C03,6,3,5,50,14,9,1,4,4,5,7,4,4,1,3,5,1,13,1,58,2,9,3,4,7,9,1,10,2,11,,16,16,1,22,9,121.5437629,25.05790594
111,11,2,18,10,2,03中山區,中山區民生東路3段77號,0,0,1,2,B01,6,3,5,50,14,9,1,4,4,5,7,4,4,1,3,5,1,13,1,48,3,10,3,4,7,14,1,8,2,7,,42,16,1,22,9,121.5437629,25.05790594
111,11,2,18,15,2,01大同區,大同區忠孝橋機車道,0,0,2,1,C03,6,1,5,50,14,11,1,4,4,5,7,4,4,9,4,5,2,12,1,18,4,11,3,4,7,15,7,19,11,15,,43,43,2,22,9,121.5072344,25.04885119