發生年度,發生月,發生日,發生時-Hours,發生分,處理別-編號,區序,肇事地點,死亡人數,2-30日死亡人數,受傷人數,當事人序號,車種,天候,光線,道路類別,速限-速度限制,道路型態,事故位置,路面狀況1,路面狀況2,路面狀況3,道路障礙1,道路障礙2,號誌1,號誌2,車道劃分-分向,車道劃分-分道1,車道劃分-分道2,車道劃分-分道3,事故類型及型態,性別,年齡,受傷程度,主要傷處,安全帽,行動電話,車輛用途,當事者行動狀態,駕駛資格情形,駕駛執照種類,飲酒情形,車輛撞擊部位1,車輛撞擊部位2,肇因碼-個別,肇因碼-主要,個人肇逃否,職業,旅次目的,座標-X,座標-Y
111,11,2,18,15,2,01大同區,大同區忠孝橋機車道,0,0,2,2,C03,6,1,5,50,14,11,1,4,4,5,7,4,4,9,4,5,2,12,1,22,2,9,1,1,7,9,1,10,1,12,,43,43,1,22,9,121.5072344,25.04885119
111,11,2,18,15,2,01大同區,大同區忠孝橋機車道,0,0,2,3,C03,6,1,5,50,14,11,1,4,4,5,7,4,4,9,4,5,2,12,1,39,2,9,1,1,7,9,1,10,1,13,,43,43,1,22,9,121.5072344,25.04885119
111,11,2,18,15,2,01大同區,大同區忠孝橋機車道,0,0,2,4,C03,6,1,5,50,14,11,1,4,4,5,7,4,4,9,4,5,2,12,1,28,3,10,1,1,7,9,1,10,1,11,,43,43,1,22,9,121.5072344,25.04885119
111,11,2,18,28,2,05中正區,中正區和平西路2段與南海路口,0,0,1,1,C03,6,3,5,50,4,1,1,4,4,5,7,1,1,1,4,5,2,17,2,38,2,9,1,1,7,9,1,10,1,11,,23,23,1,22,9,121.5093375,25.03058134
111,11,2,18,28,2,05中正區,中正區和平西路2段與南海路口,0,0,1,2,F01,6,3,5,50,4,1,1,4,4,5,7,1,1,1,4,5,2,17,1,32,3,10,1,1,7,8,8,20,1,16,,7,23,1,22,9,121.5093375,25.03058134
111,11,2,18,35,2,03中山區,中山區大直街62巷5弄實踐大學大門,0,0,1,2,H02,6,3,5,30,14,9,1,4,4,5,7,4,4,10,5,5,2,9,1,21,3,10,1,5,7,19,8,20,10,16,,56,40,1,22,9,121.5453027,25.08302775
111,11,2,18,35,2,03中山區,中山區大直街62巷5弄實踐大學大門,0,0,1,1,B03,6,3,5,30,14,9,1,4,4,5,7,4,4,10,5,5,2,9,2,60,3,10,1,1,7,14,1,8,1,2,,40,40,1,22,9,121.5453027,25.08302775
111,11,2,18,35,2,03中山區,中山區大直街62巷5弄實踐大學大門,0,0,1,3,C03,6,3,5,30,14,9,1,4,4,5,7,4,4,10,5,5,2,9,1,24,2,8,1,1,7,9,1,10,1,14,,13,40,1,22,9,121.5453027,25.08302775
111,11,2,18,37,2,07信義區,信義區莊敬路430號,0,0,1,1,C03,6,3,5,30,14,7,1,4,4,5,7,2,1,9,4,4,2,16,2,48,2,9,1,1,7,5,1,10,1,12,,8,8,1,22,9,121.5666367,25.0271428
111,11,2,18,37,2,07信義區,信義區莊敬路430號,0,0,1,2,B03,6,3,5,30,14,7,1,4,4,5,7,2,1,9,4,4,2,16,1,70,3,10,1,1,7,6,1,8,1,4,,9,8,1,22,9,121.5666367,25.0271428
111,11,2,18,45,2,12內湖區,內湖區新明路與成功路2段口,0,0,1,1,C03,6,3,5,50,4,4,1,4,4,5,7,1,1,4,3,4,1,13,1,55,3,10,3,4,7,1,1,10,1,12,,17,17,1,22,9,121.5911021,25.06050702
111,11,2,18,45,2,12內湖區,內湖區新明路與成功路2段口,0,0,1,2,C03,6,3,5,50,4,4,1,4,4,5,7,1,1,4,3,4,1,13,2,27,2,6,3,4,7,1,1,10,1,15,,17,17,1,22,9,121.5911021,25.06050702
111,11,2,18,45,2,11南港區,南港區研究院路1段37號,0,0,2,1,C03,6,3,5,50,14,9,1,4,4,5,7,4,4,1,4,5,2,16,1,53,2,2,1,1,7,7,1,10,1,11,,7,7,1,22,9,121.616388,25.05350487
111,11,2,18,45,2,11南港區,南港區研究院路1段37號,0,0,2,2,C03,6,3,5,50,14,9,1,4,4,5,7,4,4,1,4,5,2,16,1,46,2,9,1,1,7,9,1,10,1,11,,23,7,1,22,9,121.616388,25.05350487
111,11,2,19,0,2,05中正區,中正區汀州路2段142號前,0,0,1,1,C03,6,3,5,50,14,9,1,4,4,5,7,4,4,9,4,5,2,16,1,20,2,9,1,1,7,11,1,10,1,11,,10,10,1,22,9,121.5211791,25.0243814
111,11,2,19,0,2,05中正區,中正區汀州路2段142號前,0,0,1,2,C03,6,3,5,50,14,9,1,4,4,5,7,4,4,9,4,5,2,16,1,19,3,10,1,1,7,9,1,10,1,12,,13,10,1,22,9,121.5211791,25.0243814
111,11,2,19,2,2,06松山區,松山區延壽街356巷與延壽街356巷4弄口口,0,0,2,1,C03,6,3,5,30,4,1,1,4,4,5,7,4,4,10,5,5,2,15,1,38,2,9,1,1,7,9,1,10,2,11,,6,6,1,22,9,121.5589768,25.0557539
111,11,2,19,2,2,06松山區,松山區延壽街356巷與延壽街356巷4弄口口,0,0,2,2,C03,6,3,5,30,4,1,1,4,4,5,7,4,4,10,5,5,2,15,1,51,2,9,1,1,7,9,1,10,2,14,,14,6,1,22,9,121.5589768,25.0557539
111,11,2,19,3,2,01大同區,大同區南京西路與南京西路155巷口口,0,0,3,1,B03,6,3,5,0,4,2,1,4,4,5,7,4,4,5,5,5,2,13,1,50,4,11,3,4,7,15,7,19,11,15,,16,16,2,22,9,121.5134818,25.05402585
111,11,2,19,3,2,01大同區,大同區南京西路與南京西路155巷口口,0,0,3,2,B12,6,3,5,0,4,2,1,4,4,5,7,4,4,5,5,5,2,13,1,56,3,10,1,1,7,9,1,8,1,3,,44,16,1,22,9,121.5134818,25.05402585
111,11,2,19,3,2,01大同區,大同區南京西路與南京西路155巷口口,0,0,3,3,H02,6,3,5,0,4,2,1,4,4,5,7,4,4,5,5,5,2,13,1,21,2,1,1,5,7,20,8,20,10,16,,67,16,1,22,9,121.5134818,25.05402585
111,11,2,19,3,2,01大同區,大同區南京西路與南京西路155巷口口,0,0,3,4,H02,6,3,5,0,4,2,1,4,4,5,7,4,4,5,5,5,2,13,2,28,2,1,1,5,7,20,8,20,10,16,,67,16,1,22,9,121.5134818,25.05402585
111,11,2,19,3,2,01大同區,大同區南京西路與南京西路155巷口口,0,0,3,5,H02,6,3,5,0,4,2,1,4,4,5,7,4,4,5,5,5,2,13,1,28,2,1,1,1,7,20,8,20,10,16,,67,16,1,22,9,121.5134818,25.05402585
111,11,2,19,5,2,02萬華區,萬華區和平西路3段與華江橋往台北市口機車道,0,0,3,1,C03,6,3,5,40,14,11,4,4,4,5,7,4,4,1,5,1,2,12,2,18,3,10,1,1,7,9,1,10,1,14,,16,16,1,22,9,121.4874797,25.03561227
111,11,2,19,5,2,02萬華區,萬華區和平西路3段與華江橋往台北市口機車道,0,0,3,2,C03,6,3,5,40,14,11,4,4,4,5,7,4,4,1,5,1,2,12,1,60,2,9,1,1,7,4,1,10,1,11,,17,16,1,22,9,121.4874797,25.03561227
111,11,2,19,5,2,02萬華區,萬華區和平西路3段與華江橋往台北市口機車道,0,0,3,3,C03,6,3,5,40,14,11,4,4,4,5,7,4,4,1,5,1,2,12,1,50,2,9,1,1,7,11,1,10,1,11,,23,16,1,22,9,121.4874797,25.03561227
111,11,2,19,5,2,02萬華區,萬華區和平西路3段與華江橋往台北市口機車道,0,0,3,4,H02,6,3,5,40,14,11,4,4,4,5,7,4,4,1,5,1,2,12,2,50,2,9,1,5,7,21,8,20,11,16,,67,16,1,22,9,121.4874797,25.03561227
111,11,2,19,13,2,04大安區,大安區永康街與潮州街口,0,0,1,1,C03,6,3,5,30,4,1,1,4,4,5,7,4,4,10,5,5,2,15,1,25,3,10,1,1,7,9,1,10,1,14,,6,6,1,22,9,121.5296131,25.0283838
111,11,2,19,13,2,04大安區,大安區永康街與潮州街口,0,0,1,2,B03,6,3,5,30,4,1,1,4,4,5,7,4,4,10,5,5,2,15,1,40,3,10,1,1,7,9,1,8,1,1,,44,6,1,22,9,121.5296131,25.0283838
111,11,2,19,13,2,04大安區,大安區永康街與潮州街口,0,0,1,3,H02,6,3,5,30,4,1,1,4,4,5,7,4,4,10,5,5,2,15,2,25,2,8,1,5,7,20,8,20,10,16,,67,6,1,22,9,121.5296131,25.0283838
111,11,2,19,26,2,07信義區,信義區林口街與林口街66巷口,0,0,2,1,C03,6,1,5,50,4,1,1,4,4,5,7,4,4,9,5,4,2,3,1,48,2,8,1,1,7,9,1,10,2,11,,15,15,1,22,9,121.5793005,25.0387901
111,11,2,19,26,2,07信義區,信義區林口街與林口街66巷口,0,0,2,2,H01,6,1,5,50,4,1,1,4,4,5,7,4,4,9,5,4,2,3,1,58,2,9,4,5,8,16,8,20,10,16,,53,15,1,22,9,121.5793005,25.0387901
111,11,2,19,53,2,09北投區,北投區東華街2段96號,0,0,2,1,B02,8,3,5,50,14,9,1,5,4,5,7,4,4,1,4,5,2,11,1,52,3,10,1,1,7,7,1,8,2,4,,7,7,1,22,9,121.5133009,25.11803455
111,11,2,19,53,2,09北投區,北投區東華街2段96號,0,0,2,2,C03,8,3,5,50,14,9,1,5,4,5,7,4,4,1,4,5,2,11,1,36,2,9,1,1,7,9,1,10,2,12,,44,7,1,22,9,121.5133009,25.11803455
111,11,2,19,53,2,09北投區,北投區東華街2段96號,0,0,2,3,H02,8,3,5,50,14,9,1,5,4,5,7,4,4,1,4,5,2,11,2,38,2,9,1,5,7,20,8,20,10,16,,67,7,1,22,9,121.5133009,25.11803455
111,11,2,21,24,2,02萬華區,萬華區忠孝西路2段與西寧南路口忠孝橋往台北下橋,0,0,2,1,C03,7,3,5,50,4,2,1,5,4,5,7,1,1,1,4,4,2,13,1,19,2,9,1,1,7,7,1,10,1,13,,7,7,1,22,9,121.5074619,25.04861232
111,11,2,21,24,2,02萬華區,萬華區忠孝西路2段與西寧南路口忠孝橋往台北下橋,0,0,2,2,B03,7,3,5,50,4,2,1,5,4,5,7,1,1,1,4,4,2,13,1,34,3,10,1,1,7,9,1,8,1,1,,13,7,1,22,9,121.5074619,25.04861232
111,11,2,21,24,2,02萬華區,萬華區忠孝西路2段與西寧南路口忠孝橋往台北下橋,0,0,2,3,H02,7,3,5,50,4,2,1,5,4,5,7,1,1,1,4,4,2,13,2,18,2,9,4,5,7,20,8,20,10,16,,67,7,1,22,9,121.5074619,25.04861232
111,11,2,21,46,2,07信義區,信義區松壽路與市府路口,0,0,1,1,H01,8,1,5,50,4,2,1,4,4,5,7,2,1,1,4,5,2,6,2,71,2,9,4,5,8,18,8,20,10,16,,52,52,1,22,9,121.5635958,25.0358164
111,11,2,21,46,2,07信義區,信義區松壽路與市府路口,0,0,1,2,A02,8,1,5,50,4,2,1,4,4,5,7,2,1,1,4,5,2,6,1,48,3,10,1,1,7,9,1,2,2,5,,44,52,1,22,9,121.5635958,25.0358164
111,11,2,21,50,2,04大安區,大安區愛國東路與金華街183巷口,0,0,1,1,B03,6,3,5,30,4,1,1,4,4,5,7,1,1,9,4,5,1,3,1,43,3,10,1,1,7,5,1,8,1,1,,15,15,1,22,9,121.5273783,25.0316193
111,11,2,21,50,2,04大安區,大安區愛國東路與金華街183巷口,0,0,1,2,H01,6,3,5,30,4,1,1,4,4,5,7,1,1,9,4,5,1,3,2,39,2,9,4,5,8,16,8,20,10,16,,67,15,1,22,9,121.5273783,25.0316193
111,11,2,21,55,2,09北投區,北投區紗帽路與陽明路1段43巷口,0,0,2,1,B03,6,3,5,40,3,1,1,4,4,5,7,4,4,5,4,4,2,16,2,21,2,1,1,1,7,5,1,8,2,1,,6,6,1,22,9,121.5484127,25.14912369
111,11,2,21,55,2,09北投區,北投區紗帽路與陽明路1段43巷口,0,0,2,2,B03,6,3,5,40,3,1,1,4,4,5,7,4,4,5,4,4,2,16,1,31,3,10,1,1,7,6,1,8,2,1,,44,6,1,22,9,121.5484127,25.14912369
111,11,2,21,55,2,09北投區,北投區紗帽路與陽明路1段43巷口,0,0,2,3,H02,6,3,5,40,3,1,1,4,4,5,7,4,4,5,4,4,2,16,2,30,2,1,1,5,7,20,8,20,10,15,,67,6,1,22,9,121.5484127,25.14912369
111,11,2,22,10,2,08士林區,士林區仰德大道4段與仰德大道4段174巷口,0,0,2,1,C03,6,3,5,40,14,9,1,4,4,5,7,4,4,4,5,5,2,5,1,18,2,9,1,1,7,9,1,10,1,11,,23,23,1,22,9,121.5459674,25.13506111
111,11,2,22,10,2,08士林區,士林區仰德大道4段與仰德大道4段174巷口,0,0,2,2,H01,6,3,5,40,14,9,1,4,4,5,7,4,4,4,5,5,2,5,1,51,2,9,4,5,8,20,8,20,10,16,,67,23,1,22,9,121.5459674,25.13506111
111,11,2,22,11,2,05中正區,中正區金山南路1段與金山南路1段63巷口,0,0,1,1,B01,6,3,5,30,3,1,1,4,4,5,7,4,4,1,4,5,2,17,1,50,3,10,1,1,7,6,1,4,2,15,,6,6,1,22,9,121.5285677,25.0386948
111,11,2,22,11,2,05中正區,中正區金山南路1段與金山南路1段63巷口,0,0,1,2,C03,6,3,5,30,3,1,1,4,4,5,7,4,4,1,4,5,2,17,2,62,2,9,1,1,7,9,1,10,2,14,,44,6,1,22,9,121.5285677,25.0386948
111,11,2,23,22,2,07信義區,信義區市民高架道西往東永吉路匝道旁,0,0,1,1,B03,7,4,5,40,10,9,1,5,4,5,7,4,4,4,1,5,1,13,2,22,2,1,1,1,7,8,3,18,4,1,,7,7,1,22,9,121.5651334,25.04494497
111,11,2,23,22,2,07信義區,信義區市民高架道西往東永吉路匝道旁,0,0,1,2,A12,7,4,5,40,10,9,1,5,4,5,7,4,4,4,1,5,1,13,1,58,3,10,1,1,7,9,1,7,2,3,,44,7,1,22,9,121.5651334,25.04494497
111,11,2,23,22,2,07信義區,信義區市民高架道西往東永吉路匝道旁,0,0,1,3,,7,4,5,40,10,9,1,5,4,5,7,4,4,4,1,5,1,13,3,,,,,,,,,,,,,67,7,1,,,121.5651334,25.04494497
111,11,2,23,28,2,10文山區,文山區木柵路4段與萬芳交流道口,0,0,1,1,A11,6,3,5,50,4,1,1,4,4,5,7,1,1,1,4,5,2,16,1,42,3,10,3,4,1,5,1,1,1,2,,25,8,1,21,8,121.5768995,25.00023844
111,11,2,23,28,2,10文山區,文山區木柵路4段與萬芳交流道口,0,0,1,2,C03,6,3,5,50,4,1,1,4,4,5,7,1,1,1,4,5,2,16,1,20,2,8,3,4,7,9,1,10,1,11,,44,8,1,21,8,121.5768995,25.00023844
111,11,2,23,45,2,08士林區,士林區環河北路3段與延平北路6段511巷口,0,0,1,1,C03,7,3,5,50,3,2,1,5,4,5,7,4,4,1,4,5,1,17,1,18,2,9,1,1,7,15,1,10,1,11,,26,26,1,22,9,121.5016628,25.08990181
111,11,2,23,45,2,08士林區,士林區環河北路3段與延平北路6段511巷口,0,0,1,2,B12,7,3,5,50,3,2,1,5,4,5,7,4,4,1,4,5,1,17,1,43,3,10,1,1,7,6,1,8,1,5,,44,26,1,22,9,121.5016628,25.08990181
111,11,3,0,21,2,01大同區,大同區重慶北路3段與重慶北路3段223巷口,0,0,3,2,C03,7,3,5,50,4,1,1,5,4,5,7,1,1,1,4,5,2,17,1,23,2,7,1,1,7,12,1,10,2,13,,44,16,1,22,9,121.5138655,25.0703815
111,11,3,0,21,2,01大同區,大同區重慶北路3段與重慶北路3段223巷口,0,0,3,3,H02,7,3,5,50,4,1,1,5,4,5,7,1,1,1,4,5,2,17,2,25,2,9,4,5,7,21,8,20,10,16,,67,16,1,22,9,121.5138655,25.0703815
111,11,3,0,21,2,01大同區,大同區重慶北路3段與重慶北路3段223巷口,0,0,3,1,C03,7,3,5,50,4,1,1,5,4,5,7,1,1,1,4,5,2,17,1,35,2,9,1,1,7,9,1,10,2,11,,16,16,1,22,9,121.5138655,25.0703815
111,11,3,6,23,2,01大同區,大同區民權西路與承德路2段口,0,0,2,2,C03,8,1,5,50,4,2,1,5,4,5,7,3,1,9,4,5,2,15,1,36,2,9,1,4,7,9,1,10,1,11,,44,25,1,22,9,121.5182325,25.0629867
111,11,3,6,23,2,01大同區,大同區民權西路與承德路2段口,0,0,2,1,C03,8,1,5,50,4,2,1,5,4,5,7,3,1,9,4,5,2,15,1,32,2,9,1,4,7,9,1,10,1,11,,25,25,1,22,9,121.5182325,25.0629867
111,11,3,7,10,2,11南港區,南港區研究院路1段與中南街口,0,0,1,1,B03,6,1,5,30,3,2,1,4,4,5,7,4,4,9,4,5,2,12,1,27,3,10,1,1,7,6,1,8,1,2,,17,17,1,22,9,121.6155956,25.051133
111,11,3,7,10,2,11南港區,南港區研究院路1段與中南街口,0,0,1,2,C03,6,1,5,30,3,2,1,4,4,5,7,4,4,9,4,5,2,12,2,64,2,9,1,1,7,6,1,10,1,12,,17,17,1,22,9,121.6155956,25.051133
111,11,3,7,12,2,04大安區,大安區仁愛路3段與建國南路1段口,0,0,2,1,B03,7,1,5,40,4,1,1,5,4,5,7,2,1,8,3,5,2,16,1,71,3,10,1,1,7,6,1,8,2,2,,9,9,1,22,9,121.5375972,25.03822276
111,11,3,7,12,2,04大安區,大安區仁愛路3段與建國南路1段口,0,0,2,2,C03,7,1,5,40,4,1,1,5,4,5,7,2,1,8,3,5,2,16,2,42,2,9,1,1,7,9,1,9,2,14,,44,9,1,22,9,121.5375972,25.03822276
111,11,3,7,12,2,04大安區,大安區仁愛路3段與建國南路1段口,0,0,2,3,H02,7,1,5,40,4,1,1,5,4,5,7,2,1,8,3,5,2,16,2,13,2,8,1,1,7,20,8,20,10,16,,67,9,1,22,9,121.5375972,25.03822276
111,11,3,7,43,2,07信義區,信義區信義路5段7號,0,0,1,1,C03,7,1,5,50,14,9,1,4,4,5,7,4,4,9,4,5,2,13,2,23,2,9,1,1,7,9,1,10,9,11,,43,43,1,22,9,121.5648214,25.0330037
111,11,3,7,43,2,07信義區,信義區信義路5段7號,0,0,1,2,,7,1,5,50,14,9,1,4,4,5,7,4,4,9,4,5,2,13,4,,4,11,3,4,7,15,7,19,11,15,,43,43,2,22,9,121.5648214,25.0330037
111,11,3,7,55,2,05中正區,中正區市民大道2段(林森與金山之間)往東,0,0,1,1,C03,8,1,5,40,14,9,1,5,4,5,7,4,4,10,3,5,2,13,1,41,3,10,1,1,7,9,6,18,2,11,,23,23,1,22,9,121.5271815,25.04697266
111,11,3,7,55,2,05中正區,中正區市民大道2段(林森與金山之間)往東,0,0,1,2,C03,8,1,5,40,14,9,1,5,4,5,7,4,4,10,3,5,2,13,1,81,2,9,1,1,7,21,1,10,2,12,,44,23,1,22,9,121.5271815,25.04697266
111,11,3,8,30,2,05中正區,中正區羅斯福路4段與羅斯福路4段90巷附近口,0,0,2,1,C03,7,1,5,50,3,2,1,4,4,5,7,1,1,1,4,5,1,3,1,21,2,9,1,1,7,9,1,9,2,11,,15,15,1,22,9,121.5348538,25.01414251
111,11,3,8,30,2,05中正區,中正區羅斯福路4段與羅斯福路4段90巷附近口,0,0,2,2,H01,7,1,5,50,3,2,1,4,4,5,7,1,1,1,4,5,1,3,2,62,2,6,4,5,8,16,8,20,10,16,,52,15,1,22,9,121.5348538,25.01414251
111,11,3,8,35,2,05中正區,中正區重慶南路1段與漢口街1段口,0,0,2,1,C03,8,1,5,50,4,1,1,5,4,5,7,1,1,10,5,5,2,16,1,18,2,9,1,1,7,5,1,10,2,14,,44,44,1,22,9,121.5132628,25.0451832
111,11,3,8,35,2,05中正區,中正區重慶南路1段與漢口街1段口,0,0,2,2,C03,8,1,5,50,4,1,1,5,4,5,7,1,1,10,5,5,2,16,1,26,2,9,1,1,7,9,1,10,2,11,,44,44,1,22,9,121.5132628,25.0451832
111,11,3,8,36,2,06松山區,松山區八德路4段461號,0,0,1,1,B03,6,1,5,50,14,9,1,4,4,5,7,1,1,4,3,5,2,17,1,71,3,10,1,1,7,9,1,8,1,5,,25,25,1,22,9,121.5706353,25.04984597
111,11,3,8,36,2,06松山區,松山區八德路4段461號,0,0,1,2,C03,6,1,5,50,14,9,1,4,4,5,7,1,1,4,3,5,2,17,1,26,2,9,1,1,7,5,1,10,1,14,,44,25,1,22,9,121.5706353,25.04984597
111,11,3,8,40,2,03中山區,中山區濱江街與復興北路口地下道,0,0,1,1,C03,8,1,5,50,4,1,1,5,4,3,7,1,1,1,4,4,2,13,1,31,3,10,1,1,7,12,1,10,1,13,,44,44,1,22,9,121.5443187,25.07192022
111,11,3,8,40,2,03中山區,中山區濱江街與復興北路口地下道,0,0,1,2,C03,8,1,5,50,4,1,1,5,4,3,7,1,1,1,4,4,2,13,1,31,2,8,1,1,7,9,1,10,1,11,,23,44,1,22,9,121.5443187,25.07192022
111,11,3,8,40,2,03中山區,中山區濱江街與復興北路口地下道,0,0,1,3,C03,8,1,5,50,4,1,1,5,4,3,7,1,1,1,4,4,2,13,1,34,3,10,1,1,7,9,1,10,1,11,,23,44,1,22,9,121.5443187,25.07192022
111,11,3,8,40,2,03中山區,中山區濱江街與復興北路口地下道,0,0,1,4,C03,8,1,5,50,4,1,1,5,4,3,7,1,1,1,4,4,2,13,1,60,3,10,1,1,7,9,1,10,1,11,,23,44,1,22,9,121.5443187,25.07192022
111,11,3,8,40,2,12內湖區,內湖區內湖路1段91巷39弄與內湖路1段91巷39弄口,0,0,1,1,B03,8,1,5,30,3,1,1,5,4,5,7,4,4,10,5,5,2,17,2,60,3,10,1,1,7,5,1,8,1,1,,8,8,1,22,9,121.5617342,25.08837953
111,11,3,8,40,2,12內湖區,內湖區內湖路1段91巷39弄與內湖路1段91巷39弄口,0,0,1,2,C03,8,1,5,30,3,1,1,5,4,5,7,4,4,10,5,5,2,17,2,27,2,9,1,1,7,9,1,10,1,12,,23,8,1,22,9,121.5617342,25.08837953
111,11,3,8,44,2,04大安區,大安區基隆路4段75號,0,0,1,1,C03,7,1,5,40,14,9,1,5,4,5,7,4,4,1,3,1,1,17,1,22,2,9,1,1,7,9,1,10,1,11,,23,23,1,22,9,121.5392396,25.01269333
111,11,3,8,44,2,04大安區,大安區基隆路4段75號,0,0,1,2,B03,7,1,5,40,14,9,1,5,4,5,7,4,4,1,3,1,1,17,1,26,3,10,1,1,7,6,1,8,1,15,,9,23,1,22,9,121.5392396,25.01269333
111,11,3,8,45,2,03中山區,中山區長安東路2段與建國北路1段口,0,0,1,1,C03,8,1,5,50,14,11,1,5,4,5,7,1,1,3,4,5,1,13,1,39,2,7,1,1,7,9,1,10,1,11,,16,16,1,22,9,121.5368643,25.04829771
111,11,3,8,45,2,03中山區,中山區長安東路2段與建國北路1段口,0,0,1,2,C03,8,1,5,50,14,11,1,5,4,5,7,1,1,3,4,5,1,13,1,57,3,10,1,1,7,9,1,10,1,13,,44,16,1,22,9,121.5368643,25.04829771
111,11,3,8,48,2,08士林區,士林區中正路榕樹SL0800051011前,0,0,1,1,B01,8,1,5,50,14,7,1,5,4,5,7,4,4,1,4,4,1,16,1,65,3,10,1,1,7,1,1,4,1,7,,19,19,1,21,8,121.5181294,25.0922008
111,11,3,8,48,2,08士林區,士林區中正路榕樹SL0800051011前,0,0,1,2,C03,8,1,5,50,14,7,1,5,4,5,7,4,4,1,4,4,1,16,2,47,2,9,1,1,7,9,1,10,1,12,,13,19,1,21,8,121.5181294,25.0922008
111,11,3,8,48,2,10文山區,文山區木柵路1段與試院路口雙號,0,0,1,1,C03,8,1,5,50,4,1,1,5,4,5,7,2,1,5,2,5,2,17,2,18,3,10,3,4,7,8,1,10,2,13,,44,7,1,22,9,121.5498895,24.98742399
111,11,3,8,48,2,10文山區,文山區木柵路1段與試院路口雙號,0,0,1,2,C03,8,1,5,50,4,1,1,5,4,5,7,2,1,5,2,5,2,17,1,29,2,9,3,4,7,9,1,10,2,11,,13,7,1,22,9,121.5498895,24.98742399
111,11,3,8,50,2,08士林區,士林區中山北路5段469號,0,0,1,1,B03,8,1,5,40,14,8,1,5,4,5,7,4,4,1,4,1,1,17,1,85,3,10,1,1,7,6,1,8,1,2,,9,9,1,21,8,121.527666,25.09251009
111,11,3,8,50,2,08士林區,士林區中山北路5段469號,0,0,1,2,C03,8,1,5,40,14,8,1,5,4,5,7,4,4,1,4,1,1,17,1,25,2,7,1,1,7,9,1,10,1,11,,13,9,1,21,8,121.527666,25.09251009
111,11,3,8,51,2,03中山區,中山區民權東路3段與復興北路口,0,0,1,1,C03,8,1,5,50,4,1,1,5,4,5,7,1,1,8,3,5,2,13,1,39,3,10,1,1,7,9,1,10,2,11,,16,16,1,22,9,121.543891,25.0622165
111,11,3,8,51,2,03中山區,中山區民權東路3段與復興北路口,0,0,1,2,C03,8,1,5,50,4,1,1,5,4,5,7,1,1,8,3,5,2,13,1,26,2,9,1,1,7,9,1,10,2,14,,16,16,1,22,9,121.543891,25.0622165
111,11,3,8,51,2,03中山區,中山區民權東路3段與復興北路口,0,0,1,3,C03,8,1,5,50,4,1,1,5,4,5,7,1,1,8,3,5,2,13,1,62,3,10,1,1,7,9,1,10,2,13,,44,16,1,22,9,121.543891,25.0622165
111,11,3,8,53,2,01大同區,大同區長安西路與承德路1段口,0,0,4,1,C03,8,1,5,50,4,1,1,5,4,5,7,2,1,1,4,5,2,13,1,52,2,9,1,1,7,9,1,10,2,13,,44,44,1,22,9,121.5169363,25.05089808
111,11,3,8,53,2,01大同區,大同區長安西路與承德路1段口,0,0,4,2,C03,8,1,5,50,4,1,1,5,4,5,7,2,1,1,4,5,2,13,1,29,2,1,1,1,7,9,1,9,2,11,,23,44,1,22,5,121.5169363,25.05089808
111,11,3,8,53,2,01大同區,大同區長安西路與承德路1段口,0,0,4,3,C03,8,1,5,50,4,1,1,5,4,5,7,2,1,1,4,5,2,13,1,49,2,7,1,1,7,9,1,10,2,11,,23,44,1,22,9,121.5169363,25.05089808
111,11,3,8,53,2,01大同區,大同區長安西路與承德路1段口,0,0,4,4,C03,8,1,5,50,4,1,1,5,4,5,7,2,1,1,4,5,2,13,2,43,2,9,1,1,7,9,1,10,2,11,,23,44,1,22,9,121.5169363,25.05089808
111,11,3,8,53,2,01大同區,大同區長安西路與承德路1段口,0,0,4,5,B03,8,1,5,50,4,1,1,5,4,5,7,2,1,1,4,5,2,13,1,36,3,10,3,4,7,9,1,8,2,2,,44,44,1,22,9,121.5169363,25.05089808
111,11,3,8,53,2,04大安區,大安區仁愛路3段29號,0,0,1,1,B03,8,1,5,50,14,9,1,5,4,5,7,2,1,9,4,5,2,3,1,55,3,10,1,1,7,9,1,1,2,5,,44,44,1,22,9,121.5347006,25.03855865
111,11,3,8,53,2,04大安區,大安區仁愛路3段29號,0,0,1,2,H01,8,1,5,50,14,9,1,5,4,5,7,2,1,9,4,5,2,3,2,74,2,9,4,5,8,18,8,20,10,16,,52,44,1,22,9,121.5347006,25.03855865
111,11,3,8,57,2,10文山區,文山區辛亥路7段與辛亥路7段26巷口口,0,0,1,1,B03,8,1,5,50,3,1,1,5,4,5,7,2,1,4,3,5,1,16,2,33,3,10,3,4,7,11,1,8,2,4,,10,10,1,22,9,121.5533662,24.98621242
111,11,3,8,57,2,10文山區,文山區辛亥路7段與辛亥路7段26巷口口,0,0,1,2,C03,8,1,5,50,3,1,1,5,4,5,7,2,1,4,3,5,1,16,1,20,2,9,1,4,7,9,1,10,2,11,,44,10,1,22,9,121.5533662,24.98621242
111,11,3,8,57,2,07信義區,信義區基隆路1段與一之六號道路口,0,0,1,1,C03,6,1,5,50,3,2,1,4,4,5,7,4,4,10,4,5,1,11,2,26,2,8,1,4,7,6,1,10,1,12,,9,9,1,22,9,121.560607,25.034346
111,11,3,8,57,2,07信義區,信義區基隆路1段與一之六號道路口,0,0,1,2,B03,6,1,5,50,3,2,1,4,4,5,7,4,4,10,4,5,1,11,1,37,3,10,3,4,7,6,1,8,1,8,,9,9,1,22,9,121.560607,25.034346
111,11,3,9,0,2,12內湖區,內湖區新明路298巷與新明路298巷14弄口,0,0,1,1,A02,6,1,5,50,3,2,1,4,4,5,7,4,4,5,4,5,2,16,1,48,4,11,3,4,7,15,7,19,11,15,,17,43,2,22,9,121.5818524,25.05646287