發生年度,發生月,發生日,發生時-Hours,發生分,處理別-編號,區序,肇事地點,死亡人數,2-30日死亡人數,受傷人數,當事人序號,車種,天候,光線,道路類別,速限-速度限制,道路型態,事故位置,路面狀況1,路面狀況2,路面狀況3,道路障礙1,道路障礙2,號誌1,號誌2,車道劃分-分向,車道劃分-分道1,車道劃分-分道2,車道劃分-分道3,事故類型及型態,性別,年齡,受傷程度,主要傷處,安全帽,行動電話,車輛用途,當事者行動狀態,駕駛資格情形,駕駛執照種類,飲酒情形,車輛撞擊部位1,車輛撞擊部位2,肇因碼-個別,肇因碼-主要,個人肇逃否,職業,旅次目的,座標-X,座標-Y
111,11,3,9,0,2,12內湖區,內湖區新明路298巷與新明路298巷14弄口,0,0,1,2,C03,6,1,5,50,3,2,1,4,4,5,7,4,4,5,4,5,2,16,1,23,2,8,1,1,7,14,1,9,1,14,,17,43,1,22,9,121.5818524,25.05646287
111,11,3,9,0,2,12內湖區,內湖區新明路298巷與新明路298巷14弄口,0,0,1,3,B01,6,1,5,50,3,2,1,4,4,5,7,4,4,5,4,5,2,16,1,49,3,10,1,1,7,14,1,2,1,4,,44,43,1,22,9,121.5818524,25.05646287
111,11,3,9,1,2,03中山區,中山區長春路115號,0,0,1,1,C03,8,1,5,40,14,9,1,5,4,5,7,4,4,5,2,5,2,12,2,41,2,9,1,1,7,1,1,10,1,14,,19,19,1,5,9,121.5298219,25.0548183
111,11,3,9,1,2,03中山區,中山區長春路115號,0,0,1,2,B01,8,1,5,40,14,9,1,5,4,5,7,4,4,5,2,5,2,12,1,67,3,10,1,1,7,9,1,4,1,2,,44,19,1,10,4,121.5298219,25.0548183
111,11,3,9,1,2,03中山區,中山區長春路115號,0,0,1,3,C03,8,1,5,40,14,9,1,5,4,5,7,4,4,5,2,5,2,12,1,21,3,10,1,1,7,13,1,10,1,13,,44,19,1,5,3,121.5298219,25.0548183
111,11,3,9,9,2,05中正區,中正區重慶南路3段與汀州路2段口,0,0,2,1,C03,8,1,5,50,14,9,1,5,4,5,7,1,1,3,4,5,2,13,2,49,2,8,1,1,7,9,1,10,2,11,,16,16,1,22,9,121.5164801,25.0256667
111,11,3,9,9,2,05中正區,中正區重慶南路3段與汀州路2段口,0,0,2,2,C03,8,1,5,50,14,9,1,5,4,5,7,1,1,3,4,5,2,13,2,55,2,8,1,1,7,9,1,10,2,13,,42,16,1,22,9,121.5164801,25.0256667
111,11,3,9,10,2,03中山區,中山區民權東路2段與吉林路口,0,0,2,1,B03,8,1,5,50,4,1,1,5,4,5,7,2,1,1,4,5,2,12,1,22,3,10,3,4,7,7,3,18,1,8,,44,44,1,22,9,121.5302075,25.0624623
111,11,3,9,10,2,03中山區,中山區民權東路2段與吉林路口,0,0,2,2,C03,8,1,5,50,4,1,1,5,4,5,7,2,1,1,4,5,2,12,1,36,2,9,1,4,7,6,1,9,1,12,,9,44,1,22,9,121.5302075,25.0624623
111,11,3,9,10,2,03中山區,中山區民權東路2段與吉林路口,0,0,2,3,C03,8,1,5,50,4,1,1,5,4,5,7,2,1,1,4,5,2,12,2,36,2,9,1,4,7,9,1,10,1,12,,44,44,1,22,9,121.5302075,25.0624623
111,11,3,9,11,2,05中正區,中正區重慶北路1段與鄭州路口,0,0,1,1,C03,7,1,5,40,4,2,1,5,4,5,7,1,1,10,3,5,2,16,2,24,3,10,1,1,7,9,1,10,2,14,,17,17,1,22,9,121.5133961,25.04928173
111,11,3,9,11,2,05中正區,中正區重慶北路1段與鄭州路口,0,0,1,2,F01,7,1,5,40,4,2,1,5,4,5,7,1,1,10,3,5,2,16,1,76,2,8,1,1,7,9,8,20,2,16,,5,17,1,22,9,121.5133961,25.04928173
111,11,3,9,20,2,09北投區,北投區北投路1段與無名巷口,0,0,1,1,B01,8,1,5,40,3,2,1,5,4,5,7,4,4,5,4,4,1,17,1,53,3,10,1,1,7,11,1,4,1,4,,10,10,1,22,9,121.5008906,25.12534369
111,11,3,9,20,2,09北投區,北投區北投路1段與無名巷口,0,0,1,2,C03,8,1,5,40,3,2,1,5,4,5,7,4,4,5,4,4,1,17,1,62,2,9,1,1,7,9,1,10,1,11,,44,10,1,22,9,121.5008906,25.12534369
111,11,3,9,30,2,02萬華區,萬華區富民路91巷1號,0,0,1,1,B03,8,1,5,30,13,9,2,5,4,5,7,4,4,10,5,5,2,8,1,83,3,10,3,4,7,9,1,8,1,5,,23,23,1,22,9,121.4989478,25.01871364
111,11,3,9,30,2,02萬華區,萬華區富民路91巷1號,0,0,1,2,H01,8,1,5,30,13,9,2,5,4,5,7,4,4,10,5,5,2,8,1,53,2,8,4,5,8,17,8,20,10,15,,67,23,1,22,9,121.4989478,25.01871364
111,11,3,9,52,2,02萬華區,萬華區昆明街與成都路口,0,0,1,1,B03,8,1,5,50,4,1,1,5,4,5,7,1,1,8,3,5,1,3,1,60,3,10,1,1,7,5,1,7,11,1,,15,15,1,22,9,121.5047289,25.0430249
111,11,3,9,52,2,02萬華區,萬華區昆明街與成都路口,0,0,1,2,H01,8,1,5,50,4,1,1,5,4,5,7,1,1,8,3,5,1,3,2,78,2,7,4,5,8,16,8,20,10,16,,67,15,1,22,9,121.5047289,25.0430249
111,11,3,9,58,2,07信義區,信義區松壽路6號,0,0,1,1,C03,6,1,5,50,14,9,1,4,4,5,7,4,4,5,4,5,1,18,1,33,2,9,3,4,7,9,1,10,1,12,,42,42,1,22,9,121.5647784,25.0358117
111,11,3,9,58,2,07信義區,信義區松壽路6號,0,0,1,2,,6,1,5,50,14,9,1,4,4,5,7,4,4,5,4,5,1,18,3,,,,,,,,,,,,,67,42,1,,,121.5647784,25.0358117
111,11,3,10,17,2,10文山區,文山區羅斯福路5段21號,0,1,1,1,C03,7,1,5,50,14,9,1,5,4,5,7,2,1,1,4,5,2,3,1,25,2,9,1,1,7,9,1,10,2,11,,23,23,1,22,9,121.5383901,25.0078542
111,11,3,10,17,2,10文山區,文山區羅斯福路5段21號,0,1,1,2,H01,7,1,5,50,14,9,1,5,4,5,7,2,1,1,4,5,2,3,2,67,5,9,4,1,8,18,8,20,10,16,,51,23,1,22,9,121.5383901,25.0078542
111,11,3,10,35,2,10文山區,文山區興隆路3段36巷17弄與興隆路3段112巷4弄口,0,0,1,1,C03,7,1,5,30,3,1,1,5,4,5,7,1,1,9,5,5,2,16,2,21,2,9,1,1,7,5,1,10,2,14,,6,6,1,22,9,121.555428,24.99932509
111,11,3,10,35,2,10文山區,文山區興隆路3段36巷17弄與興隆路3段112巷4弄口,0,0,1,2,C03,7,1,5,30,3,1,1,5,4,5,7,1,1,9,5,5,2,16,1,20,3,10,1,1,7,9,1,10,2,12,,13,6,1,22,9,121.555428,24.99932509
111,11,3,10,36,2,10文山區,文山區和平東路4段與萬美街1段口口,0,0,1,1,C03,8,1,5,40,3,1,1,5,4,5,7,2,1,4,3,5,1,3,1,52,3,10,1,4,7,9,1,10,2,11,,23,23,1,22,9,121.571874,25.00216138
111,11,3,10,36,2,10文山區,文山區和平東路4段與萬美街1段口口,0,0,1,2,H01,8,1,5,40,3,1,1,5,4,5,7,2,1,4,3,5,1,3,2,34,2,9,4,5,8,16,8,20,10,16,,67,23,1,22,9,121.571874,25.00216138
111,11,3,10,52,2,08士林區,士林區東山路25巷42號,0,0,1,1,C03,8,1,5,30,15,9,1,5,4,5,7,4,4,10,5,5,1,17,2,26,2,9,1,1,7,9,1,10,2,12,,42,42,1,22,9,121.5421355,25.11853551
111,11,3,10,52,2,08士林區,士林區東山路25巷42號,0,0,1,2,B03,8,1,5,30,15,9,1,5,4,5,7,4,4,10,5,5,1,17,1,65,3,10,1,1,7,9,1,8,2,4,,5,42,1,22,9,121.5421355,25.11853551
111,11,3,11,0,2,03中山區,中山區民生東路2段與吉林路口,0,0,1,1,B03,8,1,5,50,4,1,1,5,4,5,7,1,3,5,4,5,2,16,1,55,3,10,3,4,7,5,1,8,1,6,,8,8,1,22,9,121.5302027,25.0579794
111,11,3,11,0,2,03中山區,中山區民生東路2段與吉林路口,0,0,1,2,C03,8,1,5,50,4,1,1,5,4,5,7,1,3,5,4,5,2,16,1,25,2,8,3,4,7,9,1,10,1,11,,2,8,1,22,9,121.5302027,25.0579794
111,11,3,11,0,2,05中正區,中正區福和橋往永和機車道(福和001),0,0,2,1,C03,8,1,5,40,8,11,1,5,4,5,7,4,4,1,4,5,2,12,1,22,2,9,1,1,7,9,1,10,1,12,,23,2,1,22,9,121.5336917,25.00967007
111,11,3,11,0,2,05中正區,中正區福和橋往永和機車道(福和001),0,0,2,2,C03,8,1,5,40,8,11,1,5,4,5,7,4,4,1,4,5,2,12,2,58,2,9,1,1,7,9,1,10,1,14,,44,2,1,22,9,121.5336917,25.00967007
111,11,3,11,10,2,01大同區,大同區長安西路134號,0,0,1,1,C03,8,1,5,50,14,9,1,5,4,5,7,4,4,5,4,5,2,16,1,55,2,7,1,1,7,9,1,10,1,14,,17,17,1,22,9,121.5180259,25.05063325
111,11,3,11,10,2,01大同區,大同區長安西路134號,0,0,1,2,B03,8,1,5,50,14,9,1,5,4,5,7,4,4,5,4,5,2,16,2,34,3,10,1,1,7,9,1,8,1,2,,44,17,1,22,9,121.5180259,25.05063325
111,11,3,11,20,2,01大同區,大同區寧夏路與錦西街口,0,0,2,1,B12,8,1,5,50,4,1,1,5,4,5,7,1,1,5,5,5,2,17,1,31,2,7,1,2,7,6,5,8,1,8,,6,6,1,22,9,121.5148278,25.05955555
111,11,3,11,20,2,01大同區,大同區寧夏路與錦西街口,0,0,2,2,B03,8,1,5,50,4,1,1,5,4,5,7,1,1,5,5,5,2,17,1,42,3,10,1,1,7,5,1,8,1,2,,44,6,1,22,9,121.5148278,25.05955555
111,11,3,11,20,2,01大同區,大同區寧夏路與錦西街口,0,0,2,3,H02,8,1,5,50,4,1,1,5,4,5,7,1,1,5,5,5,2,17,2,44,2,1,1,5,7,20,8,20,10,15,,67,6,1,22,9,121.5148278,25.05955555
111,11,3,11,21,2,01大同區,大同區鄭州路與西寧北路口,0,0,1,1,B01,8,1,5,40,4,1,1,5,4,5,7,1,1,1,4,5,2,16,1,53,3,10,1,1,7,6,1,4,2,2,,9,9,1,22,9,121.5082021,25.0506052
111,11,3,11,21,2,01大同區,大同區鄭州路與西寧北路口,0,0,1,2,C03,8,1,5,40,4,1,1,5,4,5,7,1,1,1,4,5,2,16,1,22,2,9,1,1,7,9,1,10,2,14,,44,9,1,22,9,121.5082021,25.0506052
111,11,3,11,25,2,05中正區,中正區金山南路1段與臨沂街6巷口,0,0,1,1,B01,8,1,5,50,4,1,1,5,4,5,7,4,4,10,5,5,2,16,1,65,3,10,1,1,7,5,1,4,2,2,,6,6,1,22,9,121.5298215,25.04261476
111,11,3,11,25,2,05中正區,中正區金山南路1段與臨沂街6巷口,0,0,1,2,C03,8,1,5,50,4,1,1,5,4,5,7,4,4,10,5,5,2,16,2,48,2,1,1,1,7,9,1,10,2,11,,44,6,1,22,9,121.5298215,25.04261476
111,11,3,11,36,2,02萬華區,萬華區西昌街與康定路278巷口,0,0,2,1,F03,8,1,5,50,3,1,1,5,4,5,7,4,4,9,5,5,2,16,1,55,2,9,1,1,7,5,8,20,2,16,,43,43,1,22,9,121.5005621,25.03698288
111,11,3,11,36,2,02萬華區,萬華區西昌街與康定路278巷口,0,0,2,2,C03,8,1,5,50,3,1,1,5,4,5,7,4,4,9,5,5,2,16,1,65,2,9,1,1,7,9,1,10,2,11,,43,43,1,22,9,121.5005621,25.03698288
111,11,3,11,54,2,05中正區,中正區重慶南路1段136巷與重慶南路1段口,0,0,3,1,B01,7,1,5,50,3,2,1,5,4,5,7,4,4,4,3,4,2,17,1,63,2,7,1,1,7,5,1,4,2,6,,6,6,1,22,9,121.5125747,25.03625059
111,11,3,11,54,2,05中正區,中正區重慶南路1段136巷與重慶南路1段口,0,0,3,2,C03,7,1,5,50,3,2,1,5,4,5,7,4,4,4,3,4,2,17,1,34,2,9,1,1,7,9,1,10,2,11,,13,6,1,22,9,121.5125747,25.03625059
111,11,3,11,54,2,05中正區,中正區重慶南路1段136巷與重慶南路1段口,0,0,3,3,H02,7,1,5,50,3,2,1,5,4,5,7,4,4,4,3,4,2,17,2,51,2,1,4,5,7,21,8,20,10,16,,67,6,1,22,9,121.5125747,25.03625059
111,11,3,12,0,2,06松山區,松山區光復北路與南京東路5段口,0,0,1,1,B01,8,1,5,40,5,1,1,5,4,5,7,1,1,1,5,4,2,12,1,65,3,10,1,1,7,6,1,4,2,1,,6,6,1,10,4,121.5573407,25.05177024
111,11,3,12,0,2,06松山區,松山區光復北路與南京東路5段口,0,0,1,2,F01,8,1,5,40,5,1,1,5,4,5,7,1,1,1,5,4,2,12,2,79,2,9,1,1,7,11,8,20,1,16,,11,6,1,19,5,121.5573407,25.05177024
111,11,3,12,4,2,06松山區,松山區塔悠路33號,0,0,1,1,A02,7,1,5,50,14,7,1,5,4,5,7,4,4,9,4,4,2,9,1,59,3,10,1,1,7,12,1,2,2,15,,43,43,1,22,9,121.5714181,25.05066682
111,11,3,12,4,2,06松山區,松山區塔悠路33號,0,0,1,2,H02,7,1,5,50,14,7,1,5,4,5,7,4,4,9,4,4,2,9,2,84,2,1,1,1,7,20,8,20,10,16,,67,43,1,22,9,121.5714181,25.05066682
111,11,3,12,4,2,06松山區,松山區塔悠路33號,0,0,1,3,B12,7,1,5,50,14,7,1,5,4,5,7,4,4,9,4,4,2,9,1,51,3,10,1,1,7,9,1,8,9,15,,44,43,1,22,9,121.5714181,25.05066682
111,11,3,12,10,2,08士林區,士林區格致路16號,0,0,1,1,B03,8,1,5,40,14,9,1,5,4,5,7,4,4,8,5,5,1,17,1,21,3,10,1,1,7,9,1,8,2,1,,16,16,1,22,9,121.5463231,25.13648846
111,11,3,12,10,2,08士林區,士林區格致路16號,0,0,1,2,C03,8,1,5,40,14,9,1,5,4,5,7,4,4,8,5,5,1,17,1,22,2,9,1,1,7,9,1,9,2,13,,16,16,1,22,9,121.5463231,25.13648846
111,11,3,12,10,2,08士林區,士林區格致路16號,0,0,1,3,B12,8,1,5,40,14,9,1,5,4,5,7,4,4,8,5,5,1,17,1,55,3,10,1,1,7,14,6,8,9,3,,44,16,1,22,9,121.5463231,25.13648846
111,11,3,12,13,2,09北投區,北投區大業路35號,0,0,1,1,B03,8,1,5,50,14,9,1,5,4,5,7,4,4,1,4,5,1,17,1,41,3,10,1,1,7,6,1,8,1,5,,9,9,1,22,9,121.4992912,25.12235072
111,11,3,12,13,2,09北投區,北投區大業路35號,0,0,1,2,C03,8,1,5,50,14,9,1,5,4,5,7,4,4,1,4,5,1,17,1,35,2,9,1,1,7,9,1,10,1,14,,14,9,1,22,9,121.4992912,25.12235072
111,11,3,12,16,2,02萬華區,萬華區東園街67巷23號與東園街67巷口,0,0,1,1,C03,8,1,5,30,4,2,1,5,4,5,7,4,4,10,4,5,1,17,1,61,2,9,3,4,7,9,1,10,1,12,,6,6,1,22,9,121.4975924,25.02661261
111,11,3,12,16,2,02萬華區,萬華區東園街67巷23號與東園街67巷口,0,0,1,2,B01,8,1,5,30,4,2,1,5,4,5,7,4,4,10,4,5,1,17,1,58,3,10,3,4,7,9,1,8,1,1,,44,6,1,22,9,121.4975924,25.02661261
111,11,3,12,16,2,02萬華區,萬華區東園街67巷23號與東園街67巷口,0,0,1,3,B12,8,1,5,30,4,2,1,5,4,5,7,4,4,10,4,5,1,17,1,66,3,10,3,4,7,13,7,19,9,15,,38,6,1,22,9,121.4975924,25.02661261
111,11,3,12,17,2,02萬華區,萬華區西園路1段與大理街口,0,0,2,1,C03,8,1,5,50,4,1,1,5,4,5,7,2,1,3,4,5,2,16,1,51,2,9,1,4,7,1,1,10,1,14,,25,19,1,22,9,121.4987523,25.0344713
111,11,3,12,17,2,02萬華區,萬華區西園路1段與大理街口,0,0,2,2,C03,8,1,5,50,4,1,1,5,4,5,7,2,1,3,4,5,2,16,2,30,2,9,1,4,7,9,1,10,1,11,,25,19,1,22,9,121.4987523,25.0344713
111,11,3,12,27,2,02萬華區,萬華區環河南路1段350巷與環河南路2段口,0,0,2,1,B03,8,1,5,30,3,2,1,5,4,5,7,4,4,10,4,5,2,17,1,66,3,10,1,1,7,6,1,8,1,8,,9,9,1,22,9,121.4975239,25.03939875
111,11,3,12,27,2,02萬華區,萬華區環河南路1段350巷與環河南路2段口,0,0,2,2,C03,8,1,5,30,3,2,1,5,4,5,7,4,4,10,4,5,2,17,1,47,2,8,1,1,7,9,1,9,1,12,,44,9,1,22,9,121.4975239,25.03939875
111,11,3,12,27,2,02萬華區,萬華區環河南路1段350巷與環河南路2段口,0,0,2,3,H02,8,1,5,30,3,2,1,5,4,5,7,4,4,10,4,5,2,17,2,39,2,9,1,5,7,20,8,20,10,16,,67,9,1,22,9,121.4975239,25.03939875
111,11,3,12,27,2,10文山區,文山區景文街與羅斯福路6段401巷口,0,0,1,1,C03,7,1,5,50,3,2,1,5,4,5,7,4,4,5,5,4,2,16,2,24,3,10,1,1,7,5,1,10,1,11,,6,6,1,22,9,121.541301,24.9917503
111,11,3,12,27,2,10文山區,文山區景文街與羅斯福路6段401巷口,0,0,1,2,C03,7,1,5,50,3,2,1,5,4,5,7,4,4,5,5,4,2,16,2,70,2,9,1,1,7,9,4,8,1,14,,44,6,1,22,9,121.541301,24.9917503
111,11,3,12,28,2,09北投區,北投區大業路280巷與大業路280巷9弄口,0,0,1,1,B12,8,1,5,30,3,2,1,5,4,5,7,4,4,10,5,5,2,16,1,67,3,10,1,1,7,1,1,8,1,4,,19,19,1,22,9,121.4990925,25.1274663
111,11,3,12,28,2,09北投區,北投區大業路280巷與大業路280巷9弄口,0,0,1,2,C03,8,1,5,30,3,2,1,5,4,5,7,4,4,10,5,5,2,16,1,18,2,8,1,1,7,9,1,10,1,11,,14,19,1,22,9,121.4990925,25.1274663
111,11,3,13,18,2,05中正區,中正區中華路1段23號,0,0,1,1,B01,8,1,5,0,14,9,1,5,4,5,7,4,4,1,4,5,2,12,1,72,4,11,3,4,7,10,7,19,11,15,,7,7,2,22,9,121.5096433,25.0464007
111,11,3,13,18,2,05中正區,中正區中華路1段23號,0,0,1,2,C03,8,1,5,0,14,9,1,5,4,5,7,4,4,1,4,5,2,12,1,58,2,7,1,1,7,9,1,10,2,13,,44,7,1,22,9,121.5096433,25.0464007
111,11,3,13,30,2,06松山區,松山區復興北路313巷與民生東路3段107巷口口,0,0,1,3,B12,8,1,5,0,4,1,1,5,4,5,7,4,4,10,5,5,2,15,1,43,3,10,3,1,7,13,1,8,9,15,,35,6,1,10,4,121.5448626,25.05895499
111,11,3,13,30,2,06松山區,松山區復興北路313巷與民生東路3段107巷口口,0,0,1,1,F01,8,1,5,0,4,1,1,5,4,5,7,4,4,10,5,5,2,15,2,42,2,9,1,1,7,9,8,20,1,16,,6,6,1,22,1,121.5448626,25.05895499
111,11,3,13,30,2,06松山區,松山區復興北路313巷與民生東路3段107巷口口,0,0,1,2,B01,8,1,5,0,4,1,1,5,4,5,7,4,4,10,5,5,2,15,1,53,3,10,1,1,7,9,1,4,1,4,,14,6,1,10,4,121.5448626,25.05895499
111,11,3,13,45,2,03中山區,中山區北安路與明水路口,0,0,1,1,C03,8,1,5,50,3,1,1,5,4,5,7,1,1,1,4,5,2,17,1,43,2,9,1,4,7,9,1,10,1,14,,42,42,1,22,9,121.5389049,25.07768852
111,11,3,13,45,2,03中山區,中山區北安路與明水路口,0,0,1,2,C04,8,1,5,50,3,1,1,5,4,5,7,1,1,1,4,5,2,17,1,70,3,10,1,4,7,9,1,10,1,15,,44,42,1,22,9,121.5389049,25.07768852
111,11,3,13,53,2,03中山區,中山區民權西路20號,0,0,2,1,C03,8,1,5,50,14,9,1,5,4,5,7,2,1,1,4,5,2,13,1,48,2,8,1,1,7,9,3,18,1,14,,23,23,1,22,9,121.5223132,25.0626922
111,11,3,13,53,2,03中山區,中山區民權西路20號,0,0,2,2,C03,8,1,5,50,14,9,1,5,4,5,7,2,1,1,4,5,2,13,1,35,2,9,1,1,7,14,1,10,1,13,,44,23,1,22,9,121.5223132,25.0626922
111,11,3,13,57,2,12內湖區,內湖區文德路與文德路101巷口,0,0,2,1,C03,8,1,5,50,4,1,1,5,4,5,7,2,1,1,4,5,2,17,1,65,2,9,1,1,7,9,1,10,2,11,,25,25,1,22,9,121.5835629,25.07857226
111,11,3,13,57,2,12內湖區,內湖區文德路與文德路101巷口,0,0,2,2,C03,8,1,5,50,4,1,1,5,4,5,7,2,1,1,4,5,2,17,2,23,2,9,1,1,7,9,1,10,2,12,,44,25,1,22,9,121.5835629,25.07857226
111,11,3,14,15,2,12內湖區,口旁(民權東路6段50號加油站出入口),0,0,1,1,B03,8,1,5,50,4,1,1,5,4,5,7,4,4,9,5,5,2,17,1,67,3,10,1,1,7,7,1,8,1,8,,7,7,1,22,9,121.5846948,25.06834724
111,11,3,14,15,2,12內湖區,口旁(民權東路6段50號加油站出入口),0,0,1,2,C03,8,1,5,50,4,1,1,5,4,5,7,4,4,9,5,5,2,17,2,20,2,8,1,1,7,9,1,10,1,11,,44,7,1,22,9,121.5846948,25.06834724
111,11,3,14,20,2,07信義區,信義區松智路1號,0,0,1,1,C03,7,1,5,50,14,9,1,4,4,5,7,4,4,9,4,5,2,13,1,52,2,9,1,1,7,9,1,10,1,11,,23,23,1,22,9,121.5655731,25.0388405
111,11,3,14,20,2,07信義區,信義區松智路1號,0,0,1,2,B03,7,1,5,50,14,9,1,4,4,5,7,4,4,9,4,5,2,13,1,57,3,10,1,1,7,9,1,10,1,3,,43,23,1,22,9,121.5655731,25.0388405
111,11,3,14,32,2,02萬華區,萬華區康定路251號,0,0,1,1,H01,8,1,5,0,14,9,1,5,4,5,7,2,1,5,4,5,2,3,1,65,2,9,4,5,8,16,8,20,10,16,,51,51,1,22,9,121.5012056,25.03483978
111,11,3,14,32,2,02萬華區,萬華區康定路251號,0,0,1,2,C03,8,1,5,0,14,9,1,5,4,5,7,2,1,5,4,5,2,3,1,28,3,10,1,1,7,9,3,18,2,11,,23,51,1,22,9,121.5012056,25.03483978
111,11,3,14,50,2,07信義區,信義區松仁路100號,0,0,1,3,C03,8,1,5,50,14,9,1,5,4,5,7,4,4,1,4,5,2,17,1,30,2,9,3,4,7,9,1,10,1,12,,44,7,1,22,9,121.5682375,25.0342307
111,11,3,14,50,2,07信義區,信義區松仁路100號,0,0,1,1,B01,8,1,5,50,14,9,1,5,4,5,7,4,4,1,4,5,2,17,1,54,3,10,3,4,7,8,1,4,1,15,,7,7,1,22,9,121.5682375,25.0342307
111,11,3,14,50,2,07信義區,信義區松仁路100號,0,0,1,2,C03,8,1,5,50,14,9,1,5,4,5,7,4,4,1,4,5,2,17,1,33,3,10,3,4,7,15,1,10,1,15,,16,7,1,22,9,121.5682375,25.0342307
111,11,3,15,13,2,08士林區,士林區中山北路6段431-2號,0,0,1,1,C03,8,1,5,50,14,9,1,5,4,5,7,4,4,3,4,5,1,17,1,46,2,9,1,1,7,9,1,10,2,11,,16,16,1,22,9,121.5271475,25.11409334
111,11,3,15,13,2,08士林區,士林區中山北路6段431-2號,0,0,1,2,B03,8,1,5,50,14,9,1,5,4,5,7,4,4,3,4,5,1,17,2,32,3,10,1,1,7,14,1,8,2,6,,44,16,1,22,9,121.5271475,25.11409334
111,11,3,15,20,2,05中正區,中正區南昌路2段與福州街口,0,0,1,1,B01,8,1,5,50,4,2,1,5,4,5,7,1,1,5,4,5,2,17,1,66,3,10,1,1,7,9,1,4,2,1,,23,23,1,22,9,121.5187472,25.0288823
111,11,3,15,20,2,05中正區,中正區南昌路2段與福州街口,0,0,1,2,C03,8,1,5,50,4,2,1,5,4,5,7,1,1,5,4,5,2,17,1,54,2,9,1,1,7,14,1,10,2,13,,44,23,1,22,9,121.5187472,25.0288823
111,11,3,15,40,2,08士林區,士林區百齡橋往社子 G-106-08-106152燈桿,0,0,2,1,C03,8,1,5,50,8,11,1,5,4,5,7,4,4,3,4,4,1,17,1,39,2,7,1,4,7,9,1,10,1,15,,23,23,1,22,9,121.5143869,25.08983578
111,11,3,15,40,2,08士林區,士林區百齡橋往社子 G-106-08-106152燈桿,0,0,2,2,F01,8,1,5,50,8,11,1,5,4,5,7,4,4,3,4,4,1,17,1,49,2,1,1,1,7,9,8,20,1,16,,44,23,1,22,9,121.5143869,25.08983578
111,11,3,15,50,2,03中山區,中山區北安路與中山北路3段口,0,0,1,1,B03,8,1,5,50,3,1,1,5,4,5,7,1,1,1,4,5,2,12,1,46,3,10,1,1,7,9,1,8,1,2,,23,23,1,22,9,121.5272022,25.07655604
111,11,3,15,50,2,03中山區,中山區北安路與中山北路3段口,0,0,1,2,C03,8,1,5,50,3,1,1,5,4,5,7,1,1,1,4,5,2,12,1,20,3,10,1,1,7,9,1,10,1,14,,23,23,1,22,9,121.5272022,25.07655604
111,11,3,15,50,2,03中山區,中山區北安路與中山北路3段口,0,0,1,3,H02,8,1,5,50,3,1,1,5,4,5,7,1,1,1,4,5,2,12,2,20,2,8,1,5,7,21,8,20,1,16,,67,23,1,22,9,121.5272022,25.07655604
111,11,3,16,8,2,03中山區,中山區林森北路與農安街口,0,0,1,1,B12,8,1,5,50,4,2,1,5,4,5,7,2,1,5,4,5,2,3,1,23,3,10,3,4,7,5,1,8,2,8,,15,15,1,22,9,121.5255512,25.0651327
111,11,3,16,8,2,03中山區,中山區林森北路與農安街口,0,0,1,2,H01,8,1,5,50,4,2,1,5,4,5,7,2,1,5,4,5,2,3,2,29,2,1,4,5,8,16,8,20,10,16,,67,15,1,22,9,121.5255512,25.0651327
111,11,3,16,35,2,09北投區,北投區紗帽路與泉源路口,0,0,1,1,C03,8,1,5,50,11,9,1,5,4,5,7,4,4,4,5,5,1,18,1,18,2,8,1,1,7,15,1,10,11,14,,42,42,1,22,9,121.5327801,25.1517407
111,11,3,16,35,2,09北投區,北投區紗帽路與泉源路口,0,0,1,2,,8,1,5,50,11,9,1,5,4,5,7,4,4,4,5,5,1,18,3,,,,,,,,,,,,,67,42,1,,,121.5327801,25.1517407
111,11,3,16,37,2,04大安區,大安區仁愛路4段與復興南路1段口,0,0,1,1,B02,7,1,5,50,4,1,1,5,4,5,7,2,1,1,4,4,2,15,1,22,3,10,1,1,7,9,1,8,2,5,,25,25,1,22,9,121.5437735,25.03817292
111,11,3,16,37,2,04大安區,大安區仁愛路4段與復興南路1段口,0,0,1,2,C03,7,1,5,50,4,1,1,5,4,5,7,2,1,1,4,4,2,15,1,34,2,8,1,1,7,9,1,10,2,11,,44,25,1,22,9,121.5437735,25.03817292
111,11,3,16,40,2,05中正區,中正區中華路2段與中華路2段39巷口,0,0,1,1,C03,8,1,5,50,3,2,1,5,4,5,7,4,4,3,4,5,2,12,2,48,2,9,1,1,7,9,1,10,2,14,,17,17,1,22,9,121.5064016,25.0352726
111,11,3,16,40,2,05中正區,中正區中華路2段與中華路2段39巷口,0,0,1,2,B03,8,1,5,50,3,2,1,5,4,5,7,4,4,3,4,5,2,12,2,53,3,10,1,1,7,9,1,8,2,2,,23,17,1,22,9,121.5064016,25.0352726
111,11,3,16,40,2,05中正區,中正區中華路2段與中華路2段39巷口,0,0,1,3,H02,8,1,5,50,3,2,1,5,4,5,7,4,4,3,4,5,2,12,2,68,4,11,1,5,7,20,8,20,10,16,,67,17,1,22,9,121.5064016,25.0352726
111,11,3,16,40,2,05中正區,中正區中華路2段與中華路2段39巷口,0,0,1,4,H02,8,1,5,50,3,2,1,5,4,5,7,4,4,3,4,5,2,12,1,1,4,11,2,5,7,20,8,20,10,16,,67,17,1,22,9,121.5064016,25.0352726