發生年度,發生月,發生日,發生時-Hours,發生分,處理別-編號,區序,肇事地點,死亡人數,2-30日死亡人數,受傷人數,當事人序號,車種,天候,光線,道路類別,速限-速度限制,道路型態,事故位置,路面狀況1,路面狀況2,路面狀況3,道路障礙1,道路障礙2,號誌1,號誌2,車道劃分-分向,車道劃分-分道1,車道劃分-分道2,車道劃分-分道3,事故類型及型態,性別,年齡,受傷程度,主要傷處,安全帽,行動電話,車輛用途,當事者行動狀態,駕駛資格情形,駕駛執照種類,飲酒情形,車輛撞擊部位1,車輛撞擊部位2,肇因碼-個別,肇因碼-主要,個人肇逃否,職業,旅次目的,座標-X,座標-Y
111,11,3,16,42,2,02萬華區,萬華區西園路2段292號,0,0,1,1,C03,8,1,5,50,14,9,1,5,4,5,7,4,4,10,5,5,2,12,1,36,3,10,3,4,7,4,1,10,1,12,,23,23,1,22,9,121.493499,25.02681214
111,11,3,16,42,2,02萬華區,萬華區西園路2段292號,0,0,1,2,C03,8,1,5,50,14,9,1,5,4,5,7,4,4,10,5,5,2,12,2,65,2,9,3,4,7,9,1,10,1,14,,44,23,1,22,9,121.493499,25.02681214
111,11,3,16,45,2,08士林區,士林區仰德大道1段195燈桿,0,0,1,1,C03,8,1,5,40,14,9,1,5,4,5,7,4,4,5,5,5,1,13,1,20,2,9,1,1,7,9,1,10,2,12,,16,16,1,22,9,121.5367353,25.10434969
111,11,3,16,45,2,08士林區,士林區仰德大道1段195燈桿,0,0,1,2,B03,8,1,5,40,14,9,1,5,4,5,7,4,4,5,5,5,1,13,1,40,3,10,1,1,7,14,1,8,2,7,,44,16,1,22,9,121.5367353,25.10434969
111,11,3,16,56,2,01大同區,大同區延平北路4段與酒泉街口,0,0,1,1,C03,8,1,5,50,4,1,1,5,4,5,7,2,1,5,5,5,2,17,2,37,2,8,1,1,7,9,1,10,2,12,,44,44,1,22,9,121.5110142,25.07214568
111,11,3,16,56,2,01大同區,大同區延平北路4段與酒泉街口,0,0,1,2,C03,8,1,5,50,4,1,1,5,4,5,7,2,1,5,5,5,2,17,1,27,3,10,1,1,7,6,1,10,2,15,,9,44,1,22,9,121.5110142,25.07214568
111,11,3,17,0,2,01大同區,大同區承德路3段與承德路3段51巷口,0,0,2,5,H02,7,1,5,0,3,2,1,2,4,5,7,4,4,1,4,5,2,17,1,50,3,10,1,5,7,20,8,20,11,16,,67,,1,22,9,121.5184283,25.06499651
111,11,3,17,0,2,01大同區,大同區承德路3段與承德路3段51巷口,0,0,2,1,C03,7,1,5,0,3,2,1,2,4,5,7,4,4,1,4,5,2,17,1,29,4,11,3,4,7,15,7,19,11,15,,30,43,2,22,9,121.5184283,25.06499651
111,11,3,17,0,2,01大同區,大同區承德路3段與承德路3段51巷口,0,0,2,2,C03,7,1,5,0,3,2,1,2,4,5,7,4,4,1,4,5,2,17,2,21,3,10,1,1,7,9,1,10,1,11,,44,43,1,22,9,121.5184283,25.06499651
111,11,3,17,0,2,01大同區,大同區承德路3段與承德路3段51巷口,0,0,2,3,C03,7,1,5,0,3,2,1,2,4,5,7,4,4,1,4,5,2,17,1,30,2,9,1,1,7,9,1,10,1,14,,44,43,1,22,9,121.5184283,25.06499651
111,11,3,17,0,2,01大同區,大同區承德路3段與承德路3段51巷口,0,0,2,4,C03,7,1,5,0,3,2,1,2,4,5,7,4,4,1,4,5,2,17,1,62,2,8,1,1,7,9,1,10,1,11,,44,43,1,22,9,121.5184283,25.06499651
111,11,3,17,13,2,11南港區,南港區中坡北路與松隆路口,0,0,1,1,B03,6,2,5,50,3,1,1,4,4,5,7,2,1,3,4,5,2,16,1,30,3,10,1,1,7,9,1,8,11,8,,23,23,1,22,9,121.5801784,25.0482969
111,11,3,17,13,2,11南港區,南港區中坡北路與松隆路口,0,0,1,2,C03,6,2,5,50,3,1,1,4,4,5,7,2,1,3,4,5,2,16,2,59,2,9,1,1,7,9,1,10,11,13,,44,23,1,22,9,121.5801784,25.0482969
111,11,3,18,1,2,02萬華區,萬華區康定路與桂林路口,0,0,1,1,C03,8,3,5,50,4,2,1,5,4,5,7,2,1,5,5,5,2,16,2,63,3,10,1,1,7,11,4,8,1,12,,10,10,1,22,9,121.5019678,25.0383178
111,11,3,18,1,2,02萬華區,萬華區康定路與桂林路口,0,0,1,2,C03,8,3,5,50,4,2,1,5,4,5,7,2,1,5,5,5,2,16,2,24,2,8,1,1,7,5,1,10,1,11,,13,10,1,22,9,121.5019678,25.0383178
111,11,3,18,5,2,03中山區,中山區民權東路2段92巷與松江路362巷口,0,0,3,1,C03,8,3,5,30,4,1,1,5,4,5,5,4,4,10,5,5,2,15,2,39,2,9,1,1,7,9,1,10,2,11,,6,6,1,22,9,121.53173,25.0619657
111,11,3,18,5,2,03中山區,中山區民權東路2段92巷與松江路362巷口,0,0,3,2,C03,8,3,5,30,4,1,1,5,4,5,5,4,4,10,5,5,2,15,2,49,2,9,1,1,7,9,1,10,2,14,,44,6,1,22,9,121.53173,25.0619657
111,11,3,18,5,2,03中山區,中山區民權東路2段92巷與松江路362巷口,0,0,3,3,B03,8,3,5,30,4,1,1,5,4,5,5,4,4,10,5,5,2,15,1,66,4,11,3,4,7,15,7,19,11,15,,38,6,2,22,9,121.53173,25.0619657
111,11,3,18,5,2,03中山區,中山區民權東路2段92巷與松江路362巷口,0,0,3,4,H02,8,3,5,30,4,1,1,5,4,5,5,4,4,10,5,5,2,15,1,45,2,8,1,5,7,20,8,20,10,16,,67,6,1,22,9,121.53173,25.0619657
111,11,3,18,25,2,09北投區,北投區中央北路4段476號,0,0,1,1,B12,8,3,5,50,14,9,1,5,4,5,7,4,4,5,4,5,2,11,1,40,3,10,1,1,7,4,1,2,2,8,,1,7,1,22,9,121.4690136,25.1285338
111,11,3,18,25,2,09北投區,北投區中央北路4段476號,0,0,1,2,C03,8,3,5,50,14,9,1,5,4,5,7,4,4,5,4,5,2,11,2,60,2,9,1,1,7,9,1,10,2,14,,44,7,1,22,9,121.4690136,25.1285338
111,11,3,18,26,2,04大安區,大安區復興南路2段235號對面,0,0,1,1,C03,8,3,5,50,14,9,1,5,4,5,7,4,4,1,4,5,2,13,1,34,4,11,3,4,7,15,7,19,11,15,,43,43,2,22,9,121.5433849,25.0258294
111,11,3,18,26,2,04大安區,大安區復興南路2段235號對面,0,0,1,2,C03,8,3,5,50,14,9,1,5,4,5,7,4,4,1,4,5,2,13,2,21,2,8,1,1,7,12,1,10,1,13,,43,43,1,22,9,121.5433849,25.0258294
111,11,3,18,40,2,03中山區,中山區民生東路2段53號,0,0,1,1,C03,7,3,5,50,14,9,1,5,4,5,7,4,4,5,4,5,2,17,1,30,2,9,1,1,7,9,1,10,1,12,,16,16,1,22,9,121.5298071,25.05798104
111,11,3,18,40,2,03中山區,中山區民生東路2段53號,0,0,1,2,C03,7,3,5,50,14,9,1,5,4,5,7,4,4,5,4,5,2,17,1,46,3,10,1,1,7,9,1,10,1,15,,44,16,1,22,9,121.5298071,25.05798104
111,11,3,18,40,2,03中山區,中山區民生東路2段53號,0,0,1,3,F01,7,3,5,50,14,9,1,5,4,5,7,4,4,5,4,5,2,17,2,20,3,10,1,1,7,1,8,20,1,16,,19,16,1,22,9,121.5298071,25.05798104
111,11,3,18,45,2,08士林區,士林區士東路286巷3弄與士東路286巷口,0,0,1,1,B03,7,3,5,30,4,1,1,5,4,5,7,4,4,9,5,5,2,17,1,55,3,10,1,1,7,15,1,8,2,4,,42,42,1,22,9,121.5373913,25.11290037
111,11,3,18,45,2,08士林區,士林區士東路286巷3弄與士東路286巷口,0,0,1,2,C03,7,3,5,30,4,1,1,5,4,5,7,4,4,9,5,5,2,17,2,18,2,9,1,1,7,4,1,10,2,12,,23,42,1,22,9,121.5373913,25.11290037
111,11,3,18,45,2,12內湖區,內湖區內湖路3段59巷與金龍路口,0,0,1,1,C03,8,3,5,50,3,2,1,5,4,5,7,1,1,5,4,4,2,16,2,52,2,9,1,1,7,7,1,10,2,14,,7,7,1,22,9,121.5914529,25.0853075
111,11,3,18,45,2,12內湖區,內湖區內湖路3段59巷與金龍路口,0,0,1,2,B03,8,3,5,50,3,2,1,5,4,5,7,1,1,5,4,4,2,16,1,40,3,10,1,1,7,1,1,8,2,1,,44,7,1,22,9,121.5914529,25.0853075
111,11,3,18,52,2,07信義區,信義區市民大道5段與基隆路1段口(八德路四段330號後門對面),0,0,2,2,C03,7,3,5,40,14,9,1,5,4,5,7,4,4,1,4,5,2,17,1,38,2,9,1,1,7,9,1,10,1,11,,44,7,1,21,8,121.568085,25.04878112
111,11,3,18,52,2,07信義區,信義區市民大道5段與基隆路1段口(八德路四段330號後門對面),0,0,2,1,C03,7,3,5,40,14,9,1,5,4,5,7,4,4,1,4,5,2,17,1,57,2,9,1,1,7,8,1,10,1,12,,7,7,1,21,8,121.568085,25.04878112
111,11,3,19,19,2,04大安區,大安區光復南路與光復南路180巷口,0,0,2,1,C03,6,3,5,50,14,9,1,4,4,5,7,4,4,3,4,5,2,12,1,31,2,7,1,4,7,9,1,10,1,12,,26,26,1,22,9,121.557641,25.0422159
111,11,3,19,19,2,04大安區,大安區光復南路與光復南路180巷口,0,0,2,2,C03,6,3,5,50,14,9,1,4,4,5,7,4,4,3,4,5,2,12,1,46,2,7,1,4,7,9,1,9,1,14,,17,26,1,22,9,121.557641,25.0422159
111,11,3,19,19,2,04大安區,大安區光復南路與光復南路180巷口,0,0,2,3,,6,3,5,50,14,9,1,4,4,5,7,4,4,3,4,5,2,12,3,,,,,,,,,,,,,61,26,1,,,121.557641,25.0422159
111,11,3,19,25,2,05中正區,中正區重慶南路2段與重慶南路2段86巷口,0,0,2,1,B12,7,3,5,50,3,1,1,5,4,5,7,4,4,1,4,5,1,13,1,40,3,10,1,1,7,6,1,8,1,5,,9,9,1,22,9,121.5150003,25.0303412
111,11,3,19,25,2,05中正區,中正區重慶南路2段與重慶南路2段86巷口,0,0,2,2,C03,7,3,5,50,3,1,1,5,4,5,7,4,4,1,4,5,1,13,1,28,2,9,1,1,7,9,1,10,1,14,,14,9,1,22,9,121.5150003,25.0303412
111,11,3,19,25,2,05中正區,中正區重慶南路2段與重慶南路2段86巷口,0,0,2,3,H02,7,3,5,50,3,1,1,5,4,5,7,4,4,1,4,5,1,13,2,36,2,9,1,5,7,17,8,20,10,16,,67,9,1,22,9,121.5150003,25.0303412
111,11,3,19,27,2,05中正區,中正區仁愛路1段與杭州南路1段口,0,0,3,1,C03,8,3,5,50,4,1,1,5,4,5,7,1,1,10,4,5,1,12,1,18,2,9,1,1,7,5,1,10,2,14,,6,6,1,22,9,121.5251453,25.0382593
111,11,3,19,27,2,05中正區,中正區仁愛路1段與杭州南路1段口,0,0,3,2,C03,8,3,5,50,4,1,1,5,4,5,7,1,1,10,4,5,1,12,1,24,2,9,1,1,7,9,1,10,2,11,,44,6,1,22,9,121.5251453,25.0382593
111,11,3,19,27,2,05中正區,中正區仁愛路1段與杭州南路1段口,0,0,3,3,H02,8,3,5,50,4,1,1,5,4,5,7,1,1,10,4,5,1,12,1,17,2,9,1,5,7,21,8,20,10,15,,67,6,1,22,9,121.5251453,25.0382593
111,11,3,19,33,2,07信義區,信義區忠孝東路5段236巷與忠孝東路5段372巷28弄口,0,0,1,1,B12,8,3,5,30,4,1,1,5,4,5,7,2,1,9,4,5,2,16,1,33,3,10,1,1,7,5,1,8,1,8,,8,8,1,22,9,121.5718708,25.0388836
111,11,3,19,33,2,07信義區,信義區忠孝東路5段236巷與忠孝東路5段372巷28弄口,0,0,1,2,C03,8,3,5,30,4,1,1,5,4,5,7,2,1,9,4,5,2,16,1,33,2,9,1,1,7,14,1,10,1,11,,44,8,1,22,9,121.5718708,25.0388836
111,11,3,19,35,2,05中正區,中正區中華路2段307巷與中華路2段315巷5弄口,0,0,1,1,C03,8,3,5,30,3,1,1,5,4,5,7,4,4,5,4,5,2,3,2,41,3,10,1,1,7,5,1,10,1,11,,15,15,1,22,9,121.5058884,25.0292286
111,11,3,19,35,2,05中正區,中正區中華路2段307巷與中華路2段315巷5弄口,0,0,1,2,H01,8,3,5,30,3,1,1,5,4,5,7,4,4,5,4,5,2,3,2,39,2,8,4,5,8,16,8,20,1,16,,51,15,1,22,9,121.5058884,25.0292286
111,11,3,20,45,2,03中山區,中山區民權東路1段77號,0,0,3,1,B01,7,3,5,50,14,9,1,5,4,5,7,4,4,3,4,5,2,17,1,64,4,11,3,4,7,10,7,19,11,15,,7,43,2,22,9,121.5272922,25.06271684
111,11,3,20,45,2,03中山區,中山區民權東路1段77號,0,0,3,3,C03,7,3,5,50,14,9,1,5,4,5,7,4,4,3,4,5,2,17,1,23,2,8,1,1,7,9,1,10,1,11,,16,43,1,22,9,121.5272922,25.06271684
111,11,3,20,45,2,03中山區,中山區民權東路1段77號,0,0,3,2,C03,7,3,5,50,14,9,1,5,4,5,7,4,4,3,4,5,2,17,2,47,3,10,1,1,7,12,1,10,1,13,,44,43,1,22,9,121.5272922,25.06271684
111,11,3,20,45,2,03中山區,中山區民權東路1段77號,0,0,3,4,C03,7,3,5,50,14,9,1,5,4,5,7,4,4,3,4,5,2,17,1,27,2,8,1,1,7,9,1,10,1,12,,16,43,1,22,9,121.5272922,25.06271684
111,11,3,20,45,2,03中山區,中山區民權東路1段77號,0,0,3,5,H02,7,3,5,50,14,9,1,5,4,5,7,4,4,3,4,5,2,17,2,23,2,8,4,5,7,20,8,20,10,16,,67,43,1,22,9,121.5272922,25.06271684
111,11,3,20,54,2,11南港區,南港區研究院路3段35號,0,0,2,1,C03,6,3,5,50,14,9,1,4,4,5,7,4,4,10,5,5,2,3,1,35,2,9,3,4,7,9,1,10,1,11,,23,23,1,22,9,121.6159887,25.03483516
111,11,3,20,54,2,11南港區,南港區研究院路3段35號,0,0,2,2,H01,6,3,5,50,14,9,1,4,4,5,7,4,4,10,5,5,2,3,1,41,2,7,4,5,8,16,8,20,10,16,,52,23,1,22,9,121.6159887,25.03483516
111,11,3,21,20,2,05中正區,中正區羅斯福路4段與基隆路4段口,0,0,1,1,C03,8,3,5,50,4,1,1,5,4,5,7,1,1,1,4,5,2,17,2,25,3,10,1,1,7,11,1,10,2,13,,13,13,2,22,9,121.536909,25.01120225
111,11,3,21,20,2,05中正區,中正區羅斯福路4段與基隆路4段口,0,0,1,2,C03,8,3,5,50,4,1,1,5,4,5,7,1,1,1,4,5,2,17,2,20,2,9,1,1,7,5,1,10,2,11,,8,13,1,22,9,121.536909,25.01120225
111,11,3,21,20,2,05中正區,中正區羅斯福路4段與基隆路4段口,0,0,1,3,H02,8,3,5,50,4,1,1,5,4,5,7,1,1,1,4,5,2,17,2,20,4,11,1,5,7,20,8,20,10,16,,67,13,1,22,9,121.536909,25.01120225
111,11,3,21,46,2,03中山區,中山區長春路196號,0,0,2,1,C03,7,3,5,50,14,8,1,5,4,5,7,4,4,8,1,4,1,12,1,24,2,8,3,4,7,1,1,10,1,14,,19,19,1,22,9,121.5355539,25.0548228
111,11,3,21,46,2,03中山區,中山區長春路196號,0,0,2,2,C03,7,3,5,50,14,8,1,5,4,5,7,4,4,8,1,4,1,12,2,35,2,9,3,4,7,9,1,10,1,12,,44,19,1,22,9,121.5355539,25.0548228
111,11,3,22,10,2,01大同區,大同區大龍街與大龍街187巷口,0,0,1,2,C03,7,3,5,0,3,2,1,5,4,5,7,4,4,9,5,5,2,16,1,20,2,9,1,1,7,9,1,10,1,12,,44,43,1,22,9,121.5159263,25.06917939
111,11,3,22,10,2,01大同區,大同區大龍街與大龍街187巷口,0,0,1,1,B01,7,3,5,0,3,2,1,5,4,5,7,4,4,9,5,5,2,16,1,65,4,11,3,4,7,11,7,19,11,15,,10,43,2,22,9,121.5159263,25.06917939
111,11,3,22,20,2,04大安區,大安區和平東路2段20號,0,0,2,1,C03,6,3,5,50,14,9,1,4,4,5,7,4,4,3,4,4,2,12,1,20,2,8,1,4,7,7,1,10,1,14,,7,7,1,22,9,121.5354684,25.0258787
111,11,3,22,20,2,04大安區,大安區和平東路2段20號,0,0,2,2,C03,6,3,5,50,14,9,1,4,4,5,7,4,4,3,4,4,2,12,1,67,2,1,1,4,7,9,4,8,1,12,,16,7,1,22,9,121.5354684,25.0258787
111,11,3,22,40,2,06松山區,松山區延壽街與塔悠路口,0,0,1,1,C03,8,3,5,50,14,8,1,5,4,5,7,2,1,1,4,4,2,16,1,30,2,9,1,1,7,6,1,10,1,12,,23,23,1,22,9,121.5692399,25.05727059
111,11,3,22,40,2,06松山區,松山區延壽街與塔悠路口,0,0,1,2,B03,8,3,5,50,14,8,1,5,4,5,7,2,1,1,4,4,2,16,2,30,3,10,1,1,7,14,1,8,1,7,,38,23,1,22,9,121.5692399,25.05727059
111,11,3,22,47,2,02萬華區,萬華區長沙街2段與西園路1段口,0,0,1,1,C04,8,3,5,50,4,1,1,5,4,5,7,2,1,10,5,5,2,16,1,21,3,10,1,1,7,5,1,10,1,11,,8,8,1,22,9,121.5000302,25.04126465
111,11,3,22,47,2,02萬華區,萬華區長沙街2段與西園路1段口,0,0,1,2,C03,8,3,5,50,4,1,1,5,4,5,7,2,1,10,5,5,2,16,1,43,2,9,1,1,7,9,1,10,1,14,,44,8,1,22,9,121.5000302,25.04126465
111,11,3,23,35,2,08士林區,士林區中山北路6段與中山北路6段405巷口,0,0,2,1,B03,8,3,5,50,3,2,1,5,4,5,7,2,1,1,4,5,2,17,2,55,2,7,1,1,7,5,1,8,9,2,,25,25,1,22,9,121.5266032,25.1129926
111,11,3,23,35,2,08士林區,士林區中山北路6段與中山北路6段405巷口,0,0,2,2,C03,8,3,5,50,3,2,1,5,4,5,7,2,1,1,4,5,2,17,1,20,2,1,1,1,7,9,1,10,2,11,,13,25,1,22,9,121.5266032,25.1129926
111,11,4,3,49,2,04大安區,大安區忠孝東路4段181巷7弄與忠孝東路4段205巷口,0,0,1,1,B03,6,3,5,30,4,1,1,4,4,5,7,4,4,10,5,5,1,15,2,23,3,10,1,4,7,9,1,8,1,5,,26,26,1,22,9,121.5519158,25.0420919
111,11,4,3,49,2,04大安區,大安區忠孝東路4段181巷7弄與忠孝東路4段205巷口,0,0,1,2,C04,6,3,5,30,4,1,1,4,4,5,7,4,4,10,5,5,1,15,2,32,2,7,1,4,7,9,1,10,1,12,,14,26,1,22,9,121.5519158,25.0420919
111,11,4,5,46,2,09北投區,北投區石牌路1段與致遠二路口,0,0,3,1,C03,8,2,5,50,4,1,1,5,4,5,7,1,1,5,4,5,2,16,1,20,2,9,1,1,7,5,1,10,2,14,,8,8,1,22,9,121.5122288,25.11404701
111,11,4,5,46,2,09北投區,北投區石牌路1段與致遠二路口,0,0,3,2,C03,8,2,5,50,4,1,1,5,4,5,7,1,1,5,4,5,2,16,1,55,2,9,1,1,7,9,1,10,2,11,,44,8,1,22,9,121.5122288,25.11404701
111,11,4,5,46,2,09北投區,北投區石牌路1段與致遠二路口,0,0,3,3,H02,8,2,5,50,4,1,1,5,4,5,7,1,1,5,4,5,2,16,1,35,2,9,4,5,7,21,8,20,10,16,,67,8,1,22,9,121.5122288,25.11404701
111,11,4,5,50,2,08士林區,士林區福港街與承德路4段口,0,0,3,1,C03,8,2,5,50,4,2,1,5,4,5,7,1,1,5,5,5,2,17,1,66,2,8,1,1,7,5,3,18,1,11,,8,8,1,22,9,121.5183744,25.0897448
111,11,4,5,50,2,08士林區,士林區福港街與承德路4段口,0,0,3,2,C03,8,2,5,50,4,2,1,5,4,5,7,1,1,5,5,5,2,17,1,28,2,8,1,1,7,9,1,10,1,11,,23,8,1,22,9,121.5183744,25.0897448
111,11,4,5,50,2,08士林區,士林區福港街與承德路4段口,0,0,3,3,H02,8,2,5,50,4,2,1,5,4,5,7,1,1,5,5,5,2,17,2,74,2,3,4,5,7,20,8,20,10,16,,67,8,1,22,9,121.5183744,25.0897448
111,11,4,6,43,2,06松山區,松山區光復北路與光復北路190巷口,0,0,1,1,B01,7,1,5,50,4,1,1,5,4,5,7,2,1,5,4,5,2,17,1,51,3,10,1,1,7,11,1,4,1,4,,10,10,1,22,9,121.5558902,25.05468418
111,11,4,6,43,2,06松山區,松山區光復北路與光復北路190巷口,0,0,1,2,C03,7,1,5,50,4,1,1,5,4,5,7,2,1,5,4,5,2,17,2,41,2,9,1,1,7,9,1,10,1,12,,23,10,1,22,9,121.5558902,25.05468418
111,11,4,7,7,2,07信義區,信義區大道路與大道路7巷口,0,0,2,1,C02,6,1,5,30,4,2,1,4,4,5,7,1,1,5,5,5,1,3,1,23,2,8,1,1,7,9,4,10,2,11,,25,25,1,22,9,121.5815334,25.0426546
111,11,4,7,7,2,07信義區,信義區大道路與大道路7巷口,0,0,2,2,H01,6,1,5,30,4,2,1,4,4,5,7,1,1,5,5,5,1,3,2,16,2,9,4,5,8,18,8,20,10,16,,52,25,1,22,9,121.5815334,25.0426546
111,11,4,7,10,2,10文山區,文山區木柵路1段51號,0,0,1,1,C03,6,1,5,50,14,9,2,4,4,5,7,4,4,5,4,5,2,17,1,59,3,10,1,4,7,11,1,10,1,11,,11,11,1,22,9,121.5451242,24.98713449
111,11,4,7,10,2,10文山區,文山區木柵路1段51號,0,0,1,2,C03,6,1,5,50,14,9,2,4,4,5,7,4,4,5,4,5,2,17,2,27,2,8,1,4,7,9,1,10,1,14,,44,11,1,22,9,121.5451242,24.98713449
111,11,4,7,30,2,07信義區,信義區松智路與莊敬路325巷45弄口,0,0,2,1,B03,6,1,5,50,4,1,1,4,4,5,7,1,1,5,5,5,1,11,1,68,3,10,1,1,7,5,1,8,1,2,,6,6,1,22,9,121.5649504,25.0291245
111,11,4,7,30,2,07信義區,信義區松智路與莊敬路325巷45弄口,0,0,2,2,C03,6,1,5,50,4,1,1,4,4,5,7,1,1,5,5,5,1,11,1,18,2,9,1,1,7,9,1,10,1,11,,13,6,1,22,9,121.5649504,25.0291245
111,11,4,7,30,2,07信義區,信義區松智路與莊敬路325巷45弄口,0,0,2,3,H02,6,1,5,50,4,1,1,4,4,5,7,1,1,5,5,5,1,11,2,18,2,8,1,1,7,21,8,20,10,15,,67,6,1,22,9,121.5649504,25.0291245
111,11,4,7,35,2,11南港區,南港區福德街373巷100號,0,0,1,1,B03,6,1,5,30,14,9,1,4,4,5,7,4,4,8,5,5,2,16,2,46,3,10,3,4,7,1,1,8,1,1,,19,19,1,22,9,121.5940703,25.0394118
111,11,4,7,35,2,11南港區,南港區福德街373巷100號,0,0,1,2,C03,6,1,5,30,14,9,1,4,4,5,7,4,4,8,5,5,2,16,2,41,2,9,3,4,7,9,1,10,1,12,,13,19,1,22,9,121.5940703,25.0394118
111,11,4,7,41,2,08士林區,士林區中山北路5段850巷與至誠路2段口,0,0,1,1,B03,8,1,5,30,5,1,1,5,4,5,7,3,1,4,5,5,1,17,2,48,3,10,1,1,7,5,1,8,1,1,,6,6,1,22,9,121.5264699,25.1013662
111,11,4,7,41,2,08士林區,士林區中山北路5段850巷與至誠路2段口,0,0,1,2,C03,8,1,5,30,5,1,1,5,4,5,7,3,1,4,5,5,1,17,2,43,2,9,1,1,7,9,1,10,1,12,,44,6,1,22,9,121.5264699,25.1013662
111,11,4,7,43,2,10文山區,文山區指南路1段53號中油政大店前,0,0,1,1,C03,6,1,5,50,14,9,1,4,4,5,7,4,4,4,4,5,1,11,1,71,2,8,1,1,7,9,1,10,11,11,,13,13,1,22,9,121.5706747,24.98809071
111,11,4,7,43,2,10文山區,文山區指南路1段53號中油政大店前,0,0,1,2,B03,6,1,5,50,14,9,1,4,4,5,7,4,4,4,4,5,1,11,1,53,3,10,3,4,7,9,1,8,11,8,,44,13,1,22,9,121.5706747,24.98809071
111,11,4,7,45,2,11南港區,南港區研究院路2段與研究院路2段口中研院停車場出入口,0,0,2,1,C03,6,1,5,50,3,2,1,4,4,5,7,4,4,9,4,5,2,16,1,38,2,7,1,1,7,5,1,10,1,12,,8,8,1,22,9,121.6172294,25.04130803
111,11,4,7,45,2,11南港區,南港區研究院路2段與研究院路2段口中研院停車場出入口,0,0,2,2,C03,6,1,5,50,3,2,1,4,4,5,7,4,4,9,4,5,2,16,2,36,2,8,1,1,7,9,1,10,1,11,,44,8,1,22,9,121.6172294,25.04130803
111,11,4,8,22,2,12內湖區,內湖區成功交流道西南角,0,0,1,1,B03,6,1,5,50,14,9,1,4,4,5,7,1,1,1,4,5,2,13,1,53,3,10,1,1,7,9,1,8,1,8,,16,,1,22,9,121.5902286,25.0646246
111,11,4,8,22,2,12內湖區,內湖區成功交流道西南角,0,0,1,2,C03,6,1,5,50,14,9,1,4,4,5,7,1,1,1,4,5,2,13,1,27,2,9,1,1,7,14,1,10,1,13,,44,,1,22,9,121.5902286,25.0646246
111,11,4,8,30,2,03中山區,中山區中山北路2段與南京西路口,0,0,1,1,C03,6,1,5,50,4,1,1,4,4,5,7,2,1,1,4,5,2,12,1,29,2,9,3,4,7,8,1,10,1,12,,7,7,1,22,9,121.5224489,25.05216068
111,11,4,8,30,2,03中山區,中山區中山北路2段與南京西路口,0,0,1,2,C03,6,1,5,50,4,1,1,4,4,5,7,2,1,1,4,5,2,12,1,31,3,10,3,4,7,9,1,10,1,14,,44,7,1,22,9,121.5224489,25.05216068
111,11,4,8,31,2,09北投區,北投區中央北路3段與新興路口,0,0,2,1,C03,8,1,5,50,4,1,1,5,4,5,7,2,1,5,4,5,1,12,2,39,2,9,1,1,7,5,4,8,1,14,,8,8,1,22,9,121.4867717,25.1383035
111,11,4,8,31,2,09北投區,北投區中央北路3段與新興路口,0,0,2,2,C03,8,1,5,50,4,1,1,5,4,5,7,2,1,5,4,5,1,12,2,46,2,9,1,1,7,9,1,10,1,11,,44,8,1,22,9,121.4867717,25.1383035
111,11,4,8,35,2,03中山區,中山區濱江街高公涵洞,0,0,1,1,B12,7,1,5,50,11,9,1,5,4,5,7,1,1,1,4,4,2,12,1,43,3,10,1,1,7,15,1,4,1,2,,23,23,1,22,9,121.535841,25.0727093
111,11,4,8,35,2,03中山區,中山區濱江街高公涵洞,0,0,1,2,C03,7,1,5,50,11,9,1,5,4,5,7,1,1,1,4,4,2,12,2,32,2,9,1,1,7,15,1,10,1,11,,44,23,1,22,9,121.535841,25.0727093
111,11,4,8,41,2,04大安區,大安區建國南路2段往南大安森林公園停車場出入口,0,0,2,1,B03,7,1,5,50,14,9,1,5,4,5,7,4,4,3,4,5,2,16,2,29,2,2,1,1,7,6,1,8,1,2,,9,9,1,22,9,121.5374773,25.02991046
111,11,4,8,41,2,04大安區,大安區建國南路2段往南大安森林公園停車場出入口,0,0,2,2,C03,7,1,5,50,14,9,1,5,4,5,7,4,4,3,4,5,2,16,2,23,2,8,1,1,7,9,1,10,1,14,,23,9,1,22,9,121.5374773,25.02991046
111,11,4,8,43,2,04大安區,大安區辛亥路3段與敦南街76巷口,0,0,1,1,C03,6,1,5,0,3,1,1,4,4,5,7,4,4,8,3,4,1,16,2,23,3,10,1,1,7,6,1,10,1,13,,9,9,1,22,9,121.5460831,25.02003248
111,11,4,8,43,2,04大安區,大安區辛亥路3段與敦南街76巷口,0,0,1,2,C03,6,1,5,0,3,1,1,4,4,5,7,4,4,8,3,4,1,16,2,51,2,9,1,1,7,9,1,10,1,11,,44,9,1,22,9,121.5460831,25.02003248
111,11,4,8,53,2,07信義區,信義區基隆路2段與光復南路口,0,0,1,1,B12,6,1,5,50,4,1,1,4,4,5,7,1,1,1,4,5,2,12,1,57,3,10,1,1,7,6,1,8,1,5,,43,43,1,22,9,121.5576345,25.0299374
111,11,4,8,53,2,07信義區,信義區基隆路2段與光復南路口,0,0,1,2,C03,6,1,5,50,4,1,1,4,4,5,7,1,1,1,4,5,2,12,2,32,2,8,1,1,7,9,1,10,1,14,,43,43,1,22,9,121.5576345,25.0299374