發生年度,發生月,發生日,發生時-Hours,發生分,處理別-編號,區序,肇事地點,死亡人數,2-30日死亡人數,受傷人數,當事人序號,車種,天候,光線,道路類別,速限-速度限制,道路型態,事故位置,路面狀況1,路面狀況2,路面狀況3,道路障礙1,道路障礙2,號誌1,號誌2,車道劃分-分向,車道劃分-分道1,車道劃分-分道2,車道劃分-分道3,事故類型及型態,性別,年齡,受傷程度,主要傷處,安全帽,行動電話,車輛用途,當事者行動狀態,駕駛資格情形,駕駛執照種類,飲酒情形,車輛撞擊部位1,車輛撞擊部位2,肇因碼-個別,肇因碼-主要,個人肇逃否,職業,旅次目的,座標-X,座標-Y
111,11,4,8,53,2,07信義區,信義區基隆路2段與光復南路口,0,0,1,3,C03,6,1,5,50,4,1,1,4,4,5,7,1,1,1,4,5,2,12,1,28,3,10,1,1,7,9,1,10,1,14,,43,43,1,22,9,121.5576345,25.0299374
111,11,4,8,55,2,12內湖區,內湖區汐湖二橋與康樂街口,0,0,1,1,B12,6,1,5,50,4,1,1,4,4,5,7,2,1,5,5,5,2,17,1,23,3,10,1,1,7,6,1,8,1,5,,9,9,1,22,9,121.6175979,25.06787743
111,11,4,8,55,2,12內湖區,內湖區汐湖二橋與康樂街口,0,0,1,2,C03,6,1,5,50,4,1,1,4,4,5,7,2,1,5,5,5,2,17,1,18,2,9,1,1,7,5,1,10,1,14,,8,9,1,22,9,121.6175979,25.06787743
111,11,4,9,0,2,03中山區,中山區中山北路2段與民權西路口,0,0,1,2,C03,7,1,5,50,4,2,1,5,4,5,7,1,1,5,4,5,2,15,2,28,2,8,1,1,7,9,1,10,1,11,,44,42,1,22,9,121.5225324,25.0626577
111,11,4,9,0,2,03中山區,中山區中山北路2段與民權西路口,0,0,1,1,C03,7,1,5,50,4,2,1,5,4,5,7,1,1,5,4,5,2,15,1,19,3,10,1,1,7,9,1,10,1,12,,23,42,1,22,9,121.5225324,25.0626577
111,11,4,9,0,2,08士林區,士林區士東路200巷與士東路200巷31弄口,0,0,2,1,F01,8,1,5,50,3,2,1,5,4,5,7,4,4,7,5,5,1,17,2,73,2,9,1,1,7,11,8,20,2,16,,11,11,1,22,9,121.5338547,25.1117886
111,11,4,9,0,2,08士林區,士林區士東路200巷與士東路200巷31弄口,0,0,2,2,C03,8,1,5,50,3,2,1,5,4,5,7,4,4,7,5,5,1,17,1,55,2,9,1,1,7,9,1,10,7,11,,23,11,1,22,9,121.5338547,25.1117886
111,11,4,9,5,2,06松山區,松山區南京東路5段241號,0,0,2,1,C03,6,1,5,50,14,9,4,4,4,5,7,4,4,1,4,5,2,16,2,40,2,9,1,1,7,9,1,10,1,12,,42,42,1,22,9,121.5650422,25.0514447
111,11,4,9,5,2,06松山區,松山區南京東路5段241號,0,0,2,2,C03,6,1,5,50,14,9,4,4,4,5,7,4,4,1,4,5,2,16,2,48,2,7,1,1,7,9,1,10,1,14,,2,42,1,22,9,121.5650422,25.0514447
111,11,4,9,5,2,06松山區,松山區南京東路5段241號,0,0,2,3,B12,6,1,5,50,14,9,4,4,4,5,7,4,4,1,4,5,2,16,1,45,3,10,1,1,7,7,1,7,1,15,,7,42,1,22,9,121.5650422,25.0514447
111,11,4,9,15,2,12內湖區,內湖區洲子街116號與洲子街口,0,0,2,1,C03,6,1,5,50,3,1,1,4,4,5,7,4,4,9,5,5,2,16,1,24,2,9,1,1,7,5,1,10,1,12,,8,8,1,22,9,121.5689712,25.0808631
111,11,4,9,15,2,12內湖區,內湖區洲子街116號與洲子街口,0,0,2,2,C03,6,1,5,50,3,1,1,4,4,5,7,4,4,9,5,5,2,16,2,32,2,9,1,1,7,9,1,10,1,11,,44,8,1,22,9,121.5689712,25.0808631
111,11,4,9,20,2,05中正區,中正區貴陽街1段外交部停車場出入口,0,0,1,1,C03,8,1,5,50,14,9,1,5,4,5,7,4,4,10,5,5,2,16,4,,4,11,3,4,7,15,7,19,11,15,,43,43,2,22,9,121.5163791,25.0383163
111,11,4,9,20,2,05中正區,中正區貴陽街1段外交部停車場出入口,0,0,1,2,C03,8,1,5,50,14,9,1,5,4,5,7,4,4,10,5,5,2,16,1,40,2,9,1,1,7,7,1,10,11,14,,44,43,1,22,9,121.5163791,25.0383163
111,11,4,9,24,2,12內湖區,內湖區內湖路2段251號前,0,0,2,1,C03,6,1,5,50,14,9,1,4,4,5,7,4,4,9,5,5,2,13,2,40,2,8,1,1,7,6,1,10,1,11,,23,23,1,22,9,121.5897456,25.08188861
111,11,4,9,24,2,12內湖區,內湖區內湖路2段251號前,0,0,2,2,C03,6,1,5,50,14,9,1,4,4,5,7,4,4,9,5,5,2,13,2,20,3,10,1,1,7,15,1,10,1,13,,44,23,1,22,9,121.5897456,25.08188861
111,11,4,9,24,2,12內湖區,內湖區內湖路2段251號前,0,0,2,3,C03,6,1,5,50,14,9,1,4,4,5,7,4,4,9,5,5,2,13,2,20,2,9,1,1,7,9,1,10,1,11,,23,23,1,22,9,121.5897456,25.08188861
111,11,4,9,24,2,12內湖區,內湖區內湖路2段251號前,0,0,2,4,C03,6,1,5,50,14,9,1,4,4,5,7,4,4,9,5,5,2,13,1,35,3,10,1,1,7,6,1,10,1,15,,9,23,1,22,9,121.5897456,25.08188861
111,11,4,9,30,2,07信義區,信義區忠孝東路5段與松山路口,0,0,1,1,C03,6,1,5,50,4,2,1,4,4,5,7,1,1,1,4,5,1,13,1,63,2,7,1,1,7,9,1,10,1,11,,23,23,1,22,9,121.5780008,25.0409731
111,11,4,9,30,2,07信義區,信義區忠孝東路5段與松山路口,0,0,1,2,B03,6,1,5,50,4,2,1,4,4,5,7,1,1,1,4,5,1,13,1,36,3,10,1,1,7,9,1,8,1,3,,44,23,1,22,9,121.5780008,25.0409731
111,11,4,9,35,2,02萬華區,萬華區和平西路3段235號,0,0,1,1,C03,8,1,5,50,14,9,1,5,4,5,7,4,4,10,3,5,1,18,2,57,2,9,3,4,7,9,1,10,3,15,,44,44,1,22,9,121.4962409,25.03539917
111,11,4,9,35,2,02萬華區,萬華區和平西路3段235號,0,0,1,2,,8,1,5,50,14,9,1,5,4,5,7,4,4,10,3,5,1,18,3,,,,,,,,,,,,,67,44,1,,,121.4962409,25.03539917
111,11,4,9,54,2,10文山區,文山區木柵路5段43巷富德公墓(電燈桿B),0,0,1,1,C03,6,1,5,30,11,9,1,4,4,5,7,4,4,5,2,5,1,19,2,26,2,9,1,1,7,9,1,10,1,12,,43,43,1,22,9,121.5896059,25.01084696
111,11,4,9,54,2,10文山區,文山區木柵路5段43巷富德公墓(電燈桿B),0,0,1,2,,6,1,5,30,11,9,1,4,4,5,7,4,4,5,2,5,1,19,3,,,,,,,,,,,,,67,43,1,,,121.5896059,25.01084696
111,11,4,10,0,2,04大安區,大安區杭州南路2段61-30號,0,0,1,1,B03,7,1,5,0,14,9,1,4,4,5,7,4,4,5,4,5,2,17,1,55,3,10,1,1,7,14,1,8,1,4,,40,40,1,22,9,121.5222593,25.0300766
111,11,4,10,0,2,04大安區,大安區杭州南路2段61-30號,0,0,1,2,C03,7,1,5,0,14,9,1,4,4,5,7,4,4,5,4,5,2,17,1,33,2,9,1,1,7,9,1,10,1,12,,44,40,1,22,9,121.5222593,25.0300766
111,11,4,10,8,2,04大安區,大安區敦化南路2段與安和路2段171巷口口,0,0,1,1,B03,7,1,5,50,4,2,1,5,4,5,4,1,1,1,1,1,1,17,2,56,3,10,1,1,7,5,1,8,1,5,,8,8,1,22,9,121.5489598,25.02807627
111,11,4,10,8,2,04大安區,大安區敦化南路2段與安和路2段171巷口口,0,0,1,2,B03,7,1,5,50,4,2,1,5,4,5,4,1,1,1,1,1,1,17,1,52,3,10,1,1,7,9,1,8,1,1,,44,8,1,22,9,121.5489598,25.02807627
111,11,4,10,8,2,04大安區,大安區敦化南路2段與安和路2段171巷口口,0,0,1,3,C03,7,1,5,50,4,2,1,5,4,5,4,1,1,1,1,1,1,17,1,41,2,9,1,1,7,9,1,10,1,11,,44,8,1,22,9,121.5489598,25.02807627
111,11,4,10,12,2,08士林區,士林區士東路301號,0,0,2,1,C03,7,1,5,30,14,9,1,5,4,5,7,4,4,10,5,5,1,9,1,21,2,9,1,1,7,9,1,10,1,11,,23,23,1,21,8,121.5375832,25.11422666
111,11,4,10,12,2,08士林區,士林區士東路301號,0,0,2,2,H01,7,1,5,30,14,9,1,5,4,5,7,4,4,10,5,5,1,9,1,18,2,8,4,5,8,16,8,20,10,16,,60,23,1,21,8,121.5375832,25.11422666
111,11,4,10,18,2,04大安區,大安區大安路1段225-1號前,0,0,2,1,F01,7,1,5,50,14,9,1,5,4,1,7,4,4,5,4,4,2,17,2,18,2,9,1,1,7,11,8,20,1,16,,10,10,1,22,9,121.545991,25.03459563
111,11,4,10,18,2,04大安區,大安區大安路1段225-1號前,0,0,2,2,C03,7,1,5,50,14,9,1,5,4,1,7,4,4,5,4,4,2,17,2,25,2,9,1,1,7,9,1,10,1,11,,23,10,1,22,9,121.545991,25.03459563
111,11,4,10,22,2,03中山區,中山區長安東路1段55號,0,0,1,1,C03,7,1,5,50,14,9,1,5,4,5,7,1,1,5,4,5,2,12,1,84,2,9,1,1,7,11,1,10,1,14,,10,10,1,22,9,121.5264618,25.0487389
111,11,4,10,22,2,03中山區,中山區長安東路1段55號,0,0,1,2,B01,7,1,5,50,14,9,1,5,4,5,7,1,1,5,4,5,2,12,1,47,3,10,1,1,7,9,1,4,1,5,,23,10,1,22,9,121.5264618,25.0487389
111,11,4,10,45,2,03中山區,中山區民族西路西往東未到中山北路,0,0,2,1,C03,7,1,5,50,14,8,1,5,4,5,7,4,4,4,1,5,1,12,1,58,2,9,3,4,7,9,1,10,1,14,,44,44,1,22,9,121.5205724,25.06849133
111,11,4,10,45,2,03中山區,中山區民族西路西往東未到中山北路,0,0,2,2,C03,7,1,5,50,14,8,1,5,4,5,7,4,4,4,1,5,1,12,1,40,2,8,3,4,7,11,1,10,1,12,,10,44,1,22,9,121.5205724,25.06849133
111,11,4,10,55,2,09北投區,北投區大度路3段103號桿,0,0,1,1,B03,7,1,5,50,14,9,1,5,4,5,7,4,4,1,4,4,2,12,1,41,3,10,1,1,7,8,1,10,1,2,,7,7,1,22,9,121.4727025,25.12293141
111,11,4,10,55,2,09北投區,北投區大度路3段103號桿,0,0,1,2,C03,7,1,5,50,14,9,1,5,4,5,7,4,4,1,4,4,2,12,2,51,2,9,1,1,7,9,1,10,1,14,,44,7,1,22,9,121.4727025,25.12293141
111,11,4,11,30,2,02萬華區,萬華區萬大路311號,0,0,1,1,A02,7,1,5,30,14,9,1,5,4,5,7,4,4,3,4,5,2,9,1,62,3,10,1,1,7,9,1,2,1,15,,44,44,1,22,9,121.5004274,25.0243806
111,11,4,11,30,2,02萬華區,萬華區萬大路311號,0,0,1,2,H02,7,1,5,30,14,9,1,5,4,5,7,4,4,3,4,5,2,9,2,78,2,9,4,5,7,21,8,20,10,16,,67,44,1,22,9,121.5004274,25.0243806
111,11,4,11,30,2,02萬華區,萬華區萬大路311號,0,0,1,3,C03,7,1,5,30,14,9,1,5,4,5,7,4,4,3,4,5,2,9,2,63,3,10,1,1,7,15,1,10,11,15,,44,44,1,22,9,121.5004274,25.0243806
111,11,4,12,10,2,03中山區,中山區民生東路1段1巷旁,0,0,1,1,B01,8,1,5,50,14,9,1,5,4,5,7,4,4,5,4,5,2,16,4,,4,11,3,4,7,15,7,19,11,15,,43,43,2,22,9,121.5233711,25.0580207
111,11,4,12,10,2,03中山區,中山區民生東路1段1巷旁,0,0,1,2,C03,8,1,5,50,14,9,1,5,4,5,7,4,4,5,4,5,2,16,1,31,2,7,1,4,7,14,1,10,1,14,,43,43,1,22,9,121.5233711,25.0580207
111,11,4,12,17,2,03中山區,中山區八德路2段232號,0,0,1,1,C03,7,1,5,50,14,9,1,5,4,5,7,4,4,4,5,5,1,12,1,49,2,9,3,4,7,11,1,10,2,14,,10,10,1,22,9,121.540291,25.0466849
111,11,4,12,17,2,03中山區,中山區八德路2段232號,0,0,1,2,B03,7,1,5,50,14,9,1,5,4,5,7,4,4,4,5,5,1,12,1,63,3,10,3,4,7,9,1,8,2,2,,13,10,1,22,9,121.540291,25.0466849
111,11,4,12,17,2,03中山區,中山區八德路2段232號,0,0,1,3,B12,7,1,5,50,14,9,1,5,4,5,7,4,4,4,5,5,1,12,1,35,3,10,3,4,7,9,1,8,2,8,,23,10,1,22,9,121.540291,25.0466849
111,11,4,12,25,2,03中山區,中山區新生北路2段149巷與吉林路口,0,0,1,1,C03,8,1,5,30,4,1,1,5,4,5,7,4,4,10,5,5,2,15,1,30,2,9,1,1,7,9,1,10,1,12,,6,6,1,22,9,121.5302667,25.0620059
111,11,4,12,25,2,03中山區,中山區新生北路2段149巷與吉林路口,0,0,1,2,B01,8,1,5,30,4,1,1,5,4,5,7,4,4,10,5,5,2,15,1,28,3,10,1,1,7,9,1,4,1,8,,44,6,1,22,9,121.5302667,25.0620059
111,11,4,12,40,2,08士林區,士林區承德路5段78號,0,0,3,1,B03,8,1,5,0,14,9,1,5,4,5,7,4,4,3,5,5,1,16,2,74,4,11,3,4,7,1,7,19,11,15,,19,19,2,22,9,121.5145585,25.09414399
111,11,4,12,40,2,08士林區,士林區承德路5段78號,0,0,3,2,C03,8,1,5,0,14,9,1,5,4,5,7,4,4,3,5,5,1,16,2,26,3,10,3,4,7,7,1,10,1,14,,7,19,1,22,9,121.5145585,25.09414399
111,11,4,12,40,2,08士林區,士林區承德路5段78號,0,0,3,3,C03,8,1,5,0,14,9,1,5,4,5,7,4,4,3,5,5,1,16,2,47,2,9,3,4,7,9,3,18,1,12,,44,19,1,22,9,121.5145585,25.09414399
111,11,4,12,40,2,08士林區,士林區承德路5段78號,0,0,3,4,C03,8,1,5,0,14,9,1,5,4,5,7,4,4,3,5,5,1,16,1,44,2,9,3,4,7,9,1,10,1,12,,44,19,1,22,9,121.5145585,25.09414399
111,11,4,12,40,2,08士林區,士林區承德路5段78號,0,0,3,5,H02,8,1,5,0,14,9,1,5,4,5,7,4,4,3,5,5,1,16,2,15,2,9,3,5,7,21,8,20,10,15,,67,19,1,22,9,121.5145585,25.09414399
111,11,4,12,41,2,12內湖區,內湖區文德路與文德路267巷口,0,0,1,1,C03,8,1,5,40,3,2,1,5,4,5,7,4,4,1,4,4,2,17,2,26,2,9,1,1,7,4,1,10,1,14,,16,16,1,22,9,121.5885606,25.07905598
111,11,4,12,41,2,12內湖區,內湖區文德路與文德路267巷口,0,0,1,2,C03,8,1,5,40,3,2,1,5,4,5,7,4,4,1,4,4,2,17,4,,4,11,3,4,7,15,7,19,11,15,,43,16,2,22,9,121.5885606,25.07905598
111,11,4,13,0,2,04大安區,大安區復興南路2段151巷43號與復興南路1段151巷口,0,0,2,1,C03,8,1,5,40,3,2,1,5,4,5,7,4,4,9,5,5,2,13,2,37,2,9,1,1,7,9,1,10,1,11,,42,42,1,22,9,121.5453996,25.0284853
111,11,4,13,0,2,04大安區,大安區復興南路2段151巷43號與復興南路1段151巷口,0,0,2,2,C03,8,1,5,40,3,2,1,5,4,5,7,4,4,9,5,5,2,13,1,60,2,8,1,1,7,14,1,10,1,13,,44,42,1,22,9,121.5453996,25.0284853
111,11,4,13,0,2,12內湖區,內湖區環山路2段與環山路2段10巷口口,0,0,1,1,F01,8,1,5,50,3,2,1,5,4,5,7,2,1,5,4,5,2,17,2,61,2,9,1,1,7,15,8,20,1,16,,42,42,1,22,9,121.5711127,25.08638828
111,11,4,13,0,2,12內湖區,內湖區環山路2段與環山路2段10巷口口,0,0,1,2,C03,8,1,5,50,3,2,1,5,4,5,7,2,1,5,4,5,2,17,1,35,3,10,1,1,7,6,1,10,1,12,,44,42,1,22,9,121.5711127,25.08638828
111,11,4,13,19,2,04大安區,大安區信義路3段與復興南路1段口,0,0,1,1,B12,7,1,5,50,4,1,1,5,4,5,7,2,1,1,4,5,2,16,1,30,3,10,3,4,7,5,1,8,1,4,,8,8,1,22,9,121.5435589,25.033456
111,11,4,13,19,2,04大安區,大安區信義路3段與復興南路1段口,0,0,1,2,C02,7,1,5,50,4,1,1,5,4,5,7,2,1,1,4,5,2,16,2,27,2,9,1,4,7,7,1,9,1,11,,17,8,1,22,9,121.5435589,25.033456
111,11,4,13,50,2,08士林區,士林區磺溪街與磺溪街21巷口口,0,0,2,1,F01,8,1,5,50,3,1,1,5,4,5,7,4,4,5,5,5,1,15,1,33,2,7,1,1,7,11,8,20,1,16,,11,11,1,22,9,121.523018,25.1061157
111,11,4,13,50,2,08士林區,士林區磺溪街與磺溪街21巷口口,0,0,2,2,C03,8,1,5,50,3,1,1,5,4,5,7,4,4,5,5,5,1,15,1,43,2,9,1,1,7,9,1,10,1,11,,23,11,1,22,9,121.523018,25.1061157
111,11,4,14,0,2,02萬華區,萬華區康定路172巷與康定路口,0,0,3,1,C03,7,1,5,50,3,2,1,5,4,5,7,4,4,5,4,5,2,11,1,62,2,9,1,1,7,5,1,10,1,15,,8,8,1,22,9,121.5018369,25.03931797
111,11,4,14,0,2,02萬華區,萬華區康定路172巷與康定路口,0,0,3,2,C03,7,1,5,50,3,2,1,5,4,5,7,4,4,5,4,5,2,11,1,26,2,9,1,1,7,9,1,10,1,11,,44,8,1,22,9,121.5018369,25.03931797
111,11,4,14,0,2,02萬華區,萬華區康定路172巷與康定路口,0,0,3,3,B12,7,1,5,50,3,2,1,5,4,5,7,4,4,5,4,5,2,11,1,59,2,8,1,1,7,13,6,8,1,15,,38,8,1,22,9,121.5018369,25.03931797
111,11,4,14,56,2,02萬華區,萬華區昆明街與內江街口,0,0,1,1,B12,8,1,5,50,4,2,1,5,4,1,7,1,1,10,3,5,1,2,4,,4,11,3,4,7,15,7,19,11,15,,43,43,2,22,9,121.5045355,25.04163679
111,11,4,14,56,2,02萬華區,萬華區昆明街與內江街口,0,0,1,2,H01,8,1,5,50,4,2,1,5,4,1,7,1,1,10,3,5,1,2,2,60,2,8,4,5,8,16,8,20,10,15,,67,43,1,22,9,121.5045355,25.04163679
111,11,4,15,6,2,12內湖區,內湖區港墘路221巷與瑞光路258巷口,0,0,1,1,C03,8,1,5,50,3,2,1,5,4,5,7,4,4,5,5,5,2,17,1,33,3,10,1,1,7,9,1,10,1,11,,23,16,1,22,9,121.5742284,25.07425228
111,11,4,15,6,2,12內湖區,內湖區港墘路221巷與瑞光路258巷口,0,0,1,2,C03,8,1,5,50,3,2,1,5,4,5,7,4,4,5,5,5,2,17,2,38,2,8,1,1,7,12,1,10,1,13,,42,16,1,22,9,121.5742284,25.07425228
111,11,4,15,9,2,03中山區,中山區松江路與松江路170巷口,0,0,2,1,C03,7,1,5,50,3,1,1,5,4,5,7,4,4,1,3,5,2,12,2,26,2,9,3,4,7,6,1,10,1,12,,9,9,1,22,9,121.5329887,25.0560806
111,11,4,15,9,2,03中山區,中山區松江路與松江路170巷口,0,0,2,2,C03,7,1,5,50,3,1,1,5,4,5,7,4,4,1,3,5,2,12,2,27,2,9,3,4,7,9,1,10,1,14,,44,9,1,22,9,121.5329887,25.0560806
111,11,4,15,30,2,03中山區,中山區長安東路1段18號,0,0,1,1,C03,8,1,5,50,14,9,1,5,4,5,7,4,4,9,4,5,2,12,2,21,2,9,1,1,7,9,1,10,1,11,,43,43,1,22,9,121.5274017,25.04851988
111,11,4,15,30,2,03中山區,中山區長安東路1段18號,0,0,1,2,C03,8,1,5,50,14,9,1,5,4,5,7,4,4,9,4,5,2,12,1,36,3,10,1,1,7,9,1,10,1,13,,43,43,1,22,9,121.5274017,25.04851988
111,11,4,15,30,2,03中山區,中山區長安東路1段18號,0,0,1,3,B03,8,1,5,50,14,9,1,5,4,5,7,4,4,9,4,5,2,12,2,64,4,11,3,4,7,15,7,19,11,15,,43,43,2,22,9,121.5274017,25.04851988
111,11,4,15,30,2,03中山區,中山區長安東路1段18號,0,0,1,4,C03,8,1,5,50,14,9,1,5,4,5,7,4,4,9,4,5,2,12,4,,,,,,,,,,11,,,44,43,1,,,121.5274017,25.04851988
111,11,4,15,30,2,03中山區,中山區長安東路1段18號,0,0,1,5,C03,8,1,5,50,14,9,1,5,4,5,7,4,4,9,4,5,2,12,4,,,,,,,,,,11,,,44,43,1,,,121.5274017,25.04851988
111,11,4,15,30,2,03中山區,中山區長安東路1段18號,0,0,1,6,C03,8,1,5,50,14,9,1,5,4,5,7,4,4,9,4,5,2,12,4,,,,,,,,,,11,,,44,43,1,,,121.5274017,25.04851988
111,11,4,15,30,2,03中山區,中山區長安東路1段18號,0,0,1,7,C03,8,1,5,50,14,9,1,5,4,5,7,4,4,9,4,5,2,12,4,,,,,,,,,,11,,,44,43,1,,,121.5274017,25.04851988
111,11,4,15,35,2,10文山區,文山區恆光街恆光橋南往北2號路燈,0,0,1,1,C03,7,1,5,50,14,9,1,5,4,5,7,4,4,5,5,5,2,18,1,18,2,9,1,1,7,9,1,10,1,12,,42,42,1,22,9,121.567679,24.9801693
111,11,4,15,35,2,10文山區,文山區恆光街恆光橋南往北2號路燈,0,0,1,2,,7,1,5,50,14,9,1,5,4,5,7,4,4,5,5,5,2,18,3,,,,,,,,,,,,,67,42,1,,,121.567679,24.9801693
111,11,4,15,49,2,01大同區,大同區南京西路143號,0,0,2,2,C03,7,1,5,0,14,9,1,5,4,5,7,2,1,5,4,5,1,13,2,28,2,9,1,1,7,9,1,10,2,11,,16,42,1,22,9,121.5138594,25.05406002
111,11,4,15,49,2,01大同區,大同區南京西路143號,0,0,2,1,C03,7,1,5,0,14,9,1,5,4,5,7,2,1,5,4,5,1,13,1,29,4,11,3,4,7,15,7,19,11,15,,42,42,2,22,9,121.5138594,25.05406002
111,11,4,15,49,2,01大同區,大同區南京西路143號,0,0,2,3,C03,7,1,5,0,14,9,1,5,4,5,7,2,1,5,4,5,1,13,1,33,2,9,1,1,7,9,1,10,2,14,,16,42,1,22,9,121.5138594,25.05406002
111,11,4,15,53,2,05中正區,中正區汀州路2段77號,0,0,2,1,C03,8,1,5,50,14,9,1,5,4,5,7,4,4,9,4,5,2,16,1,63,2,9,1,1,7,5,1,10,1,12,,8,8,1,22,9,121.5170747,25.02554647
111,11,4,15,53,2,05中正區,中正區汀州路2段77號,0,0,2,2,C03,8,1,5,50,14,9,1,5,4,5,7,4,4,9,4,5,2,16,1,26,2,9,1,1,7,9,1,10,1,11,,44,8,1,22,9,121.5170747,25.02554647
111,11,4,15,54,2,12內湖區,內湖區內湖路1段737巷與內湖路1段737巷50弄口口,0,0,1,1,B03,7,1,5,50,4,1,1,5,4,5,7,4,4,5,5,5,2,15,1,33,3,10,1,1,7,9,1,8,2,1,,6,6,1,22,9,121.5790017,25.08045269
111,11,4,15,54,2,12內湖區,內湖區內湖路1段737巷與內湖路1段737巷50弄口口,0,0,1,2,C03,7,1,5,50,4,1,1,5,4,5,7,4,4,5,5,5,2,15,1,29,2,9,1,1,7,9,1,10,2,12,,14,6,1,22,9,121.5790017,25.08045269
111,11,4,16,10,2,12內湖區,內湖區成功路5段大湖公園游泳池前,0,0,3,1,C03,6,1,5,40,14,8,1,4,4,5,7,4,4,1,4,5,2,17,2,41,2,9,1,1,7,8,4,11,1,13,,7,7,1,22,9,121.6036421,25.08305131
111,11,4,16,10,2,12內湖區,內湖區成功路5段大湖公園游泳池前,0,0,3,2,C03,6,1,5,40,14,8,1,4,4,5,7,4,4,1,4,5,2,17,1,32,2,8,1,1,7,9,1,10,1,12,,23,7,1,22,9,121.6036421,25.08305131
111,11,4,16,10,2,12內湖區,內湖區成功路5段大湖公園游泳池前,0,0,3,3,H02,6,1,5,40,14,8,1,4,4,5,7,4,4,1,4,5,2,17,2,3,2,8,1,5,7,20,8,20,10,16,,67,7,1,22,9,121.6036421,25.08305131
111,11,4,16,30,2,09北投區,北投區三合街1段117巷與三合街1段117巷38弄口,0,0,1,1,B03,7,1,5,30,4,1,1,5,4,5,7,4,4,10,5,5,2,16,2,63,3,10,1,1,7,5,1,8,2,4,,8,8,1,22,9,121.504313,25.12611493
111,11,4,16,30,2,09北投區,北投區三合街1段117巷與三合街1段117巷38弄口,0,0,1,2,C03,7,1,5,30,4,1,1,5,4,5,7,4,4,10,5,5,2,16,1,39,2,9,1,1,7,9,1,10,2,12,,23,8,1,22,9,121.504313,25.12611493
111,11,4,16,57,2,08士林區,士林區仰德大道3段與仰德大道3段125巷口,0,0,1,1,B01,6,1,5,40,3,1,1,4,4,5,7,1,1,5,5,5,1,11,1,36,3,10,1,1,7,5,1,4,1,2,,8,8,1,22,9,121.5516596,25.12270315
111,11,4,16,57,2,08士林區,士林區仰德大道3段與仰德大道3段125巷口,0,0,1,2,C03,6,1,5,40,3,1,1,4,4,5,7,1,1,5,5,5,1,11,1,34,2,9,1,1,7,9,1,10,1,11,,13,8,1,22,9,121.5516596,25.12270315
111,11,4,17,3,2,09北投區,北投區明德路337巷17號,0,0,1,1,C03,7,1,5,30,14,9,1,5,4,5,7,4,4,10,5,5,2,29,2,53,2,9,1,1,7,9,1,10,1,14,,42,42,1,22,9,121.5192521,25.1169098
111,11,4,17,3,2,09北投區,北投區明德路337巷17號,0,0,1,2,H01,7,1,5,30,14,9,1,5,4,5,7,4,4,10,5,5,2,29,3,,,,,,,,,,,,,67,42,1,,,121.5192521,25.1169098
111,11,4,17,5,2,04大安區,大安區仁愛路4段300巷20弄與仁愛路4段300巷口,0,0,1,1,C03,7,2,5,30,4,1,1,5,4,5,7,4,4,10,5,5,2,15,1,35,2,9,1,1,7,9,1,10,1,11,,6,6,1,22,9,121.5544505,25.0362437
111,11,4,17,5,2,04大安區,大安區仁愛路4段300巷20弄與仁愛路4段300巷口,0,0,1,2,B03,7,2,5,30,4,1,1,5,4,5,7,4,4,10,5,5,2,15,1,37,3,10,1,1,7,9,1,8,1,2,,14,6,1,22,9,121.5544505,25.0362437
111,11,4,17,10,2,12內湖區,內湖區安康路32巷與安康路口,0,0,1,1,B01,6,1,5,50,3,2,1,4,4,5,7,2,1,5,4,5,2,12,2,56,3,10,1,1,7,11,1,4,2,4,,10,10,1,22,9,121.5949143,25.06259407
111,11,4,17,10,2,12內湖區,內湖區安康路32巷與安康路口,0,0,1,2,C03,6,1,5,50,3,2,1,4,4,5,7,2,1,5,4,5,2,12,2,30,2,9,1,1,7,9,1,10,2,11,,13,10,1,22,9,121.5949143,25.06259407
111,11,4,17,15,2,03中山區,中山區新生北路2段與民權東路2段口,0,0,2,1,C03,8,3,5,50,4,1,1,5,4,5,7,1,1,5,4,5,2,13,2,20,2,9,1,1,7,9,1,10,1,11,,16,16,1,22,9,121.5278201,25.0626011
111,11,4,17,15,2,03中山區,中山區新生北路2段與民權東路2段口,0,0,2,2,C03,8,3,5,50,4,1,1,5,4,5,7,1,1,5,4,5,2,13,1,19,2,9,1,1,7,9,1,10,1,14,,44,16,1,22,9,121.5278201,25.0626011
111,11,4,17,31,2,11南港區,南港區忠孝東路6段135號與忠孝東路6段口,0,0,1,1,B02,7,3,5,30,3,2,1,5,4,5,7,4,4,9,5,5,2,17,2,22,3,10,1,1,7,6,1,8,2,1,,42,42,1,22,9,121.5857417,25.0487187
111,11,4,17,31,2,11南港區,南港區忠孝東路6段135號與忠孝東路6段口,0,0,1,2,B01,7,3,5,30,3,2,1,5,4,5,7,4,4,9,5,5,2,17,1,60,3,10,3,1,7,13,1,8,9,1,,44,42,1,22,9,121.5857417,25.0487187
111,11,4,17,31,2,11南港區,南港區忠孝東路6段135號與忠孝東路6段口,0,0,1,3,H01,7,3,5,30,3,2,1,5,4,5,7,4,4,9,5,5,2,17,1,32,2,9,4,5,8,17,8,20,10,15,,67,42,1,22,9,121.5857417,25.0487187
111,11,4,17,55,2,02萬華區,萬華區忠孝橋往台北市,0,0,3,1,C03,7,3,5,50,14,9,1,5,4,5,7,1,1,1,2,5,2,13,1,20,2,8,1,4,7,9,1,10,1,11,,16,23,1,22,9,121.506815,25.04871956