發生年度,發生月,發生日,發生時-Hours,發生分,處理別-編號,區序,肇事地點,死亡人數,2-30日死亡人數,受傷人數,當事人序號,車種,天候,光線,道路類別,速限-速度限制,道路型態,事故位置,路面狀況1,路面狀況2,路面狀況3,道路障礙1,道路障礙2,號誌1,號誌2,車道劃分-分向,車道劃分-分道1,車道劃分-分道2,車道劃分-分道3,事故類型及型態,性別,年齡,受傷程度,主要傷處,安全帽,行動電話,車輛用途,當事者行動狀態,駕駛資格情形,駕駛執照種類,飲酒情形,車輛撞擊部位1,車輛撞擊部位2,肇因碼-個別,肇因碼-主要,個人肇逃否,職業,旅次目的,座標-X,座標-Y
111,11,4,17,55,2,02萬華區,萬華區忠孝橋往台北市,0,0,3,2,C03,7,3,5,50,14,9,1,5,4,5,7,1,1,1,2,5,2,13,1,61,2,8,1,4,7,14,1,10,1,13,,44,23,1,22,9,121.506815,25.04871956
111,11,4,17,55,2,02萬華區,萬華區忠孝橋往台北市,0,0,3,3,H02,7,3,5,50,14,9,1,5,4,5,7,1,1,1,2,5,2,13,2,21,2,7,1,5,7,20,8,20,10,16,,67,23,1,22,9,121.506815,25.04871956
111,11,4,18,3,2,08士林區,士林區中山北路6段與中山北路6段776巷口,0,0,1,1,C03,7,3,5,50,5,2,1,5,4,5,7,1,1,1,4,5,2,17,1,19,2,8,1,1,7,11,1,10,1,12,,10,10,1,22,9,121.5285144,25.11641732
111,11,4,18,3,2,08士林區,士林區中山北路6段與中山北路6段776巷口,0,0,1,2,B02,7,3,5,50,5,2,1,5,4,5,7,1,1,1,4,5,2,17,1,45,3,10,1,1,7,9,1,8,1,1,,44,10,1,22,9,121.5285144,25.11641732
111,11,4,18,3,2,08士林區,士林區中山北路6段與中山北路6段776巷口,0,0,1,3,B03,7,3,5,50,5,2,1,5,4,5,7,1,1,1,4,5,2,17,1,44,3,10,1,1,7,7,1,8,1,1,,23,10,1,22,9,121.5285144,25.11641732
111,11,4,18,15,2,04大安區,大安區市民高架道,0,0,2,1,B03,6,3,5,80,14,9,1,4,4,5,7,4,4,1,4,5,2,13,1,22,2,3,1,1,7,9,3,18,2,1,,16,16,1,22,9,121.5563368,25.04486116
111,11,4,18,15,2,04大安區,大安區市民高架道,0,0,2,2,B03,6,3,5,80,14,9,1,4,4,5,7,4,4,1,4,5,2,13,2,45,2,2,1,1,7,14,1,8,2,3,1,44,16,1,22,9,121.5563368,25.04486116
111,11,4,18,15,2,04大安區,大安區市民高架道,0,0,2,3,B01,6,3,5,80,14,9,1,4,4,5,7,4,4,1,4,5,2,13,1,60,3,10,1,1,7,14,1,4,2,3,,44,16,1,22,9,121.5563368,25.04486116
111,11,4,18,31,2,05中正區,中正區天津街與北平東路口,0,0,1,1,B01,7,3,5,50,4,1,1,5,4,5,7,2,1,5,2,4,2,17,1,53,3,10,1,1,7,5,1,4,1,1,,8,8,1,22,9,121.5220874,25.0467232
111,11,4,18,31,2,05中正區,中正區天津街與北平東路口,0,0,1,2,C03,7,3,5,50,4,1,1,5,4,5,7,2,1,5,2,4,2,17,1,20,2,8,1,1,7,9,1,10,1,11,,13,8,1,22,9,121.5220874,25.0467232
111,11,4,18,35,2,08士林區,士林區葫蘆街與延平北路5段257巷15弄口,0,0,2,1,C03,7,3,5,50,3,2,1,5,4,5,7,4,4,9,5,5,2,3,1,24,2,9,1,1,7,9,1,10,2,11,,23,23,1,22,9,121.5092235,25.08395788
111,11,4,18,35,2,08士林區,士林區葫蘆街與延平北路5段257巷15弄口,0,0,2,2,H01,7,3,5,50,3,2,1,5,4,5,7,4,4,9,5,5,2,3,2,80,2,9,4,5,8,16,8,20,10,16,,51,23,1,22,9,121.5092235,25.08395788
111,11,4,18,35,2,08士林區,士林區葫蘆街與延平北路5段257巷15弄口,0,0,2,3,B03,7,3,5,50,3,2,1,5,4,5,7,4,4,9,5,5,2,3,1,70,3,10,3,4,7,21,1,8,11,15,,44,23,1,22,9,121.5092235,25.08395788
111,11,4,18,42,2,04大安區,大安區永康街6-5號,0,0,1,1,B03,8,1,5,0,14,9,1,5,4,5,7,4,4,9,5,5,2,3,1,49,3,10,1,1,7,9,1,8,1,6,,44,44,1,22,9,121.5298619,25.032403
111,11,4,18,42,2,04大安區,大安區永康街6-5號,0,0,1,2,H01,8,1,5,0,14,9,1,5,4,5,7,4,4,9,5,5,2,3,2,10,2,8,4,5,8,18,8,20,10,16,,67,44,1,22,9,121.5298619,25.032403
111,11,4,19,4,2,10文山區,文山區興隆路4段213巷與興隆路4段口,0,0,1,1,B03,6,3,5,30,4,1,1,4,4,5,7,1,1,1,4,5,2,11,2,29,3,10,3,4,7,5,1,8,2,8,,6,6,1,21,8,121.5623571,24.98262695
111,11,4,19,4,2,10文山區,文山區興隆路4段213巷與興隆路4段口,0,0,1,2,C03,6,3,5,30,4,1,1,4,4,5,7,1,1,1,4,5,2,11,2,49,2,8,3,4,7,14,1,10,2,14,,44,6,1,21,8,121.5623571,24.98262695
111,11,4,19,10,2,05中正區,中正區重慶南路2段與南海路口,0,0,1,1,B03,7,3,5,50,4,1,1,5,4,5,7,1,1,10,2,5,2,16,1,26,3,10,1,1,7,9,1,8,1,5,,26,26,1,22,9,121.5143773,25.03188266
111,11,4,19,10,2,05中正區,中正區重慶南路2段與南海路口,0,0,1,2,C03,7,3,5,50,4,1,1,5,4,5,7,1,1,10,2,5,2,16,1,61,2,3,1,1,7,5,1,10,1,14,,42,26,1,22,9,121.5143773,25.03188266
111,11,4,19,17,2,03中山區,中山區長安東路2段與建國北路1段口,0,0,1,1,C03,8,1,5,50,4,1,1,5,4,5,7,1,1,9,4,5,2,16,1,47,3,10,3,4,7,9,1,10,1,13,,43,43,1,22,9,121.5370002,25.04842354
111,11,4,19,17,2,03中山區,中山區長安東路2段與建國北路1段口,0,0,1,2,B01,8,1,5,50,4,1,1,5,4,5,7,1,1,9,4,5,2,16,1,60,3,10,3,4,7,9,1,4,1,1,,43,43,1,22,9,121.5370002,25.04842354
111,11,4,19,17,2,03中山區,中山區長安東路2段與建國北路1段口,0,0,1,3,C03,8,1,5,50,4,1,1,5,4,5,7,1,1,9,4,5,2,16,1,32,2,8,3,4,7,9,1,10,1,11,,43,43,1,22,9,121.5370002,25.04842354
111,11,4,19,24,2,03中山區,中山區建國北路3段榮星花園旁,0,0,1,1,B01,7,3,5,50,15,18,1,5,4,5,7,2,1,1,4,5,1,2,2,57,3,10,1,1,7,5,1,4,2,1,,15,15,1,22,9,121.5373911,25.0637158
111,11,4,19,24,2,03中山區,中山區建國北路3段榮星花園旁,0,0,1,2,H01,7,3,5,50,15,18,1,5,4,5,7,2,1,1,4,5,1,2,1,44,2,9,4,5,8,16,8,20,10,15,,67,15,1,22,9,121.5373911,25.0637158
111,11,4,19,25,2,09北投區,北投區立農街2段與義理街口,0,0,2,1,C03,8,1,5,50,3,1,1,5,4,5,7,4,4,5,4,5,2,15,1,34,2,7,1,1,7,9,1,10,1,11,,6,6,1,22,9,121.5163464,25.1185986
111,11,4,19,25,2,09北投區,北投區立農街2段與義理街口,0,0,2,2,C03,8,1,5,50,3,1,1,5,4,5,7,4,4,5,4,5,2,15,1,22,2,8,1,1,7,9,1,10,1,11,,23,6,1,22,9,121.5163464,25.1185986
111,11,4,19,30,2,12內湖區,內湖區康寧路3段54巷與康寧路3段口,0,0,1,1,C03,6,3,5,50,3,1,1,4,4,5,7,4,4,1,4,4,2,13,1,28,2,9,1,1,7,7,1,10,1,11,,23,23,1,22,9,121.6090141,25.07180801
111,11,4,19,30,2,12內湖區,內湖區康寧路3段54巷與康寧路3段口,0,0,1,2,B02,6,3,5,50,3,1,1,4,4,5,7,4,4,1,4,4,2,13,1,20,3,10,1,1,7,14,1,8,1,3,,44,23,1,22,9,121.6090141,25.07180801
111,11,4,19,38,2,09北投區,北投區大度路3段151號,0,0,1,1,C02,8,1,5,50,14,12,1,5,4,5,7,4,4,1,3,1,2,23,1,41,2,9,1,1,7,9,4,10,1,11,,23,23,1,22,9,121.4735821,25.12258325
111,11,4,19,38,2,09北投區,北投區大度路3段151號,0,0,1,2,,8,1,5,50,14,12,1,5,4,5,7,4,4,1,3,1,2,23,3,,,,,,,,,,,,,67,23,1,,,121.4735821,25.12258325
111,11,4,19,55,2,03中山區,中山區中山北路1段與長安西路口,0,0,2,1,B02,7,3,5,50,4,1,1,5,4,5,7,1,1,5,4,5,2,11,1,37,3,10,1,1,7,5,1,8,1,6,,25,25,1,22,9,121.5215421,25.04984243
111,11,4,19,55,2,03中山區,中山區中山北路1段與長安西路口,0,0,2,2,C02,7,3,5,50,4,1,1,5,4,5,7,1,1,5,4,5,2,11,1,47,2,9,1,1,7,9,1,9,1,11,,44,25,1,22,9,121.5215421,25.04984243
111,11,4,19,55,2,03中山區,中山區中山北路1段與長安西路口,0,0,2,3,H02,7,3,5,50,4,1,1,5,4,5,7,1,1,5,4,5,2,11,2,47,2,7,1,1,7,21,8,20,1,16,,67,25,1,22,9,121.5215421,25.04984243
111,11,4,20,44,2,10文山區,文山區興隆路2段與福興路口,0,0,1,1,B01,6,3,5,50,3,1,1,4,4,5,7,1,1,1,4,5,2,17,1,64,3,10,1,1,7,8,1,4,2,15,,7,7,1,22,9,121.5517658,25.00188296
111,11,4,20,44,2,10文山區,文山區興隆路2段與福興路口,0,0,1,2,C03,6,3,5,50,3,1,1,4,4,5,7,1,1,1,4,5,2,17,1,29,2,9,1,1,7,9,1,10,2,12,,44,7,1,22,9,121.5517658,25.00188296
111,11,4,20,51,2,11南港區,南港區市民大道8段與中南街口,0,0,1,1,C03,6,3,5,50,4,2,1,4,4,5,7,1,1,10,5,5,2,17,1,20,3,10,3,4,7,5,1,10,1,11,,6,6,1,22,9,121.6152483,25.0543989
111,11,4,20,51,2,11南港區,南港區市民大道8段與中南街口,0,0,1,2,C03,6,3,5,50,4,2,1,4,4,5,7,1,1,10,5,5,2,17,1,46,2,8,3,4,7,15,1,10,1,14,,44,6,1,22,9,121.6152483,25.0543989
111,11,4,21,20,2,12內湖區,內湖區康寧路1段160號,0,0,1,1,C03,6,3,5,30,3,2,1,4,4,5,7,4,4,9,5,5,2,3,1,45,3,10,1,1,7,9,1,10,2,11,,23,23,1,22,9,121.5944814,25.07904419
111,11,4,21,20,2,12內湖區,內湖區康寧路1段160號,0,0,1,2,H01,6,3,5,30,3,2,1,4,4,5,7,4,4,9,5,5,2,3,2,69,2,8,4,5,8,16,8,20,10,16,,67,23,1,22,9,121.5944814,25.07904419
111,11,4,21,35,2,03中山區,中山區敬業三路123號,0,0,1,1,B03,7,3,5,50,15,9,1,5,4,5,7,3,1,1,4,5,1,17,1,53,3,10,1,1,7,11,1,8,2,8,,10,10,1,22,9,121.5562432,25.08073107
111,11,4,21,35,2,03中山區,中山區敬業三路123號,0,0,1,2,C03,7,3,5,50,15,9,1,5,4,5,7,3,1,1,4,5,1,17,1,19,2,9,1,1,7,9,1,10,2,12,,14,10,1,22,9,121.5562432,25.08073107
111,11,4,21,40,2,10文山區,文山區秀明路1段與秀明路1段119巷口,0,0,2,2,C04,6,3,5,40,15,8,1,4,4,5,7,3,1,1,4,4,2,17,1,18,2,9,3,4,7,9,1,10,2,11,,42,7,1,22,9,121.5697794,24.99169176
111,11,4,21,40,2,10文山區,文山區秀明路1段與秀明路1段119巷口,0,0,2,1,C03,6,3,5,40,15,8,1,4,4,5,7,3,1,1,4,4,2,17,1,68,2,7,3,4,7,7,1,10,2,11,,7,7,1,22,9,121.5697794,24.99169176
111,11,4,22,14,2,04大安區,大安區富陽街111號,0,0,2,1,F01,6,3,5,30,3,2,1,4,4,5,7,4,4,9,5,5,2,17,2,63,2,9,1,1,7,9,8,20,1,16,,4,4,1,22,9,121.5568087,25.0196651
111,11,4,22,14,2,04大安區,大安區富陽街111號,0,0,2,2,C03,6,3,5,30,3,2,1,4,4,5,7,4,4,9,5,5,2,17,1,24,2,9,1,1,7,9,1,10,1,14,,44,4,1,22,9,121.5568087,25.0196651
111,11,4,22,14,2,08士林區,士林區磺溪便道與克強路口,0,0,1,1,C03,8,3,5,30,4,1,1,5,4,5,7,4,4,5,5,5,1,17,1,24,2,8,3,4,7,9,1,10,1,12,,6,6,1,22,9,121.5225169,25.10927012
111,11,4,22,14,2,08士林區,士林區磺溪便道與克強路口,0,0,1,2,C03,8,3,5,30,4,1,1,5,4,5,7,4,4,5,5,5,1,17,2,48,3,10,3,4,7,9,1,10,1,15,,44,6,1,22,9,121.5225169,25.10927012
111,11,4,23,0,2,12內湖區,內湖區金龍路47巷與金龍路口,0,0,2,1,B03,6,3,5,50,4,1,1,4,4,5,7,2,1,9,4,5,2,16,1,44,3,10,1,1,7,1,1,8,1,4,,19,19,1,22,9,121.5938411,25.08476051
111,11,4,23,0,2,12內湖區,內湖區金龍路47巷與金龍路口,0,0,2,2,C02,6,3,5,50,4,1,1,4,4,5,7,2,1,9,4,5,2,16,1,47,2,7,1,1,7,9,1,9,1,11,,44,19,1,22,9,121.5938411,25.08476051
111,11,4,23,0,2,12內湖區,內湖區金龍路47巷與金龍路口,0,0,2,3,H02,6,3,5,50,4,1,1,4,4,5,7,2,1,9,4,5,2,16,2,46,2,8,4,5,7,20,8,20,10,16,,67,19,1,22,9,121.5938411,25.08476051
111,11,5,0,48,2,04大安區,大安區忠孝東路4段與敦化南路1段口,0,0,2,1,C03,7,3,5,50,5,2,1,5,4,5,7,2,1,1,4,5,2,17,1,18,2,8,1,1,7,9,1,10,2,11,,16,16,1,22,9,121.54833,25.04145486
111,11,5,0,48,2,04大安區,大安區忠孝東路4段與敦化南路1段口,0,0,2,2,B01,7,3,5,50,5,2,1,5,4,5,7,2,1,1,4,5,2,17,1,47,3,10,1,1,7,14,1,2,2,3,,44,16,1,22,9,121.54833,25.04145486
111,11,5,0,48,2,04大安區,大安區忠孝東路4段與敦化南路1段口,0,0,2,3,H02,7,3,5,50,5,2,1,5,4,5,7,2,1,1,4,5,2,17,1,18,2,7,1,5,7,21,8,20,10,16,,67,16,1,22,9,121.54833,25.04145486
111,11,5,1,0,2,12內湖區,內湖區成功路2段456巷內,0,0,1,1,B01,6,3,5,30,14,9,1,4,4,5,7,4,4,10,5,5,2,11,1,67,3,10,1,1,7,9,1,4,2,4,,42,43,1,22,9,121.5876138,25.0735993
111,11,5,1,0,2,12內湖區,內湖區成功路2段456巷內,0,0,1,2,C03,6,3,5,30,14,9,1,4,4,5,7,4,4,10,5,5,2,11,1,43,2,9,1,1,7,9,1,10,2,14,,13,43,1,22,9,121.5876138,25.0735993
111,11,5,5,30,2,03中山區,中山區建國北路1段與南京東路3段口,0,0,1,1,C03,7,3,5,50,4,2,1,5,4,5,7,1,1,5,4,5,1,17,1,59,2,1,1,1,7,5,1,10,1,11,,25,25,1,22,9,121.5366903,25.05211799
111,11,5,5,30,2,03中山區,中山區建國北路1段與南京東路3段口,0,0,1,2,B03,7,3,5,50,4,2,1,5,4,5,7,1,1,5,4,5,1,17,1,29,3,10,1,1,7,9,1,8,1,4,,44,25,1,22,9,121.5366903,25.05211799
111,11,5,7,43,2,12內湖區,內湖區環山路2段141號對面,0,0,1,1,C03,6,1,5,50,14,9,1,4,4,5,7,4,4,5,4,5,2,17,1,30,2,9,1,1,7,9,1,10,1,12,,16,16,1,22,9,121.5772944,25.08393501
111,11,5,7,43,2,12內湖區,內湖區環山路2段141號對面,0,0,1,2,B03,6,1,5,50,14,9,1,4,4,5,7,4,4,5,4,5,2,17,1,49,3,10,1,1,7,9,1,8,1,15,,44,16,1,22,9,121.5772944,25.08393501
111,11,5,7,43,2,12內湖區,內湖區環山路2段141號對面,0,0,1,3,B03,6,1,5,50,14,9,1,4,4,5,7,4,4,5,4,5,2,17,4,,4,11,3,4,7,15,7,19,11,15,,43,16,2,22,9,121.5772944,25.08393501
111,11,5,7,43,2,12內湖區,內湖區環山路2段141號對面,0,0,1,4,B03,6,1,5,50,14,9,1,4,4,5,7,4,4,5,4,5,2,17,1,28,4,11,3,4,7,15,7,19,11,15,,44,16,2,22,9,121.5772944,25.08393501
111,11,5,7,46,2,07信義區,信義區虎林街164巷64號,0,0,1,1,B03,8,1,5,30,14,9,1,5,4,5,7,4,4,10,5,5,2,17,1,68,3,10,1,1,7,9,1,8,9,5,,23,23,1,22,9,121.5746008,25.037936
111,11,5,7,46,2,07信義區,信義區虎林街164巷64號,0,0,1,2,C03,8,1,5,30,14,9,1,5,4,5,7,4,4,10,5,5,2,17,1,26,3,10,3,1,7,13,1,10,9,12,,44,23,1,22,9,121.5746008,25.037936
111,11,5,7,46,2,07信義區,信義區虎林街164巷64號,0,0,1,3,C03,8,1,5,30,14,9,1,5,4,5,7,4,4,10,5,5,2,17,1,63,2,8,1,1,7,13,1,10,9,12,,44,23,1,22,9,121.5746008,25.037936
111,11,5,7,50,2,08士林區,士林區中正路與延平北路6段口,0,0,2,1,C03,8,1,5,50,4,1,1,5,4,5,7,1,1,10,5,5,1,16,1,22,2,9,1,1,7,9,1,10,1,12,,25,25,1,22,9,121.5092955,25.0868887
111,11,5,7,50,2,08士林區,士林區中正路與延平北路6段口,0,0,2,2,C03,8,1,5,50,4,1,1,5,4,5,7,1,1,10,5,5,1,16,1,35,2,9,1,1,7,9,1,10,1,14,,44,25,1,22,9,121.5092955,25.0868887
111,11,5,8,20,2,03中山區,中山區林森北路450號,0,0,1,1,H01,8,1,5,0,14,9,1,5,4,5,7,4,4,8,3,5,1,9,1,52,2,9,4,5,8,16,8,20,10,16,,60,60,1,22,9,121.5255258,25.06072674
111,11,5,8,20,2,03中山區,中山區林森北路450號,0,0,1,2,B03,8,1,5,0,14,9,1,5,4,5,7,4,4,8,3,5,1,9,1,65,3,10,1,1,7,1,1,8,2,6,,19,60,1,22,9,121.5255258,25.06072674
111,11,5,8,50,2,03中山區,中山區松江路與四平街口,0,0,1,1,B03,8,1,5,50,4,1,1,5,4,5,7,2,1,10,5,5,2,16,1,38,3,10,1,1,7,6,1,8,1,2,,9,9,1,22,9,121.532945,25.05369721
111,11,5,8,50,2,03中山區,中山區松江路與四平街口,0,0,1,2,C03,8,1,5,50,4,1,1,5,4,5,7,2,1,10,5,5,2,16,1,44,2,9,1,1,7,9,1,10,1,14,,44,9,1,22,9,121.532945,25.05369721
111,11,5,9,2,1,09北投區,北投區立賢路200號對面,1,0,0,1,F01,8,1,5,50,14,9,1,5,4,5,7,4,4,1,5,5,2,17,1,43,1,9,1,1,7,9,8,20,11,16,,43,43,1,22,9,121.5008145,25.1130456
111,11,5,9,2,1,09北投區,北投區立賢路200號對面,1,0,0,2,B12,8,1,5,50,14,9,1,5,4,5,7,4,4,1,5,5,2,17,1,32,3,10,1,1,7,9,1,4,2,5,,44,43,1,22,9,121.5008145,25.1130456
111,11,5,9,30,2,11南港區,南港區忠孝東路6段與忠孝東路6段269巷口,0,0,1,1,C03,6,1,5,40,3,2,1,4,4,5,7,4,4,3,3,4,2,17,2,27,3,10,3,4,7,6,1,10,1,15,,6,6,1,22,9,121.5903718,25.0494695
111,11,5,9,30,2,11南港區,南港區忠孝東路6段與忠孝東路6段269巷口,0,0,1,2,F03,6,1,5,40,3,2,1,4,4,5,7,4,4,3,3,4,2,17,1,19,2,9,1,1,7,9,8,20,2,16,,44,6,1,22,9,121.5903718,25.0494695
111,11,5,10,25,2,12內湖區,內湖區新湖一路與新湖二路口,0,0,1,1,B02,7,1,5,40,4,1,1,5,4,5,7,4,4,10,5,5,2,16,1,26,3,10,1,1,7,9,1,8,1,2,,6,6,1,22,9,121.5846783,25.0650208
111,11,5,10,25,2,12內湖區,內湖區新湖一路與新湖二路口,0,0,1,2,C03,7,1,5,40,4,1,1,5,4,5,7,4,4,10,5,5,2,16,2,20,2,8,1,1,7,9,1,10,1,11,,23,6,1,22,9,121.5846783,25.0650208
111,11,5,10,27,2,06松山區,松山區撫遠街195巷與塔悠路口,0,0,1,1,B03,8,1,5,30,3,1,1,5,4,5,7,4,4,1,2,5,2,16,1,46,3,10,1,1,7,5,1,8,1,5,,6,6,1,22,9,121.5688034,25.06019698
111,11,5,10,27,2,06松山區,松山區撫遠街195巷與塔悠路口,0,0,1,2,C03,8,1,5,30,3,1,1,5,4,5,7,4,4,1,2,5,2,16,1,25,2,9,1,1,7,9,1,10,1,11,,13,6,1,22,9,121.5688034,25.06019698
111,11,5,10,27,2,07信義區,信義區忠孝東路5段與大道路口,0,0,2,1,C03,8,1,5,50,3,2,1,5,4,5,7,1,1,10,5,5,1,13,1,38,2,7,1,1,7,9,1,10,1,13,,43,43,1,22,9,121.5810757,25.0431437
111,11,5,10,27,2,07信義區,信義區忠孝東路5段與大道路口,0,0,2,2,C03,8,1,5,50,3,2,1,5,4,5,7,1,1,10,5,5,1,13,2,63,2,8,1,1,7,9,1,10,1,11,,43,43,1,22,9,121.5810757,25.0431437
111,11,5,10,30,2,09北投區,北投區承德路7段372號,0,0,1,1,B03,8,1,5,60,14,7,1,5,4,5,7,4,4,1,4,4,1,12,1,41,3,10,1,1,7,8,6,18,1,5,,7,7,1,22,9,121.5029902,25.11825254
111,11,5,10,30,2,09北投區,北投區承德路7段372號,0,0,1,2,C03,8,1,5,60,14,7,1,5,4,5,7,4,4,1,4,4,1,12,2,30,2,9,1,1,7,9,1,10,1,11,,44,7,1,22,9,121.5029902,25.11825254
111,11,5,10,35,2,12內湖區,內湖區東湖路160巷與汐湖二橋口,0,0,1,1,B03,6,1,5,50,3,2,1,4,4,5,7,2,1,5,4,5,2,17,2,50,3,10,1,1,7,9,1,6,2,1,,26,26,1,22,9,121.6172894,25.06640328
111,11,5,10,35,2,12內湖區,內湖區東湖路160巷與汐湖二橋口,0,0,1,2,C03,6,1,5,50,3,2,1,4,4,5,7,2,1,5,4,5,2,17,2,28,2,9,1,1,7,9,1,10,2,11,,44,26,1,22,9,121.6172894,25.06640328
111,11,5,11,2,2,04大安區,大安區羅斯福路4段與基隆路4段口,0,0,2,1,C03,7,1,5,50,5,1,1,4,4,5,7,2,1,1,4,5,2,13,1,24,2,9,1,4,7,9,1,10,1,11,,43,43,1,22,9,121.5373552,25.0111743
111,11,5,11,2,2,04大安區,大安區羅斯福路4段與基隆路4段口,0,0,2,2,C03,7,1,5,50,5,1,1,4,4,5,7,2,1,1,4,5,2,13,1,21,3,10,1,4,7,9,1,10,1,13,,43,43,1,22,9,121.5373552,25.0111743
111,11,5,11,2,2,04大安區,大安區羅斯福路4段與基隆路4段口,0,0,2,3,C03,7,1,5,50,5,1,1,4,4,5,7,2,1,1,4,5,2,13,1,30,2,9,1,4,7,9,1,10,1,11,,43,43,1,22,9,121.5373552,25.0111743
111,11,5,11,2,2,04大安區,大安區羅斯福路4段與基隆路4段口,0,0,2,4,,7,1,5,50,5,1,1,4,4,5,7,2,1,1,4,5,2,13,4,,4,11,3,4,7,15,7,19,11,15,,43,43,2,22,9,121.5373552,25.0111743
111,11,5,11,10,2,07信義區,信義區基隆路1段與基隆路1段35巷口口,0,0,1,1,B03,8,1,5,50,3,1,1,5,4,5,7,1,1,1,4,5,2,15,2,61,3,10,1,1,7,9,1,8,2,8,,23,23,1,22,9,121.5686297,25.04820938
111,11,5,11,10,2,07信義區,信義區基隆路1段與基隆路1段35巷口口,0,0,1,2,C03,8,1,5,50,3,1,1,5,4,5,7,1,1,1,4,5,2,15,1,68,2,8,1,1,7,9,1,10,2,12,,23,23,1,22,9,121.5686297,25.04820938
111,11,5,11,12,2,02萬華區,萬華區中華路2段與大埔街口,0,0,1,1,C04,8,1,5,50,3,2,1,5,4,5,7,1,1,8,5,5,2,17,2,32,2,9,1,1,7,15,1,10,1,11,,23,23,1,22,9,121.5047191,25.03241017
111,11,5,11,12,2,02萬華區,萬華區中華路2段與大埔街口,0,0,1,2,F01,8,1,5,50,3,2,1,5,4,5,7,1,1,8,5,5,2,17,2,45,3,10,1,1,7,13,8,20,10,16,,38,23,1,22,9,121.5047191,25.03241017
111,11,5,11,42,2,09北投區,北投區大度路1段與怡和巷口,0,0,2,1,B03,8,1,5,70,3,1,1,5,4,5,7,4,4,3,2,3,2,12,1,57,2,2,3,4,7,6,1,8,1,5,,43,43,1,22,9,121.4958353,25.12156237
111,11,5,11,42,2,09北投區,北投區大度路1段與怡和巷口,0,0,2,2,C03,8,1,5,70,3,1,1,5,4,5,7,4,4,3,2,3,2,12,1,18,2,9,3,4,7,9,1,10,1,11,,43,43,1,22,9,121.4958353,25.12156237
111,11,5,11,46,2,04大安區,大安區市民大道4段與忠孝東路4段223巷口,0,0,2,1,B03,7,1,5,40,4,2,1,4,4,5,7,4,4,9,4,5,2,17,2,27,3,10,1,1,7,11,1,8,1,5,,6,6,1,22,9,121.5533999,25.0442716
111,11,5,11,46,2,04大安區,大安區市民大道4段與忠孝東路4段223巷口,0,0,2,2,C03,7,1,5,40,4,2,1,4,4,5,7,4,4,9,4,5,2,17,2,53,2,9,1,1,7,9,1,10,1,11,,16,6,1,22,9,121.5533999,25.0442716
111,11,5,11,46,2,04大安區,大安區市民大道4段與忠孝東路4段223巷口,0,0,2,3,C03,7,1,5,40,4,2,1,4,4,5,7,4,4,9,4,5,2,17,1,51,2,9,1,1,7,9,1,10,1,13,,44,6,1,22,9,121.5533999,25.0442716
111,11,5,12,22,2,03中山區,中山區民權東路1段2號,0,0,2,1,C03,7,1,5,50,14,7,1,5,4,1,7,4,4,1,4,4,2,17,2,40,2,9,1,1,7,8,1,10,1,14,,23,23,1,22,9,121.5230234,25.0626686
111,11,5,12,22,2,03中山區,中山區民權東路1段2號,0,0,2,2,C03,7,1,5,50,14,7,1,5,4,1,7,4,4,1,4,4,2,17,1,35,2,9,1,1,7,9,1,10,1,12,,44,23,1,22,9,121.5230234,25.0626686
111,11,5,12,22,2,03中山區,中山區民權東路1段2號,0,0,2,3,,7,1,5,50,14,7,1,5,4,1,7,4,4,1,4,4,2,17,3,,,,,,,,,,,,,67,23,1,,,121.5230234,25.0626686
111,11,5,12,40,2,03中山區,中山區市民大道3段與八德路2段口,0,0,1,1,B03,8,1,5,40,4,1,1,5,4,5,7,2,1,1,4,5,2,12,1,29,3,10,3,4,7,6,1,8,1,6,,9,9,1,22,9,121.535233,25.0450664
111,11,5,12,40,2,03中山區,中山區市民大道3段與八德路2段口,0,0,1,2,C03,8,1,5,40,4,1,1,5,4,5,7,2,1,1,4,5,2,12,1,29,2,9,1,4,7,9,1,10,1,14,,13,9,1,22,9,121.535233,25.0450664
111,11,5,13,17,2,10文山區,文山區和平東路4段與萬美街1段口附近,0,0,1,1,C03,8,1,5,50,11,9,1,5,4,5,7,4,4,5,2,5,1,17,1,62,2,9,1,4,7,15,1,10,9,14,,23,23,1,22,9,121.5720294,25.00179835
111,11,5,13,17,2,10文山區,文山區和平東路4段與萬美街1段口附近,0,0,1,2,C03,8,1,5,50,11,9,1,5,4,5,7,4,4,5,2,5,1,17,1,27,3,10,1,4,7,15,1,10,9,12,,13,23,1,22,9,121.5720294,25.00179835
111,11,5,13,50,2,06松山區,松山區新東街13號,0,0,1,1,B03,8,1,5,30,4,1,1,5,4,5,7,4,4,9,4,5,2,11,2,36,3,10,1,4,7,5,1,8,1,5,,6,6,1,22,9,121.5660038,25.0582236
111,11,5,13,50,2,06松山區,松山區新東街13號,0,0,1,2,C03,8,1,5,30,4,1,1,5,4,5,7,4,4,9,4,5,2,11,1,30,2,8,1,1,7,9,1,10,1,11,,44,6,1,22,9,121.5660038,25.0582236
111,11,5,13,50,2,06松山區,松山區新東街13號,0,0,1,3,B03,8,1,5,30,4,1,1,5,4,5,7,4,4,9,4,5,2,11,1,38,3,10,1,4,7,14,1,8,1,15,,38,6,1,22,9,121.5660038,25.0582236