發生年度,發生月,發生日,發生時-Hours,發生分,處理別-編號,區序,肇事地點,死亡人數,2-30日死亡人數,受傷人數,當事人序號,車種,天候,光線,道路類別,速限-速度限制,道路型態,事故位置,路面狀況1,路面狀況2,路面狀況3,道路障礙1,道路障礙2,號誌1,號誌2,車道劃分-分向,車道劃分-分道1,車道劃分-分道2,車道劃分-分道3,事故類型及型態,性別,年齡,受傷程度,主要傷處,安全帽,行動電話,車輛用途,當事者行動狀態,駕駛資格情形,駕駛執照種類,飲酒情形,車輛撞擊部位1,車輛撞擊部位2,肇因碼-個別,肇因碼-主要,個人肇逃否,職業,旅次目的,座標-X,座標-Y
111,11,5,14,4,2,05中正區,中正區忠孝西路1段與館前路口,0,0,1,1,H01,8,1,5,50,4,1,1,5,4,5,7,1,1,1,4,5,2,6,2,27,2,8,4,5,8,18,8,20,10,16,,52,52,1,22,9,121.5149086,25.0467602
111,11,5,14,4,2,05中正區,中正區忠孝西路1段與館前路口,0,0,1,2,B03,8,1,5,50,4,1,1,5,4,5,7,1,1,1,4,5,2,6,2,51,3,10,1,1,7,9,1,8,2,5,,44,52,1,22,9,121.5149086,25.0467602
111,11,5,14,7,2,05中正區,中正區羅斯福路2段與同安街口,0,0,1,1,C03,8,1,5,50,3,2,1,5,4,5,7,1,1,3,4,5,2,17,1,20,2,9,1,1,7,9,1,10,2,11,,16,16,1,22,9,121.5233366,25.02589289
111,11,5,14,7,2,05中正區,中正區羅斯福路2段與同安街口,0,0,1,2,B01,8,1,5,50,3,2,1,5,4,5,7,1,1,3,4,5,2,17,1,60,3,10,1,1,7,8,1,4,2,6,,44,16,1,22,9,121.5233366,25.02589289
111,11,5,14,12,2,09北投區,北投區中央北路1段72號,0,0,2,1,C03,8,1,5,50,15,9,1,5,4,5,7,4,4,9,4,5,2,16,1,26,2,5,3,4,7,1,1,10,2,11,,19,19,1,22,9,121.5011561,25.13368423
111,11,5,14,12,2,09北投區,北投區中央北路1段72號,0,0,2,2,C03,8,1,5,50,15,9,1,5,4,5,7,4,4,9,4,5,2,16,1,38,2,9,3,4,7,9,1,10,2,14,,44,19,1,22,9,121.5011561,25.13368423
111,11,5,14,18,2,12內湖區,內湖區瑞光路618號前,0,0,3,1,B03,7,1,5,50,14,9,1,5,4,5,7,4,4,9,4,5,2,16,1,47,2,2,1,1,7,1,1,8,1,4,,19,19,1,22,9,121.5653809,25.08066868
111,11,5,14,18,2,12內湖區,內湖區瑞光路618號前,0,0,3,2,C03,7,1,5,50,14,9,1,5,4,5,7,4,4,9,4,5,2,16,1,24,2,7,1,1,7,9,1,10,1,11,,44,19,1,22,9,121.5653809,25.08066868
111,11,5,14,18,2,12內湖區,內湖區瑞光路618號前,0,0,3,3,H02,7,1,5,50,14,9,1,5,4,5,7,4,4,9,4,5,2,16,2,25,2,8,1,5,7,20,8,20,10,16,,67,19,1,22,9,121.5653809,25.08066868
111,11,5,14,20,2,12內湖區,內湖區民權東路6段210巷47弄與民權東路6段220巷口口,0,0,2,1,C03,8,1,5,30,3,1,1,5,4,5,7,4,4,10,5,5,2,16,1,24,3,10,1,1,7,5,1,10,2,14,,8,8,1,22,9,121.598626,25.06620423
111,11,5,14,20,2,12內湖區,內湖區民權東路6段210巷47弄與民權東路6段220巷口口,0,0,2,2,C03,8,1,5,30,3,1,1,5,4,5,7,4,4,10,5,5,2,16,1,31,2,8,1,1,7,5,1,10,2,11,,23,8,1,22,9,121.598626,25.06620423
111,11,5,14,20,2,12內湖區,內湖區民權東路6段210巷47弄與民權東路6段220巷口口,0,0,2,3,H02,8,1,5,30,3,1,1,5,4,5,7,4,4,10,5,5,2,16,2,24,2,9,1,5,7,20,8,20,10,16,,67,8,1,22,9,121.598626,25.06620423
111,11,5,14,33,2,08士林區,士林區延平北路7段106巷與延平北路7段口堤防道路,0,0,2,1,C03,7,1,5,30,3,2,1,5,4,5,7,4,4,10,5,5,2,17,1,42,3,10,1,1,7,5,1,10,1,14,,8,8,1,21,8,121.4961252,25.10161627
111,11,5,14,33,2,08士林區,士林區延平北路7段106巷與延平北路7段口堤防道路,0,0,2,2,C03,7,1,5,30,3,2,1,5,4,5,7,4,4,10,5,5,2,17,1,55,2,8,1,1,7,9,1,10,1,11,,13,8,1,21,8,121.4961252,25.10161627
111,11,5,14,33,2,08士林區,士林區延平北路7段106巷與延平北路7段口堤防道路,0,0,2,3,H02,7,1,5,30,3,2,1,5,4,5,7,4,4,10,5,5,2,17,2,37,2,8,1,1,7,20,8,20,10,16,,67,8,1,21,8,121.4961252,25.10161627
111,11,5,14,34,2,02萬華區,萬華區忠孝橋往台北市機車專用道,0,0,3,1,C03,7,1,7,50,8,11,1,5,4,5,7,4,4,6,1,5,2,13,2,24,2,8,1,3,7,9,1,10,1,11,,23,23,1,22,9,121.5064891,25.04883542
111,11,5,14,34,2,02萬華區,萬華區忠孝橋往台北市機車專用道,0,0,3,2,C03,7,1,7,50,8,11,1,5,4,5,7,4,4,6,1,5,2,13,1,37,2,9,1,1,7,14,1,9,1,13,,44,23,1,22,9,121.5064891,25.04883542
111,11,5,14,34,2,02萬華區,萬華區忠孝橋往台北市機車專用道,0,0,3,3,H02,7,1,7,50,8,11,1,5,4,5,7,4,4,6,1,5,2,13,2,23,2,8,1,1,7,20,8,20,10,16,,67,23,1,22,9,121.5064891,25.04883542
111,11,5,14,35,2,03中山區,中山區樂群二路與植福路口,0,0,1,1,C03,8,1,5,50,4,1,1,5,4,5,7,1,1,1,3,5,1,17,2,55,2,9,1,1,7,9,1,10,1,13,,44,44,1,22,9,121.5618872,25.0800004
111,11,5,14,35,2,03中山區,中山區樂群二路與植福路口,0,0,1,2,B03,8,1,5,50,4,1,1,5,4,5,7,1,1,1,3,5,1,17,2,51,3,10,1,1,7,9,1,8,1,1,,23,44,1,22,9,121.5618872,25.0800004
111,11,5,14,39,2,07信義區,信義區基隆路2段與光復南路口口,0,0,1,1,B12,8,1,5,50,4,1,1,5,4,5,7,2,1,1,4,5,1,16,1,61,3,10,3,4,7,7,1,8,1,7,,7,7,1,22,9,121.5578176,25.0300264
111,11,5,14,39,2,07信義區,信義區基隆路2段與光復南路口口,0,0,1,2,C03,8,1,5,50,4,1,1,5,4,5,7,2,1,1,4,5,1,16,1,23,2,9,3,4,7,9,1,10,1,11,,13,7,1,22,9,121.5578176,25.0300264
111,11,5,14,55,2,09北投區,北投區承德路6段335號與文承路口北往南,0,0,1,1,C03,8,1,5,50,4,2,1,5,4,5,7,1,1,9,4,4,1,12,1,19,3,10,1,1,7,9,1,10,1,11,,43,43,1,22,9,121.5118749,25.10486357
111,11,5,14,55,2,09北投區,北投區承德路6段335號與文承路口北往南,0,0,1,2,C03,8,1,5,50,4,2,1,5,4,5,7,1,1,9,4,4,1,12,1,18,3,10,1,1,7,9,1,10,1,13,,43,43,1,22,9,121.5118749,25.10486357
111,11,5,14,55,2,09北投區,北投區承德路6段335號與文承路口北往南,0,0,1,3,C03,8,1,5,50,4,2,1,5,4,5,7,1,1,9,4,4,1,12,1,19,2,8,1,1,7,9,1,10,1,11,,43,43,1,22,9,121.5118749,25.10486357
111,11,5,15,8,2,10文山區,文山區忠順街1段與忠順街1段9巷口,0,0,1,1,F01,8,1,5,30,3,1,1,5,4,5,7,3,1,5,2,5,2,12,1,71,2,1,1,1,7,5,8,20,2,16,,44,44,1,22,9,121.5570375,24.9836028
111,11,5,15,8,2,10文山區,文山區忠順街1段與忠順街1段9巷口,0,0,1,2,C03,8,1,5,30,3,1,1,5,4,5,7,3,1,5,2,5,2,12,2,42,3,10,1,4,7,9,1,10,2,15,,26,44,1,22,9,121.5570375,24.9836028
111,11,5,15,25,2,06松山區,松山區民生東路4段與光復北路口,0,0,1,1,B03,8,1,5,50,4,1,1,5,4,5,7,2,1,1,3,5,2,11,1,28,3,10,1,1,7,5,1,8,1,6,,6,6,1,22,9,121.5552288,25.0583116
111,11,5,15,25,2,06松山區,松山區民生東路4段與光復北路口,0,0,1,2,C03,8,1,5,50,4,1,1,5,4,5,7,2,1,1,3,5,2,11,1,21,2,9,1,1,7,9,1,10,1,11,,44,6,1,22,9,121.5552288,25.0583116
111,11,5,15,30,2,10文山區,文山區景文街108號,0,0,1,1,F01,8,1,5,40,14,8,1,5,4,5,7,4,4,5,5,4,2,9,1,15,3,10,1,1,7,9,8,20,2,16,,23,23,1,22,9,121.5408737,24.9895875
111,11,5,15,30,2,10文山區,文山區景文街108號,0,0,1,2,H01,8,1,5,40,14,8,1,5,4,5,7,4,4,5,5,4,2,9,1,46,2,5,4,5,8,16,8,20,10,16,,51,23,1,22,9,121.5408737,24.9895875
111,11,5,15,55,2,03中山區,中山區民權東路2段144號,0,0,1,1,C03,8,1,5,50,14,9,1,5,4,5,7,4,4,3,4,5,2,13,1,48,2,9,1,1,7,9,1,9,1,11,,16,16,1,22,9,121.5339741,25.06237868
111,11,5,15,55,2,03中山區,中山區民權東路2段144號,0,0,1,2,B03,8,1,5,50,14,9,1,5,4,5,7,4,4,3,4,5,2,13,1,28,3,10,1,1,7,9,1,8,1,3,,44,16,1,22,9,121.5339741,25.06237868
111,11,5,16,10,2,10文山區,文山區羅斯福路5段250號,0,0,2,1,C03,8,1,5,50,14,9,1,5,4,5,7,4,4,1,4,5,2,16,1,22,2,9,1,1,7,8,1,10,8,11,,21,21,1,22,9,121.5391987,25.00110534
111,11,5,16,10,2,10文山區,文山區羅斯福路5段250號,0,0,2,2,C03,8,1,5,50,14,9,1,5,4,5,7,4,4,1,4,5,2,16,2,41,2,9,1,1,7,9,1,10,2,13,,44,21,1,22,9,121.5391987,25.00110534
111,11,5,16,10,2,10文山區,文山區羅斯福路5段250號,0,0,2,3,C03,8,1,5,50,14,9,1,5,4,5,7,4,4,1,4,5,2,16,1,41,3,10,3,4,7,13,1,10,11,12,,44,21,1,22,9,121.5391987,25.00110534
111,11,5,16,10,2,10文山區,文山區羅斯福路5段250號,0,0,2,4,C03,8,1,5,50,14,9,1,5,4,5,7,4,4,1,4,5,2,16,2,20,3,10,3,4,7,13,1,10,11,12,,44,21,1,22,9,121.5391987,25.00110534
111,11,5,16,16,2,02萬華區,萬華區桂林路與柳州街口,0,0,1,1,C03,6,1,5,50,4,1,1,4,4,5,7,1,1,4,3,5,2,11,1,45,3,10,1,1,7,5,1,10,1,12,,8,8,1,22,9,121.5051655,25.0377546
111,11,5,16,16,2,02萬華區,萬華區桂林路與柳州街口,0,0,1,2,C03,6,1,5,50,4,1,1,4,4,5,7,1,1,4,3,5,2,11,2,20,2,9,1,1,7,9,1,10,1,14,,23,8,1,22,9,121.5051655,25.0377546
111,11,5,16,38,2,02萬華區,萬華區堤外便道自行車道(華中013),0,0,1,1,F01,7,1,8,0,15,22,1,5,4,5,7,4,4,8,5,5,2,12,2,28,3,10,1,1,7,4,8,20,2,16,,23,23,1,22,9,121.5004837,25.01485252
111,11,5,16,38,2,02萬華區,萬華區堤外便道自行車道(華中013),0,0,1,2,F01,7,1,8,0,15,22,1,5,4,5,7,4,4,8,5,5,2,12,2,64,2,9,1,1,7,9,8,20,2,16,,44,23,1,22,9,121.5004837,25.01485252
111,11,5,17,17,2,11南港區,南港區市民大道8段與市民大道8段無名巷口,0,0,1,1,B03,6,3,5,50,3,2,1,4,4,5,7,2,1,3,3,5,2,16,1,66,3,10,3,4,7,5,1,8,1,8,,6,6,1,22,9,121.6002656,25.0520577
111,11,5,17,17,2,11南港區,南港區市民大道8段與市民大道8段無名巷口,0,0,1,2,C03,6,3,5,50,3,2,1,4,4,5,7,2,1,3,3,5,2,16,1,18,3,10,3,4,7,9,1,10,1,14,,13,6,1,22,9,121.6002656,25.0520577
111,11,5,17,17,2,11南港區,南港區市民大道8段與市民大道8段無名巷口,0,0,1,3,H02,6,3,5,50,3,2,1,4,4,5,7,2,1,3,3,5,2,16,2,19,2,8,4,5,7,20,8,20,10,16,,67,6,1,22,9,121.6002656,25.0520577
111,11,5,17,47,2,12內湖區,內湖區內湖路1段與港墘路口圓環東南角,0,0,2,1,B12,7,3,5,30,3,1,1,5,4,5,7,4,4,1,4,4,2,12,1,64,3,10,1,1,7,7,1,8,2,4,,7,7,1,22,9,121.5773089,25.07917769
111,11,5,17,47,2,12內湖區,內湖區內湖路1段與港墘路口圓環東南角,0,0,2,2,C02,7,3,5,30,3,1,1,5,4,5,7,4,4,1,4,4,2,12,1,19,2,9,1,1,7,9,4,10,2,12,,42,7,1,22,9,121.5773089,25.07917769
111,11,5,17,47,2,12內湖區,內湖區內湖路1段與港墘路口圓環東南角,0,0,2,3,C02,7,3,5,30,3,1,1,5,4,5,7,4,4,1,4,4,2,12,1,19,2,9,1,1,7,9,4,10,2,15,,42,7,1,22,9,121.5773089,25.07917769
111,11,5,17,48,2,08士林區,士林區中正路與雨農路口,0,0,1,1,B03,8,1,5,50,4,1,1,5,4,5,7,2,1,5,4,5,2,13,1,56,3,10,3,4,7,9,1,8,1,8,,23,23,1,22,9,121.5322949,25.09661698
111,11,5,17,48,2,08士林區,士林區中正路與雨農路口,0,0,1,2,C03,8,1,5,50,4,1,1,5,4,5,7,2,1,5,4,5,2,13,2,25,3,10,3,4,7,14,1,10,1,13,,42,23,1,22,9,121.5322949,25.09661698
111,11,5,17,48,2,08士林區,士林區中正路與雨農路口,0,0,1,3,H02,8,1,5,50,4,1,1,5,4,5,7,2,1,5,4,5,2,13,2,28,2,5,4,5,7,20,8,20,10,16,,67,23,1,22,9,121.5322949,25.09661698
111,11,5,17,50,2,01大同區,大同區重慶北路2段與保安街口,0,0,1,1,C03,8,3,5,50,4,2,1,5,4,5,7,1,1,9,4,5,2,16,1,52,2,9,1,4,7,5,1,10,1,11,,8,,1,22,9,121.5135681,25.0592374
111,11,5,17,50,2,01大同區,大同區重慶北路2段與保安街口,0,0,1,2,B03,8,3,5,50,4,2,1,5,4,5,7,1,1,9,4,5,2,16,1,58,3,10,3,4,7,9,1,8,1,8,,44,,1,22,9,121.5135681,25.0592374
111,11,5,17,53,2,07信義區,信義區基隆路2段155號,0,0,2,1,C03,6,3,5,50,14,9,1,4,4,5,7,1,1,1,4,5,2,13,1,21,2,8,3,4,7,7,1,10,1,11,,23,23,1,22,9,121.5542954,25.0258421
111,11,5,17,53,2,07信義區,信義區基隆路2段155號,0,0,2,2,C03,6,3,5,50,14,9,1,4,4,5,7,1,1,1,4,5,2,13,1,19,2,8,3,4,7,9,1,10,1,13,,44,23,1,22,9,121.5542954,25.0258421
111,11,5,17,55,2,11南港區,南港區重陽路120號,0,0,1,1,B03,7,1,5,50,14,9,1,5,4,5,7,3,1,5,4,5,2,16,2,38,3,10,1,1,7,1,1,8,1,5,,6,6,1,22,9,121.5997747,25.05688456
111,11,5,17,55,2,11南港區,南港區重陽路120號,0,0,1,2,C03,7,1,5,50,14,9,1,5,4,5,7,3,1,5,4,5,2,16,2,33,2,9,1,1,7,9,1,10,1,12,,14,6,1,22,9,121.5997747,25.05688456
111,11,5,18,6,2,04大安區,大安區仁愛路4段37-12號,0,0,1,1,B02,7,3,5,50,14,9,1,5,4,5,7,4,4,10,5,5,2,13,1,59,3,10,1,1,7,5,1,8,1,15,,8,8,1,22,9,121.5465042,25.03814829
111,11,5,18,6,2,04大安區,大安區仁愛路4段37-12號,0,0,1,2,C03,7,3,5,50,14,9,1,5,4,5,7,4,4,10,5,5,2,13,2,29,2,8,1,1,7,12,1,10,1,13,,44,8,1,22,9,121.5465042,25.03814829
111,11,5,18,6,2,04大安區,大安區仁愛路4段37-12號,0,0,1,3,C03,7,3,5,50,14,9,1,5,4,5,7,4,4,10,5,5,2,13,1,25,3,10,1,1,7,9,1,10,1,11,,23,8,1,22,9,121.5465042,25.03814829
111,11,5,18,21,2,02萬華區,萬華區艋舺大道與艋舺大道86巷口,0,0,1,1,C03,6,3,5,30,3,1,1,4,4,5,7,4,4,10,5,5,2,17,1,46,3,10,1,1,7,6,1,10,1,11,,17,17,1,22,9,121.5031699,25.03334094
111,11,5,18,21,2,02萬華區,萬華區艋舺大道與艋舺大道86巷口,0,0,1,2,C03,6,3,5,30,3,1,1,4,4,5,7,4,4,10,5,5,2,17,2,31,2,9,1,1,7,6,1,10,1,11,,44,17,1,22,9,121.5031699,25.03334094
111,11,5,18,31,2,04大安區,大安區忠孝東路4段與忠孝東路4段181巷口,0,0,2,1,C03,6,3,5,50,3,1,1,4,4,5,7,2,1,1,4,5,2,17,1,28,2,9,1,1,7,6,1,10,1,13,,44,44,1,22,9,121.5508584,25.041577
111,11,5,18,31,2,04大安區,大安區忠孝東路4段與忠孝東路4段181巷口,0,0,2,2,C03,6,3,5,50,3,1,1,4,4,5,7,2,1,1,4,5,2,17,1,39,2,8,1,1,7,6,1,10,1,11,,9,44,1,22,9,121.5508584,25.041577
111,11,5,18,33,2,08士林區,士林區天母北路與天母北路4巷口,0,0,1,1,C03,7,3,5,50,3,2,1,5,4,5,7,4,4,9,5,5,2,3,1,23,3,10,1,1,7,9,1,10,1,11,,23,23,1,22,9,121.5262607,25.11899307
111,11,5,18,33,2,08士林區,士林區天母北路與天母北路4巷口,0,0,1,2,H01,7,3,5,50,3,2,1,5,4,5,7,4,4,9,5,5,2,3,2,68,2,9,4,5,8,16,8,20,10,16,,51,23,1,22,9,121.5262607,25.11899307
111,11,5,19,31,2,08士林區,士林區中山北路5段與至誠路2段口,0,0,1,1,B03,7,3,5,0,4,1,1,5,4,1,7,3,1,5,5,5,2,17,1,52,3,10,1,1,7,5,1,8,2,4,,6,6,1,22,9,121.5266652,25.10106424
111,11,5,19,31,2,08士林區,士林區中山北路5段與至誠路2段口,0,0,1,2,C03,7,3,5,0,4,1,1,5,4,1,7,3,1,5,5,5,2,17,1,27,2,8,1,1,7,9,1,10,2,14,,14,6,1,22,9,121.5266652,25.10106424
111,11,5,19,34,2,06松山區,松山區八德路4段與松山路口,0,0,1,1,C03,7,3,5,40,4,1,1,4,4,5,7,1,1,1,4,5,1,12,2,20,2,9,1,1,7,9,3,18,2,11,,23,23,1,22,9,121.5776546,25.05004266
111,11,5,19,34,2,06松山區,松山區八德路4段與松山路口,0,0,1,2,B03,7,3,5,40,4,1,1,4,4,5,7,1,1,1,4,5,1,12,1,57,3,10,1,1,7,6,1,8,2,2,,9,23,1,22,9,121.5776546,25.05004266
111,11,5,19,40,2,12內湖區,內湖區瑞光路與陽光街口,0,0,1,1,B03,6,3,5,50,4,1,1,4,4,5,7,2,1,5,4,5,1,3,1,40,3,10,1,1,7,5,1,8,1,8,,15,,1,22,9,121.5791877,25.07371811
111,11,5,19,40,2,12內湖區,內湖區瑞光路與陽光街口,0,0,1,2,H01,6,3,5,50,4,1,1,4,4,5,7,2,1,5,4,5,1,3,1,72,2,8,4,5,8,16,8,20,10,16,,52,,1,22,9,121.5791877,25.07371811
111,11,5,21,20,2,07信義區,信義區基隆路1段25號,0,0,1,1,C03,7,3,5,50,14,9,1,5,4,5,7,1,1,1,4,5,2,16,2,62,2,7,1,1,7,7,1,10,2,13,,7,7,1,22,9,121.5691868,25.0488011
111,11,5,21,20,2,07信義區,信義區基隆路1段25號,0,0,1,2,B03,7,3,5,50,14,9,1,5,4,5,7,1,1,1,4,5,2,16,2,21,3,10,1,1,7,9,1,8,2,5,,44,7,1,22,9,121.5691868,25.0488011
111,11,5,21,20,2,07信義區,信義區基隆路1段25號,0,0,1,3,B03,7,3,5,50,14,9,1,5,4,5,7,1,1,1,4,5,2,16,1,38,3,10,1,1,7,9,1,8,2,4,,44,7,1,22,9,121.5691868,25.0488011
111,11,5,21,40,2,02萬華區,萬華區桂林路與康定路口,0,0,2,1,C03,7,3,5,50,4,1,1,5,4,5,7,2,1,5,4,5,2,17,2,21,2,9,1,1,7,5,1,10,1,14,,8,8,1,22,9,121.501789,25.03842918
111,11,5,21,40,2,02萬華區,萬華區桂林路與康定路口,0,0,2,2,C03,7,3,5,50,4,1,1,5,4,5,7,2,1,5,4,5,2,17,1,20,3,10,1,1,7,9,1,10,1,11,,44,8,1,22,9,121.501789,25.03842918
111,11,5,21,40,2,02萬華區,萬華區桂林路與康定路口,0,0,2,3,H02,7,3,5,50,4,1,1,5,4,5,7,2,1,5,4,5,2,17,2,21,2,9,1,5,7,21,8,20,10,15,,67,8,1,22,9,121.501789,25.03842918
111,11,5,22,10,2,08士林區,士林區文林路197號,0,0,1,1,C03,7,3,5,50,14,9,1,5,4,5,7,4,4,5,5,5,2,17,1,25,2,9,1,1,7,9,3,18,1,12,,23,23,1,22,9,121.5270106,25.0898066
111,11,5,22,10,2,08士林區,士林區文林路197號,0,0,1,2,B03,7,3,5,50,14,9,1,5,4,5,7,4,4,5,5,5,2,17,2,26,3,10,3,4,7,14,1,8,1,4,,38,23,1,22,9,121.5270106,25.0898066
111,11,5,22,43,2,04大安區,大安區和平東路1段與羅斯福路2段口,0,0,1,1,C03,8,3,5,50,4,1,1,5,4,5,7,2,1,1,4,5,2,15,1,25,2,9,3,4,7,9,1,10,2,11,,25,25,1,22,9,121.5226035,25.0271146
111,11,5,22,43,2,04大安區,大安區和平東路1段與羅斯福路2段口,0,0,1,2,B03,8,3,5,50,4,1,1,5,4,5,7,2,1,1,4,5,2,15,1,30,3,10,3,4,7,9,1,8,2,4,,44,25,1,22,9,121.5226035,25.0271146
111,11,5,22,52,2,08士林區,士林區福林路與至善路1段口,0,0,1,2,C03,7,3,5,50,3,1,1,5,4,5,7,1,1,5,4,5,2,11,2,55,2,9,1,1,7,9,1,10,1,11,,44,8,1,22,9,121.5363878,25.09928879
111,11,5,22,52,2,08士林區,士林區福林路與至善路1段口,0,0,1,1,B03,7,3,5,50,3,1,1,5,4,5,7,1,1,5,4,5,2,11,1,20,3,10,1,1,7,5,1,8,1,2,,8,8,1,22,9,121.5363878,25.09928879
111,11,5,23,12,2,08士林區,士林區華齡街與承德路4段40巷口,0,0,1,1,C03,8,1,5,50,4,1,1,5,4,5,7,4,4,5,5,5,2,17,1,39,3,10,1,1,7,5,7,19,11,15,,8,43,1,22,9,121.5196004,25.0821423
111,11,5,23,12,2,08士林區,士林區華齡街與承德路4段40巷口,0,0,1,2,C03,8,1,5,50,4,1,1,5,4,5,7,4,4,5,5,5,2,17,1,32,2,9,1,1,7,9,1,10,1,14,,44,43,1,22,9,121.5196004,25.0821423
111,11,5,23,20,2,03中山區,中山區長安東路1段58號,0,0,1,1,C03,7,3,5,50,15,9,1,5,4,5,7,4,4,5,4,5,1,17,1,69,2,9,1,1,7,7,3,18,2,14,,7,7,1,22,9,121.5291565,25.048235
111,11,5,23,20,2,03中山區,中山區長安東路1段58號,0,0,1,2,B01,7,3,5,50,15,9,1,5,4,5,7,4,4,5,4,5,1,17,1,66,3,10,1,1,7,9,1,4,2,2,,44,7,1,22,9,121.5291565,25.048235
111,11,6,0,40,2,06松山區,松山區八德路4段與松山路口,0,0,1,1,B03,7,3,5,50,4,1,1,5,4,5,7,2,1,1,3,5,2,11,1,57,3,10,1,1,7,5,1,4,1,6,,25,25,1,22,9,121.5776492,25.050003
111,11,6,0,40,2,06松山區,松山區八德路4段與松山路口,0,0,1,2,C03,7,3,5,50,4,1,1,5,4,5,7,2,1,1,3,5,2,11,1,31,2,9,1,1,7,9,1,10,1,11,,13,25,1,22,9,121.5776492,25.050003
111,11,6,1,45,2,03中山區,中山區北安路771號,0,0,1,1,C03,7,3,5,40,14,8,1,5,4,3,5,4,4,1,4,4,2,13,2,30,2,1,1,1,7,9,1,10,1,11,,23,23,1,22,9,121.5533149,25.0857572
111,11,6,1,45,2,03中山區,中山區北安路771號,0,0,1,2,B03,7,3,5,40,14,8,1,5,4,3,5,4,4,1,4,4,2,13,1,32,3,10,1,1,7,13,1,8,1,3,,42,23,1,22,9,121.5533149,25.0857572
111,11,6,2,51,2,01大同區,大同區鄭州路與環河北路1段口,0,0,1,1,C03,8,3,5,50,5,1,1,5,4,5,7,4,4,5,2,5,2,17,1,26,2,9,1,1,7,9,1,10,2,11,,23,23,1,22,9,121.5068465,25.05067591
111,11,6,2,51,2,01大同區,大同區鄭州路與環河北路1段口,0,0,1,2,B03,8,3,5,50,5,1,1,5,4,5,7,4,4,5,2,5,2,17,1,71,3,10,1,1,7,5,1,8,2,8,,44,23,1,22,9,121.5068465,25.05067591
111,11,6,6,10,2,02萬華區,萬華區西園路2段320巷與艋舺大道口,0,0,1,1,B12,8,2,5,50,4,2,1,4,4,5,7,1,1,8,3,5,1,17,4,,4,11,3,4,7,15,7,19,11,15,,43,43,2,22,9,121.490911,25.0281634
111,11,6,6,10,2,02萬華區,萬華區西園路2段320巷與艋舺大道口,0,0,1,2,C03,8,2,5,50,4,2,1,4,4,5,7,1,1,8,3,5,1,17,1,63,2,9,1,1,7,9,1,10,11,12,,43,43,1,22,9,121.490911,25.0281634
111,11,6,7,18,2,06松山區,松山區觀山河濱公園基隆河左岸15.5KM,0,0,2,2,H01,7,1,8,0,15,22,1,5,4,5,7,4,4,10,5,5,2,9,1,36,2,9,4,5,8,18,8,20,10,16,,67,23,1,22,9,121.5689958,25.06258309
111,11,6,7,18,2,06松山區,松山區觀山河濱公園基隆河左岸15.5KM,0,0,2,1,F01,7,1,8,0,15,22,1,5,4,5,7,4,4,10,5,5,2,9,1,45,2,9,1,1,7,9,8,20,1,16,,23,23,1,22,9,121.5689958,25.06258309
111,11,6,7,37,2,06松山區,松山區塔悠路與八德路4段口,0,0,1,1,B12,7,1,5,50,5,1,1,5,4,5,7,1,1,10,3,5,1,16,1,38,3,10,3,4,7,9,1,8,2,2,,17,6,1,22,9,121.5722033,25.04989569
111,11,6,7,37,2,06松山區,松山區塔悠路與八德路4段口,0,0,1,2,C03,7,1,5,50,5,1,1,5,4,5,7,1,1,10,3,5,1,16,1,71,2,9,1,4,7,5,1,10,2,14,,17,6,1,22,9,121.5722033,25.04989569
111,11,6,7,50,2,08士林區,士林區天母西路51號,0,0,1,1,B01,8,1,5,50,14,9,1,5,4,5,7,4,4,9,4,5,1,16,1,51,3,10,1,1,7,11,1,4,1,6,,26,26,1,22,9,121.529608,25.118878
111,11,6,7,50,2,08士林區,士林區天母西路51號,0,0,1,2,C03,8,1,5,50,14,9,1,5,4,5,7,4,4,9,4,5,1,16,1,21,2,9,1,1,7,9,1,10,1,11,,23,26,1,22,9,121.529608,25.118878
111,11,6,9,12,2,02萬華區,萬華區西昌街與長沙街2段口,0,0,1,1,B03,8,1,5,50,4,1,1,5,4,5,7,2,1,5,5,5,2,2,2,35,3,10,1,4,7,5,1,8,1,1,,15,15,1,22,9,121.5007519,25.04089174
111,11,6,9,12,2,02萬華區,萬華區西昌街與長沙街2段口,0,0,1,2,H01,8,1,5,50,4,1,1,5,4,5,7,2,1,5,5,5,2,2,2,83,2,1,4,5,8,16,8,20,10,16,,67,15,1,22,9,121.5007519,25.04089174
111,11,6,9,22,2,03中山區,中山區圓山河濱公園自行車道大直橋下西側公廁處,0,0,2,1,H01,8,1,5,0,14,9,1,5,4,5,7,4,4,9,5,5,1,3,1,38,2,1,4,5,8,16,8,20,10,16,,53,53,1,22,9,121.5439743,25.07729591
111,11,6,9,22,2,03中山區,中山區圓山河濱公園自行車道大直橋下西側公廁處,0,0,2,2,F01,8,1,5,0,14,9,1,5,4,5,7,4,4,9,5,5,1,3,1,46,2,9,1,1,7,9,8,20,2,16,,23,53,2,22,9,121.5439743,25.07729591
111,11,6,10,0,2,12內湖區,內湖區康寧路3段99巷與康寧路3段99巷12弄口,0,0,2,1,B12,8,1,5,30,4,2,1,5,4,5,7,4,4,10,5,5,2,17,1,53,3,10,1,1,7,9,1,8,2,8,,6,6,1,22,9,121.6106688,25.07268064
111,11,6,10,0,2,12內湖區,內湖區康寧路3段99巷與康寧路3段99巷12弄口,0,0,2,2,C03,8,1,5,30,4,2,1,5,4,5,7,4,4,10,5,5,2,17,1,80,2,9,1,1,7,9,1,10,2,11,,13,6,1,22,9,121.6106688,25.07268064