發生年度,發生月,發生日,發生時-Hours,發生分,處理別-編號,區序,肇事地點,死亡人數,2-30日死亡人數,受傷人數,當事人序號,車種,天候,光線,道路類別,速限-速度限制,道路型態,事故位置,路面狀況1,路面狀況2,路面狀況3,道路障礙1,道路障礙2,號誌1,號誌2,車道劃分-分向,車道劃分-分道1,車道劃分-分道2,車道劃分-分道3,事故類型及型態,性別,年齡,受傷程度,主要傷處,安全帽,行動電話,車輛用途,當事者行動狀態,駕駛資格情形,駕駛執照種類,飲酒情形,車輛撞擊部位1,車輛撞擊部位2,肇因碼-個別,肇因碼-主要,個人肇逃否,職業,旅次目的,座標-X,座標-Y
111,11,6,10,0,2,12內湖區,內湖區康寧路3段99巷與康寧路3段99巷12弄口,0,0,2,3,H02,8,1,5,30,4,2,1,5,4,5,7,4,4,10,5,5,2,17,2,73,2,9,1,5,7,20,8,20,10,16,,67,6,1,22,9,121.6106688,25.07268064
111,11,6,10,13,2,02萬華區,萬華區西園路2段67-1號,0,0,1,1,C03,7,1,5,50,14,9,1,5,4,5,7,1,1,1,4,5,2,13,2,26,2,9,1,1,7,9,1,10,1,11,,23,23,1,22,9,121.4968037,25.03091263
111,11,6,10,13,2,02萬華區,萬華區西園路2段67-1號,0,0,1,2,B03,7,1,5,50,14,9,1,5,4,5,7,1,1,1,4,5,2,13,2,58,3,10,1,1,7,9,1,8,1,6,,44,23,1,22,9,121.4968037,25.03091263
111,11,6,10,30,2,06松山區,松山區撫遠街435號,0,0,1,1,B01,7,1,5,50,11,9,1,5,4,5,7,4,4,1,3,4,2,12,1,67,3,10,3,4,7,8,1,4,1,15,,7,7,1,22,9,121.5680362,25.07015374
111,11,6,10,30,2,06松山區,松山區撫遠街435號,0,0,1,2,C03,7,1,5,50,11,9,1,5,4,5,7,4,4,1,3,4,2,12,2,28,2,9,3,4,7,9,1,10,1,14,,13,7,1,22,9,121.5680362,25.07015374
111,11,6,10,45,2,05中正區,中正區寧波西街與南昌路1段口,0,0,1,1,C03,8,1,5,50,4,2,1,5,4,5,7,2,1,6,4,5,1,12,2,71,2,9,1,1,7,5,4,8,1,13,,8,8,1,22,9,121.5186832,25.029461
111,11,6,10,45,2,05中正區,中正區寧波西街與南昌路1段口,0,0,1,2,B02,8,1,5,50,4,2,1,5,4,5,7,2,1,6,4,5,1,12,2,38,3,10,1,1,7,9,1,8,1,5,,44,8,1,22,9,121.5186832,25.029461
111,11,6,11,5,2,04大安區,大安區延吉街131巷19號,0,0,1,1,B03,8,1,5,30,4,1,1,5,4,5,7,4,4,10,5,5,2,15,1,69,3,10,1,1,7,9,1,8,1,6,,6,6,1,22,9,121.5550483,25.0428473
111,11,6,11,5,2,04大安區,大安區延吉街131巷19號,0,0,1,2,C03,8,1,5,30,4,1,1,5,4,5,7,4,4,10,5,5,2,15,1,32,2,9,1,1,7,9,1,10,1,11,,23,6,1,22,9,121.5550483,25.0428473
111,11,6,11,30,2,03中山區,中山區濱江街180巷與松江路581巷口,0,0,1,1,C03,8,1,5,30,3,2,1,5,4,5,7,4,4,9,5,5,2,13,1,49,2,7,3,4,7,9,6,10,1,11,,23,23,1,22,9,121.5384888,25.0699859
111,11,6,11,30,2,03中山區,中山區濱江街180巷與松江路581巷口,0,0,1,2,B02,8,1,5,30,3,2,1,5,4,5,7,4,4,9,5,5,2,13,1,53,3,10,3,4,7,14,1,8,1,6,,44,23,1,22,9,121.5384888,25.0699859
111,11,6,11,30,2,10文山區,文山區木新路2段與指南路1段口,0,0,2,1,C03,8,1,5,50,14,11,1,5,4,5,7,1,1,5,2,5,2,16,2,46,2,9,1,1,7,5,1,10,2,12,14,8,8,1,22,9,121.5705793,24.9877657
111,11,6,11,30,2,10文山區,文山區木新路2段與指南路1段口,0,0,2,2,C03,8,1,5,50,14,11,1,5,4,5,7,1,1,5,2,5,2,16,1,47,2,7,1,1,7,9,4,8,2,11,14,44,8,1,22,9,121.5705793,24.9877657
111,11,6,11,59,2,07信義區,信義區松山路439號,0,0,2,1,C03,8,1,5,50,14,9,1,5,4,5,7,4,4,2,4,5,2,17,1,43,2,9,1,1,7,7,1,10,2,14,,6,6,1,22,9,121.5773704,25.0402104
111,11,6,11,59,2,07信義區,信義區松山路439號,0,0,2,2,C03,8,1,5,50,14,9,1,5,4,5,7,4,4,2,4,5,2,17,2,51,2,9,1,1,7,9,1,10,2,11,,23,6,1,22,9,121.5773704,25.0402104
111,11,6,12,0,2,10文山區,文山區指南路3段34巷與指南路3段38巷口,0,0,1,1,A02,8,1,5,30,17,9,2,5,3,5,7,4,4,10,5,5,2,17,1,58,3,10,3,4,7,3,1,2,1,3,,44,44,1,22,9,121.5830776,24.96865346
111,11,6,12,0,2,10文山區,文山區指南路3段34巷與指南路3段38巷口,0,0,1,2,C03,8,1,5,30,17,9,2,5,3,5,7,4,4,10,5,5,2,17,1,59,3,10,1,4,7,6,1,10,1,12,,42,44,1,22,9,121.5830776,24.96865346
111,11,6,12,0,2,10文山區,文山區指南路3段34巷與指南路3段38巷口,0,0,1,3,H02,8,1,5,30,17,9,2,5,3,5,7,4,4,10,5,5,2,17,2,53,2,8,1,5,7,17,8,20,10,16,,67,44,1,22,9,121.5830776,24.96865346
111,11,6,12,16,2,08士林區,士林區忠義街與忠誠路1段173巷口,0,0,1,1,C03,8,1,5,40,4,2,1,5,4,5,7,3,1,10,5,5,1,16,2,30,2,9,1,1,7,9,1,10,1,11,,23,23,1,22,9,121.53275,25.10860294
111,11,6,12,16,2,08士林區,士林區忠義街與忠誠路1段173巷口,0,0,1,2,B02,8,1,5,40,4,2,1,5,4,5,7,3,1,10,5,5,1,16,1,34,3,10,1,1,7,9,1,8,1,6,,44,23,1,22,9,121.53275,25.10860294
111,11,6,12,17,2,04大安區,大安區敦化南路2段48號,0,0,1,1,C03,7,1,5,50,14,9,1,5,4,5,7,4,4,1,4,5,2,13,1,25,2,7,1,4,7,9,1,10,1,11,,23,23,1,22,9,121.5485489,25.0311697
111,11,6,12,17,2,04大安區,大安區敦化南路2段48號,0,0,1,2,B01,7,1,5,50,14,9,1,5,4,5,7,4,4,1,4,5,2,13,1,64,3,10,3,4,7,9,1,4,1,6,,44,23,1,22,9,121.5485489,25.0311697
111,11,6,12,17,2,04大安區,大安區敦化南路2段48號,0,0,1,3,B03,7,1,5,50,14,9,1,5,4,5,7,4,4,1,4,5,2,13,1,62,3,10,3,4,7,13,1,8,11,4,,44,23,1,22,9,121.5485489,25.0311697
111,11,6,13,36,2,09北投區,北投區文林北路與自強街口對面,0,0,1,1,B01,8,3,5,50,14,9,1,5,4,5,7,2,1,9,4,4,2,9,1,63,3,10,1,1,7,5,1,8,1,4,,43,43,1,22,9,121.5122024,25.10976131
111,11,6,13,36,2,09北投區,北投區文林北路與自強街口對面,0,0,1,2,H01,8,3,5,50,14,9,1,5,4,5,7,2,1,9,4,4,2,9,2,75,2,8,4,1,8,16,8,20,9,16,,67,43,1,22,9,121.5122024,25.10976131
111,11,6,13,45,2,03中山區,中山區中山北路2段118-1號,0,0,2,1,C03,8,1,5,50,14,9,1,5,4,5,7,4,4,5,4,5,2,12,2,30,2,9,1,1,7,10,1,10,1,14,,7,7,1,22,9,121.5228637,25.06105774
111,11,6,13,45,2,03中山區,中山區中山北路2段118-1號,0,0,2,2,B03,8,1,5,50,14,9,1,5,4,5,7,4,4,5,4,5,2,12,1,50,3,10,1,1,7,9,1,8,1,2,,13,7,1,22,9,121.5228637,25.06105774
111,11,6,13,45,2,03中山區,中山區中山北路2段118-1號,0,0,2,3,H02,8,1,5,50,14,9,1,5,4,5,7,4,4,5,4,5,2,12,2,33,2,9,4,5,7,20,8,20,10,16,,67,7,1,22,9,121.5228637,25.06105774
111,11,6,14,5,2,12內湖區,內湖區港墘路221巷與舊宗路2段213巷口口,0,0,1,1,B03,8,1,5,50,3,2,1,5,4,5,7,4,4,5,5,5,2,17,2,73,3,10,1,1,7,5,1,8,1,5,,6,6,1,22,9,121.5745568,25.07367516
111,11,6,14,5,2,12內湖區,內湖區港墘路221巷與舊宗路2段213巷口口,0,0,1,2,C03,8,1,5,50,3,2,1,5,4,5,7,4,4,5,5,5,2,17,1,43,2,7,1,1,7,9,1,10,1,12,,14,6,1,22,9,121.5745568,25.07367516
111,11,6,14,12,2,06松山區,松山區延吉街41號與延吉街口,0,0,1,1,B03,8,1,5,50,3,1,1,5,4,5,7,4,4,8,3,5,1,16,2,43,3,10,3,1,7,5,1,8,1,8,,8,8,1,22,9,121.5536993,25.04541881
111,11,6,14,12,2,06松山區,松山區延吉街41號與延吉街口,0,0,1,2,C03,8,1,5,50,3,1,1,5,4,5,7,4,4,8,3,5,1,16,1,26,2,9,3,1,7,9,1,10,1,14,,44,8,1,22,9,121.5536993,25.04541881
111,11,6,14,43,2,09北投區,北投區承德路7段3號,0,0,2,1,C03,8,1,5,60,15,9,1,5,4,5,7,2,1,8,3,5,2,17,1,36,3,10,1,1,7,10,1,10,1,13,,7,7,1,22,9,121.5106587,25.11100166
111,11,6,14,43,2,09北投區,北投區承德路7段3號,0,0,2,2,C03,8,1,5,60,15,9,1,5,4,5,7,2,1,8,3,5,2,17,1,22,2,8,1,1,7,9,1,10,1,11,,16,7,1,22,9,121.5106587,25.11100166
111,11,6,14,43,2,09北投區,北投區承德路7段3號,0,0,2,3,C03,8,1,5,60,15,9,1,5,4,5,7,2,1,8,3,5,2,17,1,21,2,8,1,1,7,9,1,10,1,13,,44,7,1,22,9,121.5106587,25.11100166
111,11,6,14,47,2,06松山區,松山區敦化北路170號,0,0,1,1,C01,7,1,5,50,15,7,1,5,4,5,7,4,4,1,3,4,2,12,1,39,2,9,1,1,7,4,1,9,1,11,,13,13,1,22,9,121.5487647,25.0563558
111,11,6,14,47,2,06松山區,松山區敦化北路170號,0,0,1,2,B03,7,1,5,50,15,7,1,5,4,5,7,4,4,1,3,4,2,12,1,65,3,10,1,1,7,5,1,8,1,4,,8,13,1,22,9,121.5487647,25.0563558
111,11,6,15,10,2,01大同區,大同區民權西路與蘭州街口,0,0,6,1,C03,8,1,5,50,4,1,1,5,4,5,7,2,1,1,4,5,2,13,1,29,3,10,1,1,7,5,1,10,1,15,,8,8,1,22,9,121.5147088,25.06288586
111,11,6,15,10,2,01大同區,大同區民權西路與蘭州街口,0,0,6,2,C04,8,1,5,50,4,1,1,5,4,5,7,2,1,1,4,5,2,13,1,57,2,6,1,1,7,9,1,11,1,13,,44,8,1,22,9,121.5147088,25.06288586
111,11,6,15,10,2,01大同區,大同區民權西路與蘭州街口,0,0,6,3,C03,8,1,5,50,4,1,1,5,4,5,7,2,1,1,4,5,2,13,1,32,2,8,1,1,7,9,1,10,1,11,,23,8,1,22,9,121.5147088,25.06288586
111,11,6,15,10,2,01大同區,大同區民權西路與蘭州街口,0,0,6,4,C03,8,1,5,50,4,1,1,5,4,5,7,2,1,1,4,5,2,13,1,43,2,7,1,1,7,9,1,10,1,11,,44,8,1,22,9,121.5147088,25.06288586
111,11,6,15,10,2,01大同區,大同區民權西路與蘭州街口,0,0,6,5,H02,8,1,5,50,4,1,1,5,4,5,7,2,1,1,4,5,2,13,2,30,2,8,1,5,7,20,8,20,10,16,,67,8,1,22,9,121.5147088,25.06288586
111,11,6,15,10,2,01大同區,大同區民權西路與蘭州街口,0,0,6,6,H02,8,1,5,50,4,1,1,5,4,5,7,2,1,1,4,5,2,13,2,43,2,8,1,1,7,20,8,20,10,16,,67,8,1,22,9,121.5147088,25.06288586
111,11,6,15,10,2,01大同區,大同區民權西路與蘭州街口,0,0,6,7,H02,8,1,5,50,4,1,1,5,4,5,7,2,1,1,4,5,2,13,1,5,2,7,1,1,7,20,8,20,10,16,,67,8,1,22,9,121.5147088,25.06288586
111,11,6,15,15,2,05中正區,中正區羅斯福路4段與基隆路4段口,0,0,2,1,C04,8,1,5,50,5,1,1,5,4,5,7,2,1,1,4,5,2,12,2,23,2,8,1,1,7,5,1,10,1,14,,8,8,1,22,9,121.5368953,25.0111967
111,11,6,15,15,2,05中正區,中正區羅斯福路4段與基隆路4段口,0,0,2,2,C02,8,1,5,50,5,1,1,5,4,5,7,2,1,1,4,5,2,12,1,27,2,8,1,1,7,9,1,9,1,12,,44,8,1,22,9,121.5368953,25.0111967
111,11,6,15,15,2,05中正區,中正區羅斯福路4段與基隆路4段口,0,0,2,3,H02,8,1,5,50,5,1,1,5,4,5,7,2,1,1,4,5,2,12,2,22,4,11,1,5,7,20,8,20,10,16,,67,8,1,22,9,121.5368953,25.0111967
111,11,6,15,25,2,01大同區,大同區鄭州路與塔城街口,0,0,1,1,C03,8,1,5,40,4,1,1,5,4,5,7,1,1,1,4,5,2,12,1,19,3,10,1,1,7,15,1,10,2,12,,6,6,1,22,9,121.5105446,25.05026387
111,11,6,15,25,2,01大同區,大同區鄭州路與塔城街口,0,0,1,2,C03,8,1,5,40,4,1,1,5,4,5,7,1,1,1,4,5,2,12,2,56,2,9,1,1,7,9,1,10,2,14,,44,6,1,22,9,121.5105446,25.05026387
111,11,6,16,8,2,04大安區,大安區復興南路1段與仁愛路3段123巷13弄口,0,0,1,1,B03,7,1,5,50,4,1,1,5,4,5,7,2,1,1,4,5,2,17,2,43,3,10,1,1,7,5,1,8,2,2,,6,6,1,22,9,121.5436373,25.0398517
111,11,6,16,8,2,04大安區,大安區復興南路1段與仁愛路3段123巷13弄口,0,0,1,2,C03,7,1,5,50,4,1,1,5,4,5,7,2,1,1,4,5,2,17,1,19,2,9,1,1,7,9,1,10,9,11,,44,6,1,22,9,121.5436373,25.0398517
111,11,6,16,38,2,07信義區,信義區和平東路3段與信安街口,0,0,1,1,B02,8,1,5,50,4,1,1,5,4,5,7,2,1,1,4,5,1,16,2,26,3,10,3,4,7,5,1,8,2,6,,6,6,1,22,9,121.5546726,25.0224384
111,11,6,16,38,2,07信義區,信義區和平東路3段與信安街口,0,0,1,2,C03,8,1,5,50,4,1,1,5,4,5,7,2,1,1,4,5,1,16,1,19,2,9,3,4,7,9,1,10,2,11,,44,6,1,22,9,121.5546726,25.0224384
111,11,6,17,28,2,06松山區,松山區南京東路5段與寶清街口,0,0,1,1,C03,6,3,5,50,4,1,1,4,4,5,7,2,1,1,4,5,2,12,2,23,3,10,1,1,7,5,1,10,1,13,,6,6,1,22,9,121.5684111,25.05118289
111,11,6,17,28,2,06松山區,松山區南京東路5段與寶清街口,0,0,1,2,B01,6,3,5,50,4,1,1,4,4,5,7,2,1,1,4,5,2,12,1,50,3,10,1,1,7,9,1,4,1,5,,44,6,1,22,9,121.5684111,25.05118289
111,11,6,17,28,2,06松山區,松山區南京東路5段與寶清街口,0,0,1,3,H02,6,3,5,50,4,1,1,4,4,5,7,2,1,1,4,5,2,12,2,22,2,8,4,5,7,21,8,20,10,16,,67,6,1,22,9,121.5684111,25.05118289
111,11,6,17,28,2,07信義區,信義區信義路5段與松智路口,0,0,2,1,C03,7,3,5,50,4,1,1,5,4,5,7,1,1,1,4,5,2,16,1,52,2,9,1,1,7,9,6,18,6,11,,25,25,1,22,9,121.5654261,25.032824
111,11,6,17,28,2,07信義區,信義區信義路5段與松智路口,0,0,2,2,C03,7,3,5,50,4,1,1,5,4,5,7,1,1,1,4,5,2,16,1,25,2,9,1,1,7,9,1,10,2,14,,44,25,1,22,9,121.5654261,25.032824
111,11,6,17,34,2,01大同區,大同區大龍街226號,0,0,2,2,H01,7,3,5,50,14,9,1,4,4,5,7,4,4,5,5,5,2,2,1,60,2,8,4,5,8,16,8,20,10,16,,51,23,1,22,9,121.5159028,25.0678737
111,11,6,17,34,2,01大同區,大同區大龍街226號,0,0,2,1,C03,7,3,5,50,14,9,1,4,4,5,7,4,4,5,5,5,2,2,1,74,2,1,1,1,7,9,1,10,1,11,,23,23,1,22,9,121.5159028,25.0678737
111,11,6,17,35,2,10文山區,文山區興隆路2段與興隆路2段275巷口,0,0,2,1,C03,6,3,5,50,4,1,1,4,4,5,7,1,1,1,4,5,2,16,1,67,2,9,1,1,7,5,1,10,1,14,,8,8,1,22,9,121.5526835,25.0015024
111,11,6,17,35,2,10文山區,文山區興隆路2段與興隆路2段275巷口,0,0,2,2,C03,6,3,5,50,4,1,1,4,4,5,7,1,1,1,4,5,2,16,2,50,2,9,1,1,7,9,1,10,1,12,,44,8,1,22,9,121.5526835,25.0015024
111,11,6,17,36,2,12內湖區,內湖區康寧路1段與星雲街口,0,0,2,1,C03,6,3,5,50,4,2,1,4,4,5,7,1,1,5,5,5,2,11,1,18,3,10,1,1,7,5,1,10,1,11,,6,6,1,22,9,121.5938204,25.07941377
111,11,6,17,36,2,12內湖區,內湖區康寧路1段與星雲街口,0,0,2,2,C03,6,3,5,50,4,2,1,4,4,5,7,1,1,5,5,5,2,11,1,42,2,9,1,1,7,9,1,10,1,14,,44,6,1,22,9,121.5938204,25.07941377
111,11,6,17,36,2,12內湖區,內湖區康寧路1段與星雲街口,0,0,2,3,H02,6,3,5,50,4,2,1,4,4,5,7,1,1,5,5,5,2,11,2,39,2,1,4,5,7,21,8,20,10,15,,67,6,1,22,9,121.5938204,25.07941377
111,11,6,17,53,2,11南港區,南港區市民大道8段與向陽路口,0,0,1,1,C03,6,3,5,50,4,1,1,4,4,5,7,2,1,1,4,5,2,15,1,25,3,10,1,1,7,9,1,10,1,12,,25,25,1,21,8,121.5954195,25.0515136
111,11,6,17,53,2,11南港區,南港區市民大道8段與向陽路口,0,0,1,2,C03,6,3,5,50,4,1,1,4,4,5,7,2,1,1,4,5,2,15,2,29,2,6,1,1,7,9,1,10,1,11,,44,25,1,21,8,121.5954195,25.0515136
111,11,6,18,20,2,10文山區,文山區興隆路3段207巷與無名巷口,0,0,1,1,B03,7,3,5,30,4,1,1,5,4,5,7,4,4,10,5,5,2,15,1,60,3,10,1,1,7,9,1,8,2,5,,6,6,1,22,9,121.5616032,24.99481198
111,11,6,18,20,2,10文山區,文山區興隆路3段207巷與無名巷口,0,0,1,2,C03,7,3,5,30,4,1,1,5,4,5,7,4,4,10,5,5,2,15,2,34,2,9,1,1,7,9,1,10,2,14,,23,6,1,22,9,121.5616032,24.99481198
111,11,6,18,55,2,09北投區,北投區東華街1段58號前,0,0,1,1,C03,7,3,5,40,14,9,1,5,4,5,7,1,1,10,5,5,2,17,2,44,3,10,1,1,7,8,4,11,1,15,,7,7,1,22,9,121.5195891,25.10908311
111,11,6,18,55,2,09北投區,北投區東華街1段58號前,0,0,1,2,C03,7,3,5,40,14,9,1,5,4,5,7,1,1,10,5,5,2,17,1,24,2,9,1,1,7,9,1,10,1,12,,23,7,1,22,9,121.5195891,25.10908311
111,11,6,18,55,2,12內湖區,內湖區民權東路6段50號,0,0,1,1,B03,6,3,5,50,3,2,1,4,4,5,7,4,4,1,4,5,2,16,1,25,3,10,1,1,7,1,1,8,1,8,,19,19,1,22,9,121.5839373,25.06861331
111,11,6,18,55,2,12內湖區,內湖區民權東路6段50號,0,0,1,2,C03,6,3,5,50,3,2,1,4,4,5,7,4,4,1,4,5,2,16,1,33,2,8,1,1,7,9,1,10,1,12,,44,19,1,22,9,121.5839373,25.06861331
111,11,6,18,58,2,08士林區,士林區福林路與福林路254巷口,0,0,1,1,B03,7,3,5,50,4,2,1,5,4,5,7,1,1,5,4,5,2,16,1,64,3,10,1,1,7,6,1,8,1,2,,9,9,1,22,9,121.5344929,25.09789464
111,11,6,18,58,2,08士林區,士林區福林路與福林路254巷口,0,0,1,2,C03,7,3,5,50,4,2,1,5,4,5,7,1,1,5,4,5,2,16,2,28,2,9,1,1,7,9,1,10,1,14,,44,9,1,22,9,121.5344929,25.09789464
111,11,6,19,0,2,03中山區,中山區中山北路1段與中山北路1段83巷口,0,0,3,1,B12,8,3,5,50,3,1,1,5,4,5,7,4,4,1,4,5,2,12,1,57,2,2,3,4,7,6,1,8,2,5,,9,9,1,22,9,121.5221134,25.0505046
111,11,6,19,0,2,03中山區,中山區中山北路1段與中山北路1段83巷口,0,0,3,2,C03,8,3,5,50,3,1,1,5,4,5,7,4,4,1,4,5,2,12,2,23,2,9,1,4,7,9,1,10,2,14,,13,9,1,22,9,121.5221134,25.0505046
111,11,6,19,0,2,03中山區,中山區中山北路1段與中山北路1段83巷口,0,0,3,3,H02,8,3,5,50,3,1,1,5,4,5,7,4,4,1,4,5,2,12,2,20,2,7,4,5,7,20,8,20,10,16,,67,9,1,22,9,121.5221134,25.0505046
111,11,6,19,0,2,12內湖區,內湖區南京東路6段與堤頂大道1段口,0,0,3,1,B03,6,3,5,50,4,1,1,4,4,5,7,2,1,1,4,5,2,16,2,28,2,9,1,1,7,1,1,8,2,1,,25,25,1,22,9,121.5762303,25.05472581
111,11,6,19,0,2,12內湖區,內湖區南京東路6段與堤頂大道1段口,0,0,3,2,B03,6,3,5,50,4,1,1,4,4,5,7,2,1,1,4,5,2,16,1,48,3,10,1,1,7,9,1,8,2,8,,14,25,1,22,9,121.5762303,25.05472581
111,11,6,19,0,2,12內湖區,內湖區南京東路6段與堤頂大道1段口,0,0,3,3,H02,6,3,5,50,4,1,1,4,4,5,7,2,1,1,4,5,2,16,1,7,2,1,4,5,7,21,8,20,10,15,,67,25,1,22,9,121.5762303,25.05472581
111,11,6,19,0,2,12內湖區,內湖區南京東路6段與堤頂大道1段口,0,0,3,4,H02,6,3,5,50,4,1,1,4,4,5,7,2,1,1,4,5,2,16,2,18,2,9,4,5,7,21,8,20,10,15,,67,25,1,22,9,121.5762303,25.05472581
111,11,6,19,42,2,07信義區,信義區福德街3號,0,0,1,1,A04,6,3,5,50,14,9,1,4,4,5,7,4,4,1,4,5,2,9,1,46,3,10,1,1,7,9,1,10,11,2,,42,42,1,22,9,121.5789103,25.0362411
111,11,6,19,42,2,07信義區,信義區福德街3號,0,0,1,2,H02,6,3,5,50,14,9,1,4,4,5,7,4,4,1,4,5,2,9,2,82,2,9,1,1,7,17,8,20,10,16,,67,42,1,22,9,121.5789103,25.0362411
111,11,6,19,55,2,07信義區,信義區莊敬路與松勤街口,0,0,1,1,B03,6,3,5,30,4,2,1,4,4,5,7,1,1,9,5,4,2,3,1,34,3,10,1,1,7,5,1,8,1,1,,15,15,1,22,9,121.5612805,25.0319754
111,11,6,19,55,2,07信義區,信義區莊敬路與松勤街口,0,0,1,2,H01,6,3,5,30,4,2,1,4,4,5,7,1,1,9,5,4,2,3,2,69,2,9,4,5,8,16,8,20,10,16,,67,15,1,22,9,121.5612805,25.0319754
111,11,6,20,10,2,05中正區,中正區重慶北路1段與忠孝西路1段口,0,0,2,1,A02,8,3,5,50,4,1,1,5,4,5,7,1,1,10,5,5,2,3,1,52,3,10,1,1,7,6,1,2,2,2,,15,15,1,22,9,121.513117,25.0473522
111,11,6,20,10,2,05中正區,中正區重慶北路1段與忠孝西路1段口,0,0,2,2,H01,8,3,5,50,4,1,1,5,4,5,7,1,1,10,5,5,2,3,1,24,2,8,4,5,8,16,8,20,2,16,,67,15,1,22,9,121.513117,25.0473522
111,11,6,20,10,2,05中正區,中正區重慶北路1段與忠孝西路1段口,0,0,2,3,H01,8,3,5,50,4,1,1,5,4,5,7,1,1,10,5,5,2,3,1,25,2,9,4,5,8,16,8,20,2,16,,67,15,1,22,9,121.513117,25.0473522
111,11,6,20,20,2,08士林區,士林區菁山路18號,0,0,1,1,C03,6,3,5,40,14,9,1,4,4,3,5,4,4,9,5,5,2,17,1,19,3,10,1,1,7,1,1,10,1,15,,19,19,1,22,9,121.5470291,25.13808939
111,11,6,20,20,2,08士林區,士林區菁山路18號,0,0,1,2,C03,6,3,5,40,14,9,1,4,4,3,5,4,4,9,5,5,2,17,2,21,2,9,1,1,7,9,1,10,1,14,,44,19,1,22,9,121.5470291,25.13808939
111,11,6,20,20,2,08士林區,士林區菁山路18號,0,0,1,3,B12,6,3,5,40,14,9,1,4,4,3,5,4,4,9,5,5,2,17,3,,,,,,,,,,,,,67,19,1,,,121.5470291,25.13808939
111,11,6,20,33,2,11南港區,南港區八德路4段與東新街口,0,0,1,1,B03,6,3,5,50,5,2,1,4,4,5,7,1,1,8,3,5,2,12,4,,4,11,3,4,7,15,7,19,11,15,,43,43,2,22,9,121.5832475,25.0515155
111,11,6,20,33,2,11南港區,南港區八德路4段與東新街口,0,0,1,2,C03,6,3,5,50,5,2,1,4,4,5,7,1,1,8,3,5,2,12,2,24,2,9,1,1,7,5,1,10,1,14,,43,43,1,22,9,121.5832475,25.0515155
111,11,6,21,34,2,02萬華區,萬華區西園路2段320巷9弄與西園路2段294巷口,0,0,1,1,C03,8,3,5,30,3,1,1,5,4,5,7,4,4,10,5,5,1,17,1,46,3,10,1,1,7,5,1,10,1,15,,6,6,1,22,9,121.4921185,25.0263233
111,11,6,21,34,2,02萬華區,萬華區西園路2段320巷9弄與西園路2段294巷口,0,0,1,2,C03,8,3,5,30,3,1,1,5,4,5,7,4,4,10,5,5,1,17,1,40,2,9,1,1,7,12,1,10,1,15,,14,6,1,22,9,121.4921185,25.0263233
111,11,6,23,36,2,08士林區,士林區天母西路與中山北路6段口,0,0,2,1,C03,8,3,5,50,4,1,1,5,4,5,7,1,1,1,4,5,2,15,2,29,2,9,1,1,7,9,1,10,2,11,,25,25,1,22,9,121.5301056,25.11825563
111,11,6,23,36,2,08士林區,士林區天母西路與中山北路6段口,0,0,2,2,C03,8,3,5,50,4,1,1,5,4,5,7,1,1,1,4,5,2,15,2,22,2,9,1,1,7,9,1,10,2,14,,44,25,1,22,9,121.5301056,25.11825563
111,11,6,23,40,2,02萬華區,萬華區寶興街與西園路2段口,0,0,1,1,B01,7,3,5,50,4,1,1,5,4,5,7,1,1,1,3,1,2,12,1,60,3,10,1,1,7,8,1,4,1,6,,7,7,1,22,9,121.4958391,25.0222902
111,11,6,23,40,2,02萬華區,萬華區寶興街與西園路2段口,0,0,1,2,C03,7,3,5,50,4,1,1,5,4,5,7,1,1,1,3,1,2,12,1,20,2,9,1,1,7,9,1,10,1,11,,44,7,1,22,9,121.4958391,25.0222902
111,11,7,3,48,2,01大同區,大同區環河北路1段273號,0,0,1,1,B12,8,3,5,50,14,9,1,5,4,5,7,4,4,1,4,5,2,13,1,46,2,9,3,4,7,9,1,8,1,1,,23,23,1,22,9,121.508487,25.0581836
111,11,7,3,48,2,01大同區,大同區環河北路1段273號,0,0,1,2,A11,8,3,5,50,14,9,1,5,4,5,7,4,4,1,4,5,2,13,1,40,3,10,3,4,7,14,1,1,1,3,,38,23,1,22,9,121.508487,25.0581836
111,11,7,7,8,2,04大安區,大安區師大路1號前,0,0,2,1,C03,7,1,5,50,14,9,1,5,4,5,7,4,4,5,4,5,2,17,1,59,2,8,1,1,7,5,1,10,1,11,,8,8,1,22,9,121.5284877,25.02627918
111,11,7,7,8,2,04大安區,大安區師大路1號前,0,0,2,2,C03,7,1,5,50,14,9,1,5,4,5,7,4,4,5,4,5,2,17,1,32,2,9,1,1,7,9,1,10,1,14,,23,8,1,22,9,121.5284877,25.02627918
111,11,7,7,12,2,11南港區,南港區舊莊街1段3巷與舊莊街1段3巷12弄口,0,0,2,1,B03,6,1,5,30,3,1,1,4,4,5,7,4,4,5,4,5,2,16,1,81,3,10,1,1,7,11,1,8,1,4,,10,10,1,21,8,121.6180564,25.0423347
111,11,7,7,12,2,11南港區,南港區舊莊街1段3巷與舊莊街1段3巷12弄口,0,0,2,2,C03,6,1,5,30,3,1,1,4,4,5,7,4,4,5,4,5,2,16,2,36,2,8,1,1,7,9,1,10,1,12,,42,10,1,21,8,121.6180564,25.0423347
111,11,7,7,12,2,11南港區,南港區舊莊街1段3巷與舊莊街1段3巷12弄口,0,0,2,3,H02,6,1,5,30,3,1,1,4,4,5,7,4,4,5,4,5,2,16,2,13,2,8,4,1,7,20,8,20,10,16,,67,10,1,21,8,121.6180564,25.0423347