發生年度,發生月,發生日,發生時-Hours,發生分,處理別-編號,區序,肇事地點,死亡人數,2-30日死亡人數,受傷人數,當事人序號,車種,天候,光線,道路類別,速限-速度限制,道路型態,事故位置,路面狀況1,路面狀況2,路面狀況3,道路障礙1,道路障礙2,號誌1,號誌2,車道劃分-分向,車道劃分-分道1,車道劃分-分道2,車道劃分-分道3,事故類型及型態,性別,年齡,受傷程度,主要傷處,安全帽,行動電話,車輛用途,當事者行動狀態,駕駛資格情形,駕駛執照種類,飲酒情形,車輛撞擊部位1,車輛撞擊部位2,肇因碼-個別,肇因碼-主要,個人肇逃否,職業,旅次目的,座標-X,座標-Y
111,11,7,7,12,2,11南港區,南港區舊莊街1段3巷與舊莊街1段3巷12弄口,0,0,2,4,H02,6,1,5,30,3,1,1,4,4,5,7,4,4,5,4,5,2,16,2,11,3,10,1,1,7,20,8,20,10,16,,67,10,1,21,8,121.6180564,25.0423347
111,11,7,7,30,2,08士林區,士林區中山北路6段與福國路口,0,0,1,1,B03,7,1,5,50,5,1,1,5,4,5,7,1,1,3,4,5,1,12,2,24,3,10,1,1,7,14,1,8,2,2,,44,44,1,22,9,121.5254172,25.10258915
111,11,7,7,30,2,08士林區,士林區中山北路6段與福國路口,0,0,1,2,C03,7,1,5,50,5,1,1,5,4,5,7,1,1,3,4,5,1,12,1,22,2,9,1,1,7,7,1,10,2,11,,17,44,1,22,9,121.5254172,25.10258915
111,11,7,7,39,2,05中正區,中正區林森南路6號,0,0,2,1,C03,8,1,5,50,14,9,1,5,4,5,7,4,4,5,4,5,2,13,1,22,2,9,1,1,7,9,1,10,2,11,,16,16,1,22,9,121.5228816,25.0434121
111,11,7,7,39,2,05中正區,中正區林森南路6號,0,0,2,2,C03,8,1,5,50,14,9,1,5,4,5,7,4,4,5,4,5,2,13,2,25,2,8,1,1,7,9,1,10,2,11,,16,16,1,22,9,121.5228816,25.0434121
111,11,7,7,39,2,05中正區,中正區林森南路6號,0,0,2,3,C03,8,1,5,50,14,9,1,5,4,5,7,4,4,5,4,5,2,13,1,65,3,10,1,1,7,12,1,10,2,13,,30,16,1,22,9,121.5228816,25.0434121
111,11,7,7,44,2,05中正區,中正區重慶南路1段與衡陽路口,0,0,2,1,C03,8,1,5,50,4,1,1,5,4,5,7,2,1,5,4,5,2,15,1,63,2,8,1,1,7,9,1,10,2,11,,25,25,1,22,9,121.5132019,25.04232514
111,11,7,7,44,2,05中正區,中正區重慶南路1段與衡陽路口,0,0,2,2,C03,8,1,5,50,4,1,1,5,4,5,7,2,1,5,4,5,2,15,2,41,2,9,1,1,7,9,1,10,2,14,,44,25,1,22,9,121.5132019,25.04232514
111,11,7,8,15,2,06松山區,松山區南京東路3段255號,0,0,2,1,C03,7,1,5,50,14,9,1,5,4,5,7,4,4,1,3,4,2,13,2,39,2,9,3,4,7,9,1,10,1,11,,23,23,1,22,9,121.5444487,25.05193058
111,11,7,8,15,2,06松山區,松山區南京東路3段255號,0,0,2,2,B01,7,1,5,50,14,9,1,5,4,5,7,4,4,1,3,4,2,13,1,56,3,10,3,4,7,12,1,4,1,3,,42,23,1,22,9,121.5444487,25.05193058
111,11,7,8,15,2,06松山區,松山區南京東路3段255號,0,0,2,3,C04,7,1,5,50,14,9,1,5,4,5,7,4,4,1,3,4,2,13,2,44,2,9,3,4,7,9,1,11,1,11,,23,23,1,22,9,121.5444487,25.05193058
111,11,7,8,23,2,02萬華區,萬華區華江橋往台北市機車道001028燈桿,0,0,1,2,C03,8,1,5,40,8,11,1,5,4,5,7,4,4,3,4,5,2,16,1,35,2,9,1,4,7,9,1,10,1,12,,44,7,1,22,9,121.4878866,25.03557981
111,11,7,8,23,2,02萬華區,萬華區華江橋往台北市機車道001028燈桿,0,0,1,1,C03,8,1,5,40,8,11,1,5,4,5,7,4,4,3,4,5,2,16,1,71,4,11,3,4,7,7,7,19,11,15,,7,7,2,22,9,121.4878866,25.03557981
111,11,7,8,45,2,12內湖區,內湖區民權東路6段90巷與民權東路6段90巷6弄口,0,0,1,1,B03,7,1,5,30,4,1,1,4,4,5,7,4,4,10,5,5,2,15,1,32,3,10,1,1,7,9,1,8,1,1,,6,6,1,22,9,121.5860519,25.06844647
111,11,7,8,45,2,12內湖區,內湖區民權東路6段90巷與民權東路6段90巷6弄口,0,0,1,2,C03,7,1,5,30,4,1,1,4,4,5,7,4,4,10,5,5,2,15,2,27,2,9,1,1,7,9,1,10,1,12,,44,6,1,22,9,121.5860519,25.06844647
111,11,7,8,47,2,10文山區,文山區羅斯福路6段與羅斯福路6段401巷口,0,0,1,1,C03,8,1,5,30,4,1,1,5,4,5,7,1,1,10,5,5,2,15,1,61,2,9,1,1,7,9,1,10,1,11,,44,44,1,22,9,121.5405559,24.9921015
111,11,7,8,47,2,10文山區,文山區羅斯福路6段與羅斯福路6段401巷口,0,0,1,2,C03,8,1,5,30,4,1,1,5,4,5,7,1,1,10,5,5,2,15,2,57,3,10,1,1,7,9,1,10,1,12,,25,44,1,22,9,121.5405559,24.9921015
111,11,7,8,50,2,08士林區,士林區中山北路5段往南劍潭公車站前,0,0,1,1,B03,8,1,5,50,14,9,1,5,4,5,7,4,4,1,4,5,1,17,1,60,3,10,1,1,7,8,1,8,1,2,,7,7,1,21,9,121.524799,25.0817322
111,11,7,8,50,2,08士林區,士林區中山北路5段往南劍潭公車站前,0,0,1,2,C03,8,1,5,50,14,9,1,5,4,5,7,4,4,1,4,5,1,17,1,33,2,9,1,1,7,9,1,10,1,11,,44,7,1,21,8,121.524799,25.0817322
111,11,7,8,50,2,07信義區,信義區信義路5段17號,0,0,1,1,C03,8,1,5,50,14,9,1,5,4,5,7,4,4,3,4,5,2,12,1,28,2,9,3,4,7,9,1,10,1,14,,16,16,1,22,9,121.5674667,25.0329696
111,11,7,8,50,2,07信義區,信義區信義路5段17號,0,0,1,2,B03,8,1,5,50,14,9,1,5,4,5,7,4,4,3,4,5,2,12,2,43,3,10,3,4,7,9,1,8,1,2,,44,16,1,22,9,121.5674667,25.0329696
111,11,7,8,57,2,05中正區,中正區中山南路與忠孝西路1段口,0,0,1,1,C03,8,1,5,50,4,1,1,5,4,5,7,2,1,5,4,5,2,12,1,19,3,10,1,1,7,9,1,10,1,14,,23,23,1,22,9,121.5194762,25.04569865
111,11,7,8,57,2,05中正區,中正區中山南路與忠孝西路1段口,0,0,1,2,C03,8,1,5,50,4,1,1,5,4,5,7,2,1,5,4,5,2,12,1,37,2,9,1,1,7,8,1,10,1,12,,7,23,1,22,9,121.5194762,25.04569865
111,11,7,9,10,2,03中山區,中山區通北街145巷42號,0,0,1,1,C03,8,1,5,30,14,9,1,5,4,5,7,4,4,10,5,5,2,16,1,24,3,10,1,1,7,9,1,10,9,14,,43,43,1,22,9,121.5419411,25.08484765
111,11,7,9,10,2,03中山區,中山區通北街145巷42號,0,0,1,2,C03,8,1,5,30,14,9,1,5,4,5,7,4,4,10,5,5,2,16,1,26,2,8,1,1,7,9,1,10,9,14,,43,43,1,22,9,121.5419411,25.08484765
111,11,7,9,15,2,12內湖區,內湖區新湖三路與堤頂大道1段口,0,0,1,1,B01,8,1,5,50,3,1,1,5,4,5,7,4,4,1,4,1,2,17,1,43,3,10,1,1,7,6,1,2,11,15,,6,6,1,22,9,121.5729305,25.06243071
111,11,7,9,15,2,12內湖區,內湖區新湖三路與堤頂大道1段口,0,0,1,2,C03,8,1,5,50,3,1,1,5,4,5,7,4,4,1,4,1,2,17,2,24,2,9,1,1,7,12,1,10,11,14,,44,6,1,22,9,121.5729305,25.06243071
111,11,7,9,28,2,05中正區,中正區漢口街1段與懷寧街口,0,0,1,1,B03,8,1,5,50,4,1,1,5,4,5,7,3,1,10,4,5,2,15,1,65,3,10,1,1,7,9,1,8,2,7,,44,44,1,22,9,121.5141791,25.04516362
111,11,7,9,28,2,05中正區,中正區漢口街1段與懷寧街口,0,0,1,2,C03,8,1,5,50,4,1,1,5,4,5,7,3,1,10,4,5,2,15,2,25,2,9,1,1,7,9,1,10,2,11,,6,44,1,22,9,121.5141791,25.04516362
111,11,7,9,33,2,11南港區,南港區南深路與南深路19巷口,0,0,1,1,B12,7,1,5,50,3,1,1,4,4,5,7,4,4,4,5,5,2,12,1,61,3,10,3,4,7,6,1,8,1,1,,9,9,1,22,9,121.6213568,25.03827161
111,11,7,9,33,2,11南港區,南港區南深路與南深路19巷口,0,0,1,2,C03,7,1,5,50,3,1,1,4,4,5,7,4,4,4,5,5,2,12,1,26,2,9,3,4,7,15,1,9,1,15,,13,9,2,22,9,121.6213568,25.03827161
111,11,7,9,58,2,07信義區,信義區忠孝東路5段790巷與忠孝東路5段790巷25弄口,0,0,2,1,C03,6,1,5,30,4,1,1,4,4,5,7,4,4,10,5,5,1,15,2,29,2,9,1,1,7,9,1,10,1,12,,6,6,1,22,9,121.5826929,25.04237186
111,11,7,9,58,2,07信義區,信義區忠孝東路5段790巷與忠孝東路5段790巷25弄口,0,0,2,2,C03,6,1,5,30,4,1,1,4,4,5,7,4,4,10,5,5,1,15,2,60,2,9,1,1,7,9,1,10,1,11,,13,6,1,22,9,121.5826929,25.04237186
111,11,7,10,20,2,05中正區,中正區重慶南路3段與汀州路2段口口,0,0,1,1,B12,8,1,5,50,14,9,1,5,4,5,7,1,1,1,4,1,2,11,1,63,3,10,1,1,7,5,1,8,1,2,,6,42,1,22,9,121.5164819,25.02548432
111,11,7,10,20,2,05中正區,中正區重慶南路3段與汀州路2段口口,0,0,1,2,C01,8,1,5,50,14,9,1,5,4,5,7,1,1,1,4,1,2,11,1,46,2,8,1,1,7,9,1,9,1,11,,42,42,1,22,9,121.5164819,25.02548432
111,11,7,10,57,2,12內湖區,內湖區內湖路1段737巷51弄2號,0,0,2,1,C04,7,1,5,50,14,9,1,4,4,5,7,4,4,5,5,5,2,11,2,43,2,9,1,1,7,6,1,10,3,14,,26,26,1,22,9,121.579124,25.08042514
111,11,7,10,57,2,12內湖區,內湖區內湖路1段737巷51弄2號,0,0,2,2,C04,7,1,5,50,14,9,1,4,4,5,7,4,4,5,5,5,2,11,2,55,2,8,1,1,7,9,1,10,2,14,,44,26,1,22,9,121.579124,25.08042514
111,11,7,11,0,2,03中山區,中山區復興北路與南京東路3段口,0,0,2,1,C03,6,1,5,50,4,4,1,4,4,5,7,2,1,1,4,5,2,13,1,26,2,9,3,4,7,9,1,10,1,11,,16,14,1,22,9,121.543952,25.05196532
111,11,7,11,0,2,03中山區,中山區復興北路與南京東路3段口,0,0,2,2,C03,6,1,5,50,4,4,1,4,4,5,7,2,1,1,4,5,2,13,1,44,2,9,3,1,7,14,1,10,1,13,,44,14,1,22,9,121.543952,25.05196532
111,11,7,12,0,2,04大安區,大安區忠孝東路3段251巷14弄與忠孝東路3段251巷口,0,0,1,1,B01,7,1,5,30,4,1,1,5,4,5,7,4,4,10,5,5,1,15,1,66,3,10,1,1,7,9,1,4,1,8,,6,6,1,22,9,121.5416179,25.0439268
111,11,7,12,0,2,04大安區,大安區忠孝東路3段251巷14弄與忠孝東路3段251巷口,0,0,1,2,C04,7,1,5,30,4,1,1,5,4,5,7,4,4,10,5,5,1,15,1,77,2,9,1,1,7,9,1,10,1,12,,14,6,1,22,9,121.5416179,25.0439268
111,11,7,12,8,2,05中正區,中正區長沙街1段65號,0,0,1,1,B03,7,1,5,50,14,9,1,5,4,5,7,4,4,10,5,5,2,12,1,47,3,10,1,1,7,11,1,8,1,4,,10,10,1,22,5,121.5086635,25.0404225
111,11,7,12,8,2,05中正區,中正區長沙街1段65號,0,0,1,2,C03,7,1,5,50,14,9,1,5,4,5,7,4,4,10,5,5,2,12,1,33,2,9,1,1,7,9,1,10,1,11,,44,10,1,4,1,121.5086635,25.0404225
111,11,7,12,10,2,05中正區,中正區貴陽街1段與桃源街口,0,0,2,1,C03,7,1,5,50,4,1,1,5,4,5,7,1,1,9,4,5,1,11,1,65,3,10,1,1,7,5,1,10,2,12,,6,6,1,22,9,121.5101752,25.0390516
111,11,7,12,10,2,05中正區,中正區貴陽街1段與桃源街口,0,0,2,2,C03,7,1,5,50,4,1,1,5,4,5,7,1,1,9,4,5,1,11,1,62,2,7,1,1,7,9,1,10,2,11,,44,6,1,22,9,121.5101752,25.0390516
111,11,7,12,10,2,05中正區,中正區貴陽街1段與桃源街口,0,0,2,3,H02,7,1,5,50,4,1,1,5,4,5,7,1,1,9,4,5,1,11,2,51,2,9,4,5,7,20,8,20,10,16,,67,6,1,22,9,121.5101752,25.0390516
111,11,7,12,10,2,05中正區,中正區中華路2段與西藏路口,0,0,1,1,C03,7,1,5,40,4,1,1,5,4,1,7,1,1,5,5,5,2,16,1,53,3,10,1,1,7,6,1,9,1,12,,9,9,1,22,9,121.504241,25.02995009
111,11,7,12,10,2,05中正區,中正區中華路2段與西藏路口,0,0,1,2,C03,7,1,5,40,4,1,1,5,4,1,7,1,1,5,5,5,2,16,1,42,2,7,1,1,7,9,1,10,1,14,,44,9,1,22,9,121.504241,25.02995009
111,11,7,13,22,2,12內湖區,內湖區舊宗路1段與新湖一路口,0,0,1,1,B03,8,1,5,50,4,2,1,5,4,5,7,1,1,1,4,5,2,11,1,46,3,10,1,1,7,5,1,8,1,6,,6,6,1,22,9,121.5792327,25.06024415
111,11,7,13,22,2,12內湖區,內湖區舊宗路1段與新湖一路口,0,0,1,2,C03,8,1,5,50,4,2,1,5,4,5,7,1,1,1,4,5,2,11,2,19,2,9,1,1,7,9,1,10,1,11,,44,6,1,22,9,121.5792327,25.06024415
111,11,7,13,30,2,08士林區,士林區中山北路6段與中山北路5段860巷口,0,0,1,1,B12,8,1,5,30,3,1,1,5,4,5,7,4,4,10,5,5,2,17,1,52,3,10,3,4,7,5,1,8,1,5,,8,8,1,22,9,121.5264013,25.102385
111,11,7,13,30,2,08士林區,士林區中山北路6段與中山北路5段860巷口,0,0,1,2,C03,8,1,5,30,3,1,1,5,4,5,7,4,4,10,5,5,2,17,1,28,2,9,3,4,7,9,1,10,1,11,,14,8,1,22,9,121.5264013,25.102385
111,11,7,13,30,2,08士林區,士林區中山北路6段與中山北路5段860巷口,0,0,1,3,C03,8,1,5,30,3,1,1,5,4,5,7,4,4,10,5,5,2,17,2,22,3,10,3,4,7,13,1,10,1,12,,44,8,1,22,9,121.5264013,25.102385
111,11,7,14,5,2,05中正區,中正區中山南路與徐州路口,0,0,2,1,C03,8,1,5,50,4,2,1,5,4,5,7,1,1,1,3,1,2,13,2,57,2,9,1,1,7,9,1,10,2,11,,16,16,1,22,9,121.5185668,25.04174135
111,11,7,14,5,2,05中正區,中正區中山南路與徐州路口,0,0,2,2,C03,8,1,5,50,4,2,1,5,4,5,7,1,1,1,3,1,2,13,1,22,3,10,1,1,7,12,1,10,2,13,,44,16,1,22,9,121.5185668,25.04174135
111,11,7,14,5,2,05中正區,中正區中山南路與徐州路口,0,0,2,3,C04,8,1,5,50,4,2,1,5,4,5,7,1,1,1,3,1,2,13,2,49,2,5,1,1,7,15,1,10,1,13,,44,16,1,22,9,121.5185668,25.04174135
111,11,7,14,25,2,07信義區,信義區莊敬路376號,0,0,2,1,C03,8,1,5,50,14,6,1,5,4,5,7,4,4,5,4,4,2,16,1,22,2,7,1,1,7,11,1,10,2,11,,6,6,1,22,8,121.5650982,25.027567
111,11,7,14,25,2,07信義區,信義區莊敬路376號,0,0,2,2,C03,8,1,5,50,14,6,1,5,4,5,7,4,4,5,4,4,2,16,1,21,2,7,1,1,7,9,1,10,2,14,,14,6,1,22,8,121.5650982,25.027567
111,11,7,14,40,2,05中正區,中正區襄陽路9號,0,0,1,1,B03,8,1,5,50,14,9,1,5,4,5,7,4,4,7,4,5,2,16,2,67,3,10,1,1,7,6,1,8,2,2,,9,9,1,22,9,121.515117,25.0434766
111,11,7,14,40,2,05中正區,中正區襄陽路9號,0,0,1,2,C03,8,1,5,50,14,9,1,5,4,5,7,4,4,7,4,5,2,16,1,28,2,9,1,1,7,9,1,10,2,14,,44,9,1,22,9,121.515117,25.0434766
111,11,7,14,46,2,03中山區,中山區林森北路與新生北路2段58巷口,0,0,1,1,B12,7,3,5,50,4,1,1,5,4,5,7,4,4,4,5,5,2,12,1,59,3,10,3,4,7,6,1,8,1,2,,9,9,1,22,9,121.5254989,25.0553781
111,11,7,14,46,2,03中山區,中山區林森北路與新生北路2段58巷口,0,0,1,2,C03,7,3,5,50,4,1,1,5,4,5,7,4,4,4,5,5,2,12,1,28,2,9,3,4,7,9,1,10,1,14,,23,9,1,22,9,121.5254989,25.0553781
111,11,7,14,46,2,03中山區,中山區林森北路與新生北路2段58巷口,0,0,1,3,B03,7,3,5,50,4,1,1,5,4,5,7,4,4,4,5,5,2,12,4,,4,11,3,4,7,15,7,19,11,15,,38,9,2,22,9,121.5254989,25.0553781
111,11,7,14,49,2,02萬華區,萬華區長沙街2段與貴陽街2段115巷口,0,0,2,1,B01,8,1,5,50,4,1,1,5,4,5,7,4,4,5,5,5,2,15,1,46,3,10,1,1,7,9,1,4,2,8,,23,23,1,22,9,121.5032419,25.04039421
111,11,7,14,49,2,02萬華區,萬華區長沙街2段與貴陽街2段115巷口,0,0,2,2,C03,8,1,5,50,4,1,1,5,4,5,7,4,4,5,5,5,2,15,1,43,2,9,1,1,7,14,1,10,2,13,,44,23,1,22,9,121.5032419,25.04039421
111,11,7,14,49,2,02萬華區,萬華區長沙街2段與貴陽街2段115巷口,0,0,2,3,B03,8,1,5,50,4,1,1,5,4,5,7,4,4,5,5,5,2,15,2,78,3,10,1,1,7,9,1,8,2,1,,44,23,1,22,9,121.5032419,25.04039421
111,11,7,14,49,2,02萬華區,萬華區長沙街2段與貴陽街2段115巷口,0,0,2,4,C03,8,1,5,50,4,1,1,5,4,5,7,4,4,5,5,5,2,15,1,26,2,7,1,1,7,9,1,9,2,11,,16,23,1,22,9,121.5032419,25.04039421
111,11,7,15,0,2,08士林區,士林區承德路4段與通河街口,0,0,1,1,B03,8,1,5,50,4,2,1,5,4,5,7,1,1,1,1,5,2,15,1,61,3,10,1,1,7,9,1,8,2,1,,25,25,1,22,9,121.5222191,25.0802188
111,11,7,15,0,2,08士林區,士林區承德路4段與通河街口,0,0,1,2,C03,8,1,5,50,4,2,1,5,4,5,7,1,1,1,1,5,2,15,1,37,2,9,1,1,7,9,1,10,2,14,,44,25,1,22,9,121.5222191,25.0802188
111,11,7,15,7,2,08士林區,士林區基河路368號,0,0,2,1,B03,8,1,5,50,14,9,1,5,4,5,7,4,4,5,4,5,2,16,1,29,3,10,3,4,7,6,1,8,1,2,,9,9,1,22,9,121.5188247,25.0947033
111,11,7,15,7,2,08士林區,士林區基河路368號,0,0,2,2,C03,8,1,5,50,14,9,1,5,4,5,7,4,4,5,4,5,2,16,1,34,2,9,3,4,7,9,1,10,1,14,,44,9,1,22,9,121.5188247,25.0947033
111,11,7,15,7,2,08士林區,士林區基河路368號,0,0,2,3,H02,8,1,5,50,14,9,1,5,4,5,7,4,4,5,4,5,2,16,1,41,2,9,4,5,7,20,8,20,10,16,,67,9,1,22,9,121.5188247,25.0947033
111,11,7,15,53,2,04大安區,大安區建國南路1段270巷,0,0,1,1,B03,8,1,5,30,14,9,1,5,4,5,7,4,4,10,5,5,1,5,1,75,4,11,3,4,7,15,7,19,11,15,,42,42,2,22,9,121.5367719,25.0364601
111,11,7,15,53,2,04大安區,大安區建國南路1段270巷,0,0,1,2,H01,8,1,5,30,14,9,1,5,4,5,7,4,4,10,5,5,1,5,2,37,2,8,4,5,8,16,8,20,10,16,,53,42,1,22,9,121.5367719,25.0364601
111,11,7,15,55,2,09北投區,北投區大興街與磺港路口,0,0,1,1,B02,8,1,5,50,4,1,1,5,4,5,6,2,1,4,1,5,2,17,1,34,3,10,1,1,7,5,1,8,1,5,,6,6,1,22,9,121.5036823,25.1308949
111,11,7,15,55,2,09北投區,北投區大興街與磺港路口,0,0,1,2,C04,8,1,5,50,4,1,1,5,4,5,6,2,1,4,1,5,2,17,2,64,2,7,1,1,7,9,1,11,1,11,,44,6,1,22,9,121.5036823,25.1308949
111,11,7,16,0,2,03中山區,中山區市民大道3段與松江路口,0,0,1,1,C03,7,1,5,40,4,2,1,5,4,5,7,2,1,4,3,5,2,13,1,45,3,10,3,4,7,12,3,18,2,13,,42,42,1,22,9,121.5333612,25.0454151
111,11,7,16,0,2,03中山區,中山區市民大道3段與松江路口,0,0,1,2,C03,7,1,5,40,4,2,1,5,4,5,7,2,1,4,3,5,2,13,1,51,2,9,3,4,7,9,1,10,2,11,,13,42,1,22,9,121.5333612,25.0454151
111,11,7,16,43,2,03中山區,中山區樂群三路51號,0,0,2,1,C03,7,1,5,50,14,9,1,5,4,5,7,4,4,5,5,5,2,17,2,52,2,9,1,1,7,5,1,10,2,12,,26,26,1,22,9,121.5526651,25.0826762
111,11,7,16,43,2,03中山區,中山區樂群三路51號,0,0,2,2,C03,7,1,5,50,14,9,1,5,4,5,7,4,4,5,5,5,2,17,1,20,2,9,1,1,7,9,1,10,2,11,,44,26,1,22,9,121.5526651,25.0826762
111,11,7,17,20,2,05中正區,中正區愛國西路與延平南路口,0,0,1,1,B03,7,2,5,50,4,1,1,5,4,5,7,1,1,1,4,5,2,3,2,35,3,10,1,1,7,5,1,8,2,5,,15,15,1,22,9,121.5079975,25.0370805
111,11,7,17,20,2,05中正區,中正區愛國西路與延平南路口,0,0,1,2,H01,7,2,5,50,4,1,1,5,4,5,7,1,1,1,4,5,2,3,2,71,2,9,4,5,8,16,8,20,10,16,,51,15,1,22,9,121.5079975,25.0370805
111,11,7,17,26,2,07信義區,信義區信義路4段與基隆路2段口,0,0,1,1,A02,8,3,5,50,4,1,1,5,4,5,7,1,1,1,4,5,2,9,1,59,3,10,3,4,7,9,1,2,9,15,,43,43,1,22,9,121.5596368,25.0329763
111,11,7,17,26,2,07信義區,信義區信義路4段與基隆路2段口,0,0,1,2,H02,8,3,5,50,4,1,1,5,4,5,7,1,1,1,4,5,2,9,2,75,2,9,4,5,7,20,8,20,10,16,,67,43,1,22,9,121.5596368,25.0329763
111,11,7,17,26,2,07信義區,信義區信義路4段與基隆路2段口,0,0,1,3,,8,3,5,50,4,1,1,5,4,5,7,1,1,1,4,5,2,9,3,,,,,,,,,,,,,67,43,1,,,121.5596368,25.0329763
111,11,7,17,26,2,07信義區,信義區信義路4段與基隆路2段口,0,0,1,4,,8,3,5,50,4,1,1,5,4,5,7,1,1,1,4,5,2,9,4,,4,11,3,4,7,15,7,19,11,15,,43,43,2,22,9,121.5596368,25.0329763
111,11,7,17,29,2,03中山區,中山區八德路2段225號,0,0,1,2,C03,6,3,5,50,14,9,1,4,4,5,7,4,4,4,3,5,2,16,1,26,2,9,3,4,7,9,1,10,2,11,,44,10,1,22,9,121.5401253,25.0466721
111,11,7,17,29,2,03中山區,中山區八德路2段225號,0,0,1,1,B12,6,3,5,50,14,9,1,4,4,5,7,4,4,4,3,5,2,16,1,64,3,10,3,4,7,11,1,8,2,5,,10,10,1,22,9,121.5401253,25.0466721
111,11,7,17,48,2,07信義區,信義區基隆路2段33號,0,0,1,1,B03,6,3,5,50,14,9,1,4,4,5,7,4,4,1,4,5,2,16,1,54,3,10,1,1,7,8,1,8,1,2,,7,7,1,22,9,121.5590293,25.031955
111,11,7,17,48,2,07信義區,信義區基隆路2段33號,0,0,1,2,C03,6,3,5,50,14,9,1,4,4,5,7,4,4,1,4,5,2,16,1,20,2,9,1,1,7,9,1,10,1,14,,13,7,1,22,9,121.5590293,25.031955
111,11,7,18,3,2,05中正區,中正區市民大道1段168號,0,0,1,1,B01,8,3,5,40,14,9,1,5,4,5,7,4,4,9,4,5,1,13,1,69,3,10,1,1,7,1,1,4,9,15,,43,44,1,22,9,121.5186719,25.048291
111,11,7,18,3,2,05中正區,中正區市民大道1段168號,0,0,1,2,C03,8,3,5,40,14,9,1,5,4,5,7,4,4,9,4,5,1,13,2,18,2,9,1,1,7,9,1,10,9,11,,43,44,1,22,9,121.5186719,25.048291
111,11,7,18,3,2,05中正區,中正區市民大道1段168號,0,0,1,3,,8,3,5,40,14,9,1,5,4,5,7,4,4,9,4,5,1,13,4,,4,11,3,4,7,15,7,19,11,15,,44,44,2,22,9,121.5186719,25.048291
111,11,7,18,5,2,10文山區,文山區和平東路4段與和平東路4段295巷口口,0,0,2,1,C03,6,3,5,50,3,1,1,4,4,5,7,2,1,4,4,5,1,16,2,48,2,8,1,4,7,5,1,10,1,12,,6,6,1,22,9,121.5730852,25.00070246
111,11,7,18,5,2,10文山區,文山區和平東路4段與和平東路4段295巷口口,0,0,2,2,C03,6,3,5,50,3,1,1,4,4,5,7,2,1,4,4,5,1,16,1,22,2,9,1,4,7,9,1,10,1,11,,44,6,1,22,9,121.5730852,25.00070246
111,11,7,18,30,2,06松山區,松山區八德路4段與塔悠路口,0,0,1,1,B03,7,3,5,40,4,1,1,5,4,5,7,1,1,1,4,4,2,16,1,72,3,10,1,1,7,9,1,8,1,5,,17,17,1,22,9,121.5721461,25.04997505
111,11,7,18,30,2,06松山區,松山區八德路4段與塔悠路口,0,0,1,2,C03,7,3,5,40,4,1,1,5,4,5,7,1,1,1,4,4,2,16,1,53,2,9,1,1,7,9,1,10,1,14,,17,17,1,22,9,121.5721461,25.04997505
111,11,7,18,32,2,03中山區,中山區民族東路410巷59號,0,0,1,1,B03,7,3,5,50,14,9,1,5,4,5,7,4,4,8,5,5,1,11,1,39,4,11,3,4,7,15,7,19,11,15,,4,43,2,22,9,121.5383149,25.06498982
111,11,7,18,32,2,03中山區,中山區民族東路410巷59號,0,0,1,2,C04,7,3,5,50,14,9,1,5,4,5,7,4,4,8,5,5,1,11,2,23,2,9,1,4,7,9,1,10,1,14,,44,43,1,22,9,121.5383149,25.06498982
111,11,7,18,33,2,04大安區,大安區建國南路2段與和平東路2段76巷2弄口,0,0,1,1,C03,6,3,5,50,4,2,1,4,4,5,7,1,1,10,4,4,2,29,2,30,2,6,1,1,7,12,1,10,1,14,,42,42,1,22,9,121.5379179,25.0249381
111,11,7,18,33,2,04大安區,大安區建國南路2段與和平東路2段76巷2弄口,0,0,1,2,,6,3,5,50,4,2,1,4,4,5,7,1,1,10,4,4,2,29,3,,,,,,,,,,,,,67,42,1,,,121.5379179,25.0249381
111,11,7,18,33,2,04大安區,大安區建國南路2段與和平東路2段76巷2弄口,0,0,1,3,B12,6,3,5,50,4,2,1,4,4,5,7,1,1,10,4,4,2,29,4,,4,11,3,4,7,15,7,19,11,15,,43,42,2,22,9,121.5379179,25.0249381
111,11,7,18,34,2,12內湖區,內湖區行愛路與新湖一路口,0,0,2,1,C03,6,1,5,40,3,1,1,4,4,5,7,4,4,5,5,4,2,5,2,46,2,9,1,1,7,9,1,10,1,15,,23,23,1,22,9,121.5815307,25.0620662
111,11,7,18,34,2,12內湖區,內湖區行愛路與新湖一路口,0,0,2,2,H01,6,1,5,40,3,1,1,4,4,5,7,4,4,5,5,4,2,5,1,63,2,9,4,5,8,17,8,20,1,16,,67,23,1,22,9,121.5815307,25.0620662
111,11,7,18,56,2,09北投區,北投區大度路3段與知行路口,0,0,1,1,C03,8,3,5,50,4,1,1,5,4,5,7,2,1,10,4,5,2,16,2,55,2,9,1,1,7,5,1,10,9,14,,8,8,1,22,9,121.4669064,25.1230345
111,11,7,18,56,2,09北投區,北投區大度路3段與知行路口,0,0,1,2,B03,8,3,5,50,4,1,1,5,4,5,7,2,1,10,4,5,2,16,1,58,3,10,1,1,7,9,1,8,9,1,,44,8,1,22,9,121.4669064,25.1230345
111,11,7,19,25,2,04大安區,大安區和平東路2段18巷對面,0,0,1,1,B01,8,3,5,0,14,9,1,5,4,5,7,4,4,1,4,5,2,13,1,62,3,10,1,1,7,9,1,4,1,1,,23,23,1,22,9,121.5359678,25.02591442
111,11,7,19,25,2,04大安區,大安區和平東路2段18巷對面,0,0,1,2,B01,8,3,5,0,14,9,1,5,4,5,7,4,4,1,4,5,2,13,1,46,2,2,1,1,7,14,1,4,1,3,,44,23,1,22,9,121.5359678,25.02591442