發生年度,發生月,發生日,發生時-Hours,發生分,處理別-編號,區序,肇事地點,死亡人數,2-30日死亡人數,受傷人數,當事人序號,車種,天候,光線,道路類別,速限-速度限制,道路型態,事故位置,路面狀況1,路面狀況2,路面狀況3,道路障礙1,道路障礙2,號誌1,號誌2,車道劃分-分向,車道劃分-分道1,車道劃分-分道2,車道劃分-分道3,事故類型及型態,性別,年齡,受傷程度,主要傷處,安全帽,行動電話,車輛用途,當事者行動狀態,駕駛資格情形,駕駛執照種類,飲酒情形,車輛撞擊部位1,車輛撞擊部位2,肇因碼-個別,肇因碼-主要,個人肇逃否,職業,旅次目的,座標-X,座標-Y
111,11,7,19,25,2,04大安區,大安區和平東路2段18巷對面,0,0,1,3,B01,8,3,5,0,14,9,1,5,4,5,7,4,4,1,4,5,2,13,1,64,3,10,1,1,7,14,1,4,1,3,,44,23,1,22,9,121.5359678,25.02591442
111,11,7,19,30,2,08士林區,士林區中山北路6段204號,0,0,1,1,C03,7,3,5,50,14,9,1,5,4,5,7,4,4,1,4,5,2,12,1,38,3,10,1,1,7,9,1,10,2,12,,23,23,1,22,9,121.5252757,25.10830979
111,11,7,19,30,2,08士林區,士林區中山北路6段204號,0,0,1,2,B03,7,3,5,50,14,9,1,5,4,5,7,4,4,1,4,5,2,12,1,40,3,10,1,1,7,1,1,8,2,8,,19,23,1,22,9,121.5252757,25.10830979
111,11,7,19,30,2,08士林區,士林區中山北路6段204號,0,0,1,3,H02,7,3,5,50,14,9,1,5,4,5,7,4,4,1,4,5,2,12,2,35,2,8,1,5,7,20,8,20,10,16,,67,23,1,22,9,121.5252757,25.10830979
111,11,7,19,39,2,09北投區,北投區中央北路4段與學園路口,0,0,1,1,C03,8,3,5,50,14,9,1,5,4,5,7,1,1,9,4,5,2,16,1,19,3,10,1,1,7,5,1,10,2,12,,6,6,1,22,9,121.4659532,25.12669375
111,11,7,19,39,2,09北投區,北投區中央北路4段與學園路口,0,0,1,2,C03,8,3,5,50,14,9,1,5,4,5,7,1,1,9,4,5,2,16,2,32,2,9,1,1,7,9,1,10,2,11,,44,6,1,22,9,121.4659532,25.12669375
111,11,7,19,53,2,12內湖區,內湖區行忠路與行愛路口口,0,0,1,1,B01,6,3,5,50,4,1,1,4,4,5,7,2,1,5,4,4,1,3,1,64,3,10,1,1,7,5,1,3,2,5,,15,15,1,22,9,121.5787585,25.06603328
111,11,7,19,53,2,12內湖區,內湖區行忠路與行愛路口口,0,0,1,2,H01,6,3,5,50,4,1,1,4,4,5,7,2,1,5,4,4,1,3,2,61,2,9,4,1,8,16,8,20,10,16,,67,15,1,22,9,121.5787585,25.06603328
111,11,7,20,20,2,12內湖區,內湖區東湖路113巷與東湖路113巷49弄口,0,0,1,1,B03,6,1,5,50,4,1,1,4,4,5,7,1,1,4,3,5,1,12,1,50,3,10,3,4,7,11,1,8,1,1,,10,10,1,22,9,121.6160294,25.0701542
111,11,7,20,20,2,12內湖區,內湖區東湖路113巷與東湖路113巷49弄口,0,0,1,2,F01,6,1,5,50,4,1,1,4,4,5,7,1,1,4,3,5,1,12,2,66,2,8,1,1,7,9,8,20,1,16,,27,10,1,22,9,121.6160294,25.0701542
111,11,7,20,26,2,03中山區,中山區市民大道2段與天津街口,0,0,1,1,B01,7,3,5,50,4,1,1,5,4,5,7,2,1,5,5,5,2,12,1,34,3,10,3,4,7,9,1,4,1,8,,23,23,1,22,9,121.5224645,25.0483049
111,11,7,20,26,2,03中山區,中山區市民大道2段與天津街口,0,0,1,2,C03,7,3,5,50,4,1,1,5,4,5,7,2,1,5,5,5,2,12,2,32,2,9,1,1,7,8,1,10,1,12,,7,23,1,22,9,121.5224645,25.0483049
111,11,7,20,32,2,03中山區,中山區龍江路與合江街73巷口,0,0,2,1,C03,7,3,5,30,4,1,1,5,4,5,7,4,4,4,4,5,1,16,2,58,2,9,1,4,7,9,1,10,2,14,,6,6,1,22,9,121.5407017,25.05874162
111,11,7,20,32,2,03中山區,中山區龍江路與合江街73巷口,0,0,2,2,C03,7,3,5,30,4,1,1,5,4,5,7,4,4,4,4,5,1,16,1,73,2,9,1,4,7,9,3,18,2,12,,14,6,1,22,9,121.5407017,25.05874162
111,11,7,21,12,2,03中山區,中山區北安路535號,0,0,2,1,C03,8,3,5,50,14,9,1,5,4,5,7,1,1,1,3,5,1,17,2,18,2,9,1,1,7,9,1,10,2,12,,26,26,1,22,9,121.5473394,25.0798729
111,11,7,21,12,2,03中山區,中山區北安路535號,0,0,2,2,C01,8,3,5,50,14,9,1,5,4,5,7,1,1,1,3,5,1,17,2,21,2,9,1,1,7,9,1,9,2,11,,44,26,1,22,9,121.5473394,25.0798729
111,11,7,21,15,2,05中正區,中正區中華路1段9巷與中華路1段口口,0,0,2,1,B03,7,4,5,50,4,1,1,5,4,5,7,1,1,1,4,5,2,17,1,51,3,10,1,1,7,8,1,8,2,15,,7,7,1,22,9,121.5099211,25.0470207
111,11,7,21,15,2,05中正區,中正區中華路1段9巷與中華路1段口口,0,0,2,2,C03,7,4,5,50,4,1,1,5,4,5,7,1,1,1,4,5,2,17,1,32,2,9,1,1,7,9,1,9,2,14,,42,7,1,22,9,121.5099211,25.0470207
111,11,7,21,15,2,05中正區,中正區中華路1段9巷與中華路1段口口,0,0,2,3,C03,7,4,5,50,4,1,1,5,4,5,7,1,1,1,4,5,2,17,1,38,2,9,1,1,7,9,1,10,2,14,,42,7,1,22,9,121.5099211,25.0470207
111,11,7,21,43,2,02萬華區,萬華區環河南路2段與桂林路口,0,0,2,1,C03,8,3,5,50,4,1,1,5,4,5,7,1,1,8,5,5,2,15,1,54,2,8,1,1,7,9,6,10,2,11,,25,25,1,22,9,121.4972411,25.03854118
111,11,7,21,43,2,02萬華區,萬華區環河南路2段與桂林路口,0,0,2,2,C03,8,3,5,50,4,1,1,5,4,5,7,1,1,8,5,5,2,15,2,30,2,8,1,1,7,9,1,10,2,11,,44,25,1,22,9,121.4972411,25.03854118
111,11,7,21,50,2,10文山區,文山區木柵路1段與辛亥路6段口,0,0,1,1,B03,8,3,5,50,4,1,1,5,4,5,7,1,1,5,4,5,2,16,2,50,3,10,1,1,7,5,1,8,2,5,,44,44,1,22,9,121.5523466,24.9878694
111,11,7,21,50,2,10文山區,文山區木柵路1段與辛亥路6段口,0,0,1,2,C03,8,3,5,50,4,1,1,5,4,5,7,1,1,5,4,5,2,16,2,20,2,9,1,1,7,9,1,10,2,11,,25,44,1,22,9,121.5523466,24.9878694
111,11,7,21,56,2,08士林區,士林區中正路606號迴轉道,0,0,1,1,C03,7,3,5,50,15,6,1,5,4,5,7,4,4,1,4,5,2,12,2,20,2,9,1,1,7,5,1,10,1,13,,8,8,1,22,9,121.5095762,25.0869227
111,11,7,21,56,2,08士林區,士林區中正路606號迴轉道,0,0,1,2,C03,7,3,5,50,15,6,1,5,4,5,7,4,4,1,4,5,2,12,1,18,3,10,1,1,7,9,1,10,1,11,,13,8,1,22,9,121.5095762,25.0869227
111,11,7,23,8,2,09北投區,北投區承德路6段與承德路7段口,0,0,1,1,B01,7,3,5,60,4,2,1,5,4,5,7,1,1,1,4,5,2,16,1,67,3,10,1,1,7,8,1,4,2,5,,7,7,1,22,9,121.5113024,25.11070138
111,11,7,23,8,2,09北投區,北投區承德路6段與承德路7段口,0,0,1,2,C03,7,3,5,60,4,2,1,5,4,5,7,1,1,1,4,5,2,16,1,60,2,9,1,1,7,5,1,10,2,14,,44,7,1,22,9,121.5113024,25.11070138
111,11,8,2,37,2,04大安區,大安區市民大道3段與八德路2段口,0,0,1,1,B12,8,3,5,40,4,1,1,5,4,5,7,1,1,1,3,1,2,15,1,41,3,10,1,1,7,11,1,8,1,1,,10,10,1,22,9,121.5345474,25.0449822
111,11,8,2,37,2,04大安區,大安區市民大道3段與八德路2段口,0,0,1,2,B01,8,3,5,40,4,1,1,5,4,5,7,1,1,1,3,1,2,15,1,43,3,10,1,1,7,9,1,4,1,2,,44,10,1,22,9,121.5345474,25.0449822
111,11,8,2,37,2,04大安區,大安區市民大道3段與八德路2段口,0,0,1,3,H02,8,3,5,40,4,1,1,5,4,5,7,1,1,1,3,1,2,15,2,40,2,1,4,5,7,21,8,20,10,15,,67,10,1,22,9,121.5345474,25.0449822
111,11,8,5,40,2,02萬華區,萬華區昆明街與長沙街2段口,0,0,2,1,H01,6,3,5,50,4,2,1,4,4,5,7,2,1,10,4,5,1,9,1,69,2,9,3,4,8,16,8,20,10,16,,52,52,1,22,9,121.5042889,25.0403509
111,11,8,5,40,2,02萬華區,萬華區昆明街與長沙街2段口,0,0,2,2,C03,6,3,5,50,4,2,1,4,4,5,7,2,1,10,4,5,1,9,1,27,2,9,3,4,7,9,1,10,2,11,,15,52,1,22,9,121.5042889,25.0403509
111,11,8,5,59,2,07信義區,信義區中坡南路229-1號,0,0,2,1,C03,6,2,5,30,14,7,1,4,4,5,7,4,4,5,5,4,2,13,1,42,2,8,3,4,7,9,1,10,1,11,,23,23,1,22,9,121.5849546,25.0405478
111,11,8,5,59,2,07信義區,信義區中坡南路229-1號,0,0,2,2,F01,6,2,5,30,14,7,1,4,4,5,7,4,4,5,5,4,2,13,1,75,2,9,3,4,7,9,8,20,1,16,,5,23,1,22,9,121.5849546,25.0405478
111,11,8,6,39,2,05中正區,中正區南昌路1段與南海路口,0,0,1,1,B12,6,1,5,30,14,9,1,4,4,5,7,1,1,10,4,5,2,15,1,53,3,10,1,1,7,9,1,8,1,8,,25,25,1,22,9,121.516295,25.0322532
111,11,8,6,39,2,05中正區,中正區南昌路1段與南海路口,0,0,1,2,C03,6,1,5,30,14,9,1,4,4,5,7,1,1,10,4,5,2,15,2,51,2,8,1,1,7,9,1,10,1,11,,13,25,1,22,9,121.516295,25.0322532
111,11,8,7,37,2,01大同區,大同區延平北路2段247巷與重慶北路2段口,0,0,1,1,C04,7,1,5,30,3,2,1,4,4,5,7,4,4,8,3,5,1,16,2,62,2,9,1,1,7,6,1,10,2,14,,6,6,1,22,9,121.5134763,25.06253493
111,11,8,7,37,2,01大同區,大同區延平北路2段247巷與重慶北路2段口,0,0,1,2,B01,7,1,5,30,3,2,1,4,4,5,7,4,4,8,3,5,1,16,1,67,3,10,1,1,7,9,1,4,2,6,,23,6,1,22,9,121.5134763,25.06253493
111,11,8,7,39,2,05中正區,中正區濟南路2段與忠孝東路2段134巷口,0,0,2,1,F01,6,1,5,30,4,1,1,4,4,3,7,4,4,5,4,5,2,15,1,21,2,8,1,1,7,9,8,20,2,16,,6,6,1,22,9,121.5316355,25.0402533
111,11,8,7,39,2,05中正區,中正區濟南路2段與忠孝東路2段134巷口,0,0,2,2,C03,6,1,5,30,4,1,1,4,4,3,7,4,4,5,4,5,2,15,1,43,2,9,1,1,7,9,1,10,2,14,,13,6,1,22,9,121.5316355,25.0402533
111,11,8,7,39,2,05中正區,中正區濟南路2段與忠孝東路2段134巷口,0,0,2,3,B11,6,1,5,30,4,1,1,4,4,3,7,4,4,5,4,5,2,15,1,58,4,11,3,4,7,14,1,3,11,15,,38,6,1,22,9,121.5316355,25.0402533
111,11,8,7,55,2,08士林區,士林區承德路4段與福港街口,0,0,1,1,B03,7,1,5,50,4,1,1,5,4,5,7,1,1,5,5,5,2,3,1,48,3,10,1,1,7,5,1,8,1,4,,15,15,1,22,9,121.518422,25.0898195
111,11,8,7,55,2,08士林區,士林區承德路4段與福港街口,0,0,1,2,H01,7,1,5,50,4,1,1,5,4,5,7,1,1,5,5,5,2,3,2,43,2,7,4,5,8,16,8,20,10,16,,67,15,1,22,9,121.518422,25.0898195
111,11,8,8,8,2,10文山區,文山區萬美街1段與萬樂街口口,0,0,1,1,C03,6,1,5,50,14,9,1,4,4,5,7,4,4,4,5,5,2,18,1,36,2,9,1,1,7,9,1,10,11,12,,43,43,1,22,9,121.5654237,25.0014261
111,11,8,8,8,2,10文山區,文山區萬美街1段與萬樂街口口,0,0,1,2,,6,1,5,50,14,9,1,4,4,5,7,4,4,4,5,5,2,18,3,,,,,,,,,,,,,67,43,1,,,121.5654237,25.0014261
111,11,8,8,22,2,04大安區,大安區忠孝東路3段246號前,0,0,2,1,C03,6,1,5,50,14,9,1,4,4,5,7,1,1,10,4,5,2,12,1,50,2,9,1,1,7,8,1,10,1,12,,7,7,1,22,9,121.5412959,25.04158156
111,11,8,8,22,2,04大安區,大安區忠孝東路3段246號前,0,0,2,2,C02,6,1,5,50,14,9,1,4,4,5,7,1,1,10,4,5,2,12,1,21,2,9,1,1,7,15,1,9,1,14,,23,7,1,22,9,121.5412959,25.04158156
111,11,8,8,33,2,03中山區,中山區自強隧道圓環往環東大道燈桿處,0,0,3,1,B03,6,1,5,50,16,9,1,4,4,5,7,1,1,1,5,5,1,17,4,,4,11,3,4,7,15,7,19,11,15,,43,43,2,22,9,121.5496698,25.0854225
111,11,8,8,33,2,03中山區,中山區自強隧道圓環往環東大道燈桿處,0,0,3,2,C03,6,1,5,50,16,9,1,4,4,5,7,1,1,1,5,5,1,17,1,32,2,9,3,4,7,9,1,10,1,14,,17,43,1,22,9,121.5496698,25.0854225
111,11,8,8,33,2,03中山區,中山區自強隧道圓環往環東大道燈桿處,0,0,3,3,C03,6,1,5,50,16,9,1,4,4,5,7,1,1,1,5,5,1,17,2,25,2,9,3,4,7,9,1,10,1,12,,23,43,1,22,9,121.5496698,25.0854225
111,11,8,8,33,2,03中山區,中山區自強隧道圓環往環東大道燈桿處,0,0,3,4,C03,6,1,5,50,16,9,1,4,4,5,7,1,1,1,5,5,1,17,2,39,2,9,3,4,7,9,1,10,1,14,,23,43,1,22,9,121.5496698,25.0854225
111,11,8,8,37,2,02萬華區,萬華區忠孝橋往台北市機慢車專用道(忠孝橋往市民大道、南京西路引道下方),0,0,2,1,C03,7,1,5,40,8,11,1,5,4,5,7,4,4,10,5,5,2,13,2,21,2,7,1,1,7,9,1,10,1,11,,16,16,1,22,9,121.5046014,25.0496867
111,11,8,8,37,2,02萬華區,萬華區忠孝橋往台北市機慢車專用道(忠孝橋往市民大道、南京西路引道下方),0,0,2,2,C03,7,1,5,40,8,11,1,5,4,5,7,4,4,10,5,5,2,13,2,51,2,9,1,1,7,9,1,10,1,13,,44,16,1,22,9,121.5046014,25.0496867
111,11,8,8,38,2,09北投區,北投區中央北路1段193號,0,0,1,1,B03,7,1,5,30,14,9,1,5,4,5,7,4,4,10,4,5,2,16,1,53,3,10,1,1,7,1,1,8,1,1,,19,19,1,22,9,121.4975222,25.13570533
111,11,8,8,38,2,09北投區,北投區中央北路1段193號,0,0,1,2,C03,7,1,5,30,14,9,1,5,4,5,7,4,4,10,4,5,2,16,1,49,2,3,1,1,7,9,1,9,1,12,,44,19,1,22,9,121.4975222,25.13570533
111,11,8,8,39,2,06松山區,松山區民生東路5段與民生東路5段137巷口,0,0,1,1,C03,6,1,5,50,4,1,1,4,4,5,7,2,1,1,4,5,2,3,1,46,3,10,1,1,7,9,1,10,5,11,,25,23,1,22,9,121.561565,25.05879443
111,11,8,8,39,2,06松山區,松山區民生東路5段與民生東路5段137巷口,0,0,1,2,H01,6,1,5,50,4,1,1,4,4,5,7,2,1,1,4,5,2,3,2,87,2,9,4,5,8,16,8,20,10,16,,53,23,1,22,9,121.561565,25.05879443
111,11,8,8,40,2,08士林區,士林區重慶北路4段105號,0,0,2,1,C03,7,1,5,40,14,8,1,5,4,5,7,4,4,1,4,4,2,17,1,21,2,9,1,1,7,9,1,10,1,11,,16,16,1,22,9,121.5124928,25.08223192
111,11,8,8,40,2,08士林區,士林區重慶北路4段105號,0,0,2,2,C03,7,1,5,40,14,8,1,5,4,5,7,4,4,1,4,4,2,17,2,68,2,8,1,1,7,9,1,10,1,13,,44,16,1,22,9,121.5124928,25.08223192
111,11,8,8,47,2,03中山區,中山區建國北路2段127號,0,0,1,1,C03,6,1,5,50,14,9,1,4,4,5,7,4,4,9,4,5,2,16,1,25,2,9,1,1,7,9,1,10,1,14,,13,13,1,22,9,121.5372211,25.05995962
111,11,8,8,47,2,03中山區,中山區建國北路2段127號,0,0,1,3,B03,6,1,5,50,14,9,1,4,4,5,7,4,4,9,4,5,2,16,1,61,3,10,3,4,7,13,1,8,1,7,,38,13,1,22,9,121.5372211,25.05995962
111,11,8,8,47,2,03中山區,中山區建國北路2段127號,0,0,1,2,B03,6,1,5,50,14,9,1,4,4,5,7,4,4,9,4,5,2,16,2,33,3,10,3,4,7,9,1,8,1,2,,44,13,1,22,9,121.5372211,25.05995962
111,11,8,8,47,2,03中山區,中山區建國北路2段127號,0,0,1,4,B12,6,1,5,50,14,9,1,4,4,5,7,4,4,9,4,5,2,16,1,62,4,11,3,4,7,15,7,19,11,15,,44,13,2,22,9,121.5372211,25.05995962
111,11,8,9,0,2,09北投區,北投區致遠二路96巷與致遠二路96巷2弄口,0,0,1,1,C03,7,1,5,30,4,1,1,5,4,5,7,4,4,10,5,5,1,16,1,22,3,10,1,1,7,9,1,10,1,11,,6,6,1,22,9,121.5127362,25.11670203
111,11,8,9,0,2,09北投區,北投區致遠二路96巷與致遠二路96巷2弄口,0,0,1,2,C03,7,1,5,30,4,1,1,5,4,5,7,4,4,10,5,5,1,16,2,22,2,8,1,1,7,9,1,10,1,14,,43,6,1,22,9,121.5127362,25.11670203
111,11,8,9,0,2,09北投區,北投區致遠二路96巷與致遠二路96巷2弄口,0,0,1,3,B03,7,1,5,30,4,1,1,5,4,5,7,4,4,10,5,5,1,16,4,,4,11,3,4,7,15,7,19,11,15,,38,6,2,22,9,121.5127362,25.11670203
111,11,8,9,10,2,10文山區,文山區羅斯福路6段206號,0,0,1,1,C03,7,1,5,50,14,9,1,4,4,5,7,4,4,1,4,5,2,13,1,35,2,9,1,1,7,9,1,10,1,11,,23,23,1,22,9,121.5408954,24.9935625
111,11,8,9,10,2,10文山區,文山區羅斯福路6段206號,0,0,1,2,B12,7,1,5,50,14,9,1,4,4,5,7,4,4,1,4,5,2,13,1,50,3,10,1,1,7,14,1,8,1,6,,44,23,1,22,9,121.5408954,24.9935625
111,11,8,9,37,2,01大同區,大同區大龍街與昌吉街口,0,0,1,1,B01,6,1,5,50,4,1,1,4,4,5,7,1,3,5,4,5,2,17,1,65,3,10,1,1,7,5,1,4,2,8,,6,6,1,22,9,121.5160525,25.0658987
111,11,8,9,37,2,01大同區,大同區大龍街與昌吉街口,0,0,1,2,F01,6,1,5,50,4,1,1,4,4,5,7,1,3,5,4,5,2,17,2,78,2,9,1,1,7,11,8,20,2,16,,26,6,1,22,9,121.5160525,25.0658987
111,11,8,9,45,2,09北投區,北投區北投路1段與大興街口,0,0,1,1,B01,7,1,5,50,4,1,1,5,4,5,7,2,1,5,4,4,2,16,1,55,3,10,1,1,7,5,1,3,2,2,,8,8,1,22,9,121.4995933,25.1302376
111,11,8,9,45,2,09北投區,北投區北投路1段與大興街口,0,0,1,2,C03,7,1,5,50,4,1,1,5,4,5,7,2,1,5,4,4,2,16,1,20,2,9,1,1,7,9,1,9,2,11,,13,8,1,22,9,121.4995933,25.1302376
111,11,8,10,3,2,10文山區,文山區新光路2段第1250燈桿旁,0,0,1,1,C03,6,1,5,30,14,9,1,4,4,5,7,4,4,8,5,5,1,17,1,18,2,9,1,1,7,4,1,10,1,14,,16,16,1,22,9,121.5979804,25.00254233
111,11,8,10,3,2,10文山區,文山區新光路2段第1250燈桿旁,0,0,1,2,B01,6,1,5,30,14,9,1,4,4,5,7,4,4,8,5,5,1,17,4,,4,11,3,4,7,15,7,19,11,15,,43,16,2,22,9,121.5979804,25.00254233
111,11,8,10,27,2,07信義區,信義區永吉路384號,0,0,1,1,B01,6,1,5,50,14,9,1,4,4,5,7,1,1,9,4,5,2,13,1,36,3,10,1,1,7,9,1,4,2,1,,42,42,1,22,9,121.5775151,25.0454296
111,11,8,10,27,2,07信義區,信義區永吉路384號,0,0,1,2,C02,6,1,5,50,14,9,1,4,4,5,7,1,1,9,4,5,2,13,1,27,2,7,1,1,7,12,1,9,2,13,,42,42,1,22,9,121.5775151,25.0454296
111,11,8,10,35,2,10文山區,文山區興隆路4段6-17號,0,0,1,1,B03,6,1,5,50,14,9,1,4,4,5,7,4,4,1,3,5,2,17,2,58,3,10,1,1,7,7,1,8,11,15,,7,7,1,22,9,121.5599928,24.988983
111,11,8,10,35,2,10文山區,文山區興隆路4段6-17號,0,0,1,2,C03,6,1,5,50,14,9,1,4,4,5,7,4,4,1,3,5,2,17,2,28,2,7,1,1,7,9,1,10,2,14,,16,7,1,22,9,121.5599928,24.988983
111,11,8,10,50,2,09北投區,北投區復興四路2-2號,0,0,1,1,C03,8,1,5,30,14,9,1,5,4,5,7,4,4,5,5,5,2,16,4,,4,11,3,4,7,15,7,19,11,15,,43,43,2,22,9,121.4995882,25.1415038
111,11,8,10,50,2,09北投區,北投區復興四路2-2號,0,0,1,2,C03,8,1,5,30,14,9,1,5,4,5,7,4,4,5,5,5,2,16,2,36,2,8,1,1,7,9,1,10,11,11,,13,43,1,22,9,121.4995882,25.1415038
111,11,8,11,28,2,05中正區,中正區中華路1段21巷與中華路1段口口,0,0,1,1,B03,6,1,5,50,3,2,1,4,4,5,7,4,4,9,4,4,1,16,1,43,4,11,3,4,7,6,7,19,11,15,,9,9,2,22,9,121.509681,25.04649182
111,11,8,11,28,2,05中正區,中正區中華路1段21巷與中華路1段口口,0,0,1,2,C03,6,1,5,50,3,2,1,4,4,5,7,4,4,9,4,4,1,16,1,20,2,8,1,1,7,9,1,10,1,11,,23,9,1,18,2,121.509681,25.04649182
111,11,8,11,30,2,08士林區,士林區至善路1段與臨溪路口,0,0,1,1,B01,6,1,5,50,3,1,1,4,4,5,7,1,1,1,1,1,1,16,1,51,3,10,1,1,7,5,1,8,1,2,,25,25,1,22,9,121.5424292,25.09711781
111,11,8,11,30,2,08士林區,士林區至善路1段與臨溪路口,0,0,1,2,C03,6,1,5,50,3,1,1,4,4,5,7,1,1,1,1,1,1,16,1,19,2,9,1,1,7,9,1,10,1,11,,44,25,1,22,9,121.5424292,25.09711781
111,11,8,11,36,2,08士林區,士林區延平北路6段505號,0,0,1,1,A31,8,1,5,50,14,12,1,5,4,5,7,4,4,1,4,5,1,17,1,25,4,11,3,4,7,1,7,19,11,15,,19,19,2,22,9,121.4982092,25.09337278
111,11,8,11,36,2,08士林區,士林區延平北路6段505號,0,0,1,2,C03,8,1,5,50,14,12,1,5,4,5,7,4,4,1,4,5,1,17,2,55,2,9,1,1,7,9,1,10,1,11,,42,19,1,22,9,121.4982092,25.09337278
111,11,8,11,36,2,08士林區,士林區延平北路6段505號,0,0,1,3,A02,8,1,5,50,14,12,1,5,4,5,7,4,4,1,4,5,1,17,1,44,3,10,1,1,7,14,1,2,9,15,,38,19,1,22,9,121.4982092,25.09337278
111,11,8,11,37,2,02萬華區,萬華區廣州街92巷與廣州街口,0,0,2,1,C03,6,1,5,50,3,1,1,4,4,5,7,4,4,8,3,5,1,17,2,39,2,8,1,1,7,12,1,10,1,11,,23,23,1,22,9,121.5025922,25.0365784
111,11,8,11,37,2,02萬華區,萬華區廣州街92巷與廣州街口,0,0,2,2,C03,6,1,5,50,3,1,1,4,4,5,7,4,4,8,3,5,1,17,2,68,2,9,1,3,7,14,3,18,1,13,,44,23,1,22,9,121.5025922,25.0365784
111,11,8,11,50,2,03中山區,中山區龍江路與民權東路3段口,0,0,1,1,B03,6,1,5,50,4,2,1,4,4,5,7,1,1,1,4,5,2,3,1,57,3,10,3,4,7,5,1,8,1,1,,23,,1,22,9,121.5410857,25.0622575
111,11,8,11,50,2,03中山區,中山區龍江路與民權東路3段口,0,0,1,2,H01,6,1,5,50,4,2,1,4,4,5,7,1,1,1,4,5,2,3,2,76,2,9,4,5,8,16,8,20,10,16,,51,,1,22,9,121.5410857,25.0622575
111,11,8,11,51,2,10文山區,文山區木新路3段力行國小後門(河堤停車格429號旁),0,0,1,1,C03,6,1,5,30,14,9,1,4,4,5,7,4,4,10,5,5,1,17,1,54,2,8,1,1,7,9,1,9,2,14,,16,16,1,22,9,121.5611906,24.98012302
111,11,8,11,51,2,10文山區,文山區木新路3段力行國小後門(河堤停車格429號旁),0,0,1,2,B03,6,1,5,30,14,9,1,4,4,5,7,4,4,10,5,5,1,17,1,70,3,10,1,1,7,14,1,8,2,15,,42,16,1,22,9,121.5611906,24.98012302
111,11,8,12,30,2,04大安區,大安區敦化南路2段97號,0,0,1,1,C03,6,1,5,50,14,8,1,4,4,5,7,4,4,1,4,1,1,13,1,18,2,9,1,1,7,9,1,10,1,11,,23,16,1,22,9,121.5489985,25.02881492
111,11,8,12,30,2,04大安區,大安區敦化南路2段97號,0,0,1,2,B01,6,1,5,50,14,8,1,4,4,5,7,4,4,1,4,1,1,13,1,57,3,10,1,1,7,14,1,8,1,7,,38,16,1,22,9,121.5489985,25.02881492
111,11,8,12,52,2,11南港區,南港區舊莊街1段215巷與舊莊街1段口213號後方,0,0,1,1,B12,6,1,5,30,14,9,1,4,4,5,7,4,4,9,5,5,2,7,1,68,3,10,3,4,7,9,1,8,2,5,,44,44,1,22,9,121.6228293,25.03867503
111,11,8,12,52,2,11南港區,南港區舊莊街1段215巷與舊莊街1段口213號後方,0,0,1,2,H01,6,1,5,30,14,9,1,4,4,5,7,4,4,9,5,5,2,7,1,88,2,9,4,5,8,16,8,20,10,16,,53,44,1,22,9,121.6228293,25.03867503
111,11,8,13,1,2,08士林區,士林區克強路與文林路770巷口,0,0,2,1,C03,7,1,5,30,4,2,1,4,4,5,7,4,4,10,5,5,1,17,2,33,2,8,1,1,7,9,1,10,2,11,,6,6,1,21,8,121.5224905,25.10919917
111,11,8,13,1,2,08士林區,士林區克強路與文林路770巷口,0,0,2,2,C03,7,1,5,30,4,2,1,4,4,5,7,4,4,10,5,5,1,17,1,27,2,9,1,1,7,9,1,10,2,11,,14,6,1,21,8,121.5224905,25.10919917
111,11,8,13,27,2,12內湖區,內湖區江南街與江南街65巷口,0,0,1,1,B11,6,1,5,50,4,1,1,4,4,5,7,1,1,5,5,5,2,3,1,39,3,10,3,4,7,15,1,4,11,15,,15,15,2,22,9,121.5774626,25.07742128
111,11,8,13,27,2,12內湖區,內湖區江南街與江南街65巷口,0,0,1,2,H01,6,1,5,50,4,1,1,4,4,5,7,1,1,5,5,5,2,3,2,30,2,9,4,5,8,16,8,20,11,16,,67,15,1,22,9,121.5774626,25.07742128
111,11,8,13,40,2,07信義區,信義區基隆路2段與信義路5段口,0,0,1,1,A02,6,1,5,50,4,1,1,4,4,5,7,2,1,2,2,5,2,13,2,48,3,10,1,1,7,9,1,2,2,1,,23,23,1,22,9,121.5596034,25.0329156
111,11,8,13,40,2,07信義區,信義區基隆路2段與信義路5段口,0,0,1,2,C03,6,1,5,50,4,1,1,4,4,5,7,2,1,2,2,5,2,13,1,30,2,8,1,1,7,14,1,10,2,13,,27,23,1,22,9,121.5596034,25.0329156
111,11,8,14,0,2,03中山區,中山區錦州街314號對面,0,0,1,1,B03,6,1,5,50,14,9,1,4,4,5,7,4,4,9,4,5,2,13,1,46,3,10,3,4,7,1,1,8,1,1,,23,19,1,22,9,121.5375326,25.06029428
111,11,8,14,0,2,03中山區,中山區錦州街314號對面,0,0,1,2,C04,6,1,5,50,14,9,1,4,4,5,7,4,4,9,4,5,2,13,2,38,2,8,1,2,7,14,1,11,1,13,,41,19,1,22,9,121.5375326,25.06029428
111,11,8,14,20,2,01大同區,大同區延平北路2段與民生西路口,0,0,1,1,C03,6,1,5,50,4,1,1,4,4,5,7,2,1,5,4,5,2,16,2,33,3,10,1,4,7,5,1,10,1,12,,8,8,1,22,9,121.5115808,25.0569516