發生年度,發生月,發生日,發生時-Hours,發生分,處理別-編號,區序,肇事地點,死亡人數,2-30日死亡人數,受傷人數,當事人序號,車種,天候,光線,道路類別,速限-速度限制,道路型態,事故位置,路面狀況1,路面狀況2,路面狀況3,道路障礙1,道路障礙2,號誌1,號誌2,車道劃分-分向,車道劃分-分道1,車道劃分-分道2,車道劃分-分道3,事故類型及型態,性別,年齡,受傷程度,主要傷處,安全帽,行動電話,車輛用途,當事者行動狀態,駕駛資格情形,駕駛執照種類,飲酒情形,車輛撞擊部位1,車輛撞擊部位2,肇因碼-個別,肇因碼-主要,個人肇逃否,職業,旅次目的,座標-X,座標-Y
111,11,8,14,20,2,01大同區,大同區延平北路2段與民生西路口,0,0,1,2,C03,6,1,5,50,4,1,1,4,4,5,7,2,1,5,4,5,2,16,2,47,2,4,1,4,7,9,1,10,1,11,,44,8,1,22,9,121.5115808,25.0569516
111,11,8,14,31,2,03中山區,中山區自強隧道北往南,0,0,1,1,C03,6,3,5,50,6,9,1,4,4,5,7,4,4,5,2,5,2,13,1,22,2,8,3,4,7,9,1,10,1,11,,23,23,1,22,9,121.548953,25.0876416
111,11,8,14,31,2,03中山區,中山區自強隧道北往南,0,0,1,2,A12,6,3,5,50,6,9,1,4,4,5,7,4,4,5,2,5,2,13,1,54,3,10,3,4,7,9,1,7,1,6,,44,23,1,22,9,121.548953,25.0876416
111,11,8,14,36,2,07信義區,信義區市民大道6段220號,0,0,2,1,C03,6,1,5,40,14,9,1,4,4,5,7,4,4,10,4,5,2,13,1,63,2,8,1,1,7,9,1,10,1,11,,16,16,1,22,9,121.5763721,25.0490932
111,11,8,14,36,2,07信義區,信義區市民大道6段220號,0,0,2,2,C03,6,1,5,40,14,9,1,4,4,5,7,4,4,10,4,5,2,13,1,32,3,10,1,1,7,14,1,10,1,13,,44,16,1,22,9,121.5763721,25.0490932
111,11,8,14,36,2,07信義區,信義區市民大道6段220號,0,0,2,3,H02,6,1,5,40,14,9,1,4,4,5,7,4,4,10,4,5,2,13,2,59,2,8,4,5,7,21,8,20,10,16,,67,16,1,22,9,121.5763721,25.0490932
111,11,8,14,54,2,10文山區,文山區木柵路1段69號前,0,0,1,1,B12,6,1,5,50,14,9,1,4,4,5,7,4,4,5,2,5,2,17,1,64,3,10,3,4,7,11,1,8,2,4,,10,10,1,22,9,121.5464697,24.98681343
111,11,8,14,54,2,10文山區,文山區木柵路1段69號前,0,0,1,2,C03,6,1,5,50,14,9,1,4,4,5,7,4,4,5,2,5,2,17,2,19,2,9,3,4,7,9,1,10,2,11,,23,10,1,22,9,121.5464697,24.98681343
111,11,8,15,30,2,01大同區,大同區民族西路225巷1號對面,0,0,1,1,B03,6,3,5,30,14,9,1,4,4,5,7,4,4,10,5,5,2,17,1,43,3,10,1,1,7,13,1,8,1,4,,40,40,1,22,9,121.5122476,25.0690399
111,11,8,15,30,2,01大同區,大同區民族西路225巷1號對面,0,0,1,2,C03,6,3,5,30,14,9,1,4,4,5,7,4,4,10,5,5,2,17,1,41,2,8,1,1,7,9,1,10,1,12,,44,40,1,22,9,121.5122476,25.0690399
111,11,8,15,30,2,02萬華區,萬華區西寧南路與貴陽街2段口,0,0,1,1,B03,6,1,5,50,4,2,1,4,4,5,7,2,1,10,4,5,2,3,1,36,3,10,1,1,7,5,1,8,1,8,,15,,1,22,9,121.506289,25.0394101
111,11,8,15,30,2,02萬華區,萬華區西寧南路與貴陽街2段口,0,0,1,2,H01,6,1,5,50,4,2,1,4,4,5,7,2,1,10,4,5,2,3,2,22,2,9,4,5,8,16,8,20,10,16,,67,,1,22,9,121.506289,25.0394101
111,11,8,15,33,2,05中正區,中正區仁愛路1段42號,0,0,2,1,C03,6,1,5,50,14,9,1,4,4,5,7,4,4,10,4,1,1,12,1,50,3,10,1,1,7,9,1,10,2,11,,23,23,1,22,9,121.5239261,25.0383684
111,11,8,15,33,2,05中正區,中正區仁愛路1段42號,0,0,2,2,C03,6,1,5,50,14,9,1,4,4,5,7,4,4,10,4,1,1,12,1,65,2,3,1,1,7,9,1,10,2,13,,44,23,1,22,9,121.5239261,25.0383684
111,11,8,15,33,2,05中正區,中正區仁愛路1段42號,0,0,2,3,C04,6,1,5,50,14,9,1,4,4,5,7,4,4,10,4,1,1,12,2,20,2,9,1,1,7,9,1,8,9,11,,42,23,1,22,9,121.5239261,25.0383684
111,11,8,15,33,2,05中正區,中正區仁愛路1段42號,0,0,2,4,B03,6,1,5,50,14,9,1,4,4,5,7,4,4,10,4,1,1,12,1,33,3,10,1,1,7,9,1,8,2,3,,44,23,1,22,9,121.5239261,25.0383684
111,11,8,15,47,2,05中正區,中正區忠孝東路2段與金山南路1段口,0,0,1,1,C03,8,1,5,50,4,1,1,5,4,5,7,1,1,10,5,5,2,12,2,22,2,9,1,1,7,7,1,10,2,14,,7,7,1,22,9,121.5300634,25.0431418
111,11,8,15,47,2,05中正區,中正區忠孝東路2段與金山南路1段口,0,0,1,2,B12,8,1,5,50,4,1,1,5,4,5,7,1,1,10,5,5,2,12,1,29,3,10,1,1,7,9,1,8,2,5,,42,7,1,22,9,121.5300634,25.0431418
111,11,8,16,0,2,07信義區,信義區松山路393巷與忠孝東路5段621巷口,0,0,1,1,C03,6,1,5,30,4,1,1,4,4,5,7,4,4,10,5,5,2,16,1,26,3,10,1,1,7,9,1,10,1,11,,14,14,1,22,9,121.5789007,25.0420143
111,11,8,16,0,2,07信義區,信義區松山路393巷與忠孝東路5段621巷口,0,0,1,2,C03,6,1,5,30,4,1,1,4,4,5,7,4,4,10,5,5,2,16,2,35,2,7,1,1,7,9,1,10,1,12,,6,14,1,22,9,121.5789007,25.0420143
111,11,8,16,5,2,04大安區,大安區延吉街與光復南路308巷口,0,0,1,1,C03,6,1,5,50,4,1,1,4,4,5,7,4,4,10,5,5,2,18,1,32,2,9,1,1,7,12,1,10,1,14,,42,42,1,22,9,121.5551362,25.0389956
111,11,8,16,5,2,04大安區,大安區延吉街與光復南路308巷口,0,0,1,2,,6,1,5,50,4,1,1,4,4,5,7,4,4,10,5,5,2,18,3,,,,,,,,,,,,,67,42,1,,,121.5551362,25.0389956
111,11,8,17,10,2,01大同區,大同區鄭州路與鄭州路29巷口,0,0,1,1,C03,7,3,5,40,3,2,1,5,4,5,7,1,1,1,4,5,2,12,2,61,4,11,3,4,7,15,7,19,11,15,,17,43,2,22,9,121.5141701,25.0493406
111,11,8,17,10,2,01大同區,大同區鄭州路與鄭州路29巷口,0,0,1,2,C03,7,3,5,40,3,2,1,5,4,5,7,1,1,1,4,5,2,12,1,21,2,7,1,1,7,9,1,10,11,12,,44,43,1,22,9,121.5141701,25.0493406
111,11,8,17,31,2,03中山區,中山區復興北路164號,0,0,1,1,B03,6,3,5,50,14,9,1,4,4,5,7,2,1,1,4,5,2,13,1,22,3,10,3,4,7,9,1,8,1,1,,16,16,1,22,9,121.5440131,25.0534334
111,11,8,17,31,2,03中山區,中山區復興北路164號,0,0,1,2,B03,6,3,5,50,14,9,1,4,4,5,7,2,1,1,4,5,2,13,2,59,2,2,3,4,7,9,1,10,1,3,,44,16,1,22,9,121.5440131,25.0534334
111,11,8,17,36,2,09北投區,北投區承信路與無名路口,0,0,1,1,B03,6,3,5,50,4,1,1,4,4,5,7,4,4,5,4,5,2,15,1,56,3,10,1,1,7,9,1,4,1,6,,6,6,1,22,9,121.5127305,25.1060588
111,11,8,17,36,2,09北投區,北投區承信路與無名路口,0,0,1,2,C03,6,3,5,50,4,1,1,4,4,5,7,4,4,5,4,5,2,15,1,22,2,8,1,1,7,9,1,10,1,11,,14,6,1,22,9,121.5127305,25.1060588
111,11,8,17,37,2,09北投區,北投區中央北路2段與中央北路2段131巷口,0,0,1,1,B03,8,1,5,30,3,2,1,5,4,5,7,4,4,9,5,5,1,16,1,52,3,10,1,1,7,5,1,8,1,7,,8,8,1,22,9,121.4941866,25.1373641
111,11,8,17,37,2,09北投區,北投區中央北路2段與中央北路2段131巷口,0,0,1,2,C03,8,1,5,30,3,2,1,5,4,5,7,4,4,9,5,5,1,16,2,18,2,8,1,1,7,9,1,10,1,11,,44,8,1,22,9,121.4941866,25.1373641
111,11,8,17,38,2,09北投區,北投區中央北路1段150號,0,0,1,1,C03,6,2,5,50,14,9,1,4,4,5,7,4,4,4,5,5,2,18,2,47,2,9,1,1,7,15,1,10,1,14,,42,50,1,22,9,121.4986293,25.1354214
111,11,8,17,38,2,09北投區,北投區中央北路1段150號,0,0,1,2,,6,2,5,50,14,9,1,4,4,5,7,4,4,4,5,5,2,18,3,,,,,,,,,,,,,67,50,1,,,121.4986293,25.1354214
111,11,8,17,45,2,09北投區,距福國路與承平路口往東第3支燈桿,0,0,1,1,B01,6,2,5,50,14,9,1,4,4,5,7,4,4,5,4,5,2,16,1,54,3,10,1,1,7,11,1,2,1,8,,26,26,1,22,9,121.5085819,25.1014876
111,11,8,17,45,2,09北投區,距福國路與承平路口往東第3支燈桿,0,0,1,2,C03,6,2,5,50,14,9,1,4,4,5,7,4,4,5,4,5,2,16,1,32,2,9,1,1,7,9,1,10,1,11,,44,26,1,22,9,121.5085819,25.1014876
111,11,8,18,2,2,01大同區,大同區安西街與迪化街1段307巷口,0,0,1,1,C03,6,3,5,30,4,1,1,4,4,5,7,4,4,10,5,5,1,15,1,22,3,10,1,4,7,9,1,9,2,14,,23,23,1,22,9,121.5097544,25.0620829
111,11,8,18,2,2,01大同區,大同區安西街與迪化街1段307巷口,0,0,1,2,C03,6,3,5,30,4,1,1,4,4,5,7,4,4,10,5,5,1,15,1,39,2,8,1,4,7,9,1,10,2,11,,44,23,1,22,9,121.5097544,25.0620829
111,11,8,18,10,2,12內湖區,內湖區內湖路1段230號前,0,0,2,1,C03,6,3,5,50,14,8,1,4,4,5,7,4,4,1,4,4,2,16,2,36,2,9,1,1,7,7,1,10,1,13,,7,7,1,22,9,121.5649684,25.08248955
111,11,8,18,10,2,12內湖區,內湖區內湖路1段230號前,0,0,2,2,B03,6,3,5,50,14,8,1,4,4,5,7,4,4,1,4,4,2,16,2,56,2,9,1,1,7,9,1,8,1,5,,23,7,1,22,9,121.5649684,25.08248955
111,11,8,18,18,2,07信義區,信義區信義路5段與松德路口,0,0,2,1,C03,6,3,5,50,14,9,1,4,4,5,7,2,1,1,4,5,2,16,1,51,2,8,1,1,7,9,1,10,1,14,,26,26,1,22,9,121.5745278,25.033373
111,11,8,18,18,2,07信義區,信義區信義路5段與松德路口,0,0,2,2,C03,6,3,5,50,14,9,1,4,4,5,7,2,1,1,4,5,2,16,1,29,2,7,1,1,7,8,1,10,1,12,,7,26,1,22,9,121.5745278,25.033373
111,11,8,18,55,2,03中山區,中山區民生西路與民生西路3巷口,0,0,1,1,B12,6,3,5,50,3,1,1,4,4,5,7,4,4,4,3,5,2,16,2,37,3,10,3,4,7,11,1,8,2,4,,10,10,1,22,9,121.5217876,25.057776
111,11,8,18,55,2,03中山區,中山區民生西路與民生西路3巷口,0,0,1,2,C03,6,3,5,50,3,1,1,4,4,5,7,4,4,4,3,5,2,16,1,26,2,9,3,4,7,9,1,10,2,11,,44,10,1,22,9,121.5217876,25.057776
111,11,8,19,10,2,03中山區,中山區堤頂大道2段與基湖路口,0,0,3,1,B02,6,3,5,70,4,2,1,4,4,5,7,1,1,1,3,5,1,17,1,52,2,9,3,4,7,9,1,8,2,5,,23,23,1,22,9,121.5645345,25.0785911
111,11,8,19,10,2,03中山區,中山區堤頂大道2段與基湖路口,0,0,3,2,B03,6,3,5,70,4,2,1,4,4,5,7,1,1,1,3,5,1,17,1,36,2,2,3,4,7,9,1,8,2,5,,44,23,1,22,9,121.5645345,25.0785911
111,11,8,19,10,2,03中山區,中山區堤頂大道2段與基湖路口,0,0,3,3,H02,6,3,5,70,4,2,1,4,4,5,7,1,1,1,3,5,1,17,2,36,2,9,4,5,7,17,8,20,10,16,,67,23,1,22,9,121.5645345,25.0785911
111,11,8,19,10,2,03中山區,中山區堤頂大道2段與基湖路口,0,0,3,4,H02,6,3,5,70,4,2,1,4,4,5,7,1,1,1,3,5,1,17,1,68,3,10,3,5,7,17,8,20,10,16,,67,23,1,22,9,121.5645345,25.0785911
111,11,8,19,10,2,03中山區,中山區堤頂大道2段與基湖路口,0,0,3,5,,6,3,5,70,4,2,1,4,4,5,7,1,1,1,3,5,1,17,3,,,,,,,,,,,,,67,23,1,,,121.5645345,25.0785911
111,11,8,19,10,2,06松山區,松山區民權東路5段7號,0,0,1,1,C03,6,3,5,50,14,9,1,4,4,5,7,4,4,1,4,5,2,16,2,25,2,7,1,4,7,9,1,10,1,12,,23,23,1,22,9,121.5652363,25.06320989
111,11,8,19,10,2,06松山區,松山區民權東路5段7號,0,0,1,2,C03,6,3,5,50,14,9,1,4,4,5,7,4,4,1,4,5,2,16,1,43,3,10,1,4,7,7,1,10,1,14,,7,23,1,22,9,121.5652363,25.06320989
111,11,8,19,15,2,09北投區,北投區北投路1段與無名巷口,0,0,2,1,C03,6,3,5,50,3,1,1,4,4,5,7,4,4,5,5,5,2,16,1,35,2,9,1,1,7,5,1,10,1,14,,8,8,1,22,9,121.5009668,25.12524972
111,11,8,19,15,2,09北投區,北投區北投路1段與無名巷口,0,0,2,2,B01,6,3,5,50,3,1,1,4,4,5,7,4,4,5,5,5,2,16,1,46,3,10,3,4,7,9,1,4,1,5,,23,8,1,22,9,121.5009668,25.12524972
111,11,8,19,15,2,09北投區,北投區北投路1段與無名巷口,0,0,2,3,H02,6,3,5,50,3,1,1,4,4,5,7,4,4,5,5,5,2,16,2,32,2,9,4,5,7,21,8,20,10,15,,67,8,1,22,9,121.5009668,25.12524972
111,11,8,19,19,2,07信義區,信義區信義路5段2號,0,0,1,1,F01,6,3,5,0,14,20,1,4,4,5,7,4,4,10,5,5,2,18,1,44,2,9,1,1,7,9,8,20,1,16,,42,44,1,22,9,121.5599562,25.0328965
111,11,8,19,19,2,07信義區,信義區信義路5段2號,0,0,1,2,,6,3,5,0,14,20,1,4,4,5,7,4,4,10,5,5,2,18,3,,,,,,,,,,,,,67,44,1,,,121.5599562,25.0328965
111,11,8,19,20,2,07信義區,信義區信義路5段6號,0,0,1,1,F01,6,3,5,0,14,20,1,4,4,5,7,4,4,10,4,5,2,18,2,28,2,9,1,1,7,9,8,20,9,16,,43,43,1,22,9,121.5601348,25.0329014
111,11,8,19,20,2,07信義區,信義區信義路5段6號,0,0,1,2,,6,3,5,0,14,20,1,4,4,5,7,4,4,10,4,5,2,18,3,,,,,,,,,,,,,67,43,1,,,121.5601348,25.0329014
111,11,8,19,40,2,02萬華區,萬華區西藏路528號,0,0,1,1,B12,7,3,5,50,14,9,1,5,4,5,7,4,4,1,3,5,1,13,1,40,3,10,3,4,7,13,1,8,1,3,,38,38,1,22,9,121.4931903,25.02855807
111,11,8,19,40,2,02萬華區,萬華區西藏路528號,0,0,1,2,C03,7,3,5,50,14,9,1,5,4,5,7,4,4,1,3,5,1,13,1,34,2,9,3,4,7,9,1,10,1,11,,23,38,1,22,9,121.4931903,25.02855807
111,11,8,19,40,2,02萬華區,萬華區西藏路528號,0,0,1,3,H03,7,3,5,50,14,9,1,5,4,5,7,4,4,1,3,5,1,13,1,39,3,10,3,5,8,20,8,20,10,16,,67,38,1,22,9,121.4931903,25.02855807
111,11,8,20,0,2,01大同區,大同區歸綏街與安西街口口,0,0,2,1,C03,7,3,5,50,3,1,1,4,4,5,7,4,4,8,3,5,2,16,1,52,2,8,1,1,7,1,1,10,1,14,,19,19,1,22,9,121.5101966,25.0582461
111,11,8,20,0,2,01大同區,大同區歸綏街與安西街口口,0,0,2,2,C03,7,3,5,50,3,1,1,4,4,5,7,4,4,8,3,5,2,16,1,41,2,8,1,1,7,6,1,10,1,11,,44,19,1,22,9,121.5101966,25.0582461
111,11,8,20,21,2,01大同區,大同區環河堤外便道,0,0,2,1,C03,7,3,5,40,14,9,1,5,4,5,7,3,1,10,5,5,2,3,1,31,2,9,1,4,7,9,1,10,2,11,,15,15,1,22,9,121.5072029,25.05360845
111,11,8,20,21,2,01大同區,大同區環河堤外便道,0,0,2,2,H01,7,3,5,40,14,9,1,5,4,5,7,3,1,10,5,5,2,3,1,67,2,9,4,5,8,16,8,20,10,16,,67,15,1,22,9,121.5072029,25.05360845
111,11,8,20,49,2,12內湖區,內湖區陽光街與瑞光路口,0,0,2,1,C03,6,3,5,50,4,1,1,4,4,5,7,1,1,5,4,5,2,16,1,40,2,9,1,1,7,6,1,10,2,12,,9,9,1,22,9,121.5791663,25.07374731
111,11,8,20,49,2,12內湖區,內湖區陽光街與瑞光路口,0,0,2,2,C03,6,3,5,50,4,1,1,4,4,5,7,1,1,5,4,5,2,16,1,26,2,9,1,1,7,9,1,10,2,11,,44,9,1,22,9,121.5791663,25.07374731
111,11,8,21,12,2,03中山區,中山區市民大道3段23號,0,0,1,1,B12,6,3,5,40,14,9,1,4,4,5,7,4,4,4,3,5,2,14,1,45,3,10,3,4,7,2,1,8,2,7,,12,12,1,22,9,121.5336519,25.0453339
111,11,8,21,12,2,03中山區,中山區市民大道3段23號,0,0,1,2,C03,6,3,5,40,14,9,1,4,4,5,7,4,4,4,3,5,2,14,1,21,2,9,3,4,7,9,1,10,2,11,,13,12,1,22,9,121.5336519,25.0453339
111,11,8,21,13,2,12內湖區,內湖區文湖街88號對面,0,0,1,1,C03,6,3,5,50,14,9,1,4,4,5,7,4,4,9,4,5,2,17,1,37,3,10,1,1,7,11,1,10,1,15,,10,10,1,22,9,121.5651018,25.08646534
111,11,8,21,13,2,12內湖區,內湖區文湖街88號對面,0,0,1,2,C03,6,3,5,50,14,9,1,4,4,5,7,4,4,9,4,5,2,17,2,31,2,9,1,1,7,9,1,10,1,14,,44,10,1,22,9,121.5651018,25.08646534
111,11,8,21,18,2,03中山區,中山區北安路向西往自強隧道機慢車專用道,0,0,1,1,C03,6,3,5,50,14,11,1,4,4,5,7,4,4,1,5,5,1,12,1,30,2,9,1,1,7,9,1,10,1,14,,23,23,1,22,9,121.5516443,25.0861281
111,11,8,21,18,2,03中山區,中山區北安路向西往自強隧道機慢車專用道,0,0,1,2,C03,6,3,5,50,14,11,1,4,4,5,7,4,4,1,5,5,1,12,1,19,3,10,1,1,7,10,1,10,1,12,,50,23,1,22,9,121.5516443,25.0861281
111,11,8,21,20,2,07信義區,信義區基隆路1段200號,0,0,2,1,C03,6,1,5,50,14,9,1,4,4,5,7,4,4,1,4,5,2,17,2,18,2,9,1,1,7,9,1,10,1,12,,42,42,1,22,9,121.5637497,25.040199
111,11,8,21,20,2,07信義區,信義區基隆路1段200號,0,0,2,2,C03,6,1,5,50,14,9,1,4,4,5,7,4,4,1,4,5,2,17,2,60,2,8,1,1,7,9,1,10,1,12,,42,42,1,22,9,121.5637497,25.040199
111,11,8,21,38,2,05中正區,中正區博愛路與衡陽路口口,0,0,1,1,B03,8,3,5,50,4,2,1,5,4,5,7,2,1,9,4,5,1,16,1,22,3,10,1,1,7,6,1,8,1,2,,9,9,1,21,5,121.5115633,25.0423392
111,11,8,21,38,2,05中正區,中正區博愛路與衡陽路口口,0,0,1,2,C03,8,3,5,50,4,2,1,5,4,5,7,2,1,9,4,5,1,16,1,28,2,9,1,1,7,9,1,10,1,14,,23,9,1,21,5,121.5115633,25.0423392
111,11,8,22,5,2,08士林區,士林區東山路25巷81弄,0,0,1,1,B03,8,1,5,30,14,9,1,5,4,5,7,4,4,10,5,5,2,17,1,29,3,10,1,1,7,9,1,8,2,1,,5,5,1,22,9,121.5414076,25.12171289
111,11,8,22,5,2,08士林區,士林區東山路25巷81弄,0,0,1,2,C03,8,1,5,30,14,9,1,5,4,5,7,4,4,10,5,5,2,17,1,20,2,9,1,1,7,9,1,10,2,11,,5,5,1,22,9,121.5414076,25.12171289
111,11,8,23,7,2,06松山區,松山區富錦街107巷與富錦街77巷2弄口,0,0,1,1,B03,7,3,5,40,3,1,1,5,4,5,7,4,4,9,4,5,1,16,1,31,3,10,1,1,7,5,1,8,2,4,,8,8,1,22,9,121.5528137,25.06047958
111,11,8,23,7,2,06松山區,松山區富錦街107巷與富錦街77巷2弄口,0,0,1,2,C03,7,3,5,40,3,1,1,5,4,5,7,4,4,9,4,5,1,16,1,26,2,9,1,1,7,9,1,10,2,11,,23,8,1,22,9,121.5528137,25.06047958
111,11,9,1,20,2,01大同區,大同區承德路1段與市民大道1段口,0,0,1,1,B03,7,3,5,40,4,1,1,5,4,5,7,2,1,1,4,5,2,16,1,24,3,10,3,4,7,6,1,8,1,5,,9,9,1,22,9,121.5166513,25.04907554
111,11,9,1,20,2,01大同區,大同區承德路1段與市民大道1段口,0,0,1,2,C03,7,3,5,40,4,1,1,5,4,5,7,2,1,1,4,5,2,16,1,30,2,9,3,4,7,9,1,10,1,11,,13,9,1,22,9,121.5166513,25.04907554
111,11,9,3,15,2,09北投區,北投區中和街與大業路口引道,0,0,1,1,C03,7,3,5,50,4,1,1,5,4,5,7,4,4,10,5,5,2,16,1,30,3,10,1,1,7,6,1,10,1,12,,6,6,1,22,9,121.5030924,25.13756374
111,11,9,3,15,2,09北投區,北投區中和街與大業路口引道,0,0,1,2,C03,7,3,5,50,4,1,1,5,4,5,7,4,4,10,5,5,2,16,1,48,2,9,1,1,7,9,1,10,1,14,,23,6,1,22,9,121.5030924,25.13756374
111,11,9,3,20,2,08士林區,士林區建業路與建業路36巷口,0,0,1,1,B03,8,3,5,30,3,1,1,5,4,5,5,4,4,10,5,5,2,17,2,20,3,10,3,4,7,5,1,8,1,8,,6,6,1,22,9,121.5494596,25.13646597
111,11,9,3,20,2,08士林區,士林區建業路與建業路36巷口,0,0,1,2,C03,8,3,5,30,3,1,1,5,4,5,5,4,4,10,5,5,2,17,1,21,2,9,1,1,7,9,3,18,1,11,,14,6,1,22,9,121.5494596,25.13646597
111,11,9,3,20,2,08士林區,士林區建業路與建業路36巷口,0,0,1,3,B03,8,3,5,30,3,1,1,5,4,5,5,4,4,10,5,5,2,17,2,43,3,10,3,1,7,13,7,19,9,15,,42,6,1,22,9,121.5494596,25.13646597
111,11,9,5,37,2,02萬華區,萬華區西園路2段與寶興街口,0,0,2,2,C03,8,3,5,50,4,2,1,5,4,5,7,2,1,1,4,5,2,17,1,22,2,9,1,1,7,9,1,10,1,11,,44,8,1,22,9,121.493732,25.0269866
111,11,9,5,37,2,02萬華區,萬華區西園路2段與寶興街口,0,0,2,1,F01,8,3,5,50,4,2,1,5,4,5,7,2,1,1,4,5,2,17,1,80,2,9,1,1,7,1,8,20,1,16,,26,8,1,22,9,121.493732,25.0269866
111,11,9,7,25,2,02萬華區,萬華區環河南路2段與環河南路2段125巷口,0,0,3,1,C03,8,1,5,50,3,2,1,5,4,5,7,4,4,1,4,5,2,13,1,73,2,8,1,1,7,6,1,10,1,13,,6,6,1,22,9,121.4936206,25.03444883
111,11,9,7,25,2,02萬華區,萬華區環河南路2段與環河南路2段125巷口,0,0,3,2,C03,8,1,5,50,3,2,1,5,4,5,7,4,4,1,4,5,2,13,2,47,2,9,1,1,7,9,1,10,1,11,,44,6,1,22,9,121.4936206,25.03444883
111,11,9,7,25,2,02萬華區,萬華區環河南路2段與環河南路2段125巷口,0,0,3,3,H02,8,1,5,50,3,2,1,5,4,5,7,4,4,1,4,5,2,13,2,15,2,9,4,5,7,20,8,20,10,16,,67,6,1,22,9,121.4936206,25.03444883
111,11,9,7,36,2,10文山區,文山區萬壽路與政大一街口口,0,0,1,1,B03,8,1,5,50,3,1,1,4,4,5,7,4,4,4,5,5,2,16,1,50,3,10,1,1,7,11,1,8,2,8,,6,6,1,22,9,121.5876488,24.9880036
111,11,9,7,36,2,10文山區,文山區萬壽路與政大一街口口,0,0,1,2,C03,8,1,5,50,3,1,1,4,4,5,7,4,4,4,5,5,2,16,1,27,2,9,1,1,7,9,1,10,2,12,,14,6,1,22,9,121.5876488,24.9880036
111,11,9,7,41,2,04大安區,大安區信義路4段199巷與安和路1段112巷口,0,0,1,1,B03,7,1,5,30,4,1,1,5,4,5,7,4,4,10,5,5,2,15,2,43,3,10,1,1,7,9,1,8,1,1,,6,6,1,22,9,121.5516541,25.0339008
111,11,9,7,41,2,04大安區,大安區信義路4段199巷與安和路1段112巷口,0,0,1,2,C03,7,1,5,30,4,1,1,5,4,5,7,4,4,10,5,5,2,15,2,26,2,7,1,1,7,9,1,10,1,14,,14,6,1,22,9,121.5516541,25.0339008
111,11,9,8,0,2,03中山區,中山區民權東路1段2號,0,0,1,1,C03,8,1,5,50,14,8,1,5,4,5,7,4,4,1,1,1,1,12,1,19,2,9,3,4,7,4,1,10,1,14,,43,43,1,22,9,121.5230248,25.06264092
111,11,9,8,0,2,03中山區,中山區民權東路1段2號,0,0,1,2,C03,8,1,5,50,14,8,1,5,4,5,7,4,4,1,1,1,1,12,1,57,3,10,3,4,7,8,1,10,1,12,,43,43,1,22,9,121.5230248,25.06264092
111,11,9,8,0,2,03中山區,中山區民權東路1段2號,0,0,1,3,C03,8,1,5,50,14,8,1,5,4,5,7,4,4,1,1,1,1,12,4,,4,11,3,4,7,15,7,19,11,15,,43,43,2,22,9,121.5230248,25.06264092
111,11,9,8,3,2,07信義區,信義區大道路125號,0,0,1,1,F01,8,1,5,50,3,2,1,5,4,5,7,4,4,9,5,5,2,17,2,83,2,8,1,1,7,5,8,20,2,15,,8,6,1,22,9,121.5831753,25.0392653
111,11,9,8,3,2,07信義區,信義區大道路125號,0,0,1,2,C03,8,1,5,50,3,2,1,5,4,5,7,4,4,9,5,5,2,17,1,34,3,10,1,1,7,9,1,10,2,11,,14,6,1,22,9,121.5831753,25.0392653
111,11,9,8,8,2,10文山區,文山區木柵路1段191巷12號,0,0,3,1,C03,8,1,5,30,15,9,1,5,4,5,7,4,4,10,5,5,2,17,1,20,2,9,3,4,7,6,1,10,1,11,,6,6,1,22,9,121.5512325,24.98820856
111,11,9,8,8,2,10文山區,文山區木柵路1段191巷12號,0,0,3,2,C03,8,1,5,30,15,9,1,5,4,5,7,4,4,10,5,5,2,17,1,53,2,9,3,4,7,9,1,10,1,11,,42,6,1,22,9,121.5512325,24.98820856
111,11,9,8,8,2,10文山區,文山區木柵路1段191巷12號,0,0,3,3,H02,8,1,5,30,15,9,1,5,4,5,7,4,4,10,5,5,2,17,2,51,2,8,3,4,7,20,8,20,10,16,,67,6,1,22,9,121.5512325,24.98820856
111,11,9,8,28,2,05中正區,中正區仁愛路2段與杭州南路1段口口,0,0,1,1,B03,8,1,5,50,4,2,1,5,4,5,7,2,1,9,4,4,1,16,2,38,3,10,1,1,7,5,1,8,1,4,,44,44,1,21,1,121.525066,25.0381787
111,11,9,8,28,2,05中正區,中正區仁愛路2段與杭州南路1段口口,0,0,1,2,F01,8,1,5,50,4,2,1,5,4,5,7,2,1,9,4,4,1,16,1,75,2,9,1,1,7,9,8,20,1,16,,23,44,1,20,5,121.525066,25.0381787
111,11,9,8,28,2,10文山區,文山區辛亥路4段100號,0,0,1,1,B03,8,1,5,50,14,9,1,5,4,5,7,1,1,1,4,5,2,17,1,49,3,10,1,1,7,11,1,8,11,1,,10,10,1,22,9,121.5579845,25.0060706
111,11,9,8,28,2,10文山區,文山區辛亥路4段100號,0,0,1,2,C03,8,1,5,50,14,9,1,5,4,5,7,1,1,1,4,5,2,17,2,25,2,9,1,1,7,9,1,10,11,14,,44,10,1,22,9,121.5579845,25.0060706
111,11,9,8,35,2,06松山區,松山區民權東路5段與撫遠街口,0,0,1,1,B03,8,1,5,50,4,1,1,5,4,5,7,2,1,9,4,5,2,9,1,40,3,10,1,1,7,5,1,8,2,1,,15,23,1,22,9,121.5660097,25.06318087
111,11,9,8,35,2,06松山區,松山區民權東路5段與撫遠街口,0,0,1,2,H01,8,1,5,50,4,1,1,5,4,5,7,2,1,9,4,5,2,9,1,72,2,9,1,1,8,16,8,20,10,16,,52,23,1,22,9,121.5660097,25.06318087