發生年度,發生月,發生日,發生時-Hours,發生分,處理別-編號,區序,肇事地點,死亡人數,2-30日死亡人數,受傷人數,當事人序號,車種,天候,光線,道路類別,速限-速度限制,道路型態,事故位置,路面狀況1,路面狀況2,路面狀況3,道路障礙1,道路障礙2,號誌1,號誌2,車道劃分-分向,車道劃分-分道1,車道劃分-分道2,車道劃分-分道3,事故類型及型態,性別,年齡,受傷程度,主要傷處,安全帽,行動電話,車輛用途,當事者行動狀態,駕駛資格情形,駕駛執照種類,飲酒情形,車輛撞擊部位1,車輛撞擊部位2,肇因碼-個別,肇因碼-主要,個人肇逃否,職業,旅次目的,座標-X,座標-Y
111,11,9,8,35,2,08士林區,士林區中山北路5段685號,0,0,2,1,C03,8,1,5,50,14,9,1,5,4,5,7,4,4,4,3,5,1,17,2,33,2,9,1,1,7,9,1,10,1,11,,23,23,1,22,9,121.5274385,25.09701899
111,11,9,8,35,2,08士林區,士林區中山北路5段685號,0,0,2,2,A02,8,1,5,50,14,9,1,5,4,5,7,4,4,4,3,5,1,17,1,59,3,10,1,1,7,14,1,2,1,15,,38,23,1,22,9,121.5274385,25.09701899
111,11,9,8,35,2,08士林區,士林區中山北路5段685號,0,0,2,3,H02,8,1,5,50,14,9,1,5,4,5,7,4,4,4,3,5,1,17,2,57,2,9,4,5,7,19,8,20,10,16,,56,23,1,22,9,121.5274385,25.09701899
111,11,9,8,35,2,10文山區,文山區木新路3段186號,0,0,1,1,B03,8,1,5,50,14,9,1,5,4,5,7,4,4,9,4,5,2,17,1,76,3,10,3,4,7,8,1,8,9,15,,7,7,1,23,8,121.56037,24.98160633
111,11,9,8,35,2,10文山區,文山區木新路3段186號,0,0,1,2,C03,8,1,5,50,14,9,1,5,4,5,7,4,4,9,4,5,2,17,1,65,2,9,3,4,7,4,1,10,2,14,,44,7,1,21,8,121.56037,24.98160633
111,11,9,8,39,2,07信義區,信義區崇德街與富陽街口,0,0,2,1,C03,8,1,5,50,4,1,1,5,4,5,7,4,4,10,4,5,2,15,2,40,2,9,1,1,7,9,1,10,1,14,,26,26,1,22,9,121.5562489,25.0238388
111,11,9,8,39,2,07信義區,信義區崇德街與富陽街口,0,0,2,2,C03,8,1,5,50,4,1,1,5,4,5,7,4,4,10,4,5,2,15,1,28,2,9,1,1,7,9,1,10,1,11,,23,26,1,22,9,121.5562489,25.0238388
111,11,9,8,40,2,12內湖區,內湖區基湖路與基湖路10巷口,0,0,1,1,B03,8,1,5,50,4,1,1,5,4,5,7,2,1,10,5,5,2,16,1,42,3,10,1,1,7,5,7,19,1,2,,6,43,1,22,9,121.5651885,25.0814618
111,11,9,8,40,2,12內湖區,內湖區基湖路與基湖路10巷口,0,0,1,2,C02,8,1,5,50,4,1,1,5,4,5,7,2,1,10,5,5,2,16,1,27,2,7,1,1,7,9,4,10,1,11,,44,43,1,22,9,121.5651885,25.0814618
111,11,9,8,45,2,07信義區,信義區松山路656巷,0,0,1,1,C03,8,1,5,30,14,9,1,5,4,5,7,4,4,10,5,5,1,18,1,24,2,9,1,1,7,9,1,10,9,12,,42,42,1,22,9,121.5783773,25.0307431
111,11,9,8,45,2,07信義區,信義區松山路656巷,0,0,1,2,,8,1,5,30,14,9,1,5,4,5,7,4,4,10,5,5,1,18,3,,,,,,,,,,,,,67,42,1,,,121.5783773,25.0307431
111,11,9,8,50,2,12內湖區,內湖區麥帥一橋與麥帥一橋口西往東(往南京東路6段路牌處),0,0,1,1,C03,8,1,5,40,14,11,1,5,4,5,7,4,4,9,4,5,2,12,2,28,3,10,1,1,7,8,1,10,11,15,,7,7,1,22,9,121.5763978,25.05416892
111,11,9,8,50,2,12內湖區,內湖區麥帥一橋與麥帥一橋口西往東(往南京東路6段路牌處),0,0,1,2,C03,8,1,5,40,14,11,1,5,4,5,7,4,4,9,4,5,2,12,1,33,2,7,1,1,7,9,1,10,11,14,,13,7,1,22,9,121.5763978,25.05416892
111,11,9,8,52,2,05中正區,中正區中山南路與忠孝東路1段口口,0,0,1,1,C03,8,1,5,50,4,2,1,5,4,5,7,2,1,9,4,4,1,16,1,43,2,9,1,1,7,6,1,10,1,12,,9,9,1,21,1,121.5197125,25.045543
111,11,9,8,52,2,05中正區,中正區中山南路與忠孝東路1段口口,0,0,1,2,C03,8,1,5,50,4,2,1,5,4,5,7,2,1,9,4,4,1,16,1,23,3,10,1,1,7,9,1,10,1,14,,44,9,1,21,1,121.5197125,25.045543
111,11,9,8,57,2,01大同區,大同區民生西路與南京西路25巷口口,0,0,2,1,C03,8,1,5,50,4,1,1,5,4,5,7,2,1,5,4,5,2,15,2,26,2,9,1,1,7,9,1,10,1,11,,44,44,1,22,9,121.5205362,25.05762046
111,11,9,8,57,2,01大同區,大同區民生西路與南京西路25巷口口,0,0,2,2,C03,8,1,5,50,4,1,1,5,4,5,7,2,1,5,4,5,2,15,1,41,2,9,1,1,7,9,1,10,1,12,,6,44,1,22,9,121.5205362,25.05762046
111,11,9,9,10,2,03中山區,中山區松江路100巷17號,0,0,2,1,C03,8,1,5,30,14,9,1,5,4,5,7,4,4,10,4,5,2,12,2,50,2,8,1,1,7,8,1,10,1,12,,7,17,1,22,9,121.5307664,25.05101356
111,11,9,9,10,2,03中山區,中山區松江路100巷17號,0,0,2,2,C03,8,1,5,30,14,9,1,5,4,5,7,4,4,10,4,5,2,12,2,27,2,8,1,1,7,9,1,10,1,14,,17,17,1,22,9,121.5307664,25.05101356
111,11,9,9,15,2,03中山區,中山區大直街2巷與崇實路口,0,0,1,1,B03,8,1,5,40,3,2,1,5,4,5,7,4,4,1,4,1,1,17,2,37,3,10,1,1,7,6,1,8,1,5,,26,26,1,22,9,121.5445103,25.08073386
111,11,9,9,15,2,03中山區,中山區大直街2巷與崇實路口,0,0,1,2,C03,8,1,5,40,3,2,1,5,4,5,7,4,4,1,4,1,1,17,2,44,2,9,1,1,7,9,1,10,1,14,,14,26,1,22,9,121.5445103,25.08073386
111,11,9,9,19,2,01大同區,大同區民族西路205巷與民族西路口,0,0,1,1,B12,8,1,5,30,3,2,1,5,4,5,7,4,4,5,4,5,2,16,1,52,3,10,1,1,7,6,1,8,1,4,,9,9,1,22,9,121.5143615,25.06860293
111,11,9,9,19,2,01大同區,大同區民族西路205巷與民族西路口,0,0,1,2,C03,8,1,5,30,3,2,1,5,4,5,7,4,4,5,4,5,2,16,1,25,2,9,1,1,7,9,1,10,1,11,,23,9,1,22,9,121.5143615,25.06860293
111,11,9,9,30,2,02萬華區,萬華區富民路531號對面,0,0,1,1,B12,8,1,5,50,14,9,1,5,4,5,7,4,4,10,4,5,2,3,1,48,3,10,1,1,7,1,1,8,2,5,,19,19,1,22,9,121.4980898,25.01901946
111,11,9,9,30,2,02萬華區,萬華區富民路531號對面,0,0,1,2,H01,8,1,5,50,14,9,1,5,4,5,7,4,4,10,4,5,2,3,2,77,2,9,4,5,8,16,8,20,10,16,,67,19,1,22,9,121.4980898,25.01901946
111,11,9,9,39,2,07信義區,信義區林口街34號,0,0,1,1,C03,8,1,5,40,14,9,1,5,4,5,7,4,4,9,4,5,2,12,1,75,3,10,1,1,7,9,1,10,2,11,,23,23,1,22,9,121.5793606,25.03777684
111,11,9,9,39,2,07信義區,信義區林口街34號,0,0,1,2,F01,8,1,5,40,14,9,1,5,4,5,7,4,4,9,4,5,2,12,1,83,2,9,1,1,7,7,8,20,1,16,,7,23,1,22,9,121.5793606,25.03777684
111,11,9,10,0,2,01大同區,大同區重慶北路2段與歸綏街口,0,0,1,1,C03,8,1,5,50,4,1,1,5,4,5,7,2,1,8,3,5,2,12,1,64,4,11,3,4,7,6,7,19,11,15,,9,9,2,22,9,121.5135844,25.0582026
111,11,9,10,0,2,01大同區,大同區重慶北路2段與歸綏街口,0,0,1,2,C03,8,1,5,50,4,1,1,5,4,5,7,2,1,8,3,5,2,12,1,21,2,9,1,1,7,9,1,10,1,11,,23,9,1,22,9,121.5135844,25.0582026
111,11,9,10,5,2,05中正區,中正區中山南路與信義路1段口,0,0,1,1,B03,8,1,5,50,5,1,1,5,4,5,7,1,1,1,4,5,2,12,1,27,3,10,1,1,7,7,1,8,1,4,,7,7,1,22,9,121.517621,25.0386338
111,11,9,10,5,2,05中正區,中正區中山南路與信義路1段口,0,0,1,2,C03,8,1,5,50,5,1,1,5,4,5,7,1,1,1,4,5,2,12,2,41,2,9,1,1,7,8,1,10,1,12,,7,7,1,22,9,121.517621,25.0386338
111,11,9,10,20,2,05中正區,中正區忠孝西路1段38號,0,0,1,1,A02,8,1,5,50,14,7,1,5,4,5,7,4,4,1,4,5,1,9,1,46,3,10,1,1,7,9,1,2,2,10,,43,43,1,22,9,121.5165176,25.0463456
111,11,9,10,20,2,05中正區,中正區忠孝西路1段38號,0,0,1,2,H02,8,1,5,50,14,7,1,5,4,5,7,4,4,1,4,5,1,9,2,65,2,6,4,5,7,20,8,20,10,16,,67,43,1,22,9,121.5165176,25.0463456
111,11,9,10,35,2,07信義區,信義區光復南路與市民大道5段口,0,0,1,1,B01,8,1,5,40,5,1,1,5,4,5,7,1,1,1,4,5,2,12,1,43,3,10,1,1,7,8,1,4,1,5,,26,26,1,22,9,121.5578302,25.0452468
111,11,9,10,35,2,07信義區,信義區光復南路與市民大道5段口,0,0,1,2,C03,8,1,5,40,5,1,1,5,4,5,7,1,1,1,4,5,2,12,2,18,2,9,1,1,7,9,1,10,1,14,,44,26,1,22,9,121.5578302,25.0452468
111,11,9,10,36,2,08士林區,士林區中山北路5段與中山北路5段260巷口,0,0,1,1,B01,8,1,5,50,3,2,1,5,4,5,7,2,1,4,5,3,1,17,1,69,3,10,1,1,7,6,1,4,1,15,,9,9,1,22,9,121.5265776,25.0870427
111,11,9,10,36,2,08士林區,士林區中山北路5段與中山北路5段260巷口,0,0,1,2,C03,8,1,5,50,3,2,1,5,4,5,7,2,1,4,5,3,1,17,1,18,2,9,1,1,7,9,1,10,1,12,,42,9,1,22,9,121.5265776,25.0870427
111,11,9,10,36,2,08士林區,士林區福林路與福林路100巷口,0,0,1,1,B03,8,1,5,50,3,2,1,5,4,5,7,3,1,9,4,5,2,17,1,46,3,10,1,1,7,6,1,8,1,2,,9,9,1,22,9,121.5312409,25.09583191
111,11,9,10,36,2,08士林區,士林區福林路與福林路100巷口,0,0,1,2,C03,8,1,5,50,3,2,1,5,4,5,7,3,1,9,4,5,2,17,2,21,2,8,1,1,7,9,1,10,1,14,,44,9,1,22,9,121.5312409,25.09583191
111,11,9,10,38,2,04大安區,大安區基隆路4段156號,0,0,1,1,H01,8,1,5,40,14,8,1,5,4,5,7,4,4,1,4,4,2,9,1,51,2,9,4,5,8,20,8,20,10,16,,60,60,1,22,9,121.538064,25.01213418
111,11,9,10,38,2,04大安區,大安區基隆路4段156號,0,0,1,2,C03,8,1,5,40,14,8,1,5,4,5,7,4,4,1,4,4,2,9,1,23,3,10,3,4,7,9,1,10,1,12,,44,60,1,22,9,121.538064,25.01213418
111,11,9,10,53,2,08士林區,士林區文林路與雙溪街口,0,0,1,2,C03,8,1,5,40,4,2,1,5,4,5,7,2,1,9,4,4,1,17,2,40,2,8,1,1,7,9,1,10,11,14,,44,43,1,22,9,121.5234427,25.09964001
111,11,9,10,53,2,08士林區,士林區文林路與雙溪街口,0,0,1,1,C03,8,1,5,40,4,2,1,5,4,5,7,2,1,9,4,4,1,17,1,58,4,11,3,4,7,15,1,2,11,15,,43,43,2,22,9,121.5234427,25.09964001
111,11,9,10,55,2,08士林區,士林區社子街52巷與社子街22巷口,0,0,2,1,F03,8,1,5,30,4,1,1,5,4,5,7,4,4,10,5,5,2,15,1,33,2,8,1,1,7,9,8,20,1,16,,6,6,1,22,9,121.5073138,25.08709681
111,11,9,10,55,2,08士林區,士林區社子街52巷與社子街22巷口,0,0,2,2,C03,8,1,5,30,4,1,1,5,4,5,7,4,4,10,5,5,2,15,2,40,2,9,1,1,7,9,1,10,1,11,,42,6,1,22,9,121.5073138,25.08709681
111,11,9,11,30,2,04大安區,大安區通化街67號,0,0,1,1,C03,8,1,5,50,14,9,1,5,4,5,7,4,4,5,5,5,2,9,2,36,3,10,1,1,7,9,1,10,2,11,,23,23,1,22,9,121.5542365,25.0304064
111,11,9,11,30,2,04大安區,大安區通化街67號,0,0,1,2,H01,8,1,5,50,14,9,1,5,4,5,7,4,4,5,5,5,2,9,2,65,2,9,4,1,8,16,8,20,10,16,,51,23,1,22,9,121.5542365,25.0304064
111,11,9,11,48,2,07信義區,信義區松山路465巷與林口街口,0,0,1,1,B03,8,1,5,50,3,1,1,5,4,5,7,1,1,5,5,4,1,16,1,24,3,10,3,4,7,6,1,8,1,5,,9,9,1,22,9,121.5791785,25.039555
111,11,9,11,48,2,07信義區,信義區松山路465巷與林口街口,0,0,1,2,C03,8,1,5,50,3,1,1,5,4,5,7,1,1,5,5,4,1,16,1,23,2,8,1,1,7,9,1,10,1,14,,44,9,1,22,9,121.5791785,25.039555
111,11,9,12,7,2,10文山區,文山區羅斯福路6段46號對面站牌,0,0,1,1,F01,8,1,5,0,14,20,1,5,4,5,7,4,4,10,5,5,2,9,4,,4,11,3,4,7,15,7,19,11,15,,43,43,2,22,9,121.5399649,24.99933515
111,11,9,12,7,2,10文山區,文山區羅斯福路6段46號對面站牌,0,0,1,2,H01,8,1,5,0,14,20,1,5,4,5,7,4,4,10,5,5,2,9,2,60,2,1,4,5,8,20,8,20,10,16,,67,43,1,22,9,121.5399649,24.99933515
111,11,9,12,8,2,02萬華區,萬華區環河南路1段348巷(停車格編號37),0,0,1,1,B01,8,1,5,50,14,9,1,5,4,5,7,4,4,1,5,5,2,17,1,52,3,10,3,4,7,15,1,4,1,4,,40,40,1,22,9,121.4961586,25.03900666
111,11,9,12,8,2,02萬華區,萬華區環河南路1段348巷(停車格編號37),0,0,1,2,C03,8,1,5,50,14,9,1,5,4,5,7,4,4,1,5,5,2,17,2,67,2,9,1,4,7,9,1,10,1,12,,44,40,1,22,9,121.4961586,25.03900666
111,11,9,12,9,2,04大安區,大安區忠孝東路4段49巷4弄與大安路1段口,0,0,2,1,C03,8,1,5,50,4,1,1,5,4,5,7,4,4,5,4,5,2,17,2,28,2,9,1,1,7,15,1,10,1,14,,44,44,1,22,9,121.5461659,25.04208779
111,11,9,12,9,2,04大安區,大安區忠孝東路4段49巷4弄與大安路1段口,0,0,2,2,C01,8,1,5,50,4,1,1,5,4,5,7,4,4,5,4,5,2,17,1,26,2,9,1,1,7,9,1,9,1,12,,26,44,1,22,9,121.5461659,25.04208779
111,11,9,12,22,2,12內湖區,內湖區環山路1段56號與環山路1段口對面,0,0,2,1,C03,8,1,5,50,3,1,1,5,4,5,7,4,4,9,4,5,2,16,1,20,2,9,1,1,7,1,1,10,1,12,,19,19,1,22,9,121.5663024,25.08638137
111,11,9,12,22,2,12內湖區,內湖區環山路1段56號與環山路1段口對面,0,0,2,2,C03,8,1,5,50,3,1,1,5,4,5,7,4,4,9,4,5,2,16,1,21,2,7,1,1,7,9,1,10,1,11,,44,19,1,22,9,121.5663024,25.08638137
111,11,9,12,28,2,08士林區,士林區中山北路5段與福林路口,0,0,3,1,B02,8,1,5,50,14,9,1,5,4,5,7,4,4,4,5,3,1,17,1,20,2,9,1,4,7,11,1,8,1,1,,23,23,1,22,9,121.5276241,25.0922821
111,11,9,12,28,2,08士林區,士林區中山北路5段與福林路口,0,0,3,2,B03,8,1,5,50,14,9,1,5,4,5,7,4,4,4,5,3,1,17,1,59,3,10,1,1,7,9,1,8,1,4,,44,23,1,22,9,121.5276241,25.0922821
111,11,9,12,28,2,08士林區,士林區中山北路5段與福林路口,0,0,3,3,B12,8,1,5,50,14,9,1,5,4,5,7,4,4,4,5,3,1,17,1,31,3,10,1,1,7,9,1,8,1,1,,44,23,1,22,9,121.5276241,25.0922821
111,11,9,12,28,2,08士林區,士林區中山北路5段與福林路口,0,0,3,4,B01,8,1,5,50,14,9,1,5,4,5,7,4,4,4,5,3,1,17,1,57,3,10,1,3,7,9,1,4,1,1,,44,23,1,22,9,121.5276241,25.0922821
111,11,9,12,28,2,08士林區,士林區中山北路5段與福林路口,0,0,3,5,B02,8,1,5,50,14,9,1,5,4,5,7,4,4,4,5,3,1,17,1,54,3,10,1,1,7,9,1,8,1,1,,16,23,1,22,9,121.5276241,25.0922821
111,11,9,12,28,2,08士林區,士林區中山北路5段與福林路口,0,0,3,6,H02,8,1,5,50,14,9,1,5,4,5,7,4,4,4,5,3,1,17,2,63,2,9,1,1,7,20,8,20,10,16,,67,23,1,22,9,121.5276241,25.0922821
111,11,9,12,28,2,08士林區,士林區中山北路5段與福林路口,0,0,3,7,H02,8,1,5,50,14,9,1,5,4,5,7,4,4,4,5,3,1,17,1,33,2,9,4,5,7,20,8,20,10,16,,67,23,1,22,9,121.5276241,25.0922821
111,11,9,13,0,2,03中山區,中山區南京東路2段與新生北路2段口,0,0,1,2,C03,8,1,5,50,4,1,1,5,4,5,7,1,1,1,4,5,2,16,1,42,2,7,1,4,7,1,1,10,1,14,,43,43,1,22,9,121.5278682,25.0522066
111,11,9,13,0,2,03中山區,中山區南京東路2段與新生北路2段口,0,0,1,1,C03,8,1,5,50,4,1,1,5,4,5,7,1,1,1,4,5,2,16,4,,4,11,3,4,7,15,7,19,11,15,,43,43,2,22,9,121.5278682,25.0522066
111,11,9,13,2,2,08士林區,士林區承德路4段與中正路口,0,0,1,1,B02,8,1,5,50,5,2,1,5,4,5,7,1,1,1,4,4,2,17,2,44,3,10,1,1,7,6,1,8,1,2,,9,9,1,22,9,121.5166093,25.09101109
111,11,9,13,2,2,08士林區,士林區承德路4段與中正路口,0,0,1,2,C03,8,1,5,50,5,2,1,5,4,5,7,1,1,1,4,4,2,17,2,18,2,9,1,1,7,9,1,10,1,14,,23,9,1,22,9,121.5166093,25.09101109
111,11,9,13,30,2,08士林區,士林區中山北路5段與中山北路5段470巷口,0,0,1,1,B03,8,1,5,50,3,2,1,5,4,5,7,4,4,3,4,5,1,17,1,47,3,10,1,1,7,6,1,8,1,2,,5,5,1,22,9,121.5278973,25.09219371
111,11,9,13,30,2,08士林區,士林區中山北路5段與中山北路5段470巷口,0,0,1,2,C03,8,1,5,50,3,2,1,5,4,5,7,4,4,3,4,5,1,17,1,34,2,7,1,1,7,9,1,10,1,11,,17,5,1,22,9,121.5278973,25.09219371
111,11,9,13,36,2,04大安區,大安區忠孝東路4段147巷(敦化南路1段177巷10號前),0,0,1,1,B01,7,1,5,50,10,9,1,5,4,5,7,4,4,10,4,5,2,2,1,40,3,10,3,1,7,9,1,4,11,4,,23,23,1,22,9,121.5496654,25.04340027
111,11,9,13,36,2,04大安區,大安區忠孝東路4段147巷(敦化南路1段177巷10號前),0,0,1,2,H01,7,1,5,50,10,9,1,5,4,5,7,4,4,10,4,5,2,2,1,33,2,7,4,5,8,16,8,20,10,16,,67,23,1,22,9,121.5496654,25.04340027
111,11,9,13,40,2,08士林區,士林區福德路62巷與福德路口,0,0,2,2,C03,8,1,5,30,4,2,1,5,4,5,7,4,4,10,5,5,1,16,2,21,2,9,3,4,7,9,1,10,1,11,,23,6,1,22,9,121.5220008,25.09244927
111,11,9,13,40,2,08士林區,士林區福德路62巷與福德路口,0,0,2,1,C03,8,1,5,30,4,2,1,5,4,5,7,4,4,10,5,5,1,16,2,35,2,9,3,4,7,9,1,10,1,13,,6,6,1,22,9,121.5220008,25.09244927
111,11,9,13,52,2,08士林區,士林區仰德大道1段與仰德大道1段口華興中學旁,0,0,1,1,C03,8,1,5,40,3,2,1,5,4,5,2,2,1,4,5,5,1,17,1,18,2,9,1,4,7,9,1,10,1,14,,23,26,1,22,9,121.538106,25.10450002
111,11,9,13,52,2,08士林區,士林區仰德大道1段與仰德大道1段口華興中學旁,0,0,1,2,A02,8,1,5,40,3,2,1,5,4,5,2,2,1,4,5,5,1,17,1,39,3,10,3,4,7,9,1,2,1,2,,44,26,1,22,9,121.538106,25.10450002
111,11,9,13,58,2,04大安區,大安區和平東路3段與富陽街口口,0,0,2,1,C03,8,1,5,40,3,2,1,5,4,5,7,4,4,1,3,5,1,16,2,29,2,7,1,1,7,6,1,10,1,14,,6,6,1,22,9,121.5566791,25.02040121
111,11,9,13,58,2,04大安區,大安區和平東路3段與富陽街口口,0,0,2,2,B03,8,1,5,40,3,2,1,5,4,5,7,4,4,1,3,5,1,16,1,43,3,10,1,1,7,9,1,8,1,2,,44,6,1,22,9,121.5566791,25.02040121
111,11,9,13,58,2,04大安區,大安區和平東路3段與富陽街口口,0,0,2,3,H02,8,1,5,40,3,2,1,5,4,5,7,4,4,1,3,5,1,16,1,4,2,7,2,1,7,20,8,20,10,16,,67,6,1,22,9,121.5566791,25.02040121
111,11,9,14,0,2,08士林區,士林區重陽橋往士林機車道,0,0,4,4,H02,8,1,8,25,15,22,1,5,4,5,7,4,4,10,2,5,2,10,2,73,2,9,3,5,7,20,8,20,10,16,,67,4,1,22,9,121.505964,25.08452905
111,11,9,14,0,2,08士林區,士林區重陽橋往士林機車道,0,0,4,1,C03,8,1,8,25,15,22,1,5,4,5,7,4,4,10,2,5,2,10,1,54,2,9,3,4,7,9,1,10,2,11,,4,4,1,22,9,121.505964,25.08452905
111,11,9,14,0,2,08士林區,士林區重陽橋往士林機車道,0,0,4,2,C03,8,1,8,25,15,22,1,5,4,5,7,4,4,10,2,5,2,10,1,30,2,9,3,4,7,9,1,10,2,11,,44,4,1,22,9,121.505964,25.08452905
111,11,9,14,0,2,08士林區,士林區重陽橋往士林機車道,0,0,4,3,C03,8,1,8,25,15,22,1,5,4,5,7,4,4,10,2,5,2,10,2,67,2,9,3,4,7,9,1,10,2,11,,44,4,1,22,9,121.505964,25.08452905
111,11,9,14,7,2,08士林區,士林區仰德大道3段45號前,0,0,2,1,H01,8,1,5,0,14,9,1,5,4,5,7,4,4,9,5,5,1,3,1,23,2,9,4,5,8,18,8,20,1,16,,52,52,1,22,9,121.5522873,25.11816305
111,11,9,14,7,2,08士林區,士林區仰德大道3段45號前,0,0,2,2,C03,8,1,5,0,14,9,1,5,4,5,7,4,4,9,5,5,1,3,1,19,2,9,1,1,7,9,1,10,1,11,,13,52,1,22,9,121.5522873,25.11816305
111,11,9,14,35,2,12內湖區,內湖區民權東路6段21巷29號,0,0,1,1,C03,8,1,5,50,14,9,1,5,4,5,7,4,4,9,5,5,2,12,2,22,2,9,1,1,7,9,3,18,1,11,,44,44,1,22,9,121.5814036,25.06891491
111,11,9,14,35,2,12內湖區,內湖區民權東路6段21巷29號,0,0,1,2,B12,8,1,5,50,14,9,1,5,4,5,7,4,4,9,5,5,2,12,1,48,3,10,1,1,7,5,1,8,1,8,,8,44,1,22,9,121.5814036,25.06891491
111,11,9,14,39,2,08士林區,士林區至善路3段336巷至善幹85號電桿,0,0,2,1,B01,8,1,5,30,11,9,5,5,4,5,7,4,4,10,5,5,1,11,1,61,3,10,3,4,7,5,1,8,1,8,,5,5,1,22,9,121.5942449,25.13353683
111,11,9,14,39,2,08士林區,士林區至善路3段336巷至善幹85號電桿,0,0,2,2,C03,8,1,5,30,11,9,5,5,4,5,7,4,4,10,5,5,1,11,1,21,2,9,3,4,7,6,1,10,1,11,,44,5,1,22,9,121.5942449,25.13353683
111,11,9,14,39,2,08士林區,士林區至善路3段336巷至善幹85號電桿,0,0,2,3,H02,8,1,5,30,11,9,5,5,4,5,7,4,4,10,5,5,1,11,2,22,2,9,3,5,7,21,8,20,10,15,,67,5,1,22,9,121.5942449,25.13353683
111,11,9,14,50,2,08士林區,士林區中山北路7段113號與中山北路7段114巷口,0,0,2,1,C03,8,1,5,50,3,1,1,5,4,5,7,2,1,1,4,5,2,17,1,63,2,9,1,4,7,9,1,10,1,11,,44,23,1,22,9,121.5317284,25.12213535
111,11,9,14,50,2,08士林區,士林區中山北路7段113號與中山北路7段114巷口,0,0,2,2,C03,8,1,5,50,3,1,1,5,4,5,7,2,1,1,4,5,2,17,2,70,2,9,1,4,7,1,1,15,1,14,,19,23,1,22,9,121.5317284,25.12213535
111,11,9,14,56,2,01大同區,大同區歸綏街181號,0,0,1,1,C03,8,1,5,50,14,9,1,5,4,5,7,4,4,5,5,5,2,17,1,60,2,9,1,1,7,2,1,10,1,13,,12,12,1,22,9,121.513329,25.05817829
111,11,9,14,56,2,01大同區,大同區歸綏街181號,0,0,1,2,B02,8,1,5,50,14,9,1,5,4,5,7,4,4,5,5,5,2,17,1,39,3,10,1,1,7,9,1,8,1,5,,23,12,1,22,9,121.513329,25.05817829
111,11,9,14,56,2,01大同區,大同區歸綏街181號,0,0,1,3,C03,8,1,5,50,14,9,1,5,4,5,7,4,4,5,5,5,2,17,1,45,3,10,3,4,7,13,1,10,11,13,,44,12,1,22,9,121.513329,25.05817829
111,11,9,15,0,2,12內湖區,內湖區瑞光路235巷與瑞光路口,0,0,1,1,B03,8,1,5,50,4,1,1,5,4,5,7,2,1,9,4,5,2,12,2,35,3,10,1,1,7,9,1,8,1,2,,23,17,1,22,9,121.5781148,25.074438
111,11,9,15,0,2,12內湖區,內湖區瑞光路235巷與瑞光路口,0,0,1,2,C03,8,1,5,50,4,1,1,5,4,5,7,2,1,9,4,5,2,12,1,52,2,8,1,1,7,9,1,10,1,14,,42,17,1,22,9,121.5781148,25.074438
111,11,9,15,7,2,05中正區,中正區愛國西路與博愛路口口,0,0,1,1,B02,8,1,5,50,4,2,1,5,4,5,7,2,1,9,4,1,1,16,1,73,3,10,1,1,7,5,1,8,2,2,,8,8,1,19,5,121.5108724,25.0359333
111,11,9,15,7,2,05中正區,中正區愛國西路與博愛路口口,0,0,1,2,C03,8,1,5,50,4,2,1,5,4,5,7,2,1,9,4,1,1,16,2,35,2,9,1,1,7,9,1,10,2,11,,23,8,1,21,1,121.5108724,25.0359333
111,11,9,15,12,2,05中正區,中正區羅斯福路2段與和平西路1段口,0,0,1,1,C03,8,1,5,50,4,1,1,5,4,5,7,1,1,3,4,5,2,13,1,53,3,10,1,1,7,9,1,10,2,11,,16,16,1,22,9,121.5222063,25.02718512
111,11,9,15,12,2,05中正區,中正區羅斯福路2段與和平西路1段口,0,0,1,2,C03,8,1,5,50,4,1,1,5,4,5,7,1,1,3,4,5,2,13,2,43,2,9,1,1,7,14,1,10,2,13,,44,16,1,22,9,121.5222063,25.02718512
111,11,9,15,20,2,03中山區,中山區林森北路與民生東路1段23巷口,0,0,1,1,C03,8,1,5,50,4,2,1,5,4,5,7,2,1,5,4,5,2,11,2,62,2,9,3,4,7,9,1,10,7,11,,21,21,1,22,9,121.5255405,25.05914714
111,11,9,15,20,2,03中山區,中山區林森北路與民生東路1段23巷口,0,0,1,2,B01,8,1,5,50,4,2,1,5,4,5,7,2,1,5,4,5,2,11,1,57,3,10,3,4,7,9,1,4,2,4,,44,21,1,22,9,121.5255405,25.05914714
111,11,9,15,27,2,09北投區,北投區大業路與大同街口,0,0,3,1,C03,8,1,5,50,4,2,1,5,4,5,7,1,1,9,4,5,1,12,1,49,2,8,1,1,7,5,1,10,2,13,,8,8,1,22,9,121.4990938,25.1369683
111,11,9,15,27,2,09北投區,北投區大業路與大同街口,0,0,3,2,C03,8,1,5,50,4,2,1,5,4,5,7,1,1,9,4,5,1,12,1,69,2,8,1,1,7,9,1,10,2,11,,44,8,1,22,9,121.4990938,25.1369683
111,11,9,15,27,2,09北投區,北投區大業路與大同街口,0,0,3,3,H02,8,1,5,50,4,2,1,5,4,5,7,1,1,9,4,5,1,12,2,68,2,8,4,5,7,20,8,20,10,16,,67,8,1,22,9,121.4990938,25.1369683
111,11,9,16,8,2,02萬華區,萬華區環河南路1段190號,0,0,1,1,C03,8,1,5,50,14,9,1,5,4,5,7,3,1,8,3,5,2,16,1,82,2,9,1,4,7,1,1,10,1,14,,19,19,1,22,9,121.503736,25.0466232