發生年度,發生月,發生日,發生時-Hours,發生分,處理別-編號,區序,肇事地點,死亡人數,2-30日死亡人數,受傷人數,當事人序號,車種,天候,光線,道路類別,速限-速度限制,道路型態,事故位置,路面狀況1,路面狀況2,路面狀況3,道路障礙1,道路障礙2,號誌1,號誌2,車道劃分-分向,車道劃分-分道1,車道劃分-分道2,車道劃分-分道3,事故類型及型態,性別,年齡,受傷程度,主要傷處,安全帽,行動電話,車輛用途,當事者行動狀態,駕駛資格情形,駕駛執照種類,飲酒情形,車輛撞擊部位1,車輛撞擊部位2,肇因碼-個別,肇因碼-主要,個人肇逃否,職業,旅次目的,座標-X,座標-Y
111,11,9,16,8,2,02萬華區,萬華區環河南路1段190號,0,0,1,2,B03,8,1,5,50,14,9,1,5,4,5,7,3,1,8,3,5,2,16,2,66,3,10,3,4,7,9,1,8,1,5,,44,19,1,22,9,121.503736,25.0466232
111,11,9,16,8,2,02萬華區,萬華區環河南路1段190號,0,0,1,3,B12,8,1,5,50,14,9,1,5,4,5,7,3,1,8,3,5,2,16,2,39,4,11,3,4,7,13,7,19,11,15,,38,19,1,22,9,121.503736,25.0466232
111,11,9,16,24,2,05中正區,中正區羅斯福路2段20號前,0,0,1,1,C03,8,1,5,50,14,9,1,5,4,5,7,4,4,1,4,5,2,13,1,38,2,9,1,1,7,9,1,10,11,11,,23,23,1,22,9,121.5211969,25.0285787
111,11,9,16,24,2,05中正區,中正區羅斯福路2段20號前,0,0,1,2,B03,8,1,5,50,14,9,1,5,4,5,7,4,4,1,4,5,2,13,2,30,3,10,1,1,7,9,1,8,1,3,,44,23,1,22,9,121.5211969,25.0285787
111,11,9,16,38,2,09北投區,北投區溫泉路與無名巷口,0,0,1,1,C03,8,1,5,30,3,2,1,5,4,5,7,4,4,10,5,5,2,18,1,59,2,1,2,1,7,6,1,10,8,12,,21,21,1,22,9,121.5052944,25.13548371
111,11,9,16,38,2,09北投區,北投區溫泉路與無名巷口,0,0,1,2,,8,1,5,30,3,2,1,5,4,5,7,4,4,10,5,5,2,18,3,,,,,,,,,,,,,67,21,1,,,121.5052944,25.13548371
111,11,9,16,45,2,05中正區,中正區杭州南路1段21巷與齊東街70巷口口,0,0,1,1,B03,8,1,5,30,4,1,1,5,4,5,7,4,4,9,5,5,1,15,2,47,3,10,1,1,7,9,1,8,1,4,,6,6,1,21,1,121.5277949,25.04246212
111,11,9,16,45,2,05中正區,中正區杭州南路1段21巷與齊東街70巷口口,0,0,1,2,C03,8,1,5,30,4,1,1,5,4,5,7,4,4,9,5,5,1,15,2,41,2,8,1,1,7,9,1,10,1,11,,14,6,1,21,1,121.5277949,25.04246212
111,11,9,17,0,2,12內湖區,內湖區安康路32巷24弄與安康路32巷口,0,0,1,1,C03,8,1,5,50,4,1,1,5,4,3,7,4,4,5,5,5,2,16,1,49,2,9,1,1,7,9,1,10,2,12,,6,6,1,22,9,121.5949678,25.0619197
111,11,9,17,0,2,12內湖區,內湖區安康路32巷24弄與安康路32巷口,0,0,1,2,A12,8,1,5,50,4,1,1,5,4,3,7,4,4,5,5,5,2,16,1,24,3,10,1,1,7,9,1,7,2,1,,6,6,1,22,9,121.5949678,25.0619197
111,11,9,17,0,2,12內湖區,內湖區安康路32巷24弄與安康路32巷口,0,0,1,3,A12,8,1,5,50,4,1,1,5,4,3,7,4,4,5,5,5,2,16,1,40,3,10,3,4,7,14,1,7,11,4,,38,6,1,22,9,121.5949678,25.0619197
111,11,9,17,21,2,08士林區,士林區承德路4段77巷與後港街口,0,0,1,1,F01,8,3,5,50,5,1,1,5,4,5,7,1,1,10,5,5,2,17,2,15,3,10,1,1,7,9,8,20,2,15,,25,25,1,22,9,121.5230261,25.0821921
111,11,9,17,21,2,08士林區,士林區承德路4段77巷與後港街口,0,0,1,2,C03,8,3,5,50,5,1,1,5,4,5,7,1,1,10,5,5,2,17,1,51,2,9,1,1,7,6,1,10,2,12,,42,25,1,22,9,121.5230261,25.0821921
111,11,9,17,40,2,03中山區,中山區市民大道3段與松江路口,0,0,1,2,C03,7,3,5,40,4,1,1,5,4,5,7,1,1,1,4,5,2,12,2,23,2,8,1,1,7,9,1,10,1,12,,44,43,1,22,9,121.5330233,25.04553143
111,11,9,17,40,2,03中山區,中山區市民大道3段與松江路口,0,0,1,1,C03,7,3,5,40,4,1,1,5,4,5,7,1,1,1,4,5,2,12,4,,4,11,3,4,7,15,7,19,11,15,,43,43,2,22,9,121.5330233,25.04553143
111,11,9,17,44,2,05中正區,中正區忠孝西路1段與館前路口,0,0,1,1,B01,8,3,5,50,4,2,1,5,4,5,7,2,1,1,3,5,2,13,1,62,3,10,1,1,7,9,1,4,1,1,,23,23,1,10,8,121.515339,25.0468251
111,11,9,17,44,2,05中正區,中正區忠孝西路1段與館前路口,0,0,1,2,C01,8,3,5,50,4,2,1,5,4,5,7,2,1,1,3,5,2,13,1,58,2,9,1,1,7,14,1,9,1,13,,44,23,1,22,5,121.515339,25.0468251
111,11,9,17,44,2,05中正區,中正區忠孝西路1段與館前路口,0,0,1,3,B03,8,3,5,50,4,2,1,5,4,5,7,2,1,1,3,5,2,13,2,53,3,10,1,1,7,14,1,8,1,7,,42,23,1,19,5,121.515339,25.0468251
111,11,9,17,50,2,05中正區,中正區汀州路2段180號前,0,0,1,1,C03,8,3,5,30,14,9,1,5,4,5,7,3,1,5,5,5,2,13,1,28,2,9,1,1,7,9,1,10,1,11,,16,16,1,22,9,121.5225718,25.0234494
111,11,9,17,50,2,05中正區,中正區汀州路2段180號前,0,0,1,2,C03,8,3,5,30,14,9,1,5,4,5,7,3,1,5,5,5,2,13,1,30,3,10,1,1,7,14,1,10,1,13,,44,16,1,22,9,121.5225718,25.0234494
111,11,9,18,2,2,01大同區,大同區民權西路與蘭州街口,0,0,1,1,C03,8,3,5,50,4,1,1,5,4,5,7,2,1,1,5,5,2,16,2,26,2,9,1,1,7,1,1,10,1,14,,19,19,1,22,9,121.5147147,25.06288418
111,11,9,18,2,2,01大同區,大同區民權西路與蘭州街口,0,0,1,2,C03,8,3,5,50,4,1,1,5,4,5,7,2,1,1,5,5,2,16,1,19,3,10,1,1,7,9,1,10,1,12,,44,19,1,22,9,121.5147147,25.06288418
111,11,9,18,7,2,06松山區,松山區南京東路4段與北寧路口,0,0,1,1,B03,8,3,5,40,4,2,1,5,4,5,7,2,1,3,4,4,2,13,1,29,3,10,1,1,7,9,1,8,9,1,,23,23,1,22,9,121.5524463,25.05162328
111,11,9,18,7,2,06松山區,松山區南京東路4段與北寧路口,0,0,1,2,C03,8,3,5,40,4,2,1,5,4,5,7,2,1,3,4,4,2,13,1,34,2,8,1,1,7,10,1,10,2,13,11,7,23,1,22,9,121.5524463,25.05162328
111,11,9,18,7,2,06松山區,松山區南京東路4段與北寧路口,0,0,1,3,C03,8,3,5,40,4,2,1,5,4,5,7,2,1,3,4,4,2,13,1,27,3,10,1,1,7,14,1,10,2,13,,44,23,1,22,9,121.5524463,25.05162328
111,11,9,18,20,2,10文山區,文山區秀明路2段118巷與萬壽路25巷口,0,0,1,1,B03,8,1,5,30,4,1,1,5,4,5,7,4,4,10,5,5,2,16,1,21,3,10,1,1,7,5,1,8,1,7,,8,8,1,22,9,121.576148,24.98908036
111,11,9,18,20,2,10文山區,文山區秀明路2段118巷與萬壽路25巷口,0,0,1,2,C03,8,1,5,30,4,1,1,5,4,5,7,4,4,10,5,5,2,16,2,32,2,9,1,1,7,14,1,10,1,14,,44,8,1,22,9,121.576148,24.98908036
111,11,9,18,42,2,03中山區,中山區北安路與通北街口,0,0,1,1,B03,8,3,5,50,3,1,1,5,4,5,7,1,1,1,4,5,2,16,1,44,3,10,3,4,7,5,1,8,1,2,,8,8,1,22,9,121.5412701,25.0795718
111,11,9,18,42,2,03中山區,中山區北安路與通北街口,0,0,1,2,C03,8,3,5,50,3,1,1,5,4,5,7,1,1,1,4,5,2,16,1,33,2,9,1,1,7,9,1,10,1,11,,13,8,1,22,9,121.5412701,25.0795718
111,11,9,18,43,2,10文山區,文山區指南路1段與木新路2段口口,0,0,1,1,B03,8,3,5,50,4,1,1,5,4,5,7,1,1,4,5,5,2,11,1,18,3,10,1,4,7,5,1,8,1,5,,8,8,1,22,9,121.5706741,24.98771507
111,11,9,18,43,2,10文山區,文山區指南路1段與木新路2段口口,0,0,1,2,C03,8,3,5,50,4,1,1,5,4,5,7,1,1,4,5,5,2,11,1,54,2,9,1,1,7,9,1,10,1,11,,23,8,1,22,9,121.5706741,24.98771507
111,11,9,18,50,2,12內湖區,內湖區民權東路11段與瑞湖街口,0,0,2,1,B03,8,3,5,50,3,1,1,5,4,5,7,2,1,9,4,5,2,16,1,60,3,10,1,1,7,6,1,8,1,5,,6,6,1,22,9,121.5765119,25.06758771
111,11,9,18,50,2,12內湖區,內湖區民權東路11段與瑞湖街口,0,0,2,2,C03,8,3,5,50,3,1,1,5,4,5,7,2,1,9,4,5,2,16,1,39,2,9,1,1,7,5,1,10,1,14,,6,6,1,22,9,121.5765119,25.06758771
111,11,9,18,50,2,12內湖區,內湖區民權東路11段與瑞湖街口,0,0,2,3,H02,8,3,5,50,3,1,1,5,4,5,7,2,1,9,4,5,2,16,2,37,2,9,1,1,7,21,8,20,10,15,,67,6,1,22,9,121.5765119,25.06758771
111,11,9,18,55,2,03中山區,中山區錦西街與天祥路口,0,0,1,1,F02,8,3,5,50,3,1,1,5,4,3,7,4,4,5,5,5,2,15,2,57,2,9,1,1,7,9,8,20,2,16,,6,6,1,22,9,121.5209406,25.0603218
111,11,9,18,55,2,03中山區,中山區錦西街與天祥路口,0,0,1,2,C03,8,3,5,50,3,1,1,5,4,3,7,4,4,5,5,5,2,15,1,41,3,10,1,1,7,9,1,10,2,11,,44,6,1,22,9,121.5209406,25.0603218
111,11,9,18,57,2,11南港區,南港區市民大道7段西往東第3根路燈號,0,0,2,1,B12,8,3,5,50,14,9,1,5,4,5,7,4,4,1,3,5,2,17,1,20,3,10,3,4,7,9,1,8,2,5,,17,43,1,22,9,121.5948488,25.0513594
111,11,9,18,57,2,11南港區,南港區市民大道7段西往東第3根路燈號,0,0,2,2,C03,8,3,5,50,14,9,1,5,4,5,7,4,4,1,3,5,2,17,1,58,2,8,3,4,7,9,1,10,2,13,,17,43,1,22,9,121.5948488,25.0513594
111,11,9,18,57,2,11南港區,南港區市民大道7段西往東第3根路燈號,0,0,2,3,C03,8,3,5,50,14,9,1,5,4,5,7,4,4,1,3,5,2,17,2,35,2,8,3,4,7,9,1,10,2,13,,17,43,1,22,9,121.5948488,25.0513594
111,11,9,18,57,2,11南港區,南港區市民大道7段西往東第3根路燈號,0,0,2,4,C03,8,3,5,50,14,9,1,5,4,5,7,4,4,1,3,5,2,17,2,55,3,10,3,4,7,9,1,10,2,14,,17,43,1,22,9,121.5948488,25.0513594
111,11,9,19,10,2,11南港區,南港區忠孝東路7段359號(南港車站),0,0,1,1,C03,7,1,5,50,14,7,1,5,4,5,7,4,4,1,3,4,2,13,1,22,2,9,1,1,7,9,1,10,11,11,,23,23,1,22,9,121.606096,25.0520367
111,11,9,19,10,2,11南港區,南港區忠孝東路7段359號(南港車站),0,0,1,2,B03,7,1,5,50,14,7,1,5,4,5,7,4,4,1,3,4,2,13,1,42,3,10,1,1,7,9,1,8,11,6,,44,23,1,22,9,121.606096,25.0520367
111,11,9,19,15,2,07信義區,信義區忠孝東路5段464號,0,0,1,1,C03,8,3,5,50,14,9,1,5,4,5,7,4,4,10,4,5,2,17,1,18,2,7,1,1,7,9,1,10,2,12,,23,23,1,22,9,121.5765855,25.0407551
111,11,9,19,15,2,07信義區,信義區忠孝東路5段464號,0,0,1,2,B03,8,3,5,50,14,9,1,5,4,5,7,4,4,10,4,5,2,17,1,42,3,10,1,1,7,14,1,8,2,7,,38,23,1,22,9,121.5765855,25.0407551
111,11,9,19,40,2,04大安區,大安區敦化南路1段與市民大道4段口,0,0,1,1,C03,8,3,5,50,4,1,1,5,4,5,7,2,1,1,4,5,2,17,1,53,2,9,1,1,7,9,1,10,1,11,,23,23,1,22,9,121.5491788,25.04463896
111,11,9,19,40,2,04大安區,大安區敦化南路1段與市民大道4段口,0,0,1,2,B03,8,3,5,50,4,1,1,5,4,5,7,2,1,1,4,5,2,17,1,42,3,10,1,1,7,6,6,18,1,3,,44,23,1,22,9,121.5491788,25.04463896
111,11,9,20,53,2,05中正區,中正區重慶南路1段與愛國西路口,0,0,2,1,C03,8,3,5,50,4,1,1,5,4,5,7,1,1,9,4,5,2,13,1,23,2,9,1,4,7,9,1,10,1,11,,16,16,1,22,9,121.5124566,25.03560511
111,11,9,20,53,2,05中正區,中正區重慶南路1段與愛國西路口,0,0,2,2,C03,8,3,5,50,4,1,1,5,4,5,7,1,1,9,4,5,2,13,1,37,2,9,1,4,7,15,1,10,1,13,,44,16,1,22,9,121.5124566,25.03560511
111,11,9,21,4,2,12內湖區,內湖區康湖路與安泰街114巷口,0,0,1,2,C03,8,3,5,30,3,1,1,5,4,5,7,4,4,5,2,5,2,16,1,19,2,9,1,1,7,9,1,10,2,11,,23,9,1,22,9,121.6141652,25.07796635
111,11,9,21,4,2,12內湖區,內湖區康湖路與安泰街114巷口,0,0,1,1,B03,8,3,5,30,3,1,1,5,4,5,7,4,4,5,2,5,2,16,1,56,3,10,1,1,7,6,1,8,2,1,,9,9,1,22,9,121.6141652,25.07796635
111,11,9,21,23,2,07信義區,信義區基隆路2段151號,0,0,2,1,C03,8,3,5,50,14,9,1,5,4,5,7,4,4,10,4,5,2,17,1,39,3,10,1,1,7,8,1,9,1,13,,44,44,1,22,9,121.5548749,25.0261858
111,11,9,21,23,2,07信義區,信義區基隆路2段151號,0,0,2,2,C03,8,3,5,50,14,9,1,5,4,5,7,4,4,10,4,5,2,17,2,32,2,9,1,1,7,8,1,10,1,11,,16,44,1,22,9,121.5548749,25.0261858
111,11,9,21,23,2,07信義區,信義區基隆路2段151號,0,0,2,3,H02,8,3,5,50,14,9,1,5,4,5,7,4,4,10,4,5,2,17,2,31,2,8,1,5,7,20,8,20,10,16,,67,44,1,22,9,121.5548749,25.0261858
111,11,9,21,25,2,09北投區,北投區大業路與承德路7段口,0,0,1,1,C03,7,3,5,60,5,1,1,5,4,5,7,1,1,1,2,1,2,17,1,25,3,10,1,1,7,5,1,10,1,15,,8,8,2,22,9,121.4995199,25.12065755
111,11,9,21,25,2,09北投區,北投區大業路與承德路7段口,0,0,1,2,C01,7,3,5,60,5,1,1,5,4,5,7,1,1,1,2,1,2,17,1,36,2,9,1,1,7,9,1,9,1,15,,44,8,1,22,9,121.4995199,25.12065755
111,11,9,21,40,2,05中正區,中正區福和橋機車道往永和,0,0,3,1,C03,8,3,5,40,8,11,4,5,4,5,7,4,4,9,4,5,2,12,1,44,2,9,1,1,7,9,1,10,1,11,,16,16,1,22,9,121.5334225,25.00952452
111,11,9,21,40,2,05中正區,中正區福和橋機車道往永和,0,0,3,2,C03,8,3,5,40,8,11,4,5,4,5,7,4,4,9,4,5,2,12,1,26,2,9,1,1,7,9,1,10,1,13,11,13,16,1,22,9,121.5334225,25.00952452
111,11,9,21,40,2,05中正區,中正區福和橋機車道往永和,0,0,3,3,C03,8,3,5,40,8,11,4,5,4,5,7,4,4,9,4,5,2,12,2,26,2,9,2,1,7,9,1,10,1,13,12,44,16,1,22,9,121.5334225,25.00952452
111,11,9,21,55,2,04大安區,大安區仁愛路4段與延吉街口,0,0,1,1,C03,8,3,5,50,4,1,1,5,4,1,7,2,1,5,4,5,2,28,1,54,2,9,1,1,7,9,1,10,1,11,,43,43,1,22,9,121.5554699,25.0374091
111,11,9,21,55,2,04大安區,大安區仁愛路4段與延吉街口,0,0,1,2,,8,3,5,50,4,1,1,5,4,1,7,2,1,5,4,5,2,28,3,,,,,,,,,,,,,67,43,1,,,121.5554699,25.0374091
111,11,9,21,55,2,04大安區,大安區仁愛路4段與延吉街口,0,0,1,3,,8,3,5,50,4,1,1,5,4,1,7,2,1,5,4,5,2,28,4,,4,11,3,4,7,15,7,19,11,15,,43,43,2,22,9,121.5554699,25.0374091
111,11,9,23,20,2,05中正區,中正區金山南路1段72號,0,0,1,1,B03,8,3,5,30,14,9,1,5,4,5,7,4,4,3,4,5,2,16,1,65,3,10,1,1,7,6,1,8,2,8,,6,6,1,22,9,121.5279585,25.0373542
111,11,9,23,20,2,05中正區,中正區金山南路1段72號,0,0,1,2,C03,8,3,5,30,14,9,1,5,4,5,7,4,4,3,4,5,2,16,1,30,2,9,1,1,7,9,1,10,2,11,,23,6,1,22,9,121.5279585,25.0373542
111,11,9,23,24,2,08士林區,士林區光華路61巷4弄第016號燈桿前,0,0,1,1,C03,8,1,5,40,14,9,1,5,4,5,7,4,4,10,5,5,2,13,1,18,2,7,3,4,7,9,1,10,1,11,,42,42,1,22,9,121.5389564,25.13369372
111,11,9,23,24,2,08士林區,士林區光華路61巷4弄第016號燈桿前,0,0,1,2,B03,8,1,5,40,14,9,1,5,4,5,7,4,4,10,5,5,2,13,1,40,3,10,3,4,7,13,1,8,1,7,,38,42,1,22,9,121.5389564,25.13369372
111,11,9,23,24,2,08士林區,士林區光華路61巷4弄第016號燈桿前,0,0,1,3,B12,8,1,5,40,14,9,1,5,4,5,7,4,4,10,5,5,2,13,1,62,3,10,3,4,7,13,1,8,1,10,,38,42,1,22,9,121.5389564,25.13369372
111,11,10,0,0,2,08士林區,士林區大南路與小西街口,0,0,2,1,C03,8,3,5,30,4,1,1,5,4,5,7,4,4,10,5,5,2,17,1,26,3,10,1,1,7,9,1,10,2,11,,6,6,1,22,9,121.5233262,25.0897965
111,11,10,0,0,2,08士林區,士林區大南路與小西街口,0,0,2,2,C03,8,3,5,30,4,1,1,5,4,5,7,4,4,10,5,5,2,17,1,52,2,8,1,1,7,9,1,10,2,12,,14,6,1,22,9,121.5233262,25.0897965
111,11,10,0,0,2,08士林區,士林區大南路與小西街口,0,0,2,3,H02,8,3,5,30,4,1,1,5,4,5,7,4,4,10,5,5,2,17,2,50,2,8,4,5,7,20,8,20,10,16,,67,6,1,22,9,121.5233262,25.0897965
111,11,10,0,25,2,03中山區,中山區五常街53巷與龍江路412巷口,0,0,1,1,B03,8,3,5,30,4,1,1,5,4,5,7,4,4,9,5,5,2,15,1,28,3,10,3,4,7,9,1,8,1,5,,6,6,1,22,9,121.5396306,25.0675968
111,11,10,0,25,2,03中山區,中山區五常街53巷與龍江路412巷口,0,0,1,2,C03,8,3,5,30,4,1,1,5,4,5,7,4,4,9,5,5,2,15,2,19,2,8,3,4,7,9,1,10,1,14,,44,6,1,22,9,121.5396306,25.0675968
111,11,10,0,28,2,03中山區,中山區民生東路2段75號,0,0,1,1,B01,7,3,5,50,14,9,1,5,4,5,7,4,4,4,3,5,2,9,1,51,3,10,3,4,7,14,1,4,1,2,,38,38,1,22,9,121.5305497,25.0580516
111,11,10,0,28,2,03中山區,中山區民生東路2段75號,0,0,1,2,F01,7,3,5,50,14,9,1,5,4,5,7,4,4,4,3,5,2,9,1,37,2,7,1,1,7,9,8,20,1,16,,44,38,1,22,9,121.5305497,25.0580516
111,11,10,0,28,2,03中山區,中山區民生東路2段75號,0,0,1,3,H02,7,3,5,50,14,9,1,5,4,5,7,4,4,4,3,5,2,9,1,29,3,10,3,5,7,19,8,20,10,16,,56,38,1,22,9,121.5305497,25.0580516
111,11,10,0,28,2,03中山區,中山區北安路536號,0,0,2,1,B03,8,3,5,50,4,1,1,5,4,5,7,1,1,1,4,5,2,16,1,33,3,10,3,4,7,6,1,8,1,2,,26,26,1,22,9,121.5474169,25.07996289
111,11,10,0,28,2,03中山區,中山區北安路536號,0,0,2,2,C03,8,3,5,50,4,1,1,5,4,5,7,1,1,1,4,5,2,16,1,21,2,9,1,1,7,5,1,10,1,11,,8,26,1,22,9,121.5474169,25.07996289
111,11,10,0,28,2,03中山區,中山區北安路536號,0,0,2,3,H02,8,3,5,50,4,1,1,5,4,5,7,1,1,1,4,5,2,16,2,19,2,9,1,5,7,17,8,20,10,16,,67,26,1,22,9,121.5474169,25.07996289
111,11,10,0,43,2,02萬華區,萬華區漢口街2段55號,0,0,1,1,B01,8,3,5,50,14,9,1,5,4,5,7,4,4,10,4,5,2,16,1,61,3,10,3,4,7,7,1,4,1,4,,7,7,1,22,9,121.5061691,25.0461263
111,11,10,0,43,2,02萬華區,萬華區漢口街2段55號,0,0,1,2,C03,8,3,5,50,14,9,1,5,4,5,7,4,4,10,4,5,2,16,1,25,2,9,1,4,7,9,1,10,1,11,,44,7,1,22,9,121.5061691,25.0461263
111,11,10,0,44,2,04大安區,大安區市民大道4段與延吉街口,0,0,1,1,B03,8,3,5,40,4,1,1,5,4,5,7,1,1,10,3,5,2,17,1,27,3,10,1,1,7,6,1,8,1,6,,9,9,1,22,9,121.553728,25.0442781
111,11,10,0,44,2,04大安區,大安區市民大道4段與延吉街口,0,0,1,2,C03,8,3,5,40,4,1,1,5,4,5,7,1,1,10,3,5,2,17,1,37,2,9,1,1,7,9,1,10,1,14,,44,9,1,22,9,121.553728,25.0442781
111,11,10,0,45,2,10文山區,文山區木柵路4段165號對面,0,0,2,1,C03,8,3,5,50,14,9,2,5,4,5,7,4,4,5,4,5,2,17,1,21,2,8,1,4,7,9,1,10,1,11,,43,43,1,22,9,121.5780174,25.00046181
111,11,10,0,45,2,10文山區,文山區木柵路4段165號對面,0,0,2,2,B03,8,3,5,50,14,9,2,5,4,5,7,4,4,5,4,5,2,17,1,41,3,10,1,1,7,13,1,8,1,3,,43,43,1,22,9,121.5780174,25.00046181
111,11,10,0,45,2,10文山區,文山區木柵路4段165號對面,0,0,2,3,H02,8,3,5,50,14,9,2,5,4,5,7,4,4,5,4,5,2,17,2,19,2,7,1,5,7,17,8,20,10,16,,67,43,1,22,9,121.5780174,25.00046181
111,11,10,2,42,2,03中山區,中山區民生東路1段25-2號,0,0,1,1,B01,8,4,5,50,14,9,1,5,4,5,7,4,4,9,5,5,2,16,1,47,3,10,3,4,7,11,1,4,2,4,,10,10,1,22,9,121.524289,25.058068
111,11,10,2,42,2,03中山區,中山區民生東路1段25-2號,0,0,1,2,C03,8,4,5,50,14,9,1,5,4,5,7,4,4,9,5,5,2,16,1,20,2,9,1,1,7,9,1,10,2,11,,44,10,1,22,9,121.524289,25.058068
111,11,10,3,15,2,10文山區,文山區指南路3段岐山幹29,0,0,1,1,C03,8,1,5,30,14,9,1,5,4,1,7,4,4,10,5,5,2,18,2,45,2,9,1,1,7,9,1,10,9,15,,43,,1,22,9,121.5998996,24.97223589
111,11,10,3,15,2,10文山區,文山區指南路3段岐山幹29,0,0,1,2,,8,1,5,30,14,9,1,5,4,1,7,4,4,10,5,5,2,18,3,,,,,,,,,,,,,67,,1,,,121.5998996,24.97223589
111,11,10,3,24,2,04大安區,大安區敦化南路1段190巷與忠孝東路4段77巷口,0,0,1,1,C03,8,3,5,30,4,1,1,5,4,5,7,4,4,10,5,5,2,15,1,29,2,9,1,1,7,9,1,10,1,14,,6,6,1,22,9,121.5472185,25.0426521
111,11,10,3,24,2,04大安區,大安區敦化南路1段190巷與忠孝東路4段77巷口,0,0,1,2,B03,8,3,5,30,4,1,1,5,4,5,7,4,4,10,5,5,2,15,1,18,3,10,1,1,7,9,1,8,1,1,,14,6,1,22,9,121.5472185,25.0426521
111,11,10,4,4,2,02萬華區,萬華區萬青街與青年路68巷口口,0,0,2,1,C03,7,3,5,30,4,1,1,5,4,5,7,3,1,10,3,5,1,16,1,72,2,1,3,4,7,9,1,10,1,12,,6,44,1,22,9,121.5014906,25.0235206
111,11,10,4,4,2,02萬華區,萬華區萬青街與青年路68巷口口,0,0,2,2,C03,7,3,5,30,4,1,1,5,4,5,7,3,1,10,3,5,1,16,1,28,2,9,3,4,7,9,1,10,1,11,,23,44,1,22,9,121.5014906,25.0235206
111,11,10,7,5,2,10文山區,與老泉街河堤便道口,0,0,2,1,H01,8,1,5,40,3,2,1,5,4,5,7,3,1,9,5,5,1,3,2,64,2,9,4,5,8,16,8,20,1,16,,53,53,1,22,9,121.5575535,24.97623725
111,11,10,7,5,2,10文山區,與老泉街河堤便道口,0,0,2,2,C03,8,1,5,40,3,2,1,5,4,5,7,3,1,9,5,5,1,3,1,20,2,9,1,1,7,9,1,9,2,11,,23,53,1,21,1,121.5575535,24.97623725
111,11,10,7,5,2,10文山區,與老泉街河堤便道口,0,0,2,3,,8,1,5,40,3,2,1,5,4,5,7,3,1,9,5,5,1,3,3,,,,,,,,,,,,,67,53,1,,,121.5575535,24.97623725
111,11,10,7,20,2,12內湖區,內湖區康寧路1段182號,0,0,1,1,C03,8,1,5,50,14,9,1,5,4,5,7,4,4,5,5,5,2,17,1,59,3,10,1,1,7,1,1,10,1,14,,19,19,1,22,9,121.6120367,25.06902249
111,11,10,7,20,2,12內湖區,內湖區康寧路1段182號,0,0,1,2,C03,8,1,5,50,14,9,1,5,4,5,7,4,4,5,5,5,2,17,2,37,2,9,1,1,7,9,1,10,1,11,,44,19,1,22,9,121.6120367,25.06902249
111,11,10,7,24,2,12內湖區,內湖區內湖路2段179巷與金龍隧道口,0,0,1,1,C03,8,1,5,50,3,1,1,5,4,5,7,2,1,5,2,5,2,17,2,66,2,9,1,1,7,5,1,10,1,14,,8,8,1,22,9,121.5851513,25.08433176
111,11,10,7,24,2,12內湖區,內湖區內湖路2段179巷與金龍隧道口,0,0,1,2,B03,8,1,5,50,3,1,1,5,4,5,7,2,1,5,2,5,2,17,1,55,3,10,1,1,7,5,1,8,1,5,,44,8,1,22,9,121.5851513,25.08433176
111,11,10,7,25,2,03中山區,中山區市民大道3段與安東街16巷18弄口,0,0,1,1,B03,8,1,5,40,3,2,1,5,4,5,7,4,4,10,4,5,2,16,1,54,3,10,1,1,7,11,1,8,1,2,,6,6,1,22,9,121.5408345,25.04470637
111,11,10,7,25,2,03中山區,中山區市民大道3段與安東街16巷18弄口,0,0,1,2,C03,8,1,5,40,3,2,1,5,4,5,7,4,4,10,4,5,2,16,2,25,2,9,1,1,7,9,1,10,1,14,12,13,6,1,22,9,121.5408345,25.04470637
111,11,10,7,25,2,04大安區,大安區羅斯福路4段123巷7號,0,0,1,1,B03,8,2,5,0,14,9,1,5,4,5,7,4,4,10,4,5,2,2,1,58,3,10,3,4,7,15,7,19,1,15,,23,23,2,22,9,121.5375107,25.0105158
111,11,10,7,25,2,04大安區,大安區羅斯福路4段123巷7號,0,0,1,2,H01,8,2,5,0,14,9,1,5,4,5,7,4,4,10,4,5,2,2,2,52,2,9,4,5,8,16,8,20,10,16,,67,23,1,22,9,121.5375107,25.0105158
111,11,10,7,28,2,08士林區,士林區中山北路5段與中山北路5段378巷口,0,0,3,1,C03,7,1,5,50,5,2,1,5,4,5,7,1,1,1,4,5,2,17,1,26,2,8,1,1,7,6,1,10,1,12,,9,9,1,22,9,121.5275848,25.09024848
111,11,10,7,28,2,08士林區,士林區中山北路5段與中山北路5段378巷口,0,0,3,2,C03,7,1,5,50,5,2,1,5,4,5,7,1,1,1,4,5,2,17,1,29,2,7,1,1,7,9,1,10,1,14,,23,9,1,22,9,121.5275848,25.09024848
111,11,10,7,28,2,08士林區,士林區中山北路5段與中山北路5段378巷口,0,0,3,3,H02,7,1,5,50,5,2,1,5,4,5,7,1,1,1,4,5,2,17,1,23,2,9,4,5,7,20,8,20,10,16,,67,9,1,22,9,121.5275848,25.09024848
111,11,10,7,30,2,03中山區,中山區民權東路3段與復興北路口,0,0,1,1,B03,8,1,5,50,3,1,1,5,4,5,7,4,4,1,4,5,2,12,1,47,3,10,3,4,7,8,1,8,2,2,,7,7,1,22,9,121.543739,25.06243005