發生年度,發生月,發生日,發生時-Hours,發生分,處理別-編號,區序,肇事地點,死亡人數,2-30日死亡人數,受傷人數,當事人序號,車種,天候,光線,道路類別,速限-速度限制,道路型態,事故位置,路面狀況1,路面狀況2,路面狀況3,道路障礙1,道路障礙2,號誌1,號誌2,車道劃分-分向,車道劃分-分道1,車道劃分-分道2,車道劃分-分道3,事故類型及型態,性別,年齡,受傷程度,主要傷處,安全帽,行動電話,車輛用途,當事者行動狀態,駕駛資格情形,駕駛執照種類,飲酒情形,車輛撞擊部位1,車輛撞擊部位2,肇因碼-個別,肇因碼-主要,個人肇逃否,職業,旅次目的,座標-X,座標-Y
111,11,10,7,30,2,03中山區,中山區民權東路3段與復興北路口,0,0,1,2,C03,8,1,5,50,3,1,1,5,4,5,7,4,4,1,4,5,2,12,2,65,2,9,3,4,7,9,1,10,2,14,,44,7,1,22,9,121.543739,25.06243005
111,11,10,7,58,2,01大同區,大同區民生西路與承德路2段口,0,0,1,1,B12,8,1,5,50,4,1,1,5,4,5,7,1,1,8,3,5,1,16,1,62,3,10,1,1,7,5,1,8,2,2,,8,8,1,22,9,121.5181912,25.05734049
111,11,10,7,58,2,01大同區,大同區民生西路與承德路2段口,0,0,1,2,C03,8,1,5,50,4,1,1,5,4,5,7,1,1,8,3,5,1,16,1,29,2,9,1,1,7,9,1,10,2,11,,44,8,1,22,9,121.5181912,25.05734049
111,11,10,8,0,2,06松山區,松山區南京東路4段與敦化北路口,0,0,1,1,C03,8,3,5,50,4,2,1,5,4,5,7,1,1,1,3,4,2,13,1,25,2,8,1,1,7,9,1,10,1,11,,23,23,1,22,9,121.5491628,25.05181529
111,11,10,8,0,2,06松山區,松山區南京東路4段與敦化北路口,0,0,1,2,B03,8,3,5,50,4,2,1,5,4,5,7,1,1,1,3,4,2,13,1,46,3,10,3,4,7,12,1,8,1,3,,42,23,1,22,9,121.5491628,25.05181529
111,11,10,8,5,2,07信義區,信義區松仁路240巷與吳興街口,0,0,1,1,C03,8,1,5,30,4,1,1,5,4,5,7,4,4,9,4,5,2,17,2,51,2,9,1,1,7,5,1,10,1,12,,6,6,1,22,9,121.5684123,25.0240176
111,11,10,8,5,2,07信義區,信義區松仁路240巷與吳興街口,0,0,1,2,B01,8,1,5,30,4,1,1,5,4,5,7,4,4,9,4,5,2,17,2,33,3,10,1,1,7,9,1,4,1,4,,14,6,1,22,9,121.5684123,25.0240176
111,11,10,8,10,2,01大同區,大同區延平北路4段與敦煌路口,0,0,1,1,B03,8,1,5,50,4,1,1,5,4,5,7,2,1,5,5,5,2,16,1,54,3,10,1,1,7,6,1,8,1,5,,6,6,1,22,9,121.5119911,25.07658476
111,11,10,8,10,2,01大同區,大同區延平北路4段與敦煌路口,0,0,1,2,C03,8,1,5,50,4,1,1,5,4,5,7,2,1,5,5,5,2,16,1,58,2,8,1,1,7,9,1,10,1,14,,26,6,1,22,9,121.5119911,25.07658476
111,11,10,8,20,2,03中山區,中山區新生北路3段48號,0,0,2,1,C03,8,1,5,50,14,9,1,5,4,5,7,4,4,10,5,5,2,16,1,45,2,9,1,1,7,9,1,10,1,11,,6,6,1,22,9,121.5275679,25.06469037
111,11,10,8,20,2,03中山區,中山區新生北路3段48號,0,0,2,2,F01,8,1,5,50,14,9,1,5,4,5,7,4,4,10,5,5,2,16,1,30,2,9,1,1,7,11,8,20,1,16,,11,6,1,22,9,121.5275679,25.06469037
111,11,10,8,21,2,07信義區,信義區忠孝東路5段與基隆路1段口,0,0,2,1,B03,8,1,5,50,4,2,1,5,4,5,7,2,1,3,4,5,1,12,2,50,3,10,1,1,7,9,1,8,2,3,,44,44,1,22,9,121.5650099,25.0411921
111,11,10,8,21,2,07信義區,信義區忠孝東路5段與基隆路1段口,0,0,2,2,C03,8,1,5,50,4,2,1,5,4,5,7,2,1,3,4,5,1,12,1,38,2,9,1,1,7,9,1,10,2,11,,16,44,1,22,9,121.5650099,25.0411921
111,11,10,8,21,2,07信義區,信義區忠孝東路5段與基隆路1段口,0,0,2,3,C03,8,1,5,50,4,2,1,5,4,5,7,2,1,3,4,5,1,12,1,37,2,9,1,1,7,9,1,10,2,11,,16,44,1,22,9,121.5650099,25.0411921
111,11,10,8,21,2,07信義區,信義區忠孝東路5段與基隆路1段口,0,0,2,4,B03,8,1,5,50,4,2,1,5,4,5,7,2,1,3,4,5,1,12,2,50,3,10,1,1,7,9,1,8,2,5,,44,44,1,22,9,121.5650099,25.0411921
111,11,10,8,21,2,07信義區,信義區忠孝東路5段與基隆路1段口,0,0,2,5,C02,8,1,5,50,4,2,1,5,4,5,7,2,1,3,4,5,1,12,1,46,3,10,1,1,7,6,1,9,9,15,,9,44,1,22,9,121.5650099,25.0411921
111,11,10,8,22,2,11南港區,南港區三重路與新民街口,0,0,1,1,B01,8,1,5,50,4,1,1,5,4,5,7,2,1,4,3,5,2,16,1,50,3,10,1,1,7,11,1,4,2,4,,10,10,1,22,9,121.6139883,25.0562537
111,11,10,8,22,2,11南港區,南港區三重路與新民街口,0,0,1,2,C03,8,1,5,50,4,1,1,5,4,5,7,2,1,4,3,5,2,16,1,41,2,9,1,1,7,9,1,10,2,11,,44,10,1,22,9,121.6139883,25.0562537
111,11,10,8,22,2,07信義區,信義區松智路與松智路31巷口,0,0,2,1,B03,8,1,5,50,3,1,1,5,4,5,7,4,4,9,4,5,2,15,2,49,3,10,1,1,7,11,1,8,1,8,,6,6,1,22,9,121.565406,25.03099033
111,11,10,8,22,2,07信義區,信義區松智路與松智路31巷口,0,0,2,2,C03,8,1,5,50,3,1,1,5,4,5,7,4,4,9,4,5,2,15,1,52,2,9,1,1,7,9,1,10,1,14,,14,6,1,22,9,121.565406,25.03099033
111,11,10,8,22,2,07信義區,信義區松智路與松智路31巷口,0,0,2,3,H02,8,1,5,50,3,1,1,5,4,5,7,4,4,9,4,5,2,15,2,52,2,9,4,5,7,20,8,20,10,16,,67,6,1,22,9,121.565406,25.03099033
111,11,10,8,24,2,04大安區,大安區羅斯福路2段93號,0,0,1,1,B01,8,1,5,50,14,9,1,5,4,5,7,4,4,1,4,5,2,13,1,62,3,10,3,4,7,9,1,4,1,1,,23,23,1,22,9,121.5239337,25.02527432
111,11,10,8,24,2,04大安區,大安區羅斯福路2段93號,0,0,1,2,B03,8,1,5,50,14,9,1,5,4,5,7,4,4,1,4,5,2,13,2,29,2,2,3,4,7,14,1,8,1,3,,44,23,1,22,9,121.5239337,25.02527432
111,11,10,8,24,2,10文山區,文山區木柵路4段平面停車場,0,0,1,1,B01,8,1,5,50,14,9,1,5,4,5,7,4,4,5,4,5,2,16,1,40,3,10,1,1,7,6,1,4,1,2,,9,9,1,22,9,121.5753121,24.99895545
111,11,10,8,24,2,10文山區,文山區木柵路4段平面停車場,0,0,1,2,C03,8,1,5,50,14,9,1,5,4,5,7,4,4,5,4,5,2,16,2,40,2,9,1,1,7,9,1,10,1,11,,44,9,1,22,9,121.5753121,24.99895545
111,11,10,8,27,2,04大安區,大安區信義路3段與建國南路2段口,0,0,1,1,C03,8,1,5,50,4,2,1,5,4,5,7,1,1,9,4,5,2,13,1,40,2,8,1,1,7,9,1,10,1,14,,23,23,1,22,9,121.5381175,25.0334219
111,11,10,8,27,2,04大安區,大安區信義路3段與建國南路2段口,0,0,1,2,B03,8,1,5,50,4,2,1,5,4,5,7,1,1,9,4,5,2,13,2,41,3,10,1,1,7,14,1,8,1,6,,44,23,1,22,9,121.5381175,25.0334219
111,11,10,8,27,2,04大安區,大安區信義路3段與建國南路2段口,0,0,1,3,B03,8,1,5,50,4,2,1,5,4,5,7,1,1,9,4,5,2,13,1,70,3,10,1,1,7,9,1,8,1,7,,44,23,1,22,9,121.5381175,25.0334219
111,11,10,8,37,2,11南港區,南港區市民大道8段與興華路口,0,0,2,1,C03,8,1,5,50,3,2,1,5,4,5,7,2,1,1,4,5,2,3,1,25,2,9,1,1,7,9,1,10,2,11,,15,15,1,22,9,121.6062882,25.0532064
111,11,10,8,37,2,11南港區,南港區市民大道8段與興華路口,0,0,2,2,H01,8,1,5,50,3,2,1,5,4,5,7,2,1,1,4,5,2,3,2,28,2,9,4,5,8,16,8,20,10,16,,67,15,1,22,9,121.6062882,25.0532064
111,11,10,8,50,2,07信義區,信義區忠孝東路5段1-6號,0,0,1,1,C03,8,1,5,50,14,9,1,5,4,5,7,4,4,1,4,5,2,12,2,29,2,8,3,4,7,7,1,10,1,14,,7,7,1,22,9,121.5651249,25.04125085
111,11,10,8,50,2,07信義區,信義區忠孝東路5段1-6號,0,0,1,2,B03,8,1,5,50,14,9,1,5,4,5,7,4,4,1,4,5,2,12,1,36,3,10,3,4,7,9,1,8,1,2,,44,7,1,22,9,121.5651249,25.04125085
111,11,10,8,57,2,07信義區,信義區松勇路(松仁路7號),0,0,1,1,C03,6,1,5,50,14,9,1,4,4,5,7,4,4,9,5,5,1,18,2,36,2,8,3,4,7,9,1,10,1,14,,42,42,1,22,9,121.5697826,25.03827138
111,11,10,8,57,2,07信義區,信義區松勇路(松仁路7號),0,0,1,2,,6,1,5,50,14,9,1,4,4,5,7,4,4,9,5,5,1,18,3,,,,,,,,,,,,,67,42,1,,,121.5697826,25.03827138
111,11,10,9,0,2,07信義區,信義區信義路5段20號前,0,0,2,1,C03,8,1,5,50,14,9,1,5,4,5,7,4,4,3,4,5,2,13,2,35,2,8,1,1,7,12,1,10,1,13,,42,42,1,22,9,121.5618013,25.032927
111,11,10,9,0,2,07信義區,信義區信義路5段20號前,0,0,2,2,C03,8,1,5,50,14,9,1,5,4,5,7,4,4,3,4,5,2,13,2,32,2,8,1,1,7,9,1,10,1,11,,16,42,1,22,9,121.5618013,25.032927
111,11,10,9,10,2,06松山區,松山區民生東路3段105號,0,0,1,1,B03,8,1,5,50,14,9,1,5,4,5,7,4,4,1,3,5,2,17,1,80,3,10,3,4,7,6,1,8,2,1,,23,23,1,22,9,121.5448553,25.05788562
111,11,10,9,10,2,06松山區,松山區民生東路3段105號,0,0,1,2,F01,8,1,5,50,14,9,1,5,4,5,7,4,4,1,3,5,2,17,2,49,2,9,1,1,7,9,8,20,2,16,,23,23,1,22,9,121.5448553,25.05788562
111,11,10,9,17,2,05中正區,中正區中山南路與信義路1段口,0,0,1,1,B01,8,1,5,40,4,2,1,5,4,5,7,1,1,1,4,1,2,17,1,65,3,10,1,4,7,9,1,4,2,1,,23,23,1,22,9,121.5183629,25.03856444
111,11,10,9,17,2,05中正區,中正區中山南路與信義路1段口,0,0,1,2,F01,8,1,5,40,4,2,1,5,4,5,7,1,1,1,4,1,2,17,2,70,2,9,1,1,7,11,8,20,2,16,,25,23,1,22,9,121.5183629,25.03856444
111,11,10,9,27,2,01大同區,大同區鄭州路與環河北路1段口,0,0,1,1,B12,8,1,5,50,4,2,1,5,4,5,7,1,1,10,4,5,2,16,1,66,3,10,1,1,7,6,1,8,1,4,,9,9,1,22,9,121.5068991,25.05072213
111,11,10,9,27,2,01大同區,大同區鄭州路與環河北路1段口,0,0,1,2,C03,8,1,5,50,4,2,1,5,4,5,7,1,1,10,4,5,2,16,2,59,2,9,1,1,7,5,1,10,1,12,,8,9,1,22,9,121.5068991,25.05072213
111,11,10,9,40,2,07信義區,信義區虎林街30巷與虎林街40巷口,0,0,2,1,C03,8,1,5,30,4,1,1,5,4,5,7,4,4,10,5,5,2,15,2,31,2,9,3,4,7,9,1,10,1,14,,6,6,1,22,9,121.5759746,25.04756666
111,11,10,9,40,2,07信義區,信義區虎林街30巷與虎林街40巷口,0,0,2,2,C03,8,1,5,30,4,1,1,5,4,5,7,4,4,10,5,5,2,15,1,54,2,9,3,4,7,9,1,10,1,11,,14,6,1,22,9,121.5759746,25.04756666
111,11,10,9,57,2,07信義區,信義區信義路5段91巷與松勇路53巷口,0,0,1,1,B03,8,1,5,30,4,1,1,5,4,5,7,1,1,9,4,5,2,17,1,56,3,10,1,1,7,9,1,8,2,5,,25,25,1,22,9,121.5717451,25.034192
111,11,10,9,57,2,07信義區,信義區信義路5段91巷與松勇路53巷口,0,0,1,2,B01,8,1,5,30,4,1,1,5,4,5,7,1,1,9,4,5,2,17,2,38,2,7,1,1,7,9,1,4,2,4,,44,25,1,22,9,121.5717451,25.034192
111,11,10,10,0,2,05中正區,中正區館前路2號,0,0,2,1,C03,8,1,5,50,14,9,1,5,4,5,7,1,1,10,4,5,1,18,2,32,2,8,1,1,7,9,1,10,2,14,,42,44,1,22,9,121.5149752,25.0464589
111,11,10,10,0,2,05中正區,中正區館前路2號,0,0,2,2,,8,1,5,50,14,9,1,5,4,5,7,1,1,10,4,5,1,18,3,,,,,,,,,,,,,67,44,1,,,121.5149752,25.0464589
111,11,10,10,0,2,05中正區,中正區館前路2號,0,0,2,3,H02,8,1,5,50,14,9,1,5,4,5,7,1,1,10,4,5,1,18,2,5,2,1,4,5,7,20,8,20,10,16,,67,44,1,22,9,121.5149752,25.0464589
111,11,10,10,0,2,10文山區,文山區指南路2段與指南路2段45巷口,0,0,2,1,F01,8,1,5,50,3,1,1,5,4,5,7,4,4,5,5,5,2,16,2,79,2,9,1,1,7,5,8,20,1,16,,8,8,1,22,9,121.5742924,24.98793582
111,11,10,10,0,2,10文山區,文山區指南路2段與指南路2段45巷口,0,0,2,2,C03,8,1,5,50,3,1,1,5,4,5,7,4,4,5,5,5,2,16,2,18,2,9,1,1,7,9,1,10,1,11,,23,8,1,22,9,121.5742924,24.98793582
111,11,10,10,3,2,04大安區,大安區新生南路3段82巷對面,0,0,2,1,C03,8,1,5,40,14,8,1,5,4,5,7,4,4,1,4,4,2,13,1,22,2,9,1,4,7,9,1,10,1,11,,16,16,1,22,9,121.5338773,25.0190314
111,11,10,10,3,2,04大安區,大安區新生南路3段82巷對面,0,0,2,2,C03,8,1,5,40,14,8,1,5,4,5,7,4,4,1,4,4,2,13,2,25,2,9,1,4,7,6,1,10,1,13,,44,16,1,22,9,121.5338773,25.0190314
111,11,10,10,33,2,02萬華區,萬華區桂林路98號,0,0,1,1,B01,8,1,5,50,15,7,1,5,4,5,7,4,4,9,4,4,1,17,1,50,3,10,1,1,7,11,1,8,1,15,,44,44,1,22,9,121.5002003,25.0384104
111,11,10,10,33,2,02萬華區,萬華區桂林路98號,0,0,1,2,C03,8,1,5,50,15,7,1,5,4,5,7,4,4,9,4,4,1,17,1,31,2,9,1,1,7,9,1,10,1,15,,42,44,1,22,9,121.5002003,25.0384104
111,11,10,10,41,2,12內湖區,內湖區康寧路3段與民權東路6段口,0,0,1,1,C03,8,1,5,40,3,1,1,5,4,5,7,2,1,10,4,5,2,12,2,62,4,11,3,4,7,15,7,19,11,15,,17,17,2,22,9,121.6060549,25.07296827
111,11,10,10,41,2,12內湖區,內湖區康寧路3段與民權東路6段口,0,0,1,2,C03,8,1,5,40,3,1,1,5,4,5,7,2,1,10,4,5,2,12,2,20,2,8,1,1,7,6,1,10,1,12,,17,17,1,22,9,121.6060549,25.07296827
111,11,10,10,42,2,09北投區,北投區東華街1段與裕民二路口,0,0,1,1,B01,8,1,5,50,3,1,1,5,4,5,7,2,1,1,4,5,2,16,2,56,3,10,1,1,7,6,1,4,2,1,,9,9,1,22,9,121.5160454,25.1142683
111,11,10,10,42,2,09北投區,北投區東華街1段與裕民二路口,0,0,1,2,F01,8,1,5,50,3,1,1,5,4,5,7,2,1,1,4,5,2,16,1,58,2,9,1,1,7,9,8,20,2,16,,42,9,1,22,9,121.5160454,25.1142683
111,11,10,11,2,2,10文山區,文山區木新路2段156-1號前,0,0,1,1,B01,8,1,5,30,14,9,1,5,4,5,7,4,4,10,5,5,2,16,1,50,3,10,1,1,7,6,1,4,2,4,,6,6,1,21,9,121.5689567,24.9845857
111,11,10,11,2,2,10文山區,文山區木新路2段156-1號前,0,0,1,2,C03,8,1,5,30,14,9,1,5,4,5,7,4,4,10,5,5,2,16,1,77,2,9,1,1,7,5,3,18,2,11,,17,6,1,19,8,121.5689567,24.9845857
111,11,10,11,22,2,06松山區,松山區南京東路4段199號,0,0,1,1,C03,8,1,5,50,14,9,1,5,4,5,7,2,1,9,4,5,2,13,1,45,2,7,1,1,7,9,1,10,1,11,,23,23,1,22,9,121.5573046,25.05168104
111,11,10,11,22,2,06松山區,松山區南京東路4段199號,0,0,1,2,B03,8,1,5,50,14,9,1,5,4,5,7,2,1,9,4,5,2,13,2,62,3,10,1,1,7,9,1,8,1,3,,44,23,1,22,9,121.5573046,25.05168104
111,11,10,11,40,2,11南港區,南港區忠孝東路6段465號,0,0,1,1,C03,8,1,5,50,14,9,1,5,4,5,7,4,4,10,5,5,2,13,2,24,2,1,3,4,7,9,6,18,1,11,,23,23,1,22,9,121.5939031,25.05083062
111,11,10,11,40,2,11南港區,南港區忠孝東路6段465號,0,0,1,2,B03,8,1,5,50,14,9,1,5,4,5,7,4,4,10,5,5,2,13,1,35,3,10,3,4,7,14,1,8,1,3,,38,23,1,22,9,121.5939031,25.05083062
111,11,10,11,53,2,04大安區,大安區敦化南路2段與和平東路3段口,0,0,1,1,C03,8,1,5,50,4,1,1,5,4,5,7,2,1,1,4,5,2,17,1,44,3,10,1,1,7,6,6,18,1,12,,44,44,1,22,9,121.548424,25.02449464
111,11,10,11,53,2,04大安區,大安區敦化南路2段與和平東路3段口,0,0,1,2,C03,8,1,5,50,4,1,1,5,4,5,7,2,1,1,4,5,2,17,2,59,2,8,1,1,7,9,1,10,1,14,,44,44,1,22,9,121.548424,25.02449464
111,11,10,12,1,2,07信義區,信義區松仁路與忠孝東路5段236巷2弄口,0,0,2,1,C03,8,1,5,50,3,1,1,5,4,5,7,4,4,1,4,5,1,17,1,44,2,8,1,4,7,5,1,10,2,11,,8,8,1,22,9,121.5685849,25.0405043
111,11,10,12,1,2,07信義區,信義區松仁路與忠孝東路5段236巷2弄口,0,0,2,2,C03,8,1,5,50,3,1,1,5,4,5,7,4,4,1,4,5,1,17,2,52,2,7,1,4,7,9,3,18,2,11,,44,8,1,22,9,121.5685849,25.0405043
111,11,10,12,10,2,09北投區,北投區磺港路130號,0,0,1,1,C03,8,1,5,30,14,9,1,5,4,5,7,4,4,10,5,5,2,10,1,24,3,10,1,1,7,9,1,10,1,11,,43,43,1,22,9,121.5031333,25.1294008
111,11,10,12,10,2,09北投區,北投區磺港路130號,0,0,1,2,C03,8,1,5,30,14,9,1,5,4,5,7,4,4,10,5,5,2,10,1,43,2,7,1,1,7,9,1,10,1,11,,43,43,1,22,9,121.5031333,25.1294008
111,11,10,12,14,2,04大安區,大安區羅斯福路2段與杭州南路2段口,0,0,1,1,C03,8,1,5,50,4,2,1,5,4,5,7,2,1,1,4,5,2,13,1,23,2,9,3,4,7,9,1,10,1,11,,16,16,1,22,9,121.5218525,25.0279357
111,11,10,12,14,2,04大安區,大安區羅斯福路2段與杭州南路2段口,0,0,1,2,B01,8,1,5,50,4,2,1,5,4,5,7,2,1,1,4,5,2,13,1,43,3,10,3,4,7,9,1,2,1,7,,44,16,1,22,9,121.5218525,25.0279357
111,11,10,12,41,2,01大同區,大同區民權西路與民權西路225巷口,0,0,1,1,,8,1,5,50,4,1,1,5,4,5,7,2,1,5,2,5,2,9,4,,4,11,3,4,7,15,7,19,11,15,,43,43,2,22,9,121.5122492,25.062819
111,11,10,12,41,2,01大同區,大同區民權西路與民權西路225巷口,0,0,1,2,H01,8,1,5,50,4,1,1,5,4,5,7,2,1,5,2,5,2,9,2,85,2,8,4,5,8,16,8,20,10,16,,67,43,1,22,9,121.5122492,25.062819
111,11,10,13,15,2,10文山區,文山區羅斯福路6段111號,0,0,2,1,C03,8,1,5,50,14,9,1,5,2,5,7,4,4,1,4,5,2,17,2,19,2,9,1,1,7,9,1,10,2,12,,13,13,1,22,9,121.540672,24.9980039
111,11,10,13,15,2,10文山區,文山區羅斯福路6段111號,0,0,2,2,C03,8,1,5,50,14,9,1,5,2,5,7,4,4,1,4,5,2,17,1,22,2,9,1,1,7,9,1,10,2,14,,13,13,1,22,9,121.540672,24.9980039
111,11,10,13,15,2,10文山區,文山區羅斯福路6段111號,0,0,2,3,,8,1,5,50,14,9,1,5,2,5,7,4,4,1,4,5,2,17,3,,,,,,,,,,,,,61,13,1,,,121.540672,24.9980039
111,11,10,13,30,2,03中山區,中山區中山北路3段花博園區,0,0,1,1,B01,8,1,5,50,14,9,1,5,4,5,7,1,1,1,4,5,2,16,1,68,3,10,1,1,7,8,1,4,1,5,,7,7,1,22,9,121.5233235,25.0705459
111,11,10,13,30,2,03中山區,中山區中山北路3段花博園區,0,0,1,2,C03,8,1,5,50,14,9,1,5,4,5,7,1,1,1,4,5,2,16,2,41,2,9,1,1,7,9,1,10,1,14,,44,7,1,22,9,121.5233235,25.0705459
111,11,10,13,59,2,04大安區,大安區和平東路1段129號,0,0,1,1,B03,8,1,5,50,14,8,1,5,4,5,7,4,4,1,4,4,2,17,1,36,3,10,1,1,7,6,1,8,1,2,,9,9,1,22,9,121.5296103,25.02654346
111,11,10,13,59,2,04大安區,大安區和平東路1段129號,0,0,1,2,C03,8,1,5,50,14,8,1,5,4,5,7,4,4,1,4,4,2,17,1,65,2,8,1,1,7,9,1,10,1,14,,44,9,1,22,9,121.5296103,25.02654346
111,11,10,14,1,2,04大安區,大安區忠孝東路4段與敦化南路1段口,0,0,1,1,C03,8,1,5,50,4,2,1,5,4,5,7,2,1,1,4,5,2,17,1,72,2,9,3,4,7,7,1,10,1,14,,7,7,1,22,9,121.5486789,25.0408667
111,11,10,14,1,2,04大安區,大安區忠孝東路4段與敦化南路1段口,0,0,1,2,C03,8,1,5,50,4,2,1,5,4,5,7,2,1,1,4,5,2,17,1,37,3,10,3,4,7,9,1,9,1,12,,44,7,1,22,9,121.5486789,25.0408667
111,11,10,14,30,2,12內湖區,內湖區新明路333巷與新明路口,0,0,2,1,C03,8,1,5,40,4,2,1,5,4,5,7,2,1,5,5,4,2,3,1,33,2,7,1,1,7,9,1,10,1,11,,23,23,1,22,9,121.5836325,25.05663394
111,11,10,14,30,2,12內湖區,內湖區新明路333巷與新明路口,0,0,2,2,H01,8,1,5,40,4,2,1,5,4,5,7,2,1,5,5,4,2,3,1,61,2,9,4,5,8,16,8,20,10,16,,51,23,1,22,9,121.5836325,25.05663394
111,11,10,14,45,2,03中山區,中山區中山北路3段花博園區,0,0,1,1,C03,8,1,5,50,14,9,1,5,4,5,7,1,1,1,4,5,2,16,1,64,3,10,1,1,7,9,1,10,1,11,,25,25,1,22,9,121.5233459,25.070773
111,11,10,14,45,2,03中山區,中山區中山北路3段花博園區,0,0,1,2,C03,8,1,5,50,14,9,1,5,4,5,7,1,1,1,4,5,2,16,2,58,2,9,1,1,7,9,1,10,1,11,,44,25,1,22,9,121.5233459,25.070773
111,11,10,14,45,2,03中山區,中山區中山北路3段花博園區,0,0,1,3,B03,8,1,5,50,14,9,1,5,4,5,7,1,1,1,4,5,2,16,1,55,3,10,1,1,7,9,1,8,1,2,,44,25,1,22,9,121.5233459,25.070773
111,11,10,14,45,2,03中山區,中山區中山北路3段花博園區,0,0,1,4,C03,8,1,5,50,14,9,1,5,4,5,7,1,1,1,4,5,2,16,1,32,3,10,1,1,7,9,1,10,1,11,,17,25,1,22,9,121.5233459,25.070773
111,11,10,15,10,2,09北投區,北投區大度路3段與立功街口,0,0,1,1,B03,8,1,5,30,3,2,1,5,4,5,7,3,1,1,4,5,2,17,2,34,3,10,1,1,7,6,1,8,1,4,,9,9,1,22,9,121.4689852,25.12332983
111,11,10,15,10,2,09北投區,北投區大度路3段與立功街口,0,0,1,2,C03,8,1,5,30,3,2,1,5,4,5,7,3,1,1,4,5,2,17,2,22,2,9,1,1,7,9,1,10,1,12,,44,9,1,22,9,121.4689852,25.12332983
111,11,10,15,20,2,03中山區,中山區敬業一路與北安路770巷口,0,0,1,1,B02,8,1,5,50,3,2,1,5,4,5,7,4,4,5,5,5,2,9,2,42,3,10,1,1,7,2,1,8,1,3,,12,12,1,22,9,121.5533152,25.0841434
111,11,10,15,20,2,03中山區,中山區敬業一路與北安路770巷口,0,0,1,2,H01,8,1,5,50,3,2,1,5,4,5,7,4,4,5,5,5,2,9,1,32,2,9,4,5,8,17,8,20,10,16,,51,12,1,22,9,121.5533152,25.0841434
111,11,10,15,39,2,06松山區,松山區南京東路5段202號,0,0,1,1,B11,8,1,5,50,14,9,1,5,4,5,7,4,4,1,4,5,2,12,1,65,3,10,1,1,7,1,1,4,1,3,,19,19,1,22,9,121.5646841,25.05132075
111,11,10,15,39,2,06松山區,松山區南京東路5段202號,0,0,1,2,C03,8,1,5,50,14,9,1,5,4,5,7,4,4,1,4,5,2,12,2,39,2,9,1,1,7,9,1,10,1,11,,23,19,1,22,9,121.5646841,25.05132075
111,11,10,15,50,2,06松山區,松山區復興北路地下道南往北,0,0,1,1,C03,8,3,5,40,7,9,1,5,4,5,7,4,4,1,1,5,2,12,1,43,2,9,1,1,7,9,1,10,1,14,,42,42,1,22,9,121.5443865,25.06921044
111,11,10,15,50,2,06松山區,松山區復興北路地下道南往北,0,0,1,2,B03,8,3,5,40,7,9,1,5,4,5,7,4,4,1,1,5,2,12,2,26,3,10,1,1,7,9,1,8,1,5,,44,42,1,22,9,121.5443865,25.06921044
111,11,10,15,50,2,10文山區,文山區興隆路3段與萬芳路口,0,0,1,1,C04,8,1,5,50,4,2,1,5,4,5,7,2,1,1,2,5,2,11,2,70,2,9,1,1,7,7,1,11,1,14,,43,43,1,22,9,121.5598729,24.99674309
111,11,10,15,50,2,10文山區,文山區興隆路3段與萬芳路口,0,0,1,2,B01,8,1,5,50,4,2,1,5,4,5,7,2,1,1,2,5,2,11,1,57,3,10,1,1,7,9,1,4,2,6,,43,43,1,22,9,121.5598729,24.99674309
111,11,10,16,17,2,03中山區,中山區復興北路430巷10號,0,0,2,1,B03,8,3,5,30,14,9,1,5,4,5,7,4,4,9,5,5,2,12,1,49,3,10,1,1,7,4,1,8,1,2,,1,17,1,22,9,121.5434289,25.06334995
111,11,10,16,17,2,03中山區,中山區復興北路430巷10號,0,0,2,2,C03,8,3,5,30,14,9,1,5,4,5,7,4,4,9,5,5,2,12,2,24,2,9,1,1,7,9,1,10,1,11,,44,17,1,22,9,121.5434289,25.06334995
111,11,10,16,17,2,03中山區,中山區復興北路430巷10號,0,0,2,3,H02,8,3,5,30,14,9,1,5,4,5,7,4,4,9,5,5,2,12,2,51,2,9,4,5,7,20,8,20,10,16,,67,17,1,22,9,121.5434289,25.06334995
111,11,10,16,32,2,10文山區,文山區萬芳路與萬和街口,0,0,3,1,B03,8,1,5,50,14,9,1,5,4,5,7,4,4,5,4,5,2,10,1,36,2,7,1,2,7,9,1,8,7,1,,21,4,1,22,9,121.5695226,24.9986705
111,11,10,16,32,2,10文山區,文山區萬芳路與萬和街口,0,0,3,2,B02,8,1,5,50,14,9,1,5,4,5,7,4,4,5,4,5,2,10,2,71,2,9,1,1,7,9,1,8,2,1,,44,4,1,22,9,121.5695226,24.9986705
111,11,10,16,32,2,10文山區,文山區萬芳路與萬和街口,0,0,3,3,B03,8,1,5,50,14,9,1,5,4,5,7,4,4,5,4,5,2,10,1,62,3,10,1,1,7,9,1,8,2,1,,44,4,1,22,9,121.5695226,24.9986705
111,11,10,16,32,2,10文山區,文山區萬芳路與萬和街口,0,0,3,4,H02,8,1,5,50,14,9,1,5,4,5,7,4,4,5,4,5,2,10,1,73,2,2,4,5,7,17,8,20,10,16,,67,4,1,22,9,121.5695226,24.9986705
111,11,10,16,38,2,10文山區,文山區永安街22巷與木新路2段口,0,0,1,1,B03,8,1,5,50,3,1,1,5,4,5,7,1,1,10,4,5,2,16,1,61,3,10,1,1,7,1,1,8,1,8,,19,19,1,22,9,121.5707315,24.9863945