發生年度,發生月,發生日,發生時-Hours,發生分,處理別-編號,區序,肇事地點,死亡人數,2-30日死亡人數,受傷人數,當事人序號,車種,天候,光線,道路類別,速限-速度限制,道路型態,事故位置,路面狀況1,路面狀況2,路面狀況3,道路障礙1,道路障礙2,號誌1,號誌2,車道劃分-分向,車道劃分-分道1,車道劃分-分道2,車道劃分-分道3,事故類型及型態,性別,年齡,受傷程度,主要傷處,安全帽,行動電話,車輛用途,當事者行動狀態,駕駛資格情形,駕駛執照種類,飲酒情形,車輛撞擊部位1,車輛撞擊部位2,肇因碼-個別,肇因碼-主要,個人肇逃否,職業,旅次目的,座標-X,座標-Y
111,11,10,16,38,2,10文山區,文山區永安街22巷與木新路2段口,0,0,1,2,C03,8,1,5,50,3,1,1,5,4,5,7,1,1,10,4,5,2,16,1,75,2,9,1,1,7,9,1,10,1,11,,44,19,1,22,9,121.5707315,24.9863945
111,11,10,17,0,2,07信義區,信義區福德街310巷1號,0,0,1,1,B03,7,1,5,30,14,9,1,5,4,5,7,4,4,10,5,5,2,13,1,64,3,10,1,1,7,9,1,8,2,1,,16,16,1,22,9,121.5875421,25.0394262
111,11,10,17,0,2,07信義區,信義區福德街310巷1號,0,0,1,2,C02,7,1,5,30,14,9,1,5,4,5,7,4,4,10,5,5,2,13,1,64,2,9,1,1,7,14,1,9,2,13,,44,16,1,22,9,121.5875421,25.0394262
111,11,10,17,0,2,07信義區,信義區菸廠路88號,0,0,2,1,B03,8,1,5,50,14,9,1,5,4,5,7,4,4,9,4,5,1,16,2,22,3,10,1,1,7,4,1,8,1,2,,1,7,1,22,9,121.5613623,25.04498
111,11,10,17,0,2,07信義區,信義區菸廠路88號,0,0,2,2,C03,8,1,5,50,14,9,1,5,4,5,7,4,4,9,4,5,1,16,1,57,2,9,1,1,7,9,1,10,1,14,,44,7,1,22,9,121.5613623,25.04498
111,11,10,17,0,2,07信義區,信義區菸廠路88號,0,0,2,3,H02,8,1,5,50,14,9,1,5,4,5,7,4,4,9,4,5,1,16,1,57,2,9,4,5,7,20,8,20,10,16,,67,7,1,22,9,121.5613623,25.04498
111,11,10,17,7,2,05中正區,中正區林森北路與北平東路口,0,0,2,1,C03,8,1,5,50,4,1,1,5,4,5,7,1,1,9,4,5,2,15,1,34,2,9,1,1,7,9,1,10,1,11,,23,23,1,22,9,121.5237575,25.0464337
111,11,10,17,7,2,05中正區,中正區林森北路與北平東路口,0,0,2,2,C03,8,1,5,50,4,1,1,5,4,5,7,1,1,9,4,5,2,15,1,58,2,5,1,1,7,1,1,10,1,14,,19,23,1,22,9,121.5237575,25.0464337
111,11,10,17,14,2,03中山區,中山區復興北路與八德路2段口,0,0,2,1,C03,8,1,5,50,4,2,1,5,4,5,7,2,1,1,4,5,2,12,1,38,2,9,3,4,7,8,1,10,1,12,,7,7,1,22,9,121.5451841,25.0474213
111,11,10,17,14,2,03中山區,中山區復興北路與八德路2段口,0,0,2,2,C03,8,1,5,50,4,2,1,5,4,5,7,2,1,1,4,5,2,12,1,27,2,9,3,4,7,9,1,10,1,14,,13,7,1,22,9,121.5451841,25.0474213
111,11,10,17,25,2,03中山區,中山區明水路397巷2弄與明水路397巷口,0,0,1,1,B03,8,3,5,30,4,1,1,5,4,5,7,4,4,5,5,5,2,15,1,41,3,10,3,4,7,9,1,8,1,1,,6,6,1,22,9,121.5476923,25.07804965
111,11,10,17,25,2,03中山區,中山區明水路397巷2弄與明水路397巷口,0,0,1,2,C03,8,3,5,30,4,1,1,5,4,5,7,4,4,5,5,5,2,15,1,24,2,9,3,4,7,9,1,10,1,14,,13,6,1,22,9,121.5476923,25.07804965
111,11,10,17,33,2,03中山區,中山區南京東路1段27號,0,0,4,1,B01,8,3,5,40,14,7,1,5,4,3,7,4,4,3,4,4,2,13,1,60,3,10,1,1,7,1,1,4,2,15,,19,19,2,22,9,121.5243436,25.05228214
111,11,10,17,33,2,03中山區,中山區南京東路1段27號,0,0,4,2,C03,8,3,5,40,14,7,1,5,4,3,7,4,4,3,4,4,2,13,1,20,2,9,1,1,7,9,1,10,2,11,,13,19,1,22,9,121.5243436,25.05228214
111,11,10,17,33,2,03中山區,中山區南京東路1段27號,0,0,4,3,C03,8,3,5,40,14,7,1,5,4,3,7,4,4,3,4,4,2,13,2,22,2,9,1,1,7,12,1,10,2,13,,44,19,1,22,9,121.5243436,25.05228214
111,11,10,17,33,2,03中山區,中山區南京東路1段27號,0,0,4,4,C03,8,3,5,40,14,7,1,5,4,3,7,4,4,3,4,4,2,13,1,44,2,9,1,1,7,9,1,10,2,11,,44,19,1,22,9,121.5243436,25.05228214
111,11,10,17,33,2,03中山區,中山區南京東路1段27號,0,0,4,5,B03,8,3,5,40,14,7,1,5,4,3,7,4,4,3,4,4,2,13,1,27,3,10,1,1,7,13,1,8,11,15,,38,19,1,22,9,121.5243436,25.05228214
111,11,10,17,33,2,03中山區,中山區南京東路1段27號,0,0,4,6,H02,8,3,5,40,14,7,1,5,4,3,7,4,4,3,4,4,2,13,2,26,2,9,1,5,7,20,8,20,10,16,,67,19,1,22,9,121.5243436,25.05228214
111,11,10,17,33,2,08士林區,士林區士東路與忠誠路2段40巷14弄口,0,0,2,1,C03,8,3,5,50,3,1,1,5,4,5,7,4,4,9,5,5,2,7,2,25,2,9,1,1,7,9,1,10,1,11,,42,42,1,22,9,121.5299988,25.1122479
111,11,10,17,33,2,08士林區,士林區士東路與忠誠路2段40巷14弄口,0,0,2,2,H01,8,3,5,50,3,1,1,5,4,5,7,4,4,9,5,5,2,7,1,71,2,9,4,5,8,16,8,20,10,16,,51,42,1,22,9,121.5299988,25.1122479
111,11,10,17,43,2,07信義區,信義區松勤街與松智路口25號停車場出入口,0,0,2,1,B03,8,3,5,50,14,9,1,5,4,5,7,4,4,9,5,5,2,17,1,27,3,10,1,1,7,11,1,8,2,8,,10,10,1,21,8,121.5659535,25.03189255
111,11,10,17,43,2,07信義區,信義區松勤街與松智路口25號停車場出入口,0,0,2,2,C03,8,3,5,50,14,9,1,5,4,5,7,4,4,9,5,5,2,17,2,42,2,9,1,1,7,9,1,10,2,12,,44,10,1,21,8,121.5659535,25.03189255
111,11,10,17,43,2,07信義區,信義區松勤街與松智路口25號停車場出入口,0,0,2,3,H02,8,3,5,50,14,9,1,5,4,5,7,4,4,9,5,5,2,17,2,5,2,9,1,5,7,20,8,20,10,16,,67,10,1,21,8,121.5659535,25.03189255
111,11,10,17,45,2,02萬華區,萬華區長沙街2段與西昌街口,0,0,2,1,C03,8,3,5,30,4,1,1,5,4,5,7,2,1,9,5,5,2,17,1,88,2,9,1,1,7,5,1,10,1,11,,8,8,1,22,9,121.4995411,25.04197892
111,11,10,17,45,2,02萬華區,萬華區長沙街2段與西昌街口,0,0,2,2,C03,8,3,5,30,4,1,1,5,4,5,7,2,1,9,5,5,2,17,1,42,2,9,1,1,7,9,1,9,1,11,,13,8,1,22,9,121.4995411,25.04197892
111,11,10,18,10,2,03中山區,中山區北安路與明水路口,0,0,2,1,C03,7,3,5,50,3,4,1,5,4,5,7,1,1,1,4,1,1,13,2,24,2,9,1,1,7,9,1,10,1,11,,23,23,1,22,9,121.5389601,25.07770638
111,11,10,18,10,2,03中山區,中山區北安路與明水路口,0,0,2,2,C03,7,3,5,50,3,4,1,5,4,5,7,1,1,1,4,1,1,13,1,33,2,9,1,1,7,14,1,10,1,13,,44,23,1,22,9,121.5389601,25.07770638
111,11,10,18,20,2,09北投區,北投區天母西路與天母西路101巷口,0,0,1,1,B03,8,3,5,30,4,1,1,5,4,5,7,4,4,5,5,5,2,17,2,69,3,10,1,1,7,5,1,8,1,1,,8,8,1,22,9,121.52388,25.11874782
111,11,10,18,20,2,09北投區,北投區天母西路與天母西路101巷口,0,0,1,2,C03,8,3,5,30,4,1,1,5,4,5,7,4,4,5,5,5,2,17,2,30,2,9,1,1,7,14,1,10,1,11,,44,8,1,22,9,121.52388,25.11874782
111,11,10,18,26,2,04大安區,大安區辛亥路3段與辛亥路3段157巷口,0,0,1,1,B01,8,3,5,50,14,9,1,5,4,5,7,4,4,3,5,5,1,12,2,31,3,10,1,1,7,8,1,4,1,2,,7,7,1,22,9,121.5479796,25.0170031
111,11,10,18,26,2,04大安區,大安區辛亥路3段與辛亥路3段157巷口,0,0,1,2,C03,8,3,5,50,14,9,1,5,4,5,7,4,4,3,5,5,1,12,1,24,2,9,1,1,7,9,1,10,1,14,,23,7,1,22,9,121.5479796,25.0170031
111,11,10,18,45,2,07信義區,信義區松仁路207-1號,0,0,1,1,B03,7,3,5,50,14,7,1,5,4,5,7,4,4,10,4,4,2,17,1,55,3,10,1,1,7,11,1,8,1,6,,10,10,1,22,9,121.5684417,25.02709623
111,11,10,18,45,2,07信義區,信義區松仁路207-1號,0,0,1,2,C03,7,3,5,50,14,7,1,5,4,5,7,4,4,10,4,4,2,17,2,21,2,9,1,1,7,9,1,10,1,11,,42,10,1,22,9,121.5684417,25.02709623
111,11,10,18,46,2,05中正區,中正區南海路與牯嶺街口,0,0,1,1,B02,8,3,5,30,4,1,1,5,4,5,7,1,1,10,4,5,2,17,1,56,3,10,1,1,7,5,1,8,2,4,,8,8,1,22,9,121.5150019,25.03201272
111,11,10,18,46,2,05中正區,中正區南海路與牯嶺街口,0,0,1,2,C03,8,3,5,30,4,1,1,5,4,5,7,1,1,10,4,5,2,17,1,36,2,9,1,1,7,9,1,10,2,12,,44,8,1,22,9,121.5150019,25.03201272
111,11,10,18,50,2,12內湖區,內湖區民權大橋往松山機慢車專用道東往西(人行道起點處),0,0,3,1,C03,8,3,5,40,8,11,1,5,4,5,7,4,4,1,4,4,2,13,1,31,2,8,1,1,7,9,1,10,2,11,,16,16,1,22,9,121.5721909,25.0648832
111,11,10,18,50,2,12內湖區,內湖區民權大橋往松山機慢車專用道東往西(人行道起點處),0,0,3,2,C03,8,3,5,40,8,11,1,5,4,5,7,4,4,1,4,4,2,13,1,29,2,8,1,1,7,9,1,10,2,11,,16,16,1,22,9,121.5721909,25.0648832
111,11,10,18,50,2,12內湖區,內湖區民權大橋往松山機慢車專用道東往西(人行道起點處),0,0,3,3,B03,8,3,5,40,8,11,1,5,4,5,7,4,4,1,4,4,2,13,1,48,3,10,1,1,7,9,1,8,2,5,,44,16,1,22,9,121.5721909,25.0648832
111,11,10,18,50,2,12內湖區,內湖區民權大橋往松山機慢車專用道東往西(人行道起點處),0,0,3,4,C03,8,3,5,40,8,11,1,5,4,5,7,4,4,1,4,4,2,13,1,37,3,10,1,1,7,9,1,10,2,13,,44,16,1,22,9,121.5721909,25.0648832
111,11,10,18,50,2,12內湖區,內湖區民權大橋往松山機慢車專用道東往西(人行道起點處),0,0,3,5,C03,8,3,5,40,8,11,1,5,4,5,7,4,4,1,4,4,2,13,1,48,2,7,1,1,7,9,1,10,2,11,,23,16,1,22,9,121.5721909,25.0648832
111,11,10,18,53,2,02萬華區,萬華區桂林路與昆明街口,0,0,2,1,C03,8,3,5,50,4,1,1,5,4,5,7,2,1,5,4,4,2,17,2,57,2,9,1,1,7,8,1,10,1,13,,7,7,1,22,9,121.5038377,25.0380071
111,11,10,18,53,2,02萬華區,萬華區桂林路與昆明街口,0,0,2,2,C03,8,3,5,50,4,1,1,5,4,5,7,2,1,5,4,4,2,17,1,39,2,9,1,1,7,9,1,10,1,11,,44,7,1,22,9,121.5038377,25.0380071
111,11,10,19,5,2,08士林區,士林區通河西街1段堤外便道086號桿,0,0,2,1,C03,8,1,5,50,14,9,1,5,4,5,7,4,4,9,5,5,2,10,1,22,2,7,3,4,7,15,3,18,1,11,,49,49,1,22,9,121.5123896,25.08735114
111,11,10,19,5,2,08士林區,士林區通河西街1段堤外便道086號桿,0,0,2,2,C03,8,1,5,50,14,9,1,5,4,5,7,4,4,9,5,5,2,10,2,42,2,7,3,4,7,9,1,10,1,11,,44,49,1,22,9,121.5123896,25.08735114
111,11,10,19,15,2,06松山區,松山區光復北路與延壽街口口,0,0,2,1,C03,8,3,5,50,4,1,1,5,4,5,7,2,1,9,5,5,2,16,2,21,2,9,1,1,7,9,1,10,1,11,,44,23,1,22,9,121.5556058,25.05624104
111,11,10,19,15,2,06松山區,松山區光復北路與延壽街口口,0,0,2,2,B03,8,3,5,50,4,1,1,5,4,5,7,2,1,9,5,5,2,16,1,70,3,10,1,1,7,5,1,8,1,2,,6,23,1,22,9,121.5556058,25.05624104
111,11,10,19,15,2,06松山區,松山區光復北路與延壽街口口,0,0,2,3,H02,8,3,5,50,4,1,1,5,4,5,7,2,1,9,5,5,2,16,2,21,2,9,1,1,7,21,8,20,10,16,,67,23,1,22,9,121.5556058,25.05624104
111,11,10,19,25,2,04大安區,大安區忠孝東路3段217巷與忠孝東路3段口,0,0,1,1,C03,7,3,5,50,3,1,1,5,4,5,7,1,1,10,5,5,2,12,2,50,2,9,1,1,7,9,1,10,1,12,,6,6,1,22,9,121.5398929,25.0417892
111,11,10,19,25,2,04大安區,大安區忠孝東路3段217巷與忠孝東路3段口,0,0,1,2,B03,7,3,5,50,3,1,1,5,4,5,7,1,1,10,5,5,2,12,2,68,3,10,1,1,7,9,1,8,1,1,,44,6,1,22,9,121.5398929,25.0417892
111,11,10,19,49,2,02萬華區,萬華區東園街與德昌街口,0,0,1,1,C03,8,3,5,40,4,1,2,5,4,5,7,2,1,8,3,5,1,3,1,51,3,10,3,4,7,9,1,10,2,12,,25,25,1,22,9,121.4971591,25.0243852
111,11,10,19,49,2,02萬華區,萬華區東園街與德昌街口,0,0,1,2,H01,8,3,5,40,4,1,2,5,4,5,7,2,1,8,3,5,1,3,2,9,2,9,4,5,8,16,8,20,9,16,,67,25,1,22,9,121.4971591,25.0243852
111,11,10,20,0,2,05中正區,中正區懷寧街與衡陽路口,0,0,1,1,C03,8,3,5,50,3,1,1,5,4,5,7,1,1,9,5,5,2,12,2,40,3,10,1,1,7,5,1,10,2,11,,4,4,1,22,9,121.5140237,25.0422423
111,11,10,20,0,2,05中正區,中正區懷寧街與衡陽路口,0,0,1,2,C03,8,3,5,50,3,1,1,5,4,5,7,1,1,9,5,5,2,12,1,27,2,7,1,1,7,11,1,10,2,14,,10,4,1,22,9,121.5140237,25.0422423
111,11,10,20,22,2,02萬華區,萬華區中華路1段與開封街2段口,0,0,1,1,C03,8,3,5,50,4,1,1,5,4,5,7,2,1,1,4,5,2,17,1,26,3,10,1,1,7,5,1,10,1,14,,6,6,1,22,9,121.5093626,25.04600279
111,11,10,20,22,2,02萬華區,萬華區中華路1段與開封街2段口,0,0,1,2,B01,8,3,5,50,4,1,1,5,4,5,7,2,1,1,4,5,2,17,1,62,3,10,1,1,7,9,1,4,1,5,,44,6,1,22,9,121.5093626,25.04600279
111,11,10,20,22,2,02萬華區,萬華區中華路1段與開封街2段口,0,0,1,3,C03,8,3,5,50,4,1,1,5,4,5,7,2,1,1,4,5,2,17,1,28,2,9,1,1,7,9,1,10,1,11,,16,6,1,22,9,121.5093626,25.04600279
111,11,10,20,25,2,11南港區,南港區八德路4段與中坡北路口,0,0,2,1,C03,7,3,5,50,5,2,1,5,4,5,7,1,1,9,5,5,2,12,1,35,2,9,1,1,7,9,1,10,1,11,,23,23,1,22,9,121.5797752,25.0504046
111,11,10,20,25,2,11南港區,南港區八德路4段與中坡北路口,0,0,2,2,C03,7,3,5,50,5,2,1,5,4,5,7,1,1,9,5,5,2,12,1,39,2,9,1,1,7,5,1,10,1,13,,44,23,1,22,9,121.5797752,25.0504046
111,11,10,20,57,2,01大同區,大同區台北橋與台北橋口機車道(往三重),0,0,1,1,,8,3,7,40,14,11,1,5,4,5,7,4,4,9,3,5,1,13,4,,4,11,3,4,7,15,7,19,11,15,,43,43,2,22,9,121.511067,25.06307589
111,11,10,20,57,2,01大同區,大同區台北橋與台北橋口機車道(往三重),0,0,1,2,C03,8,3,7,40,14,11,1,5,4,5,7,4,4,9,3,5,1,13,1,20,3,10,1,1,7,9,1,10,2,11,,16,43,1,22,9,121.511067,25.06307589
111,11,10,20,57,2,01大同區,大同區台北橋與台北橋口機車道(往三重),0,0,1,3,F01,8,3,7,40,14,11,1,5,4,5,7,4,4,9,3,5,1,13,1,51,2,9,2,1,7,9,8,20,2,16,,44,43,1,22,9,121.511067,25.06307589
111,11,10,21,5,2,01大同區,大同區承德路2段與民生西路口,0,0,2,1,C03,8,3,5,50,4,2,1,5,4,5,7,2,1,1,4,5,2,16,1,68,2,9,3,4,7,9,3,18,2,14,,26,26,1,22,9,121.5182919,25.05731107
111,11,10,21,5,2,01大同區,大同區承德路2段與民生西路口,0,0,2,2,B03,8,3,5,50,4,2,1,5,4,5,7,2,1,1,4,5,2,16,1,40,3,10,3,4,7,6,1,8,2,2,,9,26,1,22,9,121.5182919,25.05731107
111,11,10,21,5,2,01大同區,大同區承德路2段與民生西路口,0,0,2,3,C03,8,3,5,50,4,2,1,5,4,5,7,2,1,1,4,5,2,16,1,29,2,7,3,4,7,14,1,10,2,14,,44,26,1,22,9,121.5182919,25.05731107
111,11,10,21,5,2,01大同區,大同區承德路2段與民生西路口,0,0,2,4,C03,8,3,5,50,4,2,1,5,4,5,7,2,1,1,4,5,2,16,1,36,3,10,3,4,7,14,1,10,2,11,,44,26,1,22,9,121.5182919,25.05731107
111,11,10,21,7,2,04大安區,大安區市民大道3段304號,0,0,1,1,C03,7,3,5,40,14,9,1,5,4,5,7,4,4,10,4,5,2,12,2,42,3,10,1,1,7,6,1,10,1,13,,6,6,1,22,9,121.5431888,25.0445802
111,11,10,21,7,2,04大安區,大安區市民大道3段304號,0,0,1,2,C03,7,3,5,40,14,9,1,5,4,5,7,4,4,10,4,5,2,12,1,28,2,9,1,1,7,9,1,10,1,11,,13,6,1,22,9,121.5431888,25.0445802
111,11,10,21,30,2,03中山區,中山區龍江路與朱崙街口,0,0,2,1,C03,7,3,5,50,4,1,1,5,4,5,7,1,1,5,4,5,1,17,1,67,2,7,1,1,7,5,3,18,1,12,,6,6,1,22,9,121.5404454,25.0499857
111,11,10,21,30,2,03中山區,中山區龍江路與朱崙街口,0,0,2,2,C03,7,3,5,50,4,1,1,5,4,5,7,1,1,5,4,5,1,17,2,51,2,9,1,1,7,9,1,10,1,11,,44,6,1,22,9,121.5404454,25.0499857
111,11,10,21,36,2,07信義區,信義區松德路與信義路5段口,0,0,1,2,B03,8,3,5,50,4,1,1,5,4,5,7,2,1,10,4,5,2,17,2,50,3,10,1,1,7,6,1,8,1,2,,44,26,1,22,9,121.5744346,25.0335221
111,11,10,21,36,2,07信義區,信義區松德路與信義路5段口,0,0,1,1,C03,8,3,5,50,4,1,1,5,4,5,7,2,1,10,4,5,2,17,1,68,2,9,1,1,7,9,1,10,11,14,,26,26,2,22,9,121.5744346,25.0335221
111,11,10,21,42,2,03中山區,中山區民族東路與新生北路3段口,0,0,1,1,B01,8,3,5,50,4,1,1,5,4,5,7,1,1,1,4,5,2,16,1,68,3,10,3,4,7,5,1,4,2,2,,8,8,1,22,9,121.5280172,25.06838867
111,11,10,21,42,2,03中山區,中山區民族東路與新生北路3段口,0,0,1,2,C03,8,3,5,50,4,1,1,5,4,5,7,1,1,1,4,5,2,16,1,19,2,9,1,1,7,9,1,10,1,11,,13,8,1,22,9,121.5280172,25.06838867
111,11,10,22,38,2,05中正區,中正區愛國東路國家戲劇院前,0,0,1,1,C03,8,3,5,50,14,9,1,5,4,5,7,4,4,1,4,5,2,13,1,57,3,10,1,1,7,1,1,10,2,11,,19,19,1,4,1,121.5172486,25.0347927
111,11,10,22,38,2,05中正區,中正區愛國東路國家戲劇院前,0,0,1,2,C03,8,3,5,50,14,9,1,5,4,5,7,4,4,1,4,5,2,13,2,63,2,9,1,1,7,14,1,10,2,13,,44,19,1,5,7,121.5172486,25.0347927
111,11,10,22,54,2,08士林區,士林區中正路與文林路口,0,0,1,1,C03,8,1,5,50,4,1,1,5,4,5,7,2,1,3,3,5,1,17,1,39,3,10,1,1,7,5,1,10,2,15,,8,8,1,22,9,121.5245671,25.0950003
111,11,10,22,54,2,08士林區,士林區中正路與文林路口,0,0,1,2,C03,8,1,5,50,4,1,1,5,4,5,7,2,1,3,3,5,1,17,1,31,2,9,1,1,7,9,1,10,2,14,,42,8,1,22,9,121.5245671,25.0950003
111,11,10,23,0,2,11南港區,南港區忠孝東路6段與忠孝東路6段212巷口,0,0,1,1,C03,7,3,5,40,3,2,1,4,4,5,7,4,4,9,4,4,2,12,1,27,2,9,1,1,7,9,6,10,7,12,,21,23,1,22,9,121.5872918,25.0487719
111,11,10,23,0,2,11南港區,南港區忠孝東路6段與忠孝東路6段212巷口,0,0,1,2,B03,7,3,5,40,3,2,1,4,4,5,7,4,4,9,4,4,2,12,1,28,3,10,1,1,7,13,1,8,2,4,,38,23,1,22,9,121.5872918,25.0487719
111,11,10,23,29,2,05中正區,中正區重慶南路2段88號,0,0,1,1,C03,8,3,5,50,14,9,1,5,4,5,7,4,4,3,4,5,2,12,1,20,2,9,1,1,7,9,1,10,2,12,,16,16,1,22,9,121.5150414,25.03036923
111,11,10,23,29,2,05中正區,中正區重慶南路2段88號,0,0,1,2,B03,8,3,5,50,14,9,1,5,4,5,7,4,4,3,4,5,2,12,1,43,3,10,1,1,7,15,1,8,2,6,,44,16,1,22,9,121.5150414,25.03036923
111,11,10,23,42,2,04大安區,大安區青田街與金華街口,0,0,1,1,C03,8,3,5,30,4,1,1,5,4,5,7,3,1,4,5,5,2,15,1,21,2,9,1,1,7,9,1,10,1,11,,6,6,1,22,9,121.5315539,25.0300324
111,11,10,23,42,2,04大安區,大安區青田街與金華街口,0,0,1,2,B12,8,3,5,30,4,1,1,5,4,5,7,3,1,4,5,5,2,15,1,38,3,10,1,1,7,9,1,3,1,4,,44,6,1,22,9,121.5315539,25.0300324
111,11,11,0,3,2,10文山區,文山區辛亥路5段120號,0,0,1,1,B03,8,3,5,50,14,9,1,5,4,5,7,4,4,1,4,5,2,11,1,23,3,10,1,1,7,7,1,8,1,8,,23,23,1,22,9,121.5524315,24.9976307
111,11,11,0,3,2,10文山區,文山區辛亥路5段120號,0,0,1,2,B01,8,3,5,50,14,9,1,5,4,5,7,4,4,1,4,5,2,11,1,38,3,10,1,1,7,9,1,8,1,6,,44,23,1,22,9,121.5524315,24.9976307
111,11,11,0,3,2,10文山區,文山區辛亥路5段120號,0,0,1,3,C01,8,3,5,50,14,9,1,5,4,5,7,4,4,1,4,5,2,11,1,25,2,9,1,1,7,9,1,9,1,11,,16,23,1,22,9,121.5524315,24.9976307
111,11,11,0,3,2,10文山區,文山區辛亥路5段120號,0,0,1,4,,8,3,5,50,14,9,1,5,4,5,7,4,4,1,4,5,2,11,3,,,,,,,,,,10,,,67,23,1,,,121.5524315,24.9976307
111,11,11,3,19,2,11南港區,南港區忠孝東路6段與東新街口,0,0,1,1,C03,7,3,5,50,4,2,1,5,4,5,7,2,1,3,1,5,2,16,1,28,2,9,3,4,7,9,1,10,2,11,,25,25,1,22,9,121.5862362,25.0479622
111,11,11,3,19,2,11南港區,南港區忠孝東路6段與東新街口,0,0,1,2,B03,7,3,5,50,4,2,1,5,4,5,7,2,1,3,1,5,2,16,1,56,3,10,3,4,7,9,1,8,2,5,,6,25,1,22,9,121.5862362,25.0479622
111,11,11,4,30,2,02萬華區,萬華區堤外便道與華中橋堤外停車場口華中水門口,0,0,1,1,B12,8,3,5,50,4,1,1,5,4,5,7,2,1,5,4,5,2,17,1,63,3,10,1,1,7,5,1,8,1,5,,6,6,1,22,9,121.4956257,25.01619324
111,11,11,4,30,2,02萬華區,萬華區堤外便道與華中橋堤外停車場口華中水門口,0,0,1,2,C03,8,3,5,50,4,1,1,5,4,5,7,2,1,5,4,5,2,17,1,41,2,9,1,1,7,9,1,10,1,14,,13,6,1,22,9,121.4956257,25.01619324
111,11,11,6,20,2,06松山區,松山區塔悠路與基隆路1段口口,0,0,1,1,F01,8,1,5,50,14,9,1,5,4,5,7,1,1,1,4,5,2,17,1,79,2,9,3,4,7,15,8,20,11,16,,25,25,1,22,9,121.5707398,25.0510015
111,11,11,6,20,2,06松山區,松山區塔悠路與基隆路1段口口,0,0,1,2,C03,8,1,5,50,14,9,1,5,4,5,7,1,1,1,4,5,2,17,1,21,3,10,3,4,7,9,1,10,11,12,,23,25,1,22,9,121.5707398,25.0510015
111,11,11,6,27,2,05中正區,中正區重慶南路1段與襄陽路口,0,0,1,1,B03,8,1,5,50,3,2,1,5,4,5,7,1,1,9,4,5,2,17,1,61,3,10,2,1,7,5,1,8,2,2,,8,8,1,22,9,121.5133031,25.0434019
111,11,11,6,27,2,05中正區,中正區重慶南路1段與襄陽路口,0,0,1,2,C03,8,1,5,50,3,2,1,5,4,5,7,1,1,9,4,5,2,17,1,33,2,9,1,1,7,6,1,9,2,11,,9,8,1,22,9,121.5133031,25.0434019
111,11,11,6,55,2,03中山區,中山區市民大道3段與松江路口,0,0,1,1,B03,8,1,5,40,4,1,1,5,4,5,7,2,1,1,3,5,2,12,1,55,3,10,3,4,7,6,1,4,1,2,,9,9,1,22,9,121.5331348,25.0454912
111,11,11,6,55,2,03中山區,中山區市民大道3段與松江路口,0,0,1,2,C03,8,1,5,40,4,1,1,5,4,5,7,2,1,1,3,5,2,12,1,21,2,9,1,4,7,9,1,10,1,14,,13,9,1,22,9,121.5331348,25.0454912
111,11,11,7,11,2,05中正區,中正區市民大道2段與林森北路口,0,0,1,1,C03,8,1,5,40,4,1,1,5,4,5,7,2,1,1,4,5,2,13,1,39,2,9,1,1,7,9,1,10,1,11,,16,16,1,22,9,121.5241983,25.04770173
111,11,11,7,11,2,05中正區,中正區市民大道2段與林森北路口,0,0,1,2,C03,8,1,5,40,4,1,1,5,4,5,7,2,1,1,4,5,2,13,1,44,3,10,1,1,7,9,1,10,1,13,,44,16,1,22,9,121.5241983,25.04770173
111,11,11,7,11,2,05中正區,中正區市民大道2段與林森北路口,0,0,1,3,B03,8,1,5,40,4,1,1,5,4,5,7,2,1,1,4,5,2,13,1,58,3,10,1,1,7,8,1,8,1,15,,7,16,1,22,9,121.5241983,25.04770173
111,11,11,7,38,2,08士林區,士林區忠勇街9號,0,0,1,1,C03,8,1,5,30,14,9,1,5,4,5,7,4,4,10,5,5,2,12,1,36,3,10,1,1,7,7,1,10,1,15,,7,7,1,22,9,121.5341874,25.09805778
111,11,11,7,38,2,08士林區,士林區忠勇街9號,0,0,1,2,C03,8,1,5,30,14,9,1,5,4,5,7,4,4,10,5,5,2,12,1,25,2,8,1,1,7,9,1,10,1,12,,44,7,1,22,9,121.5341874,25.09805778
111,11,11,8,17,2,10文山區,文山區木新路3段116號前,0,0,2,1,C03,7,1,5,50,14,9,1,4,4,5,7,4,4,5,2,5,2,13,1,56,2,9,1,1,7,7,1,10,2,13,14,7,7,1,22,9,121.5622116,24.98203264
111,11,11,8,17,2,10文山區,文山區木新路3段116號前,0,0,2,2,C03,7,1,5,50,14,9,1,4,4,5,7,4,4,5,2,5,2,13,1,24,2,9,2,1,7,9,1,10,2,11,12,44,7,1,22,9,121.5622116,24.98203264
111,11,11,8,21,2,03中山區,中山區中山北路3段25號,0,0,2,1,C03,8,1,5,50,14,9,1,5,4,5,7,1,1,1,3,5,1,17,1,18,2,9,1,1,7,9,1,10,1,14,,23,23,1,22,9,121.5223334,25.0650801
111,11,11,8,21,2,03中山區,中山區中山北路3段25號,0,0,2,2,C03,8,1,5,50,14,9,1,5,4,5,7,1,1,1,3,5,1,17,2,28,2,9,1,1,7,9,1,10,1,14,,44,23,1,22,9,121.5223334,25.0650801