發生年度,發生月,發生日,發生時-Hours,發生分,處理別-編號,區序,肇事地點,死亡人數,2-30日死亡人數,受傷人數,當事人序號,車種,天候,光線,道路類別,速限-速度限制,道路型態,事故位置,路面狀況1,路面狀況2,路面狀況3,道路障礙1,道路障礙2,號誌1,號誌2,車道劃分-分向,車道劃分-分道1,車道劃分-分道2,車道劃分-分道3,事故類型及型態,性別,年齡,受傷程度,主要傷處,安全帽,行動電話,車輛用途,當事者行動狀態,駕駛資格情形,駕駛執照種類,飲酒情形,車輛撞擊部位1,車輛撞擊部位2,肇因碼-個別,肇因碼-主要,個人肇逃否,職業,旅次目的,座標-X,座標-Y
111,11,11,8,41,2,11南港區,南港區研究院路3段175巷1號旁,0,0,1,1,B03,6,1,5,50,14,9,1,4,4,5,7,1,1,5,4,5,2,13,1,51,3,10,1,1,7,9,1,8,2,1,,16,23,1,22,9,121.612466,25.03336352
111,11,11,8,41,2,11南港區,南港區研究院路3段175巷1號旁,0,0,1,2,C03,6,1,5,50,14,9,1,4,4,5,7,1,1,5,4,5,2,13,1,27,2,7,1,1,7,14,1,10,2,13,,44,23,1,22,9,121.612466,25.03336352
111,11,11,8,47,2,07信義區,信義區忠孝東路5段217號,0,0,1,1,C03,6,1,5,50,14,9,1,4,4,5,7,4,4,1,4,5,2,13,1,27,3,10,3,4,7,9,1,10,1,11,,16,16,1,22,9,121.5704475,25.0410729
111,11,11,8,47,2,07信義區,信義區忠孝東路5段217號,0,0,1,2,C03,6,1,5,50,14,9,1,4,4,5,7,4,4,1,4,5,2,13,1,37,2,9,3,4,7,9,1,10,1,13,,44,16,1,22,9,121.5704475,25.0410729
111,11,11,8,47,2,07信義區,信義區忠孝東路5段217號,0,0,1,3,B03,6,1,5,50,14,9,1,4,4,5,7,4,4,1,4,5,2,13,1,35,3,10,3,4,7,13,1,8,1,4,,44,16,1,22,9,121.5704475,25.0410729
111,11,11,8,48,2,10文山區,文山區萬美街1段與萬和街口,0,0,1,1,C03,7,1,5,50,3,2,1,4,4,5,7,2,1,5,5,5,2,16,2,28,3,10,1,1,7,5,1,9,1,14,,43,43,1,22,1,121.56682,25.0021229
111,11,11,8,48,2,10文山區,文山區萬美街1段與萬和街口,0,0,1,2,C03,7,1,5,50,3,2,1,4,4,5,7,2,1,5,5,5,2,16,2,25,2,7,1,1,7,9,1,10,1,11,,43,43,1,22,9,121.56682,25.0021229
111,11,11,8,50,2,12內湖區,內湖區潭美街與安康路22巷口,0,0,2,1,C03,7,1,5,40,3,1,1,4,4,5,7,2,1,5,5,5,2,17,1,42,2,9,1,1,7,4,1,10,1,12,,1,1,1,22,9,121.5939027,25.06101804
111,11,11,8,50,2,12內湖區,內湖區潭美街與安康路22巷口,0,0,2,2,C03,7,1,5,40,3,1,1,4,4,5,7,2,1,5,5,5,2,17,2,26,2,9,1,1,7,14,1,10,1,11,,44,1,1,22,9,121.5939027,25.06101804
111,11,11,8,55,2,06松山區,松山區八德路4段與八德路4段106巷口,0,0,1,1,B01,8,1,5,50,4,1,1,5,4,5,7,1,1,4,3,5,2,17,1,60,3,10,3,4,7,5,1,4,9,15,,6,6,1,22,9,121.5609472,25.04854734
111,11,11,8,55,2,06松山區,松山區八德路4段與八德路4段106巷口,0,0,1,2,C03,8,1,5,50,4,1,1,5,4,5,7,1,1,4,3,5,2,17,1,21,2,9,3,4,7,12,1,10,1,12,,13,6,1,22,9,121.5609472,25.04854734
111,11,11,9,0,2,03中山區,中山區建國北路3段與農安街口,0,0,2,1,C03,8,1,5,50,4,2,1,5,4,5,7,2,1,1,4,5,2,13,1,55,2,9,1,4,7,9,1,10,1,11,,23,23,1,22,9,121.5365781,25.06493347
111,11,11,9,0,2,03中山區,中山區建國北路3段與農安街口,0,0,2,2,C03,8,1,5,50,4,2,1,5,4,5,7,2,1,1,4,5,2,13,1,19,2,8,1,4,7,14,1,10,1,13,,44,23,1,22,9,121.5365781,25.06493347
111,11,11,9,0,2,07信義區,信義區基隆路2段149-36號,0,0,1,2,B03,8,1,5,50,14,9,1,5,4,5,7,4,4,1,4,5,2,13,1,20,3,10,1,1,7,6,1,8,1,7,,44,23,1,22,9,121.5551844,25.0265683
111,11,11,9,0,2,07信義區,信義區基隆路2段149-36號,0,0,1,1,C03,8,1,5,50,14,9,1,5,4,5,7,4,4,1,4,5,2,13,2,43,2,8,1,1,7,9,1,10,1,11,,23,23,1,22,9,121.5551844,25.0265683
111,11,11,9,7,2,03中山區,中山區民族東路與民族東路410巷口,0,0,1,1,B03,8,1,5,50,4,1,1,5,4,5,7,1,1,1,3,5,1,17,2,40,3,10,1,1,7,9,1,8,1,5,,16,16,1,22,9,121.5380488,25.0681022
111,11,11,9,7,2,03中山區,中山區民族東路與民族東路410巷口,0,0,1,2,C03,8,1,5,50,4,1,1,5,4,5,7,1,1,1,3,5,1,17,2,30,2,9,1,1,7,5,1,10,1,12,,44,16,1,22,9,121.5380488,25.0681022
111,11,11,9,15,2,06松山區,松山區民生東路3段113巷25弄與敦化北路222巷18弄口,0,0,1,1,B03,8,1,5,30,5,1,1,5,4,5,7,4,4,10,5,5,2,16,1,45,3,10,1,4,7,9,1,8,1,4,,23,23,1,22,9,121.547477,25.0589469
111,11,11,9,15,2,06松山區,松山區民生東路3段113巷25弄與敦化北路222巷18弄口,0,0,1,2,C03,8,1,5,30,5,1,1,5,4,5,7,4,4,10,5,5,2,16,1,25,2,9,1,1,7,5,1,10,1,11,,6,23,1,22,9,121.547477,25.0589469
111,11,11,9,16,2,12內湖區,內湖區安康路與安康路414巷口,0,0,1,1,B03,8,1,5,50,4,1,1,5,4,5,7,4,4,5,4,5,2,16,1,64,3,10,1,1,7,5,1,8,1,5,,6,6,1,22,9,121.614116,25.06627083
111,11,11,9,16,2,12內湖區,內湖區安康路與安康路414巷口,0,0,1,2,B03,8,1,5,50,4,1,1,5,4,5,7,4,4,5,4,5,2,16,1,70,3,10,1,1,7,9,1,8,1,4,,44,6,1,22,9,121.614116,25.06627083
111,11,11,9,16,2,12內湖區,內湖區安康路與安康路414巷口,0,0,1,3,H02,8,1,5,50,4,1,1,5,4,5,7,4,4,5,4,5,2,16,1,66,2,1,4,5,7,21,8,20,10,15,,67,6,1,22,9,121.614116,25.06627083
111,11,11,9,17,2,07信義區,信義區信安街136號,0,0,1,1,B01,8,1,5,50,14,9,1,5,4,5,7,4,4,5,4,5,2,12,1,53,3,10,1,1,7,9,1,4,1,2,,23,23,1,22,9,121.5558334,25.02425946
111,11,11,9,17,2,07信義區,信義區信安街136號,0,0,1,2,C03,8,1,5,50,14,9,1,5,4,5,7,4,4,5,4,5,2,12,1,86,2,9,1,1,7,7,1,10,1,14,,17,23,1,22,9,121.5558334,25.02425946
111,11,11,9,28,2,02萬華區,萬華區西園路1段與西園路1段72巷口,0,0,1,1,B03,8,1,5,50,4,2,1,5,4,5,7,4,4,5,5,5,2,3,2,54,3,10,1,1,7,9,1,8,1,2,,15,15,1,22,9,121.4998928,25.0394354
111,11,11,9,28,2,02萬華區,萬華區西園路1段與西園路1段72巷口,0,0,1,2,H01,8,1,5,50,4,2,1,5,4,5,7,4,4,5,5,5,2,3,2,76,2,9,4,5,8,16,8,20,10,16,,67,15,1,22,9,121.4998928,25.0394354
111,11,11,9,45,2,12內湖區,內湖區碧山路往內湖(忠勇幹37),0,0,1,2,C03,8,1,5,50,12,9,1,5,4,5,7,4,4,8,3,5,1,13,1,80,2,8,3,4,7,9,1,10,1,13,,44,16,1,22,9,121.5827152,25.102886
111,11,11,9,45,2,12內湖區,內湖區碧山路往內湖(忠勇幹37),0,0,1,1,B03,8,1,5,50,12,9,1,5,4,5,7,4,4,8,3,5,1,13,2,38,3,10,3,4,7,9,1,8,1,1,,16,16,1,22,9,121.5827152,25.102886
111,11,11,9,58,2,01大同區,大同區延平北路2段與歸綏街口,0,0,2,1,C03,8,1,5,50,4,2,1,5,4,5,7,2,1,5,5,5,2,16,2,44,2,9,1,1,7,5,1,10,1,11,,8,8,1,22,9,121.5116089,25.05814447
111,11,11,9,58,2,01大同區,大同區延平北路2段與歸綏街口,0,0,2,2,C03,8,1,5,50,4,2,1,5,4,5,7,2,1,5,5,5,2,16,2,60,2,9,1,1,7,9,1,10,1,11,,44,8,1,22,9,121.5116089,25.05814447
111,11,11,10,13,2,04大安區,大安區基隆路2段142號,0,0,1,1,C03,7,1,5,50,14,9,1,5,4,5,7,4,4,1,4,5,2,13,1,18,2,8,1,1,7,4,1,10,1,11,,42,42,1,21,8,121.5566142,25.02824611
111,11,11,10,13,2,04大安區,大安區基隆路2段142號,0,0,1,2,B01,7,1,5,50,14,9,1,5,4,5,7,4,4,1,4,5,2,13,1,41,3,10,1,1,7,14,1,4,1,7,,42,42,1,21,8,121.5566142,25.02824611
111,11,11,10,20,2,07信義區,信義區吳興街450巷與吳興街口,0,0,1,1,C03,8,1,5,30,4,2,1,5,4,5,7,4,4,9,4,5,2,12,1,84,4,11,3,4,7,15,7,19,11,15,,23,23,2,22,9,121.5684047,25.02375751
111,11,11,10,20,2,07信義區,信義區吳興街450巷與吳興街口,0,0,1,2,C03,8,1,5,30,4,2,1,5,4,5,7,4,4,9,4,5,2,12,2,60,2,9,1,1,7,7,1,10,2,14,,7,23,1,22,9,121.5684047,25.02375751
111,11,11,10,22,2,12內湖區,內湖區成功路3段與成功路3段174巷口,0,0,1,1,B03,8,1,5,50,4,1,1,5,4,5,7,2,1,1,4,5,2,16,1,24,3,10,1,1,7,9,1,8,2,4,,17,17,1,22,9,121.5908044,25.08076166
111,11,11,10,22,2,12內湖區,內湖區成功路3段與成功路3段174巷口,0,0,1,2,C03,8,1,5,50,4,1,1,5,4,5,7,2,1,1,4,5,2,16,1,62,2,9,1,1,7,7,1,10,2,14,,7,17,1,22,9,121.5908044,25.08076166
111,11,11,10,22,2,12內湖區,內湖區成功路3段與成功路3段174巷口,0,0,1,3,B12,8,1,5,50,4,1,1,5,4,5,7,2,1,1,4,5,2,16,1,61,3,10,1,1,7,9,1,8,2,15,,44,17,1,22,9,121.5908044,25.08076166
111,11,11,10,49,2,08士林區,士林區中正路與福林路口口,0,0,1,1,B03,8,1,5,50,5,1,1,5,4,5,7,2,1,10,4,5,2,16,2,51,3,10,1,1,7,5,1,8,1,8,,8,8,1,22,9,121.5321225,25.09659148
111,11,11,10,49,2,08士林區,士林區中正路與福林路口口,0,0,1,2,C03,8,1,5,50,5,1,1,5,4,5,7,2,1,10,4,5,2,16,1,41,2,9,1,1,7,9,1,10,1,14,,44,8,1,22,9,121.5321225,25.09659148
111,11,11,10,58,2,06松山區,松山區八德路2段386號,0,0,1,1,B01,8,1,5,50,14,9,1,5,4,5,7,4,4,10,4,5,1,12,1,59,3,10,3,4,7,9,1,2,7,5,,21,23,1,22,9,121.5464631,25.04799738
111,11,11,10,58,2,06松山區,松山區八德路2段386號,0,0,1,2,C03,8,1,5,50,14,9,1,5,4,5,7,4,4,10,4,5,1,12,1,52,2,9,3,4,7,7,1,10,2,14,,7,23,1,22,9,121.5464631,25.04799738
111,11,11,11,38,2,04大安區,大安區信義路4段235號,0,0,1,1,B12,8,1,5,50,14,9,1,5,4,5,7,4,4,1,4,5,2,17,1,52,3,10,3,4,7,9,1,7,11,4,,44,44,1,22,9,121.5534347,25.0333982
111,11,11,11,38,2,04大安區,大安區信義路4段235號,0,0,1,2,B02,8,1,5,50,14,9,1,5,4,5,7,4,4,1,4,5,2,17,1,42,2,7,3,4,7,14,1,4,1,15,,38,44,1,22,9,121.5534347,25.0333982
111,11,11,12,49,2,01大同區,大同區重慶北路2段與民權西路口,0,0,1,1,C03,8,1,5,50,14,11,1,5,4,5,7,1,1,9,4,5,2,13,2,21,3,10,1,4,7,9,1,10,1,11,,23,,1,22,9,121.5136746,25.0628944
111,11,11,12,49,2,01大同區,大同區重慶北路2段與民權西路口,0,0,1,2,C03,8,1,5,50,14,11,1,5,4,5,7,1,1,9,4,5,2,13,2,52,2,9,1,4,7,9,1,10,1,13,,44,,1,22,9,121.5136746,25.0628944
111,11,11,12,54,2,05中正區,中正區中山南路與信義路1段口,0,0,1,1,B03,8,1,5,40,4,2,1,5,4,5,7,1,1,1,4,1,2,16,2,68,3,10,1,1,7,6,1,8,1,8,,23,23,1,22,9,121.5180428,25.03856887
111,11,11,12,54,2,05中正區,中正區中山南路與信義路1段口,0,0,1,2,F01,8,1,5,40,4,2,1,5,4,5,7,1,1,1,4,1,2,16,2,21,2,9,1,1,7,11,8,20,1,16,,26,23,1,22,9,121.5180428,25.03856887
111,11,11,12,58,2,05中正區,中正區林森南路地下道出口處,0,0,1,1,C03,8,1,5,40,14,11,1,5,4,5,7,4,4,10,4,4,2,13,2,36,3,10,1,1,7,9,1,10,2,11,,16,16,1,22,9,121.5183774,25.03314936
111,11,11,12,58,2,05中正區,中正區林森南路地下道出口處,0,0,1,2,C03,8,1,5,40,14,11,1,5,4,5,7,4,4,10,4,4,2,13,1,42,2,5,1,1,7,14,1,10,2,13,,44,16,1,22,9,121.5183774,25.03314936
111,11,11,13,0,2,03中山區,中山區中山北路2段與中山北路2段115巷口,0,0,1,1,B03,7,1,5,50,3,1,1,5,4,5,7,4,4,1,4,5,2,16,1,28,3,10,1,1,7,7,1,8,1,7,,7,7,1,22,9,121.5230758,25.06096438
111,11,11,13,0,2,03中山區,中山區中山北路2段與中山北路2段115巷口,0,0,1,2,C03,7,1,5,50,3,1,1,5,4,5,7,4,4,1,4,5,2,16,1,22,2,9,1,1,7,9,1,10,1,11,,14,7,1,22,9,121.5230758,25.06096438
111,11,11,13,14,2,03中山區,中山區民權東路3段東往西榮星花園前,0,0,1,1,B03,7,1,5,50,15,9,1,5,4,5,7,2,1,1,1,1,1,12,1,73,3,10,3,4,7,6,1,8,1,6,,9,9,1,22,9,121.5373241,25.0625481
111,11,11,13,14,2,03中山區,中山區民權東路3段東往西榮星花園前,0,0,1,2,C03,7,1,5,50,15,9,1,5,4,5,7,2,1,1,1,1,1,12,2,20,2,9,3,4,7,9,1,10,1,14,,44,9,1,22,9,121.5373241,25.0625481
111,11,11,13,30,2,03中山區,中山區林森北路354號,0,0,1,1,B03,8,1,5,50,14,9,1,5,4,5,7,4,4,9,5,5,2,12,1,34,3,10,3,4,7,8,1,8,1,5,,7,6,2,22,9,121.5255002,25.05707035
111,11,11,13,30,2,03中山區,中山區林森北路354號,0,0,1,2,C03,8,1,5,50,14,9,1,5,4,5,7,4,4,9,5,5,2,12,2,53,2,9,3,4,7,9,1,10,1,14,,44,6,1,22,9,121.5255002,25.05707035
111,11,11,13,50,2,08士林區,士林區福林路100巷與福林路口,0,0,1,1,C03,8,1,5,50,3,1,1,5,4,5,7,3,1,5,5,5,1,13,1,19,2,9,1,1,7,9,1,10,1,11,,16,16,1,22,9,121.53115,25.09575287
111,11,11,13,50,2,08士林區,士林區福林路100巷與福林路口,0,0,1,2,C03,8,1,5,50,3,1,1,5,4,5,7,3,1,5,5,5,1,13,1,25,3,10,1,1,7,15,1,10,1,13,,44,16,1,22,9,121.53115,25.09575287
111,11,11,14,1,2,04大安區,大安區和平東路1段與溫州街口,0,0,1,1,B11,8,1,5,50,3,1,1,5,4,5,7,2,1,1,4,5,2,17,1,20,3,10,3,4,7,6,1,8,1,2,,9,9,1,22,9,121.5335886,25.026072
111,11,11,14,1,2,04大安區,大安區和平東路1段與溫州街口,0,0,1,2,C03,8,1,5,50,3,1,1,5,4,5,7,2,1,1,4,5,2,17,2,47,2,9,3,4,7,9,1,10,1,14,,23,9,1,22,9,121.5335886,25.026072
111,11,11,14,3,2,08士林區,士林區福華路281號建民橋往士林下坡,0,0,2,1,C03,8,1,5,40,12,9,1,5,4,5,7,4,4,10,4,5,2,16,1,39,3,10,1,1,7,9,1,10,1,15,,42,42,1,22,9,121.5213779,25.10569283
111,11,11,14,3,2,08士林區,士林區福華路281號建民橋往士林下坡,0,0,2,2,C03,8,1,5,40,12,9,1,5,4,5,7,4,4,10,4,5,2,16,1,65,2,9,1,1,7,12,1,10,1,12,,44,42,1,22,9,121.5213779,25.10569283
111,11,11,14,3,2,08士林區,士林區福華路281號建民橋往士林下坡,0,0,2,3,C03,8,1,5,40,12,9,1,5,4,5,7,4,4,10,4,5,2,16,2,55,2,9,1,1,7,9,1,10,1,14,,44,42,1,22,9,121.5213779,25.10569283
111,11,11,14,20,2,04大安區,大安區仁愛路3段28號,0,0,1,1,B01,8,1,5,50,14,9,1,5,4,5,7,4,4,1,4,5,2,12,1,56,3,10,3,4,7,15,1,4,1,6,,38,38,1,22,9,121.5363824,25.0377444
111,11,11,14,20,2,04大安區,大安區仁愛路3段28號,0,0,1,2,C03,8,1,5,50,14,9,1,5,4,5,7,4,4,1,4,5,2,12,1,46,2,9,1,1,7,9,1,10,1,11,,23,38,1,22,9,121.5363824,25.0377444
111,11,11,14,27,2,08士林區,士林區中正路222號,0,0,1,3,H02,8,1,5,50,14,9,1,5,4,5,7,4,4,10,5,5,1,17,2,60,3,10,4,5,7,19,8,20,10,16,,56,40,1,22,9,121.5260924,25.09540684
111,11,11,14,27,2,08士林區,士林區中正路222號,0,0,1,2,C03,8,1,5,50,14,9,1,5,4,5,7,4,4,10,5,5,1,17,1,22,2,9,1,1,7,9,1,10,1,11,,44,40,1,22,9,121.5260924,25.09540684
111,11,11,14,27,2,08士林區,士林區中正路222號,0,0,1,1,B03,8,1,5,50,14,9,1,5,4,5,7,4,4,10,5,5,1,17,1,59,3,10,1,1,7,14,1,8,1,2,,38,40,1,22,9,121.5260924,25.09540684
111,11,11,14,32,2,03中山區,中山區民族東路與建國北路3段口,0,0,1,1,C02,8,1,5,50,5,1,1,5,4,5,7,1,1,1,3,5,1,16,1,29,2,3,1,1,7,4,4,10,1,12,,44,44,1,22,9,121.5337675,25.0679141
111,11,11,14,32,2,03中山區,中山區民族東路與建國北路3段口,0,0,1,2,A12,8,1,5,50,5,1,1,5,4,5,7,1,1,1,3,5,1,16,1,23,3,10,1,1,7,8,1,7,1,4,,7,44,1,22,9,121.5337675,25.0679141
111,11,11,14,33,2,03中山區,中山區建國北路3段2號,0,0,1,1,B03,7,1,5,50,14,8,1,5,4,5,7,4,4,1,3,5,1,12,1,26,3,10,3,4,7,8,1,8,2,6,,7,7,1,22,9,121.5367924,25.0632042
111,11,11,14,33,2,03中山區,中山區建國北路3段2號,0,0,1,2,C03,7,1,5,50,14,8,1,5,4,5,7,4,4,1,3,5,1,12,1,57,2,8,3,4,7,7,3,18,5,14,,21,7,1,22,9,121.5367924,25.0632042
111,11,11,14,43,2,03中山區,中山區林森北路與錦州街口,0,0,1,1,B01,8,1,5,50,4,2,1,5,4,5,7,2,1,5,4,5,2,17,1,46,3,10,3,4,7,5,1,4,1,15,,6,6,1,22,9,121.5256118,25.0602854
111,11,11,14,43,2,03中山區,中山區林森北路與錦州街口,0,0,1,2,C03,8,1,5,50,4,2,1,5,4,5,7,2,1,5,4,5,2,17,1,69,2,9,3,4,7,9,1,10,1,14,,44,6,1,22,9,121.5256118,25.0602854
111,11,11,14,51,2,07信義區,信義區松信路93號,0,0,1,1,C03,7,1,5,50,14,9,1,5,4,5,7,4,4,9,4,5,1,16,2,64,2,8,3,4,7,1,1,10,1,11,,19,19,1,22,9,121.5721463,25.04518867
111,11,11,14,51,2,07信義區,信義區松信路93號,0,0,1,2,C03,7,1,5,50,14,9,1,5,4,5,7,4,4,9,4,5,1,16,2,27,3,10,3,4,7,9,1,10,1,12,,44,19,1,22,9,121.5721463,25.04518867
111,11,11,14,51,2,07信義區,信義區松信路93號,0,0,1,3,B03,7,1,5,50,14,9,1,5,4,5,7,4,4,9,4,5,1,16,1,41,3,10,3,4,7,14,1,8,1,2,,44,19,1,22,9,121.5721463,25.04518867
111,11,11,14,59,2,07信義區,信義區忠孝東路5段790巷59弄37號旁,0,0,1,1,B03,8,1,5,30,14,9,1,5,4,5,7,1,1,9,5,5,2,17,1,69,3,10,1,1,7,14,1,8,1,2,,38,44,1,22,9,121.5848664,25.0409969
111,11,11,14,59,2,07信義區,信義區忠孝東路5段790巷59弄37號旁,0,0,1,2,C03,8,1,5,30,14,9,1,5,4,5,7,1,1,9,5,5,2,17,1,24,2,7,1,1,7,9,1,10,1,14,,26,44,1,22,9,121.5848664,25.0409969
111,11,11,14,59,2,07信義區,信義區忠孝東路5段790巷59弄37號旁,0,0,1,3,H02,8,1,5,30,14,9,1,5,4,5,7,1,1,9,5,5,2,17,2,66,3,10,3,4,7,19,8,20,10,16,,60,44,1,22,9,121.5848664,25.0409969
111,11,11,15,30,2,12內湖區,內湖區環山路3段與環山路3段30巷口,0,0,2,1,B12,8,1,5,50,3,1,1,5,4,5,7,4,4,4,4,4,1,16,1,67,2,7,3,4,7,11,1,8,1,2,,10,10,1,22,9,121.5800867,25.08472902
111,11,11,15,30,2,12內湖區,內湖區環山路3段與環山路3段30巷口,0,0,2,2,C03,8,1,5,50,3,1,1,5,4,5,7,4,4,4,4,4,1,16,1,20,2,8,3,4,7,9,1,10,1,11,,13,10,1,22,9,121.5800867,25.08472902
111,11,11,15,50,2,11南港區,南港區舊莊街1段與舊莊街1段3巷口,0,0,1,1,B03,7,1,5,50,3,2,1,5,4,5,7,4,4,8,1,5,2,12,1,57,3,10,1,1,7,5,1,8,1,4,,2,42,1,22,9,121.6171924,25.0419868
111,11,11,15,50,2,11南港區,南港區舊莊街1段與舊莊街1段3巷口,0,0,1,2,C03,7,1,5,50,3,2,1,5,4,5,7,4,4,8,1,5,2,12,1,27,2,9,1,1,7,9,1,10,1,11,,23,42,1,22,9,121.6171924,25.0419868
111,11,11,15,50,2,11南港區,南港區舊莊街1段與舊莊街1段3巷口,0,0,1,3,B03,7,1,5,50,3,2,1,5,4,5,7,4,4,8,1,5,2,12,2,44,3,10,1,1,7,13,1,8,1,8,,44,42,1,22,9,121.6171924,25.0419868
111,11,11,15,56,2,06松山區,松山區復興北路地下道往南,0,0,1,1,C03,8,1,5,40,14,9,1,5,4,5,7,4,4,10,2,5,2,13,2,58,2,8,1,4,7,9,4,8,1,11,,23,16,1,22,9,121.5442478,25.07113489
111,11,11,15,56,2,06松山區,松山區復興北路地下道往南,0,0,1,2,B03,8,1,5,40,14,9,1,5,4,5,7,4,4,10,2,5,2,13,1,37,3,10,1,4,7,9,1,8,1,3,,44,16,1,22,9,121.5442478,25.07113489
111,11,11,16,10,2,03中山區,中山區新生北路1段與新生北路1段76巷口,0,0,1,1,B03,8,1,5,50,3,1,1,5,4,5,7,4,4,1,5,5,2,16,1,63,3,10,1,1,7,6,1,8,1,5,,9,9,1,22,9,121.5302683,25.04733286
111,11,11,16,10,2,03中山區,中山區新生北路1段與新生北路1段76巷口,0,0,1,2,F01,8,1,5,50,3,1,1,5,4,5,7,4,4,1,5,5,2,16,2,33,2,8,1,1,7,9,8,20,1,16,,42,9,1,22,9,121.5302683,25.04733286
111,11,11,16,32,2,12內湖區,內湖區成美橋與新明路口,0,0,1,1,B03,8,1,5,50,4,1,1,5,4,5,7,1,1,5,4,5,2,11,1,25,3,10,1,1,7,5,1,8,1,1,,6,6,1,22,9,121.5822256,25.0556672
111,11,11,16,32,2,12內湖區,內湖區成美橋與新明路口,0,0,1,2,C03,8,1,5,50,4,1,1,5,4,5,7,1,1,5,4,5,2,11,1,54,2,9,1,1,7,9,1,10,1,11,,44,6,1,22,9,121.5822256,25.0556672
111,11,11,16,58,2,07信義區,信義區基隆路1段與信義路4段口口,0,0,1,1,B03,8,1,5,50,14,9,1,5,4,5,7,4,4,1,4,5,2,14,1,67,3,10,1,1,7,2,1,8,1,6,,12,12,1,21,8,121.5595922,25.03327678
111,11,11,16,58,2,07信義區,信義區基隆路1段與信義路4段口口,0,0,1,2,C03,8,1,5,50,14,9,1,5,4,5,7,4,4,1,4,5,2,14,1,25,2,8,1,1,7,14,1,10,1,14,,44,12,1,21,8,121.5595922,25.03327678
111,11,11,17,20,2,05中正區,中正區杭州北路第21號停車格,0,0,2,1,B03,7,3,5,40,14,9,1,5,4,5,7,4,4,9,4,5,2,12,2,65,3,10,1,1,7,15,1,8,1,4,,40,40,1,22,9,121.527271,25.0451985
111,11,11,17,20,2,05中正區,中正區杭州北路第21號停車格,0,0,2,2,C03,7,3,5,40,14,9,1,5,4,5,7,4,4,9,4,5,2,12,2,50,2,9,1,1,7,9,1,10,1,12,,44,40,1,22,9,121.527271,25.0451985
111,11,11,17,20,2,05中正區,中正區杭州北路第21號停車格,0,0,2,3,H02,7,3,5,40,14,9,1,5,4,5,7,4,4,9,4,5,2,12,2,13,2,8,4,5,7,20,8,20,10,16,,67,40,1,22,9,121.527271,25.0451985
111,11,11,17,20,2,12內湖區,內湖區金湖路與星雲街口,0,0,1,1,B03,8,1,5,50,3,1,1,5,4,5,7,1,1,1,4,5,2,16,1,43,3,10,1,1,7,5,1,8,2,6,,8,8,1,22,9,121.5974913,25.0814608
111,11,11,17,20,2,12內湖區,內湖區金湖路與星雲街口,0,0,1,2,C03,8,1,5,50,3,1,1,5,4,5,7,1,1,1,4,5,2,16,1,20,2,9,1,1,7,9,6,10,2,12,,25,8,1,22,9,121.5974913,25.0814608
111,11,11,17,23,2,04大安區,大安區復興南路1段與復興南路1段253巷口,0,0,1,1,B03,8,3,5,50,3,2,1,5,4,5,7,4,4,1,4,4,2,13,2,70,3,10,3,4,7,9,1,8,1,1,,23,23,1,22,9,121.5437344,25.0368521
111,11,11,17,23,2,04大安區,大安區復興南路1段與復興南路1段253巷口,0,0,1,2,B01,8,3,5,50,3,2,1,5,4,5,7,4,4,1,4,4,2,13,1,65,2,2,3,4,7,14,1,4,1,3,,44,23,1,22,9,121.5437344,25.0368521
111,11,11,17,25,2,01大同區,大同區延平北路3段與延平北路3段18巷口,0,0,1,1,B03,7,3,5,50,3,1,1,5,4,5,7,4,4,5,5,4,1,17,2,30,3,10,3,4,7,1,1,8,1,8,,23,23,1,22,9,121.5111381,25.0639784
111,11,11,17,25,2,01大同區,大同區延平北路3段與延平北路3段18巷口,0,0,1,2,C03,7,3,5,50,3,1,1,5,4,5,7,4,4,5,5,4,1,17,2,50,2,8,1,1,7,14,1,10,1,13,,44,23,1,22,9,121.5111381,25.0639784
111,11,11,17,36,2,03中山區,中山區建國南路1段與八德路2段口,0,0,2,1,B03,8,3,5,50,4,1,1,5,4,5,7,1,1,1,3,5,1,16,2,55,3,10,1,1,7,6,1,8,1,2,,5,5,1,22,9,121.5369424,25.04591914
111,11,11,17,36,2,03中山區,中山區建國南路1段與八德路2段口,0,0,2,2,C03,8,3,5,50,4,1,1,5,4,5,7,1,1,1,3,5,1,16,1,50,2,9,1,1,7,9,1,10,1,14,,44,5,1,22,9,121.5369424,25.04591914
111,11,11,17,36,2,03中山區,中山區建國南路1段與八德路2段口,0,0,2,3,H02,8,3,5,50,4,1,1,5,4,5,7,1,1,1,3,5,1,16,2,43,2,9,1,1,7,20,8,20,10,16,,67,5,1,22,9,121.5369424,25.04591914
111,11,11,17,41,2,10文山區,文山區恆光街與保儀路口,0,0,1,1,B03,8,3,5,50,3,1,1,5,4,5,7,4,4,9,4,5,2,16,1,76,3,10,1,1,7,5,1,8,1,8,,6,6,1,22,9,121.5661458,24.98385517
111,11,11,17,41,2,10文山區,文山區恆光街與保儀路口,0,0,1,2,C03,8,3,5,50,3,1,1,5,4,5,7,4,4,9,4,5,2,16,2,49,2,9,1,1,7,9,1,10,1,11,,23,6,1,22,9,121.5661458,24.98385517
111,11,11,17,44,2,06松山區,松山區塔悠路218號,0,0,1,1,B02,8,3,5,40,14,8,1,5,4,5,7,4,4,1,4,4,2,16,2,24,3,10,1,1,7,1,1,8,1,8,,19,19,1,22,9,121.5691198,25.05803503