發生年度,發生月,發生日,發生時-Hours,發生分,處理別-編號,區序,肇事地點,死亡人數,2-30日死亡人數,受傷人數,當事人序號,車種,天候,光線,道路類別,速限-速度限制,道路型態,事故位置,路面狀況1,路面狀況2,路面狀況3,道路障礙1,道路障礙2,號誌1,號誌2,車道劃分-分向,車道劃分-分道1,車道劃分-分道2,車道劃分-分道3,事故類型及型態,性別,年齡,受傷程度,主要傷處,安全帽,行動電話,車輛用途,當事者行動狀態,駕駛資格情形,駕駛執照種類,飲酒情形,車輛撞擊部位1,車輛撞擊部位2,肇因碼-個別,肇因碼-主要,個人肇逃否,職業,旅次目的,座標-X,座標-Y
111,11,11,17,44,2,06松山區,松山區塔悠路218號,0,0,1,2,C04,8,3,5,40,14,8,1,5,4,5,7,4,4,1,4,4,2,16,2,22,3,10,1,1,7,9,1,10,1,12,,44,19,1,22,9,121.5691198,25.05803503
111,11,11,17,44,2,06松山區,松山區塔悠路218號,0,0,1,3,H02,8,3,5,40,14,8,1,5,4,5,7,4,4,1,4,4,2,16,2,22,2,8,1,1,7,21,8,20,10,16,,67,19,1,22,9,121.5691198,25.05803503
111,11,11,17,46,2,06松山區,松山區塔悠路與南京東路5段口,0,0,1,1,C03,8,1,5,50,5,1,1,5,4,5,7,1,1,1,4,5,2,12,1,73,2,9,1,1,7,5,1,10,1,14,,8,8,1,22,9,121.5706878,25.0512244
111,11,11,17,46,2,06松山區,松山區塔悠路與南京東路5段口,0,0,1,2,B01,8,1,5,50,5,1,1,5,4,5,7,1,1,1,4,5,2,12,1,33,3,10,1,1,7,6,1,8,1,5,,9,8,1,22,9,121.5706878,25.0512244
111,11,11,17,49,2,04大安區,大安區基隆路2段172號前,0,0,1,1,C03,8,3,5,50,14,9,1,5,4,5,7,4,4,8,3,5,1,13,1,26,2,8,1,1,7,12,1,10,1,11,,16,16,1,21,5,121.5544254,25.02605762
111,11,11,17,49,2,04大安區,大安區基隆路2段172號前,0,0,1,2,C03,8,3,5,50,14,9,1,5,4,5,7,4,4,8,3,5,1,13,1,49,3,10,1,1,7,12,1,10,1,13,,44,16,1,12,1,121.5544254,25.02605762
111,11,11,17,50,2,05中正區,中正區中山南路與濟南路1段口,0,0,1,1,B03,8,3,5,50,3,2,1,5,4,5,7,1,1,1,4,5,2,12,1,54,3,10,1,1,7,6,1,8,2,5,,9,9,1,22,9,121.5191223,25.0432362
111,11,11,17,50,2,05中正區,中正區中山南路與濟南路1段口,0,0,1,2,F01,8,3,5,50,3,2,1,5,4,5,7,1,1,1,4,5,2,12,1,63,2,9,1,1,7,9,8,20,2,16,,42,9,1,22,9,121.5191223,25.0432362
111,11,11,17,54,2,08士林區,士林區至誠路1段與至誠路1段62巷口,0,0,2,1,C03,8,3,5,50,4,1,1,5,4,5,7,3,1,5,4,5,2,17,2,41,2,9,1,1,7,9,1,10,1,15,,49,49,1,22,9,121.5362172,25.1015888
111,11,11,17,54,2,08士林區,士林區至誠路1段與至誠路1段62巷口,0,0,2,2,C03,8,3,5,50,4,1,1,5,4,5,7,3,1,5,4,5,2,17,2,47,2,9,1,1,7,9,4,11,1,14,,44,49,1,22,9,121.5362172,25.1015888
111,11,11,17,59,2,08士林區,士林區大南路與福港街口,0,0,1,1,C03,8,3,5,50,4,2,1,5,4,5,7,2,1,4,5,5,2,17,1,66,2,8,1,1,7,11,1,10,1,11,,10,10,1,21,8,121.518173,25.08894311
111,11,11,17,59,2,08士林區,士林區大南路與福港街口,0,0,1,2,C02,8,3,5,50,4,2,1,5,4,5,7,2,1,4,5,5,2,17,1,22,3,10,1,1,7,9,1,9,1,11,,44,10,1,21,8,121.518173,25.08894311
111,11,11,18,10,2,09北投區,北投區榮華三路與無名巷口,0,0,2,1,C03,8,3,5,30,4,1,1,5,4,5,7,4,4,5,4,5,2,15,1,45,2,8,1,1,7,9,1,10,1,11,,6,6,1,22,9,121.5230816,25.11386981
111,11,11,18,10,2,09北投區,北投區榮華三路與無名巷口,0,0,2,2,C03,8,3,5,30,4,1,1,5,4,5,7,4,4,5,4,5,2,15,1,42,2,9,1,1,7,9,1,10,1,14,,44,6,1,22,9,121.5230816,25.11386981
111,11,11,18,15,2,05中正區,中正區忠孝東路2段與臨沂街口,0,0,1,1,C03,7,3,5,50,4,1,1,5,4,5,7,2,1,1,4,5,2,12,1,69,2,8,1,1,7,10,1,10,2,14,,7,7,1,22,9,121.530741,25.0429924
111,11,11,18,15,2,05中正區,中正區忠孝東路2段與臨沂街口,0,0,1,2,B03,7,3,5,50,4,1,1,5,4,5,7,2,1,1,4,5,2,12,2,31,3,10,1,1,7,9,1,8,2,6,,44,7,1,22,9,121.530741,25.0429924
111,11,11,18,18,2,12內湖區,內湖區內湖路1段293號前,0,0,1,1,C03,8,3,5,50,14,9,1,5,4,5,7,1,1,1,4,5,2,16,2,36,2,9,1,1,7,4,1,10,1,14,,16,16,1,22,9,121.5672496,25.08223729
111,11,11,18,18,2,12內湖區,內湖區內湖路1段293號前,0,0,1,2,B03,8,3,5,50,14,9,1,5,4,5,7,1,1,1,4,5,2,16,2,54,3,10,1,1,7,14,1,8,1,6,,44,16,1,22,9,121.5672496,25.08223729
111,11,11,18,18,2,12內湖區,內湖區內湖路1段293號前,0,0,1,3,C03,8,3,5,50,14,9,1,5,4,5,7,1,1,1,4,5,2,16,2,33,3,10,1,1,7,9,1,10,1,11,,16,16,1,22,9,121.5672496,25.08223729
111,11,11,18,45,2,12內湖區,內湖區民權大橋機車道東向西,0,0,3,1,C03,8,3,5,40,14,11,1,5,4,5,7,4,4,1,4,5,2,13,1,35,2,9,1,1,7,9,1,10,2,11,,16,16,1,22,9,121.5704206,25.06429705
111,11,11,18,45,2,12內湖區,內湖區民權大橋機車道東向西,0,0,3,2,C03,8,3,5,40,14,11,1,5,4,5,7,4,4,1,4,5,2,13,1,36,2,9,1,1,7,14,1,10,2,13,,44,16,1,22,9,121.5704206,25.06429705
111,11,11,18,45,2,12內湖區,內湖區民權大橋機車道東向西,0,0,3,3,H02,8,3,5,40,14,11,1,5,4,5,7,4,4,1,4,5,2,13,2,37,2,6,4,5,7,20,8,20,10,16,,67,16,1,22,9,121.5704206,25.06429705
111,11,11,18,45,2,12內湖區,內湖區民權大橋往松山,0,0,1,2,C03,8,3,5,50,8,11,1,5,4,5,7,4,4,1,1,4,2,13,2,27,3,10,1,1,7,9,1,10,2,15,,43,43,1,22,9,121.5721909,25.0648832
111,11,11,18,45,2,12內湖區,內湖區民權大橋往松山,0,0,1,1,C03,8,3,5,50,8,11,1,5,4,5,7,4,4,1,1,4,2,13,1,66,2,9,1,1,7,9,1,10,2,13,,43,43,1,22,9,121.5721909,25.0648832
111,11,11,18,48,2,03中山區,往西捷運民權西路站前,0,0,2,1,C03,8,3,5,50,14,9,1,5,4,5,7,4,4,2,4,5,2,12,1,55,2,1,1,1,7,8,1,10,1,12,,17,17,1,22,9,121.5192651,25.06296704
111,11,11,18,48,2,03中山區,往西捷運民權西路站前,0,0,2,2,C03,8,3,5,50,14,9,1,5,4,5,7,4,4,2,4,5,2,12,2,18,2,9,1,1,7,9,1,10,1,14,,17,17,1,22,9,121.5192651,25.06296704
111,11,11,18,55,2,04大安區,大安區和平東路3段與敦化南路2段口,0,0,1,1,C03,8,3,5,50,4,1,1,5,4,5,7,2,1,1,4,5,1,12,4,,4,11,3,4,7,21,7,19,11,15,,43,43,2,22,9,121.5484611,25.0245746
111,11,11,18,55,2,04大安區,大安區和平東路3段與敦化南路2段口,0,0,1,2,C03,8,3,5,50,4,1,1,5,4,5,7,2,1,1,4,5,1,12,2,24,2,9,3,4,7,9,1,10,11,11,,44,43,1,22,9,121.5484611,25.0245746
111,11,11,19,30,2,04大安區,大安區忠孝東路4段101巷與敦化南路1段190巷口,0,0,2,1,C03,8,3,5,30,4,1,1,5,4,5,7,4,4,10,5,5,1,15,1,63,3,10,1,1,7,9,1,10,1,14,,6,6,1,22,9,121.5480914,25.0426067
111,11,11,19,30,2,04大安區,大安區忠孝東路4段101巷與敦化南路1段190巷口,0,0,2,2,C03,8,3,5,30,4,1,1,5,4,5,7,4,4,10,5,5,1,15,1,25,2,9,1,1,7,9,1,10,1,12,,23,6,1,22,9,121.5480914,25.0426067
111,11,11,19,30,2,04大安區,大安區忠孝東路4段101巷與敦化南路1段190巷口,0,0,2,3,H02,8,3,5,30,4,1,1,5,4,5,7,4,4,10,5,5,1,15,2,28,2,9,1,5,7,17,8,20,10,16,,67,6,1,22,9,121.5480914,25.0426067
111,11,11,19,47,2,03中山區,中山區民生東路2段24號,0,0,1,1,C03,8,3,5,50,14,9,1,5,4,5,7,4,4,9,4,5,2,13,2,20,3,10,1,1,7,9,1,10,1,11,,16,16,1,22,9,121.5283353,25.0580112
111,11,11,19,47,2,03中山區,中山區民生東路2段24號,0,0,1,2,C03,8,3,5,50,14,9,1,5,4,5,7,4,4,9,4,5,2,13,2,27,2,7,1,1,7,12,1,10,1,13,,44,16,1,22,9,121.5283353,25.0580112
111,11,11,19,47,2,03中山區,中山區民生東路2段24號,0,0,1,3,B03,8,3,5,50,14,9,1,5,4,5,7,4,4,9,4,5,2,13,2,24,3,10,1,1,7,7,1,8,11,15,,7,16,1,22,9,121.5283353,25.0580112
111,11,11,19,50,2,05中正區,中正區林森南路與徐州路口,0,0,1,1,B03,8,3,5,50,4,1,1,5,4,5,7,1,1,5,4,5,2,11,2,33,3,10,1,1,7,5,1,8,2,8,,8,8,1,22,9,121.522234,25.0410419
111,11,11,19,50,2,05中正區,中正區林森南路與徐州路口,0,0,1,2,C03,8,3,5,50,4,1,1,5,4,5,7,1,1,5,4,5,2,11,1,21,2,9,1,1,7,9,6,10,2,11,,23,8,1,22,9,121.522234,25.0410419
111,11,11,19,52,2,10文山區,文山區羅斯福路6段277號,0,0,2,1,B01,8,3,5,50,14,9,1,5,4,5,7,4,4,1,4,5,2,17,1,54,3,10,1,1,7,1,1,4,1,4,7,19,19,1,22,9,121.5412908,24.99469176
111,11,11,19,52,2,10文山區,文山區羅斯福路6段277號,0,0,2,2,C03,8,3,5,50,14,9,1,5,4,5,7,4,4,1,4,5,2,17,1,32,2,9,1,1,7,9,1,10,1,11,14,44,19,1,22,9,121.5412908,24.99469176
111,11,11,19,52,2,10文山區,文山區羅斯福路6段277號,0,0,2,3,C04,8,3,5,50,14,9,1,5,4,5,7,4,4,1,4,5,2,17,2,22,2,9,1,1,7,9,1,10,1,11,12,16,19,1,22,9,121.5412908,24.99469176
111,11,11,20,32,2,01大同區,大同區華陰街167號,0,0,1,1,B03,7,3,5,30,14,9,4,5,4,5,7,4,4,10,5,5,1,2,1,26,4,11,3,4,7,15,7,19,11,15,,23,43,2,22,9,121.515525,25.0502359
111,11,11,20,32,2,01大同區,大同區華陰街167號,0,0,1,2,H01,7,3,5,30,14,9,4,5,4,5,7,4,4,10,5,5,1,2,2,52,2,7,4,5,8,16,8,20,10,16,,67,43,1,22,9,121.515525,25.0502359
111,11,11,20,40,2,11南港區,南港區研究院路1段與大坑街口,0,0,1,1,B12,7,3,5,50,4,2,1,5,4,5,7,1,1,9,4,5,2,12,1,67,3,10,1,1,7,5,1,8,1,5,,23,23,1,22,9,121.6159331,25.0487282
111,11,11,20,40,2,11南港區,南港區研究院路1段與大坑街口,0,0,1,2,C04,7,3,5,50,4,2,1,5,4,5,7,1,1,9,4,5,2,12,2,66,2,9,1,1,7,5,1,11,1,13,,8,23,1,22,9,121.6159331,25.0487282
111,11,11,21,2,2,04大安區,大安區師大路71號對面,0,0,2,1,C03,8,3,5,50,14,9,1,5,4,5,7,4,4,5,5,5,1,13,1,40,2,9,1,1,7,9,1,10,1,11,,16,16,1,22,9,121.5284835,25.0237999
111,11,11,21,2,2,04大安區,大安區師大路71號對面,0,0,2,2,C03,8,3,5,50,14,9,1,5,4,5,7,4,4,5,5,5,1,13,1,45,2,9,1,1,7,12,1,10,1,13,,44,16,1,22,9,121.5284835,25.0237999
111,11,11,21,37,2,10文山區,文山區仙岩路與興隆路2段86巷口,0,0,1,1,B03,8,3,5,50,3,1,1,5,4,5,7,4,4,9,5,5,2,11,1,30,3,10,1,1,7,9,1,8,1,8,,23,23,1,22,9,121.5491287,24.9993264
111,11,11,21,37,2,10文山區,文山區仙岩路與興隆路2段86巷口,0,0,1,2,C03,8,3,5,50,3,1,1,5,4,5,7,4,4,9,5,5,2,11,1,42,2,9,1,1,7,9,1,10,1,11,,14,23,1,22,9,121.5491287,24.9993264
111,11,11,21,45,2,07信義區,信義區嘉興街181巷與嘉興街口,0,0,1,1,B03,7,3,5,50,3,1,1,5,4,5,7,3,1,10,5,5,2,17,2,36,3,10,1,1,7,11,1,8,1,4,,10,42,1,22,9,121.556476,25.0263359
111,11,11,21,45,2,07信義區,信義區嘉興街181巷與嘉興街口,0,0,1,2,C03,7,3,5,50,3,1,1,5,4,5,7,3,1,10,5,5,2,17,1,21,2,9,1,1,7,9,1,10,1,12,,44,42,1,22,9,121.556476,25.0263359
111,11,11,22,10,2,03中山區,中山區中山北路2段116巷與中山北路2段口,0,0,2,1,C03,8,3,5,50,3,1,1,5,4,5,7,4,4,1,4,5,2,13,1,26,2,9,1,1,7,6,1,10,1,13,,44,44,1,22,9,121.5228385,25.06100195
111,11,11,22,10,2,03中山區,中山區中山北路2段116巷與中山北路2段口,0,0,2,2,C03,8,3,5,50,3,1,1,5,4,5,7,4,4,1,4,5,2,13,1,31,2,9,1,1,7,9,1,10,1,11,,16,44,1,22,9,121.5228385,25.06100195
111,11,11,22,42,2,08士林區,士林區德行東路與中山北路6段口,0,0,2,1,C03,8,3,5,50,4,1,1,5,4,5,7,1,1,1,5,5,1,16,1,18,2,9,1,1,7,5,1,10,1,14,,8,,1,22,9,121.5249963,25.10651938
111,11,11,22,42,2,08士林區,士林區德行東路與中山北路6段口,0,0,2,2,C03,8,3,5,50,4,1,1,5,4,5,7,1,1,1,5,5,1,16,2,30,3,10,1,1,7,9,1,10,1,12,,44,,1,22,9,121.5249963,25.10651938
111,11,11,22,42,2,08士林區,士林區德行東路與中山北路6段口,0,0,2,3,H02,8,3,5,50,4,1,1,5,4,5,7,1,1,1,5,5,1,16,2,18,2,9,4,5,7,20,8,20,10,16,,67,,1,22,9,121.5249963,25.10651938
111,11,11,22,50,2,09北投區,北投區承德路7段與石牌路1段口,0,0,2,1,C03,8,1,5,50,3,1,1,5,4,5,7,2,1,5,4,5,2,16,2,27,2,9,3,4,7,6,1,10,1,11,,16,16,1,22,9,121.5093692,25.11259493
111,11,11,22,50,2,09北投區,北投區承德路7段與石牌路1段口,0,0,2,2,C03,8,1,5,50,3,1,1,5,4,5,7,2,1,5,4,5,2,16,2,68,2,9,3,4,7,9,1,10,1,13,,44,16,1,22,9,121.5093692,25.11259493
111,11,11,23,23,2,06松山區,松山區健康路與南京東路4段口,0,0,1,1,B03,8,3,5,50,4,1,1,5,4,5,7,2,1,1,4,4,2,16,1,33,3,10,1,4,7,5,1,8,2,4,,8,8,1,22,9,121.5526221,25.05171505
111,11,11,23,23,2,06松山區,松山區健康路與南京東路4段口,0,0,1,2,C03,8,3,5,50,4,1,1,5,4,5,7,2,1,1,4,4,2,16,2,21,2,9,1,4,7,9,1,10,2,11,,23,8,1,22,9,121.5526221,25.05171505
111,11,12,0,8,2,08士林區,士林區福國路與文昌路口,0,0,1,1,B03,8,3,5,50,5,2,1,5,4,5,7,1,1,1,5,5,1,12,2,25,3,10,1,1,7,7,1,8,1,4,,7,7,1,22,9,121.5214844,25.10147765
111,11,12,0,8,2,08士林區,士林區福國路與文昌路口,0,0,1,2,C03,8,3,5,50,5,2,1,5,4,5,7,1,1,1,5,5,1,12,2,44,2,9,1,1,7,9,1,10,1,12,,44,7,1,22,9,121.5214844,25.10147765
111,11,12,0,43,2,08士林區,士林區故宮路與故宮路35巷口,0,0,2,1,B03,8,1,5,50,4,2,1,5,4,5,7,1,1,3,5,5,2,17,1,32,3,10,1,1,7,11,1,8,1,4,,10,10,1,22,9,121.5471657,25.0967241
111,11,12,0,43,2,08士林區,士林區故宮路與故宮路35巷口,0,0,2,2,C03,8,1,5,50,4,2,1,5,4,5,7,1,1,3,5,5,2,17,1,24,2,9,1,1,7,9,1,10,1,11,,13,10,1,22,9,121.5471657,25.0967241
111,11,12,0,43,2,08士林區,士林區故宮路與故宮路35巷口,0,0,2,3,H02,8,1,5,50,4,2,1,5,4,5,7,1,1,3,5,5,2,17,2,19,2,8,4,5,7,20,8,20,10,16,,67,10,1,22,9,121.5471657,25.0967241
111,11,12,1,35,2,02萬華區,萬華區桂林路與康定路口,0,0,1,1,B01,8,3,5,50,4,3,1,5,4,5,7,1,1,5,4,4,2,17,1,63,3,10,1,1,7,5,1,4,2,1,,23,23,1,22,9,121.5017593,25.03845875
111,11,12,1,35,2,02萬華區,萬華區桂林路與康定路口,0,0,1,2,C03,8,3,5,50,4,3,1,5,4,5,7,1,1,5,4,4,2,17,2,18,2,8,1,1,7,14,1,10,2,11,,44,23,1,22,9,121.5017593,25.03845875
111,11,12,3,48,2,10文山區,文山區羅斯福路5段與羅斯福路5段218巷口,0,0,3,1,C03,8,3,5,50,4,2,1,5,4,5,7,2,1,1,4,5,2,13,1,18,2,9,1,1,7,9,1,10,1,14,,25,25,1,22,9,121.5387594,25.0023123
111,11,12,3,48,2,10文山區,文山區羅斯福路5段與羅斯福路5段218巷口,0,0,3,2,C03,8,3,5,50,4,2,1,5,4,5,7,2,1,1,4,5,2,13,1,18,3,10,1,1,7,14,1,10,1,12,,44,25,1,22,9,121.5387594,25.0023123
111,11,12,3,48,2,10文山區,文山區羅斯福路5段與羅斯福路5段218巷口,0,0,3,3,H02,8,3,5,50,4,2,1,5,4,5,7,2,1,1,4,5,2,13,2,20,2,8,1,5,7,21,8,20,10,16,,67,25,1,22,9,121.5387594,25.0023123
111,11,12,3,48,2,10文山區,文山區羅斯福路5段與羅斯福路5段218巷口,0,0,3,4,H02,8,3,5,50,4,2,1,5,4,5,7,2,1,1,4,5,2,13,1,19,2,7,1,5,7,21,8,20,10,16,,67,25,1,22,9,121.5387594,25.0023123
111,11,12,4,14,2,06松山區,松山區塔悠路86號,0,0,1,1,C03,8,3,5,40,14,9,1,5,4,5,7,1,1,1,4,5,2,13,1,58,2,9,1,1,7,9,1,10,2,11,,23,23,1,22,9,121.5696867,25.0546875
111,11,12,4,14,2,06松山區,松山區塔悠路86號,0,0,1,2,B03,8,3,5,40,14,9,1,5,4,5,7,1,1,1,4,5,2,13,1,32,3,10,1,4,7,14,1,8,2,6,,44,23,1,22,9,121.5696867,25.0546875
111,11,12,4,43,2,09北投區,北投區中央北路3段與中央北路3段148巷口,0,0,1,1,C03,8,3,5,50,3,2,1,5,4,5,7,2,1,5,4,5,1,13,2,31,2,9,1,1,7,7,6,18,8,14,,21,21,1,22,9,121.4828384,25.1371417
111,11,12,4,43,2,09北投區,北投區中央北路3段與中央北路3段148巷口,0,0,1,2,C03,8,3,5,50,3,2,1,5,4,5,7,2,1,5,4,5,1,13,1,25,3,10,1,1,7,9,1,9,2,12,,44,21,1,22,9,121.4828384,25.1371417
111,11,12,6,15,2,02萬華區,萬華區昆明街與漢口街2段口,0,0,3,1,C03,8,2,5,50,4,1,1,5,4,5,7,1,1,10,4,5,2,16,1,18,2,8,1,1,7,5,1,10,1,14,,8,8,1,22,9,121.5056343,25.04594964
111,11,12,6,15,2,02萬華區,萬華區昆明街與漢口街2段口,0,0,3,2,C03,8,2,5,50,4,1,1,5,4,5,7,1,1,10,4,5,2,16,1,45,2,7,1,1,7,9,1,10,1,11,,44,8,1,22,9,121.5056343,25.04594964
111,11,12,6,15,2,02萬華區,萬華區昆明街與漢口街2段口,0,0,3,3,H02,8,2,5,50,4,1,1,5,4,5,7,1,1,10,4,5,2,16,2,19,2,8,4,5,7,20,8,20,10,16,,67,8,1,22,9,121.5056343,25.04594964
111,11,12,6,51,2,03中山區,中山區建國北路2段與南京東路3段口,0,0,1,1,C03,8,1,5,50,14,7,1,5,4,5,7,1,1,4,3,4,1,13,1,50,2,9,1,4,7,9,1,10,2,14,,16,16,1,22,9,121.5368737,25.0521459
111,11,12,6,51,2,03中山區,中山區建國北路2段與南京東路3段口,0,0,1,2,C03,8,1,5,50,14,7,1,5,4,5,7,1,1,4,3,4,1,13,1,44,3,10,1,4,7,9,1,10,2,13,,44,16,1,22,9,121.5368737,25.0521459
111,11,12,7,0,2,12內湖區,內湖區瑞光路76巷與民權東路6段19巷口,0,0,1,1,C03,8,1,5,50,4,1,1,5,4,3,5,1,1,5,5,5,1,15,1,34,2,9,1,1,7,9,1,10,1,11,,43,43,1,22,9,121.5790772,25.0689435
111,11,12,7,0,2,12內湖區,內湖區瑞光路76巷與民權東路6段19巷口,0,0,1,2,B03,8,1,5,50,4,1,1,5,4,3,5,1,1,5,5,5,1,15,1,44,3,10,1,1,7,9,1,8,1,2,,43,43,1,22,9,121.5790772,25.0689435
111,11,12,7,20,2,04大安區,大安區信義路4段與安和路2段口,0,0,3,1,C03,8,1,5,50,14,9,1,5,4,5,7,2,1,1,3,5,2,12,1,56,2,9,1,1,7,8,1,10,1,12,,7,7,1,22,9,121.5525618,25.0331098
111,11,12,7,20,2,04大安區,大安區信義路4段與安和路2段口,0,0,3,2,C03,8,1,5,50,14,9,1,5,4,5,7,2,1,1,3,5,2,12,1,26,2,9,1,1,7,9,1,10,1,14,,44,7,1,22,9,121.5525618,25.0331098
111,11,12,7,20,2,04大安區,大安區信義路4段與安和路2段口,0,0,3,3,H02,8,1,5,50,14,9,1,5,4,5,7,2,1,1,3,5,2,12,2,26,2,9,1,5,7,19,8,20,10,15,,67,7,1,22,9,121.5525618,25.0331098
111,11,12,7,40,2,06松山區,松山區市民大道4段與敦化南路1段口,0,0,3,1,C03,8,1,5,40,4,1,1,5,4,5,7,2,1,1,4,5,2,16,1,19,2,9,1,1,7,5,1,10,2,14,,8,8,1,22,9,121.5488522,25.04494881
111,11,12,7,40,2,06松山區,松山區市民大道4段與敦化南路1段口,0,0,3,2,C03,8,1,5,40,4,1,1,5,4,5,7,2,1,1,4,5,2,16,1,61,2,9,1,1,7,9,1,10,2,11,,44,8,1,22,9,121.5488522,25.04494881
111,11,12,7,40,2,06松山區,松山區市民大道4段與敦化南路1段口,0,0,3,3,H02,8,1,5,40,4,1,1,5,4,5,7,2,1,1,4,5,2,16,2,29,2,9,1,1,7,21,8,20,10,16,,67,8,1,22,9,121.5488522,25.04494881
111,11,12,7,50,2,11南港區,南港區昆陽街64號,0,0,1,1,B12,8,1,5,30,14,9,1,5,4,5,7,4,4,8,3,5,1,12,1,55,3,10,1,1,7,6,1,8,1,2,,9,9,1,22,9,121.5937696,25.052486
111,11,12,7,50,2,11南港區,南港區昆陽街64號,0,0,1,2,C03,8,1,5,30,14,9,1,5,4,5,7,4,4,8,3,5,1,12,2,53,2,9,1,1,7,9,1,10,1,14,,23,9,1,22,9,121.5937696,25.052486
111,11,12,8,31,2,09北投區,北投區北投路1段與無名巷口,0,0,1,1,B03,8,1,5,30,3,1,1,5,4,5,7,4,4,4,1,4,2,11,1,34,3,10,1,1,7,5,1,8,2,8,,8,8,1,22,9,121.50093,25.12526514
111,11,12,8,31,2,09北投區,北投區北投路1段與無名巷口,0,0,1,2,F01,8,1,5,30,3,1,1,5,4,5,7,4,4,4,1,4,2,11,2,59,2,9,1,1,7,11,8,20,2,16,,11,8,1,22,9,121.50093,25.12526514
111,11,12,8,43,2,09北投區,北投區文林北路94巷與文林北路80巷59弄口,0,0,1,1,C03,8,1,5,30,3,1,1,5,4,5,7,4,4,10,5,5,2,17,1,76,2,8,1,2,7,13,1,10,1,12,,42,42,1,22,9,121.5195375,25.10694482
111,11,12,8,43,2,09北投區,北投區文林北路94巷與文林北路80巷59弄口,0,0,1,2,B03,8,1,5,30,3,1,1,5,4,5,7,4,4,10,5,5,2,17,1,45,3,10,3,4,7,6,1,8,1,2,,44,42,1,22,9,121.5195375,25.10694482
111,11,12,8,54,2,03中山區,中山區建國北路3段79號,0,0,2,1,C03,8,1,5,50,14,9,1,5,4,5,7,4,4,1,3,5,1,16,1,54,2,8,3,4,7,7,1,10,1,14,,7,7,1,22,9,121.5368462,25.06533326
111,11,12,8,54,2,03中山區,中山區建國北路3段79號,0,0,2,2,C03,8,1,5,50,14,9,1,5,4,5,7,4,4,1,3,5,1,16,1,36,2,8,3,4,7,9,1,10,1,11,,44,7,1,22,9,121.5368462,25.06533326
111,11,12,8,55,2,12內湖區,內湖區環山路2段與環山路2段109巷口,0,0,1,1,B03,8,1,5,40,3,1,1,5,4,5,7,1,1,5,4,4,2,16,1,38,3,10,1,1,7,11,1,8,1,4,,10,10,1,22,9,121.5762006,25.08435825
111,11,12,8,55,2,12內湖區,內湖區環山路2段與環山路2段109巷口,0,0,1,2,C03,8,1,5,40,3,1,1,5,4,5,7,1,1,5,4,4,2,16,2,55,2,9,1,1,7,9,4,8,1,11,,44,10,1,22,9,121.5762006,25.08435825
111,11,12,8,57,2,02萬華區,萬華區萬大路與莒光路口,0,0,1,1,B03,8,1,5,50,4,1,1,5,4,5,7,1,1,8,3,5,1,17,2,72,3,10,1,1,7,5,1,8,1,5,,6,6,1,22,9,121.5005287,25.0311137
111,11,12,8,57,2,02萬華區,萬華區萬大路與莒光路口,0,0,1,2,C03,8,1,5,50,4,1,1,5,4,5,7,1,1,8,3,5,1,17,2,26,2,9,1,1,7,9,1,10,1,11,,44,6,1,22,9,121.5005287,25.0311137
111,11,12,9,0,2,12內湖區,內湖區內湖路2段與成功路3段174巷口,0,0,2,1,C03,8,1,5,50,4,2,1,5,4,5,7,1,1,5,5,5,1,11,1,23,2,9,1,1,7,5,1,10,1,12,,8,8,1,22,9,121.5903119,25.08197518
111,11,12,9,0,2,12內湖區,內湖區內湖路2段與成功路3段174巷口,0,0,2,2,C03,8,1,5,50,4,2,1,5,4,5,7,1,1,5,5,5,1,11,2,24,2,1,1,1,7,9,1,10,1,14,,44,8,1,22,9,121.5903119,25.08197518
111,11,12,9,34,2,07信義區,信義區莊敬路359號,0,0,1,1,B01,8,1,5,50,14,7,1,5,4,5,7,4,4,9,5,4,2,12,1,44,3,10,1,1,7,11,1,4,1,8,,11,11,1,22,9,121.5647084,25.02773374
111,11,12,9,34,2,07信義區,信義區莊敬路359號,0,0,1,2,F02,8,1,5,50,14,7,1,5,4,5,7,4,4,9,5,4,2,12,2,72,3,10,1,1,7,9,8,20,1,16,,44,11,1,22,9,121.5647084,25.02773374
111,11,12,9,34,2,07信義區,信義區莊敬路359號,0,0,1,3,C02,8,1,5,50,14,7,1,5,4,5,7,4,4,9,5,4,2,12,2,32,2,8,1,1,7,13,1,9,1,11,,38,11,1,22,9,121.5647084,25.02773374
111,11,12,9,43,2,03中山區,中山區中山北路3段與民權西路口,0,0,1,1,C03,8,1,5,50,4,2,1,5,4,5,7,2,1,5,4,5,2,12,2,20,3,10,3,4,7,6,1,10,1,12,,9,9,1,22,9,121.5224279,25.0630079
111,11,12,9,43,2,03中山區,中山區中山北路3段與民權西路口,0,0,1,2,F01,8,1,5,50,4,2,1,5,4,5,7,2,1,5,4,5,2,12,1,36,2,9,1,1,7,9,8,20,1,16,,44,9,1,22,9,121.5224279,25.0630079
111,11,12,9,53,2,07信義區,信義區忠孝東路5段與松山路287巷口,0,0,1,1,B01,6,1,5,50,3,2,1,4,4,5,7,4,4,10,4,5,2,12,1,59,3,10,1,1,7,8,1,4,1,2,,7,7,1,22,9,121.5806701,25.0427782