發生年度,發生月,發生日,發生時-Hours,發生分,處理別-編號,區序,肇事地點,死亡人數,2-30日死亡人數,受傷人數,當事人序號,車種,天候,光線,道路類別,速限-速度限制,道路型態,事故位置,路面狀況1,路面狀況2,路面狀況3,道路障礙1,道路障礙2,號誌1,號誌2,車道劃分-分向,車道劃分-分道1,車道劃分-分道2,車道劃分-分道3,事故類型及型態,性別,年齡,受傷程度,主要傷處,安全帽,行動電話,車輛用途,當事者行動狀態,駕駛資格情形,駕駛執照種類,飲酒情形,車輛撞擊部位1,車輛撞擊部位2,肇因碼-個別,肇因碼-主要,個人肇逃否,職業,旅次目的,座標-X,座標-Y
111,11,12,9,53,2,07信義區,信義區忠孝東路5段與松山路287巷口,0,0,1,2,C03,6,1,5,50,3,2,1,4,4,5,7,4,4,10,4,5,2,12,2,43,2,9,1,1,7,9,1,10,1,14,,44,7,1,22,9,121.5806701,25.0427782
111,11,12,9,57,2,05中正區,中正區和平西路1段與廈門街口,0,0,1,1,C03,8,1,5,50,4,1,1,5,4,5,7,1,1,1,4,5,2,16,1,32,2,9,1,1,7,9,1,10,1,11,,13,13,1,22,9,121.5180453,25.0267999
111,11,12,9,57,2,05中正區,中正區和平西路1段與廈門街口,0,0,1,2,B03,8,1,5,50,4,1,1,5,4,5,7,1,1,1,4,5,2,16,1,54,3,10,1,1,7,14,1,8,1,6,,6,13,1,22,9,121.5180453,25.0267999
111,11,12,10,8,2,04大安區,大安區基隆路4段43號,0,0,1,1,C03,8,1,5,50,14,7,1,5,4,5,7,2,1,1,4,4,2,13,1,44,2,9,3,4,7,12,1,9,1,11,,23,16,1,22,9,121.5406918,25.0140761
111,11,12,10,8,2,04大安區,大安區基隆路4段43號,0,0,1,2,B03,8,1,5,50,14,7,1,5,4,5,7,2,1,1,4,4,2,13,1,40,3,10,3,4,7,9,1,8,1,7,,44,16,1,22,9,121.5406918,25.0140761
111,11,12,10,12,2,03中山區,中山區合江街與錦州街口(往北),0,0,1,1,B03,8,1,5,50,14,9,1,5,4,5,7,4,4,9,4,5,1,9,1,81,3,10,3,4,7,9,6,18,9,5,,23,23,1,22,9,121.5392557,25.06043693
111,11,12,10,12,2,03中山區,中山區合江街與錦州街口(往北),0,0,1,2,H01,8,1,5,50,14,9,1,5,4,5,7,4,4,9,4,5,1,9,2,67,2,6,4,5,8,16,8,20,10,16,,67,23,1,22,9,121.5392557,25.06043693
111,11,12,10,13,2,11南港區,南港區南港路2段與向陽路口,0,0,1,1,C03,8,1,5,50,5,2,1,5,4,5,7,1,1,8,3,5,1,16,1,20,3,10,1,3,7,6,1,10,9,12,,26,26,1,22,9,121.5938188,25.0541689
111,11,12,10,13,2,11南港區,南港區南港路2段與向陽路口,0,0,1,2,C03,8,1,5,50,5,2,1,5,4,5,7,1,1,8,3,5,1,16,2,58,2,9,1,1,7,9,4,8,9,14,,42,26,1,22,9,121.5938188,25.0541689
111,11,12,11,0,2,12內湖區,內湖區星雲街與成功路3段187巷口,0,0,2,1,C04,8,1,5,40,3,1,1,5,4,5,7,4,4,9,4,5,2,16,2,46,2,9,1,1,7,5,1,10,2,14,,26,26,1,22,9,121.5922933,25.07885245
111,11,12,11,0,2,12內湖區,內湖區星雲街與成功路3段187巷口,0,0,2,2,C03,8,1,5,40,3,1,1,5,4,5,7,4,4,9,4,5,2,16,2,41,2,7,1,1,7,4,1,10,2,12,,26,26,1,22,9,121.5922933,25.07885245
111,11,12,11,0,2,12內湖區,內湖區舊宗路1段與行忠路口,0,0,1,1,C03,8,1,5,50,3,1,1,5,4,5,7,4,4,1,4,5,2,12,1,19,3,10,1,1,7,6,3,18,1,13,,9,9,1,22,9,121.5758341,25.06493909
111,11,12,11,0,2,12內湖區,內湖區舊宗路1段與行忠路口,0,0,1,2,C03,8,1,5,50,3,1,1,5,4,5,7,4,4,1,4,5,2,12,1,40,2,9,1,1,7,9,4,8,1,11,,23,9,1,22,9,121.5758341,25.06493909
111,11,12,11,21,2,04大安區,大安區市民大道4段100號,0,0,2,1,C03,8,1,5,40,14,9,1,5,4,5,7,4,4,1,4,5,2,13,1,37,2,9,1,1,7,12,1,10,1,12,14,43,43,1,22,9,121.5499354,25.0446377
111,11,12,11,21,2,04大安區,大安區市民大道4段100號,0,0,2,2,C03,8,1,5,40,14,9,1,5,4,5,7,4,4,1,4,5,2,13,2,51,2,9,1,1,7,12,1,10,1,14,,43,43,1,22,9,121.5499354,25.0446377
111,11,12,11,21,2,04大安區,大安區市民大道4段100號,0,0,2,3,B03,8,1,5,40,14,9,1,5,4,5,7,4,4,1,4,5,2,13,1,32,3,10,1,1,7,12,1,8,1,2,,43,43,1,22,9,121.5499354,25.0446377
111,11,12,11,21,2,04大安區,大安區市民大道4段100號,0,0,2,4,C03,8,1,5,40,14,9,1,5,4,5,7,4,4,1,4,5,2,13,3,,,,,,,,,,,,,67,43,1,,,121.5499354,25.0446377
111,11,12,11,23,2,09北投區,北投區光明路168號,0,0,1,1,C03,8,1,5,50,14,9,1,5,4,5,7,4,4,4,1,5,2,17,2,59,2,9,1,1,7,10,1,10,1,11,,44,44,1,22,9,121.502903,25.13544697
111,11,12,11,23,2,09北投區,北投區光明路168號,0,0,1,2,B03,8,1,5,50,14,9,1,5,4,5,7,4,4,4,1,5,2,17,2,54,3,10,1,1,7,9,1,8,1,5,,44,44,1,22,9,121.502903,25.13544697
111,11,12,11,30,2,07信義區,信義區崇德街41號燈桿,0,0,1,1,C03,8,1,5,30,11,9,1,5,4,5,1,4,4,10,5,5,1,10,1,32,2,7,1,1,7,9,1,10,1,11,,23,23,1,22,9,121.5659788,25.0171692
111,11,12,11,30,2,07信義區,信義區崇德街41號燈桿,0,0,1,2,B01,8,1,5,30,11,9,1,5,4,5,1,4,4,10,5,5,1,10,2,54,3,10,1,1,7,9,1,4,1,8,,23,23,1,22,9,121.5659788,25.0171692
111,11,12,11,40,2,02萬華區,萬華區萬大路與萬大路486巷口,0,0,1,1,F01,8,1,5,50,3,1,1,5,4,5,7,4,4,1,5,5,2,3,1,69,4,11,1,1,7,6,8,20,9,16,,9,9,1,22,9,121.4973353,25.01973114
111,11,12,11,40,2,02萬華區,萬華區萬大路與萬大路486巷口,0,0,1,2,H01,8,1,5,50,3,1,1,5,4,5,7,4,4,1,5,5,2,3,2,57,2,7,4,5,8,16,8,20,10,16,,67,9,1,22,9,121.4973353,25.01973114
111,11,12,11,45,2,10文山區,文山區景後街124號,0,0,3,1,C03,8,1,5,50,3,1,1,5,4,5,7,4,4,9,5,5,2,12,2,64,2,5,1,1,7,7,1,10,2,11,,7,7,1,22,9,121.5426587,24.9917174
111,11,12,11,45,2,10文山區,文山區景後街124號,0,0,3,2,C03,8,1,5,50,3,1,1,5,4,5,7,4,4,9,5,5,2,12,2,47,2,9,1,1,7,9,1,10,2,12,,44,7,1,22,9,121.5426587,24.9917174
111,11,12,11,45,2,10文山區,文山區景後街124號,0,0,3,3,H02,8,1,5,50,3,1,1,5,4,5,7,4,4,9,5,5,2,12,2,12,2,8,1,5,7,20,8,20,10,16,,67,7,1,22,9,121.5426587,24.9917174
111,11,12,11,51,2,04大安區,大安區基隆路2段與樂業街口,0,0,1,1,C03,8,1,5,30,4,1,1,5,4,5,7,2,1,1,4,5,2,15,1,63,3,10,1,1,7,9,1,10,1,11,,25,25,1,22,9,121.5503335,25.02233109
111,11,12,11,51,2,04大安區,大安區基隆路2段與樂業街口,0,0,1,2,C03,8,1,5,30,4,1,1,5,4,5,7,2,1,1,4,5,2,15,2,30,2,9,1,1,7,1,1,10,1,14,,44,25,1,22,9,121.5503335,25.02233109
111,11,12,11,51,2,07信義區,信義區松德路303號旁,0,0,1,1,B01,8,1,5,30,11,9,1,5,4,5,7,4,4,9,4,4,1,11,1,66,3,10,3,4,7,11,1,4,1,1,,10,23,1,22,9,121.5745036,25.0316281
111,11,12,11,51,2,07信義區,信義區松德路303號旁,0,0,1,2,C03,8,1,5,30,11,9,1,5,4,5,7,4,4,9,4,4,1,11,1,39,2,9,3,4,7,5,1,10,1,14,,23,23,1,22,9,121.5745036,25.0316281
111,11,12,12,0,2,12內湖區,內湖區文德路66巷49弄5號前,0,0,2,1,C03,8,1,5,50,14,9,1,5,4,5,7,4,4,9,4,5,2,16,1,52,2,9,1,1,7,11,1,10,1,12,,10,10,1,22,9,121.5818905,25.0771078
111,11,12,12,0,2,12內湖區,內湖區文德路66巷49弄5號前,0,0,2,2,C03,8,1,5,50,14,9,1,5,4,5,7,4,4,9,4,5,2,16,1,20,2,9,1,1,7,9,1,10,1,11,,23,10,1,22,9,121.5818905,25.0771078
111,11,12,12,9,2,03中山區,中山區林森北路530號,0,0,1,1,B01,8,1,5,50,14,9,1,5,4,5,7,4,4,4,3,5,1,16,1,68,3,10,1,1,7,11,1,4,1,4,,10,10,1,22,9,121.5256108,25.0632044
111,11,12,12,9,2,03中山區,中山區林森北路530號,0,0,1,2,C03,8,1,5,50,14,9,1,5,4,5,7,4,4,4,3,5,1,16,1,30,2,9,1,1,7,9,1,10,1,12,,23,10,1,22,9,121.5256108,25.0632044
111,11,12,12,10,2,08士林區,士林區中山北路6段與福華路164巷口,0,0,1,1,C03,8,1,5,50,3,2,1,5,4,5,7,4,4,10,4,4,2,13,1,38,3,10,1,1,7,9,1,10,2,11,,16,16,1,22,9,121.5248026,25.10456621
111,11,12,12,10,2,08士林區,士林區中山北路6段與福華路164巷口,0,0,1,2,C03,8,1,5,50,3,2,1,5,4,5,7,4,4,10,4,4,2,13,2,57,2,9,1,1,7,9,1,10,2,13,,44,16,1,22,9,121.5248026,25.10456621
111,11,12,12,32,2,09北投區,北投區承德路7段與公館路口,0,0,1,1,C03,8,1,5,50,4,1,1,5,4,5,7,1,1,1,4,5,2,17,1,43,2,9,3,4,7,5,6,10,6,11,,8,8,1,22,9,121.5015917,25.11959756
111,11,12,12,32,2,09北投區,北投區承德路7段與公館路口,0,0,1,2,B01,8,1,5,50,4,1,1,5,4,5,7,1,1,1,4,5,2,17,1,51,3,10,3,4,7,9,1,4,2,8,,44,8,1,22,9,121.5015917,25.11959756
111,11,12,12,43,2,10文山區,文山區光輝路與光輝路口側附近22巷口,0,0,1,1,B03,8,1,5,30,4,2,1,5,4,5,7,4,4,5,5,5,2,15,2,42,3,10,1,1,7,9,1,8,2,5,,6,6,1,22,9,121.5549694,24.9866675
111,11,12,12,43,2,10文山區,文山區光輝路與光輝路口側附近22巷口,0,0,1,2,C03,8,1,5,30,4,2,1,5,4,5,7,4,4,5,5,5,2,15,1,59,2,9,1,1,7,9,1,10,2,14,,23,6,1,22,9,121.5549694,24.9866675
111,11,12,12,45,2,06松山區,松山區長安東路2段與南京東路3段256巷口,0,0,1,1,A02,8,1,5,50,3,2,1,5,4,5,7,4,4,4,3,5,2,9,1,41,3,10,1,1,7,12,1,2,1,15,,14,14,1,22,9,121.5446396,25.04824543
111,11,12,12,45,2,06松山區,松山區長安東路2段與南京東路3段256巷口,0,0,1,2,H02,8,1,5,50,3,2,1,5,4,5,7,4,4,4,3,5,2,9,2,52,2,9,4,5,7,20,8,20,10,16,,67,14,1,22,9,121.5446396,25.04824543
111,11,12,12,50,2,08士林區,士林區劍潭路與後港街口,0,0,1,1,B03,8,1,5,50,4,1,1,5,4,5,7,4,4,5,5,5,2,17,1,26,3,10,1,1,7,9,1,8,1,2,,6,6,1,22,9,121.522856,25.0838368
111,11,12,12,50,2,08士林區,士林區劍潭路與後港街口,0,0,1,2,C03,8,1,5,50,4,1,1,5,4,5,7,4,4,5,5,5,2,17,1,41,2,9,1,1,7,9,1,10,1,11,,14,6,1,22,9,121.522856,25.0838368
111,11,12,12,50,2,09北投區,北投區承德路7段382號,0,0,2,1,C03,8,1,5,60,14,9,1,5,4,5,7,4,4,1,4,5,2,17,1,56,2,7,1,1,7,9,1,10,2,11,,23,23,1,22,9,121.5024329,25.11889953
111,11,12,12,50,2,09北投區,北投區承德路7段382號,0,0,2,2,C03,8,1,5,60,14,9,1,5,4,5,7,4,4,1,4,5,2,17,1,30,2,9,1,1,7,14,1,10,2,13,,38,23,1,22,9,121.5024329,25.11889953
111,11,12,12,56,2,04大安區,大安區敦化南路1段190巷5號,0,0,1,1,B03,8,1,5,30,14,9,1,5,4,5,7,4,4,9,4,5,2,2,2,43,4,11,3,4,7,15,7,19,11,15,,23,23,2,22,9,121.5483239,25.04260858
111,11,12,12,56,2,04大安區,大安區敦化南路1段190巷5號,0,0,1,2,H01,8,1,5,30,14,9,1,5,4,5,7,4,4,9,4,5,2,2,2,29,2,7,4,5,8,16,8,20,10,15,,52,23,1,21,8,121.5483239,25.04260858
111,11,12,12,57,2,04大安區,大安區和平東路2段與復興南路2段口,0,0,1,1,C03,8,1,5,50,4,1,1,5,4,5,7,1,1,10,5,5,2,13,2,49,4,11,3,4,7,15,7,19,11,15,,43,43,2,22,9,121.5432855,25.025035
111,11,12,12,57,2,04大安區,大安區和平東路2段與復興南路2段口,0,0,1,2,C03,8,1,5,50,4,1,1,5,4,5,7,1,1,10,5,5,2,13,1,20,3,10,1,1,7,1,1,10,1,15,,19,43,1,22,9,121.5432855,25.025035
111,11,12,12,57,2,04大安區,大安區和平東路2段與復興南路2段口,0,0,1,3,H02,8,1,5,50,4,1,1,5,4,5,7,1,1,10,5,5,2,13,2,23,2,8,4,5,7,20,8,20,1,16,,67,43,1,22,9,121.5432855,25.025035
111,11,12,13,0,2,08士林區,士林區天母東路8巷37號,0,0,1,1,C03,8,1,5,30,14,9,1,5,4,5,7,4,4,10,5,5,1,13,1,58,3,10,1,1,7,9,1,10,2,11,,23,23,1,22,9,121.5316324,25.11659015
111,11,12,13,0,2,08士林區,士林區天母東路8巷37號,0,0,1,2,C03,8,1,5,30,14,9,1,5,4,5,7,4,4,10,5,5,1,13,2,32,2,9,1,1,7,5,1,10,2,13,,44,23,1,22,9,121.5316324,25.11659015
111,11,12,13,25,2,10文山區,文山區羅斯福路5段臨255-1號,0,0,2,1,C03,8,1,5,30,14,9,1,5,4,5,7,4,4,10,5,5,2,16,1,44,3,10,1,1,7,5,1,10,2,12,,8,8,1,22,9,121.5398401,25.00139839
111,11,12,13,25,2,10文山區,文山區羅斯福路5段臨255-1號,0,0,2,2,C03,8,1,5,30,14,9,1,5,4,5,7,4,4,10,5,5,2,16,1,24,2,9,1,1,7,9,1,10,2,11,,44,8,1,22,9,121.5398401,25.00139839
111,11,12,13,25,2,10文山區,文山區羅斯福路5段臨255-1號,0,0,2,3,H02,8,1,5,30,14,9,1,5,4,5,7,4,4,10,5,5,2,16,2,7,2,8,1,1,7,21,8,20,10,15,,67,8,1,22,9,121.5398401,25.00139839
111,11,12,13,25,2,10文山區,文山區羅斯福路5段臨255-1號,0,0,2,4,B01,8,1,5,30,14,9,1,5,4,5,7,4,4,10,5,5,2,16,1,37,3,10,1,1,7,14,1,4,9,15,,38,8,1,22,9,121.5398401,25.00139839
111,11,12,13,37,2,02萬華區,萬華區昆明街97號,0,0,1,1,B03,8,1,5,50,14,9,1,5,4,5,7,4,4,8,3,5,2,16,1,68,3,10,1,1,7,9,6,2,5,1,,21,21,1,22,9,121.5047236,25.04240593
111,11,12,13,37,2,02萬華區,萬華區昆明街97號,0,0,1,2,C03,8,1,5,50,14,9,1,5,4,5,7,4,4,8,3,5,2,16,1,54,2,9,1,1,7,13,1,10,2,12,,38,21,1,22,9,121.5047236,25.04240593
111,11,12,13,37,2,02萬華區,萬華區昆明街97號,0,0,1,3,C03,8,1,5,50,14,9,1,5,4,5,7,4,4,8,3,5,2,16,2,25,3,10,1,1,7,13,1,10,9,12,,44,21,1,22,9,121.5047236,25.04240593
111,11,12,13,37,2,02萬華區,萬華區昆明街97號,0,0,1,4,C03,8,1,5,50,14,9,1,5,4,5,7,4,4,8,3,5,2,16,1,43,3,10,3,4,7,13,1,10,9,15,,44,21,2,22,9,121.5047236,25.04240593
111,11,12,13,37,2,05中正區,中正區中華路1段與中華路1段21巷口,0,0,1,1,B03,8,1,5,50,3,2,1,5,4,5,7,4,4,1,4,5,2,13,1,46,3,10,1,1,7,8,1,8,2,6,,7,7,1,22,9,121.509637,25.04648949
111,11,12,13,37,2,05中正區,中正區中華路1段與中華路1段21巷口,0,0,1,2,C03,8,1,5,50,3,2,1,5,4,5,7,4,4,1,4,5,2,13,1,35,2,9,1,1,7,7,1,10,2,11,,7,7,1,22,9,121.509637,25.04648949
111,11,12,13,42,2,10文山區,文山區萬美街2段49號,0,0,1,2,C03,8,1,5,40,11,9,1,5,4,5,7,4,4,5,2,5,2,16,1,18,2,9,1,1,7,9,1,10,1,11,,13,10,1,22,9,121.5639121,25.00524512
111,11,12,13,42,2,10文山區,文山區萬美街2段49號,0,0,1,1,B01,8,1,5,40,11,9,1,5,4,5,7,4,4,5,2,5,2,16,1,65,3,10,1,1,7,11,1,4,1,8,,10,10,1,22,9,121.5639121,25.00524512
111,11,12,13,56,2,07信義區,信義區松智路與松高路口,0,0,1,1,C03,8,1,5,50,14,9,1,5,4,5,7,1,1,9,4,5,2,17,1,31,2,9,3,4,7,9,1,10,1,12,,44,44,1,22,9,121.5656682,25.0390862
111,11,12,13,56,2,07信義區,信義區松智路與松高路口,0,0,1,2,B03,8,1,5,50,14,9,1,5,4,5,7,1,1,9,4,5,2,17,1,41,3,10,3,4,7,11,1,8,1,15,,10,44,1,22,9,121.5656682,25.0390862
111,11,12,13,58,2,03中山區,中山區民權東路1段12巷與民權東路1段口,0,0,3,1,C03,8,1,5,50,3,1,1,5,4,5,7,4,4,1,3,4,1,16,2,41,2,9,1,1,7,6,1,10,1,12,,9,9,1,22,9,121.523486,25.0626283
111,11,12,13,58,2,03中山區,中山區民權東路1段12巷與民權東路1段口,0,0,3,2,C03,8,1,5,50,3,1,1,5,4,5,7,4,4,1,3,4,1,16,2,42,2,9,1,1,7,9,1,10,1,14,,44,9,1,22,9,121.523486,25.0626283
111,11,12,13,58,2,03中山區,中山區民權東路1段12巷與民權東路1段口,0,0,3,3,H02,8,1,5,50,3,1,1,5,4,5,7,4,4,1,3,4,1,16,2,16,2,8,1,5,7,20,8,20,10,16,,67,9,1,22,9,121.523486,25.0626283
111,11,12,14,10,2,03中山區,中山區松江路90巷與一江街口,0,0,1,1,B03,8,1,5,50,3,1,1,5,4,5,7,3,1,5,4,5,1,15,2,31,3,10,1,1,7,9,1,8,1,5,,6,6,1,22,9,121.5314678,25.0505078
111,11,12,14,10,2,03中山區,中山區松江路90巷與一江街口,0,0,1,2,C03,8,1,5,50,3,1,1,5,4,5,7,3,1,5,4,5,1,15,1,37,2,8,1,1,7,15,1,10,1,12,,14,6,1,22,9,121.5314678,25.0505078
111,11,12,14,10,2,03中山區,中山區松江路90巷與一江街口,0,0,1,3,H02,8,1,5,50,3,1,1,5,4,5,7,3,1,5,4,5,1,15,2,33,3,10,1,5,7,20,8,20,10,16,,67,6,1,22,9,121.5314678,25.0505078
111,11,12,14,23,2,03中山區,中山區建國南路1段與市民大道3段口,0,0,1,1,C03,8,1,5,50,4,1,1,5,4,5,7,2,1,10,4,5,2,16,2,54,2,8,1,1,7,5,6,18,1,14,,8,8,1,22,9,121.5368958,25.044803
111,11,12,14,23,2,03中山區,中山區建國南路1段與市民大道3段口,0,0,1,2,B12,8,1,5,50,4,1,1,5,4,5,7,2,1,10,4,5,2,16,1,63,3,10,3,4,7,9,1,7,1,5,,44,8,1,22,9,121.5368958,25.044803
111,11,12,14,37,2,10文山區,文山區木新路3段312號,0,0,1,1,C03,8,1,5,50,14,9,1,5,4,5,7,4,4,5,2,5,2,12,1,57,3,10,1,1,7,9,1,10,2,12,,23,23,1,22,9,121.5567821,24.9807638
111,11,12,14,37,2,10文山區,文山區木新路3段312號,0,0,1,2,C03,8,1,5,50,14,9,1,5,4,5,7,4,4,5,2,5,2,12,1,39,2,9,1,1,7,9,1,10,2,14,,42,23,1,22,9,121.5567821,24.9807638
111,11,12,14,38,2,09北投區,北投區大度路2段127號燈桿,0,0,1,1,C03,8,1,5,50,14,12,1,5,4,5,7,4,4,1,4,1,1,13,1,18,2,8,1,1,7,9,1,10,1,11,,43,23,1,22,9,121.4736722,25.12256338
111,11,12,14,38,2,09北投區,北投區大度路2段127號燈桿,0,0,1,2,C03,8,1,5,50,14,12,1,5,4,5,7,4,4,1,4,1,1,13,1,25,3,10,1,1,7,9,1,10,1,13,,43,23,1,22,9,121.4736722,25.12256338
111,11,12,14,40,2,05中正區,中正區羅斯福路4段92號前,0,0,2,1,B03,8,1,5,0,14,9,1,5,4,5,7,1,1,2,4,5,2,17,1,63,4,11,3,4,7,1,7,19,11,15,,19,43,2,22,9,121.5351831,25.01376767
111,11,12,14,40,2,05中正區,中正區羅斯福路4段92號前,0,0,2,2,C03,8,1,5,0,14,9,1,5,4,5,7,1,1,2,4,5,2,17,2,29,2,9,1,1,7,9,1,10,1,12,,16,43,1,22,9,121.5351831,25.01376767
111,11,12,14,40,2,05中正區,中正區羅斯福路4段92號前,0,0,2,3,C03,8,1,5,0,14,9,1,5,4,5,7,1,1,2,4,5,2,17,1,49,3,10,1,1,7,9,1,10,1,14,,44,43,1,22,9,121.5351831,25.01376767
111,11,12,14,40,2,05中正區,中正區羅斯福路4段92號前,0,0,2,4,H02,8,1,5,0,14,9,1,5,4,5,7,1,1,2,4,5,2,17,2,56,2,9,1,1,7,20,8,20,10,16,,67,43,1,22,9,121.5351831,25.01376767
111,11,12,14,45,2,12內湖區,內湖區文湖街21巷7號,0,0,1,1,F01,8,1,5,30,14,9,1,5,4,4,3,4,4,10,5,5,1,9,2,63,2,9,1,1,7,9,8,20,1,16,,42,42,1,22,9,121.5602635,25.08711147
111,11,12,14,45,2,12內湖區,內湖區文湖街21巷7號,0,0,1,2,H01,8,1,5,30,14,9,1,5,4,4,3,4,4,10,5,5,1,9,1,37,3,10,4,5,8,20,8,20,1,16,,67,42,1,22,9,121.5602635,25.08711147
111,11,12,15,2,2,03中山區,中山區龍江路239號,0,0,1,1,B02,8,1,5,50,4,1,1,5,4,5,7,4,4,8,5,5,1,16,1,57,3,10,3,4,7,5,1,8,1,5,,8,8,1,22,9,121.5407566,25.058432
111,11,12,15,2,2,03中山區,中山區龍江路239號,0,0,1,2,C03,8,1,5,50,4,1,1,5,4,5,7,4,4,8,5,5,1,16,1,22,2,9,1,4,7,4,1,10,1,12,,1,8,1,22,9,121.5407566,25.058432
111,11,12,15,8,2,02萬華區,萬華區萬大路與萬大路329巷口,0,0,1,1,B01,8,1,5,30,4,1,1,5,4,5,7,1,1,1,5,5,2,15,1,57,3,10,1,1,7,9,1,3,1,5,,25,43,1,22,9,121.5002265,25.02417897
111,11,12,15,8,2,02萬華區,萬華區萬大路與萬大路329巷口,0,0,1,2,C03,8,1,5,30,4,1,1,5,4,5,7,1,1,1,5,5,2,15,1,44,2,7,1,1,7,9,1,10,1,11,,44,43,1,22,9,121.5002265,25.02417897
111,11,12,15,15,2,08士林區,士林區大南路與百齡橋口引道,0,0,1,1,B03,8,1,5,50,3,2,1,5,4,5,7,1,1,10,2,5,1,17,1,49,3,10,1,1,7,9,1,8,1,1,,23,23,1,22,9,121.51414,25.0893893
111,11,12,15,15,2,08士林區,士林區大南路與百齡橋口引道,0,0,1,2,C03,8,1,5,50,3,2,1,5,4,5,7,1,1,10,2,5,1,17,2,41,2,9,1,1,7,14,4,11,1,13,,44,23,1,22,9,121.51414,25.0893893
111,11,12,15,15,2,08士林區,士林區大南路與百齡橋口引道,0,0,1,3,C03,8,1,5,50,3,2,1,5,4,5,7,1,1,10,2,5,1,17,2,37,3,10,1,1,7,14,1,10,1,13,,44,23,1,22,9,121.51414,25.0893893
111,11,12,15,52,2,07信義區,信義區基隆路2段77號,0,0,1,1,C03,8,1,5,50,14,9,1,5,4,5,7,4,4,1,4,5,2,13,2,36,2,9,1,1,7,9,1,10,1,11,,23,23,1,22,9,121.5581833,25.0305562
111,11,12,15,52,2,07信義區,信義區基隆路2段77號,0,0,1,2,B01,8,1,5,50,14,9,1,5,4,5,7,4,4,1,4,5,2,13,1,63,3,10,1,1,7,14,1,4,1,7,,38,23,1,22,9,121.5581833,25.0305562
111,11,12,16,10,2,03中山區,中山區大佳河濱公園與大佳河濱公園口道路八號水門旁,0,0,1,1,B03,8,1,5,50,14,9,1,5,4,5,7,4,4,9,5,5,2,17,1,49,3,10,3,4,7,5,1,8,2,2,,8,8,1,22,9,121.5414449,25.0736715
111,11,12,16,10,2,03中山區,中山區大佳河濱公園與大佳河濱公園口道路八號水門旁,0,0,1,2,C03,8,1,5,50,14,9,1,5,4,5,7,4,4,9,5,5,2,17,1,28,2,9,1,1,7,9,1,10,2,14,,13,8,1,22,9,121.5414449,25.0736715
111,11,12,16,31,2,02萬華區,萬華區中華路2段與廣州街口,0,0,1,2,C03,8,1,5,40,4,2,1,5,4,5,7,1,1,1,3,4,2,12,1,19,2,9,1,1,7,9,1,10,1,11,,44,9,1,22,9,121.5064093,25.03612285
111,11,12,16,31,2,02萬華區,萬華區中華路2段與廣州街口,0,0,1,1,B03,8,1,5,40,4,2,1,5,4,5,7,1,1,1,3,4,2,12,1,36,3,10,2,1,7,6,1,8,1,2,,9,9,1,22,9,121.5064093,25.03612285
111,11,12,16,35,2,04大安區,大安區基隆路3段與長興街口,0,0,1,1,B12,8,1,5,50,14,9,1,5,4,5,7,4,4,1,4,5,2,12,1,59,3,10,3,4,7,8,1,8,1,2,,7,7,1,22,9,121.544599,25.0173185
111,11,12,16,35,2,04大安區,大安區基隆路3段與長興街口,0,0,1,2,C03,8,1,5,50,14,9,1,5,4,5,7,4,4,1,4,5,2,12,1,35,2,9,1,1,7,9,1,10,1,14,,44,7,1,22,9,121.544599,25.0173185
111,11,12,16,37,2,03中山區,中山區長安東路2段與龍江路口,0,0,4,1,C03,8,1,5,50,4,2,1,5,4,5,7,2,1,5,4,5,2,17,1,18,2,9,3,4,7,5,1,10,2,12,,6,43,1,22,9,121.5414022,25.0482488
111,11,12,16,37,2,03中山區,中山區長安東路2段與龍江路口,0,0,4,2,C03,8,1,5,50,4,2,1,5,4,5,7,2,1,5,4,5,2,17,1,28,2,9,3,4,7,9,1,10,2,11,,44,43,1,22,9,121.5414022,25.0482488
111,11,12,16,37,2,03中山區,中山區長安東路2段與龍江路口,0,0,4,3,H02,8,1,5,50,4,2,1,5,4,5,7,2,1,5,4,5,2,17,1,18,2,9,4,5,7,20,8,20,10,16,,67,43,1,22,9,121.5414022,25.0482488
111,11,12,16,37,2,03中山區,中山區長安東路2段與龍江路口,0,0,4,4,H02,8,1,5,50,4,2,1,5,4,5,7,2,1,5,4,5,2,17,2,29,2,9,4,5,7,20,8,20,10,16,,67,43,1,22,9,121.5414022,25.0482488
111,11,12,16,42,2,04大安區,大安區通化街165巷與通化街39巷50弄口,0,0,2,1,C03,8,1,5,30,4,1,1,5,4,3,7,4,4,10,5,5,2,15,1,41,2,9,2,4,7,9,6,11,1,11,,6,23,1,22,9,121.5550765,25.0281835
111,11,12,16,42,2,04大安區,大安區通化街165巷與通化街39巷50弄口,0,0,2,2,B03,8,1,5,30,4,1,1,5,4,3,7,4,4,10,5,5,2,15,1,42,3,10,3,4,7,9,1,8,1,8,,23,23,1,22,9,121.5550765,25.0281835
111,11,12,16,42,2,04大安區,大安區通化街165巷與通化街39巷50弄口,0,0,2,3,H02,8,1,5,30,4,1,1,5,4,3,7,4,4,10,5,5,2,15,1,50,2,7,1,4,7,17,8,20,10,16,,67,23,1,22,9,121.5550765,25.0281835