發生年度,發生月,發生日,發生時-Hours,發生分,處理別-編號,區序,肇事地點,死亡人數,2-30日死亡人數,受傷人數,當事人序號,車種,天候,光線,道路類別,速限-速度限制,道路型態,事故位置,路面狀況1,路面狀況2,路面狀況3,道路障礙1,道路障礙2,號誌1,號誌2,車道劃分-分向,車道劃分-分道1,車道劃分-分道2,車道劃分-分道3,事故類型及型態,性別,年齡,受傷程度,主要傷處,安全帽,行動電話,車輛用途,當事者行動狀態,駕駛資格情形,駕駛執照種類,飲酒情形,車輛撞擊部位1,車輛撞擊部位2,肇因碼-個別,肇因碼-主要,個人肇逃否,職業,旅次目的,座標-X,座標-Y
111,11,12,17,1,2,03中山區,中山區市民高架道往西林森上方,0,0,2,2,B03,8,1,5,80,10,9,1,5,4,5,7,4,4,1,4,5,2,13,1,22,2,9,1,1,7,9,3,18,2,3,,44,23,1,22,9,121.5242554,25.04793098
111,11,12,17,1,2,03中山區,中山區市民高架道往西林森上方,0,0,2,3,B03,8,1,5,80,10,9,1,5,4,5,7,4,4,1,4,5,2,13,1,44,3,10,1,1,7,9,1,8,2,1,,44,23,1,22,9,121.5242554,25.04793098
111,11,12,17,1,2,03中山區,中山區市民高架道往西林森上方,0,0,2,1,B12,8,1,5,80,10,9,1,5,4,5,7,4,4,1,4,5,2,13,1,38,2,9,1,1,7,9,6,18,2,1,,16,23,2,22,9,121.5242554,25.04793098
111,11,12,17,1,2,09北投區,北投區中央北路4段與中央北路4段583巷口,0,0,1,1,B12,8,1,5,50,4,1,1,5,4,5,7,2,1,5,4,5,2,11,1,47,3,10,1,1,7,5,1,8,2,8,,8,8,1,22,9,121.4655281,25.12610004
111,11,12,17,1,2,09北投區,北投區中央北路4段與中央北路4段583巷口,0,0,1,2,C03,8,1,5,50,4,1,1,5,4,5,7,2,1,5,4,5,2,11,2,22,2,9,1,1,7,9,1,10,2,11,,44,8,1,22,9,121.4655281,25.12610004
111,11,12,17,13,2,05中正區,中正區中山南路與徐州路口,0,0,1,1,B01,8,1,5,50,5,1,1,5,4,5,7,2,1,1,4,5,2,11,1,68,3,10,1,1,7,5,1,4,2,8,,8,8,1,10,4,121.518507,25.0418855
111,11,12,17,13,2,05中正區,中正區中山南路與徐州路口,0,0,1,2,C03,8,1,5,50,5,1,1,5,4,5,7,2,1,1,4,5,2,11,1,25,2,7,1,1,7,9,1,10,2,14,,44,8,1,9,1,121.518507,25.0418855
111,11,12,17,15,2,08士林區,士林區延平北路6段與延平北路6段116巷口,0,0,1,1,C03,8,3,5,50,4,2,1,5,4,5,7,4,4,10,2,5,1,13,2,64,2,1,1,1,7,9,3,18,1,11,,23,23,1,22,9,121.5079104,25.08902009
111,11,12,17,15,2,08士林區,士林區延平北路6段與延平北路6段116巷口,0,0,1,2,C03,8,3,5,50,4,2,1,5,4,5,7,4,4,10,2,5,1,13,1,41,3,10,1,1,7,6,1,10,1,13,,44,23,1,22,9,121.5079104,25.08902009
111,11,12,17,19,2,07信義區,信義區基隆路2段107-3號,0,0,1,1,C03,8,3,5,50,14,9,1,5,4,5,7,3,1,1,4,5,1,12,2,37,2,7,3,4,7,8,3,18,2,11,,7,7,1,22,9,121.5574163,25.02944092
111,11,12,17,19,2,07信義區,信義區基隆路2段107-3號,0,0,1,2,B03,8,3,5,50,14,9,1,5,4,5,7,3,1,1,4,5,1,12,1,44,3,10,3,4,7,9,1,8,2,8,,44,7,1,22,9,121.5574163,25.02944092
111,11,12,17,53,2,03中山區,中山區復興北路426號,0,0,2,1,B03,8,3,5,50,14,9,1,5,4,5,7,4,4,1,3,5,1,12,1,53,3,10,3,4,7,7,1,8,2,8,,7,7,1,22,9,121.5429713,25.06370433
111,11,12,17,53,2,03中山區,中山區復興北路426號,0,0,2,2,B01,8,3,5,50,14,9,1,5,4,5,7,4,4,1,3,5,1,12,1,56,3,10,3,4,7,10,1,8,2,4,,7,7,1,22,9,121.5429713,25.06370433
111,11,12,17,53,2,03中山區,中山區復興北路426號,0,0,2,3,B02,8,3,5,50,14,9,1,5,4,5,7,4,4,1,3,5,1,12,1,67,2,2,3,4,7,14,1,8,2,6,,44,7,1,22,9,121.5429713,25.06370433
111,11,12,17,53,2,03中山區,中山區復興北路426號,0,0,2,4,H02,8,3,5,50,14,9,1,5,4,5,7,4,4,1,3,5,1,12,2,41,2,1,3,5,7,17,8,20,10,16,,67,7,1,22,9,121.5429713,25.06370433
111,11,12,18,34,2,02萬華區,萬華區西寧南路96號,0,0,1,1,C03,8,3,5,50,14,9,1,5,4,5,7,4,4,10,4,5,2,17,1,22,2,7,1,1,7,2,6,10,1,13,,12,12,1,22,9,121.5059615,25.04205932
111,11,12,18,34,2,02萬華區,萬華區西寧南路96號,0,0,1,2,B01,8,3,5,50,14,9,1,5,4,5,7,4,4,10,4,5,2,17,1,63,3,10,1,1,7,9,1,4,1,8,,23,12,1,22,9,121.5059615,25.04205932
111,11,12,18,34,2,02萬華區,萬華區西寧南路96號,0,0,1,3,C03,8,3,5,50,14,9,1,5,4,5,7,4,4,10,4,5,2,17,1,25,4,11,3,4,7,15,7,19,11,15,,44,12,2,22,9,121.5059615,25.04205932
111,11,12,18,34,2,02萬華區,萬華區西寧南路96號,0,0,1,4,C03,8,3,5,50,14,9,1,5,4,5,7,4,4,10,4,5,2,17,1,52,3,10,1,1,7,13,1,10,1,14,,44,12,1,22,9,121.5059615,25.04205932
111,11,12,18,45,2,11南港區,南港區市民大道8段與忠孝東路7段325巷口,0,0,2,1,C03,8,3,5,50,3,2,1,5,4,5,7,2,1,3,3,5,2,16,1,68,2,8,3,4,7,6,1,10,1,12,,6,6,1,22,9,121.6059072,25.0528583
111,11,12,18,45,2,11南港區,南港區市民大道8段與忠孝東路7段325巷口,0,0,2,2,C03,8,3,5,50,3,2,1,5,4,5,7,2,1,3,3,5,2,16,1,68,2,9,3,4,7,9,1,10,1,11,,44,6,1,22,9,121.6059072,25.0528583
111,11,12,19,30,2,10文山區,文山區辛亥路7段56號,0,0,2,1,C03,8,3,5,50,14,7,1,5,4,5,7,4,4,9,4,4,2,13,1,24,2,9,1,1,7,9,1,10,1,11,,23,23,1,22,9,121.554302,24.98438274
111,11,12,19,30,2,10文山區,文山區辛亥路7段56號,0,0,2,2,B02,8,3,5,50,14,7,1,5,4,5,7,4,4,9,4,4,2,13,1,21,3,10,1,1,7,9,1,8,1,10,,44,23,1,22,9,121.554302,24.98438274
111,11,12,19,30,2,10文山區,文山區辛亥路7段56號,0,0,2,3,H02,8,3,5,50,14,7,1,5,4,5,7,4,4,9,4,4,2,13,2,24,2,9,1,5,7,21,8,20,1,15,,67,23,1,22,9,121.554302,24.98438274
111,11,12,20,56,2,10文山區,文山區景文街與景文街103巷口,0,0,1,1,C03,8,3,5,50,3,2,1,5,4,5,7,4,4,5,5,4,2,12,2,23,4,11,3,4,7,15,7,19,11,15,,23,23,2,22,9,121.5411855,24.9906487
111,11,12,20,56,2,10文山區,文山區景文街與景文街103巷口,0,0,1,2,C03,8,3,5,50,3,2,1,5,4,5,7,4,4,5,5,4,2,12,1,34,2,7,1,1,7,14,1,10,9,12,,44,23,1,22,9,121.5411855,24.9906487
111,11,12,21,12,2,02萬華區,萬華區中華路1段與成都路口,0,0,1,1,B03,8,3,5,50,4,1,1,5,4,5,7,2,1,9,4,5,2,16,2,35,3,10,1,4,7,7,1,8,1,2,,44,44,1,22,9,121.5082076,25.04239572
111,11,12,21,12,2,02萬華區,萬華區中華路1段與成都路口,0,0,1,2,C03,8,3,5,50,4,1,1,5,4,5,7,2,1,9,4,5,2,16,2,26,2,9,1,4,7,7,1,10,1,14,,7,44,1,22,9,121.5082076,25.04239572
111,11,12,21,30,2,07信義區,信義區松信路210號,0,0,1,1,B02,8,1,5,50,14,9,1,5,4,5,7,4,4,5,4,5,2,17,1,33,3,10,1,1,7,5,1,8,1,4,,43,43,1,22,9,121.571959,25.0416154
111,11,12,21,30,2,07信義區,信義區松信路210號,0,0,1,2,C03,8,1,5,50,14,9,1,5,4,5,7,4,4,5,4,5,2,17,2,58,2,9,1,1,7,9,1,10,1,12,,43,43,1,22,9,121.571959,25.0416154
111,11,12,21,35,2,08士林區,士林區忠誠路2段166巷29弄與忠誠路2段166巷口,0,0,1,1,C03,8,3,5,30,4,2,1,5,4,5,7,4,4,10,5,5,1,15,2,20,2,9,1,1,7,9,1,10,2,14,,6,6,1,22,9,121.5323608,25.1159277
111,11,12,21,35,2,08士林區,士林區忠誠路2段166巷29弄與忠誠路2段166巷口,0,0,1,2,B01,8,3,5,30,4,2,1,5,4,5,7,4,4,10,5,5,1,15,1,29,3,10,1,1,7,9,1,4,2,1,,44,6,1,22,9,121.5323608,25.1159277
111,11,12,21,51,2,04大安區,大安區建國南路1段往北近濟南路,0,0,1,1,B03,8,1,5,50,15,9,1,5,4,5,7,4,4,1,4,4,2,12,1,79,3,10,1,4,7,7,1,8,1,4,,7,7,1,22,9,121.5382282,25.0391466
111,11,12,21,51,2,04大安區,大安區建國南路1段往北近濟南路,0,0,1,2,C03,8,1,5,50,15,9,1,5,4,5,7,4,4,1,4,4,2,12,1,36,2,9,1,4,7,9,1,10,1,12,,44,7,1,22,9,121.5382282,25.0391466
111,11,12,22,10,2,10文山區,文山區指南路3段38巷樟湖幹141電線桿,0,0,1,1,B03,8,3,5,30,14,9,1,5,4,1,7,4,4,10,5,5,2,14,1,19,3,10,1,1,7,2,1,8,1,3,,43,43,1,22,9,121.5837999,24.96824251
111,11,12,22,10,2,10文山區,文山區指南路3段38巷樟湖幹141電線桿,0,0,1,2,C03,8,3,5,30,14,9,1,5,4,1,7,4,4,10,5,5,2,14,1,31,2,8,1,1,7,9,1,10,1,11,,43,43,1,22,9,121.5837999,24.96824251
111,11,12,22,38,2,07信義區,信義區林口街70號,0,0,1,1,G06,7,3,5,40,14,9,1,5,4,5,7,4,4,9,4,5,2,17,2,62,2,8,1,1,7,9,7,19,2,15,,13,13,1,22,9,121.5793103,25.03888375
111,11,12,22,38,2,07信義區,信義區林口街70號,0,0,1,2,C03,7,3,5,40,14,9,1,5,4,5,7,4,4,9,4,5,2,17,2,49,3,10,3,1,7,13,1,10,9,12,,44,13,1,22,9,121.5793103,25.03888375
111,11,12,22,38,2,07信義區,信義區林口街70號,0,0,1,3,C03,7,3,5,40,14,9,1,5,4,5,7,4,4,9,4,5,2,17,2,58,3,10,3,1,7,13,1,10,9,12,,44,13,1,22,9,121.5793103,25.03888375
111,11,12,22,38,2,07信義區,信義區林口街70號,0,0,1,4,C03,7,3,5,40,14,9,1,5,4,5,7,4,4,9,4,5,2,17,2,75,3,10,3,1,7,13,7,19,9,12,,44,13,1,22,9,121.5793103,25.03888375
111,11,12,22,38,2,07信義區,信義區林口街70號,0,0,1,5,F01,7,3,5,40,14,9,1,5,4,5,7,4,4,9,4,5,2,17,2,57,3,10,3,1,7,15,8,20,10,16,,44,13,1,22,9,121.5793103,25.03888375
111,11,12,22,40,2,05中正區,中正區重慶南路3段164號前,0,0,2,1,C03,8,3,5,30,14,9,1,5,4,1,7,4,4,3,4,5,2,16,1,18,2,9,1,1,7,8,1,10,2,12,,7,7,1,22,9,121.5167834,25.02343384
111,11,12,22,40,2,05中正區,中正區重慶南路3段164號前,0,0,2,2,C04,8,3,5,30,14,9,1,5,4,1,7,4,4,3,4,5,2,16,2,53,2,9,1,1,7,9,1,10,2,14,,13,7,1,22,9,121.5167834,25.02343384
111,11,12,22,43,2,03中山區,中山區林森北路85巷與長安東路1段53巷口,0,0,1,1,B01,8,3,5,30,4,1,3,5,4,5,7,4,4,10,5,5,2,15,1,56,3,10,1,1,7,9,1,4,1,8,,6,6,1,22,9,121.5265741,25.0494246
111,11,12,22,43,2,03中山區,中山區林森北路85巷與長安東路1段53巷口,0,0,1,2,C03,8,3,5,30,4,1,3,5,4,5,7,4,4,10,5,5,2,15,1,21,2,9,1,1,7,9,1,10,1,11,,14,6,1,22,9,121.5265741,25.0494246
111,11,12,22,43,2,03中山區,中山區林森北路85巷與長安東路1段53巷口,0,0,1,3,H02,8,3,5,30,4,1,3,5,4,5,7,4,4,10,5,5,2,15,2,22,3,10,4,5,7,20,8,20,10,16,,67,6,1,22,9,121.5265741,25.0494246
111,11,13,1,14,2,02萬華區,萬華區艋舺大道與西園路2段口,0,0,2,1,B03,7,3,5,50,4,2,1,5,4,5,7,2,1,1,4,5,1,17,1,24,3,10,3,4,7,9,1,8,2,5,,23,23,1,22,9,121.4979556,25.03300048
111,11,13,1,14,2,02萬華區,萬華區艋舺大道與西園路2段口,0,0,2,2,C03,7,3,5,50,4,2,1,5,4,5,7,2,1,1,4,5,1,17,1,80,2,8,3,4,7,14,1,10,2,13,,44,23,1,22,9,121.4979556,25.03300048
111,11,13,1,14,2,02萬華區,萬華區艋舺大道與西園路2段口,0,0,2,3,H02,7,3,5,50,4,2,1,5,4,5,7,2,1,1,4,5,1,17,2,72,2,9,3,4,7,20,8,20,10,16,,67,23,1,22,9,121.4979556,25.03300048
111,11,13,1,30,2,09北投區,北投區竹子湖路16號與陽金公路口,0,0,1,1,B03,8,3,5,40,3,1,1,5,4,5,7,3,1,5,4,5,2,11,1,52,3,10,1,1,7,5,1,8,2,5,,25,25,1,22,9,121.5401121,25.1675178
111,11,13,1,30,2,09北投區,北投區竹子湖路16號與陽金公路口,0,0,1,2,C03,8,3,5,40,3,1,1,5,4,5,7,3,1,5,4,5,2,11,1,23,2,9,1,1,7,9,1,10,2,11,,14,25,1,22,9,121.5401121,25.1675178
111,11,13,2,8,2,05中正區,中正區新生南路1段6號,0,0,1,1,C03,8,3,5,50,14,9,1,5,4,5,7,4,4,1,4,5,2,17,1,21,2,9,1,1,7,9,1,10,2,12,,13,13,1,22,9,121.5327544,25.0440989
111,11,13,2,8,2,05中正區,中正區新生南路1段6號,0,0,1,2,C03,8,3,5,50,14,9,1,5,4,5,7,4,4,1,4,5,2,17,1,30,3,10,1,1,7,6,1,10,2,13,,9,13,1,22,9,121.5327544,25.0440989
111,11,13,3,50,2,09北投區,北投區大度路3段與立德路口,0,0,1,1,C03,8,3,5,50,3,2,1,5,4,5,7,2,1,1,4,5,2,16,1,17,2,9,3,4,7,5,2,18,2,14,,8,8,1,22,9,121.471404,25.12281032
111,11,13,3,50,2,09北投區,北投區大度路3段與立德路口,0,0,1,2,B01,8,3,5,50,3,2,1,5,4,5,7,2,1,1,4,5,2,16,1,52,3,10,3,4,7,9,1,4,2,1,,13,8,1,22,9,121.471404,25.12281032
111,11,13,8,0,2,06松山區,松山區民權東路5段29號民權大橋下橋往西,0,0,1,1,F01,8,1,5,50,14,9,1,5,4,5,7,2,1,9,4,5,2,29,1,47,2,9,3,4,7,15,8,20,1,15,,42,42,1,22,9,121.566319,25.06333787
111,11,13,8,0,2,06松山區,松山區民權東路5段29號民權大橋下橋往西,0,0,1,2,,8,1,5,50,14,9,1,5,4,5,7,2,1,9,4,5,2,29,3,,,,,,,,,,,,,67,42,1,,,121.566319,25.06333787
111,11,13,8,0,2,11南港區,南港區市民大道8段與南港路1段137巷口,0,0,2,1,C03,8,1,5,50,3,1,1,5,4,5,7,4,4,1,4,5,2,2,2,29,2,9,3,4,7,9,1,10,2,11,,23,23,1,22,9,121.6138502,25.05428797
111,11,13,8,0,2,11南港區,南港區市民大道8段與南港路1段137巷口,0,0,2,2,H01,8,1,5,50,3,1,1,5,4,5,7,4,4,1,4,5,2,2,2,80,2,9,4,5,8,16,8,20,10,16,,51,23,1,22,9,121.6138502,25.05428797
111,11,13,9,0,2,02萬華區,萬華區西寧南路與西寧南路71巷口,0,0,2,1,C03,8,1,5,50,3,1,1,5,4,5,7,4,4,8,5,5,2,17,1,47,2,9,1,1,7,5,1,10,1,12,,26,26,1,22,9,121.5069577,25.04609795
111,11,13,9,0,2,02萬華區,萬華區西寧南路與西寧南路71巷口,0,0,2,2,C03,8,1,5,50,3,1,1,5,4,5,7,4,4,8,5,5,2,17,1,25,2,9,1,1,7,5,1,10,1,14,,44,26,1,22,9,121.5069577,25.04609795
111,11,13,9,36,2,07信義區,信義區吳興街257號對面,0,0,1,1,B03,8,1,5,30,14,9,1,5,4,5,7,4,4,9,4,5,1,16,1,53,3,10,3,4,7,6,1,8,1,2,,27,27,1,22,9,121.5636597,25.02703707
111,11,13,9,36,2,07信義區,信義區吳興街257號對面,0,0,1,2,C03,8,1,5,30,14,9,1,5,4,5,7,4,4,9,4,5,1,16,1,37,2,9,3,4,7,9,1,10,1,14,,44,27,1,22,9,121.5636597,25.02703707
111,11,13,9,45,2,12內湖區,內湖區康寧路1段與星雲街口,0,0,2,1,B03,8,1,5,50,4,2,1,5,4,5,7,2,1,9,4,5,2,16,1,61,3,10,1,1,7,1,1,7,1,8,,19,19,1,22,9,121.5936925,25.07945918
111,11,13,9,45,2,12內湖區,內湖區康寧路1段與星雲街口,0,0,2,2,C03,8,1,5,50,4,2,1,5,4,5,7,2,1,9,4,5,2,16,1,77,2,9,1,1,7,9,1,10,1,11,,44,19,1,22,9,121.5936925,25.07945918
111,11,13,9,45,2,12內湖區,內湖區康寧路1段與星雲街口,0,0,2,3,H02,8,1,5,50,4,2,1,5,4,5,7,2,1,9,4,5,2,16,2,78,2,3,1,5,7,21,8,20,10,15,,67,19,1,22,9,121.5936925,25.07945918
111,11,13,10,0,2,04大安區,大安區羅斯福路4段與基隆路4段口公館圓環,0,0,1,1,C03,8,1,5,50,16,9,1,5,4,5,7,2,1,1,4,5,2,12,1,54,3,10,1,4,7,8,1,10,9,15,,7,7,2,22,9,121.5372956,25.0113515
111,11,13,10,0,2,04大安區,大安區羅斯福路4段與基隆路4段口公館圓環,0,0,1,2,C03,8,1,5,50,16,9,1,5,4,5,7,2,1,1,4,5,2,12,1,19,2,9,1,1,7,9,1,10,1,11,,17,7,1,22,9,121.5372956,25.0113515
111,11,13,10,0,2,08士林區,士林區芝玉路2段與芝玉路2段20巷口,0,0,2,1,C03,8,1,5,30,4,1,1,5,4,5,7,4,4,10,5,5,2,15,1,27,2,9,1,1,7,9,1,10,1,12,,6,6,1,22,9,121.534888,25.11107529
111,11,13,10,0,2,08士林區,士林區芝玉路2段與芝玉路2段20巷口,0,0,2,2,C03,8,1,5,30,4,1,1,5,4,5,7,4,4,10,5,5,2,15,2,19,2,9,1,1,7,9,1,10,1,11,,23,6,1,22,9,121.534888,25.11107529
111,11,13,10,20,2,05中正區,中正區館前路8號,0,0,1,2,C03,8,1,5,50,14,9,1,5,4,5,7,4,4,10,4,5,1,13,2,52,2,8,1,1,7,9,1,10,1,13,,44,,1,22,9,121.5150333,25.0457343
111,11,13,10,20,2,05中正區,中正區館前路8號,0,0,1,1,C03,8,1,5,50,14,9,1,5,4,5,7,4,4,10,4,5,1,13,1,61,3,10,1,1,7,9,3,18,1,11,,16,,1,22,9,121.5150333,25.0457343
111,11,13,10,34,2,09北投區,北投區致遠二路與實踐街口,0,0,1,1,C03,8,1,5,50,3,1,1,5,4,5,7,1,1,9,5,5,2,16,1,62,3,10,1,1,7,5,1,10,1,11,,6,6,1,22,9,121.5116271,25.1152929
111,11,13,10,34,2,09北投區,北投區致遠二路與實踐街口,0,0,1,2,C03,8,1,5,50,3,1,1,5,4,5,7,1,1,9,5,5,2,16,1,33,2,8,1,1,7,9,1,10,1,14,,44,6,1,22,9,121.5116271,25.1152929
111,11,13,10,39,2,07信義區,信義區基隆路2段111號,0,0,1,1,C03,8,1,5,50,14,9,1,5,4,5,7,4,4,10,1,5,2,16,2,26,2,1,1,1,7,7,1,10,2,14,,7,7,1,22,9,121.557279,25.0288259
111,11,13,10,39,2,07信義區,信義區基隆路2段111號,0,0,1,2,A11,8,1,5,50,14,9,1,5,4,5,7,4,4,10,1,5,2,16,1,56,3,10,2,1,7,7,1,3,2,6,,7,7,1,22,9,121.557279,25.0288259
111,11,13,10,39,2,07信義區,信義區基隆路2段111號,0,0,1,3,A02,8,1,5,50,14,9,1,5,4,5,7,4,4,10,1,5,2,16,1,54,3,10,1,1,7,1,1,2,2,15,,44,7,1,22,9,121.557279,25.0288259
111,11,13,10,50,2,12內湖區,內湖區內湖路3段31-1號,0,0,1,1,B03,8,1,5,30,13,9,1,5,4,5,7,4,4,10,5,5,2,14,1,33,3,10,1,1,7,2,1,8,1,3,,12,12,1,22,9,121.5926094,25.08535093
111,11,13,10,50,2,12內湖區,內湖區內湖路3段31-1號,0,0,1,2,C03,8,1,5,30,13,9,1,5,4,5,7,4,4,10,5,5,2,14,2,34,2,9,1,1,7,9,1,10,1,12,,13,12,1,22,9,121.5926094,25.08535093
111,11,13,11,0,2,11南港區,南港區忠孝東路6段269巷與市民大道7段口,0,0,1,1,C03,8,1,5,50,3,1,1,5,4,5,7,1,1,1,4,5,2,16,1,86,3,10,1,1,7,5,1,10,1,12,,8,8,1,22,9,121.5894602,25.0505301
111,11,13,11,0,2,11南港區,南港區忠孝東路6段269巷與市民大道7段口,0,0,1,2,C04,8,1,5,50,3,1,1,5,4,5,7,1,1,1,4,5,2,16,1,22,2,9,1,1,7,9,1,10,1,11,,44,8,1,22,9,121.5894602,25.0505301
111,11,13,11,20,2,01大同區,大同區民權西路258號,0,0,4,1,C03,8,1,5,50,14,9,1,5,4,5,7,2,1,1,4,5,2,17,1,57,2,7,1,4,7,8,1,10,2,13,,7,7,1,22,9,121.5122171,25.0628407
111,11,13,11,20,2,01大同區,大同區民權西路258號,0,0,4,2,C03,8,1,5,50,14,9,1,5,4,5,7,2,1,1,4,5,2,17,1,31,2,9,1,4,7,9,1,10,2,11,,44,7,1,22,9,121.5122171,25.0628407
111,11,13,11,20,2,01大同區,大同區民權西路258號,0,0,4,3,H02,8,1,5,50,14,9,1,5,4,5,7,2,1,1,4,5,2,17,1,25,2,7,1,5,7,20,8,20,10,16,,67,7,1,22,9,121.5122171,25.0628407
111,11,13,11,20,2,01大同區,大同區民權西路258號,0,0,4,4,H02,8,1,5,50,14,9,1,5,4,5,7,2,1,1,4,5,2,17,2,30,2,9,1,5,7,20,8,20,10,16,,67,7,1,22,9,121.5122171,25.0628407
111,11,13,11,23,2,12內湖區,內湖區環山路3段與內湖路2段103巷口,0,0,1,1,C03,8,1,5,50,3,1,1,5,4,5,7,1,1,5,4,5,2,16,2,33,3,10,1,1,7,8,1,10,1,12,,7,7,1,22,9,121.5809085,25.08469173
111,11,13,11,23,2,12內湖區,內湖區環山路3段與內湖路2段103巷口,0,0,1,2,C03,8,1,5,50,3,1,1,5,4,5,7,1,1,5,4,5,2,16,2,42,2,9,1,1,7,9,1,10,1,14,,44,7,1,22,9,121.5809085,25.08469173
111,11,13,11,23,2,12內湖區,內湖區環山路3段與內湖路2段103巷口,0,0,1,3,,8,1,5,50,3,1,1,5,4,5,7,1,1,5,4,5,2,16,3,,,,,,,,,,,,,67,7,1,,,121.5809085,25.08469173
111,11,13,11,35,2,05中正區,中正區襄陽路往東,0,0,1,1,B02,8,1,5,0,14,9,1,5,4,5,7,4,4,8,3,5,2,17,2,55,3,10,1,1,7,7,1,4,1,15,,6,6,1,22,9,121.5142422,25.04343049
111,11,13,11,35,2,05中正區,中正區襄陽路往東,0,0,1,2,C03,8,1,5,0,14,9,1,5,4,5,7,4,4,8,3,5,2,17,2,23,2,9,1,1,7,9,1,10,1,11,,23,6,1,22,9,121.5142422,25.04343049
111,11,13,11,35,2,05中正區,中正區襄陽路往東,0,0,1,3,C03,8,1,5,0,14,9,1,5,4,5,7,4,4,8,3,5,2,17,2,26,3,10,1,1,7,9,1,10,1,13,,44,6,1,22,9,121.5142422,25.04343049
111,11,13,11,35,2,05中正區,中正區襄陽路往東,0,0,1,4,C03,8,1,5,0,14,9,1,5,4,5,7,4,4,8,3,5,2,17,2,24,3,10,1,1,7,9,1,10,1,11,,23,6,1,22,9,121.5142422,25.04343049
111,11,13,11,41,2,12內湖區,內湖區康樂街與康樂街74巷口,0,0,2,1,B03,8,1,5,50,14,9,1,5,4,5,7,4,4,10,4,5,2,12,1,41,3,10,1,1,7,8,1,8,1,2,,7,7,1,22,9,121.6187505,25.06972507
111,11,13,11,41,2,12內湖區,內湖區康樂街與康樂街74巷口,0,0,2,2,C03,8,1,5,50,14,9,1,5,4,5,7,4,4,10,4,5,2,12,1,23,2,7,1,1,7,9,1,10,1,14,,44,7,1,22,9,121.6187505,25.06972507
111,11,13,11,41,2,12內湖區,內湖區康樂街與康樂街74巷口,0,0,2,3,B01,8,1,5,50,14,9,1,5,4,5,7,4,4,10,4,5,2,12,1,61,3,10,1,1,7,4,1,8,1,15,,42,7,1,22,9,121.6187505,25.06972507
111,11,13,11,41,2,12內湖區,內湖區康樂街與康樂街74巷口,0,0,2,4,H02,8,1,5,50,14,9,1,5,4,5,7,4,4,10,4,5,2,12,2,23,2,8,1,1,7,21,8,20,10,15,,67,7,1,22,9,121.6187505,25.06972507
111,11,13,11,49,2,03中山區,中山區民權東路3段33號,0,0,1,1,B03,8,1,5,50,14,9,1,5,4,5,7,4,4,1,3,5,2,16,1,65,3,10,3,4,7,1,1,8,1,4,,19,19,1,22,9,121.5418946,25.0624486
111,11,13,11,49,2,03中山區,中山區民權東路3段33號,0,0,1,2,C03,8,1,5,50,14,9,1,5,4,5,7,4,4,1,3,5,2,16,1,47,2,9,3,4,7,9,1,10,1,11,,23,19,1,22,9,121.5418946,25.0624486
111,11,13,11,50,2,10文山區,文山區老泉街,0,0,1,1,C03,8,1,5,50,11,9,1,5,4,5,1,3,1,5,2,5,2,16,1,23,2,7,1,1,7,5,1,10,2,11,,6,42,1,22,9,121.55755,24.97623091
111,11,13,11,50,2,10文山區,文山區老泉街,0,0,1,2,B03,8,1,5,50,11,9,1,5,4,5,1,3,1,5,2,5,2,16,2,40,3,10,1,1,7,9,1,8,2,2,,14,42,1,22,9,121.55755,24.97623091
111,11,13,11,50,2,10文山區,文山區和興路52巷與和興路44巷3弄口,0,0,2,1,C02,7,1,5,30,4,1,1,5,4,5,7,4,4,10,5,5,2,15,1,50,2,8,3,4,7,9,1,9,2,11,,6,6,1,22,9,121.5475548,24.9842417
111,11,13,11,50,2,10文山區,文山區和興路52巷與和興路44巷3弄口,0,0,2,2,B03,7,1,5,30,4,1,1,5,4,5,7,4,4,10,5,5,2,15,2,74,2,2,3,4,7,9,1,8,2,8,,44,6,1,22,9,121.5475548,24.9842417
111,11,13,12,18,2,06松山區,松山區八德路3段與八德路3段158巷口,0,0,1,1,B03,8,1,5,50,4,1,1,5,4,5,7,2,1,4,3,5,2,12,1,31,3,10,1,1,7,5,1,8,1,8,,8,8,1,22,9,121.5550616,25.0480876
111,11,13,12,18,2,06松山區,松山區八德路3段與八德路3段158巷口,0,0,1,2,C03,8,1,5,50,4,1,1,5,4,5,7,2,1,4,3,5,2,12,1,55,2,9,1,1,7,9,1,10,1,12,,44,8,1,22,9,121.5550616,25.0480876
111,11,13,12,18,2,08士林區,士林區承德路4段190號,0,0,2,1,C03,8,1,5,40,14,8,1,5,4,5,7,4,4,1,4,4,2,17,2,39,2,8,1,1,7,8,1,10,1,12,,7,7,1,22,9,121.522439,25.0872775
111,11,13,12,18,2,08士林區,士林區承德路4段190號,0,0,2,2,C03,8,1,5,40,14,8,1,5,4,5,7,4,4,1,4,4,2,17,1,47,2,8,1,1,7,9,1,10,1,14,,23,7,1,22,9,121.522439,25.0872775
111,11,13,12,19,2,08士林區,士林區延平北路5段與延平北路5段136巷口,0,0,2,1,C03,8,1,5,50,3,2,1,5,4,5,7,1,1,1,5,5,2,17,4,,4,11,3,4,7,15,7,19,11,15,,43,43,2,22,9,121.5103167,25.0821506