發生年度,發生月,發生日,發生時-Hours,發生分,處理別-編號,區序,肇事地點,死亡人數,2-30日死亡人數,受傷人數,當事人序號,車種,天候,光線,道路類別,速限-速度限制,道路型態,事故位置,路面狀況1,路面狀況2,路面狀況3,道路障礙1,道路障礙2,號誌1,號誌2,車道劃分-分向,車道劃分-分道1,車道劃分-分道2,車道劃分-分道3,事故類型及型態,性別,年齡,受傷程度,主要傷處,安全帽,行動電話,車輛用途,當事者行動狀態,駕駛資格情形,駕駛執照種類,飲酒情形,車輛撞擊部位1,車輛撞擊部位2,肇因碼-個別,肇因碼-主要,個人肇逃否,職業,旅次目的,座標-X,座標-Y
111,11,13,12,19,2,08士林區,士林區延平北路5段與延平北路5段136巷口,0,0,2,2,C03,8,1,5,50,3,2,1,5,4,5,7,1,1,1,5,5,2,17,1,33,2,9,1,1,7,9,1,10,9,11,,43,43,1,22,9,121.5103167,25.0821506
111,11,13,12,19,2,08士林區,士林區延平北路5段與延平北路5段136巷口,0,0,2,3,H02,8,1,5,50,3,2,1,5,4,5,7,1,1,1,5,5,2,17,2,28,2,9,4,5,7,20,8,20,10,16,,67,43,1,22,9,121.5103167,25.0821506
111,11,13,12,40,2,05中正區,中正區金山南路1段35號,0,0,2,1,C03,8,1,5,50,14,7,1,5,4,5,7,4,4,3,3,5,2,13,2,25,2,8,1,1,7,9,1,10,1,11,,16,,1,22,9,121.5290172,25.03991032
111,11,13,12,40,2,05中正區,中正區金山南路1段35號,0,0,2,2,C03,8,1,5,50,14,7,1,5,4,5,7,4,4,3,3,5,2,13,1,41,2,8,1,1,7,12,1,10,1,13,,42,,1,22,9,121.5290172,25.03991032
111,11,13,12,55,2,12內湖區,內湖區民權東路6段180巷70弄與民權東路6段180巷口,0,0,2,1,B03,8,1,5,30,3,1,1,5,4,5,7,4,4,5,5,5,2,16,1,25,2,6,1,1,7,9,1,8,1,4,,6,6,1,22,9,121.5926223,25.06635734
111,11,13,12,55,2,12內湖區,內湖區民權東路6段180巷70弄與民權東路6段180巷口,0,0,2,2,B03,8,1,5,30,3,1,1,5,4,5,7,4,4,5,5,5,2,16,1,34,2,9,1,1,7,9,1,8,1,1,,13,6,1,22,9,121.5926223,25.06635734
111,11,13,12,56,2,04大安區,大安區市民大道4段與復興南路1段107巷5弄口,0,0,1,1,B03,8,1,5,40,14,9,1,5,4,5,7,4,4,1,4,5,2,13,1,25,3,10,1,1,7,9,1,8,1,1,,23,23,1,21,8,121.5443751,25.04478866
111,11,13,12,56,2,04大安區,大安區市民大道4段與復興南路1段107巷5弄口,0,0,1,2,C03,8,1,5,40,14,9,1,5,4,5,7,4,4,1,4,5,2,13,1,26,2,9,1,1,7,9,1,10,1,13,,44,23,1,21,8,121.5443751,25.04478866
111,11,13,13,47,2,07信義區,信義區基隆路1段141號,0,0,1,1,C03,8,1,5,50,14,9,1,5,4,5,7,1,1,3,4,5,2,13,2,31,2,9,3,4,7,9,1,10,1,11,,16,16,1,22,9,121.5658325,25.0431989
111,11,13,13,47,2,07信義區,信義區基隆路1段141號,0,0,1,2,C03,8,1,5,50,14,9,1,5,4,5,7,1,1,3,4,5,2,13,2,32,3,10,3,4,7,14,1,10,1,13,,42,16,1,22,9,121.5658325,25.0431989
111,11,13,14,5,2,03中山區,中山區北安路55號,0,0,2,1,B03,8,1,5,50,14,9,1,5,4,5,7,3,1,1,3,5,1,16,1,57,3,10,1,1,7,5,1,8,1,2,,8,8,1,22,9,121.5289975,25.0778912
111,11,13,14,5,2,03中山區,中山區北安路55號,0,0,2,2,C03,8,1,5,50,14,9,1,5,4,5,7,3,1,1,3,5,1,16,1,25,2,9,1,1,7,9,1,10,1,11,,44,8,1,22,9,121.5289975,25.0778912
111,11,13,14,5,2,03中山區,中山區北安路55號,0,0,2,3,H02,8,1,5,50,14,9,1,5,4,5,7,3,1,1,3,5,1,16,2,30,2,9,1,5,7,20,8,20,10,16,,67,8,1,22,9,121.5289975,25.0778912
111,11,13,14,14,2,09北投區,北投區大度路3段150號燈桿附近,0,0,2,1,C03,8,1,5,50,14,12,1,5,4,5,7,4,4,1,4,4,2,17,2,21,2,9,1,1,7,8,1,10,1,12,,7,30,1,22,9,121.4813634,25.12216055
111,11,13,14,14,2,09北投區,北投區大度路3段150號燈桿附近,0,0,2,2,C03,8,1,5,50,14,12,1,5,4,5,7,4,4,1,4,4,2,17,1,26,2,8,1,1,7,9,1,10,1,14,,13,30,1,22,9,121.4813634,25.12216055
111,11,13,14,25,2,08士林區,士林區中正路與文昌路口,0,0,1,1,C03,8,1,5,50,4,1,1,5,4,5,7,2,1,1,4,5,2,17,1,75,3,10,1,1,7,9,1,10,2,12,,25,25,1,22,9,121.5219023,25.0943517
111,11,13,14,25,2,08士林區,士林區中正路與文昌路口,0,0,1,2,C03,8,1,5,50,4,1,1,5,4,5,7,2,1,1,4,5,2,17,2,59,2,9,1,1,7,9,1,10,2,11,,44,25,1,22,9,121.5219023,25.0943517
111,11,13,14,32,2,11南港區,南港區三重路與三重路41巷口,0,0,2,1,C03,8,1,5,50,3,2,1,5,4,5,7,4,4,5,4,5,2,16,1,17,3,10,1,1,7,6,2,18,2,12,,9,9,1,22,9,121.6142078,25.05995143
111,11,13,14,32,2,11南港區,南港區三重路與三重路41巷口,0,0,2,2,C03,8,1,5,50,3,2,1,5,4,5,7,4,4,5,4,5,2,16,1,75,2,9,1,1,7,9,1,10,2,14,,44,9,1,22,9,121.6142078,25.05995143
111,11,13,14,32,2,11南港區,南港區三重路與三重路41巷口,0,0,2,3,H02,8,1,5,50,3,2,1,5,4,5,7,4,4,5,4,5,2,16,2,63,2,9,4,5,7,20,8,20,10,16,,67,9,1,22,9,121.6142078,25.05995143
111,11,13,14,50,2,10文山區,文山區文和橋與新光路2段口,0,0,1,1,B03,8,1,5,50,3,1,1,5,4,5,7,3,1,4,5,5,1,16,1,39,3,10,1,1,7,6,1,8,1,5,,9,9,1,22,9,121.5963434,25.0014017
111,11,13,14,50,2,10文山區,文山區文和橋與新光路2段口,0,0,1,2,C03,8,1,5,50,3,1,1,5,4,5,7,3,1,4,5,5,1,16,1,25,2,9,1,1,7,9,1,10,1,14,,44,9,1,22,9,121.5963434,25.0014017
111,11,13,14,50,2,10文山區,文山區文和橋與新光路2段口,0,0,1,3,E01,8,1,5,50,3,1,1,5,4,5,7,3,1,4,5,5,1,16,1,41,3,10,1,1,7,9,1,8,1,1,,23,9,1,22,9,121.5963434,25.0014017
111,11,13,14,53,2,11南港區,南港區興中路12巷與興中路口,0,0,3,1,C03,8,1,5,50,3,1,1,5,4,5,7,4,4,5,5,5,2,16,1,29,2,9,1,1,7,5,1,10,2,14,,43,43,1,22,9,121.6073517,25.05505585
111,11,13,14,53,2,11南港區,南港區興中路12巷與興中路口,0,0,3,2,C03,8,1,5,50,3,1,1,5,4,5,7,4,4,5,5,5,2,16,1,27,2,9,1,1,7,21,1,10,2,11,,14,43,1,22,9,121.6073517,25.05505585
111,11,13,14,53,2,11南港區,南港區興中路12巷與興中路口,0,0,3,3,B01,8,1,5,50,3,1,1,5,4,5,7,4,4,5,5,5,2,16,1,58,3,10,3,4,7,13,1,4,1,1,,27,43,1,22,9,121.6073517,25.05505585
111,11,13,14,53,2,11南港區,南港區興中路12巷與興中路口,0,0,3,4,H02,8,1,5,50,3,1,1,5,4,5,7,4,4,5,5,5,2,16,1,30,2,9,3,4,7,21,8,20,10,16,,67,43,1,22,9,121.6073517,25.05505585
111,11,13,14,53,2,11南港區,南港區興中路12巷與興中路口,0,0,3,5,H02,8,1,5,50,3,1,1,5,4,5,7,4,4,5,5,5,2,16,2,26,4,11,3,4,7,21,8,20,10,16,,67,43,1,22,9,121.6073517,25.05505585
111,11,13,15,0,2,05中正區,中正區漢口街1段與懷寧街口,0,0,1,1,B03,8,1,5,50,4,1,1,5,4,5,7,3,1,10,4,5,1,16,1,34,3,10,1,1,7,9,1,8,2,2,,6,6,1,22,9,121.5141447,25.0451474
111,11,13,15,0,2,05中正區,中正區漢口街1段與懷寧街口,0,0,1,2,C03,8,1,5,50,4,1,1,5,4,5,7,3,1,10,4,5,1,16,1,21,2,9,1,1,7,9,1,10,2,11,,44,6,1,22,9,121.5141447,25.0451474
111,11,13,15,25,2,11南港區,南港區忠孝東路7段487巷與忠孝東路7段口,0,0,1,1,B03,8,1,5,40,3,1,1,5,4,5,7,4,4,1,4,4,2,16,1,51,3,10,3,4,7,6,1,8,1,6,,9,9,1,22,9,121.6116028,25.0527116
111,11,13,15,25,2,11南港區,南港區忠孝東路7段487巷與忠孝東路7段口,0,0,1,2,C03,8,1,5,40,3,1,1,5,4,5,7,4,4,1,4,4,2,16,1,21,2,9,3,4,7,9,1,10,1,11,,44,9,1,22,9,121.6116028,25.0527116
111,11,13,15,29,2,08士林區,士林區環河北路3段堤外自行車道 延平河濱NO.020,0,0,2,1,F01,8,1,5,30,15,9,1,5,4,5,7,4,4,10,5,5,1,17,1,61,2,7,1,1,7,9,8,20,2,16,,5,5,1,22,9,121.5073418,25.08021981
111,11,13,15,29,2,08士林區,士林區環河北路3段堤外自行車道 延平河濱NO.020,0,0,2,2,F01,8,1,5,30,15,9,1,5,4,5,7,4,4,10,5,5,1,17,1,48,2,9,1,1,7,9,8,20,2,16,,44,5,1,22,9,121.5073418,25.08021981
111,11,13,15,40,2,02萬華區,萬華區和平西路3段捷運龍山寺站公車站牌前,0,0,1,1,A02,8,1,5,40,14,8,2,5,4,5,7,4,4,1,3,1,1,9,1,43,3,10,3,4,7,14,1,2,1,15,,40,40,1,22,9,121.5001392,25.03536199
111,11,13,15,40,2,02萬華區,萬華區和平西路3段捷運龍山寺站公車站牌前,0,0,1,2,H02,8,1,5,40,14,8,2,5,4,5,7,4,4,1,3,1,1,9,2,80,2,7,4,4,7,19,8,20,10,15,,56,40,1,22,9,121.5001392,25.03536199
111,11,13,15,46,2,02萬華區,萬華區西寧南路與成都路口,0,0,2,1,C03,8,1,5,50,4,2,1,5,4,5,7,2,1,10,4,5,1,17,1,23,2,8,3,4,7,6,1,10,1,12,,9,9,1,22,9,121.5059486,25.04283383
111,11,13,15,46,2,02萬華區,萬華區西寧南路與成都路口,0,0,2,2,C03,8,1,5,50,4,2,1,5,4,5,7,2,1,10,4,5,1,17,1,58,2,7,3,4,7,9,1,10,1,14,,23,9,1,22,9,121.5059486,25.04283383
111,11,13,15,49,2,03中山區,中山區濱江街與濱江街180巷口,0,0,1,1,B01,8,1,5,50,3,1,1,5,4,5,7,2,1,1,3,4,2,16,1,27,3,10,3,4,7,5,1,4,1,5,,23,23,1,22,9,121.5382603,25.0726353
111,11,13,15,49,2,03中山區,中山區濱江街與濱江街180巷口,0,0,1,2,F01,8,1,5,50,3,1,1,5,4,5,7,2,1,1,3,4,2,16,1,71,2,9,1,1,7,11,8,20,1,16,,11,23,1,22,9,121.5382603,25.0726353
111,11,13,16,39,2,05中正區,中正區新生南路1段與仁愛路1段口,0,0,1,1,B03,8,1,5,50,4,2,1,5,4,5,7,1,1,1,4,1,2,16,1,55,3,10,1,1,7,6,1,8,2,2,,9,9,1,22,9,121.5326493,25.03829593
111,11,13,16,39,2,05中正區,中正區新生南路1段與仁愛路1段口,0,0,1,2,C03,8,1,5,50,4,2,1,5,4,5,7,1,1,1,4,1,2,16,1,27,2,9,1,1,7,9,1,10,2,11,,13,9,1,22,9,121.5326493,25.03829593
111,11,13,17,36,2,12內湖區,內湖區環東大道東向西no.637燈桿,0,0,1,1,B03,8,3,5,70,10,9,1,5,4,5,7,4,4,9,4,5,1,13,2,26,2,3,1,1,7,9,1,8,1,1,,16,16,1,22,9,121.5746158,25.05357384
111,11,13,17,36,2,12內湖區,內湖區環東大道東向西no.637燈桿,0,0,1,2,B03,8,3,5,70,10,9,1,5,4,5,7,4,4,9,4,5,1,13,1,31,3,10,1,1,7,14,1,8,1,3,,44,16,1,22,9,121.5746158,25.05357384
111,11,13,17,40,2,09北投區,北投區承德路6段117號停車格,0,0,1,1,C03,8,3,5,50,14,9,1,5,4,5,7,4,4,1,4,4,2,18,1,65,2,9,1,1,7,9,1,10,1,14,,43,43,1,22,9,121.5117017,25.10853397
111,11,13,17,40,2,09北投區,北投區承德路6段117號停車格,0,0,1,2,,8,3,5,50,14,9,1,5,4,5,7,4,4,1,4,4,2,18,3,,,,,,,,,,,,,67,43,1,,,121.5117017,25.10853397
111,11,13,17,42,2,05中正區,中正區南海路與泉州街口,0,0,1,1,B03,8,3,5,50,3,2,1,5,4,5,7,3,1,10,4,4,2,16,1,26,3,10,1,1,7,15,1,8,1,5,,23,44,1,22,9,121.5138815,25.03179707
111,11,13,17,42,2,05中正區,中正區南海路與泉州街口,0,0,1,2,C03,8,3,5,50,3,2,1,5,4,5,7,3,1,10,4,4,2,16,2,53,2,9,1,1,7,7,1,10,1,13,,7,44,1,22,9,121.5138815,25.03179707
111,11,13,17,43,2,11南港區,南港區忠孝東路6段323號,0,0,2,1,C03,8,3,5,40,14,8,1,5,4,5,7,4,4,1,5,4,2,13,1,18,2,9,1,1,7,9,1,10,1,11,,16,16,1,22,9,121.5922059,25.05008412
111,11,13,17,43,2,11南港區,南港區忠孝東路6段323號,0,0,2,2,C03,8,3,5,40,14,8,1,5,4,5,7,4,4,1,5,4,2,13,1,23,3,10,1,1,7,9,1,10,1,13,,44,16,1,22,9,121.5922059,25.05008412
111,11,13,17,43,2,11南港區,南港區忠孝東路6段323號,0,0,2,3,H02,8,3,5,40,14,8,1,5,4,5,7,4,4,1,5,4,2,13,1,19,2,9,4,5,7,20,8,20,10,16,,67,16,1,22,9,121.5922059,25.05008412
111,11,13,18,5,2,08士林區,士林區芝玉路2段20巷與德行東路265巷口,0,0,2,1,C03,8,3,5,30,4,1,1,5,4,5,7,4,4,10,5,5,2,17,1,20,2,9,1,1,7,9,1,10,1,11,,6,6,1,22,9,121.5348978,25.11104907
111,11,13,18,5,2,08士林區,士林區芝玉路2段20巷與德行東路265巷口,0,0,2,2,C03,8,3,5,30,4,1,1,5,4,5,7,4,4,10,5,5,2,17,1,30,2,9,1,1,7,9,1,10,1,13,,14,6,1,22,9,121.5348978,25.11104907
111,11,13,18,19,2,04大安區,大安區瑞安街23巷與瑞安街23巷24弄口,0,0,1,1,C03,8,3,5,30,5,1,1,5,4,5,7,4,4,9,5,5,2,17,1,64,2,8,1,4,7,5,1,9,1,12,,6,6,1,22,9,121.5450759,25.0310567
111,11,13,18,19,2,04大安區,大安區瑞安街23巷與瑞安街23巷24弄口,0,0,1,2,B02,8,3,5,30,5,1,1,5,4,5,7,4,4,9,5,5,2,17,2,56,3,10,1,4,7,9,1,8,1,8,,44,6,1,22,9,121.5450759,25.0310567
111,11,13,18,33,2,05中正區,中正區中華路1段與忠孝西路1段口,0,0,1,1,B03,8,3,5,50,14,9,1,5,4,5,7,1,1,1,4,1,2,16,1,45,3,10,1,1,7,9,1,8,2,5,,44,43,1,22,9,121.5103359,25.04794844
111,11,13,18,33,2,05中正區,中正區中華路1段與忠孝西路1段口,0,0,1,2,C03,8,3,5,50,14,9,1,5,4,5,7,1,1,1,4,1,2,16,2,60,2,9,1,1,7,5,1,10,2,14,,8,43,1,22,9,121.5103359,25.04794844
111,11,13,18,50,2,09北投區,北投區知行路與知行路292巷口,0,0,1,1,B03,8,3,6,50,4,1,1,5,4,5,7,4,4,5,4,5,2,3,1,34,3,10,3,4,7,9,1,8,2,1,,23,23,1,22,9,121.4674189,25.12190882
111,11,13,18,50,2,09北投區,北投區知行路與知行路292巷口,0,0,1,2,H01,8,3,6,50,4,1,1,5,4,5,7,4,4,5,4,5,2,3,1,75,2,9,4,5,8,16,8,20,10,16,,51,23,1,22,9,121.4674189,25.12190882
111,11,13,18,52,2,09北投區,北投區大業路452巷與北投路2段口,0,0,1,1,B02,8,3,5,50,3,2,1,5,4,5,7,4,4,5,4,5,1,3,1,52,3,10,1,1,7,9,1,4,1,1,,15,23,1,22,9,121.4975046,25.1320641
111,11,13,18,52,2,09北投區,北投區大業路452巷與北投路2段口,0,0,1,2,H01,8,3,5,50,3,2,1,5,4,5,7,4,4,5,4,5,1,3,2,51,2,9,4,5,8,18,8,20,1,16,,67,23,1,22,9,121.4975046,25.1320641
111,11,13,19,2,2,02萬華區,萬華區西園路2段和平青草原前,0,0,3,1,C03,7,3,5,50,14,9,1,5,4,5,7,4,4,1,3,5,1,16,1,64,2,7,3,4,7,10,1,10,2,14,,7,7,1,22,9,121.4973976,25.03225785
111,11,13,19,2,2,02萬華區,萬華區西園路2段和平青草原前,0,0,3,2,C03,7,3,5,50,14,9,1,5,4,5,7,4,4,1,3,5,1,16,1,63,2,9,3,4,7,9,1,10,2,13,,44,7,1,22,9,121.4973976,25.03225785
111,11,13,19,2,2,02萬華區,萬華區西園路2段和平青草原前,0,0,3,3,A02,7,3,5,50,14,9,1,5,4,5,7,4,4,1,3,5,1,16,1,60,3,10,3,4,7,9,1,2,2,6,,44,7,1,22,9,121.4973976,25.03225785
111,11,13,19,2,2,02萬華區,萬華區西園路2段和平青草原前,0,0,3,4,H02,7,3,5,50,14,9,1,5,4,5,7,4,4,1,3,5,1,16,2,63,2,9,3,5,7,21,8,20,10,16,,67,7,1,22,9,121.4973976,25.03225785
111,11,13,19,30,2,03中山區,中山區林森北路與林森北路259巷口,0,0,1,1,B01,8,1,5,50,4,2,1,5,4,5,7,2,1,5,4,5,2,17,1,32,3,10,3,4,7,1,1,2,1,15,,19,19,1,22,9,121.5254788,25.0544956
111,11,13,19,30,2,03中山區,中山區林森北路與林森北路259巷口,0,0,1,2,C03,8,1,5,50,4,2,1,5,4,5,7,2,1,5,4,5,2,17,2,39,2,9,1,4,7,9,1,10,1,15,,44,19,1,22,9,121.5254788,25.0544956
111,11,13,19,54,2,05中正區,中正區濟南路2段與泰安街口,0,0,1,1,B03,8,1,5,50,14,9,1,5,4,5,7,4,4,10,4,5,2,16,1,39,3,10,1,1,7,8,1,8,2,2,,7,7,1,22,9,121.5282868,25.04106945
111,11,13,19,54,2,05中正區,中正區濟南路2段與泰安街口,0,0,1,2,C04,8,1,5,50,14,9,1,5,4,5,7,4,4,10,4,5,2,16,2,26,2,9,1,1,7,9,1,11,2,11,,44,7,1,22,9,121.5282868,25.04106945
111,11,13,20,12,2,12內湖區,內湖區康樂街30號前,0,0,1,1,C03,7,3,5,50,14,9,1,5,4,5,7,4,4,5,5,5,2,17,1,44,3,10,1,1,7,5,1,9,2,15,,26,26,1,22,9,121.6183994,25.06871353
111,11,13,20,12,2,12內湖區,內湖區康樂街30號前,0,0,1,2,C03,7,3,5,50,14,9,1,5,4,5,7,4,4,5,5,5,2,17,1,41,2,9,1,1,7,9,1,10,2,12,,42,26,1,22,9,121.6183994,25.06871353
111,11,13,20,15,2,09北投區,北投區公館路與北投路1段口,0,0,1,1,C03,8,3,5,50,4,1,1,5,4,5,7,2,1,5,4,5,2,16,2,54,2,9,3,4,7,5,1,10,2,12,,8,8,1,22,9,121.5026416,25.12133851
111,11,13,20,15,2,09北投區,北投區公館路與北投路1段口,0,0,1,2,B02,8,3,5,50,4,1,1,5,4,5,7,2,1,5,4,5,2,16,1,51,3,10,3,4,7,9,1,8,2,1,,44,8,1,22,9,121.5026416,25.12133851
111,11,13,20,20,2,03中山區,中山區民族東路與松江路口,0,0,2,1,C03,7,3,5,50,5,1,1,5,4,5,7,2,1,1,1,1,1,15,1,61,2,8,3,4,7,9,1,10,1,11,,25,25,1,22,9,121.5334573,25.06752227
111,11,13,20,20,2,03中山區,中山區民族東路與松江路口,0,0,2,2,C03,7,3,5,50,5,1,1,5,4,5,7,2,1,1,1,1,1,15,1,20,2,8,3,4,7,9,1,10,1,12,,13,25,1,22,9,121.5334573,25.06752227
111,11,13,21,38,2,01大同區,大同區鄭州路與西寧北路口,0,0,2,1,C03,7,3,5,40,4,2,1,5,4,5,7,1,1,1,4,5,2,13,1,37,2,9,1,1,7,9,1,10,2,11,,16,16,1,22,9,121.5082021,25.0506052
111,11,13,21,38,2,01大同區,大同區鄭州路與西寧北路口,0,0,2,2,C03,7,3,5,40,4,2,1,5,4,5,7,1,1,1,4,5,2,13,2,32,2,9,1,1,7,9,1,10,2,11,,16,16,1,22,9,121.5082021,25.0506052
111,11,13,21,38,2,01大同區,大同區鄭州路與西寧北路口,0,0,2,3,B03,7,3,5,40,4,2,1,5,4,5,7,1,1,1,4,5,2,13,1,61,3,10,1,1,7,12,1,8,2,3,,44,16,1,22,9,121.5082021,25.0506052
111,11,13,21,53,2,09北投區,北投區立農街1段與西安街2段275巷口,0,0,1,1,C03,8,3,5,30,4,1,1,5,4,5,7,4,4,10,5,5,2,16,1,26,2,8,1,1,7,9,1,10,1,14,,6,6,1,22,9,121.5067665,25.11950913
111,11,13,21,53,2,09北投區,北投區立農街1段與西安街2段275巷口,0,0,1,2,B03,8,3,5,30,4,1,1,5,4,5,7,4,4,10,5,5,2,16,1,32,3,10,1,1,7,9,1,8,1,1,,23,6,1,22,9,121.5067665,25.11950913
111,11,13,21,55,2,04大安區,大安區師大路59巷與師大路口,0,0,1,1,B01,8,3,5,30,14,9,1,5,4,5,7,4,4,10,5,5,1,9,1,37,3,10,1,1,7,9,1,4,1,2,,23,23,1,10,4,121.5287018,25.02392348
111,11,13,21,55,2,04大安區,大安區師大路59巷與師大路口,0,0,1,2,H01,8,3,5,30,14,9,1,5,4,5,7,4,4,10,5,5,1,9,1,25,2,7,4,1,8,16,8,20,1,16,,67,23,1,21,5,121.5287018,25.02392348
111,11,13,21,55,2,10文山區,文山區景興路與景華街口,0,0,2,1,C03,8,3,5,50,4,1,1,5,4,5,7,2,1,1,4,5,2,16,2,16,2,9,1,1,7,5,2,18,1,12,,6,6,1,22,9,121.5447411,24.9951601
111,11,13,21,55,2,10文山區,文山區景興路與景華街口,0,0,2,2,C03,8,3,5,50,4,1,1,5,4,5,7,2,1,1,4,5,2,16,1,30,2,7,1,1,7,9,1,10,1,11,,44,6,1,22,9,121.5447411,24.9951601
111,11,13,22,34,2,03中山區,中山區復興北路166號,0,0,1,1,C03,8,3,5,50,14,9,1,5,4,5,7,4,4,1,3,5,1,13,2,36,2,9,1,4,7,9,1,10,2,11,,23,23,1,22,9,121.544019,25.05363262
111,11,13,22,34,2,03中山區,中山區復興北路166號,0,0,1,2,B01,8,3,5,50,14,9,1,5,4,5,7,4,4,1,3,5,1,13,1,41,3,10,3,4,7,14,1,8,2,6,,44,23,1,22,9,121.544019,25.05363262
111,11,13,23,9,2,07信義區,信義區信義路5段150巷342弄8號,0,0,1,1,C03,8,3,5,30,13,9,1,5,4,5,7,4,4,10,5,5,1,16,1,35,3,10,3,4,7,5,1,10,1,11,,6,6,1,22,9,121.5708502,25.02641084
111,11,13,23,9,2,07信義區,信義區信義路5段150巷342弄8號,0,0,1,2,C03,8,3,5,30,13,9,1,5,4,5,7,4,4,10,5,5,1,16,2,24,2,7,3,4,7,9,1,10,1,11,,44,6,1,22,9,121.5708502,25.02641084
111,11,13,23,41,2,04大安區,大安區市民大道4段28號,0,0,1,1,B03,8,3,5,40,14,6,1,5,4,5,7,4,4,1,4,5,2,17,2,22,3,10,1,4,7,1,1,8,1,3,,19,19,1,22,9,121.5450465,25.0447182
111,11,13,23,41,2,04大安區,大安區市民大道4段28號,0,0,1,2,C03,8,3,5,40,14,6,1,5,4,5,7,4,4,1,4,5,2,17,1,22,2,8,1,4,7,9,1,10,1,11,,23,19,1,22,9,121.5450465,25.0447182
111,11,14,0,54,2,10文山區,文山區辛亥路4段162號,0,0,1,1,B01,8,3,5,50,3,2,1,5,4,5,7,1,1,1,4,5,2,17,1,49,3,10,1,1,7,11,1,4,1,7,7,10,10,1,22,9,121.5563941,25.00377935
111,11,14,0,54,2,10文山區,文山區辛亥路4段162號,0,0,1,2,C03,8,3,5,50,3,2,1,5,4,5,7,1,1,1,4,5,2,17,1,35,2,8,1,1,7,9,1,10,1,11,12,16,10,1,22,9,121.5563941,25.00377935
111,11,14,4,27,1,05中正區,中正區忠孝西路1段車行地下道,1,0,1,1,B03,8,3,5,50,7,9,1,5,4,5,7,4,4,4,5,4,1,13,1,22,3,10,3,1,7,9,3,18,8,5,,21,21,1,22,9,121.5210336,25.045385
111,11,14,4,27,1,05中正區,中正區忠孝西路1段車行地下道,1,0,1,2,B03,8,3,5,50,7,9,1,5,4,5,7,4,4,4,5,4,1,13,1,24,1,1,3,1,7,9,1,8,11,7,,44,21,1,22,9,121.5210336,25.045385
111,11,14,4,27,1,05中正區,中正區忠孝西路1段車行地下道,1,0,1,3,H02,8,3,5,50,7,9,1,5,4,5,7,4,4,4,5,4,1,13,1,14,3,10,1,5,7,20,8,20,2,16,,67,21,1,22,9,121.5210336,25.045385
111,11,14,4,27,1,05中正區,中正區忠孝西路1段車行地下道,1,0,1,4,H02,8,3,5,50,7,9,1,5,4,5,7,4,4,4,5,4,1,13,2,22,2,1,4,5,7,20,8,20,10,16,,67,21,1,22,9,121.5210336,25.045385
111,11,14,5,45,2,11南港區,南港區南港路2段與興南街口,0,0,1,1,A41,8,3,5,50,3,1,1,5,4,5,7,2,1,5,4,4,2,16,1,40,3,10,1,1,7,5,1,1,2,6,,29,29,1,21,8,121.5974966,25.0540995
111,11,14,5,45,2,11南港區,南港區南港路2段與興南街口,0,0,1,2,C03,8,3,5,50,3,1,1,5,4,5,7,2,1,5,4,4,2,16,2,20,2,8,1,1,7,9,1,10,11,12,,44,29,1,21,8,121.5974966,25.0540995
111,11,14,6,30,2,05中正區,中正區新生南路1段與濟南路2段口口,0,0,1,1,B03,8,1,5,50,4,1,1,5,4,5,7,2,1,9,4,1,1,16,1,39,3,10,1,1,7,5,1,8,2,6,,25,25,1,21,5,121.5326738,25.0401919
111,11,14,6,30,2,05中正區,中正區新生南路1段與濟南路2段口口,0,0,1,2,C03,8,1,5,50,4,1,1,5,4,5,7,2,1,9,4,1,1,16,2,36,2,9,1,1,7,9,1,10,2,11,,44,25,1,21,1,121.5326738,25.0401919
111,11,14,6,50,2,05中正區,中正區羅斯福路3段與羅斯福路3段284巷口口,0,0,1,1,C03,8,1,5,50,14,9,1,5,4,5,7,1,1,1,4,5,2,15,1,27,2,8,1,1,7,9,1,10,2,12,,42,42,1,22,9,121.5323165,25.0165494
111,11,14,6,50,2,05中正區,中正區羅斯福路3段與羅斯福路3段284巷口口,0,0,1,2,B03,8,1,5,50,14,9,1,5,4,5,7,1,1,1,4,5,2,15,1,45,3,10,1,1,7,9,1,8,2,1,,42,42,1,22,9,121.5323165,25.0165494
111,11,14,6,54,2,04大安區,大安區基隆路2段與通化街171巷口,0,0,2,1,C03,8,1,5,50,4,1,1,5,4,5,7,2,1,1,4,5,2,15,1,78,2,9,1,1,7,9,1,10,2,15,,25,25,1,22,9,121.556018,25.0275035
111,11,14,6,54,2,04大安區,大安區基隆路2段與通化街171巷口,0,0,2,2,C03,8,1,5,50,4,1,1,5,4,5,7,2,1,1,4,5,2,15,2,62,2,9,1,1,7,9,1,10,2,11,,44,25,1,22,9,121.556018,25.0275035
111,11,14,7,44,2,01大同區,大同區承德路2段與錦西街口,0,0,1,1,H01,8,1,5,0,14,20,1,5,4,5,7,4,4,8,5,5,1,3,2,59,4,11,4,5,8,16,8,20,11,16,,53,53,2,22,9,121.5183794,25.06025841
111,11,14,7,44,2,01大同區,大同區承德路2段與錦西街口,0,0,1,2,F01,8,1,5,0,14,20,1,5,4,5,7,4,4,8,5,5,1,3,1,28,2,8,1,1,7,15,8,20,11,16,,44,53,1,22,9,121.5183794,25.06025841