發生年度,發生月,發生日,發生時-Hours,發生分,處理別-編號,區序,肇事地點,死亡人數,2-30日死亡人數,受傷人數,當事人序號,車種,天候,光線,道路類別,速限-速度限制,道路型態,事故位置,路面狀況1,路面狀況2,路面狀況3,道路障礙1,道路障礙2,號誌1,號誌2,車道劃分-分向,車道劃分-分道1,車道劃分-分道2,車道劃分-分道3,事故類型及型態,性別,年齡,受傷程度,主要傷處,安全帽,行動電話,車輛用途,當事者行動狀態,駕駛資格情形,駕駛執照種類,飲酒情形,車輛撞擊部位1,車輛撞擊部位2,肇因碼-個別,肇因碼-主要,個人肇逃否,職業,旅次目的,座標-X,座標-Y
111,11,14,7,56,2,03中山區,中山區建國北路1段與建國北路1段23巷口,0,0,1,1,C03,8,1,5,50,3,2,1,5,4,5,7,4,4,1,4,5,2,16,1,35,2,9,3,4,7,6,1,10,1,12,,9,9,1,22,9,121.5369521,25.04728064
111,11,14,7,56,2,03中山區,中山區建國北路1段與建國北路1段23巷口,0,0,1,2,C03,8,1,5,50,3,2,1,5,4,5,7,4,4,1,4,5,2,16,1,18,3,10,3,4,7,9,1,10,1,14,,14,9,1,22,9,121.5369521,25.04728064
111,11,14,7,56,2,05中正區,中正區重慶南路3段與重慶南路3段3巷口口,0,0,1,1,C03,8,1,5,50,14,9,1,5,4,5,7,4,4,1,4,5,2,12,2,22,2,8,1,1,7,7,1,10,2,14,,7,7,1,22,9,121.5154907,25.02937199
111,11,14,7,56,2,05中正區,中正區重慶南路3段與重慶南路3段3巷口口,0,0,1,2,B03,8,1,5,50,14,9,1,5,4,5,7,4,4,1,4,5,2,12,1,56,3,10,1,1,7,9,1,8,2,2,,44,7,1,22,9,121.5154907,25.02937199
111,11,14,7,56,2,05中正區,中正區重慶南路3段與重慶南路3段3巷口口,0,0,1,3,H02,8,1,5,50,14,9,1,5,4,5,7,4,4,1,4,5,2,12,2,20,4,11,1,5,7,21,8,20,10,16,,67,7,1,22,9,121.5154907,25.02937199
111,11,14,8,0,2,10文山區,文山區羅斯福路5段218巷9弄與羅斯福路5段236巷口,0,0,2,1,B02,8,1,5,30,4,1,1,5,4,3,5,4,4,10,5,5,2,15,1,55,3,10,1,4,7,9,1,8,1,8,,6,6,1,22,9,121.5383989,25.0015312
111,11,14,8,0,2,10文山區,文山區羅斯福路5段218巷9弄與羅斯福路5段236巷口,0,0,2,2,C03,8,1,5,30,4,1,1,5,4,3,5,4,4,10,5,5,2,15,1,56,2,6,1,4,7,9,4,4,1,11,,44,6,1,22,9,121.5383989,25.0015312
111,11,14,8,0,2,10文山區,文山區羅斯福路5段218巷9弄與羅斯福路5段236巷口,0,0,2,3,H02,8,1,5,30,4,1,1,5,4,3,5,4,4,10,5,5,2,15,2,25,2,8,4,5,7,21,8,20,10,15,,67,6,1,22,9,121.5383989,25.0015312
111,11,14,8,0,2,10文山區,文山區羅斯福路5段218巷9弄與羅斯福路5段236巷口,0,0,2,4,B12,8,1,5,30,4,1,1,5,4,3,5,4,4,10,5,5,2,15,1,42,3,10,3,4,7,13,1,8,11,15,,44,6,1,22,9,121.5383989,25.0015312
111,11,14,8,6,2,10文山區,文山區萬芳路21號,0,0,1,1,B03,7,1,5,50,14,9,1,5,4,5,7,4,4,5,4,5,2,17,1,31,3,10,1,1,7,11,1,8,1,15,,43,43,1,22,9,121.5652762,24.9983849
111,11,14,8,6,2,10文山區,文山區萬芳路21號,0,0,1,2,C03,7,1,5,50,14,9,1,5,4,5,7,4,4,5,4,5,2,17,1,23,2,5,1,1,7,9,1,10,1,11,,43,43,1,22,9,121.5652762,24.9983849
111,11,14,8,19,2,09北投區,北投區東華街2段與致遠二路口捷運橋下,0,0,1,1,B03,8,1,5,50,4,2,1,5,4,5,7,1,1,9,4,5,1,12,1,57,3,10,1,1,7,5,1,8,1,4,,8,8,1,22,9,121.5135201,25.11771047
111,11,14,8,19,2,09北投區,北投區東華街2段與致遠二路口捷運橋下,0,0,1,2,C03,8,1,5,50,4,2,1,5,4,5,7,1,1,9,4,5,1,12,1,33,2,8,1,1,7,9,1,10,1,12,,44,8,1,22,9,121.5135201,25.11771047
111,11,14,8,53,2,09北投區,北投區承德路7段與承德路7段342巷口南往北方向,0,0,1,1,B03,8,1,5,60,3,2,1,5,4,5,7,4,4,9,4,5,1,13,1,34,3,10,1,1,7,9,1,8,2,8,,16,16,1,22,9,121.5041901,25.11714707
111,11,14,8,53,2,09北投區,北投區承德路7段與承德路7段342巷口南往北方向,0,0,1,2,C03,8,1,5,60,3,2,1,5,4,5,7,4,4,9,4,5,1,13,2,25,2,8,1,1,7,9,1,10,2,13,,44,16,1,22,9,121.5041901,25.11714707
111,11,14,8,53,2,11南港區,南港區興中路與市民大道8段口,0,0,1,1,B01,8,1,5,50,4,1,1,5,4,5,7,2,1,1,4,5,2,16,1,45,3,10,3,4,7,5,1,4,2,4,,8,8,1,22,9,121.6077191,25.0534209
111,11,14,8,53,2,11南港區,南港區興中路與市民大道8段口,0,0,1,2,C03,8,1,5,50,4,1,1,5,4,5,7,2,1,1,4,5,2,16,1,29,2,9,1,1,7,9,1,10,2,12,,44,8,1,22,9,121.6077191,25.0534209
111,11,14,8,56,2,07信義區,信義區仁愛路4段與逸仙路口口,0,0,1,1,B01,8,1,5,50,5,1,1,5,4,5,7,2,1,10,4,5,1,3,1,64,3,10,3,4,7,6,1,4,2,5,,15,15,1,22,9,121.5612685,25.0376838
111,11,14,8,56,2,07信義區,信義區仁愛路4段與逸仙路口口,0,0,1,2,H01,8,1,5,50,5,1,1,5,4,5,7,2,1,10,4,5,1,3,2,51,2,9,4,5,8,16,8,20,10,16,,67,15,1,22,9,121.5612685,25.0376838
111,11,14,9,7,2,03中山區,中山區建國北路2段與民權東路2段口,0,0,1,1,C03,8,1,5,50,4,1,1,5,4,5,7,1,1,1,4,5,2,16,2,56,2,9,3,4,7,9,1,10,1,11,,16,16,1,22,9,121.5367199,25.06229232
111,11,14,9,7,2,03中山區,中山區建國北路2段與民權東路2段口,0,0,1,2,C03,8,1,5,50,4,1,1,5,4,5,7,1,1,1,4,5,2,16,1,52,3,10,3,4,7,14,1,10,1,14,,44,16,1,22,9,121.5367199,25.06229232
111,11,14,9,9,2,08士林區,士林區美崙街7號,0,0,1,1,F01,8,1,5,50,14,9,1,5,4,5,7,4,4,9,5,5,2,17,2,66,2,5,1,1,7,9,8,20,1,16,,43,43,1,22,9,121.523634,25.09723863
111,11,14,9,9,2,08士林區,士林區美崙街7號,0,0,1,2,C03,8,1,5,50,14,9,1,5,4,5,7,4,4,9,5,5,2,17,2,61,3,10,3,4,7,13,3,18,1,13,,43,43,1,22,9,121.523634,25.09723863
111,11,14,9,10,2,05中正區,中正區市民大道2段與天津街口,0,0,1,1,C03,8,1,5,40,4,1,1,5,4,5,7,1,1,10,5,5,2,13,1,18,2,1,1,1,7,9,1,10,2,11,,13,13,1,22,9,121.5222732,25.0477932
111,11,14,9,10,2,05中正區,中正區市民大道2段與天津街口,0,0,1,2,B01,8,1,5,40,4,1,1,5,4,5,7,1,1,10,5,5,2,13,1,51,3,10,1,1,7,6,1,4,2,3,,44,13,1,22,9,121.5222732,25.0477932
111,11,14,9,10,2,05中正區,中正區館前路與開封街1段口,0,0,2,1,C03,8,1,5,50,3,1,1,5,4,5,7,4,4,10,4,5,2,12,1,59,2,9,1,1,7,5,1,10,2,14,,8,8,1,22,9,121.5149623,25.0459527
111,11,14,9,10,2,05中正區,中正區館前路與開封街1段口,0,0,2,2,C03,8,1,5,50,3,1,1,5,4,5,7,4,4,10,4,5,2,12,2,62,2,9,1,1,7,9,1,10,2,12,,44,8,1,22,9,121.5149623,25.0459527
111,11,14,9,13,2,02萬華區,萬華區萬大路423巷與萬大路423巷45弄口,0,0,1,1,B03,8,1,5,50,4,1,1,5,4,5,7,4,4,5,5,5,2,16,2,63,3,10,1,1,7,5,1,8,1,2,,8,8,1,22,9,121.500469,25.02139821
111,11,14,9,13,2,02萬華區,萬華區萬大路423巷與萬大路423巷45弄口,0,0,1,2,C03,8,1,5,50,4,1,1,5,4,5,7,4,4,5,5,5,2,16,1,33,2,9,1,1,7,9,1,10,1,11,,44,8,1,22,9,121.500469,25.02139821
111,11,14,9,14,2,06松山區,松山區麥帥一橋機車道往內湖,0,0,3,1,C03,8,1,5,40,14,11,1,5,4,5,7,4,4,10,4,5,2,13,2,24,2,9,1,1,7,9,1,10,1,11,,16,,1,22,9,121.5720427,25.05209038
111,11,14,9,14,2,06松山區,松山區麥帥一橋機車道往內湖,0,0,3,2,C03,8,1,5,40,14,11,1,5,4,5,7,4,4,10,4,5,2,13,1,31,2,9,1,1,7,9,1,10,1,13,,44,,1,22,9,121.5720427,25.05209038
111,11,14,9,14,2,06松山區,松山區麥帥一橋機車道往內湖,0,0,3,3,H02,8,1,5,40,14,11,1,5,4,5,7,4,4,10,4,5,2,13,2,19,2,9,1,1,7,20,8,20,10,16,,67,,1,22,9,121.5720427,25.05209038
111,11,14,9,15,2,03中山區,中山區長春路229號,0,0,1,1,F01,8,1,5,40,14,20,1,5,4,5,7,4,4,8,5,4,2,2,1,32,3,10,1,1,7,9,8,20,1,16,,17,17,1,22,9,121.5388727,25.05482058
111,11,14,9,15,2,03中山區,中山區長春路229號,0,0,1,2,H01,8,1,5,40,14,20,1,5,4,5,7,4,4,8,5,4,2,2,1,30,2,9,4,5,8,16,8,20,10,16,,60,17,1,22,9,121.5388727,25.05482058
111,11,14,9,18,2,09北投區,北投區光明路2巷29號,0,0,2,1,C03,8,1,5,50,14,9,1,5,4,5,7,4,4,9,5,5,2,17,1,65,2,8,1,1,7,5,1,10,1,14,,8,8,1,22,9,121.4999125,25.1308683
111,11,14,9,18,2,09北投區,北投區光明路2巷29號,0,0,2,2,C03,8,1,5,50,14,9,1,5,4,5,7,4,4,9,5,5,2,17,2,28,2,7,1,1,7,9,1,10,1,11,,44,8,1,22,9,121.4999125,25.1308683
111,11,14,9,28,2,09北投區,北投區光明路與溫泉路37巷口,0,0,1,1,C03,8,1,5,50,3,1,1,5,4,5,7,1,1,5,5,5,2,12,1,62,2,9,1,1,7,7,1,10,2,14,,7,7,1,22,9,121.5024131,25.1344418
111,11,14,9,28,2,09北投區,北投區光明路與溫泉路37巷口,0,0,1,2,B03,8,1,5,50,3,1,1,5,4,5,7,1,1,5,5,5,2,12,2,62,3,10,1,1,7,9,1,8,2,6,,44,7,1,22,9,121.5024131,25.1344418
111,11,14,9,40,2,12內湖區,內湖區堤頂大道2段405號,0,0,2,1,C03,8,1,5,50,3,1,1,5,4,5,7,4,4,5,5,5,2,12,2,33,2,8,1,1,7,5,1,10,1,14,,8,8,1,22,9,121.5634789,25.08069021
111,11,14,9,40,2,12內湖區,內湖區堤頂大道2段405號,0,0,2,2,C03,8,1,5,50,3,1,1,5,4,5,7,4,4,5,5,5,2,12,1,39,2,7,1,1,7,9,1,10,1,11,,23,8,1,22,9,121.5634789,25.08069021
111,11,14,9,58,2,11南港區,南港區忠孝東路7段與中南街口,0,0,1,1,C03,8,1,5,50,4,1,1,5,4,5,7,2,1,1,4,5,2,17,1,20,4,11,1,1,7,14,1,10,11,15,,43,43,1,22,9,121.6152296,25.05292155
111,11,14,9,58,2,11南港區,南港區忠孝東路7段與中南街口,0,0,1,2,C03,8,1,5,50,4,1,1,5,4,5,7,2,1,1,4,5,2,17,1,54,2,7,1,1,7,6,1,10,11,15,,16,43,1,22,9,121.6152296,25.05292155
111,11,14,10,15,2,08士林區,士林區百齡橋下橋處(往社子方向),0,0,2,1,C03,8,1,5,50,14,9,1,5,4,5,7,4,4,9,4,5,1,17,2,64,2,9,1,1,7,7,1,10,2,13,,7,7,1,22,9,121.5113889,25.08778413
111,11,14,10,15,2,08士林區,士林區百齡橋下橋處(往社子方向),0,0,2,2,C03,8,1,5,50,14,9,1,5,4,5,7,4,4,9,4,5,1,17,1,27,2,9,1,1,7,9,1,10,2,11,,16,7,1,22,9,121.5113889,25.08778413
111,11,14,10,27,2,07信義區,信義區逸仙路50巷與逸仙路口,0,0,1,1,B01,8,1,5,30,3,1,1,5,4,5,7,4,4,9,4,5,2,17,1,59,3,10,1,1,7,5,1,4,2,5,,8,8,1,22,9,121.5615589,25.0406107
111,11,14,10,27,2,07信義區,信義區逸仙路50巷與逸仙路口,0,0,1,2,B03,8,1,5,30,3,1,1,5,4,5,7,4,4,9,4,5,2,17,2,41,2,9,1,1,7,9,1,8,2,4,,44,8,1,22,9,121.5615589,25.0406107
111,11,14,10,45,2,04大安區,大安區和平東路3段66-2號,0,0,3,1,B03,8,1,5,50,14,9,1,5,4,5,7,4,4,1,4,5,2,17,1,57,2,6,1,1,7,7,1,8,1,7,,7,7,1,22,9,121.5494036,25.0244678
111,11,14,10,45,2,04大安區,大安區和平東路3段66-2號,0,0,3,2,A02,8,1,5,50,14,9,1,5,4,5,7,4,4,1,4,5,2,17,1,23,2,2,1,1,7,9,1,2,1,5,,16,7,1,22,9,121.5494036,25.0244678
111,11,14,10,45,2,04大安區,大安區和平東路3段66-2號,0,0,3,3,H02,8,1,5,50,14,9,1,5,4,5,7,4,4,1,4,5,2,17,2,62,2,9,4,5,7,20,8,20,10,16,,67,7,1,22,9,121.5494036,25.0244678
111,11,14,10,48,2,01大同區,大同區延平北路3段85-3號,0,0,1,2,C03,8,1,8,50,15,22,1,5,4,5,7,2,1,9,4,5,2,16,1,43,2,9,1,1,7,9,1,10,1,11,,44,10,1,22,9,121.5109835,25.06726259
111,11,14,10,48,2,01大同區,大同區延平北路3段85-3號,0,0,1,1,B12,8,1,8,50,15,22,1,5,4,5,7,2,1,9,4,5,2,16,1,55,3,10,1,1,7,11,1,8,1,5,,10,10,1,22,9,121.5109835,25.06726259
111,11,14,11,23,2,04大安區,大安區復興南路1段191號旁,0,0,1,1,C03,8,1,5,50,14,9,1,5,4,5,7,4,4,1,4,4,2,13,2,19,2,9,1,1,7,9,1,10,1,11,,23,23,1,22,9,121.543843,25.0406427
111,11,14,11,23,2,04大安區,大安區復興南路1段191號旁,0,0,1,2,B12,8,1,5,50,14,9,1,5,4,5,7,4,4,1,4,4,2,13,1,41,3,10,1,1,7,14,1,8,1,7,,44,23,1,22,9,121.543843,25.0406427
111,11,14,12,30,2,11南港區,南港區園區街16號與園區街14巷口,0,0,1,1,B03,8,1,5,30,3,1,1,5,4,5,7,4,4,9,5,5,2,16,1,26,3,10,3,4,7,2,1,8,1,3,,12,12,1,22,9,121.6133856,25.05908235
111,11,14,12,30,2,11南港區,南港區園區街16號與園區街14巷口,0,0,1,2,C03,8,1,5,30,3,1,1,5,4,5,7,4,4,9,5,5,2,16,2,28,2,9,1,1,7,21,1,10,1,14,,44,12,1,22,9,121.6133856,25.05908235
111,11,14,12,51,2,03中山區,中山區長春路3巷與長春路口,0,0,1,1,C03,8,1,5,30,3,1,1,5,4,5,7,4,4,8,5,5,1,15,1,44,3,10,3,4,7,9,1,10,1,12,,6,6,1,22,9,121.5234496,25.0550303
111,11,14,12,51,2,03中山區,中山區長春路3巷與長春路口,0,0,1,2,F01,8,1,5,30,3,1,1,5,4,5,7,4,4,8,5,5,1,15,2,32,2,9,1,1,7,9,8,20,1,16,,4,6,1,22,9,121.5234496,25.0550303
111,11,14,13,30,2,12內湖區,內湖區環山路3段與內湖路1段737巷口,0,0,1,1,B03,8,1,5,50,3,1,1,5,4,5,7,4,4,5,4,5,2,16,1,26,3,10,1,1,7,8,1,8,1,5,,7,9,1,22,9,121.5789903,25.08442171
111,11,14,13,30,2,12內湖區,內湖區環山路3段與內湖路1段737巷口,0,0,1,2,C04,8,1,5,50,3,1,1,5,4,5,7,4,4,5,4,5,2,16,2,63,2,9,1,1,7,9,1,11,1,14,,44,9,1,22,9,121.5789903,25.08442171
111,11,14,13,50,2,08士林區,士林區中山北路5段與中山北路5段470巷口,0,0,1,1,B03,8,1,8,50,15,22,1,5,4,5,7,4,4,3,5,5,2,16,2,51,3,10,1,1,7,6,1,8,1,5,,9,9,1,22,9,121.5279515,25.09221917
111,11,14,13,50,2,08士林區,士林區中山北路5段與中山北路5段470巷口,0,0,1,2,C03,8,1,8,50,15,22,1,5,4,5,7,4,4,3,5,5,2,16,1,35,2,9,1,1,7,9,1,10,1,14,,14,9,1,22,9,121.5279515,25.09221917
111,11,14,14,6,2,10文山區,文山區木柵路3段與開元街口,0,0,1,1,B03,8,1,5,50,4,2,1,5,4,5,7,4,4,7,2,5,2,16,1,41,3,10,3,4,7,5,1,8,2,5,,8,8,1,21,8,121.5687176,24.98897358
111,11,14,14,6,2,10文山區,文山區木柵路3段與開元街口,0,0,1,2,C03,8,1,5,50,4,2,1,5,4,5,7,4,4,7,2,5,2,16,2,19,2,9,3,4,7,9,1,10,2,11,,44,8,1,21,8,121.5687176,24.98897358
111,11,14,14,10,2,05中正區,中正區中華路1段與忠孝西路1段口,0,0,2,1,C03,8,1,5,50,4,1,1,5,4,5,7,1,1,10,5,5,2,17,1,20,2,9,1,1,7,9,1,10,2,12,,23,23,1,22,9,121.5101911,25.0482357
111,11,14,14,10,2,05中正區,中正區中華路1段與忠孝西路1段口,0,0,2,2,C03,8,1,5,50,4,1,1,5,4,5,7,1,1,10,5,5,2,17,1,32,2,8,1,1,7,12,1,10,2,14,,44,23,1,22,9,121.5101911,25.0482357
111,11,14,14,20,2,06松山區,松山區三民路142號,0,0,2,1,B12,8,1,5,50,14,9,1,5,4,5,7,2,1,1,4,5,2,17,1,53,3,10,1,4,7,8,1,8,1,15,,7,7,1,22,9,121.5633031,25.06080473
111,11,14,14,20,2,06松山區,松山區三民路142號,0,0,2,2,A02,8,1,5,50,14,9,1,5,4,5,7,2,1,1,4,5,2,17,1,60,3,10,1,4,7,1,1,1,1,15,,44,7,1,22,9,121.5633031,25.06080473
111,11,14,14,20,2,06松山區,松山區三民路142號,0,0,2,4,H02,8,1,5,50,14,9,1,5,4,5,7,2,1,1,4,5,2,17,2,50,2,9,4,5,7,19,8,20,10,15,,67,7,1,22,9,121.5633031,25.06080473
111,11,14,14,20,2,06松山區,松山區三民路142號,0,0,2,3,H02,8,1,5,50,14,9,1,5,4,5,7,2,1,1,4,5,2,17,2,76,2,7,4,5,7,19,8,20,10,15,,67,7,1,22,9,121.5633031,25.06080473
111,11,14,14,35,2,11南港區,南港區八德路4段與東新街口,0,0,1,1,B03,8,1,5,50,5,1,1,5,4,5,7,1,1,1,4,5,2,16,1,51,3,10,3,4,7,6,1,8,9,6,,17,17,1,22,9,121.5823421,25.05138674
111,11,14,14,35,2,11南港區,南港區八德路4段與東新街口,0,0,1,2,C03,8,1,5,50,5,1,1,5,4,5,7,1,1,1,4,5,2,16,1,24,2,8,3,4,7,6,1,10,2,14,,17,17,1,22,9,121.5823421,25.05138674
111,11,14,14,42,2,07信義區,信義區松智路與松勤街口,0,0,1,1,C03,8,1,5,50,4,1,1,5,4,5,7,2,1,10,4,5,2,17,2,70,2,9,1,1,7,5,4,11,2,11,,8,8,1,22,9,121.5654107,25.0319752
111,11,14,14,42,2,07信義區,信義區松智路與松勤街口,0,0,1,2,B01,8,1,5,50,4,1,1,5,4,5,7,2,1,10,4,5,2,17,1,64,3,10,1,1,7,9,1,4,2,8,,44,8,1,22,9,121.5654107,25.0319752
111,11,14,14,52,2,12內湖區,內湖區東湖路115號停車場出口,0,0,1,1,B03,8,1,5,0,14,20,1,5,4,5,1,4,4,5,4,5,2,9,1,65,3,10,1,1,7,1,1,8,2,1,,19,19,1,22,9,121.6152542,25.0685198
111,11,14,14,52,2,12內湖區,內湖區東湖路115號停車場出口,0,0,1,2,H01,8,1,5,0,14,20,1,5,4,5,1,4,4,5,4,5,2,9,2,64,2,9,4,5,8,16,8,20,10,16,,67,19,1,22,9,121.6152542,25.0685198
111,11,14,15,2,2,09北投區,北投區承德路6段與文承路口,0,0,2,1,C03,8,1,5,60,3,1,1,5,4,5,7,1,1,10,5,5,2,16,1,26,2,9,1,1,7,9,3,18,1,11,,25,25,1,22,9,121.5119603,25.10335473
111,11,14,15,2,2,09北投區,北投區承德路6段與文承路口,0,0,2,2,C03,8,1,5,60,3,1,1,5,4,5,7,1,1,10,5,5,2,16,2,29,2,9,1,1,7,1,1,10,1,14,,44,25,1,22,9,121.5119603,25.10335473
111,11,14,15,10,2,07信義區,信義區忠孝東路5段372巷與忠孝東路5段236巷3弄口口,0,0,1,1,B12,8,1,5,30,4,1,1,5,4,5,7,4,4,5,5,5,1,17,1,42,3,10,3,4,7,9,1,8,1,8,,6,6,1,22,9,121.5740073,25.0403587
111,11,14,15,10,2,07信義區,信義區忠孝東路5段372巷與忠孝東路5段236巷3弄口口,0,0,1,2,C03,8,1,5,30,4,1,1,5,4,5,7,4,4,5,5,5,1,17,2,29,2,8,3,4,7,9,1,10,1,11,,14,6,1,22,9,121.5740073,25.0403587
111,11,14,15,21,2,02萬華區,萬華區中華路2段420號,0,0,3,1,C03,8,1,5,50,14,8,1,5,4,5,7,4,4,9,4,4,1,17,1,25,2,9,3,4,7,5,1,10,2,12,,8,8,1,22,9,121.5059781,25.02786588
111,11,14,15,21,2,02萬華區,萬華區中華路2段420號,0,0,3,2,C03,8,1,5,50,14,8,1,5,4,5,7,4,4,9,4,4,1,17,2,19,2,9,3,4,7,9,1,10,2,11,,44,8,1,22,9,121.5059781,25.02786588
111,11,14,15,21,2,02萬華區,萬華區中華路2段420號,0,0,3,3,C03,8,1,5,50,14,8,1,5,4,5,7,4,4,9,4,4,1,17,4,,3,10,3,4,7,13,1,10,9,13,,44,8,2,22,9,121.5059781,25.02786588
111,11,14,15,21,2,02萬華區,萬華區中華路2段420號,0,0,3,4,C03,8,1,5,50,14,8,1,5,4,5,7,4,4,9,4,4,1,17,4,,3,10,3,4,7,13,1,10,9,13,,44,8,2,22,9,121.5059781,25.02786588
111,11,14,15,21,2,02萬華區,萬華區中華路2段420號,0,0,3,5,C03,8,1,5,50,14,8,1,5,4,5,7,4,4,9,4,4,1,17,4,,3,10,3,4,7,13,1,10,9,13,,44,8,2,22,9,121.5059781,25.02786588
111,11,14,15,21,2,02萬華區,萬華區中華路2段420號,0,0,3,6,H02,8,1,5,50,14,8,1,5,4,5,7,4,4,9,4,4,1,17,1,18,2,9,3,4,7,20,8,20,10,16,,67,8,1,22,9,121.5059781,25.02786588
111,11,14,15,22,2,08士林區,士林區社中街與永平街口,0,0,1,1,C03,8,1,5,50,3,1,1,5,4,5,7,1,1,9,5,5,2,16,1,54,2,9,1,1,7,9,1,10,1,11,,25,25,1,22,9,121.5051588,25.09222974
111,11,14,15,22,2,08士林區,士林區社中街與永平街口,0,0,1,2,B03,8,1,5,50,3,1,1,5,4,5,7,1,1,9,5,5,2,16,1,42,3,10,3,4,7,5,1,8,1,8,,44,25,1,22,9,121.5051588,25.09222974
111,11,14,15,23,2,06松山區,松山區南京東路3段309號,0,0,2,1,C03,8,1,5,50,14,9,1,5,4,5,7,4,4,3,4,4,2,13,1,51,2,9,3,4,7,9,1,10,8,11,,21,21,1,22,9,121.5470288,25.0518642
111,11,14,15,23,2,06松山區,松山區南京東路3段309號,0,0,2,2,C03,8,1,5,50,14,9,1,5,4,5,7,4,4,3,4,4,2,13,1,25,3,10,3,4,7,9,1,10,2,13,,44,21,1,22,9,121.5470288,25.0518642
111,11,14,15,23,2,06松山區,松山區南京東路3段309號,0,0,2,3,H02,8,1,5,50,14,9,1,5,4,5,7,4,4,3,4,4,2,13,1,29,2,8,3,4,7,21,8,20,10,15,,67,21,1,22,9,121.5470288,25.0518642
111,11,14,15,30,2,08士林區,士林區至善路1段138巷與至善路1段138巷24弄口,0,0,1,1,C03,8,1,5,30,11,9,1,5,4,5,7,4,4,10,5,5,1,17,1,19,2,9,1,1,7,9,1,10,1,14,,17,17,1,22,9,121.5405569,25.09651574
111,11,14,15,30,2,08士林區,士林區至善路1段138巷與至善路1段138巷24弄口,0,0,1,2,C03,8,1,5,30,11,9,1,5,4,5,7,4,4,10,5,5,1,17,1,19,3,10,1,1,7,9,1,10,1,14,,17,17,1,22,9,121.5405569,25.09651574
111,11,14,15,40,2,05中正區,中正區重慶南路1段100號,0,0,1,1,C03,8,1,5,50,14,9,1,5,4,5,7,4,4,5,4,5,2,12,1,18,2,7,1,1,7,7,1,10,2,14,,7,7,1,22,9,121.5131913,25.0424873
111,11,14,15,40,2,05中正區,中正區重慶南路1段100號,0,0,1,2,B12,8,1,5,50,14,9,1,5,4,5,7,4,4,5,4,5,2,12,1,73,3,10,1,1,7,9,1,8,2,2,,44,7,1,22,9,121.5131913,25.0424873
111,11,14,15,56,2,02萬華區,萬華區寶興街與長泰街口,0,0,1,2,C03,8,1,5,50,4,1,1,5,4,5,7,2,1,8,3,5,2,15,1,76,2,9,1,4,7,9,1,10,2,11,,43,43,1,22,9,121.4959782,25.0218222
111,11,14,15,56,2,02萬華區,萬華區寶興街與長泰街口,0,0,1,1,C03,8,1,5,50,4,1,1,5,4,5,7,2,1,8,3,5,2,15,4,,4,11,3,4,7,15,7,19,11,15,,43,43,2,22,9,121.4959782,25.0218222
111,11,14,16,15,2,07信義區,信義區和平東路3段631巷10-3號,0,0,1,1,C03,8,1,5,30,14,9,1,5,4,5,7,4,4,10,5,5,2,17,1,19,2,9,1,1,7,9,1,10,1,12,,13,13,1,22,9,121.5657385,25.01193155
111,11,14,16,15,2,07信義區,信義區和平東路3段631巷10-3號,0,0,1,2,B01,8,1,5,30,14,9,1,5,4,5,7,4,4,10,5,5,2,17,1,51,3,10,1,1,7,9,1,4,1,8,,5,13,1,22,9,121.5657385,25.01193155
111,11,14,16,20,2,09北投區,北投區文林北路與承德路6段口,0,0,1,1,C03,8,1,5,50,4,1,1,5,4,5,7,2,1,1,4,5,2,17,2,32,2,9,1,1,7,8,1,10,1,13,,7,7,1,22,9,121.5119634,25.10988456
111,11,14,16,20,2,09北投區,北投區文林北路與承德路6段口,0,0,1,2,C03,8,1,5,50,4,1,1,5,4,5,7,2,1,1,4,5,2,17,2,42,3,10,1,1,7,9,1,10,1,11,,26,7,1,22,9,121.5119634,25.10988456
111,11,14,16,20,2,10文山區,文山區木新路2段與恆光街口,0,0,2,1,C03,8,1,5,50,4,1,1,5,4,5,7,1,1,5,4,5,2,16,1,32,2,9,1,1,7,9,1,10,2,11,,44,44,1,22,9,121.5642298,24.98253469
111,11,14,16,20,2,10文山區,文山區木新路2段與恆光街口,0,0,2,2,C03,8,1,5,50,4,1,1,5,4,5,7,1,1,5,4,5,2,16,1,42,2,9,1,1,7,5,1,10,2,12,,8,44,1,22,9,121.5642298,24.98253469
111,11,14,16,22,2,09北投區,北投區復興四路284號燈桿,0,0,1,1,C03,8,1,5,30,14,9,1,5,4,5,7,4,4,5,5,5,2,16,1,18,2,9,1,1,7,1,1,10,1,11,,19,19,1,22,9,121.5014098,25.14352325
111,11,14,16,22,2,09北投區,北投區復興四路284號燈桿,0,0,1,2,B12,8,1,5,30,14,9,1,5,4,5,7,4,4,5,5,5,2,16,1,39,3,10,1,1,7,9,1,3,1,6,,44,19,1,22,9,121.5014098,25.14352325
111,11,14,16,26,2,06松山區,松山區敦化北路與南京東路4段口,0,0,1,1,B01,8,1,5,40,4,1,1,5,4,5,7,2,1,1,4,4,2,12,1,52,3,10,1,1,7,6,1,8,1,1,,23,23,1,22,9,121.5491992,25.05165996
111,11,14,16,26,2,06松山區,松山區敦化北路與南京東路4段口,0,0,1,2,F01,8,1,5,40,4,1,1,5,4,5,7,2,1,1,4,4,2,12,1,12,2,9,1,1,7,11,8,20,1,16,,23,23,1,22,9,121.5491992,25.05165996