發生年度,發生月,發生日,發生時-Hours,發生分,處理別-編號,區序,肇事地點,死亡人數,2-30日死亡人數,受傷人數,當事人序號,車種,天候,光線,道路類別,速限-速度限制,道路型態,事故位置,路面狀況1,路面狀況2,路面狀況3,道路障礙1,道路障礙2,號誌1,號誌2,車道劃分-分向,車道劃分-分道1,車道劃分-分道2,車道劃分-分道3,事故類型及型態,性別,年齡,受傷程度,主要傷處,安全帽,行動電話,車輛用途,當事者行動狀態,駕駛資格情形,駕駛執照種類,飲酒情形,車輛撞擊部位1,車輛撞擊部位2,肇因碼-個別,肇因碼-主要,個人肇逃否,職業,旅次目的,座標-X,座標-Y
111,11,14,16,43,2,06松山區,松山區光復北路155巷36號,0,0,1,1,B12,8,1,5,30,14,9,1,5,4,5,7,4,4,10,5,5,2,16,1,46,3,10,1,1,7,1,1,8,1,8,,19,19,1,22,9,121.5585848,25.05571054
111,11,14,16,43,2,06松山區,松山區光復北路155巷36號,0,0,1,2,C03,8,1,5,30,14,9,1,5,4,5,7,4,4,10,5,5,2,16,1,67,2,9,1,1,7,9,1,10,1,12,,23,19,1,22,9,121.5585848,25.05571054
111,11,14,16,49,2,05中正區,中正區愛國西路臺北市立大學博愛校區南門,0,0,1,1,B03,8,1,8,0,15,22,4,5,4,5,7,4,4,10,5,5,2,17,1,45,3,10,1,1,7,14,1,8,2,15,,44,44,1,22,9,121.5135722,25.03547041
111,11,14,16,49,2,05中正區,中正區愛國西路臺北市立大學博愛校區南門,0,0,1,2,F01,8,1,8,0,15,22,4,5,4,5,7,4,4,10,5,5,2,17,1,63,2,9,1,1,7,9,8,20,2,16,,42,44,1,22,9,121.5135722,25.03547041
111,11,14,17,0,2,06松山區,松山區八德路4段746號,0,0,1,1,B03,8,1,5,50,14,9,1,5,4,5,7,4,4,1,3,5,2,12,1,37,3,10,1,1,7,6,1,8,1,2,,9,9,1,22,9,121.5786198,25.05014251
111,11,14,17,0,2,06松山區,松山區八德路4段746號,0,0,1,2,C03,8,1,5,50,14,9,1,5,4,5,7,4,4,1,3,5,2,12,1,52,2,9,1,1,7,9,1,10,2,11,14,23,9,1,22,9,121.5786198,25.05014251
111,11,14,17,35,2,06松山區,松山區松河街212號,0,0,2,1,C03,8,3,5,40,14,9,1,5,4,5,7,4,4,9,4,5,2,13,1,34,2,8,1,4,7,9,1,10,2,11,,23,23,1,22,9,121.5777404,25.05165314
111,11,14,17,35,2,06松山區,松山區松河街212號,0,0,2,2,C03,8,3,5,40,14,9,1,5,4,5,7,4,4,9,4,5,2,13,1,37,2,8,1,4,7,5,1,10,2,13,,8,23,1,22,9,121.5777404,25.05165314
111,11,14,17,49,2,09北投區,北投區中央北路2段與稻香路口,0,0,1,1,C03,7,3,5,50,5,1,1,5,4,5,7,1,1,10,5,5,2,16,1,19,2,9,1,1,7,9,1,10,1,11,,25,25,1,22,9,121.4913682,25.1384515
111,11,14,17,49,2,09北投區,北投區中央北路2段與稻香路口,0,0,1,2,C03,7,3,5,50,5,1,1,5,4,5,7,1,1,10,5,5,2,16,1,66,3,10,1,1,7,9,1,10,1,11,,44,25,1,22,9,121.4913682,25.1384515
111,11,14,17,49,2,09北投區,北投區中央北路2段與稻香路口,0,0,1,3,C03,7,3,5,50,5,1,1,5,4,5,7,1,1,10,5,5,2,16,2,34,3,10,1,1,7,9,1,10,1,14,,44,25,1,22,9,121.4913682,25.1384515
111,11,14,17,55,2,12內湖區,內湖區洲子街18號前,0,0,1,1,C03,8,3,5,50,14,9,1,5,4,5,7,4,4,5,4,5,2,16,2,28,2,9,1,1,7,1,1,10,1,11,,19,19,1,22,9,121.5744838,25.07868723
111,11,14,17,55,2,12內湖區,內湖區洲子街18號前,0,0,1,2,B03,8,3,5,50,14,9,1,5,4,5,7,4,4,5,4,5,2,16,2,41,3,10,1,1,7,9,1,8,1,5,,23,19,1,22,9,121.5744838,25.07868723
111,11,14,17,56,2,08士林區,士林區延平北路5段257巷15弄與延平北路5段257巷口,0,0,2,1,C03,8,1,5,30,4,2,1,5,4,5,7,4,4,10,5,5,1,16,1,29,2,9,3,4,7,1,1,10,1,11,,19,19,1,22,9,121.5089953,25.08470856
111,11,14,17,56,2,08士林區,士林區延平北路5段257巷15弄與延平北路5段257巷口,0,0,2,2,C03,8,1,5,30,4,2,1,5,4,5,7,4,4,10,5,5,1,16,2,30,2,9,3,4,7,9,1,10,1,12,,44,19,1,22,9,121.5089953,25.08470856
111,11,14,18,20,2,06松山區,松山區南京東路3段與復興北路口,0,0,1,1,B01,8,3,5,40,14,9,1,5,4,5,7,2,1,10,5,5,2,12,1,59,3,10,1,1,7,7,1,4,1,4,,7,7,1,22,9,121.5441261,25.05195916
111,11,14,18,20,2,06松山區,松山區南京東路3段與復興北路口,0,0,1,2,C03,8,3,5,40,14,9,1,5,4,5,7,2,1,10,5,5,2,12,2,28,2,8,1,1,7,9,1,10,1,12,,16,7,1,22,9,121.5441261,25.05195916
111,11,14,18,35,2,12內湖區,內湖區環山路2段與環山路2段109巷口,0,0,1,1,F01,7,3,5,50,3,2,1,5,4,5,7,2,1,10,5,5,2,17,4,,4,11,3,4,7,15,7,19,11,15,,43,43,2,22,9,121.5760414,25.08445583
111,11,14,18,35,2,12內湖區,內湖區環山路2段與環山路2段109巷口,0,0,1,2,C03,7,3,5,50,3,2,1,5,4,5,7,2,1,10,5,5,2,17,2,40,2,9,1,1,7,9,1,10,1,14,,43,43,1,22,9,121.5760414,25.08445583
111,11,14,18,36,2,07信義區,信義區忠孝東路5段528號,0,0,1,1,C03,8,1,5,0,14,20,4,5,4,5,7,4,4,10,5,5,2,16,2,46,2,8,1,1,7,3,1,10,1,11,,42,44,1,22,8,121.5793959,25.04156229
111,11,14,18,36,2,07信義區,信義區忠孝東路5段528號,0,0,1,2,C03,8,1,5,0,14,20,4,5,4,5,7,4,4,10,5,5,2,16,2,26,3,10,1,1,7,13,1,10,9,14,,44,44,1,22,8,121.5793959,25.04156229
111,11,14,18,36,2,07信義區,信義區忠孝東路5段528號,0,0,1,3,C03,8,1,5,0,14,20,4,5,4,5,7,4,4,10,5,5,2,16,2,51,3,10,1,1,7,13,1,10,9,14,,44,44,1,22,8,121.5793959,25.04156229
111,11,14,18,36,2,07信義區,信義區忠孝東路5段528號,0,0,1,4,C03,8,1,5,0,14,20,4,5,4,5,7,4,4,10,5,5,2,16,1,63,3,10,1,1,7,13,1,10,9,14,,44,44,1,22,8,121.5793959,25.04156229
111,11,14,19,12,2,12內湖區,內湖區石潭路131巷與金莊路91巷口,0,0,1,1,C03,8,3,5,50,3,2,1,5,4,5,7,4,4,5,5,5,2,17,1,73,2,9,1,1,7,6,1,10,1,14,,6,6,1,22,9,121.5889545,25.06364683
111,11,14,19,12,2,12內湖區,內湖區石潭路131巷與金莊路91巷口,0,0,1,2,B03,8,3,5,50,3,2,1,5,4,5,7,4,4,5,5,5,2,17,1,40,3,10,1,1,7,9,1,8,1,2,,14,6,1,22,9,121.5889545,25.06364683
111,11,14,19,40,2,04大安區,大安區文昌街250巷與通化街19巷口,0,0,2,1,C03,8,3,5,30,4,1,1,5,4,3,7,4,4,10,5,5,1,15,1,24,3,10,1,1,7,9,1,10,1,11,,6,6,1,22,9,121.5557283,25.0316493
111,11,14,19,40,2,04大安區,大安區文昌街250巷與通化街19巷口,0,0,2,2,C03,8,3,5,30,4,1,1,5,4,3,7,4,4,10,5,5,1,15,1,40,2,9,1,1,7,9,1,10,1,11,,23,6,1,22,9,121.5557283,25.0316493
111,11,14,19,40,2,04大安區,大安區文昌街250巷與通化街19巷口,0,0,2,3,H02,8,3,5,30,4,1,1,5,4,3,7,4,4,10,5,5,1,15,1,50,2,9,4,5,7,20,8,20,10,16,,67,6,1,22,9,121.5557283,25.0316493
111,11,14,19,50,2,08士林區,士林區承德路4段與大南路口,0,0,2,1,C03,8,3,5,50,4,2,1,5,4,5,7,2,1,1,4,5,1,16,2,53,2,9,3,4,7,9,1,10,1,15,,25,25,1,22,9,121.5216298,25.0888588
111,11,14,19,50,2,08士林區,士林區承德路4段與大南路口,0,0,2,2,C03,8,3,5,50,4,2,1,5,4,5,7,2,1,1,4,5,1,16,2,65,2,9,3,4,7,9,4,11,1,11,,44,25,1,22,9,121.5216298,25.0888588
111,11,14,20,12,2,06松山區,松山區八德路3段99巷與八德路3段71巷9弄口,0,0,1,1,C03,8,3,5,30,4,1,1,5,4,5,7,4,4,10,5,5,2,15,1,30,3,10,1,1,7,9,1,10,1,11,,6,6,1,22,9,121.5535682,25.04864621
111,11,14,20,12,2,06松山區,松山區八德路3段99巷與八德路3段71巷9弄口,0,0,1,2,C03,8,3,5,30,4,1,1,5,4,5,7,4,4,10,5,5,2,15,1,29,2,7,1,1,7,9,1,10,1,14,,44,6,1,22,9,121.5535682,25.04864621
111,11,14,20,20,2,06松山區,松山區敦化南路1段69號,0,0,1,1,B12,8,3,5,50,14,7,1,5,4,5,7,4,4,9,4,4,2,16,1,28,3,10,3,4,7,9,1,8,2,2,,44,44,1,22,9,121.5491557,25.04535428
111,11,14,20,20,2,06松山區,松山區敦化南路1段69號,0,0,1,2,C03,8,3,5,50,14,7,1,5,4,5,7,4,4,9,4,4,2,16,1,56,2,9,3,4,7,9,1,10,2,14,,17,44,1,22,9,121.5491557,25.04535428
111,11,14,20,35,2,12內湖區,內湖區內湖路1段與內湖路1段203巷口,0,0,1,1,B01,8,3,5,30,4,1,1,5,4,5,7,1,1,1,4,4,2,1,1,69,3,10,1,1,7,6,1,4,1,5,,15,23,1,22,9,121.5634063,25.08341649
111,11,14,20,35,2,12內湖區,內湖區內湖路1段與內湖路1段203巷口,0,0,1,2,H01,8,3,5,30,4,1,1,5,4,5,7,1,1,1,4,4,2,1,2,47,2,9,4,5,8,16,8,20,1,16,,67,23,1,22,9,121.5634063,25.08341649
111,11,14,20,37,2,05中正區,中正區襄陽路39號,0,0,1,1,C03,8,3,5,50,14,9,1,5,4,5,7,4,4,9,4,5,2,16,1,33,3,10,1,1,7,11,6,18,2,12,,10,10,1,22,9,121.5135331,25.04352366
111,11,14,20,37,2,05中正區,中正區襄陽路39號,0,0,1,2,G06,8,3,5,50,14,9,1,5,4,5,7,4,4,9,4,5,2,16,1,46,2,9,1,1,7,9,7,19,2,15,,44,10,1,22,9,121.5135331,25.04352366
111,11,14,21,50,2,02萬華區,萬華區忠孝西路2段與西寧南路口,0,0,1,1,C03,8,3,7,0,4,1,1,5,4,5,7,1,1,1,1,1,2,12,2,36,4,11,3,4,7,15,7,19,11,15,,26,26,2,22,9,121.5075505,25.0484909
111,11,14,21,50,2,02萬華區,萬華區忠孝西路2段與西寧南路口,0,0,1,2,C03,8,3,7,0,4,1,1,5,4,5,7,1,1,1,1,1,2,12,1,21,2,9,1,1,7,9,1,10,1,12,,44,26,1,22,9,121.5075505,25.0484909
111,11,14,23,25,2,03中山區,中山區長安東路1段與新生北路1段口,0,0,1,1,C03,8,3,5,50,4,1,1,5,4,5,7,4,4,4,3,5,1,16,1,52,2,9,1,4,7,9,1,10,2,14,,6,6,1,22,9,121.529123,25.0481307
111,11,14,23,25,2,03中山區,中山區長安東路1段與新生北路1段口,0,0,1,2,B01,8,3,5,50,4,1,1,5,4,5,7,4,4,4,3,5,1,16,1,62,3,10,3,4,7,9,1,8,2,1,,44,6,1,22,9,121.529123,25.0481307
111,11,14,23,33,2,08士林區,士林區東山路與忠誠路2段207巷口口,0,0,3,1,B03,8,3,5,30,4,1,1,5,4,5,7,3,1,5,5,5,2,16,1,25,2,9,1,1,7,4,1,8,1,8,,6,6,1,22,9,121.5390082,25.1164236
111,11,14,23,33,2,08士林區,士林區東山路與忠誠路2段207巷口口,0,0,3,2,B03,8,3,5,30,4,1,1,5,4,5,7,3,1,5,5,5,2,16,2,51,2,9,1,1,7,9,1,8,1,5,,14,6,1,22,9,121.5390082,25.1164236
111,11,14,23,33,2,08士林區,士林區東山路與忠誠路2段207巷口口,0,0,3,3,H02,8,3,5,30,4,1,1,5,4,5,7,3,1,5,5,5,2,16,2,24,2,9,4,5,7,20,8,20,10,16,,67,6,1,22,9,121.5390082,25.1164236
111,11,14,23,42,2,02萬華區,萬華區西園路1段31號,0,0,1,1,C04,7,3,5,50,14,9,1,5,4,5,7,4,4,8,3,5,1,16,1,24,3,10,3,4,7,6,1,8,1,12,,9,9,1,22,9,121.499955,25.04085109
111,11,14,23,42,2,02萬華區,萬華區西園路1段31號,0,0,1,2,C03,7,3,5,50,14,9,1,5,4,5,7,4,4,8,3,5,1,16,2,30,2,8,3,4,7,9,1,10,1,11,,44,9,1,22,9,121.499955,25.04085109
111,11,15,0,8,2,08士林區,士林區中山北路7段與中山北路7段14巷口,0,0,1,1,B03,8,3,5,50,4,1,1,5,4,5,7,2,1,1,4,5,2,3,1,56,3,10,1,1,7,5,1,1,2,1,,15,15,1,22,9,121.5306368,25.1189397
111,11,15,0,8,2,08士林區,士林區中山北路7段與中山北路7段14巷口,0,0,1,2,H01,8,3,5,50,4,1,1,5,4,5,7,2,1,1,4,5,2,3,1,31,2,8,4,5,8,16,8,20,10,16,,60,15,1,22,9,121.5306368,25.1189397
111,11,15,1,10,2,03中山區,中山區中山北路2段與民權東路1段口,0,0,1,1,B03,7,3,5,50,4,1,1,5,4,5,7,1,1,3,4,3,2,17,1,43,3,10,1,1,7,5,1,8,1,6,,8,8,1,22,9,121.5224713,25.0629006
111,11,15,1,10,2,03中山區,中山區中山北路2段與民權東路1段口,0,0,1,2,C03,7,3,5,50,4,1,1,5,4,5,7,1,1,3,4,3,2,17,1,30,2,9,1,1,7,9,1,10,1,11,,13,8,1,22,9,121.5224713,25.0629006
111,11,15,5,30,2,05中正區,中正區廈門街與汀州路2段口,0,0,1,1,B03,8,3,5,50,4,1,1,5,4,5,7,1,1,5,4,5,2,16,1,48,3,10,1,1,7,5,1,8,1,8,,8,8,1,22,9,121.5174522,25.0253809
111,11,15,5,30,2,05中正區,中正區廈門街與汀州路2段口,0,0,1,2,F01,8,3,5,50,4,1,1,5,4,5,7,1,1,5,4,5,2,16,2,75,2,9,1,1,7,9,8,20,1,16,,44,8,1,22,9,121.5174522,25.0253809
111,11,15,6,35,2,03中山區,中山區中山北路4段圓山飯店旁,0,0,1,1,C03,8,1,5,50,11,9,1,5,4,5,7,4,4,9,4,5,1,12,1,71,2,9,1,1,7,8,1,10,1,12,,17,17,1,22,9,121.5260539,25.07453328
111,11,15,6,35,2,03中山區,中山區中山北路4段圓山飯店旁,0,0,1,2,B03,8,1,5,50,11,9,1,5,4,5,7,4,4,9,4,5,1,12,1,43,3,10,1,1,7,9,1,8,1,4,,17,17,1,22,9,121.5260539,25.07453328
111,11,15,6,55,2,12內湖區,內湖區康樂街61巷附近側附近,0,0,1,1,B03,8,1,5,50,14,9,1,5,4,5,7,4,4,9,5,5,2,12,1,33,3,10,1,1,7,1,1,8,2,8,,19,19,1,22,9,121.6195996,25.06879983
111,11,15,6,55,2,12內湖區,內湖區康樂街61巷附近側附近,0,0,1,2,C03,8,1,5,50,14,9,1,5,4,5,7,4,4,9,5,5,2,12,1,66,2,8,1,1,7,9,1,10,2,12,,44,19,1,22,9,121.6195996,25.06879983
111,11,15,7,9,2,03中山區,中山區市民大道3段與八德路2段口,0,0,1,1,B01,8,1,5,40,4,1,1,5,4,5,7,1,1,1,4,4,2,16,1,64,3,10,3,4,7,6,1,4,1,5,,9,9,1,22,9,121.5348965,25.04505756
111,11,15,7,9,2,03中山區,中山區市民大道3段與八德路2段口,0,0,1,2,C03,8,1,5,40,4,1,1,5,4,5,7,1,1,1,4,4,2,16,1,29,2,9,3,4,7,9,1,10,1,14,,13,9,1,22,9,121.5348965,25.04505756
111,11,15,7,25,2,08士林區,士林區故宮路自強橋往北,0,0,1,1,C03,8,1,5,40,11,9,1,5,4,5,1,4,4,1,4,5,2,17,2,51,2,9,1,4,7,7,1,10,1,13,,7,7,1,22,9,121.5487361,25.09564519
111,11,15,7,25,2,08士林區,士林區故宮路自強橋往北,0,0,1,2,B03,8,1,5,40,11,9,1,5,4,5,1,4,4,1,4,5,2,17,2,30,3,10,3,4,7,9,1,8,1,5,,23,7,1,22,9,121.5487361,25.09564519
111,11,15,7,30,2,09北投區,北投區大度路3段與大度路3段口第2迴轉道,0,0,2,1,C03,8,1,8,50,14,9,1,5,4,5,7,1,1,2,3,2,1,13,1,46,2,9,1,1,7,9,1,10,1,11,,23,23,1,22,9,121.4860176,25.12202043
111,11,15,7,30,2,09北投區,北投區大度路3段與大度路3段口第2迴轉道,0,0,2,2,F01,8,1,8,50,14,9,1,5,4,5,7,1,1,2,3,2,1,13,1,57,2,9,1,1,7,15,8,20,1,16,,61,23,1,22,9,121.4860176,25.12202043
111,11,15,7,30,2,10文山區,文山區木柵路4段35號,0,0,1,1,C03,8,1,5,50,14,9,1,5,4,5,7,1,1,5,4,5,2,13,1,51,3,10,1,1,7,9,1,10,1,11,,23,23,1,22,9,121.5715554,24.9941625
111,11,15,7,30,2,10文山區,文山區木柵路4段35號,0,0,1,2,C03,8,1,5,50,14,9,1,5,4,5,7,1,1,5,4,5,2,13,2,48,2,8,1,1,7,9,1,10,1,13,,44,23,1,22,9,121.5715554,24.9941625
111,11,15,7,37,2,12內湖區,內湖區舊宗路2段133號,0,0,1,1,B03,8,1,5,50,14,9,1,5,4,5,7,4,4,9,4,5,2,16,2,41,3,10,1,1,7,6,1,8,1,5,,9,9,1,22,9,121.5748625,25.06968819
111,11,15,7,37,2,12內湖區,內湖區舊宗路2段133號,0,0,1,2,C03,8,1,5,50,14,9,1,5,4,5,7,4,4,9,4,5,2,16,2,34,2,8,1,1,7,9,1,10,1,11,,44,9,1,22,9,121.5748625,25.06968819
111,11,15,7,39,2,04大安區,大安區信義路3段與仁愛路3段24巷口,0,0,1,1,F01,8,1,5,50,3,2,1,5,4,5,7,2,1,1,4,5,2,17,1,82,2,9,1,1,7,7,8,20,1,16,,7,7,1,22,9,121.5361833,25.0337552
111,11,15,7,39,2,04大安區,大安區信義路3段與仁愛路3段24巷口,0,0,1,2,B03,8,1,5,50,3,2,1,5,4,5,7,2,1,1,4,5,2,17,2,42,3,10,3,4,7,9,1,8,1,2,,44,7,1,22,9,121.5361833,25.0337552
111,11,15,7,39,2,10文山區,文山區景後街與景文街103巷口,0,0,1,2,H01,8,1,5,50,4,1,1,5,4,5,7,4,4,9,5,5,2,3,2,54,2,9,4,1,8,16,8,20,10,16,,67,15,1,22,9,121.5422169,24.99046196
111,11,15,7,39,2,10文山區,文山區景後街與景文街103巷口,0,0,1,1,C03,8,1,5,50,4,1,1,5,4,5,7,4,4,9,5,5,2,3,1,23,3,10,1,1,7,9,1,10,2,11,,15,15,1,22,9,121.5422169,24.99046196
111,11,15,7,45,2,12內湖區,內湖區潭美街與新明路437巷附近口,0,0,1,1,B03,8,1,5,40,3,2,1,5,4,5,1,4,4,5,4,5,2,16,2,58,3,10,1,1,7,1,1,8,1,8,,19,19,1,22,9,121.5809917,25.05395998
111,11,15,7,45,2,12內湖區,內湖區潭美街與新明路437巷附近口,0,0,1,2,C03,8,1,5,40,3,2,1,5,4,5,1,4,4,5,4,5,2,16,1,23,2,9,1,1,7,9,1,10,1,11,,44,19,1,22,9,121.5809917,25.05395998
111,11,15,7,57,1,02萬華區,萬華區環河快速道路環河南路3段203號,1,0,0,1,B02,8,1,5,60,14,9,1,5,4,5,7,4,4,1,4,1,2,3,1,42,3,10,1,1,7,9,1,8,2,5,,23,23,1,22,9,121.4918404,25.02185711
111,11,15,7,57,1,02萬華區,萬華區環河快速道路環河南路3段203號,1,0,0,2,H01,8,1,5,60,14,9,1,5,4,5,7,4,4,1,4,1,2,3,2,95,1,9,4,5,8,16,8,20,10,16,,52,23,1,22,9,121.4918404,25.02185711
111,11,15,7,57,1,02萬華區,萬華區環河快速道路環河南路3段203號,1,0,0,3,,8,1,5,60,14,9,1,5,4,5,7,4,4,1,4,1,2,3,3,,,,,,,,,,,,,67,23,1,,,121.4918404,25.02185711
111,11,15,8,8,2,03中山區,中山區民生東路2段與中原街口,0,0,1,1,C03,8,1,5,50,4,2,1,5,4,5,7,1,1,5,4,5,1,17,2,40,3,10,1,1,7,5,1,10,1,13,,8,8,1,22,9,121.5289125,25.0581089
111,11,15,8,8,2,03中山區,中山區民生東路2段與中原街口,0,0,1,2,C03,8,1,5,50,4,2,1,5,4,5,7,1,1,5,4,5,1,17,1,34,2,8,1,1,7,9,1,10,1,11,,16,8,1,22,9,121.5289125,25.0581089
111,11,15,8,10,2,05中正區,中正區永福橋往北市128號燈桿,0,0,3,1,B03,8,1,5,50,14,9,1,5,4,5,7,4,4,5,4,5,2,12,1,24,3,10,1,1,7,9,1,8,2,4,,42,42,1,22,9,121.529747,25.01319195
111,11,15,8,10,2,05中正區,中正區永福橋往北市128號燈桿,0,0,3,2,C03,8,1,5,50,14,9,1,5,4,5,7,4,4,5,4,5,2,12,1,42,2,8,1,1,7,9,1,10,2,12,,42,42,1,22,9,121.529747,25.01319195
111,11,15,8,10,2,05中正區,中正區永福橋往北市128號燈桿,0,0,3,3,C03,8,1,5,50,14,9,1,5,4,5,7,4,4,5,4,5,2,12,1,31,2,8,1,1,7,9,1,10,2,11,,16,42,1,22,9,121.529747,25.01319195
111,11,15,8,10,2,05中正區,中正區永福橋往北市128號燈桿,0,0,3,4,C03,8,1,5,50,14,9,1,5,4,5,7,4,4,5,4,5,2,12,1,32,2,7,1,1,7,9,1,10,2,12,,23,42,1,22,9,121.529747,25.01319195
111,11,15,8,10,2,05中正區,中正區永福橋往北市128號燈桿,0,0,3,5,H02,8,1,5,50,14,9,1,5,4,5,7,4,4,5,4,5,2,12,2,30,4,11,1,5,7,21,8,20,10,15,,60,42,1,22,9,121.529747,25.01319195
111,11,15,8,10,2,05中正區,中正區永福橋往北市128號燈桿,0,0,3,6,H02,8,1,5,50,14,9,1,5,4,5,7,4,4,5,4,5,2,12,2,30,4,11,1,5,7,21,8,20,10,15,,60,42,1,22,9,121.529747,25.01319195
111,11,15,8,10,2,05中正區,中正區永福橋往北市128號燈桿,0,0,3,7,,8,1,5,50,14,9,1,5,4,5,7,4,4,5,4,5,2,12,3,,,,,,,,,,,,,67,,1,,,121.529747,25.01319195
111,11,15,8,30,2,10文山區,文山區興隆路3段54號與興隆路3段口旁,0,0,1,1,B01,8,1,5,50,3,1,1,5,4,5,7,2,1,1,4,5,2,17,1,65,3,10,1,1,7,11,1,8,11,15,,10,10,1,22,9,121.5560067,25.0001762
111,11,15,8,30,2,10文山區,文山區興隆路3段54號與興隆路3段口旁,0,0,1,2,C03,8,1,5,50,3,1,1,5,4,5,7,2,1,1,4,5,2,17,2,24,2,8,1,1,7,9,1,10,11,15,,44,10,1,22,9,121.5560067,25.0001762
111,11,15,8,35,2,08士林區,士林區中正路與中正路口迴轉道,0,0,1,1,C01,8,1,5,50,3,1,1,5,4,5,7,4,4,1,4,5,2,17,1,36,2,8,1,1,7,5,1,9,1,14,,8,8,1,22,9,121.5087914,25.08643205
111,11,15,8,35,2,08士林區,士林區中正路與中正路口迴轉道,0,0,1,2,B03,8,1,5,50,3,1,1,5,4,5,7,4,4,1,4,5,2,17,1,43,3,10,1,1,7,9,1,8,1,5,,44,8,1,22,9,121.5087914,25.08643205
111,11,15,8,47,2,02萬華區,萬華區內江街與昆明街口口,0,0,1,1,C03,8,1,5,50,4,1,1,5,4,5,7,1,1,10,5,5,2,17,2,44,2,9,3,4,7,5,1,10,1,13,,8,8,1,22,9,121.5045128,25.04151133
111,11,15,8,47,2,02萬華區,萬華區內江街與昆明街口口,0,0,1,2,B03,8,1,5,50,4,1,1,5,4,5,7,1,1,10,5,5,2,17,2,54,3,10,3,4,7,9,1,8,1,5,,44,8,1,22,9,121.5045128,25.04151133
111,11,15,8,57,2,03中山區,中山區吉林路與民生東路2段口,0,0,1,1,C02,8,1,5,50,4,1,1,5,4,5,7,2,1,4,3,5,2,13,1,21,3,10,3,4,7,9,1,9,1,11,,23,16,1,22,9,121.5301865,25.058147
111,11,15,8,57,2,03中山區,中山區吉林路與民生東路2段口,0,0,1,2,C03,8,1,5,50,4,1,1,5,4,5,7,2,1,4,3,5,2,13,2,43,2,9,3,4,7,12,1,10,1,13,,44,16,1,22,9,121.5301865,25.058147
111,11,15,8,57,2,03中山區,中山區吉林路與民生東路2段口,0,0,1,3,E01,8,1,5,50,4,1,1,5,4,5,7,2,1,4,3,5,2,13,1,41,4,11,3,4,7,15,7,19,11,15,,44,16,2,22,9,121.5301865,25.058147
111,11,15,8,59,2,03中山區,中山區朱崙街42號,0,0,1,1,C03,8,1,5,50,14,9,1,5,4,5,7,4,4,8,4,5,1,16,2,22,2,7,1,1,7,11,1,10,1,11,,10,10,1,22,9,121.5419814,25.04996167
111,11,15,8,59,2,03中山區,中山區朱崙街42號,0,0,1,2,C02,8,1,5,50,14,9,1,5,4,5,7,4,4,8,4,5,1,16,1,30,3,10,1,1,7,9,4,10,1,14,,44,10,1,22,9,121.5419814,25.04996167
111,11,15,9,0,2,02萬華區,萬華區漢口街2段41-2號,0,0,1,1,C03,8,1,5,50,14,9,1,5,4,5,7,4,4,10,4,5,2,13,1,39,2,9,1,1,7,9,1,10,9,11,,16,16,1,22,9,121.5071365,25.0456054
111,11,15,9,0,2,02萬華區,萬華區漢口街2段41-2號,0,0,1,2,B03,8,1,5,50,14,9,1,5,4,5,7,4,4,10,4,5,2,13,1,56,3,10,1,1,7,9,1,8,1,6,,44,16,1,22,9,121.5071365,25.0456054
111,11,15,9,0,2,02萬華區,萬華區漢口街2段41-2號,0,0,1,3,B03,8,1,5,50,14,9,1,5,4,5,7,4,4,10,4,5,2,13,2,24,3,10,1,1,7,1,1,8,9,15,,19,16,1,22,9,121.5071365,25.0456054
111,11,15,9,2,2,07信義區,信義區信義路5段150巷中強公園旁,0,0,2,1,C03,8,1,5,50,14,9,1,5,4,5,7,4,4,9,5,5,2,18,1,32,2,9,1,1,7,9,1,10,1,14,,42,43,1,22,9,121.5700427,25.0284957
111,11,15,9,2,2,07信義區,信義區信義路5段150巷中強公園旁,0,0,2,2,,8,1,5,50,14,9,1,5,4,5,7,4,4,9,5,5,2,18,3,,,,,,,,,,10,,,67,43,1,,,121.5700427,25.0284957
111,11,15,9,2,2,07信義區,信義區信義路5段150巷中強公園旁,0,0,2,3,H02,8,1,5,50,14,9,1,5,4,5,7,4,4,9,5,5,2,18,2,31,2,9,1,1,7,20,8,20,10,16,,67,43,1,22,9,121.5700427,25.0284957
111,11,15,9,5,2,05中正區,中正區重慶南路3段與汀州路2段附近口,0,0,1,1,C03,8,1,5,50,4,2,1,5,4,5,7,1,1,5,4,5,1,13,2,49,2,8,1,1,7,9,1,10,2,11,,16,23,1,22,9,121.5161641,25.02572013
111,11,15,9,5,2,05中正區,中正區重慶南路3段與汀州路2段附近口,0,0,1,2,B01,8,1,5,50,4,2,1,5,4,5,7,1,1,5,4,5,1,13,1,65,3,10,1,1,7,9,1,4,2,7,,44,23,1,22,9,121.5161641,25.02572013
111,11,15,9,13,2,08士林區,士林區承德路5段與中正路口,0,0,1,1,B03,8,1,5,50,4,2,1,5,4,5,7,1,1,1,4,5,1,17,1,61,3,10,1,1,7,14,1,8,1,4,,43,43,1,22,9,121.516788,25.09132823
111,11,15,9,13,2,08士林區,士林區承德路5段與中正路口,0,0,1,2,C03,8,1,5,50,4,2,1,5,4,5,7,1,1,1,4,5,1,17,2,43,2,9,1,1,7,9,1,10,1,12,,43,43,1,22,9,121.516788,25.09132823
111,11,15,9,13,2,08士林區,士林區承德路5段與中正路口,0,0,1,3,B01,8,1,5,50,4,2,1,5,4,5,7,1,1,1,4,5,1,17,1,52,3,10,1,1,7,14,1,4,1,2,,43,43,1,22,9,121.516788,25.09132823