發生年度,發生月,發生日,發生時-Hours,發生分,處理別-編號,區序,肇事地點,死亡人數,2-30日死亡人數,受傷人數,當事人序號,車種,天候,光線,道路類別,速限-速度限制,道路型態,事故位置,路面狀況1,路面狀況2,路面狀況3,道路障礙1,道路障礙2,號誌1,號誌2,車道劃分-分向,車道劃分-分道1,車道劃分-分道2,車道劃分-分道3,事故類型及型態,性別,年齡,受傷程度,主要傷處,安全帽,行動電話,車輛用途,當事者行動狀態,駕駛資格情形,駕駛執照種類,飲酒情形,車輛撞擊部位1,車輛撞擊部位2,肇因碼-個別,肇因碼-主要,個人肇逃否,職業,旅次目的,座標-X,座標-Y
111,11,15,9,15,2,07信義區,信義區市府路與仁愛路4段口,0,0,1,1,A02,8,1,5,50,3,2,1,5,4,5,7,1,1,5,4,5,2,9,1,42,3,10,1,1,7,5,1,2,1,10,,43,43,1,22,9,121.5636017,25.03759351
111,11,15,9,15,2,07信義區,信義區市府路與仁愛路4段口,0,0,1,2,H02,8,1,5,50,3,2,1,5,4,5,7,1,1,5,4,5,2,9,2,60,2,9,4,5,7,20,8,20,10,16,,67,43,1,22,9,121.5636017,25.03759351
111,11,15,9,20,2,04大安區,大安區信義路4段與大安路1段口,0,0,1,1,C03,8,1,5,50,4,2,1,5,4,5,7,2,1,5,4,5,2,17,1,53,3,10,1,1,7,5,1,10,2,11,,44,44,1,22,9,121.5459515,25.03358525
111,11,15,9,20,2,04大安區,大安區信義路4段與大安路1段口,0,0,1,2,C03,8,1,5,50,4,2,1,5,4,5,7,2,1,5,4,5,2,17,2,32,2,9,1,1,7,9,1,10,2,11,,44,44,1,22,9,121.5459515,25.03358525
111,11,15,9,26,2,12內湖區,內湖區文湖街21巷76號,0,0,1,1,B03,8,1,5,30,11,9,1,5,4,5,7,4,4,9,5,5,2,10,2,47,2,7,1,1,7,9,1,8,1,8,,44,44,1,22,9,121.5598795,25.08861663
111,11,15,9,26,2,12內湖區,內湖區文湖街21巷76號,0,0,1,2,B03,8,1,5,30,11,9,1,5,4,5,7,4,4,9,5,5,2,10,2,55,3,10,1,1,7,9,1,8,1,8,,23,44,1,22,9,121.5598795,25.08861663
111,11,15,9,29,2,08士林區,士林區文林路24號,0,0,2,1,C03,8,1,5,50,3,2,1,5,4,5,7,4,4,5,4,5,2,13,2,29,2,9,1,4,7,9,1,10,1,11,,16,16,1,22,9,121.5256058,25.08666494
111,11,15,9,29,2,08士林區,士林區文林路24號,0,0,2,2,C03,8,1,5,50,3,2,1,5,4,5,7,4,4,5,4,5,2,13,1,18,2,7,1,4,7,9,1,10,1,13,,44,16,1,22,9,121.5256058,25.08666494
111,11,15,9,30,2,11南港區,南港區松河街與重陽路187巷口,0,0,2,1,C03,8,1,5,50,3,2,1,5,4,5,7,4,4,10,5,5,2,16,1,19,2,9,3,4,7,4,1,10,1,11,,1,1,1,22,9,121.5982207,25.05823773
111,11,15,9,30,2,11南港區,南港區松河街與重陽路187巷口,0,0,2,2,C03,8,1,5,50,3,2,1,5,4,5,7,4,4,10,5,5,2,16,2,53,2,9,3,4,7,5,1,10,1,14,,44,1,1,22,9,121.5982207,25.05823773
111,11,15,9,39,2,12內湖區,內湖區康寧路3段165巷與康寧路3段口,0,0,1,1,B03,8,1,5,50,4,2,1,5,4,5,7,2,1,9,4,5,1,17,1,31,3,10,1,1,7,5,1,8,2,2,,8,8,1,22,9,121.6112048,25.07039745
111,11,15,9,39,2,12內湖區,內湖區康寧路3段165巷與康寧路3段口,0,0,1,2,C03,8,1,5,50,4,2,1,5,4,5,7,2,1,9,4,5,1,17,1,22,2,9,1,1,7,9,1,10,2,11,,13,8,1,22,9,121.6112048,25.07039745
111,11,15,9,46,2,03中山區,中山區民權東路1段與新生北路2段口,0,0,2,1,C03,8,1,5,50,4,1,1,5,4,5,7,1,1,1,4,5,2,16,2,26,2,7,3,4,7,6,1,10,1,15,,9,9,1,22,9,121.5275208,25.06251854
111,11,15,9,46,2,03中山區,中山區民權東路1段與新生北路2段口,0,0,2,2,C03,8,1,5,50,4,1,1,5,4,5,7,1,1,1,4,5,2,16,2,36,2,8,3,4,7,9,1,10,1,11,,44,9,1,22,9,121.5275208,25.06251854
111,11,15,9,50,2,04大安區,大安區忠孝東路4段與敦化南路1段口,0,0,1,1,B03,8,1,5,50,5,2,1,5,4,5,7,2,1,8,3,4,1,16,2,24,3,10,1,1,7,8,1,8,2,4,,43,23,1,22,9,121.5486473,25.0416495
111,11,15,9,50,2,04大安區,大安區忠孝東路4段與敦化南路1段口,0,0,1,2,C03,8,1,5,50,5,2,1,5,4,5,7,2,1,8,3,4,1,16,1,34,2,9,1,1,7,7,1,10,9,11,,43,23,1,22,9,121.5486473,25.0416495
111,11,15,9,55,2,03中山區,中山區建國高架道往北濱江匝道前,0,0,1,1,B03,8,1,5,70,10,9,1,5,4,5,7,4,4,1,3,5,2,13,1,27,3,10,3,4,7,9,1,8,1,1,,23,23,1,22,9,121.5350397,25.06677053
111,11,15,9,55,2,03中山區,中山區建國高架道往北濱江匝道前,0,0,1,2,B03,8,1,5,70,10,9,1,5,4,5,7,4,4,1,3,5,2,13,1,57,3,10,3,4,7,9,1,8,1,3,,44,23,1,22,9,121.5350397,25.06677053
111,11,15,9,55,2,03中山區,中山區建國高架道往北濱江匝道前,0,0,1,3,H02,8,1,5,70,10,9,1,5,4,5,7,4,4,1,3,5,2,13,2,28,2,9,3,5,7,20,8,20,10,16,,67,23,1,22,9,121.5350397,25.06677053
111,11,15,10,0,2,06松山區,松山區民族東路與民權東路3段191巷31弄口,0,0,1,1,B01,8,1,5,30,3,1,4,5,4,5,7,4,4,10,5,5,1,12,1,68,3,10,3,4,7,5,1,4,1,8,,8,8,1,22,9,121.5476737,25.06375614
111,11,15,10,0,2,06松山區,松山區民族東路與民權東路3段191巷31弄口,0,0,1,2,C04,8,1,5,30,3,1,4,5,4,5,7,4,4,10,5,5,1,12,2,22,2,9,1,4,7,9,1,10,1,13,,13,8,1,22,9,121.5476737,25.06375614
111,11,15,10,5,2,04大安區,大安區信義路3段147巷與信義路3段147巷36弄口,0,0,1,1,C03,8,1,5,30,4,1,1,5,4,5,7,4,4,10,5,5,2,15,2,38,2,9,1,1,7,9,1,10,1,11,,6,6,1,22,9,121.5420074,25.0371924
111,11,15,10,5,2,04大安區,大安區信義路3段147巷與信義路3段147巷36弄口,0,0,1,2,B03,8,1,5,30,4,1,1,5,4,5,7,4,4,10,5,5,2,15,1,51,3,10,1,1,7,9,1,8,1,4,,44,6,1,22,9,121.5420074,25.0371924
111,11,15,10,45,2,05中正區,中正區忠孝東路2段79號,0,0,1,2,B01,8,1,5,0,14,20,4,5,4,5,7,4,4,10,5,5,2,17,1,53,3,10,1,1,7,2,1,4,2,6,,12,23,1,10,4,121.5303703,25.04318608
111,11,15,10,45,2,05中正區,中正區忠孝東路2段79號,0,0,1,1,F01,8,1,5,0,14,20,4,5,4,5,7,4,4,10,5,5,2,17,1,34,2,8,1,3,7,9,8,20,2,16,,23,23,1,8,1,121.5303703,25.04318608
111,11,15,11,8,2,04大安區,大安區通化街與通化街175巷口,0,0,3,1,C03,8,1,5,30,4,1,1,5,4,5,7,4,4,4,5,5,2,15,1,68,2,9,1,1,7,9,1,10,1,11,,6,6,1,22,9,121.5535063,25.0276517
111,11,15,11,8,2,04大安區,大安區通化街與通化街175巷口,0,0,3,2,C03,8,1,5,30,4,1,1,5,4,5,7,4,4,4,5,5,2,15,2,26,2,9,1,1,7,9,1,10,1,12,,44,6,1,22,9,121.5535063,25.0276517
111,11,15,11,8,2,04大安區,大安區通化街與通化街175巷口,0,0,3,3,H02,8,1,5,30,4,1,1,5,4,5,7,4,4,4,5,5,2,15,2,66,2,2,1,5,7,20,8,20,10,16,,67,6,1,22,9,121.5535063,25.0276517
111,11,15,11,10,2,03中山區,中山區建國北路3段與農安街口,0,0,1,1,C03,8,1,5,50,14,9,1,5,4,5,7,4,4,1,3,5,1,16,1,79,2,9,1,1,7,7,1,10,11,14,,7,7,1,22,9,121.5368952,25.0651919
111,11,15,11,10,2,03中山區,中山區建國北路3段與農安街口,0,0,1,2,B03,8,1,5,50,14,9,1,5,4,5,7,4,4,1,3,5,1,16,1,57,3,10,1,1,7,9,1,8,1,2,,23,7,1,22,9,121.5368952,25.0651919
111,11,15,11,18,2,03中山區,中山區復興北路488巷2弄與五常街口,0,0,1,1,C03,8,1,5,30,3,2,1,5,4,5,7,4,4,10,5,5,1,17,1,42,2,7,3,4,7,6,1,10,1,11,,9,9,1,22,9,121.543697,25.0645731
111,11,15,11,18,2,03中山區,中山區復興北路488巷2弄與五常街口,0,0,1,2,B03,8,1,5,30,3,2,1,5,4,5,7,4,4,10,5,5,1,17,1,65,3,10,3,4,7,9,1,8,1,1,,44,9,1,22,9,121.543697,25.0645731
111,11,15,11,42,2,08士林區,士林區仰德大道4段格致國中前120燈桿,0,0,3,1,C03,8,1,5,40,14,9,1,5,4,5,7,4,4,5,4,5,2,17,2,20,2,9,1,1,7,9,1,10,1,14,,23,23,1,22,9,121.5469596,25.13095898
111,11,15,11,42,2,08士林區,士林區仰德大道4段格致國中前120燈桿,0,0,3,2,C03,8,1,5,40,14,9,1,5,4,5,7,4,4,5,4,5,2,17,2,20,2,9,1,1,7,9,1,10,1,12,,44,23,1,22,9,121.5469596,25.13095898
111,11,15,11,42,2,08士林區,士林區仰德大道4段格致國中前120燈桿,0,0,3,3,H02,8,1,5,40,14,9,1,5,4,5,7,4,4,5,4,5,2,17,2,19,2,7,1,5,7,20,8,20,10,16,,67,23,1,22,9,121.5469596,25.13095898
111,11,15,11,50,2,06松山區,松山區南京東路5段250巷與東興路15巷口,0,0,1,1,C03,8,1,5,30,4,1,1,5,4,5,7,4,4,10,5,5,2,15,1,41,2,9,1,1,7,9,1,10,1,12,,6,6,1,22,9,121.566097,25.0501502
111,11,15,11,50,2,06松山區,松山區南京東路5段250巷與東興路15巷口,0,0,1,2,B12,8,1,5,30,4,1,1,5,4,5,7,4,4,10,5,5,2,15,1,26,3,10,1,1,7,9,1,8,1,8,,14,6,1,22,9,121.566097,25.0501502
111,11,15,11,59,2,04大安區,大安區大安路1段與大安路1段16巷口,0,0,2,1,C03,8,1,5,40,3,1,1,5,4,5,7,4,4,10,4,5,2,16,1,42,2,9,1,1,7,5,1,10,1,14,,23,23,1,22,9,121.5461823,25.0442341
111,11,15,11,59,2,04大安區,大安區大安路1段與大安路1段16巷口,0,0,2,2,C03,8,1,5,40,3,1,1,5,4,5,7,4,4,10,4,5,2,16,1,43,2,9,1,1,7,9,1,10,1,12,,13,23,1,22,9,121.5461823,25.0442341
111,11,15,12,19,2,12內湖區,內湖區內湖路1段與麗山街口,0,0,1,1,B12,8,1,5,40,4,1,1,5,4,5,7,2,1,9,4,4,1,17,1,51,3,10,1,1,7,1,1,8,2,15,,19,10,1,22,9,121.5722238,25.08103355
111,11,15,12,19,2,12內湖區,內湖區內湖路1段與麗山街口,0,0,1,2,C03,8,1,5,40,4,1,1,5,4,5,7,2,1,9,4,4,1,17,1,63,2,9,1,1,7,9,1,10,2,15,,44,10,1,22,9,121.5722238,25.08103355
111,11,15,12,56,2,08士林區,士林區光華路與長春街口,0,0,1,1,B03,8,1,5,30,3,1,1,5,4,5,7,4,4,9,5,5,1,12,1,21,3,10,1,1,7,5,1,10,1,8,,8,8,1,22,9,121.5453814,25.13737377
111,11,15,12,56,2,08士林區,士林區光華路與長春街口,0,0,1,2,C03,8,1,5,30,3,1,1,5,4,5,7,4,4,9,5,5,1,12,2,22,2,9,1,1,7,4,1,10,1,11,,23,8,1,22,9,121.5453814,25.13737377
111,11,15,13,0,2,06松山區,松山區濱江街862號,0,0,2,1,B03,8,1,5,40,14,7,1,5,4,5,7,4,4,1,4,4,2,17,1,38,3,10,1,1,7,1,1,8,9,15,,19,19,1,22,9,121.5594736,25.07129586
111,11,15,13,0,2,06松山區,松山區濱江街862號,0,0,2,2,C03,8,1,5,40,14,7,1,5,4,5,7,4,4,1,4,4,2,17,2,49,4,11,3,4,7,15,7,19,9,15,,44,19,2,22,9,121.5594736,25.07129586
111,11,15,13,0,2,06松山區,松山區濱江街862號,0,0,2,3,C03,8,1,5,40,14,7,1,5,4,5,7,4,4,1,4,4,2,17,1,26,2,9,1,1,7,9,1,10,2,12,,16,19,1,22,9,121.5594736,25.07129586
111,11,15,13,0,2,06松山區,松山區濱江街862號,0,0,2,4,H02,8,1,5,40,14,7,1,5,4,5,7,4,4,1,4,4,2,17,1,31,2,9,1,5,7,20,8,20,10,16,,67,19,1,22,9,121.5594736,25.07129586
111,11,15,13,2,2,08士林區,士林區中山北路5段與至誠路2段口,0,0,1,1,C03,8,1,5,50,5,1,1,5,4,5,7,3,1,9,4,5,1,17,1,71,2,9,1,1,7,5,1,10,1,12,,8,8,1,22,9,121.5264358,25.10103532
111,11,15,13,2,2,08士林區,士林區中山北路5段與至誠路2段口,0,0,1,2,B03,8,1,5,50,5,1,1,5,4,5,7,3,1,9,4,5,1,17,1,39,3,10,1,1,7,5,1,8,1,4,,8,8,1,22,9,121.5264358,25.10103532
111,11,15,13,10,2,12內湖區,內湖區民權東路6段296巷與康寧路3段26巷口,0,0,2,1,B02,8,1,5,30,4,1,1,5,4,5,7,4,4,10,5,5,2,15,1,42,2,9,1,1,7,9,1,8,2,1,,6,6,1,22,9,121.6074947,25.0713137
111,11,15,13,10,2,12內湖區,內湖區民權東路6段296巷與康寧路3段26巷口,0,0,2,2,C03,8,1,5,30,4,1,1,5,4,5,7,4,4,10,5,5,2,15,1,33,2,9,1,1,7,9,1,10,2,12,,23,6,1,22,9,121.6074947,25.0713137
111,11,15,13,33,2,12內湖區,內湖區民權東路6段56巷與民權東路6段56巷口口,0,0,1,1,B03,8,1,5,50,4,1,1,5,4,1,7,4,4,1,4,5,2,16,2,54,3,10,1,1,7,6,1,8,1,5,,6,6,1,22,9,121.5854969,25.06721131
111,11,15,13,33,2,12內湖區,內湖區民權東路6段56巷與民權東路6段56巷口口,0,0,1,2,C03,8,1,5,50,4,1,1,5,4,1,7,4,4,1,4,5,2,16,1,32,2,8,1,1,7,9,1,10,1,14,,44,6,1,22,9,121.5854969,25.06721131
111,11,15,13,55,2,03中山區,中山區明水路與樂群一路口,0,0,1,2,C03,8,1,5,50,14,9,1,5,4,5,7,1,1,1,3,5,1,17,2,23,2,8,1,1,7,9,1,10,9,14,,44,7,1,22,9,121.5505517,25.0772431
111,11,15,13,55,2,03中山區,中山區明水路與樂群一路口,0,0,1,1,B03,8,1,5,50,14,9,1,5,4,5,7,1,1,1,3,5,1,17,2,28,3,10,1,1,7,8,1,8,9,15,,7,7,1,22,9,121.5505517,25.0772431
111,11,15,13,55,2,07信義區,信義區基隆路1段與松壽路口,0,0,1,1,B02,8,1,5,50,4,1,1,5,4,5,7,1,1,9,4,5,2,12,1,47,3,10,1,1,7,6,1,8,1,2,,9,9,1,22,9,121.5614363,25.0358553
111,11,15,13,55,2,07信義區,信義區基隆路1段與松壽路口,0,0,1,2,C04,8,1,5,50,4,1,1,5,4,5,7,1,1,9,4,5,2,12,2,29,2,9,1,1,7,9,1,10,1,11,,26,9,1,22,9,121.5614363,25.0358553
111,11,15,14,5,2,10文山區,文山區景福街與羅斯福路6段142巷口,0,0,1,1,C03,6,1,5,30,3,2,1,4,4,5,7,4,4,10,5,5,2,13,1,68,2,9,1,1,7,9,1,10,11,14,,23,23,1,22,9,121.5359025,24.9964567
111,11,15,14,5,2,10文山區,文山區景福街與羅斯福路6段142巷口,0,0,1,2,A12,6,1,5,30,3,2,1,4,4,5,7,4,4,10,5,5,2,13,1,52,3,10,3,4,7,13,1,8,11,6,,38,23,1,22,9,121.5359025,24.9964567
111,11,15,14,28,2,01大同區,大同區承德路2段與承德路2段75巷口,0,0,1,1,B03,7,1,5,50,3,2,1,5,4,5,7,4,4,1,4,5,2,17,1,37,3,10,3,4,7,3,1,8,1,8,,18,18,1,22,9,121.5183325,25.05620642
111,11,15,14,28,2,01大同區,大同區承德路2段與承德路2段75巷口,0,0,1,2,C03,7,1,5,50,3,2,1,5,4,5,7,4,4,1,4,5,2,17,1,19,2,7,3,4,7,9,1,10,1,15,,44,18,1,22,9,121.5183325,25.05620642
111,11,15,14,28,2,03中山區,中山區長春路88號對面,0,0,1,2,C03,8,1,5,30,14,8,1,5,4,5,7,4,4,8,3,4,1,16,2,29,2,9,1,1,7,9,3,18,1,14,,43,6,1,22,9,121.5269919,25.0549534
111,11,15,14,28,2,03中山區,中山區長春路88號對面,0,0,1,1,B12,8,1,5,30,14,8,1,5,4,5,7,4,4,8,3,4,1,16,1,49,3,10,1,1,7,11,1,8,11,7,,6,6,1,22,9,121.5269919,25.0549534
111,11,15,14,32,2,09北投區,北投區復興三路與復興二路口,0,0,1,1,A12,8,1,5,30,14,9,1,5,4,5,7,4,4,9,4,5,2,29,1,44,3,10,1,1,7,15,1,1,2,2,,42,14,1,22,9,121.5030413,25.14414022
111,11,15,14,32,2,09北投區,北投區復興三路與復興二路口,0,0,1,2,B03,8,1,5,30,14,9,1,5,4,5,7,4,4,9,4,5,2,29,3,,,,,,,,,,,,,67,14,1,,,121.5030413,25.14414022
111,11,15,14,32,2,09北投區,北投區復興三路與復興二路口,0,0,1,3,B03,8,1,5,30,14,9,1,5,4,5,7,4,4,9,4,5,2,29,3,,,,,,,,,,,,,67,14,1,,,121.5030413,25.14414022
111,11,15,14,32,2,09北投區,北投區復興三路與復興二路口,0,0,1,4,B03,8,1,5,30,14,9,1,5,4,5,7,4,4,9,4,5,2,29,3,,,,,,,,,,,,,67,14,1,,,121.5030413,25.14414022
111,11,15,14,32,2,09北投區,北投區復興三路與復興二路口,0,0,1,5,C03,8,1,5,30,14,9,1,5,4,5,7,4,4,9,4,5,2,29,3,,,,,,,,,,,,,67,14,1,,,121.5030413,25.14414022
111,11,15,14,32,2,09北投區,北投區復興三路與復興二路口,0,0,1,6,B03,8,1,5,30,14,9,1,5,4,5,7,4,4,9,4,5,2,29,3,,,,,,,,,,,,,67,14,1,,,121.5030413,25.14414022
111,11,15,14,32,2,09北投區,北投區復興三路與復興二路口,0,0,1,7,,8,1,5,30,14,9,1,5,4,5,7,4,4,9,4,5,2,29,3,,,,,,,,,,,,,67,14,1,,,121.5030413,25.14414022
111,11,15,14,32,2,09北投區,北投區復興三路與復興二路口,0,0,1,8,H02,8,1,5,30,14,9,1,5,4,5,7,4,4,9,4,5,2,29,1,20,2,9,1,1,7,20,8,20,10,16,,67,14,1,22,9,121.5030413,25.14414022
111,11,15,14,50,2,05中正區,中正區汀州路3段與羅斯福路3段244巷口口,0,0,1,1,C03,8,1,5,30,3,1,1,5,4,5,7,4,4,10,5,5,2,16,1,24,3,10,1,1,7,5,1,10,1,11,,6,6,1,22,9,121.5303986,25.0163808
111,11,15,14,50,2,05中正區,中正區汀州路3段與羅斯福路3段244巷口口,0,0,1,2,C03,8,1,5,30,3,1,1,5,4,5,7,4,4,10,5,5,2,16,2,47,2,9,1,1,7,9,1,10,1,12,,44,6,1,22,9,121.5303986,25.0163808
111,11,15,14,50,2,05中正區,中正區汀州路3段與羅斯福路3段244巷口口,0,0,1,3,B11,8,1,5,30,3,1,1,5,4,5,7,4,4,10,5,5,2,16,1,29,4,11,3,4,7,13,7,19,11,15,,38,6,1,22,9,121.5303986,25.0163808
111,11,15,15,10,2,04大安區,大安區愛國東路與杭州南路2段口,0,0,1,1,B12,8,1,5,50,4,1,1,5,4,5,7,2,1,9,4,5,1,11,1,35,3,10,1,4,7,5,1,8,1,6,,8,8,1,22,9,121.5225782,25.0322895
111,11,15,15,10,2,04大安區,大安區愛國東路與杭州南路2段口,0,0,1,2,C03,8,1,5,50,4,1,1,5,4,5,7,2,1,9,4,5,1,11,1,22,2,8,1,4,7,9,1,10,1,12,,23,8,1,22,9,121.5225782,25.0322895
111,11,15,15,40,2,04大安區,大安區敦化南路2段與四維路154巷口,0,0,2,1,B03,8,1,5,50,4,1,1,5,4,5,7,2,1,1,4,5,2,17,1,39,3,10,3,4,7,5,1,8,1,4,,8,8,1,22,9,121.5485679,25.0309275
111,11,15,15,40,2,04大安區,大安區敦化南路2段與四維路154巷口,0,0,2,2,C03,8,1,5,50,4,1,1,5,4,5,7,2,1,1,4,5,2,17,1,28,2,9,3,4,7,9,1,10,1,11,,44,8,1,22,9,121.5485679,25.0309275
111,11,15,15,40,2,04大安區,大安區敦化南路2段與四維路154巷口,0,0,2,3,H02,8,1,5,50,4,1,1,5,4,5,7,2,1,1,4,5,2,17,2,29,2,9,3,5,7,20,8,20,10,16,,67,8,1,22,9,121.5485679,25.0309275
111,11,15,16,10,2,03中山區,中山區民權東路3段75巷與復興北路430巷口,0,0,1,1,B01,8,2,5,30,4,1,1,5,4,5,7,3,1,9,4,5,2,16,1,49,3,10,3,4,7,9,1,4,1,1,,6,6,1,10,9,121.5436856,25.0633919
111,11,15,16,10,2,03中山區,中山區民權東路3段75巷與復興北路430巷口,0,0,1,2,C03,8,2,5,30,4,1,1,5,4,5,7,3,1,9,4,5,2,16,2,72,2,9,3,4,7,9,1,10,1,14,,44,6,1,19,9,121.5436856,25.0633919
111,11,15,16,17,2,04大安區,大安區羅斯福路3段283巷與新生南路3段76巷口,0,0,1,1,F01,7,1,5,30,4,1,1,5,4,5,7,4,4,10,5,5,2,17,1,40,2,9,1,1,7,9,8,20,1,16,,26,44,1,22,9,121.5316962,25.0193276
111,11,15,16,17,2,04大安區,大安區羅斯福路3段283巷與新生南路3段76巷口,0,0,1,2,B02,7,1,5,30,4,1,1,5,4,5,7,4,4,10,5,5,2,17,1,23,3,10,1,1,7,5,1,6,1,1,,44,44,1,22,9,121.5316962,25.0193276
111,11,15,16,20,2,08士林區,士林區延平北路5段與中正路口,0,0,2,1,C03,8,1,5,50,4,1,1,5,4,5,7,1,1,1,4,5,2,16,1,19,3,10,1,1,7,5,1,10,1,13,,8,8,1,22,9,121.5092395,25.08688867
111,11,15,16,20,2,08士林區,士林區延平北路5段與中正路口,0,0,2,2,C03,8,1,5,50,4,1,1,5,4,5,7,1,1,1,4,5,2,16,2,42,2,9,1,1,7,9,1,10,1,11,,44,8,1,22,9,121.5092395,25.08688867
111,11,15,16,20,2,08士林區,士林區延平北路5段與中正路口,0,0,2,3,H02,8,1,5,50,4,1,1,5,4,5,7,1,1,1,4,5,2,16,1,17,2,9,1,5,7,21,8,20,10,16,,67,8,1,22,9,121.5092395,25.08688867
111,11,15,16,20,2,12內湖區,內湖區瑞光路548巷與瑞光路口,0,0,1,1,B01,8,1,5,50,4,1,1,5,4,5,7,2,1,5,4,5,2,16,1,50,3,10,1,1,7,11,1,4,1,5,,26,26,1,22,9,121.5673193,25.0797097
111,11,15,16,20,2,12內湖區,內湖區瑞光路548巷與瑞光路口,0,0,1,2,C03,8,1,5,50,4,1,1,5,4,5,7,2,1,5,4,5,2,16,2,21,2,9,1,1,7,9,1,10,1,11,,44,26,1,22,9,121.5673193,25.0797097
111,11,15,16,25,2,11南港區,南港區忠孝東路6段與昆陽街口,0,0,1,1,B01,8,1,5,50,4,2,1,5,4,5,7,2,1,10,5,5,2,6,1,52,3,10,3,4,7,9,1,4,1,1,,15,15,1,22,9,121.5940564,25.05027564
111,11,15,16,25,2,11南港區,南港區忠孝東路6段與昆陽街口,0,0,1,2,H01,8,1,5,50,4,2,1,5,4,5,7,2,1,10,5,5,2,6,1,6,2,9,4,5,8,18,8,20,10,16,,67,15,1,22,9,121.5940564,25.05027564
111,11,15,16,33,2,04大安區,大安區復興南路1段305號,0,0,2,1,C04,8,1,5,50,14,9,1,5,4,5,7,4,4,1,4,5,1,12,2,33,2,8,3,4,7,15,1,11,1,11,,16,16,1,22,9,121.5437163,25.03469729
111,11,15,16,33,2,04大安區,大安區復興南路1段305號,0,0,2,2,B02,8,1,5,50,14,9,1,5,4,5,7,4,4,1,4,5,1,12,1,58,3,10,3,4,7,9,1,8,1,2,,44,16,1,22,9,121.5437163,25.03469729
111,11,15,16,33,2,04大安區,大安區復興南路1段305號,0,0,2,3,B01,8,1,5,50,14,9,1,5,4,5,7,4,4,1,4,5,1,12,1,63,3,10,3,4,7,9,1,4,11,15,,14,16,1,22,9,121.5437163,25.03469729
111,11,15,16,33,2,04大安區,大安區復興南路1段305號,0,0,2,4,H02,8,1,5,50,14,9,1,5,4,5,7,4,4,1,4,5,1,12,2,35,2,8,3,5,7,20,8,20,10,16,,67,16,1,22,9,121.5437163,25.03469729
111,11,15,16,40,2,09北投區,北投區承德路7段97號,0,0,2,1,B01,8,1,5,60,14,9,1,5,4,5,7,4,4,1,4,5,2,16,1,50,2,7,1,1,7,6,1,4,1,2,,9,9,1,22,9,121.5095231,25.11208224
111,11,15,16,40,2,09北投區,北投區承德路7段97號,0,0,2,2,C03,8,1,5,60,14,9,1,5,4,5,7,4,4,1,4,5,2,16,1,18,2,9,1,1,7,9,1,10,1,14,,44,9,1,22,9,121.5095231,25.11208224
111,11,15,16,41,2,04大安區,大安區師大路1號,0,0,2,1,C03,8,2,5,50,14,9,1,5,4,5,7,4,4,9,4,5,2,17,1,33,2,3,1,4,7,9,1,10,1,11,,23,23,1,22,9,121.528549,25.0263569
111,11,15,16,41,2,04大安區,大安區師大路1號,0,0,2,2,A04,8,2,5,50,14,9,1,5,4,5,7,4,4,9,4,5,2,17,1,57,3,10,1,4,7,3,1,2,1,15,,44,23,1,22,9,121.528549,25.0263569
111,11,15,16,41,2,04大安區,大安區師大路1號,0,0,2,3,H02,8,2,5,50,14,9,1,5,4,5,7,4,4,9,4,5,2,17,2,17,2,8,4,5,7,19,8,20,10,16,,56,23,1,22,9,121.528549,25.0263569
111,11,15,16,45,2,10文山區,文山區萬芳路與萬和街口,0,0,1,1,C04,7,2,5,50,3,2,1,5,4,5,7,2,1,5,4,5,2,17,2,70,2,9,1,1,7,9,1,11,2,11,,13,13,1,22,9,121.5688331,24.9987517
111,11,15,16,45,2,10文山區,文山區萬芳路與萬和街口,0,0,1,2,B03,7,2,5,50,3,2,1,5,4,5,7,2,1,5,4,5,2,17,1,57,3,10,1,1,7,8,1,8,2,6,,7,13,1,22,9,121.5688331,24.9987517
111,11,15,17,13,2,08士林區,士林區堤外便道與延平北路7段106巷口(社子風箏公園),0,0,1,1,C03,8,1,5,30,4,1,1,5,4,5,7,4,4,10,5,5,2,13,1,21,2,9,1,1,7,9,1,10,2,11,,16,16,1,22,9,121.5026979,25.09399361
111,11,15,17,13,2,08士林區,士林區堤外便道與延平北路7段106巷口(社子風箏公園),0,0,1,2,C03,8,1,5,30,4,1,1,5,4,5,7,4,4,10,5,5,2,13,1,30,3,10,1,1,7,14,1,10,2,13,,42,16,1,22,9,121.5026979,25.09399361
111,11,15,17,18,2,06松山區,松山區敦化北路與民權東路4段口,0,0,1,1,F01,7,1,5,50,5,1,1,5,4,5,7,2,1,10,5,5,2,9,1,53,3,10,1,1,7,9,8,20,11,16,,23,,1,22,9,121.5510996,25.06159885
111,11,15,17,18,2,06松山區,松山區敦化北路與民權東路4段口,0,0,1,2,H01,7,1,5,50,5,1,1,5,4,5,7,2,1,10,5,5,2,9,2,36,2,9,4,5,8,16,8,20,10,16,,67,,1,22,9,121.5510996,25.06159885
111,11,15,17,18,2,08士林區,士林區承德路4段152號對面往北,0,0,1,1,B03,8,3,5,50,14,9,1,5,4,5,7,1,1,1,4,5,2,12,2,24,3,10,1,1,7,7,1,8,2,7,,7,7,1,22,9,121.523423,25.08533715