發生年度,發生月,發生日,發生時-Hours,發生分,處理別-編號,區序,肇事地點,死亡人數,2-30日死亡人數,受傷人數,當事人序號,車種,天候,光線,道路類別,速限-速度限制,道路型態,事故位置,路面狀況1,路面狀況2,路面狀況3,道路障礙1,道路障礙2,號誌1,號誌2,車道劃分-分向,車道劃分-分道1,車道劃分-分道2,車道劃分-分道3,事故類型及型態,性別,年齡,受傷程度,主要傷處,安全帽,行動電話,車輛用途,當事者行動狀態,駕駛資格情形,駕駛執照種類,飲酒情形,車輛撞擊部位1,車輛撞擊部位2,肇因碼-個別,肇因碼-主要,個人肇逃否,職業,旅次目的,座標-X,座標-Y
111,11,15,17,18,2,08士林區,士林區承德路4段152號對面往北,0,0,1,2,C03,8,3,5,50,14,9,1,5,4,5,7,1,1,1,4,5,2,12,1,20,2,1,1,1,7,9,1,10,2,11,,13,7,1,22,9,121.523423,25.08533715
111,11,15,17,30,2,10文山區,文山區景隆街與景隆街36巷口,0,0,2,1,C03,6,3,5,50,3,1,1,4,4,5,7,3,1,5,5,4,2,3,2,46,2,9,1,1,7,9,1,10,2,11,,15,23,1,22,9,121.5437116,24.998801
111,11,15,17,30,2,10文山區,文山區景隆街與景隆街36巷口,0,0,2,2,H01,6,3,5,50,3,1,1,4,4,5,7,3,1,5,5,4,2,3,2,59,2,9,4,5,8,16,8,20,10,16,,51,23,1,22,9,121.5437116,24.998801
111,11,15,17,50,2,03中山區,中山區遼寧街185巷與南京東路3段223巷口,0,0,1,1,C03,8,3,5,30,4,1,1,5,4,5,7,4,4,10,3,5,1,16,1,23,3,10,1,1,7,9,1,10,1,12,,6,6,1,22,9,121.5433818,25.0533116
111,11,15,17,50,2,03中山區,中山區遼寧街185巷與南京東路3段223巷口,0,0,1,2,C03,8,3,5,30,4,1,1,5,4,5,7,4,4,10,3,5,1,16,2,27,2,9,1,1,7,9,1,10,1,11,,44,6,1,22,9,121.5433818,25.0533116
111,11,15,17,59,2,06松山區,松山區民生東路3段與敦化北路口口,0,0,1,1,B03,8,3,5,30,5,2,1,5,4,5,7,2,1,1,4,4,2,13,1,56,3,10,1,1,7,6,1,8,1,5,,16,25,1,22,9,121.5488071,25.05783977
111,11,15,17,59,2,06松山區,松山區民生東路3段與敦化北路口口,0,0,1,2,C03,8,3,5,30,5,2,1,5,4,5,7,2,1,1,4,4,2,13,2,33,2,8,1,1,7,12,1,10,1,13,,44,25,1,22,9,121.5488071,25.05783977
111,11,15,18,0,2,09北投區,北投區東昇路111號,0,0,1,1,B03,8,3,5,30,14,9,1,5,4,5,7,4,4,9,4,5,2,11,1,21,3,10,1,1,7,9,1,8,1,8,,42,42,1,22,9,121.5311904,25.1583168
111,11,15,18,0,2,09北投區,北投區東昇路111號,0,0,1,2,C03,8,3,5,30,14,9,1,5,4,5,7,4,4,9,4,5,2,11,2,29,2,8,1,1,7,9,1,10,1,14,,44,42,1,22,9,121.5311904,25.1583168
111,11,15,18,0,2,11南港區,南港區研究院路3段2巷,0,0,1,1,B03,8,3,5,50,13,18,1,5,4,5,7,2,1,10,5,5,2,3,1,75,3,10,3,4,7,5,1,8,2,1,,15,15,1,22,9,121.6168288,25.03639568
111,11,15,18,0,2,11南港區,南港區研究院路3段2巷,0,0,1,2,H01,8,3,5,50,13,18,1,5,4,5,7,2,1,10,5,5,2,3,2,68,2,9,4,5,8,16,8,20,10,16,,67,15,1,22,9,121.6168288,25.03639568
111,11,15,18,6,2,10文山區,文山區木新路3段與一壽街口,0,0,2,1,C03,7,3,5,50,3,1,1,5,4,5,7,1,1,5,4,5,2,16,2,45,2,7,1,1,7,11,1,10,1,14,,10,10,1,22,9,121.5561751,24.9805372
111,11,15,18,6,2,10文山區,文山區木新路3段與一壽街口,0,0,2,2,C03,7,3,5,50,3,1,1,5,4,5,7,1,1,5,4,5,2,16,1,18,2,9,1,1,7,9,1,10,1,14,,44,10,1,22,9,121.5561751,24.9805372
111,11,15,18,21,2,03中山區,中山區民生東路2段與吉林路口,0,0,2,1,C03,8,3,5,50,4,2,1,5,4,5,7,2,1,9,4,5,2,16,2,20,2,9,3,4,7,6,1,10,1,12,,9,9,1,22,9,121.5302821,25.05799429
111,11,15,18,21,2,03中山區,中山區民生東路2段與吉林路口,0,0,2,2,C03,8,3,5,50,4,2,1,5,4,5,7,2,1,9,4,5,2,16,1,25,2,9,3,4,7,9,7,19,1,11,,44,9,1,22,9,121.5302821,25.05799429
111,11,15,18,23,2,03中山區,中山區濱江街197號,0,0,1,1,B03,8,3,5,50,14,9,1,5,4,5,7,4,4,1,5,5,2,12,1,53,3,10,1,1,7,6,1,8,2,2,,9,9,1,22,9,121.5396898,25.0726695
111,11,15,18,23,2,03中山區,中山區濱江街197號,0,0,1,2,C03,8,3,5,50,14,9,1,5,4,5,7,4,4,1,5,5,2,12,1,24,2,9,1,1,7,9,1,10,2,14,,44,9,1,22,9,121.5396898,25.0726695
111,11,15,18,30,2,04大安區,大安區市民大道4段與延吉街口口,0,0,2,1,B02,8,3,5,50,4,2,1,5,4,5,7,2,1,5,4,5,2,12,1,53,4,11,3,4,7,15,7,19,11,15,,17,17,2,22,9,121.553821,25.04419691
111,11,15,18,30,2,04大安區,大安區市民大道4段與延吉街口口,0,0,2,2,C03,8,3,5,50,4,2,1,5,4,5,7,2,1,5,4,5,2,12,2,60,2,9,3,4,7,9,1,10,1,14,,17,17,1,22,9,121.553821,25.04419691
111,11,15,18,30,2,04大安區,大安區市民大道4段與延吉街口口,0,0,2,3,H02,8,3,5,50,4,2,1,5,4,5,7,2,1,5,4,5,2,12,2,57,2,9,4,5,7,21,8,20,10,16,,67,17,1,22,9,121.553821,25.04419691
111,11,15,18,36,2,12內湖區,內湖區金龍路177號,0,0,1,1,B03,8,3,5,50,3,1,1,5,4,5,7,2,1,9,4,5,2,13,1,25,3,10,1,1,7,9,1,8,2,1,,23,23,1,22,9,121.5886326,25.08657362
111,11,15,18,36,2,12內湖區,內湖區金龍路177號,0,0,1,2,C03,8,3,5,50,3,1,1,5,4,5,7,2,1,9,4,5,2,13,1,27,2,9,1,1,7,14,1,10,2,13,,44,23,1,22,9,121.5886326,25.08657362
111,11,15,18,50,2,12內湖區,內湖區內湖路1段與港墘路口,0,0,1,1,B03,7,3,5,50,3,1,1,5,4,5,7,4,4,3,5,5,2,12,1,42,3,10,1,1,7,6,1,8,1,5,,9,9,1,22,9,121.5766619,25.0789571
111,11,15,18,50,2,12內湖區,內湖區內湖路1段與港墘路口,0,0,1,2,C03,7,3,5,50,3,1,1,5,4,5,7,4,4,3,5,5,2,12,2,54,2,9,1,1,7,9,1,10,1,14,,23,9,1,22,9,121.5766619,25.0789571
111,11,15,19,0,2,10文山區,文山區景興路與景華街口,0,0,2,1,C03,8,3,5,50,4,1,1,5,4,5,7,2,1,1,4,5,2,16,1,19,2,7,1,1,7,5,3,18,1,11,,6,6,1,22,9,121.5446401,24.9951298
111,11,15,19,0,2,10文山區,文山區景興路與景華街口,0,0,2,2,C03,8,3,5,50,4,1,1,5,4,5,7,2,1,1,4,5,2,16,1,34,2,9,1,1,7,9,1,10,1,11,,44,6,1,22,9,121.5446401,24.9951298
111,11,15,19,3,2,06松山區,松山區塔悠路326號,0,0,1,1,C03,7,3,5,50,14,9,1,5,4,5,7,4,4,1,4,5,2,13,1,63,2,5,1,1,7,5,1,10,1,13,,8,8,1,22,9,121.5684161,25.0623181
111,11,15,19,3,2,06松山區,松山區塔悠路326號,0,0,1,2,B03,7,3,5,50,14,9,1,5,4,5,7,4,4,1,4,5,2,13,1,33,3,10,1,1,7,9,1,8,1,1,,23,8,1,22,9,121.5684161,25.0623181
111,11,15,19,32,2,02萬華區,萬華區華中橋機車道往中和方向(華中067伸縮縫),0,0,3,1,C03,8,3,5,40,8,11,1,5,4,5,7,4,4,3,4,5,2,13,1,38,2,9,1,4,7,7,1,10,1,13,,7,7,1,22,9,121.4953696,25.00979278
111,11,15,19,32,2,02萬華區,萬華區華中橋機車道往中和方向(華中067伸縮縫),0,0,3,2,C03,8,3,5,40,8,11,1,5,4,5,7,4,4,3,4,5,2,13,1,37,2,9,1,4,7,9,1,10,1,11,,13,7,1,22,9,121.4953696,25.00979278
111,11,15,19,32,2,02萬華區,萬華區華中橋機車道往中和方向(華中067伸縮縫),0,0,3,3,H02,8,3,5,40,8,11,1,5,4,5,7,4,4,3,4,5,2,13,2,33,2,9,4,5,7,21,8,20,10,16,,67,7,1,22,9,121.4953696,25.00979278
111,11,15,19,55,2,02萬華區,萬華區環河南路1段與漢口街2段口,0,0,2,1,C03,8,3,5,50,3,1,1,5,4,5,7,3,1,5,4,5,2,16,1,20,2,9,1,1,7,9,1,10,1,11,,13,13,1,22,9,121.503652,25.04647549
111,11,15,19,55,2,02萬華區,萬華區環河南路1段與漢口街2段口,0,0,2,2,C03,8,3,5,50,3,1,1,5,4,5,7,3,1,5,4,5,2,16,1,25,2,9,1,1,7,6,1,10,1,13,,9,13,1,22,9,121.503652,25.04647549
111,11,15,20,14,2,04大安區,大安區復興南路1段247號,0,0,1,1,C03,8,3,5,40,14,8,1,5,4,5,7,4,4,10,3,4,2,13,1,38,3,10,1,1,7,9,1,10,1,11,,16,16,1,22,9,121.5437945,25.0369632
111,11,15,20,14,2,04大安區,大安區復興南路1段247號,0,0,1,2,C04,8,3,5,40,14,8,1,5,4,5,7,4,4,10,3,4,2,13,2,36,2,9,1,1,7,9,1,8,1,13,,44,16,1,22,9,121.5437945,25.0369632
111,11,15,21,3,2,10文山區,文山區基隆路4段與汀州路4段口,0,0,2,1,C03,8,3,5,50,4,1,1,5,4,5,7,2,1,5,5,5,2,16,1,27,2,7,1,1,7,11,1,10,1,11,,26,6,1,22,9,121.5362724,25.0109207
111,11,15,21,3,2,10文山區,文山區基隆路4段與汀州路4段口,0,0,2,2,C03,8,3,5,50,4,1,1,5,4,5,7,2,1,5,5,5,2,16,1,33,2,7,1,1,7,5,1,10,1,11,,8,6,1,22,9,121.5362724,25.0109207
111,11,15,21,7,2,07信義區,信義區基隆路2段141號,0,0,1,1,B03,8,1,5,50,14,9,1,5,4,5,7,4,4,1,4,5,2,17,1,31,3,10,3,4,7,9,1,8,1,5,,23,23,1,22,9,121.5559301,25.0272292
111,11,15,21,7,2,07信義區,信義區基隆路2段141號,0,0,1,2,C03,8,1,5,50,14,9,1,5,4,5,7,4,4,1,4,5,2,17,1,48,2,9,3,4,7,14,1,10,1,13,,44,23,1,22,9,121.5559301,25.0272292
111,11,15,21,7,2,07信義區,信義區基隆路2段141號,0,0,1,3,C03,8,1,5,50,14,9,1,5,4,5,7,4,4,1,4,5,2,17,3,,,,,,,,,,,,,67,23,1,,,121.5559301,25.0272292
111,11,15,21,8,2,01大同區,大同區延平北路2段與涼州街口,0,0,2,1,B12,8,3,5,50,4,2,1,5,4,5,7,2,1,5,5,5,2,9,1,43,3,10,1,1,7,5,1,8,2,1,,15,15,1,22,9,121.5113632,25.06056927
111,11,15,21,8,2,01大同區,大同區延平北路2段與涼州街口,0,0,2,2,H01,8,3,5,50,4,2,1,5,4,5,7,2,1,5,5,5,2,9,2,45,2,9,4,5,8,16,8,20,10,16,,67,15,1,22,9,121.5113632,25.06056927
111,11,15,21,8,2,01大同區,大同區延平北路2段與涼州街口,0,0,2,3,H01,8,3,5,50,4,2,1,5,4,5,7,2,1,5,5,5,2,9,1,8,2,7,4,5,8,16,8,20,10,16,,67,15,1,22,9,121.5113632,25.06056927
111,11,15,21,20,2,01大同區,大同區延平北路3段與民權西路口,0,0,1,1,B01,7,3,5,50,4,2,1,5,4,5,7,1,1,9,4,5,2,12,1,52,3,10,1,1,7,8,1,4,2,2,,6,43,1,22,9,121.5112449,25.06315067
111,11,15,21,20,2,01大同區,大同區延平北路3段與民權西路口,0,0,1,2,C03,7,3,5,50,4,2,1,5,4,5,7,1,1,9,4,5,2,12,2,62,2,9,1,1,7,9,1,10,1,14,,44,43,1,22,9,121.5112449,25.06315067
111,11,15,21,41,2,12內湖區,內湖區民權東路6段與瑞光路口,0,0,1,1,C03,8,3,5,50,14,9,1,5,4,5,7,2,1,1,4,5,2,17,1,42,2,8,1,1,7,7,1,10,1,14,,7,7,1,22,9,121.5843365,25.06885222
111,11,15,21,41,2,12內湖區,內湖區民權東路6段與瑞光路口,0,0,1,2,C03,8,3,5,50,14,9,1,5,4,5,7,2,1,1,4,5,2,17,1,39,3,10,1,1,7,10,1,10,1,12,,27,7,1,22,9,121.5843365,25.06885222
111,11,15,21,55,2,03中山區,中山區北安路與北安路770巷口,0,0,2,1,C03,8,3,5,50,3,2,1,5,4,5,7,4,4,1,4,5,2,16,1,25,2,9,3,4,7,9,1,10,2,11,,23,16,1,22,9,121.5532366,25.08544144
111,11,15,21,55,2,03中山區,中山區北安路與北安路770巷口,0,0,2,2,C03,8,3,5,50,3,2,1,5,4,5,7,4,4,1,4,5,2,16,2,33,2,9,3,4,7,9,1,10,2,13,,44,16,1,22,9,121.5532366,25.08544144
111,11,15,22,11,2,05中正區,中正區忠孝東路1段與林森北路口,0,0,1,1,C03,8,3,5,50,4,1,1,5,4,5,7,1,1,4,4,5,2,13,1,59,2,7,1,1,7,9,1,10,1,11,,16,16,1,22,9,121.5233523,25.044894
111,11,15,22,11,2,05中正區,中正區忠孝東路1段與林森北路口,0,0,1,2,B03,8,3,5,50,4,1,1,5,4,5,7,1,1,4,4,5,2,13,1,23,3,10,1,1,7,12,1,8,1,3,,44,16,1,22,9,121.5233523,25.044894
111,11,15,22,20,2,03中山區,中山區建國北路2段與南京東路2段口,0,0,1,1,C03,7,3,5,50,4,1,1,5,4,5,7,2,1,1,4,5,2,12,1,19,2,9,3,4,7,5,1,10,1,14,,8,8,1,22,9,121.5365758,25.05192094
111,11,15,22,20,2,03中山區,中山區建國北路2段與南京東路2段口,0,0,1,2,B03,7,3,5,50,4,1,1,5,4,5,7,2,1,1,4,5,2,12,1,37,3,10,3,4,7,9,1,8,1,5,,44,8,1,22,9,121.5365758,25.05192094
111,11,15,22,38,2,07信義區,信義區崇德街與崇德街63巷口口,0,0,2,1,F01,7,3,5,30,3,1,1,5,4,5,7,4,4,7,5,5,2,17,1,53,2,8,3,4,7,5,8,20,1,16,,8,8,1,22,9,121.5549416,25.0242727
111,11,15,22,38,2,07信義區,信義區崇德街與崇德街63巷口口,0,0,2,2,C03,7,3,5,30,3,1,1,5,4,5,7,4,4,7,5,5,2,17,1,21,2,8,3,4,7,9,1,10,1,11,,23,8,1,22,9,121.5549416,25.0242727
111,11,15,22,50,2,08士林區,士林區士東路266巷5弄與士東路286巷口,0,0,2,1,C03,8,3,5,50,4,1,1,5,4,5,7,4,4,5,5,5,2,17,1,19,2,9,1,1,7,5,1,10,1,14,,8,6,1,22,9,121.5374349,25.11242438
111,11,15,22,50,2,08士林區,士林區士東路266巷5弄與士東路286巷口,0,0,2,2,C03,8,3,5,50,4,1,1,5,4,5,7,4,4,5,5,5,2,17,1,18,2,9,1,1,7,9,1,10,1,11,,44,6,1,22,9,121.5374349,25.11242438
111,11,15,23,12,2,03中山區,中山區民權東路2段與建國北路2段口,0,0,1,1,B01,8,3,5,50,4,1,1,5,4,5,7,1,1,1,4,5,2,12,1,62,3,10,1,1,7,6,1,4,1,2,,26,26,1,22,9,121.5367152,25.0622809
111,11,15,23,12,2,03中山區,中山區民權東路2段與建國北路2段口,0,0,1,2,C03,8,3,5,50,4,1,1,5,4,5,7,1,1,1,4,5,2,12,1,19,2,9,1,1,7,9,1,10,1,14,,26,26,1,22,9,121.5367152,25.0622809
111,11,16,0,31,2,07信義區,信義區忠孝東路5段524巷與松山路465巷口,0,0,1,1,C03,7,3,5,30,4,1,1,5,4,5,7,4,4,5,5,5,2,17,2,26,2,9,3,4,7,9,1,10,1,11,,6,6,1,22,9,121.5799405,25.0404045
111,11,16,0,31,2,07信義區,信義區忠孝東路5段524巷與松山路465巷口,0,0,1,2,B03,7,3,5,30,4,1,1,5,4,5,7,4,4,5,5,5,2,17,1,20,3,10,3,4,7,9,1,8,1,7,,14,6,1,22,9,121.5799405,25.0404045
111,11,16,0,52,2,06松山區,松山區八德路4段與八德路4段295巷口口,0,0,1,1,B02,8,3,5,50,3,1,1,5,4,5,7,2,1,9,5,5,2,16,1,34,3,10,1,1,7,11,1,8,1,4,,10,10,1,22,9,121.5662456,25.0490475
111,11,16,0,52,2,06松山區,松山區八德路4段與八德路4段295巷口口,0,0,1,2,C03,8,3,5,50,3,1,1,5,4,5,7,2,1,9,5,5,2,16,2,22,2,9,1,1,7,9,1,10,1,11,,23,10,1,22,9,121.5662456,25.0490475
111,11,16,0,52,2,06松山區,松山區八德路4段與八德路4段295巷口口,0,0,1,3,A11,8,3,5,50,3,1,1,5,4,5,7,2,1,9,5,5,2,16,1,48,3,10,1,1,7,14,1,3,9,15,,38,,1,22,9,121.5662456,25.0490475
111,11,16,3,2,2,04大安區,大安區信義路3段與建國南路2段口,0,0,1,1,B03,7,3,5,50,4,1,1,5,4,5,7,2,1,9,4,5,1,13,1,27,3,10,3,4,7,9,1,8,1,1,,23,23,1,22,9,121.5380496,25.0333372
111,11,16,3,2,2,04大安區,大安區信義路3段與建國南路2段口,0,0,1,2,C03,7,3,5,50,4,1,1,5,4,5,7,2,1,9,4,5,1,13,2,41,2,8,1,1,7,9,1,10,1,13,,44,23,1,22,9,121.5380496,25.0333372
111,11,16,4,50,2,03中山區,中山區龍江路342巷與五常街53巷口,0,0,1,1,C03,7,3,5,30,4,1,1,5,4,5,7,4,4,9,5,5,2,15,1,31,2,9,3,4,7,9,1,10,1,12,,6,6,1,22,9,121.5396329,25.06556131
111,11,16,4,50,2,03中山區,中山區龍江路342巷與五常街53巷口,0,0,1,2,B03,7,3,5,30,4,1,1,5,4,5,7,4,4,9,5,5,2,15,1,18,3,10,3,4,7,9,3,18,1,1,,23,6,1,22,9,121.5396329,25.06556131
111,11,16,5,1,2,11南港區,南港區經貿一路107號與經貿二路105巷口內,0,0,2,1,C03,6,3,5,50,11,7,1,4,4,5,7,4,4,4,3,5,2,18,1,21,2,9,1,1,7,9,1,10,1,14,,43,43,1,22,9,121.6179568,25.05803
111,11,16,5,1,2,11南港區,南港區經貿一路107號與經貿二路105巷口內,0,0,2,2,,6,3,5,50,11,7,1,4,4,5,7,4,4,4,3,5,2,18,3,,,,,,,,,,,,,67,43,1,,,121.6179568,25.05803
111,11,16,5,1,2,11南港區,南港區經貿一路107號與經貿二路105巷口內,0,0,2,3,H02,6,3,5,50,11,7,1,4,4,5,7,4,4,4,3,5,2,18,1,16,2,9,1,1,7,21,8,20,1,16,,67,43,1,22,9,121.6179568,25.05803
111,11,16,6,3,2,01大同區,大同區延平北路2段與延平北路2段61巷口,0,0,1,1,B03,6,2,5,50,4,1,1,4,4,5,7,2,1,5,5,5,2,14,1,23,3,10,1,1,7,2,1,8,2,3,,12,12,1,22,9,121.5117434,25.0554505
111,11,16,6,3,2,01大同區,大同區延平北路2段與延平北路2段61巷口,0,0,1,2,C03,6,2,5,50,4,1,1,4,4,5,7,2,1,5,5,5,2,14,1,49,2,8,1,1,7,5,1,10,2,11,,44,12,1,22,9,121.5117434,25.0554505
111,11,16,6,30,2,12內湖區,內湖區東湖路與東湖路119巷口,0,0,2,1,A04,6,1,5,50,14,9,1,4,4,5,7,2,1,5,4,5,2,17,1,62,3,10,1,1,7,14,1,2,1,15,,40,40,1,22,9,121.6162159,25.06826928
111,11,16,6,30,2,12內湖區,內湖區東湖路與東湖路119巷口,0,0,2,2,C03,6,1,5,50,14,9,1,4,4,5,7,2,1,5,4,5,2,17,2,39,2,9,1,1,7,9,1,10,1,14,,44,40,1,22,9,121.6162159,25.06826928
111,11,16,6,30,2,12內湖區,內湖區東湖路與東湖路119巷口,0,0,2,3,H02,6,1,5,50,14,9,1,4,4,5,7,2,1,5,4,5,2,17,1,12,2,9,1,1,7,21,8,20,10,15,,67,40,1,22,9,121.6162159,25.06826928
111,11,16,7,24,2,09北投區,北投區西安街2段185號,0,0,1,1,C03,8,1,5,50,14,9,1,5,4,5,7,2,1,1,4,5,2,13,1,53,2,8,1,1,7,9,1,10,2,11,,42,44,1,22,9,121.5110901,25.11962098
111,11,16,7,24,2,09北投區,北投區西安街2段185號,0,0,1,2,B12,8,1,5,50,14,9,1,5,4,5,7,2,1,1,4,5,2,13,1,41,3,10,1,1,7,9,1,8,2,6,,43,44,1,22,9,121.5110901,25.11962098
111,11,16,7,42,2,04大安區,大安區市民大道3段180號,0,0,1,1,C03,6,1,5,40,14,9,1,4,4,5,7,4,4,1,4,5,2,17,1,25,2,9,1,1,7,9,1,10,1,11,,23,23,2,22,9,121.5377084,25.04459188
111,11,16,7,42,2,04大安區,大安區市民大道3段180號,0,0,1,2,C03,6,1,5,40,14,9,1,4,4,5,7,4,4,1,4,5,2,17,1,19,3,10,1,1,7,9,1,10,1,13,,44,23,1,22,9,121.5377084,25.04459188
111,11,16,7,58,2,06松山區,松山區民生東路5段82號,0,0,2,1,C03,6,1,5,50,14,9,1,4,4,5,7,4,4,1,4,5,2,13,2,34,2,9,1,1,7,9,1,10,1,11,,16,16,1,22,9,121.5590697,25.05851554
111,11,16,7,58,2,06松山區,松山區民生東路5段82號,0,0,2,2,C03,6,1,5,50,14,9,1,4,4,5,7,4,4,1,4,5,2,13,1,63,2,8,1,1,7,9,1,10,1,13,,44,16,1,22,9,121.5590697,25.05851554
111,11,16,8,10,2,06松山區,松山區市民大道4段123號與市民大道4段口前迴轉道,0,0,1,1,B03,6,1,5,40,4,1,1,4,4,5,7,4,4,8,3,5,1,17,1,47,3,10,3,1,7,5,1,8,1,15,,6,6,1,22,9,121.5502426,25.0448593
111,11,16,8,10,2,06松山區,松山區市民大道4段123號與市民大道4段口前迴轉道,0,0,1,2,C03,6,1,5,40,4,1,1,4,4,5,7,4,4,8,3,5,1,17,1,42,2,9,3,1,7,9,1,10,1,12,,42,6,1,22,9,121.5502426,25.0448593
111,11,16,8,10,2,08士林區,士林區延平北路6段116巷與延平北路6段口,0,0,1,1,C03,7,1,5,50,5,1,1,5,4,5,7,4,4,5,5,5,1,3,1,36,2,9,1,1,7,9,1,9,1,14,,13,13,1,22,9,121.5079047,25.08902554
111,11,16,8,10,2,08士林區,士林區延平北路6段116巷與延平北路6段口,0,0,1,2,H01,7,1,5,50,5,1,1,5,4,5,7,4,4,5,5,5,1,3,2,42,3,10,4,5,8,16,8,20,10,16,,53,13,1,22,9,121.5079047,25.08902554
111,11,16,8,16,2,01大同區,大同區延平北路3段113巷與民族西路282巷口,0,0,2,1,C03,7,1,5,30,4,1,1,4,4,5,7,4,4,10,5,5,2,16,1,23,2,7,1,1,7,9,1,10,1,11,,6,6,1,22,9,121.5115438,25.06823252
111,11,16,8,16,2,01大同區,大同區延平北路3段113巷與民族西路282巷口,0,0,2,2,C03,7,1,5,30,4,1,1,4,4,5,7,4,4,10,5,5,2,16,1,64,2,7,1,1,7,9,1,10,1,11,,23,6,1,22,9,121.5115438,25.06823252
111,11,16,8,23,2,08士林區,士林區中山北路5段與中山北路5段470巷口,0,0,1,1,B03,8,1,5,50,3,2,1,5,4,5,7,4,4,1,4,5,2,17,1,40,3,10,1,1,7,6,1,8,2,5,,9,9,1,22,9,121.5278776,25.09221151
111,11,16,8,23,2,08士林區,士林區中山北路5段與中山北路5段470巷口,0,0,1,2,C02,8,1,5,50,3,2,1,5,4,5,7,4,4,1,4,5,2,17,1,51,2,9,1,1,7,9,1,9,2,14,,44,9,1,22,9,121.5278776,25.09221151
111,11,16,8,28,2,04大安區,大安區和平東路3段與臥龍街口,0,0,1,1,C03,6,1,5,30,4,1,1,4,4,5,7,2,1,1,4,5,2,17,1,39,2,9,1,1,7,9,1,10,1,14,,6,6,1,22,9,121.5467042,25.0246367
111,11,16,8,28,2,04大安區,大安區和平東路3段與臥龍街口,0,0,1,2,B03,6,1,5,30,4,1,1,4,4,5,7,2,1,1,4,5,2,17,1,31,3,10,1,1,7,5,1,8,1,15,,6,6,1,22,9,121.5467042,25.0246367
111,11,16,8,30,2,01大同區,大同區台北橋機車道往三重,0,0,1,1,C03,6,1,5,50,8,11,1,4,4,5,7,4,4,10,5,5,1,18,1,68,2,9,1,1,7,9,1,10,1,14,,43,43,1,22,9,121.5087555,25.06347682
111,11,16,8,30,2,01大同區,大同區台北橋機車道往三重,0,0,1,2,,6,1,5,50,8,11,1,4,4,5,7,4,4,10,5,5,1,18,3,,,,,,,,,,,,,67,43,1,,,121.5087555,25.06347682
111,11,16,8,35,2,01大同區,大同區民權西路167號與民權西路口,0,0,1,1,C03,6,1,5,50,4,2,1,4,4,5,7,2,1,1,4,5,2,16,1,26,3,10,3,4,7,6,1,10,2,12,,9,9,1,22,9,121.5160365,25.06308943
111,11,16,8,35,2,01大同區,大同區民權西路167號與民權西路口,0,0,1,2,F03,6,1,5,50,4,2,1,4,4,5,7,2,1,1,4,5,2,16,2,55,2,9,3,4,7,9,8,20,2,16,,42,9,1,22,9,121.5160365,25.06308943
111,11,16,8,39,2,04大安區,大安區敦化南路2段26號,0,0,3,1,A04,6,1,5,50,14,9,1,4,4,5,7,4,4,1,4,5,2,29,4,,4,11,3,4,7,15,7,19,11,15,,43,43,2,22,9,121.5485496,25.03235921
111,11,16,8,39,2,04大安區,大安區敦化南路2段26號,0,0,3,2,,6,1,5,50,14,9,1,4,4,5,7,4,4,1,4,5,2,29,3,,,,,,,,,,,,,67,43,1,,,121.5485496,25.03235921
111,11,16,8,39,2,04大安區,大安區敦化南路2段26號,0,0,3,3,H01,6,1,5,50,14,9,1,4,4,5,7,4,4,1,4,5,2,29,1,24,2,1,4,1,8,17,8,20,10,16,,67,43,1,22,9,121.5485496,25.03235921
111,11,16,8,39,2,04大安區,大安區敦化南路2段26號,0,0,3,4,H01,6,1,5,50,14,9,1,4,4,5,7,4,4,1,4,5,2,29,2,24,2,1,4,1,8,17,8,20,10,16,,67,43,1,22,9,121.5485496,25.03235921
111,11,16,8,39,2,04大安區,大安區敦化南路2段26號,0,0,3,5,F01,6,1,5,50,14,9,1,4,4,5,7,4,4,1,4,5,2,29,2,69,2,9,1,1,7,9,8,20,1,16,,44,43,1,22,9,121.5485496,25.03235921
111,11,16,8,41,2,11南港區,南港區市民大道8段西往東測速桿,0,0,1,1,C03,6,1,5,50,14,9,1,4,4,5,7,4,4,10,4,5,2,13,1,29,2,8,1,1,7,12,1,10,2,15,,23,23,1,22,9,121.6123128,25.05393917
111,11,16,8,41,2,11南港區,南港區市民大道8段西往東測速桿,0,0,1,2,B03,6,1,5,50,14,9,1,4,4,5,7,4,4,10,4,5,2,13,1,64,3,10,1,1,7,9,1,8,2,15,,44,23,1,22,9,121.6123128,25.05393917
111,11,16,9,13,2,03中山區,中山區北安路與中山北路3段口,0,0,1,1,C03,7,1,5,50,3,2,1,5,4,5,7,1,1,1,4,5,2,13,1,19,3,10,1,1,7,9,1,10,1,11,,13,13,1,22,9,121.5273331,25.0766191
111,11,16,9,13,2,03中山區,中山區北安路與中山北路3段口,0,0,1,2,C03,7,1,5,50,3,2,1,5,4,5,7,1,1,1,4,5,2,13,2,41,2,9,1,1,7,8,1,10,1,13,,7,13,1,22,9,121.5273331,25.0766191
111,11,16,9,35,2,04大安區,大安區延吉街與光復南路308巷口,0,0,1,1,C03,6,1,5,30,4,1,1,4,4,5,7,4,4,5,5,5,2,17,1,67,3,10,3,4,7,9,1,10,1,15,,6,6,1,22,9,121.5546753,25.0389509
111,11,16,9,35,2,04大安區,大安區延吉街與光復南路308巷口,0,0,1,2,C03,6,1,5,30,4,1,1,4,4,5,7,4,4,5,5,5,2,17,1,19,2,9,3,4,7,9,1,10,1,12,,44,6,1,22,9,121.5546753,25.0389509