發生年度,發生月,發生日,發生時-Hours,發生分,處理別-編號,區序,肇事地點,死亡人數,2-30日死亡人數,受傷人數,當事人序號,車種,天候,光線,道路類別,速限-速度限制,道路型態,事故位置,路面狀況1,路面狀況2,路面狀況3,道路障礙1,道路障礙2,號誌1,號誌2,車道劃分-分向,車道劃分-分道1,車道劃分-分道2,車道劃分-分道3,事故類型及型態,性別,年齡,受傷程度,主要傷處,安全帽,行動電話,車輛用途,當事者行動狀態,駕駛資格情形,駕駛執照種類,飲酒情形,車輛撞擊部位1,車輛撞擊部位2,肇因碼-個別,肇因碼-主要,個人肇逃否,職業,旅次目的,座標-X,座標-Y
111,11,16,10,1,2,04大安區,大安區和平東路3段與基隆路2段口,0,0,1,1,C03,6,1,5,50,4,2,1,4,4,5,7,2,1,1,4,5,2,12,2,28,3,10,1,1,7,6,1,10,1,12,,9,9,1,22,9,121.5527802,25.0246912
111,11,16,10,1,2,04大安區,大安區和平東路3段與基隆路2段口,0,0,1,2,C03,6,1,5,50,4,2,1,4,4,5,7,2,1,1,4,5,2,12,2,55,2,9,1,1,7,9,1,10,1,14,,44,9,1,22,9,121.5527802,25.0246912
111,11,16,10,10,2,12內湖區,內湖區瑞光路76巷107號前,0,0,1,1,C03,6,1,5,50,14,9,1,4,4,5,7,4,4,5,4,5,2,16,2,45,2,9,1,1,7,1,1,10,2,14,,19,19,1,22,9,121.5786115,25.0679982
111,11,16,10,10,2,12內湖區,內湖區瑞光路76巷107號前,0,0,1,2,B01,6,1,5,50,14,9,1,4,4,5,7,4,4,5,4,5,2,16,1,41,3,10,1,1,7,9,1,4,2,2,,44,19,1,22,9,121.5786115,25.0679982
111,11,16,10,10,2,07信義區,信義區光復南路與忠孝東路4段口,0,0,1,2,C03,6,1,5,50,14,9,1,4,4,5,7,1,1,10,4,5,1,17,2,28,2,9,1,1,7,6,1,10,9,14,,43,43,1,22,9,121.5577772,25.0415648
111,11,16,10,10,2,07信義區,信義區光復南路與忠孝東路4段口,0,0,1,1,,6,1,5,50,14,9,1,4,4,5,7,1,1,10,4,5,1,17,4,,4,11,3,4,7,15,7,19,11,15,,43,43,2,22,9,121.5577772,25.0415648
111,11,16,10,26,2,03中山區,中山區復興北路與長安東路2段口,0,0,1,1,C04,6,1,5,50,4,1,1,4,4,5,7,1,1,1,4,5,2,18,2,23,2,9,3,4,7,9,1,10,1,14,,42,42,1,22,9,121.5438769,25.0482088
111,11,16,10,26,2,03中山區,中山區復興北路與長安東路2段口,0,0,1,2,,6,1,5,50,4,1,1,4,4,5,7,1,1,1,4,5,2,18,3,,,,,,,,,,,,,67,42,1,,,121.5438769,25.0482088
111,11,16,10,40,2,12內湖區,內湖區文德路20號,0,0,1,1,C03,8,1,5,50,14,9,1,4,4,5,7,1,1,1,4,5,1,17,1,19,2,9,3,4,7,9,1,10,1,14,,42,42,1,22,9,121.5793941,25.0783418
111,11,16,10,40,2,12內湖區,內湖區文德路20號,0,0,1,2,B12,8,1,5,50,14,9,1,4,4,5,7,1,1,1,4,5,1,17,1,40,3,10,3,4,7,8,1,8,1,15,,7,42,1,22,9,121.5793941,25.0783418
111,11,16,10,45,2,07信義區,信義區仁愛路4段505號與仁愛路4段口505號(光復南路側),0,0,1,1,C03,6,1,5,50,14,7,1,4,4,5,7,4,4,1,4,4,2,13,1,53,2,9,3,4,7,9,1,9,1,11,,23,23,1,22,9,121.5576134,25.0382823
111,11,16,10,45,2,07信義區,信義區仁愛路4段505號與仁愛路4段口505號(光復南路側),0,0,1,2,B12,6,1,5,50,14,7,1,4,4,5,7,4,4,1,4,4,2,13,1,54,3,10,3,4,7,14,1,8,1,3,,44,23,1,22,9,121.5576134,25.0382823
111,11,16,10,54,2,03中山區,中山區林森北路與新生北路2段28巷口,0,0,1,1,B03,6,1,5,50,4,1,1,4,4,5,7,1,1,3,4,5,2,11,1,22,3,10,1,1,7,1,3,18,1,8,,19,6,1,22,9,121.5254706,25.0539214
111,11,16,10,54,2,03中山區,中山區林森北路與新生北路2段28巷口,0,0,1,2,C03,6,1,5,50,4,1,1,4,4,5,7,1,1,3,4,5,2,11,1,34,2,9,1,1,7,9,1,10,1,14,,44,6,1,22,9,121.5254706,25.0539214
111,11,16,10,55,2,07信義區,信義區基隆路2段與嘉興街216巷口,0,0,1,1,A11,6,1,5,50,4,1,1,4,4,5,7,1,1,1,4,5,2,12,1,53,3,10,1,1,7,9,1,1,1,6,,44,44,1,22,9,121.5559468,25.0272919
111,11,16,10,55,2,07信義區,信義區基隆路2段與嘉興街216巷口,0,0,1,2,C03,6,1,5,50,4,1,1,4,4,5,7,1,1,1,4,5,2,12,1,19,2,9,1,1,7,9,1,10,1,11,,42,44,1,22,9,121.5559468,25.0272919
111,11,16,11,0,2,08士林區,士林區永平街46巷3弄1號,0,0,1,1,B03,7,1,5,30,14,9,1,5,4,5,7,4,4,10,5,5,2,17,1,30,3,10,1,1,7,1,1,8,2,1,,19,19,1,22,9,121.5059336,25.09091784
111,11,16,11,0,2,08士林區,士林區永平街46巷3弄1號,0,0,1,2,C03,7,1,5,30,14,9,1,5,4,5,7,4,4,10,5,5,2,17,1,68,2,8,1,1,7,9,1,10,2,14,,23,19,1,22,9,121.5059336,25.09091784
111,11,16,11,16,2,10文山區,文山區景文街108號,0,0,1,1,B03,6,1,5,40,14,7,1,4,4,5,7,4,4,5,5,4,2,16,1,68,3,10,1,1,7,1,1,8,2,4,,19,19,1,22,9,121.5409144,24.9895236
111,11,16,11,16,2,10文山區,文山區景文街108號,0,0,1,2,C03,6,1,5,40,14,7,1,4,4,5,7,4,4,5,5,4,2,16,1,41,2,9,1,1,7,9,1,10,2,11,,44,19,1,22,9,121.5409144,24.9895236
111,11,16,11,25,2,05中正區,中正區南海路與詔安街口口,0,0,1,1,B03,6,1,5,30,14,9,1,4,4,5,7,1,1,9,5,5,2,9,1,30,3,10,1,1,7,5,1,8,1,1,,43,43,1,22,9,121.5083012,25.0285209
111,11,16,11,25,2,05中正區,中正區南海路與詔安街口口,0,0,1,2,H01,6,1,5,30,14,9,1,4,4,5,7,1,1,9,5,5,2,9,1,71,2,8,4,5,8,16,8,20,1,16,,67,43,1,22,9,121.5083012,25.0285209
111,11,16,11,41,2,12內湖區,內湖區東湖路113巷與東湖路113巷95弄口,0,0,1,1,B03,6,1,5,30,4,1,1,4,4,5,7,3,1,5,5,5,2,15,1,35,3,10,1,1,7,9,1,8,1,8,,6,6,1,22,9,121.6155708,25.07200944
111,11,16,11,41,2,12內湖區,內湖區東湖路113巷與東湖路113巷95弄口,0,0,1,2,C03,6,1,5,30,4,1,1,4,4,5,7,3,1,5,5,5,2,15,1,21,2,8,1,1,7,9,1,10,1,14,,23,6,1,22,9,121.6155708,25.07200944
111,11,16,11,44,2,10文山區,文山區景文街142巷與景文街口,0,0,1,1,C03,6,1,5,30,14,9,1,4,4,5,7,1,1,5,5,5,2,18,1,56,2,9,1,1,7,9,1,10,1,14,,42,42,1,22,9,121.5407305,24.9883996
111,11,16,11,44,2,10文山區,文山區景文街142巷與景文街口,0,0,1,2,,6,1,5,30,14,9,1,4,4,5,7,1,1,5,5,5,2,18,3,,,,,,,,,,,,,67,42,1,,,121.5407305,24.9883996
111,11,16,11,50,2,04大安區,大安區敦化南路1段233巷23號,0,0,1,1,B01,6,1,5,30,14,9,1,4,4,5,7,4,4,10,5,5,2,9,1,41,3,10,1,1,7,9,1,4,2,5,,23,23,1,22,9,121.550456,25.0404039
111,11,16,11,50,2,04大安區,大安區敦化南路1段233巷23號,0,0,1,2,H03,6,1,5,30,14,9,1,4,4,5,7,4,4,10,5,5,2,9,1,60,2,9,4,1,8,20,8,20,2,16,,60,23,1,22,9,121.550456,25.0404039
111,11,16,11,55,2,05中正區,中正區信義路1段東門國小附設幼兒園,0,0,1,1,C03,7,1,5,40,14,9,1,4,4,5,7,4,4,1,3,1,2,16,2,38,3,10,1,1,7,7,1,10,2,14,,7,7,1,22,9,121.5204183,25.03752632
111,11,16,11,55,2,05中正區,中正區信義路1段東門國小附設幼兒園,0,0,1,2,C04,7,1,5,40,14,9,1,4,4,5,7,4,4,1,3,1,2,16,2,41,2,9,1,1,7,9,1,10,2,11,,44,7,1,22,9,121.5204183,25.03752632
111,11,16,11,55,2,05中正區,中正區信義路1段東門國小附設幼兒園,0,0,1,3,B03,7,1,5,40,14,9,1,4,4,5,7,4,4,1,3,1,2,16,1,51,3,10,1,1,7,14,1,8,2,6,,38,7,1,22,9,121.5204183,25.03752632
111,11,16,12,20,2,08士林區,士林區承德路4段與承德路4段6巷口,0,0,2,1,C03,8,1,5,30,4,1,1,5,4,5,7,4,4,10,5,5,1,17,1,68,2,9,1,1,7,9,1,10,2,12,,6,6,1,22,9,121.5213484,25.07907293
111,11,16,12,20,2,08士林區,士林區承德路4段與承德路4段6巷口,0,0,2,2,B12,8,1,5,30,4,1,1,5,4,5,7,4,4,10,5,5,1,17,1,77,3,10,1,1,7,9,1,8,2,1,,23,6,1,22,9,121.5213484,25.07907293
111,11,16,12,20,2,08士林區,士林區承德路4段與承德路4段6巷口,0,0,2,3,H02,8,1,5,30,4,1,1,5,4,5,7,4,4,10,5,5,1,17,2,53,2,9,1,1,7,20,8,20,10,16,,67,6,1,22,9,121.5213484,25.07907293
111,11,16,12,25,2,10文山區,文山區木柵路5段99號旁,0,0,1,1,C03,6,1,5,50,14,9,1,4,4,5,7,4,4,5,2,5,2,17,1,25,2,9,3,4,7,9,1,10,1,14,,42,42,1,22,9,121.5960322,25.00426877
111,11,16,12,25,2,10文山區,文山區木柵路5段99號旁,0,0,1,2,C03,6,1,5,50,14,9,1,4,4,5,7,4,4,5,2,5,2,17,1,41,3,10,3,4,7,13,1,10,9,13,,42,42,1,22,9,121.5960322,25.00426877
111,11,16,12,34,2,12內湖區,內湖區成功路4段41巷與成功路4段61巷25弄口,0,0,1,1,B03,8,1,5,30,3,1,1,4,4,5,7,4,4,10,5,5,2,16,1,63,3,10,1,1,7,6,1,8,1,8,,6,6,1,22,9,121.5927223,25.0805122
111,11,16,12,34,2,12內湖區,內湖區成功路4段41巷與成功路4段61巷25弄口,0,0,1,2,C03,8,1,5,30,3,1,1,4,4,5,7,4,4,10,5,5,2,16,2,46,2,9,1,1,7,9,1,10,1,12,,44,6,1,22,9,121.5927223,25.0805122
111,11,16,12,45,2,12內湖區,內湖區環山路2段53巷與環山路2段口,0,0,1,1,C03,6,1,5,50,3,1,1,4,4,5,7,1,1,5,4,5,2,16,1,86,3,10,1,1,7,9,1,10,2,11,,44,44,1,22,9,121.5737749,25.08529814
111,11,16,12,45,2,12內湖區,內湖區環山路2段53巷與環山路2段口,0,0,1,2,C03,6,1,5,50,3,1,1,4,4,5,7,1,1,5,4,5,2,16,1,18,2,9,1,1,7,6,1,10,2,12,,9,44,1,22,9,121.5737749,25.08529814
111,11,16,12,50,2,12內湖區,內湖區康寧路3段189巷與東湖路43巷口,0,0,1,1,B03,6,1,5,50,4,1,1,4,4,5,7,4,4,10,5,5,1,2,1,64,3,10,3,4,7,5,1,8,1,1,,15,15,1,22,9,121.6125699,25.0727652
111,11,16,12,50,2,12內湖區,內湖區康寧路3段189巷與東湖路43巷口,0,0,1,2,H01,6,1,5,50,4,1,1,4,4,5,7,4,4,10,5,5,1,2,2,75,2,9,4,5,8,16,8,20,10,16,,67,15,1,22,9,121.6125699,25.0727652
111,11,16,13,0,2,12內湖區,內湖區舊宗路1段285號車道口,0,0,1,1,B03,6,1,5,50,14,9,1,4,4,3,7,4,4,1,4,5,2,17,2,55,3,10,1,1,7,6,1,8,1,6,,44,44,1,22,9,121.576488,25.06405851
111,11,16,13,0,2,12內湖區,內湖區舊宗路1段285號車道口,0,0,1,2,C03,6,1,5,50,14,9,1,4,4,3,7,4,4,1,4,5,2,17,1,27,2,9,1,1,7,9,1,10,1,11,,23,44,1,22,9,121.576488,25.06405851
111,11,16,13,1,2,06松山區,松山區八德路2段412號,0,0,1,1,C03,6,1,5,50,15,9,1,4,4,5,7,2,1,9,4,5,2,11,2,59,2,9,1,4,7,5,1,10,2,12,,8,8,1,22,9,121.5468514,25.0481548
111,11,16,13,1,2,06松山區,松山區八德路2段412號,0,0,1,2,B01,6,1,5,50,15,9,1,4,4,5,7,2,1,9,4,5,2,11,1,56,3,10,3,4,7,9,1,4,2,8,,44,8,1,22,9,121.5468514,25.0481548
111,11,16,13,9,2,10文山區,文山區興隆路2段153巷與興隆路2段153巷4弄口,0,0,1,1,A11,6,1,5,30,4,1,1,4,4,5,7,4,4,10,5,5,2,17,1,45,3,10,1,1,7,13,1,3,2,4,,40,40,1,22,9,121.548086,25.0009444
111,11,16,13,9,2,10文山區,文山區興隆路2段153巷與興隆路2段153巷4弄口,0,0,1,2,C03,6,1,5,30,4,1,1,4,4,5,7,4,4,10,5,5,2,17,1,20,2,9,1,1,7,9,1,10,2,11,,14,40,1,22,9,121.548086,25.0009444
111,11,16,13,20,2,12內湖區,內湖區瑞光路258巷內,0,0,1,1,B03,6,1,5,50,14,9,1,4,4,5,7,4,4,9,5,5,2,16,1,57,3,10,1,1,7,1,1,8,1,4,,19,19,1,22,9,121.57511,25.07499615
111,11,16,13,20,2,12內湖區,內湖區瑞光路258巷內,0,0,1,2,C03,6,1,5,50,14,9,1,4,4,5,7,4,4,9,5,5,2,16,1,22,2,9,1,1,7,9,1,10,1,11,,44,19,1,22,9,121.57511,25.07499615
111,11,16,13,30,2,09北投區,北投區中央北路2段與中央北路2段320巷口,0,0,1,2,C03,6,1,5,50,3,2,1,4,4,5,7,2,1,7,4,5,2,12,2,18,2,9,1,1,7,9,1,10,1,12,,44,8,1,22,9,121.4898553,25.1384978
111,11,16,13,30,2,09北投區,北投區中央北路2段與中央北路2段320巷口,0,0,1,1,B03,6,1,5,50,3,2,1,4,4,5,7,2,1,7,4,5,2,12,1,67,3,10,1,1,7,11,1,8,1,4,,10,8,1,22,9,121.4898553,25.1384978
111,11,16,14,12,2,05中正區,中正區和平西路2段與寧波西街口口,0,0,1,2,C03,8,1,5,50,14,9,1,5,4,5,7,1,1,1,4,5,2,11,2,45,2,9,1,1,7,9,1,10,2,14,,42,6,1,22,9,121.5120179,25.02907385
111,11,16,14,12,2,05中正區,中正區和平西路2段與寧波西街口口,0,0,1,1,B12,8,1,5,50,14,9,1,5,4,5,7,1,1,1,4,5,2,11,1,45,3,10,1,1,7,5,1,8,2,1,,6,6,1,22,9,121.5120179,25.02907385
111,11,16,14,27,2,04大安區,大安區辛亥路2段與和平東路2段96巷口,0,0,1,1,B03,6,1,5,50,3,2,1,4,4,5,7,4,4,1,4,5,2,14,1,45,3,10,1,1,7,2,1,8,1,7,,12,12,1,22,9,121.5401906,25.02161794
111,11,16,14,27,2,04大安區,大安區辛亥路2段與和平東路2段96巷口,0,0,1,2,C03,6,1,5,50,3,2,1,4,4,5,7,4,4,1,4,5,2,14,2,31,2,8,1,1,7,14,3,18,1,12,,44,12,1,22,9,121.5401906,25.02161794
111,11,16,15,8,2,07信義區,信義區松仁路與松高路口,0,0,1,1,B03,6,1,5,50,4,1,1,4,4,5,7,1,1,10,4,5,2,12,1,28,3,10,1,1,7,6,1,8,2,2,,9,9,1,22,9,121.5685606,25.0390282
111,11,16,15,8,2,07信義區,信義區松仁路與松高路口,0,0,1,2,C03,6,1,5,50,4,1,1,4,4,5,7,1,1,10,4,5,2,12,2,35,2,9,1,1,7,9,1,10,2,14,,44,9,1,22,9,121.5685606,25.0390282
111,11,16,15,12,2,06松山區,松山區塔悠路與南京東路5段口口,0,0,1,1,C03,6,1,5,50,5,1,1,4,4,5,7,1,1,1,4,5,2,17,1,45,2,9,3,4,7,5,1,10,1,11,,8,8,1,22,9,121.5704451,25.0513834
111,11,16,15,12,2,06松山區,松山區塔悠路與南京東路5段口口,0,0,1,2,B03,6,1,5,50,5,1,1,4,4,5,7,1,1,1,4,5,2,17,1,45,3,10,3,4,7,9,1,8,1,2,,13,8,1,22,9,121.5704451,25.0513834
111,11,16,15,19,2,02萬華區,萬華區漢中街與成都路口口附近,0,0,2,1,H01,7,1,5,50,14,9,1,5,4,5,7,4,4,5,4,5,2,3,1,52,2,7,4,5,8,18,8,20,1,16,,51,51,1,22,9,121.5074441,25.04207185
111,11,16,15,19,2,02萬華區,萬華區漢中街與成都路口口附近,0,0,2,2,C03,7,1,5,50,14,9,1,5,4,5,7,4,4,5,4,5,2,3,1,32,2,9,1,1,7,9,1,10,1,15,,23,51,1,22,9,121.5074441,25.04207185
111,11,16,16,14,2,02萬華區,萬華區水源快速道路與萬大路口,0,0,1,1,C03,7,1,5,30,4,1,1,5,4,5,7,2,1,9,4,5,2,17,1,72,2,9,1,1,7,9,1,10,2,14,,25,25,1,22,9,121.4957696,25.01640318
111,11,16,16,14,2,02萬華區,萬華區水源快速道路與萬大路口,0,0,1,2,B03,7,1,5,30,4,1,1,5,4,5,7,2,1,9,4,5,2,17,1,48,3,10,1,1,7,9,1,8,2,1,,44,25,1,22,9,121.4957696,25.01640318
111,11,16,16,21,2,05中正區,中正區重慶南路1段119號,0,0,1,1,C03,6,1,5,50,4,2,1,4,4,5,7,1,1,9,4,5,2,17,1,28,2,9,1,1,7,9,1,9,1,14,,42,42,1,22,9,121.5132772,25.04252022
111,11,16,16,21,2,05中正區,中正區重慶南路1段119號,0,0,1,2,C03,6,1,5,50,4,2,1,4,4,5,7,1,1,9,4,5,2,17,2,53,3,10,1,1,7,9,1,10,1,15,,44,42,1,22,9,121.5132772,25.04252022
111,11,16,16,24,2,02萬華區,萬華區艋舺大道186號,0,0,1,1,C03,6,1,5,50,14,7,1,4,4,5,7,4,4,1,3,1,2,12,1,52,3,10,1,1,7,9,1,10,1,14,,43,43,1,22,9,121.5005203,25.0330439
111,11,16,16,24,2,02萬華區,萬華區艋舺大道186號,0,0,1,2,C03,6,1,5,50,14,7,1,4,4,5,7,4,4,1,3,1,2,12,1,21,2,9,1,1,7,9,1,10,1,14,,43,43,1,22,9,121.5005203,25.0330439
111,11,16,16,34,2,04大安區,大安區基隆路4段與羅斯福路4段口,0,0,2,1,C03,6,1,5,50,5,2,1,4,4,5,7,2,1,1,4,5,2,17,2,64,2,9,1,1,7,9,1,10,1,12,,17,17,1,22,9,121.537456,25.01123298
111,11,16,16,34,2,04大安區,大安區基隆路4段與羅斯福路4段口,0,0,2,2,C03,6,1,5,50,5,2,1,4,4,5,7,2,1,1,4,5,2,17,1,19,2,9,1,1,7,9,1,10,1,14,,17,17,1,22,9,121.537456,25.01123298
111,11,16,17,0,2,03中山區,中山區天津街16號,0,0,1,1,B03,7,1,5,50,14,9,1,5,4,5,7,4,4,9,5,5,2,16,1,22,3,10,3,4,7,1,1,8,1,4,,19,19,1,22,9,121.5224909,25.0483788
111,11,16,17,0,2,03中山區,中山區天津街16號,0,0,1,2,C03,7,1,5,50,14,9,1,5,4,5,7,4,4,9,5,5,2,16,1,37,2,9,1,1,7,9,1,10,1,12,,44,19,1,22,9,121.5224909,25.0483788
111,11,16,17,6,2,08士林區,士林區建業路3號,0,0,1,1,B03,6,3,5,50,14,9,1,4,4,5,7,4,4,9,5,5,2,12,1,25,3,10,1,1,7,11,1,8,1,7,,10,10,1,22,9,121.5468642,25.13546068
111,11,16,17,6,2,08士林區,士林區建業路3號,0,0,1,2,C03,6,3,5,50,14,9,1,4,4,5,7,4,4,9,5,5,2,12,1,22,2,9,1,1,7,9,1,10,1,11,,23,10,1,22,9,121.5468642,25.13546068
111,11,16,17,16,2,04大安區,大安區忠孝東路3段與新生南路1段口,0,0,1,1,B02,6,3,5,50,4,1,1,4,4,5,7,2,1,1,4,1,1,17,1,45,3,10,3,4,7,6,1,8,1,2,,9,9,1,22,9,121.5329665,25.04212872
111,11,16,17,16,2,04大安區,大安區忠孝東路3段與新生南路1段口,0,0,1,2,C03,6,3,5,50,4,1,1,4,4,5,7,2,1,1,4,1,1,17,1,43,2,9,3,4,7,9,1,10,1,14,,44,9,1,22,9,121.5329665,25.04212872
111,11,16,17,29,2,10文山區,文山區辛亥路7段與寶橋口,0,0,1,1,C03,8,3,5,50,3,1,1,5,4,5,7,1,1,1,4,5,2,12,2,43,2,9,1,4,7,7,1,10,2,14,,7,7,1,22,9,121.553967,24.98006186
111,11,16,17,29,2,10文山區,文山區辛亥路7段與寶橋口,0,0,1,2,B11,8,3,5,50,3,1,1,5,4,5,7,1,1,1,4,5,2,12,1,22,3,10,3,4,7,6,1,4,2,2,,44,7,1,22,9,121.553967,24.98006186
111,11,16,17,39,2,07信義區,信義區松山路152號,0,0,1,1,F02,6,3,5,50,14,9,1,4,4,5,7,1,1,10,4,5,2,17,2,36,2,8,1,1,7,11,8,20,1,16,,25,25,1,22,9,121.5777017,25.0467
111,11,16,17,39,2,07信義區,信義區松山路152號,0,0,1,2,B01,6,3,5,50,14,9,1,4,4,5,7,1,1,10,4,5,2,17,1,66,3,10,1,1,7,9,1,4,1,1,,23,25,1,22,9,121.5777017,25.0467
111,11,16,18,10,2,04大安區,大安區忠孝東路4段177號,0,0,1,1,C03,6,3,5,50,14,9,1,4,4,5,7,4,4,1,4,5,2,13,2,21,2,9,1,1,7,9,1,10,1,11,,42,16,1,22,9,121.5506248,25.04154993
111,11,16,18,10,2,04大安區,大安區忠孝東路4段177號,0,0,1,2,B01,6,3,5,50,14,9,1,4,4,5,7,4,4,1,4,5,2,13,1,50,3,10,1,1,7,9,1,4,1,6,,44,16,1,22,9,121.5506248,25.04154993
111,11,16,18,10,2,04大安區,大安區忠孝東路4段177號,0,0,1,3,C03,6,3,5,50,14,9,1,4,4,5,7,4,4,1,4,5,2,13,1,26,3,10,1,1,7,9,1,10,1,15,,44,16,1,22,9,121.5506248,25.04154993
111,11,16,18,10,2,08士林區,士林區至善路1段至善公園前,0,0,1,1,C03,8,3,5,50,11,8,1,5,4,5,7,3,1,1,4,4,2,17,1,60,2,9,1,1,7,9,1,10,2,14,,23,23,1,22,9,121.5378526,25.0981724
111,11,16,18,10,2,08士林區,士林區至善路1段至善公園前,0,0,1,2,B03,8,3,5,50,11,8,1,5,4,5,7,3,1,1,4,4,2,17,2,51,3,10,1,1,7,14,1,8,2,2,,44,23,1,22,9,121.5378526,25.0981724
111,11,16,18,35,2,09北投區,北投區中央北路4段與大度路3段口,0,0,1,1,C03,8,3,5,50,3,1,1,5,4,5,7,2,1,5,4,5,2,16,2,47,2,9,1,1,7,5,1,10,1,14,,6,6,1,22,9,121.4648526,25.1243882
111,11,16,18,35,2,09北投區,北投區中央北路4段與大度路3段口,0,0,1,2,B03,8,3,5,50,3,1,1,5,4,5,7,2,1,5,4,5,2,16,1,43,3,10,1,1,7,9,1,8,1,5,,44,6,1,22,9,121.4648526,25.1243882
111,11,16,18,45,2,07信義區,信義區松仁路與信義路5段150巷14弄口,0,0,2,1,C03,6,3,5,50,4,1,1,4,4,5,7,1,1,9,4,5,2,16,2,34,2,8,1,1,7,5,1,10,1,11,,8,8,1,22,9,121.5682717,25.0285316
111,11,16,18,45,2,07信義區,信義區松仁路與信義路5段150巷14弄口,0,0,2,2,C03,6,3,5,50,4,1,1,4,4,5,7,1,1,9,4,5,2,16,1,43,2,9,1,1,7,9,1,10,1,11,,42,8,1,22,9,121.5682717,25.0285316
111,11,16,18,50,2,12內湖區,內湖區潭美街與潭美街口(西向東，潭美聯外道路),0,0,1,1,B03,6,3,5,50,14,9,1,4,4,5,7,4,4,9,5,5,2,17,1,27,3,10,1,1,7,1,1,8,1,5,,44,23,1,22,9,121.6165051,25.06566059
111,11,16,18,50,2,12內湖區,內湖區潭美街與潭美街口(西向東，潭美聯外道路),0,0,1,2,C03,6,3,5,50,14,9,1,4,4,5,7,4,4,9,5,5,2,17,1,52,2,9,1,1,7,7,1,10,1,14,,7,23,1,22,9,121.6165051,25.06566059
111,11,16,18,54,2,07信義區,信義區松智路與松高路口,0,0,1,1,B03,7,3,5,50,14,9,1,4,4,5,7,2,1,5,4,5,2,11,1,50,3,10,1,1,7,11,1,8,1,5,,10,10,1,22,8,121.5655025,25.0391144
111,11,16,18,54,2,07信義區,信義區松智路與松高路口,0,0,1,2,C03,7,3,5,50,14,9,1,4,4,5,7,2,1,5,4,5,2,11,1,29,2,8,1,1,7,9,1,10,1,11,,44,10,1,22,8,121.5655025,25.0391144
111,11,16,18,59,2,02萬華區,萬華區環河南路1段348巷與環河南路1段348巷口(94號路邊汽車停車格旁),0,0,1,2,C03,8,3,5,50,14,9,1,5,4,5,7,4,4,10,5,5,2,17,2,22,2,8,3,4,7,9,1,10,1,11,,13,8,1,22,9,121.4964368,25.03918886
111,11,16,18,59,2,02萬華區,萬華區環河南路1段348巷與環河南路1段348巷口(94號路邊汽車停車格旁),0,0,1,1,B12,8,3,5,50,14,9,1,5,4,5,7,4,4,10,5,5,2,17,1,50,3,10,3,4,7,5,6,18,1,4,,8,8,1,22,9,121.4964368,25.03918886
111,11,16,19,0,2,05中正區,中正區中華路2段與愛國西路口,0,0,1,2,C03,8,3,5,50,5,1,1,5,4,5,7,1,1,1,4,5,2,16,2,25,2,8,1,1,7,9,1,10,1,14,,13,9,1,22,9,121.5068316,25.0369167
111,11,16,19,0,2,05中正區,中正區中華路2段與愛國西路口,0,0,1,1,B03,8,3,5,50,5,1,1,5,4,5,7,1,1,1,4,5,2,16,1,56,4,11,3,4,7,6,7,19,11,15,,9,9,2,22,9,121.5068316,25.0369167
111,11,16,19,11,2,12內湖區,內湖區民權東路6段11巷與瑞湖街口,0,0,1,1,C04,6,3,5,50,3,2,1,4,4,5,7,2,1,5,5,5,2,12,2,28,2,9,1,1,7,5,1,10,1,14,,8,8,1,22,9,121.5765111,25.0675778
111,11,16,19,11,2,12內湖區,內湖區民權東路6段11巷與瑞湖街口,0,0,1,2,B12,6,3,5,50,3,2,1,4,4,5,7,2,1,5,5,5,2,12,1,43,3,10,1,1,7,6,1,7,1,6,,9,8,1,22,9,121.5765111,25.0675778
111,11,16,19,29,2,03中山區,中山區北安路自強圓環往內湖,0,0,1,1,C03,8,3,5,50,14,9,1,5,4,5,7,4,4,6,3,5,1,16,1,51,2,9,1,1,7,5,1,10,1,14,,8,8,1,22,9,121.5504782,25.0854606
111,11,16,19,29,2,03中山區,中山區北安路自強圓環往內湖,0,0,1,2,B03,8,3,5,50,14,9,1,5,4,5,7,4,4,6,3,5,1,16,1,29,3,10,1,1,7,9,1,8,1,5,,44,8,1,22,9,121.5504782,25.0854606
111,11,16,19,40,2,08士林區,士林區承德橋南往北下橋處,0,0,1,1,C03,8,3,5,40,14,9,1,5,4,5,7,4,4,3,4,5,1,13,1,29,3,10,1,1,7,9,1,10,1,11,,23,23,1,22,9,121.5219594,25.0796787
111,11,16,19,40,2,08士林區,士林區承德橋南往北下橋處,0,0,1,2,C03,8,3,5,40,14,9,1,5,4,5,7,4,4,3,4,5,1,13,2,41,2,9,1,1,7,14,1,10,1,13,,44,23,1,22,9,121.5219594,25.0796787
111,11,16,19,45,2,09北投區,北投區豐年路2段與中央北路2段131巷口,0,0,1,1,B03,8,3,5,30,3,1,1,5,4,5,7,4,4,5,5,5,1,16,1,52,3,10,1,1,7,5,1,8,1,8,,8,8,1,22,9,121.4938387,25.1367121
111,11,16,19,45,2,09北投區,北投區豐年路2段與中央北路2段131巷口,0,0,1,2,C03,8,3,5,30,3,1,1,5,4,5,7,4,4,5,5,5,1,16,1,23,2,9,1,1,7,9,1,10,1,11,,44,8,1,22,9,121.4938387,25.1367121
111,11,16,20,25,2,03中山區,中山區市民大道3段與八德路2段300巷口,0,0,1,1,C04,8,3,5,40,3,2,1,5,4,5,7,4,4,1,4,5,2,18,2,61,2,9,1,1,7,8,1,10,1,14,,42,42,1,22,9,121.5429958,25.04488604