發生年度,發生月,發生日,發生時-Hours,發生分,處理別-編號,區序,肇事地點,死亡人數,2-30日死亡人數,受傷人數,當事人序號,車種,天候,光線,道路類別,速限-速度限制,道路型態,事故位置,路面狀況1,路面狀況2,路面狀況3,道路障礙1,道路障礙2,號誌1,號誌2,車道劃分-分向,車道劃分-分道1,車道劃分-分道2,車道劃分-分道3,事故類型及型態,性別,年齡,受傷程度,主要傷處,安全帽,行動電話,車輛用途,當事者行動狀態,駕駛資格情形,駕駛執照種類,飲酒情形,車輛撞擊部位1,車輛撞擊部位2,肇因碼-個別,肇因碼-主要,個人肇逃否,職業,旅次目的,座標-X,座標-Y
111,11,16,20,25,2,03中山區,中山區市民大道3段與八德路2段300巷口,0,0,1,2,,8,3,5,40,3,2,1,5,4,5,7,4,4,1,4,5,2,18,3,,,,,,,,,,,,,67,42,1,,,121.5429958,25.04488604
111,11,16,20,27,2,04大安區,大安區通化街與通化街140巷口,0,0,1,1,B03,7,3,5,50,4,1,1,5,4,5,7,4,4,7,2,5,1,12,1,43,3,10,3,4,7,6,1,8,1,2,,9,9,1,22,9,121.5538098,25.0289404
111,11,16,20,27,2,04大安區,大安區通化街與通化街140巷口,0,0,1,2,C03,7,3,5,50,4,1,1,5,4,5,7,4,4,7,2,5,1,12,2,29,2,8,1,1,7,9,1,10,1,14,,2,9,1,22,9,121.5538098,25.0289404
111,11,16,20,50,2,08士林區,士林區德行西路與福華路口,0,0,2,1,C03,8,3,5,50,4,1,1,5,4,5,7,1,1,5,5,5,2,17,2,61,2,8,1,1,7,5,1,10,2,12,,8,8,1,22,9,121.5223508,25.10492058
111,11,16,20,50,2,08士林區,士林區德行西路與福華路口,0,0,2,2,C03,8,3,5,50,4,1,1,5,4,5,7,1,1,5,5,5,2,17,1,30,3,10,1,1,7,9,3,18,2,11,,44,8,1,22,9,121.5223508,25.10492058
111,11,16,20,50,2,08士林區,士林區德行西路與福華路口,0,0,2,3,H02,8,3,5,50,4,1,1,5,4,5,7,1,1,5,5,5,2,17,2,33,2,7,4,5,7,20,8,20,10,16,,67,8,1,22,9,121.5223508,25.10492058
111,11,16,21,14,2,10文山區,文山區木新路3段312號,0,0,1,2,C03,8,1,5,50,14,9,1,5,4,5,7,1,1,4,4,5,2,13,1,18,2,8,1,1,7,9,1,10,2,11,,16,44,1,22,9,121.5565069,24.9806964
111,11,16,21,14,2,10文山區,文山區木新路3段312號,0,0,1,1,F01,8,1,5,50,14,9,1,5,4,5,7,1,1,4,4,5,2,13,4,,4,11,3,4,7,15,7,19,11,15,,44,44,2,22,9,121.5565069,24.9806964
111,11,16,21,14,2,10文山區,文山區木新路3段312號,0,0,1,3,C03,8,1,5,50,14,9,1,5,4,5,7,1,1,4,4,5,2,13,1,18,3,10,1,1,7,4,1,10,2,13,,2,44,1,22,9,121.5565069,24.9806964
111,11,16,21,40,2,11南港區,南港區市民大道8段與南港路1段137巷口,0,0,1,1,C03,7,3,5,30,3,2,1,4,4,5,7,4,4,1,4,5,2,17,1,33,3,10,1,1,7,9,1,10,2,15,,43,43,1,22,9,121.6138382,25.0543059
111,11,16,21,40,2,11南港區,南港區市民大道8段與南港路1段137巷口,0,0,1,2,C03,7,3,5,30,3,2,1,4,4,5,7,4,4,1,4,5,2,17,1,42,2,9,1,1,7,9,1,10,2,15,,43,43,1,22,9,121.6138382,25.0543059
111,11,16,22,14,2,09北投區,北投區大同街與杏林一路口,0,0,1,1,C03,8,3,5,50,3,2,1,5,4,5,7,4,4,5,5,5,1,17,1,55,2,9,1,1,7,9,1,10,6,11,,16,16,1,22,9,121.4993962,25.140741
111,11,16,22,14,2,09北投區,北投區大同街與杏林一路口,0,0,1,2,C03,8,3,5,50,3,2,1,5,4,5,7,4,4,5,5,5,1,17,1,34,3,10,1,1,7,9,1,10,1,13,,44,16,1,22,9,121.4993962,25.140741
111,11,16,22,14,2,09北投區,北投區大同街與杏林一路口,0,0,1,3,B03,8,3,5,50,3,2,1,5,4,5,7,4,4,5,5,5,1,17,1,40,3,10,1,1,7,13,1,8,1,4,,38,16,1,22,9,121.4993962,25.140741
111,11,16,22,15,2,05中正區,中正區羅斯福路3段與羅斯福路3段316巷口,0,0,3,1,C03,8,3,5,50,4,1,1,5,4,5,7,3,1,3,4,5,2,15,2,21,2,9,1,1,7,9,1,10,2,11,,25,25,1,22,9,121.5328046,25.01607515
111,11,16,22,15,2,05中正區,中正區羅斯福路3段與羅斯福路3段316巷口,0,0,3,2,C03,8,3,5,50,4,1,1,5,4,5,7,3,1,3,4,5,2,15,1,19,2,9,1,1,7,11,1,10,2,14,,44,25,1,22,9,121.5328046,25.01607515
111,11,16,22,15,2,05中正區,中正區羅斯福路3段與羅斯福路3段316巷口,0,0,3,3,H02,8,3,5,50,4,1,1,5,4,5,7,3,1,3,4,5,2,15,2,22,2,9,1,5,7,20,8,20,10,16,,67,25,1,22,9,121.5328046,25.01607515
111,11,16,22,20,2,03中山區,中山區民生東路3段與合江街口,0,0,1,1,B03,8,3,5,50,4,2,1,5,4,5,7,2,1,1,4,5,2,12,1,36,2,7,3,4,7,1,1,8,2,8,,19,19,1,22,9,121.5390136,25.0579578
111,11,16,22,20,2,03中山區,中山區民生東路3段與合江街口,0,0,1,2,B03,8,3,5,50,4,2,1,5,4,5,7,2,1,1,4,5,2,12,1,42,3,10,3,4,7,9,1,8,2,5,,44,19,1,22,9,121.5390136,25.0579578
111,11,16,22,20,2,03中山區,中山區民生東路3段與合江街口,0,0,1,3,B01,8,3,5,50,4,2,1,5,4,5,7,2,1,1,4,5,2,12,1,46,3,10,3,4,7,13,1,4,9,4,,44,19,1,22,9,121.5390136,25.0579578
111,11,16,22,37,2,05中正區,中正區廈門街131巷與牯嶺街口,0,0,1,1,B03,8,3,5,30,4,2,1,5,4,5,7,4,4,10,5,5,2,3,2,38,3,10,1,1,7,11,1,8,2,1,,10,10,1,22,9,121.5190067,25.02256559
111,11,16,22,37,2,05中正區,中正區廈門街131巷與牯嶺街口,0,0,1,2,H01,8,3,5,30,4,2,1,5,4,5,7,4,4,10,5,5,2,3,2,78,2,5,4,5,8,16,8,20,10,16,,51,10,1,22,9,121.5190067,25.02256559
111,11,16,22,47,2,05中正區,中正區汀州路1段與南海路口,0,0,1,1,B02,8,3,5,50,4,1,1,5,4,5,7,1,1,5,2,5,2,17,1,19,3,10,1,1,7,5,3,18,1,6,,6,6,1,22,9,121.5085567,25.02893723
111,11,16,22,47,2,05中正區,中正區汀州路1段與南海路口,0,0,1,2,C03,8,3,5,50,4,1,1,5,4,5,7,1,1,5,2,5,2,17,1,22,2,9,1,1,7,9,1,10,1,11,,44,6,1,22,9,121.5085567,25.02893723
111,11,16,23,0,2,03中山區,中山區中山橋(北往南),0,0,3,1,C03,7,3,5,50,11,9,1,5,4,5,7,4,4,1,4,5,2,13,1,18,2,9,3,4,7,8,3,18,2,11,,7,7,1,22,9,121.524108,25.07340693
111,11,16,23,0,2,03中山區,中山區中山橋(北往南),0,0,3,2,C03,7,3,5,50,11,9,1,5,4,5,7,4,4,1,4,5,2,13,2,31,2,9,3,4,7,9,1,10,2,13,,44,7,1,22,9,121.524108,25.07340693
111,11,16,23,0,2,03中山區,中山區中山橋(北往南),0,0,3,3,H02,7,3,5,50,11,9,1,5,4,5,7,4,4,1,4,5,2,13,2,20,2,9,4,5,7,17,8,20,10,16,,67,7,1,22,9,121.524108,25.07340693
111,11,16,23,17,2,02萬華區,往北市下橋處(環河南路一段276號),0,0,1,1,C03,8,3,5,40,3,1,1,5,4,5,7,4,4,10,2,5,2,13,1,34,2,9,1,4,7,6,1,10,1,12,,23,23,1,22,9,121.5003515,25.04252851
111,11,16,23,17,2,02萬華區,往北市下橋處(環河南路一段276號),0,0,1,2,C03,8,3,5,40,3,1,1,5,4,5,7,4,4,10,2,5,2,13,1,28,3,10,1,1,7,13,1,10,1,14,,61,23,1,22,9,121.5003515,25.04252851
111,11,17,1,2,2,11南港區,南港區南港路1段與南港路1段171巷口,0,0,2,2,C03,7,3,5,50,4,1,1,5,4,5,7,2,1,1,3,5,2,16,1,19,2,9,1,1,7,9,1,10,1,11,,13,8,1,22,9,121.6132533,25.0552735
111,11,17,1,2,2,11南港區,南港區南港路1段與南港路1段171巷口,0,0,2,1,F01,7,3,5,50,4,1,1,5,4,5,7,2,1,1,3,5,2,16,1,32,2,9,1,1,7,5,8,20,1,16,,8,8,1,22,9,121.6132533,25.0552735
111,11,17,1,46,2,05中正區,中正區汀州路2段與泉州街口,0,0,3,1,C03,8,3,5,50,4,1,1,5,4,5,7,1,1,5,4,5,2,17,1,28,2,9,1,1,7,5,1,10,2,14,,44,44,1,22,9,121.5140024,25.02623244
111,11,17,1,46,2,05中正區,中正區汀州路2段與泉州街口,0,0,3,2,C03,8,3,5,50,4,1,1,5,4,5,7,1,1,5,4,5,2,17,1,21,2,9,1,1,7,4,1,10,2,12,,26,44,1,22,9,121.5140024,25.02623244
111,11,17,1,46,2,05中正區,中正區汀州路2段與泉州街口,0,0,3,3,H02,8,3,5,50,4,1,1,5,4,5,7,1,1,5,4,5,2,17,2,26,2,9,1,5,7,20,8,20,10,16,,67,44,1,22,9,121.5140024,25.02623244
111,11,17,6,30,2,05中正區,中正區金山南路1段與仁愛路2段口,0,0,1,1,B01,8,1,5,50,4,2,1,5,4,5,7,1,1,1,4,5,2,9,1,68,3,10,1,1,7,5,1,4,2,8,,15,44,1,22,9,121.528081,25.0383621
111,11,17,6,30,2,05中正區,中正區金山南路1段與仁愛路2段口,0,0,1,2,H01,8,1,5,50,4,2,1,5,4,5,7,1,1,1,4,5,2,9,2,86,2,9,4,5,8,16,8,20,10,16,,67,44,1,22,9,121.528081,25.0383621
111,11,17,6,52,2,03中山區,中山區新生北路3段84巷與新生北路3段口,0,0,2,1,B03,8,1,5,30,3,1,1,5,4,5,7,4,4,10,5,5,2,16,1,61,3,10,1,1,7,6,1,8,2,1,,6,6,1,22,9,121.5274727,25.06744948
111,11,17,6,52,2,03中山區,中山區新生北路3段84巷與新生北路3段口,0,0,2,2,C03,8,1,5,30,3,1,1,5,4,5,7,4,4,10,5,5,2,16,1,41,2,9,1,1,7,9,1,10,2,12,,23,6,1,22,9,121.5274727,25.06744948
111,11,17,6,52,2,03中山區,中山區新生北路3段84巷與新生北路3段口,0,0,2,3,H01,8,1,5,30,3,1,1,5,4,5,7,4,4,10,5,5,2,16,2,68,2,9,4,5,8,17,8,20,10,16,,67,6,1,22,9,121.5274727,25.06744948
111,11,17,6,52,2,03中山區,中山區新生北路3段84巷與新生北路3段口,0,0,2,4,H03,8,1,5,30,3,1,1,5,4,5,7,4,4,10,5,5,2,16,1,42,3,10,4,5,8,20,8,20,10,16,,67,6,1,22,9,121.5274727,25.06744948
111,11,17,7,24,2,04大安區,大安區忠孝東路3段與建國南路1段口,0,0,1,1,C03,8,1,5,50,4,1,1,5,4,5,7,2,1,1,4,5,2,17,1,50,2,9,3,4,7,9,1,10,1,11,,23,6,1,22,9,121.5368008,25.041829
111,11,17,7,24,2,04大安區,大安區忠孝東路3段與建國南路1段口,0,0,1,2,C03,8,1,5,50,4,1,1,5,4,5,7,2,1,1,4,5,2,17,1,18,3,10,3,4,7,6,1,10,1,13,,44,6,1,22,9,121.5368008,25.041829
111,11,17,7,27,2,06松山區,松山區民權東路5段與塔悠路口,0,0,1,1,C03,8,1,5,50,3,1,1,5,4,1,7,2,1,1,4,4,1,13,1,35,2,9,1,1,7,9,1,10,2,11,,16,16,1,22,9,121.5683281,25.06350289
111,11,17,7,27,2,06松山區,松山區民權東路5段與塔悠路口,0,0,1,2,B03,8,1,5,50,3,1,1,5,4,1,7,2,1,1,4,4,1,13,1,21,3,10,1,1,7,9,1,8,2,3,,44,16,1,22,9,121.5683281,25.06350289
111,11,17,7,27,2,06松山區,松山區民權東路5段與塔悠路口,0,0,1,3,B03,8,1,5,50,3,1,1,5,4,1,7,2,1,1,4,4,1,13,2,47,3,10,1,1,7,8,1,8,9,15,,7,16,2,21,9,121.5683281,25.06350289
111,11,17,7,28,2,12內湖區,內湖區五分街31號前,0,0,1,1,B12,7,1,5,50,14,9,1,5,4,5,7,4,4,9,5,5,2,9,1,75,3,10,1,1,7,14,1,8,1,2,,38,38,1,22,9,121.61329,25.06755504
111,11,17,7,28,2,12內湖區,內湖區五分街31號前,0,0,1,2,H02,7,1,5,50,14,9,1,5,4,5,7,4,4,9,5,5,2,9,1,15,3,10,4,5,7,19,8,20,10,16,,56,38,1,22,9,121.61329,25.06755504
111,11,17,7,28,2,12內湖區,內湖區五分街31號前,0,0,1,3,C03,7,1,5,50,14,9,1,5,4,5,7,4,4,9,5,5,2,9,1,39,2,9,1,1,7,4,1,10,1,15,,42,38,1,22,9,121.61329,25.06755504
111,11,17,7,28,2,12內湖區,內湖區五分街31號前,0,0,1,4,C03,7,1,5,50,14,9,1,5,4,5,7,4,4,9,5,5,2,9,1,20,3,10,1,1,7,13,1,10,1,13,,44,38,1,22,9,121.61329,25.06755504
111,11,17,7,40,2,03中山區,中山區民權東路2段56號,0,0,1,1,C03,8,1,5,50,14,9,1,5,4,5,7,4,4,1,4,5,1,13,1,34,2,1,1,1,7,9,1,10,1,11,,16,16,1,22,9,121.530808,25.0623309
111,11,17,7,40,2,03中山區,中山區民權東路2段56號,0,0,1,2,B01,8,1,5,50,14,9,1,5,4,5,7,4,4,1,4,5,1,13,1,66,3,10,1,1,7,9,1,4,1,7,,44,16,1,22,9,121.530808,25.0623309
111,11,17,7,40,2,10文山區,文山區興隆路4段與興隆路4段105巷口,0,0,1,2,C03,8,1,5,50,4,1,1,5,4,5,7,2,1,1,4,5,2,15,2,39,2,9,1,4,7,9,1,10,1,14,,42,42,1,22,9,121.5605796,24.98766062
111,11,17,7,40,2,10文山區,文山區興隆路4段與興隆路4段105巷口,0,0,1,1,B03,8,1,5,50,4,1,1,5,4,5,7,2,1,1,4,5,2,15,2,38,3,10,3,4,7,9,1,8,1,5,,42,42,1,22,9,121.5605796,24.98766062
111,11,17,7,45,2,04大安區,大安區建國南路2段151巷與信義路3段134巷口,0,0,1,1,B03,8,1,5,50,4,1,1,5,4,5,7,2,1,5,5,5,2,17,2,43,3,10,1,1,7,11,1,8,2,4,,10,10,1,22,9,121.5393737,25.02880375
111,11,17,7,45,2,04大安區,大安區建國南路2段151巷與信義路3段134巷口,0,0,1,2,C03,8,1,5,50,4,1,1,5,4,5,7,2,1,5,5,5,2,17,2,20,2,8,1,1,7,9,1,10,2,11,,44,10,1,22,9,121.5393737,25.02880375
111,11,17,7,55,2,12內湖區,內湖區潭美街321號旁,0,0,2,1,B03,7,1,5,40,14,9,1,4,4,5,7,4,4,9,4,5,2,13,2,51,3,10,1,1,7,11,1,8,11,15,,10,10,1,22,9,121.5890862,25.0581983
111,11,17,7,55,2,12內湖區,內湖區潭美街321號旁,0,0,2,2,C03,7,1,5,40,14,9,1,4,4,5,7,4,4,9,4,5,2,13,1,28,3,10,1,1,7,12,1,10,2,13,,44,10,1,22,9,121.5890862,25.0581983
111,11,17,7,55,2,12內湖區,內湖區潭美街321號旁,0,0,2,3,C03,7,1,5,40,14,9,1,4,4,5,7,4,4,9,4,5,2,13,2,48,2,9,1,1,7,9,1,10,2,11,,23,10,1,22,9,121.5890862,25.0581983
111,11,17,7,55,2,12內湖區,內湖區潭美街321號旁,0,0,2,4,C03,7,1,5,40,14,9,1,4,4,5,7,4,4,9,4,5,2,13,1,46,2,9,1,1,7,9,1,9,2,11,,16,10,1,22,9,121.5890862,25.0581983
111,11,17,8,1,2,04大安區,大安區和平東路1段與羅斯福路2段口,0,0,2,1,C03,8,1,5,30,4,1,1,5,4,5,7,2,1,1,4,5,2,12,2,38,3,10,1,1,7,9,1,10,1,11,,26,26,1,21,8,121.5227218,25.02686514
111,11,17,8,1,2,04大安區,大安區和平東路1段與羅斯福路2段口,0,0,2,2,C03,8,1,5,30,4,1,1,5,4,5,7,2,1,1,4,5,2,12,1,20,2,9,1,1,7,6,1,10,1,12,,9,26,1,21,8,121.5227218,25.02686514
111,11,17,8,1,2,04大安區,大安區和平東路1段與羅斯福路2段口,0,0,2,3,H02,8,1,5,30,4,1,1,5,4,5,7,2,1,1,4,5,2,12,1,19,2,9,1,5,7,20,8,20,10,16,,67,26,1,21,8,121.5227218,25.02686514
111,11,17,8,30,2,03中山區,中山區北安路535-2號,0,0,1,1,B02,8,1,5,50,11,9,1,5,4,5,7,1,1,1,4,5,2,16,1,31,3,10,1,1,7,10,1,8,1,2,,7,7,1,22,9,121.5471134,25.07992
111,11,17,8,30,2,03中山區,中山區北安路535-2號,0,0,1,2,C03,8,1,5,50,11,9,1,5,4,5,7,1,1,1,4,5,2,16,2,46,2,9,1,1,7,9,1,10,1,12,,44,7,1,22,9,121.5471134,25.07992
111,11,17,8,31,2,03中山區,中山區復興北路226號,0,0,1,1,F01,8,1,5,50,14,20,4,5,4,3,7,4,4,10,4,5,1,17,2,28,2,9,1,1,7,9,8,20,1,16,,42,42,1,22,9,121.5440097,25.05685101
111,11,17,8,31,2,03中山區,中山區復興北路226號,0,0,1,2,A12,8,1,5,50,14,20,4,5,4,3,7,4,4,10,4,5,1,17,1,54,3,10,1,1,7,13,1,7,1,15,,44,42,1,22,9,121.5440097,25.05685101
111,11,17,8,35,2,08士林區,士林區中正路與華興街口,0,0,1,1,C03,8,1,5,50,3,1,1,5,4,5,7,2,1,3,4,5,2,16,2,56,2,7,3,4,7,11,1,10,1,11,,11,11,1,22,9,121.5225616,25.09450977
111,11,17,8,35,2,08士林區,士林區中正路與華興街口,0,0,1,2,B03,8,1,5,50,3,1,1,5,4,5,7,2,1,3,4,5,2,16,1,34,3,10,3,4,7,9,1,8,1,5,,25,11,1,22,9,121.5225616,25.09450977
111,11,17,8,45,2,07信義區,信義區基隆路2段107-5號,0,0,1,1,C03,8,1,5,50,14,9,1,5,4,5,7,1,1,1,4,5,2,13,2,53,2,8,1,1,7,9,1,10,1,11,,16,16,1,22,9,121.5572741,25.0290432
111,11,17,8,45,2,07信義區,信義區基隆路2段107-5號,0,0,1,2,C03,8,1,5,50,14,9,1,5,4,5,7,1,1,1,4,5,2,13,1,23,3,10,1,1,7,9,1,10,1,13,,44,16,1,22,9,121.5572741,25.0290432
111,11,17,8,45,2,07信義區,信義區基隆路2段107-5號,0,0,1,3,C03,8,1,5,50,14,9,1,5,4,5,7,1,1,1,4,5,2,13,1,30,3,10,1,1,7,9,1,10,1,11,,16,16,1,22,9,121.5572741,25.0290432
111,11,17,8,53,2,02萬華區,萬華區康定路與內江街口,0,0,3,3,H02,7,1,5,50,4,1,1,5,4,5,7,1,1,5,5,5,2,12,2,38,2,9,1,5,7,20,8,20,10,16,,67,4,1,22,9,121.5022446,25.04169589
111,11,17,8,53,2,02萬華區,萬華區康定路與內江街口,0,0,3,2,C03,7,1,5,50,4,1,1,5,4,5,7,1,1,5,5,5,2,12,1,22,2,6,1,1,7,5,1,10,1,14,,44,4,1,22,9,121.5022446,25.04169589
111,11,17,8,53,2,02萬華區,萬華區康定路與內江街口,0,0,3,1,C03,7,1,5,50,4,1,1,5,4,5,7,1,1,5,5,5,2,12,2,30,2,9,1,1,7,7,1,10,1,12,,4,4,1,22,9,121.5022446,25.04169589
111,11,17,9,9,2,02萬華區,萬華區光復橋往台北市下橋處,0,0,2,2,C03,8,1,8,50,8,9,1,5,4,5,7,4,4,3,4,5,2,17,2,64,2,7,1,1,7,12,1,10,1,15,,43,43,1,22,9,121.4925228,25.0258315
111,11,17,9,9,2,02萬華區,萬華區光復橋往台北市下橋處,0,0,2,1,C04,8,1,8,50,8,9,1,5,4,5,7,4,4,3,4,5,2,17,2,71,2,9,1,1,7,21,1,10,1,15,,43,43,1,22,9,121.4925228,25.0258315
111,11,17,9,10,2,03中山區,中山區中山北路1段與中山北路1段121巷口,0,0,1,1,B01,8,1,5,50,3,1,1,5,4,5,7,4,4,1,4,5,2,16,1,60,3,10,3,4,7,1,1,4,1,1,,19,19,1,22,9,121.522443,25.0514432
111,11,17,9,10,2,03中山區,中山區中山北路1段與中山北路1段121巷口,0,0,1,2,C03,8,1,5,50,3,1,1,5,4,5,7,4,4,1,4,5,2,16,1,23,2,9,1,4,7,6,1,10,1,12,,9,19,1,22,9,121.522443,25.0514432
111,11,17,9,10,2,12內湖區,內湖區瑞湖街與瑞湖街南側附近口(高速公路橋下涵洞),0,0,1,1,C03,8,1,5,50,9,9,1,5,4,5,7,4,4,1,5,5,1,13,1,42,2,9,3,4,7,9,1,10,1,11,,23,23,1,22,9,121.5764092,25.0712322
111,11,17,9,10,2,12內湖區,內湖區瑞湖街與瑞湖街南側附近口(高速公路橋下涵洞),0,0,1,2,B03,8,1,5,50,9,9,1,5,4,5,7,4,4,1,5,5,1,13,1,26,3,10,3,4,7,14,1,8,1,3,,44,23,1,22,9,121.5764092,25.0712322
111,11,17,9,15,2,12內湖區,內湖區潭美街(新明路219巷4弄3號前),0,0,1,1,C03,7,1,5,40,14,9,1,5,4,5,7,4,4,7,4,5,2,16,1,39,2,8,1,1,7,1,1,10,2,14,,19,19,1,22,9,121.587752,25.05725571
111,11,17,9,15,2,12內湖區,內湖區潭美街(新明路219巷4弄3號前),0,0,1,2,C03,7,1,5,40,14,9,1,5,4,5,7,4,4,7,4,5,2,16,1,36,3,10,1,1,7,9,1,9,2,12,,44,19,1,22,9,121.587752,25.05725571
111,11,17,9,15,2,12內湖區,內湖區麥帥一橋機車道西向東,0,0,1,1,C03,7,1,5,40,14,9,1,5,4,5,7,4,4,10,4,5,2,12,1,45,3,10,1,1,7,8,1,10,1,15,,7,7,1,22,9,121.5740921,25.05301077
111,11,17,9,15,2,12內湖區,內湖區麥帥一橋機車道西向東,0,0,1,2,C03,7,1,5,40,14,9,1,5,4,5,7,4,4,10,4,5,2,12,2,44,2,9,1,1,7,9,1,10,1,11,,23,7,1,22,9,121.5740921,25.05301077
111,11,17,9,19,2,04大安區,大安區仁愛路3段與復興南路1段口,0,0,1,1,F01,8,1,5,50,14,8,1,5,4,5,7,2,1,1,4,4,2,17,4,,4,11,3,4,7,15,7,19,11,15,,43,43,2,22,9,121.5437856,25.0377851
111,11,17,9,19,2,04大安區,大安區仁愛路3段與復興南路1段口,0,0,1,2,C03,8,1,5,50,14,8,1,5,4,5,7,2,1,1,4,4,2,17,2,20,2,9,1,1,7,9,1,10,1,12,,44,43,1,22,9,121.5437856,25.0377851
111,11,17,9,37,2,03中山區,中山區新生北路2段121號前橋下停車場,0,0,1,1,B03,8,1,5,50,14,9,1,5,4,5,7,4,4,8,5,5,2,12,2,39,3,10,3,4,7,3,1,8,2,4,,27,27,1,22,9,121.5276385,25.05928869
111,11,17,9,37,2,03中山區,中山區新生北路2段121號前橋下停車場,0,0,1,2,C03,8,1,5,50,14,9,1,5,4,5,7,4,4,8,5,5,2,12,1,52,2,9,3,4,7,9,1,10,2,12,,4,27,1,22,9,121.5276385,25.05928869
111,11,17,9,39,2,03中山區,中山區北安路139號對面,0,0,2,1,C02,8,1,5,50,14,9,1,5,4,5,7,4,4,1,4,5,2,13,1,46,2,9,3,4,7,7,1,9,1,11,,23,7,1,22,9,121.5340865,25.07794979
111,11,17,9,39,2,03中山區,中山區北安路139號對面,0,0,2,2,C01,8,1,5,50,14,9,1,5,4,5,7,4,4,1,4,5,2,13,1,31,2,8,3,4,7,9,1,9,1,13,,44,7,1,22,9,121.5340865,25.07794979
111,11,17,10,20,2,08士林區,士林區大南路與基河路口,0,0,1,1,C03,8,1,5,50,4,1,1,5,4,5,7,2,1,4,4,5,2,16,2,68,2,7,3,4,7,7,1,10,1,14,,7,7,1,22,9,121.5226439,25.0899423
111,11,17,10,20,2,08士林區,士林區大南路與基河路口,0,0,1,2,B03,8,1,5,50,4,1,1,5,4,5,7,2,1,4,4,5,2,16,1,41,3,10,3,4,7,9,1,8,1,5,,44,7,1,22,9,121.5226439,25.0899423
111,11,17,10,21,2,10文山區,文山區木柵路1段65號前,0,0,1,1,C03,8,1,5,50,14,9,1,5,4,5,7,1,1,10,5,5,2,13,2,23,2,9,1,1,7,9,1,10,1,11,,43,43,1,22,9,121.5461265,24.9868047
111,11,17,10,21,2,10文山區,文山區木柵路1段65號前,0,0,1,2,B03,8,1,5,50,14,9,1,5,4,5,7,1,1,10,5,5,2,13,2,40,3,10,1,4,7,9,1,8,1,6,,43,43,1,22,9,121.5461265,24.9868047
111,11,17,11,0,2,12內湖區,內湖區瑞光路216號,0,0,1,1,C03,8,1,5,50,14,9,1,5,4,5,7,4,4,5,5,5,2,17,2,25,2,7,1,1,7,9,1,10,1,11,,23,23,1,22,9,121.5761843,25.07556124
111,11,17,11,0,2,12內湖區,內湖區瑞光路216號,0,0,1,2,B01,8,1,5,50,14,9,1,5,4,5,7,4,4,5,5,5,2,17,1,57,3,10,1,1,7,8,1,8,1,3,,7,23,1,22,9,121.5761843,25.07556124
111,11,17,11,4,2,05中正區,中正區杭州南路1段143巷與信義路2段17巷口,0,0,1,1,C03,8,1,5,30,4,1,1,5,4,5,7,4,4,10,5,5,2,15,2,19,2,9,1,1,7,9,1,10,2,11,,14,14,1,22,9,121.52564,25.0359474
111,11,17,11,4,2,05中正區,中正區杭州南路1段143巷與信義路2段17巷口,0,0,1,2,B03,8,1,5,30,4,1,1,5,4,5,7,4,4,10,5,5,2,15,1,68,3,10,1,1,7,9,1,8,2,2,,6,14,1,22,9,121.52564,25.0359474
111,11,17,11,34,2,04大安區,大安區通化街26-5號,0,0,1,1,B03,8,1,5,50,14,9,1,5,4,5,7,4,4,9,4,5,1,9,1,63,4,11,3,4,7,15,1,8,11,15,,23,23,2,22,9,121.5542977,25.0311961
111,11,17,11,34,2,04大安區,大安區通化街26-5號,0,0,1,2,H01,8,1,5,50,14,9,1,5,4,5,7,4,4,9,4,5,1,9,2,29,2,7,4,5,8,16,8,20,10,16,,67,23,1,22,9,121.5542977,25.0311961
111,11,17,11,43,2,04大安區,大安區市民大道3段228號,0,0,2,1,C03,8,1,5,40,14,9,1,5,4,5,7,4,4,1,4,5,2,17,1,47,2,9,1,1,7,11,1,10,1,13,,6,26,1,22,9,121.547159,25.0449728
111,11,17,11,43,2,04大安區,大安區市民大道3段228號,0,0,2,2,C03,8,1,5,40,14,9,1,5,4,5,7,4,4,1,4,5,2,17,2,26,2,9,1,1,7,9,1,10,1,14,,14,26,1,22,9,121.547159,25.0449728
111,11,17,11,50,2,12內湖區,內湖區文德路22巷44弄90號,0,0,1,1,B03,8,1,5,30,3,1,1,5,4,5,7,4,4,10,5,5,2,16,2,57,3,10,1,1,7,9,1,8,2,4,,44,44,1,22,9,121.5810968,25.07602187
111,11,17,11,50,2,12內湖區,內湖區文德路22巷44弄90號,0,0,1,2,C03,8,1,5,30,3,1,1,5,4,5,7,4,4,10,5,5,2,16,1,61,2,8,1,1,7,5,1,10,2,11,,6,44,1,22,9,121.5810968,25.07602187
111,11,17,12,5,2,07信義區,信義區松智路與松勤街口,0,0,1,1,C03,8,1,5,50,4,1,1,5,4,5,7,1,1,5,5,5,2,16,1,29,3,10,1,1,7,11,1,10,1,11,,26,26,1,22,9,121.5654206,25.0320803
111,11,17,12,5,2,07信義區,信義區松智路與松勤街口,0,0,1,2,C03,8,1,5,50,4,1,1,5,4,5,7,1,1,5,5,5,2,16,1,37,2,9,1,1,7,9,1,10,1,14,,44,26,1,22,9,121.5654206,25.0320803