發生年度,發生月,發生日,發生時-Hours,發生分,處理別-編號,區序,肇事地點,死亡人數,2-30日死亡人數,受傷人數,當事人序號,車種,天候,光線,道路類別,速限-速度限制,道路型態,事故位置,路面狀況1,路面狀況2,路面狀況3,道路障礙1,道路障礙2,號誌1,號誌2,車道劃分-分向,車道劃分-分道1,車道劃分-分道2,車道劃分-分道3,事故類型及型態,性別,年齡,受傷程度,主要傷處,安全帽,行動電話,車輛用途,當事者行動狀態,駕駛資格情形,駕駛執照種類,飲酒情形,車輛撞擊部位1,車輛撞擊部位2,肇因碼-個別,肇因碼-主要,個人肇逃否,職業,旅次目的,座標-X,座標-Y
111,11,17,12,30,2,03中山區,中山區龍江路370巷與五常街53巷口,0,0,1,1,B11,8,1,5,30,4,1,1,5,4,5,7,4,4,10,5,5,2,3,1,31,3,10,3,4,7,1,1,3,2,8,,19,19,1,22,9,121.5396564,25.0664102
111,11,17,12,30,2,03中山區,中山區龍江路370巷與五常街53巷口,0,0,1,2,H01,8,1,5,30,4,1,1,5,4,5,7,4,4,10,5,5,2,3,1,75,2,9,4,5,8,16,8,20,10,16,,67,19,1,22,9,121.5396564,25.0664102
111,11,17,12,35,2,05中正區,中正區和平西路2段70巷8弄與和平西路1段70巷8弄口4號,0,0,1,1,B01,8,1,5,40,3,2,4,5,4,3,5,4,4,10,5,5,2,9,1,55,3,10,1,1,7,9,1,4,2,8,,23,23,1,22,9,121.5112741,25.02849061
111,11,17,12,35,2,05中正區,中正區和平西路2段70巷8弄與和平西路1段70巷8弄口4號,0,0,1,2,H01,8,1,5,40,3,2,4,5,4,3,5,4,4,10,5,5,2,9,1,55,2,9,4,5,8,17,8,20,10,16,,60,23,1,22,9,121.5112741,25.02849061
111,11,17,12,56,2,01大同區,大同區承德路1段與鄭州路口,0,0,1,1,B03,8,1,5,50,4,1,1,5,4,5,7,2,1,1,4,5,2,12,1,36,3,10,3,4,7,6,3,18,11,2,,9,43,1,22,9,121.5164044,25.04893107
111,11,17,12,56,2,01大同區,大同區承德路1段與鄭州路口,0,0,1,2,C03,8,1,5,50,4,1,1,5,4,5,7,2,1,1,4,5,2,12,1,21,2,9,1,4,7,9,1,10,11,11,,44,43,1,22,9,121.5164044,25.04893107
111,11,17,13,11,2,08士林區,士林區延平北路5段163巷與延平北路5段口,0,0,2,1,B03,8,1,5,50,3,2,1,5,4,5,7,1,1,1,4,5,1,17,2,56,3,10,1,1,7,11,1,8,2,5,,10,10,1,22,9,121.5102611,25.082737
111,11,17,13,11,2,08士林區,士林區延平北路5段163巷與延平北路5段口,0,0,2,2,C03,8,1,5,50,3,2,1,5,4,5,7,1,1,1,4,5,1,17,1,21,2,8,1,1,7,9,1,10,2,14,,23,10,1,22,9,121.5102611,25.082737
111,11,17,13,11,2,08士林區,士林區延平北路5段163巷與延平北路5段口,0,0,2,3,H02,8,1,5,50,3,2,1,5,4,5,7,1,1,1,4,5,1,17,2,20,2,9,4,5,7,17,8,20,10,16,,67,10,1,22,9,121.5102611,25.082737
111,11,17,13,11,2,08士林區,士林區延平北路5段163巷與延平北路5段口,0,0,2,4,B03,8,1,5,50,3,2,1,5,4,5,7,1,1,1,4,5,1,17,1,31,3,10,1,1,7,13,1,8,9,4,,44,10,1,22,9,121.5102611,25.082737
111,11,17,13,20,2,07信義區,信義區虎林街164巷60弄與虎林街164巷口,0,0,1,1,B03,8,1,5,30,4,1,1,5,4,5,7,4,4,10,5,5,2,15,1,37,3,10,3,4,7,9,1,8,1,1,,6,6,1,22,9,121.5744862,25.0378279
111,11,17,13,20,2,07信義區,信義區虎林街164巷60弄與虎林街164巷口,0,0,1,2,C03,8,1,5,30,4,1,1,5,4,5,7,4,4,10,5,5,2,15,1,47,2,9,3,4,7,9,1,10,1,12,,14,6,1,22,9,121.5744862,25.0378279
111,11,17,13,45,2,05中正區,中正區懷寧街與襄陽路口,0,0,1,1,B03,8,1,5,50,4,1,1,5,4,5,7,1,1,10,1,5,2,15,1,56,3,10,1,1,7,9,1,8,2,8,,25,25,1,22,9,121.514174,25.0434282
111,11,17,13,45,2,05中正區,中正區懷寧街與襄陽路口,0,0,1,2,C03,8,1,5,50,4,1,1,5,4,5,7,1,1,10,1,5,2,15,2,39,2,9,1,1,7,9,1,10,2,12,,44,25,1,22,9,121.514174,25.0434282
111,11,17,13,51,2,05中正區,中正區羅斯福路2段168號,0,0,1,1,B01,8,1,5,50,14,9,1,5,4,5,7,4,4,3,4,5,2,12,1,58,3,10,1,1,7,8,1,4,1,2,,7,7,1,22,9,121.5235295,25.02544995
111,11,17,13,51,2,05中正區,中正區羅斯福路2段168號,0,0,1,3,B01,8,1,5,50,14,9,1,5,4,5,7,4,4,3,4,5,2,12,1,57,3,10,1,3,7,14,1,4,1,4,,38,7,1,22,9,121.5235295,25.02544995
111,11,17,13,51,2,05中正區,中正區羅斯福路2段168號,0,0,1,2,F01,8,1,5,50,14,9,1,5,4,5,7,4,4,3,4,5,2,12,1,67,2,7,1,1,7,9,8,20,1,16,,44,7,1,22,9,121.5235295,25.02544995
111,11,17,14,6,2,04大安區,大安區光復南路260巷1號,0,0,1,1,B12,8,1,5,30,14,9,1,5,4,5,7,4,4,10,5,5,2,17,1,52,3,10,1,1,7,5,1,8,1,8,,8,8,1,22,9,121.5571536,25.0402434
111,11,17,14,6,2,04大安區,大安區光復南路260巷1號,0,0,1,2,C03,8,1,5,30,14,9,1,5,4,5,7,4,4,10,5,5,2,17,2,35,2,9,1,1,7,9,1,10,1,12,,44,8,1,22,9,121.5571536,25.0402434
111,11,17,14,6,2,04大安區,大安區光復南路260巷1號,0,0,1,3,B03,8,1,5,30,14,9,1,5,4,5,7,4,4,10,5,5,2,17,1,53,3,10,1,1,7,13,1,8,9,7,,38,8,1,22,9,121.5571536,25.0402434
111,11,17,14,14,2,07信義區,信義區嘉興街175巷9弄與信安街口,0,0,2,1,B03,8,1,5,50,4,1,1,5,4,5,7,4,4,5,5,5,2,12,1,39,3,10,3,4,7,6,1,8,1,2,,9,9,1,22,9,121.5580605,25.02789678
111,11,17,14,14,2,07信義區,信義區嘉興街175巷9弄與信安街口,0,0,2,2,C03,8,1,5,50,4,1,1,5,4,5,7,4,4,5,5,5,2,12,1,30,2,8,3,4,7,9,1,10,1,14,,23,9,1,22,9,121.5580605,25.02789678
111,11,17,14,14,2,07信義區,信義區嘉興街175巷9弄與信安街口,0,0,2,3,H02,8,1,5,50,4,1,1,5,4,5,7,4,4,5,5,5,2,12,2,27,2,8,3,5,7,20,8,20,10,16,,67,9,1,22,9,121.5580605,25.02789678
111,11,17,14,21,2,01大同區,大同區環河北路1段325號,0,0,1,1,B03,8,1,5,50,14,9,1,5,4,5,7,4,4,9,4,5,2,12,1,60,3,10,1,1,7,10,1,8,1,2,,7,7,1,22,9,121.5085479,25.06025033
111,11,17,14,21,2,01大同區,大同區環河北路1段325號,0,0,1,2,C03,8,1,5,50,14,9,1,5,4,5,7,4,4,9,4,5,2,12,1,31,2,9,1,1,7,10,1,10,1,14,,7,7,1,22,9,121.5085479,25.06025033
111,11,17,14,35,2,02萬華區,萬華區堤外便道與堤外便道口華中露營場出入口,0,0,1,1,B03,8,1,5,50,3,1,1,5,4,5,7,4,4,5,5,5,2,16,1,25,3,10,1,1,7,1,1,8,2,4,,19,44,1,22,9,121.4965053,25.01585695
111,11,17,14,35,2,02萬華區,萬華區堤外便道與堤外便道口華中露營場出入口,0,0,1,2,C03,8,1,5,50,3,1,1,5,4,5,7,4,4,5,5,5,2,16,1,24,2,9,1,1,7,9,1,10,2,11,,23,44,1,22,9,121.4965053,25.01585695
111,11,17,14,35,2,02萬華區,萬華區東園街73巷與東園街73巷40弄口,0,0,1,1,B03,8,1,5,30,4,1,1,5,4,5,7,4,4,10,5,5,1,16,1,35,3,10,1,4,7,1,1,8,1,8,,6,42,1,22,9,121.4975781,25.02632659
111,11,17,14,35,2,02萬華區,萬華區東園街73巷與東園街73巷40弄口,0,0,1,2,C03,8,1,5,30,4,1,1,5,4,5,7,4,4,10,5,5,1,16,1,41,2,8,1,4,7,9,6,10,1,11,,23,42,1,22,9,121.4975781,25.02632659
111,11,17,15,24,2,04大安區,大安區仁愛路4段27巷與大安路1段144巷口,0,0,1,2,C03,8,1,5,30,4,1,1,5,4,5,7,4,4,10,5,5,2,15,1,39,2,9,1,1,7,9,1,10,2,12,,6,14,1,21,8,121.5451744,25.03860368
111,11,17,15,24,2,04大安區,大安區仁愛路4段27巷與大安路1段144巷口,0,0,1,1,B03,8,1,5,30,4,1,1,5,4,5,7,4,4,10,5,5,2,15,2,31,3,10,1,1,7,9,1,8,2,1,,23,14,1,21,8,121.5451744,25.03860368
111,11,17,15,33,2,01大同區,大同區鄭州路與太原路口台北地下街Y11出口,0,0,1,1,A02,8,1,5,40,14,9,1,5,4,5,7,4,4,10,5,5,1,13,1,46,3,10,1,1,7,9,1,2,2,1,,44,44,1,10,9,121.515596,25.04908098
111,11,17,15,33,2,01大同區,大同區鄭州路與太原路口台北地下街Y11出口,0,0,1,2,C03,8,1,5,40,14,9,1,5,4,5,7,4,4,10,5,5,1,13,2,45,2,9,1,1,7,7,1,10,2,13,,7,44,1,22,9,121.515596,25.04908098
111,11,17,15,36,2,03中山區,中山區遼寧街與遼寧街116巷口,0,0,1,1,B03,8,1,5,30,3,2,1,5,4,5,7,4,4,9,4,5,2,3,1,24,3,10,3,4,7,5,1,8,2,1,,15,15,1,22,9,121.5424185,25.0528268
111,11,17,15,36,2,03中山區,中山區遼寧街與遼寧街116巷口,0,0,1,2,H01,8,1,5,30,3,2,1,5,4,5,7,4,4,9,4,5,2,3,2,27,2,9,4,5,8,16,8,20,10,16,,67,15,1,22,9,121.5424185,25.0528268
111,11,17,15,50,2,11南港區,南港區南港路3段106巷與松河街口,0,0,2,1,C03,8,1,5,50,3,2,1,5,4,5,7,2,1,8,5,5,2,16,1,26,2,9,3,4,7,5,1,10,1,12,,6,6,1,22,9,121.5897067,25.0552297
111,11,17,15,50,2,11南港區,南港區南港路3段106巷與松河街口,0,0,2,2,C03,8,1,5,50,3,2,1,5,4,5,7,2,1,8,5,5,2,16,2,67,2,5,3,4,7,9,1,10,1,11,,44,6,1,22,9,121.5897067,25.0552297
111,11,17,16,22,2,09北投區,北投區致遠一路2段與自強街口,0,0,1,1,C03,8,1,5,50,14,9,1,5,4,5,7,4,4,5,5,5,2,16,1,28,2,9,1,1,7,9,1,10,1,14,,42,42,1,22,9,121.5146027,25.11073171
111,11,17,16,22,2,09北投區,北投區致遠一路2段與自強街口,0,0,1,2,C03,8,1,5,50,14,9,1,5,4,5,7,4,4,5,5,5,2,16,2,21,3,10,3,1,7,13,1,10,1,14,,44,42,1,22,9,121.5146027,25.11073171
111,11,17,16,39,2,09北投區,北投區承德路7段401巷620弄口側附近附近,0,0,1,1,B12,8,1,5,30,14,9,1,5,4,5,7,4,4,10,5,5,2,17,1,46,3,10,1,1,7,13,1,8,1,4,,40,40,1,22,9,121.4849281,25.1163943
111,11,17,16,39,2,09北投區,北投區承德路7段401巷620弄口側附近附近,0,0,1,2,F01,8,1,5,30,14,9,1,5,4,5,7,4,4,10,5,5,2,17,1,58,2,9,1,1,7,9,8,20,1,16,,44,40,1,22,9,121.4849281,25.1163943
111,11,17,16,46,2,08士林區,士林區承德路5段與士商路口,0,0,1,1,B03,8,1,8,50,15,22,1,5,4,5,7,1,1,3,5,5,2,16,1,25,3,10,1,1,7,5,1,8,2,1,,8,8,1,22,9,121.513894,25.09595471
111,11,17,16,46,2,08士林區,士林區承德路5段與士商路口,0,0,1,2,C03,8,1,8,50,15,22,1,5,4,5,7,1,1,3,5,5,2,16,2,48,2,9,1,1,7,9,1,10,2,14,,44,8,1,22,9,121.513894,25.09595471
111,11,17,16,53,2,05中正區,中正區羅斯福路3段128巷36弄與羅斯福路3段128巷口口,0,0,2,1,C03,8,1,5,30,4,1,1,5,4,5,7,4,4,10,5,5,2,15,1,20,2,9,1,1,7,9,1,10,1,11,,6,6,1,22,9,121.5269896,25.0202491
111,11,17,16,53,2,05中正區,中正區羅斯福路3段128巷36弄與羅斯福路3段128巷口口,0,0,2,2,C03,8,1,5,30,4,1,1,5,4,5,7,4,4,10,5,5,2,15,1,41,3,10,1,1,7,9,1,10,1,14,,14,6,1,22,9,121.5269896,25.0202491
111,11,17,16,53,2,05中正區,中正區羅斯福路3段128巷36弄與羅斯福路3段128巷口口,0,0,2,3,H02,8,1,5,30,4,1,1,5,4,5,7,4,4,10,5,5,2,15,2,19,2,9,1,5,7,20,8,20,10,16,,67,6,1,22,9,121.5269896,25.0202491
111,11,17,17,3,2,04大安區,大安區敦化南路1段160巷與忠孝東路4段101巷口,0,0,1,1,C03,8,3,5,30,4,1,1,5,4,5,7,4,4,10,5,5,2,15,1,21,2,8,1,1,7,9,1,10,1,11,,6,6,1,22,9,121.5480975,25.04355365
111,11,17,17,3,2,04大安區,大安區敦化南路1段160巷與忠孝東路4段101巷口,0,0,1,2,B03,8,3,5,30,4,1,1,5,4,5,7,4,4,10,5,5,2,15,1,39,3,10,1,1,7,9,1,8,1,5,,42,6,1,22,9,121.5480975,25.04355365
111,11,17,17,4,2,04大安區,大安區延吉街107號,0,0,1,1,B12,8,3,5,50,14,9,1,5,4,5,7,4,4,5,5,5,2,17,1,46,3,10,3,4,7,1,1,6,1,15,,19,19,1,22,9,121.5540817,25.04319899
111,11,17,17,4,2,04大安區,大安區延吉街107號,0,0,1,2,C03,8,3,5,50,14,9,1,5,4,5,7,4,4,5,5,5,2,17,1,34,2,9,3,4,7,9,1,10,1,12,,44,19,1,22,9,121.5540817,25.04319899
111,11,17,17,17,2,07信義區,信義區光復南路463號,0,0,1,1,F01,8,3,5,0,14,20,4,5,3,1,7,4,4,1,4,5,1,29,2,20,2,9,3,4,7,9,8,20,2,16,,42,42,1,22,9,121.5576936,25.0349335
111,11,17,17,17,2,07信義區,信義區光復南路463號,0,0,1,2,,8,3,5,0,14,20,4,5,3,1,7,4,4,1,4,5,1,29,3,,,,,,,,,,,,,61,42,1,,,121.5576936,25.0349335
111,11,17,17,17,2,07信義區,信義區光復南路463號,0,0,1,3,,8,3,5,0,14,20,4,5,3,1,7,4,4,1,4,5,1,29,3,,,,,,,,,,,,,61,42,1,,,121.5576936,25.0349335
111,11,17,17,22,2,10文山區,文山區木新路3段與木新路3段74巷口,0,0,2,1,B03,7,3,5,30,3,2,1,5,4,5,7,4,4,5,4,5,2,17,2,44,3,10,3,4,7,6,1,8,1,8,,6,6,1,22,9,121.5635497,24.98233538
111,11,17,17,22,2,10文山區,文山區木新路3段與木新路3段74巷口,0,0,2,2,C03,7,3,5,30,3,2,1,5,4,5,7,4,4,5,4,5,2,17,1,22,2,9,3,4,7,9,1,10,1,12,,42,6,1,22,9,121.5635497,24.98233538
111,11,17,17,22,2,10文山區,文山區木新路3段與木新路3段74巷口,0,0,2,3,H02,7,3,5,30,3,2,1,5,4,5,7,4,4,5,4,5,2,17,2,22,2,9,3,4,7,20,8,20,9,16,,67,6,1,22,9,121.5635497,24.98233538
111,11,17,17,30,2,11南港區,南港區南港路3段與南港路3段50巷口,0,0,1,1,C03,7,3,5,50,14,9,1,5,4,5,7,2,1,5,4,5,2,17,2,48,3,10,1,1,7,1,1,10,2,15,,19,19,1,22,9,121.5917031,25.0540198
111,11,17,17,30,2,11南港區,南港區南港路3段與南港路3段50巷口,0,0,1,2,C03,7,3,5,50,14,9,1,5,4,5,7,2,1,5,4,5,2,17,1,66,2,9,1,1,7,9,1,10,2,15,,44,19,1,22,9,121.5917031,25.0540198
111,11,17,17,38,2,05中正區,中正區林森南路與濟南路1段口,0,0,1,1,B12,8,3,5,50,4,1,1,5,4,5,7,1,1,9,4,4,2,16,1,76,3,10,1,1,7,5,1,8,1,5,,8,8,1,22,9,121.5226886,25.0423993
111,11,17,17,38,2,05中正區,中正區林森南路與濟南路1段口,0,0,1,2,C03,8,3,5,50,4,1,1,5,4,5,7,1,1,9,4,4,2,16,1,19,2,9,1,1,7,9,1,10,1,11,,23,8,1,22,9,121.5226886,25.0423993
111,11,17,17,44,2,09北投區,北投區磺港路204號,0,0,1,1,H01,8,3,5,50,14,9,1,5,4,5,7,4,4,1,5,5,2,9,2,54,2,9,4,5,8,16,8,20,1,16,,60,60,1,22,9,121.5032654,25.12710902
111,11,17,17,44,2,09北投區,北投區磺港路204號,0,0,1,2,C03,8,3,5,50,14,9,1,5,4,5,7,4,4,1,5,5,2,9,1,50,3,10,1,1,7,9,1,10,1,11,,44,60,1,22,9,121.5032654,25.12710902
111,11,17,18,0,2,03中山區,中山區大直橋往北,0,0,2,1,C03,8,3,5,50,8,11,1,5,4,5,7,4,4,3,1,5,2,13,1,24,2,8,1,1,7,9,1,10,1,11,,16,16,1,22,9,121.5444297,25.0743619
111,11,17,18,0,2,03中山區,中山區大直橋往北,0,0,2,2,C03,8,3,5,50,8,11,1,5,4,5,7,4,4,3,1,5,2,13,1,29,2,8,1,1,7,9,1,10,1,13,,16,16,1,22,9,121.5444297,25.0743619
111,11,17,18,0,2,03中山區,中山區大直橋往北,0,0,2,3,B03,8,3,5,50,8,11,1,5,4,5,7,4,4,3,1,5,2,13,1,75,3,10,1,1,7,9,1,8,1,8,,23,16,1,22,9,121.5444297,25.0743619
111,11,17,18,0,2,05中正區,中正區市民大道3段8號,0,0,1,1,B01,8,3,5,40,14,9,1,5,4,5,7,4,4,4,4,1,2,17,2,47,3,10,1,1,7,9,1,4,1,10,,23,23,1,22,9,121.5324062,25.04538123
111,11,17,18,0,2,05中正區,中正區市民大道3段8號,0,0,1,2,C03,8,3,5,40,14,9,1,5,4,5,7,4,4,4,4,1,2,17,1,19,2,8,1,1,7,14,1,10,1,15,,44,23,1,22,9,121.5324062,25.04538123
111,11,17,18,26,2,04大安區,大安區忠孝東路4段與敦化南路1段口,0,0,1,1,B03,7,3,5,50,5,4,1,5,4,5,7,1,1,8,3,1,2,12,2,77,3,10,1,1,7,9,1,8,1,5,,23,23,1,22,9,121.5486044,25.0418117
111,11,17,18,26,2,04大安區,大安區忠孝東路4段與敦化南路1段口,0,0,1,2,C03,7,3,5,50,5,4,1,5,4,5,7,1,1,8,3,1,2,12,2,32,2,7,1,1,7,15,1,10,1,14,,44,23,1,22,9,121.5486044,25.0418117
111,11,17,19,16,2,03中山區,中山區松江路84巷與松江路90巷6弄口,0,0,1,1,C03,7,3,5,50,3,1,1,5,4,5,7,4,4,5,5,5,2,12,1,43,3,10,3,4,7,5,1,10,1,15,,8,8,1,22,9,121.5320579,25.0502843
111,11,17,19,16,2,03中山區,中山區松江路84巷與松江路90巷6弄口,0,0,1,2,C04,7,3,5,50,3,1,1,5,4,5,7,4,4,5,5,5,2,12,2,57,2,9,3,4,7,9,1,8,1,12,,44,8,1,22,9,121.5320579,25.0502843
111,11,17,19,16,2,03中山區,中山區松江路84巷與松江路90巷6弄口,0,0,1,3,H02,7,3,5,50,3,1,1,5,4,5,7,4,4,5,5,5,2,12,1,10,3,10,3,4,7,20,8,20,10,16,,67,8,1,22,9,121.5320579,25.0502843
111,11,17,19,50,2,07信義區,信義區松隆路與松信路口,0,0,1,1,B01,8,3,5,50,4,2,1,5,4,5,7,2,1,1,4,5,2,1,1,66,3,10,1,1,7,5,1,4,1,8,,15,23,1,22,9,121.572267,25.0469463
111,11,17,19,50,2,07信義區,信義區松隆路與松信路口,0,0,1,2,H01,8,3,5,50,4,2,1,5,4,5,7,2,1,1,4,5,2,1,1,46,2,1,4,5,8,16,8,20,10,16,,52,23,1,22,9,121.572267,25.0469463
111,11,17,20,56,2,02萬華區,萬華區桂林路與柳州街口,0,0,1,1,B03,8,1,5,50,15,18,1,5,4,5,7,1,1,10,5,5,2,3,1,55,3,10,3,4,7,5,1,8,1,8,,15,15,1,22,9,121.5051682,25.03767899
111,11,17,20,56,2,02萬華區,萬華區桂林路與柳州街口,0,0,1,2,H01,8,1,5,50,15,18,1,5,4,5,7,1,1,10,5,5,2,3,2,69,2,9,4,5,8,16,8,20,1,16,,67,15,1,22,9,121.5051682,25.03767899
111,11,17,21,35,2,04大安區,大安區和平東路3段與和平東路3段70巷口口,0,0,1,1,B12,8,3,5,50,4,1,1,5,4,5,7,2,1,1,2,5,2,17,1,41,3,10,3,4,7,7,1,8,1,7,,7,7,1,22,9,121.5503357,25.02438985
111,11,17,21,35,2,04大安區,大安區和平東路3段與和平東路3段70巷口口,0,0,1,2,C03,8,3,5,50,4,1,1,5,4,5,7,2,1,1,2,5,2,17,1,24,2,9,3,4,7,7,1,9,1,15,,7,7,1,22,9,121.5503357,25.02438985
111,11,17,21,49,2,07信義區,信義區大道路與忠孝東路5段790巷24弄口,0,0,2,1,C03,8,3,5,30,4,1,1,5,4,5,7,4,4,9,5,5,2,16,1,52,2,9,1,1,7,9,1,10,2,11,,26,26,1,22,9,121.5818877,25.0419317
111,11,17,21,49,2,07信義區,信義區大道路與忠孝東路5段790巷24弄口,0,0,2,2,C03,8,3,5,30,4,1,1,5,4,5,7,4,4,9,5,5,2,16,2,38,2,9,1,1,7,9,1,10,2,14,,23,26,1,22,9,121.5818877,25.0419317
111,11,17,21,54,2,10文山區,文山區木柵路3段與久康街口,0,0,1,1,B02,8,3,5,50,3,2,1,5,4,5,7,3,1,5,5,5,2,17,1,50,3,10,3,4,7,4,1,8,2,15,,42,42,1,22,9,121.5644527,24.98853722
111,11,17,21,54,2,10文山區,文山區木柵路3段與久康街口,0,0,1,2,C03,8,3,5,50,3,2,1,5,4,5,7,3,1,5,5,5,2,17,1,27,2,9,3,4,7,9,1,10,2,12,,42,42,1,22,9,121.5644527,24.98853722
111,11,17,22,34,2,06松山區,松山區南京東路4段75巷與健康路8巷口口,0,0,1,1,B02,8,3,5,30,4,1,1,5,4,5,7,4,4,10,5,5,2,15,1,46,3,10,1,1,7,9,1,8,1,1,,6,6,1,22,9,121.5536981,25.05224789
111,11,17,22,34,2,06松山區,松山區南京東路4段75巷與健康路8巷口口,0,0,1,2,C03,8,3,5,30,4,1,1,5,4,5,7,4,4,10,5,5,2,15,1,18,2,9,1,1,7,9,3,18,1,12,,14,6,1,22,9,121.5536981,25.05224789
111,11,17,22,34,2,06松山區,松山區南京東路4段75巷與健康路8巷口口,0,0,1,3,F01,8,3,5,30,4,1,1,5,4,5,7,4,4,10,5,5,2,15,3,,,,,,,,,,,,,67,6,1,,,121.5536981,25.05224789
111,11,17,22,34,2,06松山區,松山區南京東路4段75巷與健康路8巷口口,0,0,1,4,F01,8,3,5,30,4,1,1,5,4,5,7,4,4,10,5,5,2,15,3,,,,,,,,,,,,,67,6,1,,,121.5536981,25.05224789
111,11,17,22,34,2,06松山區,松山區南京東路4段75巷與健康路8巷口口,0,0,1,5,C03,8,3,5,30,4,1,1,5,4,5,7,4,4,10,5,5,2,15,3,,,,,,,,,,,,,67,6,1,,,121.5536981,25.05224789
111,11,17,22,34,2,06松山區,松山區南京東路4段75巷與健康路8巷口口,0,0,1,6,C03,8,3,5,30,4,1,1,5,4,5,7,4,4,10,5,5,2,15,3,,,,,,,,,,,,,67,6,1,,,121.5536981,25.05224789
111,11,17,22,34,2,06松山區,松山區南京東路4段75巷與健康路8巷口口,0,0,1,7,B11,8,3,5,30,4,1,1,5,4,5,7,4,4,10,5,5,2,15,3,,,,,,,,,,,,,67,6,1,,,121.5536981,25.05224789
111,11,17,22,40,2,05中正區,中正區林森北路9巷與林森北路口口,0,0,1,1,C03,8,3,5,50,3,2,1,5,4,5,7,4,4,9,4,5,1,13,2,18,2,9,1,1,7,9,1,10,2,11,,23,23,1,21,1,121.5236374,25.0458809
111,11,17,22,40,2,05中正區,中正區林森北路9巷與林森北路口口,0,0,1,2,B03,8,3,5,50,3,2,1,5,4,5,7,4,4,9,4,5,1,13,2,32,3,10,1,1,7,5,1,8,2,3,,44,23,1,21,1,121.5236374,25.0458809
111,11,17,23,22,2,08士林區,士林區復興橋與至誠路1段口,0,0,2,1,C03,8,3,5,50,5,1,1,5,4,5,7,1,1,5,4,5,2,12,1,19,3,10,1,1,7,5,1,10,1,14,,8,8,1,22,9,121.5375604,25.10082836
111,11,17,23,22,2,08士林區,士林區復興橋與至誠路1段口,0,0,2,2,C03,8,3,5,50,5,1,1,5,4,5,7,1,1,5,4,5,2,12,1,18,2,9,1,1,7,6,1,10,1,12,,9,8,1,22,9,121.5375604,25.10082836
111,11,17,23,22,2,08士林區,士林區復興橋與至誠路1段口,0,0,2,3,H02,8,3,5,50,5,1,1,5,4,5,7,1,1,5,4,5,2,12,2,19,2,1,1,5,7,20,8,20,10,16,,67,8,1,22,9,121.5375604,25.10082836
111,11,17,23,40,2,01大同區,大同區鄭州路145號與鄭州路口前迴轉道,0,0,1,1,B03,8,3,5,40,3,2,1,5,4,5,7,4,4,9,4,5,2,16,2,27,3,10,1,1,7,5,1,8,1,4,,6,,1,22,9,121.510104,25.05034106
111,11,17,23,40,2,01大同區,大同區鄭州路145號與鄭州路口前迴轉道,0,0,1,2,C03,8,3,5,40,3,2,1,5,4,5,7,4,4,9,4,5,2,16,1,18,2,9,1,1,7,9,1,10,1,12,,23,,1,22,9,121.510104,25.05034106
111,11,18,0,30,2,09北投區,北投區石牌路1段與致遠一路2段口,0,0,1,1,B03,8,3,5,50,4,1,1,5,4,5,7,1,1,9,4,5,2,3,1,47,3,10,3,4,7,5,1,8,2,5,,15,8,1,22,9,121.521436,25.120726
111,11,18,0,30,2,09北投區,北投區石牌路1段與致遠一路2段口,0,0,1,2,H01,8,3,5,50,4,1,1,5,4,5,7,1,1,9,4,5,2,3,2,27,2,1,4,5,8,16,8,20,10,16,,67,8,1,22,9,121.521436,25.120726
111,11,18,2,7,2,02萬華區,萬華區中華路1段與南寧路附近口,0,0,2,1,F01,8,3,5,50,5,2,1,5,4,5,7,1,1,10,5,5,2,17,1,72,2,5,1,1,7,1,8,20,1,16,,19,19,1,22,9,121.5066158,25.03696521
111,11,18,2,7,2,02萬華區,萬華區中華路1段與南寧路附近口,0,0,2,2,C03,8,3,5,50,5,2,1,5,4,5,7,1,1,10,5,5,2,17,1,26,2,9,3,4,7,9,1,10,1,11,,23,19,1,22,9,121.5066158,25.03696521
111,11,18,2,59,2,05中正區,中正區中山南路與忠孝東路1段口,0,0,2,1,B01,8,3,5,50,4,1,1,5,4,5,7,2,1,8,4,3,1,12,1,64,3,10,1,1,7,9,1,3,2,5,,23,23,1,22,9,121.519712,25.0455535
111,11,18,2,59,2,05中正區,中正區中山南路與忠孝東路1段口,0,0,2,2,C03,8,3,5,50,4,1,1,5,4,5,7,2,1,8,4,3,1,12,2,51,2,1,1,1,7,9,4,11,2,14,,44,23,1,22,9,121.519712,25.0455535
111,11,18,2,59,2,05中正區,中正區中山南路與忠孝東路1段口,0,0,2,3,H02,8,3,5,50,4,1,1,5,4,5,7,2,1,8,4,3,1,12,1,47,2,9,4,5,7,20,8,20,10,16,,67,23,1,22,9,121.519712,25.0455535
111,11,18,6,16,2,02萬華區,萬華區桂林路水門口,0,0,1,1,C03,8,1,5,50,5,2,1,5,4,5,7,2,1,1,4,5,2,17,4,,4,11,3,4,7,15,7,19,11,15,,43,43,2,22,9,121.4954121,25.0388824
111,11,18,6,16,2,02萬華區,萬華區桂林路水門口,0,0,1,2,C03,8,1,5,50,5,2,1,5,4,5,7,2,1,1,4,5,2,17,1,48,2,9,1,1,7,5,1,10,9,14,,44,43,1,22,9,121.4954121,25.0388824
111,11,18,6,56,2,08士林區,士林區菁山路101巷冷水坑一號停車場,0,0,2,1,C03,7,1,5,50,14,9,1,5,4,5,7,4,4,5,5,5,2,13,2,19,2,9,3,4,7,9,1,10,2,11,,16,16,1,22,9,121.563471,25.16597023