發生年度,發生月,發生日,發生時-Hours,發生分,處理別-編號,區序,肇事地點,死亡人數,2-30日死亡人數,受傷人數,當事人序號,車種,天候,光線,道路類別,速限-速度限制,道路型態,事故位置,路面狀況1,路面狀況2,路面狀況3,道路障礙1,道路障礙2,號誌1,號誌2,車道劃分-分向,車道劃分-分道1,車道劃分-分道2,車道劃分-分道3,事故類型及型態,性別,年齡,受傷程度,主要傷處,安全帽,行動電話,車輛用途,當事者行動狀態,駕駛資格情形,駕駛執照種類,飲酒情形,車輛撞擊部位1,車輛撞擊部位2,肇因碼-個別,肇因碼-主要,個人肇逃否,職業,旅次目的,座標-X,座標-Y
111,11,18,6,56,2,08士林區,士林區菁山路101巷冷水坑一號停車場,0,0,2,2,C03,7,1,5,50,14,9,1,5,4,5,7,4,4,5,5,5,2,13,2,18,3,10,3,4,7,9,1,10,2,13,,14,16,1,22,9,121.563471,25.16597023
111,11,18,6,56,2,08士林區,士林區菁山路101巷冷水坑一號停車場,0,0,2,3,H02,7,1,5,50,14,9,1,5,4,5,7,4,4,5,5,5,2,13,2,18,2,9,3,4,7,20,8,20,10,16,,67,16,1,22,9,121.563471,25.16597023
111,11,18,7,37,2,02萬華區,萬華區環河南路1段23-6號,0,0,1,1,C03,8,1,5,50,14,9,1,5,4,5,7,4,4,5,4,5,2,12,2,23,2,8,1,1,7,10,1,10,1,12,,23,23,1,22,9,121.5040429,25.04686526
111,11,18,7,37,2,02萬華區,萬華區環河南路1段23-6號,0,0,1,2,B12,8,1,5,50,14,9,1,5,4,5,7,4,4,5,4,5,2,12,1,54,3,10,1,1,7,9,1,8,1,7,,44,23,1,22,9,121.5040429,25.04686526
111,11,18,7,50,2,10文山區,文山區福興路2號,0,0,2,1,C03,8,1,5,30,11,9,1,5,4,5,7,4,4,5,5,5,2,12,2,42,2,8,1,1,7,15,3,18,1,11,,38,38,1,22,9,121.5518605,25.00230582
111,11,18,7,50,2,10文山區,文山區福興路2號,0,0,2,2,C03,8,1,5,30,11,9,1,5,4,5,7,4,4,5,5,5,2,12,1,36,3,10,1,1,7,13,1,10,1,12,,38,38,1,22,9,121.5518605,25.00230582
111,11,18,7,50,2,10文山區,文山區福興路2號,0,0,2,3,B03,8,1,5,30,11,9,1,5,4,5,7,4,4,5,5,5,2,12,1,23,3,10,1,1,7,9,1,8,1,2,,44,38,1,22,9,121.5518605,25.00230582
111,11,18,7,50,2,10文山區,文山區福興路2號,0,0,2,4,H02,8,1,5,30,11,9,1,5,4,5,7,4,4,5,5,5,2,12,1,5,2,8,4,5,7,19,8,20,10,16,,60,38,1,22,9,121.5518605,25.00230582
111,11,18,8,1,2,02萬華區,萬華區康定路與桂林路口,0,0,2,1,C03,8,1,5,50,4,2,1,5,4,5,7,2,1,5,4,5,2,12,1,57,2,9,1,1,7,8,1,10,1,12,,7,7,1,22,9,121.5017437,25.0384954
111,11,18,8,1,2,02萬華區,萬華區康定路與桂林路口,0,0,2,2,C03,8,1,5,50,4,2,1,5,4,5,7,2,1,5,4,5,2,12,1,39,2,9,1,1,7,9,1,10,2,14,,44,7,1,22,9,121.5017437,25.0384954
111,11,18,8,16,2,09北投區,北投區立德路與立功街口,0,0,1,1,B01,8,1,5,50,4,1,1,5,4,5,7,1,1,5,5,5,2,16,1,46,3,10,3,4,7,5,1,3,1,1,,6,6,1,22,9,121.4717377,25.12543215
111,11,18,8,16,2,09北投區,北投區立德路與立功街口,0,0,1,2,C03,8,1,5,50,4,1,1,5,4,5,7,1,1,5,5,5,2,16,1,37,2,9,1,1,7,9,1,10,1,11,,44,6,1,22,9,121.4717377,25.12543215
111,11,18,8,30,2,03中山區,中山區敬業二路69巷與敬業二路口,0,0,1,1,B03,8,1,5,50,3,1,1,5,4,5,7,4,4,5,5,5,2,16,1,61,3,10,1,1,7,5,1,10,1,1,,6,6,1,22,9,121.5543877,25.0819382
111,11,18,8,30,2,03中山區,中山區敬業二路69巷與敬業二路口,0,0,1,2,C04,8,1,5,50,3,1,1,5,4,5,7,4,4,5,5,5,2,16,2,22,2,9,1,1,7,9,1,10,1,12,,44,6,1,22,9,121.5543877,25.0819382
111,11,18,8,30,2,10文山區,文山區羅斯福路5段170巷與公館街口,0,0,2,1,C03,8,1,5,50,3,1,1,5,4,5,7,4,4,9,5,5,2,16,1,67,2,9,1,1,7,5,1,10,2,14,,44,44,1,22,9,121.5371902,25.0046599
111,11,18,8,30,2,10文山區,文山區羅斯福路5段170巷與公館街口,0,0,2,2,C03,8,1,5,50,3,1,1,5,4,5,7,4,4,9,5,5,2,16,2,26,2,9,1,1,7,9,1,10,2,14,,4,44,1,22,9,121.5371902,25.0046599
111,11,18,8,30,2,07信義區,信義區忠孝東路5段與虎林街口,0,0,1,1,C03,8,1,5,50,4,1,1,5,4,5,7,1,1,1,4,5,2,13,1,60,2,8,1,1,7,9,1,10,1,11,,16,16,1,22,9,121.5769594,25.040794
111,11,18,8,30,2,07信義區,信義區忠孝東路5段與虎林街口,0,0,1,2,B12,8,1,5,50,4,1,1,5,4,5,7,1,1,1,4,5,2,13,1,44,3,10,1,1,7,6,1,4,1,7,,44,16,1,22,9,121.5769594,25.040794
111,11,18,8,35,2,05中正區,中正區重慶南路3段121號附近側附近,0,0,2,1,C04,8,1,5,50,14,9,1,5,4,5,7,4,4,1,4,5,1,17,1,21,2,7,1,1,7,9,1,10,1,14,,43,43,1,22,9,121.5169391,25.02403335
111,11,18,8,35,2,05中正區,中正區重慶南路3段121號附近側附近,0,0,2,2,C03,8,1,5,50,14,9,1,5,4,5,7,4,4,1,4,5,1,17,2,20,2,8,1,1,7,9,1,10,1,12,,43,43,1,22,9,121.5169391,25.02403335
111,11,18,8,35,2,12內湖區,內湖區文德路與文德路101巷口,0,0,2,1,C03,8,1,5,50,4,1,1,5,4,5,7,2,1,5,5,5,1,16,2,27,2,9,1,1,7,9,1,10,1,12,,44,44,1,22,9,121.583564,25.07858909
111,11,18,8,35,2,12內湖區,內湖區文德路與文德路101巷口,0,0,2,2,C03,8,1,5,50,4,1,1,5,4,5,7,2,1,5,5,5,1,16,2,31,2,9,1,1,7,5,1,10,1,14,,8,44,1,22,9,121.583564,25.07858909
111,11,18,8,45,2,10文山區,文山區木新路3段373號,0,0,1,1,H01,8,1,5,50,14,9,1,5,4,5,7,4,4,4,4,5,1,3,2,79,2,9,4,5,8,16,8,20,10,16,,52,52,1,22,9,121.5552559,24.98030916
111,11,18,8,45,2,10文山區,文山區木新路3段373號,0,0,1,2,B03,8,1,5,50,14,9,1,5,4,5,7,4,4,4,4,5,1,3,1,47,3,10,3,4,7,9,1,8,2,2,,23,52,1,22,9,121.5552559,24.98030916
111,11,18,8,57,2,07信義區,信義區基隆路1段35巷與基隆路1段口,0,0,2,1,B12,8,1,5,50,4,1,1,5,4,5,7,1,1,5,4,5,2,15,1,18,3,10,1,1,7,1,1,8,1,5,,6,17,1,22,9,121.5687797,25.04809471
111,11,18,8,57,2,07信義區,信義區基隆路1段35巷與基隆路1段口,0,0,2,2,C03,8,1,5,50,4,1,1,5,4,5,7,1,1,5,4,5,2,15,1,22,2,9,1,1,7,1,1,10,1,14,,44,17,1,22,9,121.5687797,25.04809471
111,11,18,8,57,2,07信義區,信義區基隆路1段35巷與基隆路1段口,0,0,2,3,H02,8,1,5,50,4,1,1,5,4,5,7,1,1,5,4,5,2,15,2,24,2,9,4,5,7,20,8,20,10,16,,67,17,1,22,9,121.5687797,25.04809471
111,11,18,9,0,2,06松山區,松山區塔悠路110巷與塔悠路88巷口,0,0,2,1,C03,8,1,5,30,4,1,1,5,4,4,7,4,4,10,5,5,2,15,2,28,2,9,1,1,7,1,1,10,1,11,,23,6,1,22,9,121.5689715,25.05510047
111,11,18,9,0,2,06松山區,松山區塔悠路110巷與塔悠路88巷口,0,0,2,2,C03,8,1,5,30,4,1,1,5,4,4,7,4,4,10,5,5,2,15,1,45,2,9,1,1,7,1,1,10,1,14,,19,6,1,22,9,121.5689715,25.05510047
111,11,18,9,0,2,07信義區,信義區信安街155號,0,0,1,1,C03,7,1,5,50,14,9,1,5,4,5,7,4,4,9,5,5,2,17,2,22,2,9,1,1,7,9,1,10,1,14,,44,44,1,22,9,121.5552409,25.02281377
111,11,18,9,0,2,07信義區,信義區信安街155號,0,0,1,2,B11,7,1,5,50,14,9,1,5,4,5,7,4,4,9,5,5,2,17,2,54,3,10,1,1,7,1,1,4,1,15,,19,44,1,22,9,121.5552409,25.02281377
111,11,18,9,10,2,11南港區,南港區經貿一路與經貿一路口北往南146號燈桿,0,0,1,1,B12,8,1,5,50,3,2,1,5,4,5,7,4,4,8,3,4,2,16,1,57,3,10,1,1,7,6,1,8,1,5,,9,9,1,22,9,121.6201413,25.0582187
111,11,18,9,10,2,11南港區,南港區經貿一路與經貿一路口北往南146號燈桿,0,0,1,2,C03,8,1,5,50,3,2,1,5,4,5,7,4,4,8,3,4,2,16,1,25,2,9,1,1,7,9,1,10,1,14,,44,9,1,22,9,121.6201413,25.0582187
111,11,18,9,15,2,08士林區,士林區雨聲街與至誠路1段口,0,0,1,1,C03,8,1,5,50,3,2,1,5,4,5,7,3,1,5,5,5,2,12,2,29,2,8,3,4,7,5,1,10,1,12,,8,8,1,22,9,121.5340425,25.1012998
111,11,18,9,15,2,08士林區,士林區雨聲街與至誠路1段口,0,0,1,2,C03,8,1,5,50,3,2,1,5,4,5,7,3,1,5,5,5,2,12,1,47,3,10,3,4,7,9,1,10,1,14,,23,8,1,22,9,121.5340425,25.1012998
111,11,18,9,47,2,05中正區,中正區羅斯福路1段與金華街口,0,0,2,1,C03,8,1,5,50,3,2,1,5,4,5,7,4,4,3,4,4,2,13,2,30,2,9,1,1,7,9,1,10,1,11,,23,23,2,22,9,121.5185945,25.03247891
111,11,18,9,47,2,05中正區,中正區羅斯福路1段與金華街口,0,0,2,2,C03,8,1,5,50,3,2,1,5,4,5,7,4,4,3,4,4,2,13,1,20,2,9,1,1,7,9,1,10,1,11,,23,23,1,22,9,121.5185945,25.03247891
111,11,18,9,47,2,05中正區,中正區羅斯福路1段與金華街口,0,0,2,3,B01,8,1,5,50,3,2,1,5,4,5,7,4,4,3,4,4,2,13,1,54,3,10,1,1,7,14,1,4,11,7,,26,23,2,22,9,121.5185945,25.03247891
111,11,18,9,50,2,03中山區,中山區市民大道1段135橋墩,0,0,2,1,C03,8,1,5,40,14,9,1,5,4,5,7,4,4,7,4,5,2,12,2,51,2,9,1,1,7,7,1,10,1,14,,7,7,1,22,9,121.5259293,25.0473597
111,11,18,9,50,2,03中山區,中山區市民大道1段135橋墩,0,0,2,2,C03,8,1,5,40,14,9,1,5,4,5,7,4,4,7,4,5,2,12,2,40,2,9,1,3,7,9,1,10,1,12,,13,7,1,22,9,121.5259293,25.0473597
111,11,18,10,0,2,08士林區,士林區延平北路7段堤外(往北公園旁),0,0,2,1,C03,8,1,5,30,14,9,1,5,4,5,7,4,4,10,5,5,2,17,2,65,2,9,1,1,7,9,1,10,1,12,,17,5,1,22,9,121.4963508,25.09806052
111,11,18,10,0,2,08士林區,士林區延平北路7段堤外(往北公園旁),0,0,2,2,C03,8,1,5,30,14,9,1,5,4,5,7,4,4,10,5,5,2,17,2,26,2,9,1,1,7,9,1,10,1,12,,17,5,1,22,9,121.4963508,25.09806052
111,11,18,10,28,2,02萬華區,萬華區武昌街2段50巷與漢中街50巷口,0,0,1,1,C03,8,1,5,30,4,1,1,5,4,5,7,4,4,10,5,5,2,15,1,62,2,9,1,1,7,9,1,10,1,11,,6,6,1,22,9,121.5068802,25.0441258
111,11,18,10,28,2,02萬華區,萬華區武昌街2段50巷與漢中街50巷口,0,0,1,2,B12,8,1,5,30,4,1,1,5,4,5,7,4,4,10,5,5,2,15,1,39,3,10,1,1,7,9,1,3,1,8,,14,6,1,22,9,121.5068802,25.0441258
111,11,18,10,30,2,11南港區,南港區南港路2段與南港路2段38巷口,0,0,1,1,C03,8,1,5,50,3,2,1,5,4,5,7,1,1,8,3,4,2,13,1,18,2,9,1,1,7,9,1,10,11,11,,23,23,1,22,9,121.6057678,25.0541532
111,11,18,10,30,2,11南港區,南港區南港路2段與南港路2段38巷口,0,0,1,2,B01,8,1,5,50,3,2,1,5,4,5,7,1,1,8,3,4,2,13,1,66,3,10,1,1,7,8,1,4,11,7,,44,23,1,22,9,121.6057678,25.0541532
111,11,18,10,31,2,08士林區,士林區凱旋路61巷4弄003號燈桿,0,0,2,1,C03,8,1,5,30,14,9,1,5,4,5,7,4,4,10,5,5,2,16,1,22,2,7,3,4,7,5,1,10,1,14,,8,8,1,22,9,121.5400971,25.13473239
111,11,18,10,31,2,08士林區,士林區凱旋路61巷4弄003號燈桿,0,0,2,2,C03,8,1,5,30,14,9,1,5,4,5,7,4,4,10,5,5,2,16,2,22,2,7,3,4,7,9,1,10,1,12,,13,8,1,22,9,121.5400971,25.13473239
111,11,18,10,39,2,08士林區,士林區中山北路6段405巷與中山北路6段441巷口,0,0,1,1,B02,8,1,5,50,4,2,1,5,4,5,7,4,4,10,2,5,1,16,1,41,3,10,1,1,7,6,1,8,1,2,,6,6,1,22,9,121.527332,25.11543561
111,11,18,10,39,2,08士林區,士林區中山北路6段405巷與中山北路6段441巷口,0,0,1,2,C03,8,1,5,50,4,2,1,5,4,5,7,4,4,10,2,5,1,16,1,52,2,9,1,1,7,9,1,10,1,14,,44,6,1,22,9,121.527332,25.11543561
111,11,18,10,56,2,02萬華區,萬華區青年路132號,0,0,1,1,B03,8,1,5,30,14,9,1,5,4,5,7,4,4,5,4,5,2,17,1,63,4,11,3,4,7,2,7,19,11,15,,12,43,2,22,9,121.5026696,25.02229179
111,11,18,10,56,2,02萬華區,萬華區青年路132號,0,0,1,2,C03,8,1,5,30,14,9,1,5,4,5,7,4,4,5,4,5,2,17,1,40,2,8,1,1,7,15,1,10,1,11,,44,43,1,22,9,121.5026696,25.02229179
111,11,18,11,6,2,03中山區,中山區南京東路2段85號,0,0,1,1,C03,8,1,5,40,14,8,1,5,4,5,7,1,1,1,3,4,1,16,1,19,2,9,1,1,7,9,1,10,1,14,,23,23,1,22,9,121.5317157,25.05211995
111,11,18,11,6,2,03中山區,中山區南京東路2段85號,0,0,1,2,B02,8,1,5,40,14,8,1,5,4,5,7,1,1,1,3,4,1,16,1,37,3,10,1,1,7,14,1,8,1,3,,38,23,1,22,9,121.5317157,25.05211995
111,11,18,11,8,2,10文山區,文山區木新路3段74巷與木新路3段74巷8弄口,0,0,2,1,C03,8,1,5,50,4,1,1,5,4,5,7,4,4,5,5,5,2,15,2,28,2,9,1,1,7,9,1,10,1,11,,6,6,1,22,9,121.5633657,24.98288
111,11,18,11,8,2,10文山區,文山區木新路3段74巷與木新路3段74巷8弄口,0,0,2,2,C03,8,1,5,50,4,1,1,5,4,5,7,4,4,5,5,5,2,15,2,48,2,9,1,1,7,9,1,10,1,11,,23,6,1,22,9,121.5633657,24.98288
111,11,18,11,10,2,03中山區,中山區錦州街與林森北路口,0,0,1,1,B02,8,1,5,50,4,1,1,5,4,5,7,2,1,10,5,5,2,16,1,66,3,10,1,1,7,5,1,8,1,1,,25,25,1,22,9,121.5255607,25.0603052
111,11,18,11,10,2,03中山區,中山區錦州街與林森北路口,0,0,1,2,C03,8,1,5,50,4,1,1,5,4,5,7,2,1,10,5,5,2,16,2,31,2,9,1,1,7,9,1,10,1,12,,44,25,1,22,9,121.5255607,25.0603052
111,11,18,11,10,2,09北投區,北投區中和街與中和街278巷口,0,0,2,1,C03,8,1,5,50,3,2,1,5,4,5,7,4,4,5,5,5,2,3,1,62,2,9,3,4,7,9,1,10,2,14,,23,23,1,22,9,121.5004675,25.1402699
111,11,18,11,10,2,09北投區,北投區中和街與中和街278巷口,0,0,2,2,H01,8,1,5,50,3,2,1,5,4,5,7,4,4,5,5,5,2,3,1,91,2,9,4,5,8,16,8,20,10,16,,51,23,1,22,9,121.5004675,25.1402699
111,11,18,11,32,2,03中山區,中山區南京東路2段與一江街口,0,0,1,1,B03,8,1,5,40,4,1,1,5,4,5,7,1,1,1,3,4,1,17,1,55,3,10,1,1,7,6,1,8,2,15,,44,44,1,22,9,121.5314802,25.0518931
111,11,18,11,32,2,03中山區,中山區南京東路2段與一江街口,0,0,1,2,F01,8,1,5,40,4,1,1,5,4,5,7,1,1,1,3,4,1,17,1,57,2,9,1,1,7,9,8,20,2,16,,42,44,1,22,9,121.5314802,25.0518931
111,11,18,11,36,2,04大安區,大安區和平東路1段248巷與溫州街16巷口,0,0,1,2,C03,8,1,5,30,4,1,1,5,4,5,7,4,4,10,5,5,2,15,1,29,3,10,1,2,7,9,1,10,1,11,,41,26,1,22,9,121.5327874,25.0252535
111,11,18,11,36,2,04大安區,大安區和平東路1段248巷與溫州街16巷口,0,0,1,1,C03,8,1,5,30,4,1,1,5,4,5,7,4,4,10,5,5,2,15,2,36,2,9,1,1,7,9,1,10,1,11,,6,26,1,22,9,121.5327874,25.0252535
111,11,18,11,55,2,10文山區,文山區景中街與景美街口,0,0,1,1,C03,8,1,5,30,4,1,1,5,4,5,7,4,4,1,5,5,2,16,2,47,2,9,1,1,7,5,1,10,1,12,,6,6,1,22,9,121.5418618,24.9928901
111,11,18,11,55,2,10文山區,文山區景中街與景美街口,0,0,1,2,B01,8,1,5,30,4,1,1,5,4,5,7,4,4,1,5,5,2,16,1,67,3,10,1,1,7,9,1,4,1,8,,23,6,1,22,9,121.5418618,24.9928901
111,11,18,12,3,2,03中山區,中山區北安路與通北街口,0,0,1,1,B03,8,1,5,50,3,1,1,5,4,5,7,2,1,10,5,5,2,16,1,55,3,10,1,1,7,6,1,8,1,2,,9,9,1,22,9,121.5412809,25.07957301
111,11,18,12,3,2,03中山區,中山區北安路與通北街口,0,0,1,2,C03,8,1,5,50,3,1,1,5,4,5,7,2,1,10,5,5,2,16,1,55,2,9,1,1,7,9,1,10,1,14,,23,9,1,22,9,121.5412809,25.07957301
111,11,18,12,10,2,12內湖區,內湖區新湖三路與新湖二路口,0,0,2,1,C03,8,1,5,40,4,1,1,5,4,5,7,4,4,9,4,5,2,15,1,30,2,9,1,1,7,9,1,10,1,11,,6,6,1,22,9,121.5846783,25.0650208
111,11,18,12,10,2,12內湖區,內湖區新湖三路與新湖二路口,0,0,2,2,C03,8,1,5,40,4,1,1,5,4,5,7,4,4,9,4,5,2,15,1,27,2,7,1,1,7,9,1,10,1,11,,44,6,1,22,9,121.5846783,25.0650208
111,11,18,12,35,2,03中山區,中山區市民大道3段179號P230柱子(懷生國小),0,0,1,1,C03,8,1,5,40,14,9,1,5,4,5,7,4,4,1,4,5,2,16,1,45,2,8,1,4,7,9,1,10,1,11,,23,23,1,22,9,121.541935,25.044699
111,11,18,12,35,2,03中山區,中山區市民大道3段179號P230柱子(懷生國小),0,0,1,2,B03,8,1,5,40,14,9,1,5,4,5,7,4,4,1,4,5,2,16,1,50,3,10,3,4,7,9,1,8,1,6,,44,23,1,22,9,121.541935,25.044699
111,11,18,12,43,2,02萬華區,萬華區西園路2段與東園街口,0,0,2,1,C03,8,1,5,50,4,2,1,5,4,5,7,1,1,1,3,5,1,3,1,53,2,8,3,4,7,9,1,10,2,11,,15,15,1,22,9,121.4952995,25.028127
111,11,18,12,43,2,02萬華區,萬華區西園路2段與東園街口,0,0,2,2,H01,8,1,5,50,4,2,1,5,4,5,7,1,1,1,3,5,1,3,2,73,2,1,4,5,8,16,8,20,10,16,,67,15,1,22,9,121.4952995,25.028127
111,11,18,12,43,2,05中正區,中正區三元街與南海路口口,0,0,1,1,C03,8,1,5,50,5,1,1,5,4,5,7,1,1,1,4,4,1,17,1,54,4,11,3,4,7,15,7,19,11,15,,25,43,2,22,9,121.5089187,25.02943632
111,11,18,12,43,2,05中正區,中正區三元街與南海路口口,0,0,1,2,C03,8,1,5,50,5,1,1,5,4,5,7,1,1,1,4,4,1,17,1,18,2,8,1,1,7,9,1,10,1,14,,44,43,1,22,9,121.5089187,25.02943632
111,11,18,12,48,2,09北投區,北投區石牌路1段166巷與石牌路1段166巷43弄口,0,0,2,1,C03,8,1,5,30,4,1,1,5,4,5,7,4,4,10,5,5,2,16,2,51,2,7,1,1,7,5,1,10,1,11,,6,6,1,22,9,121.5143129,25.11340502
111,11,18,12,48,2,09北投區,北投區石牌路1段166巷與石牌路1段166巷43弄口,0,0,2,2,C03,8,1,5,30,4,1,1,5,4,5,7,4,4,10,5,5,2,16,2,64,2,9,1,1,7,9,1,10,1,11,,14,6,1,22,9,121.5143129,25.11340502
111,11,18,13,10,2,11南港區,南港區研究院路2段與大坑街口,0,0,1,1,B03,8,1,5,50,4,1,1,5,4,5,7,1,1,1,4,5,2,16,1,23,3,10,1,1,7,6,1,8,1,5,,6,6,1,22,9,121.6159186,25.0488362
111,11,18,13,10,2,11南港區,南港區研究院路2段與大坑街口,0,0,1,2,C03,8,1,5,50,4,1,1,5,4,5,7,1,1,1,4,5,2,16,2,49,2,1,1,1,7,9,1,10,1,14,,23,6,1,22,9,121.6159186,25.0488362
111,11,18,13,12,2,10文山區,文山區木新路2段268號前,0,0,1,1,B03,8,1,5,50,14,9,1,5,4,5,7,2,1,10,5,5,2,16,1,57,3,10,1,4,7,11,1,8,1,8,,43,43,1,22,9,121.5657593,24.9829784
111,11,18,13,12,2,10文山區,文山區木新路2段268號前,0,0,1,2,C03,8,1,5,50,14,9,1,5,4,5,7,2,1,10,5,5,2,16,1,34,2,9,1,1,7,9,1,10,1,11,,43,43,1,22,9,121.5657593,24.9829784
111,11,18,13,43,2,01大同區,大同區延平北路2段與民權西路口,0,0,2,1,C03,8,1,5,0,4,2,1,5,4,5,7,2,1,1,4,5,1,13,1,23,2,8,1,4,7,9,1,9,1,11,,16,23,1,22,9,121.5112012,25.06278978
111,11,18,13,43,2,01大同區,大同區延平北路2段與民權西路口,0,0,2,2,C03,8,1,5,0,4,2,1,5,4,5,7,2,1,1,4,5,1,13,2,67,2,8,1,4,7,12,1,10,1,13,,44,23,1,22,9,121.5112012,25.06278978
111,11,18,14,5,2,11南港區,南港區經貿二路與經貿二路62巷口,0,0,1,1,B03,8,1,5,50,3,1,1,5,4,5,7,1,1,1,3,5,2,16,2,62,3,10,1,1,7,5,1,6,1,1,,6,6,1,22,9,121.6174555,25.0568401
111,11,18,14,5,2,11南港區,南港區經貿二路與經貿二路62巷口,0,0,1,2,C03,8,1,5,50,3,1,1,5,4,5,7,1,1,1,3,5,2,16,2,26,2,9,1,1,7,9,1,10,1,14,,23,6,1,22,9,121.6174555,25.0568401
111,11,18,14,26,2,05中正區,中正區忠孝西路1段與重慶北路1段口,0,0,2,1,C03,8,1,5,50,4,1,1,5,4,5,7,1,1,1,4,5,2,17,2,45,3,10,1,1,7,8,1,10,2,15,,7,7,1,22,9,121.5133257,25.0474221
111,11,18,14,26,2,05中正區,中正區忠孝西路1段與重慶北路1段口,0,0,2,2,A04,8,1,5,50,4,1,1,5,4,5,7,1,1,1,4,5,2,17,1,57,3,10,1,1,7,9,1,2,2,15,,44,7,1,22,9,121.5133257,25.0474221
111,11,18,14,26,2,05中正區,中正區忠孝西路1段與重慶北路1段口,0,0,2,3,H02,8,1,5,50,4,1,1,5,4,5,7,1,1,1,4,5,2,17,2,18,2,1,4,5,7,21,8,20,10,16,,67,7,1,22,9,121.5133257,25.0474221
111,11,18,14,26,2,05中正區,中正區忠孝西路1段與重慶北路1段口,0,0,2,4,H02,8,1,5,50,4,1,1,5,4,5,7,1,1,1,4,5,2,17,2,45,2,9,1,1,7,21,8,20,10,16,,67,7,1,22,9,121.5133257,25.0474221
111,11,18,14,28,2,04大安區,大安區市民大道4段與忠孝東路4段223巷口,0,0,1,1,C03,8,1,5,40,4,2,1,5,4,5,7,1,1,8,3,5,2,12,2,30,2,9,1,1,7,6,1,10,1,12,,9,9,1,22,9,121.5530048,25.0442624
111,11,18,14,28,2,04大安區,大安區市民大道4段與忠孝東路4段223巷口,0,0,1,2,C03,8,1,5,40,4,2,1,5,4,5,7,1,1,8,3,5,2,12,1,28,3,10,1,1,7,9,1,10,1,14,,13,9,1,22,9,121.5530048,25.0442624
111,11,18,14,32,2,02萬華區,萬華區西昌街177號,0,0,2,1,H01,8,1,5,50,14,9,1,5,4,5,7,4,4,9,4,5,2,9,1,67,2,9,4,5,8,16,8,20,1,16,,51,51,1,22,9,121.5005349,25.03800797
111,11,18,14,32,2,02萬華區,萬華區西昌街177號,0,0,2,2,C03,8,1,5,50,14,9,1,5,4,5,7,4,4,9,4,5,2,9,1,54,2,9,1,1,7,9,1,10,2,12,,23,51,1,22,9,121.5005349,25.03800797
111,11,18,14,45,2,03中山區,中山區松江路350號,0,0,2,1,F01,8,1,5,50,15,20,1,5,4,5,7,4,4,1,4,5,2,1,2,18,2,9,1,1,7,9,8,20,1,16,,23,23,1,22,9,121.5330087,25.06089632
111,11,18,14,45,2,03中山區,中山區松江路350號,0,0,2,2,H01,8,1,5,50,15,20,1,5,4,5,7,4,4,1,4,5,2,1,2,46,2,9,4,5,8,16,8,20,10,16,,67,23,1,22,9,121.5330087,25.06089632
111,11,18,14,48,2,06松山區,松山區塔悠路95號,0,0,1,1,B03,8,1,5,50,14,9,1,5,4,5,7,4,4,1,4,5,2,16,2,39,3,10,1,1,7,6,1,8,1,5,,9,42,1,22,9,121.5703544,25.05237115
111,11,18,14,48,2,06松山區,松山區塔悠路95號,0,0,1,2,C03,8,1,5,50,14,9,1,5,4,5,7,4,4,1,4,5,2,16,1,22,2,8,1,1,7,9,1,10,1,14,,13,42,1,22,9,121.5703544,25.05237115
111,11,18,14,48,2,06松山區,松山區塔悠路95號,0,0,1,3,B12,8,1,5,50,14,9,1,5,4,5,7,4,4,1,4,5,2,16,1,46,4,11,3,4,7,14,7,19,11,15,,38,42,1,22,9,121.5703544,25.05237115
111,11,18,15,50,2,08士林區,士林區文林路與雙溪街口,0,0,1,1,B03,8,1,5,50,5,2,1,5,4,5,7,1,1,5,5,5,1,13,1,63,3,10,1,1,7,5,1,8,1,8,,23,23,1,22,9,121.5234781,25.09972438
111,11,18,15,50,2,08士林區,士林區文林路與雙溪街口,0,0,1,2,C03,8,1,5,50,5,2,1,5,4,5,7,1,1,5,5,5,1,13,2,62,2,9,1,1,7,21,1,10,1,13,,6,23,1,22,9,121.5234781,25.09972438
111,11,18,15,57,2,12內湖區,內湖區內湖路1段285巷與內湖路1段口,0,0,1,1,C03,7,1,5,50,3,1,1,5,4,5,7,1,1,1,4,5,2,13,2,34,2,9,1,1,7,9,1,10,2,12,,16,16,1,22,9,121.5669161,25.08224165
111,11,18,15,57,2,12內湖區,內湖區內湖路1段285巷與內湖路1段口,0,0,1,2,C03,7,1,5,50,3,1,1,5,4,5,7,1,1,1,4,5,2,13,2,35,3,10,1,1,7,14,1,10,2,13,,44,16,1,22,9,121.5669161,25.08224165
111,11,18,16,0,2,04大安區,大安區信義路4段265巷15號,0,0,1,1,C03,8,1,8,30,15,22,1,5,4,5,7,4,4,5,2,5,2,17,1,31,3,10,1,1,7,5,1,10,1,11,,8,8,1,22,9,121.5544395,25.03419652
111,11,18,16,0,2,04大安區,大安區信義路4段265巷15號,0,0,1,2,F03,8,1,8,30,15,22,1,5,4,5,7,4,4,5,2,5,2,17,1,40,2,7,2,1,7,9,8,20,1,16,,44,8,1,22,9,121.5544395,25.03419652
111,11,18,16,10,2,07信義區,信義區基隆路1段與東興路口,0,0,1,2,C04,8,1,5,50,4,1,1,5,4,5,7,2,1,10,5,5,2,17,2,55,2,9,1,1,7,15,1,11,1,12,,42,43,1,22,9,121.5670419,25.045723