發生年度,發生月,發生日,發生時-Hours,發生分,處理別-編號,區序,肇事地點,死亡人數,2-30日死亡人數,受傷人數,當事人序號,車種,天候,光線,道路類別,速限-速度限制,道路型態,事故位置,路面狀況1,路面狀況2,路面狀況3,道路障礙1,道路障礙2,號誌1,號誌2,車道劃分-分向,車道劃分-分道1,車道劃分-分道2,車道劃分-分道3,事故類型及型態,性別,年齡,受傷程度,主要傷處,安全帽,行動電話,車輛用途,當事者行動狀態,駕駛資格情形,駕駛執照種類,飲酒情形,車輛撞擊部位1,車輛撞擊部位2,肇因碼-個別,肇因碼-主要,個人肇逃否,職業,旅次目的,座標-X,座標-Y
111,11,18,16,10,2,07信義區,信義區基隆路1段與東興路口,0,0,1,1,G06,8,1,5,50,4,1,1,5,4,5,7,2,1,10,5,5,2,17,4,,4,11,3,4,7,15,7,19,11,15,,43,43,2,22,9,121.5670419,25.045723
111,11,18,16,19,2,07信義區,信義區信義路5段西向東捷運台北101站三號出口旁,0,0,1,1,C03,8,1,5,50,14,9,1,5,4,5,7,4,4,8,3,5,2,12,1,37,4,11,3,4,7,6,7,19,11,15,,9,43,2,22,9,121.5633062,25.0328555
111,11,18,16,19,2,07信義區,信義區信義路5段西向東捷運台北101站三號出口旁,0,0,1,2,C03,8,1,5,50,14,9,1,5,4,5,7,4,4,8,3,5,2,12,2,31,2,9,1,1,7,9,1,10,1,11,,44,43,1,22,9,121.5633062,25.0328555
111,11,18,16,49,2,01大同區,大同區民族西路31巷與承德路3段191巷口,0,0,1,1,C03,8,1,5,30,3,1,1,5,4,5,7,4,4,10,5,5,2,17,2,67,2,8,1,1,7,6,4,8,1,14,,6,6,1,22,9,121.5196747,25.0694568
111,11,18,16,49,2,01大同區,大同區民族西路31巷與承德路3段191巷口,0,0,1,2,B03,8,1,5,30,3,1,1,5,4,5,7,4,4,10,5,5,2,17,2,52,3,10,3,4,7,9,1,8,1,5,,23,6,1,22,9,121.5196747,25.0694568
111,11,18,16,57,2,09北投區,北投區學園路CI2552電桿,0,0,2,1,B03,8,1,5,40,14,9,1,5,4,5,7,4,4,9,4,5,2,12,1,22,3,10,1,1,7,4,1,8,9,2,,23,2,1,22,9,121.4660732,25.13151503
111,11,18,16,57,2,09北投區,北投區學園路CI2552電桿,0,0,2,2,C03,8,1,5,40,14,9,1,5,4,5,7,4,4,9,4,5,2,12,2,23,2,1,1,1,7,9,1,10,9,11,,44,2,1,22,9,121.4660732,25.13151503
111,11,18,16,57,2,09北投區,北投區學園路CI2552電桿,0,0,2,3,H02,8,1,5,40,14,9,1,5,4,5,7,4,4,9,4,5,2,12,2,23,2,9,4,5,7,20,8,20,10,15,,67,2,1,22,9,121.4660732,25.13151503
111,11,18,17,3,2,02萬華區,萬華區忠孝西路2段與忠孝西路2段16巷口,0,0,1,1,B03,8,1,5,50,3,1,1,5,4,5,7,4,4,10,5,5,1,16,2,39,3,10,1,4,7,6,1,8,1,5,,9,9,1,22,9,121.5085511,25.0482445
111,11,18,17,3,2,02萬華區,萬華區忠孝西路2段與忠孝西路2段16巷口,0,0,1,2,C03,8,1,5,50,3,1,1,5,4,5,7,4,4,10,5,5,1,16,2,25,2,9,1,4,7,9,1,10,1,14,,23,9,1,22,9,121.5085511,25.0482445
111,11,18,17,5,2,07信義區,信義區基隆路1段380巷與光復南路口,0,0,2,1,C02,7,1,5,50,3,1,1,5,4,5,7,3,1,10,5,5,2,9,1,28,2,9,1,1,7,9,1,9,1,11,,15,42,1,22,9,121.5575763,25.0342351
111,11,18,17,5,2,07信義區,信義區基隆路1段380巷與光復南路口,0,0,2,2,H01,7,1,5,50,3,1,1,5,4,5,7,3,1,10,5,5,2,9,2,75,2,9,4,5,8,18,8,20,10,16,,60,42,1,22,9,121.5575763,25.0342351
111,11,18,17,11,2,09北投區,北投區大業路與承德路7段口,0,0,1,1,C03,8,1,5,50,5,1,1,5,4,5,7,1,1,10,4,5,2,16,1,70,2,7,1,1,7,5,1,10,1,14,,8,8,1,22,9,121.4996001,25.12105554
111,11,18,17,11,2,09北投區,北投區大業路與承德路7段口,0,0,1,2,B03,8,1,5,50,5,1,1,5,4,5,7,1,1,10,4,5,2,16,1,41,3,10,1,1,7,9,1,8,1,2,,44,8,1,22,9,121.4996001,25.12105554
111,11,18,17,55,2,07信義區,信義區忠孝東路5段與忠孝東路5段423巷口,0,0,1,1,B03,8,3,5,50,4,1,1,5,4,5,7,2,1,8,3,5,2,17,1,55,3,10,1,1,7,11,1,8,1,2,,10,42,1,22,9,121.575218,25.0409136
111,11,18,17,55,2,07信義區,信義區忠孝東路5段與忠孝東路5段423巷口,0,0,1,2,C02,8,3,5,50,4,1,1,5,4,5,7,2,1,8,3,5,2,17,1,30,2,9,1,1,7,9,1,9,1,11,,23,42,1,22,9,121.575218,25.0409136
111,11,18,18,3,2,12內湖區,內湖區康寧路1段與康寧路1段195巷口口,0,0,2,1,C03,6,3,5,30,3,2,1,4,4,5,7,4,4,4,5,5,2,13,1,18,2,9,1,3,7,9,1,10,1,11,,16,16,1,22,9,121.5968567,25.07844685
111,11,18,18,3,2,12內湖區,內湖區康寧路1段與康寧路1段195巷口口,0,0,2,2,C04,6,3,5,30,3,2,1,4,4,5,7,4,4,4,5,5,2,13,1,35,2,7,1,1,7,5,1,10,1,13,,44,16,1,22,9,121.5968567,25.07844685
111,11,18,18,11,2,09北投區,北投區北投路2段與大業路452巷口,0,0,1,1,A02,8,1,5,50,4,1,1,5,4,3,7,1,1,5,5,5,2,16,1,46,3,10,3,4,7,6,1,2,1,5,,9,9,1,22,9,121.4975711,25.13255816
111,11,18,18,11,2,09北投區,北投區北投路2段與大業路452巷口,0,0,1,2,C03,8,1,5,50,4,1,1,5,4,3,7,1,1,5,5,5,2,16,1,18,2,9,1,1,7,9,1,10,1,14,,23,9,1,22,9,121.4975711,25.13255816
111,11,18,18,11,2,09北投區,北投區北投路2段與大業路452巷口,0,0,1,3,B03,8,1,5,50,4,1,1,5,4,3,7,1,1,5,5,5,2,16,1,31,3,10,3,4,7,14,1,4,11,15,,38,9,1,22,9,121.4975711,25.13255816
111,11,18,18,30,2,12內湖區,內湖區金莊路與行善路383巷口,0,0,1,1,B03,8,1,5,50,4,1,1,5,4,5,7,4,4,5,5,5,2,1,1,36,3,10,1,1,7,5,1,8,1,8,,15,15,1,22,9,121.5876487,25.0636849
111,11,18,18,30,2,12內湖區,內湖區金莊路與行善路383巷口,0,0,1,2,H01,8,1,5,50,4,1,1,5,4,5,7,4,4,5,5,5,2,1,1,16,2,9,1,2,8,16,8,20,1,16,,67,15,1,22,9,121.5876487,25.0636849
111,11,18,18,40,2,09北投區,北投區大度路3段168號與立功街口,0,0,1,1,B03,8,3,5,30,15,9,1,5,4,5,7,4,4,10,5,5,2,16,1,33,3,10,3,4,7,1,1,8,1,5,,19,8,1,22,9,121.4691499,25.12453305
111,11,18,18,40,2,09北投區,北投區大度路3段168號與立功街口,0,0,1,2,C03,8,3,5,30,15,9,1,5,4,5,7,4,4,10,5,5,2,16,1,45,2,9,3,4,7,9,1,10,1,12,,23,8,1,22,9,121.4691499,25.12453305
111,11,18,18,42,2,03中山區,中山區長安東路2段與龍江路口,0,0,1,1,B03,8,3,5,50,4,1,1,5,4,5,7,1,1,5,4,5,2,11,1,52,3,10,1,1,7,5,1,8,1,5,,6,6,1,22,9,121.5404421,25.0483569
111,11,18,18,42,2,03中山區,中山區長安東路2段與龍江路口,0,0,1,2,C03,8,3,5,50,4,1,1,5,4,5,7,1,1,5,4,5,2,11,1,42,2,9,1,1,7,9,1,10,1,11,14,13,6,1,22,9,121.5404421,25.0483569
111,11,18,18,42,2,03中山區,中山區長安東路2段與龍江路口,0,0,1,3,C03,8,3,5,50,4,1,1,5,4,5,7,1,1,5,4,5,2,11,1,44,3,10,1,1,7,9,1,10,1,11,14,44,6,1,22,9,121.5404421,25.0483569
111,11,18,18,43,2,02萬華區,萬華區東園街與德昌街口,0,0,2,1,C03,8,3,5,50,4,1,1,5,4,5,7,2,1,9,4,5,1,3,1,43,2,8,1,1,7,9,1,10,2,11,,23,23,1,22,9,121.4970976,25.0245193
111,11,18,18,43,2,02萬華區,萬華區東園街與德昌街口,0,0,2,2,H01,8,3,5,50,4,1,1,5,4,5,7,2,1,9,4,5,1,3,1,57,2,9,4,5,8,16,8,20,10,16,,51,23,1,22,9,121.4970976,25.0245193
111,11,18,18,46,2,03中山區,中山區吉林路與吉林路407巷口,0,0,2,1,C03,7,3,5,50,3,1,1,5,4,5,7,4,4,8,5,4,2,3,1,56,2,7,3,4,7,9,1,10,1,11,,23,23,1,22,9,121.5304132,25.0660246
111,11,18,18,46,2,03中山區,中山區吉林路與吉林路407巷口,0,0,2,2,H01,7,3,5,50,3,1,1,5,4,5,7,4,4,8,5,4,2,3,1,48,2,9,4,5,8,17,8,20,10,16,,51,23,1,22,9,121.5304132,25.0660246
111,11,18,18,55,2,12內湖區,內湖區康樂街與康湖路口,0,0,1,1,B03,8,3,5,50,3,2,1,5,4,5,7,2,1,5,2,5,2,17,1,42,3,10,1,1,7,5,1,8,1,5,,44,44,1,22,9,121.6229827,25.07790188
111,11,18,18,55,2,12內湖區,內湖區康樂街與康湖路口,0,0,1,2,C03,8,3,5,50,3,2,1,5,4,5,7,2,1,5,2,5,2,17,1,25,2,8,1,1,7,14,1,10,1,13,,26,44,1,22,9,121.6229827,25.07790188
111,11,18,19,10,2,05中正區,中正區青島東路5號,0,0,2,1,C03,8,3,5,50,14,9,1,5,4,5,7,4,4,8,4,4,2,17,1,56,2,8,1,1,7,1,1,10,2,14,,19,19,1,22,9,121.521945,25.04388152
111,11,18,19,10,2,05中正區,中正區青島東路5號,0,0,2,2,C03,8,3,5,50,14,9,1,5,4,5,7,4,4,8,4,4,2,17,1,31,2,8,1,1,7,9,1,10,2,11,,44,19,1,22,9,121.521945,25.04388152
111,11,18,19,28,2,12內湖區,內湖區成功路4段61巷39號前,0,0,1,1,C03,8,3,5,30,14,9,1,5,4,5,7,4,4,5,5,5,2,12,1,58,2,9,1,1,7,8,1,10,2,11,,43,43,1,22,9,121.5937101,25.08033627
111,11,18,19,28,2,12內湖區,內湖區成功路4段61巷39號前,0,0,1,2,B03,8,3,5,30,14,9,1,5,4,5,7,4,4,5,5,5,2,12,2,34,3,10,3,4,7,13,1,8,11,8,,44,43,1,22,9,121.5937101,25.08033627
111,11,18,19,28,2,12內湖區,內湖區成功路4段61巷39號前,0,0,1,3,B03,8,3,5,30,14,9,1,5,4,5,7,4,4,5,5,5,2,12,2,49,3,10,3,4,7,13,1,8,11,7,,44,43,1,22,9,121.5937101,25.08033627
111,11,18,19,33,2,02萬華區,萬華區興義街與西園路2段320巷口,0,0,1,1,C03,7,3,5,30,4,2,1,5,4,5,7,4,4,10,5,5,1,17,2,27,2,8,3,4,7,9,1,10,1,14,,6,6,1,22,9,121.4917896,25.02667866
111,11,18,19,33,2,02萬華區,萬華區興義街與西園路2段320巷口,0,0,1,2,B02,7,3,5,30,4,2,1,5,4,5,7,4,4,10,5,5,1,17,1,75,3,10,3,4,7,9,1,8,1,1,,44,6,1,22,9,121.4917896,25.02667866
111,11,18,19,41,2,05中正區,中正區林森南路與濟南路1段口,0,0,1,1,C03,8,3,5,50,4,1,1,5,4,5,7,1,1,9,4,4,2,17,1,32,2,9,1,4,7,9,1,10,2,12,,23,23,1,22,9,121.5226931,25.04242829
111,11,18,19,41,2,05中正區,中正區林森南路與濟南路1段口,0,0,1,2,B03,8,3,5,50,4,1,1,5,4,5,7,1,1,9,4,4,2,17,2,60,3,10,1,4,7,5,1,8,2,4,,6,23,1,22,9,121.5226931,25.04242829
111,11,18,20,23,2,03中山區,中山區建國北路2段與南京東路2段口,0,0,2,1,C03,7,3,5,50,4,1,1,5,4,5,7,2,1,1,3,5,2,12,1,22,2,9,3,4,7,7,7,19,2,14,,7,8,1,22,9,121.5364127,25.0519738
111,11,18,20,23,2,03中山區,中山區建國北路2段與南京東路2段口,0,0,2,2,B12,7,3,5,50,4,1,1,5,4,5,7,2,1,1,3,5,2,12,1,46,3,10,3,4,7,9,1,8,2,2,,44,8,1,22,9,121.5364127,25.0519738
111,11,18,20,23,2,03中山區,中山區建國北路2段與南京東路2段口,0,0,2,3,H02,7,3,5,50,4,1,1,5,4,5,7,2,1,1,3,5,2,12,1,25,2,9,3,5,7,20,8,20,10,16,,67,8,1,22,9,121.5364127,25.0519738
111,11,18,20,30,2,08士林區,士林區雙溪街與文林路口,0,0,1,1,C03,8,3,5,30,5,1,1,5,4,5,7,1,1,10,5,5,2,17,2,40,2,9,1,1,7,9,1,10,1,14,,43,43,1,22,9,121.5233798,25.0996841
111,11,18,20,30,2,08士林區,士林區雙溪街與文林路口,0,0,1,2,B03,8,3,5,30,5,1,1,5,4,5,7,1,1,10,5,5,2,17,1,44,3,10,1,1,7,5,1,8,1,4,,43,43,1,22,9,121.5233798,25.0996841
111,11,18,20,31,2,04大安區,大安區延吉街與光復南路280巷口,0,0,1,1,C03,7,3,5,30,4,1,1,5,4,5,7,4,4,10,5,5,2,15,2,20,2,9,1,1,7,9,1,10,1,12,,6,6,1,22,9,121.5548978,25.0398127
111,11,18,20,31,2,04大安區,大安區延吉街與光復南路280巷口,0,0,1,2,B01,7,3,5,30,4,1,1,5,4,5,7,4,4,10,5,5,2,15,1,49,3,10,1,1,7,9,1,4,1,1,,44,6,1,22,9,121.5548978,25.0398127
111,11,18,21,12,2,07信義區,信義區松高路與松仁路口,0,0,1,1,C03,8,3,5,50,4,2,1,5,4,5,7,2,1,10,4,5,2,16,1,51,3,10,1,1,7,6,1,10,1,13,,43,9,1,22,9,121.5686784,25.0390297
111,11,18,21,12,2,07信義區,信義區松高路與松仁路口,0,0,1,2,C03,8,3,5,50,4,2,1,5,4,5,7,2,1,10,4,5,2,16,2,23,2,9,1,1,7,9,1,10,1,12,,43,9,1,22,9,121.5686784,25.0390297
111,11,18,21,19,2,02萬華區,萬華區國興路102號,0,0,2,1,F01,8,3,5,0,14,20,4,5,4,5,7,4,4,10,5,5,1,17,1,14,2,8,1,1,7,9,8,20,1,16,,42,23,1,22,9,121.5054392,25.02737461
111,11,18,21,19,2,02萬華區,萬華區國興路102號,0,0,2,2,F01,8,3,5,0,14,20,4,5,4,5,7,4,4,10,5,5,1,17,2,77,2,1,1,1,7,1,8,20,1,16,,19,23,1,22,9,121.5054392,25.02737461
111,11,18,21,22,2,08士林區,士林區芝玉路2段與芝玉路2段84巷口,0,0,1,1,B03,8,1,5,30,4,1,1,5,4,5,7,4,4,10,5,5,2,15,2,60,3,10,1,1,7,9,1,8,1,1,,6,6,1,21,8,121.5351021,25.11226071
111,11,18,21,22,2,08士林區,士林區芝玉路2段與芝玉路2段84巷口,0,0,1,2,C03,8,1,5,30,4,1,1,5,4,5,7,4,4,10,5,5,2,15,2,47,2,9,1,1,7,9,4,11,1,12,,14,6,1,21,8,121.5351021,25.11226071
111,11,18,21,50,2,12內湖區,內湖區成功交流道與成功路2段口西南角,0,0,1,1,B01,8,3,5,50,5,1,1,5,4,5,7,2,1,1,4,5,2,12,1,60,3,10,1,1,7,8,3,18,1,2,,7,7,1,22,9,121.5902482,25.06435075
111,11,18,21,50,2,12內湖區,內湖區成功交流道與成功路2段口西南角,0,0,1,2,C03,8,3,5,50,5,1,1,5,4,5,7,2,1,1,4,5,2,12,1,19,2,9,1,1,7,9,1,9,1,14,,44,7,1,22,9,121.5902482,25.06435075
111,11,18,21,52,2,12內湖區,內湖區民權大橋西向東,0,0,1,1,B03,8,3,5,50,14,11,1,5,4,5,7,4,4,7,4,4,2,12,2,33,3,10,1,1,7,9,1,8,1,2,,17,26,1,22,9,121.5771777,25.06619828
111,11,18,21,52,2,12內湖區,內湖區民權大橋西向東,0,0,1,2,C03,8,3,5,50,14,11,1,5,4,5,7,4,4,7,4,4,2,12,2,31,2,9,1,1,7,9,1,10,1,14,,44,26,1,22,9,121.5771777,25.06619828
111,11,18,22,1,2,10文山區,文山區木柵路4段與秀明路1段口口,0,0,1,1,C03,8,3,5,50,4,1,1,5,4,5,7,1,1,5,4,4,2,17,1,43,3,10,3,4,7,6,6,18,5,12,,6,6,1,22,9,121.5711215,24.99169864
111,11,18,22,1,2,10文山區,文山區木柵路4段與秀明路1段口口,0,0,1,2,C03,8,3,5,50,4,1,1,5,4,5,7,1,1,5,4,4,2,17,1,20,2,9,3,4,7,9,1,10,2,11,,42,6,1,22,9,121.5711215,24.99169864
111,11,18,22,5,2,04大安區,大安區市民大道3段198號,0,0,1,1,C03,7,3,5,40,14,9,1,5,4,5,7,4,4,8,3,5,2,12,2,23,2,9,1,1,7,7,1,10,2,14,,7,7,1,22,9,121.5384093,25.0445545
111,11,18,22,5,2,04大安區,大安區市民大道3段198號,0,0,1,2,B03,7,3,5,40,14,9,1,5,4,5,7,4,4,8,3,5,2,12,1,22,3,10,1,1,7,9,1,8,2,2,,44,7,1,22,9,121.5384093,25.0445545
111,11,18,22,5,2,04大安區,大安區市民大道3段198號,0,0,1,3,B01,7,3,5,40,14,9,1,5,4,5,7,4,4,8,3,5,2,12,1,44,3,10,1,1,7,14,1,8,2,15,,38,7,1,22,9,121.5384093,25.0445545
111,11,18,22,11,2,10文山區,文山區羅斯福路4段200號,0,0,1,2,C03,8,3,5,50,14,9,1,5,4,5,7,1,1,1,4,1,2,17,1,62,2,9,1,1,7,9,1,10,2,12,,42,9,1,22,9,121.5368022,25.01092
111,11,18,22,11,2,10文山區,文山區羅斯福路4段200號,0,0,1,1,B03,8,3,5,50,14,9,1,5,4,5,7,1,1,1,4,1,2,17,1,47,3,10,1,1,7,6,1,8,9,15,,9,9,1,22,9,121.5368022,25.01092
111,11,18,22,15,2,03中山區,中山區市民大道3段15號,0,0,1,1,C03,7,3,5,40,14,9,1,5,4,5,7,2,1,1,1,1,1,13,2,44,2,8,3,4,7,9,1,10,1,11,,23,23,1,22,9,121.5333625,25.0454259
111,11,18,22,15,2,03中山區,中山區市民大道3段15號,0,0,1,2,B02,7,3,5,40,14,9,1,5,4,5,7,2,1,1,1,1,1,13,1,26,3,10,3,4,7,9,1,8,1,6,,44,23,1,22,9,121.5333625,25.0454259
111,11,18,22,31,2,03中山區,中山區民權東路1段與新生北路3段口,0,0,2,1,C03,7,3,5,50,4,1,1,5,4,5,7,2,1,4,3,5,2,13,1,25,2,7,3,4,7,9,1,10,2,11,,16,23,1,22,9,121.5276505,25.0627414
111,11,18,22,31,2,03中山區,中山區民權東路1段與新生北路3段口,0,0,2,2,C03,7,3,5,50,4,1,1,5,4,5,7,2,1,4,3,5,2,13,2,35,2,9,3,4,7,14,1,10,2,13,,44,23,1,22,9,121.5276505,25.0627414
111,11,18,22,33,2,01大同區,大同區民權西路與蘭州街口,0,0,2,2,C03,8,3,5,50,4,1,1,5,4,5,7,2,1,1,4,5,2,16,1,20,2,8,1,1,7,9,1,10,2,11,,23,8,1,22,9,121.5147988,25.0630835
111,11,18,22,33,2,01大同區,大同區民權西路與蘭州街口,0,0,2,1,C03,8,3,5,50,4,1,1,5,4,5,7,2,1,1,4,5,2,16,2,61,2,2,1,1,7,5,1,10,9,14,,8,8,1,22,9,121.5147988,25.0630835
111,11,18,22,40,2,02萬華區,萬華區環河南路3段與萬大路口533號旁,0,0,1,1,G03,8,3,5,50,14,9,1,5,4,2,6,4,4,9,5,5,2,16,1,37,3,10,1,1,7,11,1,1,2,1,,10,10,1,22,9,121.49619,25.01667445
111,11,18,22,40,2,02萬華區,萬華區環河南路3段與萬大路口533號旁,0,0,1,2,C03,8,3,5,50,14,9,1,5,4,2,6,4,4,9,5,5,2,16,2,36,2,9,1,1,7,9,1,10,2,12,,4,10,1,22,9,121.49619,25.01667445
111,11,18,22,50,2,10文山區,文山區木新路3段172巷2弄與木新路3段172巷口,0,0,2,1,C03,8,3,5,30,4,1,1,5,4,5,7,4,4,10,5,5,2,15,1,27,2,9,1,1,7,9,1,10,2,11,,6,6,1,22,9,121.5606088,24.9822432
111,11,18,22,50,2,10文山區,文山區木新路3段172巷2弄與木新路3段172巷口,0,0,2,2,C03,8,3,5,30,4,1,1,5,4,5,7,4,4,10,5,5,2,15,1,20,3,10,1,1,7,9,1,10,2,13,,13,6,1,22,9,121.5606088,24.9822432
111,11,18,22,50,2,10文山區,文山區木新路3段172巷2弄與木新路3段172巷口,0,0,2,3,H02,8,3,5,30,4,1,1,5,4,5,7,4,4,10,5,5,2,15,1,27,2,9,1,5,7,17,8,20,10,16,,67,6,1,22,9,121.5606088,24.9822432
111,11,18,22,58,2,09北投區,北投區大度路1段2號,0,0,1,1,C03,8,3,5,50,14,9,1,5,4,5,7,4,4,8,3,5,1,17,1,46,2,9,1,1,7,15,1,9,1,11,,42,42,1,22,9,121.498907,25.12130822
111,11,18,22,58,2,09北投區,北投區大度路1段2號,0,0,1,2,C03,8,3,5,50,14,9,1,5,4,5,7,4,4,8,3,5,1,17,1,18,3,10,1,1,7,6,1,10,1,13,,9,42,1,22,9,121.498907,25.12130822
111,11,18,23,34,2,05中正區,中正區林森北路與林森北路9巷口口,0,0,1,1,C03,8,3,5,50,3,2,1,5,4,5,7,4,4,9,4,5,1,16,1,23,2,9,1,1,7,5,1,10,2,14,,8,8,1,21,5,121.5236016,25.0457879
111,11,18,23,34,2,05中正區,中正區林森北路與林森北路9巷口口,0,0,1,2,B01,8,3,5,50,3,2,1,5,4,5,7,4,4,9,4,5,1,16,1,58,3,10,1,1,7,9,1,4,2,1,,23,8,1,21,1,121.5236016,25.0457879
111,11,18,23,34,2,07信義區,信義區莊敬路438號,0,0,1,1,B03,7,3,5,50,14,7,1,5,4,5,7,4,4,10,4,4,2,17,1,40,3,10,1,1,7,11,1,8,1,7,,10,10,1,22,9,121.5669702,25.02704185
111,11,18,23,34,2,07信義區,信義區莊敬路438號,0,0,1,2,C03,7,3,5,50,14,7,1,5,4,5,7,4,4,10,4,4,2,17,1,20,2,9,1,1,7,15,1,10,1,11,,13,10,1,22,9,121.5669702,25.02704185
111,11,19,1,24,2,09北投區,北投區承德路6段與文承路口,0,0,1,1,C03,8,3,5,60,14,12,1,5,4,5,7,2,1,8,3,5,2,13,2,19,2,9,1,1,7,9,1,10,1,11,,23,23,1,22,9,121.5119123,25.10482892
111,11,19,1,24,2,09北投區,北投區承德路6段與文承路口,0,0,1,2,C03,8,3,5,60,14,12,1,5,4,5,7,2,1,8,3,5,2,13,2,22,3,10,1,1,7,14,1,10,1,13,,44,23,1,22,9,121.5119123,25.10482892
111,11,19,1,35,2,02萬華區,萬華區堤外便道與雁鴨雙園河濱公園口自行車道雙園015燈桿,0,0,2,1,F01,8,3,8,30,15,9,1,5,4,5,7,4,4,10,5,5,2,1,1,41,2,9,1,1,7,9,8,20,1,16,,23,5,1,22,9,121.4899694,25.03671812
111,11,19,1,35,2,02萬華區,萬華區堤外便道與雁鴨雙園河濱公園口自行車道雙園015燈桿,0,0,2,2,H01,8,3,8,30,15,9,1,5,4,5,7,4,4,10,5,5,2,1,1,54,2,3,4,5,8,16,8,20,10,16,,52,5,1,22,9,121.4899694,25.03671812
111,11,19,3,2,2,02萬華區,萬華區和平西路3段13巷與和平西路3段口,0,0,2,1,C03,8,3,5,30,4,1,1,5,4,5,7,3,1,8,3,5,1,17,1,54,2,8,1,1,7,5,1,10,1,12,,6,6,1,22,9,121.5042364,25.0342945
111,11,19,3,2,2,02萬華區,萬華區和平西路3段13巷與和平西路3段口,0,0,2,2,B01,8,3,5,30,4,1,1,5,4,5,7,3,1,8,3,5,1,17,1,46,3,10,1,1,7,9,1,2,1,4,,44,6,1,22,9,121.5042364,25.0342945
111,11,19,3,2,2,02萬華區,萬華區和平西路3段13巷與和平西路3段口,0,0,2,3,H02,8,3,5,30,4,1,1,5,4,5,7,3,1,8,3,5,1,17,2,55,2,8,4,5,7,21,8,20,10,16,,67,6,1,22,9,121.5042364,25.0342945
111,11,19,4,19,2,04大安區,大安區羅斯福路4段與基隆路4段口,0,0,1,1,C03,7,3,8,50,15,22,1,5,4,5,7,1,1,8,3,5,2,29,1,52,2,9,1,1,7,15,1,10,1,14,,44,44,1,22,9,121.5374699,25.0112723
111,11,19,4,19,2,04大安區,大安區羅斯福路4段與基隆路4段口,0,0,1,2,,7,3,8,50,15,22,1,5,4,5,7,1,1,8,3,5,2,29,3,,,,,,,,,,,,,67,44,1,,,121.5374699,25.0112723
111,11,19,4,55,2,11南港區,南港區環東大道(西向東),0,0,2,2,,8,3,5,60,11,7,1,5,4,5,7,4,4,10,4,5,1,20,3,,,,,,,,,,,,,67,21,1,,,121.5960543,25.058946
111,11,19,4,55,2,11南港區,南港區環東大道(西向東),0,0,2,3,H02,8,3,5,60,11,7,1,5,4,5,7,4,4,10,4,5,1,20,2,23,2,9,4,5,7,20,8,20,10,16,,67,21,1,22,9,121.5960543,25.058946
111,11,19,4,55,2,11南港區,南港區環東大道(西向東),0,0,2,1,B03,8,3,5,60,11,7,1,5,4,5,7,4,4,10,4,5,1,20,1,54,2,8,1,1,7,9,6,7,8,5,,21,21,1,22,9,121.5960543,25.058946
111,11,19,6,54,2,07信義區,信義區松仁路與松勤街口,0,0,2,1,C04,8,1,5,50,4,1,1,5,4,5,7,2,1,10,4,5,1,12,2,22,2,9,3,1,7,9,1,8,9,11,,23,23,1,22,9,121.5683757,25.0318884
111,11,19,6,54,2,07信義區,信義區松仁路與松勤街口,0,0,2,2,,8,1,5,50,4,1,1,5,4,5,7,2,1,10,4,5,1,12,4,,4,11,3,4,7,15,7,19,11,15,,43,23,2,22,9,121.5683757,25.0318884
111,11,19,6,54,2,07信義區,信義區松仁路與松勤街口,0,0,2,3,H02,8,1,5,50,4,1,1,5,4,5,7,2,1,10,4,5,1,12,1,63,2,9,3,5,7,20,8,20,9,16,,67,23,1,22,9,121.5683757,25.0318884
111,11,19,7,18,2,09北投區,北投區承德路6段與文承路口,0,0,1,1,C03,8,1,5,40,3,1,1,5,4,5,7,1,1,10,5,5,2,16,1,22,2,8,1,1,7,9,1,10,1,14,,23,23,1,22,9,121.5121684,25.10470447
111,11,19,7,18,2,09北投區,北投區承德路6段與文承路口,0,0,1,2,B03,8,1,5,40,3,1,1,5,4,5,7,1,1,10,5,5,2,16,1,44,3,10,1,1,7,6,1,8,1,5,,9,23,1,22,9,121.5121684,25.10470447
111,11,19,7,40,2,08士林區,士林區至誠路1段303號,0,0,1,1,B03,8,1,5,50,11,9,1,5,4,5,7,4,4,9,5,5,2,13,1,64,2,9,1,1,7,9,1,8,1,5,,23,16,1,22,9,121.5311111,25.10178341
111,11,19,7,40,2,08士林區,士林區至誠路1段303號,0,0,1,2,G03,8,1,5,50,11,9,1,5,4,5,7,4,4,9,5,5,2,13,1,68,3,10,3,1,7,9,1,8,1,4,,42,16,1,22,9,121.5311111,25.10178341
111,11,19,7,43,2,03中山區,中山區樂群二路與敬業三路口,0,0,2,1,B12,8,1,5,50,4,1,1,5,4,5,7,4,4,1,4,5,2,11,1,57,2,9,1,1,7,5,1,8,2,8,,6,6,1,22,9,121.5563941,25.0798829
111,11,19,7,43,2,03中山區,中山區樂群二路與敬業三路口,0,0,2,2,C03,8,1,5,50,4,1,1,5,4,5,7,4,4,1,4,5,2,11,1,20,2,9,1,1,7,9,1,10,2,11,,25,6,1,22,9,121.5563941,25.0798829
111,11,19,7,50,2,07信義區,信義區基隆路1段350-35號,0,0,1,1,C03,8,1,5,30,7,9,1,5,4,5,7,1,1,10,4,5,2,13,1,44,2,9,1,1,7,9,1,10,2,11,,23,23,1,22,9,121.5613129,25.03612689
111,11,19,7,50,2,07信義區,信義區基隆路1段350-35號,0,0,1,2,C03,8,1,5,30,7,9,1,5,4,5,7,1,1,10,4,5,2,13,1,64,3,10,1,1,7,14,1,10,2,13,,44,23,1,22,9,121.5613129,25.03612689