發生年度,發生月,發生日,發生時-Hours,發生分,處理別-編號,區序,肇事地點,死亡人數,2-30日死亡人數,受傷人數,當事人序號,車種,天候,光線,道路類別,速限-速度限制,道路型態,事故位置,路面狀況1,路面狀況2,路面狀況3,道路障礙1,道路障礙2,號誌1,號誌2,車道劃分-分向,車道劃分-分道1,車道劃分-分道2,車道劃分-分道3,事故類型及型態,性別,年齡,受傷程度,主要傷處,安全帽,行動電話,車輛用途,當事者行動狀態,駕駛資格情形,駕駛執照種類,飲酒情形,車輛撞擊部位1,車輛撞擊部位2,肇因碼-個別,肇因碼-主要,個人肇逃否,職業,旅次目的,座標-X,座標-Y
111,11,19,7,57,2,07信義區,信義區忠孝東路5段717號,0,0,3,1,C03,8,1,5,50,14,9,1,5,4,5,7,4,4,1,4,5,1,13,1,58,2,7,3,4,7,9,1,10,1,12,,16,16,1,22,9,121.5805678,25.04265707
111,11,19,7,57,2,07信義區,信義區忠孝東路5段717號,0,0,3,2,C03,8,1,5,50,14,9,1,5,4,5,7,4,4,1,4,5,1,13,2,52,2,7,3,4,7,9,1,10,1,13,,44,16,1,22,9,121.5805678,25.04265707
111,11,19,7,57,2,07信義區,信義區忠孝東路5段717號,0,0,3,3,H02,8,1,5,50,14,9,1,5,4,5,7,4,4,1,4,5,1,13,2,30,2,7,4,5,7,20,8,20,10,16,,67,16,1,22,9,121.5805678,25.04265707
111,11,19,8,18,2,03中山區,中山區建國北路1段與南京東路3段口,0,0,1,1,B12,8,1,5,50,4,2,1,5,4,5,7,1,1,1,3,5,1,16,1,37,3,10,3,4,7,6,1,8,1,2,,9,9,1,22,9,121.537065,25.05191645
111,11,19,8,18,2,03中山區,中山區建國北路1段與南京東路3段口,0,0,1,2,C03,8,1,5,50,4,2,1,5,4,5,7,1,1,1,3,5,1,16,1,58,2,9,1,4,7,9,1,10,1,11,,44,9,1,22,9,121.537065,25.05191645
111,11,19,8,32,2,08士林區,士林區通河西街2段堤外便道三岔口,0,0,1,1,B03,8,1,5,40,3,1,1,5,4,5,7,4,4,4,5,5,1,10,2,41,3,10,1,1,7,9,1,8,1,1,,26,26,1,22,9,121.5028061,25.09392542
111,11,19,8,32,2,08士林區,士林區通河西街2段堤外便道三岔口,0,0,1,2,C03,8,1,5,40,3,1,1,5,4,5,7,4,4,4,5,5,1,10,1,24,2,9,1,1,7,9,1,10,1,11,,26,26,1,22,9,121.5028061,25.09392542
111,11,19,8,35,2,02萬華區,萬華區德昌街10巷與東園街73巷口,0,0,1,1,B12,8,1,5,30,5,1,1,5,4,5,7,3,1,10,5,5,2,16,1,53,3,10,3,4,7,5,1,8,1,4,,8,8,1,22,9,121.4996984,25.0264134
111,11,19,8,35,2,02萬華區,萬華區德昌街10巷與東園街73巷口,0,0,1,2,C03,8,1,5,30,5,1,1,5,4,5,7,3,1,10,5,5,2,16,2,56,2,9,1,4,7,14,1,10,1,11,,44,8,1,22,9,121.4996984,25.0264134
111,11,19,8,43,2,10文山區,文山區下崙路與光輝路口,0,0,1,1,C03,8,1,5,30,4,2,1,5,4,5,7,4,4,4,5,5,2,16,1,22,3,10,1,1,7,6,1,10,1,11,,9,9,1,22,9,121.5549418,24.9867672
111,11,19,8,43,2,10文山區,文山區下崙路與光輝路口,0,0,1,2,C03,8,1,5,30,4,2,1,5,4,5,7,4,4,4,5,5,2,16,1,68,3,10,1,1,7,9,1,10,1,14,,44,9,1,22,9,121.5549418,24.9867672
111,11,19,8,43,2,10文山區,文山區下崙路與光輝路口,0,0,1,3,H02,8,1,5,30,4,2,1,5,4,5,7,4,4,4,5,5,2,16,2,64,2,8,1,5,7,20,8,20,10,16,,67,9,1,22,9,121.5549418,24.9867672
111,11,19,8,44,2,05中正區,中正區林森南路地下道出口處,0,0,2,1,C03,8,1,5,50,7,9,1,5,4,5,7,4,4,10,4,4,2,13,1,28,2,8,1,1,7,9,1,10,1,11,,16,23,1,22,9,121.5186656,25.0333964
111,11,19,8,44,2,05中正區,中正區林森南路地下道出口處,0,0,2,2,C03,8,1,5,50,7,9,1,5,4,5,7,4,4,10,4,4,2,13,1,31,2,9,1,1,7,9,1,10,1,13,,44,23,1,22,9,121.5186656,25.0333964
111,11,19,8,46,2,02萬華區,萬華區西園路2段219號,0,0,2,1,C03,8,1,5,50,14,9,1,5,4,5,7,4,4,1,4,5,2,17,2,21,2,9,1,1,7,9,1,10,1,11,,16,16,1,22,9,121.4941423,25.02715799
111,11,19,8,46,2,02萬華區,萬華區西園路2段219號,0,0,2,2,C03,8,1,5,50,14,9,1,5,4,5,7,4,4,1,4,5,2,17,2,45,3,10,1,1,7,9,1,10,1,13,,44,16,1,22,9,121.4941423,25.02715799
111,11,19,8,46,2,02萬華區,萬華區西園路2段219號,0,0,2,3,H02,8,1,5,50,14,9,1,5,4,5,7,4,4,1,4,5,2,17,1,20,2,9,1,1,7,21,8,20,10,16,,67,16,1,22,9,121.4941423,25.02715799
111,11,19,8,50,2,03中山區,中山區北安路535號,0,0,1,1,C03,8,1,5,50,14,9,1,5,4,5,7,1,1,1,4,5,2,12,1,27,2,9,1,1,7,5,1,10,1,13,,8,8,1,22,9,121.5474345,25.0801062
111,11,19,8,50,2,03中山區,中山區北安路535號,0,0,1,2,B03,8,1,5,50,14,9,1,5,4,5,7,1,1,1,4,5,2,12,1,20,3,10,1,1,7,9,1,8,1,5,,44,8,1,22,9,121.5474345,25.0801062
111,11,19,8,58,2,04大安區,大安區仁愛路4段與四維路口,0,0,1,1,C03,8,1,5,50,3,1,1,5,4,5,7,4,4,10,4,5,2,16,2,21,3,10,1,1,7,6,1,10,1,12,,9,9,1,22,9,121.5481866,25.0372659
111,11,19,8,58,2,04大安區,大安區仁愛路4段與四維路口,0,0,1,2,C03,8,1,5,50,3,1,1,5,4,5,7,4,4,10,4,5,2,16,1,31,2,9,1,1,7,9,1,9,1,14,,44,9,1,22,9,121.5481866,25.0372659
111,11,19,9,12,2,01大同區,大同區台北橋機車道往台北市(282520燈桿),0,0,2,1,C03,8,1,5,40,8,11,1,5,4,5,7,4,4,10,4,5,1,13,1,30,2,9,3,4,7,9,1,10,1,11,,23,23,1,22,9,121.5064864,25.06359638
111,11,19,9,12,2,01大同區,大同區台北橋機車道往台北市(282520燈桿),0,0,2,2,C03,8,1,5,40,8,11,1,5,4,5,7,4,4,10,4,5,1,13,2,25,2,9,3,4,7,9,1,10,1,13,,44,23,1,22,9,121.5064864,25.06359638
111,11,19,9,30,2,11南港區,南港區松河街358號,0,0,2,1,C03,8,1,5,40,14,9,1,5,4,5,7,4,4,8,3,5,2,17,1,29,2,9,3,4,7,9,1,10,2,11,,23,23,1,22,9,121.5861633,25.05371072
111,11,19,9,30,2,11南港區,南港區松河街358號,0,0,2,2,C03,8,1,5,40,14,9,1,5,4,5,7,4,4,8,3,5,2,17,1,63,2,9,3,4,7,11,1,10,2,14,,10,23,1,22,9,121.5861633,25.05371072
111,11,19,9,30,2,11南港區,南港區松河街358號,0,0,2,3,B03,8,1,5,40,14,9,1,5,4,5,7,4,4,8,3,5,2,17,3,,,,,,,,,,,,,67,23,1,,,121.5861633,25.05371072
111,11,19,9,30,2,11南港區,南港區松河街358號,0,0,2,4,C03,8,1,5,40,14,9,1,5,4,5,7,4,4,8,3,5,2,17,3,,,,,,,,,,,,,67,23,1,,,121.5861633,25.05371072
111,11,19,9,30,2,07信義區,信義區信義路6段與松德路口,0,0,1,1,B03,8,1,5,50,4,2,1,5,4,5,7,1,1,1,3,5,2,16,2,47,3,10,3,4,7,5,1,8,2,6,,23,42,1,22,9,121.5746626,25.0338326
111,11,19,9,30,2,07信義區,信義區信義路6段與松德路口,0,0,1,2,C03,8,1,5,50,4,2,1,5,4,5,7,1,1,1,3,5,2,16,1,81,2,3,1,1,7,6,1,10,2,11,,6,42,1,22,9,121.5746626,25.0338326
111,11,19,9,53,2,03中山區,中山區敬業四路與植福路口,0,0,1,1,B03,8,1,5,50,4,1,1,5,4,5,7,1,1,4,3,5,1,16,2,59,3,10,3,4,7,6,1,8,1,5,,9,9,1,22,9,121.5584675,25.0839301
111,11,19,9,53,2,03中山區,中山區敬業四路與植福路口,0,0,1,2,C03,8,1,5,50,4,1,1,5,4,5,7,1,1,4,3,5,1,16,1,22,2,9,1,4,7,9,1,8,1,14,,13,9,1,22,9,121.5584675,25.0839301
111,11,19,10,25,2,07信義區,信義區基隆路2段與吳興街口,0,0,2,1,C03,8,1,5,50,4,1,1,5,4,5,7,2,1,1,4,5,2,16,2,24,2,9,1,1,7,5,1,10,1,14,,8,8,1,22,9,121.5589202,25.0319925
111,11,19,10,25,2,07信義區,信義區基隆路2段與吳興街口,0,0,2,2,C03,8,1,5,50,4,1,1,5,4,5,7,2,1,1,4,5,2,16,1,61,2,9,1,1,7,9,1,10,1,12,,44,8,1,22,9,121.5589202,25.0319925
111,11,19,10,50,2,09北投區,北投區承德路7段384號,0,0,2,1,B03,8,1,5,60,14,9,1,5,4,5,7,4,4,1,4,5,2,16,1,60,3,10,3,4,7,6,1,8,1,2,,9,7,1,22,9,121.5023168,25.11901578
111,11,19,10,50,2,09北投區,北投區承德路7段384號,0,0,2,2,C03,8,1,5,60,14,9,1,5,4,5,7,4,4,1,4,5,2,16,1,32,2,9,3,4,7,9,1,10,1,14,,44,7,1,22,9,121.5023168,25.11901578
111,11,19,10,50,2,09北投區,北投區承德路7段384號,0,0,2,3,H02,8,1,5,60,14,9,1,5,4,5,7,4,4,1,4,5,2,16,1,65,2,8,4,5,7,21,8,20,10,15,,67,7,1,22,9,121.5023168,25.11901578
111,11,19,11,3,2,04大安區,大安區基隆路2段209巷與基隆路2段口,0,0,1,1,B12,8,1,5,50,5,2,1,5,4,5,7,4,4,3,4,5,2,17,1,62,3,10,1,4,7,6,1,8,1,15,,9,9,1,22,9,121.551371,25.0232162
111,11,19,11,3,2,04大安區,大安區基隆路2段209巷與基隆路2段口,0,0,1,2,C03,8,1,5,50,5,2,1,5,4,5,7,4,4,3,4,5,2,17,1,44,2,1,1,4,7,9,1,10,1,14,,42,9,1,22,9,121.551371,25.0232162
111,11,19,11,25,2,09北投區,北投區承信路與無名巷口,0,0,2,1,B03,8,1,5,50,3,1,1,5,4,5,7,4,4,5,4,5,2,17,1,32,3,10,1,1,7,5,1,8,2,8,,8,8,1,22,9,121.5131649,25.1024117
111,11,19,11,25,2,09北投區,北投區承信路與無名巷口,0,0,2,2,C03,8,1,5,50,3,1,1,5,4,5,7,4,4,5,4,5,2,17,1,17,2,8,1,1,7,9,2,18,2,11,,14,8,1,22,9,121.5131649,25.1024117
111,11,19,11,25,2,09北投區,北投區承信路與無名巷口,0,0,2,3,H02,8,1,5,50,3,1,1,5,4,5,7,4,4,5,4,5,2,17,2,17,2,9,1,1,7,21,8,20,10,16,,67,8,1,22,9,121.5131649,25.1024117
111,11,19,11,37,2,04大安區,大安區仁愛路3段78號,0,0,2,2,B03,8,1,5,50,11,9,1,5,4,5,7,4,4,1,4,5,2,12,1,30,3,10,1,1,7,9,1,8,1,6,,17,7,1,22,9,121.538875,25.03757
111,11,19,11,37,2,04大安區,大安區仁愛路3段78號,0,0,2,3,H02,8,1,5,50,11,9,1,5,4,5,7,4,4,1,4,5,2,12,2,33,2,9,1,5,7,20,8,20,10,16,,67,7,1,22,9,121.538875,25.03757
111,11,19,11,37,2,04大安區,大安區仁愛路3段78號,0,0,2,1,C03,8,1,5,50,11,9,1,5,4,5,7,4,4,1,4,5,2,12,1,31,2,9,1,1,7,7,1,10,1,14,,7,7,1,22,9,121.538875,25.03757
111,11,19,12,5,2,01大同區,大同區大龍街253號,0,0,2,1,H01,8,1,5,50,14,9,1,5,4,5,7,4,4,9,5,5,2,3,2,67,2,9,4,5,8,20,8,20,10,16,,51,51,1,22,9,121.5158885,25.07137037
111,11,19,12,5,2,01大同區,大同區大龍街253號,0,0,2,2,C03,8,1,5,50,14,9,1,5,4,5,7,4,4,9,5,5,2,3,1,24,2,9,1,1,7,9,1,10,1,11,,23,51,1,22,9,121.5158885,25.07137037
111,11,19,12,17,2,08士林區,士林區中山北路6段290巷與中山北路6段口,0,0,2,1,C03,8,1,5,50,3,2,1,5,4,5,7,2,1,1,4,4,2,16,1,51,2,9,1,1,7,5,1,10,2,12,,8,8,1,22,9,121.5255634,25.11036684
111,11,19,12,17,2,08士林區,士林區中山北路6段290巷與中山北路6段口,0,0,2,2,C03,8,1,5,50,3,2,1,5,4,5,7,2,1,1,4,4,2,16,1,51,2,9,1,1,7,9,1,10,2,11,,44,8,1,22,9,121.5255634,25.11036684
111,11,19,12,52,2,12內湖區,內湖區金湖路109巷與金湖路口,0,0,1,1,A02,8,1,5,50,4,1,1,5,4,5,7,1,1,3,4,5,2,12,1,58,3,10,1,1,7,9,1,2,1,2,,23,43,1,22,9,121.5981744,25.0807671
111,11,19,12,52,2,12內湖區,內湖區金湖路109巷與金湖路口,0,0,1,2,G06,8,1,5,50,4,1,1,5,4,5,7,1,1,3,4,5,2,12,2,50,2,9,2,1,7,7,7,19,1,15,,7,43,1,22,9,121.5981744,25.0807671
111,11,19,12,53,2,06松山區,松山區民生東路3段105號,0,0,1,1,B03,8,1,8,30,15,22,1,5,4,5,7,4,4,10,4,5,2,17,1,59,3,10,1,1,7,6,1,8,2,5,,6,6,1,22,9,121.5448642,25.05783779
111,11,19,12,53,2,06松山區,松山區民生東路3段105號,0,0,1,2,F01,8,1,8,30,15,22,1,5,4,5,7,4,4,10,4,5,2,17,1,55,2,9,1,1,7,9,8,20,2,16,,23,6,1,22,9,121.5448642,25.05783779
111,11,19,12,55,2,12內湖區,內湖區潭美街773號,0,0,2,1,C03,8,1,5,40,14,9,1,5,4,5,7,4,4,4,5,5,2,13,1,21,2,9,1,1,7,9,1,10,2,11,,23,23,1,22,9,121.6087893,25.06318465
111,11,19,12,55,2,12內湖區,內湖區潭美街773號,0,0,2,2,C03,8,1,5,40,14,9,1,5,4,5,7,4,4,4,5,5,2,13,2,44,2,9,1,1,7,9,1,10,2,11,,13,23,1,22,9,121.6087893,25.06318465
111,11,19,12,55,2,12內湖區,內湖區潭美街773號,0,0,2,3,B03,8,1,5,40,14,9,1,5,4,5,7,4,4,4,5,5,2,13,1,52,3,10,3,4,7,13,7,19,11,4,,44,23,1,22,9,121.6087893,25.06318465
111,11,19,12,57,2,02萬華區,萬華區桂林路與西昌街口,0,0,2,1,C03,8,1,5,50,4,2,1,5,4,5,7,2,1,5,4,4,2,17,2,28,2,9,1,1,7,9,1,10,1,11,,26,4,1,22,9,121.500602,25.0384562
111,11,19,12,57,2,02萬華區,萬華區桂林路與西昌街口,0,0,2,2,C03,8,1,5,50,4,2,1,5,4,5,7,2,1,5,4,4,2,17,1,60,2,8,1,1,7,5,1,10,1,14,,44,4,1,22,9,121.500602,25.0384562
111,11,19,13,10,2,03中山區,(北安路535號前),0,0,2,1,B03,8,1,5,50,4,1,1,5,4,5,7,2,1,1,4,4,2,16,1,22,3,10,3,4,7,5,1,8,1,6,,8,8,1,22,9,121.5470488,25.0799734
111,11,19,13,10,2,03中山區,(北安路535號前),0,0,2,2,C03,8,1,5,50,4,1,1,5,4,5,7,2,1,1,4,4,2,16,1,34,2,7,1,4,7,11,1,10,1,11,,44,8,1,22,9,121.5470488,25.0799734
111,11,19,13,10,2,03中山區,(北安路535號前),0,0,2,3,H02,8,1,5,50,4,1,1,5,4,5,7,2,1,1,4,4,2,16,2,27,2,8,4,5,7,20,8,20,10,16,,67,8,1,22,9,121.5470488,25.0799734
111,11,19,13,29,2,08士林區,士林區基河路300巷與基河路口,0,0,2,2,H01,8,1,5,50,3,1,1,5,4,5,7,3,1,5,4,4,2,9,2,69,2,9,4,5,8,16,8,20,1,16,,67,19,1,22,9,121.5194284,25.09403626
111,11,19,13,29,2,08士林區,士林區基河路300巷與基河路口,0,0,2,3,H01,8,1,5,50,3,1,1,5,4,5,7,3,1,5,4,4,2,9,2,6,2,9,4,5,8,16,8,20,1,16,,67,19,1,22,9,121.5194284,25.09403626
111,11,19,13,29,2,08士林區,士林區基河路300巷與基河路口,0,0,2,1,B12,8,1,5,50,3,1,1,5,4,5,7,3,1,5,4,4,2,9,1,62,3,10,1,1,7,1,1,8,1,1,,19,19,1,22,9,121.5194284,25.09403626
111,11,19,13,42,2,12內湖區,內湖區文德路208巷與陽光街68巷口,0,0,1,1,B03,8,1,5,50,3,1,1,5,4,5,7,3,1,5,5,5,2,16,1,32,3,10,1,1,7,5,1,4,1,1,,6,6,1,22,9,121.5835859,25.0760337
111,11,19,13,42,2,12內湖區,內湖區文德路208巷與陽光街68巷口,0,0,1,2,C03,8,1,5,50,3,1,1,5,4,5,7,3,1,5,5,5,2,16,1,55,2,8,1,1,7,9,1,10,1,11,,42,6,1,22,9,121.5835859,25.0760337
111,11,19,13,44,2,07信義區,信義區福德街268巷與福德街268巷29弄口,0,0,1,1,C03,8,1,5,30,4,2,1,5,4,5,7,4,4,9,5,5,2,11,1,67,2,8,1,1,7,6,1,10,2,11,,14,14,1,22,9,121.5855075,25.040087
111,11,19,13,44,2,07信義區,信義區福德街268巷與福德街268巷29弄口,0,0,1,2,B12,8,1,5,30,4,2,1,5,4,5,7,4,4,9,5,5,2,11,1,27,3,10,1,1,7,9,1,4,2,1,,5,14,1,22,9,121.5855075,25.040087
111,11,19,13,44,2,07信義區,信義區福德街268巷與福德街268巷29弄口,0,0,1,3,B03,8,1,5,30,4,2,1,5,4,5,7,4,4,9,5,5,2,11,1,69,3,10,1,1,7,13,7,19,9,15,,43,14,1,22,9,121.5855075,25.040087
111,11,19,14,1,2,10文山區,文山區羅斯福路5段與羅斯福路5段212巷口,0,0,1,1,B03,8,1,5,50,3,2,1,5,4,5,7,4,4,1,4,5,2,13,1,64,3,10,1,1,7,6,1,8,2,7,,44,44,1,22,9,121.5386011,25.00279078
111,11,19,14,1,2,10文山區,文山區羅斯福路5段與羅斯福路5段212巷口,0,0,1,2,C03,8,1,5,50,3,2,1,5,4,5,7,4,4,1,4,5,2,13,2,29,2,9,1,1,7,9,1,10,2,11,,16,44,1,22,9,121.5386011,25.00279078
111,11,19,14,10,2,03中山區,中山區民權東路3段與龍江路口,0,0,2,1,B03,8,1,5,50,14,9,1,5,4,5,7,4,4,5,5,5,2,16,2,29,3,10,1,1,7,14,1,8,1,2,,40,40,1,22,9,121.54077,25.06212993
111,11,19,14,10,2,03中山區,中山區民權東路3段與龍江路口,0,0,2,2,C03,8,1,5,50,14,9,1,5,4,5,7,4,4,5,5,5,2,16,1,37,2,7,1,1,7,9,1,10,1,12,,44,40,1,22,9,121.54077,25.06212993
111,11,19,14,10,2,03中山區,中山區民權東路3段與龍江路口,0,0,2,3,H02,8,1,5,50,14,9,1,5,4,5,7,4,4,5,5,5,2,16,2,31,2,7,1,5,7,21,8,20,10,16,,67,40,1,22,9,121.54077,25.06212993
111,11,19,14,50,2,04大安區,大安區基隆路4段台大停車場出口,0,0,3,1,C03,8,1,5,0,14,9,1,5,4,5,7,4,4,1,4,4,1,17,1,28,2,9,1,1,7,1,1,10,1,11,,19,19,1,22,9,121.538431,25.01236498
111,11,19,14,50,2,04大安區,大安區基隆路4段台大停車場出口,0,0,3,2,C03,8,1,5,0,14,9,1,5,4,5,7,4,4,1,4,4,1,17,1,50,2,9,1,1,7,9,1,10,1,12,,44,19,1,22,9,121.538431,25.01236498
111,11,19,14,50,2,04大安區,大安區基隆路4段台大停車場出口,0,0,3,3,H02,8,1,5,0,14,9,1,5,4,5,7,4,4,1,4,4,1,17,2,48,2,9,4,5,7,21,8,20,10,16,,67,19,1,22,9,121.538431,25.01236498
111,11,19,14,50,2,04大安區,大安區基隆路4段台大停車場出口,0,0,3,4,B03,8,1,5,0,14,9,1,5,4,5,7,4,4,1,4,4,1,17,1,39,3,10,1,1,7,9,1,8,1,5,,44,19,1,22,9,121.538431,25.01236498
111,11,19,14,55,2,02萬華區,萬華區峨眉街92號,0,0,1,1,B03,8,1,8,30,14,9,1,5,4,5,7,4,4,10,5,5,1,2,1,43,3,10,1,4,7,9,1,8,1,2,,23,23,1,22,9,121.5037752,25.04405651
111,11,19,14,55,2,02萬華區,萬華區峨眉街92號,0,0,1,2,H01,8,1,8,30,14,9,1,5,4,5,7,4,4,10,5,5,1,2,2,23,2,8,1,4,8,16,8,20,10,16,,67,23,1,22,9,121.5037752,25.04405651
111,11,19,15,1,2,04大安區,大安區和平東路2段與新生南路2段口,0,0,1,1,C03,8,1,5,50,14,9,1,5,4,5,7,1,1,3,3,5,2,12,1,33,4,11,1,1,7,8,1,10,1,12,,7,7,1,22,9,121.535373,25.0260995
111,11,19,15,1,2,04大安區,大安區和平東路2段與新生南路2段口,0,0,1,2,C03,8,1,5,50,14,9,1,5,4,5,7,1,1,3,3,5,2,12,2,26,2,7,1,1,7,9,1,10,1,11,,44,7,1,22,9,121.535373,25.0260995
111,11,19,15,4,2,02萬華區,萬華區西園路2段225巷與寶興街65巷口,0,0,1,1,B03,8,1,5,30,4,1,1,5,4,5,7,4,4,10,5,5,2,15,1,21,3,10,1,4,7,9,1,8,1,5,,6,6,1,22,9,121.4948738,25.0271046
111,11,19,15,4,2,02萬華區,萬華區西園路2段225巷與寶興街65巷口,0,0,1,2,C03,8,1,5,30,4,1,1,5,4,5,7,4,4,10,5,5,2,15,1,41,2,7,1,4,7,9,3,18,1,14,,23,6,1,22,9,121.4948738,25.0271046
111,11,19,15,6,2,06松山區,松山區民生東路5段36巷與民生東路5段口,0,0,1,1,B03,8,1,5,50,3,1,1,5,4,5,7,1,1,1,4,5,2,16,2,47,3,10,1,1,7,5,1,8,1,6,,6,6,1,22,9,121.556992,25.05836143
111,11,19,15,6,2,06松山區,松山區民生東路5段36巷與民生東路5段口,0,0,1,2,C03,8,1,5,50,3,1,1,5,4,5,7,1,1,1,4,5,2,16,1,21,2,1,1,1,7,9,1,10,1,11,,23,6,1,22,9,121.556992,25.05836143
111,11,19,15,16,2,03中山區,中山區八德路2段與建國南路1段口,0,0,1,1,B03,8,1,5,50,4,1,1,5,4,5,7,1,1,4,3,5,1,16,1,59,3,10,3,4,7,6,1,8,1,6,,9,9,1,22,9,121.5369592,25.04611273
111,11,19,15,16,2,03中山區,中山區八德路2段與建國南路1段口,0,0,1,2,C03,8,1,5,50,4,1,1,5,4,5,7,1,1,4,3,5,1,16,1,20,2,9,3,4,7,9,1,10,1,11,,16,9,1,22,9,121.5369592,25.04611273
111,11,19,15,26,2,11南港區,南港區惠民街1號,0,0,1,1,C03,8,1,5,30,14,9,1,5,4,5,7,4,4,4,3,5,2,12,2,62,2,9,3,4,7,7,1,10,1,14,,7,7,1,22,9,121.6102556,25.0552417
111,11,19,15,26,2,11南港區,南港區惠民街1號,0,0,1,2,B03,8,1,5,30,14,9,1,5,4,5,7,4,4,4,3,5,2,12,1,45,3,10,3,4,7,9,1,8,1,2,,26,7,1,22,9,121.6102556,25.0552417
111,11,19,15,41,2,04大安區,大安區延吉街廢鐵道與光復南路116巷口,0,0,3,1,C03,8,1,5,30,4,1,1,5,4,3,5,4,4,10,5,5,2,16,1,32,2,7,1,1,7,5,1,10,1,11,,6,6,1,22,9,121.5562136,25.0430224
111,11,19,15,41,2,04大安區,大安區延吉街廢鐵道與光復南路116巷口,0,0,3,2,C03,8,1,5,30,4,1,1,5,4,3,5,4,4,10,5,5,2,16,2,33,2,9,1,1,7,9,1,10,1,14,,23,6,1,22,9,121.5562136,25.0430224
111,11,19,15,41,2,04大安區,大安區延吉街廢鐵道與光復南路116巷口,0,0,3,3,H02,8,1,5,30,4,1,1,5,4,3,5,4,4,10,5,5,2,16,2,58,2,9,4,5,7,20,8,20,1,16,,67,6,1,22,9,121.5562136,25.0430224
111,11,19,15,51,2,08士林區,士林區中山北路5段與福林路口,0,0,1,1,B02,8,1,5,50,4,1,1,5,4,5,7,1,1,4,4,5,2,12,1,24,3,10,3,4,7,6,1,8,2,2,,9,9,1,22,9,121.5281573,25.0938521
111,11,19,15,51,2,08士林區,士林區中山北路5段與福林路口,0,0,1,2,C03,8,1,5,50,4,1,1,5,4,5,7,1,1,4,4,5,2,12,2,63,2,9,3,4,7,9,1,10,2,14,,42,9,1,22,9,121.5281573,25.0938521
111,11,19,15,55,2,05中正區,中正區重慶南路1段與貴陽街1段口,0,0,2,1,C03,8,1,5,50,4,1,1,5,4,5,7,1,1,10,5,5,2,12,1,33,2,9,1,1,7,5,1,10,2,14,,8,8,1,22,9,121.5127716,25.0387862
111,11,19,15,55,2,05中正區,中正區重慶南路1段與貴陽街1段口,0,0,2,2,C03,8,1,5,50,4,1,1,5,4,5,7,1,1,10,5,5,2,12,1,24,2,9,1,1,7,9,1,10,2,12,,44,8,1,22,9,121.5127716,25.0387862
111,11,19,16,7,2,03中山區,中山區新生北路2段55巷3弄與新生北路2段55巷口,0,0,3,1,C04,8,1,5,30,4,1,1,5,4,3,5,4,4,10,5,5,1,16,1,23,2,9,1,4,7,9,1,8,1,11,,6,6,1,22,9,121.5283822,25.0563575
111,11,19,16,7,2,03中山區,中山區新生北路2段55巷3弄與新生北路2段55巷口,0,0,3,2,C03,8,1,5,30,4,1,1,5,4,3,5,4,4,10,5,5,1,16,1,31,2,8,1,4,7,9,1,10,1,11,,44,6,1,22,9,121.5283822,25.0563575
111,11,19,16,7,2,03中山區,中山區新生北路2段55巷3弄與新生北路2段55巷口,0,0,3,3,B01,8,1,5,30,4,1,1,5,4,3,5,4,4,10,5,5,1,16,1,66,3,10,3,4,7,13,1,8,9,15,,38,6,1,22,9,121.5283822,25.0563575
111,11,19,16,7,2,03中山區,中山區新生北路2段55巷3弄與新生北路2段55巷口,0,0,3,4,H02,8,1,5,30,4,1,1,5,4,3,5,4,4,10,5,5,1,16,2,30,2,6,1,5,7,17,8,20,10,16,,67,6,1,22,9,121.5283822,25.0563575
111,11,19,16,10,2,10文山區,文山區辛亥路7段與忠順街1段口口,0,0,1,1,B03,8,1,5,30,3,1,1,5,4,5,7,2,1,4,3,5,1,16,1,75,3,10,3,4,7,5,1,8,1,5,,6,6,1,22,9,121.5540066,24.9831918
111,11,19,16,10,2,10文山區,文山區辛亥路7段與忠順街1段口口,0,0,1,2,F01,8,1,5,30,3,1,1,5,4,5,7,2,1,4,3,5,1,16,1,41,2,8,1,1,7,9,8,20,1,16,,44,6,1,22,9,121.5540066,24.9831918
111,11,19,16,16,2,03中山區,中山區民族東路往西近吉林路嘟嘟房停車場出入口前,0,0,1,1,F01,8,3,5,50,14,9,1,5,4,5,7,4,4,1,4,5,2,17,2,69,2,8,1,1,7,15,8,20,1,16,,42,13,1,22,9,121.5308801,25.0683969
111,11,19,16,16,2,03中山區,中山區民族東路往西近吉林路嘟嘟房停車場出入口前,0,0,1,2,B03,8,3,5,50,14,9,1,5,4,5,7,4,4,1,4,5,2,17,1,47,3,10,1,1,7,14,1,8,1,4,,38,13,1,22,9,121.5308801,25.0683969
111,11,19,16,30,2,03中山區,中山區松江路133巷與南京東路2段115巷口,0,0,2,1,C03,8,1,5,30,4,1,1,5,4,5,7,4,4,10,5,5,2,16,1,61,2,9,1,1,7,9,1,10,1,14,,6,6,1,22,9,121.533639,25.0543609
111,11,19,16,30,2,03中山區,中山區松江路133巷與南京東路2段115巷口,0,0,2,2,C03,8,1,5,30,4,1,1,5,4,5,7,4,4,10,5,5,2,16,1,34,2,7,1,1,7,9,1,10,1,11,,14,6,1,22,9,121.533639,25.0543609
111,11,19,16,30,2,06松山區,松山區八德路3段12巷與八德路3段口,0,0,2,1,B03,8,1,5,50,4,1,1,5,4,5,7,1,1,5,4,5,2,17,2,32,3,10,1,1,7,5,1,8,1,15,,6,6,1,22,9,121.5506439,25.04819061