發生年度,發生月,發生日,發生時-Hours,發生分,處理別-編號,區序,肇事地點,死亡人數,2-30日死亡人數,受傷人數,當事人序號,車種,天候,光線,道路類別,速限-速度限制,道路型態,事故位置,路面狀況1,路面狀況2,路面狀況3,道路障礙1,道路障礙2,號誌1,號誌2,車道劃分-分向,車道劃分-分道1,車道劃分-分道2,車道劃分-分道3,事故類型及型態,性別,年齡,受傷程度,主要傷處,安全帽,行動電話,車輛用途,當事者行動狀態,駕駛資格情形,駕駛執照種類,飲酒情形,車輛撞擊部位1,車輛撞擊部位2,肇因碼-個別,肇因碼-主要,個人肇逃否,職業,旅次目的,座標-X,座標-Y
111,11,19,16,30,2,06松山區,松山區八德路3段12巷與八德路3段口,0,0,2,2,C03,8,1,5,50,4,1,1,5,4,5,7,1,1,5,4,5,2,17,1,49,2,9,1,1,7,9,1,10,1,14,,42,6,1,22,9,121.5506439,25.04819061
111,11,19,16,30,2,06松山區,松山區八德路3段12巷與八德路3段口,0,0,2,3,H02,8,1,5,50,4,1,1,5,4,5,7,1,1,5,4,5,2,17,2,49,2,9,1,1,7,21,8,20,10,16,,60,6,1,22,9,121.5506439,25.04819061
111,11,19,16,54,2,08士林區,士林區中山北路6段199號電燈桿,0,0,3,1,C03,8,1,5,50,15,9,1,5,4,5,7,4,4,3,4,5,2,17,2,21,2,8,1,1,7,8,1,10,1,12,,7,7,1,22,9,121.5253303,25.10297957
111,11,19,16,54,2,08士林區,士林區中山北路6段199號電燈桿,0,0,3,2,C03,8,1,5,50,15,9,1,5,4,5,7,4,4,3,4,5,2,17,1,44,2,7,1,1,7,9,1,10,1,11,,44,7,1,22,9,121.5253303,25.10297957
111,11,19,16,54,2,08士林區,士林區中山北路6段199號電燈桿,0,0,3,3,C03,8,1,5,50,15,9,1,5,4,5,7,4,4,3,4,5,2,17,1,63,3,10,3,4,7,13,1,10,11,13,,44,7,1,22,9,121.5253303,25.10297957
111,11,19,16,54,2,08士林區,士林區中山北路6段199號電燈桿,0,0,3,4,H02,8,1,5,50,15,9,1,5,4,5,7,4,4,3,4,5,2,17,2,24,2,8,1,5,7,20,8,20,10,16,,67,7,1,22,9,121.5253303,25.10297957
111,11,19,17,25,2,10文山區,文山區木新路3段95巷與木新路3段45巷10弄口,0,0,2,1,F01,7,1,5,30,4,1,1,5,4,5,3,4,4,10,5,5,2,17,1,9,2,9,1,1,7,5,8,20,1,16,,42,42,1,22,9,121.563247,24.9809658
111,11,19,17,25,2,10文山區,文山區木新路3段95巷與木新路3段45巷10弄口,0,0,2,2,C03,7,1,5,30,4,1,1,5,4,5,3,4,4,10,5,5,2,17,2,47,2,9,1,1,7,9,1,10,2,11,,44,42,1,22,9,121.563247,24.9809658
111,11,19,17,28,2,05中正區,中正區羅斯福路4段與基隆路4段口,0,0,1,1,C03,8,3,5,50,4,1,1,5,4,5,7,2,1,1,4,5,2,3,1,28,4,11,3,4,7,15,1,10,11,15,,15,43,2,22,9,121.5366856,25.0111577
111,11,19,17,28,2,05中正區,中正區羅斯福路4段與基隆路4段口,0,0,1,2,H01,8,3,5,50,4,1,1,5,4,5,7,2,1,1,4,5,2,3,2,40,2,8,4,5,8,16,8,20,10,16,,67,43,1,22,9,121.5366856,25.0111577
111,11,19,17,35,2,04大安區,大安區建國南路1段與建國南路1段65弄口(臨近忠孝東路3段217巷7弄),0,0,1,1,C03,8,1,5,50,5,1,1,5,4,5,7,1,1,10,5,5,2,16,1,24,3,10,1,1,7,9,1,10,1,11,,25,25,1,22,9,121.5369359,25.0438769
111,11,19,17,35,2,04大安區,大安區建國南路1段與建國南路1段65弄口(臨近忠孝東路3段217巷7弄),0,0,1,2,C04,8,1,5,50,5,1,1,5,4,5,7,1,1,10,5,5,2,16,2,44,2,9,1,1,7,6,1,11,1,12,,9,25,1,22,9,121.5369359,25.0438769
111,11,19,17,40,2,04大安區,大安區辛亥路3段330號前,0,0,1,1,B03,8,3,5,50,14,9,1,5,4,5,7,4,4,8,3,5,1,12,2,33,3,10,1,1,7,6,1,8,1,6,,9,9,1,21,8,121.5531316,25.0139138
111,11,19,17,40,2,04大安區,大安區辛亥路3段330號前,0,0,1,2,C03,8,3,5,50,14,9,1,5,4,5,7,4,4,8,3,5,1,12,2,21,2,8,1,1,7,9,1,10,1,11,,44,9,1,21,5,121.5531316,25.0139138
111,11,19,17,40,2,11南港區,南港區成功路1段35號,0,0,2,1,C03,8,1,5,50,14,9,1,5,4,5,7,4,4,5,4,5,2,16,1,18,2,9,1,1,7,1,1,10,2,11,,19,19,1,22,9,121.5929528,25.05547711
111,11,19,17,40,2,11南港區,南港區成功路1段35號,0,0,2,2,C03,8,1,5,50,14,9,1,5,4,5,7,4,4,5,4,5,2,16,1,59,2,9,1,1,7,9,1,10,2,12,,44,19,1,22,9,121.5929528,25.05547711
111,11,19,17,45,2,03中山區,中山區市民大道2段與新生北路1段口,0,0,1,1,B03,8,3,5,50,4,2,1,5,4,5,7,1,1,1,5,5,2,13,2,50,3,10,1,1,7,9,1,8,1,1,,23,23,1,22,9,121.5307331,25.046355
111,11,19,17,45,2,03中山區,中山區市民大道2段與新生北路1段口,0,0,1,2,C03,8,3,5,50,4,2,1,5,4,5,7,1,1,1,5,5,2,13,1,26,2,6,1,1,7,14,1,10,1,13,,44,23,1,22,9,121.5307331,25.046355
111,11,19,18,0,2,05中正區,中正區汀州路1段與西藏路口,0,0,1,1,C03,7,3,5,50,4,1,1,5,4,5,7,2,1,2,4,5,1,12,1,68,4,11,3,4,7,15,7,19,11,15,,23,43,2,22,9,121.5071616,25.0307119
111,11,19,18,0,2,05中正區,中正區汀州路1段與西藏路口,0,0,1,2,C03,7,3,5,50,4,1,1,5,4,5,7,2,1,2,4,5,1,12,1,27,2,7,1,1,7,5,1,10,2,14,,8,43,1,22,9,121.5071616,25.0307119
111,11,19,18,6,2,07信義區,信義區忠孝東路4段553巷與忠孝東路4段口,0,0,1,1,,8,3,5,50,14,9,1,5,4,5,7,2,1,1,3,5,1,17,4,,4,11,3,4,7,15,7,19,11,15,,43,43,2,22,9,121.5626339,25.041187
111,11,19,18,6,2,07信義區,信義區忠孝東路4段553巷與忠孝東路4段口,0,0,1,2,B03,8,3,5,50,14,9,1,5,4,5,7,2,1,1,3,5,1,17,1,68,2,9,1,1,7,1,1,4,1,1,,19,43,1,22,9,121.5626339,25.041187
111,11,19,18,30,2,08士林區,士林區百齡左岸河濱公園機車考照練習場旁,0,0,1,1,F01,8,3,8,0,15,22,4,5,2,5,7,4,4,10,5,5,2,18,2,67,2,9,1,1,7,15,8,20,1,16,,43,42,1,21,8,121.5136013,25.08301777
111,11,19,18,30,2,08士林區,士林區百齡左岸河濱公園機車考照練習場旁,0,0,1,2,,8,3,8,0,15,22,4,5,2,5,7,4,4,10,5,5,2,18,3,,,,,,,,,,,,,67,42,1,,,121.5136013,25.08301777
111,11,19,18,35,2,09北投區,北投區承德路6段與文林北路口,0,0,1,1,B03,8,3,5,60,3,2,1,5,4,5,7,4,4,1,4,4,2,12,1,69,3,10,1,1,7,8,1,8,11,5,,42,7,2,22,9,121.5116355,25.1095063
111,11,19,18,35,2,09北投區,北投區承德路6段與文林北路口,0,0,1,2,C03,8,3,5,60,3,2,1,5,4,5,7,4,4,1,4,4,2,12,1,27,2,9,1,1,7,9,1,10,1,14,,6,7,1,22,9,121.5116355,25.1095063
111,11,19,18,40,2,03中山區,中山區市民高架道東往西新生上方391燈桿,0,0,1,1,B01,8,3,5,70,10,7,1,5,4,5,7,4,4,1,3,5,2,13,2,35,3,10,1,1,7,9,1,4,1,1,,16,16,1,22,9,121.5307104,25.04613635
111,11,19,18,40,2,03中山區,中山區市民高架道東往西新生上方391燈桿,0,0,1,2,B01,8,3,5,70,10,7,1,5,4,5,7,4,4,1,3,5,2,13,1,53,3,10,1,1,7,9,1,4,1,3,,44,16,1,22,9,121.5307104,25.04613635
111,11,19,18,40,2,03中山區,中山區市民高架道東往西新生上方391燈桿,0,0,1,3,H02,8,3,5,70,10,7,1,5,4,5,7,4,4,1,3,5,2,13,2,57,2,2,4,5,7,20,8,20,10,16,,67,16,1,22,9,121.5307104,25.04613635
111,11,19,19,5,2,04大安區,大安區和平東路1段141巷與永康街75巷口,0,0,1,1,B03,7,3,5,30,4,2,1,5,4,5,7,4,4,10,5,5,2,16,1,35,3,10,1,1,7,7,1,8,1,4,,7,7,1,22,9,121.5243556,25.0267697
111,11,19,19,5,2,04大安區,大安區和平東路1段141巷與永康街75巷口,0,0,1,2,C03,7,3,5,30,4,2,1,5,4,5,7,4,4,10,5,5,2,16,1,29,2,9,1,1,7,9,1,10,1,12,,44,7,1,22,9,121.5243556,25.0267697
111,11,19,20,15,2,05中正區,中正區市民大道3段8號,0,0,1,1,B03,8,3,5,40,14,9,1,5,4,5,7,4,4,1,4,1,2,16,1,35,3,10,1,1,7,8,1,8,2,2,,7,7,1,22,9,121.5321523,25.04558679
111,11,19,20,15,2,05中正區,中正區市民大道3段8號,0,0,1,2,C03,8,3,5,40,14,9,1,5,4,5,7,4,4,1,4,1,2,16,1,36,3,10,1,1,7,9,1,10,2,14,,44,7,1,22,9,121.5321523,25.04558679
111,11,19,20,15,2,05中正區,中正區市民大道3段8號,0,0,1,3,C03,8,3,5,40,14,9,1,5,4,5,7,4,4,1,4,1,2,16,2,33,2,9,1,1,7,9,1,10,2,14,,44,7,1,22,9,121.5321523,25.04558679
111,11,19,20,48,2,05中正區,中正區中山南路與信義路1段口,0,0,1,1,C03,7,3,5,40,5,2,1,5,4,5,7,2,1,1,4,1,2,13,1,29,3,10,1,4,7,9,1,10,2,14,,23,23,1,22,9,121.5180098,25.0384129
111,11,19,20,48,2,05中正區,中正區中山南路與信義路1段口,0,0,1,2,C03,7,3,5,40,5,2,1,5,4,5,7,2,1,1,4,1,2,13,1,36,3,10,1,1,7,14,1,10,2,12,,44,23,1,22,9,121.5180098,25.0384129
111,11,19,20,48,2,05中正區,中正區中山南路與信義路1段口,0,0,1,3,H02,7,3,5,40,5,2,1,5,4,5,7,2,1,1,4,1,2,13,2,34,2,8,4,5,7,20,8,20,10,16,,67,23,1,22,9,121.5180098,25.0384129
111,11,19,21,40,2,06松山區,松山區南京東路5段23巷6弄1號,0,0,3,1,C03,8,3,5,30,14,9,1,5,4,5,7,4,4,9,5,5,2,17,2,29,2,9,1,1,7,9,1,10,1,11,,6,6,1,22,9,121.5580174,25.05216953
111,11,19,21,40,2,06松山區,松山區南京東路5段23巷6弄1號,0,0,3,2,C03,8,3,5,30,14,9,1,5,4,5,7,4,4,9,5,5,2,17,1,32,2,9,1,1,7,9,1,10,1,14,,23,6,1,22,9,121.5580174,25.05216953
111,11,19,21,40,2,06松山區,松山區南京東路5段23巷6弄1號,0,0,3,3,H02,8,3,5,30,14,9,1,5,4,5,7,4,4,9,5,5,2,17,2,31,2,9,4,5,7,20,8,20,10,16,,67,6,1,22,9,121.5580174,25.05216953
111,11,19,21,40,2,06松山區,松山區南京東路5段23巷6弄1號,0,0,3,4,H03,8,3,5,30,14,9,1,5,4,5,7,4,4,9,5,5,2,17,1,59,3,10,4,5,8,20,8,20,10,16,,67,6,1,22,9,121.5580174,25.05216953
111,11,19,21,58,2,03中山區,中山區民族東路與林森北路口,0,0,3,2,C03,7,3,5,50,3,1,1,5,4,5,7,1,1,3,4,5,2,17,1,33,2,9,1,1,7,5,1,10,1,13,,8,23,1,22,9,121.5257369,25.06843268
111,11,19,21,58,2,03中山區,中山區民族東路與林森北路口,0,0,3,1,C03,7,3,5,50,3,1,1,5,4,5,7,1,1,3,4,5,2,17,1,23,2,9,1,1,7,9,1,10,1,14,,23,23,1,22,9,121.5257369,25.06843268
111,11,19,21,58,2,03中山區,中山區民族東路與林森北路口,0,0,3,3,H02,7,3,5,50,3,1,1,5,4,5,7,1,1,3,4,5,2,17,2,33,2,9,1,1,7,20,8,20,10,16,,67,23,1,22,9,121.5257369,25.06843268
111,11,19,22,8,2,04大安區,大安區仁愛路3段與建國南路1段口,0,0,1,1,B12,7,3,5,50,5,1,1,5,4,5,7,1,1,8,3,5,2,3,1,35,3,10,1,1,7,5,1,8,2,15,,15,15,1,22,9,121.5377047,25.0378599
111,11,19,22,8,2,04大安區,大安區仁愛路3段與建國南路1段口,0,0,1,2,H01,7,3,5,50,5,1,1,5,4,5,7,1,1,8,3,5,2,3,2,18,2,9,4,5,8,16,8,20,10,16,,67,15,1,22,9,121.5377047,25.0378599
111,11,19,22,26,2,04大安區,大安區市民大道4段與光復南路72巷23弄口,0,0,2,1,B01,8,3,5,40,5,2,1,5,4,5,7,3,1,1,4,5,2,13,1,65,3,10,1,4,7,8,1,4,1,5,,6,6,1,22,9,121.5568615,25.0447872
111,11,19,22,26,2,04大安區,大安區市民大道4段與光復南路72巷23弄口,0,0,2,2,C03,8,3,5,40,5,2,1,5,4,5,7,3,1,1,4,5,2,13,1,40,2,8,1,4,7,9,1,10,1,13,,23,6,1,22,9,121.5568615,25.0447872
111,11,19,22,26,2,04大安區,大安區市民大道4段與光復南路72巷23弄口,0,0,2,3,H02,8,3,5,40,5,2,1,5,4,5,7,3,1,1,4,5,2,13,1,15,2,8,4,5,7,21,8,20,10,16,,67,6,1,22,9,121.5568615,25.0447872
111,11,19,23,28,2,09北投區,北投區大業路721號旁,0,0,1,1,C03,8,3,5,50,3,1,1,5,4,5,7,4,4,1,4,5,2,17,2,18,2,9,1,1,7,15,1,10,2,12,,23,23,1,18,9,121.5021919,25.1372189
111,11,19,23,28,2,09北投區,北投區大業路721號旁,0,0,1,2,B03,8,3,5,50,3,1,1,5,4,5,7,4,4,1,4,5,2,17,2,38,3,10,3,4,7,13,1,8,11,4,,44,23,1,22,9,121.5021919,25.1372189
111,11,19,23,28,2,09北投區,北投區大業路721號旁,0,0,1,3,B02,8,3,5,50,3,1,1,5,4,5,7,4,4,1,4,5,2,17,1,43,3,10,3,4,7,13,1,8,11,7,,44,23,1,22,9,121.5021919,25.1372189
111,11,20,1,17,2,02萬華區,萬華區西寧南路283號,0,0,1,1,B01,8,3,5,50,14,9,1,5,4,5,7,4,4,9,5,5,2,16,1,46,4,11,3,4,7,5,7,19,11,15,,8,8,2,22,9,121.5063215,25.03889642
111,11,20,1,17,2,02萬華區,萬華區西寧南路283號,0,0,1,2,C03,8,3,5,50,14,9,1,5,4,5,7,4,4,9,5,5,2,16,2,44,2,8,1,4,7,9,1,10,1,12,,23,8,1,22,9,121.5063215,25.03889642
111,11,20,1,55,2,07信義區,信義區松仁路與松高路口,0,0,1,1,C03,8,3,5,50,4,1,1,5,4,5,7,2,1,8,3,5,2,17,1,22,3,10,1,1,7,15,1,10,1,15,,26,26,1,22,9,121.5685027,25.039106
111,11,20,1,55,2,07信義區,信義區松仁路與松高路口,0,0,1,2,C03,8,3,5,50,4,1,1,5,4,5,7,2,1,8,3,5,2,17,1,19,2,9,1,1,7,9,1,10,1,12,,25,26,1,22,9,121.5685027,25.039106
111,11,20,8,0,2,03中山區,中山區樂群一路與敬業三路口,0,0,3,1,B03,8,1,5,50,3,2,1,5,4,5,7,2,1,1,4,5,2,13,1,31,2,9,3,4,7,9,1,8,2,8,,23,23,1,22,9,121.5561555,25.07711227
111,11,20,8,0,2,03中山區,中山區樂群一路與敬業三路口,0,0,3,2,B03,8,1,5,50,3,2,1,5,4,5,7,2,1,1,4,5,2,13,1,45,3,10,3,4,7,14,1,8,2,6,,44,23,1,22,9,121.5561555,25.07711227
111,11,20,8,0,2,03中山區,中山區樂群一路與敬業三路口,0,0,3,3,C03,8,1,5,50,3,2,1,5,4,5,7,2,1,1,4,5,2,13,1,20,2,8,3,4,7,14,1,10,2,13,,44,23,1,22,9,121.5561555,25.07711227
111,11,20,8,0,2,03中山區,中山區樂群一路與敬業三路口,0,0,3,4,H02,8,1,5,50,3,2,1,5,4,5,7,2,1,1,4,5,2,13,1,33,2,9,4,5,7,17,8,20,10,16,,67,23,1,22,9,121.5561555,25.07711227
111,11,20,8,39,2,05中正區,中正區桃源街與寶慶路口,0,0,2,1,C03,8,1,5,50,4,1,1,5,4,5,7,1,1,10,4,5,2,15,1,57,2,8,1,1,7,9,1,10,2,14,,25,25,1,22,9,121.5104131,25.0413367
111,11,20,8,39,2,05中正區,中正區桃源街與寶慶路口,0,0,2,2,C03,8,1,5,50,4,1,1,5,4,5,7,1,1,10,4,5,2,15,2,45,2,9,1,1,7,9,1,10,2,12,,44,25,1,22,9,121.5104131,25.0413367
111,11,20,8,54,2,07信義區,信義區永吉路527號,0,0,1,1,C02,7,1,5,50,14,9,1,5,4,5,7,2,1,1,4,5,1,23,1,22,2,7,3,4,7,9,4,9,1,11,,23,23,1,22,9,121.5804032,25.0453921
111,11,20,8,54,2,07信義區,信義區永吉路527號,0,0,1,2,,7,1,5,50,14,9,1,5,4,5,7,2,1,1,4,5,1,23,3,,,,,,,,,,,,,67,23,1,,,121.5804032,25.0453921
111,11,20,10,20,2,12內湖區,內湖區陽光街與陽光街321巷口,0,0,1,1,C03,7,1,5,50,3,2,1,5,4,5,7,4,4,9,5,5,2,16,1,66,3,10,1,1,7,6,1,10,1,11,,9,9,1,22,9,121.5787766,25.0736225
111,11,20,10,20,2,12內湖區,內湖區陽光街與陽光街321巷口,0,0,1,2,C03,7,1,5,50,3,2,1,5,4,5,7,4,4,9,5,5,2,16,1,62,2,9,1,1,7,9,1,10,1,11,,44,9,1,22,9,121.5787766,25.0736225
111,11,20,10,45,2,12內湖區,內湖區舊宗路2段135巷與瑞湖街口,0,0,1,1,B03,8,1,5,50,3,1,1,5,4,5,7,4,4,5,5,5,2,12,1,41,3,10,1,1,7,6,1,8,1,2,,9,9,1,22,9,121.5764315,25.0696884
111,11,20,10,45,2,12內湖區,內湖區舊宗路2段135巷與瑞湖街口,0,0,1,2,C02,8,1,5,50,3,1,1,5,4,5,7,4,4,5,5,5,2,12,1,32,2,7,1,1,7,9,1,9,1,14,,14,9,1,22,9,121.5764315,25.0696884
111,11,20,10,47,2,08士林區,士林區中山北路6段與中山北路6段290巷口,0,0,1,1,B01,8,1,5,50,3,2,1,5,4,5,7,1,1,1,4,5,2,17,1,49,3,10,1,1,7,11,1,4,1,15,,10,10,1,22,9,121.5254749,25.110369
111,11,20,10,47,2,08士林區,士林區中山北路6段與中山北路6段290巷口,0,0,1,2,C03,8,1,5,50,3,2,1,5,4,5,7,1,1,1,4,5,2,17,2,25,2,8,1,1,7,9,1,10,1,11,,44,10,1,22,9,121.5254749,25.110369
111,11,20,10,49,2,12內湖區,內湖區內湖路1段與內湖路1段288巷口,0,0,1,1,B03,8,1,5,50,3,1,1,5,4,5,7,2,1,9,4,5,2,16,2,33,3,10,1,1,7,9,1,8,2,8,,25,25,1,22,9,121.5683475,25.08221197
111,11,20,10,49,2,12內湖區,內湖區內湖路1段與內湖路1段288巷口,0,0,1,2,C03,8,1,5,50,3,1,1,5,4,5,7,2,1,9,4,5,2,16,1,23,2,9,1,1,7,5,1,10,2,11,,44,25,1,22,9,121.5683475,25.08221197
111,11,20,11,30,2,09北投區,北投區東華街1段與裕民六路口,0,0,1,1,B03,8,1,5,30,14,9,1,5,4,5,7,1,1,9,4,5,2,16,1,73,3,10,1,1,7,6,1,8,1,6,,42,42,1,22,9,121.516871,25.11319327
111,11,20,11,30,2,09北投區,北投區東華街1段與裕民六路口,0,0,1,2,C03,8,1,5,30,14,9,1,5,4,5,7,1,1,9,4,5,2,16,1,59,2,7,1,1,7,9,1,10,1,11,,42,42,1,22,9,121.516871,25.11319327
111,11,20,11,41,2,03中山區,中山區民生西路與中山北路2段口,0,0,1,1,C03,7,1,5,50,4,2,1,5,4,5,7,2,1,5,4,5,2,17,1,83,3,10,1,1,7,6,1,10,2,11,,6,6,1,22,9,121.5227145,25.0577779
111,11,20,11,41,2,03中山區,中山區民生西路與中山北路2段口,0,0,1,2,F01,7,1,5,50,4,2,1,5,4,5,7,2,1,5,4,5,2,17,1,60,2,8,1,1,7,11,8,20,2,16,,26,6,1,22,9,121.5227145,25.0577779
111,11,20,12,14,2,09北投區,北投區大度路1段與怡和巷口,0,0,2,1,B03,8,1,5,30,3,1,1,5,4,5,7,4,4,10,5,5,2,17,1,29,3,10,1,1,7,6,1,8,1,15,,9,9,1,22,9,121.4957895,25.1215797
111,11,20,12,14,2,09北投區,北投區大度路1段與怡和巷口,0,0,2,2,C03,8,1,5,30,3,1,1,5,4,5,7,4,4,10,5,5,2,17,1,44,2,7,1,1,7,9,1,10,1,12,,44,9,1,22,9,121.4957895,25.1215797
111,11,20,12,14,2,09北投區,北投區大度路1段與怡和巷口,0,0,2,3,H02,8,1,5,30,3,1,1,5,4,5,7,4,4,10,5,5,2,17,2,13,2,7,4,5,7,20,8,20,10,16,,67,9,1,22,9,121.4957895,25.1215797
111,11,20,12,25,2,07信義區,信義區永吉路127巷與永吉路127巷11弄口,0,0,1,1,C03,8,1,5,30,4,1,1,5,4,5,7,4,4,10,5,5,2,15,1,26,2,9,1,1,7,9,1,10,1,11,,6,6,1,22,9,121.5703667,25.0462221
111,11,20,12,25,2,07信義區,信義區永吉路127巷與永吉路127巷11弄口,0,0,1,2,B03,8,1,5,30,4,1,1,5,4,5,7,4,4,10,5,5,2,15,1,46,3,10,1,1,7,9,1,8,1,4,,23,6,1,22,9,121.5703667,25.0462221
111,11,20,12,30,2,12內湖區,內湖區內湖路1段230號,0,0,1,1,B03,8,1,5,50,14,9,1,5,4,5,7,2,1,1,4,5,2,17,1,41,3,10,1,1,7,14,1,8,2,2,,44,44,1,22,9,121.5651716,25.08239489
111,11,20,12,30,2,12內湖區,內湖區內湖路1段230號,0,0,1,2,C03,8,1,5,50,14,9,1,5,4,5,7,2,1,1,4,5,2,17,2,33,2,8,1,1,7,9,1,10,2,14,,44,44,1,22,9,121.5651716,25.08239489
111,11,20,12,30,2,12內湖區,內湖區內湖路1段230號,0,0,1,3,H02,8,1,5,50,14,9,1,5,4,5,7,2,1,1,4,5,2,17,2,42,3,10,4,5,7,19,8,20,10,16,,56,44,1,22,9,121.5651716,25.08239489
111,11,20,12,37,2,04大安區,大安區信義路4段265巷與信義路4段265巷12弄口,0,0,1,1,B03,8,1,5,30,3,1,1,5,4,5,7,4,4,10,5,5,1,17,2,66,3,10,3,4,7,5,1,8,1,8,,6,6,1,22,9,121.5544342,25.0342416
111,11,20,12,37,2,04大安區,大安區信義路4段265巷與信義路4段265巷12弄口,0,0,1,2,C03,8,1,5,30,3,1,1,5,4,5,7,4,4,10,5,5,1,17,1,77,2,8,3,4,7,9,1,10,1,11,,14,6,1,22,9,121.5544342,25.0342416
111,11,20,13,0,2,08士林區,士林區平菁街43巷與平菁街42巷口,0,0,1,1,B03,8,1,5,30,4,1,1,5,4,5,7,4,4,10,5,5,1,12,2,52,3,10,1,1,7,9,1,8,1,2,,23,17,1,22,9,121.5733289,25.13107817
111,11,20,13,0,2,08士林區,士林區平菁街43巷與平菁街42巷口,0,0,1,2,C03,8,1,5,30,4,1,1,5,4,5,7,4,4,10,5,5,1,12,1,63,2,9,1,1,7,9,1,10,1,14,,44,17,1,22,9,121.5733289,25.13107817
111,11,20,13,7,2,07信義區,信義區林口街與松山路465巷口口,0,0,1,1,B03,8,1,5,40,3,1,1,5,4,5,7,2,1,9,4,4,1,3,1,42,3,10,3,4,7,5,1,8,2,1,,15,15,1,22,9,121.5791685,25.0395748
111,11,20,13,7,2,07信義區,信義區林口街與松山路465巷口口,0,0,1,2,H01,8,1,5,40,3,1,1,5,4,5,7,2,1,9,4,4,1,3,2,76,2,9,4,5,8,16,8,20,10,16,,67,15,1,22,9,121.5791685,25.0395748
111,11,20,13,38,2,02萬華區,萬華區萬大路與萬大路449巷口,0,0,3,1,C03,8,1,5,30,3,2,1,5,4,5,7,4,4,10,4,5,2,17,2,45,2,8,1,1,7,6,1,10,1,11,,9,9,1,22,9,121.4983436,25.0209983
111,11,20,13,38,2,02萬華區,萬華區萬大路與萬大路449巷口,0,0,3,2,C03,8,1,5,30,3,2,1,5,4,5,7,4,4,10,4,5,2,17,2,38,2,9,1,1,7,9,1,10,1,11,,44,9,1,22,9,121.4983436,25.0209983
111,11,20,13,38,2,02萬華區,萬華區萬大路與萬大路449巷口,0,0,3,3,B03,8,1,5,30,3,2,1,5,4,5,7,4,4,10,4,5,2,17,1,49,3,10,1,1,7,14,1,8,1,6,,44,9,1,22,9,121.4983436,25.0209983
111,11,20,13,38,2,02萬華區,萬華區萬大路與萬大路449巷口,0,0,3,4,H02,8,1,5,30,3,2,1,5,4,5,7,4,4,10,4,5,2,17,1,17,2,7,4,5,7,20,8,20,10,16,,67,9,1,22,9,121.4983436,25.0209983
111,11,20,14,0,2,08士林區,士林區承德路4段與承德路4段179巷口口,0,0,1,1,B03,8,1,5,50,14,9,1,5,4,5,7,3,1,1,4,5,1,13,1,58,3,10,1,1,7,8,1,8,1,7,,7,7,1,22,9,121.5225981,25.0873226
111,11,20,14,0,2,08士林區,士林區承德路4段與承德路4段179巷口口,0,0,1,2,C03,8,1,5,50,14,9,1,5,4,5,7,3,1,1,4,5,1,13,1,21,2,7,1,1,7,9,1,10,1,11,,23,7,1,22,9,121.5225981,25.0873226
111,11,20,14,58,2,07信義區,信義區忠孝東路5段488號,0,0,1,1,C03,8,1,5,50,14,9,1,5,4,5,7,2,1,1,4,5,2,3,1,64,3,10,1,1,7,6,1,10,1,11,,15,15,1,22,8,121.5779467,25.04079389
111,11,20,14,58,2,07信義區,信義區忠孝東路5段488號,0,0,1,2,H01,8,1,5,50,14,9,1,5,4,5,7,2,1,1,4,5,2,3,2,30,2,7,4,5,8,18,8,20,10,16,,67,15,1,22,8,121.5779467,25.04079389
111,11,20,15,24,2,10文山區,文山區光輝路21巷9號,0,0,1,1,C03,8,1,5,50,14,9,2,5,4,5,7,4,4,9,4,5,2,17,2,71,3,10,1,1,7,15,1,10,2,15,,4,4,1,22,9,121.5555616,24.98633379
111,11,20,15,24,2,10文山區,文山區光輝路21巷9號,0,0,1,2,C03,8,1,5,50,14,9,2,5,4,5,7,4,4,9,4,5,2,17,1,18,2,9,1,4,7,9,1,10,2,14,,44,4,1,22,9,121.5555616,24.98633379
111,11,20,15,51,2,07信義區,信義區吳興街284巷22弄與吳興街284巷口,0,0,2,1,C03,8,1,5,30,4,1,1,5,4,5,7,4,4,10,5,5,2,15,2,29,2,9,3,4,7,9,1,10,1,14,,6,6,1,22,9,121.5624334,25.0242526
111,11,20,15,51,2,07信義區,信義區吳興街284巷22弄與吳興街284巷口,0,0,2,2,C03,8,1,5,30,4,1,1,5,4,5,7,4,4,10,5,5,2,15,1,26,2,9,3,4,7,9,1,10,1,11,,14,6,1,22,9,121.5624334,25.0242526
111,11,20,15,51,2,07信義區,信義區吳興街284巷22弄與吳興街284巷口,0,0,2,3,C03,8,1,5,30,4,1,1,5,4,5,7,4,4,10,5,5,2,15,1,33,3,10,3,4,7,13,1,10,1,14,,44,6,1,22,9,121.5624334,25.0242526
111,11,20,15,51,2,07信義區,信義區吳興街284巷22弄與吳興街284巷口,0,0,2,4,,8,1,5,30,4,1,1,5,4,5,7,4,4,10,5,5,2,15,3,,,,,,,,,,,,,67,6,1,,,121.5624334,25.0242526
111,11,20,16,11,2,08士林區,士林區承德路5段與士商路口,0,0,1,1,B01,8,1,5,50,4,1,1,5,4,5,7,2,1,1,4,4,1,3,1,68,4,11,3,4,7,15,7,19,11,15,,15,43,2,22,9,121.5139612,25.09600122