發生年度,發生月,發生日,發生時-Hours,發生分,處理別-編號,區序,肇事地點,死亡人數,2-30日死亡人數,受傷人數,當事人序號,車種,天候,光線,道路類別,速限-速度限制,道路型態,事故位置,路面狀況1,路面狀況2,路面狀況3,道路障礙1,道路障礙2,號誌1,號誌2,車道劃分-分向,車道劃分-分道1,車道劃分-分道2,車道劃分-分道3,事故類型及型態,性別,年齡,受傷程度,主要傷處,安全帽,行動電話,車輛用途,當事者行動狀態,駕駛資格情形,駕駛執照種類,飲酒情形,車輛撞擊部位1,車輛撞擊部位2,肇因碼-個別,肇因碼-主要,個人肇逃否,職業,旅次目的,座標-X,座標-Y
111,11,20,16,11,2,08士林區,士林區承德路5段與士商路口,0,0,1,2,H01,8,1,5,50,4,1,1,5,4,5,7,2,1,1,4,4,1,3,2,65,2,9,4,5,8,16,8,20,10,16,,67,43,1,22,9,121.5139612,25.09600122
111,11,20,16,37,2,03中山區,中山區長春路258巷與長春路258巷2弄口,0,0,1,1,B03,8,1,5,30,4,1,1,5,4,5,7,4,4,10,5,5,2,15,2,37,3,10,3,4,7,9,1,8,1,5,,6,6,1,22,9,121.5384076,25.0543235
111,11,20,16,37,2,03中山區,中山區長春路258巷與長春路258巷2弄口,0,0,1,2,C03,8,1,5,30,4,1,1,5,4,5,7,4,4,10,5,5,2,15,1,59,2,9,3,4,7,9,1,10,1,12,,13,6,1,22,9,121.5384076,25.0543235
111,11,20,16,37,2,03中山區,中山區長春路258巷與長春路258巷2弄口,0,0,1,3,B03,8,1,5,30,4,1,1,5,4,5,7,4,4,10,5,5,2,15,1,62,3,10,3,4,7,14,1,8,9,15,,38,6,1,22,9,121.5384076,25.0543235
111,11,20,17,20,2,03中山區,中山區民權東路2段164號前,0,0,3,1,C03,7,1,5,50,14,9,1,5,4,5,7,4,4,1,4,5,2,13,1,31,2,8,3,4,7,9,1,10,1,11,,16,16,1,22,9,121.5354196,25.0623938
111,11,20,17,20,2,03中山區,中山區民權東路2段164號前,0,0,3,2,C03,7,1,5,50,14,9,1,5,4,5,7,4,4,1,4,5,2,13,1,21,2,8,3,4,7,9,1,10,1,14,,14,16,1,22,9,121.5354196,25.0623938
111,11,20,17,20,2,03中山區,中山區民權東路2段164號前,0,0,3,3,H03,7,1,5,50,14,9,1,5,4,5,7,4,4,1,4,5,2,13,2,22,2,9,4,5,8,20,8,20,10,16,,67,16,1,22,9,121.5354196,25.0623938
111,11,20,17,20,2,05中正區,中正區重慶南路3段與汀州路2段口,0,0,2,1,C03,8,3,5,50,4,1,1,5,4,5,7,1,1,5,5,5,2,12,2,59,2,9,1,1,7,9,1,10,2,14,,17,17,1,22,9,121.5164718,25.025684
111,11,20,17,20,2,05中正區,中正區重慶南路3段與汀州路2段口,0,0,2,2,C03,8,3,5,50,4,1,1,5,4,5,7,1,1,5,5,5,2,12,1,55,2,9,1,1,7,9,1,10,2,12,,17,17,1,22,9,121.5164718,25.025684
111,11,20,17,30,2,09北投區,北投區中和街55號,0,0,1,1,,7,1,5,50,14,9,1,5,4,5,7,4,4,9,4,5,1,29,3,,,,,,,,,,,,,66,66,1,,,121.5021732,25.13858842
111,11,20,17,30,2,09北投區,北投區中和街55號,0,0,1,2,C03,7,1,5,50,14,9,1,5,4,5,7,4,4,9,4,5,1,29,1,66,2,1,1,1,7,9,1,10,1,11,,43,66,1,22,9,121.5021732,25.13858842
111,11,20,17,38,2,03中山區,中山區錦州街410號,0,0,1,1,C03,8,3,5,50,14,9,1,5,4,5,7,4,4,9,5,5,2,17,2,53,2,7,1,1,7,15,1,10,1,13,,43,43,1,22,9,121.5418095,25.0602013
111,11,20,17,38,2,03中山區,中山區錦州街410號,0,0,1,2,C03,8,3,5,50,14,9,1,5,4,5,7,4,4,9,5,5,2,17,1,33,3,10,1,1,7,9,1,10,1,12,,23,43,1,22,9,121.5418095,25.0602013
111,11,20,18,0,2,05中正區,中正區青島東路1號,0,0,1,1,B03,8,3,5,50,14,7,1,5,4,5,7,4,4,8,3,4,2,12,1,46,3,10,1,1,7,11,1,8,2,8,,10,10,1,22,9,121.5203582,25.04426324
111,11,20,18,0,2,05中正區,中正區青島東路1號,0,0,1,2,C03,8,3,5,50,14,7,1,5,4,5,7,4,4,8,3,4,2,12,1,27,2,9,1,1,7,9,1,10,2,11,,44,10,1,22,9,121.5203582,25.04426324
111,11,20,18,4,2,02萬華區,萬華區西園路1段與大理街口,0,0,1,1,B01,7,3,5,50,4,1,1,5,4,5,7,1,1,1,4,4,2,16,1,64,3,10,1,1,7,5,1,4,1,2,,6,6,1,22,9,121.4986559,25.03440952
111,11,20,18,4,2,02萬華區,萬華區西園路1段與大理街口,0,0,1,2,C03,7,3,5,50,4,1,1,5,4,5,7,1,1,1,4,4,2,16,1,22,2,7,1,1,7,9,1,10,1,11,,44,6,1,22,9,121.4986559,25.03440952
111,11,20,18,36,2,09北投區,北投區關渡河堤(關渡防潮堤便道)關渡(八仙)152號燈桿,0,0,1,1,B12,8,3,5,30,11,9,1,5,4,5,1,4,4,10,5,5,1,11,2,22,3,10,1,1,7,15,1,8,2,8,,23,23,1,22,9,121.4646238,25.1159297
111,11,20,18,36,2,09北投區,北投區關渡河堤(關渡防潮堤便道)關渡(八仙)152號燈桿,0,0,1,2,C04,8,3,5,30,11,9,1,5,4,5,1,4,4,10,5,5,1,11,1,42,2,9,1,1,7,15,1,10,2,11,,23,23,1,22,9,121.4646238,25.1159297
111,11,20,18,43,2,10文山區,文山區木新路2段161巷24弄與無名巷口,0,0,1,1,B03,8,3,5,30,3,1,1,5,4,5,7,4,4,10,5,5,2,16,1,54,3,10,1,1,7,5,1,8,1,1,,8,8,1,22,9,121.569005,24.982394
111,11,20,18,43,2,10文山區,文山區木新路2段161巷24弄與無名巷口,0,0,1,2,C03,8,3,5,30,3,1,1,5,4,5,7,4,4,10,5,5,2,16,1,26,2,9,1,1,7,9,1,10,1,14,,13,8,1,22,9,121.569005,24.982394
111,11,20,19,7,2,08士林區,士林區中正路與士商路口,0,0,2,1,C03,7,3,5,50,5,2,1,5,4,5,7,1,1,1,4,5,2,17,1,20,2,8,1,1,7,5,1,10,1,12,,8,8,1,22,9,121.5187127,25.09238842
111,11,20,19,7,2,08士林區,士林區中正路與士商路口,0,0,2,2,C03,7,3,5,50,5,2,1,5,4,5,7,1,1,1,4,5,2,17,1,34,2,9,1,1,7,9,1,10,1,11,,44,8,1,22,9,121.5187127,25.09238842
111,11,20,19,50,2,04大安區,大安區忠孝東路4段與忠孝東路4段49巷口,0,0,1,1,B03,8,3,5,50,3,1,1,5,4,5,7,4,4,1,4,5,2,16,2,25,3,10,3,4,7,6,1,8,1,5,,9,9,1,22,9,121.5453366,25.0417183
111,11,20,19,50,2,04大安區,大安區忠孝東路4段與忠孝東路4段49巷口,0,0,1,2,C03,8,3,5,50,3,1,1,5,4,5,7,4,4,1,4,5,2,16,1,26,2,8,3,4,7,9,1,10,1,14,,44,9,1,22,9,121.5453366,25.0417183
111,11,20,19,58,2,01大同區,大同區民生西路與萬全街口,0,0,1,1,B01,7,3,5,50,4,2,1,5,4,5,7,1,1,5,2,5,2,17,2,46,3,10,1,1,7,5,1,4,1,4,,8,8,1,22,9,121.5205862,25.0576525
111,11,20,19,58,2,01大同區,大同區民生西路與萬全街口,0,0,1,2,C03,7,3,5,50,4,2,1,5,4,5,7,1,1,5,2,5,2,17,1,36,2,9,1,1,7,9,1,10,1,12,,26,8,1,22,9,121.5205862,25.0576525
111,11,20,20,40,2,10文山區,文山區指南路1段與木新路2段口,0,0,1,1,B02,8,3,5,50,4,1,1,5,4,5,7,1,1,5,4,5,2,17,1,22,3,10,3,4,7,5,1,8,2,1,,6,6,1,22,9,121.5706522,24.98772488
111,11,20,20,40,2,10文山區,文山區指南路1段與木新路2段口,0,0,1,2,C03,8,3,5,50,4,1,1,5,4,5,7,1,1,5,4,5,2,17,1,18,2,9,3,4,7,9,1,10,2,11,,42,6,1,22,9,121.5706522,24.98772488
111,11,20,21,15,2,04大安區,大安區忠孝東路4段341號,0,0,1,1,C03,8,3,5,0,14,20,1,5,4,5,7,4,4,1,5,5,2,9,1,30,4,11,3,4,7,15,7,19,11,15,,42,42,2,22,9,121.5573394,25.0415187
111,11,20,21,15,2,04大安區,大安區忠孝東路4段341號,0,0,1,2,H01,8,3,5,0,14,20,1,5,4,5,7,4,4,1,5,5,2,9,1,3,2,8,4,5,8,16,8,20,10,16,,67,42,1,22,9,121.5573394,25.0415187
111,11,20,21,17,2,08士林區,士林區天母東路第48號停車格,0,0,1,1,B02,7,3,5,50,14,9,1,5,4,5,7,4,4,1,4,5,1,17,1,52,3,10,1,1,7,1,1,8,1,8,,19,19,1,21,8,121.5383181,25.1182502
111,11,20,21,17,2,08士林區,士林區天母東路第48號停車格,0,0,1,2,C03,7,3,5,50,14,9,1,5,4,5,7,4,4,1,4,5,1,17,1,19,2,9,1,1,7,9,1,10,1,11,,44,19,1,21,8,121.5383181,25.1182502
111,11,20,22,1,2,01大同區,大同區延平北路3段4號,0,0,1,1,B03,7,3,5,50,14,9,1,5,4,5,7,4,4,5,2,5,2,14,1,67,3,10,1,1,7,2,1,8,1,3,,12,12,1,22,9,121.5111006,25.0635493
111,11,20,22,1,2,01大同區,大同區延平北路3段4號,0,0,1,2,C03,7,3,5,50,14,9,1,5,4,5,7,4,4,5,2,5,2,14,2,19,2,8,1,1,7,15,1,10,1,14,,26,12,1,22,9,121.5111006,25.0635493
111,11,20,22,11,2,08士林區,士林區格致路7號,0,0,1,1,B03,6,3,5,30,14,9,1,4,4,5,7,4,4,10,5,5,2,17,1,23,3,10,1,1,7,11,1,8,1,8,,10,8,1,22,9,121.5463908,25.13700558
111,11,20,22,11,2,08士林區,士林區格致路7號,0,0,1,2,C03,6,3,5,30,14,9,1,4,4,5,7,4,4,10,5,5,2,17,1,21,2,8,2,1,7,9,1,10,1,11,,14,8,1,22,9,121.5463908,25.13700558
111,11,20,22,46,2,03中山區,中山區復興北路與錦州街口,0,0,1,1,B01,8,3,5,50,4,1,1,5,4,5,7,1,1,1,4,5,2,16,1,62,3,10,3,4,7,5,1,4,1,2,,8,8,1,22,9,121.5440908,25.06019084
111,11,20,22,46,2,03中山區,中山區復興北路與錦州街口,0,0,1,2,C03,8,3,5,50,4,1,1,5,4,5,7,1,1,1,4,5,2,16,1,21,2,9,1,1,7,9,1,10,1,11,,13,8,1,22,9,121.5440908,25.06019084
111,11,21,7,1,2,02萬華區,萬華區和平西路3段與和平西路3段88巷口,0,0,2,2,C03,8,1,5,50,4,1,1,5,4,5,7,1,1,1,4,5,2,17,2,60,2,1,1,1,7,9,4,8,1,11,,44,9,1,22,9,121.5022813,25.0351166
111,11,21,7,1,2,02萬華區,萬華區和平西路3段與和平西路3段88巷口,0,0,2,1,F03,8,1,5,50,4,1,1,5,4,5,7,1,1,1,4,5,2,17,1,70,2,9,1,1,7,6,8,20,1,15,,9,9,1,22,9,121.5022813,25.0351166
111,11,21,8,11,2,04大安區,大安區忠孝東路4段216巷45號與仁愛路4段345巷4弄口,0,0,1,1,F01,8,1,5,30,4,2,1,5,4,5,7,4,4,10,5,5,1,17,1,39,2,9,1,1,7,9,8,20,1,16,,6,6,1,22,9,121.5529858,25.0390661
111,11,21,8,11,2,04大安區,大安區忠孝東路4段216巷45號與仁愛路4段345巷4弄口,0,0,1,2,B01,8,1,5,30,4,2,1,5,4,5,7,4,4,10,5,5,1,17,1,63,3,10,3,1,7,6,1,8,1,1,,44,6,1,22,9,121.5529858,25.0390661
111,11,21,8,14,2,09北投區,北投區承德路7段與吉利街口對面,0,0,1,1,C03,8,1,5,60,14,7,1,5,4,5,7,4,4,1,4,4,2,13,1,37,2,9,1,1,7,7,1,9,1,11,,7,7,1,22,9,121.5032786,25.1177723
111,11,21,8,14,2,09北投區,北投區承德路7段與吉利街口對面,0,0,1,2,B03,8,1,5,60,14,7,1,5,4,5,7,4,4,1,4,4,2,13,1,48,3,10,1,1,7,14,1,8,1,7,,44,7,1,22,9,121.5032786,25.1177723
111,11,21,8,14,2,09北投區,北投區承德路7段與吉利街口對面,0,0,1,3,B03,8,1,5,60,14,7,1,5,4,5,7,4,4,1,4,4,2,13,1,43,3,10,1,1,7,9,1,8,1,5,,44,7,1,22,9,121.5032786,25.1177723
111,11,21,8,21,2,12內湖區,內湖區民權東路6段45號前,0,0,2,1,C03,8,1,5,50,14,7,1,5,4,5,7,4,4,1,4,4,2,12,1,22,2,9,1,1,7,7,1,10,2,14,,7,7,1,22,9,121.5863903,25.06899657
111,11,21,8,21,2,12內湖區,內湖區民權東路6段45號前,0,0,2,2,C03,8,1,5,50,14,7,1,5,4,5,7,4,4,1,4,4,2,12,1,22,2,9,1,1,7,9,1,10,2,12,,23,7,1,22,9,121.5863903,25.06899657
111,11,21,8,21,2,12內湖區,內湖區民權東路6段45號前,0,0,2,3,B01,8,1,5,50,14,7,1,5,4,5,7,4,4,1,4,4,2,12,1,37,3,10,1,4,7,9,1,4,2,2,,44,7,1,22,9,121.5863903,25.06899657
111,11,21,8,21,2,12內湖區,內湖區民權東路6段45號前,0,0,2,4,B03,8,1,5,50,14,7,1,5,4,5,7,4,4,1,4,4,2,12,1,48,3,10,3,4,7,9,1,8,2,4,,44,7,1,22,9,121.5863903,25.06899657
111,11,21,8,25,2,12內湖區,內湖區潭美街與安康路22巷口,0,0,1,1,B11,7,1,5,40,3,2,1,5,4,5,7,4,4,9,5,5,2,12,1,38,3,10,1,1,7,9,1,4,2,2,,44,44,1,22,9,121.5940912,25.06103518
111,11,21,8,25,2,12內湖區,內湖區潭美街與安康路22巷口,0,0,1,2,C03,7,1,5,40,3,2,1,5,4,5,7,4,4,9,5,5,2,12,2,26,2,7,1,1,7,9,1,10,2,14,,23,44,1,22,9,121.5940912,25.06103518
111,11,21,8,35,2,08士林區,士林區大南路與承德路4段口,0,0,1,1,B03,8,1,5,50,4,1,1,5,4,5,7,2,1,5,5,5,2,11,1,21,3,10,1,4,7,5,1,8,1,1,,8,8,1,22,9,121.5217077,25.08883246
111,11,21,8,35,2,08士林區,士林區大南路與承德路4段口,0,0,1,2,C03,8,1,5,50,4,1,1,5,4,5,7,2,1,5,5,5,2,11,1,70,2,9,1,4,7,9,1,10,1,14,,44,8,1,22,9,121.5217077,25.08883246
111,11,21,8,40,2,12內湖區,內湖區內湖路1段91巷24弄與內湖路1段91巷口,0,0,2,1,C03,7,1,5,30,3,1,1,5,4,5,7,4,4,10,5,5,2,15,1,45,2,9,1,1,7,9,4,8,2,11,,23,23,1,22,9,121.5616496,25.08504968
111,11,21,8,40,2,12內湖區,內湖區內湖路1段91巷24弄與內湖路1段91巷口,0,0,2,2,C03,7,1,5,30,3,1,1,5,4,5,7,4,4,10,5,5,2,15,2,71,2,9,1,1,7,9,4,11,2,14,,6,23,1,22,9,121.5616496,25.08504968
111,11,21,8,45,2,03中山區,中山區復興北路164號,0,0,1,1,C03,8,1,5,50,14,9,1,5,4,5,7,4,4,1,4,5,2,13,2,36,3,10,1,1,7,15,1,10,1,11,,23,16,1,22,9,121.5439839,25.05346677
111,11,21,8,45,2,03中山區,中山區復興北路164號,0,0,1,2,C03,8,1,5,50,14,9,1,5,4,5,7,4,4,1,4,5,2,13,2,53,2,9,1,1,7,15,1,10,1,13,,44,16,1,22,9,121.5439839,25.05346677
111,11,21,9,20,2,08士林區,士林區仰德大道1段110號,0,0,1,1,C03,8,1,5,40,14,9,1,5,4,5,7,1,1,4,5,5,1,13,1,19,2,9,1,1,7,9,1,10,1,11,,23,23,1,22,9,121.536762,25.10803001
111,11,21,9,20,2,08士林區,士林區仰德大道1段110號,0,0,1,2,B12,8,1,5,40,14,9,1,5,4,5,7,1,1,4,5,5,1,13,1,54,3,10,1,1,7,9,1,8,1,3,,44,23,1,22,9,121.536762,25.10803001
111,11,21,9,25,2,01大同區,大同區安西街與涼州街口,0,0,1,1,C03,8,1,5,30,4,1,1,5,4,5,7,4,4,9,4,5,2,15,2,47,2,9,1,1,7,9,1,10,2,11,,6,6,1,22,9,121.5099179,25.0605779
111,11,21,9,25,2,01大同區,大同區安西街與涼州街口,0,0,1,2,B03,8,1,5,30,4,1,1,5,4,5,7,4,4,9,4,5,2,15,1,59,3,10,1,1,7,9,1,8,2,4,,14,6,1,22,9,121.5099179,25.0605779
111,11,21,9,45,2,05中正區,中正區汀州路1段與寧波西街口,0,0,3,1,C03,8,1,5,50,4,1,1,5,4,5,7,1,1,5,5,5,2,16,1,42,2,9,1,1,7,5,1,10,2,12,,25,25,1,22,9,121.5109142,25.02707749
111,11,21,9,45,2,05中正區,中正區汀州路1段與寧波西街口,0,0,3,2,C03,8,1,5,50,4,1,1,5,4,5,7,1,1,5,5,5,2,16,1,40,2,7,1,1,7,9,1,10,2,11,,25,25,1,22,9,121.5109142,25.02707749
111,11,21,9,45,2,05中正區,中正區汀州路1段與寧波西街口,0,0,3,3,H02,8,1,5,50,4,1,1,5,4,5,7,1,1,5,5,5,2,16,2,41,2,9,1,1,7,20,8,20,10,16,,67,25,1,22,9,121.5109142,25.02707749
111,11,21,10,30,2,08士林區,士林區中山北路6段126號與無名巷口無名巷,0,0,1,1,C03,8,1,5,50,3,1,1,5,4,5,7,4,4,1,4,5,2,13,2,29,2,9,1,1,7,9,1,10,1,11,,16,16,1,22,9,121.5248575,25.10561752
111,11,21,10,30,2,08士林區,士林區中山北路6段126號與無名巷口無名巷,0,0,1,2,B01,8,1,5,50,3,1,1,5,4,5,7,4,4,1,4,5,2,13,1,39,3,10,3,4,7,9,1,4,1,6,,44,16,1,22,9,121.5248575,25.10561752
111,11,21,10,30,2,12內湖區,內湖區內湖路1段741號,0,0,1,1,B03,7,1,5,50,14,9,1,5,4,5,7,4,4,1,4,5,2,12,1,27,3,10,1,1,7,7,1,8,2,4,,7,7,1,22,9,121.5785279,25.07881579
111,11,21,10,30,2,12內湖區,內湖區內湖路1段741號,0,0,1,2,C03,7,1,5,50,14,9,1,5,4,5,7,4,4,1,4,5,2,12,1,27,2,9,1,1,7,4,1,10,11,12,,23,7,1,22,9,121.5785279,25.07881579
111,11,21,10,33,2,04大安區,大安區愛國東路35號,0,0,1,1,B03,8,1,5,50,14,9,1,5,4,5,7,3,1,1,4,4,2,17,1,31,3,10,1,1,7,1,1,4,2,4,,19,19,1,22,9,121.5256527,25.03193648
111,11,21,10,33,2,04大安區,大安區愛國東路35號,0,0,1,2,C03,8,1,5,50,14,9,1,5,4,5,7,3,1,1,4,4,2,17,1,34,2,9,1,2,7,9,1,10,2,11,,23,19,1,22,9,121.5256527,25.03193648
111,11,21,10,55,2,04大安區,大安區和平東路2段與和平東路2段62巷口,0,0,1,1,C03,8,1,5,50,4,1,1,5,4,5,7,2,1,1,4,5,1,12,1,79,2,9,3,4,7,7,3,18,2,14,,7,7,1,22,9,121.5387063,25.0254902
111,11,21,10,55,2,04大安區,大安區和平東路2段與和平東路2段62巷口,0,0,1,2,B03,8,1,5,50,4,1,1,5,4,5,7,2,1,1,4,5,1,12,1,58,3,10,3,4,7,9,1,8,2,2,,44,7,1,22,9,121.5387063,25.0254902
111,11,21,11,2,2,05中正區,中正區中山南路與凱達格蘭大道口,0,0,1,1,B02,8,1,5,50,5,1,1,5,4,5,7,1,1,1,1,1,2,13,1,42,3,10,1,1,7,9,1,10,1,1,,43,43,1,22,9,121.517254,25.0391471
111,11,21,11,2,2,05中正區,中正區中山南路與凱達格蘭大道口,0,0,1,2,C03,8,1,5,50,5,1,1,5,4,5,7,1,1,1,1,1,2,13,2,41,2,6,1,1,7,14,1,10,1,13,,43,43,1,22,9,121.517254,25.0391471
111,11,21,11,18,2,10文山區,文山區木新路3段與木新路3段95巷口,0,0,1,1,C03,8,1,5,50,3,2,1,5,4,5,7,4,4,9,4,5,1,17,2,66,2,9,1,1,7,5,1,10,1,11,,8,8,1,22,9,121.562824,24.9821681
111,11,21,11,18,2,10文山區,文山區木新路3段與木新路3段95巷口,0,0,1,2,B01,8,1,5,50,3,2,1,5,4,5,7,4,4,9,4,5,1,17,1,46,3,10,1,1,7,9,1,4,1,4,,44,8,1,22,9,121.562824,24.9821681
111,11,21,11,25,2,06松山區,松山區富錦街359巷2弄18號,0,0,1,1,C03,8,1,5,30,14,9,1,5,4,5,7,4,4,10,5,5,2,17,1,69,2,6,1,1,7,1,1,10,1,14,,19,42,1,22,9,121.5588777,25.06126121
111,11,21,11,25,2,06松山區,松山區富錦街359巷2弄18號,0,0,1,2,B03,8,1,5,30,14,9,1,5,4,5,7,4,4,10,5,5,2,17,1,71,3,10,1,1,7,1,1,8,1,5,,19,42,1,22,9,121.5588777,25.06126121
111,11,21,11,25,2,10文山區,文山區保儀路14號,0,0,1,1,A02,8,1,5,50,14,9,2,5,4,5,7,4,4,5,4,5,2,9,1,54,3,10,3,1,7,1,1,2,1,15,,44,44,1,22,9,121.5685582,24.98858846
111,11,21,11,25,2,10文山區,文山區保儀路14號,0,0,1,2,H01,8,1,5,50,14,9,2,5,4,5,7,4,4,5,4,5,2,9,2,72,3,10,4,5,8,16,8,20,10,15,,67,44,1,22,9,121.5685582,24.98858846
111,11,21,11,25,2,10文山區,文山區保儀路14號,0,0,1,3,H02,8,1,5,50,14,9,2,5,4,5,7,4,4,5,4,5,2,9,2,87,2,9,4,5,7,20,8,20,10,16,,67,44,1,22,9,121.5685582,24.98858846
111,11,21,11,26,2,04大安區,大安區大安路1段與敦化南路1段236巷口,0,0,1,1,B03,8,1,5,30,4,1,1,5,4,3,5,4,4,10,4,5,1,15,1,81,3,10,1,4,7,9,1,8,1,1,,6,6,1,22,9,121.5461085,25.0405821
111,11,21,11,26,2,04大安區,大安區大安路1段與敦化南路1段236巷口,0,0,1,2,C03,8,1,5,30,4,1,1,5,4,3,5,4,4,10,4,5,1,15,2,23,2,8,1,4,7,9,1,10,1,12,,44,6,1,22,9,121.5461085,25.0405821
111,11,21,11,31,2,09北投區,北投區大業路37號,0,0,1,1,B03,8,1,5,50,14,9,1,5,4,5,7,4,4,9,4,5,2,16,1,22,3,10,1,1,7,7,1,8,2,7,,7,7,1,22,9,121.4992675,25.12256658
111,11,21,11,31,2,09北投區,北投區大業路37號,0,0,1,2,C03,8,1,5,50,14,9,1,5,4,5,7,4,4,9,4,5,2,16,1,27,2,8,1,1,7,9,1,10,2,12,,44,7,1,22,9,121.4992675,25.12256658
111,11,21,11,34,2,05中正區,中正區杭州南路1段139-1號,0,0,1,1,B03,8,1,5,50,14,9,1,5,4,5,7,4,4,10,4,5,2,16,1,69,3,10,1,1,7,9,1,8,2,4,,17,17,1,22,9,121.5246365,25.03621676
111,11,21,11,34,2,05中正區,中正區杭州南路1段139-1號,0,0,1,2,C03,8,1,5,50,14,9,1,5,4,5,7,4,4,10,4,5,2,16,1,71,2,8,1,1,7,10,1,10,2,12,,7,17,1,22,9,121.5246365,25.03621676
111,11,21,11,52,2,09北投區,北投區承德路6段與承德路6段331巷口,0,0,1,1,C03,8,1,5,30,3,1,1,5,4,5,7,3,1,1,5,5,2,16,1,60,2,8,1,1,7,11,1,10,1,11,,26,26,1,22,9,121.5118602,25.1056843
111,11,21,11,52,2,09北投區,北投區承德路6段與承德路6段331巷口,0,0,1,2,B02,8,1,5,30,3,1,1,5,4,5,7,3,1,1,5,5,2,16,2,53,3,10,1,1,7,9,1,8,1,5,,44,26,1,22,9,121.5118602,25.1056843
111,11,21,12,0,2,06松山區,松山區復興北路與民生東路3段口,0,0,1,1,C03,8,1,5,50,4,1,1,5,4,5,7,2,1,3,4,5,2,13,1,18,2,9,1,4,7,9,1,10,1,11,,16,16,1,22,9,121.5442444,25.05767978
111,11,21,12,0,2,06松山區,松山區復興北路與民生東路3段口,0,0,1,2,B03,8,1,5,50,4,1,1,5,4,5,7,2,1,3,4,5,2,13,1,69,3,10,3,4,7,15,1,8,1,6,,44,16,1,22,9,121.5442444,25.05767978
111,11,21,12,23,2,04大安區,大安區師大路31號,0,0,2,1,C03,8,1,5,50,14,9,1,5,4,5,7,4,4,9,4,5,2,17,1,20,2,9,1,1,7,11,1,10,2,14,,10,10,1,22,9,121.5285239,25.02494523
111,11,21,12,23,2,04大安區,大安區師大路31號,0,0,2,2,C03,8,1,5,50,14,9,1,5,4,5,7,4,4,9,4,5,2,17,1,21,2,8,1,1,7,9,1,10,2,11,,13,10,1,22,9,121.5285239,25.02494523
111,11,21,12,27,2,06松山區,松山區市民大道4段71號,0,0,1,1,B03,8,1,5,40,14,6,1,5,4,5,7,4,4,1,4,5,2,13,1,36,3,10,1,1,7,11,1,8,1,8,,23,23,1,22,9,121.5469653,25.04517729
111,11,21,12,27,2,06松山區,松山區市民大道4段71號,0,0,1,2,C03,8,1,5,40,14,6,1,5,4,5,7,4,4,1,4,5,2,13,1,36,2,7,1,1,7,14,1,10,1,12,,44,23,1,22,9,121.5469653,25.04517729
111,11,21,12,40,2,06松山區,松山區富錦街492號,0,0,2,1,B01,8,1,5,50,14,9,1,5,4,5,7,4,4,5,4,5,2,12,1,59,3,10,1,4,7,11,1,4,1,4,,10,10,1,22,9,121.5637731,25.06096921
111,11,21,12,40,2,06松山區,松山區富錦街492號,0,0,2,2,C03,8,1,5,50,14,9,1,5,4,5,7,4,4,5,4,5,2,12,2,64,2,9,1,1,7,9,1,10,1,12,,44,10,1,22,9,121.5637731,25.06096921
111,11,21,12,40,2,06松山區,松山區富錦街492號,0,0,2,3,H02,8,1,5,50,14,9,1,5,4,5,7,4,4,5,4,5,2,12,2,69,2,9,1,5,7,20,8,20,10,16,,67,10,1,22,9,121.5637731,25.06096921
111,11,21,12,42,2,03中山區,中山區南京東路2段與松江路口,0,0,1,1,B03,8,1,5,40,4,1,1,5,4,5,7,1,1,1,4,4,2,16,1,63,3,10,3,4,7,7,1,8,1,8,,6,6,1,22,9,121.5331572,25.05212544
111,11,21,12,42,2,03中山區,中山區南京東路2段與松江路口,0,0,1,2,C03,8,1,5,40,4,1,1,5,4,5,7,1,1,1,4,4,2,16,2,30,2,9,1,1,7,9,1,10,1,12,,44,6,1,22,9,121.5331572,25.05212544
111,11,21,13,7,2,04大安區,大安區市民大道3段與建國南路1段口,0,0,2,1,C03,8,1,5,40,4,1,1,5,4,5,7,2,1,1,4,4,1,12,2,58,2,9,3,4,7,10,1,10,2,14,,7,7,1,22,9,121.5361576,25.0447028
111,11,21,13,7,2,04大安區,大安區市民大道3段與建國南路1段口,0,0,2,2,C03,8,1,5,40,4,1,1,5,4,5,7,2,1,1,4,4,1,12,2,20,2,9,3,4,7,9,1,10,2,15,,13,7,1,22,9,121.5361576,25.0447028
111,11,21,13,10,2,03中山區,中山區中山北路1段與中山北路1段126巷口,0,0,1,1,C03,8,1,5,50,3,2,1,5,4,5,7,4,4,1,4,5,2,17,1,47,3,10,3,4,7,9,1,10,1,13,,44,44,1,22,9,121.5220936,25.05105183
111,11,21,13,10,2,03中山區,中山區中山北路1段與中山北路1段126巷口,0,0,1,2,C03,8,1,5,50,3,2,1,5,4,5,7,4,4,1,4,5,2,17,1,51,2,9,1,4,7,9,1,9,1,11,,16,44,1,22,9,121.5220936,25.05105183
111,11,21,13,10,2,03中山區,中山區中山北路1段與中山北路1段126巷口,0,0,1,3,A04,8,1,5,50,3,2,1,5,4,5,7,4,4,1,4,5,2,17,1,55,3,10,3,4,7,1,1,2,1,15,,19,44,1,22,9,121.5220936,25.05105183
111,11,21,13,10,2,03中山區,中山區中山北路1段與中山北路1段126巷口,0,0,1,4,C03,8,1,5,50,3,2,1,5,4,5,7,4,4,1,4,5,2,17,1,59,4,11,3,4,7,15,7,19,11,15,,43,44,2,22,9,121.5220936,25.05105183