發生年度,發生月,發生日,發生時-Hours,發生分,處理別-編號,區序,肇事地點,死亡人數,2-30日死亡人數,受傷人數,當事人序號,車種,天候,光線,道路類別,速限-速度限制,道路型態,事故位置,路面狀況1,路面狀況2,路面狀況3,道路障礙1,道路障礙2,號誌1,號誌2,車道劃分-分向,車道劃分-分道1,車道劃分-分道2,車道劃分-分道3,事故類型及型態,性別,年齡,受傷程度,主要傷處,安全帽,行動電話,車輛用途,當事者行動狀態,駕駛資格情形,駕駛執照種類,飲酒情形,車輛撞擊部位1,車輛撞擊部位2,肇因碼-個別,肇因碼-主要,個人肇逃否,職業,旅次目的,座標-X,座標-Y
111,11,21,13,30,2,04大安區,大安區復興南路2段210巷與和平東路2段175巷口,0,0,1,1,B12,8,1,5,30,4,1,1,5,4,5,7,4,4,10,5,5,1,15,1,46,3,10,1,4,7,9,1,3,1,8,,6,6,1,22,9,121.5418041,25.0265547
111,11,21,13,30,2,04大安區,大安區復興南路2段210巷與和平東路2段175巷口,0,0,1,2,C03,8,1,5,30,4,1,1,5,4,5,7,4,4,10,5,5,1,15,1,41,2,7,1,4,7,9,1,10,1,11,,13,6,1,22,9,121.5418041,25.0265547
111,11,21,13,45,2,11南港區,南港區三重路66號對面,0,0,1,1,B12,7,1,5,50,14,9,1,5,4,5,7,4,4,9,4,5,2,16,1,47,3,10,1,1,7,1,1,8,1,4,,19,19,1,21,8,121.6139772,25.0565906
111,11,21,13,45,2,11南港區,南港區三重路66號對面,0,0,1,2,C03,7,1,5,50,14,9,1,5,4,5,7,4,4,9,4,5,2,16,1,37,2,8,1,1,7,9,1,10,1,12,,44,19,1,21,8,121.6139772,25.0565906
111,11,21,13,55,2,11南港區,南港區南港路3段133號,0,0,1,1,C02,8,1,5,50,14,12,1,5,4,5,7,4,4,8,3,4,2,18,1,40,2,9,1,4,7,9,1,9,2,14,,20,20,1,22,9,121.5861869,25.05282203
111,11,21,13,55,2,11南港區,南港區南港路3段133號,0,0,1,2,,8,1,5,50,14,12,1,5,4,5,7,4,4,8,3,4,2,18,3,,,,,,,,,,,,,67,20,1,,,121.5861869,25.05282203
111,11,21,14,20,2,09北投區,北投區磺港路與大興街口,0,0,1,1,C03,8,1,5,50,4,1,1,5,4,5,7,2,1,5,5,5,1,16,1,60,2,9,1,1,7,5,1,10,1,12,,6,6,1,22,9,121.5036823,25.1308949
111,11,21,14,20,2,09北投區,北投區磺港路與大興街口,0,0,1,2,C03,8,1,5,50,4,1,1,5,4,5,7,2,1,5,5,5,1,16,1,23,3,10,1,1,7,9,1,10,1,11,,23,6,1,22,9,121.5036823,25.1308949
111,11,21,15,10,2,12內湖區,內湖區民權大橋(東往西向第40號燈桿),0,0,1,1,C03,8,1,5,40,14,11,1,5,4,5,7,4,4,1,4,5,2,12,1,39,3,10,1,1,7,9,1,10,1,11,,44,16,1,22,9,121.5719639,25.06479519
111,11,21,15,10,2,12內湖區,內湖區民權大橋(東往西向第40號燈桿),0,0,1,2,C04,8,1,5,40,14,11,1,5,4,5,7,4,4,1,4,5,2,12,2,70,2,9,1,1,7,9,1,8,1,12,,42,16,1,22,9,121.5719639,25.06479519
111,11,21,15,19,2,07信義區,信義區松智路1號,0,0,1,1,B12,8,1,5,50,14,9,1,5,4,5,7,2,1,5,4,5,2,13,1,43,3,10,1,1,7,9,1,8,2,1,,23,23,1,22,8,121.5655002,25.03904282
111,11,21,15,19,2,07信義區,信義區松智路1號,0,0,1,2,B12,8,1,5,50,14,9,1,5,4,5,7,2,1,5,4,5,2,13,1,63,2,3,1,1,7,14,1,8,2,3,,44,23,1,22,8,121.5655002,25.03904282
111,11,21,15,25,2,03中山區,中山區八德路2段與復興南路1段口,0,0,1,1,B03,8,1,5,50,4,1,1,5,4,5,7,2,1,5,4,5,2,12,2,48,3,10,3,4,7,6,1,8,1,2,,9,9,1,22,9,121.5438537,25.0475021
111,11,21,15,25,2,03中山區,中山區八德路2段與復興南路1段口,0,0,1,2,C03,8,1,5,50,4,1,1,5,4,5,7,2,1,5,4,5,2,12,1,23,2,9,1,4,7,9,1,10,1,14,,44,9,1,22,9,121.5438537,25.0475021
111,11,21,15,36,2,02萬華區,萬華區莒光路222號,0,0,1,1,F01,8,1,5,50,14,9,1,5,4,5,7,4,4,1,5,5,2,17,2,69,3,10,1,1,7,9,8,20,1,16,,30,30,1,22,9,121.5002077,25.03122509
111,11,21,15,36,2,02萬華區,萬華區莒光路222號,0,0,1,2,C03,8,1,5,50,14,9,1,5,4,5,7,4,4,1,5,5,2,17,2,31,2,9,1,1,7,9,1,10,1,11,,44,30,1,22,9,121.5002077,25.03122509
111,11,21,15,38,2,02萬華區,萬華區東園街與東園街73巷口口,0,0,1,1,C03,8,1,5,50,4,1,1,5,4,5,7,1,1,10,5,5,2,17,1,36,3,10,3,4,7,5,1,10,1,15,,8,8,1,22,9,121.4964941,25.0259268
111,11,21,15,38,2,02萬華區,萬華區東園街與東園街73巷口口,0,0,1,2,C03,8,1,5,50,4,1,1,5,4,5,7,1,1,10,5,5,2,17,1,40,2,9,3,4,7,9,1,10,1,14,,44,8,1,22,9,121.4964941,25.0259268
111,11,21,15,50,2,02萬華區,萬華區堤外便道大理華中,0,0,1,1,C03,8,1,5,40,14,9,1,5,4,5,7,4,4,5,5,5,2,13,2,23,2,9,1,1,7,8,3,18,11,11,,16,16,1,22,9,121.4934437,25.0174707
111,11,21,15,50,2,02萬華區,萬華區堤外便道大理華中,0,0,1,2,B03,8,1,5,40,14,9,1,5,4,5,7,4,4,5,5,5,2,13,1,59,3,10,1,1,7,9,1,8,1,3,,44,16,1,22,9,121.4934437,25.0174707
111,11,21,16,4,2,03中山區,中山區合江街與合江街55巷口,0,0,2,1,C03,8,1,5,30,4,1,1,5,4,5,7,4,4,8,3,5,1,16,1,18,2,9,1,1,7,9,1,10,1,11,,6,6,1,22,9,121.539169,25.0569136
111,11,21,16,4,2,03中山區,中山區合江街與合江街55巷口,0,0,2,2,C03,8,1,5,30,4,1,1,5,4,5,7,4,4,8,3,5,1,16,1,40,2,9,1,1,7,9,1,10,1,11,,23,6,1,22,9,121.539169,25.0569136
111,11,21,16,10,2,10文山區,文山區木柵路4段165號,0,0,1,1,C03,8,1,5,50,14,9,1,5,4,5,7,4,4,9,4,5,1,17,2,56,2,9,1,1,7,9,1,10,2,11,,23,23,1,22,9,121.5776247,25.00041296
111,11,21,16,10,2,10文山區,文山區木柵路4段165號,0,0,1,2,C03,8,1,5,50,14,9,1,5,4,5,7,4,4,9,4,5,1,17,1,34,3,10,1,1,7,13,1,10,1,12,,44,23,1,22,9,121.5776247,25.00041296
111,11,21,16,10,2,10文山區,文山區木柵路4段165號,0,0,1,3,C04,8,1,5,50,14,9,1,5,4,5,7,4,4,9,4,5,1,17,1,44,3,10,1,1,7,13,6,11,1,12,,44,23,1,22,9,121.5776247,25.00041296
111,11,21,16,10,2,10文山區,文山區木柵路4段165號,0,0,1,4,C03,8,1,5,50,14,9,1,5,4,5,7,4,4,9,4,5,1,17,1,28,3,10,1,1,7,13,1,10,1,12,,44,23,1,22,9,121.5776247,25.00041296
111,11,21,16,49,2,07信義區,信義區信義路5段與松德路口口,0,0,1,1,C03,7,3,5,50,4,1,1,5,4,5,7,2,1,1,2,5,2,12,2,50,2,8,1,1,7,9,1,10,1,14,,26,26,1,22,9,121.5744262,25.0336654
111,11,21,16,49,2,07信義區,信義區信義路5段與松德路口口,0,0,1,2,B01,7,3,5,50,4,1,1,5,4,5,7,2,1,1,2,5,2,12,1,55,3,10,1,1,7,6,1,4,1,5,,44,26,1,22,9,121.5744262,25.0336654
111,11,21,17,8,2,08士林區,士林區福林路240號,0,0,1,1,C03,8,1,5,50,14,9,1,5,4,5,7,2,1,5,4,5,2,13,1,19,2,9,1,1,7,9,1,10,9,11,,23,23,1,21,8,121.5336022,25.09743699
111,11,21,17,8,2,08士林區,士林區福林路240號,0,0,1,2,B03,8,1,5,50,14,9,1,5,4,5,7,2,1,5,4,5,2,13,1,60,3,10,1,1,7,9,1,8,2,3,,44,23,1,21,8,121.5336022,25.09743699
111,11,21,17,40,2,06松山區,松山區南京東路4段118-1號,0,0,1,1,B01,7,3,5,50,15,9,1,5,4,5,7,2,1,1,4,4,2,16,1,59,3,10,1,1,7,6,1,4,1,5,,9,9,1,22,9,121.5549596,25.0514951
111,11,21,17,40,2,06松山區,松山區南京東路4段118-1號,0,0,1,2,C03,7,3,5,50,15,9,1,5,4,5,7,2,1,1,4,4,2,16,1,28,2,7,1,1,7,9,1,10,1,11,,13,9,1,22,9,121.5549596,25.0514951
111,11,21,18,22,2,10文山區,文山區新光路1段與萬壽橋口,0,0,1,1,C03,7,3,5,50,4,1,1,5,4,5,7,2,1,5,5,5,2,17,1,42,2,8,1,1,7,5,1,10,2,13,,8,8,1,22,9,121.5736984,24.9916397
111,11,21,18,22,2,10文山區,文山區新光路1段與萬壽橋口,0,0,1,2,B03,7,3,5,50,4,1,1,5,4,5,7,2,1,5,5,5,2,17,1,45,3,10,1,1,7,9,1,8,2,1,,44,8,1,22,9,121.5736984,24.9916397
111,11,21,18,35,2,05中正區,中正區衡陽路與桃源街口,0,0,1,1,C03,8,3,5,50,3,2,1,5,4,5,7,4,4,10,4,5,2,17,1,40,3,10,1,1,7,5,1,10,2,14,,44,44,1,22,9,121.5105491,25.0422189
111,11,21,18,35,2,05中正區,中正區衡陽路與桃源街口,0,0,1,2,C03,8,3,5,50,3,2,1,5,4,5,7,4,4,10,4,5,2,17,1,44,2,9,1,1,7,9,1,10,2,12,,44,44,1,22,9,121.5105491,25.0422189
111,11,21,18,54,2,06松山區,松山區八德路4段793號,0,0,2,1,C03,8,3,5,30,14,9,1,5,4,5,7,4,4,10,4,5,1,12,1,53,2,9,1,4,7,9,1,10,1,14,,43,43,1,22,9,121.5785891,25.05121876
111,11,21,18,54,2,06松山區,松山區八德路4段793號,0,0,2,2,C03,8,3,5,30,14,9,1,5,4,5,7,4,4,10,4,5,1,12,1,46,2,9,1,4,7,9,1,10,1,12,,43,43,1,22,9,121.5785891,25.05121876
111,11,21,18,59,2,07信義區,信義區松仁路143號,0,0,1,1,C03,8,3,5,50,14,9,1,5,4,5,7,2,1,9,4,5,1,12,1,71,3,10,1,4,7,7,1,10,1,13,,17,33,1,22,9,121.5682381,25.0320956
111,11,21,18,59,2,07信義區,信義區松仁路143號,0,0,1,2,C03,8,3,5,50,14,9,1,5,4,5,7,2,1,9,4,5,1,12,2,44,2,9,1,1,7,9,1,10,1,11,,17,33,1,22,9,121.5682381,25.0320956
111,11,21,19,5,2,03中山區,中山區建國北路2段22號,0,0,1,1,B03,8,3,5,50,14,9,1,5,4,5,7,4,4,10,5,5,2,3,1,52,4,11,3,4,7,15,7,19,11,15,,23,43,2,22,9,121.5365987,25.05302548
111,11,21,19,5,2,03中山區,中山區建國北路2段22號,0,0,1,2,H01,8,3,5,50,14,9,1,5,4,5,7,4,4,10,5,5,2,3,1,44,2,8,4,5,8,18,8,20,10,16,,51,43,1,22,9,121.5365987,25.05302548
111,11,21,20,1,2,07信義區,信義區松仁路149號,0,0,1,1,B01,8,3,5,50,14,9,1,5,4,5,7,4,4,5,4,5,1,12,1,67,3,10,3,4,7,3,1,4,1,5,,43,43,1,22,9,121.5683308,25.0308836
111,11,21,20,1,2,07信義區,信義區松仁路149號,0,0,1,2,C03,8,3,5,50,14,9,1,5,4,5,7,4,4,5,4,5,1,12,1,29,2,9,1,4,7,9,1,10,1,14,,43,43,1,22,9,121.5683308,25.0308836
111,11,21,20,30,2,09北投區,北投區承德路6段與文承路口,0,0,3,1,C03,8,3,5,60,3,1,1,5,4,5,7,1,1,1,4,4,2,17,1,46,2,8,1,1,7,15,1,10,2,15,,43,43,1,22,9,121.512133,25.1046231
111,11,21,20,30,2,09北投區,北投區承德路6段與文承路口,0,0,3,2,C03,8,3,5,60,3,1,1,5,4,5,7,1,1,1,4,4,2,17,1,26,2,9,1,1,7,9,1,10,2,11,,43,43,1,22,9,121.512133,25.1046231
111,11,21,20,30,2,09北投區,北投區承德路6段與文承路口,0,0,3,3,C03,8,3,5,60,3,1,1,5,4,5,7,1,1,1,4,4,2,17,2,21,2,9,1,1,7,9,1,10,2,11,,43,43,1,22,9,121.512133,25.1046231
111,11,21,21,0,2,09北投區,北投區致遠二路80號石牌國小前,0,0,2,1,C03,8,1,5,50,14,9,1,5,4,5,7,1,1,7,1,1,1,11,2,26,2,8,1,1,7,1,1,10,2,14,,19,19,1,22,9,121.5116543,25.11574816
111,11,21,21,0,2,09北投區,北投區致遠二路80號石牌國小前,0,0,2,2,C03,8,1,5,50,14,9,1,5,4,5,7,1,1,7,1,1,1,11,1,19,2,8,1,1,7,9,1,10,2,11,,14,19,1,22,9,121.5116543,25.11574816
111,11,21,21,5,2,12內湖區,內湖區陽光街與瑞湖街口,0,0,1,1,B03,8,3,5,50,4,2,1,5,4,5,7,1,1,4,3,1,1,16,1,45,3,10,1,1,7,6,1,8,1,2,,9,9,1,22,9,121.5761379,25.0728317
111,11,21,21,5,2,12內湖區,內湖區陽光街與瑞湖街口,0,0,1,2,C03,8,3,5,50,4,2,1,5,4,5,7,1,1,4,3,1,1,16,1,28,2,8,1,1,7,9,1,10,1,11,,44,9,1,22,9,121.5761379,25.0728317
111,11,21,21,6,2,06松山區,松山區長春路432號,0,0,2,1,C03,8,3,5,30,14,9,1,5,4,5,7,4,4,8,3,5,2,17,1,52,2,9,1,4,7,9,1,10,2,12,,6,6,1,22,9,121.5448034,25.05456576
111,11,21,21,6,2,06松山區,松山區長春路432號,0,0,2,2,B01,8,3,5,30,14,9,1,5,4,5,7,4,4,8,3,5,2,17,1,44,3,10,3,4,7,9,1,3,2,1,,44,6,1,22,9,121.5448034,25.05456576
111,11,21,21,6,2,06松山區,松山區長春路432號,0,0,2,3,H02,8,3,5,30,14,9,1,5,4,5,7,4,4,8,3,5,2,17,2,6,2,9,1,5,7,20,8,20,10,16,,60,6,1,22,9,121.5448034,25.05456576
111,11,21,21,41,2,04大安區,大安區市民大道3段與八德路2段口,0,0,1,1,C03,8,3,5,40,4,1,1,5,4,5,7,1,1,1,4,1,2,15,1,63,2,9,3,4,7,9,5,10,2,11,,25,25,1,22,9,121.5345537,25.0448913
111,11,21,21,41,2,04大安區,大安區市民大道3段與八德路2段口,0,0,1,2,A02,8,3,5,40,4,1,1,5,4,5,7,1,1,1,4,1,2,15,1,47,3,10,3,4,7,9,1,2,2,4,,44,25,1,22,9,121.5345537,25.0448913
111,11,21,22,25,2,06松山區,松山區市民大道4段與光復南路66巷口(光復南路匝道口),0,0,1,1,B03,7,3,5,40,14,9,1,5,4,5,7,4,4,9,4,5,2,17,2,39,3,10,1,1,7,7,1,8,2,7,,7,7,1,22,9,121.5565968,25.04499596
111,11,21,22,25,2,06松山區,松山區市民大道4段與光復南路66巷口(光復南路匝道口),0,0,1,2,C03,7,3,5,40,14,9,1,5,4,5,7,4,4,9,4,5,2,17,1,22,2,9,1,1,7,9,1,10,2,11,,16,7,1,22,9,121.5565968,25.04499596
111,11,21,22,50,2,03中山區,中山區北安路535號,0,0,2,1,C03,8,3,5,50,14,9,1,5,4,5,7,1,1,3,4,5,2,16,1,28,2,9,1,1,7,5,1,10,1,11,,8,8,1,22,9,121.5474345,25.0801062
111,11,21,22,50,2,03中山區,中山區北安路535號,0,0,2,2,B01,8,3,5,50,14,9,1,5,4,5,7,1,1,3,4,5,2,16,1,64,3,10,1,1,7,9,1,4,1,1,,44,8,1,22,9,121.5474345,25.0801062
111,11,21,22,50,2,03中山區,中山區北安路535號,0,0,2,3,H02,8,3,5,50,14,9,1,5,4,5,7,1,1,3,4,5,2,16,1,18,2,8,1,5,7,21,8,20,10,16,,67,8,1,22,9,121.5474345,25.0801062
111,11,22,0,52,2,03中山區,中山區民權東路2段與中原街口,0,0,1,1,C03,8,3,5,50,4,1,1,5,4,5,7,1,1,5,5,5,2,16,1,58,2,9,1,1,7,9,5,10,3,13,,25,25,1,22,9,121.5289692,25.0626746
111,11,22,0,52,2,03中山區,中山區民權東路2段與中原街口,0,0,1,2,C02,8,3,5,50,4,1,1,5,4,5,7,1,1,5,5,5,2,16,1,26,3,10,1,1,7,9,1,9,1,12,,13,25,1,22,9,121.5289692,25.0626746
111,11,22,6,59,2,06松山區,松山區民權東路3段162號,0,0,2,1,F01,8,1,5,30,15,9,1,5,4,5,7,2,1,3,4,5,2,10,1,15,2,9,1,1,7,9,8,20,1,16,,25,25,1,22,9,121.5479286,25.06196085
111,11,22,6,59,2,06松山區,松山區民權東路3段162號,0,0,2,2,C03,8,1,5,30,15,9,1,5,4,5,7,2,1,3,4,5,2,10,1,18,2,9,1,4,7,1,1,10,1,11,,19,25,1,22,9,121.5479286,25.06196085
111,11,22,7,43,2,09北投區,北投區三合街2段與磺港路口,0,0,1,1,B03,8,1,5,50,4,1,1,5,4,5,7,2,1,5,5,5,2,17,1,56,3,10,1,1,7,5,1,8,1,5,,8,8,1,22,9,121.5035971,25.1267482
111,11,22,7,43,2,09北投區,北投區三合街2段與磺港路口,0,0,1,2,C03,8,1,5,50,4,1,1,5,4,5,7,2,1,5,5,5,2,17,2,43,2,9,1,1,7,9,1,10,1,14,,44,8,1,22,9,121.5035971,25.1267482
111,11,22,7,45,2,05中正區,中正區羅斯福路1段與金華街口,0,0,1,1,C03,8,1,5,50,3,1,1,5,4,5,7,4,4,3,4,4,2,12,1,43,4,11,3,4,7,8,7,19,11,15,,7,7,2,22,9,121.5184072,25.0326881
111,11,22,7,45,2,05中正區,中正區羅斯福路1段與金華街口,0,0,1,2,C03,8,1,5,50,3,1,1,5,4,5,7,4,4,3,4,4,2,12,1,45,2,9,1,1,7,9,1,10,1,11,,44,7,1,22,9,121.5184072,25.0326881
111,11,22,7,49,2,02萬華區,萬華區環河南路1段與長沙街2段口,0,0,1,1,C03,8,1,5,50,3,1,1,5,4,5,7,1,1,5,4,5,2,17,1,25,2,9,1,1,7,5,1,10,1,11,,8,8,1,22,9,121.4995603,25.04155316
111,11,22,7,49,2,02萬華區,萬華區環河南路1段與長沙街2段口,0,0,1,2,C03,8,1,5,50,3,1,1,5,4,5,7,1,1,5,4,5,2,17,1,34,3,10,1,1,7,9,1,10,1,14,,44,8,1,22,9,121.4995603,25.04155316
111,11,22,7,50,2,02萬華區,萬華區和平西路3段與桂林路246巷口,0,0,1,1,B03,8,1,5,30,4,2,1,5,4,5,7,3,1,1,5,5,1,16,1,51,3,10,3,4,7,7,1,8,1,1,,26,26,1,22,9,121.4909373,25.0356802
111,11,22,7,50,2,02萬華區,萬華區和平西路3段與桂林路246巷口,0,0,1,2,C03,8,1,5,30,4,2,1,5,4,5,7,3,1,1,5,5,1,16,2,28,2,9,3,4,7,9,1,10,1,12,,14,26,1,22,9,121.4909373,25.0356802
111,11,22,7,52,2,10文山區,文山區恆光街30巷15號,0,0,1,1,C03,8,1,5,30,14,9,1,5,4,5,7,4,4,10,5,5,1,16,1,38,2,9,1,1,7,7,1,10,2,11,,7,7,1,22,9,121.5665797,24.98157414
111,11,22,7,52,2,10文山區,文山區恆光街30巷15號,0,0,1,2,B03,8,1,5,30,14,9,1,5,4,5,7,4,4,10,5,5,1,16,2,49,3,10,1,1,7,9,1,8,2,8,,42,7,1,22,9,121.5665797,24.98157414
111,11,22,7,52,2,10文山區,文山區恆光街30巷15號,0,0,1,3,B03,8,1,5,30,14,9,1,5,4,5,7,4,4,10,5,5,1,16,1,70,3,10,1,1,7,13,1,8,1,4,,44,7,1,22,9,121.5665797,24.98157414
111,11,22,7,53,2,03中山區,中山區北安路往東忠貞營區前,0,0,1,1,C03,7,1,5,50,14,9,1,5,4,5,7,4,4,1,3,5,1,13,1,28,3,10,3,4,7,9,1,10,2,11,,16,16,1,22,9,121.5319341,25.07802885
111,11,22,7,53,2,03中山區,中山區北安路往東忠貞營區前,0,0,1,2,C03,7,1,5,50,14,9,1,5,4,5,7,4,4,1,3,5,1,13,2,46,2,9,3,4,7,9,1,10,2,13,,44,16,1,22,9,121.5319341,25.07802885
111,11,22,8,3,2,10文山區,文山區新光路2段與文和橋口,0,0,2,1,C03,8,1,5,50,3,1,1,5,4,5,7,1,1,9,4,5,2,16,2,18,2,9,1,1,7,5,1,10,1,12,,8,8,1,22,9,121.5963203,25.001273
111,11,22,8,3,2,10文山區,文山區新光路2段與文和橋口,0,0,2,2,C02,8,1,5,50,3,1,1,5,4,5,7,1,1,9,4,5,2,16,1,51,2,9,1,1,7,9,1,9,1,12,,44,8,1,22,9,121.5963203,25.001273
111,11,22,8,13,2,12內湖區,內湖區內湖路1段與環山路1段口,0,0,1,1,C03,8,1,5,50,4,2,1,5,4,5,7,1,1,1,5,5,2,17,2,40,2,8,1,1,7,7,1,10,1,14,,7,7,1,22,9,121.5656275,25.08247961
111,11,22,8,13,2,12內湖區,內湖區內湖路1段與環山路1段口,0,0,1,2,B03,8,1,5,50,4,2,1,5,4,5,7,1,1,1,5,5,2,17,2,35,3,10,1,1,7,9,1,8,1,2,,23,7,1,22,9,121.5656275,25.08247961
111,11,22,8,17,2,07信義區,信義區基隆路2段155號,0,0,1,1,C03,8,1,5,50,14,9,1,5,4,5,7,4,4,10,4,5,2,12,1,28,3,10,1,1,7,7,1,10,1,11,,7,7,1,22,9,121.554383,25.02594765
111,11,22,8,17,2,07信義區,信義區基隆路2段155號,0,0,1,2,C03,8,1,5,50,14,9,1,5,4,5,7,4,4,10,4,5,2,12,1,22,2,8,1,1,7,9,1,10,1,11,,44,7,1,22,9,121.554383,25.02594765
111,11,22,8,20,2,04大安區,大安區信義路3段與仁愛路3段24巷口,0,0,1,1,B03,8,1,5,50,3,1,1,5,4,5,7,1,1,10,3,5,2,12,1,35,3,10,1,1,7,5,1,8,1,8,,8,8,1,22,9,121.5358907,25.0336714
111,11,22,8,20,2,04大安區,大安區信義路3段與仁愛路3段24巷口,0,0,1,2,C03,8,1,5,50,3,1,1,5,4,5,7,1,1,10,3,5,2,12,2,27,2,7,1,1,7,9,1,10,1,12,,44,8,1,22,9,121.5358907,25.0336714
111,11,22,8,30,2,12內湖區,內湖區康寧路3段16巷與康寧路3段口,0,0,1,1,C03,8,1,5,50,3,1,1,5,4,5,7,1,1,1,4,5,2,13,1,62,2,7,1,1,7,9,1,10,2,11,,16,16,1,22,9,121.6068528,25.07272954
111,11,22,8,30,2,12內湖區,內湖區康寧路3段16巷與康寧路3段口,0,0,1,2,C03,8,1,5,50,3,1,1,5,4,5,7,1,1,1,4,5,2,13,1,29,3,10,1,1,7,12,1,10,2,14,,44,16,1,22,9,121.6068528,25.07272954
111,11,22,8,30,2,12內湖區,內湖區康寧路3段16巷與康寧路3段口,0,0,1,3,B01,8,1,5,50,3,1,1,5,4,5,7,1,1,1,4,5,2,13,1,55,3,10,1,1,7,12,1,4,2,4,,44,16,1,22,9,121.6068528,25.07272954
111,11,22,8,30,2,12內湖區,內湖區康寧路3段16巷與康寧路3段口,0,0,1,4,H03,8,1,5,50,3,1,1,5,4,5,7,1,1,1,4,5,2,13,1,63,3,10,4,5,8,20,8,20,10,16,,67,16,1,22,9,121.6068528,25.07272954
111,11,22,8,30,2,12內湖區,內湖區康寧路3段16巷與康寧路3段口,0,0,1,5,H03,8,1,5,50,3,1,1,5,4,5,7,1,1,1,4,5,2,13,1,59,3,10,4,5,8,20,8,20,10,16,,67,16,1,22,9,121.6068528,25.07272954
111,11,22,8,31,2,08士林區,士林區葫蘆街30巷與延平北路5段83巷口,0,0,2,1,C03,8,1,5,30,4,1,1,5,4,4,3,4,4,10,5,5,2,15,2,28,2,5,1,4,7,9,1,10,1,11,,6,6,1,22,9,121.509956,25.08095914
111,11,22,8,31,2,08士林區,士林區葫蘆街30巷與延平北路5段83巷口,0,0,2,2,C03,8,1,5,30,4,1,1,5,4,4,3,4,4,10,5,5,2,15,2,24,2,9,1,4,7,9,1,10,1,11,,14,6,1,22,9,121.509956,25.08095914
111,11,22,9,2,2,03中山區,中山區南京東路3段131-1號,0,0,1,1,B03,8,1,5,50,14,8,1,5,4,5,7,4,4,1,4,4,2,17,1,50,3,10,3,4,7,8,1,8,1,15,,43,43,1,22,9,121.5419586,25.05197258
111,11,22,9,2,2,03中山區,中山區南京東路3段131-1號,0,0,1,2,C03,8,1,5,50,14,8,1,5,4,5,7,4,4,1,4,4,2,17,1,31,2,9,3,4,7,9,1,10,1,14,,43,43,1,22,9,121.5419586,25.05197258
111,11,22,9,10,2,03中山區,中山區自強隧道圓環往內湖,0,0,1,1,C03,8,1,5,50,16,9,1,5,4,5,7,1,1,10,4,5,2,13,1,60,3,10,3,4,7,1,1,10,11,11,,16,,1,22,9,121.5495905,25.08547526
111,11,22,9,10,2,03中山區,中山區自強隧道圓環往內湖,0,0,1,2,C04,8,1,5,50,16,9,1,5,4,5,7,1,1,10,4,5,2,13,1,51,2,5,3,4,7,9,1,10,11,13,,44,,1,22,9,121.5495905,25.08547526
111,11,22,9,10,2,11南港區,南港區經貿二路157巷36弄96號,0,0,1,1,B01,8,1,5,50,14,9,1,5,4,5,7,4,4,9,4,5,2,12,1,45,3,10,1,1,7,5,1,8,1,7,,8,,1,22,9,121.6138913,25.0622427
111,11,22,9,10,2,11南港區,南港區經貿二路157巷36弄96號,0,0,1,2,C03,8,1,5,50,14,9,1,5,4,5,7,4,4,9,4,5,2,12,2,46,2,9,1,1,7,9,1,10,1,11,,23,,1,22,9,121.6138913,25.0622427
111,11,22,9,25,2,03中山區,中山區通北街145巷國防部4號門處,0,0,1,1,D01,8,1,5,30,12,9,1,5,4,5,7,4,4,10,5,5,2,12,1,27,3,10,1,1,7,5,1,6,1,4,,8,6,1,22,9,121.5425308,25.08478122
111,11,22,9,25,2,03中山區,中山區通北街145巷國防部4號門處,0,0,1,2,C03,8,1,5,30,12,9,1,5,4,5,7,4,4,10,5,5,2,12,2,38,2,8,1,1,7,9,1,10,1,14,,13,6,1,22,9,121.5425308,25.08478122
111,11,22,9,45,2,04大安區,大安區和平東路2段107巷與和平東路2段口口往東,0,0,1,1,C03,8,1,5,50,3,1,1,5,4,5,7,1,1,1,3,5,2,17,1,52,3,10,1,1,7,8,1,10,1,13,,7,7,1,22,9,121.5401077,25.0252152
111,11,22,9,45,2,04大安區,大安區和平東路2段107巷與和平東路2段口口往東,0,0,1,2,C03,8,1,5,50,3,1,1,5,4,5,7,1,1,1,3,5,2,17,2,41,2,9,1,1,7,9,1,10,1,11,,44,7,1,22,9,121.5401077,25.0252152
111,11,22,9,45,2,08士林區,士林區仰德大道2段與仰德大道2段70巷口,0,0,1,1,B12,8,1,5,40,3,1,1,5,4,5,7,2,1,5,4,5,1,16,1,66,3,10,1,1,7,5,1,8,1,2,,6,6,1,22,9,121.5451301,25.1063234
111,11,22,9,45,2,08士林區,士林區仰德大道2段與仰德大道2段70巷口,0,0,1,2,C03,8,1,5,40,3,1,1,5,4,5,7,2,1,5,4,5,1,16,1,18,2,8,1,1,7,9,1,10,1,11,,44,6,1,22,9,121.5451301,25.1063234
111,11,22,10,19,2,04大安區,大安區敦化南路2段11巷與敦化南路2段11巷14弄口,0,0,1,1,B03,8,1,5,30,4,1,1,5,4,5,7,4,4,10,5,5,2,16,2,71,3,10,1,1,7,5,1,8,1,1,,6,6,1,22,9,121.5501215,25.0325731
111,11,22,10,19,2,04大安區,大安區敦化南路2段11巷與敦化南路2段11巷14弄口,0,0,1,2,C03,8,1,5,30,4,1,1,5,4,5,7,4,4,10,5,5,2,16,1,72,2,8,1,1,7,9,1,10,1,14,,30,6,1,22,9,121.5501215,25.0325731