發生年度,發生月,發生日,發生時-Hours,發生分,處理別-編號,區序,肇事地點,死亡人數,2-30日死亡人數,受傷人數,當事人序號,車種,天候,光線,道路類別,速限-速度限制,道路型態,事故位置,路面狀況1,路面狀況2,路面狀況3,道路障礙1,道路障礙2,號誌1,號誌2,車道劃分-分向,車道劃分-分道1,車道劃分-分道2,車道劃分-分道3,事故類型及型態,性別,年齡,受傷程度,主要傷處,安全帽,行動電話,車輛用途,當事者行動狀態,駕駛資格情形,駕駛執照種類,飲酒情形,車輛撞擊部位1,車輛撞擊部位2,肇因碼-個別,肇因碼-主要,個人肇逃否,職業,旅次目的,座標-X,座標-Y
111,11,22,10,30,2,04大安區,大安區信義路4段與敦化南路1段口,0,0,1,1,B03,8,1,5,50,14,18,5,5,4,5,7,2,1,10,5,5,2,3,2,44,3,10,1,1,7,5,1,8,1,8,,15,15,1,22,9,121.5489738,25.0334748
111,11,22,10,30,2,04大安區,大安區信義路4段與敦化南路1段口,0,0,1,2,H01,8,1,5,50,14,18,5,5,4,5,7,2,1,10,5,5,2,3,2,46,2,8,4,5,8,16,8,20,10,16,,67,15,1,22,9,121.5489738,25.0334748
111,11,22,10,35,2,04大安區,大安區信義路4段與四維路口,0,0,1,1,B03,8,1,5,50,3,2,1,5,4,5,7,4,4,1,4,5,2,12,2,26,3,10,1,1,7,5,1,8,1,4,,8,8,1,22,9,121.5479859,25.0334036
111,11,22,10,35,2,04大安區,大安區信義路4段與四維路口,0,0,1,2,C03,8,1,5,50,3,2,1,5,4,5,7,4,4,1,4,5,2,12,2,35,2,9,1,1,7,9,1,10,1,12,,14,8,1,22,9,121.5479859,25.0334036
111,11,22,10,48,2,07信義區,信義區基隆路2段51號,0,0,1,1,C03,8,1,5,50,14,9,1,5,4,5,7,4,4,1,4,5,2,13,2,24,2,9,1,1,7,9,1,10,1,11,,16,16,1,21,8,121.558469,25.0309321
111,11,22,10,48,2,07信義區,信義區基隆路2段51號,0,0,1,2,C03,8,1,5,50,14,9,1,5,4,5,7,4,4,1,4,5,2,13,2,22,3,10,1,1,7,9,1,10,1,13,,44,16,1,21,8,121.558469,25.0309321
111,11,22,11,0,2,02萬華區,萬華區環河南路1段與成都路口,0,0,2,1,C03,8,1,5,50,3,1,1,5,4,5,7,3,1,5,4,5,2,16,1,66,2,9,1,1,7,11,1,10,1,14,,10,10,1,22,9,121.5008472,25.04396141
111,11,22,11,0,2,02萬華區,萬華區環河南路1段與成都路口,0,0,2,2,C03,8,1,5,50,3,1,1,5,4,5,7,3,1,5,4,5,2,16,1,30,2,9,1,1,7,9,1,10,1,11,,14,10,1,22,9,121.5008472,25.04396141
111,11,22,11,50,2,03中山區,中山區南京東路3段與復興北路口,0,0,1,1,C03,8,1,5,50,4,1,1,5,4,5,7,1,1,1,4,5,1,13,1,19,2,9,1,1,7,9,1,10,1,11,,16,16,1,22,9,121.5439699,25.051904
111,11,22,11,50,2,03中山區,中山區南京東路3段與復興北路口,0,0,1,2,B02,8,1,5,50,4,1,1,5,4,5,7,1,1,1,4,5,1,13,1,61,3,10,1,1,7,15,1,8,1,6,,44,16,1,22,9,121.5439699,25.051904
111,11,22,12,5,2,12內湖區,內湖區潭美街與新明路219巷口口,0,0,1,1,B02,8,1,5,40,3,1,1,5,4,5,7,1,1,5,5,5,2,16,1,37,3,10,1,1,7,11,1,8,1,4,,10,10,1,22,9,121.5881332,25.0574504
111,11,22,12,5,2,12內湖區,內湖區潭美街與新明路219巷口口,0,0,1,2,C03,8,1,5,40,3,1,1,5,4,5,7,1,1,5,5,5,2,16,1,20,2,9,1,1,7,9,1,10,1,11,,13,10,1,22,9,121.5881332,25.0574504
111,11,22,12,10,2,05中正區,中正區衡陽路91號,0,0,2,1,C03,8,1,5,50,14,9,1,5,4,5,7,4,4,10,4,5,2,16,1,74,2,9,1,1,7,5,1,10,2,14,,8,8,1,22,9,121.5103659,25.04221031
111,11,22,12,10,2,05中正區,中正區衡陽路91號,0,0,2,2,C04,8,1,5,50,14,9,1,5,4,5,7,4,4,10,4,5,2,16,2,20,2,9,1,1,7,9,1,10,2,12,,44,8,1,22,9,121.5103659,25.04221031
111,11,22,12,10,2,05中正區,中正區衡陽路91號,0,0,2,3,B12,8,1,5,50,14,9,1,5,4,5,7,4,4,10,4,5,2,16,1,34,3,10,1,1,7,13,1,8,2,3,,44,8,1,22,9,121.5103659,25.04221031
111,11,22,12,59,2,11南港區,南港區南深路北往南003燈桿,0,0,3,3,C03,8,1,5,50,11,7,1,5,4,5,7,4,4,1,5,4,1,17,1,26,2,9,1,1,7,5,1,10,1,14,,44,43,1,22,9,121.6220225,25.0342098
111,11,22,12,59,2,11南港區,南港區南深路北往南003燈桿,0,0,3,2,C03,8,1,5,50,11,7,1,5,4,5,7,4,4,1,5,4,1,17,2,20,2,9,1,1,7,5,1,10,1,14,,44,43,1,22,9,121.6220225,25.0342098
111,11,22,12,59,2,11南港區,南港區南深路北往南003燈桿,0,0,3,4,C02,8,1,5,50,11,7,1,5,4,5,7,4,4,1,5,4,1,17,1,19,2,8,1,1,7,13,4,10,1,14,,44,43,1,22,9,121.6220225,25.0342098
111,11,22,12,59,2,11南港區,南港區南深路北往南003燈桿,0,0,3,5,C02,8,1,5,50,11,7,1,5,4,5,7,4,4,1,5,4,1,17,1,16,3,10,1,1,7,13,2,18,1,14,,44,43,1,22,9,121.6220225,25.0342098
111,11,22,12,59,2,11南港區,南港區南深路北往南003燈桿,0,0,3,1,A31,8,1,5,50,11,7,1,5,4,5,7,4,4,1,5,4,1,17,1,38,3,10,1,1,7,5,1,1,9,15,,34,43,1,22,9,121.6220225,25.0342098
111,11,22,13,20,2,08士林區,士林區新安路95號,0,0,1,1,B03,8,1,5,30,11,9,1,5,4,5,7,4,4,10,5,5,2,17,2,42,3,10,1,1,7,9,1,8,1,4,,5,5,1,22,9,121.5535952,25.1247718
111,11,22,13,20,2,08士林區,士林區新安路95號,0,0,1,2,C03,8,1,5,30,11,9,1,5,4,5,7,4,4,10,5,5,2,17,1,36,2,7,1,1,7,9,1,10,1,11,,13,5,1,22,9,121.5535952,25.1247718
111,11,22,13,30,2,04大安區,大安區和平東路3段與和平東路3段1巷口,0,0,1,1,B03,8,1,5,50,4,1,1,5,4,5,7,2,1,1,4,5,1,17,2,60,3,10,3,4,7,5,1,8,1,2,,6,6,1,22,9,121.546706,25.0247438
111,11,22,13,30,2,04大安區,大安區和平東路3段與和平東路3段1巷口,0,0,1,2,C04,8,1,5,50,4,1,1,5,4,5,7,2,1,1,4,5,1,17,1,20,2,9,3,4,7,9,1,10,1,11,,44,6,1,22,9,121.546706,25.0247438
111,11,22,13,33,2,04大安區,大安區市民大道3段164號,0,0,1,1,B12,8,1,5,40,14,9,1,5,4,5,7,4,4,1,4,4,2,17,1,58,3,10,1,1,7,13,1,8,1,4,,49,42,1,22,9,121.535887,25.04468111
111,11,22,13,33,2,04大安區,大安區市民大道3段164號,0,0,1,2,C04,8,1,5,40,14,9,1,5,4,5,7,4,4,1,4,4,2,17,1,25,2,9,1,1,7,9,1,10,1,12,,44,42,1,22,9,121.535887,25.04468111
111,11,22,13,35,2,08士林區,士林區格致路與凱旋路口,0,0,1,1,C03,7,1,5,40,3,1,1,5,4,5,7,4,4,4,5,5,2,13,1,21,2,8,1,4,7,9,1,10,1,11,,16,16,1,22,9,121.5464314,25.13698963
111,11,22,13,35,2,08士林區,士林區格致路與凱旋路口,0,0,1,2,B02,7,1,5,40,3,1,1,5,4,5,7,4,4,4,5,5,2,13,2,19,3,10,3,4,7,9,1,8,1,6,,44,16,1,22,9,121.5464314,25.13698963
111,11,22,13,37,2,09北投區,北投區中山北路7段219巷3弄與行義路170巷27弄口,0,0,2,1,B03,8,1,5,30,3,1,1,5,4,5,7,4,4,5,4,5,2,16,1,62,3,10,3,4,7,5,1,8,2,1,,8,8,1,22,9,121.5305098,25.13208117
111,11,22,13,37,2,09北投區,北投區中山北路7段219巷3弄與行義路170巷27弄口,0,0,2,2,C03,8,1,5,30,3,1,1,5,4,5,7,4,4,5,4,5,2,16,1,24,2,9,3,4,7,9,1,10,2,14,,44,8,1,22,9,121.5305098,25.13208117
111,11,22,13,37,2,09北投區,北投區中山北路7段219巷3弄與行義路170巷27弄口,0,0,2,3,H02,8,1,5,30,3,1,1,5,4,5,7,4,4,5,4,5,2,16,1,21,2,9,4,5,7,20,8,20,10,16,,67,8,1,22,9,121.5305098,25.13208117
111,11,22,13,40,2,09北投區,北投區杏林二路與杏林二路口19號、21號口,0,0,1,1,,8,1,5,0,3,1,1,5,4,5,7,4,4,10,5,5,1,16,4,,4,11,3,4,7,15,7,19,11,15,,43,43,2,22,9,121.4980664,25.14197422
111,11,22,13,40,2,09北投區,北投區杏林二路與杏林二路口19號、21號口,0,0,1,2,C03,8,1,5,0,3,1,1,5,4,5,7,4,4,10,5,5,1,16,1,57,2,7,1,1,7,9,1,10,9,12,,14,43,1,22,9,121.4980664,25.14197422
111,11,22,14,15,2,12內湖區,內湖區內湖路1段91巷38弄9號與內湖路1段91巷38弄口出入口,0,0,1,1,B03,7,1,5,30,3,1,1,5,4,5,7,4,4,9,5,5,2,16,1,69,3,10,1,1,7,1,1,8,1,1,,19,8,1,22,9,121.5632067,25.085579
111,11,22,14,15,2,12內湖區,內湖區內湖路1段91巷38弄9號與內湖路1段91巷38弄口出入口,0,0,1,2,C03,7,1,5,30,3,1,1,5,4,5,7,4,4,9,5,5,2,16,2,46,2,9,1,1,7,9,1,10,1,12,,44,8,1,22,9,121.5632067,25.085579
111,11,22,14,20,2,12內湖區,內湖區堤外便道往內湖(015燈桿處),0,0,1,1,B12,8,1,5,50,14,9,1,5,4,5,7,4,4,5,5,5,2,16,1,57,3,10,1,1,7,9,1,8,2,4,,17,2,1,22,9,121.4881965,25.030935
111,11,22,14,20,2,12內湖區,內湖區堤外便道往內湖(015燈桿處),0,0,1,2,C03,8,1,5,50,14,9,1,5,4,5,7,4,4,5,5,5,2,16,1,27,2,9,1,1,7,9,1,8,2,14,,44,2,1,22,9,121.4881965,25.030935
111,11,22,14,37,2,07信義區,信義區忠孝東路4段與逸仙路口,0,0,1,1,C03,8,1,5,50,3,1,1,5,4,5,7,1,1,9,4,5,2,16,1,24,2,9,1,1,7,5,1,10,2,12,,42,42,1,22,9,121.5615466,25.0413098
111,11,22,14,37,2,07信義區,信義區忠孝東路4段與逸仙路口,0,0,1,2,B03,8,1,5,50,3,1,1,5,4,5,7,1,1,9,4,5,2,16,1,72,3,10,1,1,7,9,1,8,2,8,,25,42,1,22,9,121.5615466,25.0413098
111,11,22,15,18,2,07信義區,信義區信義路5段11號,0,0,2,1,C03,8,1,5,50,14,9,1,5,4,5,7,2,1,1,4,5,2,13,2,59,2,8,1,1,7,9,1,10,1,11,,23,23,1,22,8,121.5651975,25.0328241
111,11,22,15,18,2,07信義區,信義區信義路5段11號,0,0,2,2,C03,8,1,5,50,14,9,1,5,4,5,7,2,1,1,4,5,2,13,1,57,2,7,1,1,7,12,6,10,1,13,,44,23,1,22,8,121.5651975,25.0328241
111,11,22,15,25,2,03中山區,中山區松江路與民權東路2段口,0,0,1,1,C03,7,1,5,50,4,2,1,5,4,5,7,1,1,1,4,5,2,16,1,23,2,2,3,4,7,7,1,10,1,11,,7,7,1,22,9,121.5335355,25.0625817
111,11,22,15,25,2,03中山區,中山區松江路與民權東路2段口,0,0,1,2,C03,7,1,5,50,4,2,1,5,4,5,7,1,1,1,4,5,2,16,1,39,3,10,3,4,7,10,1,10,1,12,,7,7,1,22,9,121.5335355,25.0625817
111,11,22,15,30,2,07信義區,信義區松仁路246號,0,0,1,1,A02,8,1,5,50,14,9,1,5,4,5,7,4,4,9,4,5,2,9,1,53,3,10,1,1,7,3,1,2,11,15,,42,42,1,22,9,121.5693454,25.0248528
111,11,22,15,30,2,07信義區,信義區松仁路246號,0,0,1,2,H02,8,1,5,50,14,9,1,5,4,5,7,4,4,9,4,5,2,9,2,59,2,9,4,5,7,19,8,20,10,16,,67,42,1,22,9,121.5693454,25.0248528
111,11,22,15,32,2,04大安區,大安區新生南路1段3號,0,0,2,1,B03,7,3,5,50,14,9,1,5,4,5,7,4,4,1,4,5,2,12,1,24,3,10,1,1,7,1,1,8,1,1,,19,19,1,22,9,121.5330324,25.0439527
111,11,22,15,32,2,04大安區,大安區新生南路1段3號,0,0,2,2,C03,7,3,5,50,14,9,1,5,4,5,7,4,4,1,4,5,2,12,1,20,2,9,1,1,7,6,1,10,1,12,,9,19,1,22,9,121.5330324,25.0439527
111,11,22,15,32,2,04大安區,大安區新生南路1段3號,0,0,2,3,C03,7,3,5,50,14,9,1,5,4,5,7,4,4,1,4,5,2,12,1,21,2,9,1,1,7,9,1,10,1,12,,44,19,1,22,9,121.5330324,25.0439527
111,11,22,16,3,2,03中山區,中山區建國北路2段131號,0,0,1,1,B03,7,1,5,50,14,9,1,5,4,5,7,4,4,10,4,5,2,16,1,50,3,10,3,4,7,8,1,8,2,2,,7,7,1,22,9,121.5372367,25.0601039
111,11,22,16,3,2,03中山區,中山區建國北路2段131號,0,0,1,2,C03,7,1,5,50,14,9,1,5,4,5,7,4,4,10,4,5,2,16,2,18,2,9,1,1,7,9,1,10,2,14,,13,7,1,22,9,121.5372367,25.0601039
111,11,22,16,45,2,03中山區,中山區林森北路263-2號,0,0,1,2,C03,8,1,5,50,14,9,1,5,4,5,7,2,1,9,4,5,2,12,2,65,2,9,3,4,7,4,1,10,1,14,,23,44,1,22,9,121.5254565,25.05471545
111,11,22,16,45,2,03中山區,中山區林森北路263-2號,0,0,1,1,B03,8,1,5,50,14,9,1,5,4,5,7,2,1,9,4,5,2,12,1,28,3,10,3,4,7,9,1,8,1,2,,44,44,1,22,9,121.5254565,25.05471545
111,11,22,17,2,2,04大安區,大安區和平東路3段228巷與樂業街口,0,0,1,1,B03,7,1,5,30,4,1,1,5,4,5,7,1,1,4,5,5,2,17,1,45,3,10,1,1,7,5,1,8,1,6,,8,8,1,22,9,121.5527141,25.0203499
111,11,22,17,2,2,04大安區,大安區和平東路3段228巷與樂業街口,0,0,1,2,C03,7,1,5,30,4,1,1,5,4,5,7,1,1,4,5,5,2,17,1,20,2,8,1,1,7,9,1,10,1,11,,13,8,1,22,9,121.5527141,25.0203499
111,11,22,17,5,2,10文山區,文山區景華街147巷與景華街169巷口,0,0,1,1,B12,8,3,5,30,4,1,1,5,4,5,7,4,4,10,5,5,2,15,2,49,3,10,1,1,7,9,1,8,2,8,,6,6,1,22,9,121.5473838,24.99729575
111,11,22,17,5,2,10文山區,文山區景華街147巷與景華街169巷口,0,0,1,2,C03,8,3,5,30,4,1,1,5,4,5,7,4,4,10,5,5,2,15,1,42,2,9,1,1,7,9,1,10,2,12,,14,6,1,22,9,121.5473838,24.99729575
111,11,22,17,26,2,02萬華區,萬華區環河南路1段與峨眉街口,0,0,1,1,B03,8,1,5,30,3,2,1,5,4,5,7,4,4,10,5,5,2,17,1,38,3,10,3,4,7,6,1,8,2,2,,6,6,1,22,9,121.5015285,25.04482813
111,11,22,17,26,2,02萬華區,萬華區環河南路1段與峨眉街口,0,0,1,2,C03,8,1,5,30,3,2,1,5,4,5,7,4,4,10,5,5,2,17,1,23,2,9,3,4,7,9,1,10,2,11,,44,6,1,22,9,121.5015285,25.04482813
111,11,22,18,15,2,01大同區,大同區延平北路2段197號,0,0,2,1,C03,8,3,5,50,14,7,1,5,4,5,7,2,1,9,4,4,2,13,2,63,2,8,1,1,7,9,1,10,1,11,,16,23,1,22,9,121.5110331,25.05976373
111,11,22,18,15,2,01大同區,大同區延平北路2段197號,0,0,2,2,C03,8,3,5,50,14,7,1,5,4,5,7,2,1,9,4,4,2,13,1,28,2,9,1,1,7,9,1,10,1,13,,44,23,1,22,9,121.5110331,25.05976373
111,11,22,18,16,2,04大安區,大安區復興南路2段88號,0,0,1,1,B12,8,3,5,50,14,9,1,5,4,5,7,4,4,1,5,5,1,12,1,54,4,11,3,4,7,15,7,19,11,15,,38,43,2,22,9,121.5434591,25.0303467
111,11,22,18,16,2,04大安區,大安區復興南路2段88號,0,0,1,2,C03,8,3,5,50,14,9,1,5,4,5,7,4,4,1,5,5,1,12,2,25,2,9,1,1,7,9,1,10,1,11,14,23,43,1,22,9,121.5434591,25.0303467
111,11,22,18,16,2,04大安區,大安區復興南路2段88號,0,0,1,3,A02,8,3,5,50,14,9,1,5,4,5,7,4,4,1,5,5,1,12,1,46,3,10,1,1,7,9,1,2,1,2,,44,43,1,22,9,121.5434591,25.0303467
111,11,22,18,20,2,12內湖區,內湖區洲子街100號前,0,0,1,1,C03,8,3,5,50,14,9,1,5,4,5,7,4,4,9,5,5,2,17,1,28,2,9,1,1,7,12,1,10,1,14,,42,42,1,22,9,121.5708674,25.08012879
111,11,22,18,20,2,12內湖區,內湖區洲子街100號前,0,0,1,2,C03,8,3,5,50,14,9,1,5,4,5,7,4,4,9,5,5,2,17,1,37,3,10,1,1,7,1,1,10,1,15,,19,42,1,22,9,121.5708674,25.08012879
111,11,22,18,20,2,12內湖區,內湖區洲子街100號前,0,0,1,3,B03,8,3,5,50,14,9,1,5,4,5,7,4,4,9,5,5,2,17,1,29,3,10,1,1,7,13,1,8,1,15,,38,42,1,22,9,121.5708674,25.08012879
111,11,22,18,36,2,12內湖區,內湖區民權東路6段296巷與民權東路6段口,0,0,1,1,B03,8,3,5,50,3,1,1,5,4,5,7,1,1,1,4,5,2,16,1,50,3,10,1,1,7,6,1,4,1,2,,6,6,1,22,9,121.6052323,25.07251789
111,11,22,18,36,2,12內湖區,內湖區民權東路6段296巷與民權東路6段口,0,0,1,2,C03,8,3,5,50,3,1,1,5,4,5,7,1,1,1,4,5,2,16,2,63,2,9,1,1,7,9,1,10,1,14,,44,6,1,22,9,121.6052323,25.07251789
111,11,22,18,45,2,04大安區,大安區辛亥路3段與辛亥路3段157巷口,0,0,1,1,C03,8,3,5,50,4,2,1,5,4,5,7,2,1,5,4,5,2,10,1,68,3,10,1,1,7,9,1,10,1,11,,26,26,1,22,9,121.5492478,25.0172371
111,11,22,18,45,2,04大安區,大安區辛亥路3段與辛亥路3段157巷口,0,0,1,2,C03,8,3,5,50,4,2,1,5,4,5,7,2,1,5,4,5,2,10,2,56,2,9,1,1,7,9,1,10,1,11,,44,26,1,22,9,121.5492478,25.0172371
111,11,22,18,46,2,07信義區,信義區忠孝東路5段661號,0,0,1,1,F01,8,3,5,50,14,9,1,5,4,5,7,4,4,1,4,5,1,16,1,37,3,10,1,1,7,7,8,20,1,16,,43,3,1,22,9,121.5795387,25.0418666
111,11,22,18,46,2,07信義區,信義區忠孝東路5段661號,0,0,1,2,C03,8,3,5,50,14,9,1,5,4,5,7,4,4,1,4,5,1,16,1,30,3,10,3,4,7,9,1,10,1,13,,43,3,1,22,9,121.5795387,25.0418666
111,11,22,18,46,2,07信義區,信義區忠孝東路5段661號,0,0,1,3,B01,8,3,5,50,14,9,1,5,4,5,7,4,4,1,4,5,1,16,1,65,3,10,3,4,7,14,1,4,1,5,,44,3,1,22,9,121.5795387,25.0418666
111,11,22,18,46,2,07信義區,信義區忠孝東路5段661號,0,0,1,4,H02,8,3,5,50,14,9,1,5,4,5,7,4,4,1,4,5,1,16,2,29,2,7,3,5,7,20,8,20,10,16,,67,3,1,22,9,121.5795387,25.0418666
111,11,22,19,0,2,03中山區,中山區林森北路與雙城街43巷口,0,0,1,1,B01,8,3,5,50,4,1,1,5,4,5,7,4,4,5,4,5,2,16,1,54,3,10,3,4,7,11,1,3,1,2,,26,26,1,22,9,121.5257436,25.06747067
111,11,22,19,0,2,03中山區,中山區林森北路與雙城街43巷口,0,0,1,2,C03,8,3,5,50,4,1,1,5,4,5,7,4,4,5,4,5,2,16,1,26,2,9,1,4,7,9,1,10,1,11,,14,26,1,22,9,121.5257436,25.06747067
111,11,22,19,10,2,12內湖區,內湖區文湖街60巷36號,0,0,1,1,B03,8,1,5,0,14,9,1,5,4,5,7,4,4,6,4,5,1,11,1,84,3,10,3,4,7,1,1,8,1,1,,19,19,1,22,9,121.5656678,25.0826777
111,11,22,19,10,2,12內湖區,內湖區文湖街60巷36號,0,0,1,2,C03,8,1,5,0,14,9,1,5,4,5,7,4,4,6,4,5,1,11,2,43,2,9,3,4,7,9,1,10,1,12,,44,19,1,22,9,121.5656678,25.0826777
111,11,22,19,10,2,12內湖區,內湖區文湖街60巷36號,0,0,1,3,B11,8,1,5,0,14,9,1,5,4,5,7,4,4,6,4,5,1,11,1,33,3,10,3,4,7,14,1,8,1,15,,44,19,1,22,9,121.5656678,25.0826777
111,11,22,19,12,2,12內湖區,內湖區成功路2段325號三總院區內機車停車場,0,0,1,1,C03,8,3,8,0,15,22,1,5,4,5,7,4,4,10,5,5,2,29,1,39,2,8,1,1,7,2,1,10,2,12,,12,12,1,22,9,121.5940336,25.07043549
111,11,22,19,12,2,12內湖區,內湖區成功路2段325號三總院區內機車停車場,0,0,1,2,,8,3,8,0,15,22,1,5,4,5,7,4,4,10,5,5,2,29,3,,,,,,,,,,,,,67,12,1,,,121.5940336,25.07043549
111,11,22,20,9,2,07信義區,信義區松隆路36號前,0,0,2,1,B03,7,3,5,50,14,9,1,5,4,5,7,2,1,10,4,5,1,17,2,57,3,10,3,4,7,9,1,8,2,8,,25,25,1,22,9,121.5675613,25.0436519
111,11,22,20,9,2,07信義區,信義區松隆路36號前,0,0,2,2,F02,7,3,5,50,14,9,1,5,4,5,7,2,1,10,4,5,1,17,2,42,2,9,1,1,7,11,8,20,2,16,,26,25,1,22,9,121.5675613,25.0436519
111,11,22,20,9,2,07信義區,信義區松隆路36號前,0,0,2,3,H02,7,3,5,50,14,9,1,5,4,5,7,2,1,10,4,5,1,17,2,10,2,9,3,4,7,21,8,20,10,16,,67,25,1,22,9,121.5675613,25.0436519
111,11,22,20,39,2,03中山區,中山區南京東路3段與龍江路口,0,0,1,1,C03,8,3,5,50,4,1,1,5,4,5,7,1,1,4,3,5,1,16,2,24,2,8,1,1,7,5,1,10,1,13,,8,8,1,22,9,121.5404765,25.0518232
111,11,22,20,39,2,03中山區,中山區南京東路3段與龍江路口,0,0,1,2,B01,8,3,5,50,4,1,1,5,4,5,7,1,1,4,3,5,1,16,1,54,3,10,1,1,7,9,1,4,1,8,,23,8,1,22,9,121.5404765,25.0518232
111,11,22,20,49,2,06松山區,松山區敦化北路145巷與敦化北路155巷100弄口,0,0,1,1,B03,8,3,5,50,4,1,1,5,4,5,7,4,4,8,3,5,1,9,2,42,3,10,3,1,7,1,1,8,2,8,,15,19,1,22,9,121.5521363,25.05375608
111,11,22,20,49,2,06松山區,松山區敦化北路145巷與敦化北路155巷100弄口,0,0,1,2,H01,8,3,5,50,4,1,1,5,4,5,7,4,4,8,3,5,1,9,2,49,2,9,3,5,8,16,8,20,10,16,,67,19,1,22,9,121.5521363,25.05375608
111,11,22,21,3,2,02萬華區,萬華區梧州街60巷17號,0,0,1,1,B03,7,3,5,30,14,9,1,5,4,5,7,4,4,10,5,5,1,9,1,44,3,10,1,1,7,2,1,8,2,3,,12,12,1,22,9,121.4968402,25.03585654
111,11,22,21,3,2,02萬華區,萬華區梧州街60巷17號,0,0,1,2,H01,7,3,5,30,14,9,1,5,4,5,7,4,4,10,5,5,1,9,2,67,2,9,4,5,8,16,8,20,10,16,,67,12,1,22,9,121.4968402,25.03585654
111,11,22,21,3,2,02萬華區,萬華區梧州街60巷17號,0,0,1,3,B03,7,3,5,30,14,9,1,5,4,5,7,4,4,10,5,5,1,9,1,25,3,10,1,1,7,13,1,8,9,15,,38,,1,22,9,121.4968402,25.03585654
111,11,22,21,14,2,06松山區,松山區八德路3段74巷39號,0,0,1,1,C04,8,3,5,30,14,9,1,5,4,5,7,4,4,10,5,5,2,18,1,47,2,9,1,1,7,9,1,10,1,14,,23,23,1,22,9,121.5525188,25.04645453
111,11,22,21,14,2,06松山區,松山區八德路3段74巷39號,0,0,1,2,,8,3,5,30,14,9,1,5,4,5,7,4,4,10,5,5,2,18,3,,,,,,,,,,,,,67,23,1,,,121.5525188,25.04645453
111,11,22,21,16,2,03中山區,中山區吉林路與吉林路98巷口,0,0,2,1,C03,8,3,5,40,4,1,1,5,4,5,7,4,4,9,4,4,2,12,1,40,2,9,1,4,7,5,1,10,1,14,,8,8,1,22,9,121.5300811,25.0526667
111,11,22,21,16,2,03中山區,中山區吉林路與吉林路98巷口,0,0,2,2,C03,8,3,5,40,4,1,1,5,4,5,7,4,4,9,4,4,2,12,2,39,2,9,1,4,7,9,1,10,1,12,,13,8,1,22,9,121.5300811,25.0526667
111,11,22,21,21,2,07信義區,信義區基隆路1段133號,0,0,1,1,B03,7,3,5,50,14,9,1,5,4,5,7,4,4,10,4,5,1,17,2,36,3,10,3,4,7,1,1,8,2,15,,19,19,1,22,9,121.5663441,25.04398342
111,11,22,21,21,2,07信義區,信義區基隆路1段133號,0,0,1,2,C03,7,3,5,50,14,9,1,5,4,5,7,4,4,10,4,5,1,17,1,24,2,9,1,1,7,9,1,10,2,14,,23,19,1,22,9,121.5663441,25.04398342
111,11,22,21,44,2,10文山區,文山區木柵路2段41號,0,0,2,1,H01,7,3,5,50,14,9,1,5,4,5,7,4,4,5,4,5,2,9,1,47,2,9,4,5,8,16,8,20,2,16,,51,51,1,22,9,121.5598283,24.9887926
111,11,22,21,44,2,10文山區,文山區木柵路2段41號,0,0,2,2,C03,7,3,5,50,14,9,1,5,4,5,7,4,4,5,4,5,2,9,2,18,2,1,1,1,7,9,1,10,2,11,,23,51,1,22,9,121.5598283,24.9887926
111,11,22,21,44,2,10文山區,文山區木柵路2段41號,0,0,2,3,B03,7,3,5,50,14,9,1,5,4,5,7,4,4,5,4,5,2,9,1,47,3,10,3,4,7,13,1,14,2,15,,38,51,1,22,9,121.5598283,24.9887926
111,11,22,21,46,2,10文山區,文山區景華街與景華街52巷口,0,0,2,1,C04,8,3,5,50,3,1,1,5,4,5,7,4,4,9,5,5,2,16,2,45,2,9,1,1,7,5,1,10,1,14,,6,6,1,22,9,121.5437465,24.995072
111,11,22,21,46,2,10文山區,文山區景華街與景華街52巷口,0,0,2,2,C03,8,3,5,50,3,1,1,5,4,5,7,4,4,9,5,5,2,16,1,35,2,9,1,1,7,9,1,10,1,11,,44,6,1,22,9,121.5437465,24.995072
111,11,22,22,0,2,10文山區,文山區辛亥路5段與辛亥路5段73巷口,0,0,1,1,C03,8,3,5,50,3,2,1,5,4,5,7,2,1,1,4,5,2,17,2,49,3,10,1,1,7,8,1,10,1,15,,7,7,1,22,9,121.5530768,24.99824999
111,11,22,22,0,2,10文山區,文山區辛亥路5段與辛亥路5段73巷口,0,0,1,2,C03,8,3,5,50,3,2,1,5,4,5,7,2,1,1,4,5,2,17,1,20,2,9,1,1,7,9,1,10,1,12,,44,7,1,22,9,121.5530768,24.99824999
111,11,22,23,19,2,02萬華區,萬華區堤外便道往南(6K+550標牌),0,0,2,1,C03,8,3,5,40,14,11,1,5,4,5,7,4,4,1,5,5,2,13,2,27,2,9,1,1,7,9,1,10,1,11,,16,23,1,22,9,121.498908,25.04142682
111,11,22,23,19,2,02萬華區,萬華區堤外便道往南(6K+550標牌),0,0,2,2,C03,8,3,5,40,14,11,1,5,4,5,7,4,4,1,5,5,2,13,1,33,2,9,1,1,7,9,1,10,1,13,,44,23,1,22,9,121.498908,25.04142682