發生年度,發生月,發生日,發生時-Hours,發生分,處理別-編號,區序,肇事地點,死亡人數,2-30日死亡人數,受傷人數,當事人序號,車種,天候,光線,道路類別,速限-速度限制,道路型態,事故位置,路面狀況1,路面狀況2,路面狀況3,道路障礙1,道路障礙2,號誌1,號誌2,車道劃分-分向,車道劃分-分道1,車道劃分-分道2,車道劃分-分道3,事故類型及型態,性別,年齡,受傷程度,主要傷處,安全帽,行動電話,車輛用途,當事者行動狀態,駕駛資格情形,駕駛執照種類,飲酒情形,車輛撞擊部位1,車輛撞擊部位2,肇因碼-個別,肇因碼-主要,個人肇逃否,職業,旅次目的,座標-X,座標-Y
111,11,23,1,44,2,12內湖區,內湖區安康路25巷與民權東路6段190巷117弄口,0,0,3,1,C03,6,3,5,50,4,1,1,4,4,5,6,3,1,5,4,5,2,15,1,35,2,9,1,1,7,21,1,10,1,14,,6,6,1,22,9,121.5934477,25.06445718
111,11,23,1,44,2,12內湖區,內湖區安康路25巷與民權東路6段190巷117弄口,0,0,3,2,C03,6,3,5,50,4,1,1,4,4,5,6,3,1,5,4,5,2,15,1,51,2,9,1,1,7,9,6,10,1,11,,44,6,1,22,9,121.5934477,25.06445718
111,11,23,1,44,2,12內湖區,內湖區安康路25巷與民權東路6段190巷117弄口,0,0,3,3,H02,6,3,5,50,4,1,1,4,4,5,6,3,1,5,4,5,2,15,1,47,2,7,4,5,7,21,8,20,10,15,,67,6,1,22,9,121.5934477,25.06445718
111,11,23,7,21,2,04大安區,大安區基隆路2段152號,0,0,1,1,B03,6,1,5,50,14,9,1,4,4,5,7,4,4,9,4,5,1,12,1,57,4,11,3,4,7,15,7,19,11,15,,43,43,2,22,9,121.5561406,25.0275594
111,11,23,7,21,2,04大安區,大安區基隆路2段152號,0,0,1,2,C03,6,1,5,50,14,9,1,4,4,5,7,4,4,9,4,5,1,12,1,38,2,9,1,1,7,4,1,10,1,11,,43,43,1,22,9,121.5561406,25.0275594
111,11,23,7,23,2,04大安區,大安區仁愛路4段122巷與安和路1段102巷口,0,0,1,1,B02,6,1,5,30,3,1,1,4,4,5,7,4,4,10,5,5,2,9,1,46,3,10,1,1,7,5,1,8,4,8,,8,23,1,22,9,121.5502546,25.0342779
111,11,23,7,23,2,04大安區,大安區仁愛路4段122巷與安和路1段102巷口,0,0,1,2,H01,6,1,5,30,3,1,1,4,4,5,7,4,4,10,5,5,2,9,2,82,2,1,1,5,8,17,8,20,10,16,,67,23,1,22,9,121.5502546,25.0342779
111,11,23,8,7,2,09北投區,北投區承德路6段與福國路口,0,0,2,1,C03,6,1,5,60,4,2,1,4,4,5,7,1,1,7,2,1,2,13,1,28,2,9,1,1,7,9,1,10,1,11,,23,23,1,22,9,121.5121108,25.10157697
111,11,23,8,7,2,09北投區,北投區承德路6段與福國路口,0,0,2,2,C03,6,1,5,60,4,2,1,4,4,5,7,1,1,7,2,1,2,13,2,37,2,9,1,1,7,8,1,10,1,14,,44,23,1,22,9,121.5121108,25.10157697
111,11,23,8,11,2,12內湖區,內湖區民善街255號旁,0,0,1,1,,6,1,5,50,14,9,1,4,4,5,7,4,4,5,5,5,2,3,4,,4,11,3,4,7,15,7,19,11,15,,43,43,2,22,9,121.5746807,25.06326226
111,11,23,8,11,2,12內湖區,內湖區民善街255號旁,0,0,1,2,H01,6,1,5,50,14,9,1,4,4,5,7,4,4,5,5,5,2,3,1,19,2,8,4,1,8,16,8,20,1,16,,51,43,1,22,9,121.5746807,25.06326226
111,11,23,8,14,2,04大安區,大安區忠孝東路4段169號,0,0,1,1,A02,6,1,5,50,14,9,1,4,4,5,7,4,4,1,3,5,2,17,1,46,3,10,1,1,7,8,1,1,1,6,,7,7,1,22,9,121.5504672,25.04159558
111,11,23,8,14,2,04大安區,大安區忠孝東路4段169號,0,0,1,2,C03,6,1,5,50,14,9,1,4,4,5,7,4,4,1,3,5,2,17,2,59,2,9,1,1,7,9,1,10,1,14,,44,7,1,22,9,121.5504672,25.04159558
111,11,23,8,16,2,04大安區,大安區信義路4段與敦化南路1段口,0,0,1,1,B03,6,1,5,50,4,1,1,4,4,5,7,1,1,9,4,5,1,16,1,48,3,10,1,1,7,10,1,8,1,5,,7,7,1,22,9,121.549009,25.0333844
111,11,23,8,16,2,04大安區,大安區信義路4段與敦化南路1段口,0,0,1,2,C03,6,1,5,50,4,1,1,4,4,5,7,1,1,9,4,5,1,16,1,29,2,9,1,1,7,9,1,10,1,14,,44,7,1,22,9,121.549009,25.0333844
111,11,23,8,19,2,06松山區,松山區光復北路與富錦街口口,0,0,1,1,B03,6,1,5,50,3,1,1,4,4,5,7,4,4,9,5,4,2,17,1,55,3,10,3,4,7,5,1,8,2,8,,8,8,1,22,9,121.5548959,25.06031271
111,11,23,8,19,2,06松山區,松山區光復北路與富錦街口口,0,0,1,2,C02,6,1,5,50,3,1,1,4,4,5,7,4,4,9,5,4,2,17,2,64,2,9,3,4,7,9,1,9,2,14,,42,8,1,22,9,121.5548959,25.06031271
111,11,23,8,20,2,12內湖區,內湖區文湖街11巷與內湖路1段47巷口,0,0,1,1,C03,6,1,5,30,3,2,1,4,4,5,7,4,4,5,5,5,2,17,1,46,3,10,1,1,7,15,1,10,1,11,,6,6,1,22,9,121.5594527,25.08574278
111,11,23,8,20,2,12內湖區,內湖區文湖街11巷與內湖路1段47巷口,0,0,1,2,F01,6,1,5,30,3,2,1,4,4,5,7,4,4,5,5,5,2,17,2,23,2,7,1,1,7,5,8,20,1,16,,8,6,1,22,9,121.5594527,25.08574278
111,11,23,8,45,2,12內湖區,內湖區環山路1段60巷與環山路1段口,0,0,2,1,C03,6,1,5,50,3,1,1,4,4,5,7,4,4,10,4,5,2,13,1,64,2,9,1,1,7,9,1,10,2,11,,23,23,1,22,9,121.5666593,25.08636808
111,11,23,8,45,2,12內湖區,內湖區環山路1段60巷與環山路1段口,0,0,2,2,C03,6,1,5,50,3,1,1,4,4,5,7,4,4,10,4,5,2,13,1,23,2,9,1,1,7,14,1,10,2,13,,44,23,1,22,9,121.5666593,25.08636808
111,11,23,8,50,2,03中山區,中山區錦州街與復興北路口,0,0,1,1,B01,6,1,5,50,3,2,1,4,4,5,7,2,1,9,4,5,2,17,1,66,3,10,1,1,7,15,1,4,1,6,,42,42,1,22,9,121.5439678,25.06017145
111,11,23,8,50,2,03中山區,中山區錦州街與復興北路口,0,0,1,3,H02,6,1,5,50,3,2,1,4,4,5,7,2,1,9,4,5,2,17,2,57,3,10,4,5,7,19,8,20,10,16,,56,42,1,22,9,121.5439678,25.06017145
111,11,23,8,50,2,03中山區,中山區錦州街與復興北路口,0,0,1,2,C03,6,1,5,50,3,2,1,4,4,5,7,2,1,9,4,5,2,17,1,33,2,9,1,1,7,9,1,10,1,14,,44,42,1,22,9,121.5439678,25.06017145
111,11,23,8,52,2,02萬華區,萬華區中華路1段與武昌街2段口,0,0,3,1,C03,6,1,5,50,3,2,1,4,4,5,7,2,1,1,4,5,1,17,1,31,2,9,3,4,7,6,1,10,1,11,,16,9,1,22,9,121.5087272,25.04435081
111,11,23,8,52,2,02萬華區,萬華區中華路1段與武昌街2段口,0,0,3,2,C03,6,1,5,50,3,2,1,4,4,5,7,2,1,1,4,5,1,17,1,47,2,9,3,4,7,9,1,10,1,11,,13,9,1,22,9,121.5087272,25.04435081
111,11,23,8,52,2,02萬華區,萬華區中華路1段與武昌街2段口,0,0,3,3,C03,6,1,5,50,3,2,1,4,4,5,7,2,1,1,4,5,1,17,1,29,2,8,3,4,7,9,1,10,1,13,,44,9,1,22,9,121.5087272,25.04435081
111,11,23,8,52,2,02萬華區,萬華區中華路1段與武昌街2段口,0,0,3,4,B12,6,1,5,50,3,2,1,4,4,5,7,2,1,1,4,5,1,17,1,36,3,10,3,4,7,6,1,8,1,15,,26,9,1,22,9,121.5087272,25.04435081
111,11,23,8,52,2,07信義區,信義區忠孝東路5段1-6號,0,0,1,1,B02,6,1,5,50,14,9,1,4,4,5,7,4,4,10,4,5,2,13,2,45,3,10,1,1,7,9,1,8,2,5,,23,23,1,22,9,121.565139,25.0411937
111,11,23,8,52,2,07信義區,信義區忠孝東路5段1-6號,0,0,1,2,C03,6,1,5,50,14,9,1,4,4,5,7,4,4,10,4,5,2,13,2,53,2,9,1,1,7,7,1,10,2,13,,7,23,1,22,9,121.565139,25.0411937
111,11,23,9,0,2,04大安區,大安區辛亥隧道往西(大安方向),0,0,1,1,B03,6,1,5,50,6,9,1,5,4,5,7,4,4,1,2,5,2,13,1,36,3,10,1,1,7,9,1,8,1,1,,23,16,1,22,9,121.5548425,25.0126045
111,11,23,9,0,2,04大安區,大安區辛亥隧道往西(大安方向),0,0,1,2,B03,6,1,5,50,6,9,1,5,4,5,7,4,4,1,2,5,2,13,1,59,3,10,1,1,7,9,1,8,1,1,,44,16,1,22,9,121.5548425,25.0126045
111,11,23,9,0,2,04大安區,大安區辛亥隧道往西(大安方向),0,0,1,3,H02,6,1,5,50,6,9,1,5,4,5,7,4,4,1,2,5,2,13,2,60,2,1,1,1,7,21,8,20,10,16,,67,16,1,22,9,121.5548425,25.0126045
111,11,23,9,5,2,03中山區,中山區民生東路1段94號與新生北路口,0,0,1,1,B02,6,1,5,30,3,2,1,4,4,5,7,4,4,10,5,5,2,17,1,42,3,10,1,1,7,9,1,8,2,2,,4,4,1,22,9,121.5272484,25.05779734
111,11,23,9,5,2,03中山區,中山區民生東路1段94號與新生北路口,0,0,1,2,C03,6,1,5,30,3,2,1,4,4,5,7,4,4,10,5,5,2,17,1,24,2,8,1,1,7,5,1,10,2,12,,44,4,1,22,9,121.5272484,25.05779734
111,11,23,9,7,2,04大安區,大安區敦化南路2段69號,0,0,1,1,B03,7,1,5,50,14,9,1,4,4,5,7,4,4,1,5,5,1,17,1,61,3,10,1,1,7,8,1,8,11,15,,7,7,1,22,9,121.5490365,25.0307731
111,11,23,9,7,2,04大安區,大安區敦化南路2段69號,0,0,1,2,C03,7,1,5,50,14,9,1,4,4,5,7,4,4,1,5,5,1,17,1,26,2,9,1,1,7,9,1,10,11,12,,44,7,1,22,9,121.5490365,25.0307731
111,11,23,9,10,2,03中山區,中山區基湖路與基湖路157巷口,0,0,1,1,B03,6,1,5,50,3,1,1,4,4,5,7,4,4,1,4,5,2,17,1,48,3,10,1,1,7,5,1,3,1,5,,6,6,1,22,9,121.56324,25.0769811
111,11,23,9,10,2,03中山區,中山區基湖路與基湖路157巷口,0,0,1,2,C03,6,1,5,50,3,1,1,4,4,5,7,4,4,1,4,5,2,17,1,31,2,9,1,1,7,12,1,10,1,14,,42,6,1,22,9,121.56324,25.0769811
111,11,23,9,29,2,07信義區,信義區一號道路,0,0,1,1,C03,6,1,5,50,14,9,1,4,4,5,7,4,4,10,4,5,2,18,2,60,2,9,1,1,7,9,1,10,1,14,,42,42,1,22,9,121.5619995,25.0372985
111,11,23,9,29,2,07信義區,信義區一號道路,0,0,1,2,,6,1,5,50,14,9,1,4,4,5,7,4,4,10,4,5,2,18,3,,,,,,,,,,,,,67,42,1,,,121.5619995,25.0372985
111,11,23,9,55,2,03中山區,中山區林森北路與民權東路1段口,0,0,1,1,B03,6,1,5,50,4,1,1,4,4,5,7,1,1,1,4,5,2,17,1,37,3,10,1,1,7,8,1,8,1,6,,7,7,1,22,9,121.5259431,25.0626041
111,11,23,9,55,2,03中山區,中山區林森北路與民權東路1段口,0,0,1,2,C03,6,1,5,50,4,1,1,4,4,5,7,1,1,1,4,5,2,17,1,26,2,9,1,1,7,9,1,10,1,14,,42,7,1,22,9,121.5259431,25.0626041
111,11,23,10,10,2,03中山區,中山區林森北路67巷與長安東路1段30巷口,0,0,1,1,C03,8,1,5,30,4,1,1,5,4,5,7,4,4,10,4,5,2,15,1,22,2,9,1,1,7,9,1,10,1,13,,14,44,1,22,9,121.5262236,25.04831063
111,11,23,10,10,2,03中山區,中山區林森北路67巷與長安東路1段30巷口,0,0,1,2,C03,8,1,5,30,4,1,1,5,4,5,7,4,4,10,4,5,2,15,1,33,3,10,1,1,7,9,6,10,1,11,,6,44,1,22,9,121.5262236,25.04831063
111,11,23,10,10,2,03中山區,中山區林森北路67巷與長安東路1段30巷口,0,0,1,3,B03,8,1,5,30,4,1,1,5,4,5,7,4,4,10,4,5,2,15,1,48,3,10,1,1,7,13,1,8,1,5,,44,44,1,22,9,121.5262236,25.04831063
111,11,23,10,33,2,03中山區,中山區農安街126號對面,0,0,1,1,B03,8,1,5,50,14,9,1,4,4,5,7,4,4,5,5,5,2,17,2,40,3,10,3,4,7,1,1,8,1,15,,19,19,1,22,9,121.5314336,25.0648231
111,11,23,10,33,2,03中山區,中山區農安街126號對面,0,0,1,2,C03,8,1,5,50,14,9,1,4,4,5,7,4,4,5,5,5,2,17,1,23,2,9,1,4,7,9,1,10,1,14,,42,19,1,22,9,121.5314336,25.0648231
111,11,23,10,40,2,08士林區,士林區延平北路5段239號,0,0,1,1,B03,6,1,5,50,14,9,1,4,4,5,7,2,1,1,4,5,2,12,1,67,4,11,3,4,7,10,7,19,11,15,,7,43,2,22,9,121.5097784,25.0846345
111,11,23,10,40,2,08士林區,士林區延平北路5段239號,0,0,1,2,C03,6,1,5,50,14,9,1,4,4,5,7,2,1,1,4,5,2,12,1,29,2,9,1,1,7,9,1,10,1,12,,42,43,1,22,9,121.5097784,25.0846345
111,11,23,10,41,2,01大同區,大同區台北橋機車道往台北,0,0,2,1,C03,6,1,5,40,8,11,1,4,4,5,7,1,1,9,5,5,2,17,2,21,2,9,1,1,7,9,1,10,1,14,,23,23,1,22,9,121.5105022,25.0630729
111,11,23,10,41,2,01大同區,大同區台北橋機車道往台北,0,0,2,2,C03,6,1,5,40,8,11,1,4,4,5,7,1,1,9,5,5,2,17,2,27,2,9,1,1,7,9,1,10,1,12,,23,23,1,22,9,121.5105022,25.0630729
111,11,23,10,41,2,01大同區,大同區台北橋機車道往台北,0,0,2,3,C03,6,1,5,40,8,11,1,4,4,5,7,1,1,9,5,5,2,17,1,30,3,10,1,1,7,12,1,10,1,15,,44,23,1,22,9,121.5105022,25.0630729
111,11,23,10,50,2,04大安區,大安區羅斯福路4段與新生南路3段口,0,0,3,1,B03,6,1,5,50,3,1,1,4,4,5,7,1,1,3,1,5,2,12,1,49,3,10,1,1,7,6,1,8,1,5,,9,9,1,22,9,121.5328828,25.0162709
111,11,23,10,50,2,04大安區,大安區羅斯福路4段與新生南路3段口,0,0,3,2,C03,6,1,5,50,3,1,1,4,4,5,7,1,1,3,1,5,2,12,2,20,2,9,1,1,7,9,1,10,1,14,,44,9,1,22,9,121.5328828,25.0162709
111,11,23,10,50,2,04大安區,大安區羅斯福路4段與新生南路3段口,0,0,3,3,C03,6,1,5,50,3,1,1,4,4,5,7,1,1,3,1,5,2,12,1,20,2,8,1,1,7,9,1,10,1,15,,42,9,1,22,9,121.5328828,25.0162709
111,11,23,10,50,2,04大安區,大安區羅斯福路4段與新生南路3段口,0,0,3,4,H02,6,1,5,50,3,1,1,4,4,5,7,1,1,3,1,5,2,12,2,20,2,9,4,5,7,20,8,20,10,15,,67,9,1,22,9,121.5328828,25.0162709
111,11,23,11,7,2,05中正區,中正區紹興南街與濟南路1段口口,0,0,1,1,B03,6,1,5,50,4,2,1,4,4,5,7,4,4,9,4,5,1,16,2,43,3,10,1,1,7,11,1,8,1,4,,10,10,1,21,5,121.5248174,25.0419066
111,11,23,11,7,2,05中正區,中正區紹興南街與濟南路1段口口,0,0,1,2,C03,6,1,5,50,4,2,1,4,4,5,7,4,4,9,4,5,1,16,1,71,2,8,1,1,7,9,1,10,1,11,,23,10,1,19,5,121.5248174,25.0419066
111,11,23,11,16,2,11南港區,南港區松河街320號,0,0,2,1,C03,7,1,5,40,14,9,1,5,4,5,7,4,4,9,5,5,1,16,1,18,2,9,1,1,7,11,1,10,1,14,,10,10,1,22,9,121.5835896,25.05298494
111,11,23,11,16,2,11南港區,南港區松河街320號,0,0,2,2,C03,7,1,5,40,14,9,1,5,4,5,7,4,4,9,5,5,1,16,1,42,2,9,1,4,7,9,1,10,1,11,,23,10,1,22,9,121.5835896,25.05298494
111,11,23,11,24,2,05中正區,中正區汀州路2段與汀州路2段201巷口口,0,0,1,1,B03,7,1,5,30,4,1,1,4,4,5,7,4,4,9,5,5,1,17,1,47,3,10,1,1,7,11,1,6,2,8,,10,10,1,22,9,121.5222784,25.02374351
111,11,23,11,24,2,05中正區,中正區汀州路2段與汀州路2段201巷口口,0,0,1,2,C03,7,1,5,30,4,1,1,4,4,5,7,4,4,9,5,5,1,17,2,44,2,9,1,1,7,9,1,10,2,12,,14,10,1,22,9,121.5222784,25.02374351
111,11,23,11,50,2,04大安區,大安區安居街5號,0,0,1,1,F01,6,1,5,50,14,9,1,4,4,5,7,4,4,9,4,5,2,9,1,60,3,10,1,1,7,15,8,20,1,16,,26,44,1,22,9,121.5552728,25.0211898
111,11,23,11,50,2,04大安區,大安區安居街5號,0,0,1,2,H01,6,1,5,50,14,9,1,4,4,5,7,4,4,9,4,5,2,9,2,80,2,9,4,5,8,16,8,20,10,16,,67,44,1,22,9,121.5552728,25.0211898
111,11,23,12,10,2,08士林區,士林區大東路與文林路口,0,0,1,1,C03,7,1,5,50,4,1,1,5,4,5,7,4,4,5,5,5,2,10,1,65,3,10,1,1,7,9,1,10,1,11,,6,6,1,22,9,121.5250381,25.093552
111,11,23,12,10,2,08士林區,士林區大東路與文林路口,0,0,1,2,C03,7,1,5,50,4,1,1,5,4,5,7,4,4,5,5,5,2,10,1,26,2,9,1,1,7,9,1,10,1,11,,23,6,1,22,9,121.5250381,25.093552
111,11,23,12,40,2,12內湖區,內湖區潭美街與成功路2段口,0,0,1,1,B12,6,1,5,40,3,1,1,4,4,5,7,2,1,5,5,5,1,16,1,55,3,10,1,1,7,6,1,8,1,2,,9,9,1,22,9,121.5917359,25.06009061
111,11,23,12,40,2,12內湖區,內湖區潭美街與成功路2段口,0,0,1,2,C03,6,1,5,40,3,1,1,4,4,5,7,2,1,5,5,5,1,16,2,32,2,9,1,1,7,9,1,10,1,14,,44,9,1,22,9,121.5917359,25.06009061
111,11,23,12,47,2,03中山區,中山區民族東路與新生北路3段口,0,0,2,1,B03,7,1,5,50,4,1,1,5,4,5,7,1,1,5,4,5,2,12,2,21,3,10,1,1,7,6,1,8,2,2,,9,9,1,22,9,121.5276053,25.0683009
111,11,23,12,47,2,03中山區,中山區民族東路與新生北路3段口,0,0,2,2,C03,7,1,5,50,4,1,1,5,4,5,7,1,1,5,4,5,2,12,1,61,2,9,1,1,7,9,1,10,2,14,,44,9,1,22,9,121.5276053,25.0683009
111,11,23,12,47,2,03中山區,中山區民族東路與新生北路3段口,0,0,2,3,H02,7,1,5,50,4,1,1,5,4,5,7,1,1,5,4,5,2,12,2,59,2,9,1,5,7,20,8,20,10,16,,67,9,1,22,9,121.5276053,25.0683009
111,11,23,13,0,2,12內湖區,內湖區行善路與民權東路6段56巷口,0,0,1,1,B03,6,1,5,50,4,1,1,4,4,5,7,1,1,1,5,5,2,17,1,50,3,10,1,1,7,5,1,8,1,15,,8,8,1,22,9,121.5856837,25.0663199
111,11,23,13,0,2,12內湖區,內湖區行善路與民權東路6段56巷口,0,0,1,2,C03,6,1,5,50,4,1,1,4,4,5,7,1,1,1,5,5,2,17,1,35,2,9,1,1,7,9,1,10,1,14,,13,8,1,22,9,121.5856837,25.0663199
111,11,23,13,0,2,11南港區,南港區市民大道8段與中南街口,0,0,1,1,C03,6,1,5,50,4,2,1,4,4,5,7,2,1,3,3,5,2,17,1,27,3,10,3,4,7,5,1,10,1,15,,6,6,1,22,9,121.616024,25.0544521
111,11,23,13,0,2,11南港區,南港區市民大道8段與中南街口,0,0,1,2,C03,6,1,5,50,4,2,1,4,4,5,7,2,1,3,3,5,2,17,1,23,2,9,3,4,7,9,1,10,1,15,,13,6,1,22,9,121.616024,25.0544521
111,11,23,13,2,2,12內湖區,內湖區成功路2段320巷與成功路2段口,0,0,1,1,B03,6,1,5,50,3,1,1,4,4,5,7,1,1,1,4,5,2,16,1,29,3,10,1,1,7,5,1,8,1,5,,25,25,1,22,9,121.5906602,25.06756328
111,11,23,13,2,2,12內湖區,內湖區成功路2段320巷與成功路2段口,0,0,1,2,C03,6,1,5,50,3,1,1,4,4,5,7,1,1,1,4,5,2,16,1,20,2,9,1,1,7,9,1,10,1,11,,44,25,1,22,9,121.5906602,25.06756328
111,11,23,13,6,2,09北投區,北投區中和街306號,0,0,1,1,C03,7,1,5,50,14,9,1,5,4,5,7,4,4,9,4,5,2,17,1,81,2,9,1,1,7,7,1,10,1,14,,7,7,1,22,9,121.4999352,25.1409148
111,11,23,13,6,2,09北投區,北投區中和街306號,0,0,1,2,B03,7,1,5,50,14,9,1,5,4,5,7,4,4,9,4,5,2,17,1,48,3,10,1,1,7,9,1,8,1,5,,23,7,1,22,9,121.4999352,25.1409148
111,11,23,13,15,2,07信義區,信義區松仁路與忠孝東路5段236巷2弄口,0,0,1,1,B03,7,1,5,50,3,1,1,5,4,5,7,4,4,1,4,5,2,16,1,49,3,10,1,1,7,5,1,8,1,2,,6,6,1,22,9,121.5685899,25.0405014
111,11,23,13,15,2,07信義區,信義區松仁路與忠孝東路5段236巷2弄口,0,0,1,2,C03,7,1,5,50,3,1,1,5,4,5,7,4,4,1,4,5,2,16,2,27,2,9,1,1,7,9,1,10,1,11,,23,6,1,22,9,121.5685899,25.0405014
111,11,23,13,17,2,04大安區,大安區建國南路2段與建國南路2段151巷口,0,0,2,1,C03,6,1,5,50,3,2,1,4,4,5,7,2,1,1,4,5,2,12,1,52,2,8,1,1,7,9,6,10,9,12,,23,17,1,22,9,121.537453,25.0290102
111,11,23,13,17,2,04大安區,大安區建國南路2段與建國南路2段151巷口,0,0,2,2,C03,6,1,5,50,3,2,1,4,4,5,7,2,1,1,4,5,2,12,1,22,2,7,1,1,7,3,1,9,9,14,,44,17,1,22,9,121.537453,25.0290102
111,11,23,13,52,2,04大安區,大安區仁愛路4段與敦化南路1段口(西南角),0,0,1,1,B03,7,1,5,50,4,2,1,4,4,5,7,1,1,1,5,5,2,16,1,65,3,10,1,1,7,6,1,8,2,1,,9,9,1,22,9,121.5477364,25.0375877
111,11,23,13,52,2,04大安區,大安區仁愛路4段與敦化南路1段口(西南角),0,0,1,2,F01,7,1,5,50,4,2,1,4,4,5,7,1,1,1,5,5,2,16,2,70,2,9,1,1,7,9,8,20,2,16,,44,9,1,22,9,121.5477364,25.0375877
111,11,23,13,55,2,08士林區,士林區至善路2段與至善路2段1巷口,0,0,1,1,C03,6,1,5,40,3,2,1,4,4,5,7,4,4,1,5,1,2,12,1,27,3,10,1,1,7,6,1,10,1,12,,6,6,1,22,9,121.5432109,25.09724023
111,11,23,13,55,2,08士林區,士林區至善路2段與至善路2段1巷口,0,0,1,2,C03,6,1,5,40,3,2,1,4,4,5,7,4,4,1,5,1,2,12,1,18,2,9,1,1,7,9,1,10,1,11,,23,6,1,22,9,121.5432109,25.09724023
111,11,23,13,56,2,03中山區,中山區濱江街林安泰古厝,0,0,1,1,C03,6,1,5,50,14,9,1,4,4,5,7,1,1,10,4,4,2,16,2,37,2,9,1,1,7,5,1,10,1,14,,8,8,1,22,9,121.5300477,25.07143437
111,11,23,13,56,2,03中山區,中山區濱江街林安泰古厝,0,0,1,2,B03,6,1,5,50,14,9,1,4,4,5,7,1,1,10,4,4,2,16,1,30,3,10,1,1,7,9,1,2,1,5,,44,8,1,22,9,121.5300477,25.07143437
111,11,23,14,5,2,07信義區,信義區基隆路2段51號,0,0,1,1,C03,8,1,5,50,14,9,1,5,4,5,7,4,4,1,4,5,2,18,1,22,2,9,1,1,7,9,1,10,1,11,,42,42,1,22,9,121.558333,25.030819
111,11,23,14,5,2,07信義區,信義區基隆路2段51號,0,0,1,2,,8,1,5,50,14,9,1,5,4,5,7,4,4,1,4,5,2,18,3,,,,,,,,,,,,,67,42,1,,,121.558333,25.030819
111,11,23,14,5,2,07信義區,信義區基隆路2段51號,0,0,1,3,B01,8,1,5,50,14,9,1,5,4,5,7,4,4,1,4,5,2,18,2,40,3,10,1,1,7,1,1,4,1,3,,44,42,1,22,9,121.558333,25.030819
111,11,23,14,27,2,08士林區,士林區德行東路109巷與忠誠路2段10巷口,0,0,1,1,C03,8,1,5,30,4,2,1,5,4,5,7,4,4,9,5,5,2,13,1,63,2,8,1,1,7,9,1,10,1,11,,16,16,1,22,9,121.5284128,25.1089655
111,11,23,14,27,2,08士林區,士林區德行東路109巷與忠誠路2段10巷口,0,0,1,2,B03,8,1,5,30,4,2,1,5,4,5,7,4,4,9,5,5,2,13,2,53,3,10,1,1,7,14,1,8,1,6,,44,16,1,22,9,121.5284128,25.1089655
111,11,23,14,47,2,08士林區,士林區文林路765-2號(無名巷上),0,0,1,1,B03,7,1,5,30,11,9,1,5,4,5,7,4,4,1,5,5,1,11,1,47,3,10,1,1,7,9,1,8,1,8,,5,5,1,21,8,121.5186618,25.10335175
111,11,23,14,47,2,08士林區,士林區文林路765-2號(無名巷上),0,0,1,2,B03,7,1,5,30,11,9,1,5,4,5,7,4,4,1,5,5,1,11,2,31,2,1,1,1,7,9,1,8,1,8,,5,5,1,21,8,121.5186618,25.10335175
111,11,23,15,7,2,12內湖區,內湖區康樂街與康樂街111巷口,0,0,2,1,C03,6,1,5,30,4,2,1,4,4,5,7,3,1,5,5,5,2,17,1,18,2,8,1,1,7,9,1,10,2,14,,6,6,1,22,9,121.6191251,25.07069601
111,11,23,15,7,2,12內湖區,內湖區康樂街與康樂街111巷口,0,0,2,2,C03,6,1,5,30,4,2,1,4,4,5,7,3,1,5,5,5,2,17,1,25,2,9,1,1,7,9,1,10,2,11,,44,6,1,22,9,121.6191251,25.07069601
111,11,23,15,42,2,03中山區,中山區中原街與新生北路3段3巷口,0,0,1,1,B01,7,1,5,30,4,1,1,5,4,5,7,4,4,10,5,5,2,16,1,65,3,10,1,1,7,6,1,4,1,8,,6,6,1,22,9,121.528964,25.0631047
111,11,23,15,42,2,03中山區,中山區中原街與新生北路3段3巷口,0,0,1,2,C03,7,1,5,30,4,1,1,5,4,5,7,4,4,10,5,5,2,16,2,27,2,9,1,2,7,9,1,10,1,11,14,23,6,1,22,9,121.528964,25.0631047
111,11,23,15,57,2,11南港區,南港區中坡北路與松河街口,0,0,1,1,B12,6,1,5,50,4,2,1,4,4,5,7,4,4,1,5,5,2,16,1,29,3,10,3,4,7,8,1,8,2,6,,7,7,1,22,9,121.5808351,25.0520923
111,11,23,15,57,2,11南港區,南港區中坡北路與松河街口,0,0,1,2,C03,6,1,5,50,4,2,1,4,4,5,7,4,4,1,5,5,2,16,1,57,2,9,3,4,7,9,6,18,2,14,,44,7,1,22,9,121.5808351,25.0520923
111,11,23,16,25,2,09北投區,北投區大業路600號,0,0,1,1,C03,8,1,5,50,11,9,1,5,4,5,7,4,4,9,4,1,2,12,2,78,2,9,1,1,7,7,1,10,1,14,,7,7,1,22,9,121.4976384,25.13638071
111,11,23,16,25,2,09北投區,北投區大業路600號,0,0,1,2,B03,8,1,5,50,11,9,1,5,4,5,7,4,4,9,4,1,2,12,2,60,3,10,1,1,7,9,1,8,1,5,,44,7,1,22,9,121.4976384,25.13638071
111,11,23,16,25,2,07信義區,信義區莊敬路168號,0,0,1,2,C03,6,1,5,50,14,9,1,4,4,5,7,4,4,10,4,5,2,13,1,39,3,10,1,1,7,9,1,10,1,13,,43,43,1,22,9,121.5612618,25.0318594
111,11,23,16,25,2,07信義區,信義區莊敬路168號,0,0,1,1,C03,6,1,5,50,14,9,1,4,4,5,7,4,4,10,4,5,2,13,1,64,2,7,1,1,7,9,1,10,9,11,,43,43,1,22,9,121.5612618,25.0318594