發生年度,發生月,發生日,發生時-Hours,發生分,處理別-編號,區序,肇事地點,死亡人數,2-30日死亡人數,受傷人數,當事人序號,車種,天候,光線,道路類別,速限-速度限制,道路型態,事故位置,路面狀況1,路面狀況2,路面狀況3,道路障礙1,道路障礙2,號誌1,號誌2,車道劃分-分向,車道劃分-分道1,車道劃分-分道2,車道劃分-分道3,事故類型及型態,性別,年齡,受傷程度,主要傷處,安全帽,行動電話,車輛用途,當事者行動狀態,駕駛資格情形,駕駛執照種類,飲酒情形,車輛撞擊部位1,車輛撞擊部位2,肇因碼-個別,肇因碼-主要,個人肇逃否,職業,旅次目的,座標-X,座標-Y
111,11,23,16,28,2,07信義區,信義區信義路5段15號前,0,0,1,1,A02,6,3,5,50,14,9,1,4,4,5,7,4,4,1,4,5,2,9,1,59,3,10,1,1,7,9,1,2,1,15,,44,44,1,22,9,121.5668287,25.0329711
111,11,23,16,28,2,07信義區,信義區信義路5段15號前,0,0,1,2,H02,6,3,5,50,14,9,1,4,4,5,7,4,4,1,4,5,2,9,1,18,2,7,4,5,7,17,8,20,10,16,,67,44,1,22,9,121.5668287,25.0329711
111,11,23,16,40,2,04大安區,大安區和平東路2段94號與和平東路2段口,0,0,1,1,B03,6,1,5,50,3,2,1,4,4,5,7,2,1,1,4,5,2,17,1,36,3,10,1,1,7,11,1,8,1,15,,10,10,1,22,9,121.5403866,25.0252264
111,11,23,16,40,2,04大安區,大安區和平東路2段94號與和平東路2段口,0,0,1,2,C03,6,1,5,50,3,2,1,4,4,5,7,2,1,1,4,5,2,17,1,29,2,9,1,1,7,9,1,10,1,15,,14,10,1,22,9,121.5403866,25.0252264
111,11,23,17,18,2,04大安區,大安區仁愛路4段與仁愛路4段105巷口,0,0,4,1,B03,6,3,5,30,3,1,1,4,4,5,7,4,4,9,4,5,1,13,1,70,2,3,1,1,7,9,1,5,2,1,,42,42,1,22,9,121.5494211,25.0385351
111,11,23,17,18,2,04大安區,大安區仁愛路4段與仁愛路4段105巷口,0,0,4,2,B03,6,3,5,30,3,1,1,4,4,5,7,4,4,9,4,5,1,13,1,44,3,10,1,1,7,9,1,8,2,3,,44,42,1,22,9,121.5494211,25.0385351
111,11,23,17,18,2,04大安區,大安區仁愛路4段與仁愛路4段105巷口,0,0,4,3,H01,6,3,5,30,3,1,1,4,4,5,7,4,4,9,4,5,1,13,1,34,2,1,4,5,8,16,8,20,10,16,,67,42,1,22,9,121.5494211,25.0385351
111,11,23,17,18,2,04大安區,大安區仁愛路4段與仁愛路4段105巷口,0,0,4,4,H01,6,3,5,30,3,1,1,4,4,5,7,4,4,9,4,5,1,13,2,31,2,9,1,1,8,16,8,20,10,16,,67,42,1,22,9,121.5494211,25.0385351
111,11,23,17,18,2,04大安區,大安區仁愛路4段與仁愛路4段105巷口,0,0,4,5,H02,6,3,5,30,3,1,1,4,4,5,7,4,4,9,4,5,1,13,1,14,2,1,4,5,7,20,8,20,10,16,,67,42,1,22,9,121.5494211,25.0385351
111,11,23,17,18,2,04大安區,大安區仁愛路4段與仁愛路4段105巷口,0,0,4,6,,6,3,5,30,3,1,1,4,4,5,7,4,4,9,4,5,1,13,3,,,,,,,,,,,,,67,42,1,,,121.5494211,25.0385351
111,11,23,17,18,2,04大安區,大安區仁愛路4段與仁愛路4段105巷口,0,0,4,7,,6,3,5,30,3,1,1,4,4,5,7,4,4,9,4,5,1,13,3,,,,,,,,,,,,,67,42,1,,,121.5494211,25.0385351
111,11,23,17,30,2,11南港區,南港區民權橋與民權橋口東往西,0,0,1,1,C03,6,3,5,50,14,9,1,4,4,5,7,4,4,9,4,5,2,3,1,36,3,10,1,1,7,9,1,10,2,11,,23,23,1,22,9,121.6179804,25.04555256
111,11,23,17,30,2,11南港區,南港區民權橋與民權橋口東往西,0,0,1,2,H01,6,3,5,50,14,9,1,4,4,5,7,4,4,9,4,5,2,3,1,79,2,8,4,5,8,16,8,20,10,16,,67,23,1,22,9,121.6179804,25.04555256
111,11,23,18,0,2,10文山區,文山區興隆路4段177-1號前,0,0,1,1,B03,6,3,5,50,14,7,1,4,4,5,7,4,4,1,3,4,2,16,1,41,3,10,1,1,7,11,1,8,1,2,,10,10,1,22,9,121.5620293,24.9836187
111,11,23,18,0,2,10文山區,文山區興隆路4段177-1號前,0,0,1,2,C03,6,3,5,50,14,7,1,4,4,5,7,4,4,1,3,4,2,16,1,21,2,9,1,1,7,9,1,10,1,14,,44,10,1,22,9,121.5620293,24.9836187
111,11,23,18,20,2,01大同區,大同區延平北路4段239號對面,0,0,1,1,C03,7,3,5,50,14,9,1,5,4,5,7,1,1,5,2,5,2,13,2,73,2,9,1,1,7,9,1,10,1,11,,23,23,1,22,9,121.5118818,25.0759677
111,11,23,18,20,2,01大同區,大同區延平北路4段239號對面,0,0,1,2,B03,7,3,5,50,14,9,1,5,4,5,7,1,1,5,2,5,2,13,1,68,3,10,1,1,7,14,1,8,1,3,,44,23,1,22,9,121.5118818,25.0759677
111,11,23,18,30,2,04大安區,大安區建國南路1段326號,0,0,2,1,B03,6,3,5,50,14,9,1,4,4,5,7,4,4,1,4,5,2,12,1,28,3,10,1,1,7,8,1,8,1,2,,7,,1,22,9,121.5374313,25.0351068
111,11,23,18,30,2,04大安區,大安區建國南路1段326號,0,0,2,2,C03,6,3,5,50,14,9,1,4,4,5,7,4,4,1,4,5,2,12,1,44,2,9,1,1,7,9,1,10,1,14,,44,,1,22,9,121.5374313,25.0351068
111,11,23,18,30,2,04大安區,大安區建國南路1段326號,0,0,2,3,C03,6,3,5,50,14,9,1,4,4,5,7,4,4,1,4,5,2,12,1,32,3,10,1,1,7,9,1,10,1,11,,44,,1,22,9,121.5374313,25.0351068
111,11,23,18,30,2,04大安區,大安區建國南路1段326號,0,0,2,4,H02,6,3,5,50,14,9,1,4,4,5,7,4,4,1,4,5,2,12,2,42,2,9,1,5,7,21,8,20,10,16,,67,,1,22,9,121.5374313,25.0351068
111,11,23,18,30,2,04大安區,大安區新生南路2段與和平東路2段口,0,0,1,1,C03,6,3,5,50,4,2,1,4,4,5,7,2,1,1,4,4,2,12,1,30,2,9,1,1,7,9,1,10,2,14,,17,17,1,22,9,121.5352334,25.0260851
111,11,23,18,30,2,04大安區,大安區新生南路2段與和平東路2段口,0,0,1,2,C03,6,3,5,50,4,2,1,4,4,5,7,2,1,1,4,4,2,12,1,25,3,10,1,1,7,9,1,10,2,12,,17,17,1,22,9,121.5352334,25.0260851
111,11,23,18,30,2,11南港區,南港區忠孝東路7段與忠孝東路7段265巷口,0,0,1,1,B02,6,3,5,50,3,1,1,4,4,5,7,1,1,1,4,5,2,16,2,41,3,10,1,1,7,5,1,8,1,5,,6,6,1,22,9,121.6035436,25.0517507
111,11,23,18,30,2,11南港區,南港區忠孝東路7段與忠孝東路7段265巷口,0,0,1,2,C03,6,3,5,50,3,1,1,4,4,5,7,1,1,1,4,5,2,16,1,20,2,8,1,1,7,9,1,10,1,11,,14,6,1,22,9,121.6035436,25.0517507
111,11,23,18,35,2,10文山區,文山區景華街58號,0,0,1,1,B03,6,3,5,50,14,9,1,4,4,5,7,4,4,5,5,5,2,13,1,28,3,10,1,1,7,9,1,8,1,1,,23,23,1,22,9,121.5439854,24.9950732
111,11,23,18,35,2,10文山區,文山區景華街58號,0,0,1,2,C04,6,3,5,50,14,9,1,4,4,5,7,4,4,5,5,5,2,13,2,54,2,9,1,1,7,14,1,11,1,13,,44,23,1,22,9,121.5439854,24.9950732
111,11,23,18,40,2,04大安區,大安區信義路4段與復興南路2段口,0,0,3,1,C03,6,3,5,50,14,8,1,4,4,5,7,2,1,9,3,4,2,12,2,21,2,9,1,1,7,9,1,10,1,14,,16,16,1,22,9,121.5436666,25.03311331
111,11,23,18,40,2,04大安區,大安區信義路4段與復興南路2段口,0,0,3,2,C03,6,3,5,50,14,8,1,4,4,5,7,2,1,9,3,4,2,12,1,40,2,9,1,1,7,15,1,10,1,13,,44,16,1,22,9,121.5436666,25.03311331
111,11,23,18,40,2,04大安區,大安區信義路4段與復興南路2段口,0,0,3,3,C03,6,3,5,50,14,8,1,4,4,5,7,2,1,9,3,4,2,12,1,24,2,8,1,1,7,9,1,10,1,11,,23,16,1,22,9,121.5436666,25.03311331
111,11,23,19,4,2,05中正區,中正區館前路與忠孝西路1段口,0,0,2,2,C03,8,3,5,50,4,1,1,5,4,5,7,1,1,3,4,5,2,12,1,31,2,9,1,1,7,8,1,10,2,11,,7,43,1,22,9,121.5149664,25.046664
111,11,23,19,4,2,05中正區,中正區館前路與忠孝西路1段口,0,0,2,3,H02,8,3,5,50,4,1,1,5,4,5,7,1,1,3,4,5,2,12,2,26,2,9,1,5,7,17,8,20,10,16,,67,43,1,22,9,121.5149664,25.046664
111,11,23,19,4,2,05中正區,中正區館前路與忠孝西路1段口,0,0,2,1,C03,8,3,5,50,4,1,1,5,4,5,7,1,1,3,4,5,2,12,2,56,4,11,3,4,7,15,7,19,11,15,,44,43,2,22,9,121.5149664,25.046664
111,11,23,19,17,2,05中正區,中正區福和橋往永和上橋處,0,0,1,1,C03,6,3,5,40,14,11,1,4,4,5,7,4,4,10,4,4,2,13,2,70,3,10,1,1,7,9,1,10,1,11,,16,16,1,22,9,121.5343924,25.01010847
111,11,23,19,17,2,05中正區,中正區福和橋往永和上橋處,0,0,1,2,C03,6,3,5,40,14,11,1,4,4,5,7,4,4,10,4,4,2,13,1,19,2,8,1,1,7,12,1,10,1,13,,44,16,1,22,9,121.5343924,25.01010847
111,11,23,19,39,2,09北投區,北投區新民路62巷與新民路口,0,0,1,1,C03,8,3,5,30,14,9,1,5,4,5,7,4,4,5,5,5,2,3,1,44,3,10,1,1,7,4,3,18,11,15,,15,15,2,22,9,121.5106547,25.14009527
111,11,23,19,39,2,09北投區,北投區新民路62巷與新民路口,0,0,1,2,H01,8,3,5,30,14,9,1,5,4,5,7,4,4,5,5,5,2,3,2,18,2,9,1,1,8,18,8,20,1,15,,67,15,1,22,9,121.5106547,25.14009527
111,11,23,20,57,2,07信義區,信義區松仁路與松仁路121巷口,0,0,1,2,F01,6,1,5,30,3,2,1,4,4,5,7,2,1,1,4,5,2,17,2,44,2,9,1,1,7,9,8,20,11,16,,43,43,1,22,9,121.5685134,25.0347315
111,11,23,20,57,2,07信義區,信義區松仁路與松仁路121巷口,0,0,1,1,,6,1,5,30,3,2,1,4,4,5,7,2,1,1,4,5,2,17,4,,4,11,3,4,7,15,7,19,11,15,,43,43,2,22,9,121.5685134,25.0347315
111,11,23,21,37,2,04大安區,大安區和平東路1段77-1號,0,0,1,1,B02,6,3,5,50,14,9,1,4,4,5,7,4,4,9,4,5,2,12,1,33,3,10,1,1,7,9,1,8,2,1,,16,23,1,22,9,121.5252855,25.02690598
111,11,23,21,37,2,04大安區,大安區和平東路1段77-1號,0,0,1,2,B12,6,3,5,50,14,9,1,4,4,5,7,4,4,9,4,5,2,12,1,58,2,1,1,1,7,9,1,8,2,3,,44,23,1,22,9,121.5252855,25.02690598
111,11,23,21,37,2,04大安區,大安區和平東路1段77-1號,0,0,1,3,B02,6,3,5,50,14,9,1,4,4,5,7,4,4,9,4,5,2,12,1,47,3,10,1,1,7,14,1,8,2,3,,44,23,1,22,9,121.5252855,25.02690598
111,11,23,21,58,2,03中山區,中山區建國高架道往北接國道,0,0,2,1,B03,6,3,5,70,10,9,1,4,4,5,7,4,4,1,4,5,2,13,1,26,2,2,3,4,7,9,1,8,1,1,,16,16,1,22,9,121.5332715,25.0691128
111,11,23,21,58,2,03中山區,中山區建國高架道往北接國道,0,0,2,2,B03,6,3,5,70,10,9,1,4,4,5,7,4,4,1,4,5,2,13,2,38,2,8,3,4,7,12,1,8,1,3,,44,16,1,22,9,121.5332715,25.0691128
111,11,23,21,58,2,03中山區,中山區建國高架道往北接國道,0,0,2,3,B03,6,3,5,70,10,9,1,4,4,5,7,4,4,1,4,5,2,13,1,28,3,10,3,4,7,12,1,8,1,3,,44,16,1,22,9,121.5332715,25.0691128
111,11,23,22,2,2,06松山區,松山區塔悠路221號,0,0,1,1,C03,6,1,5,50,14,11,1,4,4,5,7,4,4,1,3,5,2,18,1,35,2,9,3,4,7,15,1,10,1,14,,23,23,1,22,9,121.5691555,25.05911282
111,11,23,22,2,2,06松山區,松山區塔悠路221號,0,0,1,2,,6,1,5,50,14,11,1,4,4,5,7,4,4,1,3,5,2,18,3,,,,,,,,,,,,,67,23,1,,,121.5691555,25.05911282
111,11,23,22,10,2,09北投區,北投區中央南路1段與崇仁路1段口,0,0,1,1,C03,6,3,5,50,3,1,1,4,4,5,7,3,1,9,4,5,2,12,2,26,2,9,3,4,7,9,1,10,2,12,,6,6,1,22,9,121.5034654,25.1184623
111,11,23,22,10,2,09北投區,北投區中央南路1段與崇仁路1段口,0,0,1,2,B03,6,3,5,50,3,1,1,4,4,5,7,3,1,9,4,5,2,12,2,44,3,10,3,4,7,4,1,8,2,8,,14,6,1,22,9,121.5034654,25.1184623
111,11,23,22,14,2,02萬華區,萬華區西藏路與西園路2段口,0,0,2,1,C03,6,3,5,50,4,2,1,4,4,5,7,1,1,1,4,4,2,17,2,18,2,8,1,1,7,9,1,10,1,11,,43,43,1,22,9,121.4959204,25.02872371
111,11,23,22,14,2,02萬華區,萬華區西藏路與西園路2段口,0,0,2,2,C04,6,3,5,50,4,2,1,4,4,5,7,1,1,1,4,4,2,17,2,42,2,8,1,1,7,9,1,10,1,14,,43,43,1,22,9,121.4959204,25.02872371
111,11,23,22,25,2,05中正區,中正區羅斯福路4段72-1號前,0,0,2,1,C03,6,3,5,50,14,9,1,4,4,5,7,1,1,1,4,5,2,3,1,26,2,9,1,1,7,9,1,10,1,11,,15,15,1,22,9,121.5343251,25.01462843
111,11,23,22,25,2,05中正區,中正區羅斯福路4段72-1號前,0,0,2,2,H01,6,3,5,50,14,9,1,4,4,5,7,1,1,1,4,5,2,3,1,29,2,1,4,5,8,16,8,20,1,16,,52,15,1,22,9,121.5343251,25.01462843
111,11,23,22,35,2,08士林區,士林區文林路與小北街口,0,0,1,1,C03,6,3,5,50,4,2,1,4,4,5,7,1,1,10,5,5,1,17,2,22,3,10,1,1,7,5,1,10,1,15,,25,25,1,22,9,121.5270041,25.090283
111,11,23,22,35,2,08士林區,士林區文林路與小北街口,0,0,1,2,C03,6,3,5,50,4,2,1,4,4,5,7,1,1,10,5,5,1,17,1,19,2,9,1,1,7,9,1,10,1,12,,44,25,1,22,9,121.5270041,25.090283
111,11,23,22,37,2,07信義區,信義區莊敬路178巷2號,0,0,1,1,B02,6,3,5,50,14,7,1,4,4,5,7,4,4,9,5,4,2,16,2,34,3,10,1,1,7,11,1,8,1,5,,10,10,1,22,9,121.5612864,25.0313321
111,11,23,22,37,2,07信義區,信義區莊敬路178巷2號,0,0,1,2,C03,6,3,5,50,14,7,1,4,4,5,7,4,4,9,5,4,2,16,1,28,2,8,1,1,7,9,1,10,1,11,,44,10,1,22,9,121.5612864,25.0313321
111,11,23,23,18,2,03中山區,中山區民權東路3段37號,0,0,1,1,C03,6,3,5,50,14,9,1,4,4,5,7,1,1,1,3,5,1,16,1,31,3,10,1,1,7,9,1,10,1,11,,25,25,1,22,9,121.5425104,25.0624438
111,11,23,23,18,2,03中山區,中山區民權東路3段37號,0,0,1,2,C03,6,3,5,50,14,9,1,4,4,5,7,1,1,1,3,5,1,16,1,22,2,9,1,1,7,9,1,10,1,11,,44,25,1,22,9,121.5425104,25.0624438
111,11,23,23,19,2,08士林區,士林區承德路5段6號停車格旁往南方向,0,0,1,1,B03,6,3,5,40,14,9,1,4,4,5,7,4,4,10,5,5,1,16,1,29,3,10,1,1,7,1,1,8,1,4,,19,19,1,22,9,121.5147884,25.09360182
111,11,23,23,19,2,08士林區,士林區承德路5段6號停車格旁往南方向,0,0,1,2,C03,6,3,5,40,14,9,1,4,4,5,7,4,4,10,5,5,1,16,1,58,2,9,1,1,7,9,1,10,1,11,,23,19,1,22,9,121.5147884,25.09360182
111,11,23,23,44,2,04大安區,大安區辛亥路2段與建國南路2段口,0,0,1,1,B03,6,3,5,50,14,11,1,4,4,5,7,2,1,8,3,4,1,13,1,31,3,10,1,1,7,9,1,8,1,1,,26,26,1,21,5,121.5381603,25.02242016
111,11,23,23,44,2,04大安區,大安區辛亥路2段與建國南路2段口,0,0,1,2,C03,6,3,5,50,14,11,1,4,4,5,7,2,1,8,3,4,1,13,2,51,2,8,1,1,7,14,1,10,1,13,,44,26,1,5,1,121.5381603,25.02242016
111,11,24,0,28,2,04大安區,大安區基隆路2段與和平東路3段口,0,0,1,1,B02,6,3,5,50,15,9,1,4,4,5,7,2,1,8,3,5,1,17,1,26,3,10,1,1,7,6,1,8,1,7,,9,9,1,21,5,121.5521249,25.02403298
111,11,24,0,28,2,04大安區,大安區基隆路2段與和平東路3段口,0,0,1,2,C03,6,3,5,50,15,9,1,4,4,5,7,2,1,8,3,5,1,17,1,24,2,7,1,1,7,9,1,10,1,11,,23,9,1,21,5,121.5521249,25.02403298
111,11,24,1,0,2,04大安區,大安區市民大道4段與光復南路口,0,0,1,1,B03,6,3,5,50,5,1,1,4,4,5,7,1,1,1,5,5,1,15,1,22,3,10,1,1,7,9,1,8,2,2,,25,25,1,22,9,121.5576268,25.0449667
111,11,24,1,0,2,04大安區,大安區市民大道4段與光復南路口,0,0,1,2,C04,6,3,5,50,5,1,1,4,4,5,7,1,1,1,5,5,1,15,1,24,2,9,1,1,7,9,1,10,2,12,,44,25,1,22,9,121.5576268,25.0449667
111,11,24,1,38,2,01大同區,大同區鄭州路與塔城街口,0,0,1,1,B02,6,3,5,40,4,2,1,4,4,5,7,2,1,1,4,5,2,13,1,43,3,10,3,4,7,9,6,18,2,1,,16,42,1,22,9,121.5105988,25.05028526
111,11,24,1,38,2,01大同區,大同區鄭州路與塔城街口,0,0,1,2,B03,6,3,5,40,4,2,1,4,4,5,7,2,1,1,4,5,2,13,1,23,2,9,3,4,7,9,1,8,2,3,,42,42,1,22,9,121.5105988,25.05028526
111,11,24,1,38,2,01大同區,大同區鄭州路與塔城街口,0,0,1,3,C03,6,3,5,40,4,2,1,4,4,5,7,2,1,1,4,5,2,13,2,55,4,11,3,4,7,15,7,19,11,15,,44,42,2,22,9,121.5105988,25.05028526
111,11,24,5,18,2,03中山區,中山區民族東路68號,0,0,1,1,C03,6,3,5,50,14,9,1,4,4,5,7,4,4,5,4,5,2,13,1,31,2,6,3,4,7,9,1,10,1,11,,23,23,1,22,9,121.5263243,25.0683399
111,11,24,5,18,2,03中山區,中山區民族東路68號,0,0,1,2,B01,6,3,5,50,14,9,1,4,4,5,7,4,4,5,4,5,2,13,1,61,3,10,3,4,7,9,1,4,1,7,,44,23,1,22,9,121.5263243,25.0683399
111,11,24,6,25,2,08士林區,士林區中山北路5段與福國路口,0,0,2,1,C03,6,1,5,50,3,1,1,4,4,5,7,1,1,1,4,5,1,16,1,49,2,9,3,4,7,5,1,10,2,14,,25,25,1,22,9,121.525622,25.1025075
111,11,24,6,25,2,08士林區,士林區中山北路5段與福國路口,0,0,2,2,C03,6,1,5,50,3,1,1,4,4,5,7,1,1,1,4,5,1,16,1,48,2,7,3,4,7,9,6,18,2,12,,25,25,1,22,9,121.525622,25.1025075
111,11,24,7,36,2,07信義區,信義區松仁路與松勤街口,0,0,1,1,B03,6,1,5,50,4,1,1,4,4,5,7,1,1,5,2,4,2,17,2,52,3,10,1,1,7,5,1,8,11,15,,6,6,1,22,9,121.5683453,25.03191069
111,11,24,7,36,2,07信義區,信義區松仁路與松勤街口,0,0,1,2,C03,6,1,5,50,4,1,1,4,4,5,7,1,1,5,2,4,2,17,2,27,2,9,1,1,7,9,1,10,1,14,,44,6,1,22,9,121.5683453,25.03191069
111,11,24,7,40,2,08士林區,士林區社中街432號,0,0,2,1,C03,6,1,5,30,14,9,1,4,4,5,7,4,4,5,5,5,1,12,1,21,3,10,3,4,7,9,1,10,1,14,,6,44,1,22,9,121.5023581,25.09170765
111,11,24,7,40,2,08士林區,士林區社中街432號,0,0,2,2,C03,6,1,5,30,14,9,1,4,4,5,7,4,4,5,5,5,1,12,2,31,2,8,3,4,7,8,1,9,1,12,,7,44,1,22,9,121.5023581,25.09170765
111,11,24,7,40,2,08士林區,士林區社中街432號,0,0,2,3,H02,6,1,5,30,14,9,1,4,4,5,7,4,4,5,5,5,1,12,1,7,2,1,3,4,7,20,8,20,10,16,,67,44,1,22,9,121.5023581,25.09170765
111,11,24,7,45,2,08士林區,士林區福林路240號,0,0,1,1,C03,6,1,5,50,14,9,1,4,4,5,7,4,4,5,4,5,2,17,1,24,2,9,1,1,7,9,1,10,1,11,,16,16,1,22,9,121.5340429,25.0976639
111,11,24,7,45,2,08士林區,士林區福林路240號,0,0,1,2,B03,6,1,5,50,14,9,1,4,4,5,7,4,4,5,4,5,2,17,2,37,3,10,1,1,7,9,1,8,1,3,,44,16,1,22,9,121.5340429,25.0976639
111,11,24,7,45,2,08士林區,士林區福林路240號,0,0,1,3,B03,6,1,5,50,14,9,1,4,4,5,7,4,4,5,4,5,2,17,1,47,3,10,1,1,7,9,1,8,1,4,,44,16,1,22,9,121.5340429,25.0976639
111,11,24,8,3,2,10文山區,文山區木柵路4段84號前,0,0,1,1,C03,6,1,5,50,14,8,1,4,4,5,7,4,4,4,3,4,1,16,1,19,3,10,1,1,7,8,3,18,9,12,,23,17,2,22,9,121.5745368,24.9980647
111,11,24,8,3,2,10文山區,文山區木柵路4段84號前,0,0,1,2,C03,6,1,5,50,14,8,1,4,4,5,7,4,4,4,3,4,1,16,2,34,2,7,1,1,7,14,1,10,1,14,,42,17,1,22,9,121.5745368,24.9980647
111,11,24,8,5,2,01大同區,大同區重慶北路3段與昌吉街口,0,0,1,1,B02,6,1,5,50,4,1,1,4,4,5,7,2,1,1,4,5,2,12,1,50,3,10,3,4,7,6,1,8,1,2,,9,9,1,22,9,121.5135598,25.06595495
111,11,24,8,5,2,01大同區,大同區重慶北路3段與昌吉街口,0,0,1,2,C03,6,1,5,50,4,1,1,4,4,5,7,2,1,1,4,5,2,12,1,31,2,9,1,4,7,9,1,10,1,11,,44,9,1,22,9,121.5135598,25.06595495
111,11,24,8,5,2,12內湖區,內湖區五分街與東湖路160巷口,0,0,2,1,C03,6,1,5,30,4,1,1,4,4,5,7,2,1,5,4,5,1,16,1,29,2,9,1,1,7,5,1,10,1,14,,44,44,1,22,9,121.6172615,25.06718743
111,11,24,8,5,2,12內湖區,內湖區五分街與東湖路160巷口,0,0,2,2,C03,6,1,5,30,4,1,1,4,4,5,7,2,1,5,4,5,1,16,1,24,2,9,1,1,7,9,1,10,1,11,,23,44,1,22,9,121.6172615,25.06718743
111,11,24,8,16,2,02萬華區,萬華區西園路2段與東園街口,0,0,1,2,C03,6,1,5,50,5,2,1,4,4,5,7,1,1,1,3,5,1,17,2,22,2,9,3,4,7,9,1,10,2,15,,44,43,1,22,9,121.4953544,25.02829356
111,11,24,8,16,2,02萬華區,萬華區西園路2段與東園街口,0,0,1,1,C03,6,1,5,50,5,2,1,4,4,5,7,1,1,1,3,5,1,17,1,61,4,11,3,4,7,15,7,19,11,15,,25,43,2,22,9,121.4953544,25.02829356
111,11,24,8,29,2,02萬華區,萬華區西園路2段11巷與西園路2段口,0,0,1,1,B03,6,1,5,50,4,2,1,4,4,5,7,1,1,8,3,5,1,17,2,63,3,10,1,1,7,6,1,8,11,2,,9,9,1,22,9,121.4973918,25.0319302
111,11,24,8,29,2,02萬華區,萬華區西園路2段11巷與西園路2段口,0,0,1,2,C04,6,1,5,50,4,2,1,4,4,5,7,1,1,8,3,5,1,17,2,72,2,9,1,1,7,9,5,18,11,14,,44,9,1,22,9,121.4973918,25.0319302
111,11,24,8,42,2,11南港區,南港區市民大道8段與中南街口,0,0,1,1,C03,6,1,5,50,5,1,1,4,4,5,7,1,1,1,4,4,2,16,2,22,2,1,1,1,7,5,1,10,1,12,,6,6,1,22,9,121.6122267,25.0540563
111,11,24,8,42,2,11南港區,南港區市民大道8段與中南街口,0,0,1,2,B03,6,1,5,50,5,1,1,4,4,5,7,1,1,1,4,4,2,16,1,34,3,10,1,1,7,9,1,8,1,1,,14,6,1,22,9,121.6122267,25.0540563
111,11,24,8,45,2,05中正區,中正區濟南路2段與忠孝東路2段134巷口,0,0,1,1,B03,6,1,5,50,4,1,1,4,4,5,7,4,4,8,4,5,2,12,1,42,3,10,1,1,7,6,1,8,1,2,,44,44,1,22,9,121.5316146,25.04026706
111,11,24,8,45,2,05中正區,中正區濟南路2段與忠孝東路2段134巷口,0,0,1,2,C03,6,1,5,50,4,1,1,4,4,5,7,4,4,8,4,5,2,12,1,41,2,9,1,1,7,9,1,10,1,15,,44,44,1,22,9,121.5316146,25.04026706
111,11,24,8,48,2,04大安區,大安區信義路2段246號,0,0,1,1,B03,6,1,5,50,14,9,1,4,4,5,7,4,4,1,4,5,2,17,1,54,4,11,3,4,7,10,7,19,11,15,,7,43,2,22,9,121.5322525,25.0335431
111,11,24,8,48,2,04大安區,大安區信義路2段246號,0,0,1,2,C03,6,1,5,50,14,9,1,4,4,5,7,4,4,1,4,5,2,17,2,29,2,8,1,4,7,9,1,10,1,14,,44,43,1,22,9,121.5322525,25.0335431
111,11,24,8,49,2,01大同區,大同區承德路2段75巷與赤峰街口,0,0,3,2,B03,6,1,5,30,4,1,1,4,4,5,7,4,4,10,5,5,2,15,1,42,2,9,3,4,7,9,1,8,1,1,,44,6,1,22,9,121.5196579,25.0557403
111,11,24,8,49,2,01大同區,大同區承德路2段75巷與赤峰街口,0,0,3,3,C03,6,1,5,30,4,1,1,4,4,5,7,4,4,10,5,5,2,15,1,29,3,10,3,4,7,13,7,19,11,15,,44,6,1,22,9,121.5196579,25.0557403
111,11,24,8,49,2,01大同區,大同區承德路2段75巷與赤峰街口,0,0,3,4,,6,1,5,30,4,1,1,4,4,5,7,4,4,10,5,5,2,15,3,,,,,,,,,,,,,67,6,1,,,121.5196579,25.0557403
111,11,24,8,49,2,01大同區,大同區承德路2段75巷與赤峰街口,0,0,3,5,H02,6,1,5,30,4,1,1,4,4,5,7,4,4,10,5,5,2,15,2,77,2,1,4,5,7,21,8,20,10,15,,67,6,1,22,9,121.5196579,25.0557403
111,11,24,8,49,2,01大同區,大同區承德路2段75巷與赤峰街口,0,0,3,1,B12,6,1,5,30,4,1,1,4,4,5,7,4,4,10,5,5,2,15,1,48,3,10,3,4,7,9,1,8,1,2,,6,6,1,22,9,121.5196579,25.0557403
111,11,24,8,49,2,01大同區,大同區承德路2段75巷與赤峰街口,0,0,3,6,H02,6,1,5,30,4,1,1,4,4,5,7,4,4,10,5,5,2,15,1,82,2,3,4,5,7,21,8,20,10,15,,67,6,1,22,9,121.5196579,25.0557403
111,11,24,9,25,2,04大安區,大安區和平東路1段與師大路口,0,0,2,1,C03,6,1,5,50,3,1,1,4,4,5,7,2,1,1,4,5,2,1,1,19,2,9,1,1,7,9,1,10,1,11,,15,23,1,22,9,121.5285991,25.0264767
111,11,24,9,25,2,04大安區,大安區和平東路1段與師大路口,0,0,2,2,H01,6,1,5,50,3,1,1,4,4,5,7,2,1,1,4,5,2,1,2,18,2,9,4,5,8,16,8,20,10,16,,52,23,1,22,9,121.5285991,25.0264767
111,11,24,9,56,2,07信義區,信義區松山路與虎林街81巷口,0,0,1,1,A02,7,1,5,50,3,1,1,4,4,5,7,2,1,8,3,5,2,12,1,50,3,10,1,1,7,9,1,2,1,1,,43,43,1,22,9,121.5777376,25.04433014