發生年度,發生月,發生日,發生時-Hours,發生分,處理別-編號,區序,肇事地點,死亡人數,2-30日死亡人數,受傷人數,當事人序號,車種,天候,光線,道路類別,速限-速度限制,道路型態,事故位置,路面狀況1,路面狀況2,路面狀況3,道路障礙1,道路障礙2,號誌1,號誌2,車道劃分-分向,車道劃分-分道1,車道劃分-分道2,車道劃分-分道3,事故類型及型態,性別,年齡,受傷程度,主要傷處,安全帽,行動電話,車輛用途,當事者行動狀態,駕駛資格情形,駕駛執照種類,飲酒情形,車輛撞擊部位1,車輛撞擊部位2,肇因碼-個別,肇因碼-主要,個人肇逃否,職業,旅次目的,座標-X,座標-Y
111,11,24,9,56,2,07信義區,信義區松山路與虎林街81巷口,0,0,1,2,C03,7,1,5,50,3,1,1,4,4,5,7,2,1,8,3,5,2,12,1,35,2,9,1,1,7,15,1,10,1,13,,43,43,1,22,9,121.5777376,25.04433014
111,11,24,10,13,2,09北投區,北投區立農街2段與立農街2段口155號出入道路口,0,0,1,1,B03,6,1,5,30,3,1,1,4,4,5,7,1,1,5,5,5,2,13,2,53,3,10,1,1,7,9,1,8,1,8,,16,16,1,22,9,121.5132668,25.11900491
111,11,24,10,13,2,09北投區,北投區立農街2段與立農街2段口155號出入道路口,0,0,1,2,C03,6,1,5,30,3,1,1,4,4,5,7,1,1,5,5,5,2,13,2,26,2,7,1,1,7,5,1,10,1,13,,44,16,1,22,9,121.5132668,25.11900491
111,11,24,10,17,2,02萬華區,萬華區華中橋機車道往北市方向下橋處,0,0,1,1,B02,6,1,5,50,14,16,1,4,4,5,7,4,4,1,4,5,2,17,1,66,3,10,1,1,7,7,1,8,1,4,,7,7,1,22,9,121.4971676,25.01896147
111,11,24,10,17,2,02萬華區,萬華區華中橋機車道往北市方向下橋處,0,0,1,2,C03,6,1,5,50,14,16,1,4,4,5,7,4,4,1,4,5,2,17,2,59,2,9,1,1,7,9,1,10,1,12,,44,7,1,22,9,121.4971676,25.01896147
111,11,24,10,17,2,12內湖區,內湖區星雲街28號前,0,0,1,1,C03,6,1,5,40,14,9,1,4,4,5,7,4,4,9,5,5,2,16,1,45,2,8,1,1,7,1,1,10,1,14,,19,19,1,22,9,121.5908048,25.07824899
111,11,24,10,17,2,12內湖區,內湖區星雲街28號前,0,0,1,2,B03,6,1,5,40,14,9,1,4,4,5,7,4,4,9,5,5,2,16,1,27,3,10,1,1,7,9,1,8,1,5,,44,19,1,22,9,121.5908048,25.07824899
111,11,24,10,20,2,05中正區,中正區丹陽街51號,0,0,1,1,C03,6,1,5,30,14,9,1,4,4,5,7,4,4,8,4,5,2,13,2,22,2,9,1,1,7,9,1,10,2,11,,16,16,1,22,9,121.5252283,25.03908669
111,11,24,10,20,2,05中正區,中正區丹陽街51號,0,0,1,2,B03,6,1,5,30,14,9,1,4,4,5,7,4,4,8,4,5,2,13,1,54,3,10,1,1,7,14,1,8,2,3,,44,16,1,22,9,121.5252283,25.03908669
111,11,24,10,52,2,12內湖區,內湖區潭美街530號,0,0,2,1,C03,6,1,5,40,14,9,1,4,4,5,7,4,4,9,5,5,2,11,1,82,2,7,1,1,7,5,1,10,2,12,,8,6,1,22,9,121.5981364,25.0605454
111,11,24,10,52,2,12內湖區,內湖區潭美街530號,0,0,2,2,C03,6,1,5,40,14,9,1,4,4,5,7,4,4,9,5,5,2,11,1,55,2,1,1,1,7,9,1,10,9,11,,44,6,1,22,9,121.5981364,25.0605454
111,11,24,11,0,2,10文山區,文山區木柵路3段與木柵路3段102巷口旁,0,0,2,1,C03,6,1,5,50,3,2,1,4,4,5,7,2,1,9,4,5,2,16,1,70,2,7,1,1,7,1,1,10,1,12,,19,19,1,22,9,121.5674364,24.98867773
111,11,24,11,0,2,10文山區,文山區木柵路3段與木柵路3段102巷口旁,0,0,2,2,C03,6,1,5,50,3,2,1,4,4,5,7,2,1,9,4,5,2,16,2,24,2,8,1,1,7,9,1,10,1,14,,44,19,1,22,9,121.5674364,24.98867773
111,11,24,11,16,2,04大安區,大安區仁愛路4段409號,0,0,1,1,B01,6,1,5,50,14,9,1,4,4,5,7,4,4,1,3,5,1,12,1,55,3,10,1,1,7,8,1,4,1,2,,7,7,1,22,9,121.5571606,25.0379011
111,11,24,11,16,2,04大安區,大安區仁愛路4段409號,0,0,1,2,C03,6,1,5,50,14,9,1,4,4,5,7,4,4,1,3,5,1,12,1,34,2,7,1,1,7,9,1,10,1,14,,44,7,1,22,9,121.5571606,25.0379011
111,11,24,11,20,2,07信義區,信義區忠孝東路5段627號,0,0,1,1,C03,6,1,5,50,14,9,1,4,4,5,7,2,1,1,5,5,2,18,2,32,2,9,1,1,7,9,1,10,9,14,,43,,1,22,9,121.5793353,25.041697
111,11,24,11,20,2,07信義區,信義區忠孝東路5段627號,0,0,1,2,,6,1,5,50,14,9,1,4,4,5,7,2,1,1,5,5,2,18,3,,,,,,,,,,,,,67,,1,,,121.5793353,25.041697
111,11,24,11,33,2,02萬華區,萬華區堤外便道華中青年與水源快速道路口,0,0,1,1,B03,6,1,5,50,3,1,1,4,4,5,7,4,4,1,4,5,2,17,2,46,3,10,1,1,7,6,1,8,1,5,,9,9,1,22,9,121.5003562,25.01764407
111,11,24,11,33,2,02萬華區,萬華區堤外便道華中青年與水源快速道路口,0,0,1,2,C03,6,1,5,50,3,1,1,4,4,5,7,4,4,1,4,5,2,17,1,26,2,9,1,1,7,9,1,10,1,14,,44,9,1,22,9,121.5003562,25.01764407
111,11,24,11,50,2,10文山區,文山區光輝路71巷與下崙路口口,0,0,1,1,C03,6,1,5,50,3,1,1,4,4,5,7,3,1,4,5,5,2,18,2,21,2,9,1,1,7,9,1,10,1,12,,42,42,1,22,9,121.556268,24.9862148
111,11,24,11,50,2,10文山區,文山區光輝路71巷與下崙路口口,0,0,1,2,,6,1,5,50,3,1,1,4,4,5,7,3,1,4,5,5,2,18,3,,,,,,,,,,,,,67,42,1,,,121.556268,24.9862148
111,11,24,12,0,2,12內湖區,內湖區成功路2段325號,0,0,1,1,B03,6,1,5,50,14,9,1,4,4,5,7,4,4,1,4,5,1,13,1,25,3,10,1,1,7,10,3,18,1,1,,7,16,1,22,9,121.589887,25.07252589
111,11,24,12,0,2,12內湖區,內湖區成功路2段325號,0,0,1,2,C03,6,1,5,50,14,9,1,4,4,5,7,4,4,1,4,5,1,13,2,23,2,1,1,1,7,9,1,10,1,13,,44,16,1,22,9,121.589887,25.07252589
111,11,24,12,0,2,12內湖區,內湖區成功路2段325號,0,0,1,3,B12,6,1,5,50,14,9,1,4,4,5,7,4,4,1,4,5,1,13,1,44,3,10,1,1,7,14,1,8,1,3,,44,16,1,22,9,121.589887,25.07252589
111,11,24,12,0,2,07信義區,信義區林口街與忠孝東路5段524巷口,0,0,1,1,B03,6,1,5,40,4,1,1,4,4,5,7,1,1,9,5,4,2,16,1,67,3,10,3,4,7,5,1,8,1,4,,6,6,1,22,9,121.5801476,25.0399492
111,11,24,12,0,2,07信義區,信義區林口街與忠孝東路5段524巷口,0,0,1,2,C03,6,1,5,40,4,1,1,4,4,5,7,1,1,9,5,4,2,16,2,61,2,9,1,1,7,9,1,10,1,12,,23,6,1,22,9,121.5801476,25.0399492
111,11,24,12,27,2,04大安區,大安區市民高架道往東178燈桿,0,0,1,1,C01,6,1,5,0,10,9,1,4,4,5,7,4,4,9,4,5,2,13,1,29,2,9,1,1,7,12,1,9,1,11,,16,16,1,22,9,121.5523677,25.04449125
111,11,24,12,27,2,04大安區,大安區市民高架道往東178燈桿,0,0,1,2,B02,6,1,5,0,10,9,1,4,4,5,7,4,4,9,4,5,2,13,1,50,3,10,1,1,7,9,1,8,1,3,,44,16,1,22,9,121.5523677,25.04449125
111,11,24,12,45,2,05中正區,中正區重慶南路3段與重慶南路3段26巷附近口,0,0,1,1,B01,6,1,5,50,3,2,1,4,4,5,7,4,4,1,4,5,1,17,1,44,3,10,1,1,7,8,1,4,2,2,,7,7,1,22,9,121.5154884,25.02884662
111,11,24,12,45,2,05中正區,中正區重慶南路3段與重慶南路3段26巷附近口,0,0,1,2,C03,6,1,5,50,3,2,1,4,4,5,7,4,4,1,4,5,1,17,1,29,2,9,1,1,7,9,1,10,2,12,,42,7,1,22,9,121.5154884,25.02884662
111,11,24,12,53,2,07信義區,信義區崇德街與無名巷口,0,0,2,1,C03,6,1,5,50,4,1,1,4,4,5,7,4,4,9,5,5,2,17,2,37,2,9,1,1,7,5,1,10,1,12,,6,6,1,22,9,121.5534547,25.02447032
111,11,24,12,53,2,07信義區,信義區崇德街與無名巷口,0,0,2,2,C03,6,1,5,50,4,1,1,4,4,5,7,4,4,9,5,5,2,17,1,78,3,10,1,1,7,9,1,10,1,11,,44,6,1,22,9,121.5534547,25.02447032
111,11,24,12,53,2,07信義區,信義區崇德街與無名巷口,0,0,2,3,H02,6,1,5,50,4,1,1,4,4,5,7,4,4,9,5,5,2,17,2,53,2,9,1,4,7,17,8,20,10,16,,67,6,1,22,9,121.5534547,25.02447032
111,11,24,13,30,2,04大安區,大安區和平東路2段與建國南路2段口,0,0,1,1,B03,6,1,5,40,5,1,1,4,4,5,7,1,1,1,4,5,2,15,2,20,3,10,1,4,7,9,1,8,9,6,,25,25,1,22,9,121.5374778,25.025582
111,11,24,13,30,2,04大安區,大安區和平東路2段與建國南路2段口,0,0,1,2,C03,6,1,5,40,5,1,1,4,4,5,7,1,1,1,4,5,2,15,1,20,2,8,1,4,7,9,1,10,9,14,,23,25,1,22,9,121.5374778,25.025582
111,11,24,14,6,2,04大安區,大安區復興南路1段與大安路1段116巷口,0,0,1,1,B03,6,1,5,50,4,1,1,4,4,5,7,1,1,9,4,5,1,15,1,68,3,10,1,1,7,9,1,8,1,8,,25,25,1,22,9,121.5436982,25.0398518
111,11,24,14,6,2,04大安區,大安區復興南路1段與大安路1段116巷口,0,0,1,2,C03,6,1,5,50,4,1,1,4,4,5,7,1,1,9,4,5,1,15,2,33,2,2,1,1,7,9,1,10,1,12,,44,25,1,22,9,121.5436982,25.0398518
111,11,24,14,6,2,04大安區,大安區復興南路1段與大安路1段116巷口,0,0,1,3,B03,6,1,5,50,4,1,1,4,4,5,7,1,1,9,4,5,1,15,1,40,3,10,1,1,7,14,1,8,9,8,,44,,1,22,9,121.5436982,25.0398518
111,11,24,14,19,2,09北投區,北投區承德路7段與石牌路1段口,0,0,2,1,B03,6,1,5,50,4,1,1,4,4,5,7,2,1,1,4,5,1,13,1,68,3,10,1,1,7,5,1,1,1,1,,23,23,1,22,9,121.5092527,25.11239673
111,11,24,14,19,2,09北投區,北投區承德路7段與石牌路1段口,0,0,2,2,C03,6,1,5,50,4,1,1,4,4,5,7,2,1,1,4,5,1,13,2,42,2,8,1,1,7,5,1,10,1,13,,43,23,1,22,9,121.5092527,25.11239673
111,11,24,14,19,2,09北投區,北投區承德路7段與石牌路1段口,0,0,2,3,H02,6,1,5,50,4,1,1,4,4,5,7,2,1,1,4,5,1,13,2,61,2,9,1,5,7,21,8,20,10,16,,67,23,1,22,9,121.5092527,25.11239673
111,11,24,14,23,2,02萬華區,萬華區漢口街2段90巷與漢口街2段90巷8弄口,0,0,2,1,C03,6,1,5,30,4,1,1,4,4,5,7,4,4,10,5,5,2,17,2,18,2,9,1,1,7,9,1,10,2,11,,6,6,1,22,9,121.5042459,25.04591704
111,11,24,14,23,2,02萬華區,萬華區漢口街2段90巷與漢口街2段90巷8弄口,0,0,2,2,C03,6,1,5,30,4,1,1,4,4,5,7,4,4,10,5,5,2,17,1,33,2,9,1,1,7,9,1,10,2,14,,30,6,1,22,9,121.5042459,25.04591704
111,11,24,14,23,2,02萬華區,萬華區漢口街2段90巷與漢口街2段90巷8弄口,0,0,2,3,C04,6,1,5,30,4,1,1,4,4,5,7,4,4,10,5,5,2,17,4,,4,11,3,4,7,15,7,19,11,15,,38,6,2,22,9,121.5042459,25.04591704
111,11,24,14,33,2,04大安區,大安區信義路3段162號,0,0,1,1,B03,6,1,5,50,14,9,1,4,4,5,7,4,4,1,4,5,2,17,2,49,3,10,1,1,7,7,1,8,1,15,,7,7,1,22,9,121.5414605,25.033364
111,11,24,14,33,2,04大安區,大安區信義路3段162號,0,0,1,2,C03,6,1,5,50,14,9,1,4,4,5,7,4,4,1,4,5,2,17,1,56,2,9,1,1,7,9,1,10,1,14,,44,7,1,22,9,121.5414605,25.033364
111,11,24,14,33,2,04大安區,大安區信義路3段157巷10弄4號前,0,0,1,1,C03,6,1,5,30,14,9,1,4,4,5,7,4,4,10,5,5,1,12,1,34,2,7,1,1,7,1,1,10,1,14,,19,19,1,5,8,121.5425756,25.0342945
111,11,24,14,33,2,04大安區,大安區信義路3段157巷10弄4號前,0,0,1,2,B01,6,1,5,30,14,9,1,4,4,5,7,4,4,10,5,5,1,12,1,40,3,10,1,1,7,9,1,8,1,6,,23,19,1,10,4,121.5425756,25.0342945
111,11,24,14,35,2,08士林區,士林區承德路5段與士商路口,0,0,1,1,B03,6,1,5,50,4,1,4,4,4,5,7,1,1,1,4,5,2,16,1,34,3,10,3,4,7,6,1,8,2,5,,23,23,1,22,9,121.5142104,25.09609706
111,11,24,14,35,2,08士林區,士林區承德路5段與士商路口,0,0,1,2,C03,6,1,5,50,4,1,4,4,4,5,7,1,1,1,4,5,2,16,1,25,2,9,3,4,7,9,1,10,2,11,,44,23,1,22,9,121.5142104,25.09609706
111,11,24,14,50,2,08士林區,士林區中正路與志成街口,0,0,1,1,B03,7,1,5,50,3,1,1,4,4,5,7,3,1,1,4,4,1,16,1,59,3,10,1,1,7,11,1,8,1,5,,10,10,1,21,8,121.5302748,25.09625563
111,11,24,14,50,2,08士林區,士林區中正路與志成街口,0,0,1,2,C03,7,1,5,50,3,1,1,4,4,5,7,3,1,1,4,4,1,16,1,19,2,9,1,1,7,9,1,10,1,14,,44,10,1,21,8,121.5302748,25.09625563
111,11,24,15,19,2,08士林區,士林區華齡街與劍潭路口,0,0,1,1,C03,7,1,5,30,4,2,1,4,4,5,7,4,4,5,5,5,2,17,2,58,4,11,3,4,7,15,7,19,11,15,,6,43,2,22,9,121.5195128,25.08249042
111,11,24,15,19,2,08士林區,士林區華齡街與劍潭路口,0,0,1,2,C03,7,1,5,30,4,2,1,4,4,5,7,4,4,5,5,5,2,17,2,24,2,9,1,1,7,9,1,10,1,15,,14,43,1,22,9,121.5195128,25.08249042
111,11,24,15,30,2,04大安區,大安區建國南路1段212巷與仁愛路3段51巷口,0,0,1,1,C03,6,1,5,30,4,1,1,4,4,5,7,4,4,10,5,5,2,15,2,32,2,9,1,1,7,9,1,10,1,11,,6,6,1,22,9,121.5359004,25.0397095
111,11,24,15,30,2,04大安區,大安區建國南路1段212巷與仁愛路3段51巷口,0,0,1,2,B12,6,1,5,30,4,1,1,4,4,5,7,4,4,10,5,5,2,15,2,63,3,10,1,1,7,9,1,8,1,4,,14,6,1,22,9,121.5359004,25.0397095
111,11,24,15,31,2,01大同區,大同區台北橋機車道往新北市,0,0,2,1,C03,6,1,7,50,14,11,1,4,4,5,7,4,4,9,4,5,1,16,1,18,3,10,3,4,7,7,1,10,1,14,,7,7,1,22,9,121.5088714,25.06336628
111,11,24,15,31,2,01大同區,大同區台北橋機車道往新北市,0,0,2,2,C03,6,1,7,50,14,11,1,4,4,5,7,4,4,9,4,5,1,16,1,59,2,8,3,4,7,15,1,10,1,14,,42,7,1,22,9,121.5088714,25.06336628
111,11,24,15,31,2,01大同區,大同區台北橋機車道往新北市,0,0,2,3,C03,6,1,7,50,14,11,1,4,4,5,7,4,4,9,4,5,1,16,2,51,2,9,3,4,7,9,1,10,1,14,,44,7,1,22,9,121.5088714,25.06336628
111,11,24,15,34,2,04大安區,大安區辛亥路3段與辛亥路3段157巷口,0,0,1,1,B03,6,1,5,50,14,9,1,4,4,5,7,4,4,1,4,5,2,12,1,19,3,10,1,1,7,8,1,8,1,5,,7,7,1,22,9,121.5494621,25.0168353
111,11,24,15,34,2,04大安區,大安區辛亥路3段與辛亥路3段157巷口,0,0,1,2,C03,6,1,5,50,14,9,1,4,4,5,7,4,4,1,4,5,2,12,1,19,2,9,1,1,7,9,1,10,1,11,,13,7,1,22,9,121.5494621,25.0168353
111,11,24,16,16,2,04大安區,大安區基隆路2段176號,0,0,2,1,B03,6,1,5,50,14,9,1,4,4,5,7,1,1,3,4,5,2,17,2,34,2,8,1,4,7,11,1,8,1,5,,10,10,1,22,9,121.55405,25.0257946
111,11,24,16,16,2,04大安區,大安區基隆路2段176號,0,0,2,2,C03,6,1,5,50,14,9,1,4,4,5,7,1,1,3,4,5,2,17,1,30,2,8,1,4,7,9,1,10,1,14,,23,10,1,22,9,121.55405,25.0257946
111,11,24,16,40,2,03中山區,中山區中山北路3段與農安街口,0,0,1,1,B03,6,2,5,50,4,1,1,4,4,5,7,1,1,5,4,5,2,17,2,49,3,10,1,1,7,6,1,8,1,15,,9,9,1,22,9,121.5223616,25.06492972
111,11,24,16,40,2,03中山區,中山區中山北路3段與農安街口,0,0,1,2,C03,6,2,5,50,4,1,1,4,4,5,7,1,1,5,4,5,2,17,2,29,2,9,1,1,7,9,1,10,1,14,,42,9,1,22,9,121.5223616,25.06492972
111,11,24,16,52,2,03中山區,中山區中山北路3段40號,0,0,1,1,B03,6,2,5,50,14,9,1,4,4,5,7,2,1,5,4,5,2,17,1,56,4,11,3,4,7,1,7,19,11,15,,19,43,2,22,9,121.5222975,25.0667217
111,11,24,16,52,2,03中山區,中山區中山北路3段40號,0,0,1,2,C03,6,2,5,50,14,9,1,4,4,5,7,2,1,5,4,5,2,17,1,41,2,9,1,1,7,9,1,9,1,14,,44,43,1,22,9,121.5222975,25.0667217
111,11,24,17,4,2,03中山區,中山區松江路與新生北路1段口,0,0,1,1,B03,6,1,5,50,4,1,1,4,4,5,7,1,1,1,4,5,2,16,1,48,3,10,3,4,7,6,1,8,1,6,,9,9,1,22,9,121.5328418,25.04601652
111,11,24,17,4,2,03中山區,中山區松江路與新生北路1段口,0,0,1,2,C03,6,1,5,50,4,1,1,4,4,5,7,1,1,1,4,5,2,16,1,41,2,7,1,1,7,9,1,10,1,14,,23,9,1,22,9,121.5328418,25.04601652
111,11,24,17,20,2,10文山區,文山區興隆路4段109巷與興隆路4段109巷32弄口口,0,0,1,1,B03,6,3,5,50,4,1,1,4,4,5,7,2,1,5,2,5,2,16,1,69,3,10,3,4,7,5,1,8,2,2,,6,6,1,22,9,121.5627047,24.9867455
111,11,24,17,20,2,10文山區,文山區興隆路4段109巷與興隆路4段109巷32弄口口,0,0,1,2,C03,6,3,5,50,4,1,1,4,4,5,7,2,1,5,2,5,2,16,2,49,2,4,3,4,7,9,1,10,2,11,,23,6,1,22,9,121.5627047,24.9867455
111,11,24,17,25,2,08士林區,士林區延平北路7段106巷與延平北路7段150巷口,0,0,1,1,B03,7,3,5,30,3,1,1,4,4,5,7,4,4,10,5,5,1,17,1,29,3,10,1,1,7,5,1,8,1,4,,6,6,1,22,9,121.4960267,25.10328927
111,11,24,17,25,2,08士林區,士林區延平北路7段106巷與延平北路7段150巷口,0,0,1,2,C03,7,3,5,30,3,1,1,4,4,5,7,4,4,10,5,5,1,17,1,21,2,9,1,1,7,9,1,10,1,11,,13,6,1,22,9,121.4960267,25.10328927
111,11,24,17,29,2,04大安區,大安區忠孝東路4段147巷與忠孝東路4段口,0,0,1,1,C03,6,3,5,50,3,2,1,4,4,5,7,4,4,8,3,5,1,18,1,37,2,9,1,1,7,12,1,10,1,14,,42,43,1,5,1,121.5496515,25.0415672
111,11,24,17,29,2,04大安區,大安區忠孝東路4段147巷與忠孝東路4段口,0,0,1,2,,6,3,5,50,3,2,1,4,4,5,7,4,4,8,3,5,1,18,3,,,,,,,,,,,,,67,43,1,,,121.5496515,25.0415672
111,11,24,17,40,2,11南港區,南港區松河街西往東近興華路,0,0,2,1,C03,6,3,6,50,14,9,1,4,4,5,7,4,4,9,5,5,2,5,1,25,2,8,1,1,7,9,1,10,2,11,,23,23,1,22,9,121.6042092,25.05864644
111,11,24,17,40,2,11南港區,南港區松河街西往東近興華路,0,0,2,2,H03,6,3,6,50,14,9,1,4,4,5,7,4,4,9,5,5,2,5,1,31,2,8,4,5,8,17,8,20,10,16,,53,23,1,22,9,121.6042092,25.05864644
111,11,24,17,51,2,04大安區,大安區信義路4段與光復南路口側附近口,0,0,1,3,H01,6,3,5,40,4,1,1,4,4,5,7,1,1,1,1,1,1,9,2,68,2,9,4,5,8,16,8,20,1,16,,52,43,1,22,9,121.5574187,25.03291569
111,11,24,17,51,2,04大安區,大安區信義路4段與光復南路口側附近口,0,0,1,1,C03,6,3,5,40,4,1,1,4,4,5,7,1,1,1,1,1,1,9,1,24,3,10,1,1,7,9,1,10,1,11,,15,43,1,22,9,121.5574187,25.03291569
111,11,24,17,51,2,04大安區,大安區信義路4段與光復南路口側附近口,0,0,1,2,H01,6,3,5,40,4,1,1,4,4,5,7,1,1,1,1,1,1,9,1,68,3,10,4,5,8,20,8,20,1,16,,52,43,1,22,9,121.5574187,25.03291569
111,11,24,17,53,2,05中正區,中正區忠孝東路2段121巷與忠孝東路2段口口,0,0,1,2,H01,6,3,5,30,3,2,1,4,4,5,7,4,4,7,5,5,2,9,1,61,2,8,4,5,8,16,8,20,10,16,,51,23,1,22,9,121.532168,25.0427219
111,11,24,17,53,2,05中正區,中正區忠孝東路2段121巷與忠孝東路2段口口,0,0,1,1,B03,6,3,5,30,3,2,1,4,4,5,7,4,4,7,5,5,2,9,1,40,4,11,3,4,7,15,7,19,11,15,,23,23,2,22,9,121.532168,25.0427219
111,11,24,18,11,2,08士林區,士林區忠誠路2段與士東路口,0,0,1,1,B03,7,3,5,50,5,1,1,4,4,5,7,1,1,10,4,4,2,15,2,28,3,10,1,1,7,9,1,8,2,2,,23,23,1,22,9,121.5309877,25.11241273
111,11,24,18,11,2,08士林區,士林區忠誠路2段與士東路口,0,0,1,2,C03,7,3,5,50,5,1,1,4,4,5,7,1,1,10,4,4,2,15,2,61,2,9,1,1,7,9,1,10,2,11,,44,23,1,22,9,121.5309877,25.11241273
111,11,24,18,30,2,03中山區,中山區長春路與長春路61巷口,0,0,1,1,B01,6,3,5,30,3,1,1,4,4,5,7,4,4,8,5,4,2,15,1,47,3,10,3,4,7,14,1,4,1,8,,6,6,1,22,9,121.5263377,25.0549719
111,11,24,18,30,2,03中山區,中山區長春路與長春路61巷口,0,0,1,2,C03,6,3,5,30,3,1,1,4,4,5,7,4,4,8,5,4,2,15,1,45,2,9,3,4,7,9,1,10,1,11,,14,6,1,22,9,121.5263377,25.0549719
111,11,24,18,30,2,03中山區,中山區長春路與長春路61巷口,0,0,1,3,B03,6,3,5,30,3,1,1,4,4,5,7,4,4,8,5,4,2,15,4,,4,11,3,4,7,15,7,19,11,15,,38,6,2,22,9,121.5263377,25.0549719
111,11,24,18,42,2,12內湖區,內湖區麗山街364巷與麗山街口,0,0,1,1,C03,6,3,5,30,4,1,1,4,4,5,7,4,4,10,5,5,2,15,2,38,2,7,1,1,7,9,1,10,1,11,,6,6,1,22,9,121.5726683,25.08165264
111,11,24,18,42,2,12內湖區,內湖區麗山街364巷與麗山街口,0,0,1,2,B03,6,3,5,30,4,1,1,4,4,5,7,4,4,10,5,5,2,15,1,55,3,10,1,1,7,9,1,8,1,5,,44,6,1,22,9,121.5726683,25.08165264
111,11,24,18,53,2,04大安區,大安區仁愛路4段與敦化南路1段口,0,0,1,1,C03,6,1,5,0,16,9,1,4,4,5,7,2,1,1,4,5,2,17,2,32,4,11,3,4,7,15,7,19,11,15,,26,26,2,22,9,121.5479226,25.0379533
111,11,24,18,53,2,04大安區,大安區仁愛路4段與敦化南路1段口,0,0,1,2,C03,6,1,5,0,16,9,1,4,4,5,7,2,1,1,4,5,2,17,1,31,2,9,1,4,7,9,1,10,9,14,,44,26,1,22,9,121.5479226,25.0379533
111,11,24,19,2,2,02萬華區,萬華區環河南路2段280巷與長順街123巷口,0,0,1,1,B03,6,3,5,30,3,1,1,4,4,5,7,4,4,10,5,5,2,16,1,25,3,10,3,4,7,14,1,8,1,1,,6,6,1,22,9,121.489394,25.03345496
111,11,24,19,2,2,02萬華區,萬華區環河南路2段280巷與長順街123巷口,0,0,1,2,C03,6,3,5,30,3,1,1,4,4,5,7,4,4,10,5,5,2,16,1,39,2,9,3,4,7,9,1,10,1,11,,44,6,1,22,9,121.489394,25.03345496
111,11,24,19,7,2,07信義區,信義區和平東路3段599號,0,0,2,1,C03,6,3,5,50,14,9,1,4,4,5,7,4,4,9,4,5,2,13,1,32,2,7,1,1,7,9,1,10,11,11,,23,23,1,22,9,121.5619609,25.0148324
111,11,24,19,7,2,07信義區,信義區和平東路3段599號,0,0,2,2,F01,6,3,5,50,14,9,1,4,4,5,7,4,4,9,4,5,2,13,1,71,2,9,1,1,7,9,8,20,11,16,,27,23,1,22,9,121.5619609,25.0148324
111,11,24,19,15,2,06松山區,松山區健康路190號,0,0,2,1,C03,7,3,5,40,14,8,1,4,4,5,7,4,4,1,4,4,2,2,1,34,2,9,1,1,7,9,1,10,1,11,,23,23,1,22,9,121.559769,25.05386975
111,11,24,19,15,2,06松山區,松山區健康路190號,0,0,2,2,H01,7,3,5,40,14,8,1,4,4,5,7,4,4,1,4,4,2,2,2,69,2,9,4,1,8,16,8,20,10,16,,60,23,1,22,9,121.559769,25.05386975
111,11,24,19,27,2,06松山區,松山區光復南路22巷與光復南路32巷16弄口,0,0,1,1,B01,6,3,5,30,4,1,1,4,4,5,7,4,4,10,5,5,2,15,1,59,3,10,1,1,7,9,1,2,1,5,,6,6,1,22,9,121.5563872,25.04702653
111,11,24,19,27,2,06松山區,松山區光復南路22巷與光復南路32巷16弄口,0,0,1,2,C03,6,3,5,30,4,1,1,4,4,5,7,4,4,10,5,5,2,15,1,22,2,8,1,1,7,9,1,10,1,11,,23,6,1,22,9,121.5563872,25.04702653
111,11,24,19,32,2,09北投區,北投區文林北路與明德路口,0,0,1,1,B03,6,3,5,50,4,1,1,4,4,1,7,2,1,1,4,4,2,15,1,49,3,10,1,1,7,9,1,8,5,2,,25,25,1,22,9,121.5167285,25.10620443
111,11,24,19,32,2,09北投區,北投區文林北路與明德路口,0,0,1,2,C03,6,3,5,50,4,1,1,4,4,1,7,2,1,1,4,4,2,15,1,30,2,9,1,1,7,9,1,10,2,11,,44,25,1,22,9,121.5167285,25.10620443
111,11,24,20,9,2,10文山區,文山區木柵路1段191巷60號旁,0,0,1,1,C03,6,3,5,30,3,1,1,4,4,5,7,4,4,10,5,5,2,21,1,24,2,9,1,4,7,9,1,10,2,11,,23,23,1,22,9,121.5504285,24.98831961
111,11,24,20,9,2,10文山區,文山區木柵路1段191巷60號旁,0,0,1,2,,6,3,5,30,3,1,1,4,4,5,7,4,4,10,5,5,2,21,3,,,,,,,,,,,,,67,23,1,,,121.5504285,24.98831961
111,11,24,20,10,2,09北投區,北投區明德路與文林北路口,0,0,1,1,B12,6,3,5,50,4,2,1,4,4,5,7,2,1,8,3,5,2,13,1,33,3,10,1,1,7,9,1,4,1,1,,22,22,1,22,9,121.5167183,25.10613441
111,11,24,20,10,2,09北投區,北投區明德路與文林北路口,0,0,1,2,B03,6,3,5,50,4,2,1,4,4,5,7,2,1,8,3,5,2,13,1,41,2,6,1,1,7,14,1,8,1,3,,44,22,1,22,9,121.5167183,25.10613441
111,11,24,20,10,2,09北投區,北投區明德路與文林北路口,0,0,1,3,C03,6,3,5,50,4,2,1,4,4,5,7,2,1,8,3,5,2,13,1,32,3,10,1,1,7,14,1,10,1,14,,44,22,1,22,9,121.5167183,25.10613441