發生年度,發生月,發生日,發生時-Hours,發生分,處理別-編號,區序,肇事地點,死亡人數,2-30日死亡人數,受傷人數,當事人序號,車種,天候,光線,道路類別,速限-速度限制,道路型態,事故位置,路面狀況1,路面狀況2,路面狀況3,道路障礙1,道路障礙2,號誌1,號誌2,車道劃分-分向,車道劃分-分道1,車道劃分-分道2,車道劃分-分道3,事故類型及型態,性別,年齡,受傷程度,主要傷處,安全帽,行動電話,車輛用途,當事者行動狀態,駕駛資格情形,駕駛執照種類,飲酒情形,車輛撞擊部位1,車輛撞擊部位2,肇因碼-個別,肇因碼-主要,個人肇逃否,職業,旅次目的,座標-X,座標-Y
111,11,24,20,10,2,09北投區,北投區明德路與文林北路口,0,0,1,4,C03,6,3,5,50,4,2,1,4,4,5,7,2,1,8,3,5,2,13,1,24,3,10,1,1,7,14,1,10,1,14,,44,22,1,22,9,121.5167183,25.10613441
111,11,24,20,45,2,10文山區,文山區木新路2段299巷與木新路2段299巷7弄口口,0,0,2,1,C03,6,3,5,30,4,1,1,4,4,5,7,4,4,10,5,5,2,15,1,20,2,9,1,1,7,9,1,10,1,12,,14,14,1,22,9,121.5654923,24.98235463
111,11,24,20,45,2,10文山區,文山區木新路2段299巷與木新路2段299巷7弄口口,0,0,2,2,C03,6,3,5,30,4,1,1,4,4,5,7,4,4,10,5,5,2,15,2,67,2,9,1,1,7,9,1,10,1,11,,23,14,1,22,9,121.5654923,24.98235463
111,11,24,21,13,2,08士林區,士林區文林路770巷與克強路口(明德橋上),0,0,1,1,C03,6,3,5,30,5,2,1,4,4,5,7,4,4,9,5,5,2,17,1,37,2,9,1,1,7,9,1,10,2,12,,26,26,1,22,9,121.5225086,25.10921424
111,11,24,21,13,2,08士林區,士林區文林路770巷與克強路口(明德橋上),0,0,1,2,B03,6,3,5,30,5,2,1,4,4,5,7,4,4,9,5,5,2,17,1,34,3,10,1,1,7,9,1,8,2,1,,44,26,1,22,9,121.5225086,25.10921424
111,11,24,21,18,2,07信義區,信義區忠孝東路5段與忠孝東路5段215巷口口,0,0,1,1,B03,6,3,5,50,3,2,1,4,4,5,7,1,1,5,5,5,2,3,1,29,3,10,1,1,7,5,1,8,2,8,,15,23,1,22,9,121.5702372,25.0409629
111,11,24,21,18,2,07信義區,信義區忠孝東路5段與忠孝東路5段215巷口口,0,0,1,2,H01,6,3,5,50,3,2,1,4,4,5,7,1,1,5,5,5,2,3,1,51,2,9,4,5,8,16,8,20,10,16,,67,23,1,22,9,121.5702372,25.0409629
111,11,24,21,30,2,08士林區,士林區至善路1段與臨溪路口,0,0,1,1,C03,6,3,5,50,3,2,1,4,4,5,7,1,1,5,4,4,2,23,2,24,2,9,1,1,7,5,1,10,1,12,,23,23,1,22,9,121.5424034,25.09721597
111,11,24,21,30,2,08士林區,士林區至善路1段與臨溪路口,0,0,1,2,,6,3,5,50,3,2,1,4,4,5,7,1,1,5,4,4,2,23,3,,,,,,,,,,,,,67,23,1,,,121.5424034,25.09721597
111,11,24,22,4,2,07信義區,信義區吳興街225巷與吳興街口,0,0,2,1,B03,6,3,5,30,4,2,1,4,1,5,7,1,1,5,4,5,2,17,1,26,3,10,1,1,7,5,1,8,2,8,,4,8,1,22,9,121.5631543,25.027719
111,11,24,22,4,2,07信義區,信義區吳興街225巷與吳興街口,0,0,2,2,C03,6,3,5,30,4,2,1,4,1,5,7,1,1,5,4,5,2,17,1,23,2,9,1,1,7,9,1,10,2,11,,23,8,1,22,9,121.5631543,25.027719
111,11,24,22,4,2,07信義區,信義區吳興街225巷與吳興街口,0,0,2,3,H02,6,3,5,30,4,2,1,4,1,5,7,1,1,5,4,5,2,17,2,25,2,9,4,5,7,20,8,20,10,16,,67,8,1,22,9,121.5631543,25.027719
111,11,24,22,31,2,03中山區,中山區林森北路277號,0,0,1,1,H01,6,3,5,50,14,9,1,4,4,5,7,4,4,5,4,5,2,3,2,45,2,9,4,5,8,16,8,20,10,16,,51,51,1,22,9,121.5254104,25.055211
111,11,24,22,31,2,03中山區,中山區林森北路277號,0,0,1,2,C03,6,3,5,50,14,9,1,4,4,5,7,4,4,5,4,5,2,3,1,25,3,10,1,1,7,9,1,10,1,11,,23,51,1,22,9,121.5254104,25.055211
111,11,24,22,45,2,05中正區,中正區忠孝西路1段與重慶南路1段口,0,0,1,1,B01,6,3,5,50,4,2,1,4,4,5,7,1,1,10,5,5,2,1,1,60,3,10,1,1,7,5,1,4,9,1,,15,44,1,22,9,121.5134468,25.0471621
111,11,24,22,45,2,05中正區,中正區忠孝西路1段與重慶南路1段口,0,0,1,2,H01,6,3,5,50,4,2,1,4,4,5,7,1,1,10,5,5,2,1,1,66,2,7,4,1,8,16,8,20,9,16,,67,44,1,22,9,121.5134468,25.0471621
111,11,24,22,47,2,06松山區,松山區新東街3巷15號,0,0,1,1,B12,6,3,5,30,14,9,1,4,4,5,7,4,4,10,5,5,2,17,1,68,3,10,1,1,7,1,1,8,2,15,,19,19,1,22,9,121.5653356,25.05755867
111,11,24,22,47,2,06松山區,松山區新東街3巷15號,0,0,1,2,F02,6,3,5,30,14,9,1,4,4,5,7,4,4,10,5,5,2,17,1,57,2,9,1,1,7,9,8,20,7,15,,21,19,1,22,9,121.5653356,25.05755867
111,11,24,22,47,2,06松山區,松山區新東街3巷15號,0,0,1,3,B03,6,3,5,30,14,9,1,4,4,5,7,4,4,10,5,5,2,17,1,45,3,10,1,1,7,13,1,8,9,2,,44,19,1,22,9,121.5653356,25.05755867
111,11,24,23,0,2,08士林區,士林區延平北路6段與社中街口,0,0,1,1,B03,6,3,5,50,4,1,1,4,4,5,7,1,1,1,5,5,1,16,1,37,3,10,1,1,7,5,1,8,1,5,,17,17,1,22,9,121.5011681,25.09037388
111,11,24,23,0,2,08士林區,士林區延平北路6段與社中街口,0,0,1,2,C03,6,3,5,50,4,1,1,4,4,5,7,1,1,1,5,5,1,16,1,59,2,9,1,1,7,5,1,10,1,14,,17,17,1,22,9,121.5011681,25.09037388
111,11,25,0,0,2,07信義區,信義區光復南路100號對面,0,0,1,1,C03,6,3,5,50,14,9,1,4,4,5,7,4,4,9,4,5,2,18,1,24,2,9,1,1,7,9,1,10,1,11,,23,23,1,22,9,121.5578849,25.0433585
111,11,25,0,0,2,07信義區,信義區光復南路100號對面,0,0,1,2,,6,3,5,50,14,9,1,4,4,5,7,4,4,9,4,5,2,18,3,,,,,,,,,,,,,67,23,1,,,121.5578849,25.0433585
111,11,25,1,1,2,08士林區,士林區福國路與福華路口,0,0,1,1,B01,6,3,5,50,4,1,1,4,4,5,7,1,1,10,5,5,1,16,1,58,3,10,1,1,7,6,1,4,1,2,,9,9,1,22,9,121.5229445,25.1019801
111,11,25,1,1,2,08士林區,士林區福國路與福華路口,0,0,1,2,C03,6,3,5,50,4,1,1,4,4,5,7,1,1,10,5,5,1,16,1,19,2,9,1,1,7,9,1,10,1,14,,26,9,1,22,9,121.5229445,25.1019801
111,11,25,2,26,2,09北投區,北投區承德路7段與大度路1段口,0,0,2,1,C03,6,3,5,60,5,1,1,4,4,5,7,1,1,1,4,5,2,16,2,35,2,9,1,4,7,5,1,10,2,15,,25,25,1,22,9,121.499542,25.12127375
111,11,25,2,26,2,09北投區,北投區承德路7段與大度路1段口,0,0,2,2,C03,6,3,5,60,5,1,1,4,4,5,7,1,1,1,4,5,2,16,1,56,2,7,1,4,7,5,1,10,2,11,,44,25,1,22,9,121.499542,25.12127375
111,11,25,4,45,2,08士林區,士林區承德路5段與通河東街2段口,0,0,1,1,B02,6,3,5,50,4,1,1,4,4,5,7,1,1,3,4,5,1,12,1,33,3,10,1,1,7,9,1,8,1,6,,25,25,1,22,9,121.5139589,25.09601001
111,11,25,4,45,2,08士林區,士林區承德路5段與通河東街2段口,0,0,1,2,C03,6,3,5,50,4,1,1,4,4,5,7,1,1,3,4,5,1,12,1,44,2,9,1,1,7,7,1,10,1,11,,44,25,1,22,9,121.5139589,25.09601001
111,11,25,4,46,2,09北投區,北投區承德路7段與承德路7段393巷口,0,0,1,1,B03,6,3,5,60,4,1,1,4,4,5,7,2,1,1,4,5,2,16,1,53,3,10,1,1,7,5,1,8,2,2,,8,8,1,22,9,121.5013456,25.11936672
111,11,25,4,46,2,09北投區,北投區承德路7段與承德路7段393巷口,0,0,1,2,C03,6,3,5,60,4,1,1,4,4,5,7,2,1,1,4,5,2,16,1,65,2,9,1,1,7,9,1,10,2,11,,44,8,1,22,9,121.5013456,25.11936672
111,11,25,6,31,2,03中山區,中山區建國北路2段與建國北路2段258巷口,0,0,1,1,C03,6,1,5,50,3,2,1,4,4,5,7,4,4,10,4,5,1,13,1,58,3,10,1,1,7,9,1,10,1,11,,23,23,1,22,9,121.5367443,25.06179941
111,11,25,6,31,2,03中山區,中山區建國北路2段與建國北路2段258巷口,0,0,1,2,F01,6,1,5,50,3,2,1,4,4,5,7,4,4,10,4,5,1,13,1,44,2,8,1,1,7,9,8,20,1,16,,44,23,1,22,9,121.5367443,25.06179941
111,11,25,7,10,2,01大同區,大同區延平北路1段與長安西路口,0,0,2,1,C03,6,1,5,50,5,1,1,4,4,5,7,1,1,5,4,5,2,17,2,38,2,9,1,1,7,15,1,10,2,12,,44,43,1,22,9,121.5118876,25.05204118
111,11,25,7,10,2,01大同區,大同區延平北路1段與長安西路口,0,0,2,2,C03,6,1,5,50,5,1,1,4,4,5,7,1,1,5,4,5,2,17,1,81,2,9,1,1,7,9,6,7,2,12,,23,43,1,22,9,121.5118876,25.05204118
111,11,25,7,24,2,10文山區,文山區汀州路4段汽車格24號旁,0,0,1,1,C03,6,1,5,50,14,12,1,4,4,5,7,4,4,9,5,5,2,11,1,27,2,7,1,1,7,4,1,10,2,14,,1,2,1,22,9,121.5363596,25.00645136
111,11,25,7,24,2,10文山區,文山區汀州路4段汽車格24號旁,0,0,1,2,B12,6,1,5,50,14,12,1,4,4,5,7,4,4,9,5,5,2,11,1,32,3,10,1,1,7,9,1,8,2,8,,44,2,1,22,9,121.5363596,25.00645136
111,11,25,7,40,2,08士林區,士林區重陽橋機車道往士林下橋處,0,0,1,2,,6,1,5,40,14,12,1,4,4,5,7,4,4,10,4,5,1,18,3,,,,,,,,,,,,,67,42,1,,,121.5074851,25.08607601
111,11,25,7,40,2,08士林區,士林區重陽橋機車道往士林下橋處,0,0,1,1,C03,6,1,5,40,14,12,1,4,4,5,7,4,4,10,4,5,1,18,2,40,2,9,1,4,7,9,1,10,1,14,,42,42,1,22,9,121.5074851,25.08607601
111,11,25,7,41,2,12內湖區,內湖區成功路2段193巷與民權東路6段180巷72弄口,0,0,1,1,B03,7,1,5,30,3,2,1,4,4,5,7,4,4,10,5,5,2,17,4,,4,11,3,4,7,15,7,19,11,15,,43,43,2,22,9,121.5917404,25.0663516
111,11,25,7,41,2,12內湖區,內湖區成功路2段193巷與民權東路6段180巷72弄口,0,0,1,2,C03,7,1,5,30,3,2,1,4,4,5,7,4,4,10,5,5,2,17,1,39,2,8,1,1,7,6,1,10,1,14,,44,43,1,22,9,121.5917404,25.0663516
111,11,25,7,53,2,06松山區,松山區三民路180巷與三民路口,0,0,1,1,B03,7,1,5,30,3,1,1,4,4,5,7,1,1,1,4,5,2,17,1,51,3,10,1,4,7,5,1,8,2,8,,6,6,1,22,9,121.5631745,25.06225571
111,11,25,7,53,2,06松山區,松山區三民路180巷與三民路口,0,0,1,2,C03,7,1,5,30,3,1,1,4,4,5,7,1,1,1,4,5,2,17,2,39,2,9,1,4,7,9,1,10,2,11,,44,6,1,22,9,121.5631745,25.06225571
111,11,25,8,0,2,04大安區,大安區忠孝東路4段216巷與忠孝東路4段216巷40弄口,0,0,1,1,B03,7,1,5,30,4,2,1,4,4,5,7,4,4,5,5,5,1,17,1,43,4,11,3,4,7,15,7,19,11,15,,6,43,2,22,9,121.5529262,25.0394172
111,11,25,8,0,2,04大安區,大安區忠孝東路4段216巷與忠孝東路4段216巷40弄口,0,0,1,2,C03,7,1,5,30,4,2,1,4,4,5,7,4,4,5,5,5,1,17,2,26,2,9,1,4,7,9,1,10,1,15,,14,43,1,22,9,121.5529262,25.0394172
111,11,25,8,0,2,08士林區,士林區忠誠路2段207巷1號,0,0,2,1,B12,7,1,5,30,14,9,1,5,4,5,7,4,4,9,5,5,2,17,1,44,3,10,1,1,7,11,1,8,1,2,,10,10,1,22,9,121.5356497,25.11645669
111,11,25,8,0,2,08士林區,士林區忠誠路2段207巷1號,0,0,2,2,C03,7,1,5,30,14,9,1,5,4,5,7,4,4,9,5,5,2,17,1,36,2,8,1,1,7,11,1,10,1,11,,13,10,1,22,9,121.5356497,25.11645669
111,11,25,8,0,2,08士林區,士林區忠誠路2段207巷1號,0,0,2,3,H02,7,1,5,30,14,9,1,5,4,5,7,4,4,9,5,5,2,17,1,5,2,8,4,1,7,20,8,20,10,16,,67,10,1,22,9,121.5356497,25.11645669
111,11,25,8,0,2,07信義區,信義區信義路4段415號,0,0,1,1,A04,8,1,5,50,14,9,1,5,4,5,7,4,4,1,4,5,2,17,1,63,3,10,1,1,7,8,1,2,9,15,,43,7,1,22,9,121.5598415,25.0337205
111,11,25,8,0,2,07信義區,信義區信義路4段415號,0,0,1,2,C03,8,1,5,50,14,9,1,5,4,5,7,4,4,1,4,5,2,17,1,26,2,9,1,1,7,9,1,10,9,12,,43,7,1,22,9,121.5598415,25.0337205
111,11,25,8,10,2,03中山區,中山區中山北路2段50號,0,0,3,2,C03,6,1,5,50,14,9,1,4,4,5,7,4,4,1,4,5,2,13,2,38,2,8,1,1,7,9,1,10,1,12,,44,43,1,22,9,121.5226267,25.05611926
111,11,25,8,10,2,03中山區,中山區中山北路2段50號,0,0,3,1,B03,6,1,5,50,14,9,1,4,4,5,7,4,4,1,4,5,2,13,1,38,4,11,3,4,7,10,7,19,11,15,,7,43,2,22,9,121.5226267,25.05611926
111,11,25,8,10,2,03中山區,中山區中山北路2段50號,0,0,3,3,C03,6,1,5,50,14,9,1,4,4,5,7,4,4,1,4,5,2,13,1,33,2,9,1,1,7,9,1,10,1,14,,16,43,1,22,9,121.5226267,25.05611926
111,11,25,8,10,2,03中山區,中山區中山北路2段50號,0,0,3,4,C03,6,1,5,50,14,9,1,4,4,5,7,4,4,1,4,5,2,13,1,37,2,7,1,1,7,9,1,10,1,11,,16,43,1,22,9,121.5226267,25.05611926
111,11,25,8,24,2,02萬華區,萬華區康定路與康定路7巷口,0,0,2,1,C03,6,1,5,30,5,1,1,4,4,5,7,1,1,10,5,5,2,17,1,30,2,9,1,1,7,6,1,10,1,11,,6,6,1,22,9,121.5033042,25.04612881
111,11,25,8,24,2,02萬華區,萬華區康定路與康定路7巷口,0,0,2,2,C03,6,1,5,30,5,1,1,4,4,5,7,1,1,10,5,5,2,17,1,48,2,9,1,1,7,9,1,9,1,12,,6,6,1,22,9,121.5033042,25.04612881
111,11,25,8,50,2,03中山區,中山區中山北路1段與南京東路1段口,0,0,1,1,C03,6,1,5,50,4,2,1,4,4,5,7,2,1,9,4,5,2,13,1,55,2,9,1,1,7,9,1,10,1,11,,23,16,1,22,9,121.5226263,25.05210906
111,11,25,8,50,2,03中山區,中山區中山北路1段與南京東路1段口,0,0,1,2,B03,6,1,5,50,4,2,1,4,4,5,7,2,1,9,4,5,2,13,1,21,3,10,1,1,7,14,1,8,1,6,,44,16,1,22,9,121.5226263,25.05210906
111,11,25,9,49,2,01大同區,大同區通河西街1段堤外便道，大龍抽水站旁,0,0,3,1,F01,6,1,5,0,14,9,1,4,4,5,7,4,4,9,5,5,1,10,1,69,2,9,2,1,7,9,8,20,2,16,,4,4,1,22,9,121.5165725,25.07897202
111,11,25,9,49,2,01大同區,大同區通河西街1段堤外便道，大龍抽水站旁,0,0,3,2,C03,6,1,5,0,14,9,1,4,4,5,7,4,4,9,5,5,1,10,1,19,2,8,1,1,7,9,1,10,2,11,,23,4,1,22,9,121.5165725,25.07897202
111,11,25,9,49,2,01大同區,大同區通河西街1段堤外便道，大龍抽水站旁,0,0,3,3,H02,6,1,5,0,14,9,1,4,4,5,7,4,4,9,5,5,1,10,1,18,2,1,1,1,7,21,8,20,10,15,,67,4,1,22,9,121.5165725,25.07897202
111,11,25,9,52,2,04大安區,大安區敦化南路2段289號,0,0,2,1,C03,6,1,5,50,14,9,1,4,4,5,7,4,4,1,4,5,2,12,2,24,2,8,1,1,7,8,1,10,1,11,,7,7,1,22,9,121.5489833,25.0242161
111,11,25,9,52,2,04大安區,大安區敦化南路2段289號,0,0,2,2,C03,6,1,5,50,14,9,1,4,4,5,7,4,4,1,4,5,2,12,2,25,2,9,1,1,7,9,1,10,1,14,,44,7,1,22,9,121.5489833,25.0242161
111,11,25,10,1,2,01大同區,大同區台北橋機車道往東下橋處,0,0,2,1,C03,6,1,5,40,8,11,1,4,4,5,7,1,1,1,2,5,2,17,2,34,4,11,3,4,7,15,7,19,11,15,,44,43,2,22,9,121.5108919,25.0628459
111,11,25,10,1,2,01大同區,大同區台北橋機車道往東下橋處,0,0,2,2,C03,6,1,5,40,8,11,1,4,4,5,7,1,1,1,2,5,2,17,1,31,2,9,1,1,7,9,1,10,1,12,,42,43,1,22,9,121.5108919,25.0628459
111,11,25,10,1,2,01大同區,大同區台北橋機車道往東下橋處,0,0,2,3,C03,6,1,5,40,8,11,1,4,4,5,7,1,1,1,2,5,2,17,1,22,2,9,1,1,7,9,1,10,1,14,,13,43,1,22,9,121.5108919,25.0628459
111,11,25,10,30,2,06松山區,松山區八德路2段437巷與八德路2段437巷7弄口,0,0,1,1,C03,7,1,5,30,4,1,1,4,4,5,7,4,4,10,5,5,2,15,1,28,2,9,1,1,7,9,1,10,1,12,,6,6,1,22,9,121.5471059,25.0492151
111,11,25,10,30,2,06松山區,松山區八德路2段437巷與八德路2段437巷7弄口,0,0,1,2,B12,7,1,5,30,4,1,1,4,4,5,7,4,4,10,5,5,2,15,1,44,3,10,1,1,7,9,1,8,1,1,,23,6,1,22,9,121.5471059,25.0492151
111,11,25,10,30,2,07信義區,信義區基隆路1段與忠孝東路5段口,0,0,2,1,C03,8,1,5,30,14,9,1,5,4,5,7,1,1,1,2,5,2,13,1,28,2,9,1,1,7,9,1,10,1,11,,16,16,1,22,9,121.5644849,25.040993
111,11,25,10,30,2,07信義區,信義區基隆路1段與忠孝東路5段口,0,0,2,2,C03,8,1,5,30,14,9,1,5,4,5,7,1,1,1,2,5,2,13,2,31,2,9,1,1,7,9,1,10,1,13,,44,16,1,22,9,121.5644849,25.040993
111,11,25,10,35,2,10文山區,文山區木柵路1段70巷與木柵路1段口,0,0,2,1,C03,7,1,5,50,3,1,1,4,4,5,7,1,1,5,4,5,2,13,1,19,2,9,1,1,7,9,1,10,1,11,,23,16,1,22,9,121.5487174,24.98716642
111,11,25,10,35,2,10文山區,文山區木柵路1段70巷與木柵路1段口,0,0,2,2,C03,7,1,5,50,3,1,1,4,4,5,7,1,1,5,4,5,2,13,1,47,2,9,1,1,7,14,1,10,1,12,,44,16,1,22,9,121.5487174,24.98716642
111,11,25,10,36,2,05中正區,中正區重慶南路1段130號,0,0,1,1,B01,8,1,5,50,14,9,1,5,4,5,7,4,4,9,4,5,1,12,1,66,3,10,1,1,7,8,1,4,6,5,,7,7,1,22,9,121.5125787,25.0370942
111,11,25,10,36,2,05中正區,中正區重慶南路1段130號,0,0,1,2,C03,8,1,5,50,14,9,1,5,4,5,7,4,4,9,4,5,1,12,1,24,2,9,1,1,7,9,3,18,2,14,,13,7,1,22,9,121.5125787,25.0370942
111,11,25,10,45,2,02萬華區,(燈桿:水源快速道路216),0,0,1,1,A12,7,1,5,60,10,9,1,5,4,5,1,4,4,10,5,5,2,18,1,53,2,7,1,1,7,15,1,3,2,4,,42,42,1,22,9,121.5124006,25.02403602
111,11,25,10,45,2,02萬華區,(燈桿:水源快速道路216),0,0,1,2,,7,1,5,60,10,9,1,5,4,5,1,4,4,10,5,5,2,18,3,,,,,,,,,,,,,67,42,1,,,121.5124006,25.02403602
111,11,25,10,56,2,11南港區,南港區市民大道7段與東新街口,0,0,1,1,C03,7,1,5,50,4,1,1,5,4,5,7,1,1,1,3,1,2,15,1,24,2,9,1,4,7,9,1,10,2,11,,25,25,1,22,9,121.5838542,25.04957787
111,11,25,10,56,2,11南港區,南港區市民大道7段與東新街口,0,0,1,2,B01,7,1,5,50,4,1,1,5,4,5,7,1,1,1,3,1,2,15,1,52,3,10,3,4,7,1,1,8,2,6,,25,25,1,22,9,121.5838542,25.04957787
111,11,25,11,12,2,06松山區,松山區健康路131號,0,0,1,1,B01,6,1,5,50,14,7,1,4,4,5,7,1,1,1,4,4,2,16,1,51,3,10,1,1,7,5,1,4,1,5,,6,6,1,22,9,121.5576963,25.05380165
111,11,25,11,12,2,06松山區,松山區健康路131號,0,0,1,2,C03,6,1,5,50,14,7,1,4,4,5,7,1,1,1,4,4,2,16,1,47,2,9,1,1,7,9,1,9,1,11,,44,6,1,22,9,121.5576963,25.05380165
111,11,25,11,15,2,05中正區,中正區重慶南路3段145號,0,0,3,1,C03,7,1,5,50,14,9,1,4,4,5,7,4,4,1,4,5,1,17,1,61,4,11,3,4,7,21,7,19,11,15,,42,42,2,22,9,121.5169898,25.02332286
111,11,25,11,15,2,05中正區,中正區重慶南路3段145號,0,0,3,2,C03,7,1,5,50,14,9,1,4,4,5,7,4,4,1,4,5,1,17,1,26,3,10,1,1,7,9,1,9,1,12,,42,42,1,22,9,121.5169898,25.02332286
111,11,25,11,15,2,05中正區,中正區重慶南路3段145號,0,0,3,3,C03,7,1,5,50,14,9,1,4,4,5,7,4,4,1,4,5,1,17,2,35,2,9,1,1,7,9,1,10,1,12,,42,42,1,22,9,121.5169898,25.02332286
111,11,25,11,15,2,05中正區,中正區重慶南路3段145號,0,0,3,4,H02,7,1,5,50,14,9,1,4,4,5,7,4,4,1,4,5,1,17,1,27,2,8,1,1,7,20,8,20,10,16,,67,42,1,22,9,121.5169898,25.02332286
111,11,25,11,15,2,05中正區,中正區重慶南路3段145號,0,0,3,5,H02,7,1,5,50,14,9,1,4,4,5,7,4,4,1,4,5,1,17,2,34,2,8,1,1,7,20,8,20,10,16,,67,42,1,22,9,121.5169898,25.02332286
111,11,25,11,18,2,02萬華區,萬華區東園街140巷與德昌街125巷口,0,0,1,1,C03,7,1,5,30,4,2,1,5,4,5,7,4,4,10,5,5,1,17,1,37,2,9,3,4,7,9,1,10,1,11,,6,43,1,22,9,121.49697,25.02334257
111,11,25,11,18,2,02萬華區,萬華區東園街140巷與德昌街125巷口,0,0,1,2,B12,7,1,5,30,4,2,1,5,4,5,7,4,4,10,5,5,1,17,1,53,3,10,3,4,7,9,1,8,1,8,,14,43,1,22,9,121.49697,25.02334257
111,11,25,11,38,2,09北投區,北投區新興路123號,0,0,1,1,C03,7,1,5,30,3,1,1,5,4,5,7,4,4,10,5,5,2,16,2,54,2,8,1,1,7,5,1,10,2,11,,6,6,1,22,9,121.4871096,25.1402628
111,11,25,11,38,2,09北投區,北投區新興路123號,0,0,1,2,B11,7,1,5,30,3,1,1,5,4,5,7,4,4,10,5,5,2,16,1,30,3,10,1,1,7,9,1,8,2,5,,23,6,1,22,9,121.4871096,25.1402628
111,11,25,11,40,2,08士林區,士林區社中街138號,0,0,1,1,B12,7,1,5,50,14,9,1,5,4,5,7,4,4,9,5,5,1,12,1,40,2,7,3,4,7,13,6,8,2,4,,40,40,1,22,9,121.5099862,25.0903073
111,11,25,11,40,2,08士林區,士林區社中街138號,0,0,1,2,B02,7,1,5,50,14,9,1,5,4,5,7,4,4,9,5,5,1,12,1,58,3,10,3,4,7,6,1,8,2,2,,44,40,1,22,9,121.5099862,25.0903073
111,11,25,11,45,2,01大同區,大同區太原路30號,0,0,2,1,C03,8,1,5,50,14,9,1,5,4,5,7,4,4,5,5,5,2,16,1,18,2,8,1,1,7,7,1,10,11,14,,7,7,1,22,9,121.5150677,25.05000198
111,11,25,11,45,2,01大同區,大同區太原路30號,0,0,2,2,C03,8,1,5,50,14,9,1,5,4,5,7,4,4,5,5,5,2,16,2,33,2,9,1,1,7,9,1,10,11,12,,44,7,1,22,9,121.5150677,25.05000198
111,11,25,11,51,2,06松山區,松山區民生東路5段36巷4弄55號,0,0,1,1,B03,8,1,5,30,14,9,1,5,4,5,7,4,4,10,5,5,2,16,1,47,3,10,1,1,7,1,1,8,1,8,,19,19,1,22,9,121.5600278,25.05792446
111,11,25,11,51,2,06松山區,松山區民生東路5段36巷4弄55號,0,0,1,2,C03,8,1,5,30,14,9,1,5,4,5,7,4,4,10,5,5,2,16,1,76,2,9,1,1,7,9,1,10,1,11,,44,19,1,22,9,121.5600278,25.05792446
111,11,25,11,55,2,08士林區,士林區德行西路與德行西路93巷口,0,0,2,1,C03,7,1,5,50,4,2,1,5,4,5,7,4,4,5,5,5,2,16,2,61,2,9,1,1,7,1,1,10,2,13,,19,42,1,22,9,121.5214605,25.10434979
111,11,25,11,55,2,08士林區,士林區德行西路與德行西路93巷口,0,0,2,2,C03,7,1,5,50,4,2,1,5,4,5,7,4,4,5,5,5,2,16,2,21,2,9,1,1,7,9,1,10,2,11,,44,42,1,22,9,121.5214605,25.10434979
111,11,25,12,0,2,02萬華區,萬華區西園路2段11巷與西園路2段口,0,0,1,1,B03,8,1,5,50,4,1,1,5,4,5,7,1,1,8,3,5,1,13,1,36,3,10,1,1,7,6,1,8,1,1,,23,23,1,22,9,121.4972958,25.0317977
111,11,25,12,0,2,02萬華區,萬華區西園路2段11巷與西園路2段口,0,0,1,2,C03,8,1,5,50,4,1,1,5,4,5,7,1,1,8,3,5,1,13,2,54,2,8,1,1,7,14,1,10,1,13,,44,23,1,22,9,121.4972958,25.0317977
111,11,25,12,6,2,04大安區,大安區大安路1段與四維路52巷口,0,0,1,1,B01,7,1,5,30,4,1,1,5,4,5,7,4,4,10,5,5,2,3,1,41,3,10,1,1,7,5,1,4,2,8,,15,43,1,22,9,121.5460098,25.035079
111,11,25,12,6,2,04大安區,大安區大安路1段與四維路52巷口,0,0,1,2,H01,7,1,5,30,4,1,1,5,4,5,7,4,4,10,5,5,2,3,2,84,2,1,4,5,8,16,8,20,10,16,,67,43,1,22,9,121.5460098,25.035079
111,11,25,12,11,2,07信義區,信義區逸仙路與逸仙路42巷口,0,0,1,1,B12,8,1,5,50,4,1,1,5,4,5,7,4,4,9,4,5,2,11,1,50,3,10,1,1,7,5,1,10,1,5,,6,8,1,22,9,121.5615512,25.04022487
111,11,25,12,11,2,07信義區,信義區逸仙路與逸仙路42巷口,0,0,1,2,C03,8,1,5,50,4,1,1,5,4,5,7,4,4,9,4,5,2,11,1,36,2,9,1,1,7,9,1,10,1,11,,44,8,1,22,9,121.5615512,25.04022487
111,11,25,12,15,2,07信義區,信義區松智路與信義路5段口,0,0,1,1,B03,7,1,5,50,4,1,1,5,4,5,7,1,1,1,4,5,2,17,1,53,3,10,3,4,7,6,1,7,9,1,,9,6,1,22,9,121.565453,25.0330634
111,11,25,12,15,2,07信義區,信義區松智路與信義路5段口,0,0,1,2,F01,7,1,5,50,4,1,1,5,4,5,7,1,1,1,4,5,2,17,1,25,2,6,1,1,7,10,8,20,9,16,,11,6,1,22,9,121.565453,25.0330634
111,11,25,12,40,2,08士林區,士林區基河路,0,0,2,1,H01,7,1,5,0,14,9,1,5,4,5,7,4,4,1,4,5,2,3,1,21,2,8,4,5,8,18,8,20,10,16,,52,52,1,22,9,121.5251592,25.08549792
111,11,25,12,40,2,08士林區,士林區基河路,0,0,2,2,C03,7,1,5,0,14,9,1,5,4,5,7,4,4,1,4,5,2,3,2,21,2,8,1,1,7,9,1,10,1,11,,44,52,1,22,9,121.5251592,25.08549792