發生年度,發生月,發生日,發生時-Hours,發生分,處理別-編號,區序,肇事地點,死亡人數,2-30日死亡人數,受傷人數,當事人序號,車種,天候,光線,道路類別,速限-速度限制,道路型態,事故位置,路面狀況1,路面狀況2,路面狀況3,道路障礙1,道路障礙2,號誌1,號誌2,車道劃分-分向,車道劃分-分道1,車道劃分-分道2,車道劃分-分道3,事故類型及型態,性別,年齡,受傷程度,主要傷處,安全帽,行動電話,車輛用途,當事者行動狀態,駕駛資格情形,駕駛執照種類,飲酒情形,車輛撞擊部位1,車輛撞擊部位2,肇因碼-個別,肇因碼-主要,個人肇逃否,職業,旅次目的,座標-X,座標-Y
111,11,25,13,10,2,07信義區,信義區松山路與松隆路口,0,0,1,1,B03,6,1,5,50,4,1,1,4,4,5,7,2,1,1,4,5,1,16,1,35,3,10,3,4,7,5,1,8,2,8,,6,6,1,22,9,121.5777818,25.0481101
111,11,25,13,10,2,07信義區,信義區松山路與松隆路口,0,0,1,2,C03,6,1,5,50,4,1,1,4,4,5,7,2,1,1,4,5,1,16,1,51,2,9,3,4,7,9,1,10,2,12,,23,6,1,22,9,121.5777818,25.0481101
111,11,25,13,20,2,10文山區,文山區興隆路4段與忠順街1段口,0,0,1,1,B03,6,1,5,50,4,1,1,4,4,5,7,1,1,1,4,5,2,16,1,38,3,10,1,1,7,5,1,8,2,8,,8,8,1,22,9,121.5616386,24.9844851
111,11,25,13,20,2,10文山區,文山區興隆路4段與忠順街1段口,0,0,1,2,C03,6,1,5,50,4,1,1,4,4,5,7,1,1,1,4,5,2,16,2,49,2,9,1,1,7,9,1,10,2,12,,44,8,1,22,9,121.5616386,24.9844851
111,11,25,13,30,2,12內湖區,內湖區康寧路1段232號前,0,0,2,1,C03,6,1,5,30,14,9,1,4,4,5,7,4,4,9,5,5,2,3,1,30,2,9,1,1,7,9,1,10,1,11,,23,23,1,22,9,121.5960857,25.07834629
111,11,25,13,30,2,12內湖區,內湖區康寧路1段232號前,0,0,2,2,H01,6,1,5,30,14,9,1,4,4,5,7,4,4,9,5,5,2,3,1,59,2,9,4,1,8,16,8,20,1,16,,51,23,1,22,9,121.5960857,25.07834629
111,11,25,13,51,2,01大同區,大同區承德路3段與昌吉街口,0,0,1,1,B03,7,1,5,50,3,1,1,5,4,5,7,2,1,1,4,5,2,16,1,43,3,10,3,4,7,5,1,8,1,8,,23,8,1,22,9,121.518278,25.06586773
111,11,25,13,51,2,01大同區,大同區承德路3段與昌吉街口,0,0,1,2,F02,7,1,5,50,3,1,1,5,4,5,7,2,1,1,4,5,2,16,2,49,2,9,1,1,7,9,8,20,1,15,,26,8,1,22,9,121.518278,25.06586773
111,11,25,14,0,2,10文山區,文山區木柵路1段137號與木柵路1段76巷口,0,0,1,1,B12,7,1,5,50,3,2,1,5,4,5,7,2,1,5,4,5,2,17,1,33,3,10,1,1,7,1,3,18,1,5,,23,23,1,22,9,121.550279,24.9875333
111,11,25,14,0,2,10文山區,文山區木柵路1段137號與木柵路1段76巷口,0,0,1,2,F01,7,1,5,50,3,2,1,5,4,5,7,2,1,5,4,5,2,17,1,38,2,8,1,1,7,15,8,20,1,16,,44,23,1,22,9,121.550279,24.9875333
111,11,25,14,10,2,03中山區,中山區民生東路2段與松江路口,0,0,1,1,C03,7,1,5,50,4,2,1,5,4,5,7,2,1,1,4,4,2,8,2,23,3,10,1,4,7,6,1,10,1,11,,23,23,1,22,9,121.5334189,25.05782701
111,11,25,14,10,2,03中山區,中山區民生東路2段與松江路口,0,0,1,2,H01,7,1,5,50,4,2,1,5,4,5,7,2,1,1,4,4,2,8,2,40,2,8,4,5,8,17,8,20,10,16,,60,23,1,22,9,121.5334189,25.05782701
111,11,25,14,20,2,09北投區,北投區文承路與承德路6段口,0,0,1,2,C03,8,1,5,60,3,2,1,5,4,5,7,2,1,1,3,4,1,13,1,67,3,10,1,1,7,9,1,10,1,14,,26,23,1,22,9,121.5118914,25.10475725
111,11,25,14,20,2,09北投區,北投區文承路與承德路6段口,0,0,1,1,C03,8,1,5,60,3,2,1,5,4,5,7,2,1,1,3,4,1,13,1,70,2,9,1,1,7,9,1,10,1,12,,25,23,1,22,9,121.5118914,25.10475725
111,11,25,14,48,2,07信義區,信義區松德路116號,0,0,1,1,B11,6,1,5,50,14,9,1,4,4,5,6,4,4,10,5,5,1,12,1,47,3,10,1,1,7,11,1,10,1,4,,10,10,1,22,9,121.5747243,25.0373936
111,11,25,14,48,2,07信義區,信義區松德路116號,0,0,1,2,C03,6,1,5,50,14,9,1,4,4,5,6,4,4,10,5,5,1,12,1,19,2,9,1,1,7,7,1,10,1,11,,23,10,1,22,9,121.5747243,25.0373936
111,11,25,14,50,2,12內湖區,內湖區民權東路6段296巷與民權東路6段296巷31弄口,0,0,1,1,C03,6,1,5,30,4,1,1,4,4,5,7,4,4,4,5,5,1,15,1,35,2,9,1,1,7,9,6,18,1,11,,6,6,1,22,9,121.606389,25.0720471
111,11,25,14,50,2,12內湖區,內湖區民權東路6段296巷與民權東路6段296巷31弄口,0,0,1,2,B03,6,1,5,30,4,1,1,4,4,5,7,4,4,4,5,5,1,15,1,51,3,10,1,1,7,9,1,8,1,4,,44,6,1,22,9,121.606389,25.0720471
111,11,25,15,0,2,04大安區,大安區臨江街36號,0,0,1,1,B03,6,1,5,50,14,9,4,4,4,5,7,4,4,10,5,5,2,2,4,,4,11,3,4,7,15,7,19,11,15,,43,43,2,22,9,121.5564041,25.0296503
111,11,25,15,0,2,04大安區,大安區臨江街36號,0,0,1,2,H01,6,1,5,50,14,9,4,4,4,5,7,4,4,10,5,5,2,2,2,58,2,8,4,5,8,16,8,20,10,16,,67,43,1,22,9,121.5564041,25.0296503
111,11,25,15,5,2,03中山區,中山區中山北路3段與民族西路口,0,0,1,1,C03,8,1,5,50,4,1,1,5,4,5,7,1,1,3,4,5,2,12,1,38,2,9,1,1,7,7,6,10,1,14,,7,7,1,22,9,121.522806,25.0684751
111,11,25,15,5,2,03中山區,中山區中山北路3段與民族西路口,0,0,1,2,B03,8,1,5,50,4,1,1,5,4,5,7,1,1,3,4,5,2,12,1,56,3,10,1,1,7,9,1,8,1,5,,44,7,1,22,9,121.522806,25.0684751
111,11,25,16,0,2,03中山區,中山區北安路與明水路口,0,0,1,1,B02,6,1,5,50,4,1,1,4,4,5,7,1,1,1,4,5,2,12,1,45,3,10,1,1,7,6,1,8,1,6,,9,9,1,22,9,121.5525193,25.08568909
111,11,25,16,0,2,03中山區,中山區北安路與明水路口,0,0,1,2,C03,6,1,5,50,4,1,1,4,4,5,7,1,1,1,4,5,2,12,1,35,2,8,1,1,7,9,1,10,1,14,,23,9,1,22,9,121.5525193,25.08568909
111,11,25,16,41,2,08士林區,士林區福林路與雨農路口口,0,0,1,1,C03,7,2,5,50,4,1,1,5,4,5,7,2,1,5,4,5,1,12,1,22,2,9,1,1,7,7,1,10,1,11,,7,7,1,22,9,121.532181,25.09660274
111,11,25,16,41,2,08士林區,士林區福林路與雨農路口口,0,0,1,2,B03,7,2,5,50,4,1,1,5,4,5,7,2,1,5,4,5,1,12,2,44,3,10,1,1,7,9,1,8,1,2,,23,7,1,22,9,121.532181,25.09660274
111,11,25,16,46,2,10文山區,文山區木柵路4段77號,0,0,1,1,B03,6,1,5,50,14,9,2,4,4,5,7,1,1,5,4,5,2,17,2,27,3,10,3,4,7,6,1,8,1,2,,6,6,1,22,9,121.5718949,24.99560987
111,11,25,16,46,2,10文山區,文山區木柵路4段77號,0,0,1,2,C01,6,1,5,50,14,9,2,4,4,5,7,1,1,5,4,5,2,17,1,43,2,8,1,1,7,9,1,9,1,14,,44,6,1,22,9,121.5718949,24.99560987
111,11,25,16,55,2,04大安區,大安區光復南路與光復南路116巷口,0,0,1,1,B03,6,3,5,30,3,1,1,4,4,5,7,4,4,9,4,5,1,16,2,59,3,10,1,1,7,6,1,8,1,8,,9,9,1,22,9,121.5576717,25.0430014
111,11,25,16,55,2,04大安區,大安區光復南路與光復南路116巷口,0,0,1,2,C03,6,3,5,30,3,1,1,4,4,5,7,4,4,9,4,5,1,16,2,22,2,8,1,1,7,9,1,10,1,12,,14,9,1,22,9,121.5576717,25.0430014
111,11,25,16,56,2,09北投區,北投區東華街2段與致遠三路口,0,0,1,1,C03,8,1,5,50,4,2,1,5,4,5,7,1,1,10,4,5,2,16,2,36,2,9,3,4,7,5,1,10,11,13,,8,8,1,22,9,121.5082406,25.12068484
111,11,25,16,56,2,09北投區,北投區東華街2段與致遠三路口,0,0,1,2,B02,8,1,5,50,4,2,1,5,4,5,7,1,1,10,4,5,2,16,1,34,3,10,3,4,7,9,1,8,11,5,,23,8,1,22,9,121.5082406,25.12068484
111,11,25,17,20,2,03中山區,中山區松江路136號,0,0,1,1,C03,6,1,5,50,14,9,1,4,4,5,7,4,4,1,4,5,1,12,2,20,3,10,1,1,7,8,6,18,1,12,,7,7,1,22,9,121.5327102,25.0531064
111,11,25,17,20,2,03中山區,中山區松江路136號,0,0,1,2,C03,6,1,5,50,14,9,1,4,4,5,7,4,4,1,4,5,1,12,2,32,2,9,1,1,7,9,1,10,1,14,,44,7,1,22,9,121.5327102,25.0531064
111,11,25,17,26,2,03中山區,中山區內湖路1段WORLD GYM旁,0,0,1,1,C03,6,3,5,50,14,9,1,4,4,5,7,4,4,1,4,5,2,13,1,59,2,9,1,1,7,9,1,10,1,14,,16,16,1,22,9,121.559757,25.0847696
111,11,25,17,26,2,03中山區,中山區內湖路1段WORLD GYM旁,0,0,1,2,B03,6,3,5,50,14,9,1,4,4,5,7,4,4,1,4,5,2,13,1,34,3,10,1,1,7,12,1,8,1,6,,44,16,1,22,9,121.559757,25.0847696
111,11,25,17,27,2,06松山區,松山區市民大道4段145號,0,0,1,1,B03,6,3,5,30,14,9,1,4,4,5,7,2,1,9,4,5,2,17,1,45,3,10,1,1,7,6,1,8,1,8,,9,9,1,22,9,121.5507002,25.04477087
111,11,25,17,27,2,06松山區,松山區市民大道4段145號,0,0,1,2,C03,6,3,5,30,14,9,1,4,4,5,7,2,1,9,4,5,2,17,1,23,2,9,1,1,7,9,1,10,1,11,,44,9,1,22,9,121.5507002,25.04477087
111,11,25,17,33,2,12內湖區,內湖區東湖路106巷與東湖路口,0,0,2,1,C03,6,3,5,50,3,2,1,4,4,5,7,4,4,5,4,5,2,3,1,58,2,9,1,1,7,9,1,10,1,11,,23,23,1,22,9,121.6154624,25.06842395
111,11,25,17,33,2,12內湖區,內湖區東湖路106巷與東湖路口,0,0,2,2,H01,6,3,5,50,3,2,1,4,4,5,7,4,4,5,4,5,2,3,2,73,2,9,4,1,8,16,8,20,1,16,,52,23,1,22,9,121.6154624,25.06842395
111,11,25,17,43,2,09北投區,北投區北投路2段與大業路452巷口,0,0,2,1,C03,6,3,5,50,5,2,1,4,4,5,7,1,1,5,5,5,2,3,2,34,2,9,3,4,7,9,1,10,1,11,,43,43,1,22,9,121.4976842,25.13244158
111,11,25,17,43,2,09北投區,北投區北投路2段與大業路452巷口,0,0,2,2,H01,6,3,5,50,5,2,1,4,4,5,7,1,1,5,5,5,2,3,1,13,2,9,4,5,8,16,8,20,10,16,,67,43,1,22,9,121.4976842,25.13244158
111,11,25,17,54,2,09北投區,北投區光明路2巷與育仁路口,0,0,1,1,C03,6,3,5,50,3,1,1,4,4,5,7,2,1,5,4,5,2,16,1,39,3,10,1,1,7,5,1,10,1,15,,43,43,1,22,9,121.4988002,25.1322798
111,11,25,17,54,2,09北投區,北投區光明路2巷與育仁路口,0,0,1,2,C03,6,3,5,50,3,1,1,4,4,5,7,2,1,5,4,5,2,16,1,28,2,9,1,1,7,9,1,10,1,15,,43,43,1,22,9,121.4988002,25.1322798
111,11,25,17,56,2,12內湖區,內湖區瑞湖街182號,0,0,1,1,C01,6,3,5,50,14,9,1,4,4,5,7,4,4,8,5,5,2,13,1,46,3,10,1,1,7,9,1,9,2,11,,23,23,1,22,9,121.5764236,25.06959781
111,11,25,17,56,2,12內湖區,內湖區瑞湖街182號,0,0,1,2,C03,6,3,5,50,14,9,1,4,4,5,7,4,4,8,5,5,2,13,2,27,2,9,1,1,7,9,1,10,2,13,,44,23,1,22,9,121.5764236,25.06959781
111,11,25,17,59,2,04大安區,大安區羅斯福路4段113巷21.23號,0,0,1,1,B03,6,3,5,50,14,9,1,4,4,5,7,4,4,9,4,5,2,12,1,25,3,10,3,4,7,5,1,8,1,4,,8,8,1,22,9,121.5400086,25.01128534
111,11,25,17,59,2,04大安區,大安區羅斯福路4段113巷21.23號,0,0,1,2,C03,6,3,5,50,14,9,1,4,4,5,7,4,4,9,4,5,2,12,1,22,2,9,3,4,7,9,1,10,1,12,,23,8,1,22,9,121.5400086,25.01128534
111,11,25,18,0,2,08士林區,士林區中山北路4段與通河街口,0,0,1,1,B02,6,3,5,50,4,1,1,4,4,5,7,2,1,1,2,5,1,16,1,26,3,10,1,1,7,6,1,8,1,5,,6,6,1,22,9,121.5243235,25.0798494
111,11,25,18,0,2,08士林區,士林區中山北路4段與通河街口,0,0,1,2,C03,6,3,5,50,4,1,1,4,4,5,7,2,1,1,2,5,1,16,1,35,2,9,1,1,7,9,1,10,1,14,,17,6,1,22,9,121.5243235,25.0798494
111,11,25,18,1,2,02萬華區,萬華區貴陽街2段與柳州街口,0,0,1,1,B12,6,3,5,50,4,1,1,4,4,5,7,1,1,5,4,5,2,3,4,,4,11,3,4,7,15,7,19,11,15,,43,43,2,22,9,121.5051155,25.0393498
111,11,25,18,1,2,02萬華區,萬華區貴陽街2段與柳州街口,0,0,1,2,H01,6,3,5,50,4,1,1,4,4,5,7,1,1,5,4,5,2,3,1,75,2,9,4,5,8,16,8,20,10,16,,67,43,1,22,9,121.5051155,25.0393498
111,11,25,18,1,2,07信義區,信義區忠孝東路5段與大道路口,0,0,1,1,B01,6,3,5,50,14,9,1,4,4,5,7,4,4,10,5,5,2,12,1,66,3,10,1,1,7,6,1,4,1,4,,9,2,1,22,9,121.5809113,25.0429775
111,11,25,18,1,2,07信義區,信義區忠孝東路5段與大道路口,0,0,1,2,C03,6,3,5,50,14,9,1,4,4,5,7,4,4,10,5,5,2,12,1,28,2,9,1,1,7,5,1,10,1,12,,2,2,1,22,9,121.5809113,25.0429775
111,11,25,18,2,2,02萬華區,萬華區中華路1段與洛陽街口,0,0,1,1,B03,6,3,5,50,4,1,1,4,4,5,7,1,1,1,4,1,2,17,1,52,3,10,1,4,7,8,1,8,2,2,,7,7,1,22,9,121.5095202,25.04697968
111,11,25,18,2,2,02萬華區,萬華區中華路1段與洛陽街口,0,0,1,2,C03,6,3,5,50,4,1,1,4,4,5,7,1,1,1,4,1,2,17,1,50,2,9,1,4,7,9,1,10,2,14,,44,7,1,22,9,121.5095202,25.04697968
111,11,25,18,25,2,03中山區,中山區復興北路342號,0,0,1,1,C03,6,3,5,50,14,9,1,4,4,5,7,4,4,1,4,5,2,16,1,52,2,9,1,1,7,7,1,10,1,14,,7,7,1,22,9,121.5440657,25.05984584
111,11,25,18,25,2,03中山區,中山區復興北路342號,0,0,1,2,B02,6,3,5,50,14,9,1,4,4,5,7,4,4,1,4,5,2,16,1,34,3,10,3,4,7,9,1,8,1,5,,44,7,1,22,9,121.5440657,25.05984584
111,11,25,18,25,2,03中山區,中山區復興北路342號,0,0,1,3,B01,6,3,5,50,14,9,1,4,4,5,7,4,4,1,4,5,2,16,1,54,3,10,3,4,7,14,1,4,9,7,,38,7,1,22,9,121.5440657,25.05984584
111,11,25,18,27,2,07信義區,信義區莊敬路325巷8號,0,0,1,1,H01,6,3,5,30,14,9,1,4,4,5,7,4,4,9,4,5,2,3,2,71,2,7,4,5,8,16,8,20,10,16,,51,51,1,22,9,121.5639515,25.0283255
111,11,25,18,27,2,07信義區,信義區莊敬路325巷8號,0,0,1,2,C03,6,3,5,30,14,9,1,4,4,5,7,4,4,9,4,5,2,3,2,52,3,10,1,1,7,9,1,10,1,11,,23,51,1,22,9,121.5639515,25.0283255
111,11,25,18,35,2,03中山區,中山區樂群二路與樂群二路30巷口,0,0,1,1,C03,6,3,5,50,4,1,1,4,4,5,7,1,1,1,4,5,2,16,1,39,2,9,1,1,7,5,1,10,11,12,,25,25,1,22,9,121.5532389,25.0801143
111,11,25,18,35,2,03中山區,中山區樂群二路與樂群二路30巷口,0,0,1,2,B02,6,3,5,50,4,1,1,4,4,5,7,1,1,1,4,5,2,16,1,42,3,10,1,1,7,9,1,8,11,8,,44,25,1,22,9,121.5532389,25.0801143
111,11,25,18,46,2,03中山區,中山區松江路235巷28號,0,1,0,1,B03,6,3,5,30,14,9,1,4,4,5,7,4,4,10,5,5,2,16,1,65,5,3,3,4,7,15,1,8,9,2,,22,42,1,22,9,121.5343492,25.05882714
111,11,25,18,46,2,03中山區,中山區松江路235巷28號,0,1,0,2,C03,6,3,5,30,14,9,1,4,4,5,7,4,4,10,5,5,2,16,2,32,3,10,1,1,7,13,1,10,11,13,,44,42,1,22,9,121.5343492,25.05882714
111,11,25,18,46,2,03中山區,中山區松江路235巷28號,0,1,0,3,C03,6,3,5,30,14,9,1,4,4,5,7,4,4,10,5,5,2,16,1,51,3,10,1,1,7,13,1,10,11,13,,44,42,1,22,9,121.5343492,25.05882714
111,11,25,18,46,2,03中山區,中山區松江路235巷28號,0,1,0,4,C03,6,3,5,30,14,9,1,4,4,5,7,4,4,10,5,5,2,16,1,39,3,10,3,4,7,13,7,19,11,13,,44,42,1,22,9,121.5343492,25.05882714
111,11,25,18,46,2,03中山區,中山區松江路235巷28號,0,1,0,5,C03,6,3,5,30,14,9,1,4,4,5,7,4,4,10,5,5,2,16,2,40,3,10,3,4,7,15,7,19,11,13,,44,42,1,22,9,121.5343492,25.05882714
111,11,25,18,46,2,03中山區,中山區松江路235巷28號,0,1,0,6,C03,6,3,5,30,14,9,1,4,4,5,7,4,4,10,5,5,2,16,2,34,3,10,3,4,7,15,7,19,11,12,,44,42,1,22,9,121.5343492,25.05882714
111,11,25,18,46,2,03中山區,中山區松江路235巷28號,0,1,0,7,C03,6,3,5,30,14,9,1,4,4,5,7,4,4,10,5,5,2,16,2,39,3,10,1,1,7,13,1,10,1,12,,44,42,1,22,9,121.5343492,25.05882714
111,11,25,18,46,2,03中山區,中山區松江路235巷28號,0,1,0,8,C03,6,3,5,30,14,9,1,4,4,5,7,4,4,10,5,5,2,16,2,63,3,10,3,4,7,15,7,19,11,12,,44,42,1,22,9,121.5343492,25.05882714
111,11,25,18,46,2,03中山區,中山區松江路235巷28號,0,1,0,9,C03,6,3,5,30,14,9,1,4,4,5,7,4,4,10,5,5,2,16,1,24,3,10,3,4,7,13,7,19,11,13,,44,42,1,22,9,121.5343492,25.05882714
111,11,25,18,49,2,05中正區,中正區市民大道3段與新生北路1段口,0,0,1,1,B03,6,3,5,40,4,1,1,4,4,5,7,1,1,10,5,5,2,16,1,30,3,10,1,1,7,6,1,8,2,5,,9,9,1,22,9,121.5327787,25.0453173
111,11,25,18,49,2,05中正區,中正區市民大道3段與新生北路1段口,0,0,1,2,C03,6,3,5,40,4,1,1,4,4,5,7,1,1,10,5,5,2,16,1,26,2,7,1,1,7,9,1,10,2,14,,44,9,1,22,9,121.5327787,25.0453173
111,11,25,19,0,2,10文山區,文山區木柵路1段與富山路口口,0,0,1,1,C03,6,3,5,50,3,1,1,4,4,5,7,2,1,4,3,5,1,3,2,68,3,10,1,4,7,5,1,10,1,11,,43,43,1,22,9,121.5537942,24.98813388
111,11,25,19,0,2,10文山區,文山區木柵路1段與富山路口口,0,0,1,2,H01,6,3,5,50,3,1,1,4,4,5,7,2,1,4,3,5,1,3,1,63,2,5,4,5,8,16,8,20,10,16,,67,43,1,22,9,121.5537942,24.98813388
111,11,25,19,32,2,08士林區,士林區延平北路6段與延平北路6段176巷口,0,0,1,1,C03,6,3,5,50,3,1,1,4,4,5,7,4,4,5,5,5,2,1,4,,4,11,3,4,7,15,7,19,11,15,,43,43,2,22,9,121.5062294,25.0894814
111,11,25,19,32,2,08士林區,士林區延平北路6段與延平北路6段176巷口,0,0,1,2,H01,6,3,5,50,3,1,1,4,4,5,7,4,4,5,5,5,2,1,2,70,2,1,4,5,8,16,8,20,10,16,,67,43,1,22,9,121.5062294,25.0894814
111,11,25,19,42,2,11南港區,南港區市民大道8段與南港路1段277巷口,0,0,2,1,B01,6,3,5,50,4,1,1,4,4,5,7,1,1,5,1,5,2,16,1,62,3,10,1,1,7,5,1,4,2,5,,8,8,1,22,9,121.6087928,25.05355479
111,11,25,19,42,2,11南港區,南港區市民大道8段與南港路1段277巷口,0,0,2,2,C03,6,3,5,50,4,1,1,4,4,5,7,1,1,5,1,5,2,16,1,19,2,7,1,1,7,9,1,10,2,11,,23,8,1,22,9,121.6087928,25.05355479
111,11,25,19,42,2,11南港區,南港區市民大道8段與南港路1段277巷口,0,0,2,3,C03,6,3,5,50,4,1,1,4,4,5,7,1,1,5,1,5,2,16,2,29,2,9,1,1,7,9,1,10,2,11,,44,8,1,22,9,121.6087928,25.05355479
111,11,25,19,58,2,06松山區,松山區八德路2段424號,0,0,1,1,C03,6,3,5,50,4,2,1,4,4,5,7,2,1,5,4,5,2,13,2,67,2,9,1,1,7,9,1,10,2,14,,23,23,1,22,9,121.5472249,25.0481735
111,11,25,19,58,2,06松山區,松山區八德路2段424號,0,0,1,2,C03,6,3,5,50,4,2,1,4,4,5,7,2,1,5,4,5,2,13,1,60,3,10,1,1,7,14,1,10,2,13,,44,23,1,22,9,121.5472249,25.0481735
111,11,25,20,22,2,03中山區,中山區林森北路與林森北路383巷口,0,0,2,1,C03,6,3,5,50,3,2,1,4,4,5,7,4,4,8,5,5,2,3,1,31,2,9,3,4,7,9,1,10,1,11,,23,23,1,22,9,121.5254863,25.0585108
111,11,25,20,22,2,03中山區,中山區林森北路與林森北路383巷口,0,0,2,2,H01,6,3,5,50,3,2,1,4,4,5,7,4,4,8,5,5,2,3,2,65,2,9,4,5,8,16,8,20,10,16,,51,23,1,22,9,121.5254863,25.0585108
111,11,25,20,53,2,03中山區,中山區龍江路50-3號,0,0,2,2,C03,6,3,5,50,14,9,1,4,4,5,7,4,4,5,5,5,2,3,1,25,2,9,1,1,7,9,1,10,1,11,,23,51,1,22,9,121.5406822,25.0500116
111,11,25,20,53,2,03中山區,中山區龍江路50-3號,0,0,2,1,H01,6,3,5,50,14,9,1,4,4,5,7,4,4,5,5,5,2,3,1,62,2,9,4,5,8,16,8,20,10,16,,51,51,1,22,9,121.5406822,25.0500116
111,11,25,21,0,2,10文山區,文山區興隆路1段與興隆路1段251巷口,0,0,1,1,B03,6,3,5,50,3,2,1,4,4,5,7,1,1,1,4,5,2,13,1,42,3,10,1,1,7,9,1,8,2,1,,23,23,1,22,9,121.5438899,24.999581
111,11,25,21,0,2,10文山區,文山區興隆路1段與興隆路1段251巷口,0,0,1,2,C03,6,3,5,50,3,2,1,4,4,5,7,1,1,1,4,5,2,13,1,39,3,10,1,1,7,14,1,10,2,13,,44,23,1,22,9,121.5438899,24.999581
111,11,25,21,0,2,10文山區,文山區興隆路1段與興隆路1段251巷口,0,0,1,3,H02,6,3,5,50,3,2,1,4,4,5,7,1,1,1,4,5,2,13,2,37,2,1,1,5,7,20,8,20,10,16,,67,23,1,22,9,121.5438899,24.999581
111,11,25,21,2,2,12內湖區,內湖區東湖路113巷與東湖路113巷95弄口,0,0,1,1,B03,6,3,5,30,4,1,1,4,4,5,7,3,1,5,5,5,2,16,1,31,3,10,1,1,7,5,1,8,1,4,,6,6,1,22,9,121.6156317,25.07202462
111,11,25,21,2,2,12內湖區,內湖區東湖路113巷與東湖路113巷95弄口,0,0,1,2,F03,6,3,5,30,4,1,1,4,4,5,7,3,1,5,5,5,2,16,2,56,2,8,1,1,7,14,8,20,1,16,,44,6,1,22,9,121.6156317,25.07202462
111,11,25,21,15,2,01大同區,大同區民權西路與延平北路3段口,0,0,2,1,C03,6,3,5,0,4,2,1,4,4,5,7,2,1,5,4,5,2,17,1,24,3,10,1,1,7,11,1,10,1,15,,10,10,1,22,9,121.5112123,25.06311908
111,11,25,21,15,2,01大同區,大同區民權西路與延平北路3段口,0,0,2,2,C03,6,3,5,0,4,2,1,4,4,5,7,2,1,5,4,5,2,17,1,28,2,9,1,1,7,9,1,10,1,12,,44,10,1,22,9,121.5112123,25.06311908
111,11,25,21,15,2,01大同區,大同區民權西路與延平北路3段口,0,0,2,3,H02,6,3,5,0,4,2,1,4,4,5,7,2,1,5,4,5,2,17,2,29,2,5,1,1,7,20,8,20,10,16,,67,10,1,22,9,121.5112123,25.06311908
111,11,25,21,20,2,07信義區,信義區松仁路7號旁,0,0,1,1,C03,6,3,5,50,14,9,1,4,4,5,7,4,4,9,4,5,2,13,1,24,2,9,3,4,7,9,1,10,2,12,,43,43,1,22,9,121.5690906,25.039034
111,11,25,21,20,2,07信義區,信義區松仁路7號旁,0,0,1,2,B03,6,3,5,50,14,9,1,4,4,5,7,4,4,9,4,5,2,13,2,22,3,10,3,1,7,13,1,8,11,7,,43,43,1,22,9,121.5690906,25.039034
111,11,25,21,48,2,03中山區,中山區長安東路1段51號,0,0,1,1,C03,6,3,5,50,14,9,1,4,4,5,7,4,4,4,3,5,2,13,1,26,2,7,3,4,7,9,1,10,1,11,,23,23,1,22,9,121.5258989,25.04888046
111,11,25,21,48,2,03中山區,中山區長安東路1段51號,0,0,1,2,B03,6,3,5,50,14,9,1,4,4,5,7,4,4,4,3,5,2,13,1,23,3,10,3,4,7,8,1,8,1,3,,7,23,1,22,9,121.5258989,25.04888046
111,11,25,21,48,2,03中山區,中山區長安東路1段51號,0,0,1,3,B03,6,3,5,50,14,9,1,4,4,5,7,4,4,4,3,5,2,13,4,,4,11,3,4,7,15,7,19,11,15,,43,23,2,22,9,121.5258989,25.04888046
111,11,25,21,49,2,03中山區,中山區合江街87號,0,0,2,2,C03,6,3,5,0,14,9,1,4,4,5,7,4,4,9,5,5,2,17,2,53,2,9,1,1,7,9,1,10,1,14,,44,43,1,22,9,121.5392377,25.0592116
111,11,25,21,49,2,03中山區,中山區合江街87號,0,0,2,3,H02,6,3,5,0,14,9,1,4,4,5,7,4,4,9,5,5,2,17,2,65,2,9,1,5,7,20,8,20,10,16,,67,43,1,22,9,121.5392377,25.0592116
111,11,25,21,49,2,03中山區,中山區合江街87號,0,0,2,1,H01,6,3,5,0,14,9,1,4,4,5,7,4,4,9,5,5,2,17,4,,4,11,3,4,7,15,7,19,11,15,,43,43,2,22,9,121.5392377,25.0592116
111,11,25,21,54,2,04大安區,大安區忠孝東路4段216巷與敦化南路1段233巷口,0,0,2,1,C03,6,4,5,30,4,1,1,4,4,5,7,4,4,8,4,5,2,15,1,62,2,7,1,1,7,9,1,10,2,13,,26,26,1,22,9,121.5529285,25.04041117
111,11,25,21,54,2,04大安區,大安區忠孝東路4段216巷與敦化南路1段233巷口,0,0,2,2,C03,6,4,5,30,4,1,1,4,4,5,7,4,4,8,4,5,2,15,1,31,2,9,1,1,7,9,1,10,2,11,,13,26,1,22,9,121.5529285,25.04041117
111,11,25,22,48,2,05中正區,中正區青島西路台大停車場前,0,0,2,1,C03,6,3,5,50,14,9,1,4,4,5,7,4,4,9,5,5,2,12,2,20,2,8,1,1,7,11,1,10,1,14,,10,10,1,22,1,121.5180904,25.0448282