發生年度,發生月,發生日,發生時-Hours,發生分,處理別-編號,區序,肇事地點,死亡人數,2-30日死亡人數,受傷人數,當事人序號,車種,天候,光線,道路類別,速限-速度限制,道路型態,事故位置,路面狀況1,路面狀況2,路面狀況3,道路障礙1,道路障礙2,號誌1,號誌2,車道劃分-分向,車道劃分-分道1,車道劃分-分道2,車道劃分-分道3,事故類型及型態,性別,年齡,受傷程度,主要傷處,安全帽,行動電話,車輛用途,當事者行動狀態,駕駛資格情形,駕駛執照種類,飲酒情形,車輛撞擊部位1,車輛撞擊部位2,肇因碼-個別,肇因碼-主要,個人肇逃否,職業,旅次目的,座標-X,座標-Y
111,11,25,22,48,2,05中正區,中正區青島西路台大停車場前,0,0,2,2,C03,6,3,5,50,14,9,1,4,4,5,7,4,4,9,5,5,2,12,1,24,2,7,1,1,7,9,1,10,1,11,,23,10,1,22,5,121.5180904,25.0448282
111,11,25,23,0,2,09北投區,北投區中央北路1段12號對面,0,0,1,1,C03,6,3,5,50,14,9,1,4,4,5,7,4,4,9,4,5,2,17,1,21,2,9,1,1,7,9,1,10,1,14,,42,42,1,22,9,121.5010567,25.13375556
111,11,25,23,0,2,09北投區,北投區中央北路1段12號對面,0,0,1,2,B03,6,3,5,50,14,9,1,4,4,5,7,4,4,9,4,5,2,17,1,55,3,10,1,1,7,11,1,8,1,15,,10,42,1,22,9,121.5010567,25.13375556
111,11,25,23,45,2,01大同區,大同區延平北路1段51號,0,0,1,1,C03,6,3,5,50,14,9,1,4,4,5,7,4,4,5,4,5,2,16,2,36,2,8,1,1,7,9,1,10,2,11,,23,23,1,22,9,121.5119498,25.05079329
111,11,25,23,45,2,01大同區,大同區延平北路1段51號,0,0,1,2,B03,6,3,5,50,14,9,1,4,4,5,7,4,4,5,4,5,2,16,1,31,3,10,1,1,7,11,1,8,2,4,,10,23,1,22,9,121.5119498,25.05079329
111,11,26,0,25,2,07信義區,信義區永吉路與虎林街口,0,0,3,1,B03,6,3,5,50,4,2,1,4,4,5,7,2,1,1,4,5,2,16,1,29,2,9,1,1,7,9,1,8,1,1,,23,23,1,22,9,121.5769696,25.0454852
111,11,26,0,25,2,07信義區,信義區永吉路與虎林街口,0,0,3,2,B03,6,3,5,50,4,2,1,4,4,5,7,2,1,1,4,5,2,16,1,30,2,5,1,1,7,5,1,8,1,2,,8,23,1,22,9,121.5769696,25.0454852
111,11,26,0,25,2,07信義區,信義區永吉路與虎林街口,0,0,3,3,H02,6,3,5,50,4,2,1,4,4,5,7,2,1,1,4,5,2,16,2,29,2,9,1,1,7,17,8,20,10,16,,67,23,1,22,9,121.5769696,25.0454852
111,11,26,1,0,2,03中山區,中山區復興北路276號,0,0,1,1,,6,3,5,50,14,9,1,4,4,5,7,4,4,1,3,5,2,13,4,,4,11,3,4,7,15,7,19,11,15,,43,43,2,22,9,121.544107,25.05855275
111,11,26,1,0,2,03中山區,中山區復興北路276號,0,0,1,2,C03,6,3,5,50,14,9,1,4,4,5,7,4,4,1,3,5,2,13,1,27,2,9,3,4,7,9,1,10,1,11,,23,43,1,22,9,121.544107,25.05855275
111,11,26,1,43,2,09北投區,北投區石牌路1段與致遠一路2段口,0,0,1,1,B03,6,3,5,50,4,2,1,4,4,5,7,2,1,5,4,5,2,11,1,39,3,10,1,1,7,7,1,8,2,1,,7,7,1,22,9,121.5123177,25.11406509
111,11,26,1,43,2,09北投區,北投區石牌路1段與致遠一路2段口,0,0,1,2,C03,6,3,5,50,4,2,1,4,4,5,7,2,1,5,4,5,2,11,1,24,2,9,1,1,7,14,1,10,2,11,,44,7,1,22,9,121.5123177,25.11406509
111,11,26,1,43,2,09北投區,北投區石牌路1段與致遠一路2段口,0,0,1,3,F01,6,3,5,50,4,2,1,4,4,5,7,2,1,5,4,5,2,11,3,,,,,,,,,,,,,67,7,1,,,121.5123177,25.11406509
111,11,26,2,28,2,07信義區,信義區忠孝東路4段550號,0,0,1,1,B01,7,3,5,50,14,9,1,5,4,5,7,1,1,3,4,5,1,17,1,66,3,10,3,4,7,11,1,4,1,15,,10,10,1,22,9,121.562857,25.0411256
111,11,26,2,28,2,07信義區,信義區忠孝東路4段550號,0,0,1,2,C03,7,3,5,50,14,9,1,5,4,5,7,1,1,3,4,5,1,17,2,21,2,9,3,4,7,9,1,10,1,12,,23,10,1,22,9,121.562857,25.0411256
111,11,26,2,42,2,07信義區,信義區忠孝東路4段550號,0,0,1,1,C03,7,3,5,50,14,9,1,5,4,5,7,4,4,3,4,5,2,13,1,23,2,9,3,4,7,9,1,10,1,11,,23,23,1,22,9,121.563165,25.0411146
111,11,26,2,42,2,07信義區,信義區忠孝東路4段550號,0,0,1,2,B01,7,3,5,50,14,9,1,5,4,5,7,4,4,3,4,5,2,13,1,66,3,10,3,4,7,14,1,4,1,6,,44,23,1,22,9,121.563165,25.0411146
111,11,26,4,37,2,06松山區,松山區南京東路5段234號,0,0,1,1,B01,7,3,5,50,14,9,1,4,4,5,7,4,4,5,4,5,2,16,1,51,3,10,1,1,7,8,1,4,2,6,,7,7,1,22,9,121.5659769,25.0512469
111,11,26,4,37,2,06松山區,松山區南京東路5段234號,0,0,1,2,C03,7,3,5,50,14,9,1,4,4,5,7,4,4,5,4,5,2,16,1,26,2,9,1,1,7,9,1,10,2,11,,16,7,1,22,9,121.5659769,25.0512469
111,11,26,6,31,2,02萬華區,萬華區昆明街與峨眉街口,0,0,1,1,B02,7,2,5,50,4,1,1,5,4,5,7,2,1,10,5,5,1,3,2,24,3,10,1,4,7,5,1,8,2,5,,15,6,1,22,9,121.505089,25.0439267
111,11,26,6,31,2,02萬華區,萬華區昆明街與峨眉街口,0,0,1,2,H01,7,2,5,50,4,1,1,5,4,5,7,2,1,10,5,5,1,3,1,88,2,9,4,5,8,16,8,20,10,16,,67,6,1,22,9,121.505089,25.0439267
111,11,26,7,15,2,12內湖區,內湖區康樂街110巷與康樂街136巷18弄口,0,0,1,1,C03,6,1,5,30,4,1,1,4,4,5,7,4,4,9,5,5,1,15,1,35,2,9,1,1,7,9,1,9,1,11,,6,6,1,22,9,121.6183031,25.07072499
111,11,26,7,15,2,12內湖區,內湖區康樂街110巷與康樂街136巷18弄口,0,0,1,2,B12,6,1,5,30,4,1,1,4,4,5,7,4,4,9,5,5,1,15,1,54,3,10,1,1,7,9,1,8,1,1,,23,6,1,22,9,121.6183031,25.07072499
111,11,26,8,38,2,11南港區,南港區忠孝東路6段與東新街口,0,0,2,1,C03,6,1,5,40,14,8,1,4,4,5,7,4,4,5,4,4,2,12,1,53,2,8,1,1,7,9,1,10,1,12,,17,23,1,21,8,121.585352,25.0482215
111,11,26,8,38,2,11南港區,南港區忠孝東路6段與東新街口,0,0,2,2,C03,6,1,5,40,14,8,1,4,4,5,7,4,4,5,4,4,2,12,1,29,2,7,1,1,7,9,1,10,1,14,,44,23,1,21,8,121.585352,25.0482215
111,11,26,8,55,2,05中正區,中正區重慶南路1段66-1號,0,0,1,2,B03,6,1,5,50,14,9,1,4,4,5,7,1,1,9,4,5,2,13,2,28,3,10,1,4,7,14,1,10,2,3,,44,16,1,22,9,121.5131874,25.04367276
111,11,26,8,55,2,05中正區,中正區重慶南路1段66-1號,0,0,1,1,C03,6,1,5,50,14,9,1,4,4,5,7,1,1,9,4,5,2,13,1,28,2,9,1,4,7,9,1,10,2,11,,16,16,1,22,9,121.5131874,25.04367276
111,11,26,9,0,2,07信義區,信義區永吉路與松隆路口,0,0,1,1,B03,6,1,5,50,5,2,1,4,4,5,7,2,1,1,4,5,2,17,1,58,3,10,1,1,7,9,1,8,1,2,,17,17,1,22,9,121.5704388,25.0456021
111,11,26,9,0,2,07信義區,信義區永吉路與松隆路口,0,0,1,2,C03,6,1,5,50,5,2,1,4,4,5,7,2,1,1,4,5,2,17,2,25,2,8,1,1,7,9,1,10,1,14,,17,17,1,22,9,121.5704388,25.0456021
111,11,26,9,28,2,09北投區,北投區光明路155號,0,0,2,1,F01,7,1,5,50,14,9,1,5,4,5,7,4,4,5,5,5,2,16,1,77,2,9,1,1,7,5,8,20,1,16,,8,8,1,22,9,121.5026838,25.1351231
111,11,26,9,28,2,09北投區,北投區光明路155號,0,0,2,2,C03,7,1,5,50,14,9,1,5,4,5,7,4,4,5,5,5,2,16,2,79,2,9,3,4,7,9,1,10,1,12,,23,8,1,22,9,121.5026838,25.1351231
111,11,26,10,22,2,06松山區,松山區新東街20巷5號,0,0,2,1,C03,6,1,5,30,14,9,1,4,4,5,7,4,4,9,5,5,2,13,2,38,2,9,3,4,7,9,1,10,1,11,,23,5,1,22,9,121.5664614,25.05839087
111,11,26,10,22,2,06松山區,松山區新東街20巷5號,0,0,2,2,C03,6,1,5,30,14,9,1,4,4,5,7,4,4,9,5,5,2,13,2,24,2,9,3,4,7,5,1,10,1,14,,8,5,1,22,9,121.5664614,25.05839087
111,11,26,10,33,2,07信義區,信義區忠孝東路5段187號,0,0,1,1,C03,7,1,5,50,14,9,1,5,4,5,7,4,4,1,4,5,2,13,1,55,2,9,3,4,7,9,1,10,1,11,,23,23,1,22,9,121.5692374,25.0411135
111,11,26,10,33,2,07信義區,信義區忠孝東路5段187號,0,0,1,2,B03,7,1,5,50,14,9,1,5,4,5,7,4,4,1,4,5,2,13,1,52,3,10,3,4,7,14,1,8,1,6,,44,23,1,22,9,121.5692374,25.0411135
111,11,26,10,36,2,04大安區,大安區市民大道3段86號,0,0,2,1,B01,6,1,5,40,14,9,1,4,4,5,7,4,4,1,4,5,2,13,1,67,3,10,1,1,7,9,1,4,1,3,,44,44,1,22,9,121.5332006,25.0452441
111,11,26,10,36,2,04大安區,大安區市民大道3段86號,0,0,2,2,C03,6,1,5,40,14,9,1,4,4,5,7,4,4,1,4,5,2,13,2,45,2,8,1,1,7,9,1,10,1,11,,16,44,1,22,9,121.5332006,25.0452441
111,11,26,10,36,2,04大安區,大安區市民大道3段86號,0,0,2,3,C03,6,1,5,40,14,9,1,4,4,5,7,4,4,1,4,5,2,13,2,21,2,8,1,1,7,9,1,10,1,11,,16,44,1,22,9,121.5332006,25.0452441
111,11,26,10,42,2,09北投區,北投區秀山路與秀山路46巷口,0,0,2,1,C03,7,1,5,50,3,1,1,5,4,5,7,4,4,5,5,5,2,16,1,71,3,10,3,4,7,5,1,10,1,11,,43,43,1,22,9,121.4926148,25.14514708
111,11,26,10,42,2,09北投區,北投區秀山路與秀山路46巷口,0,0,2,2,C03,7,1,5,50,3,1,1,5,4,5,7,4,4,5,5,5,2,16,1,60,2,9,3,4,7,9,1,10,1,12,,43,43,1,22,9,121.4926148,25.14514708
111,11,26,10,42,2,09北投區,北投區秀山路與秀山路46巷口,0,0,2,3,H02,7,1,5,50,3,1,1,5,4,5,7,4,4,5,5,5,2,16,2,60,2,9,4,4,7,20,8,20,10,16,,67,43,1,22,9,121.4926148,25.14514708
111,11,26,11,2,2,02萬華區,萬華區萬大路493巷與萬大路口,0,0,1,1,C03,8,1,5,30,3,1,1,5,4,5,7,1,1,8,3,5,1,12,2,19,2,9,1,2,7,9,1,10,2,12,,43,17,1,22,9,121.4978202,25.0201408
111,11,26,11,2,2,02萬華區,萬華區萬大路493巷與萬大路口,0,0,1,2,C03,8,1,5,30,3,1,1,5,4,5,7,1,1,8,3,5,1,12,2,47,4,11,1,1,7,9,1,10,11,14,,43,17,1,22,9,121.4978202,25.0201408
111,11,26,11,5,2,05中正區,中正區懷寧街與衡陽路口,0,0,1,1,C03,6,1,5,50,3,2,1,4,4,5,7,1,1,10,3,5,2,11,1,43,3,10,1,1,7,8,1,10,2,14,,7,9,1,22,9,121.5139349,25.0423354
111,11,26,11,5,2,05中正區,中正區懷寧街與衡陽路口,0,0,1,2,C03,6,1,5,50,3,2,1,4,4,5,7,1,1,10,3,5,2,11,2,30,2,8,1,1,7,5,1,10,2,11,,44,9,1,22,9,121.5139349,25.0423354
111,11,26,11,26,2,08士林區,士林區中山北路5段,0,0,1,1,B01,7,1,5,50,14,9,1,5,4,5,7,4,4,5,4,5,2,16,1,51,3,10,1,1,7,8,1,4,1,2,,7,7,1,22,9,121.5273921,25.08882857
111,11,26,11,26,2,08士林區,士林區中山北路5段,0,0,1,2,C03,7,1,5,50,14,9,1,5,4,5,7,4,4,5,4,5,2,16,1,19,2,9,1,1,7,9,1,10,1,14,,13,7,1,22,9,121.5273921,25.08882857
111,11,26,11,30,2,12內湖區,內湖區成功路2段與南京東路6段口,0,0,1,1,B03,7,1,5,50,3,2,1,4,4,5,7,4,4,3,4,5,2,12,2,33,3,10,1,1,7,9,1,8,1,5,,44,44,1,22,9,121.5910702,25.0611289
111,11,26,11,30,2,12內湖區,內湖區成功路2段與南京東路6段口,0,0,1,2,C04,7,1,5,50,3,2,1,4,4,5,7,4,4,3,4,5,2,12,2,78,2,9,1,1,7,7,1,11,1,13,,7,44,1,22,9,121.5910702,25.0611289
111,11,26,11,45,2,07信義區,信義區市民大道6段與虎林街口,0,0,1,1,C03,7,1,5,40,4,2,1,4,4,5,7,1,1,1,4,5,2,18,1,41,2,9,3,4,7,9,1,10,1,15,,23,23,1,22,9,121.5758304,25.0491528
111,11,26,11,45,2,07信義區,信義區市民大道6段與虎林街口,0,0,1,2,,7,1,5,40,4,2,1,4,4,5,7,1,1,1,4,5,2,18,3,,,,,,,,,,,,,67,23,1,,,121.5758304,25.0491528
111,11,26,11,46,2,12內湖區,內湖區成功路2段與新明路口,0,0,1,1,C03,6,1,5,50,4,1,1,4,4,5,7,2,1,1,4,5,2,16,1,72,2,9,1,1,7,5,1,10,2,12,,8,8,1,22,9,121.5912243,25.06057824
111,11,26,11,46,2,12內湖區,內湖區成功路2段與新明路口,0,0,1,2,B03,6,1,5,50,4,1,1,4,4,5,7,2,1,1,4,5,2,16,1,38,3,10,1,1,7,9,1,8,2,4,,26,8,1,22,9,121.5912243,25.06057824
111,11,26,11,52,2,02萬華區,萬華區中華路1段與南寧路口,0,0,1,1,C03,8,1,5,50,5,1,1,5,4,5,7,1,1,8,3,1,1,17,1,22,2,8,1,1,7,6,1,10,1,14,,23,23,1,22,9,121.5065036,25.0371934
111,11,26,11,52,2,02萬華區,萬華區中華路1段與南寧路口,0,0,1,2,F01,8,1,5,50,5,1,1,5,4,5,7,1,1,8,3,1,1,17,2,60,3,10,1,1,7,1,8,20,1,16,,4,23,1,22,9,121.5065036,25.0371934
111,11,26,11,55,2,10文山區,文山區老泉街恆光橋,0,0,1,1,B03,7,1,5,50,3,1,1,4,4,5,7,3,1,5,5,5,2,16,1,24,3,10,1,1,7,5,1,8,1,4,,6,6,1,22,9,121.5676945,24.97997143
111,11,26,11,55,2,10文山區,文山區老泉街恆光橋,0,0,1,2,C03,7,1,5,50,3,1,1,4,4,5,7,3,1,5,5,5,2,16,1,68,2,9,1,1,7,9,1,10,1,15,,44,6,1,22,9,121.5676945,24.97997143
111,11,26,12,4,2,04大安區,大安區市民大道4段與復興南路1段口,0,0,1,1,C03,7,1,5,40,4,1,1,4,4,5,7,2,1,1,5,5,2,12,1,42,3,10,1,1,7,7,6,10,1,13,,7,7,1,22,9,121.5440944,25.0448002
111,11,26,12,4,2,04大安區,大安區市民大道4段與復興南路1段口,0,0,1,2,C03,7,1,5,40,4,1,1,4,4,5,7,2,1,1,5,5,2,12,1,29,2,8,1,1,7,9,1,10,1,11,,44,7,1,22,9,121.5440944,25.0448002
111,11,26,12,7,2,07信義區,信義區莊敬路6巷與莊敬路口,0,0,2,1,C03,7,1,5,50,3,1,1,5,4,5,7,4,4,9,4,5,1,16,1,25,2,8,3,4,7,5,1,10,1,12,,6,6,1,22,9,121.5612838,25.0324935
111,11,26,12,7,2,07信義區,信義區莊敬路6巷與莊敬路口,0,0,2,2,C03,7,1,5,50,3,1,1,5,4,5,7,4,4,9,4,5,1,16,1,31,2,8,3,4,7,9,1,10,1,11,,44,6,1,22,9,121.5612838,25.0324935
111,11,26,12,10,2,05中正區,中正區中山南路與信義路1段口,0,0,2,3,H02,8,1,5,50,5,1,1,5,4,5,7,1,1,9,4,4,2,17,4,,2,9,4,5,7,21,8,20,10,16,,67,43,1,22,9,121.5179452,25.03915393
111,11,26,12,10,2,05中正區,中正區中山南路與信義路1段口,0,0,2,1,C03,8,1,5,50,5,1,1,5,4,5,7,1,1,9,4,4,2,17,1,64,2,9,1,4,7,9,1,10,2,15,,43,43,1,22,9,121.5179452,25.03915393
111,11,26,12,10,2,05中正區,中正區中山南路與信義路1段口,0,0,2,2,C03,8,1,5,50,5,1,1,5,4,5,7,1,1,9,4,4,2,17,1,30,3,10,1,4,7,9,1,10,2,15,,43,43,1,22,9,121.5179452,25.03915393
111,11,26,12,16,2,02萬華區,(西園路2段152號),0,0,1,1,B01,7,1,5,50,3,2,1,5,4,5,7,1,1,1,5,5,2,12,1,55,3,10,1,1,7,10,1,4,1,2,,7,7,1,22,9,121.4962057,25.03006731
111,11,26,12,16,2,02萬華區,(西園路2段152號),0,0,1,2,C03,7,1,5,50,3,2,1,5,4,5,7,1,1,1,5,5,2,12,1,23,2,9,1,1,7,9,1,10,1,12,,44,7,1,22,9,121.4962057,25.03006731
111,11,26,12,30,2,07信義區,信義區嘉興街324號,0,0,1,1,B03,7,1,5,50,14,9,1,5,4,5,7,4,4,9,5,5,2,17,1,61,3,10,3,4,7,1,1,8,1,8,,19,19,1,22,9,121.5543188,25.0232067
111,11,26,12,30,2,07信義區,信義區嘉興街324號,0,0,1,2,C03,7,1,5,50,14,9,1,5,4,5,7,4,4,9,5,5,2,17,1,74,3,10,3,4,7,9,1,10,1,13,,44,19,1,22,9,121.5543188,25.0232067
111,11,26,12,30,2,07信義區,信義區嘉興街324號,0,0,1,3,H02,7,1,5,50,14,9,1,5,4,5,7,4,4,9,5,5,2,17,2,70,2,9,4,5,7,21,8,20,10,16,,67,19,1,22,9,121.5543188,25.0232067
111,11,26,12,36,2,04大安區,大安區大安路1段與仁愛路4段91巷口,0,0,2,1,C03,7,1,5,30,4,2,1,5,4,5,7,4,4,8,3,5,1,15,2,46,2,9,3,4,7,9,7,19,11,11,,6,6,1,22,9,121.546061,25.0385986
111,11,26,12,36,2,04大安區,大安區大安路1段與仁愛路4段91巷口,0,0,2,2,C03,7,1,5,30,4,2,1,5,4,5,7,4,4,8,3,5,1,15,1,31,2,8,1,1,7,9,1,10,1,12,,44,6,1,22,9,121.546061,25.0385986
111,11,26,13,5,2,07信義區,信義區信安街與富陽街72巷口,0,0,1,1,B03,7,1,5,50,3,1,1,5,4,5,7,4,4,9,5,5,2,15,2,29,3,10,1,1,7,9,1,8,1,1,,6,6,1,22,9,121.5550992,25.0227599
111,11,26,13,5,2,07信義區,信義區信安街與富陽街72巷口,0,0,1,2,C03,7,1,5,50,3,1,1,5,4,5,7,4,4,9,5,5,2,15,1,18,2,8,1,1,7,9,1,10,1,12,,14,6,1,22,9,121.5550992,25.0227599
111,11,26,13,10,2,03中山區,中山區錦州街28號,0,0,2,1,B02,8,1,5,50,14,9,1,5,4,5,7,4,4,5,5,5,2,12,1,45,3,10,1,1,7,5,1,8,1,8,,44,44,1,22,9,121.5244866,25.0602074
111,11,26,13,10,2,03中山區,中山區錦州街28號,0,0,2,2,C03,8,1,5,50,14,9,1,5,4,5,7,4,4,5,5,5,2,12,1,34,2,9,1,1,7,9,1,10,1,12,,26,44,1,22,9,121.5244866,25.0602074
111,11,26,13,10,2,03中山區,中山區錦州街28號,0,0,2,3,H02,8,1,5,50,14,9,1,5,4,5,7,4,4,5,5,5,2,12,2,58,2,8,1,1,7,21,8,20,10,16,,67,44,1,22,9,121.5244866,25.0602074
111,11,26,13,38,2,09北投區,北投區竹子湖路第071號燈桿旁,0,0,2,1,B12,8,1,5,40,11,9,1,4,4,5,1,4,4,4,5,5,1,10,1,64,3,10,1,1,7,9,1,8,2,8,,23,23,1,22,9,121.5408092,25.17354259
111,11,26,13,38,2,09北投區,北投區竹子湖路第071號燈桿旁,0,0,2,2,B01,8,1,5,40,11,9,1,4,4,5,1,4,4,4,5,5,1,10,1,34,2,3,1,1,7,9,1,4,2,7,,44,23,1,22,9,121.5408092,25.17354259
111,11,26,13,38,2,09北投區,北投區竹子湖路第071號燈桿旁,0,0,2,3,H02,8,1,5,40,11,9,1,4,4,5,1,4,4,4,5,5,1,10,1,4,4,11,4,5,7,20,8,20,10,16,,67,23,1,22,9,121.5408092,25.17354259
111,11,26,13,38,2,09北投區,北投區竹子湖路第071號燈桿旁,0,0,2,4,H02,8,1,5,40,11,9,1,4,4,5,1,4,4,4,5,5,1,10,1,0,4,11,4,5,7,20,8,20,10,16,,67,23,1,22,9,121.5408092,25.17354259
111,11,26,13,38,2,09北投區,北投區竹子湖路第071號燈桿旁,0,0,2,5,H02,8,1,5,40,11,9,1,4,4,5,1,4,4,4,5,5,1,10,2,34,2,7,4,5,7,20,8,20,10,16,,67,23,1,22,9,121.5408092,25.17354259
111,11,26,14,35,2,04大安區,大安區市民大道3段310號,0,0,2,1,C03,7,1,5,40,14,9,1,5,4,5,7,4,4,1,4,5,2,12,1,20,3,10,1,4,7,9,3,18,1,14,,17,43,1,22,9,121.5433471,25.0445698
111,11,26,14,35,2,04大安區,大安區市民大道3段310號,0,0,2,2,C03,7,1,5,40,14,9,1,5,4,5,7,4,4,1,4,5,2,12,1,62,2,8,1,4,7,9,1,10,1,12,,17,43,1,22,9,121.5433471,25.0445698
111,11,26,14,35,2,04大安區,大安區市民大道3段310號,0,0,2,3,H02,7,1,5,40,14,9,1,5,4,5,7,4,4,1,4,5,2,12,2,50,2,7,3,5,7,20,8,20,10,16,,67,43,1,22,9,121.5433471,25.0445698
111,11,26,14,42,2,03中山區,中山區北安路與北安路621巷口,0,0,1,1,B03,7,1,5,30,4,1,1,5,4,5,7,2,1,1,5,5,2,3,1,24,3,10,3,4,7,5,1,8,1,8,,15,15,1,22,9,121.5490484,25.0829246
111,11,26,14,42,2,03中山區,中山區北安路與北安路621巷口,0,0,1,2,H01,7,1,5,30,4,1,1,5,4,5,7,2,1,1,5,5,2,3,2,21,2,9,4,5,8,16,8,20,10,16,,67,15,1,22,9,121.5490484,25.0829246
111,11,26,14,45,2,05中正區,中正區仁愛路2段與金山南路1段口,0,0,2,1,C03,8,1,5,50,4,1,1,5,4,5,7,1,1,10,5,5,2,16,1,78,2,9,1,1,7,9,1,10,2,11,,25,25,1,22,9,121.5282574,25.0383593
111,11,26,14,45,2,05中正區,中正區仁愛路2段與金山南路1段口,0,0,2,2,C03,8,1,5,50,4,1,1,5,4,5,7,1,1,10,5,5,2,16,1,18,2,9,1,1,7,1,1,10,2,14,,6,25,1,22,9,121.5282574,25.0383593
111,11,26,15,0,2,10文山區,文山區羅斯福路6段142巷與景福街口,0,0,1,2,C03,8,1,5,50,4,1,1,5,4,5,7,2,1,9,5,5,2,17,2,53,2,9,1,1,7,5,1,10,9,13,,8,9,1,22,9,121.5367534,24.99823761
111,11,26,15,0,2,10文山區,文山區羅斯福路6段142巷與景福街口,0,0,1,1,B03,8,1,5,50,4,1,1,5,4,5,7,2,1,9,5,5,2,17,2,52,3,10,1,1,7,6,1,8,9,1,,9,9,1,22,9,121.5367534,24.99823761
111,11,26,15,15,2,04大安區,大安區和平東路3段與敦化南路2段口,0,0,1,1,B03,8,2,5,50,4,1,1,5,4,5,7,2,1,9,4,1,1,15,2,22,3,10,1,4,7,9,1,8,1,1,,25,25,1,22,9,121.5487508,25.0246515
111,11,26,15,15,2,04大安區,大安區和平東路3段與敦化南路2段口,0,0,1,2,C03,8,2,5,50,4,1,1,5,4,5,7,2,1,9,4,1,1,15,2,28,2,9,1,4,7,9,1,10,1,14,,44,25,1,22,9,121.5487508,25.0246515
111,11,26,15,51,2,09北投區,北投區立功街165巷15號前,0,0,1,1,C02,8,1,5,50,14,9,1,5,4,5,7,4,4,9,5,5,2,16,1,49,3,10,1,1,7,9,1,9,1,14,,4,4,1,22,9,121.4736643,25.12628545
111,11,26,15,51,2,09北投區,北投區立功街165巷15號前,0,0,1,2,C03,8,1,5,50,14,9,1,5,4,5,7,4,4,9,5,5,2,16,1,32,2,9,1,1,7,9,1,9,1,11,,44,4,1,22,9,121.4736643,25.12628545
111,11,26,15,52,2,05中正區,中正區北平東路與林森北路口,0,0,2,1,C03,8,1,5,50,4,2,1,5,4,5,7,2,1,5,2,5,2,9,1,68,2,1,1,1,7,9,1,10,2,14,,50,50,1,22,9,121.5237864,25.046566
111,11,26,15,52,2,05中正區,中正區北平東路與林森北路口,0,0,2,2,H02,8,1,5,50,4,2,1,5,4,5,7,2,1,5,2,5,2,9,2,67,2,1,1,5,7,20,8,20,10,16,,67,50,1,22,9,121.5237864,25.046566
111,11,26,15,52,2,05中正區,中正區北平東路與林森北路口,0,0,2,3,,8,1,5,50,4,2,1,5,4,5,7,2,1,5,2,5,2,9,3,,,,,,,,,,,,,67,50,1,,,121.5237864,25.046566
111,11,26,15,52,2,05中正區,中正區北平東路與林森北路口,0,0,2,4,B12,8,1,5,50,4,2,1,5,4,5,7,2,1,5,2,5,2,9,2,23,3,10,1,1,7,8,1,8,9,15,,7,,1,22,9,121.5237864,25.046566
111,11,26,16,30,2,08士林區,士林區通河東街1段136巷與通河東街1段口,0,0,1,1,B03,7,1,5,30,3,1,1,5,4,5,7,4,4,10,5,5,1,17,1,44,3,10,3,4,7,6,1,8,1,8,,9,9,1,22,9,121.5158506,25.08721407
111,11,26,16,30,2,08士林區,士林區通河東街1段136巷與通河東街1段口,0,0,1,2,C03,7,1,5,30,3,1,1,5,4,5,7,4,4,10,5,5,1,17,1,17,2,9,1,4,7,9,2,18,1,12,,14,9,1,22,9,121.5158506,25.08721407
111,11,26,16,30,2,08士林區,士林區通河東街1段136巷與通河東街1段口,0,0,1,3,B03,7,1,5,30,3,1,1,5,4,5,7,4,4,10,5,5,1,17,1,55,3,10,3,4,7,14,1,8,9,15,,44,9,1,22,9,121.5158506,25.08721407
111,11,26,16,57,2,09北投區,北投區中央北路1段與育仁路口,0,0,1,1,B03,7,3,5,50,4,1,1,5,4,5,7,1,1,10,5,5,2,3,1,39,3,10,1,1,7,9,1,8,2,5,,15,15,1,22,9,121.4995817,25.1347383
111,11,26,16,57,2,09北投區,北投區中央北路1段與育仁路口,0,0,1,2,H01,7,3,5,50,4,1,1,5,4,5,7,1,1,10,5,5,2,3,1,12,2,9,4,5,8,18,8,20,10,16,,52,15,1,22,9,121.4995817,25.1347383
111,11,26,17,17,2,04大安區,大安區通化街171巷10號,0,0,1,1,C03,8,3,5,50,14,9,1,5,4,5,7,4,4,10,4,5,1,12,1,20,2,8,3,4,7,7,1,10,1,14,,7,7,1,22,9,121.5505717,25.02944254
111,11,26,17,17,2,04大安區,大安區通化街171巷10號,0,0,1,2,C03,8,3,5,50,14,9,1,5,4,5,7,4,4,10,4,5,1,12,1,34,3,10,3,4,7,9,1,10,1,12,,44,7,1,22,9,121.5505717,25.02944254
111,11,26,17,30,2,05中正區,中正區信義路2段243巷與信義路2段口,0,0,1,1,B12,8,3,5,30,3,1,1,5,4,5,7,4,4,5,4,5,2,3,1,72,3,10,1,1,7,5,1,7,2,4,,15,44,1,22,9,121.531145,25.0337828
111,11,26,17,30,2,05中正區,中正區信義路2段243巷與信義路2段口,0,0,1,2,H01,8,3,5,30,3,1,1,5,4,5,7,4,4,5,4,5,2,3,1,76,2,9,4,5,8,16,8,20,2,16,,67,44,1,22,9,121.531145,25.0337828
111,11,26,18,5,2,08士林區,士林區福國路與福華路口口,0,0,1,1,B03,8,3,5,50,4,1,1,5,4,5,7,2,1,1,4,5,2,15,1,51,3,10,1,1,7,9,1,8,1,1,,25,,1,22,9,121.5224861,25.10182429