發生年度,發生月,發生日,發生時-Hours,發生分,處理別-編號,區序,肇事地點,死亡人數,2-30日死亡人數,受傷人數,當事人序號,車種,天候,光線,道路類別,速限-速度限制,道路型態,事故位置,路面狀況1,路面狀況2,路面狀況3,道路障礙1,道路障礙2,號誌1,號誌2,車道劃分-分向,車道劃分-分道1,車道劃分-分道2,車道劃分-分道3,事故類型及型態,性別,年齡,受傷程度,主要傷處,安全帽,行動電話,車輛用途,當事者行動狀態,駕駛資格情形,駕駛執照種類,飲酒情形,車輛撞擊部位1,車輛撞擊部位2,肇因碼-個別,肇因碼-主要,個人肇逃否,職業,旅次目的,座標-X,座標-Y
111,11,26,18,5,2,08士林區,士林區福國路與福華路口口,0,0,1,2,C03,8,3,5,50,4,1,1,5,4,5,7,2,1,1,4,5,2,15,1,57,2,9,1,1,7,9,1,10,1,12,,44,,1,22,9,121.5224861,25.10182429
111,11,26,18,28,2,09北投區,北投區石牌路2段與石牌路2段97巷口,0,0,2,1,C03,8,3,5,50,5,2,1,5,4,5,7,4,4,5,4,5,2,13,1,55,2,4,1,1,7,5,1,10,1,13,,6,6,1,22,9,121.5166891,25.11758191
111,11,26,18,28,2,09北投區,北投區石牌路2段與石牌路2段97巷口,0,0,2,2,B03,8,3,5,50,5,2,1,5,4,5,7,4,4,5,4,5,2,13,1,44,3,10,3,4,7,9,1,8,1,8,,23,6,1,22,9,121.5166891,25.11758191
111,11,26,18,28,2,09北投區,北投區石牌路2段與石牌路2段97巷口,0,0,2,3,H02,8,3,5,50,5,2,1,5,4,5,7,4,4,5,4,5,2,13,1,21,2,8,4,5,7,21,8,20,10,15,,67,6,1,22,9,121.5166891,25.11758191
111,11,26,18,43,2,10文山區,文山區興隆路3段與興隆路3段112巷口,0,0,2,1,C03,8,3,5,50,4,1,1,5,4,5,7,2,1,1,4,5,2,16,1,54,2,9,1,1,7,5,1,10,2,12,,6,6,1,22,9,121.5574675,24.999292
111,11,26,18,43,2,10文山區,文山區興隆路3段與興隆路3段112巷口,0,0,2,2,C03,8,3,5,50,4,1,1,5,4,5,7,2,1,1,4,5,2,16,1,21,2,9,1,1,7,9,1,10,2,11,,44,6,1,22,9,121.5574675,24.999292
111,11,26,18,57,2,08士林區,士林區中正路與基河路口,0,0,1,1,B01,8,3,5,50,4,2,1,5,4,5,7,2,1,1,4,4,1,16,4,,4,11,3,4,7,15,7,19,11,15,,43,43,2,22,9,121.5200093,25.09339106
111,11,26,18,57,2,08士林區,士林區中正路與基河路口,0,0,1,2,A02,8,3,5,50,4,2,1,5,4,5,7,2,1,1,4,4,1,16,1,48,3,10,1,1,7,9,1,2,9,1,,23,43,1,22,9,121.5200093,25.09339106
111,11,26,18,57,2,08士林區,士林區中正路與基河路口,0,0,1,3,H02,8,3,5,50,4,2,1,5,4,5,7,2,1,1,4,4,1,16,2,49,2,7,4,5,7,20,8,20,10,16,,67,43,1,22,9,121.5200093,25.09339106
111,11,26,19,10,2,05中正區,中正區臨沂街55-5號,0,0,1,1,B11,8,3,5,30,14,9,1,5,4,5,7,4,4,10,5,5,2,16,1,49,3,10,1,1,7,9,1,8,2,4,,6,6,1,22,9,121.5292234,25.037678
111,11,26,19,10,2,05中正區,中正區臨沂街55-5號,0,0,1,2,C03,8,3,5,30,14,9,1,5,4,5,7,4,4,10,5,5,2,16,1,45,2,8,1,1,7,9,1,10,2,11,,23,6,1,22,9,121.5292234,25.037678
111,11,26,20,9,2,04大安區,大安區基隆路2段154號,0,0,1,1,C03,7,3,5,50,14,9,1,5,4,5,7,4,4,1,4,3,2,12,2,27,2,9,3,4,7,9,1,8,1,12,,17,17,1,22,9,121.5563344,25.02779318
111,11,26,20,9,2,04大安區,大安區基隆路2段154號,0,0,1,2,B03,7,3,5,50,14,9,1,5,4,5,7,4,4,1,4,3,2,12,1,56,3,10,3,4,7,9,1,8,1,2,,17,17,1,22,9,121.5563344,25.02779318
111,11,26,20,25,2,12內湖區,內湖區康寧路1段與金湖路口,0,0,2,1,C03,7,3,5,50,3,1,1,5,4,5,7,2,1,1,4,4,2,11,2,44,2,8,1,1,7,5,1,10,2,12,,6,6,1,22,9,121.599554,25.07898514
111,11,26,20,25,2,12內湖區,內湖區康寧路1段與金湖路口,0,0,2,2,C03,7,3,5,50,3,1,1,5,4,5,7,2,1,1,4,4,2,11,1,23,2,9,1,1,7,9,1,10,2,11,,25,6,1,22,9,121.599554,25.07898514
111,11,26,20,36,2,03中山區,中山區市民大道2段與林森北路口,0,0,3,1,C03,8,3,5,40,4,2,1,5,4,5,7,1,1,1,4,5,2,16,1,20,2,9,1,1,7,8,1,10,1,12,,7,7,1,22,9,121.5242523,25.04789991
111,11,26,20,36,2,03中山區,中山區市民大道2段與林森北路口,0,0,3,2,C03,8,3,5,40,4,2,1,5,4,5,7,1,1,1,4,5,2,16,2,31,2,9,1,1,7,9,1,10,1,11,,13,7,1,22,9,121.5242523,25.04789991
111,11,26,20,36,2,03中山區,中山區市民大道2段與林森北路口,0,0,3,3,H02,8,3,5,40,4,2,1,5,4,5,7,1,1,1,4,5,2,16,1,20,2,9,4,5,7,17,8,20,10,16,,67,7,1,22,9,121.5242523,25.04789991
111,11,26,21,5,2,03中山區,中山區林森北路與錦州街口,0,0,2,1,C03,7,3,5,50,4,1,1,5,4,5,7,1,1,5,4,5,1,17,2,52,2,7,1,1,7,5,1,10,1,12,,25,8,1,22,9,121.5255607,25.0603052
111,11,26,21,5,2,03中山區,中山區林森北路與錦州街口,0,0,2,2,C03,7,3,5,50,4,1,1,5,4,5,7,1,1,5,4,5,1,17,1,30,2,9,1,1,7,9,1,10,1,11,,25,8,1,22,9,121.5255607,25.0603052
111,11,26,21,32,2,07信義區,信義區基隆路2段83號,0,0,1,2,B03,8,3,5,0,14,9,1,5,4,5,7,4,4,3,4,5,2,13,2,26,3,10,3,4,7,13,1,8,1,7,,44,23,1,22,9,121.5579305,25.0301288
111,11,26,21,32,2,07信義區,信義區基隆路2段83號,0,0,1,1,F01,8,3,5,0,14,9,1,5,4,5,7,4,4,3,4,5,2,13,1,44,2,9,1,1,7,9,8,20,1,16,,23,23,1,22,9,121.5579305,25.0301288
111,11,26,22,5,2,05中正區,中正區南海路與汀州路1段口,0,0,2,1,C03,7,3,5,50,4,2,1,5,4,5,7,2,1,4,4,5,1,16,2,58,3,10,1,1,7,5,1,10,1,11,,6,8,1,22,9,121.5085899,25.02888793
111,11,26,22,5,2,05中正區,中正區南海路與汀州路1段口,0,0,2,2,C03,7,3,5,50,4,2,1,5,4,5,7,2,1,4,4,5,1,16,1,29,2,9,1,1,7,9,1,10,1,14,,44,8,1,22,9,121.5085899,25.02888793
111,11,26,22,5,2,05中正區,中正區南海路與汀州路1段口,0,0,2,3,H02,7,3,5,50,4,2,1,5,4,5,7,2,1,4,4,5,1,16,2,36,2,9,1,5,7,17,8,20,10,16,,67,8,1,22,9,121.5085899,25.02888793
111,11,26,22,30,2,03中山區,中山區民權東路2段73號,0,0,1,1,B01,7,3,5,50,14,9,1,5,4,5,7,1,1,1,4,5,1,12,1,55,3,10,1,1,7,6,1,4,2,2,,9,9,1,22,9,121.5315141,25.0628177
111,11,26,22,30,2,03中山區,中山區民權東路2段73號,0,0,1,2,C03,7,3,5,50,14,9,1,5,4,5,7,1,1,1,4,5,1,12,1,23,2,9,1,1,7,9,1,10,2,14,,13,9,1,22,9,121.5315141,25.0628177
111,11,26,22,35,2,04大安區,大安區忠孝東路4段209號,0,0,2,1,C03,7,3,5,50,14,9,1,5,4,5,7,4,4,1,4,5,2,17,1,35,2,9,2,4,7,7,1,10,1,14,,7,17,1,22,9,121.5520304,25.0417422
111,11,26,22,35,2,04大安區,大安區忠孝東路4段209號,0,0,2,2,A04,7,3,5,50,14,9,1,5,4,5,7,4,4,1,4,5,2,17,1,42,3,10,3,4,7,9,1,2,1,2,,17,17,1,22,9,121.5520304,25.0417422
111,11,26,22,35,2,04大安區,大安區忠孝東路4段209號,0,0,2,3,B03,7,3,5,50,14,9,1,5,4,5,7,4,4,1,4,5,2,17,1,33,3,10,3,4,7,9,1,8,1,5,,44,17,1,22,9,121.5520304,25.0417422
111,11,26,22,35,2,04大安區,大安區忠孝東路4段209號,0,0,2,4,H02,7,3,5,50,14,9,1,5,4,5,7,4,4,1,4,5,2,17,2,28,2,7,1,5,7,20,8,20,10,16,,67,17,1,22,9,121.5520304,25.0417422
111,11,27,1,30,2,12內湖區,內湖區瑞光路與瑞湖街口,0,0,1,1,C04,7,3,5,50,4,1,1,5,4,5,7,3,1,5,3,5,2,16,2,28,3,10,1,1,7,6,1,10,11,15,,9,9,2,22,9,121.5769395,25.0751418
111,11,27,1,30,2,12內湖區,內湖區瑞光路與瑞湖街口,0,0,1,2,C04,7,3,5,50,4,1,1,5,4,5,7,3,1,5,3,5,2,16,2,25,2,9,1,1,7,9,1,10,11,14,,16,9,2,22,9,121.5769395,25.0751418
111,11,27,1,33,2,04大安區,大安區和平東路3段與基隆路2段口,0,0,2,1,C03,7,3,5,50,5,1,1,5,4,5,7,2,1,10,5,5,2,16,1,20,2,8,1,4,7,8,1,10,1,12,,7,7,1,22,9,121.552579,25.02419068
111,11,27,1,33,2,04大安區,大安區和平東路3段與基隆路2段口,0,0,2,2,C03,7,3,5,50,5,1,1,5,4,5,7,2,1,10,5,5,2,16,1,19,2,8,1,4,7,9,1,10,1,11,,13,7,1,22,9,121.552579,25.02419068
111,11,27,2,20,2,10文山區,文山區忠順街1段26巷與木新路3段232巷6弄口,0,0,1,1,C03,8,3,5,30,4,2,1,5,4,5,7,4,4,9,4,5,2,17,1,22,2,9,1,1,7,9,1,10,1,12,,13,13,1,22,9,121.55982,24.9820646
111,11,27,2,20,2,10文山區,文山區忠順街1段26巷與木新路3段232巷6弄口,0,0,1,2,B03,8,3,5,30,4,2,1,5,4,5,7,4,4,9,4,5,2,17,1,42,3,10,1,1,7,9,1,8,1,15,,44,13,1,22,9,121.55982,24.9820646
111,11,27,3,9,2,03中山區,中山區農安街40號,0,0,1,1,B03,7,3,5,50,15,9,1,5,4,5,7,4,4,5,4,5,1,17,1,26,3,10,1,1,7,15,3,18,2,5,,42,40,1,22,9,121.5272482,25.0647539
111,11,27,3,9,2,03中山區,中山區農安街40號,0,0,1,2,C03,7,3,5,50,15,9,1,5,4,5,7,4,4,5,4,5,1,17,1,29,2,9,1,1,7,14,1,10,2,13,,44,40,1,22,9,121.5272482,25.0647539
111,11,27,3,25,1,07信義區,信義區忠孝東路5段與松仁路口,1,0,1,1,H01,8,3,5,50,14,18,1,5,4,5,7,1,1,3,4,5,2,3,2,27,1,9,4,5,8,16,8,20,9,16,,52,52,1,22,9,121.5687476,25.04109079
111,11,27,3,25,1,07信義區,信義區忠孝東路5段與松仁路口,1,0,1,2,C03,8,3,5,50,14,18,1,5,4,5,7,1,1,3,4,5,2,3,1,17,2,9,1,4,7,9,2,18,2,11,,23,52,1,22,9,121.5687476,25.04109079
111,11,27,5,40,2,02萬華區,萬華區環河南路2段238號,0,0,1,1,H01,7,2,5,50,14,9,1,5,4,5,7,4,4,1,4,5,2,9,2,92,2,9,4,5,8,16,8,20,10,16,,51,51,1,22,9,121.4924562,25.03342871
111,11,27,5,40,2,02萬華區,萬華區環河南路2段238號,0,0,1,2,B03,7,2,5,50,14,9,1,5,4,5,7,4,4,1,4,5,2,9,2,66,3,10,1,1,7,9,1,8,2,4,,23,51,1,22,9,121.4924562,25.03342871
111,11,27,6,10,1,09北投區,北投區文林北路與文林北路75巷口,1,0,0,1,B03,8,1,5,50,4,1,1,5,4,5,7,2,1,1,4,4,2,3,1,71,3,10,1,1,7,9,1,8,2,1,,23,23,1,22,9,121.515598,25.10678272
111,11,27,6,10,1,09北投區,北投區文林北路與文林北路75巷口,1,0,0,2,H01,8,1,5,50,4,1,1,5,4,5,7,2,1,1,4,4,2,3,2,83,1,1,1,1,8,16,8,20,10,16,,52,23,1,22,9,121.515598,25.10678272
111,11,27,6,12,2,01大同區,大同區民權西路與蘭州街口,0,0,2,1,C03,7,1,5,50,4,1,1,5,4,5,7,2,1,1,4,5,2,13,1,29,2,9,1,1,7,9,1,10,1,11,,16,23,1,22,9,121.5146022,25.0628811
111,11,27,6,12,2,01大同區,大同區民權西路與蘭州街口,0,0,2,3,C03,7,1,5,50,4,1,1,5,4,5,7,2,1,1,4,5,2,13,1,44,2,8,1,1,7,9,1,10,1,11,,44,23,1,22,9,121.5146022,25.0628811
111,11,27,6,12,2,01大同區,大同區民權西路與蘭州街口,0,0,2,2,C03,7,1,5,50,4,1,1,5,4,5,7,2,1,1,4,5,2,13,1,49,3,10,1,1,7,12,1,10,1,13,,44,23,1,22,9,121.5146022,25.0628811
111,11,27,7,3,2,09北投區,北投區承德路6段與福國路口,0,0,2,1,C03,8,1,5,60,4,1,1,5,4,5,7,2,1,3,4,4,2,13,1,29,2,9,1,1,7,9,1,10,1,11,,23,23,1,22,9,121.5122275,25.10159054
111,11,27,7,3,2,09北投區,北投區承德路6段與福國路口,0,0,2,2,C03,8,1,5,60,4,1,1,5,4,5,7,2,1,3,4,4,2,13,1,44,2,9,1,1,7,14,1,10,1,13,,44,23,1,22,9,121.5122275,25.10159054
111,11,27,7,54,2,02萬華區,萬華區華江橋機車道往台北市001028燈桿,0,0,2,1,C03,8,1,7,40,14,11,1,5,4,5,7,4,4,10,5,5,1,12,1,18,3,10,1,4,7,12,1,10,1,13,,43,42,1,22,9,121.4883734,25.03543278
111,11,27,7,54,2,02萬華區,萬華區華江橋機車道往台北市001028燈桿,0,0,2,2,C03,8,1,7,40,14,11,1,5,4,5,7,4,4,10,5,5,1,12,1,34,2,9,1,4,7,9,1,10,1,14,,43,42,1,22,9,121.4883734,25.03543278
111,11,27,7,54,2,02萬華區,萬華區華江橋機車道往台北市001028燈桿,0,0,2,3,C03,8,1,7,40,14,11,1,5,4,5,7,4,4,10,5,5,1,12,2,32,2,9,1,4,7,9,1,10,1,11,,43,42,1,22,9,121.4883734,25.03543278
111,11,27,7,54,2,02萬華區,萬華區華江橋機車道往台北市001028燈桿,0,0,2,4,C03,8,1,7,40,14,11,1,5,4,5,7,4,4,10,5,5,1,12,1,64,4,11,3,4,7,15,7,19,11,15,,43,42,2,22,9,121.4883734,25.03543278
111,11,27,7,54,2,02萬華區,萬華區華江橋機車道往台北市001028燈桿,0,0,2,5,,8,1,7,40,14,11,1,5,4,5,7,4,4,10,5,5,1,12,4,,4,11,3,4,7,15,7,19,11,15,,43,42,2,22,9,121.4883734,25.03543278
111,11,27,7,54,2,02萬華區,萬華區華江橋機車道往台北市001028燈桿,0,0,2,6,,8,1,7,40,14,11,1,5,4,5,7,4,4,10,5,5,1,12,4,,4,11,3,4,7,15,7,19,11,15,,43,42,2,22,9,121.4883734,25.03543278
111,11,27,8,0,2,03中山區,中山區劍南路(靜修寺東側彎道處),0,0,1,1,F01,8,1,5,30,11,9,1,5,4,5,1,4,4,10,5,5,2,11,2,43,2,9,3,4,7,9,8,20,2,16,,14,14,1,22,9,121.5533314,25.0898244
111,11,27,8,0,2,03中山區,中山區劍南路(靜修寺東側彎道處),0,0,1,2,B03,8,1,5,30,11,9,1,5,4,5,1,4,4,10,5,5,2,11,1,63,3,10,3,4,7,9,1,8,2,7,,42,14,1,22,9,121.5533314,25.0898244
111,11,27,8,23,2,08士林區,士林區重慶北路4段75號,0,0,1,1,C03,8,1,5,40,14,8,1,5,4,5,7,4,4,8,3,4,1,13,1,19,2,7,1,1,7,9,1,10,1,11,,16,16,1,22,9,121.5126839,25.0815321
111,11,27,8,23,2,08士林區,士林區重慶北路4段75號,0,0,1,2,B01,8,1,5,40,14,8,1,5,4,5,7,4,4,8,3,4,1,13,1,60,3,10,1,1,7,8,1,4,1,7,,7,16,1,22,9,121.5126839,25.0815321
111,11,27,8,57,2,05中正區,中正區晉江街與晉江街124巷口口,0,0,1,1,C03,8,1,5,30,14,9,1,5,4,5,7,4,4,10,5,5,2,15,1,65,2,8,1,1,7,9,1,10,2,12,,6,6,1,22,9,121.5255284,25.0221925
111,11,27,8,57,2,05中正區,中正區晉江街與晉江街124巷口口,0,0,1,2,B03,8,1,5,30,14,9,1,5,4,5,7,4,4,10,5,5,2,15,1,28,3,10,1,1,7,9,1,8,2,1,,42,6,1,22,9,121.5255284,25.0221925
111,11,27,9,8,2,12內湖區,內湖區內湖路2段306號,0,0,1,1,C03,8,1,5,50,14,9,1,5,4,5,7,4,4,5,5,5,2,17,2,67,3,10,1,1,7,11,1,8,1,13,,10,10,1,22,9,121.5867919,25.08116081
111,11,27,9,8,2,12內湖區,內湖區內湖路2段306號,0,0,1,2,C03,8,1,5,50,14,9,1,5,4,5,7,4,4,5,5,5,2,17,2,53,2,9,1,1,7,9,1,10,1,11,,44,10,1,22,9,121.5867919,25.08116081
111,11,27,11,1,2,02萬華區,萬華區西寧南路101號,0,0,3,1,C03,8,1,5,50,14,9,1,5,4,5,7,4,4,10,5,5,2,17,2,54,2,9,3,4,7,1,1,10,2,14,,19,19,1,22,9,121.5066055,25.04524456
111,11,27,11,1,2,02萬華區,萬華區西寧南路101號,0,0,3,2,C03,8,1,5,50,14,9,1,5,4,5,7,4,4,10,5,5,2,17,1,31,2,9,3,4,7,9,1,10,2,11,,23,19,1,22,9,121.5066055,25.04524456
111,11,27,11,1,2,02萬華區,萬華區西寧南路101號,0,0,3,3,H02,8,1,5,50,14,9,1,5,4,5,7,4,4,10,5,5,2,17,2,18,2,9,4,5,7,21,8,20,10,16,,67,19,1,22,9,121.5066055,25.04524456
111,11,27,11,1,2,02萬華區,萬華區西寧南路101號,0,0,3,4,C03,8,1,5,50,14,9,1,5,4,5,7,4,4,10,5,5,2,17,4,,4,11,3,4,7,15,7,19,11,15,,44,19,2,22,9,121.5066055,25.04524456
111,11,27,11,12,2,12內湖區,內湖區瑞光路588號,0,0,1,1,C03,8,1,5,50,14,9,1,5,4,5,7,4,4,9,4,5,1,12,1,27,2,9,1,1,7,4,1,10,2,11,,1,1,1,22,9,121.566052,25.08034556
111,11,27,11,12,2,12內湖區,內湖區瑞光路588號,0,0,1,2,A11,8,1,5,50,14,9,1,5,4,5,7,4,4,9,4,5,1,12,1,50,3,10,1,1,7,11,1,7,2,4,,44,1,1,22,9,121.566052,25.08034556
111,11,27,11,56,2,10文山區,文山區木柵路1段與木柵路1段89巷口,0,0,1,1,C03,8,1,5,50,5,2,1,5,4,5,7,2,1,5,4,5,2,16,1,46,2,9,1,1,7,9,1,9,2,11,,26,26,1,22,8,121.5475437,24.9870257
111,11,27,11,56,2,10文山區,文山區木柵路1段與木柵路1段89巷口,0,0,1,2,B03,8,1,5,50,5,2,1,5,4,5,7,2,1,5,4,5,2,16,1,55,3,10,1,1,7,5,1,8,2,8,,44,26,1,22,9,121.5475437,24.9870257
111,11,27,12,47,2,06松山區,松山區松河街180號,0,0,1,1,C03,7,1,5,40,14,9,1,5,4,5,7,2,1,5,2,5,2,17,1,54,2,9,1,1,7,5,1,10,1,12,,6,6,1,22,9,121.5766196,25.0513967
111,11,27,12,47,2,06松山區,松山區松河街180號,0,0,1,2,C03,7,1,5,40,14,9,1,5,4,5,7,2,1,5,2,5,2,17,1,62,3,10,1,1,7,9,1,10,1,11,,44,6,1,22,9,121.5766196,25.0513967
111,11,27,12,50,2,03中山區,中山區市民大道2段與林森北路口,0,0,1,1,B03,8,3,5,40,3,1,1,5,4,5,7,1,3,1,2,3,2,16,1,50,3,10,3,4,7,9,1,8,1,5,,44,47,1,22,9,121.5241337,25.0478835
111,11,27,12,50,2,03中山區,中山區市民大道2段與林森北路口,0,0,1,2,C03,8,3,5,40,3,1,1,5,4,5,7,1,3,1,2,3,2,16,1,41,2,9,3,4,7,5,1,10,1,14,,8,47,1,22,9,121.5241337,25.0478835
111,11,27,13,8,2,09北投區,北投區北投路1段與北投路1段91巷口,0,0,1,1,B03,8,1,5,50,3,1,1,5,4,5,7,4,4,9,4,5,2,8,1,57,3,10,3,4,7,2,1,8,2,3,,12,12,1,22,9,121.499443,25.130273
111,11,27,13,8,2,09北投區,北投區北投路1段與北投路1段91巷口,0,0,1,2,H01,8,1,5,50,3,1,1,5,4,5,7,4,4,9,4,5,2,8,2,82,2,7,4,5,8,17,8,20,10,16,,67,12,1,22,9,121.499443,25.130273
111,11,27,13,55,2,01大同區,大同區民族西路51號,0,0,1,1,C03,8,1,5,50,14,9,1,5,4,5,7,4,4,5,4,5,2,13,1,42,2,7,1,1,7,9,1,10,1,11,,23,23,1,22,9,121.5190841,25.06853237
111,11,27,13,55,2,01大同區,大同區民族西路51號,0,0,1,2,B03,8,1,5,50,14,9,1,5,4,5,7,4,4,5,4,5,2,13,1,47,3,10,1,1,7,14,1,8,1,3,,44,23,1,22,9,121.5190841,25.06853237
111,11,27,14,0,2,03中山區,中山區民生東路2段與中原街口,0,0,1,1,B03,8,1,5,50,4,2,1,5,4,5,7,1,1,1,4,5,2,16,1,74,3,10,3,4,7,9,1,8,1,1,,23,23,1,22,9,121.5288986,25.0579975
111,11,27,14,0,2,03中山區,中山區民生東路2段與中原街口,0,0,1,2,C03,8,1,5,50,4,2,1,5,4,5,7,1,1,1,4,5,2,16,1,28,2,9,1,2,7,14,1,10,1,13,,26,23,1,22,9,121.5288986,25.0579975
111,11,27,14,11,2,11南港區,南港區南港路2段36號,0,0,1,1,B03,8,1,5,50,14,9,1,5,4,5,6,2,1,5,4,5,2,17,1,44,3,10,1,4,7,11,1,8,1,4,,10,10,1,22,9,121.5922987,25.0542122
111,11,27,14,11,2,11南港區,南港區南港路2段36號,0,0,1,2,C03,8,1,5,50,14,9,1,5,4,5,6,2,1,5,4,5,2,17,1,63,2,9,1,4,7,9,1,10,1,12,,23,10,1,22,9,121.5922987,25.0542122
111,11,27,14,20,2,04大安區,大安區和平東路3段與富陽街口,0,0,1,1,F01,8,1,5,50,5,1,1,5,4,5,7,1,1,1,5,5,1,11,1,94,2,9,1,1,7,5,8,20,1,16,,26,26,1,22,9,121.5565943,25.0204395
111,11,27,14,20,2,04大安區,大安區和平東路3段與富陽街口,0,0,1,2,C03,8,1,5,50,5,1,1,5,4,5,7,1,1,1,5,5,1,11,2,29,3,10,1,1,7,9,1,10,1,14,,23,26,1,22,9,121.5565943,25.0204395
111,11,27,14,24,2,11南港區,南港區東新街170巷湧聲公園前,0,0,1,1,B03,8,1,5,50,14,9,1,5,4,5,7,4,4,10,5,5,2,17,1,38,3,10,3,4,7,11,1,8,1,4,,10,10,1,22,9,121.5927999,25.04323371
111,11,27,14,24,2,11南港區,南港區東新街170巷湧聲公園前,0,0,1,2,C03,8,1,5,50,14,9,1,5,4,5,7,4,4,10,5,5,2,17,1,26,2,7,3,4,7,9,1,10,1,11,,13,10,1,22,9,121.5927999,25.04323371
111,11,27,14,53,2,12內湖區,內湖區成功路5段大湖公園捷運站2號出口,0,0,1,1,B03,8,1,5,40,3,1,1,5,4,5,7,4,4,1,4,5,2,3,2,44,3,10,1,1,7,6,1,8,2,1,,15,15,1,22,9,121.6021682,25.0838221
111,11,27,14,53,2,12內湖區,內湖區成功路5段大湖公園捷運站2號出口,0,0,1,2,H01,8,1,5,40,3,1,1,5,4,5,7,4,4,1,4,5,2,3,2,51,2,9,4,5,8,16,8,20,10,16,,67,15,1,22,9,121.6021682,25.0838221
111,11,27,15,5,2,05中正區,中正區林森北路與林森北路9巷口,0,0,1,2,C03,8,1,5,50,3,2,1,5,4,5,7,4,4,8,4,5,2,12,1,26,2,9,1,1,7,9,1,10,2,12,,23,44,1,22,9,121.5236541,25.0458804
111,11,27,15,5,2,05中正區,中正區林森北路與林森北路9巷口,0,0,1,1,B01,8,1,5,50,3,2,1,5,4,5,7,4,4,8,4,5,2,12,1,66,3,10,1,1,7,5,1,4,2,4,,8,44,1,22,9,121.5236541,25.0458804
111,11,27,15,9,2,08士林區,士林區通河西街1段與通河西街1段口堤外坡道與堤外道路口,0,0,1,1,B03,8,1,5,30,4,1,1,5,4,5,7,4,4,10,5,5,2,17,1,47,3,10,1,1,7,5,1,8,2,4,,6,6,1,21,8,121.5126637,25.08586029
111,11,27,15,9,2,08士林區,士林區通河西街1段與通河西街1段口堤外坡道與堤外道路口,0,0,1,2,C03,8,1,5,30,4,1,1,5,4,5,7,4,4,10,5,5,2,17,1,19,2,9,1,1,7,9,1,10,2,11,,23,6,1,21,8,121.5126637,25.08586029
111,11,27,15,25,2,10文山區,文山區羅斯福路6段與景華街口口,0,0,1,1,B03,8,1,5,50,4,1,1,5,4,5,7,2,1,1,4,5,2,16,2,33,3,10,1,1,7,6,1,8,2,2,,9,9,1,22,9,121.541309,24.9949114
111,11,27,15,25,2,10文山區,文山區羅斯福路6段與景華街口口,0,0,1,2,C03,8,1,5,50,4,1,1,5,4,5,7,2,1,1,4,5,2,16,2,35,2,9,1,1,7,9,1,10,2,11,,44,9,1,22,9,121.541309,24.9949114
111,11,27,15,37,2,10文山區,文山區新光路2段與新光路2段74巷口,0,0,1,1,C03,8,1,5,50,3,2,1,5,4,5,1,4,4,5,5,5,1,18,1,20,2,9,1,1,7,9,1,10,1,11,,13,13,1,18,7,121.5940027,24.9962329
111,11,27,15,37,2,10文山區,文山區新光路2段與新光路2段74巷口,0,0,1,2,,8,1,5,50,3,2,1,5,4,5,1,4,4,5,5,5,1,18,3,,,,,,,,,,,,,67,13,1,,,121.5940027,24.9962329
111,11,27,15,47,2,10文山區,文山區育英街31巷38弄與景美堤外便道口,0,0,1,1,B02,8,1,5,30,5,1,1,5,4,5,7,4,4,10,5,5,2,16,1,40,3,10,1,1,7,11,1,8,1,8,,10,10,1,22,9,121.5370259,24.9895619
111,11,27,15,47,2,10文山區,文山區育英街31巷38弄與景美堤外便道口,0,0,1,2,C03,8,1,5,30,5,1,1,5,4,5,7,4,4,10,5,5,2,16,1,20,2,9,1,1,7,9,1,10,1,12,,23,10,1,22,9,121.5370259,24.9895619
111,11,27,15,50,2,09北投區,北投區中央北路4段與自立路口,0,0,1,1,C03,8,1,5,50,14,9,1,5,4,5,7,4,4,9,4,5,2,13,1,24,2,9,3,4,7,9,1,10,1,11,,16,16,1,22,9,121.4656386,25.1258445
111,11,27,15,50,2,09北投區,北投區中央北路4段與自立路口,0,0,1,2,B03,8,1,5,50,14,9,1,5,4,5,7,4,4,9,4,5,2,13,1,49,3,10,3,4,7,9,1,8,1,7,,44,16,1,22,9,121.4656386,25.1258445
111,11,27,16,0,2,04大安區,大安區仁愛路3段123巷與仁愛路3段123巷26弄口,0,0,1,1,C03,8,1,5,30,4,1,1,5,4,5,7,4,4,10,5,5,2,15,1,23,2,4,1,1,7,9,1,10,2,11,,6,6,1,22,9,121.5419784,25.0390695
111,11,27,16,0,2,04大安區,大安區仁愛路3段123巷與仁愛路3段123巷26弄口,0,0,1,2,B01,8,1,5,30,4,1,1,5,4,5,7,4,4,10,5,5,2,15,1,67,3,10,1,1,7,9,1,4,2,2,,14,6,1,22,9,121.5419784,25.0390695
111,11,27,16,22,2,01大同區,大同區敦煌路與敦煌路80巷口,0,0,3,1,B03,8,1,5,50,3,1,1,5,4,5,7,1,1,8,3,5,1,13,1,48,3,10,1,1,7,6,1,8,2,3,,44,44,1,22,9,121.5176618,25.07579359
111,11,27,16,22,2,01大同區,大同區敦煌路與敦煌路80巷口,0,0,3,2,C03,8,1,5,50,3,1,1,5,4,5,7,1,1,8,3,5,1,13,1,38,2,9,1,1,7,9,1,10,2,11,,23,44,1,22,9,121.5176618,25.07579359
111,11,27,16,22,2,01大同區,大同區敦煌路與敦煌路80巷口,0,0,3,3,H02,8,1,5,50,3,1,1,5,4,5,7,1,1,8,3,5,1,13,1,6,2,1,4,5,7,21,8,20,10,15,,67,44,1,22,9,121.5176618,25.07579359