發生年度,發生月,發生日,發生時-Hours,發生分,處理別-編號,區序,肇事地點,死亡人數,2-30日死亡人數,受傷人數,當事人序號,車種,天候,光線,道路類別,速限-速度限制,道路型態,事故位置,路面狀況1,路面狀況2,路面狀況3,道路障礙1,道路障礙2,號誌1,號誌2,車道劃分-分向,車道劃分-分道1,車道劃分-分道2,車道劃分-分道3,事故類型及型態,性別,年齡,受傷程度,主要傷處,安全帽,行動電話,車輛用途,當事者行動狀態,駕駛資格情形,駕駛執照種類,飲酒情形,車輛撞擊部位1,車輛撞擊部位2,肇因碼-個別,肇因碼-主要,個人肇逃否,職業,旅次目的,座標-X,座標-Y
111,11,27,16,22,2,01大同區,大同區敦煌路與敦煌路80巷口,0,0,3,4,H02,8,1,5,50,3,1,1,5,4,5,7,1,1,8,3,5,1,13,1,4,2,9,1,5,7,21,8,20,10,16,,67,44,1,22,9,121.5176618,25.07579359
111,11,27,16,31,2,10文山區,文山區景興路222號前,0,0,2,1,C04,8,1,5,50,14,9,1,5,4,5,7,4,4,5,4,5,2,16,1,23,2,7,1,1,7,11,1,8,1,13,,10,10,1,22,9,121.5433677,24.99083137
111,11,27,16,31,2,10文山區,文山區景興路222號前,0,0,2,2,C03,8,1,5,50,14,9,1,5,4,5,7,4,4,5,4,5,2,16,1,19,3,10,1,1,7,9,1,10,1,11,,23,10,1,22,9,121.5433677,24.99083137
111,11,27,16,31,2,10文山區,文山區景興路222號前,0,0,2,3,H02,8,1,5,50,14,9,1,5,4,5,7,4,4,5,4,5,2,16,2,20,2,9,1,5,7,20,8,20,10,15,,67,10,1,22,9,121.5433677,24.99083137
111,11,27,16,36,2,03中山區,中山區市民大道2段與林森北路口,0,0,1,1,B03,8,1,5,40,4,1,1,5,4,5,7,1,1,1,4,5,2,17,1,28,3,10,1,1,7,6,1,8,11,6,,9,9,1,22,9,121.5242514,25.04790019
111,11,27,16,36,2,03中山區,中山區市民大道2段與林森北路口,0,0,1,2,C03,8,1,5,40,4,1,1,5,4,5,7,1,1,1,4,5,2,17,2,18,2,9,1,1,7,9,1,10,11,14,,23,9,1,22,9,121.5242514,25.04790019
111,11,27,16,37,2,10文山區,文山區景美堤外便道自行車道040燈桿,0,0,1,1,F01,8,2,5,30,14,9,1,5,4,5,7,4,4,9,5,5,1,10,1,6,2,9,1,1,7,9,8,20,1,16,,23,23,1,22,9,121.5336013,25.00668385
111,11,27,16,37,2,10文山區,文山區景美堤外便道自行車道040燈桿,0,0,1,2,F01,8,2,5,30,14,9,1,5,4,5,7,4,4,9,5,5,1,10,1,45,3,10,1,1,7,9,8,20,2,16,,23,23,1,22,9,121.5336013,25.00668385
111,11,27,16,47,2,09北投區,北投區東華街1段與東華街1段400巷口南往北,0,0,3,1,B03,8,1,5,50,4,2,1,5,4,5,7,1,1,9,4,5,1,12,1,31,3,10,1,1,7,6,1,8,2,2,,9,9,1,22,9,121.5185022,25.11068522
111,11,27,16,47,2,09北投區,北投區東華街1段與東華街1段400巷口南往北,0,0,3,2,C03,8,1,5,50,4,2,1,5,4,5,7,1,1,9,4,5,1,12,1,35,2,7,1,1,7,9,1,10,2,14,,44,9,1,22,9,121.5185022,25.11068522
111,11,27,16,47,2,09北投區,北投區東華街1段與東華街1段400巷口南往北,0,0,3,3,H02,8,1,5,50,4,2,1,5,4,5,7,1,1,9,4,5,1,12,2,38,2,7,4,5,7,20,8,20,10,16,,67,9,1,22,9,121.5185022,25.11068522
111,11,27,16,47,2,09北投區,北投區東華街1段與東華街1段400巷口南往北,0,0,3,4,H02,8,1,5,50,4,2,1,5,4,5,7,1,1,9,4,5,1,12,1,3,2,1,4,5,7,20,8,20,10,16,,67,9,1,22,9,121.5185022,25.11068522
111,11,27,16,47,2,07信義區,信義區松智路與松平路口,0,0,2,1,C03,8,1,5,30,4,1,1,5,4,5,7,2,1,9,5,5,1,16,2,20,2,9,3,4,7,5,1,10,2,14,,6,6,1,22,9,121.5652841,25.0304896
111,11,27,16,47,2,07信義區,信義區松智路與松平路口,0,0,2,2,C03,8,1,5,30,4,1,1,5,4,5,7,2,1,9,5,5,1,16,1,18,2,9,3,4,7,9,1,10,2,12,,23,6,1,22,9,121.5652841,25.0304896
111,11,27,16,55,2,03中山區,中山區新生北路3段與濱江街口,0,0,1,1,B03,7,3,5,50,3,2,1,5,4,5,7,2,1,9,4,5,2,3,1,33,3,10,3,4,7,5,1,8,2,8,,15,8,1,22,9,121.5277626,25.07071928
111,11,27,16,55,2,03中山區,中山區新生北路3段與濱江街口,0,0,1,2,H01,7,3,5,50,3,2,1,5,4,5,7,2,1,9,4,5,2,3,1,72,2,9,4,5,8,21,8,20,10,16,,67,8,1,22,9,121.5277626,25.07071928
111,11,27,16,57,2,03中山區,中山區南京東路1段34號,0,0,1,1,B03,8,1,5,40,14,8,1,5,4,5,7,4,4,1,3,4,1,16,2,51,3,10,1,1,7,1,1,8,2,4,,19,19,1,22,9,121.5238913,25.05207654
111,11,27,16,57,2,03中山區,中山區南京東路1段34號,0,0,1,2,C03,8,1,5,40,14,8,1,5,4,5,7,4,4,1,3,4,1,16,1,24,2,9,1,1,7,9,1,10,2,12,,44,19,1,22,9,121.5238913,25.05207654
111,11,27,17,0,2,03中山區,中山區樂群三路59號,0,0,1,1,B02,7,1,5,50,14,9,1,5,4,5,7,4,4,8,5,5,1,16,2,68,3,10,3,4,7,13,1,8,9,15,,40,43,1,22,9,121.5536029,25.08271116
111,11,27,17,0,2,03中山區,中山區樂群三路59號,0,0,1,2,F01,7,1,5,50,14,9,1,5,4,5,7,4,4,8,5,5,1,16,2,75,2,6,1,1,7,9,8,20,11,16,,23,43,1,22,9,121.5536029,25.08271116
111,11,27,17,4,2,09北投區,北投區大業路527巷與大業路527巷75弄口,0,0,2,1,C03,8,1,5,40,3,1,1,5,4,5,7,4,4,9,4,5,2,17,1,21,2,9,3,4,7,9,1,10,2,11,,13,14,1,22,9,121.4861008,25.1345391
111,11,27,17,4,2,09北投區,北投區大業路527巷與大業路527巷75弄口,0,0,2,2,F01,8,1,5,40,3,1,1,5,4,5,7,4,4,9,4,5,2,17,1,11,2,9,1,1,7,6,8,20,2,16,,9,14,1,22,9,121.4861008,25.1345391
111,11,27,17,15,2,01大同區,大同區市民大道1段東往西(Y1旁),0,0,2,1,C03,7,3,5,40,15,9,1,5,4,5,7,4,4,1,4,5,2,17,1,27,2,9,1,1,7,5,1,10,2,13,,8,8,1,22,9,121.5186921,25.0484955
111,11,27,17,15,2,01大同區,大同區市民大道1段東往西(Y1旁),0,0,2,2,C03,7,3,5,40,15,9,1,5,4,5,7,4,4,1,4,5,2,17,1,34,2,9,1,1,7,7,1,10,2,14,,23,8,1,22,9,121.5186921,25.0484955
111,11,27,17,15,2,04大安區,大安區安東街與安東街35巷口,0,0,1,1,C03,8,3,5,30,4,2,1,5,4,5,7,4,4,10,5,5,1,10,1,45,3,10,3,4,7,9,1,10,2,15,,4,4,1,22,9,121.5422235,25.0439196
111,11,27,17,15,2,04大安區,大安區安東街與安東街35巷口,0,0,1,2,F01,8,3,5,30,4,2,1,5,4,5,7,4,4,10,5,5,1,10,2,64,2,9,1,1,7,9,8,20,2,16,,44,4,1,22,9,121.5422235,25.0439196
111,11,27,17,45,2,05中正區,中正區中正河濱公園自行車專用道(中正03燈桿),0,0,1,1,F01,8,3,8,0,15,22,1,5,4,5,7,4,4,5,4,5,2,12,1,11,3,10,1,1,7,6,8,20,1,16,,9,9,1,22,9,121.5148857,25.0221653
111,11,27,17,45,2,05中正區,中正區中正河濱公園自行車專用道(中正03燈桿),0,0,1,2,F01,8,3,8,0,15,22,1,5,4,5,7,4,4,5,4,5,2,12,2,67,2,1,1,1,7,9,8,20,1,16,,44,9,1,22,9,121.5148857,25.0221653
111,11,27,17,48,2,05中正區,中正區林森北路與北平東路口,0,0,1,1,B12,8,3,5,50,4,1,1,5,4,5,7,2,1,9,4,5,2,17,2,52,3,10,1,1,7,5,1,8,2,2,,8,8,1,19,5,121.5237377,25.0463791
111,11,27,17,48,2,05中正區,中正區林森北路與北平東路口,0,0,1,2,C03,8,3,5,50,4,1,1,5,4,5,7,2,1,9,4,5,2,17,1,27,2,9,1,1,7,9,1,10,2,11,,13,8,1,22,1,121.5237377,25.0463791
111,11,27,17,52,2,11南港區,南港區南港橋與港東街口,0,0,2,2,C03,8,1,5,50,3,1,1,5,4,5,7,4,4,1,4,5,2,13,1,27,2,9,1,1,7,9,1,10,1,11,,23,9,1,21,8,121.6205373,25.0549199
111,11,27,17,52,2,11南港區,南港區南港橋與港東街口,0,0,2,3,C03,8,1,5,50,3,1,1,5,4,5,7,4,4,1,4,5,2,13,1,23,3,10,1,1,7,9,1,10,1,13,,44,9,1,21,8,121.6205373,25.0549199
111,11,27,17,52,2,11南港區,南港區南港橋與港東街口,0,0,2,1,B03,8,1,5,50,3,1,1,5,4,5,7,4,4,1,4,5,2,13,2,47,3,10,1,1,7,8,1,8,11,15,,7,9,2,21,8,121.6205373,25.0549199
111,11,27,17,52,2,11南港區,南港區南港橋與港東街口,0,0,2,4,H02,8,1,5,50,3,1,1,5,4,5,7,4,4,1,4,5,2,13,2,24,2,8,1,5,7,20,8,20,10,16,,67,9,1,21,8,121.6205373,25.0549199
111,11,27,18,45,2,11南港區,南港區興中路78號,0,0,1,1,F01,8,3,5,50,14,9,1,5,4,5,7,4,4,5,5,5,2,16,2,13,2,8,1,1,7,9,8,20,1,16,,23,23,1,22,9,121.6067962,25.0574334
111,11,27,18,45,2,11南港區,南港區興中路78號,0,0,1,2,B01,8,3,5,50,14,9,1,5,4,5,7,4,4,5,5,5,2,16,1,56,3,10,1,1,7,13,1,4,1,7,,38,23,1,22,9,121.6067962,25.0574334
111,11,27,18,56,2,12內湖區,內湖區新明路與南京東路6段368巷口,0,0,3,1,C03,8,3,5,50,3,1,1,5,4,5,7,2,1,5,4,5,2,17,1,49,3,10,1,1,7,15,6,10,1,14,,44,44,1,22,9,121.5871362,25.05803984
111,11,27,18,56,2,12內湖區,內湖區新明路與南京東路6段368巷口,0,0,3,2,C03,8,3,5,50,3,1,1,5,4,5,7,2,1,5,4,5,2,17,1,23,2,7,1,1,7,9,1,10,1,12,,44,44,1,22,9,121.5871362,25.05803984
111,11,27,18,56,2,12內湖區,內湖區新明路與南京東路6段368巷口,0,0,3,3,H02,8,3,5,50,3,1,1,5,4,5,7,2,1,5,4,5,2,17,2,45,2,8,1,5,7,20,8,20,10,16,,67,44,1,22,9,121.5871362,25.05803984
111,11,27,18,56,2,12內湖區,內湖區新明路與南京東路6段368巷口,0,0,3,4,H02,8,3,5,50,3,1,1,5,4,5,7,2,1,5,4,5,2,17,2,24,2,9,1,5,7,20,8,20,10,16,,67,44,1,22,9,121.5871362,25.05803984
111,11,27,19,27,2,07信義區,信義區松智路與松智路9巷口,0,0,1,1,C03,8,1,5,50,14,9,1,5,4,5,7,4,4,3,4,5,2,17,1,56,2,9,1,1,7,9,1,10,2,12,,14,14,1,22,9,121.5655519,25.0379323
111,11,27,19,27,2,07信義區,信義區松智路與松智路9巷口,0,0,1,2,B02,8,1,5,50,14,9,1,5,4,5,7,4,4,3,4,5,2,17,2,33,3,10,1,1,7,5,1,8,2,15,,6,14,1,22,9,121.5655519,25.0379323
111,11,27,19,47,2,02萬華區,萬華區西寧南路與長沙街2段口,0,0,1,1,B03,8,3,5,50,4,1,1,5,4,5,7,1,1,8,3,5,1,9,1,27,3,10,1,1,7,5,1,8,1,1,,15,8,1,22,9,121.5061361,25.0407109
111,11,27,19,47,2,02萬華區,萬華區西寧南路與長沙街2段口,0,0,1,2,H01,8,3,5,50,4,1,1,5,4,5,7,1,1,8,3,5,1,9,1,41,2,1,4,5,8,16,8,20,10,16,,67,8,1,22,9,121.5061361,25.0407109
111,11,27,19,47,2,07信義區,信義區福德街6號,0,0,1,1,A04,8,1,5,50,14,9,1,5,4,5,7,4,4,3,4,5,2,9,1,54,3,10,1,1,7,1,1,2,1,15,,43,43,1,22,9,121.5785942,25.0363321
111,11,27,19,47,2,07信義區,信義區福德街6號,0,0,1,2,H02,8,1,5,50,14,9,1,5,4,5,7,4,4,3,4,5,2,9,2,85,2,1,4,1,7,19,8,20,10,16,,67,43,1,22,9,121.5785942,25.0363321
111,11,27,19,53,2,09北投區,北投區公館路與光明路口,0,0,1,1,B01,7,3,5,50,3,1,1,5,4,3,7,3,1,5,4,5,2,3,1,67,3,10,1,1,7,5,1,4,1,8,,15,8,1,22,9,121.5020532,25.1335177
111,11,27,19,53,2,09北投區,北投區公館路與光明路口,0,0,1,2,H01,7,3,5,50,3,1,1,5,4,3,7,3,1,5,4,5,2,3,2,51,2,7,4,1,8,16,8,20,10,16,,67,8,1,22,9,121.5020532,25.1335177
111,11,27,20,10,2,10文山區,文山區木柵路1段173號前,0,0,1,1,C03,8,3,5,50,14,9,1,5,4,5,7,4,4,5,4,5,2,12,2,18,2,8,3,4,7,8,1,10,1,12,,7,7,1,22,9,121.5508534,24.98763087
111,11,27,20,10,2,10文山區,文山區木柵路1段173號前,0,0,1,2,B12,8,3,5,50,14,9,1,5,4,5,7,4,4,5,4,5,2,12,1,37,3,10,3,4,7,9,1,2,1,8,,23,7,1,22,9,121.5508534,24.98763087
111,11,27,20,10,2,10文山區,文山區木柵路1段173號前,0,0,1,3,A02,8,3,5,50,14,9,1,5,4,5,7,4,4,5,4,5,2,12,2,35,3,10,3,4,7,9,1,8,1,2,,44,7,1,22,9,121.5508534,24.98763087
111,11,27,20,24,2,04大安區,大安區忠孝東路3段與新生南路1段口,0,0,1,1,B03,8,3,5,50,4,1,1,5,4,5,7,2,1,1,4,5,2,16,1,65,3,10,3,4,7,6,1,8,2,6,,9,9,2,22,9,121.5329756,25.0422333
111,11,27,20,24,2,04大安區,大安區忠孝東路3段與新生南路1段口,0,0,1,2,C03,8,3,5,50,4,1,1,5,4,5,7,2,1,1,4,5,2,16,1,42,2,1,1,1,7,9,1,10,2,11,,44,9,1,22,9,121.5329756,25.0422333
111,11,27,20,31,2,08士林區,士林區中正路與延平北路6段口,0,0,1,1,B03,8,1,5,50,4,1,1,5,4,5,7,2,1,1,4,5,2,16,2,38,3,10,3,4,7,5,1,8,1,8,,8,8,1,22,9,121.5091615,25.0867427
111,11,27,20,31,2,08士林區,士林區中正路與延平北路6段口,0,0,1,2,C03,8,1,5,50,4,1,1,5,4,5,7,2,1,1,4,5,2,16,1,18,2,9,3,4,7,9,1,10,1,14,,44,8,1,22,9,121.5091615,25.0867427
111,11,27,20,40,2,09北投區,北投區文林北路176號與文林北路75巷口南往北方向,0,0,1,1,B03,8,1,5,50,3,2,1,5,4,5,7,1,1,9,4,5,1,12,1,23,3,10,1,1,7,10,1,8,2,4,,7,7,1,22,9,121.5157085,25.10688579
111,11,27,20,40,2,09北投區,北投區文林北路176號與文林北路75巷口南往北方向,0,0,1,2,C03,8,1,5,50,3,2,1,5,4,5,7,1,1,9,4,5,1,12,1,30,2,8,1,1,7,9,1,10,2,12,,44,7,1,22,9,121.5157085,25.10688579
111,11,27,20,48,2,05中正區,中正區懷寧街與漢口街1段口,0,0,2,1,B03,8,3,5,50,4,1,1,5,4,5,7,3,1,10,3,5,2,15,1,38,3,10,1,1,7,9,1,8,2,2,,6,6,1,22,9,121.514178,25.04515876
111,11,27,20,48,2,05中正區,中正區懷寧街與漢口街1段口,0,0,2,2,C03,8,3,5,50,4,1,1,5,4,5,7,3,1,10,3,5,2,15,1,29,2,8,1,1,7,9,1,10,2,11,,13,6,1,22,9,121.514178,25.04515876
111,11,27,20,48,2,05中正區,中正區懷寧街與漢口街1段口,0,0,2,3,H02,8,3,5,50,4,1,1,5,4,5,7,3,1,10,3,5,2,15,2,26,2,8,1,5,7,21,8,20,10,16,,67,6,1,22,9,121.514178,25.04515876
111,11,27,21,55,2,05中正區,中正區汀州路3段24巷與汀州路3段口,0,0,2,1,C03,8,3,5,50,3,1,1,5,4,5,7,4,4,5,5,5,2,12,1,20,2,9,1,1,7,5,1,10,1,13,,8,8,1,22,9,121.5286446,25.0176138
111,11,27,21,55,2,05中正區,中正區汀州路3段24巷與汀州路3段口,0,0,2,2,C03,8,3,5,50,3,1,1,5,4,5,7,4,4,5,5,5,2,12,1,21,2,9,1,1,7,9,1,10,1,11,,23,8,1,22,9,121.5286446,25.0176138
111,11,27,21,55,2,05中正區,中正區汀州路3段24巷與汀州路3段口,0,0,2,3,H02,8,3,5,50,3,1,1,5,4,5,7,4,4,5,5,5,2,12,2,17,4,11,4,5,7,20,8,20,10,16,,67,8,1,22,9,121.5286446,25.0176138
111,11,27,22,16,2,09北投區,北投區大度路2段與承德路7段401巷620弄口西往東方向,0,0,1,1,B03,8,1,5,70,4,2,1,5,4,5,7,1,1,9,4,4,1,12,1,32,3,10,2,1,7,6,1,8,2,2,,9,9,1,22,9,121.4858768,25.12179036
111,11,27,22,16,2,09北投區,北投區大度路2段與承德路7段401巷620弄口西往東方向,0,0,1,2,C03,8,1,5,70,4,2,1,5,4,5,7,1,1,9,4,4,1,12,1,21,2,8,1,1,7,9,1,10,2,12,,23,9,1,22,9,121.4858768,25.12179036
111,11,28,0,55,2,09北投區,北投區石牌路2段與裕民一路口,0,0,2,1,C03,8,3,5,50,4,1,1,5,4,5,7,2,1,5,4,5,2,17,1,22,2,9,1,1,7,6,1,10,1,12,,9,9,1,22,9,121.5162444,25.11669841
111,11,28,0,55,2,09北投區,北投區石牌路2段與裕民一路口,0,0,2,2,C03,8,3,5,50,4,1,1,5,4,5,7,2,1,5,4,5,2,17,1,18,2,9,1,1,7,9,1,10,1,11,,44,9,1,22,9,121.5162444,25.11669841
111,11,28,2,43,2,04大安區,大安區忠孝東路4段與大安路1段口,0,0,1,1,B01,7,3,5,50,4,1,1,5,4,5,7,1,1,8,3,5,1,16,1,56,3,10,1,1,7,6,1,1,1,5,,9,9,1,22,9,121.5462849,25.041694
111,11,28,2,43,2,04大安區,大安區忠孝東路4段與大安路1段口,0,0,1,2,C03,7,3,5,50,4,1,1,5,4,5,7,1,1,8,3,5,1,16,2,30,2,9,1,1,7,9,1,10,1,11,,44,9,1,22,9,121.5462849,25.041694
111,11,28,6,24,2,04大安區,大安區忠孝東路3段與建國南路1段口,0,0,1,1,B11,8,1,5,50,14,9,1,5,4,5,7,2,1,10,5,5,2,16,1,32,3,10,1,1,7,6,1,3,1,5,,25,9,1,22,9,121.5367095,25.0419279
111,11,28,6,24,2,04大安區,大安區忠孝東路3段與建國南路1段口,0,0,1,2,C03,8,1,5,50,14,9,1,5,4,5,7,2,1,10,5,5,2,16,2,37,2,8,1,1,7,9,1,10,1,11,,44,9,2,22,9,121.5367095,25.0419279
111,11,28,6,36,2,04大安區,大安區通化街165巷與通化街165巷24弄口,0,0,1,1,C04,8,1,5,30,4,2,1,5,4,5,7,4,4,10,5,5,2,17,2,70,2,9,1,1,7,9,3,18,2,11,,6,6,1,22,9,121.5553661,25.028081
111,11,28,6,36,2,04大安區,大安區通化街165巷與通化街165巷24弄口,0,0,1,2,C03,8,1,5,30,4,2,1,5,4,5,7,4,4,10,5,5,2,17,2,28,3,10,1,1,7,9,1,10,2,12,,23,6,1,22,9,121.5553661,25.028081
111,11,28,7,4,2,09北投區,北投區泉源路24號與泉源路口自來水廠前,0,0,1,1,B03,8,1,5,50,3,1,1,5,4,5,7,4,4,10,5,5,1,16,1,36,3,10,1,1,7,5,1,8,1,4,,6,6,1,22,9,121.5087841,25.14109083
111,11,28,7,4,2,09北投區,北投區泉源路24號與泉源路口自來水廠前,0,0,1,2,C03,8,1,5,50,3,1,1,5,4,5,7,4,4,10,5,5,1,16,1,57,2,9,1,1,7,9,1,8,1,11,,14,6,1,22,9,121.5087841,25.14109083
111,11,28,7,31,2,11南港區,南港區大坑街與合順街8巷3弄口,0,0,1,1,B12,8,1,5,30,3,1,1,5,4,5,7,4,4,4,5,5,2,17,1,57,3,10,1,1,7,5,1,8,9,15,,6,6,1,22,9,121.6196772,25.0427633
111,11,28,7,31,2,11南港區,南港區大坑街與合順街8巷3弄口,0,0,1,2,C03,8,1,5,30,3,1,1,5,4,5,7,4,4,4,5,5,2,17,1,19,2,8,1,1,7,9,1,10,2,12,,23,6,1,22,9,121.6196772,25.0427633
111,11,28,7,32,2,10文山區,文山區和平東路4段359號,0,0,2,1,C03,8,1,5,50,14,9,1,5,4,5,7,4,4,5,4,5,2,16,1,35,2,9,1,4,7,8,1,10,2,12,,7,7,1,22,9,121.573591,25.00008861
111,11,28,7,32,2,10文山區,文山區和平東路4段359號,0,0,2,2,C03,8,1,5,50,14,9,1,5,4,5,7,4,4,5,4,5,2,16,1,28,2,9,1,4,7,9,1,10,2,14,,23,7,1,22,9,121.573591,25.00008861
111,11,28,7,40,2,11南港區,南港區松河街與興華路口,0,0,1,1,C03,8,1,5,50,3,1,1,5,4,5,7,4,4,5,4,5,2,16,2,43,2,8,1,1,7,5,1,10,1,15,,6,6,1,22,9,121.6051123,25.0587566
111,11,28,7,40,2,11南港區,南港區松河街與興華路口,0,0,1,2,C03,8,1,5,50,3,1,1,5,4,5,7,4,4,5,4,5,2,16,1,37,3,10,1,1,7,9,1,10,1,15,,44,6,1,22,9,121.6051123,25.0587566
111,11,28,7,43,2,11南港區,南港區成福路與成福路15巷口,0,0,2,1,C03,8,1,5,30,4,1,1,5,4,5,7,1,1,10,5,5,2,15,1,33,2,9,3,4,7,9,1,10,2,11,,43,43,1,22,9,121.5864328,25.0450535
111,11,28,7,43,2,11南港區,南港區成福路與成福路15巷口,0,0,2,2,C03,8,1,5,30,4,1,1,5,4,5,7,1,1,10,5,5,2,15,1,54,2,8,3,4,7,9,1,10,2,12,,43,43,1,22,9,121.5864328,25.0450535
111,11,28,7,51,2,05中正區,中正區中山南路與濟南路1段口,0,0,2,1,C03,8,1,5,50,4,1,1,5,4,5,7,1,1,1,4,5,2,13,1,20,2,9,1,1,7,9,1,10,1,11,,16,16,1,22,9,121.5190291,25.0433211
111,11,28,7,51,2,05中正區,中正區中山南路與濟南路1段口,0,0,2,2,C03,8,1,5,50,4,1,1,5,4,5,7,1,1,1,4,5,2,13,1,19,3,10,1,1,7,9,1,10,1,13,,44,16,1,22,9,121.5190291,25.0433211
111,11,28,7,51,2,05中正區,中正區中山南路與濟南路1段口,0,0,2,3,C03,8,1,5,50,4,1,1,5,4,5,7,1,1,1,4,5,2,13,1,31,2,9,1,1,7,9,1,10,1,14,,44,16,1,22,9,121.5190291,25.0433211
111,11,28,7,53,2,03中山區,中山區濱江街與復興北路口地下道出口,0,0,1,1,B03,8,1,5,40,14,9,1,5,4,5,7,1,1,1,3,5,1,17,1,61,3,10,1,1,7,15,1,8,1,3,,42,42,1,22,9,121.5443505,25.0719137
111,11,28,7,53,2,03中山區,中山區濱江街與復興北路口地下道出口,0,0,1,2,C03,8,1,5,40,14,9,1,5,4,5,7,1,1,1,3,5,1,17,2,54,3,10,1,1,7,14,4,11,1,11,,44,42,1,22,9,121.5443505,25.0719137
111,11,28,7,53,2,03中山區,中山區濱江街與復興北路口地下道出口,0,0,1,3,C03,8,1,5,40,14,9,1,5,4,5,7,1,1,1,3,5,1,17,1,31,3,10,1,1,7,14,1,10,1,11,,44,42,1,22,9,121.5443505,25.0719137
111,11,28,7,53,2,03中山區,中山區濱江街與復興北路口地下道出口,0,0,1,4,C03,8,1,5,40,14,9,1,5,4,5,7,1,1,1,3,5,1,17,1,35,2,8,1,1,7,14,1,10,1,11,,44,42,1,22,9,121.5443505,25.0719137
111,11,28,7,55,2,08士林區,士林區仰德大道2段2巷與仰德大道2段口,0,0,1,1,B03,8,1,5,40,3,1,1,5,4,5,7,2,1,4,5,5,2,17,2,56,3,10,1,1,7,5,1,8,1,1,,8,8,1,22,9,121.539653,25.1019341
111,11,28,7,55,2,08士林區,士林區仰德大道2段2巷與仰德大道2段口,0,0,1,2,C03,8,1,5,40,3,1,1,5,4,5,7,2,1,4,5,5,2,17,1,19,2,8,1,1,7,9,1,10,1,11,,44,8,1,22,9,121.539653,25.1019341
111,11,28,8,0,2,03中山區,中山區北安路55號對面,0,0,1,1,C03,8,1,5,50,14,9,1,5,4,5,7,2,1,1,4,5,2,13,1,40,2,9,3,4,7,9,1,10,1,11,,16,23,1,22,9,121.5290243,25.07776189
111,11,28,8,0,2,03中山區,中山區北安路55號對面,0,0,1,2,C03,8,1,5,50,14,9,1,5,4,5,7,2,1,1,4,5,2,13,1,34,3,10,3,4,7,14,1,10,1,13,,44,23,1,22,9,121.5290243,25.07776189
111,11,28,8,4,2,08士林區,士林區中山北路5段與中正路口,0,0,1,1,B03,8,1,5,50,4,1,1,5,4,5,7,2,1,1,1,5,2,13,2,31,3,10,1,1,7,1,1,8,2,1,,23,19,1,22,9,121.5277579,25.0959556
111,11,28,8,4,2,08士林區,士林區中山北路5段與中正路口,0,0,1,2,C03,8,1,5,50,4,1,1,5,4,5,7,2,1,1,1,5,2,13,2,36,2,8,1,1,7,7,1,10,2,13,,7,19,1,22,9,121.5277579,25.0959556
111,11,28,8,5,2,12內湖區,內湖區潭美街與新明路298巷口(成美橋下),0,0,3,1,C03,8,1,5,50,3,2,1,5,4,5,7,1,1,5,5,5,2,13,2,37,2,9,1,1,7,9,1,10,1,11,,23,23,1,22,9,121.5824376,25.05479308
111,11,28,8,5,2,12內湖區,內湖區潭美街與新明路298巷口(成美橋下),0,0,3,2,C03,8,1,5,50,3,2,1,5,4,5,7,1,1,5,5,5,2,13,1,50,2,9,1,1,7,14,1,10,1,13,,44,23,1,22,9,121.5824376,25.05479308
111,11,28,8,5,2,12內湖區,內湖區潭美街與新明路298巷口(成美橋下),0,0,3,3,H02,8,1,5,50,3,2,1,5,4,5,7,1,1,5,5,5,2,13,2,47,2,9,1,5,7,20,8,20,10,16,,67,23,1,22,9,121.5824376,25.05479308
111,11,28,8,19,2,03中山區,中山區民族東路與民族東路512巷口,0,0,1,1,C03,8,1,5,50,3,1,1,5,4,5,7,4,4,4,3,5,1,16,1,23,3,10,1,4,7,6,1,10,2,13,,9,9,1,22,9,121.5422235,25.06782764
111,11,28,8,19,2,03中山區,中山區民族東路與民族東路512巷口,0,0,1,2,C03,8,1,5,50,3,1,1,5,4,5,7,4,4,4,3,5,1,16,1,32,2,9,3,4,7,9,1,10,2,15,,23,9,1,22,9,121.5422235,25.06782764
111,11,28,8,19,2,12內湖區,內湖區瑞湖街與舊宗路2段121巷口口,0,0,1,1,B03,8,1,5,50,4,1,1,5,4,5,7,2,1,5,5,5,2,12,1,45,3,10,1,1,7,6,1,8,2,5,,9,42,1,22,9,121.5764254,25.06900649
111,11,28,8,19,2,12內湖區,內湖區瑞湖街與舊宗路2段121巷口口,0,0,1,2,C03,8,1,5,50,4,1,1,5,4,5,7,2,1,5,5,5,2,12,1,41,2,9,1,1,7,9,1,10,2,14,,44,42,1,22,9,121.5764254,25.06900649
111,11,28,8,30,2,06松山區,松山區敦化北路145巷與敦化北路155巷100弄口,0,0,2,1,C03,8,1,5,30,4,1,1,5,4,5,7,4,4,4,5,5,2,15,1,49,2,8,1,1,7,9,1,10,1,12,,6,6,1,22,9,121.5521869,25.0537594
111,11,28,8,30,2,06松山區,松山區敦化北路145巷與敦化北路155巷100弄口,0,0,2,2,B01,8,1,5,30,4,1,1,5,4,5,7,4,4,4,5,5,2,15,1,68,3,10,1,1,7,9,1,4,1,8,,23,6,1,22,9,121.5521869,25.0537594
111,11,28,8,30,2,06松山區,松山區敦化北路145巷與敦化北路155巷100弄口,0,0,2,3,H02,8,1,5,30,4,1,1,5,4,5,7,4,4,4,5,5,2,15,2,45,2,8,1,5,7,21,8,20,10,16,,67,6,1,22,9,121.5521869,25.0537594