發生年度,發生月,發生日,發生時-Hours,發生分,處理別-編號,區序,肇事地點,死亡人數,2-30日死亡人數,受傷人數,當事人序號,車種,天候,光線,道路類別,速限-速度限制,道路型態,事故位置,路面狀況1,路面狀況2,路面狀況3,道路障礙1,道路障礙2,號誌1,號誌2,車道劃分-分向,車道劃分-分道1,車道劃分-分道2,車道劃分-分道3,事故類型及型態,性別,年齡,受傷程度,主要傷處,安全帽,行動電話,車輛用途,當事者行動狀態,駕駛資格情形,駕駛執照種類,飲酒情形,車輛撞擊部位1,車輛撞擊部位2,肇因碼-個別,肇因碼-主要,個人肇逃否,職業,旅次目的,座標-X,座標-Y
111,11,28,8,45,2,06松山區,松山區八德路3段20號,0,0,1,1,C03,8,1,5,50,14,9,1,5,4,5,7,4,4,5,4,5,2,12,1,31,3,10,1,1,7,8,1,10,1,13,,7,42,1,22,9,121.55101,25.04818968
111,11,28,8,45,2,06松山區,松山區八德路3段20號,0,0,1,2,C03,8,1,5,50,14,9,1,5,4,5,7,4,4,5,4,5,2,12,2,38,2,9,1,1,7,9,1,10,1,11,,42,42,1,22,9,121.55101,25.04818968
111,11,28,8,50,2,01大同區,大同區承德路2段與五原路口,0,0,2,1,C03,8,1,5,50,14,9,1,5,4,5,7,4,4,1,4,5,2,17,1,41,2,9,1,1,7,9,1,10,2,11,,23,23,1,22,9,121.5181797,25.06194351
111,11,28,8,50,2,01大同區,大同區承德路2段與五原路口,0,0,2,2,C03,8,1,5,50,14,9,1,5,4,5,7,4,4,1,4,5,2,17,1,26,2,9,1,1,7,9,1,10,2,13,,13,23,1,22,9,121.5181797,25.06194351
111,11,28,8,50,2,01大同區,大同區承德路2段與五原路口,0,0,2,3,A02,8,1,5,50,14,9,1,5,4,5,7,4,4,1,4,5,2,17,1,50,3,10,1,1,7,7,1,2,2,15,,44,23,1,22,9,121.5181797,25.06194351
111,11,28,8,57,2,12內湖區,內湖區康寧路3段16巷與康寧路3段口,0,0,1,1,B03,8,1,5,50,4,1,1,5,4,5,7,1,1,1,3,5,2,11,1,46,3,10,1,1,7,9,1,8,1,8,,44,44,1,22,9,121.6101025,25.0712248
111,11,28,8,57,2,12內湖區,內湖區康寧路3段16巷與康寧路3段口,0,0,1,2,C03,8,1,5,50,4,1,1,5,4,5,7,1,1,1,3,5,2,11,2,49,2,9,1,1,7,5,1,10,1,12,,6,44,1,22,9,121.6101025,25.0712248
111,11,28,8,58,2,03中山區,中山區樂群一路與敬業三路口,0,0,1,1,B03,8,1,5,50,3,1,1,5,4,5,7,1,1,1,3,5,1,13,1,40,3,10,1,1,7,9,1,8,1,1,,23,23,1,22,9,121.5561852,25.0771342
111,11,28,8,58,2,03中山區,中山區樂群一路與敬業三路口,0,0,1,2,C03,8,1,5,50,3,1,1,5,4,5,7,1,1,1,3,5,1,13,1,28,2,8,1,1,7,10,1,10,1,13,,7,23,1,22,9,121.5561852,25.0771342
111,11,28,9,17,2,04大安區,大安區信義路2段198巷與永康街13巷口,0,0,1,1,C03,8,1,5,30,4,2,1,5,4,5,7,4,4,10,5,5,2,17,2,58,2,9,1,1,7,5,1,10,2,12,,6,6,1,22,9,121.5304605,25.0329267
111,11,28,9,17,2,04大安區,大安區信義路2段198巷與永康街13巷口,0,0,1,2,B01,8,1,5,30,4,2,1,5,4,5,7,4,4,10,5,5,2,17,1,61,3,10,1,1,7,9,1,4,2,4,,14,6,1,22,9,121.5304605,25.0329267
111,11,28,9,25,2,04大安區,大安區基隆路3段與臥龍街口,0,0,2,1,C03,8,1,5,50,4,2,1,5,4,5,7,4,4,10,4,5,1,13,1,62,2,9,3,4,7,9,1,10,2,11,,23,16,1,22,9,121.548323,25.02078543
111,11,28,9,25,2,04大安區,大安區基隆路3段與臥龍街口,0,0,2,2,C03,8,1,5,50,4,2,1,5,4,5,7,4,4,10,4,5,1,13,1,24,2,9,3,4,7,9,1,10,2,13,,44,16,1,22,9,121.548323,25.02078543
111,11,28,9,30,2,09北投區,北投區紗帽路3號,0,0,1,1,A12,8,1,5,50,14,9,1,5,4,5,7,4,4,9,4,5,1,17,1,46,3,10,1,1,7,9,1,3,1,9,,43,43,1,22,9,121.5328999,25.15195209
111,11,28,9,30,2,09北投區,北投區紗帽路3號,0,0,1,2,C03,8,1,5,50,14,9,1,5,4,5,7,4,4,9,4,5,1,17,1,85,2,2,1,1,7,9,1,10,1,11,,43,43,1,22,9,121.5328999,25.15195209
111,11,28,9,30,2,09北投區,北投區紗帽路3號,0,0,1,3,B03,8,1,5,50,14,9,1,5,4,5,7,4,4,9,4,5,1,17,1,73,3,10,1,1,7,9,1,8,1,9,,43,43,1,22,9,121.5328999,25.15195209
111,11,28,9,45,2,08士林區,士林區德行東路338巷與德行東路378巷口,0,0,1,1,B03,8,1,5,30,3,1,1,5,4,5,7,4,4,10,5,5,2,17,1,25,3,10,1,1,7,5,1,8,1,1,,6,6,1,22,9,121.5402883,25.10890534
111,11,28,9,45,2,08士林區,士林區德行東路338巷與德行東路378巷口,0,0,1,2,C03,8,1,5,30,3,1,1,5,4,5,7,4,4,10,5,5,2,17,1,22,2,9,1,1,7,9,1,10,1,11,,14,6,1,22,9,121.5402883,25.10890534
111,11,28,10,6,2,03中山區,中山區八德路2段與渭水路口,0,0,1,1,B12,8,1,5,50,3,1,1,5,4,5,7,1,1,10,4,5,2,17,1,45,3,10,1,4,7,9,1,8,1,15,,25,25,1,22,9,121.5354942,25.0456508
111,11,28,10,6,2,03中山區,中山區八德路2段與渭水路口,0,0,1,2,C03,8,1,5,50,3,1,1,5,4,5,7,1,1,10,4,5,2,17,2,43,2,9,1,4,7,5,4,11,1,13,,44,25,1,22,9,121.5354942,25.0456508
111,11,28,10,6,2,03中山區,中山區八德路2段與渭水路口,0,0,1,3,B01,8,1,5,50,3,1,1,5,4,5,7,1,1,10,4,5,2,17,1,42,3,10,1,4,7,5,1,2,1,1,,16,25,1,10,9,121.5354942,25.0456508
111,11,28,10,15,2,11南港區,南港區重陽路499號,0,0,1,1,B03,8,1,5,40,14,7,1,5,4,5,7,4,4,9,4,4,2,16,2,47,3,10,1,1,7,11,1,8,1,8,,10,10,1,22,9,121.6126097,25.06151083
111,11,28,10,15,2,11南港區,南港區重陽路499號,0,0,1,2,C03,8,1,5,40,14,7,1,5,4,5,7,4,4,9,4,4,2,16,1,26,2,9,1,1,7,9,1,10,1,11,,23,10,1,22,9,121.6126097,25.06151083
111,11,28,10,20,2,02萬華區,萬華區萬大路346號,0,0,2,1,C03,8,1,5,30,14,9,2,5,4,5,7,1,1,10,4,5,2,13,1,51,2,9,1,1,7,9,1,10,1,11,,23,23,1,22,9,121.4996081,25.02301333
111,11,28,10,20,2,02萬華區,萬華區萬大路346號,0,0,2,2,C03,8,1,5,30,14,9,2,5,4,5,7,1,1,10,4,5,2,13,1,23,2,9,1,1,7,15,1,10,1,13,,44,23,1,22,9,121.4996081,25.02301333
111,11,28,10,45,2,12內湖區,內湖區潭美街530號,0,0,1,1,C03,8,1,5,0,14,9,1,5,4,5,7,4,4,9,5,5,2,12,4,,4,11,3,4,7,15,7,19,11,15,,43,43,2,22,9,121.5983494,25.06055167
111,11,28,10,45,2,12內湖區,內湖區潭美街530號,0,0,1,2,C03,8,1,5,0,14,9,1,5,4,5,7,4,4,9,5,5,2,12,2,29,2,9,1,1,7,9,1,10,1,12,,13,43,1,22,9,121.5983494,25.06055167
111,11,28,10,48,2,10文山區,文山區興隆路2段220巷33號,0,0,1,1,C03,8,1,5,30,4,1,1,5,4,5,7,2,1,5,5,5,2,16,2,56,3,10,1,1,7,5,1,10,1,13,,6,6,1,22,9,121.5521635,25.0005358
111,11,28,10,48,2,10文山區,文山區興隆路2段220巷33號,0,0,1,2,C03,8,1,5,30,4,1,1,5,4,5,7,2,1,5,5,5,2,16,2,20,2,9,1,1,7,9,1,10,1,11,,44,6,1,22,9,121.5521635,25.0005358
111,11,28,10,54,2,11南港區,南港區忠孝東路7段與興中路口,0,0,1,1,C03,8,1,5,50,3,2,1,5,4,5,7,2,1,1,3,4,2,18,1,58,2,9,1,1,7,9,1,10,1,14,,43,43,1,22,9,121.6081289,25.0523301
111,11,28,10,54,2,11南港區,南港區忠孝東路7段與興中路口,0,0,1,2,,8,1,5,50,3,2,1,5,4,5,7,2,1,1,3,4,2,18,3,,,,,,,,,,,,,67,43,1,,,121.6081289,25.0523301
111,11,28,11,28,2,06松山區,松山區八德路4段104號,0,0,1,1,B01,8,1,5,50,15,9,1,5,4,5,7,2,1,9,4,5,2,16,1,60,3,10,1,1,7,5,1,4,1,5,,8,8,1,22,9,121.5609668,25.0484312
111,11,28,11,28,2,06松山區,松山區八德路4段104號,0,0,1,2,C03,8,1,5,50,15,9,1,5,4,5,7,2,1,9,4,5,2,16,1,21,2,8,1,1,7,8,1,10,1,11,,44,8,1,22,9,121.5609668,25.0484312
111,11,28,11,42,2,02萬華區,萬華區東園街66巷24弄與東園街66巷口,0,0,2,1,C03,8,1,5,30,4,1,1,5,4,5,7,4,4,10,5,5,2,15,1,34,2,9,1,1,7,9,1,10,1,14,,6,6,1,22,9,121.4952879,25.0250759
111,11,28,11,42,2,02萬華區,萬華區東園街66巷24弄與東園街66巷口,0,0,2,2,C03,8,1,5,30,4,1,1,5,4,5,7,4,4,10,5,5,2,15,1,63,2,9,1,1,7,9,4,8,1,11,,14,6,1,22,9,121.4952879,25.0250759
111,11,28,11,45,2,09北投區,北投區東華街1段與石牌路2段口,0,0,1,1,C03,8,1,5,50,5,1,1,5,4,5,7,2,1,3,4,5,1,16,1,66,2,9,1,1,7,5,1,10,1,11,,43,43,1,22,9,121.5152692,25.11529362
111,11,28,11,45,2,09北投區,北投區東華街1段與石牌路2段口,0,0,1,2,B03,8,1,5,50,5,1,1,5,4,5,7,2,1,3,4,5,1,16,1,45,3,10,1,1,7,9,1,8,1,2,,43,43,1,22,9,121.5152692,25.11529362
111,11,28,11,54,2,04大安區,大安區瑞安街135巷與和平東路2段107巷口,0,0,1,1,C03,8,1,5,30,4,2,1,5,4,5,7,4,4,10,5,5,1,15,1,27,3,10,1,1,7,9,1,10,1,12,,6,6,1,12,1,121.5405056,25.0267053
111,11,28,11,54,2,04大安區,大安區瑞安街135巷與和平東路2段107巷口,0,0,1,2,C03,8,1,5,30,4,2,1,5,4,5,7,4,4,10,5,5,1,15,2,34,2,7,1,1,7,9,1,10,1,11,,23,6,1,21,5,121.5405056,25.0267053
111,11,28,12,0,2,02萬華區,萬華區貴陽街2段與西園路1段口,0,0,1,1,C03,8,1,5,30,4,1,1,5,4,5,7,2,1,10,5,5,2,12,1,67,3,10,1,1,7,6,1,10,9,12,,9,,1,22,9,121.4998014,25.0401201
111,11,28,12,0,2,02萬華區,萬華區貴陽街2段與西園路1段口,0,0,1,2,C03,8,1,5,30,4,1,1,5,4,5,7,2,1,10,5,5,2,12,2,58,2,9,1,1,7,9,1,10,9,11,,44,,1,22,9,121.4998014,25.0401201
111,11,28,12,0,2,03中山區,中山區吉林路與南京東路2段口,0,0,1,1,B01,8,1,5,50,4,1,1,5,4,5,7,2,1,1,4,5,2,12,1,59,3,10,3,4,7,6,1,4,2,5,,23,14,1,22,9,121.5301283,25.05197533
111,11,28,12,0,2,03中山區,中山區吉林路與南京東路2段口,0,0,1,2,C03,8,1,5,50,4,1,1,5,4,5,7,2,1,1,4,5,2,12,2,56,2,9,3,4,7,6,1,10,2,14,,44,14,1,22,9,121.5301283,25.05197533
111,11,28,12,11,2,08士林區,士林區百齡橋東向西第003號燈桿前,0,0,2,1,C03,8,1,5,50,14,11,1,5,4,5,7,4,4,10,5,5,1,16,1,75,2,9,1,1,7,9,6,18,2,15,,23,17,1,22,9,121.5141859,25.08957906
111,11,28,12,11,2,08士林區,士林區百齡橋東向西第003號燈桿前,0,0,2,2,G06,8,1,5,50,14,11,1,5,4,5,7,4,4,10,5,5,1,16,2,66,2,9,1,1,7,7,7,19,2,15,,7,17,1,22,9,121.5141859,25.08957906
111,11,28,12,15,2,05中正區,中正區濟南路1段4號,0,0,2,1,C03,8,1,5,50,15,9,1,5,4,5,7,4,4,8,4,4,2,11,1,30,2,7,1,1,7,5,1,10,1,11,,8,44,1,22,9,121.5205514,25.04284071
111,11,28,12,15,2,05中正區,中正區濟南路1段4號,0,0,2,2,C03,8,1,5,50,15,9,1,5,4,5,7,4,4,8,4,4,2,11,2,24,2,8,1,1,7,9,1,10,1,14,,44,44,1,22,9,121.5205514,25.04284071
111,11,28,12,18,2,12內湖區,內湖區民權東路6段296巷與無名巷口,0,0,1,1,B03,8,1,5,30,4,1,1,5,4,5,7,4,4,9,5,5,2,16,2,42,3,10,1,1,7,5,1,8,1,1,,6,6,1,22,9,121.6087545,25.0702827
111,11,28,12,18,2,12內湖區,內湖區民權東路6段296巷與無名巷口,0,0,1,2,C03,8,1,5,30,4,1,1,5,4,5,7,4,4,9,5,5,2,16,2,64,2,9,1,1,7,9,4,8,1,12,,14,6,1,22,9,121.6087545,25.0702827
111,11,28,12,18,2,12內湖區,內湖區民權東路6段296巷與無名巷口,0,0,1,3,B12,8,1,5,30,4,1,1,5,4,5,7,4,4,9,5,5,2,16,4,,4,11,3,4,7,15,7,19,11,15,,38,6,2,22,9,121.6087545,25.0702827
111,11,28,12,19,2,07信義區,信義區信安街67巷81號,0,0,1,1,B02,8,1,5,50,14,8,1,5,4,5,7,4,4,9,4,4,2,12,2,34,3,10,1,1,7,6,1,8,1,15,,9,9,1,22,9,121.5602201,25.02594217
111,11,28,12,19,2,07信義區,信義區信安街67巷81號,0,0,1,2,C03,8,1,5,50,14,8,1,5,4,5,7,4,4,9,4,4,2,12,1,75,2,9,1,1,7,9,1,10,1,12,,23,9,1,22,9,121.5602201,25.02594217
111,11,28,12,23,2,01大同區,大同區涼州街1-8號,0,0,1,2,B03,8,1,5,50,14,9,1,5,4,5,7,4,4,9,5,5,2,12,1,50,3,10,1,1,7,9,1,8,2,2,,44,19,1,22,9,121.5151734,25.0609296
111,11,28,12,23,2,01大同區,大同區涼州街1-8號,0,0,1,1,C03,8,1,5,50,14,9,1,5,4,5,7,4,4,9,5,5,2,12,2,63,2,8,1,1,7,1,4,11,9,14,,19,19,1,22,9,121.5151734,25.0609296
111,11,28,12,36,2,04大安區,大安區永康街與永康街6巷口,0,0,1,1,C03,8,1,5,30,4,2,1,5,4,3,5,4,4,8,3,5,1,16,2,38,2,7,1,1,7,11,1,10,1,11,,6,6,1,21,5,121.5297607,25.0326014
111,11,28,12,36,2,04大安區,大安區永康街與永康街6巷口,0,0,1,2,B01,8,1,5,30,4,2,1,5,4,3,5,4,4,8,3,5,1,16,1,59,3,10,1,1,7,9,1,4,1,7,,14,6,1,10,4,121.5297607,25.0326014
111,11,28,12,36,2,04大安區,大安區永康街與永康街6巷口,0,0,1,3,B03,8,1,5,30,4,2,1,5,4,3,5,4,4,8,3,5,1,16,1,53,3,10,1,1,7,15,1,8,1,15,,26,,1,10,7,121.5297607,25.0326014
111,11,28,13,4,2,10文山區,文山區永安街與永安街6巷口,0,0,2,1,C03,8,1,5,30,4,1,1,5,4,5,7,4,4,10,5,5,2,15,1,52,2,8,1,1,7,9,1,10,2,12,,6,42,1,22,9,121.5702177,24.987092
111,11,28,13,4,2,10文山區,文山區永安街與永安街6巷口,0,0,2,2,C03,8,1,5,30,4,1,1,5,4,5,7,4,4,10,5,5,2,15,2,68,2,8,1,1,7,9,1,10,2,11,,23,42,1,22,9,121.5702177,24.987092
111,11,28,13,42,2,08士林區,士林區基河路與文林路口,0,0,1,1,B01,8,1,5,50,14,9,1,5,4,5,7,4,4,1,4,5,1,17,1,61,4,11,3,4,7,15,7,19,11,15,,40,40,2,22,9,121.5251094,25.0856422
111,11,28,13,42,2,08士林區,士林區基河路與文林路口,0,0,1,2,C03,8,1,5,50,14,9,1,5,4,5,7,4,4,1,4,5,1,17,1,20,3,10,1,1,7,9,1,10,1,12,,44,40,1,21,8,121.5251094,25.0856422
111,11,28,13,42,2,08士林區,士林區基河路與文林路口,0,0,1,3,H02,8,1,5,50,14,9,1,5,4,5,7,4,4,1,4,5,1,17,1,22,2,8,4,5,7,20,8,20,10,16,,67,40,1,21,8,121.5251094,25.0856422
111,11,28,14,20,2,07信義區,信義區忠孝東路5段783號,0,0,1,1,C03,8,1,5,50,14,9,1,5,4,5,7,4,4,1,5,5,2,13,1,18,2,9,1,1,7,9,1,10,1,11,,16,16,1,22,9,121.5816521,25.0439433
111,11,28,14,20,2,07信義區,信義區忠孝東路5段783號,0,0,1,2,C03,8,1,5,50,14,9,1,5,4,5,7,4,4,1,5,5,2,13,1,23,3,10,1,1,7,9,1,10,1,13,,44,16,1,22,9,121.5816521,25.0439433
111,11,28,14,50,2,08士林區,士林區中山北路7段14巷與中山北路7段14巷5弄口,0,0,1,2,B12,8,1,5,30,5,2,1,5,4,5,7,4,4,9,5,5,1,17,1,35,3,10,1,1,7,13,1,8,1,8,,38,45,1,22,9,121.5311353,25.11874319
111,11,28,14,50,2,08士林區,士林區中山北路7段14巷與中山北路7段14巷5弄口,0,0,1,3,B03,8,1,5,30,5,2,1,5,4,5,7,4,4,9,5,5,1,17,1,60,3,10,1,1,7,14,1,7,1,2,,26,45,1,22,9,121.5311353,25.11874319
111,11,28,14,50,2,08士林區,士林區中山北路7段14巷與中山北路7段14巷5弄口,0,0,1,1,A12,8,1,5,30,5,2,1,5,4,5,7,4,4,9,5,5,1,17,1,53,2,8,1,1,7,9,1,7,1,1,,45,45,1,22,9,121.5311353,25.11874319
111,11,28,14,50,2,09北投區,北投區大度路3段151號,0,0,1,1,C03,8,1,5,50,14,12,1,5,4,5,7,4,4,1,3,3,2,18,2,20,2,9,1,1,7,9,1,8,1,11,,23,23,1,22,9,121.4705359,25.12280593
111,11,28,14,50,2,09北投區,北投區大度路3段151號,0,0,1,2,,8,1,5,50,14,12,1,5,4,5,7,4,4,1,3,3,2,18,3,,,,,,,,,,,,,67,23,1,,,121.4705359,25.12280593
111,11,28,15,0,2,05中正區,中正區羅斯福路1段8號,0,0,1,1,C03,8,1,5,30,14,9,1,5,4,5,7,4,4,10,4,4,2,13,1,19,2,9,1,1,7,9,1,10,1,11,,23,16,1,22,9,121.5183883,25.0324795
111,11,28,15,0,2,05中正區,中正區羅斯福路1段8號,0,0,1,2,C03,8,1,5,30,14,9,1,5,4,5,7,4,4,10,4,4,2,13,1,27,3,10,1,1,7,9,1,9,1,13,,44,16,1,22,9,121.5183883,25.0324795
111,11,28,15,0,2,06松山區,松山區八德路4段50號,0,0,2,1,C03,7,1,5,30,14,9,1,5,4,5,7,4,4,8,3,5,2,17,1,18,2,9,1,1,7,5,1,10,1,12,,8,8,1,22,9,121.5595254,25.04837555
111,11,28,15,0,2,06松山區,松山區八德路4段50號,0,0,2,2,C03,7,1,5,30,14,9,1,5,4,5,7,4,4,8,3,5,2,17,1,52,2,9,1,1,7,9,1,10,1,14,,23,8,1,22,9,121.5595254,25.04837555
111,11,28,15,1,2,06松山區,松山區八德路3段177號紅磚人行道,0,0,2,1,F01,8,1,5,50,15,20,4,5,4,5,7,4,4,8,3,5,1,16,2,63,2,9,1,1,7,15,8,20,1,16,,4,4,1,22,9,121.555749,25.0481274
111,11,28,15,1,2,06松山區,松山區八德路3段177號紅磚人行道,0,0,2,2,C03,8,1,5,50,15,20,4,5,4,5,7,4,4,8,3,5,1,16,1,67,2,5,3,1,7,1,1,10,1,11,,19,4,1,22,9,121.555749,25.0481274
111,11,28,15,8,2,12內湖區,內湖區康寧路3段與東湖路口,0,0,2,1,C03,8,1,5,50,3,2,1,5,4,5,7,1,1,1,5,5,2,17,1,18,2,9,1,1,7,9,1,10,1,14,,42,42,1,22,9,121.6121251,25.06879826
111,11,28,15,8,2,12內湖區,內湖區康寧路3段與東湖路口,0,0,2,2,B03,8,1,5,50,3,2,1,5,4,5,7,1,1,1,5,5,2,17,2,39,3,10,1,1,7,6,1,8,1,5,,9,42,1,22,9,121.6121251,25.06879826
111,11,28,15,8,2,12內湖區,內湖區康寧路3段與東湖路口,0,0,2,3,H02,8,1,5,50,3,2,1,5,4,5,7,1,1,1,5,5,2,17,1,18,2,9,1,5,7,20,8,20,10,16,,67,42,1,22,9,121.6121251,25.06879826
111,11,28,15,13,2,12內湖區,內湖區內湖路1段與港墘路715巷口,0,0,1,1,C03,8,1,5,50,3,1,1,5,4,5,7,4,4,1,4,4,2,12,1,22,3,10,1,1,7,8,1,10,2,13,,7,7,1,22,9,121.5776871,25.0791964
111,11,28,15,13,2,12內湖區,內湖區內湖路1段與港墘路715巷口,0,0,1,2,C03,8,1,5,50,3,1,1,5,4,5,7,4,4,1,4,4,2,12,1,60,2,9,1,1,7,9,1,10,11,11,,13,7,1,22,9,121.5776871,25.0791964
111,11,28,15,28,2,09北投區,北投區大度路3段10號燈桿,0,0,1,2,C03,8,1,5,50,14,12,1,5,4,4,7,4,4,3,4,3,2,13,1,61,2,8,3,4,7,9,1,10,1,13,,44,16,1,22,9,121.473303,25.121764
111,11,28,15,28,2,09北投區,北投區大度路3段10號燈桿,0,0,1,3,H03,8,1,5,50,14,12,1,5,4,4,7,4,4,3,4,3,2,13,1,29,3,10,4,5,8,17,8,20,10,16,,67,16,1,22,9,121.473303,25.121764
111,11,28,15,28,2,09北投區,北投區大度路3段10號燈桿,0,0,1,1,C03,8,1,5,50,14,12,1,5,4,4,7,4,4,3,4,3,2,13,1,21,3,10,3,4,7,9,1,10,1,11,,16,16,1,22,9,121.473303,25.121764
111,11,28,15,30,2,03中山區,中山區龍江路與龍江路377巷口,0,0,2,1,C03,8,1,5,30,4,1,1,5,4,5,7,4,4,8,5,5,1,16,1,59,2,8,1,4,7,9,1,10,1,14,,6,6,1,22,9,121.5409479,25.0648513
111,11,28,15,30,2,03中山區,中山區龍江路與龍江路377巷口,0,0,2,2,C03,8,1,5,30,4,1,1,5,4,5,7,4,4,8,5,5,1,16,1,22,2,8,1,4,7,9,1,10,1,12,,44,6,1,22,9,121.5409479,25.0648513
111,11,28,15,31,2,07信義區,信義區忠孝東路5段與虎林街口口,0,0,1,1,F01,8,1,5,50,4,2,1,5,4,5,7,2,1,3,4,4,1,15,2,74,2,8,2,1,7,9,8,20,1,16,,25,25,1,22,9,121.5770305,25.0407731
111,11,28,15,31,2,07信義區,信義區忠孝東路5段與虎林街口口,0,0,1,2,C03,8,1,5,50,4,2,1,5,4,5,7,2,1,3,4,4,1,15,1,26,3,10,1,4,7,9,1,10,1,11,,23,25,1,22,9,121.5770305,25.0407731
111,11,28,16,35,2,04大安區,大安區安和路2段與敦化南路2段81巷口,0,0,1,1,,8,1,5,50,5,2,1,5,4,5,7,2,1,1,4,5,2,12,4,,4,11,3,4,7,15,7,19,11,15,,43,43,2,22,9,121.5517986,25.0299951
111,11,28,16,35,2,04大安區,大安區安和路2段與敦化南路2段81巷口,0,0,1,2,C03,8,1,5,50,5,2,1,5,4,5,7,2,1,1,4,5,2,12,1,28,2,7,1,1,7,14,1,10,1,14,,44,43,1,22,9,121.5517986,25.0299951
111,11,28,16,45,2,01大同區,大同區民權西路120號,0,0,1,1,B01,8,1,5,50,14,9,1,5,4,5,7,4,4,1,4,5,2,12,1,55,3,10,3,4,7,10,1,4,1,5,,7,17,1,22,9,121.5167133,25.06285918
111,11,28,16,45,2,01大同區,大同區民權西路120號,0,0,1,2,C04,8,1,5,50,14,9,1,5,4,5,7,4,4,1,4,5,2,12,2,57,2,9,3,4,7,10,1,10,1,14,,7,17,1,22,9,121.5167133,25.06285918
111,11,28,16,58,2,06松山區,松山區延壽街143號,0,0,1,1,B03,7,2,5,50,14,9,1,5,4,5,7,1,1,8,3,5,2,17,1,43,3,10,3,1,7,6,1,8,1,2,,43,43,1,22,9,121.563642,25.05692915
111,11,28,16,58,2,06松山區,松山區延壽街143號,0,0,1,2,C03,7,2,5,50,14,9,1,5,4,5,7,1,1,8,3,5,2,17,1,52,2,9,1,1,7,9,1,10,1,14,,43,43,1,22,9,121.563642,25.05692915
111,11,28,17,0,2,05中正區,中正區臨沂街與臨沂街59巷口,0,0,1,1,B03,8,1,5,30,3,2,1,5,4,5,7,4,4,10,5,5,2,9,1,28,3,10,1,1,7,5,1,8,2,8,,23,8,1,22,9,121.5290848,25.03735099
111,11,28,17,0,2,05中正區,中正區臨沂街與臨沂街59巷口,0,0,1,2,H01,8,1,5,30,3,2,1,5,4,5,7,4,4,10,5,5,2,9,2,81,2,1,4,5,8,16,8,20,2,16,,67,8,1,22,9,121.5290848,25.03735099
111,11,28,17,10,2,03中山區,中山區中山北路1段與中山北路1段53巷口,0,0,1,1,C03,8,3,5,30,3,2,1,5,4,5,7,4,4,10,4,1,2,16,1,47,3,10,1,1,7,6,1,10,9,11,,9,9,1,22,9,121.5215615,25.04938066
111,11,28,17,10,2,03中山區,中山區中山北路1段與中山北路1段53巷口,0,0,1,2,C04,8,3,5,30,3,2,1,5,4,5,7,4,4,10,4,1,2,16,2,22,2,9,1,1,7,9,1,8,9,12,,14,9,1,22,9,121.5215615,25.04938066
111,11,28,17,26,2,04大安區,大安區基隆路3段與辛亥路3段口,0,0,1,1,C02,8,3,5,50,3,2,1,5,4,5,7,4,4,1,4,5,1,17,1,53,2,9,3,4,7,7,1,9,2,14,,7,7,1,22,9,121.5472009,25.0189428
111,11,28,17,26,2,04大安區,大安區基隆路3段與辛亥路3段口,0,0,1,2,B12,8,3,5,50,3,2,1,5,4,5,7,4,4,1,4,5,1,17,1,54,3,10,3,4,7,9,1,8,2,1,,44,7,1,22,9,121.5472009,25.0189428
111,11,28,17,30,2,02萬華區,萬華區內江街與康定路口,0,0,1,1,C03,8,1,5,50,4,1,1,5,4,5,7,1,1,5,4,5,2,12,2,18,2,9,1,1,7,5,1,10,1,14,,8,8,1,22,9,121.502321,25.04171419
111,11,28,17,30,2,02萬華區,萬華區內江街與康定路口,0,0,1,2,C03,8,1,5,50,4,1,1,5,4,5,7,1,1,5,4,5,2,12,1,24,3,10,1,1,7,9,1,10,1,12,,44,8,1,22,9,121.502321,25.04171419
111,11,28,17,32,2,12內湖區,內湖區陽光街365巷與陽光街口,0,0,1,1,C03,8,3,5,50,3,1,1,5,4,5,7,4,4,5,5,5,2,16,1,29,2,8,1,1,7,5,1,10,1,12,,6,6,1,22,9,121.5769167,25.07302144
111,11,28,17,32,2,12內湖區,內湖區陽光街365巷與陽光街口,0,0,1,2,B11,8,3,5,50,3,1,1,5,4,5,7,4,4,5,5,5,2,16,1,21,3,10,1,1,7,9,1,4,1,8,,44,6,1,22,9,121.5769167,25.07302144
111,11,28,17,33,2,09北投區,北投區大業路與承德路7段口,0,0,1,1,C03,8,1,5,50,5,1,1,5,4,5,7,4,4,3,2,3,2,18,1,62,2,9,3,4,7,9,1,10,1,14,,43,43,1,22,9,121.4998269,25.1209364
111,11,28,17,33,2,09北投區,北投區大業路與承德路7段口,0,0,1,2,,8,1,5,50,5,1,1,5,4,5,7,4,4,3,2,3,2,18,3,,,,,,,,,,,,,67,43,1,,,121.4998269,25.1209364
111,11,28,17,48,2,10文山區,文山區興隆路4段145巷與興隆路4段145巷23弄口,0,0,1,1,C03,8,3,5,30,4,1,1,5,4,5,7,4,4,5,5,5,2,15,1,50,2,9,3,4,7,9,1,10,2,11,,6,6,1,22,9,121.5627493,24.98514739
111,11,28,17,48,2,10文山區,文山區興隆路4段145巷與興隆路4段145巷23弄口,0,0,1,2,C03,8,3,5,30,4,1,1,5,4,5,7,4,4,5,5,5,2,15,1,28,3,10,3,4,7,9,1,10,2,14,,42,6,1,22,9,121.5627493,24.98514739