發生年度,發生月,發生日,發生時-Hours,發生分,處理別-編號,區序,肇事地點,死亡人數,2-30日死亡人數,受傷人數,當事人序號,車種,天候,光線,道路類別,速限-速度限制,道路型態,事故位置,路面狀況1,路面狀況2,路面狀況3,道路障礙1,道路障礙2,號誌1,號誌2,車道劃分-分向,車道劃分-分道1,車道劃分-分道2,車道劃分-分道3,事故類型及型態,性別,年齡,受傷程度,主要傷處,安全帽,行動電話,車輛用途,當事者行動狀態,駕駛資格情形,駕駛執照種類,飲酒情形,車輛撞擊部位1,車輛撞擊部位2,肇因碼-個別,肇因碼-主要,個人肇逃否,職業,旅次目的,座標-X,座標-Y
111,11,28,17,50,2,07信義區,信義區松勇路(松高路68號),0,0,1,1,G06,7,3,5,50,14,9,1,5,4,5,7,4,4,10,4,5,2,29,2,42,2,9,1,1,7,9,7,19,11,15,,43,43,1,22,9,121.5698145,25.03860316
111,11,28,17,50,2,07信義區,信義區松勇路(松高路68號),0,0,1,2,,7,3,5,50,14,9,1,5,4,5,7,4,4,10,4,5,2,29,3,,,,,,,,,,,,,67,43,1,,,121.5698145,25.03860316
111,11,28,18,0,2,03中山區,中山區中山北路2段62巷與中山北路2段62巷29弄口,0,0,1,1,C03,7,3,5,30,4,1,1,5,4,5,7,4,4,10,5,5,2,16,2,24,2,9,1,1,7,9,1,10,1,12,,6,6,1,22,9,121.5211589,25.0567131
111,11,28,18,0,2,03中山區,中山區中山北路2段62巷與中山北路2段62巷29弄口,0,0,1,2,B03,7,3,5,30,4,1,1,5,4,5,7,4,4,10,5,5,2,16,2,32,3,10,3,4,7,9,1,8,1,8,,23,6,1,22,9,121.5211589,25.0567131
111,11,28,18,16,2,03中山區,中山區松江路406號,0,0,2,1,F01,8,3,7,0,14,9,1,5,4,5,7,4,4,10,5,5,2,10,1,42,2,9,1,1,7,9,8,20,1,16,,23,5,1,22,9,121.5330636,25.06426091
111,11,28,18,16,2,03中山區,中山區松江路406號,0,0,2,2,F01,8,3,7,0,14,9,1,5,4,5,7,4,4,10,5,5,2,10,1,67,2,9,1,1,7,9,8,20,1,16,,23,5,1,22,9,121.5330636,25.06426091
111,11,28,18,30,2,03中山區,中山區建國高架道與長安東路2段口南往北上方,0,0,1,1,B03,8,3,5,70,10,9,1,5,4,5,7,4,4,1,4,5,2,13,2,36,2,3,3,4,7,9,1,8,2,1,,23,23,1,22,9,121.5367951,25.05119052
111,11,28,18,30,2,03中山區,中山區建國高架道與長安東路2段口南往北上方,0,0,1,2,B02,8,3,5,70,10,9,1,5,4,5,7,4,4,1,4,5,2,13,1,25,3,10,3,4,7,14,1,4,2,3,,44,23,1,22,9,121.5367951,25.05119052
111,11,28,18,30,2,03中山區,中山區建國高架道與長安東路2段口南往北上方,0,0,1,3,,8,3,5,70,10,9,1,5,4,5,7,4,4,1,4,5,2,13,3,,,,,,,,,,,,,67,23,1,,,121.5367951,25.05119052
111,11,28,18,30,2,08士林區,士林區延平北路5段276巷1弄與延平北路5段276巷口,0,0,1,1,C03,8,3,5,30,3,1,1,5,4,5,3,4,4,10,5,5,2,17,1,59,2,7,1,4,7,5,1,10,11,11,,6,6,1,22,9,121.5100749,25.08530937
111,11,28,18,30,2,08士林區,士林區延平北路5段276巷1弄與延平北路5段276巷口,0,0,1,2,C03,8,3,5,30,3,1,1,5,4,5,3,4,4,10,5,5,2,17,1,22,3,10,1,4,7,9,1,10,11,12,,14,6,1,22,9,121.5100749,25.08530937
111,11,28,18,32,2,03中山區,中山區民權東路1段18巷與中山北路2段137巷口,0,0,1,1,F02,7,3,5,30,4,1,1,5,4,5,7,4,4,8,5,5,1,15,2,48,2,6,1,1,7,9,8,20,1,16,,26,4,1,22,9,121.5236366,25.06170794
111,11,28,18,32,2,03中山區,中山區民權東路1段18巷與中山北路2段137巷口,0,0,1,2,C03,7,3,5,30,4,1,1,5,4,5,7,4,4,8,5,5,1,15,1,18,3,10,3,4,7,9,1,10,1,14,,44,4,1,22,9,121.5236366,25.06170794
111,11,28,18,50,2,10文山區,文山區辛亥路5段120-1號,0,0,1,1,B12,8,3,5,50,14,9,1,5,4,5,7,4,4,1,4,5,2,13,1,64,3,10,1,1,7,1,1,8,2,15,,19,19,1,22,9,121.5522472,24.99746884
111,11,28,18,50,2,10文山區,文山區辛亥路5段120-1號,0,0,1,2,C03,8,3,5,50,14,9,1,5,4,5,7,4,4,1,4,5,2,13,2,50,3,10,1,1,7,9,1,10,2,13,,44,19,1,22,9,121.5522472,24.99746884
111,11,28,18,50,2,10文山區,文山區辛亥路5段120-1號,0,0,1,3,C03,8,3,5,50,14,9,1,5,4,5,7,4,4,1,4,5,2,13,1,49,2,9,1,1,7,9,1,10,2,11,,16,19,1,22,9,121.5522472,24.99746884
111,11,28,18,50,2,10文山區,文山區辛亥路5段120-1號,0,0,1,4,B12,8,3,5,50,14,9,1,5,4,5,7,4,4,1,4,5,2,13,2,41,3,10,1,1,7,9,1,8,2,5,,44,19,1,22,9,121.5522472,24.99746884
111,11,28,19,25,2,08士林區,士林區福林路與自祥街口,0,0,1,1,B03,8,3,5,50,3,1,1,5,4,5,7,2,1,4,4,5,2,11,1,56,3,10,3,4,7,5,1,8,1,8,,8,8,1,22,9,121.53292,25.0969684
111,11,28,19,25,2,08士林區,士林區福林路與自祥街口,0,0,1,2,C03,8,3,5,50,3,1,1,5,4,5,7,2,1,4,4,5,2,11,1,20,3,10,1,4,7,9,1,10,1,15,,26,8,1,22,9,121.53292,25.0969684
111,11,28,19,25,2,08士林區,士林區福林路與自祥街口,0,0,1,3,H02,8,3,5,50,3,1,1,5,4,5,7,2,1,4,4,5,2,11,2,20,2,8,1,5,7,20,8,20,10,16,,67,8,1,22,9,121.53292,25.0969684
111,11,28,19,36,2,05中正區,中正區衡陽路84號,0,0,1,1,B03,8,3,5,50,14,9,1,5,4,5,7,4,4,10,4,5,2,13,1,28,3,10,1,1,7,9,1,8,2,3,,44,44,1,22,9,121.5109528,25.04221453
111,11,28,19,36,2,05中正區,中正區衡陽路84號,0,0,1,2,C03,8,3,5,50,14,9,1,5,4,5,7,4,4,10,4,5,2,13,2,25,2,9,1,1,7,9,1,10,2,11,,16,44,1,22,9,121.5109528,25.04221453
111,11,28,20,7,2,01大同區,大同區民生西路與太原路口,0,0,2,1,C03,7,3,5,50,3,1,1,5,4,5,7,2,1,5,4,5,2,16,2,25,2,9,3,4,7,6,1,10,2,12,,9,7,1,22,9,121.5169549,25.05725139
111,11,28,20,7,2,01大同區,大同區民生西路與太原路口,0,0,2,2,C03,7,3,5,50,3,1,1,5,4,5,7,2,1,5,4,5,2,16,2,40,2,9,3,4,7,9,1,10,2,11,,44,7,1,22,9,121.5169549,25.05725139
111,11,28,20,20,2,05中正區,中正區羅斯福路4段與基隆路4段口,0,0,1,1,B01,8,3,5,50,5,1,1,5,4,5,7,1,1,1,4,5,2,12,1,36,3,10,1,1,7,5,1,4,1,8,,8,8,1,22,9,121.5369479,25.0112738
111,11,28,20,20,2,05中正區,中正區羅斯福路4段與基隆路4段口,0,0,1,2,C03,8,3,5,50,5,1,1,5,4,5,7,1,1,1,4,5,2,12,1,44,2,9,1,1,7,9,1,10,1,14,,13,8,1,22,9,121.5369479,25.0112738
111,11,28,20,42,2,03中山區,中山區玉門街1號,0,0,1,1,B03,7,3,5,50,14,9,1,5,4,5,7,4,4,4,1,4,1,17,2,57,3,10,3,4,7,5,1,8,11,6,,8,43,2,22,9,121.5203757,25.06853078
111,11,28,20,42,2,03中山區,中山區玉門街1號,0,0,1,2,C03,7,3,5,50,14,9,1,5,4,5,7,4,4,4,1,4,1,17,1,18,2,8,3,4,7,9,1,10,1,11,,44,43,1,22,9,121.5203757,25.06853078
111,11,28,21,5,2,12內湖區,內湖區陽光街與陽光街92巷口,0,0,2,1,C03,8,3,5,30,4,1,1,5,4,5,7,2,1,5,4,5,2,15,2,47,2,9,1,1,7,9,1,10,1,14,,25,25,1,22,9,121.5851992,25.07504033
111,11,28,21,5,2,12內湖區,內湖區陽光街與陽光街92巷口,0,0,2,2,C03,8,3,5,30,4,1,1,5,4,5,7,2,1,5,4,5,2,15,1,33,2,7,1,1,7,9,1,10,1,11,,44,25,1,22,9,121.5851992,25.07504033
111,11,28,21,23,2,02萬華區,萬華區環河快速道路與環河快速道路口往南(桂林路匝道),0,0,1,1,B02,8,3,5,60,10,16,1,5,4,3,7,4,4,10,5,5,2,17,4,,4,11,3,4,7,15,7,19,11,15,,43,43,2,22,9,121.4998782,25.04228062
111,11,28,21,23,2,02萬華區,萬華區環河快速道路與環河快速道路口往南(桂林路匝道),0,0,1,2,C02,8,3,5,60,10,16,1,5,4,3,7,4,4,10,5,5,2,17,1,21,2,9,3,4,7,9,4,10,1,11,,23,43,1,22,9,121.4998782,25.04228062
111,11,28,21,23,2,02萬華區,萬華區環河快速道路與環河快速道路口往南(桂林路匝道),0,0,1,3,B03,8,3,5,60,10,16,1,5,4,3,7,4,4,10,5,5,2,17,1,37,3,10,3,4,7,15,1,8,1,3,,44,43,1,22,9,121.4998782,25.04228062
111,11,28,21,41,2,05中正區,中正區忠孝東路1段與紹興北街口,0,0,1,1,B01,8,3,5,50,4,2,1,5,4,5,7,1,1,1,4,1,2,16,1,56,3,10,1,1,7,8,1,4,1,2,,7,7,1,22,9,121.5250806,25.04447374
111,11,28,21,41,2,05中正區,中正區忠孝東路1段與紹興北街口,0,0,1,2,C03,8,3,5,50,4,2,1,5,4,5,7,1,1,1,4,1,2,16,1,25,2,9,1,1,7,9,1,10,1,14,,44,7,1,22,9,121.5250806,25.04447374
111,11,28,22,24,2,06松山區,松山區南京東路5段與南京東路5段250巷口,0,0,1,1,B03,8,3,5,50,4,1,1,5,4,5,7,2,1,3,4,5,2,16,1,62,3,10,1,1,7,5,3,18,1,6,,8,8,1,22,9,121.5661241,25.05129353
111,11,28,22,24,2,06松山區,松山區南京東路5段與南京東路5段250巷口,0,0,1,2,C03,8,3,5,50,4,1,1,5,4,5,7,2,1,3,4,5,2,16,1,32,2,9,1,1,7,9,1,10,1,11,,44,8,1,22,9,121.5661241,25.05129353
111,11,28,23,26,2,07信義區,信義區松平路78號,0,0,1,1,F02,8,1,5,0,14,9,1,5,4,5,7,4,4,5,5,5,1,17,1,58,3,10,3,4,7,5,8,20,2,16,,8,43,1,22,9,121.5663448,25.030429
111,11,28,23,26,2,07信義區,信義區松平路78號,0,0,1,2,C03,8,1,5,0,14,9,1,5,4,5,7,4,4,5,5,5,1,17,2,23,2,9,3,4,7,9,1,10,2,11,,23,43,1,22,9,121.5663448,25.030429
111,11,29,0,40,2,04大安區,大安區基隆路2段與通化街171巷口,0,0,1,1,B03,8,3,5,50,4,1,1,5,4,5,7,1,1,1,4,5,2,3,4,,4,11,3,4,7,15,7,19,11,15,,43,43,2,22,9,121.555868,25.0274054
111,11,29,0,40,2,04大安區,大安區基隆路2段與通化街171巷口,0,0,1,2,H01,8,3,5,50,4,1,1,5,4,5,7,1,1,1,4,5,2,3,1,31,2,9,4,5,8,16,8,20,10,16,,67,43,1,22,9,121.555868,25.0274054
111,11,29,6,40,2,03中山區,中山區民族東路與新生北路3段口,0,0,2,1,C03,8,1,5,50,4,1,1,5,4,5,7,1,1,5,4,5,2,17,1,58,2,8,2,1,7,9,3,18,1,12,,25,25,1,22,9,121.5280415,25.0682661
111,11,29,6,40,2,03中山區,中山區民族東路與新生北路3段口,0,0,2,2,C03,8,1,5,50,4,1,1,5,4,5,7,1,1,5,4,5,2,17,1,47,3,10,1,1,7,5,1,9,1,14,,25,25,1,22,9,121.5280415,25.0682661
111,11,29,6,40,2,03中山區,中山區民族東路與新生北路3段口,0,0,2,3,H02,8,1,5,50,4,1,1,5,4,5,7,1,1,5,4,5,2,17,2,35,2,8,1,5,7,20,8,20,10,16,,67,25,1,22,9,121.5280415,25.0682661
111,11,29,7,45,2,06松山區,松山區東興路17號,0,0,1,1,C03,8,1,5,50,14,9,1,5,4,5,7,2,1,9,4,5,2,13,2,50,2,8,1,1,7,9,1,10,1,11,,23,23,1,22,9,121.5654238,25.0500291
111,11,29,7,45,2,06松山區,松山區東興路17號,0,0,1,2,B03,8,1,5,50,14,9,1,5,4,5,7,2,1,9,4,5,2,13,1,45,3,10,1,1,7,14,1,8,1,7,,44,23,1,22,9,121.5654238,25.0500291
111,11,29,7,50,2,04大安區,大安區復興南路2段173號,0,0,1,1,B03,8,1,5,50,14,9,1,5,4,5,7,4,4,10,5,5,2,16,1,47,3,10,1,1,7,6,1,8,2,4,,6,6,1,22,9,121.5435615,25.02730628
111,11,29,7,50,2,04大安區,大安區復興南路2段173號,0,0,1,2,C03,8,1,5,50,14,9,1,5,4,5,7,4,4,10,5,5,2,16,1,40,2,9,1,1,7,9,1,10,2,11,,44,6,1,22,9,121.5435615,25.02730628
111,11,29,7,51,2,12內湖區,內湖區民權東路6段99號,0,0,2,1,F01,8,1,5,0,14,20,4,5,4,5,7,4,4,10,5,5,2,10,1,16,2,9,1,1,7,9,8,20,1,16,,23,23,1,22,9,121.5890278,25.06916715
111,11,29,7,51,2,12內湖區,內湖區民權東路6段99號,0,0,2,2,F01,8,1,5,0,14,20,4,5,4,5,7,4,4,10,5,5,2,10,2,44,2,9,1,1,7,9,8,20,1,16,,23,23,1,22,9,121.5890278,25.06916715
111,11,29,7,58,2,06松山區,松山區濱江街373號對面,0,0,1,1,B03,8,1,5,40,14,8,1,5,4,5,7,4,4,1,3,4,2,12,1,36,3,10,1,1,7,13,1,8,1,4,,40,40,1,22,9,121.5522452,25.07215999
111,11,29,7,58,2,06松山區,松山區濱江街373號對面,0,0,1,2,C03,8,1,5,40,14,8,1,5,4,5,7,4,4,1,3,4,2,12,1,29,2,9,1,1,7,9,1,10,1,11,,23,40,1,22,9,121.5522452,25.07215999
111,11,29,8,5,2,05中正區,中正區重慶南路3段117號,0,0,1,1,B03,8,1,5,50,14,9,1,5,4,5,7,1,1,1,4,5,2,12,2,49,3,10,1,1,7,9,1,8,2,5,,23,42,1,22,9,121.5162583,25.0259392
111,11,29,8,5,2,05中正區,中正區重慶南路3段117號,0,0,1,2,C03,8,1,5,50,14,9,1,5,4,5,7,1,1,1,4,5,2,12,2,31,2,8,1,1,7,10,1,10,2,13,,7,42,1,22,9,121.5162583,25.0259392
111,11,29,8,30,2,02萬華區,萬華區開封街2段與環河南路1段口,0,0,2,1,C03,8,1,5,50,3,1,1,5,4,5,7,1,1,5,4,5,2,16,1,35,2,9,1,1,7,5,1,10,2,11,,25,25,1,22,9,121.5044466,25.04726163
111,11,29,8,30,2,02萬華區,萬華區開封街2段與環河南路1段口,0,0,2,2,C03,8,1,5,50,3,1,1,5,4,5,7,1,1,5,4,5,2,16,1,24,2,9,1,1,7,9,1,10,2,11,,4,25,1,22,9,121.5044466,25.04726163
111,11,29,8,30,2,07信義區,信義區基隆路1段35巷5弄18號,0,0,1,2,H01,8,1,5,30,14,9,1,5,4,5,7,4,4,10,5,5,2,9,1,45,2,8,4,5,8,20,8,20,10,16,,67,19,1,22,9,121.5698451,25.04844178
111,11,29,8,30,2,07信義區,信義區基隆路1段35巷5弄18號,0,0,1,1,C03,8,1,5,30,14,9,1,5,4,5,7,4,4,10,5,5,2,9,1,22,3,10,1,1,7,1,1,10,11,11,,19,19,2,22,9,121.5698451,25.04844178
111,11,29,8,38,2,07信義區,信義區忠孝東路5段781號,0,0,1,1,C03,8,1,5,50,14,9,1,5,4,5,7,2,1,1,4,5,2,13,1,36,3,10,1,1,7,9,1,10,1,11,,43,43,1,22,8,121.5814865,25.04365394
111,11,29,8,38,2,07信義區,信義區忠孝東路5段781號,0,0,1,2,C03,8,1,5,50,14,9,1,5,4,5,7,2,1,1,4,5,2,13,1,37,2,7,1,1,7,9,1,10,1,13,,43,43,1,22,8,121.5814865,25.04365394
111,11,29,8,44,2,04大安區,大安區基隆路3段(和平高中站),0,0,2,1,C03,8,1,5,50,14,9,1,5,4,5,7,4,4,1,4,5,1,13,2,52,3,10,3,4,7,9,1,10,1,13,,44,44,1,22,9,121.5476431,25.01979003
111,11,29,8,44,2,04大安區,大安區基隆路3段(和平高中站),0,0,2,2,C03,8,1,5,50,14,9,1,5,4,5,7,4,4,1,4,5,1,13,1,40,3,10,3,4,7,9,1,10,1,11,,16,44,1,22,9,121.5476431,25.01979003
111,11,29,8,44,2,04大安區,大安區基隆路3段(和平高中站),0,0,2,3,C03,8,1,5,50,14,9,1,5,4,5,7,4,4,1,4,5,1,13,2,24,2,9,3,4,7,9,1,10,1,11,,16,44,1,22,9,121.5476431,25.01979003
111,11,29,8,44,2,04大安區,大安區基隆路3段(和平高中站),0,0,2,4,C03,8,1,5,50,14,9,1,5,4,5,7,4,4,1,4,5,1,13,2,36,2,9,3,4,7,9,1,10,1,11,,16,44,1,22,9,121.5476431,25.01979003
111,11,29,8,48,2,11南港區,南港區研究院路4段196號附近(第12號燈桿前),0,0,1,1,C03,8,1,5,30,11,9,1,4,4,5,7,4,4,5,5,5,1,18,1,35,2,9,1,4,7,9,1,10,1,14,,43,43,1,22,9,121.5840985,25.0139046
111,11,29,8,48,2,11南港區,南港區研究院路4段196號附近(第12號燈桿前),0,0,1,2,,8,1,5,30,11,9,1,4,4,5,7,4,4,5,5,5,1,18,3,,,,,,,,,,,,,67,43,1,,,121.5840985,25.0139046
111,11,29,8,50,2,04大安區,大安區八德路2段13號,0,0,1,1,C03,8,1,5,50,14,9,1,5,4,5,7,4,4,4,1,5,1,13,1,40,2,7,1,1,7,12,1,10,1,13,,16,44,1,22,9,121.5335516,25.0445073
111,11,29,8,50,2,04大安區,大安區八德路2段13號,0,0,1,2,A02,8,1,5,50,14,9,1,5,4,5,7,4,4,4,1,5,1,13,1,46,3,10,1,1,7,7,1,2,1,1,,23,44,1,22,9,121.5335516,25.0445073
111,11,29,9,14,2,03中山區,中山區中山北路1段85號,0,0,1,1,A02,8,1,5,50,14,9,1,5,4,5,7,4,4,5,4,5,2,17,4,,4,11,3,4,7,15,7,19,11,15,,43,43,2,22,9,121.522085,25.0506535
111,11,29,9,14,2,03中山區,中山區中山北路1段85號,0,0,1,2,C03,8,1,5,50,14,9,1,5,4,5,7,4,4,5,4,5,2,17,1,32,2,9,1,1,7,9,1,10,1,14,,13,43,1,22,9,121.522085,25.0506535
111,11,29,9,15,2,07信義區,信義區市民大道5段275號附近側附近,0,0,1,1,B01,8,1,5,40,14,9,1,5,4,5,7,4,4,1,4,5,2,16,1,34,3,10,1,1,7,11,1,4,1,5,,10,10,1,22,9,121.5686155,25.0489186
111,11,29,9,15,2,07信義區,信義區市民大道5段275號附近側附近,0,0,1,2,C03,8,1,5,40,14,9,1,5,4,5,7,4,4,1,4,5,2,16,1,25,2,8,1,1,7,9,1,10,1,11,,13,10,1,22,9,121.5686155,25.0489186
111,11,29,9,19,2,12內湖區,內湖區民權東路6段與成功路5段口,0,0,1,1,B03,8,1,5,50,4,1,1,5,4,5,7,1,1,1,5,5,2,17,1,54,3,10,1,1,7,5,1,8,1,2,,25,25,1,22,9,121.6056981,25.07338614
111,11,29,9,19,2,12內湖區,內湖區民權東路6段與成功路5段口,0,0,1,2,B03,8,1,5,50,4,1,1,5,4,5,7,1,1,1,5,5,2,17,1,43,2,7,1,1,7,9,1,8,1,5,,13,25,1,22,9,121.6056981,25.07338614
111,11,29,9,30,2,03中山區,中山區農安街與松江路口,0,0,1,1,B03,8,1,5,50,4,1,1,5,4,5,7,2,1,1,4,5,2,17,1,68,3,10,1,1,7,5,1,8,2,8,,6,6,1,22,9,121.533203,25.0646841
111,11,29,9,30,2,03中山區,中山區農安街與松江路口,0,0,1,2,F01,8,1,5,50,4,1,1,5,4,5,7,2,1,1,4,5,2,17,2,69,2,9,1,1,7,11,8,20,2,16,,26,6,1,22,9,121.533203,25.0646841
111,11,29,9,46,2,04大安區,大安區金華街70號對面,0,0,1,1,C03,8,1,5,50,15,9,1,5,4,5,7,4,4,9,4,5,2,16,1,85,3,10,1,4,4,5,1,10,1,14,,8,8,1,22,9,121.5243281,25.0305311
111,11,29,9,46,2,04大安區,大安區金華街70號對面,0,0,1,2,C03,8,1,5,50,15,9,1,5,4,5,7,4,4,9,4,5,2,16,1,32,2,9,1,4,7,4,1,10,1,11,,13,8,1,22,9,121.5243281,25.0305311
111,11,29,9,46,2,05中正區,中正區中山南路與仁愛路1段口,0,0,1,1,C03,8,1,5,50,14,9,1,5,4,5,7,4,4,9,4,5,1,16,2,30,2,8,1,1,7,7,1,10,2,14,,7,7,1,21,1,121.5179638,25.0396275
111,11,29,9,46,2,05中正區,中正區中山南路與仁愛路1段口,0,0,1,2,B03,8,1,5,50,14,9,1,5,4,5,7,4,4,9,4,5,1,16,1,46,3,10,1,1,7,9,1,8,2,5,,44,7,1,1,1,121.5179638,25.0396275
111,11,29,9,50,2,05中正區,中正區杭州南路1段101巷與仁愛路2段8巷口口,0,0,1,1,B01,8,1,5,30,4,1,1,5,4,5,7,4,4,10,5,5,2,15,1,60,3,10,1,1,7,9,1,4,2,7,,6,6,1,22,9,121.5258187,25.03780838
111,11,29,9,50,2,05中正區,中正區杭州南路1段101巷與仁愛路2段8巷口口,0,0,1,2,C04,8,1,5,30,4,1,1,5,4,5,7,4,4,10,5,5,2,15,2,21,2,9,1,1,7,9,1,10,2,11,,23,6,1,22,9,121.5258187,25.03780838
111,11,29,10,0,2,06松山區,松山區民生東路5段與光復北路口,0,0,1,1,B12,8,1,5,50,4,2,1,5,4,5,7,1,1,4,5,4,2,13,1,70,3,10,1,1,7,6,1,7,1,5,,23,23,1,22,9,121.5552367,25.05837065
111,11,29,10,0,2,06松山區,松山區民生東路5段與光復北路口,0,0,1,2,C03,8,1,5,50,4,2,1,5,4,5,7,1,1,4,5,4,2,13,1,34,2,9,1,1,7,12,1,10,1,13,,44,23,1,22,9,121.5552367,25.05837065
111,11,29,10,8,2,03中山區,中山區南京東路3段32號,0,0,1,1,C03,8,1,5,50,14,9,1,5,4,5,7,4,4,1,4,5,2,13,1,20,2,8,1,1,7,9,1,10,1,11,,16,23,1,22,9,121.5381534,25.05188907
111,11,29,10,8,2,03中山區,中山區南京東路3段32號,0,0,1,2,B03,8,1,5,50,14,9,1,5,4,5,7,4,4,1,4,5,2,13,1,42,3,10,1,1,7,9,1,8,1,3,,44,23,1,22,9,121.5381534,25.05188907
111,11,29,10,8,2,03中山區,中山區南京東路3段32號,0,0,1,3,B01,8,1,5,50,14,9,1,5,4,5,7,4,4,1,4,5,2,13,1,61,3,10,1,1,7,1,1,4,1,15,,19,23,1,22,9,121.5381534,25.05188907
111,11,29,10,30,2,07信義區,信義區信安街60號,0,0,1,1,B02,8,1,5,30,14,9,1,5,4,5,7,4,4,10,5,5,2,17,1,40,3,10,1,1,7,15,1,8,2,6,,23,42,1,22,9,121.5575783,25.02645436
111,11,29,10,30,2,07信義區,信義區信安街60號,0,0,1,2,C03,8,1,5,30,14,9,1,5,4,5,7,4,4,10,5,5,2,17,2,48,2,9,1,1,7,9,1,10,2,14,,42,42,1,22,9,121.5575783,25.02645436
111,11,29,10,39,2,01大同區,大同區承德路1段與承德路1段69巷口,0,0,1,1,C03,8,1,5,50,3,2,1,5,4,5,7,1,1,1,4,5,2,17,1,42,3,10,1,1,7,9,1,10,2,12,,16,16,1,22,9,121.5175243,25.0522182
111,11,29,10,39,2,01大同區,大同區承德路1段與承德路1段69巷口,0,0,1,2,C03,8,1,5,50,3,2,1,5,4,5,7,1,1,1,4,5,2,17,1,63,2,9,1,1,7,14,1,10,2,14,,44,16,1,22,9,121.5175243,25.0522182
111,11,29,10,42,2,04大安區,大安區信義路4段197號前公車專用車道,0,0,1,1,,8,1,5,40,14,10,1,5,4,5,7,2,1,4,3,3,1,17,4,,4,11,3,4,7,15,7,19,11,15,,43,61,2,22,9,121.5515346,25.03323013
111,11,29,10,42,2,04大安區,大安區信義路4段197號前公車專用車道,0,0,1,2,A02,8,1,5,40,14,10,1,5,4,5,7,2,1,4,3,3,1,17,1,58,3,10,1,1,7,12,1,2,1,15,,42,61,1,10,4,121.5515346,25.03323013
111,11,29,10,42,2,04大安區,大安區信義路4段197號前公車專用車道,0,0,1,3,H02,8,1,5,40,14,10,1,5,4,5,7,2,1,4,3,3,1,17,2,59,2,2,3,1,7,17,8,20,10,16,,60,61,1,20,8,121.5515346,25.03323013
111,11,29,10,50,2,08士林區,士林區德行東路與德行東路203巷口,0,0,1,1,B03,8,1,5,50,4,1,1,5,4,5,7,4,4,10,4,5,1,11,2,46,3,10,1,1,7,11,1,8,1,5,,10,10,1,22,9,121.5321785,25.10903457
111,11,29,10,50,2,08士林區,士林區德行東路與德行東路203巷口,0,0,1,2,C03,8,1,5,50,4,1,1,5,4,5,7,4,4,10,4,5,1,11,1,61,2,9,1,1,7,9,6,10,1,11,,23,10,1,22,9,121.5321785,25.10903457
111,11,29,10,50,2,09北投區,北投區明德路309號,0,0,2,1,C03,8,1,5,50,14,9,1,5,4,5,7,4,4,9,4,5,1,12,1,22,3,10,1,1,7,11,1,10,1,11,,10,10,1,22,9,121.5207559,25.11536977
111,11,29,10,50,2,09北投區,北投區明德路309號,0,0,2,2,C03,8,1,5,50,14,9,1,5,4,5,7,4,4,9,4,5,1,12,2,23,2,9,1,1,7,9,1,10,1,12,,43,10,1,22,9,121.5207559,25.11536977
111,11,29,10,50,2,09北投區,北投區明德路309號,0,0,2,3,H02,8,1,5,50,14,9,1,5,4,5,7,4,4,9,4,5,1,12,2,25,2,7,1,5,7,20,8,20,10,16,,67,10,1,22,9,121.5207559,25.11536977
111,11,29,11,15,2,04大安區,大安區和平東路1段與泰順街口,0,0,1,1,B03,8,1,5,50,4,1,1,5,4,5,7,1,1,1,5,5,1,11,1,78,3,10,1,1,7,6,1,8,1,1,,23,23,1,22,9,121.5315849,25.0261934
111,11,29,11,15,2,04大安區,大安區和平東路1段與泰順街口,0,0,1,2,F01,8,1,5,50,4,1,1,5,4,5,7,1,1,1,5,5,1,11,1,75,2,9,1,1,7,11,8,20,1,16,,26,23,1,22,9,121.5315849,25.0261934
111,11,29,11,40,2,05中正區,中正區中山南路與濟南路1段口,0,0,2,1,C03,8,1,5,50,3,2,1,5,4,5,7,1,1,1,4,5,2,17,1,38,2,9,1,1,7,6,1,9,2,12,,9,9,1,22,9,121.5190068,25.043125
111,11,29,11,40,2,05中正區,中正區中山南路與濟南路1段口,0,0,2,2,C03,8,1,5,50,3,2,1,5,4,5,7,1,1,1,4,5,2,17,1,21,2,9,1,1,7,9,1,10,2,14,,44,9,1,22,9,121.5190068,25.043125
111,11,29,12,0,2,03中山區,中山區中原街與新生北路3段3巷口口,0,0,1,1,B03,8,1,5,30,4,2,1,5,4,5,7,4,4,9,4,5,2,16,2,43,3,10,3,4,7,6,1,8,1,1,,23,9,1,22,9,121.5289835,25.0630481
111,11,29,12,0,2,03中山區,中山區中原街與新生北路3段3巷口口,0,0,1,2,F01,8,1,5,30,4,2,1,5,4,5,7,4,4,9,4,5,2,16,2,66,2,1,1,1,7,11,8,20,1,16,,11,9,1,19,9,121.5289835,25.0630481
111,11,29,12,30,2,08士林區,士林區至誠路1段與雨農路口,0,0,1,1,B02,8,1,5,50,3,1,1,5,4,5,7,1,1,5,5,5,2,17,1,53,3,10,1,1,7,6,1,8,1,2,,9,9,1,22,9,121.5329311,25.10153173