發生年度,發生月,發生日,發生時-Hours,發生分,處理別-編號,區序,肇事地點,死亡人數,2-30日死亡人數,受傷人數,當事人序號,車種,天候,光線,道路類別,速限-速度限制,道路型態,事故位置,路面狀況1,路面狀況2,路面狀況3,道路障礙1,道路障礙2,號誌1,號誌2,車道劃分-分向,車道劃分-分道1,車道劃分-分道2,車道劃分-分道3,事故類型及型態,性別,年齡,受傷程度,主要傷處,安全帽,行動電話,車輛用途,當事者行動狀態,駕駛資格情形,駕駛執照種類,飲酒情形,車輛撞擊部位1,車輛撞擊部位2,肇因碼-個別,肇因碼-主要,個人肇逃否,職業,旅次目的,座標-X,座標-Y
111,11,29,12,30,2,08士林區,士林區至誠路1段與雨農路口,0,0,1,2,C03,8,1,5,50,3,1,1,5,4,5,7,1,1,5,5,5,2,17,1,27,2,3,1,1,7,9,1,10,1,14,,44,9,1,22,9,121.5329311,25.10153173
111,11,29,12,42,2,04大安區,大安區敦化南路1段223號前,0,0,1,1,B03,8,1,5,50,14,9,1,5,4,5,7,4,4,8,3,5,1,12,1,24,3,10,1,1,7,7,1,8,1,7,,7,7,1,2,3,121.5491204,25.04092806
111,11,29,12,42,2,04大安區,大安區敦化南路1段223號前,0,0,1,2,C03,8,1,5,50,14,9,1,5,4,5,7,4,4,8,3,5,1,12,1,28,2,8,1,1,7,9,1,10,1,11,,44,7,1,5,3,121.5491204,25.04092806
111,11,29,12,50,2,03中山區,中山區中山北路1段與中山北路1段135巷口,0,0,1,2,C03,8,1,5,0,3,2,1,5,4,5,7,1,1,1,4,5,2,17,2,25,2,9,1,1,7,9,1,10,1,11,,43,67,1,22,9,121.5225349,25.05176379
111,11,29,12,50,2,03中山區,中山區中山北路1段與中山北路1段135巷口,0,0,1,1,,8,1,5,0,3,2,1,5,4,5,7,1,1,1,4,5,2,17,4,,4,11,3,4,7,15,7,19,11,15,,43,67,2,22,9,121.5225349,25.05176379
111,11,29,13,0,2,07信義區,信義區市民大道6段250號,0,0,1,1,C04,8,1,5,40,14,9,1,5,4,5,7,2,1,10,4,5,2,13,2,20,2,7,1,1,7,9,1,10,1,12,,16,16,1,22,9,121.5775273,25.0489232
111,11,29,13,0,2,07信義區,信義區市民大道6段250號,0,0,1,2,C03,8,1,5,40,14,9,1,5,4,5,7,2,1,10,4,5,2,13,1,49,3,10,1,1,7,9,1,10,1,13,,44,16,1,22,9,121.5775273,25.0489232
111,11,29,13,0,2,07信義區,信義區市民大道6段250號,0,0,1,3,C03,8,1,5,40,14,9,1,5,4,5,7,2,1,10,4,5,2,13,2,26,3,10,1,1,7,9,1,10,1,13,,44,16,1,22,9,121.5775273,25.0489232
111,11,29,13,10,2,07信義區,信義區福德街251巷與福德街口,0,0,1,1,C03,8,1,5,50,4,1,1,5,4,5,7,2,1,10,5,5,2,17,1,61,3,10,1,1,7,5,1,10,1,15,,6,6,1,22,9,121.586014,25.0388829
111,11,29,13,10,2,07信義區,信義區福德街251巷與福德街口,0,0,1,2,C03,8,1,5,50,4,1,1,5,4,5,7,2,1,10,5,5,2,17,1,24,2,9,1,1,7,9,1,10,1,12,,13,6,1,22,9,121.586014,25.0388829
111,11,29,13,24,2,09北投區,北投區光明路161號,0,0,1,1,C03,8,1,5,50,14,9,1,5,4,5,7,4,4,10,4,5,1,13,1,69,2,8,1,1,7,9,1,10,9,12,,43,43,1,22,9,121.5027252,25.13528888
111,11,29,13,24,2,09北投區,北投區光明路161號,0,0,1,2,C03,8,1,5,50,14,9,1,5,4,5,7,4,4,10,4,5,1,13,1,64,3,10,1,1,7,12,1,10,9,13,,43,43,1,22,9,121.5027252,25.13528888
111,11,29,14,25,2,04大安區,大安區辛亥路3段往東(辛亥隧道前),0,0,1,1,C03,8,1,8,50,15,22,1,5,4,5,7,4,4,8,3,5,2,12,2,20,3,10,1,1,7,11,1,10,1,13,,10,10,1,22,9,121.5536449,25.0134071
111,11,29,14,25,2,04大安區,大安區辛亥路3段往東(辛亥隧道前),0,0,1,2,C03,8,1,8,50,15,22,1,5,4,5,7,4,4,8,3,5,2,12,1,45,2,9,1,1,7,9,1,10,1,11,,44,10,1,22,9,121.5536449,25.0134071
111,11,29,14,50,2,08士林區,士林區延平北路7段106巷與延平北路7段106巷94弄口,0,0,1,1,B12,8,1,5,30,3,1,1,5,4,5,7,4,4,10,5,5,2,16,1,56,3,10,3,1,7,6,1,8,2,4,,6,6,1,22,9,121.4962411,25.09914573
111,11,29,14,50,2,08士林區,士林區延平北路7段106巷與延平北路7段106巷94弄口,0,0,1,2,C03,8,1,5,30,3,1,1,5,4,5,7,4,4,10,5,5,2,16,1,23,2,9,3,4,7,9,1,10,2,12,,13,6,1,22,9,121.4962411,25.09914573
111,11,29,14,57,2,01大同區,大同區環河北路1段與鄭州路口,0,0,1,2,C03,7,1,5,40,4,1,1,5,4,5,7,2,1,4,3,5,2,17,1,42,2,9,3,4,7,6,1,10,9,15,,44,43,1,22,9,121.5066986,25.05089941
111,11,29,14,57,2,01大同區,大同區環河北路1段與鄭州路口,0,0,1,1,,7,1,5,40,4,1,1,5,4,5,7,2,1,4,3,5,2,17,4,,4,11,3,4,7,15,7,19,11,15,,43,43,2,22,9,121.5066986,25.05089941
111,11,29,15,7,2,03中山區,中山區北安路與敬業二路口,0,0,1,1,B03,8,1,5,50,3,1,1,5,4,5,7,4,4,4,3,4,2,16,2,28,3,10,3,4,7,6,1,8,2,8,,6,6,1,22,9,121.5548456,25.0849493
111,11,29,15,7,2,03中山區,中山區北安路與敬業二路口,0,0,1,2,C01,8,1,5,50,3,1,1,5,4,5,7,4,4,4,3,4,2,16,1,31,2,9,3,4,7,9,1,9,2,12,,14,6,1,22,9,121.5548456,25.0849493
111,11,29,15,10,2,11南港區,南港區研究院路1段173號對面,0,0,1,1,C03,8,1,5,50,14,9,1,5,4,5,7,4,4,1,3,5,2,16,2,22,2,9,1,1,7,9,1,10,1,12,,23,23,1,22,9,121.6155136,25.0500163
111,11,29,15,10,2,11南港區,南港區研究院路1段173號對面,0,0,1,2,B12,8,1,5,50,14,9,1,5,4,5,7,4,4,1,3,5,2,16,1,68,3,10,1,1,7,13,1,8,9,4,,44,23,1,22,9,121.6155136,25.0500163
111,11,29,15,15,2,08士林區,士林區華岡路15號,0,0,1,1,C03,8,1,5,30,14,9,1,5,4,5,7,4,4,10,5,5,1,16,1,21,3,10,1,1,7,5,1,10,1,14,,8,6,1,22,9,121.5432806,25.13826877
111,11,29,15,15,2,08士林區,士林區華岡路15號,0,0,1,2,C03,8,1,5,30,14,9,1,5,4,5,7,4,4,10,5,5,1,16,2,22,2,8,1,1,7,9,1,10,1,11,,23,6,1,22,9,121.5432806,25.13826877
111,11,29,15,35,2,04大安區,大安區延吉街137巷與延吉街口,0,0,1,1,C03,8,1,5,50,3,1,1,5,4,5,7,4,4,4,3,5,1,12,1,52,2,7,1,1,7,9,1,10,1,12,,4,1,1,22,9,121.5543462,25.0420152
111,11,29,15,35,2,04大安區,大安區延吉街137巷與延吉街口,0,0,1,2,B03,8,1,5,50,3,1,1,5,4,5,7,4,4,4,3,5,1,12,1,33,3,10,1,1,7,5,1,8,1,4,,44,1,1,22,9,121.5543462,25.0420152
111,11,29,15,49,2,03中山區,中山區錦州街與錦州街30巷口,0,0,3,1,C03,8,1,5,30,3,1,1,5,4,3,5,4,4,5,5,5,2,17,1,38,2,9,1,1,7,5,1,10,1,14,,6,6,1,22,9,121.5247826,25.0602999
111,11,29,15,49,2,03中山區,中山區錦州街與錦州街30巷口,0,0,3,2,C03,8,1,5,30,3,1,1,5,4,3,5,4,4,5,5,5,2,17,2,27,2,8,1,1,7,9,6,18,1,11,,14,6,1,22,9,121.5247826,25.0602999
111,11,29,15,49,2,03中山區,中山區錦州街與錦州街30巷口,0,0,3,3,H02,8,1,5,30,3,1,1,5,4,3,5,4,4,5,5,5,2,17,2,3,2,9,1,5,7,20,8,20,10,16,,67,6,1,22,9,121.5247826,25.0602999
111,11,29,15,49,2,03中山區,中山區錦州街與錦州街30巷口,0,0,3,4,B03,8,1,5,30,3,1,1,5,4,3,5,4,4,5,5,5,2,17,1,50,3,10,2,1,7,13,1,8,11,15,,38,6,1,22,9,121.5247826,25.0602999
111,11,29,16,0,2,05中正區,中正區愛國西路16號前,0,0,1,1,B03,8,1,5,50,14,8,1,5,4,5,7,4,4,1,4,5,2,13,1,34,3,10,1,1,7,9,1,8,1,1,,23,23,1,22,9,121.5120663,25.03513722
111,11,29,16,0,2,05中正區,中正區愛國西路16號前,0,0,1,2,B01,8,1,5,50,14,8,1,5,4,5,7,4,4,1,4,5,2,13,1,55,2,5,1,1,7,14,1,4,1,3,,44,23,1,22,9,121.5120663,25.03513722
111,11,29,16,0,2,05中正區,中正區愛國西路16號前,0,0,1,3,H02,8,1,5,50,14,8,1,5,4,5,7,4,4,1,4,5,2,13,2,45,4,11,4,5,7,20,8,20,10,16,,67,23,1,22,9,121.5120663,25.03513722
111,11,29,16,0,2,05中正區,中正區愛國西路16號前,0,0,1,4,H02,8,1,5,50,14,8,1,5,4,5,7,4,4,1,4,5,2,13,1,83,4,11,4,5,7,20,8,20,10,16,,67,23,1,22,9,121.5120663,25.03513722
111,11,29,16,5,2,12內湖區,內湖區行善路與行善路25巷口口,0,0,1,1,B03,8,1,5,30,3,1,1,5,4,3,5,4,4,9,5,5,2,17,1,31,3,10,1,1,7,5,1,8,1,8,,6,6,1,22,9,121.5768492,25.05721207
111,11,29,16,5,2,12內湖區,內湖區行善路與行善路25巷口口,0,0,1,2,C03,8,1,5,30,3,1,1,5,4,3,5,4,4,9,5,5,2,17,1,34,2,9,1,1,7,9,1,10,1,14,,14,6,1,22,9,121.5768492,25.05721207
111,11,29,16,5,2,12內湖區,內湖區行善路與行善路25巷口口,0,0,1,3,B03,8,1,5,30,3,1,1,5,4,3,5,4,4,9,5,5,2,17,1,72,3,10,1,1,7,14,1,8,1,15,,42,6,1,22,9,121.5768492,25.05721207
111,11,29,16,20,2,03中山區,中山區南京東路2段97號,0,0,1,1,C03,8,1,5,50,14,7,1,5,4,5,7,4,4,1,4,4,2,13,1,26,2,9,1,1,7,7,1,10,1,12,,16,16,1,22,9,121.5322175,25.0521318
111,11,29,16,20,2,03中山區,中山區南京東路2段97號,0,0,1,2,B12,8,1,5,50,14,7,1,5,4,5,7,4,4,1,4,4,2,13,1,47,3,10,3,4,7,9,1,8,1,7,,44,16,1,22,9,121.5322175,25.0521318
111,11,29,16,26,2,06松山區,松山區民生東路5段36巷與民生東路5段36巷4弄口,0,0,1,1,C01,8,1,5,30,3,1,1,5,4,5,7,4,4,1,4,5,2,11,1,39,3,10,1,1,7,9,1,9,2,11,,23,23,1,22,9,121.557077,25.05771305
111,11,29,16,26,2,06松山區,松山區民生東路5段36巷與民生東路5段36巷4弄口,0,0,1,2,F01,8,1,5,30,3,1,1,5,4,5,7,4,4,1,4,5,2,11,1,13,2,9,1,1,7,15,8,20,11,16,,26,23,1,22,9,121.557077,25.05771305
111,11,29,17,0,2,07信義區,信義區信義路4段與基隆路2段口,0,0,2,1,C04,8,1,5,50,4,2,1,5,4,5,7,1,1,3,4,5,2,18,2,19,2,9,1,1,7,9,1,11,1,12,,43,43,1,22,9,121.5593952,25.03295617
111,11,29,17,0,2,07信義區,信義區信義路4段與基隆路2段口,0,0,2,2,,8,1,5,50,4,2,1,5,4,5,7,1,1,3,4,5,2,18,3,,,,,,,,,,,,,67,43,1,,,121.5593952,25.03295617
111,11,29,17,0,2,07信義區,信義區信義路4段與基隆路2段口,0,0,2,3,H02,8,1,5,50,4,2,1,5,4,5,7,1,1,3,4,5,2,18,2,17,2,8,1,5,7,20,8,20,10,16,,67,43,1,22,9,121.5593952,25.03295617
111,11,29,17,9,2,04大安區,大安區忠孝東路4段315號,0,0,1,1,C04,8,1,5,50,14,9,1,5,4,5,7,4,4,1,4,5,2,13,2,34,2,8,1,1,7,9,1,10,1,11,,16,44,1,22,9,121.5558574,25.04149369
111,11,29,17,9,2,04大安區,大安區忠孝東路4段315號,0,0,1,2,B03,8,1,5,50,14,9,1,5,4,5,7,4,4,1,4,5,2,13,2,32,3,10,1,1,7,3,1,8,1,7,,44,44,1,22,9,121.5558574,25.04149369
111,11,29,17,24,2,08士林區,士林區天母北路17號,0,0,1,1,C03,8,3,5,50,14,9,1,5,4,5,7,4,4,10,4,5,1,3,1,69,4,11,3,4,7,15,7,19,11,15,,23,43,2,22,9,121.5263869,25.11958254
111,11,29,17,24,2,08士林區,士林區天母北路17號,0,0,1,2,H01,8,3,5,50,14,9,1,5,4,5,7,4,4,10,4,5,1,3,2,85,2,7,4,5,8,16,8,20,10,16,,51,43,1,22,9,121.5263869,25.11958254
111,11,29,17,30,2,05中正區,中正區汀州路1段244號前,0,0,2,1,C03,8,3,5,50,3,2,1,5,4,5,7,4,4,5,5,5,2,13,1,34,2,9,1,1,7,9,1,8,1,11,,16,23,1,22,9,121.5101168,25.0275069
111,11,29,17,30,2,05中正區,中正區汀州路1段244號前,0,0,2,2,C03,8,3,5,50,3,2,1,5,4,5,7,4,4,5,5,5,2,13,2,30,2,9,1,1,7,5,1,10,1,13,,44,23,1,22,9,121.5101168,25.0275069
111,11,29,17,40,2,12內湖區,內湖區民權東路6段與民權東路6段136巷口,0,0,1,1,B03,8,3,5,50,4,1,1,5,4,5,7,2,1,5,5,5,2,17,2,45,3,10,1,1,7,9,1,8,1,8,,43,23,1,22,9,121.5878416,25.06897828
111,11,29,17,40,2,12內湖區,內湖區民權東路6段與民權東路6段136巷口,0,0,1,2,C03,8,3,5,50,4,1,1,5,4,5,7,2,1,5,5,5,2,17,2,46,2,9,1,1,7,9,1,10,1,13,,43,23,1,22,9,121.5878416,25.06897828
111,11,29,17,42,2,12內湖區,內湖區成功路3段73號,0,0,1,1,C03,8,3,5,50,14,9,1,5,4,5,7,4,4,1,4,5,2,12,2,25,2,8,1,1,7,8,1,10,1,12,,7,7,1,22,9,121.5899406,25.07770833
111,11,29,17,42,2,12內湖區,內湖區成功路3段73號,0,0,1,2,C03,8,3,5,50,14,9,1,5,4,5,7,4,4,1,4,5,2,12,1,74,3,10,1,1,7,1,1,10,1,11,,19,7,1,22,9,121.5899406,25.07770833
111,11,29,17,46,2,02萬華區,萬華區西園路2段與西藏路口,0,0,1,1,C03,8,3,5,50,4,1,1,5,4,5,7,1,1,1,4,5,2,11,1,39,2,8,1,1,7,9,1,10,1,12,,25,25,1,22,9,121.4955919,25.02874495
111,11,29,17,46,2,02萬華區,萬華區西園路2段與西藏路口,0,0,1,2,B12,8,3,5,50,4,1,1,5,4,5,7,1,1,1,4,5,2,11,1,56,3,10,1,1,7,5,1,8,1,6,,44,25,1,22,9,121.4955919,25.02874495
111,11,29,17,48,2,05中正區,中正區思源街1號,0,0,1,3,C03,8,3,5,50,11,9,1,5,4,5,7,4,4,3,4,5,2,29,4,,,,,,,,,,11,,,44,43,1,,,121.5311239,25.014162
111,11,29,17,48,2,05中正區,中正區思源街1號,0,0,1,4,C03,8,3,5,50,11,9,1,5,4,5,7,4,4,3,4,5,2,29,4,,,,,,,,,,11,,,44,43,1,,,121.5311239,25.014162
111,11,29,17,48,2,05中正區,中正區思源街1號,0,0,1,5,C03,8,3,5,50,11,9,1,5,4,5,7,4,4,3,4,5,2,29,4,,,,,,,,,,11,,,44,43,1,,,121.5311239,25.014162
111,11,29,17,48,2,05中正區,中正區思源街1號,0,0,1,6,C03,8,3,5,50,11,9,1,5,4,5,7,4,4,3,4,5,2,29,4,,,,,,,,,,11,,,44,43,1,,,121.5311239,25.014162
111,11,29,17,48,2,05中正區,中正區思源街1號,0,0,1,7,C03,8,3,5,50,11,9,1,5,4,5,7,4,4,3,4,5,2,29,4,,,,,,,,,,11,,,44,43,1,,,121.5311239,25.014162
111,11,29,17,48,2,05中正區,中正區思源街1號,0,0,1,1,C03,8,3,5,50,11,9,1,5,4,5,7,4,4,3,4,5,2,29,1,59,2,9,1,1,7,9,1,10,2,11,14,23,43,1,22,9,121.5311239,25.014162
111,11,29,17,48,2,05中正區,中正區思源街1號,0,0,1,2,C03,8,3,5,50,11,9,1,5,4,5,7,4,4,3,4,5,2,29,4,,,,,,,,,,11,,,44,43,1,,,121.5311239,25.014162
111,11,29,17,54,2,07信義區,信義區嘉興街233號,0,0,1,1,C03,6,3,5,30,14,9,1,4,4,5,7,4,4,9,5,5,1,16,1,62,3,10,3,4,7,9,1,10,2,12,,17,17,1,22,9,121.5560139,25.0253716
111,11,29,17,54,2,07信義區,信義區嘉興街233號,0,0,1,2,C04,6,3,5,30,14,9,1,4,4,5,7,4,4,9,5,5,1,16,2,64,2,9,3,4,7,9,1,11,2,14,,44,17,1,22,9,121.5560139,25.0253716
111,11,29,18,7,2,07信義區,信義區基隆路車行地下道,0,0,4,1,B01,8,3,5,50,14,9,4,5,4,5,7,4,4,1,1,5,2,13,1,44,3,10,1,1,7,9,1,4,1,1,,16,16,1,22,9,121.5629585,25.0386891
111,11,29,18,7,2,07信義區,信義區基隆路車行地下道,0,0,4,2,B03,8,3,5,50,14,9,4,5,4,5,7,4,4,1,1,5,2,13,1,29,2,2,1,1,7,15,1,8,1,3,,44,16,1,22,9,121.5629585,25.0386891
111,11,29,18,7,2,07信義區,信義區基隆路車行地下道,0,0,4,3,H02,8,3,5,50,14,9,4,5,4,5,7,4,4,1,1,5,2,13,2,35,2,3,4,5,7,20,8,20,10,16,,67,16,1,22,9,121.5629585,25.0386891
111,11,29,18,7,2,07信義區,信義區基隆路車行地下道,0,0,4,4,H02,8,3,5,50,14,9,4,5,4,5,7,4,4,1,1,5,2,13,2,29,2,9,4,5,7,20,8,20,10,16,,67,16,1,22,9,121.5629585,25.0386891
111,11,29,18,7,2,07信義區,信義區基隆路車行地下道,0,0,4,5,H02,8,3,5,50,14,9,4,5,4,5,7,4,4,1,1,5,2,13,1,2,2,9,4,5,7,20,8,20,10,16,,67,16,1,22,9,121.5629585,25.0386891
111,11,29,18,13,2,11南港區,南港區南港路3段52號與南港路3段口(華南銀行),0,0,1,2,C03,7,3,5,50,3,1,1,5,4,5,7,4,4,4,3,5,2,16,1,26,2,8,1,1,7,9,1,10,1,11,,44,8,1,22,9,121.591582,25.0540578
111,11,29,18,13,2,11南港區,南港區南港路3段52號與南港路3段口(華南銀行),0,0,1,1,B12,7,3,5,50,3,1,1,5,4,5,7,4,4,4,3,5,2,16,1,50,3,10,1,1,7,5,1,8,1,5,,8,8,1,22,9,121.591582,25.0540578
111,11,29,18,17,2,05中正區,中正區羅斯福路4段56號,0,0,1,1,B03,8,3,5,50,14,9,1,5,4,5,7,4,4,3,4,5,2,17,2,24,3,10,1,1,7,8,1,8,1,2,,7,7,1,22,9,121.5339653,25.01498252
111,11,29,18,17,2,05中正區,中正區羅斯福路4段56號,0,0,1,2,C03,8,3,5,50,14,9,1,5,4,5,7,4,4,3,4,5,2,17,1,20,2,9,1,1,7,9,1,10,1,14,,44,7,1,22,9,121.5339653,25.01498252
111,11,29,18,17,2,07信義區,信義區基隆路2段與信義路4段口,0,0,1,1,C03,7,3,5,50,4,2,1,5,4,5,7,1,1,1,4,4,2,18,1,61,2,9,1,1,7,9,1,10,1,12,,42,43,1,22,9,121.5593415,25.0328052
111,11,29,18,17,2,07信義區,信義區基隆路2段與信義路4段口,0,0,1,2,,7,3,5,50,4,2,1,5,4,5,7,1,1,1,4,4,2,18,3,,,,,,,,,,,,,67,43,1,,,121.5593415,25.0328052
111,11,29,18,30,2,08士林區,士林區格致路與菁山路口,0,0,2,1,C03,8,1,5,40,3,1,1,5,4,5,7,2,1,4,5,5,1,17,1,22,2,9,1,1,7,5,1,10,1,14,,8,8,1,22,9,121.5464328,25.1383794
111,11,29,18,30,2,08士林區,士林區格致路與菁山路口,0,0,2,2,C03,8,1,5,40,3,1,1,5,4,5,7,2,1,4,5,5,1,17,1,19,3,10,1,1,7,9,1,10,1,12,,44,8,1,22,9,121.5464328,25.1383794
111,11,29,18,30,2,08士林區,士林區格致路與菁山路口,0,0,2,3,H02,8,1,5,40,3,1,1,5,4,5,7,2,1,4,5,5,1,17,2,20,2,9,1,1,7,20,8,20,10,16,,67,8,1,22,9,121.5464328,25.1383794
111,11,29,18,40,2,03中山區,中山區中山北路1段96巷口側附近,0,0,1,1,B01,7,3,5,50,14,9,1,5,4,5,7,4,4,10,4,5,2,12,1,55,3,10,1,1,7,8,1,4,1,5,,7,7,1,21,8,121.5212634,25.04940841
111,11,29,18,40,2,03中山區,中山區中山北路1段96巷口側附近,0,0,1,2,C03,7,3,5,50,14,9,1,5,4,5,7,4,4,10,4,5,2,12,1,21,2,9,1,1,7,9,1,10,1,14,,44,7,1,21,8,121.5212634,25.04940841
111,11,29,18,46,2,01大同區,大同區環河北路1段165號,0,0,1,1,B03,8,3,5,50,14,9,1,5,4,5,7,4,4,10,4,5,2,13,1,76,3,10,1,1,7,10,1,8,2,5,,7,16,1,22,9,121.507918,25.05524598
111,11,29,18,46,2,01大同區,大同區環河北路1段165號,0,0,1,2,C03,8,3,5,50,14,9,1,5,4,5,7,4,4,10,4,5,2,13,2,32,2,9,1,1,7,9,1,10,2,13,,44,16,1,22,9,121.507918,25.05524598
111,11,29,19,2,2,01大同區,大同區昌吉街139-1號,0,0,2,1,C03,8,3,5,50,14,9,1,5,4,5,7,4,4,9,4,5,2,3,1,74,2,9,1,1,7,9,1,10,2,11,,23,23,1,22,9,121.5096453,25.06585195
111,11,29,19,2,2,01大同區,大同區昌吉街139-1號,0,0,2,2,H01,8,3,5,50,14,9,1,5,4,5,7,4,4,9,4,5,2,3,2,68,2,9,4,5,8,16,8,20,10,16,,51,23,1,22,9,121.5096453,25.06585195
111,11,29,19,40,2,12內湖區,內湖區成功路2段與安康路口,0,0,1,1,B03,8,3,5,50,3,1,1,5,4,5,7,4,4,1,4,5,1,16,2,20,3,10,1,1,7,6,1,8,1,2,,9,9,1,22,9,121.5910576,25.06196056
111,11,29,19,40,2,12內湖區,內湖區成功路2段與安康路口,0,0,1,2,C03,8,3,5,50,3,1,1,5,4,5,7,4,4,1,4,5,1,16,1,19,2,9,1,1,7,9,1,10,1,14,,14,9,1,22,9,121.5910576,25.06196056
111,11,29,19,50,2,04大安區,大安區建國南路2段與信義路3段口南側迴轉道,0,0,2,1,C03,8,3,5,50,3,2,1,5,4,5,7,2,1,1,4,5,2,3,1,48,2,9,1,1,7,9,1,10,2,11,,15,15,1,22,9,121.5375026,25.0321903
111,11,29,19,50,2,04大安區,大安區建國南路2段與信義路3段口南側迴轉道,0,0,2,2,H01,8,3,5,50,3,2,1,5,4,5,7,2,1,1,4,5,2,3,1,68,2,9,4,5,8,16,8,20,10,16,,52,15,1,22,9,121.5375026,25.0321903
111,11,29,19,55,2,03中山區,中山區民生東路2段176號,0,0,1,2,C03,8,3,5,50,14,9,1,5,4,5,7,4,4,1,3,5,1,16,1,28,2,9,3,4,7,9,1,10,2,14,,26,7,1,22,9,121.5357658,25.0578801
111,11,29,19,55,2,03中山區,中山區民生東路2段176號,0,0,1,1,B12,8,3,5,50,14,9,1,5,4,5,7,4,4,1,3,5,1,16,1,24,3,10,3,4,7,8,1,8,2,5,,7,7,1,22,9,121.5357658,25.0578801
111,11,29,19,57,2,02萬華區,萬華區南寧路46號龍山國中前,0,0,2,1,B12,8,3,5,50,14,9,1,5,4,5,7,4,4,1,3,5,1,16,2,56,2,1,3,4,7,1,1,8,2,8,,19,43,1,22,9,121.5045475,25.03613482
111,11,29,19,57,2,02萬華區,萬華區南寧路46號龍山國中前,0,0,2,2,C03,8,3,5,50,14,9,1,5,4,5,7,4,4,1,3,5,1,16,1,42,2,9,3,4,7,9,1,10,2,12,,44,43,1,22,9,121.5045475,25.03613482
111,11,29,20,58,2,06松山區,松山區市民大道4段171號,0,0,1,1,C03,7,3,5,40,14,9,1,5,4,5,7,4,4,1,3,5,2,13,1,21,2,9,1,1,7,9,1,10,1,11,,23,23,1,22,9,121.5515325,25.04468238
111,11,29,20,58,2,06松山區,松山區市民大道4段171號,0,0,1,2,B01,7,3,5,40,14,9,1,5,4,5,7,4,4,1,3,5,2,13,1,50,3,10,1,1,7,14,1,4,1,7,,38,23,1,22,9,121.5515325,25.04468238
111,11,29,21,41,2,10文山區,文山區信義快速道路燈桿旁,0,0,4,1,B03,8,3,5,50,11,9,1,5,4,5,7,4,4,9,4,5,2,13,2,19,2,9,1,1,7,8,1,8,2,5,,23,13,1,22,9,121.5777602,25.00169239
111,11,29,21,41,2,10文山區,文山區信義快速道路燈桿旁,0,0,4,2,B03,8,3,5,50,11,9,1,5,4,5,7,4,4,9,4,5,2,13,2,28,2,9,1,1,7,9,1,8,2,7,,44,13,1,22,9,121.5777602,25.00169239
111,11,29,21,41,2,10文山區,文山區信義快速道路燈桿旁,0,0,4,3,H02,8,3,5,50,11,9,1,5,4,5,7,4,4,9,4,5,2,13,1,20,2,9,4,5,7,20,8,20,10,15,,67,13,1,22,9,121.5777602,25.00169239
111,11,29,21,41,2,10文山區,文山區信義快速道路燈桿旁,0,0,4,4,H02,8,3,5,50,11,9,1,5,4,5,7,4,4,9,4,5,2,13,1,19,2,9,4,5,7,20,8,20,10,15,,67,13,1,22,9,121.5777602,25.00169239
111,11,29,21,44,2,12內湖區,內湖區成功路2段與安康路口,0,0,1,1,C03,7,3,5,50,4,1,1,5,4,5,7,1,1,1,4,5,2,12,1,57,3,10,1,1,7,6,1,10,2,12,,9,9,1,22,9,121.5914726,25.06064746
111,11,29,21,44,2,12內湖區,內湖區成功路2段與安康路口,0,0,1,2,C03,7,3,5,50,4,1,1,5,4,5,7,1,1,1,4,5,2,12,2,32,2,9,1,1,7,9,1,10,2,11,,23,9,1,22,9,121.5914726,25.06064746
111,11,29,21,58,2,05中正區,中正區中華路2段319號,0,0,2,1,C03,8,3,5,50,14,8,1,5,4,5,7,4,4,9,4,4,2,17,2,26,2,9,1,1,7,1,1,10,2,13,,19,19,1,22,9,121.5062239,25.02768441
111,11,29,21,58,2,05中正區,中正區中華路2段319號,0,0,2,2,C03,8,3,5,50,14,8,1,5,4,5,7,4,4,9,4,4,2,17,1,57,2,9,1,1,7,9,1,10,2,11,,44,19,1,22,9,121.5062239,25.02768441
111,11,29,22,29,2,02萬華區,萬華區西藏路與艋舺大道口,0,0,2,1,C03,8,3,5,50,4,1,1,5,4,5,7,2,1,1,4,4,2,12,1,63,2,5,1,1,7,5,1,10,1,13,,26,8,1,22,9,121.4916369,25.0290745
111,11,29,22,29,2,02萬華區,萬華區西藏路與艋舺大道口,0,0,2,2,C03,8,3,5,50,4,1,1,5,4,5,7,2,1,1,4,4,2,12,1,17,2,9,1,1,7,9,2,18,1,11,,44,8,1,22,9,121.4916369,25.0290745
111,11,29,23,1,2,04大安區,大安區羅斯福路4段21號,0,0,2,1,C03,7,3,5,50,14,9,1,5,4,5,7,1,1,8,3,5,2,13,1,28,2,9,1,1,7,9,1,10,1,12,,23,23,1,22,9,121.5353015,25.0139682
111,11,29,23,1,2,04大安區,大安區羅斯福路4段21號,0,0,2,2,C03,7,3,5,50,14,9,1,5,4,5,7,1,1,8,3,5,2,13,1,23,2,7,1,1,7,14,1,10,1,14,,44,23,1,22,9,121.5353015,25.0139682
111,11,29,23,20,2,03中山區,中山區中山北路1段與南京東路1段口,0,0,1,1,C03,7,3,5,50,4,1,1,5,4,5,7,2,1,1,4,5,2,12,2,51,2,9,1,4,7,7,4,11,1,14,,7,7,1,22,9,121.5225958,25.0519206