發生年度,發生月,發生日,發生時-Hours,發生分,處理別-編號,區序,肇事地點,死亡人數,2-30日死亡人數,受傷人數,當事人序號,車種,天候,光線,道路類別,速限-速度限制,道路型態,事故位置,路面狀況1,路面狀況2,路面狀況3,道路障礙1,道路障礙2,號誌1,號誌2,車道劃分-分向,車道劃分-分道1,車道劃分-分道2,車道劃分-分道3,事故類型及型態,性別,年齡,受傷程度,主要傷處,安全帽,行動電話,車輛用途,當事者行動狀態,駕駛資格情形,駕駛執照種類,飲酒情形,車輛撞擊部位1,車輛撞擊部位2,肇因碼-個別,肇因碼-主要,個人肇逃否,職業,旅次目的,座標-X,座標-Y
111,11,29,23,20,2,03中山區,中山區中山北路1段與南京東路1段口,0,0,1,2,B03,7,3,5,50,4,1,1,5,4,5,7,2,1,1,4,5,2,12,2,43,3,10,3,4,7,9,1,8,1,5,,44,7,1,22,9,121.5225958,25.0519206
111,11,30,4,26,2,07信義區,信義區永吉路120巷與永吉路120巷80弄口,0,0,1,1,B01,8,3,5,50,4,1,1,5,4,5,7,4,4,9,4,5,2,11,1,55,3,10,1,1,7,5,1,4,2,5,,8,8,1,22,9,121.5701847,25.0426593
111,11,30,4,26,2,07信義區,信義區永吉路120巷與永吉路120巷80弄口,0,0,1,2,C03,8,3,5,50,4,1,1,5,4,5,7,4,4,9,4,5,2,11,1,38,2,9,1,1,7,9,1,10,2,11,,14,8,1,22,9,121.5701847,25.0426593
111,11,30,5,19,2,10文山區,文山區興隆路2段與景興路口,0,0,2,1,C03,8,3,5,50,4,1,1,5,4,5,7,2,1,1,4,5,2,16,1,34,2,9,1,1,7,5,1,10,2,11,,25,25,1,22,9,121.5445249,24.9985967
111,11,30,5,19,2,10文山區,文山區興隆路2段與景興路口,0,0,2,2,C03,8,3,5,50,4,1,1,5,4,5,7,2,1,1,4,5,2,16,1,35,2,9,1,1,7,9,6,10,2,11,,13,25,1,22,9,121.5445249,24.9985967
111,11,30,5,45,2,11南港區,南港區三重路與園區街口,0,0,1,1,B01,6,3,5,0,3,2,1,4,4,5,7,2,1,5,4,4,2,16,1,56,4,11,3,4,7,9,1,4,9,1,,43,43,1,22,9,121.61408,25.05797517
111,11,30,5,45,2,11南港區,南港區三重路與園區街口,0,0,1,2,C03,6,3,5,0,3,2,1,4,4,5,7,2,1,5,4,4,2,16,1,68,2,9,3,4,7,14,1,10,1,13,,43,43,1,22,9,121.61408,25.05797517
111,11,30,7,28,2,01大同區,大同區承德路3段與承德路3段122巷口,0,0,1,1,B01,7,1,5,50,4,1,1,5,4,5,7,2,1,1,1,5,2,16,1,55,3,10,1,1,7,5,1,4,2,5,,8,8,1,22,9,121.5182614,25.06729204
111,11,30,7,28,2,01大同區,大同區承德路3段與承德路3段122巷口,0,0,1,2,C03,7,1,5,50,4,1,1,5,4,5,7,2,1,1,1,5,2,16,1,18,2,9,1,1,7,9,1,10,2,11,,13,8,1,22,9,121.5182614,25.06729204
111,11,30,7,29,2,02萬華區,萬華區昆明街與內江街口,0,0,1,1,B12,7,1,5,50,4,1,1,5,4,5,7,1,1,9,4,5,1,12,1,67,3,10,1,1,7,7,1,8,1,8,,43,43,1,22,9,121.5045343,25.0414893
111,11,30,7,29,2,02萬華區,萬華區昆明街與內江街口,0,0,1,2,C03,7,1,5,50,4,1,1,5,4,5,7,1,1,9,4,5,1,12,1,25,2,9,1,1,7,9,1,10,1,12,,43,43,1,22,9,121.5045343,25.0414893
111,11,30,7,43,2,02萬華區,萬華區水源路與萬大路口,0,0,1,1,B03,8,1,5,40,4,1,1,5,4,5,7,1,1,8,3,4,1,17,1,33,3,10,1,1,7,6,1,8,1,2,,6,6,1,22,9,121.4958417,25.0167694
111,11,30,7,43,2,02萬華區,萬華區水源路與萬大路口,0,0,1,2,C03,8,1,5,40,4,1,1,5,4,5,7,1,1,8,3,4,1,17,1,52,2,9,1,1,7,9,1,10,1,11,,44,6,1,22,9,121.4958417,25.0167694
111,11,30,8,0,2,07信義區,信義區松高路與松智路口,0,0,1,1,C03,6,1,5,50,3,1,1,4,4,5,7,1,1,9,4,5,2,18,2,40,2,9,1,1,7,6,1,10,1,12,,43,9,1,22,9,121.5656739,25.0390799
111,11,30,8,0,2,07信義區,信義區松高路與松智路口,0,0,1,2,,6,1,5,50,3,1,1,4,4,5,7,1,1,9,4,5,2,18,3,,,,,,,,,,,,,67,9,1,,,121.5656739,25.0390799
111,11,30,8,15,2,12內湖區,內湖區成功路2段與石潭路口,0,0,2,1,C03,8,1,5,50,3,1,1,5,4,5,7,1,1,1,4,5,2,13,2,23,2,9,1,1,7,9,1,10,1,11,,16,16,1,22,9,121.5906507,25.06324728
111,11,30,8,15,2,12內湖區,內湖區成功路2段與石潭路口,0,0,2,2,C03,8,1,5,50,3,1,1,5,4,5,7,1,1,1,4,5,2,13,2,32,2,9,1,1,7,9,1,10,1,13,,44,16,1,22,9,121.5906507,25.06324728
111,11,30,8,22,2,08士林區,士林區芝玉路1段223巷與忠義街口,0,0,1,1,B03,8,1,5,30,4,1,1,5,4,5,7,1,1,10,5,5,2,17,1,70,3,10,1,1,7,6,1,8,1,2,,6,6,1,22,9,121.5327971,25.1086473
111,11,30,8,22,2,08士林區,士林區芝玉路1段223巷與忠義街口,0,0,1,2,C03,8,1,5,30,4,1,1,5,4,5,7,1,1,10,5,5,2,17,2,38,2,8,1,1,7,9,1,10,1,11,,44,6,1,22,9,121.5327971,25.1086473
111,11,30,8,23,2,06松山區,松山區南京東路3段348號,0,0,1,2,C04,7,1,5,50,14,7,1,5,4,5,7,2,1,1,4,4,2,12,1,27,2,8,1,1,7,9,1,10,1,11,,16,43,1,22,9,121.5485379,25.05163789
111,11,30,8,23,2,06松山區,松山區南京東路3段348號,0,0,1,1,C03,7,1,5,50,14,7,1,5,4,5,7,2,1,1,4,4,2,12,2,33,3,10,1,1,7,9,1,10,11,15,,44,,2,22,9,121.5485379,25.05163789
111,11,30,8,32,2,01大同區,大同區鄭州路與西寧北路口,0,0,1,1,B03,7,1,5,0,4,2,1,5,4,5,7,2,1,9,4,5,1,17,4,,4,11,3,4,7,15,7,19,11,15,,43,43,2,22,9,121.5082021,25.0506052
111,11,30,8,32,2,01大同區,大同區鄭州路與西寧北路口,0,0,1,2,C03,7,1,5,0,4,2,1,5,4,5,7,2,1,9,4,5,1,17,1,30,2,9,3,4,7,9,1,10,1,15,,23,43,1,22,9,121.5082021,25.0506052
111,11,30,8,36,2,06松山區,松山區慶城街16巷5號,0,0,1,1,H02,7,1,5,30,14,9,1,5,4,5,7,4,4,10,5,5,2,9,2,69,3,10,4,5,7,19,8,20,10,16,,56,56,1,22,9,121.5460363,25.05323931
111,11,30,8,36,2,06松山區,松山區慶城街16巷5號,0,0,1,2,B01,7,1,5,30,14,9,1,5,4,5,7,4,4,10,5,5,2,9,1,57,3,10,1,1,7,14,1,4,1,6,,38,56,1,22,9,121.5460363,25.05323931
111,11,30,8,36,2,06松山區,松山區慶城街16巷5號,0,0,1,3,C03,7,1,5,30,14,9,1,5,4,5,7,4,4,10,5,5,2,9,2,44,2,9,1,1,7,9,1,10,1,11,,44,56,1,22,9,121.5460363,25.05323931
111,11,30,8,36,2,06松山區,松山區慶城街16巷5號,0,0,1,4,B03,7,1,5,30,14,9,1,5,4,5,7,4,4,10,5,5,2,9,2,43,3,10,1,1,7,13,1,8,1,7,,44,56,1,22,9,121.5460363,25.05323931
111,11,30,8,42,2,03中山區,中山區龍江路與龍江路331巷口口,0,0,1,2,C03,8,1,5,50,3,1,1,5,4,5,7,4,4,9,4,5,2,16,1,17,2,8,1,1,7,9,2,18,1,14,,23,43,1,22,9,121.5409191,25.06291148
111,11,30,8,42,2,03中山區,中山區龍江路與龍江路331巷口口,0,0,1,1,C03,8,1,5,50,3,1,1,5,4,5,7,4,4,9,4,5,2,16,1,39,4,11,3,4,7,15,7,19,11,15,,4,43,2,22,9,121.5409191,25.06291148
111,11,30,8,45,2,11南港區,南港區經貿二路與經貿二路105巷口,0,0,1,1,C03,6,1,5,50,4,1,1,4,4,5,7,2,1,1,4,5,1,12,1,19,3,10,1,4,7,9,1,10,1,11,,23,23,1,22,9,121.6169387,25.0579806
111,11,30,8,45,2,11南港區,南港區經貿二路與經貿二路105巷口,0,0,1,2,C03,6,1,5,50,4,1,1,4,4,5,7,2,1,1,4,5,1,12,1,26,2,7,1,4,7,8,1,10,1,13,,7,23,1,22,9,121.6169387,25.0579806
111,11,30,8,53,2,04大安區,大安區基隆路4段與羅斯福路4段口,0,0,1,1,C03,7,1,5,50,16,9,1,5,4,5,7,2,1,10,5,5,2,13,1,35,3,10,1,2,7,9,1,10,1,11,,23,23,1,22,9,121.5374318,25.0112156
111,11,30,8,53,2,04大安區,大安區基隆路4段與羅斯福路4段口,0,0,1,2,C03,7,1,5,50,16,9,1,5,4,5,7,2,1,10,5,5,2,13,1,44,2,7,1,1,7,12,1,10,1,13,,44,23,1,22,9,121.5374318,25.0112156
111,11,30,8,53,2,04大安區,大安區基隆路4段與羅斯福路4段口,0,0,1,3,C03,7,1,5,50,16,9,1,5,4,5,7,2,1,10,5,5,2,13,2,22,3,10,1,1,7,5,1,10,1,15,,8,23,1,22,9,121.5374318,25.0112156
111,11,30,8,55,2,05中正區,中正區公園路與貴陽街1段口口,0,0,1,1,C03,8,1,5,50,4,1,1,5,4,5,7,2,1,9,4,5,1,16,2,32,3,10,1,1,7,5,1,10,2,14,,8,8,1,21,1,121.5151666,25.0385816
111,11,30,8,55,2,05中正區,中正區公園路與貴陽街1段口口,0,0,1,2,C03,8,1,5,50,4,1,1,5,4,5,7,2,1,9,4,5,1,16,2,25,2,9,1,1,7,9,1,10,2,12,,44,8,1,21,1,121.5151666,25.0385816
111,11,30,8,55,2,07信義區,信義區基隆路2段191號,0,0,1,1,C03,7,1,5,50,14,9,1,5,4,5,7,4,4,1,4,5,2,12,1,40,3,10,1,1,7,7,1,10,1,11,,7,7,1,22,9,121.5530905,25.0247548
111,11,30,8,55,2,07信義區,信義區基隆路2段191號,0,0,1,2,C03,7,1,5,50,14,9,1,5,4,5,7,4,4,1,4,5,2,12,1,57,2,8,1,1,7,9,1,10,1,11,,44,7,1,22,9,121.5530905,25.0247548
111,11,30,8,55,2,07信義區,信義區基隆路2段191號,0,0,1,3,B12,7,1,5,50,14,9,1,5,4,5,7,4,4,1,4,5,2,12,1,38,3,10,1,1,7,14,1,8,9,15,,38,,1,22,9,121.5530905,25.0247548
111,11,30,8,57,2,02萬華區,萬華區艋舺大道(靠近萬華火車站),0,0,1,1,C03,8,1,5,50,14,9,1,5,4,5,7,4,4,1,5,5,2,13,1,45,2,9,1,1,7,12,1,10,7,11,,23,23,1,22,9,121.4988554,25.03314349
111,11,30,8,57,2,02萬華區,萬華區艋舺大道(靠近萬華火車站),0,0,1,2,C03,8,1,5,50,14,9,1,5,4,5,7,4,4,1,5,5,2,13,1,31,3,10,1,1,7,9,1,10,2,13,,44,23,1,22,9,121.4988554,25.03314349
111,11,30,9,13,2,01大同區,大同區民權西路266號,0,0,1,1,C03,7,1,5,50,15,9,1,5,4,5,7,1,1,1,4,5,2,17,1,37,3,10,1,1,7,8,1,10,1,12,,7,7,1,22,9,121.5121901,25.0628277
111,11,30,9,13,2,01大同區,大同區民權西路266號,0,0,1,2,C03,7,1,5,50,15,9,1,5,4,5,7,1,1,1,4,5,2,17,1,31,2,9,1,1,7,9,1,10,1,11,,44,7,1,22,9,121.5121901,25.0628277
111,11,30,9,35,2,07信義區,信義區信義路5段91巷32號,0,0,1,1,B03,6,1,5,30,14,9,1,4,4,5,7,4,4,9,4,5,2,12,1,24,3,10,1,1,7,1,1,8,1,8,,19,19,1,22,9,121.5717593,25.03471185
111,11,30,9,35,2,07信義區,信義區信義路5段91巷32號,0,0,1,2,C03,6,1,5,30,14,9,1,4,4,5,7,4,4,9,4,5,2,12,1,26,2,9,1,1,7,9,1,10,1,12,,44,19,1,22,9,121.5717593,25.03471185
111,11,30,9,45,2,11南港區,南港區市民大道8段與興中路口口,0,0,1,1,B03,6,1,5,50,4,1,1,4,4,5,7,2,1,1,1,5,2,13,2,49,3,10,1,1,7,9,1,8,1,5,,23,42,1,22,9,121.6075957,25.05326235
111,11,30,9,45,2,11南港區,南港區市民大道8段與興中路口口,0,0,1,2,C03,6,1,5,50,4,1,1,4,4,5,7,2,1,1,1,5,2,13,2,68,2,9,2,1,7,14,1,10,1,13,,44,42,1,22,9,121.6075957,25.05326235
111,11,30,10,0,2,12內湖區,內湖區文湖街85號,0,0,1,1,C03,8,1,5,50,14,9,4,5,4,5,7,4,4,5,5,5,2,13,2,19,2,8,1,1,7,9,1,10,1,11,,16,23,1,22,9,121.5643291,25.08650448
111,11,30,10,0,2,12內湖區,內湖區文湖街85號,0,0,1,2,C03,8,1,5,50,14,9,4,5,4,5,7,4,4,5,5,5,2,13,1,19,3,10,1,1,7,14,1,10,1,13,,44,23,1,22,9,121.5643291,25.08650448
111,11,30,10,0,2,12內湖區,內湖區文湖街85號,0,0,1,3,C03,8,1,5,50,14,9,4,5,4,5,7,4,4,5,5,5,2,13,1,36,3,10,1,1,7,3,1,10,9,15,,44,23,1,22,9,121.5643291,25.08650448
111,11,30,10,9,2,02萬華區,萬華區西園路1段與桂林路口,0,0,1,1,B01,8,1,5,50,4,1,1,5,4,5,7,1,1,8,3,4,1,12,1,57,3,10,1,1,7,9,1,8,1,2,,17,17,1,22,9,121.4995742,25.0384846
111,11,30,10,9,2,02萬華區,萬華區西園路1段與桂林路口,0,0,1,2,C03,8,1,5,50,4,1,1,5,4,5,7,1,1,8,3,4,1,12,2,26,2,8,1,1,7,9,1,10,1,14,,44,17,1,22,9,121.4995742,25.0384846
111,11,30,10,9,2,11南港區,南港區昆陽街昆陽捷運站旁,0,0,2,1,H01,6,1,5,30,4,1,1,4,4,5,5,4,4,5,5,5,1,7,1,63,2,8,4,5,8,20,8,20,11,16,,51,51,1,22,9,121.593885,25.05073455
111,11,30,10,9,2,11南港區,南港區昆陽街昆陽捷運站旁,0,0,2,2,C03,6,1,5,30,4,1,1,4,4,5,5,4,4,5,5,5,1,7,2,19,2,9,1,4,7,9,1,10,1,11,,23,51,1,22,9,121.593885,25.05073455
111,11,30,10,17,2,02萬華區,萬華區萬大路1號,0,0,1,1,C03,7,1,5,50,14,9,1,5,4,5,7,4,4,8,3,5,2,12,1,69,2,7,1,1,7,9,1,10,1,15,,16,44,1,22,9,121.5005925,25.03271878
111,11,30,10,17,2,02萬華區,萬華區萬大路1號,0,0,1,2,B12,7,1,5,50,14,9,1,5,4,5,7,4,4,8,3,5,2,12,1,65,3,10,1,1,7,9,1,8,1,7,,44,44,1,22,9,121.5005925,25.03271878
111,11,30,11,19,2,06松山區,松山區健康路15巷與敦化北路165巷口口,0,0,1,1,B03,8,1,5,30,3,1,1,5,4,5,7,4,4,9,5,5,2,16,1,37,3,10,1,1,7,5,1,8,1,4,,8,8,1,22,9,121.552911,25.05470428
111,11,30,11,19,2,06松山區,松山區健康路15巷與敦化北路165巷口口,0,0,1,2,C03,8,1,5,30,3,1,1,5,4,5,7,4,4,9,5,5,2,16,1,51,2,9,1,1,7,4,1,10,1,12,,23,8,1,22,9,121.552911,25.05470428
111,11,30,11,20,2,03中山區,中山區民權東路2段70號,0,0,1,1,C03,8,1,5,50,14,9,1,5,4,5,7,4,4,1,4,5,2,13,2,29,2,8,3,4,7,9,1,10,1,11,,16,16,1,22,9,121.531044,25.06246113
111,11,30,11,20,2,03中山區,中山區民權東路2段70號,0,0,1,2,C03,8,1,5,50,14,9,1,5,4,5,7,4,4,1,4,5,2,13,2,34,3,10,3,4,7,9,1,10,1,13,,44,16,1,22,9,121.531044,25.06246113
111,11,30,11,20,2,03中山區,中山區民權東路2段70號,0,0,1,3,B03,8,1,5,50,14,9,1,5,4,5,7,4,4,1,4,5,2,13,1,34,3,10,3,4,7,7,1,8,1,15,,44,16,1,22,9,121.531044,25.06246113
111,11,30,11,20,2,03中山區,中山區民族東路410巷與龍江路394巷口,0,0,1,1,B12,8,1,5,50,3,1,1,5,4,3,7,4,4,9,4,4,2,17,1,37,3,10,3,4,7,6,1,4,1,8,,9,9,1,22,9,121.5375562,25.06784452
111,11,30,11,20,2,03中山區,中山區民族東路410巷與龍江路394巷口,0,0,1,2,C03,8,1,5,50,3,1,1,5,4,3,7,4,4,9,4,4,2,17,1,48,2,7,1,4,7,9,1,10,1,11,,23,9,1,22,9,121.5375562,25.06784452
111,11,30,11,23,2,08士林區,士林區忠誠路2段與忠誠路2段41巷口,0,0,2,1,C03,8,1,5,40,3,1,1,5,4,5,7,4,4,1,4,4,2,12,2,57,2,9,1,1,7,6,1,10,1,13,,9,9,1,22,9,121.5305972,25.10966336
111,11,30,11,23,2,08士林區,士林區忠誠路2段與忠誠路2段41巷口,0,0,2,2,C03,8,1,5,40,3,1,1,5,4,5,7,4,4,1,4,4,2,12,1,40,2,9,3,4,7,9,1,9,1,14,,42,9,1,22,9,121.5305972,25.10966336
111,11,30,11,30,2,12內湖區,內湖區瑞光路478巷18弄與瑞光路548巷口,0,0,1,1,B03,7,1,5,50,4,1,1,5,4,5,7,3,1,5,4,5,2,16,2,42,3,10,1,1,7,9,1,8,1,1,,6,6,1,22,9,121.5670947,25.07901746
111,11,30,11,30,2,12內湖區,內湖區瑞光路478巷18弄與瑞光路548巷口,0,0,1,2,C03,7,1,5,50,4,1,1,5,4,5,7,3,1,5,4,5,2,16,1,27,2,9,1,1,7,9,1,10,1,12,,44,6,1,22,9,121.5670947,25.07901746
111,11,30,11,32,2,12內湖區,內湖區民權大橋東向西,0,0,1,1,C04,6,1,5,40,14,9,1,4,4,5,7,4,4,9,4,5,1,13,1,64,2,9,1,1,7,9,1,11,1,11,,16,16,1,22,9,121.577362,25.06658669
111,11,30,11,32,2,12內湖區,內湖區民權大橋東向西,0,0,1,2,C03,6,1,5,40,14,9,1,4,4,5,7,4,4,9,4,5,1,13,1,52,3,10,1,1,7,9,1,10,1,13,,14,16,1,22,9,121.577362,25.06658669
111,11,30,11,36,2,05中正區,中正區重慶南路1段與襄陽路口,0,0,2,1,B01,8,1,5,50,3,1,1,5,4,5,7,2,1,9,4,5,1,16,1,56,3,10,1,1,7,9,1,4,2,8,,44,23,1,21,1,121.5131994,25.0434801
111,11,30,11,36,2,05中正區,中正區重慶南路1段與襄陽路口,0,0,2,2,C03,8,1,5,50,3,1,1,5,4,5,7,2,1,9,4,5,1,16,1,73,2,9,1,1,7,8,1,10,2,13,,7,23,1,21,1,121.5131994,25.0434801
111,11,30,11,36,2,05中正區,中正區重慶南路1段與襄陽路口,0,0,2,3,C03,8,1,5,50,3,1,1,5,4,5,7,2,1,9,4,5,1,16,2,25,2,8,1,1,7,9,1,10,2,11,,16,23,1,21,1,121.5131994,25.0434801
111,11,30,11,50,2,03中山區,中山區濱江街152-6號,0,0,1,1,C03,7,1,5,50,14,9,1,5,4,5,7,4,4,1,4,4,2,16,1,45,2,8,1,4,7,9,1,10,1,11,,23,23,1,22,9,121.536937,25.0724783
111,11,30,11,50,2,03中山區,中山區濱江街152-6號,0,0,1,2,B02,7,1,5,50,14,9,1,5,4,5,7,4,4,1,4,4,2,16,1,51,3,10,3,4,7,13,1,8,1,7,,42,23,1,22,9,121.536937,25.0724783
111,11,30,11,54,2,03中山區,中山區長安東路2段189-2號,0,0,1,1,B03,7,1,5,50,14,9,1,5,4,5,7,4,4,5,4,5,2,12,1,48,3,10,3,4,7,7,1,8,1,4,,7,7,1,22,9,121.5427156,25.04834329
111,11,30,11,54,2,03中山區,中山區長安東路2段189-2號,0,0,1,2,C03,7,1,5,50,14,9,1,5,4,5,7,4,4,5,4,5,2,12,1,36,2,7,1,4,7,7,1,10,1,12,,27,7,1,22,9,121.5427156,25.04834329
111,11,30,12,1,2,09北投區,北投區明德路150巷與磺溪便道口,0,0,1,1,B02,8,1,5,50,14,9,1,5,4,5,7,4,4,5,4,5,2,13,1,42,3,10,1,1,7,9,1,8,1,1,,23,23,1,22,9,121.5223294,25.10943465
111,11,30,12,1,2,09北投區,北投區明德路150巷與磺溪便道口,0,0,1,2,C03,8,1,5,50,14,9,1,5,4,5,7,4,4,5,4,5,2,13,2,60,2,9,1,1,7,9,1,10,1,13,,44,23,1,22,9,121.5223294,25.10943465
111,11,30,12,1,2,09北投區,北投區明德路150巷與磺溪便道口,0,0,1,3,B03,8,1,5,50,14,9,1,5,4,5,7,4,4,5,4,5,2,13,1,50,3,10,1,1,7,9,1,8,1,3,,44,23,1,22,9,121.5223294,25.10943465
111,11,30,12,50,2,10文山區,文山區羅斯福路5段97巷與萬盛街106巷口,0,0,1,1,C03,6,1,5,30,4,1,1,4,4,5,7,2,1,5,5,5,2,16,1,65,3,10,1,1,7,5,1,10,2,14,,8,8,1,22,9,121.5409252,25.0054331
111,11,30,12,50,2,10文山區,文山區羅斯福路5段97巷與萬盛街106巷口,0,0,1,2,C03,6,1,5,30,4,1,1,4,4,5,7,2,1,5,5,5,2,16,2,26,2,9,1,1,7,9,1,10,2,11,,44,8,1,22,9,121.5409252,25.0054331
111,11,30,13,1,2,05中正區,中正區南昌路2段與南昌路2段71巷口口,0,0,1,1,B03,8,1,5,30,14,9,1,5,4,5,7,4,4,9,4,5,2,15,1,57,3,10,1,1,7,15,1,8,2,8,,6,42,1,22,9,121.5205936,25.0274158
111,11,30,13,1,2,05中正區,中正區南昌路2段與南昌路2段71巷口口,0,0,1,2,C03,8,1,5,30,14,9,1,5,4,5,7,4,4,9,4,5,2,15,1,23,2,8,1,1,7,9,1,10,2,12,,42,42,1,22,9,121.5205936,25.0274158
111,11,30,13,3,2,03中山區,中山區民權東路3段60巷與民權東路3段口口,0,0,1,1,B03,8,1,5,50,4,1,1,5,4,5,7,1,1,1,4,5,2,16,2,33,3,10,3,4,7,6,1,8,1,5,,9,9,1,22,9,121.5423284,25.0622451
111,11,30,13,3,2,03中山區,中山區民權東路3段60巷與民權東路3段口口,0,0,1,2,C03,8,1,5,50,4,1,1,5,4,5,7,1,1,1,4,5,2,16,2,28,2,8,1,4,7,9,1,10,1,14,,23,9,1,22,9,121.5423284,25.0622451
111,11,30,13,13,2,08士林區,士林區中山北路6段195巷18弄與中山北路6段195巷口口,0,0,2,1,C03,7,1,5,30,4,1,1,5,4,5,7,4,4,10,5,5,1,15,1,38,2,9,1,1,7,9,1,10,1,11,,6,6,1,22,9,121.5237703,25.10777921
111,11,30,13,13,2,08士林區,士林區中山北路6段195巷18弄與中山北路6段195巷口口,0,0,2,2,C03,7,1,5,30,4,1,1,5,4,5,7,4,4,10,5,5,1,15,1,77,2,9,1,1,7,9,1,10,1,11,,6,6,1,22,9,121.5237703,25.10777921
111,11,30,13,17,2,10文山區,(羅斯福路4段200號前),0,0,2,1,C03,6,1,5,50,4,1,1,4,4,5,7,2,1,1,4,5,2,16,1,21,2,8,1,1,7,5,1,10,2,14,,26,26,1,22,9,121.536968,25.01093782
111,11,30,13,17,2,10文山區,(羅斯福路4段200號前),0,0,2,2,C03,6,1,5,50,4,1,1,4,4,5,7,2,1,1,4,5,2,16,1,22,2,9,1,1,7,9,1,10,2,12,,26,26,1,22,9,121.536968,25.01093782
111,11,30,13,48,2,05中正區,中正區羅斯福路3段128巷與羅斯福路3段128巷36弄口口,0,0,1,1,B03,8,1,5,30,4,1,1,5,4,5,7,4,4,10,5,5,1,15,1,62,3,10,1,1,7,9,1,8,2,8,,14,14,1,22,9,121.5269931,25.02023042
111,11,30,13,48,2,05中正區,中正區羅斯福路3段128巷與羅斯福路3段128巷36弄口口,0,0,1,2,C03,8,1,5,30,4,1,1,5,4,5,7,4,4,10,5,5,1,15,2,22,2,9,1,1,7,9,1,10,2,12,,6,14,1,22,9,121.5269931,25.02023042
111,11,30,14,0,2,07信義區,信義區忠孝東路5段743巷21弄3號,0,0,1,1,B03,6,1,5,30,14,9,1,4,4,5,7,4,4,10,5,5,2,2,2,50,3,10,3,4,7,9,1,8,2,2,,23,23,1,22,9,121.5807154,25.04376485
111,11,30,14,0,2,07信義區,信義區忠孝東路5段743巷21弄3號,0,0,1,2,H01,6,1,5,30,14,9,1,4,4,5,7,4,4,10,5,5,2,2,2,69,2,7,4,1,8,16,8,20,10,16,,67,23,1,22,9,121.5807154,25.04376485
111,11,30,14,10,2,12內湖區,內湖區民權東路6段248巷與民權東路6段口,0,0,2,1,C03,6,1,5,50,4,1,1,4,4,5,7,1,1,1,4,5,2,13,1,34,2,8,1,1,7,9,1,10,1,11,,16,23,1,22,9,121.6013488,25.06742477
111,11,30,14,10,2,12內湖區,內湖區民權東路6段248巷與民權東路6段口,0,0,2,2,C03,6,1,5,50,4,1,1,4,4,5,7,1,1,1,4,5,2,13,1,45,2,8,1,1,7,14,1,10,1,13,,44,23,1,22,9,121.6013488,25.06742477
111,11,30,14,40,2,06松山區,松山區麥帥二橋往市區近健康匝道,0,0,2,1,B12,8,1,5,60,10,9,1,5,4,5,7,4,4,10,4,5,2,13,1,58,2,7,1,1,7,9,1,8,1,1,,16,16,1,22,9,121.5716824,25.05629277
111,11,30,14,40,2,06松山區,松山區麥帥二橋往市區近健康匝道,0,0,2,2,B12,8,1,5,60,10,9,1,5,4,5,7,4,4,10,4,5,2,13,1,35,2,9,1,1,7,9,1,8,1,3,,44,16,1,22,9,121.5716824,25.05629277
111,11,30,15,30,2,05中正區,中正區羅斯福路4段與基隆路4段口,0,0,3,1,C03,6,1,5,50,4,1,1,4,4,5,7,1,1,1,4,5,2,17,2,19,2,9,1,1,7,7,1,10,2,14,,7,7,1,22,9,121.5369121,25.01125676
111,11,30,15,30,2,05中正區,中正區羅斯福路4段與基隆路4段口,0,0,3,2,C03,6,1,5,50,4,1,1,4,4,5,7,1,1,1,4,5,2,17,1,23,2,9,1,1,7,9,1,10,2,12,,44,7,1,22,9,121.5369121,25.01125676
111,11,30,15,30,2,05中正區,中正區羅斯福路4段與基隆路4段口,0,0,3,3,H02,6,1,5,50,4,1,1,4,4,5,7,1,1,1,4,5,2,17,2,19,2,9,1,5,7,20,8,20,10,16,,67,7,1,22,9,121.5369121,25.01125676
111,11,30,15,30,2,08士林區,士林區中山北路5段與福國路口,0,0,1,1,B01,8,1,5,50,8,9,1,5,4,5,7,4,4,3,5,5,1,17,1,50,3,10,1,1,7,9,1,4,1,2,,44,17,1,22,9,121.5257026,25.1026218
111,11,30,15,30,2,08士林區,士林區中山北路5段與福國路口,0,0,1,2,C03,8,1,5,50,8,9,1,5,4,5,7,4,4,3,5,5,1,17,2,23,2,9,1,1,7,9,1,10,1,15,,17,17,1,22,9,121.5257026,25.1026218
111,11,30,16,12,2,03中山區,中山區長安東路1段與吉林路口,0,0,1,1,B03,7,1,5,50,5,2,1,5,4,5,7,2,1,5,4,5,2,17,1,58,3,10,3,4,7,15,1,4,1,2,,23,23,1,22,9,121.5307499,25.0486716
111,11,30,16,12,2,03中山區,中山區長安東路1段與吉林路口,0,0,1,2,F01,7,1,5,50,5,2,1,5,4,5,7,2,1,5,4,5,2,17,2,32,2,9,1,1,7,21,8,20,1,16,,44,23,1,22,9,121.5307499,25.0486716
111,11,30,16,31,2,01大同區,大同區伊寧街與民權西路245巷口,0,0,2,1,C03,7,1,5,30,4,1,1,5,4,3,5,4,4,10,5,5,1,15,2,52,2,9,1,4,7,9,1,10,1,11,,6,6,1,22,9,121.5103671,25.0646421
111,11,30,16,31,2,01大同區,大同區伊寧街與民權西路245巷口,0,0,2,2,C03,7,1,5,30,4,1,1,5,4,3,5,4,4,10,5,5,1,15,1,59,2,7,1,4,7,9,1,10,1,11,,44,6,1,22,9,121.5103671,25.0646421