發生年度,發生月,發生日,發生時-Hours,發生分,處理別-編號,區序,肇事地點,死亡人數,2-30日死亡人數,受傷人數,當事人序號,車種,天候,光線,道路類別,速限-速度限制,道路型態,事故位置,路面狀況1,路面狀況2,路面狀況3,道路障礙1,道路障礙2,號誌1,號誌2,車道劃分-分向,車道劃分-分道1,車道劃分-分道2,車道劃分-分道3,事故類型及型態,性別,年齡,受傷程度,主要傷處,安全帽,行動電話,車輛用途,當事者行動狀態,駕駛資格情形,駕駛執照種類,飲酒情形,車輛撞擊部位1,車輛撞擊部位2,肇因碼-個別,肇因碼-主要,個人肇逃否,職業,旅次目的,座標-X,座標-Y
111,11,30,16,31,2,01大同區,大同區伊寧街與民權西路245巷口,0,0,2,3,B12,7,1,5,30,4,1,1,5,4,3,5,4,4,10,5,5,1,15,1,43,3,10,3,4,7,13,1,8,1,15,,42,6,1,22,9,121.5103671,25.0646421
111,11,30,16,35,2,09北投區,北投區承德路6段449-5號,0,0,1,1,B03,8,1,5,60,3,1,1,5,4,5,7,4,4,1,4,5,2,17,1,62,3,10,1,1,7,1,1,8,2,7,,19,19,1,22,9,121.5114067,25.1087066
111,11,30,16,35,2,09北投區,北投區承德路6段449-5號,0,0,1,2,C03,8,1,5,60,3,1,1,5,4,5,7,4,4,1,4,5,2,17,2,18,2,9,1,1,7,10,3,18,2,11,,7,19,1,22,9,121.5114067,25.1087066
111,11,30,17,26,2,12內湖區,內湖區康寧路3段75巷與康寧路3段75巷24弄口,0,0,2,1,B03,6,3,5,30,3,2,1,4,4,5,7,4,4,5,5,5,2,17,2,51,3,10,1,1,7,5,1,8,1,8,,8,8,1,22,9,121.6091457,25.07287395
111,11,30,17,26,2,12內湖區,內湖區康寧路3段75巷與康寧路3段75巷24弄口,0,0,2,2,C03,6,3,5,30,3,2,1,4,4,5,7,4,4,5,5,5,2,17,1,18,2,9,1,1,7,9,1,10,1,11,,44,8,1,22,9,121.6091457,25.07287395
111,11,30,17,26,2,12內湖區,內湖區康寧路3段75巷與康寧路3段75巷24弄口,0,0,2,3,H02,6,3,5,30,3,2,1,4,4,5,7,4,4,5,5,5,2,17,2,18,2,9,4,5,7,20,8,20,10,16,,67,8,1,22,9,121.6091457,25.07287395
111,11,30,17,50,2,08士林區,士林區文林路587巷與文林路口,0,0,1,1,C03,7,1,5,40,4,2,1,5,4,5,7,4,4,9,4,4,1,3,1,40,2,9,3,4,7,9,1,10,1,14,,13,13,1,22,9,121.5236592,25.09842291
111,11,30,17,50,2,08士林區,士林區文林路587巷與文林路口,0,0,1,2,H01,7,1,5,40,4,2,1,5,4,5,7,4,4,9,4,4,1,3,2,28,3,10,3,4,8,16,8,20,10,16,,67,13,1,22,9,121.5236592,25.09842291
111,11,30,18,5,2,12內湖區,內湖區行善路與石潭路口,0,0,2,1,C03,6,3,5,50,3,2,1,4,4,5,7,1,1,1,4,5,2,13,2,37,2,8,1,1,7,9,1,10,1,11,,23,23,1,22,9,121.5849889,25.06295374
111,11,30,18,5,2,12內湖區,內湖區行善路與石潭路口,0,0,2,2,C03,6,3,5,50,3,2,1,4,4,5,7,1,1,1,4,5,2,13,1,43,2,9,1,1,7,14,1,10,1,13,,44,23,1,22,9,121.5849889,25.06295374
111,11,30,18,24,2,12內湖區,內湖區成功路2段365號,0,0,1,1,B03,6,3,5,50,3,1,1,4,4,5,7,2,1,1,4,5,2,11,1,31,3,10,1,1,7,11,1,8,2,5,,10,6,1,22,9,121.5899793,25.07353996
111,11,30,18,24,2,12內湖區,內湖區成功路2段365號,0,0,1,2,C03,6,3,5,50,3,1,1,4,4,5,7,2,1,1,4,5,2,11,1,27,2,9,1,1,7,9,1,10,2,11,,44,6,1,22,9,121.5899793,25.07353996
111,11,30,18,30,2,05中正區,中正區羅斯福路4段86號前,0,0,1,1,F01,8,3,5,50,14,9,1,5,4,5,7,1,1,1,4,5,2,1,2,19,3,10,1,1,7,15,8,20,1,16,,23,23,1,22,9,121.5348585,25.0141209
111,11,30,18,30,2,05中正區,中正區羅斯福路4段86號前,0,0,1,2,H01,8,3,5,50,14,9,1,5,4,5,7,1,1,1,4,5,2,1,2,65,2,9,4,5,8,16,8,20,1,16,,67,23,1,22,9,121.5348585,25.0141209
111,11,30,18,30,2,09北投區,北投區立賢路107號,0,0,1,1,B03,8,3,5,50,14,9,1,5,4,5,7,3,1,9,4,5,2,16,2,45,3,10,1,1,7,11,1,8,1,2,,10,10,1,22,9,121.5022062,25.11425102
111,11,30,18,30,2,09北投區,北投區立賢路107號,0,0,1,2,C03,8,3,5,50,14,9,1,5,4,5,7,3,1,9,4,5,2,16,2,21,2,9,1,1,7,9,1,10,1,11,,44,10,1,22,9,121.5022062,25.11425102
111,11,30,18,40,2,12內湖區,內湖區麥帥一橋機車道東向西,0,0,2,1,C03,6,3,5,50,8,11,1,4,4,5,7,4,4,10,4,5,2,13,2,34,2,9,1,1,7,9,1,10,1,11,,16,16,1,22,9,121.5757762,25.05426375
111,11,30,18,40,2,12內湖區,內湖區麥帥一橋機車道東向西,0,0,2,2,C03,6,3,5,50,8,11,1,4,4,5,7,4,4,10,4,5,2,13,1,28,2,9,1,1,7,12,1,10,1,13,,44,16,1,22,9,121.5757762,25.05426375
111,11,30,18,40,2,12內湖區,內湖區麥帥一橋機車道東向西,0,0,2,3,C03,6,3,5,50,8,11,1,4,4,5,7,4,4,10,4,5,2,13,1,46,3,10,1,1,7,9,1,10,1,15,,30,16,1,22,9,121.5757762,25.05426375
111,11,30,18,46,2,09北投區,北投區中央北路4段515巷車行地下道出口,0,0,1,1,C03,7,3,5,30,14,9,1,5,4,5,7,4,4,5,5,5,2,16,1,18,3,10,1,1,7,9,1,10,1,14,,13,13,1,22,9,121.4695399,25.12669746
111,11,30,18,46,2,09北投區,北投區中央北路4段515巷車行地下道出口,0,0,1,2,C03,7,3,5,30,14,9,1,5,4,5,7,4,4,5,5,5,2,16,1,23,2,7,1,1,7,6,1,9,1,12,,9,13,1,22,9,121.4695399,25.12669746
111,11,30,19,4,2,07信義區,信義區信安街103巷22-6號,0,0,1,1,C03,6,3,5,30,14,9,1,4,4,5,7,4,4,10,5,5,2,17,1,36,4,11,3,4,7,11,7,19,11,15,,10,43,2,22,9,121.5601104,25.0249498
111,11,30,19,4,2,07信義區,信義區信安街103巷22-6號,0,0,1,2,C03,6,3,5,30,14,9,1,4,4,5,7,4,4,10,5,5,2,17,1,46,2,9,3,4,7,9,1,10,9,14,,23,43,1,22,9,121.5601104,25.0249498
111,11,30,19,10,2,07信義區,信義區和平東路3段與和平東路3段口大我新舍公車站牌附近,0,0,2,1,C03,6,3,5,40,4,2,1,4,4,5,7,4,4,5,5,5,2,9,1,19,2,9,3,4,7,9,1,10,2,11,,23,43,1,22,9,121.5626839,25.01366314
111,11,30,19,10,2,07信義區,信義區和平東路3段與和平東路3段口大我新舍公車站牌附近,0,0,2,2,H01,6,3,5,40,4,2,1,4,4,5,7,4,4,5,5,5,2,9,2,74,2,9,4,5,8,16,8,20,10,16,,51,43,1,22,9,121.5626839,25.01366314
111,11,30,19,30,2,04大安區,大安區和平東路2段與建國南路2段口,0,0,1,1,C03,6,3,5,50,4,2,1,4,4,5,7,1,1,1,5,5,2,16,1,47,2,9,1,1,7,5,1,10,1,11,,26,26,1,22,9,121.5375087,25.0256989
111,11,30,19,30,2,04大安區,大安區和平東路2段與建國南路2段口,0,0,1,2,B03,6,3,5,50,4,2,1,4,4,5,7,1,1,1,5,5,2,16,1,50,3,10,1,1,7,9,1,8,1,5,,44,26,1,22,9,121.5375087,25.0256989
111,11,30,20,5,2,07信義區,信義區松壽路20巷與松壽路口20號停車場,0,0,1,1,B02,6,3,5,0,3,1,1,4,4,5,7,4,4,10,5,4,2,17,1,25,3,10,3,4,7,1,1,8,1,5,,19,,1,22,9,121.5675619,25.0350012
111,11,30,20,5,2,07信義區,信義區松壽路20巷與松壽路口20號停車場,0,0,1,2,B01,6,3,5,0,3,1,1,4,4,5,7,4,4,10,5,4,2,17,1,64,2,9,3,4,7,9,1,4,1,4,,44,,1,22,9,121.5675619,25.0350012
111,11,30,20,9,2,03中山區,中山區南京東路3段223巷與南京東路3段口,0,0,1,1,B01,6,3,5,50,3,1,1,4,4,5,7,4,4,1,4,5,2,12,1,49,3,10,1,1,7,6,1,4,1,6,,9,9,1,22,9,121.5434438,25.0519224
111,11,30,20,9,2,03中山區,中山區南京東路3段223巷與南京東路3段口,0,0,1,2,C03,6,3,5,50,3,1,1,4,4,5,7,4,4,1,4,5,2,12,2,39,2,8,1,1,7,9,1,10,1,14,,44,9,1,22,9,121.5434438,25.0519224
111,11,30,20,24,2,04大安區,大安區新生南路3段與新生南路3段60巷口口,0,0,1,1,B03,6,3,5,50,3,2,1,4,4,5,7,4,4,3,4,5,2,12,1,45,3,10,1,1,7,6,6,8,1,2,,9,9,1,22,9,121.5338945,25.02004379
111,11,30,20,24,2,04大安區,大安區新生南路3段與新生南路3段60巷口口,0,0,1,2,C03,6,3,5,50,3,2,1,4,4,5,7,4,4,3,4,5,2,12,1,18,2,6,1,1,7,9,1,10,1,14,,14,9,1,22,9,121.5338945,25.02004379
111,11,30,20,54,2,08士林區,士林區格致路與格致路20巷口,0,0,1,1,C03,6,3,5,40,4,1,1,4,4,5,7,3,1,8,5,5,1,17,1,19,3,10,1,1,7,5,1,10,1,11,,6,6,1,22,9,121.5463645,25.13666839
111,11,30,20,54,2,08士林區,士林區格致路與格致路20巷口,0,0,1,2,C03,6,3,5,40,4,1,1,4,4,5,7,3,1,8,5,5,1,17,1,19,2,8,1,1,7,9,1,10,1,11,,23,6,1,22,9,121.5463645,25.13666839
111,11,30,21,15,2,04大安區,大安區忠孝東路3段與建國南路1段口,0,0,1,1,B03,6,3,5,50,4,1,1,4,4,5,7,1,1,1,4,5,2,16,1,26,3,10,1,1,7,6,1,8,1,2,,44,44,1,22,9,121.5373099,25.0417966
111,11,30,21,15,2,04大安區,大安區忠孝東路3段與建國南路1段口,0,0,1,2,C03,6,3,5,50,4,1,1,4,4,5,7,1,1,1,4,5,2,16,1,39,3,10,1,1,7,9,1,10,1,14,,23,44,1,22,9,121.5373099,25.0417966
111,11,30,21,15,2,04大安區,大安區忠孝東路3段與建國南路1段口,0,0,1,3,H02,6,3,5,50,4,1,1,4,4,5,7,1,1,1,4,5,2,16,2,28,2,8,4,5,7,20,8,20,10,16,,67,44,1,22,9,121.5373099,25.0417966
111,11,30,21,40,2,06松山區,松山區南京東路5段66巷與南京東路5段66巷3弄口,0,0,2,1,H01,6,3,5,0,4,1,1,4,4,5,7,4,4,10,5,5,2,1,1,59,2,9,1,1,8,16,8,20,1,16,,51,51,1,22,9,121.5607948,25.05085753
111,11,30,21,40,2,06松山區,松山區南京東路5段66巷與南京東路5段66巷3弄口,0,0,2,2,C03,6,3,5,0,4,1,1,4,4,5,7,4,4,10,5,5,2,1,2,32,2,9,1,1,7,9,1,10,1,11,,23,51,1,22,9,121.5607948,25.05085753
111,11,30,21,44,2,06松山區,松山區塔悠路與南京東路5段口,0,0,1,1,C03,6,3,5,50,5,2,1,4,4,5,7,2,1,1,3,5,2,12,1,56,2,9,1,1,7,5,1,10,1,14,,42,8,1,22,9,121.5701968,25.05144373
111,11,30,21,44,2,06松山區,松山區塔悠路與南京東路5段口,0,0,1,2,B03,6,3,5,50,5,2,1,4,4,5,7,2,1,1,3,5,2,12,1,24,3,10,1,1,7,9,1,8,1,2,,44,8,1,22,9,121.5701968,25.05144373
111,11,30,22,10,2,11南港區,南港區八德路4段與南港路3段口口,0,0,1,1,C03,6,3,5,50,5,1,1,4,4,5,7,2,1,5,4,5,2,18,1,45,2,9,1,1,7,5,1,10,11,14,,42,42,1,22,9,121.5798889,25.0514542
111,11,30,22,10,2,11南港區,南港區八德路4段與南港路3段口口,0,0,1,2,,6,3,5,50,5,1,1,4,4,5,7,2,1,5,4,5,2,18,3,,,,,,,,,,,,,67,42,1,,,121.5798889,25.0514542
111,11,30,22,58,2,02萬華區,萬華區中華路1段與中華路1段114巷口前,0,0,1,1,C03,6,3,5,50,14,9,1,4,4,5,7,4,4,1,4,5,2,17,1,53,2,8,1,1,7,9,1,10,1,12,,42,42,1,22,9,121.5085579,25.04370441
111,11,30,22,58,2,02萬華區,萬華區中華路1段與中華路1段114巷口前,0,0,1,2,,6,3,5,50,14,9,1,4,4,5,7,4,4,1,4,5,2,17,4,,4,11,3,4,7,15,7,19,11,15,,43,42,2,22,9,121.5085579,25.04370441
111,11,30,22,58,2,04大安區,大安區安和路2段與樂利路口,0,0,1,2,H01,6,3,5,50,4,1,1,4,4,5,7,1,1,8,3,5,2,9,2,63,2,9,4,5,8,16,8,20,10,16,,51,23,1,22,9,121.5509239,25.0288654
111,11,30,22,58,2,04大安區,大安區安和路2段與樂利路口,0,0,1,1,B01,6,3,5,50,4,1,1,4,4,5,7,1,1,8,3,5,2,9,1,52,3,10,1,1,7,9,1,8,1,1,,23,23,1,22,9,121.5509239,25.0288654
111,11,30,23,20,2,08士林區,士林區中山北路5段與福林路口,0,0,2,1,C04,6,3,5,50,4,4,1,4,4,5,7,1,1,1,5,5,2,13,1,43,2,9,1,1,7,9,1,10,2,11,,16,16,1,22,9,121.5281478,25.09379959
111,11,30,23,20,2,08士林區,士林區中山北路5段與福林路口,0,0,2,2,C03,6,3,5,50,4,4,1,4,4,5,7,1,1,1,5,5,2,13,1,20,2,9,1,1,7,12,1,10,2,13,,16,16,1,22,9,121.5281478,25.09379959
111,11,30,23,46,2,05中正區,中正區思源街16號,0,0,1,1,B03,6,3,5,50,3,1,1,4,4,5,7,1,1,3,4,4,2,17,1,30,3,10,1,1,7,11,1,8,2,7,,26,26,1,22,9,121.5301993,25.01354045
111,11,30,23,46,2,05中正區,中正區思源街16號,0,0,1,2,C03,6,3,5,50,3,1,1,4,4,5,7,1,1,3,4,4,2,17,2,30,2,9,1,1,7,9,1,10,2,11,,44,26,1,22,9,121.5301993,25.01354045
111,12,1,0,9,2,04大安區,大安區仁愛路4段與敦化南路1段口,0,0,1,1,C03,6,3,8,30,15,22,1,4,4,5,7,1,1,8,3,5,2,12,2,18,3,10,1,1,7,15,1,10,1,13,,6,6,1,22,9,121.5480571,25.0382839
111,12,1,0,9,2,04大安區,大安區仁愛路4段與敦化南路1段口,0,0,1,2,C03,6,3,8,30,15,22,1,4,4,5,7,1,1,8,3,5,2,12,1,38,2,8,1,1,7,15,1,10,1,12,,44,6,1,22,9,121.5480571,25.0382839
111,12,1,5,22,2,09北投區,北投區中和街與中和街370巷口,0,0,1,1,F03,6,3,5,30,3,2,1,4,4,5,7,4,4,9,5,5,2,17,2,37,3,10,1,1,7,5,8,20,1,15,,6,6,2,22,9,121.4987572,25.14215709
111,12,1,5,22,2,09北投區,北投區中和街與中和街370巷口,0,0,1,2,C03,6,3,5,30,3,2,1,4,4,5,7,4,4,9,5,5,2,17,1,46,2,9,1,1,7,9,1,10,1,14,,13,6,1,22,9,121.4987572,25.14215709
111,12,1,5,50,2,08士林區,士林區承德路4段9巷與承德路4段口,0,0,1,1,C03,6,3,5,50,4,1,1,4,4,5,3,3,1,9,5,5,2,15,2,28,2,9,1,4,7,9,1,10,1,11,,6,6,1,22,9,121.5218686,25.0793736
111,12,1,5,50,2,08士林區,士林區承德路4段9巷與承德路4段口,0,0,1,2,B03,6,3,5,50,4,1,1,4,4,5,3,3,1,9,5,5,2,15,2,55,3,10,3,4,7,9,1,8,1,4,,23,6,1,22,9,121.5218686,25.0793736
111,12,1,5,51,2,10文山區,文山區辛亥路5段與辛亥路5段25巷口,0,0,1,1,C03,6,2,5,50,4,1,1,4,4,5,7,2,1,1,4,5,2,15,2,58,2,9,1,1,7,9,1,10,1,11,,25,25,1,22,9,121.5540581,24.9999252
111,12,1,5,51,2,10文山區,文山區辛亥路5段與辛亥路5段25巷口,0,0,1,2,B01,6,2,5,50,4,1,1,4,4,5,7,2,1,1,4,5,2,15,1,43,3,10,1,1,7,9,1,8,1,5,,44,25,1,22,9,121.5540581,24.9999252
111,12,1,6,5,2,05中正區,中正區臨沂街71巷與臨沂街口,0,0,1,1,C03,6,3,5,30,4,1,1,4,4,4,3,4,4,10,5,5,2,15,1,68,3,10,1,1,7,1,3,18,2,11,,4,4,1,22,9,121.5280949,25.03536068
111,12,1,6,5,2,05中正區,中正區臨沂街71巷與臨沂街口,0,0,1,2,C03,6,3,5,30,4,1,1,4,4,4,3,4,4,10,5,5,2,15,2,45,2,9,1,1,7,9,1,10,2,14,,14,4,1,22,9,121.5280949,25.03536068
111,12,1,6,5,2,09北投區,北投區中和街與光明路口,0,0,1,1,B02,6,2,5,50,5,1,1,4,4,5,7,1,1,9,4,5,2,11,1,68,3,10,1,1,7,5,1,10,2,2,,8,8,1,22,9,121.5036527,25.13731151
111,12,1,6,5,2,09北投區,北投區中和街與光明路口,0,0,1,2,C03,6,2,5,50,5,1,1,4,4,5,7,1,1,9,4,5,2,11,1,63,2,9,1,1,7,9,1,10,2,11,,23,8,1,22,9,121.5036527,25.13731151
111,12,1,6,49,2,08士林區,士林區忠誠路2段174號,0,0,1,1,B02,6,1,5,50,14,9,1,4,4,5,7,4,4,1,4,5,2,17,2,22,3,10,1,1,7,8,1,8,1,2,,7,7,1,21,8,121.5331619,25.11540476
111,12,1,6,49,2,08士林區,士林區忠誠路2段174號,0,0,1,2,C03,6,1,5,50,14,9,1,4,4,5,7,4,4,1,4,5,2,17,1,64,2,9,1,1,7,9,1,10,1,11,,44,7,1,21,8,121.5331619,25.11540476
111,12,1,6,55,2,04大安區,大安區信義路3段與建國南路1段口,0,0,1,1,B02,6,1,5,50,4,1,1,4,4,5,7,2,1,1,3,5,1,1,1,48,3,10,1,4,7,5,1,3,1,8,,23,23,1,22,9,121.5379879,25.0336721
111,12,1,6,55,2,04大安區,大安區信義路3段與建國南路1段口,0,0,1,2,H01,6,1,5,50,4,1,1,4,4,5,7,2,1,1,3,5,1,1,2,84,2,1,4,5,8,16,8,20,10,16,,53,23,1,22,9,121.5379879,25.0336721
111,12,1,6,57,2,09北投區,北投區西安街2段265號,0,0,1,1,A12,6,2,5,50,14,9,1,4,4,5,7,4,4,9,4,5,2,17,1,49,3,10,1,1,7,8,1,7,1,2,,7,7,1,22,9,121.4790727,25.13348503
111,12,1,6,57,2,09北投區,北投區西安街2段265號,0,0,1,2,C03,6,2,5,50,14,9,1,4,4,5,7,4,4,9,4,5,2,17,1,65,2,9,1,1,7,9,1,10,1,14,,23,7,1,22,9,121.4790727,25.13348503
111,12,1,7,10,2,06松山區,松山區市民大道5段29號與市民大道5段口旁無名巷,0,0,2,1,C03,6,1,5,40,3,1,1,4,4,5,7,4,4,1,4,5,2,13,1,45,2,9,1,1,7,9,1,10,1,11,,16,23,1,22,9,121.5592445,25.04576677
111,12,1,7,10,2,06松山區,松山區市民大道5段29號與市民大道5段口旁無名巷,0,0,2,2,C03,6,1,5,40,3,1,1,4,4,5,7,4,4,1,4,5,2,13,1,23,2,9,1,1,7,9,1,10,1,13,,44,23,1,22,9,121.5592445,25.04576677
111,12,1,7,10,2,06松山區,松山區市民大道5段29號與市民大道5段口旁無名巷,0,0,2,3,C03,6,1,5,40,3,1,1,4,4,5,7,4,4,1,4,5,2,13,1,52,3,10,1,1,7,8,1,10,1,13,,7,23,1,22,9,121.5592445,25.04576677
111,12,1,7,15,2,02萬華區,萬華區康定路37號,0,0,1,1,A02,6,1,5,50,14,9,1,4,4,5,7,4,4,5,5,5,2,17,1,52,3,10,1,1,7,9,1,2,9,3,,44,44,1,22,9,121.5024286,25.04220552
111,12,1,7,15,2,02萬華區,萬華區康定路37號,0,0,1,2,C03,6,1,5,50,14,9,1,4,4,5,7,4,4,5,5,5,2,17,1,34,2,9,1,1,7,9,1,10,1,14,,23,44,1,22,9,121.5024286,25.04220552
111,12,1,7,28,2,04大安區,大安區信義路3段147巷15弄與信義路3段157巷口,0,0,1,1,B03,6,1,5,30,4,1,1,4,4,3,7,4,4,9,5,5,1,15,2,54,3,10,3,1,7,9,1,8,1,2,,6,6,1,22,9,121.5430256,25.0350897
111,12,1,7,28,2,04大安區,大安區信義路3段147巷15弄與信義路3段157巷口,0,0,1,2,C03,6,1,5,30,4,1,1,4,4,3,7,4,4,9,5,5,1,15,1,62,2,6,1,1,7,9,1,10,1,11,,13,6,1,22,9,121.5430256,25.0350897
111,12,1,7,28,2,04大安區,大安區信義路3段147巷15弄與信義路3段157巷口,0,0,1,3,B03,6,1,5,30,4,1,1,4,4,3,7,4,4,9,5,5,1,15,1,36,4,11,3,4,7,15,7,19,11,15,,38,6,2,22,9,121.5430256,25.0350897
111,12,1,7,37,2,09北投區,北投區承德路7段393巷與承德路7段口,0,0,1,1,B01,6,2,5,50,4,2,1,4,4,5,7,2,1,1,4,5,2,15,1,53,3,10,1,1,7,9,1,8,1,2,,25,25,1,22,9,121.5014286,25.1194442
111,12,1,7,37,2,09北投區,北投區承德路7段393巷與承德路7段口,0,0,1,2,C03,6,2,5,50,4,2,1,4,4,5,7,2,1,1,4,5,2,15,2,22,2,9,1,1,7,9,1,10,1,11,,23,25,1,22,9,121.5014286,25.1194442
111,12,1,7,40,2,08士林區,士林區至善路2段與至善路2段421巷口,0,0,1,1,B03,8,1,5,50,4,1,1,4,4,5,7,1,1,1,5,5,2,17,2,51,3,10,1,1,7,5,1,8,1,6,,8,6,1,22,9,121.5574511,25.10768927
111,12,1,7,40,2,08士林區,士林區至善路2段與至善路2段421巷口,0,0,1,2,C03,8,1,5,50,4,1,1,4,4,5,7,1,1,1,5,5,2,17,2,24,2,8,1,1,7,9,1,10,1,11,,44,6,1,22,9,121.5574511,25.10768927
111,12,1,8,0,2,12內湖區,內湖區成功路2段325號,0,0,1,1,C03,6,1,5,50,14,9,1,4,4,5,7,4,4,1,4,5,2,13,2,24,2,9,1,1,7,9,1,10,1,11,,23,23,1,22,9,121.5899162,25.07251134
111,12,1,8,0,2,12內湖區,內湖區成功路2段325號,0,0,1,2,B03,6,1,5,50,14,9,1,4,4,5,7,4,4,1,4,5,2,13,1,63,3,10,1,1,7,14,1,8,1,7,,42,23,1,22,9,121.5899162,25.07251134
111,12,1,8,3,2,05中正區,中正區汀州路2段與同安街口口,0,0,1,1,B03,6,1,5,50,4,1,1,4,4,5,7,1,1,5,5,5,1,16,1,45,3,10,1,1,7,5,1,8,1,6,,6,6,1,22,9,121.5216994,25.02407442
111,12,1,8,3,2,05中正區,中正區汀州路2段與同安街口口,0,0,1,2,C03,6,1,5,50,4,1,1,4,4,5,7,1,1,5,5,5,1,16,1,28,2,8,1,1,7,9,1,9,1,12,,44,6,1,22,9,121.5216994,25.02407442
111,12,1,8,4,2,02萬華區,萬華區西藏路與艋舺大道口,0,0,1,2,H01,6,1,5,50,4,1,1,4,4,5,7,2,1,1,5,5,2,3,2,16,2,9,4,5,8,16,8,20,1,16,,67,15,1,22,9,121.491914,25.02897222
111,12,1,8,4,2,02萬華區,萬華區西藏路與艋舺大道口,0,0,1,1,B12,6,1,5,50,4,1,1,4,4,5,7,2,1,1,5,5,2,3,1,47,3,10,1,1,7,9,1,1,1,1,,15,15,1,22,9,121.491914,25.02897222
111,12,1,8,7,2,02萬華區,萬華區洛陽街9號,0,0,1,1,B12,6,1,5,30,14,7,1,4,4,5,7,4,4,9,3,5,2,12,1,65,3,10,1,1,7,9,1,8,1,4,,44,43,1,22,9,121.50897,25.04745
111,12,1,8,7,2,02萬華區,萬華區洛陽街9號,0,0,1,2,C03,6,1,5,30,14,7,1,4,4,5,7,4,4,9,3,5,2,12,2,31,2,9,1,1,7,1,1,10,1,12,,19,43,1,22,9,121.50897,25.04745
111,12,1,8,11,2,02萬華區,萬華區成都路133巷與成都路口,0,0,1,1,B03,7,1,5,50,3,1,1,4,4,5,7,1,1,8,3,5,1,17,1,39,3,10,1,1,7,1,1,8,1,2,,19,19,1,22,9,121.503585,25.0433738
111,12,1,8,11,2,02萬華區,萬華區成都路133巷與成都路口,0,0,1,2,C03,7,1,5,50,3,1,1,4,4,5,7,1,1,8,3,5,1,17,1,27,2,9,1,1,7,12,1,10,1,11,,23,19,1,22,9,121.503585,25.0433738
111,12,1,8,15,2,04大安區,大安區辛亥路2段與和平東路2段18巷口,0,0,1,1,B03,6,1,5,50,3,2,1,4,4,5,5,4,4,9,4,4,1,17,1,34,3,10,1,4,7,6,1,8,1,15,,9,9,1,22,9,121.5358223,25.0226651
111,12,1,8,15,2,04大安區,大安區辛亥路2段與和平東路2段18巷口,0,0,1,2,C03,6,1,5,50,3,2,1,4,4,5,5,4,4,9,4,4,1,17,1,19,2,9,1,4,7,9,1,10,1,15,,23,9,1,22,9,121.5358223,25.0226651
111,12,1,8,15,2,09北投區,北投區中央北路4段與大度路3段口,0,0,1,1,B03,7,1,5,50,4,1,1,4,4,5,7,1,1,1,3,4,1,16,2,48,3,10,1,1,7,9,1,8,1,4,,25,43,1,22,9,121.4645349,25.12385857
111,12,1,8,15,2,09北投區,北投區中央北路4段與大度路3段口,0,0,1,2,C03,7,1,5,50,4,1,1,4,4,5,7,1,1,1,3,4,1,16,1,60,2,9,1,1,7,9,1,10,1,11,,44,43,1,22,9,121.4645349,25.12385857
111,12,1,8,35,2,04大安區,大安區延吉街157號,0,0,1,1,H01,6,1,5,0,14,9,1,4,4,5,7,4,4,8,3,5,2,9,2,51,2,8,4,5,8,16,8,20,11,16,,52,,2,22,9,121.5549386,25.039727
111,12,1,8,35,2,04大安區,大安區延吉街157號,0,0,1,2,B03,6,1,5,0,14,9,1,4,4,5,7,4,4,8,3,5,2,9,1,38,3,10,1,1,7,9,1,8,9,15,,44,,1,22,9,121.5549386,25.039727
111,12,1,8,44,2,09北投區,北投區立德路156號,0,0,1,1,C03,8,1,5,50,14,9,1,5,4,5,7,4,4,4,1,5,2,18,1,21,2,9,1,1,7,9,1,10,11,14,,44,44,1,22,9,121.4725236,25.12815981
111,12,1,8,44,2,09北投區,北投區立德路156號,0,0,1,2,,8,1,5,50,14,9,1,5,4,5,7,4,4,4,1,5,2,18,3,,,,,,,,,,,,,67,44,1,,,121.4725236,25.12815981
111,12,1,8,45,2,04大安區,大安區愛國東路31號,0,0,1,1,B02,6,1,5,40,14,8,1,4,4,5,7,4,4,9,4,4,1,17,2,55,3,10,3,4,7,3,1,8,1,15,,18,18,1,22,9,121.5247909,25.03206822
111,12,1,8,45,2,04大安區,大安區愛國東路31號,0,0,1,2,C03,6,1,5,40,14,8,1,4,4,5,7,4,4,9,4,4,1,17,2,25,2,7,1,1,7,9,1,10,1,12,,23,18,1,22,9,121.5247909,25.03206822
111,12,1,8,48,2,08士林區,士林區福港街與通河東街1段167巷口,0,0,1,1,C03,7,1,5,50,4,1,1,5,4,5,7,4,4,5,5,5,2,17,1,24,2,8,1,1,7,4,1,10,1,11,,26,26,1,21,8,121.5179379,25.08757457
111,12,1,8,48,2,08士林區,士林區福港街與通河東街1段167巷口,0,0,1,2,C03,7,1,5,50,4,1,1,5,4,5,7,4,4,5,5,5,2,17,2,39,3,10,1,1,7,5,1,10,1,14,,44,26,1,21,8,121.5179379,25.08757457
111,12,1,8,55,2,01大同區,大同區民權西路與蘭州街口,0,0,2,1,C03,7,1,5,50,4,1,1,5,4,5,7,2,1,9,4,5,2,12,2,22,2,9,1,1,7,9,1,10,1,11,,44,44,1,22,9,121.5147026,25.06288822
111,12,1,8,55,2,01大同區,大同區民權西路與蘭州街口,0,0,2,2,C03,7,1,5,50,4,1,1,5,4,5,7,2,1,9,4,5,2,12,1,37,2,9,1,1,7,9,1,10,1,11,,16,44,1,22,9,121.5147026,25.06288822
111,12,1,8,55,2,01大同區,大同區民權西路與蘭州街口,0,0,2,3,C03,7,1,5,50,4,1,1,5,4,5,7,2,1,9,4,5,2,12,2,28,3,10,1,1,7,4,1,10,1,12,,17,44,1,22,9,121.5147026,25.06288822