發生年度,發生月,發生日,發生時-Hours,發生分,處理別-編號,區序,肇事地點,死亡人數,2-30日死亡人數,受傷人數,當事人序號,車種,天候,光線,道路類別,速限-速度限制,道路型態,事故位置,路面狀況1,路面狀況2,路面狀況3,道路障礙1,道路障礙2,號誌1,號誌2,車道劃分-分向,車道劃分-分道1,車道劃分-分道2,車道劃分-分道3,事故類型及型態,性別,年齡,受傷程度,主要傷處,安全帽,行動電話,車輛用途,當事者行動狀態,駕駛資格情形,駕駛執照種類,飲酒情形,車輛撞擊部位1,車輛撞擊部位2,肇因碼-個別,肇因碼-主要,個人肇逃否,職業,旅次目的,座標-X,座標-Y
111,12,1,8,55,2,01大同區,大同區民權西路與蘭州街口,0,0,2,4,C04,7,1,5,50,4,1,1,5,4,5,7,2,1,9,4,5,2,12,2,69,4,11,3,4,7,7,7,19,11,15,,7,44,2,22,9,121.5147026,25.06288822
111,12,1,8,56,2,04大安區,大安區溫州街16-4號,0,0,1,2,C03,6,1,5,30,14,9,1,4,4,5,7,4,4,10,5,5,2,12,2,23,2,9,1,1,7,7,1,10,1,13,,7,44,1,22,9,121.5335048,25.02484508
111,12,1,8,56,2,04大安區,大安區溫州街16-4號,0,0,1,1,B03,6,1,5,30,14,9,1,4,4,5,7,4,4,10,5,5,2,12,1,36,3,10,1,1,7,4,1,8,1,2,,17,44,1,22,9,121.5335048,25.02484508
111,12,1,9,0,2,07信義區,信義區忠孝東路5段與忠孝東路5段703巷口,0,0,1,1,B03,6,1,5,30,3,2,1,4,4,5,7,4,4,9,4,5,2,17,1,46,3,10,1,1,7,6,1,8,1,15,,9,9,1,22,9,121.5802293,25.04238935
111,12,1,9,0,2,07信義區,信義區忠孝東路5段與忠孝東路5段703巷口,0,0,1,2,C03,6,1,5,30,3,2,1,4,4,5,7,4,4,9,4,5,2,17,1,29,2,9,1,1,7,9,1,10,1,14,,23,9,1,22,9,121.5802293,25.04238935
111,12,1,9,2,2,04大安區,大安區溫州街16巷與和平東路1段248巷口,0,0,1,1,C03,6,1,5,30,4,1,1,4,4,5,7,4,4,10,5,5,1,15,1,29,2,9,1,4,7,9,1,10,1,11,,6,14,1,22,9,121.5327805,25.0252506
111,12,1,9,2,2,04大安區,大安區溫州街16巷與和平東路1段248巷口,0,0,1,2,B03,6,1,5,30,4,1,1,4,4,5,7,4,4,10,5,5,1,15,1,57,3,10,1,4,7,9,1,8,1,4,,23,14,1,22,9,121.5327805,25.0252506
111,12,1,9,20,2,03中山區,中山區新生北路2段52-3號,0,0,2,1,C03,8,1,5,50,15,7,1,4,4,5,7,4,4,8,5,4,2,12,1,56,2,9,3,4,7,9,6,18,1,14,,6,6,1,22,9,121.5269587,25.0549301
111,12,1,9,20,2,03中山區,中山區新生北路2段52-3號,0,0,2,2,C03,8,1,5,50,15,7,1,4,4,5,7,4,4,8,5,4,2,12,1,28,2,9,3,4,7,9,1,10,1,11,,14,6,1,22,9,121.5269587,25.0549301
111,12,1,9,21,2,04大安區,大安區安和路2段與文昌街口,0,0,1,1,C03,6,1,5,0,4,2,1,4,4,5,7,2,1,5,4,5,2,17,1,59,2,9,1,1,7,12,1,10,1,12,,16,16,1,22,9,121.5523819,25.03265813
111,12,1,9,21,2,04大安區,大安區安和路2段與文昌街口,0,0,1,2,C03,6,1,5,0,4,2,1,4,4,5,7,2,1,5,4,5,2,17,2,25,3,10,1,1,7,6,1,10,1,15,,44,16,1,22,9,121.5523819,25.03265813
111,12,1,9,28,2,07信義區,信義區福德街86號,0,0,1,1,C03,6,1,5,50,14,9,4,4,4,5,7,1,1,1,4,5,2,13,2,39,2,9,1,3,7,9,1,10,2,11,,23,23,1,22,9,121.5825858,25.0377588
111,12,1,9,28,2,07信義區,信義區福德街86號,0,0,1,2,B12,6,1,5,50,14,9,4,4,4,5,7,1,1,1,4,5,2,13,1,36,3,10,1,1,7,14,1,6,2,3,,44,23,1,22,9,121.5825858,25.0377588
111,12,1,9,38,2,07信義區,信義區吳興街361巷23弄20號,0,0,1,1,B12,6,1,5,30,14,9,1,4,4,5,7,4,4,10,5,5,2,14,1,41,3,10,1,1,7,2,1,2,1,3,,12,12,1,22,9,121.5665155,25.0266807
111,12,1,9,38,2,07信義區,信義區吳興街361巷23弄20號,0,0,1,2,C03,6,1,5,30,14,9,1,4,4,5,7,4,4,10,5,5,2,14,2,32,2,9,1,1,7,9,1,10,1,11,,23,12,1,22,9,121.5665155,25.0266807
111,12,1,9,51,2,08士林區,士林區中山北路5段065燈桿往南方向,0,0,2,1,B01,7,1,5,50,14,9,1,5,4,5,7,4,4,5,4,5,1,16,1,64,4,11,3,4,7,8,7,19,11,15,,7,43,2,22,9,121.5273627,25.08878861
111,12,1,9,51,2,08士林區,士林區中山北路5段065燈桿往南方向,0,0,2,2,B03,7,1,5,50,14,9,1,5,4,5,7,4,4,5,4,5,1,16,1,32,3,10,1,1,7,12,1,8,1,2,,44,43,1,21,8,121.5273627,25.08878861
111,12,1,9,51,2,08士林區,士林區中山北路5段065燈桿往南方向,0,0,2,3,C03,7,1,5,50,14,9,1,5,4,5,7,4,4,5,4,5,1,16,2,29,2,8,1,1,7,9,1,10,1,14,,16,43,1,21,8,121.5273627,25.08878861
111,12,1,9,51,2,08士林區,士林區中山北路5段065燈桿往南方向,0,0,2,4,C03,7,1,5,50,14,9,1,5,4,5,7,4,4,5,4,5,1,16,1,34,2,7,1,1,7,9,1,10,1,11,,16,43,1,21,8,121.5273627,25.08878861
111,12,1,10,19,2,12內湖區,內湖區內湖路1段593號,0,0,1,1,B03,6,1,5,50,4,2,1,4,4,5,7,2,1,9,4,4,2,16,1,24,3,10,1,1,7,6,1,8,2,5,,9,9,1,22,9,121.5732466,25.08088783
111,12,1,10,19,2,12內湖區,內湖區內湖路1段593號,0,0,1,2,C03,6,1,5,50,4,2,1,4,4,5,7,2,1,9,4,4,2,16,2,53,2,9,1,1,7,9,4,8,11,14,,23,9,1,22,9,121.5732466,25.08088783
111,12,1,10,19,2,12內湖區,內湖區內湖路1段593號,0,0,1,3,,6,1,5,50,4,2,1,4,4,5,7,2,1,9,4,4,2,16,3,,,,,,,,,,,,,67,9,1,,,121.5732466,25.08088783
111,12,1,10,35,2,07信義區,信義區忠孝東路5段611號,0,0,1,1,C03,6,1,5,50,14,9,1,4,4,5,7,4,4,8,3,5,2,29,1,21,2,9,1,1,7,9,1,10,1,12,,23,23,1,22,9,121.5788477,25.0414751
111,12,1,10,35,2,07信義區,信義區忠孝東路5段611號,0,0,1,3,B01,6,1,5,50,14,9,1,4,4,5,7,4,4,8,3,5,2,29,1,61,3,10,1,1,7,8,1,4,1,15,,7,23,1,22,9,121.5788477,25.0414751
111,12,1,10,35,2,07信義區,信義區忠孝東路5段611號,0,0,1,2,,6,1,5,50,14,9,1,4,4,5,7,4,4,8,3,5,2,29,3,,,,,,,,,,,,,67,23,1,,,121.5788477,25.0414751
111,12,1,10,58,2,02萬華區,萬華區西園路2段與西藏路口,0,0,1,1,C03,7,1,5,50,4,1,1,4,4,5,7,1,1,1,4,4,1,12,1,20,3,10,1,1,7,9,1,10,2,14,,44,44,1,22,9,121.495673,25.02856719
111,12,1,10,58,2,02萬華區,萬華區西園路2段與西藏路口,0,0,1,2,C03,7,1,5,50,4,1,1,4,4,5,7,1,1,1,4,4,1,12,2,71,2,9,1,1,7,6,3,18,2,12,,44,44,1,22,9,121.495673,25.02856719
111,12,1,11,25,2,08士林區,士林區延平北路7段106巷179號對面往南,0,0,1,1,C03,8,1,5,30,14,9,1,5,4,5,7,4,4,10,5,5,2,13,2,27,2,9,1,1,7,9,1,10,1,11,,23,,1,22,9,121.4961554,25.10144976
111,12,1,11,25,2,08士林區,士林區延平北路7段106巷179號對面往南,0,0,1,2,C03,8,1,5,30,14,9,1,5,4,5,7,4,4,10,5,5,2,13,1,19,3,10,1,1,7,12,1,10,1,13,,42,,1,22,9,121.4961554,25.10144976
111,12,1,11,58,2,11南港區,南港區研究院路3段68巷與研究院路3段68巷10弄口口,0,0,2,1,F01,6,1,5,30,4,1,1,4,4,5,7,4,4,10,5,5,2,15,2,27,2,9,1,1,7,9,8,20,2,16,,6,6,1,22,9,121.6142493,25.0351306
111,12,1,11,58,2,11南港區,南港區研究院路3段68巷與研究院路3段68巷10弄口口,0,0,2,2,C03,6,1,5,30,4,1,1,4,4,5,7,4,4,10,5,5,2,15,2,42,2,8,1,1,7,9,1,10,2,12,,44,6,1,22,9,121.6142493,25.0351306
111,12,1,12,21,2,04大安區,大安區辛亥路1段114號旁,0,0,1,1,G01,6,1,5,40,14,8,1,4,4,5,7,4,4,1,4,4,2,17,1,80,3,10,3,4,7,1,7,19,1,15,,19,19,1,22,9,121.532603,25.0220198
111,12,1,12,21,2,04大安區,大安區辛亥路1段114號旁,0,0,1,2,C03,6,1,5,40,14,8,1,4,4,5,7,4,4,1,4,4,2,17,1,31,2,9,1,4,7,15,1,10,1,11,,44,19,1,22,9,121.532603,25.0220198
111,12,1,12,21,2,04大安區,大安區辛亥路1段114號旁,0,0,1,3,B02,6,1,5,40,14,8,1,4,4,5,7,4,4,1,4,4,2,17,1,54,3,10,3,4,7,13,1,8,9,4,,44,19,1,22,9,121.532603,25.0220198
111,12,1,12,59,2,01大同區,大同區承德路2段與民生西路口,0,0,1,1,C03,7,1,5,50,14,9,1,5,4,5,7,1,1,9,4,5,1,16,1,58,3,10,3,4,7,6,1,10,1,12,,9,9,1,22,9,121.5181205,25.06299198
111,12,1,12,59,2,01大同區,大同區承德路2段與民生西路口,0,0,1,2,C03,7,1,5,50,14,9,1,5,4,5,7,1,1,9,4,5,1,16,1,43,2,9,3,4,7,9,1,10,1,14,,13,9,1,22,9,121.5181205,25.06299198
111,12,1,13,9,2,04大安區,大安區敦南街76巷與辛亥路3段口,0,0,2,1,B03,6,1,5,50,3,2,1,4,4,5,7,4,4,8,3,5,1,12,2,56,3,10,1,1,7,6,1,8,1,6,,9,6,1,21,5,121.5460744,25.0200323
111,12,1,13,9,2,04大安區,大安區敦南街76巷與辛亥路3段口,0,0,2,2,C03,6,1,5,50,3,2,1,4,4,5,7,4,4,8,3,5,1,12,2,20,2,8,1,1,7,9,1,10,1,11,,23,6,1,18,5,121.5460744,25.0200323
111,12,1,13,9,2,04大安區,大安區敦南街76巷與辛亥路3段口,0,0,2,3,H02,6,1,5,50,3,2,1,4,4,5,7,4,4,8,3,5,1,12,2,20,2,8,1,1,7,20,8,20,10,16,,67,6,1,18,5,121.5460744,25.0200323
111,12,1,13,15,2,02萬華區,萬華區長順街89巷與環河南路2段280巷口,0,0,1,1,C03,7,1,5,30,4,1,1,5,4,5,7,4,4,10,5,5,2,16,1,50,2,9,1,1,7,9,1,10,2,11,,6,6,1,22,9,121.4909483,25.03231549
111,12,1,13,15,2,02萬華區,萬華區長順街89巷與環河南路2段280巷口,0,0,1,2,B03,7,1,5,30,4,1,1,5,4,5,7,4,4,10,5,5,2,16,1,28,3,10,1,1,7,9,1,8,2,5,,14,6,1,22,9,121.4909483,25.03231549
111,12,1,13,27,2,12內湖區,內湖區內湖路2段與內湖路2段235巷口,0,0,2,1,C03,7,1,5,50,3,1,1,5,4,5,7,4,4,5,5,5,2,16,2,36,2,6,1,1,7,11,1,10,1,14,,10,10,1,22,9,121.5893217,25.08178757
111,12,1,13,27,2,12內湖區,內湖區內湖路2段與內湖路2段235巷口,0,0,2,2,C03,7,1,5,50,3,1,1,5,4,5,7,4,4,5,5,5,2,16,2,64,2,8,1,1,7,9,1,10,1,11,,44,10,1,22,9,121.5893217,25.08178757
111,12,1,13,28,2,06松山區,松山區南京東路3段與敦化北路口,0,0,2,1,B03,7,1,5,50,4,1,1,5,4,5,7,2,1,3,4,3,2,15,1,33,3,10,1,1,7,9,1,8,2,2,,25,25,1,22,9,121.5489489,25.05181495
111,12,1,13,28,2,06松山區,松山區南京東路3段與敦化北路口,0,0,2,2,B01,7,1,5,50,4,1,1,5,4,5,7,2,1,3,4,3,2,15,1,68,2,3,1,1,7,9,1,4,2,1,,44,25,1,22,9,121.5489489,25.05181495
111,12,1,13,28,2,06松山區,松山區南京東路3段與敦化北路口,0,0,2,3,H02,7,1,5,50,4,1,1,5,4,5,7,2,1,3,4,3,2,15,2,31,2,1,4,5,7,20,8,20,10,16,,67,25,1,22,9,121.5489489,25.05181495
111,12,1,13,35,2,02萬華區,萬華區萬大路423巷,0,0,1,1,B12,7,1,5,50,14,9,1,5,4,5,7,4,4,8,5,5,2,12,1,49,3,10,1,1,7,9,1,8,1,2,,44,44,1,22,9,121.4989235,25.021478
111,12,1,13,35,2,02萬華區,萬華區萬大路423巷,0,0,1,2,C03,7,1,5,50,14,9,1,5,4,5,7,4,4,8,5,5,2,12,2,68,2,7,1,1,7,7,1,10,1,14,,7,44,1,22,9,121.4989235,25.021478
111,12,1,13,39,2,02萬華區,萬華區桂林路(中華路1段210號前),0,0,1,1,C03,7,1,5,50,14,9,1,5,4,5,7,1,1,8,5,5,2,12,2,49,2,9,1,3,7,7,1,10,1,13,,7,7,1,22,9,121.5063047,25.03753676
111,12,1,13,39,2,02萬華區,萬華區桂林路(中華路1段210號前),0,0,1,2,B12,7,1,5,50,14,9,1,5,4,5,7,1,1,8,5,5,2,12,1,41,3,10,1,1,7,1,1,4,1,5,,44,7,1,22,9,121.5063047,25.03753676
111,12,1,13,39,2,09北投區,北投區裕民六路與東華街1段口,0,0,1,1,B03,8,1,5,50,14,9,1,5,4,3,7,1,1,5,5,5,2,16,1,70,3,10,3,4,7,6,1,8,2,5,,23,23,1,22,9,121.516951,25.11329057
111,12,1,13,39,2,09北投區,北投區裕民六路與東華街1段口,0,0,1,2,C03,8,1,5,50,14,9,1,5,4,3,7,1,1,5,5,5,2,16,2,64,2,8,1,1,7,1,1,10,2,14,,19,23,1,22,9,121.516951,25.11329057
111,12,1,13,53,2,08士林區,士林區中正路249-1號,0,0,1,1,A12,8,1,5,50,14,20,1,5,4,1,7,4,4,10,5,5,2,17,1,48,3,10,1,1,7,13,1,3,1,15,,42,42,1,22,9,121.5252243,25.09508379
111,12,1,13,53,2,08士林區,士林區中正路249-1號,0,0,1,2,F01,8,1,5,50,14,20,1,5,4,1,7,4,4,10,5,5,2,17,1,46,2,1,1,1,7,9,8,20,1,16,,44,42,1,22,9,121.5252243,25.09508379
111,12,1,14,5,2,12內湖區,內湖區內湖路1段591巷與內湖路1段口,0,0,1,1,C03,6,1,5,50,3,1,1,4,4,5,7,1,1,1,5,5,1,12,1,32,3,10,1,1,7,5,1,10,2,14,,8,8,1,22,9,121.5731645,25.08086875
111,12,1,14,5,2,12內湖區,內湖區內湖路1段591巷與內湖路1段口,0,0,1,2,C03,6,1,5,50,3,1,1,4,4,5,7,1,1,1,5,5,1,12,1,29,2,8,1,1,7,9,1,10,2,11,,44,8,1,22,9,121.5731645,25.08086875
111,12,1,14,15,2,03中山區,中山區八德路2段300巷與市民大道3段口,0,0,1,1,B12,6,1,5,50,14,9,1,4,4,5,7,4,4,10,4,5,2,12,1,30,3,10,1,1,7,4,1,8,2,6,,44,44,1,22,9,121.5428717,25.04485775
111,12,1,14,15,2,03中山區,中山區八德路2段300巷與市民大道3段口,0,0,1,2,C03,6,1,5,50,14,9,1,4,4,5,7,4,4,10,4,5,2,12,1,53,2,9,1,1,7,15,1,10,2,14,,17,44,1,22,9,121.5428717,25.04485775
111,12,1,14,53,2,04大安區,大安區辛亥路2段185號,0,0,1,1,C03,6,1,5,50,14,9,1,4,4,5,7,4,4,9,4,4,1,11,1,42,2,9,1,4,7,9,1,10,1,11,,42,46,1,22,9,121.541609,25.0215734
111,12,1,14,53,2,04大安區,大安區辛亥路2段185號,0,0,1,2,B03,6,1,5,50,14,9,1,4,4,5,7,4,4,9,4,4,1,11,1,37,3,10,1,4,7,14,1,8,1,3,,38,46,1,22,9,121.541609,25.0215734
111,12,1,14,53,2,10文山區,文山區木柵路3段與萬壽橋口,0,0,1,1,B03,6,1,5,50,4,2,1,4,4,5,7,2,1,1,4,5,2,16,2,26,3,10,1,1,7,5,1,8,2,8,,6,6,1,22,9,121.5711064,24.99161673
111,12,1,14,53,2,10文山區,文山區木柵路3段與萬壽橋口,0,0,1,2,C03,6,1,5,50,4,2,1,4,4,5,7,2,1,1,4,5,2,16,1,68,2,9,1,1,7,9,1,10,2,11,,44,6,1,22,9,121.5711064,24.99161673
111,12,1,14,55,2,06松山區,松山區南京東路4段93號,0,0,1,1,B03,7,1,5,40,14,8,1,5,4,5,7,4,4,9,4,4,1,12,1,51,3,10,1,4,7,1,1,8,2,7,,19,19,1,22,9,121.5544231,25.05175833
111,12,1,14,55,2,06松山區,松山區南京東路4段93號,0,0,1,2,C03,7,1,5,40,14,8,1,5,4,5,7,4,4,9,4,4,1,12,1,43,2,9,1,4,7,9,1,10,2,11,,22,19,1,22,9,121.5544231,25.05175833
111,12,1,15,6,2,06松山區,松山區塔悠路99號與堤外便道口,0,0,2,3,A11,6,1,5,50,3,2,1,4,4,5,7,4,4,1,4,5,2,17,1,36,3,10,1,1,7,2,1,1,1,7,,12,13,1,22,9,121.5700991,25.05370766
111,12,1,15,6,2,06松山區,松山區塔悠路99號與堤外便道口,0,0,2,1,C03,6,1,5,50,3,2,1,4,4,5,7,4,4,1,4,5,2,17,1,33,2,9,1,1,7,9,1,10,1,14,,13,13,1,22,2,121.5700991,25.05370766
111,12,1,15,6,2,06松山區,松山區塔悠路99號與堤外便道口,0,0,2,2,C03,6,1,5,50,3,2,1,4,4,5,7,4,4,1,4,5,2,17,2,22,2,9,1,1,7,9,1,10,1,14,,16,13,1,22,9,121.5700991,25.05370766
111,12,1,15,37,2,10文山區,文山區木新路3段179號前,0,0,2,1,C03,6,1,5,50,14,9,1,4,4,5,7,4,4,5,2,5,2,16,1,44,2,9,1,1,7,1,1,10,2,14,,19,8,1,22,9,121.5602942,24.98158859
111,12,1,15,37,2,10文山區,文山區木新路3段179號前,0,0,2,2,C03,6,1,5,50,14,9,1,4,4,5,7,4,4,5,2,5,2,16,2,21,2,9,1,1,7,7,1,10,2,11,12,7,8,1,22,9,121.5602942,24.98158859
111,12,1,15,45,2,12內湖區,內湖區瑞湖街182號,0,0,1,1,C03,6,1,5,50,3,2,5,4,4,5,7,4,4,10,5,5,1,17,1,30,3,10,1,1,7,5,1,10,1,11,,8,8,1,22,9,121.5764204,25.06972488
111,12,1,15,45,2,12內湖區,內湖區瑞湖街182號,0,0,1,2,C03,6,1,5,50,3,2,5,4,4,5,7,4,4,10,5,5,1,17,1,18,2,9,1,1,7,9,1,10,1,14,,44,8,1,22,9,121.5764204,25.06972488
111,12,1,15,46,2,03中山區,中山區濱江街136號,0,0,1,1,B01,7,1,5,50,14,9,1,5,4,5,7,4,4,1,3,5,2,12,1,64,3,10,3,4,7,6,1,4,2,6,,9,9,1,22,9,121.5351644,25.07228414
111,12,1,15,46,2,03中山區,中山區濱江街136號,0,0,1,2,C03,7,1,5,50,14,9,1,5,4,5,7,4,4,1,3,5,2,12,1,29,2,9,3,4,7,9,1,10,2,11,,13,9,1,22,9,121.5351644,25.07228414
111,12,1,15,54,2,08士林區,士林區文林路與大北路口,0,0,1,1,F01,7,1,5,30,3,1,1,5,4,5,7,4,4,5,5,5,2,17,2,72,2,9,1,1,7,5,8,20,2,16,,6,6,1,22,9,121.526924,25.08966072
111,12,1,15,54,2,08士林區,士林區文林路與大北路口,0,0,1,2,C03,7,1,5,30,3,1,1,5,4,5,7,4,4,5,5,5,2,17,1,33,3,10,1,1,7,9,1,10,2,11,,14,6,1,22,9,121.526924,25.08966072
111,12,1,16,15,2,03中山區,中山區五常街11巷與五常街口,0,0,2,1,C03,6,1,5,30,3,1,1,4,4,5,7,4,4,10,5,5,2,16,1,54,2,9,1,1,7,6,1,10,1,11,,23,23,1,22,9,121.5377349,25.064379
111,12,1,16,15,2,03中山區,中山區五常街11巷與五常街口,0,0,2,2,C03,6,1,5,30,3,1,1,4,4,5,7,4,4,10,5,5,2,16,1,40,2,9,1,1,7,1,1,10,1,14,,19,23,1,22,9,121.5377349,25.064379
111,12,1,16,46,2,09北投區,北投區承德路7段與尊賢街243巷口,0,0,2,1,F01,8,1,5,50,4,2,1,5,4,5,7,1,1,9,4,5,1,16,1,60,2,8,1,1,7,9,8,20,2,16,,42,42,1,22,9,121.5052377,25.11625764
111,12,1,16,46,2,09北投區,北投區承德路7段與尊賢街243巷口,0,0,2,2,C03,8,1,5,50,4,2,1,5,4,5,7,1,1,9,4,5,1,16,2,23,2,8,1,1,7,9,1,10,2,12,,44,42,1,22,9,121.5052377,25.11625764
111,12,1,16,51,2,05中正區,中正區思源街1號,0,0,1,1,C03,6,1,5,50,3,1,1,4,4,5,7,1,1,5,4,5,2,17,1,30,2,9,1,1,7,9,1,10,1,12,,23,23,1,22,9,121.5301636,25.01348135
111,12,1,16,51,2,05中正區,中正區思源街1號,0,0,1,2,B03,6,1,5,50,3,1,1,4,4,5,7,1,1,5,4,5,2,17,2,69,3,10,1,1,7,9,1,8,1,3,,44,23,1,22,9,121.5301636,25.01348135
111,12,1,17,2,2,10文山區,文山區萬美街1段停車格12旁,0,0,1,1,B03,6,3,5,50,14,9,1,4,4,5,7,2,1,5,5,5,2,13,1,65,3,10,1,1,7,9,1,8,2,5,,23,23,1,22,9,121.5709251,25.0022979
111,12,1,17,2,2,10文山區,文山區萬美街1段停車格12旁,0,0,1,2,C03,6,3,5,50,14,9,1,4,4,5,7,2,1,5,5,5,2,13,1,33,2,8,1,1,7,14,1,10,2,13,,44,23,1,22,9,121.5709251,25.0022979
111,12,1,17,2,2,10文山區,文山區萬美街1段停車格12旁,0,0,1,3,B03,6,3,5,50,14,9,1,4,4,5,7,2,1,5,5,5,2,13,3,,,,,,,,,,,,,67,23,1,,,121.5709251,25.0022979
111,12,1,17,2,2,07信義區,信義區信安街67巷與信安街口,0,0,1,1,C03,6,3,5,50,4,1,1,4,4,5,7,1,1,5,4,5,2,12,2,42,2,9,1,1,7,5,1,10,1,13,,8,8,1,22,9,121.5575555,25.02608943
111,12,1,17,2,2,07信義區,信義區信安街67巷與信安街口,0,0,1,2,B03,6,3,5,50,4,1,1,4,4,5,7,1,1,5,4,5,2,12,1,46,3,10,1,1,7,9,1,8,1,1,,44,8,1,22,9,121.5575555,25.02608943
111,12,1,17,39,2,04大安區,大安區市民大道4段32號,0,0,1,1,C03,6,3,5,40,15,6,1,4,4,5,7,4,4,8,3,5,2,12,2,48,2,8,1,1,7,5,1,10,1,13,,8,7,1,22,9,121.5452077,25.04486864
111,12,1,17,39,2,04大安區,大安區市民大道4段32號,0,0,1,2,C03,6,3,5,40,15,6,1,4,4,5,7,4,4,8,3,5,2,12,1,48,3,10,1,1,7,9,1,10,1,11,,14,7,1,22,9,121.5452077,25.04486864
111,12,1,17,40,2,12內湖區,內湖區行愛路與新湖二路口,0,0,1,1,C03,6,3,5,50,4,1,1,4,4,5,7,2,1,9,4,4,2,17,2,58,3,10,1,1,7,14,1,10,1,15,,6,43,1,22,9,121.5806791,25.0633481
111,12,1,17,40,2,12內湖區,內湖區行愛路與新湖二路口,0,0,1,2,C03,6,3,5,50,4,1,1,4,4,5,7,2,1,9,4,4,2,17,2,28,2,9,1,1,7,9,1,10,1,12,,13,43,1,22,9,121.5806791,25.0633481
111,12,1,17,40,2,12內湖區,內湖區金龍路183號前,0,0,1,1,C03,6,3,5,50,3,1,1,4,4,5,7,4,4,5,4,4,2,17,1,72,3,10,1,1,7,9,1,10,1,15,,6,6,1,22,9,121.5884938,25.0869166
111,12,1,17,40,2,12內湖區,內湖區金龍路183號前,0,0,1,2,C03,6,3,5,50,3,1,1,4,4,5,7,4,4,5,4,4,2,17,1,25,2,9,1,1,7,9,1,10,1,12,,14,6,1,22,9,121.5884938,25.0869166
111,12,1,17,56,2,02萬華區,萬華區水源快速道路往南208號燈桿前,0,0,2,1,B03,6,3,5,60,14,7,1,4,4,5,7,4,4,6,3,5,2,13,1,20,3,10,1,1,7,9,1,8,1,8,,13,13,1,22,9,121.5030686,25.01927
111,12,1,17,56,2,02萬華區,萬華區水源快速道路往南208號燈桿前,0,0,2,2,B03,6,3,5,60,14,7,1,4,4,5,7,4,4,6,3,5,2,13,2,41,2,6,1,1,7,9,1,8,1,3,,44,13,1,22,9,121.5030686,25.01927
111,12,1,17,56,2,02萬華區,萬華區水源快速道路往南208號燈桿前,0,0,2,3,H02,6,3,5,60,14,7,1,4,4,5,7,4,4,6,3,5,2,13,2,39,2,6,1,5,7,21,8,20,11,16,,67,13,1,22,9,121.5030686,25.01927
111,12,1,18,5,2,05中正區,中正區羅斯福路2段與潮州街3巷口,0,0,1,1,C03,6,3,5,50,5,1,1,4,4,5,7,1,1,10,5,5,2,12,1,53,3,10,1,1,7,9,1,10,1,14,,43,17,1,22,9,121.5204731,25.02980402
111,12,1,18,5,2,05中正區,中正區羅斯福路2段與潮州街3巷口,0,0,1,2,C03,6,3,5,50,5,1,1,4,4,5,7,1,1,10,5,5,2,12,2,69,2,9,1,1,7,9,1,10,1,12,,43,17,1,22,9,121.5204731,25.02980402
111,12,1,18,6,2,04大安區,大安區安和路2段171巷10號,0,0,1,1,C03,6,3,5,30,14,9,1,4,4,5,7,4,4,10,5,5,2,14,1,38,3,10,1,1,7,2,1,10,1,13,,42,44,1,22,9,121.5503807,25.0279018
111,12,1,18,6,2,04大安區,大安區安和路2段171巷10號,0,0,1,2,C03,6,3,5,30,14,9,1,4,4,5,7,4,4,10,5,5,2,14,1,32,2,7,1,1,7,9,1,10,1,11,,44,44,1,22,9,121.5503807,25.0279018
111,12,1,18,9,2,02萬華區,萬華區萬大路322巷與德昌街67巷口,0,0,2,1,C03,6,3,5,30,4,1,1,4,4,3,7,4,4,10,5,5,2,15,1,20,2,9,1,4,7,9,1,10,1,13,,13,44,1,22,9,121.4983775,25.02456437
111,12,1,18,9,2,02萬華區,萬華區萬大路322巷與德昌街67巷口,0,0,2,2,C03,6,3,5,30,4,1,1,4,4,3,7,4,4,10,5,5,2,15,1,58,2,9,3,4,7,9,1,10,1,11,,14,44,1,22,9,121.4983775,25.02456437
111,12,1,18,9,2,02萬華區,萬華區萬大路322巷與德昌街67巷口,0,0,2,3,B12,6,3,5,30,4,1,1,4,4,3,7,4,4,10,5,5,2,15,1,34,3,10,3,1,7,13,1,8,9,15,,38,44,1,22,9,121.4983775,25.02456437
111,12,1,18,9,2,02萬華區,萬華區萬大路322巷與德昌街67巷口,0,0,2,4,,6,3,5,30,4,1,1,4,4,3,7,4,4,10,5,5,2,15,3,,,,,,,,,,,,,67,44,1,,,121.4983775,25.02456437
111,12,1,18,10,2,03中山區,中山區民生東路1段70巷與林森北路353巷口,0,0,1,1,C03,6,3,5,30,4,1,1,4,4,5,7,4,4,10,5,5,2,15,1,40,2,9,3,4,7,9,1,10,2,14,,6,6,1,22,9,121.5264187,25.0570298
111,12,1,18,10,2,03中山區,中山區民生東路1段70巷與林森北路353巷口,0,0,1,2,B01,6,3,5,30,4,1,1,4,4,5,7,4,4,10,5,5,2,15,1,48,3,10,3,4,7,9,1,4,2,1,,23,6,1,22,9,121.5264187,25.0570298
111,12,1,18,10,2,03中山區,中山區民生東路1段70巷與林森北路353巷口,0,0,1,3,B03,6,3,5,30,4,1,1,4,4,5,7,4,4,10,5,5,2,15,3,,,,,,,,,,,,,67,6,1,,,121.5264187,25.0570298
111,12,1,18,20,2,12內湖區,內湖區五分街15號,0,0,1,1,B03,6,1,5,40,14,9,1,4,4,5,7,4,4,5,5,5,1,17,1,22,3,10,1,1,7,15,3,18,1,4,,40,40,1,22,9,121.612578,25.06764854