發生年度,發生月,發生日,發生時-Hours,發生分,處理別-編號,區序,肇事地點,死亡人數,2-30日死亡人數,受傷人數,當事人序號,車種,天候,光線,道路類別,速限-速度限制,道路型態,事故位置,路面狀況1,路面狀況2,路面狀況3,道路障礙1,道路障礙2,號誌1,號誌2,車道劃分-分向,車道劃分-分道1,車道劃分-分道2,車道劃分-分道3,事故類型及型態,性別,年齡,受傷程度,主要傷處,安全帽,行動電話,車輛用途,當事者行動狀態,駕駛資格情形,駕駛執照種類,飲酒情形,車輛撞擊部位1,車輛撞擊部位2,肇因碼-個別,肇因碼-主要,個人肇逃否,職業,旅次目的,座標-X,座標-Y
111,12,1,18,20,2,12內湖區,內湖區五分街15號,0,0,1,2,C03,6,1,5,40,14,9,1,4,4,5,7,4,4,5,5,5,1,17,2,73,2,9,1,1,7,9,4,8,1,12,,44,40,1,22,9,121.612578,25.06764854
111,12,1,18,22,2,03中山區,中山區林森北路與長春路口,0,0,1,1,B03,6,3,5,50,4,2,1,4,4,5,7,2,1,5,4,5,2,17,1,51,3,10,3,4,7,5,1,8,1,1,,8,8,1,22,9,121.5263025,25.0549863
111,12,1,18,22,2,03中山區,中山區林森北路與長春路口,0,0,1,2,C03,6,3,5,50,4,2,1,4,4,5,7,2,1,5,4,5,2,17,1,28,2,9,3,4,7,9,1,10,1,14,,44,8,1,22,9,121.5263025,25.0549863
111,12,1,18,30,2,03中山區,中山區民族東路與濱江街180巷口,0,0,1,1,B03,6,3,5,50,5,1,1,4,4,5,5,1,1,3,4,4,2,16,1,64,3,10,1,1,7,5,1,8,1,6,,6,8,1,22,9,121.5381253,25.0682088
111,12,1,18,30,2,03中山區,中山區民族東路與濱江街180巷口,0,0,1,2,C03,6,3,5,50,5,1,1,4,4,5,5,1,1,3,4,4,2,16,1,29,2,8,1,1,7,9,1,10,1,11,,13,8,1,22,9,121.5381253,25.0682088
111,12,1,18,30,2,03中山區,中山區明水路397巷與明水路口,0,0,2,4,H02,6,3,5,50,3,1,1,4,4,5,7,1,1,1,4,5,2,16,2,35,2,8,4,5,7,21,8,20,10,16,,67,8,1,22,9,121.5476978,25.0773326
111,12,1,18,30,2,03中山區,中山區明水路397巷與明水路口,0,0,2,1,C03,6,3,5,50,3,1,1,4,4,5,7,1,1,1,4,5,2,16,2,19,2,8,1,1,7,5,1,10,1,12,,8,8,1,22,9,121.5476978,25.0773326
111,12,1,18,30,2,03中山區,中山區明水路397巷與明水路口,0,0,2,2,C03,6,3,5,50,3,1,1,4,4,5,7,1,1,1,4,5,2,16,1,43,3,10,1,1,7,9,1,10,1,11,,44,8,1,22,9,121.5476978,25.0773326
111,12,1,18,30,2,03中山區,中山區明水路397巷與明水路口,0,0,2,3,C03,6,3,5,50,3,1,1,4,4,5,7,1,1,1,4,5,2,16,1,29,3,10,1,1,7,9,1,10,1,14,,44,8,1,22,9,121.5476978,25.0773326
111,12,1,18,45,2,05中正區,中正區博愛路與衡陽路口,0,0,2,1,C03,6,3,5,50,4,1,1,4,4,5,7,2,1,10,5,5,2,16,1,32,2,9,1,1,7,6,1,10,1,12,,44,44,1,22,9,121.5115135,25.0423297
111,12,1,18,45,2,05中正區,中正區博愛路與衡陽路口,0,0,2,2,C03,6,3,5,50,4,1,1,4,4,5,7,2,1,10,5,5,2,16,2,24,2,7,1,1,7,9,1,10,1,14,,44,44,1,22,9,121.5115135,25.0423297
111,12,1,18,50,2,07信義區,信義區基隆路1段與松壽路口,0,0,2,1,C03,6,3,5,30,4,1,1,4,4,5,7,1,1,1,4,5,2,12,2,49,2,9,1,1,7,9,1,10,1,11,,23,16,1,22,9,121.561244,25.0360541
111,12,1,18,50,2,07信義區,信義區基隆路1段與松壽路口,0,0,2,2,C03,6,3,5,30,4,1,1,4,4,5,7,1,1,1,4,5,2,12,1,58,2,9,1,1,7,9,1,10,1,13,,44,16,1,22,9,121.561244,25.0360541
111,12,1,18,52,2,02萬華區,萬華區西昌街與長沙街2段口,0,0,2,1,C03,6,3,5,50,4,1,1,4,4,5,7,1,1,5,5,5,2,16,2,25,2,9,1,1,7,5,1,10,1,11,,6,6,1,22,9,121.5007866,25.04103319
111,12,1,18,52,2,02萬華區,萬華區西昌街與長沙街2段口,0,0,2,2,C03,6,3,5,50,4,1,1,4,4,5,7,1,1,5,5,5,2,16,1,65,2,9,1,1,7,9,6,10,1,11,,44,6,1,22,9,121.5007866,25.04103319
111,12,1,18,53,2,12內湖區,內湖區行善路與新湖二路口口,0,0,1,1,C03,6,3,5,50,14,9,1,4,4,5,7,4,4,1,1,5,2,16,2,49,2,9,1,1,7,9,1,10,1,14,,17,17,1,22,9,121.5856668,25.06502843
111,12,1,18,53,2,12內湖區,內湖區行善路與新湖二路口口,0,0,1,2,B03,6,3,5,50,14,9,1,4,4,5,7,4,4,1,1,5,2,16,1,51,3,10,1,1,7,9,1,8,1,2,,44,17,1,22,9,121.5856668,25.06502843
111,12,1,19,0,2,03中山區,中山區天祥路與撫順街口,0,0,1,1,B03,6,3,5,50,4,1,1,4,4,5,7,4,4,5,5,5,2,15,1,50,3,10,1,1,7,1,1,8,1,1,,19,43,1,22,9,121.5207388,25.0635789
111,12,1,19,0,2,03中山區,中山區天祥路與撫順街口,0,0,1,2,C03,6,3,5,50,4,1,1,4,4,5,7,4,4,5,5,5,2,15,2,25,2,8,1,1,7,9,1,10,1,14,,6,43,1,22,9,121.5207388,25.0635789
111,12,1,19,0,2,10文山區,文山區木新路2段與永安街6巷口,0,0,1,1,H01,6,3,5,50,3,2,1,4,4,1,7,4,4,5,4,5,2,3,1,90,2,9,4,5,8,16,8,20,10,16,,51,51,1,22,9,121.5706468,24.98709667
111,12,1,19,0,2,10文山區,文山區木新路2段與永安街6巷口,0,0,1,2,B03,6,3,5,50,3,2,1,4,4,1,7,4,4,5,4,5,2,3,2,20,3,10,1,1,7,9,1,8,2,5,,23,51,1,22,9,121.5706468,24.98709667
111,12,1,19,6,2,10文山區,文山區木柵路4段與木柵路4段33巷口口,0,0,2,1,C03,6,3,5,50,3,1,1,4,4,5,7,1,1,4,3,4,1,16,1,50,2,8,1,1,7,5,1,10,2,12,,6,6,1,22,9,121.5715329,24.9940638
111,12,1,19,6,2,10文山區,文山區木柵路4段與木柵路4段33巷口口,0,0,2,2,C03,6,3,5,50,3,1,1,4,4,5,7,1,1,4,3,4,1,16,2,24,2,9,1,1,7,9,1,10,2,14,,44,6,1,22,9,121.5715329,24.9940638
111,12,1,19,12,2,10文山區,文山區指南路2段223號,0,0,1,1,B03,6,3,5,30,14,9,1,4,4,5,7,3,1,4,4,5,2,12,1,34,3,10,1,1,7,9,1,8,2,8,,6,6,1,22,9,121.5797669,24.9859229
111,12,1,19,12,2,10文山區,文山區指南路2段223號,0,0,1,2,C03,6,3,5,30,14,9,1,4,4,5,7,3,1,4,4,5,2,12,2,47,2,9,1,1,7,9,1,8,2,12,,44,6,1,22,9,121.5797669,24.9859229
111,12,1,19,14,2,12內湖區,內湖區陽光街與瑞湖街口,0,0,1,1,B03,6,3,5,50,4,1,1,4,4,5,7,2,1,9,4,5,2,16,2,30,3,10,1,1,7,5,1,8,2,7,,8,8,1,22,9,121.5761379,25.0728317
111,12,1,19,14,2,12內湖區,內湖區陽光街與瑞湖街口,0,0,1,2,C03,6,3,5,50,4,1,1,4,4,5,7,2,1,9,4,5,2,16,2,30,2,9,1,1,7,9,1,10,2,12,,44,8,1,22,9,121.5761379,25.0728317
111,12,1,19,15,2,03中山區,中山區民生東路2段115巷與松江路226巷口,0,0,1,1,C03,6,3,5,30,4,1,1,4,4,5,7,4,4,10,5,5,2,16,1,34,2,7,1,1,7,9,1,10,1,11,,6,6,1,22,9,121.5316485,25.0584941
111,12,1,19,15,2,03中山區,中山區民生東路2段115巷與松江路226巷口,0,0,1,2,B03,6,3,5,30,4,1,1,4,4,5,7,4,4,10,5,5,2,16,2,54,3,10,1,1,7,5,1,8,1,8,,8,6,1,22,9,121.5316485,25.0584941
111,12,1,19,25,2,03中山區,中山區松江路與德惠街口,0,0,1,1,B03,7,3,5,50,4,1,1,5,4,5,7,1,1,1,4,5,2,17,2,47,3,10,1,1,7,5,1,8,1,1,,6,6,1,22,9,121.5331883,25.0665611
111,12,1,19,25,2,03中山區,中山區松江路與德惠街口,0,0,1,2,C03,7,3,5,50,4,1,1,5,4,5,7,1,1,1,4,5,2,17,1,28,2,9,1,1,7,9,1,10,1,14,,13,6,1,22,9,121.5331883,25.0665611
111,12,1,19,26,2,05中正區,中正區中山北路1段與北平東路口,0,0,2,1,B02,6,3,5,50,4,1,1,4,4,5,7,1,1,9,4,5,1,12,1,57,3,10,1,1,7,9,1,4,2,8,,23,23,1,22,9,121.5201788,25.0471047
111,12,1,19,26,2,05中正區,中正區中山北路1段與北平東路口,0,0,2,2,C03,6,3,5,50,4,1,1,4,4,5,7,1,1,9,4,5,1,12,2,38,2,9,1,1,7,9,1,10,2,12,,44,23,1,22,9,121.5201788,25.0471047
111,12,1,19,26,2,05中正區,中正區中山北路1段與北平東路口,0,0,2,3,H02,6,3,5,50,4,1,1,4,4,5,7,1,1,9,4,5,1,12,1,5,2,9,4,5,7,20,8,20,10,16,,67,23,1,22,9,121.5201788,25.0471047
111,12,1,19,48,2,04大安區,大安區辛亥路2段175號對面(台大側),0,0,1,1,C03,6,3,5,50,14,7,1,4,4,5,7,4,4,1,4,4,2,17,1,44,2,8,1,1,7,15,1,10,1,11,,23,23,1,22,9,121.5414041,25.02106425
111,12,1,19,48,2,04大安區,大安區辛亥路2段175號對面(台大側),0,0,1,2,B03,6,3,5,50,14,7,1,4,4,5,7,4,4,1,4,4,2,17,2,49,3,10,1,1,7,14,1,4,1,6,,44,23,1,22,9,121.5414041,25.02106425
111,12,1,19,48,2,04大安區,大安區辛亥路2段175號對面(台大側),0,0,1,3,C03,6,3,5,50,14,7,1,4,4,5,7,4,4,1,4,4,2,17,3,,,,,,,,,,,,,67,23,1,,,121.5414041,25.02106425
111,12,1,19,48,2,04大安區,大安區辛亥路2段175號對面(台大側),0,0,1,4,C04,6,3,5,50,14,7,1,4,4,5,7,4,4,1,4,4,2,17,3,,,,,,,,,,,,,67,23,1,,,121.5414041,25.02106425
111,12,1,20,21,2,10文山區,文山區和興路21號對面,0,0,1,1,C03,6,3,5,30,14,9,1,4,4,5,7,4,4,10,5,5,1,2,2,22,3,10,1,1,7,9,1,10,2,11,,23,23,1,18,9,121.5463273,24.98568495
111,12,1,20,21,2,10文山區,文山區和興路21號對面,0,0,1,2,H01,6,3,5,30,14,9,1,4,4,5,7,4,4,10,5,5,1,2,2,60,2,9,4,5,8,16,8,20,10,16,,67,23,1,22,9,121.5463273,24.98568495
111,12,1,20,30,2,12內湖區,內湖區成功路2段與成功路2段320巷口,0,0,1,1,C03,6,3,5,50,14,9,1,4,4,5,7,1,1,3,4,5,2,13,1,45,2,9,1,1,7,9,1,10,1,15,,42,43,1,22,9,121.5907196,25.0673408
111,12,1,20,30,2,12內湖區,內湖區成功路2段與成功路2段320巷口,0,0,1,2,B01,6,3,5,50,14,9,1,4,4,5,7,1,1,3,4,5,2,13,1,58,3,10,1,1,7,14,1,4,1,3,,44,43,1,22,9,121.5907196,25.0673408
111,12,1,20,31,2,03中山區,中山區興安街與合江街口,0,0,2,1,B03,6,3,5,50,4,2,1,4,4,5,7,2,1,5,4,4,2,17,1,50,3,10,3,4,7,6,1,8,1,5,,6,6,1,22,9,121.5396233,25.0562735
111,12,1,20,31,2,03中山區,中山區興安街與合江街口,0,0,2,2,C03,6,3,5,50,4,2,1,4,4,5,7,2,1,5,4,4,2,17,2,19,2,9,3,4,7,9,1,10,1,14,,23,6,1,22,9,121.5396233,25.0562735
111,12,1,20,31,2,03中山區,中山區興安街與合江街口,0,0,2,3,H02,6,3,5,50,4,2,1,4,4,5,7,2,1,5,4,4,2,17,2,19,2,9,4,5,7,20,8,20,10,16,,67,6,1,22,9,121.5396233,25.0562735
111,12,1,20,32,2,07信義區,信義區吳興街260巷與吳興街260巷21弄口,0,0,2,1,C03,6,3,5,30,3,1,1,4,4,5,7,4,4,10,5,5,2,12,1,72,2,9,1,1,7,5,1,10,1,14,,8,8,1,22,9,121.5629794,25.0259488
111,12,1,20,32,2,07信義區,信義區吳興街260巷與吳興街260巷21弄口,0,0,2,2,C03,6,3,5,30,3,1,1,4,4,5,7,4,4,10,5,5,2,12,2,32,2,9,1,1,7,9,1,10,1,12,,44,8,1,22,9,121.5629794,25.0259488
111,12,1,20,38,2,04大安區,大安區基隆路4段75號,0,0,1,1,C03,6,3,5,40,14,8,1,4,4,5,7,4,4,1,4,4,2,12,1,29,3,10,3,4,7,6,1,10,1,12,,9,17,1,22,9,121.5393464,25.0128206
111,12,1,20,38,2,04大安區,大安區基隆路4段75號,0,0,1,2,C03,6,3,5,40,14,8,1,4,4,5,7,4,4,1,4,4,2,12,2,40,2,9,3,4,7,9,1,10,1,11,,17,17,1,22,9,121.5393464,25.0128206
111,12,1,20,51,2,12內湖區,內湖區南京東路6段與成功路2段口往東往成功路迴轉道,0,0,2,1,B03,6,3,5,50,14,17,1,4,4,5,7,4,4,1,1,5,1,16,2,26,3,10,1,1,7,9,1,8,1,2,,16,16,1,22,9,121.5914733,25.0622951
111,12,1,20,51,2,12內湖區,內湖區南京東路6段與成功路2段口往東往成功路迴轉道,0,0,2,2,B03,6,3,5,50,14,17,1,4,4,5,7,4,4,1,1,5,1,16,1,25,2,9,1,1,7,9,1,8,1,4,,23,16,1,22,9,121.5914733,25.0622951
111,12,1,20,51,2,12內湖區,內湖區南京東路6段與成功路2段口往東往成功路迴轉道,0,0,2,3,H02,6,3,5,50,14,17,1,4,4,5,7,4,4,1,1,5,1,16,1,25,2,9,4,5,7,20,8,20,10,16,,67,16,1,22,9,121.5914733,25.0622951
111,12,1,20,51,2,12內湖區,內湖區南京東路6段與成功路2段口往東往成功路迴轉道,0,0,2,4,,6,3,5,50,14,17,1,4,4,5,7,4,4,1,1,5,1,16,3,,,,,,,,,,,,,67,,1,,,121.5914733,25.0622951
111,12,1,21,0,2,09北投區,北投區中央北路2段132號,0,0,1,1,C03,6,3,5,50,14,9,1,4,4,5,7,2,1,5,4,5,2,18,1,41,2,8,1,1,7,9,1,10,1,12,,43,43,1,22,9,121.4915527,25.1384747
111,12,1,21,0,2,09北投區,北投區中央北路2段132號,0,0,1,2,,6,3,5,50,14,9,1,4,4,5,7,2,1,5,4,5,2,18,3,,,,,,,,,,,,,67,43,1,,,121.4915527,25.1384747
111,12,1,21,0,2,12內湖區,內湖區內湖路2段192號前,0,0,1,1,B03,6,3,5,50,14,9,1,4,4,5,7,4,4,9,4,5,2,16,1,49,3,10,1,1,7,1,6,8,2,5,,19,19,1,22,9,121.5857784,25.0807602
111,12,1,21,0,2,12內湖區,內湖區內湖路2段192號前,0,0,1,2,C03,6,3,5,50,14,9,1,4,4,5,7,4,4,9,4,5,2,16,2,56,2,9,1,1,7,9,1,10,2,14,,44,19,1,22,9,121.5857784,25.0807602
111,12,1,21,38,2,01大同區,大同區承德路3段與撫順街口,0,0,1,1,B01,8,3,5,50,3,1,1,5,4,5,7,4,4,1,4,5,2,17,1,61,3,10,1,1,7,6,1,4,1,4,,6,6,1,22,9,121.5183675,25.06327896
111,12,1,21,38,2,01大同區,大同區承德路3段與撫順街口,0,0,1,2,C03,8,3,5,50,3,1,1,5,4,5,7,4,4,1,4,5,2,17,1,22,2,9,1,1,7,9,1,10,1,12,,14,6,1,22,9,121.5183675,25.06327896
111,12,1,21,44,2,03中山區,中山區樂群二路116巷與敬業三路161巷口,0,0,2,1,B01,7,3,5,30,4,1,1,4,4,5,7,4,4,5,5,5,2,15,1,42,2,1,1,1,7,9,1,3,1,6,,6,6,1,22,9,121.5553753,25.0792584
111,12,1,21,44,2,03中山區,中山區樂群二路116巷與敬業三路161巷口,0,0,2,2,B03,7,3,5,30,4,1,1,4,4,5,7,4,4,5,5,5,2,15,2,47,2,8,1,1,7,9,1,8,1,1,,23,6,1,22,9,121.5553753,25.0792584
111,12,1,22,55,2,04大安區,大安區基隆路2段166-1號,0,0,1,1,C03,6,3,5,50,14,9,1,4,4,5,7,4,4,2,3,5,2,17,2,35,3,10,1,1,7,1,1,10,1,15,,19,19,1,22,9,121.5554202,25.0271422
111,12,1,22,55,2,04大安區,大安區基隆路2段166-1號,0,0,1,2,C03,6,3,5,50,14,9,1,4,4,5,7,4,4,2,3,5,2,17,1,54,2,9,1,1,7,9,1,10,1,15,,44,19,1,22,9,121.5554202,25.0271422
111,12,1,22,55,2,12內湖區,內湖區東湖路與東湖路119巷口,0,0,2,1,B03,6,3,5,30,4,1,1,4,4,5,7,2,1,5,4,5,1,3,1,65,3,10,1,1,7,5,1,8,2,1,,15,15,1,22,9,121.6162748,25.06824019
111,12,1,22,55,2,12內湖區,內湖區東湖路與東湖路119巷口,0,0,2,2,H01,6,3,5,30,4,1,1,4,4,5,7,2,1,5,4,5,1,3,2,59,2,1,4,5,8,16,8,20,10,16,,67,15,1,22,9,121.6162748,25.06824019
111,12,1,22,55,2,12內湖區,內湖區東湖路與東湖路119巷口,0,0,2,3,H01,6,3,5,30,4,1,1,4,4,5,7,2,1,5,4,5,1,3,2,22,2,7,4,5,8,16,8,20,10,15,,67,15,1,22,9,121.6162748,25.06824019
111,12,1,22,58,2,04大安區,大安區羅斯福路4段與新生南路3段口,0,0,1,1,B02,6,3,5,50,5,2,1,4,4,5,7,4,4,1,4,5,2,13,1,30,3,10,1,1,7,9,1,6,2,5,,23,44,1,22,9,121.5330573,25.0161009
111,12,1,22,58,2,04大安區,大安區羅斯福路4段與新生南路3段口,0,0,1,2,C03,6,3,5,50,5,2,1,4,4,5,7,4,4,1,4,5,2,13,1,30,2,9,1,1,7,14,1,10,2,13,,44,44,1,22,9,121.5330573,25.0161009
111,12,1,23,1,2,11南港區,南港區三重路與三重路41巷口,0,0,2,1,C03,6,3,5,50,3,1,1,4,4,5,7,4,4,5,4,5,2,13,2,20,2,8,1,1,7,9,1,10,1,11,,23,23,1,21,8,121.6142578,25.0599272
111,12,1,23,1,2,11南港區,南港區三重路與三重路41巷口,0,0,2,2,C03,6,3,5,50,3,1,1,4,4,5,7,4,4,5,4,5,2,13,1,23,2,8,1,1,7,11,1,10,1,13,,10,23,1,21,8,121.6142578,25.0599272
111,12,1,23,50,2,06松山區,松山區松河街168號,0,0,3,1,C03,7,3,5,40,3,1,1,4,4,5,7,1,1,9,4,5,2,3,2,53,2,9,1,4,7,9,4,11,1,11,,15,23,1,22,9,121.5765272,25.05137597
111,12,1,23,50,2,06松山區,松山區松河街168號,0,0,3,2,H01,7,3,5,40,3,1,1,4,4,5,7,1,1,9,4,5,2,3,1,20,2,9,4,5,8,16,8,20,10,16,,52,23,1,22,9,121.5765272,25.05137597
111,12,1,23,50,2,06松山區,松山區松河街168號,0,0,3,3,H02,7,3,5,40,3,1,1,4,4,5,7,1,1,9,4,5,2,3,1,47,2,9,4,5,7,20,8,20,10,16,,67,23,1,22,9,121.5765272,25.05137597
111,12,2,2,30,2,04大安區,大安區仁愛路4段與敦化南路1段口,0,0,1,1,B01,6,3,5,50,4,1,1,4,4,5,7,1,1,1,4,5,2,16,2,44,3,10,1,1,7,6,1,4,1,8,,26,26,1,22,9,121.5485702,25.0370299
111,12,2,2,30,2,04大安區,大安區仁愛路4段與敦化南路1段口,0,0,1,2,C02,6,3,5,50,4,1,1,4,4,5,7,1,1,1,4,5,2,16,1,29,2,9,1,1,7,9,1,4,1,12,,44,26,1,22,9,121.5485702,25.0370299
111,12,2,6,0,2,11南港區,南港區研究院路2段與研究院路2段61巷口,0,0,2,1,B03,6,2,5,50,4,2,1,4,4,4,7,2,1,1,3,5,2,12,1,20,3,10,3,4,7,6,3,18,2,2,,9,9,1,22,9,121.6163669,25.04367057
111,12,2,6,0,2,11南港區,南港區研究院路2段與研究院路2段61巷口,0,0,2,2,C03,6,2,5,50,4,2,1,4,4,4,7,2,1,1,3,5,2,12,1,64,2,7,1,4,7,9,1,10,2,11,,23,9,1,22,9,121.6163669,25.04367057
111,12,2,6,0,2,11南港區,南港區研究院路2段與研究院路2段61巷口,0,0,2,3,H02,6,2,5,50,4,2,1,4,4,4,7,2,1,1,3,5,2,12,2,65,2,7,1,4,7,20,8,20,10,15,,67,9,1,22,9,121.6163669,25.04367057
111,12,2,7,24,2,04大安區,大安區辛亥路3段二殯對面,0,0,1,1,C03,6,1,5,50,14,9,1,4,4,5,7,4,4,10,4,5,2,13,1,58,2,9,1,1,7,14,1,10,1,11,,16,16,1,22,9,121.5533472,25.01409771
111,12,2,7,24,2,04大安區,大安區辛亥路3段二殯對面,0,0,1,2,B01,6,1,5,50,14,9,1,4,4,5,7,4,4,10,4,5,2,13,1,66,3,10,1,1,7,9,1,4,1,3,,44,16,1,22,9,121.5533472,25.01409771
111,12,2,7,30,2,08士林區,士林區和豐街27巷與通河東街1段6巷口,0,0,1,1,C03,6,1,5,30,4,1,1,4,4,5,7,4,4,10,5,5,2,16,1,41,3,10,1,1,7,6,1,10,1,11,,26,26,1,22,9,121.518584,25.08222323
111,12,2,7,30,2,08士林區,士林區和豐街27巷與通河東街1段6巷口,0,0,1,2,C03,6,1,5,30,4,1,1,4,4,5,7,4,4,10,5,5,2,16,1,53,2,9,1,1,7,9,1,10,1,14,,5,26,1,22,9,121.518584,25.08222323
111,12,2,7,35,2,03中山區,中山區民權東路2段與民權東路2段92巷口,0,0,1,1,C03,6,1,5,50,4,1,1,4,4,5,7,2,1,1,4,5,2,15,1,59,4,11,3,4,7,15,7,19,11,15,,25,44,2,22,9,121.531736,25.06246131
111,12,2,7,35,2,03中山區,中山區民權東路2段與民權東路2段92巷口,0,0,1,2,C03,6,1,5,50,4,1,1,4,4,5,7,2,1,1,4,5,2,15,2,44,2,8,3,4,7,1,1,10,2,15,,44,44,1,22,9,121.531736,25.06246131
111,12,2,7,40,2,03中山區,中山區樂群一路往東過明水路第4支燈桿處,0,0,1,2,C03,6,1,5,50,14,9,1,4,4,5,7,4,4,3,4,5,2,12,1,47,2,9,1,1,7,9,1,10,1,12,14,13,7,1,22,9,121.5518458,25.07724853
111,12,2,7,40,2,03中山區,中山區樂群一路往東過明水路第4支燈桿處,0,0,1,1,B03,6,1,5,50,14,9,1,4,4,5,7,4,4,3,4,5,2,12,1,44,3,10,2,1,7,7,1,8,1,4,,7,7,1,22,9,121.5518458,25.07724853
111,12,2,7,40,2,12內湖區,內湖區行善路與新湖二路口,0,0,1,1,B03,6,1,5,50,4,2,1,4,4,5,7,1,1,10,4,4,1,15,2,34,3,10,1,1,7,11,1,8,2,7,,10,10,1,22,9,121.5856059,25.06483576
111,12,2,7,40,2,12內湖區,內湖區行善路與新湖二路口,0,0,1,2,C03,6,1,5,50,4,2,1,4,4,5,7,1,1,10,4,4,1,15,1,30,2,9,1,1,7,9,1,10,2,15,,13,10,1,22,9,121.5856059,25.06483576
111,12,2,7,41,2,04大安區,大安區忠孝東路4段與忠孝東路4段181巷口,0,0,1,1,B01,7,1,5,50,3,2,1,4,4,5,7,2,1,1,4,5,2,17,1,58,4,11,3,4,7,8,7,19,11,15,,7,43,2,22,9,121.5507196,25.0415983
111,12,2,7,41,2,04大安區,大安區忠孝東路4段與忠孝東路4段181巷口,0,0,1,2,C03,7,1,5,50,3,2,1,4,4,5,7,2,1,1,4,5,2,17,1,46,2,9,1,4,7,9,1,10,9,12,,44,43,1,22,9,121.5507196,25.0415983
111,12,2,7,42,2,08士林區,士林區文林路342號對面,0,0,1,1,B03,6,1,5,50,14,9,1,4,4,5,7,4,4,5,5,5,1,17,2,50,3,10,1,1,7,1,1,8,1,15,,19,19,1,22,9,121.5253343,25.09315498
111,12,2,7,42,2,08士林區,士林區文林路342號對面,0,0,1,2,C03,6,1,5,50,14,9,1,4,4,5,7,4,4,5,5,5,1,17,2,40,2,9,1,1,7,9,1,10,1,14,,44,19,1,22,9,121.5253343,25.09315498
111,12,2,7,50,2,07信義區,信義區基隆路2段79巷30弄與基隆路2段79巷口口,0,0,1,1,C03,6,1,5,30,4,1,1,4,4,5,7,4,4,10,5,5,2,15,2,41,2,9,1,1,7,9,1,10,2,11,,6,6,1,22,9,121.559758,25.0294079
111,12,2,7,50,2,07信義區,信義區基隆路2段79巷30弄與基隆路2段79巷口口,0,0,1,2,C03,6,1,5,30,4,1,1,4,4,5,7,4,4,10,5,5,2,15,1,33,3,10,1,1,7,9,1,10,2,12,,14,6,1,22,9,121.559758,25.0294079
111,12,2,8,0,2,08士林區,士林區中正路104巷與中正路口,0,0,1,1,B03,6,1,8,30,15,22,1,4,4,5,7,4,4,3,5,5,2,17,2,44,3,10,1,1,7,6,1,8,2,15,,9,9,1,22,9,121.5295124,25.09613376
111,12,2,8,0,2,08士林區,士林區中正路104巷與中正路口,0,0,1,2,C03,6,1,8,30,15,22,1,4,4,5,7,4,4,3,5,5,2,17,1,51,2,9,1,1,7,9,1,10,2,14,,14,9,1,22,9,121.5295124,25.09613376
111,12,2,8,8,2,11南港區,南港區南港路2段99號與南港路2段口,0,0,2,1,C03,6,1,5,50,4,1,1,4,4,5,7,2,1,4,3,4,2,16,2,31,2,9,3,4,7,5,1,10,1,12,,8,8,1,22,9,121.5971561,25.0541215
111,12,2,8,8,2,11南港區,南港區南港路2段99號與南港路2段口,0,0,2,2,C03,6,1,5,50,4,1,1,4,4,5,7,2,1,4,3,4,2,16,1,25,2,9,3,4,7,9,1,10,1,11,,13,8,1,22,9,121.5971561,25.0541215
111,12,2,8,13,2,02萬華區,萬華區環河南路2段250巷3弄與環河南路2段250巷口,0,0,2,1,C03,7,1,5,30,3,1,1,4,4,5,7,4,4,10,5,5,1,17,1,20,2,8,1,1,7,9,1,10,1,11,,23,23,1,22,9,121.4918631,25.0331665
111,12,2,8,13,2,02萬華區,萬華區環河南路2段250巷3弄與環河南路2段250巷口,0,0,2,2,F01,7,1,5,30,3,1,1,4,4,5,7,4,4,10,5,5,1,17,2,72,2,3,1,1,7,5,8,20,2,16,,6,23,1,22,9,121.4918631,25.0331665
111,12,2,8,20,2,10文山區,文山區景文街與羅斯福路6段401巷口口,0,0,1,1,C03,8,1,5,50,3,1,1,4,4,5,7,4,4,5,5,4,2,3,1,31,2,9,1,1,7,9,1,10,1,14,,23,23,1,22,9,121.5411644,24.9917258
111,12,2,8,20,2,10文山區,文山區景文街與羅斯福路6段401巷口口,0,0,1,2,H01,8,1,5,50,3,1,1,4,4,5,7,4,4,5,5,4,2,3,2,63,3,10,4,5,8,16,8,20,10,16,,67,23,1,22,9,121.5411644,24.9917258
111,12,2,8,22,2,06松山區,松山區塔悠路306號,0,0,1,1,B01,6,1,5,50,14,9,1,4,4,5,7,4,4,1,3,5,2,16,1,42,3,10,1,1,7,5,1,4,1,5,,6,,1,22,9,121.5686659,25.06068462
111,12,2,8,22,2,06松山區,松山區塔悠路306號,0,0,1,2,C03,6,1,5,50,14,9,1,4,4,5,7,4,4,1,3,5,2,16,1,41,2,9,1,1,7,9,1,10,1,14,,44,,1,22,9,121.5686659,25.06068462
111,12,2,8,30,2,03中山區,中山區錦州街與建國北路2段口,0,0,1,1,B03,7,1,5,50,5,2,1,4,4,5,7,1,1,5,4,5,1,17,2,48,3,10,1,1,7,9,1,8,1,1,,44,44,1,22,9,121.536561,25.06025942
111,12,2,8,30,2,03中山區,中山區錦州街與建國北路2段口,0,0,1,2,C03,7,1,5,50,5,2,1,4,4,5,7,1,1,5,4,5,1,17,1,44,2,9,1,1,7,7,1,10,1,13,,7,44,1,22,9,121.536561,25.06025942
111,12,2,8,35,2,10文山區,文山區木柵路5段(深坑幹一枝-1號電桿前),0,0,1,1,B03,6,1,5,50,14,9,1,4,4,5,7,4,4,4,4,5,2,12,2,62,3,10,1,1,7,9,1,8,2,5,,44,44,1,22,9,121.580466,25.0017223
111,12,2,8,35,2,10文山區,文山區木柵路5段(深坑幹一枝-1號電桿前),0,0,1,2,C03,6,1,5,50,14,9,1,4,4,5,7,4,4,4,4,5,2,12,2,30,2,7,1,1,7,7,1,10,2,14,,7,44,1,22,9,121.580466,25.0017223