發生年度,發生月,發生日,發生時-Hours,發生分,處理別-編號,區序,肇事地點,死亡人數,2-30日死亡人數,受傷人數,當事人序號,車種,天候,光線,道路類別,速限-速度限制,道路型態,事故位置,路面狀況1,路面狀況2,路面狀況3,道路障礙1,道路障礙2,號誌1,號誌2,車道劃分-分向,車道劃分-分道1,車道劃分-分道2,車道劃分-分道3,事故類型及型態,性別,年齡,受傷程度,主要傷處,安全帽,行動電話,車輛用途,當事者行動狀態,駕駛資格情形,駕駛執照種類,飲酒情形,車輛撞擊部位1,車輛撞擊部位2,肇因碼-個別,肇因碼-主要,個人肇逃否,職業,旅次目的,座標-X,座標-Y
111,12,2,8,44,2,11南港區,南港區忠孝東路6段與忠孝東路6段9巷口口,0,0,2,1,B12,6,1,5,50,14,9,1,4,4,5,7,4,4,1,4,5,2,13,2,45,3,10,1,1,7,1,1,8,1,7,,19,19,1,22,9,121.5829475,25.04576531
111,12,2,8,44,2,11南港區,南港區忠孝東路6段與忠孝東路6段9巷口口,0,0,2,2,C03,6,1,5,50,14,9,1,4,4,5,7,4,4,1,4,5,2,13,2,40,2,8,1,1,7,7,1,10,1,13,,7,19,1,22,9,121.5829475,25.04576531
111,12,2,8,44,2,11南港區,南港區忠孝東路6段與忠孝東路6段9巷口口,0,0,2,3,C03,6,1,5,50,14,9,1,4,4,5,7,4,4,1,4,5,2,13,1,18,2,9,1,1,7,9,1,10,1,11,,44,19,1,22,9,121.5829475,25.04576531
111,12,2,8,48,2,07信義區,信義區永吉路524號,0,0,2,1,H01,6,1,5,0,14,8,1,4,4,5,7,2,1,1,4,4,2,3,2,27,2,9,4,5,8,20,8,20,10,16,,52,52,1,22,9,121.5805373,25.0452857
111,12,2,8,48,2,07信義區,信義區永吉路524號,0,0,2,2,C03,6,1,5,0,14,8,1,4,4,5,7,2,1,1,4,4,2,3,2,30,2,9,3,4,7,9,1,10,1,11,,15,52,1,22,9,121.5805373,25.0452857
111,12,2,8,57,2,01大同區,大同區承德路3段承德橋南往北機車道往士林,0,0,1,1,C03,6,1,5,0,14,13,1,4,4,5,7,4,4,9,2,5,1,13,1,39,4,11,3,4,7,15,7,19,11,15,,42,43,2,22,9,121.5211395,25.0778832
111,12,2,8,57,2,01大同區,大同區承德路3段承德橋南往北機車道往士林,0,0,1,2,C03,6,1,5,0,14,13,1,4,4,5,7,4,4,9,2,5,1,13,2,33,2,8,3,4,7,9,1,10,1,11,,16,43,1,22,9,121.5211395,25.0778832
111,12,2,8,57,2,01大同區,大同區承德路3段承德橋南往北機車道往士林,0,0,1,3,C03,6,1,5,0,14,13,1,4,4,5,7,4,4,9,2,5,1,13,1,60,4,11,3,4,7,15,7,19,11,15,,44,43,2,22,9,121.5211395,25.0778832
111,12,2,8,57,2,01大同區,大同區承德路3段承德橋南往北機車道往士林,0,0,1,4,C03,6,1,5,0,14,13,1,4,4,5,7,4,4,9,2,5,1,13,2,57,4,11,3,4,7,15,7,19,11,15,,16,43,2,22,9,121.5211395,25.0778832
111,12,2,9,0,2,04大安區,大安區基隆路3段115號,0,0,1,1,C03,6,1,5,50,14,9,1,4,4,5,7,4,4,1,4,5,2,13,1,27,2,9,1,1,7,14,1,10,1,11,,16,23,1,22,9,121.5435728,25.01644311
111,12,2,9,0,2,04大安區,大安區基隆路3段115號,0,0,1,2,C03,6,1,5,50,14,9,1,4,4,5,7,4,4,1,4,5,2,13,1,23,3,10,1,1,7,9,1,10,1,13,,44,23,1,22,9,121.5435728,25.01644311
111,12,2,9,2,2,03中山區,中山區中山北路2段與中山北路2段11巷口,0,0,2,1,C03,6,1,5,50,3,1,1,4,4,5,7,4,4,5,4,1,2,12,2,33,2,9,1,1,7,6,1,10,1,12,,6,6,1,22,9,121.522731,25.05279309
111,12,2,9,2,2,03中山區,中山區中山北路2段與中山北路2段11巷口,0,0,2,2,C03,6,1,5,50,3,1,1,4,4,5,7,4,4,5,4,1,2,12,1,27,2,9,1,1,7,9,1,10,1,14,12,16,6,1,22,9,121.522731,25.05279309
111,12,2,9,15,2,03中山區,中山區新生北路3段與德惠街口,0,0,1,1,C03,6,1,5,50,5,1,1,4,4,5,7,4,4,10,4,5,1,17,1,50,2,9,1,1,7,9,1,10,1,11,,6,43,1,22,9,121.5274931,25.0666889
111,12,2,9,15,2,03中山區,中山區新生北路3段與德惠街口,0,0,1,2,B01,6,1,5,50,5,1,1,4,4,5,7,4,4,10,4,5,1,17,1,58,4,11,3,4,7,15,7,19,11,15,,23,43,2,22,9,121.5274931,25.0666889
111,12,2,9,15,2,08士林區,士林區中正路與文林路口,0,0,1,1,B03,8,1,5,50,4,1,1,5,4,5,7,1,1,1,1,5,2,12,1,32,3,10,3,4,7,9,1,8,11,5,,42,42,1,22,9,121.5245769,25.09505495
111,12,2,9,15,2,08士林區,士林區中正路與文林路口,0,0,1,2,C03,8,1,5,50,4,1,1,5,4,5,7,1,1,1,1,5,2,12,2,22,2,9,1,1,7,5,1,10,11,14,,8,42,1,22,9,121.5245769,25.09505495
111,12,2,9,15,2,10文山區,文山區汀州路4段與溪洲街口,0,0,1,1,B03,6,1,5,50,3,1,1,4,4,5,7,3,1,5,5,5,2,16,1,55,3,10,1,1,7,9,1,8,1,4,,44,6,1,22,9,121.5352737,25.0044248
111,12,2,9,15,2,10文山區,文山區汀州路4段與溪洲街口,0,0,1,2,C03,6,1,5,50,3,1,1,4,4,5,7,3,1,5,5,5,2,16,1,29,2,8,1,1,7,9,1,10,1,11,,26,6,1,22,9,121.5352737,25.0044248
111,12,2,9,30,2,10文山區,文山區景福街與羅斯福路6段142巷口口,0,0,1,1,B03,6,1,5,50,4,1,1,4,4,5,7,2,1,5,5,5,2,16,1,41,3,10,1,1,7,6,1,8,1,8,,23,23,1,22,9,121.5367116,24.9982419
111,12,2,9,30,2,10文山區,文山區景福街與羅斯福路6段142巷口口,0,0,1,2,C03,6,1,5,50,4,1,1,4,4,5,7,2,1,5,5,5,2,16,1,26,2,5,1,1,7,5,1,10,1,12,,44,23,1,22,9,121.5367116,24.9982419
111,12,2,9,38,2,01大同區,大同區長安西路與長安西路78巷口,0,0,2,1,C03,6,1,5,50,3,1,1,4,4,5,7,3,1,5,5,5,2,16,1,54,2,8,1,1,7,11,1,10,1,14,,10,10,1,22,9,121.5193129,25.0503771
111,12,2,9,38,2,01大同區,大同區長安西路與長安西路78巷口,0,0,2,2,C03,6,1,5,50,3,1,1,4,4,5,7,3,1,5,5,5,2,16,1,39,2,8,1,1,7,9,1,10,1,11,,14,10,1,22,9,121.5193129,25.0503771
111,12,2,9,45,2,05中正區,中正區汀州路3段133號前,0,0,1,1,C03,6,1,5,50,3,2,1,4,4,5,7,4,4,5,5,5,1,12,2,23,2,9,1,1,7,9,1,8,1,11,,44,23,1,22,9,121.5308297,25.01610246
111,12,2,9,45,2,05中正區,中正區汀州路3段133號前,0,0,1,2,C03,6,1,5,50,3,2,1,4,4,5,7,4,4,5,5,5,1,12,2,67,3,10,1,1,7,11,1,10,1,13,,10,23,1,22,9,121.5308297,25.01610246
111,12,2,9,47,2,08士林區,士林區洲美快速道路與無名巷附近側附近口福安消防隊旁,0,0,1,1,C03,6,1,5,50,3,1,1,4,4,5,7,4,4,10,5,5,2,16,1,73,2,8,3,4,7,5,1,10,1,12,,6,6,1,22,9,121.4969577,25.09586752
111,12,2,9,47,2,08士林區,士林區洲美快速道路與無名巷附近側附近口福安消防隊旁,0,0,1,2,B03,6,1,5,50,3,1,1,4,4,5,7,4,4,10,5,5,2,16,1,21,3,10,3,4,7,9,1,8,1,4,,42,6,1,22,9,121.4969577,25.09586752
111,12,2,9,51,2,03中山區,中山區中山北路3段與民族西路口,0,0,1,2,C03,7,1,5,50,4,1,1,5,4,5,7,2,1,4,3,5,2,17,2,25,2,9,3,4,7,9,1,10,1,11,,44,43,1,22,9,121.5228513,25.0687422
111,12,2,9,51,2,03中山區,中山區中山北路3段與民族西路口,0,0,1,1,C03,7,1,5,50,4,1,1,5,4,5,7,2,1,4,3,5,2,17,1,59,4,11,3,4,7,7,7,19,11,15,,7,43,2,22,9,121.5228513,25.0687422
111,12,2,10,0,2,03中山區,中山區龍江路與龍江路149巷口,0,0,1,1,B12,6,1,5,50,3,1,1,4,4,5,7,4,4,9,5,5,2,16,1,58,3,10,3,4,7,5,1,8,1,1,,8,8,1,22,9,121.5405081,25.05393338
111,12,2,10,0,2,03中山區,中山區龍江路與龍江路149巷口,0,0,1,2,F02,6,1,5,50,3,1,1,4,4,5,7,4,4,9,5,5,2,16,2,39,2,9,1,1,7,9,8,20,11,16,,44,8,1,22,9,121.5405081,25.05393338
111,12,2,10,0,2,03中山區,中山區龍江路與龍江路149巷口,0,0,1,3,B12,6,1,5,50,3,1,1,4,4,5,7,4,4,9,5,5,2,16,1,44,3,10,3,4,7,14,1,8,11,15,,44,8,1,22,9,121.5405081,25.05393338
111,12,2,10,2,2,05中正區,中正區北平東路與天津街口,0,0,2,1,C03,6,1,5,50,4,1,1,4,4,5,7,2,1,9,4,5,2,12,1,20,2,9,1,1,7,9,1,10,2,12,,4,4,1,18,2,121.5220997,25.046804
111,12,2,10,2,2,05中正區,中正區北平東路與天津街口,0,0,2,2,C03,6,1,5,50,4,1,1,4,4,5,7,2,1,9,4,5,2,12,1,39,2,9,1,1,7,5,1,10,2,14,,44,4,1,9,4,121.5220997,25.046804
111,12,2,10,13,2,03中山區,中山區中山北路4段與北安路口機車專用道北安路前,0,0,1,1,C03,6,1,5,40,14,11,1,4,4,5,7,4,4,1,4,5,2,16,1,20,3,10,1,4,7,9,1,10,1,12,,13,43,1,22,9,121.5270222,25.07612605
111,12,2,10,13,2,03中山區,中山區中山北路4段與北安路口機車專用道北安路前,0,0,1,2,C03,6,1,5,40,14,11,1,4,4,5,7,4,4,1,4,5,2,16,2,23,2,9,1,4,7,7,1,10,1,14,,7,43,1,22,9,121.5270222,25.07612605
111,12,2,10,16,2,05中正區,中正區中山南路20號,0,0,1,1,A02,6,1,5,50,14,9,1,4,4,5,7,4,4,1,4,5,2,3,1,33,3,10,1,1,7,9,1,2,2,6,,23,23,1,22,9,121.51715,25.0377247
111,12,2,10,16,2,05中正區,中正區中山南路20號,0,0,1,2,H01,6,1,5,50,14,9,1,4,4,5,7,4,4,1,4,5,2,3,2,20,2,9,4,5,8,16,8,20,10,16,,51,23,1,22,9,121.51715,25.0377247
111,12,2,10,30,2,04大安區,大安區和平東路3段與樂利路口口,0,0,1,1,B03,6,1,5,50,3,2,1,4,4,5,7,3,1,1,4,5,2,16,1,30,3,10,3,4,7,9,1,8,1,5,,23,23,1,22,9,121.5523267,25.02465292
111,12,2,10,30,2,04大安區,大安區和平東路3段與樂利路口口,0,0,1,2,C03,6,1,5,50,3,2,1,4,4,5,7,3,1,1,4,5,2,16,2,41,2,9,3,4,7,6,1,10,1,13,,6,23,1,22,9,121.5523267,25.02465292
111,12,2,10,35,2,07信義區,信義區信義路4段與基隆路1段口,0,0,1,1,B01,6,1,5,50,4,2,1,4,4,5,7,1,1,1,4,5,2,17,1,47,3,10,3,4,7,8,1,4,1,5,,7,7,1,22,9,121.5596234,25.0330116
111,12,2,10,35,2,07信義區,信義區信義路4段與基隆路1段口,0,0,1,2,B03,6,1,5,50,4,2,1,4,4,5,7,1,1,1,4,5,2,17,2,33,2,2,3,4,7,9,1,8,1,7,,44,7,1,22,9,121.5596234,25.0330116
111,12,2,10,50,2,03中山區,中山區中山北路3段與民權東路1段口,0,0,1,1,C03,6,1,5,50,4,1,1,4,4,5,7,2,1,1,4,5,2,13,2,42,2,9,3,4,7,9,6,11,1,11,,16,14,1,22,9,121.5227629,25.06291529
111,12,2,10,50,2,03中山區,中山區中山北路3段與民權東路1段口,0,0,1,2,B01,6,1,5,50,4,1,1,4,4,5,7,2,1,1,4,5,2,13,1,60,3,10,3,4,7,9,1,4,1,1,,16,14,1,22,9,121.5227629,25.06291529
111,12,2,10,50,2,03中山區,中山區中山北路3段與民權東路1段口,0,0,1,3,C03,6,1,5,50,4,1,1,4,4,5,7,2,1,1,4,5,2,13,1,53,3,10,3,4,7,9,1,10,1,13,,44,14,1,22,9,121.5227629,25.06291529
111,12,2,11,16,2,05中正區,中正區中山南路往北(張榮發基金會前),0,0,1,1,C03,7,1,5,50,11,9,1,4,4,5,7,2,1,1,4,5,2,13,2,28,2,9,1,1,7,9,1,10,2,11,,23,16,1,5,5,121.518025,25.0388454
111,12,2,11,16,2,05中正區,中正區中山南路往北(張榮發基金會前),0,0,1,2,C03,7,1,5,50,11,9,1,4,4,5,7,2,1,1,4,5,2,13,1,53,3,10,1,1,7,7,1,10,2,13,,7,16,1,5,4,121.518025,25.0388454
111,12,2,11,46,2,05中正區,中正區重慶南路1段與愛國西路口,0,0,2,1,C03,7,1,5,50,4,1,1,5,4,5,7,1,1,10,5,5,2,17,1,34,3,10,1,1,7,8,6,10,2,15,,7,44,1,22,9,121.512575,25.0354634
111,12,2,11,46,2,05中正區,中正區重慶南路1段與愛國西路口,0,0,2,2,C03,7,1,5,50,4,1,1,5,4,5,7,1,1,10,5,5,2,17,1,66,2,9,1,1,7,9,1,10,2,12,,44,44,1,22,9,121.512575,25.0354634
111,12,2,11,46,2,05中正區,中正區重慶南路1段與愛國西路口,0,0,2,3,H02,7,1,5,50,4,1,1,5,4,5,7,1,1,10,5,5,2,17,2,59,2,9,4,5,7,20,8,20,10,16,,67,44,1,22,9,121.512575,25.0354634
111,12,2,11,59,2,02萬華區,萬華區昆明街3號,0,0,1,1,B12,7,1,5,50,14,9,1,5,4,5,7,4,4,10,4,5,2,17,1,57,3,10,1,1,7,5,1,7,2,15,,8,7,1,22,9,121.5063378,25.04827524
111,12,2,11,59,2,02萬華區,萬華區昆明街3號,0,0,1,2,C03,7,1,5,50,14,9,1,5,4,5,7,4,4,10,4,5,2,17,2,67,2,9,1,1,7,9,1,10,2,15,,44,7,1,22,9,121.5063378,25.04827524
111,12,2,11,59,2,07信義區,信義區松仁路與松廉路口,0,0,1,1,C03,8,1,5,50,3,1,1,4,4,5,7,4,4,8,3,5,2,17,2,43,2,9,1,1,7,9,1,10,1,11,,44,43,1,22,9,121.5682078,25.0340675
111,12,2,11,59,2,07信義區,信義區松仁路與松廉路口,0,0,1,2,B01,8,1,5,50,3,1,1,4,4,5,7,4,4,8,3,5,2,17,1,44,3,10,1,1,7,6,1,4,1,6,,9,43,1,22,9,121.5682078,25.0340675
111,12,2,12,5,2,08士林區,士林區德行東路與德行東路284巷口口,0,0,1,1,C03,7,1,5,30,4,1,1,5,4,5,7,3,1,5,5,5,1,13,2,22,2,8,1,1,7,9,1,10,1,11,,16,16,1,22,9,121.5358989,25.11003741
111,12,2,12,5,2,08士林區,士林區德行東路與德行東路284巷口口,0,0,1,2,B02,7,1,5,30,4,1,1,5,4,5,7,3,1,5,5,5,1,13,1,40,3,10,1,1,7,12,1,8,1,3,,44,16,1,22,9,121.5358989,25.11003741
111,12,2,12,10,2,04大安區,大安區忠孝東路3段與新生南路1段口,0,0,1,1,B03,6,1,5,50,4,1,1,4,4,5,7,2,1,10,5,5,2,17,1,44,3,10,3,4,7,8,1,8,1,15,,7,7,1,22,9,121.532954,25.04224062
111,12,2,12,10,2,04大安區,大安區忠孝東路3段與新生南路1段口,0,0,1,2,C03,6,1,5,50,4,1,1,4,4,5,7,2,1,10,5,5,2,17,1,31,2,9,1,4,7,9,1,10,1,15,,44,7,1,22,9,121.532954,25.04224062
111,12,2,12,55,2,03中山區,中山區復興南路1段22號,0,0,1,1,B12,7,1,5,50,14,9,1,4,4,5,7,4,4,1,4,5,1,13,1,45,3,10,1,1,7,9,1,8,2,1,,23,23,1,22,9,121.5436653,25.046697
111,12,2,12,55,2,03中山區,中山區復興南路1段22號,0,0,1,2,B03,7,1,5,50,14,9,1,4,4,5,7,4,4,1,4,5,1,13,1,59,3,10,1,1,7,14,1,8,2,3,,44,23,1,22,9,121.5436653,25.046697
111,12,2,12,55,2,03中山區,中山區復興南路1段22號,0,0,1,3,B12,7,1,5,50,14,9,1,4,4,5,7,4,4,1,4,5,1,13,1,66,3,10,1,1,7,14,1,8,2,3,,44,23,1,22,9,121.5436653,25.046697
111,12,2,12,55,2,03中山區,中山區復興南路1段22號,0,0,1,4,H02,7,1,5,50,14,9,1,4,4,5,7,4,4,1,4,5,1,13,2,47,2,1,1,5,7,21,8,20,10,16,,67,23,1,22,9,121.5436653,25.046697
111,12,2,13,0,2,03中山區,中山區北安路458巷與北安路458巷47弄口口,0,0,1,1,B03,6,1,5,30,4,1,1,4,4,5,7,3,1,5,5,5,2,15,1,49,3,10,3,4,7,9,1,8,1,1,,6,6,1,22,9,121.544558,25.0779066
111,12,2,13,0,2,03中山區,中山區北安路458巷與北安路458巷47弄口口,0,0,1,2,C03,6,1,5,30,4,1,1,4,4,5,7,3,1,5,5,5,2,15,2,20,2,9,1,4,7,9,1,10,1,12,,14,6,1,22,9,121.544558,25.0779066
111,12,2,13,2,2,02萬華區,萬華區東園街與德昌街口,0,0,2,1,C03,6,1,5,50,4,1,1,4,4,5,7,1,1,4,1,5,2,16,1,29,2,6,1,1,7,5,1,10,1,14,,25,8,1,22,9,121.4971591,25.0243852
111,12,2,13,2,2,02萬華區,萬華區東園街與德昌街口,0,0,2,2,C03,6,1,5,50,4,1,1,4,4,5,7,1,1,4,1,5,2,16,1,27,2,9,1,1,7,9,1,10,1,11,,44,8,1,22,9,121.4971591,25.0243852
111,12,2,13,5,2,12內湖區,內湖區瑞湖街182號,0,0,2,1,C03,8,1,5,50,14,9,1,5,4,5,7,4,4,5,5,5,2,12,2,20,2,9,1,1,7,9,1,10,1,12,,23,,1,22,9,121.5764227,25.06954665
111,12,2,13,5,2,12內湖區,內湖區瑞湖街182號,0,0,2,2,C03,8,1,5,50,14,9,1,5,4,5,7,4,4,5,5,5,2,12,1,39,2,9,1,1,7,5,1,10,1,12,,8,,1,22,9,121.5764227,25.06954665
111,12,2,13,16,2,03中山區,中山區民權東路2段8號,0,0,2,1,F01,8,1,5,50,14,9,1,5,4,5,7,4,4,1,3,5,2,12,2,61,2,9,1,1,7,10,8,20,1,16,,7,11,1,22,9,121.528161,25.06249947
111,12,2,13,16,2,03中山區,中山區民權東路2段8號,0,0,2,2,C03,8,1,5,50,14,9,1,5,4,5,7,4,4,1,3,5,2,12,1,68,2,9,3,4,7,9,6,18,1,11,,44,11,1,22,9,121.528161,25.06249947
111,12,2,13,20,2,10文山區,文山區木柵路1段191巷12號,0,0,1,1,B01,6,1,5,30,3,1,1,4,4,5,7,4,4,10,5,5,2,17,1,55,3,10,3,4,7,5,1,4,1,4,,6,42,1,22,9,121.5512105,24.98834027
111,12,2,13,20,2,10文山區,文山區木柵路1段191巷12號,0,0,1,2,C03,6,1,5,30,3,1,1,4,4,5,7,4,4,10,5,5,2,17,1,44,2,7,1,4,7,6,1,10,1,14,,6,42,1,22,9,121.5512105,24.98834027
111,12,2,13,31,2,04大安區,大安區復興南路2段與復興南路2段193巷口,0,0,3,1,C02,6,1,5,50,4,4,1,4,4,5,7,2,1,9,4,4,1,13,1,55,3,10,1,1,7,1,1,9,1,14,,19,19,1,22,9,121.543536,25.0265166
111,12,2,13,31,2,04大安區,大安區復興南路2段與復興南路2段193巷口,0,0,3,2,C03,6,1,5,50,4,4,1,4,4,5,7,2,1,9,4,4,1,13,1,24,2,7,1,1,7,9,1,10,1,11,,23,19,1,22,9,121.543536,25.0265166
111,12,2,13,31,2,04大安區,大安區復興南路2段與復興南路2段193巷口,0,0,3,3,C03,6,1,5,50,4,4,1,4,4,5,7,2,1,9,4,4,1,13,2,28,2,7,1,1,7,9,1,10,1,12,,42,19,1,22,9,121.543536,25.0265166
111,12,2,13,31,2,04大安區,大安區復興南路2段與復興南路2段193巷口,0,0,3,4,C03,6,1,5,50,4,4,1,4,4,5,7,2,1,9,4,4,1,13,1,51,2,7,1,1,7,9,1,10,1,14,,42,19,1,22,9,121.543536,25.0265166
111,12,2,13,51,2,05中正區,中正區南海路與牯嶺街口,0,0,1,1,C03,8,1,5,30,4,2,1,5,4,5,7,1,1,10,4,5,2,13,1,28,2,7,1,1,7,9,1,10,2,11,,16,23,1,22,9,121.5150154,25.03201855
111,12,2,13,51,2,05中正區,中正區南海路與牯嶺街口,0,0,1,2,B01,8,1,5,30,4,2,1,5,4,5,7,1,1,10,4,5,2,13,1,66,3,10,1,1,7,8,1,4,2,3,,44,23,1,22,9,121.5150154,25.03201855
111,12,2,14,15,2,01大同區,大同區民權西路與承德路2段口,0,0,2,1,C03,8,1,5,50,4,1,1,5,4,5,7,2,1,1,5,5,2,17,2,28,2,8,1,1,7,9,1,10,1,14,,23,43,1,22,9,121.51822,25.0628392
111,12,2,14,15,2,01大同區,大同區民權西路與承德路2段口,0,0,2,2,C03,8,1,5,50,4,1,1,5,4,5,7,2,1,1,5,5,2,17,2,61,2,8,1,1,7,9,1,10,1,12,,44,43,1,22,9,121.51822,25.0628392
111,12,2,14,15,2,01大同區,大同區民權西路與承德路2段口,0,0,2,3,C03,8,1,5,50,4,1,1,5,4,5,7,2,1,1,5,5,2,17,1,71,4,11,3,4,7,15,7,19,11,15,,23,43,2,22,9,121.51822,25.0628392
111,12,2,14,15,2,01大同區,大同區民權西路與承德路2段口,0,0,2,4,C03,8,1,5,50,4,1,1,5,4,5,7,2,1,1,5,5,2,17,1,45,4,11,3,4,7,15,7,19,11,15,,42,,1,22,9,121.51822,25.0628392
111,12,2,14,50,2,08士林區,士林區仰德大道1段,0,0,1,1,,8,1,5,0,11,9,1,5,4,5,1,4,4,4,5,5,1,29,3,,,,,,,,,,,,,66,66,1,,,121.5344674,25.10764665
111,12,2,14,50,2,08士林區,士林區仰德大道1段,0,0,1,2,C03,8,1,5,0,11,9,1,5,4,5,1,4,4,4,5,5,1,29,1,18,2,9,3,4,7,9,1,10,2,15,,13,66,1,22,9,121.5344674,25.10764665
111,12,2,14,50,2,08士林區,士林區文林路與中正路口,0,0,2,1,B01,8,1,5,50,4,1,1,5,4,5,7,2,1,4,1,5,1,11,1,50,3,10,1,1,7,5,1,4,2,8,,8,8,1,22,9,121.5245988,25.0951834
111,12,2,14,50,2,08士林區,士林區文林路與中正路口,0,0,2,2,C03,8,1,5,50,4,1,1,5,4,5,7,2,1,4,1,5,1,11,1,22,2,8,1,1,7,9,1,10,2,14,,44,8,1,22,9,121.5245988,25.0951834
111,12,2,14,50,2,08士林區,士林區文林路與中正路口,0,0,2,3,C03,8,1,5,50,4,1,1,5,4,5,7,2,1,4,1,5,1,11,2,26,2,8,1,1,7,9,1,10,2,14,,44,8,1,22,9,121.5245988,25.0951834
111,12,2,14,58,2,05中正區,中正區和平西路1段與南昌路2段口,0,0,1,1,B03,6,1,5,50,4,1,1,4,4,5,7,1,1,1,4,5,2,16,2,52,3,10,1,1,7,6,1,8,2,5,,9,9,1,22,9,121.5211474,25.0267604
111,12,2,14,58,2,05中正區,中正區和平西路1段與南昌路2段口,0,0,1,2,C03,6,1,5,50,4,1,1,4,4,5,7,1,1,1,4,5,2,16,1,32,2,9,1,1,7,9,1,10,2,14,,44,9,1,22,9,121.5211474,25.0267604
111,12,2,15,23,2,05中正區,中正區中華路2段與中華路2段75巷口,0,0,2,1,C03,8,1,5,50,3,2,1,5,4,5,7,4,4,1,4,5,2,13,1,22,2,9,1,1,7,9,1,10,2,11,,23,23,1,22,9,121.5059093,25.03433211
111,12,2,15,23,2,05中正區,中正區中華路2段與中華路2段75巷口,0,0,2,2,B03,8,1,5,50,3,2,1,5,4,5,7,4,4,1,4,5,2,13,1,40,3,10,1,1,7,9,1,8,2,7,,44,23,1,22,9,121.5059093,25.03433211
111,12,2,15,23,2,05中正區,中正區中華路2段與中華路2段75巷口,0,0,2,3,H02,8,1,5,50,3,2,1,5,4,5,7,4,4,1,4,5,2,13,1,22,2,9,1,5,7,20,8,20,10,16,,67,23,1,22,9,121.5059093,25.03433211
111,12,2,15,25,2,12內湖區,內湖區金湖路與民權東路6段口,0,0,1,1,B11,6,1,5,50,4,1,1,4,4,5,7,1,1,5,4,5,2,16,1,34,3,10,1,1,7,9,1,4,1,2,,23,23,1,22,9,121.6056091,25.07333416
111,12,2,15,25,2,12內湖區,內湖區金湖路與民權東路6段口,0,0,1,2,C03,6,1,5,50,4,1,1,4,4,5,7,1,1,5,4,5,2,16,2,18,2,9,1,1,7,14,1,10,1,15,,44,23,1,22,9,121.6056091,25.07333416
111,12,2,15,25,2,12內湖區,內湖區金湖路與民權東路6段口,0,0,1,3,,6,1,5,50,4,1,1,4,4,5,7,1,1,5,4,5,2,16,3,,,,,,,,,,,,,67,23,1,,,121.6056091,25.07333416
111,12,2,15,25,2,12內湖區,內湖區金湖路與民權東路6段口,0,0,1,4,,6,1,5,50,4,1,1,4,4,5,7,1,1,5,4,5,2,16,3,,,,,,,,,,,,,67,23,1,,,121.6056091,25.07333416
111,12,2,15,40,2,07信義區,信義區松仁路與松高路口,0,0,1,1,B03,6,1,5,50,4,1,1,4,4,5,7,1,1,3,4,5,2,16,1,21,3,10,3,4,7,6,3,18,1,6,,6,6,1,22,9,121.5685584,25.039014
111,12,2,15,40,2,07信義區,信義區松仁路與松高路口,0,0,1,2,C03,6,1,5,50,4,1,1,4,4,5,7,1,1,3,4,5,2,16,1,35,2,9,3,4,7,9,1,10,1,14,,23,6,1,22,9,121.5685584,25.039014
111,12,2,15,45,2,09北投區,北投區大業路與大同街口,0,0,2,1,B03,8,1,5,50,4,1,1,5,4,5,7,1,1,1,4,5,2,15,2,36,3,10,1,1,7,9,1,8,1,8,,6,6,1,22,9,121.4990938,25.1369683
111,12,2,15,45,2,09北投區,北投區大業路與大同街口,0,0,2,2,C03,8,1,5,50,4,1,1,5,4,5,7,1,1,1,4,5,2,15,1,26,2,9,1,1,7,9,1,10,1,14,,14,6,1,22,9,121.4990938,25.1369683
111,12,2,15,45,2,09北投區,北投區大業路與大同街口,0,0,2,3,H02,8,1,5,50,4,1,1,5,4,5,7,1,1,1,4,5,2,15,2,27,2,9,1,5,7,21,8,20,10,16,,67,6,1,22,9,121.4990938,25.1369683
111,12,2,15,54,2,04大安區,大安區忠孝東路3段172號,0,0,1,1,B02,7,1,5,50,14,9,1,5,4,5,7,4,4,1,4,5,2,13,2,35,2,1,1,1,7,9,1,8,1,1,,16,16,1,22,9,121.5386616,25.04164104
111,12,2,15,54,2,04大安區,大安區忠孝東路3段172號,0,0,1,2,B03,7,1,5,50,14,9,1,5,4,5,7,4,4,1,4,5,2,13,1,41,3,10,1,1,7,9,1,8,1,3,,44,16,1,22,9,121.5386616,25.04164104
111,12,2,15,55,2,12內湖區,內湖區行忠路171巷與民權東路6段口,0,0,1,1,B02,6,1,5,50,3,1,1,4,4,5,7,4,4,1,4,5,2,17,1,42,3,10,1,1,7,6,1,8,1,6,,9,9,1,22,9,121.5810021,25.06758505
111,12,2,15,55,2,12內湖區,內湖區行忠路171巷與民權東路6段口,0,0,1,2,C03,6,1,5,50,3,1,1,4,4,5,7,4,4,1,4,5,2,17,1,46,2,9,1,1,7,9,1,9,1,14,,14,9,1,22,9,121.5810021,25.06758505
111,12,2,16,4,2,06松山區,松山區民生東路5段133號,0,0,1,1,B03,8,1,5,50,14,9,1,5,4,5,7,2,1,1,4,5,2,16,1,61,3,10,1,1,7,11,1,8,2,5,,10,10,1,22,9,121.561552,25.05879614
111,12,2,16,4,2,06松山區,松山區民生東路5段133號,0,0,1,2,C03,8,1,5,50,14,9,1,5,4,5,7,2,1,1,4,5,2,16,1,25,2,9,1,1,7,9,1,10,2,14,,13,10,1,22,9,121.561552,25.05879614