發生年度,發生月,發生日,發生時-Hours,發生分,處理別-編號,區序,肇事地點,死亡人數,2-30日死亡人數,受傷人數,當事人序號,車種,天候,光線,道路類別,速限-速度限制,道路型態,事故位置,路面狀況1,路面狀況2,路面狀況3,道路障礙1,道路障礙2,號誌1,號誌2,車道劃分-分向,車道劃分-分道1,車道劃分-分道2,車道劃分-分道3,事故類型及型態,性別,年齡,受傷程度,主要傷處,安全帽,行動電話,車輛用途,當事者行動狀態,駕駛資格情形,駕駛執照種類,飲酒情形,車輛撞擊部位1,車輛撞擊部位2,肇因碼-個別,肇因碼-主要,個人肇逃否,職業,旅次目的,座標-X,座標-Y
111,12,2,16,5,2,01大同區,大同區重慶北路3段203-3號,0,0,1,1,B03,8,1,5,50,14,9,1,5,4,5,7,4,4,1,4,5,2,13,1,39,3,10,3,4,7,9,5,18,1,1,,23,16,1,22,9,121.5138611,25.06989746
111,12,2,16,5,2,01大同區,大同區重慶北路3段203-3號,0,0,1,2,B03,8,1,5,50,14,9,1,5,4,5,7,4,4,1,4,5,2,13,2,50,2,2,3,4,7,14,1,8,1,3,,44,16,1,22,9,121.5138611,25.06989746
111,12,2,16,12,2,05中正區,中正區中山北路1段與北平東路口口,0,0,2,1,C03,8,1,5,50,14,8,1,5,4,5,7,2,1,9,4,5,1,16,2,21,2,8,1,1,7,7,1,10,2,14,,7,7,1,18,2,121.5202457,25.04731344
111,12,2,16,12,2,05中正區,中正區中山北路1段與北平東路口口,0,0,2,2,A02,8,1,5,50,14,8,1,5,4,5,7,2,1,9,4,5,1,16,1,43,3,10,1,1,7,9,1,2,2,2,,44,7,1,10,1,121.5202457,25.04731344
111,12,2,16,12,2,05中正區,中正區中山北路1段與北平東路口口,0,0,2,3,B01,8,1,5,50,14,8,1,5,4,5,7,2,1,9,4,5,1,16,1,60,3,10,1,1,7,9,1,4,2,4,,44,7,1,10,1,121.5202457,25.04731344
111,12,2,16,12,2,05中正區,中正區中山北路1段與北平東路口口,0,0,2,4,D03,8,1,5,50,14,8,1,5,4,5,7,2,1,9,4,5,1,16,2,19,3,10,1,1,7,9,1,8,2,3,,44,7,1,8,1,121.5202457,25.04731344
111,12,2,16,12,2,05中正區,中正區中山北路1段與北平東路口口,0,0,2,5,H02,8,1,5,50,14,8,1,5,4,5,7,2,1,9,4,5,1,16,2,21,2,8,1,5,7,20,8,20,10,16,,67,7,1,18,2,121.5202457,25.04731344
111,12,2,16,13,2,10文山區,文山區木柵路1段與富山路口,0,0,2,1,B03,8,1,5,50,4,1,1,5,4,5,7,2,1,5,2,5,2,16,1,31,3,10,1,1,7,5,1,8,2,5,,8,8,1,22,9,121.5537864,24.9881141
111,12,2,16,13,2,10文山區,文山區木柵路1段與富山路口,0,0,2,2,C03,8,1,5,50,4,1,1,5,4,5,7,2,1,5,2,5,2,16,1,22,2,9,1,1,7,9,1,10,2,11,,23,8,1,22,9,121.5537864,24.9881141
111,12,2,16,13,2,10文山區,文山區木柵路1段與富山路口,0,0,2,3,H02,8,1,5,50,4,1,1,5,4,5,7,2,1,5,2,5,2,16,2,21,2,9,4,5,7,20,8,20,10,15,,67,8,1,22,9,121.5537864,24.9881141
111,12,2,16,17,2,08士林區,士林區格致路與建業路口,0,0,2,1,B03,6,1,5,40,3,2,1,4,4,5,7,1,1,5,5,5,1,3,1,56,3,10,1,1,7,5,1,8,2,1,,15,15,1,22,9,121.546098,25.1356849
111,12,2,16,17,2,08士林區,士林區格致路與建業路口,0,0,2,2,H01,6,1,5,40,3,2,1,4,4,5,7,1,1,5,5,5,1,3,1,62,2,9,4,5,8,16,8,20,10,16,,67,15,1,22,9,121.546098,25.1356849
111,12,2,16,17,2,08士林區,士林區格致路與建業路口,0,0,2,3,H01,6,1,5,40,3,2,1,4,4,5,7,1,1,5,5,5,1,3,2,65,2,9,4,5,8,16,8,20,10,16,,67,15,1,22,9,121.546098,25.1356849
111,12,2,17,10,2,03中山區,中山區錦西街與天祥路口,0,0,1,1,B03,8,1,5,50,3,1,1,5,4,5,7,4,4,9,5,5,2,17,2,56,3,10,3,4,7,5,1,8,1,1,,8,8,1,22,9,121.5210248,25.0603787
111,12,2,17,10,2,03中山區,中山區錦西街與天祥路口,0,0,1,2,C03,8,1,5,50,3,1,1,5,4,5,7,4,4,9,5,5,2,17,1,46,2,8,3,4,7,9,1,9,1,11,,44,8,1,22,9,121.5210248,25.0603787
111,12,2,17,29,2,05中正區,中正區中華路2段與中華路2段303巷口,0,0,2,1,C03,8,3,5,50,4,1,1,5,4,5,7,1,1,5,4,4,2,17,2,41,2,9,2,1,7,5,1,10,2,11,,6,6,1,22,9,121.5048249,25.02921216
111,12,2,17,29,2,05中正區,中正區中華路2段與中華路2段303巷口,0,0,2,2,C03,8,3,5,50,4,1,1,5,4,5,7,1,1,5,4,4,2,17,1,27,2,9,1,1,7,9,1,10,2,14,,44,6,1,22,9,121.5048249,25.02921216
111,12,2,17,29,2,05中正區,中正區中華路2段與中華路2段303巷口,0,0,2,3,C03,8,3,5,50,4,1,1,5,4,5,7,1,1,5,4,4,2,17,1,36,4,11,3,4,7,13,7,19,11,12,,44,6,1,22,9,121.5048249,25.02921216
111,12,2,17,29,2,05中正區,中正區中華路2段與中華路2段303巷口,0,0,2,4,C03,8,3,5,50,4,1,1,5,4,5,7,1,1,5,4,4,2,17,1,63,4,11,3,4,7,13,7,19,11,12,,44,6,1,22,9,121.5048249,25.02921216
111,12,2,17,31,2,12內湖區,內湖區成功路4段與金龍路口,0,0,1,1,B03,6,3,5,50,4,1,1,4,4,5,7,1,1,4,3,5,1,16,1,59,4,11,3,4,7,15,7,19,11,15,,6,43,2,22,9,121.5950211,25.08423028
111,12,2,17,31,2,12內湖區,內湖區成功路4段與金龍路口,0,0,1,2,C03,6,3,5,50,4,1,1,4,4,5,7,1,1,4,3,5,1,16,2,31,2,9,1,1,7,9,1,10,1,14,,44,43,1,22,9,121.5950211,25.08423028
111,12,2,17,32,2,12內湖區,內湖區金龍路與金龍隧道口,0,0,2,1,B03,6,3,5,50,3,1,1,4,4,5,7,1,1,5,4,5,2,16,1,40,3,10,1,1,7,5,1,8,1,7,,25,17,1,22,9,121.5884843,25.08664222
111,12,2,17,32,2,12內湖區,內湖區金龍路與金龍隧道口,0,0,2,2,C03,6,3,5,50,3,1,1,4,4,5,7,1,1,5,4,5,2,16,2,27,2,9,1,1,7,5,1,10,1,12,,25,17,1,22,9,121.5884843,25.08664222
111,12,2,17,32,2,12內湖區,內湖區金龍路與金龍隧道口,0,0,2,3,H02,6,3,5,50,3,1,1,4,4,5,7,1,1,5,4,5,2,16,2,27,2,9,1,5,7,20,8,20,10,16,,67,17,1,22,9,121.5884843,25.08664222
111,12,2,17,35,2,04大安區,大安區基隆路3段156巷與基隆路3段口,0,0,2,1,C03,7,3,5,50,4,1,1,5,4,5,7,2,1,10,5,5,2,12,1,61,2,9,3,4,7,9,1,10,1,14,,17,17,1,22,9,121.5425542,25.0157742
111,12,2,17,35,2,04大安區,大安區基隆路3段156巷與基隆路3段口,0,0,2,2,C03,7,3,5,50,4,1,1,5,4,5,7,2,1,10,5,5,2,12,1,41,2,9,3,4,7,9,1,10,1,12,,17,17,1,22,9,121.5425542,25.0157742
111,12,2,17,42,2,08士林區,士林區中山北路5段250號銘傳對面,0,0,1,1,C03,7,3,5,50,14,9,1,5,4,5,7,4,4,1,5,5,2,13,1,63,3,10,1,1,7,9,1,10,1,11,,16,16,1,22,9,121.5263732,25.08708003
111,12,2,17,42,2,08士林區,士林區中山北路5段250號銘傳對面,0,0,1,2,C03,7,3,5,50,14,9,1,5,4,5,7,4,4,1,5,5,2,13,2,29,2,9,1,1,7,12,1,10,1,13,,44,16,1,22,9,121.5263732,25.08708003
111,12,2,17,44,2,11南港區,南港區重陽路223號,0,0,1,1,B03,7,3,5,50,14,7,1,4,4,5,7,4,4,9,4,4,2,16,1,22,3,10,1,1,7,8,3,18,1,2,,17,17,1,22,9,121.6017756,25.0575695
111,12,2,17,44,2,11南港區,南港區重陽路223號,0,0,1,2,C03,7,3,5,50,14,7,1,4,4,5,7,4,4,9,4,4,2,16,1,26,2,8,1,1,7,9,1,10,1,14,,44,17,1,22,9,121.6017756,25.0575695
111,12,2,17,50,2,01大同區,大同區台北橋機車道往東,0,0,2,1,C03,8,3,5,40,14,9,1,5,4,5,7,4,4,10,4,5,2,13,1,26,2,9,3,4,7,9,1,10,1,11,,23,16,1,22,9,121.5108263,25.06286302
111,12,2,17,50,2,01大同區,大同區台北橋機車道往東,0,0,2,2,C03,8,3,5,40,14,9,1,5,4,5,7,4,4,10,4,5,2,13,1,41,2,9,3,4,7,14,1,10,1,13,,44,16,1,22,9,121.5108263,25.06286302
111,12,2,17,50,2,01大同區,大同區台北橋機車道往東,0,0,2,3,C03,8,3,5,40,14,9,1,5,4,5,7,4,4,10,4,5,2,13,1,33,3,10,3,4,7,14,1,10,1,13,,44,16,1,22,9,121.5108263,25.06286302
111,12,2,17,50,2,01大同區,大同區西寧北路與鄭州路口口,0,0,1,1,C03,8,3,5,40,4,1,1,5,4,5,7,2,1,8,3,5,2,12,2,62,2,8,1,1,7,5,1,10,1,14,,8,8,1,22,9,121.5082021,25.0506052
111,12,2,17,50,2,01大同區,大同區西寧北路與鄭州路口口,0,0,1,2,B02,8,3,5,40,4,1,1,5,4,5,7,2,1,8,3,5,2,12,1,22,3,10,1,1,7,9,1,8,1,1,,26,8,1,22,9,121.5082021,25.0506052
111,12,2,17,50,2,01大同區,大同區西寧北路與鄭州路口口,0,0,1,3,B01,8,3,5,40,4,1,1,5,4,5,7,2,1,8,3,5,2,12,1,42,3,10,1,1,7,9,1,8,1,4,,44,8,1,22,9,121.5082021,25.0506052
111,12,2,17,50,2,10文山區,文山區辛亥路4段與辛亥路4段166巷口,0,0,3,1,C03,7,3,5,50,3,1,1,5,4,5,7,2,1,1,4,5,2,16,2,33,2,5,1,1,7,11,1,10,1,12,,10,10,1,22,9,121.5563956,25.00365314
111,12,2,17,50,2,10文山區,文山區辛亥路4段與辛亥路4段166巷口,0,0,3,2,C03,7,3,5,50,3,1,1,5,4,5,7,2,1,1,4,5,2,16,1,29,2,9,1,1,7,9,1,10,1,11,,44,10,1,22,9,121.5563956,25.00365314
111,12,2,17,50,2,10文山區,文山區辛亥路4段與辛亥路4段166巷口,0,0,3,3,H02,7,3,5,50,3,1,1,5,4,5,7,2,1,1,4,5,2,16,2,27,2,9,1,1,7,20,8,20,10,16,,67,10,1,22,9,121.5563956,25.00365314
111,12,2,17,56,2,11南港區,南港區重陽路與重陽路125巷口口,0,0,1,1,C03,7,3,5,40,3,1,1,4,4,5,7,2,1,5,5,5,2,16,1,47,3,10,1,1,7,6,1,10,1,12,,9,9,1,22,9,121.598205,25.05624901
111,12,2,17,56,2,11南港區,南港區重陽路與重陽路125巷口口,0,0,1,2,C03,7,3,5,40,3,1,1,4,4,5,7,2,1,5,5,5,2,16,2,25,2,8,1,1,7,9,1,10,1,14,,44,9,1,22,9,121.598205,25.05624901
111,12,2,17,58,2,03中山區,中山區農安街與松江路口,0,0,1,1,B01,7,3,5,50,4,1,1,5,4,5,7,1,1,1,4,5,2,12,1,27,3,10,1,3,7,6,1,8,2,5,,6,6,1,22,9,121.5331175,25.0648561
111,12,2,17,58,2,03中山區,中山區農安街與松江路口,0,0,1,2,C03,7,3,5,50,4,1,1,5,4,5,7,1,1,1,4,5,2,12,1,29,2,9,1,1,7,9,1,10,2,14,,13,6,1,22,9,121.5331175,25.0648561
111,12,2,18,0,2,09北投區,北投區竹子湖路2-2號,0,0,3,1,B03,6,4,5,40,14,9,1,4,4,5,7,4,4,5,4,5,2,10,1,71,2,9,1,1,7,9,1,8,2,1,,4,4,1,22,9,121.5442442,25.1642102
111,12,2,18,0,2,09北投區,北投區竹子湖路2-2號,0,0,3,2,B03,6,4,5,40,14,9,1,4,4,5,7,4,4,5,4,5,2,10,1,32,2,9,1,1,7,9,1,8,2,1,,44,4,1,22,9,121.5442442,25.1642102
111,12,2,18,0,2,09北投區,北投區竹子湖路2-2號,0,0,3,3,H02,6,4,5,40,14,9,1,4,4,5,7,4,4,5,4,5,2,10,2,67,2,9,1,5,7,21,8,20,10,16,,67,4,1,22,9,121.5442442,25.1642102
111,12,2,18,6,2,04大安區,大安區基隆路2段與樂業街口,0,0,1,1,C03,7,3,5,50,4,2,1,5,4,5,7,4,4,1,4,5,2,13,1,60,2,8,3,4,7,9,1,10,1,11,,16,16,1,22,9,121.5501321,25.02229784
111,12,2,18,6,2,04大安區,大安區基隆路2段與樂業街口,0,0,1,2,B03,7,3,5,50,4,2,1,5,4,5,7,4,4,1,4,5,2,13,2,37,3,10,3,4,7,12,1,8,1,6,,44,16,1,22,9,121.5501321,25.02229784
111,12,2,18,10,2,08士林區,士林區中正路與延平北路6段口,0,0,1,1,C03,8,3,5,50,4,1,1,5,4,5,7,2,1,1,4,5,2,12,2,34,2,7,1,1,7,1,1,10,1,12,,17,17,1,22,9,121.5092833,25.0868976
111,12,2,18,10,2,08士林區,士林區中正路與延平北路6段口,0,0,1,2,B03,8,3,5,50,4,1,1,5,4,5,7,2,1,1,4,5,2,12,1,36,3,10,1,1,7,1,1,8,1,8,,17,17,1,22,9,121.5092833,25.0868976
111,12,2,18,16,2,06松山區,松山區南京東路3段248號,0,0,1,1,C03,6,3,5,50,14,9,1,4,4,5,7,2,1,1,4,5,2,12,1,33,2,9,1,1,7,9,1,10,1,15,,17,42,1,22,9,121.5441574,25.05171978
111,12,2,18,16,2,06松山區,松山區南京東路3段248號,0,0,1,2,C03,6,3,5,50,14,9,1,4,4,5,7,2,1,1,4,5,2,12,1,21,3,10,1,1,7,9,1,10,1,11,,16,42,1,22,9,121.5441574,25.05171978
111,12,2,18,20,2,06松山區,松山區南京東路5段27號,0,0,1,1,B11,8,3,5,50,14,7,1,5,4,5,7,1,1,1,3,4,2,12,1,67,3,10,1,1,7,9,4,8,1,6,,17,,1,22,9,121.5580388,25.05162304
111,12,2,18,20,2,06松山區,松山區南京東路5段27號,0,0,1,2,C03,8,3,5,50,14,7,1,5,4,5,7,1,1,1,3,4,2,12,1,46,2,9,1,1,7,9,1,10,1,14,,44,,1,22,9,121.5580388,25.05162304
111,12,2,18,20,2,12內湖區,內湖區潭美街與潭美街口東向西(五分疏散門),0,0,1,1,C03,6,1,5,50,3,2,1,4,4,5,7,3,1,5,5,5,2,17,1,33,2,9,1,1,7,9,1,10,1,11,,16,16,1,22,9,121.6138806,25.06551606
111,12,2,18,20,2,12內湖區,內湖區潭美街與潭美街口東向西(五分疏散門),0,0,1,2,B02,6,1,5,50,3,2,1,4,4,5,7,3,1,5,5,5,2,17,1,40,3,10,1,1,7,12,1,8,1,6,,44,16,1,22,9,121.6138806,25.06551606
111,12,2,18,30,2,03中山區,中山區民權東路3段榮星花園旁52號停車格,0,0,1,1,C03,8,3,5,50,14,9,1,5,4,5,7,4,4,1,4,5,2,16,1,49,3,10,3,4,7,8,3,18,2,12,,7,7,1,22,9,121.5395376,25.06246056
111,12,2,18,30,2,03中山區,中山區民權東路3段榮星花園旁52號停車格,0,0,1,2,C03,8,3,5,50,14,9,1,5,4,5,7,4,4,1,4,5,2,16,2,60,2,7,3,4,7,9,1,10,2,11,,44,7,1,22,9,121.5395376,25.06246056
111,12,2,18,30,2,03中山區,中山區民權東路3段榮星花園旁52號停車格,0,0,1,3,B02,8,3,5,50,14,9,1,5,4,5,7,4,4,1,4,5,2,16,1,29,,,,,,,,,9,,,67,7,1,,,121.5395376,25.06246056
111,12,2,18,42,2,12內湖區,內湖區康寧路3段與康寧路3段75巷口,0,0,1,1,B02,8,3,5,50,3,1,1,5,4,5,7,2,1,1,4,5,2,16,1,28,3,10,1,4,7,9,1,8,2,1,,23,23,1,22,9,121.6088061,25.07190769
111,12,2,18,42,2,12內湖區,內湖區康寧路3段與康寧路3段75巷口,0,0,1,2,C03,8,3,5,50,3,1,1,5,4,5,7,2,1,1,4,5,2,16,1,55,2,9,1,1,7,5,1,10,2,14,,8,23,1,22,9,121.6088061,25.07190769
111,12,2,18,45,2,03中山區,中山區南京東路2段63號,0,0,1,1,B03,8,3,5,50,14,7,1,5,4,5,7,4,4,3,4,4,2,17,1,64,3,10,1,1,7,9,1,8,1,5,,23,17,1,22,9,121.5304056,25.05214046
111,12,2,18,45,2,03中山區,中山區南京東路2段63號,0,0,1,2,C03,8,3,5,50,14,7,1,5,4,5,7,4,4,3,4,4,2,17,2,47,2,8,1,1,7,14,1,10,1,15,,44,17,1,22,9,121.5304056,25.05214046
111,12,2,18,55,2,05中正區,中正區濟南路1段71號,0,0,1,1,B03,7,3,5,50,14,8,1,5,4,5,7,4,4,5,5,4,2,11,1,52,3,10,1,1,7,11,1,8,2,1,,10,10,1,22,9,121.5235967,25.0422583
111,12,2,18,55,2,05中正區,中正區濟南路1段71號,0,0,1,2,C03,7,3,5,50,14,8,1,5,4,5,7,4,4,5,5,4,2,11,1,18,2,8,1,1,7,9,1,10,2,14,,44,10,1,22,9,121.5235967,25.0422583
111,12,2,19,13,2,11南港區,南港區忠孝東路6段與昆陽街157巷口,0,0,1,1,B02,6,3,5,50,5,2,1,4,4,5,7,1,1,1,3,5,2,12,1,32,3,10,3,4,7,6,1,8,1,2,,9,9,1,22,9,121.5953453,25.05059063
111,12,2,19,13,2,11南港區,南港區忠孝東路6段與昆陽街157巷口,0,0,1,2,C03,6,3,5,50,5,2,1,4,4,5,7,1,1,1,3,5,2,12,1,36,2,7,1,4,7,9,1,10,9,14,,42,9,1,22,9,121.5953453,25.05059063
111,12,2,19,15,2,07信義區,信義區忠孝東路5段143號對面,0,0,1,1,C03,7,3,5,50,14,9,1,5,4,5,7,4,4,1,2,5,2,13,1,29,2,3,1,1,7,9,1,10,1,11,,23,23,1,22,9,121.5680971,25.0409949
111,12,2,19,15,2,07信義區,信義區忠孝東路5段143號對面,0,0,1,2,B03,7,3,5,50,14,9,1,5,4,5,7,4,4,1,2,5,2,13,1,52,3,10,1,1,7,14,1,8,1,3,,44,23,1,22,9,121.5680971,25.0409949
111,12,2,19,25,2,09北投區,北投區大度路2段107號燈桿,0,0,3,1,C03,7,4,5,50,14,12,1,5,4,5,7,4,4,1,4,5,2,13,1,19,2,9,1,1,7,9,1,10,1,11,,16,16,1,22,9,121.478369,25.122366
111,12,2,19,25,2,09北投區,北投區大度路2段107號燈桿,0,0,3,2,C03,7,4,5,50,14,12,1,5,4,5,7,4,4,1,4,5,2,13,1,73,2,9,1,1,7,9,4,8,1,13,,44,16,1,22,9,121.478369,25.122366
111,12,2,19,25,2,09北投區,北投區大度路2段107號燈桿,0,0,3,3,H02,7,4,5,50,14,12,1,5,4,5,7,4,4,1,4,5,2,13,1,20,2,9,1,5,7,20,8,20,10,15,,67,16,1,22,9,121.478369,25.122366
111,12,2,19,50,2,07信義區,信義區忠孝東路5段與松山路口,0,0,1,1,B03,8,1,5,50,4,2,1,5,4,5,7,2,1,1,4,5,2,13,1,27,3,10,1,1,7,9,1,8,1,1,,23,23,1,22,9,121.5778174,25.0408916
111,12,2,19,50,2,07信義區,信義區忠孝東路5段與松山路口,0,0,1,2,C03,8,1,5,50,4,2,1,5,4,5,7,2,1,1,4,5,2,13,1,65,2,7,1,1,7,14,1,10,1,13,,44,23,1,22,9,121.5778174,25.0408916
111,12,2,20,2,2,08士林區,士林區中山北路5段與劍潭路口,0,0,2,1,A04,8,3,5,50,3,2,1,5,4,5,7,2,1,4,4,1,1,12,1,54,3,10,3,4,7,9,1,2,1,2,,44,44,1,22,9,121.5253892,25.08436559
111,12,2,20,2,2,08士林區,士林區中山北路5段與劍潭路口,0,0,2,2,C03,8,3,5,50,3,2,1,5,4,5,7,2,1,4,4,1,1,12,1,56,2,7,1,4,7,7,1,10,1,14,,7,44,1,22,9,121.5253892,25.08436559
111,12,2,20,2,2,08士林區,士林區中山北路5段與劍潭路口,0,0,2,3,H02,8,3,5,50,3,2,1,5,4,5,7,2,1,4,4,1,1,12,2,42,2,9,1,5,7,20,8,20,10,16,,67,44,1,22,9,121.5253892,25.08436559
111,12,2,20,12,2,01大同區,大同區台北橋汽車道,0,0,2,1,B01,7,3,5,40,8,9,1,5,4,5,7,4,4,5,2,5,2,13,1,62,3,10,1,4,7,9,1,2,1,1,,23,16,1,22,9,121.514717,25.06295219
111,12,2,20,12,2,01大同區,大同區台北橋汽車道,0,0,2,2,B01,7,3,5,40,8,9,1,5,4,5,7,4,4,5,2,5,2,13,1,51,2,1,1,4,7,14,1,4,1,3,,44,16,1,22,9,121.514717,25.06295219
111,12,2,20,12,2,01大同區,大同區台北橋汽車道,0,0,2,3,B03,7,3,5,40,8,9,1,5,4,5,7,4,4,5,2,5,2,13,1,42,2,2,1,4,7,14,1,8,1,3,,44,16,1,22,9,121.514717,25.06295219
111,12,2,20,18,2,05中正區,中正區市民大道3段與金山北路口旁,0,0,1,1,B01,7,3,5,50,14,9,1,5,4,5,7,4,4,9,4,5,1,16,2,65,3,10,1,1,7,14,1,4,2,6,,38,38,1,21,1,121.5307383,25.0452866
111,12,2,20,18,2,05中正區,中正區市民大道3段與金山北路口旁,0,0,1,2,C03,7,3,5,50,14,9,1,5,4,5,7,4,4,9,4,5,1,16,1,20,2,8,1,1,7,9,1,10,2,14,,44,38,1,21,2,121.5307383,25.0452866
111,12,2,20,18,2,05中正區,中正區市民大道3段與金山北路口旁,0,0,1,3,H02,7,3,5,50,14,9,1,5,4,5,7,4,4,9,4,5,1,16,2,67,3,10,4,5,7,20,8,20,10,16,,60,38,1,19,5,121.5307383,25.0452866
111,12,2,20,23,2,07信義區,信義區信義路6段與信義路6段15巷口口,0,0,2,1,C03,8,3,5,50,4,1,1,5,4,5,7,2,1,9,4,4,1,16,2,56,2,9,3,4,7,5,1,10,1,12,,6,6,1,22,9,121.5753245,25.03420879
111,12,2,20,23,2,07信義區,信義區信義路6段與信義路6段15巷口口,0,0,2,2,C03,8,3,5,50,4,1,1,5,4,5,7,2,1,9,4,4,1,16,1,50,2,9,3,4,7,9,1,10,1,11,,44,6,1,22,9,121.5753245,25.03420879
111,12,2,20,24,2,01大同區,大同區保安街與甘州街口,0,0,1,1,B03,8,3,5,50,4,1,1,5,4,5,7,1,1,5,5,5,2,17,1,72,3,10,1,1,7,5,1,8,2,15,,6,6,1,22,9,121.5128189,25.0591559
111,12,2,20,24,2,01大同區,大同區保安街與甘州街口,0,0,1,2,C03,8,3,5,50,4,1,1,5,4,5,7,1,1,5,5,5,2,17,2,28,2,9,1,1,7,9,1,10,2,14,,44,6,1,22,9,121.5128189,25.0591559
111,12,2,20,40,2,08士林區,士林區華齡街與前港街口,0,0,2,1,B03,7,3,5,50,4,1,1,5,4,5,7,2,1,5,4,5,2,12,1,29,2,1,1,1,7,5,1,8,2,4,,8,8,1,22,9,121.5193423,25.0851095
111,12,2,20,40,2,08士林區,士林區華齡街與前港街口,0,0,2,2,C03,7,3,5,50,4,1,1,5,4,5,7,2,1,5,4,5,2,12,2,24,2,9,1,1,7,9,1,10,2,11,,13,8,1,22,9,121.5193423,25.0851095
111,12,2,20,53,2,04大安區,大安區基隆路4段43號與基隆路4段口,0,0,3,1,C04,8,3,5,50,4,2,1,5,4,5,7,1,1,1,4,4,2,16,2,18,2,9,1,1,7,5,1,10,2,14,,8,8,1,22,9,121.5105841,25.02781878
111,12,2,20,53,2,04大安區,大安區基隆路4段43號與基隆路4段口,0,0,3,2,C03,8,3,5,50,4,2,1,5,4,5,7,1,1,1,4,4,2,16,1,32,2,9,1,1,7,9,1,10,2,11,,13,8,1,22,9,121.5105841,25.02781878
111,12,2,20,53,2,04大安區,大安區基隆路4段43號與基隆路4段口,0,0,3,3,H02,8,3,5,50,4,2,1,5,4,5,7,1,1,1,4,4,2,16,2,18,2,9,4,5,7,20,8,20,10,16,,67,8,1,22,9,121.5105841,25.02781878
111,12,2,21,31,2,12內湖區,內湖區民權東路6段16巷與無名巷口,0,0,1,1,B03,6,3,5,30,3,2,1,4,4,5,7,4,4,10,5,5,2,1,2,34,3,10,1,1,7,5,1,8,2,8,,23,23,1,22,9,121.6065495,25.07237429
111,12,2,21,31,2,12內湖區,內湖區民權東路6段16巷與無名巷口,0,0,1,2,H01,6,3,5,30,3,2,1,4,4,5,7,4,4,10,5,5,2,1,2,39,2,9,4,5,8,16,8,20,10,16,,67,23,1,22,9,121.6065495,25.07237429
111,12,2,21,40,2,07信義區,信義區虎林街272巷與信義路6段76巷3弄口,0,0,2,1,F01,7,3,5,30,4,1,1,5,4,5,7,4,4,10,5,5,2,16,1,61,2,9,1,1,7,9,8,20,1,16,,6,6,1,22,9,121.5781779,25.0356544
111,12,2,21,40,2,07信義區,信義區虎林街272巷與信義路6段76巷3弄口,0,0,2,2,C03,7,3,5,30,4,1,1,5,4,5,7,4,4,10,5,5,2,16,1,30,2,9,1,1,7,9,1,10,1,11,,23,6,1,22,9,121.5781779,25.0356544
111,12,2,21,53,2,03中山區,中山區民權東路2段與松江路口,0,0,1,1,A02,7,3,5,50,4,1,1,5,4,5,7,2,1,1,4,5,2,16,1,49,3,10,3,4,7,5,1,2,2,2,,8,8,2,22,9,121.5332645,25.0623844
111,12,2,21,53,2,03中山區,中山區民權東路2段與松江路口,0,0,1,2,C03,7,3,5,50,4,1,1,5,4,5,7,2,1,1,4,5,2,16,1,34,2,9,3,4,7,9,1,10,2,11,,23,8,1,22,9,121.5332645,25.0623844
111,12,2,22,21,2,04大安區,大安區仁愛路4段與敦化南路1段口,0,0,2,1,C03,8,3,5,50,5,1,1,5,4,5,7,4,4,1,5,5,2,16,1,19,3,10,1,1,7,6,1,10,1,12,,44,44,1,22,9,121.5490407,25.0386431
111,12,2,22,21,2,04大安區,大安區仁愛路4段與敦化南路1段口,0,0,2,2,C03,8,3,5,50,5,1,1,5,4,5,7,4,4,1,5,5,2,16,1,30,2,9,1,1,7,9,1,10,1,11,,13,44,1,22,9,121.5490407,25.0386431
111,12,2,22,21,2,04大安區,大安區仁愛路4段與敦化南路1段口,0,0,2,3,H02,8,3,5,50,5,1,1,5,4,5,7,4,4,1,5,5,2,16,2,19,2,8,1,5,7,20,8,20,10,16,,67,44,1,22,9,121.5490407,25.0386431
111,12,3,0,43,2,04大安區,大安區仁愛路3段與建國南路1段口,0,0,1,1,C03,7,3,5,50,5,2,1,5,4,5,7,4,4,8,5,5,2,23,2,28,2,9,1,1,7,15,1,10,1,14,,23,23,1,22,9,121.538298,25.0375943
111,12,3,0,43,2,04大安區,大安區仁愛路3段與建國南路1段口,0,0,1,2,,7,3,5,50,5,2,1,5,4,5,7,4,4,8,5,5,2,23,3,,,,,,,,,,,,,67,23,1,,,121.538298,25.0375943
111,12,3,0,58,2,07信義區,信義區忠孝東路4段555號,0,0,1,1,B03,7,3,5,50,14,9,1,5,4,5,7,4,4,1,4,5,1,12,1,26,3,10,1,1,7,1,1,8,2,8,,19,19,1,22,9,121.5630322,25.0412926
111,12,3,0,58,2,07信義區,信義區忠孝東路4段555號,0,0,1,2,C03,7,3,5,50,14,9,1,5,4,5,7,4,4,1,4,5,1,12,1,44,2,9,1,1,7,9,1,10,2,12,,44,19,1,22,9,121.5630322,25.0412926
111,12,3,1,40,2,04大安區,大安區信義路3段與建國南路2段口,0,1,1,1,C03,7,3,5,50,5,1,1,5,4,5,7,1,1,1,5,5,2,15,2,26,5,9,1,1,7,9,1,10,2,11,,44,44,1,22,9,121.5380941,25.0334134
111,12,3,1,40,2,04大安區,大安區信義路3段與建國南路2段口,0,1,1,2,C03,7,3,5,50,5,1,1,5,4,5,7,1,1,1,5,5,2,15,1,24,2,9,1,1,7,9,1,10,2,11,,44,44,1,22,9,121.5380941,25.0334134
111,12,3,7,0,2,06松山區,松山區松河街158號,0,0,1,1,B03,6,1,5,40,14,9,1,4,4,5,7,4,4,9,4,5,2,17,1,26,3,10,1,1,7,1,1,8,1,1,,19,19,1,22,9,121.5761474,25.05127997