發生年度,發生月,發生日,發生時-Hours,發生分,處理別-編號,區序,肇事地點,死亡人數,2-30日死亡人數,受傷人數,當事人序號,車種,天候,光線,道路類別,速限-速度限制,道路型態,事故位置,路面狀況1,路面狀況2,路面狀況3,道路障礙1,道路障礙2,號誌1,號誌2,車道劃分-分向,車道劃分-分道1,車道劃分-分道2,車道劃分-分道3,事故類型及型態,性別,年齡,受傷程度,主要傷處,安全帽,行動電話,車輛用途,當事者行動狀態,駕駛資格情形,駕駛執照種類,飲酒情形,車輛撞擊部位1,車輛撞擊部位2,肇因碼-個別,肇因碼-主要,個人肇逃否,職業,旅次目的,座標-X,座標-Y
111,12,3,7,0,2,06松山區,松山區松河街158號,0,0,1,2,C03,6,1,5,40,14,9,1,4,4,5,7,4,4,9,4,5,2,17,1,20,2,9,1,1,7,9,1,10,1,12,,44,19,1,22,9,121.5761474,25.05127997
111,12,3,7,0,2,06松山區,松山區松河街158號,0,0,1,3,C03,6,1,5,40,14,9,1,4,4,5,7,4,4,9,4,5,2,17,2,37,3,10,1,1,7,13,1,10,1,14,,44,19,1,22,9,121.5761474,25.05127997
111,12,3,7,30,2,01大同區,大同區鄭州路與塔城街口,0,0,2,2,C03,6,1,5,50,4,2,1,4,4,5,7,1,1,1,2,5,2,17,1,31,4,11,3,4,7,15,7,19,11,15,,25,43,2,22,9,121.5104993,25.0503786
111,12,3,7,30,2,01大同區,大同區鄭州路與塔城街口,0,0,2,3,C03,6,1,5,50,4,2,1,4,4,5,7,1,1,1,2,5,2,17,2,22,2,9,1,1,7,9,1,10,2,14,,44,43,1,22,9,121.5104993,25.0503786
111,12,3,7,30,2,01大同區,大同區鄭州路與塔城街口,0,0,2,1,C03,6,1,5,50,4,2,1,4,4,5,7,1,1,1,2,5,2,17,1,22,4,11,3,4,7,15,7,19,11,15,,25,43,2,22,9,121.5104993,25.0503786
111,12,3,7,30,2,01大同區,大同區鄭州路與塔城街口,0,0,2,4,H02,6,1,5,50,4,2,1,4,4,5,7,1,1,1,2,5,2,17,2,23,2,9,1,1,7,21,8,20,10,16,,67,43,1,22,9,121.5104993,25.0503786
111,12,3,7,48,2,04大安區,大安區和平東路2段134-18號,0,0,1,1,B03,7,1,5,50,14,9,1,4,4,5,7,4,4,1,4,5,2,17,1,32,3,10,1,1,7,7,1,8,1,15,,6,6,1,22,9,121.545618,25.02471806
111,12,3,7,48,2,04大安區,大安區和平東路2段134-18號,0,0,1,2,C03,7,1,5,50,14,9,1,4,4,5,7,4,4,1,4,5,2,17,1,23,2,9,1,1,7,9,1,8,1,15,,44,6,1,22,9,121.545618,25.02471806
111,12,3,7,53,2,07信義區,信義區莊敬路8號,0,0,1,1,C03,6,1,5,50,14,9,1,4,4,5,7,4,4,9,5,5,1,12,2,64,2,9,1,1,7,7,3,18,1,14,,7,7,1,22,9,121.5613202,25.0326998
111,12,3,7,53,2,07信義區,信義區莊敬路8號,0,0,1,2,B03,6,1,5,50,14,9,1,4,4,5,7,4,4,9,5,5,1,12,1,50,3,10,1,1,7,9,1,8,1,5,,17,7,1,22,9,121.5613202,25.0326998
111,12,3,8,9,2,03中山區,中山區復興北路60號,0,0,2,1,C03,7,1,5,50,14,9,1,4,4,5,7,1,1,1,3,5,1,16,1,39,2,9,1,1,7,8,6,18,1,12,,7,7,1,22,9,121.5438799,25.0502166
111,12,3,8,9,2,03中山區,中山區復興北路60號,0,0,2,2,C03,7,1,5,50,14,9,1,4,4,5,7,1,1,1,3,5,1,16,1,44,2,9,1,1,7,9,1,10,1,14,,44,7,1,22,9,121.5438799,25.0502166
111,12,3,8,10,2,09北投區,北投區三合街2段424巷6號,0,0,1,1,C03,7,1,5,30,14,9,1,5,4,5,7,4,4,10,5,5,2,17,1,54,2,8,3,4,7,9,1,10,1,14,,23,23,1,22,9,121.5025062,25.1271018
111,12,3,8,10,2,09北投區,北投區三合街2段424巷6號,0,0,1,2,B03,7,1,5,30,14,9,1,5,4,5,7,4,4,10,5,5,2,17,1,31,3,10,3,4,7,14,1,8,1,15,,44,23,1,22,9,121.5025062,25.1271018
111,12,3,8,10,2,09北投區,北投區三合街2段424巷6號,0,0,1,3,B03,7,1,5,30,14,9,1,5,4,5,7,4,4,10,5,5,2,17,1,51,3,10,3,4,7,5,1,8,1,15,,44,23,1,22,9,121.5025062,25.1271018
111,12,3,8,20,2,05中正區,中正區懷寧街與貴陽街1段口,0,0,1,1,C03,6,1,5,50,3,1,1,4,4,5,7,4,4,8,3,5,2,12,1,33,3,10,1,1,7,9,1,10,2,11,,4,4,1,22,9,121.5137577,25.03870163
111,12,3,8,20,2,05中正區,中正區懷寧街與貴陽街1段口,0,0,1,2,C03,6,1,5,50,3,1,1,4,4,5,7,4,4,8,3,5,2,12,2,56,2,6,1,1,7,5,1,10,2,14,,44,4,1,22,9,121.5137577,25.03870163
111,12,3,8,33,2,04大安區,大安區羅斯福路3段與羅斯福路3段333巷口,0,0,1,1,C03,6,1,5,50,3,2,1,4,4,5,7,4,4,1,5,5,1,13,1,18,3,10,1,1,7,9,1,10,2,11,,23,16,1,22,9,121.5323314,25.01688138
111,12,3,8,33,2,04大安區,大安區羅斯福路3段與羅斯福路3段333巷口,0,0,1,2,C03,6,1,5,50,3,2,1,4,4,5,7,4,4,1,5,5,1,13,1,38,2,9,1,1,7,6,1,10,2,13,12,27,16,1,22,9,121.5323314,25.01688138
111,12,3,8,46,2,03中山區,中山區南京東路3段與建國北路2段口,0,0,1,1,C03,6,1,5,50,4,1,1,4,4,5,7,2,1,1,4,1,1,17,2,41,2,8,3,4,7,10,1,10,1,13,,42,16,1,22,9,121.5371048,25.05207042
111,12,3,8,46,2,03中山區,中山區南京東路3段與建國北路2段口,0,0,1,2,B03,6,1,5,50,4,1,1,4,4,5,7,2,1,1,4,1,1,17,1,51,3,10,3,4,7,9,1,8,1,5,,23,16,1,22,9,121.5371048,25.05207042
111,12,3,9,5,2,01大同區,大同區安西街與延平北路2段272巷口,0,0,2,1,C03,7,1,5,50,4,1,1,5,4,5,7,4,4,10,5,5,2,15,2,53,2,7,1,1,7,9,1,10,1,11,,6,6,1,22,9,121.5097504,25.0620843
111,12,3,9,5,2,01大同區,大同區安西街與延平北路2段272巷口,0,0,2,2,C03,7,1,5,50,4,1,1,5,4,5,7,4,4,10,5,5,2,15,2,53,2,8,1,1,7,9,1,10,1,14,,14,6,1,22,9,121.5097504,25.0620843
111,12,3,9,11,2,10文山區,文山區興隆路1段與興隆路1段137巷口,0,0,1,1,B03,6,1,5,50,4,1,1,4,4,5,7,1,1,1,4,5,2,16,1,32,3,10,1,1,7,5,1,8,1,5,,6,6,1,22,9,121.5421275,25.0019298
111,12,3,9,11,2,10文山區,文山區興隆路1段與興隆路1段137巷口,0,0,1,2,C03,6,1,5,50,4,1,1,4,4,5,7,1,1,1,4,5,2,16,1,31,2,9,1,1,7,9,1,10,1,14,,44,6,1,22,9,121.5421275,25.0019298
111,12,3,9,30,2,12內湖區,內湖區內湖路2段339巷與內湖路2段口,0,0,1,1,C03,6,1,5,50,3,1,1,4,4,5,7,4,4,9,5,5,2,17,1,50,2,9,1,1,7,6,1,10,1,14,,6,6,1,22,9,121.5918322,25.0832077
111,12,3,9,30,2,12內湖區,內湖區內湖路2段339巷與內湖路2段口,0,0,1,2,B03,6,1,5,50,3,1,1,4,4,5,7,4,4,9,5,5,2,17,1,45,3,10,1,1,7,9,1,8,1,2,,44,6,1,22,9,121.5918322,25.0832077
111,12,3,9,30,2,12內湖區,內湖區內湖路2段339巷與內湖路2段口,0,0,1,3,C03,6,1,5,50,3,1,1,4,4,5,7,4,4,9,5,5,2,17,2,27,3,10,3,4,7,13,1,10,11,13,,44,6,1,22,9,121.5918322,25.0832077
111,12,3,9,46,2,06松山區,松山區南京東路4段2號,0,0,1,1,B01,7,1,5,40,14,9,1,4,4,5,7,4,4,1,4,4,2,17,1,68,3,10,1,1,7,1,1,4,2,4,,19,19,1,22,9,121.5496491,25.05165138
111,12,3,9,46,2,06松山區,松山區南京東路4段2號,0,0,1,2,C03,7,1,5,40,14,9,1,4,4,5,7,4,4,1,4,4,2,17,2,33,2,9,1,1,7,9,1,10,2,14,,44,19,1,22,9,121.5496491,25.05165138
111,12,3,10,0,2,05中正區,中正區忠孝東路2段與金山南路1段口,0,0,1,1,B02,6,1,5,50,4,2,1,4,4,5,7,1,1,1,3,4,2,17,1,53,3,10,1,1,7,8,1,8,2,15,,44,44,1,22,9,121.5302769,25.0431297
111,12,3,10,0,2,05中正區,中正區忠孝東路2段與金山南路1段口,0,0,1,2,C03,6,1,5,50,4,2,1,4,4,5,7,1,1,1,3,4,2,17,2,48,2,6,1,1,7,9,4,8,2,14,,42,44,1,22,9,121.5302769,25.0431297
111,12,3,10,21,2,09北投區,北投區竹子湖路與竹子湖路口029燈桿,0,0,1,1,B12,6,1,5,30,3,2,1,4,4,5,4,4,4,10,5,5,2,17,1,34,3,10,1,1,7,6,1,8,11,5,,6,6,1,22,9,121.5371115,25.17517127
111,12,3,10,21,2,09北投區,北投區竹子湖路與竹子湖路口029燈桿,0,0,1,2,C03,6,1,5,30,3,2,1,4,4,5,4,4,4,10,5,5,2,17,1,24,2,9,1,1,7,4,1,10,11,11,,5,6,1,22,9,121.5371115,25.17517127
111,12,3,10,22,2,06松山區,松山區復興北路315號,0,0,1,1,B01,7,1,5,50,14,8,1,5,4,5,7,4,4,1,4,5,2,12,1,64,3,10,1,1,7,8,1,4,1,2,,7,7,1,22,9,121.5442791,25.05907897
111,12,3,10,22,2,06松山區,松山區復興北路315號,0,0,1,2,C03,7,1,5,50,14,8,1,5,4,5,7,4,4,1,4,5,2,12,1,20,2,9,1,1,7,9,1,10,1,11,,13,7,1,22,9,121.5442791,25.05907897
111,12,3,10,37,1,07信義區,信義區忠孝東路5段與忠孝東路5段215巷口,1,0,0,1,B03,7,1,5,50,3,2,1,4,4,5,7,2,1,1,4,5,2,16,1,30,3,10,1,1,7,5,1,8,2,5,,6,43,1,22,9,121.5701666,25.0411086
111,12,3,10,37,1,07信義區,信義區忠孝東路5段與忠孝東路5段215巷口,1,0,0,2,C03,7,1,5,50,3,2,1,4,4,5,7,2,1,1,4,5,2,16,1,18,1,1,1,1,7,9,1,10,9,11,,44,43,1,22,9,121.5701666,25.0411086
111,12,3,10,42,2,05中正區,中正區中山北路1段與北平東路口,0,0,1,1,B01,6,1,5,50,4,1,1,4,4,5,7,1,1,10,3,5,2,15,1,60,3,10,1,1,7,9,1,4,2,2,,25,25,1,22,9,121.5204158,25.04710547
111,12,3,10,42,2,05中正區,中正區中山北路1段與北平東路口,0,0,1,2,C03,6,1,5,50,4,1,1,4,4,5,7,1,1,10,3,5,2,15,1,25,2,9,1,1,7,9,1,10,2,11,,44,25,1,22,9,121.5204158,25.04710547
111,12,3,10,56,2,05中正區,中正區北平西路(台北車站西區地下停車場入口),0,0,1,1,B01,7,1,5,50,14,9,1,5,4,5,7,4,4,10,4,5,2,12,1,57,3,10,1,1,7,9,1,4,2,5,,23,44,1,22,9,121.515457,25.0474548
111,12,3,10,56,2,05中正區,中正區北平西路(台北車站西區地下停車場入口),0,0,1,2,C03,7,1,5,50,14,9,1,5,4,5,7,4,4,10,4,5,2,12,2,32,2,9,1,1,7,7,1,10,2,13,,7,44,1,22,9,121.515457,25.0474548
111,12,3,11,28,2,01大同區,大同區重慶北路1段與鄭州路口,0,0,1,1,B03,7,1,5,40,4,1,1,5,4,5,7,2,1,1,4,5,2,17,2,30,3,10,3,4,7,6,1,8,1,2,,9,9,1,22,9,121.5134653,25.0495092
111,12,3,11,28,2,01大同區,大同區重慶北路1段與鄭州路口,0,0,1,2,C03,7,1,5,40,4,1,1,5,4,5,7,2,1,1,4,5,2,17,1,22,2,8,1,4,7,9,1,10,1,11,,26,9,1,22,9,121.5134653,25.0495092
111,12,3,11,33,2,02萬華區,萬華區青年路56號,0,0,1,1,C03,8,1,5,0,14,9,1,5,4,5,7,4,4,8,3,5,2,16,2,77,2,9,1,4,7,7,3,18,1,14,,17,44,1,22,9,121.5032014,25.02482217
111,12,3,11,33,2,02萬華區,萬華區青年路56號,0,0,1,2,B01,8,1,5,0,14,9,1,5,4,5,7,4,4,8,3,5,2,16,1,64,3,10,3,4,7,7,1,8,1,2,,44,44,1,22,9,121.5032014,25.02482217
111,12,3,11,35,2,03中山區,中山區敬業四路與植福路口,0,0,1,1,B01,8,1,5,50,4,1,1,5,4,5,7,2,1,9,4,5,2,16,1,58,3,10,3,4,7,6,1,4,2,5,,9,9,1,22,9,121.5584934,25.0839469
111,12,3,11,35,2,03中山區,中山區敬業四路與植福路口,0,0,1,2,C03,8,1,5,50,4,1,1,5,4,5,7,2,1,9,4,5,2,16,2,19,2,9,3,4,7,9,1,10,2,14,,44,9,1,22,9,121.5584934,25.0839469
111,12,3,11,41,2,03中山區,中山區中山北路1段140巷與中山北路1段口,0,0,1,1,C03,8,1,5,50,3,1,1,5,4,5,7,4,4,10,4,5,2,16,2,31,2,8,1,1,7,9,1,10,1,11,,16,16,1,22,9,121.5222042,25.0514221
111,12,3,11,41,2,03中山區,中山區中山北路1段140巷與中山北路1段口,0,0,1,2,C03,8,1,5,50,3,1,1,5,4,5,7,4,4,10,4,5,2,16,1,32,3,10,1,1,7,9,5,10,1,13,,42,16,1,22,9,121.5222042,25.0514221
111,12,3,11,50,2,11南港區,南港區忠孝東路6段與昆陽街157巷口,0,0,2,1,C03,8,1,5,50,5,2,1,5,4,5,7,2,1,4,3,5,2,17,2,39,2,9,3,4,7,9,1,10,1,11,,26,26,1,22,9,121.5953443,25.0505027
111,12,3,11,50,2,11南港區,南港區忠孝東路6段與昆陽街157巷口,0,0,2,2,C03,8,1,5,50,5,2,1,5,4,5,7,2,1,4,3,5,2,17,1,21,2,9,3,4,7,11,1,10,1,14,,10,26,1,22,9,121.5953443,25.0505027
111,12,3,11,56,2,11南港區,南港區同德路與忠孝東路6段70巷口,0,0,3,1,C03,8,1,5,30,4,1,1,5,4,5,7,4,4,5,4,5,2,16,2,71,2,9,1,1,7,9,1,10,2,13,,6,6,1,22,9,121.5845917,25.04547514
111,12,3,11,56,2,11南港區,南港區同德路與忠孝東路6段70巷口,0,0,3,2,C03,8,1,5,30,4,1,1,5,4,5,7,4,4,5,4,5,2,16,2,56,2,9,1,1,7,9,1,10,2,11,,14,6,1,22,9,121.5845917,25.04547514
111,12,3,11,56,2,11南港區,南港區同德路與忠孝東路6段70巷口,0,0,3,3,H02,8,1,5,30,4,1,1,5,4,5,7,4,4,5,4,5,2,16,2,59,2,9,1,1,7,20,8,20,10,16,,67,6,1,22,9,121.5845917,25.04547514
111,12,3,12,10,2,10文山區,文山區木柵路1段與和興路口,0,0,1,1,C03,8,1,5,50,4,2,1,5,4,5,7,2,1,5,2,5,2,13,1,21,2,7,3,4,7,9,1,10,1,11,,16,42,1,22,9,121.545772,24.9867457
111,12,3,12,10,2,10文山區,文山區木柵路1段與和興路口,0,0,1,2,B12,8,1,5,50,4,2,1,5,4,5,7,2,1,5,2,5,2,13,1,37,3,10,3,4,7,14,1,8,1,6,,44,42,1,22,9,121.545772,24.9867457
111,12,3,12,40,2,01大同區,大同區長安西路與長安西路52巷口口,0,0,2,3,B02,8,1,5,50,4,1,1,5,4,5,7,2,1,8,3,5,2,17,2,55,3,10,1,1,7,9,1,8,1,15,,44,8,1,22,9,121.520013,25.05017414
111,12,3,12,40,2,01大同區,大同區長安西路與長安西路52巷口口,0,0,2,2,C03,8,1,5,50,4,1,1,5,4,5,7,2,1,8,3,5,2,17,2,43,2,5,1,1,7,9,1,8,1,11,,44,8,1,22,9,121.520013,25.05017414
111,12,3,12,40,2,01大同區,大同區長安西路與長安西路52巷口口,0,0,2,1,C03,8,1,5,50,4,1,1,5,4,5,7,2,1,8,3,5,2,17,1,50,2,3,1,1,7,5,1,10,1,13,,8,8,1,22,9,121.520013,25.05017414
111,12,3,12,55,2,10文山區,文山區興順街191號,0,0,2,1,F01,8,1,5,50,3,1,1,5,4,5,7,4,4,5,5,5,2,16,1,62,2,8,1,1,7,5,8,20,2,16,,8,8,1,22,9,121.545786,25.00204267
111,12,3,12,55,2,10文山區,文山區興順街191號,0,0,2,2,C03,8,1,5,50,3,1,1,5,4,5,7,4,4,5,5,5,2,16,2,24,2,8,1,1,7,9,1,10,2,12,,44,8,1,22,9,121.545786,25.00204267
111,12,3,13,5,2,02萬華區,萬華區環河南路1段與長沙街2段口,0,0,2,1,C03,8,1,5,50,3,1,1,5,4,5,7,1,1,8,3,5,1,17,2,81,2,8,1,1,7,1,1,10,1,14,,19,19,1,22,9,121.4995351,25.0414621
111,12,3,13,5,2,02萬華區,萬華區環河南路1段與長沙街2段口,0,0,2,2,C03,8,1,5,50,3,1,1,5,4,5,7,1,1,8,3,5,1,17,2,27,2,7,1,1,7,9,1,10,1,11,,23,19,1,22,9,121.4995351,25.0414621
111,12,3,13,25,2,01大同區,大同區哈密街59巷56弄與哈密街59巷38弄口,0,0,3,1,C03,8,1,5,30,4,1,1,5,4,5,7,4,4,10,5,5,2,15,2,47,2,9,3,4,7,9,1,10,1,12,,6,6,1,22,9,121.5145381,25.0753732
111,12,3,13,25,2,01大同區,大同區哈密街59巷56弄與哈密街59巷38弄口,0,0,3,2,B03,8,1,5,30,4,1,1,5,4,5,7,4,4,10,5,5,2,15,1,57,3,10,3,4,7,9,1,8,1,1,,44,6,1,22,9,121.5145381,25.0753732
111,12,3,13,25,2,01大同區,大同區哈密街59巷56弄與哈密街59巷38弄口,0,0,3,3,H02,8,1,5,30,4,1,1,5,4,5,7,4,4,10,5,5,2,15,1,56,2,9,3,4,7,20,8,20,10,16,,67,6,1,22,9,121.5145381,25.0753732
111,12,3,13,25,2,01大同區,大同區哈密街59巷56弄與哈密街59巷38弄口,0,0,3,4,H02,8,1,5,30,4,1,1,5,4,5,7,4,4,10,5,5,2,15,2,46,2,2,3,4,7,20,8,20,10,16,,67,6,1,22,9,121.5145381,25.0753732
111,12,3,14,16,2,07信義區,信義區市民大道4段與光復南路口,0,0,2,1,C03,8,1,5,40,4,2,1,5,4,5,7,1,1,1,4,5,2,17,2,59,2,1,3,4,7,5,1,10,9,14,,8,8,1,22,9,121.5578189,25.0451171
111,12,3,14,16,2,07信義區,信義區市民大道4段與光復南路口,0,0,2,2,B01,8,1,5,40,4,2,1,5,4,5,7,1,1,1,4,5,2,17,1,45,3,10,3,4,7,9,1,4,1,5,,44,8,1,22,9,121.5578189,25.0451171
111,12,3,14,16,2,07信義區,信義區市民大道4段與光復南路口,0,0,2,3,H02,8,1,5,40,4,2,1,5,4,5,7,1,1,1,4,5,2,17,2,65,2,8,3,4,7,20,8,20,10,16,,67,8,1,22,9,121.5578189,25.0451171
111,12,3,14,19,2,09北投區,北投區北投路2段與大業路口,0,0,1,1,B01,8,1,5,50,5,1,1,5,4,5,7,1,1,10,5,5,2,16,1,63,3,10,1,1,7,6,1,4,2,5,,9,9,1,22,9,121.4964673,25.1346271
111,12,3,14,19,2,09北投區,北投區北投路2段與大業路口,0,0,1,2,C03,8,1,5,50,5,1,1,5,4,5,7,1,1,10,5,5,2,16,1,18,2,9,1,1,7,9,1,10,2,14,,44,9,1,22,9,121.4964673,25.1346271
111,12,3,15,0,2,08士林區,士林區至善路2段與故宮路口,0,0,1,1,C03,8,1,5,50,4,1,1,5,4,5,7,1,1,10,4,5,2,17,1,23,2,9,1,1,7,6,1,10,2,14,,17,17,1,22,9,121.5465496,25.09820172
111,12,3,15,0,2,08士林區,士林區至善路2段與故宮路口,0,0,1,2,B03,8,1,5,50,4,1,1,5,4,5,7,1,1,10,4,5,2,17,1,45,3,10,1,1,7,6,1,8,2,5,,44,17,1,22,9,121.5465496,25.09820172
111,12,3,15,41,2,11南港區,南港區研究院路3段68巷與研究院路3段口,0,0,1,1,B03,7,1,5,30,3,1,1,5,4,5,7,2,1,4,3,5,2,2,1,73,3,10,3,4,7,5,1,8,2,8,,15,8,1,22,9,121.614385,25.03463055
111,12,3,15,41,2,11南港區,南港區研究院路3段68巷與研究院路3段口,0,0,1,2,H01,7,1,5,30,3,1,1,5,4,5,7,2,1,4,3,5,2,2,2,83,2,9,3,4,8,16,8,20,10,16,,60,8,1,22,9,121.614385,25.03463055
111,12,3,15,42,2,03中山區,中山區民生東路2段與建國北路2段口,0,0,1,1,C03,8,1,5,50,14,9,1,5,4,5,7,4,4,1,3,5,1,16,2,61,2,9,1,1,7,9,1,10,2,14,,44,43,1,22,9,121.5366738,25.0578012
111,12,3,15,42,2,03中山區,中山區民生東路2段與建國北路2段口,0,0,1,2,B03,8,1,5,50,14,9,1,5,4,5,7,4,4,1,3,5,1,16,2,31,3,10,1,1,7,9,1,8,2,2,,23,43,1,22,9,121.5366738,25.0578012
111,12,3,16,44,2,08士林區,士林區中山北路5段與至誠路2段口,0,0,1,1,C03,8,1,5,50,5,2,1,5,4,5,7,3,1,5,4,5,2,17,2,71,2,9,1,1,7,5,4,8,1,14,,8,8,1,22,9,121.5265174,25.10096082
111,12,3,16,44,2,08士林區,士林區中山北路5段與至誠路2段口,0,0,1,2,B03,8,1,5,50,5,2,1,5,4,5,7,3,1,5,4,5,2,17,2,33,3,10,1,1,7,9,1,8,1,5,,44,8,1,22,9,121.5265174,25.10096082
111,12,3,16,45,2,01大同區,大同區承德路2段與錦西街口,0,0,3,1,C03,7,1,5,50,4,2,1,5,4,5,7,1,1,5,2,5,2,17,1,18,2,5,1,1,7,5,1,10,1,12,,8,8,1,22,9,121.5184055,25.0601962
111,12,3,16,45,2,01大同區,大同區承德路2段與錦西街口,0,0,3,2,C03,7,1,5,50,4,2,1,5,4,5,7,1,1,5,2,5,2,17,1,28,2,9,1,1,7,9,1,10,1,11,,13,8,1,22,9,121.5184055,25.0601962
111,12,3,16,45,2,01大同區,大同區承德路2段與錦西街口,0,0,3,3,H02,7,1,5,50,4,2,1,5,4,5,7,1,1,5,2,5,2,17,1,18,2,9,4,5,7,21,8,20,10,16,,67,8,1,22,9,121.5184055,25.0601962
111,12,3,16,45,2,11南港區,南港區市民大道8段與興華路口,0,0,1,1,B03,6,1,5,50,3,2,1,4,4,5,7,2,1,1,4,5,2,13,1,23,3,10,3,4,7,9,1,8,1,1,,16,16,1,22,9,121.6062659,25.05309497
111,12,3,16,45,2,11南港區,南港區市民大道8段與興華路口,0,0,1,2,C03,6,1,5,50,3,2,1,4,4,5,7,2,1,1,4,5,2,13,2,26,2,9,1,1,7,12,1,10,1,13,,44,16,1,22,9,121.6062659,25.05309497
111,12,3,17,8,2,03中山區,中山區中山北路1段105巷與天津街口,0,0,1,1,B03,8,1,5,30,4,1,1,5,4,5,7,4,4,8,3,5,1,16,2,35,3,10,1,1,7,9,3,18,9,8,,6,6,1,22,9,121.5232073,25.0507601
111,12,3,17,8,2,03中山區,中山區中山北路1段105巷與天津街口,0,0,1,2,C03,8,1,5,30,4,1,1,5,4,5,7,4,4,8,3,5,1,16,1,36,2,9,1,1,7,9,1,10,1,11,,14,6,1,22,9,121.5232073,25.0507601
111,12,3,17,30,2,05中正區,中正區重慶北路1段與北平西路口,0,0,1,1,B03,8,1,5,50,4,1,1,5,4,5,7,1,1,7,3,5,2,12,1,51,3,10,1,1,7,9,1,8,1,5,,44,44,1,22,9,121.5133093,25.04827584
111,12,3,17,30,2,05中正區,中正區重慶北路1段與北平西路口,0,0,1,2,C03,8,1,5,50,4,1,1,5,4,5,7,1,1,7,3,5,2,12,2,64,2,8,1,1,7,5,1,10,1,14,,8,44,1,22,9,121.5133093,25.04827584
111,12,3,17,39,2,01大同區,大同區萬全街40巷與萬全街口,0,0,1,1,C03,7,3,5,30,4,1,1,5,4,5,7,4,4,9,5,5,2,17,2,37,2,9,1,1,7,5,1,10,2,12,,6,42,1,22,9,121.5200654,25.0586558
111,12,3,17,39,2,01大同區,大同區萬全街40巷與萬全街口,0,0,1,2,B12,7,3,5,30,4,1,1,5,4,5,7,4,4,9,5,5,2,17,1,48,3,10,1,1,7,9,1,8,2,1,,6,42,1,22,9,121.5200654,25.0586558
111,12,3,17,40,2,05中正區,中正區汀州路1段與南海路口,0,0,1,1,B03,7,3,5,50,15,18,1,5,4,5,7,2,1,4,4,5,1,2,1,38,3,10,1,2,7,5,1,8,2,8,,15,8,1,22,9,121.5085346,25.028865
111,12,3,17,40,2,05中正區,中正區汀州路1段與南海路口,0,0,1,2,H01,7,3,5,50,15,18,1,5,4,5,7,2,1,4,4,5,1,2,2,75,2,9,4,5,8,16,8,20,10,16,,67,8,1,22,9,121.5085346,25.028865
111,12,3,18,10,2,12內湖區,內湖區成美橋上北向南,0,0,1,1,C03,7,3,5,50,8,9,1,5,4,5,7,4,4,5,4,5,2,13,1,46,2,9,1,1,7,9,1,10,1,11,,16,16,1,22,9,121.5826288,25.05424378
111,12,3,18,10,2,12內湖區,內湖區成美橋上北向南,0,0,1,2,B03,7,3,5,50,8,9,1,5,4,5,7,4,4,5,4,5,2,13,2,40,3,10,1,1,7,14,1,8,1,3,,44,16,1,22,9,121.5826288,25.05424378
111,12,3,19,0,2,08士林區,士林區基河路101巷對面,0,0,2,1,C03,7,3,5,50,14,9,1,5,4,5,7,4,4,5,4,5,1,12,2,18,2,9,1,1,7,1,1,10,1,14,,19,19,1,22,9,121.5239538,25.08784738
111,12,3,19,0,2,08士林區,士林區基河路101巷對面,0,0,2,2,A04,7,3,5,50,14,9,1,5,4,5,7,4,4,5,4,5,1,12,1,54,3,10,1,1,7,9,1,2,1,5,,44,19,1,22,9,121.5239538,25.08784738
111,12,3,19,0,2,08士林區,士林區基河路101巷對面,0,0,2,3,C03,7,3,5,50,14,9,1,5,4,5,7,4,4,5,4,5,1,12,2,42,3,10,3,4,7,15,7,19,9,13,,44,19,1,22,9,121.5239538,25.08784738
111,12,3,19,0,2,08士林區,士林區基河路101巷對面,0,0,2,4,C03,7,3,5,50,14,9,1,5,4,5,7,4,4,5,4,5,1,12,1,28,3,10,3,4,7,15,7,19,9,12,,44,19,1,22,9,121.5239538,25.08784738
111,12,3,19,0,2,08士林區,士林區基河路101巷對面,0,0,2,5,C03,7,3,5,50,14,9,1,5,4,5,7,4,4,5,4,5,1,12,1,23,3,10,3,4,7,15,7,19,9,12,,44,19,1,22,9,121.5239538,25.08784738
111,12,3,19,0,2,08士林區,士林區基河路101巷對面,0,0,2,6,C03,7,3,5,50,14,9,1,5,4,5,7,4,4,5,4,5,1,12,1,20,3,10,3,4,7,15,7,19,9,12,,44,19,1,22,9,121.5239538,25.08784738
111,12,3,19,0,2,08士林區,士林區基河路101巷對面,0,0,2,7,C03,7,3,5,50,14,9,1,5,4,5,7,4,4,5,4,5,1,12,2,32,3,10,3,4,7,15,7,19,9,12,,44,19,1,22,9,121.5239538,25.08784738
111,12,3,19,0,2,08士林區,士林區基河路101巷對面,0,0,2,8,C03,7,3,5,50,14,9,1,5,4,5,7,4,4,5,4,5,1,12,2,21,3,10,3,4,7,15,7,19,9,12,,44,19,1,22,9,121.5239538,25.08784738
111,12,3,19,0,2,08士林區,士林區基河路101巷對面,0,0,2,9,H02,7,3,5,50,14,9,1,5,4,5,7,4,4,5,4,5,1,12,2,19,2,9,1,5,7,17,8,20,10,16,,67,19,1,22,9,121.5239538,25.08784738
111,12,3,19,10,2,07信義區,信義區松仁路與松仁路228巷口,0,0,1,1,C03,7,3,5,30,4,1,1,5,4,5,7,3,1,5,5,5,2,16,2,25,2,9,1,1,7,9,1,10,2,11,,6,6,1,22,9,121.5690621,25.0254165
111,12,3,19,10,2,07信義區,信義區松仁路與松仁路228巷口,0,0,1,2,C03,7,3,5,30,4,1,1,5,4,5,7,3,1,5,5,5,2,16,2,35,3,10,1,1,7,9,1,10,2,12,,14,6,1,22,9,121.5690621,25.0254165