發生年度,發生月,發生日,發生時-Hours,發生分,處理別-編號,區序,肇事地點,死亡人數,2-30日死亡人數,受傷人數,當事人序號,車種,天候,光線,道路類別,速限-速度限制,道路型態,事故位置,路面狀況1,路面狀況2,路面狀況3,道路障礙1,道路障礙2,號誌1,號誌2,車道劃分-分向,車道劃分-分道1,車道劃分-分道2,車道劃分-分道3,事故類型及型態,性別,年齡,受傷程度,主要傷處,安全帽,行動電話,車輛用途,當事者行動狀態,駕駛資格情形,駕駛執照種類,飲酒情形,車輛撞擊部位1,車輛撞擊部位2,肇因碼-個別,肇因碼-主要,個人肇逃否,職業,旅次目的,座標-X,座標-Y
111,12,3,19,28,2,04大安區,大安區新生南路1段97巷與無名巷口,0,0,2,1,C03,7,1,5,30,4,1,1,5,4,5,7,4,4,10,5,5,2,15,2,52,2,9,1,4,7,9,1,10,1,12,,6,6,1,22,9,121.5346114,25.04112574
111,12,3,19,28,2,04大安區,大安區新生南路1段97巷與無名巷口,0,0,2,2,B02,7,1,5,30,4,1,1,5,4,5,7,4,4,10,5,5,2,15,1,28,2,1,3,4,7,9,1,8,1,1,,14,6,1,22,9,121.5346114,25.04112574
111,12,3,20,30,2,06松山區,松山區健康路與塔悠路口,0,0,1,1,C03,6,3,5,50,3,1,1,4,4,5,7,2,1,1,4,4,2,12,1,18,2,9,1,1,7,9,1,10,2,15,,23,23,1,22,9,121.5697264,25.0544269
111,12,3,20,30,2,06松山區,松山區健康路與塔悠路口,0,0,1,2,B03,6,3,5,50,3,1,1,4,4,5,7,2,1,1,4,4,2,12,1,30,3,10,1,1,7,9,1,8,2,7,,44,23,1,22,9,121.5697264,25.0544269
111,12,3,20,33,2,05中正區,中正區中山南路與徐州路口,0,0,2,1,C03,8,3,5,50,14,9,1,5,4,5,7,1,1,1,4,5,1,17,1,18,2,9,1,1,7,9,1,10,2,11,,42,42,1,22,9,121.5185535,25.04152125
111,12,3,20,33,2,05中正區,中正區中山南路與徐州路口,0,0,2,2,C03,8,3,5,50,14,9,1,5,4,5,7,1,1,1,4,5,1,17,2,47,2,9,1,1,7,9,1,10,2,11,,42,42,1,22,9,121.5185535,25.04152125
111,12,3,20,55,2,07信義區,信義區忠孝東路4段與光復南路口,0,0,1,1,B03,6,1,5,50,4,1,1,4,4,5,7,2,1,1,4,5,2,16,1,60,3,10,1,1,7,6,1,8,2,6,,9,9,1,22,9,121.5578061,25.0414926
111,12,3,20,55,2,07信義區,信義區忠孝東路4段與光復南路口,0,0,1,2,F01,6,1,5,50,4,1,1,4,4,5,7,2,1,1,4,5,2,16,1,41,2,9,1,1,7,9,8,20,1,16,,26,9,1,22,9,121.5578061,25.0414926
111,12,3,21,15,2,05中正區,中正區重慶北路1段與北平西路口,0,0,1,1,B03,6,3,5,50,15,18,1,4,4,5,7,1,1,9,4,4,2,3,1,25,3,10,1,4,7,5,1,8,2,1,,15,15,1,22,9,121.5133495,25.04798927
111,12,3,21,15,2,05中正區,中正區重慶北路1段與北平西路口,0,0,1,2,H01,6,3,5,50,15,18,1,4,4,5,7,1,1,9,4,4,2,3,1,43,2,9,4,5,8,16,8,20,10,16,,67,15,1,22,9,121.5133495,25.04798927
111,12,3,21,26,2,03中山區,中山區市民大道2段與新生北路1段口,0,0,2,1,F01,6,3,5,40,4,2,1,4,4,5,7,2,1,1,4,1,2,15,1,46,2,9,1,1,7,11,8,20,1,16,,11,11,1,22,9,121.5305106,25.04599081
111,12,3,21,26,2,03中山區,中山區市民大道2段與新生北路1段口,0,0,2,2,C03,6,3,5,40,4,2,1,4,4,5,7,2,1,1,4,1,2,15,1,28,2,9,1,1,7,9,1,10,1,11,,23,11,1,22,9,121.5305106,25.04599081
111,12,3,21,45,2,09北投區,北投區石牌路1段與石牌路1段33巷口,0,0,1,1,F01,8,3,5,50,14,9,1,5,4,5,7,3,1,9,4,5,2,16,1,71,2,8,1,1,7,9,8,20,1,16,,43,6,1,22,9,121.5102441,25.11299621
111,12,3,21,45,2,09北投區,北投區石牌路1段與石牌路1段33巷口,0,0,1,2,C03,8,3,5,50,14,9,1,5,4,5,7,3,1,9,4,5,2,16,1,21,3,10,1,1,7,9,1,10,1,11,,43,6,1,22,9,121.5102441,25.11299621
111,12,3,22,0,2,09北投區,北投區大度路3段151號,0,0,2,3,H02,8,3,5,70,14,7,1,5,4,5,7,4,4,1,3,2,1,18,2,20,2,9,4,5,7,20,8,20,1,16,,67,42,1,22,9,121.4736504,25.12260408
111,12,3,22,0,2,09北投區,北投區大度路3段151號,0,0,2,2,,8,3,5,70,14,7,1,5,4,5,7,4,4,1,3,2,1,18,3,,,,,,,,,,,,,67,42,1,,,121.4736504,25.12260408
111,12,3,22,0,2,09北投區,北投區大度路3段151號,0,0,2,1,C03,8,3,5,70,14,7,1,5,4,5,7,4,4,1,3,2,1,18,1,20,2,9,1,1,7,8,1,10,1,12,,42,42,1,22,9,121.4736504,25.12260408
111,12,3,22,12,2,05中正區,中正區汀州路2段與牯嶺街口,0,0,1,1,B02,6,3,5,50,4,1,1,4,4,5,7,1,1,5,2,5,2,3,1,32,3,10,1,1,7,5,1,8,11,4,,15,43,2,22,9,121.5190788,25.02499871
111,12,3,22,12,2,05中正區,中正區汀州路2段與牯嶺街口,0,0,1,2,H01,6,3,5,50,4,1,1,4,4,5,7,1,1,5,2,5,2,3,2,28,2,9,4,5,8,16,8,20,10,16,,67,43,1,22,9,121.5190788,25.02499871
111,12,3,22,13,2,01大同區,大同區民生西路與萬全街口,0,0,1,1,B02,6,1,5,50,4,2,1,4,4,5,7,1,1,8,3,5,1,13,1,37,3,10,1,1,7,9,1,8,2,1,,23,23,1,22,9,121.5205382,25.0576484
111,12,3,22,13,2,01大同區,大同區民生西路與萬全街口,0,0,1,2,C03,6,1,5,50,4,2,1,4,4,5,7,1,1,8,3,5,1,13,1,18,2,9,1,1,7,5,1,10,2,13,,44,23,1,22,9,121.5205382,25.0576484
111,12,3,22,22,2,03中山區,中山區新生北路2段與民生東路2段口,0,0,1,1,B03,7,3,5,50,4,1,1,4,4,5,7,2,1,5,4,5,2,16,2,32,3,10,1,3,7,5,1,8,2,5,,6,6,1,22,9,121.5276949,25.0580712
111,12,3,22,22,2,03中山區,中山區新生北路2段與民生東路2段口,0,0,1,2,C03,7,3,5,50,4,1,1,4,4,5,7,2,1,5,4,5,2,16,1,51,2,9,1,1,7,1,1,10,2,11,,44,6,1,22,9,121.5276949,25.0580712
111,12,3,22,28,2,11南港區,南港區忠孝東路6段與昆陽街157巷口,0,0,2,1,B03,6,3,5,30,5,2,1,4,4,5,7,1,1,4,1,5,2,16,1,56,3,10,3,4,7,11,1,8,2,4,,10,10,1,22,9,121.5951011,25.05027901
111,12,3,22,28,2,11南港區,南港區忠孝東路6段與昆陽街157巷口,0,0,2,2,C03,6,3,5,30,5,2,1,4,4,5,7,1,1,4,1,5,2,16,1,57,2,8,1,4,7,9,1,10,2,11,,16,10,1,22,9,121.5951011,25.05027901
111,12,3,22,28,2,11南港區,南港區忠孝東路6段與昆陽街157巷口,0,0,2,3,H02,6,3,5,30,5,2,1,4,4,5,7,1,1,4,1,5,2,16,2,56,2,7,1,4,7,20,8,20,10,16,,67,10,1,22,9,121.5951011,25.05027901
111,12,3,22,55,2,04大安區,大安區敦化南路2段與四維路154巷口,0,0,2,1,B03,7,3,5,50,4,1,1,5,4,5,7,1,1,1,4,1,2,13,1,31,3,10,3,4,7,9,1,8,2,1,,23,16,1,22,9,121.5487699,25.03097721
111,12,3,22,55,2,04大安區,大安區敦化南路2段與四維路154巷口,0,0,2,2,B01,7,3,5,50,4,1,1,5,4,5,7,1,1,1,4,1,2,13,1,55,2,2,3,4,7,9,1,4,2,3,,44,16,1,22,9,121.5487699,25.03097721
111,12,3,22,55,2,04大安區,大安區敦化南路2段與四維路154巷口,0,0,2,3,H02,7,3,5,50,4,1,1,5,4,5,7,1,1,1,4,1,2,13,2,30,2,1,4,5,7,21,8,20,10,15,,67,16,1,22,9,121.5487699,25.03097721
111,12,3,23,10,2,07信義區,信義區基隆路2段與和平東路3段口,0,0,1,1,B03,6,3,5,50,5,1,1,4,4,5,7,1,1,3,4,5,2,1,4,,4,11,3,4,7,15,7,19,11,15,,43,43,2,22,9,121.552938,25.0246452
111,12,3,23,10,2,07信義區,信義區基隆路2段與和平東路3段口,0,0,1,2,H01,6,3,5,50,5,1,1,4,4,5,7,1,1,3,4,5,2,1,1,27,2,9,4,5,8,18,8,20,10,16,,67,43,1,22,9,121.552938,25.0246452
111,12,3,23,35,2,04大安區,大安區通化街171巷與通化街口,0,0,2,1,B01,6,3,5,50,4,2,1,4,4,5,7,2,1,5,4,5,2,1,1,62,3,10,1,1,7,5,1,4,1,1,,15,44,1,22,9,121.5536605,25.02805722
111,12,3,23,35,2,04大安區,大安區通化街171巷與通化街口,0,0,2,2,H01,6,3,5,50,4,2,1,4,4,5,7,2,1,5,4,5,2,1,2,34,2,9,4,5,8,16,8,20,10,16,,67,44,1,22,9,121.5536605,25.02805722
111,12,3,23,35,2,04大安區,大安區通化街171巷與通化街口,0,0,2,3,H01,6,3,5,50,4,2,1,4,4,5,7,2,1,5,4,5,2,1,1,28,2,9,4,5,8,16,8,20,10,16,,67,44,1,22,9,121.5536605,25.02805722
111,12,4,0,4,2,06松山區,松山區光復南路32巷與八德路3段158巷口,0,0,2,1,B03,7,3,5,30,4,1,1,4,4,5,7,3,1,5,4,5,2,15,1,41,2,7,1,1,7,9,1,8,1,2,,6,6,1,22,9,121.555298,25.0463741
111,12,4,0,4,2,06松山區,松山區光復南路32巷與八德路3段158巷口,0,0,2,2,B03,7,3,5,30,4,1,1,4,4,5,7,3,1,5,4,5,2,15,1,19,2,1,1,1,7,9,1,8,1,1,,14,6,1,22,9,121.555298,25.0463741
111,12,4,1,15,2,08士林區,士林區文林路964號,0,0,2,1,C03,8,3,5,50,14,9,1,5,4,2,7,4,4,5,5,5,1,9,2,20,2,9,1,1,7,9,1,10,1,11,,13,13,1,22,9,121.5242112,25.09661008
111,12,4,1,15,2,08士林區,士林區文林路964號,0,0,2,2,H02,8,3,5,50,14,9,1,5,4,2,7,4,4,5,5,5,1,9,2,19,2,9,1,5,7,21,8,20,10,16,,67,13,1,22,9,121.5242112,25.09661008
111,12,4,1,15,2,08士林區,士林區文林路964號,0,0,2,3,,8,3,5,50,14,9,1,5,4,2,7,4,4,5,5,5,1,9,3,,,,,,,,,,,,,61,13,1,,,121.5242112,25.09661008
111,12,4,8,1,2,04大安區,大安區仁愛路3段與建國南路1段口,0,0,1,1,B12,8,1,5,0,4,2,1,5,4,5,7,2,1,8,3,5,1,12,2,45,3,10,1,1,7,5,1,8,1,4,,6,6,1,21,5,121.5377133,25.03793377
111,12,4,8,1,2,04大安區,大安區仁愛路3段與建國南路1段口,0,0,1,2,C03,8,1,5,0,4,2,1,5,4,5,7,2,1,8,3,5,1,12,2,44,2,9,1,1,7,9,1,10,1,12,,44,6,1,21,8,121.5377133,25.03793377
111,12,4,8,34,2,09北投區,北投區大業路與中央北路1段口,0,0,1,1,C03,8,1,5,50,4,2,1,5,4,5,7,2,1,1,3,5,2,17,2,58,2,9,1,1,7,15,1,10,1,11,,42,42,1,22,9,121.4971883,25.135984
111,12,4,8,34,2,09北投區,北投區大業路與中央北路1段口,0,0,1,2,C03,8,1,5,50,4,2,1,5,4,5,7,2,1,1,3,5,2,17,2,41,3,10,1,1,7,9,1,10,1,14,,42,42,1,22,9,121.4971883,25.135984
111,12,4,8,52,2,08士林區,士林區文林路與福國路口,0,0,2,1,C03,7,1,5,50,5,2,1,5,4,5,7,2,1,1,4,4,1,17,1,30,2,9,1,1,7,11,1,10,1,11,,25,25,1,22,9,121.5201821,25.1024263
111,12,4,8,52,2,08士林區,士林區文林路與福國路口,0,0,2,2,C03,7,1,5,50,5,2,1,5,4,5,7,2,1,1,4,4,1,17,1,23,2,9,1,1,7,9,1,10,1,11,,23,25,1,22,9,121.5201821,25.1024263
111,12,4,8,56,2,04大安區,大安區建國高架道第168號燈桿,0,0,4,1,B03,7,1,5,70,10,9,1,5,4,5,7,4,4,1,4,5,2,13,1,38,2,9,1,1,7,9,3,18,1,1,,16,23,1,22,9,121.5376466,25.0271347
111,12,4,8,56,2,04大安區,大安區建國高架道第168號燈桿,0,0,4,2,B03,7,1,5,70,10,9,1,5,4,5,7,4,4,1,4,5,2,13,2,54,2,9,1,1,7,14,1,8,1,1,,44,23,1,22,9,121.5376466,25.0271347
111,12,4,8,56,2,04大安區,大安區建國高架道第168號燈桿,0,0,4,3,H02,7,1,5,70,10,9,1,5,4,5,7,4,4,1,4,5,2,13,1,30,2,9,4,5,7,20,8,20,10,15,,67,23,1,22,9,121.5376466,25.0271347
111,12,4,8,56,2,04大安區,大安區建國高架道第168號燈桿,0,0,4,4,H02,7,1,5,70,10,9,1,5,4,5,7,4,4,1,4,5,2,13,2,29,2,9,1,1,7,20,8,20,10,15,,67,23,1,22,9,121.5376466,25.0271347
111,12,4,9,48,2,03中山區,中山區建國北路3段93巷2號,0,0,2,1,C03,8,1,5,50,14,9,1,5,4,5,7,4,4,9,5,5,2,17,2,45,2,9,3,4,7,21,4,11,2,15,,23,44,1,22,9,121.5369312,25.06595845
111,12,4,9,48,2,03中山區,中山區建國北路3段93巷2號,0,0,2,2,C03,8,1,5,50,14,9,1,5,4,5,7,4,4,9,5,5,2,17,2,56,2,9,3,4,7,21,1,10,2,15,,44,44,1,22,9,121.5369312,25.06595845
111,12,4,9,48,2,03中山區,中山區建國北路3段93巷2號,0,0,2,3,B02,8,1,5,50,14,9,1,5,4,5,7,4,4,9,5,5,2,17,1,49,3,10,3,4,7,14,1,8,2,3,,38,44,1,22,9,121.5369312,25.06595845
111,12,4,9,50,2,01大同區,大同區民生西路與重慶北路2段口口,0,0,1,1,B03,7,1,5,50,4,1,1,5,4,5,7,2,1,8,3,5,2,12,1,38,3,10,1,1,7,9,1,8,1,1,,16,23,1,22,9,121.513696,25.0569964
111,12,4,9,50,2,01大同區,大同區民生西路與重慶北路2段口口,0,0,1,2,C03,7,1,5,50,4,1,1,5,4,5,7,2,1,8,3,5,2,12,1,80,2,8,1,1,7,9,1,10,1,13,,44,23,1,22,9,121.513696,25.0569964
111,12,4,9,50,2,09北投區,北投區光明路與中山路口,0,0,1,1,C03,8,1,5,50,4,2,1,5,4,5,7,1,1,5,5,5,2,12,2,37,3,10,3,4,7,8,1,10,11,12,,43,7,1,22,9,121.5040778,25.13704165
111,12,4,9,50,2,09北投區,北投區光明路與中山路口,0,0,1,2,C03,8,1,5,50,4,2,1,5,4,5,7,1,1,5,5,5,2,12,2,36,2,7,3,4,7,9,1,10,11,14,,43,7,1,22,9,121.5040778,25.13704165
111,12,4,10,13,2,04大安區,大安區信義路2段230號前,0,0,1,1,B03,7,1,5,50,14,9,1,5,4,5,7,4,4,8,3,5,1,17,2,37,3,10,1,1,7,8,1,8,1,15,,7,7,1,21,5,121.5316724,25.03348851
111,12,4,10,13,2,04大安區,大安區信義路2段230號前,0,0,1,2,C03,7,1,5,50,14,9,1,5,4,5,7,4,4,8,3,5,1,17,1,65,2,1,1,1,7,9,1,10,1,14,,44,7,1,21,5,121.5316724,25.03348851
111,12,4,10,18,2,02萬華區,萬華區堤外便道與長順街口長順水門,0,0,1,1,C03,7,1,5,50,4,1,1,5,4,5,7,1,1,9,5,5,2,16,1,77,3,10,1,1,7,9,1,10,2,11,,25,25,1,22,9,121.4885743,25.03246039
111,12,4,10,18,2,02萬華區,萬華區堤外便道與長順街口長順水門,0,0,1,2,C03,7,1,5,50,4,1,1,5,4,5,7,1,1,9,5,5,2,16,2,22,2,9,1,1,7,5,1,10,2,14,,25,25,1,22,9,121.4885743,25.03246039
111,12,4,10,55,2,11南港區,南港區三重路和經貿軟體園區入口,0,0,1,1,B03,6,1,5,50,15,9,1,4,4,5,7,1,1,10,5,5,2,16,1,45,3,10,3,4,7,5,1,8,2,6,,8,6,1,22,9,121.6140921,25.05829413
111,12,4,10,55,2,11南港區,南港區三重路和經貿軟體園區入口,0,0,1,2,C03,6,1,5,50,15,9,1,4,4,5,7,1,1,10,5,5,2,16,2,56,2,9,3,4,7,9,1,10,2,11,,44,6,1,22,9,121.6140921,25.05829413
111,12,4,11,10,2,08士林區,士林區中正路610號,0,0,1,1,B03,7,1,5,0,14,9,1,5,4,5,7,4,4,1,5,5,1,16,1,42,3,10,1,1,7,5,1,8,1,8,,8,,1,22,9,121.5094717,25.08689874
111,12,4,11,10,2,08士林區,士林區中正路610號,0,0,1,2,C03,7,1,5,0,14,9,1,5,4,5,7,4,4,1,5,5,1,16,2,20,2,9,1,1,7,9,1,10,1,12,,44,,1,22,9,121.5094717,25.08689874
111,12,4,11,48,2,04大安區,大安區羅斯福路4段85號,0,0,1,1,B01,8,1,5,50,14,9,1,5,4,5,7,4,4,3,4,5,2,17,1,60,3,10,1,1,7,8,1,4,1,15,,7,7,1,22,9,121.5364968,25.012603
111,12,4,11,48,2,04大安區,大安區羅斯福路4段85號,0,0,1,2,B03,8,1,5,50,14,9,1,5,4,5,7,4,4,3,4,5,2,17,1,40,3,10,1,1,7,9,1,8,1,15,,44,7,1,22,9,121.5364968,25.012603
111,12,4,11,48,2,04大安區,大安區羅斯福路4段85號,0,0,1,3,C03,8,1,5,50,14,9,1,5,4,5,7,4,4,3,4,5,2,17,1,29,2,9,1,1,7,12,1,10,1,11,,42,7,1,22,9,121.5364968,25.012603
111,12,4,12,52,2,08士林區,士林區社中街250巷與社中街210巷2弄口,0,0,3,1,C03,7,1,5,30,4,1,1,5,4,5,7,4,4,10,5,5,2,15,1,60,2,8,1,1,7,9,1,10,2,11,,6,6,1,21,8,121.5077163,25.09223966
111,12,4,12,52,2,08士林區,士林區社中街250巷與社中街210巷2弄口,0,0,3,2,C03,7,1,5,30,4,1,1,5,4,5,7,4,4,10,5,5,2,15,2,32,2,9,1,1,7,9,1,10,2,14,,14,6,1,21,8,121.5077163,25.09223966
111,12,4,12,52,2,08士林區,士林區社中街250巷與社中街210巷2弄口,0,0,3,3,H02,7,1,5,30,4,1,1,5,4,5,7,4,4,10,5,5,2,15,1,36,2,7,4,5,7,20,8,20,10,16,,67,6,1,21,8,121.5077163,25.09223966
111,12,4,13,5,2,02萬華區,萬華區大理街160巷20弄與艋舺大道口(二棵樹公園),0,0,2,1,C03,8,1,5,50,3,2,1,5,4,5,7,4,4,2,5,5,2,17,1,25,2,8,1,1,7,5,1,10,1,11,,8,8,1,22,9,121.4950835,25.03226185
111,12,4,13,5,2,02萬華區,萬華區大理街160巷20弄與艋舺大道口(二棵樹公園),0,0,2,2,F06,8,1,5,50,3,2,1,5,4,5,7,4,4,2,5,5,2,17,1,17,2,3,1,1,7,9,8,20,1,16,,42,8,1,22,9,121.4950835,25.03226185
111,12,4,13,32,2,04大安區,大安區和平東路1段104巷與和平東路1段口,0,0,2,1,C04,7,1,5,40,3,2,1,5,4,5,7,4,4,9,4,4,1,16,2,26,2,8,1,1,7,6,1,10,1,12,,27,27,1,22,9,121.5249613,25.0267544
111,12,4,13,32,2,04大安區,大安區和平東路1段104巷與和平東路1段口,0,0,2,2,C03,7,1,5,40,3,2,1,5,4,5,7,4,4,9,4,4,1,16,1,42,2,7,1,1,7,9,1,10,1,11,,14,27,1,22,9,121.5249613,25.0267544
111,12,4,13,52,2,10文山區,文山區景豐街與景豐街62巷口,0,0,1,1,B12,7,1,5,30,5,2,1,5,4,5,7,4,4,10,5,5,2,17,1,56,3,10,1,1,7,1,1,8,2,8,,19,19,1,22,9,121.5457576,25.00076428
111,12,4,13,52,2,10文山區,文山區景豐街與景豐街62巷口,0,0,1,2,C03,7,1,5,30,5,2,1,5,4,5,7,4,4,10,5,5,2,17,1,20,2,9,1,1,7,15,1,10,2,11,,44,19,1,22,9,121.5457576,25.00076428
111,12,4,14,8,2,08士林區,士林區美崙街112號前,0,0,2,1,B03,8,1,5,30,3,1,1,5,4,5,7,4,4,9,4,5,1,17,1,48,3,10,1,1,7,7,1,8,1,8,,7,7,1,22,9,121.5197894,25.09696271
111,12,4,14,8,2,08士林區,士林區美崙街112號前,0,0,2,2,C03,8,1,5,30,3,1,1,5,4,5,7,4,4,9,4,5,1,17,1,56,2,9,1,1,7,9,1,10,1,12,,6,7,1,22,9,121.5197894,25.09696271
111,12,4,14,8,2,08士林區,士林區美崙街112號前,0,0,2,3,H02,8,1,5,30,3,1,1,5,4,5,7,4,4,9,4,5,1,17,2,18,2,9,4,5,7,21,8,20,10,16,,67,7,1,22,9,121.5197894,25.09696271
111,12,4,15,28,2,08士林區,士林區中正路與基河路口,0,0,1,1,B03,8,1,5,50,4,1,1,5,4,5,7,2,1,1,4,5,1,11,1,52,3,10,1,1,7,6,1,8,1,1,,9,9,1,21,8,121.5199839,25.09342452
111,12,4,15,28,2,08士林區,士林區中正路與基河路口,0,0,1,2,F01,8,1,5,50,4,1,1,5,4,5,7,2,1,1,4,5,1,11,1,17,2,9,1,1,7,11,8,20,1,16,,11,9,1,21,8,121.5199839,25.09342452
111,12,4,15,40,2,05中正區,中正區中正橋往台北市,0,0,1,1,B03,7,1,5,30,8,9,1,5,4,5,7,4,4,2,4,5,1,12,1,25,3,10,1,1,7,6,1,8,2,2,,9,9,1,22,9,121.5166132,25.02151467
111,12,4,15,40,2,05中正區,中正區中正橋往台北市,0,0,1,2,C03,7,1,5,30,8,9,1,5,4,5,7,4,4,2,4,5,1,12,1,25,2,9,1,1,7,9,1,10,2,14,,13,9,1,22,9,121.5166132,25.02151467
111,12,4,15,40,2,05中正區,中正區中正橋往台北市,0,0,1,3,H02,7,1,5,30,8,9,1,5,4,5,7,4,4,2,4,5,1,12,2,28,4,11,4,5,7,17,8,20,10,16,,67,9,1,22,9,121.5166132,25.02151467
111,12,4,15,40,2,05中正區,中正區南海路與南海路2巷口,0,0,1,1,C03,7,1,5,30,3,2,4,5,4,1,7,4,4,10,4,5,2,12,2,63,2,8,1,1,7,7,4,11,1,14,,7,7,1,22,9,121.5176007,25.03269274
111,12,4,15,40,2,05中正區,中正區南海路與南海路2巷口,0,0,1,2,B03,7,1,5,30,3,2,4,5,4,1,7,4,4,10,4,5,2,12,2,52,3,10,1,1,7,9,1,8,1,2,,44,7,1,22,9,121.5176007,25.03269274
111,12,4,15,45,2,01大同區,大同區哈密街59巷與哈密街口,0,0,1,1,B03,8,1,5,50,14,9,1,5,4,5,7,1,1,7,5,5,2,3,1,69,3,10,3,4,7,9,1,8,2,2,,23,23,1,22,9,121.5159182,25.0730307
111,12,4,15,45,2,01大同區,大同區哈密街59巷與哈密街口,0,0,1,2,H01,8,1,5,50,14,9,1,5,4,5,7,1,1,7,5,5,2,3,1,80,2,9,4,5,8,16,8,20,10,15,,53,23,1,22,9,121.5159182,25.0730307
111,12,4,15,45,2,08士林區,士林區通河街76巷與承德路4段10巷口,0,0,2,1,B03,7,1,5,30,4,1,1,5,4,5,7,4,4,10,5,5,2,15,1,46,3,10,1,1,7,9,1,8,1,8,,6,6,1,22,9,121.5201387,25.0801283
111,12,4,15,45,2,08士林區,士林區通河街76巷與承德路4段10巷口,0,0,2,2,C03,7,1,5,30,4,1,1,5,4,5,7,4,4,10,5,5,2,15,1,22,2,9,1,1,7,9,1,10,1,11,,13,6,1,22,9,121.5201387,25.0801283
111,12,4,15,45,2,08士林區,士林區通河街76巷與承德路4段10巷口,0,0,2,3,H02,7,1,5,30,4,1,1,5,4,5,7,4,4,10,5,5,2,15,2,21,2,8,1,1,7,17,8,20,10,16,,67,6,1,22,9,121.5201387,25.0801283
111,12,4,15,50,2,12內湖區,內湖區康寧路1段與星雲街口,0,0,1,1,C03,7,1,5,50,4,1,1,5,4,5,7,1,1,10,4,5,2,16,2,21,2,9,1,1,7,5,1,10,2,14,,8,8,1,22,9,121.5937232,25.07943627
111,12,4,15,50,2,12內湖區,內湖區康寧路1段與星雲街口,0,0,1,2,B03,7,1,5,50,4,1,1,5,4,5,7,1,1,10,4,5,2,16,1,51,3,10,1,1,7,6,1,8,2,5,,44,8,1,22,9,121.5937232,25.07943627
111,12,4,16,7,2,09北投區,北投區中央北路4段與大度路3段口,0,0,1,1,B03,8,1,5,50,14,9,1,5,4,5,7,1,1,9,4,5,2,13,1,76,3,10,1,1,7,9,1,8,2,5,,23,16,1,22,9,121.4643083,25.1237802
111,12,4,16,7,2,09北投區,北投區中央北路4段與大度路3段口,0,0,1,2,C02,8,1,5,50,14,9,1,5,4,5,7,1,1,9,4,5,2,13,1,50,2,9,1,1,7,9,1,9,2,13,,44,16,1,22,9,121.4643083,25.1237802
111,12,4,16,27,2,07信義區,信義區忠孝東路5段271號,0,0,2,1,C03,8,1,5,50,14,9,1,5,4,5,7,4,4,3,4,5,2,12,1,59,2,8,1,1,7,21,1,10,1,12,,17,17,1,22,9,121.5714142,25.0411061
111,12,4,16,27,2,07信義區,信義區忠孝東路5段271號,0,0,2,2,C03,8,1,5,50,14,9,1,5,4,5,7,4,4,3,4,5,2,12,1,67,2,7,1,1,7,9,1,10,1,14,,44,17,1,22,9,121.5714142,25.0411061
111,12,4,16,27,2,07信義區,信義區忠孝東路5段271號,0,0,2,3,B03,8,1,5,50,14,9,1,5,4,5,7,4,4,3,4,5,2,12,1,39,3,10,1,1,7,13,1,8,1,3,,38,17,1,22,9,121.5714142,25.0411061
111,12,4,16,39,2,02萬華區,萬華區西園路2段與寶興街口,0,0,2,1,C03,8,1,5,50,4,1,2,5,4,5,7,2,1,1,3,5,1,12,1,22,2,8,3,4,7,9,1,10,1,11,,44,44,1,22,9,121.4936877,25.0267579
111,12,4,16,39,2,02萬華區,萬華區西園路2段與寶興街口,0,0,2,2,C03,8,1,5,50,4,1,2,5,4,5,7,2,1,1,3,5,1,12,2,43,2,9,3,4,7,7,1,10,1,12,,7,44,1,22,9,121.4936877,25.0267579
111,12,4,16,50,2,05中正區,中正區市民大道3段8號,0,0,1,1,G03,8,1,5,40,4,4,1,5,4,5,7,1,1,1,4,5,2,17,1,20,3,10,1,1,7,9,1,7,2,8,,16,16,1,22,9,121.5325709,25.0454043
111,12,4,16,50,2,05中正區,中正區市民大道3段8號,0,0,1,2,C03,8,1,5,40,4,4,1,5,4,5,7,1,1,1,4,5,2,17,2,42,2,9,1,1,7,9,1,10,2,13,,44,16,1,22,9,121.5325709,25.0454043
111,12,4,16,56,2,09北投區,北投區公館路與公館路423巷8弄口,0,0,2,1,F01,7,2,5,0,3,1,1,5,4,5,7,3,1,10,5,5,2,17,2,55,2,9,1,1,7,15,8,20,1,16,,6,6,1,22,9,121.5020195,25.1201292
111,12,4,16,56,2,09北投區,北投區公館路與公館路423巷8弄口,0,0,2,2,C03,7,2,5,0,3,1,1,5,4,5,7,3,1,10,5,5,2,17,1,29,2,8,1,1,7,9,1,10,1,11,,23,6,1,22,9,121.5020195,25.1201292
111,12,4,17,0,2,05中正區,中正區中山南路與青島東路口,0,0,1,1,C04,8,1,5,50,4,2,1,5,4,5,7,2,1,1,4,1,2,12,2,27,2,8,1,1,7,9,1,10,2,14,,17,17,1,22,9,121.5193297,25.0442809
111,12,4,17,0,2,05中正區,中正區中山南路與青島東路口,0,0,1,2,C03,8,1,5,50,4,2,1,5,4,5,7,2,1,1,4,1,2,12,2,28,3,10,1,1,7,14,1,10,2,14,,44,17,1,22,9,121.5193297,25.0442809
111,12,4,17,10,2,03中山區,中山區長安東路1段與林森北路口,0,0,1,1,C03,8,2,5,50,4,1,1,5,4,5,7,2,1,9,4,5,2,18,1,26,2,9,1,1,7,6,1,10,1,11,,23,9,1,22,9,121.5245068,25.0491181