發生年度,發生月,發生日,發生時-Hours,發生分,處理別-編號,區序,肇事地點,死亡人數,2-30日死亡人數,受傷人數,當事人序號,車種,天候,光線,道路類別,速限-速度限制,道路型態,事故位置,路面狀況1,路面狀況2,路面狀況3,道路障礙1,道路障礙2,號誌1,號誌2,車道劃分-分向,車道劃分-分道1,車道劃分-分道2,車道劃分-分道3,事故類型及型態,性別,年齡,受傷程度,主要傷處,安全帽,行動電話,車輛用途,當事者行動狀態,駕駛資格情形,駕駛執照種類,飲酒情形,車輛撞擊部位1,車輛撞擊部位2,肇因碼-個別,肇因碼-主要,個人肇逃否,職業,旅次目的,座標-X,座標-Y
111,12,4,17,10,2,03中山區,中山區長安東路1段與林森北路口,0,0,1,2,,8,2,5,50,4,1,1,5,4,5,7,2,1,9,4,5,2,18,3,,,,,,,,,,,,,67,9,1,,,121.5245068,25.0491181
111,12,4,17,27,2,10文山區,文山區木柵路5段43巷(第16區)桿,0,0,2,1,C03,6,3,5,50,11,9,1,4,4,5,7,4,4,5,5,5,2,16,1,36,2,8,3,4,7,6,1,10,2,11,,43,17,1,21,8,121.5855745,25.01232222
111,12,4,17,27,2,10文山區,文山區木柵路5段43巷(第16區)桿,0,0,2,2,C03,6,3,5,50,11,9,1,4,4,5,7,4,4,5,5,5,2,16,1,43,2,9,3,4,7,5,1,10,2,14,,43,17,1,21,8,121.5855745,25.01232222
111,12,4,17,56,2,07信義區,信義區吳興街223號,0,0,1,1,H01,7,3,5,50,14,9,1,5,4,5,7,4,4,9,5,5,2,17,4,,4,11,3,4,7,15,7,19,11,15,,43,43,2,22,9,121.5630142,25.0278943
111,12,4,17,56,2,07信義區,信義區吳興街223號,0,0,1,2,C03,7,3,5,50,14,9,1,5,4,5,7,4,4,9,5,5,2,17,1,32,2,7,1,1,7,12,1,10,2,15,,30,43,1,22,9,121.5630142,25.0278943
111,12,4,18,2,2,04大安區,大安區基隆路4段與羅斯福路4段口,0,0,1,1,C03,7,3,5,50,5,1,1,5,4,5,7,4,4,1,5,5,2,16,1,19,3,10,1,1,7,6,1,10,9,12,,9,9,1,22,9,121.537516,25.0112302
111,12,4,18,2,2,04大安區,大安區基隆路4段與羅斯福路4段口,0,0,1,2,C03,7,3,5,50,5,1,1,5,4,5,7,4,4,1,5,5,2,16,2,29,2,9,1,1,7,9,1,10,9,11,,44,9,1,22,9,121.537516,25.0112302
111,12,4,18,3,2,04大安區,大安區辛亥路3段與復興南路2段口,0,0,1,1,B03,8,3,5,50,4,1,1,5,4,5,7,1,1,1,5,5,1,11,1,36,3,10,1,1,7,6,1,8,1,1,,9,9,1,22,9,121.5434665,25.0211692
111,12,4,18,3,2,04大安區,大安區辛亥路3段與復興南路2段口,0,0,1,2,F01,8,3,5,50,4,1,1,5,4,5,7,1,1,1,5,5,1,11,2,58,2,9,1,1,7,9,8,20,1,16,,44,9,1,22,9,121.5434665,25.0211692
111,12,4,19,5,2,11南港區,南港區南港路3段264號,0,0,1,1,C03,6,3,5,50,14,9,1,4,4,4,7,4,4,5,4,5,2,24,1,27,2,9,1,1,7,9,1,10,1,14,,44,23,1,21,8,121.5847718,25.0525321
111,12,4,19,5,2,11南港區,南港區南港路3段264號,0,0,1,2,,6,3,5,50,14,9,1,4,4,4,7,4,4,5,4,5,2,24,3,,,,,,,,,,,,,61,23,1,,,121.5847718,25.0525321
111,12,4,19,15,2,12內湖區,內湖區東湖路125號,0,0,2,1,C03,6,3,5,50,4,1,1,4,4,5,7,2,1,9,4,5,2,12,1,26,2,9,1,1,7,11,1,10,2,14,,11,11,1,22,9,121.6162991,25.06823718
111,12,4,19,15,2,12內湖區,內湖區東湖路125號,0,0,2,2,C03,6,3,5,50,4,1,1,4,4,5,7,2,1,9,4,5,2,12,1,29,2,7,1,1,7,9,1,10,2,12,,4,11,1,22,9,121.6162991,25.06823718
111,12,4,19,28,2,07信義區,信義區松山路411號,0,0,2,1,C03,8,3,5,50,14,9,1,5,4,5,7,4,4,1,4,5,1,29,1,30,2,8,3,4,7,9,1,10,1,12,,17,17,1,22,9,121.5778879,25.0412504
111,12,4,19,28,2,07信義區,信義區松山路411號,0,0,2,2,C03,8,3,5,50,14,9,1,5,4,5,7,4,4,1,4,5,1,29,3,,,,,,,,,,,,,67,17,1,,,121.5778879,25.0412504
111,12,4,19,28,2,07信義區,信義區松山路411號,0,0,2,3,C03,8,3,5,50,14,9,1,5,4,5,7,4,4,1,4,5,1,29,3,,,,,,,,,,,,,67,17,1,,,121.5778879,25.0412504
111,12,4,19,28,2,07信義區,信義區松山路411號,0,0,2,4,H02,8,3,5,50,14,9,1,5,4,5,7,4,4,1,4,5,1,29,2,31,2,7,3,5,7,20,8,20,10,16,,67,17,1,22,9,121.5778879,25.0412504
111,12,4,19,55,2,10文山區,文山區辛亥路4段與辛亥隧道口口,0,0,1,1,C03,6,3,5,50,14,9,1,4,4,5,7,4,4,1,4,5,2,18,2,20,2,9,1,1,7,9,1,10,11,12,,23,42,1,22,9,121.5574145,25.00954036
111,12,4,19,55,2,10文山區,文山區辛亥路4段與辛亥隧道口口,0,0,1,2,,6,3,5,50,14,9,1,4,4,5,7,4,4,1,4,5,2,18,3,,,,,,,,,,,,,67,42,1,,,121.5574145,25.00954036
111,12,4,20,5,2,02萬華區,萬華區東園街與民和街口,0,0,1,1,B01,8,3,5,50,4,1,1,5,4,5,7,2,1,5,1,5,2,16,1,52,3,10,1,4,7,5,1,4,1,8,,8,8,1,22,9,121.4968592,25.02516639
111,12,4,20,5,2,02萬華區,萬華區東園街與民和街口,0,0,1,2,C03,8,3,5,50,4,1,1,5,4,5,7,2,1,5,1,5,2,16,1,48,2,9,1,4,7,11,1,10,1,11,,44,8,1,22,9,121.4968592,25.02516639
111,12,4,20,49,2,09北投區,北投區中央北路2段與中央北路2段42巷口,0,0,1,1,C03,8,3,5,50,4,1,1,5,4,5,7,2,1,5,4,5,1,13,1,20,2,9,1,1,7,9,1,10,1,11,,43,23,1,22,9,121.4953188,25.1368923
111,12,4,20,49,2,09北投區,北投區中央北路2段與中央北路2段42巷口,0,0,1,2,B03,8,3,5,50,4,1,1,5,4,5,7,2,1,5,4,5,1,13,1,32,3,10,1,1,7,14,1,8,1,6,,43,23,1,22,9,121.4953188,25.1368923
111,12,4,20,53,2,08士林區,士林區至善路1段138巷,0,0,1,1,B03,7,3,5,30,14,9,1,5,4,5,7,4,4,10,5,5,2,16,1,44,3,10,1,1,7,1,1,8,1,8,,43,43,1,22,9,121.5423992,25.09606609
111,12,4,20,53,2,08士林區,士林區至善路1段138巷,0,0,1,2,C03,7,3,5,30,14,9,1,5,4,5,7,4,4,10,5,5,2,16,1,22,3,10,1,1,7,9,1,10,1,12,,43,43,1,22,9,121.5423992,25.09606609
111,12,4,20,53,2,08士林區,士林區至善路1段138巷,0,0,1,3,H02,7,3,5,30,14,9,1,5,4,5,7,4,4,10,5,5,2,16,2,29,2,8,1,5,7,20,8,20,10,16,,67,43,1,22,9,121.5423992,25.09606609
111,12,4,21,18,2,02萬華區,萬華區和平西路3段280號,0,0,1,1,B03,8,1,5,50,14,9,1,5,4,5,7,4,4,10,5,5,2,16,1,60,3,10,1,4,7,5,1,8,2,5,,8,8,1,22,9,121.4951526,25.03536702
111,12,4,21,18,2,02萬華區,萬華區和平西路3段280號,0,0,1,2,C03,8,1,5,50,14,9,1,5,4,5,7,4,4,10,5,5,2,16,1,18,2,9,1,4,7,9,1,10,2,11,,14,8,1,22,9,121.4951526,25.03536702
111,12,4,21,30,2,08士林區,士林區後港街與劍潭路口,0,0,2,1,B03,8,1,5,30,3,1,1,5,4,5,7,4,4,10,4,5,2,16,1,41,2,1,3,4,7,9,1,8,1,1,,6,6,1,22,9,121.5227512,25.0841018
111,12,4,21,30,2,08士林區,士林區後港街與劍潭路口,0,0,2,2,C03,8,1,5,30,3,1,1,5,4,5,7,4,4,10,4,5,2,16,2,24,2,7,3,4,7,9,1,10,1,12,,14,6,1,22,9,121.5227512,25.0841018
111,12,4,21,45,2,07信義區,信義區松仁路245號,0,0,1,1,A02,7,3,5,50,14,9,1,5,4,5,7,2,1,9,4,5,2,9,1,49,3,10,1,1,7,9,1,2,2,15,,14,14,1,22,9,121.5688149,25.0258514
111,12,4,21,45,2,07信義區,信義區松仁路245號,0,0,1,2,H02,7,3,5,50,14,9,1,5,4,5,7,2,1,9,4,5,2,9,2,63,2,7,4,5,7,20,8,20,10,16,,67,14,1,22,9,121.5688149,25.0258514
111,12,4,22,0,2,12內湖區,內湖區舊宗路2段五汐南下口,0,0,1,1,C03,8,3,5,50,4,1,1,5,4,5,7,2,1,1,4,5,2,18,1,18,2,9,1,1,7,12,1,10,1,12,,23,23,1,22,9,121.5748468,25.07081665
111,12,4,22,0,2,12內湖區,內湖區舊宗路2段五汐南下口,0,0,1,2,,8,3,5,50,4,1,1,5,4,5,7,2,1,1,4,5,2,18,3,,,,,,,,,,,,,67,23,1,,,121.5748468,25.07081665
111,12,4,22,1,2,10文山區,文山區木柵路1段57號對面,0,0,1,1,C03,6,3,5,50,14,9,1,4,4,5,7,1,1,5,4,5,2,13,1,19,3,10,3,4,7,9,1,10,1,11,,16,23,1,22,9,121.5459249,24.98671801
111,12,4,22,1,2,10文山區,文山區木柵路1段57號對面,0,0,1,2,C02,6,3,5,50,14,9,1,4,4,5,7,1,1,5,4,5,2,13,1,29,2,8,3,4,7,14,1,9,1,13,,44,23,1,22,9,121.5459249,24.98671801
111,12,4,22,1,2,10文山區,文山區木柵路1段57號對面,0,0,1,3,A02,6,3,5,50,14,9,1,4,4,5,7,1,1,5,4,5,2,13,1,54,3,10,3,4,7,14,1,2,1,4,,44,23,1,22,9,121.5459249,24.98671801
111,12,4,22,50,2,04大安區,大安區樂利路與安和路2段171巷口,0,0,1,1,B03,7,3,5,30,4,1,1,5,4,5,7,2,1,5,4,5,2,11,1,57,3,10,1,1,7,5,3,18,6,1,,21,6,1,22,9,121.5511315,25.0281787
111,12,4,22,50,2,04大安區,大安區樂利路與安和路2段171巷口,0,0,1,2,C03,7,3,5,30,4,1,1,5,4,5,7,2,1,5,4,5,2,11,2,24,2,9,1,1,7,9,1,10,2,11,,44,6,1,22,9,121.5511315,25.0281787
111,12,4,22,51,2,01大同區,大同區西寧北路與鄭州路口,0,0,1,1,B03,8,3,5,40,4,2,1,5,4,5,7,1,1,8,3,5,1,16,1,22,3,10,1,1,7,9,1,8,1,5,,26,26,1,22,9,121.5082122,25.05073514
111,12,4,22,51,2,01大同區,大同區西寧北路與鄭州路口,0,0,1,2,C03,8,3,5,40,4,2,1,5,4,5,7,1,1,8,3,5,1,16,1,19,2,9,1,1,7,5,1,10,1,14,,17,26,1,22,9,121.5082122,25.05073514
111,12,5,0,0,2,02萬華區,萬華區西園路1段176號,0,0,1,1,C03,8,3,5,40,14,9,1,5,4,5,7,4,4,2,3,5,1,29,1,48,2,9,3,4,7,9,1,10,8,11,,21,21,1,22,9,121.4993462,25.0364614
111,12,5,0,0,2,02萬華區,萬華區西園路1段176號,0,0,1,2,,8,3,5,40,14,9,1,5,4,5,7,4,4,2,3,5,1,29,3,,,,,,,,,,10,,,67,21,1,,,121.4993462,25.0364614
111,12,5,3,20,2,03中山區,中山區錦州街與民權東路2段92巷口,0,0,2,1,B01,7,3,5,30,4,1,1,5,4,5,7,4,4,8,5,5,1,15,1,63,3,10,3,4,7,9,6,18,2,8,,6,6,1,22,9,121.531683,25.0603505
111,12,5,3,20,2,03中山區,中山區錦州街與民權東路2段92巷口,0,0,2,2,B03,7,3,5,30,4,1,1,5,4,5,7,4,4,8,5,5,1,15,1,23,3,10,3,4,7,9,3,18,2,5,,23,6,1,22,9,121.531683,25.0603505
111,12,5,3,20,2,03中山區,中山區錦州街與民權東路2段92巷口,0,0,2,3,H02,7,3,5,30,4,1,1,5,4,5,7,4,4,8,5,5,1,15,2,23,2,8,4,5,7,20,8,20,10,16,,67,6,1,22,9,121.531683,25.0603505
111,12,5,3,20,2,03中山區,中山區錦州街與民權東路2段92巷口,0,0,2,4,H02,7,3,5,30,4,1,1,5,4,5,7,4,4,8,5,5,1,15,1,69,2,1,4,5,7,20,8,20,10,16,,67,6,1,22,9,121.531683,25.0603505
111,12,5,6,41,2,03中山區,中山區民權東路1段中山國小站2號出口旁,0,0,3,1,C03,7,1,5,50,14,9,1,5,4,5,7,4,4,1,4,5,2,13,1,59,2,8,1,1,7,8,1,10,1,12,,7,7,1,22,9,121.5257804,25.0625923
111,12,5,6,41,2,03中山區,中山區民權東路1段中山國小站2號出口旁,0,0,3,2,C03,7,1,5,50,14,9,1,5,4,5,7,4,4,1,4,5,2,13,2,31,2,9,1,1,7,9,1,10,1,11,,23,7,1,22,9,121.5257804,25.0625923
111,12,5,6,41,2,03中山區,中山區民權東路1段中山國小站2號出口旁,0,0,3,3,C03,7,1,5,50,14,9,1,5,4,5,7,4,4,1,4,5,2,13,1,23,2,9,1,1,7,12,1,10,1,14,,44,7,1,22,9,121.5257804,25.0625923
111,12,5,7,5,2,08士林區,士林區中正路439號前,0,0,2,1,C03,8,1,5,0,14,7,1,5,4,5,7,4,4,3,4,4,1,16,1,84,2,9,3,4,7,7,1,10,1,14,,7,7,1,22,9,121.5193312,25.09281124
111,12,5,7,5,2,08士林區,士林區中正路439號前,0,0,2,2,B03,8,1,5,0,14,7,1,5,4,5,7,4,4,3,4,4,1,16,2,59,3,10,3,4,7,9,1,8,1,2,,23,7,1,22,9,121.5193312,25.09281124
111,12,5,7,5,2,08士林區,士林區中正路439號前,0,0,2,3,H02,8,1,5,0,14,7,1,5,4,5,7,4,4,3,4,4,1,16,2,21,2,9,3,5,7,21,8,20,10,15,,67,7,1,22,9,121.5193312,25.09281124
111,12,5,7,26,2,02萬華區,萬華區康定路與廣州街口,0,0,1,1,B01,7,1,5,50,4,1,1,5,4,5,7,1,1,5,4,5,2,17,1,70,3,10,1,4,7,5,4,8,1,2,,8,8,1,22,9,121.5014824,25.0366019
111,12,5,7,26,2,02萬華區,萬華區康定路與廣州街口,0,0,1,2,C03,7,1,5,50,4,1,1,5,4,5,7,1,1,5,4,5,2,17,1,18,2,9,1,4,7,9,1,10,1,11,,13,8,1,22,9,121.5014824,25.0366019
111,12,5,7,34,2,03中山區,中山區松江路與錦州街口,0,0,1,1,B02,7,1,5,50,4,2,1,5,4,5,7,2,1,1,3,5,2,12,1,57,3,10,3,4,7,8,1,8,2,6,,7,7,1,22,9,121.5332709,25.0601133
111,12,5,7,34,2,03中山區,中山區松江路與錦州街口,0,0,1,2,C03,7,1,5,50,4,2,1,5,4,5,7,2,1,1,3,5,2,12,1,78,2,9,3,4,7,9,1,10,2,14,,44,7,1,22,9,121.5332709,25.0601133
111,12,5,7,53,2,02萬華區,萬華區環河南路1段9號,0,0,2,1,C03,7,1,5,50,14,9,1,5,4,5,7,4,4,9,4,5,2,13,2,52,2,9,1,1,7,10,1,10,1,12,,16,16,1,22,9,121.5056913,25.04835038
111,12,5,7,53,2,02萬華區,萬華區環河南路1段9號,0,0,2,2,B03,7,1,5,50,14,9,1,5,4,5,7,4,4,9,4,5,2,13,1,53,3,10,1,1,7,14,1,8,1,7,,44,16,1,22,9,121.5056913,25.04835038
111,12,5,7,53,2,02萬華區,萬華區環河南路1段9號,0,0,2,3,H02,7,1,5,50,14,9,1,5,4,5,7,4,4,9,4,5,2,13,1,55,2,8,1,1,7,20,8,20,11,16,,67,16,1,22,9,121.5056913,25.04835038
111,12,5,8,1,2,12內湖區,內湖區潭美街368號汽車停車格,0,0,3,1,C03,8,1,5,40,14,9,1,5,4,5,7,4,4,9,5,5,2,17,2,25,2,9,1,1,7,9,1,10,2,12,,23,23,1,22,9,121.5878667,25.05730036
111,12,5,8,1,2,12內湖區,內湖區潭美街368號汽車停車格,0,0,3,2,B02,8,1,5,40,14,9,1,5,4,5,7,4,4,9,5,5,2,17,1,38,3,10,3,4,7,13,7,19,11,4,,44,23,1,22,9,121.5878667,25.05730036
111,12,5,8,1,2,12內湖區,內湖區潭美街368號汽車停車格,0,0,3,3,C03,8,1,5,40,14,9,1,5,4,5,7,4,4,9,5,5,2,17,2,56,2,9,1,1,7,9,1,10,2,11,,16,23,1,22,9,121.5878667,25.05730036
111,12,5,8,1,2,12內湖區,內湖區潭美街368號汽車停車格,0,0,3,4,C03,8,1,5,40,14,9,1,5,4,5,7,4,4,9,5,5,2,17,1,31,2,9,1,1,7,9,1,10,2,11,,16,23,1,22,9,121.5878667,25.05730036
111,12,5,8,2,2,08士林區,士林區中山北路5段與福林路口,0,0,1,1,B01,8,1,5,50,4,1,1,5,4,5,7,2,1,4,3,5,1,13,1,65,3,10,1,1,7,5,1,4,2,5,,16,16,1,22,9,121.5283637,25.0939968
111,12,5,8,2,2,08士林區,士林區中山北路5段與福林路口,0,0,1,2,C03,8,1,5,50,4,1,1,5,4,5,7,2,1,4,3,5,1,13,2,57,2,8,1,1,7,9,1,10,2,13,,5,16,1,22,9,121.5283637,25.0939968
111,12,5,8,30,2,09北投區,北投區公館路423巷與立農街1段187巷口,0,0,1,1,B03,8,1,5,30,4,2,1,5,4,5,7,3,1,9,5,5,1,16,1,53,3,10,1,1,7,5,1,8,1,8,,6,6,1,22,9,121.5038428,25.12007156
111,12,5,8,30,2,09北投區,北投區公館路423巷與立農街1段187巷口,0,0,1,2,C03,8,1,5,30,4,2,1,5,4,5,7,3,1,9,5,5,1,16,2,43,2,8,1,1,7,5,1,10,1,14,,14,6,1,22,9,121.5038428,25.12007156
111,12,5,8,31,2,07信義區,信義區忠孝東路5段與中坡南路口,0,0,1,1,B01,8,1,5,50,4,1,1,5,4,5,7,1,1,10,4,5,2,17,1,44,3,10,1,1,7,5,1,2,1,6,,8,8,1,22,9,121.5819831,25.044126
111,12,5,8,31,2,07信義區,信義區忠孝東路5段與中坡南路口,0,0,1,2,C03,8,1,5,50,4,1,1,5,4,5,7,1,1,10,4,5,2,17,1,25,2,9,1,1,7,9,1,10,1,11,,13,8,1,22,9,121.5819831,25.044126
111,12,5,8,32,2,03中山區,中山區中原街與新生北路2段101巷口,0,0,1,1,B03,7,1,5,30,4,1,1,5,4,5,7,4,4,8,5,5,1,16,1,51,3,10,3,4,7,6,1,8,2,8,,6,9,1,22,9,121.5288629,25.05743147
111,12,5,8,32,2,03中山區,中山區中原街與新生北路2段101巷口,0,0,1,2,C03,7,1,5,30,4,1,1,5,4,5,7,4,4,8,5,5,1,16,2,55,2,9,1,4,7,9,1,10,2,12,,14,9,1,22,9,121.5288629,25.05743147
111,12,5,8,34,2,03中山區,中山區民生東路2段138號,0,0,1,1,B01,8,1,5,50,14,9,1,5,4,5,7,4,4,4,3,5,2,3,1,63,3,10,3,4,7,14,1,4,2,15,,44,44,1,22,9,121.5320948,25.05795603
111,12,5,8,34,2,03中山區,中山區民生東路2段138號,0,0,1,2,H01,8,1,5,50,14,9,1,5,4,5,7,4,4,4,3,5,2,3,2,36,2,9,4,5,8,16,8,20,10,16,,51,44,1,22,9,121.5320948,25.05795603
111,12,5,8,47,2,12內湖區,內湖區星雲街33巷與星雲街口,0,0,2,1,B03,7,1,5,40,3,1,1,5,4,5,7,3,1,5,5,5,2,12,2,44,3,10,1,1,7,6,1,8,9,2,,9,9,1,22,9,121.5914384,25.07857
111,12,5,8,47,2,12內湖區,內湖區星雲街33巷與星雲街口,0,0,2,2,C03,7,1,5,40,3,1,1,5,4,5,7,3,1,5,5,5,2,12,1,36,3,10,1,1,7,9,1,10,9,14,,42,9,1,22,9,121.5914384,25.07857
111,12,5,8,47,2,12內湖區,內湖區星雲街33巷與星雲街口,0,0,2,3,H02,7,1,5,40,3,1,1,5,4,5,7,3,1,5,5,5,2,12,2,32,2,9,1,1,7,20,8,20,9,16,,67,9,1,22,9,121.5914384,25.07857
111,12,5,8,47,2,12內湖區,內湖區星雲街33巷與星雲街口,0,0,2,4,H02,7,1,5,40,3,1,1,5,4,5,7,3,1,5,5,5,2,12,2,2,2,9,1,1,7,20,8,20,9,16,,67,9,1,22,9,121.5914384,25.07857
111,12,5,8,47,2,12內湖區,內湖區星雲街33巷與星雲街口,0,0,2,5,B03,7,1,5,40,3,1,1,5,4,5,7,3,1,5,5,5,2,12,1,34,3,10,1,1,7,13,1,8,9,3,,38,9,1,22,9,121.5914384,25.07857
111,12,5,9,10,2,07信義區,信義區忠孝東路5段790巷與忠孝東路5段790巷25弄口,0,0,2,1,C03,8,1,5,30,4,1,1,5,4,5,7,4,4,10,5,5,1,15,2,44,2,9,1,1,7,9,1,10,1,12,,6,6,1,22,9,121.5827318,25.0423816
111,12,5,9,10,2,07信義區,信義區忠孝東路5段790巷與忠孝東路5段790巷25弄口,0,0,2,2,C03,8,1,5,30,4,1,1,5,4,5,7,4,4,10,5,5,1,15,1,75,2,9,1,1,7,9,1,10,1,11,,14,6,1,22,9,121.5827318,25.0423816
111,12,5,9,15,2,04大安區,大安區信義路4段與安和路1段口,0,0,1,1,B03,7,1,5,50,14,9,1,5,4,5,7,2,1,8,3,5,1,17,2,59,3,10,1,1,7,6,1,8,1,5,,9,6,1,22,9,121.5526416,25.03323101
111,12,5,9,15,2,04大安區,大安區信義路4段與安和路1段口,0,0,1,2,F03,7,1,5,50,14,9,1,5,4,5,7,2,1,8,3,5,1,17,2,34,2,3,2,1,7,9,8,20,9,15,,42,6,1,5,1,121.5526416,25.03323101
111,12,5,9,35,2,04大安區,大安區龍泉街與師大路49巷口,0,0,1,1,B02,8,1,5,30,4,2,1,5,4,5,7,4,4,10,4,5,2,17,1,52,3,10,1,1,7,14,1,8,1,4,,40,,1,22,9,121.5294344,25.0242586
111,12,5,9,35,2,04大安區,大安區龍泉街與師大路49巷口,0,0,1,2,F01,8,1,5,30,4,2,1,5,4,5,7,4,4,10,4,5,2,17,2,65,2,9,1,1,7,9,8,20,1,16,,44,,1,22,9,121.5294344,25.0242586
111,12,5,9,59,2,07信義區,信義區吳興街279號與吳興街口,0,0,2,1,B01,8,1,5,30,4,1,1,5,4,5,7,4,4,10,5,5,2,17,1,59,3,10,1,1,7,5,1,4,2,5,,14,23,1,22,9,121.5641965,25.0264834
111,12,5,9,59,2,07信義區,信義區吳興街279號與吳興街口,0,0,2,2,C03,8,1,5,30,4,1,1,5,4,5,7,4,4,10,5,5,2,17,1,68,2,8,1,1,7,5,1,10,2,12,,6,23,1,22,9,121.5641965,25.0264834
111,12,5,9,59,2,07信義區,信義區吳興街279號與吳興街口,0,0,2,3,H02,8,1,5,30,4,1,1,5,4,5,7,4,4,10,5,5,2,17,2,67,2,8,4,5,7,20,8,20,10,16,,67,23,1,22,9,121.5641965,25.0264834
111,12,5,10,40,2,08士林區,士林區中山北路5段與中山北路5段704巷口,0,0,1,1,B01,8,1,5,50,5,2,1,5,4,5,7,2,1,1,5,5,1,17,1,68,3,10,1,1,7,11,1,4,2,5,,10,10,1,22,9,121.5274487,25.09784938
111,12,5,10,40,2,08士林區,士林區中山北路5段與中山北路5段704巷口,0,0,1,2,C03,8,1,5,50,5,2,1,5,4,5,7,2,1,1,5,5,1,17,1,50,2,9,1,1,7,9,1,10,2,11,,23,10,1,22,9,121.5274487,25.09784938
111,12,5,10,51,2,09北投區,北投區致遠一路2段51號,0,0,1,1,B12,7,1,5,50,14,9,1,5,4,5,7,4,4,5,5,5,2,12,1,56,3,10,1,1,7,4,1,6,2,6,,17,17,1,22,9,121.5136404,25.1120596
111,12,5,10,51,2,09北投區,北投區致遠一路2段51號,0,0,1,2,F02,7,1,5,50,14,9,1,5,4,5,7,4,4,5,5,5,2,12,2,75,2,8,1,1,7,9,8,20,2,16,,44,17,1,22,9,121.5136404,25.1120596
111,12,5,11,33,2,12內湖區,內湖區南京東路6段與堤頂大道1段口,0,0,1,1,B02,8,1,5,50,5,2,1,5,4,5,7,2,1,5,4,5,2,17,1,58,3,10,1,1,7,5,1,8,2,8,,8,8,1,22,9,121.5760739,25.05463159
111,12,5,11,33,2,12內湖區,內湖區南京東路6段與堤頂大道1段口,0,0,1,2,C03,8,1,5,50,5,2,1,5,4,5,7,2,1,5,4,5,2,17,1,35,2,9,1,1,7,5,1,10,2,12,,8,8,1,22,9,121.5760739,25.05463159
111,12,5,12,3,2,04大安區,大安區仁愛路4段與敦化南路1段口,0,0,1,1,C03,7,1,8,50,15,22,1,5,4,5,7,1,1,8,3,5,2,13,1,32,2,8,1,1,7,9,1,10,1,11,,23,23,1,22,9,121.5480414,25.0381792
111,12,5,12,3,2,04大安區,大安區仁愛路4段與敦化南路1段口,0,0,1,2,C03,7,1,8,50,15,22,1,5,4,5,7,1,1,8,3,5,2,13,2,55,3,10,1,1,7,14,1,10,1,13,,44,23,1,22,9,121.5480414,25.0381792
111,12,5,12,30,2,12內湖區,內湖區麥帥一橋機車道,0,0,1,1,C03,6,1,5,40,8,11,1,4,4,5,7,4,4,1,4,1,2,13,1,55,3,10,1,1,7,9,1,10,2,11,,23,23,1,22,9,121.5727843,25.05229247
111,12,5,12,30,2,12內湖區,內湖區麥帥一橋機車道,0,0,1,2,F01,6,1,5,40,8,11,1,4,4,5,7,4,4,1,4,1,2,13,2,65,2,9,1,1,7,9,8,20,2,16,,44,23,1,22,9,121.5727843,25.05229247
111,12,5,13,36,2,07信義區,信義區基隆路2段201-1號與和平東路3段口圓環,0,0,1,1,C03,8,1,5,50,16,9,1,5,4,5,7,2,1,1,4,5,2,12,2,60,2,8,1,1,7,7,1,10,2,14,,7,7,1,22,9,121.5528824,25.0244582
111,12,5,13,36,2,07信義區,信義區基隆路2段201-1號與和平東路3段口圓環,0,0,1,2,B03,8,1,5,50,16,9,1,5,4,5,7,2,1,1,4,5,2,12,1,58,3,10,1,1,7,9,1,8,2,5,,44,7,1,22,9,121.5528824,25.0244582
111,12,5,14,6,2,02萬華區,萬華區西藏路與寶興街口,0,0,1,1,B03,6,1,5,50,5,1,1,4,4,5,7,2,1,1,4,5,2,10,1,67,3,10,1,1,7,9,1,8,1,1,,25,25,1,22,9,121.4922087,25.0285228
111,12,5,14,6,2,02萬華區,萬華區西藏路與寶興街口,0,0,1,2,C02,6,1,5,50,5,1,1,4,4,5,7,2,1,1,4,5,2,10,1,48,2,9,1,1,7,9,1,9,1,11,,44,25,1,22,9,121.4922087,25.0285228
111,12,5,14,8,2,09北投區,北投區中央北路3段102巷與中央北路3段口口,0,0,1,1,B03,8,1,5,50,3,2,1,5,4,5,7,2,1,4,4,5,2,16,1,62,3,10,1,1,7,4,1,8,1,2,,43,43,1,22,9,121.4841451,25.1377784
111,12,5,14,8,2,09北投區,北投區中央北路3段102巷與中央北路3段口口,0,0,1,2,C03,8,1,5,50,3,2,1,5,4,5,7,2,1,4,4,5,2,16,2,48,2,9,1,1,7,9,1,10,1,14,,43,43,1,22,9,121.4841451,25.1377784
111,12,5,14,28,2,01大同區,大同區承德路2段與萬全街口,0,0,1,1,B01,8,1,5,50,4,1,1,5,4,5,7,1,1,1,4,5,2,13,1,47,2,9,1,1,7,9,1,4,2,1,,43,43,1,22,9,121.5182685,25.05838702
111,12,5,14,28,2,01大同區,大同區承德路2段與萬全街口,0,0,1,2,B01,8,1,5,50,4,1,1,5,4,5,7,1,1,1,4,5,2,13,1,62,3,10,1,1,7,9,1,4,2,3,,44,43,1,22,9,121.5182685,25.05838702
111,12,5,14,45,2,12內湖區,內湖區成美橋往內湖,0,0,1,1,C03,8,1,5,50,8,9,1,5,4,5,7,4,4,4,4,5,1,13,1,42,3,10,3,4,7,9,1,10,1,13,,23,23,1,22,9,121.5830502,25.0529928
111,12,5,14,45,2,12內湖區,內湖區成美橋往內湖,0,0,1,2,C03,8,1,5,50,8,9,1,5,4,5,7,4,4,4,4,5,1,13,2,43,2,8,3,4,7,14,1,10,1,13,,44,23,1,22,9,121.5830502,25.0529928
111,12,5,15,34,2,05中正區,中正區師大路與汀州路3段口,0,0,1,1,B12,7,1,5,50,5,1,1,5,4,5,7,1,1,1,2,5,1,12,1,52,3,10,1,1,7,9,1,7,2,5,,44,17,1,22,9,121.5256904,25.02077396