發生年度,發生月,發生日,發生時-Hours,發生分,處理別-編號,區序,肇事地點,死亡人數,2-30日死亡人數,受傷人數,當事人序號,車種,天候,光線,道路類別,速限-速度限制,道路型態,事故位置,路面狀況1,路面狀況2,路面狀況3,道路障礙1,道路障礙2,號誌1,號誌2,車道劃分-分向,車道劃分-分道1,車道劃分-分道2,車道劃分-分道3,事故類型及型態,性別,年齡,受傷程度,主要傷處,安全帽,行動電話,車輛用途,當事者行動狀態,駕駛資格情形,駕駛執照種類,飲酒情形,車輛撞擊部位1,車輛撞擊部位2,肇因碼-個別,肇因碼-主要,個人肇逃否,職業,旅次目的,座標-X,座標-Y
111,12,5,15,34,2,05中正區,中正區師大路與汀州路3段口,0,0,1,2,C03,7,1,5,50,5,1,1,5,4,5,7,1,1,1,2,5,1,12,2,71,2,9,1,1,7,10,1,10,2,14,,7,17,1,22,9,121.5256904,25.02077396
111,12,5,15,49,2,03中山區,中山區長春路與長春路21巷口,0,0,1,1,B03,7,1,5,30,4,1,1,5,4,5,7,4,4,9,4,4,2,17,1,59,3,10,1,1,7,9,1,8,1,2,,6,6,1,22,9,121.5242306,25.0550098
111,12,5,15,49,2,03中山區,中山區長春路與長春路21巷口,0,0,1,2,C03,7,1,5,30,4,1,1,5,4,5,7,4,4,9,4,4,2,17,1,27,2,8,1,1,7,9,1,10,1,14,,23,6,1,22,9,121.5242306,25.0550098
111,12,5,16,2,2,05中正區,中正區泉州街與詔安街口口,0,0,1,1,B01,8,1,5,50,14,9,1,5,4,5,7,1,1,5,4,4,2,16,1,51,3,10,1,1,7,1,1,8,1,1,,25,42,1,22,9,121.5131587,25.02518126
111,12,5,16,2,2,05中正區,中正區泉州街與詔安街口口,0,0,1,2,G06,8,1,5,50,14,9,1,5,4,5,7,1,1,5,4,4,2,16,2,43,2,8,1,1,7,9,7,19,1,15,,23,42,1,22,9,121.5131587,25.02518126
111,12,5,16,3,2,03中山區,中山區長安東路1段41號,0,0,1,1,B01,7,1,5,50,14,9,1,5,4,5,7,4,4,4,3,5,1,16,1,57,3,10,3,4,7,13,1,1,2,6,,42,42,1,22,9,121.52499,25.04907105
111,12,5,16,3,2,03中山區,中山區長安東路1段41號,0,0,1,2,C03,7,1,5,50,14,9,1,5,4,5,7,4,4,4,3,5,1,16,1,45,2,9,3,4,7,9,1,10,2,11,,23,42,1,22,9,121.52499,25.04907105
111,12,5,16,3,2,03中山區,中山區長安東路1段41號,0,0,1,3,H02,7,1,5,50,14,9,1,5,4,5,7,4,4,4,3,5,1,16,1,32,3,10,4,5,7,19,8,20,10,16,,56,42,1,22,9,121.52499,25.04907105
111,12,5,16,5,2,08士林區,士林區天母西路與天母西路95巷口,0,0,2,1,C03,7,1,5,50,4,1,1,5,4,5,7,2,1,4,5,5,2,17,2,70,2,9,1,4,7,5,1,10,1,12,,6,8,1,22,9,121.5242338,25.11866101
111,12,5,16,5,2,08士林區,士林區天母西路與天母西路95巷口,0,0,2,2,C03,7,1,5,50,4,1,1,5,4,5,7,2,1,4,5,5,2,17,1,29,2,7,1,4,7,9,1,10,1,11,,44,8,1,22,9,121.5242338,25.11866101
111,12,5,16,16,2,12內湖區,內湖區新明路122-1號,0,0,1,1,B03,7,1,5,50,14,8,1,5,4,5,7,4,4,4,3,4,2,16,1,27,3,10,1,1,7,5,1,8,2,6,,8,8,1,22,9,121.5888141,25.0590371
111,12,5,16,16,2,12內湖區,內湖區新明路122-1號,0,0,1,2,C03,7,1,5,50,14,8,1,5,4,5,7,4,4,4,3,4,2,16,1,23,2,9,1,1,7,9,1,10,2,11,,23,8,1,22,9,121.5888141,25.0590371
111,12,5,16,43,2,07信義區,信義區福德街268巷與福德街268巷26弄口,0,0,1,1,C03,8,1,5,30,4,1,1,5,4,5,7,4,4,9,5,5,2,17,1,64,2,8,1,1,7,5,1,10,2,12,,6,6,1,22,9,121.585736,25.03968392
111,12,5,16,43,2,07信義區,信義區福德街268巷與福德街268巷26弄口,0,0,1,2,B03,8,1,5,30,4,1,1,5,4,5,7,4,4,9,5,5,2,17,1,60,3,10,1,3,7,9,1,8,2,1,,23,6,1,22,9,121.585736,25.03968392
111,12,5,16,58,2,10文山區,文山區木新路2段299巷8號與木新路3段45巷7弄口,0,0,1,1,C03,8,1,5,30,4,1,1,5,4,5,7,4,4,10,5,5,2,16,1,72,2,8,1,1,7,9,1,10,2,11,,6,6,1,22,9,121.565488,24.9823055
111,12,5,16,58,2,10文山區,文山區木新路2段299巷8號與木新路3段45巷7弄口,0,0,1,2,B03,8,1,5,30,4,1,1,5,4,5,7,4,4,10,5,5,2,16,1,42,3,10,1,1,7,9,1,8,2,8,,23,6,1,22,9,121.565488,24.9823055
111,12,5,17,15,2,06松山區,松山區光復北路與南京東路4段179巷3弄口,0,0,1,1,B01,7,3,5,30,4,1,1,5,4,5,7,4,4,4,3,5,2,15,1,59,3,10,1,1,7,9,1,4,1,5,,6,6,1,22,9,121.5571466,25.05218477
111,12,5,17,15,2,06松山區,松山區光復北路與南京東路4段179巷3弄口,0,0,1,2,C03,7,3,5,30,4,1,1,5,4,5,7,4,4,4,3,5,2,15,1,18,2,9,1,1,7,9,1,10,1,11,,14,6,1,22,9,121.5571466,25.05218477
111,12,5,17,15,2,09北投區,北投區石牌路2段97巷與石牌路口,0,0,1,1,C03,8,3,5,50,3,2,1,5,4,5,7,4,4,5,4,5,2,12,2,44,2,8,3,4,7,7,1,10,1,12,,43,7,1,22,9,121.5164169,25.1175366
111,12,5,17,15,2,09北投區,北投區石牌路2段97巷與石牌路口,0,0,1,2,B01,8,3,5,50,3,2,1,5,4,5,7,4,4,5,4,5,2,12,1,38,3,10,3,4,7,9,1,4,1,8,,43,7,1,22,9,121.5164169,25.1175366
111,12,5,17,20,2,08士林區,士林區福志路24號,0,0,1,1,C04,8,3,5,40,15,9,1,5,4,5,7,4,4,10,5,5,1,9,2,57,3,10,1,1,7,3,1,11,1,14,,13,18,1,22,9,121.5314636,25.09851954
111,12,5,17,20,2,08士林區,士林區福志路24號,0,0,1,2,C03,8,3,5,40,15,9,1,5,4,5,7,4,4,10,5,5,1,9,2,49,2,8,3,4,7,21,1,10,1,15,,42,18,1,22,9,121.5314636,25.09851954
111,12,5,17,23,2,03中山區,中山區長安東路1段與新生北路1段口,0,0,1,1,B03,8,3,5,50,4,1,1,5,4,5,7,2,1,1,3,5,2,12,1,31,3,10,3,4,7,6,1,3,2,2,,9,9,1,22,9,121.5294147,25.0481986
111,12,5,17,23,2,03中山區,中山區長安東路1段與新生北路1段口,0,0,1,2,C03,8,3,5,50,4,1,1,5,4,5,7,2,1,1,3,5,2,12,1,46,2,9,3,4,7,9,1,10,2,11,,44,9,1,22,9,121.5294147,25.0481986
111,12,5,17,30,2,02萬華區,萬華區寶興街與寶興街65巷口,0,0,2,1,C03,7,1,5,50,4,1,1,5,4,2,7,4,4,9,5,5,2,9,1,42,2,9,1,1,7,9,6,10,2,11,,23,23,1,22,9,121.4942082,25.02643375
111,12,5,17,30,2,02萬華區,萬華區寶興街與寶興街65巷口,0,0,2,2,H01,7,1,5,50,4,1,1,5,4,2,7,4,4,9,5,5,2,9,1,67,2,9,4,5,8,16,8,20,2,16,,51,23,1,22,9,121.4942082,25.02643375
111,12,5,17,44,2,07信義區,信義區松壽路9號,0,0,1,1,A02,8,3,5,50,14,9,1,5,4,5,7,4,4,5,4,5,2,9,1,46,3,10,3,4,7,9,1,2,9,15,,44,,1,22,9,121.5660566,25.0359302
111,12,5,17,44,2,07信義區,信義區松壽路9號,0,0,1,2,H02,8,3,5,50,14,9,1,5,4,5,7,4,4,5,4,5,2,9,2,73,2,9,3,4,7,20,8,20,9,16,,67,,1,22,9,121.5660566,25.0359302
111,12,5,17,50,2,06松山區,松山區北寧路與八德路3段口,0,0,1,1,B03,8,3,5,50,4,1,1,5,4,5,7,2,1,4,3,4,2,3,1,42,3,10,1,1,7,5,1,8,11,8,,15,,1,22,9,121.5525978,25.0482134
111,12,5,17,50,2,06松山區,松山區北寧路與八德路3段口,0,0,1,2,H01,8,3,5,50,4,1,1,5,4,5,7,2,1,4,3,4,2,3,1,58,2,9,4,5,8,16,8,20,10,16,,67,,1,22,9,121.5525978,25.0482134
111,12,5,17,54,2,07信義區,信義區崇德街81巷與崇德街口,0,0,1,1,C03,8,3,5,30,3,1,1,5,4,5,5,1,1,9,4,5,2,3,1,32,3,10,1,1,7,6,1,10,2,11,,23,14,1,22,9,121.555122,25.0242738
111,12,5,17,54,2,07信義區,信義區崇德街81巷與崇德街口,0,0,1,2,H01,8,3,5,30,3,1,1,5,4,5,5,1,1,9,4,5,2,3,2,56,2,9,4,5,8,16,8,20,10,16,,51,14,1,22,9,121.555122,25.0242738
111,12,5,17,54,2,07信義區,信義區崇德街81巷與崇德街口,0,0,1,3,B01,8,3,5,30,3,1,1,5,4,5,5,1,1,9,4,5,2,3,1,44,3,10,1,1,7,15,1,4,9,15,,38,14,1,22,9,121.555122,25.0242738
111,12,5,18,0,2,05中正區,中正區公園路與許昌街口,0,0,1,1,B03,6,3,5,50,4,1,1,4,4,5,7,1,1,10,5,5,2,13,1,28,3,10,1,1,7,9,1,8,2,1,,44,44,1,22,9,121.5172532,25.0454057
111,12,5,18,0,2,05中正區,中正區公園路與許昌街口,0,0,1,2,C03,6,3,5,50,4,1,1,4,4,5,7,1,1,10,5,5,2,13,2,29,2,9,1,1,7,7,1,10,2,13,,7,44,1,22,9,121.5172532,25.0454057
111,12,5,18,7,2,03中山區,中山區民族東路與松江路口,0,0,1,1,A12,7,3,5,50,4,1,1,5,4,5,7,1,1,1,3,5,1,12,1,31,3,10,3,4,7,5,1,7,1,5,,17,43,1,22,9,121.5330987,25.06829037
111,12,5,18,7,2,03中山區,中山區民族東路與松江路口,0,0,1,2,B03,7,3,5,50,4,1,1,5,4,5,7,1,1,1,3,5,1,12,2,34,2,5,3,4,7,5,1,8,1,7,,17,43,1,22,9,121.5330987,25.06829037
111,12,5,18,10,2,07信義區,信義區吳興街260巷19弄與吳興街260巷口,0,0,1,1,C03,7,3,5,30,3,2,1,5,4,5,7,4,4,10,5,5,2,15,1,44,3,10,1,1,7,9,1,10,1,11,,15,14,1,22,9,121.5633136,25.02628614
111,12,5,18,10,2,07信義區,信義區吳興街260巷19弄與吳興街260巷口,0,0,1,2,H01,7,3,5,30,3,2,1,5,4,5,7,4,4,10,5,5,2,15,1,4,2,1,4,5,8,20,8,20,1,16,,51,14,1,22,9,121.5633136,25.02628614
111,12,5,18,19,2,04大安區,大安區安和路1段86號,0,0,1,1,C03,7,1,5,50,14,9,1,5,4,5,7,3,1,1,4,5,2,16,2,24,2,9,1,4,7,7,1,10,1,13,,7,7,1,22,9,121.552443,25.03440794
111,12,5,18,19,2,04大安區,大安區安和路1段86號,0,0,1,2,B03,7,1,5,50,14,9,1,5,4,5,7,3,1,1,4,5,2,16,2,49,3,10,1,4,7,9,1,8,1,1,,44,7,1,22,9,121.552443,25.03440794
111,12,5,18,23,2,05中正區,中正區中山南路與貴陽街1段口,0,0,2,1,A03,8,3,5,50,14,8,1,5,4,5,7,1,1,1,4,1,2,13,1,40,3,10,1,1,7,9,1,2,2,1,,16,23,1,22,9,121.5172719,25.03815353
111,12,5,18,23,2,05中正區,中正區中山南路與貴陽街1段口,0,0,2,2,C03,8,3,5,50,14,8,1,5,4,5,7,1,1,1,4,1,2,13,1,34,2,8,1,1,7,9,1,10,2,11,,16,23,1,22,9,121.5172719,25.03815353
111,12,5,18,23,2,05中正區,中正區中山南路與貴陽街1段口,0,0,2,3,C03,8,3,5,50,14,8,1,5,4,5,7,1,1,1,4,1,2,13,1,45,2,9,1,1,7,9,1,10,2,13,,14,23,1,22,9,121.5172719,25.03815353
111,12,5,18,25,2,04大安區,大安區和平東路1段104巷口,0,0,1,1,C03,7,3,5,50,14,9,1,5,4,5,7,4,4,3,3,5,2,17,2,19,3,10,1,1,7,6,1,10,1,15,,9,,1,22,9,121.5248859,25.0267911
111,12,5,18,25,2,04大安區,大安區和平東路1段104巷口,0,0,1,2,C03,7,3,5,50,14,9,1,5,4,5,7,4,4,3,3,5,2,17,1,46,2,9,1,1,7,9,1,10,1,15,,14,,1,22,9,121.5248859,25.0267911
111,12,5,18,36,2,09北投區,北投區義理街與立農街2段202巷3弄口,0,0,2,1,F01,6,3,5,50,3,1,1,4,4,5,7,4,4,5,4,5,2,17,1,31,2,9,1,1,7,1,8,20,1,16,,19,8,1,22,9,121.5160969,25.11807874
111,12,5,18,36,2,09北投區,北投區義理街與立農街2段202巷3弄口,0,0,2,2,C03,6,3,5,50,3,1,1,4,4,5,7,4,4,5,4,5,2,17,1,25,2,9,1,1,7,9,1,10,1,11,,23,8,1,22,9,121.5160969,25.11807874
111,12,5,18,36,2,09北投區,北投區義理街與立農街2段202巷3弄口,0,0,2,3,B03,6,3,5,50,3,1,1,4,4,5,7,4,4,5,4,5,2,17,1,46,3,10,3,1,7,13,1,8,11,4,,38,8,1,22,9,121.5160969,25.11807874
111,12,5,19,8,2,04大安區,大安區建國南路1段與濟南路3段口,0,0,1,1,B03,7,3,5,50,5,1,1,5,4,5,7,1,1,8,3,5,2,16,2,37,3,10,1,1,7,6,7,19,1,5,,9,9,1,22,9,121.5373668,25.0402152
111,12,5,19,8,2,04大安區,大安區建國南路1段與濟南路3段口,0,0,1,2,C03,7,3,5,50,5,1,1,5,4,5,7,1,1,8,3,5,2,16,1,42,2,9,1,1,7,9,1,10,1,14,,44,9,1,22,9,121.5373668,25.0402152
111,12,5,19,10,2,12內湖區,內湖區舊宗路1段與行善路口口,0,0,1,1,B03,6,3,5,50,4,1,1,4,4,5,7,2,1,1,4,5,2,23,2,37,2,1,1,1,7,5,1,8,8,1,,21,21,1,22,9,121.5804182,25.05892238
111,12,5,19,10,2,12內湖區,內湖區舊宗路1段與行善路口口,0,0,1,2,,6,3,5,50,4,1,1,4,4,5,7,2,1,1,4,5,2,23,3,,,,,,,,,,10,,,67,21,1,,,121.5804182,25.05892238
111,12,5,19,14,2,09北投區,北投區光明路與大業路口,0,0,2,1,C03,6,3,5,50,4,2,1,4,4,5,7,2,1,5,4,5,1,3,1,41,2,9,1,1,7,6,1,10,1,11,,15,23,1,22,9,121.5038374,25.13709824
111,12,5,19,14,2,09北投區,北投區光明路與大業路口,0,0,2,2,H01,6,3,5,50,4,2,1,4,4,5,7,2,1,5,4,5,1,3,1,65,2,9,1,1,8,16,8,20,1,16,,67,23,1,22,9,121.5038374,25.13709824
111,12,5,19,15,2,08士林區,士林區福華路130號,0,0,1,1,C03,6,3,5,50,14,9,1,4,4,5,7,4,4,10,4,5,2,17,1,32,3,10,1,1,7,1,1,10,1,13,,19,19,1,22,9,121.5227418,25.10302708
111,12,5,19,15,2,08士林區,士林區福華路130號,0,0,1,2,C03,6,3,5,50,14,9,1,4,4,5,7,4,4,10,4,5,2,17,2,18,2,9,1,1,7,9,1,10,1,11,,23,19,1,22,9,121.5227418,25.10302708
111,12,5,19,15,2,12內湖區,內湖區康樂街與康樂街61巷口,0,0,1,1,C03,6,3,5,30,4,1,1,4,4,5,7,1,1,10,5,5,2,3,2,32,3,10,1,1,7,5,1,10,2,11,,15,23,1,22,9,121.6182438,25.0683204
111,12,5,19,15,2,12內湖區,內湖區康樂街與康樂街61巷口,0,0,1,2,H01,6,3,5,30,4,1,1,4,4,5,7,1,1,10,5,5,2,3,2,69,2,9,4,1,8,16,8,20,10,16,,52,23,1,22,9,121.6182438,25.0683204
111,12,5,19,23,2,11南港區,南港區研究院路2段與研究院路2段61巷口,0,0,1,1,C03,6,3,5,50,4,2,1,4,4,5,7,2,1,1,3,5,2,16,1,28,2,9,1,1,7,1,1,10,1,14,,43,19,1,22,9,121.6161878,25.0440355
111,12,5,19,23,2,11南港區,南港區研究院路2段與研究院路2段61巷口,0,0,1,2,C03,6,3,5,50,4,2,1,4,4,5,7,2,1,1,3,5,2,16,1,52,3,10,1,1,7,9,1,10,1,12,,43,19,1,22,9,121.6161878,25.0440355
111,12,5,21,0,2,09北投區,北投區承德路6段359號,0,0,1,1,B03,7,3,5,60,14,12,1,5,4,5,7,4,4,1,4,4,2,16,1,29,3,10,3,4,7,6,1,8,1,5,,43,9,1,22,9,121.511613,25.10663748
111,12,5,21,0,2,09北投區,北投區承德路6段359號,0,0,1,2,C03,7,3,5,60,14,12,1,5,4,5,7,4,4,1,4,4,2,16,1,56,2,9,3,4,7,9,1,10,1,14,,43,9,1,22,9,121.511613,25.10663748
111,12,5,21,15,2,05中正區,中正區林森南路與青島東路口,0,0,1,1,B01,8,3,5,50,4,1,1,5,4,5,7,1,1,10,5,5,2,16,1,66,3,10,1,1,7,5,1,4,2,2,,8,8,1,22,9,121.5229247,25.0436589
111,12,5,21,15,2,05中正區,中正區林森南路與青島東路口,0,0,1,2,C03,8,3,5,50,4,1,1,5,4,5,7,1,1,10,5,5,2,16,1,20,2,9,1,1,7,9,3,18,2,11,,13,8,1,22,9,121.5229247,25.0436589
111,12,5,21,30,2,04大安區,大安區建國南路2段65號,0,0,2,1,C03,7,3,5,50,14,9,1,5,4,5,7,4,4,8,3,5,2,13,1,23,2,9,1,1,7,9,1,10,1,11,,43,43,1,22,9,121.5380674,25.0316215
111,12,5,21,30,2,04大安區,大安區建國南路2段65號,0,0,2,2,B03,7,3,5,50,14,9,1,5,4,5,7,4,4,8,3,5,2,13,1,52,3,10,1,1,7,6,1,8,1,3,,43,43,1,22,9,121.5380674,25.0316215
111,12,5,21,30,2,04大安區,大安區建國南路2段65號,0,0,2,3,H02,7,3,5,50,14,9,1,5,4,5,7,4,4,8,3,5,2,13,1,24,2,9,1,5,7,20,8,20,10,16,,67,43,1,22,9,121.5380674,25.0316215
111,12,5,21,50,2,01大同區,大同區延平北路4段15號與延平北路4段口,0,0,1,1,B03,7,3,5,50,3,1,1,5,4,5,7,4,4,9,4,4,2,16,1,18,3,10,1,1,7,11,1,8,2,4,,10,6,1,22,9,121.5108681,25.06929037
111,12,5,21,50,2,01大同區,大同區延平北路4段15號與延平北路4段口,0,0,1,2,C02,7,3,5,50,3,1,1,5,4,5,7,4,4,9,4,4,2,16,1,36,2,9,1,1,7,9,1,9,1,12,,44,6,1,22,9,121.5108681,25.06929037
111,12,5,21,50,2,05中正區,中正區開封街1段41號,0,0,1,1,C03,8,3,5,50,14,9,1,5,4,5,7,4,4,10,4,5,2,12,2,26,2,9,1,1,7,1,1,10,2,12,,19,7,1,22,9,121.51251,25.04600312
111,12,5,21,50,2,05中正區,中正區開封街1段41號,0,0,1,2,B01,8,3,5,50,14,9,1,5,4,5,7,4,4,10,4,5,2,12,1,71,3,10,1,1,7,9,6,18,2,4,,26,7,1,22,9,121.51251,25.04600312
111,12,5,21,50,2,05中正區,中正區開封街1段41號,0,0,1,3,B02,8,3,5,50,14,9,1,5,4,5,7,4,4,10,4,5,2,12,1,50,3,10,1,1,7,14,1,8,2,2,,38,7,1,22,9,121.51251,25.04600312
111,12,5,23,0,2,10文山區,文山區木新路2段與恆光街口,0,0,1,1,B03,6,3,5,50,4,2,1,4,4,5,7,2,1,5,4,5,2,17,1,28,3,10,1,1,7,1,1,8,1,15,,19,19,1,22,9,121.5665597,24.98323
111,12,5,23,0,2,10文山區,文山區木新路2段與恆光街口,0,0,1,2,C03,6,3,5,50,4,2,1,4,4,5,7,2,1,5,4,5,2,17,1,37,2,7,1,1,7,9,1,10,1,11,,13,19,1,22,9,121.5665597,24.98323
111,12,5,23,10,2,03中山區,中山區市民大道3段與八德路2段300巷口,0,0,1,1,B01,8,1,5,40,14,9,1,5,4,5,7,4,4,1,3,5,1,16,1,68,3,10,1,1,7,11,1,4,2,5,,6,6,1,22,9,121.542861,25.04492017
111,12,5,23,10,2,03中山區,中山區市民大道3段與八德路2段300巷口,0,0,1,2,C03,8,1,5,40,14,9,1,5,4,5,7,4,4,1,3,5,1,16,1,23,2,9,1,1,7,9,1,10,2,11,,13,6,1,22,9,121.542861,25.04492017
111,12,5,23,25,2,12內湖區,內湖區舊宗路2段103號,0,0,2,1,B03,6,3,5,50,14,9,1,4,4,5,7,4,4,1,4,5,2,13,4,,4,11,3,4,7,15,7,19,11,15,,43,43,2,22,9,121.5747894,25.06865072
111,12,5,23,25,2,12內湖區,內湖區舊宗路2段103號,0,0,2,2,B01,6,3,5,50,14,9,1,4,4,5,7,4,4,1,4,5,2,13,1,54,2,2,1,1,7,14,1,4,1,3,,44,43,1,22,9,121.5747894,25.06865072
111,12,5,23,25,2,12內湖區,內湖區舊宗路2段103號,0,0,2,3,H02,6,3,5,50,14,9,1,4,4,5,7,4,4,1,4,5,2,13,1,32,2,2,1,5,7,21,8,20,1,16,,67,43,1,22,9,121.5747894,25.06865072
111,12,6,0,29,2,04大安區,大安區忠孝東路4段96號,0,0,3,1,B01,6,3,5,50,14,9,1,4,4,5,7,2,1,8,3,5,2,12,1,57,2,3,1,1,7,9,1,4,1,1,,23,17,1,22,9,121.5459796,25.04163094
111,12,6,0,29,2,04大安區,大安區忠孝東路4段96號,0,0,3,2,C03,6,3,5,50,14,9,1,4,4,5,7,2,1,8,3,5,2,12,1,26,2,9,1,1,7,14,1,10,1,13,,44,17,1,22,9,121.5459796,25.04163094
111,12,6,0,29,2,04大安區,大安區忠孝東路4段96號,0,0,3,3,H02,6,3,5,50,14,9,1,4,4,5,7,2,1,8,3,5,2,12,2,25,2,8,1,1,7,20,8,20,10,16,,67,17,1,22,9,121.5459796,25.04163094
111,12,6,1,40,2,05中正區,中正區羅斯福路3段與辛亥路1段口,0,0,1,1,C03,6,3,5,50,4,1,1,4,4,5,7,2,1,3,4,5,2,15,4,,4,11,3,4,7,15,7,19,11,15,,43,43,2,22,9,121.5293436,25.0194533
111,12,6,1,40,2,05中正區,中正區羅斯福路3段與辛亥路1段口,0,0,1,2,C03,6,3,5,50,4,1,1,4,4,5,7,2,1,3,4,5,2,15,1,18,2,9,1,1,7,9,1,10,1,11,,42,43,1,22,9,121.5293436,25.0194533
111,12,6,5,15,2,01大同區,大同區雙連街與萬全街口,0,0,1,1,C03,7,3,5,30,4,1,1,5,4,5,7,4,4,9,4,5,2,15,1,48,2,9,1,1,7,9,1,10,1,12,,6,6,1,22,9,121.5190376,25.0585391
111,12,6,5,15,2,01大同區,大同區雙連街與萬全街口,0,0,1,2,B02,7,3,5,30,4,1,1,5,4,5,7,4,4,9,4,5,2,15,1,42,3,10,1,1,7,9,1,8,1,1,,14,6,1,22,9,121.5190376,25.0585391
111,12,6,5,25,2,12內湖區,內湖區內湖路1段256號,0,0,1,1,B12,6,3,5,50,14,8,1,4,4,5,7,4,4,1,1,4,2,16,1,39,3,10,2,1,7,6,1,7,1,2,,9,9,1,22,9,121.5675219,25.08214127
111,12,6,5,25,2,12內湖區,內湖區內湖路1段256號,0,0,1,2,C03,6,3,5,50,14,8,1,4,4,5,7,4,4,1,1,4,2,16,1,30,2,9,1,1,7,9,1,10,1,11,,13,9,1,22,9,121.5675219,25.08214127
111,12,6,6,23,2,09北投區,北投區東華街1段與東陽街口,0,0,1,1,B12,8,2,5,50,4,1,1,5,4,5,7,2,1,5,4,4,2,3,1,60,3,10,1,1,7,5,1,8,2,8,,15,15,1,22,9,121.5174321,25.11224773
111,12,6,6,23,2,09北投區,北投區東華街1段與東陽街口,0,0,1,2,H01,8,2,5,50,4,1,1,5,4,5,7,2,1,5,4,4,2,3,1,82,2,9,4,5,8,16,8,20,1,16,,67,15,1,22,9,121.5174321,25.11224773
111,12,6,6,30,2,10文山區,文山區興隆路2段與辛亥路4段口,0,0,2,1,C03,6,1,5,50,4,1,1,4,4,5,7,1,1,1,4,5,2,15,2,31,2,9,1,1,7,9,1,10,1,14,,25,25,1,22,9,121.5545493,25.0007819
111,12,6,6,30,2,10文山區,文山區興隆路2段與辛亥路4段口,0,0,2,2,C03,6,1,5,50,4,1,1,4,4,5,7,1,1,1,4,5,2,15,1,22,2,9,1,1,7,9,1,10,1,11,,13,25,1,22,9,121.5545493,25.0007819
111,12,6,6,59,2,05中正區,中正區林森南路55號,0,0,1,1,C03,6,1,5,50,3,2,1,4,4,5,7,1,1,9,4,5,2,13,2,24,2,9,1,1,7,9,1,10,2,11,,23,23,1,22,9,121.5219465,25.04002874
111,12,6,6,59,2,05中正區,中正區林森南路55號,0,0,1,2,B01,6,1,5,50,3,2,1,4,4,5,7,1,1,9,4,5,2,13,2,46,3,10,1,1,7,12,1,4,2,3,,42,23,1,22,9,121.5219465,25.04002874
111,12,6,7,12,2,01大同區,大同區重慶北路3段與酒泉街口,0,0,1,1,B03,7,1,5,50,4,2,1,5,4,5,7,2,1,5,4,5,2,12,1,44,3,10,3,4,7,7,1,8,1,2,,44,44,1,22,9,121.5140313,25.0720399
111,12,6,7,12,2,01大同區,大同區重慶北路3段與酒泉街口,0,0,1,2,C03,7,1,5,50,4,2,1,5,4,5,7,2,1,5,4,5,2,12,2,51,2,9,1,4,7,7,1,10,1,14,,7,44,1,22,9,121.5140313,25.0720399
111,12,6,7,15,2,10文山區,文山區光輝路71巷與光輝路口,0,0,3,1,C03,7,1,5,30,14,9,2,5,4,5,7,4,4,5,5,5,2,17,2,46,2,9,1,4,7,9,1,10,2,11,,6,6,1,22,9,121.5565933,24.98493684
111,12,6,7,15,2,10文山區,文山區光輝路71巷與光輝路口,0,0,3,2,B03,7,1,5,30,14,9,2,5,4,5,7,4,4,5,5,5,2,17,1,48,3,10,3,4,7,9,1,8,2,2,,44,6,1,22,9,121.5565933,24.98493684
111,12,6,7,15,2,10文山區,文山區光輝路71巷與光輝路口,0,0,3,3,H02,7,1,5,30,14,9,2,5,4,5,7,4,4,5,5,5,2,17,2,17,2,9,1,5,7,17,8,20,10,16,,67,6,1,22,9,121.5565933,24.98493684
111,12,6,7,15,2,10文山區,文山區光輝路71巷與光輝路口,0,0,3,4,H02,7,1,5,30,14,9,2,5,4,5,7,4,4,5,5,5,2,17,1,12,2,9,1,5,7,17,8,20,10,16,,67,6,1,22,9,121.5565933,24.98493684
111,12,6,7,19,2,07信義區,信義區松德路269巷與松德路口,0,0,1,1,B03,7,1,5,30,3,1,1,4,4,5,7,4,4,5,5,4,2,17,1,46,3,10,1,1,7,5,1,8,1,8,,44,44,1,22,9,121.5745763,25.0329527
111,12,6,7,19,2,07信義區,信義區松德路269巷與松德路口,0,0,1,2,C03,7,1,5,30,3,1,1,4,4,5,7,4,4,5,5,4,2,17,1,42,2,8,1,1,7,4,1,10,1,14,,1,44,1,22,9,121.5745763,25.0329527
111,12,6,7,50,2,10文山區,文山區景文街42號與羅斯福路6段401巷口,0,0,1,1,C03,7,1,5,50,3,1,1,4,4,5,7,4,4,5,5,4,2,17,1,30,2,9,1,4,7,9,1,10,2,14,,4,4,1,22,9,121.5413365,24.9918154
111,12,6,7,50,2,10文山區,文山區景文街42號與羅斯福路6段401巷口,0,0,1,2,B02,7,1,5,50,3,1,1,4,4,5,7,4,4,5,5,4,2,17,1,33,3,10,1,4,7,5,1,8,2,4,,8,4,1,22,9,121.5413365,24.9918154
111,12,6,8,1,2,04大安區,大安區辛亥路2段與和平東路2段118巷口,0,0,1,1,B03,6,1,5,30,14,9,1,4,4,5,7,4,4,10,5,5,1,3,2,63,3,10,1,1,7,9,1,8,1,4,,23,23,1,2,1,121.5428405,25.02174729
111,12,6,8,1,2,04大安區,大安區辛亥路2段與和平東路2段118巷口,0,0,1,2,H01,6,1,5,30,14,9,1,4,4,5,7,4,4,10,5,5,1,3,2,45,2,9,4,1,8,16,8,20,1,16,,53,23,1,5,1,121.5428405,25.02174729
111,12,6,8,7,2,11南港區,南港區南港路2段與向陽路口,0,0,1,1,B12,6,1,5,50,5,2,1,4,4,5,7,1,1,8,3,5,2,12,4,,4,11,3,4,7,15,7,19,11,15,,43,43,2,22,9,121.5941698,25.0539923