發生年度,發生月,發生日,發生時-Hours,發生分,處理別-編號,區序,肇事地點,死亡人數,2-30日死亡人數,受傷人數,當事人序號,車種,天候,光線,道路類別,速限-速度限制,道路型態,事故位置,路面狀況1,路面狀況2,路面狀況3,道路障礙1,道路障礙2,號誌1,號誌2,車道劃分-分向,車道劃分-分道1,車道劃分-分道2,車道劃分-分道3,事故類型及型態,性別,年齡,受傷程度,主要傷處,安全帽,行動電話,車輛用途,當事者行動狀態,駕駛資格情形,駕駛執照種類,飲酒情形,車輛撞擊部位1,車輛撞擊部位2,肇因碼-個別,肇因碼-主要,個人肇逃否,職業,旅次目的,座標-X,座標-Y
111,12,6,8,7,2,11南港區,南港區南港路2段與向陽路口,0,0,1,2,C03,6,1,5,50,5,2,1,4,4,5,7,1,1,8,3,5,2,12,2,26,2,8,1,1,7,9,1,10,1,14,,44,43,1,22,9,121.5941698,25.0539923
111,12,6,8,10,2,10文山區,文山區和興路7號旁,0,0,1,2,B03,7,1,5,30,14,9,1,5,4,5,7,4,4,10,5,5,2,12,1,52,3,10,1,1,7,9,1,8,2,2,,23,42,1,22,9,121.5461484,24.9863333
111,12,6,8,10,2,10文山區,文山區和興路7號旁,0,0,1,1,C03,7,1,5,30,14,9,1,5,4,5,7,4,4,10,5,5,2,12,2,39,2,7,1,1,7,5,1,10,2,14,,8,42,1,22,9,121.5461484,24.9863333
111,12,6,8,15,2,05中正區,中正區青島東路4號與鎮江街口,0,0,1,1,B03,6,1,5,50,4,2,1,4,4,5,7,1,1,10,4,5,2,13,2,35,3,10,1,1,7,1,1,8,2,4,,19,19,1,22,9,121.521361,25.04400957
111,12,6,8,15,2,05中正區,中正區青島東路4號與鎮江街口,0,0,1,2,B03,6,1,5,50,4,2,1,4,4,5,7,1,1,10,4,5,2,13,1,37,3,10,1,1,7,9,1,8,2,2,,16,19,1,22,9,121.521361,25.04400957
111,12,6,8,15,2,05中正區,中正區青島東路4號與鎮江街口,0,0,1,3,C03,6,1,5,50,4,2,1,4,4,5,7,1,1,10,4,5,2,13,2,41,2,9,1,1,7,9,1,10,2,13,,44,19,1,22,9,121.521361,25.04400957
111,12,6,8,15,2,12內湖區,內湖區瑞光路與瑞光路235巷口,0,0,1,1,B03,6,1,5,50,4,1,1,4,4,5,7,1,1,5,4,5,2,12,1,51,3,10,1,1,7,6,1,8,1,2,,6,6,1,22,9,121.5781347,25.07444566
111,12,6,8,15,2,12內湖區,內湖區瑞光路與瑞光路235巷口,0,0,1,2,C03,6,1,5,50,4,1,1,4,4,5,7,1,1,5,4,5,2,12,1,48,2,8,1,1,7,9,1,10,1,11,,23,6,1,22,9,121.5781347,25.07444566
111,12,6,8,30,2,03中山區,中山區長春路與龍江路口,0,0,1,1,,7,1,5,50,4,2,1,4,4,5,7,1,1,5,4,5,2,16,4,,4,11,3,4,7,15,7,19,11,15,,43,43,2,22,9,121.5404757,25.05465521
111,12,6,8,30,2,03中山區,中山區長春路與龍江路口,0,0,1,2,C03,7,1,5,50,4,2,1,4,4,5,7,1,1,5,4,5,2,16,2,36,2,9,1,1,7,9,1,10,1,14,,43,43,1,22,9,121.5404757,25.05465521
111,12,6,8,30,2,03中山區,中山區長春路與龍江路口,0,0,1,3,B03,7,1,5,50,4,2,1,4,4,5,7,1,1,5,4,5,2,16,1,61,3,10,3,4,7,14,1,8,1,2,,43,43,1,22,9,121.5404757,25.05465521
111,12,6,8,35,2,03中山區,中山區民生東路2段147巷11弄與民生東路2段147巷口,0,0,1,1,B03,7,1,5,50,4,2,1,5,4,5,7,4,4,4,5,5,1,13,1,34,3,10,3,4,7,9,1,8,2,5,,23,16,1,22,9,121.5348783,25.060028
111,12,6,8,35,2,03中山區,中山區民生東路2段147巷11弄與民生東路2段147巷口,0,0,1,2,C03,7,1,5,50,4,2,1,5,4,5,7,4,4,4,5,5,1,13,2,34,2,9,1,4,7,9,1,10,2,13,,44,16,1,22,9,121.5348783,25.060028
111,12,6,8,40,2,06松山區,松山區延壽街331號,0,0,1,1,C03,7,1,5,50,14,9,1,4,4,5,7,4,4,8,3,5,2,18,2,60,2,9,1,1,7,9,1,10,1,14,,42,42,1,22,9,121.5602914,25.05663212
111,12,6,8,40,2,06松山區,松山區延壽街331號,0,0,1,2,,7,1,5,50,14,9,1,4,4,5,7,4,4,8,3,5,2,18,3,,,,,,,,,,,,,67,42,1,,,121.5602914,25.05663212
111,12,6,8,40,2,10文山區,文山區新光路2段動物園站2號出口,0,0,2,1,C03,8,1,5,50,14,9,1,5,4,5,7,4,4,4,3,5,2,12,2,24,2,8,1,1,7,10,1,10,1,14,,7,7,1,22,9,121.5792936,24.99806891
111,12,6,8,40,2,10文山區,文山區新光路2段動物園站2號出口,0,0,2,2,B03,8,1,5,50,14,9,1,5,4,5,7,4,4,4,3,5,2,12,1,55,2,7,1,1,7,9,1,8,1,5,,23,7,1,22,9,121.5792936,24.99806891
111,12,6,8,40,2,10文山區,文山區新光路2段動物園站2號出口,0,0,2,3,B03,8,1,5,50,14,9,1,5,4,5,7,4,4,4,3,5,2,12,1,34,3,10,1,1,7,14,1,8,1,15,,44,7,1,22,9,121.5792936,24.99806891
111,12,6,8,50,2,06松山區,松山區塔悠路55號,0,0,1,1,B03,6,1,5,50,14,9,1,4,4,5,7,2,1,1,4,5,2,12,2,37,3,10,1,1,7,8,1,8,1,5,,7,7,1,22,9,121.570821,25.05109677
111,12,6,8,50,2,06松山區,松山區塔悠路55號,0,0,1,2,C03,6,1,5,50,14,9,1,4,4,5,7,2,1,1,4,5,2,12,1,27,2,9,1,1,7,9,1,10,1,13,,44,7,1,22,9,121.570821,25.05109677
111,12,6,8,54,2,11南港區,南港區重陽路6號,0,0,2,1,C03,6,1,5,50,14,9,1,4,4,5,7,2,1,8,5,5,2,16,1,24,2,8,3,4,7,7,1,10,1,11,,7,7,1,22,9,121.5955358,25.05511232
111,12,6,8,54,2,11南港區,南港區重陽路6號,0,0,2,2,C03,6,1,5,50,14,9,1,4,4,5,7,2,1,8,5,5,2,16,2,46,2,9,3,4,7,9,1,10,1,12,,44,7,1,22,9,121.5955358,25.05511232
111,12,6,8,55,2,07信義區,信義區市民大道5段50號,0,0,1,1,C03,6,1,5,40,14,9,1,4,4,5,7,4,4,10,4,5,2,18,2,35,2,3,1,1,7,9,1,10,1,12,,44,44,1,22,9,121.5611928,25.04643797
111,12,6,8,55,2,07信義區,信義區市民大道5段50號,0,0,1,2,,6,1,5,40,14,9,1,4,4,5,7,4,4,10,4,5,2,18,3,,,,,,,,,,,,,67,44,1,,,121.5611928,25.04643797
111,12,6,9,0,2,03中山區,中山區明水路365號對面,0,0,2,1,C03,6,1,5,50,14,9,1,4,4,5,7,4,4,1,4,5,2,12,2,41,2,8,1,4,7,15,1,10,2,14,,43,42,1,22,9,121.5452451,25.07744099
111,12,6,9,0,2,03中山區,中山區明水路365號對面,0,0,2,2,C03,6,1,5,50,14,9,1,4,4,5,7,4,4,1,4,5,2,12,2,19,2,8,1,4,7,15,1,10,2,12,,43,42,1,22,9,121.5452451,25.07744099
111,12,6,9,5,2,09北投區,北投區石牌路2段75巷3號,0,0,1,1,B03,8,1,5,30,14,9,1,5,4,5,7,4,4,9,5,5,2,16,1,55,3,10,1,1,7,5,1,8,1,4,,8,8,1,22,9,121.4787115,25.13311751
111,12,6,9,5,2,09北投區,北投區石牌路2段75巷3號,0,0,1,2,C03,8,1,5,30,14,9,1,5,4,5,7,4,4,9,5,5,2,16,2,25,2,9,1,1,7,9,1,10,1,11,,23,8,1,22,9,121.4787115,25.13311751
111,12,6,9,5,2,07信義區,信義區松德路200巷53號旁,0,0,1,1,F01,7,1,8,30,15,20,4,4,4,5,7,4,4,10,5,5,2,29,2,28,2,9,1,1,7,6,8,20,1,16,,42,42,1,22,9,121.5728432,25.03474884
111,12,6,9,5,2,07信義區,信義區松德路200巷53號旁,0,0,1,2,,7,1,8,30,15,20,4,4,4,5,7,4,4,10,5,5,2,29,3,,,,,,,,,,,,,67,42,1,,,121.5728432,25.03474884
111,12,6,9,10,2,09北投區,北投區石牌路1段與承德路7段口,0,0,3,4,H02,8,1,5,50,4,1,1,2,4,5,7,1,1,5,4,5,2,17,2,45,2,9,1,5,7,20,8,20,10,16,,67,50,1,22,9,121.5093232,25.1125555
111,12,6,9,10,2,09北投區,北投區石牌路1段與承德路7段口,0,0,3,1,A02,8,1,5,50,4,1,1,2,4,5,7,1,1,5,4,5,2,17,1,52,3,10,1,1,7,9,1,2,1,10,,50,50,1,10,9,121.5093232,25.1125555
111,12,6,9,10,2,09北投區,北投區石牌路1段與承德路7段口,0,0,3,2,C03,8,1,5,50,4,1,1,2,4,5,7,1,1,5,4,5,2,17,1,24,2,9,1,1,7,5,1,10,1,12,,44,50,1,22,9,121.5093232,25.1125555
111,12,6,9,10,2,09北投區,北投區石牌路1段與承德路7段口,0,0,3,3,C03,8,1,5,50,4,1,1,2,4,5,7,1,1,5,4,5,2,17,1,44,2,9,1,1,7,5,1,9,1,14,,44,50,1,22,9,121.5093232,25.1125555
111,12,6,9,13,2,03中山區,中山區長安東路2段與松江路口,0,0,1,1,B01,7,1,5,50,4,1,1,5,4,5,7,1,1,1,3,5,1,17,1,48,3,10,3,4,7,6,1,8,11,15,,9,43,1,22,9,121.5331631,25.0484156
111,12,6,9,13,2,03中山區,中山區長安東路2段與松江路口,0,0,1,2,C03,7,1,5,50,4,1,1,5,4,5,7,1,1,1,3,5,1,17,2,28,2,9,3,4,7,9,1,10,1,14,,44,43,1,22,9,121.5331631,25.0484156
111,12,6,9,23,2,07信義區,信義區永吉路與松隆路口,0,0,1,1,B03,7,1,5,50,5,1,1,4,4,5,7,2,1,1,2,5,1,17,1,46,3,10,1,1,7,6,1,8,1,2,,9,9,1,22,9,121.5703903,25.045537
111,12,6,9,23,2,07信義區,信義區永吉路與松隆路口,0,0,1,2,C03,7,1,5,50,5,1,1,4,4,5,7,2,1,1,2,5,1,17,1,52,2,9,1,1,7,9,1,10,1,11,,42,9,1,22,9,121.5703903,25.045537
111,12,6,9,30,2,05中正區,中正區天津街與天津街11巷口,0,0,2,1,C03,7,1,5,50,3,2,1,5,4,5,7,4,4,9,4,5,2,16,1,67,2,9,1,1,7,5,6,18,2,14,,8,8,1,22,9,121.5223233,25.04757473
111,12,6,9,30,2,05中正區,中正區天津街與天津街11巷口,0,0,2,2,C04,7,1,5,50,3,2,1,5,4,5,7,4,4,9,4,5,2,16,1,26,2,9,1,1,7,9,1,8,2,11,,44,8,1,22,9,121.5223233,25.04757473
111,12,6,9,34,2,04大安區,大安區仁愛路4段376號,0,0,1,1,B12,6,1,5,50,14,9,1,4,4,5,7,1,1,1,5,5,1,17,1,46,3,10,1,1,7,1,1,8,2,7,,19,6,1,22,9,121.5558868,25.0375361
111,12,6,9,34,2,04大安區,大安區仁愛路4段376號,0,0,1,2,C03,6,1,5,50,14,9,1,4,4,5,7,1,1,1,5,5,1,17,1,40,2,9,1,1,7,9,1,10,2,14,,13,6,1,22,9,121.5558868,25.0375361
111,12,6,9,37,2,04大安區,大安區仁愛路4段與敦化南路1段口,0,0,1,1,B02,7,1,5,50,11,9,1,5,4,5,7,2,1,8,3,5,1,17,1,68,3,10,1,1,7,7,1,6,1,15,,7,7,1,21,3,121.5496301,25.03751648
111,12,6,9,37,2,04大安區,大安區仁愛路4段與敦化南路1段口,0,0,1,2,C03,7,1,5,50,11,9,1,5,4,5,7,2,1,8,3,5,1,17,2,37,2,9,1,1,7,12,1,10,1,14,,44,7,1,5,3,121.5496301,25.03751648
111,12,6,9,40,2,07信義區,信義區信安街198號,0,0,1,1,F01,7,1,5,30,14,9,1,4,4,3,5,4,4,9,4,5,2,16,2,24,2,8,1,1,7,9,8,20,1,16,,6,6,1,22,8,121.5551405,25.02282049
111,12,6,9,40,2,07信義區,信義區信安街198號,0,0,1,2,C01,7,1,5,30,14,9,1,4,4,3,5,4,4,9,4,5,2,16,1,52,3,10,1,1,7,9,1,9,1,11,,23,6,1,22,8,121.5551405,25.02282049
111,12,6,9,40,2,07信義區,信義區信安街198號,0,0,1,3,B12,7,1,5,30,14,9,1,4,4,3,5,4,4,9,4,5,2,16,1,26,3,10,1,1,7,14,1,4,9,3,,38,,1,22,8,121.5551405,25.02282049
111,12,6,9,41,2,10文山區,文山區木柵路1段與光輝路口,0,0,1,2,C03,8,1,5,50,14,9,2,5,4,5,7,1,1,5,4,5,2,17,1,67,2,9,1,1,7,9,1,10,11,14,,43,43,1,22,9,121.5550818,24.98816224
111,12,6,9,41,2,10文山區,文山區木柵路1段與光輝路口,0,0,1,1,B03,8,1,5,50,14,9,2,5,4,5,7,1,1,5,4,5,2,17,4,,4,11,3,4,7,15,7,19,11,15,,43,43,2,22,9,121.5550818,24.98816224
111,12,6,9,55,2,10文山區,文山區景福街與景福街230巷口,0,0,1,1,B03,8,1,5,30,3,1,1,5,4,5,7,3,1,9,5,5,2,16,1,42,3,10,1,1,7,6,1,8,2,2,,9,9,1,22,9,121.5390755,24.9937909
111,12,6,9,55,2,10文山區,文山區景福街與景福街230巷口,0,0,1,2,C03,8,1,5,30,3,1,1,5,4,5,7,3,1,9,5,5,2,16,1,57,2,8,1,1,7,9,1,10,2,14,,14,9,1,22,9,121.5390755,24.9937909
111,12,6,9,57,2,06松山區,松山區民生東路3段113巷25弄45號,0,0,1,1,B02,8,1,5,30,5,2,1,5,4,5,7,4,4,8,3,5,1,16,1,32,3,10,3,1,7,13,1,8,1,8,,40,40,1,22,9,121.5476075,25.05888266
111,12,6,9,57,2,06松山區,松山區民生東路3段113巷25弄45號,0,0,1,2,C03,8,1,5,30,5,2,1,5,4,5,7,4,4,8,3,5,1,16,1,44,2,9,3,1,7,9,1,10,1,14,,44,40,1,22,9,121.5476075,25.05888266
111,12,6,10,4,2,03中山區,中山區民族東路與松江路口,0,0,1,1,B03,8,1,5,50,3,1,1,5,4,5,7,4,4,1,4,5,2,16,1,47,3,10,3,4,7,6,1,8,1,2,,9,9,1,22,9,121.5329992,25.06814767
111,12,6,10,4,2,03中山區,中山區民族東路與松江路口,0,0,1,2,C03,8,1,5,50,3,1,1,5,4,5,7,4,4,1,4,5,2,16,1,50,2,9,1,1,7,9,1,10,1,14,,13,9,1,22,9,121.5329992,25.06814767
111,12,6,10,9,2,04大安區,大安區信義路3段186號,0,0,1,1,B03,7,1,5,50,14,9,1,5,4,5,7,4,4,1,5,5,2,17,1,37,3,10,1,1,7,14,1,8,2,2,,38,44,1,22,9,121.5427348,25.03329379
111,12,6,10,9,2,04大安區,大安區信義路3段186號,0,0,1,2,C03,7,1,5,50,14,9,1,5,4,5,7,4,4,1,5,5,2,17,1,27,2,9,1,1,7,9,1,10,2,14,,44,44,1,22,9,121.5427348,25.03329379
111,12,6,10,9,2,04大安區,大安區信義路3段186號,0,0,1,3,H02,7,1,5,50,14,9,1,5,4,5,7,4,4,1,5,5,2,17,2,6,3,10,4,5,7,19,8,20,10,16,,56,44,1,22,9,121.5427348,25.03329379
111,12,6,10,34,2,01大同區,大同區長安西路與太原路口,0,0,1,1,B03,8,1,5,50,14,11,1,5,4,5,7,1,1,7,4,5,2,16,1,32,3,10,3,4,7,6,1,8,2,5,,9,9,1,22,9,121.515317,25.0513959
111,12,6,10,34,2,01大同區,大同區長安西路與太原路口,0,0,1,2,C03,8,1,5,50,14,11,1,5,4,5,7,1,1,7,4,5,2,16,1,65,2,9,1,4,7,9,1,10,2,14,,23,9,1,22,9,121.515317,25.0513959
111,12,6,10,34,2,03中山區,中山區錦州街38號,0,0,2,1,H01,7,1,5,50,14,9,1,5,4,5,7,4,4,5,5,5,2,3,1,49,2,9,4,5,8,20,8,20,10,16,,51,51,1,22,9,121.5253418,25.0603429
111,12,6,10,34,2,03中山區,中山區錦州街38號,0,0,2,2,C03,7,1,5,50,14,9,1,5,4,5,7,4,4,5,5,5,2,3,1,45,2,9,1,1,7,9,1,10,1,11,,23,51,1,22,9,121.5253418,25.0603429
111,12,6,10,35,2,07信義區,信義區永吉路與虎林街口,0,0,1,1,F01,7,1,5,50,4,2,1,5,4,5,7,2,1,1,4,5,2,16,1,75,2,9,1,1,7,9,8,20,1,16,,43,6,1,22,9,121.5770249,25.0455211
111,12,6,10,35,2,07信義區,信義區永吉路與虎林街口,0,0,1,2,B01,7,1,5,50,4,2,1,5,4,5,7,2,1,1,4,5,2,16,1,65,3,10,1,1,7,9,1,4,1,15,,43,6,1,22,9,121.5770249,25.0455211
111,12,6,11,30,2,04大安區,大安區市民大道4段248號,0,0,1,1,B11,8,1,5,40,14,9,1,5,4,5,7,4,4,1,4,5,2,13,1,29,3,10,1,1,7,9,1,4,1,1,,16,,1,22,9,121.5573345,25.0448819
111,12,6,11,30,2,04大安區,大安區市民大道4段248號,0,0,1,2,B03,8,1,5,40,14,9,1,5,4,5,7,4,4,1,4,5,2,13,2,32,2,2,1,1,7,9,1,8,1,3,,44,,1,22,9,121.5573345,25.0448819
111,12,6,11,30,2,05中正區,中正區公園路與貴陽街1段口,0,0,1,1,C03,8,1,5,50,4,1,1,5,4,5,7,1,1,8,4,5,2,12,1,29,3,10,1,1,7,7,1,10,1,14,,7,7,1,22,9,121.5152497,25.03853861
111,12,6,11,30,2,05中正區,中正區公園路與貴陽街1段口,0,0,1,2,C03,8,1,5,50,4,1,1,5,4,5,7,1,1,8,4,5,2,12,2,23,2,8,1,1,7,9,1,10,1,12,,44,7,1,22,9,121.5152497,25.03853861
111,12,6,12,25,2,07信義區,信義區虎林街202巷36號與虎林街212巷口,0,0,1,1,B03,7,1,5,30,4,1,1,5,4,5,7,4,4,10,5,5,2,15,1,34,3,10,1,1,7,9,1,8,1,1,,23,23,1,22,9,121.5763947,25.0378886
111,12,6,12,25,2,07信義區,信義區虎林街202巷36號與虎林街212巷口,0,0,1,2,C03,7,1,5,30,4,1,1,5,4,5,7,4,4,10,5,5,2,15,2,38,2,9,1,1,7,9,1,10,1,14,,6,23,1,22,9,121.5763947,25.0378886
111,12,6,12,30,2,03中山區,中山區遼寧街209巷與遼寧街口,0,0,1,1,H01,7,1,5,30,4,1,1,5,4,5,7,4,4,9,4,5,2,3,2,77,2,1,4,5,8,16,8,20,10,16,,51,67,1,22,9,121.5421168,25.05504326
111,12,6,12,30,2,03中山區,中山區遼寧街209巷與遼寧街口,0,0,1,2,C03,7,1,5,30,4,1,1,5,4,5,7,4,4,9,4,5,2,3,1,26,3,10,3,4,7,9,1,10,1,12,,15,67,1,22,9,121.5421168,25.05504326
111,12,6,13,5,2,10文山區,文山區興隆路1段與興隆路1段202巷口,0,0,2,1,F01,8,1,5,50,3,1,1,5,4,5,7,4,4,1,4,5,2,16,1,64,2,9,1,1,7,5,8,20,2,16,,8,8,1,22,9,121.5435279,25.0002655
111,12,6,13,5,2,10文山區,文山區興隆路1段與興隆路1段202巷口,0,0,2,2,C03,8,1,5,50,3,1,1,5,4,5,7,4,4,1,4,5,2,16,1,41,2,9,1,1,7,9,1,10,2,11,,14,8,1,22,9,121.5435279,25.0002655
111,12,6,13,20,2,11南港區,南港區忠孝東路7段與興中路口,0,0,1,1,B03,6,1,5,50,3,2,1,4,4,5,7,2,1,3,3,5,2,16,1,41,3,10,3,4,7,6,3,18,1,5,,6,6,1,22,9,121.6089602,25.0524809
111,12,6,13,20,2,11南港區,南港區忠孝東路7段與興中路口,0,0,1,2,C03,6,1,5,50,3,2,1,4,4,5,7,2,1,3,3,5,2,16,2,42,2,9,3,4,7,9,4,11,1,14,,44,6,1,22,9,121.6089602,25.0524809
111,12,6,13,25,2,03中山區,中山區北安路與明水路口往東,0,0,1,1,C03,8,1,5,50,14,9,1,5,4,5,7,4,4,1,4,5,2,16,1,18,2,9,1,4,7,9,1,10,1,12,,42,43,1,22,9,121.5522129,25.085832
111,12,6,13,25,2,03中山區,中山區北安路與明水路口往東,0,0,1,2,B03,8,1,5,50,14,9,1,5,4,5,7,4,4,1,4,5,2,16,1,63,3,10,3,4,7,9,1,8,1,6,,44,43,1,22,9,121.5522129,25.085832
111,12,6,13,31,2,04大安區,大安區市民大道3段與八德路2段口,0,0,1,1,B03,8,1,5,40,5,1,1,5,4,5,7,1,1,8,3,5,2,13,2,28,3,10,1,1,7,6,1,8,1,6,,6,6,1,22,9,121.5342082,25.0449443
111,12,6,13,31,2,04大安區,大安區市民大道3段與八德路2段口,0,0,1,2,C03,8,1,5,40,5,1,1,5,4,5,7,1,1,8,3,5,2,13,1,43,2,9,1,1,7,9,1,10,1,14,,13,6,1,22,9,121.5342082,25.0449443
111,12,6,13,46,2,07信義區,信義區莊敬路376號與吳興街269巷口,0,0,1,1,C03,7,1,5,30,3,2,1,5,4,5,7,4,4,10,5,5,2,12,1,53,2,7,1,1,7,9,1,10,1,12,,42,17,1,22,9,121.5650509,25.0275286
111,12,6,13,46,2,07信義區,信義區莊敬路376號與吳興街269巷口,0,0,1,2,C03,7,1,5,30,3,2,1,5,4,5,7,4,4,10,5,5,2,12,1,38,3,10,1,1,7,9,1,10,1,14,,42,17,1,22,9,121.5650509,25.0275286
111,12,6,13,55,2,09北投區,北投區中央北路4段與學園路口,0,0,2,1,C03,7,1,5,50,3,1,1,5,4,5,7,1,1,4,4,5,2,13,2,19,2,8,1,1,7,9,1,10,1,11,,16,23,1,22,9,121.465976,25.1266012
111,12,6,13,55,2,09北投區,北投區中央北路4段與學園路口,0,0,2,2,C03,7,1,5,50,3,1,1,5,4,5,7,1,1,4,4,5,2,13,1,20,2,8,1,1,7,5,1,10,1,13,,44,23,1,22,9,121.465976,25.1266012
111,12,6,14,39,2,04大安區,大安區新生南路1段3號(台北科技大學側門),0,0,1,1,A12,7,1,5,50,14,9,1,5,4,5,7,4,4,9,4,5,2,16,1,52,3,10,1,1,7,8,1,7,2,5,,7,7,1,22,9,121.5330039,25.04313844
111,12,6,14,39,2,04大安區,大安區新生南路1段3號(台北科技大學側門),0,0,1,2,C03,7,1,5,50,14,9,1,5,4,5,7,4,4,9,4,5,2,16,1,61,2,9,1,1,7,9,1,10,2,14,,44,7,1,22,9,121.5330039,25.04313844
111,12,6,14,47,2,03中山區,中山區南京西路23巷1-3號,0,0,2,1,C03,7,1,5,30,14,9,1,5,4,5,7,4,4,10,5,5,2,2,1,23,2,8,3,4,7,9,1,10,1,11,,23,14,1,22,9,121.5205701,25.0533581
111,12,6,14,47,2,03中山區,中山區南京西路23巷1-3號,0,0,2,2,H01,7,1,5,30,14,9,1,5,4,5,7,4,4,10,5,5,2,2,1,30,2,9,4,5,8,16,8,20,10,16,,51,14,1,22,9,121.5205701,25.0533581
111,12,6,14,47,2,04大安區,大安區仁愛路3段123巷13弄與復興南路1段口,0,0,1,1,B02,7,1,5,50,4,1,1,5,4,5,7,2,1,10,5,5,2,16,1,27,3,10,3,4,7,5,1,8,1,1,,6,6,1,22,9,121.5436627,25.0398217
111,12,6,14,47,2,04大安區,大安區仁愛路3段123巷13弄與復興南路1段口,0,0,1,2,C03,7,1,5,50,4,1,1,5,4,5,7,2,1,10,5,5,2,16,1,57,2,9,1,4,7,9,1,10,1,14,,44,6,1,22,9,121.5436627,25.0398217
111,12,6,14,48,2,12內湖區,內湖區南京東路6段與南京東路6段368巷口,0,0,1,1,B03,8,1,5,50,4,2,1,5,4,5,7,2,1,5,5,5,2,17,1,63,3,10,1,1,7,9,1,8,2,15,,25,25,1,22,9,121.5863109,25.0595743
111,12,6,14,48,2,12內湖區,內湖區南京東路6段與南京東路6段368巷口,0,0,1,2,C04,8,1,5,50,4,2,1,5,4,5,7,2,1,5,5,5,2,17,2,51,2,9,1,1,7,9,1,10,2,14,,44,25,1,22,9,121.5863109,25.0595743
111,12,6,15,15,2,12內湖區,內湖區成美橋往南港方向,0,0,1,1,C03,8,1,5,50,8,9,1,5,4,5,7,4,4,4,4,5,1,13,1,72,2,1,3,4,7,9,1,10,1,11,,16,16,1,22,9,121.5830502,25.0529928
111,12,6,15,15,2,12內湖區,內湖區成美橋往南港方向,0,0,1,2,B03,8,1,5,50,8,9,1,5,4,5,7,4,4,4,4,5,1,13,1,63,3,10,3,4,7,14,1,8,1,3,,44,16,1,22,9,121.5830502,25.0529928
111,12,6,15,52,2,02萬華區,萬華區青年路64號,0,0,1,1,B01,7,1,5,30,14,9,1,5,4,5,7,2,3,10,5,5,1,12,1,67,3,10,1,4,7,11,1,4,1,8,,10,10,1,22,9,121.502823,25.02417705
111,12,6,15,52,2,02萬華區,萬華區青年路64號,0,0,1,2,C03,7,1,5,30,14,9,1,5,4,5,7,2,3,10,5,5,1,12,2,61,2,9,1,4,7,9,3,18,1,11,,42,10,1,22,9,121.502823,25.02417705
111,12,6,15,54,2,04大安區,大安區潮州街114號,0,0,1,1,C03,7,1,5,30,14,9,1,5,4,5,7,4,4,10,5,5,2,9,1,56,3,10,1,4,7,15,1,10,1,11,,23,44,1,22,9,121.526761,25.028907
111,12,6,15,54,2,04大安區,大安區潮州街114號,0,0,1,2,H01,7,1,5,30,14,9,1,5,4,5,7,4,4,10,5,5,2,9,2,78,2,9,4,5,8,16,8,20,10,16,,67,44,1,22,9,121.526761,25.028907
111,12,6,16,6,2,03中山區,中山區北安路621巷與大直街101巷口,0,0,1,1,C03,7,1,5,30,4,1,1,5,4,5,7,4,4,10,5,5,2,15,1,22,2,7,3,4,7,9,1,10,1,11,,6,6,1,22,9,121.5476464,25.0829623
111,12,6,16,6,2,03中山區,中山區北安路621巷與大直街101巷口,0,0,1,2,B03,7,1,5,30,4,1,1,5,4,5,7,4,4,10,5,5,2,15,1,52,3,10,3,4,7,9,1,8,1,8,,14,6,1,22,9,121.5476464,25.0829623
111,12,6,16,8,2,01大同區,大同區延平北路2段與保安街口,0,0,1,1,,8,1,5,50,14,9,1,5,4,5,7,1,1,9,5,5,2,18,3,,,,,,,,,,,,,67,67,1,,,121.5115229,25.05892704
111,12,6,16,8,2,01大同區,大同區延平北路2段與保安街口,0,0,1,2,C03,8,1,5,50,14,9,1,5,4,5,7,1,1,9,5,5,2,18,1,75,2,3,1,1,7,6,1,10,2,12,,42,67,1,22,9,121.5115229,25.05892704
111,12,6,16,10,2,08士林區,士林區通河西街2段堤外便道,0,0,1,1,C03,7,1,5,30,14,9,1,5,4,5,7,4,4,7,5,5,2,10,1,18,2,9,1,4,7,9,1,10,1,11,,3,3,1,22,9,121.5117477,25.09020019
111,12,6,16,10,2,08士林區,士林區通河西街2段堤外便道,0,0,1,2,B03,7,1,5,30,14,9,1,5,4,5,7,4,4,7,5,5,2,10,1,23,3,10,3,4,7,9,1,8,1,8,,13,3,1,22,9,121.5117477,25.09020019
111,12,6,16,20,2,08士林區,士林區基河路與福德路口,0,0,1,1,C03,8,1,5,50,3,2,1,5,4,5,7,2,1,10,4,5,1,13,1,40,3,10,1,1,7,9,1,10,1,11,,16,23,1,22,9,121.5209116,25.0921773
111,12,6,16,20,2,08士林區,士林區基河路與福德路口,0,0,1,2,C03,8,1,5,50,3,2,1,5,4,5,7,2,1,10,4,5,1,13,2,34,2,9,1,1,7,11,1,10,1,13,,44,23,1,22,9,121.5209116,25.0921773
111,12,6,16,32,2,12內湖區,內湖區港墘路與港墘路82巷口,0,0,1,1,B03,6,1,5,50,4,2,1,4,4,5,7,2,1,9,4,5,1,16,2,47,3,10,1,1,7,5,1,8,1,5,,8,8,1,22,9,121.5777609,25.08078312
111,12,6,16,32,2,12內湖區,內湖區港墘路與港墘路82巷口,0,0,1,2,C03,6,1,5,50,4,2,1,4,4,5,7,2,1,9,4,5,1,16,2,19,2,9,1,1,7,9,1,10,1,14,,25,8,1,22,9,121.5777609,25.08078312