發生年度,發生月,發生日,發生時-Hours,發生分,處理別-編號,區序,肇事地點,死亡人數,2-30日死亡人數,受傷人數,當事人序號,車種,天候,光線,道路類別,速限-速度限制,道路型態,事故位置,路面狀況1,路面狀況2,路面狀況3,道路障礙1,道路障礙2,號誌1,號誌2,車道劃分-分向,車道劃分-分道1,車道劃分-分道2,車道劃分-分道3,事故類型及型態,性別,年齡,受傷程度,主要傷處,安全帽,行動電話,車輛用途,當事者行動狀態,駕駛資格情形,駕駛執照種類,飲酒情形,車輛撞擊部位1,車輛撞擊部位2,肇因碼-個別,肇因碼-主要,個人肇逃否,職業,旅次目的,座標-X,座標-Y
111,12,6,16,37,2,05中正區,中正區和平西路1段與南昌路2段口,0,0,1,1,B01,8,1,5,50,4,1,1,5,4,5,7,2,1,3,4,5,2,3,1,67,4,11,3,4,7,15,7,19,11,15,,15,43,2,22,9,121.5212654,25.0267209
111,12,6,16,37,2,05中正區,中正區和平西路1段與南昌路2段口,0,0,1,2,H01,8,1,5,50,4,1,1,5,4,5,7,2,1,3,4,5,2,3,1,21,2,7,4,5,8,16,8,20,10,16,,67,43,1,22,9,121.5212654,25.0267209
111,12,6,16,40,2,03中山區,中山區遼寧街139號,0,0,2,1,B03,7,3,5,50,14,9,1,5,4,5,7,4,4,9,5,5,2,16,2,33,3,10,3,4,7,1,1,8,1,8,,19,6,1,22,9,121.5420669,25.0522536
111,12,6,16,40,2,03中山區,中山區遼寧街139號,0,0,2,2,C04,7,3,5,50,14,9,1,5,4,5,7,4,4,9,5,5,2,16,2,43,2,8,3,4,7,9,1,10,1,12,,44,6,1,22,9,121.5420669,25.0522536
111,12,6,16,40,2,03中山區,中山區遼寧街139號,0,0,2,3,H02,7,3,5,50,14,9,1,5,4,5,7,4,4,9,5,5,2,16,2,43,2,8,3,5,7,17,8,20,10,16,,67,6,1,22,9,121.5420669,25.0522536
111,12,6,16,45,2,05中正區,中正區重慶南路3段與汀州路2段口,0,0,1,1,B03,8,2,5,30,4,1,1,5,4,5,7,1,1,3,4,5,2,12,1,48,4,11,3,4,7,15,7,19,11,15,,44,43,2,22,9,121.5163874,25.0258426
111,12,6,16,45,2,05中正區,中正區重慶南路3段與汀州路2段口,0,0,1,2,C03,8,2,5,30,4,1,1,5,4,5,7,1,1,3,4,5,2,12,2,34,2,9,1,1,7,7,1,10,1,14,12,23,43,1,22,9,121.5163874,25.0258426
111,12,6,16,45,2,05中正區,中正區重慶南路3段與汀州路2段口,0,0,1,3,B03,8,2,5,30,4,1,1,5,4,5,7,1,1,3,4,5,2,12,2,54,3,10,1,1,7,6,1,8,1,7,,44,43,1,22,9,121.5163874,25.0258426
111,12,6,16,46,2,08士林區,士林區中正路258號,0,0,1,1,C03,8,1,5,50,14,9,1,5,4,5,7,1,1,3,4,5,2,17,2,19,2,9,1,1,7,7,1,10,1,14,,7,7,1,22,9,121.5246392,25.09506184
111,12,6,16,46,2,08士林區,士林區中正路258號,0,0,1,2,A02,8,1,5,50,14,9,1,5,4,5,7,1,1,3,4,5,2,17,1,52,3,10,2,1,7,9,1,2,1,5,,44,7,1,22,9,121.5246392,25.09506184
111,12,6,16,46,2,08士林區,士林區中正路258號,0,0,1,3,B03,8,1,5,50,14,9,1,5,4,5,7,1,1,3,4,5,2,17,1,55,3,10,1,1,7,9,1,8,1,4,,44,7,1,22,9,121.5246392,25.09506184
111,12,6,17,10,2,12內湖區,內湖區新湖一路與新湖一路339巷口,0,0,1,1,B03,6,3,5,30,4,1,1,4,4,5,7,2,1,5,5,5,1,2,1,38,3,10,1,1,7,5,1,8,1,1,,15,8,1,22,9,121.5839803,25.06343341
111,12,6,17,10,2,12內湖區,內湖區新湖一路與新湖一路339巷口,0,0,1,2,H01,6,3,5,30,4,1,1,4,4,5,7,2,1,5,5,5,1,2,1,64,2,9,4,5,8,16,8,20,10,16,,67,8,1,22,9,121.5839803,25.06343341
111,12,6,17,30,2,08士林區,士林區社子街與社子街22巷口,0,0,1,1,C03,7,3,5,50,4,1,1,5,4,5,7,4,4,9,5,5,2,17,1,20,2,8,1,1,7,9,1,10,1,14,,14,14,1,22,9,121.5082981,25.08763424
111,12,6,17,30,2,08士林區,士林區社子街與社子街22巷口,0,0,1,2,C03,7,3,5,50,4,1,1,5,4,5,7,4,4,9,5,5,2,17,1,40,3,10,1,1,7,9,1,10,1,11,,6,14,1,22,9,121.5082981,25.08763424
111,12,6,17,45,2,11南港區,南港區經貿二路235巷與經貿二路157巷36弄口,0,0,1,1,B03,6,3,5,50,4,2,1,4,4,5,7,2,1,5,4,5,2,3,1,42,3,10,1,1,7,5,1,8,2,1,,15,42,1,22,9,121.6152798,25.0612955
111,12,6,17,45,2,11南港區,南港區經貿二路235巷與經貿二路157巷36弄口,0,0,1,2,H01,6,3,5,50,4,2,1,4,4,5,7,2,1,5,4,5,2,3,2,57,2,9,4,5,8,16,8,20,10,16,,67,42,1,22,9,121.6152798,25.0612955
111,12,6,17,48,2,05中正區,中正區泉州街131-2號,0,0,2,1,G01,8,3,5,30,14,9,1,5,4,3,7,4,4,10,5,5,2,11,1,70,3,10,4,1,7,9,1,10,1,15,,17,17,1,22,9,121.5134238,25.0251347
111,12,6,17,48,2,05中正區,中正區泉州街131-2號,0,0,2,2,C03,8,3,5,30,14,9,1,5,4,3,7,4,4,10,5,5,2,11,1,54,2,9,1,1,7,9,1,10,1,14,,17,17,1,22,9,121.5134238,25.0251347
111,12,6,17,48,2,05中正區,中正區泉州街131-2號,0,0,2,3,H02,8,3,5,30,14,9,1,5,4,3,7,4,4,10,5,5,2,11,2,76,2,8,4,5,7,20,8,20,10,16,,67,17,1,22,9,121.5134238,25.0251347
111,12,6,17,50,2,12內湖區,內湖區內湖路1段360巷8號,0,0,1,1,B03,8,3,5,50,14,9,1,5,4,5,7,4,4,5,5,5,2,17,1,36,3,10,1,1,7,1,1,8,1,5,,19,19,1,22,9,121.5704762,25.08076585
111,12,6,17,50,2,12內湖區,內湖區內湖路1段360巷8號,0,0,1,2,C03,8,3,5,50,14,9,1,5,4,5,7,4,4,5,5,5,2,17,1,26,2,8,1,1,7,9,1,10,1,14,,44,19,1,22,9,121.5704762,25.08076585
111,12,6,17,50,2,11南港區,南港區松河街與中坡北路口,0,0,1,1,C03,6,3,5,40,5,2,1,4,4,5,7,4,4,8,4,5,2,13,1,80,2,8,1,1,7,9,6,10,1,11,,23,23,1,22,9,121.5795687,25.0520795
111,12,6,17,50,2,11南港區,南港區松河街與中坡北路口,0,0,1,2,C03,6,3,5,40,5,2,1,4,4,5,7,4,4,8,4,5,2,13,1,37,3,10,1,1,7,14,3,18,1,13,,44,23,1,22,9,121.5795687,25.0520795
111,12,6,17,55,2,07信義區,信義區中坡南路98巷與忠孝東路5段790巷47弄口,0,0,1,1,C03,8,3,5,30,3,1,1,5,4,5,7,4,4,9,4,5,2,17,2,28,2,9,3,4,7,5,1,10,1,11,,6,6,1,22,9,121.5845831,25.04159737
111,12,6,17,55,2,07信義區,信義區中坡南路98巷與忠孝東路5段790巷47弄口,0,0,1,2,C03,8,3,5,30,3,1,1,5,4,5,7,4,4,9,4,5,2,17,1,60,4,11,3,4,7,15,7,19,11,15,,42,6,2,22,9,121.5845831,25.04159737
111,12,6,18,5,2,01大同區,大同區民生西路與萬全街40巷口,0,0,1,1,H01,8,3,5,50,14,9,1,5,4,5,7,4,4,10,5,5,2,3,1,65,2,8,4,5,8,16,8,20,1,16,,51,51,1,22,9,121.5202519,25.05772696
111,12,6,18,5,2,01大同區,大同區民生西路與萬全街40巷口,0,0,1,2,B12,8,3,5,50,14,9,1,5,4,5,7,4,4,10,5,5,2,3,1,48,3,10,1,1,7,6,1,8,1,6,,23,51,1,22,9,121.5202519,25.05772696
111,12,6,18,5,2,07信義區,信義區松廉路,0,0,2,1,B03,8,3,5,50,14,9,1,5,4,5,7,4,4,9,4,5,2,16,1,24,2,8,1,1,7,9,1,8,1,5,,23,23,1,22,9,121.56725,25.0339539
111,12,6,18,5,2,07信義區,信義區松廉路,0,0,2,2,B03,8,3,5,50,14,9,1,5,4,5,7,4,4,9,4,5,2,16,1,52,2,8,1,1,7,13,1,8,1,7,,38,23,1,22,9,121.56725,25.0339539
111,12,6,18,10,2,12內湖區,內湖區金湖路2號前,0,0,1,1,C03,6,3,5,50,14,9,1,4,4,5,7,1,1,1,4,5,2,17,1,40,2,6,1,1,7,14,1,10,1,14,,42,42,1,22,9,121.5954475,25.08385951
111,12,6,18,10,2,12內湖區,內湖區金湖路2號前,0,0,1,2,B03,6,3,5,50,14,9,1,4,4,5,7,1,1,1,4,5,2,17,1,46,3,10,1,1,7,14,1,8,1,6,,44,42,1,22,9,121.5954475,25.08385951
111,12,6,18,10,2,12內湖區,內湖區民權東路6段17號,0,0,1,1,A04,7,3,5,40,14,8,1,5,4,5,7,4,4,1,4,4,1,11,1,58,3,10,1,1,7,9,1,2,1,2,,17,17,1,22,9,121.5810258,25.06777727
111,12,6,18,10,2,12內湖區,內湖區民權東路6段17號,0,0,1,2,C03,7,3,5,40,14,8,1,5,4,5,7,4,4,1,4,4,1,11,2,51,2,8,1,1,7,9,1,10,1,14,,44,17,1,22,9,121.5810258,25.06777727
111,12,6,18,14,2,06松山區,松山區三民路與富錦街口,0,0,1,1,B01,8,3,5,50,4,1,1,5,4,5,7,2,1,3,4,5,2,11,1,51,3,10,3,4,7,5,1,4,1,6,,8,8,1,22,9,121.5631947,25.06091805
111,12,6,18,14,2,06松山區,松山區三民路與富錦街口,0,0,1,2,C03,8,3,5,50,4,1,1,5,4,5,7,2,1,3,4,5,2,11,1,28,2,9,1,4,7,9,1,10,1,12,,23,8,1,22,9,121.5631947,25.06091805
111,12,6,18,15,2,08士林區,士林區中山北路4段新生高架往南5號燈桿,0,0,1,1,C02,7,3,5,40,14,9,1,5,4,5,7,4,4,10,4,5,1,13,1,27,2,9,1,1,7,9,1,9,1,11,,23,23,1,22,9,121.5250372,25.07735818
111,12,6,18,15,2,08士林區,士林區中山北路4段新生高架往南5號燈桿,0,0,1,2,B01,7,3,5,40,14,9,1,5,4,5,7,4,4,10,4,5,1,13,1,46,3,10,1,1,7,14,1,3,1,3,,44,23,1,22,9,121.5250372,25.07735818
111,12,6,18,20,2,10文山區,文山區木柵路1段292號,0,0,1,1,B03,8,3,5,50,14,9,1,5,4,5,7,1,1,4,4,5,2,16,2,41,3,10,1,1,7,11,1,8,1,8,,26,26,1,22,9,121.5562482,24.9884119
111,12,6,18,20,2,10文山區,文山區木柵路1段292號,0,0,1,2,C03,8,3,5,50,14,9,1,5,4,5,7,1,1,4,4,5,2,16,2,19,2,9,1,1,7,9,1,10,1,11,,44,26,1,22,9,121.5562482,24.9884119
111,12,6,18,20,2,12內湖區,內湖區石潭路151號前,0,0,1,1,B03,7,3,5,50,14,9,1,5,4,5,7,4,4,5,4,5,2,12,1,51,3,10,1,1,7,8,1,8,1,6,,7,7,1,22,9,121.5892034,25.06316895
111,12,6,18,20,2,12內湖區,內湖區石潭路151號前,0,0,1,2,C03,7,3,5,50,14,9,1,5,4,5,7,4,4,5,4,5,2,12,2,25,2,9,1,1,7,9,1,10,1,14,,44,7,1,22,9,121.5892034,25.06316895
111,12,6,18,40,1,05中正區,中正區市民大道1段往東(M1出口附近),1,0,1,1,C03,7,3,5,40,14,9,1,5,4,5,7,4,4,10,4,5,2,3,1,23,2,9,1,1,7,9,1,10,2,11,,23,23,1,22,9,121.5181867,25.04837847
111,12,6,18,40,1,05中正區,中正區市民大道1段往東(M1出口附近),1,0,1,2,H01,7,3,5,40,14,9,1,5,4,5,7,4,4,10,4,5,2,3,1,65,1,9,4,5,8,16,8,20,10,16,,51,23,1,22,9,121.5181867,25.04837847
111,12,6,18,46,2,07信義區,信義區林口街與松山路541巷口口,0,0,1,1,C03,8,3,5,30,4,1,1,5,4,5,7,4,4,9,5,5,2,9,1,69,3,10,1,1,7,9,1,10,2,12,,23,23,1,21,8,121.5792849,25.03791707
111,12,6,18,46,2,07信義區,信義區林口街與松山路541巷口口,0,0,1,2,H01,8,3,5,30,4,1,1,5,4,5,7,4,4,9,5,5,2,9,2,67,2,9,4,5,8,16,8,20,10,16,,51,23,1,21,8,121.5792849,25.03791707
111,12,6,19,0,2,07信義區,信義區松山路與松德路口口,0,0,1,1,B01,7,3,5,50,5,1,1,5,4,5,7,2,1,1,4,4,1,16,1,54,3,10,1,1,7,5,1,4,1,1,,25,25,1,22,9,121.5778182,25.0395841
111,12,6,19,0,2,07信義區,信義區松山路與松德路口口,0,0,1,2,C03,7,3,5,50,5,1,1,5,4,5,7,2,1,1,4,4,1,16,2,28,2,8,1,1,7,9,1,10,1,12,,44,25,1,22,9,121.5778182,25.0395841
111,12,6,19,1,2,06松山區,松山區南京東路5段25號,0,0,1,1,C03,7,3,5,50,14,9,1,5,3,5,7,2,1,1,4,5,2,18,2,23,2,9,1,4,7,9,1,10,1,11,,23,42,1,22,9,121.5580225,25.05171678
111,12,6,19,1,2,06松山區,松山區南京東路5段25號,0,0,1,2,,7,3,5,50,14,9,1,5,3,5,7,2,1,1,4,5,2,18,3,,,,,,,,,,,,,61,42,1,,,121.5580225,25.05171678
111,12,6,19,5,2,05中正區,中正區羅斯福路3段與辛亥路1段口,0,0,1,1,B03,8,3,5,50,4,1,1,5,4,5,7,1,1,3,4,5,2,12,2,28,3,10,1,1,7,6,1,8,1,5,,9,9,1,22,9,121.5289976,25.0198285
111,12,6,19,5,2,05中正區,中正區羅斯福路3段與辛亥路1段口,0,0,1,2,C03,8,3,5,50,4,1,1,5,4,5,7,1,1,3,4,5,2,12,1,22,2,9,1,1,7,9,1,10,1,14,,44,9,1,22,9,121.5289976,25.0198285
111,12,6,19,10,2,03中山區,中山區吉林路26巷34號,0,0,1,1,B02,7,3,5,30,14,9,1,5,4,5,7,4,4,10,5,5,2,2,1,37,3,10,1,1,7,9,1,8,11,1,,23,23,1,22,9,121.528909,25.05144295
111,12,6,19,10,2,03中山區,中山區吉林路26巷34號,0,0,1,2,H01,7,3,5,30,14,9,1,5,4,5,7,4,4,10,5,5,2,2,2,45,2,9,4,5,8,16,8,20,11,16,,67,23,1,22,9,121.528909,25.05144295
111,12,6,19,25,2,12內湖區,內湖區潭美街131號前,0,0,2,1,C03,7,3,5,40,14,9,1,5,4,5,7,4,4,9,5,5,2,13,2,52,2,9,1,1,7,9,1,10,1,15,,23,23,1,22,9,121.5804259,25.05383133
111,12,6,19,25,2,12內湖區,內湖區潭美街131號前,0,0,2,2,C03,7,3,5,40,14,9,1,5,4,5,7,4,4,9,5,5,2,13,1,43,2,9,1,1,7,12,1,10,1,14,,44,23,1,22,9,121.5804259,25.05383133
111,12,6,19,30,2,08士林區,士林區至誠路2段60巷與至誠路2段口,0,0,2,1,C03,7,3,5,40,3,2,1,5,4,5,7,4,4,9,5,5,2,9,2,23,2,9,1,1,7,9,1,10,2,11,,23,23,1,22,9,121.5285564,25.10172022
111,12,6,19,30,2,08士林區,士林區至誠路2段60巷與至誠路2段口,0,0,2,2,H01,7,3,5,40,3,2,1,5,4,5,7,4,4,9,5,5,2,9,2,77,3,10,4,5,8,16,8,20,10,16,,51,23,1,22,9,121.5285564,25.10172022
111,12,6,19,30,2,08士林區,士林區至誠路2段60巷與至誠路2段口,0,0,2,3,H01,7,3,5,40,3,2,1,5,4,5,7,4,4,9,5,5,2,9,1,62,2,9,4,5,8,16,8,20,10,16,,51,23,1,22,9,121.5285564,25.10172022
111,12,6,20,44,2,10文山區,文山區木新路3段74巷與木新路3段74巷8弄口,0,0,2,1,C03,7,3,5,30,4,1,1,5,4,5,7,4,4,5,3,5,2,15,1,21,2,9,3,4,7,9,1,10,1,12,,6,6,1,22,9,121.5633795,24.98286729
111,12,6,20,44,2,10文山區,文山區木新路3段74巷與木新路3段74巷8弄口,0,0,2,2,C02,7,3,5,30,4,1,1,5,4,5,7,4,4,5,3,5,2,15,1,45,2,8,3,4,7,9,4,10,1,11,,14,6,1,22,9,121.5633795,24.98286729
111,12,6,20,52,2,08士林區,士林區承德路5段與基河路口,0,0,1,1,F01,8,3,5,0,4,2,1,5,4,5,7,2,1,2,4,5,2,17,2,75,2,9,1,1,7,11,8,20,1,16,,25,25,1,22,9,121.5135545,25.0978061
111,12,6,20,52,2,08士林區,士林區承德路5段與基河路口,0,0,1,2,B01,8,3,5,0,4,2,1,5,4,5,7,2,1,2,4,5,2,17,2,58,3,10,1,1,7,5,1,4,1,8,,44,25,1,22,9,121.5135545,25.0978061
111,12,6,21,10,2,09北投區,北投區北投路1段53號,0,0,2,1,C03,7,3,5,50,14,8,1,5,4,5,7,4,4,5,2,4,2,3,1,18,2,8,1,1,7,9,1,10,2,11,,13,23,1,22,9,121.5010695,25.12407837
111,12,6,21,10,2,09北投區,北投區北投路1段53號,0,0,2,2,H01,7,3,5,50,14,8,1,5,4,5,7,4,4,5,2,4,2,3,2,63,2,1,4,5,8,16,8,20,10,15,,51,23,1,22,9,121.5010695,25.12407837
111,12,6,22,38,2,11南港區,南港區忠孝東路6段與忠孝東路6段188巷口,0,0,1,1,B03,7,3,5,50,4,2,1,5,4,5,7,2,1,1,3,5,2,13,1,28,3,10,1,1,7,9,1,8,2,1,,16,23,1,22,9,121.5865569,25.0486274
111,12,6,22,38,2,11南港區,南港區忠孝東路6段與忠孝東路6段188巷口,0,0,1,2,B12,7,3,5,50,4,2,1,5,4,5,7,2,1,1,3,5,2,13,1,30,2,1,1,1,7,14,1,8,2,7,,44,23,1,22,9,121.5865569,25.0486274
111,12,6,22,40,2,12內湖區,內湖區內湖路2段103巷與內湖路2段口,0,0,1,1,C03,8,3,5,50,4,2,1,5,4,5,7,1,1,5,5,5,2,17,1,27,2,9,1,1,7,9,1,10,1,14,,13,13,1,22,9,121.5827054,25.07991768
111,12,6,22,40,2,12內湖區,內湖區內湖路2段103巷與內湖路2段口,0,0,1,2,B03,8,3,5,50,4,2,1,5,4,5,7,1,1,5,5,5,2,17,1,44,3,10,3,4,7,13,7,19,11,7,,44,13,1,22,9,121.5827054,25.07991768
111,12,6,22,40,2,12內湖區,內湖區內湖路2段103巷與內湖路2段口,0,0,1,3,C03,8,3,5,50,4,2,1,5,4,5,7,1,1,5,5,5,2,17,2,24,3,10,1,1,7,9,1,10,1,15,,44,13,1,22,9,121.5827054,25.07991768
111,12,6,22,44,2,10文山區,文山區木新路2段與木新路2段218巷口,0,0,1,1,F03,7,3,5,30,3,1,1,5,4,5,7,4,4,5,4,5,2,17,1,17,3,10,3,4,7,5,8,20,2,16,,6,6,1,16,8,121.5674412,24.9835085
111,12,6,22,44,2,10文山區,文山區木新路2段與木新路2段218巷口,0,0,1,2,C03,7,3,5,30,3,1,1,5,4,5,7,4,4,5,4,5,2,17,1,22,2,9,3,4,7,9,1,10,2,12,,14,6,1,21,8,121.5674412,24.9835085
111,12,6,22,53,2,11南港區,南港區南港路3段與南港路3段106巷口口,0,0,2,1,C03,7,4,5,50,4,1,1,4,4,5,7,2,1,5,4,5,2,16,1,57,2,9,1,1,7,7,1,10,1,14,,7,42,1,22,9,121.5897826,25.0533682
111,12,6,22,53,2,11南港區,南港區南港路3段與南港路3段106巷口口,0,0,2,2,C03,7,4,5,50,4,1,1,4,4,5,7,2,1,5,4,5,2,16,1,27,2,9,1,1,7,9,1,10,1,11,,13,42,1,22,9,121.5897826,25.0533682
111,12,6,23,5,2,03中山區,中山區市民大道2段與天津街口,0,0,1,1,C03,7,3,5,40,14,9,1,5,4,5,7,4,4,10,4,5,2,13,2,19,2,9,3,4,7,9,1,10,1,14,,16,16,1,22,9,121.5226719,25.0479882
111,12,6,23,5,2,03中山區,中山區市民大道2段與天津街口,0,0,1,2,B01,7,3,5,40,14,9,1,5,4,5,7,4,4,10,4,5,2,13,1,62,3,10,3,4,7,12,1,4,1,6,,44,16,1,22,9,121.5226719,25.0479882
111,12,7,0,12,2,06松山區,松山區慶城街與復興北路141巷口,0,0,1,1,C03,7,3,5,30,4,1,1,5,4,5,7,3,1,5,5,5,2,15,1,28,2,9,1,1,7,9,1,10,2,11,,6,6,1,22,9,121.5451872,25.05327371
111,12,7,0,12,2,06松山區,松山區慶城街與復興北路141巷口,0,0,1,2,B02,7,3,5,30,4,1,1,5,4,5,7,3,1,5,5,5,2,15,1,46,3,10,1,1,7,9,1,8,2,5,,14,6,1,22,9,121.5451872,25.05327371
111,12,7,0,20,2,10文山區,文山區辛亥路4段與辛亥路4段101巷口,0,0,2,1,C03,8,3,5,50,3,1,1,5,4,5,7,2,1,5,5,5,2,16,1,20,2,7,1,1,7,9,1,10,1,11,,43,43,1,22,9,121.5585381,25.0066329
111,12,7,0,20,2,10文山區,文山區辛亥路4段與辛亥路4段101巷口,0,0,2,2,C03,8,3,5,50,3,1,1,5,4,5,7,2,1,5,5,5,2,16,1,27,2,9,1,1,7,5,1,10,1,14,,43,43,1,22,9,121.5585381,25.0066329
111,12,7,1,40,2,05中正區,中正區中山南路與仁愛路1段口景福門圓環,0,0,2,1,C03,7,3,5,50,5,1,1,5,4,5,7,1,1,10,5,5,2,13,1,18,2,9,1,1,7,9,1,10,2,11,,23,16,1,22,9,121.5179571,25.039401
111,12,7,1,40,2,05中正區,中正區中山南路與仁愛路1段口景福門圓環,0,0,2,2,C03,7,3,5,50,5,1,1,5,4,5,7,1,1,10,5,5,2,13,1,21,2,9,1,1,7,12,1,10,2,13,,42,16,1,22,9,121.5179571,25.039401
111,12,7,2,22,2,09北投區,北投區中央北路4段與大度路3段口,0,0,1,1,B03,6,3,5,50,3,1,1,4,4,5,7,2,1,9,4,5,1,16,1,22,3,10,1,1,7,5,1,8,2,4,,25,25,1,22,9,121.4649005,25.12438225
111,12,7,2,22,2,09北投區,北投區中央北路4段與大度路3段口,0,0,1,2,C03,6,3,5,50,3,1,1,4,4,5,7,2,1,9,4,5,1,16,2,37,2,9,1,1,7,9,1,10,2,11,,26,25,1,22,9,121.4649005,25.12438225
111,12,7,4,52,2,03中山區,中山區新生北路2段與錦州街口,0,0,1,1,B03,7,3,5,50,4,2,1,5,4,5,7,2,1,1,3,5,2,17,1,26,3,10,3,4,7,1,1,4,2,15,,19,19,1,22,9,121.5274455,25.0601432
111,12,7,4,52,2,03中山區,中山區新生北路2段與錦州街口,0,0,1,2,C03,7,3,5,50,4,2,1,5,4,5,7,2,1,1,3,5,2,17,1,41,2,9,3,4,7,5,1,10,2,11,,44,19,1,22,9,121.5274455,25.0601432
111,12,7,6,58,2,05中正區,中正區泉州街與汀州路1段口口,0,0,1,1,F03,7,1,5,50,4,1,1,4,4,5,7,1,1,5,5,5,1,17,1,22,3,10,1,1,7,5,8,20,2,16,,42,42,1,22,9,121.5138289,25.02626131
111,12,7,6,58,2,05中正區,中正區泉州街與汀州路1段口口,0,0,1,2,C01,7,1,5,50,4,1,1,4,4,5,7,1,1,5,5,5,1,17,1,44,2,9,1,1,7,9,1,9,2,11,,44,42,1,22,9,121.5138289,25.02626131
111,12,7,7,3,2,07信義區,信義區松仁路與松壽路口,0,0,1,1,C03,7,1,5,50,3,2,1,5,4,5,7,2,1,1,4,5,2,29,1,63,2,9,1,1,7,9,1,10,1,14,,44,44,1,22,9,121.5682384,25.0359594
111,12,7,7,3,2,07信義區,信義區松仁路與松壽路口,0,0,1,2,,7,1,5,50,3,2,1,5,4,5,7,2,1,1,4,5,2,29,3,,,,,,,,,,,,,67,44,1,,,121.5682384,25.0359594
111,12,7,7,3,2,07信義區,信義區松仁路與松壽路口,0,0,1,3,,7,1,5,50,3,2,1,5,4,5,7,2,1,1,4,5,2,29,4,,4,11,3,4,7,15,7,19,11,15,,43,44,2,22,9,121.5682384,25.0359594
111,12,7,7,5,2,07信義區,信義區市民大道5段與東興路口,0,0,2,1,F01,6,1,5,50,4,2,1,4,4,5,7,1,1,5,4,5,1,17,1,46,2,7,1,1,7,9,8,20,1,16,,23,44,1,22,9,121.5657161,25.0482054
111,12,7,7,5,2,07信義區,信義區市民大道5段與東興路口,0,0,2,2,F02,6,1,5,50,4,2,1,4,4,5,7,1,1,5,4,5,1,17,1,61,2,9,1,1,7,9,8,20,1,16,,23,44,1,22,9,121.5657161,25.0482054
111,12,7,7,8,2,01大同區,大同區長安西路與承德路1段口,0,0,1,1,B02,7,1,5,50,4,1,1,5,4,5,7,1,1,1,5,5,2,3,1,63,3,10,1,1,7,5,1,4,2,8,,15,14,1,22,9,121.5169721,25.05081758
111,12,7,7,8,2,01大同區,大同區長安西路與承德路1段口,0,0,1,2,H01,7,1,5,50,4,1,1,5,4,5,7,1,1,1,5,5,2,3,1,25,2,7,4,5,8,16,8,20,10,15,,60,14,1,22,9,121.5169721,25.05081758
111,12,7,7,44,2,03中山區,中山區北安路305號對面,0,0,1,2,C03,7,1,5,0,14,9,1,5,4,5,7,4,4,1,4,5,2,16,1,28,2,9,3,4,7,9,1,10,1,14,,13,43,1,22,9,121.5381109,25.07774805
111,12,7,7,44,2,03中山區,中山區北安路305號對面,0,0,1,1,B12,7,1,5,0,14,9,1,5,4,5,7,4,4,1,4,5,2,16,1,42,3,10,3,4,7,8,1,8,1,2,,7,43,1,22,9,121.5381109,25.07774805
111,12,7,7,46,2,03中山區,中山區中山北路4段圓山飯店下坡道前,0,0,1,1,C03,7,1,5,50,14,9,1,5,4,5,7,4,4,1,4,5,2,12,2,35,2,9,1,1,7,7,1,10,1,14,,7,7,1,22,9,121.5258245,25.0748894
111,12,7,7,46,2,03中山區,中山區中山北路4段圓山飯店下坡道前,0,0,1,2,B03,7,1,5,50,14,9,1,5,4,5,7,4,4,1,4,5,2,12,1,43,3,10,1,1,7,9,1,8,1,5,,44,7,1,22,9,121.5258245,25.0748894
111,12,7,7,50,2,10文山區,文山區木新路3段278巷與木新路3段口,0,0,1,1,B03,6,1,5,50,3,2,1,4,4,5,7,2,1,9,4,5,1,17,1,57,3,10,1,1,7,11,1,8,1,1,,10,10,1,22,9,121.558079,24.9811172
111,12,7,7,50,2,10文山區,文山區木新路3段278巷與木新路3段口,0,0,1,2,C03,6,1,5,50,3,2,1,4,4,5,7,2,1,9,4,5,1,17,1,38,2,9,1,1,7,9,1,10,1,14,,44,10,1,22,9,121.558079,24.9811172
111,12,7,7,54,2,03中山區,中山區吉林路與松江路150巷口,0,0,1,1,B03,7,1,5,50,3,1,1,4,4,5,7,4,4,9,5,4,2,12,1,42,3,10,1,4,7,11,1,8,1,8,,10,10,1,22,9,121.5301452,25.05401651
111,12,7,7,54,2,03中山區,中山區吉林路與松江路150巷口,0,0,1,2,C03,7,1,5,50,3,1,1,4,4,5,7,4,4,9,5,4,2,12,1,28,2,9,1,4,7,9,1,10,1,11,,44,10,1,22,9,121.5301452,25.05401651
111,12,7,8,14,2,03中山區,中山區大直橋與復興北路口地下道,0,0,1,1,C03,8,1,5,40,4,2,1,5,4,5,7,1,1,1,5,5,1,13,2,24,3,10,1,1,7,9,1,10,1,11,,16,16,1,22,9,121.5442513,25.0721727
111,12,7,8,14,2,03中山區,中山區大直橋與復興北路口地下道,0,0,1,2,C03,8,1,5,40,4,2,1,5,4,5,7,1,1,1,5,5,1,13,2,38,2,8,1,1,7,9,1,10,1,13,,44,16,1,22,9,121.5442513,25.0721727
111,12,7,8,26,2,05中正區,中正區林森南路與濟南路1段口,0,0,1,1,B01,7,1,5,50,4,1,1,5,4,5,7,1,1,9,4,5,2,16,1,51,3,10,1,1,7,5,1,4,2,2,,8,8,1,22,9,121.5227016,25.0423686
111,12,7,8,26,2,05中正區,中正區林森南路與濟南路1段口,0,0,1,2,C03,7,1,5,50,4,1,1,5,4,5,7,1,1,9,4,5,2,16,1,26,2,9,1,1,7,9,1,10,2,11,,44,8,1,22,9,121.5227016,25.0423686