發生年度,發生月,發生日,發生時-Hours,發生分,處理別-編號,區序,肇事地點,死亡人數,2-30日死亡人數,受傷人數,當事人序號,車種,天候,光線,道路類別,速限-速度限制,道路型態,事故位置,路面狀況1,路面狀況2,路面狀況3,道路障礙1,道路障礙2,號誌1,號誌2,車道劃分-分向,車道劃分-分道1,車道劃分-分道2,車道劃分-分道3,事故類型及型態,性別,年齡,受傷程度,主要傷處,安全帽,行動電話,車輛用途,當事者行動狀態,駕駛資格情形,駕駛執照種類,飲酒情形,車輛撞擊部位1,車輛撞擊部位2,肇因碼-個別,肇因碼-主要,個人肇逃否,職業,旅次目的,座標-X,座標-Y
111,12,7,8,30,2,11南港區,南港區南港路2段與向陽路120巷口,0,0,1,3,H02,6,1,5,50,4,1,1,4,4,5,7,4,4,9,3,5,2,16,2,4,3,10,1,1,7,20,8,20,10,16,,67,6,1,22,9,121.59637,25.0545591
111,12,7,8,30,2,11南港區,南港區南港路2段與向陽路120巷口,0,0,1,1,B03,6,1,5,50,4,1,1,4,4,5,7,4,4,9,3,5,2,16,2,37,3,10,1,1,7,6,1,8,1,5,,6,6,1,22,9,121.59637,25.0545591
111,12,7,8,30,2,11南港區,南港區南港路2段與向陽路120巷口,0,0,1,2,C03,6,1,5,50,4,1,1,4,4,5,7,4,4,9,3,5,2,16,1,38,2,7,1,1,7,9,1,10,1,14,,6,6,1,22,9,121.59637,25.0545591
111,12,7,8,36,2,03中山區,中山區中山橋往北,0,0,1,1,C03,7,1,5,40,10,9,1,5,4,5,1,4,4,1,3,5,2,13,1,28,2,9,1,1,7,9,1,10,2,11,,23,23,1,22,9,121.524671,25.0737892
111,12,7,8,36,2,03中山區,中山區中山橋往北,0,0,1,2,A12,7,1,5,40,10,9,1,5,4,5,1,4,4,1,3,5,2,13,1,51,3,10,1,1,7,14,1,6,2,3,,44,23,1,22,9,121.524671,25.0737892
111,12,7,8,53,2,03中山區,中山區民生東路2段與松江路口,0,0,1,1,C03,8,1,5,50,4,1,1,5,4,5,7,2,1,9,4,5,2,16,2,34,2,9,1,1,7,8,6,10,1,11,,7,9,1,22,9,121.5330262,25.05789031
111,12,7,8,53,2,03中山區,中山區民生東路2段與松江路口,0,0,1,2,C03,8,1,5,50,4,1,1,5,4,5,7,2,1,9,4,5,2,16,1,32,3,10,1,1,7,9,1,10,1,14,,44,9,1,22,9,121.5330262,25.05789031
111,12,7,8,57,2,08士林區,士林區承德路4段與承德路4段3巷口,0,0,2,1,C04,7,1,5,30,4,1,1,5,4,5,7,4,4,10,5,5,2,15,2,22,2,9,1,1,7,9,1,10,1,12,,6,6,1,21,8,121.5216277,25.07895754
111,12,7,8,57,2,08士林區,士林區承德路4段與承德路4段3巷口,0,0,2,2,C03,7,1,5,30,4,1,1,5,4,5,7,4,4,10,5,5,2,15,2,59,2,7,1,1,7,9,1,10,1,11,,23,6,1,21,8,121.5216277,25.07895754
111,12,7,9,0,2,10文山區,文山區木柵路1段與木柵路1段378巷口,0,0,1,1,B03,6,1,5,50,14,9,2,4,4,5,7,4,4,5,4,5,2,17,1,34,3,10,3,4,7,5,1,8,1,15,,6,6,1,22,9,121.5566252,24.98848158
111,12,7,9,0,2,10文山區,文山區木柵路1段與木柵路1段378巷口,0,0,1,2,C03,6,1,5,50,14,9,2,4,4,5,7,4,4,5,4,5,2,17,1,49,2,9,1,1,7,9,1,10,1,12,,44,6,1,22,9,121.5566252,24.98848158
111,12,7,9,3,2,03中山區,中山區新生北路3段與德惠街口,0,0,1,1,C03,7,1,5,30,3,1,1,5,4,5,7,4,4,1,5,5,2,12,2,23,2,9,1,1,7,9,1,10,1,14,,6,43,1,22,9,121.5274596,25.0666814
111,12,7,9,3,2,03中山區,中山區新生北路3段與德惠街口,0,0,1,2,B03,7,1,5,30,3,1,1,5,4,5,7,4,4,1,5,5,2,12,1,30,3,10,1,1,7,6,1,8,1,5,,44,43,1,22,9,121.5274596,25.0666814
111,12,7,9,5,2,05中正區,中正區重慶南路3段與廈門街114巷口口中正橋,0,0,1,1,C04,7,1,5,30,14,9,1,5,4,5,7,1,1,5,4,5,2,12,2,78,2,7,1,1,7,7,1,11,1,13,,7,42,1,22,9,121.5162786,25.0254054
111,12,7,9,5,2,05中正區,中正區重慶南路3段與廈門街114巷口口中正橋,0,0,1,2,B12,7,1,5,30,14,9,1,5,4,5,7,1,1,5,4,5,2,12,1,59,3,10,1,1,7,9,1,8,1,5,,23,42,1,22,9,121.5162786,25.0254054
111,12,7,9,10,2,03中山區,中山區南京東路1段120號,0,0,1,1,C03,7,1,5,50,14,9,1,5,4,5,7,4,4,1,4,4,2,13,2,43,2,9,1,4,7,7,7,19,1,12,,43,43,1,22,9,121.5265905,25.051943
111,12,7,9,10,2,03中山區,中山區南京東路1段120號,0,0,1,2,B03,7,1,5,50,14,9,1,5,4,5,7,4,4,1,4,4,2,13,1,27,3,10,3,4,7,9,1,8,1,7,,43,43,1,22,9,121.5265905,25.051943
111,12,7,9,23,2,05中正區,中正區仁愛路2段7號,0,0,1,1,B03,7,1,5,50,14,9,1,5,4,3,7,4,4,5,4,5,2,12,1,38,2,7,1,1,7,9,1,8,2,5,,23,17,1,22,9,121.525702,25.03840614
111,12,7,9,23,2,05中正區,中正區仁愛路2段7號,0,0,1,2,B03,7,1,5,50,14,9,1,5,4,3,7,4,4,5,4,5,2,12,1,38,3,10,1,1,7,13,1,8,2,7,,38,17,1,22,9,121.525702,25.03840614
111,12,7,9,29,2,07信義區,信義區信義路5段象山捷運3號出口,0,0,1,1,C03,7,1,5,50,14,9,1,4,4,5,7,4,4,1,4,5,2,17,2,22,2,9,1,1,7,12,1,10,2,14,,42,42,1,22,9,121.5700821,25.0328146
111,12,7,9,29,2,07信義區,信義區信義路5段象山捷運3號出口,0,0,1,2,B12,7,1,5,50,14,9,1,4,4,5,7,4,4,1,4,5,2,17,1,41,3,10,1,1,7,8,1,1,2,15,,7,42,1,22,9,121.5700821,25.0328146
111,12,7,9,30,2,05中正區,中正區八德路1段92號,0,0,1,1,C03,7,1,5,50,14,9,1,5,4,5,7,4,4,9,4,5,2,17,1,64,2,9,1,1,7,9,1,10,2,11,,17,17,1,19,5,121.5321796,25.0441415
111,12,7,9,30,2,05中正區,中正區八德路1段92號,0,0,1,2,B12,7,1,5,50,14,9,1,5,4,5,7,4,4,9,4,5,2,17,1,56,3,10,3,1,7,13,1,8,9,7,,44,17,1,3,7,121.5321796,25.0441415
111,12,7,9,30,2,05中正區,中正區八德路1段92號,0,0,1,3,,7,1,5,50,14,9,1,5,4,5,7,4,4,9,4,5,2,17,4,,4,11,3,4,7,15,7,19,11,15,,43,17,2,22,9,121.5321796,25.0441415
111,12,7,9,48,2,07信義區,信義區忠孝東路5段與忠孝東路5段743巷口,0,0,1,1,B01,6,1,5,50,4,2,1,4,4,5,7,1,1,1,4,5,1,12,1,56,3,10,1,1,7,6,1,4,1,2,,9,9,1,22,9,121.5814263,25.0436704
111,12,7,9,48,2,07信義區,信義區忠孝東路5段與忠孝東路5段743巷口,0,0,1,2,C03,6,1,5,50,4,2,1,4,4,5,7,1,1,1,4,5,1,12,2,37,2,9,1,1,7,9,1,10,1,11,,44,9,1,22,9,121.5814263,25.0436704
111,12,7,9,50,2,10文山區,文山區木柵路1段168號,0,0,1,1,C03,8,1,5,50,14,9,1,4,4,5,7,2,1,9,4,5,1,11,1,72,2,9,1,1,7,7,1,10,2,14,,7,7,1,22,9,121.5520736,24.9877564
111,12,7,9,50,2,10文山區,文山區木柵路1段168號,0,0,1,2,B03,8,1,5,50,14,9,1,4,4,5,7,2,1,9,4,5,1,11,1,26,3,10,1,1,7,9,1,8,2,5,,23,7,1,22,9,121.5520736,24.9877564
111,12,7,10,1,2,12內湖區,內湖區康寧路1段與金湖路口,0,0,1,1,C03,6,1,5,40,3,2,1,4,4,5,7,1,1,3,5,5,1,12,2,29,2,9,1,1,7,5,1,10,2,14,,43,8,1,22,9,121.5997562,25.07893877
111,12,7,10,1,2,12內湖區,內湖區康寧路1段與金湖路口,0,0,1,2,B03,6,1,5,40,3,2,1,4,4,5,7,1,1,3,5,5,1,12,2,50,3,10,1,1,7,9,1,8,1,5,,43,8,1,22,9,121.5997562,25.07893877
111,12,7,10,52,2,03中山區,中山區明水路與明水路494巷口,0,0,1,2,C03,6,1,5,40,3,2,1,4,4,5,7,4,4,1,4,4,2,17,2,30,2,9,3,4,7,9,1,10,2,14,,13,43,1,22,9,121.5522725,25.07854254
111,12,7,10,52,2,03中山區,中山區明水路與明水路494巷口,0,0,1,1,C01,6,1,5,40,3,2,1,4,4,5,7,4,4,1,4,4,2,17,1,51,4,11,3,4,7,6,7,19,11,15,,9,43,2,22,9,121.5522725,25.07854254
111,12,7,11,1,2,05中正區,中正區仁愛路2段14巷與杭州南路1段105巷口,0,0,2,1,C03,6,1,5,30,4,1,1,4,4,5,7,4,4,10,5,5,1,15,2,62,2,7,1,1,7,9,1,10,2,14,,6,6,1,22,9,121.5259114,25.0373168
111,12,7,11,1,2,05中正區,中正區仁愛路2段14巷與杭州南路1段105巷口,0,0,2,2,B01,6,1,5,30,4,1,1,4,4,5,7,4,4,10,5,5,1,15,1,60,3,10,1,1,7,9,1,4,2,1,,44,6,2,22,9,121.5259114,25.0373168
111,12,7,11,1,2,05中正區,中正區仁愛路2段14巷與杭州南路1段105巷口,0,0,2,3,H02,6,1,5,30,4,1,1,4,4,5,7,4,4,10,5,5,1,15,1,20,2,9,4,5,7,20,8,20,10,16,,67,6,1,22,9,121.5259114,25.0373168
111,12,7,11,30,2,03中山區,中山區北安路655號,0,0,2,1,C03,8,1,5,50,14,9,1,4,4,5,7,2,1,3,4,5,2,13,2,35,2,9,1,1,7,9,1,10,1,11,,23,14,2,22,9,121.5493269,25.08435987
111,12,7,11,30,2,03中山區,中山區北安路655號,0,0,2,2,C03,8,1,5,50,14,9,1,4,4,5,7,2,1,3,4,5,2,13,2,33,2,9,1,1,7,14,1,10,1,13,,44,14,1,22,9,121.5493269,25.08435987
111,12,7,11,30,2,08士林區,士林區中山北路5段與中正路口,0,0,1,1,B03,8,1,5,50,4,1,1,5,4,5,7,1,1,1,5,5,1,16,1,44,3,10,1,1,7,6,1,8,2,5,,9,9,1,22,9,121.5277937,25.09579148
111,12,7,11,30,2,08士林區,士林區中山北路5段與中正路口,0,0,1,2,C03,8,1,5,50,4,1,1,5,4,5,7,1,1,1,5,5,1,16,1,32,2,8,1,1,7,9,1,10,2,14,,44,9,1,22,9,121.5277937,25.09579148
111,12,7,11,40,2,03中山區,中山區中山北路2段與民權西路口側附近口口,0,0,1,1,C03,7,1,5,50,4,2,1,5,4,5,7,1,1,1,4,5,2,13,2,25,2,8,3,4,7,9,1,10,1,11,,16,16,1,22,9,121.5220874,25.0627007
111,12,7,11,40,2,03中山區,中山區中山北路2段與民權西路口側附近口口,0,0,1,2,B01,7,1,5,50,4,2,1,5,4,5,7,1,1,1,4,5,2,13,1,60,3,10,3,4,7,9,1,4,1,3,,2,16,1,10,9,121.5220874,25.0627007
111,12,7,11,40,2,12內湖區,內湖區潭美街551號旁,0,0,1,1,B03,6,1,5,40,14,9,1,4,4,5,7,4,4,9,5,5,2,16,2,44,3,10,1,1,7,6,1,8,1,6,,9,6,1,22,9,121.6006219,25.06085099
111,12,7,11,40,2,12內湖區,內湖區潭美街551號旁,0,0,1,2,C04,6,1,5,40,14,9,1,4,4,5,7,4,4,9,5,5,2,16,2,34,2,9,1,1,7,9,1,8,1,14,,44,6,1,22,9,121.6006219,25.06085099
111,12,7,11,45,2,11南港區,南港區忠孝東路7段與忠孝東路7段124巷17弄口,0,0,2,1,C03,7,1,5,50,3,1,1,4,4,5,7,1,1,1,4,4,2,13,1,33,2,8,1,1,7,9,1,10,1,11,,23,23,1,22,9,121.6039241,25.0516851
111,12,7,11,45,2,11南港區,南港區忠孝東路7段與忠孝東路7段124巷17弄口,0,0,2,2,C03,7,1,5,50,3,1,1,4,4,5,7,1,1,1,4,4,2,13,2,43,2,2,1,2,7,14,1,10,1,13,,44,23,1,22,9,121.6039241,25.0516851
111,12,7,11,46,2,03中山區,中山區建國北路3段93巷與建國北路3段93巷5弄口,0,0,1,1,B03,7,1,5,50,4,2,1,5,4,5,7,4,4,5,5,5,2,17,1,40,3,10,1,1,7,5,1,8,1,5,,6,43,1,22,9,121.5369497,25.0660586
111,12,7,11,46,2,03中山區,中山區建國北路3段93巷與建國北路3段93巷5弄口,0,0,1,2,C03,7,1,5,50,4,2,1,5,4,5,7,4,4,5,5,5,2,17,2,35,2,9,1,1,7,9,1,10,1,12,,44,43,1,22,9,121.5369497,25.0660586
111,12,7,12,9,2,12內湖區,內湖區環山路2段53巷1弄與內湖路1段411巷口,0,0,2,1,C03,6,1,5,30,4,1,5,4,4,5,7,4,4,10,5,5,1,17,1,33,2,9,1,1,7,5,1,10,2,14,,8,8,1,22,9,121.5725545,25.08520645
111,12,7,12,9,2,12內湖區,內湖區環山路2段53巷1弄與內湖路1段411巷口,0,0,2,2,C03,6,1,5,30,4,1,5,4,4,5,7,4,4,10,5,5,1,17,1,25,2,9,1,1,7,15,1,10,2,11,,14,8,1,22,9,121.5725545,25.08520645
111,12,7,12,47,2,03中山區,中山區錦州街254號前,0,0,1,1,C03,7,1,5,50,14,9,1,5,4,5,7,4,4,9,4,5,2,3,2,71,4,11,3,4,7,15,7,19,11,15,,23,43,2,22,9,121.5342115,25.0603579
111,12,7,12,47,2,03中山區,中山區錦州街254號前,0,0,1,2,H01,7,1,5,50,14,9,1,5,4,5,7,4,4,9,4,5,2,3,2,37,2,8,4,5,8,16,8,20,10,16,,51,43,1,22,9,121.5342115,25.0603579
111,12,7,12,55,2,04大安區,大安區忠孝東路4段216巷與安和路1段49巷口,0,0,2,1,B03,7,1,5,30,4,1,1,5,4,5,7,4,4,5,4,5,2,15,2,52,3,10,3,4,7,9,1,8,1,2,,6,6,1,22,9,121.5529738,25.03851134
111,12,7,12,55,2,04大安區,大安區忠孝東路4段216巷與安和路1段49巷口,0,0,2,2,C03,7,1,5,30,4,1,1,5,4,5,7,4,4,5,4,5,2,15,1,39,2,9,3,4,7,9,1,10,1,11,,13,6,1,22,9,121.5529738,25.03851134
111,12,7,12,55,2,04大安區,大安區忠孝東路4段216巷與安和路1段49巷口,0,0,2,3,C03,7,1,5,30,4,1,1,5,4,5,7,4,4,5,4,5,2,15,1,37,2,9,3,4,7,9,1,10,1,14,,13,6,1,22,9,121.5529738,25.03851134
111,12,7,13,0,2,05中正區,中正區中山南路與信義路1段口,0,0,1,1,B03,8,1,5,50,5,1,1,5,4,5,7,1,1,1,3,1,2,15,1,69,3,10,1,1,7,9,1,8,1,2,,25,44,1,22,9,121.5179912,25.03860906
111,12,7,13,0,2,05中正區,中正區中山南路與信義路1段口,0,0,1,2,C03,8,1,5,50,5,1,1,5,4,5,7,1,1,1,3,1,2,15,1,49,2,9,1,1,7,9,1,10,1,11,,44,44,1,22,9,121.5179912,25.03860906
111,12,7,13,0,2,09北投區,北投區新民路93號,0,0,1,1,B03,8,1,5,30,14,9,1,5,4,5,7,4,4,9,4,5,2,16,1,32,3,10,1,1,7,5,1,8,1,1,,6,6,1,22,9,121.5135978,25.14143904
111,12,7,13,0,2,09北投區,北投區新民路93號,0,0,1,2,C03,8,1,5,30,14,9,1,5,4,5,7,4,4,9,4,5,2,16,1,70,2,9,1,1,7,9,1,10,1,12,,44,6,1,22,9,121.5135978,25.14143904
111,12,7,13,13,2,05中正區,中正區市民大道1段台北地下街Y6出口,0,0,1,1,C03,8,1,5,40,14,9,1,5,4,5,7,4,4,1,4,5,2,13,1,20,3,10,1,1,7,9,1,10,1,11,,16,16,1,22,9,121.5174942,25.0484742
111,12,7,13,13,2,05中正區,中正區市民大道1段台北地下街Y6出口,0,0,1,2,C03,8,1,5,40,14,9,1,5,4,5,7,4,4,1,4,5,2,13,1,43,2,9,1,1,7,9,1,10,1,13,,44,16,1,22,9,121.5174942,25.0484742
111,12,7,13,13,2,05中正區,中正區市民大道1段台北地下街Y6出口,0,0,1,3,B01,8,1,5,40,14,9,1,5,4,5,7,4,4,1,4,5,2,13,1,61,3,10,1,1,7,8,1,4,11,15,,7,16,1,22,9,121.5174942,25.0484742
111,12,7,13,18,2,10文山區,文山區秀明路1段與秀明路1段22巷口,0,0,2,1,C03,7,1,5,30,14,9,5,5,4,5,7,4,4,10,5,5,2,17,2,30,2,8,1,4,7,9,1,10,1,11,,6,5,1,22,9,121.564078,24.98939743
111,12,7,13,18,2,10文山區,文山區秀明路1段與秀明路1段22巷口,0,0,2,2,C03,7,1,5,30,14,9,5,5,4,5,7,4,4,10,5,5,2,17,1,36,2,8,1,4,7,15,1,10,1,11,,14,5,1,22,9,121.564078,24.98939743
111,12,7,13,18,2,10文山區,文山區秀明路1段與秀明路1段22巷口,0,0,2,3,C03,7,1,5,30,14,9,5,5,4,5,7,4,4,10,5,5,2,17,1,57,3,10,3,4,7,15,7,19,11,15,,44,5,2,22,9,121.564078,24.98939743
111,12,7,13,35,2,04大安區,大安區四維路154巷19號,0,0,1,1,B03,7,1,8,30,15,22,1,5,4,5,7,4,4,8,3,5,2,16,2,51,3,10,1,1,7,1,1,8,1,8,,19,19,1,22,9,121.5469702,25.0310342
111,12,7,13,35,2,04大安區,大安區四維路154巷19號,0,0,1,2,C03,7,1,8,30,15,22,1,5,4,5,7,4,4,8,3,5,2,16,1,39,2,9,1,1,7,6,1,10,1,12,,13,19,1,22,9,121.5469702,25.0310342
111,12,7,14,19,2,06松山區,松山區民權東路3段178號,0,0,1,1,B03,7,1,5,50,14,9,1,5,4,5,7,4,4,3,4,5,2,16,1,29,3,10,1,1,7,8,1,8,1,6,,7,7,1,22,9,121.5488796,25.06178334
111,12,7,14,19,2,06松山區,松山區民權東路3段178號,0,0,1,2,C03,7,1,5,50,14,9,1,5,4,5,7,4,4,3,4,5,2,16,1,20,2,9,1,1,7,9,1,10,1,11,,23,7,1,22,9,121.5488796,25.06178334
111,12,7,14,20,2,01大同區,大同區承德路3段與敦煌路口,0,0,2,1,C03,7,1,5,50,4,1,1,4,4,5,7,1,1,1,4,5,2,17,1,25,2,9,1,1,7,9,1,10,2,11,,25,25,1,22,9,121.5200938,25.07525736
111,12,7,14,20,2,01大同區,大同區承德路3段與敦煌路口,0,0,2,2,C03,7,1,5,50,4,1,1,4,4,5,7,1,1,1,4,5,2,17,1,64,2,9,1,1,7,1,1,10,2,11,,25,25,1,22,9,121.5200938,25.07525736
111,12,7,14,27,2,09北投區,北投區致遠一路1段46巷37號對面,0,0,1,1,B03,7,1,5,30,14,9,1,5,4,5,7,4,4,10,5,5,2,17,1,44,3,10,2,1,7,13,1,8,1,15,,40,40,1,22,9,121.5176678,25.1101919
111,12,7,14,27,2,09北投區,北投區致遠一路1段46巷37號對面,0,0,1,2,C03,7,1,5,30,14,9,1,5,4,5,7,4,4,10,5,5,2,17,1,27,2,9,1,1,7,9,1,10,1,14,,44,40,1,22,9,121.5176678,25.1101919
111,12,7,14,39,2,02萬華區,萬華區中華路2段與和平西路2段口,0,0,1,1,B03,6,1,5,50,4,1,1,4,4,5,7,2,1,10,5,5,1,2,2,49,3,10,1,4,7,5,1,8,1,8,,15,8,1,22,9,121.5052613,25.03355081
111,12,7,14,39,2,02萬華區,萬華區中華路2段與和平西路2段口,0,0,1,2,H01,6,1,5,50,4,1,1,4,4,5,7,2,1,10,5,5,1,2,2,78,2,9,4,5,8,16,8,20,10,16,,67,8,1,22,9,121.5052613,25.03355081
111,12,7,14,40,2,11南港區,南港區研究院路2段與舊莊街1段口,0,0,1,1,C03,6,3,5,50,3,2,1,4,4,5,7,2,1,3,1,5,2,16,2,23,2,8,3,4,7,9,1,10,1,14,,17,17,1,22,9,121.6168904,25.04230815
111,12,7,14,40,2,11南港區,南港區研究院路2段與舊莊街1段口,0,0,1,2,A02,6,3,5,50,3,2,1,4,4,5,7,2,1,3,1,5,2,16,1,55,3,10,3,4,7,9,1,2,1,2,,17,17,1,22,9,121.6168904,25.04230815
111,12,7,14,42,2,07信義區,信義區信義路5段15號,0,0,1,1,B12,8,1,5,0,14,9,1,5,4,5,7,4,4,1,4,5,2,16,1,59,3,10,1,1,7,1,1,8,9,5,,23,19,1,22,9,121.5671675,25.0329757
111,12,7,14,42,2,07信義區,信義區信義路5段15號,0,0,1,2,F01,8,1,5,0,14,9,1,5,4,5,7,4,4,1,4,5,2,16,2,46,2,9,1,1,7,9,8,20,9,16,,23,19,1,22,9,121.5671675,25.0329757
111,12,7,14,45,2,07信義區,信義區逸仙路50巷與忠孝東路4段554巷口,0,0,2,1,C03,7,1,5,30,4,1,1,5,4,5,7,4,4,10,5,5,2,16,1,24,2,9,1,1,7,9,1,10,1,14,,6,6,1,22,9,121.5633747,25.0406041
111,12,7,14,45,2,07信義區,信義區逸仙路50巷與忠孝東路4段554巷口,0,0,2,2,C03,7,1,5,30,4,1,1,5,4,5,7,4,4,10,5,5,2,16,1,38,2,9,1,1,7,9,1,10,1,11,,14,6,1,22,9,121.5633747,25.0406041
111,12,7,15,0,2,08士林區,士林區文昌路69號,0,0,1,1,B03,7,1,5,50,14,9,1,5,4,5,7,4,4,5,4,5,2,17,4,,4,11,3,4,7,15,7,19,11,15,,43,43,2,22,9,121.5214431,25.09555278
111,12,7,15,0,2,08士林區,士林區文昌路69號,0,0,1,2,C03,7,1,5,50,14,9,1,5,4,5,7,4,4,5,4,5,2,17,1,18,2,9,1,1,7,9,7,19,2,12,,44,43,1,22,9,121.5214431,25.09555278
111,12,7,15,59,2,07信義區,信義區松高路(基隆路1段210號旁),0,0,1,1,B03,7,1,5,50,14,9,1,5,4,5,7,4,4,9,4,5,2,13,1,45,3,10,1,1,7,9,1,8,1,5,,16,16,1,22,9,121.5633182,25.0392233
111,12,7,15,59,2,07信義區,信義區松高路(基隆路1段210號旁),0,0,1,2,C03,7,1,5,50,14,9,1,5,4,5,7,4,4,9,4,5,2,13,2,53,2,5,1,1,7,9,1,10,1,13,,44,16,1,22,9,121.5633182,25.0392233
111,12,7,16,20,2,07信義區,信義區忠孝東路5段與中坡南路口,0,0,1,1,C03,6,1,5,50,4,1,1,4,4,5,7,1,1,1,4,5,2,12,2,41,2,9,3,4,7,9,1,10,1,11,,43,43,1,22,9,121.5819082,25.0440222
111,12,7,16,20,2,07信義區,信義區忠孝東路5段與中坡南路口,0,0,1,2,C02,6,1,5,50,4,1,1,4,4,5,7,1,1,1,4,5,2,12,1,18,3,10,3,4,7,6,4,10,1,13,,44,43,1,22,9,121.5819082,25.0440222
111,12,7,16,52,2,04大安區,大安區建國南路1段222號,0,0,1,1,C03,7,1,5,50,14,9,1,5,4,5,7,4,4,9,4,5,1,16,1,46,3,10,1,1,7,7,1,10,1,14,,7,7,1,22,9,121.537483,25.0396416
111,12,7,16,52,2,04大安區,大安區建國南路1段222號,0,0,1,2,C03,7,1,5,50,14,9,1,5,4,5,7,4,4,9,4,5,1,16,2,48,2,9,1,1,7,9,1,10,1,12,,44,7,1,22,9,121.537483,25.0396416
111,12,7,17,0,2,11南港區,南港區南深路11號,0,0,1,1,C03,6,1,5,30,14,9,1,4,4,5,7,4,4,8,4,5,2,12,1,18,2,9,1,1,7,9,1,10,1,11,,43,23,1,22,9,121.6217002,25.0389004
111,12,7,17,0,2,11南港區,南港區南深路11號,0,0,1,2,B12,6,1,5,30,14,9,1,4,4,5,7,4,4,8,4,5,2,12,1,56,3,10,1,1,7,13,1,8,1,7,,43,23,1,22,9,121.6217002,25.0389004
111,12,7,17,3,2,09北投區,北投區石牌路2段與天母西路口,0,0,2,1,B03,7,3,5,50,3,1,1,5,4,5,7,3,1,10,5,5,2,16,2,72,3,10,1,1,7,1,1,8,1,5,,19,19,1,22,9,121.5218664,25.11926938
111,12,7,17,3,2,09北投區,北投區石牌路2段與天母西路口,0,0,2,2,C03,7,3,5,50,3,1,1,5,4,5,7,3,1,10,5,5,2,16,1,78,2,7,1,1,7,9,1,10,1,12,,44,19,1,22,9,121.5218664,25.11926938
111,12,7,17,3,2,09北投區,北投區石牌路2段與天母西路口,0,0,2,3,H02,7,3,5,50,3,1,1,5,4,5,7,3,1,10,5,5,2,16,2,71,2,6,4,5,7,20,8,20,10,16,,67,19,1,22,9,121.5218664,25.11926938
111,12,7,17,15,2,01大同區,大同區忠孝橋與忠孝橋口往三重機車道(上橋第二支路燈前),0,0,2,1,C03,8,3,5,40,8,11,1,5,4,5,7,4,4,1,5,4,2,13,2,65,2,9,1,1,7,9,3,18,2,11,,16,16,1,22,9,121.5070665,25.04887642
111,12,7,17,15,2,01大同區,大同區忠孝橋與忠孝橋口往三重機車道(上橋第二支路燈前),0,0,2,2,C03,8,3,5,40,8,11,1,5,4,5,7,4,4,1,5,4,2,13,1,55,2,9,1,1,7,12,3,18,2,13,,23,16,1,22,9,121.5070665,25.04887642
111,12,7,17,15,2,01大同區,大同區忠孝橋與忠孝橋口往三重機車道(上橋第二支路燈前),0,0,2,3,C03,8,3,5,40,8,11,1,5,4,5,7,4,4,1,5,4,2,13,2,23,3,10,1,1,7,12,1,9,2,15,,44,16,1,22,9,121.5070665,25.04887642
111,12,7,17,45,2,12內湖區,內湖區東湖路33巷與東湖路口,0,0,1,1,C03,6,3,5,50,3,2,1,4,4,5,7,4,4,5,4,5,2,16,2,20,2,9,1,1,7,15,1,10,1,14,,17,17,1,22,9,121.6135581,25.06882623
111,12,7,17,45,2,12內湖區,內湖區東湖路33巷與東湖路口,0,0,1,2,B03,6,3,5,50,3,2,1,4,4,5,7,4,4,5,4,5,2,16,1,35,3,10,1,1,7,9,1,8,1,6,,44,17,1,22,9,121.6135581,25.06882623
111,12,7,17,45,2,12內湖區,內湖區東湖路33巷與東湖路口,0,0,1,3,B12,6,3,5,50,3,2,1,4,4,5,7,4,4,5,4,5,2,16,1,53,3,10,3,1,7,13,1,8,11,15,,42,17,1,22,9,121.6135581,25.06882623
111,12,7,17,50,2,04大安區,大安區仁愛路3段與建國南路1段口,0,0,1,1,B03,6,3,5,50,4,1,1,4,4,5,7,2,1,1,4,5,2,3,1,51,3,10,3,4,7,5,1,8,2,8,,15,8,1,22,9,121.5372972,25.0378673
111,12,7,17,50,2,04大安區,大安區仁愛路3段與建國南路1段口,0,0,1,2,H01,6,3,5,50,4,1,1,4,4,5,7,2,1,1,4,5,2,3,2,80,2,9,4,5,8,16,8,20,10,16,,67,8,1,22,9,121.5372972,25.0378673
111,12,7,17,50,2,06松山區,松山區民權東路4段與富錦街107巷口,0,0,1,1,C03,6,3,5,50,3,2,1,4,4,5,7,4,4,3,4,4,2,12,1,32,3,10,1,1,7,8,1,10,1,13,,6,6,1,22,9,121.5521711,25.06157233
111,12,7,17,50,2,06松山區,松山區民權東路4段與富錦街107巷口,0,0,1,2,C03,6,3,5,50,3,2,1,4,4,5,7,4,4,3,4,4,2,12,2,46,2,9,1,1,7,9,1,10,1,11,,23,6,1,22,9,121.5521711,25.06157233
111,12,7,18,5,2,11南港區,南港區南深路11號,0,0,1,1,C03,6,3,5,30,14,9,1,4,4,5,7,4,4,8,3,5,2,3,1,32,3,10,1,1,7,9,1,10,1,11,,43,23,1,22,9,121.6218397,25.0388464
111,12,7,18,5,2,11南港區,南港區南深路11號,0,0,1,2,H01,6,3,5,30,14,9,1,4,4,5,7,4,4,8,3,5,2,3,2,60,2,8,4,1,8,16,8,20,1,16,,67,23,1,22,9,121.6218397,25.0388464
111,12,7,18,11,2,08士林區,士林區故宮路第1101855號燈桿前,0,0,2,1,B03,6,3,5,50,14,9,1,4,4,5,7,4,4,10,4,5,2,12,1,53,3,10,1,1,7,7,1,8,2,2,,7,7,1,22,9,121.5484579,25.0950087
111,12,7,18,11,2,08士林區,士林區故宮路第1101855號燈桿前,0,0,2,2,C03,6,3,5,50,14,9,1,4,4,5,7,4,4,10,4,5,2,12,1,26,2,9,1,1,7,9,1,10,2,14,,44,7,1,22,9,121.5484579,25.0950087