發生年度,發生月,發生日,發生時-Hours,發生分,處理別-編號,區序,肇事地點,死亡人數,2-30日死亡人數,受傷人數,當事人序號,車種,天候,光線,道路類別,速限-速度限制,道路型態,事故位置,路面狀況1,路面狀況2,路面狀況3,道路障礙1,道路障礙2,號誌1,號誌2,車道劃分-分向,車道劃分-分道1,車道劃分-分道2,車道劃分-分道3,事故類型及型態,性別,年齡,受傷程度,主要傷處,安全帽,行動電話,車輛用途,當事者行動狀態,駕駛資格情形,駕駛執照種類,飲酒情形,車輛撞擊部位1,車輛撞擊部位2,肇因碼-個別,肇因碼-主要,個人肇逃否,職業,旅次目的,座標-X,座標-Y
111,12,7,18,11,2,08士林區,士林區故宮路第1101855號燈桿前,0,0,2,3,H02,6,3,5,50,14,9,1,4,4,5,7,4,4,10,4,5,2,12,2,26,2,9,1,5,7,17,8,20,10,16,,67,7,1,22,9,121.5484579,25.0950087
111,12,7,18,14,2,07信義區,信義區吳興街218-2號,0,0,1,1,B03,6,3,5,30,14,9,1,4,4,5,7,4,4,5,5,5,2,13,1,38,3,10,1,1,7,9,1,8,1,5,,23,23,1,22,9,121.5628152,25.0276924
111,12,7,18,14,2,07信義區,信義區吳興街218-2號,0,0,1,2,C03,6,3,5,30,14,9,1,4,4,5,7,4,4,5,5,5,2,13,2,49,2,9,1,1,7,7,1,10,1,13,,7,23,1,22,9,121.5628152,25.0276924
111,12,7,18,20,2,11南港區,南港區東新街與東新街180巷口,0,0,1,1,C03,6,3,6,30,3,1,1,4,4,5,7,4,4,5,4,5,2,16,2,38,2,7,1,1,7,5,1,10,1,12,,6,6,1,22,9,121.5930322,25.0462609
111,12,7,18,20,2,11南港區,南港區東新街與東新街180巷口,0,0,1,2,B03,6,3,6,30,3,1,1,4,4,5,7,4,4,5,4,5,2,16,1,43,3,10,1,1,7,9,1,8,1,7,,14,6,1,22,9,121.5930322,25.0462609
111,12,7,18,23,2,01大同區,大同區承德路3段與民族西路口,0,0,1,1,B03,7,1,5,50,4,1,1,5,4,5,7,2,1,5,5,5,2,16,1,59,3,10,1,1,7,6,1,8,1,2,,9,9,1,22,9,121.5183087,25.06848698
111,12,7,18,23,2,01大同區,大同區承德路3段與民族西路口,0,0,1,2,C03,7,1,5,50,4,1,1,5,4,5,7,2,1,5,5,5,2,16,2,20,2,9,1,1,7,9,1,10,1,14,,44,9,1,22,9,121.5183087,25.06848698
111,12,7,18,31,2,06松山區,松山區延壽街424巷與延壽街402巷2弄口,0,0,1,1,C03,6,3,5,30,14,9,1,4,4,5,7,4,4,10,5,5,2,16,1,55,4,11,3,4,7,6,7,19,11,15,,9,43,2,22,9,121.5564008,25.0558782
111,12,7,18,31,2,06松山區,松山區延壽街424巷與延壽街402巷2弄口,0,0,1,2,C03,6,3,5,30,14,9,1,4,4,5,7,4,4,10,5,5,2,16,1,40,2,8,1,1,7,9,1,10,9,14,,44,43,1,22,9,121.5564008,25.0558782
111,12,7,18,31,2,08士林區,士林區士商路與基河路300巷口,0,0,2,1,C03,6,3,5,50,3,1,1,4,4,5,7,4,4,5,5,5,2,17,1,23,2,9,1,1,7,10,1,10,1,12,,7,7,1,22,9,121.518126,25.0931043
111,12,7,18,31,2,08士林區,士林區士商路與基河路300巷口,0,0,2,2,C03,6,3,5,50,3,1,1,4,4,5,7,4,4,5,5,5,2,17,2,39,2,9,1,1,7,9,1,10,1,14,,14,7,1,22,9,121.518126,25.0931043
111,12,7,18,40,2,04大安區,大安區和平東路3段406巷21號,0,0,2,1,C03,6,3,5,50,14,9,1,4,4,5,7,1,1,5,4,5,1,16,2,22,2,8,1,1,7,7,1,10,1,14,,7,7,1,22,9,121.5575431,25.01847555
111,12,7,18,40,2,04大安區,大安區和平東路3段406巷21號,0,0,2,2,C03,6,3,5,50,14,9,1,4,4,5,7,1,1,5,4,5,1,16,1,36,2,8,1,1,7,9,1,10,1,11,,44,7,1,22,9,121.5575431,25.01847555
111,12,7,18,45,2,07信義區,信義區信義路5段100-1號,0,0,1,1,B03,6,3,5,50,14,9,1,4,4,5,7,4,4,1,4,5,2,16,1,44,3,10,3,4,7,6,1,8,1,5,,9,6,1,22,9,121.5649117,25.032823
111,12,7,18,45,2,07信義區,信義區信義路5段100-1號,0,0,1,2,C03,6,3,5,50,14,9,1,4,4,5,7,4,4,1,4,5,2,16,1,61,2,8,1,1,7,9,1,10,1,11,,44,6,1,22,9,121.5649117,25.032823
111,12,7,19,5,2,05中正區,中正區忠孝東路2段與八德路1段口,0,0,2,1,C03,6,3,5,50,3,2,1,4,4,5,7,1,1,1,4,4,2,13,2,21,2,8,1,1,7,9,1,10,2,11,,16,23,1,22,9,121.528767,25.043332
111,12,7,19,5,2,05中正區,中正區忠孝東路2段與八德路1段口,0,0,2,2,C03,6,3,5,50,3,2,1,4,4,5,7,1,1,1,4,4,2,13,2,40,2,9,1,1,7,3,1,10,2,13,,44,23,1,22,9,121.528767,25.043332
111,12,7,19,26,2,04大安區,迴轉道(建國南路1段165號前),0,0,1,1,B03,6,3,5,50,3,1,1,4,4,5,7,2,1,5,4,5,2,9,1,63,3,10,1,1,7,5,1,8,2,5,,15,15,1,22,9,121.5376912,25.04089862
111,12,7,19,26,2,04大安區,迴轉道(建國南路1段165號前),0,0,1,2,H01,6,3,5,50,3,1,1,4,4,5,7,2,1,5,4,5,2,9,1,25,2,9,4,1,8,16,8,20,10,16,,52,15,1,22,9,121.5376912,25.04089862
111,12,7,19,33,2,03中山區,中山區民生東路2段與吉林路口,0,0,2,1,C03,6,3,5,50,4,1,1,4,4,5,7,2,1,4,3,5,2,12,1,21,2,9,3,4,7,6,1,10,1,12,,9,9,1,22,9,121.5302631,25.0580482
111,12,7,19,33,2,03中山區,中山區民生東路2段與吉林路口,0,0,2,2,B03,6,3,5,50,4,1,1,4,4,5,7,2,1,4,3,5,2,12,1,34,3,10,3,4,7,9,1,8,1,8,,44,9,1,22,9,121.5302631,25.0580482
111,12,7,19,33,2,03中山區,中山區民生東路2段與吉林路口,0,0,2,3,H02,6,3,5,50,4,1,1,4,4,5,7,2,1,4,3,5,2,12,1,19,2,9,3,5,7,20,8,20,10,16,,67,9,1,22,9,121.5302631,25.0580482
111,12,7,19,49,2,08士林區,士林區中山北路5段與中山北路5段470巷口,0,0,2,1,C03,8,1,5,50,3,1,1,5,4,5,7,4,4,1,5,5,2,17,1,21,2,8,1,1,7,6,1,10,1,12,,9,6,1,22,9,121.5278779,25.09221483
111,12,7,19,49,2,08士林區,士林區中山北路5段與中山北路5段470巷口,0,0,2,2,C03,8,1,5,50,3,1,1,5,4,5,7,4,4,1,5,5,2,17,2,28,2,8,1,1,7,9,1,10,1,11,,23,6,1,22,9,121.5278779,25.09221483
111,12,7,20,35,2,12內湖區,內湖區舊宗路1段100號,0,0,1,1,C03,6,3,5,50,14,9,1,4,4,5,7,4,4,1,4,5,1,29,1,35,2,9,1,1,7,9,1,10,1,14,,13,,1,22,9,121.5794304,25.05995209
111,12,7,20,35,2,12內湖區,內湖區舊宗路1段100號,0,0,1,2,,6,3,5,50,14,9,1,4,4,5,7,4,4,1,4,5,1,29,3,,,,,,,,,,,,,67,,1,,,121.5794304,25.05995209
111,12,7,20,35,2,12內湖區,內湖區舊宗路1段100號,0,0,1,3,B03,6,3,5,50,14,9,1,4,4,5,7,4,4,1,4,5,1,29,1,39,4,11,3,4,7,7,7,19,11,15,,7,,2,22,9,121.5794304,25.05995209
111,12,7,20,38,2,05中正區,中正區汀州路1段206巷與汀州路1段口,0,0,1,1,C03,6,3,5,30,3,1,1,4,4,5,7,4,4,10,5,5,2,15,1,19,3,10,1,1,7,9,1,10,1,12,,6,6,1,22,9,121.5094845,25.0279821
111,12,7,20,38,2,05中正區,中正區汀州路1段206巷與汀州路1段口,0,0,1,2,C03,6,3,5,30,3,1,1,4,4,5,7,4,4,10,5,5,2,15,2,36,2,9,1,1,7,9,1,10,1,14,11,44,6,1,22,9,121.5094845,25.0279821
111,12,7,20,40,2,05中正區,中正區和平西路2段與南海路口,0,0,1,1,B03,6,3,5,50,4,2,1,4,4,5,7,1,1,1,4,5,2,12,2,46,3,10,1,1,7,1,1,8,1,8,,19,19,1,22,9,121.5089978,25.0307111
111,12,7,20,40,2,05中正區,中正區和平西路2段與南海路口,0,0,1,2,C03,6,3,5,50,4,2,1,4,4,5,7,1,1,1,4,5,2,12,1,25,2,9,1,1,7,9,1,10,1,12,,44,19,1,22,9,121.5089978,25.0307111
111,12,7,20,59,2,10文山區,文山區指南路2段68號,0,0,2,1,H01,6,3,5,50,14,9,1,4,4,5,7,4,4,9,5,5,2,3,2,85,2,1,4,5,8,16,8,20,10,16,,51,51,1,22,9,121.5785161,24.9869552
111,12,7,20,59,2,10文山區,文山區指南路2段68號,0,0,2,2,C03,6,3,5,50,14,9,1,4,4,5,7,4,4,9,5,5,2,3,2,60,2,8,1,1,7,9,1,10,2,11,,23,51,1,22,9,121.5785161,24.9869552
111,12,7,21,26,2,07信義區,信義區忠孝東路5段與大道路口口,0,0,1,1,B02,6,1,5,50,5,1,1,4,4,5,7,1,1,1,4,5,2,12,1,59,3,10,1,1,7,9,1,8,2,5,,17,17,1,22,9,121.5811796,25.042928
111,12,7,21,26,2,07信義區,信義區忠孝東路5段與大道路口口,0,0,1,2,C03,6,1,5,50,5,1,1,4,4,5,7,1,1,1,4,5,2,12,2,56,2,9,1,1,7,7,1,10,2,14,,7,17,1,22,9,121.5811796,25.042928
111,12,7,21,30,2,08士林區,士林區基河路188巷,0,0,2,1,C03,7,3,8,50,15,22,1,5,4,5,7,4,4,2,5,5,2,17,2,20,2,9,1,1,7,5,1,10,1,14,,8,8,1,22,9,121.5222642,25.090322
111,12,7,21,30,2,08士林區,士林區基河路188巷,0,0,2,2,B01,7,3,8,50,15,22,1,5,4,5,7,4,4,2,5,5,2,17,1,62,3,10,1,1,7,9,1,4,1,5,,16,8,1,22,9,121.5222642,25.090322
111,12,7,21,30,2,08士林區,士林區基河路188巷,0,0,2,3,H02,7,3,8,50,15,22,1,5,4,5,7,4,4,2,5,5,2,17,2,20,2,9,4,5,7,20,8,20,10,16,,67,8,1,22,9,121.5222642,25.090322
111,12,7,21,41,2,09北投區,北投區東華街2段6號,0,0,1,1,F01,8,3,5,50,14,9,1,5,4,5,7,4,4,1,4,5,2,17,2,31,4,11,1,1,7,1,8,20,1,15,,19,19,2,22,9,121.5150185,25.1156734
111,12,7,21,41,2,09北投區,北投區東華街2段6號,0,0,1,2,C03,8,3,5,50,14,9,1,5,4,5,7,4,4,1,4,5,2,17,1,21,2,9,1,1,7,9,1,10,1,14,,13,19,1,22,9,121.5150185,25.1156734
111,12,7,21,41,2,09北投區,北投區東華街2段6號,0,0,1,3,B03,8,3,5,50,14,9,1,5,4,5,7,4,4,1,4,5,2,17,1,49,3,10,1,1,7,14,1,8,1,3,,44,19,1,22,9,121.5150185,25.1156734
111,12,7,21,52,2,12內湖區,內湖區民權東路6段13-18號前,0,0,1,1,C03,6,3,5,50,14,9,1,4,4,5,7,4,4,1,4,5,2,12,1,36,2,9,1,1,7,9,1,8,2,12,,23,23,1,22,9,121.5791968,25.06698836
111,12,7,21,52,2,12內湖區,內湖區民權東路6段13-18號前,0,0,1,2,B03,6,3,5,50,14,9,1,4,4,5,7,4,4,1,4,5,2,12,1,36,3,10,3,1,7,14,1,8,2,4,,40,23,1,22,9,121.5791968,25.06698836
111,12,7,22,7,2,11南港區,南港區南港路2段286號,0,0,2,1,H01,6,3,5,50,14,7,1,4,4,5,7,4,4,5,5,4,2,3,2,45,2,9,4,5,8,16,8,20,10,16,,51,51,1,22,9,121.5959717,25.05436869
111,12,7,22,7,2,11南港區,南港區南港路2段286號,0,0,2,2,C03,6,3,5,50,14,7,1,4,4,5,7,4,4,5,5,4,2,3,1,32,2,9,1,1,7,9,1,10,2,12,,23,51,1,22,9,121.5959717,25.05436869
111,12,7,22,20,2,02萬華區,萬華區長沙街2段與漢中街口,0,0,1,1,B03,6,3,5,50,3,1,1,4,4,5,7,2,1,4,5,5,2,9,1,52,3,10,1,1,7,5,1,8,1,1,,15,15,1,22,9,121.5064269,25.04068023
111,12,7,22,20,2,02萬華區,萬華區長沙街2段與漢中街口,0,0,1,2,H01,6,3,5,50,3,1,1,4,4,5,7,2,1,4,5,5,2,9,2,28,2,9,4,5,8,16,8,20,10,16,,67,15,1,22,9,121.5064269,25.04068023
111,12,7,22,24,2,06松山區,松山區復興北路31號,0,0,2,2,C03,6,3,5,50,14,9,1,4,4,5,7,4,4,3,4,5,2,13,1,24,2,7,1,4,7,9,1,10,2,11,,23,7,1,22,9,121.544067,25.04949284
111,12,7,22,24,2,06松山區,松山區復興北路31號,0,0,2,1,C03,6,3,5,50,14,9,1,4,4,5,7,4,4,3,4,5,2,13,1,36,3,10,1,4,7,8,1,10,2,13,,7,7,1,22,9,121.544067,25.04949284
111,12,7,22,24,2,06松山區,松山區復興北路31號,0,0,2,3,C03,6,3,5,50,14,9,1,4,4,5,7,4,4,3,4,5,2,13,1,27,2,9,1,4,7,9,1,10,2,11,,23,7,1,22,9,121.544067,25.04949284
111,12,7,22,25,2,08士林區,士林區基河路128號與承德路4段195巷口,0,0,1,1,B03,8,3,5,50,14,9,1,5,4,5,7,4,4,10,5,5,2,17,1,27,3,10,1,1,7,11,1,8,1,7,,44,10,1,22,9,121.52292,25.08866436
111,12,7,22,25,2,08士林區,士林區基河路128號與承德路4段195巷口,0,0,1,2,C03,8,3,5,50,14,9,1,5,4,5,7,4,4,10,5,5,2,17,1,19,2,7,1,1,7,9,1,10,1,11,,23,10,1,22,9,121.52292,25.08866436
111,12,7,22,30,2,06松山區,松山區南京東路4段與北寧路口,0,0,1,1,B01,6,3,5,50,14,7,1,4,4,5,7,2,1,3,4,4,2,17,1,56,3,10,1,1,7,9,1,1,1,15,,42,42,1,22,9,121.5525119,25.05158943
111,12,7,22,30,2,06松山區,松山區南京東路4段與北寧路口,0,0,1,2,C03,6,3,5,50,14,7,1,4,4,5,7,2,1,3,4,4,2,17,1,33,2,9,1,1,7,9,1,10,1,14,,42,42,1,22,9,121.5525119,25.05158943
111,12,7,22,36,2,08士林區,士林區東山路,0,0,2,1,B03,6,3,5,50,11,9,1,4,4,5,7,4,4,1,4,5,2,23,1,23,2,1,1,1,7,9,1,8,1,8,,42,42,1,22,9,121.5389829,25.11782923
111,12,7,22,36,2,08士林區,士林區東山路,0,0,2,2,,6,3,5,50,11,9,1,4,4,5,7,4,4,1,4,5,2,23,3,,,,,,,,,,,,,67,42,1,,,121.5389829,25.11782923
111,12,7,22,36,2,08士林區,士林區東山路,0,0,2,3,H02,6,3,5,50,11,9,1,4,4,5,7,4,4,1,4,5,2,23,1,42,2,1,1,5,7,21,8,20,10,16,,67,42,1,22,9,121.5389829,25.11782923
111,12,7,22,42,2,12內湖區,內湖區陽光街192號,0,0,2,1,C03,6,3,5,50,14,9,1,4,4,5,7,4,4,9,5,5,1,2,1,28,2,9,1,1,7,9,1,10,1,12,,23,23,1,22,9,121.580804,25.07446353
111,12,7,22,42,2,12內湖區,內湖區陽光街192號,0,0,2,2,H01,6,3,5,50,14,9,1,4,4,5,7,4,4,9,5,5,1,2,1,37,2,9,4,5,8,16,8,20,1,15,,67,23,1,22,9,121.580804,25.07446353
111,12,7,22,51,2,01大同區,大同區承德路1段與南京西路口,0,0,1,1,B01,6,3,5,50,4,2,1,4,4,5,7,1,1,1,4,5,2,12,1,60,4,11,3,4,7,15,7,19,11,15,,17,43,2,22,9,121.5177431,25.0531017
111,12,7,22,51,2,01大同區,大同區承德路1段與南京西路口,0,0,1,2,C03,6,3,5,50,4,2,1,4,4,5,7,1,1,1,4,5,2,12,2,34,2,7,1,1,7,9,1,10,1,15,,17,43,1,22,9,121.5177431,25.0531017
111,12,7,22,54,2,10文山區,文山區木柵路1段與辛亥路6段口,0,0,1,1,C03,6,3,5,50,4,1,1,4,4,5,7,2,1,5,4,5,2,17,2,19,2,7,1,1,7,9,1,10,2,11,,16,16,1,22,9,121.5524814,24.9878946
111,12,7,22,54,2,10文山區,文山區木柵路1段與辛亥路6段口,0,0,1,2,C03,6,3,5,50,4,1,1,4,4,5,7,2,1,5,4,5,2,17,1,20,3,10,1,1,7,12,1,10,2,13,,44,16,1,22,9,121.5524814,24.9878946
111,12,7,22,54,2,10文山區,文山區木柵路1段與辛亥路6段口,0,0,1,3,B03,6,3,5,50,4,1,1,4,4,5,7,2,1,5,4,5,2,17,1,21,3,10,1,1,7,5,1,8,2,5,,8,16,1,22,9,121.5524814,24.9878946
111,12,7,22,58,2,04大安區,大安區和平東路2段175巷與瑞安街135巷口,0,0,2,1,C03,6,3,5,30,4,1,1,4,4,5,7,4,4,9,4,5,2,15,1,33,2,9,3,4,7,9,1,10,1,11,,6,6,1,22,9,121.5417868,25.02656395
111,12,7,22,58,2,04大安區,大安區和平東路2段175巷與瑞安街135巷口,0,0,2,2,B03,6,3,5,30,4,1,1,4,4,5,7,4,4,9,4,5,2,15,1,59,3,10,3,4,7,9,1,8,1,2,,44,6,1,22,9,121.5417868,25.02656395
111,12,7,22,58,2,04大安區,大安區和平東路2段175巷與瑞安街135巷口,0,0,2,3,H02,6,3,5,30,4,1,1,4,4,5,7,4,4,9,4,5,2,15,2,30,2,8,4,5,7,21,8,20,1,15,,67,6,1,22,9,121.5417868,25.02656395
111,12,7,23,8,2,03中山區,中山區民權東路3段2號對面,0,0,2,1,C03,6,3,5,50,14,10,1,4,4,5,7,4,4,1,3,5,2,17,2,25,2,9,3,4,7,9,1,10,1,12,,23,23,1,22,9,121.5375782,25.0624026
111,12,7,23,8,2,03中山區,中山區民權東路3段2號對面,0,0,2,2,C03,6,3,5,50,14,10,1,4,4,5,7,4,4,1,3,5,2,17,1,29,2,9,3,4,7,9,1,10,1,12,,23,23,1,22,9,121.5375782,25.0624026
111,12,7,23,8,2,03中山區,中山區民權東路3段2號對面,0,0,2,3,,6,3,5,50,14,10,1,4,4,5,7,4,4,1,3,5,2,17,3,,,,,,,,,,,,,67,23,1,,,121.5375782,25.0624026
111,12,7,23,8,2,03中山區,中山區民權東路3段2號對面,0,0,2,4,H03,6,3,5,50,14,10,1,4,4,5,7,4,4,1,3,5,2,17,1,46,3,10,4,5,8,20,8,20,10,16,,67,23,1,22,9,121.5375782,25.0624026
111,12,7,23,8,2,03中山區,中山區民權東路3段2號對面,0,0,2,5,H03,6,3,5,50,14,10,1,4,4,5,7,4,4,1,3,5,2,17,1,60,3,10,4,5,8,20,8,20,10,16,,67,23,1,22,9,121.5375782,25.0624026
111,12,7,23,48,2,02萬華區,萬華區華中橋往新北市與華中橋機車道口上橋處,0,0,1,1,C03,6,3,5,50,3,2,1,4,4,5,7,4,4,1,4,5,2,13,2,23,2,8,1,1,7,9,1,10,1,11,,16,16,1,22,9,121.4967182,25.01856749
111,12,7,23,48,2,02萬華區,萬華區華中橋往新北市與華中橋機車道口上橋處,0,0,1,2,C02,6,3,5,50,3,2,1,4,4,5,7,4,4,1,4,5,2,13,1,41,3,10,1,1,7,15,1,9,1,13,,26,16,1,22,9,121.4967182,25.01856749
111,12,7,23,53,2,04大安區,大安區信義路2段198巷與永康街31巷口口,0,0,1,1,C03,6,3,5,30,4,2,1,4,4,5,7,4,4,10,5,5,2,15,1,34,2,3,1,1,7,9,1,10,1,11,,6,6,1,22,9,121.5309439,25.0316538
111,12,7,23,53,2,04大安區,大安區信義路2段198巷與永康街31巷口口,0,0,1,2,B03,6,3,5,30,4,2,1,4,4,5,7,4,4,10,5,5,2,15,1,42,3,10,1,1,7,9,1,8,1,8,,14,6,1,22,9,121.5309439,25.0316538
111,12,8,1,7,2,02萬華區,萬華區艋舺大道167號,0,0,1,1,B03,6,3,5,50,11,9,1,4,4,5,7,4,4,1,4,5,2,12,1,33,3,10,1,1,7,9,6,8,2,2,,17,17,1,22,9,121.4996552,25.03301216
111,12,8,1,7,2,02萬華區,萬華區艋舺大道167號,0,0,1,2,C03,6,3,5,50,11,9,1,4,4,5,7,4,4,1,4,5,2,12,2,60,2,9,1,1,7,9,1,10,2,14,,17,17,1,22,9,121.4996552,25.03301216
111,12,8,1,7,2,02萬華區,萬華區艋舺大道167號,0,0,1,3,C03,6,3,5,50,11,9,1,4,4,5,7,4,4,1,4,5,2,12,2,52,3,10,1,1,7,9,1,10,2,11,,23,17,1,22,9,121.4996552,25.03301216
111,12,8,2,31,2,03中山區,中山區長安東路1段與新生北路1段口,0,0,2,1,B01,6,3,5,50,4,1,1,4,4,5,7,1,1,1,4,5,2,16,1,68,3,10,3,4,7,5,1,4,1,6,,8,8,1,22,9,121.5297228,25.0483805
111,12,8,2,31,2,03中山區,中山區長安東路1段與新生北路1段口,0,0,2,2,B02,6,3,5,50,4,1,1,4,4,5,7,1,1,1,4,5,2,16,2,22,3,10,3,4,7,9,1,8,1,5,,23,8,1,22,9,121.5297228,25.0483805
111,12,8,2,31,2,03中山區,中山區長安東路1段與新生北路1段口,0,0,2,3,H02,6,3,5,50,4,1,1,4,4,5,7,1,1,1,4,5,2,16,2,22,2,1,4,5,7,20,8,20,10,16,,67,8,1,22,9,121.5297228,25.0483805
111,12,8,2,31,2,03中山區,中山區長安東路1段與新生北路1段口,0,0,2,4,H02,6,3,5,50,4,1,1,4,4,5,7,1,1,1,4,5,2,16,1,41,2,9,4,4,7,20,8,20,10,16,,67,8,1,22,9,121.5297228,25.0483805
111,12,8,5,14,2,04大安區,大安區忠孝東路3段與建國南路1段口,0,0,1,1,B01,6,3,5,50,4,1,1,4,4,5,7,2,1,1,4,4,2,9,1,43,3,10,1,1,7,6,1,2,2,5,,15,44,1,22,9,121.5369216,25.04153776
111,12,8,5,14,2,04大安區,大安區忠孝東路3段與建國南路1段口,0,0,1,2,H01,6,3,5,50,4,1,1,4,4,5,7,2,1,1,4,4,2,9,1,45,2,9,4,5,8,16,8,20,10,16,,67,44,1,22,9,121.5369216,25.04153776
111,12,8,6,12,2,12內湖區,內湖區東湖路119巷49弄30號,0,0,2,1,C03,6,3,5,50,14,9,1,4,4,5,7,4,4,9,5,5,2,3,2,28,2,8,1,1,7,9,1,10,2,11,,43,23,1,22,9,121.6163066,25.0700372
111,12,8,6,12,2,12內湖區,內湖區東湖路119巷49弄30號,0,0,2,2,H01,6,3,5,50,14,9,1,4,4,5,7,4,4,9,5,5,2,3,2,82,2,9,4,5,8,16,8,20,10,16,,67,23,1,22,9,121.6163066,25.0700372
111,12,8,6,30,2,08士林區,士林區至誠路2段39號,0,0,1,1,C03,7,1,5,50,14,9,1,4,4,5,7,4,4,9,5,5,2,17,2,23,2,8,1,1,7,9,1,10,1,12,,42,42,1,22,9,121.5287199,25.10171904
111,12,8,6,30,2,08士林區,士林區至誠路2段39號,0,0,1,2,C03,7,1,5,50,14,9,1,4,4,5,7,4,4,9,5,5,2,17,1,63,3,10,1,1,7,5,3,18,1,15,,8,42,1,22,9,121.5287199,25.10171904
111,12,8,7,25,2,12內湖區,內湖區內湖路3段191巷與金龍路口,0,0,1,1,B03,6,1,5,30,3,1,1,4,4,3,5,4,4,5,5,5,2,16,1,75,3,10,1,1,7,5,1,8,1,8,,6,6,1,22,9,121.5878431,25.08728633
111,12,8,7,25,2,12內湖區,內湖區內湖路3段191巷與金龍路口,0,0,1,2,C03,6,1,5,30,3,1,1,4,4,3,5,4,4,5,5,5,2,16,1,25,2,9,1,1,7,9,1,10,1,11,,44,6,1,22,9,121.5878431,25.08728633
111,12,8,7,35,2,02萬華區,萬華區東園街140巷與東園街154巷9弄口,0,0,1,1,F01,8,1,5,30,4,1,1,5,4,5,7,4,4,10,5,5,2,16,1,70,2,9,3,4,7,1,8,20,1,16,,19,44,1,22,9,121.4969811,25.0233592
111,12,8,7,35,2,02萬華區,萬華區東園街140巷與東園街154巷9弄口,0,0,1,2,C03,8,1,5,30,4,1,1,5,4,5,7,4,4,10,5,5,2,16,1,60,3,10,3,4,7,9,1,10,1,11,,6,44,1,22,9,121.4969811,25.0233592
111,12,8,7,35,2,02萬華區,萬華區東園街140巷與東園街154巷9弄口,0,0,1,3,H02,8,1,5,30,4,1,1,5,4,5,7,4,4,10,5,5,2,16,1,7,3,10,4,5,7,20,8,20,10,16,,67,44,1,22,9,121.4969811,25.0233592
111,12,8,7,40,2,09北投區,北投區豐年路2段與豐年路2段32巷口,0,0,1,1,C03,6,1,5,30,3,1,1,4,4,5,7,4,4,5,4,5,2,13,1,27,2,9,1,1,7,9,1,10,1,11,,23,23,1,22,9,121.4957639,25.13549424
111,12,8,7,40,2,09北投區,北投區豐年路2段與豐年路2段32巷口,0,0,1,2,C03,6,1,5,30,3,1,1,4,4,5,7,4,4,5,4,5,2,13,1,35,3,10,1,1,7,5,1,10,1,13,,8,23,1,22,9,121.4957639,25.13549424
111,12,8,7,46,2,05中正區,中正區市民大道1段(近林森北路),0,0,3,1,C03,6,1,5,40,14,9,1,4,4,5,7,4,4,1,4,5,2,13,2,54,2,9,1,1,7,9,1,10,1,11,,16,16,1,22,9,121.5230606,25.0477601
111,12,8,7,46,2,05中正區,中正區市民大道1段(近林森北路),0,0,3,2,C03,6,1,5,40,14,9,1,4,4,5,7,4,4,1,4,5,2,13,1,36,3,10,1,1,7,9,1,10,1,13,,44,16,1,22,9,121.5230606,25.0477601
111,12,8,7,46,2,05中正區,中正區市民大道1段(近林森北路),0,0,3,3,C03,6,1,5,40,14,9,1,4,4,5,7,4,4,1,4,5,2,13,1,67,3,10,1,1,7,9,1,10,1,11,,16,16,1,22,9,121.5230606,25.0477601
111,12,8,7,46,2,05中正區,中正區市民大道1段(近林森北路),0,0,3,4,C03,6,1,5,40,14,9,1,4,4,5,7,4,4,1,4,5,2,13,1,28,2,8,2,1,7,9,1,10,1,14,,16,16,1,22,9,121.5230606,25.0477601
111,12,8,7,46,2,05中正區,中正區市民大道1段(近林森北路),0,0,3,5,C03,6,1,5,40,14,9,1,4,4,5,7,4,4,1,4,5,2,13,1,19,2,9,1,1,7,9,1,10,1,11,,16,16,1,22,9,121.5230606,25.0477601
111,12,8,7,46,2,05中正區,中正區市民大道1段(近林森北路),0,0,3,6,C03,6,1,5,40,14,9,1,4,4,5,7,4,4,1,4,5,2,13,2,34,3,10,1,1,7,9,1,10,1,13,,44,16,1,22,9,121.5230606,25.0477601
111,12,8,7,46,2,05中正區,中正區市民大道1段(近林森北路),0,0,3,7,A04,6,1,5,40,14,9,1,4,4,5,7,4,4,1,4,5,2,13,1,52,3,10,1,1,7,13,1,2,9,15,,44,16,1,22,9,121.5230606,25.0477601
111,12,8,8,5,2,04大安區,大安區和平東路3段與臥龍街口,0,0,1,1,B01,6,1,5,50,4,2,1,4,4,5,7,2,1,8,3,5,1,17,1,53,3,10,1,1,7,1,1,4,1,15,,19,19,1,10,4,121.5467391,25.02459041
111,12,8,8,5,2,04大安區,大安區和平東路3段與臥龍街口,0,0,1,2,C03,6,1,5,50,4,2,1,4,4,5,7,2,1,8,3,5,1,17,1,36,2,9,1,1,7,9,1,10,1,12,,13,19,1,5,1,121.5467391,25.02459041
111,12,8,8,6,2,10文山區,文山區興隆路2段22巷9弄4號,0,0,1,1,C03,6,1,5,30,3,1,4,4,4,5,7,4,4,10,5,5,2,15,1,70,3,10,1,1,7,9,1,10,1,13,,6,6,1,22,9,121.5458798,24.99757576
111,12,8,8,6,2,10文山區,文山區興隆路2段22巷9弄4號,0,0,1,2,C03,6,1,5,30,3,1,4,4,4,5,7,4,4,10,5,5,2,15,2,40,2,9,1,1,7,9,1,10,1,14,,44,6,1,22,9,121.5458798,24.99757576