發生年度,發生月,發生日,發生時-Hours,發生分,處理別-編號,區序,肇事地點,死亡人數,2-30日死亡人數,受傷人數,當事人序號,車種,天候,光線,道路類別,速限-速度限制,道路型態,事故位置,路面狀況1,路面狀況2,路面狀況3,道路障礙1,道路障礙2,號誌1,號誌2,車道劃分-分向,車道劃分-分道1,車道劃分-分道2,車道劃分-分道3,事故類型及型態,性別,年齡,受傷程度,主要傷處,安全帽,行動電話,車輛用途,當事者行動狀態,駕駛資格情形,駕駛執照種類,飲酒情形,車輛撞擊部位1,車輛撞擊部位2,肇因碼-個別,肇因碼-主要,個人肇逃否,職業,旅次目的,座標-X,座標-Y
111,12,8,8,8,2,04大安區,大安區辛亥路3段與敦南街76巷口,0,0,1,1,C03,7,1,5,50,3,1,1,4,4,5,7,4,4,1,4,5,2,16,2,47,4,11,3,4,7,6,1,10,11,12,,9,9,1,22,9,121.5461397,25.02004429
111,12,8,8,8,2,04大安區,大安區辛亥路3段與敦南街76巷口,0,0,1,2,C03,7,1,5,50,3,1,1,4,4,5,7,4,4,1,4,5,2,16,2,24,2,9,3,4,7,9,1,10,1,11,,14,9,1,22,9,121.5461397,25.02004429
111,12,8,8,19,2,03中山區,中山區民族東路6號,0,0,1,1,C03,7,1,5,40,14,8,1,5,4,5,7,4,4,1,4,4,2,13,1,20,3,10,1,1,7,9,1,10,1,11,,23,23,1,22,9,121.5236231,25.06838094
111,12,8,8,19,2,03中山區,中山區民族東路6號,0,0,1,2,C03,7,1,5,40,14,8,1,5,4,5,7,4,4,1,4,4,2,13,1,62,2,9,1,1,7,9,1,10,1,13,,44,23,1,22,9,121.5236231,25.06838094
111,12,8,8,20,2,04大安區,大安區金華街與愛國東路170巷口,0,0,1,1,B03,7,1,5,50,4,1,1,5,4,5,7,4,4,10,5,5,2,16,1,50,3,10,3,4,7,6,1,8,1,6,,17,17,1,22,9,121.5232066,25.0307054
111,12,8,8,20,2,04大安區,大安區金華街與愛國東路170巷口,0,0,1,2,C03,7,1,5,50,4,1,1,5,4,5,7,4,4,10,5,5,2,16,1,38,2,8,1,4,7,9,1,10,1,11,,17,17,1,22,9,121.5232066,25.0307054
111,12,8,8,24,2,08士林區,士林區格致路與凱旋路口口,0,0,1,1,C03,6,1,5,40,3,2,1,4,4,5,7,2,1,5,5,5,1,13,2,21,2,8,1,1,7,3,1,10,1,13,,18,18,1,22,9,121.5464125,25.13699245
111,12,8,8,24,2,08士林區,士林區格致路與凱旋路口口,0,0,1,2,A02,6,1,5,40,3,2,1,4,4,5,7,2,1,5,5,5,1,13,1,45,3,10,1,1,7,9,1,2,1,1,,23,18,1,22,9,121.5464125,25.13699245
111,12,8,8,36,2,04大安區,大安區仁愛路3段與建國南路1段口,0,0,1,1,B01,6,1,5,50,4,2,1,4,4,5,7,2,1,8,3,1,1,17,1,68,3,10,1,1,7,6,1,4,1,15,,25,25,1,10,4,121.537649,25.03802298
111,12,8,8,36,2,04大安區,大安區仁愛路3段與建國南路1段口,0,0,1,2,C03,6,1,5,50,4,2,1,4,4,5,7,2,1,8,3,1,1,17,1,35,2,9,1,1,7,9,1,10,1,14,,26,25,1,5,1,121.537649,25.03802298
111,12,8,8,36,2,10文山區,文山區試院路1-1號旁,0,0,1,1,C04,6,1,5,30,14,9,1,4,4,5,7,4,4,8,5,5,2,18,1,18,2,8,1,1,7,9,1,10,9,14,,43,43,1,22,9,121.5498388,24.9875435
111,12,8,8,36,2,10文山區,文山區試院路1-1號旁,0,0,1,2,,6,1,5,30,14,9,1,4,4,5,7,4,4,8,5,5,2,18,3,,,,,,,,,,,,,67,43,1,,,121.5498388,24.9875435
111,12,8,8,50,2,01大同區,大同區民權西路與承德路2段口,0,0,2,1,C03,6,1,5,50,4,2,1,4,4,5,7,2,1,1,4,5,2,12,2,65,3,10,3,4,7,9,1,10,2,12,,17,17,1,22,9,121.5181538,25.06282422
111,12,8,8,50,2,01大同區,大同區民權西路與承德路2段口,0,0,2,2,C03,6,1,5,50,4,2,1,4,4,5,7,2,1,1,4,5,2,12,2,42,2,9,3,4,7,9,1,10,2,14,,17,17,1,22,9,121.5181538,25.06282422
111,12,8,8,50,2,01大同區,大同區民權西路與承德路2段口,0,0,2,3,H02,6,1,5,50,4,2,1,4,4,5,7,2,1,1,4,5,2,12,1,35,2,7,3,4,7,21,8,20,10,16,,67,17,1,22,9,121.5181538,25.06282422
111,12,8,9,3,2,02萬華區,萬華區康定路275號,0,0,2,1,H01,7,1,5,50,14,9,1,4,4,5,7,4,4,9,4,5,2,9,2,57,2,9,4,5,8,18,8,20,10,16,,53,53,1,22,9,121.5011183,25.03433282
111,12,8,9,3,2,02萬華區,萬華區康定路275號,0,0,2,2,C03,7,1,5,50,14,9,1,4,4,5,7,4,4,9,4,5,2,9,1,24,2,9,1,1,7,9,1,10,1,11,,44,53,1,22,9,121.5011183,25.03433282
111,12,8,9,3,2,02萬華區,萬華區康定路275號,0,0,2,3,B03,7,1,5,50,14,9,1,4,4,5,7,4,4,9,4,5,2,9,1,39,3,10,1,1,7,14,1,8,1,6,,44,53,1,22,9,121.5011183,25.03433282
111,12,8,9,3,2,02萬華區,萬華區忠孝西路2段與西寧南路口,0,0,2,1,C03,8,1,5,50,4,1,1,5,4,5,7,1,1,3,3,5,2,1,2,22,2,9,3,4,7,9,1,10,1,14,,42,44,1,22,9,121.5074626,25.0484986
111,12,8,9,3,2,02萬華區,萬華區忠孝西路2段與西寧南路口,0,0,2,2,H01,8,1,5,50,4,1,1,5,4,5,7,1,1,3,3,5,2,1,1,73,2,9,4,5,8,16,8,20,10,16,,42,44,1,22,9,121.5074626,25.0484986
111,12,8,9,4,2,04大安區,大安區大安路1段與四維路52巷口口,0,0,1,1,B03,6,1,5,30,4,1,1,4,4,5,7,4,4,9,5,4,2,15,1,49,3,10,3,4,7,9,1,8,1,4,,6,6,1,22,9,121.5460107,25.03508155
111,12,8,9,4,2,04大安區,大安區大安路1段與四維路52巷口口,0,0,1,2,C03,6,1,5,30,4,1,1,4,4,5,7,4,4,9,5,4,2,15,1,25,2,9,3,4,7,9,1,10,1,11,,14,6,1,22,9,121.5460107,25.03508155
111,12,8,9,5,2,06松山區,信義區忠孝東路5段與松仁路口,0,0,1,2,,7,1,5,50,5,1,1,4,4,5,7,2,1,1,2,5,1,18,3,,,,,,,,,,,,,67,42,1,,,121.5684494,25.04099163
111,12,8,9,5,2,06松山區,信義區忠孝東路5段與松仁路口,0,0,1,1,C03,7,1,5,50,5,1,1,4,4,5,7,2,1,1,2,5,1,18,1,24,2,9,1,4,7,9,1,10,2,12,,42,42,1,23,9,121.5684494,25.04099163
111,12,8,9,8,2,12內湖區,內湖區麗山街358巷與麗山街口,0,0,1,1,F01,6,1,5,30,4,1,1,4,4,5,7,4,4,9,4,5,2,17,1,74,3,10,1,1,7,5,8,20,1,15,,6,6,1,22,9,121.5728608,25.08221623
111,12,8,9,8,2,12內湖區,內湖區麗山街358巷與麗山街口,0,0,1,2,C03,6,1,5,30,4,1,1,4,4,5,7,4,4,9,4,5,2,17,1,40,2,9,1,1,7,9,1,10,1,14,,42,6,1,22,9,121.5728608,25.08221623
111,12,8,9,14,2,05中正區,中正區忠孝東路2段28號,0,0,1,1,B03,6,1,5,40,14,9,1,4,4,5,7,4,4,1,4,4,2,16,1,63,3,10,1,1,7,6,1,8,2,2,,44,44,1,22,9,121.5273822,25.043683
111,12,8,9,14,2,05中正區,中正區忠孝東路2段28號,0,0,1,2,C03,6,1,5,40,14,9,1,4,4,5,7,4,4,1,4,4,2,16,1,28,2,9,1,1,7,9,1,10,2,14,,44,44,1,22,9,121.5273822,25.043683
111,12,8,9,29,2,04大安區,大安區辛亥路3段往西方向,0,0,1,1,B03,6,1,5,50,14,9,1,4,4,5,7,4,4,8,3,5,1,12,1,26,3,10,1,1,7,14,1,8,1,6,,44,44,1,5,3,121.5531922,25.01424708
111,12,8,9,29,2,04大安區,大安區辛亥路3段往西方向,0,0,1,2,C03,6,1,5,50,14,9,1,4,4,5,7,4,4,8,3,5,1,12,2,23,2,9,1,1,7,9,1,10,1,11,,23,44,1,5,1,121.5531922,25.01424708
111,12,8,9,50,2,10文山區,文山區羅斯福路5段147號,0,0,1,1,C03,6,1,5,50,14,9,1,4,4,5,7,1,1,1,4,5,2,18,2,31,2,9,1,1,7,9,1,10,1,14,,42,42,1,22,9,121.538794,25.00409456
111,12,8,9,50,2,10文山區,文山區羅斯福路5段147號,0,0,1,2,,6,1,5,50,14,9,1,4,4,5,7,1,1,1,4,5,2,18,3,,,,,,,,,,,,,67,42,1,,,121.538794,25.00409456
111,12,8,10,1,2,08士林區,士林區中山北路5段與文林路口,0,0,1,2,C03,6,1,5,50,3,2,1,4,4,5,7,2,1,1,4,5,1,17,2,20,2,5,1,1,7,9,1,10,2,14,,17,43,1,22,9,121.5257688,25.08557922
111,12,8,10,1,2,08士林區,士林區中山北路5段與文林路口,0,0,1,1,C03,6,1,5,50,3,2,1,4,4,5,7,2,1,1,4,5,1,17,2,52,4,11,3,4,7,15,7,19,11,15,,17,43,2,22,9,121.5257688,25.08557922
111,12,8,10,1,2,08士林區,士林區中山北路5段與文林路口,0,0,1,3,C03,6,1,5,50,3,2,1,4,4,5,7,2,1,1,4,5,1,17,1,20,3,10,1,1,7,9,1,10,9,12,,44,43,1,22,9,121.5257688,25.08557922
111,12,8,10,5,2,12內湖區,內湖區民權東路6段與成功路2段口引道,0,0,1,1,,7,1,5,50,3,1,1,4,4,5,7,4,4,1,4,5,2,16,4,,4,11,3,4,7,15,7,19,11,15,,43,43,2,22,9,121.5903437,25.06888126
111,12,8,10,5,2,12內湖區,內湖區民權東路6段與成功路2段口引道,0,0,1,2,C03,7,1,5,50,3,1,1,4,4,5,7,4,4,1,4,5,2,16,1,18,2,8,1,1,7,9,1,10,1,14,,43,43,1,22,9,121.5903437,25.06888126
111,12,8,10,9,2,02萬華區,萬華區西園路1段與廣州街口,0,0,1,1,B01,6,1,5,50,4,2,1,4,4,5,7,2,1,5,5,5,2,3,1,52,3,10,1,1,7,5,1,4,1,1,,15,6,1,22,9,121.4994135,25.0367731
111,12,8,10,9,2,02萬華區,萬華區西園路1段與廣州街口,0,0,1,2,H01,6,1,5,50,4,2,1,4,4,5,7,2,1,5,5,5,2,3,2,74,2,9,4,5,8,16,8,20,10,16,,67,6,1,22,9,121.4994135,25.0367731
111,12,8,10,36,2,08士林區,士林區承德路4段10巷與通河街76巷口,0,0,1,1,B12,8,1,5,30,4,2,1,5,4,5,7,4,4,10,5,5,1,16,1,45,3,10,1,1,7,9,1,8,9,7,,6,6,1,22,9,121.5201487,25.0801317
111,12,8,10,36,2,08士林區,士林區承德路4段10巷與通河街76巷口,0,0,1,2,C03,8,1,5,30,4,2,1,5,4,5,7,4,4,10,5,5,1,16,2,20,2,9,1,1,7,9,1,10,9,11,,23,6,1,22,9,121.5201487,25.0801317
111,12,8,10,43,2,06松山區,松山區民權東路5段與撫遠街口,0,0,1,1,B03,8,1,5,50,4,1,1,5,4,5,7,2,1,1,4,5,2,15,1,44,3,10,1,1,7,15,1,8,2,2,,6,6,1,22,9,121.5659742,25.06330397
111,12,8,10,43,2,06松山區,松山區民權東路5段與撫遠街口,0,0,1,2,C03,8,1,5,50,4,1,1,5,4,5,7,2,1,1,4,5,2,15,1,35,2,9,1,1,7,9,1,10,2,11,,23,6,1,22,9,121.5659742,25.06330397
111,12,8,12,39,2,10文山區,文山區溪洲街82巷橋墩P301號旁,0,0,2,1,C03,7,1,5,30,14,9,1,4,4,5,7,4,4,9,4,5,2,10,1,20,2,8,1,1,7,9,1,10,1,11,,4,4,1,22,9,121.5342494,25.00873425
111,12,8,12,39,2,10文山區,文山區溪洲街82巷橋墩P301號旁,0,0,2,2,C03,7,1,5,30,14,9,1,4,4,5,7,4,4,9,4,5,2,10,1,38,2,9,1,1,7,9,1,10,1,14,,44,4,1,22,9,121.5342494,25.00873425
111,12,8,12,53,2,09北投區,北投區知行路292巷8號,0,0,1,1,B01,8,1,5,30,14,9,1,5,4,5,7,4,4,9,5,5,2,16,1,62,3,10,1,1,7,9,1,4,1,1,,43,43,1,22,9,121.4682799,25.12173901
111,12,8,12,53,2,09北投區,北投區知行路292巷8號,0,0,1,2,C03,8,1,5,30,14,9,1,5,4,5,7,4,4,9,5,5,2,16,1,42,2,9,1,1,7,9,1,10,1,14,,43,43,1,22,9,121.4682799,25.12173901
111,12,8,13,5,2,03中山區,中山區敬業三路與植福路口,0,0,1,1,B03,7,1,5,50,4,1,1,5,4,5,7,1,1,1,4,4,2,16,1,52,3,10,3,4,7,6,1,8,1,5,,9,9,1,22,9,121.5564484,25.0839228
111,12,8,13,5,2,03中山區,中山區敬業三路與植福路口,0,0,1,2,C03,7,1,5,50,4,1,1,5,4,5,7,1,1,1,4,4,2,16,2,56,2,4,3,4,7,15,1,10,1,14,,13,9,1,22,9,121.5564484,25.0839228
111,12,8,13,17,2,09北投區,北投區三合街2段與磺港路口,0,0,1,1,B12,8,1,5,30,4,2,1,5,4,5,7,1,1,9,5,5,1,12,1,27,3,10,1,1,7,6,1,8,2,5,,9,9,1,22,9,121.5032519,25.12667773
111,12,8,13,17,2,09北投區,北投區三合街2段與磺港路口,0,0,1,2,C03,8,1,5,30,4,2,1,5,4,5,7,1,1,9,5,5,1,12,1,62,2,8,1,1,7,9,1,10,2,14,,13,9,1,22,9,121.5032519,25.12667773
111,12,8,13,18,2,02萬華區,萬華區西藏路與寶興街口,0,0,2,3,C03,7,1,5,50,5,2,4,5,4,5,7,1,1,1,3,5,1,13,4,,4,11,3,4,7,5,1,10,11,15,,43,16,1,22,9,121.4923485,25.0285408
111,12,8,13,18,2,02萬華區,萬華區西藏路與寶興街口,0,0,2,1,C03,7,1,5,50,5,2,4,5,4,5,7,1,1,1,3,5,1,13,1,23,2,8,3,4,7,9,3,18,1,11,,23,16,1,22,9,121.4923485,25.0285408
111,12,8,13,18,2,02萬華區,萬華區西藏路與寶興街口,0,0,2,2,C03,7,1,5,50,5,2,4,5,4,5,7,1,1,1,3,5,1,13,1,23,2,8,3,4,7,9,1,10,1,13,,44,16,1,22,9,121.4923485,25.0285408
111,12,8,13,40,2,08士林區,士林區中山北路5段北往南銘傳大學前,0,0,2,1,C03,8,1,5,50,14,9,1,5,4,5,7,2,1,1,4,5,2,16,1,19,2,8,3,4,7,5,1,10,1,14,,8,19,1,22,9,121.5267907,25.08756136
111,12,8,13,40,2,08士林區,士林區中山北路5段北往南銘傳大學前,0,0,2,2,C03,8,1,5,50,14,9,1,5,4,5,7,2,1,1,4,5,2,16,1,18,2,7,3,4,7,9,1,10,1,11,,13,19,1,22,9,121.5267907,25.08756136
111,12,8,13,41,2,07信義區,信義區基隆路1段161號,0,0,1,1,B01,8,1,5,50,4,2,1,5,4,5,7,2,1,10,5,5,2,12,1,53,2,2,1,1,7,8,1,4,1,3,,7,7,1,22,9,121.5647916,25.0414006
111,12,8,13,41,2,07信義區,信義區基隆路1段161號,0,0,1,2,B12,8,1,5,50,4,2,1,5,4,5,7,2,1,10,5,5,2,12,1,49,3,10,1,1,7,6,1,8,1,5,,44,7,1,22,9,121.5647916,25.0414006
111,12,8,13,48,2,12內湖區,內湖區成功路4段與康寧路1段口,0,0,1,1,B01,7,1,5,50,4,2,1,5,4,5,7,2,1,1,4,5,2,17,1,63,3,10,1,1,7,8,1,4,1,6,,7,7,1,22,9,121.5910646,25.08074547
111,12,8,13,48,2,12內湖區,內湖區成功路4段與康寧路1段口,0,0,1,2,C03,7,1,5,50,4,2,1,5,4,5,7,2,1,1,4,5,2,17,2,30,2,8,1,1,7,9,1,10,1,11,,44,7,1,22,9,121.5910646,25.08074547
111,12,8,13,55,2,05中正區,中正區館前路與開封街1段口,0,0,1,1,C03,7,1,5,50,3,2,1,5,4,5,7,4,4,10,4,5,2,16,1,20,2,8,1,1,7,5,1,10,2,13,,44,44,1,22,9,121.514994,25.0459524
111,12,8,13,55,2,05中正區,中正區館前路與開封街1段口,0,0,1,2,B03,7,1,5,50,3,2,1,5,4,5,7,4,4,10,4,5,2,16,1,43,3,10,1,1,7,9,1,8,2,5,,44,44,1,22,9,121.514994,25.0459524
111,12,8,14,15,2,03中山區,中山區市民大道3段與八德路2段210巷口,0,0,1,1,C04,8,1,5,40,3,1,1,5,4,5,7,1,1,1,4,5,2,17,2,37,2,9,1,4,7,9,1,10,1,14,,23,43,1,22,9,121.5395164,25.0447435
111,12,8,14,15,2,03中山區,中山區市民大道3段與八德路2段210巷口,0,0,1,2,C03,8,1,5,40,3,1,1,5,4,5,7,1,1,1,4,5,2,17,1,60,4,11,3,4,7,15,7,19,11,15,,42,43,2,22,9,121.5395164,25.0447435
111,12,8,14,15,2,03中山區,中山區市民大道3段與八德路2段210巷口,0,0,1,3,C03,8,1,5,40,3,1,1,5,4,5,7,1,1,1,4,5,2,17,1,62,3,10,3,4,7,9,1,10,1,14,,23,43,1,22,9,121.5395164,25.0447435
111,12,8,14,20,2,11南港區,南港區南港路1段92號,0,0,1,1,C03,6,1,5,50,14,9,1,4,4,5,7,4,4,1,4,5,2,13,2,24,2,8,1,1,7,9,1,10,2,11,,23,23,1,22,9,121.6142429,25.0553604
111,12,8,14,20,2,11南港區,南港區南港路1段92號,0,0,1,2,B03,6,1,5,50,14,9,1,4,4,5,7,4,4,1,4,5,2,13,2,49,3,10,1,1,7,9,1,8,2,7,,44,23,1,22,9,121.6142429,25.0553604
111,12,8,14,40,2,04大安區,大安區通化街180巷與通化街口,0,0,1,1,B03,8,1,5,50,4,1,1,5,4,5,7,4,4,9,4,5,2,15,1,56,3,10,3,4,7,9,1,8,1,8,,44,44,1,22,9,121.5533718,25.0273559
111,12,8,14,40,2,04大安區,大安區通化街180巷與通化街口,0,0,1,2,C03,8,1,5,50,4,1,1,5,4,5,7,4,4,9,4,5,2,15,1,59,2,8,3,4,7,9,1,10,1,11,,4,44,1,22,9,121.5533718,25.0273559
111,12,8,14,48,2,01大同區,大同區承德路3段與民族西路口,0,0,1,1,C03,8,1,5,50,4,2,1,5,4,5,7,1,1,1,4,5,2,17,1,23,3,10,1,1,7,8,1,10,1,15,,7,7,2,22,9,121.5183437,25.06858733
111,12,8,14,48,2,01大同區,大同區承德路3段與民族西路口,0,0,1,2,C03,8,1,5,50,4,2,1,5,4,5,7,1,1,1,4,5,2,17,1,22,2,9,1,1,7,9,1,10,1,12,,42,7,1,22,9,121.5183437,25.06858733
111,12,8,14,50,2,08士林區,士林區福國路與文林路口,0,0,1,1,A12,7,1,5,50,5,2,1,5,4,5,7,1,1,1,4,5,1,17,1,46,3,10,1,1,7,6,1,3,2,15,,23,23,1,22,9,121.5213088,25.10189772
111,12,8,14,50,2,08士林區,士林區福國路與文林路口,0,0,1,2,C03,7,1,5,50,5,2,1,5,4,5,7,1,1,1,4,5,1,17,1,73,2,9,1,1,7,6,1,10,2,15,,44,23,1,22,9,121.5213088,25.10189772
111,12,8,14,51,2,06松山區,松山區延壽街330巷與三民路43巷口,0,0,1,1,B03,8,1,5,40,4,1,1,5,4,5,7,2,1,5,2,4,2,12,1,38,3,10,1,1,7,5,1,8,2,7,,8,8,1,22,9,121.5603032,25.0558631
111,12,8,14,51,2,06松山區,松山區延壽街330巷與三民路43巷口,0,0,1,2,C03,8,1,5,40,4,1,1,5,4,5,7,2,1,5,2,4,2,12,1,20,3,10,1,1,7,9,1,10,2,11,,13,8,1,22,9,121.5603032,25.0558631
111,12,8,14,51,2,06松山區,松山區延壽街330巷與三民路43巷口,0,0,1,3,H02,8,1,5,40,4,1,1,5,4,5,7,2,1,5,2,4,2,12,2,19,2,9,1,1,7,20,8,20,10,16,,67,8,1,22,9,121.5603032,25.0558631
111,12,8,15,19,2,02萬華區,萬華區昆明街309號,0,0,1,1,F01,7,1,5,0,14,9,1,4,4,5,7,4,4,9,4,5,2,17,4,,4,11,3,4,7,15,7,19,11,15,,43,43,2,22,9,121.5033645,25.03555399
111,12,8,15,19,2,02萬華區,萬華區昆明街309號,0,0,1,2,C03,7,1,5,0,14,9,1,4,4,5,7,4,4,9,4,5,2,17,1,57,2,8,1,1,7,9,3,18,1,11,,44,43,1,22,9,121.5033645,25.03555399
111,12,8,15,33,2,04大安區,大安區復興南路1段295巷與信義路4段53巷口,0,0,1,1,B03,7,1,5,30,4,1,1,5,4,5,7,4,4,9,4,5,1,16,1,41,3,10,3,4,7,9,1,8,1,8,,6,6,1,22,9,121.5451276,25.0351387
111,12,8,15,33,2,04大安區,大安區復興南路1段295巷與信義路4段53巷口,0,0,1,2,C03,7,1,5,30,4,1,1,5,4,5,7,4,4,9,4,5,1,16,1,57,2,7,1,1,7,9,1,10,1,12,,23,6,1,22,9,121.5451276,25.0351387
111,12,8,15,39,2,09北投區,北投區文林北路與文承路口,0,0,1,1,B03,8,1,5,50,14,9,1,5,4,5,7,4,4,9,4,5,2,13,1,59,3,10,1,1,7,1,1,8,2,7,,19,19,1,22,9,121.5161569,25.10565546
111,12,8,15,39,2,09北投區,北投區文林北路與文承路口,0,0,1,2,C03,8,1,5,50,14,9,1,5,4,5,7,4,4,9,4,5,2,13,1,51,2,9,1,1,7,9,1,10,2,11,,44,19,1,22,9,121.5161569,25.10565546
111,12,8,15,40,2,05中正區,中正區中山北路1段與北平東路口,0,0,1,1,B03,7,1,5,50,4,1,1,5,4,5,7,1,1,8,4,1,1,16,1,58,3,10,1,1,7,5,1,8,2,5,,25,8,1,22,9,121.520234,25.0472638
111,12,8,15,40,2,05中正區,中正區中山北路1段與北平東路口,0,0,1,2,C03,7,1,5,50,4,1,1,5,4,5,7,1,1,8,4,1,1,16,1,38,2,9,1,1,7,9,1,10,2,11,,44,8,1,22,9,121.520234,25.0472638
111,12,8,16,3,2,07信義區,信義區松德路與松德路269巷口,0,0,1,1,B03,8,1,5,30,3,1,1,5,4,5,7,4,4,5,5,4,2,15,1,50,3,10,3,4,7,9,1,8,1,8,,6,6,1,22,9,121.5746109,25.0329668
111,12,8,16,3,2,07信義區,信義區松德路與松德路269巷口,0,0,1,2,C03,8,1,5,30,3,1,1,5,4,5,7,4,4,5,5,4,2,15,1,20,2,9,3,4,7,9,1,10,1,12,,13,6,1,22,9,121.5746109,25.0329668
111,12,8,16,6,2,05中正區,中正區南昌路1段與南昌路1段10巷口,0,0,2,1,C03,8,1,5,30,3,1,1,5,4,5,7,4,4,5,2,5,2,17,1,45,2,9,1,1,7,9,1,10,2,11,,26,26,1,22,9,121.515669,25.0332507
111,12,8,16,6,2,05中正區,中正區南昌路1段與南昌路1段10巷口,0,0,2,2,C03,8,1,5,30,3,1,1,5,4,5,7,4,4,5,2,5,2,17,1,36,2,9,1,1,7,5,1,10,2,14,,44,26,1,22,9,121.515669,25.0332507
111,12,8,16,13,2,07信義區,信義區和平東路3段與富陽街口,0,0,2,1,B03,7,1,5,50,5,1,1,5,4,5,7,1,1,1,4,5,2,16,1,72,3,10,1,1,7,5,1,8,2,5,,44,6,1,22,9,121.556562,25.0206686
111,12,8,16,13,2,07信義區,信義區和平東路3段與富陽街口,0,0,2,2,C03,7,1,5,50,5,1,1,5,4,5,7,1,1,1,4,5,2,16,1,19,2,9,1,1,7,9,1,10,2,14,,25,6,1,22,9,121.556562,25.0206686
111,12,8,16,13,2,07信義區,信義區和平東路3段與富陽街口,0,0,2,3,H02,7,1,5,50,5,1,1,5,4,5,7,1,1,1,4,5,2,16,1,20,2,9,4,5,7,17,8,20,10,16,,67,6,1,22,9,121.556562,25.0206686
111,12,8,16,15,2,01大同區,大同區台北橋機車道,0,0,2,1,C03,8,1,5,50,14,9,1,5,4,5,7,4,4,10,4,5,2,12,1,47,2,9,3,4,7,8,3,18,1,13,,7,42,1,22,9,121.5084767,25.06354169
111,12,8,16,15,2,01大同區,大同區台北橋機車道,0,0,2,2,C03,8,1,5,50,14,9,1,5,4,5,7,4,4,10,4,5,2,12,1,42,2,9,3,4,7,9,1,10,1,11,,23,42,1,22,9,121.5084767,25.06354169
111,12,8,16,17,2,12內湖區,內湖區潭美街297號,0,0,1,1,C03,7,1,5,40,14,9,1,5,4,1,7,4,4,5,4,5,2,17,2,39,2,8,1,1,7,9,1,10,1,11,,23,23,1,22,9,121.5887428,25.05786465
111,12,8,16,17,2,12內湖區,內湖區潭美街297號,0,0,1,2,B03,7,1,5,40,14,9,1,5,4,1,7,4,4,5,4,5,2,17,1,40,3,10,3,4,7,13,7,19,11,8,,44,23,1,22,9,121.5887428,25.05786465
111,12,8,16,17,2,12內湖區,內湖區潭美街297號,0,0,1,3,,7,1,5,40,14,9,1,5,4,1,7,4,4,5,4,5,2,17,3,,,,,,,,,,,,,67,23,1,,,121.5887428,25.05786465
111,12,8,16,17,2,12內湖區,內湖區潭美街297號,0,0,1,4,C03,7,1,5,40,14,9,1,5,4,1,7,4,4,5,4,5,2,17,1,40,3,10,3,4,7,13,7,19,11,15,,44,23,1,22,9,121.5887428,25.05786465
111,12,8,17,0,2,03中山區,中山區中山北路3段與中山北路3段口海霸王後方無名巷,0,0,1,1,B12,8,2,5,30,3,1,1,5,4,5,7,4,4,9,4,5,2,16,1,47,3,10,1,1,7,6,1,8,1,4,,9,9,1,22,9,121.5231,25.06888871
111,12,8,17,0,2,03中山區,中山區中山北路3段與中山北路3段口海霸王後方無名巷,0,0,1,2,C03,8,2,5,30,3,1,1,5,4,5,7,4,4,9,4,5,2,16,1,26,2,9,1,1,7,9,1,10,1,11,,14,9,1,22,9,121.5231,25.06888871
111,12,8,17,0,2,11南港區,南港區南港路2段41巷與南港路2段口,0,0,1,1,B03,6,3,5,50,3,2,1,4,4,5,1,1,1,4,3,4,2,13,1,58,3,10,3,4,7,9,1,8,2,1,,44,23,1,22,9,121.6027031,25.05364873
111,12,8,17,0,2,11南港區,南港區南港路2段41巷與南港路2段口,0,0,1,2,C03,6,3,5,50,3,2,1,4,4,5,1,1,1,4,3,4,2,13,1,20,2,7,1,4,7,7,1,10,2,13,,7,23,1,22,9,121.6027031,25.05364873
111,12,8,17,11,2,04大安區,大安區金山南路2段230號,0,0,1,1,B03,8,3,5,50,14,9,1,5,4,5,7,2,1,1,4,5,2,12,1,19,3,10,3,4,7,6,1,8,1,2,,9,9,1,22,9,121.5259329,25.02743257
111,12,8,17,11,2,04大安區,大安區金山南路2段230號,0,0,1,2,C03,8,3,5,50,14,9,1,5,4,5,7,2,1,1,4,5,2,12,1,27,2,9,3,4,7,9,1,9,1,12,,23,9,1,22,9,121.5259329,25.02743257
111,12,8,17,20,2,05中正區,中正區和平西路1段與廈門街口,0,0,1,1,B01,6,3,5,50,4,1,1,4,4,5,7,1,1,1,4,5,2,16,1,61,3,10,1,1,7,5,1,4,1,6,,8,8,1,22,9,121.5179782,25.0267171
111,12,8,17,20,2,05中正區,中正區和平西路1段與廈門街口,0,0,1,2,C03,6,3,5,50,4,1,1,4,4,5,7,1,1,1,4,5,2,16,1,56,2,9,1,1,7,9,1,10,1,11,,23,8,1,22,9,121.5179782,25.0267171
111,12,8,17,22,2,03中山區,中山區中山橋往東機慢車專用道與河濱公園自行車道口,0,0,2,1,B02,7,3,5,50,11,11,1,5,4,5,7,1,1,1,4,4,2,13,1,32,3,10,3,4,7,1,1,8,1,6,,19,6,1,22,9,121.5256473,25.07437169
111,12,8,17,22,2,03中山區,中山區中山橋往東機慢車專用道與河濱公園自行車道口,0,0,2,2,C03,7,3,5,50,11,11,1,5,4,5,7,1,1,1,4,4,2,13,1,18,2,8,3,4,7,9,1,10,1,11,,16,6,1,22,9,121.5256473,25.07437169
111,12,8,17,22,2,03中山區,中山區中山橋往東機慢車專用道與河濱公園自行車道口,0,0,2,3,C03,7,3,5,50,11,11,1,5,4,5,7,1,1,1,4,4,2,13,1,54,2,7,3,4,7,14,1,10,1,13,,44,6,1,22,9,121.5256473,25.07437169