發生年度,發生月,發生日,發生時-Hours,發生分,處理別-編號,區序,肇事地點,死亡人數,2-30日死亡人數,受傷人數,當事人序號,車種,天候,光線,道路類別,速限-速度限制,道路型態,事故位置,路面狀況1,路面狀況2,路面狀況3,道路障礙1,道路障礙2,號誌1,號誌2,車道劃分-分向,車道劃分-分道1,車道劃分-分道2,車道劃分-分道3,事故類型及型態,性別,年齡,受傷程度,主要傷處,安全帽,行動電話,車輛用途,當事者行動狀態,駕駛資格情形,駕駛執照種類,飲酒情形,車輛撞擊部位1,車輛撞擊部位2,肇因碼-個別,肇因碼-主要,個人肇逃否,職業,旅次目的,座標-X,座標-Y
111,12,8,17,22,2,05中正區,中正區中山南路與青島西路口,0,0,1,1,B03,7,3,5,50,4,2,1,5,4,5,7,1,1,1,4,5,2,17,1,58,3,10,1,1,7,9,1,8,2,5,,23,44,1,22,9,121.5193303,25.0442573
111,12,8,17,22,2,05中正區,中正區中山南路與青島西路口,0,0,1,2,C03,7,3,5,50,4,2,1,5,4,5,7,1,1,1,4,5,2,17,1,49,2,8,1,1,7,14,1,10,2,15,,44,44,1,22,9,121.5193303,25.0442573
111,12,8,17,50,2,05中正區,中正區金山南路1段82號前,0,0,1,1,C03,7,3,5,50,14,9,1,5,4,5,7,4,4,3,4,5,1,18,2,28,2,9,1,1,7,9,1,10,2,12,,42,42,1,22,9,121.527692,25.03639013
111,12,8,17,50,2,05中正區,中正區金山南路1段82號前,0,0,1,2,,7,3,5,50,14,9,1,5,4,5,7,4,4,3,4,5,1,18,3,,,,,,,,,,,,,67,42,1,,,121.527692,25.03639013
111,12,8,18,20,2,03中山區,中山區民族東路26號對面,0,0,1,2,C04,7,3,5,50,14,9,1,5,4,5,7,4,4,1,4,5,1,12,2,39,2,9,1,1,7,9,1,10,1,12,,17,17,1,22,9,121.5244454,25.06847599
111,12,8,18,20,2,03中山區,中山區民族東路26號對面,0,0,1,1,C03,7,3,5,50,14,9,1,5,4,5,7,4,4,1,4,5,1,12,2,47,3,10,1,1,7,9,1,10,11,14,,17,17,1,22,9,121.5244454,25.06847599
111,12,8,18,20,2,08士林區,士林區承德路4段與大南路口,0,0,1,1,B03,7,3,5,50,5,1,1,5,4,5,7,1,1,1,4,5,2,17,1,37,3,10,1,1,7,9,1,8,2,2,,25,25,1,22,9,121.521682,25.08888402
111,12,8,18,20,2,08士林區,士林區承德路4段與大南路口,0,0,1,2,C03,7,3,5,50,5,1,1,5,4,5,7,1,1,1,4,5,2,17,2,49,2,4,1,1,7,9,1,10,2,11,,44,25,1,22,9,121.521682,25.08888402
111,12,8,18,33,2,03中山區,中山區民權西路67號,0,0,1,1,B03,6,3,5,50,14,8,1,4,4,5,7,4,4,10,4,4,2,12,1,43,3,10,1,1,7,9,1,8,1,2,,17,43,1,22,9,121.5201408,25.062946
111,12,8,18,33,2,03中山區,中山區民權西路67號,0,0,1,2,C03,6,3,5,50,14,8,1,4,4,5,7,4,4,10,4,4,2,12,1,24,2,8,1,1,7,9,1,10,1,14,,44,43,1,22,9,121.5201408,25.062946
111,12,8,18,40,2,07信義區,信義區基隆路1段333號,0,0,1,1,B01,6,3,5,50,15,18,1,4,4,5,7,4,4,9,4,5,1,3,1,60,3,10,3,4,7,6,1,4,1,1,,15,9,1,22,9,121.5605776,25.0342832
111,12,8,18,40,2,07信義區,信義區基隆路1段333號,0,0,1,2,H01,6,3,5,50,15,18,1,4,4,5,7,4,4,9,4,5,1,3,1,33,2,1,4,5,8,16,8,20,10,16,,67,9,1,22,9,121.5605776,25.0342832
111,12,8,18,44,2,02萬華區,萬華區西園路2段與西園路2段11巷口,0,0,1,1,A12,7,3,5,50,4,1,1,5,4,5,7,2,1,1,5,5,2,9,1,32,3,10,1,1,7,5,1,2,1,8,,15,15,1,22,9,121.4975034,25.03198617
111,12,8,18,44,2,02萬華區,萬華區西園路2段與西園路2段11巷口,0,0,1,2,H01,7,3,5,50,4,1,1,5,4,5,7,2,1,1,5,5,2,9,2,38,2,8,4,5,8,16,8,20,10,15,,67,15,1,22,9,121.4975034,25.03198617
111,12,8,18,45,2,11南港區,南港區忠孝東路6段與忠孝東路6段70巷21弄口,0,0,1,1,B03,6,3,5,30,4,1,1,4,4,5,7,4,4,10,5,5,1,3,1,27,3,10,3,4,7,5,1,8,1,4,,15,43,1,22,9,121.5843795,25.04592831
111,12,8,18,45,2,11南港區,南港區忠孝東路6段與忠孝東路6段70巷21弄口,0,0,1,2,H01,6,3,5,30,4,1,1,4,4,5,7,4,4,10,5,5,1,3,2,91,2,1,4,5,8,16,8,20,1,16,,51,43,1,22,9,121.5843795,25.04592831
111,12,8,18,50,2,03中山區,中山區大直橋與北安路口,0,0,4,1,C03,6,3,5,50,4,2,1,4,4,5,7,2,1,1,2,5,2,16,1,53,2,8,3,4,7,8,1,10,2,12,,7,7,1,22,9,121.5445109,25.07959624
111,12,8,18,50,2,03中山區,中山區大直橋與北安路口,0,0,4,2,C03,6,3,5,50,4,2,1,4,4,5,7,2,1,1,2,5,2,16,1,37,2,9,3,4,7,9,1,10,2,11,,13,7,1,22,9,121.5445109,25.07959624
111,12,8,18,50,2,03中山區,中山區大直橋與北安路口,0,0,4,3,C03,6,3,5,50,4,2,1,4,4,5,7,2,1,1,2,5,2,16,1,24,2,8,3,4,7,14,1,10,2,12,,44,7,1,22,9,121.5445109,25.07959624
111,12,8,18,50,2,03中山區,中山區大直橋與北安路口,0,0,4,4,C03,6,3,5,50,4,2,1,4,4,5,7,2,1,1,2,5,2,16,2,20,2,8,3,4,7,14,1,10,2,12,,44,7,1,22,9,121.5445109,25.07959624
111,12,8,19,25,2,12內湖區,內湖區行善路與行愛路口,0,0,3,1,C03,6,3,5,40,4,2,1,4,4,5,7,4,4,1,4,4,2,13,2,23,2,9,1,1,7,9,1,10,1,11,,16,23,1,22,9,121.582508,25.06056263
111,12,8,19,25,2,12內湖區,內湖區行善路與行愛路口,0,0,3,2,C03,6,3,5,40,4,2,1,4,4,5,7,4,4,1,4,4,2,13,2,32,2,9,1,1,7,9,1,10,1,13,,44,23,1,22,9,121.582508,25.06056263
111,12,8,19,25,2,12內湖區,內湖區行善路與行愛路口,0,0,3,3,H02,6,3,5,40,4,2,1,4,4,5,7,4,4,1,4,4,2,13,2,23,2,9,1,5,7,21,8,20,10,16,,67,23,1,22,9,121.582508,25.06056263
111,12,8,19,37,2,07信義區,信義區松仁路240巷與松仁路口口,0,0,2,1,C03,6,3,5,30,4,2,1,4,4,5,7,1,1,5,4,5,2,9,1,46,2,9,1,1,7,9,1,10,2,11,,15,23,1,22,9,121.5693263,25.024773
111,12,8,19,37,2,07信義區,信義區松仁路240巷與松仁路口口,0,0,2,2,H01,6,3,5,30,4,2,1,4,4,5,7,1,1,5,4,5,2,9,2,13,2,8,4,1,8,18,8,20,10,16,,52,23,1,22,9,121.5693263,25.024773
111,12,8,19,55,2,10文山區,(羅斯福路6段10號旁),0,0,1,1,C03,6,3,5,50,4,2,1,4,4,5,7,2,1,1,4,5,2,3,2,47,3,10,1,1,7,6,1,10,2,11,,15,15,1,22,9,121.5395264,25.0002535
111,12,8,19,55,2,10文山區,(羅斯福路6段10號旁),0,0,1,2,H01,6,3,5,50,4,2,1,4,4,5,7,2,1,1,4,5,2,3,2,21,2,9,4,1,8,16,8,20,10,16,,67,15,1,22,9,121.5395264,25.0002535
111,12,8,20,14,2,04大安區,大安區忠孝東路4段與大安路1段口,0,0,1,1,B03,6,3,5,50,14,9,1,4,4,5,7,2,1,1,4,5,2,17,1,58,3,10,3,4,7,5,1,8,1,8,,8,8,1,22,9,121.5462607,25.04147175
111,12,8,20,14,2,04大安區,大安區忠孝東路4段與大安路1段口,0,0,1,2,F01,6,3,5,50,14,9,1,4,4,5,7,2,1,1,4,5,2,17,2,68,2,9,3,4,7,11,8,20,1,16,,11,8,1,22,9,121.5462607,25.04147175
111,12,8,20,40,2,05中正區,中正區愛國東路與林森南路口,0,0,1,1,B03,6,1,5,0,3,2,1,4,4,5,7,4,4,1,4,4,2,17,1,56,4,11,3,4,7,6,7,19,11,15,,9,43,2,22,9,121.5190869,25.03384625
111,12,8,20,40,2,05中正區,中正區愛國東路與林森南路口,0,0,1,2,C03,6,1,5,0,3,2,1,4,4,5,7,4,4,1,4,4,2,17,1,21,2,9,1,1,7,9,1,10,1,14,,23,43,1,22,9,121.5190869,25.03384625
111,12,8,20,50,2,03中山區,中山區中山北路3段與農安街口,0,0,1,1,B03,6,3,5,50,4,1,1,4,4,5,7,1,1,1,4,5,2,16,1,39,3,10,3,4,7,8,1,8,1,5,,7,7,1,22,9,121.5221529,25.06489291
111,12,8,20,50,2,03中山區,中山區中山北路3段與農安街口,0,0,1,2,C03,6,3,5,50,4,1,1,4,4,5,7,1,1,1,4,5,2,16,2,20,2,9,1,1,7,9,1,10,1,14,,44,7,1,22,9,121.5221529,25.06489291
111,12,8,21,4,2,05中正區,中正區南海路與南昌路1段口,0,0,1,1,B01,6,3,5,30,4,2,1,4,4,5,7,1,1,10,4,5,2,13,1,67,3,10,1,1,7,9,1,4,2,5,,23,23,1,22,9,121.5164891,25.03248056
111,12,8,21,4,2,05中正區,中正區南海路與南昌路1段口,0,0,1,2,C03,6,3,5,30,4,2,1,4,4,5,7,1,1,10,4,5,2,13,2,39,2,9,1,1,7,14,1,10,2,13,,44,23,1,22,9,121.5164891,25.03248056
111,12,8,21,15,2,12內湖區,內湖區成功路4段61巷53號前,0,0,1,1,C03,6,3,5,50,13,9,1,4,4,5,7,4,4,5,5,5,2,13,1,22,2,8,1,1,7,9,1,10,1,11,,16,23,1,22,9,121.594039,25.07983859
111,12,8,21,15,2,12內湖區,內湖區成功路4段61巷53號前,0,0,1,2,B03,6,3,5,50,13,9,1,4,4,5,7,4,4,5,5,5,2,13,1,50,3,10,1,1,7,6,1,8,1,3,,44,23,1,22,9,121.594039,25.07983859
111,12,8,21,17,2,06松山區,松山區南京東路5段123巷與南京東路5段口,0,0,2,1,C03,6,3,5,50,4,1,1,4,4,5,7,2,1,3,4,5,2,11,2,43,2,9,1,4,7,5,1,10,2,11,,8,8,1,22,9,121.5607954,25.05156221
111,12,8,21,17,2,06松山區,松山區南京東路5段123巷與南京東路5段口,0,0,2,2,C03,6,3,5,50,4,1,1,4,4,5,7,2,1,3,4,5,2,11,2,29,2,9,1,4,7,9,1,10,2,11,,44,8,1,22,9,121.5607954,25.05156221
111,12,8,21,30,2,05中正區,中正區凱達格蘭大道與公園路口,0,0,1,1,B03,6,3,5,50,4,1,1,4,4,5,7,1,1,5,4,5,2,11,1,45,3,10,1,1,7,5,1,8,2,2,,8,8,1,22,9,121.515603,25.0396806
111,12,8,21,30,2,05中正區,中正區凱達格蘭大道與公園路口,0,0,1,2,C03,6,3,5,50,4,1,1,4,4,5,7,1,1,5,4,5,2,11,1,29,2,9,1,1,7,9,1,10,2,12,,44,8,1,22,9,121.515603,25.0396806
111,12,8,21,33,2,04大安區,大安區辛亥路1段與羅斯福路3段口,0,0,1,1,B12,6,3,5,50,4,1,1,4,4,5,7,2,1,1,4,5,2,17,1,44,4,11,3,4,7,6,7,19,11,15,,9,43,2,22,9,121.5292465,25.0199496
111,12,8,21,33,2,04大安區,大安區辛亥路1段與羅斯福路3段口,0,0,1,2,F01,6,3,5,50,4,1,1,4,4,5,7,2,1,1,4,5,2,17,2,23,2,7,1,1,7,9,8,20,1,16,,44,43,1,22,9,121.5292465,25.0199496
111,12,8,21,40,2,05中正區,中正區羅斯福路1段與林森南路口,0,0,1,1,C04,6,3,5,50,5,1,1,4,4,5,7,1,1,1,4,4,2,17,1,20,4,11,3,4,7,15,7,19,11,15,,26,43,2,22,9,121.5180986,25.0328695
111,12,8,21,40,2,05中正區,中正區羅斯福路1段與林森南路口,0,0,1,2,C03,6,3,5,50,5,1,1,4,4,5,7,1,1,1,4,4,2,17,1,22,2,9,1,1,7,9,1,10,1,15,,44,43,1,22,9,121.5180986,25.0328695
111,12,8,21,56,2,08士林區,士林區重慶北路4段117號,0,0,1,1,B03,6,3,5,40,14,7,1,4,4,5,7,4,4,1,3,4,1,13,1,48,3,10,1,1,7,1,1,8,2,7,,19,7,1,22,9,121.5122431,25.0826957
111,12,8,21,56,2,08士林區,士林區重慶北路4段117號,0,0,1,2,C03,6,3,5,40,14,7,1,4,4,5,7,4,4,1,3,4,1,13,1,29,2,9,1,1,7,9,1,10,2,11,,13,7,1,22,9,121.5122431,25.0826957
111,12,8,21,57,2,09北投區,北投區明德路337巷與明德路口,0,0,1,1,C03,6,3,5,30,3,1,1,4,4,5,7,4,4,5,5,5,2,16,2,27,2,9,1,1,7,1,1,10,1,12,,19,19,1,22,9,121.5203106,25.1167982
111,12,8,21,57,2,09北投區,北投區明德路337巷與明德路口,0,0,1,2,A12,6,3,5,30,3,1,1,4,4,5,7,4,4,5,5,5,2,16,1,46,3,10,1,1,7,5,1,2,1,1,,44,19,1,22,9,121.5203106,25.1167982
111,12,8,22,0,2,02萬華區,萬華區中華路2段與艋舺大道口,0,0,1,1,C03,6,3,5,50,3,1,1,4,4,5,7,1,1,1,5,5,2,17,1,26,2,8,1,1,7,9,1,10,2,11,,44,43,1,22,9,121.5056986,25.03443171
111,12,8,22,0,2,02萬華區,萬華區中華路2段與艋舺大道口,0,0,1,2,B03,6,3,5,50,3,1,1,4,4,5,7,1,1,1,5,5,2,17,1,66,3,10,1,1,7,5,1,8,2,5,,8,43,1,22,9,121.5056986,25.03443171
111,12,8,22,9,2,04大安區,大安區信義路3段與新生南路2段口口,0,0,1,1,B03,6,3,5,50,5,1,1,4,4,5,7,2,1,1,4,1,2,17,1,34,3,10,1,1,7,5,1,8,1,2,,25,25,1,22,9,121.5328534,25.03349329
111,12,8,22,9,2,04大安區,大安區信義路3段與新生南路2段口口,0,0,1,2,C03,6,3,5,50,5,1,1,4,4,5,7,2,1,1,4,1,2,17,1,27,2,9,1,1,7,9,1,10,1,11,,44,25,1,22,9,121.5328534,25.03349329
111,12,8,22,14,2,10文山區,文山區忠順街2段62號前,0,0,1,1,B11,6,3,5,50,14,9,1,4,4,3,5,4,4,5,2,5,2,16,1,26,3,10,1,1,7,13,1,4,2,7,,38,38,1,22,9,121.5646635,24.98493768
111,12,8,22,14,2,10文山區,文山區忠順街2段62號前,0,0,1,2,C03,6,3,5,50,14,9,1,4,4,3,5,4,4,5,2,5,2,16,1,61,2,9,1,1,7,9,1,10,2,11,,23,38,1,22,9,121.5646635,24.98493768
111,12,8,22,30,2,04大安區,大安區通化街123巷與通化街39巷50弄口,0,0,1,1,C03,6,3,5,30,4,1,1,4,4,5,7,4,4,10,5,5,1,15,2,54,2,9,1,1,7,9,1,10,1,11,,6,6,1,22,9,121.5549785,25.0290378
111,12,8,22,30,2,04大安區,大安區通化街123巷與通化街39巷50弄口,0,0,1,2,C03,6,3,5,30,4,1,1,4,4,5,7,4,4,10,5,5,1,15,2,20,3,10,1,1,7,9,1,10,1,14,,44,6,1,22,9,121.5549785,25.0290378
111,12,8,22,52,2,02萬華區,萬華區和平西路3段394號,0,0,1,1,B03,6,3,5,50,14,9,1,4,4,5,7,4,4,10,5,5,2,17,1,47,3,10,1,4,7,13,1,8,1,4,,40,40,1,22,9,121.4911591,25.03543237
111,12,8,22,52,2,02萬華區,萬華區和平西路3段394號,0,0,1,2,C03,6,3,5,50,14,9,1,4,4,5,7,4,4,10,5,5,2,17,2,20,2,9,1,4,7,9,1,10,1,12,,44,40,1,22,9,121.4911591,25.03543237
111,12,8,23,1,2,04大安區,大安區仁愛路4段與光復南路口,0,0,2,1,C03,6,4,5,50,14,9,1,4,4,5,7,2,1,1,4,5,2,12,1,29,2,7,3,4,7,9,1,10,1,12,,16,23,1,22,9,121.5573934,25.03782418
111,12,8,23,1,2,04大安區,大安區仁愛路4段與光復南路口,0,0,2,2,C03,6,4,5,50,14,9,1,4,4,5,7,2,1,1,4,5,2,12,2,29,2,8,3,4,7,12,1,10,1,13,,44,23,1,22,9,121.5573934,25.03782418
111,12,8,23,1,2,04大安區,大安區仁愛路4段與光復南路口,0,0,2,3,H01,6,4,5,50,14,9,1,4,4,5,7,2,1,1,4,5,2,12,1,51,4,11,4,5,8,16,8,20,11,16,,67,23,1,22,9,121.5573934,25.03782418
111,12,8,23,18,2,02萬華區,萬華區艋舺大道與雙園街口,0,0,1,1,C03,6,3,5,50,14,9,1,4,4,5,7,1,1,10,5,5,2,17,1,39,3,10,3,4,7,8,1,10,1,12,,7,42,1,22,9,121.4936138,25.03044001
111,12,8,23,18,2,02萬華區,萬華區艋舺大道與雙園街口,0,0,1,2,C03,6,3,5,50,14,9,1,4,4,5,7,1,1,10,5,5,2,17,2,23,2,9,3,4,7,4,1,10,1,14,,16,42,1,22,9,121.4936138,25.03044001
111,12,8,23,33,2,08士林區,士林區故宮路與故宮路35巷口,0,0,1,1,C03,6,3,5,50,4,2,1,4,4,5,7,1,1,1,5,5,2,17,1,18,3,10,1,1,7,9,1,10,1,11,,23,42,1,22,9,121.5471563,25.0967935
111,12,8,23,33,2,08士林區,士林區故宮路與故宮路35巷口,0,0,1,2,C03,6,3,5,50,4,2,1,4,4,5,7,1,1,1,5,5,2,17,1,53,2,1,1,1,7,14,1,10,1,13,,44,42,1,22,9,121.5471563,25.0967935
111,12,9,2,6,2,07信義區,信義區松隆路215巷4弄與松山路口,0,0,1,1,C03,8,3,5,50,3,1,1,4,4,5,7,4,4,1,4,4,2,2,1,21,2,9,3,4,7,9,1,10,1,11,,23,43,1,22,9,121.5777038,25.0486524
111,12,9,2,6,2,07信義區,信義區松隆路215巷4弄與松山路口,0,0,1,2,H01,8,3,5,50,3,1,1,4,4,5,7,4,4,1,4,4,2,2,1,46,3,10,4,5,8,16,8,20,10,16,,54,43,1,22,9,121.5777038,25.0486524
111,12,9,6,1,2,11南港區,南港區松河街336號與南港路3段256巷口,0,0,2,1,H01,6,3,5,40,3,2,1,4,4,5,7,4,4,5,5,5,2,9,2,82,2,9,4,5,8,16,8,20,10,16,,67,67,1,22,9,121.5847443,25.05329627
111,12,9,6,1,2,11南港區,南港區松河街336號與南港路3段256巷口,0,0,2,2,C03,6,3,5,40,3,2,1,4,4,5,7,4,4,5,5,5,2,9,2,52,2,9,1,1,7,9,1,10,2,12,,23,67,1,22,9,121.5847443,25.05329627
111,12,9,6,3,2,07信義區,信義區市民大道5段50號,0,0,2,1,C03,6,1,5,50,14,9,1,4,4,5,7,4,4,1,4,5,1,13,1,28,2,7,3,4,7,9,1,10,2,12,,23,23,1,22,9,121.5643756,25.04765743
111,12,9,6,3,2,07信義區,信義區市民大道5段50號,0,0,2,2,F01,6,1,5,50,14,9,1,4,4,5,7,4,4,1,4,5,1,13,1,61,2,7,3,4,7,9,8,20,2,16,,44,23,1,22,9,121.5643756,25.04765743
111,12,9,6,5,2,03中山區,中山區民生東路3段與建國北路2段口,0,0,1,1,H01,6,1,5,50,4,1,1,4,4,5,7,1,1,1,3,5,1,3,2,28,2,9,4,5,8,18,8,20,10,16,,52,51,1,22,9,121.5372663,25.0577935
111,12,9,6,5,2,03中山區,中山區民生東路3段與建國北路2段口,0,0,1,2,B01,6,1,5,50,4,1,1,4,4,5,7,1,1,1,3,5,1,3,1,61,3,10,1,1,7,9,1,4,2,8,,23,51,1,22,9,121.5372663,25.0577935
111,12,9,6,10,2,02萬華區,萬華區長順街46巷與長順街口,0,0,2,1,C03,6,3,5,30,4,1,1,4,4,5,7,4,4,9,4,5,2,3,2,46,2,9,1,1,7,9,1,10,1,11,,23,23,1,22,9,121.4893416,25.0320908
111,12,9,6,10,2,02萬華區,萬華區長順街46巷與長順街口,0,0,2,2,H01,6,3,5,30,4,1,1,4,4,5,7,4,4,9,4,5,2,3,2,71,2,8,4,5,8,16,8,20,10,16,,51,23,1,22,9,121.4893416,25.0320908
111,12,9,6,22,2,10文山區,文山區木柵路4段與信義快速道路口口,0,0,1,1,B03,6,1,5,50,3,1,1,4,4,5,7,4,4,1,4,5,1,17,1,54,3,10,3,4,7,6,1,8,2,8,,6,42,1,22,9,121.5765624,25.00016634
111,12,9,6,22,2,10文山區,文山區木柵路4段與信義快速道路口口,0,0,1,2,C03,6,1,5,50,3,1,1,4,4,5,7,4,4,1,4,5,1,17,1,57,2,9,1,4,7,9,1,10,2,12,,42,42,1,22,9,121.5765624,25.00016634
111,12,9,6,32,2,08士林區,士林區延平北路5段與中正路口,0,0,2,1,B01,7,1,5,50,4,1,1,5,4,5,7,1,1,1,4,5,1,16,1,55,3,10,1,1,7,5,1,4,1,4,,8,8,1,22,9,121.5094147,25.0866066
111,12,9,6,32,2,08士林區,士林區延平北路5段與中正路口,0,0,2,2,C03,7,1,5,50,4,1,1,5,4,5,7,1,1,1,4,5,1,16,1,23,2,9,1,1,7,9,1,10,1,11,,44,8,1,22,9,121.5094147,25.0866066
111,12,9,6,32,2,08士林區,士林區延平北路5段與中正路口,0,0,2,3,H02,7,1,5,50,4,1,1,5,4,5,7,1,1,1,4,5,1,16,2,31,2,9,1,5,7,21,8,20,10,16,,67,8,1,22,9,121.5094147,25.0866066
111,12,9,6,51,2,01大同區,大同區西寧北路32號,0,0,1,1,C03,6,1,5,50,14,9,1,4,4,5,7,4,4,5,4,5,2,11,1,74,3,10,3,4,7,11,1,10,2,15,,10,10,1,22,9,121.5083315,25.05124257
111,12,9,6,51,2,01大同區,大同區西寧北路32號,0,0,1,2,C03,6,1,5,50,14,9,1,4,4,5,7,4,4,5,4,5,2,11,1,56,2,9,3,4,7,9,1,10,2,12,,44,10,1,22,9,121.5083315,25.05124257
111,12,9,6,52,2,08士林區,士林區延平北路5段與葫蘆街口,0,0,2,1,C03,6,1,5,50,3,1,1,4,4,5,7,2,1,1,4,5,2,17,1,25,2,9,1,1,7,9,1,10,1,11,,16,23,1,21,8,121.5109108,25.08001904
111,12,9,6,52,2,08士林區,士林區延平北路5段與葫蘆街口,0,0,2,2,C03,6,1,5,50,3,1,1,4,4,5,7,2,1,1,4,5,2,17,1,64,2,9,1,1,7,12,1,10,1,13,,42,23,1,21,8,121.5109108,25.08001904
111,12,9,6,52,2,08士林區,士林區延平北路5段與葫蘆街口,0,0,2,3,B01,6,1,5,50,3,1,1,4,4,5,7,2,1,1,4,5,2,17,1,56,3,10,1,1,7,1,1,4,1,15,,19,23,1,21,8,121.5109108,25.08001904
111,12,9,7,4,2,09北投區,北投區石牌路2段90巷22號,0,0,2,1,C03,6,1,5,30,14,9,1,4,4,5,7,4,4,10,5,5,2,16,1,52,3,10,1,1,7,7,4,10,1,14,,7,7,1,22,9,121.5177776,25.11710184
111,12,9,7,4,2,09北投區,北投區石牌路2段90巷22號,0,0,2,2,C03,6,1,5,30,14,9,1,4,4,5,7,4,4,10,5,5,2,16,2,35,2,8,1,1,7,4,1,10,1,12,,13,7,1,22,9,121.5177776,25.11710184
111,12,9,7,4,2,09北投區,北投區石牌路2段90巷22號,0,0,2,3,H02,6,1,5,30,14,9,1,4,4,5,7,4,4,10,5,5,2,16,2,27,2,7,4,5,7,21,8,20,10,15,,67,7,1,22,9,121.5177776,25.11710184
111,12,9,7,35,2,05中正區,中正區中山南路與信義路1段口,0,0,3,1,B03,6,1,5,50,5,1,1,4,4,5,7,2,1,1,2,1,2,15,1,53,3,10,1,1,7,9,1,8,2,6,,25,25,1,22,9,121.5179246,25.0387269
111,12,9,7,35,2,05中正區,中正區中山南路與信義路1段口,0,0,3,2,C03,6,1,5,50,5,1,1,4,4,5,7,2,1,1,2,1,2,15,1,27,2,1,1,1,7,9,1,10,2,11,,44,25,1,22,9,121.5179246,25.0387269
111,12,9,7,35,2,05中正區,中正區中山南路與信義路1段口,0,0,3,3,C03,6,1,5,50,5,1,1,4,4,5,7,2,1,1,2,1,2,15,1,18,2,8,1,1,7,9,1,10,2,14,,44,25,1,22,9,121.5179246,25.0387269
111,12,9,7,35,2,05中正區,中正區中山南路與信義路1段口,0,0,3,4,H02,6,1,5,50,5,1,1,4,4,5,7,2,1,1,2,1,2,15,2,18,2,9,4,5,7,20,8,20,10,16,,67,25,1,22,9,121.5179246,25.0387269
111,12,9,7,40,2,03中山區,中山區建國高架道與民族東路口往北，民族東路上方,0,0,1,1,B03,6,1,5,70,14,9,1,4,4,5,7,4,4,1,4,5,2,13,1,63,3,10,3,4,7,9,1,8,1,1,,23,23,1,22,9,121.5350231,25.06680994
111,12,9,7,40,2,03中山區,中山區建國高架道與民族東路口往北，民族東路上方,0,0,1,2,B03,6,1,5,70,14,9,1,4,4,5,7,4,4,1,4,5,2,13,1,39,2,6,3,4,7,14,1,8,1,3,,44,23,1,22,9,121.5350231,25.06680994
111,12,9,7,40,2,04大安區,大安區敦化南路2段與敦化南路2段63巷口,0,0,1,1,B03,6,1,5,50,4,2,1,4,4,5,7,2,1,9,4,5,1,16,1,71,3,10,1,4,7,8,1,8,1,5,,7,7,1,22,9,121.5489931,25.0310481
111,12,9,7,40,2,04大安區,大安區敦化南路2段與敦化南路2段63巷口,0,0,1,2,C03,6,1,5,50,4,2,1,4,4,5,7,2,1,9,4,5,1,16,1,66,3,10,1,1,7,9,1,10,1,13,,44,7,1,22,9,121.5489931,25.0310481
111,12,9,7,40,2,04大安區,大安區敦化南路2段與敦化南路2段63巷口,0,0,1,3,C03,6,1,5,50,4,2,1,4,4,5,7,2,1,9,4,5,1,16,2,49,2,8,1,1,7,9,1,10,1,11,,23,7,1,22,9,121.5489931,25.0310481
111,12,9,7,48,2,03中山區,中山區明水路526巷與明水路526巷58弄口,0,0,1,1,B03,6,1,5,30,4,1,1,4,4,5,7,4,4,4,3,5,1,17,1,43,3,10,1,1,7,5,1,4,1,15,,8,8,1,22,9,121.5544176,25.0792623
111,12,9,7,48,2,03中山區,中山區明水路526巷與明水路526巷58弄口,0,0,1,2,C03,6,1,5,30,4,1,1,4,4,5,7,4,4,4,3,5,1,17,2,48,2,9,1,1,7,9,1,10,1,12,,13,8,1,22,9,121.5544176,25.0792623
111,12,9,7,48,2,08士林區,士林區愛富一街與愛富二街口,0,0,1,1,C03,6,1,5,30,3,1,1,4,4,5,7,4,4,10,5,5,2,17,1,20,4,11,3,4,7,15,7,19,11,15,,6,43,2,22,9,121.5455023,25.13890336
111,12,9,7,48,2,08士林區,士林區愛富一街與愛富二街口,0,0,1,2,C03,6,1,5,30,3,1,1,4,4,5,7,4,4,10,5,5,2,17,1,20,2,7,3,4,7,6,1,10,11,15,,44,43,1,22,9,121.5455023,25.13890336
111,12,9,7,49,2,08士林區,士林區磺溪便道與克強路口,0,0,1,1,B03,6,1,5,50,4,2,1,4,4,5,7,4,4,5,5,5,2,9,4,,4,11,3,4,7,15,7,19,11,15,,43,43,2,22,9,121.5225172,25.10922578
111,12,9,7,49,2,08士林區,士林區磺溪便道與克強路口,0,0,1,2,H01,6,1,5,50,4,2,1,4,4,5,7,4,4,5,5,5,2,9,2,46,2,8,4,5,8,16,8,20,10,16,,67,43,1,21,8,121.5225172,25.10922578
111,12,9,7,51,2,07信義區,信義區基隆路2段79巷與基隆路2段口,0,0,1,1,C03,6,1,5,50,3,2,1,4,4,5,7,4,4,1,4,5,1,13,1,21,2,7,1,1,7,9,1,10,1,11,,23,23,1,22,9,121.5579621,25.0302659
111,12,9,7,51,2,07信義區,信義區基隆路2段79巷與基隆路2段口,0,0,1,2,B03,6,1,5,50,3,2,1,4,4,5,7,4,4,1,4,5,1,13,2,41,3,10,1,1,7,9,1,8,1,3,,44,23,1,22,9,121.5579621,25.0302659
111,12,9,7,51,2,07信義區,信義區基隆路2段79巷與基隆路2段口,0,0,1,3,A05,6,1,5,50,3,2,1,4,4,5,7,4,4,1,4,5,1,13,1,66,3,10,1,1,7,9,1,2,1,15,,44,23,1,22,9,121.5579621,25.0302659
111,12,9,7,57,2,02萬華區,萬華區東園街69號,0,0,1,1,B12,7,1,5,50,14,9,1,4,4,5,7,1,1,10,3,5,2,8,1,31,3,10,3,4,7,2,1,8,1,3,,12,44,1,22,9,121.4964906,25.0259656