發生年度,發生月,發生日,發生時-Hours,發生分,處理別-編號,區序,肇事地點,死亡人數,2-30日死亡人數,受傷人數,當事人序號,車種,天候,光線,道路類別,速限-速度限制,道路型態,事故位置,路面狀況1,路面狀況2,路面狀況3,道路障礙1,道路障礙2,號誌1,號誌2,車道劃分-分向,車道劃分-分道1,車道劃分-分道2,車道劃分-分道3,事故類型及型態,性別,年齡,受傷程度,主要傷處,安全帽,行動電話,車輛用途,當事者行動狀態,駕駛資格情形,駕駛執照種類,飲酒情形,車輛撞擊部位1,車輛撞擊部位2,肇因碼-個別,肇因碼-主要,個人肇逃否,職業,旅次目的,座標-X,座標-Y
111,12,9,7,57,2,02萬華區,萬華區東園街69號,0,0,1,2,H01,7,1,5,50,14,9,1,4,4,5,7,1,1,10,3,5,2,8,1,77,2,9,4,5,8,17,8,20,10,16,,67,44,1,22,9,121.4964906,25.0259656
111,12,9,8,4,2,12內湖區,內湖區民權東路6段15巷與瑞光路76巷口,0,0,2,1,C03,6,1,5,50,4,1,1,4,4,5,7,2,1,5,5,5,2,11,1,23,2,9,1,1,7,5,1,10,1,12,,8,8,1,22,9,121.5786685,25.0683293
111,12,9,8,4,2,12內湖區,內湖區民權東路6段15巷與瑞光路76巷口,0,0,2,2,C03,6,1,5,50,4,1,1,4,4,5,7,2,1,5,5,5,2,11,2,47,2,9,1,1,7,9,1,10,1,14,,44,8,1,22,9,121.5786685,25.0683293
111,12,9,8,6,2,09北投區,北投區大業路527巷161弄,0,0,1,1,C03,6,1,5,30,14,9,1,4,4,5,7,4,4,10,5,5,2,11,1,23,3,10,3,4,7,7,1,10,1,14,,43,7,1,22,9,121.4771155,25.12907247
111,12,9,8,6,2,09北投區,北投區大業路527巷161弄,0,0,1,2,C03,6,1,5,30,14,9,1,4,4,5,7,4,4,10,5,5,2,11,1,47,3,10,3,4,7,9,1,10,1,14,,43,7,1,22,9,121.4771155,25.12907247
111,12,9,8,6,2,09北投區,北投區大業路527巷161弄,0,0,1,3,H02,6,1,5,30,14,9,1,4,4,5,7,4,4,10,5,5,2,11,1,11,2,8,4,5,7,21,8,20,10,15,,67,7,1,22,9,121.4771155,25.12907247
111,12,9,8,8,2,11南港區,南港區成功橋南往北021燈桿,0,0,1,1,C03,6,1,5,50,8,9,1,4,4,5,7,4,4,1,4,5,2,16,2,59,2,9,1,1,7,7,3,18,2,14,,7,7,1,22,9,121.5922511,25.0589767
111,12,9,8,8,2,11南港區,南港區成功橋南往北021燈桿,0,0,1,2,B03,6,1,5,50,8,9,1,4,4,5,7,4,4,1,4,5,2,16,2,37,3,10,1,1,7,9,1,8,2,2,,44,7,1,22,9,121.5922511,25.0589767
111,12,9,8,21,2,06松山區,松山區光復北路與健康路口,0,0,2,1,C03,6,1,5,50,4,1,1,4,4,5,7,2,1,5,4,5,2,16,1,37,2,9,1,1,7,5,1,10,1,14,,44,44,1,22,9,121.5566652,25.053545
111,12,9,8,21,2,06松山區,松山區光復北路與健康路口,0,0,2,2,C03,6,1,5,50,4,1,1,4,4,5,7,2,1,5,4,5,2,16,1,22,2,9,1,1,7,9,1,10,1,12,,4,44,1,22,9,121.5566652,25.053545
111,12,9,8,30,2,05中正區,中正區市民大道2段P154柱子,0,0,2,1,C03,6,1,5,40,14,9,1,4,4,5,7,4,4,1,4,5,2,12,2,45,2,9,1,1,7,9,1,10,2,14,,23,44,1,22,9,121.5247185,25.0476601
111,12,9,8,30,2,05中正區,中正區市民大道2段P154柱子,0,0,2,2,C03,6,1,5,40,14,9,1,4,4,5,7,4,4,1,4,5,2,12,1,22,2,8,1,1,7,9,1,10,2,12,,23,44,1,22,9,121.5247185,25.0476601
111,12,9,8,30,2,05中正區,中正區市民大道2段P154柱子,0,0,2,3,,6,1,5,40,14,9,1,4,4,5,7,4,4,1,4,5,2,12,3,,,,,,,,,,,,,67,44,1,,,121.5247185,25.0476601
111,12,9,8,40,2,06松山區,松山區民生東路4段110號,0,0,1,1,C03,6,1,5,50,14,9,1,4,4,5,7,1,1,1,3,5,2,17,1,35,2,9,3,4,7,8,1,10,1,12,,7,7,1,22,9,121.5542362,25.0581399
111,12,9,8,40,2,06松山區,松山區民生東路4段110號,0,0,1,2,C03,6,1,5,50,14,9,1,4,4,5,7,1,1,1,3,5,2,17,1,29,3,10,3,4,7,9,1,10,1,14,,23,7,1,22,9,121.5542362,25.0581399
111,12,9,9,10,2,01大同區,大同區民生西路336號,0,0,1,1,B03,6,1,5,50,14,9,1,4,4,5,7,4,4,4,4,5,2,17,1,57,3,10,3,4,7,8,1,8,1,15,,7,42,1,22,9,121.5109654,25.05693344
111,12,9,9,10,2,01大同區,大同區民生西路336號,0,0,1,2,C03,6,1,5,50,14,9,1,4,4,5,7,4,4,4,4,5,2,17,2,27,2,9,3,4,7,9,1,10,1,12,,44,42,1,22,9,121.5109654,25.05693344
111,12,9,9,10,2,06松山區,松山區市民大道4段與八德路2段366巷口,0,0,1,1,C03,6,1,5,40,4,1,1,4,4,5,7,1,1,1,4,5,2,17,1,46,4,11,3,4,7,5,7,19,11,15,,8,43,2,22,9,121.5460793,25.0452123
111,12,9,9,10,2,06松山區,松山區市民大道4段與八德路2段366巷口,0,0,1,2,C03,6,1,5,40,4,1,1,4,4,5,7,1,1,1,4,5,2,17,1,28,2,9,1,1,7,9,1,10,2,15,,23,43,1,22,9,121.5460793,25.0452123
111,12,9,9,23,2,03中山區,中山區敬業三路與北安路口,0,0,1,1,B03,6,1,5,50,4,1,1,4,4,5,7,2,1,1,3,5,1,2,1,56,3,10,3,4,7,5,1,8,1,8,,15,23,1,22,9,121.5562805,25.08469473
111,12,9,9,23,2,03中山區,中山區敬業三路與北安路口,0,0,1,2,H01,6,1,5,50,4,1,1,4,4,5,7,2,1,1,3,5,1,2,2,54,2,9,4,4,8,16,8,20,10,16,,67,23,1,22,9,121.5562805,25.08469473
111,12,9,9,23,2,12內湖區,內湖區陽光街與文德路208巷口,0,0,1,1,C03,6,1,5,50,3,1,1,4,4,5,7,2,1,5,4,5,2,17,2,28,2,9,1,1,7,9,1,10,1,15,,42,23,1,22,9,121.5835575,25.07500559
111,12,9,9,23,2,12內湖區,內湖區陽光街與文德路208巷口,0,0,1,2,B03,6,1,5,50,3,1,1,4,4,5,7,2,1,5,4,5,2,17,2,26,3,10,1,1,7,11,1,8,1,15,,10,23,1,22,9,121.5835575,25.07500559
111,12,9,9,24,2,01大同區,大同區承德路3段與承德路3段208巷口,0,0,1,1,B01,6,1,5,50,4,1,1,4,4,5,7,2,1,1,4,5,2,11,1,59,3,10,3,4,7,5,1,4,1,5,,8,8,1,22,9,121.5183661,25.07050936
111,12,9,9,24,2,01大同區,大同區承德路3段與承德路3段208巷口,0,0,1,2,C03,6,1,5,50,4,1,1,4,4,5,7,2,1,1,4,5,2,11,1,28,2,4,3,4,7,9,1,10,1,11,,13,8,1,22,9,121.5183661,25.07050936
111,12,9,9,31,2,03中山區,中山區八德路2段100號,0,0,1,1,C03,6,1,5,50,14,9,1,4,4,5,7,4,4,4,3,5,1,16,2,55,2,8,1,1,7,9,1,10,1,14,,44,43,1,22,9,121.536091,25.045849
111,12,9,9,31,2,03中山區,中山區八德路2段100號,0,0,1,2,C03,6,1,5,50,14,9,1,4,4,5,7,4,4,4,3,5,1,16,1,40,3,10,1,1,7,4,1,10,1,12,,23,43,1,22,9,121.536091,25.045849
111,12,9,9,31,2,03中山區,中山區八德路2段100號,0,0,1,3,B03,6,1,5,50,14,9,1,4,4,5,7,4,4,4,3,5,1,16,1,40,3,10,1,1,7,9,1,8,1,6,,44,43,1,22,9,121.536091,25.045849
111,12,9,9,34,2,05中正區,中正區漢口街1段140號,0,0,1,1,B03,7,1,5,50,14,9,1,4,4,5,7,4,4,10,4,5,2,12,1,34,3,10,1,1,7,10,1,8,2,5,,7,19,1,22,9,121.5096964,25.04515742
111,12,9,9,34,2,05中正區,中正區漢口街1段140號,0,0,1,2,C03,7,1,5,50,14,9,1,4,4,5,7,4,4,10,4,5,2,12,1,23,2,9,1,1,7,9,1,10,2,14,,23,19,1,22,9,121.5096964,25.04515742
111,12,9,9,40,2,07信義區,信義區市民大道5段與無名巷口,0,0,1,1,C03,6,1,5,40,3,2,1,4,4,5,7,3,1,1,4,5,1,12,1,27,2,8,1,1,7,9,1,10,1,11,,16,23,1,22,9,121.5673312,25.04865363
111,12,9,9,40,2,07信義區,信義區市民大道5段與無名巷口,0,0,1,2,B03,6,1,5,40,3,2,1,4,4,5,7,3,1,1,4,5,1,12,1,41,3,10,1,1,7,9,1,8,1,3,,44,23,1,22,9,121.5673312,25.04865363
111,12,9,9,40,2,07信義區,信義區市民大道5段與無名巷口,0,0,1,3,C03,6,1,5,40,3,2,1,4,4,5,7,3,1,1,4,5,1,12,1,44,3,10,1,1,7,5,1,10,1,15,,44,23,1,22,9,121.5673312,25.04865363
111,12,9,9,53,2,01大同區,大同區延平北路4段與敦煌路口,0,0,1,1,B12,6,1,5,0,4,2,1,4,4,5,7,2,1,9,5,5,2,12,1,66,3,10,1,1,7,6,1,6,1,2,,5,5,1,22,9,121.5120936,25.07647778
111,12,9,9,53,2,01大同區,大同區延平北路4段與敦煌路口,0,0,1,2,C03,6,1,5,0,4,2,1,4,4,5,7,2,1,9,5,5,2,12,1,58,2,7,1,1,7,11,1,10,1,14,,23,5,1,22,9,121.5120936,25.07647778
111,12,9,9,56,2,12內湖區,內湖區文德路與文德路208巷口,0,0,2,1,B01,6,1,5,50,4,1,1,4,4,5,7,2,1,1,4,5,2,16,1,65,3,10,1,1,7,5,1,4,2,1,,25,25,1,22,9,121.5836435,25.07843648
111,12,9,9,56,2,12內湖區,內湖區文德路與文德路208巷口,0,0,2,2,C02,6,1,5,50,4,1,1,4,4,5,7,2,1,1,4,5,2,16,1,21,2,9,1,1,7,9,1,9,2,15,,13,25,1,22,9,121.5836435,25.07843648
111,12,9,9,56,2,12內湖區,內湖區文德路與文德路208巷口,0,0,2,3,H01,6,1,5,50,4,1,1,4,4,5,7,2,1,1,4,5,2,16,2,57,2,8,4,5,8,17,8,20,10,16,,67,25,1,22,9,121.5836435,25.07843648
111,12,9,10,20,2,03中山區,中山區中山北路1段與南京東路1段口,0,0,1,1,A01,6,1,5,50,4,2,1,4,4,3,5,2,1,1,4,5,2,9,1,44,3,10,3,4,7,9,1,2,1,15,,43,43,1,22,9,121.522658,25.05197267
111,12,9,10,20,2,03中山區,中山區中山北路1段與南京東路1段口,0,0,1,2,H02,6,1,5,50,4,2,1,4,4,3,5,2,1,1,4,5,2,9,2,64,2,9,4,5,7,20,8,20,10,16,,67,43,1,22,9,121.522658,25.05197267
111,12,9,10,20,2,03中山區,中山區中山北路1段與南京東路1段口,0,0,1,3,B11,6,1,5,50,4,2,1,4,4,3,5,2,1,1,4,5,2,9,1,31,4,11,3,4,7,15,7,19,11,15,,38,43,2,22,9,121.522658,25.05197267
111,12,9,10,22,2,09北投區,北投區中央南路1段201號,0,0,1,1,C03,6,1,5,50,3,2,1,4,4,5,7,3,1,5,5,5,2,16,1,56,2,9,1,1,7,5,1,10,1,12,,6,6,1,22,9,121.5011713,25.12850157
111,12,9,10,22,2,09北投區,北投區中央南路1段201號,0,0,1,2,B03,6,1,5,50,3,2,1,4,4,5,7,3,1,5,5,5,2,16,1,31,3,10,1,1,7,9,1,8,1,4,,44,6,1,22,9,121.5011713,25.12850157
111,12,9,10,27,2,10文山區,文山區木新路3段與興隆路4段口口,0,0,1,1,B03,6,1,5,50,3,1,1,4,4,5,7,2,1,4,3,5,2,17,1,28,4,11,3,4,7,15,7,19,11,15,,6,43,2,22,9,121.5625712,24.9821666
111,12,9,10,27,2,10文山區,文山區木新路3段與興隆路4段口口,0,0,1,2,C03,6,1,5,50,3,1,1,4,4,5,7,2,1,4,3,5,2,17,2,43,2,9,1,1,7,9,1,10,2,14,,23,43,1,22,9,121.5625712,24.9821666
111,12,9,10,31,2,09北投區,北投區學園路32號停車格,0,0,1,1,C03,6,1,5,40,14,9,1,4,4,5,7,4,4,5,5,5,2,17,1,18,2,9,1,4,7,9,1,10,2,12,,42,42,1,22,9,121.4656178,25.12729511
111,12,9,10,31,2,09北投區,北投區學園路32號停車格,0,0,1,2,B12,6,1,5,40,14,9,1,4,4,5,7,4,4,5,5,5,2,17,2,55,3,10,3,4,7,13,7,19,9,4,,44,42,1,22,9,121.4656178,25.12729511
111,12,9,10,31,2,09北投區,北投區學園路32號停車格,0,0,1,3,B03,6,1,5,40,14,9,1,4,4,5,7,4,4,5,5,5,2,17,2,81,3,10,3,4,7,13,7,19,11,7,,44,42,1,22,9,121.4656178,25.12729511
111,12,9,10,37,2,02萬華區,萬華區南寧路與柳州街口,0,0,1,1,B02,6,1,5,50,5,2,1,4,4,5,7,2,1,1,4,5,1,17,1,78,3,10,3,4,7,6,1,8,1,5,,9,43,1,22,9,121.5049903,25.03667828
111,12,9,10,37,2,02萬華區,萬華區南寧路與柳州街口,0,0,1,2,C03,6,1,5,50,5,2,1,4,4,5,7,2,1,1,4,5,1,17,2,27,2,9,3,4,7,9,1,10,1,14,,44,43,1,22,9,121.5049903,25.03667828
111,12,9,10,55,2,12內湖區,內湖區舊宗路1段與舊宗路1段30巷口,0,0,1,1,B03,6,1,5,50,3,2,1,4,4,5,7,4,4,1,4,5,2,17,1,25,3,10,3,4,7,8,1,8,1,15,,7,7,1,22,9,121.5806849,25.05815043
111,12,9,10,55,2,12內湖區,內湖區舊宗路1段與舊宗路1段30巷口,0,0,1,2,C03,6,1,5,50,3,2,1,4,4,5,7,4,4,1,4,5,2,17,1,38,2,9,1,1,7,9,1,10,1,15,,42,7,1,22,9,121.5806849,25.05815043
111,12,9,11,3,2,05中正區,中正區中山北路1段與市民大道1段口,0,0,5,1,C03,6,1,5,40,4,1,1,4,4,5,7,1,1,9,4,5,2,17,1,24,2,9,1,4,7,15,1,10,2,13,,44,43,1,22,9,121.5207275,25.04793598
111,12,9,11,3,2,05中正區,中正區中山北路1段與市民大道1段口,0,0,5,2,C03,6,1,5,40,4,1,1,4,4,5,7,1,1,9,4,5,2,17,1,31,2,9,1,4,7,9,1,10,2,11,,16,43,1,22,9,121.5207275,25.04793598
111,12,9,11,3,2,05中正區,中正區中山北路1段與市民大道1段口,0,0,5,3,C03,6,1,5,40,4,1,1,4,4,5,7,1,1,9,4,5,2,17,1,24,2,9,1,4,7,9,1,10,2,11,,16,43,1,22,9,121.5207275,25.04793598
111,12,9,11,3,2,05中正區,中正區中山北路1段與市民大道1段口,0,0,5,4,C03,6,1,5,40,4,1,1,4,4,5,7,1,1,9,4,5,2,17,1,37,2,9,1,4,7,9,1,10,2,11,,16,43,1,22,9,121.5207275,25.04793598
111,12,9,11,3,2,05中正區,中正區中山北路1段與市民大道1段口,0,0,5,5,C03,6,1,5,40,4,1,1,4,4,5,7,1,1,9,4,5,2,17,1,30,2,9,1,4,7,9,1,10,2,11,,16,43,1,22,9,121.5207275,25.04793598
111,12,9,11,27,2,06松山區,松山區民權東路4段100號,0,0,1,1,C03,6,1,5,40,14,8,1,4,4,5,7,4,4,1,4,4,2,17,1,37,2,9,1,1,7,9,1,10,1,14,,13,16,1,22,9,121.5558191,25.06192443
111,12,9,11,27,2,06松山區,松山區民權東路4段100號,0,0,1,2,C03,6,1,5,40,14,8,1,4,4,5,7,4,4,1,4,4,2,17,1,71,3,10,1,1,7,9,1,9,1,15,,14,16,1,22,9,121.5558191,25.06192443
111,12,9,11,27,2,12內湖區,內湖區瑞光路與瑞光路66巷口,0,0,1,1,C03,6,1,5,50,3,1,1,4,4,5,7,2,1,5,4,5,2,17,1,28,3,10,1,1,7,9,1,10,1,15,,30,30,1,22,9,121.5822944,25.0707902
111,12,9,11,27,2,12內湖區,內湖區瑞光路與瑞光路66巷口,0,0,1,2,C03,6,1,5,50,3,1,1,4,4,5,7,2,1,5,4,5,2,17,1,40,2,9,1,1,7,9,1,10,1,13,,23,30,1,22,9,121.5822944,25.0707902
111,12,9,11,27,2,12內湖區,內湖區瑞光路與瑞光路66巷口,0,0,1,3,C03,6,1,5,50,3,1,1,4,4,5,7,2,1,5,4,5,2,17,1,37,3,10,1,1,7,9,1,10,1,11,,23,30,1,22,9,121.5822944,25.0707902
111,12,9,11,42,2,12內湖區,內湖區新明路與新明路321巷口,0,0,1,1,C03,6,1,5,50,14,9,1,4,4,5,7,1,1,5,4,5,1,12,1,34,2,9,1,1,7,5,1,10,1,14,,8,8,1,22,9,121.5845052,25.05700959
111,12,9,11,42,2,12內湖區,內湖區新明路與新明路321巷口,0,0,1,2,B03,6,1,5,50,14,9,1,4,4,5,7,1,1,5,4,5,1,12,2,53,3,10,1,1,7,9,1,8,1,5,,23,8,1,22,9,121.5845052,25.05700959
111,12,9,11,55,2,08士林區,士林區承德路5段與通河東街2段口,0,0,1,1,B03,8,1,5,50,5,1,1,4,4,5,7,2,1,1,4,4,1,3,1,46,3,10,1,1,7,5,1,8,2,1,,15,6,1,22,9,121.5140048,25.09603952
111,12,9,11,55,2,08士林區,士林區承德路5段與通河東街2段口,0,0,1,2,H01,8,1,5,50,5,1,1,4,4,5,7,2,1,1,4,4,1,3,1,18,2,9,4,5,8,16,8,20,10,16,,67,6,1,22,9,121.5140048,25.09603952
111,12,9,12,3,2,03中山區,中山區民權西路24號,0,0,1,1,B02,6,1,5,50,14,9,1,4,4,5,7,4,4,1,4,5,2,16,1,42,3,10,3,4,7,7,1,8,1,4,,7,43,1,22,9,121.5217338,25.06266782
111,12,9,12,3,2,03中山區,中山區民權西路24號,0,0,1,2,C04,6,1,5,50,14,9,1,4,4,5,7,4,4,1,4,5,2,16,2,29,2,9,3,4,7,9,1,10,1,12,,44,43,1,22,9,121.5217338,25.06266782
111,12,9,12,3,2,03中山區,中山區民權西路24號,0,0,1,3,,6,1,5,50,14,9,1,4,4,5,7,4,4,1,4,5,2,16,4,,4,11,3,4,7,13,7,19,11,15,,38,,2,22,9,121.5217338,25.06266782
111,12,9,12,30,2,07信義區,信義區永吉路236號,0,0,1,1,B01,7,1,5,40,14,8,1,4,4,5,7,4,4,1,4,4,2,9,1,53,3,10,1,1,7,14,1,8,2,6,,38,38,1,22,9,121.5737407,25.0453141
111,12,9,12,30,2,07信義區,信義區永吉路236號,0,0,1,2,H02,7,1,5,40,14,8,1,4,4,5,7,4,4,1,4,4,2,9,2,52,3,10,4,5,7,19,8,20,10,16,,56,38,1,22,9,121.5737407,25.0453141
111,12,9,12,30,2,07信義區,信義區永吉路236號,0,0,1,3,C03,7,1,5,40,14,8,1,4,4,5,7,4,4,1,4,4,2,9,1,36,2,8,1,1,7,9,1,10,2,15,,17,38,1,22,9,121.5737407,25.0453141
111,12,9,12,32,2,04大安區,大安區杭州南路2段50號,0,0,1,1,B03,6,1,5,50,14,9,1,4,4,5,7,4,4,5,4,5,2,12,1,35,3,10,1,1,7,11,1,8,1,8,,26,44,1,22,9,121.5221555,25.03056106
111,12,9,12,32,2,04大安區,大安區杭州南路2段50號,0,0,1,2,C03,6,1,5,50,14,9,1,4,4,5,7,4,4,5,4,5,2,12,1,19,2,9,1,1,7,9,1,10,1,11,,44,44,1,22,9,121.5221555,25.03056106
111,12,9,12,46,2,07信義區,信義區松仁路58號,0,0,1,1,A04,6,1,5,50,14,9,1,4,4,5,7,4,4,1,4,5,1,9,1,57,3,10,1,1,7,9,1,2,1,15,,44,44,1,22,9,121.568315,25.0358335
111,12,9,12,46,2,07信義區,信義區松仁路58號,0,0,1,2,H02,6,1,5,50,14,9,1,4,4,5,7,4,4,1,4,5,1,9,2,81,2,1,4,5,7,20,8,20,1,16,,67,44,1,22,9,121.568315,25.0358335
111,12,9,12,47,2,03中山區,中山區市民大道3段1號,0,0,2,1,C03,6,1,5,40,14,9,1,4,4,5,7,1,1,1,3,5,1,17,2,36,2,9,1,1,7,9,1,10,2,12,,23,43,1,22,9,121.5310567,25.0460557
111,12,9,12,47,2,03中山區,中山區市民大道3段1號,0,0,2,2,C03,6,1,5,40,14,9,1,4,4,5,7,1,1,1,3,5,1,17,2,37,3,10,1,1,7,14,1,10,2,14,,44,43,1,22,9,121.5310567,25.0460557
111,12,9,12,47,2,03中山區,中山區市民大道3段1號,0,0,2,3,C03,6,1,5,40,14,9,1,4,4,5,7,1,1,1,3,5,1,17,1,67,2,9,1,1,7,9,1,10,2,14,,23,43,1,22,9,121.5310567,25.0460557
111,12,9,13,6,2,05中正區,中正區信義路2段與金山南路1段口,0,0,1,1,F01,6,1,5,50,4,2,1,4,4,5,7,2,1,5,4,5,2,15,2,76,2,9,1,1,7,11,8,20,2,16,,25,25,1,22,9,121.5273434,25.0342585
111,12,9,13,6,2,05中正區,中正區信義路2段與金山南路1段口,0,0,1,2,B03,6,1,5,50,4,2,1,4,4,5,7,2,1,5,4,5,2,15,1,34,3,10,1,1,7,9,1,8,2,1,,44,25,1,22,9,121.5273434,25.0342585
111,12,9,13,24,2,04大安區,大安區忠孝東路4段216巷與仁愛路4段345巷4弄口,0,0,1,1,C03,6,1,5,30,4,1,1,4,4,5,7,4,4,5,5,5,2,3,1,42,2,9,1,1,7,9,1,10,2,12,,15,44,1,22,9,121.5529264,25.0390083
111,12,9,13,24,2,04大安區,大安區忠孝東路4段216巷與仁愛路4段345巷4弄口,0,0,1,2,H01,6,1,5,30,4,1,1,4,4,5,7,4,4,5,5,5,2,3,2,22,3,10,4,5,8,16,8,20,10,16,,67,44,1,22,9,121.5529264,25.0390083
111,12,9,13,25,2,05中正區,中正區紹興南街與徐州路口,0,0,1,1,B01,6,1,5,50,4,1,1,4,4,5,7,2,1,9,4,4,1,3,1,60,3,10,1,1,7,5,1,4,2,8,,15,15,1,22,9,121.5240962,25.0405904
111,12,9,13,25,2,05中正區,中正區紹興南街與徐州路口,0,0,1,2,H01,6,1,5,50,4,1,1,4,4,5,7,2,1,9,4,4,1,3,2,69,2,7,4,5,8,16,8,20,10,16,,67,15,1,22,9,121.5240962,25.0405904
111,12,9,13,37,2,08士林區,士林區東山路25巷81弄與東山路25巷99弄口,0,0,1,4,A12,6,1,5,30,3,1,1,4,4,5,7,4,4,10,5,5,1,17,1,70,3,10,1,1,7,14,1,2,9,15,,26,23,2,22,9,121.5425672,25.12044065
111,12,9,13,37,2,08士林區,士林區東山路25巷81弄與東山路25巷99弄口,0,0,1,1,B03,6,1,5,30,3,1,1,4,4,5,7,4,4,10,5,5,1,17,1,62,3,10,1,1,7,15,1,8,2,15,,23,23,1,22,9,121.5425672,25.12044065
111,12,9,13,37,2,08士林區,士林區東山路25巷81弄與東山路25巷99弄口,0,0,1,2,C03,6,1,5,30,3,1,1,4,4,5,7,4,4,10,5,5,1,17,1,23,2,9,1,1,7,9,1,10,2,12,,44,23,1,22,9,121.5425672,25.12044065
111,12,9,13,37,2,08士林區,士林區東山路25巷81弄與東山路25巷99弄口,0,0,1,3,B12,6,1,5,30,3,1,1,4,4,5,7,4,4,10,5,5,1,17,1,50,3,10,1,1,7,14,1,8,9,15,,44,23,1,22,9,121.5425672,25.12044065
111,12,9,13,37,2,09北投區,北投區實踐街與致遠二路口,0,0,2,1,C03,6,1,5,50,3,1,1,4,4,5,7,2,1,5,5,5,1,16,2,42,2,9,1,1,7,5,1,10,1,11,,6,8,1,22,9,121.5116405,25.1152778
111,12,9,13,37,2,09北投區,北投區實踐街與致遠二路口,0,0,2,2,C03,6,1,5,50,3,1,1,4,4,5,7,2,1,5,5,5,1,16,1,35,2,9,1,1,7,9,1,10,1,11,,44,8,1,22,9,121.5116405,25.1152778
111,12,9,13,52,2,08士林區,士林區福國路與福華路口,0,0,1,1,C03,6,1,5,50,4,1,1,4,4,5,7,1,1,10,4,5,2,17,2,21,2,8,1,1,7,5,1,10,1,14,,43,8,1,22,9,121.522468,25.1018003
111,12,9,13,52,2,08士林區,士林區福國路與福華路口,0,0,1,2,B03,6,1,5,50,4,1,1,4,4,5,7,1,1,10,4,5,2,17,1,47,3,10,1,1,7,9,1,8,1,5,,43,8,1,22,9,121.522468,25.1018003
111,12,9,14,14,2,06松山區,松山區復興北路地下道27緊急電話,0,0,2,1,C03,6,3,7,40,7,8,1,4,4,5,7,4,4,1,1,5,2,13,1,20,2,9,1,1,7,9,1,10,2,11,,16,16,1,22,9,121.5442438,25.06991569
111,12,9,14,14,2,06松山區,松山區復興北路地下道27緊急電話,0,0,2,2,C03,6,3,7,40,7,8,1,4,4,5,7,4,4,1,1,5,2,13,1,26,2,9,1,1,7,9,1,10,2,11,,16,16,1,22,9,121.5442438,25.06991569
111,12,9,14,14,2,06松山區,松山區復興北路地下道27緊急電話,0,0,2,3,B03,6,3,7,40,7,8,1,4,4,5,7,4,4,1,1,5,2,13,2,40,3,10,1,1,7,14,1,8,2,3,,44,16,1,22,9,121.5442438,25.06991569
111,12,9,14,48,2,11南港區,南港區忠孝東路6段與玉成街口,0,0,1,1,B12,6,1,5,50,3,2,1,4,4,5,7,2,1,1,3,1,2,1,1,24,3,10,3,4,7,9,1,4,2,8,,15,15,1,22,9,121.583306,25.0460819
111,12,9,14,48,2,11南港區,南港區忠孝東路6段與玉成街口,0,0,1,2,H01,6,1,5,50,3,2,1,4,4,5,7,2,1,1,3,1,2,1,2,48,2,7,4,4,8,16,8,20,10,16,,67,15,1,22,9,121.583306,25.0460819
111,12,9,15,20,2,07信義區,信義區松智路與松廉路口,0,0,1,1,B01,6,1,5,50,3,2,1,4,4,5,7,2,1,9,4,5,1,17,1,53,3,10,3,4,7,1,1,4,1,15,,19,19,1,22,9,121.5654809,25.0337751
111,12,9,15,20,2,07信義區,信義區松智路與松廉路口,0,0,1,2,C03,6,1,5,50,3,2,1,4,4,5,7,2,1,9,4,5,1,17,1,33,2,9,3,4,7,12,1,10,1,14,,44,19,1,22,9,121.5654809,25.0337751
111,12,9,16,3,2,11南港區,南港區重陽路與重陽路39巷口,0,0,1,1,B03,6,1,5,50,4,1,1,4,4,5,7,2,1,5,4,4,2,12,2,37,3,10,1,1,7,1,1,8,2,15,,19,8,1,21,8,121.5958803,25.05524163
111,12,9,16,3,2,11南港區,南港區重陽路與重陽路39巷口,0,0,1,2,B12,6,1,5,50,4,1,1,4,4,5,7,2,1,5,4,4,2,12,1,62,3,10,1,1,7,9,1,8,2,5,,44,8,1,21,8,121.5958803,25.05524163
111,12,9,16,3,2,11南港區,南港區重陽路與重陽路39巷口,0,0,1,3,C03,6,1,5,50,4,1,1,4,4,5,7,2,1,5,4,4,2,12,1,53,2,1,1,1,7,9,1,10,2,11,,44,8,1,21,8,121.5958803,25.05524163
111,12,9,16,12,2,01大同區,大同區延平北路4段與酒泉街口,0,0,1,1,B02,6,1,5,50,4,1,1,4,4,5,7,1,1,5,4,5,2,12,1,34,3,10,1,1,7,6,1,8,2,2,,6,6,1,22,9,121.5110153,25.07215093
111,12,9,16,12,2,01大同區,大同區延平北路4段與酒泉街口,0,0,1,2,C03,6,1,5,50,4,1,1,4,4,5,7,1,1,5,4,5,2,12,1,39,2,9,1,1,7,9,1,10,2,14,,44,6,1,22,9,121.5110153,25.07215093
111,12,9,16,20,2,06松山區,松山區南京東路3段與復興北路口,0,0,1,3,H02,6,1,5,50,14,9,1,4,4,5,7,4,4,1,3,5,2,16,1,44,3,10,4,5,7,19,8,20,10,16,,56,56,1,22,9,121.5442172,25.05160391
111,12,9,16,20,2,06松山區,松山區南京東路3段與復興北路口,0,0,1,2,C03,6,1,5,50,14,9,1,4,4,5,7,4,4,1,3,5,2,16,1,64,2,9,1,1,7,9,1,10,1,14,,44,56,1,22,9,121.5442172,25.05160391