發生年度,發生月,發生日,發生時-Hours,發生分,處理別-編號,區序,肇事地點,死亡人數,2-30日死亡人數,受傷人數,當事人序號,車種,天候,光線,道路類別,速限-速度限制,道路型態,事故位置,路面狀況1,路面狀況2,路面狀況3,道路障礙1,道路障礙2,號誌1,號誌2,車道劃分-分向,車道劃分-分道1,車道劃分-分道2,車道劃分-分道3,事故類型及型態,性別,年齡,受傷程度,主要傷處,安全帽,行動電話,車輛用途,當事者行動狀態,駕駛資格情形,駕駛執照種類,飲酒情形,車輛撞擊部位1,車輛撞擊部位2,肇因碼-個別,肇因碼-主要,個人肇逃否,職業,旅次目的,座標-X,座標-Y
111,12,9,16,20,2,06松山區,松山區南京東路3段與復興北路口,0,0,1,1,B01,6,1,5,50,14,9,1,4,4,5,7,4,4,1,3,5,2,16,1,68,3,10,1,1,7,13,1,4,1,2,,38,56,1,22,9,121.5442172,25.05160391
111,12,9,16,30,2,01大同區,大同區南京西路與太原路口,0,0,1,1,C03,8,3,5,50,4,1,1,5,4,5,7,1,1,1,4,5,2,17,2,29,2,9,1,1,7,9,1,10,1,15,,44,44,1,22,9,121.5161573,25.0537192
111,12,9,16,30,2,01大同區,大同區南京西路與太原路口,0,0,1,2,B03,8,3,5,50,4,1,1,5,4,5,7,1,1,1,4,5,2,17,1,76,4,11,3,4,7,11,7,19,11,15,,10,44,2,22,9,121.5161573,25.0537192
111,12,9,16,34,2,05中正區,中正區中華路1段77號前,0,0,1,1,C03,6,3,5,50,14,8,1,4,4,5,7,4,4,9,4,5,1,18,1,31,2,7,1,1,7,9,1,10,1,14,,13,13,1,5,1,121.5075489,25.0390092
111,12,9,16,34,2,05中正區,中正區中華路1段77號前,0,0,1,2,,6,3,5,50,14,8,1,4,4,5,7,4,4,9,4,5,1,18,3,,,,,,,,,,,,,67,13,1,,,121.5075489,25.0390092
111,12,9,16,55,2,12內湖區,內湖區民權東路6段56巷與民權東路6段90巷16弄口,0,0,1,1,C03,6,3,5,50,3,1,1,4,4,5,7,4,4,7,5,4,2,16,2,72,2,9,1,1,7,5,1,10,1,11,,8,8,1,22,9,121.5851026,25.06788918
111,12,9,16,55,2,12內湖區,內湖區民權東路6段56巷與民權東路6段90巷16弄口,0,0,1,2,C03,6,3,5,50,3,1,1,4,4,5,7,4,4,7,5,4,2,16,1,63,3,10,1,1,7,9,1,10,1,11,,14,8,1,22,9,121.5851026,25.06788918
111,12,9,17,7,2,05中正區,中正區重慶南路1段與愛國西路口,0,0,1,1,C03,6,3,5,50,14,9,1,4,4,5,7,1,1,1,4,1,1,12,2,36,3,10,1,1,7,7,1,10,1,13,,7,7,1,22,9,121.5123069,25.0355638
111,12,9,17,7,2,05中正區,中正區重慶南路1段與愛國西路口,0,0,1,2,C03,6,3,5,50,14,9,1,4,4,5,7,1,1,1,4,1,1,12,1,27,2,9,1,1,7,9,1,10,1,11,,44,7,1,22,9,121.5123069,25.0355638
111,12,9,17,20,2,11南港區,南港區市民大道7段與東新街口,0,0,2,1,C03,6,3,5,50,4,1,1,4,4,5,7,1,1,1,4,5,2,13,1,48,2,9,1,1,7,9,1,10,1,11,,23,23,1,22,9,121.5836352,25.0498224
111,12,9,17,20,2,11南港區,南港區市民大道7段與東新街口,0,0,2,2,C03,6,3,5,50,4,1,1,4,4,5,7,1,1,1,4,5,2,13,1,46,2,9,1,1,7,9,1,10,1,13,,44,23,1,22,9,121.5836352,25.0498224
111,12,9,17,21,2,10文山區,文山區木柵路1段101號,0,0,1,1,C03,6,3,5,50,14,9,2,4,4,5,7,4,4,5,4,5,2,29,1,22,2,8,1,4,7,15,1,10,11,12,,43,,1,22,9,121.5476933,24.9870291
111,12,9,17,21,2,10文山區,文山區木柵路1段101號,0,0,1,2,,6,3,5,50,14,9,2,4,4,5,7,4,4,5,4,5,2,29,3,,,,,,,,,,,,,,,,,,121.5476933,24.9870291
111,12,9,17,25,2,09北投區,北投區大度路3段與關渡路口,0,0,2,1,B03,6,3,5,50,3,1,1,4,4,5,7,2,1,3,4,5,1,16,1,59,3,10,1,1,7,6,1,8,1,2,,9,9,1,22,9,121.4694918,25.12288702
111,12,9,17,25,2,09北投區,北投區大度路3段與關渡路口,0,0,2,2,C03,6,3,5,50,3,1,1,4,4,5,7,2,1,3,4,5,1,16,2,20,2,9,1,1,7,9,1,10,1,11,,23,9,1,22,9,121.4694918,25.12288702
111,12,9,17,25,2,09北投區,北投區大度路3段與關渡路口,0,0,2,3,H02,6,3,5,50,3,1,1,4,4,5,7,2,1,3,4,5,1,16,2,20,2,9,1,1,7,20,8,20,1,16,,67,9,1,22,9,121.4694918,25.12288702
111,12,9,17,37,2,05中正區,中正區衡陽路99號前,0,0,1,1,B12,6,3,5,50,14,9,1,4,4,5,7,4,4,9,4,5,1,16,1,63,4,11,3,4,7,15,7,19,11,15,,42,43,2,22,9,121.5092686,25.04219
111,12,9,17,37,2,05中正區,中正區衡陽路99號前,0,0,1,2,C03,6,3,5,50,14,9,1,4,4,5,7,4,4,9,4,5,1,16,2,33,2,8,1,1,7,8,1,10,1,12,,7,43,1,21,2,121.5092686,25.04219
111,12,9,17,40,2,11南港區,南港區惠民街77號,0,0,1,1,C03,6,3,5,30,14,9,1,4,4,5,7,4,4,9,5,5,2,16,2,38,2,9,1,1,7,4,1,10,2,12,,1,1,1,22,9,121.6098489,25.0587098
111,12,9,17,40,2,11南港區,南港區惠民街77號,0,0,1,2,B03,6,3,5,30,14,9,1,4,4,5,7,4,4,9,5,5,2,16,1,40,3,10,3,4,7,11,1,8,2,8,,10,1,1,22,9,121.6098489,25.0587098
111,12,9,17,55,2,11南港區,南港區市民大道8段第6根路燈號,0,0,1,2,B03,6,3,5,50,14,9,1,4,4,5,7,4,4,1,3,5,2,13,1,34,3,10,3,4,7,14,1,8,2,2,,44,16,1,22,9,121.5961829,25.0516395
111,12,9,17,55,2,11南港區,南港區市民大道8段第6根路燈號,0,0,1,1,C03,6,3,5,50,14,9,1,4,4,5,7,4,4,1,3,5,2,13,2,32,2,9,3,4,7,9,1,8,2,14,,16,16,1,22,9,121.5961829,25.0516395
111,12,9,18,0,2,03中山區,中山區明水路與北安路588巷口,0,0,1,1,B03,6,3,5,50,3,1,1,4,4,5,7,4,4,1,3,5,1,12,1,36,3,10,3,4,7,6,1,8,2,6,,9,9,1,22,9,121.55144,25.0816147
111,12,9,18,0,2,03中山區,中山區明水路與北安路588巷口,0,0,1,2,C03,6,3,5,50,3,1,1,4,4,5,7,4,4,1,3,5,1,12,1,24,2,9,3,4,7,9,1,10,2,11,,44,9,1,22,9,121.55144,25.0816147
111,12,9,18,5,2,11南港區,南港區松河街與中坡北路口,0,0,1,1,B03,6,3,5,50,3,1,1,4,4,5,7,4,4,5,4,5,2,16,1,55,3,10,1,1,7,11,1,8,2,4,,44,44,1,21,8,121.5802308,25.0522089
111,12,9,18,5,2,11南港區,南港區松河街與中坡北路口,0,0,1,2,C03,6,3,5,50,3,1,1,4,4,5,7,4,4,5,4,5,2,16,2,57,2,1,1,1,7,9,1,10,2,11,,26,44,1,21,8,121.5802308,25.0522089
111,12,9,18,6,2,09北投區,北投區立農街1段與公館路423巷口口,0,0,1,1,H01,6,3,5,30,4,2,1,4,4,5,7,2,1,10,5,5,2,3,2,59,2,9,4,5,8,20,8,20,10,16,,67,52,1,22,9,121.5037464,25.1200494
111,12,9,18,6,2,09北投區,北投區立農街1段與公館路423巷口口,0,0,1,2,C03,6,3,5,30,4,2,1,4,4,5,7,2,1,10,5,5,2,3,1,32,3,10,1,1,7,9,1,10,2,11,,43,52,1,22,9,121.5037464,25.1200494
111,12,9,18,7,2,05中正區,中正區和平西路2段與南海路口,0,0,2,1,C03,6,3,5,50,4,1,1,4,4,5,7,1,1,3,4,5,2,3,1,66,2,9,1,1,7,6,1,10,2,11,,15,23,1,22,9,121.5091316,25.03063156
111,12,9,18,7,2,05中正區,中正區和平西路2段與南海路口,0,0,2,2,H01,6,3,5,50,4,1,1,4,4,5,7,1,1,3,4,5,2,3,2,38,2,9,4,5,8,16,8,20,1,16,,67,23,1,22,9,121.5091316,25.03063156
111,12,9,18,10,2,05中正區,中正區承德路1段與鄭州路口,0,0,1,1,B03,6,3,5,40,5,1,1,4,4,5,7,2,1,1,4,5,2,11,1,35,3,10,1,1,7,5,1,8,2,8,,26,26,1,22,5,121.5163117,25.0487036
111,12,9,18,10,2,05中正區,中正區承德路1段與鄭州路口,0,0,1,2,C03,6,3,5,40,5,1,1,4,4,5,7,2,1,1,4,5,2,11,1,47,2,9,1,1,7,9,1,10,2,11,,44,26,1,4,1,121.5163117,25.0487036
111,12,9,18,12,2,04大安區,大安區仁愛路3段與建國南路1段口,0,0,1,1,B03,6,3,5,50,4,1,1,4,4,5,7,2,1,1,4,5,1,12,1,40,3,10,3,4,7,7,1,8,1,4,,7,,1,22,9,121.5380491,25.0379236
111,12,9,18,12,2,04大安區,大安區仁愛路3段與建國南路1段口,0,0,1,2,C03,6,3,5,50,4,1,1,4,4,5,7,2,1,1,4,5,1,12,1,60,2,6,1,1,7,9,1,10,1,12,,44,,1,22,9,121.5380491,25.0379236
111,12,9,18,25,2,07信義區,信義區松智路與松智路9巷口,0,0,1,1,B01,6,3,5,50,3,1,1,4,4,5,7,4,4,9,4,5,2,9,1,67,3,10,1,1,7,5,1,4,1,4,,15,23,1,22,9,121.565675,25.0378969
111,12,9,18,25,2,07信義區,信義區松智路與松智路9巷口,0,0,1,2,H01,6,3,5,50,3,1,1,4,4,5,7,4,4,9,4,5,2,9,1,37,2,9,4,5,8,16,8,20,1,16,,51,23,1,22,9,121.565675,25.0378969
111,12,9,18,35,2,01大同區,大同區延平北路2段與延平北路2段210巷口,0,0,1,1,C03,6,3,5,50,3,2,1,4,4,5,7,1,1,5,2,5,2,17,1,22,2,9,1,1,7,9,1,10,1,11,,23,16,1,22,9,121.5114599,25.0591636
111,12,9,18,35,2,01大同區,大同區延平北路2段與延平北路2段210巷口,0,0,1,2,B03,6,3,5,50,3,2,1,4,4,5,7,1,1,5,2,5,2,17,1,56,3,10,1,1,7,15,1,8,1,6,,44,16,1,22,9,121.5114599,25.0591636
111,12,9,18,43,2,07信義區,信義區信安街123號,0,0,1,1,B03,6,3,5,50,14,9,1,4,4,5,7,4,4,5,5,5,1,12,1,52,3,10,3,4,7,4,1,8,1,5,,17,43,1,22,9,121.5556692,25.0242995
111,12,9,18,43,2,07信義區,信義區信安街123號,0,0,1,2,C03,6,3,5,50,14,9,1,4,4,5,7,4,4,5,5,5,1,12,2,45,2,8,1,4,7,9,1,10,1,14,,17,43,1,22,9,121.5556692,25.0242995
111,12,9,19,2,2,02萬華區,萬華區桂林路160號,0,0,1,1,B03,6,3,5,50,14,7,1,4,4,5,7,4,4,4,3,5,2,3,1,24,3,10,1,1,7,1,1,8,1,1,,23,19,1,22,9,121.4976628,25.0384855
111,12,9,19,2,2,02萬華區,萬華區桂林路160號,0,0,1,2,H01,6,3,5,50,14,7,1,4,4,5,7,4,4,4,3,5,2,3,2,67,2,7,4,5,8,16,8,20,10,16,,51,19,1,22,9,121.4976628,25.0384855
111,12,9,19,5,2,04大安區,大安區忠孝東路3段217巷1弄與忠孝東路3段217巷口,0,0,1,1,B01,6,3,5,30,4,1,1,4,4,5,7,4,4,10,5,5,1,1,1,62,3,10,1,1,7,5,1,4,9,4,,15,23,1,22,9,121.5396495,25.0423285
111,12,9,19,5,2,04大安區,大安區忠孝東路3段217巷1弄與忠孝東路3段217巷口,0,0,1,2,H01,6,3,5,30,4,1,1,4,4,5,7,4,4,10,5,5,1,1,2,54,2,7,1,1,8,16,8,20,10,16,,67,23,1,22,9,121.5396495,25.0423285
111,12,9,19,10,2,03中山區,中山區建國北路3段113巷與民族東路口,0,0,2,1,B02,6,3,5,50,3,2,1,4,4,5,7,2,1,1,4,4,2,17,1,26,3,10,1,1,7,5,1,8,2,15,,6,8,1,22,9,121.5362894,25.06809248
111,12,9,19,10,2,03中山區,中山區建國北路3段113巷與民族東路口,0,0,2,2,C03,6,3,5,50,3,2,1,4,4,5,7,2,1,1,4,4,2,17,1,51,2,9,1,1,7,9,1,10,2,12,,13,8,1,22,9,121.5362894,25.06809248
111,12,9,19,10,2,03中山區,中山區建國北路3段113巷與民族東路口,0,0,2,3,H02,6,3,5,50,3,2,1,4,4,5,7,2,1,1,4,4,2,17,2,20,2,8,1,1,7,20,8,20,10,16,,67,8,1,22,9,121.5362894,25.06809248
111,12,9,19,20,2,09北投區,北投區承德路6段483-3號,0,0,1,1,B03,6,3,5,30,14,20,1,4,4,1,7,4,4,10,5,5,2,15,2,37,3,10,1,1,7,1,1,8,1,5,,19,23,1,22,9,121.5111117,25.10978344
111,12,9,19,20,2,09北投區,北投區承德路6段483-3號,0,0,1,2,F01,6,3,5,30,14,20,1,4,4,1,7,4,4,10,5,5,2,15,1,48,2,9,1,1,7,9,8,20,1,16,,44,23,1,22,9,121.5111117,25.10978344
111,12,9,19,27,2,09北投區,北投區大興街與光明路2巷口,0,0,3,1,C03,6,1,5,50,3,1,1,4,4,5,7,4,4,5,4,5,2,13,1,60,2,9,3,4,7,5,1,10,1,13,,8,8,1,22,9,121.5002588,25.13040659
111,12,9,19,27,2,09北投區,北投區大興街與光明路2巷口,0,0,3,2,C03,6,1,5,50,3,1,1,4,4,5,7,4,4,5,4,5,2,13,1,31,2,9,3,4,7,9,1,10,1,11,,14,8,1,22,9,121.5002588,25.13040659
111,12,9,19,27,2,09北投區,北投區大興街與光明路2巷口,0,0,3,3,H02,6,1,5,50,3,1,1,4,4,5,7,4,4,5,4,5,2,13,2,59,2,9,3,4,7,21,8,20,1,15,,67,8,1,22,9,121.5002588,25.13040659
111,12,9,19,35,2,04大安區,大安區大安路2段148號,0,0,1,1,B01,6,3,5,50,14,9,1,4,4,5,7,2,1,5,5,5,2,17,1,50,3,10,1,1,7,1,1,4,1,4,,19,19,1,22,9,121.5460173,25.0293207
111,12,9,19,35,2,04大安區,大安區大安路2段148號,0,0,1,2,C03,6,3,5,50,14,9,1,4,4,5,7,2,1,5,5,5,2,17,1,44,2,9,1,1,7,9,1,10,1,11,,44,19,1,22,9,121.5460173,25.0293207
111,12,9,19,52,2,01大同區,大同區民生西路與重慶北路2段口,0,0,1,1,B01,6,3,5,50,4,2,1,4,4,5,7,1,1,5,2,5,2,17,1,55,3,10,1,1,7,9,1,4,1,8,,23,42,1,22,9,121.513814,25.0570563
111,12,9,19,52,2,01大同區,大同區民生西路與重慶北路2段口,0,0,1,2,C03,6,3,5,50,4,2,1,4,4,5,7,1,1,5,2,5,2,17,1,35,2,9,1,1,7,9,1,10,1,15,,42,42,1,22,9,121.513814,25.0570563
111,12,9,20,14,2,06松山區,松山區民生東路5段與三民路口圓環,0,0,1,1,C03,6,3,5,50,16,9,1,4,4,5,7,2,1,3,4,4,2,16,2,26,2,2,1,4,7,9,1,10,1,14,,6,23,1,22,9,121.5635422,25.05923003
111,12,9,20,14,2,06松山區,松山區民生東路5段與三民路口圓環,0,0,1,2,B03,6,3,5,50,16,9,1,4,4,5,7,2,1,3,4,4,2,16,2,29,3,10,3,4,7,6,1,8,1,2,,9,23,1,22,9,121.5635422,25.05923003
111,12,9,20,15,2,03中山區,中山區德惠街與雙城街口,0,0,1,1,B01,6,3,5,50,4,1,1,4,4,5,7,2,1,9,5,5,2,3,1,58,3,10,3,4,7,6,1,4,1,2,,15,9,1,22,9,121.524321,25.06668695
111,12,9,20,15,2,03中山區,中山區德惠街與雙城街口,0,0,1,2,H01,6,3,5,50,4,1,1,4,4,5,7,2,1,9,5,5,2,3,2,75,2,9,4,5,8,16,8,20,10,16,,67,9,1,22,9,121.524321,25.06668695
111,12,9,20,20,2,01大同區,大同區民權西路250巷與民權西路口,0,0,1,1,B03,6,3,5,30,3,2,1,4,4,5,7,4,4,1,4,5,2,16,1,42,3,10,3,1,7,6,1,8,1,8,,9,9,1,22,9,121.5125739,25.0628413
111,12,9,20,20,2,01大同區,大同區民權西路250巷與民權西路口,0,0,1,2,C03,6,3,5,30,3,2,1,4,4,5,7,4,4,1,4,5,2,16,1,25,2,8,1,1,7,9,1,10,1,12,,13,9,1,22,9,121.5125739,25.0628413
111,12,9,20,34,2,03中山區,中山區民權東路2段與松江路口,0,0,1,1,C03,7,3,5,50,4,2,1,5,4,5,7,1,1,1,4,5,1,12,2,40,2,9,1,1,7,9,1,10,1,12,,17,17,1,22,9,121.533045,25.06241165
111,12,9,20,34,2,03中山區,中山區民權東路2段與松江路口,0,0,1,2,B03,7,3,5,50,4,2,1,5,4,5,7,1,1,1,4,5,1,12,1,22,3,10,1,1,7,9,1,8,1,8,,17,17,1,22,9,121.533045,25.06241165
111,12,9,20,45,2,11南港區,南港區大坑街與舊莊街1段91巷口口,0,0,2,1,C03,6,3,5,50,4,1,1,4,4,5,7,4,4,5,5,5,2,3,1,68,2,8,1,1,7,9,1,10,1,14,,15,23,1,22,9,121.6203283,25.04183394
111,12,9,20,45,2,11南港區,南港區大坑街與舊莊街1段91巷口口,0,0,2,2,H01,6,3,5,50,4,1,1,4,4,5,7,4,4,5,5,5,2,3,2,42,2,9,4,5,8,16,8,20,10,16,,51,23,1,22,9,121.6203283,25.04183394
111,12,9,20,50,2,12內湖區,內湖區內湖路2段179巷與金龍隧道口,0,0,2,1,C03,6,3,5,50,14,7,1,4,4,5,7,4,4,5,4,4,2,24,1,46,2,9,1,1,7,9,1,10,2,11,,23,23,1,22,9,121.5851662,25.08434813
111,12,9,20,50,2,12內湖區,內湖區內湖路2段179巷與金龍隧道口,0,0,2,2,,6,3,5,50,14,7,1,4,4,5,7,4,4,5,4,4,2,24,3,,,,,,,,,,,,,67,23,1,,,121.5851662,25.08434813
111,12,9,20,50,2,12內湖區,內湖區內湖路2段179巷與金龍隧道口,0,0,2,3,H02,6,3,5,50,14,7,1,4,4,5,7,4,4,5,4,4,2,24,2,40,2,9,1,5,7,21,8,20,10,16,,67,23,1,22,9,121.5851662,25.08434813
111,12,9,20,57,2,04大安區,大安區復興南路2段與復興南路2段160巷口,0,0,1,1,F01,6,3,5,50,3,2,1,4,4,5,7,2,1,10,5,5,2,15,1,24,3,10,1,1,7,9,8,20,1,16,,25,25,1,21,8,121.5432948,25.02781969
111,12,9,20,57,2,04大安區,大安區復興南路2段與復興南路2段160巷口,0,0,1,2,C03,6,3,5,50,3,2,1,4,4,5,7,2,1,10,5,5,2,15,2,24,2,9,1,1,7,9,1,10,1,11,,23,25,1,21,8,121.5432948,25.02781969
111,12,9,21,19,2,05中正區,中正區金山南路1段與仁愛路2段口,0,0,1,1,C03,7,3,5,50,5,1,1,5,4,5,7,2,1,1,4,5,2,12,1,43,2,7,1,1,7,5,1,9,1,14,,8,8,1,22,5,121.5282269,25.0381367
111,12,9,21,19,2,05中正區,中正區金山南路1段與仁愛路2段口,0,0,1,2,B03,7,3,5,50,5,1,1,5,4,5,7,2,1,1,4,5,2,12,1,43,3,10,1,1,7,9,1,8,1,5,,44,8,1,2,5,121.5282269,25.0381367
111,12,9,21,23,2,11南港區,南港區忠孝東路7段與忠孝東路7段325巷口,0,0,1,1,B01,6,3,5,50,3,1,1,4,4,5,7,1,1,1,3,4,2,16,1,48,3,10,1,1,7,5,1,8,2,6,,6,8,1,22,9,121.6054699,25.05196168
111,12,9,21,23,2,11南港區,南港區忠孝東路7段與忠孝東路7段325巷口,0,0,1,2,B03,6,3,5,50,3,1,1,4,4,5,7,1,1,1,3,4,2,16,1,25,3,10,1,1,7,9,1,8,2,5,,13,8,1,22,9,121.6054699,25.05196168
111,12,9,21,23,2,11南港區,南港區忠孝東路7段與忠孝東路7段325巷口,0,0,1,3,H02,6,3,5,50,3,1,1,4,4,5,7,1,1,1,3,4,2,16,1,26,2,1,4,5,7,21,8,20,10,16,,67,8,1,22,9,121.6054699,25.05196168
111,12,9,21,40,2,04大安區,大安區金華街與潮州街55巷口,0,0,2,1,C03,6,3,5,50,3,1,1,4,4,5,7,4,4,9,4,5,2,17,1,29,2,9,1,1,7,5,1,10,1,14,,44,44,1,22,9,121.524293,25.0305467
111,12,9,21,40,2,04大安區,大安區金華街與潮州街55巷口,0,0,2,2,C03,6,3,5,50,3,1,1,4,4,5,7,4,4,9,4,5,2,17,1,22,2,9,1,1,7,4,1,10,1,11,,23,44,1,22,9,121.524293,25.0305467
111,12,9,21,48,2,11南港區,南港區忠孝東路6段與忠孝東路6段278巷口,0,0,1,1,B03,6,3,5,50,3,1,1,4,4,5,6,2,1,1,4,4,2,17,1,55,3,10,1,4,7,11,1,8,2,2,,10,10,1,22,9,121.5890723,25.0490324
111,12,9,21,48,2,11南港區,南港區忠孝東路6段與忠孝東路6段278巷口,0,0,1,2,C03,6,3,5,50,3,1,1,4,4,5,6,2,1,1,4,4,2,17,1,22,2,9,1,1,7,9,1,10,2,11,,44,10,1,22,9,121.5890723,25.0490324
111,12,9,22,5,2,07信義區,信義區松高路20巷與松壽路口,0,0,1,1,B01,6,4,5,30,4,1,1,4,4,5,7,4,4,9,4,5,2,13,1,58,3,10,1,1,7,9,1,4,1,1,,23,23,1,22,9,121.567592,25.0359252
111,12,9,22,5,2,07信義區,信義區松高路20巷與松壽路口,0,0,1,2,C03,6,4,5,30,4,1,1,4,4,5,7,4,4,9,4,5,2,13,1,18,2,8,1,1,7,14,1,10,1,13,,44,23,1,22,9,121.567592,25.0359252
111,12,9,22,14,2,08士林區,士林區承德路4段與承德路4段195巷口,0,0,1,1,B03,7,3,5,50,3,1,1,5,4,5,7,3,1,1,4,5,2,12,1,37,3,10,1,1,7,6,1,8,1,2,,9,9,1,22,9,121.5221451,25.0881968
111,12,9,22,14,2,08士林區,士林區承德路4段與承德路4段195巷口,0,0,1,2,C03,7,3,5,50,3,1,1,5,4,5,7,3,1,1,4,5,2,12,2,51,2,9,1,1,7,9,1,10,1,11,,23,9,1,22,9,121.5221451,25.0881968
111,12,9,22,25,2,11南港區,南港區南港路1段與中南街口口,0,0,2,1,C03,6,1,5,50,3,1,1,4,4,5,7,2,1,5,4,5,2,16,1,31,2,9,1,1,7,11,1,10,1,12,,10,10,1,22,9,121.6151495,25.05530324
111,12,9,22,25,2,11南港區,南港區南港路1段與中南街口口,0,0,2,2,C03,6,1,5,50,3,1,1,4,4,5,7,2,1,5,4,5,2,16,2,23,2,9,1,1,7,9,1,10,1,11,,44,10,1,22,9,121.6151495,25.05530324
111,12,9,22,45,2,11南港區,南港區市民大道7段與玉成街口,0,0,2,1,C03,6,3,5,50,4,1,1,4,4,5,7,2,1,10,5,5,2,13,2,29,2,9,3,4,7,5,1,10,1,14,,27,43,1,22,9,121.5814749,25.04914037
111,12,9,22,45,2,11南港區,南港區市民大道7段與玉成街口,0,0,2,2,C03,6,3,5,50,4,1,1,4,4,5,7,2,1,10,5,5,2,13,1,22,2,9,3,4,7,9,1,10,1,11,,25,43,1,22,9,121.5814749,25.04914037
111,12,9,23,0,2,08士林區,士林區文昌路與文昌路口新光醫院道路,0,0,3,1,C03,8,3,5,50,3,1,1,5,4,5,7,2,1,4,4,5,2,12,1,21,2,9,1,4,7,11,1,10,1,11,,10,10,1,22,9,121.5212558,25.09607465
111,12,9,23,0,2,08士林區,士林區文昌路與文昌路口新光醫院道路,0,0,3,2,C03,8,3,5,50,3,1,1,5,4,5,7,2,1,4,4,5,2,12,1,21,2,9,1,4,7,9,1,10,1,11,,13,10,1,22,9,121.5212558,25.09607465
111,12,9,23,0,2,08士林區,士林區文昌路與文昌路口新光醫院道路,0,0,3,3,H02,8,3,5,50,3,1,1,5,4,5,7,2,1,4,4,5,2,12,2,20,2,7,1,5,7,20,8,20,10,16,,67,10,1,22,9,121.5212558,25.09607465
111,12,9,23,10,2,10文山區,文山區木新路3段與樟新街口,0,0,1,1,F01,6,3,5,50,14,9,1,4,4,5,7,1,1,5,2,5,2,16,1,18,2,9,1,1,7,5,8,20,2,16,,42,8,1,22,9,121.5548856,24.9802205
111,12,9,23,10,2,10文山區,文山區木新路3段與樟新街口,0,0,1,2,B03,6,3,5,50,14,9,1,4,4,5,7,1,1,5,2,5,2,16,1,39,3,10,1,1,7,9,1,8,2,2,,42,8,1,22,9,121.5548856,24.9802205
111,12,9,23,12,2,07信義區,信義區信義路5段與松智路口,0,0,1,1,B03,6,3,5,50,4,1,1,4,4,5,7,1,1,1,4,5,2,16,1,25,3,10,1,1,7,5,1,8,1,8,,6,6,1,22,9,121.5654493,25.0329509
111,12,9,23,12,2,07信義區,信義區信義路5段與松智路口,0,0,1,2,C03,6,3,5,50,4,1,1,4,4,5,7,1,1,1,4,5,2,16,2,51,2,7,1,1,7,9,1,10,1,14,,44,6,1,22,9,121.5654493,25.0329509
111,12,9,23,50,2,10文山區,文山區忠順街1段與興隆路4段口口,0,0,1,1,B03,7,1,5,50,4,1,1,4,4,5,7,2,1,4,3,5,1,3,1,37,3,10,3,4,7,5,1,8,1,8,,43,6,1,22,9,121.5616909,24.98457942
111,12,9,23,50,2,10文山區,文山區忠順街1段與興隆路4段口口,0,0,1,2,H01,7,1,5,50,4,1,1,4,4,5,7,2,1,4,3,5,1,3,2,30,2,8,4,5,8,16,8,20,10,16,,67,6,1,22,9,121.5616909,24.98457942
111,12,10,5,10,2,03中山區,中山區林森北路42號,0,0,2,1,H01,6,3,5,50,14,9,1,4,4,5,7,2,1,9,4,5,2,3,1,25,2,9,4,5,8,16,8,20,10,16,,51,51,1,22,9,121.5242694,25.04816123
111,12,10,5,10,2,03中山區,中山區林森北路42號,0,0,2,2,C03,6,3,5,50,14,9,1,4,4,5,7,2,1,9,4,5,2,3,1,36,2,9,3,4,7,9,1,10,2,12,,23,51,1,22,9,121.5242694,25.04816123
111,12,10,5,25,2,03中山區,中山區松江路367號,0,0,1,1,B01,6,3,5,50,14,9,1,4,4,5,7,4,4,1,4,5,2,9,1,61,3,10,3,4,7,1,1,4,11,2,,19,43,1,22,9,121.5333533,25.06440975
111,12,10,5,25,2,03中山區,中山區松江路367號,0,0,1,2,H03,6,3,5,50,14,9,1,4,4,5,7,4,4,1,4,5,2,9,2,28,2,8,4,5,8,17,8,20,10,16,,67,43,1,22,9,121.5333533,25.06440975
111,12,10,6,0,2,05中正區,中正區中華路1段與愛國西路口,0,0,1,1,B02,6,3,5,50,5,2,1,4,4,5,7,1,1,1,4,1,2,3,2,39,3,10,1,1,7,5,1,8,9,4,,15,8,1,22,9,121.5070365,25.03760279
111,12,10,6,0,2,05中正區,中正區中華路1段與愛國西路口,0,0,1,2,H01,6,3,5,50,5,2,1,4,4,5,7,1,1,1,4,1,2,3,1,69,2,9,4,5,8,16,8,20,9,16,,67,8,1,22,9,121.5070365,25.03760279
111,12,10,6,25,2,07信義區,信義區基隆路2段與光復南路口,0,0,1,1,B03,6,3,5,50,4,1,1,4,4,5,7,1,1,1,4,5,2,12,1,23,3,10,1,1,7,6,1,8,1,2,,9,9,1,22,9,121.5576602,25.0300443
111,12,10,6,25,2,07信義區,信義區基隆路2段與光復南路口,0,0,1,2,C03,6,3,5,50,4,1,1,4,4,5,7,1,1,1,4,5,2,12,1,39,2,9,1,1,7,9,1,10,1,11,,44,9,1,22,9,121.5576602,25.0300443
111,12,10,7,14,2,12內湖區,內湖區港墘路82巷與內湖路1段667巷口,0,0,1,1,B12,6,1,5,30,3,1,1,4,4,5,7,4,4,9,5,5,2,16,1,44,3,10,1,1,7,5,1,8,2,8,,6,6,1,22,9,121.576361,25.08125238
111,12,10,7,14,2,12內湖區,內湖區港墘路82巷與內湖路1段667巷口,0,0,1,2,C03,6,1,5,30,3,1,1,4,4,5,7,4,4,9,5,5,2,16,1,54,2,8,1,1,7,9,1,10,2,11,,14,6,1,22,9,121.576361,25.08125238
111,12,10,7,45,2,04大安區,大安區建國南路2段與建國南路2段334巷口,0,0,1,1,C03,6,1,5,50,5,2,1,4,4,5,7,4,4,8,3,5,2,17,1,30,2,9,1,1,7,6,1,10,1,14,,14,42,1,22,9,121.5373218,25.0231893