發生年度,發生月,發生日,發生時-Hours,發生分,處理別-編號,區序,肇事地點,死亡人數,2-30日死亡人數,受傷人數,當事人序號,車種,天候,光線,道路類別,速限-速度限制,道路型態,事故位置,路面狀況1,路面狀況2,路面狀況3,道路障礙1,道路障礙2,號誌1,號誌2,車道劃分-分向,車道劃分-分道1,車道劃分-分道2,車道劃分-分道3,事故類型及型態,性別,年齡,受傷程度,主要傷處,安全帽,行動電話,車輛用途,當事者行動狀態,駕駛資格情形,駕駛執照種類,飲酒情形,車輛撞擊部位1,車輛撞擊部位2,肇因碼-個別,肇因碼-主要,個人肇逃否,職業,旅次目的,座標-X,座標-Y
111,12,10,7,45,2,04大安區,大安區建國南路2段與建國南路2段334巷口,0,0,1,2,B03,6,1,5,50,5,2,1,4,4,5,7,4,4,8,3,5,2,17,2,66,3,10,1,1,7,6,1,8,1,15,,6,42,1,22,9,121.5373218,25.0231893
111,12,10,7,50,2,02萬華區,(昆明街98-2號),0,0,2,1,C03,6,1,5,50,14,9,1,4,4,5,7,4,4,10,4,5,2,12,1,40,2,9,1,1,7,7,1,10,2,13,,6,6,1,22,9,121.5052754,25.04460259
111,12,10,7,50,2,02萬華區,(昆明街98-2號),0,0,2,2,C03,6,1,5,50,14,9,1,4,4,5,7,4,4,10,4,5,2,12,1,23,2,9,1,1,7,9,1,10,2,11,,14,6,1,22,9,121.5052754,25.04460259
111,12,10,7,53,2,02萬華區,萬華區環河南路1段與長沙街2段口,0,0,2,1,C03,6,1,5,50,3,1,1,4,4,5,7,4,4,10,3,5,2,12,1,68,2,9,1,4,7,5,1,10,1,13,,8,8,1,22,9,121.49962,25.0415456
111,12,10,7,53,2,02萬華區,萬華區環河南路1段與長沙街2段口,0,0,2,2,C03,6,1,5,50,3,1,1,4,4,5,7,4,4,10,3,5,2,12,1,20,2,9,1,4,7,9,1,10,1,11,,13,8,1,22,9,121.49962,25.0415456
111,12,10,9,26,2,07信義區,信義區基隆路1段9-4號,0,0,1,1,C03,6,1,5,50,14,9,1,4,4,5,7,2,1,1,3,5,1,17,2,23,2,9,1,1,7,9,1,10,1,11,,23,23,1,22,9,121.5692565,25.0488755
111,12,10,9,26,2,07信義區,信義區基隆路1段9-4號,0,0,1,2,B01,6,1,5,50,14,9,1,4,4,5,7,2,1,1,3,5,1,17,1,65,3,10,3,4,7,14,1,4,1,3,,38,23,1,22,9,121.5692565,25.0488755
111,12,10,10,3,2,03中山區,中山區吉林路與長春路口,0,0,2,1,C03,7,1,5,50,4,1,1,4,4,5,7,2,1,4,5,5,2,17,2,25,2,8,3,4,7,9,1,10,1,12,,42,44,1,22,9,121.5300662,25.0547165
111,12,10,10,3,2,03中山區,中山區吉林路與長春路口,0,0,2,2,C03,7,1,5,50,4,1,1,4,4,5,7,2,1,4,5,5,2,17,2,21,2,9,3,4,7,9,1,10,1,11,,44,44,1,22,9,121.5300662,25.0547165
111,12,10,10,3,2,03中山區,中山區吉林路與長春路口,0,0,2,3,B01,7,1,5,50,4,1,1,4,4,5,7,2,1,4,5,5,2,17,1,59,3,10,3,4,7,8,1,4,1,15,,7,44,1,22,9,121.5300662,25.0547165
111,12,10,10,8,2,10文山區,文山區下崙路11巷9號與興隆路4段58巷16弄口,0,0,1,1,B03,6,1,5,50,3,1,1,4,4,5,7,4,4,4,5,5,2,17,1,67,3,10,1,1,7,9,1,8,1,15,,43,5,1,22,9,121.5601884,24.98612415
111,12,10,10,8,2,10文山區,文山區下崙路11巷9號與興隆路4段58巷16弄口,0,0,1,2,C03,6,1,5,50,3,1,1,4,4,5,7,4,4,4,5,5,2,17,1,21,2,9,1,1,7,6,1,10,1,12,,43,5,1,22,9,121.5601884,24.98612415
111,12,10,10,9,2,09北投區,北投區新民路與新民路71巷口,0,0,1,1,B03,6,1,5,30,3,1,1,4,4,5,7,4,4,10,5,5,2,16,1,68,3,10,3,4,7,5,1,8,2,4,,6,6,1,22,9,121.5121036,25.14069037
111,12,10,10,9,2,09北投區,北投區新民路與新民路71巷口,0,0,1,2,C03,6,1,5,30,3,1,1,4,4,5,7,4,4,10,5,5,2,16,1,25,2,8,1,1,7,9,1,10,2,11,,13,6,1,22,9,121.5121036,25.14069037
111,12,10,10,25,2,03中山區,中山區敬業四路與內湖路1段口,0,0,1,2,C03,8,1,5,50,4,2,1,5,4,5,7,1,1,1,4,5,1,12,1,64,2,9,1,1,7,5,1,10,1,12,,8,6,1,22,9,121.5585358,25.0847504
111,12,10,10,25,2,03中山區,中山區敬業四路與內湖路1段口,0,0,1,1,B03,8,1,5,50,4,2,1,5,4,5,7,1,1,1,4,5,1,12,2,54,3,10,1,1,7,6,1,8,1,8,,9,6,1,22,9,121.5585358,25.0847504
111,12,10,10,29,2,06松山區,松山區東興路與東興路口側附近2巷口,0,0,1,1,B01,6,1,5,30,4,1,1,4,4,5,7,4,4,5,4,5,2,15,1,60,3,10,1,1,7,9,1,2,1,6,,6,6,1,22,9,121.5654201,25.05073651
111,12,10,10,29,2,06松山區,松山區東興路與東興路口側附近2巷口,0,0,1,2,C03,6,1,5,30,4,1,1,4,4,5,7,4,4,5,4,5,2,15,2,24,2,9,1,1,7,9,1,10,1,11,,14,6,1,22,9,121.5654201,25.05073651
111,12,10,11,10,2,08士林區,士林區芝玉路1段223巷與忠義街口,0,0,1,1,B03,8,1,5,30,4,2,1,5,4,5,7,3,1,10,5,5,1,15,1,57,3,10,1,1,7,9,1,8,2,5,,6,6,1,22,9,121.5327514,25.10860806
111,12,10,11,10,2,08士林區,士林區芝玉路1段223巷與忠義街口,0,0,1,2,C03,8,1,5,30,4,2,1,5,4,5,7,3,1,10,5,5,1,15,1,51,2,9,1,1,7,9,1,10,2,11,,23,6,1,22,9,121.5327514,25.10860806
111,12,10,11,45,2,12內湖區,內湖區江南街65號與江南街口,0,0,2,1,B03,6,1,5,50,4,1,1,4,4,5,7,2,1,9,5,5,2,12,1,64,3,10,1,1,7,11,1,8,1,4,,10,43,1,22,9,121.5775883,25.07742753
111,12,10,11,45,2,12內湖區,內湖區江南街65號與江南街口,0,0,2,2,C03,6,1,5,50,4,1,1,4,4,5,7,2,1,9,5,5,2,12,1,20,2,8,1,1,7,9,1,10,1,12,,23,43,1,22,9,121.5775883,25.07742753
111,12,10,11,45,2,12內湖區,內湖區江南街65號與江南街口,0,0,2,3,H02,6,1,5,50,4,1,1,4,4,5,7,2,1,9,5,5,2,12,2,20,2,8,4,5,7,21,8,20,10,16,,67,43,1,22,9,121.5775883,25.07742753
111,12,10,11,50,2,06松山區,松山區八德路3段10號,0,0,1,1,B01,7,1,5,50,14,9,1,4,4,5,7,1,1,8,3,5,2,17,1,50,3,10,3,4,7,5,1,4,1,2,,8,43,1,22,9,121.5505723,25.04821783
111,12,10,11,50,2,06松山區,松山區八德路3段10號,0,0,1,2,C03,7,1,5,50,14,9,1,4,4,5,7,1,1,8,3,5,2,17,1,21,2,9,3,4,7,9,1,10,1,11,,44,43,1,22,9,121.5505723,25.04821783
111,12,10,12,32,2,08士林區,士林區中正路與延平北路5段口,0,0,7,1,B03,8,1,5,50,4,1,1,5,4,5,7,1,1,10,5,5,1,13,1,50,3,10,1,1,7,9,1,8,2,1,,42,23,1,22,9,121.509327,25.0865823
111,12,10,12,32,2,08士林區,士林區中正路與延平北路5段口,0,0,7,2,C03,8,1,5,50,4,1,1,5,4,5,7,1,1,10,5,5,1,13,2,40,2,9,1,1,7,14,1,10,2,13,,44,23,1,22,9,121.509327,25.0865823
111,12,10,12,32,2,08士林區,士林區中正路與延平北路5段口,0,0,7,3,H02,8,1,5,50,4,1,1,5,4,5,7,1,1,10,5,5,1,13,1,40,2,9,4,5,7,20,8,20,10,16,,67,23,1,22,9,121.509327,25.0865823
111,12,10,12,32,2,08士林區,士林區中正路與延平北路5段口,0,0,7,5,C03,8,1,5,50,4,1,1,5,4,5,7,1,1,10,5,5,1,13,1,61,2,9,1,1,7,14,1,10,2,13,,44,23,1,22,9,121.509327,25.0865823
111,12,10,12,32,2,08士林區,士林區中正路與延平北路5段口,0,0,7,6,H02,8,1,5,50,4,1,1,5,4,5,7,1,1,10,5,5,1,13,2,20,2,8,4,5,7,20,8,20,10,16,,67,23,1,22,9,121.509327,25.0865823
111,12,10,12,32,2,08士林區,士林區中正路與延平北路5段口,0,0,7,4,C03,8,1,5,50,4,1,1,5,4,5,7,1,1,10,5,5,1,13,1,45,2,8,1,1,7,14,1,10,2,13,,44,23,1,22,9,121.509327,25.0865823
111,12,10,12,32,2,08士林區,士林區中正路與延平北路5段口,0,0,7,7,C03,8,1,5,50,4,1,1,5,4,5,7,1,1,10,5,5,1,13,1,23,2,8,1,1,7,14,6,18,2,13,,44,23,1,22,9,121.509327,25.0865823
111,12,10,12,32,2,08士林區,士林區中正路與延平北路5段口,0,0,7,8,H02,8,1,5,50,4,1,1,5,4,5,7,1,1,10,5,5,1,13,2,16,2,8,4,5,7,20,8,20,10,16,,67,23,1,22,9,121.509327,25.0865823
111,12,10,14,20,2,11南港區,南港區松河街與重陽路187巷口,0,0,2,1,C03,6,1,5,50,14,9,1,4,4,5,7,4,4,5,4,5,2,3,1,24,2,7,1,1,7,9,1,10,2,15,,43,44,1,21,8,121.5984004,25.05825534
111,12,10,14,20,2,11南港區,南港區松河街與重陽路187巷口,0,0,2,2,H01,6,1,5,50,14,9,1,4,4,5,7,4,4,5,4,5,2,3,1,73,2,1,4,5,8,16,8,20,10,16,,67,44,1,21,8,121.5984004,25.05825534
111,12,10,14,21,2,01大同區,大同區市民大道1段與市民大道1段口台北地下街Y3出口處,0,0,2,1,B01,8,1,5,40,14,9,1,5,4,5,7,4,4,1,4,5,2,17,1,42,3,10,1,1,7,14,1,4,2,6,,44,42,1,22,9,121.5176111,25.04874315
111,12,10,14,21,2,01大同區,大同區市民大道1段與市民大道1段口台北地下街Y3出口處,0,0,2,2,C03,8,1,5,40,14,9,1,5,4,5,7,4,4,1,4,5,2,17,2,22,2,9,1,1,7,9,1,10,2,14,,44,42,1,22,9,121.5176111,25.04874315
111,12,10,14,21,2,01大同區,大同區市民大道1段與市民大道1段口台北地下街Y3出口處,0,0,2,3,H02,8,1,5,40,14,9,1,5,4,5,7,4,4,1,4,5,2,17,2,72,3,10,4,5,7,19,8,20,10,16,,56,42,1,22,9,121.5176111,25.04874315
111,12,10,14,21,2,01大同區,大同區市民大道1段與市民大道1段口台北地下街Y3出口處,0,0,2,4,H02,8,1,5,40,14,9,1,5,4,5,7,4,4,1,4,5,2,17,2,22,2,9,4,5,7,20,8,20,10,16,,67,42,1,22,9,121.5176111,25.04874315
111,12,10,14,37,2,09北投區,北投區西安街2段253號,0,0,2,1,C03,7,1,5,50,14,9,1,5,4,5,7,4,4,10,4,5,2,16,1,32,2,9,1,1,7,7,1,10,2,12,,16,16,1,22,9,121.5078346,25.12031927
111,12,10,14,37,2,09北投區,北投區西安街2段253號,0,0,2,2,C03,7,1,5,50,14,9,1,5,4,5,7,4,4,10,4,5,2,16,1,60,3,10,1,1,7,9,1,10,2,13,,42,16,1,22,9,121.5078346,25.12031927
111,12,10,14,37,2,09北投區,北投區西安街2段253號,0,0,2,3,H02,7,1,5,50,14,9,1,5,4,5,7,4,4,10,4,5,2,16,2,29,2,9,1,5,7,21,8,20,10,16,,67,16,1,22,9,121.5078346,25.12031927
111,12,10,14,57,2,10文山區,文山區木新路3段與木新路3段278巷口口,0,0,1,1,C03,6,1,5,50,3,1,1,4,4,5,7,2,1,4,3,5,2,16,1,62,2,8,1,1,7,5,4,8,1,12,,8,8,1,22,9,121.5580799,24.9811149
111,12,10,14,57,2,10文山區,文山區木新路3段與木新路3段278巷口口,0,0,1,2,C03,6,1,5,50,3,1,1,4,4,5,7,2,1,4,3,5,2,16,1,46,3,10,1,1,7,9,1,10,1,14,,44,8,1,22,9,121.5580799,24.9811149
111,12,10,15,10,2,04大安區,大安區市民大道4段128號,0,0,1,1,,7,1,5,40,14,9,1,5,4,5,7,4,4,8,3,5,2,17,4,,4,11,3,4,7,15,7,19,11,15,,43,43,2,22,9,121.5513424,25.0444788
111,12,10,15,10,2,04大安區,大安區市民大道4段128號,0,0,1,2,C03,7,1,5,40,14,9,1,5,4,5,7,4,4,8,3,5,2,17,1,35,2,7,1,1,7,9,1,10,1,15,,44,43,1,22,9,121.5513424,25.0444788
111,12,10,15,35,2,08士林區,士林區承德路4段與後港街口,0,0,3,1,C03,7,1,5,50,3,2,1,5,4,5,7,4,4,1,5,4,1,13,1,28,2,9,1,1,7,9,1,10,2,11,,23,23,1,22,9,121.523288,25.0837404
111,12,10,15,35,2,08士林區,士林區承德路4段與後港街口,0,0,3,2,C03,7,1,5,50,3,2,1,5,4,5,7,4,4,1,5,4,1,13,1,55,2,9,1,1,7,9,1,10,2,13,,44,23,1,22,9,121.523288,25.0837404
111,12,10,15,35,2,08士林區,士林區承德路4段與後港街口,0,0,3,3,B01,7,1,5,50,3,2,1,5,4,5,7,4,4,1,5,4,1,13,1,68,3,10,1,1,7,8,1,4,2,15,,7,23,1,22,9,121.523288,25.0837404
111,12,10,15,35,2,08士林區,士林區承德路4段與後港街口,0,0,3,4,H02,7,1,5,50,3,2,1,5,4,5,7,4,4,1,5,4,1,13,2,50,2,9,1,5,7,20,8,20,10,16,,67,23,1,22,9,121.523288,25.0837404
111,12,10,15,50,2,12內湖區,內湖區潭美街往西086號燈柱,0,0,1,1,B03,6,1,5,40,14,9,1,4,4,5,7,4,4,4,4,5,1,10,1,39,3,10,3,4,7,9,1,8,1,1,,26,25,1,22,9,121.6047701,25.06138437
111,12,10,15,50,2,12內湖區,內湖區潭美街往西086號燈柱,0,0,1,2,C03,6,1,5,40,14,9,1,4,4,5,7,4,4,4,4,5,1,10,1,22,2,8,3,4,7,9,1,10,1,11,,44,25,1,22,9,121.6047701,25.06138437
111,12,10,15,50,2,12內湖區,內湖區潭美街往西086號燈柱,0,0,1,3,B03,6,1,5,40,14,9,1,4,4,5,7,4,4,4,4,5,1,10,4,,4,11,3,4,7,15,7,19,11,15,,44,25,2,22,9,121.6047701,25.06138437
111,12,10,16,25,2,08士林區,士林區中山北路5段756巷與無名巷口,0,0,1,1,B03,8,1,5,30,3,2,1,5,4,5,7,4,4,10,5,5,2,17,1,56,2,1,3,4,7,6,1,8,2,2,,23,14,1,22,9,121.5284483,25.09959005
111,12,10,16,25,2,08士林區,士林區中山北路5段756巷與無名巷口,0,0,1,2,B03,8,1,5,30,3,2,1,5,4,5,7,4,4,10,5,5,2,17,2,51,3,10,3,4,7,4,1,8,11,4,,1,14,1,22,9,121.5284483,25.09959005
111,12,10,16,25,2,08士林區,士林區中山北路5段756巷與無名巷口,0,0,1,3,B03,8,1,5,30,3,2,1,5,4,5,7,4,4,10,5,5,2,17,1,25,3,10,3,4,7,13,1,8,11,6,,44,14,1,22,9,121.5284483,25.09959005
111,12,10,16,31,2,02萬華區,萬華區萬大路114號前,0,0,1,1,B01,7,1,5,50,14,9,1,5,4,5,7,4,4,10,5,5,2,17,1,61,3,10,3,4,7,15,1,4,1,6,,26,26,1,22,9,121.5004934,25.02981187
111,12,10,16,31,2,02萬華區,萬華區萬大路114號前,0,0,1,2,A02,7,1,5,50,14,9,1,5,4,5,7,4,4,10,5,5,2,17,1,54,3,10,3,4,7,9,1,2,1,8,,44,26,1,22,9,121.5004934,25.02981187
111,12,10,16,31,2,02萬華區,萬華區萬大路114號前,0,0,1,3,H02,7,1,5,50,14,9,1,5,4,5,7,4,4,10,5,5,2,17,2,77,2,1,4,5,7,20,8,20,10,16,,67,26,1,22,9,121.5004934,25.02981187
111,12,10,17,0,2,01大同區,大同區台北橋機車道,0,0,2,1,C03,6,3,5,50,14,11,1,4,4,5,7,4,4,10,4,5,2,13,1,26,2,9,1,1,7,9,1,10,1,11,,43,43,1,22,9,121.5105022,25.0630729
111,12,10,17,0,2,01大同區,大同區台北橋機車道,0,0,2,2,C03,6,3,5,50,14,11,1,4,4,5,7,4,4,10,4,5,2,13,2,53,2,9,1,1,7,9,1,10,1,13,,43,43,1,22,9,121.5105022,25.0630729
111,12,10,17,13,2,02萬華區,萬華區康定路與大理街口,0,0,2,1,C03,8,3,5,50,4,2,1,5,4,5,7,2,1,5,5,5,2,17,1,48,2,9,1,1,7,9,1,10,1,11,,23,23,1,22,9,121.501162,25.03486457
111,12,10,17,13,2,02萬華區,萬華區康定路與大理街口,0,0,2,2,C03,8,3,5,50,4,2,1,5,4,5,7,2,1,5,5,5,2,17,1,40,3,10,1,1,7,7,1,10,1,13,,7,23,1,22,9,121.501162,25.03486457
111,12,10,17,13,2,02萬華區,萬華區康定路與大理街口,0,0,2,3,B03,8,3,5,50,4,2,1,5,4,5,7,2,1,5,5,5,2,17,1,47,3,10,1,1,7,9,1,8,1,4,,44,23,1,22,9,121.501162,25.03486457
111,12,10,17,13,2,02萬華區,萬華區康定路與大理街口,0,0,2,4,H02,8,3,5,50,4,2,1,5,4,5,7,2,1,5,5,5,2,17,2,41,2,8,4,5,7,20,8,20,10,16,,67,23,1,22,9,121.501162,25.03486457
111,12,10,17,30,2,07信義區,信義區忠孝東路4段550號,0,0,1,1,B03,6,3,5,50,14,9,1,4,4,5,7,4,4,1,4,5,2,16,2,58,3,10,1,1,7,7,1,8,1,8,,7,7,1,22,9,121.5633386,25.0411016
111,12,10,17,30,2,07信義區,信義區忠孝東路4段550號,0,0,1,2,C03,6,3,5,50,14,9,1,4,4,5,7,4,4,1,4,5,2,16,2,61,2,8,1,1,7,9,1,10,1,12,,44,7,1,22,9,121.5633386,25.0411016
111,12,10,17,35,2,01大同區,大同區延平北路1段46號,0,0,2,2,C03,8,1,5,50,14,9,1,5,4,5,7,4,4,5,4,5,2,16,1,31,2,8,1,1,7,9,1,10,1,11,,44,8,1,22,9,121.5118811,25.05155253
111,12,10,17,35,2,01大同區,大同區延平北路1段46號,0,0,2,1,B03,8,1,5,50,14,9,1,5,4,5,7,4,4,5,4,5,2,16,1,62,3,10,1,1,7,5,1,8,1,1,,8,8,1,22,9,121.5118811,25.05155253
111,12,10,17,35,2,01大同區,大同區延平北路1段46號,0,0,2,3,H02,8,1,5,50,14,9,1,5,4,5,7,4,4,5,4,5,2,16,2,31,2,8,1,5,7,20,8,20,10,16,,67,8,1,22,9,121.5118811,25.05155253
111,12,10,17,50,2,05中正區,中正區忠孝東路1段與紹興南街口,0,0,1,1,C03,7,3,5,50,4,2,1,5,4,5,7,1,1,1,4,5,2,3,1,24,3,10,1,1,7,9,1,10,2,11,,15,23,1,22,9,121.525293,25.0442646
111,12,10,17,50,2,05中正區,中正區忠孝東路1段與紹興南街口,0,0,1,2,H01,7,3,5,50,4,2,1,5,4,5,7,1,1,1,4,5,2,3,1,60,2,9,4,5,8,16,8,20,10,16,,51,23,1,22,9,121.525293,25.0442646
111,12,10,17,55,2,08士林區,士林區延平北路9段206巷與延平北路9段口堤防道,0,0,1,1,B03,7,3,5,30,3,1,1,5,4,5,1,4,4,10,5,5,2,17,1,26,3,10,3,4,7,6,1,10,1,8,,9,6,1,22,9,121.4735043,25.10943332
111,12,10,17,55,2,08士林區,士林區延平北路9段206巷與延平北路9段口堤防道,0,0,1,2,C03,7,3,5,30,3,1,1,5,4,5,1,4,4,10,5,5,2,17,1,29,2,8,1,4,7,9,1,10,1,12,,13,6,1,22,9,121.4735043,25.10943332
111,12,10,18,7,2,03中山區,中山區錦州街48號,0,0,2,1,H01,7,3,5,50,14,9,1,5,4,5,7,4,4,5,4,5,2,3,1,70,2,9,4,5,8,16,8,20,10,16,,51,51,1,22,9,121.5262273,25.0603277
111,12,10,18,7,2,03中山區,中山區錦州街48號,0,0,2,2,C03,7,3,5,50,14,9,1,5,4,5,7,4,4,5,4,5,2,3,1,37,2,9,1,4,7,9,1,10,2,11,,23,51,1,22,9,121.5262273,25.0603277
111,12,10,18,8,2,07信義區,信義區忠孝東路5段與忠孝東路5段423巷口,0,0,2,1,C03,6,3,5,50,4,1,1,4,4,5,7,1,1,1,4,5,2,3,1,26,2,9,1,1,7,9,1,10,1,11,,23,23,1,22,9,121.5754492,25.0407914
111,12,10,18,8,2,07信義區,信義區忠孝東路5段與忠孝東路5段423巷口,0,0,2,2,H01,6,3,5,50,4,1,1,4,4,5,7,1,1,1,4,5,2,3,1,52,2,9,4,5,8,20,8,20,10,16,,51,23,1,22,9,121.5754492,25.0407914
111,12,10,18,15,2,08士林區,士林區天母東路92號,0,0,1,1,B03,8,3,5,50,14,9,1,5,4,5,7,4,4,10,4,5,2,17,2,65,3,10,1,1,7,1,1,8,2,4,,19,19,1,22,9,121.5361821,25.11809688
111,12,10,18,15,2,08士林區,士林區天母東路92號,0,0,1,2,C03,8,3,5,50,14,9,1,5,4,5,7,4,4,10,4,5,2,17,1,24,2,9,1,1,7,9,1,10,1,11,,23,19,1,22,9,121.5361821,25.11809688
111,12,10,18,15,2,09北投區,北投區東華街2段366號與立農街1段187巷口,0,0,1,1,B03,7,3,5,40,5,2,1,5,4,5,7,2,1,1,4,5,2,2,2,61,3,10,3,4,7,5,1,8,2,4,,15,15,1,22,9,121.5048826,25.1212597
111,12,10,18,15,2,09北投區,北投區東華街2段366號與立農街1段187巷口,0,0,1,2,H01,7,3,5,40,5,2,1,5,4,5,7,2,1,1,4,5,2,2,2,45,2,9,4,5,8,16,8,20,10,16,,53,15,1,22,9,121.5048826,25.1212597
111,12,10,18,15,2,07信義區,信義區忠孝東路5段與松信路口口,0,0,2,1,C03,6,3,5,50,4,2,1,4,4,5,7,2,1,3,4,5,1,3,1,60,2,1,1,1,7,9,1,10,1,11,,44,44,1,22,9,121.5727234,25.041211
111,12,10,18,15,2,07信義區,信義區忠孝東路5段與松信路口口,0,0,2,2,H01,6,3,5,50,4,2,1,4,4,5,7,2,1,3,4,5,1,3,2,83,2,9,4,5,8,17,8,20,1,16,,53,44,1,22,9,121.5727234,25.041211
111,12,10,18,33,2,04大安區,大安區仁愛路3段與仁愛路3段123巷口,0,0,1,1,B02,7,3,5,50,4,2,1,5,4,5,7,4,4,1,4,5,2,12,1,43,3,10,1,1,7,8,1,8,1,2,,7,7,1,21,8,121.5420186,25.03819398
111,12,10,18,33,2,04大安區,大安區仁愛路3段與仁愛路3段123巷口,0,0,1,2,C03,7,3,5,50,4,2,1,5,4,5,7,4,4,1,4,5,2,12,2,27,2,9,1,1,7,9,1,10,1,14,,44,7,1,21,8,121.5420186,25.03819398
111,12,10,18,40,2,05中正區,中正區延平南路與延平南路84巷口,0,0,1,1,C03,7,3,5,30,3,1,1,5,4,5,7,4,4,10,4,5,2,13,2,35,2,8,1,1,7,9,1,10,1,11,,23,23,1,22,9,121.5103037,25.0445307
111,12,10,18,40,2,05中正區,中正區延平南路與延平南路84巷口,0,0,1,2,B03,7,3,5,30,3,1,1,5,4,5,7,4,4,10,4,5,2,13,1,30,3,10,1,1,7,6,1,8,1,6,,9,23,1,22,9,121.5103037,25.0445307
111,12,10,19,15,2,07信義區,信義區松仁路193號,0,0,1,1,B01,6,3,5,50,14,8,1,4,4,5,7,4,4,9,4,4,2,17,1,53,3,10,1,1,7,8,1,4,1,2,,7,7,1,22,8,121.5683739,25.02752674
111,12,10,19,15,2,07信義區,信義區松仁路193號,0,0,1,2,C03,6,3,5,50,14,8,1,4,4,5,7,4,4,9,4,4,2,17,1,45,2,8,1,1,7,9,1,10,1,12,,13,7,1,22,8,121.5683739,25.02752674
111,12,10,19,22,2,11南港區,南港區南港路2段18號,0,0,2,1,B01,6,3,5,40,14,8,1,4,4,5,7,4,4,5,4,4,2,13,1,50,3,10,1,1,7,9,1,4,2,1,,23,16,1,22,9,121.6056915,25.05419574
111,12,10,19,22,2,11南港區,南港區南港路2段18號,0,0,2,2,C03,6,3,5,40,14,8,1,4,4,5,7,4,4,5,4,4,2,13,1,31,2,9,1,1,7,9,1,10,2,13,,44,16,1,22,9,121.6056915,25.05419574
111,12,10,19,22,2,11南港區,南港區南港路2段18號,0,0,2,3,H02,6,3,5,40,14,8,1,4,4,5,7,4,4,5,4,4,2,13,2,34,2,9,1,1,7,21,8,20,10,15,,67,16,1,22,9,121.6056915,25.05419574
111,12,10,20,9,2,04大安區,大安區羅斯福路4段與新生南路3段口,0,0,1,1,C03,6,3,5,50,4,1,1,4,4,5,7,1,1,10,5,5,2,16,1,25,2,8,1,1,7,5,1,10,1,14,,8,8,1,22,9,121.5327579,25.0163395
111,12,10,20,9,2,04大安區,大安區羅斯福路4段與新生南路3段口,0,0,1,2,B03,6,3,5,50,4,1,1,4,4,5,7,1,1,10,5,5,2,16,1,52,3,10,1,1,7,5,1,8,1,1,,44,8,1,22,9,121.5327579,25.0163395
111,12,10,20,37,2,11南港區,南港區福德街373巷23號,0,0,1,1,B03,6,3,5,50,14,9,1,4,4,5,7,4,4,5,5,5,2,3,1,41,3,10,3,4,7,1,1,8,1,4,,19,19,1,22,9,121.5913151,25.03949175
111,12,10,20,37,2,11南港區,南港區福德街373巷23號,0,0,1,2,H01,6,3,5,50,14,9,1,4,4,5,7,4,4,5,5,5,2,3,2,71,2,9,4,5,8,16,8,20,10,16,,67,19,1,22,9,121.5913151,25.03949175
111,12,10,20,52,2,12內湖區,內湖區潭美街505號,0,0,1,1,C03,6,3,5,40,14,9,1,4,4,5,7,4,4,9,5,5,2,17,1,52,2,9,1,1,7,4,1,10,1,11,,23,23,1,22,9,121.5979684,25.06053116
111,12,10,20,52,2,12內湖區,內湖區潭美街505號,0,0,1,2,B12,6,3,5,40,14,9,1,4,4,5,7,4,4,9,5,5,2,17,1,63,3,10,3,4,7,13,1,8,11,7,,38,23,1,22,9,121.5979684,25.06053116
111,12,10,20,52,2,12內湖區,內湖區潭美街505號,0,0,1,3,B03,6,3,5,40,14,9,1,4,4,5,7,4,4,9,5,5,2,17,1,42,3,10,1,1,7,9,1,8,1,6,,44,23,1,22,9,121.5979684,25.06053116
111,12,10,21,24,2,06松山區,松山區南京東路4段與光復北路口口,0,0,1,1,B03,6,3,5,50,5,1,1,4,4,5,7,2,1,1,4,5,2,13,1,52,3,10,3,4,7,9,1,8,1,2,,44,23,1,22,9,121.5578256,25.0513073
111,12,10,21,24,2,06松山區,松山區南京東路4段與光復北路口口,0,0,1,2,C03,6,3,5,50,5,1,1,4,4,5,7,2,1,1,4,5,2,13,1,30,2,9,3,4,7,7,1,10,1,14,,7,23,1,22,9,121.5578256,25.0513073
111,12,10,21,55,2,12內湖區,內湖區民權東路6段與民權東路6段210巷口口,0,0,2,1,H01,6,3,5,50,4,1,1,4,4,5,7,2,1,1,4,5,2,3,1,68,2,9,4,5,8,18,8,20,1,16,,52,52,1,22,9,121.5976864,25.06739671
111,12,10,21,55,2,12內湖區,內湖區民權東路6段與民權東路6段210巷口口,0,0,2,2,C03,6,3,5,50,4,1,1,4,4,5,7,2,1,1,4,5,2,3,1,27,2,9,1,1,7,9,1,10,2,14,,44,52,1,22,9,121.5976864,25.06739671
111,12,10,21,58,2,01大同區,大同區南京西路與重慶北路1段口,0,0,1,1,,7,3,5,50,14,12,1,4,4,5,7,1,1,9,4,5,2,17,4,,4,11,3,4,7,15,7,19,11,15,,43,43,2,22,9,121.5134714,25.0512412
111,12,10,21,58,2,01大同區,大同區南京西路與重慶北路1段口,0,0,1,2,C03,7,3,5,50,14,12,1,4,4,5,7,1,1,9,4,5,2,17,1,20,2,9,1,4,7,9,1,10,1,12,,44,43,1,22,9,121.5134714,25.0512412