發生年度,發生月,發生日,發生時-Hours,發生分,處理別-編號,區序,肇事地點,死亡人數,2-30日死亡人數,受傷人數,當事人序號,車種,天候,光線,道路類別,速限-速度限制,道路型態,事故位置,路面狀況1,路面狀況2,路面狀況3,道路障礙1,道路障礙2,號誌1,號誌2,車道劃分-分向,車道劃分-分道1,車道劃分-分道2,車道劃分-分道3,事故類型及型態,性別,年齡,受傷程度,主要傷處,安全帽,行動電話,車輛用途,當事者行動狀態,駕駛資格情形,駕駛執照種類,飲酒情形,車輛撞擊部位1,車輛撞擊部位2,肇因碼-個別,肇因碼-主要,個人肇逃否,職業,旅次目的,座標-X,座標-Y
111,12,10,22,10,2,03中山區,中山區長安東路2段與建國北路1段口,0,0,1,1,B02,6,3,5,50,4,1,1,4,4,5,7,1,1,1,4,5,2,16,1,29,3,10,1,1,7,6,1,8,1,5,,26,26,1,22,9,121.5369819,25.0483668
111,12,10,22,10,2,03中山區,中山區長安東路2段與建國北路1段口,0,0,1,2,C03,6,3,5,50,4,1,1,4,4,5,7,1,1,1,4,5,2,16,1,19,2,9,1,1,7,9,1,10,1,11,,44,26,1,22,9,121.5369819,25.0483668
111,12,10,22,18,2,08士林區,士林區文林路與小北街口,0,0,2,1,C03,8,3,5,50,4,1,1,5,4,5,7,1,1,5,4,5,1,16,1,22,2,8,3,4,7,5,1,10,1,12,,6,6,1,22,9,121.527099,25.09023417
111,12,10,22,18,2,08士林區,士林區文林路與小北街口,0,0,2,2,C03,8,3,5,50,4,1,1,5,4,5,7,1,1,5,4,5,1,16,1,20,2,7,3,4,7,9,1,10,1,11,,44,6,1,22,9,121.527099,25.09023417
111,12,10,22,23,2,04大安區,大安區忠孝東路3段與安東街口,0,0,2,1,B03,6,3,5,50,3,1,1,4,4,5,7,4,4,1,4,5,2,17,1,20,3,10,1,1,7,7,1,8,1,4,,7,7,1,22,9,121.5430186,25.0416999
111,12,10,22,23,2,04大安區,大安區忠孝東路3段與安東街口,0,0,2,2,C03,6,3,5,50,3,1,1,4,4,5,7,4,4,1,4,5,2,17,2,18,2,8,1,1,7,9,1,10,1,12,14,44,7,1,22,9,121.5430186,25.0416999
111,12,10,22,23,2,04大安區,大安區忠孝東路3段與安東街口,0,0,2,3,B03,6,3,5,50,3,1,1,4,4,5,7,4,4,1,4,5,2,17,1,41,3,10,1,1,7,9,1,8,1,2,,44,7,1,22,9,121.5430186,25.0416999
111,12,10,22,23,2,04大安區,大安區忠孝東路3段與安東街口,0,0,2,4,H02,6,3,5,50,3,1,1,4,4,5,7,4,4,1,4,5,2,17,2,18,2,8,4,5,7,20,8,20,10,16,,67,7,1,22,9,121.5430186,25.0416999
111,12,10,22,32,2,04大安區,大安區新生南路2段與青田街7巷口,0,0,1,1,B01,6,3,5,50,3,1,1,4,4,5,7,2,1,1,1,5,2,12,1,63,3,10,1,1,7,8,1,4,2,2,,7,43,1,22,9,121.5343568,25.0282698
111,12,10,22,32,2,04大安區,大安區新生南路2段與青田街7巷口,0,0,1,2,C03,6,3,5,50,3,1,1,4,4,5,7,2,1,1,1,5,2,12,2,42,2,9,1,1,7,9,1,10,2,14,,44,43,1,22,9,121.5343568,25.0282698
111,12,10,22,51,2,05中正區,中正區中山南路往北(中正紀念堂5號出口),0,0,3,1,C03,6,3,5,50,11,9,1,4,4,5,7,4,4,1,4,5,2,12,1,18,2,5,1,1,7,9,1,10,1,14,,17,17,1,18,5,121.5167038,25.0352577
111,12,10,22,51,2,05中正區,中正區中山南路往北(中正紀念堂5號出口),0,0,3,2,B03,6,3,5,50,11,9,1,4,4,5,7,4,4,1,4,5,2,12,1,38,3,10,1,1,7,9,1,8,1,6,,17,17,1,22,5,121.5167038,25.0352577
111,12,10,22,51,2,05中正區,中正區中山南路往北(中正紀念堂5號出口),0,0,3,3,C03,6,3,5,50,11,9,1,4,4,5,7,4,4,1,4,5,2,12,1,20,2,8,1,1,7,12,1,10,1,12,,13,17,1,22,5,121.5167038,25.0352577
111,12,10,22,51,2,05中正區,中正區中山南路往北(中正紀念堂5號出口),0,0,3,4,H02,6,3,5,50,11,9,1,4,4,5,7,4,4,1,4,5,2,12,2,19,2,9,1,5,7,20,8,20,10,16,,67,17,1,18,5,121.5167038,25.0352577
111,12,10,23,0,2,12內湖區,內湖區新明路與新明路312巷口,0,0,1,1,C03,6,3,5,30,3,2,1,4,4,5,7,4,4,9,5,5,2,17,1,31,2,8,1,1,7,9,1,10,1,14,,13,42,1,22,9,121.5818788,25.05542605
111,12,10,23,0,2,12內湖區,內湖區新明路與新明路312巷口,0,0,1,2,B03,6,3,5,30,3,2,1,4,4,5,7,4,4,9,5,5,2,17,1,52,3,10,1,1,7,14,1,8,1,15,,6,42,1,22,9,121.5818788,25.05542605
111,12,10,23,40,2,05中正區,中正區廈門街114巷1號,0,0,1,1,C03,6,3,5,30,14,9,1,4,4,5,7,2,1,4,4,5,1,17,2,23,2,8,1,1,7,5,1,10,1,14,,8,8,1,22,9,121.517171,25.023227
111,12,10,23,40,2,05中正區,中正區廈門街114巷1號,0,0,1,2,B12,6,3,5,30,14,9,1,4,4,5,7,2,1,4,4,5,1,17,2,22,3,10,1,1,7,1,1,8,1,1,,44,8,1,22,9,121.517171,25.023227
111,12,10,23,40,2,05中正區,中正區廈門街114巷1號,0,0,1,3,B03,6,3,5,30,14,9,1,4,4,5,7,2,1,4,4,5,1,17,1,50,3,10,1,1,7,14,1,8,1,3,,44,8,1,22,9,121.517171,25.023227
111,12,11,1,10,2,04大安區,大安區羅斯福路3段249號,0,0,1,1,C03,6,3,5,50,14,9,1,4,4,5,7,4,4,1,4,5,2,17,1,23,2,9,1,4,7,9,1,10,2,11,,23,23,1,22,9,121.5298576,25.0192533
111,12,11,1,10,2,04大安區,大安區羅斯福路3段249號,0,0,1,2,B12,6,3,5,50,14,9,1,4,4,5,7,4,4,1,4,5,2,17,1,66,3,10,1,1,7,13,1,8,9,7,,44,23,1,22,9,121.5298576,25.0192533
111,12,11,2,44,2,03中山區,中山區建國北路1段與長安東路2段口,0,0,1,1,B03,6,3,5,40,4,1,1,4,4,5,7,1,1,1,3,5,1,16,2,31,3,10,1,1,7,6,1,8,1,5,,9,9,1,22,9,121.5369885,25.0483195
111,12,11,2,44,2,03中山區,中山區建國北路1段與長安東路2段口,0,0,1,2,B01,6,3,5,40,4,1,1,4,4,5,7,1,1,1,3,5,1,16,1,40,2,7,1,1,7,9,1,4,1,8,,44,9,1,22,9,121.5369885,25.0483195
111,12,11,3,58,2,08士林區,士林區中山北路6段與福國路口,0,0,1,1,B01,6,3,5,50,3,1,1,4,4,5,7,1,1,1,4,4,2,12,1,45,3,10,3,4,7,9,1,1,2,5,,2,2,1,22,9,121.5256262,25.10246154
111,12,11,3,58,2,08士林區,士林區中山北路6段與福國路口,0,0,1,2,C03,6,3,5,50,3,1,1,4,4,5,7,1,1,1,4,4,2,12,2,19,2,9,3,4,7,5,1,10,9,14,,8,2,1,22,9,121.5256262,25.10246154
111,12,11,5,33,2,07信義區,信義區基隆路1段與忠孝東路5段口,0,0,1,1,C03,6,3,5,50,4,1,1,4,4,5,7,1,1,1,4,4,2,15,1,23,2,1,1,1,7,9,1,10,2,14,,26,26,1,22,9,121.5646896,25.0411312
111,12,11,5,33,2,07信義區,信義區基隆路1段與忠孝東路5段口,0,0,1,2,B03,6,3,5,50,4,1,1,4,4,5,7,1,1,1,4,4,2,15,1,20,3,10,1,1,7,9,1,8,2,1,,13,26,1,22,9,121.5646896,25.0411312
111,12,11,8,14,2,01大同區,大同區民權西路136號,0,0,3,1,B03,7,1,5,50,14,9,1,4,4,5,7,4,4,1,4,5,2,17,1,41,3,10,1,4,7,8,1,8,2,3,,7,7,1,22,9,121.5163673,25.06286988
111,12,11,8,14,2,01大同區,大同區民權西路136號,0,0,3,2,C03,7,1,5,50,14,9,1,4,4,5,7,4,4,1,4,5,2,17,2,73,2,7,1,4,7,9,1,10,2,11,,16,7,1,22,9,121.5163673,25.06286988
111,12,11,8,14,2,01大同區,大同區民權西路136號,0,0,3,3,C03,7,1,5,50,14,9,1,4,4,5,7,4,4,1,4,5,2,17,1,30,2,9,1,4,7,9,1,9,2,11,,23,7,1,22,9,121.5163673,25.06286988
111,12,11,8,14,2,01大同區,大同區民權西路136號,0,0,3,4,C03,7,1,5,50,14,9,1,4,4,5,7,4,4,1,4,5,2,17,1,35,2,7,1,4,7,9,3,18,2,13,,44,7,1,22,9,121.5163673,25.06286988
111,12,11,8,19,2,05中正區,中正區汀州路4段與基隆路4段口,0,0,1,1,B03,6,1,5,50,5,1,1,4,4,5,7,1,1,1,4,5,2,16,1,63,3,10,1,1,7,5,1,8,2,2,,6,8,1,22,9,121.5362743,25.0110414
111,12,11,8,19,2,05中正區,中正區汀州路4段與基隆路4段口,0,0,1,2,C03,6,1,5,50,5,1,1,4,4,5,7,1,1,1,4,5,2,16,1,33,2,9,1,1,7,9,1,10,2,11,,44,8,1,22,9,121.5362743,25.0110414
111,12,11,8,19,2,08士林區,士林區福林路與忠勇街口,0,0,1,1,C03,6,1,5,50,4,2,1,4,4,5,7,1,1,5,4,5,2,18,2,22,2,8,1,1,7,9,1,10,1,12,,42,42,1,22,9,121.53464,25.09808104
111,12,11,8,19,2,08士林區,士林區福林路與忠勇街口,0,0,1,2,,6,1,5,50,4,2,1,4,4,5,7,1,1,5,4,5,2,18,3,,,,,,,,,,,,,67,42,1,,,121.53464,25.09808104
111,12,11,8,30,2,10文山區,文山區木柵路3段85巷8弄與木柵路3段77巷口,0,0,1,1,B03,6,1,5,30,4,1,1,4,4,5,7,4,4,10,5,5,2,15,1,30,3,10,1,1,7,9,1,8,1,4,,6,26,1,22,9,121.5669186,24.98940635
111,12,11,8,30,2,10文山區,文山區木柵路3段85巷8弄與木柵路3段77巷口,0,0,1,2,C03,6,1,5,30,4,1,1,4,4,5,7,4,4,10,5,5,2,15,1,42,2,8,1,1,7,9,1,10,1,11,,44,26,1,22,9,121.5669186,24.98940635
111,12,11,8,30,2,10文山區,文山區羅斯福路6段與羅斯福路6段276巷口口,0,0,1,1,B01,6,1,5,50,3,1,1,4,4,5,7,4,4,1,4,5,2,17,1,61,3,10,1,1,7,8,1,4,2,15,,7,7,1,22,9,121.5400829,24.9913098
111,12,11,8,30,2,10文山區,文山區羅斯福路6段與羅斯福路6段276巷口口,0,0,1,2,C03,6,1,5,50,3,1,1,4,4,5,7,4,4,1,4,5,2,17,1,71,2,9,1,1,7,9,1,10,2,15,,14,7,1,22,9,121.5400829,24.9913098
111,12,11,8,50,2,08士林區,士林區延平北路7段106巷延平河濱NO.303燈桿,0,0,2,1,C03,6,1,5,30,14,9,1,4,4,5,7,4,4,10,5,5,1,17,1,60,2,9,1,1,7,1,1,10,1,12,,19,19,1,22,9,121.5024064,25.0941645
111,12,11,8,50,2,08士林區,士林區延平北路7段106巷延平河濱NO.303燈桿,0,0,2,2,C03,6,1,5,30,14,9,1,4,4,5,7,4,4,10,5,5,1,17,2,37,2,9,1,1,7,9,1,10,1,14,,23,19,1,22,9,121.5024064,25.0941645
111,12,11,8,55,2,09北投區,北投區學園路2號與學園路口,0,0,1,1,B03,6,1,5,30,3,1,1,4,4,5,7,1,1,10,5,5,2,12,2,53,3,10,1,1,7,6,1,8,2,6,,9,1,2,22,9,121.46715,25.1330315
111,12,11,8,55,2,09北投區,北投區學園路2號與學園路口,0,0,1,2,C03,6,1,5,30,3,1,1,4,4,5,7,1,1,10,5,5,2,12,2,20,2,8,1,1,7,9,1,10,2,14,,44,1,1,22,9,121.46715,25.1330315
111,12,11,8,58,2,05中正區,中正區南昌路1段74巷與寧波西街75巷口口,0,0,2,1,C03,6,1,5,30,14,9,1,4,4,5,7,4,4,10,5,5,2,15,2,19,2,9,1,1,7,9,1,10,2,11,,14,42,1,22,9,121.5186832,25.029461
111,12,11,8,58,2,05中正區,中正區南昌路1段74巷與寧波西街75巷口口,0,0,2,2,C03,6,1,5,30,14,9,1,4,4,5,7,4,4,10,5,5,2,15,1,32,2,9,1,1,7,9,1,10,2,12,,6,42,1,22,9,121.5186832,25.029461
111,12,11,9,22,2,06松山區,松山區民生東路3段與敦化北路口,0,0,1,1,B03,7,1,5,50,5,1,1,4,4,5,7,2,1,1,4,5,2,15,1,37,3,10,1,1,7,15,1,8,2,2,,25,25,1,22,9,121.5488065,25.05770471
111,12,11,9,22,2,06松山區,松山區民生東路3段與敦化北路口,0,0,1,2,C03,7,1,5,50,5,1,1,4,4,5,7,2,1,1,4,5,2,15,2,32,2,9,1,1,7,9,1,10,2,11,,13,25,1,22,9,121.5488065,25.05770471
111,12,11,9,23,2,10文山區,文山區木柵路4段與萬壽橋口,0,0,1,2,C03,6,1,5,50,4,1,1,4,4,5,7,2,1,1,4,5,2,16,1,19,2,9,1,1,7,9,1,10,2,11,,23,25,1,22,9,121.5710782,24.9917199
111,12,11,9,23,2,10文山區,文山區木柵路4段與萬壽橋口,0,0,1,1,B03,6,1,5,50,4,1,1,4,4,5,7,2,1,1,4,5,2,16,1,73,3,10,1,1,7,9,6,8,2,5,,25,25,1,22,9,121.5710782,24.9917199
111,12,11,9,50,2,03中山區,中山區中山北路3段53-5號,0,0,1,1,B01,6,1,5,50,14,9,1,4,4,5,7,4,4,5,4,5,2,12,1,61,3,10,1,1,7,8,1,4,1,2,,7,7,1,22,9,121.5228813,25.0679789
111,12,11,9,50,2,03中山區,中山區中山北路3段53-5號,0,0,1,2,C03,6,1,5,50,14,9,1,4,4,5,7,4,4,5,4,5,2,12,2,27,2,9,1,1,7,9,1,10,1,14,,44,7,1,22,9,121.5228813,25.0679789
111,12,11,9,54,2,09北投區,北投區新市街30號中繼市場前,0,0,1,1,B03,6,1,5,50,14,18,1,4,4,5,7,4,4,5,4,5,2,3,1,33,3,10,1,1,7,9,1,8,2,1,,15,15,1,22,9,121.5027496,25.13292205
111,12,11,9,54,2,09北投區,北投區新市街30號中繼市場前,0,0,1,2,H01,6,1,5,50,14,18,1,4,4,5,7,4,4,5,4,5,2,3,2,72,2,5,4,5,8,16,8,20,10,16,,67,15,1,22,9,121.5027496,25.13292205
111,12,11,9,54,2,09北投區,北投區中央北路4段48號,0,0,1,1,B03,6,1,5,50,14,9,1,4,4,5,7,3,1,5,4,5,2,16,1,57,3,10,3,4,7,5,1,8,2,5,,8,6,1,22,9,121.4773951,25.13463214
111,12,11,9,54,2,09北投區,北投區中央北路4段48號,0,0,1,2,C03,6,1,5,50,14,9,1,4,4,5,7,3,1,5,4,5,2,16,2,33,2,9,1,1,7,9,1,10,2,11,,44,6,1,22,9,121.4773951,25.13463214
111,12,11,10,7,2,04大安區,大安區基隆路3段與臥龍街口,0,0,1,1,C03,6,1,5,50,5,2,1,4,4,5,7,4,4,8,3,5,2,12,1,33,2,9,1,1,7,7,1,10,1,14,,7,17,1,22,9,121.5483739,25.02077371
111,12,11,10,7,2,04大安區,大安區基隆路3段與臥龍街口,0,0,1,2,B01,6,1,5,50,5,2,1,4,4,5,7,4,4,8,3,5,2,12,1,65,3,10,1,1,7,9,1,8,1,5,,44,17,1,22,9,121.5483739,25.02077371
111,12,11,10,12,2,02萬華區,萬華區華中橋往台北市機車道下橋處,0,0,2,2,C03,7,1,5,50,14,11,1,5,4,5,7,4,4,10,3,5,2,13,2,50,2,9,1,4,7,9,3,18,1,13,,44,44,1,22,9,121.4969446,25.01871983
111,12,11,10,12,2,02萬華區,萬華區華中橋往台北市機車道下橋處,0,0,2,1,C03,7,1,5,50,14,11,1,5,4,5,7,4,4,10,3,5,2,13,1,38,2,9,1,4,7,9,1,10,1,11,,23,44,1,22,9,121.4969446,25.01871983
111,12,11,10,30,2,02萬華區,萬華區青年路168巷與青年路口口,0,0,1,1,F03,6,1,5,0,4,1,1,4,4,5,7,4,4,10,5,5,2,15,4,,4,11,3,4,7,15,7,19,11,15,,43,43,2,22,9,121.5027592,25.02099173
111,12,11,10,30,2,02萬華區,萬華區青年路168巷與青年路口口,0,0,1,2,C03,6,1,5,0,4,1,1,4,4,5,7,4,4,10,5,5,2,15,1,30,2,7,2,4,7,9,1,10,1,11,,44,43,1,22,9,121.5027592,25.02099173
111,12,11,10,40,2,02萬華區,萬華區峨眉街112號,0,0,1,1,C03,7,1,5,50,14,9,1,5,4,5,7,4,4,10,4,5,2,12,1,19,3,10,1,1,7,7,1,10,1,14,,7,17,1,22,9,121.5029561,25.04444108
111,12,11,10,40,2,02萬華區,萬華區峨眉街112號,0,0,1,2,C03,7,1,5,50,14,9,1,5,4,5,7,4,4,10,4,5,2,12,2,23,2,9,1,1,7,9,1,10,1,12,,44,17,1,22,9,121.5029561,25.04444108
111,12,11,10,45,2,09北投區,北投區東華街2段168號前,0,0,1,1,B02,6,1,5,50,14,9,1,4,4,5,7,4,4,7,4,5,2,13,1,24,3,10,1,1,7,15,1,8,2,4,,40,40,1,22,9,121.5114656,25.11990637
111,12,11,10,45,2,09北投區,北投區東華街2段168號前,0,0,1,2,C04,6,1,5,50,14,9,1,4,4,5,7,4,4,7,4,5,2,13,2,46,2,9,1,1,7,9,3,18,2,11,,44,40,1,22,9,121.5114656,25.11990637
111,12,11,10,45,2,09北投區,北投區東華街2段168號前,0,0,1,3,B03,6,1,5,50,14,9,1,4,4,5,7,4,4,7,4,5,2,13,2,60,3,10,1,1,7,9,1,8,2,5,,44,40,1,22,9,121.5114656,25.11990637
111,12,11,10,55,2,08士林區,士林區菁山路101巷54號,0,0,1,1,B03,6,1,5,50,14,9,1,4,4,5,7,4,4,8,5,5,1,17,1,27,3,10,1,1,7,6,1,8,1,5,,9,9,1,21,8,121.5591625,25.14849112
111,12,11,10,55,2,08士林區,士林區菁山路101巷54號,0,0,1,2,C03,6,1,5,50,14,9,1,4,4,5,7,4,4,8,5,5,1,17,1,26,2,9,1,1,7,9,1,10,1,11,,23,9,1,21,8,121.5591625,25.14849112
111,12,11,11,20,2,12內湖區,內湖區堤頂大道2段與港墘路口,0,0,1,1,,6,1,5,50,3,1,1,4,4,5,7,1,1,1,5,5,2,17,4,,4,11,3,4,7,15,7,19,11,15,,43,43,2,22,9,121.5723199,25.074625
111,12,11,11,20,2,12內湖區,內湖區堤頂大道2段與港墘路口,0,0,1,2,C03,6,1,5,50,3,1,1,4,4,5,7,1,1,1,5,5,2,17,2,34,2,9,1,1,7,5,1,10,1,14,,43,43,1,22,9,121.5723199,25.074625
111,12,11,11,42,2,01大同區,大同區酒泉街與承德路3段口,0,0,1,1,C03,7,2,5,50,4,1,1,4,4,5,7,1,1,1,4,5,2,17,1,37,3,10,1,1,7,6,1,10,1,15,,9,9,1,22,9,121.5185521,25.07058116
111,12,11,11,42,2,01大同區,大同區酒泉街與承德路3段口,0,0,1,2,C03,7,2,5,50,4,1,1,4,4,5,7,1,1,1,4,5,2,17,1,53,2,9,1,1,7,9,1,10,1,12,,44,9,1,22,9,121.5185521,25.07058116
111,12,11,11,50,2,12內湖區,內湖區江南街71巷77號,0,0,1,1,B03,6,1,5,30,3,1,1,4,4,5,7,4,4,10,5,5,2,16,1,27,3,10,1,1,7,1,1,8,2,8,,19,6,1,22,9,121.5788868,25.07502291
111,12,11,11,50,2,12內湖區,內湖區江南街71巷77號,0,0,1,2,C03,6,1,5,30,3,1,1,4,4,5,7,4,4,10,5,5,2,16,1,30,2,8,1,1,7,9,1,10,2,12,,13,6,1,22,9,121.5788868,25.07502291
111,12,11,11,56,2,04大安區,大安區忠孝東路4段與仁愛路4段151巷口,0,0,1,1,B03,6,1,5,50,3,1,1,4,4,5,7,4,4,9,4,5,2,17,1,37,3,10,1,1,7,6,1,8,1,15,,9,9,1,22,9,121.5517761,25.04137422
111,12,11,11,56,2,04大安區,大安區忠孝東路4段與仁愛路4段151巷口,0,0,1,2,C03,6,1,5,50,3,1,1,4,4,5,7,4,4,9,4,5,2,17,2,24,2,8,1,1,7,9,1,10,1,12,,42,9,1,22,9,121.5517761,25.04137422
111,12,11,12,1,2,11南港區,南港區經貿一路與南港路1段2巷口,0,0,3,1,B03,6,1,5,50,4,2,1,4,4,5,7,2,1,1,3,4,2,13,1,33,3,10,1,1,7,9,1,8,2,8,,23,23,1,22,9,121.619859,25.0567135
111,12,11,12,1,2,11南港區,南港區經貿一路與南港路1段2巷口,0,0,3,2,B03,6,1,5,50,4,2,1,4,4,5,7,2,1,1,3,4,2,13,1,41,2,2,1,1,7,14,1,8,2,6,,44,23,1,22,9,121.619859,25.0567135
111,12,11,12,1,2,11南港區,南港區經貿一路與南港路1段2巷口,0,0,3,3,H02,6,1,5,50,4,2,1,4,4,5,7,2,1,1,3,4,2,13,2,39,2,6,4,5,7,21,8,20,1,16,,67,23,1,22,9,121.619859,25.0567135
111,12,11,12,1,2,11南港區,南港區經貿一路與南港路1段2巷口,0,0,3,4,H02,6,1,5,50,4,2,1,4,4,5,7,2,1,1,3,4,2,13,1,9,2,1,1,5,7,21,8,20,1,16,,67,23,1,22,9,121.619859,25.0567135
111,12,11,12,10,2,05中正區,中正區林森南路地下道,0,0,2,1,B03,7,1,5,50,14,7,1,5,4,5,7,4,4,6,1,4,2,12,1,48,3,10,1,1,7,9,1,8,2,2,,23,17,1,22,9,121.5194719,25.03430199
111,12,11,12,10,2,05中正區,中正區林森南路地下道,0,0,2,2,C03,7,1,5,50,14,7,1,5,4,5,7,4,4,6,1,4,2,12,1,43,2,8,1,1,7,9,1,10,2,14,,17,17,1,22,9,121.5194719,25.03430199
111,12,11,12,10,2,05中正區,中正區林森南路地下道,0,0,2,3,H02,7,1,5,50,14,7,1,5,4,5,7,4,4,6,1,4,2,12,2,40,2,8,4,5,7,20,8,20,10,16,,67,17,1,22,9,121.5194719,25.03430199
111,12,11,12,20,2,06松山區,松山區敦化北路155巷5號,0,0,1,1,B03,8,1,8,30,15,22,1,5,4,5,7,4,4,10,5,5,2,17,1,61,4,11,3,4,7,15,7,19,11,15,,43,43,2,22,9,121.5499401,25.0543103
111,12,11,12,20,2,06松山區,松山區敦化北路155巷5號,0,0,1,2,C03,8,1,8,30,15,22,1,5,4,5,7,4,4,10,5,5,2,17,1,42,2,8,1,1,7,9,1,10,1,12,,43,43,1,22,9,121.5499401,25.0543103
111,12,11,12,45,2,08士林區,士林區延平北路6段與中正路口,0,0,2,1,C03,7,1,5,50,5,2,1,5,4,5,7,1,1,5,4,5,2,13,2,18,2,8,1,1,7,9,1,10,1,11,,16,23,1,22,9,121.5092955,25.08688548
111,12,11,12,45,2,08士林區,士林區延平北路6段與中正路口,0,0,2,2,C03,7,1,5,50,5,2,1,5,4,5,7,1,1,5,4,5,2,13,1,33,2,2,1,1,7,9,1,10,1,13,,44,23,1,22,9,121.5092955,25.08688548
111,12,11,12,56,2,09北投區,北投區明德路與西安街1段口,0,0,2,1,C03,6,1,5,50,4,1,1,4,4,5,7,2,1,10,5,5,2,12,2,78,2,9,1,1,7,5,1,10,1,12,,8,8,1,22,9,121.5149145,25.11507822
111,12,11,12,56,2,09北投區,北投區明德路與西安街1段口,0,0,2,2,C03,6,1,5,50,4,1,1,4,4,5,7,2,1,10,5,5,2,12,1,27,2,9,1,1,7,9,1,10,1,12,,23,8,1,22,9,121.5149145,25.11507822
111,12,11,13,15,2,12內湖區,內湖區江南街與江南街65巷口口,0,0,1,1,C03,6,1,5,50,4,2,1,4,4,5,7,2,1,5,5,5,2,18,2,30,2,9,1,1,7,12,1,10,11,12,,43,43,1,22,9,121.5776647,25.07747312
111,12,11,13,15,2,12內湖區,內湖區江南街與江南街65巷口口,0,0,1,2,F01,6,1,5,50,4,2,1,4,4,5,7,2,1,5,5,5,2,18,3,,,,,,,,,,,,,67,43,1,,,121.5776647,25.07747312
111,12,11,13,38,2,05中正區,中正區中山南路中正紀念堂前,0,0,2,1,B01,7,1,5,50,14,7,1,5,4,5,7,1,1,9,4,4,2,13,1,65,3,10,1,4,7,9,1,4,2,1,,16,43,1,22,9,121.5173058,25.03767902
111,12,11,13,38,2,05中正區,中正區中山南路中正紀念堂前,0,0,2,2,B03,7,1,5,50,14,7,1,5,4,5,7,1,1,9,4,4,2,13,1,43,3,10,1,4,7,14,1,8,2,3,,44,43,1,22,9,121.5173058,25.03767902
111,12,11,13,38,2,05中正區,中正區中山南路中正紀念堂前,0,0,2,3,H02,7,1,5,50,14,7,1,5,4,5,7,1,1,9,4,4,2,13,2,43,2,9,4,5,7,20,8,20,10,16,,67,43,1,22,9,121.5173058,25.03767902
111,12,11,13,38,2,05中正區,中正區中山南路中正紀念堂前,0,0,2,4,H02,7,1,5,50,14,7,1,5,4,5,7,1,1,9,4,4,2,13,1,6,2,9,4,5,7,20,8,20,10,16,,67,43,1,22,9,121.5173058,25.03767902
111,12,11,13,46,2,05中正區,中正區愛國東路與林森南路口口,0,0,2,1,C03,6,1,5,50,14,18,1,4,4,5,7,4,4,1,4,4,2,3,1,31,2,8,1,1,7,9,1,10,1,12,,15,42,1,22,9,121.5188859,25.0337696
111,12,11,13,46,2,05中正區,中正區愛國東路與林森南路口口,0,0,2,2,H01,6,1,5,50,14,18,1,4,4,5,7,4,4,1,4,4,2,3,2,83,2,9,4,5,8,16,8,20,10,16,,60,42,1,22,9,121.5188859,25.0337696
111,12,11,14,21,2,04大安區,大安區信義路3段與新生南路1段口,0,0,1,1,B03,7,1,5,50,4,1,1,4,4,5,7,2,1,8,3,4,2,17,1,51,3,10,1,1,7,6,1,8,2,15,,9,9,1,22,9,121.5328785,25.03371825
111,12,11,14,21,2,04大安區,大安區信義路3段與新生南路1段口,0,0,1,2,C03,7,1,5,50,4,1,1,4,4,5,7,2,1,8,3,4,2,17,1,48,2,9,1,1,7,9,1,10,2,12,,44,9,1,22,9,121.5328785,25.03371825
111,12,11,14,42,2,10文山區,文山區木新路3段與木新路3段74巷口,0,0,1,1,B12,6,1,5,30,3,1,1,4,4,5,7,4,4,10,5,5,2,16,1,62,3,10,1,1,7,11,1,3,1,8,,26,26,1,22,9,121.5635593,24.98234624
111,12,11,14,42,2,10文山區,文山區木新路3段與木新路3段74巷口,0,0,1,2,C03,6,1,5,30,3,1,1,4,4,5,7,4,4,10,5,5,2,16,1,33,2,9,1,1,7,9,1,10,1,12,,44,26,1,22,9,121.5635593,24.98234624
111,12,11,14,51,2,10文山區,文山區興隆路1段67號前,0,0,1,1,B12,6,1,5,50,14,9,1,4,4,5,7,4,4,1,4,5,2,17,1,25,3,10,1,1,7,1,1,8,2,1,,19,19,1,22,9,121.5410396,25.00354204
111,12,11,14,51,2,10文山區,文山區興隆路1段67號前,0,0,1,2,C03,6,1,5,50,14,9,1,4,4,5,7,4,4,1,4,5,2,17,2,40,2,9,1,1,7,9,1,10,2,12,,23,19,1,22,9,121.5410396,25.00354204
111,12,11,15,10,2,10文山區,文山區景明街與羅斯福路5段269巷口,0,0,2,1,C03,6,1,5,30,4,1,1,4,4,5,7,4,4,10,5,5,2,15,1,25,2,1,1,1,7,9,1,10,1,11,,6,6,1,22,9,121.5409335,25.0015354
111,12,11,15,10,2,10文山區,文山區景明街與羅斯福路5段269巷口,0,0,2,2,C03,6,1,5,30,4,1,1,4,4,5,7,4,4,10,5,5,2,15,1,34,2,9,1,1,7,9,1,10,1,12,,13,6,1,22,9,121.5409335,25.0015354
111,12,11,15,47,2,07信義區,信義區吳興街253號,0,0,1,1,C03,6,1,5,50,14,9,1,4,4,5,7,4,4,9,5,5,2,18,2,22,2,9,1,1,7,9,1,10,2,14,,13,13,1,22,9,121.563605,25.0271206