發生年度,發生月,發生日,發生時-Hours,發生分,處理別-編號,區序,肇事地點,死亡人數,2-30日死亡人數,受傷人數,當事人序號,車種,天候,光線,道路類別,速限-速度限制,道路型態,事故位置,路面狀況1,路面狀況2,路面狀況3,道路障礙1,道路障礙2,號誌1,號誌2,車道劃分-分向,車道劃分-分道1,車道劃分-分道2,車道劃分-分道3,事故類型及型態,性別,年齡,受傷程度,主要傷處,安全帽,行動電話,車輛用途,當事者行動狀態,駕駛資格情形,駕駛執照種類,飲酒情形,車輛撞擊部位1,車輛撞擊部位2,肇因碼-個別,肇因碼-主要,個人肇逃否,職業,旅次目的,座標-X,座標-Y
111,12,11,15,47,2,07信義區,信義區吳興街253號,0,0,1,2,,6,1,5,50,14,9,1,4,4,5,7,4,4,9,5,5,2,18,3,,,,,,,,,,,,,67,13,1,,,121.563605,25.0271206
111,12,11,15,47,2,07信義區,信義區吳興街253號,0,0,1,3,B03,6,1,5,50,14,9,1,4,4,5,7,4,4,9,5,5,2,18,1,70,3,10,1,1,7,8,1,8,9,15,,7,,1,22,9,121.563605,25.0271206
111,12,11,16,5,2,07信義區,信義區松智路與松高路口,0,0,1,1,C03,6,1,5,50,3,2,1,4,4,5,7,2,1,9,4,5,2,16,1,28,2,7,1,1,7,9,1,10,1,13,,23,17,1,22,9,121.5654844,25.038936
111,12,11,16,5,2,07信義區,信義區松智路與松高路口,0,0,1,2,B02,6,1,5,50,3,2,1,4,4,5,7,2,1,9,4,5,2,16,1,48,3,10,1,1,7,6,1,4,1,8,,6,17,1,22,9,121.5654844,25.038936
111,12,11,17,0,2,12內湖區,內湖區堤頂大道1段與行善路口口,0,0,2,1,B03,6,2,5,50,3,1,1,4,4,5,7,4,4,1,4,5,2,16,1,40,3,10,1,1,7,6,1,8,1,5,,9,9,1,22,9,121.5744279,25.05592177
111,12,11,17,0,2,12內湖區,內湖區堤頂大道1段與行善路口口,0,0,2,2,C03,6,2,5,50,3,1,1,4,4,5,7,4,4,1,4,5,2,16,1,18,2,8,1,1,7,4,1,10,1,14,,1,9,1,22,9,121.5744279,25.05592177
111,12,11,17,0,2,12內湖區,內湖區堤頂大道1段與行善路口口,0,0,2,3,H02,6,2,5,50,3,1,1,4,4,5,7,4,4,1,4,5,2,16,2,18,2,9,1,5,7,21,8,20,10,16,,67,9,1,22,9,121.5744279,25.05592177
111,12,11,17,3,2,01大同區,大同區重慶北路3段338號,0,0,1,1,C03,7,1,5,30,14,9,1,5,4,5,7,4,4,1,5,5,2,16,1,19,2,9,1,1,7,6,1,10,1,14,,9,9,1,22,9,121.5137525,25.07604588
111,12,11,17,3,2,01大同區,大同區重慶北路3段338號,0,0,1,2,B03,7,1,5,30,14,9,1,5,4,5,7,4,4,1,5,5,2,16,1,50,3,10,1,1,7,9,1,8,1,2,,13,9,1,22,9,121.5137525,25.07604588
111,12,11,17,15,2,12內湖區,內湖區瑞湖街62號前,0,0,1,1,B03,6,3,5,50,14,9,1,4,4,5,7,4,4,9,5,5,2,16,2,32,3,10,1,1,7,1,1,8,2,8,,19,6,1,22,9,121.5758761,25.07385822
111,12,11,17,15,2,12內湖區,內湖區瑞湖街62號前,0,0,1,2,C03,6,3,5,50,14,9,1,4,4,5,7,4,4,9,5,5,2,16,1,30,2,9,1,1,7,9,1,10,2,11,,44,6,1,22,9,121.5758761,25.07385822
111,12,11,17,34,2,06松山區,松山區光復北路與南京東路5段23巷15弄口,0,0,1,1,F01,6,3,5,30,4,1,1,4,4,5,7,4,4,9,4,5,2,17,1,76,3,10,1,1,7,9,8,20,2,15,,42,42,1,22,9,121.5568257,25.05306883
111,12,11,17,34,2,06松山區,松山區光復北路與南京東路5段23巷15弄口,0,0,1,2,C03,6,3,5,30,4,1,1,4,4,5,7,4,4,9,4,5,2,17,1,66,2,9,1,4,7,9,1,10,2,15,,44,42,1,22,9,121.5568257,25.05306883
111,12,11,17,40,2,01大同區,大同區錦西街48號,0,0,1,1,B02,7,1,5,50,14,9,1,5,4,5,7,4,4,5,2,5,2,17,1,59,3,10,1,4,7,5,1,6,1,8,,8,8,1,22,9,121.5201219,25.0603237
111,12,11,17,40,2,01大同區,大同區錦西街48號,0,0,1,2,C03,7,1,5,50,14,9,1,5,4,5,7,4,4,5,2,5,2,17,1,30,2,9,1,4,7,9,1,10,1,14,,44,8,1,22,9,121.5201219,25.0603237
111,12,11,17,45,2,02萬華區,萬華區成都路與漢中街口,0,0,1,1,B03,7,3,5,50,4,4,1,5,4,5,7,1,1,8,5,5,2,12,1,40,3,10,1,1,7,1,1,8,1,5,,44,43,1,22,9,121.507563,25.04237045
111,12,11,17,45,2,02萬華區,萬華區成都路與漢中街口,0,0,1,2,C03,7,3,5,50,4,4,1,5,4,5,7,1,1,8,5,5,2,12,2,69,2,8,1,1,7,7,1,10,1,13,,7,43,1,22,9,121.507563,25.04237045
111,12,11,17,45,2,02萬華區,萬華區成都路與漢中街口,0,0,1,3,C03,7,3,5,50,4,4,1,5,4,5,7,1,1,8,5,5,2,12,1,21,3,10,1,1,7,9,1,10,1,14,,44,43,1,22,9,121.507563,25.04237045
111,12,11,17,56,2,09北投區,北投區北投路1段與中央南路2段口,0,0,1,2,B03,6,3,5,40,3,1,1,4,4,5,7,4,4,5,2,4,2,12,1,38,2,3,1,1,7,9,1,8,2,1,,14,6,1,22,9,121.5005175,25.12731525
111,12,11,17,56,2,09北投區,北投區北投路1段與中央南路2段口,0,0,1,3,,6,3,5,40,3,1,1,4,4,5,7,4,4,5,2,4,2,12,3,,,,,,,,,,,,,67,6,1,,,121.5005175,25.12731525
111,12,11,17,56,2,09北投區,北投區北投路1段與中央南路2段口,0,0,1,1,B03,6,3,5,40,3,1,1,4,4,5,7,4,4,5,2,4,2,12,2,21,3,10,1,1,7,5,1,10,2,2,,6,6,1,22,9,121.5005175,25.12731525
111,12,11,18,20,2,12內湖區,內湖區民權東路6段270號,0,0,1,1,B03,6,3,5,40,14,8,1,4,4,5,7,4,4,1,4,4,1,12,1,50,3,10,3,4,7,1,1,8,1,8,,19,19,1,22,9,121.6048064,25.0716845
111,12,11,18,20,2,12內湖區,內湖區民權東路6段270號,0,0,1,2,C03,6,3,5,40,14,8,1,4,4,5,7,4,4,1,4,4,1,12,1,28,2,8,3,4,7,9,1,10,1,12,,44,19,1,22,9,121.6048064,25.0716845
111,12,11,18,25,2,08士林區,士林區基河路與福德路口,0,0,1,1,C03,8,3,5,50,3,2,1,5,4,5,7,1,1,5,4,5,2,17,1,18,2,9,1,1,7,9,1,10,1,12,,13,13,1,22,9,121.5209656,25.09221968
111,12,11,18,25,2,08士林區,士林區基河路與福德路口,0,0,1,2,B01,8,3,5,50,3,2,1,5,4,5,7,1,1,5,4,5,2,17,2,67,3,10,3,4,7,9,1,4,1,3,,44,13,1,22,9,121.5209656,25.09221968
111,12,11,18,38,2,02萬華區,萬華區柳州街32號對面,0,0,1,1,C03,7,3,5,50,14,9,1,5,4,5,7,4,4,8,3,5,2,13,2,20,3,10,1,1,7,9,1,10,1,11,,23,44,1,22,9,121.505383,25.03875252
111,12,11,18,38,2,02萬華區,萬華區柳州街32號對面,0,0,1,2,C03,7,3,5,50,14,9,1,5,4,5,7,4,4,8,3,5,2,13,1,52,2,9,1,1,7,5,1,10,1,13,,44,44,1,22,9,121.505383,25.03875252
111,12,11,18,55,2,10文山區,文山區木柵路5段(公車風動石站前),0,0,2,1,H01,6,3,5,0,14,9,1,4,4,5,7,4,4,4,5,5,2,3,2,54,2,9,4,4,8,16,8,20,10,16,,52,53,1,22,9,121.579344,25.0010577
111,12,11,18,55,2,10文山區,文山區木柵路5段(公車風動石站前),0,0,2,2,C03,6,3,5,0,14,9,1,4,4,5,7,4,4,4,5,5,2,3,1,31,2,9,1,4,7,9,1,10,2,11,,23,53,1,22,9,121.579344,25.0010577
111,12,11,19,29,2,08士林區,士林區中山北路7段14巷30弄與天母東路69巷口,0,0,1,1,C03,6,3,5,50,3,1,1,4,4,5,7,4,4,5,5,5,2,17,1,35,2,9,1,1,7,9,1,10,1,14,,44,23,1,22,9,121.5341909,25.11915881
111,12,11,19,29,2,08士林區,士林區中山北路7段14巷30弄與天母東路69巷口,0,0,1,2,B01,6,3,5,50,3,1,1,4,4,5,7,4,4,5,5,5,2,17,1,47,3,10,3,4,7,5,1,4,1,8,,6,23,1,22,9,121.5341909,25.11915881
111,12,11,19,30,2,03中山區,中山區南京東路3段與建國北路1段口,0,0,3,1,C03,7,3,5,50,4,1,1,5,4,5,7,1,1,1,4,5,1,15,2,18,2,7,1,1,7,9,1,10,2,11,,25,25,1,22,9,121.5370672,25.05206827
111,12,11,19,30,2,03中山區,中山區南京東路3段與建國北路1段口,0,0,3,2,C03,7,3,5,50,4,1,1,5,4,5,7,1,1,1,4,5,1,15,1,32,2,9,1,1,7,9,1,10,2,14,,44,25,1,22,9,121.5370672,25.05206827
111,12,11,19,30,2,03中山區,中山區南京東路3段與建國北路1段口,0,0,3,3,H02,7,3,5,50,4,1,1,5,4,5,7,1,1,1,4,5,1,15,2,32,2,9,1,5,7,21,8,20,10,15,,67,25,1,22,9,121.5370672,25.05206827
111,12,11,19,46,2,12內湖區,內湖區洲子街73-1號前,0,0,2,1,C03,6,3,5,50,14,9,1,4,4,3,5,4,4,9,5,5,2,16,2,21,2,9,1,1,7,1,1,10,1,11,,19,6,1,22,9,121.571664,25.07981784
111,12,11,19,46,2,12內湖區,內湖區洲子街73-1號前,0,0,2,2,C03,6,3,5,50,14,9,1,4,4,3,5,4,4,9,5,5,2,16,1,34,2,8,1,1,7,9,1,10,1,11,,44,6,1,22,9,121.571664,25.07981784
111,12,11,19,46,2,12內湖區,內湖區洲子街73-1號前,0,0,2,3,B12,6,3,5,50,14,9,1,4,4,3,5,4,4,9,5,5,2,16,1,33,3,10,1,1,7,13,1,8,1,15,,42,6,1,22,9,121.571664,25.07981784
111,12,11,20,10,2,05中正區,中正區林森北路與市民大道2段口,0,0,1,1,C03,7,3,5,50,4,1,1,5,4,5,7,1,1,1,4,5,2,17,1,27,2,9,1,1,7,9,1,10,2,11,,23,44,1,22,9,121.5240999,25.0477975
111,12,11,20,10,2,05中正區,中正區林森北路與市民大道2段口,0,0,1,2,C03,7,3,5,50,4,1,1,5,4,5,7,1,1,1,4,5,2,17,2,43,3,10,1,1,7,15,1,10,2,13,,23,44,1,22,9,121.5240999,25.0477975
111,12,11,20,15,2,12內湖區,內湖區新明路6段460巷與新明路6段428巷口口,0,0,2,1,C03,6,3,5,30,4,1,1,4,4,5,7,2,1,10,5,5,2,16,1,35,2,7,1,1,7,9,1,10,1,12,,13,44,1,22,9,121.5785412,25.05421215
111,12,11,20,15,2,12內湖區,內湖區新明路6段460巷與新明路6段428巷口口,0,0,2,2,C03,6,3,5,30,4,1,1,4,4,5,7,2,1,10,5,5,2,16,2,19,2,9,1,1,7,5,1,10,1,14,,8,44,1,22,9,121.5785412,25.05421215
111,12,11,20,21,2,10文山區,文山區辛亥路4段與辛亥路4段202巷口,0,0,1,1,B01,6,3,5,50,3,1,1,4,4,5,7,4,4,1,4,5,2,16,1,44,3,10,1,1,7,5,1,8,2,4,,8,8,1,22,9,121.5557261,25.0026454
111,12,11,20,21,2,10文山區,文山區辛亥路4段與辛亥路4段202巷口,0,0,1,2,C03,6,3,5,50,3,1,1,4,4,5,7,4,4,1,4,5,2,16,2,58,2,9,1,1,7,9,1,10,2,12,,44,8,1,22,9,121.5557261,25.0026454
111,12,11,20,30,2,10文山區,文山區道南橋02燈桿,0,0,1,1,C03,6,4,5,50,14,9,1,4,4,5,7,4,4,4,5,5,2,12,1,23,3,10,1,1,7,9,1,10,1,12,,23,17,1,22,9,121.5723178,24.98798944
111,12,11,20,30,2,10文山區,文山區道南橋02燈桿,0,0,1,2,F01,6,4,5,50,14,9,1,4,4,5,7,4,4,4,5,5,2,12,2,69,2,8,1,1,7,9,8,20,1,16,,44,17,1,22,9,121.5723178,24.98798944
111,12,11,20,45,2,03中山區,中山區長安東路1段34號,0,0,1,1,B03,7,3,5,50,14,9,1,5,4,5,7,4,4,4,3,5,1,16,1,41,3,10,1,1,7,11,1,8,1,7,,10,10,1,22,9,121.5273652,25.04848999
111,12,11,20,45,2,03中山區,中山區長安東路1段34號,0,0,1,2,C03,7,3,5,50,14,9,1,5,4,5,7,4,4,4,3,5,1,16,1,25,2,9,1,1,7,9,1,10,1,11,,44,10,1,22,9,121.5273652,25.04848999
111,12,11,21,4,2,09北投區,北投區石牌路1段與西安街1段口,0,0,1,1,B03,6,3,5,50,4,1,1,4,4,5,7,2,1,4,3,5,2,17,1,40,3,10,1,1,7,5,1,6,2,2,,8,6,1,22,9,121.514878,25.11505187
111,12,11,21,4,2,09北投區,北投區石牌路1段與西安街1段口,0,0,1,2,C03,6,3,5,50,4,1,1,4,4,5,7,2,1,4,3,5,2,17,1,19,2,9,1,1,7,9,1,10,2,11,,44,6,1,22,9,121.514878,25.11505187
111,12,11,21,30,2,12內湖區,內湖區瑞光路與江南街口,0,0,2,1,C03,6,3,5,50,3,1,1,4,4,5,7,3,1,5,4,5,2,16,2,52,2,9,1,1,7,5,1,10,2,12,,6,6,1,22,9,121.5754625,25.07607703
111,12,11,21,30,2,12內湖區,內湖區瑞光路與江南街口,0,0,2,2,C03,6,3,5,50,3,1,1,4,4,5,7,3,1,5,4,5,2,16,1,27,2,9,1,1,7,9,1,9,2,11,,44,6,1,22,9,121.5754625,25.07607703
111,12,11,21,42,2,05中正區,中正區林森南路2-2號,0,0,2,1,C03,8,3,5,50,14,9,1,5,4,5,7,4,4,4,3,5,2,16,2,47,2,5,1,1,7,8,1,10,2,13,,7,7,1,22,9,121.5231293,25.0442731
111,12,11,21,42,2,05中正區,中正區林森南路2-2號,0,0,2,2,C03,8,3,5,50,14,9,1,5,4,5,7,4,4,4,3,5,2,16,1,23,2,9,1,1,7,9,1,10,2,11,,44,7,1,22,9,121.5231293,25.0442731
111,12,11,21,42,2,05中正區,中正區林森南路2-2號,0,0,2,3,B02,8,3,5,50,14,9,1,5,4,5,7,4,4,4,3,5,2,16,1,63,3,10,1,1,7,9,1,8,2,1,,44,7,1,22,9,121.5231293,25.0442731
111,12,11,21,42,2,08士林區,士林區中山北路5段與雙溪街口,0,0,2,1,C03,6,3,5,50,4,1,1,4,4,5,7,3,1,1,5,5,2,3,1,25,2,8,1,1,7,6,1,10,1,11,,23,23,1,22,9,121.5265642,25.100801
111,12,11,21,42,2,08士林區,士林區中山北路5段與雙溪街口,0,0,2,2,H01,6,3,5,50,4,1,1,4,4,5,7,3,1,1,5,5,2,3,1,21,2,8,4,5,8,16,8,20,10,16,,51,23,1,22,9,121.5265642,25.100801
111,12,11,22,12,2,04大安區,大安區忠孝東路4段與敦化南路1段口,0,0,1,1,B03,6,3,5,50,4,1,1,4,4,5,7,2,1,9,3,4,2,17,2,24,3,10,1,1,7,6,1,8,2,2,,9,9,1,22,9,121.5490183,25.04142798
111,12,11,22,12,2,04大安區,大安區忠孝東路4段與敦化南路1段口,0,0,1,2,C03,6,3,5,50,4,1,1,4,4,5,7,2,1,9,3,4,2,17,1,49,2,9,1,1,7,9,6,10,2,11,,44,9,1,22,9,121.5490183,25.04142798
111,12,11,22,46,2,05中正區,中正區金山北路與八德路1段口,0,0,1,1,B01,6,3,5,50,4,2,1,4,4,5,7,1,1,10,5,5,2,3,1,59,3,10,1,1,7,5,1,4,2,5,,15,44,1,22,9,121.5302269,25.0437922
111,12,11,22,46,2,05中正區,中正區金山北路與八德路1段口,0,0,1,2,H01,6,3,5,50,4,2,1,4,4,5,7,1,1,10,5,5,2,3,1,30,2,8,4,5,8,16,8,20,10,16,,67,44,1,22,9,121.5302269,25.0437922
111,12,11,22,58,2,01大同區,大同區環河北路2段155號,0,0,2,1,B03,8,3,5,50,14,9,1,5,4,5,7,4,4,9,4,5,2,12,2,59,3,10,3,4,7,8,1,8,2,5,,7,7,1,22,9,121.5092035,25.068778
111,12,11,22,58,2,01大同區,大同區環河北路2段155號,0,0,2,2,C03,8,3,5,50,14,9,1,5,4,5,7,4,4,9,4,5,2,12,1,20,2,9,1,4,7,9,1,10,2,14,,44,7,1,22,9,121.5092035,25.068778
111,12,11,22,58,2,01大同區,大同區環河北路2段155號,0,0,2,3,B12,8,3,5,50,14,9,1,5,4,5,7,4,4,9,4,5,2,12,1,51,3,10,3,4,7,13,1,8,2,7,,44,7,1,22,9,121.5092035,25.068778
111,12,11,22,58,2,01大同區,大同區環河北路2段155號,0,0,2,4,H02,8,3,5,50,14,9,1,5,4,5,7,4,4,9,4,5,2,12,2,20,2,9,1,5,7,21,8,20,10,16,,67,7,1,22,9,121.5092035,25.068778
111,12,12,1,5,2,07信義區,信義區吳興街156巷65弄與信安街15巷口,0,0,1,1,B01,6,3,5,50,4,1,1,4,4,5,7,4,4,9,5,5,2,16,1,55,3,10,1,1,7,9,1,4,2,1,,6,6,1,22,9,121.5591151,25.0278295
111,12,12,1,5,2,07信義區,信義區吳興街156巷65弄與信安街15巷口,0,0,1,3,H02,6,3,5,50,4,1,1,4,4,5,7,4,4,9,5,5,2,16,2,73,2,1,4,5,7,21,8,20,10,16,,67,6,1,22,9,121.5591151,25.0278295
111,12,12,1,5,2,07信義區,信義區吳興街156巷65弄與信安街15巷口,0,0,1,2,B03,6,3,5,50,4,1,1,4,4,5,7,4,4,9,5,5,2,16,1,28,3,10,1,1,7,9,1,8,2,2,,14,6,1,22,9,121.5591151,25.0278295
111,12,12,6,40,2,06松山區,松山區光復北路與光復北路11巷口,0,0,1,1,B03,8,1,5,50,4,1,1,5,4,5,7,2,1,1,4,5,2,9,1,51,3,10,1,1,7,5,1,8,1,8,,23,,1,22,9,121.5578289,25.04912481
111,12,12,6,40,2,06松山區,松山區光復北路與光復北路11巷口,0,0,1,2,H01,8,1,5,50,4,1,1,5,4,5,7,2,1,1,4,5,2,9,1,71,2,9,4,5,8,16,8,20,10,16,,67,,1,22,9,121.5578289,25.04912481
111,12,12,6,50,2,02萬華區,萬華區堤外便道往北(桂林-市民),0,0,1,1,,6,2,7,40,14,11,1,4,4,5,7,4,4,3,2,5,2,12,4,,4,11,3,4,7,15,7,19,11,15,,43,,2,22,9,121.5057015,25.04882268
111,12,12,6,50,2,02萬華區,萬華區堤外便道往北(桂林-市民),0,0,1,2,C03,6,2,7,40,14,11,1,4,4,5,7,4,4,3,2,5,2,12,1,62,2,8,1,1,7,9,1,10,1,14,,43,,1,22,9,121.5057015,25.04882268
111,12,12,7,2,2,10文山區,文山區木柵路2段104號旁,0,0,1,1,C03,6,1,5,50,14,9,1,4,4,5,7,4,4,5,4,5,2,17,1,29,2,9,1,1,7,9,1,10,2,11,,23,23,1,23,9,121.5613116,24.98877873
111,12,12,7,2,2,10文山區,文山區木柵路2段104號旁,0,0,1,2,C03,6,1,5,50,14,9,1,4,4,5,7,4,4,5,4,5,2,17,2,35,3,10,1,1,7,15,1,10,2,15,,44,23,1,21,9,121.5613116,24.98877873
111,12,12,7,8,2,04大安區,大安區愛國東路與金山南路2段口,0,0,1,1,B03,6,1,5,50,5,1,1,4,4,5,7,4,4,1,5,5,2,17,2,51,4,11,3,4,7,7,7,19,11,15,,7,43,2,22,9,121.5268379,25.0319108
111,12,12,7,8,2,04大安區,大安區愛國東路與金山南路2段口,0,0,1,2,C03,6,1,5,50,5,1,1,4,4,5,7,4,4,1,5,5,2,17,1,45,2,9,1,1,7,9,1,10,2,15,,42,43,1,22,9,121.5268379,25.0319108
111,12,12,7,40,2,02萬華區,萬華區環河快速道路往北,0,0,4,1,B03,6,1,7,70,10,9,1,4,4,5,7,4,4,1,4,5,1,17,1,27,2,1,3,4,7,9,1,8,1,3,,16,43,1,22,9,121.5024487,25.04583703
111,12,12,7,40,2,02萬華區,萬華區環河快速道路往北,0,0,4,2,B03,6,1,7,70,10,9,1,4,4,5,7,4,4,1,4,5,1,17,1,34,2,2,3,4,7,14,1,8,1,3,,44,43,1,22,9,121.5024487,25.04583703
111,12,12,7,40,2,02萬華區,萬華區環河快速道路往北,0,0,4,3,B03,6,1,7,70,10,9,1,4,4,5,7,4,4,1,4,5,1,17,1,43,3,10,3,4,7,9,1,8,1,3,,44,43,1,22,9,121.5024487,25.04583703
111,12,12,7,40,2,02萬華區,萬華區環河快速道路往北,0,0,4,4,H02,6,1,7,70,10,9,1,4,4,5,7,4,4,1,4,5,1,17,1,32,2,3,3,4,7,17,8,20,10,16,,67,43,1,22,9,121.5024487,25.04583703
111,12,12,7,40,2,02萬華區,萬華區環河快速道路往北,0,0,4,5,H02,6,1,7,70,10,9,1,4,4,5,7,4,4,1,4,5,1,17,2,35,2,3,3,4,7,20,8,20,10,16,,67,43,1,22,9,121.5024487,25.04583703
111,12,12,7,50,2,08士林區,士林區中山北路6段與中山北路6段405巷口,0,0,1,1,,8,1,5,50,4,2,1,5,4,5,7,2,1,1,4,5,1,3,4,,4,11,3,4,7,15,7,19,11,15,,43,43,2,22,9,121.5278359,25.11525793
111,12,12,7,50,2,08士林區,士林區中山北路6段與中山北路6段405巷口,0,0,1,2,H01,8,1,5,50,4,2,1,5,4,5,7,2,1,1,4,5,1,3,2,14,2,9,4,5,8,16,8,20,10,16,,67,43,1,22,9,121.5278359,25.11525793
111,12,12,8,12,2,09北投區,北投區裕民二路與裕民二路49巷口,0,0,1,1,B01,6,1,5,50,3,1,1,4,4,5,7,4,4,10,5,5,2,13,1,51,3,10,1,1,7,1,1,4,2,8,,23,19,1,22,9,121.5167007,25.114815
111,12,12,8,12,2,09北投區,北投區裕民二路與裕民二路49巷口,0,0,1,2,C03,6,1,5,50,3,1,1,4,4,5,7,4,4,10,5,5,2,13,2,38,2,8,1,1,7,14,1,10,2,13,,44,19,1,22,9,121.5167007,25.114815
111,12,12,8,14,2,01大同區,大同區民權西路與蘭州街口,0,0,2,2,C03,6,1,5,50,4,1,1,4,4,5,7,2,1,1,4,5,2,12,1,24,2,7,1,1,7,9,1,10,1,14,,44,43,1,22,9,121.514534,25.06296299
111,12,12,8,14,2,01大同區,大同區民權西路與蘭州街口,0,0,2,1,C03,6,1,5,50,4,1,1,4,4,5,7,2,1,1,4,5,2,12,1,24,2,8,1,1,7,8,1,10,1,12,,7,43,1,22,9,121.514534,25.06296299
111,12,12,8,25,2,05中正區,中正區長沙街1段20號,0,0,1,1,C03,6,1,5,50,14,9,1,4,4,5,7,4,4,7,4,5,2,17,1,56,3,10,1,1,7,11,1,10,1,14,,10,10,1,22,9,121.5081091,25.0404567
111,12,12,8,25,2,05中正區,中正區長沙街1段20號,0,0,1,2,C03,6,1,5,50,14,9,1,4,4,5,7,4,4,7,4,5,2,17,1,45,2,8,1,1,7,9,1,10,1,11,,44,10,1,22,9,121.5081091,25.0404567
111,12,12,8,25,2,12內湖區,內湖區環山路3段與內湖路1段737巷口,0,0,1,1,B03,6,1,5,50,3,1,1,4,4,5,7,4,4,5,4,4,1,16,1,54,3,10,1,1,7,5,1,8,1,4,,6,8,1,22,9,121.5789761,25.08444822
111,12,12,8,25,2,12內湖區,內湖區環山路3段與內湖路1段737巷口,0,0,1,2,C03,6,1,5,50,3,1,1,4,4,5,7,4,4,5,4,4,1,16,1,26,2,7,1,1,7,9,1,10,1,11,,14,8,1,22,9,121.5789761,25.08444822
111,12,12,8,33,2,07信義區,信義區松智路與松勤街口,0,0,1,1,B12,6,1,5,50,4,2,1,4,4,5,7,2,1,5,5,5,2,12,2,26,3,10,1,1,7,6,1,8,1,2,,6,6,1,22,9,121.5654127,25.0319307
111,12,12,8,33,2,07信義區,信義區松智路與松勤街口,0,0,1,2,C03,6,1,5,50,4,2,1,4,4,5,7,2,1,5,5,5,2,12,2,31,2,9,1,1,7,9,1,10,1,14,,23,6,1,22,9,121.5654127,25.0319307
111,12,12,8,52,2,03中山區,中山區長春路與一江街口,0,0,1,1,B12,6,1,5,50,4,1,1,4,4,5,7,2,1,4,1,4,1,11,1,60,3,10,3,4,7,5,1,8,2,1,,6,6,1,22,9,121.5315166,25.0547869
111,12,12,8,52,2,03中山區,中山區長春路與一江街口,0,0,1,2,C03,6,1,5,50,4,1,1,4,4,5,7,2,1,4,1,4,1,11,2,31,2,9,3,4,7,9,1,10,2,14,,44,6,1,22,9,121.5315166,25.0547869
111,12,12,9,12,2,03中山區,中山區民權西路22號,0,0,1,1,B12,6,1,5,50,14,9,1,4,4,5,7,4,4,1,4,5,2,17,1,44,3,10,3,4,7,1,1,8,1,15,,19,6,1,22,9,121.5216352,25.06268029
111,12,12,9,12,2,03中山區,中山區民權西路22號,0,0,1,2,C03,6,1,5,50,14,9,1,4,4,5,7,4,4,1,4,5,2,17,1,41,2,9,3,4,7,9,1,10,1,14,,23,6,1,22,9,121.5216352,25.06268029
111,12,12,9,31,2,01大同區,大同區承德路2段與南京西路口,0,0,1,1,B12,6,1,5,50,4,2,1,4,4,5,7,2,1,8,3,5,1,12,1,48,3,10,1,1,7,6,1,8,2,15,,9,9,1,22,9,121.5176607,25.05343302
111,12,12,9,31,2,01大同區,大同區承德路2段與南京西路口,0,0,1,2,C03,6,1,5,50,4,2,1,4,4,5,7,2,1,8,3,5,1,12,1,26,2,9,1,1,7,9,1,10,2,14,,13,9,1,22,9,121.5176607,25.05343302
111,12,12,9,38,2,07信義區,信義區市民大道5段,0,0,2,1,C03,6,1,5,40,14,6,1,4,4,5,7,4,4,9,4,5,2,17,2,18,2,9,1,1,7,5,1,10,1,13,,8,8,1,22,9,121.5661953,25.04833195
111,12,12,9,38,2,07信義區,信義區市民大道5段,0,0,2,2,C03,6,1,5,40,14,6,1,4,4,5,7,4,4,9,4,5,2,17,1,38,2,9,1,1,7,9,1,10,1,11,,14,8,1,22,9,121.5661953,25.04833195
111,12,12,9,49,2,03中山區,中山區建國北路1段與建國北路1段88巷口,0,0,1,1,B02,6,1,5,50,14,8,1,4,4,5,7,2,1,1,1,1,1,17,1,58,3,10,3,4,7,6,1,4,11,15,,9,,1,22,9,121.536515,25.04967938
111,12,12,9,49,2,03中山區,中山區建國北路1段與建國北路1段88巷口,0,0,1,2,C03,6,1,5,50,14,8,1,4,4,5,7,2,1,1,1,1,1,17,1,47,2,7,3,4,7,9,1,10,1,12,,13,,1,22,9,121.536515,25.04967938
111,12,12,9,49,2,03中山區,中山區建國北路1段與建國北路1段88巷口,0,0,1,3,C03,6,1,5,50,14,8,1,4,4,5,7,2,1,1,1,1,1,17,2,40,3,10,3,4,7,9,1,10,1,15,,44,,1,22,9,121.536515,25.04967938
111,12,12,9,58,2,09北投區,北投區中央北路2段與文化三路口,0,0,1,1,C03,6,1,5,50,3,1,1,4,4,5,7,2,1,5,4,5,2,17,2,72,3,10,1,1,7,5,1,10,11,15,,8,8,2,22,9,121.4961597,25.13657454
111,12,12,9,58,2,09北投區,北投區中央北路2段與文化三路口,0,0,1,2,C03,6,1,5,50,3,1,1,4,4,5,7,2,1,5,4,5,2,17,2,49,2,9,1,1,7,9,1,10,1,14,,44,8,1,22,9,121.4961597,25.13657454
111,12,12,10,0,2,01大同區,大同區承德路3段2號,0,0,1,1,C03,6,1,5,50,14,9,1,4,4,5,7,1,1,9,4,5,2,13,1,72,2,9,1,1,7,9,6,18,1,11,,23,43,1,22,9,121.518202,25.06320662
111,12,12,10,0,2,01大同區,大同區承德路3段2號,0,0,1,2,B03,6,1,5,50,14,9,1,4,4,5,7,1,1,9,4,5,2,13,1,62,3,10,1,1,7,14,1,8,1,3,,44,43,1,22,9,121.518202,25.06320662
111,12,12,10,40,2,09北投區,北投區承德路7段與實踐街口,0,0,1,1,C03,6,1,5,60,14,9,1,4,4,5,7,4,4,9,4,5,2,13,2,26,3,10,1,1,7,8,1,10,1,13,,7,7,1,22,9,121.5073359,25.114442