發生年度,發生月,發生日,發生時-Hours,發生分,處理別-編號,區序,肇事地點,死亡人數,2-30日死亡人數,受傷人數,當事人序號,車種,天候,光線,道路類別,速限-速度限制,道路型態,事故位置,路面狀況1,路面狀況2,路面狀況3,道路障礙1,道路障礙2,號誌1,號誌2,車道劃分-分向,車道劃分-分道1,車道劃分-分道2,車道劃分-分道3,事故類型及型態,性別,年齡,受傷程度,主要傷處,安全帽,行動電話,車輛用途,當事者行動狀態,駕駛資格情形,駕駛執照種類,飲酒情形,車輛撞擊部位1,車輛撞擊部位2,肇因碼-個別,肇因碼-主要,個人肇逃否,職業,旅次目的,座標-X,座標-Y
111,12,12,10,40,2,09北投區,北投區承德路7段與實踐街口,0,0,1,2,C03,6,1,5,60,14,9,1,4,4,5,7,4,4,9,4,5,2,13,1,28,2,9,1,1,7,9,1,10,1,11,,44,7,1,22,9,121.5073359,25.114442
111,12,12,11,11,2,02萬華區,萬華區中華路2段364巷與中華路2段416巷66弄口,0,0,1,1,C03,6,1,5,30,3,2,1,4,4,5,7,4,4,9,5,5,2,17,1,58,3,10,1,1,7,5,1,10,9,15,,6,6,1,22,9,121.5035988,25.0283928
111,12,12,11,11,2,02萬華區,萬華區中華路2段364巷與中華路2段416巷66弄口,0,0,1,2,C03,6,1,5,30,3,2,1,4,4,5,7,4,4,9,5,5,2,17,1,21,2,9,1,1,7,9,1,10,1,14,,13,6,1,22,9,121.5035988,25.0283928
111,12,12,11,16,2,01大同區,大同區承德路3段與民族西路口,0,0,2,1,C03,7,1,5,50,14,9,1,5,4,5,7,2,1,5,4,5,2,13,1,62,2,8,1,1,7,9,1,10,2,11,,16,16,1,22,9,121.5187354,25.06854742
111,12,12,11,16,2,01大同區,大同區承德路3段與民族西路口,0,0,2,2,C03,7,1,5,50,14,9,1,5,4,5,7,2,1,5,4,5,2,13,2,27,2,9,1,1,7,9,1,10,2,14,,42,16,1,22,9,121.5187354,25.06854742
111,12,12,11,18,2,02萬華區,萬華區忠孝橋往台北市下橋處,0,0,2,1,C03,6,1,5,50,14,9,1,4,4,5,7,4,4,3,4,5,2,16,2,59,2,9,1,4,7,8,1,10,1,12,,7,7,1,22,9,121.5072866,25.04867196
111,12,12,11,18,2,02萬華區,萬華區忠孝橋往台北市下橋處,0,0,2,2,C03,6,1,5,50,14,9,1,4,4,5,7,4,4,3,4,5,2,16,1,46,2,8,1,4,7,9,1,10,1,14,,44,7,1,22,9,121.5072866,25.04867196
111,12,12,11,18,2,02萬華區,萬華區忠孝橋往台北市下橋處,0,0,2,3,B03,6,1,5,50,14,9,1,4,4,5,7,4,4,3,4,5,2,16,1,81,3,10,1,4,7,9,1,8,1,2,,44,7,1,22,9,121.5072866,25.04867196
111,12,12,11,45,2,03中山區,中山區民族西路往東，圓山花博對面,0,0,1,1,B01,7,1,5,50,14,9,1,4,4,3,7,4,4,5,4,5,2,17,1,56,3,10,3,4,7,8,1,4,1,15,,7,7,1,22,9,121.5210931,25.06846877
111,12,12,11,45,2,03中山區,中山區民族西路往東，圓山花博對面,0,0,1,2,C03,7,1,5,50,14,9,1,4,4,3,7,4,4,5,4,5,2,17,1,21,2,9,1,4,7,9,1,9,1,15,,23,7,1,22,9,121.5210931,25.06846877
111,12,12,11,45,2,03中山區,中山區民族西路往東，圓山花博對面,0,0,1,3,A05,7,1,5,50,14,9,1,4,4,3,7,4,4,5,4,5,2,17,1,45,3,10,3,4,7,14,1,2,1,15,,38,7,1,22,9,121.5210931,25.06846877
111,12,12,12,4,2,03中山區,中山區松江路與松江路78巷口,0,0,1,1,B02,7,1,5,30,3,1,1,4,4,5,7,4,4,1,4,5,1,16,1,39,3,10,1,1,7,6,1,4,1,8,,6,6,1,22,9,121.5329245,25.04977601
111,12,12,12,4,2,03中山區,中山區松江路與松江路78巷口,0,0,1,2,C03,7,1,5,30,3,1,1,4,4,5,7,4,4,1,4,5,1,16,1,45,2,9,1,1,7,9,1,10,1,12,,44,6,1,22,9,121.5329245,25.04977601
111,12,12,12,4,2,03中山區,中山區松江路與松江路78巷口,0,0,1,3,B03,7,1,5,30,3,1,1,4,4,5,7,4,4,1,4,5,1,16,2,60,3,10,1,1,7,9,1,8,1,5,,44,6,1,22,9,121.5329245,25.04977601
111,12,12,12,4,2,03中山區,中山區松江路與松江路78巷口,0,0,1,4,B12,7,1,5,30,3,1,1,4,4,5,7,4,4,1,4,5,1,16,1,30,3,10,3,4,7,13,1,8,11,15,,38,6,1,22,9,121.5329245,25.04977601
111,12,12,12,12,2,07信義區,信義區崇德街與信安街口,0,0,1,1,C03,6,1,5,50,4,1,1,4,4,5,7,1,1,5,4,5,2,17,1,18,2,8,1,1,7,5,1,10,1,11,,42,42,1,22,9,121.5557761,25.0240178
111,12,12,12,12,2,07信義區,信義區崇德街與信安街口,0,0,1,2,B02,6,1,5,50,4,1,1,4,4,5,7,1,1,5,4,5,2,17,1,35,3,10,1,1,7,14,1,8,1,1,,44,42,1,22,9,121.5557761,25.0240178
111,12,12,12,12,2,07信義區,信義區崇德街與信安街口,0,0,1,3,,6,1,5,50,4,1,1,4,4,5,7,1,1,5,4,5,2,17,3,,,,,,,,,,10,,,42,,,,,121.5557761,25.0240178
111,12,12,12,15,2,08士林區,士林區仰德大道4段32巷,0,0,2,1,C03,7,1,5,40,14,9,1,4,4,5,7,4,4,5,5,5,1,17,1,21,2,5,1,1,7,9,1,10,2,12,,13,42,1,22,9,121.5482166,25.12836281
111,12,12,12,15,2,08士林區,士林區仰德大道4段32巷,0,0,2,2,A04,7,1,5,40,14,9,1,4,4,5,7,4,4,5,5,5,1,17,1,46,2,7,1,1,7,9,1,2,2,5,,44,42,1,22,9,121.5482166,25.12836281
111,12,12,12,15,2,08士林區,士林區仰德大道4段32巷,0,0,2,3,,7,1,5,40,14,9,1,4,4,5,7,4,4,5,5,5,1,17,3,,,,,,,,,,,,,67,42,1,,,121.5482166,25.12836281
111,12,12,12,18,2,08士林區,士林區中山北路5段505巷與中山北路5段口,0,0,1,1,C03,7,1,5,40,3,2,1,4,4,5,7,1,1,1,5,1,1,21,1,57,2,9,3,4,7,9,1,10,1,12,,23,23,1,22,9,121.5278763,25.09361015
111,12,12,12,18,2,08士林區,士林區中山北路5段505巷與中山北路5段口,0,0,1,2,,7,1,5,40,3,2,1,4,4,5,7,1,1,1,5,1,1,21,3,,,,,,,,,,,,,67,23,1,,,121.5278763,25.09361015
111,12,12,13,26,2,07信義區,信義區莊敬路351號,0,0,1,1,B03,6,1,5,50,14,9,1,4,4,5,7,4,4,9,4,5,2,16,1,44,3,10,1,1,7,1,1,8,1,1,,19,10,1,22,9,121.5644843,25.0278058
111,12,12,13,26,2,07信義區,信義區莊敬路351號,0,0,1,2,C03,6,1,5,50,14,9,1,4,4,5,7,4,4,9,4,5,2,16,2,25,2,8,1,1,7,9,1,10,1,11,,44,10,1,22,9,121.5644843,25.0278058
111,12,12,14,25,2,12內湖區,內湖區江南街與江南街65巷口,0,0,1,1,C03,6,1,5,50,4,1,1,4,4,5,7,2,1,5,5,5,2,17,2,61,3,10,1,1,7,5,1,10,1,12,,8,8,1,22,9,121.5775988,25.07741859
111,12,12,14,25,2,12內湖區,內湖區江南街與江南街65巷口,0,0,1,2,C03,6,1,5,50,4,1,1,4,4,5,7,2,1,5,5,5,2,17,1,25,2,8,1,1,7,9,1,10,1,14,11,44,8,1,22,9,121.5775988,25.07741859
111,12,12,15,10,2,11南港區,南港區同德路與忠孝東路6段70巷口,0,0,1,1,B03,6,1,5,50,4,2,1,4,4,5,7,4,4,8,5,5,2,16,1,37,3,10,3,4,7,11,1,8,1,8,,10,6,1,22,9,121.5850262,25.0454874
111,12,12,15,10,2,11南港區,南港區同德路與忠孝東路6段70巷口,0,0,1,2,C03,6,1,5,50,4,2,1,4,4,5,7,4,4,8,5,5,2,16,1,23,2,8,3,4,7,9,1,10,1,14,,44,6,1,22,9,121.5850262,25.0454874
111,12,12,15,35,2,01大同區,大同區鄭州路與塔城街口,0,0,2,1,C03,6,1,5,40,4,1,1,4,4,5,7,2,1,9,4,5,2,12,1,52,2,9,1,1,7,8,1,10,1,12,,7,7,1,22,9,121.5105198,25.05028091
111,12,12,15,35,2,01大同區,大同區鄭州路與塔城街口,0,0,2,2,C03,6,1,5,40,4,1,1,4,4,5,7,2,1,9,4,5,2,12,1,18,3,10,1,1,7,9,1,10,1,14,,44,7,1,22,9,121.5105198,25.05028091
111,12,12,15,35,2,01大同區,大同區鄭州路與塔城街口,0,0,2,3,H02,6,1,5,40,4,1,1,4,4,5,7,2,1,9,4,5,2,12,1,18,2,9,1,5,7,20,8,20,10,16,,67,7,1,22,9,121.5105198,25.05028091
111,12,12,16,0,2,11南港區,南港區松河街與松河街口路邊停車格(190),0,0,1,1,C03,6,1,5,50,14,9,1,4,4,5,7,4,4,9,4,5,2,12,1,58,2,9,1,1,7,9,1,10,1,12,,42,43,1,22,9,121.6086656,25.05965782
111,12,12,16,0,2,11南港區,南港區松河街與松河街口路邊停車格(190),0,0,1,2,B03,6,1,5,50,14,9,1,4,4,5,7,4,4,9,4,5,2,12,1,37,3,10,2,1,7,13,1,8,11,7,,44,43,1,22,9,121.6086656,25.05965782
111,12,12,16,9,2,03中山區,中山區北安路與敬業四路口,0,0,1,1,B03,7,1,5,40,4,1,1,4,4,5,7,1,1,1,4,4,2,12,2,33,3,10,1,1,7,6,1,8,1,2,,9,9,1,22,9,121.558511,25.08467702
111,12,12,16,9,2,03中山區,中山區北安路與敬業四路口,0,0,1,2,C03,7,1,5,40,4,1,1,4,4,5,7,1,1,1,4,4,2,12,1,19,2,7,1,1,7,9,1,10,1,14,,23,9,1,22,9,121.558511,25.08467702
111,12,12,16,15,2,03中山區,中山區樂群二路116巷與樂群二路116巷38弄口口,0,0,1,1,C03,7,1,5,30,4,2,1,4,4,5,7,4,4,9,5,5,2,15,1,39,2,9,3,4,7,9,1,10,1,12,,6,44,1,22,9,121.5553714,25.07867951
111,12,12,16,15,2,03中山區,中山區樂群二路116巷與樂群二路116巷38弄口口,0,0,1,2,B01,7,1,5,30,4,2,1,4,4,5,7,4,4,9,5,5,2,15,1,66,3,10,3,4,7,9,1,4,1,1,,14,44,1,22,9,121.5553714,25.07867951
111,12,12,16,19,2,02萬華區,萬華區青年路與青年路106巷口,0,0,1,1,B03,6,1,5,30,3,1,1,4,4,5,7,1,1,8,5,5,2,17,1,48,3,10,1,1,7,9,1,8,1,1,,23,43,1,22,9,121.5026876,25.02278123
111,12,12,16,19,2,02萬華區,萬華區青年路與青年路106巷口,0,0,1,2,C04,6,1,5,30,3,1,1,4,4,5,7,1,1,8,5,5,2,17,2,71,2,9,1,1,7,5,1,11,1,13,,8,43,1,22,9,121.5026876,25.02278123
111,12,12,16,45,2,08士林區,士林區仰德大道2段與仰德大道2段148巷口,0,0,1,1,C03,7,1,5,40,3,2,1,5,4,5,7,4,4,5,5,5,1,13,1,18,3,10,1,1,7,9,1,10,2,11,,16,16,1,18,9,121.5477741,25.1099485
111,12,12,16,45,2,08士林區,士林區仰德大道2段與仰德大道2段148巷口,0,0,1,2,C03,7,1,5,40,3,2,1,5,4,5,7,4,4,5,5,5,1,13,2,20,2,8,1,1,7,9,1,10,2,13,,44,16,1,22,9,121.5477741,25.1099485
111,12,12,17,0,2,05中正區,中正區博愛路與廣州街口,0,0,1,2,C03,6,2,5,40,4,1,1,4,4,5,7,4,4,1,5,4,2,16,1,44,2,9,1,1,7,5,1,10,1,12,,44,42,1,22,9,121.5107321,25.03489497
111,12,12,17,0,2,05中正區,中正區博愛路與廣州街口,0,0,1,1,B03,6,2,5,40,4,1,1,4,4,5,7,4,4,1,5,4,2,16,2,60,3,10,1,1,7,5,1,8,1,8,,17,42,1,22,9,121.5107321,25.03489497
111,12,12,17,2,2,09北投區,北投區公館路228巷,0,0,1,1,B02,7,3,5,30,14,9,1,5,4,5,7,4,4,10,5,5,2,17,1,32,3,10,1,1,7,15,1,8,1,4,,43,43,1,22,9,121.5072585,25.12609559
111,12,12,17,2,2,09北投區,北投區公館路228巷,0,0,1,2,C03,7,3,5,30,14,9,1,5,4,5,7,4,4,10,5,5,2,17,1,69,2,9,1,1,7,9,1,10,1,11,,23,43,1,22,9,121.5072585,25.12609559
111,12,12,17,13,2,04大安區,大安區和平東路1段155號,0,0,1,1,C03,7,3,5,50,14,9,1,4,4,5,7,4,4,8,3,5,2,12,1,23,2,8,1,1,7,7,1,10,1,15,,17,17,1,22,9,121.5309385,25.0264775
111,12,12,17,13,2,04大安區,大安區和平東路1段155號,0,0,1,2,B03,7,3,5,50,14,9,1,4,4,5,7,4,4,8,3,5,2,12,1,33,3,10,1,1,7,9,1,10,1,2,,44,17,1,22,9,121.5309385,25.0264775
111,12,12,17,15,2,02萬華區,萬華區桂林路與桂林路242巷口,0,0,2,1,C03,6,3,5,50,5,1,1,4,4,5,7,2,1,1,5,5,2,16,1,23,2,9,1,1,7,5,1,10,1,11,,8,8,1,22,9,121.4960175,25.03876794
111,12,12,17,15,2,02萬華區,萬華區桂林路與桂林路242巷口,0,0,2,2,C03,6,3,5,50,5,1,1,4,4,5,7,2,1,1,5,5,2,16,1,22,2,9,1,1,7,9,1,10,1,14,,44,8,1,22,9,121.4960175,25.03876794
111,12,12,17,16,2,08士林區,士林區中社路2段與中社路2段20巷口,0,0,1,1,B03,6,3,5,50,3,1,1,4,4,5,7,4,4,4,5,5,1,17,2,77,3,10,1,1,7,5,1,8,1,8,,8,8,1,22,9,121.5622617,25.10799276
111,12,12,17,16,2,08士林區,士林區中社路2段與中社路2段20巷口,0,0,1,2,C03,6,3,5,50,3,1,1,4,4,5,7,4,4,4,5,5,1,17,2,22,2,9,1,1,7,9,1,10,1,12,,23,8,1,22,9,121.5622617,25.10799276
111,12,12,17,26,2,02萬華區,萬華區西園路2段與東園街口,0,0,1,1,C03,6,2,5,50,5,2,1,4,4,5,7,1,1,1,3,5,1,16,2,68,2,8,3,4,7,9,1,10,1,11,,25,25,1,22,9,121.4952995,25.028127
111,12,12,17,26,2,02萬華區,萬華區西園路2段與東園街口,0,0,1,2,C02,6,2,5,50,5,2,1,4,4,5,7,1,1,1,3,5,1,16,1,48,3,10,3,4,7,9,1,9,1,12,,44,25,1,22,9,121.4952995,25.028127
111,12,12,17,37,2,06松山區,松山區長春路與長春路339巷口,0,0,1,1,B03,6,3,5,50,3,1,1,4,4,5,7,4,4,9,4,5,2,16,1,75,3,10,1,1,7,8,1,8,1,5,,23,23,1,22,9,121.5447688,25.05455237
111,12,12,17,37,2,06松山區,松山區長春路與長春路339巷口,0,0,1,2,C03,6,3,5,50,3,1,1,4,4,5,7,4,4,9,4,5,2,16,2,54,2,9,3,4,7,21,7,19,1,15,,6,23,1,22,9,121.5447688,25.05455237
111,12,12,17,39,2,06松山區,松山區民權東路3段往西第41號燈桿(光復北路至敦化北路間),0,0,2,1,C03,7,3,5,50,14,9,1,5,4,5,7,4,4,9,4,5,2,17,2,22,2,9,1,1,7,9,1,10,1,12,,23,23,1,22,9,121.5517192,25.06164704
111,12,12,17,39,2,06松山區,松山區民權東路3段往西第41號燈桿(光復北路至敦化北路間),0,0,2,2,C03,7,3,5,50,14,9,1,5,4,5,7,4,4,9,4,5,2,17,2,36,2,9,1,1,7,14,1,10,1,14,,38,23,1,22,9,121.5517192,25.06164704
111,12,12,18,0,2,12內湖區,內湖區文德路22巷67號,0,0,2,1,F01,6,3,5,30,13,9,1,4,4,5,7,4,4,10,5,5,1,13,1,15,2,8,1,1,7,5,8,20,1,16,,8,8,1,22,9,121.5806036,25.0751748
111,12,12,18,0,2,12內湖區,內湖區文德路22巷67號,0,0,2,2,C03,6,3,5,30,13,9,1,4,4,5,7,4,4,10,5,5,1,13,2,35,2,8,3,4,7,9,1,10,1,11,,13,8,1,22,9,121.5806036,25.0751748
111,12,12,18,13,2,12內湖區,內湖區行善路與新湖二路口,0,0,2,1,B03,6,3,5,50,4,1,1,4,4,5,7,2,1,1,2,5,2,16,2,54,3,10,1,1,7,5,1,8,1,2,,8,8,1,22,9,121.5856165,25.0648363
111,12,12,18,13,2,12內湖區,內湖區行善路與新湖二路口,0,0,2,2,C03,6,3,5,50,4,1,1,4,4,5,7,2,1,1,2,5,2,16,1,31,2,7,1,1,7,9,1,10,1,11,,23,8,1,22,9,121.5856165,25.0648363
111,12,12,18,13,2,12內湖區,內湖區行善路與新湖二路口,0,0,2,3,C03,6,3,5,50,4,1,1,4,4,5,7,2,1,1,2,5,2,16,1,34,2,5,1,1,7,9,1,10,1,11,,16,8,1,22,9,121.5856165,25.0648363
111,12,12,18,25,2,03中山區,中山區南京東路2段與新生北路2段口,0,0,2,1,F01,7,3,5,50,4,2,1,5,4,5,7,1,1,1,4,5,2,17,1,76,2,9,1,1,7,1,8,20,2,16,,25,43,1,22,9,121.527844,25.0522457
111,12,12,18,25,2,03中山區,中山區南京東路2段與新生北路2段口,0,0,2,2,C03,7,3,5,50,4,2,1,5,4,5,7,1,1,1,4,5,2,17,1,35,2,9,1,1,7,9,3,18,2,11,,23,43,1,22,9,121.527844,25.0522457
111,12,12,18,33,2,03中山區,中山區民權東路1段63號,0,0,1,1,B03,7,3,5,50,14,7,1,5,4,5,7,4,4,1,4,4,2,12,1,22,3,10,3,4,7,8,1,8,1,5,,7,7,1,22,9,121.5250823,25.0627904
111,12,12,18,33,2,03中山區,中山區民權東路1段63號,0,0,1,2,C03,7,3,5,50,14,7,1,5,4,5,7,4,4,1,4,4,2,12,2,26,2,8,1,4,7,9,1,10,1,14,,23,7,1,22,9,121.5250823,25.0627904
111,12,12,18,37,2,01大同區,大同區承德路2段與民權西路口,0,0,2,1,C03,7,3,5,50,4,2,1,5,4,5,7,2,1,1,4,5,2,9,2,23,2,8,1,1,7,6,1,10,2,11,,15,15,1,22,9,121.5181894,25.0626862
111,12,12,18,37,2,01大同區,大同區承德路2段與民權西路口,0,0,2,2,H01,7,3,5,50,4,2,1,5,4,5,7,2,1,1,4,5,2,9,2,29,2,8,1,1,8,20,8,20,10,16,,67,15,1,22,9,121.5181894,25.0626862
111,12,12,18,38,2,07信義區,信義區莊敬路341巷7號,0,0,2,1,H01,6,3,5,30,14,9,1,4,4,5,7,4,4,10,5,5,2,3,1,13,2,9,4,5,8,16,8,20,10,16,,51,51,1,22,9,121.5644056,25.0281823
111,12,12,18,38,2,07信義區,信義區莊敬路341巷7號,0,0,2,2,C03,6,3,5,30,14,9,1,4,4,5,7,4,4,10,5,5,2,3,2,38,2,9,1,1,7,9,1,10,2,11,,44,51,1,22,9,121.5644056,25.0281823
111,12,12,18,45,2,11南港區,南港區南港路1段與東南街口,0,0,1,1,C03,6,3,5,50,4,2,1,4,4,5,7,1,1,10,5,5,2,16,1,25,2,9,3,4,7,5,1,10,1,14,,6,6,1,22,9,121.6124491,25.0554288
111,12,12,18,45,2,11南港區,南港區南港路1段與東南街口,0,0,1,2,B03,6,3,5,50,4,2,1,4,4,5,7,1,1,10,5,5,2,16,1,41,3,10,3,4,7,9,1,8,1,5,,44,6,1,22,9,121.6124491,25.0554288
111,12,12,18,56,2,02萬華區,萬華區桂林路與華西街口,0,0,2,1,C03,6,1,5,50,4,1,1,4,4,5,7,1,1,4,3,5,2,3,1,51,2,9,1,1,7,9,1,10,1,14,,23,14,1,22,9,121.4984131,25.0384827
111,12,12,18,56,2,02萬華區,萬華區桂林路與華西街口,0,0,2,2,H01,6,1,5,50,4,1,1,4,4,5,7,1,1,4,3,5,2,3,2,64,2,1,4,5,8,16,8,20,10,16,,52,14,1,22,9,121.4984131,25.0384827
111,12,12,19,10,2,04大安區,大安區復興南路1段219-2號,0,0,1,2,B01,6,3,5,50,14,8,1,4,4,5,7,4,4,10,3,4,1,13,1,56,3,10,1,1,7,8,1,4,1,3,,7,43,1,22,9,121.5438098,25.03892404
111,12,12,19,10,2,04大安區,大安區復興南路1段219-2號,0,0,1,1,C03,6,3,5,50,14,8,1,4,4,5,7,4,4,10,3,4,1,13,2,37,2,9,1,1,7,9,1,10,1,11,,23,43,1,22,9,121.5438098,25.03892404
111,12,12,19,20,2,04大安區,大安區市民大道4段與大安路1段口,0,0,2,1,C03,6,3,5,40,4,4,1,4,4,5,7,1,1,1,5,5,2,13,2,23,2,8,1,1,7,12,1,10,1,11,,16,23,1,22,9,121.5459793,25.0449845
111,12,12,19,20,2,04大安區,大安區市民大道4段與大安路1段口,0,0,2,2,C03,6,3,5,40,4,4,1,4,4,5,7,1,1,1,5,5,2,13,2,35,2,5,1,1,7,12,1,10,1,13,,13,23,1,22,9,121.5459793,25.0449845
111,12,12,19,25,2,05中正區,中正區重慶南路3段與汀州路2段口,0,0,1,1,B02,7,3,5,50,4,1,1,5,4,5,7,1,1,5,4,5,2,12,1,45,3,10,1,1,7,6,1,8,2,5,,9,9,1,22,9,121.5162896,25.0256814
111,12,12,19,25,2,05中正區,中正區重慶南路3段與汀州路2段口,0,0,1,2,C03,7,3,5,50,4,1,1,5,4,5,7,1,1,5,4,5,2,12,2,64,2,9,1,1,7,9,1,10,2,14,,44,9,1,22,9,121.5162896,25.0256814
111,12,12,19,30,2,04大安區,大安區安居街35巷6號,0,0,1,1,B01,6,3,5,30,14,9,1,4,4,5,7,4,4,10,5,5,2,2,1,59,3,10,1,1,7,9,1,4,1,4,,23,23,1,22,9,121.554702,25.0200049
111,12,12,19,30,2,04大安區,大安區安居街35巷6號,0,0,1,2,H01,6,3,5,30,14,9,1,4,4,5,7,4,4,10,5,5,2,2,1,63,2,7,4,5,8,16,8,20,10,16,,67,23,1,22,9,121.554702,25.0200049
111,12,12,19,36,2,08士林區,士林區承德路4段2巷與通河東街1段口,0,0,1,1,C04,7,3,5,30,4,1,1,4,4,5,7,4,4,10,5,5,2,12,1,33,3,10,1,1,7,7,1,10,1,13,,7,42,1,22,9,121.5182206,25.08070483
111,12,12,19,36,2,08士林區,士林區承德路4段2巷與通河東街1段口,0,0,1,2,C03,7,3,5,30,4,1,1,4,4,5,7,4,4,10,5,5,2,12,2,42,2,9,1,1,7,9,1,10,1,14,,42,42,1,22,9,121.5182206,25.08070483
111,12,12,19,55,2,04大安區,大安區基隆路2段206號,0,0,1,1,B03,6,3,5,50,14,9,1,4,4,5,7,4,4,10,5,5,1,11,1,39,3,10,3,1,7,6,1,8,1,5,,43,,1,22,9,121.5516674,25.0238081
111,12,12,19,55,2,04大安區,大安區基隆路2段206號,0,0,1,2,C03,6,3,5,50,14,9,1,4,4,5,7,4,4,10,5,5,1,11,2,27,2,9,1,1,7,9,1,10,1,14,,43,,1,22,9,121.5516674,25.0238081
111,12,12,20,0,2,05中正區,中正區南海路與牯嶺街口,0,0,2,1,C03,6,3,5,30,4,1,1,4,4,1,7,1,1,10,4,5,2,16,1,16,4,11,3,4,7,5,2,18,11,15,,8,43,2,22,9,121.5149992,25.03201834
111,12,12,20,0,2,05中正區,中正區南海路與牯嶺街口,0,0,2,2,C03,6,3,5,30,4,1,1,4,4,1,7,1,1,10,4,5,2,16,2,26,2,8,1,1,7,9,1,10,2,12,,44,43,1,22,9,121.5149992,25.03201834
111,12,12,20,0,2,05中正區,中正區南海路與牯嶺街口,0,0,2,3,H02,6,3,5,30,4,1,1,4,4,1,7,1,1,10,4,5,2,16,2,25,2,8,1,1,7,20,8,20,10,16,,67,43,1,22,9,121.5149992,25.03201834
111,12,12,20,8,2,06松山區,松山區民生東路5段84號,0,0,1,1,B03,6,3,5,50,14,9,1,4,4,5,7,4,4,1,4,5,2,16,1,69,3,10,1,1,7,6,1,8,1,6,,9,42,1,22,9,121.5594361,25.05854445
111,12,12,20,8,2,06松山區,松山區民生東路5段84號,0,0,1,2,A02,6,3,5,50,14,9,1,4,4,5,7,4,4,1,4,5,2,16,1,52,3,10,1,1,7,9,1,2,1,8,,42,42,1,22,9,121.5594361,25.05854445
111,12,12,20,8,2,06松山區,松山區民生東路5段84號,0,0,1,3,H02,6,3,5,50,14,9,1,4,4,5,7,4,4,1,4,5,2,16,1,22,2,1,4,5,7,21,8,20,10,16,,60,42,1,22,9,121.5594361,25.05854445
111,12,12,20,34,2,05中正區,中正區市民大道2段往東(林金停車場3號出口),0,0,1,1,B12,7,3,5,40,14,9,1,5,4,5,7,4,4,1,4,5,2,12,1,25,3,10,1,1,7,6,1,8,1,2,,9,9,1,11,4,121.5260375,25.04728355
111,12,12,20,34,2,05中正區,中正區市民大道2段往東(林金停車場3號出口),0,0,1,2,C03,7,3,5,40,14,9,1,5,4,5,7,4,4,1,4,5,2,12,1,27,2,9,1,1,7,9,1,10,1,11,,44,9,1,22,5,121.5260375,25.04728355
111,12,12,20,45,2,06松山區,松山區新東街5號,0,0,1,1,B01,7,3,5,30,14,9,1,5,4,5,7,4,4,8,4,5,2,13,1,53,3,10,1,1,7,9,1,4,1,1,,23,23,1,22,9,121.566028,25.05776351
111,12,12,20,45,2,06松山區,松山區新東街5號,0,0,1,2,F01,7,3,5,30,14,9,1,5,4,5,7,4,4,8,4,5,2,13,2,72,2,9,1,1,7,7,8,20,1,16,,7,23,1,22,9,121.566028,25.05776351
111,12,12,21,10,2,04大安區,大安區羅斯福路3段與師大路口,0,0,3,1,C04,6,3,5,50,4,1,1,4,4,5,7,1,1,10,5,5,2,16,2,58,2,9,1,1,7,1,1,10,1,14,,19,19,1,22,9,121.5276551,25.0212599
111,12,12,21,10,2,04大安區,大安區羅斯福路3段與師大路口,0,0,3,2,C03,6,3,5,50,4,1,1,4,4,5,7,1,1,10,5,5,2,16,2,20,2,9,1,1,7,9,1,10,1,11,,44,19,1,22,9,121.5276551,25.0212599
111,12,12,21,10,2,04大安區,大安區羅斯福路3段與師大路口,0,0,3,3,H02,6,3,5,50,4,1,1,4,4,5,7,1,1,10,5,5,2,16,2,20,2,9,4,5,7,20,8,20,10,16,,67,19,1,22,9,121.5276551,25.0212599
111,12,12,21,11,2,03中山區,中山區長春路291號,0,0,2,1,F01,7,3,8,0,15,22,1,5,4,5,7,4,4,5,5,5,2,9,1,20,2,9,1,1,7,9,8,20,2,16,,42,43,1,22,9,121.5419416,25.0547332
111,12,12,21,11,2,03中山區,中山區長春路291號,0,0,2,2,H01,7,3,8,0,15,22,1,5,4,5,7,4,4,5,5,5,2,9,1,59,2,9,4,5,8,20,8,20,10,16,,67,43,1,22,9,121.5419416,25.0547332
111,12,12,21,11,2,03中山區,中山區新生北路2段往南86號停車格,0,0,1,1,B03,7,3,5,50,14,9,1,5,4,5,7,4,4,10,4,5,2,9,1,37,3,10,3,4,7,9,1,3,1,2,,44,44,1,22,9,121.5274891,25.0609018
111,12,12,21,11,2,03中山區,中山區新生北路2段往南86號停車格,0,0,1,2,H01,7,3,5,50,14,9,1,5,4,5,7,4,4,10,4,5,2,9,1,44,2,9,4,5,8,16,8,20,10,16,,60,44,1,22,9,121.5274891,25.0609018
111,12,12,21,11,2,03中山區,中山區新生北路3段與德惠街口,0,0,1,1,C03,7,3,5,50,3,1,1,5,4,5,7,2,1,1,3,5,2,16,1,21,2,9,3,4,7,6,1,10,2,12,,25,25,1,22,9,121.5278267,25.0665654
111,12,12,21,11,2,03中山區,中山區新生北路3段與德惠街口,0,0,1,2,B03,7,3,5,50,3,1,1,5,4,5,7,2,1,1,3,5,2,16,2,45,3,10,3,4,7,1,1,8,2,1,,44,25,1,22,9,121.5278267,25.0665654
111,12,12,21,13,2,08士林區,士林區基河路與大南路口,0,0,1,1,B01,6,3,5,50,4,2,1,4,4,5,7,1,1,8,4,5,2,12,1,57,3,10,3,4,7,9,1,4,2,2,,17,42,1,22,9,121.5227199,25.08981484