發生年度,發生月,發生日,發生時-Hours,發生分,處理別-編號,區序,肇事地點,死亡人數,2-30日死亡人數,受傷人數,當事人序號,車種,天候,光線,道路類別,速限-速度限制,道路型態,事故位置,路面狀況1,路面狀況2,路面狀況3,道路障礙1,道路障礙2,號誌1,號誌2,車道劃分-分向,車道劃分-分道1,車道劃分-分道2,車道劃分-分道3,事故類型及型態,性別,年齡,受傷程度,主要傷處,安全帽,行動電話,車輛用途,當事者行動狀態,駕駛資格情形,駕駛執照種類,飲酒情形,車輛撞擊部位1,車輛撞擊部位2,肇因碼-個別,肇因碼-主要,個人肇逃否,職業,旅次目的,座標-X,座標-Y
111,12,12,21,13,2,08士林區,士林區基河路與大南路口,0,0,1,2,C03,6,3,5,50,4,2,1,4,4,5,7,1,1,8,4,5,2,12,1,71,2,9,1,1,7,7,1,10,2,14,,17,42,1,22,9,121.5227199,25.08981484
111,12,12,21,48,2,03中山區,中山區復興北路與五常街口,0,0,2,1,C03,6,3,5,50,4,1,1,4,4,5,7,1,1,1,5,5,2,16,1,39,2,8,1,4,7,5,1,10,2,12,,8,8,1,22,9,121.5441623,25.06428439
111,12,12,21,48,2,03中山區,中山區復興北路與五常街口,0,0,2,2,C03,6,3,5,50,4,1,1,4,4,5,7,1,1,1,5,5,2,16,1,49,2,9,1,4,7,9,1,10,2,14,,44,8,1,22,9,121.5441623,25.06428439
111,12,12,21,51,2,04大安區,大安區復興南路2段與瑞安街口,0,0,1,1,B03,6,3,5,50,3,1,1,4,4,5,7,1,1,1,3,5,2,17,1,28,3,10,1,1,7,11,1,8,1,6,,10,6,1,22,9,121.5435996,25.0300974
111,12,12,21,51,2,04大安區,大安區復興南路2段與瑞安街口,0,0,1,2,C03,6,3,5,50,3,1,1,4,4,5,7,1,1,1,3,5,2,17,1,18,2,9,1,1,7,9,1,10,1,11,,23,6,1,22,9,121.5435996,25.0300974
111,12,12,22,5,2,03中山區,中山區民權東路3段與復興北路口,0,0,1,1,C03,6,3,5,50,4,2,1,4,4,5,7,1,1,1,4,5,2,12,1,38,2,9,1,1,7,9,1,10,1,12,,23,23,1,22,9,121.5438559,25.0622206
111,12,12,22,5,2,03中山區,中山區民權東路3段與復興北路口,0,0,1,2,B03,6,3,5,50,4,2,1,4,4,5,7,1,1,1,4,5,2,12,2,34,3,10,1,1,7,12,1,8,1,7,,44,23,1,22,9,121.5438559,25.0622206
111,12,12,22,5,2,03中山區,中山區民權東路3段與復興北路口,0,0,1,3,B03,6,3,5,50,4,2,1,4,4,5,7,1,1,1,4,5,2,12,1,59,3,10,1,1,7,12,1,8,1,6,,44,23,1,22,9,121.5438559,25.0622206
111,12,12,22,24,2,03中山區,中山區中山北路2段與南京西路口,0,0,2,1,F01,6,3,5,50,4,1,1,4,4,5,7,2,1,1,3,5,2,17,1,26,2,9,3,4,7,9,8,20,2,16,,25,25,1,22,9,121.5222672,25.0522665
111,12,12,22,24,2,03中山區,中山區中山北路2段與南京西路口,0,0,2,2,C03,6,3,5,50,4,1,1,4,4,5,7,2,1,1,3,5,2,17,2,41,2,9,3,4,7,9,1,10,2,11,,44,25,1,22,9,121.5222672,25.0522665
111,12,12,22,31,2,02萬華區,萬華區康定路與和平西路3段口,0,0,2,1,B03,6,3,5,50,4,1,1,4,4,5,7,1,1,10,5,5,2,17,1,16,3,10,3,4,7,6,2,18,2,5,,9,9,1,22,9,121.5012382,25.0352738
111,12,12,22,31,2,02萬華區,萬華區康定路與和平西路3段口,0,0,2,2,C03,6,3,5,50,4,1,1,4,4,5,7,1,1,10,5,5,2,17,1,32,2,9,3,4,7,9,1,10,2,14,,44,9,1,22,9,121.5012382,25.0352738
111,12,12,22,31,2,02萬華區,萬華區康定路與和平西路3段口,0,0,2,3,H02,6,3,5,50,4,1,1,4,4,5,7,1,1,10,5,5,2,17,2,23,2,9,4,5,7,21,8,20,10,15,,67,9,1,22,9,121.5012382,25.0352738
111,12,12,22,57,2,02萬華區,萬華區漢口街2段與西寧南路口,0,0,2,1,C03,6,3,5,50,4,1,1,4,4,5,7,2,1,5,5,5,2,16,1,23,2,9,1,1,7,5,1,10,1,14,,8,8,1,22,9,121.5067915,25.0456756
111,12,12,22,57,2,02萬華區,萬華區漢口街2段與西寧南路口,0,0,2,2,A02,6,3,5,50,4,1,1,4,4,5,7,2,1,5,5,5,2,16,1,36,3,10,1,1,7,9,1,1,1,2,,44,8,1,22,9,121.5067915,25.0456756
111,12,12,22,57,2,02萬華區,萬華區漢口街2段與西寧南路口,0,0,2,3,H02,6,3,5,50,4,1,1,4,4,5,7,2,1,5,5,5,2,16,2,19,2,9,4,5,7,20,8,20,10,16,,67,8,1,22,9,121.5067915,25.0456756
111,12,12,23,12,2,03中山區,中山區長春路與林森北路口,0,0,2,1,C03,7,3,5,50,4,1,1,4,4,5,7,2,1,5,4,4,2,16,1,19,2,9,1,1,7,5,1,10,2,12,,8,8,1,22,9,121.5254998,25.0548993
111,12,12,23,12,2,03中山區,中山區長春路與林森北路口,0,0,2,2,C03,7,3,5,50,4,1,1,4,4,5,7,2,1,5,4,4,2,16,1,21,2,9,1,1,7,9,1,10,2,11,,14,8,1,22,9,121.5254998,25.0548993
111,12,13,0,5,2,01大同區,大同區民權西路與承德路2段口,0,0,1,1,C03,6,3,5,50,4,2,1,4,4,5,7,2,1,1,4,5,2,15,1,18,2,9,3,4,7,9,1,10,2,12,,42,42,1,22,9,121.5183538,25.06283378
111,12,13,0,5,2,01大同區,大同區民權西路與承德路2段口,0,0,1,2,B03,6,3,5,50,4,2,1,4,4,5,7,2,1,1,4,5,2,15,1,23,3,10,3,4,7,9,1,8,2,1,,42,42,1,22,9,121.5183538,25.06283378
111,12,13,0,15,2,11南港區,南港區市民大道8段522號,0,0,1,1,B02,6,3,5,50,14,9,1,4,4,5,7,4,4,1,4,5,2,9,1,47,3,10,1,1,7,1,1,1,11,2,,19,,1,22,9,121.6132374,25.0539702
111,12,13,0,15,2,11南港區,南港區市民大道8段522號,0,0,1,2,H01,6,3,5,50,14,9,1,4,4,5,7,4,4,1,4,5,2,9,2,27,2,7,4,5,8,20,8,20,11,16,,67,,1,22,9,121.6132374,25.0539702
111,12,13,0,20,2,03中山區,中山區長春路與南京東路3段223巷口,0,0,1,1,C03,6,3,5,40,3,2,1,4,4,5,7,4,4,4,5,5,2,16,1,23,2,7,3,4,7,7,1,10,1,14,,7,7,1,22,9,121.5437333,25.0545838
111,12,13,0,20,2,03中山區,中山區長春路與南京東路3段223巷口,0,0,1,2,B01,6,3,5,40,3,2,1,4,4,5,7,4,4,4,5,5,2,16,1,45,3,10,3,4,7,9,1,8,1,5,,44,7,1,22,9,121.5437333,25.0545838
111,12,13,0,55,2,08士林區,士林區環河北路3段與中正路口,0,0,1,1,A12,6,3,5,50,4,1,1,4,4,5,7,1,1,1,4,5,2,17,1,62,3,10,1,1,7,11,1,2,2,8,,10,10,1,22,9,121.5058313,25.08552377
111,12,13,0,55,2,08士林區,士林區環河北路3段與中正路口,0,0,1,2,C02,6,3,5,50,4,1,1,4,4,5,7,1,1,1,4,5,2,17,1,25,2,7,1,1,7,6,1,9,2,14,,44,10,1,22,9,121.5058313,25.08552377
111,12,13,1,15,2,03中山區,中山區南京東路1段與新生北路1段口,0,0,2,1,B01,6,3,5,50,4,2,1,4,4,5,7,2,1,10,4,5,2,2,1,61,3,10,3,4,7,6,1,1,1,1,,15,15,1,22,9,121.5275748,25.0519134
111,12,13,1,15,2,03中山區,中山區南京東路1段與新生北路1段口,0,0,2,2,H01,6,3,5,50,4,2,1,4,4,5,7,2,1,10,4,5,2,2,1,31,2,9,4,5,8,16,8,20,10,16,,67,15,1,22,9,121.5275748,25.0519134
111,12,13,1,15,2,03中山區,中山區南京東路1段與新生北路1段口,0,0,2,3,H01,6,3,5,50,4,2,1,4,4,5,7,2,1,10,4,5,2,2,1,20,2,8,4,5,8,16,8,20,10,16,,67,15,1,22,9,121.5275748,25.0519134
111,12,13,6,26,2,12內湖區,內湖區內湖路1段285巷與環山路1段口,0,0,2,1,C03,6,1,5,50,3,2,1,4,4,5,7,1,1,5,4,5,1,17,2,68,2,9,1,1,7,5,3,18,1,14,,8,8,1,22,9,121.5663151,25.08228206
111,12,13,6,26,2,12內湖區,內湖區內湖路1段285巷與環山路1段口,0,0,2,2,C03,6,1,5,50,3,2,1,4,4,5,7,1,1,5,4,5,1,17,1,39,2,9,1,1,7,9,1,10,1,11,,13,8,1,22,9,121.5663151,25.08228206
111,12,13,6,40,2,08士林區,士林區故宮路與自強隧道口,0,0,1,1,B03,7,1,5,50,11,9,1,5,4,5,7,4,4,10,4,5,1,12,1,44,3,10,1,1,7,9,1,8,1,6,,23,23,1,22,9,121.5484127,25.09561771
111,12,13,6,40,2,08士林區,士林區故宮路與自強隧道口,0,0,1,2,C03,7,1,5,50,11,9,1,5,4,5,7,4,4,10,4,5,1,12,2,19,2,9,1,1,7,9,1,10,1,14,,44,23,1,22,9,121.5484127,25.09561771
111,12,13,6,45,2,05中正區,中正區鄭州路與承德路1段口,0,0,2,1,C03,6,1,5,40,4,2,1,4,4,5,7,1,1,1,4,5,2,13,1,28,2,9,1,1,7,9,1,10,1,11,,16,23,1,22,9,121.5161826,25.0487183
111,12,13,6,45,2,05中正區,中正區鄭州路與承德路1段口,0,0,2,2,C03,6,1,5,40,4,2,1,4,4,5,7,1,1,1,4,5,2,13,2,22,2,9,1,1,7,14,1,10,1,13,,44,23,1,22,9,121.5161826,25.0487183
111,12,13,6,45,2,05中正區,中正區鄭州路與承德路1段口,0,0,2,3,A02,6,1,5,40,4,2,1,4,4,5,7,1,1,1,4,5,2,13,1,62,3,10,1,1,7,9,1,1,9,15,,25,,1,22,9,121.5161826,25.0487183
111,12,13,6,50,2,10文山區,文山區興隆路3段與興隆路3段304巷口,0,0,1,1,B03,6,1,5,50,4,1,1,4,4,5,7,2,1,1,4,5,2,3,1,55,3,10,1,1,7,5,1,8,2,5,,15,15,1,22,9,121.5588368,24.99274349
111,12,13,6,50,2,10文山區,文山區興隆路3段與興隆路3段304巷口,0,0,1,2,H01,6,1,5,50,4,1,1,4,4,5,7,2,1,1,4,5,2,3,1,16,2,9,4,1,8,20,8,20,10,16,,67,15,1,22,9,121.5588368,24.99274349
111,12,13,7,0,2,12內湖區,內湖區新明路122號,0,0,1,1,B03,6,1,5,50,14,8,1,4,4,5,7,4,4,5,4,4,1,16,1,56,3,10,1,1,7,1,1,8,1,4,,19,9,1,22,9,121.5889808,25.059182
111,12,13,7,0,2,12內湖區,內湖區新明路122號,0,0,1,2,C03,6,1,5,50,14,8,1,4,4,5,7,4,4,5,4,4,1,16,1,59,2,9,1,1,7,9,1,10,1,12,,13,9,1,22,9,121.5889808,25.059182
111,12,13,7,23,2,03中山區,中山區中山北路2段與錦州街口,0,0,1,1,B03,6,1,5,50,4,2,1,4,4,5,7,1,1,5,4,5,2,2,2,53,3,10,1,1,7,5,1,8,1,5,,15,15,1,22,9,121.5229332,25.0602248
111,12,13,7,23,2,03中山區,中山區中山北路2段與錦州街口,0,0,1,2,H01,6,1,5,50,4,2,1,4,4,5,7,1,1,5,4,5,2,2,2,68,2,8,4,5,8,16,8,20,10,16,,67,15,1,22,9,121.5229332,25.0602248
111,12,13,7,40,2,05中正區,中正區公園路與愛國西路口,0,0,1,1,C03,6,1,5,50,4,1,1,4,4,5,7,1,1,1,4,5,2,12,1,21,3,10,1,1,7,6,1,10,2,13,,9,9,1,22,9,121.5154432,25.0351795
111,12,13,7,40,2,05中正區,中正區公園路與愛國西路口,0,0,1,2,C03,6,1,5,50,4,1,1,4,4,5,7,1,1,1,4,5,2,12,1,53,2,9,1,1,7,9,1,10,2,11,,23,9,1,22,9,121.5154432,25.0351795
111,12,13,7,50,2,01大同區,大同區延平北路4段啟聰學校地下停車場對面,0,0,1,1,B03,6,1,5,50,14,9,1,4,4,5,7,2,1,5,5,5,2,16,1,35,3,10,1,1,7,1,1,8,2,4,,19,10,1,22,9,121.5115473,25.07436232
111,12,13,7,50,2,01大同區,大同區延平北路4段啟聰學校地下停車場對面,0,0,1,2,C03,6,1,5,50,14,9,1,4,4,5,7,2,1,5,5,5,2,16,1,23,2,8,1,1,7,9,1,10,2,11,,13,10,1,22,9,121.5115473,25.07436232
111,12,13,7,51,2,08士林區,士林區延平北路6段222號,0,0,2,1,C03,8,1,5,50,14,9,1,5,4,5,7,4,4,10,5,5,1,16,2,60,2,8,1,1,7,1,1,10,9,14,,19,6,1,22,9,121.5046974,25.08934675
111,12,13,7,51,2,08士林區,士林區延平北路6段222號,0,0,2,2,C03,8,1,5,50,14,9,1,5,4,5,7,4,4,10,5,5,1,16,2,37,2,8,1,1,7,9,1,10,9,11,,44,6,1,22,9,121.5046974,25.08934675
111,12,13,7,57,2,05中正區,中正區中華路2段與廣州街口,0,0,1,1,B03,7,1,5,50,4,2,1,5,4,5,7,1,1,1,4,5,2,12,1,61,3,10,1,1,7,8,1,8,1,8,,23,23,1,22,9,121.5067126,25.0362154
111,12,13,7,57,2,05中正區,中正區中華路2段與廣州街口,0,0,1,2,C03,7,1,5,50,4,2,1,5,4,5,7,1,1,1,4,5,2,12,1,36,2,9,1,1,7,14,1,9,1,13,,44,23,1,22,9,121.5067126,25.0362154
111,12,13,7,59,2,12內湖區,內湖區安康路106巷與安康路56巷33弄口,0,0,1,1,C03,6,1,5,50,4,1,1,4,4,5,7,4,4,9,5,5,2,13,1,19,2,8,1,3,7,9,1,10,1,11,,23,23,1,22,9,121.5990871,25.0614952
111,12,13,7,59,2,12內湖區,內湖區安康路106巷與安康路56巷33弄口,0,0,1,2,B03,6,1,5,50,4,1,1,4,4,5,7,4,4,9,5,5,2,13,1,27,3,10,1,1,7,15,1,8,1,7,,6,23,1,22,9,121.5990871,25.0614952
111,12,13,8,1,2,10文山區,文山區羅斯福路6段與三福街口,0,0,1,1,C03,6,1,5,50,4,1,1,4,4,5,7,1,1,1,4,5,2,12,2,38,2,9,1,1,7,9,1,10,2,14,,44,44,1,22,9,121.5412284,24.9959336
111,12,13,8,1,2,10文山區,文山區羅斯福路6段與三福街口,0,0,1,2,C03,6,1,5,50,4,1,1,4,4,5,7,1,1,1,4,5,2,12,1,36,3,10,1,1,7,14,1,10,2,14,,44,44,1,22,9,121.5412284,24.9959336
111,12,13,8,1,2,10文山區,文山區羅斯福路6段與三福街口,0,0,1,3,B12,6,1,5,50,4,1,1,4,4,5,7,1,1,1,4,5,2,12,4,,4,11,3,4,7,15,7,19,11,15,,43,44,2,22,9,121.5412284,24.9959336
111,12,13,8,9,2,04大安區,大安區新生南路3段60巷與無名巷口,0,0,1,1,C03,7,1,5,30,4,1,1,4,4,5,7,4,4,10,5,5,2,15,1,51,2,9,1,1,7,9,1,10,2,12,,6,6,1,22,9,121.5332068,25.0200924
111,12,13,8,9,2,04大安區,大安區新生南路3段60巷與無名巷口,0,0,1,2,B03,7,1,5,30,4,1,1,4,4,5,7,4,4,10,5,5,2,15,1,37,3,10,1,1,7,9,1,8,2,8,,44,6,1,22,9,121.5332068,25.0200924
111,12,13,8,15,2,07信義區,信義區吳興街156巷65弄與信安街67巷口,0,0,1,1,B03,6,1,5,50,3,1,1,4,4,5,7,4,4,9,4,5,2,12,1,56,3,10,1,1,7,6,1,8,1,5,,9,9,1,22,9,121.5591522,25.0259918
111,12,13,8,15,2,07信義區,信義區吳興街156巷65弄與信安街67巷口,0,0,1,2,C03,6,1,5,50,3,1,1,4,4,5,7,4,4,9,4,5,2,12,1,39,2,9,1,1,7,9,1,10,1,14,,14,9,1,22,9,121.5591522,25.0259918
111,12,13,8,40,2,06松山區,松山區八德路3段12巷57弄39-1號,0,0,1,2,H01,6,1,5,30,14,9,1,4,4,5,7,4,4,10,5,5,2,9,2,74,2,9,4,5,8,16,8,20,10,16,,67,43,1,22,9,121.5520146,25.04539745
111,12,13,8,40,2,06松山區,松山區八德路3段12巷57弄39-1號,0,0,1,1,B03,6,1,5,30,14,9,1,4,4,5,7,4,4,10,5,5,2,9,1,53,4,11,3,4,7,15,7,19,11,15,,43,43,2,22,9,121.5520146,25.04539745
111,12,13,8,50,2,04大安區,大安區基隆路2段與臨江街口,0,0,1,1,C03,6,1,5,30,5,2,1,4,4,5,7,4,4,8,3,5,2,17,2,36,3,10,1,1,7,6,3,18,1,14,,6,6,1,22,9,121.5572732,25.0294021
111,12,13,8,50,2,04大安區,大安區基隆路2段與臨江街口,0,0,1,2,C03,6,1,5,30,5,2,1,4,4,5,7,4,4,8,3,5,2,17,2,56,2,9,1,1,7,9,1,10,1,12,,44,6,1,22,9,121.5572732,25.0294021
111,12,13,8,50,2,12內湖區,內湖區瑞光路285巷2號,0,0,2,1,H01,6,1,5,50,14,9,1,4,4,5,7,4,4,8,5,5,1,3,2,36,2,9,4,5,8,16,8,20,10,16,,53,53,1,22,9,121.5765473,25.0755298
111,12,13,8,50,2,12內湖區,內湖區瑞光路285巷2號,0,0,2,2,C03,6,1,5,50,14,9,1,4,4,5,7,4,4,8,5,5,1,3,1,30,2,9,3,4,7,9,1,10,1,11,,23,53,1,22,9,121.5765473,25.0755298
111,12,13,8,53,2,09北投區,北投區中和街與中和街398巷口,0,0,2,1,C03,8,1,5,50,3,1,1,5,4,5,7,4,4,10,5,5,2,16,2,23,2,8,1,1,7,9,1,10,1,11,,4,4,1,22,9,121.498105,25.1434876
111,12,13,8,53,2,09北投區,北投區中和街與中和街398巷口,0,0,2,2,C03,8,1,5,50,3,1,1,5,4,5,7,4,4,10,5,5,2,16,2,44,2,5,1,1,7,5,1,10,1,14,,8,4,1,22,9,121.498105,25.1434876
111,12,13,8,57,2,12內湖區,內湖區潭美街557號與潭美街口旁,0,0,1,1,C03,6,1,5,40,3,1,1,4,4,5,7,4,4,5,5,5,2,17,2,53,3,10,1,1,7,6,1,10,1,15,,9,9,1,22,9,121.6010565,25.06087889
111,12,13,8,57,2,12內湖區,內湖區潭美街557號與潭美街口旁,0,0,1,2,C03,6,1,5,40,3,1,1,4,4,5,7,4,4,5,5,5,2,17,2,33,2,7,1,1,7,9,1,10,1,11,,23,9,1,22,9,121.6010565,25.06087889
111,12,13,8,57,2,12內湖區,內湖區潭美街557號與潭美街口旁,0,0,1,3,C03,6,1,5,40,3,1,1,4,4,5,7,4,4,5,5,5,2,17,2,54,3,10,1,1,7,9,1,10,1,12,,23,9,1,22,9,121.6010565,25.06087889
111,12,13,8,57,2,12內湖區,內湖區潭美街557號與潭美街口旁,0,0,1,4,C03,6,1,5,40,3,1,1,4,4,5,7,4,4,5,5,5,2,17,1,39,3,10,1,1,7,12,1,10,1,14,,44,9,1,22,9,121.6010565,25.06087889
111,12,13,9,45,2,05中正區,中正區中山北路1段與市民大道1段口,0,0,2,1,C04,6,1,5,40,4,1,1,4,4,5,7,1,1,10,5,5,2,12,2,43,2,9,1,1,7,6,1,11,2,12,,9,9,1,22,9,121.5205347,25.047992
111,12,13,9,45,2,05中正區,中正區中山北路1段與市民大道1段口,0,0,2,2,C03,6,1,5,40,4,1,1,4,4,5,7,1,1,10,5,5,2,12,1,20,2,9,1,1,7,9,1,10,2,14,,44,9,1,22,9,121.5205347,25.047992
111,12,13,9,49,2,01大同區,大同區民權西路102巷與民權西路102巷4弄口口,0,0,2,1,C03,6,1,5,30,4,1,1,4,4,5,7,4,4,10,5,5,1,15,1,79,2,9,1,1,7,9,1,10,2,14,,6,14,1,22,9,121.5150091,25.06214538
111,12,13,9,49,2,01大同區,大同區民權西路102巷與民權西路102巷4弄口口,0,0,2,2,C03,6,1,5,30,4,1,1,4,4,5,7,4,4,10,5,5,1,15,2,25,2,9,1,1,7,9,1,10,2,11,,14,14,1,22,9,121.5150091,25.06214538
111,12,13,10,21,2,07信義區,信義區基隆路1段172巷與忠孝東路4段559巷口口,0,0,1,1,B12,6,1,5,30,4,1,1,4,4,5,7,4,4,10,5,5,2,15,1,59,3,10,1,1,7,9,1,8,9,8,,6,43,2,22,9,121.5639571,25.0431745
111,12,13,10,21,2,07信義區,信義區基隆路1段172巷與忠孝東路4段559巷口口,0,0,1,2,C03,6,1,5,30,4,1,1,4,4,5,7,4,4,10,5,5,2,15,1,18,2,9,1,1,7,9,1,10,9,12,,13,43,1,22,9,121.5639571,25.0431745
111,12,13,11,0,2,12內湖區,內湖區文德路22巷44弄與陽光街口,0,0,1,1,C03,6,1,5,50,3,2,1,4,4,5,7,4,4,8,5,5,1,17,1,35,2,9,3,4,7,9,1,10,1,14,,13,44,1,22,9,121.5815507,25.07482115
111,12,13,11,0,2,12內湖區,內湖區文德路22巷44弄與陽光街口,0,0,1,2,C03,6,1,5,50,3,2,1,4,4,5,7,4,4,8,5,5,1,17,2,64,3,10,3,4,7,5,4,8,1,15,,6,44,1,22,9,121.5815507,25.07482115
111,12,13,11,5,2,01大同區,大同區重慶北路2段與涼州街口,0,0,1,1,B03,6,1,5,50,4,1,1,4,4,5,7,2,1,5,5,5,2,16,1,35,3,10,1,1,7,1,1,8,2,8,,19,6,1,22,9,121.5135366,25.0607757
111,12,13,11,5,2,01大同區,大同區重慶北路2段與涼州街口,0,0,1,2,C03,6,1,5,50,4,1,1,4,4,5,7,2,1,5,5,5,2,16,1,19,2,9,1,1,7,9,1,10,2,12,,13,6,1,22,9,121.5135366,25.0607757
111,12,13,11,19,2,04大安區,大安區復興南路1段與信義路3段147巷45弄口,0,0,1,1,B03,6,1,5,50,14,9,1,4,4,5,7,4,4,1,4,5,2,12,1,51,3,10,3,4,7,6,1,8,1,2,,9,43,1,22,9,121.5435371,25.03675669
111,12,13,11,19,2,04大安區,大安區復興南路1段與信義路3段147巷45弄口,0,0,1,2,C03,6,1,5,50,14,9,1,4,4,5,7,4,4,1,4,5,2,12,1,25,2,8,3,4,7,9,1,10,1,11,,44,43,1,22,9,121.5435371,25.03675669
111,12,13,11,37,2,09北投區,北投區大度路3段與中央北路4段口,0,0,1,3,H02,8,1,5,50,14,9,1,5,4,5,7,4,4,1,4,5,2,17,2,55,2,7,4,5,7,20,8,20,10,16,,67,43,1,22,9,121.464875,25.1235283
111,12,13,11,37,2,09北投區,北投區大度路3段與中央北路4段口,0,0,1,1,A12,8,1,5,50,14,9,1,5,4,5,7,4,4,1,4,5,2,17,1,36,3,10,1,1,7,9,7,19,11,15,,43,43,1,22,9,121.464875,25.1235283
111,12,13,11,37,2,09北投區,北投區大度路3段與中央北路4段口,0,0,1,2,C03,8,1,5,50,14,9,1,5,4,5,7,4,4,1,4,5,2,17,1,55,3,10,1,1,7,9,1,10,9,15,,44,43,1,22,9,121.464875,25.1235283
111,12,13,11,51,2,08士林區,士林區承德路5段80號,0,0,1,1,B03,6,1,5,50,14,9,1,4,4,5,7,4,4,1,4,5,2,16,1,70,3,10,1,1,7,6,1,8,1,2,,9,9,1,22,9,121.5143596,25.09457085
111,12,13,11,51,2,08士林區,士林區承德路5段80號,0,0,1,2,C03,6,1,5,50,14,9,1,4,4,5,7,4,4,1,4,5,2,16,2,44,2,9,1,1,7,9,1,10,1,11,,44,9,1,22,9,121.5143596,25.09457085
111,12,13,11,58,2,12內湖區,內湖區基湖路與基湖路35巷口,0,0,1,1,C03,6,1,5,50,3,1,1,4,4,5,7,3,1,5,4,5,2,16,2,35,2,5,1,1,7,5,1,10,1,12,,6,6,1,22,9,121.564764,25.0799664
111,12,13,11,58,2,12內湖區,內湖區基湖路與基湖路35巷口,0,0,1,2,C03,6,1,5,50,3,1,1,4,4,5,7,3,1,5,4,5,2,16,1,19,3,10,1,1,7,9,1,10,1,11,,44,6,1,22,9,121.564764,25.0799664
111,12,13,12,5,2,12內湖區,內湖區新湖三路61號,0,0,1,1,C03,6,1,5,50,14,9,1,4,4,5,7,4,4,5,4,5,1,17,1,31,2,7,1,1,7,9,1,10,1,14,,42,23,1,22,9,121.5759215,25.06320359
111,12,13,12,5,2,12內湖區,內湖區新湖三路61號,0,0,1,2,B03,6,1,5,50,14,9,1,4,4,5,7,4,4,5,4,5,1,17,2,27,3,10,1,1,7,14,1,8,1,2,,44,23,1,22,9,121.5759215,25.06320359
111,12,13,12,5,2,12內湖區,內湖區新湖三路61號,0,0,1,3,B03,6,1,5,50,14,9,1,4,4,5,7,4,4,5,4,5,1,17,1,46,3,10,1,1,7,1,1,8,1,15,,19,23,1,22,9,121.5759215,25.06320359
111,12,13,12,17,2,09北投區,北投區承德路7段與承德路7段32巷口,0,0,2,1,B03,8,1,5,60,3,1,1,4,4,5,7,4,4,10,4,5,2,12,2,63,3,10,1,1,7,6,1,8,1,6,,9,9,1,22,9,121.5111634,25.1110179
111,12,13,12,17,2,09北投區,北投區承德路7段與承德路7段32巷口,0,0,2,2,C03,8,1,5,60,3,1,1,4,4,5,7,4,4,10,4,5,2,12,1,48,2,8,1,1,7,9,1,10,1,14,,44,9,1,22,9,121.5111634,25.1110179
111,12,13,12,17,2,09北投區,北投區承德路7段與承德路7段32巷口,0,0,2,3,H02,8,1,5,60,3,1,1,4,4,5,7,4,4,10,4,5,2,12,2,35,2,7,4,5,7,20,8,20,10,16,,67,9,1,22,9,121.5111634,25.1110179
111,12,13,12,31,2,02萬華區,萬華區西園路2段78號與莒光路口,0,0,1,1,C03,6,1,5,50,4,2,1,4,4,5,7,2,1,1,4,5,2,12,1,19,2,9,1,1,7,9,1,10,1,11,,23,23,1,22,9,121.4967837,25.03134083
111,12,13,12,31,2,02萬華區,萬華區西園路2段78號與莒光路口,0,0,1,2,B12,6,1,5,50,4,2,1,4,4,5,7,2,1,1,4,5,2,12,1,57,3,10,3,1,7,13,1,8,1,7,,38,23,1,22,9,121.4967837,25.03134083
111,12,13,12,35,2,03中山區,中山區中山北路3段51號前,0,0,1,1,B03,1,1,5,50,14,9,1,4,4,5,7,4,4,5,4,5,2,13,1,29,3,10,3,4,7,7,1,8,1,3,,7,7,1,22,9,121.5226371,25.0672144
111,12,13,12,35,2,03中山區,中山區中山北路3段51號前,0,0,1,2,C03,1,1,5,50,14,9,1,4,4,5,7,4,4,5,4,5,2,13,1,43,2,9,3,4,7,9,1,10,1,11,,44,7,1,22,9,121.5226371,25.0672144
111,12,13,12,52,2,03中山區,中山區龍江路與五常街口,0,0,1,1,B03,6,1,5,50,4,1,1,4,4,5,7,1,1,4,5,5,1,17,1,37,3,10,3,4,7,5,1,8,1,6,,8,8,1,22,9,121.5409699,25.0643292
111,12,13,12,52,2,03中山區,中山區龍江路與五常街口,0,0,1,2,C03,6,1,5,50,4,1,1,4,4,5,7,1,1,4,5,5,1,17,1,33,2,9,1,4,7,9,1,10,1,12,,44,8,1,22,9,121.5409699,25.0643292
111,12,13,13,12,2,05中正區,中正區重慶北路1段與鄭州路口,0,0,1,1,C03,6,1,5,40,4,1,1,4,4,5,7,1,1,10,5,5,2,13,1,29,4,11,3,4,7,8,7,19,9,15,,7,43,2,22,9,121.5132784,25.0492885
111,12,13,13,12,2,05中正區,中正區重慶北路1段與鄭州路口,0,0,1,2,B02,6,1,5,40,4,1,1,4,4,5,7,1,1,10,5,5,2,13,1,28,4,11,3,4,7,5,7,19,9,15,,8,43,2,22,9,121.5132784,25.0492885
111,12,13,13,12,2,05中正區,中正區重慶北路1段與鄭州路口,0,0,1,3,C03,6,1,5,40,4,1,1,4,4,5,7,1,1,10,5,5,2,13,2,29,2,8,1,1,7,9,1,10,2,11,,13,43,2,22,9,121.5132784,25.0492885
111,12,13,13,50,2,07信義區,信義區基隆路1段與基隆路1段101巷口口,0,0,1,2,C03,6,1,5,50,3,2,1,4,4,5,7,2,1,1,4,5,2,17,1,37,2,9,3,4,7,9,1,10,9,14,,23,43,1,22,9,121.5671231,25.0453714