發生年度,發生月,發生日,發生時-Hours,發生分,處理別-編號,區序,肇事地點,死亡人數,2-30日死亡人數,受傷人數,當事人序號,車種,天候,光線,道路類別,速限-速度限制,道路型態,事故位置,路面狀況1,路面狀況2,路面狀況3,道路障礙1,道路障礙2,號誌1,號誌2,車道劃分-分向,車道劃分-分道1,車道劃分-分道2,車道劃分-分道3,事故類型及型態,性別,年齡,受傷程度,主要傷處,安全帽,行動電話,車輛用途,當事者行動狀態,駕駛資格情形,駕駛執照種類,飲酒情形,車輛撞擊部位1,車輛撞擊部位2,肇因碼-個別,肇因碼-主要,個人肇逃否,職業,旅次目的,座標-X,座標-Y
111,12,13,13,50,2,07信義區,信義區基隆路1段與基隆路1段101巷口口,0,0,1,1,,6,1,5,50,3,2,1,4,4,5,7,2,1,1,4,5,2,17,4,,4,11,3,4,7,15,7,19,11,15,,43,43,2,22,9,121.5671231,25.0453714
111,12,13,13,51,2,12內湖區,內湖區民權東路6段與行愛路口,0,0,1,1,B03,6,1,5,50,4,1,1,4,4,5,7,1,1,1,4,5,2,16,1,39,3,10,1,1,7,5,1,8,1,8,,6,6,1,22,9,121.5785172,25.066696
111,12,13,13,51,2,12內湖區,內湖區民權東路6段與行愛路口,0,0,1,2,C03,6,1,5,50,4,1,1,4,4,5,7,1,1,1,4,5,2,16,1,69,2,9,1,1,7,9,1,10,1,14,,44,6,1,22,9,121.5785172,25.066696
111,12,13,13,53,2,09北投區,北投區石牌路2段與裕民一路口,0,0,1,1,B03,7,1,5,50,4,1,1,4,4,5,7,1,1,5,4,5,2,16,1,37,3,10,1,1,7,5,1,8,1,2,,8,,1,22,9,121.5162632,25.1167703
111,12,13,13,53,2,09北投區,北投區石牌路2段與裕民一路口,0,0,1,2,C03,7,1,5,50,4,1,1,4,4,5,7,1,1,5,4,5,2,16,1,20,2,9,1,1,7,9,1,10,1,11,,44,,1,22,9,121.5162632,25.1167703
111,12,13,14,9,2,09北投區,北投區新民路60號,0,0,1,1,C03,7,1,5,30,14,9,1,5,4,5,7,4,4,5,5,5,2,18,2,45,2,9,1,1,7,9,1,10,1,12,,43,43,1,22,9,121.5097854,25.13994055
111,12,13,14,9,2,09北投區,北投區新民路60號,0,0,1,2,,7,1,5,30,14,9,1,5,4,5,7,4,4,5,5,5,2,18,3,,,,,,,,,,,,,67,43,1,,,121.5097854,25.13994055
111,12,13,14,28,2,09北投區,北投區承德路7段145號,0,0,1,1,C03,6,1,5,40,14,7,1,4,4,5,7,4,4,1,4,4,2,17,1,20,2,9,1,1,7,7,1,10,1,12,,42,42,1,22,9,121.5081979,25.11325277
111,12,13,14,28,2,09北投區,北投區承德路7段145號,0,0,1,2,B12,6,1,5,40,14,7,1,4,4,5,7,4,4,1,4,4,2,17,1,52,3,10,1,1,7,8,1,8,1,7,,44,42,1,22,9,121.5081979,25.11325277
111,12,13,14,28,2,09北投區,北投區承德路7段145號,0,0,1,3,B02,6,1,5,40,14,7,1,4,4,5,7,4,4,1,4,4,2,17,2,25,3,10,1,1,7,14,1,8,1,1,,42,,1,22,9,121.5081979,25.11325277
111,12,13,14,28,2,09北投區,北投區承德路7段145號,0,0,1,4,B03,6,1,5,40,14,7,1,4,4,5,7,4,4,1,4,4,2,17,1,43,3,10,1,1,7,14,1,8,1,3,,42,,1,22,9,121.5081979,25.11325277
111,12,13,14,32,2,07信義區,信義區莊敬路與莊敬路178巷口口,0,0,1,1,B01,6,1,5,50,3,2,1,4,4,3,7,4,4,9,5,4,2,17,1,47,3,10,1,1,7,6,1,4,11,15,,9,,1,21,8,121.5612505,25.0311109
111,12,13,14,32,2,07信義區,信義區莊敬路與莊敬路178巷口口,0,0,1,2,C03,6,1,5,50,3,2,1,4,4,3,7,4,4,9,5,4,2,17,2,23,2,9,1,1,7,9,1,10,1,14,,42,,1,21,8,121.5612505,25.0311109
111,12,13,15,40,2,01大同區,大同區錦西街90號,0,0,1,1,B03,6,1,5,50,14,9,1,4,4,5,7,4,4,5,5,5,2,16,2,56,3,10,1,1,7,1,1,8,2,4,,19,11,1,22,9,121.5184074,25.06018569
111,12,13,15,40,2,01大同區,大同區錦西街90號,0,0,1,2,C03,6,1,5,50,14,9,1,4,4,5,7,4,4,5,5,5,2,16,2,26,2,7,1,1,7,9,1,10,2,11,,23,11,1,22,9,121.5184074,25.06018569
111,12,13,15,40,2,05中正區,中正區博愛路與衡陽路口,0,0,1,1,C03,6,1,5,50,4,1,1,4,4,5,7,1,1,10,5,5,2,13,2,48,2,9,1,1,7,6,1,10,2,13,,9,44,1,22,9,121.5115172,25.0422715
111,12,13,15,40,2,05中正區,中正區博愛路與衡陽路口,0,0,1,2,C03,6,1,5,50,4,1,1,4,4,5,7,1,1,10,5,5,2,13,1,35,3,10,1,1,7,9,1,10,2,11,,44,44,1,22,9,121.5115172,25.0422715
111,12,13,16,1,2,02萬華區,萬華區環河南路2段250巷與環河南路2段250巷3弄口,0,0,3,1,C03,6,1,5,30,3,1,1,4,4,5,7,4,4,10,5,5,2,17,1,29,2,7,1,1,7,9,1,9,1,11,,23,23,1,22,9,121.49181,25.0331567
111,12,13,16,1,2,02萬華區,萬華區環河南路2段250巷與環河南路2段250巷3弄口,0,0,3,2,C03,6,1,5,30,3,1,1,4,4,5,7,4,4,10,5,5,2,17,2,55,2,9,1,1,7,5,1,10,1,13,,44,23,1,22,9,121.49181,25.0331567
111,12,13,16,1,2,02萬華區,萬華區環河南路2段250巷與環河南路2段250巷3弄口,0,0,3,3,H02,6,1,5,30,3,1,1,4,4,5,7,4,4,10,5,5,2,17,2,30,2,9,4,5,7,20,8,20,10,16,,67,23,1,22,9,121.49181,25.0331567
111,12,13,16,8,2,09北投區,北投區中央北路2段95巷1弄與豐年路2段32巷口,0,0,2,1,C03,6,1,5,30,3,1,1,4,4,5,7,4,4,10,5,5,1,16,1,63,2,9,1,1,7,5,1,10,1,11,,8,8,1,22,9,121.4962756,25.13594835
111,12,13,16,8,2,09北投區,北投區中央北路2段95巷1弄與豐年路2段32巷口,0,0,2,2,C03,6,1,5,30,3,1,1,4,4,5,7,4,4,10,5,5,1,16,1,27,2,9,1,1,7,9,1,10,1,11,,44,8,1,22,9,121.4962756,25.13594835
111,12,13,16,10,2,09北投區,北投區自強街120巷15弄8號,0,0,1,1,B03,8,1,5,30,14,9,1,5,4,5,7,4,4,10,5,5,1,11,1,70,3,10,1,1,7,1,1,8,9,8,,19,19,1,22,9,121.516571,25.1104569
111,12,13,16,10,2,09北投區,北投區自強街120巷15弄8號,0,0,1,2,C03,8,1,5,30,14,9,1,5,4,5,7,4,4,10,5,5,1,11,2,30,2,8,1,1,7,9,1,10,9,15,,44,19,1,22,9,121.516571,25.1104569
111,12,13,16,15,2,12內湖區,內湖區堤頂大道2段與瑞光路478巷口,0,0,1,1,,6,1,5,50,4,1,1,4,4,5,7,2,1,1,4,1,2,16,4,,4,11,3,4,7,15,7,19,11,15,,43,,2,22,9,121.568704,25.0774752
111,12,13,16,15,2,12內湖區,內湖區堤頂大道2段與瑞光路478巷口,0,0,1,2,C03,6,1,5,50,4,1,1,4,4,5,7,2,1,1,4,1,2,16,2,24,2,8,1,1,7,9,1,10,9,14,,44,,1,22,9,121.568704,25.0774752
111,12,13,16,34,2,02萬華區,萬華區西寧南路與內江街口,0,0,1,1,C03,6,1,5,50,4,1,1,4,4,5,7,1,1,8,5,5,2,17,1,27,3,10,1,1,7,5,1,10,1,13,,8,43,1,22,9,121.5059819,25.0416523
111,12,13,16,34,2,02萬華區,萬華區西寧南路與內江街口,0,0,1,2,C03,6,1,5,50,4,1,1,4,4,5,7,1,1,8,5,5,2,17,2,20,2,8,1,1,7,9,1,10,1,11,,44,43,1,22,9,121.5059819,25.0416523
111,12,13,16,35,2,08士林區,士林區德行東路306號,0,0,1,1,B03,6,1,5,50,14,9,1,4,4,5,7,4,4,9,5,5,2,17,1,69,3,10,1,1,7,1,1,8,1,15,,19,6,1,22,9,121.5366745,25.11014427
111,12,13,16,35,2,08士林區,士林區德行東路306號,0,0,1,2,C03,6,1,5,50,14,9,1,4,4,5,7,4,4,9,5,5,2,17,2,54,2,9,1,1,7,9,1,10,1,15,,23,6,1,22,9,121.5366745,25.11014427
111,12,13,16,40,2,10文山區,文山區木柵路1段119號,0,0,1,1,C03,6,3,5,50,14,9,1,4,4,5,7,4,4,5,2,5,2,12,1,40,2,8,1,1,7,1,1,10,1,14,,19,6,1,22,9,121.5485669,24.98717991
111,12,13,16,40,2,10文山區,文山區木柵路1段119號,0,0,1,2,B01,6,3,5,50,14,9,1,4,4,5,7,4,4,5,2,5,2,12,1,57,3,10,1,1,7,9,1,4,1,2,,23,6,1,22,9,121.5485669,24.98717991
111,12,13,16,43,2,04大安區,大安區敦化南路1段202號,0,0,1,1,C03,6,1,5,50,14,8,1,4,4,5,7,4,4,1,4,5,2,12,2,19,4,11,3,4,7,15,7,19,11,15,,23,43,2,22,9,121.5486595,25.04208356
111,12,13,16,43,2,04大安區,大安區敦化南路1段202號,0,0,1,2,B01,6,1,5,50,14,8,1,4,4,5,7,4,4,1,4,5,2,12,1,42,2,9,3,4,7,14,1,8,9,2,,44,43,1,22,9,121.5486595,25.04208356
111,12,13,16,55,2,10文山區,文山區木柵路1段與木柵路1段311巷口,0,0,1,1,B03,6,1,5,50,3,1,1,4,4,5,7,4,4,5,2,5,2,17,1,66,3,10,3,4,7,5,1,8,1,5,,6,42,1,22,9,121.5557102,24.9883311
111,12,13,16,55,2,10文山區,文山區木柵路1段與木柵路1段311巷口,0,0,1,2,C03,6,1,5,50,3,1,1,4,4,5,7,4,4,5,2,5,2,17,2,34,2,8,3,4,7,9,1,10,1,11,,42,42,1,22,9,121.5557102,24.9883311
111,12,13,17,3,2,03中山區,中山區中山北路2段與民權西路口,0,0,2,1,C03,6,3,5,50,4,2,1,4,4,5,7,2,1,1,4,5,2,17,1,24,2,8,3,4,7,9,1,9,1,11,,16,23,1,22,9,121.5224488,25.0629562
111,12,13,17,3,2,03中山區,中山區中山北路2段與民權西路口,0,0,2,2,C03,6,3,5,50,4,2,1,4,4,5,7,2,1,1,4,5,2,17,1,46,3,10,3,4,7,9,1,10,1,13,,44,23,1,22,9,121.5224488,25.0629562
111,12,13,17,3,2,03中山區,中山區中山北路2段與民權西路口,0,0,2,3,H02,6,3,5,50,4,2,1,4,4,5,7,2,1,1,4,5,2,17,2,22,2,7,3,4,7,21,8,20,10,15,,67,23,1,22,9,121.5224488,25.0629562
111,12,13,17,8,2,04大安區,大安區安和路2段135號,0,0,1,1,B03,6,1,5,0,14,9,1,4,4,5,7,4,4,1,4,5,2,17,2,42,3,10,1,1,7,1,1,8,1,4,,19,19,1,22,9,121.5511697,25.0290777
111,12,13,17,8,2,04大安區,大安區安和路2段135號,0,0,1,2,C03,6,1,5,0,14,9,1,4,4,5,7,4,4,1,4,5,2,17,1,37,2,9,1,1,7,9,1,10,1,11,,23,19,1,22,9,121.5511697,25.0290777
111,12,13,17,18,2,05中正區,中正區中華路2段與廣州街口,0,0,2,1,C03,6,3,5,50,4,1,1,4,4,5,7,2,1,3,4,5,2,12,1,55,2,1,1,1,7,9,1,10,1,12,,44,17,1,22,9,121.5066654,25.0360701
111,12,13,17,18,2,05中正區,中正區中華路2段與廣州街口,0,0,2,2,C03,6,3,5,50,4,1,1,4,4,5,7,2,1,3,4,5,2,12,2,47,2,8,1,1,7,9,1,10,1,11,,23,17,1,22,9,121.5066654,25.0360701
111,12,13,17,20,2,09北投區,北投區復興一路與永興路2段口,0,0,2,1,C03,6,3,5,30,4,1,1,4,4,5,7,3,1,5,4,5,2,16,2,22,2,9,3,4,7,9,1,10,2,11,,25,25,1,22,9,121.5028366,25.14030891
111,12,13,17,20,2,09北投區,北投區復興一路與永興路2段口,0,0,2,2,C03,6,3,5,30,4,1,1,4,4,5,7,3,1,5,4,5,2,16,1,33,2,9,3,4,7,9,3,18,2,12,,44,25,1,22,9,121.5028366,25.14030891
111,12,13,17,25,2,10文山區,文山區興隆路1段與景興路口口附近,0,0,1,1,B03,6,3,5,50,4,2,1,4,4,5,7,2,1,1,4,5,2,12,1,30,3,10,1,1,7,5,1,8,1,4,,17,17,1,22,9,121.5446742,24.99853327
111,12,13,17,25,2,10文山區,文山區興隆路1段與景興路口口附近,0,0,1,2,C03,6,3,5,50,4,2,1,4,4,5,7,2,1,1,4,5,2,12,1,77,2,9,1,1,7,5,1,10,1,12,,44,17,1,22,9,121.5446742,24.99853327
111,12,13,17,41,2,10文山區,文山區木柵路5段與信義快速道路口,0,0,1,1,C03,6,3,5,50,3,4,1,4,4,5,7,1,1,1,4,5,2,18,1,46,2,9,3,4,7,9,1,10,9,14,,43,42,2,22,9,121.5769144,25.00023071
111,12,13,17,41,2,10文山區,文山區木柵路5段與信義快速道路口,0,0,1,2,,6,3,5,50,3,4,1,4,4,5,7,1,1,1,4,5,2,18,3,,,,,,,,,,,,,67,42,1,,,121.5769144,25.00023071
111,12,13,17,58,2,09北投區,北投區新民路23號,0,0,1,1,C03,6,3,5,30,14,9,1,4,3,5,6,4,4,5,5,5,1,18,2,20,2,9,1,1,7,9,1,10,2,11,,44,43,1,22,9,121.507488,25.13942451
111,12,13,17,58,2,09北投區,北投區新民路23號,0,0,1,2,,6,3,5,30,14,9,1,4,3,5,6,4,4,5,5,5,1,18,3,,,,,,,,,,,,,67,43,1,,,121.507488,25.13942451
111,12,13,18,3,2,08士林區,士林區基河路15號,0,0,1,1,B02,6,3,5,50,14,9,1,4,4,5,7,4,4,5,4,5,2,17,1,34,3,10,1,1,7,1,1,8,1,4,,19,,1,21,8,121.5245174,25.08690618
111,12,13,18,3,2,08士林區,士林區基河路15號,0,0,1,2,C03,6,3,5,50,14,9,1,4,4,5,7,4,4,5,4,5,2,17,1,22,2,9,1,1,7,9,1,10,1,11,,44,,1,21,8,121.5245174,25.08690618
111,12,13,18,3,2,08士林區,士林區基河路15號,0,0,1,3,H03,6,3,5,50,14,9,1,4,4,5,7,4,4,5,4,5,2,17,1,30,3,10,4,5,8,21,8,20,10,16,,52,,1,21,8,121.5245174,25.08690618
111,12,13,18,11,2,11南港區,南港區三重路41巷19號,0,0,1,1,F01,6,3,5,30,14,9,1,4,4,5,7,4,4,10,5,5,2,16,1,7,2,8,1,1,7,15,8,20,2,16,,6,6,1,22,9,121.6131317,25.05991285
111,12,13,18,11,2,11南港區,南港區三重路41巷19號,0,0,1,2,B03,6,3,5,30,14,9,1,4,4,5,7,4,4,10,5,5,2,16,1,22,3,10,3,4,7,9,1,8,2,5,,23,6,1,22,9,121.6131317,25.05991285
111,12,13,18,16,2,06松山區,松山區市民大道6段與虎林街口,0,0,2,1,B03,6,3,5,40,4,1,1,4,4,5,7,2,1,3,4,5,2,12,2,45,3,10,3,4,7,5,1,8,2,8,,8,8,1,22,9,121.5760375,25.04939975
111,12,13,18,16,2,06松山區,松山區市民大道6段與虎林街口,0,0,2,2,C03,6,3,5,40,4,1,1,4,4,5,7,2,1,3,4,5,2,12,1,40,2,9,1,4,7,9,1,10,2,11,,44,8,1,22,9,121.5760375,25.04939975
111,12,13,18,16,2,06松山區,松山區市民大道6段與虎林街口,0,0,2,3,C03,6,3,5,40,4,1,1,4,4,5,7,2,1,3,4,5,2,12,1,29,2,8,1,4,7,9,1,10,2,11,,44,8,1,22,9,121.5760375,25.04939975
111,12,13,18,19,2,11南港區,南港區忠孝東路6段與東新街口,0,0,1,1,B03,6,3,5,50,4,1,1,4,4,5,7,1,1,1,4,4,2,3,1,34,3,10,1,1,7,5,1,8,2,8,,15,,1,22,9,121.5852322,25.04800883
111,12,13,18,19,2,11南港區,南港區忠孝東路6段與東新街口,0,0,1,2,H01,6,3,5,50,4,1,1,4,4,5,7,1,1,1,4,4,2,3,2,67,2,9,4,5,8,16,8,20,10,16,,67,,1,22,9,121.5852322,25.04800883
111,12,13,18,20,2,05中正區,中正區金山南路1段與杭州南路1段71巷口,0,0,1,1,B03,6,3,5,50,14,9,1,4,4,5,7,1,1,1,4,1,2,17,1,63,3,10,1,1,7,14,1,8,1,2,,38,43,1,22,9,121.5283068,25.0388301
111,12,13,18,20,2,05中正區,中正區金山南路1段與杭州南路1段71巷口,0,0,1,2,C03,6,3,5,50,14,9,1,4,4,5,7,1,1,1,4,1,2,17,1,43,2,9,1,1,7,9,1,10,1,11,,44,43,1,22,9,121.5283068,25.0388301
111,12,13,18,20,2,05中正區,中正區金山南路1段與杭州南路1段71巷口,0,0,1,3,C04,6,3,5,50,14,9,1,4,4,5,7,1,1,1,4,1,2,17,3,,,,,,,,,,,,,67,43,1,,,121.5283068,25.0388301
111,12,13,18,20,2,05中正區,中正區金山南路1段與杭州南路1段71巷口,0,0,1,4,,6,3,5,50,14,9,1,4,4,5,7,1,1,1,4,1,2,17,3,,,,,,,,,,,,,67,43,1,,,121.5283068,25.0388301
111,12,13,18,20,2,05中正區,中正區金山南路1段與杭州南路1段71巷口,0,0,1,5,H02,6,3,5,50,14,9,1,4,4,5,7,1,1,1,4,1,2,17,1,57,3,10,4,5,7,19,8,20,10,16,,67,43,1,22,9,121.5283068,25.0388301
111,12,13,18,25,2,07信義區,信義區一號道路往北,0,0,1,1,B03,6,3,5,50,14,9,4,4,4,5,7,4,4,10,3,5,2,17,1,30,3,10,1,1,7,8,1,8,2,15,,7,7,1,22,9,121.5619978,25.0371149
111,12,13,18,25,2,07信義區,信義區一號道路往北,0,0,1,2,C03,6,3,5,50,14,9,4,4,4,5,7,4,4,10,3,5,2,17,1,41,2,9,1,1,7,9,1,10,2,12,,44,7,1,22,9,121.5619978,25.0371149
111,12,13,18,29,2,03中山區,中山區龍江路342巷與五常街53巷口,0,0,2,2,C03,6,3,5,30,4,1,1,4,4,5,7,4,4,9,5,5,2,15,2,37,2,5,3,4,7,9,1,10,1,14,,14,6,1,22,9,121.5396446,25.06556266
111,12,13,18,29,2,03中山區,中山區龍江路342巷與五常街53巷口,0,0,2,1,B03,6,3,5,30,4,1,1,4,4,5,7,4,4,9,5,5,2,15,2,44,2,7,3,4,7,9,1,8,1,1,,6,6,1,22,9,121.5396446,25.06556266
111,12,13,18,35,2,06松山區,松山區南京東路3段與復興北路口,0,0,2,1,C03,6,3,5,40,4,1,1,4,4,5,7,2,1,1,3,4,2,12,1,31,2,7,1,1,7,6,1,10,1,12,,6,5,1,22,9,121.5441635,25.05194358
111,12,13,18,35,2,06松山區,松山區南京東路3段與復興北路口,0,0,2,2,C03,6,3,5,40,4,1,1,4,4,5,7,2,1,1,3,4,2,12,1,53,2,8,1,1,7,9,1,10,1,11,,44,5,1,22,9,121.5441635,25.05194358
111,12,13,18,38,2,08士林區,士林區中正路604號,0,0,2,1,C03,8,3,5,50,3,2,1,5,4,5,7,4,4,1,4,5,1,16,1,36,2,9,3,4,7,7,1,10,2,14,,7,,1,22,9,121.5095999,25.08694283
111,12,13,18,38,2,08士林區,士林區中正路604號,0,0,2,2,C03,8,3,5,50,3,2,1,5,4,5,7,4,4,1,4,5,1,16,1,29,2,9,3,4,7,9,1,10,2,11,,44,,1,22,9,121.5095999,25.08694283
111,12,13,18,43,2,10文山區,文山區興隆路4段與興隆路4段115巷口,0,0,1,1,B02,6,3,5,50,14,9,2,4,4,5,7,4,4,1,4,5,2,17,1,54,3,10,3,4,7,5,1,4,2,2,,6,6,1,22,9,121.5611539,24.98607005
111,12,13,18,43,2,10文山區,文山區興隆路4段與興隆路4段115巷口,0,0,1,2,C03,6,3,5,50,14,9,2,4,4,5,7,4,4,1,4,5,2,17,1,18,2,9,1,4,7,9,1,10,2,12,,13,6,1,22,9,121.5611539,24.98607005
111,12,13,18,54,2,01大同區,大同區環河北路1段與民生西路口,0,0,3,3,C03,6,3,5,50,4,2,1,4,4,5,7,2,1,1,4,4,2,15,1,42,2,9,3,4,7,9,1,10,2,11,,44,42,1,22,9,121.5083453,25.05689666
111,12,13,18,54,2,01大同區,大同區環河北路1段與民生西路口,0,0,3,4,H02,6,3,5,50,4,2,1,4,4,5,7,2,1,1,4,4,2,15,2,19,2,9,3,4,7,21,8,20,10,16,,67,42,1,22,9,121.5083453,25.05689666
111,12,13,18,54,2,01大同區,大同區環河北路1段與民生西路口,0,0,3,1,C03,6,3,5,50,4,2,1,4,4,5,7,2,1,1,4,4,2,15,1,20,2,9,3,4,7,9,1,10,2,11,,42,42,1,22,9,121.5083453,25.05689666
111,12,13,18,54,2,01大同區,大同區環河北路1段與民生西路口,0,0,3,2,C03,6,3,5,50,4,2,1,4,4,5,7,2,1,1,4,4,2,15,1,25,3,10,3,4,7,9,1,10,2,13,,44,42,1,22,9,121.5083453,25.05689666
111,12,13,18,55,2,04大安區,大安區羅斯福路4段1號,0,0,1,1,C03,6,3,5,50,14,9,1,4,4,5,7,4,4,1,4,5,2,13,2,19,3,10,3,4,7,9,1,10,1,11,,16,16,1,22,9,121.5349099,25.01436472
111,12,13,18,55,2,04大安區,大安區羅斯福路4段1號,0,0,1,2,C03,6,3,5,50,14,9,1,4,4,5,7,4,4,1,4,5,2,13,1,35,2,9,3,4,7,9,1,10,1,13,,44,16,1,22,9,121.5349099,25.01436472
111,12,13,19,0,2,07信義區,信義區基隆路1段147巷與基隆路1段口,0,0,2,1,C03,6,3,5,50,3,2,1,4,4,5,7,4,4,10,4,5,2,17,2,27,2,1,1,1,7,9,1,10,1,14,,42,44,1,22,9,121.5655034,25.0426224
111,12,13,19,0,2,07信義區,信義區基隆路1段147巷與基隆路1段口,0,0,2,2,C03,6,3,5,50,3,2,1,4,4,5,7,4,4,10,4,5,2,17,1,51,2,7,1,1,7,9,1,10,1,14,,42,44,1,22,9,121.5655034,25.0426224
111,12,13,19,0,2,07信義區,信義區基隆路1段147巷與基隆路1段口,0,0,2,3,,6,3,5,50,3,2,1,4,4,5,7,4,4,10,4,5,2,17,3,,,,,,,,,,,,,67,44,1,,,121.5655034,25.0426224
111,12,13,19,1,2,09北投區,北投區大業路與承德路7段口,0,0,1,1,B03,6,3,5,50,5,2,1,4,4,5,7,2,1,1,4,5,2,16,2,47,3,10,1,1,7,5,1,8,2,4,,8,8,1,22,9,121.4999521,25.1208018
111,12,13,19,1,2,09北投區,北投區大業路與承德路7段口,0,0,1,2,C03,6,3,5,50,5,2,1,4,4,5,7,2,1,1,4,5,2,16,1,73,2,9,1,1,7,5,1,10,2,12,,17,8,1,22,9,121.4999521,25.1208018
111,12,13,19,4,2,09北投區,北投區大業路527巷39弄旁地下道,0,0,1,1,B03,8,3,5,50,14,9,1,5,4,5,7,4,4,5,5,5,2,11,1,77,3,10,1,1,7,6,1,8,11,4,,4,17,2,22,9,121.4905083,25.13725687
111,12,13,19,4,2,09北投區,北投區大業路527巷39弄旁地下道,0,0,1,2,C03,8,3,5,50,14,9,1,5,4,5,7,4,4,5,5,5,2,11,1,39,2,7,1,1,7,9,1,10,1,14,,44,17,1,22,9,121.4905083,25.13725687
111,12,13,19,5,2,08士林區,士林區文林路與文林路404巷口,0,0,2,1,F01,6,3,5,50,3,2,1,4,4,5,7,4,4,5,4,5,2,17,1,56,2,9,1,1,7,1,8,20,1,16,,6,6,1,22,9,121.5248898,25.0939863
111,12,13,19,5,2,08士林區,士林區文林路與文林路404巷口,0,0,2,2,C03,6,3,5,50,3,2,1,4,4,5,7,4,4,5,4,5,2,17,1,56,2,9,1,1,7,9,1,10,1,11,,44,6,1,22,9,121.5248898,25.0939863
111,12,13,19,10,2,12內湖區,內湖區基湖路與基湖路35巷口,0,0,1,1,B01,6,3,5,50,3,2,1,4,4,5,7,1,1,5,4,5,2,3,1,65,3,10,1,1,7,5,1,4,2,1,,15,15,1,22,9,121.5648795,25.07996313
111,12,13,19,10,2,12內湖區,內湖區基湖路與基湖路35巷口,0,0,1,2,H01,6,3,5,50,3,2,1,4,4,5,7,1,1,5,4,5,2,3,2,34,2,7,4,5,8,16,8,20,10,16,,67,15,1,22,9,121.5648795,25.07996313
111,12,13,19,19,2,06松山區,松山區八德路2段與敦化北路口,0,0,1,1,C03,6,3,5,50,4,1,1,4,4,5,7,1,2,5,4,5,2,18,2,45,2,7,1,1,7,9,1,10,1,12,,42,42,1,22,9,121.548678,25.0481911
111,12,13,19,19,2,06松山區,松山區八德路2段與敦化北路口,0,0,1,2,,6,3,5,50,4,1,1,4,4,5,7,1,2,5,4,5,2,18,3,,,,,,,,,,,,,67,42,1,,,121.548678,25.0481911
111,12,13,19,19,2,06松山區,松山區八德路2段與敦化北路口,0,0,1,3,H03,6,3,5,50,4,1,1,4,4,5,7,1,2,5,4,5,2,18,1,41,3,10,4,5,8,20,8,20,10,16,,67,,1,22,9,121.548678,25.0481911
111,12,13,19,40,2,07信義區,信義區忠孝東路5段15巷15號與忠孝東路5段71巷12弄口,0,0,1,1,B03,6,3,5,30,3,1,1,4,4,5,7,4,4,10,5,5,2,9,1,35,3,10,1,1,7,9,1,8,1,8,,42,42,1,22,9,121.5658659,25.04210743
111,12,13,19,40,2,07信義區,信義區忠孝東路5段15巷15號與忠孝東路5段71巷12弄口,0,0,1,2,H01,6,3,5,30,3,1,1,4,4,5,7,4,4,10,5,5,2,9,2,47,2,8,4,5,8,16,8,20,10,16,,67,42,1,22,9,121.5658659,25.04210743
111,12,13,19,50,2,12內湖區,內湖區文德路66巷52號,0,0,2,1,C03,6,3,5,50,14,9,1,4,4,5,7,4,4,9,5,5,2,13,2,48,2,9,1,1,7,9,1,10,1,11,,23,16,1,22,9,121.5817385,25.07483257
111,12,13,19,50,2,12內湖區,內湖區文德路66巷52號,0,0,2,2,C03,6,3,5,50,14,9,1,4,4,5,7,4,4,9,5,5,2,13,2,56,2,7,1,1,7,3,1,10,1,13,,18,16,1,22,9,121.5817385,25.07483257
111,12,13,19,52,2,03中山區,中山區植福路308號,0,0,2,1,C03,6,3,5,50,14,9,1,4,4,5,7,4,4,9,5,5,2,16,1,45,2,7,1,4,7,1,1,10,1,14,,19,19,1,22,9,121.5614124,25.08100032
111,12,13,19,52,2,03中山區,中山區植福路308號,0,0,2,2,C03,6,3,5,50,14,9,1,4,4,5,7,4,4,9,5,5,2,16,1,40,2,9,3,4,7,9,1,10,1,11,,21,19,1,22,9,121.5614124,25.08100032
111,12,13,19,53,2,01大同區,大同區重慶北路3段與哈密街口,0,0,1,1,B03,6,3,5,0,14,9,1,4,4,5,7,2,1,9,4,5,2,12,1,60,3,10,1,1,7,9,1,10,2,2,,23,17,1,22,9,121.5137348,25.07322149
111,12,13,19,53,2,01大同區,大同區重慶北路3段與哈密街口,0,0,1,2,C03,6,3,5,0,14,9,1,4,4,5,7,2,1,9,4,5,2,12,2,43,2,8,1,1,7,9,1,10,2,14,,44,17,1,22,9,121.5137348,25.07322149
111,12,13,19,55,2,11南港區,南港區忠孝東路6段70巷21弄8號,0,0,1,1,C03,6,3,5,30,14,9,1,4,4,5,7,4,4,10,5,5,1,1,1,30,3,10,1,1,7,9,1,10,1,11,,43,23,1,22,9,121.5846972,25.04606129
111,12,13,19,55,2,11南港區,南港區忠孝東路6段70巷21弄8號,0,0,1,2,H01,6,3,5,30,14,9,1,4,4,5,7,4,4,10,5,5,1,1,2,50,2,9,1,1,8,16,8,20,10,16,,67,23,1,22,9,121.5846972,25.04606129
111,12,13,20,12,2,03中山區,中山區林森北路與新生北路2段76巷口,0,0,2,1,C03,6,1,5,50,4,1,1,4,4,5,7,4,4,8,5,5,2,3,1,66,2,9,3,4,7,9,1,10,2,11,,23,,1,22,9,121.5255463,25.05739636