發生年度,發生月,發生日,發生時-Hours,發生分,處理別-編號,區序,肇事地點,死亡人數,2-30日死亡人數,受傷人數,當事人序號,車種,天候,光線,道路類別,速限-速度限制,道路型態,事故位置,路面狀況1,路面狀況2,路面狀況3,道路障礙1,道路障礙2,號誌1,號誌2,車道劃分-分向,車道劃分-分道1,車道劃分-分道2,車道劃分-分道3,事故類型及型態,性別,年齡,受傷程度,主要傷處,安全帽,行動電話,車輛用途,當事者行動狀態,駕駛資格情形,駕駛執照種類,飲酒情形,車輛撞擊部位1,車輛撞擊部位2,肇因碼-個別,肇因碼-主要,個人肇逃否,職業,旅次目的,座標-X,座標-Y
111,12,13,20,12,2,03中山區,中山區林森北路與新生北路2段76巷口,0,0,2,2,H01,6,1,5,50,4,1,1,4,4,5,7,4,4,8,5,5,2,3,1,71,2,9,4,5,8,16,8,20,10,16,,51,,1,22,9,121.5255463,25.05739636
111,12,13,20,15,2,01大同區,大同區延平北路3段42號,0,0,1,1,C03,6,3,5,50,14,9,1,4,4,5,7,4,4,9,4,5,2,17,2,38,3,10,1,1,7,7,1,10,1,13,,7,7,1,22,9,121.5111055,25.06472834
111,12,13,20,15,2,01大同區,大同區延平北路3段42號,0,0,1,2,C03,6,3,5,50,14,9,1,4,4,5,7,4,4,9,4,5,2,17,1,39,2,9,1,1,7,9,1,10,1,11,,44,7,1,22,9,121.5111055,25.06472834
111,12,13,20,20,2,12內湖區,內湖區潭美街靠近安康路228巷口,0,0,1,1,C03,6,3,5,40,14,9,1,4,4,5,7,4,4,5,5,5,2,11,2,28,2,9,1,1,7,9,1,10,1,11,,26,43,1,22,9,121.6044132,25.061318
111,12,13,20,20,2,12內湖區,內湖區潭美街靠近安康路228巷口,0,0,1,2,B11,6,3,5,40,14,9,1,4,4,5,7,4,4,5,5,5,2,11,2,43,3,10,1,1,7,9,1,8,2,8,,44,43,1,22,9,121.6044132,25.061318
111,12,13,20,20,2,07信義區,信義區忠孝東路5段236巷15號旁,0,0,1,1,B02,6,3,5,30,14,9,1,4,4,5,7,4,4,10,5,5,1,13,2,24,3,10,1,1,7,9,1,8,1,1,,23,23,1,22,9,121.5720024,25.0389851
111,12,13,20,20,2,07信義區,信義區忠孝東路5段236巷15號旁,0,0,1,2,C03,6,3,5,30,14,9,1,4,4,5,7,4,4,10,5,5,1,13,1,18,2,9,1,1,7,14,1,10,1,13,,44,23,1,22,9,121.5720024,25.0389851
111,12,13,20,44,2,10文山區,文山區信義快速道路(北往南中間車道),0,0,3,1,B03,6,3,5,70,14,9,2,4,4,5,7,4,4,9,4,5,2,13,1,22,3,10,3,4,7,9,1,8,1,1,,43,23,1,22,9,121.581367,25.00972068
111,12,13,20,44,2,10文山區,文山區信義快速道路(北往南中間車道),0,0,3,2,B03,6,3,5,70,14,9,2,4,4,5,7,4,4,9,4,5,2,13,2,36,3,10,3,4,7,9,1,8,1,3,,43,23,1,22,9,121.581367,25.00972068
111,12,13,20,44,2,10文山區,文山區信義快速道路(北往南中間車道),0,0,3,3,H02,6,3,5,70,14,9,2,4,4,5,7,4,4,9,4,5,2,13,2,35,2,6,3,5,7,17,8,20,10,16,,67,23,1,22,9,121.581367,25.00972068
111,12,13,20,44,2,10文山區,文山區信義快速道路(北往南中間車道),0,0,3,4,H02,6,3,5,70,14,9,2,4,4,5,7,4,4,9,4,5,2,13,2,39,2,6,3,5,7,17,8,20,10,16,,67,23,1,22,9,121.581367,25.00972068
111,12,13,20,44,2,10文山區,文山區信義快速道路(北往南中間車道),0,0,3,5,H02,6,3,5,70,14,9,2,4,4,5,7,4,4,9,4,5,2,13,2,27,2,6,3,5,7,17,8,20,10,16,,67,23,1,22,9,121.581367,25.00972068
111,12,13,21,2,2,05中正區,中正區林森北路與林森北路9巷口,0,0,1,1,C03,6,3,5,50,3,2,1,4,4,5,7,4,4,5,4,5,2,16,2,29,3,10,1,1,7,11,1,10,2,11,,26,44,1,22,9,121.5236399,25.0458297
111,12,13,21,2,2,05中正區,中正區林森北路與林森北路9巷口,0,0,1,2,C03,6,3,5,50,3,2,1,4,4,5,7,4,4,5,4,5,2,16,1,21,2,7,1,1,7,11,1,9,2,14,,44,44,1,22,9,121.5236399,25.0458297
111,12,13,21,5,2,05中正區,中正區羅斯福路3段與辛亥路1段口,0,0,1,1,C03,6,3,5,50,4,1,1,4,4,5,7,1,1,1,4,5,2,17,2,29,2,9,1,1,7,5,1,10,2,14,,8,8,1,22,9,121.5290798,25.01982124
111,12,13,21,5,2,05中正區,中正區羅斯福路3段與辛亥路1段口,0,0,1,2,B02,6,3,5,50,4,1,1,4,4,5,7,1,1,1,4,5,2,17,1,57,3,10,1,1,7,9,1,8,2,5,,44,8,1,22,9,121.5290798,25.01982124
111,12,13,21,22,2,05中正區,中正區中山南路與常德街口台大醫院前,0,0,2,1,C03,6,3,5,50,14,8,1,4,4,5,7,1,1,1,4,1,2,13,1,25,2,9,1,1,7,9,1,10,2,11,,16,16,1,22,9,121.5182854,25.04070184
111,12,13,21,22,2,05中正區,中正區中山南路與常德街口台大醫院前,0,0,2,2,C03,6,3,5,50,14,8,1,4,4,5,7,1,1,1,4,1,2,13,2,51,3,10,1,1,7,9,1,10,2,13,,44,16,1,22,9,121.5182854,25.04070184
111,12,13,21,22,2,05中正區,中正區中山南路與常德街口台大醫院前,0,0,2,3,C03,6,3,5,50,14,8,1,4,4,5,7,1,1,1,4,1,2,13,1,25,2,9,1,1,7,9,1,10,2,11,,16,16,1,23,9,121.5182854,25.04070184
111,12,13,21,29,2,03中山區,中山區中山北路1段47號,0,0,2,1,B03,6,3,5,50,14,9,1,4,4,5,7,4,4,4,3,5,2,13,2,33,3,10,3,4,7,9,1,8,1,1,,16,,1,22,9,121.52138,25.049069
111,12,13,21,29,2,03中山區,中山區中山北路1段47號,0,0,2,2,B03,6,3,5,50,14,9,1,4,4,5,7,4,4,4,3,5,2,13,2,25,2,9,3,4,7,9,1,8,1,1,,16,,1,22,9,121.52138,25.049069
111,12,13,21,29,2,03中山區,中山區中山北路1段47號,0,0,2,3,B03,6,3,5,50,14,9,1,4,4,5,7,4,4,4,3,5,2,13,1,31,2,9,3,4,7,9,1,8,1,3,,44,,1,22,9,121.52138,25.049069
111,12,13,21,39,2,03中山區,中山區民權東路2段與中原街口,0,0,1,1,C03,6,3,5,50,4,2,1,4,4,5,7,1,1,1,4,5,2,17,2,33,2,9,1,1,7,7,1,10,1,14,,43,42,1,22,9,121.528829,25.062732
111,12,13,21,39,2,03中山區,中山區民權東路2段與中原街口,0,0,1,2,B03,6,3,5,50,4,2,1,4,4,5,7,1,1,1,4,5,2,17,4,,4,11,3,4,7,15,7,19,11,15,,43,42,2,22,9,121.528829,25.062732
111,12,13,21,49,2,07信義區,信義區松智路與松壽路口,0,0,2,1,C03,6,1,5,50,4,1,1,4,4,5,7,1,1,10,4,5,2,12,1,30,2,9,1,1,7,8,1,10,1,12,,7,42,1,22,9,121.5653837,25.0359229
111,12,13,21,49,2,07信義區,信義區松智路與松壽路口,0,0,2,2,C03,6,1,5,50,4,1,1,4,4,5,7,1,1,10,4,5,2,12,1,19,2,9,1,1,7,9,1,10,1,14,,23,42,1,22,9,121.5653837,25.0359229
111,12,13,21,52,2,12內湖區,內湖區瑞光路與瑞光路7巷口,0,0,1,1,B01,6,3,5,50,3,1,1,4,4,5,7,4,4,5,4,5,2,17,1,58,3,10,1,1,7,11,1,4,1,4,,10,10,1,22,9,121.5838649,25.06929295
111,12,13,21,52,2,12內湖區,內湖區瑞光路與瑞光路7巷口,0,0,1,2,C03,6,3,5,50,3,1,1,4,4,5,7,4,4,5,4,5,2,17,2,27,2,9,1,1,7,9,1,10,1,12,,44,10,1,22,9,121.5838649,25.06929295
111,12,13,21,58,2,07信義區,信義區嘉興街322號,0,0,1,1,B03,6,3,5,50,14,9,1,4,4,5,7,4,4,9,4,5,2,13,1,44,3,10,1,1,7,1,1,8,1,1,,16,16,1,22,9,121.5543571,25.02322326
111,12,13,21,58,2,07信義區,信義區嘉興街322號,0,0,1,2,B03,6,3,5,50,14,9,1,4,4,5,7,4,4,9,4,5,2,13,2,63,2,1,1,1,7,14,1,8,1,3,,44,16,1,22,9,121.5543571,25.02322326
111,12,13,22,8,2,09北投區,北投區中央北路2段19號,0,0,1,1,C03,6,1,5,50,3,2,1,4,4,5,7,1,1,9,4,5,1,12,2,22,2,6,1,1,7,9,1,10,1,14,,16,16,1,22,9,121.4960525,25.13654378
111,12,13,22,8,2,09北投區,北投區中央北路2段19號,0,0,1,2,B03,6,1,5,50,3,2,1,4,4,5,7,1,1,9,4,5,1,12,1,39,3,10,1,1,7,14,1,8,1,6,,44,16,1,22,9,121.4960525,25.13654378
111,12,13,22,12,2,03中山區,中山區北安路與崇實路口,0,0,2,1,C03,6,3,5,50,4,1,1,4,4,5,7,2,1,1,1,5,2,11,1,35,2,9,3,4,7,5,1,10,2,14,,8,,1,22,9,121.5448667,25.0798211
111,12,13,22,12,2,03中山區,中山區北安路與崇實路口,0,0,2,2,C03,6,3,5,50,4,1,1,4,4,5,7,2,1,1,1,5,2,11,1,21,2,9,3,4,7,9,1,10,2,12,,26,,1,22,9,121.5448667,25.0798211
111,12,13,22,18,2,05中正區,中正區羅斯福路1段與南海路口,0,0,1,1,B03,6,3,5,50,4,1,1,4,4,5,7,1,1,3,4,4,2,3,2,37,3,10,1,1,7,5,1,8,2,1,,15,15,1,22,9,121.5181288,25.0327912
111,12,13,22,18,2,05中正區,中正區羅斯福路1段與南海路口,0,0,1,2,H01,6,3,5,50,4,1,1,4,4,5,7,1,1,3,4,4,2,3,2,28,2,9,4,5,8,16,8,20,1,16,,67,15,1,22,9,121.5181288,25.0327912
111,12,13,22,19,2,04大安區,大安區基隆路3段155巷與基隆路4段41巷68弄口,0,0,1,1,A12,6,3,5,30,4,1,1,4,4,5,7,4,4,4,3,5,2,17,1,42,3,10,1,1,7,5,1,6,1,8,,8,6,1,22,9,121.5439614,25.014003
111,12,13,22,19,2,04大安區,大安區基隆路3段155巷與基隆路4段41巷68弄口,0,0,1,2,C03,6,3,5,30,4,1,1,4,4,5,7,4,4,4,3,5,2,17,1,40,2,9,1,1,7,9,1,10,1,11,,23,6,1,22,9,121.5439614,25.014003
111,12,13,22,56,2,11南港區,南港區忠孝東路7段與忠孝東路7段415巷口,0,0,1,1,C03,6,3,5,50,4,2,1,4,4,5,7,1,1,1,4,4,2,20,2,29,2,8,1,1,7,9,1,10,1,11,,43,23,1,22,9,121.6092546,25.0522839
111,12,13,22,56,2,11南港區,南港區忠孝東路7段與忠孝東路7段415巷口,0,0,1,2,,6,3,5,50,4,2,1,4,4,5,7,1,1,1,4,4,2,20,3,,,,,,,,,,,,,67,23,1,,,121.6092546,25.0522839
111,12,13,23,24,2,04大安區,大安區仁愛路4段345巷5弄與延吉街口,0,0,1,1,C03,6,3,5,30,4,1,1,4,4,5,7,4,4,10,5,5,2,15,1,25,2,9,1,1,7,9,1,10,1,11,,6,6,1,22,9,121.555273,25.0385119
111,12,13,23,24,2,04大安區,大安區仁愛路4段345巷5弄與延吉街口,0,0,1,2,B01,6,3,5,30,4,1,1,4,4,5,7,4,4,10,5,5,2,15,1,50,3,10,1,1,7,9,1,4,1,4,,44,6,1,22,9,121.555273,25.0385119
111,12,13,23,39,2,08士林區,士林區前港街82巷與前港街口,0,0,1,1,B03,7,3,5,30,3,1,1,4,4,5,7,4,4,10,5,5,1,17,1,33,3,10,1,1,7,5,1,8,1,8,,6,43,1,22,9,121.5198453,25.0850037
111,12,13,23,39,2,08士林區,士林區前港街82巷與前港街口,0,0,1,2,C03,7,3,5,30,3,1,1,4,4,5,7,4,4,10,5,5,1,17,1,21,2,9,1,1,7,9,1,10,1,11,,13,43,1,22,9,121.5198453,25.0850037
111,12,14,0,36,2,01大同區,大同區承德路3段與民權西路口,0,0,2,1,C03,7,3,5,50,4,1,1,5,4,5,7,2,1,1,2,5,2,17,1,23,2,8,1,4,7,10,1,10,1,11,,7,14,1,22,9,121.5185218,25.0630002
111,12,14,0,36,2,01大同區,大同區承德路3段與民權西路口,0,0,2,2,C03,7,3,5,50,4,1,1,5,4,5,7,2,1,1,2,5,2,17,2,23,2,5,1,4,7,6,1,10,1,13,,9,14,1,22,9,121.5185218,25.0630002
111,12,14,4,0,2,07信義區,信義區信義路4段與光復南路口,0,0,1,1,B01,6,3,5,50,4,2,1,4,4,5,7,2,1,10,5,5,2,9,1,50,3,10,1,1,7,5,1,4,1,4,,15,42,1,22,9,121.5576006,25.0332769
111,12,14,4,0,2,07信義區,信義區信義路4段與光復南路口,0,0,1,2,H01,6,3,5,50,4,2,1,4,4,5,7,2,1,10,5,5,2,9,1,75,2,9,4,5,8,16,8,20,10,16,,67,42,1,22,9,121.5576006,25.0332769
111,12,14,6,10,2,04大安區,大安區辛亥路1段與羅斯福路3段口,0,0,6,1,F01,6,2,5,50,5,2,1,4,4,5,7,2,1,8,3,5,1,15,2,78,2,9,1,1,7,9,8,20,2,16,,25,25,1,22,9,121.5290872,25.019982
111,12,14,6,10,2,04大安區,大安區辛亥路1段與羅斯福路3段口,0,0,6,2,C03,6,2,5,50,5,2,1,4,4,5,7,2,1,8,3,5,1,15,1,62,2,9,1,1,7,9,1,10,2,11,,23,25,1,22,9,121.5290872,25.019982
111,12,14,6,10,2,04大安區,大安區辛亥路1段與羅斯福路3段口,0,0,6,3,C03,6,2,5,50,5,2,1,4,4,5,7,2,1,8,3,5,1,15,1,66,2,9,1,1,7,9,1,10,2,11,,23,25,1,22,9,121.5290872,25.019982
111,12,14,6,10,2,04大安區,大安區辛亥路1段與羅斯福路3段口,0,0,6,4,C03,6,2,5,50,5,2,1,4,4,5,7,2,1,8,3,5,1,15,1,19,2,9,1,1,7,9,1,10,2,11,,23,25,1,22,9,121.5290872,25.019982
111,12,14,6,10,2,04大安區,大安區辛亥路1段與羅斯福路3段口,0,0,6,5,C03,6,2,5,50,5,2,1,4,4,5,7,2,1,8,3,5,1,15,1,22,2,9,1,1,7,9,1,10,2,11,,23,25,1,22,9,121.5290872,25.019982
111,12,14,6,10,2,04大安區,大安區辛亥路1段與羅斯福路3段口,0,0,6,6,C03,6,2,5,50,5,2,1,4,4,5,7,2,1,8,3,5,1,15,2,22,2,9,1,1,7,9,1,10,2,11,,23,25,1,22,9,121.5290872,25.019982
111,12,14,6,13,2,08士林區,士林區重慶北路4段36號,0,0,1,1,A02,7,2,5,50,14,9,1,4,4,5,7,2,1,1,3,5,1,9,4,,4,11,3,4,7,15,7,19,11,15,,43,43,2,22,9,121.5133745,25.0810503
111,12,14,6,13,2,08士林區,士林區重慶北路4段36號,0,0,1,2,H01,7,2,5,50,14,9,1,4,4,5,7,2,1,1,3,5,1,9,1,51,2,9,4,5,8,16,8,20,10,16,,67,43,1,22,9,121.5133745,25.0810503
111,12,14,6,24,2,10文山區,文山區興隆路3段與辛亥路4段口,0,0,1,1,B12,6,1,5,50,4,1,1,4,4,5,7,2,1,1,2,5,2,3,1,45,3,10,1,1,7,6,1,8,2,1,,15,15,1,22,9,121.5546705,25.000991
111,12,14,6,24,2,10文山區,文山區興隆路3段與辛亥路4段口,0,0,1,2,H01,6,1,5,50,4,1,1,4,4,5,7,2,1,1,2,5,2,3,1,80,2,9,4,5,8,16,8,20,10,16,,67,15,1,22,9,121.5546705,25.000991
111,12,14,6,47,2,10文山區,文山區辛亥路7段與辛亥路7段65巷口,0,0,2,1,C03,6,1,5,40,3,2,1,4,4,5,7,4,4,5,4,4,2,3,1,53,2,9,3,4,7,9,1,10,2,11,,23,23,1,22,9,121.5541551,24.98373577
111,12,14,6,47,2,10文山區,文山區辛亥路7段與辛亥路7段65巷口,0,0,2,2,H01,6,1,5,40,3,2,1,4,4,5,7,4,4,5,4,4,2,3,1,52,2,9,4,5,8,16,8,20,10,16,,52,23,1,22,9,121.5541551,24.98373577
111,12,14,6,55,2,10文山區,文山區和平東路4段與萬美街1段口,0,0,1,1,B03,6,1,5,50,3,1,1,4,4,5,7,2,1,5,2,5,2,17,2,54,3,10,1,1,7,5,1,8,9,15,,6,27,2,22,9,121.5718767,25.0022916
111,12,14,6,55,2,10文山區,文山區和平東路4段與萬美街1段口,0,0,1,2,C03,6,1,5,50,3,1,1,4,4,5,7,2,1,5,2,5,2,17,1,57,2,8,1,1,7,9,3,18,1,14,,44,27,1,22,9,121.5718767,25.0022916
111,12,14,7,3,2,03中山區,中山區中山北路4段與北安路口,0,0,1,1,C03,7,1,5,50,14,9,1,5,4,5,7,1,1,1,4,5,2,16,2,54,2,9,1,1,7,10,4,11,1,14,,7,,1,22,9,121.5269788,25.07657569
111,12,14,7,3,2,03中山區,中山區中山北路4段與北安路口,0,0,1,2,B03,7,1,5,50,14,9,1,5,4,5,7,1,1,1,4,5,2,16,2,49,3,10,1,1,7,9,1,8,1,2,,44,,1,22,9,121.5269788,25.07657569
111,12,14,7,10,2,09北投區,北投區承德路7段168巷與承德路7段口,0,0,1,1,B03,6,1,5,30,14,9,1,4,4,5,7,4,4,9,4,5,2,16,2,63,3,10,1,1,7,9,1,8,1,1,,43,23,1,22,9,121.5081791,25.11375595
111,12,14,7,10,2,09北投區,北投區承德路7段168巷與承德路7段口,0,0,1,2,F01,6,1,5,30,14,9,1,4,4,5,7,4,4,9,4,5,2,16,2,37,2,8,1,1,7,9,8,20,1,16,,43,23,1,22,9,121.5081791,25.11375595
111,12,14,7,30,2,02萬華區,萬華區莒光路與西園路2段13巷口口,0,0,2,1,C03,7,1,5,50,3,2,1,4,4,5,7,1,1,1,3,5,1,16,1,71,2,7,3,4,7,5,1,10,1,14,,8,8,1,22,9,121.4985878,25.0308183
111,12,14,7,30,2,02萬華區,萬華區莒光路與西園路2段13巷口口,0,0,2,2,C03,7,1,5,50,3,2,1,4,4,5,7,1,1,1,3,5,1,16,1,35,2,9,3,4,7,9,1,10,1,11,,44,8,1,22,9,121.4985878,25.0308183
111,12,14,7,43,2,09北投區,北投區溫泉路62號,0,0,1,1,B03,6,1,5,30,14,9,1,4,4,5,7,4,4,10,5,5,2,17,1,71,3,10,1,1,7,11,1,8,1,15,,10,8,2,22,9,121.5043385,25.13474858
111,12,14,7,43,2,09北投區,北投區溫泉路62號,0,0,1,2,C03,6,1,5,30,14,9,1,4,4,5,7,4,4,10,5,5,2,17,2,30,2,9,1,1,7,9,1,10,1,12,,44,8,1,22,9,121.5043385,25.13474858
111,12,14,7,50,2,08士林區,士林區士東路286巷與士東路266巷5弄口,0,0,1,1,C03,8,1,5,30,3,1,1,5,4,5,7,4,4,10,5,5,2,15,2,64,2,9,1,1,7,9,1,10,11,12,,6,,1,22,9,121.5374347,25.1124738
111,12,14,7,50,2,08士林區,士林區士東路286巷與士東路266巷5弄口,0,0,1,2,B03,8,1,5,30,3,1,1,5,4,5,7,4,4,10,5,5,2,15,1,44,3,10,3,4,7,9,1,8,11,8,,44,,1,22,9,121.5374347,25.1124738
111,12,14,8,14,2,09北投區,北投區西安街2段與致遠三路口口,0,0,1,1,B03,8,1,5,50,4,1,1,5,4,5,7,2,1,1,4,5,2,17,2,40,3,10,1,1,7,5,1,8,1,4,,42,42,1,22,9,121.5114237,25.1194618
111,12,14,8,14,2,09北投區,北投區西安街2段與致遠三路口口,0,0,1,2,C03,8,1,5,50,4,1,1,5,4,5,7,2,1,1,4,5,2,17,2,27,2,9,1,1,7,9,1,10,1,12,,23,42,1,22,9,121.5114237,25.1194618
111,12,14,8,14,2,10文山區,文山區秀明路1段與秀明路1段119巷口,0,0,2,1,C03,6,1,5,50,3,2,1,4,4,5,7,1,1,1,5,4,2,16,1,47,2,8,1,1,7,11,1,10,2,13,,10,10,1,22,9,121.569798,24.9917428
111,12,14,8,14,2,10文山區,文山區秀明路1段與秀明路1段119巷口,0,0,2,2,C03,6,1,5,50,3,2,1,4,4,5,7,1,1,1,5,4,2,16,1,52,2,8,1,1,7,9,1,10,2,11,,44,10,1,22,9,121.569798,24.9917428
111,12,14,8,14,2,10文山區,文山區秀明路1段與秀明路1段119巷口,0,0,2,3,H02,6,1,5,50,3,2,1,4,4,5,7,1,1,1,5,4,2,16,1,16,4,11,4,5,7,17,8,20,10,16,,67,10,1,16,2,121.569798,24.9917428
111,12,14,8,15,2,03中山區,中山區民權東路2段48號,0,0,2,1,C03,6,1,5,50,14,9,1,4,4,5,7,2,1,1,4,5,2,13,1,45,2,9,3,4,7,9,1,10,1,11,,23,23,1,22,9,121.5302368,25.05796062
111,12,14,8,15,2,03中山區,中山區民權東路2段48號,0,0,2,2,C03,6,1,5,50,14,9,1,4,4,5,7,2,1,1,4,5,2,13,2,64,3,10,3,4,7,10,1,10,1,13,,6,23,1,22,9,121.5302368,25.05796062
111,12,14,8,15,2,03中山區,中山區民權東路2段48號,0,0,2,3,C03,6,1,5,50,14,9,1,4,4,5,7,2,1,1,4,5,2,13,1,20,2,7,3,4,7,9,1,10,1,14,,44,23,1,22,9,121.5302368,25.05796062
111,12,14,8,20,2,04大安區,大安區新生南路3段86巷與羅斯福路3段333巷口,0,0,1,1,C03,6,1,5,30,4,1,1,4,4,5,7,4,4,10,5,5,2,15,1,34,3,10,1,1,7,9,1,10,1,12,,6,6,1,22,9,121.5328538,25.01841066
111,12,14,8,20,2,04大安區,大安區新生南路3段86巷與羅斯福路3段333巷口,0,0,1,2,C03,6,1,5,30,4,1,1,4,4,5,7,4,4,10,5,5,2,15,2,61,2,9,1,1,7,9,1,10,1,11,,14,6,1,22,9,121.5328538,25.01841066
111,12,14,8,24,2,02萬華區,萬華區武昌街2段與漢中街口,0,0,1,1,B01,6,1,5,40,4,2,1,4,4,5,7,4,4,10,4,5,2,17,1,57,3,10,3,4,7,9,1,4,1,5,,6,43,1,22,9,121.5075264,25.04458967
111,12,14,8,24,2,02萬華區,萬華區武昌街2段與漢中街口,0,0,1,2,C03,6,1,5,40,4,2,1,4,4,5,7,4,4,10,4,5,2,17,1,24,2,9,3,4,7,9,1,10,1,11,,44,43,1,22,9,121.5075264,25.04458967
111,12,14,8,29,2,04大安區,大安區光復南路456巷與光復南路口,0,0,1,1,B03,6,1,5,50,4,1,1,4,4,5,7,2,1,1,4,5,1,2,1,43,3,10,3,4,7,5,1,8,1,4,,15,23,1,22,9,121.5574859,25.0353537
111,12,14,8,29,2,04大安區,大安區光復南路456巷與光復南路口,0,0,1,2,H01,6,1,5,50,4,1,1,4,4,5,7,2,1,1,4,5,1,2,1,77,2,7,4,5,8,16,8,20,10,16,,67,23,1,22,9,121.5574859,25.0353537
111,12,14,8,50,2,04大安區,大安區四維路134巷17號,0,0,1,1,B03,6,1,5,30,14,9,1,4,4,5,7,4,4,10,5,5,2,3,2,49,3,10,3,4,7,11,1,8,2,1,,10,23,1,22,9,121.54701,25.03147606
111,12,14,8,50,2,04大安區,大安區四維路134巷17號,0,0,1,2,H01,6,1,5,30,14,9,1,4,4,5,7,4,4,10,5,5,2,3,2,82,2,9,4,5,8,16,8,20,10,15,,67,23,1,22,9,121.54701,25.03147606
111,12,14,8,51,2,03中山區,中山區大直橋往北北側下橋處,0,0,1,1,B03,6,1,5,50,8,11,1,4,4,5,7,4,4,3,2,5,2,17,1,69,3,10,1,1,7,8,1,8,1,2,,7,7,1,22,9,121.5444966,25.07924517
111,12,14,8,51,2,03中山區,中山區大直橋往北北側下橋處,0,0,1,2,C03,6,1,5,50,8,11,1,4,4,5,7,4,4,3,2,5,2,17,1,47,2,9,1,1,7,9,1,10,1,12,,42,7,1,22,9,121.5444966,25.07924517
111,12,14,8,55,2,07信義區,信義區基隆路汽機車混合地下道往北,0,0,1,1,C03,6,1,5,30,14,11,1,4,4,5,7,4,4,1,2,5,2,13,1,47,2,8,1,1,7,9,1,10,1,11,,16,16,1,22,9,121.564451,25.040878
111,12,14,8,55,2,07信義區,信義區基隆路汽機車混合地下道往北,0,0,1,2,C03,6,1,5,30,14,11,1,4,4,5,7,4,4,1,2,5,2,13,1,33,3,10,1,1,7,9,1,10,1,13,,44,16,1,22,9,121.564451,25.040878
111,12,14,8,55,2,07信義區,信義區基隆路汽機車混合地下道往北,0,0,1,3,C03,6,1,5,30,14,11,1,4,4,5,7,4,4,1,2,5,2,13,1,26,3,10,1,1,7,9,1,10,1,11,,16,16,1,22,9,121.564451,25.040878
111,12,14,9,0,2,09北投區,北投區大度路3段與關渡路口,0,0,1,1,B03,8,1,5,50,14,9,1,5,4,5,7,1,1,9,4,5,2,16,1,59,3,10,1,1,7,9,1,8,1,1,,25,25,1,22,9,121.4694841,25.12285959
111,12,14,9,0,2,09北投區,北投區大度路3段與關渡路口,0,0,1,2,C03,8,1,5,50,14,9,1,5,4,5,7,1,1,9,4,5,2,16,2,32,2,8,1,1,7,6,1,10,1,12,,44,25,1,22,9,121.4694841,25.12285959
111,12,14,9,1,2,08士林區,士林區德行東路203巷與忠誠路2段21巷口,0,0,1,1,C03,6,1,5,30,4,1,1,4,4,5,3,4,4,9,5,5,2,15,2,31,2,9,1,1,7,9,1,10,1,12,,6,6,1,22,9,121.5319462,25.10957718
111,12,14,9,1,2,08士林區,士林區德行東路203巷與忠誠路2段21巷口,0,0,1,2,B03,6,1,5,30,4,1,1,4,4,5,3,4,4,9,5,5,2,15,2,40,3,10,1,1,7,9,1,8,1,1,,44,6,1,22,9,121.5319462,25.10957718
111,12,14,9,5,2,04大安區,大安區基隆路3段155巷台大癌醫中心前,0,0,2,1,C03,6,1,5,30,14,9,1,4,4,5,7,4,4,9,5,5,2,16,2,20,2,9,1,1,7,5,1,10,1,11,,8,44,1,22,9,121.5437425,25.0142813
111,12,14,9,5,2,04大安區,大安區基隆路3段155巷台大癌醫中心前,0,0,2,2,C03,6,1,5,30,14,9,1,4,4,5,7,4,4,9,5,5,2,16,1,20,2,9,1,1,7,9,1,10,1,11,,44,44,1,22,9,121.5437425,25.0142813
111,12,14,9,5,2,06松山區,松山區民權東路3段與民權東路3段175巷口,0,0,1,1,B01,6,1,5,50,4,1,1,4,4,5,7,2,1,1,3,5,2,17,1,67,4,11,3,4,7,8,7,19,11,15,,7,43,2,22,9,121.5479203,25.06212501
111,12,14,9,5,2,06松山區,松山區民權東路3段與民權東路3段175巷口,0,0,1,2,C03,6,1,5,50,4,1,1,4,4,5,7,2,1,1,3,5,2,17,1,38,2,9,1,1,7,9,1,10,1,14,,42,43,1,22,9,121.5479203,25.06212501
111,12,14,9,30,2,03中山區,中山區南京東路3段與遼寧街口,0,0,2,1,B01,6,1,5,40,4,2,1,4,4,5,7,2,1,1,4,4,2,12,1,59,3,10,3,4,7,8,1,4,1,6,,7,7,1,22,9,121.5417533,25.05179115
111,12,14,9,30,2,03中山區,中山區南京東路3段與遼寧街口,0,0,2,2,C03,6,1,5,40,4,2,1,4,4,5,7,2,1,1,4,4,2,12,1,22,2,9,3,4,7,9,1,10,1,11,,16,7,1,22,9,121.5417533,25.05179115
111,12,14,9,30,2,03中山區,中山區南京東路3段與遼寧街口,0,0,2,3,C03,6,1,5,40,4,2,1,4,4,5,7,2,1,1,4,4,2,12,1,51,2,9,3,4,7,9,1,10,1,12,,44,7,1,22,9,121.5417533,25.05179115
111,12,14,9,35,2,12內湖區,(東湖路31-1號前),0,0,1,1,B03,6,1,5,50,14,9,1,4,4,5,7,4,4,5,4,5,1,12,1,68,3,10,1,1,7,8,1,8,1,2,,23,7,1,22,9,121.6133346,25.06885531
111,12,14,9,35,2,12內湖區,(東湖路31-1號前),0,0,1,2,C03,6,1,5,50,14,9,1,4,4,5,7,4,4,5,4,5,1,12,2,21,2,9,1,1,7,9,1,10,1,14,,6,7,1,22,9,121.6133346,25.06885531
111,12,14,9,54,2,10文山區,文山區興隆路2段與興隆路2段153巷口,0,0,1,1,C03,6,1,5,50,3,1,1,4,4,5,7,2,1,1,4,4,2,17,2,53,3,10,1,1,7,7,1,10,1,13,,7,6,1,22,9,121.5484616,25.0002628