發生年度,發生月,發生日,發生時-Hours,發生分,處理別-編號,區序,肇事地點,死亡人數,2-30日死亡人數,受傷人數,當事人序號,車種,天候,光線,道路類別,速限-速度限制,道路型態,事故位置,路面狀況1,路面狀況2,路面狀況3,道路障礙1,道路障礙2,號誌1,號誌2,車道劃分-分向,車道劃分-分道1,車道劃分-分道2,車道劃分-分道3,事故類型及型態,性別,年齡,受傷程度,主要傷處,安全帽,行動電話,車輛用途,當事者行動狀態,駕駛資格情形,駕駛執照種類,飲酒情形,車輛撞擊部位1,車輛撞擊部位2,肇因碼-個別,肇因碼-主要,個人肇逃否,職業,旅次目的,座標-X,座標-Y
111,12,14,9,54,2,10文山區,文山區興隆路2段與興隆路2段153巷口,0,0,1,2,C03,6,1,5,50,3,1,1,4,4,5,7,2,1,1,4,4,2,17,1,21,2,8,1,1,7,9,1,10,1,14,,42,6,1,22,9,121.5484616,25.0002628
111,12,14,10,1,2,04大安區,大安區市民大道3段與建國南路1段口,0,0,2,1,C03,6,1,5,50,4,2,1,4,4,5,7,2,1,8,3,1,1,17,1,29,2,7,1,1,7,12,1,10,1,11,,42,23,1,5,1,121.536271,25.04465394
111,12,14,10,1,2,04大安區,大安區市民大道3段與建國南路1段口,0,0,2,2,C03,6,1,5,50,4,2,1,4,4,5,7,2,1,8,3,1,1,17,2,36,2,8,1,1,7,12,1,10,1,13,,44,23,1,5,1,121.536271,25.04465394
111,12,14,10,19,2,08士林區,士林區承德路4段與大南路口,0,0,1,1,B01,8,1,5,50,4,2,1,4,4,5,7,2,1,1,3,4,1,16,1,69,3,10,1,1,7,9,1,4,1,5,,6,6,1,22,9,121.5216298,25.0888588
111,12,14,10,19,2,08士林區,士林區承德路4段與大南路口,0,0,1,2,C03,8,1,5,50,4,2,1,4,4,5,7,2,1,1,3,4,1,16,1,78,2,9,1,1,7,9,1,10,1,14,,17,6,1,22,9,121.5216298,25.0888588
111,12,14,10,22,2,06松山區,松山區南京東路5段296號,0,0,2,1,B03,6,1,5,50,14,9,1,4,4,5,7,4,4,9,4,5,2,12,1,52,3,10,1,4,7,8,1,8,1,15,,7,7,1,22,9,121.567287,25.0513007
111,12,14,10,22,2,06松山區,松山區南京東路5段296號,0,0,2,2,C03,6,1,5,50,14,9,1,4,4,5,7,4,4,9,4,5,2,12,2,53,2,8,1,1,7,9,1,10,1,13,,44,7,1,22,9,121.567287,25.0513007
111,12,14,10,22,2,06松山區,松山區南京東路5段296號,0,0,2,3,C03,6,1,5,50,14,9,1,4,4,5,7,4,4,9,4,5,2,12,1,43,2,9,1,1,7,9,6,18,1,11,,23,7,1,22,9,121.567287,25.0513007
111,12,14,11,0,2,01大同區,大同區民權西路144巷5弄與民權西路118巷口,0,0,1,1,C03,7,1,5,30,3,1,1,4,4,5,7,4,4,9,4,5,2,17,1,42,3,10,1,1,7,6,1,10,1,11,,9,6,1,22,9,121.5168625,25.06218065
111,12,14,11,0,2,01大同區,大同區民權西路144巷5弄與民權西路118巷口,0,0,1,2,C03,7,1,5,30,3,1,1,4,4,5,7,4,4,9,4,5,2,17,2,59,2,9,1,1,7,9,1,10,1,11,,14,6,1,22,9,121.5168625,25.06218065
111,12,14,11,0,2,01大同區,大同區民權西路144巷5弄與民權西路118巷口,0,0,1,3,B12,7,1,5,30,3,1,1,4,4,5,7,4,4,9,4,5,2,17,1,49,3,10,1,1,7,15,1,8,9,15,,38,,1,22,9,121.5168625,25.06218065
111,12,14,11,0,2,08士林區,士林區大南路388巷與大南路408巷口,0,0,2,1,C03,6,1,5,30,4,1,1,4,4,5,7,4,4,10,5,5,2,15,2,51,2,9,1,1,7,9,1,10,1,11,,6,14,1,22,9,121.5162562,25.08967886
111,12,14,11,0,2,08士林區,士林區大南路388巷與大南路408巷口,0,0,2,2,C03,6,1,5,30,4,1,1,4,4,5,7,4,4,10,5,5,2,15,2,20,2,9,1,1,7,9,1,10,1,12,,44,14,1,22,9,121.5162562,25.08967886
111,12,14,11,0,2,08士林區,士林區大南路388巷與大南路408巷口,0,0,2,3,C03,6,1,5,30,4,1,1,4,4,5,7,4,4,10,5,5,2,15,2,25,4,11,3,4,7,13,1,10,11,15,,38,14,1,22,9,121.5162562,25.08967886
111,12,14,11,0,2,08士林區,士林區大南路388巷與大南路408巷口,0,0,2,4,C03,6,1,5,30,4,1,1,4,4,5,7,4,4,10,5,5,2,15,1,24,4,11,3,4,7,14,7,19,11,15,,38,14,1,22,9,121.5162562,25.08967886
111,12,14,11,22,2,06松山區,松山區南京東路5段162號,0,0,1,1,C03,6,1,5,50,14,7,1,4,4,5,7,2,1,1,4,4,2,16,2,47,3,10,1,1,7,10,1,10,1,15,,7,7,1,22,9,121.5629917,25.05134845
111,12,14,11,22,2,06松山區,松山區南京東路5段162號,0,0,1,2,C03,6,1,5,50,14,7,1,4,4,5,7,2,1,1,4,4,2,16,1,36,2,9,1,1,7,9,1,10,1,11,,44,7,1,22,9,121.5629917,25.05134845
111,12,14,11,22,2,06松山區,松山區南京東路5段162號,0,0,1,3,B01,6,1,5,50,14,7,1,4,4,5,7,2,1,1,4,4,2,16,1,62,3,10,1,1,7,14,1,8,1,15,,38,7,1,22,9,121.5629917,25.05134845
111,12,14,11,30,2,02萬華區,萬華區和平西路3段與康定路口,0,0,1,1,A02,6,1,5,50,14,9,1,4,4,5,7,2,1,3,4,5,2,9,1,51,3,10,1,4,7,1,1,2,1,15,,19,,1,22,9,121.5014386,25.03526935
111,12,14,11,30,2,02萬華區,萬華區和平西路3段與康定路口,0,0,1,2,H02,6,1,5,50,14,9,1,4,4,5,7,2,1,3,4,5,2,9,2,82,2,9,4,5,7,20,8,20,10,16,,58,,1,22,9,121.5014386,25.03526935
111,12,14,12,13,2,09北投區,北投區西安街1段277號,0,0,1,1,B01,8,1,5,50,14,9,1,5,4,5,7,4,4,9,4,5,2,13,1,50,3,10,1,1,7,12,1,8,1,15,,42,42,1,22,9,121.5169866,25.1119265
111,12,14,12,13,2,09北投區,北投區西安街1段277號,0,0,1,2,C03,8,1,5,50,14,9,1,5,4,5,7,4,4,9,4,5,2,13,1,22,2,9,1,1,7,9,1,10,1,11,,16,42,1,22,9,121.5169866,25.1119265
111,12,14,12,13,2,09北投區,北投區西安街1段277號,0,0,1,3,B03,8,1,5,50,14,9,1,5,4,5,7,4,4,9,4,5,2,13,1,45,3,10,1,1,7,9,1,8,1,15,,44,42,1,22,9,121.5169866,25.1119265
111,12,14,12,13,2,09北投區,北投區西安街1段277號,0,0,1,4,B03,8,1,5,50,14,9,1,5,4,5,7,4,4,9,4,5,2,13,3,,,,,,,,,,,,,67,42,1,,,121.5169866,25.1119265
111,12,14,12,14,2,05中正區,中正區南昌路1段與重慶南路2段7巷口,0,0,1,1,C03,6,1,5,50,5,1,1,4,4,5,7,4,4,5,4,5,2,15,2,31,2,5,1,1,7,9,1,10,2,11,,6,6,1,22,9,121.5149076,25.0343014
111,12,14,12,14,2,05中正區,中正區南昌路1段與重慶南路2段7巷口,0,0,1,2,C03,6,1,5,50,5,1,1,4,4,5,7,4,4,5,4,5,2,15,1,20,3,10,1,1,7,9,1,10,2,11,,14,6,1,22,9,121.5149076,25.0343014
111,12,14,12,15,2,09北投區,北投區明德路235號,0,0,2,1,B03,7,1,5,50,14,9,1,5,4,5,7,3,1,5,4,5,2,16,2,45,3,10,3,4,7,1,1,8,1,5,,19,,1,22,9,121.5219666,25.11320137
111,12,14,12,15,2,09北投區,北投區明德路235號,0,0,2,2,C03,7,1,5,50,14,9,1,5,4,5,7,3,1,5,4,5,2,16,1,49,2,9,3,4,7,9,1,10,1,12,,44,,1,22,9,121.5219666,25.11320137
111,12,14,12,15,2,09北投區,北投區明德路235號,0,0,2,3,H02,7,1,5,50,14,9,1,5,4,5,7,3,1,5,4,5,2,16,2,12,2,8,3,5,7,20,8,20,10,16,,67,,1,22,9,121.5219666,25.11320137
111,12,14,12,36,2,09北投區,北投區承德路7段與承德路7段32巷口,0,0,1,1,B03,8,1,5,60,3,1,1,5,4,5,7,4,4,1,4,5,2,16,2,44,3,10,1,1,7,6,1,8,1,6,,9,9,1,22,9,121.5111449,25.1110167
111,12,14,12,36,2,09北投區,北投區承德路7段與承德路7段32巷口,0,0,1,2,C03,8,1,5,60,3,1,1,5,4,5,7,4,4,1,4,5,2,16,1,36,3,10,1,1,7,9,1,9,1,15,,44,9,1,22,9,121.5111449,25.1110167
111,12,14,12,36,2,09北投區,北投區承德路7段與承德路7段32巷口,0,0,1,3,H02,8,1,5,60,3,1,1,5,4,5,7,4,4,1,4,5,2,16,2,28,2,8,4,5,7,20,8,20,10,16,,67,9,1,22,9,121.5111449,25.1110167
111,12,14,12,39,2,02萬華區,萬華區西園路1段與桂林路口,0,0,1,1,B03,6,1,5,50,4,2,1,4,4,5,7,2,1,5,4,4,1,17,1,44,4,11,3,4,7,8,7,19,11,15,,7,43,2,22,9,121.499896,25.03846887
111,12,14,12,39,2,02萬華區,萬華區西園路1段與桂林路口,0,0,1,2,C03,6,1,5,50,4,2,1,4,4,5,7,2,1,5,4,4,1,17,2,39,2,9,3,4,7,9,1,10,1,15,,44,43,1,22,9,121.499896,25.03846887
111,12,14,12,40,2,08士林區,士林區仰德大道1段11號,0,0,1,1,F01,6,1,5,0,14,9,1,4,4,5,7,4,4,4,5,5,1,16,4,,4,11,3,4,7,15,7,19,11,15,,43,43,2,22,9,121.5375963,25.10209055
111,12,14,12,40,2,08士林區,士林區仰德大道1段11號,0,0,1,2,C03,6,1,5,0,14,9,1,4,4,5,7,4,4,4,5,5,1,16,2,51,2,9,1,1,7,9,1,10,1,11,,43,43,1,22,9,121.5375963,25.10209055
111,12,14,12,54,2,02萬華區,萬華區環河快速道路(往北),0,0,1,1,B12,6,1,5,60,10,9,1,4,4,5,7,4,4,1,4,5,1,13,1,33,3,10,1,1,7,9,3,18,1,1,,23,16,1,22,9,121.5055122,25.04877141
111,12,14,12,54,2,02萬華區,萬華區環河快速道路(往北),0,0,1,2,C02,6,1,5,60,10,9,1,4,4,5,7,4,4,1,4,5,1,13,1,50,2,9,1,1,7,8,1,9,1,13,,7,16,1,22,9,121.5055122,25.04877141
111,12,14,13,14,2,07信義區,信義區基隆路1段與松壽路口,0,0,1,1,B12,6,1,5,50,4,1,1,4,4,5,7,1,1,1,4,5,2,12,1,37,3,10,1,1,7,6,1,8,1,2,,9,9,1,22,9,121.5615271,25.03595271
111,12,14,13,14,2,07信義區,信義區基隆路1段與松壽路口,0,0,1,2,C03,6,1,5,50,4,1,1,4,4,5,7,1,1,1,4,5,2,12,1,29,2,8,1,1,7,9,1,10,1,14,,44,9,1,22,9,121.5615271,25.03595271
111,12,14,13,24,2,04大安區,大安區和平東路2段18巷與辛亥路2段口,0,0,1,1,B03,6,1,5,30,3,1,1,4,4,5,7,4,4,1,4,4,2,17,1,35,3,10,1,4,7,6,1,8,1,4,,6,43,1,22,9,121.53591,25.02265872
111,12,14,13,24,2,04大安區,大安區和平東路2段18巷與辛亥路2段口,0,0,1,2,C03,6,1,5,30,3,1,1,4,4,5,7,4,4,1,4,4,2,17,2,22,2,9,1,1,7,9,1,10,1,15,,14,43,1,22,9,121.53591,25.02265872
111,12,14,13,26,2,01大同區,大同區重慶北路1段38號,0,0,1,2,C03,7,1,5,50,14,9,1,5,4,5,7,4,4,1,4,5,2,17,2,43,2,8,1,1,7,9,1,10,1,12,,44,19,1,22,9,121.5137307,25.05118863
111,12,14,13,26,2,01大同區,大同區重慶北路1段38號,0,0,1,1,B02,7,1,5,50,14,9,1,5,4,5,7,4,4,1,4,5,2,17,1,33,3,10,1,1,7,1,1,8,1,8,,19,19,2,22,9,121.5137307,25.05118863
111,12,14,13,33,2,09北投區,北投區承德路7段139號,0,0,3,1,B03,8,1,5,60,14,8,1,5,4,5,7,4,4,1,4,4,2,16,2,35,2,3,3,4,7,6,1,8,2,7,,44,,1,22,9,121.5088177,25.11263619
111,12,14,13,33,2,09北投區,北投區承德路7段139號,0,0,3,2,C03,8,1,5,60,14,8,1,5,4,5,7,4,4,1,4,4,2,16,2,19,2,9,3,4,7,9,1,10,2,12,,23,,1,22,9,121.5088177,25.11263619
111,12,14,13,33,2,09北投區,北投區承德路7段139號,0,0,3,3,H02,8,1,5,60,14,8,1,5,4,5,7,4,4,1,4,4,2,16,2,21,2,9,4,5,7,20,8,20,10,16,,67,,1,22,9,121.5088177,25.11263619
111,12,14,14,9,2,03中山區,中山區復興北路與南京東路3段口,0,0,1,1,C03,6,1,5,50,14,9,1,4,4,5,7,1,1,1,3,5,1,16,1,39,2,9,1,1,7,9,1,10,2,13,,44,,1,22,9,121.5439556,25.05186532
111,12,14,14,9,2,03中山區,中山區復興北路與南京東路3段口,0,0,1,2,B03,6,1,5,50,14,9,1,4,4,5,7,1,1,1,3,5,1,16,1,42,3,10,1,1,7,9,1,8,2,5,,23,,1,22,9,121.5439556,25.05186532
111,12,14,14,30,2,05中正區,中正區武昌街1段與延平南路口,0,0,1,1,C03,6,1,5,50,4,2,1,4,4,5,7,4,4,10,4,5,2,16,1,58,2,9,1,1,7,6,1,10,2,14,,6,6,1,22,9,121.5100322,25.0441612
111,12,14,14,30,2,05中正區,中正區武昌街1段與延平南路口,0,0,1,2,B01,6,1,5,50,4,2,1,4,4,5,7,4,4,10,4,5,2,16,1,63,3,10,1,1,7,9,1,4,2,2,,44,6,1,22,9,121.5100322,25.0441612
111,12,14,14,40,2,08士林區,士林區延平北路7段18-2號與堤外便道口側門,0,0,1,1,B03,8,1,5,30,3,2,1,5,4,5,7,3,1,10,5,5,1,16,1,66,3,10,3,4,7,6,1,8,1,7,,6,6,1,22,9,121.5003912,25.09517811
111,12,14,14,40,2,08士林區,士林區延平北路7段18-2號與堤外便道口側門,0,0,1,3,B12,8,1,5,30,3,2,1,5,4,5,7,3,1,10,5,5,1,16,1,48,3,10,3,4,7,9,1,8,1,1,,13,6,1,22,9,121.5003912,25.09517811
111,12,14,14,40,2,08士林區,士林區延平北路7段18-2號與堤外便道口側門,0,0,1,2,C03,8,1,5,30,3,2,1,5,4,5,7,3,1,10,5,5,1,16,1,17,2,9,3,4,7,9,2,18,1,15,,23,6,1,22,9,121.5003912,25.09517811
111,12,14,14,45,2,03中山區,中山區市民大道3段與八德路2段174巷口,0,0,1,1,B03,6,1,5,30,3,1,1,4,4,5,7,4,4,10,4,5,2,16,1,54,3,10,1,1,7,6,1,8,1,1,,6,6,1,22,9,121.538358,25.04480441
111,12,14,14,45,2,03中山區,中山區市民大道3段與八德路2段174巷口,0,0,1,2,C03,6,1,5,30,3,1,1,4,4,5,7,4,4,10,4,5,2,16,1,40,2,9,1,1,7,9,1,10,1,14,,13,6,1,22,9,121.538358,25.04480441
111,12,14,14,54,2,07信義區,信義區松壽路2號,0,0,1,1,B02,6,1,5,50,14,9,1,4,4,5,7,4,4,9,4,5,2,11,1,66,3,10,1,1,7,5,1,8,11,2,,8,,1,22,9,121.5623243,25.0358545
111,12,14,14,54,2,07信義區,信義區松壽路2號,0,0,1,2,C03,6,1,5,50,14,9,1,4,4,5,7,4,4,9,4,5,2,11,2,38,2,9,1,1,7,9,1,10,11,11,,44,,1,22,9,121.5623243,25.0358545
111,12,14,15,0,2,03中山區,中山區中山北路2段50巷與中山北路2段口,0,0,2,1,B03,6,1,5,50,3,1,1,4,4,5,7,4,4,1,4,1,2,16,1,45,3,10,1,1,7,6,1,8,1,2,,9,9,1,22,9,121.5226079,25.0561971
111,12,14,15,0,2,03中山區,中山區中山北路2段50巷與中山北路2段口,0,0,2,2,C03,6,1,5,50,3,1,1,4,4,5,7,4,4,1,4,1,2,16,2,47,2,9,1,1,7,9,1,10,1,11,,44,9,1,22,9,121.5226079,25.0561971
111,12,14,15,0,2,03中山區,中山區中山北路2段50巷與中山北路2段口,0,0,2,3,H02,6,1,5,50,3,1,1,4,4,5,7,4,4,1,4,1,2,16,2,22,2,9,1,5,7,20,8,20,10,16,,67,9,1,22,9,121.5226079,25.0561971
111,12,14,15,10,2,03中山區,中山區長春路382號,0,0,1,1,B03,6,1,5,50,14,9,1,4,4,5,7,4,4,9,4,5,2,12,1,63,3,10,3,4,7,7,1,8,2,4,,7,7,1,22,9,121.5433188,25.05458823
111,12,14,15,10,2,03中山區,中山區長春路382號,0,0,1,2,C03,6,1,5,50,14,9,1,4,4,5,7,4,4,9,4,5,2,12,2,61,2,9,3,4,7,9,1,10,2,11,,23,7,1,22,9,121.5433188,25.05458823
111,12,14,16,9,2,08士林區,士林區光華路61巷4弄第019號電燈桿前,0,0,1,1,C03,6,1,5,30,11,9,1,4,4,5,7,4,4,10,5,5,2,18,1,20,2,9,1,1,7,9,1,10,1,14,,42,42,1,22,9,121.5382413,25.1335598
111,12,14,16,9,2,08士林區,士林區光華路61巷4弄第019號電燈桿前,0,0,1,2,,6,1,5,30,11,9,1,4,4,5,7,4,4,10,5,5,2,18,3,,,,,,,,,,,,,67,42,1,,,121.5382413,25.1335598
111,12,14,16,29,2,05中正區,中正區青島東路37號,0,0,1,1,B01,6,1,5,50,14,8,1,4,4,5,7,4,4,7,5,4,2,17,1,54,3,10,1,1,7,11,1,4,2,15,,10,44,1,22,9,121.5252964,25.0430972
111,12,14,16,29,2,05中正區,中正區青島東路37號,0,0,1,2,C03,6,1,5,50,14,8,1,4,4,5,7,4,4,7,5,4,2,17,1,43,2,9,1,1,7,9,1,10,2,12,,42,44,1,22,9,121.5252964,25.0430972
111,12,14,16,32,2,05中正區,中正區中山南路與凱達格蘭大道口西南角,0,0,1,1,B01,6,1,5,50,5,2,1,4,4,5,7,2,1,5,4,5,2,3,1,49,3,10,1,1,7,9,1,4,2,5,,23,23,1,22,9,121.5173942,25.03866886
111,12,14,16,32,2,05中正區,中正區中山南路與凱達格蘭大道口西南角,0,0,1,2,H01,6,1,5,50,5,2,1,4,4,5,7,2,1,5,4,5,2,3,2,10,2,9,4,5,8,20,8,20,10,16,,53,23,1,22,9,121.5173942,25.03866886
111,12,14,16,53,2,06松山區,松山區三民路與三民路110巷口口,0,0,1,1,B03,6,3,5,50,5,1,1,4,4,5,7,2,1,1,4,5,2,3,1,71,3,10,1,1,7,9,1,8,1,4,,15,23,2,22,9,121.5635462,25.05803384
111,12,14,16,53,2,06松山區,松山區三民路與三民路110巷口口,0,0,1,2,H01,6,3,5,50,5,1,1,4,4,5,7,2,1,1,4,5,2,3,1,82,2,9,4,1,8,16,8,20,10,16,,52,23,1,22,9,121.5635462,25.05803384
111,12,14,17,0,2,03中山區,中山區吉林路與新生北路3段25巷口,0,0,1,1,C03,6,3,5,50,4,2,1,4,4,5,7,4,4,9,4,4,2,12,1,45,2,9,3,4,7,9,1,10,2,12,,14,23,1,22,9,121.5303412,25.06438704
111,12,14,17,0,2,03中山區,中山區吉林路與新生北路3段25巷口,0,0,1,2,C03,6,3,5,50,4,2,1,4,4,5,7,4,4,9,4,4,2,12,1,33,3,10,3,4,7,5,1,10,2,14,,8,23,1,22,9,121.5303412,25.06438704
111,12,14,17,12,2,09北投區,北投區中和街515號,0,0,1,1,A02,7,3,5,50,14,9,1,5,4,5,7,4,4,9,5,5,2,9,1,45,3,10,1,1,7,12,1,2,2,1,,43,,1,22,9,121.494004,25.14529
111,12,14,17,12,2,09北投區,北投區中和街515號,0,0,1,2,H02,7,3,5,50,14,9,1,5,4,5,7,4,4,9,5,5,2,9,2,84,2,9,4,5,7,19,8,20,10,16,,67,,1,22,9,121.494004,25.14529
111,12,14,17,20,2,12內湖區,內湖區瑞光路478巷與瑞光路口,0,0,1,1,B03,6,3,5,50,4,2,1,4,4,5,7,2,1,5,4,5,2,3,1,61,3,10,1,1,7,5,1,8,2,8,,15,8,1,22,9,121.5694278,25.07868991
111,12,14,17,20,2,12內湖區,內湖區瑞光路478巷與瑞光路口,0,0,1,2,H01,6,3,5,50,4,2,1,4,4,5,7,2,1,5,4,5,2,3,1,53,2,9,4,5,8,16,8,20,10,16,,52,8,1,22,9,121.5694278,25.07868991
111,12,14,17,36,2,03中山區,中山區樂群三路與敬業一路口,0,0,1,1,B03,6,3,5,50,4,1,1,4,4,5,7,1,1,5,5,5,2,16,1,22,3,10,1,1,7,5,1,8,1,1,,8,,1,22,9,121.5523009,25.0827258
111,12,14,17,36,2,03中山區,中山區樂群三路與敬業一路口,0,0,1,2,C03,6,3,5,50,4,1,1,4,4,5,7,1,1,5,5,5,2,16,1,27,2,9,1,1,7,9,1,10,1,14,,44,,1,22,9,121.5523009,25.0827258
111,12,14,17,39,2,06松山區,松山區復興北路31號加油站前,0,0,1,2,C03,6,3,5,50,14,9,1,4,4,5,7,4,4,3,4,5,2,17,1,55,2,9,1,4,7,9,1,10,1,11,,23,42,1,22,9,121.5440733,25.04949806
111,12,14,17,39,2,06松山區,松山區復興北路31號加油站前,0,0,1,1,B12,6,3,5,50,14,9,1,4,4,5,7,4,4,3,4,5,2,17,1,72,3,10,3,4,7,9,6,8,9,15,,42,42,1,22,9,121.5440733,25.04949806
111,12,14,17,50,2,12內湖區,內湖區東湖路與康樂街口,0,0,1,1,B03,6,3,5,50,4,1,1,4,4,5,7,2,1,9,4,5,2,16,1,39,3,10,1,1,7,9,1,8,2,5,,25,25,1,22,9,121.6175828,25.0678821
111,12,14,17,50,2,12內湖區,內湖區東湖路與康樂街口,0,0,1,2,C03,6,3,5,50,4,1,1,4,4,5,7,2,1,9,4,5,2,16,1,61,2,7,1,1,7,9,3,18,2,11,,44,25,1,22,9,121.6175828,25.0678821
111,12,14,17,54,2,04大安區,大安區杭州南路2段與愛國東路口,0,0,1,1,C03,6,1,5,50,4,1,1,4,4,5,7,2,1,10,5,5,2,16,1,22,2,9,1,4,7,5,1,10,1,14,,8,17,1,22,9,121.5225563,25.0322557
111,12,14,17,54,2,04大安區,大安區杭州南路2段與愛國東路口,0,0,1,2,B03,6,1,5,50,4,1,1,4,4,5,7,2,1,10,5,5,2,16,1,35,3,10,3,4,7,9,1,8,1,6,,44,17,1,22,9,121.5225563,25.0322557
111,12,14,18,0,2,12內湖區,內湖區內湖路1段120巷與內湖路1段口,0,0,1,1,B03,6,3,5,50,4,2,1,4,4,5,7,2,1,9,4,4,2,16,1,44,3,10,1,1,7,6,1,8,1,5,,6,6,1,22,9,121.5635524,25.08311294
111,12,14,18,0,2,12內湖區,內湖區內湖路1段120巷與內湖路1段口,0,0,1,2,C03,6,3,5,50,4,2,1,4,4,5,7,2,1,9,4,4,2,16,1,53,2,8,1,1,7,5,1,10,1,14,,8,6,1,22,9,121.5635524,25.08311294
111,12,14,18,2,2,06松山區,松山區復興北路與五常街口,0,0,1,1,B03,6,3,5,50,3,1,1,4,4,5,7,2,1,1,4,5,2,17,2,46,3,10,3,4,7,5,1,8,2,6,,6,6,1,22,9,121.5443582,25.0643304
111,12,14,18,2,2,06松山區,松山區復興北路與五常街口,0,0,1,2,C03,6,3,5,50,3,1,1,4,4,5,7,2,1,1,4,5,2,17,1,34,2,9,3,4,7,9,1,10,2,11,,44,6,1,22,9,121.5443582,25.0643304
111,12,14,18,6,2,02萬華區,萬華區西藏路與寶興街口,0,0,2,1,C03,6,3,5,50,5,1,1,4,4,5,7,2,1,1,4,5,2,12,1,38,2,8,1,1,7,5,1,10,1,14,,8,8,1,22,9,121.4922798,25.02845448
111,12,14,18,6,2,02萬華區,萬華區西藏路與寶興街口,0,0,2,2,C03,6,3,5,50,5,1,1,4,4,5,7,2,1,1,4,5,2,12,2,37,2,9,1,1,7,9,1,10,1,11,,23,8,1,22,9,121.4922798,25.02845448
111,12,14,18,29,2,02萬華區,萬華區西園路2段與莒光路口,0,0,2,1,C03,6,1,5,50,3,1,1,4,4,5,7,2,1,1,4,5,2,12,1,58,2,9,1,1,7,9,3,18,1,14,,44,23,1,22,9,121.496851,25.030977
111,12,14,18,29,2,02萬華區,萬華區西園路2段與莒光路口,0,0,2,2,C03,6,1,5,50,3,1,1,4,4,5,7,2,1,1,4,5,2,12,1,20,2,7,1,1,7,6,1,10,1,12,,9,23,1,22,9,121.496851,25.030977
111,12,14,18,29,2,04大安區,大安區杭州南路2段91號,0,0,2,1,C03,6,3,5,50,14,9,1,4,4,5,7,4,4,9,5,5,2,13,2,61,2,9,1,1,7,9,1,10,1,11,,16,16,1,22,9,121.5218939,25.0286555
111,12,14,18,29,2,04大安區,大安區杭州南路2段91號,0,0,2,2,C03,6,3,5,50,14,9,1,4,4,5,7,4,4,9,5,5,2,13,2,52,2,9,1,1,7,9,1,10,1,13,,44,16,1,22,9,121.5218939,25.0286555
111,12,14,18,44,2,06松山區,松山區市民大道4段299號,0,0,1,1,C03,6,3,5,40,14,9,1,4,4,5,7,1,1,1,4,5,2,13,2,26,2,8,1,1,7,9,1,10,1,11,,23,23,1,22,9,121.5566915,25.04502732
111,12,14,18,44,2,06松山區,松山區市民大道4段299號,0,0,1,2,B03,6,3,5,40,14,9,1,4,4,5,7,1,1,1,4,5,2,13,1,36,3,10,1,1,7,6,1,8,1,7,,44,23,1,22,9,121.5566915,25.04502732
111,12,14,18,45,2,01大同區,大同區鄭州路與西寧北路口,0,0,1,1,B01,6,3,5,40,4,1,1,4,4,5,7,2,1,10,4,5,2,16,1,61,3,10,3,4,7,9,1,4,1,5,,26,42,1,22,9,121.5082021,25.0506052
111,12,14,18,45,2,01大同區,大同區鄭州路與西寧北路口,0,0,1,2,C03,6,3,5,40,4,1,1,4,4,5,7,2,1,10,4,5,2,16,2,28,2,9,3,4,7,5,1,10,1,14,,8,42,1,22,9,121.5082021,25.0506052
111,12,14,18,51,2,06松山區,松山區三民路180巷9號,0,0,1,1,B03,6,3,5,30,14,9,1,4,4,5,7,4,4,10,5,5,2,17,1,55,3,10,1,1,7,13,5,8,1,4,,40,,1,22,9,121.5635453,25.06233583
111,12,14,18,51,2,06松山區,松山區三民路180巷9號,0,0,1,2,C03,6,3,5,30,14,9,1,4,4,5,7,4,4,10,5,5,2,17,1,49,2,9,1,1,7,9,1,10,1,12,,44,,1,22,9,121.5635453,25.06233583
111,12,14,18,52,2,05中正區,中正區中華路1段與衡陽路口,0,0,2,1,H01,6,3,5,50,5,1,1,4,4,5,7,1,1,1,4,5,2,3,1,74,2,9,4,5,8,16,8,20,10,16,,52,67,1,22,9,121.5085378,25.0423372
111,12,14,18,52,2,05中正區,中正區中華路1段與衡陽路口,0,0,2,2,C03,6,3,5,50,5,1,1,4,4,5,7,1,1,1,4,5,2,3,1,29,2,7,1,1,7,9,1,10,2,12,,15,67,1,22,9,121.5085378,25.0423372
111,12,14,18,54,2,04大安區,大安區臥龍街與辛亥路3段157巷口,0,0,2,1,C03,6,3,5,40,5,1,1,4,4,5,7,2,1,6,3,5,1,16,1,19,2,9,1,1,7,5,1,10,1,11,,8,8,1,22,9,121.5509274,25.01831684
111,12,14,18,54,2,04大安區,大安區臥龍街與辛亥路3段157巷口,0,0,2,2,C03,6,3,5,40,5,1,1,4,4,5,7,2,1,6,3,5,1,16,1,29,2,9,1,1,7,9,1,10,1,14,,44,8,1,22,9,121.5509274,25.01831684
111,12,14,19,2,2,03中山區,中山區八德路2段與八德路2段210巷口,0,0,2,1,C03,6,3,5,50,4,1,1,4,4,5,7,2,1,9,4,5,2,16,2,43,2,9,3,4,7,5,1,10,1,12,,8,8,1,22,9,121.539143,25.04645736
111,12,14,19,2,2,03中山區,中山區八德路2段與八德路2段210巷口,0,0,2,2,C03,6,3,5,50,4,1,1,4,4,5,7,2,1,9,4,5,2,16,1,47,2,9,3,4,7,9,1,10,1,11,,13,8,1,22,9,121.539143,25.04645736