發生年度,發生月,發生日,發生時-Hours,發生分,處理別-編號,區序,肇事地點,死亡人數,2-30日死亡人數,受傷人數,當事人序號,車種,天候,光線,道路類別,速限-速度限制,道路型態,事故位置,路面狀況1,路面狀況2,路面狀況3,道路障礙1,道路障礙2,號誌1,號誌2,車道劃分-分向,車道劃分-分道1,車道劃分-分道2,車道劃分-分道3,事故類型及型態,性別,年齡,受傷程度,主要傷處,安全帽,行動電話,車輛用途,當事者行動狀態,駕駛資格情形,駕駛執照種類,飲酒情形,車輛撞擊部位1,車輛撞擊部位2,肇因碼-個別,肇因碼-主要,個人肇逃否,職業,旅次目的,座標-X,座標-Y
111,12,14,19,6,2,12內湖區,內湖區大湖山莊街219巷46號,0,0,2,1,C03,6,3,5,30,14,9,1,4,4,5,7,4,4,10,5,5,2,12,1,27,2,9,1,1,7,5,1,10,1,11,,8,8,1,22,9,121.6000564,25.08967281
111,12,14,19,6,2,12內湖區,內湖區大湖山莊街219巷46號,0,0,2,2,C03,6,3,5,30,14,9,1,4,4,5,7,4,4,10,5,5,2,12,2,33,2,7,1,1,7,9,1,10,1,11,,44,8,1,22,9,121.6000564,25.08967281
111,12,14,19,12,2,12內湖區,內湖區新湖二路與行善路口,0,0,1,1,A04,6,3,5,50,4,1,1,4,4,5,7,1,1,1,2,4,1,3,1,53,3,10,1,1,7,5,1,2,1,1,,15,8,1,22,9,121.5857347,25.06484375
111,12,14,19,12,2,12內湖區,內湖區新湖二路與行善路口,0,0,1,2,H01,6,3,5,50,4,1,1,4,4,5,7,1,1,1,2,4,1,3,2,22,2,9,4,5,8,16,8,20,1,16,,67,8,1,22,9,121.5857347,25.06484375
111,12,14,19,24,2,02萬華區,萬華區堤外便道機車道近093燈桿,0,0,3,1,C03,6,3,7,40,14,11,1,4,4,5,7,4,4,10,5,5,1,13,1,32,2,9,1,4,7,9,1,10,1,11,,42,43,1,22,9,121.5051899,25.04854379
111,12,14,19,24,2,02萬華區,萬華區堤外便道機車道近093燈桿,0,0,3,2,C03,6,3,7,40,14,11,1,4,4,5,7,4,4,10,5,5,1,13,2,52,2,9,1,4,7,9,1,10,1,11,,44,43,1,22,9,121.5051899,25.04854379
111,12,14,19,24,2,02萬華區,萬華區堤外便道機車道近093燈桿,0,0,3,3,H02,6,3,7,40,14,11,1,4,4,5,7,4,4,10,5,5,1,13,2,51,2,9,1,5,7,20,8,20,10,16,,67,43,1,22,9,121.5051899,25.04854379
111,12,14,19,42,2,03中山區,中山區吉林路與民生東路2段口,0,0,2,1,C03,6,3,5,50,4,1,1,4,4,5,7,1,1,5,4,5,2,1,1,33,2,9,1,1,7,9,1,10,1,11,,15,23,1,22,9,121.5301581,25.05799153
111,12,14,19,42,2,03中山區,中山區吉林路與民生東路2段口,0,0,2,2,H01,6,3,5,50,4,1,1,4,4,5,7,1,1,5,4,5,2,1,2,76,2,9,4,5,8,16,8,20,10,16,,52,23,1,22,9,121.5301581,25.05799153
111,12,14,19,47,2,05中正區,中正區天津街與市民大道2段口,0,0,1,1,B03,6,3,5,40,4,1,1,4,4,5,7,2,1,1,4,5,2,15,1,59,3,10,1,1,7,1,1,8,2,2,,25,25,1,22,9,121.522378,25.04782265
111,12,14,19,47,2,05中正區,中正區天津街與市民大道2段口,0,0,1,2,C03,6,3,5,40,4,1,1,4,4,5,7,2,1,1,4,5,2,15,2,38,2,9,1,1,7,9,1,10,2,11,,14,25,1,22,9,121.522378,25.04782265
111,12,14,20,30,2,09北投區,北投區中和街398巷與中和街口口,0,0,1,2,C03,7,3,5,30,3,1,1,4,4,5,7,3,1,9,4,5,2,16,1,19,2,9,1,1,7,9,1,10,1,11,,43,8,1,22,9,121.4981603,25.14339359
111,12,14,20,30,2,09北投區,北投區中和街398巷與中和街口口,0,0,1,1,B03,7,3,5,30,3,1,1,4,4,5,7,3,1,9,4,5,2,16,1,69,3,10,1,1,7,5,1,8,1,5,,43,8,1,22,9,121.4981603,25.14339359
111,12,14,20,30,2,12內湖區,內湖區堤外便道西向東,0,0,2,1,C03,6,3,5,50,14,9,1,4,4,2,7,4,4,5,5,5,2,17,2,52,2,8,1,1,7,9,1,10,1,13,,44,23,1,22,9,121.6145093,25.06544264
111,12,14,20,30,2,12內湖區,內湖區堤外便道西向東,0,0,2,2,C03,6,3,5,50,14,9,1,4,4,2,7,4,4,5,5,5,2,17,2,32,2,5,1,1,7,9,1,10,1,11,,16,23,1,22,9,121.6145093,25.06544264
111,12,14,20,30,2,12內湖區,內湖區堤外便道西向東,0,0,2,3,C03,6,3,5,50,14,9,1,4,4,2,7,4,4,5,5,5,2,17,2,52,3,10,1,1,7,9,1,10,11,15,,30,23,1,22,9,121.6145093,25.06544264
111,12,14,20,39,2,03中山區,中山區新生北路2段與新生北路2段101巷口,0,0,1,1,B03,6,3,5,50,3,2,1,4,4,5,7,1,1,1,4,5,2,16,1,56,3,10,3,4,7,6,1,8,1,6,,9,9,1,22,9,121.5277969,25.0574282
111,12,14,20,39,2,03中山區,中山區新生北路2段與新生北路2段101巷口,0,0,1,2,C03,6,3,5,50,3,2,1,4,4,5,7,1,1,1,4,5,2,16,2,32,2,9,3,4,7,9,1,10,1,11,,44,9,1,22,9,121.5277969,25.0574282
111,12,14,20,42,2,03中山區,中山區長安東路1段18號,0,0,2,1,H01,6,3,5,50,14,9,1,4,4,5,7,4,4,9,4,5,2,3,1,45,2,9,4,5,8,16,8,20,10,16,,51,51,1,22,9,121.5236351,25.0493594
111,12,14,20,42,2,03中山區,中山區長安東路1段18號,0,0,2,2,C03,6,3,5,50,14,9,1,4,4,5,7,4,4,9,4,5,2,3,1,29,2,9,1,1,7,9,1,10,1,11,,23,51,1,22,9,121.5236351,25.0493594
111,12,14,20,42,2,04大安區,大安區和平東路1段與和平東路1段41巷口,0,0,1,1,B03,6,1,5,50,3,1,1,4,4,5,7,2,1,1,5,5,2,15,2,48,3,10,1,1,7,11,1,8,1,5,,10,10,1,22,9,121.5239467,25.0269228
111,12,14,20,42,2,04大安區,大安區和平東路1段與和平東路1段41巷口,0,0,1,2,C03,6,1,5,50,3,1,1,4,4,5,7,2,1,1,5,5,2,15,1,18,2,9,1,1,7,9,1,10,1,11,,13,10,1,22,9,121.5239467,25.0269228
111,12,14,21,20,2,05中正區,中正區仁愛路1段與林森南路口,0,0,1,1,B03,6,3,5,50,4,1,1,4,4,5,7,1,1,9,4,5,2,12,1,37,3,10,1,1,7,8,1,8,2,2,,7,7,1,22,9,121.5215113,25.0385239
111,12,14,21,20,2,05中正區,中正區仁愛路1段與林森南路口,0,0,1,2,C03,6,3,5,50,4,1,1,4,4,5,7,1,1,9,4,5,2,12,1,32,2,9,1,1,7,9,1,10,2,14,,23,7,1,22,9,121.5215113,25.0385239
111,12,14,21,20,2,05中正區,中正區仁愛路1段與林森南路口,0,0,1,3,,6,3,5,50,4,1,1,4,4,5,7,1,1,9,4,5,2,12,3,,,,,,,,,,,,,67,,1,,,121.5215113,25.0385239
111,12,14,21,38,2,09北投區,北投區中央北路4段與中央北路4段515巷口,0,0,1,1,C03,8,3,5,50,3,1,1,5,4,5,7,2,1,5,4,5,2,16,1,18,3,10,1,1,7,11,3,18,2,12,,10,,1,22,9,121.4682614,25.12817967
111,12,14,21,38,2,09北投區,北投區中央北路4段與中央北路4段515巷口,0,0,1,2,C03,8,3,5,50,3,1,1,5,4,5,7,2,1,5,4,5,2,16,1,51,2,9,1,1,7,9,1,10,2,11,,44,,1,22,9,121.4682614,25.12817967
111,12,14,22,5,2,11南港區,南港區松河街618號,0,0,1,2,C03,6,3,5,0,14,9,1,4,4,5,7,4,4,8,3,5,2,24,1,39,2,8,1,1,7,9,1,10,1,11,,23,65,1,22,9,121.600219,25.0584283
111,12,14,22,5,2,11南港區,南港區松河街618號,0,0,1,1,,6,3,5,0,14,9,1,4,4,5,7,4,4,8,3,5,2,24,3,,,,,,,,,,,,,65,65,1,,,121.600219,25.0584283
111,12,14,22,9,2,02萬華區,萬華區光復橋往台北市,0,0,1,2,C03,6,4,5,50,8,9,1,4,4,5,7,4,4,1,4,5,2,12,1,34,2,8,1,1,7,13,1,10,1,14,,42,43,1,22,9,121.4899339,25.0239528
111,12,14,22,9,2,02萬華區,萬華區光復橋往台北市,0,0,1,1,C03,6,4,5,50,8,9,1,4,4,5,7,4,4,1,4,5,2,12,4,,4,11,3,4,7,15,7,19,11,15,,43,43,2,22,9,121.4899339,25.0239528
111,12,14,22,17,2,03中山區,中山區民權東路2段69號,0,0,1,1,C03,8,3,5,50,14,9,1,4,4,5,7,4,4,1,4,5,2,17,1,43,2,9,1,1,7,9,1,10,1,14,,16,16,1,22,9,121.5312151,25.0626502
111,12,14,22,17,2,03中山區,中山區民權東路2段69號,0,0,1,2,B03,8,3,5,50,14,9,1,4,4,5,7,4,4,1,4,5,2,17,1,23,4,11,3,4,7,1,7,19,11,15,,19,16,2,22,9,121.5312151,25.0626502
111,12,14,22,25,2,07信義區,信義區中坡南路98巷與中坡南路口,0,0,1,1,C03,6,3,5,50,3,1,1,4,4,5,7,1,1,10,5,5,2,17,1,17,3,10,1,1,7,6,2,18,1,12,,9,42,1,22,9,121.5843321,25.04219
111,12,14,22,25,2,07信義區,信義區中坡南路98巷與中坡南路口,0,0,1,2,C03,6,3,5,50,3,1,1,4,4,5,7,1,1,10,5,5,2,17,2,33,2,9,1,1,7,9,1,10,1,14,,44,42,1,22,9,121.5843321,25.04219
111,12,14,22,28,2,07信義區,信義區光復南路102號對面,0,0,1,1,C03,6,3,5,50,14,9,1,4,4,5,7,4,4,1,4,5,2,18,1,40,2,9,1,1,7,9,1,10,2,14,,42,50,1,21,8,121.5577702,25.04303624
111,12,14,22,28,2,07信義區,信義區光復南路102號對面,0,0,1,2,,6,3,5,50,14,9,1,4,4,5,7,4,4,1,4,5,2,18,3,,,,,,,,,,,,,67,50,1,,,121.5577702,25.04303624
111,12,14,22,29,2,02萬華區,桂林路水門口,0,0,1,2,B03,6,3,5,50,4,1,1,4,4,5,7,1,1,1,1,5,2,16,1,26,3,10,1,1,7,9,1,8,1,7,,44,,1,22,9,121.4962725,25.0386663
111,12,14,22,29,2,02萬華區,桂林路水門口,0,0,1,1,C03,6,3,5,50,4,1,1,4,4,5,7,1,1,1,1,5,2,16,2,20,2,8,1,1,7,5,1,10,1,11,,8,,1,22,9,121.4962725,25.0386663
111,12,14,22,38,2,07信義區,信義區吳興街531號,0,0,2,2,C03,6,3,5,50,14,9,1,4,4,5,7,4,4,9,5,5,2,3,1,48,2,6,1,1,7,9,1,10,2,11,,14,51,1,22,9,121.5696627,25.0232217
111,12,14,22,38,2,07信義區,信義區吳興街531號,0,0,2,1,H01,6,3,5,50,14,9,1,4,4,5,7,4,4,9,5,5,2,3,1,51,2,9,4,5,8,16,8,20,6,16,,51,51,1,22,9,121.5696627,25.0232217
111,12,14,23,22,2,04大安區,大安區復興南路2段與復興南路2段148巷口,0,0,1,1,B01,6,3,5,50,4,2,1,4,4,5,7,2,1,1,4,4,2,17,1,61,3,10,3,4,7,11,1,4,2,2,,10,23,1,22,9,121.5434016,25.0282862
111,12,14,23,22,2,04大安區,大安區復興南路2段與復興南路2段148巷口,0,0,1,2,C03,6,3,5,50,4,2,1,4,4,5,7,2,1,1,4,4,2,17,1,20,2,9,3,4,7,9,1,10,2,11,,44,23,1,22,9,121.5434016,25.0282862
111,12,14,23,30,2,07信義區,信義區信義路4段與基隆路2段口,0,0,1,1,C03,6,3,5,50,4,1,1,4,4,5,7,2,1,1,4,5,2,12,1,28,3,10,1,1,7,5,1,10,1,14,,8,8,1,21,8,121.5597533,25.0330151
111,12,14,23,30,2,07信義區,信義區信義路4段與基隆路2段口,0,0,1,2,B03,6,3,5,50,4,1,1,4,4,5,7,2,1,1,4,5,2,12,1,43,3,10,1,1,7,9,1,8,1,5,,44,8,1,21,8,121.5597533,25.0330151
111,12,14,23,30,2,07信義區,信義區信義路4段與基隆路2段口,0,0,1,3,H02,6,3,5,50,4,1,1,4,4,5,7,2,1,1,4,5,2,12,2,23,2,9,1,5,7,20,8,20,10,16,,67,8,1,21,8,121.5597533,25.0330151
111,12,14,23,58,2,05中正區,中正區愛國西路與延平南路口,0,0,1,1,B03,8,3,5,50,5,1,1,4,4,5,7,1,1,1,4,5,2,16,1,22,3,10,1,1,7,6,1,8,2,2,,9,9,1,22,9,121.5079509,25.0365727
111,12,14,23,58,2,05中正區,中正區愛國西路與延平南路口,0,0,1,2,C03,8,3,5,50,5,1,1,4,4,5,7,1,1,1,4,5,2,16,1,19,2,9,1,1,7,9,1,10,2,11,,13,9,1,22,9,121.5079509,25.0365727
111,12,14,23,58,2,10文山區,文山區興隆路1段與景隆街口,0,0,1,1,H03,6,3,5,30,4,2,1,4,4,5,7,2,1,1,4,5,2,5,1,35,2,9,4,5,8,20,8,20,1,15,,59,59,1,22,9,121.5442476,24.9987884
111,12,14,23,58,2,10文山區,文山區興隆路1段與景隆街口,0,0,1,2,A02,6,3,5,30,4,2,1,4,4,5,7,2,1,1,4,5,2,5,1,48,3,10,1,1,7,9,1,6,1,9,,23,59,1,22,9,121.5442476,24.9987884
111,12,15,0,16,2,09北投區,北投區公館路與磺港路口,0,0,1,1,B03,6,1,5,50,4,2,1,4,4,5,7,1,1,9,4,5,1,3,1,23,3,10,1,1,7,6,1,8,2,5,,9,9,1,22,9,121.5029552,25.12265481
111,12,15,0,16,2,09北投區,北投區公館路與磺港路口,0,0,1,2,H01,6,1,5,50,4,2,1,4,4,5,7,1,1,9,4,5,1,3,1,16,2,9,4,5,8,20,8,20,10,16,,67,9,1,22,9,121.5029552,25.12265481
111,12,15,0,59,2,07信義區,信義區莊敬路與莊敬路239巷口,0,0,1,1,B03,6,3,5,50,14,18,1,4,4,5,7,2,1,9,5,4,2,3,1,52,3,10,1,1,7,5,1,8,2,1,,15,16,1,22,9,121.5623468,25.0296201
111,12,15,0,59,2,07信義區,信義區莊敬路與莊敬路239巷口,0,0,1,2,H01,6,3,5,50,14,18,1,4,4,5,7,2,1,9,5,4,2,3,1,32,2,9,4,5,8,16,8,20,10,16,,52,16,1,22,9,121.5623468,25.0296201
111,12,15,0,59,2,07信義區,信義區莊敬路與莊敬路239巷口,0,0,1,3,,6,3,5,50,14,18,1,4,4,5,7,2,1,9,5,4,2,3,3,,,,,,,,,,,,,66,16,1,,,121.5623468,25.0296201
111,12,15,1,40,2,03中山區,中山區民權西路65號,0,0,1,1,C03,6,3,5,40,14,8,1,4,4,5,7,4,4,1,4,4,2,13,2,28,2,9,3,4,7,9,1,10,2,12,,23,23,1,22,9,121.520115,25.06294309
111,12,15,1,40,2,03中山區,中山區民權西路65號,0,0,1,2,B12,6,3,5,40,14,8,1,4,4,5,7,4,4,1,4,4,2,13,1,59,3,10,3,4,7,13,1,8,9,7,,38,23,1,22,9,121.520115,25.06294309
111,12,15,3,15,2,06松山區,松山區南京東路4段與敦化北路口,0,0,2,1,A31,6,3,5,50,4,1,1,4,4,5,7,2,1,1,4,4,2,11,1,47,3,10,1,1,7,11,1,1,2,5,,10,10,1,22,9,121.5491737,25.051855
111,12,15,3,15,2,06松山區,松山區南京東路4段與敦化北路口,0,0,2,2,B01,6,3,5,50,4,1,1,4,4,5,7,2,1,1,4,4,2,11,1,60,3,10,1,1,7,9,1,4,2,4,,23,10,1,22,9,121.5491737,25.051855
111,12,15,3,15,2,06松山區,松山區南京東路4段與敦化北路口,0,0,2,3,H02,6,3,5,50,4,1,1,4,4,5,7,2,1,1,4,4,2,11,2,51,2,9,4,5,7,21,8,20,10,16,,67,10,1,22,9,121.5491737,25.051855
111,12,15,3,15,2,06松山區,松山區南京東路4段與敦化北路口,0,0,2,4,H02,6,3,5,50,4,1,1,4,4,5,7,2,1,1,4,4,2,11,2,35,2,9,4,5,7,21,8,20,10,16,,67,10,1,22,9,121.5491737,25.051855
111,12,15,5,51,2,08士林區,士林區中山北路6段35巷與福華路128巷口,0,0,1,1,B03,6,3,5,50,3,2,1,4,4,5,7,4,4,10,4,5,1,3,1,84,3,10,1,1,7,6,1,8,1,5,,15,9,1,21,8,121.5247361,25.10324938
111,12,15,5,51,2,08士林區,士林區中山北路6段35巷與福華路128巷口,0,0,1,2,H01,6,3,5,50,3,2,1,4,4,5,7,4,4,10,4,5,1,3,2,70,2,8,4,1,8,16,8,20,10,16,,51,9,1,21,8,121.5247361,25.10324938
111,12,15,6,5,2,03中山區,中山區中山北路3段與德惠街口,0,0,1,1,B01,6,3,5,50,3,1,1,4,4,5,7,1,1,1,4,1,1,2,1,43,3,10,1,1,7,5,1,4,2,1,,15,15,1,22,9,121.5223209,25.0668651
111,12,15,6,5,2,03中山區,中山區中山北路3段與德惠街口,0,0,1,2,H01,6,3,5,50,3,1,1,4,4,5,7,1,1,1,4,1,1,2,2,72,2,9,4,5,8,16,8,20,10,16,,67,15,1,22,9,121.5223209,25.0668651
111,12,15,6,13,2,01大同區,大同區台北橋機車道往三重,0,0,1,1,C03,6,1,5,50,8,11,1,4,4,5,7,4,4,10,4,1,1,17,1,18,3,10,1,4,7,7,1,10,1,13,,26,7,1,22,9,121.508417,25.06325456
111,12,15,6,13,2,01大同區,大同區台北橋機車道往三重,0,0,1,2,C03,6,1,5,50,8,11,1,4,4,5,7,4,4,10,4,1,1,17,1,18,2,8,1,4,7,9,1,10,1,11,,44,7,1,22,9,121.508417,25.06325456
111,12,15,6,45,2,02萬華區,萬華區艋舺大道22號,0,0,1,1,B03,6,1,5,50,14,9,1,4,4,5,7,4,4,1,4,5,1,17,1,39,3,10,3,4,7,9,1,8,1,8,,6,43,1,22,9,121.5049612,25.03392925
111,12,15,6,45,2,02萬華區,萬華區艋舺大道22號,0,0,1,2,C03,6,1,5,50,14,9,1,4,4,5,7,4,4,1,4,5,1,17,2,46,2,9,3,4,7,8,1,10,1,13,,7,43,1,22,9,121.5049612,25.03392925
111,12,15,7,0,2,03中山區,中山區民權東路3段2號,0,0,2,1,C03,6,1,5,50,14,9,1,4,4,5,7,4,4,1,4,5,2,12,1,31,2,9,1,4,7,8,1,10,1,12,,7,7,1,22,9,121.5376556,25.06228696
111,12,15,7,0,2,03中山區,中山區民權東路3段2號,0,0,2,2,C04,6,1,5,50,14,9,1,4,4,5,7,4,4,1,4,5,2,12,2,63,2,8,1,4,7,9,1,10,1,14,,23,7,1,22,9,121.5376556,25.06228696
111,12,15,7,3,2,09北投區,北投區大度路3段185號,0,0,2,1,C03,6,1,5,50,14,9,1,4,4,5,7,4,4,1,4,5,2,12,1,51,2,9,1,1,7,8,1,10,1,12,,7,7,1,22,9,121.4706989,25.12276699
111,12,15,7,3,2,09北投區,北投區大度路3段185號,0,0,2,2,C03,6,1,5,50,14,9,1,4,4,5,7,4,4,1,4,5,2,12,1,37,2,9,1,1,7,9,1,9,1,14,,44,7,1,22,9,121.4706989,25.12276699
111,12,15,7,35,2,10文山區,文山區木柵路3段102巷與保儀路74巷口,0,0,1,1,B03,6,1,5,30,3,1,1,4,4,5,7,4,4,10,5,5,2,3,2,51,3,10,3,4,7,5,1,8,2,1,,23,23,1,21,8,121.5677655,24.98740362
111,12,15,7,35,2,10文山區,文山區木柵路3段102巷與保儀路74巷口,0,0,1,2,H01,6,1,5,30,3,1,1,4,4,5,7,4,4,10,5,5,2,3,2,34,2,9,4,5,8,16,8,20,2,16,,67,23,1,21,8,121.5677655,24.98740362
111,12,15,7,40,2,04大安區,大安區信義路3段143號,0,0,2,1,B03,6,1,5,50,14,9,1,4,4,5,7,4,4,5,4,5,2,12,2,44,3,10,1,1,7,9,1,8,1,8,,23,44,1,22,9,121.5404882,25.0336659
111,12,15,7,40,2,04大安區,大安區信義路3段143號,0,0,2,2,C03,6,1,5,50,14,9,1,4,4,5,7,4,4,5,4,5,2,12,1,24,2,9,1,1,7,9,1,10,1,13,,44,44,1,22,9,121.5404882,25.0336659
111,12,15,7,40,2,04大安區,大安區信義路3段143號,0,0,2,3,C03,6,1,5,50,14,9,1,4,4,5,7,4,4,5,4,5,2,12,2,52,2,9,1,1,7,10,1,10,1,13,,7,44,1,22,9,121.5404882,25.0336659
111,12,15,8,0,2,01大同區,大同區長安西路100號,0,0,1,1,B03,7,1,5,50,14,9,1,4,4,5,7,4,4,5,5,5,2,16,1,70,3,10,1,1,7,7,1,8,2,8,,7,7,1,22,9,121.5187895,25.05046677
111,12,15,8,0,2,01大同區,大同區長安西路100號,0,0,1,2,C03,7,1,5,50,14,9,1,4,4,5,7,4,4,5,5,5,2,16,1,39,2,9,1,1,7,9,1,10,2,11,,44,7,1,22,9,121.5187895,25.05046677
111,12,15,8,4,2,03中山區,中山區基湖路與基湖路157巷口,0,0,2,1,C03,6,1,5,50,3,1,1,4,4,5,7,4,4,1,3,5,1,16,1,28,2,9,1,1,7,9,1,10,1,11,,23,23,1,22,9,121.5632074,25.0770045
111,12,15,8,4,2,03中山區,中山區基湖路與基湖路157巷口,0,0,2,2,B02,6,1,5,50,3,1,1,4,4,5,7,4,4,1,3,5,1,16,2,48,3,10,1,1,7,5,1,8,1,7,,6,23,1,22,9,121.5632074,25.0770045
111,12,15,8,4,2,03中山區,中山區基湖路與基湖路157巷口,0,0,2,3,C03,6,1,5,50,3,1,1,4,4,5,7,4,4,1,3,5,1,16,1,34,2,8,1,1,7,9,1,10,1,11,,44,23,1,22,9,121.5632074,25.0770045
111,12,15,8,4,2,08士林區,士林區至善路2段34號對面,0,0,1,1,B12,6,1,5,50,14,8,1,4,4,5,7,2,1,1,4,4,1,17,1,52,4,11,3,4,7,11,7,19,11,15,,10,43,2,22,9,121.5440488,25.09716631
111,12,15,8,4,2,08士林區,士林區至善路2段34號對面,0,0,1,2,C03,6,1,5,50,14,8,1,4,4,5,7,2,1,1,4,4,1,17,1,18,2,9,1,1,7,9,1,10,2,14,,13,43,1,22,9,121.5440488,25.09716631
111,12,15,8,10,2,08士林區,士林區重陽橋機慢車專用道往士林,0,0,1,1,C03,6,1,5,40,8,11,1,4,4,5,7,4,4,4,4,3,1,13,2,21,3,10,1,4,7,9,1,10,1,11,,16,16,1,22,9,121.5028707,25.08515458
111,12,15,8,10,2,08士林區,士林區重陽橋機慢車專用道往士林,0,0,1,2,C03,6,1,5,40,8,11,1,4,4,5,7,4,4,4,4,3,1,13,2,30,2,6,1,4,7,9,1,10,1,13,,44,16,1,22,9,121.5028707,25.08515458
111,12,15,8,36,2,05中正區,中正區愛國東路100號,0,0,1,1,B03,6,1,5,50,14,9,1,4,4,5,7,1,1,1,4,5,2,11,1,50,3,10,1,1,7,11,1,8,1,5,,10,10,1,22,9,121.5210256,25.0329653
111,12,15,8,36,2,05中正區,中正區愛國東路100號,0,0,1,2,C03,6,1,5,50,14,9,1,4,4,5,7,1,1,1,4,5,2,11,2,66,2,9,1,1,7,9,1,10,1,14,,44,10,1,22,9,121.5210256,25.0329653
111,12,15,8,40,2,12內湖區,內湖區成功路4段224號,0,0,1,1,C03,6,1,5,50,14,9,1,4,4,5,7,4,4,1,5,4,2,17,2,64,2,8,1,1,7,9,4,8,1,11,,16,16,1,22,9,121.5962438,25.08454836
111,12,15,8,40,2,12內湖區,內湖區成功路4段224號,0,0,1,2,A02,6,1,5,50,14,9,1,4,4,5,7,4,4,1,5,4,2,17,1,40,3,10,1,1,7,14,1,6,1,3,,44,16,1,22,9,121.5962438,25.08454836
111,12,15,8,45,2,08士林區,士林區中正路與中正路335巷口,0,0,1,1,B03,6,1,5,50,3,1,1,4,4,5,7,4,4,3,4,5,2,17,2,33,3,10,1,1,7,6,1,8,1,2,,9,,1,22,9,121.5230293,25.0946094
111,12,15,8,45,2,08士林區,士林區中正路與中正路335巷口,0,0,1,2,C03,6,1,5,50,3,1,1,4,4,5,7,4,4,3,4,5,2,17,2,19,2,7,1,1,7,9,1,10,1,14,,23,,1,22,9,121.5230293,25.0946094
111,12,15,8,48,2,01大同區,大同區重慶北路2段與保安街口,0,0,2,1,C03,6,1,5,50,4,2,1,4,4,5,7,1,1,1,4,5,2,17,1,31,3,10,1,3,7,6,1,10,2,14,,25,25,1,22,9,121.513556,25.05920642
111,12,15,8,48,2,01大同區,大同區重慶北路2段與保安街口,0,0,2,2,C03,6,1,5,50,4,2,1,4,4,5,7,1,1,1,4,5,2,17,2,39,2,9,1,1,7,9,1,10,2,12,,44,25,1,22,9,121.513556,25.05920642
111,12,15,8,48,2,01大同區,大同區重慶北路2段與保安街口,0,0,2,3,H02,6,1,5,50,4,2,1,4,4,5,7,1,1,1,4,5,2,17,2,6,2,9,1,1,7,20,8,20,10,16,,67,25,1,22,9,121.513556,25.05920642
111,12,15,8,48,2,06松山區,松山區敦化北路197號,0,0,1,1,C03,6,1,5,50,14,8,1,4,4,5,7,4,4,1,3,4,2,17,1,29,2,9,1,1,7,9,1,10,2,11,,23,23,1,22,3,121.5492243,25.05536617
111,12,15,8,48,2,06松山區,松山區敦化北路197號,0,0,1,2,A04,6,1,5,50,14,8,1,4,4,5,7,4,4,1,3,4,2,17,1,25,3,10,1,1,7,9,1,2,2,15,,44,23,1,10,4,121.5492243,25.05536617
111,12,15,9,2,2,07信義區,信義區信義路6段與信義路6段15巷口,0,0,1,1,B01,6,1,5,50,4,1,1,4,4,5,7,1,1,5,4,4,2,1,1,56,3,10,1,1,7,5,1,2,2,1,,15,15,1,22,9,121.5753127,25.0342553
111,12,15,9,2,2,07信義區,信義區信義路6段與信義路6段15巷口,0,0,1,2,H01,6,1,5,50,4,1,1,4,4,5,7,1,1,5,4,4,2,1,2,41,2,9,4,5,8,16,8,20,10,16,,67,15,1,22,9,121.5753127,25.0342553
111,12,15,9,8,2,04大安區,大安區新生南路2段與青田街7巷口,0,0,1,1,C03,6,1,5,40,3,1,1,4,4,5,7,2,1,1,4,5,2,13,2,40,2,9,1,1,7,1,1,10,1,11,,23,44,1,22,9,121.5344865,25.0282733
111,12,15,9,8,2,04大安區,大安區新生南路2段與青田街7巷口,0,0,1,2,C04,6,1,5,40,3,1,1,4,4,5,7,2,1,1,4,5,2,13,1,42,3,10,1,1,7,1,1,10,1,13,,44,44,1,22,9,121.5344865,25.0282733
111,12,15,9,15,2,04大安區,大安區羅斯福路4段113巷與基隆路4段73巷口,0,0,1,1,B03,6,1,5,30,5,1,1,4,4,5,7,4,4,5,5,5,2,16,1,54,3,10,1,1,7,5,1,8,2,8,,2,44,1,22,9,121.5407635,25.011353
111,12,15,9,15,2,04大安區,大安區羅斯福路4段113巷與基隆路4段73巷口,0,0,1,2,C03,6,1,5,30,5,1,1,4,4,5,7,4,4,5,5,5,2,16,2,61,2,9,1,1,7,4,3,18,2,12,,1,44,1,22,9,121.5407635,25.011353
111,12,15,9,20,2,01大同區,大同區承德路1段10號,0,0,1,1,C03,6,1,5,50,14,9,1,4,4,5,7,2,1,9,4,5,2,17,1,35,2,9,1,1,7,9,1,10,1,11,,16,16,1,22,9,121.5166996,25.04996875
111,12,15,9,20,2,01大同區,大同區承德路1段10號,0,0,1,3,C03,6,1,5,50,14,9,1,4,4,5,7,2,1,9,4,5,2,17,2,22,3,10,1,1,7,9,1,10,1,12,,44,16,1,22,9,121.5166996,25.04996875
111,12,15,9,20,2,01大同區,大同區承德路1段10號,0,0,1,2,C03,6,1,5,50,14,9,1,4,4,5,7,2,1,9,4,5,2,17,2,27,3,10,1,1,7,9,1,10,1,14,,16,16,1,22,9,121.5166996,25.04996875
111,12,15,9,58,2,03中山區,中山區德惠街16-1號,0,0,1,1,H01,6,1,5,50,14,9,1,4,4,5,7,4,4,5,4,5,2,3,2,56,2,8,4,5,8,16,8,20,10,16,,51,,1,22,9,121.5239978,25.06673224