發生年度,發生月,發生日,發生時-Hours,發生分,處理別-編號,區序,肇事地點,死亡人數,2-30日死亡人數,受傷人數,當事人序號,車種,天候,光線,道路類別,速限-速度限制,道路型態,事故位置,路面狀況1,路面狀況2,路面狀況3,道路障礙1,道路障礙2,號誌1,號誌2,車道劃分-分向,車道劃分-分道1,車道劃分-分道2,車道劃分-分道3,事故類型及型態,性別,年齡,受傷程度,主要傷處,安全帽,行動電話,車輛用途,當事者行動狀態,駕駛資格情形,駕駛執照種類,飲酒情形,車輛撞擊部位1,車輛撞擊部位2,肇因碼-個別,肇因碼-主要,個人肇逃否,職業,旅次目的,座標-X,座標-Y
111,12,15,9,58,2,03中山區,中山區德惠街16-1號,0,0,1,2,C03,6,1,5,50,14,9,1,4,4,5,7,4,4,5,4,5,2,3,1,19,3,10,1,4,7,9,1,10,11,11,,23,,1,22,9,121.5239978,25.06673224
111,12,15,10,15,2,05中正區,中正區南海路與南海路口56號,0,0,1,1,B01,6,1,5,30,14,9,1,4,4,5,7,1,1,10,4,5,1,17,1,64,3,10,1,1,7,8,1,4,1,2,,6,6,1,22,9,121.5122669,25.03137895
111,12,15,10,15,2,05中正區,中正區南海路與南海路口56號,0,0,1,2,C02,6,1,5,30,14,9,1,4,4,5,7,1,1,10,4,5,1,17,1,38,2,8,1,1,7,9,1,9,1,14,,13,6,1,22,9,121.5122669,25.03137895
111,12,15,10,21,2,12內湖區,內湖區環山路1段與環山路1段24巷口,0,0,1,1,B02,6,1,5,50,4,1,1,4,4,5,7,1,1,5,4,5,2,16,2,56,3,10,1,1,7,9,1,8,1,1,,25,,1,22,9,121.565528,25.0846248
111,12,15,10,21,2,12內湖區,內湖區環山路1段與環山路1段24巷口,0,0,1,2,C03,6,1,5,50,4,1,1,4,4,5,7,1,1,5,4,5,2,16,1,62,2,9,1,1,7,9,1,10,1,12,,44,,1,22,9,121.565528,25.0846248
111,12,15,10,22,2,06松山區,松山區市民大道5段與東興路口,0,0,2,1,E01,7,1,5,50,4,1,1,4,4,5,7,1,1,1,4,5,2,11,1,51,3,10,1,4,7,5,1,8,1,1,,43,8,1,22,9,121.5658036,25.0483737
111,12,15,10,22,2,06松山區,松山區市民大道5段與東興路口,0,0,2,2,C03,7,1,5,50,4,1,1,4,4,5,7,1,1,1,4,5,2,11,1,33,2,9,1,1,7,9,1,10,1,14,,25,8,1,22,9,121.5658036,25.0483737
111,12,15,10,22,2,06松山區,松山區市民大道5段與東興路口,0,0,2,3,H02,7,1,5,50,4,1,1,4,4,5,7,1,1,1,4,5,2,11,2,33,2,9,1,5,7,20,8,20,10,16,,67,8,1,22,9,121.5658036,25.0483737
111,12,15,10,43,2,06松山區,松山區民生東路5段97號,0,0,1,1,B01,6,1,5,50,14,9,1,4,4,5,7,4,4,3,4,5,2,12,1,61,3,10,3,4,7,1,1,4,1,7,,19,,1,22,9,121.5598109,25.05865982
111,12,15,10,43,2,06松山區,松山區民生東路5段97號,0,0,1,2,C03,6,1,5,50,14,9,1,4,4,5,7,4,4,3,4,5,2,12,2,23,2,7,1,4,7,9,1,10,1,11,,23,,1,22,9,121.5598109,25.05865982
111,12,15,10,45,2,08士林區,士林區福林路254巷與至善路1段口對面,0,0,1,1,B03,6,1,5,40,11,8,1,4,4,5,7,3,1,1,5,4,1,16,1,67,3,10,1,1,7,4,1,8,2,2,,17,1,1,22,9,121.5379026,25.09807532
111,12,15,10,45,2,08士林區,士林區福林路254巷與至善路1段口對面,0,0,1,2,C03,6,1,5,40,11,8,1,4,4,5,7,3,1,1,5,4,1,16,2,63,2,9,1,1,7,9,1,10,2,14,,44,1,1,22,9,121.5379026,25.09807532
111,12,15,10,52,2,06松山區,松山區敦化南路1段與八德路3段口口,0,0,1,1,B01,6,1,5,50,4,2,1,4,4,5,7,1,1,1,3,4,2,12,1,52,3,10,1,1,7,7,1,8,1,8,,7,7,1,22,9,121.5491506,25.04794367
111,12,15,10,52,2,06松山區,松山區敦化南路1段與八德路3段口口,0,0,1,2,C03,6,1,5,50,4,2,1,4,4,5,7,1,1,1,3,4,2,12,2,22,2,9,1,1,7,9,1,10,1,12,,13,7,1,22,9,121.5491506,25.04794367
111,12,15,11,13,2,03中山區,中山區民權西路68號,0,0,1,1,C03,6,1,5,50,14,7,1,4,4,5,7,4,4,1,4,2,2,13,1,41,2,9,1,1,7,9,1,10,1,11,,16,23,1,22,9,121.5200277,25.06275716
111,12,15,11,13,2,03中山區,中山區民權西路68號,0,0,1,2,B03,6,1,5,50,14,7,1,4,4,5,7,4,4,1,4,2,2,13,1,38,3,10,1,1,7,12,1,8,1,3,,44,23,1,22,9,121.5200277,25.06275716
111,12,15,12,5,2,08士林區,士林區至善路1段與臨溪路口,0,0,1,1,B03,6,1,5,50,3,2,1,4,4,5,7,2,1,5,5,5,2,16,1,60,3,10,1,1,7,6,1,8,1,5,,9,,1,22,9,121.5424359,25.09711178
111,12,15,12,5,2,08士林區,士林區至善路1段與臨溪路口,0,0,1,2,C03,6,1,5,50,3,2,1,4,4,5,7,2,1,5,5,5,2,16,2,19,2,9,1,1,7,9,1,10,1,14,,23,,1,22,9,121.5424359,25.09711178
111,12,15,12,18,2,02萬華區,萬華區環河南路1段與峨眉街口,0,0,1,1,C03,6,1,5,30,3,1,1,4,4,5,7,4,4,8,3,5,1,17,1,23,3,10,1,1,7,6,1,10,1,13,,6,6,1,22,9,121.5015229,25.0447924
111,12,15,12,18,2,02萬華區,萬華區環河南路1段與峨眉街口,0,0,1,2,C03,6,1,5,30,3,1,1,4,4,5,7,4,4,8,3,5,1,17,2,32,2,6,1,1,7,9,1,10,1,11,,44,6,1,22,9,121.5015229,25.0447924
111,12,15,12,30,2,03中山區,中山區民權東路2段50號,0,0,1,1,B12,6,1,5,50,14,9,1,4,4,5,7,4,4,1,4,5,2,12,1,37,3,10,3,4,7,1,1,8,1,8,,19,19,1,22,9,121.5306493,25.06245797
111,12,15,12,30,2,03中山區,中山區民權東路2段50號,0,0,1,2,C03,6,1,5,50,14,9,1,4,4,5,7,4,4,1,4,5,2,12,1,41,2,9,3,4,7,9,1,10,1,12,,44,19,1,22,9,121.5306493,25.06245797
111,12,15,12,36,2,02萬華區,萬華區漢中街與內江街口口,0,0,3,1,B03,6,1,5,50,15,18,1,4,4,5,7,2,1,10,5,5,2,3,1,80,3,10,3,4,7,5,1,8,1,8,,15,42,1,22,9,121.5069445,25.041416
111,12,15,12,36,2,02萬華區,萬華區漢中街與內江街口口,0,0,3,2,H01,6,1,5,50,15,18,1,4,4,5,7,2,1,10,5,5,2,3,1,49,2,7,4,5,8,16,8,20,10,16,,51,42,1,22,9,121.5069445,25.041416
111,12,15,12,36,2,02萬華區,萬華區漢中街與內江街口口,0,0,3,3,H01,6,1,5,50,15,18,1,4,4,5,7,2,1,10,5,5,2,3,2,47,2,8,4,5,8,16,8,20,10,16,,67,42,1,22,9,121.5069445,25.041416
111,12,15,12,36,2,02萬華區,萬華區漢中街與內江街口口,0,0,3,4,H01,6,1,5,50,15,18,1,4,4,5,7,2,1,10,5,5,2,3,1,23,2,8,4,5,8,16,8,20,10,16,,67,42,1,22,9,121.5069445,25.041416
111,12,15,12,40,2,02萬華區,萬華區漢口街2段與環河南路1段口,0,0,1,1,B03,6,1,5,50,3,1,1,4,4,5,7,3,1,10,3,5,1,4,1,24,3,10,3,4,7,5,1,8,1,1,,15,15,1,22,9,121.5039074,25.0464421
111,12,15,12,40,2,02萬華區,萬華區漢口街2段與環河南路1段口,0,0,1,2,H01,6,1,5,50,3,1,1,4,4,5,7,3,1,10,3,5,1,4,1,66,2,8,4,5,8,16,8,20,10,16,,67,15,1,22,9,121.5039074,25.0464421
111,12,15,12,50,2,09北投區,北投區清江路169號,0,0,1,1,C03,6,1,5,30,14,9,1,4,4,5,7,4,4,10,5,5,2,17,2,59,3,10,1,1,7,5,1,10,1,15,,27,27,1,22,9,121.5018859,25.12822828
111,12,15,12,50,2,09北投區,北投區清江路169號,0,0,1,2,C03,6,1,5,30,14,9,1,4,4,5,7,4,4,10,5,5,2,17,2,20,2,9,1,1,7,9,1,10,1,11,,16,27,1,22,9,121.5018859,25.12822828
111,12,15,13,0,2,06松山區,松山區復興北路與敦化北路4巷口,0,0,1,1,B02,6,1,5,50,4,2,1,4,4,5,7,2,1,1,4,5,2,3,1,57,3,10,1,1,7,6,1,8,1,5,,15,9,1,22,9,121.544131,25.05015167
111,12,15,13,0,2,06松山區,松山區復興北路與敦化北路4巷口,0,0,1,2,H01,6,1,5,50,4,2,1,4,4,5,7,2,1,1,4,5,2,3,2,26,2,1,4,5,8,16,8,20,10,16,,67,9,1,22,9,121.544131,25.05015167
111,12,15,13,20,2,03中山區,中山區朱崙街20號與長安東路2段153巷口,0,0,1,1,B03,6,1,5,50,3,1,1,4,4,5,7,4,4,5,5,5,2,16,2,35,3,10,3,4,7,5,1,8,1,1,,8,8,1,22,9,121.5392017,25.04998757
111,12,15,13,20,2,03中山區,中山區朱崙街20號與長安東路2段153巷口,0,0,1,2,C04,6,1,5,50,3,1,1,4,4,5,7,4,4,5,5,5,2,16,1,32,2,9,1,4,7,9,1,10,1,11,,23,8,1,22,9,121.5392017,25.04998757
111,12,15,13,30,2,11南港區,南港區忠孝東路6段與東新街口口,0,0,1,1,B03,6,1,5,50,4,1,1,4,4,5,7,2,1,1,2,5,2,13,2,62,3,10,1,1,7,1,1,8,1,1,,23,23,1,22,9,121.5850859,25.0479918
111,12,15,13,30,2,11南港區,南港區忠孝東路6段與東新街口口,0,0,1,2,B01,6,1,5,50,4,1,1,4,4,5,7,2,1,1,2,5,2,13,2,43,2,2,1,1,7,14,1,4,1,3,,44,23,1,22,9,121.5850859,25.0479918
111,12,15,13,44,2,04大安區,大安區市民大道3段與八德路2段口,0,0,1,1,B02,6,1,5,50,5,2,1,4,4,5,7,2,1,1,4,5,2,12,1,43,3,10,3,4,7,6,1,8,1,6,,9,,1,22,9,121.5343112,25.0448646
111,12,15,13,44,2,04大安區,大安區市民大道3段與八德路2段口,0,0,1,2,C03,6,1,5,50,5,2,1,4,4,5,7,2,1,1,4,5,2,12,1,24,2,7,3,4,7,9,1,10,1,11,,44,,1,22,9,121.5343112,25.0448646
111,12,15,13,58,2,02萬華區,萬華區西園路1段與桂林路口,0,0,1,1,C03,6,1,5,50,4,2,1,4,4,5,7,1,1,8,3,4,1,17,1,69,2,9,1,1,7,12,1,10,2,15,,42,23,1,22,9,121.4997833,25.0387788
111,12,15,13,58,2,02萬華區,萬華區西園路1段與桂林路口,0,0,1,2,E03,6,1,5,50,4,2,1,4,4,5,7,1,1,8,3,4,1,17,1,26,3,10,1,1,7,1,1,8,2,15,,19,23,1,22,9,121.4997833,25.0387788
111,12,15,14,57,2,06松山區,松山區光復北路11巷與光復北路口口,0,0,1,1,B03,6,1,5,30,4,1,1,4,4,5,7,2,1,5,5,5,2,16,1,38,3,10,1,1,7,6,1,8,1,2,,9,9,1,22,9,121.5579488,25.04917384
111,12,15,14,57,2,06松山區,松山區光復北路11巷與光復北路口口,0,0,1,2,C03,6,1,5,30,4,1,1,4,4,5,7,2,1,5,5,5,2,16,1,33,2,9,1,1,7,9,1,10,1,14,,13,9,1,22,9,121.5579488,25.04917384
111,12,15,15,5,2,05中正區,中正區羅斯福路3段272號,0,0,1,1,C03,6,1,5,50,14,9,1,4,4,5,7,2,1,1,4,5,1,13,2,20,2,9,1,1,7,9,1,10,1,11,,16,23,1,22,9,121.5320755,25.01679661
111,12,15,15,5,2,05中正區,中正區羅斯福路3段272號,0,0,1,2,B03,6,1,5,50,14,9,1,4,4,5,7,2,1,1,4,5,1,13,1,61,3,10,1,1,7,9,1,8,1,6,,44,23,1,22,9,121.5320755,25.01679661
111,12,15,15,12,2,10文山區,文山區秀明路1段197號,0,0,1,1,B11,6,1,5,40,14,8,1,4,4,5,7,4,4,10,5,4,2,17,1,31,3,10,3,4,7,1,1,8,2,15,,19,19,1,22,9,121.5693563,24.99171819
111,12,15,15,12,2,10文山區,文山區秀明路1段197號,0,0,1,2,C03,6,1,5,40,14,8,1,4,4,5,7,4,4,10,5,4,2,17,1,41,2,9,3,4,7,9,6,18,2,14,,44,19,1,22,9,121.5693563,24.99171819
111,12,15,15,21,2,05中正區,中正區三元街與寧波西街口,0,0,2,1,C03,6,1,5,50,4,1,1,4,4,5,7,1,1,3,4,4,2,13,1,85,2,9,1,1,7,9,1,10,1,14,,23,23,2,22,9,121.5112904,25.0279421
111,12,15,15,21,2,05中正區,中正區三元街與寧波西街口,0,0,2,2,C03,6,1,5,50,4,1,1,4,4,5,7,1,1,3,4,4,2,13,2,58,2,9,1,1,7,14,1,10,1,13,,44,23,1,22,9,121.5112904,25.0279421
111,12,15,15,30,2,05中正區,中正區林森南路與徐州路口,0,0,1,1,C03,6,1,5,50,4,2,1,4,4,5,7,4,4,9,4,5,2,13,2,41,2,9,1,1,7,9,1,10,2,11,,16,23,1,22,9,121.5223269,25.0413038
111,12,15,15,30,2,05中正區,中正區林森南路與徐州路口,0,0,1,2,C03,6,1,5,50,4,2,1,4,4,5,7,4,4,9,4,5,2,13,2,27,3,10,1,1,7,9,1,10,2,13,,26,23,1,22,9,121.5223269,25.0413038
111,12,15,15,41,2,07信義區,信義區崇德街與富陽街口,0,0,1,1,B03,6,1,5,50,4,2,1,4,4,5,7,4,4,10,5,5,2,3,2,73,3,10,3,4,7,5,1,8,2,8,,15,15,1,22,9,121.5562139,25.0237767
111,12,15,15,41,2,07信義區,信義區崇德街與富陽街口,0,0,1,2,H01,6,1,5,50,4,2,1,4,4,5,7,4,4,10,5,5,2,3,2,85,2,9,4,4,8,16,8,20,10,16,,67,15,1,22,9,121.5562139,25.0237767
111,12,15,15,42,2,10文山區,文山區羅斯福路4段200號,0,0,1,1,B03,6,1,5,50,4,1,1,4,4,5,7,1,1,1,4,5,2,16,2,34,3,10,1,1,7,5,1,8,2,8,,8,8,1,22,9,121.5370667,25.01089817
111,12,15,15,42,2,10文山區,文山區羅斯福路4段200號,0,0,1,2,C03,6,1,5,50,4,1,1,4,4,5,7,1,1,1,4,5,2,16,2,29,2,9,1,1,7,9,1,10,2,12,,26,8,1,22,9,121.5370667,25.01089817
111,12,15,15,46,2,03中山區,中山區大直橋往南,0,0,1,1,C03,6,1,5,50,14,9,1,4,4,5,7,4,4,1,3,5,1,17,1,34,2,9,1,1,7,9,1,10,2,11,,43,43,1,22,9,121.5442892,25.07454211
111,12,15,15,46,2,03中山區,中山區大直橋往南,0,0,1,2,B02,6,1,5,50,14,9,1,4,4,5,7,4,4,1,3,5,1,17,1,31,3,10,1,1,7,9,1,8,2,6,,43,43,1,22,9,121.5442892,25.07454211
111,12,15,15,46,2,03中山區,中山區大直橋往南,0,0,1,3,B03,6,1,5,50,14,9,1,4,4,5,7,4,4,1,3,5,1,17,1,42,3,10,1,1,7,7,1,8,9,4,,43,43,1,22,9,121.5442892,25.07454211
111,12,15,15,46,2,03中山區,中山區大直橋往南,0,0,1,4,,6,1,5,50,14,9,1,4,4,5,7,4,4,1,3,5,1,17,3,,,,,,,,,,,,,67,43,1,,,121.5442892,25.07454211
111,12,15,16,14,2,02萬華區,萬華區興義街與西園路2段320巷口,0,0,2,1,B01,6,1,5,30,4,1,1,4,4,5,7,4,4,10,5,5,2,16,1,60,2,3,1,1,7,9,1,4,2,1,,6,,1,22,9,121.4919318,25.0267091
111,12,15,16,14,2,02萬華區,萬華區興義街與西園路2段320巷口,0,0,2,2,B01,6,1,5,30,4,1,1,4,4,5,7,4,4,10,5,5,2,16,2,41,2,3,1,1,7,9,1,4,2,2,,14,,1,22,9,121.4919318,25.0267091
111,12,15,16,37,2,03中山區,中山區中山北路2段59-3號,0,0,1,1,B03,6,3,5,50,14,9,1,4,4,5,7,4,4,1,4,1,2,12,1,30,3,10,1,1,7,8,1,8,1,5,,7,7,1,22,9,121.521801,25.05635944
111,12,15,16,37,2,03中山區,中山區中山北路2段59-3號,0,0,1,2,C03,6,3,5,50,14,9,1,4,4,5,7,4,4,1,4,1,2,12,2,20,2,9,1,1,7,9,1,10,1,13,,44,7,1,22,9,121.521801,25.05635944
111,12,15,16,45,2,04大安區,大安區和平東路2段221號,0,0,1,1,B12,6,3,5,50,14,8,1,4,4,5,7,4,4,1,4,4,2,17,1,41,3,10,3,1,7,3,1,8,1,4,,18,,1,22,9,121.5427807,25.0250659
111,12,15,16,45,2,04大安區,大安區和平東路2段221號,0,0,1,2,C03,6,3,5,50,14,8,1,4,4,5,7,4,4,1,4,4,2,17,2,19,2,9,1,4,7,9,1,10,1,11,,44,,1,22,9,121.5427807,25.0250659
111,12,15,16,50,2,04大安區,大安區辛亥路1段與羅斯福路3段283巷口,0,0,1,1,B12,6,1,5,50,4,1,1,4,4,5,7,2,1,1,4,5,2,16,1,66,3,10,1,1,7,5,1,8,1,2,,8,8,1,22,9,121.5318348,25.0216281
111,12,15,16,50,2,04大安區,大安區辛亥路1段與羅斯福路3段283巷口,0,0,1,2,C03,6,1,5,50,4,1,1,4,4,5,7,2,1,1,4,5,2,16,1,30,2,9,1,1,7,9,1,10,1,11,,13,8,1,22,9,121.5318348,25.0216281
111,12,15,17,30,2,09北投區,北投區大度路2段與立德路口機車道(往台北)過立德路900公尺處,0,0,1,1,C03,6,3,5,50,14,12,1,4,4,5,7,4,4,9,4,4,2,13,2,55,3,10,1,1,7,9,1,10,1,11,,23,,1,22,9,121.4793569,25.1222842
111,12,15,17,30,2,09北投區,北投區大度路2段與立德路口機車道(往台北)過立德路900公尺處,0,0,1,2,C03,6,3,5,50,14,12,1,4,4,5,7,4,4,9,4,4,2,13,1,59,2,9,1,1,7,9,1,10,1,13,,31,,1,22,9,121.4793569,25.1222842
111,12,15,17,30,2,09北投區,北投區大度路2段與立德路口機車道(往台北)過立德路900公尺處,0,0,1,3,H02,6,3,5,50,14,12,1,4,4,5,7,4,4,9,4,4,2,13,2,27,4,11,3,4,7,20,8,20,10,16,,67,,1,22,9,121.4793569,25.1222842
111,12,15,17,40,2,02萬華區,萬華區桂林路與桂林路4巷口,0,0,1,1,B01,6,1,5,50,3,1,1,4,4,5,7,4,4,8,4,4,1,12,1,40,3,10,1,1,7,6,1,4,1,2,,6,,1,22,9,121.505922,25.03752643
111,12,15,17,40,2,02萬華區,萬華區桂林路與桂林路4巷口,0,0,1,2,C03,6,1,5,50,3,1,1,4,4,5,7,4,4,8,4,4,1,12,1,18,2,7,1,1,7,9,1,10,1,14,,14,,1,22,9,121.505922,25.03752643
111,12,15,17,44,2,03中山區,中山區長安東路2段201巷與遼寧街81巷口,0,0,1,1,C03,7,3,5,30,14,9,1,4,4,5,7,4,4,10,3,5,1,17,2,41,2,8,1,1,7,2,1,10,1,13,,43,43,1,22,9,121.5432342,25.0495091
111,12,15,17,44,2,03中山區,中山區長安東路2段201巷與遼寧街81巷口,0,0,1,2,B03,7,3,5,30,14,9,1,4,4,5,7,4,4,10,3,5,1,17,2,51,3,10,1,1,7,9,1,8,1,7,,44,43,1,22,9,121.5432342,25.0495091
111,12,15,17,46,2,03中山區,中山區松江路與民族東路口,0,0,1,1,B03,6,3,5,50,5,1,1,4,4,5,7,2,1,1,1,1,1,15,1,33,3,10,3,4,7,9,1,8,1,5,,25,,1,22,9,121.533543,25.06831623
111,12,15,17,46,2,03中山區,中山區松江路與民族東路口,0,0,1,2,C03,6,3,5,50,5,1,1,4,4,5,7,2,1,1,1,1,1,15,2,64,2,6,3,4,7,9,1,10,1,11,,44,,1,22,9,121.533543,25.06831623
111,12,15,18,10,2,05中正區,中正區新生南路1段170巷與新生南路1段口,0,0,2,1,C03,6,3,5,50,3,2,1,4,4,5,7,4,4,1,4,1,2,13,2,46,2,9,1,1,7,9,1,10,2,11,,16,44,1,22,9,121.5325447,25.03423941
111,12,15,18,10,2,05中正區,中正區新生南路1段170巷與新生南路1段口,0,0,2,2,C03,6,3,5,50,3,2,1,4,4,5,7,4,4,1,4,1,2,13,2,44,2,9,1,1,7,12,1,10,2,13,,44,44,1,22,9,121.5325447,25.03423941
111,12,15,18,16,2,07信義區,信義區嘉興街127巷與吳興街156巷口信安街,0,0,2,1,C03,6,3,5,30,3,2,1,4,4,5,7,2,1,10,5,5,2,17,1,34,2,8,1,1,7,5,1,10,2,14,,2,42,1,22,9,121.5582494,25.02868741
111,12,15,18,16,2,07信義區,信義區嘉興街127巷與吳興街156巷口信安街,0,0,2,2,C03,6,3,5,30,3,2,1,4,4,5,7,2,1,10,5,5,2,17,1,52,2,9,1,1,7,9,1,10,2,14,,42,42,1,22,9,121.5582494,25.02868741
111,12,15,18,29,2,06松山區,松山區八德路3段161號,0,0,1,1,B12,6,3,5,50,14,9,1,4,4,5,7,1,1,9,4,5,2,16,2,51,3,10,1,4,7,11,1,8,1,1,,10,10,1,22,9,121.5551298,25.04809935
111,12,15,18,29,2,06松山區,松山區八德路3段161號,0,0,1,2,C03,6,3,5,50,14,9,1,4,4,5,7,1,1,9,4,5,2,16,1,47,2,9,1,4,7,9,1,10,1,11,,23,10,1,22,9,121.5551298,25.04809935
111,12,15,18,32,2,11南港區,南港區舊莊街1段3巷與大坑街口,0,0,1,1,B03,6,3,5,30,4,1,1,4,4,5,7,1,1,8,3,5,1,11,2,62,3,10,3,4,7,5,1,8,1,1,,6,6,1,22,9,121.6191301,25.04323584
111,12,15,18,32,2,11南港區,南港區舊莊街1段3巷與大坑街口,0,0,1,2,C03,6,3,5,30,4,1,1,4,4,5,7,1,1,8,3,5,1,11,2,52,2,7,1,4,7,9,1,10,1,11,,44,6,1,22,9,121.6191301,25.04323584
111,12,15,18,37,2,08士林區,士林區陽明路1段與陽明路1段56巷口,0,0,2,1,C03,6,3,5,40,3,1,1,4,4,5,7,3,1,5,5,5,2,3,2,22,2,1,3,4,7,9,1,10,2,11,,23,,1,22,9,121.5499736,25.15020462
111,12,15,18,37,2,08士林區,士林區陽明路1段與陽明路1段56巷口,0,0,2,2,H01,6,3,5,40,3,1,1,4,4,5,7,3,1,5,5,5,2,3,2,27,2,9,4,5,8,16,8,20,10,16,,51,,1,22,9,121.5499736,25.15020462
111,12,15,18,45,2,05中正區,中正區汀州路3段與羅斯福路4段90巷口,0,0,1,1,C03,6,3,5,50,4,2,1,4,4,5,7,1,1,5,4,5,2,16,4,,4,11,3,4,7,15,7,19,11,15,,43,43,2,22,9,121.5345618,25.0133981
111,12,15,18,45,2,05中正區,中正區汀州路3段與羅斯福路4段90巷口,0,0,1,2,F01,6,3,5,50,4,2,1,4,4,5,7,1,1,5,4,5,2,16,2,52,2,9,1,1,7,5,8,20,1,16,,43,43,1,22,9,121.5345618,25.0133981
111,12,15,19,11,2,05中正區,中正區南海路與牯嶺街口,0,0,1,11,C03,6,3,5,30,4,2,1,4,4,5,7,1,1,5,4,5,2,17,2,77,3,10,3,4,7,13,1,10,11,14,,38,13,1,22,9,121.5149816,25.03196459
111,12,15,19,11,2,05中正區,中正區南海路與牯嶺街口,0,0,1,8,C04,6,3,5,30,4,2,1,4,4,5,7,1,1,5,4,5,2,17,1,51,3,10,3,4,7,13,1,10,11,14,,38,13,1,22,9,121.5149816,25.03196459
111,12,15,19,11,2,05中正區,中正區南海路與牯嶺街口,0,0,1,1,B03,6,3,5,30,4,2,1,4,4,5,7,1,1,5,4,5,2,17,1,21,3,10,1,1,7,9,1,8,2,1,,42,13,1,22,9,121.5149816,25.03196459
111,12,15,19,11,2,05中正區,中正區南海路與牯嶺街口,0,0,1,2,B03,6,3,5,30,4,2,1,4,4,5,7,1,1,5,4,5,2,17,1,56,3,10,1,1,7,11,1,8,2,1,,10,13,1,22,9,121.5149816,25.03196459
111,12,15,19,11,2,05中正區,中正區南海路與牯嶺街口,0,0,1,3,H02,6,3,5,30,4,2,1,4,4,5,7,1,1,5,4,5,2,17,1,20,2,1,1,5,7,20,8,20,10,16,,67,13,1,22,9,121.5149816,25.03196459
111,12,15,19,11,2,05中正區,中正區南海路與牯嶺街口,0,0,1,4,C03,6,3,5,30,4,2,1,4,4,5,7,1,1,5,4,5,2,17,1,55,3,10,3,4,7,13,1,10,11,14,,38,13,1,22,9,121.5149816,25.03196459
111,12,15,19,11,2,05中正區,中正區南海路與牯嶺街口,0,0,1,5,C03,6,3,5,30,4,2,1,4,4,5,7,1,1,5,4,5,2,17,1,58,3,10,3,4,7,13,1,10,11,14,,38,13,1,22,9,121.5149816,25.03196459
111,12,15,19,11,2,05中正區,中正區南海路與牯嶺街口,0,0,1,6,C03,6,3,5,30,4,2,1,4,4,5,7,1,1,5,4,5,2,17,1,38,3,10,3,4,7,13,1,10,11,14,,38,13,1,22,9,121.5149816,25.03196459
111,12,15,19,11,2,05中正區,中正區南海路與牯嶺街口,0,0,1,7,C03,6,3,5,30,4,2,1,4,4,5,7,1,1,5,4,5,2,17,1,42,3,10,3,4,7,13,1,10,11,14,,38,13,1,22,9,121.5149816,25.03196459
111,12,15,19,11,2,05中正區,中正區南海路與牯嶺街口,0,0,1,9,C03,6,3,5,30,4,2,1,4,4,5,7,1,1,5,4,5,2,17,1,36,3,10,3,4,7,13,1,10,11,14,,38,13,1,22,9,121.5149816,25.03196459
111,12,15,19,11,2,05中正區,中正區南海路與牯嶺街口,0,0,1,10,C03,6,3,5,30,4,2,1,4,4,5,7,1,1,5,4,5,2,17,2,37,3,10,3,4,7,13,1,10,11,14,,38,13,1,22,9,121.5149816,25.03196459
111,12,15,19,14,2,05中正區,中正區貴陽街1段243號,0,0,1,1,B01,6,3,5,50,14,9,1,4,4,5,7,4,4,5,4,5,2,12,1,36,3,10,1,1,7,5,1,4,1,8,,8,8,1,22,9,121.508074,25.03915939
111,12,15,19,14,2,05中正區,中正區貴陽街1段243號,0,0,1,2,C03,6,3,5,50,14,9,1,4,4,5,7,4,4,5,4,5,2,12,1,25,2,9,1,1,7,9,1,10,1,12,,26,8,1,22,9,121.508074,25.03915939
111,12,15,19,15,2,03中山區,中山區林森北路與民生東路1段口,0,0,1,1,C03,6,3,5,50,4,1,1,4,4,5,7,2,1,10,5,5,2,1,1,45,3,10,1,1,7,9,1,10,2,11,,25,,1,22,9,121.5255025,25.0580061
111,12,15,19,15,2,03中山區,中山區林森北路與民生東路1段口,0,0,1,2,H01,6,3,5,50,4,1,1,4,4,5,7,2,1,10,5,5,2,1,2,76,2,9,1,1,8,16,8,20,10,16,,67,,1,22,9,121.5255025,25.0580061
111,12,15,19,25,2,07信義區,信義區松仁路58號,0,0,1,1,H02,6,1,5,50,14,9,1,4,4,5,7,4,4,1,4,5,2,9,1,23,3,10,4,5,7,19,8,20,10,16,,56,56,1,22,9,121.5682466,25.035987
111,12,15,19,25,2,07信義區,信義區松仁路58號,0,0,1,2,C04,6,1,5,50,14,9,1,4,4,5,7,4,4,1,4,5,2,9,1,30,2,7,1,1,7,9,1,10,1,14,,44,56,1,22,9,121.5682466,25.035987
111,12,15,19,25,2,07信義區,信義區松仁路58號,0,0,1,3,B01,6,1,5,50,14,9,1,4,4,5,7,4,4,1,4,5,2,9,1,62,3,10,1,1,7,14,1,4,1,2,,38,56,1,22,9,121.5682466,25.035987
111,12,15,19,58,2,10文山區,文山區興隆路3段與興隆路3段206巷口,0,0,1,1,B03,6,3,6,50,5,1,1,4,4,5,7,2,1,1,4,5,2,17,1,42,3,10,1,1,7,11,1,8,1,15,,10,10,1,22,9,121.5591994,24.99772965