發生年度,發生月,發生日,發生時-Hours,發生分,處理別-編號,區序,肇事地點,死亡人數,2-30日死亡人數,受傷人數,當事人序號,車種,天候,光線,道路類別,速限-速度限制,道路型態,事故位置,路面狀況1,路面狀況2,路面狀況3,道路障礙1,道路障礙2,號誌1,號誌2,車道劃分-分向,車道劃分-分道1,車道劃分-分道2,車道劃分-分道3,事故類型及型態,性別,年齡,受傷程度,主要傷處,安全帽,行動電話,車輛用途,當事者行動狀態,駕駛資格情形,駕駛執照種類,飲酒情形,車輛撞擊部位1,車輛撞擊部位2,肇因碼-個別,肇因碼-主要,個人肇逃否,職業,旅次目的,座標-X,座標-Y
111,12,15,19,58,2,10文山區,文山區興隆路3段與興隆路3段206巷口,0,0,1,2,C03,6,3,6,50,5,1,1,4,4,5,7,2,1,1,4,5,2,17,1,23,2,9,1,1,7,9,1,10,1,14,,44,10,1,22,9,121.5591994,24.99772965
111,12,15,20,20,2,03中山區,中山區新生高架道與濱江街口往南下濱江閘道前第一支燈桿,0,0,1,1,B03,6,3,5,70,10,9,1,4,4,5,7,4,4,2,4,5,2,13,2,45,3,10,1,1,7,8,1,8,1,3,,7,7,1,22,9,121.5275602,25.07152273
111,12,15,20,20,2,03中山區,中山區新生高架道與濱江街口往南下濱江閘道前第一支燈桿,0,0,1,2,B02,6,3,5,70,10,9,1,4,4,5,7,4,4,2,4,5,2,13,2,28,2,9,1,1,7,9,1,8,1,1,,23,7,1,22,9,121.5275602,25.07152273
111,12,15,20,21,2,05中正區,中正區中山南路(中正紀念堂5號出口前),0,0,1,1,B01,7,3,5,50,11,9,1,4,4,5,7,4,4,1,4,5,2,12,1,54,3,10,1,1,7,15,1,4,2,2,,23,17,1,10,4,121.5167594,25.035473
111,12,15,20,21,2,05中正區,中正區中山南路(中正紀念堂5號出口前),0,0,1,2,C03,7,3,5,50,11,9,1,4,4,5,7,4,4,1,4,5,2,12,1,66,2,9,1,1,7,9,1,10,2,14,,17,17,1,22,5,121.5167594,25.035473
111,12,15,21,10,2,05中正區,中正區汀州路3段2號,0,0,1,1,B03,6,3,5,50,15,9,1,4,4,5,7,2,1,1,3,5,1,16,1,57,3,10,1,1,7,6,1,8,1,8,,25,25,1,22,9,121.5257554,25.02041315
111,12,15,21,10,2,05中正區,中正區汀州路3段2號,0,0,1,2,C03,6,3,5,50,15,9,1,4,4,5,7,2,1,1,3,5,1,16,2,38,2,9,1,1,7,9,1,10,1,12,,44,25,1,22,9,121.5257554,25.02041315
111,12,15,21,31,2,03中山區,中山區北安路與明水路口北側,0,0,1,1,B03,6,3,5,50,4,1,1,4,4,5,7,2,1,3,5,5,2,16,1,38,3,10,1,1,7,6,3,18,2,2,,9,,1,22,9,121.5525857,25.08571088
111,12,15,21,31,2,03中山區,中山區北安路與明水路口北側,0,0,1,2,C03,6,3,5,50,4,1,1,4,4,5,7,2,1,3,5,5,2,16,1,23,2,9,1,1,7,9,1,10,2,11,,44,,1,22,9,121.5525857,25.08571088
111,12,15,21,35,1,05中正區,中正區中山南路與愛國東路口,1,0,1,1,C03,6,3,5,50,4,2,1,4,4,5,7,2,1,1,4,1,2,19,1,18,1,9,1,1,7,9,1,10,9,11,,23,23,1,18,9,121.5167757,25.03498008
111,12,15,21,35,1,05中正區,中正區中山南路與愛國東路口,1,0,1,2,,6,3,5,50,4,2,1,4,4,5,7,2,1,1,4,1,2,19,3,,,,,,,,,,,,,67,23,1,,,121.5167757,25.03498008
111,12,15,21,35,1,05中正區,中正區中山南路與愛國東路口,1,0,1,4,H02,6,3,5,50,4,2,1,4,4,5,7,2,1,1,4,1,2,19,2,19,2,9,4,1,7,21,8,20,10,16,,67,23,1,18,9,121.5167757,25.03498008
111,12,15,21,35,1,05中正區,中正區中山南路與愛國東路口,1,0,1,3,,6,3,5,50,4,2,1,4,4,5,7,2,1,1,4,1,2,19,3,,,,,,,,,,,,,67,23,1,,,121.5167757,25.03498008
111,12,15,21,43,2,07信義區,信義區松壽路與松智路口,0,0,1,1,B02,6,3,5,50,4,1,1,4,4,5,7,2,1,8,3,5,2,15,2,52,3,10,1,1,7,15,1,8,1,2,,6,43,1,22,9,121.5654427,25.0358352
111,12,15,21,43,2,07信義區,信義區松壽路與松智路口,0,0,1,2,C03,6,3,5,50,4,1,1,4,4,5,7,2,1,8,3,5,2,15,2,25,2,9,1,1,7,9,1,10,1,11,,23,43,1,22,9,121.5654427,25.0358352
111,12,15,21,45,2,12內湖區,內湖區新明路與成美橋口,0,0,1,1,B03,6,3,5,50,4,1,1,4,4,5,7,1,1,5,5,5,2,16,1,57,3,10,1,1,7,5,1,8,1,6,,6,,1,22,9,121.5822599,25.05559123
111,12,15,21,45,2,12內湖區,內湖區新明路與成美橋口,0,0,1,2,C03,6,3,5,50,4,1,1,4,4,5,7,1,1,5,5,5,2,16,1,24,2,9,1,1,7,9,1,10,1,11,,23,,1,22,9,121.5822599,25.05559123
111,12,15,21,57,2,05中正區,中正區中山南路與信義路1段口,0,0,1,1,C03,7,3,5,50,5,2,1,4,4,5,7,2,1,1,4,5,2,13,1,32,2,8,1,1,7,9,1,10,1,11,,16,16,1,5,4,121.5180195,25.0386417
111,12,15,21,57,2,05中正區,中正區中山南路與信義路1段口,0,0,1,2,B03,7,3,5,50,5,2,1,4,4,5,7,2,1,1,4,5,2,13,1,30,3,10,1,1,7,9,1,8,1,6,,44,16,1,22,5,121.5180195,25.0386417
111,12,15,21,59,2,03中山區,中山區北安路488號對面,0,0,1,1,B03,6,3,5,50,14,9,1,4,4,5,7,4,4,3,4,5,2,12,1,28,3,10,1,1,7,8,1,8,1,6,,7,,1,22,9,121.5453685,25.07982732
111,12,15,21,59,2,03中山區,中山區北安路488號對面,0,0,1,2,C03,6,3,5,50,14,9,1,4,4,5,7,4,4,3,4,5,2,12,2,24,2,9,1,1,7,9,1,10,1,11,12,44,,1,22,9,121.5453685,25.07982732
111,12,15,22,6,2,08士林區,士林區中山北路6段與德行西路口,0,0,1,1,B01,6,3,5,50,4,1,1,4,4,5,7,2,1,4,3,5,1,11,1,49,3,10,1,1,7,5,1,4,2,8,,8,8,1,22,9,121.5248424,25.1064739
111,12,15,22,6,2,08士林區,士林區中山北路6段與德行西路口,0,0,1,2,C03,6,3,5,50,4,1,1,4,4,5,7,2,1,4,3,5,1,11,2,20,2,7,1,1,7,9,1,10,2,11,,44,8,1,22,9,121.5248424,25.1064739
111,12,15,22,11,2,04大安區,大安區永康街與潮州街口,0,0,3,1,C02,7,3,5,30,5,2,1,4,4,5,7,4,4,8,3,5,1,16,1,42,2,8,1,1,7,9,1,9,2,14,,6,23,1,22,9,121.5296055,25.0283764
111,12,15,22,11,2,04大安區,大安區永康街與潮州街口,0,0,3,2,C03,7,3,5,30,5,2,1,4,4,5,7,4,4,8,3,5,1,16,1,20,2,9,1,1,7,9,1,10,2,12,,23,23,1,22,9,121.5296055,25.0283764
111,12,15,22,11,2,04大安區,大安區永康街與潮州街口,0,0,3,3,H02,7,3,5,30,5,2,1,4,4,5,7,4,4,8,3,5,1,16,1,21,2,7,4,5,7,21,8,20,10,16,,67,23,1,22,9,121.5296055,25.0283764
111,12,15,22,25,2,09北投區,北投區石牌路2段342號,0,0,1,1,C03,7,3,5,50,14,9,1,5,4,5,7,4,4,9,4,5,2,18,1,21,2,9,3,4,7,9,1,10,1,14,,42,23,1,22,9,121.5248027,25.122811
111,12,15,22,25,2,09北投區,北投區石牌路2段342號,0,0,1,2,,7,3,5,50,14,9,1,5,4,5,7,4,4,9,4,5,2,18,3,,,,,,,,,,,,,67,23,1,,,121.5248027,25.122811
111,12,15,23,20,2,03中山區,中山區復興北路420號,0,0,3,1,C03,7,3,5,50,14,9,1,4,4,5,7,4,4,1,5,5,2,12,1,21,2,9,1,1,7,6,1,10,1,12,,9,43,1,22,9,121.5441134,25.06269848
111,12,15,23,20,2,03中山區,中山區復興北路420號,0,0,3,2,C03,7,3,5,50,14,9,1,4,4,5,7,4,4,1,5,5,2,12,2,32,2,9,1,1,7,9,1,10,1,14,,44,43,1,22,9,121.5441134,25.06269848
111,12,15,23,20,2,03中山區,中山區復興北路420號,0,0,3,3,H02,7,3,5,50,14,9,1,4,4,5,7,4,4,1,5,5,2,12,2,31,2,9,1,5,7,21,8,20,10,16,,67,43,1,22,9,121.5441134,25.06269848
111,12,15,23,30,2,05中正區,中正區中華路1段與忠孝西路1段口,0,0,1,1,B03,7,3,5,50,4,1,1,4,4,5,7,2,1,1,4,5,2,16,1,26,3,10,1,1,7,5,1,8,2,4,,8,8,1,22,9,121.5101008,25.04807125
111,12,15,23,30,2,05中正區,中正區中華路1段與忠孝西路1段口,0,0,1,2,C03,7,3,5,50,4,1,1,4,4,5,7,2,1,1,4,5,2,16,1,30,2,9,1,1,7,9,1,10,2,12,,44,8,1,22,9,121.5101008,25.04807125
111,12,15,23,30,2,12內湖區,內湖區內湖路1段91巷與內湖路1段口,0,0,1,1,B03,6,3,5,50,4,1,1,4,4,5,7,2,1,1,4,4,2,3,1,25,3,10,3,4,7,15,1,8,11,15,,15,,2,22,9,121.5612128,25.08433729
111,12,15,23,30,2,12內湖區,內湖區內湖路1段91巷與內湖路1段口,0,0,1,2,H01,6,3,5,50,4,1,1,4,4,5,7,2,1,1,4,4,2,3,2,27,2,8,4,5,8,16,8,20,10,16,,67,,1,22,9,121.5612128,25.08433729
111,12,16,0,14,2,07信義區,信義區吳興街與吳興街467巷口,0,0,1,1,C03,6,3,5,30,4,2,1,4,4,5,7,4,4,9,5,5,2,13,2,39,3,10,1,1,7,5,1,10,1,13,,6,6,1,22,9,121.5690495,25.02372689
111,12,16,0,14,2,07信義區,信義區吳興街與吳興街467巷口,0,0,1,2,C03,6,3,5,30,4,2,1,4,4,5,7,4,4,9,5,5,2,13,1,28,2,9,1,1,7,9,1,10,1,11,,44,6,1,22,9,121.5690495,25.02372689
111,12,16,0,22,2,06松山區,松山區撫遠街423號對面,0,0,2,1,C03,6,3,5,50,14,9,1,4,4,5,7,2,1,1,4,5,2,13,1,21,2,9,3,4,7,9,1,10,1,13,,42,42,1,22,9,121.5683563,25.06809813
111,12,16,0,22,2,06松山區,松山區撫遠街423號對面,0,0,2,2,C03,6,3,5,50,14,9,1,4,4,5,7,2,1,1,4,5,2,13,2,25,2,9,3,4,7,9,1,10,1,11,,44,42,1,22,9,121.5683563,25.06809813
111,12,16,0,40,2,03中山區,中山區林森北路與民生東路1段口,0,0,1,1,B03,6,3,5,50,4,1,1,4,4,5,7,2,1,10,5,5,2,2,2,48,3,10,1,2,7,5,1,8,2,5,,15,8,1,22,9,121.525467,25.0580532
111,12,16,0,40,2,03中山區,中山區林森北路與民生東路1段口,0,0,1,2,H01,6,3,5,50,4,1,1,4,4,5,7,2,1,10,5,5,2,2,1,38,2,9,4,5,8,16,8,20,10,16,,67,8,1,22,9,121.525467,25.0580532
111,12,16,5,25,2,02萬華區,萬華區西園路2段與寶興街口,0,0,3,1,C03,6,2,5,50,4,2,1,4,4,5,7,2,1,1,4,5,2,9,1,40,2,9,1,1,7,9,1,10,2,11,,23,23,1,22,9,121.49391,25.0269992
111,12,16,5,25,2,02萬華區,萬華區西園路2段與寶興街口,0,0,3,2,H01,6,2,5,50,4,2,1,4,4,5,7,2,1,1,4,5,2,9,2,84,2,9,4,5,8,16,8,20,10,16,,52,23,1,22,9,121.49391,25.0269992
111,12,16,5,25,2,02萬華區,萬華區西園路2段與寶興街口,0,0,3,3,C03,6,2,5,50,4,2,1,4,4,5,7,2,1,1,4,5,2,9,1,21,2,9,1,1,7,9,1,10,2,11,,23,23,1,22,9,121.49391,25.0269992
111,12,16,5,53,2,02萬華區,萬華區民和街113號對面,0,0,2,1,C03,8,1,5,30,14,9,1,4,4,5,7,4,4,9,5,5,2,16,1,62,2,9,1,1,7,11,1,10,1,14,,10,10,1,22,9,121.4971623,25.02528091
111,12,16,5,53,2,02萬華區,萬華區民和街113號對面,0,0,2,2,C03,8,1,5,30,14,9,1,4,4,5,7,4,4,9,5,5,2,16,2,64,2,9,1,1,7,9,1,10,1,11,,44,10,1,22,9,121.4971623,25.02528091
111,12,16,6,12,2,03中山區,中山區建國北路2段262號,0,0,2,1,C03,6,3,5,50,14,9,1,4,4,5,7,4,4,1,4,5,2,16,1,24,2,9,1,1,7,6,1,10,1,12,,9,,1,22,9,121.5367294,25.06191845
111,12,16,6,12,2,03中山區,中山區建國北路2段262號,0,0,2,2,C03,6,3,5,50,14,9,1,4,4,5,7,4,4,1,4,5,2,16,1,68,2,9,1,1,7,9,1,10,1,11,,44,,1,22,9,121.5367294,25.06191845
111,12,16,6,50,2,09北投區,北投區大度路1段27號與大度路1段口,0,0,2,1,C03,6,1,5,50,3,1,1,4,4,5,7,1,1,1,4,4,2,17,2,28,2,9,2,1,7,9,1,10,1,12,,13,23,1,22,9,121.4969328,25.12113033
111,12,16,6,50,2,09北投區,北投區大度路1段27號與大度路1段口,0,0,2,2,C03,6,1,5,50,3,1,1,4,4,5,7,1,1,1,4,4,2,17,2,26,2,9,1,1,7,9,1,10,1,11,,13,23,1,22,9,121.4969328,25.12113033
111,12,16,7,14,2,03中山區,中山區民族東路512巷與民族東路512巷13弄口,0,0,1,1,F01,7,1,5,30,4,1,1,4,4,5,7,4,4,4,5,5,1,16,2,70,2,8,1,1,7,9,8,20,1,16,,15,6,1,22,9,121.5420196,25.0668622
111,12,16,7,14,2,03中山區,中山區民族東路512巷與民族東路512巷13弄口,0,0,1,2,B03,7,1,5,30,4,1,1,4,4,5,7,4,4,4,5,5,1,16,2,58,3,10,3,4,7,9,1,8,1,1,,42,6,1,22,9,121.5420196,25.0668622
111,12,16,7,21,2,01大同區,大同區民權西路與民權西路94巷口,0,0,1,1,C03,7,1,5,50,3,1,1,4,4,5,7,4,4,1,4,5,2,12,1,53,2,9,1,1,7,9,1,10,2,14,,17,17,1,22,9,121.5185486,25.06282705
111,12,16,7,21,2,01大同區,大同區民權西路與民權西路94巷口,0,0,1,2,B03,7,1,5,50,3,1,1,4,4,5,7,4,4,1,4,5,2,12,1,60,3,10,1,1,7,9,1,8,2,2,,17,17,1,22,9,121.5185486,25.06282705
111,12,16,7,21,2,03中山區,中山區民權東路3段86號,0,0,2,1,B03,7,1,5,50,14,9,1,4,4,5,7,4,4,1,4,5,2,16,1,45,3,10,3,4,7,6,1,8,1,2,,9,9,1,22,9,121.5437187,25.0622437
111,12,16,7,21,2,03中山區,中山區民權東路3段86號,0,0,2,2,C03,7,1,5,50,14,9,1,4,4,5,7,4,4,1,4,5,2,16,1,24,2,9,3,4,7,9,1,10,1,14,,13,9,1,22,9,121.5437187,25.0622437
111,12,16,7,21,2,03中山區,中山區民權東路3段86號,0,0,2,3,C03,7,1,5,50,14,9,1,4,4,5,7,4,4,1,4,5,2,16,2,21,2,8,3,4,7,9,1,10,1,12,,16,9,1,22,9,121.5437187,25.0622437
111,12,16,7,25,2,03中山區,中山區民權西路79號,0,0,1,1,C03,6,1,5,50,14,9,1,4,4,5,7,1,1,1,3,5,1,16,1,49,3,10,1,4,7,9,1,10,2,11,,13,43,1,22,9,121.5195927,25.06291128
111,12,16,7,25,2,03中山區,中山區民權西路79號,0,0,1,2,F01,6,1,5,50,14,9,1,4,4,5,7,1,1,1,3,5,1,16,2,82,2,8,1,1,7,11,8,20,2,16,,25,43,1,22,9,121.5195927,25.06291128
111,12,16,7,31,2,12內湖區,內湖區金湖路401巷與民權東路6段423巷9弄口口,0,0,1,1,B03,6,1,5,30,4,1,1,4,4,5,1,4,4,10,5,5,2,15,1,45,3,10,1,1,7,9,1,8,2,5,,6,6,1,22,9,121.6040869,25.07296065
111,12,16,7,31,2,12內湖區,內湖區金湖路401巷與民權東路6段423巷9弄口口,0,0,1,2,C03,6,1,5,30,4,1,1,4,4,5,1,4,4,10,5,5,2,15,1,45,2,8,1,1,7,9,1,9,2,14,,23,6,1,22,9,121.6040869,25.07296065
111,12,16,7,45,2,04大安區,大安區市民大道4段與敦化南路1段口,0,0,2,1,C03,6,1,5,40,14,9,1,4,4,5,7,4,4,9,4,5,2,16,1,50,4,11,3,4,7,15,7,19,11,15,,42,,2,22,9,121.5491935,25.0447097
111,12,16,7,45,2,04大安區,大安區市民大道4段與敦化南路1段口,0,0,2,2,C03,6,1,5,40,14,9,1,4,4,5,7,4,4,9,4,5,2,16,1,27,2,8,1,1,7,9,3,18,2,11,,23,,1,22,9,121.5491935,25.0447097
111,12,16,7,45,2,04大安區,大安區市民大道4段與敦化南路1段口,0,0,2,3,C03,6,1,5,40,14,9,1,4,4,5,7,4,4,9,4,5,2,16,1,25,2,8,1,1,7,9,1,10,2,15,,44,,1,22,9,121.5491935,25.0447097
111,12,16,7,45,2,06松山區,松山區撫遠街與撫遠街380巷口,0,0,1,1,B03,6,1,5,50,4,1,1,4,4,5,7,2,1,3,4,5,2,17,1,51,3,10,1,1,7,5,1,8,1,1,,6,8,1,22,9,121.5657218,25.0643304
111,12,16,7,45,2,06松山區,松山區撫遠街與撫遠街380巷口,0,0,1,2,C03,6,1,5,50,4,1,1,4,4,5,7,2,1,3,4,5,2,17,1,33,2,9,1,1,7,9,1,8,1,13,,44,8,1,22,9,121.5657218,25.0643304
111,12,16,7,45,2,06松山區,松山區撫遠街與撫遠街380巷口,0,0,1,3,B03,6,1,5,50,4,1,1,4,4,5,7,2,1,3,4,5,2,17,1,66,3,10,1,1,7,13,1,8,1,3,,38,8,1,22,9,121.5657218,25.0643304
111,12,16,7,51,2,03中山區,中山區龍江路往南五常國小側門旁,0,0,1,1,C03,6,1,5,50,14,9,1,4,4,5,7,4,4,8,5,5,2,18,1,38,2,9,3,4,7,9,1,10,1,14,,43,,1,22,9,121.5409179,25.0638102
111,12,16,7,51,2,03中山區,中山區龍江路往南五常國小側門旁,0,0,1,2,,6,1,5,50,14,9,1,4,4,5,7,4,4,8,5,5,2,18,3,,,,,,,,,,,,,67,,1,,,121.5409179,25.0638102
111,12,16,7,55,2,03中山區,中山區新生北路1段112號,0,0,1,1,H01,6,1,5,50,3,1,1,4,4,5,7,1,1,1,4,5,2,3,1,59,2,5,4,5,8,16,8,20,10,16,,51,51,1,22,9,121.5281005,25.05038652
111,12,16,7,55,2,03中山區,中山區新生北路1段112號,0,0,1,2,B03,6,1,5,50,3,1,1,4,4,5,7,1,1,1,4,5,2,3,1,48,3,10,3,4,7,5,1,8,1,1,,23,51,1,22,9,121.5281005,25.05038652
111,12,16,8,11,2,06松山區,松山區八德路4段與光復南路口,0,0,2,1,C03,6,1,5,50,4,1,1,4,4,5,7,1,1,1,4,5,2,15,2,29,2,9,1,1,7,9,1,10,2,14,,25,25,1,22,9,121.5579009,25.0482056
111,12,16,8,11,2,06松山區,松山區八德路4段與光復南路口,0,0,2,2,C03,6,1,5,50,4,1,1,4,4,5,7,1,1,1,4,5,2,15,1,40,2,9,1,1,7,9,1,10,2,11,,44,25,1,22,9,121.5579009,25.0482056
111,12,16,8,15,2,09北投區,北投區磺港路與光明路口,0,0,1,1,B12,6,1,5,50,4,1,1,4,4,5,7,3,1,10,5,5,2,2,1,49,3,10,1,1,7,5,1,8,2,4,,15,15,1,22,9,121.5018577,25.13343623
111,12,16,8,15,2,09北投區,北投區磺港路與光明路口,0,0,1,2,H01,6,1,5,50,4,1,1,4,4,5,7,3,1,10,5,5,2,2,2,81,2,9,4,5,8,16,8,20,10,16,,67,15,1,22,9,121.5018577,25.13343623
111,12,16,8,20,2,05中正區,中正區中華路1段與衡陽路口,0,0,1,1,F01,8,1,5,50,5,1,1,5,4,5,7,2,1,1,1,5,2,15,1,44,2,9,3,4,7,15,7,19,9,15,,25,43,2,22,9,121.5083975,25.0423044
111,12,16,8,20,2,05中正區,中正區中華路1段與衡陽路口,0,0,1,2,B03,8,1,5,50,5,1,1,5,4,5,7,2,1,1,1,5,2,15,1,45,3,10,1,1,7,9,1,8,1,4,,44,43,1,22,9,121.5083975,25.0423044
111,12,16,8,34,2,07信義區,信義區市民大道5段95號對面,0,0,1,1,C03,6,1,5,50,14,9,1,4,4,5,7,4,4,1,4,5,2,18,1,25,2,9,1,1,7,9,1,10,1,14,,13,43,1,22,9,121.5621848,25.04678932
111,12,16,8,34,2,07信義區,信義區市民大道5段95號對面,0,0,1,2,,6,1,5,50,14,9,1,4,4,5,7,4,4,1,4,5,2,18,3,,,,,,,,,,,,,67,43,1,,,121.5621848,25.04678932
111,12,16,8,37,2,04大安區,大安區光復南路240巷9號與無名巷附近側附近口廢鐵道,0,0,1,1,B03,6,1,5,20,4,1,4,4,4,5,7,4,4,5,4,5,2,12,1,47,3,10,1,1,7,6,1,8,1,2,,9,9,1,22,9,121.55693,25.040481
111,12,16,8,37,2,04大安區,大安區光復南路240巷9號與無名巷附近側附近口廢鐵道,0,0,1,2,C03,6,1,5,20,4,1,4,4,4,5,7,4,4,5,4,5,2,12,2,26,2,9,1,1,7,9,1,10,1,14,,13,9,1,22,9,121.55693,25.040481
111,12,16,8,40,2,12內湖區,內湖區內湖路1段285巷65弄11號前,0,0,1,1,C03,7,1,5,50,14,9,1,4,4,5,7,4,4,9,4,5,2,16,1,70,3,10,1,1,7,5,1,10,2,14,,8,8,1,22,9,121.5662971,25.0822913
111,12,16,8,40,2,12內湖區,內湖區內湖路1段285巷65弄11號前,0,0,1,2,C03,7,1,5,50,14,9,1,4,4,5,7,4,4,9,4,5,2,16,1,22,2,9,1,1,7,9,1,10,2,12,,44,8,1,22,9,121.5662971,25.0822913
111,12,16,8,54,2,01大同區,大同區寧夏路與平陽街口,0,0,1,1,C03,7,1,5,40,3,2,1,4,4,5,7,4,4,8,3,5,1,17,1,29,3,10,1,1,7,1,1,10,1,15,,19,19,1,22,9,121.5150904,25.05549396
111,12,16,8,54,2,01大同區,大同區寧夏路與平陽街口,0,0,1,2,C03,7,1,5,40,3,2,1,4,4,5,7,4,4,8,3,5,1,17,1,25,2,9,1,1,7,9,1,10,1,12,,14,19,1,22,9,121.5150904,25.05549396
111,12,16,9,16,2,08士林區,士林區至善路1段與臨溪路口,0,0,3,1,C03,7,1,5,50,3,2,1,5,4,5,7,2,1,1,4,5,2,16,2,34,2,9,1,1,7,14,1,10,1,14,,44,,1,22,9,121.542417,25.09711479
111,12,16,9,16,2,08士林區,士林區至善路1段與臨溪路口,0,0,3,2,C03,7,1,5,50,3,2,1,5,4,5,7,2,1,1,4,5,2,16,1,29,2,9,1,1,7,9,1,10,1,12,,23,,1,22,9,121.542417,25.09711479
111,12,16,9,16,2,08士林區,士林區至善路1段與臨溪路口,0,0,3,3,H02,7,1,5,50,3,2,1,5,4,5,7,2,1,1,4,5,2,16,2,27,2,9,1,5,7,21,8,20,10,15,,67,,1,22,9,121.542417,25.09711479
111,12,16,9,20,2,12內湖區,內湖區民權東路6段與成功路2段口口,0,0,1,1,C03,6,1,5,50,4,1,1,4,4,5,7,2,1,1,4,5,2,13,2,35,2,8,1,1,7,9,1,10,1,11,,23,16,1,22,9,121.5909603,25.06888394
111,12,16,9,20,2,12內湖區,內湖區民權東路6段與成功路2段口口,0,0,1,2,C03,6,1,5,50,4,1,1,4,4,5,7,2,1,1,4,5,2,13,1,28,3,10,1,1,7,8,1,10,1,13,,7,16,1,22,9,121.5909603,25.06888394
111,12,16,9,26,2,05中正區,中正區羅斯福路3段284巷與羅斯福路3段244巷10弄口,0,0,1,1,C03,6,1,5,30,4,1,1,4,4,5,7,4,4,10,5,5,2,15,1,35,2,9,1,1,7,9,1,10,1,12,,6,6,1,22,9,121.5315781,25.01589176
111,12,16,9,26,2,05中正區,中正區羅斯福路3段284巷與羅斯福路3段244巷10弄口,0,0,1,2,B02,6,1,5,30,4,1,1,4,4,5,7,4,4,10,5,5,2,15,1,49,3,10,1,1,7,9,1,8,1,1,,14,6,1,22,9,121.5315781,25.01589176
111,12,16,9,50,2,09北投區,北投區知行路306號,0,0,1,2,H01,7,1,5,50,14,9,1,4,4,5,7,4,4,9,5,5,2,9,2,75,3,10,4,5,8,16,8,20,10,16,,51,43,1,22,9,121.4672938,25.12218108
111,12,16,9,50,2,09北投區,北投區知行路306號,0,0,1,1,C03,7,1,5,50,14,9,1,4,4,5,7,4,4,9,5,5,2,9,2,25,2,9,1,1,7,9,1,10,1,12,,43,43,1,22,9,121.4672938,25.12218108
111,12,16,10,0,2,12內湖區,內湖區成功路2段456巷7-1號,0,0,1,1,C03,6,1,5,30,11,9,1,4,4,5,7,4,4,10,5,5,2,17,1,43,2,9,1,1,7,15,1,10,1,12,,13,13,1,22,9,121.5873107,25.07371865
111,12,16,10,0,2,12內湖區,內湖區成功路2段456巷7-1號,0,0,1,2,B01,6,1,5,30,11,9,1,4,4,5,7,4,4,10,5,5,2,17,1,49,3,10,1,1,7,9,1,8,1,8,,44,13,1,22,9,121.5873107,25.07371865
111,12,16,10,7,2,04大安區,大安區忠孝東路4段223巷與忠孝東路4段223巷10弄口,0,0,1,1,B03,6,1,5,50,4,2,1,4,4,5,7,4,4,8,3,5,2,16,1,69,3,10,1,1,7,6,1,4,1,2,,9,9,1,22,9,121.5530398,25.04205397
111,12,16,10,7,2,04大安區,大安區忠孝東路4段223巷與忠孝東路4段223巷10弄口,0,0,1,2,C03,6,1,5,50,4,2,1,4,4,5,7,4,4,8,3,5,2,16,1,40,2,7,1,1,7,9,1,10,1,14,,44,9,1,22,9,121.5530398,25.04205397
111,12,16,10,10,2,01大同區,大同區南京西路與民樂街口,0,0,1,1,C03,7,1,5,50,3,1,1,4,4,1,7,3,1,5,4,5,2,17,1,25,2,9,1,1,7,5,1,10,2,14,,6,6,1,22,9,121.5110412,25.05382705
111,12,16,10,10,2,01大同區,大同區南京西路與民樂街口,0,0,1,2,C03,7,1,5,50,3,1,1,4,4,1,7,3,1,5,4,5,2,17,1,43,3,10,1,1,7,9,1,10,2,12,,23,6,1,22,9,121.5110412,25.05382705
111,12,16,10,28,2,04大安區,大安區忠孝東路4段77巷與敦化南路1段190巷口,0,0,2,1,B03,6,1,5,30,4,1,1,4,4,5,7,4,4,9,4,5,2,15,1,60,3,10,1,1,7,9,6,18,1,1,,6,6,1,22,9,121.5472191,25.04261544
111,12,16,10,28,2,04大安區,大安區忠孝東路4段77巷與敦化南路1段190巷口,0,0,2,2,C03,6,1,5,30,4,1,1,4,4,5,7,4,4,9,4,5,2,15,1,20,2,9,1,1,7,9,1,10,1,12,,13,6,1,22,9,121.5472191,25.04261544
111,12,16,10,28,2,04大安區,大安區忠孝東路4段77巷與敦化南路1段190巷口,0,0,2,3,H02,6,1,5,30,4,1,1,4,4,5,7,4,4,9,4,5,2,15,2,23,2,9,4,5,7,21,8,20,10,15,,67,6,1,22,9,121.5472191,25.04261544
111,12,16,10,55,2,05中正區,中正區中山南路與仁愛路1段口,0,0,2,1,C03,6,1,5,50,5,2,1,4,4,5,7,1,1,5,4,1,2,13,1,19,2,8,1,1,7,9,1,10,2,12,,44,44,1,22,9,121.5179594,25.0394016
111,12,16,10,55,2,05中正區,中正區中山南路與仁愛路1段口,0,0,2,2,C03,6,1,5,50,5,2,1,4,4,5,7,1,1,5,4,1,2,13,2,25,2,9,1,1,7,9,1,10,2,11,,16,44,1,22,9,121.5179594,25.0394016
111,12,16,10,55,2,05中正區,中正區中山南路與仁愛路1段口,0,0,2,3,C03,6,1,5,50,5,2,1,4,4,5,7,1,1,5,4,1,2,13,1,48,3,10,1,1,7,15,1,10,2,13,,44,44,1,22,9,121.5179594,25.0394016
111,12,16,11,0,2,11南港區,南港區大坑街42燈桿,0,0,1,1,H01,7,1,5,40,14,9,1,4,4,5,6,4,4,5,4,5,2,9,1,51,3,10,4,4,8,16,8,20,1,16,,53,67,1,22,9,121.6190788,25.0432557