發生年度,發生月,發生日,發生時-Hours,發生分,處理別-編號,區序,肇事地點,死亡人數,2-30日死亡人數,受傷人數,當事人序號,車種,天候,光線,道路類別,速限-速度限制,道路型態,事故位置,路面狀況1,路面狀況2,路面狀況3,道路障礙1,道路障礙2,號誌1,號誌2,車道劃分-分向,車道劃分-分道1,車道劃分-分道2,車道劃分-分道3,事故類型及型態,性別,年齡,受傷程度,主要傷處,安全帽,行動電話,車輛用途,當事者行動狀態,駕駛資格情形,駕駛執照種類,飲酒情形,車輛撞擊部位1,車輛撞擊部位2,肇因碼-個別,肇因碼-主要,個人肇逃否,職業,旅次目的,座標-X,座標-Y
111,12,16,11,0,2,11南港區,南港區大坑街42燈桿,0,0,1,2,C03,7,1,5,40,14,9,1,4,4,5,6,4,4,5,4,5,2,9,1,26,2,9,1,4,7,9,1,10,1,15,,13,67,1,22,9,121.6190788,25.0432557
111,12,16,11,6,2,04大安區,大安區信義路2段104號前,0,0,1,1,C03,6,1,5,50,14,12,1,4,4,5,7,4,4,10,4,5,2,17,2,43,3,10,1,1,7,7,1,10,1,15,,7,19,1,22,9,121.5276545,25.0339389
111,12,16,11,6,2,04大安區,大安區信義路2段104號前,0,0,1,2,C03,6,1,5,50,14,12,1,4,4,5,7,4,4,10,4,5,2,17,2,41,2,9,1,1,7,9,1,10,1,14,,23,19,1,22,9,121.5276545,25.0339389
111,12,16,11,6,2,04大安區,大安區信義路2段104號前,0,0,1,3,B03,6,1,5,50,14,12,1,4,4,5,7,4,4,10,4,5,2,17,1,34,3,10,1,1,7,13,1,8,11,15,,38,,1,22,9,121.5276545,25.0339389
111,12,16,11,7,2,02萬華區,萬華區西園路2段與寶興街口,0,0,2,1,C03,6,1,5,50,4,1,1,4,4,5,7,1,1,8,3,5,1,17,1,22,2,9,1,1,7,9,3,18,1,11,,16,23,1,22,9,121.4937568,25.0268118
111,12,16,11,7,2,02萬華區,萬華區西園路2段與寶興街口,0,0,2,2,C03,6,1,5,50,4,1,1,4,4,5,7,1,1,8,3,5,1,17,1,21,3,10,1,1,7,12,1,10,1,13,,44,23,1,22,9,121.4937568,25.0268118
111,12,16,11,7,2,02萬華區,萬華區西園路2段與寶興街口,0,0,2,3,H01,6,1,5,50,4,1,1,4,4,5,7,1,1,8,3,5,1,17,2,81,3,10,4,5,8,16,8,20,10,16,,52,23,1,22,9,121.4937568,25.0268118
111,12,16,11,7,2,02萬華區,萬華區西園路2段與寶興街口,0,0,2,4,H02,6,1,5,50,4,1,1,4,4,5,7,1,1,8,3,5,1,17,2,19,2,9,4,5,7,21,8,20,10,16,,67,23,1,22,9,121.4937568,25.0268118
111,12,16,11,31,2,07信義區,信義區忠孝東路4段501號,0,0,2,1,F03,8,1,5,50,14,9,1,5,4,5,7,4,4,3,4,5,2,12,1,34,2,9,1,1,7,9,8,20,1,16,,16,,1,22,9,121.5601552,25.0414157
111,12,16,11,31,2,07信義區,信義區忠孝東路4段501號,0,0,2,2,C03,8,1,5,50,14,9,1,5,4,5,7,4,4,3,4,5,2,12,1,53,2,9,3,4,7,9,1,10,1,14,,16,,1,22,9,121.5601552,25.0414157
111,12,16,11,54,2,05中正區,中正區中華路1段與武昌街1段口,0,0,1,1,B03,7,1,5,50,4,1,1,4,4,5,7,2,1,1,4,5,2,17,2,57,3,10,1,1,7,7,1,8,2,15,,7,7,1,19,5,121.5090548,25.0442474
111,12,16,11,54,2,05中正區,中正區中華路1段與武昌街1段口,0,0,1,2,C03,7,1,5,50,4,1,1,4,4,5,7,2,1,1,4,5,2,17,1,42,2,9,1,1,7,9,1,10,2,14,,44,7,1,5,4,121.5090548,25.0442474
111,12,16,12,0,2,12內湖區,內湖區瑞光路與江南街117巷8弄口口,0,0,1,1,C03,7,1,5,30,14,9,1,4,4,5,7,1,1,10,5,5,2,16,1,41,2,9,1,1,7,8,1,10,2,12,,7,2,1,22,9,121.576075,25.076211
111,12,16,12,0,2,12內湖區,內湖區瑞光路與江南街117巷8弄口口,0,0,1,2,B03,7,1,5,30,14,9,1,4,4,5,7,1,1,10,5,5,2,16,1,63,3,10,1,1,7,9,1,8,2,8,,44,2,1,22,9,121.576075,25.076211
111,12,16,12,16,2,12內湖區,內湖區南京東路6段與新明路298巷口口,0,0,1,1,C03,7,1,5,50,4,1,1,5,4,5,7,2,1,1,4,5,2,13,1,57,2,8,1,1,7,9,1,9,2,11,,16,16,1,22,9,121.5815447,25.05712436
111,12,16,12,16,2,12內湖區,內湖區南京東路6段與新明路298巷口口,0,0,1,2,B01,7,1,5,50,4,1,1,5,4,5,7,2,1,1,4,5,2,13,1,62,3,10,1,1,7,9,1,3,2,6,,44,16,1,22,9,121.5815447,25.05712436
111,12,16,12,16,2,12內湖區,內湖區南京東路6段與新明路298巷口口,0,0,1,3,B01,7,1,5,50,4,1,1,5,4,5,7,2,1,1,4,5,2,13,1,56,3,10,1,1,7,5,1,4,2,15,,8,16,1,22,9,121.5815447,25.05712436
111,12,16,12,25,2,06松山區,松山區八德路3段與八德路3段12巷口(敦化北路1號前),0,0,1,1,B01,8,1,8,50,15,22,1,5,4,5,7,2,1,5,4,5,2,15,1,48,3,10,3,4,7,11,1,4,1,6,,26,,1,22,9,121.5504607,25.0482433
111,12,16,12,25,2,06松山區,松山區八德路3段與八德路3段12巷口(敦化北路1號前),0,0,1,2,C04,8,1,8,50,15,22,1,5,4,5,7,2,1,5,4,5,2,15,2,44,2,9,3,4,7,9,1,10,1,11,,23,,1,22,9,121.5504607,25.0482433
111,12,16,12,28,2,06松山區,松山區復興北路31號,0,0,1,1,B01,8,1,5,50,14,9,1,5,4,5,7,4,4,1,3,5,2,17,1,67,3,10,3,4,7,14,1,4,1,4,,40,40,1,22,9,121.5441051,25.04988411
111,12,16,12,28,2,06松山區,松山區復興北路31號,0,0,1,2,C03,8,1,5,50,14,9,1,5,4,5,7,4,4,1,3,5,2,17,2,43,2,9,3,4,7,6,1,10,1,12,,23,40,1,22,9,121.5441051,25.04988411
111,12,16,12,30,2,08士林區,士林區福華路與德行西路口,0,0,2,1,C03,8,1,8,50,15,22,1,5,4,5,7,1,1,10,5,5,2,16,1,73,2,9,1,1,7,5,1,10,2,14,,8,8,1,22,9,121.5220137,25.10467975
111,12,16,12,30,2,08士林區,士林區福華路與德行西路口,0,0,2,2,B03,8,1,8,50,15,22,1,5,4,5,7,1,1,10,5,5,2,16,1,43,2,1,1,1,7,9,1,8,2,2,,44,8,1,22,9,121.5220137,25.10467975
111,12,16,12,57,2,02萬華區,萬華區環河南路2段250巷與環河南路2段口,0,0,2,1,C03,6,1,5,50,4,1,1,4,4,5,7,1,1,8,3,5,1,17,2,51,3,10,1,1,7,5,1,10,2,13,,6,6,1,22,9,121.4921342,25.032925
111,12,16,12,57,2,02萬華區,萬華區環河南路2段250巷與環河南路2段口,0,0,2,2,C03,6,1,5,50,4,1,1,4,4,5,7,1,1,8,3,5,1,17,1,75,2,8,1,1,7,9,1,10,2,11,,44,6,1,22,9,121.4921342,25.032925
111,12,16,12,57,2,02萬華區,萬華區環河南路2段250巷與環河南路2段口,0,0,2,3,H02,6,1,5,50,4,1,1,4,4,5,7,1,1,8,3,5,1,17,2,73,2,8,4,5,7,21,8,20,10,16,,67,6,1,22,9,121.4921342,25.032925
111,12,16,13,5,2,03中山區,中山區松江路與民生東路2段口,0,0,2,1,C03,6,1,5,50,4,1,1,4,4,5,7,2,1,1,4,5,2,15,2,35,2,7,3,4,7,9,1,10,1,14,,25,23,1,22,9,121.5332262,25.0580125
111,12,16,13,5,2,03中山區,中山區松江路與民生東路2段口,0,0,2,2,C03,6,1,5,50,4,1,1,4,4,5,7,2,1,1,4,5,2,15,1,43,2,9,3,4,7,9,1,10,1,11,,13,23,1,22,9,121.5332262,25.0580125
111,12,16,13,25,2,09北投區,北投區中央北路4段601巷11號,0,0,1,1,B03,6,1,5,50,11,9,5,4,4,5,7,4,4,10,5,5,2,16,1,40,3,10,3,4,7,11,1,8,2,8,,11,11,1,22,9,121.4622101,25.12318195
111,12,16,13,25,2,09北投區,北投區中央北路4段601巷11號,0,0,1,2,C03,6,1,5,50,11,9,5,4,4,5,7,4,4,10,5,5,2,16,1,24,2,9,3,4,7,9,1,10,2,14,,44,11,1,22,9,121.4622101,25.12318195
111,12,16,14,0,2,02萬華區,華中橋堤外便道,0,0,1,1,C03,6,1,5,40,14,9,1,4,4,5,7,4,4,10,5,5,2,13,2,29,2,9,1,1,7,9,1,10,1,11,,43,43,1,22,9,121.4919855,25.02169437
111,12,16,14,0,2,02萬華區,華中橋堤外便道,0,0,1,2,C03,6,1,5,40,14,9,1,4,4,5,7,4,4,10,5,5,2,13,1,52,3,10,1,1,7,15,1,10,1,13,,43,43,1,22,9,121.4919855,25.02169437
111,12,16,14,7,2,07信義區,信義區和平東路3段357號,0,0,1,1,B03,7,1,5,50,14,9,1,5,4,5,7,2,1,1,3,5,1,12,1,57,3,10,3,4,7,8,1,8,1,6,,7,7,1,22,9,121.5569264,25.0203203
111,12,16,14,7,2,07信義區,信義區和平東路3段357號,0,0,1,2,C03,7,1,5,50,14,9,1,5,4,5,7,2,1,1,3,5,1,12,1,20,2,9,1,4,7,9,1,10,1,11,,44,7,1,22,9,121.5569264,25.0203203
111,12,16,14,18,2,03中山區,中山區明水路與北安路口,0,0,2,1,B03,6,1,5,50,14,9,1,4,4,5,7,4,4,1,3,5,1,13,1,27,2,8,1,1,7,9,3,18,2,1,,23,23,1,22,9,121.5394219,25.0777604
111,12,16,14,18,2,03中山區,中山區明水路與北安路口,0,0,2,2,B03,6,1,5,50,14,9,1,4,4,5,7,4,4,1,3,5,1,13,1,49,3,10,1,1,7,14,1,8,2,3,,44,23,1,22,9,121.5394219,25.0777604
111,12,16,14,18,2,03中山區,中山區明水路與北安路口,0,0,2,3,B12,6,1,5,50,14,9,1,4,4,5,7,4,4,1,3,5,1,13,1,64,2,5,1,1,7,14,1,8,2,3,,44,23,1,22,9,121.5394219,25.0777604
111,12,16,14,22,2,04大安區,大安區忠孝東路4段與光復南路口,0,0,1,1,B01,8,1,5,50,4,2,1,5,4,5,7,2,1,3,2,5,2,17,1,38,3,10,1,1,7,9,1,4,9,15,,42,,1,22,9,121.5573848,25.0412612
111,12,16,14,22,2,04大安區,大安區忠孝東路4段與光復南路口,0,0,1,2,A04,8,1,5,50,4,2,1,5,4,5,7,2,1,3,2,5,2,17,1,26,3,10,1,1,7,12,1,1,9,15,,23,,1,22,9,121.5573848,25.0412612
111,12,16,14,22,2,04大安區,大安區忠孝東路4段與光復南路口,0,0,1,3,H02,8,1,5,50,4,2,1,5,4,5,7,2,1,3,2,5,2,17,2,49,2,9,4,5,7,20,8,20,10,16,,67,,1,22,9,121.5573848,25.0412612
111,12,16,14,25,2,03中山區,中山區八德路2段210巷與市民大道3段口,0,0,1,1,B03,7,1,5,40,3,1,1,4,4,5,7,1,1,1,3,5,1,16,1,39,3,10,3,4,7,6,1,8,1,5,,9,9,1,22,9,121.5395004,25.04487042
111,12,16,14,25,2,03中山區,中山區八德路2段210巷與市民大道3段口,0,0,1,2,C03,7,1,5,40,3,1,1,4,4,5,7,1,1,1,3,5,1,16,1,18,2,9,3,4,7,9,1,10,1,14,,23,9,1,22,9,121.5395004,25.04487042
111,12,16,14,42,2,02萬華區,萬華區萬大路329巷29號,0,0,1,1,B11,6,1,5,30,15,9,1,4,4,5,7,4,4,10,5,5,2,1,1,45,4,11,3,4,7,15,7,19,11,15,,23,43,2,22,9,121.4999641,25.02439592
111,12,16,14,42,2,02萬華區,萬華區萬大路329巷29號,0,0,1,2,H01,6,1,5,30,15,9,1,4,4,5,7,4,4,10,5,5,2,1,2,23,2,7,4,4,8,16,8,20,10,16,,67,43,1,22,9,121.4999641,25.02439592
111,12,16,14,46,2,01大同區,大同區天水路與華亭街口,0,0,2,1,C03,6,1,5,30,4,1,1,4,4,5,7,1,1,9,4,5,2,17,2,33,2,8,1,1,7,5,1,10,1,11,,4,4,1,22,9,121.5130947,25.0528327
111,12,16,14,46,2,01大同區,大同區天水路與華亭街口,0,0,2,2,C03,6,1,5,30,4,1,1,4,4,5,7,1,1,9,4,5,2,17,2,61,2,9,1,1,7,9,1,10,1,14,,4,4,1,22,9,121.5130947,25.0528327
111,12,16,14,53,2,03中山區,中山區德惠街42號,0,0,1,1,B01,6,1,5,40,14,8,1,4,4,5,7,4,4,8,3,4,1,16,1,67,3,10,1,1,7,1,1,4,2,5,,19,23,1,22,9,121.5268779,25.0666696
111,12,16,14,53,2,03中山區,中山區德惠街42號,0,0,1,2,C03,6,1,5,40,14,8,1,4,4,5,7,4,4,8,3,4,1,16,2,37,2,8,1,1,7,14,1,10,2,12,,44,23,1,22,9,121.5268779,25.0666696
111,12,16,15,10,2,11南港區,南港區市民大道8段與忠孝東路7段265巷口,0,0,1,1,B03,6,1,5,50,4,1,1,4,4,5,7,2,1,3,4,5,2,16,1,28,3,10,1,1,7,5,1,8,1,2,,44,8,1,22,9,121.6033663,25.0526441
111,12,16,15,10,2,11南港區,南港區市民大道8段與忠孝東路7段265巷口,0,0,1,2,C03,6,1,5,50,4,1,1,4,4,5,7,2,1,3,4,5,2,16,1,23,2,9,1,1,7,9,1,10,1,11,,25,8,1,22,9,121.6033663,25.0526441
111,12,16,15,14,2,08士林區,士林區延平北路7段106巷335號,0,0,1,1,C03,6,1,5,40,14,9,1,4,4,3,7,4,4,10,5,5,2,13,1,62,2,9,1,1,7,9,1,10,1,11,,23,23,1,22,9,121.4957435,25.10702142
111,12,16,15,14,2,08士林區,士林區延平北路7段106巷335號,0,0,1,2,C03,6,1,5,40,14,9,1,4,4,3,7,4,4,10,5,5,2,13,1,52,3,10,1,1,7,14,1,10,1,13,,44,23,1,22,9,121.4957435,25.10702142
111,12,16,15,14,2,08士林區,士林區延平北路7段106巷335號,0,0,1,3,B12,6,1,5,40,14,9,1,4,4,3,7,4,4,10,5,5,2,13,1,31,3,10,1,1,7,15,1,8,1,15,,42,23,1,22,9,121.4957435,25.10702142
111,12,16,15,14,2,08士林區,士林區延平北路7段106巷335號,0,0,1,4,A11,6,1,5,40,14,9,1,4,4,3,7,4,4,10,5,5,2,13,1,31,3,10,1,1,7,13,1,3,9,15,,42,23,1,22,9,121.4957435,25.10702142
111,12,16,15,40,2,11南港區,南港區忠孝東路6段與忠孝東路6段225巷口,0,0,1,1,C03,6,1,5,30,4,1,1,4,4,5,7,4,4,10,5,5,2,15,1,28,2,7,1,1,7,9,1,10,1,12,,6,,1,21,8,121.5883999,25.0494324
111,12,16,15,40,2,11南港區,南港區忠孝東路6段與忠孝東路6段225巷口,0,0,1,2,B01,6,1,5,30,4,1,1,4,4,5,7,4,4,10,5,5,2,15,1,58,3,10,1,1,7,9,1,4,1,1,,23,,1,21,8,121.5883999,25.0494324
111,12,16,15,42,2,03中山區,中山區北安路與北安路630巷口,0,0,1,1,B01,6,1,5,50,4,1,1,4,4,5,7,2,1,1,4,5,2,13,1,60,3,10,3,4,7,14,1,4,1,3,,38,,1,22,9,121.5495918,25.08268417
111,12,16,15,42,2,03中山區,中山區北安路與北安路630巷口,0,0,1,2,C03,6,1,5,50,4,1,1,4,4,5,7,2,1,1,4,5,2,13,1,31,2,9,1,1,7,9,1,10,1,12,,13,,1,22,9,121.5495918,25.08268417
111,12,16,15,48,2,08士林區,士林區延平北路7段18-2號,0,0,1,1,B03,6,1,5,0,14,9,1,4,4,5,7,3,1,10,5,5,2,17,1,55,3,10,1,1,7,5,1,8,1,15,,43,6,1,22,9,121.5003887,25.09516227
111,12,16,15,48,2,08士林區,士林區延平北路7段18-2號,0,0,1,2,C03,6,1,5,0,14,9,1,4,4,5,7,3,1,10,5,5,2,17,1,27,2,9,1,1,7,9,1,10,1,14,,43,6,1,22,9,121.5003887,25.09516227
111,12,16,16,16,2,11南港區,南港區重陽路366號與重陽路423巷口,0,0,1,1,B03,6,1,5,50,3,1,1,4,4,5,6,2,1,5,2,5,2,17,1,47,3,10,1,4,7,5,1,8,1,4,,8,8,1,22,9,121.6089662,25.0583526
111,12,16,16,16,2,11南港區,南港區重陽路366號與重陽路423巷口,0,0,1,2,C03,6,1,5,50,3,1,1,4,4,5,6,2,1,5,2,5,2,17,1,63,2,9,1,4,7,9,1,10,1,11,,44,8,1,22,9,121.6089662,25.0583526
111,12,16,16,39,2,07信義區,信義區仁愛路4段452巷與光復南路415巷口口,0,0,1,1,C03,6,1,5,30,4,1,1,4,4,5,7,4,4,5,5,5,2,17,1,61,2,9,3,4,7,9,1,10,1,11,,6,6,1,22,9,121.5592352,25.0371543
111,12,16,16,39,2,07信義區,信義區仁愛路4段452巷與光復南路415巷口口,0,0,1,2,B03,6,1,5,30,4,1,1,4,4,5,7,4,4,5,5,5,2,17,1,26,3,10,3,4,7,9,1,8,1,5,,23,6,1,22,9,121.5592352,25.0371543
111,12,16,16,41,2,03中山區,中山區民權東路2段20號,0,0,1,1,B12,6,3,5,50,14,9,1,4,4,5,7,4,4,1,3,5,2,17,1,45,3,10,3,4,7,1,1,8,2,15,,19,,1,22,9,121.5283036,25.0625105
111,12,16,16,41,2,03中山區,中山區民權東路2段20號,0,0,1,2,C04,6,3,5,50,14,9,1,4,4,5,7,4,4,1,3,5,2,17,2,42,2,9,3,4,7,9,1,10,2,14,,42,,1,22,9,121.5283036,25.0625105
111,12,16,16,44,2,10文山區,文山區木柵路1段76巷與木柵路1段口,0,0,1,1,C03,6,1,5,50,4,2,1,4,4,5,7,2,1,5,4,5,2,17,1,18,3,10,1,1,7,9,1,10,1,11,,44,44,1,22,9,121.5502705,24.9875224
111,12,16,16,44,2,10文山區,文山區木柵路1段76巷與木柵路1段口,0,0,1,2,C03,6,1,5,50,4,2,1,4,4,5,7,2,1,5,4,5,2,17,1,19,2,8,1,1,7,10,1,10,1,11,,7,44,1,22,9,121.5502705,24.9875224
111,12,16,16,50,2,05中正區,中正區中華路1段89號,0,0,1,1,A02,6,3,5,50,14,9,1,4,4,5,7,4,4,1,4,5,2,9,1,48,3,10,1,1,7,14,1,2,1,15,,44,44,1,10,4,121.5073678,25.0381586
111,12,16,16,50,2,05中正區,中正區中華路1段89號,0,0,1,2,H02,6,3,5,50,14,9,1,4,4,5,7,4,4,1,4,5,2,9,2,25,2,9,4,1,7,19,8,20,10,16,,60,44,1,22,5,121.5073678,25.0381586
111,12,16,17,10,2,11南港區,南港區玉成街56號,0,0,2,1,C03,6,1,5,30,14,9,1,4,4,5,7,4,4,10,4,5,2,3,1,31,2,7,1,1,7,9,1,10,1,11,,23,23,1,21,8,121.5816248,25.0476478
111,12,16,17,10,2,11南港區,南港區玉成街56號,0,0,2,2,H01,6,1,5,30,14,9,1,4,4,5,7,4,4,10,4,5,2,3,2,54,2,3,4,5,8,16,8,20,10,16,,51,23,1,21,8,121.5816248,25.0476478
111,12,16,17,24,2,01大同區,大同區民族西路與承德路3段口,0,0,1,1,C03,6,3,5,50,4,1,1,4,4,5,7,1,1,1,4,5,2,17,1,64,3,10,1,1,7,9,1,10,1,11,,42,42,1,22,9,121.5183072,25.0686217
111,12,16,17,24,2,01大同區,大同區民族西路與承德路3段口,0,0,1,2,C03,6,3,5,50,4,1,1,4,4,5,7,1,1,1,4,5,2,17,1,51,3,10,1,1,7,9,1,10,1,14,,44,42,1,22,9,121.5183072,25.0686217
111,12,16,17,24,2,01大同區,大同區民族西路與承德路3段口,0,0,1,3,C03,6,3,5,50,4,1,1,4,4,5,7,1,1,1,4,5,2,17,2,51,2,9,1,1,7,9,1,10,1,13,,44,42,1,22,9,121.5183072,25.0686217
111,12,16,17,30,2,03中山區,中山區復興北路152號,0,0,1,1,B01,6,3,5,50,14,9,1,4,4,5,7,4,4,1,4,5,2,13,1,85,3,10,3,4,7,9,1,4,1,5,,23,23,1,22,9,121.5439676,25.05296694
111,12,16,17,30,2,03中山區,中山區復興北路152號,0,0,1,2,C03,6,3,5,50,14,9,1,4,4,5,7,4,4,1,4,5,2,13,2,54,2,8,3,4,7,9,1,10,1,14,,44,23,1,22,9,121.5439676,25.05296694
111,12,16,17,33,2,07信義區,信義區林口街68號,0,0,2,1,C04,6,1,5,40,14,9,1,4,4,5,7,4,4,9,4,5,1,3,2,77,2,7,3,4,7,9,6,8,2,11,,23,15,1,22,9,121.5792616,25.03888132
111,12,16,17,33,2,07信義區,信義區林口街68號,0,0,2,2,H01,6,1,5,40,14,9,1,4,4,5,7,4,4,9,4,5,1,3,2,71,2,1,4,5,8,16,8,20,10,16,,60,15,1,22,9,121.5792616,25.03888132
111,12,16,17,39,2,07信義區,信義區基隆路1段333號,0,0,1,1,B01,6,3,5,50,14,9,1,4,4,5,7,4,4,1,4,5,2,17,1,41,3,10,3,4,7,9,1,4,2,5,,43,17,1,22,9,121.5604728,25.0343254
111,12,16,17,39,2,07信義區,信義區基隆路1段333號,0,0,1,2,C03,6,3,5,50,14,9,1,4,4,5,7,4,4,1,4,5,2,17,2,34,2,8,3,4,7,9,1,10,2,14,,43,17,1,22,9,121.5604728,25.0343254
111,12,16,17,41,2,08士林區,士林區至誠路2段與至誠路2段51巷口,0,0,2,1,C03,6,3,5,50,3,1,1,4,4,5,7,4,4,5,5,5,2,3,1,22,2,9,1,1,7,9,1,10,1,11,,15,,1,22,9,121.5281642,25.101528
111,12,16,17,41,2,08士林區,士林區至誠路2段與至誠路2段51巷口,0,0,2,2,H01,6,3,5,50,3,1,1,4,4,5,7,4,4,5,5,5,2,3,1,67,2,9,4,5,8,16,8,20,10,16,,67,,1,22,9,121.5281642,25.101528
111,12,16,17,42,2,03中山區,中山區新生北路2段47號迴轉道,0,0,2,1,C03,6,3,5,50,14,9,1,4,4,5,7,4,4,1,4,5,1,16,1,55,2,8,1,1,7,7,1,10,1,14,,7,7,1,22,9,121.5276835,25.0559384
111,12,16,17,42,2,03中山區,中山區新生北路2段47號迴轉道,0,0,2,2,C03,6,3,5,50,14,9,1,4,4,5,7,4,4,1,4,5,1,16,1,18,2,9,1,1,7,9,1,10,1,12,,23,7,1,22,9,121.5276835,25.0559384
111,12,16,17,48,2,04大安區,大安區市民大道4段與復興南路1段口,0,0,1,1,C03,6,3,5,50,4,2,1,4,4,5,7,1,1,5,4,5,2,13,1,28,2,9,1,1,7,12,1,10,1,11,,13,42,1,22,9,121.5439528,25.0448865
111,12,16,17,48,2,04大安區,大安區市民大道4段與復興南路1段口,0,0,1,2,B01,6,3,5,50,4,2,1,4,4,5,7,1,1,5,4,5,2,13,1,53,3,10,1,1,7,14,1,4,1,3,,44,42,1,22,9,121.5439528,25.0448865
111,12,16,18,15,2,08士林區,士林區社正路與社中街33巷口,0,0,1,1,C03,6,3,5,50,5,1,1,4,4,5,7,4,4,5,5,5,1,17,2,43,2,9,1,1,7,5,1,10,1,12,,8,8,1,22,9,121.5092509,25.088904
111,12,16,18,15,2,08士林區,士林區社正路與社中街33巷口,0,0,1,2,B03,6,3,5,50,5,1,1,4,4,5,7,4,4,5,5,5,1,17,1,48,3,10,1,1,7,9,1,8,1,8,,44,8,1,22,9,121.5092509,25.088904
111,12,16,18,20,2,05中正區,中正區仁愛路2段與金山南路1段口,0,0,2,1,C03,6,3,5,50,4,1,1,4,4,5,7,1,1,9,4,1,1,16,2,45,2,9,1,1,7,9,1,10,2,11,,23,23,1,22,9,121.5282462,25.0383811
111,12,16,18,20,2,05中正區,中正區仁愛路2段與金山南路1段口,0,0,2,2,C03,6,3,5,50,4,1,1,4,4,5,7,1,1,9,4,1,1,16,1,35,2,9,1,1,7,1,1,10,2,14,,23,23,1,22,9,121.5282462,25.0383811
111,12,16,18,20,2,07信義區,信義區松高路11號口,0,0,1,1,C03,6,3,5,50,14,9,1,4,4,5,7,1,1,9,4,5,2,13,2,43,2,9,1,1,7,9,1,10,1,13,,43,43,1,22,9,121.5652959,25.0391993
111,12,16,18,20,2,07信義區,信義區松高路11號口,0,0,1,2,A02,6,3,5,50,14,9,1,4,4,5,7,1,1,9,4,5,2,13,1,49,3,10,1,1,7,9,1,2,1,5,,23,43,1,22,9,121.5652959,25.0391993
111,12,16,18,23,2,05中正區,中正區羅斯福路1段與愛國西路口,0,0,1,1,A02,6,3,5,50,5,2,1,4,4,5,7,2,1,1,4,5,2,3,1,38,3,10,1,1,7,5,1,2,1,8,,15,8,1,10,4,121.5164875,25.0348623
111,12,16,18,23,2,05中正區,中正區羅斯福路1段與愛國西路口,0,0,1,2,H01,6,3,5,50,5,2,1,4,4,5,7,2,1,1,4,5,2,3,1,51,2,9,4,5,8,16,8,20,10,16,,52,8,1,2,1,121.5164875,25.0348623
111,12,16,18,30,2,10文山區,文山區興隆路4段122巷與興隆路4段122巷8弄口口,0,0,1,1,C03,6,3,5,30,3,2,1,4,4,5,7,4,4,10,5,5,2,16,1,53,3,10,1,1,7,5,1,10,1,11,,8,8,1,22,9,121.5617684,24.9824995
111,12,16,18,30,2,10文山區,文山區興隆路4段122巷與興隆路4段122巷8弄口口,0,0,1,2,C03,6,3,5,30,3,2,1,4,4,5,7,4,4,10,5,5,2,16,2,51,2,7,1,1,7,9,1,10,1,11,,23,8,1,22,9,121.5617684,24.9824995
111,12,16,18,38,2,01大同區,大同區環河北路1段與環河堤外便道口,0,0,2,1,C03,6,3,5,40,4,2,1,4,4,5,7,2,1,5,4,5,2,16,1,52,2,7,1,1,7,1,1,10,1,12,,17,43,1,22,9,121.5064464,25.05091822
111,12,16,18,38,2,01大同區,大同區環河北路1段與環河堤外便道口,0,0,2,2,C03,6,3,5,40,4,2,1,4,4,5,7,2,1,5,4,5,2,16,1,37,2,7,1,1,7,1,1,10,1,14,,17,43,1,22,9,121.5064464,25.05091822
111,12,16,18,39,2,08士林區,士林區通河西街1段堤外近福順狗運動公園,0,0,1,1,C02,6,3,5,50,14,9,1,4,4,5,7,4,4,9,5,5,2,26,1,24,2,9,3,4,7,9,1,9,1,11,,43,,1,22,9,121.5143893,25.08092957
111,12,16,18,39,2,08士林區,士林區通河西街1段堤外近福順狗運動公園,0,0,1,2,,6,3,5,50,14,9,1,4,4,5,7,4,4,9,5,5,2,26,3,,,,,,,,,,,,,67,,1,,,121.5143893,25.08092957
111,12,16,18,45,2,05中正區,中正區忠孝東路2段與金山南路1段口,0,0,1,1,C03,6,3,5,50,4,1,1,4,4,5,7,1,1,10,5,5,2,15,2,38,2,8,1,1,7,9,1,10,2,11,,25,,1,22,9,121.5297933,25.04326015
111,12,16,18,45,2,05中正區,中正區忠孝東路2段與金山南路1段口,0,0,1,2,C03,6,3,5,50,4,1,1,4,4,5,7,1,1,10,5,5,2,15,2,22,3,10,1,1,7,9,1,10,2,14,,44,,1,22,9,121.5297933,25.04326015
111,12,16,18,45,2,09北投區,北投區北投路1段與大興街口,0,0,1,1,C03,6,3,5,50,4,1,1,4,4,5,7,1,1,9,4,5,2,2,1,73,3,10,1,1,7,5,1,10,1,11,,8,8,1,22,9,121.499443,25.130273
111,12,16,18,45,2,09北投區,北投區北投路1段與大興街口,0,0,1,2,H01,6,3,5,50,4,1,1,4,4,5,7,1,1,9,4,5,2,2,2,50,2,9,4,5,8,20,8,20,1,16,,67,8,1,22,9,121.499443,25.130273
111,12,16,18,46,2,07信義區,信義區松高路與無名巷口,0,0,1,1,B03,6,1,5,50,4,1,1,4,4,5,7,4,4,5,4,5,2,15,1,32,3,10,3,4,7,9,1,8,1,5,,6,6,1,22,9,121.5625324,25.0392514
111,12,16,18,46,2,07信義區,信義區松高路與無名巷口,0,0,1,2,C03,6,1,5,50,4,1,1,4,4,5,7,4,4,5,4,5,2,15,1,38,2,8,3,4,7,9,1,10,1,11,,23,6,1,22,9,121.5625324,25.0392514