發生年度,發生月,發生日,發生時-Hours,發生分,處理別-編號,區序,肇事地點,死亡人數,2-30日死亡人數,受傷人數,當事人序號,車種,天候,光線,道路類別,速限-速度限制,道路型態,事故位置,路面狀況1,路面狀況2,路面狀況3,道路障礙1,道路障礙2,號誌1,號誌2,車道劃分-分向,車道劃分-分道1,車道劃分-分道2,車道劃分-分道3,事故類型及型態,性別,年齡,受傷程度,主要傷處,安全帽,行動電話,車輛用途,當事者行動狀態,駕駛資格情形,駕駛執照種類,飲酒情形,車輛撞擊部位1,車輛撞擊部位2,肇因碼-個別,肇因碼-主要,個人肇逃否,職業,旅次目的,座標-X,座標-Y
111,12,16,19,31,2,07信義區,信義區忠孝東路5段與大道路口,0,0,2,1,C03,6,3,5,50,5,2,1,4,4,5,7,1,1,1,5,5,2,17,1,48,2,7,3,4,7,5,1,4,1,12,,6,8,1,22,9,121.5811439,25.0430149
111,12,16,19,31,2,07信義區,信義區忠孝東路5段與大道路口,0,0,2,2,C03,6,3,5,50,5,2,1,4,4,5,7,1,1,1,5,5,2,17,1,28,2,8,3,4,7,9,1,10,1,11,,44,8,1,22,9,121.5811439,25.0430149
111,12,16,19,52,2,02萬華區,萬華區環河南路1段與成都路口口,0,0,1,1,B03,6,3,5,50,3,2,1,4,4,5,7,4,4,10,5,5,2,17,1,63,3,10,3,4,7,6,1,8,1,2,,9,9,1,22,9,121.5010086,25.04433082
111,12,16,19,52,2,02萬華區,萬華區環河南路1段與成都路口口,0,0,1,2,C03,6,3,5,50,3,2,1,4,4,5,7,4,4,10,5,5,2,17,2,50,2,9,3,4,7,9,1,10,1,11,,44,9,1,22,9,121.5010086,25.04433082
111,12,16,20,1,2,10文山區,文山區木柵路2段與興隆路4段口口,0,0,1,1,B02,6,3,5,50,4,1,1,4,4,5,7,2,1,1,3,5,2,16,1,55,3,10,1,1,7,5,1,8,2,2,,6,6,1,22,9,121.5601584,24.9886762
111,12,16,20,1,2,10文山區,文山區木柵路2段與興隆路4段口口,0,0,1,2,C03,6,3,5,50,4,1,1,4,4,5,7,2,1,1,3,5,2,16,1,22,2,8,1,1,7,9,1,10,2,14,,44,6,1,22,9,121.5601584,24.9886762
111,12,16,20,29,2,10文山區,文山區福興路34號前,0,0,2,1,H01,6,3,5,30,14,9,1,4,4,5,7,4,4,10,5,5,2,7,2,32,2,9,4,5,8,16,8,20,10,16,,51,,1,22,9,121.5509761,25.00305323
111,12,16,20,29,2,10文山區,文山區福興路34號前,0,0,2,2,C03,6,3,5,30,14,9,1,4,4,5,7,4,4,10,5,5,2,7,1,37,2,7,1,1,7,9,6,10,2,11,,23,,1,22,9,121.5509761,25.00305323
111,12,16,21,0,2,08士林區,士林區承德路4段與承德路4段195巷口,0,0,2,1,G01,6,3,5,50,3,2,1,4,4,5,7,4,4,1,4,5,2,17,1,76,2,9,2,1,7,6,7,19,1,15,,9,,1,21,8,121.5220759,25.08825077
111,12,16,21,0,2,08士林區,士林區承德路4段與承德路4段195巷口,0,0,2,2,C03,6,3,5,50,3,2,1,4,4,5,7,4,4,1,4,5,2,17,1,23,2,8,1,1,7,9,1,10,1,11,,44,,1,21,8,121.5220759,25.08825077
111,12,16,21,20,2,09北投區,北投區大業路與大業路65巷口,0,0,1,1,B03,6,3,5,60,3,1,1,4,4,5,7,2,1,1,4,5,2,17,1,59,3,10,1,1,7,7,1,8,1,15,,7,,1,22,9,121.4991089,25.12319653
111,12,16,21,20,2,09北投區,北投區大業路與大業路65巷口,0,0,1,2,C03,6,3,5,60,3,1,1,4,4,5,7,2,1,1,4,5,2,17,1,28,2,9,1,1,7,9,1,10,1,15,,44,,1,22,9,121.4991089,25.12319653
111,12,16,21,20,2,07信義區,信義區和平東路3段391巷56號,0,0,3,1,C03,6,3,5,30,14,9,1,4,4,5,7,4,4,10,5,5,2,3,1,24,2,9,3,4,7,9,1,10,1,11,,23,,1,22,9,121.5595267,25.0207701
111,12,16,21,20,2,07信義區,信義區和平東路3段391巷56號,0,0,3,2,H01,6,3,5,30,14,9,1,4,4,5,7,4,4,10,5,5,2,3,1,46,2,9,4,5,8,16,8,20,10,16,,53,,1,22,9,121.5595267,25.0207701
111,12,16,21,20,2,07信義區,信義區和平東路3段391巷56號,0,0,3,3,H02,6,3,5,30,14,9,1,4,4,5,7,4,4,10,5,5,2,3,2,23,2,9,4,5,7,21,8,20,10,16,,67,,1,22,9,121.5595267,25.0207701
111,12,16,21,33,2,12內湖區,內湖區文湖街31號,0,0,1,1,C03,6,3,5,50,14,9,1,4,4,5,7,4,4,5,4,5,2,16,1,33,2,8,1,1,7,15,1,10,1,13,,6,6,1,22,9,121.5612432,25.08640707
111,12,16,21,33,2,12內湖區,內湖區文湖街31號,0,0,1,2,B03,6,3,5,50,14,9,1,4,4,5,7,4,4,5,4,5,2,16,1,29,3,10,1,1,7,9,1,8,1,5,,23,6,1,22,9,121.5612432,25.08640707
111,12,16,21,33,2,12內湖區,內湖區文湖街31號,0,0,1,3,C03,6,3,5,50,14,9,1,4,4,5,7,4,4,5,4,5,2,16,3,,,,,,,,,,,,,67,6,1,,,121.5612432,25.08640707
111,12,16,21,40,2,11南港區,南港區市民大道8段與中南街口,0,0,2,1,C03,6,3,5,50,4,2,1,4,4,5,7,1,1,1,4,5,2,13,1,18,2,8,1,1,7,9,3,18,1,11,,23,16,1,22,9,121.6150776,25.0542569
111,12,16,21,40,2,11南港區,南港區市民大道8段與中南街口,0,0,2,2,C03,6,3,5,50,4,2,1,4,4,5,7,1,1,1,4,5,2,13,2,46,2,7,1,1,7,14,1,10,1,13,,44,16,1,22,9,121.6150776,25.0542569
111,12,16,21,45,2,03中山區,中山區建國北路2段與民權東路2段口,0,0,1,2,C03,6,3,5,50,4,1,1,4,4,5,7,1,1,1,4,5,2,17,1,33,2,9,1,1,7,9,1,10,1,11,,43,,1,22,9,121.5366204,25.0623063
111,12,16,21,45,2,03中山區,中山區建國北路2段與民權東路2段口,0,0,1,1,C03,6,3,5,50,4,1,1,4,4,5,7,1,1,1,4,5,2,17,2,28,4,11,3,4,7,6,7,19,11,15,,9,,2,22,9,121.5366204,25.0623063
111,12,16,22,17,2,08士林區,士林區忠誠路2段與忠誠路2段154巷口,0,0,1,1,B01,6,3,5,30,3,2,1,4,4,5,7,2,1,1,4,4,2,2,1,68,3,10,1,1,7,6,1,4,1,5,,15,15,1,22,9,121.532811,25.1149197
111,12,16,22,17,2,08士林區,士林區忠誠路2段與忠誠路2段154巷口,0,0,1,2,H01,6,3,5,30,3,2,1,4,4,5,7,2,1,1,4,4,2,2,1,40,2,8,4,5,8,16,8,20,10,16,,67,15,1,22,9,121.532811,25.1149197
111,12,16,22,20,2,11南港區,南港區市民大道7段與向陽路口,0,0,1,1,B12,6,3,5,50,4,2,1,4,4,5,7,2,1,9,4,5,2,3,1,61,3,10,1,1,7,5,1,8,2,1,,15,8,1,22,9,121.5956527,25.0516785
111,12,16,22,20,2,11南港區,南港區市民大道7段與向陽路口,0,0,1,2,H01,6,3,5,50,4,2,1,4,4,5,7,2,1,9,4,5,2,3,1,33,2,7,4,5,8,16,8,20,10,16,,67,8,1,22,9,121.5956527,25.0516785
111,12,16,22,30,2,03中山區,中山區民權東路2段與松江路口,0,0,1,1,B03,6,3,5,50,4,1,1,4,4,5,7,1,1,3,4,5,2,17,2,26,3,10,1,1,7,8,1,8,1,2,,5,,1,22,9,121.5333235,25.06263955
111,12,16,22,30,2,03中山區,中山區民權東路2段與松江路口,0,0,1,2,C03,6,3,5,50,4,1,1,4,4,5,7,1,1,3,4,5,2,17,2,27,2,9,1,1,7,9,1,10,1,14,,13,,1,22,9,121.5333235,25.06263955
111,12,16,22,52,2,01大同區,大同區民族西路與承德路3段口,0,0,1,1,H01,6,3,5,50,4,1,1,4,4,5,7,2,1,5,4,5,2,9,1,32,2,8,4,5,8,16,8,20,10,15,,52,52,1,22,9,121.5188228,25.06857117
111,12,16,22,52,2,01大同區,大同區民族西路與承德路3段口,0,0,1,2,B03,6,3,5,50,4,1,1,4,4,5,7,2,1,5,4,5,2,9,1,32,3,10,3,4,7,9,1,8,2,1,,23,52,1,22,9,121.5188228,25.06857117
111,12,16,23,12,2,12內湖區,內湖區成功路2段412號,0,0,2,1,H01,6,3,5,0,14,9,1,4,4,5,7,2,1,1,4,5,2,3,1,58,2,1,4,5,8,16,8,20,10,16,,51,51,1,22,9,121.5898392,25.07121786
111,12,16,23,12,2,12內湖區,內湖區成功路2段412號,0,0,2,2,C03,6,3,5,0,14,9,1,4,4,5,7,2,1,1,4,5,2,3,2,22,2,1,1,1,7,9,1,10,2,11,,23,51,1,22,9,121.5898392,25.07121786
111,12,16,23,19,2,01大同區,大同區民生西路305號,0,0,1,1,B03,6,3,5,50,14,9,1,4,4,5,7,4,4,9,4,5,2,17,1,26,3,10,1,1,7,1,1,8,1,8,,19,,1,22,9,121.5127377,25.05697732
111,12,16,23,19,2,01大同區,大同區民生西路305號,0,0,1,2,C03,6,3,5,50,14,9,1,4,4,5,7,4,4,9,4,5,2,17,1,36,2,9,1,1,7,9,1,10,1,15,,42,,1,22,9,121.5127377,25.05697732
111,12,16,23,20,2,03中山區,中山區民權東路2段9號,0,0,1,2,C03,6,3,5,50,14,9,1,4,4,5,7,4,4,1,4,5,2,17,2,50,2,9,1,1,7,9,1,10,1,14,,44,,1,22,9,121.5284313,25.06268265
111,12,16,23,20,2,03中山區,中山區民權東路2段9號,0,0,1,1,B01,6,3,5,50,14,9,1,4,4,5,7,4,4,1,4,5,2,17,1,40,4,11,3,4,7,1,7,19,11,15,,19,,2,22,9,121.5284313,25.06268265
111,12,16,23,25,2,05中正區,中正區羅斯福路3段2號,0,0,1,1,B01,6,3,5,50,14,9,1,4,4,5,7,4,4,1,4,5,1,16,1,58,3,10,1,1,7,8,1,4,2,2,,7,7,1,22,9,121.5246329,25.02367306
111,12,16,23,25,2,05中正區,中正區羅斯福路3段2號,0,0,1,2,C03,6,3,5,50,14,9,1,4,4,5,7,4,4,1,4,5,1,16,2,23,2,9,1,1,7,9,1,10,2,14,,6,7,1,22,9,121.5246329,25.02367306
111,12,16,23,30,2,01大同區,大同區承德路3段與敦煌路口,0,0,1,1,B03,6,3,5,50,4,1,1,4,4,5,7,2,1,1,5,1,2,17,1,58,3,10,1,1,7,5,1,8,2,5,,6,6,1,22,9,121.5202016,25.07514865
111,12,16,23,30,2,01大同區,大同區承德路3段與敦煌路口,0,0,1,2,C03,6,3,5,50,4,1,1,4,4,5,7,2,1,1,5,1,2,17,1,18,2,8,1,1,7,9,1,10,2,11,,23,6,1,22,9,121.5202016,25.07514865
111,12,17,2,25,2,03中山區,中山區吉林路與錦州街口,0,0,1,1,B03,6,3,5,50,4,1,1,4,4,5,7,1,1,5,4,5,2,12,1,27,3,10,3,4,7,11,1,8,2,4,,26,,1,22,9,121.5302468,25.060394
111,12,17,2,25,2,03中山區,中山區吉林路與錦州街口,0,0,1,2,C03,6,3,5,50,4,1,1,4,4,5,7,1,1,5,4,5,2,12,1,18,2,9,1,4,7,9,1,10,2,12,,23,,1,22,9,121.5302468,25.060394
111,12,17,2,25,2,03中山區,中山區吉林路與錦州街口,0,0,1,3,C03,6,3,5,50,4,1,1,4,4,5,7,1,1,5,4,5,2,12,2,45,3,10,3,4,7,13,1,10,11,14,,44,,1,22,9,121.5302468,25.060394
111,12,17,2,25,2,03中山區,中山區吉林路與錦州街口,0,0,1,4,C03,6,3,5,50,4,1,1,4,4,5,7,1,1,5,4,5,2,12,2,27,3,10,3,4,7,13,1,10,11,14,,44,,1,22,9,121.5302468,25.060394
111,12,17,2,25,2,03中山區,中山區吉林路與錦州街口,0,0,1,5,C03,6,3,5,50,4,1,1,4,4,5,7,1,1,5,4,5,2,12,1,38,3,10,3,4,7,13,1,10,11,14,,44,,1,22,9,121.5302468,25.060394
111,12,17,2,25,2,03中山區,中山區吉林路與錦州街口,0,0,1,6,C03,6,3,5,50,4,1,1,4,4,5,7,1,1,5,4,5,2,12,1,62,3,10,3,4,7,13,1,10,11,14,,44,,1,22,9,121.5302468,25.060394
111,12,17,2,25,2,03中山區,中山區吉林路與錦州街口,0,0,1,7,C03,6,3,5,50,4,1,1,4,4,5,7,1,1,5,4,5,2,12,2,65,3,10,3,4,7,13,7,19,9,13,,44,,1,22,9,121.5302468,25.060394
111,12,17,3,22,2,02萬華區,萬華區萬大路與萬大路90巷口,0,0,1,1,B01,6,3,5,50,4,2,1,4,4,5,7,2,1,1,4,5,2,17,1,43,3,10,1,1,7,1,1,4,1,1,,42,23,1,22,9,121.5005105,25.03042751
111,12,17,3,22,2,02萬華區,萬華區萬大路與萬大路90巷口,0,0,1,2,C03,6,3,5,50,4,2,1,4,4,5,7,2,1,1,4,5,2,17,2,30,2,8,1,1,7,14,1,10,1,13,,44,23,1,22,9,121.5005105,25.03042751
111,12,17,5,37,2,02萬華區,萬華區萬大路與萬大路470巷口,0,0,2,1,F01,6,2,5,50,4,1,1,4,4,5,7,2,1,2,4,5,2,17,2,73,2,9,1,1,7,11,8,20,1,16,,25,25,1,22,9,121.4976647,25.0200773
111,12,17,5,37,2,02萬華區,萬華區萬大路與萬大路470巷口,0,0,2,2,C03,6,2,5,50,4,1,1,4,4,5,7,2,1,2,4,5,2,17,1,58,2,9,1,1,7,9,1,10,2,11,,13,25,1,22,9,121.4976647,25.0200773
111,12,17,6,40,2,07信義區,信義區松仁路151號,0,0,3,1,F01,6,1,5,50,14,9,1,4,4,5,7,4,4,9,4,5,2,16,2,57,2,9,1,1,7,9,8,20,1,16,,43,,1,22,9,121.5683864,25.0302005
111,12,17,6,40,2,07信義區,信義區松仁路151號,0,0,3,2,C03,6,1,5,50,14,9,1,4,4,5,7,4,4,9,4,5,2,16,2,49,2,9,1,1,7,9,1,10,2,11,,43,,1,22,9,121.5683864,25.0302005
111,12,17,6,40,2,07信義區,信義區松仁路151號,0,0,3,3,H02,6,1,5,50,14,9,1,4,4,5,7,4,4,9,4,5,2,16,1,83,2,9,4,5,7,20,8,20,10,16,,67,,1,22,9,121.5683864,25.0302005
111,12,17,6,55,2,09北投區,北投區中央南路1段與清江路口,0,0,1,1,C04,6,1,5,50,4,2,1,4,4,5,7,4,4,5,5,5,1,18,1,22,2,9,1,1,7,9,1,10,1,12,,42,,1,22,9,121.5012754,25.13166123
111,12,17,6,55,2,09北投區,北投區中央南路1段與清江路口,0,0,1,2,,6,1,5,50,4,2,1,4,4,5,7,4,4,5,5,5,1,18,3,,,,,,,,,,,,,67,,1,,,121.5012754,25.13166123
111,12,17,8,27,2,03中山區,中山區建國南路1段與八德路2段口,0,0,1,1,C03,6,1,5,50,4,2,1,4,4,5,7,2,1,4,3,5,2,13,1,35,2,9,3,4,7,9,1,9,1,11,,16,,1,22,9,121.5366549,25.0460238
111,12,17,8,27,2,03中山區,中山區建國南路1段與八德路2段口,0,0,1,2,C03,6,1,5,50,4,2,1,4,4,5,7,2,1,4,3,5,2,13,1,46,3,10,3,4,7,9,1,10,1,13,,44,,1,22,9,121.5366549,25.0460238
111,12,17,8,50,2,01大同區,大同區鄭州路與塔城街口,0,0,2,1,C03,6,1,5,40,4,1,1,4,4,5,7,2,1,1,5,5,2,12,1,19,2,9,1,1,7,9,1,10,2,12,,44,17,1,22,9,121.5106563,25.0502407
111,12,17,8,50,2,01大同區,大同區鄭州路與塔城街口,0,0,2,2,C03,6,1,5,40,4,1,1,4,4,5,7,2,1,1,5,5,2,12,1,29,2,9,1,1,7,9,1,10,2,14,,17,17,1,22,9,121.5106563,25.0502407
111,12,17,8,55,2,12內湖區,內湖區內湖路2段與文德路101巷口口,0,0,1,2,H01,6,1,5,50,15,18,1,4,4,5,7,2,1,9,5,5,2,3,2,71,2,8,4,5,8,16,8,20,10,16,,67,15,1,22,9,121.5827724,25.0797961
111,12,17,8,55,2,12內湖區,內湖區內湖路2段與文德路101巷口口,0,0,1,1,B01,6,1,5,50,15,18,1,4,4,5,7,2,1,9,5,5,2,3,1,53,3,10,1,1,7,5,1,4,2,8,,15,15,1,22,9,121.5827724,25.0797961
111,12,17,8,59,2,05中正區,中正區市民大道2段(往東近林金5號出口旁迴轉道),0,0,1,1,B12,6,1,5,40,14,9,1,4,4,5,7,4,4,1,4,5,2,12,1,44,3,10,1,1,7,11,1,8,1,5,,6,6,1,3,5,121.5270181,25.0470406
111,12,17,8,59,2,05中正區,中正區市民大道2段(往東近林金5號出口旁迴轉道),0,0,1,2,C03,6,1,5,40,14,9,1,4,4,5,7,4,4,1,4,5,2,12,1,27,2,8,1,1,7,9,1,10,1,14,,44,6,1,22,5,121.5270181,25.0470406
111,12,17,10,0,2,08士林區,士林區天母北路與天母北路101巷口,0,0,2,1,B03,6,1,5,50,4,1,1,4,4,5,7,4,4,9,5,5,2,25,1,67,2,9,1,1,7,9,1,8,1,5,,23,,1,22,9,121.5264693,25.1232245
111,12,17,10,0,2,08士林區,士林區天母北路與天母北路101巷口,0,0,2,2,,6,1,5,50,4,1,1,4,4,5,7,4,4,9,5,5,2,25,3,,,,,,,,,,,,,67,,1,,,121.5264693,25.1232245
111,12,17,10,0,2,08士林區,士林區天母北路與天母北路101巷口,0,0,2,3,H02,6,1,5,50,4,1,1,4,4,5,7,4,4,9,5,5,2,25,1,64,2,9,1,5,7,20,8,20,10,16,,67,,1,22,9,121.5264693,25.1232245
111,12,17,10,20,2,03中山區,中山區中山北路2段34號,0,0,2,1,C03,6,1,5,0,14,9,1,4,4,5,7,4,4,1,4,5,1,9,2,38,2,9,1,1,7,9,1,10,2,11,,42,,1,22,9,121.5225459,25.05420946
111,12,17,10,20,2,03中山區,中山區中山北路2段34號,0,0,2,2,H01,6,1,5,0,14,9,1,4,4,5,7,4,4,1,4,5,1,9,1,44,2,8,4,5,8,16,8,20,10,16,,67,,1,22,9,121.5225459,25.05420946
111,12,17,10,50,2,05中正區,中正區市民大道1段北3門,0,0,1,1,C03,6,1,5,40,14,9,1,4,4,5,7,4,4,1,4,5,2,12,1,27,2,9,1,1,7,9,1,10,2,11,,23,23,1,22,9,121.5167751,25.048597
111,12,17,10,50,2,05中正區,中正區市民大道1段北3門,0,0,1,2,B01,6,1,5,40,14,9,1,4,4,5,7,4,4,1,4,5,2,12,1,62,3,10,1,1,7,9,1,4,2,7,,44,23,1,22,9,121.5167751,25.048597
111,12,17,11,23,2,08士林區,士林區至誠路2段60巷與至誠路2段口,0,0,1,1,B03,6,1,5,40,3,1,1,4,4,5,7,4,4,7,5,5,1,16,1,43,3,10,1,1,7,5,1,8,1,1,,8,,1,22,9,121.5285808,25.1016704
111,12,17,11,23,2,08士林區,士林區至誠路2段60巷與至誠路2段口,0,0,1,2,C03,6,1,5,40,3,1,1,4,4,5,7,4,4,7,5,5,1,16,2,31,2,9,1,1,7,6,1,10,1,11,,6,,1,22,9,121.5285808,25.1016704
111,12,17,11,30,2,03中山區,中山區林森北路與林森北路107巷口,0,0,1,1,B12,6,1,5,50,3,1,1,4,4,5,7,1,1,1,4,5,2,3,1,59,3,10,1,1,7,2,1,8,1,3,,12,,1,22,9,121.525017,25.0503164
111,12,17,11,30,2,03中山區,中山區林森北路與林森北路107巷口,0,0,1,2,H01,6,1,5,50,3,1,1,4,4,5,7,1,1,1,4,5,2,3,2,67,2,9,4,5,8,16,8,20,10,16,,67,,1,22,9,121.525017,25.0503164
111,12,17,11,43,2,04大安區,大安區羅斯福路4段113巷13號,0,0,1,1,B03,6,1,5,30,14,9,1,4,4,5,7,4,4,5,5,5,2,17,1,39,3,10,3,4,7,5,1,8,2,4,,26,43,1,22,9,121.5386577,25.0112895
111,12,17,11,43,2,04大安區,大安區羅斯福路4段113巷13號,0,0,1,2,C03,6,1,5,30,14,9,1,4,4,5,7,4,4,5,5,5,2,17,1,21,2,9,1,1,7,9,1,10,2,12,,13,43,1,22,9,121.5386577,25.0112895
111,12,17,11,43,2,04大安區,大安區羅斯福路4段113巷13號,0,0,1,3,B03,6,1,5,30,14,9,1,4,4,5,7,4,4,5,5,5,2,17,1,23,3,10,1,1,7,13,1,8,9,8,,44,43,1,22,9,121.5386577,25.0112895
111,12,17,11,45,2,12內湖區,內湖區康寧路3段189巷與康寧路3段189巷11弄口,0,0,2,1,C03,6,1,5,30,4,1,1,4,4,5,7,4,4,10,5,5,2,16,1,59,2,9,1,1,7,9,1,10,1,14,,6,6,1,22,9,121.6125787,25.07031106
111,12,17,11,45,2,12內湖區,內湖區康寧路3段189巷與康寧路3段189巷11弄口,0,0,2,2,B03,6,1,5,30,4,1,1,4,4,5,7,4,4,10,5,5,2,16,1,71,3,10,1,1,7,9,1,8,1,5,,23,6,1,22,9,121.6125787,25.07031106
111,12,17,11,45,2,12內湖區,內湖區康寧路3段189巷與康寧路3段189巷11弄口,0,0,2,3,H02,6,1,5,30,4,1,1,4,4,5,7,4,4,10,5,5,2,16,2,58,2,9,1,5,7,21,8,20,10,16,,67,6,1,22,9,121.6125787,25.07031106
111,12,17,11,59,2,04大安區,大安區和平東路2段與瑞安街口,0,0,2,1,C03,6,1,5,50,4,1,4,4,4,5,7,1,1,1,4,5,2,16,1,63,2,9,1,1,7,8,1,10,1,12,,7,7,1,22,9,121.5387116,25.0253889
111,12,17,11,59,2,04大安區,大安區和平東路2段與瑞安街口,0,0,2,2,C03,6,1,5,50,4,1,4,4,4,5,7,1,1,1,4,5,2,16,2,69,2,9,1,1,7,9,1,10,1,14,,44,7,1,22,9,121.5387116,25.0253889
111,12,17,12,10,2,04大安區,大安區信義路4段與敦化南路2段口,0,0,1,1,C03,6,1,5,50,4,2,1,4,4,5,7,1,1,10,4,5,2,17,2,41,2,9,1,1,7,7,1,10,1,14,,7,7,1,22,9,121.5483147,25.0332127
111,12,17,12,10,2,04大安區,大安區信義路4段與敦化南路2段口,0,0,1,2,B03,6,1,5,50,4,2,1,4,4,5,7,1,1,10,4,5,2,17,2,46,3,10,1,1,7,9,1,8,1,2,,44,7,1,22,9,121.5483147,25.0332127
111,12,17,12,30,2,07信義區,信義區環東大道下基隆路匝道,0,0,1,1,B03,6,1,5,40,15,9,1,4,4,5,7,4,4,10,4,5,2,13,2,40,2,7,1,1,7,9,1,8,2,1,,16,,1,22,9,121.5675059,25.0461987
111,12,17,12,30,2,07信義區,信義區環東大道下基隆路匝道,0,0,1,2,B02,6,1,5,40,15,9,1,4,4,5,7,4,4,10,4,5,2,13,1,46,3,10,1,1,7,14,1,8,2,3,,44,,1,22,9,121.5675059,25.0461987
111,12,17,13,10,2,12內湖區,內湖區內湖路1段與文德路口,0,0,1,2,B01,6,1,5,50,3,1,1,4,4,5,7,1,1,1,5,5,2,17,1,55,3,10,1,1,7,9,1,8,1,8,,44,8,1,22,9,121.578836,25.07857299
111,12,17,13,10,2,12內湖區,內湖區內湖路1段與文德路口,0,0,1,1,C03,6,1,5,50,3,1,1,4,4,5,7,1,1,1,5,5,2,17,1,19,2,9,1,1,7,5,1,10,1,14,,8,8,1,22,9,121.578836,25.07857299
111,12,17,13,11,2,08士林區,士林區仰德大道2段2巷與仰德大道2段口,0,0,1,1,C03,6,1,5,40,3,2,1,4,4,5,7,2,1,4,5,5,1,11,1,18,2,9,1,1,7,15,1,10,2,12,,42,13,1,22,9,121.5396554,25.10193057
111,12,17,13,11,2,08士林區,士林區仰德大道2段2巷與仰德大道2段口,0,0,1,2,B01,6,1,5,40,3,2,1,4,4,5,7,2,1,4,5,5,1,11,1,53,3,10,1,1,7,9,1,2,2,7,,44,13,1,22,9,121.5396554,25.10193057
111,12,17,13,15,2,12內湖區,內湖區堤頂大道2段207號,0,0,1,1,B03,6,1,5,50,14,9,1,4,4,5,7,4,4,1,4,5,2,12,1,30,3,10,1,1,7,7,1,8,9,7,,7,7,1,22,9,121.5679298,25.07777963
111,12,17,13,15,2,12內湖區,內湖區堤頂大道2段207號,0,0,1,2,C03,6,1,5,50,14,9,1,4,4,5,7,4,4,1,4,5,2,12,2,20,2,8,1,1,7,9,1,10,1,15,,44,7,1,22,9,121.5679298,25.07777963
111,12,17,14,7,2,05中正區,中正區林森南路與青島東路口,0,0,1,1,B03,6,1,5,50,4,1,1,4,4,5,7,1,1,10,1,5,2,16,1,51,3,10,1,1,7,5,1,8,2,2,,6,,1,22,9,121.5230182,25.0436223
111,12,17,14,7,2,05中正區,中正區林森南路與青島東路口,0,0,1,2,C03,6,1,5,50,4,1,1,4,4,5,7,1,1,10,1,5,2,16,1,18,2,8,1,1,7,9,1,10,2,11,,13,,1,22,9,121.5230182,25.0436223
111,12,17,14,26,2,07信義區,信義區忠孝東路4段554巷與逸仙路50巷口,0,0,1,2,C03,6,1,5,30,4,1,1,4,4,5,7,4,4,9,5,5,2,15,1,32,2,8,1,1,7,9,1,10,1,12,,13,,1,22,9,121.5633868,25.0406112
111,12,17,14,26,2,07信義區,信義區忠孝東路4段554巷與逸仙路50巷口,0,0,1,3,B03,6,1,5,30,4,1,1,4,4,5,7,4,4,9,5,5,2,15,1,55,4,11,3,4,7,15,7,19,1,15,,38,,2,22,9,121.5633868,25.0406112
111,12,17,14,26,2,07信義區,信義區忠孝東路4段554巷與逸仙路50巷口,0,0,1,1,B01,6,1,5,30,4,1,1,4,4,5,7,4,4,9,5,5,2,15,1,66,3,10,1,1,7,9,1,4,1,1,,6,,1,22,9,121.5633868,25.0406112
111,12,17,14,48,2,08士林區,士林區基河路與文林路口,0,0,1,1,C03,6,1,5,50,14,9,1,4,4,5,7,4,4,10,4,5,2,17,1,66,2,9,1,1,7,1,6,10,8,11,,21,21,1,22,9,121.5249245,25.08525177
111,12,17,14,48,2,08士林區,士林區基河路與文林路口,0,0,1,2,B03,6,1,5,50,14,9,1,4,4,5,7,4,4,10,4,5,2,17,2,41,3,10,1,1,7,11,1,8,2,6,,26,21,1,22,9,121.5249245,25.08525177
111,12,17,14,57,2,11南港區,南港區忠孝東路7段99號,0,0,1,1,C03,6,1,5,40,14,8,1,4,4,5,7,4,4,10,5,5,2,13,1,56,2,9,3,4,7,9,1,10,1,11,,23,23,1,22,9,121.5997047,25.05133279
111,12,17,14,57,2,11南港區,南港區忠孝東路7段99號,0,0,1,2,B03,6,1,5,40,14,8,1,4,4,5,7,4,4,10,5,5,2,13,1,38,3,10,3,4,7,9,1,8,1,6,,43,23,1,22,9,121.5997047,25.05133279
111,12,17,15,30,2,10文山區,文山區景中街與景美街口,0,0,1,1,B03,6,1,5,50,4,1,1,4,4,5,7,4,4,1,4,5,2,9,1,53,3,10,1,1,7,11,1,8,2,5,,10,,1,22,9,121.5418101,24.99284239
111,12,17,15,30,2,10文山區,文山區景中街與景美街口,0,0,1,2,H01,6,1,5,50,4,1,1,4,4,5,7,4,4,1,4,5,2,9,2,34,2,8,4,5,8,16,8,20,10,16,,60,,1,22,9,121.5418101,24.99284239
111,12,17,15,50,2,03中山區,中山區北安路47號,0,0,1,1,B03,6,1,5,50,14,9,1,4,4,3,6,4,4,1,4,5,2,17,1,22,3,10,3,4,7,5,1,8,1,2,,8,,1,22,9,121.5285923,25.0777487
111,12,17,15,50,2,03中山區,中山區北安路47號,0,0,1,2,C03,6,1,5,50,14,9,1,4,4,3,6,4,4,1,4,5,2,17,1,44,2,8,3,4,7,9,1,10,1,11,,14,,1,22,9,121.5285923,25.0777487
111,12,17,15,54,2,02萬華區,萬華區成都路與康定路口,0,0,1,1,C03,6,1,5,50,4,2,1,4,4,5,7,1,1,10,4,5,2,17,1,33,2,8,1,1,7,6,1,9,1,13,,9,,1,22,9,121.5028829,25.0435151
111,12,17,15,54,2,02萬華區,萬華區成都路與康定路口,0,0,1,2,B03,6,1,5,50,4,2,1,4,4,5,7,1,1,10,4,5,2,17,1,48,3,10,1,1,7,9,1,8,1,1,,44,,1,22,9,121.5028829,25.0435151