發生年度,發生月,發生日,發生時-Hours,發生分,處理別-編號,區序,肇事地點,死亡人數,2-30日死亡人數,受傷人數,當事人序號,車種,天候,光線,道路類別,速限-速度限制,道路型態,事故位置,路面狀況1,路面狀況2,路面狀況3,道路障礙1,道路障礙2,號誌1,號誌2,車道劃分-分向,車道劃分-分道1,車道劃分-分道2,車道劃分-分道3,事故類型及型態,性別,年齡,受傷程度,主要傷處,安全帽,行動電話,車輛用途,當事者行動狀態,駕駛資格情形,駕駛執照種類,飲酒情形,車輛撞擊部位1,車輛撞擊部位2,肇因碼-個別,肇因碼-主要,個人肇逃否,職業,旅次目的,座標-X,座標-Y
111,12,17,17,0,2,03中山區,中山區中山北路3段與民族東路口,0,0,2,1,C03,7,2,5,50,4,1,1,4,4,5,7,2,1,10,4,5,2,16,1,19,2,8,1,4,7,8,1,10,1,12,,7,,1,22,9,121.5227193,25.0683974
111,12,17,17,0,2,03中山區,中山區中山北路3段與民族東路口,0,0,2,2,C03,7,2,5,50,4,1,1,4,4,5,7,2,1,10,4,5,2,16,1,29,2,9,1,4,7,9,1,10,1,14,,44,,1,22,9,121.5227193,25.0683974
111,12,17,17,39,2,10文山區,文山區木新路2段231號前,0,0,1,1,A02,6,3,5,50,14,9,1,4,4,5,7,4,4,5,4,5,2,3,1,29,3,10,1,1,7,9,1,2,9,4,,23,,2,21,4,121.5676027,24.9835663
111,12,17,17,39,2,10文山區,文山區木新路2段231號前,0,0,1,2,H01,6,3,5,50,14,9,1,4,4,5,7,4,4,5,4,5,2,3,2,40,2,1,4,5,8,17,8,20,10,16,,51,,1,22,7,121.5676027,24.9835663
111,12,17,17,39,2,10文山區,文山區木新路2段231號前,0,0,1,3,B03,6,3,5,50,14,9,1,4,4,5,7,4,4,5,4,5,2,3,2,55,3,10,1,1,7,9,1,8,9,7,,44,,2,22,9,121.5676027,24.9835663
111,12,17,17,40,2,06松山區,松山區八德路4段36巷與八德路4段72巷16弄口口,0,0,1,1,C03,6,3,5,30,14,9,1,4,4,5,7,4,4,10,5,5,2,15,1,21,2,9,1,1,7,9,1,10,1,11,,23,23,1,22,9,121.55938,25.04635746
111,12,17,17,40,2,06松山區,松山區八德路4段36巷與八德路4段72巷16弄口口,0,0,1,2,B12,6,3,5,30,14,9,1,4,4,5,7,4,4,10,5,5,2,15,2,26,3,10,1,1,7,9,1,8,1,2,,6,23,1,22,9,121.55938,25.04635746
111,12,17,17,40,2,06松山區,松山區八德路4段36巷與八德路4段72巷16弄口口,0,0,1,3,G01,6,3,5,30,14,9,1,4,4,5,7,4,4,10,5,5,2,15,3,,4,11,3,4,7,15,7,19,11,15,,38,23,2,22,9,121.55938,25.04635746
111,12,17,17,55,2,04大安區,大安區辛亥路1段136號,0,0,1,1,B03,6,3,5,50,14,9,1,4,4,5,7,4,4,1,3,5,2,12,1,28,3,10,1,1,7,5,1,8,1,6,,6,14,1,22,9,121.5336856,25.0222346
111,12,17,17,55,2,04大安區,大安區辛亥路1段136號,0,0,1,2,C03,6,3,5,50,14,9,1,4,4,5,7,4,4,1,3,5,2,12,1,32,2,9,1,1,7,9,1,10,1,11,,23,14,1,22,9,121.5336856,25.0222346
111,12,17,18,25,2,06松山區,松山區市民大道6段59號,0,0,1,1,B03,6,3,5,40,14,9,1,4,4,5,7,4,4,1,4,5,2,12,1,41,3,10,1,1,7,7,1,8,1,7,,7,,1,22,9,121.5735945,25.04949219
111,12,17,18,25,2,06松山區,松山區市民大道6段59號,0,0,1,2,C03,6,3,5,40,14,9,1,4,4,5,7,4,4,1,4,5,2,12,1,19,2,9,1,1,7,9,3,18,1,12,,23,,1,22,9,121.5735945,25.04949219
111,12,17,18,30,2,01大同區,大同區台北橋機車道往西,0,0,2,1,C03,6,3,5,50,15,9,1,4,4,5,7,4,4,10,4,5,2,16,2,50,2,7,3,4,7,7,1,10,1,14,,7,42,1,22,9,121.5085608,25.06352633
111,12,17,18,30,2,01大同區,大同區台北橋機車道往西,0,0,2,2,C03,6,3,5,50,15,9,1,4,4,5,7,4,4,10,4,5,2,16,1,41,2,8,3,4,7,9,4,11,1,11,,44,42,1,22,9,121.5085608,25.06352633
111,12,17,18,30,2,07信義區,信義區莊敬路400號,0,0,1,1,C03,6,3,8,0,15,22,4,4,4,5,7,4,4,10,4,4,2,1,2,20,3,10,1,1,7,9,1,10,1,12,,23,23,1,22,8,121.5657543,25.02736517
111,12,17,18,30,2,07信義區,信義區莊敬路400號,0,0,1,2,H01,6,3,8,0,15,22,4,4,4,5,7,4,4,10,4,4,2,1,2,71,2,8,4,5,8,16,8,20,10,16,,67,23,1,22,8,121.5657543,25.02736517
111,12,17,18,36,2,11南港區,南港區市民大道8段與向陽路口,0,0,3,1,C03,6,3,5,50,4,1,1,4,4,5,7,2,1,1,3,5,2,16,2,28,2,9,1,1,7,9,1,10,2,11,,32,,1,22,9,121.5954325,25.0515236
111,12,17,18,36,2,11南港區,南港區市民大道8段與向陽路口,0,0,3,3,H02,6,3,5,50,4,1,1,4,4,5,7,2,1,1,3,5,2,16,1,6,2,9,4,1,7,21,8,20,10,16,,67,,1,22,9,121.5954325,25.0515236
111,12,17,18,36,2,11南港區,南港區市民大道8段與向陽路口,0,0,3,2,C03,6,3,5,50,4,1,1,4,4,5,7,2,1,1,3,5,2,16,1,46,2,8,1,1,7,9,1,10,2,11,,25,,1,22,9,121.5954325,25.0515236
111,12,17,18,43,2,09北投區,北投區建民路與建民路29巷口,0,0,2,1,B03,6,3,5,30,5,1,1,4,4,5,7,4,4,10,5,5,2,15,1,40,3,10,3,4,7,9,1,8,2,8,,6,,1,22,9,121.5164239,25.10770049
111,12,17,18,43,2,09北投區,北投區建民路與建民路29巷口,0,0,2,2,C03,6,3,5,30,5,1,1,4,4,5,7,4,4,10,5,5,2,15,1,20,2,9,1,1,7,9,1,10,2,11,,23,,1,22,9,121.5164239,25.10770049
111,12,17,18,43,2,09北投區,北投區建民路與建民路29巷口,0,0,2,3,H02,6,3,5,30,5,1,1,4,4,5,7,4,4,10,5,5,2,15,2,21,2,8,4,5,7,21,8,20,10,15,,67,,1,22,9,121.5164239,25.10770049
111,12,17,18,43,2,12內湖區,內湖區安康路與康寧路3段245巷口,0,0,1,1,B12,6,3,5,50,14,9,1,4,4,5,7,2,1,5,5,5,2,17,1,41,3,10,3,4,7,13,1,3,2,7,,35,35,1,22,9,121.613626,25.06617601
111,12,17,18,43,2,12內湖區,內湖區安康路與康寧路3段245巷口,0,0,1,2,C03,6,3,5,50,14,9,1,4,4,5,7,2,1,5,5,5,2,17,1,58,2,9,1,1,7,9,1,10,2,12,,44,35,1,22,9,121.613626,25.06617601
111,12,17,18,43,2,12內湖區,內湖區安康路與康寧路3段245巷口,0,0,1,3,,6,3,5,50,14,9,1,4,4,5,7,2,1,5,5,5,2,17,4,,4,11,3,4,7,15,7,19,11,15,,43,35,2,22,9,121.613626,25.06617601
111,12,17,18,48,2,10文山區,文山區指南路1段與集英街口口,0,0,1,1,B03,6,3,5,30,3,1,1,4,4,5,7,4,4,8,5,5,2,3,2,54,3,10,1,1,7,5,1,8,2,8,,15,15,1,22,9,121.5695569,24.9876424
111,12,17,18,48,2,10文山區,文山區指南路1段與集英街口口,0,0,1,2,H01,6,3,5,30,3,1,1,4,4,5,7,4,4,8,5,5,2,3,1,2,2,8,4,5,8,16,8,20,10,15,,67,15,1,22,9,121.5695569,24.9876424
111,12,17,19,0,2,07信義區,信義區松平路與松平路99巷口,0,0,1,1,C03,6,3,5,30,3,2,1,4,4,5,7,4,4,5,5,5,2,17,1,68,2,9,3,4,7,5,1,10,1,12,,8,8,1,22,9,121.5676254,25.0304611
111,12,17,19,0,2,07信義區,信義區松平路與松平路99巷口,0,0,1,2,B12,6,3,5,30,3,2,1,4,4,5,7,4,4,5,5,5,2,17,1,41,3,10,3,4,7,9,1,8,1,1,,13,8,1,22,9,121.5676254,25.0304611
111,12,17,20,9,2,03中山區,中山區八德路2段199巷8號與建國北路1段23巷口,0,0,2,1,C02,6,3,5,30,4,2,1,4,4,5,7,4,4,10,5,5,2,15,1,28,2,9,3,4,7,9,4,10,2,11,,6,44,1,22,9,121.539045,25.04732713
111,12,17,20,9,2,03中山區,中山區八德路2段199巷8號與建國北路1段23巷口,0,0,2,2,C03,6,3,5,30,4,2,1,4,4,5,7,4,4,10,5,5,2,15,2,44,2,9,3,4,7,9,1,10,2,12,,44,44,1,22,9,121.539045,25.04732713
111,12,17,20,13,2,03中山區,中山區長安東路1段與林森北路口,0,0,1,1,B01,6,3,5,50,4,1,1,4,4,5,7,2,1,5,4,5,2,17,1,64,3,10,3,4,7,5,1,4,1,8,,23,,1,22,9,121.5246133,25.04904641
111,12,17,20,13,2,03中山區,中山區長安東路1段與林森北路口,0,0,1,2,C03,6,3,5,50,4,1,1,4,4,5,7,2,1,5,4,5,2,17,1,34,2,7,1,4,7,14,1,10,1,11,,44,,1,22,9,121.5246133,25.04904641
111,12,17,20,32,2,03中山區,中山區樂群二路56號,0,0,1,1,B03,6,3,5,50,14,9,1,4,4,5,7,1,1,1,3,5,1,16,1,40,3,10,3,4,7,1,1,8,1,8,,19,,1,22,9,121.5542843,25.07991393
111,12,17,20,32,2,03中山區,中山區樂群二路56號,0,0,1,2,C03,6,3,5,50,14,9,1,4,4,5,7,1,1,1,3,5,1,16,1,20,2,9,1,4,7,9,1,10,1,12,,13,,1,22,9,121.5542843,25.07991393
111,12,17,20,36,2,05中正區,中正區中華路1段9巷口,0,0,1,1,B03,6,3,5,50,14,8,1,4,4,5,7,4,4,9,4,4,1,16,1,52,3,10,1,1,7,10,1,8,2,5,,7,,1,21,5,121.5095764,25.04693717
111,12,17,20,36,2,05中正區,中正區中華路1段9巷口,0,0,1,2,C03,6,3,5,50,14,8,1,4,4,5,7,4,4,9,4,4,1,16,1,42,2,9,1,1,7,7,1,10,2,14,,44,,1,21,5,121.5095764,25.04693717
111,12,17,20,54,2,07信義區,信義區市府路45號,0,0,1,1,A02,7,3,5,50,14,9,1,5,4,5,7,4,4,1,4,5,2,9,1,53,3,10,3,4,7,12,1,2,1,15,,43,,1,22,9,121.5635655,25.0345625
111,12,17,20,54,2,07信義區,信義區市府路45號,0,0,1,2,H02,7,3,5,50,14,9,1,5,4,5,7,4,4,1,4,5,2,9,2,60,2,9,3,4,7,20,8,20,1,16,,67,,1,22,9,121.5635655,25.0345625
111,12,17,21,0,2,10文山區,文山區羅斯福路5段160號,0,0,3,1,C03,6,3,5,50,14,9,1,4,4,5,7,4,4,1,4,5,2,12,1,21,2,8,1,1,7,9,1,10,1,12,14,17,,1,22,9,121.5387709,25.00505887
111,12,17,21,0,2,10文山區,文山區羅斯福路5段160號,0,0,3,2,C04,6,3,5,50,14,9,1,4,4,5,7,4,4,1,4,5,2,12,1,72,2,9,1,1,7,9,1,8,1,14,12,44,,1,22,9,121.5387709,25.00505887
111,12,17,21,0,2,10文山區,文山區羅斯福路5段160號,0,0,3,3,C03,6,3,5,50,14,9,1,4,4,5,7,4,4,1,4,5,2,12,1,24,3,10,1,1,7,9,1,10,1,12,,44,,1,22,9,121.5387709,25.00505887
111,12,17,21,0,2,10文山區,文山區羅斯福路5段160號,0,0,3,4,B03,6,3,5,50,14,9,1,4,4,5,7,4,4,1,4,5,2,12,2,38,3,10,3,1,7,13,1,8,11,4,,44,,1,22,9,121.5387709,25.00505887
111,12,17,21,0,2,10文山區,文山區羅斯福路5段160號,0,0,3,5,H02,6,3,5,50,14,9,1,4,4,5,7,4,4,1,4,5,2,12,2,21,2,8,4,5,7,17,8,20,10,16,,67,,1,22,9,121.5387709,25.00505887
111,12,17,21,20,2,05中正區,中正區汀州路3段與辛亥路1段口,0,0,1,1,B03,6,3,5,50,4,1,1,4,4,5,7,1,1,5,4,5,2,16,1,23,3,10,1,1,7,6,1,8,1,8,,6,6,1,22,9,121.5275395,25.01852207
111,12,17,21,20,2,05中正區,中正區汀州路3段與辛亥路1段口,0,0,1,2,C04,6,3,5,50,4,1,1,4,4,5,7,1,1,5,4,5,2,16,1,23,2,9,1,1,7,9,1,10,1,12,,44,6,1,22,9,121.5275395,25.01852207
111,12,17,21,35,2,03中山區,中山區民權東路3段2號,0,0,1,1,B01,6,3,5,50,14,9,1,4,4,5,7,4,4,3,4,5,2,12,1,33,3,10,3,4,7,1,1,8,1,7,,19,44,1,22,9,121.5375057,25.06229587
111,12,17,21,35,2,03中山區,中山區民權東路3段2號,0,0,1,2,C03,6,3,5,50,14,9,1,4,4,5,7,4,4,3,4,5,2,12,2,43,2,9,3,4,7,9,1,10,1,11,,44,44,1,22,9,121.5375057,25.06229587
111,12,17,21,40,2,04大安區,大安區基隆路2段172-2號,0,0,1,2,C03,8,3,5,50,14,9,1,5,4,5,7,4,4,9,4,5,1,11,1,19,2,8,1,4,7,9,1,10,1,11,,23,,1,22,9,121.5546839,25.0265518
111,12,17,21,40,2,04大安區,大安區基隆路2段172-2號,0,0,1,1,B03,8,3,5,50,14,9,1,5,4,5,7,4,4,9,4,5,1,11,1,27,3,10,1,4,7,6,1,8,1,2,,9,,1,22,9,121.5546839,25.0265518
111,12,17,21,45,2,10文山區,文山區忠順街1段與忠順街1段10巷口,0,0,1,1,C03,6,1,5,30,3,2,1,4,4,5,7,4,4,8,5,5,2,17,1,39,2,8,1,1,7,6,1,10,2,12,,42,23,1,22,9,121.5582743,24.9839017
111,12,17,21,45,2,10文山區,文山區忠順街1段與忠順街1段10巷口,0,0,1,2,B03,6,1,5,30,3,2,1,4,4,5,7,4,4,8,5,5,2,17,1,47,3,10,1,1,7,9,1,8,2,15,,25,23,1,22,9,121.5582743,24.9839017
111,12,17,22,5,2,08士林區,士林區中山北路4段與通河街口,0,0,1,1,C03,8,3,5,50,3,2,1,5,4,5,7,2,1,1,4,5,1,17,2,52,2,8,1,1,7,7,1,10,1,14,,44,7,1,22,9,121.5245551,25.07970124
111,12,17,22,5,2,08士林區,士林區中山北路4段與通河街口,0,0,1,2,B03,8,3,5,50,3,2,1,5,4,5,7,2,1,1,4,5,1,17,1,22,3,10,1,1,7,1,1,8,1,5,,26,7,1,22,9,121.5245551,25.07970124
111,12,17,22,19,2,06松山區,松山區塔悠路與松河街口口,0,0,2,1,B03,7,3,5,50,3,1,1,5,4,5,7,1,1,1,3,4,2,16,1,28,3,10,1,1,7,11,1,8,1,6,,10,,1,22,9,121.570714,25.05099244
111,12,17,22,19,2,06松山區,松山區塔悠路與松河街口口,0,0,2,2,C03,7,3,5,50,3,1,1,5,4,5,7,1,1,1,3,4,2,16,1,33,2,9,1,1,7,9,1,10,1,11,,44,,1,22,9,121.570714,25.05099244
111,12,17,22,19,2,06松山區,松山區塔悠路與松河街口口,0,0,2,3,H02,7,3,5,50,3,1,1,5,4,5,7,1,1,1,3,4,2,16,2,30,2,9,1,1,7,21,8,20,10,16,,67,,1,22,9,121.570714,25.05099244
111,12,17,22,20,2,07信義區,信義區松智路與松壽路口口,0,0,2,1,B03,7,3,5,50,14,9,1,4,4,5,7,2,1,5,4,5,2,11,1,22,3,10,1,1,7,5,1,8,2,8,,8,,1,22,9,121.565514,25.0359607
111,12,17,22,20,2,07信義區,信義區松智路與松壽路口口,0,0,2,2,C03,7,3,5,50,14,9,1,4,4,5,7,2,1,5,4,5,2,11,1,19,2,8,1,1,7,9,1,10,2,11,,13,,1,22,8,121.565514,25.0359607
111,12,17,22,20,2,07信義區,信義區松智路與松壽路口口,0,0,2,3,C03,7,3,5,50,14,9,1,4,4,5,7,2,1,5,4,5,2,11,1,24,2,8,1,1,7,9,1,10,2,11,,16,,1,22,9,121.565514,25.0359607
111,12,17,22,38,2,07信義區,信義區松智路9巷與松高路口8號,0,0,1,1,B03,8,1,5,50,11,9,1,5,4,5,7,4,4,9,5,5,2,11,1,39,3,10,1,1,7,5,1,8,1,1,,26,,1,22,9,121.5663998,25.0379219
111,12,17,22,38,2,07信義區,信義區松智路9巷與松高路口8號,0,0,1,2,C03,8,1,5,50,11,9,1,5,4,5,7,4,4,9,5,5,2,11,1,28,2,9,1,1,7,14,1,10,1,11,,44,,1,22,9,121.5663998,25.0379219
111,12,17,22,47,2,10文山區,文山區萬安街與萬安街37巷口,0,0,1,1,B03,6,3,5,50,4,2,1,4,4,5,7,4,4,9,5,5,2,17,2,66,3,10,1,1,7,13,1,8,1,15,,42,,1,21,8,121.5707541,25.0003532
111,12,17,22,47,2,10文山區,文山區萬安街與萬安街37巷口,0,0,1,2,C03,6,3,5,50,4,2,1,4,4,5,7,4,4,9,5,5,2,17,1,23,2,9,1,1,7,9,1,10,1,14,,44,,1,21,4,121.5707541,25.0003532
111,12,17,22,47,2,10文山區,文山區萬安街與萬安街37巷口,0,0,1,3,,6,3,5,50,4,2,1,4,4,5,7,4,4,9,5,5,2,17,3,,,,,,,,,,,,,66,,1,,,121.5707541,25.0003532
111,12,17,23,24,2,01大同區,大同區重慶北路2段與重慶北路2段64巷口,0,0,1,2,H01,7,3,5,50,4,1,1,5,4,5,7,1,1,1,4,1,2,2,2,74,2,9,4,5,8,16,8,20,10,16,,67,,1,22,9,121.513941,25.0559591
111,12,17,23,24,2,01大同區,大同區重慶北路2段與重慶北路2段64巷口,0,0,1,1,,7,3,5,50,4,1,1,5,4,5,7,1,1,1,4,1,2,2,4,,4,11,3,4,7,15,7,19,11,15,,43,,2,22,9,121.513941,25.0559591
111,12,17,23,30,2,03中山區,中山區中山北路1段與長安東路1段口,0,0,1,1,B01,7,3,5,50,4,1,1,4,4,5,7,2,1,1,4,5,2,16,1,47,3,10,3,4,7,5,1,4,2,6,,8,,1,22,9,121.5217265,25.0498232
111,12,17,23,30,2,03中山區,中山區中山北路1段與長安東路1段口,0,0,1,2,C03,7,3,5,50,4,1,1,4,4,5,7,2,1,1,4,5,2,16,1,19,2,9,1,4,7,9,1,10,2,11,,13,,1,22,9,121.5217265,25.0498232
111,12,18,0,17,2,10文山區,文山區興隆路4段3號,0,0,1,1,B03,6,3,5,30,3,1,1,4,4,5,7,3,1,1,3,5,2,16,1,19,3,10,1,1,7,5,1,8,2,4,,6,,1,22,9,121.5589787,24.99115755
111,12,18,0,17,2,10文山區,文山區興隆路4段3號,0,0,1,2,C03,6,3,5,30,3,1,1,4,4,5,7,3,1,1,3,5,2,16,1,20,2,9,1,1,7,9,1,10,2,11,,23,,1,22,9,121.5589787,24.99115755
111,12,18,0,40,2,10文山區,文山區辛亥路5段與懷恩隧道口北往南入口處,0,0,1,1,C03,7,3,5,50,14,9,1,4,4,1,5,4,4,1,4,5,2,13,1,64,2,9,1,1,7,9,1,10,2,11,,23,23,1,22,9,121.5517472,24.99628688
111,12,18,0,40,2,10文山區,文山區辛亥路5段與懷恩隧道口北往南入口處,0,0,1,2,B12,7,3,5,50,14,9,1,4,4,1,5,4,4,1,4,5,2,13,1,57,3,10,1,1,7,13,1,8,9,6,,44,23,1,22,9,121.5517472,24.99628688
111,12,18,0,50,2,01大同區,大同區環河北路1段143號,0,0,1,1,B12,7,3,5,50,14,9,1,5,4,5,7,4,4,9,4,5,2,13,1,61,4,11,3,4,7,15,7,19,11,15,,44,,2,22,9,121.5076428,25.05425434
111,12,18,0,50,2,01大同區,大同區環河北路1段143號,0,0,1,2,C03,7,3,5,50,14,9,1,5,4,5,7,4,4,9,4,5,2,13,1,41,2,9,1,1,7,9,1,10,1,11,,16,,1,22,9,121.5076428,25.05425434
111,12,18,1,5,2,07信義區,信義區永吉路與松信路口口,0,0,1,1,B03,8,3,5,50,4,1,1,5,4,5,7,1,1,9,5,4,2,12,1,48,3,10,1,1,7,5,1,8,1,4,,8,,1,22,9,121.5721255,25.0456362
111,12,18,1,5,2,07信義區,信義區永吉路與松信路口口,0,0,1,2,C03,8,3,5,50,4,1,1,5,4,5,7,1,1,9,5,4,2,12,1,25,2,9,1,1,7,9,1,10,1,11,,44,,1,22,9,121.5721255,25.0456362
111,12,18,1,10,2,05中正區,中正區辛亥路1段與辛亥路1段43巷口,0,0,1,1,B01,7,3,5,30,13,9,1,5,4,5,7,4,4,1,4,5,1,16,1,37,3,10,1,1,7,6,1,4,2,4,,6,,1,22,9,121.5285711,25.01947341
111,12,18,1,10,2,05中正區,中正區辛亥路1段與辛亥路1段43巷口,0,0,1,2,C03,7,3,5,30,13,9,1,5,4,5,7,4,4,1,4,5,1,16,1,23,2,9,1,1,7,9,1,10,2,11,,14,,1,22,9,121.5285711,25.01947341
111,12,18,1,23,2,02萬華區,萬華區永福街與柳州街口,0,0,1,1,B03,7,3,5,30,4,1,1,5,4,5,7,3,1,5,5,5,2,15,1,47,3,10,1,4,7,9,1,8,1,5,,6,,1,22,9,121.5052278,25.0382692
111,12,18,1,23,2,02萬華區,萬華區永福街與柳州街口,0,0,1,2,C03,7,3,5,30,4,1,1,5,4,5,7,3,1,5,5,5,2,15,1,25,2,8,1,4,7,9,1,10,1,11,,14,,1,22,9,121.5052278,25.0382692
111,12,18,1,52,2,12內湖區,內湖區成功路2段與成功路2段426巷口口,0,0,2,1,C03,8,3,5,50,4,1,1,5,4,5,7,2,1,1,3,5,2,15,1,28,2,9,1,1,7,9,1,10,1,11,,25,25,1,22,9,121.5897106,25.07151215
111,12,18,1,52,2,12內湖區,內湖區成功路2段與成功路2段426巷口口,0,0,2,2,C03,8,3,5,50,4,1,1,5,4,5,7,2,1,1,3,5,2,15,2,29,2,9,1,1,7,9,1,10,1,11,,44,25,1,22,9,121.5897106,25.07151215
111,12,18,6,33,2,04大安區,大安區信義路4段199巷與安和路1段112巷口,0,0,1,1,B01,8,1,5,30,4,1,1,5,4,5,7,4,4,10,4,5,2,15,1,56,3,10,3,4,7,9,1,4,1,2,,6,,1,22,9,121.5516518,25.03385668
111,12,18,6,33,2,04大安區,大安區信義路4段199巷與安和路1段112巷口,0,0,1,2,C03,8,1,5,30,4,1,1,5,4,5,7,4,4,10,4,5,2,15,1,55,2,8,3,4,7,9,1,10,1,11,,27,,1,22,9,121.5516518,25.03385668
111,12,18,8,19,2,04大安區,大安區金山南路2段與潮州街口,0,0,2,1,C03,8,1,5,50,4,2,1,5,4,5,7,2,1,10,4,5,2,11,2,67,2,8,3,4,7,5,1,10,1,11,,8,,1,22,9,121.526198,25.02891018
111,12,18,8,19,2,04大安區,大安區金山南路2段與潮州街口,0,0,2,2,C03,8,1,5,50,4,2,1,5,4,5,7,2,1,10,4,5,2,11,1,42,2,8,3,4,7,9,1,10,1,14,,44,,1,22,9,121.526198,25.02891018
111,12,18,8,45,2,05中正區,中正區青島東路與杭州南路1段口,0,0,1,1,B03,7,1,5,50,3,4,1,5,4,5,7,2,1,9,4,4,2,12,1,75,3,10,1,1,7,9,1,8,2,5,,26,,1,19,5,121.5263861,25.04280461
111,12,18,8,45,2,05中正區,中正區青島東路與杭州南路1段口,0,0,1,2,C03,7,1,5,50,3,4,1,5,4,5,7,2,1,9,4,4,2,12,2,20,2,8,1,1,7,5,1,10,1,14,,17,,1,22,5,121.5263861,25.04280461
111,12,18,8,45,2,05中正區,中正區重慶南路2段與寧波西街口,0,0,2,1,C03,7,1,5,50,4,1,1,5,4,5,7,1,1,1,4,5,2,15,2,40,2,9,1,1,7,9,6,10,2,11,,25,,1,22,9,121.5153289,25.0298179
111,12,18,8,45,2,05中正區,中正區重慶南路2段與寧波西街口,0,0,2,2,C04,7,1,5,50,4,1,1,5,4,5,7,1,1,1,4,5,2,15,2,32,2,9,1,1,7,9,1,10,2,12,,44,,1,22,9,121.5153289,25.0298179
111,12,18,8,45,2,05中正區,中正區中華路2段與莒光路口口,0,0,1,1,B03,8,1,5,50,14,9,1,5,4,5,7,1,1,5,4,5,2,11,1,38,3,10,1,1,7,5,1,8,2,2,,8,,1,22,9,121.5041438,25.0313035
111,12,18,8,45,2,05中正區,中正區中華路2段與莒光路口口,0,0,1,2,C03,8,1,5,50,14,9,1,5,4,5,7,1,1,5,4,5,2,11,1,47,2,8,1,1,7,9,1,10,2,11,,44,,1,22,9,121.5041438,25.0313035
111,12,18,8,56,2,03中山區,中山區林森北路與民權東路1段口,0,0,1,1,B03,8,1,5,50,4,1,1,5,4,5,7,1,1,1,4,5,2,16,1,48,3,10,3,4,7,5,1,8,1,2,,23,,1,22,9,121.5256081,25.0626357
111,12,18,8,56,2,03中山區,中山區林森北路與民權東路1段口,0,0,1,2,C03,8,1,5,50,4,1,1,5,4,5,7,1,1,1,4,5,2,16,1,25,2,9,1,1,7,9,1,10,1,11,,13,,1,22,9,121.5256081,25.0626357
111,12,18,9,30,2,03中山區,中山區中山北路2段與民權東路1段口,0,0,2,1,C03,8,1,5,50,4,1,1,5,4,5,7,1,1,1,3,5,1,16,2,26,2,8,1,1,7,1,1,10,1,14,,19,,1,22,9,121.5227185,25.06290602
111,12,18,9,30,2,03中山區,中山區中山北路2段與民權東路1段口,0,0,2,2,B03,8,1,5,50,4,1,1,5,4,5,7,1,1,1,3,5,1,16,1,34,3,10,1,1,7,6,1,8,1,5,,9,,1,22,9,121.5227185,25.06290602
111,12,18,9,30,2,03中山區,中山區中山北路2段與民權東路1段口,0,0,2,3,H02,8,1,5,50,4,1,1,5,4,5,7,1,1,1,3,5,1,16,2,32,2,8,1,5,7,20,8,20,10,16,,67,,1,22,9,121.5227185,25.06290602
111,12,18,9,52,2,03中山區,中山區中山北路1段146號,0,0,4,2,C03,7,1,5,50,14,9,1,5,4,5,7,4,4,4,3,5,2,12,2,42,2,9,3,4,7,9,1,10,2,12,,17,,1,22,9,121.5222744,25.05162083
111,12,18,9,52,2,03中山區,中山區中山北路1段146號,0,0,4,3,C03,7,1,5,50,14,9,1,5,4,5,7,4,4,4,3,5,2,12,2,43,2,9,3,4,7,9,6,18,2,14,,42,,1,22,9,121.5222744,25.05162083
111,12,18,9,52,2,03中山區,中山區中山北路1段146號,0,0,4,4,C03,7,1,5,50,14,9,1,5,4,5,7,4,4,4,3,5,2,12,2,21,2,9,3,4,7,9,1,10,2,12,,44,,1,22,9,121.5222744,25.05162083
111,12,18,9,52,2,03中山區,中山區中山北路1段146號,0,0,4,1,C03,7,1,5,50,14,9,1,5,4,5,7,4,4,4,3,5,2,12,1,23,2,9,3,4,7,9,1,10,2,14,,17,,1,22,9,121.5222744,25.05162083
111,12,18,10,5,2,12內湖區,內湖區內湖路1段518巷與洲子街口,0,0,1,1,C03,7,1,5,50,4,1,1,5,4,5,7,3,1,5,4,5,2,16,1,70,2,7,1,1,7,9,1,10,1,11,,6,,1,22,9,121.5735452,25.07905067
111,12,18,10,5,2,12內湖區,內湖區內湖路1段518巷與洲子街口,0,0,1,2,B03,7,1,5,50,4,1,1,5,4,5,7,3,1,5,4,5,2,16,1,27,3,10,1,1,7,9,1,8,1,7,,44,,1,22,9,121.5735452,25.07905067
111,12,18,10,8,2,12內湖區,內湖區康寧路1段與成功路4段61巷35弄口口,0,0,1,1,C04,8,1,5,50,4,2,1,5,4,3,7,4,4,9,5,5,2,12,2,67,2,9,1,1,7,7,1,11,1,14,,7,,1,22,9,121.5927459,25.07989458
111,12,18,10,8,2,12內湖區,內湖區康寧路1段與成功路4段61巷35弄口口,0,0,1,2,B03,8,1,5,50,4,2,1,5,4,3,7,4,4,9,5,5,2,12,2,55,3,10,1,1,7,9,1,8,1,7,,44,,1,22,9,121.5927459,25.07989458
111,12,18,10,8,2,12內湖區,內湖區康寧路1段與成功路4段61巷35弄口口,0,0,1,3,B03,8,1,5,50,4,2,1,5,4,3,7,4,4,9,5,5,2,12,1,40,3,10,1,1,7,13,1,8,1,4,,42,,1,22,9,121.5927459,25.07989458