發生年度,發生月,發生日,發生時-Hours,發生分,處理別-編號,區序,肇事地點,死亡人數,2-30日死亡人數,受傷人數,當事人序號,車種,天候,光線,道路類別,速限-速度限制,道路型態,事故位置,路面狀況1,路面狀況2,路面狀況3,道路障礙1,道路障礙2,號誌1,號誌2,車道劃分-分向,車道劃分-分道1,車道劃分-分道2,車道劃分-分道3,事故類型及型態,性別,年齡,受傷程度,主要傷處,安全帽,行動電話,車輛用途,當事者行動狀態,駕駛資格情形,駕駛執照種類,飲酒情形,車輛撞擊部位1,車輛撞擊部位2,肇因碼-個別,肇因碼-主要,個人肇逃否,職業,旅次目的,座標-X,座標-Y
111,12,18,10,14,2,08士林區,士林區福國路與福華路口,0,0,4,1,C03,8,1,5,50,4,1,1,5,4,5,7,2,1,3,4,5,1,16,1,32,2,7,1,1,7,9,1,10,2,14,,25,,1,22,9,121.522468,25.1018003
111,12,18,10,14,2,08士林區,士林區福國路與福華路口,0,0,4,2,C03,8,1,5,50,4,1,1,5,4,5,7,2,1,3,4,5,1,16,1,70,2,7,1,1,7,9,1,10,2,12,,44,,1,22,9,121.522468,25.1018003
111,12,18,10,14,2,08士林區,士林區福國路與福華路口,0,0,4,3,H02,8,1,5,50,4,1,1,5,4,5,7,2,1,3,4,5,1,16,2,35,2,7,4,5,7,17,8,20,10,16,,67,,1,22,9,121.522468,25.1018003
111,12,18,10,14,2,08士林區,士林區福國路與福華路口,0,0,4,4,H02,8,1,5,50,4,1,1,5,4,5,7,2,1,3,4,5,1,16,2,67,2,9,4,5,7,17,8,20,10,16,,67,,1,22,9,121.522468,25.1018003
111,12,18,10,35,2,04大安區,大安區敦化南路2段11巷14弄與敦化南路2段11巷口,0,0,2,1,B03,8,1,5,30,4,1,1,4,4,5,7,4,4,10,5,5,2,15,1,53,3,10,1,1,7,9,1,8,1,1,,6,,1,22,9,121.5501525,25.0325702
111,12,18,10,35,2,04大安區,大安區敦化南路2段11巷14弄與敦化南路2段11巷口,0,0,2,2,C03,8,1,5,30,4,1,1,4,4,5,7,4,4,10,5,5,2,15,1,20,2,9,1,1,7,9,1,10,1,12,,14,,1,22,9,121.5501525,25.0325702
111,12,18,10,35,2,04大安區,大安區敦化南路2段11巷14弄與敦化南路2段11巷口,0,0,2,3,B03,8,1,5,30,4,1,1,4,4,5,7,4,4,10,5,5,2,15,2,43,3,10,1,1,7,13,1,8,1,4,,44,,1,22,9,121.5501525,25.0325702
111,12,18,10,35,2,04大安區,大安區敦化南路2段11巷14弄與敦化南路2段11巷口,0,0,2,4,H02,8,1,5,30,4,1,1,4,4,5,7,4,4,10,5,5,2,15,2,21,2,9,4,5,7,20,8,20,10,16,,67,,1,22,9,121.5501525,25.0325702
111,12,18,10,46,2,04大安區,大安區泰順街與雲和街口,0,0,1,1,B03,7,1,5,30,4,1,1,5,4,5,7,4,4,10,5,5,2,9,1,58,3,10,1,1,7,5,1,8,2,8,,23,,1,22,9,121.5312751,25.0232852
111,12,18,10,46,2,04大安區,大安區泰順街與雲和街口,0,0,1,2,H01,7,1,5,30,4,1,1,5,4,5,7,4,4,10,5,5,2,9,2,89,2,9,4,1,8,16,8,20,10,16,,53,,1,22,9,121.5312751,25.0232852
111,12,18,10,55,2,03中山區,中山區中山北路3段與民族東路口,0,0,1,1,B03,8,1,5,50,4,1,1,5,4,5,7,2,1,1,4,5,2,17,1,45,3,10,3,4,7,5,1,8,1,15,,8,,1,22,9,121.5229654,25.068455
111,12,18,10,55,2,03中山區,中山區中山北路3段與民族東路口,0,0,1,2,C03,8,1,5,50,4,1,1,5,4,5,7,2,1,1,4,5,2,17,1,19,2,9,3,4,7,9,1,10,1,12,,44,,1,22,9,121.5229654,25.068455
111,12,18,11,8,2,02萬華區,萬華區萬大路423巷20弄與萬大路423巷口,0,0,1,1,F01,8,1,5,50,3,1,1,5,4,5,7,4,4,8,3,5,1,18,1,58,2,9,1,1,7,12,8,20,9,16,,43,,1,22,9,121.4997948,25.021064
111,12,18,11,8,2,02萬華區,萬華區萬大路423巷20弄與萬大路423巷口,0,0,1,2,B03,8,1,5,50,3,1,1,5,4,5,7,4,4,8,3,5,1,18,4,,,,,,,,,,11,,,43,,1,,,121.4997948,25.021064
111,12,18,11,42,2,08士林區,士林區基河路劍潭捷運站1號出口對面,0,0,1,2,C04,8,1,5,50,14,9,1,5,4,5,7,4,4,3,4,5,2,17,2,72,2,1,1,1,7,9,1,8,1,14,,43,,1,22,9,121.5250435,25.08549036
111,12,18,11,42,2,08士林區,士林區基河路劍潭捷運站1號出口對面,0,0,1,1,B01,8,1,5,50,14,9,1,5,4,5,7,4,4,3,4,5,2,17,4,,4,11,3,4,7,15,7,19,11,15,,43,,2,22,9,121.5250435,25.08549036
111,12,18,11,44,2,01大同區,大同區民權西路144巷與民權西路102巷4弄口,0,0,3,1,C03,7,2,5,30,4,1,1,5,4,5,7,3,1,10,5,5,2,15,2,21,2,8,1,1,7,9,1,10,1,11,,6,,1,22,9,121.5159333,25.0616185
111,12,18,11,44,2,01大同區,大同區民權西路144巷與民權西路102巷4弄口,0,0,3,2,C03,7,2,5,30,4,1,1,5,4,5,7,3,1,10,5,5,2,15,1,41,2,5,1,1,7,9,1,10,1,12,,14,,1,22,9,121.5159333,25.0616185
111,12,18,11,44,2,01大同區,大同區民權西路144巷與民權西路102巷4弄口,0,0,3,3,H02,7,2,5,30,4,1,1,5,4,5,7,3,1,10,5,5,2,15,1,44,2,5,4,5,7,21,8,20,1,16,,67,,1,22,9,121.5159333,25.0616185
111,12,18,11,44,2,10文山區,文山區景文街95號,0,0,1,1,B03,7,1,5,50,14,7,1,5,4,5,7,4,4,5,2,4,2,17,1,62,3,10,1,1,7,4,1,8,1,2,2,1,,1,22,9,121.5412676,24.9909869
111,12,18,11,44,2,10文山區,文山區景文街95號,0,0,1,2,C03,7,1,5,50,14,7,1,5,4,5,7,4,4,5,2,4,2,17,1,26,2,9,1,1,7,9,1,10,1,14,12,17,,1,22,9,121.5412676,24.9909869
111,12,18,11,45,2,09北投區,北投區石牌路1段與石牌路1段166巷口,0,0,1,1,C03,8,1,5,50,3,2,1,5,4,5,7,2,1,5,4,5,1,13,2,18,2,9,1,1,7,8,1,10,1,11,,16,,1,22,9,121.5134089,25.11445646
111,12,18,11,45,2,09北投區,北投區石牌路1段與石牌路1段166巷口,0,0,1,2,B03,8,1,5,50,3,2,1,5,4,5,7,2,1,5,4,5,1,13,1,61,3,10,1,1,7,9,1,8,1,6,,44,,1,22,9,121.5134089,25.11445646
111,12,18,12,2,2,09北投區,北投區大興街與清江路口,0,0,1,1,B03,7,1,5,50,4,2,1,5,4,5,7,2,1,10,5,5,2,13,1,57,3,10,1,1,7,9,1,8,1,1,,23,,1,22,9,121.5020654,25.1307967
111,12,18,12,2,2,09北投區,北投區大興街與清江路口,0,0,1,2,C03,7,1,5,50,4,2,1,5,4,5,7,2,1,10,5,5,2,13,2,63,2,9,1,1,7,14,1,10,1,13,,44,,1,22,9,121.5020654,25.1307967
111,12,18,12,9,2,03中山區,中山區中山北路1段105巷與天津街口,0,0,2,1,C03,8,1,5,30,4,1,1,5,4,5,7,4,4,9,5,5,2,15,1,18,2,7,3,4,7,9,3,18,1,14,,6,,1,22,9,121.523195,25.05076732
111,12,18,12,9,2,03中山區,中山區中山北路1段105巷與天津街口,0,0,2,2,C03,8,1,5,30,4,1,1,5,4,5,7,4,4,9,5,5,2,15,1,33,2,9,3,4,7,9,1,10,1,11,,13,,1,22,9,121.523195,25.05076732
111,12,18,12,10,2,08士林區,士林區中山北路5段與中山北路5段699巷口,0,0,1,1,C03,8,1,5,30,5,1,1,5,4,5,7,1,1,10,5,5,2,17,1,64,3,10,1,1,7,5,1,10,2,14,,8,,1,22,9,121.5278569,25.09576896
111,12,18,12,10,2,08士林區,士林區中山北路5段與中山北路5段699巷口,0,0,1,2,C04,8,1,5,30,5,1,1,5,4,5,7,1,1,10,5,5,2,17,2,79,2,9,1,1,7,9,1,11,2,12,,44,,1,22,9,121.5278569,25.09576896
111,12,18,12,33,2,08士林區,士林區華齡街與劍潭路口,0,0,2,1,B03,8,1,5,50,4,1,1,5,4,5,7,4,4,5,5,5,2,16,1,46,3,10,3,4,7,5,1,8,1,8,,8,,1,22,9,121.5195504,25.08207492
111,12,18,12,33,2,08士林區,士林區華齡街與劍潭路口,0,0,2,2,C03,8,1,5,50,4,1,1,5,4,5,7,4,4,5,5,5,2,16,1,48,2,6,3,4,7,9,1,10,1,14,,44,,1,22,9,121.5195504,25.08207492
111,12,18,12,33,2,08士林區,士林區華齡街與劍潭路口,0,0,2,3,H02,8,1,5,50,4,1,1,5,4,5,7,4,4,5,5,5,2,16,2,8,2,8,4,5,7,20,8,20,10,16,,67,,1,22,9,121.5195504,25.08207492
111,12,18,13,0,2,05中正區,中正區廈門街與廈門街82巷口口,0,0,2,1,C03,8,1,5,30,14,9,1,5,4,5,7,4,4,9,4,5,2,12,1,60,2,8,1,1,7,1,1,10,2,11,,19,,1,22,9,121.5174266,25.024468
111,12,18,13,0,2,05中正區,中正區廈門街與廈門街82巷口口,0,0,2,2,C03,8,1,5,30,14,9,1,5,4,5,7,4,4,9,4,5,2,12,2,34,2,8,1,1,7,9,1,10,2,11,,13,,1,22,9,121.5174266,25.024468
111,12,18,13,4,2,10文山區,文山區指南路3段34巷、指南幹110桿,0,0,1,1,C03,7,1,5,30,11,9,1,5,1,5,7,4,4,10,5,5,1,18,1,32,2,9,1,1,7,5,1,10,2,11,,23,,1,22,9,121.5821527,24.9683022
111,12,18,13,4,2,10文山區,文山區指南路3段34巷、指南幹110桿,0,0,1,2,,7,1,5,30,11,9,1,5,1,5,7,4,4,10,5,5,1,18,3,,,,,,,,,,,,,67,,1,,,121.5821527,24.9683022
111,12,18,13,30,2,03中山區,中山區中山北路2段與民權東路1段口,0,0,1,1,C03,7,1,5,50,4,1,1,5,4,5,7,2,1,1,4,5,2,12,1,55,3,10,1,4,7,8,1,10,2,12,,7,,1,22,9,121.5226531,25.06265206
111,12,18,13,30,2,03中山區,中山區中山北路2段與民權東路1段口,0,0,1,2,C03,7,1,5,50,4,1,1,5,4,5,7,2,1,1,4,5,2,12,2,47,2,9,1,4,7,9,1,10,2,14,,44,,1,22,9,121.5226531,25.06265206
111,12,18,14,30,2,05中正區,中正區重慶南路1段與開封街1段口,0,0,1,1,A02,8,1,5,50,4,2,1,5,4,5,7,2,1,10,4,5,1,9,4,,4,11,3,4,7,15,7,19,11,15,,43,,2,22,9,121.5136975,25.0459746
111,12,18,14,30,2,05中正區,中正區重慶南路1段與開封街1段口,0,0,1,2,H02,8,1,5,50,4,2,1,5,4,5,7,2,1,10,4,5,1,9,2,53,2,1,4,5,7,20,8,20,10,16,,67,,1,22,9,121.5136975,25.0459746
111,12,18,15,30,2,12內湖區,內湖區瑞光路與陽光街口,0,0,4,1,B03,7,1,5,50,4,1,1,5,4,4,6,1,1,5,4,5,1,17,1,56,2,7,1,1,7,5,1,8,1,5,,25,,1,22,9,121.5791768,25.0737525
111,12,18,15,30,2,12內湖區,內湖區瑞光路與陽光街口,0,0,4,2,B03,7,1,5,50,4,1,1,5,4,4,6,1,1,5,4,5,1,17,1,57,2,3,1,1,7,9,1,8,1,8,,44,,1,22,9,121.5791768,25.0737525
111,12,18,15,30,2,12內湖區,內湖區瑞光路與陽光街口,0,0,4,3,H02,7,1,5,50,4,1,1,5,4,4,6,1,1,5,4,5,1,17,2,55,2,7,1,5,7,20,8,20,10,16,,67,,1,22,9,121.5791768,25.0737525
111,12,18,15,30,2,12內湖區,內湖區瑞光路與陽光街口,0,0,4,4,H02,7,1,5,50,4,1,1,5,4,4,6,1,1,5,4,5,1,17,2,50,2,3,1,5,7,20,8,20,10,16,,67,,1,22,9,121.5791768,25.0737525
111,12,18,15,57,2,04大安區,大安區羅斯福路3段99號,0,0,1,1,C03,8,1,5,50,14,9,1,5,4,5,7,2,1,1,4,5,2,13,1,23,2,7,3,4,7,9,1,10,1,11,,42,,1,22,9,121.526529,25.022219
111,12,18,15,57,2,04大安區,大安區羅斯福路3段99號,0,0,1,2,B03,8,1,5,50,14,9,1,5,4,5,7,2,1,1,4,5,2,13,1,44,3,10,3,4,7,12,1,8,1,3,,43,,1,22,9,121.526529,25.022219
111,12,18,16,46,2,05中正區,中正區忠孝西路1段與館前路口,0,0,1,1,C03,8,1,5,50,4,1,1,5,4,5,7,1,1,1,4,5,2,17,1,25,2,7,1,1,7,9,1,10,1,11,,26,,1,22,9,121.515082,25.0469336
111,12,18,16,46,2,05中正區,中正區忠孝西路1段與館前路口,0,0,1,2,B03,8,1,5,50,4,1,1,5,4,5,7,1,1,1,4,5,2,17,1,38,3,10,1,1,7,6,1,8,1,7,,9,,1,22,9,121.515082,25.0469336
111,12,18,16,50,2,05中正區,中正區林森北路與林森北路9巷口,0,0,1,1,C03,8,1,5,50,3,2,1,5,4,5,7,4,4,8,4,4,2,13,1,59,2,7,1,1,7,9,1,10,2,11,,23,,1,22,9,121.5237,25.04587884
111,12,18,16,50,2,05中正區,中正區林森北路與林森北路9巷口,0,0,1,2,B03,8,1,5,50,3,2,1,5,4,5,7,4,4,8,4,4,2,13,1,51,3,10,1,1,7,12,1,8,2,3,,44,,1,22,9,121.5237,25.04587884
111,12,18,17,0,2,07信義區,信義區基隆路2段與和平東路3段口,0,0,1,1,C03,7,1,5,50,4,2,1,5,4,5,7,2,1,10,4,5,2,17,1,23,2,9,1,1,7,7,1,10,1,13,,7,,1,22,9,121.5528972,25.0246153
111,12,18,17,0,2,07信義區,信義區基隆路2段與和平東路3段口,0,0,1,2,B03,7,1,5,50,4,2,1,5,4,5,7,2,1,10,4,5,2,17,1,70,3,10,1,1,7,6,1,8,1,5,,9,,1,22,9,121.5528972,25.0246153
111,12,18,17,3,2,04大安區,大安區和平東路1段181號,0,0,1,1,C03,8,3,5,50,14,9,1,5,4,5,7,4,4,1,4,4,2,13,1,34,2,9,3,4,7,9,1,10,1,11,,16,,1,22,9,121.5329748,25.02634649
111,12,18,17,3,2,04大安區,大安區和平東路1段181號,0,0,1,2,B11,8,3,5,50,14,9,1,5,4,5,7,4,4,1,4,4,2,13,1,36,3,10,3,4,7,12,1,3,1,7,,44,,1,22,9,121.5329748,25.02634649
111,12,18,17,35,2,04大安區,大安區基隆路4段(公車公館站),0,0,1,1,C03,7,3,5,50,14,7,1,5,4,5,7,4,4,9,4,4,2,12,1,23,2,8,1,1,7,9,1,10,1,12,,16,,1,22,9,121.5382201,25.01189105
111,12,18,17,35,2,04大安區,大安區基隆路4段(公車公館站),0,0,1,2,B03,7,3,5,50,14,7,1,5,4,5,7,4,4,9,4,4,2,12,1,42,3,10,1,3,7,15,1,8,1,7,,44,,1,22,9,121.5382201,25.01189105
111,12,18,17,40,2,10文山區,文山區木柵路2段與木柵路2段109巷口,0,0,1,1,B03,8,3,5,50,4,1,1,5,4,5,7,2,1,5,2,5,2,12,2,65,3,10,3,4,7,6,1,8,1,2,,9,,1,22,9,121.5617955,24.98885807
111,12,18,17,40,2,10文山區,文山區木柵路2段與木柵路2段109巷口,0,0,1,2,C03,8,3,5,50,4,1,1,5,4,5,7,2,1,5,2,5,2,12,1,37,2,7,3,4,7,9,1,10,1,14,,23,,1,22,9,121.5617955,24.98885807
111,12,18,17,50,2,09北投區,北投區石牌路2段與石牌路2段90巷口,0,0,2,1,C03,7,3,5,50,3,1,1,5,4,5,7,4,4,5,4,5,2,3,1,58,2,9,1,1,7,9,1,10,2,11,,23,,1,22,9,121.5163586,25.1171787
111,12,18,17,50,2,09北投區,北投區石牌路2段與石牌路2段90巷口,0,0,2,2,H01,7,3,5,50,3,1,1,5,4,5,7,4,4,5,4,5,2,3,2,78,2,9,4,5,8,16,8,20,10,15,,51,,1,22,9,121.5163586,25.1171787
111,12,18,18,4,2,03中山區,中山區復興北路514巷與復興北路口,0,0,1,1,B03,7,3,5,50,3,1,1,5,4,5,7,4,4,1,3,4,1,16,1,54,3,10,3,4,7,6,1,8,1,7,,6,,1,22,9,121.5441589,25.0662907
111,12,18,18,4,2,03中山區,中山區復興北路514巷與復興北路口,0,0,1,2,C03,7,3,5,50,3,1,1,5,4,5,7,4,4,1,3,4,1,16,1,25,2,9,3,4,7,9,1,10,1,11,,14,,1,22,9,121.5441589,25.0662907
111,12,18,18,35,2,10文山區,文山區興隆路1段13號與興隆路1段口,0,0,3,1,B03,8,3,5,50,3,1,1,5,4,5,7,4,4,1,4,5,2,16,1,52,3,10,1,1,7,5,1,8,2,6,,8,,1,22,9,121.5394997,25.00431525
111,12,18,18,35,2,10文山區,文山區興隆路1段13號與興隆路1段口,0,0,3,2,C03,8,3,5,50,3,1,1,5,4,5,7,4,4,1,4,5,2,16,1,41,2,9,1,1,7,9,1,10,2,11,,42,,1,22,9,121.5394997,25.00431525
111,12,18,18,35,2,10文山區,文山區興隆路1段13號與興隆路1段口,0,0,3,3,H02,8,3,5,50,3,1,1,5,4,5,7,4,4,1,4,5,2,16,2,8,2,7,1,1,7,20,8,20,10,16,,67,,1,22,9,121.5394997,25.00431525
111,12,18,18,35,2,10文山區,文山區興隆路1段13號與興隆路1段口,0,0,3,4,H02,8,3,5,50,3,1,1,5,4,5,7,4,4,1,4,5,2,16,1,10,2,8,1,1,7,20,8,20,10,16,,67,,1,22,9,121.5394997,25.00431525
111,12,18,18,55,2,12內湖區,內湖區內湖路2段與內湖路2段179巷口,0,0,1,1,C03,7,3,5,50,3,1,1,5,4,5,7,2,1,5,4,5,2,16,2,61,2,9,1,1,7,5,6,10,2,11,,6,,1,22,9,121.5875307,25.08135815
111,12,18,18,55,2,12內湖區,內湖區內湖路2段與內湖路2段179巷口,0,0,1,2,C03,7,3,5,50,3,1,1,5,4,5,7,2,1,5,4,5,2,16,1,23,3,10,1,1,7,9,6,10,2,11,,23,,1,22,9,121.5875307,25.08135815
111,12,18,18,58,2,09北投區,北投區光明路與光明路口220號,0,0,1,1,C03,8,1,5,50,3,1,1,5,4,5,7,2,1,5,4,5,2,16,1,35,3,10,1,1,7,5,1,10,2,12,,8,,1,22,9,121.5045336,25.13636732
111,12,18,18,58,2,09北投區,北投區光明路與光明路口220號,0,0,1,2,C03,8,1,5,50,3,1,1,5,4,5,7,2,1,5,4,5,2,16,2,29,3,10,1,1,7,6,1,10,2,11,,9,,1,22,9,121.5045336,25.13636732
111,12,18,18,58,2,09北投區,北投區光明路與光明路口220號,0,0,1,3,H02,8,1,5,50,3,1,1,5,4,5,7,2,1,5,4,5,2,16,2,43,2,8,1,5,7,20,8,20,10,16,,67,,1,22,9,121.5045336,25.13636732
111,12,18,19,28,2,10文山區,文山區辛亥路7段67號,0,0,1,1,B03,8,1,5,30,14,9,1,5,4,5,7,4,4,10,5,5,2,12,1,45,3,10,1,1,7,7,1,8,1,8,,7,,1,22,9,121.5542939,24.9831819
111,12,18,19,28,2,10文山區,文山區辛亥路7段67號,0,0,1,2,C03,8,1,5,30,14,9,1,5,4,5,7,4,4,10,5,5,2,12,1,46,2,8,1,1,7,9,1,10,1,11,,17,,1,22,9,121.5542939,24.9831819
111,12,18,19,28,2,12內湖區,內湖區環山路1段136巷與環山路1段口,0,0,1,1,,8,3,5,50,3,2,1,5,4,5,7,2,1,5,4,5,2,17,4,,4,11,3,4,7,15,7,19,11,15,,43,,2,22,9,121.5679198,25.08644977
111,12,18,19,28,2,12內湖區,內湖區環山路1段136巷與環山路1段口,0,0,1,2,C03,8,3,5,50,3,2,1,5,4,5,7,2,1,5,4,5,2,17,1,43,2,9,1,1,7,9,1,10,2,14,,44,,1,22,9,121.5679198,25.08644977
111,12,18,19,33,2,04大安區,大安區金山南路2段與金山南路2段203巷口,0,0,1,1,C03,8,3,5,50,3,2,1,5,4,5,7,4,4,1,4,5,1,12,1,36,2,8,3,4,7,1,1,10,2,14,,19,,1,22,9,121.5262001,25.0280121
111,12,18,19,33,2,04大安區,大安區金山南路2段與金山南路2段203巷口,0,0,1,2,B03,8,3,5,50,3,2,1,5,4,5,7,4,4,1,4,5,1,12,1,52,3,10,3,4,7,9,1,8,2,2,,44,,1,22,9,121.5262001,25.0280121
111,12,18,19,47,2,01大同區,大同區延平北路3段與延平北路3段83巷口,0,0,2,1,C03,7,3,5,50,4,1,1,5,4,5,7,1,1,5,2,5,2,17,2,41,2,9,1,1,7,1,1,10,1,14,,19,,1,22,9,121.5109686,25.0671311
111,12,18,19,47,2,01大同區,大同區延平北路3段與延平北路3段83巷口,0,0,2,2,C03,7,3,5,50,4,1,1,5,4,5,7,1,1,5,2,5,2,17,1,20,2,7,1,1,7,9,1,10,1,11,,44,,1,22,9,121.5109686,25.0671311
111,12,18,20,0,2,07信義區,信義區忠孝東路5段524巷與忠孝東路5段524巷5弄口口,0,0,2,2,C03,7,3,5,30,4,1,1,5,4,5,7,4,4,10,5,5,2,15,1,61,2,9,1,1,7,9,1,10,1,12,,14,,1,22,9,121.5799319,25.0404181
111,12,18,20,0,2,07信義區,信義區忠孝東路5段524巷與忠孝東路5段524巷5弄口口,0,0,2,1,C03,7,3,5,30,4,1,1,5,4,5,7,4,4,10,5,5,2,15,1,32,2,8,1,1,7,9,1,10,1,11,,6,,1,22,9,121.5799319,25.0404181
111,12,18,20,3,2,03中山區,中山區建國北路3段與民權東路3段口,0,0,1,1,F01,7,3,5,50,4,1,1,5,4,5,7,1,1,1,3,5,1,15,2,38,3,10,1,1,7,9,8,20,1,16,,25,,1,22,9,121.5373089,25.06254574
111,12,18,20,3,2,03中山區,中山區建國北路3段與民權東路3段口,0,0,1,2,C03,7,3,5,50,4,1,1,5,4,5,7,1,1,1,3,5,1,15,2,31,2,8,1,4,7,9,1,10,1,11,,44,,1,22,9,121.5373089,25.06254574
111,12,18,20,16,2,03中山區,中山區民權東路3段60巷12號,0,0,2,2,C03,7,3,5,0,14,9,1,5,4,5,7,4,4,9,5,5,2,3,1,24,2,9,1,1,7,9,1,10,1,11,,23,,1,22,9,121.5424084,25.06145303
111,12,18,20,16,2,03中山區,中山區民權東路3段60巷12號,0,0,2,1,H01,7,3,5,0,14,9,1,5,4,5,7,4,4,9,5,5,2,3,2,72,2,9,4,5,8,16,8,20,10,16,,51,,2,22,9,121.5424084,25.06145303
111,12,18,21,19,2,03中山區,中山區中山北路2段42巷與南京西路23巷口,0,0,1,1,C03,7,3,5,30,3,1,1,5,4,5,7,4,4,1,5,5,2,13,2,30,2,8,1,1,7,9,1,10,1,11,,13,,1,22,9,121.5206431,25.05464543
111,12,18,21,19,2,03中山區,中山區中山北路2段42巷與南京西路23巷口,0,0,1,2,C03,7,3,5,30,3,1,1,5,4,5,7,4,4,1,5,5,2,13,1,63,3,10,1,1,7,14,1,10,1,13,,38,,1,22,9,121.5206431,25.05464543
111,12,18,21,42,2,02萬華區,萬華區和平西路3段與西園路1段口,0,0,1,2,C03,7,3,5,50,5,1,1,5,4,5,7,2,1,1,3,1,1,17,1,51,2,9,3,4,7,9,1,10,2,11,,43,,1,22,9,121.4995208,25.03523814
111,12,18,21,42,2,02萬華區,萬華區和平西路3段與西園路1段口,0,0,1,1,H01,7,3,5,50,5,1,1,5,4,5,7,2,1,1,3,1,1,17,4,,4,11,3,4,7,15,7,19,11,15,,43,,2,22,9,121.4995208,25.03523814
111,12,18,22,3,2,09北投區,北投區致遠二路與石牌路1段口,0,1,0,1,B03,8,1,5,50,4,2,1,5,4,5,7,1,1,5,4,5,2,3,1,20,3,10,3,4,7,5,1,8,2,8,,15,,1,22,9,121.5122838,25.11407084
111,12,18,22,3,2,09北投區,北投區致遠二路與石牌路1段口,0,1,0,2,H01,8,1,5,50,4,2,1,5,4,5,7,1,1,5,4,5,2,3,1,78,5,9,4,5,8,16,8,20,10,16,,67,,1,22,9,121.5122838,25.11407084
111,12,18,22,22,2,01大同區,大同區西寧北路與鄭州路口,0,0,2,1,B03,7,3,5,40,4,1,1,5,4,5,7,1,1,1,4,1,2,12,1,38,3,10,1,1,7,9,1,8,1,5,,23,,1,22,9,121.5082021,25.0506052
111,12,18,22,22,2,01大同區,大同區西寧北路與鄭州路口,0,0,2,2,C03,7,3,5,40,4,1,1,5,4,5,7,1,1,1,4,1,2,12,1,20,2,9,1,1,7,5,1,10,1,11,,8,,1,22,9,121.5082021,25.0506052
111,12,18,22,22,2,01大同區,大同區西寧北路與鄭州路口,0,0,2,3,H02,7,3,5,40,4,1,1,5,4,5,7,1,1,1,4,1,2,12,2,20,2,9,1,1,7,21,8,20,10,16,,67,,1,22,9,121.5082021,25.0506052
111,12,18,23,6,2,08士林區,士林區文林路與大北路口,0,0,1,1,C03,8,3,5,50,3,1,1,5,4,5,7,4,4,9,5,5,1,13,1,18,2,7,1,1,7,9,1,10,1,11,,16,,1,22,9,121.5269607,25.0895817
111,12,18,23,6,2,08士林區,士林區文林路與大北路口,0,0,1,2,B03,8,3,5,50,3,1,1,5,4,5,7,4,4,9,5,5,1,13,1,33,3,10,1,1,7,9,1,8,1,7,,44,,1,22,9,121.5269607,25.0895817
111,12,19,4,57,2,01大同區,大同區長安西路與塔城街口,0,0,1,1,C04,8,3,5,50,4,1,1,5,4,5,7,2,1,9,5,5,1,15,1,65,2,5,2,1,7,9,3,18,2,11,,25,,1,22,9,121.5105284,25.05197958
111,12,19,4,57,2,01大同區,大同區長安西路與塔城街口,0,0,1,2,C03,8,3,5,50,4,1,1,5,4,5,7,2,1,9,5,5,1,15,1,58,3,10,1,1,7,9,1,10,2,12,,44,,1,22,9,121.5105284,25.05197958
111,12,19,6,0,2,08士林區,士林區延平北路5段與重慶北路4段49巷口,0,0,2,1,C03,7,1,5,50,4,1,1,5,4,5,7,2,1,1,4,5,2,17,1,83,2,8,1,1,7,5,1,10,1,11,,8,,1,21,8,121.5106817,25.08093077
111,12,19,6,0,2,08士林區,士林區延平北路5段與重慶北路4段49巷口,0,0,2,2,C03,7,1,5,50,4,1,1,5,4,5,7,2,1,1,4,5,2,17,2,61,2,9,1,1,7,9,1,10,1,14,,44,,1,21,8,121.5106817,25.08093077
111,12,19,6,59,2,08士林區,士林區中山北路5段470巷與中山北路5段口,0,0,1,1,B03,8,1,5,50,3,1,1,5,4,5,7,4,4,1,4,5,2,16,1,54,3,10,3,4,7,6,1,8,1,15,,9,,1,22,9,121.5278863,25.09219666
111,12,19,6,59,2,08士林區,士林區中山北路5段470巷與中山北路5段口,0,0,1,2,C03,8,1,5,50,3,1,1,5,4,5,7,4,4,1,4,5,2,16,1,24,2,8,3,4,7,9,1,10,1,15,,13,,1,22,9,121.5278863,25.09219666
111,12,19,7,14,2,12內湖區,內湖區瑞湖街北向南涵洞前,0,0,2,1,C03,8,1,5,30,9,9,1,5,4,5,7,4,4,5,5,5,2,2,2,28,2,9,1,1,7,9,1,10,1,11,,23,,1,22,9,121.5764207,25.07032593
111,12,19,7,14,2,12內湖區,內湖區瑞湖街北向南涵洞前,0,0,2,2,H01,8,1,5,30,9,9,1,5,4,5,7,4,4,5,5,5,2,2,1,46,2,8,4,5,8,16,8,20,10,16,,53,,1,22,9,121.5764207,25.07032593
111,12,19,7,15,2,12內湖區,內湖區康樂街與康樂街191巷口,0,0,1,2,C03,8,1,5,30,3,1,1,5,4,5,7,4,4,10,5,5,2,16,1,48,2,9,1,1,7,9,1,10,1,14,,14,,1,22,9,121.6202325,25.07542094
111,12,19,7,15,2,12內湖區,內湖區康樂街與康樂街191巷口,0,0,1,1,B03,8,1,5,30,3,1,1,5,4,5,7,4,4,10,5,5,2,16,1,35,3,10,1,1,7,5,1,8,1,7,,6,,1,22,9,121.6202325,25.07542094
111,12,19,7,25,2,06松山區,松山區南京東路5段與寶清街口,0,0,2,1,C03,8,1,5,50,4,1,1,5,4,5,7,2,1,9,4,5,2,16,1,36,2,9,1,4,7,5,6,10,1,14,,8,,1,22,9,121.5683606,25.05138707