發生年度,發生月,發生日,發生時-Hours,發生分,處理別-編號,區序,肇事地點,死亡人數,2-30日死亡人數,受傷人數,當事人序號,車種,天候,光線,道路類別,速限-速度限制,道路型態,事故位置,路面狀況1,路面狀況2,路面狀況3,道路障礙1,道路障礙2,號誌1,號誌2,車道劃分-分向,車道劃分-分道1,車道劃分-分道2,車道劃分-分道3,事故類型及型態,性別,年齡,受傷程度,主要傷處,安全帽,行動電話,車輛用途,當事者行動狀態,駕駛資格情形,駕駛執照種類,飲酒情形,車輛撞擊部位1,車輛撞擊部位2,肇因碼-個別,肇因碼-主要,個人肇逃否,職業,旅次目的,座標-X,座標-Y
111,12,19,7,25,2,06松山區,松山區南京東路5段與寶清街口,0,0,2,2,C03,8,1,5,50,4,1,1,5,4,5,7,2,1,9,4,5,2,16,1,33,2,8,1,4,7,9,1,10,1,12,,13,,1,22,9,121.5683606,25.05138707
111,12,19,7,40,2,05中正區,中正區仁愛路2段38巷7弄與金山南路1段口,0,0,1,1,F03,8,1,5,30,3,1,1,5,4,5,7,4,4,1,4,5,2,15,1,57,3,10,1,1,7,9,8,20,2,16,,23,,1,22,9,121.5277302,25.03658024
111,12,19,7,40,2,05中正區,中正區仁愛路2段38巷7弄與金山南路1段口,0,0,1,2,F01,8,1,5,30,3,1,1,5,4,5,7,4,4,1,4,5,2,15,2,36,2,9,1,1,7,11,8,20,2,16,,26,,1,22,9,121.5277302,25.03658024
111,12,19,7,43,2,09北投區,北投區磺港路112號,0,0,2,1,C03,8,1,5,50,11,9,1,5,4,5,7,3,1,5,4,5,2,13,2,58,2,9,1,1,7,9,3,18,2,11,,23,,1,22,9,121.5033363,25.12969693
111,12,19,7,43,2,09北投區,北投區磺港路112號,0,0,2,2,C03,8,1,5,50,11,9,1,5,4,5,7,3,1,5,4,5,2,13,1,36,2,9,1,1,7,14,1,10,2,13,,43,,1,22,9,121.5033363,25.12969693
111,12,19,7,47,2,04大安區,大安區光復南路與光復南路116巷口口,0,0,2,1,B03,7,1,5,30,3,2,1,5,4,5,7,4,4,1,5,5,1,16,1,82,3,10,1,1,7,6,1,8,1,1,,6,,1,22,9,121.5576214,25.04299717
111,12,19,7,47,2,04大安區,大安區光復南路與光復南路116巷口口,0,0,2,2,C03,7,1,5,30,3,2,1,5,4,5,7,4,4,1,5,5,1,16,1,30,2,9,1,1,7,9,1,10,1,11,,14,,1,22,9,121.5576214,25.04299717
111,12,19,7,47,2,04大安區,大安區光復南路與光復南路116巷口口,0,0,2,3,C03,7,1,5,30,3,2,1,5,4,5,7,4,4,1,5,5,1,16,2,25,2,8,1,1,7,9,1,10,1,11,,14,,1,22,9,121.5576214,25.04299717
111,12,19,7,58,2,04大安區,大安區建國南路2段與辛亥路2段口(台大次震館前),0,0,2,1,C03,8,1,5,50,14,8,1,5,4,5,7,3,1,9,4,4,2,12,2,29,2,9,1,1,7,9,1,10,2,12,,23,,1,22,9,121.5373989,25.02214806
111,12,19,7,58,2,04大安區,大安區建國南路2段與辛亥路2段口(台大次震館前),0,0,2,2,C03,8,1,5,50,14,8,1,5,4,5,7,3,1,9,4,4,2,12,2,45,2,8,1,1,7,14,1,10,2,13,,44,,1,22,9,121.5373989,25.02214806
111,12,19,8,0,2,07信義區,信義區基隆路2段41號,0,0,1,1,C03,8,1,5,50,14,9,1,5,4,5,7,4,4,1,4,5,2,12,1,25,2,8,1,1,7,4,1,10,1,11,,17,,1,22,9,121.5585279,25.0311354
111,12,19,8,0,2,07信義區,信義區基隆路2段41號,0,0,1,2,B03,8,1,5,50,14,9,1,5,4,5,7,4,4,1,4,5,2,12,1,36,3,10,1,1,7,14,1,8,1,7,,44,,1,22,9,121.5585279,25.0311354
111,12,19,8,12,2,07信義區,信義區吳興街320巷臨2-1號,0,0,1,1,B03,8,1,5,30,12,9,1,5,4,5,7,4,4,10,5,5,2,17,1,44,3,10,1,1,7,2,1,8,1,15,,12,,1,22,9,121.5654357,25.02608398
111,12,19,8,12,2,07信義區,信義區吳興街320巷臨2-1號,0,0,1,2,C03,8,1,5,30,12,9,1,5,4,5,7,4,4,10,5,5,2,17,1,39,2,8,1,1,7,9,1,10,1,12,,44,,1,22,9,121.5654357,25.02608398
111,12,19,8,15,2,05中正區,中正區重慶南路2段與愛國西路口口,0,0,1,1,C03,8,1,5,50,14,9,1,5,4,5,7,1,1,1,4,5,2,12,1,70,3,10,1,1,7,6,1,10,5,12,,9,,1,22,9,121.5125967,25.0350266
111,12,19,8,15,2,05中正區,中正區重慶南路2段與愛國西路口口,0,0,1,2,C03,8,1,5,50,14,9,1,5,4,5,7,1,1,1,4,5,2,12,1,27,2,8,1,1,7,9,1,10,2,11,,13,,1,22,9,121.5125967,25.0350266
111,12,19,8,56,2,08士林區,士林區社中街210巷21弄與社中街250巷口,0,0,3,1,C03,8,1,5,30,4,1,1,5,4,5,7,4,4,10,5,5,2,15,1,70,2,8,3,4,7,9,1,10,1,14,,6,,1,22,9,121.5077333,25.09224021
111,12,19,8,56,2,08士林區,士林區社中街210巷21弄與社中街250巷口,0,0,3,2,C03,8,1,5,30,4,1,1,5,4,5,7,4,4,10,5,5,2,15,1,32,2,8,3,4,7,9,1,10,1,11,,23,,1,22,9,121.5077333,25.09224021
111,12,19,8,56,2,08士林區,士林區社中街210巷21弄與社中街250巷口,0,0,3,3,H02,8,1,5,30,4,1,1,5,4,5,7,4,4,10,5,5,2,15,2,67,2,8,4,5,7,20,8,20,10,16,,67,,1,22,9,121.5077333,25.09224021
111,12,19,9,15,2,05中正區,中正區羅斯福路3段與金門街口,0,0,1,1,C03,8,1,5,50,3,2,1,5,4,5,7,1,1,1,4,5,2,13,1,30,2,9,1,1,7,9,1,10,1,11,,16,,1,22,9,121.5249747,25.0235921
111,12,19,9,15,2,05中正區,中正區羅斯福路3段與金門街口,0,0,1,2,B03,8,1,5,50,3,2,1,5,4,5,7,1,1,1,4,5,2,13,1,46,3,10,1,1,7,9,1,8,1,6,,44,,1,22,9,121.5249747,25.0235921
111,12,19,9,24,2,03中山區,中山區民族東路與新生北路3段口,0,0,1,1,B03,8,1,5,50,4,1,1,5,4,5,7,1,1,4,3,5,1,16,2,65,3,10,1,1,7,6,1,8,2,6,,9,,1,22,9,121.5276495,25.0683009
111,12,19,9,24,2,03中山區,中山區民族東路與新生北路3段口,0,0,1,2,C03,8,1,5,50,4,1,1,5,4,5,7,1,1,4,3,5,1,16,2,32,2,9,1,1,7,9,1,10,2,14,,44,,1,22,9,121.5276495,25.0683009
111,12,19,9,27,2,03中山區,中山區民權東路1段與雙城街口,0,0,2,1,B01,8,1,5,50,3,1,1,5,4,5,7,2,1,1,4,5,2,16,1,58,3,10,3,4,7,8,1,2,1,2,,7,,1,22,9,121.5243375,25.0628332
111,12,19,9,27,2,03中山區,中山區民權東路1段與雙城街口,0,0,2,2,C03,8,1,5,50,3,1,1,5,4,5,7,2,1,1,4,5,2,16,1,29,2,9,3,4,7,9,1,10,1,14,,44,,1,22,9,121.5243375,25.0628332
111,12,19,9,27,2,03中山區,中山區民權東路1段與雙城街口,0,0,2,3,H02,8,1,5,50,3,1,1,5,4,5,7,2,1,1,4,5,2,16,2,53,2,6,4,5,7,17,8,20,10,16,,67,,1,22,9,121.5243375,25.0628332
111,12,19,9,40,2,05中正區,中正區愛國西路與南昌路1段口,0,0,2,2,H01,8,1,5,50,4,1,1,5,4,5,7,1,1,1,4,1,2,1,2,20,2,9,4,5,8,16,8,20,10,16,,52,,1,22,9,121.5152903,25.0347356
111,12,19,9,40,2,05中正區,中正區愛國西路與南昌路1段口,0,0,2,1,C02,8,1,5,50,4,1,1,5,4,5,7,1,1,1,4,1,2,1,1,29,2,9,1,1,7,9,3,18,1,11,,15,,1,22,9,121.5152903,25.0347356
111,12,19,9,48,2,04大安區,大安區新生南路3段與辛亥路2段口,0,0,1,1,C03,8,1,5,50,14,9,1,5,4,5,7,2,1,1,4,4,2,12,1,20,3,10,3,4,7,6,1,10,1,12,,9,,1,22,9,121.5345064,25.02213413
111,12,19,9,48,2,04大安區,大安區新生南路3段與辛亥路2段口,0,0,1,2,C03,8,1,5,50,14,9,1,5,4,5,7,2,1,1,4,4,2,12,1,26,2,9,3,4,7,9,1,10,1,14,,44,,1,22,9,121.5345064,25.02213413
111,12,19,9,55,2,01大同區,大同區台北橋與台北橋口機車道(西往東),0,0,2,1,,8,1,7,50,14,11,1,5,4,5,7,4,4,10,5,5,2,17,4,,4,11,3,4,7,15,7,19,11,15,,43,,2,22,9,121.5079151,25.0633968
111,12,19,9,55,2,01大同區,大同區台北橋與台北橋口機車道(西往東),0,0,2,2,C03,8,1,7,50,14,11,1,5,4,5,7,4,4,10,5,5,2,17,2,28,2,8,1,1,7,9,1,10,1,11,,16,,1,22,9,121.5079151,25.0633968
111,12,19,9,55,2,01大同區,大同區台北橋與台北橋口機車道(西往東),0,0,2,3,C03,8,1,7,50,14,11,1,5,4,5,7,4,4,10,5,5,2,17,1,20,3,10,1,1,7,9,1,10,1,12,,44,,1,22,9,121.5079151,25.0633968
111,12,19,9,55,2,01大同區,大同區台北橋與台北橋口機車道(西往東),0,0,2,4,C03,8,1,7,50,14,11,1,5,4,5,7,4,4,10,5,5,2,17,2,21,2,8,1,1,7,9,1,10,1,14,,44,,1,22,9,121.5079151,25.0633968
111,12,19,9,55,2,01大同區,大同區台北橋與台北橋口機車道(西往東),0,0,2,5,C03,8,1,7,50,14,11,1,5,4,5,7,4,4,10,5,5,2,17,2,40,3,10,1,1,7,9,1,10,1,15,,44,,1,22,9,121.5079151,25.0633968
111,12,19,9,55,2,01大同區,大同區台北橋與台北橋口機車道(西往東),0,0,2,6,C03,8,1,7,50,14,11,1,5,4,5,7,4,4,10,5,5,2,17,2,28,3,10,1,1,7,15,1,10,1,15,,42,,1,22,9,121.5079151,25.0633968
111,12,19,10,3,2,11南港區,南港區成福路1號,0,0,1,1,B03,8,1,5,30,15,9,1,5,4,5,7,4,4,10,5,5,2,17,1,43,3,10,3,4,7,5,1,8,1,2,,8,,1,22,9,121.5859497,25.04585157
111,12,19,10,3,2,11南港區,南港區成福路1號,0,0,1,2,C03,8,1,5,30,15,9,1,5,4,5,7,4,4,10,5,5,2,17,1,33,2,9,3,4,7,9,1,10,1,11,,44,,1,22,9,121.5859497,25.04585157
111,12,19,10,16,2,01大同區,大同區台北橋機車道,0,0,5,1,C03,8,1,5,50,8,11,1,5,4,5,7,4,4,1,5,5,2,17,2,62,2,9,1,4,7,9,1,10,2,12,,23,,1,22,9,121.5067975,25.06353077
111,12,19,10,16,2,01大同區,大同區台北橋機車道,0,0,5,2,C03,8,1,5,50,8,11,1,5,4,5,7,4,4,1,5,5,2,17,1,62,2,8,1,4,7,9,1,10,2,13,,44,,1,22,9,121.5067975,25.06353077
111,12,19,10,16,2,01大同區,大同區台北橋機車道,0,0,5,3,C03,8,1,5,50,8,11,1,5,4,5,7,4,4,1,5,5,2,17,1,24,3,10,1,4,7,9,1,9,2,13,,23,,1,22,9,121.5067975,25.06353077
111,12,19,10,16,2,01大同區,大同區台北橋機車道,0,0,5,4,C03,8,1,5,50,8,11,1,5,4,5,7,4,4,1,5,5,2,17,1,18,3,10,1,4,7,9,1,10,2,13,,14,,1,22,9,121.5067975,25.06353077
111,12,19,10,16,2,01大同區,大同區台北橋機車道,0,0,5,5,C03,8,1,5,50,8,11,1,5,4,5,7,4,4,1,5,5,2,17,2,21,2,8,1,4,7,9,1,10,2,11,,23,,1,22,9,121.5067975,25.06353077
111,12,19,10,16,2,01大同區,大同區台北橋機車道,0,0,5,6,C03,8,1,5,50,8,11,1,5,4,5,7,4,4,1,5,5,2,17,2,48,2,5,1,4,7,9,1,10,2,13,,44,,1,22,9,121.5067975,25.06353077
111,12,19,10,16,2,01大同區,大同區台北橋機車道,0,0,5,7,C03,8,1,5,50,8,11,1,5,4,5,7,4,4,1,5,5,2,17,1,18,2,9,1,4,7,9,1,10,2,14,,23,,1,22,9,121.5067975,25.06353077
111,12,19,10,30,2,05中正區,中正區貴陽街1段與公園路口,0,0,1,1,B01,8,1,5,50,4,2,1,5,4,5,7,1,1,10,5,5,2,2,1,64,3,10,1,1,7,5,1,2,2,5,,15,,1,22,9,121.5152742,25.0386593
111,12,19,10,30,2,05中正區,中正區貴陽街1段與公園路口,0,0,1,2,H01,8,1,5,50,4,2,1,5,4,5,7,1,1,10,5,5,2,2,2,61,2,9,4,5,8,16,8,20,10,16,,67,,1,22,9,121.5152742,25.0386593
111,12,19,11,3,2,03中山區,中山區南京東路2段157號,0,0,1,1,B01,8,1,5,40,14,8,1,5,4,5,7,4,4,1,3,4,2,13,1,58,3,10,3,4,7,8,1,4,1,3,,42,,1,22,9,121.5359304,25.05212368
111,12,19,11,3,2,03中山區,中山區南京東路2段157號,0,0,1,2,C03,8,1,5,40,14,8,1,5,4,5,7,4,4,1,3,4,2,13,2,35,2,9,3,4,7,9,1,10,1,11,,16,,1,22,9,121.5359304,25.05212368
111,12,19,11,9,2,06松山區,松山區南京東路5段184號,0,0,1,1,F01,8,1,5,0,15,20,4,5,4,5,7,4,4,10,5,5,2,9,1,19,3,10,1,1,7,9,8,20,1,16,,23,,1,22,9,121.5635248,25.05133907
111,12,19,11,9,2,06松山區,松山區南京東路5段184號,0,0,1,2,H01,8,1,5,0,15,20,4,5,4,5,7,4,4,10,5,5,2,9,2,69,2,1,4,5,8,16,8,20,1,16,,67,,1,22,9,121.5635248,25.05133907
111,12,19,11,11,2,04大安區,大安區羅斯福路3段125號,0,0,1,1,C03,8,1,5,50,14,9,1,5,4,5,7,4,4,1,4,5,2,17,1,38,4,11,3,4,7,8,7,19,11,15,,7,,2,22,9,121.5268244,25.0220074
111,12,19,11,11,2,04大安區,大安區羅斯福路3段125號,0,0,1,2,C03,8,1,5,50,14,9,1,5,4,5,7,4,4,1,4,5,2,17,1,47,2,9,1,1,7,9,1,10,2,11,,23,,1,22,9,121.5268244,25.0220074
111,12,19,11,22,2,04大安區,大安區基隆路4段73巷台電出入口,0,0,1,1,C03,8,1,5,30,14,9,1,5,4,5,7,4,4,4,4,5,2,16,1,21,2,9,1,1,7,9,1,10,1,12,,44,,1,22,9,121.5399142,25.01259446
111,12,19,11,22,2,04大安區,大安區基隆路4段73巷台電出入口,0,0,1,2,B12,8,1,5,30,14,9,1,5,4,5,7,4,4,4,4,5,2,16,1,25,3,10,1,1,7,5,1,8,1,4,,44,,1,22,9,121.5399142,25.01259446
111,12,19,11,22,2,10文山區,文山區辛亥路6段92號對面公車站前,0,0,1,1,C03,8,1,5,50,14,9,1,5,4,5,7,4,4,3,4,5,2,16,1,66,2,9,1,1,7,9,1,10,2,12,,16,,1,22,9,121.552354,24.98851655
111,12,19,11,22,2,10文山區,文山區辛亥路6段92號對面公車站前,0,0,1,2,B01,8,1,5,50,14,9,1,5,4,5,7,4,4,3,4,5,2,16,1,64,3,10,1,1,7,9,1,4,2,2,,43,,1,22,9,121.552354,24.98851655
111,12,19,11,32,2,05中正區,中正區貴陽街1段與桃源街口,0,0,1,1,B03,8,1,5,50,4,1,1,5,4,5,7,1,1,5,4,5,1,13,1,62,3,10,1,1,7,9,1,8,1,8,,23,,1,22,9,121.5100374,25.0390061
111,12,19,11,32,2,05中正區,中正區貴陽街1段與桃源街口,0,0,1,2,C03,8,1,5,50,4,1,1,5,4,5,7,1,1,5,4,5,1,13,1,22,2,8,1,1,7,14,1,10,1,13,,44,,1,22,9,121.5100374,25.0390061
111,12,19,11,40,2,08士林區,士林區中正路與志成街口,0,0,1,1,C03,8,1,5,50,3,2,1,5,4,5,7,1,1,10,4,5,2,13,2,36,2,7,1,1,7,9,1,10,1,11,,23,,1,22,9,121.5302677,25.09621129
111,12,19,11,40,2,08士林區,士林區中正路與志成街口,0,0,1,2,C03,8,1,5,50,3,2,1,5,4,5,7,1,1,10,4,5,2,13,1,34,3,10,1,1,7,14,1,10,1,13,,44,,1,22,9,121.5302677,25.09621129
111,12,19,11,45,2,12內湖區,內湖區環山路1段與內湖路1段285巷65弄口,0,0,2,1,C03,8,1,5,50,14,9,1,5,4,5,7,2,1,9,4,5,2,13,1,18,2,9,1,1,7,9,1,10,2,11,,16,,1,22,9,121.5655828,25.08440563
111,12,19,11,45,2,12內湖區,內湖區環山路1段與內湖路1段285巷65弄口,0,0,2,2,C03,8,1,5,50,14,9,1,5,4,5,7,2,1,9,4,5,2,13,1,19,2,9,1,1,7,3,1,10,1,11,,44,,1,22,9,121.5655828,25.08440563
111,12,19,11,46,2,09北投區,北投區中央北路4段593號對面,0,0,2,1,C03,8,1,5,50,14,9,1,5,4,5,7,2,1,5,4,5,2,3,2,74,2,9,3,4,7,9,3,18,2,11,,25,,1,22,9,121.4649079,25.1245079
111,12,19,11,46,2,09北投區,北投區中央北路4段593號對面,0,0,2,2,H01,8,1,5,50,14,9,1,5,4,5,7,2,1,5,4,5,2,3,2,23,2,9,4,5,8,16,8,20,10,16,,52,,1,22,9,121.4649079,25.1245079
111,12,19,11,48,2,03中山區,中山區北安路763號,0,0,1,1,C03,8,1,5,50,14,9,1,5,4,5,7,1,1,1,3,5,1,12,2,20,2,9,1,4,7,9,1,10,1,12,,23,,1,22,9,121.5528517,25.08578019
111,12,19,11,48,2,03中山區,中山區北安路763號,0,0,1,2,B03,8,1,5,50,14,9,1,5,4,5,7,1,1,1,3,5,1,12,1,35,3,10,3,4,7,14,1,8,1,7,,44,,1,22,9,121.5528517,25.08578019
111,12,19,11,48,2,03中山區,中山區北安路763號,0,0,1,3,B03,8,1,5,50,14,9,1,5,4,5,7,1,1,1,3,5,1,12,1,50,3,10,3,4,7,14,1,8,1,2,,44,,1,22,9,121.5528517,25.08578019
111,12,19,11,54,2,04大安區,大安區新生南路1段175號,0,0,1,1,C03,8,1,5,50,14,9,1,5,4,5,7,4,4,1,4,5,2,17,1,28,2,8,1,1,7,9,1,10,1,14,,16,,1,22,9,121.5328431,25.0338379
111,12,19,11,54,2,04大安區,大安區新生南路1段175號,0,0,1,2,B03,8,1,5,50,14,9,1,5,4,5,7,4,4,1,4,5,2,17,1,23,3,10,1,1,7,9,1,8,1,7,,44,,1,22,9,121.5328431,25.0338379
111,12,19,12,0,2,04大安區,大安區金山南路2段138號,0,0,1,1,C03,8,1,5,50,14,7,1,5,4,5,7,4,4,5,4,5,1,12,1,63,2,9,1,1,7,7,1,8,1,14,,7,,1,22,9,121.5262283,25.029517
111,12,19,12,0,2,04大安區,大安區金山南路2段138號,0,0,1,2,B03,8,1,5,50,14,7,1,5,4,5,7,4,4,5,4,5,1,12,2,53,3,10,1,1,7,9,1,8,1,2,,23,,1,22,9,121.5262283,25.029517
111,12,19,12,30,2,05中正區,中正區泉州街20巷19號前,0,0,1,1,B11,8,1,5,30,13,9,1,5,4,5,7,4,4,10,5,5,2,9,1,58,4,11,3,4,7,15,7,19,11,15,,43,,2,22,9,121.5133986,25.02669047
111,12,19,12,30,2,05中正區,中正區泉州街20巷19號前,0,0,1,2,H01,8,1,5,30,13,9,1,5,4,5,7,4,4,10,5,5,2,9,1,85,2,9,4,5,8,17,8,20,1,16,,67,,1,22,9,121.5133986,25.02669047
111,12,19,12,30,2,05中正區,中正區泉州街20巷19號前,0,0,1,3,H03,8,1,5,30,13,9,1,5,4,5,7,4,4,10,5,5,2,9,1,87,4,11,4,5,8,21,8,20,10,16,,67,,1,22,9,121.5133986,25.02669047
111,12,19,12,41,2,04大安區,大安區溫州街16巷與溫州街口,0,0,1,1,C03,8,1,5,30,4,2,1,5,4,5,7,4,4,10,5,5,2,16,2,25,2,9,1,1,7,5,1,10,1,14,,44,,1,22,9,121.5335143,25.0251655
111,12,19,12,41,2,04大安區,大安區溫州街16巷與溫州街口,0,0,1,2,B03,8,1,5,30,4,2,1,5,4,5,7,4,4,10,5,5,2,16,1,71,3,10,1,1,7,4,1,8,1,2,,13,,1,22,9,121.5335143,25.0251655
111,12,19,12,54,2,04大安區,大安區和平東路2段與建國南路2段口,0,0,2,1,C03,8,1,5,50,5,2,1,5,4,5,7,4,4,1,4,5,2,13,1,30,2,9,1,1,7,9,1,10,1,11,,16,,1,22,9,121.5375009,25.0256354
111,12,19,12,54,2,04大安區,大安區和平東路2段與建國南路2段口,0,0,2,2,C03,8,1,5,50,5,2,1,5,4,5,7,4,4,1,4,5,2,13,2,32,2,8,1,1,7,14,1,9,1,13,,44,,1,22,9,121.5375009,25.0256354
111,12,19,13,2,2,10文山區,文山區木柵路1段與辛亥路7段口,0,0,1,1,C03,8,1,5,50,4,1,1,5,4,5,7,2,1,5,2,5,2,12,2,19,2,8,1,4,7,5,1,10,1,14,,42,,1,22,9,121.5523533,24.98785586
111,12,19,13,2,2,10文山區,文山區木柵路1段與辛亥路7段口,0,0,1,2,B12,8,1,5,50,4,1,1,5,4,5,7,2,1,5,2,5,2,12,1,59,3,10,3,4,7,6,1,7,1,2,,42,,1,22,9,121.5523533,24.98785586
111,12,19,13,13,2,04大安區,大安區和平東路2段與和平東路2段107巷口,0,0,2,1,F03,8,1,5,50,3,1,1,5,4,5,7,1,1,1,4,5,2,17,2,34,2,9,1,1,7,7,8,20,2,16,,7,,1,22,9,121.5401832,25.025259
111,12,19,13,13,2,04大安區,大安區和平東路2段與和平東路2段107巷口,0,0,2,2,C03,8,1,5,50,3,1,1,5,4,5,7,1,1,1,4,5,2,17,1,28,2,9,3,4,7,9,1,10,2,12,,44,,1,22,9,121.5401832,25.025259
111,12,19,13,20,2,08士林區,士林區中山北路5段與福林橋口下,0,0,1,1,F01,8,1,5,30,3,1,1,5,4,5,7,4,4,10,5,5,2,17,1,85,2,7,1,1,7,1,8,20,1,16,,19,,1,22,9,121.526758,25.09967193
111,12,19,13,20,2,08士林區,士林區中山北路5段與福林橋口下,0,0,1,2,B01,8,1,5,30,3,1,1,5,4,5,7,4,4,10,5,5,2,17,1,57,3,10,1,1,7,5,1,4,1,8,,23,,1,22,9,121.526758,25.09967193
111,12,19,13,35,2,11南港區,南港區松河街與南港路3段256巷口,0,0,1,1,C03,8,1,5,30,5,2,1,5,4,5,7,4,4,10,5,5,2,10,2,37,2,9,1,1,7,9,6,10,1,11,,23,,1,22,9,121.5826304,25.0526185
111,12,19,13,35,2,11南港區,南港區松河街與南港路3段256巷口,0,0,1,2,B03,8,1,5,30,5,2,1,5,4,5,7,4,4,10,5,5,2,10,1,39,3,10,1,1,7,9,1,8,1,1,,5,,1,22,9,121.5826304,25.0526185
111,12,19,13,38,2,09北投區,北投區致遠一路1段132號,0,0,1,1,B11,8,3,5,50,14,9,1,5,4,5,7,4,4,9,4,5,2,17,1,44,3,10,1,1,7,8,1,8,11,2,,23,,1,22,9,121.5147978,25.11048054
111,12,19,13,38,2,09北投區,北投區致遠一路1段132號,0,0,1,2,F01,8,3,5,50,14,9,1,5,4,5,7,4,4,9,4,5,2,17,2,24,2,8,1,1,7,9,8,20,11,16,,44,,1,22,9,121.5147978,25.11048054
111,12,19,13,45,2,07信義區,信義區中坡南路229號,0,0,1,1,A02,8,1,5,50,14,7,1,5,4,5,7,4,4,5,4,4,2,9,1,47,3,10,1,1,7,9,1,2,9,15,,44,,1,22,9,121.5849531,25.04065374
111,12,19,13,45,2,07信義區,信義區中坡南路229號,0,0,1,2,H02,8,1,5,50,14,7,1,5,4,5,7,4,4,5,4,4,2,9,2,94,2,5,1,1,7,21,8,20,10,16,,67,,1,22,9,121.5849531,25.04065374
111,12,19,14,1,2,12內湖區,內湖區安康路32巷與安康路32巷24弄口,0,0,1,1,C03,8,1,5,50,4,1,1,5,4,5,7,4,4,5,5,5,2,16,1,23,2,9,1,1,7,9,1,10,2,12,,6,,1,22,9,121.5949678,25.0619197
111,12,19,14,1,2,12內湖區,內湖區安康路32巷與安康路32巷24弄口,0,0,1,2,B12,8,1,5,50,4,1,1,5,4,5,7,4,4,5,5,5,2,16,1,44,3,10,1,1,7,9,1,8,2,1,,26,,1,22,9,121.5949678,25.0619197
111,12,19,14,3,2,02萬華區,萬華區堤外便道自行車道燈桿華中041,0,0,1,1,F01,8,1,7,30,14,8,1,5,4,5,7,4,4,10,5,5,1,9,1,36,2,9,1,1,7,4,8,20,1,16,,42,,1,22,9,121.4986743,25.01468178
111,12,19,14,3,2,02萬華區,萬華區堤外便道自行車道燈桿華中041,0,0,1,2,H01,8,1,7,30,14,8,1,5,4,5,7,4,4,10,5,5,1,9,2,72,3,10,4,5,8,16,8,20,10,16,,67,,1,22,9,121.4986743,25.01468178
111,12,19,14,10,2,12內湖區,內湖區民權東路6段15巷39號,0,0,1,1,B03,8,1,5,50,15,9,1,5,4,3,5,4,4,9,4,5,1,17,1,32,3,10,1,1,7,1,1,8,1,8,,19,,1,22,9,121.5777731,25.0693425
111,12,19,14,10,2,12內湖區,內湖區民權東路6段15巷39號,0,0,1,2,C04,8,1,5,50,15,9,1,5,4,3,5,4,4,9,4,5,1,17,1,35,2,3,1,1,7,9,1,10,1,11,,44,,1,22,9,121.5777731,25.0693425
111,12,19,14,10,2,12內湖區,內湖區民權東路6段15巷39號,0,0,1,3,B12,8,1,5,50,15,9,1,5,4,3,5,4,4,9,4,5,1,17,1,32,3,10,2,1,7,13,1,8,1,15,,38,,1,22,9,121.5777731,25.0693425
111,12,19,14,10,2,12內湖區,內湖區民權東路6段15巷39號,0,0,1,4,B03,8,1,5,50,15,9,1,5,4,3,5,4,4,9,4,5,1,17,3,,4,11,3,4,7,15,7,19,11,15,,44,,2,22,9,121.5777731,25.0693425
111,12,19,14,10,2,12內湖區,內湖區民權東路6段15巷39號,0,0,1,5,B12,8,1,5,50,15,9,1,5,4,3,5,4,4,9,4,5,1,17,3,,4,11,3,4,7,15,7,19,11,15,,44,,2,22,9,121.5777731,25.0693425
111,12,19,14,10,2,12內湖區,內湖區民權東路6段15巷39號,0,0,1,6,B12,8,1,5,50,15,9,1,5,4,3,5,4,4,9,4,5,1,17,3,,4,11,3,4,7,15,7,19,11,15,,44,,2,22,9,121.5777731,25.0693425
111,12,19,14,24,2,08士林區,士林區大東路165號,0,0,1,1,B03,8,1,5,50,14,9,1,5,4,5,7,3,1,10,2,5,1,16,1,26,3,10,1,1,7,1,1,8,1,8,,19,,1,22,9,121.5250522,25.09329724
111,12,19,14,24,2,08士林區,士林區大東路165號,0,0,1,2,C03,8,1,5,50,14,9,1,5,4,5,7,3,1,10,2,5,1,16,1,76,2,9,1,1,7,9,1,10,1,11,,44,,1,22,9,121.5250522,25.09329724
111,12,19,14,37,2,08士林區,士林區三腳渡堤外停車場出入口,0,0,1,1,B03,8,1,8,30,15,22,1,5,4,5,7,4,4,10,5,5,2,17,1,48,3,10,1,1,7,5,1,8,2,2,,8,,1,22,9,121.5167684,25.08203138
111,12,19,14,37,2,08士林區,士林區三腳渡堤外停車場出入口,0,0,1,2,C03,8,1,8,30,15,22,1,5,4,5,7,4,4,10,5,5,2,17,2,23,2,8,1,1,7,9,1,10,2,11,,44,,1,22,9,121.5167684,25.08203138
111,12,19,14,37,2,08士林區,士林區三腳渡堤外停車場出入口,0,0,1,3,C03,8,1,8,30,15,22,1,5,4,5,7,4,4,10,5,5,2,17,1,21,3,10,1,1,7,6,1,10,2,15,,44,,1,22,9,121.5167684,25.08203138
111,12,19,14,55,2,04大安區,大安區辛亥路3段與敦南街76巷口,0,0,1,2,C02,8,1,5,50,3,1,1,5,4,5,7,4,4,8,3,4,1,16,1,21,2,9,1,1,7,9,1,10,1,11,,23,,1,22,9,121.5461322,25.0200439