發生年度,發生月,發生日,發生時-Hours,發生分,處理別-編號,區序,肇事地點,死亡人數,2-30日死亡人數,受傷人數,當事人序號,車種,天候,光線,道路類別,速限-速度限制,道路型態,事故位置,路面狀況1,路面狀況2,路面狀況3,道路障礙1,道路障礙2,號誌1,號誌2,車道劃分-分向,車道劃分-分道1,車道劃分-分道2,車道劃分-分道3,事故類型及型態,性別,年齡,受傷程度,主要傷處,安全帽,行動電話,車輛用途,當事者行動狀態,駕駛資格情形,駕駛執照種類,飲酒情形,車輛撞擊部位1,車輛撞擊部位2,肇因碼-個別,肇因碼-主要,個人肇逃否,職業,旅次目的,座標-X,座標-Y
111,12,19,14,55,2,04大安區,大安區辛亥路3段與敦南街76巷口,0,0,1,1,B03,8,1,5,50,3,1,1,5,4,5,7,4,4,8,3,4,1,16,2,45,3,10,1,1,7,6,1,9,1,5,,9,,1,22,9,121.5461322,25.0200439
111,12,19,15,3,2,03中山區,中山區建國北路2段84號前,0,0,1,1,B03,8,1,5,50,14,9,1,5,4,5,7,4,4,1,4,5,2,16,1,71,3,10,3,4,7,1,1,8,1,7,,19,,1,22,9,121.5366516,25.055579
111,12,19,15,3,2,03中山區,中山區建國北路2段84號前,0,0,1,2,C03,8,1,5,50,14,9,1,5,4,5,7,4,4,1,4,5,2,16,1,20,2,9,3,4,7,9,1,10,1,11,,44,,1,22,9,121.5366516,25.055579
111,12,19,15,25,2,03中山區,中山區樂群二路280號,0,0,1,1,B03,8,1,5,50,14,9,1,5,4,5,7,4,4,1,3,5,2,13,1,35,3,10,3,4,7,9,3,18,1,1,,16,,1,22,9,121.5620742,25.08008347
111,12,19,15,25,2,03中山區,中山區樂群二路280號,0,0,1,2,B03,8,1,5,50,14,9,1,5,4,5,7,4,4,1,3,5,2,13,1,41,2,1,3,4,7,6,1,8,1,7,,44,,1,22,9,121.5620742,25.08008347
111,12,19,15,58,2,07信義區,信義區永吉路200巷6號,0,0,2,1,B03,8,1,5,30,14,9,1,5,4,3,7,4,4,10,5,5,2,9,2,57,2,1,1,1,7,9,1,8,1,2,,42,,1,22,9,121.5726953,25.04522419
111,12,19,15,58,2,07信義區,信義區永吉路200巷6號,0,0,2,2,H01,8,1,5,30,14,9,1,5,4,3,7,4,4,10,5,5,2,9,2,60,2,9,4,5,8,16,8,20,10,16,,60,,1,22,9,121.5726953,25.04522419
111,12,19,16,6,2,02萬華區,萬華區中華路2段與廣州街口,0,0,1,1,B03,8,1,5,50,4,2,1,5,4,5,7,1,1,1,4,4,2,12,1,30,3,10,1,1,7,6,1,8,1,6,,9,,1,22,9,121.5064016,25.03613529
111,12,19,16,6,2,02萬華區,萬華區中華路2段與廣州街口,0,0,1,2,C03,8,1,5,50,4,2,1,5,4,5,7,1,1,1,4,4,2,12,2,42,2,9,1,1,7,9,1,10,1,11,,13,,1,22,9,121.5064016,25.03613529
111,12,19,16,48,2,01大同區,大同區南京西路81號,0,0,1,1,C03,7,1,5,50,14,9,1,5,4,5,7,4,4,1,4,4,2,17,2,54,2,7,1,4,7,7,1,10,2,14,,7,,1,22,9,121.5184297,25.05312057
111,12,19,16,48,2,01大同區,大同區南京西路81號,0,0,1,2,A04,7,1,5,50,14,9,1,5,4,5,7,4,4,1,4,4,2,17,1,37,3,10,3,4,7,9,1,2,2,5,,44,,1,22,9,121.5184297,25.05312057
111,12,19,16,48,2,01大同區,大同區南京西路81號,0,0,1,3,B03,7,1,5,50,14,9,1,5,4,5,7,4,4,1,4,4,2,17,1,47,3,10,3,4,7,9,1,8,2,4,,44,,1,22,9,121.5184297,25.05312057
111,12,19,16,53,2,07信義區,信義區光復南路431號,0,0,1,1,C03,8,1,5,50,14,9,1,5,4,5,7,4,4,10,4,5,2,13,1,26,2,7,1,1,7,9,1,10,1,11,,13,,1,22,9,121.5574373,25.0358147
111,12,19,16,53,2,07信義區,信義區光復南路431號,0,0,1,2,B01,8,1,5,50,14,9,1,5,4,5,7,4,4,10,4,5,2,13,1,61,3,10,1,1,7,8,1,3,1,6,,7,,1,22,9,121.5574373,25.0358147
111,12,19,17,22,2,02萬華區,萬華區堤外便道機車道中興橋下,0,0,2,1,C03,8,3,7,40,14,11,1,5,4,5,7,4,4,10,5,5,1,17,2,66,2,9,1,4,7,9,6,10,1,14,,42,,1,22,9,121.5008995,25.04466193
111,12,19,17,22,2,02萬華區,萬華區堤外便道機車道中興橋下,0,0,2,2,C03,8,3,7,40,14,11,1,5,4,5,7,4,4,10,5,5,1,17,2,50,2,9,1,4,7,9,1,10,1,14,,42,,1,22,9,121.5008995,25.04466193
111,12,19,17,34,2,12內湖區,內湖區大湖街131巷北向南,0,0,1,1,C03,8,3,5,30,14,9,1,5,4,5,2,4,4,10,5,5,2,2,2,27,3,10,1,1,7,9,1,10,2,11,,23,,1,22,9,121.5993558,25.08713755
111,12,19,17,34,2,12內湖區,內湖區大湖街131巷北向南,0,0,1,2,H01,8,3,5,30,14,9,1,5,4,5,2,4,4,10,5,5,2,2,1,73,2,9,4,5,8,16,8,20,10,16,,67,,1,22,9,121.5993558,25.08713755
111,12,19,17,46,2,11南港區,南港區南港路1段與南港橋口西往東,0,0,1,1,B03,7,3,5,50,14,9,1,5,4,5,7,4,4,1,3,5,2,16,1,46,3,10,1,1,7,8,1,8,1,6,,7,,1,22,9,121.6208539,25.0548224
111,12,19,17,46,2,11南港區,南港區南港路1段與南港橋口西往東,0,0,1,2,C03,7,3,5,50,14,9,1,5,4,5,7,4,4,1,3,5,2,16,1,36,2,8,1,1,7,9,1,10,1,11,,44,,1,22,9,121.6208539,25.0548224
111,12,19,17,48,2,05中正區,中正區中華路2段379號,0,0,2,1,C03,8,3,5,40,14,18,1,5,4,5,7,4,4,5,4,4,2,3,1,47,2,8,1,1,7,9,1,10,2,11,,15,,1,22,9,121.507622,25.02631629
111,12,19,17,48,2,05中正區,中正區中華路2段379號,0,0,2,2,H01,8,3,5,40,14,18,1,5,4,5,7,4,4,5,4,4,2,3,2,78,2,9,4,5,8,16,8,20,10,16,,67,,1,22,9,121.507622,25.02631629
111,12,19,17,50,2,10文山區,文山區汀州路4段10-1號,0,0,3,1,C03,7,3,5,30,14,9,1,5,4,5,7,4,4,10,5,5,2,11,1,62,2,7,1,1,7,9,1,10,2,14,,5,,1,22,9,121.5357437,25.01045283
111,12,19,17,50,2,10文山區,文山區汀州路4段10-1號,0,0,3,2,C03,7,3,5,30,14,9,1,5,4,5,7,4,4,10,5,5,2,11,1,60,2,7,1,1,7,9,1,10,2,14,,44,,1,22,9,121.5357437,25.01045283
111,12,19,17,50,2,10文山區,文山區汀州路4段10-1號,0,0,3,3,H02,7,3,5,30,14,9,1,5,4,5,7,4,4,10,5,5,2,11,2,54,2,8,4,5,7,21,8,20,10,16,,67,,1,22,9,121.5357437,25.01045283
111,12,19,17,54,2,04大安區,大安區杭州南路2段與潮州街口,0,0,1,1,A05,8,3,5,50,4,2,1,5,4,5,7,2,1,9,4,5,2,17,4,,4,11,3,4,7,15,7,19,11,15,,43,,2,22,9,121.5220523,25.02950591
111,12,19,17,54,2,04大安區,大安區杭州南路2段與潮州街口,0,0,1,2,C03,8,3,5,50,4,2,1,5,4,5,7,2,1,9,4,5,2,17,2,29,2,8,3,4,7,9,1,10,1,12,,43,,1,22,9,121.5220523,25.02950591
111,12,19,17,55,2,03中山區,中山區長春路與吉林路口,0,0,3,1,C03,8,3,5,40,4,1,1,5,4,5,7,2,1,10,5,5,2,15,2,33,3,10,1,1,7,9,1,10,1,12,,25,,1,22,9,121.5301403,25.0548664
111,12,19,17,55,2,03中山區,中山區長春路與吉林路口,0,0,3,2,C03,8,3,5,40,4,1,1,5,4,5,7,2,1,10,5,5,2,15,1,36,2,9,1,1,7,9,1,10,1,11,,44,,1,22,9,121.5301403,25.0548664
111,12,19,17,55,2,03中山區,中山區長春路與吉林路口,0,0,3,3,H02,8,3,5,40,4,1,1,5,4,5,7,2,1,10,5,5,2,15,1,25,2,9,4,5,7,20,8,20,10,16,,67,,1,22,9,121.5301403,25.0548664
111,12,19,17,55,2,03中山區,中山區長春路與吉林路口,0,0,3,4,H02,8,3,5,40,4,1,1,5,4,5,7,2,1,10,5,5,2,15,2,38,2,9,4,5,7,20,8,20,10,16,,67,,1,22,9,121.5301403,25.0548664
111,12,19,18,0,2,02萬華區,萬華區萬大路486巷與萬大路486巷37弄口,0,0,1,1,C03,8,3,5,30,4,1,1,5,4,5,7,4,4,10,5,5,2,15,1,32,2,9,3,4,7,9,1,10,1,14,,6,,1,22,9,121.4964031,25.0202028
111,12,19,18,0,2,02萬華區,萬華區萬大路486巷與萬大路486巷37弄口,0,0,1,2,B03,8,3,5,30,4,1,1,5,4,5,7,4,4,10,5,5,2,15,1,54,3,10,3,4,7,9,1,8,1,1,,23,,1,22,9,121.4964031,25.0202028
111,12,19,18,0,2,02萬華區,萬華區萬大路486巷與萬大路486巷37弄口,0,0,1,3,B03,8,3,5,30,4,1,1,5,4,5,7,4,4,10,5,5,2,15,1,49,3,10,3,1,7,13,7,19,11,15,,38,,1,22,9,121.4964031,25.0202028
111,12,19,18,10,2,11南港區,南港區市民大道7段與中坡北路口,0,0,1,1,B12,8,3,5,50,4,2,1,5,4,5,7,1,1,1,4,5,2,17,1,45,3,10,1,1,7,8,1,8,1,4,,23,,1,22,9,121.5799988,25.0495051
111,12,19,18,10,2,11南港區,南港區市民大道7段與中坡北路口,0,0,1,2,B03,8,3,5,50,4,2,1,5,4,5,7,1,1,1,4,5,2,17,1,34,3,10,1,1,7,14,1,8,1,7,,44,,1,22,9,121.5799988,25.0495051
111,12,19,18,10,2,11南港區,南港區市民大道7段與中坡北路口,0,0,1,3,C03,8,3,5,50,4,2,1,5,4,5,7,1,1,1,4,5,2,17,2,34,2,9,1,1,7,9,1,10,1,11,,23,,1,22,9,121.5799988,25.0495051
111,12,19,18,35,2,01大同區,大同區承德路3段72號,0,0,2,1,C04,8,3,5,50,14,9,1,5,4,5,7,2,1,1,4,5,2,12,2,26,2,8,1,1,7,7,1,10,1,15,,44,,1,22,9,121.5182745,25.06585491
111,12,19,18,35,2,01大同區,大同區承德路3段72號,0,0,2,2,B03,8,3,5,50,14,9,1,5,4,5,7,2,1,1,4,5,2,12,1,50,3,10,3,4,7,7,1,8,1,5,,17,,1,22,9,121.5182745,25.06585491
111,12,19,18,35,2,01大同區,大同區承德路3段72號,0,0,2,3,H02,8,3,5,50,14,9,1,5,4,5,7,2,1,1,4,5,2,12,2,23,2,8,1,5,7,21,8,20,10,16,,67,,1,22,9,121.5182745,25.06585491
111,12,19,18,40,2,10文山區,文山區羅斯福路5段與羅斯福路5段92巷口,0,0,1,1,C03,8,3,5,50,3,2,1,5,4,5,7,4,4,1,4,5,2,12,1,27,2,9,1,1,7,9,1,10,2,14,,13,,1,22,9,121.5385534,25.0073393
111,12,19,18,40,2,10文山區,文山區羅斯福路5段與羅斯福路5段92巷口,0,0,1,2,C03,8,3,5,50,3,2,1,5,4,5,7,4,4,1,4,5,2,12,1,21,3,10,1,1,7,10,1,10,2,12,,7,,1,22,9,121.5385534,25.0073393
111,12,19,18,49,2,03中山區,中山區濱江街180巷6號,0,0,1,1,B01,7,4,5,50,14,9,1,5,4,5,7,4,4,9,5,5,2,2,1,65,3,10,3,4,7,9,1,4,2,2,,23,,1,22,9,121.5385013,25.07209926
111,12,19,18,49,2,03中山區,中山區濱江街180巷6號,0,0,1,2,H01,7,4,5,50,14,9,1,5,4,5,7,4,4,9,5,5,2,2,1,68,2,9,4,5,8,16,8,20,10,16,,67,,1,22,9,121.5385013,25.07209926
111,12,19,19,0,2,08士林區,士林區德行東路132巷與德行東路口,0,0,1,1,B03,8,1,5,30,4,1,1,5,4,5,7,4,4,5,5,5,2,17,1,44,3,10,1,1,7,9,1,8,1,2,,6,,1,22,9,121.5290918,25.1079894
111,12,19,19,0,2,08士林區,士林區德行東路132巷與德行東路口,0,0,1,2,C03,8,1,5,30,4,1,1,5,4,5,7,4,4,5,5,5,2,17,1,21,2,9,1,1,7,9,1,10,1,11,,14,,1,22,9,121.5290918,25.1079894
111,12,19,19,7,2,09北投區,北投區清江路與清江路151巷口,0,0,3,1,C03,8,3,5,30,4,1,1,5,4,5,7,4,4,10,5,5,2,15,1,48,2,9,3,4,7,9,1,10,2,11,,6,,1,22,9,121.5019513,25.12869631
111,12,19,19,7,2,09北投區,北投區清江路與清江路151巷口,0,0,3,2,C03,8,3,5,30,4,1,1,5,4,5,7,4,4,10,5,5,2,15,1,52,2,9,1,4,7,9,1,10,2,12,,13,,1,22,9,121.5019513,25.12869631
111,12,19,19,7,2,09北投區,北投區清江路與清江路151巷口,0,0,3,3,H02,8,3,5,30,4,1,1,5,4,5,7,4,4,10,5,5,2,15,2,42,2,7,4,5,7,21,8,20,10,15,,67,,1,22,9,121.5019513,25.12869631
111,12,19,19,11,2,02萬華區,萬華區和平西路3段與南寧路口,0,0,1,1,B12,7,3,5,40,4,1,1,5,4,5,7,1,1,3,4,4,2,12,1,78,3,10,1,1,7,6,1,8,2,2,,9,,1,22,9,121.5035149,25.03510721
111,12,19,19,11,2,02萬華區,萬華區和平西路3段與南寧路口,0,0,1,2,C03,7,3,5,40,4,1,1,5,4,5,7,1,1,3,4,4,2,12,2,48,2,9,1,1,7,9,1,10,2,11,,44,,1,22,9,121.5035149,25.03510721
111,12,19,19,32,2,01大同區,大同區民權西路與承德路3段口,0,0,1,1,B01,7,3,5,50,4,1,1,5,4,5,7,1,1,1,4,1,2,12,1,64,3,10,1,1,7,9,1,4,1,5,,23,,1,22,9,121.5184213,25.06308588
111,12,19,19,32,2,01大同區,大同區民權西路與承德路3段口,0,0,1,2,C03,7,3,5,50,4,1,1,5,4,5,7,1,1,1,4,1,2,12,1,67,2,9,1,1,7,9,1,10,1,13,,44,,1,22,9,121.5184213,25.06308588
111,12,19,19,33,2,05中正區,中正區忠孝東路1段與紹興北街口,0,0,1,1,B01,7,3,5,50,14,9,1,5,4,5,7,1,1,1,4,5,2,13,1,54,3,10,1,1,7,8,1,4,1,3,,7,,1,22,9,121.5250786,25.04448085
111,12,19,19,33,2,05中正區,中正區忠孝東路1段與紹興北街口,0,0,1,2,C03,7,3,5,50,14,9,1,5,4,5,7,1,1,1,4,5,2,13,1,45,2,9,1,1,7,9,1,10,1,11,,23,,1,22,9,121.5250786,25.04448085
111,12,19,20,8,2,10文山區,文山區木新路3段與忠順街1段26巷口,0,0,1,1,B03,8,3,5,50,3,2,1,5,4,5,7,2,1,5,4,5,2,16,1,75,3,10,1,1,7,1,1,8,2,8,,19,,1,21,8,121.5599173,24.9815804
111,12,19,20,8,2,10文山區,文山區木新路3段與忠順街1段26巷口,0,0,1,2,C03,8,3,5,50,3,2,1,5,4,5,7,2,1,5,4,5,2,16,2,46,2,9,1,1,7,6,1,10,2,12,,23,,1,21,8,121.5599173,24.9815804
111,12,19,20,15,2,04大安區,大安區仁愛路4段與敦化南路1段口,0,0,2,1,C03,7,3,5,50,5,2,1,5,4,5,7,2,1,3,2,5,2,13,1,39,2,9,1,1,7,6,1,9,1,11,,23,,1,22,9,121.5491008,25.038726
111,12,19,20,15,2,04大安區,大安區仁愛路4段與敦化南路1段口,0,0,2,2,C03,7,3,5,50,5,2,1,5,4,5,7,2,1,3,2,5,2,13,1,32,3,10,1,1,7,14,1,10,1,13,,44,,1,22,9,121.5491008,25.038726
111,12,19,20,15,2,04大安區,大安區仁愛路4段與敦化南路1段口,0,0,2,3,H02,7,3,5,50,5,2,1,5,4,5,7,2,1,3,2,5,2,13,2,36,2,9,1,5,7,20,8,20,10,16,,67,,1,22,9,121.5491008,25.038726
111,12,19,20,17,2,06松山區,松山區八德路4段688號,0,0,1,1,C03,7,3,5,40,14,8,1,5,4,5,7,4,4,9,4,4,2,18,2,31,2,9,1,1,7,9,1,10,2,14,,42,,1,22,9,121.5772925,25.05001531
111,12,19,20,17,2,06松山區,松山區八德路4段688號,0,0,1,2,,7,3,5,40,14,8,1,5,4,5,7,4,4,9,4,4,2,18,3,,,,,,,,,,,,,67,,1,,,121.5772925,25.05001531
111,12,19,20,33,2,12內湖區,內湖區康寧路1段156巷與康寧路口側附近1段口,0,0,1,1,B03,8,3,5,30,3,1,1,5,4,5,7,4,4,4,5,5,2,15,2,45,3,10,1,1,7,1,1,8,1,4,,19,,1,22,9,121.5943514,25.07912852
111,12,19,20,33,2,12內湖區,內湖區康寧路1段156巷與康寧路口側附近1段口,0,0,1,2,C03,8,3,5,30,3,1,1,5,4,5,7,4,4,4,5,5,2,15,2,57,2,8,1,1,7,9,1,10,1,11,,44,,1,22,9,121.5943514,25.07912852
111,12,19,20,54,2,09北投區,北投區石牌路2段與石牌路2段315巷口,0,0,1,1,B03,7,3,5,50,3,1,1,5,4,5,7,4,4,10,5,5,2,3,1,41,3,10,2,1,7,5,1,8,2,8,,15,,1,22,9,121.5232598,25.1216869
111,12,19,20,54,2,09北投區,北投區石牌路2段與石牌路2段315巷口,0,0,1,2,H01,7,3,5,50,3,1,1,5,4,5,7,4,4,10,5,5,2,3,2,59,2,9,4,5,8,16,8,20,10,16,,67,,1,22,9,121.5232598,25.1216869
111,12,19,22,3,2,02萬華區,萬華區中華路1段與忠孝西路2段口,0,0,1,1,C03,8,3,5,50,4,1,1,5,4,5,7,2,1,3,4,5,2,17,1,19,2,9,1,1,7,9,1,10,1,14,,26,,1,22,9,121.5096989,25.0479609
111,12,19,22,3,2,02萬華區,萬華區中華路1段與忠孝西路2段口,0,0,1,2,B01,8,3,5,50,4,1,1,5,4,5,7,2,1,3,4,5,2,17,1,26,3,10,1,1,7,6,1,4,1,5,,44,,1,22,9,121.5096989,25.0479609
111,12,19,22,3,2,02萬華區,萬華區中華路1段與忠孝西路2段口,0,0,1,3,H02,8,3,5,50,4,1,1,5,4,5,7,2,1,3,4,5,2,17,2,16,4,11,4,5,7,20,8,20,10,16,,67,,1,22,9,121.5096989,25.0479609
111,12,19,22,15,2,08士林區,士林區福德路31巷,0,0,3,1,F01,7,3,5,30,14,9,1,5,4,5,7,4,4,10,5,5,2,17,1,30,3,10,1,1,7,9,8,20,1,16,,42,,1,21,8,121.5243585,25.09160249
111,12,19,22,15,2,08士林區,士林區福德路31巷,0,0,3,2,C03,7,3,5,30,14,9,1,5,4,5,7,4,4,10,5,5,2,17,2,42,2,9,1,1,7,9,1,10,1,11,,32,,1,21,8,121.5243585,25.09160249
111,12,19,22,15,2,08士林區,士林區福德路31巷,0,0,3,3,H02,7,3,5,30,14,9,1,5,4,5,7,4,4,10,5,5,2,17,2,11,2,8,1,1,7,20,8,20,10,16,,67,,1,21,8,121.5243585,25.09160249
111,12,19,22,15,2,08士林區,士林區福德路31巷,0,0,3,4,H02,7,3,5,30,14,9,1,5,4,5,7,4,4,10,5,5,2,17,2,7,2,8,4,5,7,20,8,20,10,16,,67,,1,21,8,121.5243585,25.09160249
111,12,19,22,39,2,09北投區,北投區大度路1段與中央北路2段257巷口機車道(往淡水)距中央北路二段257巷約450公尺,0,0,1,1,C03,8,3,5,50,14,12,1,5,4,5,7,4,4,9,4,4,2,18,2,23,2,9,1,1,7,15,1,10,1,14,,23,,1,22,9,121.4883216,25.12198689
111,12,19,22,39,2,09北投區,北投區大度路1段與中央北路2段257巷口機車道(往淡水)距中央北路二段257巷約450公尺,0,0,1,2,,8,3,5,50,14,12,1,5,4,5,7,4,4,9,4,4,2,18,3,,,,,,,,,,,,,67,,1,,,121.4883216,25.12198689
111,12,19,22,54,2,04大安區,大安區基隆路2段與和平東路3段口,0,0,1,1,B01,8,3,5,50,4,1,1,5,4,5,7,2,1,1,4,5,2,17,1,56,3,10,1,1,7,6,1,4,2,5,,44,,1,22,9,121.55279,25.02467953
111,12,19,22,54,2,04大安區,大安區基隆路2段與和平東路3段口,0,0,1,2,C03,8,3,5,50,4,1,1,5,4,5,7,2,1,1,4,5,2,17,2,28,2,9,1,1,7,9,1,10,2,15,,44,,1,22,9,121.55279,25.02467953
111,12,19,23,23,2,01大同區,大同區重慶北路2段與保安街口,0,0,1,2,B03,8,3,5,50,4,1,1,5,4,5,7,2,1,1,4,5,2,16,2,29,3,10,1,1,7,6,1,8,11,2,,9,,1,22,9,121.5135681,25.0592374
111,12,19,23,23,2,01大同區,大同區重慶北路2段與保安街口,0,0,1,1,C03,8,3,5,50,4,1,1,5,4,5,7,2,1,1,4,5,2,16,2,36,2,7,1,1,7,9,1,10,11,11,,23,,1,22,9,121.5135681,25.0592374
111,12,19,23,40,2,03中山區,中山區松江路與民生東路2段口,0,0,1,1,B03,8,3,5,50,4,1,1,5,4,5,7,1,1,1,4,5,2,12,1,32,3,10,1,1,7,6,1,8,1,2,,9,,1,22,9,121.533214,25.05784001
111,12,19,23,40,2,03中山區,中山區松江路與民生東路2段口,0,0,1,2,C03,8,3,5,50,4,1,1,5,4,5,7,1,1,1,4,5,2,12,2,23,2,8,1,1,7,9,1,10,1,14,,44,,1,22,9,121.533214,25.05784001
111,12,19,23,40,2,03中山區,中山區松江路與民生東路2段口,0,0,1,3,C03,8,3,5,50,4,1,1,5,4,5,7,1,1,1,4,5,2,12,2,28,3,10,1,1,7,13,1,10,1,14,,44,,1,22,9,121.533214,25.05784001
111,12,19,23,46,2,01大同區,大同區忠孝西路2段與西寧北路口,0,0,1,1,C03,8,3,5,50,14,9,1,5,4,5,7,2,1,9,5,5,1,12,1,47,2,9,1,1,7,9,1,10,1,14,,26,,1,22,9,121.5075881,25.04875933
111,12,19,23,46,2,01大同區,大同區忠孝西路2段與西寧北路口,0,0,1,2,B03,8,3,5,50,14,9,1,5,4,5,7,2,1,9,5,5,1,12,1,24,3,10,1,1,7,6,1,6,1,2,,44,,1,22,9,121.5075881,25.04875933
111,12,20,2,15,2,06松山區,松山區敦化北路145巷與敦化北路145巷18弄口,0,0,1,1,B03,7,3,5,30,4,1,1,5,4,5,7,4,4,10,5,5,2,15,1,34,2,8,1,1,7,9,1,4,2,8,,6,,1,22,9,121.5511562,25.05377911
111,12,20,2,15,2,06松山區,松山區敦化北路145巷與敦化北路145巷18弄口,0,0,1,2,B02,7,3,5,30,4,1,1,5,4,5,7,4,4,10,5,5,2,15,1,38,3,10,1,1,7,9,1,8,2,5,,44,,1,22,9,121.5511562,25.05377911
111,12,20,6,45,2,01大同區,大同區大龍街228號,0,0,1,1,C03,8,1,5,50,14,9,1,5,4,5,7,4,4,9,5,5,2,16,1,60,3,10,1,1,7,5,1,10,1,11,,8,,1,22,9,121.5159141,25.06972896
111,12,20,6,45,2,01大同區,大同區大龍街228號,0,0,1,2,C03,8,1,5,50,14,9,1,5,4,5,7,4,4,9,5,5,2,16,1,21,2,8,1,1,7,9,1,10,1,11,,44,,1,22,9,121.5159141,25.06972896
111,12,20,7,20,2,04大安區,大安區基隆路3段與辛亥路3段口,0,0,1,1,F01,8,1,5,50,4,1,1,5,4,5,7,2,1,1,4,5,2,17,1,34,2,9,1,1,7,9,8,20,1,16,,23,,1,22,9,121.546771,25.0194562
111,12,20,7,20,2,04大安區,大安區基隆路3段與辛亥路3段口,0,0,1,2,C03,8,1,5,50,4,1,1,5,4,5,7,2,1,1,4,5,2,17,2,25,3,10,1,1,7,6,1,10,1,12,,9,,1,22,9,121.546771,25.0194562
111,12,20,7,26,2,09北投區,北投區中央北路2段與中央北路2段350巷口,0,0,1,1,B12,8,1,5,50,3,1,1,5,4,5,7,4,4,10,5,5,1,16,1,59,3,10,1,1,7,5,1,8,1,6,,8,,1,22,9,121.488243,25.13823
111,12,20,7,26,2,09北投區,北投區中央北路2段與中央北路2段350巷口,0,0,1,2,C03,8,1,5,50,3,1,1,5,4,5,7,4,4,10,5,5,1,16,2,19,2,9,1,1,7,9,1,10,1,11,,43,,1,22,9,121.488243,25.13823
111,12,20,7,40,2,11南港區,南港區經貿二路與經貿二路105巷口口,0,0,1,1,C03,8,1,5,50,4,1,1,5,4,5,7,2,1,1,2,5,2,13,1,83,2,9,1,1,7,9,1,10,1,11,,23,,1,22,9,121.6169263,25.0580844
111,12,20,7,40,2,11南港區,南港區經貿二路與經貿二路105巷口口,0,0,1,2,B03,8,1,5,50,4,1,1,5,4,5,7,2,1,1,2,5,2,13,1,49,3,10,1,1,7,8,1,8,1,7,,44,,1,22,9,121.6169263,25.0580844
111,12,20,7,41,2,08士林區,士林區中山北路7段114巷122燈桿,0,0,1,1,C03,8,1,5,30,11,9,1,5,4,5,7,4,4,10,5,5,2,12,2,52,2,9,1,1,7,6,1,10,1,14,,17,,1,22,9,121.5355366,25.12169675
111,12,20,7,41,2,08士林區,士林區中山北路7段114巷122燈桿,0,0,1,2,B03,8,1,5,30,11,9,1,5,4,5,7,4,4,10,5,5,2,12,1,45,3,10,1,1,7,5,1,8,1,4,,17,,1,22,9,121.5355366,25.12169675
111,12,20,7,41,2,08士林區,士林區中山北路7段114巷122燈桿,0,0,1,3,,8,1,5,30,11,9,1,5,4,5,7,4,4,10,5,5,2,12,3,,,,,,,,,,,,,67,,1,,,121.5355366,25.12169675
111,12,20,7,49,2,11南港區,南港區成功路1段14號,0,0,1,1,C03,8,1,5,50,14,9,1,5,4,5,7,4,4,9,5,5,2,16,1,34,3,10,1,1,7,11,1,10,1,14,,10,,1,22,9,121.5931162,25.0549195
111,12,20,7,49,2,11南港區,南港區成功路1段14號,0,0,1,2,C03,8,1,5,50,14,9,1,5,4,5,7,4,4,9,5,5,2,16,2,32,2,9,1,1,7,9,1,10,1,14,,23,,1,22,9,121.5931162,25.0549195
111,12,20,8,5,2,02萬華區,萬華區艋舺大道46號,0,0,1,1,B03,8,1,5,50,14,9,1,5,4,5,7,1,1,10,4,5,2,13,2,39,3,10,1,1,7,9,1,8,1,1,,23,,1,22,9,121.5040528,25.0332957
111,12,20,8,5,2,02萬華區,萬華區艋舺大道46號,0,0,1,2,C03,8,1,5,50,14,9,1,5,4,5,7,1,1,10,4,5,2,13,2,40,2,9,1,1,7,7,1,10,1,13,,7,,1,22,9,121.5040528,25.0332957
111,12,20,8,5,2,11南港區,南港區忠孝東路6段297號,0,0,1,1,C03,8,1,5,30,14,9,1,5,4,5,7,4,4,8,5,5,2,12,2,51,2,9,1,1,7,9,1,10,1,15,,43,,1,22,9,121.5909344,25.05000412
111,12,20,8,5,2,11南港區,南港區忠孝東路6段297號,0,0,1,2,C02,8,1,5,30,14,9,1,5,4,5,7,4,4,8,5,5,2,12,1,37,3,10,1,1,7,1,1,9,1,15,,43,,1,22,9,121.5909344,25.05000412
111,12,20,8,9,2,02萬華區,萬華區水源路205-3號,0,0,1,1,C03,8,1,5,40,14,9,1,5,4,5,7,4,4,1,5,5,2,13,1,61,2,7,1,1,7,9,1,10,1,11,,23,,1,22,9,121.5036945,25.01962083
111,12,20,8,9,2,02萬華區,萬華區水源路205-3號,0,0,1,2,F01,8,1,5,40,14,9,1,5,4,5,7,4,4,1,5,5,2,13,1,66,3,10,1,1,7,9,8,20,1,16,,5,,1,22,9,121.5036945,25.01962083
111,12,20,8,14,2,08士林區,士林區通河西街1段與堤外便道口,0,0,1,1,B03,8,1,5,40,3,1,1,5,4,5,7,4,4,5,5,5,2,17,2,52,3,10,3,4,7,5,1,8,1,15,,8,,1,22,9,121.5120977,25.0869427
111,12,20,8,14,2,08士林區,士林區通河西街1段與堤外便道口,0,0,1,2,C03,8,1,5,40,3,1,1,5,4,5,7,4,4,5,5,5,2,17,1,44,2,8,3,4,7,5,1,10,1,15,,23,,1,22,9,121.5120977,25.0869427
111,12,20,8,21,2,05中正區,中正區仁愛路2段與金山南路1段口,0,0,1,1,C03,8,1,5,50,4,1,1,5,4,5,7,1,1,1,4,5,2,16,2,25,3,10,1,1,7,6,1,10,1,12,,9,,1,22,9,121.5281951,25.0382531