發生年度,發生月,發生日,發生時-Hours,發生分,處理別-編號,區序,肇事地點,死亡人數,2-30日死亡人數,受傷人數,當事人序號,車種,天候,光線,道路類別,速限-速度限制,道路型態,事故位置,路面狀況1,路面狀況2,路面狀況3,道路障礙1,道路障礙2,號誌1,號誌2,車道劃分-分向,車道劃分-分道1,車道劃分-分道2,車道劃分-分道3,事故類型及型態,性別,年齡,受傷程度,主要傷處,安全帽,行動電話,車輛用途,當事者行動狀態,駕駛資格情形,駕駛執照種類,飲酒情形,車輛撞擊部位1,車輛撞擊部位2,肇因碼-個別,肇因碼-主要,個人肇逃否,職業,旅次目的,座標-X,座標-Y
111,12,20,8,21,2,05中正區,中正區仁愛路2段與金山南路1段口,0,0,1,2,C03,8,1,5,50,4,1,1,5,4,5,7,1,1,1,4,5,2,16,1,21,2,8,1,1,7,9,1,10,1,14,,44,,1,22,9,121.5281951,25.0382531
111,12,20,8,22,2,03中山區,中山區南京東路2段90號,0,0,1,1,C03,8,1,5,50,14,7,1,5,4,5,7,4,4,1,3,4,2,12,1,43,2,9,3,4,7,9,1,9,1,15,,23,,1,22,9,121.5312158,25.0519982
111,12,20,8,22,2,03中山區,中山區南京東路2段90號,0,0,1,2,B01,8,1,5,50,14,7,1,5,4,5,7,4,4,1,3,4,2,12,1,53,3,10,3,4,7,9,1,4,1,2,,44,,1,22,9,121.5312158,25.0519982
111,12,20,8,22,2,03中山區,中山區南京東路2段90號,0,0,1,3,B03,8,1,5,50,14,7,1,5,4,5,7,4,4,1,3,4,2,12,1,35,3,10,3,4,7,9,1,8,1,4,,44,,1,22,9,121.5312158,25.0519982
111,12,20,8,35,2,11南港區,南港區忠孝東路7段415巷與忠孝東路7段口,0,0,2,1,C03,8,1,5,50,3,1,1,5,4,5,7,2,1,1,4,5,2,13,1,18,2,9,3,4,7,4,1,10,1,11,,43,,1,22,9,121.6091058,25.05244183
111,12,20,8,35,2,11南港區,南港區忠孝東路7段415巷與忠孝東路7段口,0,0,2,2,C03,8,1,5,50,3,1,1,5,4,5,7,2,1,1,4,5,2,13,2,37,2,9,3,4,7,15,1,10,1,13,,43,,1,22,9,121.6091058,25.05244183
111,12,20,8,36,2,07信義區,信義區信義路5段124號,0,0,1,1,C03,8,1,5,50,14,9,1,5,4,5,7,4,4,1,4,5,2,18,1,33,2,9,1,1,7,9,1,9,1,15,,42,,1,22,9,121.5690796,25.03272876
111,12,20,8,36,2,07信義區,信義區信義路5段124號,0,0,1,2,,8,1,5,50,14,9,1,5,4,5,7,4,4,1,4,5,2,18,3,,,,,,,,,,10,,,67,,1,,,121.5690796,25.03272876
111,12,20,8,36,2,07信義區,信義區信義路5段124號,0,0,1,3,C03,8,1,5,50,14,9,1,5,4,5,7,4,4,1,4,5,2,18,1,32,3,10,3,1,7,7,1,10,9,15,,7,,2,22,9,121.5690796,25.03272876
111,12,20,8,41,2,02萬華區,萬華區環河南路3段347號,0,0,1,1,B12,8,1,5,50,14,9,1,5,4,2,7,4,4,10,3,5,2,12,1,47,3,10,1,1,7,14,1,8,2,4,,38,,1,6,9,121.4947371,25.01716756
111,12,20,8,41,2,02萬華區,萬華區環河南路3段347號,0,0,1,2,C03,8,1,5,50,14,9,1,5,4,2,7,4,4,10,3,5,2,12,1,36,2,8,1,1,7,9,1,10,2,13,,44,,1,6,9,121.4947371,25.01716756
111,12,20,8,41,2,02萬華區,萬華區環河南路3段347號,0,0,1,3,B12,8,1,5,50,14,9,1,5,4,2,7,4,4,10,3,5,2,12,1,82,3,10,1,1,7,9,3,18,2,5,,44,,1,22,9,121.4947371,25.01716756
111,12,20,8,59,2,05中正區,中正區水源路與水源路31巷口,0,0,1,1,C03,8,1,5,50,3,2,1,5,4,5,7,4,4,5,5,5,2,13,2,33,2,9,1,1,7,9,1,10,1,11,,16,,1,22,9,121.5242927,25.01802626
111,12,20,8,59,2,05中正區,中正區水源路與水源路31巷口,0,0,1,2,B03,8,1,5,50,3,2,1,5,4,5,7,4,4,5,5,5,2,13,2,45,3,10,1,1,7,9,1,8,1,3,,44,,1,22,9,121.5242927,25.01802626
111,12,20,9,10,2,03中山區,中山區市民大道3段與八德路2段口,0,0,1,1,B02,8,1,5,40,5,1,1,5,4,5,7,1,1,1,4,1,1,17,1,29,3,10,1,1,7,6,1,8,1,2,,9,,1,22,9,121.5349828,25.04509873
111,12,20,9,10,2,03中山區,中山區市民大道3段與八德路2段口,0,0,1,2,C03,8,1,5,40,5,1,1,5,4,5,7,1,1,1,4,1,1,17,2,33,2,9,1,1,7,9,1,10,1,14,,23,,1,22,9,121.5349828,25.04509873
111,12,20,9,15,2,03中山區,中山區中山北路3段51號,0,0,2,1,C03,8,1,5,50,14,9,1,5,4,5,7,4,4,1,4,5,2,13,1,18,2,9,3,4,7,9,1,10,2,11,,16,,1,22,9,121.5225797,25.0668888
111,12,20,9,15,2,03中山區,中山區中山北路3段51號,0,0,2,2,C03,8,1,5,50,14,9,1,5,4,5,7,4,4,1,4,5,2,13,1,18,2,9,3,4,7,9,1,10,2,13,,44,,1,22,9,121.5225797,25.0668888
111,12,20,9,15,2,03中山區,中山區中山北路3段51號,0,0,2,3,A04,8,1,5,50,14,9,1,5,4,5,7,4,4,1,4,5,2,13,1,52,3,10,3,4,7,8,1,2,2,6,,44,,1,22,9,121.5225797,25.0668888
111,12,20,9,17,2,04大安區,大安區建國南路2段(龍門國中地下停車場入口),0,0,1,1,B03,8,1,5,50,14,8,1,5,4,5,7,4,4,1,4,4,2,12,1,56,3,10,3,4,7,6,1,8,1,5,,9,,1,22,9,121.5379279,25.02403137
111,12,20,9,17,2,04大安區,大安區建國南路2段(龍門國中地下停車場入口),0,0,1,2,C03,8,1,5,50,14,8,1,5,4,5,7,4,4,1,4,4,2,12,1,24,2,8,3,4,7,9,1,10,1,11,,23,,1,22,9,121.5379279,25.02403137
111,12,20,9,19,2,05中正區,中正區思源街與汀州路3段60巷2弄口口,0,0,1,1,B12,8,1,5,50,11,7,1,5,4,5,7,4,4,3,4,4,2,12,1,56,3,10,1,1,7,9,1,8,2,5,,42,,1,22,9,121.5313606,25.01434405
111,12,20,9,19,2,05中正區,中正區思源街與汀州路3段60巷2弄口口,0,0,1,2,C03,8,1,5,50,11,7,1,5,4,5,7,4,4,3,4,4,2,12,1,65,2,1,1,1,7,9,1,10,11,14,,42,,1,22,9,121.5313606,25.01434405
111,12,20,9,20,2,08士林區,士林區至誠路2段20號,0,0,1,1,B03,8,1,5,50,11,9,1,5,4,5,1,4,4,10,5,5,2,17,2,61,3,10,1,1,7,2,1,8,1,4,,12,,1,22,9,121.5298418,25.10219509
111,12,20,9,20,2,08士林區,士林區至誠路2段20號,0,0,1,2,C04,8,1,5,50,11,9,1,5,4,5,1,4,4,10,5,5,2,17,2,50,2,9,1,1,7,9,1,11,1,12,,23,,1,22,9,121.5298418,25.10219509
111,12,20,9,25,2,08士林區,士林區中山北路6段13號對面,0,0,1,1,C03,8,1,5,50,14,9,1,5,4,5,7,4,4,1,4,5,2,12,1,52,2,9,1,1,7,7,1,10,2,14,,7,,1,22,9,121.5252554,25.10311268
111,12,20,9,25,2,08士林區,士林區中山北路6段13號對面,0,0,1,2,B03,8,1,5,50,14,9,1,5,4,5,7,4,4,1,4,5,2,12,1,48,3,10,1,1,7,9,1,8,2,2,,23,,1,22,9,121.5252554,25.10311268
111,12,20,9,38,2,05中正區,中正區南陽街18號,0,0,1,1,B02,8,1,5,50,14,9,1,5,4,5,7,4,4,10,5,5,2,12,1,26,4,11,3,4,7,15,7,19,9,15,,23,,2,22,9,121.5161117,25.0451413
111,12,20,9,38,2,05中正區,中正區南陽街18號,0,0,1,2,C03,8,1,5,50,14,9,1,5,4,5,7,4,4,10,5,5,2,12,1,19,2,8,1,1,7,15,1,10,9,13,,44,,2,22,9,121.5161117,25.0451413
111,12,20,9,47,2,09北投區,北投區榮華一路與榮華一路20巷口,0,0,1,1,C03,8,1,5,30,3,1,1,5,4,5,7,4,4,10,5,5,2,17,1,86,2,7,3,4,7,1,1,10,1,14,,43,,1,22,9,121.5231862,25.1120926
111,12,20,9,47,2,09北投區,北投區榮華一路與榮華一路20巷口,0,0,1,2,C03,8,1,5,30,3,1,1,5,4,5,7,4,4,10,5,5,2,17,1,23,3,10,3,4,7,9,1,10,1,12,,43,,1,22,9,121.5231862,25.1120926
111,12,20,10,5,2,08士林區,士林區基河路與美崙街口,0,0,1,1,A41,8,1,5,50,3,1,1,5,4,5,7,2,1,5,4,5,2,16,1,57,3,10,3,4,7,6,1,5,1,2,,9,,1,22,9,121.5184549,25.09511021
111,12,20,10,5,2,08士林區,士林區基河路與美崙街口,0,0,1,2,F01,8,1,5,50,3,1,1,5,4,5,7,2,1,5,4,5,2,16,2,82,2,8,3,1,7,12,8,20,1,16,,44,,1,22,9,121.5184549,25.09511021
111,12,20,10,6,2,04大安區,大安區信義路3段166巷與信義路3段166巷6弄口,0,0,2,1,C03,8,1,5,30,3,1,1,5,4,5,7,4,4,10,5,5,2,15,1,63,2,8,1,1,7,15,1,10,1,11,,6,,1,22,9,121.5419242,25.0327858
111,12,20,10,6,2,04大安區,大安區信義路3段166巷與信義路3段166巷6弄口,0,0,2,2,B03,8,1,5,30,3,1,1,5,4,5,7,4,4,10,5,5,2,15,1,46,2,8,3,4,7,9,1,8,1,8,,6,,1,22,9,121.5419242,25.0327858
111,12,20,10,6,2,04大安區,大安區信義路3段166巷與信義路3段166巷6弄口,0,0,2,3,H02,8,1,5,30,3,1,1,5,4,5,7,4,4,10,5,5,2,15,2,23,3,10,2,4,7,21,8,20,10,15,,67,,1,22,9,121.5419242,25.0327858
111,12,20,10,11,2,05中正區,中正區羅斯福路4段136巷與汀州路3段口,0,0,2,1,C03,8,1,5,50,3,1,1,5,4,5,7,1,1,5,5,5,2,16,1,28,2,9,1,1,7,5,1,10,1,14,,6,,1,22,9,121.5352787,25.01258839
111,12,20,10,11,2,05中正區,中正區羅斯福路4段136巷與汀州路3段口,0,0,2,2,C03,8,1,5,50,3,1,1,5,4,5,7,1,1,5,5,5,2,16,1,20,2,9,1,1,7,9,1,10,1,11,,13,,1,22,9,121.5352787,25.01258839
111,12,20,10,30,2,04大安區,大安區仁愛路3段與復興南路1段口,0,0,1,1,C03,8,1,5,50,4,1,1,5,4,5,7,1,1,1,4,5,2,12,2,23,2,9,1,1,7,9,1,10,1,14,,43,,1,22,9,121.5435941,25.0382537
111,12,20,10,30,2,04大安區,大安區仁愛路3段與復興南路1段口,0,0,1,2,B12,8,1,5,50,4,1,1,5,4,5,7,1,1,1,4,5,2,12,1,64,3,10,1,1,7,9,1,8,1,6,,43,,1,22,9,121.5435941,25.0382537
111,12,20,10,30,2,04大安區,大安區仁愛路3段與復興南路1段口,0,0,1,3,C03,8,1,5,50,4,1,1,5,4,5,7,1,1,1,4,5,2,12,1,68,3,10,1,1,7,9,1,10,1,14,,43,,1,22,9,121.5435941,25.0382537
111,12,20,10,37,2,10文山區,文山區木柵路3段66巷與忠順街2段85巷口口,0,0,2,1,C03,8,1,5,50,3,2,5,5,4,5,7,1,1,10,5,5,2,13,2,59,2,9,1,1,7,5,1,10,1,13,,8,,1,22,9,121.5657398,24.98702831
111,12,20,10,37,2,10文山區,文山區木柵路3段66巷與忠順街2段85巷口口,0,0,2,2,C03,8,1,5,50,3,2,5,5,4,5,7,1,1,10,5,5,2,13,1,64,2,9,1,1,7,9,3,18,1,11,,23,,1,22,9,121.5657398,24.98702831
111,12,20,11,20,2,10文山區,(木柵路1段172號前),0,0,1,3,B03,8,1,5,50,4,1,1,5,4,5,7,2,1,5,2,5,2,17,1,34,3,10,3,4,7,14,1,8,2,8,,44,,1,22,9,121.5523646,24.98781829
111,12,20,11,20,2,10文山區,(木柵路1段172號前),0,0,1,1,C03,8,1,5,50,4,1,1,5,4,5,7,2,1,5,2,5,2,17,2,73,2,9,1,4,7,9,3,18,2,11,,23,,1,22,9,121.5523646,24.98781829
111,12,20,11,20,2,10文山區,(木柵路1段172號前),0,0,1,2,C03,8,1,5,50,4,1,1,5,4,5,7,2,1,5,2,5,2,17,2,46,3,10,1,4,7,15,1,10,2,13,,6,,1,22,9,121.5523646,24.98781829
111,12,20,11,43,2,06松山區,松山區民生東路3段135號,0,0,2,1,C03,8,1,5,50,14,9,1,5,4,5,7,2,1,3,4,5,2,12,1,30,2,9,1,1,7,7,1,9,1,14,,7,,1,22,9,121.5484482,25.05778835
111,12,20,11,43,2,06松山區,松山區民生東路3段135號,0,0,2,2,C03,8,1,5,50,14,9,1,5,4,5,7,2,1,3,4,5,2,12,1,50,2,6,1,1,7,9,1,9,1,12,,44,,1,22,9,121.5484482,25.05778835
111,12,20,11,44,2,06松山區,松山區南京東路3段與復興北路口,0,0,2,1,C03,8,1,5,50,4,1,1,5,4,5,7,1,1,1,4,5,2,13,2,54,2,9,1,1,7,9,1,8,2,11,,23,,1,22,9,121.5441553,25.05177561
111,12,20,11,44,2,06松山區,松山區南京東路3段與復興北路口,0,0,2,2,C03,8,1,5,50,4,1,1,5,4,5,7,1,1,1,4,5,2,13,1,39,2,9,1,1,7,14,1,10,2,13,,42,,1,22,9,121.5441553,25.05177561
111,12,20,11,45,2,12內湖區,內湖區內湖路1段387巷11號,0,0,1,1,C03,8,1,5,50,14,9,1,5,4,5,7,4,4,7,5,5,2,16,2,31,3,10,1,1,7,1,1,10,1,11,,19,,1,22,9,121.5701912,25.08214395
111,12,20,11,45,2,12內湖區,內湖區內湖路1段387巷11號,0,0,1,2,C03,8,1,5,50,14,9,1,5,4,5,7,4,4,7,5,5,2,16,2,51,2,7,1,1,7,9,1,10,1,11,,44,,1,22,9,121.5701912,25.08214395
111,12,20,11,50,2,10文山區,文山區木柵路1段與景美溪橋口口,0,0,2,1,C03,8,1,5,50,3,1,1,5,4,5,7,2,1,4,1,5,1,12,2,24,2,8,1,4,7,6,1,10,1,12,,9,,1,22,9,121.5455083,24.98679563
111,12,20,11,50,2,10文山區,文山區木柵路1段與景美溪橋口口,0,0,2,2,C03,8,1,5,50,3,1,1,5,4,5,7,2,1,4,1,5,1,12,1,45,2,8,1,4,7,9,1,10,1,14,,26,,1,22,9,121.5455083,24.98679563
111,12,20,12,4,2,07信義區,信義區基隆路2段與基隆路2段79巷口,0,0,2,1,C03,8,3,5,50,3,2,1,5,4,5,7,4,4,1,4,5,2,13,1,51,2,9,3,4,7,9,1,9,1,13,,44,,1,22,9,121.5580021,25.0302899
111,12,20,12,4,2,07信義區,信義區基隆路2段與基隆路2段79巷口,0,0,2,2,C03,8,3,5,50,3,2,1,5,4,5,7,4,4,1,4,5,2,13,1,27,2,9,3,4,7,9,1,10,1,11,,23,,1,22,9,121.5580021,25.0302899
111,12,20,12,4,2,07信義區,信義區基隆路2段與基隆路2段79巷口,0,0,2,3,C03,8,3,5,50,3,2,1,5,4,5,7,4,4,1,4,5,2,13,1,38,3,10,3,4,7,13,1,10,9,11,,44,,1,22,9,121.5580021,25.0302899
111,12,20,12,21,2,04大安區,大安區信義路2段148巷與金山南路2段13巷口,0,0,1,1,C03,8,1,5,30,4,1,1,5,4,5,7,4,4,10,5,5,2,15,2,49,2,9,1,1,7,9,1,10,1,12,,6,,1,22,9,121.5286642,25.0332804
111,12,20,12,21,2,04大安區,大安區信義路2段148巷與金山南路2段13巷口,0,0,1,2,B01,8,1,5,30,4,1,1,5,4,5,7,4,4,10,5,5,2,15,1,62,3,10,1,1,7,9,1,8,1,1,,23,,1,22,9,121.5286642,25.0332804
111,12,20,12,54,2,08士林區,士林區光華路與長春街口,0,0,1,1,C03,8,1,5,30,3,2,1,5,4,5,7,4,4,9,5,5,2,17,1,22,2,9,1,1,7,4,1,10,1,12,,23,,1,22,9,121.5453926,25.1373558
111,12,20,12,54,2,08士林區,士林區光華路與長春街口,0,0,1,2,B03,8,1,5,30,3,2,1,5,4,5,7,4,4,9,5,5,2,17,2,20,3,10,1,1,7,5,1,8,1,4,,27,,1,22,9,121.5453926,25.1373558
111,12,20,12,58,2,03中山區,中山區民權東路2段與松江路口,0,0,2,1,C04,8,1,5,50,4,1,1,5,4,5,7,1,1,1,4,5,2,13,1,30,2,8,1,1,7,9,1,10,1,11,,23,,1,22,9,121.5334733,25.06258
111,12,20,12,58,2,03中山區,中山區民權東路2段與松江路口,0,0,2,2,C03,8,1,5,50,4,1,1,5,4,5,7,1,1,1,4,5,2,13,2,22,3,10,1,1,7,12,1,10,1,13,,44,,1,22,9,121.5334733,25.06258
111,12,20,12,58,2,03中山區,中山區民權東路2段與松江路口,0,0,2,3,H02,8,1,5,50,4,1,1,5,4,5,7,1,1,1,4,5,2,13,2,29,2,7,1,5,7,20,8,20,10,16,,67,,1,22,9,121.5334733,25.06258
111,12,20,12,58,2,12內湖區,內湖區民權東路6段90巷與民權東路6段口,0,0,1,1,B03,8,1,5,50,3,1,1,5,4,5,7,1,1,1,4,5,1,13,1,34,3,10,1,1,7,9,1,8,1,1,,23,,1,22,9,121.5860561,25.06892215
111,12,20,12,58,2,12內湖區,內湖區民權東路6段90巷與民權東路6段口,0,0,1,2,B03,8,1,5,50,3,1,1,5,4,5,7,1,1,1,4,5,1,13,1,25,2,9,1,1,7,14,1,8,1,3,,44,,1,22,9,121.5860561,25.06892215
111,12,20,13,1,2,06松山區,松山區敦化北路155巷與敦化北路199巷2弄口,0,0,1,1,B02,8,1,5,30,4,1,1,5,4,5,7,4,4,9,4,5,2,15,2,53,3,10,3,4,7,9,1,8,2,1,,6,,1,22,9,121.5499357,25.05426806
111,12,20,13,1,2,06松山區,松山區敦化北路155巷與敦化北路199巷2弄口,0,0,1,2,C03,8,1,5,30,4,1,1,5,4,5,7,4,4,9,4,5,2,15,1,45,2,9,1,4,7,9,1,10,2,12,,44,,1,22,9,121.5499357,25.05426806
111,12,20,13,10,2,08士林區,士林區中山北路5段453號,0,0,2,1,C03,8,1,5,50,14,9,1,5,4,5,7,4,4,5,4,5,2,17,1,21,2,9,1,1,7,9,1,10,1,11,,23,,1,22,9,121.5275482,25.09153979
111,12,20,13,10,2,08士林區,士林區中山北路5段453號,0,0,2,2,C03,8,1,5,50,14,9,1,5,4,5,7,4,4,5,4,5,2,17,1,32,2,9,1,1,7,9,1,10,1,13,,37,,1,22,9,121.5275482,25.09153979
111,12,20,13,24,2,02萬華區,萬華區昆明街310號,0,0,1,1,C04,8,1,5,50,14,9,1,5,4,5,7,4,4,10,4,5,2,12,2,33,2,9,1,1,7,7,1,10,1,14,,7,,1,22,9,121.5034538,25.03618382
111,12,20,13,24,2,02萬華區,萬華區昆明街310號,0,0,1,2,B03,8,1,5,50,14,9,1,5,4,5,7,4,4,10,4,5,2,12,1,46,3,10,1,1,7,9,1,8,1,5,,44,,1,22,9,121.5034538,25.03618382
111,12,20,13,35,2,08士林區,(華齡街188號前),0,0,1,1,C03,8,1,8,30,15,22,1,5,4,5,7,4,4,10,5,5,2,17,2,70,2,9,1,1,7,5,1,10,1,11,,6,,1,22,9,121.5196456,25.08757098
111,12,20,13,35,2,08士林區,(華齡街188號前),0,0,1,2,B03,8,1,8,30,15,22,1,5,4,5,7,4,4,10,5,5,2,17,1,62,3,10,1,1,7,9,1,8,1,4,,13,,1,22,9,121.5196456,25.08757098
111,12,20,13,52,2,03中山區,中山區建國北路2段88號前,0,0,1,1,B03,8,1,5,50,3,1,1,5,4,5,7,1,1,1,4,5,2,1,1,58,3,10,3,4,7,5,1,8,1,1,,15,,1,22,9,121.5366488,25.05621481
111,12,20,13,52,2,03中山區,中山區建國北路2段88號前,0,0,1,2,H01,8,1,5,50,3,1,1,5,4,5,7,1,1,1,4,5,2,1,2,35,2,9,4,5,8,18,8,20,10,16,,67,,1,22,9,121.5366488,25.05621481
111,12,20,13,52,2,08士林區,士林區通河西街1段與堤外便道口堤外槌球場旁,0,0,2,1,C02,8,1,5,50,3,1,1,5,4,5,7,4,4,5,5,5,1,16,1,19,2,9,1,1,7,4,4,10,1,11,,23,,1,21,8,121.5126605,25.08589878
111,12,20,13,52,2,08士林區,士林區通河西街1段與堤外便道口堤外槌球場旁,0,0,2,2,B03,8,1,5,50,3,1,1,5,4,5,7,4,4,5,5,5,1,16,2,39,3,10,1,1,7,5,1,8,1,7,,44,,1,21,8,121.5126605,25.08589878
111,12,20,13,52,2,08士林區,士林區通河西街1段與堤外便道口堤外槌球場旁,0,0,2,3,H02,8,1,5,50,3,1,1,5,4,5,7,4,4,5,5,5,1,16,2,14,2,9,1,5,7,20,8,20,10,16,,67,,1,21,8,121.5126605,25.08589878
111,12,20,14,20,2,03中山區,中山區樂群三路303號,0,0,1,1,B03,8,1,5,50,14,9,1,5,4,5,7,4,4,9,5,5,2,17,1,48,3,10,3,4,7,1,1,8,1,8,,19,,1,22,9,121.5603524,25.08259774
111,12,20,14,20,2,03中山區,中山區樂群三路303號,0,0,1,2,C03,8,1,5,50,14,9,1,5,4,5,7,4,4,9,5,5,2,17,2,30,2,9,3,4,7,9,1,10,1,12,,44,,1,22,9,121.5603524,25.08259774
111,12,20,14,36,2,02萬華區,萬華區寶興街與西藏路269巷口,0,0,1,1,C03,8,1,5,50,4,1,1,5,4,5,7,2,1,9,4,5,2,17,1,65,3,10,1,1,7,5,1,10,1,11,,8,,1,22,9,121.4930308,25.02775552
111,12,20,14,36,2,02萬華區,萬華區寶興街與西藏路269巷口,0,0,1,2,C03,8,1,5,50,4,1,1,5,4,5,7,2,1,9,4,5,2,17,2,24,3,10,1,1,7,9,1,10,1,12,,13,,1,22,9,121.4930308,25.02775552
111,12,20,14,36,2,02萬華區,萬華區寶興街與西藏路269巷口,0,0,1,3,H02,8,1,5,50,4,1,1,5,4,5,7,2,1,9,4,5,2,17,2,21,2,8,4,5,7,21,8,20,10,16,,67,,1,22,9,121.4930308,25.02775552
111,12,20,14,39,2,04大安區,大安區通化街與通化街165巷口,0,0,2,1,F02,8,1,5,50,4,1,1,5,4,5,7,4,4,5,2,5,2,17,1,56,2,9,2,1,7,11,8,20,7,16,,10,,1,22,9,121.5537459,25.0284931
111,12,20,14,39,2,04大安區,大安區通化街與通化街165巷口,0,0,2,2,C03,8,1,5,50,4,1,1,5,4,5,7,4,4,5,2,5,2,17,2,27,2,8,1,1,7,9,1,10,2,12,,44,,1,22,9,121.5537459,25.0284931
111,12,20,14,39,2,04大安區,大安區通化街與通化街165巷口,0,0,2,3,C03,8,1,5,50,4,1,1,5,4,5,7,4,4,5,2,5,2,17,4,,4,11,3,4,7,15,7,19,11,15,,43,,2,22,9,121.5537459,25.0284931
111,12,20,14,39,2,04大安區,大安區通化街與通化街165巷口,0,0,2,4,C03,8,1,5,50,4,1,1,5,4,5,7,4,4,5,2,5,2,17,2,40,3,10,2,1,7,13,1,10,1,12,,44,,1,22,9,121.5537459,25.0284931
111,12,20,15,0,2,06松山區,松山區市民大道5段與東寧路口,0,0,1,1,B03,8,1,5,40,3,1,1,5,4,5,7,1,1,1,4,5,2,12,2,65,3,10,1,1,7,6,1,8,1,5,,9,,1,22,9,121.5629765,25.04736784
111,12,20,15,0,2,06松山區,松山區市民大道5段與東寧路口,0,0,1,2,C03,8,1,5,40,3,1,1,5,4,5,7,1,1,1,4,5,2,12,1,28,2,9,1,1,7,9,1,10,1,11,,13,,1,22,9,121.5629765,25.04736784
111,12,20,15,30,2,08士林區,士林區菁山路101巷往北,0,0,1,1,B03,8,1,5,50,14,9,1,5,4,5,7,4,4,5,5,5,2,2,1,79,3,10,1,1,7,6,1,8,1,1,,23,,1,22,9,121.5635776,25.1656351
111,12,20,15,30,2,08士林區,士林區菁山路101巷往北,0,0,1,2,H01,8,1,5,50,14,9,1,5,4,5,7,4,4,5,5,5,2,2,1,34,2,9,4,5,8,16,8,20,1,16,,67,,1,22,9,121.5635776,25.1656351
111,12,20,16,25,2,03中山區,中山區南京西路12巷6號,0,0,1,1,H01,8,1,5,30,3,2,1,5,4,5,7,4,4,10,5,5,2,3,2,29,2,9,4,5,8,16,8,20,10,16,,51,,1,22,9,121.5214605,25.0516773
111,12,20,16,25,2,03中山區,中山區南京西路12巷6號,0,0,1,2,B01,8,1,5,30,3,2,1,5,4,5,7,4,4,10,5,5,2,3,1,61,3,10,3,4,7,9,1,8,2,1,,23,,1,22,9,121.5214605,25.0516773
111,12,20,16,30,2,03中山區,中山區德惠街與農安街77巷口,0,0,1,1,C03,8,1,5,30,4,1,1,5,4,5,7,4,4,10,5,5,2,15,1,63,2,9,1,1,7,9,1,10,1,12,,6,,1,22,9,121.5285324,25.0666454
111,12,20,16,30,2,03中山區,中山區德惠街與農安街77巷口,0,0,1,2,B03,8,1,5,30,4,1,1,5,4,5,7,4,4,10,5,5,2,15,1,35,3,10,1,1,7,9,1,8,1,1,,44,,1,22,9,121.5285324,25.0666454
111,12,20,16,38,2,03中山區,中山區建國北路1段78巷8號,0,0,1,1,C03,8,1,5,30,14,9,1,5,4,5,7,4,4,10,5,5,2,17,1,21,2,9,3,4,7,9,1,10,1,12,,13,,1,22,9,121.5358916,25.0493207
111,12,20,16,38,2,03中山區,中山區建國北路1段78巷8號,0,0,1,2,B03,8,1,5,30,14,9,1,5,4,5,7,4,4,10,5,5,2,17,2,60,3,10,3,4,7,1,1,8,1,15,,19,,1,22,9,121.5358916,25.0493207
111,12,20,16,38,2,12內湖區,內湖區新湖二路與新湖二路146巷口,0,0,1,1,B01,8,2,5,50,4,2,1,5,4,5,6,1,1,5,4,5,2,3,1,65,3,10,1,1,7,9,1,4,2,1,,25,,1,22,9,121.5793868,25.06255141
111,12,20,16,38,2,12內湖區,內湖區新湖二路與新湖二路146巷口,0,0,1,2,H01,8,2,5,50,4,2,1,5,4,5,6,1,1,5,4,5,2,3,2,34,2,9,4,5,8,16,8,20,10,16,,67,,1,22,9,121.5793868,25.06255141
111,12,20,16,50,2,12內湖區,內湖區成功路2段325號前,0,0,1,1,B01,8,1,5,50,15,9,1,5,4,5,7,1,1,1,4,5,1,16,1,53,3,10,3,4,7,5,1,4,1,2,,8,,1,22,9,121.5899224,25.07192231
111,12,20,16,50,2,12內湖區,內湖區成功路2段325號前,0,0,1,2,C03,8,1,5,50,15,9,1,5,4,5,7,1,1,1,4,5,1,16,1,27,2,9,3,4,7,9,1,10,1,11,,44,,1,22,9,121.5899224,25.07192231
111,12,20,17,1,2,08士林區,士林區格致路與建業路口,0,0,1,1,B03,8,1,5,40,4,1,1,5,4,5,7,1,1,5,5,5,2,11,1,64,3,10,3,4,7,5,1,8,2,2,,6,,1,22,9,121.5461054,25.13568024
111,12,20,17,1,2,08士林區,士林區格致路與建業路口,0,0,1,2,C03,8,1,5,40,4,1,1,5,4,5,7,1,1,5,5,5,2,11,1,19,2,9,1,1,7,9,1,10,2,11,,42,,1,22,9,121.5461054,25.13568024
111,12,20,17,3,2,07信義區,信義區莊敬路341巷4弄11號,0,0,2,1,B01,8,1,5,30,14,9,1,5,4,5,7,4,4,10,5,5,2,17,2,51,2,7,1,3,7,5,1,4,1,8,,8,,1,22,9,121.5645042,25.0282796
111,12,20,17,3,2,07信義區,信義區莊敬路341巷4弄11號,0,0,2,2,C03,8,1,5,30,14,9,1,5,4,5,7,4,4,10,5,5,2,17,1,43,2,9,1,1,7,9,1,10,1,14,,44,,1,22,9,121.5645042,25.0282796
111,12,20,17,3,2,07信義區,信義區永吉路與松山路口,0,0,1,1,B03,8,1,5,50,4,2,1,5,4,5,7,2,1,8,3,5,2,3,1,47,3,10,1,1,7,5,1,8,11,1,,43,,1,22,9,121.5777538,25.0452853