發生年度,發生月,發生日,發生時-Hours,發生分,處理別-編號,區序,肇事地點,死亡人數,2-30日死亡人數,受傷人數,當事人序號,車種,天候,光線,道路類別,速限-速度限制,道路型態,事故位置,路面狀況1,路面狀況2,路面狀況3,道路障礙1,道路障礙2,號誌1,號誌2,車道劃分-分向,車道劃分-分道1,車道劃分-分道2,車道劃分-分道3,事故類型及型態,性別,年齡,受傷程度,主要傷處,安全帽,行動電話,車輛用途,當事者行動狀態,駕駛資格情形,駕駛執照種類,飲酒情形,車輛撞擊部位1,車輛撞擊部位2,肇因碼-個別,肇因碼-主要,個人肇逃否,職業,旅次目的,座標-X,座標-Y
111,12,20,17,3,2,07信義區,信義區永吉路與松山路口,0,0,1,2,H01,8,1,5,50,4,2,1,5,4,5,7,2,1,8,3,5,2,3,2,70,2,9,4,5,8,16,8,20,10,16,,67,,1,22,9,121.5777538,25.0452853
111,12,20,17,10,2,10文山區,文山區木柵路5段與木柵路5段21巷口口,0,0,1,1,B03,8,1,5,50,3,1,1,5,4,5,7,2,1,4,3,5,1,16,1,58,3,10,3,4,7,11,1,8,1,2,,26,,1,22,9,121.5809773,25.00200152
111,12,20,17,10,2,10文山區,文山區木柵路5段與木柵路5段21巷口口,0,0,1,2,C03,8,1,5,50,3,1,1,5,4,5,7,2,1,4,3,5,1,16,1,24,2,8,1,4,7,9,1,10,1,11,,13,,1,22,9,121.5809773,25.00200152
111,12,20,17,11,2,05中正區,中正區汀州路2段與泉州街口,0,0,1,1,C03,8,2,5,50,4,1,1,5,4,5,7,1,1,5,4,4,2,12,1,38,3,10,1,1,7,15,1,10,2,12,,17,,1,22,9,121.5138317,25.0262061
111,12,20,17,11,2,05中正區,中正區汀州路2段與泉州街口,0,0,1,2,F02,8,2,5,50,4,1,1,5,4,5,7,1,1,5,4,4,2,12,2,40,2,9,1,1,7,15,8,20,2,15,,17,,1,22,9,121.5138317,25.0262061
111,12,20,17,28,2,11南港區,南港區南港路3段133號,0,0,1,1,B03,8,3,5,50,14,9,1,5,4,5,7,4,4,9,4,5,2,17,1,26,3,10,1,1,7,13,1,8,1,4,,40,,1,22,9,121.5866797,25.05302883
111,12,20,17,28,2,11南港區,南港區南港路3段133號,0,0,1,2,C03,8,3,5,50,14,9,1,5,4,5,7,4,4,9,4,5,2,17,1,47,2,9,1,1,7,9,1,10,1,14,,23,,1,22,9,121.5866797,25.05302883
111,12,20,17,48,2,08士林區,士林區中正路與福林路口,0,0,2,1,C03,8,3,5,50,5,1,1,5,4,5,7,1,1,1,5,5,2,12,2,41,2,9,1,1,7,5,1,10,1,14,,8,,1,22,9,121.5321988,25.0965153
111,12,20,17,48,2,08士林區,士林區中正路與福林路口,0,0,2,2,C03,8,3,5,50,5,1,1,5,4,5,7,1,1,1,5,5,2,12,2,30,2,9,1,1,7,5,1,10,1,12,,8,,1,22,9,121.5321988,25.0965153
111,12,20,17,50,2,12內湖區,內湖區行善路與行善路181巷口,0,0,1,2,C03,8,1,5,50,3,2,1,5,4,5,7,4,4,1,3,4,1,12,1,56,2,9,3,4,7,9,1,10,1,14,,44,,1,22,9,121.5815887,25.0592365
111,12,20,17,50,2,12內湖區,內湖區行善路與行善路181巷口,0,0,1,1,B03,8,1,5,50,3,2,1,5,4,5,7,4,4,1,3,4,1,12,2,38,3,10,3,4,7,6,1,8,1,2,,9,,1,22,9,121.5815887,25.0592365
111,12,20,17,53,2,03中山區,中山區中山北路2段71號,0,0,1,1,B01,8,3,5,50,14,8,1,5,4,5,7,4,4,4,4,1,2,12,1,58,3,10,1,1,7,8,1,4,1,5,,7,,1,22,9,121.5230254,25.0574632
111,12,20,17,53,2,03中山區,中山區中山北路2段71號,0,0,1,2,C03,8,3,5,50,14,8,1,5,4,5,7,4,4,4,4,1,2,12,2,61,2,9,1,1,7,9,1,10,1,13,14,44,,1,22,9,121.5230254,25.0574632
111,12,20,17,54,2,01大同區,大同區市民高架道燈桿編號:461(往西),0,0,1,1,B03,8,3,8,50,15,22,1,5,4,5,7,4,4,10,4,1,2,13,1,26,3,10,1,1,7,9,1,8,2,8,,16,,1,22,9,121.5136167,25.04952278
111,12,20,17,54,2,01大同區,大同區市民高架道燈桿編號:461(往西),0,0,1,2,C02,8,3,8,50,15,22,1,5,4,5,7,4,4,10,4,1,2,13,1,35,2,8,1,1,7,9,1,9,2,13,,44,,1,22,9,121.5136167,25.04952278
111,12,20,18,4,2,05中正區,中正區忠孝東路1段與杭州南路1段口口,0,0,1,1,C03,8,3,5,50,4,1,1,5,4,5,7,2,1,9,4,4,1,18,1,37,2,9,1,1,7,9,1,10,1,14,,42,,1,21,1,121.5268323,25.0438673
111,12,20,18,4,2,05中正區,中正區忠孝東路1段與杭州南路1段口口,0,0,1,2,,8,3,5,50,4,1,1,5,4,5,7,2,1,9,4,4,1,18,3,,,,,,,,,,,,,67,,1,,,121.5268323,25.0438673
111,12,20,18,18,2,12內湖區,內湖區金龍路與內湖路3段18巷口,0,0,1,1,B03,8,3,5,30,3,1,1,5,4,5,7,4,4,9,4,5,1,15,1,59,3,10,1,1,7,1,1,8,2,2,,6,,1,22,9,121.5930437,25.08492304
111,12,20,18,18,2,12內湖區,內湖區金龍路與內湖路3段18巷口,0,0,1,2,C03,8,3,5,30,3,1,1,5,4,5,7,4,4,9,4,5,1,15,1,22,2,9,1,1,7,21,1,10,2,11,,44,,1,22,9,121.5930437,25.08492304
111,12,20,18,20,2,05中正區,中正區忠孝東路1段與忠孝東路1段49巷口,0,0,1,1,B03,8,3,5,50,3,1,1,5,4,5,7,4,4,10,5,5,2,3,1,66,3,10,1,1,7,6,1,8,2,1,,23,,1,22,9,121.526057,25.0442863
111,12,20,18,20,2,05中正區,中正區忠孝東路1段與忠孝東路1段49巷口,0,0,1,2,H01,8,3,5,50,3,1,1,5,4,5,7,4,4,10,5,5,2,3,2,33,2,9,4,5,8,16,8,20,10,16,,26,,1,22,9,121.526057,25.0442863
111,12,20,18,32,2,09北投區,北投區中央北路4段與中央北路4段180巷口,0,0,2,1,C03,8,3,5,50,14,9,1,5,4,5,7,4,4,9,4,5,2,16,1,18,2,8,1,1,7,9,1,10,2,11,,44,,1,22,9,121.4750987,25.13271798
111,12,20,18,32,2,09北投區,北投區中央北路4段與中央北路4段180巷口,0,0,2,2,F01,8,3,5,50,14,9,1,5,4,5,7,4,4,9,4,5,2,16,1,53,2,9,1,1,7,7,8,20,2,16,,7,,1,22,9,121.4750987,25.13271798
111,12,20,18,45,2,08士林區,士林區東山路25巷55號,0,0,1,1,C03,8,3,5,30,11,9,1,5,4,5,1,4,4,10,5,5,1,13,1,66,2,9,3,4,7,9,1,10,2,11,,16,,1,22,9,121.5425334,25.11888668
111,12,20,18,45,2,08士林區,士林區東山路25巷55號,0,0,1,2,B03,8,3,5,30,11,9,1,5,4,5,1,4,4,10,5,5,1,13,1,37,3,10,3,4,7,12,1,8,2,7,,44,,1,22,9,121.5425334,25.11888668
111,12,20,18,45,2,08士林區,士林區中山北路5段與文林路口,0,0,3,1,B01,8,3,5,50,4,2,1,5,4,5,7,2,1,2,4,5,1,17,1,69,3,10,1,1,7,9,1,4,2,5,,23,,1,22,9,121.5273517,25.09031664
111,12,20,18,45,2,08士林區,士林區中山北路5段與文林路口,0,0,3,2,C03,8,3,5,50,4,2,1,5,4,5,7,2,1,2,4,5,1,17,2,41,2,7,1,1,7,7,1,10,2,13,,7,,1,22,9,121.5273517,25.09031664
111,12,20,18,45,2,08士林區,士林區中山北路5段與文林路口,0,0,3,3,H02,8,3,5,50,4,2,1,5,4,5,7,2,1,2,4,5,1,17,1,9,2,9,4,5,7,20,8,20,10,16,,67,,1,22,9,121.5273517,25.09031664
111,12,20,18,45,2,08士林區,士林區中山北路5段與文林路口,0,0,3,4,H02,8,3,5,50,4,2,1,5,4,5,7,2,1,2,4,5,1,17,1,4,2,9,4,1,7,20,8,20,10,16,,67,,1,22,9,121.5273517,25.09031664
111,12,20,18,49,2,08士林區,士林區延平北路7段與延平北路7段106巷口,0,0,2,1,F01,7,3,5,30,3,1,1,5,4,5,7,4,4,5,5,5,2,17,1,54,2,9,1,1,7,9,8,20,1,16,,23,,1,21,8,121.4971669,25.09692183
111,12,20,18,49,2,08士林區,士林區延平北路7段與延平北路7段106巷口,0,0,2,2,C03,7,3,5,30,3,1,1,5,4,5,7,4,4,5,5,5,2,17,1,24,2,9,1,1,7,9,1,10,1,11,,23,,1,21,8,121.4971669,25.09692183
111,12,20,18,49,2,08士林區,士林區延平北路7段與延平北路7段106巷口,0,0,2,3,C03,7,3,5,30,3,1,1,5,4,5,7,4,4,5,5,5,2,17,1,47,3,10,1,1,7,9,1,10,1,11,,23,,1,21,8,121.4971669,25.09692183
111,12,20,18,50,2,10文山區,文山區新光路2段與新光路2段74巷口,0,0,1,1,C03,8,3,5,40,3,2,1,5,4,5,1,4,4,5,2,5,2,18,1,20,2,9,1,1,7,15,1,10,2,14,,14,,1,22,9,121.5939538,24.996249
111,12,20,18,50,2,10文山區,文山區新光路2段與新光路2段74巷口,0,0,1,2,,8,3,5,40,3,2,1,5,4,5,1,4,4,5,2,5,2,18,3,,,,,,,,,,,,,67,,1,,,121.5939538,24.996249
111,12,20,19,0,2,09北投區,北投區學園路2號,0,0,1,2,,8,3,8,30,15,9,1,5,4,5,7,4,4,8,1,5,1,29,3,,,,,,,,,,,,,67,,1,,,121.4693216,25.1345998
111,12,20,19,0,2,09北投區,北投區學園路2號,0,0,1,1,C03,8,3,8,30,15,9,1,5,4,5,7,4,4,8,1,5,1,29,2,20,2,1,1,1,7,1,1,10,1,12,,23,,1,22,9,121.4693216,25.1345998
111,12,20,19,6,2,12內湖區,內湖區行愛路與新湖三路口口,0,0,1,1,B12,8,3,5,50,4,2,1,5,4,5,7,2,1,4,3,4,2,13,1,35,3,10,1,1,7,9,1,8,1,1,,16,,1,22,9,121.5795697,25.06490091
111,12,20,19,6,2,12內湖區,內湖區行愛路與新湖三路口口,0,0,1,2,B03,8,3,5,50,4,2,1,5,4,5,7,2,1,4,3,4,2,13,1,46,2,9,1,1,7,14,1,8,1,3,,44,,1,22,9,121.5795697,25.06490091
111,12,20,19,35,2,10文山區,文山區汀州路4段88號,0,0,3,1,F01,8,3,5,30,14,9,1,5,4,5,7,4,4,9,5,4,2,17,2,22,2,9,1,1,7,5,8,20,1,16,,8,,1,22,9,121.5368508,25.00786494
111,12,20,19,35,2,10文山區,文山區汀州路4段88號,0,0,3,2,C03,8,3,5,30,14,9,1,5,4,5,7,4,4,9,5,4,2,17,1,38,2,8,1,1,7,9,1,10,1,12,12,13,,1,22,9,121.5368508,25.00786494
111,12,20,19,35,2,10文山區,文山區汀州路4段88號,0,0,3,3,H02,8,3,5,30,14,9,1,5,4,5,7,4,4,9,5,4,2,17,2,27,2,8,1,5,7,21,8,20,1,16,16,67,,1,22,9,121.5368508,25.00786494
111,12,20,19,42,2,04大安區,大安區羅斯福路3段283巷9弄與羅斯福路3段283巷口,0,0,1,1,C03,8,3,5,30,4,1,1,5,4,5,7,4,4,10,5,5,2,15,2,30,2,9,1,1,7,9,1,10,1,14,,6,,1,22,9,121.5321274,25.0188201
111,12,20,19,42,2,04大安區,大安區羅斯福路3段283巷9弄與羅斯福路3段283巷口,0,0,1,2,C03,8,3,5,30,4,1,1,5,4,5,7,4,4,10,5,5,2,15,1,22,3,10,1,1,7,9,1,10,1,11,,14,,1,22,9,121.5321274,25.0188201
111,12,20,19,45,2,03中山區,中山區民族東路與濱江街180巷口,0,0,2,1,C03,7,3,5,50,4,2,1,5,4,5,7,2,1,9,5,4,2,16,1,27,2,3,3,4,7,9,1,10,1,11,,23,,1,22,9,121.5382185,25.06819961
111,12,20,19,45,2,03中山區,中山區民族東路與濱江街180巷口,0,0,2,2,C03,7,3,5,50,4,2,1,5,4,5,7,2,1,9,5,4,2,16,1,52,2,9,3,4,7,5,1,10,1,12,,8,,1,22,9,121.5382185,25.06819961
111,12,20,19,52,2,08士林區,士林區文林路594巷與文林路口,0,0,2,1,B03,8,3,5,50,3,2,1,5,4,5,7,4,4,9,4,4,1,16,2,33,3,10,3,4,7,6,1,8,1,6,,9,,1,22,9,121.5236891,25.09844321
111,12,20,19,52,2,08士林區,士林區文林路594巷與文林路口,0,0,2,2,C03,8,3,5,50,3,2,1,5,4,5,7,4,4,9,4,4,1,16,1,21,3,10,3,4,7,9,1,10,1,11,,44,,1,22,9,121.5236891,25.09844321
111,12,20,19,52,2,08士林區,士林區文林路594巷與文林路口,0,0,2,3,C03,8,3,5,50,3,2,1,5,4,5,7,4,4,9,4,4,1,16,1,19,2,9,3,4,7,9,1,10,1,11,,16,,1,22,9,121.5236891,25.09844321
111,12,20,19,52,2,08士林區,士林區文林路594巷與文林路口,0,0,2,4,H02,8,3,5,50,3,2,1,5,4,5,7,4,4,9,4,4,1,16,1,18,2,9,3,4,7,20,8,20,10,15,,67,,1,22,9,121.5236891,25.09844321
111,12,20,20,17,2,02萬華區,萬華區萬大路486巷與萬大路486巷68弄口,0,0,2,1,C03,8,3,5,30,5,1,1,5,4,3,7,4,4,10,5,5,2,15,1,18,2,8,1,4,7,9,1,10,1,12,,6,,1,22,9,121.4953136,25.02074607
111,12,20,20,17,2,02萬華區,萬華區萬大路486巷與萬大路486巷68弄口,0,0,2,2,C03,8,3,5,30,5,1,1,5,4,3,7,4,4,10,5,5,2,15,2,22,2,9,1,4,7,9,1,10,1,11,,6,,1,22,9,121.4953136,25.02074607
111,12,20,20,29,2,04大安區,大安區忠孝東路4段77巷與敦化南路1段190巷口,0,0,1,1,C03,8,3,5,30,4,1,1,5,4,5,7,4,4,10,5,5,2,15,2,41,2,9,1,4,7,9,1,10,1,12,,6,,1,22,9,121.547225,25.0426321
111,12,20,20,29,2,04大安區,大安區忠孝東路4段77巷與敦化南路1段190巷口,0,0,1,2,B03,8,3,5,30,4,1,1,5,4,5,7,4,4,10,5,5,2,15,2,51,3,10,3,4,7,9,1,8,1,1,,44,,1,22,9,121.547225,25.0426321
111,12,20,20,29,2,07信義區,信義區松壽路與市府路口口,0,0,1,1,B03,7,3,5,50,4,1,1,5,4,5,7,2,1,5,4,5,2,16,1,62,3,10,1,1,7,5,1,8,1,6,,6,,1,22,9,121.563572,25.0359504
111,12,20,20,29,2,07信義區,信義區松壽路與市府路口口,0,0,1,2,B03,7,3,5,50,4,1,1,5,4,5,7,2,1,5,4,5,2,16,1,45,3,10,1,1,7,9,1,8,1,1,,44,,1,22,9,121.563572,25.0359504
111,12,20,20,29,2,07信義區,信義區松壽路與市府路口口,0,0,1,3,H01,7,3,5,50,4,1,1,5,4,5,7,2,1,5,4,5,2,16,2,26,2,9,4,5,8,16,8,20,10,16,,67,,1,22,9,121.563572,25.0359504
111,12,20,20,30,2,07信義區,信義區光復南路102號對面,0,0,1,1,C04,8,3,5,50,14,9,1,5,4,5,7,4,4,9,4,5,2,18,1,72,2,9,1,1,7,9,1,10,1,15,,23,,1,22,9,121.5577714,25.043561
111,12,20,20,30,2,07信義區,信義區光復南路102號對面,0,0,1,2,,8,3,5,50,14,9,1,5,4,5,7,4,4,9,4,5,2,18,3,,,,,,,,,,,,,67,,1,,,121.5577714,25.043561
111,12,20,21,8,2,03中山區,中山區復興北路與朱崙街口,0,0,2,1,C03,8,3,5,50,3,2,1,5,4,5,7,2,1,1,4,5,2,13,2,23,2,9,3,4,7,9,1,10,1,11,,13,,1,22,9,121.5438721,25.0499266
111,12,20,21,8,2,03中山區,中山區復興北路與朱崙街口,0,0,2,2,B01,8,3,5,50,3,2,1,5,4,5,7,2,1,1,4,5,2,13,1,57,3,10,3,4,7,6,1,4,1,6,,44,,1,22,9,121.5438721,25.0499266
111,12,20,21,8,2,03中山區,中山區復興北路與朱崙街口,0,0,2,3,B03,8,3,5,50,3,2,1,5,4,5,7,2,1,1,4,5,2,13,1,35,3,10,3,4,7,11,1,4,9,15,,10,,1,22,9,121.5438721,25.0499266
111,12,20,21,8,2,03中山區,中山區復興北路與朱崙街口,0,0,2,4,H02,8,3,5,50,3,2,1,5,4,5,7,2,1,1,4,5,2,13,2,22,2,9,3,4,7,21,8,20,10,15,,67,,1,22,9,121.5438721,25.0499266
111,12,20,21,10,2,03中山區,中山區中山北路2段59-1號,0,0,1,1,C03,8,3,5,50,14,9,1,5,4,5,7,4,4,9,4,5,2,13,1,17,3,10,1,1,7,9,2,18,2,11,,16,,1,22,9,121.5229061,25.05593204
111,12,20,21,10,2,03中山區,中山區中山北路2段59-1號,0,0,1,2,C04,8,3,5,50,14,9,1,5,4,5,7,4,4,9,4,5,2,13,1,33,3,10,1,1,7,9,1,8,2,13,,44,,1,22,9,121.5229061,25.05593204
111,12,20,21,10,2,03中山區,中山區中山北路2段59-1號,0,0,1,3,H02,8,3,5,50,14,9,1,5,4,5,7,4,4,9,4,5,2,13,2,30,2,9,1,5,7,20,8,20,10,16,,67,,1,22,9,121.5229061,25.05593204
111,12,20,21,16,2,01大同區,大同區長安西路與西寧北路口,0,0,1,1,C03,8,3,5,50,4,1,1,5,4,5,7,1,1,5,4,5,2,17,1,36,3,10,1,1,7,5,1,10,1,14,,6,,1,22,9,121.5085536,25.052032
111,12,20,21,16,2,01大同區,大同區長安西路與西寧北路口,0,0,1,2,C03,8,3,5,50,4,1,1,5,4,5,7,1,1,5,4,5,2,17,1,25,2,8,1,1,7,9,1,10,1,14,,23,,1,22,9,121.5085536,25.052032
111,12,20,21,48,2,12內湖區,內湖區陽光街與成功路2段456巷口,0,0,1,2,,7,3,5,30,3,2,1,2,4,2,7,4,4,9,5,5,2,18,3,,,,,,,,,,,,,61,,1,,,121.585577,25.07511865
111,12,20,21,48,2,12內湖區,內湖區陽光街與成功路2段456巷口,0,0,1,1,C03,7,3,5,30,3,2,1,2,4,2,7,4,4,9,5,5,2,18,1,39,2,9,1,1,7,9,1,10,1,12,,42,,1,22,9,121.585577,25.07511865
111,12,20,21,50,2,05中正區,中正區和平西路2段與南海路口,0,0,1,1,C03,8,3,5,50,4,1,1,5,4,5,7,1,1,5,4,5,2,17,2,27,3,10,1,1,7,7,3,18,1,15,,7,,1,22,9,121.5091089,25.0304096
111,12,20,21,50,2,05中正區,中正區和平西路2段與南海路口,0,0,1,2,C03,8,3,5,50,4,1,1,5,4,5,7,1,1,5,4,5,2,17,1,25,2,9,1,1,7,9,1,10,1,15,,42,,1,22,9,121.5091089,25.0304096
111,12,20,21,50,2,12內湖區,內湖區成功路2段245巷與成功路2段口,0,0,2,1,C03,8,3,5,50,3,1,1,5,4,5,7,4,4,1,4,5,2,12,1,26,2,9,1,1,7,6,1,10,1,12,,44,,1,22,9,121.5908571,25.06798458
111,12,20,21,50,2,12內湖區,內湖區成功路2段245巷與成功路2段口,0,0,2,2,C03,8,3,5,50,3,1,1,5,4,5,7,4,4,1,4,5,2,12,1,37,2,9,1,1,7,9,1,10,1,14,,16,,1,22,9,121.5908571,25.06798458
111,12,20,21,51,2,08士林區,士林區延平北路7段106巷94弄與延平北路7段106巷口,0,0,1,1,B03,8,1,5,30,3,2,1,5,4,5,7,4,4,10,5,5,1,16,1,48,3,10,3,4,7,6,1,8,1,8,,6,,1,22,9,121.4962334,25.09914163
111,12,20,21,51,2,08士林區,士林區延平北路7段106巷94弄與延平北路7段106巷口,0,0,1,2,C03,8,1,5,30,3,2,1,5,4,5,7,4,4,10,5,5,1,16,1,25,2,9,3,4,7,9,1,10,1,12,,13,,1,22,9,121.4962334,25.09914163
111,12,20,21,57,2,03中山區,中山區中山北路1段53巷與林森北路口,0,0,1,1,B12,8,3,5,30,4,2,1,5,4,5,7,4,4,10,5,5,2,15,1,41,3,10,1,1,7,9,1,5,2,2,,6,,1,22,9,121.5243769,25.0487103
111,12,20,21,57,2,03中山區,中山區中山北路1段53巷與林森北路口,0,0,1,2,C03,8,3,5,30,4,2,1,5,4,5,7,4,4,10,5,5,2,15,1,18,2,9,1,1,7,9,1,10,9,11,,23,,1,22,9,121.5243769,25.0487103
111,12,20,23,30,2,12內湖區,內湖區星雲街150巷與星雲街口,0,0,1,1,B03,7,3,5,50,4,1,1,5,4,5,7,2,1,9,4,5,2,16,1,23,2,1,1,1,7,4,1,8,2,2,,1,,1,22,9,121.5955652,25.08019344
111,12,20,23,30,2,12內湖區,內湖區星雲街150巷與星雲街口,0,0,1,2,B03,7,3,5,50,4,1,1,5,4,5,7,2,1,9,4,5,2,16,1,21,3,10,1,1,7,5,1,8,2,8,,44,,1,22,9,121.5955652,25.08019344
111,12,21,0,2,2,01大同區,大同區民權西路136號,0,0,1,1,B03,8,3,5,50,14,9,1,5,4,5,7,2,1,1,4,5,2,12,2,26,3,10,3,4,7,1,1,8,1,8,,19,,1,22,9,121.516099,25.06287423
111,12,21,0,2,2,01大同區,大同區民權西路136號,0,0,1,2,C03,8,3,5,50,14,9,1,5,4,5,7,2,1,1,4,5,2,12,1,19,3,10,1,1,7,9,1,10,1,12,,44,,1,22,9,121.516099,25.06287423
111,12,21,0,2,2,01大同區,大同區民權西路136號,0,0,1,3,H02,8,3,5,50,14,9,1,5,4,5,7,2,1,1,4,5,2,12,2,19,2,8,1,5,7,21,8,20,10,16,,67,,1,22,9,121.516099,25.06287423
111,12,21,1,22,2,09北投區,北投區自強街與致遠一路1段口口,0,0,1,1,B01,8,3,5,50,4,1,1,5,4,5,7,3,1,5,4,5,2,15,1,46,3,10,1,1,7,9,1,8,2,1,,6,,1,22,9,121.5147396,25.1106561
111,12,21,1,22,2,09北投區,北投區自強街與致遠一路1段口口,0,0,1,2,A11,8,3,5,50,4,1,1,5,4,5,7,3,1,5,4,5,2,15,1,42,3,10,1,1,7,9,1,1,2,2,,14,,1,22,9,121.5147396,25.1106561
111,12,21,1,22,2,09北投區,北投區自強街與致遠一路1段口口,0,0,1,3,H02,8,3,5,50,4,1,1,5,4,5,7,3,1,5,4,5,2,15,2,35,2,8,4,5,7,20,8,20,10,16,,67,,1,22,9,121.5147396,25.1106561
111,12,21,3,15,2,03中山區,中山區長春路90號,0,0,1,2,B01,8,3,5,50,14,7,1,5,4,5,7,4,4,5,4,4,2,13,1,44,3,10,1,1,7,11,1,4,1,7,,10,,1,22,9,121.5270871,25.05490017
111,12,21,3,15,2,03中山區,中山區長春路90號,0,0,1,1,C03,8,3,5,50,14,7,1,5,4,5,7,4,4,5,4,4,2,13,1,28,2,9,1,1,7,9,1,10,1,11,,23,,1,22,9,121.5270871,25.05490017
111,12,21,5,25,2,06松山區,松山區南京東路4段130號,0,0,1,1,B12,7,3,5,50,14,10,1,5,4,5,7,4,4,1,3,4,2,26,1,61,2,9,3,4,7,15,1,8,2,1,,23,,1,22,9,121.5555773,25.05158973
111,12,21,5,25,2,06松山區,松山區南京東路4段130號,0,0,1,2,,7,3,5,50,14,10,1,5,4,5,7,4,4,1,3,4,2,26,3,,,,,,,,,,,,,67,,1,,,121.5555773,25.05158973
111,12,21,5,28,2,10文山區,文山區木柵路2段138巷與木柵路2段口,0,0,1,1,B12,8,3,5,50,4,2,1,5,4,5,7,1,1,5,4,5,2,3,1,54,3,10,3,4,7,5,1,4,2,8,,15,,1,22,9,121.5617606,24.98882651
111,12,21,5,28,2,10文山區,文山區木柵路2段138巷與木柵路2段口,0,0,1,2,H01,8,3,5,50,4,2,1,5,4,5,7,1,1,5,4,5,2,3,2,59,2,5,4,5,8,16,8,20,9,16,,67,,1,22,9,121.5617606,24.98882651
111,12,21,6,20,2,02萬華區,萬華區康定路與桂林路口,0,0,1,1,B03,8,2,5,50,4,1,1,5,4,5,7,1,1,8,3,5,1,17,2,59,3,10,1,1,7,5,1,8,1,8,,6,,1,22,9,121.5017633,25.038392
111,12,21,6,20,2,02萬華區,萬華區康定路與桂林路口,0,0,1,2,C03,8,2,5,50,4,1,1,5,4,5,7,1,1,8,3,5,1,17,1,22,2,7,1,1,7,9,1,10,1,11,,23,,1,22,9,121.5017633,25.038392
111,12,21,7,25,2,05中正區,中正區延平南路與延平南路171巷口口,0,0,1,1,B03,6,1,5,30,4,1,1,4,4,5,7,4,4,10,5,5,1,3,1,56,3,10,1,1,7,5,1,8,2,8,,15,,1,22,9,121.5075657,25.03479194
111,12,21,7,25,2,05中正區,中正區延平南路與延平南路171巷口口,0,0,1,2,H01,6,1,5,30,4,1,1,4,4,5,7,4,4,10,5,5,1,3,1,62,2,8,4,5,8,16,8,20,10,16,,67,,1,22,9,121.5075657,25.03479194
111,12,21,7,27,2,03中山區,中山區民權東路3段69號,0,0,1,1,B03,6,1,5,50,14,9,1,4,4,5,7,4,4,1,1,1,1,12,1,77,3,10,3,4,7,1,1,8,1,7,,19,,1,22,9,121.5431463,25.0624385
111,12,21,7,27,2,03中山區,中山區民權東路3段69號,0,0,1,2,C03,6,1,5,50,14,9,1,4,4,5,7,4,4,1,1,1,1,12,1,29,2,9,3,4,7,9,1,10,1,12,,13,,1,22,9,121.5431463,25.0624385
111,12,21,7,30,2,07信義區,信義區忠孝東路4段547號,0,0,1,1,C03,6,1,5,50,14,9,1,4,4,5,7,4,4,1,4,5,2,18,2,40,2,8,1,1,7,9,1,10,9,12,,42,,1,22,9,121.56199,25.0413625
111,12,21,7,30,2,07信義區,信義區忠孝東路4段547號,0,0,1,2,,6,1,5,50,14,9,1,4,4,5,7,4,4,1,4,5,2,18,3,,,,,,,,,,,,,67,,1,,,121.56199,25.0413625
111,12,21,7,33,2,11南港區,南港區向陽路與忠孝東路7段口,0,0,1,1,C03,7,1,5,50,5,1,1,5,4,5,7,2,1,1,5,5,2,15,1,74,3,10,1,1,7,9,1,10,1,12,,25,,1,22,9,121.5957635,25.05069478
111,12,21,7,33,2,11南港區,南港區向陽路與忠孝東路7段口,0,0,1,2,C03,7,1,5,50,5,1,1,5,4,5,7,2,1,1,5,5,2,15,2,35,2,9,3,4,7,9,1,10,1,11,,44,,1,22,9,121.5957635,25.05069478
111,12,21,7,49,2,03中山區,中山區長春路65號,0,0,1,1,B03,6,1,5,40,14,8,1,4,4,5,7,4,4,8,4,4,1,16,1,82,3,10,1,1,7,11,1,8,9,7,,10,,1,22,9,121.526419,25.0549684
111,12,21,7,49,2,03中山區,中山區長春路65號,0,0,1,2,C03,6,1,5,40,14,8,1,4,4,5,7,4,4,8,4,4,1,16,1,27,2,9,1,1,7,9,1,10,1,12,,44,,1,22,9,121.526419,25.0549684
111,12,21,7,50,2,11南港區,南港區忠孝東路6段272號對面,0,0,1,1,C03,7,1,5,40,14,8,1,5,4,5,7,4,4,1,4,4,2,17,1,34,2,9,1,1,7,9,1,10,1,11,,23,,1,22,9,121.5887444,25.04927091
111,12,21,7,50,2,11南港區,南港區忠孝東路6段272號對面,0,0,1,2,B03,7,1,5,40,14,8,1,5,4,5,7,4,4,1,4,4,2,17,1,50,3,10,2,1,7,13,1,10,11,7,,44,,1,22,9,121.5887444,25.04927091
111,12,21,7,55,2,06松山區,松山區市民大道5段1號,0,0,2,1,F01,7,1,5,50,14,9,1,5,4,5,7,4,4,9,4,5,2,12,1,59,2,9,1,1,7,8,8,20,2,16,,7,,1,22,9,121.5584204,25.04543178
111,12,21,7,55,2,06松山區,松山區市民大道5段1號,0,0,2,2,C03,7,1,5,50,14,9,1,5,4,5,7,4,4,9,4,5,2,12,2,37,2,9,1,4,7,9,1,10,2,14,,44,,1,22,9,121.5584204,25.04543178
111,12,21,8,10,2,01大同區,大同區承德路3段與昌吉街口口,0,0,1,1,B03,6,1,5,50,4,1,1,4,4,5,7,2,1,8,3,5,2,17,1,45,4,11,3,4,7,6,7,19,11,15,,25,,2,22,9,121.5183308,25.0658866