發生年度,發生月,發生日,發生時-Hours,發生分,處理別-編號,區序,肇事地點,死亡人數,2-30日死亡人數,受傷人數,當事人序號,車種,天候,光線,道路類別,速限-速度限制,道路型態,事故位置,路面狀況1,路面狀況2,路面狀況3,道路障礙1,道路障礙2,號誌1,號誌2,車道劃分-分向,車道劃分-分道1,車道劃分-分道2,車道劃分-分道3,事故類型及型態,性別,年齡,受傷程度,主要傷處,安全帽,行動電話,車輛用途,當事者行動狀態,駕駛資格情形,駕駛執照種類,飲酒情形,車輛撞擊部位1,車輛撞擊部位2,肇因碼-個別,肇因碼-主要,個人肇逃否,職業,旅次目的,座標-X,座標-Y
111,12,21,8,10,2,01大同區,大同區承德路3段與昌吉街口口,0,0,1,2,C03,6,1,5,50,4,1,1,4,4,5,7,2,1,8,3,5,2,17,1,26,2,9,1,1,7,9,1,10,1,15,,42,,1,22,9,121.5183308,25.0658866
111,12,21,8,13,2,03中山區,中山區民生東路1段與林森北路口,0,0,1,1,C03,6,1,5,50,4,2,1,4,4,5,7,2,1,4,5,5,1,12,1,53,3,10,3,4,7,8,1,10,1,12,,7,,1,22,9,121.5254653,25.05807098
111,12,21,8,13,2,03中山區,中山區民生東路1段與林森北路口,0,0,1,2,C03,6,1,5,50,4,2,1,4,4,5,7,2,1,4,5,5,1,12,1,57,2,9,3,4,7,9,1,10,1,14,,44,,1,22,9,121.5254653,25.05807098
111,12,21,8,15,2,01大同區,大同區延平北路2段與保安街口,0,0,1,1,B01,6,1,5,50,4,1,1,4,4,5,7,2,1,5,4,5,2,13,1,65,3,10,1,1,7,9,1,4,1,1,,16,,1,22,9,121.5114623,25.0590058
111,12,21,8,15,2,01大同區,大同區延平北路2段與保安街口,0,0,1,2,C03,6,1,5,50,4,1,1,4,4,5,7,2,1,5,4,5,2,13,1,29,2,6,1,1,7,14,1,10,1,13,,44,,1,22,9,121.5114623,25.0590058
111,12,21,8,36,2,10文山區,文山區和平東路4段與和平東路4段65巷口,0,0,1,1,C03,7,1,5,50,4,1,1,5,4,5,7,2,1,9,4,5,2,17,2,32,2,9,1,1,7,9,1,10,1,11,,23,,1,22,9,121.5670294,25.00557539
111,12,21,8,36,2,10文山區,文山區和平東路4段與和平東路4段65巷口,0,0,1,2,C03,7,1,5,50,4,1,1,5,4,5,7,2,1,9,4,5,2,17,1,34,3,10,1,1,7,14,1,10,1,11,,6,,1,22,9,121.5670294,25.00557539
111,12,21,8,50,2,09北投區,北投區承德路7段143號,0,0,2,1,C03,7,1,5,60,14,9,1,5,4,5,7,4,4,3,3,4,2,13,1,30,2,9,1,1,7,9,1,10,1,11,,16,,1,22,9,121.508946,25.11266073
111,12,21,8,50,2,09北投區,北投區承德路7段143號,0,0,2,2,C03,7,1,5,60,14,9,1,5,4,5,7,4,4,3,3,4,2,13,2,26,2,9,1,1,7,12,1,10,1,13,,44,,1,22,9,121.508946,25.11266073
111,12,21,9,6,2,01大同區,大同區鄭州路與承德路1段口,0,0,1,1,B03,6,1,5,50,4,1,1,4,4,5,7,2,1,1,4,5,2,12,1,73,3,10,1,1,7,5,1,4,1,8,,8,,1,22,9,121.516374,25.04876883
111,12,21,9,6,2,01大同區,大同區鄭州路與承德路1段口,0,0,1,2,C03,6,1,5,50,4,1,1,4,4,5,7,2,1,1,4,5,2,12,1,19,2,7,1,1,7,9,1,10,1,12,,23,,1,22,9,121.516374,25.04876883
111,12,21,9,15,2,06松山區,松山區民權東路4段與富錦街107巷口,0,0,1,1,B03,7,1,5,50,14,8,1,5,4,5,7,4,4,1,4,4,2,16,1,64,3,10,1,1,7,8,1,8,1,5,,7,,1,22,9,121.5521905,25.0615783
111,12,21,9,15,2,06松山區,松山區民權東路4段與富錦街107巷口,0,0,1,2,C03,7,1,5,50,14,8,1,5,4,5,7,4,4,1,4,4,2,16,2,43,2,9,1,1,7,9,1,10,1,11,,44,,1,22,9,121.5521905,25.0615783
111,12,21,9,15,2,08士林區,士林區大南路86號,0,0,1,1,F01,8,1,5,30,14,9,1,5,4,5,7,4,4,10,5,5,1,16,2,60,3,10,1,1,7,5,8,20,2,16,,6,,1,22,9,121.5244494,25.08945804
111,12,21,9,15,2,08士林區,士林區大南路86號,0,0,1,2,C03,8,1,5,30,14,9,1,5,4,5,7,4,4,10,5,5,1,16,1,26,2,9,1,1,7,9,1,10,2,11,,14,,1,22,9,121.5244494,25.08945804
111,12,21,9,47,2,05中正區,中正區重慶南路2段與牯嶺街12巷口口,0,0,1,1,B03,7,1,5,40,3,1,1,4,4,3,5,4,4,10,5,5,1,17,1,33,3,10,1,1,7,6,1,8,1,4,,6,,1,22,9,121.5149897,25.03070504
111,12,21,9,47,2,05中正區,中正區重慶南路2段與牯嶺街12巷口口,0,0,1,2,C03,7,1,5,40,3,1,1,4,4,3,5,4,4,10,5,5,1,17,1,46,2,9,1,1,7,9,1,10,1,11,,23,,1,22,9,121.5149897,25.03070504
111,12,21,9,47,2,05中正區,中正區重慶南路2段與牯嶺街12巷口口,0,0,1,3,B03,7,1,5,40,3,1,1,4,4,3,5,4,4,10,5,5,1,17,1,60,3,10,1,1,7,14,1,6,9,10,,42,,1,22,9,121.5149897,25.03070504
111,12,21,9,53,2,04大安區,大安區辛亥路2段與復興南路2段口,0,0,1,1,B01,8,1,5,50,4,2,1,5,4,5,7,1,1,1,4,1,2,16,1,60,3,10,1,1,7,8,1,4,1,2,,6,,1,22,9,121.5432043,25.02145612
111,12,21,9,53,2,04大安區,大安區辛亥路2段與復興南路2段口,0,0,1,2,C03,8,1,5,50,4,2,1,5,4,5,7,1,1,1,4,1,2,16,2,45,2,9,1,1,7,9,1,10,1,14,,44,,1,22,9,121.5432043,25.02145612
111,12,21,10,5,2,06松山區,松山區敦化南路1段100巷與敦化南路1段100巷3弄口,0,0,1,1,C03,8,1,5,30,4,1,5,5,4,5,7,4,4,10,5,5,2,15,1,47,2,9,1,1,7,9,1,10,1,11,,6,,1,22,9,121.5481625,25.0461934
111,12,21,10,5,2,06松山區,松山區敦化南路1段100巷與敦化南路1段100巷3弄口,0,0,1,2,B01,8,1,5,30,4,1,5,5,4,5,7,4,4,10,5,5,2,15,1,60,3,10,1,1,7,9,1,4,1,5,,23,,1,22,9,121.5481625,25.0461934
111,12,21,10,5,2,06松山區,松山區敦化南路1段100巷與敦化南路1段100巷3弄口,0,0,1,3,A11,8,1,5,30,4,1,5,5,4,5,7,4,4,10,5,5,2,15,1,54,3,10,1,1,7,13,1,3,9,15,,38,,1,22,9,121.5481625,25.0461934
111,12,21,10,5,2,06松山區,松山區敦化南路1段100巷與敦化南路1段100巷3弄口,0,0,1,4,B03,8,1,5,30,4,1,5,5,4,5,7,4,4,10,5,5,2,15,1,38,3,10,1,1,7,13,1,8,9,15,,38,,1,22,9,121.5481625,25.0461934
111,12,21,10,29,2,03中山區,中山區新生北路2段與民生東路2段口,0,0,2,1,C03,8,1,5,50,4,2,1,5,4,5,7,1,1,5,4,5,2,16,2,56,2,8,3,4,7,9,1,10,1,12,,43,,1,22,9,121.5273222,25.05802206
111,12,21,10,29,2,03中山區,中山區新生北路2段與民生東路2段口,0,0,2,2,C03,8,1,5,50,4,2,1,5,4,5,7,1,1,5,4,5,2,16,1,57,3,10,3,4,7,9,1,10,1,11,,43,,1,22,9,121.5273222,25.05802206
111,12,21,10,29,2,03中山區,中山區新生北路2段與民生東路2段口,0,0,2,3,C03,8,1,5,50,4,2,1,5,4,5,7,1,1,5,4,5,2,16,2,57,2,9,3,4,7,9,1,10,1,11,,43,,1,22,9,121.5273222,25.05802206
111,12,21,10,30,2,10文山區,文山區景華街128巷與景華街128巷2弄口口,0,0,1,1,B01,7,1,5,30,4,1,1,4,4,5,7,4,4,10,5,5,2,15,1,60,3,10,1,1,7,9,1,4,2,1,,6,,1,22,9,121.5473142,24.995399
111,12,21,10,30,2,10文山區,文山區景華街128巷與景華街128巷2弄口口,0,0,1,2,C03,7,1,5,30,4,1,1,4,4,5,7,4,4,10,5,5,2,15,2,38,2,9,1,1,7,9,1,10,2,11,,14,,1,22,9,121.5473142,24.995399
111,12,21,11,10,2,03中山區,中山區民權東路3段75巷與復興北路430巷口,0,0,2,1,C03,8,1,5,30,4,1,1,5,4,5,7,3,1,10,5,5,2,15,1,48,2,9,1,1,7,9,1,10,1,14,,6,,1,22,9,121.5436872,25.06335673
111,12,21,11,10,2,03中山區,中山區民權東路3段75巷與復興北路430巷口,0,0,2,2,C03,8,1,5,30,4,1,1,5,4,5,7,3,1,10,5,5,2,15,1,22,2,9,1,1,7,9,1,10,1,11,,13,,1,22,9,121.5436872,25.06335673
111,12,21,11,36,2,05中正區,中正區仁愛路2段與新生南路1段口,0,0,1,1,B02,8,1,5,50,4,1,1,5,4,5,7,2,1,3,4,5,2,16,1,54,3,10,1,1,7,5,1,8,2,1,,8,,1,22,9,121.5327343,25.03801343
111,12,21,11,36,2,05中正區,中正區仁愛路2段與新生南路1段口,0,0,1,2,F01,8,1,5,50,4,1,1,5,4,5,7,2,1,3,4,5,2,16,1,65,2,9,1,1,7,9,8,20,2,16,,44,,1,22,9,121.5327343,25.03801343
111,12,21,11,43,2,09北投區,北投區北投路2段13號,0,0,1,1,C03,7,1,5,50,14,9,1,5,4,5,7,4,4,5,4,5,2,17,1,72,2,9,1,1,7,11,1,10,1,11,,4,,1,22,9,121.498555,25.13136392
111,12,21,11,43,2,09北投區,北投區北投路2段13號,0,0,1,2,C03,7,1,5,50,14,9,1,5,4,5,7,4,4,5,4,5,2,17,1,21,3,10,1,1,7,9,1,10,1,11,,44,,1,22,9,121.498555,25.13136392
111,12,21,11,50,2,09北投區,北投區大度路3段與中央北路4段口,0,0,1,1,B12,7,1,5,50,4,1,1,5,4,5,7,1,1,1,4,5,2,16,1,51,3,10,1,1,7,5,6,18,1,5,,25,,1,22,9,121.4644918,25.1239079
111,12,21,11,50,2,09北投區,北投區大度路3段與中央北路4段口,0,0,1,2,C03,7,1,5,50,4,1,1,5,4,5,7,1,1,1,4,5,2,16,1,31,2,9,1,1,7,1,1,10,1,11,,23,,1,22,9,121.4644918,25.1239079
111,12,21,12,27,2,10文山區,文山區景福街137號,0,0,1,1,B03,6,1,5,30,3,1,1,4,4,5,7,4,4,9,5,5,2,14,1,23,3,10,1,1,7,2,1,8,1,1,,12,,1,22,9,121.5361124,24.995882
111,12,21,12,27,2,10文山區,文山區景福街137號,0,0,1,2,C03,6,1,5,30,3,1,1,4,4,5,7,4,4,9,5,5,2,14,1,23,2,9,1,1,7,12,1,10,1,11,,42,,1,22,9,121.5361124,24.995882
111,12,21,12,50,2,06松山區,松山區八德路3段74巷與延吉街30巷口,0,0,1,1,B03,7,2,5,30,5,1,1,5,4,5,7,4,4,10,5,5,2,15,2,34,3,10,3,4,7,9,1,8,1,4,,6,,1,22,9,121.5524862,25.04616047
111,12,21,12,50,2,06松山區,松山區八德路3段74巷與延吉街30巷口,0,0,1,2,C03,7,2,5,30,5,1,1,5,4,5,7,4,4,10,5,5,2,15,1,36,2,9,3,4,7,9,1,10,1,11,,44,,1,22,9,121.5524862,25.04616047
111,12,21,12,59,2,02萬華區,萬華區和平西路3段與桂林路246巷口,0,0,2,1,C03,7,1,5,50,3,2,1,5,4,5,7,1,1,10,5,5,2,12,2,46,2,9,1,1,7,15,1,10,1,14,,42,,1,22,9,121.4908865,25.03560746
111,12,21,12,59,2,02萬華區,萬華區和平西路3段與桂林路246巷口,0,0,2,2,C03,7,1,5,50,3,2,1,5,4,5,7,1,1,10,5,5,2,12,1,45,2,7,1,1,7,9,1,10,1,12,,23,,1,22,9,121.4908865,25.03560746
111,12,21,13,5,2,03中山區,中山區中山北路1段與南京東路1段口,0,0,2,1,B03,7,1,5,50,4,1,1,5,4,5,7,1,1,1,4,1,2,16,1,31,3,10,1,1,7,6,1,8,1,2,,9,,1,22,9,121.5226684,25.0521533
111,12,21,13,5,2,03中山區,中山區中山北路1段與南京東路1段口,0,0,2,2,C03,7,1,5,50,4,1,1,5,4,5,7,1,1,1,4,1,2,16,2,28,2,9,1,1,7,9,1,10,1,11,,44,,1,22,9,121.5226684,25.0521533
111,12,21,13,5,2,03中山區,中山區中山北路1段與南京東路1段口,0,0,2,3,H02,7,1,5,50,4,1,1,5,4,5,7,1,1,1,4,1,2,16,2,65,2,9,4,5,7,20,8,20,10,16,,67,,1,22,9,121.5226684,25.0521533
111,12,21,13,10,2,05中正區,中正區愛國東路與杭州南路2段口口,0,0,1,1,B01,6,1,5,50,14,9,1,4,4,5,7,1,1,3,4,4,2,17,1,59,3,10,1,1,7,5,1,8,1,15,,6,,1,22,9,121.5226066,25.0323908
111,12,21,13,10,2,05中正區,中正區愛國東路與杭州南路2段口口,0,0,1,2,C03,6,1,5,50,14,9,1,4,4,5,7,1,1,3,4,4,2,17,2,28,2,9,1,1,7,9,1,10,1,14,,42,,1,22,9,121.5226066,25.0323908
111,12,21,13,10,2,08士林區,士林區雨聲街105號,0,0,1,1,B03,8,1,5,50,15,9,1,5,4,5,7,4,4,1,4,5,2,16,1,53,3,10,3,4,7,5,1,8,1,5,,8,,1,22,9,121.5312761,25.10542104
111,12,21,13,10,2,08士林區,士林區雨聲街105號,0,0,1,2,C03,8,1,5,50,15,9,1,5,4,5,7,4,4,1,4,5,2,16,1,68,2,9,1,1,7,9,1,10,1,14,,44,,1,22,9,121.5312761,25.10542104
111,12,21,13,20,2,03中山區,中山區錦州街203號,0,0,3,1,H01,6,1,5,30,14,9,1,4,4,5,7,4,4,10,4,5,1,3,2,69,2,9,4,5,8,16,8,20,10,16,,53,,1,22,9,121.5318457,25.0604216
111,12,21,13,20,2,03中山區,中山區錦州街203號,0,0,3,2,C03,6,1,5,30,14,9,1,4,4,5,7,4,4,10,4,5,1,3,2,24,2,7,1,1,7,9,1,10,1,11,,23,,1,22,9,121.5318457,25.0604216
111,12,21,13,20,2,03中山區,中山區錦州街203號,0,0,3,3,H02,6,1,5,30,14,9,1,4,4,5,7,4,4,10,4,5,1,3,2,26,2,7,1,5,7,21,8,20,10,16,,67,,1,22,9,121.5318457,25.0604216
111,12,21,13,29,2,04大安區,大安區瑞安街135巷與和平東路2段107巷口,0,0,1,1,C03,6,1,5,30,4,1,1,4,4,5,7,4,4,10,5,5,2,15,2,39,2,9,1,1,7,9,1,10,1,11,,6,,1,22,9,121.5405114,25.0267297
111,12,21,13,29,2,04大安區,大安區瑞安街135巷與和平東路2段107巷口,0,0,1,2,B03,6,1,5,30,4,1,1,4,4,5,7,4,4,10,5,5,2,15,1,24,3,10,3,4,7,9,1,8,1,4,,23,,1,22,9,121.5405114,25.0267297
111,12,21,13,36,2,04大安區,大安區信義路4段與敦化南路1段口,0,0,1,2,F01,6,1,5,50,5,2,1,4,4,5,7,2,1,1,4,5,2,17,2,32,2,9,1,1,7,9,8,20,1,16,,43,,1,21,8,121.5491997,25.03333245
111,12,21,13,36,2,04大安區,大安區信義路4段與敦化南路1段口,0,0,1,1,B01,6,1,5,50,5,2,1,4,4,5,7,2,1,1,4,5,2,17,1,64,3,10,1,1,7,6,1,4,1,5,,43,,1,21,8,121.5491997,25.03333245
111,12,21,14,0,2,03中山區,中山區長安東路2段36巷與長安東路2段口前,0,0,1,2,C03,6,1,5,50,4,1,1,4,4,5,7,1,1,5,4,5,2,17,1,55,2,9,1,4,7,9,1,10,1,12,,43,,1,22,9,121.5314396,25.04847474
111,12,21,14,0,2,03中山區,中山區長安東路2段36巷與長安東路2段口前,0,0,1,1,B03,6,1,5,50,4,1,1,4,4,5,7,1,1,5,4,5,2,17,1,33,3,10,3,4,7,11,1,8,11,15,,10,,2,22,9,121.5314396,25.04847474
111,12,21,14,4,2,04大安區,大安區四維路170巷與敦化南路2段口,0,0,1,1,C03,6,1,5,50,4,1,1,4,2,5,7,2,1,1,4,5,2,18,1,35,2,9,1,1,7,9,1,10,1,14,,42,,1,22,9,121.5485167,25.02814529
111,12,21,14,4,2,04大安區,大安區四維路170巷與敦化南路2段口,0,0,1,2,,6,1,5,50,4,1,1,4,2,5,7,2,1,1,4,5,2,18,3,,,,,,,,,,,,,67,,1,,,121.5485167,25.02814529
111,12,21,14,27,2,03中山區,中山區建國北路2段與興安街口,0,0,1,1,B03,6,1,5,50,3,1,1,4,4,5,7,1,1,5,4,5,2,16,1,54,3,10,1,1,7,5,1,8,1,8,,26,,1,22,9,121.5366903,25.05622144
111,12,21,14,27,2,03中山區,中山區建國北路2段與興安街口,0,0,1,2,C03,6,1,5,50,3,1,1,4,4,5,7,1,1,5,4,5,2,16,1,28,2,9,1,1,7,1,1,10,1,11,,19,,1,22,9,121.5366903,25.05622144
111,12,21,14,40,2,03中山區,中山區南京東路3段133號,0,0,1,1,C03,6,1,5,50,14,9,1,4,4,5,7,4,4,1,4,5,2,12,1,51,2,9,1,4,7,9,1,10,1,11,,44,,1,22,9,121.5413523,25.0519682
111,12,21,14,40,2,03中山區,中山區南京東路3段133號,0,0,1,2,C03,6,1,5,50,14,9,1,4,4,5,7,4,4,1,4,5,2,12,2,63,3,10,1,4,7,10,1,10,1,13,,7,,1,22,9,121.5413523,25.0519682
111,12,21,15,2,2,08士林區,士林區中山北路5段與文林路口,0,0,2,1,C03,8,1,5,50,4,2,1,5,4,5,7,1,1,9,4,5,2,17,1,20,2,7,1,1,7,1,1,10,2,14,,19,,1,22,9,121.5257483,25.08553014
111,12,21,15,2,2,08士林區,士林區中山北路5段與文林路口,0,0,2,2,C03,8,1,5,50,4,2,1,5,4,5,7,1,1,9,4,5,2,17,2,22,2,9,1,1,7,9,1,10,2,11,,23,,1,22,9,121.5257483,25.08553014
111,12,21,15,3,2,12內湖區,內湖區成功路3段與星雲街口,0,0,1,1,B12,7,1,5,50,4,2,1,5,4,5,7,2,1,1,4,5,2,13,1,45,3,10,1,1,7,9,1,6,2,7,,44,,1,22,9,121.5899821,25.07757792
111,12,21,15,3,2,12內湖區,內湖區成功路3段與星雲街口,0,0,1,2,A02,7,1,5,50,4,2,1,5,4,5,7,2,1,1,4,5,2,13,1,35,3,10,1,1,7,8,1,2,2,5,,23,,1,22,9,121.5899821,25.07757792
111,12,21,15,3,2,12內湖區,內湖區成功路3段與星雲街口,0,0,1,3,H02,7,1,5,50,4,2,1,5,4,5,7,2,1,1,4,5,2,13,2,79,2,9,4,5,7,20,8,20,10,15,,67,,1,22,9,121.5899821,25.07757792
111,12,21,15,11,2,10文山區,文山區辛亥路7段與光輝路21巷口,0,0,1,1,C03,6,1,5,50,3,1,1,4,4,5,7,3,1,4,3,4,1,16,1,38,2,8,1,4,7,5,1,10,1,12,,6,,1,22,9,121.5538666,24.98544153
111,12,21,15,11,2,10文山區,文山區辛亥路7段與光輝路21巷口,0,0,1,2,C03,6,1,5,50,3,1,1,4,4,5,7,3,1,4,3,4,1,16,1,21,3,10,1,4,7,9,1,10,1,14,,14,,1,22,9,121.5538666,24.98544153
111,12,21,15,40,2,01大同區,大同區重慶北路2段與重慶北路2段46巷口,0,0,2,1,B03,8,1,5,50,3,1,1,5,4,5,7,2,1,1,4,5,2,16,1,29,3,10,3,4,7,6,1,8,1,2,,42,,1,22,9,121.5140182,25.05538359
111,12,21,15,40,2,01大同區,大同區重慶北路2段與重慶北路2段46巷口,0,0,2,2,C03,8,1,5,50,3,1,1,5,4,5,7,2,1,1,4,5,2,16,1,18,2,8,3,4,7,6,1,8,1,11,,23,,1,22,9,121.5140182,25.05538359
111,12,21,15,40,2,01大同區,大同區重慶北路2段與重慶北路2段46巷口,0,0,2,3,H02,8,1,5,50,3,1,1,5,4,5,7,2,1,1,4,5,2,16,2,18,2,9,3,4,7,20,8,20,10,16,,67,,1,22,9,121.5140182,25.05538359
111,12,21,15,42,2,10文山區,文山區木柵路4段與無名巷口口,0,0,1,1,B12,6,1,5,50,3,2,1,4,4,5,7,4,4,5,2,5,2,17,1,55,3,10,3,4,7,11,1,8,2,4,,10,,1,22,9,121.5752895,24.99917036
111,12,21,15,42,2,10文山區,文山區木柵路4段與無名巷口口,0,0,1,2,C03,6,1,5,50,3,2,1,4,4,5,7,4,4,5,2,5,2,17,1,26,2,9,3,4,7,9,1,10,2,11,,44,,1,22,9,121.5752895,24.99917036
111,12,21,15,43,2,04大安區,大安區和平東路2段96巷與和平東路2段76巷23弄口,0,0,1,1,C03,6,1,5,30,4,1,1,4,4,5,7,4,4,9,5,5,2,17,2,30,2,9,1,1,7,9,1,10,1,14,,42,,1,22,9,121.5404437,25.02225912
111,12,21,15,43,2,04大安區,大安區和平東路2段96巷與和平東路2段76巷23弄口,0,0,1,2,B03,6,1,5,30,4,1,1,4,4,5,7,4,4,9,5,5,2,17,2,53,3,10,1,1,7,9,1,8,1,15,,6,,1,22,9,121.5404437,25.02225912
111,12,21,15,59,2,02萬華區,萬華區雙和街106號,0,0,1,2,H01,8,1,5,50,14,9,1,5,4,5,7,4,4,8,5,5,2,1,2,83,2,9,4,5,8,16,8,20,10,16,,67,,1,22,9,121.5011854,25.02770086
111,12,21,15,59,2,02萬華區,萬華區雙和街106號,0,0,1,1,C03,8,1,5,50,14,9,1,5,4,5,7,4,4,8,5,5,2,1,1,38,3,10,3,4,7,9,1,10,1,14,,23,,1,22,9,121.5011854,25.02770086
111,12,21,16,7,2,12內湖區,內湖區江南街與瑞光路口,0,0,1,1,C03,7,1,5,50,3,1,1,5,4,5,7,3,1,4,1,5,2,15,2,40,2,9,1,1,7,11,1,10,1,11,,6,,1,22,9,121.5754454,25.07607569
111,12,21,16,7,2,12內湖區,內湖區江南街與瑞光路口,0,0,1,2,B03,7,1,5,50,3,1,1,5,4,5,7,3,1,4,1,5,2,15,1,54,3,10,1,1,7,9,1,8,9,5,,23,,1,22,9,121.5754454,25.07607569
111,12,21,16,11,2,02萬華區,萬華區成都路與漢中街口,0,0,1,1,B12,7,1,5,50,4,2,1,5,4,5,7,1,1,4,5,5,2,12,1,48,3,10,1,1,7,9,1,8,1,1,,44,,1,22,9,121.5076589,25.04239369
111,12,21,16,11,2,02萬華區,萬華區成都路與漢中街口,0,0,1,2,C03,7,1,5,50,4,2,1,5,4,5,7,1,1,4,5,5,2,12,1,67,2,8,1,1,7,1,1,10,1,13,,14,,1,22,9,121.5076589,25.04239369
111,12,21,16,20,2,11南港區,南港區東新街與市民大道7段口,0,0,1,1,C03,7,1,5,50,4,1,1,5,4,5,7,2,1,1,4,5,2,15,1,59,3,10,1,1,7,9,3,18,2,11,,25,,1,22,9,121.5839454,25.04960217
111,12,21,16,20,2,11南港區,南港區東新街與市民大道7段口,0,0,1,2,C03,7,1,5,50,4,1,1,5,4,5,7,2,1,1,4,5,2,15,1,47,2,9,1,1,7,9,1,10,2,14,,44,,1,22,9,121.5839454,25.04960217
111,12,21,16,22,2,02萬華區,萬華區西園路2段與西園路2段372巷口,0,0,2,1,C03,7,1,5,50,4,1,1,5,4,5,7,3,1,10,5,5,2,17,1,41,2,9,1,1,7,9,6,18,2,13,,6,,1,22,9,121.4914611,25.02504403
111,12,21,16,22,2,02萬華區,萬華區西園路2段與西園路2段372巷口,0,0,2,2,B01,7,1,5,50,4,1,1,5,4,5,7,3,1,10,5,5,2,17,1,54,3,10,1,1,7,9,1,4,2,1,,23,,1,22,9,121.4914611,25.02504403
111,12,21,16,22,2,02萬華區,萬華區西園路2段與西園路2段372巷口,0,0,2,3,C03,7,1,5,50,4,1,1,5,4,5,7,3,1,10,5,5,2,17,1,55,2,9,1,1,7,14,1,10,2,14,,44,,1,22,9,121.4914611,25.02504403
111,12,21,16,31,2,03中山區,中山區林森北路85巷與長安東路1段53巷口,0,0,1,1,C03,7,1,5,30,4,1,1,4,4,5,7,4,4,10,3,5,1,16,1,26,2,8,1,1,7,9,1,10,1,11,,6,,1,22,9,121.5265717,25.0494243
111,12,21,16,31,2,03中山區,中山區林森北路85巷與長安東路1段53巷口,0,0,1,2,B01,7,1,5,30,4,1,1,4,4,5,7,4,4,10,3,5,1,16,2,41,3,10,1,1,7,9,1,4,1,2,,14,,1,22,9,121.5265717,25.0494243
111,12,21,16,39,2,04大安區,大安區信義路3段與信義路3段147巷口,0,0,2,1,C03,6,1,5,50,4,1,1,4,4,5,7,2,1,5,4,5,2,17,2,28,2,9,1,1,7,9,1,10,1,12,,23,,1,22,9,121.5417482,25.0335312
111,12,21,16,39,2,04大安區,大安區信義路3段與信義路3段147巷口,0,0,2,2,C03,6,1,5,50,4,1,1,4,4,5,7,2,1,5,4,5,2,17,1,60,2,8,1,1,7,7,1,10,1,14,,7,,1,22,9,121.5417482,25.0335312
111,12,21,16,45,2,06松山區,松山區南京東路4段164號,0,0,1,1,B03,7,1,5,40,14,8,1,4,4,5,7,4,4,1,4,4,2,16,2,39,3,10,1,1,7,1,1,8,2,7,,19,,1,22,9,121.5566778,25.0514767
111,12,21,16,45,2,06松山區,松山區南京東路4段164號,0,0,1,2,C03,7,1,5,40,14,8,1,4,4,5,7,4,4,1,4,4,2,16,1,27,2,9,1,1,7,9,1,10,2,11,,44,,1,22,9,121.5566778,25.0514767
111,12,21,16,50,2,03中山區,中山區中山北路4段與北安路口,0,0,1,1,C03,7,1,5,50,11,9,1,4,4,5,7,1,1,1,4,5,2,16,2,32,2,9,1,1,7,10,1,10,1,14,,7,,1,22,9,121.5269638,25.07657231
111,12,21,16,50,2,03中山區,中山區中山北路4段與北安路口,0,0,1,2,B03,7,1,5,50,11,9,1,4,4,5,7,1,1,1,4,5,2,16,1,49,3,10,1,1,7,9,1,8,1,2,,44,,1,22,9,121.5269638,25.07657231
111,12,21,17,42,2,08士林區,士林區中正路與延平北路5段口口,0,0,1,1,B03,7,3,5,50,5,1,1,5,4,5,7,2,1,1,4,5,1,12,1,53,3,10,1,1,7,1,1,8,1,5,,23,,1,22,9,121.5093259,25.08658008
111,12,21,17,42,2,08士林區,士林區中正路與延平北路5段口口,0,0,1,2,C03,7,3,5,50,5,1,1,5,4,5,7,2,1,1,4,5,1,12,1,59,2,8,1,1,7,7,1,10,1,14,,7,,1,22,9,121.5093259,25.08658008
111,12,21,17,50,2,03中山區,中山區新生北路2段62巷與長春路61巷口,0,0,1,1,B01,7,3,5,30,4,1,1,5,4,5,7,4,4,10,4,5,1,15,1,44,3,10,1,1,7,9,1,4,1,5,,6,,1,22,9,121.5263614,25.0561478
111,12,21,17,50,2,03中山區,中山區新生北路2段62巷與長春路61巷口,0,0,1,2,C03,7,3,5,30,4,1,1,5,4,5,7,4,4,10,4,5,1,15,2,32,2,9,1,1,7,15,1,10,1,14,,23,,1,22,9,121.5263614,25.0561478
111,12,21,18,0,2,05中正區,中正區泉州街與重慶南路2段86巷附近口,0,0,1,1,B02,8,1,5,50,3,2,1,5,4,5,7,4,4,10,4,5,2,11,1,65,3,10,1,1,7,13,1,8,1,4,,40,,1,22,9,121.5139826,25.0303288
111,12,21,18,0,2,05中正區,中正區泉州街與重慶南路2段86巷附近口,0,0,1,3,B03,8,1,5,50,3,2,1,5,4,5,7,4,4,10,4,5,2,11,1,43,3,10,1,1,7,13,1,4,1,6,,44,,1,22,9,121.5139826,25.0303288
111,12,21,18,0,2,05中正區,中正區泉州街與重慶南路2段86巷附近口,0,0,1,2,C03,8,1,5,50,3,2,1,5,4,5,7,4,4,10,4,5,2,11,2,48,2,9,1,1,7,9,1,10,1,12,,44,,1,22,9,121.5139826,25.0303288
111,12,21,18,0,2,11南港區,南港區東新街與東新街63巷口口,0,0,1,1,B03,7,3,5,30,4,1,1,5,4,5,7,2,1,5,5,5,2,16,2,37,3,10,1,1,7,5,1,8,1,8,,8,,1,22,9,121.5859104,25.0472869
111,12,21,18,0,2,11南港區,南港區東新街與東新街63巷口口,0,0,1,2,C03,7,3,5,30,4,1,1,5,4,5,7,2,1,5,5,5,2,16,2,46,2,9,1,1,7,9,1,10,1,14,,44,,1,22,9,121.5859104,25.0472869