發生年度,發生月,發生日,發生時-Hours,發生分,處理別-編號,區序,肇事地點,死亡人數,2-30日死亡人數,受傷人數,當事人序號,車種,天候,光線,道路類別,速限-速度限制,道路型態,事故位置,路面狀況1,路面狀況2,路面狀況3,道路障礙1,道路障礙2,號誌1,號誌2,車道劃分-分向,車道劃分-分道1,車道劃分-分道2,車道劃分-分道3,事故類型及型態,性別,年齡,受傷程度,主要傷處,安全帽,行動電話,車輛用途,當事者行動狀態,駕駛資格情形,駕駛執照種類,飲酒情形,車輛撞擊部位1,車輛撞擊部位2,肇因碼-個別,肇因碼-主要,個人肇逃否,職業,旅次目的,座標-X,座標-Y
111,12,21,18,5,2,12內湖區,內湖區安康路414巷與五分街72巷口,0,0,1,1,C03,8,3,5,50,3,1,1,5,4,5,7,4,4,9,4,5,2,13,1,33,2,9,1,1,7,9,1,10,1,11,,13,,1,22,9,121.6163497,25.06625056
111,12,21,18,5,2,12內湖區,內湖區安康路414巷與五分街72巷口,0,0,1,2,C03,8,3,5,50,3,1,1,5,4,5,7,4,4,9,4,5,2,13,2,53,3,10,1,1,7,5,1,10,1,13,,6,,1,22,9,121.6163497,25.06625056
111,12,21,18,17,2,07信義區,信義區和平東路3段453號,0,0,1,1,B12,7,4,8,50,15,22,1,5,4,5,7,1,1,1,4,5,2,9,1,56,3,10,1,1,7,5,1,8,2,8,,15,,1,22,9,121.5584834,25.0187853
111,12,21,18,17,2,07信義區,信義區和平東路3段453號,0,0,1,2,H01,7,4,8,50,15,22,1,5,4,5,7,1,1,1,4,5,2,9,2,35,2,9,4,5,8,16,8,20,10,16,,67,,1,22,9,121.5584834,25.0187853
111,12,21,18,20,2,03中山區,中山區市民大道2段與中山北路1段口,0,0,2,1,C03,7,3,5,50,4,1,1,5,4,5,7,2,1,1,4,5,2,15,2,48,2,9,3,4,7,9,1,10,1,11,,25,,1,22,9,121.5209487,25.04819239
111,12,21,18,20,2,03中山區,中山區市民大道2段與中山北路1段口,0,0,2,2,C03,7,3,5,50,4,1,1,5,4,5,7,2,1,1,4,5,2,15,1,41,3,10,3,4,7,1,1,10,1,14,,44,,1,22,9,121.5209487,25.04819239
111,12,21,18,20,2,03中山區,中山區市民大道2段與中山北路1段口,0,0,2,3,C03,7,3,5,50,4,1,1,5,4,5,7,2,1,1,4,5,2,15,2,28,2,9,3,4,7,1,1,10,1,14,,44,,1,22,9,121.5209487,25.04819239
111,12,21,18,35,2,06松山區,松山區市民高架道光復南路匝道,0,0,1,1,B03,7,1,5,80,10,9,1,5,4,5,7,4,4,4,3,5,2,13,1,59,3,10,3,4,7,9,1,8,1,1,,16,,1,22,9,121.5541382,25.04459539
111,12,21,18,35,2,06松山區,松山區市民高架道光復南路匝道,0,0,1,2,B03,7,1,5,80,10,9,1,5,4,5,7,4,4,4,3,5,2,13,1,58,2,5,3,4,7,9,1,8,1,3,,42,,1,22,9,121.5541382,25.04459539
111,12,21,18,41,2,03中山區,中山區中山北路2段44巷2號與中山北路2段42巷口,0,0,1,1,C03,8,4,5,30,14,9,1,5,4,5,7,4,4,9,4,5,2,11,1,62,2,9,1,1,7,9,1,10,1,14,,43,,1,22,9,121.5220508,25.05503587
111,12,21,18,41,2,03中山區,中山區中山北路2段44巷2號與中山北路2段42巷口,0,0,1,2,B03,8,4,5,30,14,9,1,5,4,5,7,4,4,9,4,5,2,11,2,31,3,10,1,1,7,9,1,8,1,8,,43,,1,22,9,121.5220508,25.05503587
111,12,21,18,45,2,04大安區,大安區信義路3段與信義路3段134巷口,0,0,1,2,F01,8,1,5,50,3,1,1,5,4,5,7,1,1,9,4,5,1,16,2,51,2,9,1,1,7,9,8,20,9,16,,42,,1,22,9,121.5394801,25.0333098
111,12,21,18,45,2,04大安區,大安區信義路3段與信義路3段134巷口,0,0,1,1,B02,8,1,5,50,3,1,1,5,4,5,7,1,1,9,4,5,1,16,1,56,3,10,1,1,7,6,1,8,9,8,,9,,1,22,9,121.5394801,25.0333098
111,12,21,18,45,2,07信義區,信義區基隆路1段與忠孝東路4段口,0,0,1,1,B03,8,3,5,50,4,1,1,5,4,5,7,2,1,10,4,5,2,13,1,26,3,10,1,1,7,9,1,8,1,1,,23,,1,22,9,121.5645024,25.0414741
111,12,21,18,45,2,07信義區,信義區基隆路1段與忠孝東路4段口,0,0,1,2,C03,8,3,5,50,4,1,1,5,4,5,7,2,1,10,4,5,2,13,1,38,2,7,1,1,7,3,1,10,1,13,,44,,1,22,9,121.5645024,25.0414741
111,12,21,18,50,2,07信義區,信義區松仁路與信義路5段口,0,0,2,1,B02,8,3,5,50,4,2,1,5,4,5,7,4,4,9,4,5,2,13,1,28,3,10,1,1,7,9,1,8,1,1,,23,,1,22,9,121.5682012,25.0333249
111,12,21,18,50,2,07信義區,信義區松仁路與信義路5段口,0,0,2,2,C03,8,3,5,50,4,2,1,5,4,5,7,4,4,9,4,5,2,13,2,72,2,9,1,1,7,9,1,10,1,13,,43,,1,22,9,121.5682012,25.0333249
111,12,21,18,50,2,07信義區,信義區松仁路與信義路5段口,0,0,2,3,H02,8,3,5,50,4,2,1,5,4,5,7,4,4,9,4,5,2,13,2,66,2,1,4,5,7,20,8,20,10,16,,67,,1,22,9,121.5682012,25.0333249
111,12,21,18,54,2,04大安區,大安區忠孝東路4段100號,0,0,1,1,B02,7,3,5,50,14,9,1,5,4,5,7,4,4,1,3,5,2,16,2,41,4,11,3,4,7,10,7,19,11,15,,7,,2,22,9,121.546585,25.0415703
111,12,21,18,54,2,04大安區,大安區忠孝東路4段100號,0,0,1,2,C02,7,3,5,50,14,9,1,5,4,5,7,4,4,1,3,5,2,16,1,32,3,10,1,1,7,9,1,9,1,12,,44,,1,22,9,121.546585,25.0415703
111,12,21,18,54,2,04大安區,大安區忠孝東路4段100號,0,0,1,3,H02,7,3,5,50,14,9,1,5,4,5,7,4,4,1,3,5,2,16,2,31,2,7,1,5,7,21,8,20,10,15,,67,,1,22,9,121.546585,25.0415703
111,12,21,18,55,2,03中山區,中山區復興北路58號,0,0,1,1,B01,7,3,5,50,14,9,1,5,4,5,7,2,1,1,4,5,2,12,1,42,3,10,3,4,7,1,1,3,1,1,,19,,1,22,9,121.5433434,25.0502103
111,12,21,18,55,2,03中山區,中山區復興北路58號,0,0,1,2,C03,7,3,5,50,14,9,1,5,4,5,7,2,1,1,4,5,2,12,1,30,2,9,3,4,7,15,1,10,1,13,,44,,1,22,9,121.5433434,25.0502103
111,12,21,19,11,2,09北投區,北投區承德路6段與文承路口口,0,0,2,1,C03,8,3,5,60,3,2,1,5,4,5,7,2,1,1,4,4,1,13,1,42,2,9,1,1,7,9,1,10,1,11,,23,,1,22,9,121.5121359,25.1045592
111,12,21,19,11,2,09北投區,北投區承德路6段與文承路口口,0,0,2,2,C03,8,3,5,60,3,2,1,5,4,5,7,2,1,1,4,4,1,13,1,31,2,9,1,1,7,12,1,10,1,13,,44,,1,22,9,121.5121359,25.1045592
111,12,21,19,20,2,03中山區,中山區復興北路與興安街口,0,0,2,1,C03,8,4,5,50,4,2,1,5,4,5,7,2,1,10,5,5,2,16,1,22,2,8,1,1,7,6,1,11,1,12,,9,,1,22,9,121.5440196,25.05605929
111,12,21,19,20,2,03中山區,中山區復興北路與興安街口,0,0,2,2,C03,8,4,5,50,4,2,1,5,4,5,7,2,1,10,5,5,2,16,1,19,2,8,1,1,7,9,1,10,1,14,,44,,1,22,9,121.5440196,25.05605929
111,12,21,19,49,2,07信義區,信義區基隆路1段與永吉路口,0,0,1,1,C03,8,3,5,50,5,1,1,5,4,5,7,2,1,1,4,5,1,16,1,22,3,10,3,4,7,8,1,10,1,13,,7,,1,22,9,121.5673343,25.0456853
111,12,21,19,49,2,07信義區,信義區基隆路1段與永吉路口,0,0,1,2,C03,8,3,5,50,5,1,1,5,4,5,7,2,1,1,4,5,1,16,1,31,2,9,3,4,7,9,1,10,1,11,,44,,1,22,9,121.5673343,25.0456853
111,12,21,19,57,2,02萬華區,萬華區中華路1段與桂林路口,0,0,1,2,C03,7,3,5,50,4,1,1,5,4,5,7,1,1,1,4,1,2,12,1,44,2,9,1,1,7,9,1,10,1,14,,44,,1,22,9,121.5067626,25.03760679
111,12,21,19,57,2,02萬華區,萬華區中華路1段與桂林路口,0,0,1,1,C03,7,3,5,50,4,1,1,5,4,5,7,1,1,1,4,1,2,12,4,,4,11,3,4,7,15,7,19,11,15,,43,,2,22,9,121.5067626,25.03760679
111,12,21,20,26,2,02萬華區,萬華區昆明街與桂林路口,0,0,1,1,C03,8,1,5,50,4,2,1,5,4,5,7,2,1,5,4,4,2,16,1,25,3,10,1,4,7,5,1,10,1,14,,6,,1,22,9,121.5037522,25.03807951
111,12,21,20,26,2,02萬華區,萬華區昆明街與桂林路口,0,0,1,2,C03,8,1,5,50,4,2,1,5,4,5,7,2,1,5,4,4,2,16,1,66,2,9,1,4,7,9,6,18,1,11,,44,,1,22,9,121.5037522,25.03807951
111,12,21,21,2,2,05中正區,中正區信義路2段與新生南路1段口,0,0,3,1,C03,7,3,5,50,4,1,1,5,4,5,7,1,1,10,3,4,2,3,2,41,2,9,1,1,7,9,1,10,2,11,,15,,1,22,9,121.5325504,25.03369528
111,12,21,21,2,2,05中正區,中正區信義路2段與新生南路1段口,0,0,3,2,H01,7,3,5,50,4,1,1,5,4,5,7,1,1,10,3,4,2,3,2,70,2,1,4,5,8,18,8,20,10,16,,51,,1,22,9,121.5325504,25.03369528
111,12,21,21,2,2,05中正區,中正區信義路2段與新生南路1段口,0,0,3,3,H02,7,3,5,50,4,1,1,5,4,5,7,1,1,10,3,4,2,3,2,66,2,9,1,5,7,21,8,20,10,16,,67,,1,22,9,121.5325504,25.03369528
111,12,21,21,13,2,03中山區,中山區錦州街48號,0,0,1,1,C03,8,3,5,50,14,9,1,5,4,5,7,4,4,5,4,5,2,13,2,22,2,9,1,3,7,9,1,10,1,11,,23,,1,22,9,121.5260817,25.0602641
111,12,21,21,13,2,03中山區,中山區錦州街48號,0,0,1,2,B03,8,3,5,50,14,9,1,5,4,5,7,4,4,5,4,5,2,13,1,70,3,10,1,1,7,14,1,8,1,7,,38,,1,22,9,121.5260817,25.0602641
111,12,21,21,20,2,08士林區,士林區延平北路6段與中正路口,0,0,2,1,C03,8,3,5,50,4,1,1,5,4,5,7,1,1,1,4,5,1,12,1,29,2,9,1,1,7,5,1,10,1,14,,8,,1,22,9,121.5092655,25.08686573
111,12,21,21,20,2,08士林區,士林區延平北路6段與中正路口,0,0,2,2,C03,8,3,5,50,4,1,1,5,4,5,7,1,1,1,4,5,1,12,1,32,2,9,1,1,7,9,1,10,1,11,,44,,1,22,9,121.5092655,25.08686573
111,12,21,22,0,2,03中山區,中山區中山北路2段與中山北路2段93巷口,0,0,2,1,C03,8,3,5,50,3,1,1,5,4,5,7,4,4,9,4,5,2,16,1,32,2,9,1,1,7,6,1,10,1,12,,9,,1,22,9,121.5230303,25.0593747
111,12,21,22,0,2,03中山區,中山區中山北路2段與中山北路2段93巷口,0,0,2,2,C03,8,3,5,50,3,1,1,5,4,5,7,4,4,9,4,5,2,16,1,20,2,9,1,1,7,9,1,9,1,11,,14,,1,22,9,121.5230303,25.0593747
111,12,21,22,5,2,07信義區,信義區忠孝東路4段553巷6弄與忠孝東路4段559巷口口,0,0,3,3,H02,7,3,5,30,4,1,1,5,4,5,7,4,4,10,5,5,2,15,2,27,2,7,4,5,7,19,8,20,10,16,,67,,1,22,9,121.5636721,25.04225371
111,12,21,22,5,2,07信義區,信義區忠孝東路4段553巷6弄與忠孝東路4段559巷口口,0,0,3,1,C03,7,3,5,30,4,1,1,5,4,5,7,4,4,10,5,5,2,15,2,44,2,8,1,1,7,9,4,11,2,14,,6,,1,22,9,121.5636721,25.04225371
111,12,21,22,5,2,07信義區,信義區忠孝東路4段553巷6弄與忠孝東路4段559巷口口,0,0,3,2,C03,7,3,5,30,4,1,1,5,4,5,7,4,4,10,5,5,2,15,1,29,2,8,1,1,7,9,1,10,2,11,,23,,1,22,9,121.5636721,25.04225371
111,12,21,22,45,2,09北投區,北投區中央北路2段335-2號,0,0,1,1,B03,8,3,5,50,14,9,1,5,4,5,7,3,1,4,4,5,2,16,1,21,3,10,1,1,7,11,3,18,2,2,,10,,1,22,9,121.4886214,25.13836532
111,12,21,22,45,2,09北投區,北投區中央北路2段335-2號,0,0,1,2,C03,8,3,5,50,14,9,1,5,4,5,7,3,1,4,4,5,2,16,1,19,2,9,1,1,7,9,1,10,2,11,,13,,1,22,9,121.4886214,25.13836532
111,12,21,22,59,2,12內湖區,內湖區瑞光路與陽光街口,0,0,1,1,B03,8,3,5,50,4,1,1,5,4,5,7,2,1,9,2,5,2,11,1,34,3,10,1,1,7,5,1,8,1,8,,8,,1,22,9,121.5791768,25.0737525
111,12,21,22,59,2,12內湖區,內湖區瑞光路與陽光街口,0,0,1,2,C03,8,3,5,50,4,1,1,5,4,5,7,2,1,9,2,5,2,11,1,41,2,8,1,1,7,9,1,10,1,11,,44,,1,22,9,121.5791768,25.0737525
111,12,21,23,10,2,12內湖區,內湖區瑞光路與江南街口,0,0,1,1,B03,8,3,5,50,3,1,1,5,4,5,7,3,1,9,4,5,2,11,1,39,3,10,1,1,7,5,1,8,2,5,,6,,1,22,9,121.5754791,25.07609728
111,12,21,23,10,2,12內湖區,內湖區瑞光路與江南街口,0,0,1,2,C03,8,3,5,50,3,1,1,5,4,5,7,3,1,9,4,5,2,11,1,46,2,9,1,1,7,9,1,10,2,11,,42,,1,22,9,121.5754791,25.07609728
111,12,22,0,0,2,04大安區,大安區市民大道4段196號,0,0,1,1,B03,8,3,5,30,14,9,1,5,4,5,7,2,1,1,4,5,2,17,1,25,3,10,1,1,7,15,1,8,1,4,,4,,1,22,9,121.5546954,25.04438014
111,12,22,0,0,2,04大安區,大安區市民大道4段196號,0,0,1,2,C03,8,3,5,30,14,9,1,5,4,5,7,2,1,1,4,5,2,17,1,22,2,9,1,1,7,9,1,10,1,12,,23,,1,22,9,121.5546954,25.04438014
111,12,22,3,7,2,08士林區,士林區東山路25巷81弄1108291號燈桿,0,0,1,1,C03,8,1,5,30,14,9,1,5,4,5,7,4,4,10,5,5,1,10,1,19,2,9,1,1,7,9,1,10,1,11,,5,,1,22,9,121.541074,25.1225801
111,12,22,3,7,2,08士林區,士林區東山路25巷81弄1108291號燈桿,0,0,1,2,B03,8,1,5,30,14,9,1,5,4,5,7,4,4,10,5,5,1,10,1,20,3,10,1,1,7,9,1,8,1,1,,5,,1,22,9,121.541074,25.1225801
111,12,22,6,43,2,03中山區,中山區市民高架道往西第419號燈桿,0,0,1,1,B11,8,1,5,70,14,9,1,5,4,5,7,4,4,2,4,5,2,13,1,49,3,10,3,4,7,15,1,8,1,15,,44,,1,22,9,121.5254279,25.04764521
111,12,22,6,43,2,03中山區,中山區市民高架道往西第419號燈桿,0,0,1,2,B02,8,1,5,70,14,9,1,5,4,5,7,4,4,2,4,5,2,13,1,45,3,10,3,4,7,12,1,8,1,3,,44,,1,22,9,121.5254279,25.04764521
111,12,22,6,43,2,03中山區,中山區市民高架道往西第419號燈桿,0,0,1,3,C02,8,1,5,70,14,9,1,5,4,5,7,4,4,2,4,5,2,13,2,23,2,9,3,4,7,9,1,10,1,11,,16,,1,22,9,121.5254279,25.04764521
111,12,22,6,48,2,06松山區,松山區撫遠街與撫遠街380巷口,0,0,1,1,C03,7,1,5,30,5,1,1,5,4,5,7,2,1,1,4,5,2,15,1,17,2,9,3,4,7,9,2,18,2,11,,6,,1,22,9,121.5657591,25.06433333
111,12,22,6,48,2,06松山區,松山區撫遠街與撫遠街380巷口,0,0,1,2,A04,7,1,5,30,5,1,1,5,4,5,7,2,1,1,4,5,2,15,1,38,3,10,3,4,7,9,1,2,2,4,,23,,1,22,9,121.5657591,25.06433333
111,12,22,7,0,2,03中山區,中山區市民高架道往西第418號燈桿,0,0,1,1,B03,8,1,5,60,14,9,1,5,4,5,7,4,4,1,3,5,1,13,2,62,3,10,3,4,7,9,1,8,2,1,,23,,1,22,9,121.5268729,25.0473177
111,12,22,7,0,2,03中山區,中山區市民高架道往西第418號燈桿,0,0,1,2,C03,8,1,5,60,14,9,1,5,4,5,7,4,4,1,3,5,1,13,1,43,2,7,1,4,7,14,1,8,2,13,,44,,1,22,9,121.5268729,25.0473177
111,12,22,7,13,2,10文山區,文山區辛亥路4段227號,0,0,1,1,B03,8,1,5,50,14,9,1,5,4,5,7,4,4,1,4,5,2,12,1,22,3,10,1,1,7,8,1,8,2,6,,7,,1,22,9,121.5551857,25.00171283
111,12,22,7,13,2,10文山區,文山區辛亥路4段227號,0,0,1,2,C03,8,1,5,50,14,9,1,5,4,5,7,4,4,1,4,5,2,12,1,51,2,9,1,1,7,9,1,10,2,12,,44,,1,22,9,121.5551857,25.00171283
111,12,22,7,33,2,12內湖區,內湖區民權東路6段25號前,0,0,1,1,C01,8,1,5,50,14,7,1,5,4,5,7,4,4,1,4,4,2,13,1,32,2,8,1,1,7,9,1,9,1,11,,43,,1,22,9,121.5834205,25.06861706
111,12,22,7,33,2,12內湖區,內湖區民權東路6段25號前,0,0,1,2,B03,8,1,5,50,14,7,1,5,4,5,7,4,4,1,4,4,2,13,2,32,3,10,1,1,7,9,1,8,1,3,,43,,1,22,9,121.5834205,25.06861706
111,12,22,7,35,2,02萬華區,萬華區忠孝橋往台北市下橋處,0,0,2,1,C03,8,1,5,50,8,9,1,5,4,5,7,4,4,1,5,5,2,16,2,19,2,8,1,1,7,9,1,10,1,11,,23,,1,22,9,121.506628,25.04882132
111,12,22,7,35,2,02萬華區,萬華區忠孝橋往台北市下橋處,0,0,2,2,C03,8,1,5,50,8,9,1,5,4,5,7,4,4,1,5,5,2,16,1,40,3,10,1,1,7,7,1,10,1,13,,7,,1,22,9,121.506628,25.04882132
111,12,22,7,35,2,02萬華區,萬華區忠孝橋往台北市下橋處,0,0,2,3,C03,8,1,5,50,8,9,1,5,4,5,7,4,4,1,5,5,2,16,2,42,2,8,1,1,7,14,1,10,1,14,,44,,1,22,9,121.506628,25.04882132
111,12,22,7,40,2,11南港區,南港區舊莊街1段3巷與舊莊街1段3巷1弄口,0,0,1,1,C03,8,1,5,30,14,9,1,5,4,5,7,4,4,9,5,5,2,17,2,34,2,9,1,1,7,9,1,10,1,14,,2,,1,22,9,121.6181254,25.04350501
111,12,22,7,40,2,11南港區,南港區舊莊街1段3巷與舊莊街1段3巷1弄口,0,0,1,2,B03,8,1,5,30,14,9,1,5,4,5,7,4,4,9,5,5,2,17,1,40,3,10,3,1,7,14,1,8,1,2,,40,,1,22,9,121.6181254,25.04350501
111,12,22,7,40,2,11南港區,南港區舊莊街1段3巷與舊莊街1段3巷1弄口,0,0,1,3,H02,8,1,5,30,14,9,1,5,4,5,7,4,4,9,5,5,2,17,1,6,3,10,4,5,7,19,8,20,10,16,,56,,1,22,9,121.6181254,25.04350501
111,12,22,7,50,2,02萬華區,萬華區康定路與成都路口,0,0,1,1,A02,8,1,5,50,4,1,1,5,4,5,7,1,1,9,4,4,2,12,1,59,3,10,1,1,7,6,1,2,1,5,,44,,1,22,9,121.50256,25.0432997
111,12,22,7,50,2,02萬華區,萬華區康定路與成都路口,0,0,1,2,B12,8,1,5,50,4,1,1,5,4,5,7,1,1,9,4,4,2,12,1,44,3,10,1,1,7,6,1,8,1,8,,17,,1,22,9,121.50256,25.0432997
111,12,22,7,50,2,02萬華區,萬華區康定路與成都路口,0,0,1,3,H02,8,1,5,50,4,1,1,5,4,5,7,1,1,9,4,4,2,12,1,34,2,1,4,5,7,20,8,20,10,16,,67,,1,22,9,121.50256,25.0432997
111,12,22,7,52,2,07信義區,信義區中坡南路201巷2號,0,0,2,1,C03,8,1,5,30,14,9,1,5,4,5,7,4,4,9,4,5,1,16,1,43,2,7,3,4,7,11,1,10,2,14,,10,,1,22,9,121.5856854,25.0415904
111,12,22,7,52,2,07信義區,信義區中坡南路201巷2號,0,0,2,2,F01,8,1,5,30,14,9,1,5,4,5,7,4,4,9,4,5,1,16,1,45,3,10,3,4,7,9,8,20,2,16,,4,,1,22,9,121.5856854,25.0415904
111,12,22,7,52,2,07信義區,信義區中坡南路201巷2號,0,0,2,3,H02,8,1,5,30,14,9,1,5,4,5,7,4,4,9,4,5,1,16,2,9,2,8,4,5,7,20,8,20,10,16,,67,,1,22,9,121.5856854,25.0415904
111,12,22,8,0,2,08士林區,士林區中正路與中正路680巷口,0,0,1,1,B03,8,1,5,30,3,1,1,5,4,5,7,4,4,1,5,5,2,16,1,40,3,10,1,1,7,6,1,8,1,4,,6,,1,22,9,121.5066604,25.0861587
111,12,22,8,0,2,08士林區,士林區中正路與中正路680巷口,0,0,1,2,C02,8,1,5,30,3,1,1,5,4,5,7,4,4,1,5,5,2,16,1,26,2,9,1,1,7,9,1,9,1,11,,14,,1,22,9,121.5066604,25.0861587
111,12,22,8,5,2,07信義區,信義區忠孝東路5段236巷21號,0,0,1,2,C03,8,1,5,50,14,9,1,5,4,5,7,1,1,9,4,5,2,13,2,26,2,8,1,1,7,14,1,10,1,13,,44,,1,22,9,121.5719052,25.0388287
111,12,22,8,5,2,07信義區,信義區忠孝東路5段236巷21號,0,0,1,1,B03,8,1,5,50,14,9,1,5,4,5,7,1,1,9,4,5,2,13,2,62,3,10,3,4,7,1,1,8,1,5,,19,,1,22,9,121.5719052,25.0388287
111,12,22,8,6,2,02萬華區,萬華區西藏路與雙園街口,0,0,1,1,C03,8,1,5,50,3,2,1,5,4,5,7,3,1,10,5,5,2,15,1,69,2,9,3,4,7,1,1,10,1,14,,19,,1,22,9,121.4951376,25.02885714
111,12,22,8,6,2,02萬華區,萬華區西藏路與雙園街口,0,0,1,2,B03,8,1,5,50,3,2,1,5,4,5,7,3,1,10,5,5,2,15,1,38,3,10,3,4,7,9,1,8,1,5,,44,,1,22,9,121.4951376,25.02885714
111,12,22,8,9,2,11南港區,南港區玉成街54號,0,0,2,1,C03,8,1,5,30,14,9,1,5,4,5,7,4,4,9,4,5,2,16,1,21,2,9,1,1,7,6,1,10,1,12,,9,,1,22,9,121.581568,25.0477362
111,12,22,8,9,2,11南港區,南港區玉成街54號,0,0,2,2,C03,8,1,5,30,14,9,1,5,4,5,7,4,4,9,4,5,2,16,2,24,2,9,1,1,7,9,1,10,1,14,,44,,1,22,9,121.581568,25.0477362
111,12,22,8,19,2,03中山區,中山區松江路與民生東路2段口,0,0,1,1,B01,8,1,5,50,4,2,1,5,4,5,7,2,1,1,4,5,2,13,1,57,3,10,3,4,7,12,1,4,1,3,,44,,1,22,9,121.5330242,25.0580318
111,12,22,8,19,2,03中山區,中山區松江路與民生東路2段口,0,0,1,2,C03,8,1,5,50,4,2,1,5,4,5,7,2,1,1,4,5,2,13,2,29,2,8,3,4,7,9,1,10,1,11,,44,,1,22,9,121.5330242,25.0580318
111,12,22,8,20,2,03中山區,中山區中山北路1段135巷,0,0,1,1,F01,8,1,5,30,15,9,1,5,4,5,7,4,4,1,4,1,1,17,2,27,2,9,1,1,7,1,8,20,2,16,,19,,1,22,9,121.5230036,25.0561769
111,12,22,8,20,2,03中山區,中山區中山北路1段135巷,0,0,1,2,B03,8,1,5,30,15,9,1,5,4,5,7,4,4,1,4,1,1,17,1,56,3,10,1,1,7,1,1,8,2,1,,23,,1,22,9,121.5230036,25.0561769
111,12,22,8,30,2,09北投區,北投區立德路157號與立德路159巷口,0,0,1,1,B03,8,1,5,50,3,2,1,5,4,5,7,4,4,9,4,5,2,16,1,66,3,10,1,1,7,11,1,8,1,1,,10,,1,22,9,121.4729095,25.1286824
111,12,22,8,30,2,09北投區,北投區立德路157號與立德路159巷口,0,0,1,2,C03,8,1,5,50,3,2,1,5,4,5,7,4,4,9,4,5,2,16,2,26,2,9,1,1,7,9,1,10,1,14,,44,,1,22,9,121.4729095,25.1286824
111,12,22,8,45,2,07信義區,信義區吳興街487號,0,0,1,1,B03,8,1,5,50,14,9,1,5,4,5,7,3,1,9,5,5,2,12,2,28,3,10,1,1,7,5,1,8,1,4,,8,,1,22,9,121.5697419,25.0233662
111,12,22,8,45,2,07信義區,信義區吳興街487號,0,0,1,2,C03,8,1,5,50,14,9,1,5,4,5,7,3,1,9,5,5,2,12,2,20,2,9,1,1,7,5,1,10,1,11,,8,,1,22,9,121.5697419,25.0233662
111,12,22,8,46,2,08士林區,士林區中山北路6段與克強路口,0,0,1,1,B03,7,1,5,50,3,2,1,5,4,5,7,2,1,1,4,5,2,16,2,63,3,10,1,1,7,6,1,8,1,5,,9,,1,22,9,121.525208,25.10873814
111,12,22,8,46,2,08士林區,士林區中山北路6段與克強路口,0,0,1,2,C03,7,1,5,50,3,2,1,5,4,5,7,2,1,1,4,5,2,16,1,27,2,9,1,1,7,9,1,10,1,14,,44,,1,22,9,121.525208,25.10873814
111,12,22,8,47,2,08士林區,士林區延平北路6段與社正路口,0,0,2,1,C03,8,1,5,50,3,1,1,5,4,5,7,4,4,5,4,5,2,17,1,20,3,10,1,1,7,9,1,10,1,15,,6,,1,22,9,121.5088412,25.08804329
111,12,22,8,47,2,08士林區,士林區延平北路6段與社正路口,0,0,2,2,C03,8,1,5,50,3,1,1,5,4,5,7,4,4,5,4,5,2,17,1,46,2,9,1,1,7,9,1,10,1,14,,44,,1,22,9,121.5088412,25.08804329
111,12,22,8,47,2,08士林區,士林區延平北路6段與社正路口,0,0,2,3,H02,8,1,5,50,3,1,1,5,4,5,7,4,4,5,4,5,2,17,2,42,2,9,1,5,7,20,8,20,10,16,,67,,1,22,9,121.5088412,25.08804329
111,12,22,8,50,2,08士林區,士林區士東路200巷,0,0,1,1,B02,8,1,8,50,15,22,1,5,4,5,7,2,1,1,5,5,2,9,1,29,3,10,1,1,7,5,1,8,1,1,,23,,1,22,9,121.5324891,25.11250905
111,12,22,8,50,2,08士林區,士林區士東路200巷,0,0,1,2,H01,8,1,8,50,15,22,1,5,4,5,7,2,1,1,5,5,2,9,1,76,2,9,4,5,8,16,8,20,10,16,,51,,1,22,9,121.5324891,25.11250905
111,12,22,8,50,2,08士林區,士林區中山北路6段與無名巷口,0,0,2,1,C03,8,1,5,50,3,1,1,5,4,5,7,4,4,1,4,5,2,13,2,33,2,9,1,1,7,6,1,10,1,13,,9,,1,22,9,121.5248888,25.1045285
111,12,22,8,50,2,08士林區,士林區中山北路6段與無名巷口,0,0,2,2,C03,8,1,5,50,3,1,1,5,4,5,7,4,4,1,4,5,2,13,1,28,2,9,1,1,7,9,1,10,1,11,,14,,1,22,9,121.5248888,25.1045285
111,12,22,8,50,2,10文山區,文山區木新路3段122號,0,0,1,1,C03,8,1,5,0,15,20,2,5,4,5,7,4,4,10,5,5,2,9,1,25,3,10,1,4,7,9,1,10,1,12,,26,,1,22,9,121.5621291,24.98201917
111,12,22,8,50,2,10文山區,文山區木新路3段122號,0,0,1,2,H01,8,1,5,0,15,20,2,5,4,5,7,4,4,10,5,5,2,9,1,40,2,8,4,5,8,16,8,20,10,16,,67,,1,22,9,121.5621291,24.98201917
111,12,22,8,55,2,04大安區,大安區新生南路1段143巷與新生南路1段139巷6弄口,0,0,1,1,C03,8,1,5,30,4,1,1,5,4,5,7,4,4,9,5,5,2,15,1,61,2,9,1,1,7,9,1,10,1,12,,6,,1,22,9,121.5335697,25.03614195
111,12,22,8,55,2,04大安區,大安區新生南路1段143巷與新生南路1段139巷6弄口,0,0,1,2,B03,8,1,5,30,4,1,1,5,4,5,7,4,4,9,5,5,2,15,2,24,3,10,1,1,7,9,1,8,1,1,,14,,1,22,9,121.5335697,25.03614195
111,12,22,9,0,2,08士林區,士林區中山北路6段與中山北路6段290巷口,0,0,1,1,B03,8,1,5,50,14,9,1,5,4,5,7,4,4,2,5,5,2,17,1,47,3,10,1,1,7,8,3,18,1,2,,7,,1,22,9,121.5254276,25.1103146