發生年度,發生月,發生日,發生時-Hours,發生分,處理別-編號,區序,肇事地點,死亡人數,2-30日死亡人數,受傷人數,當事人序號,車種,天候,光線,道路類別,速限-速度限制,道路型態,事故位置,路面狀況1,路面狀況2,路面狀況3,道路障礙1,道路障礙2,號誌1,號誌2,車道劃分-分向,車道劃分-分道1,車道劃分-分道2,車道劃分-分道3,事故類型及型態,性別,年齡,受傷程度,主要傷處,安全帽,行動電話,車輛用途,當事者行動狀態,駕駛資格情形,駕駛執照種類,飲酒情形,車輛撞擊部位1,車輛撞擊部位2,肇因碼-個別,肇因碼-主要,個人肇逃否,職業,旅次目的,座標-X,座標-Y
111,12,22,9,0,2,08士林區,士林區中山北路6段與中山北路6段290巷口,0,0,1,2,C03,8,1,5,50,14,9,1,5,4,5,7,4,4,2,5,5,2,17,2,50,2,9,1,1,7,9,1,10,1,14,,44,,1,22,9,121.5254276,25.1103146
111,12,22,9,3,2,07信義區,信義區永吉路與虎林街口,0,0,1,1,B03,8,1,5,50,4,2,1,5,4,5,7,1,1,1,4,5,1,11,1,63,3,10,1,1,7,5,1,8,1,2,,8,,1,22,9,121.5769742,25.0454901
111,12,22,9,3,2,07信義區,信義區永吉路與虎林街口,0,0,1,2,B01,8,1,5,50,4,2,1,5,4,5,7,1,1,1,4,5,1,11,1,59,3,10,1,1,7,9,1,4,1,1,,44,,1,22,9,121.5769742,25.0454901
111,12,22,9,3,2,07信義區,信義區永吉路與虎林街口,0,0,1,3,H02,8,1,5,50,4,2,1,5,4,5,7,1,1,1,4,5,1,11,2,44,2,9,4,5,7,20,8,20,10,15,,67,,1,22,9,121.5769742,25.0454901
111,12,22,9,9,2,05中正區,中正區重慶南路1段與貴陽街1段口,0,0,1,1,B03,8,1,5,50,4,1,1,5,4,5,7,1,1,10,5,5,2,17,2,25,3,10,1,1,7,5,1,4,2,15,,6,,1,22,9,121.5127537,25.0388187
111,12,22,9,9,2,05中正區,中正區重慶南路1段與貴陽街1段口,0,0,1,2,C03,8,1,5,50,4,1,1,5,4,5,7,1,1,10,5,5,2,17,2,21,2,9,1,1,7,9,1,10,2,14,,44,,1,22,9,121.5127537,25.0388187
111,12,22,9,40,2,05中正區,中正區中華路2段與廣州街口口,0,0,1,1,C03,8,1,5,50,4,1,1,5,4,5,7,1,1,1,4,5,1,17,2,44,2,9,1,1,7,15,1,10,1,11,,16,,1,22,9,121.5066712,25.03616192
111,12,22,9,40,2,05中正區,中正區中華路2段與廣州街口口,0,0,1,2,B03,8,1,5,50,4,1,1,5,4,5,7,1,1,1,4,5,1,17,2,24,3,10,1,1,7,9,1,8,1,7,,44,,1,22,9,121.5066712,25.03616192
111,12,22,9,50,2,05中正區,中正區襄陽路43號,0,0,2,1,B03,8,1,5,50,14,9,1,5,4,5,7,2,1,5,4,5,2,12,1,29,3,10,1,1,7,6,1,8,2,8,,9,,1,22,9,121.5134928,25.04346118
111,12,22,9,50,2,05中正區,中正區襄陽路43號,0,0,2,2,C03,8,1,5,50,14,9,1,5,4,5,7,2,1,5,4,5,2,12,2,29,2,9,1,1,7,5,1,10,2,12,,27,,1,22,9,121.5134928,25.04346118
111,12,22,9,50,2,05中正區,中正區襄陽路43號,0,0,2,3,H02,8,1,5,50,14,9,1,5,4,5,7,2,1,5,4,5,2,12,2,36,2,9,4,5,7,20,8,20,10,16,,67,,1,22,9,121.5134928,25.04346118
111,12,22,9,50,2,11南港區,南港區重陽路57巷與向陽路258巷口,0,0,1,1,B03,8,1,5,50,4,1,1,5,4,5,7,2,1,5,5,5,2,16,1,37,3,10,3,4,7,5,1,8,2,2,,8,,1,22,9,121.595764,25.05829997
111,12,22,9,50,2,11南港區,南港區重陽路57巷與向陽路258巷口,0,0,1,2,C03,8,1,5,50,4,1,1,5,4,5,7,2,1,5,5,5,2,16,1,21,2,9,1,1,7,9,1,10,2,11,,13,,1,22,9,121.595764,25.05829997
111,12,22,9,57,2,04大安區,大安區敦化南路1段161巷與忠孝東路4段205巷口,0,0,1,1,B01,8,1,5,30,4,1,1,5,4,5,7,4,4,10,5,5,2,15,1,57,3,10,1,1,7,9,1,4,1,1,,6,,1,22,9,121.5519495,25.04348337
111,12,22,9,57,2,04大安區,大安區敦化南路1段161巷與忠孝東路4段205巷口,0,0,1,2,C03,8,1,5,30,4,1,1,5,4,5,7,4,4,10,5,5,2,15,1,30,2,9,1,1,7,9,1,10,1,12,,23,,1,22,9,121.5519495,25.04348337
111,12,22,10,0,2,08士林區,士林區中山北路5段與中山北路5段378巷口,0,0,2,1,B03,8,1,5,50,4,1,1,5,4,5,7,2,1,4,3,5,1,12,1,32,3,10,3,4,7,6,1,8,1,2,,9,,1,22,9,121.5276193,25.09020979
111,12,22,10,0,2,08士林區,士林區中山北路5段與中山北路5段378巷口,0,0,2,2,C03,8,1,5,50,4,1,1,5,4,5,7,2,1,4,3,5,1,12,2,22,2,8,1,4,7,9,1,10,1,14,,44,,1,22,9,121.5276193,25.09020979
111,12,22,10,0,2,08士林區,士林區中山北路5段與中山北路5段378巷口,0,0,2,3,H02,8,1,5,50,4,1,1,5,4,5,7,2,1,4,3,5,1,12,2,20,2,5,1,5,7,20,8,20,10,16,,67,,1,22,9,121.5276193,25.09020979
111,12,22,10,18,2,08士林區,士林區中正路601號前,0,0,1,1,B03,8,1,8,50,15,22,1,5,4,5,7,4,4,1,4,5,1,16,2,61,3,10,1,1,7,11,1,8,1,6,,6,,1,22,9,121.5098172,25.08671608
111,12,22,10,18,2,08士林區,士林區中正路601號前,0,0,1,2,C03,8,1,8,50,15,22,1,5,4,5,7,4,4,1,4,5,1,16,1,20,2,9,1,1,7,9,1,10,1,14,,23,,1,22,9,121.5098172,25.08671608
111,12,22,11,0,2,01大同區,大同區台北橋往北市機車道第三燈桿,0,0,1,1,C03,8,1,7,40,14,11,1,5,4,5,7,4,4,3,4,5,1,12,2,22,2,9,1,1,7,9,1,10,1,11,,16,,1,22,9,121.5068009,25.0638352
111,12,22,11,0,2,01大同區,大同區台北橋往北市機車道第三燈桿,0,0,1,2,C03,8,1,7,40,14,11,1,5,4,5,7,4,4,3,4,5,1,12,2,28,3,10,1,1,7,9,1,10,1,13,,42,,1,22,9,121.5068009,25.0638352
111,12,22,11,20,2,02萬華區,萬華區德昌街與寶興街口,0,0,2,1,C03,8,1,5,30,4,1,1,5,4,5,7,1,1,10,5,5,2,17,2,44,2,9,1,1,7,5,1,10,1,12,,8,,1,22,9,121.4954287,25.0236558
111,12,22,11,20,2,02萬華區,萬華區德昌街與寶興街口,0,0,2,2,C03,8,1,5,30,4,1,1,5,4,5,7,1,1,10,5,5,2,17,1,74,2,9,1,1,7,9,1,10,1,11,,44,,1,22,9,121.4954287,25.0236558
111,12,22,11,22,2,11南港區,南港區忠孝東路7段415巷與市民大道8段口,0,0,3,2,C03,8,1,5,50,4,1,1,5,4,5,7,2,1,4,3,5,2,16,1,23,2,9,3,4,7,9,1,10,2,11,,13,,1,22,9,121.6088492,25.0535553
111,12,22,11,22,2,11南港區,南港區忠孝東路7段415巷與市民大道8段口,0,0,3,1,C03,8,1,5,50,4,1,1,5,4,5,7,2,1,4,3,5,2,16,2,25,2,9,3,4,7,5,3,18,2,14,,8,,1,22,9,121.6088492,25.0535553
111,12,22,11,22,2,11南港區,南港區忠孝東路7段415巷與市民大道8段口,0,0,3,3,H02,8,1,5,50,4,1,1,5,4,5,7,2,1,4,3,5,2,16,2,21,2,9,3,5,7,21,8,20,10,15,,60,,1,22,9,121.6088492,25.0535553
111,12,22,11,53,2,05中正區,中正區羅斯福路1段與愛國西路口,0,0,1,1,C03,8,1,5,50,5,1,1,5,4,5,7,1,1,1,4,5,2,12,1,76,2,9,1,1,7,5,1,8,2,14,,8,,1,22,9,121.5166526,25.0347251
111,12,22,11,53,2,05中正區,中正區羅斯福路1段與愛國西路口,0,0,1,2,B03,8,1,5,50,5,1,1,5,4,5,7,1,1,1,4,5,2,12,1,58,3,10,1,1,7,9,1,8,2,5,,44,,1,22,9,121.5166526,25.0347251
111,12,22,12,2,2,02萬華區,萬華區環河南路3段與萬大路424巷口,0,0,1,1,C03,8,1,5,50,3,2,1,5,4,5,7,4,4,1,5,5,2,17,2,18,2,7,1,1,7,6,1,10,9,14,,43,,1,22,9,121.4927555,25.02036822
111,12,22,12,2,2,02萬華區,萬華區環河南路3段與萬大路424巷口,0,0,1,2,B01,8,1,5,50,3,2,1,5,4,5,7,4,4,1,5,5,2,17,4,,4,11,3,4,7,9,7,19,11,5,,43,,1,22,9,121.4927555,25.02036822
111,12,22,12,9,2,06松山區,松山區市民高架道往西338號電燈桿旁,0,0,1,1,B03,8,1,3,80,14,9,1,5,4,5,7,4,4,1,4,5,1,13,1,26,2,9,1,1,7,9,1,8,1,1,,16,,1,22,9,121.5471617,25.04519106
111,12,22,12,9,2,06松山區,松山區市民高架道往西338號電燈桿旁,0,0,1,2,B01,8,1,3,80,14,9,1,5,4,5,7,4,4,1,4,5,1,13,1,64,3,10,1,1,7,3,1,4,1,1,3,44,,1,22,9,121.5471617,25.04519106
111,12,22,12,9,2,06松山區,松山區市民高架道往西338號電燈桿旁,0,0,1,3,B01,8,1,3,80,14,9,1,5,4,5,7,4,4,1,4,5,1,13,1,46,3,10,1,1,7,3,1,4,1,3,,44,,1,22,9,121.5471617,25.04519106
111,12,22,12,14,2,05中正區,中正區愛國西路與重慶南路2段口口,0,0,1,1,B03,8,1,5,50,4,1,1,5,4,5,7,1,1,1,4,5,1,17,1,56,3,10,1,1,7,15,1,8,1,2,,25,,1,22,9,121.5124427,25.03506017
111,12,22,12,14,2,05中正區,中正區愛國西路與重慶南路2段口口,0,0,1,2,C03,8,1,5,50,4,1,1,5,4,5,7,1,1,1,4,5,1,17,1,24,2,7,1,1,7,9,1,10,1,14,,25,,1,22,9,121.5124427,25.03506017
111,12,22,12,19,2,03中山區,中山區民權東路3段與龍江路口,0,0,3,1,C03,8,1,5,50,4,2,1,5,4,5,7,1,1,1,4,5,2,13,1,22,2,9,1,1,7,9,1,10,1,11,,23,,1,22,9,121.5411641,25.0624597
111,12,22,12,19,2,03中山區,中山區民權東路3段與龍江路口,0,0,3,2,C03,8,1,5,50,4,2,1,5,4,5,7,1,1,1,4,5,2,13,1,55,2,9,1,1,7,9,1,10,1,13,,44,,1,22,9,121.5411641,25.0624597
111,12,22,12,19,2,03中山區,中山區民權東路3段與龍江路口,0,0,3,3,H02,8,1,5,50,4,2,1,5,4,5,7,1,1,1,4,5,2,13,2,20,2,9,4,5,7,20,8,20,10,16,,67,,1,22,9,121.5411641,25.0624597
111,12,22,12,27,2,09北投區,北投區學園路1號與學園路口,0,0,1,3,C03,8,1,5,40,3,1,1,5,4,5,7,2,1,10,5,5,1,12,1,18,3,10,1,1,7,9,1,10,1,11,,16,,1,22,9,121.4659768,25.12976077
111,12,22,12,27,2,09北投區,北投區學園路1號與學園路口,0,0,1,1,C01,8,1,5,40,3,1,1,5,4,5,7,2,1,10,5,5,1,12,1,52,3,10,1,1,7,8,1,9,1,13,,7,,1,22,9,121.4659768,25.12976077
111,12,22,12,27,2,09北投區,北投區學園路1號與學園路口,0,0,1,2,C03,8,1,5,40,3,1,1,5,4,5,7,2,1,10,5,5,1,12,1,20,2,8,1,1,7,9,1,10,1,11,,43,,1,22,9,121.4659768,25.12976077
111,12,22,12,30,2,12內湖區,內湖區內湖路1段518巷與內湖路1段629巷口,0,0,1,1,B03,8,1,5,50,4,1,1,5,4,5,7,1,1,1,4,5,2,16,1,77,3,10,1,1,7,9,1,8,1,1,,25,,1,22,9,121.5744374,25.0803212
111,12,22,12,30,2,12內湖區,內湖區內湖路1段518巷與內湖路1段629巷口,0,0,1,2,C03,8,1,5,50,4,1,1,5,4,5,7,1,1,1,4,5,2,16,2,32,2,9,1,1,7,9,1,10,1,14,,44,,1,22,9,121.5744374,25.0803212
111,12,22,12,52,2,08士林區,士林區至誠路2段與至誠路2段51巷口口,0,0,1,1,B03,8,1,5,50,4,1,1,5,4,5,7,4,4,5,4,5,1,12,1,52,3,10,1,1,7,5,1,8,1,5,,8,,1,22,9,121.5281646,25.10152404
111,12,22,12,52,2,08士林區,士林區至誠路2段與至誠路2段51巷口口,0,0,1,2,C03,8,1,5,50,4,1,1,5,4,5,7,4,4,5,4,5,1,12,1,39,2,8,1,1,7,9,1,10,1,12,,23,,1,22,9,121.5281646,25.10152404
111,12,22,12,58,2,09北投區,北投區裕民一路17號,0,0,2,1,C03,8,4,5,50,14,9,1,5,4,5,7,4,4,9,4,5,1,16,1,28,2,8,2,1,7,5,1,10,1,12,,8,,1,22,9,121.5168008,25.11665588
111,12,22,12,58,2,09北投區,北投區裕民一路17號,0,0,2,2,C03,8,4,5,50,14,9,1,5,4,5,7,4,4,9,4,5,1,16,2,41,2,8,1,1,7,9,1,10,1,11,,44,,1,22,9,121.5168008,25.11665588
111,12,22,13,6,2,04大安區,大安區復興南路2段148巷與復興南路2段口,0,0,1,1,C03,8,1,5,50,4,2,1,5,4,5,7,2,1,1,3,1,2,15,1,22,2,8,1,1,7,9,1,10,1,12,,25,,1,22,9,121.5434616,25.0284056
111,12,22,13,6,2,04大安區,大安區復興南路2段148巷與復興南路2段口,0,0,1,2,B03,8,1,5,50,4,2,1,5,4,5,7,2,1,1,3,1,2,15,1,37,3,10,1,1,7,9,1,8,1,1,,25,,1,22,9,121.5434616,25.0284056
111,12,22,13,35,2,11南港區,南港區南港路3段與南港路3段47巷口,0,0,1,1,B03,8,1,5,50,3,1,1,5,4,5,7,4,4,5,4,5,2,11,1,37,3,10,1,1,7,5,1,8,1,1,,8,,1,22,9,121.5901904,25.0534971
111,12,22,13,35,2,11南港區,南港區南港路3段與南港路3段47巷口,0,0,1,2,C03,8,1,5,50,3,1,1,5,4,5,7,4,4,5,4,5,2,11,1,63,2,9,1,1,7,9,1,10,1,11,,14,,1,22,9,121.5901904,25.0534971
111,12,22,13,55,2,11南港區,南港區東新街118巷與東新街118巷口61號停車場出入口,0,0,1,1,B03,8,1,5,30,3,1,1,5,4,5,7,4,4,10,5,5,2,16,1,69,3,10,3,4,7,6,1,10,1,5,,9,,1,22,9,121.5888517,25.0458728
111,12,22,13,55,2,11南港區,南港區東新街118巷與東新街118巷口61號停車場出入口,0,0,1,2,C03,8,1,5,30,3,1,1,5,4,5,7,4,4,10,5,5,2,16,1,41,2,9,3,4,7,9,1,10,1,11,,44,,1,22,9,121.5888517,25.0458728
111,12,22,14,5,2,10文山區,文山區景興路46巷2號,0,0,1,1,B03,8,1,8,30,15,22,1,5,4,5,7,4,4,10,5,5,2,9,1,61,3,10,1,1,7,5,1,8,2,1,,8,,1,22,9,121.5438984,24.99602427
111,12,22,14,5,2,10文山區,文山區景興路46巷2號,0,0,1,2,H01,8,1,8,30,15,22,1,5,4,5,7,4,4,10,5,5,2,9,1,81,2,9,4,5,8,16,8,20,10,16,,67,,1,22,9,121.5438984,24.99602427
111,12,22,14,10,2,03中山區,中山區新生北路2段33巷與新生北路2段口,0,0,1,1,B03,8,1,5,30,3,1,1,5,4,3,5,4,4,10,5,5,2,3,2,25,3,10,1,1,7,9,1,8,2,7,,23,,1,22,9,121.5277343,25.05439332
111,12,22,14,10,2,03中山區,中山區新生北路2段33巷與新生北路2段口,0,0,1,2,H01,8,1,5,30,3,1,1,5,4,3,5,4,4,10,5,5,2,3,2,55,2,8,4,5,8,16,8,20,10,16,,51,,1,22,9,121.5277343,25.05439332
111,12,22,14,14,2,06松山區,松山區市民大道5段與基隆路1段口,0,0,1,1,B03,8,1,5,50,5,1,1,5,4,5,7,2,1,1,4,5,2,17,1,52,3,10,1,1,7,6,1,8,9,8,,9,,1,22,9,121.5688814,25.0490706
111,12,22,14,14,2,06松山區,松山區市民大道5段與基隆路1段口,0,0,1,2,F01,8,1,5,50,5,1,1,5,4,5,7,2,1,1,4,5,2,17,2,33,2,8,1,1,7,9,8,20,1,16,,26,,1,22,9,121.5688814,25.0490706
111,12,22,14,55,2,12內湖區,內湖區文德路208巷6弄與文德路66巷11弄口,0,0,1,1,C03,8,1,5,30,4,1,1,5,4,5,7,4,4,10,5,5,2,15,1,33,2,9,1,1,7,9,1,10,1,11,,6,,1,22,9,121.5824721,25.07795274
111,12,22,14,55,2,12內湖區,內湖區文德路208巷6弄與文德路66巷11弄口,0,0,1,2,C03,8,1,5,30,4,1,1,5,4,5,7,4,4,10,5,5,2,15,1,56,3,10,1,1,7,9,1,10,1,12,,23,,1,22,9,121.5824721,25.07795274
111,12,22,15,10,2,09北投區,北投區學園路2號往後門002號燈桿,0,0,1,1,C03,8,1,5,30,11,9,1,5,4,5,1,4,4,9,5,5,2,11,1,18,3,10,1,1,7,4,1,10,1,11,,4,,1,22,9,121.4697468,25.1338285
111,12,22,15,10,2,09北投區,北投區學園路2號往後門002號燈桿,0,0,1,2,C03,8,1,5,30,11,9,1,5,4,5,1,4,4,9,5,5,2,11,1,21,2,9,1,1,7,9,1,10,1,11,,42,,1,22,9,121.4697468,25.1338285
111,12,22,15,14,2,09北投區,北投區中央南路1段與中正街口,0,0,2,1,C03,8,1,5,50,4,1,1,5,4,5,7,4,4,5,4,5,2,13,2,48,2,9,1,1,7,9,1,10,2,11,,23,,1,22,9,121.5013125,25.13179559
111,12,22,15,14,2,09北投區,北投區中央南路1段與中正街口,0,0,2,2,C03,8,1,5,50,4,1,1,5,4,5,7,4,4,5,4,5,2,13,1,37,2,8,1,1,7,9,1,10,2,13,,44,,1,22,9,121.5013125,25.13179559
111,12,22,15,18,2,12內湖區,內湖區康寧路3段219巷與東湖路16巷口,0,0,1,1,B01,8,1,5,30,4,1,1,5,4,5,7,4,4,10,5,5,2,16,1,62,3,10,1,1,7,9,1,1,1,8,,6,,1,22,9,121.6126434,25.0680182
111,12,22,15,18,2,12內湖區,內湖區康寧路3段219巷與東湖路16巷口,0,0,1,2,C03,8,1,5,30,4,1,1,5,4,5,7,4,4,10,5,5,2,16,2,55,2,8,1,1,7,9,1,10,1,11,,44,,1,22,9,121.6126434,25.0680182
111,12,22,15,20,2,12內湖區,內湖區基湖路與基湖路35巷口,0,0,1,1,B03,8,1,5,50,3,1,1,5,4,5,7,2,1,10,5,5,2,3,1,40,3,10,1,1,7,5,1,8,1,8,,15,,1,22,9,121.5646855,25.07984927
111,12,22,15,20,2,12內湖區,內湖區基湖路與基湖路35巷口,0,0,1,2,H01,8,1,5,50,3,1,1,5,4,5,7,2,1,10,5,5,2,3,1,37,2,9,4,5,8,16,8,20,10,16,,67,,1,22,9,121.5646855,25.07984927
111,12,22,15,22,2,02萬華區,萬華區光復橋往新北市(新店溪牌面),0,0,3,1,C03,8,1,5,50,8,9,1,5,4,5,7,4,4,3,4,5,2,17,1,20,2,9,1,1,7,9,1,10,1,15,,42,,1,22,9,121.490145,25.02395092
111,12,22,15,22,2,02萬華區,萬華區光復橋往新北市(新店溪牌面),0,0,3,2,C03,8,1,5,50,8,9,1,5,4,5,7,4,4,3,4,5,2,17,1,27,2,9,1,1,7,9,1,10,1,11,,44,,1,22,9,121.490145,25.02395092
111,12,22,15,22,2,02萬華區,萬華區光復橋往新北市(新店溪牌面),0,0,3,3,H02,8,1,5,50,8,9,1,5,4,5,7,4,4,3,4,5,2,17,2,32,2,9,4,5,7,20,8,20,10,16,,67,,1,22,9,121.490145,25.02395092
111,12,22,15,25,2,06松山區,松山區八德路4段595號,0,0,1,1,C03,7,1,5,50,14,7,1,5,4,5,7,2,1,9,4,4,2,17,4,,4,11,3,4,7,15,7,19,11,15,,43,,2,22,9,121.5742335,25.05004102
111,12,22,15,25,2,06松山區,松山區八德路4段595號,0,0,1,2,C03,7,1,5,50,14,7,1,5,4,5,7,2,1,9,4,4,2,17,1,44,2,7,1,1,7,9,1,10,1,13,,44,,1,22,9,121.5742335,25.05004102
111,12,22,15,52,2,08士林區,士林區環河北路3段與環河北路3段口機慢車專用道,0,0,1,2,F01,8,1,5,30,3,2,1,5,4,5,7,4,4,1,4,5,1,16,1,21,2,9,1,1,7,1,8,20,1,16,,19,,1,22,9,121.5076757,25.08166248
111,12,22,15,52,2,08士林區,士林區環河北路3段與環河北路3段口機慢車專用道,0,0,1,1,C03,8,1,5,30,3,2,1,5,4,5,7,4,4,1,4,5,1,16,4,,4,11,3,4,7,15,7,19,11,15,,43,,2,22,9,121.5076757,25.08166248
111,12,22,16,1,2,01大同區,大同區民權西路與承德路3段口,0,0,1,1,A31,8,1,5,50,4,2,1,5,4,5,7,1,1,1,4,5,2,17,1,44,3,10,1,1,1,6,1,1,1,6,,9,,1,22,9,121.5184354,25.0630104
111,12,22,16,1,2,01大同區,大同區民權西路與承德路3段口,0,0,1,2,C03,8,1,5,50,4,2,1,5,4,5,7,1,1,1,4,5,2,17,1,57,2,8,1,1,7,9,1,10,1,14,,44,,1,22,9,121.5184354,25.0630104
111,12,22,16,4,2,12內湖區,內湖區江南街71巷75弄與文德路22巷53弄口,0,0,1,1,C03,7,1,5,30,4,1,1,5,4,5,7,4,4,10,5,5,2,15,2,66,2,7,1,1,7,9,4,11,1,11,,6,,1,22,9,121.579761,25.0755233
111,12,22,16,4,2,12內湖區,內湖區江南街71巷75弄與文德路22巷53弄口,0,0,1,2,B03,7,1,5,30,4,1,1,5,4,5,7,4,4,10,5,5,2,15,2,51,3,10,1,1,7,9,1,8,1,8,,6,,1,22,9,121.579761,25.0755233
111,12,22,16,5,2,01大同區,大同區民生西路280號,0,0,2,1,H01,8,1,5,0,14,9,1,5,4,5,7,4,4,8,4,5,2,1,1,64,2,9,3,4,8,18,8,20,10,16,,51,,1,22,9,121.5130174,25.05696432
111,12,22,16,5,2,01大同區,大同區民生西路280號,0,0,2,2,C03,8,1,5,0,14,9,1,5,4,5,7,4,4,8,4,5,2,1,1,39,2,9,3,4,7,9,1,10,1,11,,44,,1,22,9,121.5130174,25.05696432
111,12,22,16,14,2,03中山區,中山區樂群二路與敬業四路口,0,0,1,1,B11,8,1,5,50,3,1,1,5,4,5,7,1,1,1,4,5,2,11,1,41,3,10,3,4,7,7,1,4,2,2,,6,,1,22,9,121.5590859,25.0800339
111,12,22,16,14,2,03中山區,中山區樂群二路與敬業四路口,0,0,1,2,C03,8,1,5,50,3,1,1,5,4,5,7,1,1,1,4,5,2,11,1,30,2,9,1,4,7,9,1,10,2,11,,44,,1,22,9,121.5590859,25.0800339
111,12,22,16,20,2,07信義區,信義區基隆路2段與嘉興街175巷口,0,0,1,1,H01,8,1,5,0,3,1,1,5,4,5,7,4,4,8,3,5,2,9,2,84,2,1,4,5,8,20,8,20,10,16,,51,,1,22,9,121.5567001,25.0279562
111,12,22,16,20,2,07信義區,信義區基隆路2段與嘉興街175巷口,0,0,1,2,B03,8,1,5,0,3,1,1,5,4,5,7,4,4,8,3,5,2,9,1,55,3,10,1,1,7,6,1,8,1,2,,23,,1,22,9,121.5567001,25.0279562
111,12,22,16,54,2,05中正區,中正區牯嶺街與福州街口,0,0,1,1,A03,8,1,5,50,4,2,1,5,4,5,7,1,1,5,2,5,2,8,1,64,3,10,1,1,7,5,1,2,2,5,,23,,1,22,9,121.5176834,25.02838572
111,12,22,16,54,2,05中正區,中正區牯嶺街與福州街口,0,0,1,2,H01,8,1,5,50,4,2,1,5,4,5,7,1,1,5,2,5,2,8,1,63,2,1,4,5,8,17,8,20,1,16,,60,,1,22,9,121.5176834,25.02838572
111,12,22,17,2,2,01大同區,大同區民生西路與西寧北路口,0,0,1,1,C03,7,3,5,50,4,1,1,5,4,5,7,1,1,5,2,5,2,17,1,44,2,8,1,1,7,5,1,10,1,11,,8,,1,22,9,121.5089842,25.0568454
111,12,22,17,2,2,01大同區,大同區民生西路與西寧北路口,0,0,1,2,C03,7,3,5,50,4,1,1,5,4,5,7,1,1,5,2,5,2,17,1,25,3,10,1,1,7,9,1,10,1,11,,44,,1,22,9,121.5089842,25.0568454
111,12,22,17,23,2,03中山區,中山區民權東路1段與新生北路2段口,0,0,1,1,B01,8,3,5,50,4,2,1,5,4,5,7,2,1,1,4,5,2,3,1,45,3,10,1,4,7,6,1,4,2,5,,15,,1,22,9,121.5275909,25.0622227
111,12,22,17,23,2,03中山區,中山區民權東路1段與新生北路2段口,0,0,1,2,H01,8,3,5,50,4,2,1,5,4,5,7,2,1,1,4,5,2,3,2,57,2,7,4,5,8,16,8,20,10,16,,67,,1,22,9,121.5275909,25.0622227
111,12,22,17,28,2,09北投區,北投區大業路與北投路2段口,0,0,2,1,C03,8,3,5,40,4,2,1,5,4,5,7,1,1,9,4,5,1,12,2,40,2,9,1,1,7,9,1,10,2,14,,43,,1,22,9,121.4963228,25.13449036
111,12,22,17,28,2,09北投區,北投區大業路與北投路2段口,0,0,2,2,C03,8,3,5,40,4,2,1,5,4,5,7,1,1,9,4,5,1,12,1,63,2,7,1,1,7,9,1,10,2,13,,43,,1,22,9,121.4963228,25.13449036
111,12,22,17,35,2,12內湖區,內湖區瑞光路76巷與民權東路6段11巷口,0,0,2,1,C03,8,1,5,50,3,2,1,5,4,5,7,4,4,5,5,5,2,17,1,24,2,9,1,1,7,15,1,10,1,14,,6,,1,22,9,121.5781688,25.06759015
111,12,22,17,35,2,12內湖區,內湖區瑞光路76巷與民權東路6段11巷口,0,0,2,2,C04,8,1,5,50,3,2,1,5,4,5,7,4,4,5,5,5,2,17,1,37,2,9,1,1,7,15,1,10,1,11,,23,,1,22,9,121.5781688,25.06759015
111,12,22,17,40,2,12內湖區,內湖區環山路2段109巷與環山路2段109巷3弄口口,0,0,2,1,C03,8,3,5,30,4,1,1,5,4,5,7,4,4,10,5,5,2,16,1,27,2,8,1,1,7,9,1,10,1,11,,6,,1,22,9,121.5758263,25.08387661
111,12,22,17,40,2,12內湖區,內湖區環山路2段109巷與環山路2段109巷3弄口口,0,0,2,2,C03,8,3,5,30,4,1,1,5,4,5,7,4,4,10,5,5,2,16,1,25,2,9,1,1,7,9,1,10,1,11,,14,,1,22,9,121.5758263,25.08387661
111,12,22,17,40,2,12內湖區,內湖區環山路2段109巷與環山路2段109巷3弄口口,0,0,2,3,B03,8,3,5,30,4,1,1,5,4,5,7,4,4,10,5,5,2,16,1,49,4,11,3,4,7,13,1,7,11,7,,38,,1,22,9,121.5758263,25.08387661
111,12,22,17,45,2,05中正區,中正區羅斯福路3段與師大路口,0,0,2,1,C03,8,3,5,50,4,1,1,5,4,5,7,1,1,1,4,5,2,12,1,32,2,9,1,1,7,9,1,10,1,14,,17,,1,22,9,121.5274691,25.0209702
111,12,22,17,45,2,05中正區,中正區羅斯福路3段與師大路口,0,0,2,2,C03,8,3,5,50,4,1,1,5,4,5,7,1,1,1,4,5,2,12,2,40,2,9,1,1,7,9,1,10,1,12,,17,,1,22,9,121.5274691,25.0209702
111,12,22,17,45,2,05中正區,中正區羅斯福路3段與師大路口,0,0,2,3,H02,8,3,5,50,4,1,1,5,4,5,7,1,1,1,4,5,2,12,1,11,4,11,4,5,7,20,8,20,10,16,,67,,1,22,9,121.5274691,25.0209702
111,12,22,17,50,2,12內湖區,內湖區康寧路1段195巷與康寧路1段口,0,0,3,1,C03,8,3,5,30,3,1,1,5,4,5,7,4,4,5,5,5,2,16,1,66,2,8,1,1,7,5,1,10,1,12,,6,,1,22,9,121.6126262,25.06801397
111,12,22,17,50,2,12內湖區,內湖區康寧路1段195巷與康寧路1段口,0,0,3,2,C03,8,3,5,30,3,1,1,5,4,5,7,4,4,5,5,5,2,16,1,23,2,9,1,1,7,9,1,10,1,11,,13,,1,22,9,121.6126262,25.06801397
111,12,22,17,50,2,12內湖區,內湖區康寧路1段195巷與康寧路1段口,0,0,3,3,H02,8,3,5,30,3,1,1,5,4,5,7,4,4,5,5,5,2,16,2,63,2,8,1,5,7,20,8,20,10,16,,67,,1,22,9,121.6126262,25.06801397