發生年度,發生月,發生日,發生時-Hours,發生分,處理別-編號,區序,肇事地點,死亡人數,2-30日死亡人數,受傷人數,當事人序號,車種,天候,光線,道路類別,速限-速度限制,道路型態,事故位置,路面狀況1,路面狀況2,路面狀況3,道路障礙1,道路障礙2,號誌1,號誌2,車道劃分-分向,車道劃分-分道1,車道劃分-分道2,車道劃分-分道3,事故類型及型態,性別,年齡,受傷程度,主要傷處,安全帽,行動電話,車輛用途,當事者行動狀態,駕駛資格情形,駕駛執照種類,飲酒情形,車輛撞擊部位1,車輛撞擊部位2,肇因碼-個別,肇因碼-主要,個人肇逃否,職業,旅次目的,座標-X,座標-Y
111,12,22,18,6,2,09北投區,北投區承德路7段與石牌路1段口,0,0,1,1,C03,8,3,5,60,3,1,1,5,4,5,7,1,1,1,4,4,2,15,2,40,3,10,1,1,7,9,1,10,2,11,,25,,1,22,9,121.5090834,25.1124007
111,12,22,18,6,2,09北投區,北投區承德路7段與石牌路1段口,0,0,1,2,C03,8,3,5,60,3,1,1,5,4,5,7,1,1,1,4,4,2,15,1,57,2,9,1,1,7,1,1,10,2,14,,44,,1,22,9,121.5090834,25.1124007
111,12,22,18,9,2,07信義區,信義區松仁路(三張犁派出所前),0,0,1,1,C03,8,3,5,50,14,9,1,5,4,5,7,4,4,1,4,5,2,13,2,40,2,8,3,4,7,9,1,10,1,13,,44,,1,22,9,121.5682414,25.0333102
111,12,22,18,9,2,07信義區,信義區松仁路(三張犁派出所前),0,0,1,2,C03,8,3,5,50,14,9,1,5,4,5,7,4,4,1,4,5,2,13,1,21,3,10,3,4,7,9,1,10,1,11,,16,,1,22,9,121.5682414,25.0333102
111,12,22,18,10,2,10文山區,文山區和興路52巷與和興路44巷3弄口,0,0,1,1,,8,3,5,30,14,9,2,5,4,5,7,4,4,10,5,5,2,17,4,,4,11,3,4,7,15,7,19,11,15,,43,,2,22,9,121.5475385,24.98423975
111,12,22,18,10,2,10文山區,文山區和興路52巷與和興路44巷3弄口,0,0,1,2,C03,8,3,5,30,14,9,2,5,4,5,7,4,4,10,5,5,2,17,2,27,2,8,1,4,7,9,1,10,2,12,,44,,1,22,9,121.5475385,24.98423975
111,12,22,18,15,2,11南港區,南港區東新街77巷4弄與東新街口,0,0,2,1,C03,8,3,5,30,3,1,1,5,4,5,5,4,4,5,5,5,2,16,1,35,2,9,1,1,7,1,1,10,1,12,,19,,1,22,9,121.5877278,25.04684366
111,12,22,18,15,2,11南港區,南港區東新街77巷4弄與東新街口,0,0,2,2,C03,8,3,5,30,3,1,1,5,4,5,5,4,4,5,5,5,2,16,2,25,2,9,1,1,7,9,1,10,1,11,,44,,1,22,9,121.5877278,25.04684366
111,12,22,18,16,2,11南港區,南港區重陽路120號對面,0,0,1,2,C03,7,3,5,40,14,8,1,5,4,5,7,4,4,4,3,4,2,16,2,42,2,9,1,1,7,9,1,10,1,12,,23,,1,22,9,121.5997366,25.0569511
111,12,22,18,16,2,11南港區,南港區重陽路120號對面,0,0,1,1,B02,7,3,5,40,14,8,1,5,4,5,7,4,4,4,3,4,2,16,1,24,3,10,1,1,7,3,1,8,1,4,,18,,1,22,9,121.5997366,25.0569511
111,12,22,18,17,2,09北投區,北投區新民路31號,0,0,2,1,C03,8,3,5,30,14,9,1,5,4,5,7,4,4,9,5,5,2,10,2,47,2,9,1,1,7,15,1,10,1,11,,23,,1,22,9,121.5087607,25.1397284
111,12,22,18,17,2,09北投區,北投區新民路31號,0,0,2,2,C03,8,3,5,30,14,9,1,5,4,5,7,4,4,9,5,5,2,10,1,78,2,9,1,1,7,9,1,10,1,11,,44,,1,22,9,121.5087607,25.1397284
111,12,22,18,30,2,03中山區,中山區樂群三路與敬業四路口,0,0,1,1,C03,7,3,5,50,4,1,1,5,4,5,7,2,1,9,4,5,2,15,1,28,2,9,3,4,7,9,1,10,2,12,,25,,1,22,9,121.5585279,25.0826425
111,12,22,18,30,2,03中山區,中山區樂群三路與敬業四路口,0,0,1,2,B02,7,3,5,50,4,1,1,5,4,5,7,2,1,9,4,5,2,15,1,56,3,10,3,4,7,9,1,8,2,8,,44,,1,22,9,121.5585279,25.0826425
111,12,22,18,30,2,03中山區,中山區樂群三路與敬業四路口,0,0,1,3,A04,7,3,5,50,4,1,1,5,4,5,7,2,1,9,4,5,2,15,1,59,3,10,3,4,7,9,1,2,2,7,,44,,1,22,9,121.5585279,25.0826425
111,12,22,18,35,2,07信義區,信義區市民大道6段與虎林街口,0,0,1,1,C03,8,1,5,40,4,2,1,5,4,5,7,2,1,1,4,5,2,17,1,67,2,9,1,1,7,9,1,10,1,11,,43,,1,22,9,121.5757815,25.0491732
111,12,22,18,35,2,07信義區,信義區市民大道6段與虎林街口,0,0,1,2,B03,8,1,5,40,4,2,1,5,4,5,7,2,1,1,4,5,2,17,2,42,3,10,1,1,7,9,1,8,1,6,,43,,1,22,9,121.5757815,25.0491732
111,12,22,18,40,2,03中山區,中山區北安路111號,0,0,1,1,C03,7,3,5,50,14,9,1,5,4,5,7,4,4,1,4,5,2,16,1,48,2,9,1,4,7,5,1,10,1,12,,8,,1,22,9,121.5314843,25.07821974
111,12,22,18,40,2,03中山區,中山區北安路111號,0,0,1,2,C03,7,3,5,50,14,9,1,5,4,5,7,4,4,1,4,5,2,16,1,30,3,10,1,4,7,9,1,9,1,11,,44,,1,22,9,121.5314843,25.07821974
111,12,22,18,40,2,07信義區,信義區吳興街180號,0,0,1,1,C03,7,1,6,50,14,9,1,5,4,5,7,4,4,5,4,5,2,17,1,36,3,10,1,1,7,15,1,10,2,15,,25,,1,22,9,121.5618869,25.0286835
111,12,22,18,40,2,07信義區,信義區吳興街180號,0,0,1,2,F01,7,1,6,50,14,9,1,5,4,5,7,4,4,5,4,5,2,17,2,25,2,9,1,1,7,9,8,20,2,16,,27,,1,22,9,121.5618869,25.0286835
111,12,22,19,0,2,04大安區,大安區敦化南路2段140號,0,0,1,1,A02,8,3,5,50,14,9,1,5,4,5,7,4,4,1,3,5,1,17,1,52,3,10,1,1,7,7,1,2,1,4,,7,,1,22,9,121.5485321,25.0250692
111,12,22,19,0,2,04大安區,大安區敦化南路2段140號,0,0,1,2,C03,8,3,5,50,14,9,1,5,4,5,7,4,4,1,3,5,1,17,1,36,2,8,1,1,7,9,1,10,1,15,,44,,1,22,9,121.5485321,25.0250692
111,12,22,19,0,2,05中正區,中正區林森南路與青島東路口,0,0,2,1,C03,8,3,5,50,4,1,1,5,4,5,7,2,1,10,4,4,1,3,1,46,2,9,1,1,7,6,1,10,9,11,,15,,1,22,9,121.5229133,25.043563
111,12,22,19,0,2,05中正區,中正區林森南路與青島東路口,0,0,2,2,H01,8,3,5,50,4,1,1,5,4,5,7,2,1,10,4,4,1,3,2,56,2,9,4,5,8,16,8,20,10,16,,67,,1,22,9,121.5229133,25.043563
111,12,22,19,13,2,01大同區,大同區安西街與安西街9巷口,0,0,1,1,G06,8,3,5,30,3,1,1,5,4,5,7,4,4,10,5,5,1,17,1,66,3,10,1,1,7,9,7,19,1,15,,26,,1,22,9,121.5100963,25.05950866
111,12,22,19,13,2,01大同區,大同區安西街與安西街9巷口,0,0,1,2,C03,8,3,5,30,3,1,1,5,4,5,7,4,4,10,5,5,1,17,1,34,2,9,1,1,7,9,1,10,1,12,,44,,1,22,9,121.5100963,25.05950866
111,12,22,19,16,2,03中山區,中山區民權東路3段75巷2弄與民權東路3段39巷口,0,0,2,1,F01,7,3,5,30,4,1,1,5,4,5,7,4,4,8,4,5,1,15,1,16,2,9,1,1,7,9,8,20,1,16,,6,,1,22,9,121.5424817,25.0628823
111,12,22,19,16,2,03中山區,中山區民權東路3段75巷2弄與民權東路3段39巷口,0,0,2,2,C03,7,3,5,30,4,1,1,5,4,5,7,4,4,8,4,5,1,15,1,41,2,9,3,4,7,9,1,10,1,11,,13,,1,22,9,121.5424817,25.0628823
111,12,22,19,34,2,12內湖區,內湖區行愛路與新湖一路口,0,0,1,1,B03,8,3,5,50,4,1,1,5,4,5,7,1,1,5,4,4,2,16,1,33,3,10,1,1,7,6,1,8,1,4,,6,,1,22,9,121.5817826,25.0618379
111,12,22,19,34,2,12內湖區,內湖區行愛路與新湖一路口,0,0,1,2,C04,8,3,5,50,4,1,1,5,4,5,7,1,1,5,4,4,2,16,1,33,2,9,1,1,7,5,1,8,1,12,,42,,1,22,9,121.5817826,25.0618379
111,12,22,20,0,2,06松山區,松山區復興北路463號,0,0,2,1,C03,7,1,5,50,14,9,1,5,4,5,7,1,1,1,3,5,2,17,1,24,2,9,1,1,7,6,1,10,2,12,,9,,1,22,9,121.5443495,25.06431385
111,12,22,20,0,2,06松山區,松山區復興北路463號,0,0,2,2,C04,7,1,5,50,14,9,1,5,4,5,7,1,1,1,3,5,2,17,2,39,2,9,1,1,7,9,1,10,2,11,,23,,1,22,9,121.5443495,25.06431385
111,12,22,20,27,2,08士林區,士林區福國路50巷與福國路口,0,0,1,1,C03,7,3,5,50,3,2,1,5,4,5,7,4,4,1,4,5,1,17,2,22,3,10,1,1,7,8,1,10,1,12,,7,,1,21,8,121.5238322,25.10209195
111,12,22,20,27,2,08士林區,士林區福國路50巷與福國路口,0,0,1,2,C03,7,3,5,50,3,2,1,5,4,5,7,4,4,1,4,5,1,17,1,49,2,9,1,1,7,9,1,9,1,11,,44,,1,21,8,121.5238322,25.10209195
111,12,22,20,40,2,07信義區,信義區忠孝東路5段22巷(新光三越A4停車場出口前),0,0,1,1,B03,7,1,5,50,15,9,1,5,4,5,7,4,4,5,4,5,2,17,2,44,3,10,1,1,7,1,1,8,2,8,,19,,1,22,9,121.5661607,25.0400798
111,12,22,20,40,2,07信義區,信義區忠孝東路5段22巷(新光三越A4停車場出口前),0,0,1,2,B01,7,1,5,50,15,9,1,5,4,5,7,4,4,5,4,5,2,17,1,57,3,10,1,1,7,9,1,8,2,5,,23,,1,22,9,121.5661607,25.0400798
111,12,22,20,40,2,07信義區,信義區忠孝東路5段22巷(新光三越A4停車場出口前),0,0,1,3,H02,7,1,5,50,15,9,1,5,4,5,7,4,4,5,4,5,2,17,2,14,2,1,4,1,7,19,8,20,10,16,,67,,1,22,9,121.5661607,25.0400798
111,12,22,20,59,2,01大同區,大同區承德路1段與承德路1段77巷口,0,0,3,1,C03,7,3,5,50,3,1,1,5,4,5,7,4,4,1,4,5,2,16,1,22,2,9,3,4,7,6,1,10,2,12,,9,,1,22,9,121.5175664,25.05231039
111,12,22,20,59,2,01大同區,大同區承德路1段與承德路1段77巷口,0,0,3,2,C03,7,3,5,50,3,1,1,5,4,5,7,4,4,1,4,5,2,16,1,29,2,9,3,4,7,9,1,10,2,11,,44,,1,22,9,121.5175664,25.05231039
111,12,22,20,59,2,01大同區,大同區承德路1段與承德路1段77巷口,0,0,3,3,C03,7,3,5,50,3,1,1,5,4,5,7,4,4,1,4,5,2,16,2,56,2,9,3,4,7,9,1,10,2,11,,44,,1,22,9,121.5175664,25.05231039
111,12,22,21,0,2,06松山區,松山區南京東路5段291巷15號,0,0,2,1,C03,8,3,5,30,14,9,1,5,4,5,7,4,4,8,3,5,1,16,1,66,2,9,3,1,7,1,1,10,1,14,,19,,1,22,9,121.5661739,25.05221146
111,12,22,21,0,2,06松山區,松山區南京東路5段291巷15號,0,0,2,2,C03,8,3,5,30,14,9,1,5,4,5,7,4,4,8,3,5,1,16,2,34,2,9,3,1,7,9,1,10,1,11,,44,,1,22,9,121.5661739,25.05221146
111,12,22,21,20,2,03中山區,中山區建國北路2段與長春路口,0,0,1,1,B01,7,1,5,50,4,1,1,5,4,5,7,2,1,9,4,5,2,12,1,54,3,10,3,4,7,6,1,4,1,6,,9,,1,22,9,121.5371284,25.05477002
111,12,22,21,20,2,03中山區,中山區建國北路2段與長春路口,0,0,1,2,C03,7,1,5,50,4,1,1,5,4,5,7,2,1,9,4,5,2,12,1,29,2,9,3,4,7,9,1,10,1,12,,23,,1,22,9,121.5371284,25.05477002
111,12,22,21,35,2,04大安區,大安區市民大道4段232號,0,0,1,1,B01,8,3,5,0,14,9,1,5,4,5,7,1,1,9,4,5,2,12,1,51,3,10,1,1,7,1,1,4,1,5,,43,,1,22,9,121.5565104,25.04474245
111,12,22,21,35,2,04大安區,大安區市民大道4段232號,0,0,1,2,C04,8,3,5,0,14,9,1,5,4,5,7,1,1,9,4,5,2,12,2,30,2,8,1,1,7,1,1,10,1,14,,43,,1,22,9,121.5565104,25.04474245
111,12,22,21,39,2,09北投區,北投區天母西路與天母西路117巷口,0,0,1,1,B03,8,3,5,50,3,2,1,5,4,5,7,1,1,10,5,5,2,16,1,49,3,10,1,1,7,6,1,15,2,5,,6,,1,22,9,121.5232485,25.11891068
111,12,22,21,39,2,09北投區,北投區天母西路與天母西路117巷口,0,0,1,2,C03,8,3,5,50,3,2,1,5,4,5,7,1,1,10,5,5,2,16,2,21,2,9,1,1,7,9,1,10,2,14,,23,,1,22,9,121.5232485,25.11891068
111,12,22,23,22,2,07信義區,信義區永吉路30巷與永吉路30巷158弄口,0,0,2,1,C03,8,3,5,30,4,1,1,5,4,5,7,4,4,8,3,5,2,15,1,19,2,9,1,1,7,9,1,10,1,11,,6,,1,22,9,121.5687052,25.0423252
111,12,22,23,22,2,07信義區,信義區永吉路30巷與永吉路30巷158弄口,0,0,2,2,B03,8,3,5,30,4,1,1,5,4,5,7,4,4,8,3,5,2,15,1,41,3,10,1,1,7,9,1,8,1,2,,14,,1,22,9,121.5687052,25.0423252
111,12,22,23,22,2,07信義區,信義區永吉路30巷與永吉路30巷158弄口,0,0,2,3,H02,8,3,5,30,4,1,1,5,4,5,7,4,4,8,3,5,2,15,2,18,2,9,1,5,7,20,8,20,10,16,,67,,1,22,9,121.5687052,25.0423252
111,12,22,23,34,2,07信義區,信義區松信路與虎林街120巷口,0,0,1,1,C03,8,3,5,30,4,1,1,5,4,5,7,3,1,8,3,5,2,15,1,27,2,9,1,1,7,9,1,10,1,11,,6,,1,22,9,121.5720063,25.0422731
111,12,22,23,34,2,07信義區,信義區松信路與虎林街120巷口,0,0,1,2,B03,8,3,5,30,4,1,1,5,4,5,7,3,1,8,3,5,2,15,1,59,3,10,1,1,7,9,1,8,1,8,,23,,1,22,9,121.5720063,25.0422731
111,12,23,4,49,2,08士林區,士林區中山北路5段與劍潭路口,0,0,1,1,C03,8,1,5,0,3,2,1,5,4,5,7,1,1,3,4,5,1,17,2,20,2,9,3,4,7,9,1,10,1,15,,42,,1,22,9,121.5253615,25.0840092
111,12,23,4,49,2,08士林區,士林區中山北路5段與劍潭路口,0,0,1,2,C03,8,1,5,0,3,2,1,5,4,5,7,1,1,3,4,5,1,17,4,,4,11,3,4,7,15,7,19,11,15,,44,,2,22,9,121.5253615,25.0840092
111,12,23,4,49,2,08士林區,士林區中山北路5段與劍潭路口,0,0,1,3,C03,8,1,5,0,3,2,1,5,4,5,7,1,1,3,4,5,1,17,4,,4,11,3,4,7,15,7,19,11,15,,44,,2,22,9,121.5253615,25.0840092
111,12,23,4,49,2,08士林區,士林區中山北路5段與劍潭路口,0,0,1,4,C03,8,1,5,0,3,2,1,5,4,5,7,1,1,3,4,5,1,17,4,,4,11,3,4,7,15,7,19,11,15,,44,,2,22,9,121.5253615,25.0840092
111,12,23,4,49,2,08士林區,士林區中山北路5段與劍潭路口,0,0,1,5,C03,8,1,5,0,3,2,1,5,4,5,7,1,1,3,4,5,1,17,4,,4,11,3,4,7,15,7,19,11,15,,44,,2,22,9,121.5253615,25.0840092
111,12,23,4,49,2,08士林區,士林區中山北路5段與劍潭路口,0,0,1,6,C03,8,1,5,0,3,2,1,5,4,5,7,1,1,3,4,5,1,17,4,,4,11,3,4,7,15,7,19,11,15,,44,,2,22,9,121.5253615,25.0840092
111,12,23,4,49,2,08士林區,士林區中山北路5段與劍潭路口,0,0,1,7,C03,8,1,5,0,3,2,1,5,4,5,7,1,1,3,4,5,1,17,4,,4,11,3,4,7,15,7,19,11,15,,44,,2,22,9,121.5253615,25.0840092
111,12,23,4,55,2,03中山區,中山區玉門街11號,0,0,3,1,B03,8,3,5,30,14,9,1,5,4,5,7,4,4,10,5,5,1,17,1,24,2,9,1,1,7,9,1,8,2,1,,23,,1,22,9,121.5206348,25.07304905
111,12,23,4,55,2,03中山區,中山區玉門街11號,0,0,3,5,H02,8,3,5,30,14,9,1,5,4,5,7,4,4,10,5,5,1,17,1,23,2,9,1,5,7,20,8,20,10,16,,67,,1,22,9,121.5206348,25.07304905
111,12,23,4,55,2,03中山區,中山區玉門街11號,0,0,3,6,H02,8,3,5,30,14,9,1,5,4,5,7,4,4,10,5,5,1,17,2,21,2,7,1,5,7,20,8,20,10,16,,67,,1,22,9,121.5206348,25.07304905
111,12,23,4,55,2,03中山區,中山區玉門街11號,0,0,3,2,B03,8,3,5,30,14,9,1,5,4,5,7,4,4,10,5,5,1,17,1,56,3,10,1,1,7,13,7,19,11,15,,44,,1,22,9,121.5206348,25.07304905
111,12,23,4,55,2,03中山區,中山區玉門街11號,0,0,3,3,B03,8,3,5,30,14,9,1,5,4,5,7,4,4,10,5,5,1,17,2,45,3,10,1,4,7,13,7,19,11,15,,44,,1,22,9,121.5206348,25.07304905
111,12,23,4,55,2,03中山區,中山區玉門街11號,0,0,3,4,B03,8,3,5,30,14,9,1,5,4,5,7,4,4,10,5,5,1,17,1,38,3,10,1,1,7,13,7,19,11,15,,44,,1,22,9,121.5206348,25.07304905
111,12,23,5,59,2,12內湖區,內湖區康寧路3段99巷39弄10號,0,0,1,1,F01,8,1,5,30,13,9,1,5,4,5,7,4,4,10,5,5,2,16,2,74,2,8,1,1,7,9,8,20,1,16,,4,,1,22,9,121.6102183,25.07310537
111,12,23,5,59,2,12內湖區,內湖區康寧路3段99巷39弄10號,0,0,1,2,B03,8,1,5,30,13,9,1,5,4,5,7,4,4,10,5,5,2,16,1,51,3,10,1,1,7,5,1,8,1,8,,44,,1,22,9,121.6102183,25.07310537
111,12,23,6,59,2,09北投區,北投區三合街1段82巷61弄與三合街1段82巷口,0,0,2,1,C02,8,3,5,30,4,1,1,5,4,5,7,3,1,10,5,5,2,15,1,43,2,9,1,1,7,9,1,9,1,11,,6,,1,22,9,121.5026259,25.1267933
111,12,23,6,59,2,09北投區,北投區三合街1段82巷61弄與三合街1段82巷口,0,0,2,2,C03,8,3,5,30,4,1,1,5,4,5,7,3,1,10,5,5,2,15,1,26,2,9,1,1,7,9,1,10,1,11,,13,,1,22,9,121.5026259,25.1267933
111,12,23,7,10,2,08士林區,士林區通河西街2段與社中街346巷口,0,0,1,1,B03,8,1,5,30,3,1,1,5,4,5,7,4,4,9,5,5,2,17,2,42,3,10,1,1,7,6,1,8,1,6,,6,,1,22,9,121.5047748,25.0932956
111,12,23,7,10,2,08士林區,士林區通河西街2段與社中街346巷口,0,0,1,2,C03,8,1,5,30,3,1,1,5,4,5,7,4,4,9,5,5,2,17,1,68,2,9,1,1,7,9,6,18,1,11,,23,,1,22,9,121.5047748,25.0932956
111,12,23,7,10,2,08士林區,士林區通河西街2段與社中街346巷口,0,0,1,3,B03,8,1,5,30,3,1,1,5,4,5,7,4,4,9,5,5,2,17,2,60,3,10,1,1,7,13,1,8,1,7,,38,,1,22,9,121.5047748,25.0932956
111,12,23,7,18,2,08士林區,士林區華齡街31號,0,0,1,1,F01,8,1,5,50,14,9,1,5,4,5,7,4,4,9,5,5,1,11,1,11,4,11,3,4,7,15,8,20,11,15,,42,,2,22,9,121.5194181,25.08361532
111,12,23,7,18,2,08士林區,士林區華齡街31號,0,0,1,2,C03,8,1,5,50,14,9,1,5,4,5,7,4,4,9,5,5,1,11,1,71,2,9,1,1,7,9,1,10,9,11,,23,,1,22,9,121.5194181,25.08361532
111,12,23,7,20,2,05中正區,中正區中山南路與忠孝東路1段口東南角,0,0,1,1,C03,8,1,5,50,4,1,1,5,4,5,7,2,1,5,4,1,2,12,1,36,3,10,1,1,7,7,1,10,2,14,,7,,1,22,9,121.5197083,25.04555676
111,12,23,7,20,2,05中正區,中正區中山南路與忠孝東路1段口東南角,0,0,1,2,C03,8,1,5,50,4,1,1,5,4,5,7,2,1,5,4,1,2,12,2,44,2,9,1,1,7,8,1,10,2,12,,7,,1,22,9,121.5197083,25.04555676
111,12,23,7,20,2,05中正區,中正區中山南路與忠孝東路1段口東南角,0,0,1,3,C03,8,1,5,50,4,1,1,5,4,5,7,2,1,5,4,1,2,12,1,30,3,10,1,1,7,9,1,10,2,11,,44,,1,22,9,121.5197083,25.04555676
111,12,23,7,27,2,03中山區,中山區新生北路3段河濱公園自行車引道,0,0,1,1,F01,8,1,8,0,15,22,1,5,4,5,7,4,4,10,5,5,1,17,1,45,3,10,1,1,7,11,8,20,2,16,,23,,1,22,9,121.5250872,25.07291193
111,12,23,7,27,2,03中山區,中山區新生北路3段河濱公園自行車引道,0,0,1,2,F02,8,1,8,0,15,22,1,5,4,5,7,4,4,10,5,5,1,17,2,60,2,9,1,1,7,9,8,20,2,16,,23,,1,22,9,121.5250872,25.07291193
111,12,23,7,30,2,02萬華區,萬華區西園路1段與廣州街口,0,0,1,1,F01,8,1,5,40,4,1,1,5,4,5,7,1,1,1,5,5,2,17,4,,4,11,3,4,7,15,7,19,11,15,,43,,2,22,9,121.4994595,25.03666625
111,12,23,7,30,2,02萬華區,萬華區西園路1段與廣州街口,0,0,1,2,C03,8,1,5,40,4,1,1,5,4,5,7,1,1,1,5,5,2,17,1,23,2,1,1,1,7,9,1,10,2,12,,43,,1,22,9,121.4994595,25.03666625
111,12,23,7,41,2,06松山區,松山區市民大道4段215號,0,0,3,1,C03,8,1,5,40,14,9,1,5,4,5,7,4,4,1,5,5,2,12,1,64,2,9,1,1,7,7,1,10,1,14,,7,,1,22,9,121.5531559,25.04452509
111,12,23,7,41,2,06松山區,松山區市民大道4段215號,0,0,3,2,C03,8,1,5,40,14,9,1,5,4,5,7,4,4,1,5,5,2,12,1,27,2,9,1,1,7,4,1,10,1,12,,1,,1,22,9,121.5531559,25.04452509
111,12,23,7,41,2,06松山區,松山區市民大道4段215號,0,0,3,3,H02,8,1,5,40,14,9,1,5,4,5,7,4,4,1,5,5,2,12,2,65,2,9,1,5,7,20,8,20,10,16,,67,,1,22,9,121.5531559,25.04452509
111,12,23,7,47,2,08士林區,士林區重慶北路4段141號,0,0,1,1,B03,8,1,5,50,3,2,1,5,4,5,7,4,4,1,4,4,2,16,1,40,3,10,1,1,7,6,1,8,1,2,,9,,1,22,9,121.512039,25.08304147
111,12,23,7,47,2,08士林區,士林區重慶北路4段141號,0,0,1,2,C03,8,1,5,50,3,2,1,5,4,5,7,4,4,1,4,4,2,16,2,62,2,9,1,1,7,9,1,10,1,11,,13,,1,22,9,121.512039,25.08304147
111,12,23,8,3,2,07信義區,信義區福德街268巷與福德街268巷26弄口,0,0,1,1,C03,8,1,5,30,4,1,1,5,4,5,7,4,4,9,5,5,2,15,2,43,2,9,1,1,7,9,1,10,1,11,,6,,1,22,9,121.5857154,25.0396944
111,12,23,8,3,2,07信義區,信義區福德街268巷與福德街268巷26弄口,0,0,1,2,B12,8,1,5,30,4,1,1,5,4,5,7,4,4,9,5,5,2,15,1,26,3,10,1,1,7,9,1,8,1,4,,23,,1,22,9,121.5857154,25.0396944
111,12,23,8,10,2,09北投區,北投區大業路與大業路65巷口,0,0,1,1,B03,8,1,5,50,3,1,1,5,4,5,7,2,1,1,4,5,2,16,1,38,3,10,1,1,7,6,1,8,2,2,,9,,1,22,9,121.4990745,25.1232732
111,12,23,8,10,2,09北投區,北投區大業路與大業路65巷口,0,0,1,2,C03,8,1,5,50,3,1,1,5,4,5,7,2,1,1,4,5,2,16,1,27,2,8,1,1,7,9,1,10,2,14,,44,,1,22,9,121.4990745,25.1232732
111,12,23,8,30,2,03中山區,中山區八德路2段與八德路2段146巷口,0,0,1,1,C03,8,1,5,50,14,9,1,5,4,5,7,4,4,5,4,5,2,11,2,45,2,9,1,4,7,7,1,10,2,14,,7,,1,22,9,121.5372699,25.0458724
111,12,23,8,30,2,03中山區,中山區八德路2段與八德路2段146巷口,0,0,1,2,B03,8,1,5,50,14,9,1,5,4,5,7,4,4,5,4,5,2,11,1,41,3,10,1,4,7,9,1,8,1,2,,23,,1,22,9,121.5372699,25.0458724
111,12,23,8,30,2,06松山區,松山區民權東路4段(光復北路口往西、燈桿0203199前),0,0,2,1,B03,8,1,5,50,14,9,1,5,4,5,7,4,4,1,3,5,2,12,2,38,3,10,1,1,7,8,1,8,1,5,,7,,1,22,9,121.5531332,25.06183432
111,12,23,8,30,2,06松山區,松山區民權東路4段(光復北路口往西、燈桿0203199前),0,0,2,2,C03,8,1,5,50,14,9,1,5,4,5,7,4,4,1,3,5,2,12,1,53,3,10,1,1,7,9,1,10,1,11,,44,,1,22,9,121.5531332,25.06183432
111,12,23,8,30,2,06松山區,松山區民權東路4段(光復北路口往西、燈桿0203199前),0,0,2,3,C03,8,1,5,50,14,9,1,5,4,5,7,4,4,1,3,5,2,12,2,28,2,9,1,1,7,9,1,10,1,14,,44,,1,22,9,121.5531332,25.06183432
111,12,23,8,30,2,06松山區,松山區民權東路4段(光復北路口往西、燈桿0203199前),0,0,2,4,C03,8,1,5,50,14,9,1,5,4,5,7,4,4,1,3,5,2,12,2,24,2,9,1,1,7,9,1,10,1,11,,23,,1,22,9,121.5531332,25.06183432
111,12,23,8,50,2,01大同區,大同區民族西路與延平北路3段口口,0,0,1,1,B03,8,1,5,50,4,1,1,5,4,5,7,2,1,8,3,5,2,12,2,60,3,10,1,1,7,6,1,8,1,2,,9,,1,22,9,121.5108038,25.06864017
111,12,23,8,50,2,01大同區,大同區民族西路與延平北路3段口口,0,0,1,2,C03,8,1,5,50,4,1,1,5,4,5,7,2,1,8,3,5,2,12,1,22,2,9,1,1,7,9,1,10,1,14,,17,,1,22,9,121.5108038,25.06864017
111,12,23,8,50,2,09北投區,北投區西安街2段與石牌路2段口,0,0,1,1,C03,8,1,5,50,4,1,1,5,4,5,7,1,1,1,4,5,2,17,1,52,4,11,3,4,7,10,7,19,11,15,,7,,2,22,9,121.5148462,25.1151247
111,12,23,8,50,2,09北投區,北投區西安街2段與石牌路2段口,0,0,1,2,C03,8,1,5,50,4,1,1,5,4,5,7,1,1,1,4,5,2,17,1,41,2,9,1,1,7,9,1,10,1,14,,44,,1,22,9,121.5148462,25.1151247
111,12,23,9,15,2,04大安區,大安區辛亥路2段171巷口側附近,0,0,1,1,C03,8,1,5,30,15,20,4,5,4,5,7,2,1,10,5,5,2,16,1,42,3,10,1,1,7,5,1,10,1,11,,42,,1,22,9,121.5411118,25.02155879
111,12,23,9,15,2,04大安區,大安區辛亥路2段171巷口側附近,0,0,1,2,F01,8,1,5,30,15,20,4,5,4,5,7,2,1,10,5,5,2,16,2,20,2,9,1,1,7,9,8,20,1,16,,42,,1,22,9,121.5411118,25.02155879
111,12,23,9,15,2,04大安區,大安區基隆路3段與樂業街口,0,0,1,1,B03,8,1,5,50,4,1,1,5,4,5,7,2,1,1,4,5,2,17,2,46,3,10,1,4,7,11,1,8,1,2,,26,,1,22,9,121.5503352,25.0223399
111,12,23,9,15,2,04大安區,大安區基隆路3段與樂業街口,0,0,1,2,C03,8,1,5,50,4,1,1,5,4,5,7,2,1,1,4,5,2,17,2,27,3,10,1,1,7,9,1,10,1,11,,44,,1,22,9,121.5503352,25.0223399
111,12,23,9,15,2,04大安區,大安區基隆路3段與樂業街口,0,0,1,3,C03,8,1,5,50,4,1,1,5,4,5,7,2,1,1,4,5,2,17,1,58,2,7,1,1,7,9,1,10,1,11,,44,,1,22,9,121.5503352,25.0223399