發生年度,發生月,發生日,發生時-Hours,發生分,處理別-編號,區序,肇事地點,死亡人數,2-30日死亡人數,受傷人數,當事人序號,車種,天候,光線,道路類別,速限-速度限制,道路型態,事故位置,路面狀況1,路面狀況2,路面狀況3,道路障礙1,道路障礙2,號誌1,號誌2,車道劃分-分向,車道劃分-分道1,車道劃分-分道2,車道劃分-分道3,事故類型及型態,性別,年齡,受傷程度,主要傷處,安全帽,行動電話,車輛用途,當事者行動狀態,駕駛資格情形,駕駛執照種類,飲酒情形,車輛撞擊部位1,車輛撞擊部位2,肇因碼-個別,肇因碼-主要,個人肇逃否,職業,旅次目的,座標-X,座標-Y
111,12,23,10,6,2,06松山區,松山區市民大道4段251號,0,0,1,1,B03,8,1,5,40,14,9,1,5,4,5,7,4,4,1,4,5,2,16,2,42,3,10,1,1,7,11,1,8,1,5,,6,,1,22,9,121.5540821,25.0445477
111,12,23,10,6,2,06松山區,松山區市民大道4段251號,0,0,1,2,C03,8,1,5,40,14,9,1,5,4,5,7,4,4,1,4,5,2,16,1,35,2,9,1,1,7,9,1,10,1,11,,13,,1,22,9,121.5540821,25.0445477
111,12,23,10,10,2,12內湖區,內湖區安泰街10號,0,0,1,1,C03,8,1,5,30,14,9,1,5,4,5,7,4,4,10,5,5,2,18,2,63,2,9,3,4,7,9,1,10,1,15,,43,,1,22,9,121.6191768,25.07340214
111,12,23,10,10,2,12內湖區,內湖區安泰街10號,0,0,1,2,,8,1,5,30,14,9,1,5,4,5,7,4,4,10,5,5,2,18,3,,,,,,,,,,,,,67,,1,,,121.6191768,25.07340214
111,12,23,10,37,2,03中山區,中山區南京東路2段與新生北路2段口,0,0,1,2,C03,8,1,5,50,4,2,1,5,4,5,7,1,1,1,4,4,2,16,1,29,2,9,1,1,7,9,1,10,1,12,,23,,1,22,9,121.5286215,25.0522411
111,12,23,10,37,2,03中山區,中山區南京東路2段與新生北路2段口,0,0,1,1,B01,8,1,5,50,4,2,1,5,4,5,7,1,1,1,4,4,2,16,1,60,4,11,3,4,7,7,7,19,11,15,,7,,2,22,9,121.5286215,25.0522411
111,12,23,11,15,2,12內湖區,內湖區金龍路與內湖路3段口,0,0,1,1,C03,8,1,5,50,4,1,1,5,4,5,7,2,1,5,4,5,2,13,1,25,2,9,1,1,7,9,1,10,1,11,,16,,1,22,9,121.5926564,25.08500048
111,12,23,11,15,2,12內湖區,內湖區金龍路與內湖路3段口,0,0,1,2,C03,8,1,5,50,4,1,1,5,4,5,7,2,1,5,4,5,2,13,1,39,3,10,1,1,7,9,1,10,1,13,,44,,1,22,9,121.5926564,25.08500048
111,12,23,11,15,2,12內湖區,內湖區金龍路與內湖路3段口,0,0,1,3,H03,8,1,5,50,4,1,1,5,4,5,7,2,1,5,4,5,2,13,1,46,3,10,3,5,8,20,8,20,10,16,,60,,1,22,9,121.5926564,25.08500048
111,12,23,11,24,2,09北投區,北投區明德路與明德路136巷口,0,0,1,1,C03,8,1,5,50,3,1,1,5,4,5,7,4,4,5,5,5,2,16,2,48,3,10,1,1,7,1,1,10,1,12,,19,,1,22,9,121.5204645,25.1102948
111,12,23,11,24,2,09北投區,北投區明德路與明德路136巷口,0,0,1,2,C03,8,1,5,50,3,1,1,5,4,5,7,4,4,5,5,5,2,16,1,47,2,8,1,1,7,9,1,10,1,14,,44,,1,22,9,121.5204645,25.1102948
111,12,23,11,31,2,11南港區,南港區興中路與興中路口南港車站東1B出口,0,0,1,1,B03,8,1,5,50,14,9,1,5,4,5,7,4,4,9,4,5,2,12,1,76,3,10,1,1,7,11,1,8,1,4,,10,,1,22,9,121.6078494,25.05267584
111,12,23,11,31,2,11南港區,南港區興中路與興中路口南港車站東1B出口,0,0,1,2,C03,8,1,5,50,14,9,1,5,4,5,7,4,4,9,4,5,2,12,1,46,2,9,1,1,7,9,1,10,1,12,,44,,1,22,9,121.6078494,25.05267584
111,12,23,11,52,2,04大安區,大安區延吉街135-3號,0,0,1,1,B03,8,1,5,50,14,9,1,5,4,5,7,4,4,5,2,5,2,12,1,55,3,10,1,1,7,13,1,8,1,4,,40,,1,22,9,121.554308,25.04201577
111,12,23,11,52,2,04大安區,大安區延吉街135-3號,0,0,1,2,C03,8,1,5,50,14,9,1,5,4,5,7,4,4,5,2,5,2,12,1,27,2,7,1,1,7,9,1,10,1,11,,44,,1,22,9,121.554308,25.04201577
111,12,23,12,13,2,09北投區,北投區東華街2段與致遠三路口,0,0,2,1,C03,7,1,5,50,4,1,1,5,4,5,7,2,1,10,4,5,2,17,2,21,2,9,1,1,7,5,1,10,1,14,,8,,1,22,9,121.5135309,25.1177714
111,12,23,12,13,2,09北投區,北投區東華街2段與致遠三路口,0,0,2,2,C03,7,1,5,50,4,1,1,5,4,5,7,2,1,10,4,5,2,17,1,19,2,9,1,1,7,9,1,10,1,12,,23,,1,22,9,121.5135309,25.1177714
111,12,23,12,27,2,05中正區,中正區信義路1段與林森南路口,0,0,1,1,B01,8,1,5,50,3,1,1,5,4,5,7,1,1,10,4,1,1,16,1,62,3,10,1,1,7,5,1,4,2,1,,8,,1,22,9,121.5212147,25.03707084
111,12,23,12,27,2,05中正區,中正區信義路1段與林森南路口,0,0,1,2,F01,8,1,5,50,3,1,1,5,4,5,7,1,1,10,4,1,1,16,1,53,2,9,1,1,7,9,8,20,2,16,,44,,1,22,9,121.5212147,25.03707084
111,12,23,12,34,2,08士林區,士林區延平北路8段延平河濱235燈桿,0,0,1,1,C03,8,1,5,40,14,9,1,5,4,5,7,4,4,10,5,5,1,13,1,19,2,9,1,1,7,4,1,10,2,11,,16,,1,22,9,121.4831653,25.11174625
111,12,23,12,34,2,08士林區,士林區延平北路8段延平河濱235燈桿,0,0,1,2,B03,8,1,5,40,14,9,1,5,4,5,7,4,4,10,5,5,1,13,1,45,3,10,1,1,7,4,1,8,2,3,,42,,1,22,9,121.4831653,25.11174625
111,12,23,12,39,2,10文山區,文山區木新路2段275號前,0,0,1,1,B03,7,1,5,0,14,9,1,5,4,5,7,4,4,5,2,5,2,17,1,41,3,10,3,4,7,13,1,8,2,4,,40,,1,22,9,121.5659779,24.98300768
111,12,23,12,39,2,10文山區,文山區木新路2段275號前,0,0,1,2,C03,7,1,5,0,14,9,1,5,4,5,7,4,4,5,2,5,2,17,2,21,2,9,3,4,7,9,1,10,2,12,,13,,1,22,9,121.5659779,24.98300768
111,12,23,13,2,2,02萬華區,萬華區桂林路與柳州街口,0,0,2,1,B03,8,1,5,50,4,1,1,5,4,5,7,1,1,8,3,5,2,16,1,67,3,10,3,4,7,6,1,8,1,2,,6,,1,22,9,121.5050808,25.0377372
111,12,23,13,2,2,02萬華區,萬華區桂林路與柳州街口,0,0,2,2,C03,8,1,5,50,4,1,1,5,4,5,7,1,1,8,3,5,2,16,1,18,2,9,1,4,7,9,1,10,1,14,,44,,1,22,9,121.5050808,25.0377372
111,12,23,13,2,2,02萬華區,萬華區桂林路與柳州街口,0,0,2,3,H02,8,1,5,50,4,1,1,5,4,5,7,1,1,8,3,5,2,16,2,19,2,9,4,5,7,20,8,20,10,16,,67,,1,22,9,121.5050808,25.0377372
111,12,23,13,9,2,05中正區,中正區羅斯福路3段128巷與羅斯福路3段128巷36弄口口,0,0,2,1,C04,8,1,5,30,4,1,1,5,4,5,7,4,4,10,5,5,1,17,2,22,2,9,1,1,7,9,1,10,2,11,,6,,1,22,9,121.5269992,25.02023703
111,12,23,13,9,2,05中正區,中正區羅斯福路3段128巷與羅斯福路3段128巷36弄口口,0,0,2,2,C03,8,1,5,30,4,1,1,5,4,5,7,4,4,10,5,5,1,17,1,82,2,9,1,1,7,9,1,10,2,14,,44,,1,22,9,121.5269992,25.02023703
111,12,23,13,9,2,05中正區,中正區羅斯福路3段128巷與羅斯福路3段128巷36弄口口,0,0,2,3,H02,8,1,5,30,4,1,1,5,4,5,7,4,4,10,5,5,1,17,2,20,4,11,1,1,7,20,8,20,10,16,,67,,1,22,9,121.5269992,25.02023703
111,12,23,13,10,2,11南港區,南港區向陽路與向陽路162巷口,0,0,1,1,B03,8,1,5,50,3,2,1,5,4,5,7,4,4,1,4,5,2,12,1,57,3,10,1,1,7,8,1,8,1,2,,7,,1,22,9,121.5943268,25.055432
111,12,23,13,10,2,11南港區,南港區向陽路與向陽路162巷口,0,0,1,2,C03,8,1,5,50,3,2,1,5,4,5,7,4,4,1,4,5,2,12,2,36,2,9,1,1,7,9,1,10,1,14,,44,,1,22,9,121.5943268,25.055432
111,12,23,13,25,2,03中山區,中山區長安東路2段與建國北路2段口,0,0,1,1,C03,8,1,5,50,4,1,1,5,4,5,7,2,1,1,4,5,2,12,1,62,2,9,3,4,7,9,1,10,1,14,,42,,1,22,9,121.5365529,25.04832831
111,12,23,13,25,2,03中山區,中山區長安東路2段與建國北路2段口,0,0,1,2,B01,8,1,5,50,4,1,1,5,4,5,7,2,1,1,4,5,2,12,1,55,3,10,3,4,7,6,1,4,1,2,,9,,1,22,9,121.5365529,25.04832831
111,12,23,13,28,2,03中山區,中山區中山北路2段與中山北路2段137巷口,0,0,1,1,B02,7,1,5,30,13,9,1,5,4,5,5,4,4,1,4,1,2,17,2,31,3,10,1,4,7,6,1,8,1,15,,6,,1,22,9,121.5225024,25.056632
111,12,23,13,28,2,03中山區,中山區中山北路2段與中山北路2段137巷口,0,0,1,2,C03,7,1,5,30,13,9,1,5,4,5,5,4,4,1,4,1,2,17,2,18,2,9,1,4,7,9,1,10,1,15,,44,,1,22,9,121.5225024,25.056632
111,12,23,13,28,2,03中山區,中山區中山北路2段與中山北路2段137巷口,0,0,1,3,B11,7,1,5,30,13,9,1,5,4,5,5,4,4,1,4,1,2,17,1,31,3,10,1,4,7,13,1,3,11,15,,38,,1,22,9,121.5225024,25.056632
111,12,23,13,40,2,05中正區,中正區重慶南路2段與重慶南路2段7巷口,0,0,2,1,C03,8,1,5,50,3,1,1,5,4,5,7,4,4,1,4,5,2,17,1,30,2,9,1,1,7,6,1,10,1,12,,9,,1,22,9,121.5137253,25.03318722
111,12,23,13,40,2,05中正區,中正區重慶南路2段與重慶南路2段7巷口,0,0,2,2,C03,8,1,5,50,3,1,1,5,4,5,7,4,4,1,4,5,2,17,2,51,2,9,1,1,7,9,1,10,1,11,,44,,1,22,9,121.5137253,25.03318722
111,12,23,13,40,2,05中正區,中正區和平西路2段68號對面,0,0,1,1,A02,8,1,5,50,14,9,1,5,4,5,7,4,4,1,4,5,2,12,1,52,3,10,1,1,7,7,1,2,1,4,,7,,1,22,9,121.5116252,25.0293297
111,12,23,13,40,2,05中正區,中正區和平西路2段68號對面,0,0,1,2,C03,8,1,5,50,14,9,1,5,4,5,7,4,4,1,4,5,2,12,2,34,2,9,1,1,7,9,1,10,1,12,,23,,1,22,9,121.5116252,25.0293297
111,12,23,13,43,2,07信義區,信義區信義路5段150巷與信義路5段150巷342弄口,0,0,3,1,C03,8,1,5,30,4,2,1,5,4,5,7,3,1,10,5,5,2,15,2,49,2,8,1,1,7,9,1,10,1,11,,6,,1,22,9,121.5703189,25.02600063
111,12,23,13,43,2,07信義區,信義區信義路5段150巷與信義路5段150巷342弄口,0,0,3,2,C03,8,1,5,30,4,2,1,5,4,5,7,3,1,10,5,5,2,15,1,18,2,8,1,1,7,9,3,18,1,13,,14,,1,22,9,121.5703189,25.02600063
111,12,23,13,43,2,07信義區,信義區信義路5段150巷與信義路5段150巷342弄口,0,0,3,3,H02,8,1,5,30,4,2,1,5,4,5,7,3,1,10,5,5,2,15,2,20,2,8,1,5,7,20,8,20,10,16,,67,,1,22,9,121.5703189,25.02600063
111,12,23,13,50,2,03中山區,中山區民生東路3段與復興北路口,0,0,2,1,C03,8,1,5,50,4,1,1,5,4,5,7,1,1,1,3,5,1,16,2,18,2,9,3,4,7,8,1,10,1,12,,7,,1,22,9,121.5440278,25.05774172
111,12,23,13,50,2,03中山區,中山區民生東路3段與復興北路口,0,0,2,2,C03,8,1,5,50,4,1,1,5,4,5,7,1,1,1,3,5,1,16,1,64,2,9,3,4,7,9,1,10,1,14,,44,,1,22,9,121.5440278,25.05774172
111,12,23,14,23,2,12內湖區,內湖區行善路65號,0,0,1,1,C03,8,1,5,50,14,9,1,5,4,5,7,4,4,9,5,5,2,17,1,38,2,9,1,1,7,9,1,10,1,11,,16,,1,22,9,121.5781211,25.05784182
111,12,23,14,23,2,12內湖區,內湖區行善路65號,0,0,1,2,C03,8,1,5,50,14,9,1,5,4,5,7,4,4,9,5,5,2,17,1,42,3,10,1,1,7,12,1,10,1,13,,42,,1,22,9,121.5781211,25.05784182
111,12,23,14,24,2,05中正區,中正區重慶南路1段與襄陽路口,0,0,2,1,C03,8,1,5,50,3,1,1,5,4,5,7,1,1,10,5,5,1,12,2,39,2,9,1,1,7,5,1,10,2,14,,8,,1,22,9,121.5132103,25.0434494
111,12,23,14,24,2,05中正區,中正區重慶南路1段與襄陽路口,0,0,2,2,C03,8,1,5,50,3,1,1,5,4,5,7,1,1,10,5,5,1,12,2,20,2,9,1,1,7,9,1,10,2,11,,26,,1,22,9,121.5132103,25.0434494
111,12,23,14,48,2,03中山區,中山區北安路與北安路554巷口,0,0,2,1,C03,8,1,5,50,3,1,1,5,4,5,7,2,1,1,3,5,2,13,2,41,2,9,3,4,7,9,1,10,1,11,,16,,1,22,9,121.5480942,25.0803689
111,12,23,14,48,2,03中山區,中山區北安路與北安路554巷口,0,0,2,2,C03,8,1,5,50,3,1,1,5,4,5,7,2,1,1,3,5,2,13,2,22,2,9,3,4,7,12,1,10,1,13,,44,,1,22,9,121.5480942,25.0803689
111,12,23,14,48,2,03中山區,中山區北安路與北安路554巷口,0,0,2,3,B03,8,1,5,50,3,1,1,5,4,5,7,2,1,1,3,5,2,13,1,25,3,10,3,4,7,6,1,8,1,15,,9,,1,22,9,121.5480942,25.0803689
111,12,23,14,49,2,08士林區,士林區延平北路7段18-2號後門,0,0,1,1,B03,8,1,8,30,15,22,1,5,4,5,7,3,1,10,5,5,2,17,1,40,3,10,1,1,7,5,1,8,2,8,,8,,1,22,9,121.5003793,25.09515545
111,12,23,14,49,2,08士林區,士林區延平北路7段18-2號後門,0,0,1,2,C03,8,1,8,30,15,22,1,5,4,5,7,3,1,10,5,5,2,17,2,26,2,8,1,1,7,9,1,10,2,11,,13,,1,22,9,121.5003793,25.09515545
111,12,23,14,55,2,07信義區,信義區松仁路1號,0,0,1,1,H01,8,1,5,50,14,9,1,5,4,5,7,4,4,1,4,5,2,6,1,58,2,1,4,5,8,18,8,20,10,16,,53,,1,22,9,121.5684355,25.0405245
111,12,23,14,55,2,07信義區,信義區松仁路1號,0,0,1,2,B03,8,1,5,50,14,9,1,5,4,5,7,4,4,1,4,5,2,6,1,52,3,10,1,1,7,9,1,8,1,2,,44,,1,22,9,121.5684355,25.0405245
111,12,23,15,0,2,01大同區,大同區承德路3段與民族西路口,0,0,1,1,B02,8,1,5,50,4,1,1,5,4,5,7,2,1,5,5,5,2,16,1,56,3,10,1,1,7,5,1,8,2,2,,6,,1,22,9,121.5183351,25.06849335
111,12,23,15,0,2,01大同區,大同區承德路3段與民族西路口,0,0,1,2,C03,8,1,5,50,4,1,1,5,4,5,7,2,1,5,5,5,2,16,1,19,2,9,1,1,7,9,1,10,1,11,,44,,1,22,9,121.5183351,25.06849335
111,12,23,15,0,2,08士林區,士林區天母西路與天母西路83巷口口,0,0,1,1,C03,8,1,5,50,4,1,1,5,4,5,7,4,4,5,5,5,1,13,1,19,2,9,1,1,7,9,1,10,1,11,,16,,1,22,9,121.5250033,25.11847996
111,12,23,15,0,2,08士林區,士林區天母西路與天母西路83巷口口,0,0,1,2,B03,8,1,5,50,4,1,1,5,4,5,7,4,4,5,5,5,1,13,1,37,3,10,1,1,7,3,1,8,1,6,,44,,1,22,9,121.5250033,25.11847996
111,12,23,15,14,2,03中山區,中山區建國北路3段93巷7弄與建國北路3段113巷口,0,0,1,1,B03,8,1,5,50,5,1,1,5,4,5,7,3,1,4,5,5,1,16,1,75,3,10,3,4,7,6,1,8,2,8,,9,,1,22,9,121.5363005,25.0668421
111,12,23,15,14,2,03中山區,中山區建國北路3段93巷7弄與建國北路3段113巷口,0,0,1,2,C03,8,1,5,50,5,1,1,5,4,5,7,3,1,4,5,5,1,16,1,56,2,7,1,4,7,5,1,10,2,12,,8,,1,22,9,121.5363005,25.0668421
111,12,23,15,14,2,08士林區,士林區承德路5段與中正路口,0,0,1,1,C03,8,1,5,50,14,9,1,5,4,5,7,1,1,1,4,5,2,13,2,19,2,9,1,1,7,9,1,10,1,11,,23,,1,22,9,121.5164582,25.09112557
111,12,23,15,14,2,08士林區,士林區承德路5段與中正路口,0,0,1,2,B01,8,1,5,50,14,9,1,5,4,5,7,1,1,1,4,5,2,13,1,65,3,10,1,1,7,12,1,8,1,3,,44,,1,22,9,121.5164582,25.09112557
111,12,23,15,24,2,08士林區,士林區雨聲街105號,0,0,1,1,B03,8,1,5,30,14,9,1,5,4,5,7,2,1,4,3,5,1,17,1,26,3,10,1,1,7,5,1,8,1,1,,6,,1,22,9,121.5311534,25.1046553
111,12,23,15,24,2,08士林區,士林區雨聲街105號,0,0,1,2,C03,8,1,5,30,14,9,1,5,4,5,7,2,1,4,3,5,1,17,1,51,3,10,1,1,7,9,1,10,1,14,,44,,1,22,9,121.5311534,25.1046553
111,12,23,15,24,2,08士林區,士林區雨聲街105號,0,0,1,3,H02,8,1,5,30,14,9,1,5,4,5,7,2,1,4,3,5,1,17,2,19,2,8,1,5,7,17,8,20,10,16,,67,,1,22,9,121.5311534,25.1046553
111,12,23,15,30,2,11南港區,南港區八德路4段927號,0,0,1,1,C03,8,1,5,50,14,9,1,5,4,5,6,4,4,9,4,5,2,17,1,26,2,9,1,4,7,8,1,10,2,13,,7,,1,22,9,121.5818492,25.0514019
111,12,23,15,30,2,11南港區,南港區八德路4段927號,0,0,1,2,A02,8,1,5,50,14,9,1,5,4,5,6,4,4,9,4,5,2,17,1,44,3,10,1,4,7,9,1,2,2,1,,44,,1,22,9,121.5818492,25.0514019
111,12,23,15,37,2,03中山區,中山區松江路與長安東路2段口,0,0,1,1,C03,8,1,5,50,4,1,1,5,4,5,7,1,1,1,4,5,2,12,2,46,4,11,3,4,7,15,7,19,11,15,,23,,2,22,9,121.533084,25.04831234
111,12,23,15,37,2,03中山區,中山區松江路與長安東路2段口,0,0,1,2,C03,8,1,5,50,4,1,1,5,4,5,7,1,1,1,4,5,2,12,1,33,2,8,1,4,7,14,1,10,1,15,,44,,1,22,9,121.533084,25.04831234
111,12,23,15,40,2,11南港區,南港區忠孝東路7段415巷與忠孝東路7段口083燈桿前,0,0,1,1,C03,8,2,5,50,5,2,1,5,4,5,7,4,4,10,3,5,1,13,1,49,2,9,3,4,7,9,6,18,8,11,,21,,1,22,9,121.6095661,25.05245727
111,12,23,15,40,2,11南港區,南港區忠孝東路7段415巷與忠孝東路7段口083燈桿前,0,0,1,2,B02,8,2,5,50,5,2,1,5,4,5,7,4,4,10,3,5,1,13,2,29,3,10,3,4,7,14,1,8,2,6,,44,,1,22,9,121.6095661,25.05245727
111,12,23,15,41,2,01大同區,大同區重慶北路3段250號,0,0,1,1,B02,8,1,5,50,14,9,1,5,4,5,7,4,4,1,4,5,2,17,2,42,3,10,1,1,7,8,1,8,2,2,,7,,1,22,9,121.513671,25.0709262
111,12,23,15,41,2,01大同區,大同區重慶北路3段250號,0,0,1,2,C03,8,1,5,50,14,9,1,5,4,5,7,4,4,1,4,5,2,17,1,47,2,9,1,1,7,9,1,10,2,11,,44,,1,22,9,121.513671,25.0709262
111,12,23,15,50,2,11南港區,南港區研究院路1段與研究院路1段101巷口,0,0,1,1,B03,8,1,5,50,4,2,1,5,4,5,7,1,1,9,4,5,2,11,2,52,3,10,1,1,7,5,1,8,2,2,,6,,1,22,9,121.6160004,25.0519217
111,12,23,15,50,2,11南港區,南港區研究院路1段與研究院路1段101巷口,0,0,1,2,C03,8,1,5,50,4,2,1,5,4,5,7,1,1,9,4,5,2,11,1,22,2,8,1,1,7,9,1,10,2,11,,13,,1,22,9,121.6160004,25.0519217
111,12,23,16,26,2,04大安區,大安區師大路與師大路117巷口,0,0,2,1,C03,8,1,5,30,4,1,1,5,4,5,7,4,4,10,5,5,2,15,2,39,2,9,1,1,7,9,1,10,1,11,,6,,1,22,9,121.5283576,25.0221866
111,12,23,16,26,2,04大安區,大安區師大路與師大路117巷口,0,0,2,2,C03,8,1,5,30,4,1,1,5,4,5,7,4,4,10,5,5,2,15,1,31,2,9,1,1,7,9,1,10,1,12,,23,,1,22,9,121.5283576,25.0221866
111,12,23,16,30,2,12內湖區,內湖區內湖路2段179巷242號,0,0,2,1,C03,8,1,5,50,14,9,1,5,4,5,7,4,4,4,4,5,1,13,1,20,2,9,3,4,7,9,1,10,1,11,,16,,1,22,9,121.5852085,25.0842883
111,12,23,16,30,2,12內湖區,內湖區內湖路2段179巷242號,0,0,2,2,C03,8,1,5,50,14,9,1,5,4,5,7,4,4,4,4,5,1,13,1,21,2,9,3,4,7,14,1,10,1,13,,67,,1,22,9,121.5852085,25.0842883
111,12,23,16,30,2,07信義區,信義區松山路179號,0,0,1,1,A02,8,1,5,50,14,9,1,5,4,3,7,4,4,1,4,5,2,9,1,54,3,10,1,1,7,7,1,2,11,2,,14,,1,21,8,121.5778518,25.04592784
111,12,23,16,30,2,07信義區,信義區松山路179號,0,0,1,2,H02,8,1,5,50,14,9,1,5,4,3,7,4,4,1,4,5,2,9,2,81,2,1,2,5,7,20,8,20,10,16,,60,,1,21,8,121.5778518,25.04592784
111,12,23,16,49,2,11南港區,南港區南港路1段與研究院路1段口,0,0,1,1,C03,8,1,5,50,4,1,1,5,4,5,7,2,1,10,5,5,2,11,2,35,2,9,3,4,7,8,6,18,1,11,,7,,1,22,9,121.616568,25.05510809
111,12,23,16,49,2,11南港區,南港區南港路1段與研究院路1段口,0,0,1,2,C03,8,1,5,50,4,1,1,5,4,5,7,2,1,10,5,5,2,11,1,28,3,10,3,4,7,9,1,10,1,13,,44,,1,22,9,121.616568,25.05510809
111,12,23,16,57,2,05中正區,中正區寧波西街與牯嶺街口,0,0,1,1,C03,8,1,5,50,4,1,1,5,4,5,7,1,1,10,4,5,2,17,1,50,3,10,1,1,7,6,1,10,2,12,,9,,1,22,9,121.5164385,25.03003047
111,12,23,16,57,2,05中正區,中正區寧波西街與牯嶺街口,0,0,1,2,C03,8,1,5,50,4,1,1,5,4,5,7,1,1,10,4,5,2,17,2,41,2,9,1,1,7,9,1,10,2,14,,44,,1,22,9,121.5164385,25.03003047
111,12,23,17,0,2,03中山區,中山區市民大道1段與中山北路1段口,0,0,1,1,C03,8,1,5,40,14,9,1,5,4,5,7,1,1,1,3,5,1,13,2,40,2,7,1,4,7,14,1,10,2,13,,43,,1,22,9,121.5200466,25.04833269
111,12,23,17,0,2,03中山區,中山區市民大道1段與中山北路1段口,0,0,1,2,C03,8,1,5,40,14,9,1,5,4,5,7,1,1,1,3,5,1,13,2,42,3,10,1,4,7,14,1,8,2,13,,43,,1,22,9,121.5200466,25.04833269
111,12,23,17,0,2,03中山區,中山區市民大道1段與中山北路1段口,0,0,1,3,,8,1,5,40,14,9,1,5,4,5,7,1,1,1,3,5,1,13,4,,4,11,3,4,7,15,7,19,11,15,,43,,2,22,9,121.5200466,25.04833269
111,12,23,17,0,2,07信義區,信義區永吉路與松信路口,0,0,1,1,,8,1,5,50,4,2,1,5,4,5,7,2,1,1,4,5,2,17,4,,4,11,3,4,7,15,7,19,11,15,,43,,2,22,9,121.5719675,25.0456876
111,12,23,17,0,2,07信義區,信義區永吉路與松信路口,0,0,1,2,C03,8,1,5,50,4,2,1,5,4,5,7,2,1,1,4,5,2,17,1,66,2,9,1,1,7,9,1,10,1,14,,43,,1,22,9,121.5719675,25.0456876
111,12,23,17,2,2,07信義區,信義區基隆路2段與信義路5段口,0,0,1,1,B03,8,1,5,50,4,2,1,5,4,5,7,4,4,1,4,5,2,17,1,42,3,10,3,4,7,6,1,8,2,6,,9,,1,22,9,121.5596443,25.032953
111,12,23,17,2,2,07信義區,信義區基隆路2段與信義路5段口,0,0,1,2,C03,8,1,5,50,4,2,1,5,4,5,7,4,4,1,4,5,2,17,1,19,2,8,3,4,7,9,1,10,2,11,,26,,1,22,9,121.5596443,25.032953
111,12,23,17,15,2,08士林區,士林區天母東路8巷與天母東路8巷30弄口口,0,0,1,1,B12,7,2,5,30,4,1,1,5,4,5,7,4,4,10,5,5,1,15,1,63,3,10,1,1,7,1,1,8,1,1,,6,,1,22,9,121.5317692,25.11734987
111,12,23,17,15,2,08士林區,士林區天母東路8巷與天母東路8巷30弄口口,0,0,1,2,C04,7,2,5,30,4,1,1,5,4,5,7,4,4,10,5,5,1,15,2,64,2,9,1,1,7,9,1,10,1,11,,23,,1,22,9,121.5317692,25.11734987
111,12,23,17,20,2,06松山區,松山區八德路3段與延吉街口,0,0,1,1,C03,8,1,5,50,4,1,1,5,4,5,7,1,1,9,4,5,2,17,1,60,4,11,3,4,7,5,7,19,11,15,,8,,2,22,9,121.5533347,25.04819968
111,12,23,17,20,2,06松山區,松山區八德路3段與延吉街口,0,0,1,2,C03,8,1,5,50,4,1,1,5,4,5,7,1,1,9,4,5,2,17,1,45,2,9,1,1,7,9,1,10,9,14,,44,,1,22,9,121.5533347,25.04819968
111,12,23,17,30,2,02萬華區,萬華區西藏路125巷與中華路2段416巷口,0,0,2,1,F01,7,2,5,30,4,2,1,5,4,5,7,1,1,8,5,5,1,16,2,70,2,9,1,1,7,11,8,20,1,16,,4,,1,22,9,121.5031024,25.02674468
111,12,23,17,30,2,02萬華區,萬華區西藏路125巷與中華路2段416巷口,0,0,2,2,C03,7,2,5,30,4,2,1,5,4,5,7,1,1,8,5,5,1,16,2,55,2,9,3,4,7,9,1,10,1,11,,23,,1,22,9,121.5031024,25.02674468
111,12,23,17,30,2,06松山區,松山區八德路3段108號,0,0,2,1,C03,8,3,5,50,14,9,1,5,4,5,7,4,4,9,4,5,2,3,1,25,2,9,1,1,7,9,1,10,2,15,,15,,1,22,9,121.5537307,25.04816397
111,12,23,17,30,2,06松山區,松山區八德路3段108號,0,0,2,2,H01,8,3,5,50,14,9,1,5,4,5,7,4,4,9,4,5,2,3,2,39,2,9,4,5,8,16,8,20,10,16,,67,,1,22,9,121.5537307,25.04816397
111,12,23,17,41,2,08士林區,士林區德行東路與德行東路132巷口,0,0,1,2,C03,8,3,8,30,15,22,1,5,4,5,7,4,4,5,4,5,2,17,1,56,2,7,1,1,7,9,1,10,1,12,,14,,1,22,9,121.5291233,25.10792621
111,12,23,17,41,2,08士林區,士林區德行東路與德行東路132巷口,0,0,1,1,C03,8,3,8,30,15,22,1,5,4,5,7,4,4,5,4,5,2,17,2,34,3,10,1,1,7,9,1,10,1,15,,6,,1,22,9,121.5291233,25.10792621
111,12,23,17,50,2,05中正區,中正區信義路1段13號,0,0,1,1,B03,8,2,5,40,14,9,1,5,4,5,7,1,1,1,4,5,2,12,1,53,3,10,1,1,7,5,1,8,2,8,,8,,1,22,9,121.5227773,25.0362883
111,12,23,17,50,2,05中正區,中正區信義路1段13號,0,0,1,2,C03,8,2,5,40,14,9,1,5,4,5,7,1,1,1,4,5,2,12,1,46,2,9,1,1,7,5,1,10,2,12,,44,,1,22,9,121.5227773,25.0362883
111,12,23,17,58,2,01大同區,大同區延平北路3段與昌吉街口,0,0,1,1,C03,8,2,5,50,4,1,1,5,4,5,7,1,1,5,4,5,2,17,1,48,3,10,1,1,7,5,1,10,1,11,,6,,1,22,9,121.5110262,25.0659334