發生年度,發生月,發生日,發生時-Hours,發生分,處理別-編號,區序,肇事地點,死亡人數,2-30日死亡人數,受傷人數,當事人序號,車種,天候,光線,道路類別,速限-速度限制,道路型態,事故位置,路面狀況1,路面狀況2,路面狀況3,道路障礙1,道路障礙2,號誌1,號誌2,車道劃分-分向,車道劃分-分道1,車道劃分-分道2,車道劃分-分道3,事故類型及型態,性別,年齡,受傷程度,主要傷處,安全帽,行動電話,車輛用途,當事者行動狀態,駕駛資格情形,駕駛執照種類,飲酒情形,車輛撞擊部位1,車輛撞擊部位2,肇因碼-個別,肇因碼-主要,個人肇逃否,職業,旅次目的,座標-X,座標-Y
111,12,23,17,58,2,01大同區,大同區延平北路3段與昌吉街口,0,0,1,2,C03,8,2,5,50,4,1,1,5,4,5,7,1,1,5,4,5,2,17,2,32,2,9,1,1,7,9,1,10,1,11,,44,,1,22,9,121.5110262,25.0659334
111,12,23,18,4,2,09北投區,北投區明德路113巷與建民路151巷口,0,0,2,1,C03,8,3,5,30,4,1,1,5,4,5,7,4,4,10,5,5,2,15,1,59,2,9,1,1,7,9,6,10,11,12,,6,,2,22,9,121.519305,25.11042225
111,12,23,18,4,2,09北投區,北投區明德路113巷與建民路151巷口,0,0,2,2,C03,8,3,5,30,4,1,1,5,4,5,7,4,4,10,5,5,2,15,1,20,2,9,1,1,7,9,1,10,1,11,,44,,1,22,9,121.519305,25.11042225
111,12,23,18,8,2,02萬華區,萬華區中華路1段110號,0,0,1,2,C03,8,3,5,50,14,9,1,5,4,5,7,4,4,1,4,5,2,12,2,35,2,8,1,1,7,9,1,10,1,12,,44,,1,22,9,121.508676,25.04418808
111,12,23,18,8,2,02萬華區,萬華區中華路1段110號,0,0,1,1,C03,8,3,5,50,14,9,1,5,4,5,7,4,4,1,4,5,2,12,1,40,3,10,1,1,7,7,1,10,11,14,,7,,1,22,9,121.508676,25.04418808
111,12,23,18,10,2,10文山區,文山區興隆路4段與木新路3段74巷1弄口,0,0,2,1,C03,8,3,5,50,4,2,1,5,4,5,7,2,1,9,4,5,1,16,2,29,2,9,1,1,7,5,1,10,1,11,,6,,1,22,9,121.5624247,24.9826766
111,12,23,18,10,2,10文山區,文山區興隆路4段與木新路3段74巷1弄口,0,0,2,2,C03,8,3,5,50,4,2,1,5,4,5,7,2,1,9,4,5,1,16,1,72,2,9,1,1,7,9,1,10,1,14,,23,,1,22,9,121.5624247,24.9826766
111,12,23,18,17,2,05中正區,中正區林森南路與仁愛路1段口口,0,0,1,1,C03,7,3,5,50,4,2,1,5,4,5,7,2,1,9,4,4,1,18,1,25,2,9,1,1,7,9,1,10,9,14,,13,,1,21,1,121.5215963,25.0389194
111,12,23,18,17,2,05中正區,中正區林森南路與仁愛路1段口口,0,0,1,2,,7,3,5,50,4,2,1,5,4,5,7,2,1,9,4,4,1,18,3,,,,,,,,,,,,,67,,1,,,121.5215963,25.0389194
111,12,23,18,30,2,03中山區,中山區中山北路2段與錦西街口,0,0,1,1,C03,7,3,5,50,4,1,1,5,4,5,7,1,1,10,4,5,2,13,2,46,2,1,1,4,7,9,1,10,2,11,,23,,1,22,9,121.5228178,25.06033716
111,12,23,18,30,2,03中山區,中山區中山北路2段與錦西街口,0,0,1,2,B03,7,3,5,50,4,1,1,5,4,5,7,1,1,10,4,5,2,13,1,45,3,10,1,4,7,14,1,8,2,3,,44,,1,22,9,121.5228178,25.06033716
111,12,23,18,41,2,03中山區,中山區建國北路1段23巷與八德路2段199巷口,0,0,1,1,C03,8,3,5,30,4,1,1,5,4,5,7,4,4,10,5,5,1,16,1,27,2,9,1,1,7,9,1,10,1,11,,6,,1,22,9,121.5390508,25.0473358
111,12,23,18,41,2,03中山區,中山區建國北路1段23巷與八德路2段199巷口,0,0,1,2,B01,8,3,5,30,4,1,1,5,4,5,7,4,4,10,5,5,1,16,1,57,3,10,1,1,7,9,1,4,1,2,,44,,1,22,9,121.5390508,25.0473358
111,12,23,18,50,2,01大同區,大同區重慶北路2段與民生西路口,0,0,2,1,C03,7,3,5,50,4,2,1,5,4,5,7,2,1,5,2,5,2,13,2,18,2,8,1,1,7,9,1,10,2,11,,23,,1,22,9,121.513696,25.0569964
111,12,23,18,50,2,01大同區,大同區重慶北路2段與民生西路口,0,0,2,2,C03,7,3,5,50,4,2,1,5,4,5,7,2,1,5,2,5,2,13,2,56,2,9,1,1,7,9,1,10,2,13,,44,,1,22,9,121.513696,25.0569964
111,12,23,19,3,2,01大同區,大同區承德路3段176巷與承德路3段口,0,0,1,1,B01,8,2,5,50,3,1,1,5,4,5,7,4,4,1,4,5,2,16,1,55,3,10,1,1,7,6,1,4,1,2,,9,,1,22,9,121.5183668,25.0691259
111,12,23,19,3,2,01大同區,大同區承德路3段176巷與承德路3段口,0,0,1,2,C03,8,2,5,50,3,1,1,5,4,5,7,4,4,1,4,5,2,16,1,44,2,9,1,1,7,9,1,10,1,14,,44,,1,22,9,121.5183668,25.0691259
111,12,23,19,8,2,08士林區,士林區中山北路6段與中山北路6段405巷口,0,0,1,1,B03,8,3,5,50,4,1,1,5,4,5,7,1,1,10,5,5,1,16,1,38,3,10,1,1,7,9,1,8,1,5,,26,,1,22,9,121.5266604,25.112907
111,12,23,19,8,2,08士林區,士林區中山北路6段與中山北路6段405巷口,0,0,1,2,C03,8,3,5,50,4,1,1,5,4,5,7,1,1,10,5,5,1,16,2,57,2,7,1,1,7,5,1,10,1,14,,8,,1,22,9,121.5266604,25.112907
111,12,23,19,8,2,10文山區,文山區興隆路3段298號,0,0,1,1,C03,7,3,5,50,14,9,1,5,4,5,7,2,1,1,4,5,2,18,1,23,2,9,1,1,7,7,1,10,11,12,,13,,1,22,9,121.559008,24.9932829
111,12,23,19,8,2,10文山區,文山區興隆路3段298號,0,0,1,2,,7,3,5,50,14,9,1,5,4,5,7,2,1,1,4,5,2,18,3,,,,,,,,,,,,,67,,1,,,121.559008,24.9932829
111,12,23,19,11,2,01大同區,大同區環河堤外便道四號水門,0,0,2,1,F01,8,3,5,40,14,9,1,5,4,5,7,3,1,10,5,5,2,17,2,17,2,9,1,1,7,1,8,20,1,16,,19,,1,22,9,121.5072502,25.05378993
111,12,23,19,11,2,01大同區,大同區環河堤外便道四號水門,0,0,2,2,C03,8,3,5,40,14,9,1,5,4,5,7,3,1,10,5,5,2,17,1,35,2,9,1,1,7,9,1,10,1,11,,44,,1,22,9,121.5072502,25.05378993
111,12,23,19,15,2,04大安區,大安區敦化南路2段63巷與敦化南路2段63巷21弄口,0,0,1,1,C03,8,3,5,50,4,1,1,5,4,5,7,2,1,5,4,5,2,16,2,35,2,9,1,1,7,5,1,10,1,12,,8,,1,22,9,121.5501387,25.03096633
111,12,23,19,15,2,04大安區,大安區敦化南路2段63巷與敦化南路2段63巷21弄口,0,0,1,2,C03,8,3,5,50,4,1,1,5,4,5,7,2,1,5,4,5,2,16,1,22,3,10,1,1,7,9,1,10,1,11,,44,,1,22,9,121.5501387,25.03096633
111,12,23,19,18,2,09北投區,北投區中央北路4段與學園路口,0,0,2,1,C03,8,3,5,50,3,2,1,5,4,5,7,1,1,10,4,5,2,16,2,51,2,9,1,1,7,5,1,10,2,12,,6,,1,22,9,121.4659374,25.12669606
111,12,23,19,18,2,09北投區,北投區中央北路4段與學園路口,0,0,2,2,C03,8,3,5,50,3,2,1,5,4,5,7,1,1,10,4,5,2,16,1,27,2,9,1,1,7,9,1,10,2,11,,13,,1,22,9,121.4659374,25.12669606
111,12,23,19,23,2,07信義區,信義區信義路4段375號,0,0,1,1,C03,8,3,5,50,14,9,1,5,4,5,7,2,1,9,4,5,2,12,1,76,3,10,1,1,7,9,1,10,2,14,,17,,1,22,9,121.5581703,25.033024
111,12,23,19,23,2,07信義區,信義區信義路4段375號,0,0,1,2,A04,8,3,5,50,14,9,1,5,4,5,7,2,1,9,4,5,2,12,1,62,3,10,1,1,7,9,1,2,2,2,,17,,1,22,9,121.5581703,25.033024
111,12,23,19,23,2,07信義區,信義區信義路4段375號,0,0,1,3,H02,8,3,5,50,14,9,1,5,4,5,7,2,1,9,4,5,2,12,2,73,2,9,1,5,7,20,8,20,10,16,,67,,1,22,9,121.5581703,25.033024
111,12,23,19,24,2,10文山區,文山區木新路2段211巷10弄與木新路2段211巷口,0,0,1,1,B03,7,3,5,30,3,1,1,5,4,5,7,4,4,10,5,5,2,9,1,56,3,10,1,1,7,5,1,7,9,8,,8,,1,22,9,121.5680776,24.9828792
111,12,23,19,24,2,10文山區,文山區木新路2段211巷10弄與木新路2段211巷口,0,0,1,2,H01,7,3,5,30,3,1,1,5,4,5,7,4,4,10,5,5,2,9,2,82,2,9,4,5,8,16,8,20,10,16,,67,,1,22,9,121.5680776,24.9828792
111,12,23,19,30,2,08士林區,士林區社中街95號,0,0,2,1,C03,7,3,5,30,14,9,1,5,4,5,7,4,4,9,5,5,2,17,2,39,2,9,1,1,7,5,1,10,1,13,,8,,1,22,9,121.5105105,25.08942167
111,12,23,19,30,2,08士林區,士林區社中街95號,0,0,2,2,C03,7,3,5,30,14,9,1,5,4,5,7,4,4,9,5,5,2,17,2,19,2,9,1,1,7,9,1,10,1,12,,44,,1,22,9,121.5105105,25.08942167
111,12,23,19,30,2,12內湖區,內湖區瑞光路26巷與瑞光路口,0,0,1,1,B03,8,3,5,50,3,2,1,5,4,5,7,1,1,5,4,5,2,17,1,48,3,10,1,1,7,1,1,8,1,15,,19,,1,22,9,121.5841147,25.0697326
111,12,23,19,30,2,12內湖區,內湖區瑞光路26巷與瑞光路口,0,0,1,2,C03,8,3,5,50,3,2,1,5,4,5,7,1,1,5,4,5,2,17,1,39,2,9,1,1,7,9,1,10,1,14,,23,,1,22,9,121.5841147,25.0697326
111,12,23,19,40,2,10文山區,文山區木柵路5段(深坑幹120號電線桿),0,0,1,1,B01,8,3,5,50,14,9,1,5,4,5,7,4,4,5,2,5,2,17,1,63,3,10,3,4,7,11,1,3,2,15,,10,,1,22,9,121.5903506,25.00002714
111,12,23,19,40,2,10文山區,文山區木柵路5段(深坑幹120號電線桿),0,0,1,2,C03,8,3,5,50,14,9,1,5,4,5,7,4,4,5,2,5,2,17,1,28,2,9,1,4,7,9,1,10,2,14,,42,,1,22,9,121.5903506,25.00002714
111,12,23,19,52,2,09北投區,北投區中央北路1段125號,0,0,3,1,C03,8,3,5,50,14,9,1,5,4,5,7,4,4,9,5,5,2,16,1,73,2,9,1,1,7,1,1,10,1,13,,19,,1,22,9,121.4990464,25.1351149
111,12,23,19,52,2,09北投區,北投區中央北路1段125號,0,0,3,2,C03,8,3,5,50,14,9,1,5,4,5,7,4,4,9,5,5,2,16,1,25,2,9,1,1,7,9,1,10,1,11,,13,,1,22,9,121.4990464,25.1351149
111,12,23,19,52,2,09北投區,北投區中央北路1段125號,0,0,3,3,H02,8,3,5,50,14,9,1,5,4,5,7,4,4,9,5,5,2,16,2,25,2,9,4,5,7,20,8,20,10,16,,67,,1,22,9,121.4990464,25.1351149
111,12,23,20,26,2,07信義區,信義區吳興街與吳興街365巷口口,0,0,2,1,C03,8,3,5,30,4,1,1,5,4,5,7,4,4,5,5,5,1,12,2,53,2,8,1,1,7,5,1,10,1,11,,23,,1,22,9,121.5673583,25.0255296
111,12,23,20,26,2,07信義區,信義區吳興街與吳興街365巷口口,0,0,2,2,F01,8,3,5,30,4,1,1,5,4,5,7,4,4,5,5,5,1,12,1,12,2,5,1,1,7,5,8,20,1,16,,8,,1,22,9,121.5673583,25.0255296
111,12,23,20,51,2,08士林區,士林區菁山路85號,0,0,2,1,C03,7,3,5,40,11,9,1,5,4,5,7,4,4,5,5,5,1,18,1,18,2,9,1,1,7,5,1,10,1,14,,13,,1,22,9,121.5527982,25.14166914
111,12,23,20,51,2,08士林區,士林區菁山路85號,0,0,2,3,H02,7,3,5,40,11,9,1,5,4,5,7,4,4,5,5,5,1,18,2,17,2,7,1,5,7,17,8,20,10,16,,67,,1,22,9,121.5527982,25.14166914
111,12,23,20,51,2,08士林區,士林區菁山路85號,0,0,2,2,,7,3,5,40,11,9,1,5,4,5,7,4,4,5,5,5,1,18,3,,,,,,,,,,,,,67,,1,,,121.5527982,25.14166914
111,12,23,20,56,2,03中山區,中山區中山北路1段75號,0,0,1,1,C03,8,3,5,50,14,9,1,4,4,5,7,4,4,1,3,5,1,13,1,50,2,9,1,1,7,9,1,10,2,11,,23,,1,22,9,121.5390493,25.0473357
111,12,23,20,56,2,03中山區,中山區中山北路1段75號,0,0,1,2,B01,8,3,5,50,14,9,1,4,4,5,7,4,4,1,3,5,1,13,1,39,3,10,1,1,7,9,1,4,2,6,,44,,1,22,9,121.5390493,25.0473357
111,12,23,21,25,2,11南港區,南港區忠孝東路6段163號,0,0,2,1,C03,8,3,5,40,14,8,1,5,4,5,7,4,4,1,4,4,2,13,1,28,2,8,1,1,7,9,1,10,2,11,,16,,1,21,8,121.5868695,25.0488424
111,12,23,21,25,2,11南港區,南港區忠孝東路6段163號,0,0,2,2,C03,8,3,5,40,14,8,1,5,4,5,7,4,4,1,4,4,2,13,2,34,2,8,1,1,7,9,1,10,2,13,,13,,1,21,8,121.5868695,25.0488424
111,12,23,21,27,2,03中山區,中山區南京東路2段139號,0,0,1,1,B03,7,3,5,50,14,7,1,5,4,5,7,4,4,1,4,4,2,16,1,30,3,10,3,4,7,1,1,8,2,4,,19,,1,22,9,121.535386,25.0520841
111,12,23,21,27,2,03中山區,中山區南京東路2段139號,0,0,1,2,C03,7,3,5,50,14,7,1,5,4,5,7,4,4,1,4,4,2,16,2,29,2,5,3,4,7,7,1,10,2,12,,44,,1,22,9,121.535386,25.0520841
111,12,23,21,28,2,02萬華區,萬華區中華路1段與貴陽街2段口,0,0,1,1,C03,8,3,5,50,4,2,1,5,4,5,7,1,1,1,4,5,2,23,1,56,2,9,1,1,7,9,1,10,11,11,,23,,1,22,9,121.5072583,25.0391684
111,12,23,21,28,2,02萬華區,萬華區中華路1段與貴陽街2段口,0,0,1,2,,8,3,5,50,4,2,1,5,4,5,7,1,1,1,4,5,2,23,3,,,,,,,,,,,,,67,,1,,,121.5072583,25.0391684
111,12,23,22,17,2,03中山區,中山區明水路與北安路458巷口,0,0,2,1,C03,8,3,5,50,3,2,1,5,4,5,7,2,1,9,4,5,2,15,2,23,2,9,3,4,7,9,1,10,1,11,,25,,1,22,9,121.5445462,25.0774151
111,12,23,22,17,2,03中山區,中山區明水路與北安路458巷口,0,0,2,2,C03,8,3,5,50,3,2,1,5,4,5,7,2,1,9,4,5,2,15,2,63,2,9,3,4,7,9,1,10,1,11,,44,,1,22,9,121.5445462,25.0774151
111,12,23,22,23,2,05中正區,中正區羅斯福路4段與基隆路4段口,0,0,2,1,C03,8,1,5,50,4,1,1,5,4,5,7,1,1,1,4,5,2,17,2,19,2,9,1,1,7,7,1,10,2,14,,7,,1,22,9,121.5369632,25.01128766
111,12,23,22,23,2,05中正區,中正區羅斯福路4段與基隆路4段口,0,0,2,2,C03,8,1,5,50,4,1,1,5,4,5,7,1,1,1,4,5,2,17,1,24,2,9,1,1,7,9,1,10,2,12,,44,,1,22,9,121.5369632,25.01128766
111,12,23,22,23,2,05中正區,中正區羅斯福路4段與基隆路4段口,0,0,2,3,H02,8,1,5,50,4,1,1,5,4,5,7,1,1,1,4,5,2,17,2,24,4,11,1,5,7,20,8,20,10,16,,67,,1,22,9,121.5369632,25.01128766
111,12,23,22,43,2,01大同區,大同區台北橋機車道(往新北),0,0,1,1,C03,8,3,7,40,14,11,1,5,4,5,7,4,4,10,3,5,1,12,1,20,2,9,1,1,7,9,1,10,1,14,,17,,1,22,9,121.5111537,25.06315329
111,12,23,22,43,2,01大同區,大同區台北橋機車道(往新北),0,0,1,2,C03,8,3,7,40,14,11,1,5,4,5,7,4,4,10,3,5,1,12,1,25,3,10,1,1,7,9,1,10,1,12,,44,,1,22,9,121.5111537,25.06315329
111,12,23,22,43,2,01大同區,大同區台北橋機車道(往新北),0,0,1,3,B03,8,3,7,40,14,11,1,5,4,5,7,4,4,10,3,5,1,12,1,34,3,10,1,1,7,9,1,8,1,3,,26,,1,22,9,121.5111537,25.06315329
111,12,23,22,55,2,05中正區,中正區和平西路1段與重慶南路3段口,0,0,2,1,C03,7,3,5,50,5,2,1,5,4,5,7,2,1,1,4,5,2,3,2,24,2,9,1,1,7,9,1,10,1,11,,25,,1,22,9,121.5159031,25.0276134
111,12,23,22,55,2,05中正區,中正區和平西路1段與重慶南路3段口,0,0,2,2,H01,7,3,5,50,5,2,1,5,4,5,7,2,1,1,4,5,2,3,1,15,2,8,4,5,8,16,8,20,10,16,,52,,1,22,9,121.5159031,25.0276134
111,12,23,23,11,2,05中正區,中正區汀州路3段與汀州路3段160巷口,0,0,1,1,B03,7,3,5,50,4,1,1,5,4,5,7,1,1,5,4,5,2,16,1,28,3,10,1,1,7,5,1,8,2,5,,6,,1,22,9,121.5344604,25.0134885
111,12,23,23,11,2,05中正區,中正區汀州路3段與汀州路3段160巷口,0,0,1,2,C03,7,3,5,50,4,1,1,5,4,5,7,1,1,5,4,5,2,16,1,21,2,8,1,1,7,9,1,10,2,11,,44,,1,22,9,121.5344604,25.0134885
111,12,23,23,27,2,03中山區,中山區樂群三路128號對面,0,0,1,1,C03,8,3,5,50,14,9,1,5,4,5,7,4,4,8,3,5,1,16,1,22,3,10,1,1,7,9,1,10,1,12,,23,,1,22,9,121.555727,25.08266462
111,12,23,23,27,2,03中山區,中山區樂群三路128號對面,0,0,1,2,B03,8,3,5,50,14,9,1,5,4,5,7,4,4,8,3,5,1,16,1,39,3,10,1,1,7,14,1,8,1,7,,38,,1,22,9,121.555727,25.08266462
111,12,23,23,27,2,03中山區,中山區樂群三路128號對面,0,0,1,3,H02,8,3,5,50,14,9,1,5,4,5,7,4,4,8,3,5,1,16,1,21,2,8,1,5,7,20,8,20,10,16,,67,,1,22,9,121.555727,25.08266462
111,12,23,23,30,2,04大安區,大安區金山南路2段與潮州街口,0,0,1,1,C03,8,3,5,50,4,1,1,5,4,5,7,1,1,10,5,5,2,16,1,18,3,10,1,1,7,8,1,10,1,12,,7,,1,22,9,121.5264018,25.0288705
111,12,23,23,30,2,04大安區,大安區金山南路2段與潮州街口,0,0,1,2,C03,8,3,5,50,4,1,1,5,4,5,7,1,1,10,5,5,2,16,1,29,2,9,1,1,7,9,1,10,1,14,,44,,1,22,9,121.5264018,25.0288705
111,12,23,23,44,2,07信義區,信義區嘉興街175巷與嘉興街口,0,0,1,1,B03,8,1,5,30,4,2,1,5,4,5,7,4,4,9,2,5,2,17,2,27,3,10,1,1,7,9,1,8,1,4,,6,,1,22,9,121.5571197,25.0277941
111,12,23,23,44,2,07信義區,信義區嘉興街175巷與嘉興街口,0,0,1,2,C03,8,1,5,30,4,2,1,5,4,5,7,4,4,9,2,5,2,17,2,48,2,8,1,1,7,9,1,10,1,11,,44,,1,22,9,121.5571197,25.0277941
111,12,24,0,0,2,02萬華區,萬華區艋舺大道與西園路2段口,0,0,1,1,C03,8,3,5,50,4,2,1,5,4,5,7,2,1,1,4,5,2,17,2,20,2,9,1,1,7,9,1,10,1,15,,42,,1,22,9,121.4976304,25.03313863
111,12,24,0,0,2,02萬華區,萬華區艋舺大道與西園路2段口,0,0,1,2,B03,8,3,5,50,4,2,1,5,4,5,7,2,1,1,4,5,2,17,1,30,3,10,1,1,7,8,1,2,1,2,,44,,1,22,9,121.4976304,25.03313863
111,12,24,0,17,2,03中山區,中山區林森北路與民生東路1段口,0,0,1,1,C03,8,3,5,50,4,1,1,5,4,5,7,2,1,4,5,5,1,17,1,27,2,9,3,4,7,9,1,9,1,14,,42,,1,22,9,121.5255197,25.05805617
111,12,24,0,17,2,03中山區,中山區林森北路與民生東路1段口,0,0,1,2,B03,8,3,5,50,4,1,1,5,4,5,7,2,1,4,5,5,1,17,1,55,3,10,3,4,7,5,1,8,1,15,,6,,1,22,9,121.5255197,25.05805617
111,12,24,0,21,2,03中山區,中山區市民大道3段與八德路2段口,0,0,2,1,F01,8,3,5,50,4,1,1,5,4,5,7,1,1,1,3,5,1,16,1,64,2,9,1,1,7,7,8,20,1,16,,7,,1,22,9,121.5350069,25.0451428
111,12,24,0,21,2,03中山區,中山區市民大道3段與八德路2段口,0,0,2,2,C03,8,3,5,50,4,1,1,5,4,5,7,1,1,1,3,5,1,16,2,31,2,9,1,1,7,9,1,10,1,12,,44,,1,22,9,121.5350069,25.0451428
111,12,24,0,55,2,08士林區,士林區通河西街2段與社中街210巷口,0,0,1,1,B03,8,3,5,30,3,1,1,5,4,5,7,4,4,10,5,5,1,16,1,20,3,10,1,1,7,5,3,18,1,1,,6,,1,22,9,121.5089041,25.0924357
111,12,24,0,55,2,08士林區,士林區通河西街2段與社中街210巷口,0,0,1,2,C03,8,3,5,30,3,1,1,5,4,5,7,4,4,10,5,5,1,16,1,43,2,9,1,1,7,9,1,10,1,11,,23,,1,22,9,121.5089041,25.0924357
111,12,24,5,48,2,08士林區,士林區中正路與承德路4段口口,0,0,1,1,C03,8,3,5,50,5,2,1,5,4,5,7,2,1,3,4,5,2,13,1,34,3,10,1,1,7,9,3,18,9,11,,23,,1,22,9,121.516319,25.0907346
111,12,24,5,48,2,08士林區,士林區中正路與承德路4段口口,0,0,1,2,C03,8,3,5,50,5,2,1,5,4,5,7,2,1,3,4,5,2,13,1,56,2,9,1,1,7,14,1,10,1,13,,42,,1,22,9,121.516319,25.0907346
111,12,24,5,55,2,05中正區,中正區中山南路與仁愛路1段口,0,0,1,1,C03,8,3,5,50,4,2,1,5,4,5,7,1,1,1,4,5,2,17,1,33,2,9,1,1,7,9,1,10,2,14,,17,,1,22,9,121.5179326,25.0394655
111,12,24,5,55,2,05中正區,中正區中山南路與仁愛路1段口,0,0,1,2,B01,8,3,5,50,4,2,1,5,4,5,7,1,1,1,4,5,2,17,1,68,3,10,1,1,7,9,1,4,2,2,,17,,1,22,9,121.5179326,25.0394655
111,12,24,6,46,2,03中山區,中山區敬業三路與樂群一路口,0,0,1,1,B03,8,1,5,50,4,2,1,5,4,5,7,2,1,1,4,5,2,16,1,50,3,10,3,4,7,5,1,8,2,2,,8,,1,22,9,121.5563729,25.0771289
111,12,24,6,46,2,03中山區,中山區敬業三路與樂群一路口,0,0,1,2,C03,8,1,5,50,4,2,1,5,4,5,7,2,1,1,4,5,2,16,2,24,2,9,3,4,7,9,1,10,2,11,,44,,1,22,9,121.5563729,25.0771289
111,12,24,7,12,2,06松山區,松山區塔悠路95號,0,0,2,1,C03,8,1,5,50,14,9,1,5,4,5,7,4,4,1,5,5,2,13,1,23,2,8,1,1,7,9,1,10,1,12,,16,,1,22,9,121.5702821,25.05292676
111,12,24,7,12,2,06松山區,松山區塔悠路95號,0,0,2,2,C03,8,1,5,50,14,9,1,5,4,5,7,4,4,1,5,5,2,13,1,29,2,8,1,1,7,9,1,10,1,13,,44,,1,22,9,121.5702821,25.05292676
111,12,24,7,12,2,06松山區,松山區塔悠路95號,0,0,2,3,H01,8,1,5,50,14,9,1,5,4,5,7,4,4,1,5,5,2,13,1,70,3,10,4,5,8,16,8,20,10,16,,60,,1,22,9,121.5702821,25.05292676
111,12,24,7,55,2,08士林區,士林區基河路與劍潭路口,0,0,1,1,B11,8,1,5,50,4,1,1,5,4,5,7,2,1,1,4,5,2,16,1,37,3,10,1,1,7,6,1,4,2,5,,9,,1,22,9,121.5245752,25.0842564
111,12,24,7,55,2,08士林區,士林區基河路與劍潭路口,0,0,1,2,F01,8,1,5,50,4,1,1,5,4,5,7,2,1,1,4,5,2,16,2,23,2,9,3,4,7,15,8,20,11,15,,43,,2,22,9,121.5245752,25.0842564
111,12,24,8,20,2,09北投區,北投區文林北路222號與無名巷口對面,0,0,2,1,B03,8,1,5,50,3,1,1,5,4,5,7,4,4,3,4,3,2,17,2,32,3,10,3,4,7,6,1,8,2,15,,9,,1,22,9,121.5140452,25.10821816
111,12,24,8,20,2,09北投區,北投區文林北路222號與無名巷口對面,0,0,2,2,C03,8,1,5,50,3,1,1,5,4,5,7,4,4,3,4,3,2,17,1,30,2,9,3,4,7,9,1,10,2,14,,23,,1,22,9,121.5140452,25.10821816
111,12,24,8,20,2,09北投區,北投區文林北路222號與無名巷口對面,0,0,2,3,H02,8,1,5,50,3,1,1,5,4,5,7,4,4,3,4,3,2,17,2,27,2,9,4,5,8,20,8,20,10,16,,67,,1,22,9,121.5140452,25.10821816
111,12,24,8,55,2,04大安區,大安區和平東路2段與復興南路2段口,0,0,1,1,C03,8,1,5,50,4,2,1,5,4,5,7,1,1,10,4,5,2,17,2,32,2,9,1,1,7,9,1,10,1,11,,16,,1,22,9,121.5436448,25.0248132
111,12,24,8,55,2,04大安區,大安區和平東路2段與復興南路2段口,0,0,1,2,B03,8,1,5,50,4,2,1,5,4,5,7,1,1,10,4,5,2,17,1,65,3,10,1,1,7,9,1,8,1,7,,44,,1,22,9,121.5436448,25.0248132
111,12,24,9,13,2,07信義區,信義區市民大道5段與東興路口,0,0,1,1,B02,8,1,5,40,4,1,1,5,4,5,7,2,1,1,4,5,2,17,1,32,3,10,2,1,7,5,1,15,3,2,,6,,1,22,9,121.565815,25.0481816
111,12,24,9,13,2,07信義區,信義區市民大道5段與東興路口,0,0,1,2,C03,8,1,5,40,4,1,1,5,4,5,7,2,1,1,4,5,2,17,1,28,2,9,1,1,7,9,1,10,2,11,,13,,1,22,9,121.565815,25.0481816
111,12,24,9,42,2,03中山區,中山區中山北路4段圓山涵洞出口,0,0,1,1,F01,8,1,5,50,11,9,1,5,4,5,7,4,4,1,5,5,1,16,1,64,2,9,3,4,7,21,8,20,1,16,,26,,1,22,9,121.5252863,25.07680132
111,12,24,9,42,2,03中山區,中山區中山北路4段圓山涵洞出口,0,0,1,2,B11,8,1,5,50,11,9,1,5,4,5,7,4,4,1,5,5,1,16,1,52,3,10,3,4,7,9,1,8,1,8,,23,,1,22,9,121.5252863,25.07680132
111,12,24,9,50,2,11南港區,南港區忠孝東路5段與中坡南路口,0,0,1,1,B03,8,1,5,50,4,1,1,5,4,5,7,2,1,1,4,5,2,11,2,51,3,10,1,1,7,5,1,8,1,1,,6,,1,22,9,121.5820035,25.0441755
111,12,24,9,50,2,11南港區,南港區忠孝東路5段與中坡南路口,0,0,1,2,C03,8,1,5,50,4,1,1,5,4,5,7,2,1,1,4,5,2,11,1,32,2,9,1,1,7,9,1,10,1,14,,13,,1,22,9,121.5820035,25.0441755
111,12,24,10,9,2,02萬華區,萬華區長沙街2段與貴陽街2段29巷口,0,0,1,1,B03,8,1,5,50,3,1,1,5,4,5,7,4,4,9,4,5,2,16,2,28,3,10,1,1,7,11,1,8,1,8,,10,,1,22,9,121.5052933,25.04065789
111,12,24,10,9,2,02萬華區,萬華區長沙街2段與貴陽街2段29巷口,0,0,1,2,C03,8,1,5,50,3,1,1,5,4,5,7,4,4,9,4,5,2,16,1,32,2,8,1,1,7,9,1,10,1,12,,44,,1,22,9,121.5052933,25.04065789
111,12,24,10,30,2,07信義區,信義區信安街67巷力揚停車場前,0,0,1,1,B03,8,1,5,50,14,8,1,5,4,5,7,4,4,9,4,4,2,16,1,44,3,10,1,1,7,5,1,8,1,7,,8,,1,22,9,121.560236,25.0258936
111,12,24,10,30,2,07信義區,信義區信安街67巷力揚停車場前,0,0,1,2,C03,8,1,5,50,14,8,1,5,4,5,7,4,4,9,4,4,2,16,2,39,2,9,1,1,7,9,1,10,1,11,,44,,1,22,9,121.560236,25.0258936
111,12,24,10,55,2,12內湖區,內湖區彩虹河濱公園基隆河右岸18.5KM,0,0,1,1,F01,8,1,5,0,14,9,1,3,4,5,7,4,4,10,5,5,2,29,2,69,2,9,1,1,7,9,8,20,2,16,,44,,1,22,9,121.5714213,25.05997098