發生年度,發生月,發生日,發生時-Hours,發生分,處理別-編號,區序,肇事地點,死亡人數,2-30日死亡人數,受傷人數,當事人序號,車種,天候,光線,道路類別,速限-速度限制,道路型態,事故位置,路面狀況1,路面狀況2,路面狀況3,道路障礙1,道路障礙2,號誌1,號誌2,車道劃分-分向,車道劃分-分道1,車道劃分-分道2,車道劃分-分道3,事故類型及型態,性別,年齡,受傷程度,主要傷處,安全帽,行動電話,車輛用途,當事者行動狀態,駕駛資格情形,駕駛執照種類,飲酒情形,車輛撞擊部位1,車輛撞擊部位2,肇因碼-個別,肇因碼-主要,個人肇逃否,職業,旅次目的,座標-X,座標-Y
111,12,24,10,55,2,12內湖區,內湖區彩虹河濱公園基隆河右岸18.5KM,0,0,1,2,,8,1,5,0,14,9,1,3,4,5,7,4,4,10,5,5,2,29,3,,,,,,,,,,,,,67,,1,,,121.5714213,25.05997098
111,12,24,11,1,2,12內湖區,內湖區麗山街63號,0,0,1,1,C03,8,1,5,30,15,9,4,5,4,5,1,4,4,10,5,5,2,17,1,53,2,1,1,1,7,9,1,10,2,11,,5,,1,22,9,121.5807644,25.08143254
111,12,24,11,1,2,12內湖區,內湖區麗山街63號,0,0,1,2,B03,8,1,5,30,15,9,4,5,4,5,1,4,4,10,5,5,2,17,1,50,3,10,1,1,7,6,1,8,2,1,,44,,1,22,9,121.5807644,25.08143254
111,12,24,11,10,2,10文山區,文山區羅斯福路5段與萬隆街口,0,0,1,1,B01,8,1,5,50,4,4,2,5,4,5,7,1,1,1,4,5,2,13,1,63,3,10,1,1,7,9,1,8,2,1,,16,,1,22,9,121.5394327,25.0007395
111,12,24,11,10,2,10文山區,文山區羅斯福路5段與萬隆街口,0,0,1,2,C03,8,1,5,50,4,4,2,5,4,5,7,1,1,1,4,5,2,13,1,34,2,9,1,1,7,14,1,10,2,13,,44,,1,22,9,121.5394327,25.0007395
111,12,24,11,16,2,06松山區,松山區八德路3段與八德路3段155巷口,0,0,1,1,C03,8,1,5,50,4,1,1,5,4,5,7,1,1,9,4,5,2,13,1,22,2,9,1,1,7,7,1,10,1,11,,16,,1,22,9,121.555066,25.0480873
111,12,24,11,16,2,06松山區,松山區八德路3段與八德路3段155巷口,0,0,1,2,B03,8,1,5,50,4,1,1,5,4,5,7,1,1,9,4,5,2,13,1,61,3,10,1,1,7,7,1,8,1,6,,44,,1,22,9,121.555066,25.0480873
111,12,24,11,35,2,05中正區,中正區汀州路1段與寧波西街口,0,0,2,1,C03,8,1,5,50,4,1,1,5,4,5,7,1,1,5,4,5,2,13,2,67,2,8,1,1,7,9,1,10,2,11,,23,,1,22,9,121.5109656,25.02702535
111,12,24,11,35,2,05中正區,中正區汀州路1段與寧波西街口,0,0,2,2,C04,8,1,5,50,4,1,1,5,4,5,7,1,1,5,4,5,2,13,1,76,2,8,1,1,7,8,1,10,2,12,,7,,1,22,9,121.5109656,25.02702535
111,12,24,11,45,2,01大同區,大同區甘谷街16號,0,0,1,1,B11,8,1,5,30,14,9,1,5,4,5,7,4,4,7,5,5,2,12,1,42,3,10,3,4,7,1,1,8,1,5,,19,,1,22,9,121.5116893,25.0532823
111,12,24,11,45,2,01大同區,大同區甘谷街16號,0,0,1,2,C03,8,1,5,30,14,9,1,5,4,5,7,4,4,7,5,5,2,12,2,30,2,7,1,4,7,9,1,10,1,14,,42,,1,22,9,121.5116893,25.0532823
111,12,24,11,45,2,01大同區,大同區甘谷街16號,0,0,1,3,H02,8,1,5,30,14,9,1,5,4,5,7,4,4,7,5,5,2,12,2,26,3,10,4,4,7,21,8,20,10,16,,67,,1,22,9,121.5116893,25.0532823
111,12,24,11,49,2,03中山區,中山區松江路133巷與南京東路2段115巷口,0,0,1,1,B03,8,1,5,30,4,1,1,5,4,5,7,4,4,10,5,5,2,15,2,32,3,10,1,1,7,9,1,8,1,1,,6,,1,22,9,121.5336455,25.0543607
111,12,24,11,49,2,03中山區,中山區松江路133巷與南京東路2段115巷口,0,0,1,2,C03,8,1,5,30,4,1,1,5,4,5,7,4,4,10,5,5,2,15,1,63,2,9,1,1,7,9,1,10,1,12,,14,,1,22,9,121.5336455,25.0543607
111,12,24,12,9,2,05中正區,中正區中華路2段與西藏路口,0,0,1,1,B03,8,1,5,30,5,1,1,5,4,5,7,1,1,10,4,4,2,12,1,34,3,10,1,1,7,9,1,8,2,5,,17,,1,22,9,121.5040831,25.0304126
111,12,24,12,9,2,05中正區,中正區中華路2段與西藏路口,0,0,1,2,C03,8,1,5,30,5,1,1,5,4,5,7,1,1,10,4,4,2,12,1,77,2,9,1,1,7,9,1,10,2,14,,17,,1,22,9,121.5040831,25.0304126
111,12,24,12,12,2,06松山區,松山區敦化北路與八德路2段口,0,0,1,1,B01,8,1,5,30,14,8,1,5,4,5,7,2,1,8,3,5,2,17,1,61,3,10,1,1,7,14,1,4,1,7,,43,,1,22,9,121.5486672,25.04824689
111,12,24,12,12,2,06松山區,松山區敦化北路與八德路2段口,0,0,1,2,C03,8,1,5,30,14,8,1,5,4,5,7,2,1,8,3,5,2,17,2,43,2,8,1,1,7,14,1,10,1,15,,43,,1,22,9,121.5486672,25.04824689
111,12,24,12,33,2,12內湖區,內湖區民權東路6段與民權東路6段135巷口,0,0,2,1,C03,8,1,5,50,3,2,4,5,4,5,7,4,4,1,4,5,2,12,1,53,2,7,1,1,7,6,1,10,1,12,,9,,1,22,9,121.5941068,25.06891973
111,12,24,12,33,2,12內湖區,內湖區民權東路6段與民權東路6段135巷口,0,0,2,2,C03,8,1,5,50,3,2,4,5,4,5,7,4,4,1,4,5,2,12,2,26,2,8,1,1,7,9,1,10,1,11,,44,,1,22,9,121.5941068,25.06891973
111,12,24,12,38,2,05中正區,中正區重慶南路2段與愛國西路口,0,0,2,1,C03,8,1,5,50,4,2,1,5,4,5,7,1,1,1,4,5,2,13,1,19,2,9,1,1,7,9,1,10,1,13,,16,,1,22,9,121.5125967,25.0350266
111,12,24,12,38,2,05中正區,中正區重慶南路2段與愛國西路口,0,0,2,2,C03,8,1,5,50,4,2,1,5,4,5,7,1,1,1,4,5,2,13,1,67,2,9,1,1,7,9,1,10,1,13,,44,,1,22,9,121.5125967,25.0350266
111,12,24,12,38,2,05中正區,中正區重慶南路2段與愛國西路口,0,0,2,3,B01,8,1,5,50,4,2,1,5,4,5,7,1,1,1,4,5,2,13,1,44,3,10,1,1,7,9,1,4,1,9,,44,,1,22,9,121.5125967,25.0350266
111,12,24,12,45,2,07信義區,信義區松仁路與松仁路202巷口,0,0,1,1,C03,8,1,5,30,14,7,1,5,4,5,7,4,4,9,4,4,2,16,1,67,2,8,1,1,7,5,1,10,1,14,,8,,1,22,9,121.5683494,25.0272919
111,12,24,12,45,2,07信義區,信義區松仁路與松仁路202巷口,0,0,1,2,B02,8,1,5,30,14,7,1,5,4,5,7,4,4,9,4,4,2,16,1,61,3,10,1,1,7,1,1,8,1,1,,19,,1,22,9,121.5683494,25.0272919
111,12,24,13,0,2,06松山區,松山區敦化北路100號,0,0,3,1,C03,8,1,5,30,14,7,1,5,4,5,7,4,4,1,5,4,2,13,1,26,2,8,1,1,7,7,1,10,1,11,,23,,1,22,9,121.5487137,25.05234599
111,12,24,13,0,2,06松山區,松山區敦化北路100號,0,0,3,2,C03,8,1,5,30,14,7,1,5,4,5,7,4,4,1,5,4,2,13,2,57,2,9,1,1,7,7,1,10,1,13,,16,,1,22,9,121.5487137,25.05234599
111,12,24,13,0,2,06松山區,松山區敦化北路100號,0,0,3,3,B03,8,1,5,30,14,7,1,5,4,5,7,4,4,1,5,4,2,13,1,43,3,10,1,1,7,9,1,8,1,7,,42,,1,22,9,121.5487137,25.05234599
111,12,24,13,0,2,06松山區,松山區敦化北路100號,0,0,3,4,B03,8,1,5,30,14,7,1,5,4,5,7,4,4,1,5,4,2,13,1,65,3,10,1,1,7,14,1,8,9,15,,42,,1,22,9,121.5487137,25.05234599
111,12,24,13,0,2,06松山區,松山區敦化北路100號,0,0,3,5,H02,8,1,5,30,14,7,1,5,4,5,7,4,4,1,5,4,2,13,2,26,2,8,4,5,7,21,8,20,10,16,,67,,1,22,9,121.5487137,25.05234599
111,12,24,13,1,2,03中山區,中山區中山北路3段40號大同大學大門口前,0,0,3,1,C03,8,1,5,50,14,9,1,5,4,5,7,1,1,5,4,5,2,12,2,46,2,8,1,1,7,8,4,11,1,12,,7,,1,22,9,121.5223072,25.0669095
111,12,24,13,1,2,03中山區,中山區中山北路3段40號大同大學大門口前,0,0,3,2,C03,8,1,5,50,14,9,1,5,4,5,7,1,1,5,4,5,2,12,1,20,2,8,1,1,7,9,1,10,1,14,,44,,1,22,9,121.5223072,25.0669095
111,12,24,13,1,2,03中山區,中山區中山北路3段40號大同大學大門口前,0,0,3,3,H02,8,1,5,50,14,9,1,5,4,5,7,1,1,5,4,5,2,12,1,12,2,8,1,5,7,20,8,20,10,16,,67,,1,22,9,121.5223072,25.0669095
111,12,24,13,1,2,06松山區,松山區民生東路4段133號,0,0,1,1,B03,8,1,5,50,14,8,1,5,4,5,7,2,3,9,4,5,2,17,2,41,3,10,1,1,7,5,1,8,1,1,,8,,1,22,9,121.5552288,25.0583116
111,12,24,13,1,2,06松山區,松山區民生東路4段133號,0,0,1,2,C03,8,1,5,50,14,8,1,5,4,5,7,2,3,9,4,5,2,17,1,27,2,9,1,1,7,9,1,10,1,11,,13,,1,22,9,121.5552288,25.0583116
111,12,24,13,7,2,11南港區,南港區南港路3段168號,0,0,1,1,A02,6,1,5,50,14,9,1,4,4,5,7,4,4,5,4,5,2,9,1,57,3,10,3,4,7,9,1,2,11,15,,43,,1,22,9,121.5876807,25.05307974
111,12,24,13,7,2,11南港區,南港區南港路3段168號,0,0,1,2,H02,6,1,5,50,14,9,1,4,4,5,7,4,4,5,4,5,2,9,2,23,2,7,4,5,7,21,8,20,10,16,,67,,1,22,9,121.5876807,25.05307974
111,12,24,13,15,2,12內湖區,內湖區金龍路與內湖路3段89巷口,0,0,2,1,C03,8,1,5,30,3,1,1,5,4,5,7,4,4,5,4,4,2,17,2,65,2,7,1,1,7,9,4,8,2,11,,6,,1,22,9,121.5909592,25.08554529
111,12,24,13,15,2,12內湖區,內湖區金龍路與內湖路3段89巷口,0,0,2,2,C03,8,1,5,30,3,1,1,5,4,5,7,4,4,5,4,4,2,17,1,19,2,9,1,1,7,9,1,10,2,11,,13,,1,22,9,121.5909592,25.08554529
111,12,24,13,17,2,07信義區,信義區逸仙路50巷與忠孝東路4段554巷口,0,0,1,1,B03,8,1,5,30,4,1,1,5,4,5,7,4,4,10,5,5,1,16,1,65,3,10,3,4,7,5,1,8,1,5,,6,,1,22,9,121.5633488,25.0405714
111,12,24,13,17,2,07信義區,信義區逸仙路50巷與忠孝東路4段554巷口,0,0,1,2,C03,8,1,5,30,4,1,1,5,4,5,7,4,4,10,5,5,1,16,2,19,2,8,3,4,7,9,1,10,1,12,,14,,1,22,9,121.5633488,25.0405714
111,12,24,13,17,2,07信義區,信義區逸仙路50巷與忠孝東路4段554巷口,0,0,1,3,,8,1,5,30,4,1,1,5,4,5,7,4,4,10,5,5,1,16,4,,,,,,,,,,11,,,43,,1,,,121.5633488,25.0405714
111,12,24,13,20,2,06松山區,松山區民權東路3段158號對向車道,0,0,3,1,C03,8,1,5,50,14,9,1,5,4,5,7,4,4,1,4,5,2,12,1,24,2,9,1,1,7,9,1,10,1,11,,16,,1,22,9,121.5476903,25.06212542
111,12,24,13,20,2,06松山區,松山區民權東路3段158號對向車道,0,0,3,2,C03,8,1,5,50,14,9,1,5,4,5,7,4,4,1,4,5,2,12,1,21,2,9,1,1,7,9,1,10,1,13,,16,,1,22,9,121.5476903,25.06212542
111,12,24,13,20,2,06松山區,松山區民權東路3段158號對向車道,0,0,3,3,C03,8,1,5,50,14,9,1,5,4,5,7,4,4,1,4,5,2,12,1,26,2,9,1,1,7,9,1,10,1,11,,23,,1,22,9,121.5476903,25.06212542
111,12,24,13,32,2,12內湖區,內湖區東湖路60號,0,0,1,1,B03,8,1,5,50,14,9,1,5,4,5,7,2,1,5,4,5,2,12,1,27,3,10,1,1,7,8,1,8,1,2,,7,,1,22,9,121.6140249,25.06871882
111,12,24,13,32,2,12內湖區,內湖區東湖路60號,0,0,1,2,C03,8,1,5,50,14,9,1,5,4,5,7,2,1,5,4,5,2,12,1,60,2,9,1,1,7,9,1,10,1,11,,44,,1,22,9,121.6140249,25.06871882
111,12,24,13,40,2,02萬華區,萬華區環河南路1段與武昌街2段口,0,0,2,1,C03,8,1,5,50,3,1,1,5,4,5,7,1,1,4,4,5,2,12,1,49,3,10,1,1,7,4,1,10,1,12,,6,,1,22,9,121.5026739,25.04571704
111,12,24,13,40,2,02萬華區,萬華區環河南路1段與武昌街2段口,0,0,2,2,C03,8,1,5,50,3,1,1,5,4,5,7,1,1,4,4,5,2,12,1,52,2,9,1,1,7,9,1,10,1,11,,44,,1,22,9,121.5026739,25.04571704
111,12,24,13,40,2,02萬華區,萬華區環河南路1段與武昌街2段口,0,0,2,3,H02,8,1,5,50,3,1,1,5,4,5,7,1,1,4,4,5,2,12,2,76,2,9,1,5,7,21,8,20,10,16,,67,,1,22,9,121.5026739,25.04571704
111,12,24,13,45,2,08士林區,士林區平菁街平菁幹84B7159BE61電桿,0,0,1,1,C03,8,1,5,50,11,9,1,5,4,5,7,4,4,9,5,5,2,17,1,19,2,9,1,1,7,9,1,10,1,11,,42,,1,22,9,121.5734814,25.12474942
111,12,24,13,45,2,08士林區,士林區平菁街平菁幹84B7159BE61電桿,0,0,1,2,B03,8,1,5,50,11,9,1,5,4,5,7,4,4,9,5,5,2,17,1,44,3,10,1,1,7,9,1,8,1,4,,4,,1,22,9,121.5734814,25.12474942
111,12,24,14,5,2,05中正區,中正區中山南路與青島東路口口,0,0,1,1,B03,8,1,5,50,4,1,1,5,4,5,7,2,1,9,4,4,1,13,2,47,4,11,3,4,7,15,7,19,11,15,,44,,2,21,9,121.5191626,25.0446203
111,12,24,14,5,2,05中正區,中正區中山南路與青島東路口口,0,0,1,2,C03,8,1,5,50,4,1,1,5,4,5,7,2,1,9,4,4,1,13,2,33,3,10,1,1,7,9,1,10,1,13,,44,,1,21,5,121.5191626,25.0446203
111,12,24,14,5,2,05中正區,中正區中山南路與青島東路口口,0,0,1,3,C03,8,1,5,50,4,1,1,5,4,5,7,2,1,9,4,4,1,13,2,56,2,9,1,1,7,9,1,10,1,11,,16,,1,19,5,121.5191626,25.0446203
111,12,24,14,6,2,09北投區,北投區泉源路與泉源路口,0,0,2,1,C03,8,1,5,50,3,2,1,5,4,5,7,4,4,4,5,5,2,10,2,65,2,9,1,1,7,9,1,10,2,11,,4,,1,22,9,121.5155632,25.141727
111,12,24,14,6,2,09北投區,北投區泉源路與泉源路口,0,0,2,2,C03,8,1,5,50,3,2,1,5,4,5,7,4,4,4,5,5,2,10,1,31,2,9,1,1,7,9,1,9,2,11,,44,,1,22,9,121.5155632,25.141727
111,12,24,14,7,2,03中山區,中山區建國北路2段與長春路口,0,0,1,1,B03,8,1,5,50,4,2,1,5,4,5,7,1,1,4,3,5,1,16,1,60,4,11,3,4,7,7,7,19,11,15,,7,,2,22,9,121.5367934,25.05480389
111,12,24,14,7,2,03中山區,中山區建國北路2段與長春路口,0,0,1,2,C03,8,1,5,50,4,2,1,5,4,5,7,1,1,4,3,5,1,16,1,42,2,9,1,4,7,9,1,10,1,12,,26,,1,22,9,121.5367934,25.05480389
111,12,24,14,14,2,05中正區,中正區林森南路與徐州路口,0,0,1,1,C03,8,1,5,50,4,1,1,5,4,5,7,1,1,5,4,4,2,16,1,62,3,10,1,1,7,5,1,10,2,14,,8,,1,22,9,121.5222761,25.0410003
111,12,24,14,14,2,05中正區,中正區林森南路與徐州路口,0,0,1,2,C03,8,1,5,50,4,1,1,5,4,5,7,1,1,5,4,4,2,16,1,61,2,9,1,1,7,9,1,10,2,12,,44,,1,22,9,121.5222761,25.0410003
111,12,24,14,18,2,06松山區,松山區復興北路427巷與民權東路3段103巷口,0,0,1,1,B03,8,1,5,30,4,1,1,5,4,5,7,4,4,10,5,5,2,10,1,41,3,10,1,1,7,9,1,8,2,5,,6,,1,22,9,121.544991,25.06335671
111,12,24,14,18,2,06松山區,松山區復興北路427巷與民權東路3段103巷口,0,0,1,2,C03,8,1,5,30,4,1,1,5,4,5,7,4,4,10,5,5,2,10,2,22,2,9,1,1,7,9,1,10,2,11,,44,,1,22,9,121.544991,25.06335671
111,12,24,14,18,2,06松山區,松山區復興北路427巷與民權東路3段103巷口,0,0,1,3,B03,8,1,5,30,4,1,1,5,4,5,7,4,4,10,5,5,2,10,2,26,3,10,1,1,7,14,1,8,9,15,,42,,1,22,9,121.544991,25.06335671
111,12,24,14,18,2,06松山區,松山區復興北路427巷與民權東路3段103巷口,0,0,1,4,B03,8,1,5,30,4,1,1,5,4,5,7,4,4,10,5,5,2,10,2,61,3,10,1,1,7,14,1,8,9,15,,42,,1,22,9,121.544991,25.06335671
111,12,24,14,25,2,03中山區,中山區中山北路1段33巷口側附近,0,0,1,1,B03,8,1,5,50,14,9,1,5,4,5,7,4,4,1,3,5,1,16,1,25,3,10,1,1,7,6,1,8,1,5,,9,,1,22,9,121.5212994,25.0488883
111,12,24,14,25,2,03中山區,中山區中山北路1段33巷口側附近,0,0,1,2,C03,8,1,5,50,14,9,1,5,4,5,7,4,4,1,3,5,1,16,1,44,2,8,1,1,7,9,1,10,1,14,,14,,1,22,9,121.5212994,25.0488883
111,12,24,15,0,2,09北投區,北投區承德路7段388號,0,0,1,1,B03,8,1,5,50,14,9,1,5,4,5,7,2,1,1,4,5,2,13,2,48,3,10,1,1,7,14,1,8,1,6,,42,,1,22,9,121.5016915,25.11945094
111,12,24,15,0,2,09北投區,北投區承德路7段388號,0,0,1,2,C03,8,1,5,50,14,9,1,5,4,5,7,2,1,1,4,5,2,13,1,18,2,9,1,1,7,9,1,10,1,11,,23,,1,22,9,121.5016915,25.11945094
111,12,24,15,10,2,03中山區,中山區濱江街138號,0,0,1,1,B03,8,1,5,50,11,9,1,5,4,5,7,4,4,1,3,5,1,16,1,26,3,10,3,4,7,6,1,8,1,2,,9,,1,22,9,121.5357885,25.0724156
111,12,24,15,10,2,03中山區,中山區濱江街138號,0,0,1,2,C03,8,1,5,50,11,9,1,5,4,5,7,4,4,1,3,5,1,16,1,32,2,8,1,4,7,9,3,18,1,14,,44,,1,22,9,121.5357885,25.0724156
111,12,24,15,13,2,10文山區,文山區辛亥路7段(電桿中港幹17號前),0,0,1,1,C03,8,1,5,50,14,7,1,5,4,5,7,4,4,10,5,4,2,13,1,32,2,8,1,1,7,9,1,10,1,14,,23,,1,22,9,121.5541805,24.9838616
111,12,24,15,13,2,10文山區,文山區辛亥路7段(電桿中港幹17號前),0,0,1,2,B12,8,1,5,50,14,7,1,5,4,5,7,4,4,10,5,4,2,13,1,56,3,10,1,4,7,14,1,8,1,6,,44,,1,22,9,121.5541805,24.9838616
111,12,24,15,15,2,08士林區,士林區中山北路7段與中山北路7段51巷口,0,0,1,1,C03,8,1,5,50,4,2,1,5,4,5,7,3,1,10,4,5,2,4,1,63,4,11,3,4,7,15,7,19,11,15,,44,,2,22,9,121.531031,25.12017923
111,12,24,15,15,2,08士林區,士林區中山北路7段與中山北路7段51巷口,0,0,1,2,H01,8,1,5,50,4,2,1,5,4,5,7,3,1,10,4,5,2,4,1,11,2,8,4,5,8,20,8,20,10,16,,54,,1,22,9,121.531031,25.12017923
111,12,24,15,20,2,11南港區,南港區舊莊街2段312號(大豐幹第88號電桿前),0,0,1,1,F01,8,1,5,30,14,9,1,5,4,5,7,4,4,10,5,5,1,13,1,58,2,9,1,1,7,9,8,20,2,16,,23,,1,22,9,121.6539698,25.0274553
111,12,24,15,20,2,11南港區,南港區舊莊街2段312號(大豐幹第88號電桿前),0,0,1,2,B12,8,1,5,30,14,9,1,5,4,5,7,4,4,10,5,5,1,13,1,70,3,10,1,1,7,14,1,8,2,3,,44,,1,22,9,121.6539698,25.0274553
111,12,24,15,25,2,07信義區,信義區吳興街156巷16弄1號,0,0,2,1,C03,8,1,5,30,14,9,1,5,4,5,7,4,4,9,5,5,2,9,2,43,2,9,1,1,7,5,1,10,1,14,,42,,1,22,9,121.561019,25.0287624
111,12,24,15,25,2,07信義區,信義區吳興街156巷16弄1號,0,0,2,2,H02,8,1,5,30,14,9,1,5,4,5,7,4,4,9,5,5,2,9,2,8,2,9,4,5,7,20,8,20,10,16,,67,,1,22,9,121.561019,25.0287624
111,12,24,15,25,2,07信義區,信義區吳興街156巷16弄1號,0,0,2,3,,8,1,5,30,14,9,1,5,4,5,7,4,4,9,5,5,2,9,3,,,,,,,,,,,,,67,,1,,,121.561019,25.0287624
111,12,24,16,5,2,10文山區,文山區興隆路4段122巷與興隆路4段口,0,0,2,1,C03,8,1,5,30,4,1,1,5,4,5,7,2,1,5,2,5,2,15,1,44,2,8,1,1,7,9,1,10,1,14,,44,,1,22,9,121.5623219,24.982621
111,12,24,16,5,2,10文山區,文山區興隆路4段122巷與興隆路4段口,0,0,2,2,C03,8,1,5,30,4,1,1,5,4,5,7,2,1,5,2,5,2,15,2,68,2,8,1,1,7,9,1,10,1,11,,25,,1,22,9,121.5623219,24.982621
111,12,24,16,18,2,10文山區,文山區秀明路2段與新光路1段口口,0,0,2,1,B03,8,1,5,50,4,2,1,5,4,5,7,1,1,4,5,5,2,16,2,52,2,9,1,4,7,5,1,8,2,2,,8,,1,22,9,121.5736836,24.9917044
111,12,24,16,18,2,10文山區,文山區秀明路2段與新光路1段口口,0,0,2,2,B03,8,1,5,50,4,2,1,5,4,5,7,1,1,4,5,5,2,16,1,69,2,9,1,1,7,9,1,8,2,1,,23,,1,22,9,121.5736836,24.9917044
111,12,24,16,35,2,08士林區,士林區至善路3段71巷6號,0,0,1,1,C03,8,1,5,50,14,9,1,5,4,5,7,4,4,9,5,5,1,11,1,59,2,9,1,1,7,9,1,10,2,11,,17,,1,22,9,121.5669465,25.11404245
111,12,24,16,35,2,08士林區,士林區至善路3段71巷6號,0,0,1,2,B03,8,1,5,50,14,9,1,5,4,5,7,4,4,9,5,5,1,11,2,53,3,10,1,1,7,9,1,8,2,8,,17,,1,22,9,121.5669465,25.11404245
111,12,24,16,52,2,05中正區,中正區天津街與北平東路口口,0,0,1,1,B01,8,1,5,50,4,2,1,5,4,5,7,2,1,9,4,4,1,17,1,62,3,10,1,1,7,5,1,4,2,15,,6,,1,21,1,121.5220721,25.0468244
111,12,24,16,52,2,05中正區,中正區天津街與北平東路口口,0,0,1,2,C03,8,1,5,50,4,2,1,5,4,5,7,2,1,9,4,4,1,17,1,21,2,9,1,1,7,9,1,10,2,14,,44,,1,21,5,121.5220721,25.0468244
111,12,24,17,2,2,02萬華區,萬華區和平西路3段22號,0,0,1,2,C03,8,3,5,50,14,7,1,5,4,5,7,4,4,1,4,4,2,17,1,24,2,9,1,1,7,9,1,10,1,12,,44,,1,22,9,121.5048181,25.0342638
111,12,24,17,2,2,02萬華區,萬華區和平西路3段22號,0,0,1,1,B03,8,3,5,50,14,7,1,5,4,5,7,4,4,1,4,4,2,17,1,59,3,10,1,1,7,8,1,8,1,4,,6,,1,22,9,121.5048181,25.0342638
111,12,24,17,28,2,07信義區,信義區信義快速道路往北029號燈桿,0,0,2,1,B03,8,1,5,70,14,9,1,5,4,5,7,4,4,1,4,5,2,13,1,34,2,3,3,4,7,9,1,8,1,1,,23,,1,22,9,121.5770766,25.0226371
111,12,24,17,28,2,07信義區,信義區信義快速道路往北029號燈桿,0,0,2,2,B03,8,1,5,70,14,9,1,5,4,5,7,4,4,1,4,5,2,13,2,30,3,10,3,4,7,14,1,8,1,3,,44,,1,22,9,121.5770766,25.0226371
111,12,24,17,28,2,07信義區,信義區信義快速道路往北029號燈桿,0,0,2,3,B03,8,1,5,70,14,9,1,5,4,5,7,4,4,1,4,5,2,13,1,33,3,10,3,4,7,14,1,8,1,3,,44,,1,22,9,121.5770766,25.0226371
111,12,24,17,28,2,07信義區,信義區信義快速道路往北029號燈桿,0,0,2,4,B03,8,1,5,70,14,9,1,5,4,5,7,4,4,1,4,5,2,13,1,62,3,10,3,4,7,14,1,8,1,3,,44,,1,22,9,121.5770766,25.0226371
111,12,24,17,28,2,07信義區,信義區信義快速道路往北029號燈桿,0,0,2,5,H02,8,1,5,70,14,9,1,5,4,5,7,4,4,1,4,5,2,13,1,5,2,1,3,4,7,20,8,20,10,16,,67,,1,22,9,121.5770766,25.0226371
111,12,24,17,32,2,06松山區,松山區民生東路5段25號,0,0,2,1,C02,7,3,5,50,14,8,1,5,4,5,7,4,4,1,4,1,2,13,1,42,2,9,1,1,7,9,1,10,1,11,,23,,1,22,9,121.555219,25.05830214
111,12,24,17,32,2,06松山區,松山區民生東路5段25號,0,0,2,2,C03,7,3,5,50,14,8,1,5,4,5,7,4,4,1,4,1,2,13,1,52,2,9,1,1,7,9,1,10,1,13,,44,,1,22,9,121.555219,25.05830214
111,12,24,17,32,2,07信義區,信義區吳興街600巷56號,0,0,1,1,C03,7,3,5,30,14,9,1,5,4,5,7,4,4,10,5,5,2,17,2,45,3,10,1,1,7,12,1,10,1,15,,44,,1,22,9,121.5699188,25.0203304
111,12,24,17,32,2,07信義區,信義區吳興街600巷56號,0,0,1,2,C03,7,3,5,30,14,9,1,5,4,5,7,4,4,10,5,5,2,17,1,31,2,9,1,1,7,9,1,10,1,14,,23,,1,22,9,121.5699188,25.0203304
111,12,24,18,10,2,04大安區,大安區仁愛路4段345巷與仁愛路4段345巷15弄口,0,0,1,1,B03,7,1,5,30,4,2,1,5,4,5,7,4,4,10,4,5,2,9,1,25,3,10,1,1,7,5,1,8,1,1,,23,,1,22,9,121.5540864,25.0389145
111,12,24,18,10,2,04大安區,大安區仁愛路4段345巷與仁愛路4段345巷15弄口,0,0,1,2,H01,7,1,5,30,4,2,1,5,4,5,7,4,4,10,4,5,2,9,2,62,2,9,4,5,8,16,8,20,10,16,,60,,1,22,9,121.5540864,25.0389145
111,12,24,18,42,2,04大安區,大安區仁愛路4段與敦化南路1段口,0,0,1,1,C03,8,3,5,50,16,9,1,5,3,5,7,2,2,1,4,5,2,17,1,23,2,9,1,1,7,9,1,10,2,14,,42,,1,22,9,121.5480774,25.03820607
111,12,24,18,42,2,04大安區,大安區仁愛路4段與敦化南路1段口,0,0,1,2,C03,8,3,5,50,16,9,1,5,3,5,7,2,2,1,4,5,2,17,1,30,3,10,1,1,7,9,1,10,2,13,,44,,1,22,9,121.5480774,25.03820607
111,12,24,18,42,2,04大安區,大安區仁愛路4段與敦化南路1段口,0,0,1,3,,8,3,5,50,16,9,1,5,3,5,7,2,2,1,4,5,2,17,3,,,,,,,,,,,,,61,,1,,,121.5480774,25.03820607
111,12,24,18,57,2,03中山區,中山區林森北路與錦州街口,0,0,1,1,B01,8,3,5,50,4,1,1,5,4,5,7,1,1,5,5,5,2,12,1,63,3,10,1,1,7,8,1,4,1,2,,7,,1,22,9,121.5255416,25.06030894
111,12,24,18,57,2,03中山區,中山區林森北路與錦州街口,0,0,1,2,C03,8,3,5,50,4,1,1,5,4,5,7,1,1,5,5,5,2,12,1,27,2,8,1,1,7,9,1,10,1,11,,44,,1,22,9,121.5255416,25.06030894
111,12,24,19,0,2,01大同區,大同區南京西路66號,0,0,1,1,C03,8,1,5,50,14,7,1,5,4,5,7,4,4,9,4,4,2,17,1,59,2,9,1,1,7,9,1,10,1,11,,43,,1,22,9,121.5188402,25.05295854