發生年度,發生月,發生日,發生時-Hours,發生分,處理別-編號,區序,肇事地點,死亡人數,2-30日死亡人數,受傷人數,當事人序號,車種,天候,光線,道路類別,速限-速度限制,道路型態,事故位置,路面狀況1,路面狀況2,路面狀況3,道路障礙1,道路障礙2,號誌1,號誌2,車道劃分-分向,車道劃分-分道1,車道劃分-分道2,車道劃分-分道3,事故類型及型態,性別,年齡,受傷程度,主要傷處,安全帽,行動電話,車輛用途,當事者行動狀態,駕駛資格情形,駕駛執照種類,飲酒情形,車輛撞擊部位1,車輛撞擊部位2,肇因碼-個別,肇因碼-主要,個人肇逃否,職業,旅次目的,座標-X,座標-Y
111,12,24,19,0,2,01大同區,大同區南京西路66號,0,0,1,2,C03,8,1,5,50,14,7,1,5,4,5,7,4,4,9,4,4,2,17,1,34,3,10,1,1,7,9,1,10,1,13,,43,,1,22,9,121.5188402,25.05295854
111,12,24,19,0,2,01大同區,大同區南京西路66號,0,0,1,3,B03,8,1,5,50,14,7,1,5,4,5,7,4,4,9,4,4,2,17,4,,4,11,3,4,7,15,7,19,11,15,,43,,2,22,9,121.5188402,25.05295854
111,12,24,19,1,2,08士林區,士林區通河街76巷與承德路4段10巷口,0,0,3,1,C03,7,3,5,30,4,1,1,5,4,5,7,4,4,5,5,5,2,15,1,20,2,9,1,1,7,9,1,10,1,11,,14,,1,22,9,121.5201517,25.08012988
111,12,24,19,1,2,08士林區,士林區通河街76巷與承德路4段10巷口,0,0,3,2,C03,7,3,5,30,4,1,1,5,4,5,7,4,4,5,5,5,2,15,2,38,2,9,1,1,7,9,1,10,1,11,,6,,1,22,9,121.5201517,25.08012988
111,12,24,19,1,2,08士林區,士林區通河街76巷與承德路4段10巷口,0,0,3,3,H02,7,3,5,30,4,1,1,5,4,5,7,4,4,5,5,5,2,15,2,19,2,7,1,5,7,17,8,20,10,16,,67,,1,22,9,121.5201517,25.08012988
111,12,24,19,23,2,04大安區,大安區師大路與師大路126巷口,0,0,1,1,B03,8,3,5,50,4,1,1,5,4,5,7,4,4,5,5,5,2,9,1,45,3,10,1,1,7,9,1,8,11,1,,23,,1,22,9,121.5280366,25.0215722
111,12,24,19,23,2,04大安區,大安區師大路與師大路126巷口,0,0,1,2,H01,8,3,5,50,4,1,1,5,4,5,7,4,4,5,5,5,2,9,1,70,2,9,4,1,8,18,8,20,10,16,,67,,1,22,9,121.5280366,25.0215722
111,12,24,19,57,2,07信義區,信義區松仁路與松廉路口口,0,0,2,1,B03,8,3,5,50,4,1,1,5,4,5,7,4,4,9,4,5,1,12,1,29,3,10,3,4,7,6,1,8,1,5,,9,,1,22,9,121.5682095,25.0340246
111,12,24,19,57,2,07信義區,信義區松仁路與松廉路口口,0,0,2,2,C03,8,3,5,50,4,1,1,5,4,5,7,4,4,9,4,5,1,12,2,37,2,9,1,4,7,15,1,10,1,14,,44,,1,22,9,121.5682095,25.0340246
111,12,24,19,57,2,07信義區,信義區松仁路與松廉路口口,0,0,2,3,H02,8,3,5,50,4,1,1,5,4,5,7,4,4,9,4,5,1,12,2,31,2,9,4,5,7,21,8,20,10,16,,67,,1,22,9,121.5682095,25.0340246
111,12,24,21,25,2,03中山區,中山區中山北路2段9號,0,0,1,1,C03,8,3,5,50,14,9,1,5,4,5,7,4,4,1,4,5,2,13,1,20,2,8,1,1,7,9,1,10,1,11,,23,,1,22,9,121.5227197,25.05272112
111,12,24,21,25,2,03中山區,中山區中山北路2段9號,0,0,1,2,B03,8,3,5,50,14,9,1,5,4,5,7,4,4,1,4,5,2,13,1,56,3,10,1,1,7,6,1,10,1,3,,44,,1,22,9,121.5227197,25.05272112
111,12,24,21,29,2,02萬華區,萬華區西園路1段306巷與西園路1段口,0,0,1,1,C03,8,3,5,30,3,2,1,5,4,5,7,4,4,10,5,5,1,18,1,26,2,9,1,4,7,6,1,10,1,12,,44,,1,22,9,121.4982357,25.03340801
111,12,24,21,29,2,02萬華區,萬華區西園路1段306巷與西園路1段口,0,0,1,2,,8,3,5,30,3,2,1,5,4,5,7,4,4,10,5,5,1,18,3,,,,,,,,,,9,,,42,,1,,,121.4982357,25.03340801
111,12,24,22,17,2,08士林區,士林區通河街與通河街2巷口,0,0,3,1,C03,7,3,5,50,4,1,1,5,4,5,7,3,1,9,4,5,2,12,1,20,2,8,1,1,7,9,1,10,1,11,,4,,1,22,9,121.5236882,25.07989715
111,12,24,22,17,2,08士林區,士林區通河街與通河街2巷口,0,0,3,2,C03,7,3,5,50,4,1,1,5,4,5,7,3,1,9,4,5,2,12,1,27,2,8,1,1,7,5,1,10,1,14,,44,,1,22,9,121.5236882,25.07989715
111,12,24,22,17,2,08士林區,士林區通河街與通河街2巷口,0,0,3,3,H02,7,3,5,50,4,1,1,5,4,5,7,3,1,9,4,5,2,12,2,28,2,9,1,1,7,17,8,20,10,16,,67,,1,22,9,121.5236882,25.07989715
111,12,24,22,31,2,07信義區,信義區信義路6段與松山路口口,0,0,2,1,B02,7,3,5,50,4,1,1,5,4,5,7,2,1,9,4,5,1,12,1,31,3,10,1,1,7,6,1,8,1,5,,9,,1,22,9,121.5784347,25.0361774
111,12,24,22,31,2,07信義區,信義區信義路6段與松山路口口,0,0,2,2,C02,7,3,5,50,4,1,1,5,4,5,7,2,1,9,4,5,1,12,1,23,2,9,1,1,7,4,1,9,1,11,,1,,1,22,9,121.5784347,25.0361774
111,12,24,22,31,2,07信義區,信義區信義路6段與松山路口口,0,0,2,3,H02,7,3,5,50,4,1,1,5,4,5,7,2,1,9,4,5,1,12,2,23,2,9,1,5,7,20,8,20,10,16,,67,,1,22,9,121.5784347,25.0361774
111,12,24,22,32,2,07信義區,信義區松仁路277號,0,0,1,1,B01,8,3,5,50,14,9,1,5,4,5,7,4,4,5,5,5,2,14,1,64,3,10,3,4,7,11,1,4,1,3,,10,,1,22,9,121.5697777,25.0241702
111,12,24,22,32,2,07信義區,信義區松仁路277號,0,0,1,2,C03,8,3,5,50,14,9,1,5,4,5,7,4,4,5,5,5,2,14,1,35,3,10,3,4,7,9,1,10,1,12,,44,,1,22,9,121.5697777,25.0241702
111,12,24,22,32,2,07信義區,信義區松仁路277號,0,0,1,3,H02,8,3,5,50,14,9,1,5,4,5,7,4,4,5,5,5,2,14,2,28,2,9,3,4,7,20,8,20,10,16,,67,,1,22,9,121.5697777,25.0241702
111,12,24,23,7,2,12內湖區,內湖區康樂街與康湖路口,0,0,1,2,B03,8,3,5,50,3,2,1,5,4,5,7,1,1,5,4,5,2,16,1,44,3,10,1,1,7,6,1,8,1,5,,17,,1,22,9,121.6230139,25.0781174
111,12,24,23,7,2,12內湖區,內湖區康樂街與康湖路口,0,0,1,1,C03,8,3,5,50,3,2,1,5,4,5,7,1,1,5,4,5,2,16,1,19,2,8,1,1,7,6,3,18,1,14,,17,,1,22,9,121.6230139,25.0781174
111,12,25,0,33,2,03中山區,中山區天津街與中山北路1段53巷口,0,0,1,1,B01,7,3,5,30,4,1,1,5,4,5,7,3,1,5,5,5,2,16,2,63,3,10,3,4,7,9,1,4,1,8,,6,,1,22,9,121.5227207,25.0490815
111,12,25,0,33,2,03中山區,中山區天津街與中山北路1段53巷口,0,0,1,2,C03,7,3,5,30,4,1,1,5,4,5,7,3,1,5,5,5,2,16,2,25,2,9,1,4,7,9,3,18,1,11,,14,,1,22,9,121.5227207,25.0490815
111,12,25,0,36,2,07信義區,信義區忠孝東路5段524巷與忠孝東路5段口,0,0,2,1,B03,8,3,5,50,4,2,1,5,4,5,7,1,1,1,4,5,2,9,1,54,3,10,3,4,7,5,1,8,1,4,,15,,1,22,9,121.5790916,25.0415561
111,12,25,0,36,2,07信義區,信義區忠孝東路5段524巷與忠孝東路5段口,0,0,2,2,H01,8,3,5,50,4,2,1,5,4,5,7,1,1,1,4,5,2,9,1,22,2,9,3,4,8,16,8,20,10,16,,67,,1,22,9,121.5790916,25.0415561
111,12,25,0,36,2,07信義區,信義區忠孝東路5段524巷與忠孝東路5段口,0,0,2,3,H01,8,3,5,50,4,2,1,5,4,5,7,1,1,1,4,5,2,9,2,25,2,9,4,5,8,16,8,20,10,16,,67,,1,22,9,121.5790916,25.0415561
111,12,25,0,50,2,03中山區,中山區復興北路427巷與復興北路口,0,0,1,1,F01,7,3,5,50,4,2,1,5,4,5,7,1,1,1,4,5,1,17,1,18,2,8,1,1,7,9,8,20,9,16,,42,,1,22,9,121.5441874,25.06330182
111,12,25,0,50,2,03中山區,中山區復興北路427巷與復興北路口,0,0,1,2,B03,7,3,5,50,4,2,1,5,4,5,7,1,1,1,4,5,1,17,1,55,3,10,1,1,7,5,1,8,9,1,,8,,1,22,9,121.5441874,25.06330182
111,12,25,0,53,2,09北投區,北投區石牌路2段與立農街2段口,0,0,1,1,C03,8,3,5,50,3,1,1,5,4,5,7,2,1,5,4,5,1,17,1,43,2,9,1,1,7,9,6,18,11,12,,25,,1,22,9,121.518982,25.11876941
111,12,25,0,53,2,09北投區,北投區石牌路2段與立農街2段口,0,0,1,2,B12,8,3,5,50,3,1,1,5,4,5,7,2,1,5,4,5,1,17,1,29,3,10,1,1,7,14,1,8,2,1,,38,,1,22,9,121.518982,25.11876941
111,12,25,2,12,2,03中山區,中山區市民大道3段27號,0,0,1,1,B01,7,3,5,40,14,9,1,5,4,5,7,4,4,5,4,5,2,17,1,53,3,10,3,4,7,7,1,4,1,7,,44,,1,22,9,121.5341494,25.0451797
111,12,25,2,12,2,03中山區,中山區市民大道3段27號,0,0,1,2,C03,7,3,5,40,14,9,1,5,4,5,7,4,4,5,4,5,2,17,1,21,2,8,3,4,7,9,1,10,1,12,,23,,1,22,9,121.5341494,25.0451797
111,12,25,2,12,2,03中山區,中山區市民大道3段27號,0,0,1,3,B12,7,3,5,40,14,9,1,5,4,5,7,4,4,5,4,5,2,17,1,58,3,10,3,4,7,2,1,4,1,15,,12,,1,22,9,121.5341494,25.0451797
111,12,25,6,30,2,09北投區,北投區承德路6段359號與承德路6段口,0,0,1,1,B03,8,1,5,50,3,1,1,5,4,5,7,4,4,1,4,4,2,12,1,45,3,10,1,4,7,8,1,8,1,6,,7,,1,22,9,121.5116055,25.10664713
111,12,25,6,30,2,09北投區,北投區承德路6段359號與承德路6段口,0,0,1,2,C03,8,1,5,50,3,1,1,5,4,5,7,4,4,1,4,4,2,12,1,74,2,9,1,1,7,9,1,10,1,14,,44,,1,22,9,121.5116055,25.10664713
111,12,25,6,42,2,08士林區,士林區承德路4段與大南路口,0,0,1,1,C03,8,1,5,50,5,2,1,5,4,5,7,1,1,1,4,5,2,12,2,45,2,9,1,1,7,7,1,10,2,13,,7,,1,22,9,121.5216318,25.08885093
111,12,25,6,42,2,08士林區,士林區承德路4段與大南路口,0,0,1,2,C03,8,1,5,50,5,2,1,5,4,5,7,1,1,1,4,5,2,12,1,28,3,10,1,1,7,9,1,10,2,11,,44,,1,22,9,121.5216318,25.08885093
111,12,25,9,4,2,10文山區,文山區和平東路4段與和平東路4段155巷口口,0,0,1,1,C03,8,1,5,40,3,1,1,5,4,5,7,4,4,4,5,5,2,16,2,59,2,9,1,1,7,9,1,10,2,12,,44,,1,22,9,121.5696002,25.00491606
111,12,25,9,4,2,10文山區,文山區和平東路4段與和平東路4段155巷口口,0,0,1,2,B01,8,1,5,40,3,1,1,5,4,5,7,4,4,4,5,5,2,16,1,63,3,10,1,1,7,5,1,4,2,4,,8,,1,22,9,121.5696002,25.00491606
111,12,25,9,28,2,11南港區,南港區大坑街與舊莊街1段145巷口,0,0,1,1,F01,8,1,5,40,4,1,1,5,4,5,7,1,1,8,3,5,2,15,2,63,2,9,1,1,7,9,8,20,9,16,,23,,1,22,9,121.6207579,25.04110885
111,12,25,9,28,2,11南港區,南港區大坑街與舊莊街1段145巷口,0,0,1,2,C04,8,1,5,40,4,1,1,5,4,5,7,1,1,8,3,5,2,15,2,62,3,10,1,1,7,9,1,11,9,11,,23,,1,22,9,121.6207579,25.04110885
111,12,25,9,47,2,10文山區,文山區萬隆街62巷6號,0,0,1,1,B03,8,1,5,30,14,9,1,5,4,5,7,4,4,10,5,5,2,17,1,49,3,10,1,1,7,14,1,8,1,4,,40,,1,22,9,121.5373291,25.00130799
111,12,25,9,47,2,10文山區,文山區萬隆街62巷6號,0,0,1,2,F02,8,1,5,30,14,9,1,5,4,5,7,4,4,10,5,5,2,17,1,83,2,1,1,1,7,9,8,20,1,16,,44,,1,22,9,121.5373291,25.00130799
111,12,25,9,59,2,05中正區,中正區中華路2段與中華路2段363巷口口,0,0,1,1,B12,8,1,5,40,3,1,1,5,4,5,7,4,4,9,5,5,1,17,1,73,3,10,1,1,7,6,1,8,2,2,,9,,1,22,9,121.5074475,25.02652627
111,12,25,9,59,2,05中正區,中正區中華路2段與中華路2段363巷口口,0,0,1,2,C03,8,1,5,40,3,1,1,5,4,5,7,4,4,9,5,5,1,17,1,74,2,9,1,1,7,9,1,10,2,14,,44,,1,22,9,121.5074475,25.02652627
111,12,25,10,50,2,06松山區,松山區敦化北路199號,0,0,1,1,B03,8,1,5,50,14,8,1,5,4,5,7,1,1,1,4,4,2,13,1,25,3,10,1,1,7,9,3,18,8,1,,23,,1,22,9,121.5492122,25.05574729
111,12,25,10,50,2,06松山區,松山區敦化北路199號,0,0,1,2,B02,8,1,5,50,14,8,1,5,4,5,7,1,1,1,4,4,2,13,1,48,3,10,1,1,7,9,1,8,2,3,,44,,1,22,9,121.5492122,25.05574729
111,12,25,10,50,2,06松山區,松山區敦化北路199號,0,0,1,3,H02,8,1,5,50,14,8,1,5,4,5,7,1,1,1,4,4,2,13,2,41,2,2,1,5,7,20,8,20,10,16,,67,,1,22,9,121.5492122,25.05574729
111,12,25,10,50,2,09北投區,北投區光明路131巷與光明路口,0,0,1,1,C03,8,1,5,50,3,1,1,5,4,5,7,4,4,5,5,5,2,3,2,21,3,10,1,1,7,9,1,10,1,11,,43,,1,22,9,121.5022794,25.13398659
111,12,25,10,50,2,09北投區,北投區光明路131巷與光明路口,0,0,1,2,H01,8,1,5,50,3,1,1,5,4,5,7,4,4,5,5,5,2,3,2,44,2,9,1,1,8,16,8,20,1,16,,67,,1,22,9,121.5022794,25.13398659
111,12,25,11,45,2,04大安區,大安區通化街與通化街120巷口,0,0,2,1,F01,8,1,5,30,4,1,1,5,4,5,7,4,4,5,5,5,2,17,2,78,2,9,1,1,7,1,8,20,2,15,,19,,1,22,9,121.5539491,25.02930687
111,12,25,11,45,2,04大安區,大安區通化街與通化街120巷口,0,0,2,2,C03,8,1,5,30,4,1,1,5,4,5,7,4,4,5,5,5,2,17,1,52,2,9,1,1,7,9,1,10,2,14,,23,,1,22,9,121.5539491,25.02930687
111,12,25,12,28,2,10文山區,文山區景文街171號之1對面,0,0,1,1,F01,8,1,8,0,15,20,4,5,4,5,7,4,4,10,5,5,2,9,1,14,3,10,1,1,7,9,8,20,2,16,,23,,1,22,9,121.540816,24.98904164
111,12,25,12,28,2,10文山區,文山區景文街171號之1對面,0,0,1,2,H01,8,1,8,0,15,20,4,5,4,5,7,4,4,10,5,5,2,9,1,78,2,8,4,1,8,16,8,20,10,16,,67,,1,22,9,121.540816,24.98904164
111,12,25,12,37,2,01大同區,大同區民權西路266號,0,0,2,1,C03,8,1,5,50,14,9,1,5,4,5,7,1,1,9,4,1,2,12,1,64,2,9,1,1,7,5,1,10,1,14,,8,,1,22,9,121.5121465,25.0627612
111,12,25,12,37,2,01大同區,大同區民權西路266號,0,0,2,2,C03,8,1,5,50,14,9,1,5,4,5,7,1,1,9,4,1,2,12,2,35,2,9,1,1,7,9,1,10,1,11,,44,,1,22,9,121.5121465,25.0627612
111,12,25,12,54,2,08士林區,士林區中山北路5段與至誠路2段口,0,0,1,1,F01,8,1,5,50,4,2,1,5,4,5,7,3,1,5,5,5,1,17,2,63,2,9,1,1,7,5,8,20,1,16,,8,,1,22,9,121.5264914,25.10094266
111,12,25,12,54,2,08士林區,士林區中山北路5段與至誠路2段口,0,0,1,2,B03,8,1,5,50,4,2,1,5,4,5,7,3,1,5,5,5,1,17,1,30,3,10,1,1,7,9,1,8,1,1,,23,,1,22,9,121.5264914,25.10094266
111,12,25,13,5,2,04大安區,大安區和平東路1段與和平東路1段188巷口,0,0,1,1,B01,8,1,5,50,4,1,1,5,4,5,7,2,1,1,4,4,2,17,1,64,3,10,1,1,7,8,1,4,1,15,,7,,1,22,9,121.5304866,25.02633226
111,12,25,13,5,2,04大安區,大安區和平東路1段與和平東路1段188巷口,0,0,1,2,C03,8,1,5,50,4,1,1,5,4,5,7,2,1,1,4,4,2,17,2,29,2,8,1,1,7,9,1,10,1,15,,42,,1,22,9,121.5304866,25.02633226
111,12,25,13,5,2,11南港區,南港區東明街與興南街60巷口,0,0,1,1,B03,8,1,5,30,4,2,1,5,4,5,7,2,1,8,5,5,2,17,2,41,3,10,3,4,7,14,1,8,2,15,,23,,1,22,9,121.6043684,25.0556542
111,12,25,13,5,2,11南港區,南港區東明街與興南街60巷口,0,0,1,2,F01,8,1,5,30,4,2,1,5,4,5,7,2,1,8,5,5,2,17,2,63,2,5,1,1,7,21,8,20,2,16,,44,,1,22,9,121.6043684,25.0556542
111,12,25,13,10,2,06松山區,松山區三民路80巷與延壽街72巷口,0,0,1,1,B03,8,1,5,30,4,1,1,5,4,5,7,4,4,10,5,5,2,15,1,30,3,10,1,1,7,9,1,8,1,4,,6,,1,22,9,121.5654319,25.05636398
111,12,25,13,10,2,06松山區,松山區三民路80巷與延壽街72巷口,0,0,1,2,C03,8,1,5,30,4,1,1,5,4,5,7,4,4,10,5,5,2,15,2,66,2,7,1,1,7,9,4,8,1,11,,23,,1,22,9,121.5654319,25.05636398
111,12,25,13,30,2,04大安區,大安區信義路3段與建國南路1段口,0,0,1,1,B03,8,1,5,50,4,1,1,5,4,5,7,1,1,3,4,5,1,16,1,37,3,10,1,1,7,5,1,8,1,7,,8,,1,22,9,121.5377476,25.0335899
111,12,25,13,30,2,04大安區,大安區信義路3段與建國南路1段口,0,0,1,2,C03,8,1,5,50,4,1,1,5,4,5,7,1,1,3,4,5,1,16,2,26,2,9,1,1,7,9,1,10,1,14,,13,,1,22,9,121.5377476,25.0335899
111,12,25,13,33,2,06松山區,松山區撫遠街211巷與撫遠街口,0,0,1,1,B01,7,1,5,30,4,1,1,5,4,5,7,2,1,9,4,4,2,17,1,51,3,10,1,1,7,6,1,4,1,8,,9,,1,22,9,121.5677889,25.06001381
111,12,25,13,33,2,06松山區,松山區撫遠街211巷與撫遠街口,0,0,1,2,C03,7,1,5,30,4,1,1,5,4,5,7,2,1,9,4,4,2,17,2,71,2,9,1,1,7,5,1,10,1,15,,44,,1,22,9,121.5677889,25.06001381
111,12,25,13,34,2,10文山區,文山區興隆路1段13號,0,0,1,1,B03,8,1,5,50,14,9,1,5,4,5,7,4,4,1,4,5,2,16,2,47,3,10,1,1,7,1,1,8,1,4,,19,,1,22,9,121.5394725,25.004299
111,12,25,13,34,2,10文山區,文山區興隆路1段13號,0,0,1,2,C03,8,1,5,50,14,9,1,5,4,5,7,4,4,1,4,5,2,16,1,17,2,9,1,1,7,9,2,18,1,12,,13,,1,22,9,121.5394725,25.004299
111,12,25,13,35,2,03中山區,中山區北安路470號,0,0,3,1,C03,8,1,5,50,14,9,1,5,4,5,7,4,4,1,4,5,2,13,1,19,2,8,1,4,7,9,1,10,1,11,,16,,1,22,9,121.5448789,25.0796933
111,12,25,13,35,2,03中山區,中山區北安路470號,0,0,3,2,C03,8,1,5,50,14,9,1,5,4,5,7,4,4,1,4,5,2,13,2,33,2,9,1,4,7,9,1,10,1,13,,44,,1,22,9,121.5448789,25.0796933
111,12,25,13,35,2,03中山區,中山區北安路470號,0,0,3,3,H02,8,1,5,50,14,9,1,5,4,5,7,4,4,1,4,5,2,13,2,35,2,9,4,5,7,17,8,20,10,16,,67,,1,22,9,121.5448789,25.0796933
111,12,25,13,43,2,03中山區,中山區市民大道2段與長安東路1段52巷口,0,0,1,1,B03,8,1,5,40,5,2,1,5,4,5,7,3,1,1,4,5,1,17,1,44,3,10,1,1,7,6,1,8,1,6,,6,,1,22,9,121.5278587,25.04710677
111,12,25,13,43,2,03中山區,中山區市民大道2段與長安東路1段52巷口,0,0,1,2,C03,8,1,5,40,5,2,1,5,4,5,7,3,1,1,4,5,1,17,1,32,2,8,1,1,7,9,1,10,1,11,,13,,1,22,9,121.5278587,25.04710677
111,12,25,13,52,2,04大安區,大安區和平東路2段118巷與和平東路2段口,0,0,2,1,B03,8,1,5,30,3,1,1,5,4,5,7,4,4,1,4,5,2,15,1,73,2,9,1,1,7,9,1,10,1,8,,6,,1,22,9,121.5428909,25.02484124
111,12,25,13,52,2,04大安區,大安區和平東路2段118巷與和平東路2段口,0,0,2,2,C03,8,1,5,30,3,1,1,5,4,5,7,4,4,1,4,5,2,15,1,19,2,9,1,1,7,9,1,8,1,12,,23,,1,22,9,121.5428909,25.02484124
111,12,25,14,5,2,08士林區,士林區至善路2段與至善路2段1巷口,0,0,1,1,B03,8,1,5,40,3,2,1,5,4,5,7,4,4,1,4,4,1,17,1,64,3,10,1,1,7,6,1,8,1,6,,5,,1,22,9,121.5432377,25.09729832
111,12,25,14,5,2,08士林區,士林區至善路2段與至善路2段1巷口,0,0,1,2,C04,8,1,5,40,3,2,1,5,4,5,7,4,4,1,4,4,1,17,1,30,2,9,1,1,7,9,1,10,1,11,,23,,1,22,9,121.5432377,25.09729832
111,12,25,14,28,2,09北投區,北投區立農街2段301號,0,0,1,1,C04,8,1,8,50,15,22,1,5,4,5,7,2,1,6,3,5,1,16,2,57,2,9,1,1,7,1,1,11,2,12,,19,,1,22,9,121.5173261,25.11918589
111,12,25,14,28,2,09北投區,北投區立農街2段301號,0,0,1,2,E03,8,1,8,50,15,22,1,5,4,5,7,2,1,6,3,5,1,16,1,49,3,10,3,1,7,1,1,8,2,8,,19,,1,22,9,121.5173261,25.11918589
111,12,25,14,53,2,12內湖區,內湖區東湖路160巷與康樂街口,0,0,1,1,C03,8,1,5,50,4,1,1,5,4,5,7,2,1,9,4,5,2,16,2,24,2,9,1,1,7,8,1,10,1,13,,7,,1,22,9,121.6175562,25.06785378
111,12,25,14,53,2,12內湖區,內湖區東湖路160巷與康樂街口,0,0,1,2,B03,8,1,5,50,4,1,1,5,4,5,7,2,1,9,4,5,2,16,1,36,3,10,1,1,7,9,1,8,1,8,,23,,1,22,9,121.6175562,25.06785378
111,12,25,15,13,2,07信義區,信義區永吉路與永吉路120巷口口,0,0,1,1,B03,8,1,5,50,5,2,1,5,4,5,7,2,1,1,4,5,2,17,1,50,3,10,3,4,7,5,1,8,2,1,,6,,1,22,9,121.5702894,25.0454095
111,12,25,15,13,2,07信義區,信義區永吉路與永吉路120巷口口,0,0,1,2,C03,8,1,5,50,5,2,1,5,4,5,7,2,1,1,4,5,2,17,1,45,2,8,3,4,7,9,1,10,2,11,,14,,1,22,9,121.5702894,25.0454095
111,12,25,15,15,2,04大安區,大安區仁愛路4段與仁愛路4段222巷口,0,0,1,1,B03,8,1,5,50,3,2,1,5,4,5,7,4,4,1,4,5,2,17,1,49,4,11,3,4,7,10,7,19,11,15,,7,,2,22,9,121.5520054,25.03767792
111,12,25,15,15,2,04大安區,大安區仁愛路4段與仁愛路4段222巷口,0,0,1,2,C03,8,1,5,50,3,2,1,5,4,5,7,4,4,1,4,5,2,17,1,26,2,9,1,1,7,9,1,10,9,11,,44,,1,22,9,121.5520054,25.03767792
111,12,25,15,44,2,05中正區,中正區重慶南路2段中正二分局側門前,0,0,2,1,C03,7,1,5,50,14,9,1,5,4,5,7,4,4,1,4,5,2,12,2,39,2,7,1,1,7,8,1,10,1,12,,7,,1,22,9,121.5141123,25.03224126
111,12,25,15,44,2,05中正區,中正區重慶南路2段中正二分局側門前,0,0,2,2,C03,7,1,5,50,14,9,1,5,4,5,7,4,4,1,4,5,2,12,1,44,2,7,1,1,7,9,1,10,1,14,,44,,1,22,9,121.5141123,25.03224126
111,12,25,16,0,2,06松山區,松山區市民大道6段151號,0,0,2,1,C03,8,1,5,40,14,9,1,5,4,5,7,4,4,1,3,5,2,17,1,48,2,9,1,1,7,8,1,10,1,13,,7,,1,22,9,121.5799054,25.04951739
111,12,25,16,0,2,06松山區,松山區市民大道6段151號,0,0,2,2,C03,8,1,5,40,14,9,1,5,4,5,7,4,4,1,3,5,2,17,2,31,2,9,1,4,7,9,1,10,1,11,,44,,1,22,9,121.5799054,25.04951739
111,12,25,16,11,2,07信義區,信義區松智路與松勤街口,0,0,1,1,C03,8,1,5,50,4,2,1,5,4,5,7,1,1,5,5,5,2,17,1,36,3,10,3,4,7,5,1,10,1,11,,6,,1,22,9,121.5654188,25.0320075
111,12,25,16,11,2,07信義區,信義區松智路與松勤街口,0,0,1,2,C03,8,1,5,50,4,2,1,5,4,5,7,1,1,5,5,5,2,17,1,22,2,9,3,4,7,9,1,10,1,14,,44,,1,22,9,121.5654188,25.0320075
111,12,25,16,32,2,02萬華區,萬華區雙和街與西藏路125巷口,0,0,1,1,C03,8,1,5,50,4,1,1,5,4,5,7,2,1,8,3,5,1,12,1,68,2,8,3,4,7,1,1,10,1,12,,26,,1,22,9,121.5027933,25.0280145
111,12,25,16,32,2,02萬華區,萬華區雙和街與西藏路125巷口,0,0,1,2,B03,8,1,5,50,4,1,1,5,4,5,7,2,1,8,3,5,1,12,1,41,3,10,3,4,7,1,1,8,1,4,,44,,1,22,9,121.5027933,25.0280145
111,12,25,16,55,2,07信義區,信義區莊敬路289巷4弄與莊敬路289巷口,0,0,1,1,C03,8,1,5,30,4,1,1,5,4,5,7,4,4,10,5,5,2,15,1,47,2,9,3,4,7,9,1,10,1,12,,6,,1,22,9,121.5633845,25.0289671
111,12,25,16,55,2,07信義區,信義區莊敬路289巷4弄與莊敬路289巷口,0,0,1,2,B03,8,1,5,30,4,1,1,5,4,5,7,4,4,10,5,5,2,15,1,45,3,10,3,4,7,9,1,8,1,1,,14,,1,22,9,121.5633845,25.0289671
111,12,25,17,20,2,04大安區,大安區羅斯福路4段113巷19弄附近側附近,0,0,1,1,B12,8,3,5,30,14,9,1,5,4,5,7,4,4,8,5,5,2,17,1,56,3,10,1,1,7,13,1,7,1,4,,40,,1,22,9,121.5395436,25.0112981
111,12,25,17,20,2,04大安區,大安區羅斯福路4段113巷19弄附近側附近,0,0,1,2,F01,8,3,5,30,14,9,1,5,4,5,7,4,4,8,5,5,2,17,1,21,2,9,1,1,7,9,8,20,1,16,,44,,1,22,9,121.5395436,25.0112981
111,12,25,17,39,2,04大安區,大安區忠孝東路4段248巷與忠孝東路4段216巷19弄口,0,0,2,1,C03,8,3,5,30,4,1,1,5,4,5,7,4,4,10,5,5,2,15,1,21,2,8,3,4,7,9,1,10,1,14,,6,,1,22,9,121.5537593,25.040439
111,12,25,17,39,2,04大安區,大安區忠孝東路4段248巷與忠孝東路4段216巷19弄口,0,0,2,2,C03,8,3,5,30,4,1,1,5,4,5,7,4,4,10,5,5,2,15,1,23,2,8,3,4,7,9,1,10,1,11,,23,,1,22,9,121.5537593,25.040439
111,12,25,17,44,2,09北投區,北投區大業路與大業路65巷口,0,0,1,1,B03,7,3,5,50,3,1,1,5,4,5,7,1,1,10,5,5,2,16,2,52,3,10,1,1,7,9,1,8,1,5,,23,,1,22,9,121.4991771,25.1231945
111,12,25,17,44,2,09北投區,北投區大業路與大業路65巷口,0,0,1,2,C03,7,3,5,50,3,1,1,5,4,5,7,1,1,10,5,5,2,16,2,19,2,8,1,1,7,1,1,10,1,11,,44,,1,22,9,121.4991771,25.1231945