發生年度,發生月,發生日,發生時-Hours,發生分,處理別-編號,區序,肇事地點,死亡人數,2-30日死亡人數,受傷人數,當事人序號,車種,天候,光線,道路類別,速限-速度限制,道路型態,事故位置,路面狀況1,路面狀況2,路面狀況3,道路障礙1,道路障礙2,號誌1,號誌2,車道劃分-分向,車道劃分-分道1,車道劃分-分道2,車道劃分-分道3,事故類型及型態,性別,年齡,受傷程度,主要傷處,安全帽,行動電話,車輛用途,當事者行動狀態,駕駛資格情形,駕駛執照種類,飲酒情形,車輛撞擊部位1,車輛撞擊部位2,肇因碼-個別,肇因碼-主要,個人肇逃否,職業,旅次目的,座標-X,座標-Y
111,12,25,17,51,2,10文山區,文山區指南路2段143號前,0,0,1,1,B03,8,3,5,50,14,9,1,5,4,5,7,4,4,4,5,5,2,12,1,49,3,10,1,1,7,9,1,8,1,1,,23,,1,22,9,121.5771169,24.9874242
111,12,25,17,51,2,10文山區,文山區指南路2段143號前,0,0,1,2,C03,8,3,5,50,14,9,1,5,4,5,7,4,4,4,5,5,2,12,2,49,2,8,1,1,7,13,1,10,1,12,,38,,1,22,9,121.5771169,24.9874242
111,12,25,18,8,2,03中山區,中山區林森北路與錦州街口,0,0,1,1,B03,8,3,5,50,4,2,1,5,4,5,7,1,1,5,4,5,2,16,1,58,3,10,3,4,7,9,1,8,1,4,,44,,1,22,9,121.5258155,25.0602821
111,12,25,18,8,2,03中山區,中山區林森北路與錦州街口,0,0,1,2,C03,8,3,5,50,4,2,1,5,4,5,7,1,1,5,4,5,2,16,1,37,2,9,3,4,7,7,1,10,1,14,,26,,1,10,9,121.5258155,25.0602821
111,12,25,18,27,2,12內湖區,內湖區內湖路3段187巷與內湖路3段143巷口,0,0,1,1,C03,8,3,5,30,4,1,1,5,4,5,7,4,4,9,5,5,2,16,2,36,2,9,1,1,7,9,1,10,1,12,,6,,1,22,9,121.5887368,25.0875792
111,12,25,18,27,2,12內湖區,內湖區內湖路3段187巷與內湖路3段143巷口,0,0,1,2,B03,8,3,5,30,4,1,1,5,4,5,7,4,4,9,5,5,2,16,1,35,3,10,1,1,7,9,1,8,1,8,,6,,1,22,9,121.5887368,25.0875792
111,12,25,18,39,2,06松山區,松山區三民路與富錦街口,0,0,1,1,B03,8,3,5,50,4,1,1,5,4,5,7,2,1,1,4,5,2,11,4,,4,11,3,4,7,15,7,19,11,15,,43,,2,22,9,121.5631834,25.06102701
111,12,25,18,39,2,06松山區,松山區三民路與富錦街口,0,0,1,2,C03,8,3,5,50,4,1,1,5,4,5,7,2,1,1,4,5,2,11,1,22,2,8,1,1,7,9,1,10,1,15,,14,,1,22,9,121.5631834,25.06102701
111,12,25,19,9,2,07信義區,信義區忠孝東路5段297號,0,0,1,1,B01,7,3,5,50,14,9,1,5,4,5,7,4,4,1,4,5,1,16,1,62,3,10,3,4,7,8,1,4,2,2,,7,,1,22,9,121.5727663,25.0410292
111,12,25,19,9,2,07信義區,信義區忠孝東路5段297號,0,0,1,2,C03,7,3,5,50,14,9,1,5,4,5,7,4,4,1,4,5,1,16,1,37,2,9,1,1,7,8,1,10,2,14,,23,,1,22,9,121.5727663,25.0410292
111,12,25,19,22,2,05中正區,中正區中華路1段與忠孝西路1段口,0,0,1,1,C03,8,3,5,50,4,2,1,5,4,5,7,1,1,10,4,5,2,13,1,32,3,10,1,1,7,4,1,10,2,12,,23,,1,22,9,121.5100494,25.0477498
111,12,25,19,22,2,05中正區,中正區中華路1段與忠孝西路1段口,0,0,1,2,B12,8,3,5,50,4,2,1,5,4,5,7,1,1,10,4,5,2,13,1,54,3,10,1,1,7,14,1,8,2,7,,44,,1,22,9,121.5100494,25.0477498
111,12,25,19,22,2,05中正區,中正區中華路1段與忠孝西路1段口,0,0,1,3,H02,8,3,5,50,4,2,1,5,4,5,7,1,1,10,4,5,2,13,2,29,2,8,4,5,7,20,8,20,10,16,,67,,1,22,9,121.5100494,25.0477498
111,12,25,20,17,2,04大安區,大安區辛亥路2段與建國南路2段口,0,0,1,1,C03,8,3,5,40,3,1,1,5,4,5,7,2,1,1,4,4,2,13,1,23,2,3,1,1,7,9,1,10,1,11,,16,,1,22,9,121.5381209,25.0225542
111,12,25,20,17,2,04大安區,大安區辛亥路2段與建國南路2段口,0,0,1,2,B03,8,3,5,40,3,1,1,5,4,5,7,2,1,1,4,4,2,13,1,66,3,10,1,1,7,9,1,8,1,3,,44,,1,22,9,121.5381209,25.0225542
111,12,25,20,50,2,09北投區,北投區湖山路1段與竹子湖路口,0,0,1,2,B03,8,3,5,40,3,1,1,5,4,5,7,4,4,5,5,5,1,12,1,47,3,10,1,1,7,8,1,8,1,2,,7,,1,22,9,121.5459898,25.15220125
111,12,25,20,50,2,09北投區,北投區湖山路1段與竹子湖路口,0,0,1,1,C03,8,3,5,40,3,1,1,5,4,5,7,4,4,5,5,5,1,12,1,19,2,9,1,1,7,6,1,10,1,14,,17,,1,22,9,121.5459898,25.15220125
111,12,25,20,57,2,07信義區,信義區忠孝東路5段167號0巷,0,0,2,1,C03,7,3,5,50,14,9,1,5,4,5,7,2,1,10,4,5,1,16,1,52,2,8,3,4,7,8,1,9,1,12,,7,,1,22,9,121.5687776,25.0411483
111,12,25,20,57,2,07信義區,信義區忠孝東路5段167號0巷,0,0,2,2,C03,7,3,5,50,14,9,1,5,4,5,7,2,1,10,4,5,1,16,1,28,2,8,3,4,7,9,1,10,1,11,,13,,1,22,9,121.5687776,25.0411483
111,12,25,21,36,2,03中山區,中山區新生北路1段62巷與市民大道3段口,0,0,1,1,C02,8,4,5,40,4,1,1,5,4,5,7,1,1,1,4,5,2,11,1,40,2,8,1,1,7,7,1,9,1,15,,7,,1,22,9,121.5309145,25.04596111
111,12,25,21,36,2,03中山區,中山區新生北路1段62巷與市民大道3段口,0,0,1,2,B03,8,4,5,40,4,1,1,5,4,5,7,1,1,1,4,5,2,11,1,43,3,10,3,4,7,9,1,8,1,4,,23,,1,22,9,121.5309145,25.04596111
111,12,25,21,36,2,03中山區,中山區新生北路1段62巷與市民大道3段口,0,0,1,3,B01,8,4,5,40,4,1,1,5,4,5,7,1,1,1,4,5,2,11,1,29,3,10,3,4,7,9,1,4,1,4,,13,,1,22,9,121.5309145,25.04596111
111,12,25,21,36,2,07信義區,信義區富陽街67號,0,0,2,1,F01,8,3,5,50,14,9,1,5,4,5,7,4,4,10,4,5,1,12,2,51,2,1,1,1,7,9,8,20,1,16,,6,,1,22,9,121.5552119,25.02272562
111,12,25,21,36,2,07信義區,信義區富陽街67號,0,0,2,2,C03,8,3,5,50,14,9,1,5,4,5,7,4,4,10,4,5,1,12,1,31,2,8,3,4,7,9,1,10,1,11,,23,,1,22,9,121.5552119,25.02272562
111,12,25,23,30,2,03中山區,中山區中山北路2段與民權西路口,0,0,1,1,B01,8,3,5,50,4,1,1,5,4,5,7,1,1,5,4,4,2,16,1,60,3,10,1,1,7,5,1,4,1,2,,6,,1,22,9,121.5224708,25.06285307
111,12,25,23,30,2,03中山區,中山區中山北路2段與民權西路口,0,0,1,2,C03,8,3,5,50,4,1,1,5,4,5,7,1,1,5,4,4,2,16,1,42,2,9,1,1,7,9,1,10,1,11,,13,,1,22,9,121.5224708,25.06285307
111,12,25,23,46,2,03中山區,中山區民權東路2段與吉林路口,0,0,1,1,C03,7,3,5,50,4,1,1,5,4,5,7,2,1,4,3,5,2,3,1,24,3,10,3,4,7,6,1,10,2,12,,25,,1,22,9,121.5303473,25.0623892
111,12,25,23,46,2,03中山區,中山區民權東路2段與吉林路口,0,0,1,2,H01,7,3,5,50,4,1,1,5,4,5,7,2,1,4,3,5,2,3,1,41,2,9,4,5,8,16,8,20,10,16,,67,,1,22,9,121.5303473,25.0623892
111,12,26,0,46,2,06松山區,松山區基隆路1段與市民大道5段口,0,0,1,1,B03,8,1,5,50,4,1,1,5,4,5,7,1,1,1,3,5,2,17,1,48,3,10,3,4,7,6,1,8,2,2,,9,,1,22,9,121.5691358,25.04903734
111,12,26,0,46,2,06松山區,松山區基隆路1段與市民大道5段口,0,0,1,2,C03,8,1,5,50,4,1,1,5,4,5,7,1,1,1,3,5,2,17,1,38,2,9,3,4,7,9,1,10,2,14,,23,,1,22,9,121.5691358,25.04903734
111,12,26,1,14,2,07信義區,信義區松信路與虎林街120巷口,0,0,1,1,C03,8,3,5,30,4,2,1,5,4,5,7,3,1,5,4,5,2,15,2,21,2,8,1,1,7,9,1,10,2,12,,6,,1,22,8,121.5719797,25.0421177
111,12,26,1,14,2,07信義區,信義區松信路與虎林街120巷口,0,0,1,2,B01,8,3,5,30,4,2,1,5,4,5,7,3,1,5,4,5,2,15,1,60,3,10,1,1,7,9,1,4,2,8,,14,,1,22,8,121.5719797,25.0421177
111,12,26,6,30,2,03中山區,中山區林森北路121號,0,0,1,1,C03,8,1,5,50,14,9,1,5,4,5,7,4,4,1,4,5,2,13,1,22,2,8,3,4,7,9,1,10,1,11,,23,,1,22,9,121.5250833,25.05079364
111,12,26,6,30,2,03中山區,中山區林森北路121號,0,0,1,2,B01,8,1,5,50,14,9,1,5,4,5,7,4,4,1,4,5,2,13,1,41,3,10,3,4,7,14,1,4,1,3,,38,,1,22,9,121.5250833,25.05079364
111,12,26,6,50,2,08士林區,士林區天母東路與中山北路6段口,0,0,1,1,B03,8,1,5,50,5,1,1,5,4,5,7,2,1,1,4,5,2,3,1,50,3,10,3,4,7,5,1,8,2,1,,15,,1,22,9,121.5299929,25.11826227
111,12,26,6,50,2,08士林區,士林區天母東路與中山北路6段口,0,0,1,2,H01,8,1,5,50,5,1,1,5,4,5,7,2,1,1,4,5,2,3,2,52,2,5,4,5,8,16,8,20,10,16,,67,,1,22,9,121.5299929,25.11826227
111,12,26,7,4,2,09北投區,北投區湖底路044號燈桿,0,0,1,1,B12,8,1,5,30,11,9,1,5,4,5,1,4,4,10,5,5,1,17,1,53,3,10,1,1,7,9,1,8,2,15,,13,,1,22,9,121.5385365,25.1523932
111,12,26,7,4,2,09北投區,北投區湖底路044號燈桿,0,0,1,2,C03,8,1,5,30,11,9,1,5,4,5,1,4,4,10,5,5,1,17,1,23,2,9,1,1,7,9,1,10,2,14,,42,,1,22,9,121.5385365,25.1523932
111,12,26,7,20,2,10文山區,文山區羅斯福路5段136號,0,0,1,1,C03,8,1,5,50,14,9,1,5,4,5,7,4,4,1,4,5,2,17,2,63,3,10,1,1,7,9,1,10,1,15,,43,,1,22,9,121.5389231,25.0058798
111,12,26,7,20,2,10文山區,文山區羅斯福路5段136號,0,0,1,2,C03,8,1,5,50,14,9,1,5,4,5,7,4,4,1,4,5,2,17,1,39,2,8,1,1,7,9,1,10,1,12,,43,,1,22,9,121.5389231,25.0058798
111,12,26,7,25,2,03中山區,中山區北安路與劍南路口,0,0,1,1,C03,8,1,5,50,3,2,1,5,4,5,7,2,1,1,4,5,2,17,2,54,3,10,3,4,7,8,1,10,2,15,,43,,1,22,9,121.5538359,25.08527823
111,12,26,7,25,2,03中山區,中山區北安路與劍南路口,0,0,1,2,C03,8,1,5,50,3,2,1,5,4,5,7,2,1,1,4,5,2,17,1,27,2,9,3,4,7,9,1,10,2,12,,43,,1,22,9,121.5538359,25.08527823
111,12,26,7,50,2,02萬華區,萬華區康定路與內江街口,0,0,1,1,C03,8,1,5,50,4,1,1,5,4,5,7,1,1,9,4,5,2,12,2,27,3,10,1,1,7,15,1,10,1,12,,4,,1,22,9,121.502281,25.0416993
111,12,26,7,50,2,02萬華區,萬華區康定路與內江街口,0,0,1,2,C03,8,1,5,50,4,1,1,5,4,5,7,1,1,9,4,5,2,12,2,25,2,8,1,1,7,5,1,10,1,14,,44,,1,22,9,121.502281,25.0416993
111,12,26,7,50,2,09北投區,北投區文化三路20號與文化三路口,0,0,2,1,C03,8,1,5,50,3,1,1,5,4,5,7,4,4,9,4,5,2,3,1,21,2,8,3,4,7,9,1,10,2,11,,23,,1,22,9,121.4984765,25.13672476
111,12,26,7,50,2,09北投區,北投區文化三路20號與文化三路口,0,0,2,2,H01,8,1,5,50,3,1,1,5,4,5,7,4,4,9,4,5,2,3,2,62,2,9,4,5,8,16,8,20,10,16,,51,,1,22,9,121.4984765,25.13672476
111,12,26,7,53,2,09北投區,北投區東華街2段404號,0,0,1,1,B03,8,1,5,50,14,9,1,5,4,5,7,4,4,1,4,5,2,17,1,46,3,10,1,1,7,8,1,8,11,15,,7,,2,22,9,121.5033838,25.12166508
111,12,26,7,53,2,09北投區,北投區東華街2段404號,0,0,1,2,C03,8,1,5,50,14,9,1,5,4,5,7,4,4,1,4,5,2,17,2,48,2,9,1,1,7,9,1,10,1,14,,44,,1,22,9,121.5033838,25.12166508
111,12,26,8,5,2,08士林區,士林區福林路與福林路100巷口,0,0,1,1,B03,8,1,5,50,3,1,1,5,4,5,7,1,1,5,5,5,2,12,1,51,3,10,3,4,7,6,1,8,1,5,,9,,1,22,9,121.5312466,25.09583723
111,12,26,8,5,2,08士林區,士林區福林路與福林路100巷口,0,0,1,2,C03,8,1,5,50,3,1,1,5,4,5,7,1,1,5,5,5,2,12,1,18,2,9,1,1,7,9,1,10,1,14,,23,,1,22,9,121.5312466,25.09583723
111,12,26,8,10,2,11南港區,南港區松河街西往東(玉成抽水站旁),0,0,1,1,C03,8,1,5,40,14,9,1,5,4,5,7,4,4,8,4,5,2,13,2,27,2,8,1,1,7,9,1,10,1,11,,23,,1,22,9,121.582384,25.0527258
111,12,26,8,10,2,11南港區,南港區松河街西往東(玉成抽水站旁),0,0,1,2,C03,8,1,5,40,14,9,1,5,4,5,7,4,4,8,4,5,2,13,1,35,3,10,1,1,7,14,1,10,1,13,,44,,1,22,9,121.582384,25.0527258
111,12,26,8,12,2,10文山區,文山區老泉街燈桿009號旁,0,0,1,1,B12,8,1,5,40,11,9,1,5,4,5,1,4,4,9,4,5,2,17,1,44,3,10,1,1,7,1,6,8,1,15,,19,,1,22,9,121.5656388,24.98026773
111,12,26,8,12,2,10文山區,文山區老泉街燈桿009號旁,0,0,1,2,C03,8,1,5,40,11,9,1,5,4,5,1,4,4,9,4,5,2,17,2,21,2,9,1,1,7,9,1,10,1,12,,13,,1,22,9,121.5656388,24.98026773
111,12,26,8,15,2,10文山區,文山區景豐街37巷7弄與景豐街31巷口,0,0,2,1,C03,8,1,5,30,4,1,1,5,4,5,7,4,4,10,5,5,2,15,2,30,2,9,1,1,7,9,1,10,2,12,,6,,1,22,9,121.5454785,24.99999935
111,12,26,8,15,2,10文山區,文山區景豐街37巷7弄與景豐街31巷口,0,0,2,2,C02,8,1,5,30,4,1,1,5,4,5,7,4,4,10,5,5,2,15,1,30,2,9,1,1,7,9,1,9,2,11,,13,,1,22,9,121.5454785,24.99999935
111,12,26,8,16,2,09北投區,北投區中央北路2段257巷與大業路527巷39弄口口,0,0,1,1,B03,8,1,5,50,3,1,1,5,4,5,7,4,4,5,5,5,2,16,1,59,3,10,1,1,7,5,1,8,1,8,,16,,1,22,9,121.4906563,25.1371316
111,12,26,8,16,2,09北投區,北投區中央北路2段257巷與大業路527巷39弄口口,0,0,1,2,C03,8,1,5,50,3,1,1,5,4,5,7,4,4,5,5,5,2,16,2,41,2,9,1,1,7,14,1,10,1,11,,44,,1,22,9,121.4906563,25.1371316
111,12,26,8,20,2,07信義區,信義區大道路與忠孝東路5段口,0,0,1,1,B02,8,1,5,50,4,1,1,5,4,5,7,2,1,10,4,5,2,17,1,59,3,10,1,1,7,9,1,8,2,2,,44,,1,22,9,121.5810805,25.0429742
111,12,26,8,20,2,07信義區,信義區大道路與忠孝東路5段口,0,0,1,2,C03,8,1,5,50,4,1,1,5,4,5,7,2,1,10,4,5,2,17,1,56,2,9,1,1,7,8,1,10,2,14,,7,,1,22,9,121.5810805,25.0429742
111,12,26,8,30,2,09北投區,北投區大度路2段第二迴轉道,0,0,2,1,C03,8,1,5,50,14,12,1,5,4,5,7,1,1,3,4,3,2,13,1,40,3,10,3,4,7,9,6,18,1,11,,44,,1,22,9,121.478369,25.122366
111,12,26,8,30,2,09北投區,北投區大度路2段第二迴轉道,0,0,2,2,C03,8,1,5,50,14,12,1,5,4,5,7,1,1,3,4,3,2,13,2,55,2,9,3,4,7,9,1,10,1,13,,43,,1,22,9,121.478369,25.122366
111,12,26,8,30,2,09北投區,北投區大度路2段第二迴轉道,0,0,2,3,H02,8,1,5,50,14,12,1,5,4,5,7,1,1,3,4,3,2,13,1,58,2,9,4,5,7,21,8,20,10,15,,67,,1,22,9,121.478369,25.122366
111,12,26,8,36,2,02萬華區,萬華區中華路1段與桂林路口,0,0,1,1,C02,8,1,5,0,5,1,1,5,4,5,7,1,1,1,1,1,2,13,1,31,2,9,1,1,7,9,1,9,1,11,,16,,1,22,9,121.5089656,25.0459049
111,12,26,8,36,2,02萬華區,萬華區中華路1段與桂林路口,0,0,1,2,B03,8,1,5,0,5,1,1,5,4,5,7,1,1,1,1,1,2,13,1,52,3,10,1,1,7,14,1,8,1,4,,44,,1,22,9,121.5089656,25.0459049
111,12,26,8,36,2,02萬華區,萬華區中華路1段與桂林路口,0,0,1,3,,8,1,5,0,5,1,1,5,4,5,7,1,1,1,1,1,2,13,3,,,,,,,,,,,,,67,,1,,,121.5089656,25.0459049
111,12,26,8,42,2,06松山區,(三民路42號前),0,0,1,1,B03,8,1,5,50,14,7,1,5,4,5,7,4,4,9,4,4,2,12,1,38,3,10,3,4,7,11,1,8,2,8,,26,,1,22,9,121.5638584,25.05341712
111,12,26,8,42,2,06松山區,(三民路42號前),0,0,1,2,C03,8,1,5,50,14,7,1,5,4,5,7,4,4,9,4,4,2,12,1,26,2,9,1,4,7,9,1,10,2,12,,4,,1,22,9,121.5638584,25.05341712
111,12,26,8,52,2,07信義區,信義區松勤街17號,0,0,1,2,H02,8,1,5,30,14,9,1,5,4,5,7,4,4,9,5,5,2,9,2,54,3,10,4,5,7,19,8,20,10,16,,56,,1,22,9,121.5615439,25.0320909
111,12,26,8,52,2,07信義區,信義區松勤街17號,0,0,1,3,C03,8,1,5,30,14,9,1,5,4,5,7,4,4,9,5,5,2,9,1,58,2,9,1,1,7,9,1,10,1,14,,44,,1,22,9,121.5615439,25.0320909
111,12,26,8,52,2,07信義區,信義區松勤街17號,0,0,1,1,B01,8,1,5,30,14,9,1,5,4,5,7,4,4,9,5,5,2,9,1,66,3,10,1,1,7,14,1,4,1,2,,38,,1,22,9,121.5615439,25.0320909
111,12,26,8,54,2,08士林區,士林區中山北路5段765巷與福志路口,0,0,2,1,C03,8,1,5,30,5,1,1,5,4,5,7,2,1,9,5,5,1,17,1,60,2,9,1,1,7,5,1,10,2,14,,8,,1,22,9,121.5301352,25.09909859
111,12,26,8,54,2,08士林區,士林區中山北路5段765巷與福志路口,0,0,2,2,C03,8,1,5,30,5,1,1,5,4,5,7,2,1,9,5,5,1,17,2,54,2,8,1,1,7,6,1,10,2,11,,9,,1,22,9,121.5301352,25.09909859
111,12,26,8,54,2,10文山區,文山區萬芳路與萬芳路26巷口口,0,0,2,1,C03,8,1,5,50,3,2,1,5,4,5,7,2,1,4,3,5,2,13,2,39,2,8,1,1,7,9,1,10,2,11,,23,,1,22,9,121.570839,24.9967278
111,12,26,8,54,2,10文山區,文山區萬芳路與萬芳路26巷口口,0,0,2,2,C03,8,1,5,50,3,2,1,5,4,5,7,2,1,4,3,5,2,13,2,57,3,10,1,1,7,1,1,10,2,13,,44,,1,22,9,121.570839,24.9967278
111,12,26,8,54,2,10文山區,文山區萬芳路與萬芳路26巷口口,0,0,2,3,C03,8,1,5,50,3,2,1,5,4,5,7,2,1,4,3,5,2,13,1,20,2,8,1,1,7,9,1,10,2,14,,44,,1,22,9,121.570839,24.9967278
111,12,26,8,57,2,03中山區,中山區建國北路3段83號,0,0,2,1,C03,8,1,5,50,11,9,1,5,4,5,7,4,4,10,4,5,2,16,2,50,2,9,1,1,7,1,1,10,1,14,,19,,1,22,9,121.5369644,25.0655106
111,12,26,8,57,2,03中山區,中山區建國北路3段83號,0,0,2,2,C03,8,1,5,50,11,9,1,5,4,5,7,4,4,10,4,5,2,16,1,21,2,9,1,1,7,9,1,10,1,11,14,13,,1,22,9,121.5369644,25.0655106
111,12,26,8,58,2,10文山區,文山區興隆路3段192巷8弄34號,0,0,1,1,B12,8,1,5,30,14,9,1,5,4,5,7,4,4,9,5,5,2,17,1,43,3,10,1,1,7,14,1,8,1,4,,38,,1,22,9,121.5575091,24.99782564
111,12,26,8,58,2,10文山區,文山區興隆路3段192巷8弄34號,0,0,1,2,C03,8,1,5,30,14,9,1,5,4,5,7,4,4,9,5,5,2,17,2,44,2,9,1,1,7,9,1,10,1,12,,44,,1,22,9,121.5575091,24.99782564
111,12,26,8,58,2,10文山區,文山區興隆路3段192巷8弄34號,0,0,1,3,H02,8,1,5,30,14,9,1,5,4,5,7,4,4,9,5,5,2,17,1,47,3,10,4,1,7,20,8,20,10,16,,60,,1,22,9,121.5575091,24.99782564
111,12,26,9,0,2,09北投區,北投區泉源路與新民路口,0,0,1,1,C03,8,1,5,40,3,1,1,5,4,5,7,3,1,5,5,5,2,17,1,63,2,9,1,1,7,6,1,10,2,14,,42,,1,22,9,121.5051351,25.1384963
111,12,26,9,0,2,09北投區,北投區泉源路與新民路口,0,0,1,2,B03,8,1,5,40,3,1,1,5,4,5,7,3,1,5,5,5,2,17,2,47,3,10,1,1,7,14,1,8,2,8,,44,,1,22,9,121.5051351,25.1384963
111,12,26,9,3,2,04大安區,大安區建國南路2段與瑞安街276巷口,0,0,1,2,B01,8,1,5,50,3,2,1,5,4,5,7,4,4,1,4,5,2,17,1,68,3,10,1,1,7,9,1,4,1,3,,44,,1,22,9,121.5379664,25.0264923
111,12,26,9,3,2,04大安區,大安區建國南路2段與瑞安街276巷口,0,0,1,1,C03,8,1,5,50,3,2,1,5,4,5,7,4,4,1,4,5,2,17,1,18,2,9,1,1,7,8,1,10,1,14,,23,,1,22,9,121.5379664,25.0264923
111,12,26,9,18,2,04大安區,大安區和平東路2段與新生南路3段口,0,0,2,1,H01,8,1,5,0,4,1,1,5,4,5,7,2,1,1,3,5,2,3,2,29,2,9,4,4,8,16,8,20,1,16,,53,,1,22,9,121.5349302,25.025955
111,12,26,9,18,2,04大安區,大安區和平東路2段與新生南路3段口,0,0,2,2,C03,8,1,5,0,4,1,1,5,4,5,7,2,1,1,3,5,2,3,2,39,2,9,3,4,7,9,1,10,1,11,,23,,1,22,9,121.5349302,25.025955
111,12,26,9,32,2,09北投區,北投區大度路1段155號,0,0,1,1,B01,8,1,5,60,14,12,1,5,4,5,7,1,1,1,3,1,2,17,1,55,3,10,1,1,7,6,1,4,1,2,,9,,1,22,9,121.4930179,25.12129719
111,12,26,9,32,2,09北投區,北投區大度路1段155號,0,0,1,2,C03,8,1,5,60,14,12,1,5,4,5,7,1,1,1,3,1,2,17,1,28,2,9,1,1,7,9,1,10,1,11,,44,,1,22,9,121.4930179,25.12129719
111,12,26,9,42,2,03中山區,中山區中山北路3段62號前,0,0,3,1,C03,8,1,5,50,14,9,1,5,4,5,7,4,4,1,4,5,2,12,1,19,2,9,1,4,7,8,1,10,2,12,,23,,1,22,9,121.5237074,25.0720854
111,12,26,9,42,2,03中山區,中山區中山北路3段62號前,0,0,3,2,C03,8,1,5,50,14,9,1,5,4,5,7,4,4,1,4,5,2,12,1,59,2,9,1,4,7,8,1,10,2,12,,7,,1,23,9,121.5237074,25.0720854
111,12,26,9,42,2,03中山區,中山區中山北路3段62號前,0,0,3,3,H02,8,1,5,50,14,9,1,5,4,5,7,4,4,1,4,5,2,12,2,19,2,9,1,5,7,20,8,20,10,16,,67,,1,22,9,121.5237074,25.0720854
111,12,26,9,56,2,07信義區,信義區基隆路2段131號,0,0,1,1,B12,8,1,8,30,15,22,1,5,4,5,7,4,4,9,4,5,2,12,1,59,3,10,1,1,7,6,1,8,1,4,,6,,1,22,9,121.5566754,25.0281376
111,12,26,9,56,2,07信義區,信義區基隆路2段131號,0,0,1,2,C03,8,1,8,30,15,22,1,5,4,5,7,4,4,9,4,5,2,12,1,25,2,9,1,1,7,9,1,10,1,12,,14,,1,22,9,121.5566754,25.0281376
111,12,26,10,0,2,08士林區,士林區中正路與重慶北路4段口往百齡橋方向,0,0,1,1,C03,8,1,5,50,3,2,1,5,4,5,7,4,4,3,4,4,1,12,2,19,2,9,1,1,7,7,1,10,9,14,,7,,1,22,9,121.5118847,25.08786954
111,12,26,10,0,2,08士林區,士林區中正路與重慶北路4段口往百齡橋方向,0,0,1,2,B03,8,1,5,50,3,2,1,5,4,5,7,4,4,3,4,4,1,12,2,22,3,10,1,1,7,9,1,8,9,5,,44,,1,22,9,121.5118847,25.08786954
111,12,26,10,14,2,04大安區,大安區和平東路2段與復興南路2段口,0,0,1,1,C03,8,1,5,50,5,1,1,5,4,5,7,2,1,1,4,5,2,15,2,63,3,10,1,1,7,9,6,10,1,14,,25,,1,22,9,121.5433632,25.02479374
111,12,26,10,14,2,04大安區,大安區和平東路2段與復興南路2段口,0,0,1,2,C03,8,1,5,50,5,1,1,5,4,5,7,2,1,1,4,5,2,15,1,24,2,8,1,1,7,9,1,10,1,12,,44,,1,22,9,121.5433632,25.02479374
111,12,26,10,25,2,02萬華區,萬華區忠孝西路2段與西寧南路口,0,0,1,1,B03,8,1,5,50,3,1,1,5,4,1,7,1,1,1,4,5,2,12,2,49,3,10,1,1,7,8,1,8,2,5,,7,,1,22,9,121.5075465,25.04856251
111,12,26,10,25,2,02萬華區,萬華區忠孝西路2段與西寧南路口,0,0,1,2,C03,8,1,5,50,3,1,1,5,4,1,7,1,1,1,4,5,2,12,2,22,2,8,1,1,7,5,1,10,1,14,,44,,1,22,9,121.5075465,25.04856251
111,12,26,10,41,2,04大安區,大安區忠孝東路4段與忠孝東路4段248巷口,0,0,2,1,C03,8,1,5,50,14,9,1,5,4,5,7,2,1,1,4,5,2,13,1,38,2,9,1,1,7,9,1,10,2,11,,16,,1,21,8,121.5541343,25.04148396
111,12,26,10,41,2,04大安區,大安區忠孝東路4段與忠孝東路4段248巷口,0,0,2,2,C03,8,1,5,50,14,9,1,5,4,5,7,2,1,1,4,5,2,13,1,49,2,8,1,1,7,9,1,10,2,12,,44,,1,21,8,121.5541343,25.04148396
111,12,26,11,0,2,03中山區,中山區長安東路2段與伊通街口,0,0,1,1,B02,8,1,5,50,4,2,1,5,4,5,7,2,1,10,5,5,2,2,1,25,3,10,1,1,7,6,1,8,1,1,,15,,1,22,9,121.5347255,25.0483867
111,12,26,11,0,2,03中山區,中山區長安東路2段與伊通街口,0,0,1,2,H01,8,1,5,50,4,2,1,5,4,5,7,2,1,10,5,5,2,2,1,25,2,8,4,5,8,16,8,20,10,16,,67,,1,22,9,121.5347255,25.0483867
111,12,26,11,0,2,07信義區,信義區吳興街220巷與信安街103巷口,0,0,1,1,B03,8,1,5,30,3,1,1,5,4,5,7,4,4,9,5,5,2,13,1,55,3,10,3,4,7,9,1,8,1,8,,14,,1,22,9,121.559967,25.0251204
111,12,26,11,0,2,07信義區,信義區吳興街220巷與信安街103巷口,0,0,1,2,C03,8,1,5,30,3,1,1,5,4,5,7,4,4,9,5,5,2,13,1,20,2,9,1,1,7,5,1,10,1,13,,8,,1,22,9,121.559967,25.0251204
111,12,26,11,45,2,03中山區,中山區民權東路2段146號,0,0,1,1,B12,8,1,5,50,14,9,1,5,4,5,7,4,4,1,4,5,2,12,1,28,3,10,3,4,7,4,1,8,2,2,,17,,1,22,9,121.5339268,25.06239648
111,12,26,11,45,2,03中山區,中山區民權東路2段146號,0,0,1,2,C03,8,1,5,50,14,9,1,5,4,5,7,4,4,1,4,5,2,12,1,86,2,9,3,4,7,9,1,10,2,14,,44,,1,22,9,121.5339268,25.06239648