發生年度,發生月,發生日,發生時-Hours,發生分,處理別-編號,區序,肇事地點,死亡人數,2-30日死亡人數,受傷人數,當事人序號,車種,天候,光線,道路類別,速限-速度限制,道路型態,事故位置,路面狀況1,路面狀況2,路面狀況3,道路障礙1,道路障礙2,號誌1,號誌2,車道劃分-分向,車道劃分-分道1,車道劃分-分道2,車道劃分-分道3,事故類型及型態,性別,年齡,受傷程度,主要傷處,安全帽,行動電話,車輛用途,當事者行動狀態,駕駛資格情形,駕駛執照種類,飲酒情形,車輛撞擊部位1,車輛撞擊部位2,肇因碼-個別,肇因碼-主要,個人肇逃否,職業,旅次目的,座標-X,座標-Y
111,12,26,11,45,2,10文山區,文山區辛亥路4段與辛亥路4段77巷口,0,0,1,1,C01,8,1,5,50,3,1,1,5,4,5,7,2,1,1,4,5,2,15,1,63,3,10,1,1,7,9,1,9,1,12,,25,,1,22,9,121.5586087,25.0073902
111,12,26,11,45,2,10文山區,文山區辛亥路4段與辛亥路4段77巷口,0,0,1,2,C03,8,1,5,50,3,1,1,5,4,5,7,2,1,1,4,5,2,15,2,49,2,9,1,1,7,9,1,10,1,14,,25,,1,22,9,121.5586087,25.0073902
111,12,26,11,48,2,02萬華區,萬華區東園街與東園街46巷口,0,0,1,1,C03,8,1,5,30,3,2,1,5,4,5,7,4,4,9,4,5,2,17,1,68,2,9,1,1,7,6,4,8,1,14,,9,,1,22,9,121.4961404,25.02657615
111,12,26,11,48,2,02萬華區,萬華區東園街與東園街46巷口,0,0,1,2,B03,8,1,5,30,3,2,1,5,4,5,7,4,4,9,4,5,2,17,1,82,3,10,1,1,7,9,1,8,1,2,,44,,1,22,9,121.4961404,25.02657615
111,12,26,11,50,2,09北投區,北投區天母西路與磺溪便道口,0,0,1,1,C03,8,1,5,50,4,1,1,5,4,5,7,4,4,5,5,5,2,16,1,71,2,1,1,1,7,5,1,10,1,14,,6,,1,22,9,121.5238097,25.1186724
111,12,26,11,50,2,09北投區,北投區天母西路與磺溪便道口,0,0,1,2,C03,8,1,5,50,4,1,1,5,4,5,7,4,4,5,5,5,2,16,2,21,3,10,1,1,7,9,1,10,1,11,,44,,1,22,9,121.5238097,25.1186724
111,12,26,11,55,2,01大同區,大同區承德路2段與民權西路口,0,0,2,1,C03,8,1,5,50,4,1,1,5,4,5,7,2,1,1,4,5,2,13,2,41,2,7,1,1,7,9,1,10,1,11,,16,,1,22,9,121.5181996,25.06283096
111,12,26,11,55,2,01大同區,大同區承德路2段與民權西路口,0,0,2,2,C03,8,1,5,50,4,1,1,5,4,5,7,2,1,1,4,5,2,13,2,42,2,9,1,1,7,9,1,10,1,13,,44,,1,22,9,121.5181996,25.06283096
111,12,26,12,6,2,06松山區,松山區三民路與民生東路5段137巷6弄口,0,0,1,1,B03,8,1,5,50,4,1,1,5,4,5,7,4,4,1,3,5,2,16,1,69,3,10,1,1,7,11,1,8,1,4,,10,,1,22,9,121.5632381,25.06042915
111,12,26,12,6,2,06松山區,松山區三民路與民生東路5段137巷6弄口,0,0,1,2,C03,8,1,5,50,4,1,1,5,4,5,7,4,4,1,3,5,2,16,1,61,2,9,1,1,7,9,1,10,1,11,,44,,1,22,9,121.5632381,25.06042915
111,12,26,12,10,2,04大安區,大安區和平東路2段175巷與復興南路2段210巷口,0,0,2,1,C03,8,1,5,30,4,1,1,5,4,5,7,4,4,10,5,5,2,15,1,56,2,9,3,4,7,9,1,10,2,13,,6,,1,22,9,121.5417966,25.0265591
111,12,26,12,10,2,04大安區,大安區和平東路2段175巷與復興南路2段210巷口,0,0,2,2,C03,8,1,5,30,4,1,1,5,4,5,7,4,4,10,5,5,2,15,2,32,2,9,3,4,7,9,1,10,2,11,,14,,1,22,9,121.5417966,25.0265591
111,12,26,12,38,2,07信義區,信義區忠孝東路4段550號,0,0,2,1,B01,8,1,5,50,14,9,1,5,4,5,7,4,4,1,4,5,2,13,1,52,3,10,3,4,7,9,1,4,1,5,,44,,1,22,9,121.5629862,25.04114991
111,12,26,12,38,2,07信義區,信義區忠孝東路4段550號,0,0,2,2,C03,8,1,5,50,14,9,1,5,4,5,7,4,4,1,4,5,2,13,1,32,2,9,1,1,7,7,1,10,1,13,,7,,1,22,9,121.5629862,25.04114991
111,12,26,12,38,2,07信義區,信義區忠孝東路4段550號,0,0,2,3,H02,8,1,5,50,14,9,1,5,4,5,7,4,4,1,4,5,2,13,2,34,2,9,1,1,7,17,8,20,10,16,,67,,1,22,9,121.5629862,25.04114991
111,12,26,13,0,2,03中山區,中山區南京東路3段19號,0,0,2,1,B03,8,1,5,50,14,9,1,5,4,5,7,4,4,3,4,5,2,12,2,22,3,10,1,1,7,9,1,8,1,8,,23,,1,22,9,121.5377049,25.05207141
111,12,26,13,0,2,03中山區,中山區南京東路3段19號,0,0,2,2,C03,8,1,5,50,14,9,1,5,4,5,7,4,4,3,4,5,2,12,2,73,2,9,1,1,7,8,1,10,1,13,,7,,1,22,9,121.5377049,25.05207141
111,12,26,13,0,2,03中山區,中山區南京東路3段19號,0,0,2,3,H02,8,1,5,50,14,9,1,5,4,5,7,4,4,3,4,5,2,12,2,48,2,9,1,5,7,20,8,20,10,16,,67,,1,22,9,121.5377049,25.05207141
111,12,26,13,14,2,11南港區,南港區經貿二路200號,0,0,1,1,H01,8,1,5,50,14,9,1,5,4,5,7,4,4,8,3,5,2,3,2,65,2,9,4,5,8,16,8,20,10,16,,51,,1,22,9,121.614718,25.0594468
111,12,26,13,14,2,11南港區,南港區經貿二路200號,0,0,1,2,B02,8,1,5,50,14,9,1,5,4,5,7,4,4,8,3,5,2,3,1,28,3,10,3,4,7,9,1,8,2,1,,23,,1,22,9,121.614718,25.0594468
111,12,26,13,17,2,09北投區,北投區承德路7段229-2號,0,0,3,1,C03,8,1,5,40,14,8,1,5,4,5,7,4,4,1,4,4,2,13,1,43,2,8,1,1,7,9,6,18,11,11,,16,,2,22,9,121.5057638,25.11541533
111,12,26,13,17,2,09北投區,北投區承德路7段229-2號,0,0,3,2,C03,8,1,5,40,14,8,1,5,4,5,7,4,4,1,4,4,2,13,1,32,2,9,1,1,7,9,1,10,2,13,,44,,1,22,9,121.5057638,25.11541533
111,12,26,13,17,2,09北投區,北投區承德路7段229-2號,0,0,3,3,F01,8,1,5,40,14,8,1,5,4,5,7,4,4,1,4,4,2,13,1,76,2,7,1,1,7,9,8,20,2,16,,44,,1,22,9,121.5057638,25.11541533
111,12,26,13,29,2,02萬華區,萬華區堤外便道(華江橋下),0,0,1,1,C03,8,1,5,40,14,9,1,5,4,5,7,4,4,10,5,5,2,17,1,27,3,10,1,4,7,5,6,10,1,14,,8,,1,22,9,121.4902736,25.03550027
111,12,26,13,29,2,02萬華區,萬華區堤外便道(華江橋下),0,0,1,2,C03,8,1,5,40,14,9,1,5,4,5,7,4,4,10,5,5,2,17,1,39,2,1,1,4,7,9,1,10,1,11,,23,,1,22,9,121.4902736,25.03550027
111,12,26,13,38,2,10文山區,文山區木柵路4段157號前,0,0,1,1,C03,8,1,5,50,14,9,1,5,4,5,7,4,4,9,4,5,2,13,2,47,2,9,1,1,7,9,1,10,1,11,,43,,1,22,9,121.5755711,24.99964282
111,12,26,13,38,2,10文山區,文山區木柵路4段157號前,0,0,1,2,C03,8,1,5,50,14,9,1,5,4,5,7,4,4,9,4,5,2,13,2,45,3,10,1,1,7,9,1,10,1,13,,43,,1,22,9,121.5755711,24.99964282
111,12,26,13,42,2,08士林區,士林區延平北路7段洲美橋下堤外道,0,0,2,1,C03,8,1,8,50,15,22,1,5,4,5,7,4,4,10,5,5,2,17,1,19,2,9,1,1,7,9,1,10,1,11,,23,,1,22,9,121.4972111,25.09686216
111,12,26,13,42,2,08士林區,士林區延平北路7段洲美橋下堤外道,0,0,2,2,C03,8,1,8,50,15,22,1,5,4,5,7,4,4,10,5,5,2,17,1,62,2,9,1,1,7,6,1,10,1,13,,9,,1,22,9,121.4972111,25.09686216
111,12,26,13,53,2,07信義區,信義區忠孝東路5段345巷與忠孝東路5段423巷5弄口口,0,0,1,1,B01,8,1,5,30,4,1,1,5,4,5,7,4,4,10,5,5,2,15,1,64,3,10,3,4,7,9,1,4,2,1,,6,,1,22,9,121.5740708,25.0418038
111,12,26,13,53,2,07信義區,信義區忠孝東路5段345巷與忠孝東路5段423巷5弄口口,0,0,1,2,C03,8,1,5,30,4,1,1,5,4,5,7,4,4,10,5,5,2,15,1,39,2,9,3,4,7,9,1,10,2,12,,23,,1,22,9,121.5740708,25.0418038
111,12,26,14,2,2,04大安區,大安區基隆路2段與敦化南路2段口,0,0,1,1,C03,8,1,5,50,14,9,1,5,4,5,7,2,1,1,4,5,2,16,1,66,2,9,1,1,7,5,1,10,2,14,,43,,1,21,8,121.5490396,25.02102818
111,12,26,14,2,2,04大安區,大安區基隆路2段與敦化南路2段口,0,0,1,2,B12,8,1,5,50,14,9,1,5,4,5,7,2,1,1,4,5,2,16,1,40,3,10,1,1,7,9,1,8,2,1,,43,,1,21,8,121.5490396,25.02102818
111,12,26,14,7,2,08士林區,士林區華齡街與劍潭路口,0,0,1,1,C03,8,1,5,30,4,1,1,5,4,5,7,4,4,10,5,5,2,16,1,68,3,10,1,1,7,5,1,10,2,13,,6,,1,22,9,121.5195373,25.08250563
111,12,26,14,7,2,08士林區,士林區華齡街與劍潭路口,0,0,1,2,C03,8,1,5,30,4,1,1,5,4,5,7,4,4,10,5,5,2,16,1,37,2,9,1,1,7,9,1,10,2,14,,14,,1,22,9,121.5195373,25.08250563
111,12,26,14,26,2,06松山區,松山區長春路494號,0,0,1,1,C03,8,1,5,50,14,9,1,5,4,5,7,4,4,9,4,5,2,11,4,,4,11,3,4,7,15,7,19,11,15,,43,,2,22,9,121.5472658,25.05447925
111,12,26,14,26,2,06松山區,松山區長春路494號,0,0,1,2,C03,8,1,5,50,14,9,1,5,4,5,7,4,4,9,4,5,2,11,1,39,3,10,1,1,7,9,1,10,1,14,,44,,1,22,9,121.5472658,25.05447925
111,12,26,14,26,2,06松山區,松山區長春路494號,0,0,1,3,H02,8,1,5,50,14,9,1,5,4,5,7,4,4,9,4,5,2,11,1,7,2,3,4,5,7,17,8,20,10,16,,67,,1,22,9,121.5472658,25.05447925
111,12,26,14,30,2,07信義區,信義區松勤街與莊敬路口,0,0,1,1,A02,8,1,5,50,4,1,1,5,4,5,7,2,1,10,4,4,2,16,1,59,4,11,3,4,7,8,7,19,11,15,,7,,2,22,9,121.5613682,25.0320035
111,12,26,14,30,2,07信義區,信義區松勤街與莊敬路口,0,0,1,2,C03,8,1,5,50,4,1,1,5,4,5,7,2,1,10,4,4,2,16,2,23,2,9,1,1,7,9,1,10,1,14,,17,,1,22,9,121.5613682,25.0320035
111,12,26,14,35,2,05中正區,中正區牯嶺街60巷與牯嶺街口,0,0,1,1,C03,8,1,5,30,3,1,1,5,4,5,6,4,4,9,4,5,2,15,1,68,3,10,1,1,7,1,1,10,1,14,,6,,1,22,9,121.5179674,25.0279622
111,12,26,14,35,2,05中正區,中正區牯嶺街60巷與牯嶺街口,0,0,1,2,C03,8,1,5,30,3,1,1,5,4,5,6,4,4,9,4,5,2,15,1,25,2,9,1,1,7,9,1,10,1,11,,44,,1,22,9,121.5179674,25.0279622
111,12,26,14,36,2,05中正區,中正區重慶南路1段與貴陽街1段口,0,0,2,1,C03,8,1,5,50,4,2,1,5,4,5,7,2,1,5,2,5,2,16,2,19,3,10,1,1,7,8,1,10,2,12,,7,,1,18,9,121.5128947,25.0386893
111,12,26,14,36,2,05中正區,中正區重慶南路1段與貴陽街1段口,0,0,2,2,C03,8,1,5,50,4,2,1,5,4,5,7,2,1,5,2,5,2,16,1,65,2,9,1,1,7,9,1,10,2,14,,44,,1,22,9,121.5128947,25.0386893
111,12,26,14,36,2,05中正區,中正區重慶南路1段與貴陽街1段口,0,0,2,3,H02,8,1,5,50,4,2,1,5,4,5,7,2,1,5,2,5,2,16,2,65,2,9,4,5,7,20,8,20,10,16,,67,,1,22,9,121.5128947,25.0386893
111,12,26,14,37,2,10文山區,文山區秀明路1段1弄與久康街口口,0,0,1,1,B02,8,1,5,50,4,1,1,5,4,5,7,2,1,4,3,5,2,16,2,54,3,10,1,1,7,11,1,8,2,2,,10,,1,22,9,121.5649855,24.9897705
111,12,26,14,37,2,10文山區,文山區秀明路1段1弄與久康街口口,0,0,1,2,C03,8,1,5,50,4,1,1,5,4,5,7,2,1,4,3,5,2,16,2,23,2,9,1,1,7,9,1,10,2,11,,44,,1,22,9,121.5649855,24.9897705
111,12,26,14,59,2,04大安區,大安區延吉街165-2號,0,0,1,1,C03,8,1,5,50,14,9,1,5,4,5,5,4,4,5,5,5,2,13,2,50,2,8,1,1,7,9,1,10,1,12,,16,,1,22,9,121.5552435,25.0385337
111,12,26,14,59,2,04大安區,大安區延吉街165-2號,0,0,1,2,C03,8,1,5,50,14,9,1,5,4,5,5,4,4,5,5,5,2,13,1,46,3,10,1,1,7,12,1,10,1,14,,44,,1,22,9,121.5552435,25.0385337
111,12,26,14,59,2,04大安區,大安區延吉街165-2號,0,0,1,3,C03,8,1,5,50,14,9,1,5,4,5,5,4,4,5,5,5,2,13,1,38,3,10,1,1,7,12,1,10,1,15,,44,,1,22,9,121.5552435,25.0385337
111,12,26,14,59,2,04大安區,大安區延吉街165-2號,0,0,1,4,C03,8,1,5,50,14,9,1,5,4,5,5,4,4,5,5,5,2,13,1,42,3,10,1,1,7,12,1,10,1,15,,44,,1,22,9,121.5552435,25.0385337
111,12,26,14,59,2,04大安區,大安區延吉街165-2號,0,0,1,5,C03,8,1,5,50,14,9,1,5,4,5,5,4,4,5,5,5,2,13,4,,4,11,3,4,7,15,7,19,11,15,,43,,2,22,9,121.5552435,25.0385337
111,12,26,15,6,2,08士林區,士林區凱旋路與光華路口,0,0,2,1,C03,8,1,5,30,3,1,1,5,4,5,7,4,4,9,5,5,1,17,1,22,2,9,1,1,7,5,1,10,1,11,,8,,1,22,9,121.5457479,25.13683397
111,12,26,15,6,2,08士林區,士林區凱旋路與光華路口,0,0,2,2,C03,8,1,5,30,3,1,1,5,4,5,7,4,4,9,5,5,1,17,1,19,2,9,1,1,7,9,1,10,1,11,,13,,1,22,9,121.5457479,25.13683397
111,12,26,15,14,2,07信義區,信義區福德街139號,0,0,1,1,B03,8,1,5,30,14,9,4,5,4,5,7,4,4,1,4,5,2,12,1,67,3,10,1,1,7,8,1,8,1,7,,7,,1,22,9,121.5827303,25.0374954
111,12,26,15,14,2,07信義區,信義區福德街139號,0,0,1,2,C03,8,1,5,30,14,9,4,5,4,5,7,4,4,1,4,5,2,12,1,43,2,9,1,1,7,9,1,10,1,14,,13,,1,22,9,121.5827303,25.0374954
111,12,26,15,23,2,08士林區,士林區福林路110211燈桿,0,0,2,1,B03,8,1,8,50,15,22,1,5,4,5,7,2,1,5,5,5,2,3,1,78,3,10,3,4,7,9,1,8,1,1,,15,,1,22,9,121.5306897,25.09547495
111,12,26,15,23,2,08士林區,士林區福林路110211燈桿,0,0,2,2,H01,8,1,8,50,15,22,1,5,4,5,7,2,1,5,5,5,2,3,2,73,2,9,4,5,8,16,8,20,10,16,,67,,1,22,9,121.5306897,25.09547495
111,12,26,15,23,2,08士林區,士林區福林路110211燈桿,0,0,2,3,H01,8,1,8,50,15,22,1,5,4,5,7,2,1,5,5,5,2,3,2,34,2,9,4,5,8,16,8,20,10,16,,67,,1,22,9,121.5306897,25.09547495
111,12,26,15,24,2,02萬華區,萬華區桂林路36號,0,0,1,1,B03,8,1,5,0,14,9,1,5,4,5,7,4,4,10,5,5,1,12,1,41,4,11,3,4,7,8,7,19,11,15,,7,,2,22,9,121.5047276,25.03781931
111,12,26,15,24,2,02萬華區,萬華區桂林路36號,0,0,1,2,C03,8,1,5,0,14,9,1,5,4,5,7,4,4,10,5,5,1,12,1,33,3,10,1,4,7,9,1,10,1,14,,44,,1,22,9,121.5047276,25.03781931
111,12,26,15,24,2,02萬華區,萬華區桂林路36號,0,0,1,3,H02,8,1,5,0,14,9,1,5,4,5,7,4,4,10,5,5,1,12,2,29,2,8,1,5,7,20,8,20,10,16,,67,,1,22,9,121.5047276,25.03781931
111,12,26,15,30,2,05中正區,中正區新生南路1段52號,0,0,1,1,B03,8,1,5,50,14,9,1,5,4,5,7,4,4,3,4,5,2,12,1,56,3,10,1,1,7,6,1,8,2,5,,9,,1,22,9,121.5326835,25.04154689
111,12,26,15,30,2,05中正區,中正區新生南路1段52號,0,0,1,2,C03,8,1,5,50,14,9,1,5,4,5,7,4,4,3,4,5,2,12,1,24,2,9,1,1,7,9,1,10,2,14,,14,,1,22,9,121.5326835,25.04154689
111,12,26,15,35,2,08士林區,士林區重慶北路4段與葫東街口,0,0,1,1,B03,8,1,5,50,3,2,1,5,4,5,7,2,1,1,4,4,1,15,2,58,3,10,1,1,7,9,1,8,2,5,,25,,1,22,9,121.5118242,25.08385815
111,12,26,15,35,2,08士林區,士林區重慶北路4段與葫東街口,0,0,1,2,C03,8,1,5,50,3,2,1,5,4,5,7,2,1,1,4,4,1,15,2,31,2,9,1,1,7,9,1,9,2,14,,44,,1,22,9,121.5118242,25.08385815
111,12,26,15,46,2,12內湖區,內湖區康寧路3段東湖捷運站2號出口,0,0,2,1,H01,8,1,5,0,14,9,1,5,4,5,7,4,4,1,3,5,2,2,2,57,2,9,4,1,8,16,8,20,10,16,,42,,1,22,9,121.6114098,25.0672783
111,12,26,15,46,2,12內湖區,內湖區康寧路3段東湖捷運站2號出口,0,0,2,2,C03,8,1,5,0,14,9,1,5,4,5,7,4,4,1,3,5,2,2,1,18,2,9,1,1,7,9,1,10,2,11,,23,,1,22,9,121.6114098,25.0672783
111,12,26,15,50,2,12內湖區,內湖區成功路3段北向南內湖國中前,0,0,1,1,C03,8,1,5,50,14,9,1,5,4,5,7,4,4,1,4,5,2,17,1,22,2,8,1,1,7,9,1,10,1,11,,23,,1,22,9,121.5900262,25.07684322
111,12,26,15,50,2,12內湖區,內湖區成功路3段北向南內湖國中前,0,0,1,2,B03,8,1,5,50,14,9,1,5,4,5,7,4,4,1,4,5,2,17,1,29,3,10,1,1,7,9,1,8,1,7,,44,,1,22,9,121.5900262,25.07684322
111,12,26,15,50,2,12內湖區,內湖區成功路3段北向南內湖國中前,0,0,1,3,B03,8,1,5,50,14,9,1,5,4,5,7,4,4,1,4,5,2,17,2,40,3,10,1,1,7,9,1,8,1,2,,44,,1,22,9,121.5900262,25.07684322
111,12,26,16,0,2,06松山區,松山區延壽街與民生東路5段260巷口,0,0,1,1,F01,8,1,5,50,4,1,1,5,4,5,7,3,1,8,3,5,1,16,2,50,2,9,1,1,7,1,8,20,1,16,,19,,1,22,9,121.5673196,25.05733118
111,12,26,16,0,2,06松山區,松山區延壽街與民生東路5段260巷口,0,0,1,2,C03,8,1,5,50,4,1,1,5,4,5,7,3,1,8,3,5,1,16,1,52,3,10,3,1,7,6,1,10,1,11,,9,,1,22,9,121.5673196,25.05733118
111,12,26,16,14,2,10文山區,文山區秀明路2段與秀明路2段115巷口,0,0,1,1,B03,8,1,5,50,3,2,1,5,4,3,1,4,4,5,2,5,2,16,1,59,3,10,3,4,7,5,1,8,2,8,,8,,1,22,9,121.5767815,24.99118187
111,12,26,16,14,2,10文山區,文山區秀明路2段與秀明路2段115巷口,0,0,1,2,C03,8,1,5,50,3,2,1,5,4,3,1,4,4,5,2,5,2,16,1,19,2,9,3,4,7,9,5,10,2,14,,23,,1,22,9,121.5767815,24.99118187
111,12,26,16,14,2,10文山區,文山區秀明路2段與秀明路2段115巷口,0,0,1,3,B03,8,1,5,50,3,2,1,5,4,3,1,4,4,5,2,5,2,16,2,25,3,10,3,4,7,14,1,8,11,15,,38,,1,22,9,121.5767815,24.99118187
111,12,26,16,14,2,10文山區,文山區秀明路2段與秀明路2段115巷口,0,0,1,4,A02,8,1,5,50,3,2,1,5,4,3,1,4,4,5,2,5,2,16,1,55,3,10,3,4,7,14,1,2,11,15,,38,,1,22,9,121.5767815,24.99118187
111,12,26,16,19,2,01大同區,大同區西寧北路(北往南)(玉泉公園旁),0,0,1,2,C03,8,1,5,50,14,9,1,5,4,5,7,2,1,5,4,5,2,17,1,72,2,9,1,1,7,21,1,10,1,15,,43,,1,22,9,121.507635,25.04878095
111,12,26,16,19,2,01大同區,大同區西寧北路(北往南)(玉泉公園旁),0,0,1,3,C03,8,1,5,50,14,9,1,5,4,5,7,2,1,5,4,5,2,17,1,27,3,10,1,1,7,14,1,10,1,14,,44,,1,22,9,121.507635,25.04878095
111,12,26,16,19,2,01大同區,大同區西寧北路(北往南)(玉泉公園旁),0,0,1,1,,8,1,5,50,14,9,1,5,4,5,7,2,1,5,4,5,2,17,4,,4,11,3,4,7,15,7,19,11,15,,43,,2,22,9,121.507635,25.04878095
111,12,26,16,40,2,05中正區,中正區中華路1段與中華路1段9巷口,0,0,1,1,B11,8,1,5,50,4,2,1,5,4,5,7,1,1,1,4,5,2,12,1,55,3,10,1,1,7,9,1,8,1,2,,44,,1,22,9,121.5098401,25.0468558
111,12,26,16,40,2,05中正區,中正區中華路1段與中華路1段9巷口,0,0,1,2,C03,8,1,5,50,4,2,1,5,4,5,7,1,1,1,4,5,2,12,1,54,2,9,1,1,7,15,6,10,11,14,,44,,1,22,9,121.5098401,25.0468558
111,12,26,16,40,2,05中正區,中正區中華路1段與中華路1段9巷口,0,0,1,3,B12,8,1,5,50,4,2,1,5,4,5,7,1,1,1,4,5,2,12,1,41,3,10,1,1,7,9,1,8,2,15,,44,,1,22,9,121.5098401,25.0468558
111,12,26,16,40,2,05中正區,中正區中華路1段與中華路1段9巷口,0,0,1,4,C03,8,1,5,50,4,2,1,5,4,5,7,1,1,1,4,5,2,12,4,,,,,,,,,,11,,,43,,1,,,121.5098401,25.0468558
111,12,26,16,46,2,04大安區,大安區市民大道4段與延吉街口,0,0,1,1,B03,8,1,5,40,4,2,1,5,4,5,7,2,1,1,4,5,2,16,1,29,3,10,3,4,7,8,1,8,1,6,,7,,1,22,9,121.5538954,25.0443013
111,12,26,16,46,2,04大安區,大安區市民大道4段與延吉街口,0,0,1,2,C03,8,1,5,40,4,2,1,5,4,5,7,2,1,1,4,5,2,16,1,19,2,9,1,4,7,8,1,10,1,14,,23,,1,22,9,121.5538954,25.0443013
111,12,26,16,48,2,08士林區,往西 百齡橋009燈桿旁,0,0,2,1,C03,8,1,5,50,14,11,1,5,4,5,7,4,4,1,4,5,1,17,1,21,2,9,1,1,7,9,1,10,1,11,,23,,1,21,8,121.5135409,25.08915884
111,12,26,16,48,2,08士林區,往西 百齡橋009燈桿旁,0,0,2,2,C03,8,1,5,50,14,11,1,5,4,5,7,4,4,1,4,5,1,17,1,74,2,9,1,1,7,13,1,10,1,12,,38,,1,21,8,121.5135409,25.08915884
111,12,26,16,50,2,05中正區,中正區新生南路1段150巷6號,0,0,1,1,B12,8,1,5,30,14,9,1,5,4,5,7,4,4,10,5,5,2,2,4,,4,11,3,4,7,15,7,19,11,15,,43,,2,22,9,121.5320101,25.03504716
111,12,26,16,50,2,05中正區,中正區新生南路1段150巷6號,0,0,1,2,H01,8,1,5,30,14,9,1,5,4,5,7,4,4,10,5,5,2,2,2,43,2,7,4,5,8,16,8,20,10,16,,67,,1,22,9,121.5320101,25.03504716
111,12,26,16,51,2,03中山區,中山區民權東路2段與民權東路2段135巷口,0,0,1,1,C03,8,1,5,50,4,2,1,5,4,5,7,1,1,1,4,5,2,13,1,31,2,9,1,1,7,9,1,10,1,12,,16,,1,22,9,121.5350611,25.0625624
111,12,26,16,51,2,03中山區,中山區民權東路2段與民權東路2段135巷口,0,0,1,2,B03,8,1,5,50,4,2,1,5,4,5,7,1,1,1,4,5,2,13,1,47,3,10,1,1,7,6,1,8,1,7,,44,,1,22,9,121.5350611,25.0625624
111,12,26,17,0,2,04大安區,大安區羅斯福路3段293號,0,0,3,1,C03,8,1,5,50,14,9,1,5,4,5,7,1,1,1,3,5,2,13,1,30,2,9,3,4,7,9,1,10,1,13,,44,,1,22,9,121.5313155,25.0178294
111,12,26,17,0,2,04大安區,大安區羅斯福路3段293號,0,0,3,3,B03,8,1,5,50,14,9,1,5,4,5,7,1,1,1,3,5,2,13,1,62,3,10,3,4,7,9,1,8,1,1,,16,,1,22,9,121.5313155,25.0178294
111,12,26,17,0,2,04大安區,大安區羅斯福路3段293號,0,0,3,4,C03,8,1,5,50,14,9,1,5,4,5,7,1,1,1,3,5,2,13,1,24,3,10,3,4,7,9,1,10,1,11,,16,,1,22,9,121.5313155,25.0178294
111,12,26,17,0,2,04大安區,大安區羅斯福路3段293號,0,0,3,5,C03,8,1,5,50,14,9,1,5,4,5,7,1,1,1,3,5,2,13,1,66,3,10,3,4,7,9,1,10,1,11,,16,,1,22,9,121.5313155,25.0178294
111,12,26,17,0,2,04大安區,大安區羅斯福路3段293號,0,0,3,2,C03,8,1,5,50,14,9,1,5,4,5,7,1,1,1,3,5,2,13,2,44,2,9,3,4,7,9,1,10,1,13,,16,,1,22,9,121.5313155,25.0178294
111,12,26,17,0,2,04大安區,大安區羅斯福路3段293號,0,0,3,6,H02,8,1,5,50,14,9,1,5,4,5,7,1,1,1,3,5,2,13,2,25,2,9,3,5,7,20,8,20,10,15,,67,,1,22,9,121.5313155,25.0178294
111,12,26,17,0,2,04大安區,大安區羅斯福路3段293號,0,0,3,7,B01,8,1,5,50,14,9,1,5,4,5,7,1,1,1,3,5,2,13,1,52,3,10,3,4,7,1,1,8,11,15,,19,,1,22,9,121.5313155,25.0178294
111,12,26,17,0,2,10文山區,文山區木柵路4段與萬壽橋口,0,0,1,1,B03,8,1,5,50,4,1,1,5,4,5,7,2,1,5,2,5,2,17,2,48,3,10,3,4,7,5,1,8,1,8,,23,,1,22,9,121.5711288,24.9917016
111,12,26,17,0,2,10文山區,文山區木柵路4段與萬壽橋口,0,0,1,2,C03,8,1,5,50,4,1,1,5,4,5,7,2,1,5,2,5,2,17,1,22,2,8,3,4,7,14,1,10,1,14,,42,,1,22,9,121.5711288,24.9917016
111,12,26,17,1,2,01大同區,大同區寧夏路143號,0,0,1,1,H01,8,2,8,50,15,22,1,5,4,5,7,2,1,5,5,5,2,3,2,66,2,8,1,1,8,16,8,20,1,16,,52,,1,22,9,121.5143411,25.0608276
111,12,26,17,1,2,01大同區,大同區寧夏路143號,0,0,1,2,C03,8,2,8,50,15,22,1,5,4,5,7,2,1,5,5,5,2,3,1,45,3,10,1,1,7,9,1,10,2,11,,23,,1,22,9,121.5143411,25.0608276
111,12,26,17,4,2,08士林區,士林區延平北路8段2巷200弄與社子大橋口NO.044燈桿,0,0,1,1,C03,8,1,5,50,3,1,1,5,4,5,7,1,1,1,4,5,1,18,1,20,2,9,1,1,7,5,1,10,1,12,,42,,1,22,9,121.4946457,25.11086023
111,12,26,17,4,2,08士林區,士林區延平北路8段2巷200弄與社子大橋口NO.044燈桿,0,0,1,2,C03,8,1,5,50,3,1,1,5,4,5,7,1,1,1,4,5,1,18,3,,,,,,,,,,,,,67,,1,,,121.4946457,25.11086023
111,12,26,17,4,2,08士林區,士林區延平北路8段2巷200弄與社子大橋口NO.044燈桿,0,0,1,3,A41,8,1,5,50,3,1,1,5,4,5,7,1,1,1,4,5,1,18,1,60,4,11,3,4,7,15,7,19,11,15,,43,,2,22,9,121.4946457,25.11086023
111,12,26,17,10,2,11南港區,南港區忠孝東路6段與永吉路口,0,0,1,1,B02,8,3,5,50,5,1,1,5,4,5,7,1,1,8,3,5,2,16,1,51,3,10,1,1,7,6,1,8,1,2,,9,,1,22,9,121.5818604,25.0455795
111,12,26,17,10,2,11南港區,南港區忠孝東路6段與永吉路口,0,0,1,2,C03,8,3,5,50,5,1,1,5,4,5,7,1,1,8,3,5,2,16,1,33,2,9,1,1,7,9,1,10,1,11,,13,,1,22,9,121.5818604,25.0455795