發生年度,發生月,發生日,發生時-Hours,發生分,處理別-編號,區序,肇事地點,死亡人數,2-30日死亡人數,受傷人數,當事人序號,車種,天候,光線,道路類別,速限-速度限制,道路型態,事故位置,路面狀況1,路面狀況2,路面狀況3,道路障礙1,道路障礙2,號誌1,號誌2,車道劃分-分向,車道劃分-分道1,車道劃分-分道2,車道劃分-分道3,事故類型及型態,性別,年齡,受傷程度,主要傷處,安全帽,行動電話,車輛用途,當事者行動狀態,駕駛資格情形,駕駛執照種類,飲酒情形,車輛撞擊部位1,車輛撞擊部位2,肇因碼-個別,肇因碼-主要,個人肇逃否,職業,旅次目的,座標-X,座標-Y
111,12,26,17,58,2,11南港區,南港區經貿一路與經貿二路157巷口,0,0,2,1,B01,8,3,5,50,3,2,1,5,4,5,7,1,1,1,4,5,2,13,1,53,2,9,1,1,7,9,1,1,4,5,,25,,1,22,9,121.6180662,25.060823
111,12,26,17,58,2,11南港區,南港區經貿一路與經貿二路157巷口,0,0,2,2,C03,8,3,5,50,3,2,1,5,4,5,7,1,1,1,4,5,2,13,2,47,2,9,1,1,7,6,1,10,2,13,,44,,1,22,9,121.6180662,25.060823
111,12,26,17,59,2,10文山區,文山區景華街142號前,0,0,1,1,C03,8,3,5,30,14,9,1,5,4,5,7,4,4,10,5,5,2,12,1,79,2,9,1,1,7,1,1,10,1,14,,19,,1,22,9,121.5473325,24.99611881
111,12,26,17,59,2,10文山區,文山區景華街142號前,0,0,1,2,B01,8,3,5,30,14,9,1,5,4,5,7,4,4,10,5,5,2,12,1,69,3,10,1,1,7,9,1,4,1,2,,44,,1,22,9,121.5473325,24.99611881
111,12,26,18,3,2,07信義區,信義區松仁路38號,0,0,1,1,C03,8,3,5,50,14,9,1,5,4,5,7,4,4,1,4,5,2,13,1,24,2,9,1,1,7,9,1,10,1,11,,23,,1,22,9,121.5683126,25.0387036
111,12,26,18,3,2,07信義區,信義區松仁路38號,0,0,1,2,B01,8,3,5,50,14,9,1,5,4,5,7,4,4,1,4,5,2,13,1,58,3,10,1,1,7,9,1,4,1,3,,44,,1,22,9,121.5683126,25.0387036
111,12,26,18,9,2,04大安區,大安區和平東路3段與樂利路口,0,0,1,1,B03,7,3,5,50,5,1,1,5,4,5,7,3,1,8,3,5,2,15,1,28,3,10,1,1,7,15,1,8,1,1,,43,,1,22,9,121.5523516,25.0246652
111,12,26,18,9,2,04大安區,大安區和平東路3段與樂利路口,0,0,1,2,C03,7,3,5,50,5,1,1,5,4,5,7,3,1,8,3,5,2,15,2,35,2,7,1,1,7,9,1,10,1,13,,43,,1,22,9,121.5523516,25.0246652
111,12,26,18,19,2,01大同區,大同區重慶北路2段177號,0,0,1,2,C03,8,3,5,0,14,9,1,5,4,5,7,4,4,10,4,5,2,17,2,37,2,9,1,1,7,9,1,10,1,11,,23,,1,22,9,121.5137119,25.05968047
111,12,26,18,19,2,01大同區,大同區重慶北路2段177號,0,0,1,1,C03,8,3,5,0,14,9,1,5,4,5,7,4,4,10,4,5,2,17,1,66,4,11,3,4,7,15,7,19,11,15,,42,,2,22,9,121.5137119,25.05968047
111,12,26,18,27,2,12內湖區,內湖區內湖路1段285巷65弄34號,0,0,2,1,C03,8,3,5,50,14,9,1,5,4,5,7,4,4,9,4,5,2,16,1,47,2,7,1,1,7,5,1,10,2,11,,8,,1,22,9,121.5684961,25.08449235
111,12,26,18,27,2,12內湖區,內湖區內湖路1段285巷65弄34號,0,0,2,2,C03,8,3,5,50,14,9,1,5,4,5,7,4,4,9,4,5,2,16,1,25,2,9,1,1,7,9,1,10,2,11,,13,,1,22,9,121.5684961,25.08449235
111,12,26,18,27,2,12內湖區,內湖區內湖路1段285巷65弄34號,0,0,2,3,C03,8,3,5,50,14,9,1,5,4,5,7,4,4,9,4,5,2,16,2,27,4,11,3,4,7,15,7,19,11,15,,67,,2,22,9,121.5684961,25.08449235
111,12,26,18,27,2,12內湖區,內湖區內湖路1段285巷65弄34號,0,0,2,4,C03,8,3,5,50,14,9,1,5,4,5,7,4,4,9,4,5,2,16,3,,4,11,3,4,7,15,7,19,11,15,,43,,2,22,9,121.5684961,25.08449235
111,12,26,18,30,2,05中正區,中正區羅斯福路4段與基隆路4段口,0,0,1,1,,8,3,5,50,5,1,1,5,4,5,7,1,1,10,4,5,2,13,4,,4,11,3,4,7,15,7,19,11,15,,43,,2,22,9,121.5368733,25.0112118
111,12,26,18,30,2,05中正區,中正區羅斯福路4段與基隆路4段口,0,0,1,2,C03,8,3,5,50,5,1,1,5,4,5,7,1,1,10,4,5,2,13,1,26,3,10,1,1,7,9,1,10,1,13,,44,,1,22,9,121.5368733,25.0112118
111,12,26,18,30,2,05中正區,中正區羅斯福路4段與基隆路4段口,0,0,1,3,C03,8,3,5,50,5,1,1,5,4,5,7,1,1,10,4,5,2,13,1,26,2,8,1,1,7,9,1,10,1,11,,16,,1,22,9,121.5368733,25.0112118
111,12,26,18,32,2,07信義區,信義區忠孝東路5段236巷與松高路口,0,0,1,1,B02,8,3,5,50,4,1,1,5,4,5,7,1,1,5,4,5,2,1,1,60,3,10,1,1,7,6,1,8,2,8,,15,,1,22,9,121.5717585,25.03903703
111,12,26,18,32,2,07信義區,信義區忠孝東路5段236巷與松高路口,0,0,1,2,H01,8,3,5,50,4,1,1,5,4,5,7,1,1,5,4,5,2,1,1,41,2,9,4,5,8,16,8,20,10,16,,67,,1,22,9,121.5717585,25.03903703
111,12,26,18,59,2,04大安區,大安區仁愛路3段與新生南路1段口,0,0,1,1,B01,7,3,5,50,4,2,1,5,4,5,7,2,1,1,4,5,2,2,1,67,3,10,1,1,7,5,1,4,2,4,,15,,2,22,9,121.5327761,25.0379367
111,12,26,18,59,2,04大安區,大安區仁愛路3段與新生南路1段口,0,0,1,2,H01,7,3,5,50,4,2,1,5,4,5,7,2,1,1,4,5,2,2,1,60,2,9,4,5,8,16,8,20,10,16,,67,,1,22,9,121.5327761,25.0379367
111,12,26,19,21,2,03中山區,中山區民族東路與松江路口,0,0,1,1,B12,8,3,5,50,5,2,1,5,4,5,7,2,1,9,4,5,2,16,1,50,3,10,1,1,7,9,6,18,1,2,,23,,1,22,9,121.5335862,25.06830536
111,12,26,19,21,2,03中山區,中山區民族東路與松江路口,0,0,1,2,C03,8,3,5,50,5,2,1,5,4,5,7,2,1,9,4,5,2,16,1,63,2,7,1,1,7,1,1,10,1,11,,44,,1,22,9,121.5335862,25.06830536
111,12,26,19,46,2,01大同區,大同區承德路2段與民權西路口,0,0,1,1,C03,8,1,5,50,4,1,1,5,4,5,7,2,1,1,2,5,2,16,1,18,3,10,1,1,7,6,1,10,1,13,,9,,1,22,9,121.5184147,25.0627337
111,12,26,19,46,2,01大同區,大同區承德路2段與民權西路口,0,0,1,2,C03,8,1,5,50,4,1,1,5,4,5,7,2,1,1,2,5,2,16,2,24,2,9,1,1,7,9,1,10,1,11,,44,,1,22,9,121.5184147,25.0627337
111,12,26,19,53,2,07信義區,信義區吳興街284巷1號,0,0,1,1,C03,7,3,5,30,14,9,1,5,4,5,7,4,4,10,5,5,1,12,1,42,3,10,3,4,7,8,1,10,1,12,,7,,1,22,9,121.5641489,25.02621481
111,12,26,19,53,2,07信義區,信義區吳興街284巷1號,0,0,1,2,G06,7,3,5,30,14,9,1,5,4,5,7,4,4,10,5,5,1,12,2,36,2,7,3,4,7,9,7,19,1,15,,16,,1,22,9,121.5641489,25.02621481
111,12,26,20,0,2,05中正區,中正區重慶南路1段35號,0,0,1,1,C03,8,3,5,50,14,9,1,5,4,5,7,1,1,10,4,5,2,12,1,34,2,9,1,1,7,9,1,10,2,11,,23,,1,22,9,121.5132889,25.0452708
111,12,26,20,0,2,05中正區,中正區重慶南路1段35號,0,0,1,2,C03,8,3,5,50,14,9,1,5,4,5,7,1,1,10,4,5,2,12,1,32,3,10,1,1,7,5,1,10,2,13,,23,,1,22,9,121.5132889,25.0452708
111,12,26,20,12,2,04大安區,大安區和平東路3段70巷與和平東路3段口,0,0,2,1,F01,7,3,5,30,4,2,1,5,4,5,7,1,1,1,4,5,2,15,2,48,2,9,1,1,7,9,8,20,1,16,,26,,1,22,9,121.5503215,25.0243648
111,12,26,20,12,2,04大安區,大安區和平東路3段70巷與和平東路3段口,0,0,2,2,C03,7,3,5,30,4,2,1,5,4,5,7,1,1,1,4,5,2,15,2,35,2,9,1,1,7,9,1,10,1,11,,44,,1,22,9,121.5503215,25.0243648
111,12,26,20,32,2,05中正區,中正區重慶南路2段與愛國西路口,0,0,1,1,C03,8,3,5,50,4,1,1,5,4,5,7,1,1,3,4,5,2,17,2,24,3,10,1,1,7,6,1,10,1,15,,9,,1,22,9,121.5122835,25.0350791
111,12,26,20,32,2,05中正區,中正區重慶南路2段與愛國西路口,0,0,1,2,C03,8,3,5,50,4,1,1,5,4,5,7,1,1,3,4,5,2,17,2,46,2,9,1,1,7,9,1,10,1,15,,44,,1,22,9,121.5122835,25.0350791
111,12,26,21,53,2,11南港區,南港區忠孝東路6段130號,0,0,1,1,A12,8,3,5,50,14,7,1,5,4,5,7,4,4,1,4,4,2,13,1,44,3,10,1,1,7,9,1,3,2,7,,44,,1,22,9,121.5853219,25.0480821
111,12,26,21,53,2,11南港區,南港區忠孝東路6段130號,0,0,1,2,C03,8,3,5,50,14,7,1,5,4,5,7,4,4,1,4,4,2,13,1,23,2,9,1,1,7,7,1,10,7,11,,23,,1,22,9,121.5853219,25.0480821
111,12,26,22,6,2,01大同區,大同區昌吉街與重慶北路3段口,0,0,1,1,,8,1,5,50,4,1,1,5,4,5,7,2,1,5,5,5,2,16,4,,4,11,3,4,7,15,7,19,11,15,,43,,2,22,9,121.513585,25.0659352
111,12,26,22,6,2,01大同區,大同區昌吉街與重慶北路3段口,0,0,1,2,C03,8,1,5,50,4,1,1,5,4,5,7,2,1,5,5,5,2,16,1,62,2,8,1,1,7,9,3,18,11,11,,43,,1,22,9,121.513585,25.0659352
111,12,26,22,6,2,03中山區,中山區長安東路1段52巷與市民大道2段口,0,0,1,2,C03,7,3,5,40,5,2,1,5,4,5,7,3,1,1,4,5,1,17,2,40,2,9,1,1,7,9,1,10,1,14,,44,,1,22,9,121.5277901,25.04711699
111,12,26,22,6,2,03中山區,中山區長安東路1段52巷與市民大道2段口,0,0,1,1,F06,7,3,5,40,5,2,1,5,4,5,7,3,1,1,4,5,1,17,1,39,3,10,1,1,7,1,8,20,1,16,,19,,1,22,9,121.5277901,25.04711699
111,12,26,22,18,2,03中山區,中山區林森北路與錦州街口,0,0,1,1,H01,8,3,5,50,4,2,1,5,4,5,7,1,1,5,4,5,2,3,2,68,2,9,4,5,8,18,8,20,10,16,,52,,1,22,9,121.5256285,25.06030515
111,12,26,22,18,2,03中山區,中山區林森北路與錦州街口,0,0,1,2,B03,8,3,5,50,4,2,1,5,4,5,7,1,1,5,4,5,2,3,1,39,3,10,3,4,7,1,1,8,1,5,,44,,1,22,9,121.5256285,25.06030515
111,12,26,22,25,2,05中正區,中正區羅斯福路1段與林森南路地下道口,0,0,1,1,C03,8,3,5,30,5,1,1,5,4,5,2,2,1,10,4,4,2,12,2,21,3,10,1,1,7,5,1,10,1,13,,8,,1,22,9,121.5182069,25.0329999
111,12,26,22,25,2,05中正區,中正區羅斯福路1段與林森南路地下道口,0,0,1,2,C03,8,3,5,30,5,1,1,5,4,5,2,2,1,10,4,4,2,12,1,59,2,7,1,1,7,9,1,10,1,11,,44,,1,22,9,121.5182069,25.0329999
111,12,26,22,35,2,08士林區,士林區至善路1段與福林路254巷口,0,0,2,1,C03,8,3,5,40,3,1,1,5,4,5,1,4,4,6,5,4,1,16,1,28,2,9,1,1,7,9,1,10,1,14,,26,,1,22,9,121.5377462,25.09797444
111,12,26,22,35,2,08士林區,士林區至善路1段與福林路254巷口,0,0,2,2,C03,8,3,5,40,3,1,1,5,4,5,1,4,4,6,5,4,1,16,1,35,2,9,1,1,7,9,1,10,1,12,,44,,1,22,9,121.5377462,25.09797444
111,12,26,22,52,2,04大安區,大安區和平東路3段與敦化南路2段口,0,0,1,1,B03,8,3,5,50,5,2,1,5,4,5,7,2,1,8,3,5,1,16,1,31,3,10,1,1,7,6,1,8,1,6,,9,,1,22,9,121.5489688,25.0244709
111,12,26,22,52,2,04大安區,大安區和平東路3段與敦化南路2段口,0,0,1,2,C03,8,3,5,50,5,2,1,5,4,5,7,2,1,8,3,5,1,16,1,34,2,9,1,1,7,9,1,10,1,11,,44,,1,22,9,121.5489688,25.0244709
111,12,26,23,5,2,04大安區,大安區基隆路2段270號,0,0,4,1,C03,8,3,5,50,14,9,1,5,4,5,7,4,4,1,4,5,2,12,2,20,2,9,1,1,7,9,1,10,1,14,,44,,1,22,9,121.549708,25.02197922
111,12,26,23,5,2,04大安區,大安區基隆路2段270號,0,0,4,2,C03,8,3,5,50,14,9,1,5,4,5,7,4,4,1,4,5,2,12,1,32,2,8,1,1,7,9,1,10,1,12,,23,,1,22,9,121.549708,25.02197922
111,12,26,23,5,2,04大安區,大安區基隆路2段270號,0,0,4,3,C03,8,3,5,50,14,9,1,5,4,5,7,4,4,1,4,5,2,12,1,24,2,9,1,1,7,9,1,10,1,13,,44,,1,22,9,121.549708,25.02197922
111,12,26,23,5,2,04大安區,大安區基隆路2段270號,0,0,4,4,C03,8,3,5,50,14,9,1,5,4,5,7,4,4,1,4,5,2,12,1,25,3,10,1,1,7,9,1,10,1,13,,44,,1,22,9,121.549708,25.02197922
111,12,26,23,5,2,04大安區,大安區基隆路2段270號,0,0,4,5,H02,8,3,5,50,14,9,1,5,4,5,7,4,4,1,4,5,2,12,2,23,2,9,4,5,7,20,8,20,10,16,,67,,1,22,9,121.549708,25.02197922
111,12,26,23,53,2,07信義區,信義區松隆路與虎林街口口,0,0,1,1,F01,7,3,5,50,5,1,1,5,4,5,7,2,1,2,4,5,2,17,1,16,3,10,1,1,7,9,8,20,1,16,,25,,1,22,9,121.5759424,25.0486627
111,12,26,23,53,2,07信義區,信義區松隆路與虎林街口口,0,0,1,2,C03,7,3,5,50,5,1,1,5,4,5,7,2,1,2,4,5,2,17,2,28,2,8,1,1,7,9,1,10,1,14,,44,,1,22,9,121.5759424,25.0486627
111,12,27,0,18,2,08士林區,士林區承德路4段188號,0,0,1,2,C03,8,3,5,50,14,8,1,5,4,5,7,4,4,10,5,4,1,17,1,20,2,9,1,1,7,4,1,10,1,15,,67,,1,22,9,121.5225156,25.08714819
111,12,27,0,18,2,08士林區,士林區承德路4段188號,0,0,1,1,B03,8,3,5,50,14,8,1,5,4,5,7,4,4,10,5,4,1,17,1,58,4,11,3,4,7,10,7,19,11,15,,7,,2,22,9,121.5225156,25.08714819
111,12,27,5,33,2,01大同區,大同區民族西路與環河快速道路口,0,0,1,2,C02,8,3,5,50,4,1,1,5,4,5,7,2,1,1,4,5,2,27,1,42,2,8,1,1,7,9,1,9,1,11,,44,,1,22,9,121.5092035,25.068778
111,12,27,5,33,2,01大同區,大同區民族西路與環河快速道路口,0,0,1,1,H03,8,3,5,50,4,1,1,5,4,5,7,2,1,1,4,5,2,27,1,70,3,10,3,4,8,20,8,20,10,15,,66,,1,22,9,121.5092035,25.068778
111,12,27,7,26,2,09北投區,北投區西安街1段189號,0,0,1,1,C03,8,1,5,50,14,9,1,5,4,5,7,4,4,10,4,5,2,13,1,45,2,8,1,1,7,9,1,10,1,11,,16,,1,22,9,121.5181188,25.110354
111,12,27,7,26,2,09北投區,北投區西安街1段189號,0,0,1,2,C03,8,1,5,50,14,9,1,5,4,5,7,4,4,10,4,5,2,13,2,55,3,10,1,1,7,15,4,8,1,13,,44,,1,22,9,121.5181188,25.110354
111,12,27,7,26,2,09北投區,北投區西安街1段189號,0,0,1,3,C03,8,1,5,50,14,9,1,5,4,5,7,4,4,10,4,5,2,13,1,25,3,10,1,1,7,15,1,10,1,15,,44,,1,22,9,121.5181188,25.110354
111,12,27,7,26,2,09北投區,北投區西安街1段189號,0,0,1,4,C03,8,1,5,50,14,9,1,5,4,5,7,4,4,10,4,5,2,13,1,29,3,10,1,1,7,15,1,10,1,15,,42,,1,22,9,121.5181188,25.110354
111,12,27,7,31,2,08士林區,士林區至誠路2段與雨聲街口,0,0,2,1,C03,8,1,5,40,4,1,1,5,4,5,7,1,1,5,5,5,2,17,2,39,2,8,1,1,7,5,1,10,2,11,,8,,1,22,9,121.5290838,25.10188937
111,12,27,7,31,2,08士林區,士林區至誠路2段與雨聲街口,0,0,2,2,C03,8,1,5,40,4,1,1,5,4,5,7,1,1,5,5,5,2,17,1,21,2,8,1,1,7,9,1,10,2,11,,44,,1,22,9,121.5290838,25.10188937
111,12,27,7,33,2,09北投區,北投區大業路527巷北投機場055號燈桿,0,0,1,1,C03,8,1,5,0,14,9,1,5,4,5,7,4,4,7,4,5,1,11,1,37,2,9,1,1,7,9,1,10,2,12,,22,,1,22,9,121.4815313,25.13310737
111,12,27,7,33,2,09北投區,北投區大業路527巷北投機場055號燈桿,0,0,1,2,B03,8,1,5,0,14,9,1,5,4,5,7,4,4,7,4,5,1,11,1,46,3,10,1,1,7,9,1,8,2,5,,44,,1,22,9,121.4815313,25.13310737
111,12,27,7,40,2,07信義區,信義區忠孝東路5段452號,0,0,1,1,C03,7,1,5,50,14,9,1,5,4,5,7,4,4,9,4,5,1,16,2,71,3,10,3,4,7,8,1,10,1,13,,7,,1,22,9,121.5764619,25.04075
111,12,27,7,40,2,07信義區,信義區忠孝東路5段452號,0,0,1,2,C03,7,1,5,50,14,9,1,5,4,5,7,4,4,9,4,5,1,16,2,31,2,8,3,4,7,9,1,10,1,11,,44,,1,22,9,121.5764619,25.04075
111,12,27,7,42,2,11南港區,南港區忠孝東路7段621號,0,0,1,1,C03,8,1,5,50,14,7,1,5,4,5,7,4,4,1,4,4,2,12,1,25,2,8,1,1,7,9,1,10,2,12,,23,,1,21,8,121.6156922,25.0531615
111,12,27,7,42,2,11南港區,南港區忠孝東路7段621號,0,0,1,2,C03,8,1,5,50,14,7,1,5,4,5,7,4,4,1,4,4,2,12,1,40,3,10,1,1,7,7,1,10,2,13,,7,,1,21,8,121.6156922,25.0531615
111,12,27,7,49,2,08士林區,士林區延平北路5段302巷與延平北路5段口,0,0,1,1,B03,8,1,5,30,3,1,1,5,4,5,7,4,4,1,3,5,1,17,1,77,3,10,3,4,7,6,1,4,1,1,,6,,1,22,9,121.5094147,25.0866066
111,12,27,7,49,2,08士林區,士林區延平北路5段302巷與延平北路5段口,0,0,1,2,C03,8,1,5,30,3,1,1,5,4,5,7,4,4,1,3,5,1,17,1,23,2,5,3,4,7,9,1,10,1,11,,13,,1,22,9,121.5094147,25.0866066
111,12,27,7,50,2,09北投區,北投區大度路3段148號燈桿,0,0,3,1,C03,8,1,5,50,14,12,1,5,4,5,7,4,4,1,4,5,2,17,1,21,2,9,1,1,7,8,1,10,1,12,,7,,1,22,9,121.4798225,25.12225532
111,12,27,7,50,2,09北投區,北投區大度路3段148號燈桿,0,0,3,2,C03,8,1,5,50,14,12,1,5,4,5,7,4,4,1,4,5,2,17,2,26,2,9,1,1,7,7,1,10,1,14,,7,,1,22,9,121.4798225,25.12225532
111,12,27,7,50,2,09北投區,北投區大度路3段148號燈桿,0,0,3,3,C03,8,1,5,50,14,12,1,5,4,5,7,4,4,1,4,5,2,17,1,24,2,9,1,1,7,9,1,10,1,13,,44,,1,22,9,121.4798225,25.12225532
111,12,27,7,50,2,09北投區,北投區大度路3段148號燈桿,0,0,2,1,C03,8,1,5,50,14,12,1,5,4,5,7,4,4,1,4,5,2,13,1,38,2,9,1,1,7,9,1,10,1,11,,16,,1,22,9,121.478369,25.122366
111,12,27,7,50,2,09北投區,北投區大度路3段148號燈桿,0,0,2,2,C03,8,1,5,50,14,12,1,5,4,5,7,4,4,1,4,5,2,13,1,54,2,9,1,1,7,12,1,10,1,13,,44,,1,22,9,121.478369,25.122366
111,12,27,7,55,2,07信義區,信義區忠孝東路5段與松仁路口,0,0,1,1,B03,8,1,5,50,14,9,1,5,4,5,7,1,1,10,4,5,2,12,2,37,3,10,1,1,7,9,1,8,1,8,,44,,1,22,9,121.5683165,25.040942
111,12,27,7,55,2,07信義區,信義區忠孝東路5段與松仁路口,0,0,1,2,C03,8,1,5,50,14,9,1,5,4,5,7,1,1,10,4,5,2,12,1,35,2,9,1,1,7,9,1,10,1,13,,26,,1,22,9,121.5683165,25.040942
111,12,27,7,57,2,08士林區,士林區中山北路6段與忠誠路1段口,0,0,1,1,F01,8,1,5,50,4,1,1,5,4,5,7,2,1,10,5,5,2,17,1,17,2,8,1,1,7,1,8,20,2,16,,23,,1,22,9,121.524922,25.10394738
111,12,27,7,57,2,08士林區,士林區中山北路6段與忠誠路1段口,0,0,1,2,F01,8,1,5,50,4,1,1,5,4,5,7,2,1,10,5,5,2,17,2,33,3,10,1,1,7,9,8,20,2,16,,23,,1,22,9,121.524922,25.10394738
111,12,27,8,4,2,12內湖區,內湖區洲子街194號,0,0,2,1,C03,7,1,5,50,14,9,1,5,4,5,7,4,4,9,4,5,2,16,1,58,2,8,1,1,7,6,1,10,1,12,,9,,1,22,9,121.5667491,25.08147479
111,12,27,8,4,2,12內湖區,內湖區洲子街194號,0,0,2,2,C03,7,1,5,50,14,9,1,5,4,5,7,4,4,9,4,5,2,16,2,31,2,8,1,1,7,9,1,10,1,11,,44,,1,22,9,121.5667491,25.08147479
111,12,27,8,5,2,11南港區,南港區松河街316號,0,0,2,1,C03,8,1,5,40,14,9,1,5,4,5,7,4,4,10,1,5,2,17,2,28,2,1,1,4,7,9,1,10,2,11,,16,,1,22,9,121.5834491,25.0529436
111,12,27,8,5,2,11南港區,南港區松河街316號,0,0,2,2,B03,8,1,5,40,14,9,1,5,4,5,7,4,4,10,1,5,2,17,1,58,3,10,3,4,7,9,1,8,2,6,,44,,1,22,9,121.5834491,25.0529436
111,12,27,8,5,2,11南港區,南港區松河街316號,0,0,2,3,H02,8,1,5,40,14,9,1,5,4,5,7,4,4,10,1,5,2,17,1,33,2,7,1,4,8,20,8,20,10,15,,67,,1,22,9,121.5834491,25.0529436
111,12,27,8,18,2,10文山區,文山區景華街與景興路口,0,0,1,1,B01,8,1,5,50,4,1,1,5,4,5,7,2,1,9,5,5,2,2,1,65,3,10,1,1,7,5,1,4,2,1,,15,,1,22,9,121.5447171,24.9952208
111,12,27,8,18,2,10文山區,文山區景華街與景興路口,0,0,1,2,H01,8,1,5,50,4,1,1,5,4,5,7,2,1,9,5,5,2,2,1,70,2,9,4,5,8,16,8,20,10,16,,67,,1,22,9,121.5447171,24.9952208
111,12,27,8,21,2,07信義區,信義區信安街與崇德街口,0,0,2,1,C03,8,1,5,50,4,1,1,5,4,5,7,2,1,9,4,5,1,16,1,38,3,10,3,4,7,5,1,10,1,12,,8,,1,22,9,121.5557193,25.0239847
111,12,27,8,21,2,07信義區,信義區信安街與崇德街口,0,0,2,2,C03,8,1,5,50,4,1,1,5,4,5,7,2,1,9,4,5,1,16,1,33,2,9,3,4,7,9,1,10,1,11,,44,,1,22,9,121.5557193,25.0239847
111,12,27,8,21,2,07信義區,信義區信安街與崇德街口,0,0,2,3,H02,8,1,5,50,4,1,1,5,4,5,7,2,1,9,4,5,1,16,2,32,2,8,3,4,7,20,8,20,10,16,,67,,1,22,9,121.5557193,25.0239847
111,12,27,8,28,2,04大安區,大安區敦化南路1段303-1號,0,0,1,1,B03,8,1,5,50,14,9,1,5,4,5,7,4,4,1,3,5,2,16,1,45,3,10,1,1,7,6,1,8,1,5,,9,,1,22,9,121.5490889,25.0353346
111,12,27,8,28,2,04大安區,大安區敦化南路1段303-1號,0,0,1,2,C03,8,1,5,50,14,9,1,5,4,5,7,4,4,1,3,5,2,16,1,45,2,9,1,1,7,9,1,10,1,11,,44,,1,22,9,121.5490889,25.0353346
111,12,27,8,29,2,11南港區,南港區富康街49號與富康街口,0,0,2,1,C03,8,1,5,30,5,1,1,5,4,5,7,4,4,4,1,5,1,16,2,43,2,9,3,4,7,5,1,10,1,14,,8,,1,22,9,121.6171213,25.05275781
111,12,27,8,29,2,11南港區,南港區富康街49號與富康街口,0,0,2,2,C03,8,1,5,30,5,1,1,5,4,5,7,4,4,4,1,5,1,16,2,29,2,9,3,4,7,9,1,10,1,12,,26,,1,22,9,121.6171213,25.05275781
111,12,27,8,43,2,01大同區,大同區迪化街2段172巷與迪化街2段172巷19弄口,0,0,1,1,B03,8,1,5,30,4,1,1,5,4,5,7,4,4,10,4,5,2,15,1,49,3,10,3,4,7,9,1,8,1,6,,6,,1,22,9,121.5097553,25.0671584
111,12,27,8,43,2,01大同區,大同區迪化街2段172巷與迪化街2段172巷19弄口,0,0,1,2,C03,8,1,5,30,4,1,1,5,4,5,7,4,4,10,4,5,2,15,1,37,2,9,3,4,7,9,1,10,1,11,,13,,1,22,9,121.5097553,25.0671584
111,12,27,8,45,2,07信義區,信義區莊敬路與莊敬路6巷口,0,0,1,1,B01,7,1,5,50,3,1,1,5,4,5,7,4,4,10,4,5,2,12,1,36,3,10,1,1,7,11,1,4,1,7,,10,,1,22,9,121.5613195,25.03248357
111,12,27,8,45,2,07信義區,信義區莊敬路與莊敬路6巷口,0,0,1,2,C03,7,1,5,50,3,1,1,5,4,5,7,4,4,10,4,5,2,12,2,24,2,8,1,1,7,9,1,10,1,11,,23,,1,22,9,121.5613195,25.03248357
111,12,27,8,50,2,04大安區,大安區羅斯福路2段75號,0,0,3,1,C03,8,1,5,50,14,9,1,5,4,5,7,2,1,1,3,5,2,13,1,38,2,9,3,4,7,9,1,10,1,11,,16,,1,22,9,121.5227969,25.0267652
111,12,27,8,50,2,04大安區,大安區羅斯福路2段75號,0,0,3,2,C04,8,1,5,50,14,9,1,5,4,5,7,2,1,1,3,5,2,13,2,44,2,9,3,4,7,9,1,11,1,13,,44,,1,22,9,121.5227969,25.0267652
111,12,27,8,50,2,04大安區,大安區羅斯福路2段75號,0,0,3,3,H02,8,1,5,50,14,9,1,5,4,5,7,2,1,1,3,5,2,13,2,5,2,9,4,5,7,21,8,20,10,15,,67,,1,22,9,121.5227969,25.0267652
111,12,27,9,5,2,08士林區,士林區中山北路7段14巷30弄與天母東路69巷口,0,0,1,1,C03,8,1,5,50,14,9,1,5,4,5,7,4,4,9,4,5,2,3,4,,4,11,3,4,7,15,7,19,11,15,,43,,2,22,9,121.534188,25.11914787
111,12,27,9,5,2,08士林區,士林區中山北路7段14巷30弄與天母東路69巷口,0,0,1,2,H01,8,1,5,50,14,9,1,5,4,5,7,4,4,9,4,5,2,3,2,30,2,8,4,5,8,16,8,20,10,15,,67,,1,22,9,121.534188,25.11914787
111,12,27,9,26,2,11南港區,南港區南港路3段138號,0,0,1,1,C03,8,1,5,50,14,9,1,5,4,5,7,4,4,5,4,5,2,13,1,49,2,9,1,1,7,9,1,10,1,11,,16,,1,22,9,121.5880554,25.0530622
111,12,27,9,26,2,11南港區,南港區南港路3段138號,0,0,1,2,B01,8,1,5,50,14,9,1,5,4,5,7,4,4,5,4,5,2,13,1,63,3,10,1,1,7,15,1,4,1,7,,38,,1,22,9,121.5880554,25.0530622
111,12,27,9,35,2,09北投區,北投區公館路與公館路92巷口,0,0,1,1,C03,8,1,5,50,3,1,1,5,4,5,7,4,4,8,3,5,2,3,1,54,3,10,1,1,7,9,1,10,1,11,,15,,1,22,9,121.5046978,25.13048
111,12,27,9,35,2,09北投區,北投區公館路與公館路92巷口,0,0,1,2,H01,8,1,5,50,3,1,1,5,4,5,7,4,4,8,3,5,2,3,2,84,2,9,4,5,8,16,8,20,1,16,,51,,1,22,9,121.5046978,25.13048