發生年度,發生月,發生日,發生時-Hours,發生分,處理別-編號,區序,肇事地點,死亡人數,2-30日死亡人數,受傷人數,當事人序號,車種,天候,光線,道路類別,速限-速度限制,道路型態,事故位置,路面狀況1,路面狀況2,路面狀況3,道路障礙1,道路障礙2,號誌1,號誌2,車道劃分-分向,車道劃分-分道1,車道劃分-分道2,車道劃分-分道3,事故類型及型態,性別,年齡,受傷程度,主要傷處,安全帽,行動電話,車輛用途,當事者行動狀態,駕駛資格情形,駕駛執照種類,飲酒情形,車輛撞擊部位1,車輛撞擊部位2,肇因碼-個別,肇因碼-主要,個人肇逃否,職業,旅次目的,座標-X,座標-Y
111,12,27,9,42,2,12內湖區,內湖區文德路與內湖路2段76巷口,0,0,1,1,C03,8,1,5,50,4,2,1,5,4,5,7,1,1,1,3,5,2,12,1,68,2,9,1,1,7,5,1,10,2,14,,8,,1,22,9,121.5811691,25.07853037
111,12,27,9,42,2,12內湖區,內湖區文德路與內湖路2段76巷口,0,0,1,2,B03,8,1,5,50,4,2,1,5,4,5,7,1,1,1,3,5,2,12,2,40,3,10,1,1,7,7,1,8,3,5,,44,,1,22,9,121.5811691,25.07853037
111,12,27,9,45,2,05中正區,中正區延平南路127號,0,0,2,1,C03,7,1,5,50,14,19,1,5,4,5,7,4,4,9,4,5,2,3,2,50,2,9,1,4,7,5,1,10,2,11,,23,,1,22,9,121.5085237,25.0383286
111,12,27,9,45,2,05中正區,中正區延平南路127號,0,0,2,2,H01,7,1,5,50,14,19,1,5,4,5,7,4,4,9,4,5,2,3,1,53,2,8,4,5,8,16,8,20,10,16,,53,,1,22,9,121.5085237,25.0383286
111,12,27,9,56,2,05中正區,中正區中山北路1段與北平東路口,0,0,1,1,B12,8,1,5,50,4,2,1,5,4,5,7,2,1,1,4,1,2,13,1,50,3,10,1,1,7,9,1,8,2,1,,16,,1,22,9,121.5202875,25.0467985
111,12,27,9,56,2,05中正區,中正區中山北路1段與北平東路口,0,0,1,2,C03,8,1,5,50,4,2,1,5,4,5,7,2,1,1,4,1,2,13,2,38,2,6,1,1,7,14,1,11,2,13,,44,,1,22,9,121.5202875,25.0467985
111,12,27,10,0,2,08士林區,士林區延平北路6段67號,0,0,1,1,C03,8,1,5,50,14,9,1,5,4,5,7,4,4,5,4,5,2,17,1,65,2,8,1,1,7,5,1,10,2,12,,8,,1,22,9,121.5087415,25.08809733
111,12,27,10,0,2,08士林區,士林區延平北路6段67號,0,0,1,2,B03,8,1,5,50,14,9,1,5,4,5,7,4,4,5,4,5,2,17,2,42,3,10,1,1,7,9,1,8,2,5,,23,,1,22,9,121.5087415,25.08809733
111,12,27,10,10,2,05中正區,中正區羅斯福路4段164號前,0,0,1,1,C03,8,1,5,50,14,9,1,5,4,5,7,4,4,1,4,5,2,12,2,23,2,9,1,1,7,7,3,18,1,14,,7,,1,22,9,121.5362871,25.01243323
111,12,27,10,10,2,05中正區,中正區羅斯福路4段164號前,0,0,1,2,B03,8,1,5,50,14,9,1,5,4,5,7,4,4,1,4,5,2,12,1,66,3,10,1,1,7,9,1,8,1,2,,44,,1,22,9,121.5362871,25.01243323
111,12,27,10,31,2,01大同區,大同區重慶北路2段與民生西路口,0,0,1,1,C03,7,1,5,50,4,2,1,5,4,5,7,2,1,1,4,5,2,17,1,77,3,10,1,4,7,11,3,18,1,15,,10,,1,22,9,121.5135295,25.0570374
111,12,27,10,31,2,01大同區,大同區重慶北路2段與民生西路口,0,0,1,2,C03,7,1,5,50,4,2,1,5,4,5,7,2,1,1,4,5,2,17,1,28,2,8,1,4,7,9,1,10,1,14,,44,,1,22,9,121.5135295,25.0570374
111,12,27,10,32,2,08士林區,士林區中山北路5段與中山北路5段260巷口,0,0,1,1,C02,8,1,5,50,3,2,1,5,4,5,7,1,1,4,5,5,2,13,1,23,2,9,1,1,7,9,1,9,1,11,,13,,1,22,9,121.52683,25.0875031
111,12,27,10,32,2,08士林區,士林區中山北路5段與中山北路5段260巷口,0,0,1,2,B03,8,1,5,50,3,2,1,5,4,5,7,1,1,4,5,5,2,13,1,21,3,10,1,1,7,5,1,8,1,3,,44,,1,22,9,121.52683,25.0875031
111,12,27,11,5,2,03中山區,中山區松江路與松江路124巷口,0,0,1,1,B01,8,1,5,50,3,2,1,5,4,5,7,4,4,2,4,5,2,12,1,59,3,10,1,1,7,12,1,4,1,6,,42,,1,22,9,121.5328947,25.05262693
111,12,27,11,5,2,03中山區,中山區松江路與松江路124巷口,0,0,1,2,C03,8,1,5,50,3,2,1,5,4,5,7,4,4,2,4,5,2,12,1,46,2,9,1,1,7,9,1,10,1,11,14,16,,1,22,9,121.5328947,25.05262693
111,12,27,11,55,2,02萬華區,萬華區西園路2段237號,0,0,2,1,C03,7,1,5,50,14,9,1,5,4,5,7,1,1,1,3,5,1,13,2,20,2,9,3,4,7,9,1,10,1,11,,43,,1,22,9,121.4936847,25.0266562
111,12,27,11,55,2,02萬華區,萬華區西園路2段237號,0,0,2,2,C03,7,1,5,50,14,9,1,5,4,5,7,1,1,1,3,5,1,13,1,34,2,9,3,4,7,9,1,10,1,15,,43,,1,22,9,121.4936847,25.0266562
111,12,27,11,55,2,02萬華區,萬華區西園路2段237號,0,0,2,3,B11,7,1,5,50,14,9,1,5,4,5,7,1,1,1,3,5,1,13,1,42,3,10,3,4,7,14,1,8,1,3,,44,,1,22,9,121.4936847,25.0266562
111,12,27,11,56,2,02萬華區,萬華區萬大路618巷36號,0,0,1,1,B12,7,1,5,30,14,9,1,5,4,5,7,4,4,10,5,5,1,17,1,58,3,10,3,4,7,14,1,8,1,4,,40,,1,22,9,121.494485,25.01796713
111,12,27,11,56,2,02萬華區,萬華區萬大路618巷36號,0,0,1,2,C03,7,1,5,30,14,9,1,5,4,5,7,4,4,10,5,5,1,17,1,55,2,7,3,4,7,9,1,10,1,12,,44,,1,22,9,121.494485,25.01796713
111,12,27,12,17,2,11南港區,南港區南港路1段360號,0,0,2,1,C04,7,1,5,40,14,20,1,5,4,5,7,4,4,8,3,4,2,9,2,54,2,9,3,4,7,8,1,8,2,11,,7,,1,22,9,121.6074952,25.0544369
111,12,27,12,17,2,11南港區,南港區南港路1段360號,0,0,2,2,H01,7,1,5,40,14,20,1,5,4,5,7,4,4,8,3,4,2,9,2,19,2,9,3,5,8,16,8,20,10,16,,67,,1,22,9,121.6074952,25.0544369
111,12,27,12,48,2,08士林區,士林區延平北路9段與延平北路9段206巷口,0,0,1,1,C03,8,1,5,40,4,1,1,5,4,5,7,3,1,10,2,5,1,16,1,18,3,10,1,1,7,5,1,10,2,11,,6,,1,22,9,121.4716129,25.10759019
111,12,27,12,48,2,08士林區,士林區延平北路9段與延平北路9段206巷口,0,0,1,2,C03,8,1,5,40,4,1,1,5,4,5,7,3,1,10,2,5,1,16,1,53,2,9,1,1,7,9,1,10,2,14,,23,,1,22,9,121.4716129,25.10759019
111,12,27,12,54,2,03中山區,中山區中山北路3段與民族東路口,0,0,2,1,C03,8,1,5,50,4,1,1,5,4,5,7,1,1,1,4,5,2,16,1,18,2,9,1,4,7,6,1,10,1,12,,9,,1,22,9,121.5229701,25.06835526
111,12,27,12,54,2,03中山區,中山區中山北路3段與民族東路口,0,0,2,2,C03,8,1,5,50,4,1,1,5,4,5,7,1,1,1,4,5,2,16,2,36,2,9,3,4,7,9,1,10,1,11,,44,,1,22,9,121.5229701,25.06835526
111,12,27,12,55,2,09北投區,北投區石牌路1段與西安街2段口,0,0,1,1,C04,8,1,5,50,4,1,1,5,4,5,7,2,1,10,4,5,2,17,1,37,2,7,1,1,7,7,1,11,1,13,,7,,1,22,9,121.5148051,25.11512254
111,12,27,12,55,2,09北投區,北投區石牌路1段與西安街2段口,0,0,1,2,C04,8,1,5,50,4,1,1,5,4,5,7,2,1,10,4,5,2,17,2,52,3,10,1,1,7,9,1,11,1,11,,44,,1,22,9,121.5148051,25.11512254
111,12,27,13,40,2,03中山區,中山區市民高架道往西第425號路燈桿,0,0,1,1,B12,7,1,5,60,10,9,1,5,4,5,7,4,4,1,3,5,1,13,1,31,3,10,3,4,7,9,1,8,2,5,,16,,1,22,9,121.5231319,25.0480644
111,12,27,13,40,2,03中山區,中山區市民高架道往西第425號路燈桿,0,0,1,2,B03,7,1,5,60,10,9,1,5,4,5,7,4,4,1,3,5,1,13,1,71,2,9,3,4,7,9,1,8,2,7,,44,,1,22,9,121.5231319,25.0480644
111,12,27,14,32,2,09北投區,北投區承德路7段與無名巷口,0,0,2,1,C03,8,1,5,60,3,2,1,5,4,5,7,4,4,1,4,4,2,16,1,19,2,9,1,1,7,4,1,10,1,12,,23,,1,22,9,121.5067005,25.11458887
111,12,27,14,32,2,09北投區,北投區承德路7段與無名巷口,0,0,2,2,C03,8,1,5,60,3,2,1,5,4,5,7,4,4,1,4,4,2,16,2,66,2,9,1,1,7,9,3,18,11,14,,42,,2,22,9,121.5067005,25.11458887
111,12,27,14,32,2,09北投區,北投區承德路7段與無名巷口,0,0,2,3,B12,8,1,5,60,3,2,1,5,4,5,7,4,4,1,4,4,2,16,1,52,3,10,3,4,7,9,1,8,11,2,,44,,1,22,9,121.5067005,25.11458887
111,12,27,14,47,2,04大安區,大安區仁愛路3段與建國南路1段口,0,0,1,1,C03,7,1,5,50,4,2,1,5,4,5,7,1,1,9,4,5,1,12,1,20,3,10,1,1,7,7,1,10,1,15,,44,,1,22,9,121.5372744,25.0383114
111,12,27,14,47,2,04大安區,大安區仁愛路3段與建國南路1段口,0,0,1,2,C03,7,1,5,50,4,2,1,5,4,5,7,1,1,9,4,5,1,12,1,50,2,7,1,1,7,7,1,10,1,12,,42,,1,22,9,121.5372744,25.0383114
111,12,27,14,47,2,04大安區,大安區仁愛路3段與建國南路1段口,0,0,1,3,B01,7,1,5,50,4,2,1,5,4,5,7,1,1,9,4,5,1,12,1,71,3,10,1,1,7,10,6,4,1,8,,7,,1,22,9,121.5372744,25.0383114
111,12,27,14,50,2,04大安區,大安區基隆路4段41巷68弄,0,0,2,1,C03,8,1,5,30,14,9,1,5,4,5,7,4,4,5,3,5,2,16,1,26,2,9,1,1,7,5,1,10,1,14,,8,,1,22,9,121.5437954,25.01220312
111,12,27,14,50,2,04大安區,大安區基隆路4段41巷68弄,0,0,2,2,C03,8,1,5,30,14,9,1,5,4,5,7,4,4,5,3,5,2,16,1,18,2,9,1,1,7,9,1,10,1,11,,17,,1,22,9,121.5437954,25.01220312
111,12,27,15,0,2,12內湖區,內湖區民權東路6段419號,0,0,2,1,B03,7,1,5,50,3,2,1,5,4,5,7,4,4,1,4,4,2,12,2,46,3,10,1,1,7,1,1,8,1,8,,19,,1,22,9,121.6040468,25.07108789
111,12,27,15,0,2,12內湖區,內湖區民權東路6段419號,0,0,2,2,A02,7,1,5,50,3,2,1,5,4,5,7,4,4,1,4,4,2,12,1,59,3,10,1,1,7,9,1,2,1,5,,44,,1,22,9,121.6040468,25.07108789
111,12,27,15,0,2,12內湖區,內湖區民權東路6段419號,0,0,2,3,H02,7,1,5,50,3,2,1,5,4,5,7,4,4,1,4,4,2,12,1,55,2,2,4,5,7,21,8,20,10,16,,67,,1,22,9,121.6040468,25.07108789
111,12,27,15,0,2,12內湖區,內湖區民權東路6段419號,0,0,2,4,H02,7,1,5,50,3,2,1,5,4,5,7,4,4,1,4,4,2,12,1,73,2,1,4,5,7,21,8,20,10,16,,67,,1,22,9,121.6040468,25.07108789
111,12,27,15,0,2,07信義區,信義區中坡南路215巷與中坡南路口口,0,0,1,1,C03,8,1,5,30,3,1,1,5,4,5,7,4,4,5,4,4,2,17,1,43,2,8,1,1,7,5,1,10,2,14,,6,,1,22,9,121.5852579,25.041103
111,12,27,15,0,2,07信義區,信義區中坡南路215巷與中坡南路口口,0,0,1,2,B01,8,1,5,30,3,1,1,5,4,5,7,4,4,5,4,4,2,17,1,61,3,10,1,1,7,9,1,4,2,1,,23,,1,22,9,121.5852579,25.041103
111,12,27,15,21,2,09北投區,北投區承德路7段393巷與承德路7段口,0,0,1,2,C03,7,1,5,50,4,1,1,5,4,5,7,2,1,5,4,5,2,15,1,35,2,9,1,1,7,9,1,10,1,11,,44,,1,22,9,121.5013994,25.11944217
111,12,27,15,21,2,09北投區,北投區承德路7段393巷與承德路7段口,0,0,1,1,B12,7,1,5,50,4,1,1,5,4,5,7,2,1,5,4,5,2,15,2,61,3,10,1,1,7,9,1,8,11,6,,42,,2,22,9,121.5013994,25.11944217
111,12,27,15,47,2,11南港區,南港區舊莊街1段145巷與舊莊街1段口,0,0,1,1,B01,7,1,5,50,3,1,1,5,4,5,7,4,4,5,4,5,2,3,1,49,3,10,1,1,7,9,1,8,2,5,,15,,1,22,9,121.6202695,25.0398739
111,12,27,15,47,2,11南港區,南港區舊莊街1段145巷與舊莊街1段口,0,0,1,2,H01,7,1,5,50,3,1,1,5,4,5,7,4,4,5,4,5,2,3,1,70,2,8,4,5,8,16,8,20,10,16,,67,,1,22,9,121.6202695,25.0398739
111,12,27,15,49,2,04大安區,大安區和平東路1段與和平東路1段183巷口,0,0,1,1,C03,7,3,5,50,3,2,1,5,4,5,7,4,4,1,4,5,2,12,2,31,2,9,1,1,7,9,1,10,1,15,,13,,1,22,9,121.5330662,25.0263236
111,12,27,15,49,2,04大安區,大安區和平東路1段與和平東路1段183巷口,0,0,1,2,C02,7,3,5,50,3,2,1,5,4,5,7,4,4,1,4,5,2,12,1,44,3,10,1,1,7,8,6,9,1,15,,7,,1,22,9,121.5330662,25.0263236
111,12,27,15,49,2,08士林區,士林區福林路與福林路251巷口口,0,0,1,1,C03,8,1,5,50,3,1,1,5,4,5,7,4,4,5,4,5,1,16,1,19,2,9,1,1,7,9,1,10,1,11,,23,,1,22,9,121.5351187,25.09838692
111,12,27,15,49,2,08士林區,士林區福林路與福林路251巷口口,0,0,1,2,B03,8,1,5,50,3,1,1,5,4,5,7,4,4,5,4,5,1,16,1,52,3,10,1,1,7,14,1,8,1,6,,44,,1,22,9,121.5351187,25.09838692
111,12,27,15,50,2,10文山區,文山區木柵路4段111巷與木柵路4段口,0,0,1,1,B03,8,1,5,50,3,1,1,5,4,5,7,1,1,4,3,5,2,16,1,64,3,10,1,1,7,5,1,8,1,6,,8,,1,22,9,121.5735055,24.9973025
111,12,27,15,50,2,10文山區,文山區木柵路4段111巷與木柵路4段口,0,0,1,2,C03,8,1,5,50,3,1,1,5,4,5,7,1,1,4,3,5,2,16,1,41,2,9,1,1,7,9,3,18,1,11,,23,,1,22,9,121.5735055,24.9973025
111,12,27,15,55,2,06松山區,松山區八德路4段與松山路口,0,0,2,1,B03,8,1,5,50,4,1,1,5,4,5,7,1,1,8,3,4,1,16,1,62,2,9,3,1,7,5,1,8,1,2,,8,,1,22,9,121.5776751,25.05012808
111,12,27,15,55,2,06松山區,松山區八德路4段與松山路口,0,0,2,2,B03,8,1,5,50,4,1,1,5,4,5,7,1,1,8,3,4,1,16,1,41,3,10,3,1,7,9,1,4,1,1,,44,,1,22,9,121.5776751,25.05012808
111,12,27,15,55,2,06松山區,松山區八德路4段與松山路口,0,0,2,3,H02,8,1,5,50,4,1,1,5,4,5,7,1,1,8,3,4,1,16,2,34,2,1,3,5,7,21,8,20,10,16,,67,,1,22,9,121.5776751,25.05012808
111,12,27,16,20,2,04大安區,大安區和平東路1段65號,0,0,1,1,B03,8,1,5,50,14,9,1,5,4,5,7,4,4,9,4,5,1,17,2,22,3,10,1,1,7,9,1,8,1,2,,44,,1,22,9,121.5243556,25.0267697
111,12,27,16,20,2,04大安區,大安區和平東路1段65號,0,0,1,2,C03,8,1,5,50,14,9,1,5,4,5,7,4,4,9,4,5,1,17,2,86,2,8,1,1,7,7,6,10,1,14,,7,,1,22,9,121.5243556,25.0267697
111,12,27,16,20,2,04大安區,大安區和平東路1段65號,0,0,1,3,A02,8,1,5,50,14,9,1,5,4,5,7,4,4,9,4,5,1,17,1,59,3,10,1,1,7,14,1,2,1,7,,44,,1,22,9,121.5243556,25.0267697
111,12,27,16,31,2,09北投區,北投區中央北路4段與自立路口,0,0,2,1,B03,8,1,5,50,4,1,1,5,4,5,7,1,1,5,4,5,2,16,1,59,3,10,3,4,2,6,1,3,2,2,,26,,1,22,9,121.4656136,25.12594779
111,12,27,16,31,2,09北投區,北投區中央北路4段與自立路口,0,0,2,2,C03,8,1,5,50,4,1,1,5,4,5,7,1,1,5,4,5,2,16,2,19,2,9,1,1,7,9,1,10,2,14,,23,,1,22,9,121.4656136,25.12594779
111,12,27,16,31,2,09北投區,北投區中央北路4段與自立路口,0,0,2,3,H02,8,1,5,50,4,1,1,5,4,5,7,1,1,5,4,5,2,16,2,18,2,9,4,5,7,21,8,20,10,15,,67,,1,22,9,121.4656136,25.12594779
111,12,27,16,51,2,03中山區,中山區中山北路2段與錦州街口,0,0,2,1,C03,8,1,5,50,4,1,1,5,4,5,7,1,1,1,3,5,1,16,2,23,2,9,1,1,7,9,1,10,1,11,,44,,1,22,9,121.5230822,25.0603236
111,12,27,16,51,2,03中山區,中山區中山北路2段與錦州街口,0,0,2,2,C03,8,1,5,50,4,1,1,5,4,5,7,1,1,1,3,5,1,16,1,37,2,9,1,1,7,6,1,10,1,13,,9,,1,22,9,121.5230822,25.0603236
111,12,27,17,5,2,11南港區,南港區舊莊街1段145巷10號,0,0,1,1,B12,7,1,5,30,14,9,1,5,4,5,7,4,4,10,5,5,2,2,1,66,3,10,1,1,7,9,1,2,2,5,,23,,1,22,9,121.6205725,25.0406222
111,12,27,17,5,2,11南港區,南港區舊莊街1段145巷10號,0,0,1,2,H01,7,1,5,30,14,9,1,5,4,5,7,4,4,10,5,5,2,2,2,73,2,9,4,5,8,16,8,20,10,16,,51,,1,22,9,121.6205725,25.0406222
111,12,27,17,5,2,07信義區,信義區忠孝東路5段137號,0,0,1,1,B03,7,1,5,50,14,9,1,5,4,5,7,4,4,2,4,5,2,9,1,45,3,10,1,1,7,14,1,8,2,2,右後,40,,1,22,9,121.5678065,25.0413088
111,12,27,17,5,2,07信義區,信義區忠孝東路5段137號,0,0,1,2,H02,7,1,5,50,14,9,1,5,4,5,7,4,4,2,4,5,2,9,2,44,3,10,4,5,7,19,8,20,10,16,,56,,1,22,9,121.5678065,25.0413088
111,12,27,17,5,2,07信義區,信義區忠孝東路5段137號,0,0,1,3,F01,7,1,5,50,14,9,1,5,4,5,7,4,4,2,4,5,2,9,2,57,2,9,1,1,7,9,8,20,2,16,,17,,1,22,9,121.5678065,25.0413088
111,12,27,17,14,2,10文山區,文山區興隆路3段104號,0,0,1,1,B03,8,3,5,50,14,9,1,5,4,5,7,1,1,1,4,5,2,12,1,45,3,10,1,1,7,8,1,8,2,5,,7,,1,22,9,121.5572491,24.9993768
111,12,27,17,14,2,10文山區,文山區興隆路3段104號,0,0,1,2,C03,8,3,5,50,14,9,1,5,4,5,7,1,1,1,4,5,2,12,2,27,2,9,1,1,7,9,1,10,2,11,,44,,1,22,9,121.5572491,24.9993768
111,12,27,17,14,2,10文山區,文山區興隆路3段104號,0,0,1,3,C03,8,3,5,50,14,9,1,5,4,5,7,1,1,1,4,5,2,12,2,51,3,10,1,1,7,13,1,10,11,13,,38,,1,22,9,121.5572491,24.9993768
111,12,27,17,15,2,12內湖區,內湖區成功路3段與陽光街口,0,0,2,1,C03,7,3,5,50,4,1,1,5,4,5,7,1,1,1,4,5,2,3,1,18,2,9,1,1,7,9,1,10,1,11,,15,,1,22,9,121.5898654,25.07734598
111,12,27,17,15,2,12內湖區,內湖區成功路3段與陽光街口,0,0,2,2,H01,7,3,5,50,4,1,1,5,4,5,7,1,1,1,4,5,2,3,1,80,2,8,4,5,8,16,8,20,1,16,,52,,1,22,9,121.5898654,25.07734598
111,12,27,17,27,2,06松山區,松山區八德路4段580號,0,0,2,1,C03,8,1,5,40,14,9,1,5,4,5,7,4,4,10,4,1,2,13,2,35,2,9,1,1,7,9,1,10,2,11,,16,,1,22,9,121.5716337,25.04948204
111,12,27,17,27,2,06松山區,松山區八德路4段580號,0,0,2,2,C03,8,1,5,40,14,9,1,5,4,5,7,4,4,10,4,1,2,13,1,51,2,8,1,1,7,10,1,10,2,14,,7,,1,22,9,121.5716337,25.04948204
111,12,27,17,27,2,06松山區,松山區八德路4段580號,0,0,2,3,C03,8,1,5,40,14,9,1,5,4,5,7,4,4,10,4,1,2,13,1,35,3,10,1,1,7,9,1,10,2,15,,14,,1,22,9,121.5716337,25.04948204
111,12,27,17,32,2,10文山區,文山區興隆路3段與興隆路3段112巷口,0,0,1,1,B12,8,1,5,50,4,1,1,5,4,5,7,1,1,1,4,5,2,13,1,28,3,10,1,1,7,9,1,8,2,8,,23,,1,22,9,121.5575605,24.9992726
111,12,27,17,32,2,10文山區,文山區興隆路3段與興隆路3段112巷口,0,0,1,2,C03,8,1,5,50,4,1,1,5,4,5,7,1,1,1,4,5,2,13,1,57,3,10,1,1,7,5,1,10,2,13,,44,,1,22,9,121.5575605,24.9992726
111,12,27,17,32,2,10文山區,文山區興隆路3段與興隆路3段112巷口,0,0,1,3,H02,8,1,5,50,4,1,1,5,4,5,7,1,1,1,4,5,2,13,2,58,2,7,4,5,7,20,8,20,10,16,,67,,1,22,9,121.5575605,24.9992726
111,12,27,17,45,2,12內湖區,內湖區成功橋(內湖往南港-環島1號燈桿),0,0,2,1,C03,7,3,5,50,8,9,1,5,4,5,7,4,4,1,4,5,2,17,1,41,3,10,1,1,7,15,1,10,1,11,,44,,1,22,9,121.5920892,25.05913461
111,12,27,17,45,2,12內湖區,內湖區成功橋(內湖往南港-環島1號燈桿),0,0,2,2,C03,7,3,5,50,8,9,1,5,4,5,7,4,4,1,4,5,2,17,2,29,2,9,1,1,7,9,1,10,1,15,,16,,1,22,9,121.5920892,25.05913461
111,12,27,17,45,2,12內湖區,內湖區成功橋(內湖往南港-環島1號燈桿),0,0,2,3,C03,7,3,5,50,8,9,1,5,4,5,7,4,4,1,4,5,2,17,1,26,2,8,1,1,7,9,1,10,1,11,,16,,1,22,9,121.5920892,25.05913461
111,12,27,17,45,2,12內湖區,內湖區成功橋(內湖往南港-環島1號燈桿),0,0,2,4,,7,3,5,50,8,9,1,5,4,5,7,4,4,1,4,5,2,17,3,,,,,,,,,,,,,67,,1,,,121.5920892,25.05913461
111,12,27,17,50,2,09北投區,北投區承德路6段與福國路口,0,0,1,1,B03,8,3,5,50,4,1,1,5,4,5,7,2,1,1,4,4,2,3,2,46,3,10,1,1,7,5,1,8,2,1,,15,,1,22,9,121.5123186,25.10171318
111,12,27,17,50,2,09北投區,北投區承德路6段與福國路口,0,0,1,2,H01,8,3,5,50,4,1,1,5,4,5,7,2,1,1,4,4,2,3,1,30,2,1,4,5,8,16,8,20,10,16,,67,,1,22,9,121.5123186,25.10171318
111,12,27,17,56,2,09北投區,北投區吉利街與石牌路1段39巷口,0,0,2,1,C03,8,3,5,30,3,1,1,5,4,5,7,4,4,10,5,5,2,16,2,34,2,7,1,1,7,5,1,10,1,14,,6,,1,22,9,121.5083722,25.11861032
111,12,27,17,56,2,09北投區,北投區吉利街與石牌路1段39巷口,0,0,2,2,C03,8,3,5,30,3,1,1,5,4,5,7,4,4,10,5,5,2,16,2,41,2,7,1,1,7,9,1,10,1,12,,14,,1,22,9,121.5083722,25.11861032
111,12,27,18,4,2,04大安區,大安區基隆路4段與羅斯福路4段口,0,0,1,1,B03,7,3,5,50,4,2,1,5,4,5,7,1,1,1,5,5,1,17,1,40,3,10,1,1,7,1,1,8,1,4,,19,,1,22,9,121.5382434,25.0118734
111,12,27,18,4,2,04大安區,大安區基隆路4段與羅斯福路4段口,0,0,1,2,C03,7,3,5,50,4,2,1,5,4,5,7,1,1,1,5,5,1,17,1,32,2,8,1,1,7,14,1,10,1,12,,44,,1,22,9,121.5382434,25.0118734
111,12,27,18,5,2,09北投區,北投區義理街22號,0,0,1,1,F01,8,3,5,50,14,9,1,5,4,5,7,4,4,9,4,5,2,3,4,,4,11,3,4,7,15,7,19,11,15,,43,,2,22,9,121.5152123,25.11635957
111,12,27,18,5,2,09北投區,北投區義理街22號,0,0,1,2,H01,8,3,5,50,14,9,1,5,4,5,7,4,4,9,4,5,2,3,2,57,2,9,4,5,8,16,8,20,10,16,,53,,1,22,9,121.5152123,25.11635957
111,12,27,18,8,2,03中山區,中山區新生高架道往北民族上方,0,0,1,1,B03,7,3,5,70,10,9,1,5,4,5,7,4,4,1,3,5,2,13,1,37,3,10,3,4,7,9,1,8,2,1,,23,,1,22,9,121.5279159,25.06921411
111,12,27,18,8,2,03中山區,中山區新生高架道往北民族上方,0,0,1,2,B03,7,3,5,70,10,9,1,5,4,5,7,4,4,1,3,5,2,13,1,48,2,2,3,4,7,14,1,8,2,3,,44,,1,22,9,121.5279159,25.06921411
111,12,27,18,15,2,06松山區,松山區民權東路4段200號,0,0,1,1,C03,8,3,5,50,14,9,1,5,4,5,7,4,4,1,3,4,2,18,1,24,2,9,1,4,7,9,1,10,1,12,,42,,1,22,9,121.5606656,25.06245422
111,12,27,18,15,2,06松山區,松山區民權東路4段200號,0,0,1,2,,8,3,5,50,14,9,1,5,4,5,7,4,4,1,3,4,2,18,3,,,,,,,,,,,,,67,,1,,,121.5606656,25.06245422
111,12,27,18,15,2,12內湖區,內湖區南京東路6段147號對面,0,0,1,1,C03,8,1,5,30,14,9,1,5,4,5,7,4,4,1,4,5,2,13,1,27,2,8,1,2,7,9,3,18,1,11,,23,,1,22,9,121.5795423,25.05649805
111,12,27,18,15,2,12內湖區,內湖區南京東路6段147號對面,0,0,1,2,B03,8,1,5,30,14,9,1,5,4,5,7,4,4,1,4,5,2,13,1,42,3,10,3,4,7,13,1,8,9,3,,44,,1,22,9,121.5795423,25.05649805
111,12,27,18,22,2,12內湖區,內湖區環山路1段27號,0,0,1,1,B03,8,3,5,30,14,9,1,5,4,5,5,4,4,9,4,5,2,16,2,47,3,10,1,1,7,6,1,8,2,1,,9,,1,22,9,121.5664214,25.08460373
111,12,27,18,22,2,12內湖區,內湖區環山路1段27號,0,0,1,2,C03,8,3,5,30,14,9,1,5,4,5,5,4,4,9,4,5,2,16,2,40,2,8,1,1,7,9,1,10,2,15,,44,,1,22,9,121.5664214,25.08460373
111,12,27,18,22,2,12內湖區,內湖區環山路1段27號,0,0,1,3,B03,8,3,5,30,14,9,1,5,4,5,5,4,4,9,4,5,2,16,2,29,4,11,3,4,7,15,7,19,11,15,,38,,2,22,9,121.5664214,25.08460373
111,12,27,18,22,2,12內湖區,內湖區環山路1段27號,0,0,1,4,B03,8,3,5,30,14,9,1,5,4,5,5,4,4,9,4,5,2,16,1,26,4,11,3,4,7,13,1,8,11,15,,38,,1,22,9,121.5664214,25.08460373
111,12,27,18,29,2,10文山區,文山區木新路3段與保儀路口口,0,0,2,1,H01,8,3,5,50,14,18,1,5,4,5,7,2,1,4,5,5,2,3,1,46,2,9,4,1,8,16,8,20,10,16,,67,,1,22,9,121.5652176,24.9827998
111,12,27,18,29,2,10文山區,文山區木新路3段與保儀路口口,0,0,2,2,C03,8,3,5,50,14,18,1,5,4,5,7,2,1,4,5,5,2,3,2,27,2,9,1,1,7,9,1,10,2,11,,43,,1,22,9,121.5652176,24.9827998
111,12,27,18,31,2,02萬華區,萬華區華江橋機車道與華江橋往台北市口001024燈桿,0,0,2,1,C03,8,3,7,40,8,11,1,5,4,4,7,4,4,1,4,5,2,13,1,37,2,9,1,1,7,9,1,10,1,11,,16,,1,22,9,121.4861355,25.03566414