發生年度,發生月,發生日,發生時-Hours,發生分,處理別-編號,區序,肇事地點,死亡人數,2-30日死亡人數,受傷人數,當事人序號,車種,天候,光線,道路類別,速限-速度限制,道路型態,事故位置,路面狀況1,路面狀況2,路面狀況3,道路障礙1,道路障礙2,號誌1,號誌2,車道劃分-分向,車道劃分-分道1,車道劃分-分道2,車道劃分-分道3,事故類型及型態,性別,年齡,受傷程度,主要傷處,安全帽,行動電話,車輛用途,當事者行動狀態,駕駛資格情形,駕駛執照種類,飲酒情形,車輛撞擊部位1,車輛撞擊部位2,肇因碼-個別,肇因碼-主要,個人肇逃否,職業,旅次目的,座標-X,座標-Y
111,12,27,18,31,2,02萬華區,萬華區華江橋機車道與華江橋往台北市口001024燈桿,0,0,2,2,C03,8,3,7,40,8,11,1,5,4,4,7,4,4,1,4,5,2,13,1,31,2,9,1,1,7,9,1,9,1,13,,44,,1,22,9,121.4861355,25.03566414
111,12,27,18,31,2,02萬華區,萬華區華江橋往台北市,0,0,2,1,C03,8,3,5,40,8,11,1,5,4,5,7,4,4,8,3,5,1,13,1,34,2,8,3,4,7,9,1,10,1,11,,23,,1,22,9,121.4856226,25.03566023
111,12,27,18,31,2,02萬華區,萬華區華江橋往台北市,0,0,2,2,F01,8,3,5,40,8,11,1,5,4,5,7,4,4,8,3,5,1,13,2,56,2,9,1,4,7,9,8,20,1,15,,26,,1,22,9,121.4856226,25.03566023
111,12,27,18,36,2,07信義區,信義區忠孝東路4段與忠孝東路4段553巷口,0,0,1,1,B03,7,3,5,50,4,1,1,5,4,5,7,1,1,1,4,5,1,12,2,58,3,10,1,1,7,9,1,8,1,5,,44,,1,22,9,121.5627044,25.0411999
111,12,27,18,36,2,07信義區,信義區忠孝東路4段與忠孝東路4段553巷口,0,0,1,2,C02,7,3,5,50,4,1,1,5,4,5,7,1,1,1,4,5,1,12,1,44,2,9,1,1,7,5,1,9,1,14,,8,,1,22,9,121.5627044,25.0411999
111,12,27,18,50,2,04大安區,大安區建國南路1段與新生南路1段97巷口,0,0,1,1,B01,8,3,5,50,3,1,1,5,4,5,7,4,4,1,4,4,2,16,1,44,3,10,1,1,7,6,1,4,1,2,,9,,1,22,9,121.5369538,25.0413134
111,12,27,18,50,2,04大安區,大安區建國南路1段與新生南路1段97巷口,0,0,1,2,C03,8,3,5,50,3,1,1,5,4,5,7,4,4,1,4,4,2,16,1,21,2,7,1,1,7,9,1,10,1,14,,13,,1,22,9,121.5369538,25.0413134
111,12,27,19,20,2,06松山區,松山區延壽街與塔悠路口,0,0,1,1,B03,8,3,5,50,4,1,1,5,4,5,7,2,1,1,3,4,2,1,1,41,3,10,1,1,7,5,1,8,2,8,,15,,1,22,9,121.5692504,25.0573415
111,12,27,19,20,2,06松山區,松山區延壽街與塔悠路口,0,0,1,2,H01,8,3,5,50,4,1,1,5,4,5,7,2,1,1,3,4,2,1,1,49,2,9,4,5,8,16,8,20,10,16,,67,,1,22,9,121.5692504,25.0573415
111,12,27,19,25,2,10文山區,文山區忠順街1段與忠順街1段41巷口口,0,0,2,1,C01,8,3,5,30,3,2,1,5,4,5,7,4,4,9,4,5,2,16,1,56,3,10,3,4,7,5,1,9,2,13,,8,,1,22,9,121.5586689,24.984124
111,12,27,19,25,2,10文山區,文山區忠順街1段與忠順街1段41巷口口,0,0,2,2,C03,8,3,5,30,3,2,1,5,4,5,7,4,4,9,4,5,2,16,2,61,2,9,3,4,7,9,1,10,2,11,,14,,1,22,9,121.5586689,24.984124
111,12,27,19,25,2,10文山區,文山區忠順街1段與忠順街1段41巷口口,0,0,2,3,H02,8,3,5,30,3,2,1,5,4,5,7,4,4,9,4,5,2,16,2,23,2,9,4,5,7,20,8,20,10,16,,67,,1,22,9,121.5586689,24.984124
111,12,27,19,30,2,08士林區,士林區中山北路6段與中山北路6段157巷口,0,0,1,2,C03,8,3,5,50,3,1,1,5,4,5,7,4,4,1,4,5,2,17,1,48,3,10,1,1,7,9,1,10,1,13,,44,,1,22,9,121.5249009,25.10685463
111,12,27,19,30,2,08士林區,士林區中山北路6段與中山北路6段157巷口,0,0,1,1,B03,8,3,5,50,3,1,1,5,4,5,7,4,4,1,4,5,2,17,4,,4,11,3,4,7,15,7,19,11,15,,43,,2,22,9,121.5249009,25.10685463
111,12,27,19,30,2,08士林區,士林區中山北路6段與中山北路6段157巷口,0,0,1,3,C03,8,3,5,50,3,1,1,5,4,5,7,4,4,1,4,5,2,17,1,46,2,8,1,1,7,9,1,10,1,11,,16,,1,22,9,121.5249009,25.10685463
111,12,27,19,30,2,08士林區,士林區中山北路6段與中山北路6段157巷口,0,0,1,4,B03,8,3,5,50,3,1,1,5,4,5,7,4,4,1,4,5,2,17,1,27,3,10,1,1,7,9,1,8,1,2,,44,,1,22,9,121.5249009,25.10685463
111,12,27,19,40,2,10文山區,文山區辛亥路7段17號,0,0,1,1,C03,8,3,5,50,14,9,1,5,4,5,7,4,4,4,4,4,1,18,1,56,2,8,1,4,7,9,3,18,5,12,,21,,1,22,9,121.5530776,24.98672134
111,12,27,19,40,2,10文山區,文山區辛亥路7段17號,0,0,1,2,,8,3,5,50,14,9,1,5,4,5,7,4,4,4,4,4,1,18,3,,,,,,,,,,,,,67,,1,,,121.5530776,24.98672134
111,12,27,19,40,2,07信義區,信義區虎林街50巷與虎林街口,0,0,1,1,C03,8,3,5,30,3,1,1,5,4,5,7,4,4,10,5,5,2,16,1,52,2,7,1,1,7,5,1,10,1,11,,6,,1,22,9,121.5769083,25.04682392
111,12,27,19,40,2,07信義區,信義區虎林街50巷與虎林街口,0,0,1,2,C03,8,3,5,30,3,1,1,5,4,5,7,4,4,10,5,5,2,16,1,27,3,10,1,1,7,9,1,9,1,12,,44,,1,22,9,121.5769083,25.04682392
111,12,27,19,50,2,04大安區,大安區復興南路1段219巷與復興南路1段口,0,0,1,1,,8,3,5,50,14,9,1,5,4,5,7,4,4,8,3,5,1,17,4,,4,11,3,4,7,15,7,19,11,15,,43,,2,22,9,121.5438381,25.0390382
111,12,27,19,50,2,04大安區,大安區復興南路1段219巷與復興南路1段口,0,0,1,2,C04,8,3,5,50,14,9,1,5,4,5,7,4,4,8,3,5,1,17,1,34,2,7,1,1,7,15,1,10,1,12,,43,,1,5,1,121.5438381,25.0390382
111,12,27,19,50,2,12內湖區,內湖區成功路4段61巷25弄14號,0,0,1,1,B03,8,3,5,30,14,9,1,5,4,5,7,4,4,10,5,5,2,8,1,56,3,10,1,1,7,9,1,8,1,5,,23,,1,22,9,121.592623,25.08008857
111,12,27,19,50,2,12內湖區,內湖區成功路4段61巷25弄14號,0,0,1,2,H01,8,3,5,30,14,9,1,5,4,5,7,4,4,10,5,5,2,8,2,43,2,8,4,5,8,17,8,20,10,16,,54,,1,22,9,121.592623,25.08008857
111,12,27,20,30,2,04大安區,大安區市民大道4段與忠孝東路4段223巷口,0,0,2,1,C03,7,3,5,40,4,1,1,5,4,5,7,2,1,1,4,5,2,12,1,25,2,8,1,1,7,9,1,9,1,12,,17,,1,21,8,121.5531544,25.04418602
111,12,27,20,30,2,04大安區,大安區市民大道4段與忠孝東路4段223巷口,0,0,2,2,C03,7,3,5,40,4,1,1,5,4,5,7,2,1,1,4,5,2,12,1,54,2,7,1,1,7,9,1,10,1,14,,44,,1,21,8,121.5531544,25.04418602
111,12,27,20,30,2,12內湖區,內湖區內湖路2段366號,0,0,2,1,C03,7,3,5,30,3,1,1,5,4,5,7,4,4,9,5,5,2,12,1,70,2,9,1,1,7,5,1,10,2,14,,8,,1,22,9,121.5909279,25.08250344
111,12,27,20,30,2,12內湖區,內湖區內湖路2段366號,0,0,2,2,C03,7,3,5,30,3,1,1,5,4,5,7,4,4,9,5,5,2,12,1,22,2,9,1,1,7,9,1,10,2,11,,13,,1,22,9,121.5909279,25.08250344
111,12,27,20,33,2,08士林區,士林區中山北路4段新生高架282燈桿,0,0,2,3,B03,7,3,5,50,14,9,1,5,4,5,7,4,4,3,4,5,2,13,1,63,3,10,1,1,7,14,1,8,1,3,,44,,1,22,9,121.5245125,25.07955198
111,12,27,20,33,2,08士林區,士林區中山北路4段新生高架282燈桿,0,0,2,4,H02,7,3,5,50,14,9,1,5,4,5,7,4,4,3,4,5,2,13,2,20,2,1,4,5,7,20,8,20,10,16,,67,,1,22,9,121.5245125,25.07955198
111,12,27,20,33,2,08士林區,士林區中山北路4段新生高架282燈桿,0,0,2,1,B03,7,3,5,50,14,9,1,5,4,5,7,4,4,3,4,5,2,13,1,51,3,10,1,1,7,9,1,8,1,1,,23,,1,22,9,121.5245125,25.07955198
111,12,27,20,33,2,08士林區,士林區中山北路4段新生高架282燈桿,0,0,2,2,B03,7,3,5,50,14,9,1,5,4,5,7,4,4,3,4,5,2,13,1,73,3,10,1,1,7,14,1,8,1,3,,44,,1,22,9,121.5245125,25.07955198
111,12,27,20,33,2,08士林區,士林區中山北路4段新生高架282燈桿,0,0,2,5,H02,7,3,5,50,14,9,1,5,4,5,7,4,4,3,4,5,2,13,2,45,2,1,4,5,7,20,8,20,10,16,,67,,1,22,9,121.5245125,25.07955198
111,12,27,20,40,2,01大同區,大同區重慶北路1段與長安西路口口,0,0,2,1,F01,8,3,5,50,4,1,1,5,4,5,7,2,1,8,3,5,2,15,1,62,2,1,1,1,7,11,8,20,1,16,,25,,1,22,9,121.5138297,25.05153515
111,12,27,20,40,2,01大同區,大同區重慶北路1段與長安西路口口,0,0,2,2,C03,8,3,5,50,4,1,1,5,4,5,7,2,1,8,3,5,2,15,1,18,2,9,1,1,7,9,1,10,1,11,,13,,1,22,9,121.5138297,25.05153515
111,12,27,20,45,2,08士林區,士林區中正路與延平北路5段口,0,0,1,1,C03,8,3,5,50,4,1,1,5,4,5,7,2,1,1,4,5,2,12,2,18,3,10,1,4,7,5,1,10,1,13,,8,,1,22,9,121.5092636,25.08680241
111,12,27,20,45,2,08士林區,士林區中正路與延平北路5段口,0,0,1,2,C03,8,3,5,50,4,1,1,5,4,5,7,2,1,1,4,5,2,12,1,39,2,8,1,4,7,9,1,10,1,11,,23,,1,22,9,121.5092636,25.08680241
111,12,27,20,46,2,08士林區,士林區中正路與文昌路口,0,0,2,2,C01,8,1,5,50,3,2,4,5,4,5,7,2,1,3,5,5,1,17,1,51,2,9,1,1,7,9,1,9,1,11,,23,,1,22,9,121.5214158,25.0942141
111,12,27,20,46,2,08士林區,士林區中正路與文昌路口,0,0,2,3,H01,8,1,5,50,3,2,4,5,4,5,7,2,1,3,5,5,1,17,1,22,2,9,4,5,8,17,8,20,10,16,,67,,1,22,9,121.5214158,25.0942141
111,12,27,20,46,2,08士林區,士林區中正路與文昌路口,0,0,2,1,A12,8,1,5,50,3,2,4,5,4,5,7,2,1,3,5,5,1,17,4,,4,11,3,4,7,15,7,19,11,15,,43,,2,22,9,121.5214158,25.0942141
111,12,27,21,0,2,07信義區,信義區松山路與松隆路口,0,0,3,1,B03,7,3,5,50,4,1,1,5,4,5,7,1,1,1,4,5,1,11,1,42,2,9,1,1,7,5,1,8,1,2,,8,,1,22,9,121.5777234,25.0480151
111,12,27,21,0,2,07信義區,信義區松山路與松隆路口,0,0,3,2,C03,7,3,5,50,4,1,1,5,4,5,7,1,1,1,4,5,1,11,1,23,2,9,1,1,7,9,1,10,1,11,,42,,1,22,9,121.5777234,25.0480151
111,12,27,21,0,2,07信義區,信義區松山路與松隆路口,0,0,3,3,H02,7,3,5,50,4,1,1,5,4,5,7,1,1,1,4,5,1,11,2,21,2,9,1,5,7,21,8,20,10,15,,67,,1,22,9,121.5777234,25.0480151
111,12,27,21,50,2,06松山區,松山區民權東路3段103巷與復興北路427巷口,0,0,1,1,C03,8,3,5,30,4,1,1,5,4,3,7,4,4,10,5,5,2,17,1,49,2,8,1,1,7,5,1,10,1,11,,44,,1,22,9,121.544987,25.06335559
111,12,27,21,50,2,06松山區,松山區民權東路3段103巷與復興北路427巷口,0,0,1,2,B01,8,3,5,30,4,1,1,5,4,3,7,4,4,10,5,5,2,17,1,42,3,10,1,1,7,5,1,4,1,8,,23,,1,22,9,121.544987,25.06335559
111,12,27,21,50,2,06松山區,松山區民權東路3段103巷與復興北路427巷口,0,0,1,3,B03,8,3,5,30,4,1,1,5,4,3,7,4,4,10,5,5,2,17,1,34,4,11,3,4,7,15,7,19,9,15,,38,,2,22,9,121.544987,25.06335559
111,12,27,21,53,2,05中正區,中正區重慶南路1段63號,0,0,1,1,C03,7,3,5,50,14,9,1,5,4,5,7,4,4,10,3,5,2,16,1,19,2,8,1,1,7,9,1,10,2,14,,26,,1,22,9,121.5132189,25.0436663
111,12,27,21,53,2,05中正區,中正區重慶南路1段63號,0,0,1,2,B03,7,3,5,50,14,9,1,5,4,5,7,4,4,10,3,5,2,16,1,70,3,10,1,1,7,9,1,8,2,4,,44,,1,22,9,121.5132189,25.0436663
111,12,27,21,53,2,05中正區,中正區重慶南路1段63號,0,0,1,3,C03,7,3,5,50,14,9,1,5,4,5,7,4,4,10,3,5,2,16,1,60,3,10,3,1,7,13,7,19,11,15,,44,,1,22,9,121.5132189,25.0436663
111,12,27,21,53,2,05中正區,中正區重慶南路1段63號,0,0,1,4,C03,7,3,5,50,14,9,1,5,4,5,7,4,4,10,3,5,2,16,1,36,3,10,3,4,7,13,7,19,11,15,,44,,1,22,9,121.5132189,25.0436663
111,12,27,22,10,2,08士林區,士林區天母西路與天母西路13巷口,0,0,1,1,B03,8,3,5,50,3,1,1,5,4,5,7,2,1,5,5,5,1,16,1,62,3,10,1,1,7,5,1,8,1,8,,8,,1,22,9,121.5284448,25.1184422
111,12,27,22,10,2,08士林區,士林區天母西路與天母西路13巷口,0,0,1,2,C03,8,3,5,50,3,1,1,5,4,5,7,2,1,5,5,5,1,16,2,35,2,9,1,1,7,9,1,10,1,11,,23,,1,22,9,121.5284448,25.1184422
111,12,27,22,20,2,05中正區,中正區金山南路1段與濟南路2段口,0,0,2,1,C03,8,3,5,50,4,1,1,5,4,5,7,2,1,9,5,5,2,12,2,49,2,9,1,1,7,9,1,10,2,12,,23,,1,5,1,121.5292996,25.0408299
111,12,27,22,20,2,05中正區,中正區金山南路1段與濟南路2段口,0,0,2,2,C03,8,3,5,50,4,1,1,5,4,5,7,2,1,9,5,5,2,12,2,50,2,8,1,1,7,5,1,10,2,14,,8,,1,22,5,121.5292996,25.0408299
111,12,27,22,59,2,04大安區,大安區和平東路2段311巷與和平東路2段口,0,0,1,2,H01,8,3,5,30,4,1,1,5,4,5,7,2,1,1,4,5,2,2,2,69,2,9,4,1,8,16,8,20,1,16,,67,,1,22,9,121.5451855,25.0247497
111,12,27,22,59,2,04大安區,大安區和平東路2段311巷與和平東路2段口,0,0,1,1,B01,8,3,5,30,4,1,1,5,4,5,7,2,1,1,4,5,2,2,1,55,3,10,1,1,7,5,1,4,1,8,,15,,1,22,9,121.5451855,25.0247497
111,12,28,0,46,2,03中山區,中山區民族東路與龍江路口,0,0,1,1,C03,7,3,5,50,3,2,1,5,4,3,5,1,1,1,4,5,1,13,1,19,2,1,1,1,7,9,1,10,1,11,,23,,1,22,9,121.541036,25.0680596
111,12,28,0,46,2,03中山區,中山區民族東路與龍江路口,0,0,1,2,A41,7,3,5,50,3,2,1,5,4,3,5,1,1,1,4,5,1,13,1,26,3,10,1,1,7,13,1,1,1,1,,38,,1,22,9,121.541036,25.0680596
111,12,28,4,59,2,08士林區,士林區中山北路5段與中山北路5段699巷口,0,0,1,1,B01,7,3,5,50,8,9,1,5,4,5,7,1,1,1,4,5,2,13,1,37,3,10,1,1,7,9,1,4,2,1,,23,,1,22,9,121.5272221,25.09777589
111,12,28,4,59,2,08士林區,士林區中山北路5段與中山北路5段699巷口,0,0,1,2,C03,7,3,5,50,8,9,1,5,4,5,7,1,1,1,4,5,2,13,1,28,2,9,1,1,7,14,1,10,2,13,,44,,1,22,9,121.5272221,25.09777589
111,12,28,5,50,2,06松山區,松山區南京東路4段49號,0,0,1,1,C03,6,3,5,50,14,8,1,4,4,3,7,4,4,3,4,4,2,13,1,28,2,9,1,1,7,8,1,10,8,11,,21,,1,22,9,121.5508027,25.05179419
111,12,28,5,50,2,06松山區,松山區南京東路4段49號,0,0,1,2,B03,6,3,5,50,14,8,1,4,4,3,7,4,4,3,4,4,2,13,1,30,3,10,3,1,7,13,1,8,9,7,,38,,1,22,9,121.5508027,25.05179419
111,12,28,6,8,2,06松山區,松山區民權東路5段與撫遠街口,0,0,1,1,B12,7,3,5,50,4,1,1,4,4,5,7,2,1,1,4,5,2,16,1,84,3,10,1,1,7,6,1,8,9,3,,44,,1,21,9,121.5658496,25.06319245
111,12,28,6,8,2,06松山區,松山區民權東路5段與撫遠街口,0,0,1,2,C03,7,3,5,50,4,1,1,4,4,5,7,2,1,1,4,5,2,16,2,22,2,8,1,1,7,9,1,10,9,11,,23,,1,22,9,121.5658496,25.06319245
111,12,28,6,48,2,10文山區,文山區下崙路與光輝路71巷口,0,0,2,1,C03,8,1,5,50,4,1,1,5,4,5,7,3,1,5,5,5,2,16,1,50,2,8,1,1,7,6,1,10,1,12,,6,,1,22,2,121.5562448,24.98610859
111,12,28,6,48,2,10文山區,文山區下崙路與光輝路71巷口,0,0,2,2,B12,8,1,5,50,4,1,1,5,4,5,7,3,1,5,5,5,2,16,2,43,3,10,1,1,7,9,1,8,1,1,,23,,1,22,1,121.5562448,24.98610859
111,12,28,6,48,2,10文山區,文山區下崙路與光輝路71巷口,0,0,2,3,H02,8,1,5,50,4,1,1,5,4,5,7,3,1,5,5,5,2,16,2,17,2,8,4,1,7,17,8,20,10,16,,67,,1,16,2,121.5562448,24.98610859
111,12,28,6,56,2,05中正區,中正區懷寧街與貴陽街1段口,0,0,1,1,B03,7,1,5,50,3,1,1,5,4,5,7,4,4,9,4,5,2,16,1,49,3,10,1,1,7,1,1,8,2,4,,19,,1,22,9,121.5137488,25.0386809
111,12,28,6,56,2,05中正區,中正區懷寧街與貴陽街1段口,0,0,1,2,C03,7,1,5,50,3,1,1,5,4,5,7,4,4,9,4,5,2,16,1,27,2,9,1,1,7,9,1,10,2,11,,13,,1,22,9,121.5137488,25.0386809
111,12,28,7,16,2,02萬華區,萬華區環河南路1段71號,0,0,1,1,C03,7,1,5,50,14,9,1,5,4,5,7,4,4,5,4,5,2,12,1,65,2,9,1,1,7,9,1,10,1,14,,17,,1,22,9,121.5020434,25.0451924
111,12,28,7,16,2,02萬華區,萬華區環河南路1段71號,0,0,1,2,B03,7,1,5,50,14,9,1,5,4,5,7,4,4,5,4,5,2,12,1,41,3,10,1,1,7,9,1,8,1,2,,23,,1,22,9,121.5020434,25.0451924
111,12,28,7,22,2,09北投區,北投區學園路往南第29號停車格,0,0,1,1,C03,7,1,5,40,14,9,1,5,4,5,7,4,4,5,5,5,2,29,1,18,2,9,1,1,7,9,1,10,1,12,,42,,1,18,9,121.4655485,25.127378
111,12,28,7,22,2,09北投區,北投區學園路往南第29號停車格,0,0,1,2,B03,7,1,5,40,14,9,1,5,4,5,7,4,4,5,5,5,2,29,3,,,,,,,,,,11,,,67,,1,,,121.4655485,25.127378
111,12,28,7,29,2,05中正區,中正區鄭州路與承德路1段口,0,0,1,1,F01,7,1,5,25,4,2,1,5,4,5,7,2,1,10,4,5,1,16,1,37,2,9,1,1,7,11,8,20,2,16,,25,,1,22,9,121.5163833,25.0485729
111,12,28,7,29,2,05中正區,中正區鄭州路與承德路1段口,0,0,1,2,B01,7,1,5,25,4,2,1,5,4,5,7,2,1,10,4,5,1,16,1,52,3,10,1,1,7,9,1,3,2,2,,44,,1,22,9,121.5163833,25.0485729
111,12,28,7,32,2,08士林區,士林區中山北路5段與中山北路5段280巷口,0,0,2,1,B03,7,1,5,50,3,2,1,5,4,5,7,4,4,4,3,5,1,12,1,40,3,10,1,1,7,1,1,8,2,4,,19,,1,22,9,121.5271562,25.08770173
111,12,28,7,32,2,08士林區,士林區中山北路5段與中山北路5段280巷口,0,0,2,2,C03,7,1,5,50,3,2,1,5,4,5,7,4,4,4,3,5,1,12,1,41,2,8,1,1,7,9,1,10,2,12,,23,,1,22,9,121.5271562,25.08770173
111,12,28,7,32,2,08士林區,士林區中山北路5段與中山北路5段280巷口,0,0,2,3,C03,7,1,5,50,3,2,1,5,4,5,7,4,4,4,3,5,1,12,2,32,2,8,1,1,7,9,1,10,2,12,,23,,1,22,9,121.5271562,25.08770173
111,12,28,8,12,2,06松山區,松山區民權東路4段200號,0,0,4,1,C03,7,1,5,50,14,9,1,5,4,5,7,4,4,1,4,5,2,17,1,33,2,9,1,1,7,15,1,10,1,14,,13,,1,22,9,121.5600492,25.062357
111,12,28,8,12,2,06松山區,松山區民權東路4段200號,0,0,4,2,C03,7,1,5,50,14,9,1,5,4,5,7,4,4,1,4,5,2,17,1,38,2,9,1,1,7,9,1,10,1,12,,13,,1,22,9,121.5600492,25.062357
111,12,28,8,12,2,06松山區,松山區民權東路4段200號,0,0,4,3,C03,7,1,5,50,14,9,1,5,4,5,7,4,4,1,4,5,2,17,2,23,2,9,1,1,7,8,1,10,1,11,,13,,1,22,9,121.5600492,25.062357
111,12,28,8,12,2,06松山區,松山區民權東路4段200號,0,0,4,4,C03,7,1,5,50,14,9,1,5,4,5,7,4,4,1,4,5,2,17,2,39,2,8,1,1,7,9,1,10,1,11,,44,,1,22,9,121.5600492,25.062357
111,12,28,8,12,2,06松山區,松山區民權東路4段200號,0,0,4,5,,7,1,5,50,14,9,1,5,4,5,7,4,4,1,4,5,2,17,3,,,,,,,,,,,,,67,,1,,,121.5600492,25.062357
111,12,28,8,22,2,02萬華區,萬華區中興橋機車道往台北市,0,0,2,1,C03,8,1,5,40,8,11,1,5,4,5,7,4,4,10,5,5,1,13,2,21,2,8,1,1,7,9,1,10,1,11,,16,,1,22,9,121.5002059,25.04423394
111,12,28,8,22,2,02萬華區,萬華區中興橋機車道往台北市,0,0,2,2,C03,8,1,5,40,8,11,1,5,4,5,7,4,4,10,5,5,1,13,2,53,2,8,1,1,7,9,4,11,1,13,,44,,1,22,9,121.5002059,25.04423394
111,12,28,8,22,2,02萬華區,萬華區中興橋機車道往台北市,0,0,2,3,C03,8,1,5,40,8,11,1,5,4,5,7,4,4,10,5,5,1,13,1,43,3,10,1,1,7,9,1,9,1,13,,44,,1,22,9,121.5002059,25.04423394
111,12,28,8,30,2,07信義區,信義區松隆路與松隆路123巷口,0,0,1,1,B03,8,1,5,30,3,1,1,5,4,5,7,4,4,8,3,5,2,17,1,45,3,10,1,1,7,15,1,8,1,5,,25,,1,22,9,121.5715673,25.0467821
111,12,28,8,30,2,07信義區,信義區松隆路與松隆路123巷口,0,0,1,2,C03,8,1,5,30,3,1,1,5,4,5,7,4,4,8,3,5,2,17,1,26,2,8,1,1,7,6,1,10,1,11,,23,,1,22,9,121.5715673,25.0467821
111,12,28,8,33,2,01大同區,大同區南京西路與重慶北路1段口,0,0,1,2,C03,7,1,5,0,4,2,1,5,4,5,7,2,1,1,4,5,2,13,2,41,2,9,3,4,7,9,1,10,2,11,,23,,1,22,9,121.5142722,25.05384181
111,12,28,8,33,2,01大同區,大同區南京西路與重慶北路1段口,0,0,1,3,C03,7,1,5,0,4,2,1,5,4,5,7,2,1,1,4,5,2,13,1,29,3,10,3,4,7,12,1,10,2,13,,44,,1,22,9,121.5142722,25.05384181
111,12,28,8,33,2,01大同區,大同區南京西路與重慶北路1段口,0,0,1,1,A02,7,1,5,0,4,2,1,5,4,5,7,2,1,1,4,5,2,13,1,50,4,11,3,4,7,10,7,19,11,15,,7,,2,22,9,121.5142722,25.05384181
111,12,28,8,40,2,04大安區,大安區辛亥路3段157巷與臥龍街151巷口,0,0,1,1,B03,6,1,5,50,5,1,1,4,4,5,7,1,1,9,4,5,1,16,1,58,3,10,1,1,7,9,1,8,1,5,,44,,1,22,9,121.5509476,25.0181989
111,12,28,8,40,2,04大安區,大安區辛亥路3段157巷與臥龍街151巷口,0,0,1,2,C03,6,1,5,50,5,1,1,4,4,5,7,1,1,9,4,5,1,16,1,31,2,8,1,1,7,9,1,10,1,11,,44,,1,22,9,121.5509476,25.0181989
111,12,28,8,44,2,02萬華區,萬華區中華路1段與長沙街2段口,0,0,1,1,B03,8,1,5,50,4,1,1,5,4,5,7,2,1,1,4,5,2,17,2,47,3,10,1,1,7,5,1,8,1,5,,6,,1,22,9,121.5077035,25.04041733
111,12,28,8,44,2,02萬華區,萬華區中華路1段與長沙街2段口,0,0,1,2,C03,8,1,5,50,4,1,1,5,4,5,7,2,1,1,4,5,2,17,1,53,2,9,1,1,7,9,1,15,1,12,,44,,1,22,9,121.5077035,25.04041733
111,12,28,8,48,2,01大同區,大同區重慶北路1段與長安西路口,0,0,1,1,B01,7,1,5,50,4,1,1,5,4,5,7,2,1,1,4,5,2,16,2,56,3,10,1,1,7,6,1,4,2,2,,9,,1,22,9,121.513817,25.05160398
111,12,28,8,48,2,01大同區,大同區重慶北路1段與長安西路口,0,0,1,2,C03,7,1,5,50,4,1,1,5,4,5,7,2,1,1,4,5,2,16,1,35,2,9,1,1,7,9,1,10,2,14,,44,,1,22,9,121.513817,25.05160398
111,12,28,8,50,2,02萬華區,萬華區忠孝橋往台北市下橋處,0,0,1,1,C03,8,1,5,50,14,9,1,5,4,5,7,2,1,1,4,5,2,13,2,31,2,9,1,1,7,9,1,10,1,11,,16,,1,22,9,121.5074813,25.0485701
111,12,28,8,50,2,02萬華區,萬華區忠孝橋往台北市下橋處,0,0,1,2,B03,8,1,5,50,14,9,1,5,4,5,7,2,1,1,4,5,2,13,1,43,3,10,1,1,7,9,1,8,1,3,,44,,1,22,9,121.5074813,25.0485701
111,12,28,8,59,2,03中山區,中山區自強隧道北往南,0,0,2,3,H02,7,1,5,50,6,8,1,5,4,5,7,4,4,4,5,5,1,12,2,26,2,8,4,5,7,21,8,20,10,16,,67,,1,22,9,121.5489514,25.08789372
111,12,28,8,59,2,03中山區,中山區自強隧道北往南,0,0,2,1,C03,7,1,5,50,6,8,1,5,4,5,7,4,4,4,5,5,1,12,1,45,3,10,3,4,7,9,1,9,1,12,,17,,1,22,9,121.5489514,25.08789372
111,12,28,8,59,2,03中山區,中山區自強隧道北往南,0,0,2,2,C03,7,1,5,50,6,8,1,5,4,5,7,4,4,4,5,5,1,12,1,30,2,9,3,4,7,9,1,10,1,14,,17,,1,22,9,121.5489514,25.08789372
111,12,28,9,21,2,12內湖區,內湖區行善路與新湖一路339巷口,0,0,1,2,C03,7,1,5,50,4,1,1,5,4,5,7,1,1,1,1,4,1,16,2,23,2,8,2,1,7,9,1,10,1,14,,26,,1,22,9,121.5846536,25.06276288
111,12,28,9,21,2,12內湖區,內湖區行善路與新湖一路339巷口,0,0,1,1,B03,7,1,5,50,4,1,1,5,4,5,7,1,1,1,1,4,1,16,2,46,3,10,1,1,7,6,1,8,1,2,,9,,1,22,9,121.5846536,25.06276288
111,12,28,9,50,2,12內湖區,內湖區民權東路6段56巷與民權東路6段90巷16弄口,0,0,1,1,C03,7,1,5,40,3,1,1,5,4,5,7,4,4,9,4,4,2,17,1,28,2,9,1,1,7,9,1,10,2,12,,13,,1,22,9,121.5851276,25.06790742
111,12,28,9,50,2,12內湖區,內湖區民權東路6段56巷與民權東路6段90巷16弄口,0,0,1,2,B12,7,1,5,40,3,1,1,5,4,5,7,4,4,9,4,4,2,17,1,57,3,10,1,1,7,5,1,7,2,15,,6,,1,22,9,121.5851276,25.06790742
111,12,28,10,15,2,04大安區,大安區新生南路1段97巷與新生南路1段103巷33弄口,0,0,1,1,C03,8,1,5,30,4,1,1,5,4,5,7,4,4,10,5,5,1,16,2,23,2,8,1,4,7,5,7,19,1,12,,8,,1,22,9,121.5356031,25.0411722