發生年度,發生月,發生日,發生時-Hours,發生分,處理別-編號,區序,肇事地點,死亡人數,2-30日死亡人數,受傷人數,當事人序號,車種,天候,光線,道路類別,速限-速度限制,道路型態,事故位置,路面狀況1,路面狀況2,路面狀況3,道路障礙1,道路障礙2,號誌1,號誌2,車道劃分-分向,車道劃分-分道1,車道劃分-分道2,車道劃分-分道3,事故類型及型態,性別,年齡,受傷程度,主要傷處,安全帽,行動電話,車輛用途,當事者行動狀態,駕駛資格情形,駕駛執照種類,飲酒情形,車輛撞擊部位1,車輛撞擊部位2,肇因碼-個別,肇因碼-主要,個人肇逃否,職業,旅次目的,座標-X,座標-Y
111,12,28,10,15,2,04大安區,大安區新生南路1段97巷與新生南路1段103巷33弄口,0,0,1,2,B03,8,1,5,30,4,1,1,5,4,5,7,4,4,10,5,5,1,16,2,33,3,10,1,4,7,9,1,8,1,8,,14,,1,22,9,121.5356031,25.0411722
111,12,28,10,23,2,09北投區,北投區珠海路143號對面,0,0,1,1,C03,7,1,5,50,15,9,1,5,4,5,7,4,4,9,5,5,2,12,1,53,2,9,1,1,7,9,3,18,1,12,,13,,1,22,9,121.5082341,25.1419356
111,12,28,10,23,2,09北投區,北投區珠海路143號對面,0,0,1,2,B03,7,1,5,50,15,9,1,5,4,5,7,4,4,9,5,5,2,12,1,28,3,10,3,4,7,13,1,8,1,7,,44,,1,22,9,121.5082341,25.1419356
111,12,28,10,25,2,05中正區,中正區中山南路與信義路1段口,0,0,1,1,B03,8,1,5,50,5,1,1,5,4,5,7,1,1,1,1,1,2,12,1,40,3,10,1,1,7,6,1,8,1,5,,44,,1,22,9,121.5179569,25.0387372
111,12,28,10,25,2,05中正區,中正區中山南路與信義路1段口,0,0,1,2,C03,8,1,5,50,5,1,1,5,4,5,7,1,1,1,1,1,2,12,1,25,2,9,1,1,7,9,1,10,1,14,,23,,1,22,9,121.5179569,25.0387372
111,12,28,10,27,2,11南港區,南港區研究院路2段35巷與研究院路2段35巷23弄口,0,0,3,1,C03,7,1,5,30,3,2,1,5,4,5,7,4,4,10,5,5,2,16,2,58,2,9,1,1,7,5,1,10,1,11,,8,,1,22,9,121.6164276,25.04624
111,12,28,10,27,2,11南港區,南港區研究院路2段35巷與研究院路2段35巷23弄口,0,0,3,2,C03,7,1,5,30,3,2,1,5,4,5,7,4,4,10,5,5,2,16,1,21,2,9,1,1,7,9,1,10,1,12,,14,,1,22,9,121.6164276,25.04624
111,12,28,10,27,2,11南港區,南港區研究院路2段35巷與研究院路2段35巷23弄口,0,0,3,3,H02,7,1,5,30,3,2,1,5,4,5,7,4,4,10,5,5,2,16,1,70,2,9,1,5,7,20,8,20,10,16,,67,,1,22,9,121.6164276,25.04624
111,12,28,10,55,2,08士林區,士林區大南路與承德路4段口,0,0,1,1,B03,8,1,5,40,5,1,1,5,4,5,7,1,1,5,5,5,2,11,1,54,3,10,3,4,7,9,1,8,2,2,,17,,1,22,9,121.5214986,25.08877948
111,12,28,10,55,2,08士林區,士林區大南路與承德路4段口,0,0,1,2,C03,8,1,5,40,5,1,1,5,4,5,7,1,1,5,5,5,2,11,2,81,2,9,1,1,7,9,3,18,2,14,,17,,1,22,9,121.5214986,25.08877948
111,12,28,11,42,2,08士林區,士林區中山北路5段與中山北路5段699巷口,0,0,1,1,B01,8,1,5,50,4,1,1,5,4,5,7,1,1,1,4,1,2,17,1,62,3,10,1,1,7,5,1,4,2,6,,8,,1,22,9,121.5272868,25.09784641
111,12,28,11,42,2,08士林區,士林區中山北路5段與中山北路5段699巷口,0,0,1,2,C03,8,1,5,50,4,1,1,5,4,5,7,1,1,1,4,1,2,17,1,27,2,8,1,1,7,9,1,10,2,11,,44,,1,22,9,121.5272868,25.09784641
111,12,28,12,7,2,07信義區,信義區忠孝東路4段500號,0,0,1,1,C03,7,1,5,30,14,9,1,5,4,5,7,4,4,9,4,5,1,16,2,66,2,1,3,4,7,5,4,8,2,14,,8,,1,22,9,121.5615899,25.0407361
111,12,28,12,7,2,07信義區,信義區忠孝東路4段500號,0,0,1,2,B01,7,1,5,30,14,9,1,5,4,5,7,4,4,9,4,5,1,16,1,61,3,10,3,4,7,9,1,4,2,5,,44,,1,22,9,121.5615899,25.0407361
111,12,28,12,30,2,10文山區,文山區辛亥路7段5巷與辛亥路7段口,0,0,2,1,B03,7,1,5,40,3,2,1,5,4,5,7,4,4,5,4,4,2,17,1,23,3,10,1,1,7,2,1,8,1,7,,12,,1,22,9,121.5525264,24.98710811
111,12,28,12,30,2,10文山區,文山區辛亥路7段5巷與辛亥路7段口,0,0,2,2,C03,7,1,5,40,3,2,1,5,4,5,7,4,4,5,4,4,2,17,1,19,2,9,1,1,7,9,1,10,1,11,,13,,1,22,9,121.5525264,24.98710811
111,12,28,12,30,2,10文山區,文山區辛亥路7段5巷與辛亥路7段口,0,0,2,3,C03,7,1,5,40,3,2,1,5,4,5,7,4,4,5,4,4,2,17,1,19,2,9,1,1,7,9,1,10,1,11,,13,,1,22,9,121.5525264,24.98710811
111,12,28,12,30,2,12內湖區,內湖區瑞光路76巷16號旁,0,0,1,1,B03,8,1,5,50,14,9,1,5,4,5,7,4,4,9,5,5,2,16,1,40,3,10,1,1,7,5,1,8,2,5,,8,,1,22,9,121.581455,25.07107537
111,12,28,12,30,2,12內湖區,內湖區瑞光路76巷16號旁,0,0,1,2,C03,8,1,5,50,14,9,1,5,4,5,7,4,4,9,5,5,2,16,1,37,2,9,1,1,7,9,1,10,2,11,,23,,1,22,9,121.581455,25.07107537
111,12,28,12,38,2,10文山區,文山區興隆路4段與忠順街1段口,0,0,1,1,C03,8,1,5,50,4,1,1,5,4,5,7,1,1,1,3,5,2,16,2,58,2,9,1,1,7,5,1,10,2,11,,8,,1,22,9,121.5616603,24.9844887
111,12,28,12,38,2,10文山區,文山區興隆路4段與忠順街1段口,0,0,1,2,C03,8,1,5,50,4,1,1,5,4,5,7,1,1,1,3,5,2,16,1,42,3,10,1,1,7,9,1,10,2,11,,23,,1,22,9,121.5616603,24.9844887
111,12,28,12,43,2,09北投區,北投區承德路6段427號加油站出口,0,0,2,1,B03,8,1,5,30,14,12,1,5,4,5,7,4,4,1,4,5,2,16,2,56,3,10,1,1,7,1,1,8,2,7,,19,,1,22,9,121.5115461,25.10756863
111,12,28,12,43,2,09北投區,北投區承德路6段427號加油站出口,0,0,2,2,C03,8,1,5,30,14,12,1,5,4,5,7,4,4,1,4,5,2,16,1,21,2,8,1,1,7,9,1,10,2,11,,13,,1,22,9,121.5115461,25.10756863
111,12,28,12,43,2,09北投區,北投區承德路6段427號加油站出口,0,0,2,3,H02,8,1,5,30,14,12,1,5,4,5,7,4,4,1,4,5,2,16,1,21,2,9,4,5,7,20,8,20,10,16,,67,,1,22,9,121.5115461,25.10756863
111,12,28,13,10,2,03中山區,中山區南京東路2段138巷,0,0,1,1,B03,7,1,5,30,14,20,1,5,4,5,7,4,4,10,5,5,2,2,1,34,3,10,1,1,7,9,1,8,9,2,,23,,1,22,9,121.5338006,25.05174351
111,12,28,13,10,2,03中山區,中山區南京東路2段138巷,0,0,1,2,H01,7,1,5,30,14,20,1,5,4,5,7,4,4,10,5,5,2,2,1,47,2,9,4,1,8,16,8,20,9,16,,67,,1,22,9,121.5338006,25.05174351
111,12,28,13,10,2,09北投區,北投區天母西路103號,0,0,1,1,C03,8,1,5,50,14,9,1,5,4,5,7,4,4,5,4,5,2,12,1,42,3,10,1,1,7,9,1,10,1,15,,17,,1,22,9,121.5238028,25.11877389
111,12,28,13,10,2,09北投區,北投區天母西路103號,0,0,1,2,C03,8,1,5,50,14,9,1,5,4,5,7,4,4,5,4,5,2,12,1,34,2,8,1,1,7,9,1,10,1,15,,44,,1,22,9,121.5238028,25.11877389
111,12,28,13,20,2,03中山區,中山區大直街與北安路口,0,0,2,1,C03,8,1,5,50,5,1,1,5,4,5,7,1,1,5,4,5,1,17,1,20,2,7,1,1,7,9,1,10,1,14,,14,,1,22,9,121.5471963,25.0799526
111,12,28,13,20,2,03中山區,中山區大直街與北安路口,0,0,2,2,B03,8,1,5,50,5,1,1,5,4,5,7,1,1,5,4,5,1,17,1,28,3,10,1,1,7,6,1,8,1,5,,9,,1,22,9,121.5471963,25.0799526
111,12,28,13,20,2,03中山區,中山區大直街與北安路口,0,0,2,3,H02,8,1,5,50,5,1,1,5,4,5,7,1,1,5,4,5,1,17,2,20,2,8,1,5,7,20,8,20,10,16,,67,,1,22,9,121.5471963,25.0799526
111,12,28,13,22,2,01大同區,大同區台北橋機車道(往台北),0,0,2,1,C03,7,1,5,40,15,11,1,5,4,5,7,1,1,1,5,5,2,12,1,42,4,11,3,4,7,15,7,19,11,15,,43,,2,22,9,121.5110992,25.06283509
111,12,28,13,22,2,01大同區,大同區台北橋機車道(往台北),0,0,2,2,C03,7,1,5,40,15,11,1,5,4,5,7,1,1,1,5,5,2,12,1,37,2,8,1,1,7,9,1,10,1,14,,43,,1,22,9,121.5110992,25.06283509
111,12,28,13,22,2,01大同區,大同區台北橋機車道(往台北),0,0,2,3,H02,7,1,5,40,15,11,1,5,4,5,7,1,1,1,5,5,2,12,2,29,2,8,1,5,7,20,8,20,10,15,,67,,1,22,9,121.5110992,25.06283509
111,12,28,13,31,2,05中正區,中正區林森南路與徐州路口,0,0,1,1,B03,7,1,5,50,4,1,1,5,4,5,7,1,1,8,3,3,2,11,1,81,3,10,1,1,7,5,1,8,2,6,,8,,1,22,9,121.5222347,25.04099702
111,12,28,13,31,2,05中正區,中正區林森南路與徐州路口,0,0,1,2,C03,7,1,5,50,4,1,1,5,4,5,7,1,1,8,3,3,2,11,1,62,2,8,1,1,7,9,1,10,2,11,,23,,1,22,9,121.5222347,25.04099702
111,12,28,13,46,2,12內湖區,內湖區金湖路339號,0,0,1,1,B03,8,1,5,40,14,9,1,5,4,5,7,4,4,1,3,5,1,17,1,55,3,10,1,1,7,13,1,8,1,15,,40,,1,22,9,121.6014913,25.07464704
111,12,28,13,46,2,12內湖區,內湖區金湖路339號,0,0,1,2,C03,8,1,5,40,14,9,1,5,4,5,7,4,4,1,3,5,1,17,1,21,2,8,1,1,7,9,1,10,1,14,,13,,1,22,9,121.6014913,25.07464704
111,12,28,14,0,2,03中山區,中山區市民大道3段與八德路2段口,0,0,1,1,B03,8,1,5,40,4,1,1,5,4,5,7,1,1,5,4,5,2,16,1,38,3,10,3,4,7,6,1,8,1,6,,9,,1,22,9,121.5349315,25.04506184
111,12,28,14,0,2,03中山區,中山區市民大道3段與八德路2段口,0,0,1,2,C03,8,1,5,40,4,1,1,5,4,5,7,1,1,5,4,5,2,16,1,35,2,9,1,4,7,9,1,10,1,14,,23,,1,22,9,121.5349315,25.04506184
111,12,28,14,30,2,12內湖區,內湖區潭美街197號,0,0,1,1,C03,6,1,5,40,14,9,1,4,4,5,7,4,4,5,3,5,1,17,1,52,3,10,3,4,7,4,1,10,1,14,,26,,1,22,9,121.5840975,25.0555837
111,12,28,14,30,2,12內湖區,內湖區潭美街197號,0,0,1,2,C03,6,1,5,40,14,9,1,4,4,5,7,4,4,5,3,5,1,17,1,21,2,9,3,4,7,9,1,10,1,14,,44,,1,22,9,121.5840975,25.0555837
111,12,28,14,30,2,12內湖區,內湖區潭美街197號,0,0,1,3,B12,6,1,5,40,14,9,1,4,4,5,7,4,4,5,3,5,1,17,1,34,3,10,3,4,7,9,1,3,1,4,,44,,1,22,9,121.5840975,25.0555837
111,12,28,14,35,2,04大安區,大安區大安路2段53巷與大安路2段口,0,0,1,1,C03,8,1,5,50,5,1,1,5,4,5,7,4,4,9,5,5,2,17,1,46,3,10,1,4,7,9,1,10,1,11,,23,,1,22,9,121.5460813,25.0313091
111,12,28,14,35,2,04大安區,大安區大安路2段53巷與大安路2段口,0,0,1,2,F01,8,1,5,50,5,1,1,5,4,5,7,4,4,9,5,5,2,17,1,74,2,7,1,1,7,9,8,20,1,16,,6,,1,22,9,121.5460813,25.0313091
111,12,28,14,45,2,05中正區,中正區羅斯福路1段2號前,0,0,1,1,B03,8,1,5,50,14,9,1,5,4,5,7,4,4,1,4,4,2,11,1,63,4,11,3,4,7,15,7,19,11,15,,43,,2,22,9,121.5171199,25.03411
111,12,28,14,45,2,05中正區,中正區羅斯福路1段2號前,0,0,1,2,C03,8,1,5,50,14,9,1,5,4,5,7,4,4,1,4,4,2,11,1,59,3,10,1,1,7,7,1,10,1,15,,43,,1,22,9,121.5171199,25.03411
111,12,28,14,45,2,05中正區,中正區羅斯福路1段2號前,0,0,1,3,C03,8,1,5,50,14,9,1,5,4,5,7,4,4,1,4,4,2,11,2,38,2,9,1,1,7,9,1,10,1,12,,43,,1,22,9,121.5171199,25.03411
111,12,28,14,45,2,05中正區,中正區羅斯福路1段2號前,0,0,1,4,C03,8,1,5,50,14,9,1,5,4,5,7,4,4,1,4,4,2,11,1,40,3,10,1,1,7,9,1,10,1,15,,43,,1,22,9,121.5171199,25.03411
111,12,28,14,45,2,08士林區,士林區中正路517巷與福港街18巷口,0,0,1,1,C03,7,1,5,30,3,1,1,5,4,3,5,4,4,10,5,5,2,15,1,20,3,10,1,1,7,9,1,10,1,11,,6,,1,22,9,121.5178463,25.09098147
111,12,28,14,45,2,08士林區,士林區中正路517巷與福港街18巷口,0,0,1,2,C03,7,1,5,30,3,1,1,5,4,3,5,4,4,10,5,5,2,15,2,20,2,8,1,1,7,9,1,10,1,11,,14,,1,22,9,121.5178463,25.09098147
111,12,28,14,45,2,08士林區,士林區中正路517巷與福港街18巷口,0,0,1,3,C03,7,1,5,30,3,1,1,5,4,3,5,4,4,10,5,5,2,15,1,38,3,10,3,1,7,13,1,10,9,14,,42,,1,22,9,121.5178463,25.09098147
111,12,28,14,45,2,08士林區,士林區中正路517巷與福港街18巷口,0,0,1,4,B12,7,1,5,30,3,1,1,5,4,3,5,4,4,10,5,5,2,15,1,54,3,10,3,1,7,13,1,8,9,15,,38,,1,22,9,121.5178463,25.09098147
111,12,28,14,50,2,07信義區,信義區松德路133巷與松德路169巷口口,0,0,1,1,C03,8,1,7,30,4,2,1,5,4,5,7,4,4,4,4,5,2,15,2,37,2,9,1,1,7,9,1,10,2,11,,6,,1,22,9,121.575913,25.0363543
111,12,28,14,50,2,07信義區,信義區松德路133巷與松德路169巷口口,0,0,1,2,B03,8,1,7,30,4,2,1,5,4,5,7,4,4,4,4,5,2,15,2,35,3,10,1,1,7,9,1,8,2,2,,23,,1,22,9,121.575913,25.0363543
111,12,28,15,14,2,06松山區,松山區光復北路與民生東路4段112巷3弄口,0,0,1,1,B03,8,1,5,50,4,1,1,5,4,5,7,1,1,8,3,5,1,12,2,35,3,10,3,1,7,9,1,8,1,1,,23,,1,22,9,121.555384,25.0574112
111,12,28,15,14,2,06松山區,松山區光復北路與民生東路4段112巷3弄口,0,0,1,2,C03,8,1,5,50,4,1,1,5,4,5,7,1,1,8,3,5,1,12,2,48,2,9,3,1,7,5,1,10,1,13,,8,,1,22,9,121.555384,25.0574112
111,12,28,16,43,2,06松山區,松山區民生東路4段112巷與光復北路230巷口,0,0,1,1,B12,7,1,5,50,3,1,1,5,4,5,7,4,4,6,3,5,1,17,1,52,3,10,3,1,7,11,1,8,1,15,,10,,1,22,9,121.5544495,25.05623708
111,12,28,16,43,2,06松山區,松山區民生東路4段112巷與光復北路230巷口,0,0,1,2,C03,7,1,5,50,3,1,1,5,4,5,7,4,4,6,3,5,1,17,1,28,2,9,3,1,7,9,1,10,1,11,,44,,1,22,9,121.5544495,25.05623708
111,12,28,16,43,2,06松山區,松山區民生東路4段112巷與光復北路230巷口,0,0,1,3,B03,7,1,5,50,3,1,1,5,4,5,7,4,4,6,3,5,1,17,1,76,3,10,3,1,7,9,6,8,1,4,,44,,1,22,9,121.5544495,25.05623708
111,12,28,16,45,2,03中山區,中山區明水路397巷7弄24號,0,0,1,1,B03,7,2,5,30,3,1,1,5,4,5,7,4,4,10,5,5,2,16,1,66,3,10,1,1,7,1,1,8,1,1,,19,,1,22,9,121.5489373,25.07801077
111,12,28,16,45,2,03中山區,中山區明水路397巷7弄24號,0,0,1,2,C03,7,2,5,30,3,1,1,5,4,5,7,4,4,10,5,5,2,16,2,21,2,8,1,1,7,9,1,10,1,12,14,44,,1,22,9,121.5489373,25.07801077
111,12,28,16,45,2,03中山區,中山區明水路397巷7弄24號,0,0,1,3,B11,7,2,5,30,3,1,1,5,4,5,7,4,4,10,5,5,2,16,1,31,3,10,1,1,7,14,1,4,1,15,,38,,1,22,9,121.5489373,25.07801077
111,12,28,16,58,2,04大安區,大安區復興南路2段78巷與瑞安街208巷口,0,0,1,1,B02,8,1,5,30,5,1,1,5,4,5,7,4,4,9,5,5,2,17,1,46,3,10,1,4,7,5,1,8,2,5,,6,,1,22,9,121.5405307,25.0311417
111,12,28,16,58,2,04大安區,大安區復興南路2段78巷與瑞安街208巷口,0,0,1,2,C03,8,1,5,30,5,1,1,5,4,5,7,4,4,9,5,5,2,17,1,64,2,8,1,4,7,9,1,10,2,12,,44,,1,22,9,121.5405307,25.0311417
111,12,28,17,0,2,12內湖區,內湖區新明路143巷與新明路口,0,0,1,1,B12,6,1,5,30,3,1,1,4,4,5,7,4,4,10,4,5,2,16,1,32,3,10,1,1,7,5,1,8,2,4,,8,,1,22,9,121.5893098,25.05933452
111,12,28,17,0,2,12內湖區,內湖區新明路143巷與新明路口,0,0,1,2,C03,6,1,5,30,3,1,1,4,4,5,7,4,4,10,4,5,2,16,2,62,2,9,1,1,7,9,1,10,2,11,,23,,1,22,9,121.5893098,25.05933452
111,12,28,17,3,2,05中正區,中正區金山北路迴轉道(近市民大道2段南側),0,0,1,1,B01,7,1,5,50,3,2,1,5,4,5,7,4,4,1,4,5,2,17,1,55,3,10,1,1,7,5,1,4,2,5,,6,,1,22,9,121.530582,25.0448525
111,12,28,17,3,2,05中正區,中正區金山北路迴轉道(近市民大道2段南側),0,0,1,2,C03,7,1,5,50,3,2,1,5,4,5,7,4,4,1,4,5,2,17,1,37,2,9,1,1,7,12,1,10,2,12,,23,,1,22,9,121.530582,25.0448525
111,12,28,17,15,2,01大同區,大同區鄭州路與環河北路1段口,0,0,1,1,B03,7,2,5,50,4,1,1,5,4,5,7,1,1,5,4,5,2,16,1,46,3,10,1,1,7,6,1,8,1,5,,9,,1,22,9,121.5069411,25.05087333
111,12,28,17,15,2,01大同區,大同區鄭州路與環河北路1段口,0,0,1,2,C03,7,2,5,50,4,1,1,5,4,5,7,1,1,5,4,5,2,16,1,63,2,9,1,1,7,9,1,10,1,14,,44,,1,22,9,121.5069411,25.05087333
111,12,28,17,20,2,07信義區,信義區松高路16號對面,0,0,3,1,C03,7,1,8,50,15,22,1,4,4,5,7,4,4,7,4,5,2,9,1,42,2,1,1,1,7,9,1,10,2,11,,23,,1,22,9,121.5675202,25.0391623
111,12,28,17,20,2,07信義區,信義區松高路16號對面,0,0,3,2,H01,7,1,8,50,15,22,1,4,4,5,7,4,4,7,4,5,2,9,2,44,2,9,4,1,8,18,8,20,10,16,,67,,1,22,9,121.5675202,25.0391623
111,12,28,17,20,2,07信義區,信義區松高路16號對面,0,0,3,3,H02,7,1,8,50,15,22,1,4,4,5,7,4,4,7,4,5,2,9,2,10,2,8,1,1,7,19,8,20,10,16,,67,,1,22,9,121.5675202,25.0391623
111,12,28,17,32,1,10文山區,文山區木柵路5段43巷富德公墓第20區,1,0,0,1,C03,7,2,5,30,15,9,1,4,4,5,7,4,4,10,5,5,2,29,1,53,1,3,1,1,7,15,1,10,9,11,,43,,1,22,9,121.5866675,25.01022785
111,12,28,17,32,1,10文山區,文山區木柵路5段43巷富德公墓第20區,1,0,0,2,,7,2,5,30,15,9,1,4,4,5,7,4,4,10,5,5,2,29,3,,,,,,,,,,,,,67,,1,,,121.5866675,25.01022785
111,12,28,17,36,2,09北投區,北投區中央北路4段與中央北路4段515巷口,0,0,1,1,B03,7,3,5,50,3,1,1,5,4,5,7,1,1,10,5,5,2,17,1,54,3,10,1,1,7,5,1,8,2,15,,8,,1,22,9,121.4684036,25.12814391
111,12,28,17,36,2,09北投區,北投區中央北路4段與中央北路4段515巷口,0,0,1,2,C03,7,3,5,50,3,1,1,5,4,5,7,1,1,10,5,5,2,17,1,22,2,9,1,1,7,1,1,10,2,14,,23,,1,22,9,121.4684036,25.12814391
111,12,28,17,45,2,07信義區,信義區仁愛路4段與逸仙路口,0,0,1,1,B03,6,3,5,50,5,2,1,4,4,5,7,2,1,10,5,5,1,15,1,55,3,10,1,1,7,9,1,8,1,8,,6,,1,22,9,121.5612575,25.0376925
111,12,28,17,45,2,07信義區,信義區仁愛路4段與逸仙路口,0,0,1,2,F01,6,3,5,50,5,2,1,4,4,5,7,2,1,10,5,5,1,15,2,12,2,7,1,1,7,9,8,20,1,16,,14,,1,22,9,121.5612575,25.0376925
111,12,28,17,53,2,12內湖區,內湖區潭美街779號對面,0,0,1,1,,6,3,5,40,14,9,1,4,4,5,7,3,1,5,4,5,2,17,4,,4,11,3,4,7,15,7,19,11,15,,43,,2,22,9,121.6089201,25.06319154
111,12,28,17,53,2,12內湖區,內湖區潭美街779號對面,0,0,1,2,C03,6,3,5,40,14,9,1,4,4,5,7,3,1,5,4,5,2,17,2,31,2,9,1,1,7,9,1,10,1,15,,13,,1,22,9,121.6089201,25.06319154
111,12,28,18,0,2,09北投區,北投區承德路7段308號,0,0,1,1,,8,3,5,50,14,9,1,5,4,5,7,4,4,3,4,4,2,13,4,,4,11,3,4,7,15,7,19,11,15,,43,,2,22,9,121.5046993,25.11678677
111,12,28,18,0,2,09北投區,北投區承德路7段308號,0,0,1,2,C03,8,3,5,50,14,9,1,5,4,5,7,4,4,3,4,4,2,13,2,62,2,9,1,1,7,9,1,10,1,12,,43,,1,22,9,121.5046993,25.11678677
111,12,28,18,8,2,11南港區,南港區研究院路2段61巷內,0,0,3,1,C03,6,3,5,0,13,20,1,4,4,5,7,4,4,5,5,5,2,2,2,43,2,8,1,1,7,9,1,10,2,11,,42,,1,22,9,121.6177665,25.04520437
111,12,28,18,8,2,11南港區,南港區研究院路2段61巷內,0,0,3,2,H01,6,3,5,0,13,20,1,4,4,5,7,4,4,5,5,5,2,2,1,81,2,9,4,5,8,16,8,20,10,16,,67,,1,22,9,121.6177665,25.04520437
111,12,28,18,8,2,11南港區,南港區研究院路2段61巷內,0,0,3,3,H02,6,3,5,0,13,20,1,4,4,5,7,4,4,5,5,5,2,2,2,8,2,8,4,5,7,20,8,20,10,16,,67,,1,22,9,121.6177665,25.04520437
111,12,28,18,25,2,01大同區,大同區延平北路3段83巷與重慶北路3段120巷口,0,0,2,1,C03,8,3,5,30,4,1,1,5,4,5,7,4,4,9,4,5,1,16,1,32,2,9,3,4,7,5,1,10,1,11,,6,,1,22,9,121.5115451,25.06724187
111,12,28,18,25,2,01大同區,大同區延平北路3段83巷與重慶北路3段120巷口,0,0,2,2,C03,8,3,5,30,4,1,1,5,4,5,7,4,4,9,4,5,1,16,2,53,2,9,3,4,7,9,1,10,1,11,,14,,1,22,9,121.5115451,25.06724187
111,12,28,18,29,2,08士林區,士林區延平北路7段與延平北路6段511巷口(北端),0,0,1,1,B03,8,3,5,50,5,1,1,5,4,5,7,1,1,1,4,5,1,12,1,62,3,10,1,1,7,6,1,8,1,2,,9,,1,22,9,121.4977418,25.09384667
111,12,28,18,29,2,08士林區,士林區延平北路7段與延平北路6段511巷口(北端),0,0,1,2,C03,8,3,5,50,5,1,1,5,4,5,7,1,1,1,4,5,1,12,2,58,2,9,1,1,7,9,1,10,1,14,,42,,1,22,9,121.4977418,25.09384667
111,12,28,18,32,2,06松山區,松山區八德路4段217號,0,0,1,1,C03,6,3,5,50,14,9,1,4,4,5,7,2,1,1,3,1,2,16,1,43,2,9,1,1,7,15,1,10,1,11,,23,,1,22,9,121.5641195,25.04882607
111,12,28,18,32,2,06松山區,松山區八德路4段217號,0,0,1,2,B03,6,3,5,50,14,9,1,4,4,5,7,2,1,1,3,1,2,16,1,71,3,10,1,1,7,9,1,8,1,1,,23,,1,22,9,121.5641195,25.04882607
111,12,28,18,35,2,04大安區,大安區辛亥路2段與建國南路2段口西往東,0,0,1,1,C03,7,1,5,50,14,9,1,4,4,5,7,4,4,1,4,4,2,17,1,20,3,10,1,4,7,9,1,10,1,11,,44,,1,22,9,121.5378768,25.0218681
111,12,28,18,35,2,04大安區,大安區辛亥路2段與建國南路2段口西往東,0,0,1,2,C03,7,1,5,50,14,9,1,4,4,5,7,4,4,1,4,4,2,17,2,42,2,6,1,4,7,1,1,10,1,13,,19,,1,22,9,121.5378768,25.0218681
111,12,28,18,35,2,04大安區,大安區辛亥路2段與建國南路2段口西往東,0,0,1,3,C03,7,1,5,50,14,9,1,4,4,5,7,4,4,1,4,4,2,17,1,22,3,10,3,4,7,13,1,10,9,12,,44,,1,22,9,121.5378768,25.0218681
111,12,28,18,35,2,04大安區,大安區辛亥路2段與建國南路2段口西往東,0,0,1,4,C03,7,1,5,50,14,9,1,4,4,5,7,4,4,1,4,4,2,17,2,26,3,10,3,4,7,13,1,10,9,14,,44,,1,22,9,121.5378768,25.0218681
111,12,28,18,35,2,10文山區,文山區景文街與景文街103巷口,0,0,1,1,B03,6,3,5,50,3,1,1,4,4,5,7,4,4,5,5,4,2,6,2,27,3,10,1,1,7,9,1,8,2,2,,23,,1,22,9,121.5411907,24.99075641
111,12,28,18,35,2,10文山區,文山區景文街與景文街103巷口,0,0,1,2,H01,6,3,5,50,3,1,1,4,4,5,7,4,4,5,5,4,2,6,1,7,2,9,4,1,8,18,8,20,10,16,,51,,1,22,9,121.5411907,24.99075641
111,12,28,18,39,2,04大安區,大安區市民大道3段與建國南路1段口,0,0,1,1,C03,6,3,5,50,4,1,1,4,4,5,7,1,1,10,5,5,2,16,1,35,2,8,1,1,7,5,1,10,1,14,,8,,1,22,9,121.5363516,25.0447729
111,12,28,18,39,2,04大安區,大安區市民大道3段與建國南路1段口,0,0,1,2,B12,6,3,5,50,4,1,1,4,4,5,7,1,1,10,5,5,2,16,1,28,3,10,1,1,7,9,1,8,1,5,,42,,1,22,9,121.5363516,25.0447729
111,12,28,18,40,2,03中山區,中山區長春路89號,0,0,1,1,B01,7,3,5,50,14,8,1,5,4,5,7,4,4,5,4,4,2,16,1,59,3,10,1,1,7,8,1,4,1,2,,7,,1,22,9,121.5284277,25.0549374
111,12,28,18,40,2,03中山區,中山區長春路89號,0,0,1,2,C03,7,3,5,50,14,8,1,5,4,5,7,4,4,5,4,4,2,16,2,23,2,9,1,1,7,9,1,10,1,14,,14,,1,22,9,121.5284277,25.0549374
111,12,28,18,40,2,03中山區,中山區長春路89號,0,0,1,3,B03,7,3,5,50,14,8,1,5,4,5,7,4,4,5,4,4,2,16,1,38,3,10,1,1,7,13,1,8,1,4,,38,,1,22,9,121.5284277,25.0549374
111,12,28,18,40,2,11南港區,南港區南港路2段與興南街口口,0,0,2,1,C03,6,3,5,50,3,1,1,4,4,5,7,2,1,5,5,4,2,13,1,49,2,8,1,1,7,9,1,10,1,11,,16,,1,22,9,121.5975973,25.0540588
111,12,28,18,40,2,11南港區,南港區南港路2段與興南街口口,0,0,2,2,C03,6,3,5,50,3,1,1,4,4,5,7,2,1,5,5,4,2,13,2,31,2,9,1,1,7,14,1,10,1,13,,44,,1,22,9,121.5975973,25.0540588
111,12,28,18,55,2,04大安區,大安區復興南路2段171號,0,0,1,1,C03,6,3,5,50,14,7,1,4,4,5,7,2,1,9,4,4,1,12,1,33,3,10,1,1,7,10,1,10,1,12,,7,,1,22,9,121.5435906,25.0274058