發生年度,發生月,發生日,發生時-Hours,發生分,處理別-編號,區序,肇事地點,死亡人數,2-30日死亡人數,受傷人數,當事人序號,車種,天候,光線,道路類別,速限-速度限制,道路型態,事故位置,路面狀況1,路面狀況2,路面狀況3,道路障礙1,道路障礙2,號誌1,號誌2,車道劃分-分向,車道劃分-分道1,車道劃分-分道2,車道劃分-分道3,事故類型及型態,性別,年齡,受傷程度,主要傷處,安全帽,行動電話,車輛用途,當事者行動狀態,駕駛資格情形,駕駛執照種類,飲酒情形,車輛撞擊部位1,車輛撞擊部位2,肇因碼-個別,肇因碼-主要,個人肇逃否,職業,旅次目的,座標-X,座標-Y
111,12,28,18,55,2,04大安區,大安區復興南路2段171號,0,0,1,2,C03,6,3,5,50,14,7,1,4,4,5,7,2,1,9,4,4,1,12,2,26,2,8,1,1,7,9,1,10,1,14,,44,,1,22,9,121.5435906,25.0274058
111,12,28,18,55,2,04大安區,大安區復興南路2段171巷與復興南路2段151巷30弄口,0,0,1,1,B03,6,3,5,30,14,9,1,4,4,5,7,4,4,8,3,5,1,3,1,52,3,10,1,1,7,5,1,8,1,8,,23,,1,21,8,121.5453201,25.02775385
111,12,28,18,55,2,04大安區,大安區復興南路2段171巷與復興南路2段151巷30弄口,0,0,1,2,H01,6,3,5,30,14,9,1,4,4,5,7,4,4,8,3,5,1,3,1,72,2,9,4,1,8,16,8,20,1,16,,53,,1,21,8,121.5453201,25.02775385
111,12,28,18,56,2,05中正區,中正區永福橋(往新北市方向),0,0,2,1,C03,8,3,5,50,3,2,1,5,4,5,7,4,4,5,4,5,1,17,1,32,2,9,1,1,7,9,1,10,1,11,,23,,1,22,9,121.5284045,25.01193619
111,12,28,18,56,2,05中正區,中正區永福橋(往新北市方向),0,0,2,2,C03,8,3,5,50,3,2,1,5,4,5,7,4,4,5,4,5,1,17,1,34,3,10,1,1,7,9,1,10,1,13,,44,,1,22,9,121.5284045,25.01193619
111,12,28,18,56,2,05中正區,中正區永福橋(往新北市方向),0,0,2,3,B03,8,3,5,50,3,2,1,5,4,5,7,4,4,5,4,5,1,17,1,52,3,10,1,1,7,7,1,8,11,4,,26,,1,22,9,121.5284045,25.01193619
111,12,28,18,56,2,05中正區,中正區永福橋(往新北市方向),0,0,2,4,H02,8,3,5,50,3,2,1,5,4,5,7,4,4,5,4,5,1,17,2,34,2,9,1,5,7,20,8,20,10,16,,67,,1,22,9,121.5284045,25.01193619
111,12,28,19,1,2,10文山區,文山區興隆路4段與興隆路4段1巷口口,0,0,1,1,C03,6,3,5,50,3,2,1,4,4,5,7,2,1,1,2,5,2,13,1,19,3,10,3,4,7,9,1,10,2,13,,13,,1,22,9,121.5590103,24.9910067
111,12,28,19,1,2,10文山區,文山區興隆路4段與興隆路4段1巷口口,0,0,1,2,C03,6,3,5,50,3,2,1,4,4,5,7,2,1,1,2,5,2,13,2,37,2,9,3,4,7,9,1,10,2,11,,23,,1,22,9,121.5590103,24.9910067
111,12,28,19,1,2,10文山區,文山區興隆路4段與興隆路4段1巷口口,0,0,1,3,B03,6,3,5,50,3,2,1,4,4,5,7,2,1,1,2,5,2,13,1,42,3,10,3,4,7,14,1,8,2,6,,44,,1,22,9,121.5590103,24.9910067
111,12,28,19,11,2,08士林區,士林區忠誠路2段與士東路口,0,0,1,1,C03,7,3,5,50,5,2,1,5,4,5,7,2,1,1,4,5,1,12,2,39,2,8,1,1,7,15,1,10,2,14,,17,,1,22,9,121.5312533,25.11248582
111,12,28,19,11,2,08士林區,士林區忠誠路2段與士東路口,0,0,1,2,B03,7,3,5,50,5,2,1,5,4,5,7,2,1,1,4,5,1,12,1,47,3,10,1,1,7,15,1,8,2,15,,42,,1,22,9,121.5312533,25.11248582
111,12,28,19,29,2,09北投區,北投區西安街1段321號,0,0,1,1,B03,8,3,5,50,14,8,4,5,4,5,7,4,4,9,4,4,2,2,1,53,4,11,3,4,7,15,7,19,11,15,,23,,2,22,9,121.5151206,25.11464357
111,12,28,19,29,2,09北投區,北投區西安街1段321號,0,0,1,2,H01,8,3,5,50,14,8,4,5,4,5,7,4,4,9,4,4,2,2,2,50,2,7,4,5,8,16,8,20,10,16,,67,,1,22,9,121.5151206,25.11464357
111,12,28,19,45,2,12內湖區,內湖區成功路2段與新明路口,0,0,1,1,B03,6,3,5,50,4,1,1,4,4,5,7,1,1,3,4,5,2,12,2,31,3,10,1,1,7,6,1,8,1,2,,6,,1,22,9,121.5914616,25.0606292
111,12,28,19,45,2,12內湖區,內湖區成功路2段與新明路口,0,0,1,2,C03,6,3,5,50,4,1,1,4,4,5,7,1,1,3,4,5,2,12,2,37,2,9,1,1,7,9,1,10,1,11,,23,,1,22,9,121.5914616,25.0606292
111,12,28,20,4,2,04大安區,大安區信義路3段與建國南路2段口,0,0,1,1,C03,7,1,5,50,15,18,1,4,4,5,7,2,1,1,4,5,2,3,1,43,2,8,1,4,7,9,1,10,1,14,,13,,1,22,9,121.5382037,25.0333874
111,12,28,20,4,2,04大安區,大安區信義路3段與建國南路2段口,0,0,1,2,H01,7,1,5,50,15,18,1,4,4,5,7,2,1,1,4,5,2,3,2,54,3,10,4,5,8,16,8,20,10,16,,52,,1,22,9,121.5382037,25.0333874
111,12,28,20,20,2,12內湖區,內湖區內湖路1段與基湖路口,0,0,1,1,C03,6,3,5,50,4,4,1,4,4,5,7,2,1,1,4,5,2,12,1,66,2,9,1,1,7,9,1,9,2,11,,23,,1,22,9,121.5652994,25.08235467
111,12,28,20,20,2,12內湖區,內湖區內湖路1段與基湖路口,0,0,1,2,C03,6,3,5,50,4,4,1,4,4,5,7,2,1,1,4,5,2,12,1,58,3,10,1,1,7,9,1,10,2,13,,44,,1,22,9,121.5652994,25.08235467
111,12,28,20,25,2,07信義區,信義區基隆路2段與嘉興街口,0,0,1,1,C03,6,3,5,50,3,1,1,4,4,5,7,4,4,1,4,5,2,29,2,21,2,9,1,1,7,12,1,10,1,12,,42,,1,22,9,121.55915,25.03250512
111,12,28,20,25,2,07信義區,信義區基隆路2段與嘉興街口,0,0,1,2,,6,3,5,50,3,1,1,4,4,5,7,4,4,1,4,5,2,29,3,,,,,,,,,,,,,67,,1,,,121.55915,25.03250512
111,12,28,20,31,2,10文山區,文山區木柵路4段與木柵路4段111巷口,0,0,1,1,C03,6,3,5,50,14,9,2,4,4,5,7,1,1,5,4,5,2,17,2,48,3,10,1,4,7,5,1,10,2,15,,26,,1,22,9,121.5735343,24.99724967
111,12,28,20,31,2,10文山區,文山區木柵路4段與木柵路4段111巷口,0,0,1,2,C03,6,3,5,50,14,9,2,4,4,5,7,1,1,5,4,5,2,17,1,24,2,8,1,4,7,9,1,10,2,12,,44,,1,22,9,121.5735343,24.99724967
111,12,28,20,55,2,09北投區,北投區大業路452巷與大業路口,0,0,1,1,C03,8,3,5,50,3,1,1,5,4,5,7,2,1,3,4,4,2,12,1,55,2,9,1,1,7,5,1,10,2,11,,8,,1,22,9,121.4962058,25.13132993
111,12,28,20,55,2,09北投區,北投區大業路452巷與大業路口,0,0,1,2,B01,8,3,5,50,3,1,1,5,4,5,7,2,1,3,4,4,2,12,1,54,3,10,1,1,7,9,1,4,2,5,,23,,1,22,9,121.4962058,25.13132993
111,12,28,20,59,2,07信義區,信義區忠孝東路5段與虎林街口,0,0,1,1,B03,6,3,5,50,4,1,1,4,4,5,7,1,1,1,4,5,2,16,1,63,3,10,1,1,7,5,1,8,2,5,,8,,1,22,9,121.5769594,25.040794
111,12,28,20,59,2,07信義區,信義區忠孝東路5段與虎林街口,0,0,1,2,C03,6,3,5,50,4,1,1,4,4,5,7,1,1,1,4,5,2,16,1,22,2,9,1,1,7,9,1,10,2,11,,13,,1,22,9,121.5769594,25.040794
111,12,28,21,1,2,07信義區,信義區永吉路與永吉路187巷口,0,0,1,1,B03,6,3,5,40,14,8,1,4,4,5,7,4,4,3,4,4,2,16,2,41,3,10,3,4,7,6,1,8,1,2,,23,,1,22,9,121.5726796,25.0456764
111,12,28,21,1,2,07信義區,信義區永吉路與永吉路187巷口,0,0,1,2,C03,6,3,5,40,14,8,1,4,4,5,7,4,4,3,4,4,2,16,2,53,2,9,3,4,7,9,1,10,1,11,,44,,1,22,9,121.5726796,25.0456764
111,12,28,21,5,2,10文山區,文山區木柵路4段與木柵路4段9巷口,0,0,3,1,C03,6,3,5,50,3,2,1,4,4,5,7,1,1,9,4,5,1,13,1,27,2,8,1,1,7,9,1,10,2,11,,16,,1,22,9,121.5712741,24.9924281
111,12,28,21,5,2,10文山區,文山區木柵路4段與木柵路4段9巷口,0,0,3,2,B03,6,3,5,50,3,2,1,4,4,5,7,1,1,9,4,5,1,13,1,26,2,3,1,1,7,9,1,8,2,3,,44,,1,22,9,121.5712741,24.9924281
111,12,28,21,5,2,10文山區,文山區木柵路4段與木柵路4段9巷口,0,0,3,3,H02,6,3,5,50,3,2,1,4,4,5,7,1,1,9,4,5,1,13,2,27,2,1,1,1,7,21,8,20,10,16,,67,,1,22,9,121.5712741,24.9924281
111,12,28,21,29,2,03中山區,中山區民生東路2段與松江路口,0,0,1,1,C03,8,3,5,50,4,1,1,5,4,5,7,1,1,1,3,5,1,18,1,75,2,9,1,1,7,9,6,18,3,14,,21,,1,22,9,121.5332505,25.0575984
111,12,28,21,29,2,03中山區,中山區民生東路2段與松江路口,0,0,1,2,,8,3,5,50,4,1,1,5,4,5,7,1,1,1,3,5,1,18,3,,,,,,,,,,,,,67,,1,,,121.5332505,25.0575984
111,12,28,21,51,2,03中山區,中山區北安路559巷與北安路口,0,0,1,1,B01,8,3,5,50,3,1,1,5,4,5,7,4,4,1,4,5,2,16,1,57,3,10,3,4,7,8,1,4,11,2,,7,,1,22,9,121.547946,25.08035549
111,12,28,21,51,2,03中山區,中山區北安路559巷與北安路口,0,0,1,2,C03,8,3,5,50,3,1,1,5,4,5,7,4,4,1,4,5,2,16,1,31,2,9,3,4,7,9,1,10,11,14,,44,,1,22,9,121.547946,25.08035549
111,12,28,22,13,2,04大安區,大安區泰順街16巷與泰順街口,0,0,2,1,F01,6,3,5,30,4,1,1,4,4,5,7,4,4,10,5,5,2,17,1,19,2,8,1,1,7,9,8,20,1,16,,6,,1,22,9,121.5315439,25.0251164
111,12,28,22,13,2,04大安區,大安區泰順街16巷與泰順街口,0,0,2,2,C03,6,3,5,30,4,1,1,4,4,5,7,4,4,10,5,5,2,17,2,38,2,9,1,4,7,9,1,10,1,14,,14,,1,22,9,121.5315439,25.0251164
111,12,28,22,13,2,04大安區,大安區泰順街16巷與泰順街口,0,0,2,3,A11,6,3,5,30,4,1,1,4,4,5,7,4,4,10,5,5,2,17,1,29,3,10,3,4,7,14,1,2,1,15,,38,,1,22,9,121.5315439,25.0251164
111,12,28,22,20,2,08士林區,士林區重陽橋機車道東往西,0,0,2,3,C03,7,3,5,50,14,11,1,5,4,5,7,4,4,3,4,5,1,13,2,27,2,8,1,1,7,9,1,10,1,15,,23,,1,22,9,121.5076359,25.08640449
111,12,28,22,20,2,08士林區,士林區重陽橋機車道東往西,0,0,2,1,C03,7,3,5,50,14,11,1,5,4,5,7,4,4,3,4,5,1,13,1,30,2,7,1,1,7,9,1,9,1,11,,16,,1,22,9,121.5076359,25.08640449
111,12,28,22,20,2,08士林區,士林區重陽橋機車道東往西,0,0,2,2,C03,7,3,5,50,14,11,1,5,4,5,7,4,4,3,4,5,1,13,1,39,3,10,1,1,7,9,1,10,1,13,,44,,1,22,9,121.5076359,25.08640449
111,12,28,22,48,2,07信義區,信義區松仁路122號口,0,0,2,1,C03,6,3,5,50,14,9,1,4,4,5,7,4,4,10,4,5,2,13,1,22,2,9,1,1,7,9,1,10,1,11,,23,,1,22,9,121.5683656,25.032499
111,12,28,22,48,2,07信義區,信義區松仁路122號口,0,0,2,2,C03,6,3,5,50,14,9,1,4,4,5,7,4,4,10,4,5,2,13,1,35,2,8,1,1,7,15,1,10,1,13,,42,,1,22,9,121.5683656,25.032499
111,12,28,23,0,2,03中山區,中山區中山北路2段與南京東路1段口,0,0,1,1,B01,6,3,5,50,4,1,1,4,4,5,7,2,1,1,4,5,2,16,1,68,3,10,3,4,7,5,1,4,2,2,,8,,1,22,9,121.5226575,25.05227426
111,12,28,23,0,2,03中山區,中山區中山北路2段與南京東路1段口,0,0,1,2,C03,6,3,5,50,4,1,1,4,4,5,7,2,1,1,4,5,2,16,1,22,2,9,3,4,7,9,1,10,2,11,,44,,1,22,9,121.5226575,25.05227426
111,12,28,23,40,2,02萬華區,萬華區忠孝西路2段16巷與忠孝西路2段口口,0,0,1,1,B03,6,3,5,50,3,1,1,4,4,5,7,4,4,10,5,5,1,12,1,27,3,10,1,4,7,6,1,8,1,6,,9,,1,22,9,121.5085999,25.04828939
111,12,28,23,40,2,02萬華區,萬華區忠孝西路2段16巷與忠孝西路2段口口,0,0,1,2,C03,6,3,5,50,3,1,1,4,4,5,7,4,4,10,5,5,1,12,1,20,2,9,1,4,7,9,1,10,1,14,,23,,1,22,9,121.5085999,25.04828939
111,12,28,23,46,2,03中山區,中山區長安東路1段與林森北路口,0,0,1,1,B01,6,3,5,50,4,1,1,4,4,5,7,1,1,5,4,5,2,2,1,43,3,10,1,1,7,6,1,8,1,1,,15,,1,22,9,121.5245038,25.0490466
111,12,28,23,46,2,03中山區,中山區長安東路1段與林森北路口,0,0,1,2,H01,6,3,5,50,4,1,1,4,4,5,7,1,1,5,4,5,2,2,1,44,2,9,4,5,8,16,8,20,10,16,,67,,1,22,9,121.5245038,25.0490466
111,12,29,0,10,2,02萬華區,萬華區西園路2段205號,0,0,1,1,C03,6,3,5,50,14,9,1,4,4,5,7,4,4,1,4,5,2,17,1,21,2,9,1,1,7,9,1,10,1,15,,13,,1,22,9,121.494392,25.02741742
111,12,29,0,10,2,02萬華區,萬華區西園路2段205號,0,0,1,2,B01,6,3,5,50,14,9,1,4,4,5,7,4,4,1,4,5,2,17,2,46,3,10,1,3,7,8,1,4,1,15,,6,,1,22,9,121.494392,25.02741742
111,12,29,0,18,2,03中山區,中山區民權東路2段與中原街口,0,0,1,1,B03,6,3,5,50,4,1,1,4,4,5,7,1,1,1,4,5,2,16,1,21,3,10,1,1,7,5,1,8,2,4,,26,,1,22,9,121.5290619,25.0625371
111,12,29,0,18,2,03中山區,中山區民權東路2段與中原街口,0,0,1,2,C03,6,3,5,50,4,1,1,4,4,5,7,1,1,1,4,5,2,16,1,19,2,9,1,1,7,9,1,10,2,11,,44,,1,22,9,121.5290619,25.0625371
111,12,29,1,0,2,07信義區,信義區松仁路與松壽路口,0,0,1,1,B01,6,3,5,50,3,1,1,4,4,5,7,2,1,10,4,5,2,16,1,54,3,10,1,1,7,5,1,4,1,2,,8,,1,22,9,121.5682694,25.035876
111,12,29,1,0,2,07信義區,信義區松仁路與松壽路口,0,0,1,2,C03,6,3,5,50,3,1,1,4,4,5,7,2,1,10,4,5,2,16,2,25,2,8,1,1,7,9,1,10,1,11,,23,,1,22,9,121.5682694,25.035876
111,12,29,1,15,2,08士林區,士林區文林路與雙溪街口,0,0,1,1,F03,7,1,5,40,4,1,1,5,4,5,7,1,1,5,4,4,2,18,1,24,2,9,1,1,7,9,8,20,2,16,,42,,1,22,9,121.5233798,25.0996841
111,12,29,1,15,2,08士林區,士林區文林路與雙溪街口,0,0,1,2,,7,1,5,40,4,1,1,5,4,5,7,1,1,5,4,4,2,18,3,,,,,,,,,,,,,67,,1,,,121.5233798,25.0996841
111,12,29,3,25,2,06松山區,松山區市民大道4段與光復南路66巷口,0,0,1,1,B12,6,3,5,40,4,1,1,4,4,5,7,1,1,1,3,5,2,12,1,22,3,10,1,1,7,7,1,8,1,7,,7,,1,22,9,121.5566318,25.04500365
111,12,29,3,25,2,06松山區,松山區市民大道4段與光復南路66巷口,0,0,1,2,C03,6,3,5,40,4,1,1,4,4,5,7,1,1,1,3,5,2,12,1,30,2,9,1,1,7,9,1,10,1,11,,44,,1,22,9,121.5566318,25.04500365
111,12,29,6,11,2,08士林區,士林區承德路5段與通河東街2段口,0,0,1,1,B03,6,3,5,50,5,2,1,4,4,5,7,1,1,1,4,4,2,17,1,45,3,10,1,1,7,8,1,8,2,2,,42,,1,22,9,121.513917,25.09606748
111,12,29,6,11,2,08士林區,士林區承德路5段與通河東街2段口,0,0,1,2,C03,6,3,5,50,5,2,1,4,4,5,7,1,1,1,4,4,2,17,1,21,2,9,2,1,7,9,1,10,2,11,,25,,1,22,9,121.513917,25.09606748
111,12,29,6,16,2,03中山區,中山區長春路與合江街口,0,0,1,1,B03,6,2,5,50,4,1,1,4,4,5,7,2,1,4,5,5,2,16,1,60,3,10,3,4,7,5,1,8,2,8,,8,,1,22,9,121.5390549,25.0546658
111,12,29,6,16,2,03中山區,中山區長春路與合江街口,0,0,1,2,F01,6,2,5,50,4,1,1,4,4,5,7,2,1,4,5,5,2,16,2,54,2,9,1,1,7,9,8,20,1,16,,44,,1,22,9,121.5390549,25.0546658
111,12,29,7,28,2,02萬華區,萬華區開封街2段6號,0,0,1,1,B03,7,1,5,50,14,9,1,4,4,5,7,4,4,10,3,5,2,13,1,44,3,10,3,4,7,10,1,8,1,3,,7,,1,22,9,121.5090273,25.04611038
111,12,29,7,28,2,02萬華區,萬華區開封街2段6號,0,0,1,2,C03,7,1,5,50,14,9,1,4,4,5,7,4,4,10,3,5,2,13,1,20,2,9,1,4,7,9,1,10,1,11,,23,,1,22,9,121.5090273,25.04611038
111,12,29,7,30,2,04大安區,大安區忠孝東路3段251巷與忠孝東路3段251巷14弄口,0,0,1,1,B01,6,1,5,30,4,1,1,4,4,5,7,4,4,10,5,5,2,17,2,45,2,9,1,1,7,9,1,4,2,8,,6,,1,22,9,121.5416398,25.04393941
111,12,29,7,30,2,04大安區,大安區忠孝東路3段251巷與忠孝東路3段251巷14弄口,0,0,1,2,B12,6,1,5,30,4,1,1,4,4,5,7,4,4,10,5,5,2,17,1,49,3,10,1,1,7,9,1,8,2,2,,44,,1,22,9,121.5416398,25.04393941
111,12,29,7,30,2,06松山區,松山區八德路3段10號對面,0,0,1,2,C03,6,1,5,50,15,9,1,4,4,5,7,2,1,5,4,5,2,17,1,51,2,9,1,1,7,9,1,10,9,15,,43,,1,22,9,121.5505394,25.0482557
111,12,29,7,30,2,06松山區,松山區八德路3段10號對面,0,0,1,1,B03,6,1,5,50,15,9,1,4,4,5,7,2,1,5,4,5,2,17,4,,4,11,3,4,7,15,7,19,11,15,,43,,2,22,9,121.5505394,25.0482557
111,12,29,7,50,2,09北投區,北投區西安街2段237號,0,0,1,1,C03,8,1,5,50,14,9,1,5,4,5,7,1,3,9,4,5,2,12,2,58,2,9,1,1,7,9,1,10,1,14,,42,,1,22,9,121.4728468,25.13643175
111,12,29,7,50,2,09北投區,北投區西安街2段237號,0,0,1,2,B03,8,1,5,50,14,9,1,5,4,5,7,1,3,9,4,5,2,12,1,62,3,10,1,1,7,9,1,8,1,2,,42,,1,22,9,121.4728468,25.13643175
111,12,29,7,52,2,09北投區,北投區大度路3段305號關渡所前(西往東),0,0,2,1,C03,6,1,5,50,14,9,1,4,4,5,7,4,4,9,4,5,1,12,2,25,2,8,1,1,7,9,1,10,1,11,,16,,1,22,9,121.4656909,25.12327928
111,12,29,7,52,2,09北投區,北投區大度路3段305號關渡所前(西往東),0,0,2,2,C03,6,1,5,50,14,9,1,4,4,5,7,4,4,9,4,5,1,12,1,43,2,8,1,1,7,9,1,10,1,13,,44,,1,22,9,121.4656909,25.12327928
111,12,29,7,52,2,09北投區,北投區大度路3段305號關渡所前(西往東),0,0,2,3,C03,6,1,5,50,14,9,1,4,4,5,7,4,4,9,4,5,1,12,1,21,3,10,1,1,7,9,1,10,1,15,,16,,1,22,9,121.4656909,25.12327928
111,12,29,8,1,2,04大安區,大安區金華街與杭州南路2段口,0,0,1,1,B03,6,1,5,50,4,4,1,4,4,5,7,2,1,9,4,4,2,13,1,30,3,10,1,1,7,9,1,8,9,1,,23,,1,22,9,121.5222572,25.0307852
111,12,29,8,1,2,04大安區,大安區金華街與杭州南路2段口,0,0,1,2,C03,6,1,5,50,4,4,1,4,4,5,7,2,1,9,4,4,2,13,1,42,2,4,1,1,7,14,1,10,9,13,,44,,1,22,9,121.5222572,25.0307852
111,12,29,8,9,2,09北投區,北投區文林北路80巷59弄與文林北路94巷口,0,0,1,1,B03,6,1,5,30,4,1,1,4,4,5,7,4,4,10,5,5,2,17,1,36,3,10,1,1,7,5,1,8,1,15,,6,,1,22,9,121.5189505,25.10689106
111,12,29,8,9,2,09北投區,北投區文林北路80巷59弄與文林北路94巷口,0,0,1,2,C03,6,1,5,30,4,1,1,4,4,5,7,4,4,10,5,5,2,17,1,36,2,8,1,1,7,9,1,10,1,12,,42,,1,22,9,121.5189505,25.10689106
111,12,29,8,33,2,05中正區,中正區金山南路1段與忠孝東路1段口口,0,0,1,1,C03,6,1,5,50,4,2,1,4,4,5,7,2,1,9,4,4,1,16,2,49,2,9,1,1,7,5,1,8,1,14,,8,,1,21,1,121.5297587,25.0431633
111,12,29,8,33,2,05中正區,中正區金山南路1段與忠孝東路1段口口,0,0,1,2,B03,6,1,5,50,4,2,1,4,4,5,7,2,1,9,4,4,1,16,2,42,3,10,1,1,7,9,1,8,1,5,,23,,1,19,5,121.5297587,25.0431633
111,12,29,8,33,2,11南港區,南港區成美橋與南港路3段口,0,0,1,1,B03,6,3,5,50,5,1,1,4,4,5,7,2,1,4,3,5,2,16,2,55,3,10,3,4,7,6,1,8,1,2,,9,,1,22,9,121.5826795,25.0517042
111,12,29,8,33,2,11南港區,南港區成美橋與南港路3段口,0,0,1,2,C03,6,3,5,50,5,1,1,4,4,5,7,2,1,4,3,5,2,16,1,36,2,9,3,4,7,9,1,10,1,14,,6,,1,22,9,121.5826795,25.0517042
111,12,29,8,34,2,06松山區,松山區塔悠路351號,0,0,1,1,B03,6,1,5,50,14,9,1,4,4,5,7,4,4,9,4,5,2,12,1,64,3,10,1,1,7,8,1,8,1,5,,7,,1,22,9,121.5685317,25.0627089
111,12,29,8,34,2,06松山區,松山區塔悠路351號,0,0,1,2,C03,6,1,5,50,14,9,1,4,4,5,7,4,4,9,4,5,2,12,1,47,2,8,1,1,7,9,1,10,1,11,,23,,1,22,9,121.5685317,25.0627089
111,12,29,8,37,2,02萬華區,萬華區萬大路139號,0,0,1,1,B03,6,1,5,30,14,9,1,4,4,5,7,4,4,3,3,5,2,13,1,60,3,10,3,4,7,9,1,8,3,1,,23,,1,22,9,121.5006226,25.02891979
111,12,29,8,37,2,02萬華區,萬華區萬大路139號,0,0,1,2,B03,6,1,5,30,14,9,1,4,4,5,7,4,4,3,3,5,2,13,1,46,2,9,3,4,7,9,1,8,2,3,,44,,1,22,9,121.5006226,25.02891979
111,12,29,8,40,2,10文山區,文山區景明街與興隆路1段70巷11弄口,0,0,1,1,C03,6,1,5,30,4,1,1,4,4,5,7,4,4,10,5,5,2,15,1,43,2,9,1,4,7,9,1,10,2,14,,6,,1,22,9,121.5409108,25.0015136
111,12,29,8,40,2,10文山區,文山區景明街與興隆路1段70巷11弄口,0,0,1,2,B03,6,1,5,30,4,1,1,4,4,5,7,4,4,10,5,5,2,15,2,55,3,10,1,4,7,9,1,8,2,1,,14,,1,22,9,121.5409108,25.0015136
111,12,29,8,46,2,04大安區,大安區建國南路1段329號,0,0,3,1,B03,6,1,5,50,14,9,1,4,4,5,7,4,4,1,4,5,2,17,1,60,3,10,1,1,7,9,1,8,2,3,,44,,1,22,9,121.5380744,25.03469793
111,12,29,8,46,2,04大安區,大安區建國南路1段329號,0,0,3,2,C03,6,1,5,50,14,9,1,4,4,5,7,4,4,1,4,5,2,17,1,32,2,9,1,1,7,9,1,9,2,11,,16,,1,22,9,121.5380744,25.03469793
111,12,29,8,46,2,04大安區,大安區建國南路1段329號,0,0,3,3,C03,6,1,5,50,14,9,1,4,4,5,7,4,4,1,4,5,2,17,1,42,2,8,1,1,7,9,1,10,2,11,,16,,1,22,9,121.5380744,25.03469793
111,12,29,8,46,2,04大安區,大安區建國南路1段329號,0,0,3,4,C03,6,1,5,50,14,9,1,4,4,5,7,4,4,1,4,5,2,17,2,22,2,8,1,1,7,9,1,10,2,11,,16,,1,22,9,121.5380744,25.03469793
111,12,29,8,47,2,04大安區,大安區和平東路3段228巷與安居街34巷口,0,0,1,1,C03,6,1,5,50,3,1,1,4,4,5,7,4,4,5,5,5,2,3,1,27,3,10,3,4,7,9,1,10,1,11,,15,,1,22,9,121.5538402,25.0211417
111,12,29,8,47,2,04大安區,大安區和平東路3段228巷與安居街34巷口,0,0,1,2,H01,6,1,5,50,3,1,1,4,4,5,7,4,4,5,5,5,2,3,2,87,2,8,4,5,8,16,8,20,10,16,,67,,1,22,9,121.5538402,25.0211417
111,12,29,9,10,2,08士林區,士林區社正路與社中街口,0,0,1,1,B03,6,1,5,50,4,1,1,4,4,5,7,2,1,4,3,5,1,11,1,57,3,10,1,1,7,5,1,8,1,2,,8,,1,22,9,121.510561,25.0889106
111,12,29,9,10,2,08士林區,士林區社正路與社中街口,0,0,1,2,C03,6,1,5,50,4,1,1,4,4,5,7,2,1,4,3,5,1,11,1,25,2,8,1,1,7,9,1,10,1,11,,44,,1,22,9,121.510561,25.0889106
111,12,29,9,15,2,04大安區,大安區愛國東路與金華街199巷口,0,0,1,1,C03,6,1,5,30,4,1,1,4,4,5,7,4,4,4,3,5,2,15,1,19,2,9,1,1,7,9,1,10,1,11,,14,,1,22,9,121.5283012,25.031438
111,12,29,9,15,2,04大安區,大安區愛國東路與金華街199巷口,0,0,1,2,C03,6,1,5,30,4,1,1,4,4,5,7,4,4,4,3,5,2,15,1,61,3,10,1,1,7,9,1,10,1,14,,6,,1,22,9,121.5283012,25.031438
111,12,29,9,50,2,06松山區,松山區南京東路5段250巷2弄21號,0,0,1,1,C03,6,1,5,30,14,9,1,4,4,5,7,4,4,10,5,5,2,17,1,42,2,9,1,1,7,9,1,10,1,12,,43,,1,22,9,121.567253,25.05071177
111,12,29,9,50,2,06松山區,松山區南京東路5段250巷2弄21號,0,0,1,2,B03,6,1,5,30,14,9,1,4,4,5,7,4,4,10,5,5,2,17,1,34,3,10,3,4,7,9,1,8,1,15,,43,,1,22,9,121.567253,25.05071177
111,12,29,9,58,2,01大同區,大同區重慶北路1段與華陰街口,0,0,1,1,B03,7,1,5,50,4,1,1,4,4,5,7,2,1,1,5,5,2,16,1,57,3,10,1,1,7,7,1,8,2,7,,7,,1,22,9,121.5136242,25.05060176
111,12,29,9,58,2,01大同區,大同區重慶北路1段與華陰街口,0,0,1,2,C03,7,1,5,50,4,1,1,4,4,5,7,2,1,1,5,5,2,16,1,22,2,9,1,1,7,9,1,9,2,14,,44,,1,22,9,121.5136242,25.05060176
111,12,29,10,5,2,03中山區,中山區南京東路2段53號,0,0,1,1,B01,6,1,5,50,14,7,1,4,4,5,7,4,4,1,4,4,2,17,1,63,3,10,1,1,7,8,1,4,2,15,,7,,1,22,9,121.5296675,25.0521611
111,12,29,10,5,2,03中山區,中山區南京東路2段53號,0,0,1,2,C03,6,1,5,50,14,7,1,4,4,5,7,4,4,1,4,4,2,17,1,25,2,9,1,1,7,12,1,10,2,14,,44,,1,22,9,121.5296675,25.0521611
111,12,29,10,17,2,06松山區,松山區健康路80號對面,0,0,1,1,B03,6,1,5,50,14,9,1,4,4,5,7,4,4,9,4,5,2,16,1,27,3,10,1,4,7,1,1,8,1,8,,19,,1,22,9,121.5540822,25.05343433
111,12,29,10,17,2,06松山區,松山區健康路80號對面,0,0,1,2,C03,6,1,5,50,14,9,1,4,4,5,7,4,4,9,4,5,2,16,1,24,2,8,1,4,7,9,1,10,1,14,,23,,1,22,9,121.5540822,25.05343433