發生年度,發生月,發生日,發生時-Hours,發生分,處理別-編號,區序,肇事地點,死亡人數,2-30日死亡人數,受傷人數,當事人序號,車種,天候,光線,道路類別,速限-速度限制,道路型態,事故位置,路面狀況1,路面狀況2,路面狀況3,道路障礙1,道路障礙2,號誌1,號誌2,車道劃分-分向,車道劃分-分道1,車道劃分-分道2,車道劃分-分道3,事故類型及型態,性別,年齡,受傷程度,主要傷處,安全帽,行動電話,車輛用途,當事者行動狀態,駕駛資格情形,駕駛執照種類,飲酒情形,車輛撞擊部位1,車輛撞擊部位2,肇因碼-個別,肇因碼-主要,個人肇逃否,職業,旅次目的,座標-X,座標-Y
111,12,29,10,17,2,06松山區,松山區健康路80號對面,0,0,1,3,B03,6,1,5,50,14,9,1,4,4,5,7,4,4,9,4,5,2,16,1,36,3,10,1,4,7,14,1,8,1,15,,38,,1,22,9,121.5540822,25.05343433
111,12,29,10,29,2,01大同區,大同區大龍街133號,0,0,1,1,B12,6,1,8,30,15,22,1,4,4,5,7,2,1,5,4,5,2,17,1,57,3,10,1,1,7,5,1,4,1,15,,8,,1,22,9,121.5159559,25.06730291
111,12,29,10,29,2,01大同區,大同區大龍街133號,0,0,1,2,C03,6,1,8,30,15,22,1,4,4,5,7,2,1,5,4,5,2,17,1,48,2,8,1,1,7,9,1,10,1,11,,13,,1,22,9,121.5159559,25.06730291
111,12,29,10,32,2,03中山區,中山區民權西路79號,0,0,2,1,C03,6,1,5,50,14,9,4,4,4,5,7,2,1,1,4,5,2,3,2,24,2,9,3,4,7,9,1,10,1,11,,25,,1,22,9,121.5197148,25.06293989
111,12,29,10,32,2,03中山區,中山區民權西路79號,0,0,2,2,H01,6,1,5,50,14,9,4,4,4,5,7,2,1,1,4,5,2,3,2,33,2,1,4,5,8,16,8,20,10,16,,67,,1,22,9,121.5197148,25.06293989
111,12,29,10,34,2,08士林區,士林區環河北路3段與中正路口,0,0,1,1,B03,6,1,5,50,3,1,1,4,4,5,7,1,1,1,2,5,2,16,1,42,3,10,1,1,7,6,1,8,2,2,,9,,1,22,9,121.5057936,25.08554795
111,12,29,10,34,2,08士林區,士林區環河北路3段與中正路口,0,0,1,2,C03,6,1,5,50,3,1,1,4,4,5,7,1,1,1,2,5,2,16,1,54,2,9,1,1,7,9,1,9,2,14,,42,,1,22,9,121.5057936,25.08554795
111,12,29,11,0,2,08士林區,士林區天母西路與天母西路50巷口口,0,0,1,1,B03,7,1,5,50,4,1,1,4,4,5,7,4,4,5,4,5,1,16,1,35,3,10,3,4,7,5,1,8,1,6,,6,,1,22,9,121.5248486,25.11846033
111,12,29,11,0,2,08士林區,士林區天母西路與天母西路50巷口口,0,0,1,2,C03,7,1,5,50,4,1,1,4,4,5,7,4,4,5,4,5,1,16,1,20,2,9,3,4,7,9,1,10,1,12,,14,,1,22,9,121.5248486,25.11846033
111,12,29,11,4,2,12內湖區,內湖區新富街與行善路231巷口,0,0,1,1,B03,6,1,5,30,4,1,1,4,4,5,7,4,4,9,5,5,2,11,2,35,3,10,1,1,7,5,1,8,2,8,,6,,1,22,9,121.5834509,25.0593463
111,12,29,11,4,2,12內湖區,內湖區新富街與行善路231巷口,0,0,1,2,C03,6,1,5,30,4,1,1,4,4,5,7,4,4,9,5,5,2,11,1,46,2,8,1,1,7,9,1,10,2,14,,14,,1,22,9,121.5834509,25.0593463
111,12,29,11,4,2,12內湖區,內湖區新富街與行善路231巷口,0,0,1,3,H03,6,1,5,30,4,1,1,4,4,5,7,4,4,9,5,5,2,11,3,,,,,,,,,,,,,67,,1,,,121.5834509,25.0593463
111,12,29,11,27,2,08士林區,士林區福林路199號,0,0,3,1,C03,6,1,5,50,14,9,1,4,4,5,7,4,4,5,4,5,2,12,1,19,2,9,1,1,7,9,1,10,1,14,,17,,1,22,9,121.5330573,25.09710323
111,12,29,11,27,2,08士林區,士林區福林路199號,0,0,3,2,C03,6,1,5,50,14,9,1,4,4,5,7,4,4,5,4,5,2,12,2,38,2,9,1,1,7,9,1,10,1,12,,44,,1,22,9,121.5330573,25.09710323
111,12,29,11,27,2,08士林區,士林區福林路199號,0,0,3,3,C03,6,1,5,50,14,9,1,4,4,5,7,4,4,5,4,5,2,12,2,56,2,9,1,1,7,9,1,10,1,13,,44,,1,22,9,121.5330573,25.09710323
111,12,29,11,50,2,12內湖區,內湖區潭美街往西方向,0,0,1,1,B12,6,1,5,40,14,9,1,4,4,5,7,4,4,5,3,5,1,17,2,56,3,10,3,4,7,9,1,8,1,15,,30,,1,22,9,121.6045388,25.06130787
111,12,29,11,50,2,12內湖區,內湖區潭美街往西方向,0,0,1,2,C03,6,1,5,40,14,9,1,4,4,5,7,4,4,5,3,5,1,17,1,24,2,9,3,4,7,9,1,10,1,11,,44,,1,22,9,121.6045388,25.06130787
111,12,29,11,54,2,03中山區,中山區龍江路223巷與龍江路口,0,0,1,1,B03,6,1,5,30,4,1,1,4,4,5,7,4,4,10,5,5,2,15,1,29,3,10,1,1,7,9,3,18,1,5,,6,,1,22,9,121.5405857,25.05687594
111,12,29,11,54,2,03中山區,中山區龍江路223巷與龍江路口,0,0,1,2,C03,6,1,5,30,4,1,1,4,4,5,7,4,4,10,5,5,2,15,2,36,2,9,1,1,7,9,1,10,1,14,,44,,1,22,9,121.5405857,25.05687594
111,12,29,12,13,2,04大安區,大安區建國南路2段與建國南路2段151巷口,0,0,2,1,C03,6,1,5,50,3,4,1,4,4,5,7,1,1,10,5,5,2,13,2,36,2,7,1,1,7,12,1,10,1,11,,23,,1,22,7,121.53746,25.0290096
111,12,29,12,13,2,04大安區,大安區建國南路2段與建國南路2段151巷口,0,0,2,2,C03,6,1,5,50,3,4,1,4,4,5,7,1,1,10,5,5,2,13,2,19,2,9,1,1,7,12,1,10,1,13,,44,,1,22,9,121.53746,25.0290096
111,12,29,12,19,2,03中山區,中山區長安西路6號,0,0,2,1,C03,6,1,5,50,14,9,1,4,4,5,7,1,1,9,4,5,2,16,1,26,2,8,3,4,7,9,1,10,1,11,,4,,1,22,9,121.5211489,25.04994884
111,12,29,12,19,2,03中山區,中山區長安西路6號,0,0,2,2,C03,6,1,5,50,14,9,1,4,4,5,7,1,1,9,4,5,2,16,1,34,2,7,3,4,7,9,1,10,1,12,,23,,1,22,9,121.5211489,25.04994884
111,12,29,12,20,2,05中正區,中正區重慶南路3段121號,0,0,1,1,B12,6,1,5,50,14,9,1,4,4,5,7,4,4,3,4,5,2,12,1,52,3,10,1,1,7,7,6,8,1,8,,7,,1,22,9,121.5168523,25.0240488
111,12,29,12,20,2,05中正區,中正區重慶南路3段121號,0,0,1,2,C03,6,1,5,50,14,9,1,4,4,5,7,4,4,3,4,5,2,12,2,27,2,9,1,1,7,9,1,10,1,12,,44,,1,22,9,121.5168523,25.0240488
111,12,29,12,40,2,09北投區,北投區公館路與三合街1段口,0,0,1,1,F01,6,1,5,40,14,9,1,4,4,5,7,1,1,9,4,5,2,16,2,63,2,8,1,1,7,9,8,20,1,16,,25,,1,22,9,121.5075522,25.12756698
111,12,29,12,40,2,09北投區,北投區公館路與三合街1段口,0,0,1,2,C03,6,1,5,40,14,9,1,4,4,5,7,1,1,9,4,5,2,16,2,20,3,10,1,1,7,9,1,10,1,11,,44,,1,22,9,121.5075522,25.12756698
111,12,29,12,59,2,09北投區,北投區崇仁路1段98號前,0,0,2,1,C03,6,1,5,30,14,9,1,4,4,5,7,4,4,5,5,5,2,17,1,19,2,8,1,1,7,11,1,10,2,13,,10,,1,22,9,121.5017315,25.12547025
111,12,29,12,59,2,09北投區,北投區崇仁路1段98號前,0,0,2,2,C03,6,1,5,30,14,9,1,4,4,5,7,4,4,5,5,5,2,17,2,43,2,9,1,1,7,9,1,10,2,11,,44,,1,22,9,121.5017315,25.12547025
111,12,29,13,5,2,07信義區,信義區市府路45號,0,0,1,2,F01,7,1,5,0,14,20,1,4,4,5,7,4,4,10,4,5,2,17,1,60,2,9,1,1,7,9,8,20,9,16,,44,,1,22,9,121.5636359,25.0340327
111,12,29,13,5,2,07信義區,信義區市府路45號,0,0,1,1,B11,7,1,5,0,14,20,1,4,4,5,7,4,4,10,4,5,2,17,1,54,3,10,1,1,7,1,1,8,9,1,,19,,1,22,9,121.5636359,25.0340327
111,12,29,13,19,2,04大安區,大安區建國南路1段與濟南路3段口,0,0,1,1,B01,6,1,5,50,3,1,1,4,4,5,7,1,1,10,3,4,2,17,1,61,3,10,1,1,7,5,1,4,1,8,,8,,1,22,9,121.5379475,25.040192
111,12,29,13,19,2,04大安區,大安區建國南路1段與濟南路3段口,0,0,1,2,C03,6,1,5,50,3,1,1,4,4,5,7,1,1,10,3,4,2,17,1,25,2,9,1,1,7,9,1,10,1,12,,13,,1,22,9,121.5379475,25.040192
111,12,29,13,21,2,06松山區,松山區八德路3段12巷與八德路3段口,0,0,1,1,B12,6,1,5,50,4,1,1,4,4,5,7,1,1,9,4,5,2,16,1,34,3,10,1,1,7,5,1,8,2,2,,8,,1,22,9,121.5507225,25.0481883
111,12,29,13,21,2,06松山區,松山區八德路3段12巷與八德路3段口,0,0,1,2,C03,6,1,5,50,4,1,1,4,4,5,7,1,1,9,4,5,2,16,1,42,2,9,1,1,7,9,1,10,2,11,,23,,1,22,9,121.5507225,25.0481883
111,12,29,13,31,2,09北投區,北投區石牌路2段315巷28弄與石牌路2段315巷34弄口,0,0,1,1,B03,6,1,5,30,4,1,1,4,4,5,7,4,4,10,5,5,2,16,2,48,3,10,1,1,7,9,1,8,1,5,,6,,1,22,9,121.5229317,25.1234544
111,12,29,13,31,2,09北投區,北投區石牌路2段315巷28弄與石牌路2段315巷34弄口,0,0,1,2,C03,6,1,5,30,4,1,1,4,4,5,7,4,4,10,5,5,2,16,1,44,2,8,1,1,7,9,1,10,1,14,,23,,1,22,9,121.5229317,25.1234544
111,12,29,13,45,2,09北投區,北投區文林北路94巷與西安街1段口,0,0,1,1,B03,6,1,5,50,14,9,1,4,4,5,7,1,1,9,4,5,2,16,1,70,3,10,1,1,7,7,1,8,1,15,,7,,1,22,9,121.5199246,25.10781142
111,12,29,13,45,2,09北投區,北投區文林北路94巷與西安街1段口,0,0,1,2,C03,6,1,5,50,14,9,1,4,4,5,7,1,1,9,4,5,2,16,1,20,2,8,1,1,7,9,1,10,1,14,,44,,1,22,9,121.5199246,25.10781142
111,12,29,13,55,2,05中正區,中正區中華路2段與愛國西路口,0,0,1,1,B12,6,1,5,50,5,1,1,4,4,5,7,1,1,3,4,5,2,12,1,61,3,10,1,1,7,6,1,8,1,5,,9,,1,22,9,121.5068848,25.0369112
111,12,29,13,55,2,05中正區,中正區中華路2段與愛國西路口,0,0,1,2,C03,6,1,5,50,5,1,1,4,4,5,7,1,1,3,4,5,2,12,2,31,2,9,1,1,7,9,1,10,1,14,,26,,1,22,9,121.5068848,25.0369112
111,12,29,13,57,2,07信義區,信義區松勇路31號,0,0,2,1,C03,6,1,5,30,14,9,1,4,4,5,7,4,4,5,5,5,2,17,1,26,2,9,3,4,7,5,1,10,1,11,,23,,1,22,9,121.5697743,25.0367128
111,12,29,13,57,2,07信義區,信義區松勇路31號,0,0,2,2,C03,6,1,5,30,14,9,1,4,4,5,7,4,4,5,5,5,2,17,1,50,2,9,3,4,7,14,1,10,1,13,,38,,1,22,9,121.5697743,25.0367128
111,12,29,14,25,2,06松山區,松山區長春路484號,0,0,1,1,B03,6,1,5,50,14,9,1,4,4,5,7,4,4,9,4,5,2,16,1,51,3,10,1,4,7,11,6,18,2,5,,10,,1,22,9,121.5467501,25.05449226
111,12,29,14,25,2,06松山區,松山區長春路484號,0,0,1,2,C03,6,1,5,50,14,9,1,4,4,5,7,4,4,9,4,5,2,16,1,39,2,9,1,4,7,9,1,10,2,11,,13,,1,22,9,121.5467501,25.05449226
111,12,29,14,47,2,04大安區,大安區敦化南路2段與四維路170巷口,0,0,1,1,B11,6,1,5,50,4,1,1,4,4,5,7,2,1,1,4,5,2,17,1,29,3,10,1,1,7,5,1,4,2,6,,6,,1,22,9,121.5485189,25.02815783
111,12,29,14,47,2,04大安區,大安區敦化南路2段與四維路170巷口,0,0,1,2,C03,6,1,5,50,4,1,1,4,4,5,7,2,1,1,4,5,2,17,1,36,2,9,1,1,7,9,1,10,2,11,,44,,1,22,9,121.5485189,25.02815783
111,12,29,14,56,2,05中正區,中正區林森南路與青島東路口,0,0,1,1,B03,6,1,5,50,4,1,1,4,4,5,7,1,1,10,5,5,2,13,2,33,4,11,3,4,7,5,1,8,9,15,,6,,1,22,9,121.5229412,25.0435898
111,12,29,14,56,2,05中正區,中正區林森南路與青島東路口,0,0,1,2,C03,6,1,5,50,4,1,1,4,4,5,7,1,1,10,5,5,2,13,2,39,3,10,1,1,7,9,1,10,9,15,,44,,1,22,9,121.5229412,25.0435898
111,12,29,14,56,2,05中正區,中正區林森南路與青島東路口,0,0,1,3,C03,6,1,5,50,4,1,1,4,4,5,7,1,1,10,5,5,2,13,2,21,2,9,1,1,7,9,1,10,9,11,,16,,1,22,9,121.5229412,25.0435898
111,12,29,15,13,2,10文山區,文山區萬壽路與指南路2段197巷口,0,0,1,2,B01,6,1,5,50,3,1,1,4,4,5,7,3,1,9,4,5,2,17,1,45,3,10,1,1,7,9,1,4,1,4,,23,,1,22,9,121.5776381,24.9887938
111,12,29,15,13,2,10文山區,文山區萬壽路與指南路2段197巷口,0,0,1,1,C03,6,1,5,50,3,1,1,4,4,5,7,3,1,9,4,5,2,17,1,19,2,9,1,1,7,5,1,10,1,12,,6,,1,22,9,121.5776381,24.9887938
111,12,29,16,2,2,07信義區,信義區市民大道5段與基隆路1段口口,0,0,1,1,B03,6,1,5,50,4,1,1,4,4,5,7,1,1,1,4,5,1,16,2,46,3,10,3,4,7,6,1,8,1,6,,9,,1,22,9,121.569698,25.0489442
111,12,29,16,2,2,07信義區,信義區市民大道5段與基隆路1段口口,0,0,1,2,C03,6,1,5,50,4,1,1,4,4,5,7,1,1,1,4,5,1,16,1,56,2,9,3,4,7,9,1,10,1,14,,44,,1,22,9,121.569698,25.0489442
111,12,29,16,3,2,03中山區,中山區北安路與北安路595巷口,0,0,1,1,B03,6,1,5,50,4,1,1,4,4,5,7,2,1,1,5,5,1,11,1,71,3,10,3,4,7,5,1,8,1,5,,6,,1,22,9,121.5487692,25.08209086
111,12,29,16,3,2,03中山區,中山區北安路與北安路595巷口,0,0,1,2,C03,6,1,5,50,4,1,1,4,4,5,7,2,1,1,5,5,1,11,1,20,2,7,3,4,7,9,1,10,1,11,,13,,1,22,9,121.5487692,25.08209086
111,12,29,16,47,2,04大安區,大安區光復南路266號,0,0,1,1,B03,6,2,5,50,14,9,1,4,4,5,7,4,4,9,4,5,1,12,1,30,3,10,1,4,7,13,1,8,1,4,,40,,1,22,9,121.557548,25.0399271
111,12,29,16,47,2,04大安區,大安區光復南路266號,0,0,1,2,C03,6,2,5,50,14,9,1,4,4,5,7,4,4,9,4,5,1,12,1,38,2,9,1,4,7,9,1,10,1,12,,44,,1,22,9,121.557548,25.0399271
111,12,29,16,55,2,12內湖區,內湖區陽光街202巷與陽光街口,0,0,1,1,B03,6,3,5,50,3,1,1,4,4,5,7,4,4,5,5,5,2,16,2,36,3,10,1,1,7,1,1,8,2,8,,19,,1,22,9,121.5802873,25.0742124
111,12,29,16,55,2,12內湖區,內湖區陽光街202巷與陽光街口,0,0,1,2,C03,6,3,5,50,3,1,1,4,4,5,7,4,4,5,5,5,2,16,1,33,2,9,1,1,7,9,1,10,2,11,,44,,1,22,9,121.5802873,25.0742124
111,12,29,17,7,2,06松山區,松山區新東街與新東街3巷口,0,0,1,1,C03,6,3,5,50,14,9,1,4,4,5,7,4,4,9,4,5,2,17,1,63,2,9,1,1,7,9,1,10,1,12,,44,,1,22,9,121.566064,25.05762969
111,12,29,17,7,2,06松山區,松山區新東街與新東街3巷口,0,0,1,2,C03,6,3,5,50,14,9,1,4,4,5,7,4,4,9,4,5,2,17,1,49,3,10,1,1,7,1,1,10,1,11,,19,,1,22,9,121.566064,25.05762969
111,12,29,17,15,2,08士林區,士林區延平北路7段106巷與延平北路7段口堤外便道,0,0,1,1,C03,6,2,5,40,3,1,1,4,4,5,7,4,4,10,5,5,1,17,2,60,2,7,1,1,7,12,1,10,1,12,,16,,1,21,8,121.4961009,25.10156565
111,12,29,17,15,2,08士林區,士林區延平北路7段106巷與延平北路7段口堤外便道,0,0,1,2,C03,6,2,5,40,3,1,1,4,4,5,7,4,4,10,5,5,1,17,1,22,3,10,1,1,7,12,1,10,1,15,,44,,1,21,8,121.4961009,25.10156565
111,12,29,17,15,2,08士林區,士林區延平北路7段106巷與延平北路7段口堤外便道,0,0,1,3,C03,6,2,5,40,3,1,1,4,4,5,7,4,4,10,5,5,1,17,1,57,3,10,1,1,7,12,1,10,1,15,,44,,1,21,8,121.4961009,25.10156565
111,12,29,17,17,2,04大安區,大安區瑞安街與瑞安街61巷口,0,0,1,1,B03,6,2,5,50,4,1,1,4,4,5,7,4,4,9,5,5,2,17,1,34,3,10,1,1,7,2,1,8,1,7,,12,,1,22,9,121.542596,25.02952825
111,12,29,17,17,2,04大安區,大安區瑞安街與瑞安街61巷口,0,0,1,2,C03,6,2,5,50,4,1,1,4,4,5,7,4,4,9,5,5,2,17,2,26,2,8,1,1,7,5,1,10,1,11,,44,,1,22,9,121.542596,25.02952825
111,12,29,17,17,2,04大安區,大安區瑞安街與瑞安街61巷口,0,0,1,3,B11,6,2,5,50,4,1,1,4,4,5,7,4,4,9,5,5,2,17,1,50,3,10,1,1,7,13,1,4,9,15,,38,,1,22,9,121.542596,25.02952825
111,12,29,17,21,2,01大同區,大同區錦西街與錦西街87巷口,0,0,1,1,B01,6,3,5,50,3,1,1,4,4,5,7,4,4,9,5,5,2,13,1,67,3,10,1,1,7,9,1,4,1,1,,16,,1,22,9,121.5151727,25.0596425
111,12,29,17,21,2,01大同區,大同區錦西街與錦西街87巷口,0,0,1,2,C03,6,3,5,50,3,1,1,4,4,5,7,4,4,9,5,5,2,13,1,30,2,6,1,1,7,14,1,10,1,13,,44,,1,22,9,121.5151727,25.0596425
111,12,29,17,32,2,08士林區,士林區仰德大道3段29號,0,0,1,1,B03,6,3,5,40,14,9,1,4,4,5,7,4,4,9,4,5,1,14,1,65,3,10,3,4,7,2,1,8,1,7,,12,,1,22,9,121.5515777,25.11727399
111,12,29,17,32,2,08士林區,士林區仰德大道3段29號,0,0,1,2,C03,6,3,5,40,14,9,1,4,4,5,7,4,4,9,4,5,1,14,2,20,2,9,3,4,7,9,1,10,1,11,,44,,1,22,9,121.5515777,25.11727399
111,12,29,17,36,2,12內湖區,內湖區瑞光路與瑞光路253巷口,0,0,2,2,C03,6,3,5,50,3,1,1,4,4,5,7,4,4,5,4,5,2,3,1,23,2,8,1,1,7,9,1,10,2,11,,23,,1,22,9,121.5775293,25.0747794
111,12,29,17,36,2,12內湖區,內湖區瑞光路與瑞光路253巷口,0,0,2,1,H01,6,3,5,50,3,1,1,4,4,5,7,4,4,5,4,5,2,3,1,50,2,9,4,1,8,16,8,20,10,16,,51,,1,22,9,121.5775293,25.0747794
111,12,29,17,45,2,10文山區,文山區景華街與景興路口,0,0,1,1,C03,6,3,5,50,4,1,1,4,4,5,7,2,1,1,4,5,2,16,1,23,2,9,1,1,7,5,1,10,2,11,,6,,1,22,9,121.544643,24.9951279
111,12,29,17,45,2,10文山區,文山區景華街與景興路口,0,0,1,2,B03,6,3,5,50,4,1,1,4,4,5,7,2,1,1,4,5,2,16,1,53,3,10,1,1,7,9,1,8,2,4,,44,,1,22,9,121.544643,24.9951279
111,12,29,17,45,2,12內湖區,內湖區康寧路1段253號,0,0,1,1,H01,6,3,5,0,14,9,1,4,4,5,7,4,4,5,5,5,2,3,2,66,3,10,4,5,8,16,8,20,10,16,,51,,1,22,9,121.5979168,25.07867836
111,12,29,17,45,2,12內湖區,內湖區康寧路1段253號,0,0,1,2,C03,6,3,5,0,14,9,1,4,4,5,7,4,4,5,5,5,2,3,1,47,2,9,1,1,7,9,1,10,2,15,,42,,1,22,9,121.5979168,25.07867836
111,12,29,17,55,2,12內湖區,內湖區新明路81號,0,0,1,1,C03,6,3,5,50,14,9,1,4,4,5,7,3,1,4,3,5,2,16,2,23,2,9,1,1,7,1,1,10,1,12,,19,,1,22,9,121.5906434,25.06019534
111,12,29,17,55,2,12內湖區,內湖區新明路81號,0,0,1,2,B01,6,3,5,50,14,9,1,4,4,5,7,3,1,4,3,5,2,16,2,38,3,10,1,1,7,9,1,8,1,1,,44,,1,22,9,121.5906434,25.06019534
111,12,29,17,59,2,05中正區,中正區和平西路1段與廈門街口,0,0,2,1,B03,6,3,5,50,4,1,1,4,4,5,7,1,1,1,4,5,2,17,2,45,3,10,1,1,7,5,1,8,1,6,,6,,1,22,9,121.5180456,25.02679961
111,12,29,17,59,2,05中正區,中正區和平西路1段與廈門街口,0,0,2,2,C02,6,3,5,50,4,1,1,4,4,5,7,1,1,1,4,5,2,17,1,29,2,9,1,1,7,9,1,9,1,13,,44,,1,22,9,121.5180456,25.02679961
111,12,29,17,59,2,05中正區,中正區和平西路1段與廈門街口,0,0,2,3,C03,6,3,5,50,4,1,1,4,4,5,7,1,1,1,4,5,2,17,1,50,2,9,1,1,7,9,1,10,1,11,,16,,1,22,9,121.5180456,25.02679961
111,12,29,18,12,2,03中山區,中山區中原街83號,0,0,2,1,H01,6,3,5,50,14,9,1,4,4,5,7,4,4,8,3,5,1,3,1,70,2,9,4,5,8,16,8,20,10,16,,51,,1,22,9,121.5289518,25.05917811
111,12,29,18,12,2,03中山區,中山區中原街83號,0,0,2,2,C04,6,3,5,50,14,9,1,4,4,5,7,4,4,8,3,5,1,3,2,22,2,8,1,1,7,9,1,8,1,11,,23,,1,22,9,121.5289518,25.05917811
111,12,29,18,13,2,05中正區,中正區新生南路1段148號,0,0,2,1,C03,6,3,5,50,14,9,1,4,4,4,7,4,4,3,4,5,2,17,2,47,3,10,1,1,7,9,1,10,2,15,,42,,1,22,9,121.532586,25.03539672
111,12,29,18,13,2,05中正區,中正區新生南路1段148號,0,0,2,2,C03,6,3,5,50,14,9,1,4,4,4,7,4,4,3,4,5,2,17,2,50,3,10,1,1,7,9,1,10,2,15,,44,,1,22,9,121.532586,25.03539672
111,12,29,18,13,2,05中正區,中正區新生南路1段148號,0,0,2,3,C03,6,3,5,50,14,9,1,4,4,4,7,4,4,3,4,5,2,17,1,23,2,9,1,1,7,9,1,10,2,12,,16,,1,22,9,121.532586,25.03539672
111,12,29,18,13,2,05中正區,中正區新生南路1段148號,0,0,2,4,C03,6,3,5,50,14,9,1,4,4,4,7,4,4,3,4,5,2,17,1,22,2,9,1,1,7,9,1,10,2,11,,23,,1,22,9,121.532586,25.03539672
111,12,29,18,13,2,07信義區,信義區松勇路31號,0,0,1,1,C03,6,2,5,30,14,9,1,4,4,5,7,4,4,9,4,5,1,18,2,22,2,8,3,4,7,12,1,10,9,14,,43,,1,22,9,121.569761,25.0369037
111,12,29,18,13,2,07信義區,信義區松勇路31號,0,0,1,2,,6,2,5,30,14,9,1,4,4,5,7,4,4,9,4,5,1,18,3,,,,,,,,,,,,,67,,1,,,121.569761,25.0369037
111,12,29,18,24,2,03中山區,中山區南京東路1段與林森北路口,0,0,1,1,B03,6,3,5,40,4,2,1,4,4,5,7,2,1,10,4,4,2,16,1,34,3,10,3,4,7,6,1,8,1,5,,44,,1,22,9,121.5253653,25.0519107
111,12,29,18,24,2,03中山區,中山區南京東路1段與林森北路口,0,0,1,2,F01,6,3,5,40,4,2,1,4,4,5,7,2,1,10,4,4,2,16,1,21,2,9,1,1,7,9,8,20,1,16,,42,,1,22,9,121.5253653,25.0519107
111,12,29,18,35,2,12內湖區,內湖區康樂街與康樂街111巷口,0,0,1,1,B03,6,3,5,30,4,1,1,4,4,5,7,3,1,10,5,5,2,16,1,42,3,10,1,1,7,9,1,8,1,6,,6,,1,22,9,121.6191007,25.07068781
111,12,29,18,35,2,12內湖區,內湖區康樂街與康樂街111巷口,0,0,1,2,C03,6,3,5,30,4,1,1,4,4,5,7,3,1,10,5,5,2,16,1,27,2,9,1,1,7,9,1,10,1,11,,14,,1,22,9,121.6191007,25.07068781
111,12,29,18,36,2,08士林區,士林區通河東街2段與士商路口,0,0,1,1,B03,6,3,5,50,5,2,1,4,4,5,7,2,1,1,4,5,1,17,2,67,3,10,1,1,7,5,1,8,1,8,,6,,1,22,9,121.5139551,25.09612097
111,12,29,18,36,2,08士林區,士林區通河東街2段與士商路口,0,0,1,2,C03,6,3,5,50,5,2,1,4,4,5,7,2,1,1,4,5,1,17,1,39,2,9,1,1,7,9,1,10,1,14,,44,,1,22,9,121.5139551,25.09612097
111,12,29,18,52,2,12內湖區,內湖區內湖路1段395號前,0,0,1,1,C03,6,3,5,50,14,8,1,4,4,5,7,4,4,1,4,4,2,13,1,26,2,9,1,1,7,9,1,10,1,11,,23,,1,22,9,121.5703189,25.08186032
111,12,29,18,52,2,12內湖區,內湖區內湖路1段395號前,0,0,1,2,B03,6,3,5,50,14,8,1,4,4,5,7,4,4,1,4,4,2,13,2,57,3,10,1,1,7,14,1,8,1,6,,44,,1,22,9,121.5703189,25.08186032
111,12,29,18,55,2,04大安區,大安區新生南路1段與濟南路3段口,0,0,1,1,C03,6,3,5,50,4,2,1,4,4,5,7,2,1,8,4,5,1,12,1,36,3,10,1,4,7,9,1,10,1,13,,23,,1,22,9,121.5329389,25.0401449
111,12,29,18,55,2,04大安區,大安區新生南路1段與濟南路3段口,0,0,1,2,C03,6,3,5,50,4,2,1,4,4,5,7,2,1,8,4,5,1,12,1,34,2,9,1,4,7,9,1,10,1,11,,44,,1,22,9,121.5329389,25.0401449
111,12,29,19,0,2,01大同區,大同區民權西路229號,0,0,2,1,C03,7,3,5,50,14,9,1,4,4,5,7,1,1,9,4,5,2,17,2,36,2,9,1,4,7,9,1,10,1,14,,43,,1,22,9,121.5121261,25.0638489
111,12,29,19,0,2,01大同區,大同區民權西路229號,0,0,2,2,C03,7,3,5,50,14,9,1,4,4,5,7,1,1,9,4,5,2,17,1,22,2,9,1,1,7,9,1,10,1,14,,43,,1,22,9,121.5121261,25.0638489
111,12,29,19,0,2,01大同區,大同區民權西路229號,0,0,2,3,C03,7,3,5,50,14,9,1,4,4,5,7,1,1,9,4,5,2,17,1,23,3,10,1,4,7,9,1,10,1,11,,43,,1,22,9,121.5121261,25.0638489
111,12,29,19,0,2,03中山區,中山區中山北路3段與撫順街口,0,0,1,1,B12,6,3,5,50,14,9,1,4,4,5,7,4,4,1,3,5,1,16,1,51,4,11,3,4,7,7,7,19,11,15,,7,,2,22,9,121.5222359,25.06428646
111,12,29,19,0,2,03中山區,中山區中山北路3段與撫順街口,0,0,1,2,C03,6,3,5,50,14,9,1,4,4,5,7,4,4,1,3,5,1,16,2,23,2,9,3,4,7,9,1,10,1,12,,44,,1,22,9,121.5222359,25.06428646
111,12,29,19,3,2,03中山區,中山區南京東路3段17號,0,0,2,1,C03,6,3,5,50,14,9,1,4,4,5,7,4,4,1,3,4,1,16,1,45,2,7,1,1,7,9,1,10,1,12,,17,,1,22,9,121.537518,25.05207834
111,12,29,19,3,2,03中山區,中山區南京東路3段17號,0,0,2,2,C03,6,3,5,50,14,9,1,4,4,5,7,4,4,1,3,4,1,16,1,18,2,7,1,1,7,9,1,10,1,11,,23,,1,22,9,121.537518,25.05207834
111,12,29,19,3,2,03中山區,中山區南京東路3段17號,0,0,2,3,B03,6,3,5,50,14,9,1,4,4,5,7,4,4,1,3,4,1,16,1,50,3,10,1,1,7,9,1,8,1,6,,44,,1,22,9,121.537518,25.05207834