發生年度,發生月,發生日,發生時-Hours,發生分,處理別-編號,區序,肇事地點,死亡人數,2-30日死亡人數,受傷人數,當事人序號,車種,天候,光線,道路類別,速限-速度限制,道路型態,事故位置,路面狀況1,路面狀況2,路面狀況3,道路障礙1,道路障礙2,號誌1,號誌2,車道劃分-分向,車道劃分-分道1,車道劃分-分道2,車道劃分-分道3,事故類型及型態,性別,年齡,受傷程度,主要傷處,安全帽,行動電話,車輛用途,當事者行動狀態,駕駛資格情形,駕駛執照種類,飲酒情形,車輛撞擊部位1,車輛撞擊部位2,肇因碼-個別,肇因碼-主要,個人肇逃否,職業,旅次目的,座標-X,座標-Y
111,12,29,19,3,2,03中山區,中山區南京東路3段17號,0,0,2,4,B01,6,3,5,50,14,9,1,4,4,5,7,4,4,1,3,4,1,16,1,46,3,10,1,1,7,9,1,4,1,4,,44,,1,22,9,121.537518,25.05207834
111,12,29,19,14,1,07信義區,信義區信義路4段468號前公車專用道,1,0,0,1,H01,6,3,5,50,14,10,1,4,4,5,7,4,4,1,4,5,2,6,1,50,1,9,4,5,8,18,8,20,3,16,,51,,1,22,9,121.5590991,25.0330653
111,12,29,19,14,1,07信義區,信義區信義路4段468號前公車專用道,1,0,0,2,A02,6,3,5,50,14,10,1,4,4,5,7,4,4,1,4,5,2,6,1,57,3,10,1,1,7,9,1,2,2,8,,44,,1,22,9,121.5590991,25.0330653
111,12,29,19,32,2,10文山區,文山區木柵路5段與新光路2段口,0,0,1,1,C03,6,3,5,50,3,2,1,4,4,5,7,2,1,9,4,5,2,18,1,38,2,9,1,1,7,9,1,10,1,12,,43,,1,22,9,121.5840139,25.00297303
111,12,29,19,32,2,10文山區,文山區木柵路5段與新光路2段口,0,0,1,2,,6,3,5,50,3,2,1,4,4,5,7,2,1,9,4,5,2,18,3,,,,,,,,,,,,,67,,1,,,121.5840139,25.00297303
111,12,29,20,7,2,07信義區,信義區基隆路1段101巷與基隆路1段口,0,0,1,1,B03,6,3,5,50,5,2,1,4,4,5,7,1,1,1,4,5,2,3,1,62,3,10,1,1,7,5,1,8,1,1,,4,,1,22,9,121.5671764,25.0454212
111,12,29,20,7,2,07信義區,信義區基隆路1段101巷與基隆路1段口,0,0,1,2,H01,6,3,5,50,5,2,1,4,4,5,7,1,1,1,4,5,2,3,2,47,2,6,4,5,8,16,8,20,10,16,,67,,1,22,9,121.5671764,25.0454212
111,12,29,20,20,2,07信義區,信義區莊敬路與松勤街口口,0,0,1,1,B03,6,3,5,30,4,2,1,4,4,5,7,2,1,5,5,5,2,3,2,43,3,10,3,4,7,5,1,8,2,4,,15,,1,22,9,121.5612685,25.0319899
111,12,29,20,20,2,07信義區,信義區莊敬路與松勤街口口,0,0,1,2,H01,6,3,5,30,4,2,1,4,4,5,7,2,1,5,5,5,2,3,1,87,2,5,3,4,8,20,8,20,10,16,,67,,1,22,9,121.5612685,25.0319899
111,12,29,20,40,2,05中正區,中正區汀州路2段與晉江街46巷口,0,0,1,1,C03,6,3,5,30,4,2,1,4,4,5,7,4,4,9,4,5,2,12,1,20,2,9,1,1,7,9,1,10,2,11,,23,,1,22,9,121.5224133,25.0236777
111,12,29,20,40,2,05中正區,中正區汀州路2段與晉江街46巷口,0,0,1,2,B03,6,3,5,30,4,2,1,4,4,5,7,4,4,9,4,5,2,12,1,37,3,10,1,1,7,15,1,8,2,3,,44,,1,22,9,121.5224133,25.0236777
111,12,29,20,44,2,02萬華區,萬華區德昌街180號,0,0,1,1,C03,6,3,5,30,14,9,1,4,4,5,7,4,4,10,5,5,2,13,1,30,2,9,1,1,7,9,6,18,1,11,,13,,1,22,9,121.4955978,25.02373989
111,12,29,20,44,2,02萬華區,萬華區德昌街180號,0,0,1,2,B03,6,3,5,30,14,9,1,4,4,5,7,4,4,10,5,5,2,13,1,46,3,10,1,1,7,14,1,8,1,3,,44,,1,22,9,121.4955978,25.02373989
111,12,29,20,50,2,05中正區,中正區濟南路2段73號,0,0,1,1,B02,6,3,5,50,14,9,1,4,4,5,7,1,1,1,4,5,2,11,2,71,3,10,1,1,7,5,1,8,2,2,,8,,1,22,9,121.5326702,25.0402124
111,12,29,20,50,2,05中正區,中正區濟南路2段73號,0,0,1,2,C03,6,3,5,50,14,9,1,4,4,5,7,1,1,1,4,5,2,11,2,37,2,9,1,1,7,9,1,8,2,11,,44,,1,22,9,121.5326702,25.0402124
111,12,29,20,57,2,07信義區,信義區吳興街284巷18弄與吳興街284巷24弄口,0,0,1,1,B03,6,3,5,30,5,1,1,4,4,5,7,4,4,10,5,5,2,15,1,51,3,10,3,4,7,9,1,8,1,5,,6,,1,22,9,121.5635189,25.0245134
111,12,29,20,57,2,07信義區,信義區吳興街284巷18弄與吳興街284巷24弄口,0,0,1,2,C03,6,3,5,30,5,1,1,4,4,5,7,4,4,10,5,5,2,15,2,21,2,9,3,4,7,9,1,10,1,14,,6,,1,22,9,121.5635189,25.0245134
111,12,29,21,5,2,03中山區,中山區龍江路98號,0,0,1,1,B03,6,3,5,50,3,1,1,4,4,5,7,4,4,8,5,5,1,3,1,43,3,10,3,4,7,11,1,8,2,1,,10,,1,22,9,121.5404227,25.0525207
111,12,29,21,5,2,03中山區,中山區龍江路98號,0,0,1,2,H01,6,3,5,50,3,1,1,4,4,5,7,4,4,8,5,5,1,3,1,27,2,9,4,5,8,16,8,20,10,16,,52,,1,22,9,121.5404227,25.0525207
111,12,29,21,35,2,10文山區,文山區忠順街1段2號對面,0,0,1,1,C03,6,3,5,40,14,8,2,4,4,5,7,4,4,5,4,4,2,29,1,26,2,8,1,1,7,9,1,10,2,11,,43,,1,22,9,121.5540108,24.98317345
111,12,29,21,35,2,10文山區,文山區忠順街1段2號對面,0,0,1,2,,6,3,5,40,14,8,2,4,4,5,7,4,4,5,4,4,2,29,3,,,,,,,,,,,,,43,,1,,,121.5540108,24.98317345
111,12,29,21,45,2,05中正區,中正區福州街15號,0,0,2,1,C03,6,3,5,50,14,9,1,4,4,5,7,4,4,3,4,5,2,23,1,23,2,9,1,1,7,9,1,10,1,11,,23,,1,22,9,121.5167438,25.02776332
111,12,29,21,45,2,05中正區,中正區福州街15號,0,0,2,2,,6,3,5,50,14,9,1,4,4,5,7,4,4,3,4,5,2,23,3,,,,,,,,,,,,,67,,1,,,121.5167438,25.02776332
111,12,29,21,45,2,05中正區,中正區福州街15號,0,0,2,3,H02,6,3,5,50,14,9,1,4,4,5,7,4,4,3,4,5,2,23,2,23,2,9,1,5,7,20,8,20,10,16,,67,,1,22,9,121.5167438,25.02776332
111,12,29,22,16,2,03中山區,中山區民權東路2段與吉林路口,0,0,2,1,C03,7,3,5,50,4,1,1,4,4,5,7,1,1,4,3,5,1,16,1,43,2,8,1,1,7,5,1,10,2,11,,8,,1,22,9,121.5302349,25.062599
111,12,29,22,16,2,03中山區,中山區民權東路2段與吉林路口,0,0,2,2,C03,7,3,5,50,4,1,1,4,4,5,7,1,1,4,3,5,1,16,1,25,2,8,1,1,7,9,1,10,2,11,,44,,1,22,9,121.5302349,25.062599
111,12,29,22,55,2,04大安區,大安區和平東路3段與和平東路3段512巷口,0,0,1,1,C03,6,3,5,50,3,2,1,4,4,5,7,2,1,9,5,5,1,12,1,37,3,10,1,4,7,9,1,9,1,11,,23,,1,22,9,121.5608069,25.0158232
111,12,29,22,55,2,04大安區,大安區和平東路3段與和平東路3段512巷口,0,0,1,2,C03,6,3,5,50,3,2,1,4,4,5,7,2,1,9,5,5,1,12,1,20,3,10,1,4,7,14,1,10,1,15,,44,,1,22,9,121.5608069,25.0158232
111,12,29,22,55,2,04大安區,大安區和平東路3段與和平東路3段512巷口,0,0,1,3,H02,6,3,5,50,3,2,1,4,4,5,7,2,1,9,5,5,1,12,2,18,2,9,4,5,7,21,8,20,10,15,,67,,1,22,9,121.5608069,25.0158232
111,12,29,23,11,2,07信義區,信義區一號道路(府前廣場地下停車場出入口),0,0,1,1,B03,6,1,8,50,15,22,3,4,2,5,7,4,4,10,5,5,2,17,1,28,3,10,1,1,7,14,1,8,2,7,,38,,1,22,9,121.5621763,25.0367388
111,12,29,23,11,2,07信義區,信義區一號道路(府前廣場地下停車場出入口),0,0,1,2,C03,6,1,8,50,15,22,3,4,2,5,7,4,4,10,5,5,2,17,1,44,2,9,1,1,7,9,1,10,2,11,,23,,1,22,9,121.5621763,25.0367388
111,12,29,23,22,2,03中山區,中山區長安東路2段與吉林路口,0,0,2,1,B03,7,3,5,50,5,1,1,4,4,5,7,2,1,10,4,5,2,16,1,21,3,10,3,4,7,8,1,8,11,2,,7,,1,22,9,121.5299877,25.0485517
111,12,29,23,22,2,03中山區,中山區長安東路2段與吉林路口,0,0,2,2,C03,7,3,5,50,5,1,1,4,4,5,7,2,1,10,4,5,2,16,2,57,2,9,1,1,7,7,1,10,11,14,,7,,1,22,9,121.5299877,25.0485517
111,12,29,23,22,2,03中山區,中山區長安東路2段與吉林路口,0,0,2,3,H02,7,3,5,50,5,1,1,4,4,5,7,2,1,10,4,5,2,16,1,30,2,9,4,5,7,17,8,20,10,16,,67,,1,22,9,121.5299877,25.0485517
111,12,29,23,39,2,10文山區,文山區辛亥路7段與忠順街1段口,0,0,1,1,B03,6,3,5,50,14,9,2,4,4,5,7,1,1,5,4,4,2,17,2,28,3,10,3,4,7,5,1,8,9,15,,6,,1,22,9,121.5540292,24.98320551
111,12,29,23,39,2,10文山區,文山區辛亥路7段與忠順街1段口,0,0,1,2,C03,6,3,5,50,14,9,2,4,4,5,7,1,1,5,4,4,2,17,2,23,2,8,1,4,7,9,1,9,2,12,,44,,1,22,9,121.5540292,24.98320551
111,12,29,23,57,2,07信義區,信義區信義路5段與松智路口口,0,0,1,1,B03,6,1,5,50,4,2,1,4,4,5,7,1,1,2,4,5,2,17,1,40,3,10,1,1,7,5,1,4,2,1,,8,,1,22,9,121.5655211,25.0329511
111,12,29,23,57,2,07信義區,信義區信義路5段與松智路口口,0,0,1,2,F01,6,1,5,50,4,2,1,4,4,5,7,1,1,2,4,5,2,17,2,66,2,9,1,1,7,9,8,20,2,16,,44,,1,22,9,121.5655211,25.0329511
111,12,30,0,30,2,04大安區,大安區光復南路與文昌街口,0,0,1,1,C03,6,3,5,50,4,2,1,4,4,5,7,2,1,9,4,4,1,12,1,63,3,10,1,4,7,9,3,18,1,11,,16,,1,22,9,121.5573608,25.0321889
111,12,30,0,30,2,04大安區,大安區光復南路與文昌街口,0,0,1,2,C03,6,3,5,50,4,2,1,4,4,5,7,2,1,9,4,4,1,12,2,22,2,9,1,4,7,6,1,10,1,13,,9,,1,22,9,121.5573608,25.0321889
111,12,30,1,38,2,03中山區,中山區龍江路與興安街口,0,0,1,1,B01,7,3,5,40,4,1,1,5,4,5,7,2,1,5,5,5,2,16,1,51,3,10,3,4,7,11,1,3,1,8,,10,,1,22,9,121.5406244,25.0561337
111,12,30,1,38,2,03中山區,中山區龍江路與興安街口,0,0,1,2,C03,7,3,5,40,4,1,1,5,4,5,7,2,1,5,5,5,2,16,2,41,2,9,1,1,7,9,1,10,1,14,,44,,1,22,9,121.5406244,25.0561337
111,12,30,2,8,2,03中山區,中山區民生東路1段與林森北路口,0,0,1,1,F01,8,1,5,0,4,2,1,5,4,5,7,1,1,4,3,5,1,16,1,58,2,1,1,1,7,9,8,20,2,16,,25,,1,22,9,121.5254961,25.05804825
111,12,30,2,8,2,03中山區,中山區民生東路1段與林森北路口,0,0,1,2,C03,8,1,5,0,4,2,1,5,4,5,7,1,1,4,3,5,1,16,1,22,3,10,3,4,7,9,1,10,1,11,,43,,1,22,9,121.5254961,25.05804825
111,12,30,2,25,2,06松山區,松山區敦化北路4巷與南京東路3段256巷口,0,0,1,1,B01,7,3,5,30,4,1,1,4,4,5,7,4,4,10,5,5,2,15,1,65,3,10,1,1,7,9,1,4,2,1,,6,,1,22,9,121.5446925,25.0502104
111,12,30,2,25,2,06松山區,松山區敦化北路4巷與南京東路3段256巷口,0,0,1,2,C03,7,3,5,30,4,1,1,4,4,5,7,4,4,10,5,5,2,15,1,35,2,9,1,1,7,9,1,10,2,14,,14,,1,22,9,121.5446925,25.0502104
111,12,30,5,47,2,03中山區,中山區北安路139號,0,0,1,1,C03,7,2,5,30,16,9,1,5,4,5,7,4,4,10,4,5,2,12,1,51,2,8,1,1,7,4,1,10,1,12,,23,,1,22,9,121.5332276,25.07791546
111,12,30,5,47,2,03中山區,中山區北安路139號,0,0,1,2,C03,7,2,5,30,16,9,1,5,4,5,7,4,4,10,4,5,2,12,1,21,3,10,1,1,7,5,1,10,1,14,,13,,1,22,9,121.5332276,25.07791546
111,12,30,6,41,2,02萬華區,萬華區環河南路2段與環河南路2段175巷口,0,0,2,1,C03,6,1,5,50,4,1,1,4,4,5,7,2,1,1,4,5,2,17,1,71,2,9,1,1,7,5,3,18,1,11,,8,,1,22,9,121.4921866,25.03290267
111,12,30,6,41,2,02萬華區,萬華區環河南路2段與環河南路2段175巷口,0,0,2,2,C03,6,1,5,50,4,1,1,4,4,5,7,2,1,1,4,5,2,17,1,57,2,9,1,1,7,9,6,10,1,14,,44,,1,22,9,121.4921866,25.03290267
111,12,30,6,57,2,05中正區,中正區忠孝東路2段與新生南路1段口,0,0,1,1,C03,6,1,5,50,4,1,1,4,4,5,7,1,1,1,4,5,2,17,2,45,2,9,1,1,7,8,1,10,2,12,,25,,1,22,9,121.5327596,25.04250415
111,12,30,6,57,2,05中正區,中正區忠孝東路2段與新生南路1段口,0,0,1,2,B03,6,1,5,50,4,1,1,4,4,5,7,1,1,1,4,5,2,17,1,65,3,10,1,1,7,9,6,18,2,1,,44,,1,22,9,121.5327596,25.04250415
111,12,30,7,9,2,04大安區,大安區和平東路3段與和平東路3段530巷口,0,0,1,1,C03,6,1,5,40,3,1,1,4,4,5,7,2,1,5,5,5,2,3,1,44,3,10,3,4,7,9,1,9,2,15,,25,,1,22,9,121.5612828,25.01532982
111,12,30,7,9,2,04大安區,大安區和平東路3段與和平東路3段530巷口,0,0,1,2,H01,6,1,5,40,3,1,1,4,4,5,7,2,1,5,5,5,2,3,1,93,2,9,4,5,8,16,8,20,10,16,,67,,1,22,9,121.5612828,25.01532982
111,12,30,7,18,2,06松山區,松山區延壽街18巷與延壽街口,0,0,2,1,C03,6,1,5,30,3,1,1,4,4,5,7,4,4,9,4,5,2,16,1,50,2,9,1,1,7,5,1,10,2,11,,6,,1,22,9,121.568602,25.05728638
111,12,30,7,18,2,06松山區,松山區延壽街18巷與延壽街口,0,0,2,2,C03,6,1,5,30,3,1,1,4,4,5,7,4,4,9,4,5,2,16,1,25,2,9,1,1,7,9,1,10,2,11,,23,,1,22,9,121.568602,25.05728638
111,12,30,7,30,2,08士林區,士林區中山北路5段與中山北路5段378巷口,0,0,1,1,C03,8,1,5,50,4,1,1,5,4,5,7,2,1,4,4,5,1,12,1,19,2,8,1,1,7,9,1,10,1,11,,23,,1,22,9,121.5276059,25.0901869
111,12,30,7,30,2,08士林區,士林區中山北路5段與中山北路5段378巷口,0,0,1,2,B03,8,1,5,50,4,1,1,5,4,5,7,2,1,4,4,5,1,12,1,44,3,10,1,1,7,6,1,8,1,6,,9,,1,22,9,121.5276059,25.0901869
111,12,30,7,39,2,01大同區,大同區民權西路與重慶北路2段口,0,0,1,1,C03,7,1,5,50,4,1,1,5,4,5,7,2,1,1,4,5,2,16,1,46,3,10,3,4,7,8,1,10,1,12,,7,,1,22,9,121.5136746,25.0628944
111,12,30,7,39,2,01大同區,大同區民權西路與重慶北路2段口,0,0,1,2,C03,7,1,5,50,4,1,1,5,4,5,7,2,1,1,4,5,2,16,2,25,2,9,3,4,7,9,1,10,1,11,,44,,1,22,9,121.5136746,25.0628944
111,12,30,8,2,2,08士林區,士林區仰德大道1段上山方向過華興中學,0,0,1,1,B03,6,1,5,40,14,9,1,4,4,5,7,4,4,8,5,5,1,12,1,19,4,11,3,4,7,15,7,19,11,15,,43,,2,22,9,121.5390442,25.10285842
111,12,30,8,2,2,08士林區,士林區仰德大道1段上山方向過華興中學,0,0,1,2,C03,6,1,5,40,14,9,1,4,4,5,7,4,4,8,5,5,1,12,2,41,2,9,1,1,7,9,1,10,1,14,,44,,1,22,9,121.5390442,25.10285842
111,12,30,8,9,2,05中正區,中正區思源街1號與永福橋口,0,0,1,1,C03,6,1,5,50,14,9,1,4,4,5,7,4,4,5,4,5,1,17,2,55,3,10,1,1,7,11,1,10,1,14,,10,,1,22,9,121.5298701,25.01327649
111,12,30,8,9,2,05中正區,中正區思源街1號與永福橋口,0,0,1,2,C03,6,1,5,50,14,9,1,4,4,5,7,4,4,5,4,5,1,17,2,23,2,8,1,1,7,9,1,10,1,12,,26,,1,22,9,121.5298701,25.01327649
111,12,30,8,10,2,12內湖區,內湖區文德路208巷與文德路208巷6弄口,0,0,1,1,C03,6,1,5,50,3,2,1,4,4,5,7,4,4,8,4,5,1,17,2,46,2,9,3,4,7,9,1,10,1,15,,42,,1,22,9,121.5770578,25.0576874
111,12,30,8,10,2,12內湖區,內湖區文德路208巷與文德路208巷6弄口,0,0,1,2,B03,6,1,5,50,3,2,1,4,4,5,7,4,4,8,4,5,1,17,1,44,3,10,3,4,7,6,1,8,11,15,,6,,2,22,9,121.5770578,25.0576874
111,12,30,8,11,2,04大安區,大安區建國南路2段217號,0,0,1,1,,6,1,5,0,14,9,1,4,4,5,7,4,4,1,4,5,1,13,4,,4,11,3,4,7,15,7,19,11,15,,43,,2,22,9,121.5379798,25.02665731
111,12,30,8,11,2,04大安區,大安區建國南路2段217號,0,0,1,2,C03,6,1,5,0,14,9,1,4,4,5,7,4,4,1,4,5,1,13,1,59,2,9,1,1,7,9,1,10,1,13,,44,,1,22,9,121.5379798,25.02665731
111,12,30,8,15,2,09北投區,北投區天母西路與天母西路120巷口,0,0,1,1,B03,8,1,5,50,3,2,1,5,4,5,7,4,4,5,4,5,2,12,1,56,3,10,1,1,7,6,1,10,1,6,,9,,1,22,9,121.5228975,25.11893491
111,12,30,8,15,2,09北投區,北投區天母西路與天母西路120巷口,0,0,1,2,C03,8,1,5,50,3,2,1,5,4,5,7,4,4,5,4,5,2,12,2,24,2,9,1,1,7,9,1,10,1,11,,23,,1,22,9,121.5228975,25.11893491
111,12,30,8,32,2,03中山區,中山區興安街與龍江路口,0,0,1,2,H01,6,1,5,50,4,1,1,4,4,5,7,1,1,5,5,5,2,1,2,25,2,9,4,5,8,16,8,20,10,16,,67,,1,22,9,121.5405111,25.05612217
111,12,30,8,32,2,03中山區,中山區興安街與龍江路口,0,0,1,1,B01,6,1,5,50,4,1,1,4,4,5,7,1,1,5,5,5,2,1,1,61,3,10,3,4,7,5,1,8,1,4,,15,,1,22,9,121.5405111,25.05612217
111,12,30,8,33,2,04大安區,大安區市民大道4段與敦化南路1段161巷5弄口,0,0,1,1,C03,6,1,5,40,14,9,1,4,4,5,7,4,4,1,4,5,2,17,2,29,2,7,1,1,7,9,1,10,1,11,,16,,1,22,9,121.5494873,25.0446878
111,12,30,8,33,2,04大安區,大安區市民大道4段與敦化南路1段161巷5弄口,0,0,1,2,C03,6,1,5,40,14,9,1,4,4,5,7,4,4,1,4,5,2,17,2,38,3,10,1,1,7,9,1,10,1,13,,44,,1,22,9,121.5494873,25.0446878
111,12,30,8,34,2,08士林區,士林區中正路與中正路335巷口,0,0,1,1,C03,7,1,5,50,3,2,1,5,4,5,7,4,4,1,4,5,2,13,1,19,3,10,1,1,7,9,1,10,1,11,,16,,1,22,9,121.5230845,25.09456625
111,12,30,8,34,2,08士林區,士林區中正路與中正路335巷口,0,0,1,2,C03,7,1,5,50,3,2,1,5,4,5,7,4,4,1,4,5,2,13,2,46,2,9,1,1,7,9,1,10,1,13,,44,,1,22,9,121.5230845,25.09456625
111,12,30,8,40,2,02萬華區,萬華區西園路2段與西園路2段372巷口,0,0,2,1,C03,7,1,5,50,4,1,1,4,4,5,7,3,1,9,4,5,2,17,1,61,2,9,1,1,7,9,1,9,1,11,,6,,1,22,9,121.4914298,25.02513325
111,12,30,8,40,2,02萬華區,萬華區西園路2段與西園路2段372巷口,0,0,2,2,C03,7,1,5,50,4,1,1,4,4,5,7,3,1,9,4,5,2,17,1,56,2,9,1,1,7,9,1,10,1,14,,14,,1,22,9,121.4914298,25.02513325
111,12,30,8,45,2,05中正區,中正區中華路1段與貴陽街1段口,0,0,2,1,C03,7,1,5,50,4,1,1,5,4,5,7,1,1,1,4,5,2,17,2,32,3,10,1,1,7,6,1,10,2,12,,9,,1,22,9,121.5076626,25.0391732
111,12,30,8,45,2,05中正區,中正區中華路1段與貴陽街1段口,0,0,2,2,C03,7,1,5,50,4,1,1,5,4,5,7,1,1,1,4,5,2,17,2,59,2,9,1,1,7,9,1,10,2,14,,44,,1,22,9,121.5076626,25.0391732
111,12,30,8,45,2,05中正區,中正區中華路1段與貴陽街1段口,0,0,2,3,H02,7,1,5,50,4,1,1,5,4,5,7,1,1,1,4,5,2,17,2,27,2,8,1,5,7,20,8,20,10,16,,67,,1,22,9,121.5076626,25.0391732
111,12,30,9,9,2,08士林區,士林區福國路與福華路口,0,0,1,1,C03,7,1,5,50,4,1,1,5,4,5,7,2,1,1,4,5,1,16,1,52,3,10,1,1,7,6,6,10,1,11,,9,,1,21,8,121.5229751,25.10182628
111,12,30,9,9,2,08士林區,士林區福國路與福華路口,0,0,1,2,C03,7,1,5,50,4,1,1,5,4,5,7,2,1,1,4,5,1,16,2,68,2,8,1,1,7,9,1,10,1,14,,44,,1,21,8,121.5229751,25.10182628
111,12,30,9,9,2,08士林區,士林區基河路與大南路口,0,0,1,1,C03,8,1,5,50,4,2,1,5,4,5,7,2,1,4,3,5,1,17,4,,4,11,3,4,7,15,7,19,11,15,,43,,2,22,9,121.5226532,25.0898862
111,12,30,9,9,2,08士林區,士林區基河路與大南路口,0,0,1,2,C03,8,1,5,50,4,2,1,5,4,5,7,2,1,4,3,5,1,17,1,24,2,7,1,1,7,9,1,10,1,12,,43,,1,22,9,121.5226532,25.0898862
111,12,30,9,11,2,11南港區,南港區忠孝東路6段280號與忠孝東路6段278巷口,0,0,3,1,B03,8,1,5,50,4,2,1,4,4,5,7,1,1,1,4,4,2,17,1,45,2,9,1,1,7,5,1,8,2,2,,8,,1,22,9,121.5891049,25.049228
111,12,30,9,11,2,11南港區,南港區忠孝東路6段280號與忠孝東路6段278巷口,0,0,3,2,B03,8,1,5,50,4,2,1,4,4,5,7,1,1,1,4,4,2,17,2,30,2,9,1,1,7,9,1,8,2,1,,13,,1,22,9,121.5891049,25.049228
111,12,30,9,11,2,11南港區,南港區忠孝東路6段280號與忠孝東路6段278巷口,0,0,3,3,C03,8,1,5,50,4,2,1,4,4,5,7,1,1,1,4,4,2,17,3,,,,,,,,,,11,,,44,,1,,,121.5891049,25.049228
111,12,30,9,11,2,11南港區,南港區忠孝東路6段280號與忠孝東路6段278巷口,0,0,3,4,C03,8,1,5,50,4,2,1,4,4,5,7,1,1,1,4,4,2,17,1,40,4,11,3,4,7,15,7,19,11,15,,44,,2,22,9,121.5891049,25.049228
111,12,30,9,11,2,11南港區,南港區忠孝東路6段280號與忠孝東路6段278巷口,0,0,3,5,C03,8,1,5,50,4,2,1,4,4,5,7,1,1,1,4,4,2,17,1,68,4,11,3,4,7,14,7,19,11,15,,44,,2,22,9,121.5891049,25.049228
111,12,30,9,11,2,11南港區,南港區忠孝東路6段280號與忠孝東路6段278巷口,0,0,3,6,C03,8,1,5,50,4,2,1,4,4,5,7,1,1,1,4,4,2,17,1,58,4,11,3,4,7,14,7,19,11,15,,44,,2,22,9,121.5891049,25.049228
111,12,30,9,11,2,11南港區,南港區忠孝東路6段280號與忠孝東路6段278巷口,0,0,3,7,C03,8,1,5,50,4,2,1,4,4,5,7,1,1,1,4,4,2,17,3,,,,,,,,,,11,,,44,,1,,,121.5891049,25.049228
111,12,30,9,11,2,11南港區,南港區忠孝東路6段280號與忠孝東路6段278巷口,0,0,3,8,C03,8,1,5,50,4,2,1,4,4,5,7,1,1,1,4,4,2,17,1,61,4,11,3,4,7,14,7,19,11,15,,44,,2,22,9,121.5891049,25.049228
111,12,30,9,11,2,11南港區,南港區忠孝東路6段280號與忠孝東路6段278巷口,0,0,3,9,C03,8,1,5,50,4,2,1,4,4,5,7,1,1,1,4,4,2,17,1,60,4,11,3,4,7,14,7,19,11,15,,44,,2,22,9,121.5891049,25.049228
111,12,30,9,11,2,11南港區,南港區忠孝東路6段280號與忠孝東路6段278巷口,0,0,3,10,C03,8,1,5,50,4,2,1,4,4,5,7,1,1,1,4,4,2,17,3,,,,,,,,,,11,,,44,,1,,,121.5891049,25.049228
111,12,30,9,11,2,11南港區,南港區忠孝東路6段280號與忠孝東路6段278巷口,0,0,3,11,C03,8,1,5,50,4,2,1,4,4,5,7,1,1,1,4,4,2,17,2,57,4,11,3,4,7,14,7,19,11,15,,44,,2,22,9,121.5891049,25.049228
111,12,30,9,11,2,11南港區,南港區忠孝東路6段280號與忠孝東路6段278巷口,0,0,3,12,C03,8,1,5,50,4,2,1,4,4,5,7,1,1,1,4,4,2,17,3,,,,,,,,,,9,,,44,,1,,,121.5891049,25.049228
111,12,30,9,11,2,11南港區,南港區忠孝東路6段280號與忠孝東路6段278巷口,0,0,3,13,C03,8,1,5,50,4,2,1,4,4,5,7,1,1,1,4,4,2,17,3,,,,,,,,,,11,,,44,,1,,,121.5891049,25.049228
111,12,30,9,11,2,11南港區,南港區忠孝東路6段280號與忠孝東路6段278巷口,0,0,3,14,C03,8,1,5,50,4,2,1,4,4,5,7,1,1,1,4,4,2,17,1,42,4,11,3,4,7,14,7,19,11,15,,44,,2,22,9,121.5891049,25.049228
111,12,30,9,11,2,11南港區,南港區忠孝東路6段280號與忠孝東路6段278巷口,0,0,3,15,H02,8,1,5,50,4,2,1,4,4,5,7,1,1,1,4,4,2,17,1,48,2,9,1,1,7,20,8,20,1,16,,67,,1,22,9,121.5891049,25.049228
111,12,30,9,11,2,11南港區,南港區忠孝東路6段280號與忠孝東路6段278巷口,0,0,3,16,,8,1,5,50,4,2,1,4,4,5,7,1,1,1,4,4,2,17,3,,,,,,,,,,,,,67,,1,,,121.5891049,25.049228
111,12,30,9,11,2,11南港區,南港區忠孝東路6段280號與忠孝東路6段278巷口,0,0,3,17,,8,1,5,50,4,2,1,4,4,5,7,1,1,1,4,4,2,17,3,,,,,,,,,,,,,67,,1,,,121.5891049,25.049228
111,12,30,10,1,2,02萬華區,萬華區長沙街2段116號,0,0,1,1,C03,7,1,8,50,15,22,4,5,4,5,7,4,4,10,5,5,2,9,4,,4,11,3,4,7,9,7,19,11,11,,44,,1,22,9,121.5038243,25.04030778
111,12,30,10,1,2,02萬華區,萬華區長沙街2段116號,0,0,1,2,H01,7,1,8,50,15,22,4,5,4,5,7,4,4,10,5,5,2,9,2,61,2,9,4,5,8,16,8,20,11,15,,67,,1,22,9,121.5038243,25.04030778
111,12,30,10,2,2,03中山區,中山區南京東路3段與遼寧街口,0,0,1,1,C03,7,1,5,40,4,2,1,5,4,5,7,2,1,1,4,4,2,12,1,57,3,10,3,4,7,8,1,10,1,13,,7,,1,22,9,121.541972,25.05196529
111,12,30,10,2,2,03中山區,中山區南京東路3段與遼寧街口,0,0,1,2,C03,7,1,5,40,4,2,1,5,4,5,7,2,1,1,4,4,2,12,1,39,2,8,3,4,7,9,1,10,1,11,,23,,1,22,9,121.541972,25.05196529
111,12,30,10,17,2,05中正區,中正區博愛路與貴陽街1段口,0,0,1,2,B01,7,1,5,50,4,2,1,5,4,5,7,1,1,9,4,5,2,13,1,69,2,7,1,1,7,14,1,4,2,7,,44,,1,22,9,121.5111859,25.0387353