發生年度,發生月,發生日,發生時-Hours,發生分,處理別-編號,區序,肇事地點,死亡人數,2-30日死亡人數,受傷人數,當事人序號,車種,天候,光線,道路類別,速限-速度限制,道路型態,事故位置,路面狀況1,路面狀況2,路面狀況3,道路障礙1,道路障礙2,號誌1,號誌2,車道劃分-分向,車道劃分-分道1,車道劃分-分道2,車道劃分-分道3,事故類型及型態,性別,年齡,受傷程度,主要傷處,安全帽,行動電話,車輛用途,當事者行動狀態,駕駛資格情形,駕駛執照種類,飲酒情形,車輛撞擊部位1,車輛撞擊部位2,肇因碼-個別,肇因碼-主要,個人肇逃否,職業,旅次目的,座標-X,座標-Y
111,12,30,10,17,2,05中正區,中正區博愛路與貴陽街1段口,0,0,1,1,B12,7,1,5,50,4,2,1,5,4,5,7,1,1,9,4,5,2,13,1,61,3,10,1,1,7,9,1,8,2,5,,16,,1,22,9,121.5111859,25.0387353
111,12,30,10,20,2,02萬華區,萬華區堤外便道(中興橋至忠孝橋中間),0,0,1,1,C03,7,1,5,40,14,11,1,5,4,5,7,4,4,1,4,5,2,17,2,75,3,10,1,1,7,7,1,10,9,15,,7,,1,22,9,121.5031122,25.04652873
111,12,30,10,20,2,02萬華區,萬華區堤外便道(中興橋至忠孝橋中間),0,0,1,2,C03,7,1,5,40,14,11,1,5,4,5,7,4,4,1,4,5,2,17,2,21,2,9,1,1,7,9,1,10,1,14,,42,,1,22,9,121.5031122,25.04652873
111,12,30,10,20,2,02萬華區,萬華區堤外便道(中興橋至忠孝橋中間),0,0,1,3,,7,1,5,40,14,11,1,5,4,5,7,4,4,1,4,5,2,17,3,,,,,,,,,,,,,67,,1,,,121.5031122,25.04652873
111,12,30,10,30,2,03中山區,中山區民生東路1段與新生北路2段口,0,0,1,1,C04,7,1,5,50,3,1,1,5,4,5,7,4,4,1,4,5,2,13,1,47,2,7,1,1,7,9,1,11,1,14,,44,,1,22,9,121.5274449,25.05873993
111,12,30,10,30,2,03中山區,中山區民生東路1段與新生北路2段口,0,0,1,2,B03,7,1,5,50,3,1,1,5,4,5,7,4,4,1,4,5,2,13,1,32,3,10,1,1,7,9,1,8,1,5,,23,,1,22,9,121.5274449,25.05873993
111,12,30,10,50,2,05中正區,中正區襄陽路1號,0,0,2,1,A02,7,1,5,50,14,9,1,5,4,5,7,2,1,5,4,5,2,13,1,57,3,10,1,1,7,9,1,2,2,8,,23,,1,22,9,121.516589,25.043067
111,12,30,10,50,2,05中正區,中正區襄陽路1號,0,0,2,2,C03,7,1,5,50,14,9,1,5,4,5,7,2,1,5,4,5,2,13,2,59,2,9,1,1,7,12,1,10,2,13,,44,,1,22,9,121.516589,25.043067
111,12,30,10,50,2,05中正區,中正區襄陽路1號,0,0,2,3,H02,7,1,5,50,14,9,1,5,4,5,7,2,1,5,4,5,2,13,2,60,2,9,4,5,7,17,8,20,10,16,,67,,1,22,9,121.516589,25.043067
111,12,30,10,57,2,11南港區,南港區舊莊街1段與舊莊街1段3巷口,0,0,1,1,B03,6,1,5,30,3,1,1,4,4,5,7,4,4,5,4,5,2,16,1,62,3,10,1,1,7,6,1,8,1,8,,9,,1,21,8,121.6174917,25.0419867
111,12,30,10,57,2,11南港區,南港區舊莊街1段與舊莊街1段3巷口,0,0,1,2,C03,6,1,5,30,3,1,1,4,4,5,7,4,4,5,4,5,2,16,2,28,2,8,1,1,7,9,1,10,1,11,,44,,1,21,8,121.6174917,25.0419867
111,12,30,11,8,2,01大同區,大同區重慶北路3段320號,0,0,1,1,F01,8,1,5,50,14,9,1,5,4,5,7,1,1,1,4,1,2,16,1,74,2,9,1,1,7,9,8,20,1,16,,25,,1,22,9,121.5138104,25.0749634
111,12,30,11,8,2,01大同區,大同區重慶北路3段320號,0,0,1,2,B03,8,1,5,50,14,9,1,5,4,5,7,1,1,1,4,1,2,16,1,28,3,10,1,1,7,9,1,8,2,5,,23,,1,22,9,121.5138104,25.0749634
111,12,30,11,12,2,09北投區,北投區行義路與泉源路口,0,0,1,1,B03,6,1,5,40,4,1,1,4,4,5,7,2,1,5,4,5,2,17,1,57,3,10,1,1,7,5,1,8,1,1,,8,,1,22,9,121.5267211,25.14386347
111,12,30,11,12,2,09北投區,北投區行義路與泉源路口,0,0,1,2,C03,6,1,5,40,4,1,1,4,4,5,7,2,1,5,4,5,2,17,1,21,2,9,1,1,7,9,1,10,1,11,,23,,1,22,9,121.5267211,25.14386347
111,12,30,11,24,2,05中正區,中正區金山南路1段與濟南路1段口,0,0,2,1,C03,7,1,5,50,4,1,1,5,4,5,7,1,1,8,3,4,2,16,1,42,2,9,1,1,7,6,1,10,1,12,,9,,1,22,9,121.5292629,25.04082451
111,12,30,11,24,2,05中正區,中正區金山南路1段與濟南路1段口,0,0,2,2,C03,7,1,5,50,4,1,1,5,4,5,7,1,1,8,3,4,2,16,2,44,2,9,1,1,7,9,1,10,1,11,,44,,1,22,9,121.5292629,25.04082451
111,12,30,11,28,2,07信義區,信義區忠孝東路5段361號,0,0,1,1,C03,6,1,5,50,14,9,1,4,4,5,7,4,4,1,4,5,2,17,1,65,3,10,3,4,7,9,1,10,1,15,,30,,1,22,9,121.5743217,25.0409587
111,12,30,11,28,2,07信義區,信義區忠孝東路5段361號,0,0,1,2,C03,6,1,5,50,14,9,1,4,4,5,7,4,4,1,4,5,2,17,1,21,2,9,3,4,7,9,1,10,1,11,,13,,1,22,9,121.5743217,25.0409587
111,12,30,11,31,2,12內湖區,內湖區康寧路3段165巷與康寧路3段口,0,0,1,1,B03,6,1,5,50,4,1,1,4,4,5,7,2,1,9,4,4,2,16,2,50,3,10,1,1,7,5,1,8,2,2,,6,,1,22,9,121.6113283,25.07048418
111,12,30,11,31,2,12內湖區,內湖區康寧路3段165巷與康寧路3段口,0,0,1,2,C03,6,1,5,50,4,1,1,4,4,5,7,2,1,9,4,4,2,16,1,57,2,9,1,1,7,9,1,10,2,11,,44,,1,22,9,121.6113283,25.07048418
111,12,30,11,44,2,03中山區,中山區民生東路2段147巷與建國北路2段116巷口,0,0,1,1,B12,8,1,5,50,4,1,1,5,4,5,7,1,1,4,3,5,1,16,1,58,3,10,1,1,7,5,1,8,1,8,,23,,1,22,9,121.5348041,25.0589095
111,12,30,11,44,2,03中山區,中山區民生東路2段147巷與建國北路2段116巷口,0,0,1,2,C03,8,1,5,50,4,1,1,5,4,5,7,1,1,4,3,5,1,16,1,41,2,9,1,1,7,14,1,10,1,11,,44,,1,22,9,121.5348041,25.0589095
111,12,30,11,52,2,08士林區,士林區德行東路46巷口,0,0,1,1,C04,8,1,5,0,14,9,1,5,4,5,7,4,4,5,5,5,2,13,2,37,2,8,1,1,7,9,1,10,2,11,,44,,1,22,9,121.5261861,25.10690417
111,12,30,11,52,2,08士林區,士林區德行東路46巷口,0,0,1,2,C03,8,1,5,0,14,9,1,5,4,5,7,4,4,5,5,5,2,13,1,42,3,10,1,1,7,8,1,10,2,13,,7,,1,22,9,121.5261861,25.10690417
111,12,30,12,7,2,05中正區,中正區博愛路與長沙街1段口,0,0,1,1,C03,7,1,5,50,3,1,1,5,4,5,7,4,4,9,4,5,2,17,2,40,2,9,1,1,7,5,1,10,2,12,,26,,1,22,9,121.5113105,25.04005644
111,12,30,12,7,2,05中正區,中正區博愛路與長沙街1段口,0,0,1,2,B01,7,1,5,50,3,1,1,5,4,5,7,4,4,9,4,5,2,17,1,43,3,10,1,1,7,9,1,8,2,4,,14,,1,22,9,121.5113105,25.04005644
111,12,30,12,10,2,08士林區,士林區承德路4段10巷與通河街76巷口,0,0,2,1,B03,8,1,5,30,4,1,1,5,4,5,7,4,4,10,5,5,1,16,1,76,3,10,1,1,7,9,1,10,2,8,,6,,1,22,9,121.520155,25.08012256
111,12,30,12,10,2,08士林區,士林區承德路4段10巷與通河街76巷口,0,0,2,2,C03,8,1,5,30,4,1,1,5,4,5,7,4,4,10,5,5,1,16,2,23,2,9,1,1,7,9,1,10,2,11,,14,,1,22,9,121.520155,25.08012256
111,12,30,12,10,2,08士林區,士林區承德路4段10巷與通河街76巷口,0,0,2,3,H02,8,1,5,30,4,1,1,5,4,5,7,4,4,10,5,5,1,16,2,21,2,8,4,5,7,20,8,20,10,16,,67,,1,22,9,121.520155,25.08012256
111,12,30,12,10,2,08士林區,士林區承德路4段10巷與通河街76巷口,0,0,2,4,A12,8,1,5,30,4,1,1,5,4,5,7,4,4,10,5,5,1,16,1,52,3,10,1,1,7,14,1,7,9,15,,38,,1,22,9,121.520155,25.08012256
111,12,30,12,20,2,03中山區,中山區龍江路55巷與龍江路口,0,0,1,1,C03,7,1,5,30,4,1,1,5,4,5,7,4,4,9,5,5,2,16,1,62,2,8,1,4,7,5,1,10,1,14,,6,,1,22,9,121.5404503,25.0495827
111,12,30,12,20,2,03中山區,中山區龍江路55巷與龍江路口,0,0,1,2,B03,7,1,5,30,4,1,1,5,4,5,7,4,4,9,5,5,2,16,1,30,3,10,1,4,7,1,1,8,1,1,,44,,1,22,9,121.5404503,25.0495827
111,12,30,12,27,2,10文山區,文山區木新路2段與永安街22巷口,0,0,1,1,C03,6,1,5,50,3,1,1,4,4,5,7,2,1,5,4,5,2,16,1,47,2,9,1,1,7,1,1,10,2,11,,19,,1,22,9,121.5706489,24.9866117
111,12,30,12,27,2,10文山區,文山區木新路2段與永安街22巷口,0,0,1,2,B03,6,1,5,50,3,1,1,4,4,5,7,2,1,5,4,5,2,16,1,49,3,10,1,1,7,5,1,4,2,1,,23,,1,22,9,121.5706489,24.9866117
111,12,30,12,44,2,03中山區,中山區南京東路2段95號,0,0,1,1,B01,7,1,5,40,14,7,1,5,4,5,7,4,4,1,3,4,1,17,1,69,3,10,1,1,7,1,1,4,1,15,,43,,1,22,9,121.5324397,25.05212878
111,12,30,12,44,2,03中山區,中山區南京東路2段95號,0,0,1,2,C03,7,1,5,40,14,7,1,5,4,5,7,4,4,1,3,4,1,17,1,35,2,9,1,1,7,9,1,10,1,14,,43,,1,22,9,121.5324397,25.05212878
111,12,30,12,44,2,03中山區,中山區南京東路2段95號,0,0,1,3,B03,7,1,5,40,14,7,1,5,4,5,7,4,4,1,3,4,1,17,4,,4,11,3,4,7,15,7,19,11,15,,43,,2,22,9,121.5324397,25.05212878
111,12,30,12,45,2,12內湖區,內湖區民權東路6段109號,0,0,2,1,B12,6,1,5,50,17,9,1,4,4,5,7,4,4,3,4,5,2,16,1,48,3,10,1,1,7,6,1,8,2,15,,9,,1,22,9,121.5914159,25.06895854
111,12,30,12,45,2,12內湖區,內湖區民權東路6段109號,0,0,2,2,C03,6,1,5,50,17,9,1,4,4,5,7,4,4,3,4,5,2,16,1,26,2,9,1,1,7,9,1,10,2,11,,44,,1,22,9,121.5914159,25.06895854
111,12,30,12,45,2,12內湖區,內湖區民權東路6段109號,0,0,2,3,H02,6,1,5,50,17,9,1,4,4,5,7,4,4,3,4,5,2,16,1,25,2,8,1,5,7,20,8,20,10,16,,67,,1,22,9,121.5914159,25.06895854
111,12,30,13,25,2,08士林區,士林區中正路與延平北路5段口,0,0,1,1,C03,8,1,5,50,4,1,1,5,4,5,7,1,1,5,4,5,2,17,2,57,2,8,1,1,7,5,1,10,1,11,,6,,1,22,9,121.5092019,25.0868691
111,12,30,13,25,2,08士林區,士林區中正路與延平北路5段口,0,0,1,2,B03,8,1,5,50,4,1,1,5,4,5,7,1,1,5,4,5,2,17,1,53,3,10,1,1,7,9,1,8,1,8,,44,,1,22,9,121.5092019,25.0868691
111,12,30,13,44,2,04大安區,大安區復興南路2段52號旁,0,0,1,1,C03,6,1,5,50,14,9,1,4,4,5,7,4,4,1,4,5,2,13,1,36,2,9,1,1,7,9,1,10,1,11,,23,,1,22,9,121.5434576,25.0313493
111,12,30,13,44,2,04大安區,大安區復興南路2段52號旁,0,0,1,2,B11,6,1,5,50,14,9,1,4,4,5,7,4,4,1,4,5,2,13,1,31,3,10,1,1,7,14,1,8,1,3,,44,,1,22,9,121.5434576,25.0313493
111,12,30,13,50,2,08士林區,士林區福林路與福林路100巷口,0,0,2,1,B01,8,1,5,50,3,1,1,5,4,5,7,3,1,5,5,5,1,16,1,45,3,10,1,1,7,6,1,4,1,5,,9,,1,22,9,121.5312337,25.09580742
111,12,30,13,50,2,08士林區,士林區福林路與福林路100巷口,0,0,2,2,C03,8,1,5,50,3,1,1,5,4,5,7,3,1,5,5,5,1,16,1,20,2,9,1,1,7,9,1,10,1,14,,44,,1,22,9,121.5312337,25.09580742
111,12,30,13,50,2,08士林區,士林區福林路與福林路100巷口,0,0,2,3,H02,8,1,5,50,3,1,1,5,4,5,7,3,1,5,5,5,1,16,2,20,2,9,1,5,7,20,8,20,10,16,,67,,1,22,9,121.5312337,25.09580742
111,12,30,14,0,2,07信義區,信義區和平東路3段435巷7弄與和平東路3段435巷口,0,0,1,1,B03,6,1,5,30,4,1,1,4,4,5,7,4,4,10,5,5,2,15,1,55,3,10,1,1,7,9,1,8,1,1,,6,,1,22,9,121.5587211,25.01943417
111,12,30,14,0,2,07信義區,信義區和平東路3段435巷7弄與和平東路3段435巷口,0,0,1,2,C03,6,1,5,30,4,1,1,4,4,5,7,4,4,10,5,5,2,15,1,60,2,3,1,1,7,9,1,10,1,14,,44,,1,22,9,121.5587211,25.01943417
111,12,30,14,7,2,11南港區,南港區忠孝東路7段與中南街74巷口,0,0,1,1,,6,1,5,30,3,2,1,4,4,5,7,4,4,1,3,4,2,15,4,,4,11,3,4,7,15,7,19,11,15,,43,,2,22,9,121.6140255,25.0530054
111,12,30,14,7,2,11南港區,南港區忠孝東路7段與中南街74巷口,0,0,1,2,C03,6,1,5,30,3,2,1,4,4,5,7,4,4,1,3,4,2,15,2,22,3,10,1,1,7,9,1,9,2,12,,44,,1,22,9,121.6140255,25.0530054
111,12,30,14,7,2,11南港區,南港區忠孝東路7段與中南街74巷口,0,0,1,3,C03,6,1,5,30,3,2,1,4,4,5,7,4,4,1,3,4,2,15,1,25,2,7,1,1,7,9,1,10,2,11,,23,,1,22,9,121.6140255,25.0530054
111,12,30,14,9,2,10文山區,文山區木柵路1段與木柵路1段59巷口,0,0,2,1,B12,6,1,5,50,4,2,1,4,4,5,7,1,1,5,4,5,2,17,4,,4,11,3,4,7,15,7,19,9,15,,43,,2,22,9,121.5459762,24.98672972
111,12,30,14,9,2,10文山區,文山區木柵路1段與木柵路1段59巷口,0,0,2,2,C03,6,1,5,50,4,2,1,4,4,5,7,1,1,5,4,5,2,17,1,19,2,8,3,4,7,9,1,10,2,14,,43,,1,22,9,121.5459762,24.98672972
111,12,30,14,9,2,10文山區,文山區木柵路1段與木柵路1段59巷口,0,0,2,3,H02,6,1,5,50,4,2,1,4,4,5,7,1,1,5,4,5,2,17,2,19,2,8,3,4,7,20,8,20,10,16,,67,,1,22,9,121.5459762,24.98672972
111,12,30,14,9,2,07信義區,信義區松壽路12號,0,0,1,1,B01,6,1,5,50,14,9,1,4,4,5,7,4,4,5,4,5,2,17,1,63,3,10,3,4,7,8,1,4,1,5,,7,,1,22,9,121.5656152,25.035912
111,12,30,14,9,2,07信義區,信義區松壽路12號,0,0,1,2,C03,6,1,5,50,14,9,1,4,4,5,7,4,4,5,4,5,2,17,1,19,2,9,3,4,7,9,1,10,1,11,,44,,1,22,9,121.5656152,25.035912
111,12,30,14,10,2,05中正區,中正區中華路1段83號,0,0,2,1,C03,7,1,5,50,14,9,1,5,4,5,7,4,4,1,4,5,2,12,1,34,2,9,1,1,7,8,1,10,2,11,,7,,1,22,9,121.5074686,25.0385012
111,12,30,14,10,2,05中正區,中正區中華路1段83號,0,0,2,2,C03,7,1,5,50,14,9,1,5,4,5,7,4,4,1,4,5,2,12,2,24,3,10,1,1,7,9,1,10,2,14,,44,,1,22,9,121.5074686,25.0385012
111,12,30,14,10,2,05中正區,中正區中華路1段83號,0,0,2,3,H02,7,1,5,50,14,9,1,5,4,5,7,4,4,1,4,5,2,12,2,34,2,9,1,5,7,17,8,20,10,16,,67,,1,22,9,121.5074686,25.0385012
111,12,30,14,10,2,08士林區,士林區中正路與志成街口,0,0,1,1,B03,7,1,5,50,3,1,1,5,4,5,7,1,1,3,4,5,2,17,2,37,3,10,1,1,7,9,1,8,1,1,,25,,1,22,9,121.5302854,25.09621402
111,12,30,14,10,2,08士林區,士林區中正路與志成街口,0,0,1,2,C03,7,1,5,50,3,1,1,5,4,5,7,1,1,3,4,5,2,17,2,23,2,9,1,1,7,5,1,10,1,12,,44,,1,22,9,121.5302854,25.09621402
111,12,30,14,30,2,07信義區,信義區信安街與信安街103巷口,0,0,1,1,B03,6,1,5,50,4,1,1,4,4,5,7,1,1,9,5,5,2,15,1,62,3,10,1,1,7,9,1,8,1,5,,25,,1,22,9,121.5568449,25.0256671
111,12,30,14,30,2,07信義區,信義區信安街與信安街103巷口,0,0,1,2,C03,6,1,5,50,4,1,1,4,4,5,7,1,1,9,5,5,2,15,1,25,2,9,1,1,7,9,1,10,1,11,,44,,1,22,9,121.5568449,25.0256671
111,12,30,15,12,2,10文山區,文山區指南路2段38號附近側附近,0,0,1,1,A02,6,1,5,50,14,18,1,4,4,5,7,4,4,9,4,5,2,3,1,62,3,10,3,4,7,9,1,1,9,1,,15,,1,21,8,121.5748667,24.98782236
111,12,30,15,12,2,10文山區,文山區指南路2段38號附近側附近,0,0,1,2,H01,6,1,5,50,14,18,1,4,4,5,7,4,4,9,4,5,2,3,1,22,2,9,4,5,8,16,8,20,9,16,,67,,1,18,8,121.5748667,24.98782236
111,12,30,15,19,2,08士林區,士林區仰德大道3段與仰德大道3段5巷口,0,0,1,1,C03,8,1,5,40,3,2,1,5,4,5,7,2,1,8,5,5,1,17,1,45,3,10,1,1,7,11,1,10,1,12,,10,,1,22,9,121.550383,25.11406594
111,12,30,15,19,2,08士林區,士林區仰德大道3段與仰德大道3段5巷口,0,0,1,2,C03,8,1,5,40,3,2,1,5,4,5,7,2,1,8,5,5,1,17,1,19,2,9,1,1,7,9,1,10,1,11,,23,,1,22,9,121.550383,25.11406594
111,12,30,15,30,2,07信義區,信義區松高路西往東,0,0,1,1,A04,8,1,5,0,14,9,1,5,4,5,7,4,4,8,3,5,2,9,1,48,3,10,1,1,7,9,1,1,11,15,,42,,1,22,9,121.5648134,25.03910351
111,12,30,15,30,2,07信義區,信義區松高路西往東,0,0,1,2,H02,8,1,5,0,14,9,1,5,4,5,7,4,4,8,3,5,2,9,1,48,2,6,4,5,7,20,8,20,10,16,,67,,1,22,9,121.5648134,25.03910351
111,12,30,15,50,2,01大同區,大同區延平北路3段與伊寧街口,0,0,2,1,C03,8,1,5,50,4,1,1,5,4,5,7,2,1,5,4,5,2,16,1,34,3,10,1,1,7,5,1,10,2,11,,8,,1,22,9,121.5111144,25.064622
111,12,30,15,50,2,01大同區,大同區延平北路3段與伊寧街口,0,0,2,2,C03,8,1,5,50,4,1,1,5,4,5,7,2,1,5,4,5,2,16,2,30,2,8,1,1,7,9,1,10,2,11,,44,,1,22,9,121.5111144,25.064622
111,12,30,15,50,2,01大同區,大同區延平北路3段與伊寧街口,0,0,2,3,H02,8,1,5,50,4,1,1,5,4,5,7,2,1,5,4,5,2,16,1,4,2,8,1,5,7,20,8,20,10,16,,67,,1,22,9,121.5111144,25.064622
111,12,30,15,51,2,03中山區,中山區吉林路154巷與吉林路口,0,0,2,1,C03,8,1,5,50,4,1,1,5,4,5,7,4,4,9,4,4,2,16,1,19,2,9,1,1,7,5,1,10,1,13,,8,,1,22,9,121.5301537,25.05649045
111,12,30,15,51,2,03中山區,中山區吉林路154巷與吉林路口,0,0,2,2,C03,8,1,5,50,4,1,1,5,4,5,7,4,4,9,4,4,2,16,1,18,2,9,1,1,7,9,1,10,1,11,,23,,1,22,9,121.5301537,25.05649045
111,12,30,15,58,2,10文山區,文山區辛亥路7段38號,0,0,1,1,B03,6,1,5,30,11,7,1,4,4,5,7,3,1,5,2,4,2,16,2,47,3,10,1,1,7,6,1,8,1,8,,6,,1,22,9,121.5537737,24.9855894
111,12,30,15,58,2,10文山區,文山區辛亥路7段38號,0,0,1,2,C03,6,1,5,30,11,7,1,4,4,5,7,3,1,5,2,4,2,16,1,50,2,8,1,1,7,9,1,10,1,12,,44,,1,22,9,121.5537737,24.9855894
111,12,30,16,15,2,12內湖區,內湖區舊宗路1段18號,0,0,3,1,C03,6,1,5,50,14,9,1,4,4,5,7,4,4,3,4,5,2,12,1,43,2,9,1,1,7,9,1,10,2,11,,42,,1,22,9,121.5807827,25.05802297
111,12,30,16,15,2,12內湖區,內湖區舊宗路1段18號,0,0,3,2,C03,6,1,5,50,14,9,1,4,4,5,7,4,4,3,4,5,2,12,1,65,2,9,1,1,7,9,1,10,2,13,,44,,1,22,9,121.5807827,25.05802297
111,12,30,16,15,2,12內湖區,內湖區舊宗路1段18號,0,0,3,3,H02,6,1,5,50,14,9,1,4,4,5,7,4,4,3,4,5,2,12,1,10,2,9,4,5,7,21,8,20,10,16,,67,,1,22,9,121.5807827,25.05802297
111,12,30,16,21,2,03中山區,中山區北安路520-2號對面,0,0,1,1,B03,8,1,5,50,14,9,1,5,4,5,7,4,4,3,4,5,2,12,1,29,3,10,3,4,7,8,1,8,1,15,,7,,1,22,9,121.546115,25.07989227
111,12,30,16,21,2,03中山區,中山區北安路520-2號對面,0,0,1,2,C03,8,1,5,50,14,9,1,5,4,5,7,4,4,3,4,5,2,12,1,41,2,9,3,4,7,9,1,10,1,15,,44,,1,22,9,121.546115,25.07989227
111,12,30,16,22,2,07信義區,信義區吳興街284巷與吳興街284巷22弄口口,0,0,1,1,B01,6,1,6,30,4,2,1,4,4,5,7,4,4,10,5,5,2,17,1,50,3,10,1,1,7,5,1,8,1,4,,17,,1,22,9,121.5629214,25.0225683
111,12,30,16,22,2,07信義區,信義區吳興街284巷與吳興街284巷22弄口口,0,0,1,2,C03,6,1,6,30,4,2,1,4,4,5,7,4,4,10,5,5,2,17,2,19,2,8,1,1,7,9,1,10,1,11,,23,,1,22,9,121.5629214,25.0225683
111,12,30,16,25,2,03中山區,中山區中山北路2段65巷與中山北路2段口,0,0,1,1,B01,7,1,5,50,3,2,1,5,4,5,7,4,4,1,4,5,2,16,1,69,3,10,3,4,7,6,1,4,1,4,,9,,1,22,9,121.5229726,25.05709787
111,12,30,16,25,2,03中山區,中山區中山北路2段65巷與中山北路2段口,0,0,1,2,C03,7,1,5,50,3,2,1,5,4,5,7,4,4,1,4,5,2,16,1,41,2,9,3,4,7,9,1,10,1,11,,44,,1,22,9,121.5229726,25.05709787
111,12,30,16,37,2,11南港區,南港區舊莊街1段與舊莊街1段3巷口,0,0,1,1,C03,6,1,5,50,3,1,1,4,4,5,7,4,4,4,5,5,2,18,2,62,2,9,1,1,7,9,1,10,1,14,,43,,1,22,9,121.6175136,25.0419392
111,12,30,16,37,2,11南港區,南港區舊莊街1段與舊莊街1段3巷口,0,0,1,2,,6,1,5,50,3,1,1,4,4,5,7,4,4,4,5,5,2,18,3,,,,,,,,,,,,,67,,1,,,121.6175136,25.0419392
111,12,30,16,48,2,03中山區,中山區民權東路2段與中原街口,0,0,1,1,C03,7,1,5,50,4,1,1,5,4,5,7,2,1,5,5,5,2,16,1,21,3,10,1,1,7,5,1,10,1,14,,8,,1,22,9,121.5289832,25.0625523
111,12,30,16,48,2,03中山區,中山區民權東路2段與中原街口,0,0,1,2,C03,7,1,5,50,4,1,1,5,4,5,7,2,1,5,5,5,2,16,2,44,2,9,1,1,7,9,1,10,1,14,,44,,1,22,9,121.5289832,25.0625523
111,12,30,16,50,2,12內湖區,內湖區瑞光路與瑞光路76巷口,0,0,1,1,C03,7,1,5,50,3,2,1,5,4,5,7,1,1,5,5,5,2,17,4,,4,11,3,4,7,15,7,19,11,15,,43,,2,22,9,121.5817233,25.0713376
111,12,30,16,50,2,12內湖區,內湖區瑞光路與瑞光路76巷口,0,0,1,2,C03,7,1,5,50,3,2,1,5,4,5,7,1,1,5,5,5,2,17,1,39,2,6,1,1,7,15,1,10,1,12,,43,,1,22,9,121.5817233,25.0713376
111,12,30,17,15,2,04大安區,大安區辛亥路3段與基隆路3段口,0,0,1,1,C03,6,2,5,50,4,1,1,4,4,5,7,2,1,7,4,5,2,17,1,28,2,8,1,1,7,9,1,10,1,11,,42,,1,22,9,121.5463807,25.0190762
111,12,30,17,15,2,04大安區,大安區辛亥路3段與基隆路3段口,0,0,1,2,B03,6,2,5,50,4,1,1,4,4,5,7,2,1,7,4,5,2,17,1,62,3,10,1,1,7,14,1,8,1,7,,44,,1,22,9,121.5463807,25.0190762
111,12,30,17,15,2,04大安區,大安區辛亥路3段與基隆路3段口,0,0,1,3,B03,6,2,5,50,4,1,1,4,4,5,7,2,1,7,4,5,2,17,1,41,3,10,1,1,7,14,1,8,1,2,,44,,1,22,9,121.5463807,25.0190762
111,12,30,17,16,2,04大安區,大安區辛亥路2段145號,0,0,1,1,B03,6,3,5,50,14,7,1,4,4,5,7,4,4,1,4,4,2,17,1,34,3,10,3,4,7,7,1,8,1,8,,7,,1,22,9,121.5399495,25.02159381
111,12,30,17,16,2,04大安區,大安區辛亥路2段145號,0,0,1,2,C03,6,3,5,50,14,7,1,4,4,5,7,4,4,1,4,4,2,17,2,30,2,9,3,4,7,9,1,10,1,12,,44,,1,22,9,121.5399495,25.02159381
111,12,30,17,25,2,03中山區,中山區民族西路2號,0,0,1,1,B01,7,3,5,50,14,9,1,5,4,5,7,4,4,5,4,5,2,12,1,64,3,10,1,1,7,8,1,4,1,5,,7,,1,22,9,121.5222849,25.0682878
111,12,30,17,25,2,03中山區,中山區民族西路2號,0,0,1,2,C03,7,3,5,50,14,9,1,5,4,5,7,4,4,5,4,5,2,12,2,38,2,9,1,1,7,9,1,10,1,14,,44,,1,22,9,121.5222849,25.0682878
111,12,30,17,27,2,05中正區,中正區三元街與南海路口,0,0,1,1,C03,8,3,5,50,4,2,1,5,4,5,7,1,1,5,4,5,2,17,2,47,3,10,1,1,7,6,1,10,11,12,,17,,2,22,9,121.5089227,25.0295965
111,12,30,17,27,2,05中正區,中正區三元街與南海路口,0,0,1,2,C03,8,3,5,50,4,2,1,5,4,5,7,1,1,5,4,5,2,17,1,21,2,8,2,1,7,9,1,10,1,14,,44,,1,22,9,121.5089227,25.0295965
111,12,30,17,30,2,12內湖區,內湖區民權東路6段與民權東路6段248巷口,0,0,1,1,B03,6,3,5,50,3,1,1,4,4,5,7,2,1,1,4,5,1,16,1,67,3,10,1,1,7,5,1,8,1,2,,8,,1,22,9,121.601447,25.06748904
111,12,30,17,30,2,12內湖區,內湖區民權東路6段與民權東路6段248巷口,0,0,1,2,C03,6,3,5,50,3,1,1,4,4,5,7,2,1,1,4,5,1,16,1,25,2,9,1,1,7,9,1,10,1,11,,44,,1,22,9,121.601447,25.06748904
111,12,30,17,37,2,12內湖區,內湖區新湖一路內,0,0,1,1,B03,6,3,5,50,14,9,1,4,4,5,7,4,4,9,5,5,2,16,1,27,3,10,1,1,7,1,1,8,1,8,,19,,1,22,9,121.5796006,25.06050024
111,12,30,17,37,2,12內湖區,內湖區新湖一路內,0,0,1,2,C03,6,3,5,50,14,9,1,4,4,5,7,4,4,9,5,5,2,16,1,42,2,9,1,1,7,12,1,10,1,11,,42,,1,22,9,121.5796006,25.06050024
111,12,30,17,43,2,09北投區,北投區行義路39號,0,0,1,1,C03,6,3,5,40,14,9,1,4,4,5,7,4,4,9,4,5,2,13,1,69,2,8,1,1,7,9,1,10,1,11,,16,,1,22,9,121.5273339,25.1255681
111,12,30,17,43,2,09北投區,北投區行義路39號,0,0,1,2,B03,6,3,5,40,14,9,1,4,4,5,7,4,4,9,4,5,2,13,1,51,3,10,1,1,7,14,1,8,1,3,,44,,1,22,9,121.5273339,25.1255681