發生年度,發生月,發生日,發生時-Hours,發生分,處理別-編號,區序,肇事地點,死亡人數,2-30日死亡人數,受傷人數,當事人序號,車種,天候,光線,道路類別,速限-速度限制,道路型態,事故位置,路面狀況1,路面狀況2,路面狀況3,道路障礙1,道路障礙2,號誌1,號誌2,車道劃分-分向,車道劃分-分道1,車道劃分-分道2,車道劃分-分道3,事故類型及型態,性別,年齡,受傷程度,主要傷處,安全帽,行動電話,車輛用途,當事者行動狀態,駕駛資格情形,駕駛執照種類,飲酒情形,車輛撞擊部位1,車輛撞擊部位2,肇因碼-個別,肇因碼-主要,個人肇逃否,職業,旅次目的,座標-X,座標-Y
111,12,30,17,46,2,02萬華區,萬華區華江橋往新北市機車道北往南方向(編號166燈桿前),0,0,1,1,C03,8,3,5,40,11,11,1,5,4,5,1,4,4,10,5,5,1,17,1,69,3,10,1,1,7,11,1,10,1,12,,4,,1,22,9,121.4940334,25.03791339
111,12,30,17,46,2,02萬華區,萬華區華江橋往新北市機車道北往南方向(編號166燈桿前),0,0,1,2,C03,8,3,5,40,11,11,1,5,4,5,1,4,4,10,5,5,1,17,1,22,2,7,1,1,7,12,1,10,1,11,,13,,1,22,9,121.4940334,25.03791339
111,12,30,17,51,2,01大同區,大同區承德路2段與錦西街口,0,0,1,1,C03,7,1,5,0,4,1,1,5,4,5,7,2,1,1,2,5,2,12,1,26,3,10,1,1,7,9,1,10,1,14,,17,,1,22,9,121.5181122,25.0603712
111,12,30,17,51,2,01大同區,大同區承德路2段與錦西街口,0,0,1,2,C03,7,1,5,0,4,1,1,5,4,5,7,2,1,1,2,5,2,12,1,40,2,9,1,1,7,9,1,10,1,12,,17,,1,22,9,121.5181122,25.0603712
111,12,30,17,54,2,04大安區,大安區市民大道4段與敦化南路1段口,0,0,2,1,B02,6,3,5,40,4,1,1,4,4,5,7,2,1,1,4,5,1,13,1,29,3,10,3,4,7,10,1,8,1,15,,7,,1,22,9,121.5489639,25.0447394
111,12,30,17,54,2,04大安區,大安區市民大道4段與敦化南路1段口,0,0,2,2,C03,6,3,5,40,4,1,1,4,4,5,7,2,1,1,4,5,1,13,2,44,2,8,1,1,7,9,1,10,1,13,,23,,1,22,9,121.5489639,25.0447394
111,12,30,17,54,2,04大安區,大安區市民大道4段與敦化南路1段口,0,0,2,3,C03,6,3,5,40,4,1,1,4,4,5,7,2,1,1,4,5,1,13,1,62,2,8,1,1,7,9,1,10,1,11,,23,,1,22,9,121.5489639,25.0447394
111,12,30,17,55,2,03中山區,中山區民生東路2段與吉林路口,0,0,1,1,C03,7,3,5,50,4,1,1,5,4,5,7,2,1,4,5,4,2,17,1,39,3,10,3,4,7,5,1,9,2,15,,8,,1,22,9,121.5302508,25.0579812
111,12,30,17,55,2,03中山區,中山區民生東路2段與吉林路口,0,0,1,2,C03,7,3,5,50,4,1,1,5,4,5,7,2,1,4,5,4,2,17,1,26,2,9,3,4,7,9,1,10,2,14,,13,,1,22,9,121.5302508,25.0579812
111,12,30,18,5,2,04大安區,大安區市民大道4段與敦化南路1段口,0,0,1,1,B03,7,3,5,50,4,1,1,5,4,5,7,2,1,10,5,5,2,16,1,59,3,10,3,4,7,8,1,8,1,5,,7,,1,22,9,121.5489503,25.04476136
111,12,30,18,5,2,04大安區,大安區市民大道4段與敦化南路1段口,0,0,1,2,B03,7,3,5,50,4,1,1,5,4,5,7,2,1,10,5,5,2,16,2,48,2,8,3,4,7,9,1,8,1,8,,44,,1,22,9,121.5489503,25.04476136
111,12,30,18,20,2,05中正區,中正區青島西路與中山南路口,0,0,1,1,,7,3,5,50,14,9,1,5,4,5,7,4,4,5,5,5,1,12,4,,4,11,3,4,7,15,7,19,11,15,,43,,2,22,9,121.5188964,25.0446601
111,12,30,18,20,2,05中正區,中正區青島西路與中山南路口,0,0,1,2,C03,7,3,5,50,14,9,1,5,4,5,7,4,4,5,5,5,1,12,1,27,3,10,1,1,7,6,1,10,1,12,,44,,1,22,9,121.5188964,25.0446601
111,12,30,18,20,2,05中正區,中正區青島西路與中山南路口,0,0,1,3,H02,7,3,5,50,14,9,1,5,4,5,7,4,4,5,5,5,1,12,2,24,2,8,1,5,7,21,8,20,10,16,,67,,1,22,9,121.5188964,25.0446601
111,12,30,18,30,2,02萬華區,萬華區環河南路1段與內江街口,0,0,1,1,C03,8,3,5,50,4,1,1,5,4,5,7,1,1,5,4,5,2,12,1,20,2,9,1,4,7,7,1,10,1,14,,44,,1,22,9,121.4999029,25.0417907
111,12,30,18,30,2,02萬華區,萬華區環河南路1段與內江街口,0,0,1,2,B12,8,3,5,50,4,1,1,5,4,5,7,1,1,5,4,5,2,12,1,26,3,10,1,4,7,7,1,8,1,5,,23,,1,22,9,121.4999029,25.0417907
111,12,30,19,0,2,06松山區,松山區健康路與延壽街330巷口,0,0,1,1,C03,6,3,5,50,3,1,1,4,4,5,7,2,1,1,1,5,2,11,1,19,2,9,1,1,7,5,1,10,1,12,,6,,1,22,9,121.5604761,25.05402885
111,12,30,19,0,2,06松山區,松山區健康路與延壽街330巷口,0,0,1,2,B03,6,3,5,50,3,1,1,4,4,5,7,2,1,1,1,5,2,11,1,67,3,10,1,1,7,9,1,8,1,5,,44,,1,22,9,121.5604761,25.05402885
111,12,30,19,4,2,06松山區,松山區南京東路5段與塔悠路口,0,0,1,1,C03,6,3,5,50,5,1,1,4,4,5,7,2,1,9,4,5,2,16,1,66,2,7,1,1,7,9,1,8,1,14,,17,,1,22,9,121.5702071,25.05143435
111,12,30,19,4,2,06松山區,松山區南京東路5段與塔悠路口,0,0,1,2,B03,6,3,5,50,5,1,1,4,4,5,7,2,1,9,4,5,2,16,1,37,3,10,1,1,7,9,1,8,1,2,,17,,1,22,9,121.5702071,25.05143435
111,12,30,19,10,2,12內湖區,內湖區新湖二路與新湖三路219巷口口,0,0,1,1,C03,6,3,5,30,4,1,1,4,4,5,7,4,4,10,5,5,2,16,1,32,2,9,1,1,7,5,1,10,1,12,,6,,1,22,9,121.5818633,25.06397738
111,12,30,19,10,2,12內湖區,內湖區新湖二路與新湖三路219巷口口,0,0,1,2,B03,6,3,5,30,4,1,1,4,4,5,7,4,4,10,5,5,2,16,1,25,3,10,1,1,7,9,1,8,1,8,,14,,1,22,9,121.5818633,25.06397738
111,12,30,19,11,2,05中正區,中正區信義路2段255號,0,0,1,1,B03,7,3,5,50,14,9,1,5,4,5,7,4,4,1,4,5,2,13,1,41,3,10,1,1,7,9,1,8,1,1,,16,,1,22,8,121.5314539,25.0337305
111,12,30,19,11,2,05中正區,中正區信義路2段255號,0,0,1,2,C03,7,3,5,50,14,9,1,5,4,5,7,4,4,1,4,5,2,13,1,33,2,8,1,1,7,9,1,10,1,13,,44,,1,22,5,121.5314539,25.0337305
111,12,30,19,25,2,06松山區,松山區塔悠路與撫遠街211巷口,0,0,1,1,B12,7,3,5,50,4,1,1,4,4,5,7,4,4,9,5,5,2,3,1,46,3,10,1,4,7,5,1,8,1,4,,15,,1,22,9,121.5686595,25.06066374
111,12,30,19,25,2,06松山區,松山區塔悠路與撫遠街211巷口,0,0,1,2,H01,7,3,5,50,4,1,1,4,4,5,7,4,4,9,5,5,2,3,2,54,2,8,4,5,8,16,8,20,10,16,,67,,1,22,9,121.5686595,25.06066374
111,12,30,19,27,2,08士林區,士林區環河北路3段141號,0,0,1,1,B01,8,3,5,40,14,8,1,5,4,3,5,4,4,1,4,4,2,12,1,58,3,10,3,4,7,9,1,4,1,4,,26,,1,22,9,121.5055172,25.08608125
111,12,30,19,27,2,08士林區,士林區環河北路3段141號,0,0,1,2,C03,8,3,5,40,14,8,1,5,4,3,5,4,4,1,4,4,2,12,2,67,2,9,1,4,7,9,1,10,1,14,,6,,1,22,9,121.5055172,25.08608125
111,12,30,19,51,2,05中正區,中正區衡陽路與延平南路口,0,0,1,1,B03,7,3,5,50,3,1,1,5,4,5,7,1,1,10,5,5,1,12,1,50,3,10,1,1,7,7,1,8,1,8,,7,,1,22,9,121.5095186,25.0421454
111,12,30,19,51,2,05中正區,中正區衡陽路與延平南路口,0,0,1,2,C03,7,3,5,50,3,1,1,5,4,5,7,1,1,10,5,5,1,12,1,44,2,9,1,1,7,9,1,10,1,12,,44,,1,22,9,121.5095186,25.0421454
111,12,30,19,51,2,07信義區,信義區崇德街75號,0,0,2,1,C03,6,3,5,50,14,9,1,4,4,5,7,3,1,4,5,5,1,3,2,28,2,9,1,1,7,9,1,10,1,11,,15,,1,22,9,121.5551963,25.02427916
111,12,30,19,51,2,07信義區,信義區崇德街75號,0,0,2,2,H01,6,3,5,50,14,9,1,4,4,5,7,3,1,4,5,5,1,3,2,55,2,9,4,5,8,16,8,20,10,16,,67,,1,22,9,121.5551963,25.02427916
111,12,30,20,34,2,04大安區,大安區市民大道4段與復興南路1段口,0,0,2,1,C03,6,3,5,40,4,1,1,4,4,5,7,2,1,9,4,5,1,12,1,22,2,8,1,1,7,5,1,10,1,14,,8,,1,22,9,121.5439423,25.0447878
111,12,30,20,34,2,04大安區,大安區市民大道4段與復興南路1段口,0,0,2,2,C03,6,3,5,40,4,1,1,4,4,5,7,2,1,9,4,5,1,12,1,41,3,10,1,1,7,9,1,10,1,11,,23,,1,22,9,121.5439423,25.0447878
111,12,30,20,34,2,04大安區,大安區市民大道4段與復興南路1段口,0,0,2,3,H02,6,3,5,40,4,1,1,4,4,5,7,2,1,9,4,5,1,12,2,22,2,8,4,5,7,20,8,20,10,16,,67,,1,22,9,121.5439423,25.0447878
111,12,30,20,44,2,02萬華區,萬華區環河南路2段175巷與雙園街107巷口,0,0,2,1,C03,8,3,5,30,4,1,1,5,4,5,7,4,4,5,5,5,2,15,1,45,2,8,1,4,7,9,1,10,2,14,,6,,1,22,9,121.4925635,25.03248586
111,12,30,20,44,2,02萬華區,萬華區環河南路2段175巷與雙園街107巷口,0,0,2,2,C03,8,3,5,30,4,1,1,5,4,5,7,4,4,5,5,5,2,15,1,23,2,8,1,4,7,9,1,10,2,12,,14,,1,22,9,121.4925635,25.03248586
111,12,30,20,55,2,08士林區,士林區基河路劍潭捷運站旁,0,0,1,1,C03,7,3,5,50,14,9,1,5,4,5,7,4,4,10,4,5,2,18,1,20,2,9,1,1,7,9,1,10,2,12,,13,,1,22,9,121.5248187,25.08487446
111,12,30,20,55,2,08士林區,士林區基河路劍潭捷運站旁,0,0,1,2,,7,3,5,50,14,9,1,5,4,5,7,4,4,10,4,5,2,18,3,,,,,,,,,,,,,67,,1,,,121.5248187,25.08487446
111,12,30,21,23,2,07信義區,信義區市民大道6段與中坡北路口,0,0,1,1,C03,6,3,5,40,4,1,1,4,4,5,7,1,1,1,4,5,2,18,1,55,2,9,3,4,7,9,1,10,7,12,,21,,1,22,9,121.5799534,25.0489278
111,12,30,21,23,2,07信義區,信義區市民大道6段與中坡北路口,0,0,1,2,,6,3,5,40,4,1,1,4,4,5,7,1,1,1,4,5,2,18,3,,,,,,,,,,,,,67,,1,,,121.5799534,25.0489278
111,12,30,21,36,2,05中正區,中正區汀州路1段與和平西路2段134巷口,0,0,2,1,C03,8,3,5,30,4,1,1,5,4,5,7,4,4,5,4,5,2,17,1,49,2,9,1,1,7,5,1,9,1,11,,6,,1,22,9,121.5062592,25.0319233
111,12,30,21,36,2,05中正區,中正區汀州路1段與和平西路2段134巷口,0,0,2,2,C03,8,3,5,30,4,1,1,5,4,5,7,4,4,5,4,5,2,17,1,33,2,9,1,1,7,9,1,10,1,12,,44,,1,22,9,121.5062592,25.0319233
111,12,30,21,55,2,05中正區,中正區羅斯福路2段與和平西路1段口,0,0,2,1,C03,6,3,5,50,4,1,1,4,4,5,7,2,1,1,4,5,1,16,1,60,2,9,1,1,7,5,1,10,2,14,,25,,1,22,9,121.5222366,25.02714778
111,12,30,21,55,2,05中正區,中正區羅斯福路2段與和平西路1段口,0,0,2,2,C03,6,3,5,50,4,1,1,4,4,5,7,2,1,1,4,5,1,16,1,26,2,9,1,1,7,9,1,10,2,11,,44,,1,22,9,121.5222366,25.02714778
111,12,30,21,57,2,03中山區,中山區林森北路477號旁,0,0,1,1,B03,7,3,5,50,14,9,1,5,4,5,7,4,4,5,5,5,2,12,1,37,3,10,1,1,7,6,1,8,2,2,,9,,1,22,9,121.525627,25.0606647
111,12,30,21,57,2,03中山區,中山區林森北路477號旁,0,0,1,2,C03,7,3,5,50,14,9,1,5,4,5,7,4,4,5,5,5,2,12,2,26,2,9,1,1,7,9,1,10,2,14,,44,,1,22,9,121.525627,25.0606647
111,12,30,21,58,2,01大同區,大同區鄭州路與環河北路1段口,0,0,1,1,B01,7,3,5,50,4,1,1,5,4,5,7,2,1,5,2,5,2,15,1,51,3,10,1,1,7,9,1,4,1,6,,25,,1,22,9,121.5068554,25.05055822
111,12,30,21,58,2,01大同區,大同區鄭州路與環河北路1段口,0,0,1,2,C03,7,3,5,50,4,1,1,5,4,5,7,2,1,5,2,5,2,15,2,43,2,9,1,1,7,9,4,11,1,11,,44,,1,22,9,121.5068554,25.05055822
111,12,30,22,5,2,08士林區,士林區中山北路5段與劍潭路口,0,0,1,1,C03,7,3,5,40,3,1,1,5,4,5,7,1,1,10,4,5,2,18,1,24,2,9,1,1,7,9,1,10,2,12,,42,,1,22,9,121.5254768,25.08415096
111,12,30,22,5,2,08士林區,士林區中山北路5段與劍潭路口,0,0,1,2,,7,3,5,40,3,1,1,5,4,5,7,1,1,10,4,5,2,18,3,,,,,,,,,,,,,67,,1,,,121.5254768,25.08415096
111,12,30,22,8,2,12內湖區,內湖區基湖路與基湖路35巷口,0,0,1,1,B03,6,3,5,50,3,1,1,4,4,5,7,3,1,5,4,5,2,3,1,43,3,10,1,1,7,9,1,8,1,8,,15,,1,22,9,121.564764,25.0799664
111,12,30,22,8,2,12內湖區,內湖區基湖路與基湖路35巷口,0,0,1,2,H01,6,3,5,50,3,1,1,4,4,5,7,3,1,5,4,5,2,3,2,52,2,9,4,1,8,20,8,20,10,16,,67,,1,22,9,121.564764,25.0799664
111,12,30,22,15,2,03中山區,中山區長春路24號與長春路口,0,0,1,1,B03,7,3,5,30,4,1,1,5,4,5,7,4,4,5,5,4,2,16,2,24,3,10,3,4,7,5,1,8,2,4,,6,,1,22,9,121.5242819,25.0549228
111,12,30,22,15,2,03中山區,中山區長春路24號與長春路口,0,0,1,2,C03,7,3,5,30,4,1,1,5,4,5,7,4,4,5,5,4,2,16,1,30,2,9,1,1,7,9,6,18,2,11,,44,,1,22,9,121.5242819,25.0549228
111,12,30,22,25,2,07信義區,信義區松仁路(微風南山旁),0,0,1,1,C03,6,3,5,50,14,9,1,4,4,5,7,4,4,1,3,5,1,12,1,48,2,2,1,4,7,15,1,10,1,14,,14,,1,22,9,121.5682869,25.0341813
111,12,30,22,25,2,07信義區,信義區松仁路(微風南山旁),0,0,1,2,B03,6,3,5,50,14,9,1,4,4,5,7,4,4,1,3,5,1,12,1,42,3,10,3,4,7,14,1,8,1,6,,44,,1,22,9,121.5682869,25.0341813
111,12,30,22,39,2,04大安區,大安區忠孝東路3段248巷7弄2號,0,0,2,1,C03,6,3,5,30,14,9,1,4,4,5,7,4,4,10,5,5,1,12,2,29,2,8,1,4,7,9,1,10,1,14,,6,,1,22,9,121.5416019,25.0411101
111,12,30,22,39,2,04大安區,大安區忠孝東路3段248巷7弄2號,0,0,2,2,C03,6,3,5,30,14,9,1,4,4,5,7,4,4,10,5,5,1,12,2,44,2,9,1,4,7,9,1,10,1,12,,44,,1,22,9,121.5416019,25.0411101
111,12,30,23,7,2,05中正區,中正區中華路2段411號,0,0,2,1,C03,6,3,5,40,14,9,1,4,4,5,7,4,4,5,4,4,2,2,1,55,2,7,1,1,7,9,1,9,2,11,,23,,1,22,9,121.5083264,25.02581953
111,12,30,23,7,2,05中正區,中正區中華路2段411號,0,0,2,2,H01,6,3,5,40,14,9,1,4,4,5,7,4,4,5,4,4,2,2,2,81,2,9,4,5,8,16,8,20,10,16,,54,,1,22,9,121.5083264,25.02581953
111,12,30,23,17,2,07信義區,信義區松高路11號對面,0,0,1,1,C04,6,3,5,50,14,9,1,4,4,5,7,4,4,10,5,5,2,12,1,47,2,9,1,1,7,9,1,11,1,14,,42,,1,22,9,121.5650202,25.03904451
111,12,30,23,17,2,07信義區,信義區松高路11號對面,0,0,1,2,B01,6,3,5,50,14,9,1,4,4,5,7,4,4,10,5,5,2,12,1,37,3,10,1,1,7,14,1,4,1,6,,42,,1,22,9,121.5650202,25.03904451
111,12,30,23,19,2,02萬華區,萬華區康定路與武昌街2段口,0,0,2,1,C03,8,3,5,50,4,1,1,5,4,5,7,1,1,8,4,4,2,11,1,46,2,9,1,1,7,5,1,10,1,11,,6,,1,22,9,121.5031674,25.0455769
111,12,30,23,19,2,02萬華區,萬華區康定路與武昌街2段口,0,0,2,2,C03,8,3,5,50,4,1,1,5,4,5,7,1,1,8,4,4,2,11,2,27,2,9,1,1,7,9,1,10,1,11,,44,,1,22,9,121.5031674,25.0455769
111,12,31,0,51,2,10文山區,文山區萬壽橋(東往西),0,0,1,1,C03,6,3,5,50,14,9,1,4,4,5,7,4,4,1,3,5,1,13,1,21,3,10,1,1,7,9,1,10,1,12,,23,,1,22,9,121.5717791,24.99180918
111,12,31,0,51,2,10文山區,文山區萬壽橋(東往西),0,0,1,2,H01,6,3,5,50,14,9,1,4,4,5,7,4,4,1,3,5,1,13,1,66,2,8,1,1,7,15,1,10,1,14,,60,,1,22,9,121.5717791,24.99180918
111,12,31,1,31,2,04大安區,大安區復興南路1段348號,0,0,4,1,B01,6,3,5,50,14,9,1,4,4,5,7,4,4,9,4,5,1,12,1,45,4,11,3,4,7,15,7,19,11,15,,44,,2,22,9,121.5435688,25.03577821
111,12,31,1,31,2,04大安區,大安區復興南路1段348號,0,0,4,2,C03,6,3,5,50,14,9,1,4,4,5,7,4,4,9,4,5,1,12,1,30,2,9,1,4,7,9,1,10,2,15,,23,,1,22,9,121.5435688,25.03577821
111,12,31,1,31,2,04大安區,大安區復興南路1段348號,0,0,4,3,C03,6,3,5,50,14,9,1,4,4,5,7,4,4,9,4,5,1,12,1,21,2,9,1,4,7,9,1,10,2,11,,16,,1,22,9,121.5435688,25.03577821
111,12,31,1,31,2,04大安區,大安區復興南路1段348號,0,0,4,4,C03,6,3,5,50,14,9,1,4,4,5,7,4,4,9,4,5,1,12,1,31,2,9,1,4,7,9,1,10,2,15,,23,,1,22,9,121.5435688,25.03577821
111,12,31,1,31,2,04大安區,大安區復興南路1段348號,0,0,4,5,H02,6,3,5,50,14,9,1,4,4,5,7,4,4,9,4,5,1,12,2,20,2,9,4,5,7,20,8,20,10,16,,67,,1,22,9,121.5435688,25.03577821
111,12,31,1,50,2,09北投區,北投區洲美快速道路第26號燈桿前,0,0,1,1,B03,8,3,5,60,10,7,1,5,4,5,7,4,4,1,3,4,1,16,1,40,4,11,3,4,7,10,7,19,11,15,,7,,2,22,9,121.4996267,25.1199875
111,12,31,1,50,2,09北投區,北投區洲美快速道路第26號燈桿前,0,0,1,2,B12,8,3,5,60,10,7,1,5,4,5,7,4,4,1,3,4,1,16,1,40,2,2,3,4,7,9,1,8,1,4,,44,,1,22,9,121.4996267,25.1199875
111,12,31,2,30,2,06松山區,松山區南京東路4段與敦化北路口,0,0,1,1,C03,7,3,5,50,4,1,1,5,4,5,7,1,1,9,4,4,1,12,1,33,2,9,1,4,7,7,1,10,4,14,,7,,1,22,9,121.5491795,25.05191055
111,12,31,2,30,2,06松山區,松山區南京東路4段與敦化北路口,0,0,1,2,B01,7,3,5,50,4,1,1,5,4,5,7,1,1,9,4,4,1,12,1,59,3,10,1,4,7,6,1,8,2,5,,9,,1,22,9,121.5491795,25.05191055
111,12,31,2,33,2,07信義區,信義區松仁路與松仁路215巷口,0,0,1,1,H01,6,3,5,0,14,9,1,4,4,5,7,2,1,9,4,5,2,3,1,62,2,8,4,5,8,16,8,20,10,16,,67,,1,22,9,121.5684314,25.0268105
111,12,31,2,33,2,07信義區,信義區松仁路與松仁路215巷口,0,0,1,2,C03,6,3,5,0,14,9,1,4,4,5,7,2,1,9,4,5,2,3,4,,4,11,3,4,7,15,7,19,11,15,,43,,2,22,9,121.5684314,25.0268105
111,12,31,3,30,2,04大安區,大安區忠孝東路4段205巷與敦化南路1段161巷口,0,0,1,1,B01,6,3,5,30,4,1,1,4,4,5,7,4,4,10,5,5,1,15,1,44,3,10,3,4,7,9,1,4,1,4,,6,,1,22,9,121.551946,25.0434881
111,12,31,3,30,2,04大安區,大安區忠孝東路4段205巷與敦化南路1段161巷口,0,0,1,2,C03,6,3,5,30,4,1,1,4,4,5,7,4,4,10,5,5,1,15,1,18,2,9,1,1,7,9,1,10,1,11,,23,,1,22,9,121.551946,25.0434881
111,12,31,4,51,2,02萬華區,萬華區昆明街與內江街口,0,0,1,1,B01,7,3,5,50,4,1,1,5,4,5,7,1,1,10,4,5,2,3,1,62,3,10,1,4,7,5,1,4,1,1,,15,,1,22,9,121.5045338,25.04157852
111,12,31,4,51,2,02萬華區,萬華區昆明街與內江街口,0,0,1,2,H01,7,3,5,50,4,1,1,5,4,5,7,1,1,10,4,5,2,3,1,29,2,9,1,4,8,16,8,20,10,16,,67,,1,22,9,121.5045338,25.04157852
111,12,31,5,7,2,02萬華區,萬華區富民路95號,0,0,1,1,C03,8,3,5,50,14,9,1,5,4,5,7,4,4,10,5,5,2,10,4,,4,11,1,1,7,9,7,19,11,11,,4,,1,22,9,121.4990191,25.01851956
111,12,31,5,7,2,02萬華區,萬華區富民路95號,0,0,1,2,C03,8,3,5,50,14,9,1,5,4,5,7,4,4,10,5,5,2,10,2,70,2,9,1,1,7,9,4,8,9,11,,44,,1,22,9,121.4990191,25.01851956
111,12,31,5,55,2,05中正區,中正區中山北路1段與北平西路口,0,0,1,1,B01,8,3,5,50,5,1,1,5,4,5,7,2,1,5,4,5,2,16,1,59,3,10,1,1,7,5,1,8,2,1,,25,,1,22,9,121.5202388,25.04729158
111,12,31,5,55,2,05中正區,中正區中山北路1段與北平西路口,0,0,1,2,C03,8,3,5,50,5,1,1,5,4,5,7,2,1,5,4,5,2,16,1,56,2,9,1,1,7,9,1,10,2,11,,13,,1,22,9,121.5202388,25.04729158
111,12,31,7,14,2,02萬華區,萬華區中華路2段416巷與西藏路125巷口,0,0,3,1,C03,7,1,5,50,4,1,1,4,4,5,7,1,1,8,3,5,2,16,1,79,2,9,1,4,7,9,1,10,1,12,,25,,1,22,9,121.5031089,25.0267835
111,12,31,7,14,2,02萬華區,萬華區中華路2段416巷與西藏路125巷口,0,0,3,2,C03,7,1,5,50,4,1,1,4,4,5,7,1,1,8,3,5,2,16,2,72,2,9,1,4,7,9,3,18,1,11,,44,,1,22,9,121.5031089,25.0267835
111,12,31,7,14,2,02萬華區,萬華區中華路2段416巷與西藏路125巷口,0,0,3,3,H02,7,1,5,50,4,1,1,4,4,5,7,1,1,8,3,5,2,16,2,76,2,9,4,5,7,20,8,20,10,16,,67,,1,22,9,121.5031089,25.0267835
111,12,31,7,30,2,01大同區,大同區延平北路2段與民權西路口,0,0,1,1,B12,7,1,5,50,14,9,1,5,4,5,7,2,1,9,5,5,1,16,1,36,3,10,1,1,7,8,1,8,2,5,,7,,1,22,9,121.5112306,25.06307328
111,12,31,7,30,2,01大同區,大同區延平北路2段與民權西路口,0,0,1,2,C03,7,1,5,50,14,9,1,5,4,5,7,2,1,9,5,5,1,16,1,30,2,9,1,1,7,9,1,10,2,14,,44,,1,22,9,121.5112306,25.06307328
111,12,31,7,35,2,10文山區,文山區羅斯福路6段39巷與羅斯福路6段159巷1弄口,0,0,2,1,C03,6,1,5,30,4,2,1,4,4,5,7,4,4,10,5,5,2,17,2,40,2,8,1,1,7,9,1,10,1,11,14,6,,1,22,9,121.5405756,24.999016
111,12,31,7,35,2,10文山區,文山區羅斯福路6段39巷與羅斯福路6段159巷1弄口,0,0,2,2,C03,6,1,5,30,4,2,1,4,4,5,7,4,4,10,5,5,2,17,1,52,2,7,1,1,7,5,1,10,1,11,12,23,,1,22,9,121.5405756,24.999016
111,12,31,8,9,2,05中正區,中正區羅斯福路4段24巷與汀州路3段口口,0,0,1,1,C03,6,1,5,50,4,1,1,4,4,5,7,1,1,5,5,5,1,17,1,61,4,11,3,4,7,21,7,19,11,15,,42,,2,22,9,121.5325747,25.01492318
111,12,31,8,9,2,05中正區,中正區羅斯福路4段24巷與汀州路3段口口,0,0,1,2,C03,6,1,5,50,4,1,1,4,4,5,7,1,1,5,5,5,1,17,2,25,2,9,1,1,7,9,1,10,1,12,,44,,1,22,9,121.5325747,25.01492318
111,12,31,8,37,2,12內湖區,內湖區民權東路6段與舊宗路1段口,0,0,1,1,B03,6,1,5,50,4,1,1,4,4,5,7,2,1,9,4,5,2,16,1,34,3,10,1,1,7,5,1,8,2,5,,6,,1,22,9,121.5752592,25.06565822
111,12,31,8,37,2,12內湖區,內湖區民權東路6段與舊宗路1段口,0,0,1,2,C03,6,1,5,50,4,1,1,4,4,5,7,2,1,9,4,5,2,16,2,31,2,9,1,1,7,9,1,10,2,11,,44,,1,22,9,121.5752592,25.06565822
111,12,31,8,44,2,08士林區,士林區小西街與大南路口,0,0,2,1,C03,7,1,5,30,4,1,1,5,4,5,7,4,4,10,5,5,1,15,1,26,2,7,1,1,7,9,1,10,1,11,,6,,1,22,9,121.5233671,25.0897854
111,12,31,8,44,2,08士林區,士林區小西街與大南路口,0,0,2,2,C03,7,1,5,30,4,1,1,5,4,5,7,4,4,10,5,5,1,15,2,49,2,7,1,1,7,9,1,10,1,11,,14,,1,22,9,121.5233671,25.0897854
111,12,31,8,46,2,07信義區,信義區基隆路2段13號,0,0,1,1,C03,6,1,5,50,14,9,1,4,4,5,7,4,4,1,4,5,2,13,1,29,2,1,3,4,7,9,1,10,2,11,,23,,1,22,9,121.5591676,25.0321838
111,12,31,8,46,2,07信義區,信義區基隆路2段13號,0,0,1,2,B12,6,1,5,50,14,9,1,4,4,5,7,4,4,1,4,5,2,13,1,33,3,10,3,4,7,14,1,8,2,3,,38,,1,22,9,121.5591676,25.0321838
111,12,31,8,46,2,07信義區,信義區基隆路2段13號,0,0,1,3,H03,6,1,5,50,14,9,1,4,4,5,7,4,4,1,4,5,2,13,1,21,3,10,3,4,8,20,8,20,10,16,,67,,1,22,9,121.5591676,25.0321838
111,12,31,9,4,2,09北投區,北投區尊賢街與尊賢街264巷口,0,0,1,1,C03,7,1,5,30,4,2,1,5,4,5,7,4,4,10,5,5,2,10,1,35,3,10,3,4,7,9,1,10,1,11,,5,,1,22,9,121.5071639,25.11741185
111,12,31,9,4,2,09北投區,北投區尊賢街與尊賢街264巷口,0,0,1,2,C03,7,1,5,30,4,2,1,5,4,5,7,4,4,10,5,5,2,10,2,60,2,9,3,4,7,9,1,10,1,11,,44,,1,22,9,121.5071639,25.11741185
111,12,31,9,59,2,03中山區,中山區市民大道3段與八德路2段口,0,0,1,1,B03,6,1,5,40,4,2,1,4,4,5,7,2,1,5,4,1,2,16,1,58,3,10,1,1,7,6,1,8,1,2,,9,,1,22,9,121.5348981,25.04509573
111,12,31,9,59,2,03中山區,中山區市民大道3段與八德路2段口,0,0,1,2,C03,6,1,5,40,4,2,1,4,4,5,7,2,1,5,4,1,2,16,1,54,2,9,1,1,7,9,1,10,1,11,,44,,1,22,9,121.5348981,25.04509573
111,12,31,10,1,2,01大同區,大同區重慶北路1段與長安西路口,0,0,1,1,C03,7,1,5,50,14,9,1,5,4,5,7,2,1,9,5,5,1,12,1,28,2,8,1,1,7,7,1,10,2,13,,7,,1,22,9,121.5139794,25.05151129
111,12,31,10,1,2,01大同區,大同區重慶北路1段與長安西路口,0,0,1,2,B02,7,1,5,50,14,9,1,5,4,5,7,2,1,9,5,5,1,12,1,20,3,10,1,1,7,9,1,8,2,5,,44,,1,22,9,121.5139794,25.05151129