發生年度,發生月,發生日,發生時-Hours,發生分,處理別-編號,區序,肇事地點,死亡人數,2-30日死亡人數,受傷人數,當事人序號,車種,天候,光線,道路類別,速限-速度限制,道路型態,事故位置,路面狀況1,路面狀況2,路面狀況3,道路障礙1,道路障礙2,號誌1,號誌2,車道劃分-分向,車道劃分-分道1,車道劃分-分道2,車道劃分-分道3,事故類型及型態,性別,年齡,受傷程度,主要傷處,安全帽,行動電話,車輛用途,當事者行動狀態,駕駛資格情形,駕駛執照種類,飲酒情形,車輛撞擊部位1,車輛撞擊部位2,肇因碼-個別,肇因碼-主要,個人肇逃否,職業,旅次目的,座標-X,座標-Y
111,12,31,10,1,2,01大同區,大同區重慶北路1段與長安西路口,0,0,1,3,B01,7,1,5,50,14,9,1,5,4,5,7,2,1,9,5,5,1,12,1,65,3,10,1,1,7,6,1,4,2,3,,44,,1,22,9,121.5139794,25.05151129
111,12,31,10,10,2,05中正區,中正區北平東路20號,0,0,1,1,B01,6,1,5,50,14,9,1,4,4,5,7,4,4,5,4,5,2,12,1,59,3,10,1,1,7,11,1,4,2,4,,10,,1,22,9,121.5247224,25.0460983
111,12,31,10,10,2,05中正區,中正區北平東路20號,0,0,1,2,C03,6,1,5,50,14,9,1,4,4,5,7,4,4,5,4,5,2,12,1,26,2,8,1,1,7,9,1,10,2,11,,14,,1,22,9,121.5247224,25.0460983
111,12,31,10,30,2,03中山區,中山區建國北路3段與民權東路3段口,0,0,1,1,B03,6,1,5,50,4,1,1,4,4,5,7,2,1,10,5,5,2,15,1,37,3,10,1,1,7,9,1,8,1,5,,44,,1,22,9,121.5372564,25.0624733
111,12,31,10,30,2,03中山區,中山區建國北路3段與民權東路3段口,0,0,1,2,C03,6,1,5,50,4,1,1,4,4,5,7,2,1,10,5,5,2,15,1,21,2,9,1,1,7,9,1,10,1,14,,25,,1,22,9,121.5372564,25.0624733
111,12,31,10,52,2,03中山區,中山區北安路535-2號,0,0,2,1,C03,7,1,5,50,14,9,1,4,4,5,7,1,1,1,2,1,2,12,1,27,3,10,1,1,7,6,1,10,1,12,,9,,1,22,9,121.547252,25.0800349
111,12,31,10,52,2,03中山區,中山區北安路535-2號,0,0,2,2,C03,7,1,5,50,14,9,1,4,4,5,7,1,1,1,2,1,2,12,1,19,2,8,1,1,7,9,1,10,1,14,,23,,1,22,9,121.547252,25.0800349
111,12,31,10,52,2,03中山區,中山區北安路535-2號,0,0,2,3,H02,7,1,5,50,14,9,1,4,4,5,7,1,1,1,2,1,2,12,2,19,2,7,1,5,7,21,8,20,1,16,,67,,1,22,9,121.547252,25.0800349
111,12,31,11,31,2,01大同區,大同區市民大道1段209號,0,0,1,1,B12,8,1,5,40,3,1,1,5,4,5,7,4,4,1,4,5,2,12,1,34,3,10,1,1,7,1,1,8,1,4,,43,,1,22,9,121.5186571,25.04851913
111,12,31,11,31,2,01大同區,大同區市民大道1段209號,0,0,1,2,,8,1,5,40,3,1,1,5,4,5,7,4,4,1,4,5,2,12,4,,4,11,3,4,7,15,7,19,11,15,,43,,2,22,9,121.5186571,25.04851913
111,12,31,11,31,2,01大同區,大同區市民大道1段209號,0,0,1,3,C03,8,1,5,40,3,1,1,5,4,5,7,4,4,1,4,5,2,12,1,44,2,5,1,1,7,14,1,10,1,11,,43,,1,22,9,121.5186571,25.04851913
111,12,31,12,35,2,05中正區,中正區愛國西路與博愛路口口,0,0,1,1,B12,6,1,5,50,4,1,1,4,4,5,7,1,1,1,4,5,1,17,1,50,3,10,1,1,7,7,1,3,1,10,,7,,1,22,9,121.5107703,25.03546154
111,12,31,12,35,2,05中正區,中正區愛國西路與博愛路口口,0,0,1,2,C03,6,1,5,50,4,1,1,4,4,5,7,1,1,1,4,5,1,17,1,28,2,8,1,1,7,9,1,9,1,14,,42,,1,22,9,121.5107703,25.03546154
111,12,31,12,35,2,05中正區,中正區愛國西路與博愛路口口,0,0,1,3,B01,6,1,5,50,4,1,1,4,4,5,7,1,1,1,4,5,1,17,1,65,3,10,1,1,7,14,1,4,9,10,,26,,1,22,9,121.5107703,25.03546154
111,12,31,12,35,2,09北投區,北投區清江路81號,0,0,3,1,C03,7,1,5,30,14,9,1,5,4,5,7,4,4,10,5,5,2,11,1,70,2,9,1,1,7,9,1,10,2,11,,23,,1,22,9,121.5017607,25.1299495
111,12,31,12,35,2,09北投區,北投區清江路81號,0,0,3,2,C03,7,1,5,30,14,9,1,5,4,5,7,4,4,10,5,5,2,11,2,23,2,9,1,1,7,9,3,18,2,11,,44,,1,22,9,121.5017607,25.1299495
111,12,31,12,35,2,09北投區,北投區清江路81號,0,0,3,3,B11,7,1,5,30,14,9,1,5,4,5,7,4,4,10,5,5,2,11,1,46,3,10,1,1,7,14,1,8,2,15,,44,,1,22,9,121.5017607,25.1299495
111,12,31,12,35,2,09北投區,北投區清江路81號,0,0,3,4,H02,7,1,5,30,14,9,1,5,4,5,7,4,4,10,5,5,2,11,1,58,2,9,4,5,7,20,8,20,10,16,,67,,1,22,9,121.5017607,25.1299495
111,12,31,12,36,2,02萬華區,萬華區西園路2段與寶興街口,0,0,1,1,B03,6,1,5,50,4,1,1,4,4,5,7,2,1,5,4,5,2,16,1,57,3,10,1,4,7,10,1,8,1,5,,23,,1,22,9,121.4936857,25.02696831
111,12,31,12,36,2,02萬華區,萬華區西園路2段與寶興街口,0,0,1,2,F03,6,1,5,50,4,1,1,4,4,5,7,2,1,5,4,5,2,16,2,71,2,9,1,1,7,9,8,20,1,16,,44,,1,22,9,121.4936857,25.02696831
111,12,31,12,36,2,05中正區,中正區青島西路3號,0,0,1,1,C03,7,1,5,50,14,9,1,5,4,5,7,4,4,5,4,5,2,17,2,28,3,10,1,1,7,8,1,10,9,15,,7,,1,22,9,121.5189512,25.0446462
111,12,31,12,36,2,05中正區,中正區青島西路3號,0,0,1,2,C03,7,1,5,50,14,9,1,5,4,5,7,4,4,5,4,5,2,17,1,22,2,9,1,1,7,9,1,10,9,12,,44,,1,22,9,121.5189512,25.0446462
111,12,31,12,38,2,09北投區,北投區天母西路與磺溪便道口口,0,0,1,1,B03,8,1,5,50,3,1,1,5,4,5,7,4,4,5,5,5,2,17,1,63,3,10,1,1,7,5,1,8,1,5,,6,,1,22,9,121.5237208,25.1186901
111,12,31,12,38,2,09北投區,北投區天母西路與磺溪便道口口,0,0,1,2,C03,8,1,5,50,3,1,1,5,4,5,7,4,4,5,5,5,2,17,1,62,2,9,1,1,7,9,1,10,1,11,,23,,1,22,9,121.5237208,25.1186901
111,12,31,12,44,2,02萬華區,萬華區西園路2段140巷48-1號,0,0,1,1,H01,7,1,5,50,14,9,1,4,4,5,7,4,4,5,5,5,2,3,2,91,2,9,4,5,8,16,8,20,10,16,,51,,1,22,9,121.4951814,25.03143106
111,12,31,12,44,2,02萬華區,萬華區西園路2段140巷48-1號,0,0,1,2,B01,7,1,5,50,14,9,1,4,4,5,7,4,4,5,5,5,2,3,1,55,3,10,1,1,7,9,1,4,2,5,,23,,1,22,9,121.4951814,25.03143106
111,12,31,12,50,2,12內湖區,內湖區民權東路6段90巷16弄與民權東路6段90巷口,0,0,1,1,B03,6,1,5,50,4,1,1,4,4,5,7,4,4,10,5,5,2,16,1,72,3,10,1,1,7,9,1,8,1,5,,6,,1,22,9,121.5860452,25.0679821
111,12,31,12,50,2,12內湖區,內湖區民權東路6段90巷16弄與民權東路6段90巷口,0,0,1,2,C03,6,1,5,50,4,1,1,4,4,5,7,4,4,10,5,5,2,16,2,57,2,9,1,1,7,9,1,10,1,14,,23,,1,22,9,121.5860452,25.0679821
111,12,31,12,50,2,12內湖區,內湖區民權東路6段90巷16弄與民權東路6段90巷口,0,0,1,3,B12,6,1,5,50,4,1,1,4,4,5,7,4,4,10,5,5,2,16,1,48,3,10,1,1,7,13,1,8,11,15,,42,,1,22,9,121.5860452,25.0679821
111,12,31,13,5,2,01大同區,大同區承德路2段176號,0,0,1,1,C03,7,1,5,50,14,9,1,5,4,5,7,4,4,1,4,5,2,12,1,31,2,9,1,1,7,7,1,10,1,14,,7,,1,22,9,121.5181861,25.06121867
111,12,31,13,5,2,01大同區,大同區承德路2段176號,0,0,1,2,B01,7,1,5,50,14,9,1,5,4,5,7,4,4,1,4,5,2,12,1,59,3,10,3,4,7,9,1,3,1,2,,44,,1,22,9,121.5181861,25.06121867
111,12,31,13,28,2,04大安區,大安區復興南路2段與復興南路2段12巷口,0,0,1,1,B03,6,1,5,50,3,2,1,4,4,5,7,4,4,1,4,5,2,12,2,49,3,10,1,1,7,6,1,8,1,6,,9,,1,22,9,121.543481,25.0329158
111,12,31,13,28,2,04大安區,大安區復興南路2段與復興南路2段12巷口,0,0,1,2,C03,6,1,5,50,3,2,1,4,4,5,7,4,4,1,4,5,2,12,1,55,2,7,1,1,7,9,1,10,1,11,,44,,1,22,9,121.543481,25.0329158
111,12,31,13,44,2,04大安區,大安區信義路2段198巷與永康街17巷口,0,0,1,1,B03,6,1,5,30,4,1,1,4,4,5,7,4,4,10,5,5,1,15,1,55,3,10,3,1,7,9,1,8,1,1,,6,,1,22,9,121.5307091,25.032376
111,12,31,13,44,2,04大安區,大安區信義路2段198巷與永康街17巷口,0,0,1,2,C03,6,1,5,30,4,1,1,4,4,5,7,4,4,10,5,5,1,15,1,27,3,10,1,1,7,9,1,10,1,12,,14,,1,22,9,121.5307091,25.032376
111,12,31,13,44,2,04大安區,大安區信義路2段198巷與永康街17巷口,0,0,1,3,H02,6,1,5,30,4,1,1,4,4,5,7,4,4,10,5,5,1,15,2,28,2,9,1,5,7,20,8,20,10,16,,67,,1,22,9,121.5307091,25.032376
111,12,31,13,46,2,01大同區,大同區民族西路與民族西路221巷口,0,0,1,1,B03,7,1,5,50,3,1,1,5,4,5,7,4,4,5,5,5,2,16,2,66,3,10,1,1,7,6,1,8,2,2,,9,,1,22,9,121.5131933,25.06869661
111,12,31,13,46,2,01大同區,大同區民族西路與民族西路221巷口,0,0,1,2,C03,7,1,5,50,3,1,1,5,4,5,7,4,4,5,5,5,2,16,1,57,2,8,1,1,7,9,1,10,2,14,,44,,1,22,9,121.5131933,25.06869661
111,12,31,13,46,2,07信義區,信義區松仁路7號,0,0,1,1,C03,6,1,5,50,14,9,1,4,4,5,7,4,4,9,4,5,2,17,1,21,2,9,1,1,7,9,1,10,9,14,,13,,1,22,9,121.5685413,25.039471
111,12,31,13,46,2,07信義區,信義區松仁路7號,0,0,1,2,C03,6,1,5,50,14,9,1,4,4,5,7,4,4,9,4,5,2,17,1,42,4,11,3,4,7,15,7,19,11,15,,26,,2,22,9,121.5685413,25.039471
111,12,31,14,17,2,05中正區,中正區中華路2段與水源路口口,0,0,1,1,B01,6,1,5,50,4,1,1,4,4,5,7,1,1,1,4,5,1,12,1,58,3,10,1,1,7,9,1,3,2,2,,44,,1,22,9,121.5121655,25.02414466
111,12,31,14,17,2,05中正區,中正區中華路2段與水源路口口,0,0,1,2,C04,6,1,5,50,4,1,1,4,4,5,7,1,1,1,4,5,1,12,1,69,2,9,1,1,7,7,1,11,2,14,,7,,1,22,9,121.5121655,25.02414466
111,12,31,15,20,2,05中正區,中正區南昌路1段與重慶南路2段7巷口,0,0,1,1,B01,6,1,5,50,5,1,1,4,4,5,7,4,4,4,4,5,1,15,2,39,3,10,1,1,7,9,1,4,2,8,,26,,1,22,9,121.5149582,25.03431891
111,12,31,15,20,2,05中正區,中正區南昌路1段與重慶南路2段7巷口,0,0,1,2,C03,6,1,5,50,5,1,1,4,4,5,7,4,4,4,4,5,1,15,1,20,2,8,1,1,7,9,1,10,2,11,,13,,1,22,9,121.5149582,25.03431891
111,12,31,15,30,2,02萬華區,萬華區中興橋往台北市機車道下橋路段,0,0,1,1,C03,6,1,7,30,8,11,1,4,4,5,7,4,4,10,5,5,2,12,1,64,3,10,1,1,7,4,1,10,1,12,,23,,1,22,9,121.5002226,25.04310766
111,12,31,15,30,2,02萬華區,萬華區中興橋往台北市機車道下橋路段,0,0,1,2,C03,6,1,7,30,8,11,1,4,4,5,7,4,4,10,5,5,2,12,2,63,2,9,1,1,7,9,4,8,1,14,,44,,1,22,9,121.5002226,25.04310766
111,12,31,15,53,2,02萬華區,萬華區艋舺大道與西園路2段口,0,0,2,1,F01,6,1,5,50,4,2,1,4,4,5,7,2,1,1,4,5,2,12,1,45,2,9,1,1,7,1,8,20,1,16,,19,,1,22,9,121.4979126,25.0328586
111,12,31,15,53,2,02萬華區,萬華區艋舺大道與西園路2段口,0,0,2,2,C03,6,1,5,50,4,2,1,4,4,5,7,2,1,1,4,5,2,12,1,55,2,9,1,1,7,9,1,10,1,12,,44,,1,22,9,121.4979126,25.0328586
111,12,31,15,53,2,02萬華區,萬華區艋舺大道與西園路2段口,0,0,2,3,B02,6,1,5,50,4,2,1,4,4,5,7,2,1,1,4,5,2,12,2,36,3,10,1,1,7,9,1,8,1,2,,44,,1,22,9,121.4979126,25.0328586
111,12,31,17,3,2,04大安區,大安區仁愛路4段與敦化南路1段口,0,0,1,1,B03,6,3,5,50,5,2,1,4,4,5,7,2,1,1,4,5,2,17,1,62,3,10,1,1,7,5,1,8,1,15,,8,,1,22,9,121.5496928,25.03784589
111,12,31,17,3,2,04大安區,大安區仁愛路4段與敦化南路1段口,0,0,1,2,C03,6,3,5,50,5,2,1,4,4,5,7,2,1,1,4,5,2,17,1,41,2,9,1,1,7,9,4,10,1,15,,44,,1,22,9,121.5496928,25.03784589
111,12,31,17,21,2,04大安區,大安區和平東路1段與溫州街口,0,0,1,1,B03,6,3,5,50,3,2,1,4,4,5,7,2,1,1,4,5,2,17,1,76,3,10,1,1,7,6,1,8,2,6,,9,,1,22,9,121.5335921,25.02605868
111,12,31,17,21,2,04大安區,大安區和平東路1段與溫州街口,0,0,1,2,A04,6,3,5,50,3,2,1,4,4,5,7,2,1,1,4,5,2,17,1,40,3,10,1,1,7,9,1,1,2,8,,44,,1,22,9,121.5335921,25.02605868
111,12,31,17,21,2,04大安區,大安區和平東路1段與溫州街口,0,0,1,3,H02,6,3,5,50,3,2,1,4,4,5,7,2,1,1,4,5,2,17,2,75,2,5,4,5,7,21,8,20,10,15,,67,,1,22,9,121.5335921,25.02605868
111,12,31,17,22,2,07信義區,信義區吳興街462號,0,0,3,1,H01,6,3,5,50,14,9,5,4,4,5,7,4,4,10,5,5,2,2,1,39,2,9,4,1,8,16,8,20,1,16,,51,,1,22,9,121.5690253,25.0238406
111,12,31,17,22,2,07信義區,信義區吳興街462號,0,0,3,2,C03,6,3,5,50,14,9,5,4,4,5,7,4,4,10,5,5,2,2,1,28,2,9,1,1,7,9,1,10,2,12,,23,,1,22,9,121.5690253,25.0238406
111,12,31,17,22,2,07信義區,信義區吳興街462號,0,0,3,3,H02,6,3,5,50,14,9,5,4,4,5,7,4,4,10,5,5,2,2,2,28,2,9,1,1,7,20,8,20,1,16,,67,,1,22,9,121.5690253,25.0238406
111,12,31,17,23,2,11南港區,南港區南港路3段102號,0,0,1,1,,6,3,5,50,14,9,1,4,4,5,7,4,4,10,5,5,2,17,4,,4,11,3,4,7,15,7,19,11,15,,43,,2,22,9,121.590573,25.05371923
111,12,31,17,23,2,11南港區,南港區南港路3段102號,0,0,1,2,C03,6,3,5,50,14,9,1,4,4,5,7,4,4,10,5,5,2,17,1,28,2,7,3,4,7,9,1,10,9,12,,44,,1,22,9,121.590573,25.05371923
111,12,31,17,40,2,08士林區,士林區通河東街1段155號,0,0,2,1,C03,8,3,5,30,14,9,1,4,4,5,7,4,4,10,5,5,1,10,1,50,2,9,1,1,7,9,6,18,8,11,,5,,1,22,9,121.5157903,25.08731564
111,12,31,17,40,2,08士林區,士林區通河東街1段155號,0,0,2,2,C03,8,3,5,30,14,9,1,4,4,5,7,4,4,10,5,5,1,10,1,30,2,9,1,1,7,9,1,10,2,11,,13,,1,22,9,121.5157903,25.08731564
111,12,31,18,15,2,12內湖區,內湖區新明路與南京東路6段368巷口,0,0,1,1,B12,6,3,5,50,3,2,1,4,4,5,7,2,1,9,4,5,2,17,1,41,3,10,1,4,7,1,1,8,2,15,,19,,1,22,9,121.5871764,25.05798504
111,12,31,18,15,2,12內湖區,內湖區新明路與南京東路6段368巷口,0,0,1,2,C03,6,3,5,50,3,2,1,4,4,5,7,2,1,9,4,5,2,17,2,59,2,9,1,1,7,9,4,8,2,12,,14,,1,22,9,121.5871764,25.05798504
111,12,31,18,19,2,07信義區,信義區市民大道6段與松隆路329巷口,0,0,1,1,B01,6,3,5,40,3,2,1,4,4,5,7,1,1,7,4,5,2,12,1,64,3,10,1,1,7,8,1,4,2,8,,7,,1,22,9,121.57921,25.0488884
111,12,31,18,19,2,07信義區,信義區市民大道6段與松隆路329巷口,0,0,1,2,C03,6,3,5,40,3,2,1,4,4,5,7,1,1,7,4,5,2,12,1,22,2,9,1,1,7,9,1,10,2,14,,13,,1,22,9,121.57921,25.0488884
111,12,31,18,30,2,12內湖區,內湖區內湖路3段59巷與內湖路3段口,0,0,1,1,B12,6,3,5,30,5,2,1,4,4,5,7,2,1,5,5,5,2,12,1,60,3,10,1,1,7,5,1,8,1,8,,6,,1,22,9,121.5921246,25.08616714
111,12,31,18,30,2,12內湖區,內湖區內湖路3段59巷與內湖路3段口,0,0,1,2,F01,6,3,5,30,5,2,1,4,4,5,7,2,1,5,5,5,2,12,1,75,2,9,1,1,7,5,8,20,1,16,,25,,1,22,9,121.5921246,25.08616714
111,12,31,19,1,2,07信義區,信義區吳興街269巷1弄,0,0,2,1,C03,6,3,5,30,14,9,1,4,4,5,7,4,4,9,5,5,2,1,2,53,2,8,1,1,7,9,1,10,2,11,,23,,1,22,9,121.563905,25.0277899
111,12,31,19,1,2,07信義區,信義區吳興街269巷1弄,0,0,2,2,H01,6,3,5,30,14,9,1,4,4,5,7,4,4,9,5,5,2,1,2,79,2,9,4,5,8,16,8,20,10,16,,67,,1,22,9,121.563905,25.0277899
111,12,31,19,15,2,09北投區,北投區承德路7段92停車格,0,0,1,1,C03,8,1,5,60,14,9,1,5,4,5,7,4,4,1,4,5,2,17,1,40,2,9,3,4,7,9,1,10,1,12,,43,,1,22,9,121.5062624,25.11497236
111,12,31,19,15,2,09北投區,北投區承德路7段92停車格,0,0,1,2,B03,8,1,5,60,14,9,1,5,4,5,7,4,4,1,4,5,2,17,4,,4,11,3,4,7,13,7,19,11,15,,44,,2,22,9,121.5062624,25.11497236
111,12,31,19,22,2,10文山區,文山區指南路3段14巷與指南路3段22巷口路邊5號停車格旁,0,0,1,1,C03,6,3,5,30,14,9,1,4,4,5,7,4,4,10,5,5,2,1,1,56,3,10,1,1,7,9,1,10,2,11,,42,,1,22,9,121.5789072,24.98397604
111,12,31,19,22,2,10文山區,文山區指南路3段14巷與指南路3段22巷口路邊5號停車格旁,0,0,1,2,H01,6,3,5,30,14,9,1,4,4,5,7,4,4,10,5,5,2,1,2,67,2,9,4,5,8,16,8,20,10,16,,67,,1,22,9,121.5789072,24.98397604
111,12,31,20,0,2,03中山區,中山區建國北路1段與長安東路2段口,0,0,1,1,C03,6,3,5,50,4,1,1,4,4,5,7,1,1,1,4,5,2,16,1,38,2,7,1,4,7,8,1,10,1,12,,17,,1,22,9,121.5369558,25.04837333
111,12,31,20,0,2,03中山區,中山區建國北路1段與長安東路2段口,0,0,1,2,B03,6,3,5,50,4,1,1,4,4,5,7,1,1,1,4,5,2,16,1,43,3,10,3,4,7,7,1,8,1,4,,17,,1,22,9,121.5369558,25.04837333
111,12,31,20,0,2,12內湖區,內湖區內湖路2段62號,0,0,2,1,C03,6,3,5,50,14,9,1,4,4,5,7,4,4,5,5,5,1,3,1,31,2,9,1,1,7,9,1,10,1,14,,23,,1,22,9,121.5806322,25.07912537
111,12,31,20,0,2,12內湖區,內湖區內湖路2段62號,0,0,2,2,H01,6,3,5,50,14,9,1,4,4,5,7,4,4,5,5,5,1,3,1,70,2,7,4,5,8,16,8,20,10,16,,51,,1,22,9,121.5806322,25.07912537
111,12,31,20,8,2,05中正區,中正區南昌路2段與羅斯福路2段174巷口,0,0,2,1,C03,6,3,5,50,3,2,1,4,4,5,7,4,4,9,4,5,2,3,1,38,2,7,1,1,7,9,1,10,2,11,,15,,1,22,9,121.5232138,25.02514797
111,12,31,20,8,2,05中正區,中正區南昌路2段與羅斯福路2段174巷口,0,0,2,2,H01,6,3,5,50,3,2,1,4,4,5,7,4,4,9,4,5,2,3,2,34,2,9,4,5,8,16,8,20,10,16,,67,,1,22,9,121.5232138,25.02514797
111,12,31,20,9,2,06松山區,松山區八德路4段777號(松河街上),0,0,1,1,C03,6,3,5,50,14,9,1,4,4,5,7,4,4,9,4,5,2,16,1,43,3,10,1,1,7,1,6,9,9,11,,19,,1,22,9,121.5780836,25.05172284
111,12,31,20,9,2,06松山區,松山區八德路4段777號(松河街上),0,0,1,2,C03,6,3,5,50,14,9,1,4,4,5,7,4,4,9,4,5,2,16,1,27,2,9,1,1,7,9,1,10,9,11,,44,,1,22,9,121.5780836,25.05172284
111,12,31,20,20,2,01大同區,大同區哈密街45巷與哈密街23巷口,0,0,1,1,B03,7,3,5,30,4,2,1,5,4,5,7,4,4,10,5,5,1,9,1,71,3,10,3,4,7,6,1,8,1,2,,17,,1,22,9,121.5174301,25.0746064
111,12,31,20,20,2,01大同區,大同區哈密街45巷與哈密街23巷口,0,0,1,2,H01,7,3,5,30,4,2,1,5,4,5,7,4,4,10,5,5,1,9,2,63,2,8,4,5,8,17,8,20,10,16,,59,,1,22,9,121.5174301,25.0746064
111,12,31,20,20,2,07信義區,信義區吳興街與吳興街281巷口,0,0,1,1,B01,8,3,5,30,3,1,1,4,4,5,7,4,4,5,5,5,2,17,1,53,3,10,3,1,7,9,1,4,1,1,,6,,1,22,9,121.565941,25.0265034
111,12,31,20,20,2,07信義區,信義區吳興街與吳興街281巷口,0,0,1,2,C03,8,3,5,30,3,1,1,4,4,5,7,4,4,5,5,5,2,17,1,27,2,8,1,1,7,5,1,10,1,11,,44,,1,22,9,121.565941,25.0265034
111,12,31,20,41,2,05中正區,中正區忠孝東路2段與臨沂街口,0,0,1,1,B01,6,3,5,50,4,1,1,4,4,5,7,2,1,1,4,5,1,3,1,62,3,10,1,1,7,5,1,4,2,8,,15,,1,22,9,121.5306526,25.0429556
111,12,31,20,41,2,05中正區,中正區忠孝東路2段與臨沂街口,0,0,1,2,H01,6,3,5,50,4,1,1,4,4,5,7,2,1,1,4,5,1,3,2,29,2,9,4,5,8,16,8,20,10,16,,67,,1,22,9,121.5306526,25.0429556
111,12,31,21,6,2,08士林區,士林區通河西街2段堤外台北花卉村,0,0,1,1,B03,7,3,5,30,14,9,1,5,4,5,7,3,1,10,5,5,2,17,2,61,3,10,1,1,7,1,1,8,1,5,,19,,1,22,9,121.5004092,25.0951868
111,12,31,21,6,2,08士林區,士林區通河西街2段堤外台北花卉村,0,0,1,2,C03,7,3,5,30,14,9,1,5,4,5,7,3,1,10,5,5,2,17,1,26,2,9,1,1,7,9,1,10,1,12,,13,,1,22,9,121.5004092,25.0951868
111,12,31,22,0,2,04大安區,大安區安東街與安東街35巷口口,0,0,2,1,C03,6,3,5,30,4,1,1,4,4,5,7,4,4,10,5,5,2,3,1,29,2,8,3,4,7,9,1,10,1,11,,23,,1,22,9,121.5422352,25.04404615
111,12,31,22,0,2,04大安區,大安區安東街與安東街35巷口口,0,0,2,2,H01,6,3,5,30,4,1,1,4,4,5,7,4,4,10,5,5,2,3,2,61,2,9,4,5,8,16,8,20,10,16,,67,,1,22,9,121.5422352,25.04404615
111,12,31,22,25,2,03中山區,中山區天祥路與撫順街口,0,0,1,1,C03,6,3,5,50,4,1,1,4,4,5,7,4,4,4,5,5,2,15,1,54,3,10,3,4,7,9,1,10,1,11,,6,,1,22,9,121.5207417,25.0636417
111,12,31,22,25,2,03中山區,中山區天祥路與撫順街口,0,0,1,2,C03,6,3,5,50,4,1,1,4,4,5,7,4,4,4,5,5,2,15,1,19,2,9,3,4,7,9,1,10,1,15,,6,,1,22,9,121.5207417,25.0636417
111,12,31,22,28,2,02萬華區,萬華區萬大路534巷與萬大路口,0,0,1,2,C03,6,3,5,50,3,1,1,4,4,5,7,4,4,10,4,5,1,17,2,26,2,9,1,1,7,6,1,10,2,13,,44,,1,22,9,121.4967042,25.0186057
111,12,31,22,28,2,02萬華區,萬華區萬大路534巷與萬大路口,0,0,1,1,B03,6,3,5,50,3,1,1,4,4,5,7,4,4,10,4,5,1,17,1,20,3,10,1,1,7,9,1,8,2,1,,16,,1,22,9,121.4967042,25.0186057
111,12,31,22,42,2,10文山區,文山區興隆路3段233號,0,0,1,1,B01,6,3,5,50,14,9,1,4,4,5,7,4,4,1,4,5,2,17,1,36,3,10,1,1,7,8,1,4,2,6,,7,,1,22,9,121.5591523,24.9934382
111,12,31,22,42,2,10文山區,文山區興隆路3段233號,0,0,1,2,C03,6,3,5,50,14,9,1,4,4,5,7,4,4,1,4,5,2,17,1,20,2,9,1,1,7,9,1,10,2,12,,44,,1,22,9,121.5591523,24.9934382
111,12,31,23,15,2,03中山區,中山區市民大道2段與林森北路口,0,0,1,1,B03,6,3,5,50,4,1,1,4,4,5,7,2,1,5,4,5,2,16,1,26,3,10,3,4,7,11,1,8,2,4,,10,,1,22,9,121.5242672,25.04794177
111,12,31,23,15,2,03中山區,中山區市民大道2段與林森北路口,0,0,1,2,C03,6,3,5,50,4,1,1,4,4,5,7,2,1,5,4,5,2,16,1,20,2,7,3,4,7,9,1,10,2,11,,42,,1,22,9,121.5242672,25.04794177
111,12,31,23,15,2,04大安區,大安區信義路4段與安和路2段口,0,0,1,1,B03,6,3,5,50,4,2,1,4,4,5,7,2,1,3,2,4,2,3,1,27,3,10,1,1,7,9,1,8,1,1,,15,,1,22,9,121.5524326,25.0330154
111,12,31,23,15,2,04大安區,大安區信義路4段與安和路2段口,0,0,1,2,H01,6,3,5,50,4,2,1,4,4,5,7,2,1,3,2,4,2,3,2,28,2,9,4,5,8,16,8,20,10,16,,67,,1,22,9,121.5524326,25.0330154
111,12,31,23,30,2,12內湖區,內湖區內湖路1段91巷24弄與內湖路1段203巷口,0,0,1,1,C03,6,3,5,30,4,1,1,4,4,5,7,4,4,10,5,5,2,16,1,58,2,9,1,1,7,9,1,10,1,12,,6,,1,22,9,121.5634929,25.08460369
111,12,31,23,30,2,12內湖區,內湖區內湖路1段91巷24弄與內湖路1段203巷口,0,0,1,2,B03,6,3,5,30,4,1,1,4,4,5,7,4,4,10,5,5,2,16,1,60,3,10,1,1,7,9,1,8,1,1,,23,,1,22,9,121.5634929,25.08460369
111,12,31,23,39,2,05中正區,中正區中華路1段9巷與中華路1段口,0,0,1,2,G06,6,3,5,50,4,1,1,4,4,5,7,2,1,1,4,5,2,12,4,,4,11,3,4,7,15,7,19,11,15,,43,,2,22,9,121.5098533,25.0469739
111,12,31,23,39,2,05中正區,中正區中華路1段9巷與中華路1段口,0,0,1,1,C03,6,3,5,50,4,1,1,4,4,5,7,2,1,1,4,5,2,12,1,56,2,9,1,1,7,9,1,10,2,14,,44,,1,22,9,121.5098533,25.0469739
111,12,31,23,50,2,11南港區,南港區忠孝東路6段66號與忠孝東路6段口,0,0,1,1,C03,6,3,5,30,3,2,1,4,4,5,7,4,4,10,5,5,2,17,2,56,2,9,1,1,7,9,4,11,1,14,,4,,1,22,9,121.5835449,25.04622463
111,12,31,23,50,2,11南港區,南港區忠孝東路6段66號與忠孝東路6段口,0,0,1,2,B03,6,3,5,30,3,2,1,4,4,5,7,4,4,10,5,5,2,17,1,25,3,10,1,1,7,9,1,8,1,1,,23,,1,22,9,121.5835449,25.04622463